Date,Open,High,Low,Close,Volume,Dividends,Stock Splits,Capital Gains
2009-08-19 00:00:00-04:00,11.875447026853474,12.126052450040586,11.851195137820415,12.045211791992188,0,0.0,0.0,0.0
2009-08-20 00:00:00-04:00,12.198808921900234,12.328153358373203,12.166472812781992,12.263481140136719,0,0.0,0.0,0.0
2009-08-21 00:00:00-04:00,12.46557950924948,13.047629356384277,12.46557950924948,13.047629356384277,0,0.0,0.0,0.0
2009-08-24 00:00:00-04:00,13.039545248555891,13.039545248555891,12.530251820732929,12.619175910949707,0,0.0,0.0,0.0
2009-08-25 00:00:00-04:00,12.853615509880758,12.934456169320477,12.78894329071045,12.78894329071045,0,0.0,0.0,0.0
2009-08-26 00:00:00-04:00,12.73235403547195,12.73235403547195,12.530253177766046,12.700017929077148,10500,0.0,0.0,0.0
2009-08-27 00:00:00-04:00,12.594925390555648,12.83744657399345,12.465580964976445,12.700017929077148,6800,0.0,0.0,0.0
2009-08-28 00:00:00-04:00,13.03954679250132,13.079967889595235,11.471244460076479,12.732354164123535,30700,0.0,0.0,0.0
2009-08-31 00:00:00-04:00,12.603009455198846,12.683849334716797,12.069463320756773,12.683849334716797,7700,0.0,0.0,0.0
2009-09-01 00:00:00-04:00,12.530253632863364,12.530253632863364,12.126051902770996,12.126051902770996,4300,0.0,0.0,0.0
2009-09-02 00:00:00-04:00,12.126052029909102,12.158388137817383,11.68951418767052,12.158388137817383,2500,0.0,0.0,0.0
2009-09-03 00:00:00-04:00,12.311984457643302,12.311984457643302,12.158388137817383,12.158388137817383,1100,0.0,0.0,0.0
2009-09-04 00:00:00-04:00,12.21497551324003,12.675765991210938,12.21497551324003,12.675765991210938,6600,0.0,0.0,0.0
2009-09-08 00:00:00-04:00,13.104218636725497,13.104218636725497,12.869782447814941,12.869782447814941,3100,0.0,0.0,0.0
2009-09-09 00:00:00-04:00,13.015293683987467,13.185057640075684,13.015293683987467,13.185057640075684,3800,0.0,0.0,0.0
2009-09-10 00:00:00-04:00,12.999127950374385,13.160809263804593,12.999127950374385,13.096137046813965,1700,0.0,0.0,0.0
2009-09-11 00:00:00-04:00,13.370995424759625,13.370995424759625,13.088053874562823,13.144641876220703,2400,0.0,0.0,0.0
2009-09-14 00:00:00-04:00,13.12038883086548,13.185061051140748,13.007212830860599,13.104220390319824,6300,0.0,0.0,0.0
2009-09-15 00:00:00-04:00,13.088052153352686,13.201228141784668,12.869782854027692,13.201228141784668,2400,0.0,0.0,0.0
2009-09-16 00:00:00-04:00,13.298236871252646,13.338656425476074,13.298236871252646,13.338656425476074,800,0.0,0.0,0.0
2009-09-17 00:00:00-04:00,13.33865770829822,13.427582586430546,13.33865770829822,13.41141414642334,4500,0.0,0.0,0.0
2009-09-18 00:00:00-04:00,13.540758835846848,13.540758835846848,13.37907751656634,13.476086616516113,3900,0.0,0.0,0.0
2009-09-21 00:00:00-04:00,13.370994335883513,13.403329673380163,13.185060363125478,13.346741676330566,1900,0.0,0.0,0.0
2009-09-22 00:00:00-04:00,13.597345663061649,13.629682540893555,13.540757668763016,13.629682540893555,1500,0.0,0.0,0.0
2009-09-23 00:00:00-04:00,13.573095716465884,13.621599495487104,13.419498617340135,13.476086616516113,2000,0.0,0.0,0.0
2009-09-24 00:00:00-04:00,13.427582351629342,13.427582351629342,12.934455733383757,13.096137046813965,21000,0.0,0.0,0.0
2009-09-25 00:00:00-04:00,13.14463971029003,13.19314348344629,12.934454637403366,13.079967498779297,11800,0.0,0.0,0.0
2009-09-28 00:00:00-04:00,13.112304370107385,13.257817248534808,13.071884811391913,13.217397689819336,10300,0.0,0.0,0.0
2009-09-29 00:00:00-04:00,13.176973578127177,13.176973578127177,12.788940352261712,12.99104118347168,8800,0.0,0.0,0.0
2009-09-30 00:00:00-04:00,13.14463973490867,13.193143508155774,12.934454661628351,13.120387077331543,1800,0.0,0.0,0.0
2009-10-01 00:00:00-04:00,13.015294486843521,13.015294486843521,12.691932678222656,12.691932678222656,19500,0.0,0.0,0.0
2009-10-02 00:00:00-04:00,12.166471239794038,12.611093260900486,12.166471239794038,12.54642105102539,12700,0.0,0.0,0.0
2009-10-05 00:00:00-04:00,12.36857046007572,12.837444305419922,12.352402024258735,12.837444305419922,8900,0.0,0.0,0.0
2009-10-06 00:00:00-04:00,13.01529641105198,13.136556625366211,13.01529641105198,13.136556625366211,11500,0.0,0.0,0.0
2009-10-07 00:00:00-04:00,12.97487431642622,12.97487431642622,12.514084612233061,12.918286323547363,5600,0.0,0.0,0.0
2009-10-08 00:00:00-04:00,13.023379788878628,13.136555776000023,12.934454917907715,12.934454917907715,5900,0.0,0.0,0.0
2009-10-09 00:00:00-04:00,13.063799858093262,13.176975849670718,13.063799858093262,13.063799858093262,3100,0.0,0.0,0.0
2009-10-12 00:00:00-04:00,13.25781554225383,13.314403533935547,13.217395988740355,13.314403533935547,2500,0.0,0.0,0.0
2009-10-13 00:00:00-04:00,13.201227782446397,13.338656425476074,13.176975124768045,13.338656425476074,7100,0.0,0.0,0.0
2009-10-14 00:00:00-04:00,13.508419585968465,13.59734445016683,13.314402962005085,13.565009117126465,3300,0.0,0.0,0.0
2009-10-15 00:00:00-04:00,13.573094934198572,13.573094934198572,13.427582063614024,13.532673835754395,2400,0.0,0.0,0.0
2009-10-16 00:00:00-04:00,13.540755881926646,13.540755881926646,13.185057982249539,13.467999458312988,3000,0.0,0.0,0.0
2009-10-19 00:00:00-04:00,13.540757203817694,13.67818584607004,13.540757203817694,13.5811767578125,3500,0.0,0.0,0.0
2009-10-20 00:00:00-04:00,13.605428800428166,13.70243788430118,13.605428800428166,13.653932571411133,2500,0.0,0.0,0.0
2009-10-21 00:00:00-04:00,13.62159773025194,13.742857933044434,13.62159773025194,13.742857933044434,1300,0.0,0.0,0.0
2009-10-22 00:00:00-04:00,13.605429912145926,13.710521681514058,13.338656837080602,13.4194974899292,3600,0.0,0.0,0.0
2009-10-23 00:00:00-04:00,13.734771686702206,13.75094012253,13.354822696190483,13.484167098999023,2800,0.0,0.0,0.0
2009-10-26 00:00:00-04:00,13.645847748751411,13.645847748751411,13.306318283081055,13.306318283081055,400,0.0,0.0,0.0
2009-10-27 00:00:00-04:00,13.354824808188988,13.362909027381365,12.982958434875455,13.120387077331543,7600,0.0,0.0,0.0
2009-10-28 00:00:00-04:00,13.088053757991972,13.144641759145843,12.87786865234375,12.87786865234375,6600,0.0,0.0,0.0
2009-10-29 00:00:00-04:00,13.152723777974517,13.370993067524394,12.885949944873479,13.314403533935547,9000,0.0,0.0,0.0
2009-10-30 00:00:00-04:00,13.273984028826348,13.290152467053549,13.031463623046875,13.031463623046875,4600,0.0,0.0,0.0
2009-11-02 00:00:00-05:00,12.942539570007535,13.096136659027378,12.877867354931901,13.055715560913086,1100,0.0,0.0,0.0
2009-11-03 00:00:00-05:00,12.821278804346226,12.86978335194624,12.522169611848108,12.845531463623047,3800,0.0,0.0,0.0
2009-11-04 00:00:00-05:00,13.07188438722725,13.112303944631163,13.07188438722725,13.096137046813965,800,0.0,0.0,0.0
2009-11-05 00:00:00-05:00,13.120387972608334,13.314404620742733,13.120387972608334,13.290153503417969,3000,0.0,0.0,0.0
2009-11-06 00:00:00-05:00,13.209313469694777,13.217397689819336,12.732355275697032,13.217397689819336,1400,0.0,0.0,0.0
2009-11-09 00:00:00-05:00,13.629681030958173,13.823697650734282,13.613512593833406,13.783276557922363,8000,0.0,0.0,0.0
2009-11-10 00:00:00-05:00,13.637767831736445,13.718606948852539,13.637767831736445,13.718606948852539,1000,0.0,0.0,0.0
2009-11-11 00:00:00-05:00,13.944960594177248,13.944960594177248,13.896456815148944,13.944960594177246,3200,0.0,0.0,0.0
2009-11-12 00:00:00-05:00,13.742856793608432,13.742856793608432,13.68626880645752,13.68626880645752,2800,0.0,0.0,0.0
2009-11-13 00:00:00-05:00,13.734771995748936,13.799444198608398,13.726687777653135,13.799444198608398,4700,0.0,0.0,0.0
2009-11-16 00:00:00-05:00,14.041970637366962,14.041970637366962,13.775197521930643,13.904541969299316,3800,0.0,0.0,0.0
2009-11-17 00:00:00-05:00,13.88028685878126,13.88028685878126,13.759026653501321,13.847949981689453,1700,0.0,0.0,0.0
2009-11-18 00:00:00-05:00,13.92879086718688,13.944959306005192,13.856034434411669,13.87220287322998,1700,0.0,0.0,0.0
2009-11-19 00:00:00-05:00,13.742856417438277,13.742856417438277,13.467999165736956,13.573092460632324,2000,0.0,0.0,0.0
2009-11-20 00:00:00-05:00,13.573092832155691,13.68626880645752,13.573092832155691,13.68626880645752,3700,0.0,0.0,0.0
2009-11-23 00:00:00-05:00,13.961126706161005,13.961126706161005,13.864117622375488,13.864117622375488,300,0.0,0.0,0.0
2009-11-24 00:00:00-05:00,13.880285582751526,13.880285582751526,13.68626896375835,13.702437400817871,3000,0.0,0.0,0.0
2009-11-25 00:00:00-05:00,13.856034200962405,13.864118420235357,13.839867304323668,13.847949981689453,600,0.0,0.0,0.0
2009-11-27 00:00:00-05:00,13.459915676081216,13.540756320705645,13.128470420837402,13.128470420837402,4900,0.0,0.0,0.0
2009-11-30 00:00:00-05:00,13.168892548064317,13.451832513604394,13.128471451624899,13.387160301208496,5500,0.0,0.0,0.0
2009-12-01 00:00:00-05:00,13.702438094002135,13.71052077103376,13.273983741692167,13.637765884399414,2900,0.0,0.0,0.0
2009-12-02 00:00:00-05:00,13.597344789705774,13.64584856143104,13.597344789705774,13.637765884399414,2400,0.0,0.0,0.0
2009-12-03 00:00:00-05:00,13.807529213609515,13.864117201639168,13.556924605803752,13.783276557922363,3600,0.0,0.0,0.0
2009-12-04 00:00:00-05:00,13.59734421385341,13.783276615848543,13.370992260783522,13.540756225585938,3300,0.0,0.0,0.0
2009-12-07 00:00:00-05:00,13.516504883100305,13.516504883100305,13.395244676187003,13.403328895568848,700,0.0,0.0,0.0
2009-12-08 00:00:00-05:00,13.395245453529181,13.411413893231146,13.346741676330566,13.346741676330566,2800,0.0,0.0,0.0
2009-12-09 00:00:00-05:00,13.176975771441494,13.257816425762845,12.934455350384676,13.055715560913086,5500,0.0,0.0,0.0
2009-12-10 00:00:00-05:00,13.217397067629163,13.290153503417969,13.09613685528357,13.290153503417969,2200,0.0,0.0,0.0
2009-12-11 00:00:00-05:00,13.168890798260051,13.362907409667969,12.93445309578363,13.362907409667969,3200,0.0,0.0,0.0
2009-12-14 00:00:00-05:00,13.362907409667969,13.362907409667969,13.362907409667969,13.362907409667969,200,0.0,0.0,0.0
2009-12-15 00:00:00-05:00,13.298235629017256,13.298235629017256,13.104217469528686,13.233563423156738,1300,0.0,0.0,0.0
2009-12-16 00:00:00-05:00,13.403329050978039,13.4194974899292,13.241647745280845,13.4194974899292,1800,0.0,0.0,0.0
2009-12-17 00:00:00-05:00,13.20122642203775,13.20122642203775,12.853612740672679,13.047629356384277,2300,0.0,0.0,0.0
2009-12-18 00:00:00-05:00,12.99912604948339,12.99912604948339,12.392823525641987,12.691932678222656,11600,0.0,0.0,0.0
2009-12-21 00:00:00-05:00,12.748522222048408,13.088051717956533,12.748522222048408,13.079967498779297,1900,0.0,0.0,0.0
2009-12-22 00:00:00-05:00,13.096136221144434,13.096136221144434,12.797026272728658,12.934454917907715,3900,0.0,0.0,0.0
2009-12-23 00:00:00-05:00,13.128471785934613,13.209312438964844,12.894034817291265,13.209312438964844,2100,0.0,0.0,0.0
2009-12-24 00:00:00-05:00,13.176976616345023,13.176976616345023,12.61917853281344,12.966793060302734,5200,0.0,0.0,0.0
2009-12-28 00:00:00-05:00,13.257816244771488,13.330572678476734,12.999127388000488,12.999127388000488,2100,0.0,0.0,0.0
2009-12-29 00:00:00-05:00,13.370993302380542,13.370993302380542,13.338656425476074,13.338656425476074,700,0.0,0.0,0.0
2009-12-30 00:00:00-05:00,13.306320400998727,13.306320400998727,13.273985063929954,13.290153503417969,600,0.0,0.0,0.0
2009-12-31 00:00:00-05:00,13.443747492096675,13.443747492096675,12.934454042608095,12.942538261413574,30600,0.0,0.0,0.0
2010-01-04 00:00:00-05:00,13.411411577939809,13.82369746772088,13.403327359484452,13.51650333404541,14300,0.0,0.0,0.0
2010-01-05 00:00:00-05:00,13.71860653803208,13.82369985418757,13.346741676330566,13.346741676330566,11300,0.0,0.0,0.0
2010-01-06 00:00:00-05:00,13.57309449239736,13.662017822265625,13.346740974199458,13.662017822265625,2500,0.0,0.0,0.0
2010-01-07 00:00:00-05:00,13.645847976756793,13.750941276550293,13.104217666325699,13.750941276550293,14200,0.0,0.0,0.0
2010-01-08 00:00:00-05:00,13.74285929400217,13.896456388433881,13.74285929400217,13.823699951171875,2600,0.0,0.0,0.0
2010-01-11 00:00:00-05:00,14.090473956937624,14.090473956937624,13.953045293382987,14.033885955810547,5000,0.0,0.0,0.0
2010-01-12 00:00:00-05:00,13.86411890920732,13.993463338322043,13.726690260534525,13.936875343322754,7400,0.0,0.0,0.0
2010-01-13 00:00:00-05:00,13.872200202059068,13.928788185119629,13.823696436851,13.928788185119629,3100,0.0,0.0,0.0
2010-01-14 00:00:00-05:00,14.147058736133179,14.147058736133179,13.750941276550293,13.750941276550293,1600,0.0,0.0,0.0
2010-01-15 00:00:00-05:00,13.79136338778288,13.912623605364344,13.718606948852539,13.718606948852539,3900,0.0,0.0,0.0
2010-01-19 00:00:00-05:00,13.718604480537849,13.856033113578665,13.718604480537849,13.759025573730469,7200,0.0,0.0,0.0
2010-01-20 00:00:00-05:00,13.451832825924313,13.54884191772407,13.354825276031763,13.4194974899292,8000,0.0,0.0,0.0
2010-01-21 00:00:00-05:00,13.419496078342485,13.419496078342485,12.748521351520713,12.894033432006836,15500,0.0,0.0,0.0
2010-01-22 00:00:00-05:00,13.055714967070513,13.338656473371957,12.813194557044797,12.918286323547363,153300,0.0,0.0,0.0
2010-01-25 00:00:00-05:00,12.958709314809587,13.144641759145843,12.554506773434092,12.87786865234375,15000,0.0,0.0,0.0
2010-01-26 00:00:00-05:00,12.869782959614987,13.104219157848503,12.869782959614987,12.999127388000488,5300,0.0,0.0,0.0
2010-01-27 00:00:00-05:00,13.039547341162205,13.039547341162205,12.441329727119594,12.845531463623047,6800,0.0,0.0,0.0
2010-01-28 00:00:00-05:00,13.088052681720436,13.088052681720436,12.691934393356311,12.885951042175293,2400,0.0,0.0,0.0
2010-01-29 00:00:00-05:00,13.015295569526074,13.071883563086772,12.934454917907715,12.934454917907715,71200,0.0,0.0,0.0
2010-02-01 00:00:00-05:00,13.160806998825276,13.26589875513349,13.160806998825276,13.233563423156738,1200,0.0,0.0,0.0
2010-02-02 00:00:00-05:00,13.45183435300946,13.45183435300946,13.241649248505263,13.379077911376953,5200,0.0,0.0,0.0
2010-02-03 00:00:00-05:00,13.41949684012199,13.41949684012199,13.282068199506194,13.314403533935547,20100,0.0,0.0,0.0
2010-02-04 00:00:00-05:00,13.03146457033571,13.055715687532249,12.554505630358356,12.603010177612305,5400,0.0,0.0,0.0
2010-02-05 00:00:00-05:00,12.53833601401771,12.570672116845564,12.166470446020648,12.368571281433105,7700,0.0,0.0,0.0
2010-02-08 00:00:00-05:00,12.328153190207829,12.530254062178448,11.932035666174286,12.441329956054688,8200,0.0,0.0,0.0
2010-02-09 00:00:00-05:00,12.578756691745143,12.958706488954483,12.5302521506521,12.902117729187012,11500,0.0,0.0,0.0
2010-02-10 00:00:00-05:00,12.530253692683853,12.635346235524024,12.530253692683853,12.578758239746094,3400,0.0,0.0,0.0
2010-02-11 00:00:00-05:00,12.603008922342,12.877866197179904,12.56258859881521,12.764689445495605,4600,0.0,0.0,0.0
2010-02-12 00:00:00-05:00,12.667681642878025,12.667681642878025,12.449412349596027,12.64342975616455,1300,0.0,0.0,0.0
2010-02-16 00:00:00-05:00,12.489832506739157,13.031463623046875,12.449412182124721,13.031463623046875,12200,0.0,0.0,0.0
2010-02-17 00:00:00-05:00,12.926369535554144,13.01529439852438,12.594924281455862,12.894033432006836,6300,0.0,0.0,0.0
2010-02-18 00:00:00-05:00,12.78894189927936,12.9425389813128,12.675765913521648,12.918286323547363,4000,0.0,0.0,0.0
2010-02-19 00:00:00-05:00,12.72426999514004,12.877867080891344,12.570673680342338,12.756606101989746,5000,0.0,0.0,0.0
2010-02-22 00:00:00-05:00,13.055715460638046,13.055715460638046,12.99104324605913,13.007211685180664,2300,0.0,0.0,0.0
2010-02-23 00:00:00-05:00,12.86169848564191,12.974874472763304,12.788942053376104,12.934454917907715,5700,0.0,0.0,0.0
2010-02-24 00:00:00-05:00,12.910201658278428,12.910201658278428,12.780857246202947,12.853612899780273,2900,0.0,0.0,0.0
2010-02-25 00:00:00-05:00,12.603009559375868,12.675765991210938,12.594925340071175,12.675765991210938,900,0.0,0.0,0.0
2010-02-26 00:00:00-05:00,12.86978281042846,12.918286585033963,12.611093956656179,12.732354164123535,3300,0.0,0.0,0.0
2010-03-01 00:00:00-05:00,12.98295931661583,12.98295931661583,12.691934344507459,12.861699104309082,1500,0.0,0.0,0.0
2010-03-02 00:00:00-05:00,13.16080928499197,13.168893504867222,12.942539974081983,13.136556625366211,5000,0.0,0.0,0.0
2010-03-03 00:00:00-05:00,13.403326958829508,13.403326958829508,13.136553925405249,13.362907409667969,8900,0.0,0.0,0.0
2010-03-04 00:00:00-05:00,13.362909495507344,13.4194974899292,13.298237281609907,13.4194974899292,2500,0.0,0.0,0.0
2010-03-05 00:00:00-05:00,13.419495765669636,13.72668835673474,13.419495765669636,13.68626880645752,2200,0.0,0.0,0.0
2010-03-08 00:00:00-05:00,13.532672295284952,13.686269368073866,13.492252743349113,13.645848274230957,2800,0.0,0.0,0.0
2010-03-09 00:00:00-05:00,13.516504677326747,13.556925773620605,13.395244472259495,13.556925773620605,2300,0.0,0.0,0.0
2010-03-10 00:00:00-05:00,13.662017283880393,13.742857933044434,13.662017283880393,13.742857933044434,1500,0.0,0.0,0.0
2010-03-11 00:00:00-05:00,13.55692636144269,13.694355010986328,13.419497711899051,13.694355010986328,7800,0.0,0.0,0.0
2010-03-12 00:00:00-05:00,13.81561457474442,14.00154699133504,13.81561457474442,13.977295875549316,4000,0.0,0.0,0.0
2010-03-15 00:00:00-04:00,13.961127223215206,13.961127223215206,13.742857933044434,13.742857933044434,3700,0.0,0.0,0.0
2010-03-16 00:00:00-04:00,13.985378179540627,13.985378179540627,13.726689338684082,13.726689338684082,2100,0.0,0.0,0.0
2010-03-17 00:00:00-04:00,14.001546495325854,14.138975133569417,13.815614085321945,13.888370513916016,12700,0.0,0.0,0.0
2010-03-18 00:00:00-04:00,13.94495784535597,13.94495784535597,13.783276557922363,13.783276557922363,4800,0.0,0.0,0.0
2010-03-19 00:00:00-04:00,13.799444198608398,13.87220061956366,13.767108868132137,13.799444198608398,700,0.0,0.0,0.0
2010-03-22 00:00:00-04:00,13.742858035679047,13.791361808776855,13.362908986249787,13.791361808776855,1500,0.0,0.0,0.0
2010-03-23 00:00:00-04:00,13.831782341003418,13.831782341003418,13.831782341003418,13.831782341003418,200,0.0,0.0,0.0
2010-03-24 00:00:00-04:00,13.629681638908142,13.750941838938624,13.629681638908142,13.71052074432373,700,0.0,0.0,0.0
2010-03-25 00:00:00-04:00,13.750944859833728,13.904541969299316,13.742860639134756,13.904541969299316,16200,0.0,0.0,0.0
2010-03-26 00:00:00-04:00,13.686270535192188,13.718605871116893,13.257816155362645,13.629682540893555,14900,0.0,0.0,0.0
2010-03-29 00:00:00-04:00,13.742856793608432,13.759025230482123,13.68626880645752,13.68626880645752,2000,0.0,0.0,0.0
2010-03-30 00:00:00-04:00,13.78327875338225,13.78327875338225,13.718606536488945,13.775196075439453,17600,0.0,0.0,0.0
2010-03-31 00:00:00-04:00,13.888370513916016,13.888370513916016,13.888370513916016,13.888370513916016,700,0.0,0.0,0.0
2010-04-01 00:00:00-04:00,14.04196862408301,14.14706039428711,14.04196862408301,14.14706039428711,4600,0.0,0.0,0.0
2010-04-05 00:00:00-04:00,14.147061054142377,14.292573928833008,14.147061054142377,14.292573928833008,19400,0.0,0.0,0.0
2010-04-06 00:00:00-04:00,14.227899588085819,14.308740233283732,13.953042319557147,14.058134078979492,9400,0.0,0.0,0.0
2010-04-07 00:00:00-04:00,14.276406037969398,14.276406037969398,14.122808937455547,14.2117338180542,4900,0.0,0.0,0.0
2010-04-08 00:00:00-04:00,14.122807758323725,14.187479972839355,13.993463329292466,14.187479972839355,5900,0.0,0.0,0.0
2010-04-09 00:00:00-04:00,14.227902104254534,14.244070544534877,14.155145664900322,14.195565223693848,4000,0.0,0.0,0.0
2010-04-12 00:00:00-04:00,14.527009843166914,14.527009843166914,14.074304330381082,14.43808650970459,7900,0.0,0.0,0.0
2010-04-13 00:00:00-04:00,14.316822445661572,14.357243537902832,14.179395357762312,14.357243537902832,4200,0.0,0.0,0.0
2010-04-14 00:00:00-04:00,14.349158898638152,14.527007073562935,14.32490624400465,14.486587524414062,2300,0.0,0.0,0.0
2010-04-15 00:00:00-04:00,14.518925955007317,14.518925955007317,14.510843276977537,14.510843276977539,1500,0.0,0.0,0.0
2010-04-16 00:00:00-04:00,14.34916011611388,14.34916011611388,14.244068354265972,14.341075897216797,1100,0.0,0.0,0.0
2010-04-19 00:00:00-04:00,14.13897722461998,14.195565223693848,14.13897722461998,14.195565223693848,600,0.0,0.0,0.0
2010-04-20 00:00:00-04:00,14.341075908357476,14.696773830570041,14.341075908357476,14.591680526733398,6600,0.0,0.0,0.0
2010-04-21 00:00:00-04:00,14.486588107964563,14.518923440204803,14.349159476652735,14.373412132263184,2200,0.0,0.0,0.0
2010-04-22 00:00:00-04:00,14.187480751670282,14.187480751670282,14.041969417452592,14.130892753601074,3200,0.0,0.0,0.0
2010-04-23 00:00:00-04:00,13.896455128571894,14.559345681832259,13.896455128571894,14.430001258850098,2700,0.0,0.0,0.0
2010-04-26 00:00:00-04:00,14.59167981360441,14.59167981360441,14.405747413635254,14.405747413635254,4300,0.0,0.0,0.0
2010-04-27 00:00:00-04:00,14.114721942383248,14.260234794062589,13.750941355091944,13.759025573730469,20900,0.0,0.0,0.0
2010-04-28 00:00:00-04:00,13.856034518088089,13.912622512386722,13.419497460707772,13.629682540893555,13600,0.0,0.0,0.0
2010-04-29 00:00:00-04:00,13.985377730510777,14.195562792435066,13.928789741128673,14.066218376159668,139900,0.0,0.0,0.0
2010-04-30 00:00:00-04:00,14.324907208710465,14.365328302488445,14.066218376159668,14.066218376159668,2500,0.0,0.0,0.0
2010-05-03 00:00:00-04:00,14.066219461873654,14.171312771901057,14.04196834564209,14.04196834564209,2300,0.0,0.0,0.0
2010-05-04 00:00:00-04:00,13.953044286419223,13.953044286419223,13.338657454979186,13.775196075439453,18700,0.0,0.0,0.0
2010-05-05 00:00:00-04:00,13.160808148644499,13.241647256602551,13.079967498779299,13.079967498779297,2600,0.0,0.0,0.0
2010-05-06 00:00:00-04:00,12.805110362416613,12.805110362416613,11.398488589366469,12.206892013549805,51700,0.0,0.0,0.0
2010-05-07 00:00:00-04:00,12.295817451075717,12.34432200102605,11.810775035387048,12.069464683532715,18200,0.0,0.0,0.0
2010-05-10 00:00:00-04:00,13.193143793656013,13.25781600668738,12.934454941530552,12.974874496459961,2400,0.0,0.0,0.0
2010-05-11 00:00:00-04:00,12.91020264920357,13.031463623046875,12.90211843008997,13.031463623046875,3700,0.0,0.0,0.0
2010-05-12 00:00:00-04:00,13.443747955467224,13.443747955467224,13.25781554225383,13.314403533935547,3400,0.0,0.0,0.0
2010-05-13 00:00:00-04:00,13.273985320578893,13.36291019757505,12.918287354501542,12.926371574401855,5300,0.0,0.0,0.0
2010-05-14 00:00:00-04:00,12.853614059270619,12.853614059270619,12.522168780690025,12.64342975616455,1200,0.0,0.0,0.0
2010-05-17 00:00:00-04:00,12.934454398353129,12.934454398353129,12.417075944875721,12.805109977722168,8500,0.0,0.0,0.0
2010-05-18 00:00:00-04:00,12.934455593716343,12.934455593716343,12.400909423828125,12.400909423828125,3300,0.0,0.0,0.0
2010-05-19 00:00:00-04:00,12.3685737652816,12.465582093246304,12.158388669214576,12.271565437316895,4700,0.0,0.0,0.0
2010-05-20 00:00:00-04:00,12.012874681130286,12.594925366058192,11.778437717485568,12.02095890045166,21400,0.0,0.0,0.0
2010-05-21 00:00:00-04:00,11.923950506704204,12.546421513383093,11.867362513716518,12.206892013549805,8700,0.0,0.0,0.0
2010-05-24 00:00:00-04:00,11.883530558324976,12.287732283240475,11.843110231642704,12.109883308410645,14400,0.0,0.0,0.0
2010-05-25 00:00:00-04:00,11.57633555941412,11.923949241638184,11.317646737826074,11.923949241638184,10700,0.0,0.0,0.0
2010-05-26 00:00:00-04:00,11.988623944698396,12.279648929615961,11.786523067989451,11.826943397521973,12700,0.0,0.0,0.0
2010-05-27 00:00:00-04:00,12.126049712586866,12.497915267944336,12.126049712586866,12.497915267944336,4100,0.0,0.0,0.0
2010-05-28 00:00:00-04:00,12.311984294909482,12.336236953735352,12.142220308850092,12.336236953735352,1800,0.0,0.0,0.0
2010-06-01 00:00:00-04:00,12.206892698707348,12.44941312281185,12.045211388032845,12.39282512664795,7300,0.0,0.0,0.0
2010-06-02 00:00:00-04:00,12.07754626158635,12.441328402469848,12.0452101569471,12.303899765014648,27000,0.0,0.0,0.0
2010-06-03 00:00:00-04:00,12.465582317527089,12.651514756732988,12.408994317934628,12.58684253692627,21200,0.0,0.0,0.0
2010-06-04 00:00:00-04:00,12.287732129387823,12.287732129387823,11.875446190107311,12.037127494812012,3600,0.0,0.0,0.0
2010-06-07 00:00:00-04:00,12.109882289570537,12.109882289570537,11.738017474049824,11.835025787353516,8900,0.0,0.0,0.0
2010-06-08 00:00:00-04:00,11.649092219772616,11.82694117370258,11.584420013062358,11.738017082214355,1200,0.0,0.0,0.0
2010-06-09 00:00:00-04:00,12.004792233921641,12.101800561007527,11.996708013926071,12.045211791992188,2700,0.0,0.0,0.0
2010-06-10 00:00:00-04:00,12.578757409743105,12.578757409743105,12.408992662657536,12.417076110839844,3500,0.0,0.0,0.0
2010-06-11 00:00:00-04:00,12.514084175134288,12.554504499044612,12.506000727115067,12.54642105102539,7600,0.0,0.0,0.0
2010-06-14 00:00:00-04:00,12.643429064250556,12.869781793414132,12.643429064250556,12.708101272583008,8200,0.0,0.0,0.0
2010-06-15 00:00:00-04:00,12.894033987699515,13.26589957999656,12.894033987699515,13.25781536102295,14600,0.0,0.0,0.0
2010-06-16 00:00:00-04:00,12.86978321171452,13.08805251710582,12.700018453394714,13.063799858093262,13300,0.0,0.0,0.0
2010-06-17 00:00:00-04:00,13.06379821351927,13.128470420837402,12.910201913877085,13.128470420837402,2500,0.0,0.0,0.0
2010-06-18 00:00:00-04:00,13.12038582838678,13.282067113029367,13.12038582838678,13.225479125976562,7100,0.0,0.0,0.0
2010-06-21 00:00:00-04:00,13.435666593121445,13.443749271089416,13.136556625366211,13.136556625366211,12900,0.0,0.0,0.0
2010-06-22 00:00:00-04:00,13.136557155240524,13.225482035547886,12.877868276427115,13.015296936035156,12100,0.0,0.0,0.0
2010-06-23 00:00:00-04:00,12.853615615823106,13.055716495134497,12.853615615823106,13.015296936035156,3000,0.0,0.0,0.0
2010-06-24 00:00:00-04:00,12.877867218547598,12.877867218547598,12.538337707519531,12.538337707519531,1600,0.0,0.0,0.0
2010-06-25 00:00:00-04:00,12.61917809947707,12.788942861844637,12.538338213701909,12.667682647705078,2000,0.0,0.0,0.0
2010-06-28 00:00:00-04:00,12.667683072504536,12.821279400295603,12.667683072504536,12.78894329071045,1700,0.0,0.0,0.0
2010-06-29 00:00:00-04:00,12.271565282890691,12.279648731904116,12.255396842956543,12.255396842956543,2500,0.0,0.0,0.0
2010-06-30 00:00:00-04:00,12.336237038139608,12.336237038139608,12.150303840637207,12.150303840637207,1700,0.0,0.0,0.0
2010-07-01 00:00:00-04:00,12.295817451075717,12.392825780022717,11.972456354585715,12.069464683532715,3100,0.0,0.0,0.0
2010-07-02 00:00:00-04:00,12.441330714663907,12.441330714663907,12.166473388671875,12.166473388671875,1700,0.0,0.0,0.0
2010-07-06 00:00:00-04:00,12.732355416968224,12.90212018669928,12.58684253692627,12.58684253692627,6100,0.0,0.0,0.0
2010-07-07 00:00:00-04:00,12.902118884839485,13.193143844604492,12.902118884839485,13.193143844604492,4200,0.0,0.0,0.0
2010-07-08 00:00:00-04:00,13.152723875872836,13.152723875872836,12.89403425993044,13.112302780151367,1600,0.0,0.0,0.0
2010-07-09 00:00:00-04:00,13.112303676417914,13.32248876281492,13.112303676417914,13.282069206237793,3900,0.0,0.0,0.0
2010-07-12 00:00:00-04:00,13.112302230607408,13.209311314366083,12.942538261413574,12.942538261413574,14400,0.0,0.0,0.0
2010-07-13 00:00:00-04:00,13.403330120137074,13.645850556121067,13.29015412226552,13.508421897888184,14500,0.0,0.0,0.0
2010-07-14 00:00:00-04:00,13.476084812372244,13.75902631227998,13.476084812372244,13.524588584899902,10400,0.0,0.0,0.0
2010-07-15 00:00:00-04:00,13.662016685041012,13.686269341299312,13.435664727591814,13.605428695678711,2900,0.0,0.0,0.0
2010-07-16 00:00:00-04:00,13.686269325097848,13.702437762584243,13.217395431341894,13.35482406616211,9900,0.0,0.0,0.0
2010-07-19 00:00:00-04:00,13.500338476877793,13.500338476877793,13.185060077156628,13.492254257202148,2700,0.0,0.0,0.0
2010-07-20 00:00:00-04:00,13.201229249570217,13.217397689819336,12.99104415205364,13.217397689819336,15700,0.0,0.0,0.0
2010-07-21 00:00:00-04:00,13.484170329982707,13.484170329982707,13.19314458297646,13.346741676330566,2500,0.0,0.0,0.0
2010-07-22 00:00:00-04:00,13.70243788430118,13.82369808271214,13.637765675688197,13.653932571411133,3800,0.0,0.0,0.0
2010-07-23 00:00:00-04:00,13.74285929400217,13.823699951171875,13.565011081754646,13.823699951171875,24700,0.0,0.0,0.0
2010-07-26 00:00:00-04:00,14.106640610373926,14.106640610373926,13.767111104725338,13.87220287322998,7000,0.0,0.0,0.0
2010-07-27 00:00:00-04:00,13.90453861094636,13.90453861094636,13.815613746643066,13.815613746643066,2100,0.0,0.0,0.0
2010-07-28 00:00:00-04:00,13.83986821459398,13.944959988240072,13.645850023096594,13.767111778259277,3100,0.0,0.0,0.0
2010-07-29 00:00:00-04:00,14.001548767089844,14.082389427744957,13.856035886292108,14.001548767089844,6300,0.0,0.0,0.0
2010-07-30 00:00:00-04:00,13.653932559096097,13.969210924968722,13.653932559096097,13.864117622375488,14500,0.0,0.0,0.0
2010-08-02 00:00:00-04:00,14.235984646260153,14.308741077037851,14.147059777108042,14.219816207885742,6700,0.0,0.0,0.0
2010-08-03 00:00:00-04:00,14.446170364439672,14.599765910133295,14.446170364439672,14.575514793395996,41800,0.0,0.0,0.0
2010-08-04 00:00:00-04:00,14.518923468182503,14.518923468182503,14.24406774693623,14.41383171081543,2100,0.0,0.0,0.0
2010-08-05 00:00:00-04:00,14.413832114384329,14.438084770720556,14.155143281092858,14.244068145751953,5100,0.0,0.0,0.0
2010-08-06 00:00:00-04:00,14.518924610626277,14.551261487380332,14.33299219501191,14.470420837402344,63900,0.0,0.0,0.0
2010-08-09 00:00:00-04:00,14.567431063087643,15.076724576469134,14.38958131086929,14.527009963989258,14700,0.0,0.0,0.0
2010-08-10 00:00:00-04:00,14.300656344638469,14.341075897216797,14.106639716829724,14.341075897216797,10000,0.0,0.0,0.0
2010-08-11 00:00:00-04:00,13.791361780607573,13.928790422359947,13.241647213598077,13.500337600708008,19800,0.0,0.0,0.0
2010-08-12 00:00:00-04:00,13.346740925183394,13.47608535170512,13.201228059869653,13.443748474121094,80000,0.0,0.0,0.0
2010-08-13 00:00:00-04:00,13.28206779521106,13.419496431643642,13.28206779521106,13.370992660522461,2900,0.0,0.0,0.0
2010-08-16 00:00:00-04:00,13.387160965169844,13.548842275132065,13.354825628321748,13.532673835754395,5400,0.0,0.0,0.0
2010-08-17 00:00:00-04:00,13.742857933044434,13.831782801315592,13.742857933044434,13.742857933044434,4300,0.0,0.0,0.0
2010-08-18 00:00:00-04:00,13.710520077440608,13.75902538861917,13.694353182288111,13.702437400817871,4700,0.0,0.0,0.0
2010-08-19 00:00:00-04:00,13.694355934972599,13.71860705352954,13.338657957699882,13.476086616516113,15600,0.0,0.0,0.0
2010-08-20 00:00:00-04:00,13.257818034008436,13.257818034008436,13.047632924039219,13.160810470581055,24900,0.0,0.0,0.0
2010-08-23 00:00:00-04:00,13.176973608528163,13.24973003128417,13.096134509383251,13.241645812988281,3600,0.0,0.0,0.0
2010-08-24 00:00:00-04:00,13.015296066706073,13.015296066706073,12.732354546187134,12.829362869262695,11300,0.0,0.0,0.0
2010-08-25 00:00:00-04:00,12.530253304375544,12.82936248428814,12.530253304375544,12.732354164123535,9300,0.0,0.0,0.0
2010-08-26 00:00:00-04:00,12.89403524026943,12.92637134835156,12.780859247458785,12.845531463623047,8100,0.0,0.0,0.0
2010-08-27 00:00:00-04:00,13.0233806099611,13.136556604217878,13.0233806099611,13.096137046813965,2100,0.0,0.0,0.0
2010-08-30 00:00:00-04:00,12.910201658278428,12.910201658278428,12.853612899780273,12.853612899780273,3100,0.0,0.0,0.0
2010-08-31 00:00:00-04:00,12.780858934154459,13.07188389975958,12.780858934154459,13.007211685180664,3100,0.0,0.0,0.0
2010-09-01 00:00:00-04:00,13.556925029445198,13.670101009041149,13.443747507942168,13.653932571411133,1500,0.0,0.0,0.0
2010-09-02 00:00:00-04:00,13.508419716555151,13.670101009041149,13.508419716555151,13.653932571411133,2100,0.0,0.0,0.0
2010-09-03 00:00:00-04:00,13.74285713645342,13.783276687738995,13.686269147890798,13.759025573730469,2400,0.0,0.0,0.0
2010-09-07 00:00:00-04:00,13.670101759429086,13.670101759429086,13.484169342198822,13.556925773620605,3800,0.0,0.0,0.0
2010-09-08 00:00:00-04:00,13.637767345199197,13.799447115570665,13.637767345199197,13.767111778259277,1200,0.0,0.0,0.0
2010-09-09 00:00:00-04:00,13.977295948149509,13.977295948149509,13.847949981689453,13.847949981689453,700,0.0,0.0,0.0
2010-09-10 00:00:00-04:00,13.936872402972124,14.009628821737673,13.928788185119629,13.928788185119629,1200,0.0,0.0,0.0
2010-09-13 00:00:00-04:00,14.195562252751808,14.357243537902832,14.195562252751808,14.357243537902832,30900,0.0,0.0,0.0
2010-09-14 00:00:00-04:00,14.276405219864744,14.494674527785945,14.187480344361902,14.478506088256836,6800,0.0,0.0,0.0
2010-09-15 00:00:00-04:00,14.341073149743243,14.41382956397118,14.31682049769833,14.38957691192627,7000,0.0,0.0,0.0
2010-09-16 00:00:00-04:00,14.430001957051914,14.430001957051914,14.31682442503602,14.36532974243164,1100,0.0,0.0,0.0
2010-09-17 00:00:00-04:00,14.365327941408092,14.438084366472614,14.349159504303302,14.41383171081543,2300,0.0,0.0,0.0
2010-09-20 00:00:00-04:00,14.446170866675315,14.704859733581543,14.389581327870713,14.704859733581543,13200,0.0,0.0,0.0
2010-09-21 00:00:00-04:00,14.721026729780796,14.818035826473023,14.615934955112557,14.753363609313965,12200,0.0,0.0,0.0
2010-09-22 00:00:00-04:00,14.890790783129884,14.915043440368656,14.842287010559472,14.874622344970703,5300,0.0,0.0,0.0
2010-09-23 00:00:00-04:00,14.5755143802258,14.656353489601551,14.494673728942871,14.494673728942871,7400,0.0,0.0,0.0
2010-09-24 00:00:00-04:00,14.898875416201426,15.036304060558905,14.898875416201426,14.955463409423828,8400,0.0,0.0,0.0
2010-09-27 00:00:00-04:00,14.995881902252995,15.012050339716637,14.874621705089805,14.90695858001709,15000,0.0,0.0,0.0
2010-09-28 00:00:00-04:00,14.834200926399074,15.125225067138674,14.834200926399074,15.125225067138672,4400,0.0,0.0,0.0
2010-09-29 00:00:00-04:00,15.117144531104383,15.206067858574233,14.963547449973328,15.149479866027832,7600,0.0,0.0,0.0
2010-09-30 00:00:00-04:00,15.092891849086419,15.3515806956845,14.979715864176544,15.109060287475586,7100,0.0,0.0,0.0
2010-10-01 00:00:00-04:00,15.189901452755533,15.262656344160332,15.165648794349131,15.238405227661133,11000,0.0,0.0,0.0
2010-10-04 00:00:00-04:00,15.012050339716637,15.068638328932321,14.801865278410478,14.90695858001709,7000,0.0,0.0,0.0
2010-10-05 00:00:00-04:00,15.25457243759281,15.383916854858398,15.149479134872593,15.383916854858398,10200,0.0,0.0,0.0
2010-10-06 00:00:00-04:00,15.416253089904785,15.464756863739556,15.286908665073952,15.416253089904785,7900,0.0,0.0,0.0
2010-10-07 00:00:00-04:00,15.594100096892214,15.594100096892214,15.246486437879486,15.432418823242188,12900,0.0,0.0,0.0
2010-10-08 00:00:00-04:00,15.416254679866874,15.521347999572754,15.327329800409181,15.521347999572754,40000,0.0,0.0,0.0
2010-10-11 00:00:00-04:00,15.58601610062397,15.618351430669588,15.472838590697013,15.529426574707031,13700,0.0,0.0,0.0
2010-10-12 00:00:00-04:00,15.432422306038031,15.448590745433314,15.359665870666504,15.359665870666504,1000,0.0,0.0,0.0
2010-10-13 00:00:00-04:00,15.650691563743825,15.860876649510644,15.650691563743825,15.820455551147461,4700,0.0,0.0,0.0
2010-10-14 00:00:00-04:00,15.868955421142132,15.868955421142132,15.755779457397905,15.81236743927002,4200,0.0,0.0,0.0
2010-10-15 00:00:00-04:00,15.844706495484056,15.844706495484056,15.618352994867472,15.66685676574707,7100,0.0,0.0,0.0
2010-10-18 00:00:00-04:00,15.545594533154555,15.594099839593378,15.480922333142999,15.57793140411377,4700,0.0,0.0,0.0
2010-10-19 00:00:00-04:00,15.278822126525114,15.3354101110604,14.995880661941754,15.125225067138672,19700,0.0,0.0,0.0
2010-10-20 00:00:00-04:00,15.375831263876595,15.6991922781833,15.375831263876595,15.513259887695312,18900,0.0,0.0,0.0
2010-10-21 00:00:00-04:00,15.868955548741521,15.877039766489236,15.64260361943301,15.788116455078125,4100,0.0,0.0,0.0
2010-10-22 00:00:00-04:00,15.90129605,15.941715606059486,15.80428695678711,15.80428695678711,2800,0.0,0.0,0.0
2010-10-25 00:00:00-04:00,16.1276456181316,16.1276456181316,15.949795914504142,16.006383895874023,21600,0.0,0.0,0.0
2010-10-26 00:00:00-04:00,15.683026913325644,15.691111133004878,15.521347145462702,15.56985092163086,8200,0.0,0.0,0.0
2010-10-27 00:00:00-04:00,15.586017661583432,15.691109422140407,15.497092796714938,15.66685676574707,6100,0.0,0.0,0.0
2010-10-28 00:00:00-04:00,15.6991937717039,15.72344642829925,15.537512478215755,15.642605781555176,11900,0.0,0.0,0.0
2010-10-29 00:00:00-04:00,15.642605781555176,15.642605781555176,15.545596697080871,15.642605781555176,5200,0.0,0.0,0.0
2010-11-01 00:00:00-04:00,15.691111289051893,15.691111289051893,15.47284198126364,15.586019515991211,9300,0.0,0.0,0.0
2010-11-02 00:00:00-04:00,15.844707489013672,15.86087592762306,15.755782618569217,15.844707489013672,6100,0.0,0.0,0.0
2010-11-03 00:00:00-04:00,15.868960109016022,15.868960109016022,15.561767455859062,15.76386833190918,7500,0.0,0.0,0.0
2010-11-04 00:00:00-04:00,16.289328706874038,16.329749803272072,16.184236940053477,16.265077590942383,19100,0.0,0.0,0.0
2010-11-05 00:00:00-04:00,16.087226181248745,16.087226181248745,15.893209564392599,15.941713333129883,11200,0.0,0.0,0.0
2010-11-08 00:00:00-05:00,15.933631386466143,15.933631386466143,15.699195185888106,15.80428695678711,13000,0.0,0.0,0.0
2010-11-09 00:00:00-05:00,15.91746501772582,15.94171613540388,15.683027267456055,15.683027267456055,12100,0.0,0.0,0.0
2010-11-10 00:00:00-05:00,15.67494268085449,15.820455551147461,15.52942981056152,15.820455551147461,6900,0.0,0.0,0.0
2010-11-11 00:00:00-05:00,15.6021869822372,15.6264396424,15.440507206873816,15.545598983764648,7600,0.0,0.0,0.0
2010-11-12 00:00:00-05:00,15.400084549212083,15.577934288605606,15.214152132489003,15.367749214172363,14600,0.0,0.0,0.0
2010-11-15 00:00:00-05:00,15.359664994935644,15.456674083869125,15.311161221422482,15.367749214172363,6600,0.0,0.0,0.0
2010-11-16 00:00:00-05:00,15.197983503680739,15.222236161087167,14.81803445575622,14.923126220703125,12500,0.0,0.0,0.0
2010-11-17 00:00:00-05:00,14.939295458578117,15.100976766127108,14.939295458578117,15.044388771057129,11100,0.0,0.0,0.0
2010-11-18 00:00:00-05:00,15.31115927172952,15.408166806403091,15.31115927172952,15.4000825881958,9200,0.0,0.0,0.0
2010-11-19 00:00:00-05:00,15.319246913831988,15.537514686584473,15.319246913831988,15.537514686584473,3200,0.0,0.0,0.0
2010-11-22 00:00:00-05:00,15.33540746149455,15.375828544826692,15.1979788619786,15.31924057006836,5300,0.0,0.0,0.0
2010-11-23 00:00:00-05:00,15.036305726463072,15.036305726463072,14.777616847695874,14.890792846679688,14800,0.0,0.0,0.0
2010-11-24 00:00:00-05:00,14.995882760658562,15.109060287475586,14.995882760658562,15.109060287475586,5600,0.0,0.0,0.0
2010-11-26 00:00:00-05:00,14.890793969507724,14.947381973266602,14.890793969507724,14.947381973266602,1000,0.0,0.0,0.0
2010-11-29 00:00:00-05:00,14.761448407296088,14.890792846679688,14.502759528528893,14.890792846679688,195800,0.0,0.0,0.0
2010-11-30 00:00:00-05:00,14.543178420811515,14.745279290820413,14.4623377644265,14.704859733581543,8200,0.0,0.0,0.0
2010-12-01 00:00:00-05:00,15.020134885009314,15.23031995088522,14.987799551286074,15.189900398254395,7900,0.0,0.0,0.0
2010-12-02 00:00:00-05:00,15.24648665465694,15.537510792695166,15.24648665465694,15.529426574707031,3200,0.0,0.0,0.0
2010-12-03 00:00:00-05:00,15.569850634771653,15.780035716837544,15.569850634771653,15.715363502502441,14600,0.0,0.0,0.0
2010-12-06 00:00:00-05:00,15.658778190612795,15.658778190612795,15.56985330245077,15.658778190612793,11000,0.0,0.0,0.0
2010-12-07 00:00:00-05:00,15.877043796626888,15.925549115425488,15.594103813171387,15.594103813171387,76800,0.0,0.0,0.0
2010-12-08 00:00:00-05:00,15.634523490192656,15.683027267456055,15.545598613620362,15.683027267456055,62500,0.0,0.0,0.0
2010-12-09 00:00:00-05:00,15.586019027016782,15.586019027016782,15.383918165088225,15.49709415435791,9000,0.0,0.0,0.0
2010-12-10 00:00:00-05:00,15.49709363894622,15.618353843688965,15.49709363894622,15.618353843688965,6200,0.0,0.0,0.0
2010-12-13 00:00:00-05:00,15.747699116000977,15.88512776662131,15.6991953398724,15.820455551147461,6300,0.0,0.0,0.0
2010-12-14 00:00:00-05:00,15.796200972722595,15.949796487124617,15.780032536920201,15.893208503723145,21500,0.0,0.0,0.0
2010-12-15 00:00:00-05:00,15.901293916460201,15.933629248587785,15.69110886095633,15.707277297973633,24300,0.0,0.0,0.0
2010-12-16 00:00:00-05:00,15.796208381652832,15.86088061328886,15.796208381652832,15.796208381652832,4500,0.0,0.0,0.0
2010-12-17 00:00:00-05:00,15.990222122173249,15.990222122173249,15.828540802001953,15.828540802001953,16400,0.0,0.0,0.0
2010-12-20 00:00:00-05:00,15.957883757106062,15.957883757106062,15.844707768657253,15.949799537658691,53500,0.0,0.0,0.0
2010-12-21 00:00:00-05:00,16.08722789922623,16.127648995746434,16.08722789922623,16.095312118530273,11300,0.0,0.0,0.0
2010-12-22 00:00:00-05:00,16.071059202401102,16.07914342157525,16.0144712100892,16.0306396484375,10800,0.0,0.0,0.0
2010-12-23 00:00:00-05:00,16.095311399567706,16.12764827533941,16.07105874273893,16.119564056396484,11600,0.0,0.0,0.0
2010-12-27 00:00:00-05:00,16.127648690397933,16.20040512084961,16.062976479097237,16.20040512084961,6800,0.0,0.0,0.0
2010-12-28 00:00:00-05:00,16.216570510606136,16.216570510606136,16.09531031842168,16.143814086914062,6700,0.0,0.0,0.0
2010-12-29 00:00:00-05:00,16.070221354384636,16.159184788269446,16.037869892897366,16.126834869384766,49100,0.009,0.0,0.0
2010-12-30 00:00:00-05:00,16.20770807015427,16.20770807015427,16.10256738828996,16.167268753051758,8000,0.0,0.0,0.0
2010-12-31 00:00:00-05:00,16.240060806274414,16.280498587809063,16.134921648722834,16.240060806274414,6100,0.0,0.0,0.0
2011-01-03 00:00:00-05:00,16.482691583388913,16.579744424619626,16.442253799394287,16.539306640625,15400,0.0,0.0,0.0
2011-01-04 00:00:00-05:00,16.612093345419837,16.6363553950652,16.304760680691594,16.401813507080078,10100,0.0,0.0,0.0
2011-01-05 00:00:00-05:00,16.16726888837464,16.32902307293416,16.14300529791004,16.288583755493164,13400,0.0,0.0,0.0
2011-01-06 00:00:00-05:00,16.31284699395092,16.31284699395092,15.981252311101228,16.08639144897461,23600,0.0,0.0,0.0
2011-01-07 00:00:00-05:00,16.045957920289638,16.045957920289638,15.819502315399939,15.908467292785645,24900,0.0,0.0,0.0
2011-01-10 00:00:00-05:00,15.851851135983495,15.884201049804688,15.706272667282255,15.884201049804688,24500,0.0,0.0,0.0
2011-01-11 00:00:00-05:00,16.013603910882132,16.11065673828125,15.989341860984123,16.11065673828125,13900,0.0,0.0,0.0
2011-01-12 00:00:00-05:00,16.280497377175774,16.409901662189494,16.24814746287412,16.337112426757812,8900,0.0,0.0,0.0
2011-01-13 00:00:00-05:00,16.426076141669434,16.450339734781185,16.272411346435547,16.272411346435547,24800,0.0,0.0,0.0
2011-01-14 00:00:00-05:00,16.434163467402442,16.563566207885742,16.337112183341144,16.563566207885742,29900,0.0,0.0,0.0
2011-01-18 00:00:00-05:00,16.66061824702816,16.7819331176716,16.604004743568044,16.71723175048828,23100,0.0,0.0,0.0
2011-01-19 00:00:00-05:00,16.733408518217868,16.733408518217868,16.337112426757812,16.337112426757812,24600,0.0,0.0,0.0
2011-01-20 00:00:00-05:00,16.32902485442723,16.337112718797815,16.118745008599262,16.272411346435547,24100,0.0,0.0,0.0
2011-01-21 00:00:00-05:00,16.426073993003424,16.523126810152718,16.4179861296908,16.498863220214844,8000,0.0,0.0,0.0
2011-01-24 00:00:00-05:00,16.442250499950998,16.571653233889833,16.36946126928512,16.45033836364746,177100,0.0,0.0,0.0
2011-01-25 00:00:00-05:00,16.40990071867609,16.58782909361083,16.40990071867609,16.571653366088867,46700,0.0,0.0,0.0
2011-01-26 00:00:00-05:00,16.806196631687477,16.870897998573763,16.75766944957106,16.862810134887695,14800,0.0,0.0,0.0
2011-01-27 00:00:00-05:00,16.959865355329384,17.01648041428901,16.911339704538044,16.984128952026367,16600,0.0,0.0,0.0
2011-01-28 00:00:00-05:00,16.91133918970381,16.91133918970381,16.426078068755405,16.539306640625,18500,0.0,0.0,0.0
2011-01-31 00:00:00-05:00,16.757669240055698,16.806196421565396,16.701055737563298,16.781932830810547,15000,0.0,0.0,0.0
2011-02-01 00:00:00-05:00,16.967949823866153,17.1458797454834,16.967949823866153,17.1458797454834,19200,0.0,0.0,0.0
2011-02-02 00:00:00-05:00,16.846634407515555,16.903247910715773,16.78193304062927,16.862810134887695,28700,0.0,0.0,0.0
2011-02-03 00:00:00-05:00,16.82237201486601,16.870899200439453,16.701057136137155,16.870899200439453,47600,0.0,0.0,0.0
2011-02-04 00:00:00-05:00,16.644444207874468,16.749583361736065,16.555479240497586,16.741497039794922,61500,0.0,0.0,0.0
2011-02-07 00:00:00-05:00,16.66061895049931,16.7657580981357,16.620179630175823,16.709144592285156,42800,0.0,0.0,0.0
2011-02-08 00:00:00-05:00,16.587831804450357,16.846637316687495,16.587831804450357,16.790023803710938,55900,0.0,0.0,0.0
2011-02-09 00:00:00-05:00,16.83045987912825,16.878987064701693,16.773846371894944,16.870899200439453,17300,0.0,0.0,0.0
2011-02-10 00:00:00-05:00,16.68487945419899,16.68487945419899,16.42607399851694,16.60400390625,163900,0.0,0.0,0.0
2011-02-11 00:00:00-05:00,16.531219181202555,16.6201826166956,16.39372855260136,16.59592056274414,9000,0.0,0.0,0.0
2011-02-14 00:00:00-05:00,16.571657457709456,16.612096786499023,16.458430422303994,16.612096786499023,11800,0.0,0.0,0.0
2011-02-15 00:00:00-05:00,16.523126104352254,16.539301830286544,16.434161154315806,16.50695037841797,19700,0.0,0.0,0.0
2011-02-16 00:00:00-05:00,16.547390604699533,16.692969074493757,16.51504069063546,16.68488121032715,19100,0.0,0.0,0.0
2011-02-17 00:00:00-05:00,16.482688900407943,16.59591745384668,16.43416325899267,16.58782958984375,21500,0.0,0.0,0.0
2011-02-18 00:00:00-05:00,16.604006227199022,16.692969650898885,16.563566904969623,16.660619735717773,60000,0.0,0.0,0.0
2011-02-22 00:00:00-05:00,16.515043584362953,16.57165710084654,16.304763706993473,16.34520149230957,22500,0.0,0.0,0.0
2011-02-23 00:00:00-05:00,16.377552032470703,16.41798981550986,16.296674923789844,16.377552032470703,5800,0.0,0.0,0.0
2011-02-24 00:00:00-05:00,16.547391266676588,16.612094182597886,16.37755074019044,16.51504135131836,14500,0.0,0.0,0.0
2011-02-25 00:00:00-05:00,16.59591778969918,16.692969074493757,16.571654197199354,16.68488121032715,14000,0.0,0.0,0.0
2011-02-28 00:00:00-05:00,16.984128458933185,17.040741973646547,16.846637833513906,16.967952728271484,19800,0.0,0.0,0.0
2011-03-01 00:00:00-05:00,17.056916476557504,17.056916476557504,16.684882411130218,16.692970275878906,65700,0.0,0.0,0.0
2011-03-02 00:00:00-05:00,16.692970358856627,16.78193532893195,16.579743337017106,16.65253257751465,26400,0.0,0.0,0.0
2011-03-03 00:00:00-05:00,16.878989784878026,17.00030468315769,16.79002480625838,16.984128952026367,14800,0.0,0.0,0.0
2011-03-04 00:00:00-05:00,16.943688729752594,16.943688729752594,16.71723315429357,16.806198120117188,12700,0.0,0.0,0.0
2011-03-07 00:00:00-05:00,17.00839083066785,17.024565017562754,16.692970275878906,16.692970275878906,46100,0.0,0.0,0.0
2011-03-08 00:00:00-05:00,16.74149477151635,16.903247412664925,16.74149477151635,16.846633911132812,38500,0.0,0.0,0.0
2011-03-09 00:00:00-05:00,17.000300158945503,17.000300158945503,16.895159477175145,16.992212295532227,20400,0.0,0.0,0.0
2011-03-10 00:00:00-05:00,16.660621535211455,16.692971453886642,16.47460526067205,16.539306640625,6500,0.0,0.0,0.0
2011-03-11 00:00:00-05:00,16.385637617577398,16.59591745384668,16.377549753574463,16.58782958984375,15400,0.0,0.0,0.0
2011-03-14 00:00:00-04:00,16.369464978973927,16.49886774223834,16.29667573181237,16.490779876708984,20400,0.0,0.0,0.0
2011-03-15 00:00:00-04:00,15.698184029708342,16.037866592407227,15.601132750424243,16.037866592407227,50400,0.0,0.0,0.0
2011-03-16 00:00:00-04:00,16.054043322490717,16.094481100950954,15.31806464777735,15.625395774841309,84700,0.0,0.0,0.0
2011-03-17 00:00:00-04:00,15.981250486740583,16.167266693913596,15.981250486740583,16.04595184326172,24800,0.0,0.0,0.0
2011-03-18 00:00:00-04:00,16.59592056274414,16.61209629378019,16.482691988094405,16.59592056274414,11800,0.0,0.0,0.0
2011-03-21 00:00:00-04:00,16.854721774580575,16.903247412664925,16.757668955809653,16.846633911132812,13200,0.0,0.0,0.0
2011-03-22 00:00:00-04:00,16.773849575372083,16.781937441178947,16.66062253928132,16.73341178894043,10200,0.0,0.0,0.0
2011-03-23 00:00:00-04:00,16.70914360114825,16.790020694395494,16.595916596163452,16.781932830810547,12000,0.0,0.0,0.0
2011-03-24 00:00:00-04:00,16.90324943939508,17.073091506958008,16.806198151589754,17.073091506958008,6800,0.0,0.0,0.0
2011-03-25 00:00:00-04:00,16.91942768121205,16.95986546670328,16.79811278213572,16.838550567626953,41900,0.0,0.0,0.0
2011-03-28 00:00:00-04:00,16.951773760148782,17.01647667043857,16.919423847606172,16.943687438964844,20300,0.0,0.0,0.0
2011-03-29 00:00:00-04:00,16.862810680405474,17.040739059448242,16.85472281645776,17.040739059448242,15800,0.0,0.0,0.0
2011-03-30 00:00:00-04:00,17.03265370568434,17.242933571507916,17.03265370568434,17.178232192993164,12600,0.0,0.0,0.0
2011-03-31 00:00:00-04:00,17.226757049560547,17.25910850863246,17.10544216324582,17.226757049560547,8100,0.0,0.0,0.0
2011-04-01 00:00:00-04:00,17.26719627776352,17.437036809142956,17.194407037857342,17.37233543395996,5000,0.0,0.0,0.0
2011-04-04 00:00:00-04:00,17.477476826836366,17.493651014322587,17.428949636570128,17.469388961791992,8600,0.0,0.0,0.0
2011-04-05 00:00:00-04:00,17.348074071331446,17.558352392075047,17.339986206287072,17.469388961791992,8200,0.0,0.0,0.0
2011-04-06 00:00:00-04:00,17.663490009283123,17.744367102995312,17.60687650646527,17.728191375732422,18900,0.0,0.0,0.0
2011-04-07 00:00:00-04:00,17.687753754399555,17.687753754399555,17.46938606225335,17.54217529296875,29900,0.0,0.0,0.0
2011-04-08 00:00:00-04:00,17.76054064320013,17.93847055143106,17.74436645912639,17.89803123474121,24500,0.0,0.0,0.0
2011-04-11 00:00:00-04:00,17.881860336152478,17.881860336152478,17.695842530406,17.72010612487793,13700,0.0,0.0,0.0
2011-04-12 00:00:00-04:00,17.566439974415704,17.63922921604111,17.4289493560791,17.4289493560791,6500,0.0,0.0,0.0
2011-04-13 00:00:00-04:00,17.695840286771432,17.728191741965535,17.48556199841893,17.517911911010742,9900,0.0,0.0,0.0
2011-04-14 00:00:00-04:00,17.420860422643837,17.55834947777041,17.348071191928437,17.54217529296875,7800,0.0,0.0,0.0
2011-04-15 00:00:00-04:00,17.461302423716607,17.59070518905547,17.388513175388166,17.49365234375,7400,0.0,0.0,0.0
2011-04-18 00:00:00-04:00,17.105440925697778,17.105440925697778,16.822371849707974,17.056915283203125,24600,0.0,0.0,0.0
2011-04-19 00:00:00-04:00,17.210582650778893,17.291458212258217,17.170143327436776,17.251020431518555,8800,0.0,0.0,0.0
2011-04-20 00:00:00-04:00,17.67157898582987,17.938472332066837,17.67157898582987,17.881858825683594,19000,0.0,0.0,0.0
2011-04-21 00:00:00-04:00,17.914210270832367,18.019350971047135,17.914210270832367,17.98699951171875,5500,0.0,0.0,0.0
2011-04-25 00:00:00-04:00,18.075964482269324,18.075964482269324,17.914210270832367,17.98699951171875,57600,0.0,0.0,0.0
2011-04-26 00:00:00-04:00,18.10831112060933,18.19727607505341,18.035521892900938,18.16492462158203,18700,0.0,0.0,0.0
2011-04-27 00:00:00-04:00,18.221543862275922,18.43182373046875,18.132578887339804,18.43182373046875,64600,0.0,0.0,0.0
2011-04-28 00:00:00-04:00,18.26198016494832,18.488435745239258,18.26198016494832,18.488435745239258,10800,0.0,0.0,0.0
2011-04-29 00:00:00-04:00,18.520783881892964,18.585485249675035,18.472258241706985,18.504608154296875,7000,0.0,0.0,0.0
2011-05-02 00:00:00-04:00,18.52887174569101,18.66636234505319,18.46417037790894,18.504608154296875,8700,0.0,0.0,0.0
2011-05-03 00:00:00-04:00,18.294326488037058,18.41564133740321,18.21344940759229,18.253887176513672,10000,0.0,0.0,0.0
2011-05-04 00:00:00-04:00,18.221541320740673,18.2781548268572,17.946560111658396,18.027437210083008,12000,0.0,0.0,0.0
2011-05-05 00:00:00-04:00,17.825247008362705,17.825247008362705,17.477476530366506,17.534090042114258,22200,0.0,0.0,0.0
2011-05-06 00:00:00-04:00,17.728192832959287,17.82524566191194,17.315721009464696,17.404685974121094,40600,0.0,0.0,0.0
2011-05-09 00:00:00-04:00,17.51791043468237,17.679664611816406,17.428945482998436,17.679664611816406,33000,0.0,0.0,0.0
2011-05-10 00:00:00-04:00,17.72010504632854,17.833332061767578,17.671579402940726,17.833332061767578,8000,0.0,0.0,0.0
2011-05-11 00:00:00-04:00,17.85759426433398,17.873769991737905,17.46938606225335,17.54217529296875,18900,0.0,0.0,0.0
2011-05-12 00:00:00-04:00,17.485560524816858,17.720102384798835,17.420859162483676,17.679664611816406,4400,0.0,0.0,0.0
2011-05-13 00:00:00-04:00,17.647317382175935,17.647317382175935,17.218671332623682,17.364248275756836,4000,0.0,0.0,0.0
2011-05-16 00:00:00-04:00,17.388511870913625,17.63922951712367,17.315722628045783,17.364248275756836,49900,0.0,0.0,0.0
2011-05-17 00:00:00-04:00,17.323810476198325,17.493651014322587,17.178231990604658,17.469388961791992,179600,0.0,0.0,0.0
2011-05-18 00:00:00-04:00,17.46130042448244,17.64731668553377,17.42894896555049,17.63922882080078,72000,0.0,0.0,0.0
2011-05-19 00:00:00-04:00,17.712015857688083,17.841418592115215,17.647314490474518,17.80906867980957,38100,0.0,0.0,0.0
2011-05-20 00:00:00-04:00,17.703932223076315,17.703932223076315,17.461302423716607,17.49365234375,29500,0.0,0.0,0.0
2011-05-23 00:00:00-04:00,17.032651485120304,17.08117866963174,16.878986695307795,16.976037979125977,22500,0.0,0.0,0.0
2011-05-24 00:00:00-04:00,17.113526095331263,17.275280268314827,17.06500046047704,17.105438232421875,15400,0.0,0.0,0.0
2011-05-25 00:00:00-04:00,17.05691741010438,17.307635060625916,17.05691741010438,17.29954719543457,50800,0.0,0.0,0.0
2011-05-26 00:00:00-04:00,17.283372007209884,17.380423298683144,17.162055578964612,17.37233543395996,30000,0.0,0.0,0.0
2011-05-27 00:00:00-04:00,17.428946457734927,17.542175005102067,17.420860136767928,17.50173568725586,15300,0.0,0.0,0.0
2011-05-31 00:00:00-04:00,17.671577950034685,17.687753677368164,17.550263080238107,17.687753677368164,11400,0.0,0.0,0.0
2011-06-01 00:00:00-04:00,17.6877551439876,17.6877551439876,17.25910758972168,17.25910758972168,36400,0.0,0.0,0.0
2011-06-02 00:00:00-04:00,17.372333108683584,17.501735841729094,17.210580463677825,17.420860290527344,27000,0.0,0.0,0.0
2011-06-03 00:00:00-04:00,17.226754984672986,17.60687687019223,17.226754984672986,17.517911911010742,12000,0.0,0.0,0.0
2011-06-06 00:00:00-04:00,17.42085893603439,17.445120982467607,17.153964084451882,17.186315536499023,19400,0.0,0.0,0.0
2011-06-07 00:00:00-04:00,17.437035977336507,17.46938743468596,17.25910758972168,17.25910758972168,11500,0.0,0.0,0.0
2011-06-08 00:00:00-04:00,17.08926393402739,17.08926393402739,16.733407191903098,16.781932830810547,25600,0.0,0.0,0.0
2011-06-09 00:00:00-04:00,16.77384907512706,17.024566737252048,16.77384907512706,16.984128952026367,7800,0.0,0.0,0.0
2011-06-10 00:00:00-04:00,16.8547259816144,16.8547259816144,16.409904179173033,16.474605560302734,32600,0.0,0.0,0.0
2011-06-13 00:00:00-04:00,16.523130519575737,16.523130519575737,16.264325005879027,16.377552032470703,16800,0.0,0.0,0.0
2011-06-14 00:00:00-04:00,16.579742834128307,16.781934819910358,16.579742834128307,16.741497039794922,31000,0.0,0.0,0.0
2011-06-15 00:00:00-04:00,16.240058675720267,16.264322267019377,15.843762606781846,15.924639701843262,44500,0.0,0.0,0.0
2011-06-16 00:00:00-04:00,15.722451400186321,15.819502702799568,15.593048634966898,15.803328514099121,47200,0.0,0.0,0.0
2011-06-17 00:00:00-04:00,16.054046630859375,16.110660149411395,15.973169514669625,16.054046630859375,17100,0.0,0.0,0.0
2011-06-20 00:00:00-04:00,15.827589495159803,15.876115143175833,15.754800251834489,15.811413764953613,6400,0.0,0.0,0.0
2011-06-21 00:00:00-04:00,16.159185085179644,16.337115041423743,16.078307972578017,16.32902717590332,8300,0.0,0.0,0.0
2011-06-22 00:00:00-04:00,16.126832590172636,16.231971739941724,15.997429847717285,15.997429847717285,7700,0.0,0.0,0.0
2011-06-23 00:00:00-04:00,15.584958935161032,15.811412976342899,15.45555618517069,15.730537414550781,21000,0.0,0.0,0.0
2011-06-24 00:00:00-04:00,15.746709517887233,15.770973108776008,15.45555414023321,15.471728324890137,17200,0.0,0.0,0.0
2011-06-27 00:00:00-04:00,15.47172800734608,15.835674150196745,15.47172800734608,15.714359283447266,19700,0.0,0.0,0.0
2011-06-28 00:00:00-04:00,15.859937591874356,15.940813140547517,15.811410411547808,15.900375366210938,15800,0.0,0.0,0.0
2011-06-29 00:00:00-04:00,16.329022094199747,16.49886258946528,16.240057143764197,16.46651268005371,7000,0.0,0.0,0.0
2011-06-30 00:00:00-04:00,16.61209470064667,16.84663660776589,16.61209470064667,16.798110961914062,7700,0.0,0.0,0.0
2011-07-01 00:00:00-04:00,16.652533400348258,17.03265380859375,16.652533400348258,17.03265380859375,1300,0.0,0.0,0.0
2011-07-05 00:00:00-04:00,17.01647696014459,17.065002601085794,16.878986358642578,16.878986358642578,6200,0.0,0.0,0.0
2011-07-06 00:00:00-04:00,16.676794678628706,16.72532032041455,16.620179630175823,16.709144592285156,3400,0.0,0.0,0.0
2011-07-07 00:00:00-04:00,16.82237143861445,17.008389225069177,16.82237143861445,17.000301361083984,8100,0.0,0.0,0.0
2011-07-08 00:00:00-04:00,16.636353100688005,16.709142324790164,16.41798542838152,16.50695037841797,21000,0.0,0.0,0.0
2011-07-11 00:00:00-04:00,16.054042436900613,16.094480213130176,15.908463974310521,15.924639701843262,17300,0.0,0.0,0.0
2011-07-12 00:00:00-04:00,15.762888500764758,15.859941341762598,15.682011390366988,15.70627498626709,7600,0.0,0.0,0.0
2011-07-13 00:00:00-04:00,15.8922876385475,16.175356689127682,15.8922876385475,16.021690368652344,19500,0.0,0.0,0.0
2011-07-14 00:00:00-04:00,15.965078314911793,16.04595541421253,15.698184967041016,15.698184967041016,4000,0.0,0.0,0.0
2011-07-15 00:00:00-04:00,15.665835793267913,15.754799218361113,15.665835793267913,15.72244930267334,3500,0.0,0.0,0.0
2011-07-18 00:00:00-04:00,15.512168722451078,15.512168722451078,15.204836053549897,15.358502388000488,93600,0.0,0.0,0.0
2011-07-19 00:00:00-04:00,15.649661419305206,15.787152043739717,15.601135770270252,15.779064178466797,10100,0.0,0.0,0.0
2011-07-20 00:00:00-04:00,16.029779724959887,16.04595545337999,15.868027068565945,15.965078353881836,53200,0.0,0.0,0.0
2011-07-21 00:00:00-04:00,16.18344342045322,16.33710973017865,16.102566334144985,16.280494689941406,39500,0.0,0.0,0.0
2011-07-22 00:00:00-04:00,16.167270652220363,16.337112718797815,16.167270652220363,16.272411346435547,8400,0.0,0.0,0.0
2011-07-25 00:00:00-04:00,16.199620206733766,16.264321571495568,16.151093026210756,16.167268753051758,3900,0.0,0.0,0.0
2011-07-26 00:00:00-04:00,16.256233844142596,16.337110936422356,16.15109316139824,16.288583755493164,12600,0.0,0.0,0.0
2011-07-27 00:00:00-04:00,16.094482873151772,16.094482873151772,15.79523957734996,15.811413764953613,29200,0.0,0.0,0.0
2011-07-28 00:00:00-04:00,15.843765558047592,15.989344047755022,15.779064178466797,15.779064178466797,28400,0.0,0.0,0.0
2011-07-29 00:00:00-04:00,15.787149765738759,16.01360379029416,15.770974037526988,15.884201049804688,15200,0.0,0.0,0.0
2011-08-01 00:00:00-04:00,16.045955069245025,16.086392846724852,15.431291287417222,15.601133346557617,14100,0.0,0.0,0.0
2011-08-02 00:00:00-04:00,15.285716158344846,15.342329676220512,14.946033508488174,14.978384971618652,39600,0.0,0.0,0.0
2011-08-03 00:00:00-04:00,15.059259967879767,15.115873477789444,14.662962313307117,14.897505760192871,16700,0.0,0.0,0.0
2011-08-04 00:00:00-04:00,14.299015224087206,14.299015224087206,13.611562272428747,13.627737998962402,86000,0.0,0.0,0.0
2011-08-05 00:00:00-04:00,14.137264054923207,14.258578944559007,13.457898821839711,14.056386947631836,20900,0.0,0.0,0.0
2011-08-08 00:00:00-04:00,13.4174603905711,13.482161764754467,12.827059387021354,12.883673667907715,39800,0.0,0.0,0.0
2011-08-09 00:00:00-04:00,13.441721559281842,13.546860694885252,13.004986205385757,13.546860694885254,32100,0.0,0.0,0.0
2011-08-10 00:00:00-04:00,13.401284868832823,13.417460598279684,12.940287377814574,12.964550971984863,18700,0.0,0.0,0.0
2011-08-11 00:00:00-04:00,13.061601854794336,13.862281926132923,13.029251939515234,13.749054908752441,10900,0.0,0.0,0.0
2011-08-12 00:00:00-04:00,13.943157272337716,14.024034364254042,13.781404631107286,13.902719497680664,18200,0.0,0.0,0.0
2011-08-15 00:00:00-04:00,14.25857489584652,14.493118286132812,14.25857489584652,14.493118286132812,9000,0.0,0.0,0.0
2011-08-16 00:00:00-04:00,14.112999206285265,14.242401935271305,13.983596477299223,14.015946388244629,9200,0.0,0.0,0.0
2011-08-17 00:00:00-04:00,14.282841061625678,14.420331667013565,14.104912678077621,14.145350456237793,13400,0.0,0.0,0.0
2011-08-18 00:00:00-04:00,13.50642407022206,13.50642407022206,13.15056577485631,13.182915687561035,12000,0.0,0.0,0.0
2011-08-19 00:00:00-04:00,12.956463975035264,13.304234468422747,12.956463975035264,13.004989624023438,13600,0.0,0.0,0.0
2011-08-22 00:00:00-04:00,13.490248462058016,13.506424189854801,13.166741619133832,13.174829483032227,9400,0.0,0.0,0.0
2011-08-23 00:00:00-04:00,13.328494200261822,13.554949760437012,13.223355055331881,13.554949760437012,4600,0.0,0.0,0.0
2011-08-24 00:00:00-04:00,13.749054244791964,13.781405701111186,13.50642449280716,13.68435287475586,6400,0.0,0.0,0.0
2011-08-25 00:00:00-04:00,13.692441546829906,13.692441546829906,13.279969710033804,13.29614543914795,12800,0.0,0.0,0.0
2011-08-26 00:00:00-04:00,13.25570634995471,13.619652548424272,13.118215735266483,13.538775444030762,5200,0.0,0.0,0.0
2011-08-29 00:00:00-04:00,13.829931875901572,13.967422485351562,13.78949255394428,13.967422485351562,75900,0.0,0.0,0.0
2011-08-30 00:00:00-04:00,13.813756845942324,13.975511056749667,13.781406929342344,13.959335327148438,12200,0.0,0.0,0.0
2011-08-31 00:00:00-04:00,14.307104823351834,14.307104823351834,14.185789944833672,14.193876266479492,13000,0.0,0.0,0.0
2011-09-01 00:00:00-04:00,14.218141162214579,14.339456051850378,14.056386947631836,14.056386947631836,14100,0.0,0.0,0.0
2011-09-02 00:00:00-04:00,13.773315666591241,13.813753438015624,13.651999267113897,13.676262855529785,5200,0.0,0.0,0.0
2011-09-06 00:00:00-04:00,13.053514890117288,13.19100551038629,12.996901377524614,13.110128402709961,4100,0.0,0.0,0.0
2011-09-07 00:00:00-04:00,13.425546626876942,13.732877731323242,13.425546626876942,13.732877731323242,5900,0.0,0.0,0.0
2011-09-08 00:00:00-04:00,13.587300256053615,13.668177355485366,13.42554759979248,13.42554759979248,4700,0.0,0.0,0.0
2011-09-09 00:00:00-04:00,13.19909214479908,13.19909214479908,12.730006815134487,12.78662109375,32500,0.0,0.0,0.0
2011-09-12 00:00:00-04:00,12.471201695101723,12.503552381846037,12.171957649891517,12.390324592590332,14300,0.0,0.0,0.0
2011-09-13 00:00:00-04:00,12.495465340021134,12.713833068398232,12.495465340021134,12.689569473266602,8200,0.0,0.0,0.0
2011-09-14 00:00:00-04:00,12.560164062242666,12.956460881291864,12.50355056150754,12.843233108520508,4100,0.0,0.0,0.0
2011-09-15 00:00:00-04:00,13.093952230736155,13.39319547840196,13.093952230736155,13.360845565795898,12500,0.0,0.0,0.0
2011-09-16 00:00:00-04:00,13.417460118113375,13.417460118113375,13.2152681350708,13.2152681350708,2300,0.0,0.0,0.0
2011-09-19 00:00:00-04:00,12.818971991342902,12.818971991342902,12.57634145822798,12.762357711791992,4600,0.0,0.0,0.0
2011-09-20 00:00:00-04:00,12.76235796695396,13.037339963196466,12.76235796695396,12.956462860107422,2200,0.0,0.0,0.0
2011-09-21 00:00:00-04:00,12.875586128244482,12.899848951350249,12.479290008544922,12.479290008544922,15100,0.0,0.0,0.0
2011-09-22 00:00:00-04:00,12.13151884596509,12.13151884596509,11.791836256573971,11.961677551269531,19200,0.0,0.0,0.0
2011-09-23 00:00:00-04:00,11.791835910969931,12.010203614021792,11.783748046864046,11.913150787353516,10400,0.0,0.0,0.0
2011-09-26 00:00:00-04:00,12.180044551763167,12.341797972700688,12.018290359524494,12.309447288513184,6000,0.0,0.0,0.0
2011-09-27 00:00:00-04:00,12.73809503613117,12.988812665231105,12.73000717163086,12.73000717163086,8300,0.0,0.0,0.0
2011-09-28 00:00:00-04:00,12.818971555731835,12.818971555731835,12.511639660403434,12.519726753234863,5400,0.0,0.0,0.0
2011-09-29 00:00:00-04:00,12.932200177418006,12.932200177418006,12.592517554596785,12.657218933105469,8800,0.0,0.0,0.0
2011-09-30 00:00:00-04:00,12.446937312655288,12.592514999106049,12.349885264587742,12.438849449157715,8100,0.0,0.0,0.0
2011-10-03 00:00:00-04:00,12.220483039833736,12.293272276317719,11.961677551269531,11.961677551269531,13100,0.0,0.0,0.0
2011-10-04 00:00:00-04:00,11.727135529819959,12.026379585266113,11.605820643204387,12.026379585266113,8800,0.0,0.0,0.0
2011-10-05 00:00:00-04:00,12.06681879948242,12.366062871334977,12.06681879948242,12.357975006103516,109500,0.0,0.0,0.0
2011-10-06 00:00:00-04:00,12.341799313863126,12.705744743347168,12.31753571960995,12.705744743347168,7000,0.0,0.0,0.0
2011-10-07 00:00:00-04:00,12.641041544843095,12.73809359395519,12.511638812693635,12.560164451599121,17400,0.0,0.0,0.0
2011-10-10 00:00:00-04:00,12.956460942826885,13.32849340234019,12.956460942826885,13.263792037963867,11000,0.0,0.0,0.0
2011-10-11 00:00:00-04:00,13.061603523234933,13.247619802007442,13.045427792227946,13.166744232177734,7800,0.0,0.0,0.0
2011-10-12 00:00:00-04:00,13.433635877798759,13.63582786130517,13.433635877798759,13.482161521911621,3800,0.0,0.0,0.0
2011-10-13 00:00:00-04:00,13.344668139261668,13.352756002034077,13.271878916912073,13.336580276489258,900,0.0,0.0,0.0
2011-10-14 00:00:00-04:00,13.59538770672131,13.61156343463611,13.482160696522346,13.603475570678711,10400,0.0,0.0,0.0
2011-10-17 00:00:00-04:00,13.4417250386775,13.4417250386775,13.053515220525334,13.077778816223145,5600,0.0,0.0,0.0
2011-10-18 00:00:00-04:00,13.142477142516462,13.546861054593892,13.013074414059862,13.44172191619873,18000,0.0,0.0,0.0
2011-10-19 00:00:00-04:00,13.271882920521714,13.320408569192375,13.03734099977805,13.045427322387695,12000,0.0,0.0,0.0
2011-10-20 00:00:00-04:00,13.182915804328312,13.182915804328312,13.021163154167374,13.174829483032227,4500,0.0,0.0,0.0
2011-10-21 00:00:00-04:00,13.465984439578524,13.660088539123535,13.449808712299209,13.660088539123535,16700,0.0,0.0,0.0
2011-10-24 00:00:00-04:00,13.700529953996398,13.943159729908194,13.635828577579753,13.846108436584473,11300,0.0,0.0,0.0
2011-10-25 00:00:00-04:00,13.854195237775272,13.894634563560153,13.708618292757345,13.72479248046875,16200,0.0,0.0,0.0
2011-10-26 00:00:00-04:00,14.112998921461603,14.121085242083103,13.813754152594257,14.080647468566895,10300,0.0,0.0,0.0
2011-10-27 00:00:00-04:00,14.832801570138807,15.221009743776378,14.760012344756493,15.132044792175293,28300,0.0,0.0,0.0
2011-10-28 00:00:00-04:00,14.889417694330898,14.913681287936766,14.792366405112285,14.816628456115723,8300,0.0,0.0,0.0
2011-10-31 00:00:00-04:00,14.485034536454345,14.485034536454345,14.040212760255574,14.056386947631836,9500,0.0,0.0,0.0
2011-11-01 00:00:00-04:00,13.150566836766352,13.514511482745142,13.13439110780665,13.409372329711914,13000,0.0,0.0,0.0
2011-11-02 00:00:00-04:00,13.465985009226953,13.611563475694648,13.417459367938497,13.530686378479004,52100,0.0,0.0,0.0
2011-11-03 00:00:00-04:00,13.821842015817934,14.080647468566895,13.54686083662162,14.080647468566895,3200,0.0,0.0,0.0
2011-11-04 00:00:00-04:00,13.886545722346629,13.886545722346629,13.82993221282959,13.82993221282959,500,0.0,0.0,0.0
2011-11-07 00:00:00-05:00,13.910809516906738,14.015948672869945,13.805668818341074,13.910809516906738,3500,0.0,0.0,0.0
2011-11-08 00:00:00-05:00,14.153437081376591,14.210050582885742,13.95124512307121,14.210050582885742,4800,0.0,0.0,0.0
2011-11-09 00:00:00-05:00,13.352757452745553,13.474072322307778,13.215266855881096,13.2476167678833,8800,0.0,0.0,0.0
2011-11-10 00:00:00-05:00,13.393196847702418,13.474073951389762,13.360846931788949,13.417460441589355,3200,0.0,0.0,0.0
2011-11-11 00:00:00-05:00,13.765231165510365,13.983598886776507,13.757143300729862,13.926983833312988,8200,0.0,0.0,0.0
2011-11-14 00:00:00-05:00,13.676263594950516,13.749052821531505,13.498335231420423,13.595386505126953,8800,0.0,0.0,0.0
2011-11-15 00:00:00-05:00,13.522598511397284,13.708616297731322,13.498336462059779,13.63582706451416,3300,0.0,0.0,0.0
2011-11-16 00:00:00-05:00,13.490249728017563,13.579214696646279,13.344671249389648,13.344671249389648,18200,0.0,0.0,0.0
2011-11-17 00:00:00-05:00,13.296146549695758,13.344672198488817,13.077778816223145,13.077778816223145,4700,0.0,0.0,0.0
2011-11-18 00:00:00-05:00,13.247618095669,13.247618095669,13.134391078409346,13.142478942871094,3200,0.0,0.0,0.0
2011-11-21 00:00:00-05:00,12.91602276721493,12.91602276721493,12.65721653099565,12.74618148803711,23100,0.0,0.0,0.0
2011-11-22 00:00:00-05:00,12.66530468014221,12.762356731674583,12.62486613251177,12.681480407714844,12300,0.0,0.0,0.0
2011-11-23 00:00:00-05:00,12.455025445392025,12.455025445392025,12.196219962256974,12.293272018432617,10800,0.0,0.0,0.0
2011-11-25 00:00:00-05:00,12.147694091995799,12.21239546156612,12.131518363952637,12.131518363952637,9300,0.0,0.0,0.0
2011-11-28 00:00:00-05:00,12.730008176753055,12.738096041891959,12.624868243851127,12.657218933105469,7300,0.0,0.0,0.0
2011-11-29 00:00:00-05:00,12.730006465782127,12.827058520500913,12.689567916824007,12.738094329833984,268300,0.0,0.0,0.0
2011-11-30 00:00:00-05:00,13.312317779939775,13.563036918640137,13.247616415056312,13.563036918640137,49900,0.0,0.0,0.0
2011-12-01 00:00:00-05:00,13.409369498838853,13.409369498838853,13.336580276489258,13.336580276489258,4600,0.0,0.0,0.0
2011-12-02 00:00:00-05:00,13.571126534104101,13.571126534104101,13.360846685435227,13.409372329711914,7700,0.0,0.0,0.0
2011-12-05 00:00:00-05:00,13.69244212236819,13.69244212236819,13.441724480970187,13.506425857543945,10100,0.0,0.0,0.0
2011-12-06 00:00:00-05:00,13.425545554672098,13.63582536412167,13.425545554672098,13.61156177520752,4300,0.0,0.0,0.0
2011-12-07 00:00:00-05:00,13.368933068730023,13.603474942250418,13.271880248327006,13.571125030517578,12500,0.0,0.0,0.0
2011-12-08 00:00:00-05:00,13.191003247155992,13.191003247155992,13.01307487487793,13.01307487487793,10000,0.0,0.0,0.0
2011-12-09 00:00:00-05:00,13.150566717564148,13.304233056083586,13.150566717564148,13.288057327270508,11600,0.0,0.0,0.0
2011-12-12 00:00:00-05:00,12.956462601064652,12.956462601064652,12.72191916105597,12.762357711791992,5100,0.0,0.0,0.0
2011-12-13 00:00:00-05:00,12.996900812479165,13.02116440650795,12.568254011553238,12.584429740905762,37200,0.0,0.0,0.0
2011-12-14 00:00:00-05:00,12.455024404851747,12.519725770230112,12.406498766468532,12.438849449157715,11500,0.0,0.0,0.0
2011-12-15 00:00:00-05:00,12.592516899108887,12.592516899108887,12.503552701115687,12.592516899108887,7000,0.0,0.0,0.0
2011-12-16 00:00:00-05:00,12.560165448510428,12.592516134115495,12.455025527468663,12.48737621307373,6700,0.0,0.0,0.0
2011-12-19 00:00:00-05:00,12.592516428980348,12.649130708590777,12.422675132751465,12.422675132751465,6800,0.0,0.0,0.0
2011-12-20 00:00:00-05:00,12.883672141838929,13.01307487487793,12.867496414558488,13.01307487487793,6200,0.0,0.0,0.0
2011-12-21 00:00:00-05:00,12.891761172191707,12.940287590026855,12.80279697267872,12.940287590026855,4700,0.0,0.0,0.0
2011-12-22 00:00:00-05:00,12.899849071265876,13.029252595402447,12.843235559725734,12.972639083862305,13100,0.0,0.0,0.0
2011-12-23 00:00:00-05:00,13.037339835314548,13.1424789884773,13.013076241845102,13.069689750671387,2000,0.0,0.0,0.0
2011-12-27 00:00:00-05:00,13.09395093457525,13.134388706980495,13.053511619567871,13.053511619567871,7500,0.0,0.0,0.0
2011-12-28 00:00:00-05:00,12.969148392449533,12.993961592772546,12.712742693120338,12.721014022827148,196800,0.358,0.0,0.0
2011-12-29 00:00:00-05:00,12.754098791063516,12.911250114440918,12.745827461202223,12.911250114440918,22500,0.0,0.0,0.0
2011-12-30 00:00:00-05:00,12.869894706910587,13.043588685478316,12.869894706910587,12.936063766479492,10300,0.0,0.0,0.0
2012-01-03 00:00:00-05:00,13.349621041311442,13.531587152592481,13.349621041311442,13.448875427246094,11800,0.0,0.0,0.0
2012-01-04 00:00:00-05:00,13.341350044654043,13.357892705656003,13.167656836918411,13.333080291748047,7400,0.0,0.0,0.0
2012-01-05 00:00:00-05:00,13.184197764391339,13.225553625135339,13.109758161609065,13.21728229522705,4200,0.0,0.0,0.0
2012-01-06 00:00:00-05:00,13.010502480040197,13.035316467285156,13.010502480040197,13.035316467285156,700,0.0,0.0,0.0
2012-01-09 00:00:00-05:00,13.101487385552518,13.101487385552518,13.018775660567968,13.084944725036621,1200,0.0,0.0,0.0
2012-01-10 00:00:00-05:00,13.34961997770642,13.34961997770642,13.291722247855322,13.341348648071289,18600,0.0,0.0,0.0
2012-01-11 00:00:00-05:00,13.200742616374038,13.209013947655894,13.084946344820755,13.151115417480469,4900,0.0,0.0,0.0
2012-01-12 00:00:00-05:00,13.258638221103988,13.357891019396408,13.258638221103988,13.316535949707031,4400,0.0,0.0,0.0
2012-01-13 00:00:00-05:00,13.093215995706883,13.093215995706883,12.944335206931244,13.04358959197998,5500,0.0,0.0,0.0
2012-01-17 00:00:00-05:00,13.31653673909522,13.457146193006963,13.31653673909522,13.374434471130371,14300,0.0,0.0,0.0
2012-01-18 00:00:00-05:00,13.515043327710018,13.672195434570312,13.515043327710018,13.672195434570312,3700,0.0,0.0,0.0
2012-01-19 00:00:00-05:00,13.779719583352563,13.878973960876465,13.705279194608337,13.878973960876465,15100,0.0,0.0,0.0
2012-01-20 00:00:00-05:00,13.763176518115355,13.796261835512153,13.721821448964121,13.746635437011719,6300,0.0,0.0,0.0
2012-01-23 00:00:00-05:00,13.878975812044251,13.94514488002083,13.86243315065135,13.92860221862793,5700,0.0,0.0,0.0
2012-01-24 00:00:00-05:00,13.639111186320582,13.75490665435791,13.581213452301919,13.75490665435791,13300,0.0,0.0,0.0
2012-01-25 00:00:00-05:00,13.597756384991598,13.804534912109375,13.531587319417708,13.804534912109375,6500,0.0,0.0,0.0
2012-01-26 00:00:00-05:00,13.969956285257556,14.019584265850892,13.912058552160241,13.978227615356445,63200,0.0,0.0,0.0
2012-01-27 00:00:00-05:00,13.8541618199549,13.96995729451516,13.837619158562,13.92860221862793,4500,0.0,0.0,0.0
2012-01-30 00:00:00-05:00,13.647383237899076,13.804535365395427,13.630840576563667,13.77145004272461,15700,0.0,0.0,0.0
2012-01-31 00:00:00-05:00,13.945143020027462,13.945143020027462,13.779719583352563,13.878973960876465,3100,0.0,0.0,0.0
2012-02-01 00:00:00-05:00,14.110567080962516,14.284261874334495,14.102295750078607,14.226364135742188,18200,0.0,0.0,0.0
2012-02-02 00:00:00-05:00,14.309072494506836,14.317343824353216,14.251174763177035,14.309072494506836,20300,0.0,0.0,0.0
2012-02-03 00:00:00-05:00,14.499307657021516,14.598560444457895,14.499307657021516,14.590289115905762,3700,0.0,0.0,0.0
2012-02-06 00:00:00-05:00,14.408329447833653,14.499312514794997,14.358703037488892,14.49104118347168,38800,0.0,0.0,0.0
2012-02-07 00:00:00-05:00,14.697816343357129,14.714359002187793,14.639918615044584,14.6647310256958,17400,0.0,0.0,0.0
2012-02-08 00:00:00-05:00,14.788796709822977,14.888051077816739,14.76398430102053,14.838424682617188,13500,0.0,0.0,0.0
2012-02-09 00:00:00-05:00,14.937680131520883,15.012120526365925,14.838427323457456,14.945951461791992,41400,0.0,0.0,0.0
2012-02-10 00:00:00-05:00,14.631645779273013,14.772255209668087,14.5902891364541,14.706086158752441,11700,0.0,0.0,0.0
2012-02-13 00:00:00-05:00,14.954223575683525,14.954223575683525,14.863240515528636,14.91286849975586,19500,0.0,0.0,0.0
2012-02-14 00:00:00-05:00,14.846695589147515,14.846695589147515,14.689543501624875,14.706086158752441,2700,0.0,0.0,0.0
2012-02-15 00:00:00-05:00,14.88805428925544,14.979037348075734,14.797071230435145,14.813613891601562,8700,0.0,0.0,0.0
2012-02-16 00:00:00-05:00,14.821883831798168,15.078288745445228,14.813612501990862,15.053476333618164,38200,0.0,0.0,0.0
2012-02-17 00:00:00-05:00,15.177543414899104,15.210627157164218,15.103103022808995,15.194086074829102,5400,0.0,0.0,0.0
2012-02-21 00:00:00-05:00,15.400864486856578,15.409134239170683,15.276796115816813,15.293338775634766,5300,0.0,0.0,0.0
2012-02-22 00:00:00-05:00,15.260257774625742,15.301612854003908,15.251986443231079,15.301612854003906,8000,0.0,0.0,0.0
2012-02-23 00:00:00-05:00,15.227172050429084,15.376052856445312,15.185816972133516,15.376052856445312,32300,0.0,0.0,0.0
2012-02-24 00:00:00-05:00,15.54147295592797,15.69035215207688,15.533201626542791,15.665539741516113,8900,0.0,0.0,0.0
2012-02-27 00:00:00-05:00,15.392592109953208,15.524930224305523,15.301609064737955,15.508387565612793,8200,0.0,0.0,0.0
2012-02-28 00:00:00-05:00,15.475302431583428,15.657268524169922,15.442218691400743,15.657268524169922,33900,0.0,0.0,0.0
2012-02-29 00:00:00-05:00,15.764793320104774,15.764793320104774,15.450490675867918,15.5166597366333,18400,0.0,0.0,0.0
2012-03-01 00:00:00-05:00,15.558010796384181,15.63245116775016,15.483570425018202,15.62417984008789,14000,0.0,0.0,0.0
2012-03-02 00:00:00-05:00,15.483572558891545,15.483572558891545,15.384319768454647,15.467031478881836,8800,0.0,0.0,0.0
2012-03-05 00:00:00-05:00,15.384320706936498,15.384320706936498,15.30160899146369,15.351235389709473,9200,0.0,0.0,0.0
2012-03-06 00:00:00-05:00,14.805340455246869,14.805340455246869,14.565478212829555,14.573749542236328,41200,0.0,0.0,0.0
2012-03-07 00:00:00-05:00,14.656461045420553,14.830155823941723,14.656461045420553,14.797070503234863,2700,0.0,0.0,0.0
2012-03-08 00:00:00-05:00,15.086561806623843,15.33469699653506,15.061747814354211,15.318154335021973,6900,0.0,0.0,0.0
2012-03-09 00:00:00-05:00,15.094832646632007,15.144459051962832,15.028663580325912,15.078289985656738,10900,0.0,0.0,0.0
2012-03-12 00:00:00-04:00,15.053477458895484,15.111375194279741,14.945951740957604,15.08656120300293,42000,0.0,0.0,0.0
2012-03-13 00:00:00-04:00,15.127918460406562,15.376052072722747,15.127918460406562,15.318154335021973,20000,0.0,0.0,0.0
2012-03-14 00:00:00-04:00,15.326424714553879,15.326424714553879,15.152729934636778,15.202356338500977,700,0.0,0.0,0.0
2012-03-15 00:00:00-04:00,15.169270877745097,15.351235389709473,15.169270877745097,15.351235389709473,3800,0.0,0.0,0.0
2012-03-16 00:00:00-04:00,15.49184388769373,15.5083865452981,15.467031478881836,15.467031478881836,4700,0.0,0.0,0.0
2012-03-19 00:00:00-04:00,15.417404029842912,15.615911195055237,15.417404029842912,15.59109878540039,3100,0.0,0.0,0.0
2012-03-20 00:00:00-04:00,15.293338775634766,15.334695425179644,15.293338775634766,15.293338775634766,3100,0.0,0.0,0.0
2012-03-21 00:00:00-04:00,15.210626765091554,15.210626765091554,15.119645293011489,15.152729034423828,4300,0.0,0.0,0.0
2012-03-22 00:00:00-04:00,14.888052715643116,14.945950446011,14.854967396807279,14.904595375061035,5900,0.0,0.0,0.0
2012-03-23 00:00:00-04:00,15.036936525405885,15.152732009476356,14.937682126491804,15.144460678100586,13900,0.0,0.0,0.0
2012-03-26 00:00:00-04:00,15.318153384358244,15.524931907653809,15.318153384358244,15.524931907653809,37000,0.0,0.0,0.0
2012-03-27 00:00:00-04:00,15.433946236957595,15.433946236957595,15.243710406388033,15.251981735229492,53400,0.0,0.0,0.0
2012-03-28 00:00:00-04:00,15.285068063337933,15.342965797445322,15.1361872741504,15.202356338500977,41700,0.0,0.0,0.0
2012-03-29 00:00:00-04:00,15.020390447383,15.053475765363283,14.85496701267118,14.979035377502441,18300,0.0,0.0,0.0
2012-03-30 00:00:00-04:00,15.301610495560835,15.351236898684729,15.152729708594247,15.334695816040039,11400,0.0,0.0,0.0
2012-04-02 00:00:00-04:00,15.276795745261218,15.607642623215705,15.218898014897633,15.574557304382324,22600,0.0,0.0,0.0
2012-04-03 00:00:00-04:00,15.574557682160457,15.599371671887383,15.243712373775782,15.293338775634766,19300,0.0,0.0,0.0
2012-04-04 00:00:00-04:00,14.896321560636485,14.912864217295079,14.706085741846367,14.83015251159668,15400,0.0,0.0,0.0
2012-04-05 00:00:00-04:00,14.648189933582989,14.763986980188093,14.648189933582989,14.689546585083008,8600,0.0,0.0,0.0
2012-04-09 00:00:00-04:00,14.499309941166901,14.656460475630274,14.474495951601435,14.631648063659668,16700,0.0,0.0,0.0
2012-04-10 00:00:00-04:00,14.557207646528054,14.557207646528054,14.218091011047363,14.218091011047363,15400,0.0,0.0,0.0
2012-04-11 00:00:00-04:00,14.482768681248634,14.482768681248634,14.391785621643066,14.391785621643066,30500,0.0,0.0,0.0
2012-04-12 00:00:00-04:00,14.582018441929463,14.821882247924805,14.582018441929463,14.821882247924805,9600,0.0,0.0,0.0
2012-04-13 00:00:00-04:00,14.61510636165832,14.61510636165832,14.457954239302111,14.515851974487305,2100,0.0,0.0,0.0
2012-04-16 00:00:00-04:00,14.55720767255813,14.656460475630274,14.474495951601435,14.631648063659668,6500,0.0,0.0,0.0
2012-04-17 00:00:00-04:00,14.830153353818153,14.929406144217255,14.805339367421047,14.838424682617188,36700,0.0,0.0,0.0
2012-04-18 00:00:00-04:00,14.697814830188658,14.79706761776482,14.673000844497311,14.706086158752441,6800,0.0,0.0,0.0
2012-04-19 00:00:00-04:00,14.830152932019951,14.830152932019951,14.664729515933528,14.706086158752441,2100,0.0,0.0,0.0
2012-04-20 00:00:00-04:00,14.83015459428699,14.904594982110217,14.83015459428699,14.863238334655762,8100,0.0,0.0,0.0
2012-04-23 00:00:00-04:00,14.474497350594035,14.474497350594035,14.226363741336144,14.391785621643066,9900,0.0,0.0,0.0
2012-04-24 00:00:00-04:00,14.466225457098961,14.590292256900815,14.466225457098961,14.524123191833496,2800,0.0,0.0,0.0
2012-04-25 00:00:00-04:00,14.896322630640968,14.896322630640968,14.772255851978924,14.821882247924805,5400,0.0,0.0,0.0
2012-04-26 00:00:00-04:00,14.8053393228732,14.88805103302002,14.72262761272638,14.88805103302002,2800,0.0,0.0,0.0
2012-04-27 00:00:00-04:00,14.970765339555482,15.0121204130038,14.912867605689867,14.954222679138184,9200,0.0,0.0,0.0
2012-04-30 00:00:00-04:00,14.995578313182445,15.061747379730381,14.995578313182445,15.028663635253906,3800,0.0,0.0,0.0
2012-05-01 00:00:00-04:00,15.02866380611176,15.243713669236152,15.02866380611176,15.061747550964355,6500,0.0,0.0,0.0
2012-05-02 00:00:00-04:00,14.88805372748917,14.945951461791992,14.830155993186347,14.945951461791992,3400,0.0,0.0,0.0
2012-05-03 00:00:00-04:00,15.012118034405926,15.012118034405926,14.871508598327637,14.871508598327637,5200,0.0,0.0,0.0
2012-05-04 00:00:00-04:00,14.797069141151557,14.797069141151557,14.557206898486042,14.6647310256958,3800,0.0,0.0,0.0
2012-05-07 00:00:00-04:00,14.457952005579342,14.5902901162981,14.457952005579342,14.540663719177246,2900,0.0,0.0,0.0
2012-05-08 00:00:00-04:00,14.482767555765044,14.482767555765044,14.218091305766453,14.449682235717773,37200,0.0,0.0,0.0
2012-05-09 00:00:00-04:00,14.118837689899832,14.309073557717134,14.044397293346108,14.209820747375488,11300,0.0,0.0,0.0
2012-05-10 00:00:00-04:00,14.292530668661456,14.408326125295353,14.201547622680664,14.201547622680664,7100,0.0,0.0,0.0
2012-05-11 00:00:00-04:00,14.226361835721567,14.284259564953368,14.185005187988281,14.185005187988281,2000,0.0,0.0,0.0
2012-05-14 00:00:00-04:00,13.854160751683782,13.870703411801106,13.71355129587633,13.730093955993652,11900,0.0,0.0,0.0
2012-05-15 00:00:00-04:00,13.73836390893994,13.73836390893994,13.440602367054868,13.48195743560791,14000,0.0,0.0,0.0
2012-05-16 00:00:00-04:00,13.506772091154401,13.572941150667917,13.357891312850285,13.457145690917969,17400,0.0,0.0,0.0
2012-05-17 00:00:00-04:00,13.432332879536261,13.432332879536261,13.23382568359375,13.23382568359375,6000,0.0,0.0,0.0
2012-05-18 00:00:00-04:00,13.250367438675582,13.258638768473888,13.02704626690586,13.126299858093262,9200,0.0,0.0,0.0
2012-05-21 00:00:00-04:00,13.242095198329734,13.48195743560791,13.200739340979322,13.48195743560791,2000,0.0,0.0,0.0
2012-05-22 00:00:00-04:00,13.688736446208297,13.738364423444214,13.515043258666992,13.515043258666992,1700,0.0,0.0,0.0
2012-05-23 00:00:00-04:00,13.432331383685625,13.432331383685625,13.10148609395835,13.109757423400879,4700,0.0,0.0,0.0
2012-05-24 00:00:00-04:00,13.283451522458915,13.283451522458915,13.159384727478027,13.159384727478027,4000,0.0,0.0,0.0
2012-05-25 00:00:00-04:00,13.250368845300095,13.283452590410553,13.217283522594617,13.266911506652832,1700,0.0,0.0,0.0
2012-05-29 00:00:00-04:00,13.374434696611177,13.490230162633685,13.357892036437988,13.357892036437988,2100,0.0,0.0,0.0
2012-05-30 00:00:00-04:00,13.258637619705663,13.258637619705663,12.985689281592592,13.035316467285156,9400,0.0,0.0,0.0
2012-05-31 00:00:00-04:00,12.977419627604238,12.993962287902832,12.737556574856852,12.993962287902832,11400,0.0,0.0,0.0
2012-06-01 00:00:00-04:00,12.596946376778106,12.638302236295306,12.456337716495485,12.563861846923828,29500,0.0,0.0,0.0
2012-06-04 00:00:00-04:00,12.61348976706207,12.696201490889656,12.514236171747442,12.580405235290527,8400,0.0,0.0,0.0
2012-06-05 00:00:00-04:00,12.638301283954796,12.671385811316037,12.53904770187107,12.621759414672852,27100,0.0,0.0,0.0
2012-06-06 00:00:00-04:00,12.77063994475593,13.101486021449563,12.77063994475593,12.952605247497559,3400,0.0,0.0,0.0
2012-06-07 00:00:00-04:00,13.333077916590003,13.407516722648309,13.19246768951416,13.19246768951416,2600,0.0,0.0,0.0
2012-06-08 00:00:00-04:00,13.06013113373383,13.159384727478027,12.886437147482122,13.159384727478027,2300,0.0,0.0,0.0
2012-06-11 00:00:00-04:00,13.36616174257773,13.374433071659386,13.035316467285156,13.035316467285156,15800,0.0,0.0,0.0
2012-06-12 00:00:00-04:00,13.118030523602865,13.382707595825195,13.093217319231178,13.382707595825195,36100,0.0,0.0,0.0
2012-06-13 00:00:00-04:00,13.209012312513444,13.209012312513444,13.068402853318192,13.084944725036621,15100,0.0,0.0,0.0
2012-06-14 00:00:00-04:00,13.109758325004652,13.242096449996914,13.109758325004652,13.159384727478027,1300,0.0,0.0,0.0
2012-06-15 00:00:00-04:00,13.283451531210797,13.36616325378418,13.283451531210797,13.36616325378418,5000,0.0,0.0,0.0
2012-06-18 00:00:00-04:00,13.24209757160879,13.308266639709473,13.200741706846484,13.308266639709473,3100,0.0,0.0,0.0
2012-06-19 00:00:00-04:00,13.630838330036088,13.672194976558533,13.58121193180391,13.589483261108398,6500,0.0,0.0,0.0
2012-06-20 00:00:00-04:00,13.663925230236353,13.80453468951293,13.647382569710889,13.705280303955078,8700,0.0,0.0,0.0
2012-06-21 00:00:00-04:00,13.672197640366138,13.672197640366138,13.399250030517578,13.399250030517578,9000,0.0,0.0,0.0
2012-06-22 00:00:00-04:00,13.457146983853415,13.457146983853415,13.432332992553711,13.432332992553711,300,0.0,0.0,0.0
2012-06-25 00:00:00-04:00,13.24209622239294,13.24209622239294,13.11802864074707,13.11802864074707,3100,0.0,0.0,0.0
2012-06-26 00:00:00-04:00,13.068403298415078,13.167656898498535,13.01050477343494,13.167656898498535,4200,0.0,0.0,0.0
2012-06-27 00:00:00-04:00,13.134571749742825,13.258639335632324,13.134571749742825,13.258639335632324,1300,0.0,0.0,0.0
2012-06-28 00:00:00-04:00,13.167654879224848,13.175926208496094,13.101485822649638,13.175926208496094,5800,0.0,0.0,0.0
2012-06-29 00:00:00-04:00,13.903787387213146,13.920330047607422,13.862432313822385,13.920330047607422,10900,0.0,0.0,0.0
2012-07-02 00:00:00-04:00,13.94514181329399,14.036123275756836,13.837616115481525,14.036123275756836,7200,0.0,0.0,0.0
2012-07-03 00:00:00-04:00,14.118836129209823,14.193276517534938,14.052667070431365,14.185005187988281,6900,0.0,0.0,0.0
2012-07-05 00:00:00-04:00,14.077480861672912,14.077480861672912,13.94514274597168,13.94514274597168,3500,0.0,0.0,0.0
2012-07-06 00:00:00-04:00,13.71355152130127,13.763177924874107,13.655653787533808,13.71355152130127,139800,0.0,0.0,0.0
2012-07-09 00:00:00-04:00,13.76317669381259,13.779719352722168,13.76317669381259,13.779719352722168,500,0.0,0.0,0.0
2012-07-10 00:00:00-04:00,13.895515658028225,13.912058317947505,13.74663645153936,13.787991523742676,12300,0.0,0.0,0.0
2012-07-11 00:00:00-04:00,13.796263245652614,13.870703639809332,13.705280191106644,13.71355152130127,6700,0.0,0.0,0.0
2012-07-12 00:00:00-04:00,13.647381557925092,13.663924217224121,13.589483827973307,13.663924217224121,2500,0.0,0.0,0.0
2012-07-13 00:00:00-04:00,13.787992422422299,13.837618827819826,13.787992422422299,13.837618827819824,1100,0.0,0.0,0.0
2012-07-16 00:00:00-04:00,13.88724512923711,13.953414187619877,13.787990752865563,13.936871528625488,9300,0.0,0.0,0.0
2012-07-17 00:00:00-04:00,13.969955269019476,13.969955269019476,13.804533411859952,13.936871528625488,800,0.0,0.0,0.0
2012-07-18 00:00:00-04:00,13.912058997462736,14.077482449545641,13.912058997462736,14.06093978881836,3000,0.0,0.0,0.0
2012-07-19 00:00:00-04:00,14.143652404498152,14.226364135742188,14.143652404498152,14.226364135742188,13000,0.0,0.0,0.0
2012-07-20 00:00:00-04:00,14.069208145141602,14.110563210622947,14.052665487911215,14.069208145141602,5900,0.0,0.0,0.0
2012-07-23 00:00:00-04:00,13.639111517172028,13.862432706028327,13.639111517172028,13.845890045166016,4500,0.0,0.0,0.0
2012-07-24 00:00:00-04:00,13.705280303955078,13.705280303955078,13.705280303955078,13.705280303955078,200,0.0,0.0,0.0
2012-07-25 00:00:00-04:00,13.79626101162435,13.829344749450684,13.7879896827691,13.829344749450684,900,0.0,0.0,0.0
2012-07-26 00:00:00-04:00,14.325616666119709,14.342159327558376,14.251176267240735,14.292532920837402,11700,0.0,0.0,0.0
2012-07-27 00:00:00-04:00,14.457954457909223,14.63992057420829,14.457954457909223,14.615106582641602,4400,0.0,0.0,0.0
2012-07-30 00:00:00-04:00,14.582021147696722,14.68954686605853,14.582021147696722,14.623377799987793,27600,0.0,0.0,0.0
2012-07-31 00:00:00-04:00,14.656462272497862,14.656462272497862,14.582021872270005,14.639921188354492,800,0.0,0.0,0.0
2012-08-01 00:00:00-04:00,14.697818196516744,14.722630610296411,14.565480064375269,14.623377799987793,5600,0.0,0.0,0.0
2012-08-02 00:00:00-04:00,14.46622280797261,14.623374900327129,14.284258306758463,14.416596412658691,38100,0.0,0.0,0.0
2012-08-03 00:00:00-04:00,14.813613444631132,14.962494235446714,14.813613444631132,14.9376802444458,9300,0.0,0.0,0.0
2012-08-06 00:00:00-04:00,14.970765113830566,15.053476837075024,14.954222453662693,14.970765113830566,14000,0.0,0.0,0.0
2012-08-07 00:00:00-04:00,14.995578483664158,15.136187948876454,14.995578483664158,15.061747550964355,26600,0.0,0.0,0.0
2012-08-08 00:00:00-04:00,15.028662905931187,15.136187042255445,15.028662905931187,15.127917289733887,10700,0.0,0.0,0.0
2012-08-09 00:00:00-04:00,15.11964361231277,15.194083994209297,15.11964361231277,15.136184692382812,7200,0.0,0.0,0.0
2012-08-10 00:00:00-04:00,15.094832752748617,15.202356894653796,15.094832752748617,15.185815811157227,10100,0.0,0.0,0.0
2012-08-13 00:00:00-04:00,15.152729085102905,15.152729085102905,15.094831354241537,15.103102684020996,10100,0.0,0.0,0.0
2012-08-14 00:00:00-04:00,15.094831969268016,15.21889876582521,15.094831969268016,15.127917289733887,5900,0.0,0.0,0.0
2012-08-15 00:00:00-04:00,15.078289480931636,15.19408652628739,15.078289480931636,15.161001205444336,2200,0.0,0.0,0.0
2012-08-16 00:00:00-04:00,15.103100971272559,15.268522815317743,15.103100971272559,15.251981735229492,2800,0.0,0.0,0.0
2012-08-17 00:00:00-04:00,15.19408635919325,15.334695816040037,15.19408635919325,15.334695816040039,4700,0.0,0.0,0.0
2012-08-20 00:00:00-04:00,15.276794144159203,15.276794144159203,15.243710406388033,15.251981735229492,700,0.0,0.0,0.0
2012-08-21 00:00:00-04:00,15.35950585497913,15.376048512662047,15.251981735229492,15.251981735229492,3200,0.0,0.0,0.0
2012-08-22 00:00:00-04:00,15.003848640823888,15.194086074829102,15.003848640823888,15.194086074829102,13400,0.0,0.0,0.0
2012-08-23 00:00:00-04:00,15.19408545800385,15.202355210038244,15.127916398564965,15.169271469116211,5100,0.0,0.0,0.0
2012-08-24 00:00:00-04:00,15.144458379704021,15.293339166682697,15.144458379704021,15.21889877319336,3900,0.0,0.0,0.0
2012-08-27 00:00:00-04:00,15.260253464783615,15.376048916415336,15.251982135724962,15.268523216247559,12000,0.0,0.0,0.0
2012-08-28 00:00:00-04:00,15.16099923311798,15.16099923311798,15.094830177634877,15.119644165039062,7900,0.0,0.0,0.0
2012-08-29 00:00:00-04:00,15.111375307607275,15.111375307607275,15.053477571788816,15.078289985656738,1200,0.0,0.0,0.0
2012-08-30 00:00:00-04:00,14.846697253268772,14.896323652619325,14.846697253268772,14.863238334655762,1400,0.0,0.0,0.0
2012-08-31 00:00:00-04:00,15.070018710248245,15.070018710248245,14.987308560259567,15.028663635253906,2600,0.0,0.0,0.0
2012-09-04 00:00:00-04:00,15.045203169809087,15.045203169809087,14.838424682617188,14.838424682617188,800,0.0,0.0,0.0
2012-09-05 00:00:00-04:00,14.929407392988097,14.929407392988097,14.797069276323427,14.863238334655762,5500,0.0,0.0,0.0
2012-09-06 00:00:00-04:00,15.07828842078969,15.202355210038244,15.07828842078969,15.169271469116211,2200,0.0,0.0,0.0
2012-09-07 00:00:00-04:00,15.384318998670748,15.508385769306283,15.384318998670748,15.500114440917969,5700,0.0,0.0,0.0
2012-09-10 00:00:00-04:00,15.41740399776343,15.4918443817625,15.384320259094237,15.384320259094238,4900,0.0,0.0,0.0
2012-09-11 00:00:00-04:00,15.491845522949323,15.615912312888756,15.491845522949323,15.533202171325684,8600,0.0,0.0,0.0
2012-09-12 00:00:00-04:00,15.739980128387955,15.76479253894872,15.640725753360577,15.665539741516113,18300,0.0,0.0,0.0
2012-09-13 00:00:00-04:00,15.549744711073524,15.92194669338546,15.549744711073524,15.864048957824707,7500,0.0,0.0,0.0
2012-09-14 00:00:00-04:00,16.054286781919473,16.269336667063612,16.02947278754298,16.112184524536133,10500,0.0,0.0,0.0
2012-09-17 00:00:00-04:00,16.136994061436166,16.1700778005377,15.996384620666504,15.996384620666504,5200,0.0,0.0,0.0
2012-09-18 00:00:00-04:00,15.98811632079291,15.98811632079291,15.864049514864194,15.93848991394043,11000,0.0,0.0,0.0
2012-09-19 00:00:00-04:00,16.046013267156283,16.103911001895074,16.012929523417668,16.087369918823242,4000,0.0,0.0,0.0
2012-09-20 00:00:00-04:00,15.905404817529911,15.921947479248047,15.855778409970558,15.921947479248047,2700,0.0,0.0,0.0
2012-09-21 00:00:00-04:00,16.103910551395572,16.103910551395572,15.979843755055311,16.004657745361328,2000,0.0,0.0,0.0
2012-09-24 00:00:00-04:00,15.847506242443442,15.93848929949469,15.822692251176292,15.913675308227539,8300,0.0,0.0,0.0
2012-09-25 00:00:00-04:00,15.996387089847847,16.07909881676105,15.864048957824707,15.864048957824707,4600,0.0,0.0,0.0
2012-09-26 00:00:00-04:00,15.648996530082309,15.682080268859862,15.640725200989243,15.682080268859863,3300,0.0,0.0,0.0
2012-09-27 00:00:00-04:00,15.731709219109623,15.888859748840332,15.715166559897503,15.888859748840332,4500,0.0,0.0,0.0
2012-09-28 00:00:00-04:00,15.781335814306463,15.797878473723154,15.574557304382324,15.574557304382324,1600,0.0,0.0,0.0
2012-10-01 00:00:00-04:00,15.781336611562248,15.847505674976967,15.715167548147528,15.748252868652344,7600,0.0,0.0,0.0
2012-10-02 00:00:00-04:00,15.921942730278065,15.95502804384612,15.756519317626953,15.756519317626953,23700,0.0,0.0,0.0
2012-10-03 00:00:00-04:00,15.665539459181295,15.690351869294876,15.599370402887176,15.615911483764648,4300,0.0,0.0,0.0
2012-10-04 00:00:00-04:00,15.756524357523862,15.814423674787689,15.748254604081259,15.80615234375,3200,0.0,0.0,0.0
2012-10-05 00:00:00-04:00,16.070828779115196,16.10391252598489,16.00465970778071,16.0460147857666,10000,0.0,0.0,0.0
2012-10-08 00:00:00-04:00,15.80614981983927,15.814421149556201,15.781335830688475,15.781335830688477,9000,0.0,0.0,0.0
2012-10-09 00:00:00-04:00,15.673808621945067,15.723435012907489,15.533199199556101,15.541470527648926,28100,0.0,0.0,0.0
2012-10-10 00:00:00-04:00,15.475304487706746,15.475304487706746,15.376051676376708,15.392594337463379,3500,0.0,0.0,0.0
2012-10-11 00:00:00-04:00,15.549739067466303,15.591095704710456,15.442214965820312,15.442214965820312,1700,0.0,0.0,0.0
2012-10-12 00:00:00-04:00,15.475304659389401,15.475304659389401,15.384323177593354,15.425678253173828,5100,0.0,0.0,0.0
2012-10-15 00:00:00-04:00,15.591100467490282,15.607643127441406,15.591100467490282,15.607643127441406,1200,0.0,0.0,0.0
2012-10-16 00:00:00-04:00,15.80615205821276,15.963302612304688,15.80615205821276,15.963302612304688,2200,0.0,0.0,0.0
2012-10-17 00:00:00-04:00,15.905405656382658,15.963303397854613,15.8805932400919,15.930219650268555,105900,0.0,0.0,0.0
2012-10-18 00:00:00-04:00,15.955032519090093,16.00465892576736,15.946761188378044,15.988116264343262,3300,0.0,0.0,0.0
2012-10-19 00:00:00-04:00,15.92194606851789,15.92194606851789,15.731710208399935,15.748252868652344,4000,0.0,0.0,0.0
2012-10-22 00:00:00-04:00,15.872316337520564,15.905400073494038,15.756519317626953,15.756519317626953,7000,0.0,0.0,0.0
2012-10-23 00:00:00-04:00,15.5083865452981,15.5083865452981,15.376048439652461,15.467031478881836,5300,0.0,0.0,0.0
2012-10-24 00:00:00-04:00,15.425679494563688,15.467036151067372,15.326426674145118,15.35951042175293,9500,0.0,0.0,0.0
2012-10-25 00:00:00-04:00,15.500118028176015,15.52493201908376,15.309882164001463,15.309882164001465,17100,0.0,0.0,0.0
2012-10-26 00:00:00-04:00,15.409137673941691,15.417409005694386,15.301613516347096,15.367782592773438,5000,0.0,0.0,0.0
2012-10-31 00:00:00-04:00,15.475306290530119,15.475306290530119,15.35951080462361,15.400867462158203,2200,0.0,0.0,0.0
2012-11-01 00:00:00-04:00,15.50011741456987,15.508388744545012,15.491846084594727,15.491846084594727,1400,0.0,0.0,0.0
2012-11-02 00:00:00-04:00,15.56628698127495,15.56628698127495,15.442220182816596,15.524931907653809,1800,0.0,0.0,0.0
2012-11-05 00:00:00-05:00,15.384323403806318,15.409135818481445,15.35123808077944,15.409135818481445,3600,0.0,0.0,0.0
2012-11-06 00:00:00-05:00,15.384323006920043,15.417406751498392,15.376051676376708,15.392594337463379,1100,0.0,0.0,0.0
2012-11-07 00:00:00-05:00,15.301611673508885,15.33469699653506,15.235442605051567,15.318154335021973,5800,0.0,0.0,0.0
2012-11-08 00:00:00-05:00,15.169270024409567,15.251981735229492,15.103100971272559,15.251981735229492,8500,0.0,0.0,0.0
2012-11-09 00:00:00-05:00,15.11137373930654,15.202355210038244,15.094831080048115,15.169271469116211,4800,0.0,0.0,0.0
2012-11-12 00:00:00-05:00,15.169271693927419,15.194085683182804,15.152729034423828,15.152729034423828,6900,0.0,0.0,0.0
2012-11-13 00:00:00-05:00,15.00384780253378,15.144457248892914,15.00384780253378,15.070016860961914,2200,0.0,0.0,0.0
2012-11-14 00:00:00-05:00,15.169273098867642,15.169273098867642,15.020392304736042,15.028663635253906,3100,0.0,0.0,0.0
2012-11-15 00:00:00-05:00,15.028663186908144,15.036934517179253,14.937680131520883,14.945951461791992,4700,0.0,0.0,0.0
2012-11-16 00:00:00-05:00,14.88805125612383,14.88805125612383,14.788796886941345,14.871508598327637,8000,0.0,0.0,0.0
2012-11-19 00:00:00-05:00,15.09483181304802,15.276796340942383,15.09483181304802,15.276796340942383,6000,0.0,0.0,0.0
2012-11-20 00:00:00-05:00,15.227167748705115,15.276794144159203,15.160998695568107,15.251981735229492,2000,0.0,0.0,0.0
2012-11-21 00:00:00-05:00,15.334695816040037,15.334695816040037,15.334695816040037,15.334695816040039,300,0.0,0.0,0.0
2012-11-23 00:00:00-05:00,15.698626234255155,15.773066634180305,15.698626234255155,15.764795303344727,1200,0.0,0.0,0.0
2012-11-26 00:00:00-05:00,15.723438038263206,15.789607098142902,15.723438038263206,15.739980697631836,7300,0.0,0.0,0.0
2012-11-27 00:00:00-05:00,15.706894874572754,15.71516620399149,15.64899714623637,15.706894874572754,4200,0.0,0.0,0.0
2012-11-28 00:00:00-05:00,15.425674873288443,15.673810005187988,15.400862464414754,15.673810005187988,4800,0.0,0.0,0.0
2012-11-29 00:00:00-05:00,15.7565248118129,15.814424130746069,15.7565248118129,15.773067474365234,5200,0.0,0.0,0.0
2012-11-30 00:00:00-05:00,15.872316694168667,15.872316694168667,15.806147643140331,15.847502708435059,2000,0.0,0.0,0.0
2012-12-03 00:00:00-05:00,15.938485325433748,16.029466782204942,15.938485325433748,15.971569061279297,3300,0.0,0.0,0.0
2012-12-04 00:00:00-05:00,15.971573263699968,16.012929916381836,15.93021818861309,16.012929916381836,2200,0.0,0.0,0.0
2012-12-05 00:00:00-05:00,16.04601332583843,16.128725051879883,16.04601332583843,16.128725051879883,7800,0.0,0.0,0.0
2012-12-06 00:00:00-05:00,16.103910220994766,16.120452880859375,16.02946982919891,16.120452880859375,2800,0.0,0.0,0.0
2012-12-07 00:00:00-05:00,15.99638479691091,16.07909651196814,15.979842138380514,16.029468536376953,10000,0.0,0.0,0.0
2012-12-10 00:00:00-05:00,16.029472123534205,16.079100110231394,16.029472123534205,16.0460147857666,6600,0.0,0.0,0.0
2012-12-11 00:00:00-05:00,16.186621329136877,16.236247729254636,16.178349999518115,16.211435317993164,10500,0.0,0.0,0.0
2012-12-12 00:00:00-05:00,16.236248571514455,16.277605221753657,16.145267096178006,16.219707489013672,10800,0.0,0.0,0.0
2012-12-13 00:00:00-05:00,16.079100110231394,16.145269181565883,15.963303052199716,16.0460147857666,9800,0.0,0.0,0.0
2012-12-14 00:00:00-05:00,16.046012265160847,16.170079057224452,16.029469605527073,16.136995315551758,2000,0.0,0.0,0.0
2012-12-17 00:00:00-05:00,16.070829444837138,16.13699851891263,16.062558113378305,16.112184524536133,8100,0.0,0.0,0.0
2012-12-18 00:00:00-05:00,16.203164664681566,16.30241746905982,16.186622004753563,16.277605056762695,4300,0.0,0.0,0.0
2012-12-19 00:00:00-05:00,16.45956711434996,16.467838443073312,16.39339806215779,16.409940719604492,10700,0.0,0.0,0.0
2012-12-20 00:00:00-05:00,16.48438392144668,16.500926581724283,16.393400867514778,16.459569931030273,8400,0.0,0.0,0.0
2012-12-21 00:00:00-05:00,16.368585875999546,16.41821227141934,16.318957902985087,16.39339828491211,3700,0.0,0.0,0.0
2012-12-24 00:00:00-05:00,16.44302568508805,16.44302568508805,16.343772888183594,16.343772888183594,1900,0.0,0.0,0.0
2012-12-26 00:00:00-05:00,16.418214963975263,16.418214963975263,16.302417918879033,16.36031723022461,15900,0.0,0.0,0.0
2012-12-27 00:00:00-05:00,16.493895312699298,16.51925811018956,16.32481322107021,16.417808532714844,10100,0.428,0.0,0.0
2012-12-28 00:00:00-05:00,16.290993394211693,16.324808835962337,16.248722076416016,16.248722076416016,5300,0.0,0.0,0.0
2012-12-31 00:00:00-05:00,16.257177335523778,16.519254684448242,16.257177335523778,16.519254684448242,10500,0.0,0.0,0.0
2013-01-02 00:00:00-05:00,16.7728739383353,16.78978246425259,16.637608955968545,16.781328201293945,17700,0.0,0.0,0.0
2013-01-03 00:00:00-05:00,16.67142683345434,16.764422127113885,16.629157124965104,16.637611389160156,12100,0.0,0.0,0.0
2013-01-04 00:00:00-05:00,16.67987860328428,16.815143585205078,16.67987860328428,16.815143585205078,12900,0.0,0.0,0.0
2013-01-07 00:00:00-05:00,16.74751109424468,16.82359784813585,16.713695655007367,16.815143585205078,13100,0.0,0.0,0.0
2013-01-08 00:00:00-05:00,16.76441847361632,16.76441847361632,16.67142320022339,16.70524024963379,10000,0.0,0.0,0.0
2013-01-09 00:00:00-05:00,16.662970602525462,16.730604708103005,16.646063688616906,16.671424865722656,9000,0.0,0.0,0.0
2013-01-10 00:00:00-05:00,16.933502322145614,17.085674223448677,16.925048058881135,17.034950256347656,26800,0.0,0.0,0.0
2013-01-11 00:00:00-05:00,17.12794987129767,17.263214892765102,17.09413280968769,17.237852096557617,15000,0.0,0.0,0.0
2013-01-14 00:00:00-05:00,17.271664503655295,17.313934206790332,17.144853781764372,17.297025680541992,14000,0.0,0.0,0.0
2013-01-15 00:00:00-05:00,17.14485532226718,17.161762237548828,17.077222823682703,17.161762237548828,13400,0.0,0.0,0.0
2013-01-16 00:00:00-05:00,17.09412599082011,17.170212736605226,17.060310555185396,17.12794303894043,30900,0.0,0.0,0.0
2013-01-17 00:00:00-05:00,17.297026811630097,17.339298130015155,17.237848578376934,17.322389602661133,23500,0.0,0.0,0.0
2013-01-18 00:00:00-05:00,17.26321321588747,17.288576009631317,17.170217917979446,17.27166748046875,8900,0.0,0.0,0.0
2013-01-22 00:00:00-05:00,17.288572136793483,17.347750363119776,17.237846560668896,17.305479049682617,19200,0.0,0.0,0.0
2013-01-23 00:00:00-05:00,17.330842971801758,17.347751498283042,17.263210478362453,17.330842971801758,25800,0.0,0.0,0.0
2013-01-24 00:00:00-05:00,17.280121079712597,17.423840347088593,17.24630402268952,17.39847755432129,18200,0.0,0.0,0.0
2013-01-25 00:00:00-05:00,17.635186207468987,17.68591016352283,17.5675537285687,17.67745590209961,17400,0.0,0.0,0.0
2013-01-28 00:00:00-05:00,17.7366399783686,17.7366399783686,17.660553212912003,17.69437026977539,23900,0.0,0.0,0.0
2013-01-29 00:00:00-05:00,17.7112752345839,17.81272315979004,17.7112752345839,17.81272315979004,12100,0.0,0.0,0.0
2013-01-30 00:00:00-05:00,18.015623987604606,18.066349572167777,17.973354279621294,18.007169723510742,24000,0.0,0.0,0.0
2013-01-31 00:00:00-05:00,18.066349456209107,18.14243460759352,17.90572166442871,17.90572166442871,23400,0.0,0.0,0.0
2013-02-01 00:00:00-05:00,18.1931614682963,18.379150452758825,18.1931614682963,18.345335006713867,42800,0.0,0.0,0.0
2013-02-04 00:00:00-05:00,18.21852064243275,18.226974906134043,17.964899181337646,17.981807708740234,53900,0.0,0.0,0.0
2013-02-05 00:00:00-05:00,18.210066679653973,18.303060348698565,18.16779536419206,18.235427856445312,37800,0.0,0.0,0.0
2013-02-06 00:00:00-05:00,18.14243156621841,18.226972579956055,18.108616128214784,18.226972579956055,14000,0.0,0.0,0.0
2013-02-07 00:00:00-05:00,18.19315964327897,18.20161390706366,17.922629652112672,18.049440383911133,15300,0.0,0.0,0.0
2013-02-08 00:00:00-05:00,18.142431259155273,18.17624830907226,18.100161559244732,18.142431259155273,17700,0.0,0.0,0.0
2013-02-11 00:00:00-05:00,17.888814640364526,17.90572316986532,17.753549629330422,17.80427360534668,40400,0.0,0.0,0.0
2013-02-12 00:00:00-05:00,17.97335320825021,18.04098570448361,17.86344939406724,17.94799041748047,12300,0.0,0.0,0.0
2013-02-13 00:00:00-05:00,18.11707127934357,18.260790526000203,18.11707127934357,18.21851921081543,26400,0.0,0.0,0.0
2013-02-14 00:00:00-05:00,18.066348078105108,18.14243322368573,17.981807056643916,18.108617782592773,26500,0.0,0.0,0.0
2013-02-15 00:00:00-05:00,18.142434001636914,18.142434001636914,18.00716900649316,18.083255767822266,13700,0.0,0.0,0.0
2013-02-19 00:00:00-05:00,18.23542773688934,18.269244789037156,18.1677952450795,18.21851921081543,18500,0.0,0.0,0.0
2013-02-20 00:00:00-05:00,18.40451431122129,18.40451431122129,18.083258686538375,18.091712951660156,16300,0.0,0.0,0.0
2013-02-21 00:00:00-05:00,17.897264172452285,17.897264172452285,17.70282097206911,17.81272315979004,27600,0.0,0.0,0.0
2013-02-22 00:00:00-05:00,17.931083480728475,18.12552833557129,17.92263082887474,18.12552833557129,14500,0.0,0.0,0.0
2013-02-25 00:00:00-05:00,18.15088759365729,18.210067437767723,17.37311309412199,17.432292938232422,16700,0.0,0.0,0.0
2013-02-26 00:00:00-05:00,17.66900569124994,17.787363765822843,17.55910349252424,17.71127700805664,13300,0.0,0.0,0.0
2013-02-27 00:00:00-05:00,17.7028242785617,18.007169723510742,17.66055295809239,18.007169723510742,42800,0.0,0.0,0.0
2013-02-28 00:00:00-05:00,17.89726441433842,17.93953411499798,17.846540451049805,17.846540451049805,14900,0.0,0.0,0.0
2013-03-01 00:00:00-05:00,17.829634783396497,17.922630074735004,17.719730964089905,17.888813018798828,13000,0.0,0.0,0.0
2013-03-04 00:00:00-05:00,17.854999978195057,18.091712951660156,17.854999978195057,18.091712951660156,24400,0.0,0.0,0.0
2013-03-05 00:00:00-05:00,18.36224073502304,18.36224073502304,18.25233852688256,18.26924705505371,9500,0.0,0.0,0.0
2013-03-06 00:00:00-05:00,18.226975382886675,18.286153617857696,18.06634920581847,18.133981704711914,15500,0.0,0.0,0.0
2013-03-07 00:00:00-05:00,18.17625170306854,18.319970967080614,18.17625170306854,18.303062438964844,11700,0.0,0.0,0.0
2013-03-08 00:00:00-05:00,18.260792615426958,18.260792615426958,18.125527616330057,18.201614379882812,5200,0.0,0.0,0.0
2013-03-11 00:00:00-04:00,18.091709731199096,18.26924604218131,18.083255467582237,18.260791778564453,5800,0.0,0.0,0.0
2013-03-12 00:00:00-04:00,18.303061423528998,18.387602446931613,18.159342167490326,18.210067749023438,16600,0.0,0.0,0.0
2013-03-13 00:00:00-04:00,18.184705439090166,18.184705439090166,18.015623387814134,18.10016441345215,10500,0.0,0.0,0.0
2013-03-14 00:00:00-04:00,18.083257960633738,18.16779899597168,18.07480369585133,18.16779899597168,9700,0.0,0.0,0.0
2013-03-15 00:00:00-04:00,18.235429823414044,18.328425114975406,18.19316011587851,18.201614379882812,10400,0.0,0.0,0.0
2013-03-18 00:00:00-04:00,17.82117766316264,17.99871395340137,17.7366366493578,17.846540451049805,16900,0.0,0.0,0.0
2013-03-19 00:00:00-04:00,17.99871648168136,17.99871648168136,17.685915170409967,17.75354766845703,8300,0.0,0.0,0.0
2013-03-20 00:00:00-04:00,17.914172818654006,17.914172818654006,17.812723280275964,17.829631805419922,3800,0.0,0.0,0.0
2013-03-21 00:00:00-04:00,17.65209764153824,17.65209764153824,17.525286912663066,17.60137367248535,19500,0.0,0.0,0.0
2013-03-22 00:00:00-04:00,17.62673770841442,17.77045697462158,17.62673770841442,17.728185653686523,16800,0.0,0.0,0.0
2013-03-25 00:00:00-04:00,17.753546226617992,17.753546226617992,17.49992478266063,17.55910301208496,14700,0.0,0.0,0.0
2013-03-26 00:00:00-04:00,17.643644332885742,17.70282256332296,17.609827279786852,17.643644332885742,11200,0.0,0.0,0.0
2013-03-27 00:00:00-04:00,17.46610856236735,17.58446502685547,17.46610856236735,17.58446502685547,4000,0.0,0.0,0.0
2013-03-28 00:00:00-04:00,17.60137373279966,17.745092989346915,17.576012554429266,17.652097702026367,10500,0.0,0.0,0.0
2013-04-01 00:00:00-04:00,17.702822139860814,17.702822139860814,17.542194366455078,17.542194366455078,7000,0.0,0.0,0.0
2013-04-02 00:00:00-04:00,17.711276178466647,17.846541160940607,17.711276178466647,17.77045440673828,5000,0.0,0.0,0.0
2013-04-03 00:00:00-04:00,17.888814469255113,17.888814469255113,17.694371219314235,17.73664093017578,80300,0.0,0.0,0.0
2013-04-04 00:00:00-04:00,17.550649703432462,17.60982793607515,17.466108680020376,17.60137367248535,9400,0.0,0.0,0.0
2013-04-05 00:00:00-04:00,17.449201156501093,17.60982894897461,17.38156865637845,17.60982894897461,289500,0.0,0.0,0.0
2013-04-08 00:00:00-04:00,17.60982894897461,17.66055292094509,17.60137468489853,17.60982894897461,5600,0.0,0.0,0.0
2013-04-09 00:00:00-04:00,17.660551432662505,17.871903179295558,17.652097169298877,17.79581642150879,10400,0.0,0.0,0.0
2013-04-10 00:00:00-04:00,17.888813600196197,18.066349924659203,17.888813600196197,18.05789566040039,18300,0.0,0.0,0.0
2013-04-11 00:00:00-04:00,18.193160893843945,18.286154576895868,18.133982655769255,18.176252365112305,27500,0.0,0.0,0.0
2013-04-12 00:00:00-04:00,17.990261914115635,18.049440147346903,17.939536332072333,18.015623092651367,17900,0.0,0.0,0.0
2013-04-15 00:00:00-04:00,17.888811517909332,17.888811517909332,17.626735806336296,17.643644332885742,51400,0.0,0.0,0.0
2013-04-16 00:00:00-04:00,17.78736668833201,17.880360375614128,17.753549629330422,17.80427360534668,6600,0.0,0.0,0.0
2013-04-17 00:00:00-04:00,17.499925914906544,17.516832829774646,17.144854902901642,17.322389602661133,19500,0.0,0.0,0.0
2013-04-18 00:00:00-04:00,17.280119357022663,17.280119357022663,17.068767609156634,17.119491577148438,13400,0.0,0.0,0.0
2013-04-19 00:00:00-04:00,17.204035585168803,17.25475956196557,17.170218525646856,17.178672790527344,3800,0.0,0.0,0.0
2013-04-22 00:00:00-04:00,17.27166719158066,17.27166719158066,17.178671895228092,17.18712615966797,24500,0.0,0.0,0.0
2013-04-23 00:00:00-04:00,17.288574160439005,17.406930626945332,17.22939431469992,17.322389602661133,7700,0.0,0.0,0.0
2013-04-24 00:00:00-04:00,17.525286912663066,17.60982793607515,17.45765441643058,17.60137367248535,8600,0.0,0.0,0.0
2013-04-25 00:00:00-04:00,17.829634666874796,17.854997458661174,17.787364959716797,17.787364959716797,9800,0.0,0.0,0.0
2013-04-26 00:00:00-04:00,17.880354242394027,17.964895248413086,17.863445718693104,17.964895248413086,108100,0.0,0.0,0.0
2013-04-29 00:00:00-04:00,18.02407516806691,18.210065721339866,18.02407516806691,18.193157196044922,7100,0.0,0.0,0.0
2013-04-30 00:00:00-04:00,18.235430172715667,18.345333994390856,18.235430172715667,18.33687973022461,11600,0.0,0.0,0.0
2013-05-01 00:00:00-04:00,18.387601302955858,18.387601302955858,18.184703826904297,18.184703826904297,11700,0.0,0.0,0.0
2013-05-02 00:00:00-04:00,18.091712951660156,18.117075747025503,17.93953940444048,18.091712951660156,9300,0.0,0.0,0.0
2013-05-03 00:00:00-04:00,18.277700424194336,18.36223983593872,18.2269748421646,18.277700424194336,13900,0.0,0.0,0.0
2013-05-06 00:00:00-04:00,18.311515866394906,18.311515866394906,18.25233763317947,18.277700424194336,7800,0.0,0.0,0.0
2013-05-07 00:00:00-04:00,18.37069320678711,18.446779963647945,18.30306071318702,18.37069320678711,14000,0.0,0.0,0.0
2013-05-08 00:00:00-04:00,18.522866253059412,18.675039762940777,18.522866253059412,18.565135955810547,12500,0.0,0.0,0.0
2013-05-09 00:00:00-04:00,18.607408945833548,18.607408945833548,18.41296571569991,18.446781158447266,15600,0.0,0.0,0.0
2013-05-10 00:00:00-04:00,18.565136131298086,18.565136131298086,18.42141849559141,18.548229217529297,15400,0.0,0.0,0.0
2013-05-13 00:00:00-04:00,18.51441287799624,18.51441287799624,18.42141920498644,18.472143173217773,15800,0.0,0.0,0.0
2013-05-14 00:00:00-04:00,18.32842765393044,18.455238406589558,18.319973388755006,18.421422958374023,15100,0.0,0.0,0.0
2013-05-15 00:00:00-04:00,18.27769995125943,18.472143173217773,18.260791424353695,18.472143173217773,40900,0.0,0.0,0.0
2013-05-16 00:00:00-04:00,18.353784617687925,18.497503867658835,18.30306065078226,18.319969177246094,20500,0.0,0.0,0.0
2013-05-17 00:00:00-04:00,18.404511451891587,18.446781158447266,18.319970426294283,18.446781158447266,7700,0.0,0.0,0.0
2013-05-20 00:00:00-04:00,18.42987007305398,18.505956824283313,18.42987007305398,18.489049911499023,12300,0.0,0.0,0.0
2013-05-21 00:00:00-04:00,18.556684496541216,18.708856403705834,18.480597736715957,18.641223907470703,13800,0.0,0.0,0.0
2013-05-22 00:00:00-04:00,18.725762503042233,18.827212040484685,18.404508590698242,18.404508590698242,5800,0.0,0.0,0.0
2013-05-23 00:00:00-04:00,18.176251645629293,18.27770120151734,18.117073409897095,18.252338409423828,5500,0.0,0.0,0.0
2013-05-24 00:00:00-04:00,18.193157196044922,18.201611458692394,18.15934014545503,18.193157196044922,5300,0.0,0.0,0.0
2013-05-28 00:00:00-04:00,18.615860976667655,18.615860976667655,18.319968228812428,18.36223793029785,46500,0.0,0.0,0.0
2013-05-29 00:00:00-04:00,18.336879555252313,18.336879555252313,18.210068818940687,18.26924705505371,10100,0.0,0.0,0.0
2013-05-30 00:00:00-04:00,18.311515392585026,18.48905170012351,18.311515392585026,18.472143173217773,4600,0.0,0.0,0.0
2013-05-31 00:00:00-04:00,18.176250032603292,18.176250032603292,17.99026107788086,17.99026107788086,5000,0.0,0.0,0.0
2013-06-03 00:00:00-04:00,18.17624962728444,18.25233638263008,18.125525661215953,18.235427856445312,7100,0.0,0.0,0.0
2013-06-04 00:00:00-04:00,18.269244604480438,18.269244604480438,18.15088653564453,18.15088653564453,7400,0.0,0.0,0.0
2013-06-05 00:00:00-04:00,17.947989220569575,17.95644348359569,17.78736306053073,17.871902465820312,11900,0.0,0.0,0.0
2013-06-06 00:00:00-04:00,17.838088450790096,17.981807708740234,17.821179923387508,17.981807708740234,25300,0.0,0.0,0.0
2013-06-07 00:00:00-04:00,17.998716413688935,18.049440383911133,17.931082303411422,18.049440383911133,7200,0.0,0.0,0.0
2013-06-10 00:00:00-04:00,17.939538409149595,18.007170913885382,17.92263149233023,17.99871826171875,6200,0.0,0.0,0.0
2013-06-11 00:00:00-04:00,17.753545240336287,17.89726448059082,17.753545240336287,17.89726448059082,5600,0.0,0.0,0.0
2013-06-12 00:00:00-04:00,18.032531499239266,18.1001639956915,17.888812242717535,17.914175033569336,9900,0.0,0.0,0.0
2013-06-13 00:00:00-04:00,17.888815426195986,18.091712951660156,17.888815426195986,18.091712951660156,10700,0.0,0.0,0.0
2013-06-14 00:00:00-04:00,18.057894589036522,18.193159584180275,18.057894589036522,18.083255767822266,9700,0.0,0.0,0.0
2013-06-17 00:00:00-04:00,18.252337937103388,18.26924646472818,18.040986179251323,18.10016441345215,12800,0.0,0.0,0.0
2013-06-18 00:00:00-04:00,18.15934140081135,18.328423440478012,18.15934140081135,18.319969177246094,4200,0.0,0.0,0.0
2013-06-19 00:00:00-04:00,18.108618019495207,18.108618019495207,17.88035774230957,17.88035774230957,2800,0.0,0.0,0.0
2013-06-20 00:00:00-04:00,17.499928577133993,17.499928577133993,17.2040357533687,17.246305465698242,15500,0.0,0.0,0.0
2013-06-21 00:00:00-04:00,17.178673185284485,17.178673185284485,16.90814315283688,16.967321395874023,13600,0.0,0.0,0.0
2013-06-24 00:00:00-04:00,16.48543762814083,16.57843292050022,16.32480983565261,16.519254684448242,23100,0.0,0.0,0.0
2013-06-25 00:00:00-04:00,16.722149149356216,16.840505599975586,16.688332099187424,16.840505599975586,6400,0.0,0.0,0.0
2013-06-26 00:00:00-04:00,17.06031298342137,17.068767246654765,16.916593733425305,16.98422622680664,3500,0.0,0.0,0.0
2013-06-27 00:00:00-04:00,17.17021566417867,17.178669927650226,17.11103743236365,17.13640022277832,10300,0.0,0.0,0.0
2013-06-28 00:00:00-04:00,17.060312151130187,17.060312151130187,16.933501433787406,17.04340362548828,6000,0.0,0.0,0.0
2013-07-01 00:00:00-04:00,17.23785030579043,17.322391338546527,17.212489124703858,17.254758834838867,8300,0.0,0.0,0.0
2013-07-02 00:00:00-04:00,17.21248860546862,17.2632125785977,17.051860809326172,17.051860809326172,3000,0.0,0.0,0.0
2013-07-03 00:00:00-04:00,16.958866741093154,17.178672790527344,16.958866741093154,17.178672790527344,19600,0.0,0.0,0.0
2013-07-05 00:00:00-04:00,17.339299694613604,17.339299694613604,17.085676598875523,17.18712615966797,7700,0.0,0.0,0.0
2013-07-08 00:00:00-04:00,17.347753641839585,17.41538614363583,17.3392993775543,17.364662170410156,7900,0.0,0.0,0.0
2013-07-09 00:00:00-04:00,17.491470519530612,17.55910301208496,17.390020974456178,17.55910301208496,24600,0.0,0.0,0.0
2013-07-10 00:00:00-04:00,17.559105094031096,17.70282435931031,17.559105094031096,17.626737594604492,3300,0.0,0.0,0.0
2013-07-11 00:00:00-04:00,17.922629710849666,18.11707294107694,17.922629710849666,18.10016441345215,5700,0.0,0.0,0.0
2013-07-12 00:00:00-04:00,17.9564430779024,18.049438356602835,17.92262763904772,18.032529830932617,7300,0.0,0.0,0.0
2013-07-15 00:00:00-04:00,18.083254811486633,18.083254811486633,17.95644408680651,18.040985107421875,13900,0.0,0.0,0.0
2013-07-16 00:00:00-04:00,18.057894706876116,18.11707294107694,18.057894706876116,18.10016441345215,3800,0.0,0.0,0.0
2013-07-17 00:00:00-04:00,18.201615158209766,18.210069422575586,18.125528391403435,18.176252365112305,5800,0.0,0.0,0.0
2013-07-18 00:00:00-04:00,18.15088879585699,18.210068643887116,18.142434531852686,18.201614379882812,11000,0.0,0.0,0.0
2013-07-19 00:00:00-04:00,18.159342287472505,18.31151580810547,18.159342287472505,18.31151580810547,1200,0.0,0.0,0.0
2013-07-22 00:00:00-04:00,18.26079005631645,18.32842254638672,18.235427267857936,18.32842254638672,1600,0.0,0.0,0.0
2013-07-23 00:00:00-04:00,18.463694515653515,18.47214878167324,18.45524024963379,18.45524024963379,2400,0.0,0.0,0.0
2013-07-24 00:00:00-04:00,18.598953900039046,18.598953900039046,18.438326119406298,18.472143173217773,57900,0.0,0.0,0.0
2013-07-25 00:00:00-04:00,18.50595637447401,18.68349266052246,18.47214093724163,18.68349266052246,4000,0.0,0.0,0.0
2013-07-26 00:00:00-04:00,18.573592536948045,18.683496357794898,18.514414300716357,18.666587829589844,26100,0.0,0.0,0.0
2013-07-29 00:00:00-04:00,18.48059951739026,18.59050172967962,18.47214525298553,18.539777755737305,11200,0.0,0.0,0.0
2013-07-30 00:00:00-04:00,18.472145743311714,18.52286971860045,18.39605897413556,18.429874420166016,4200,0.0,0.0,0.0
2013-07-31 00:00:00-04:00,18.429873814727966,18.649679850406468,18.429873814727966,18.522869110107422,5900,0.0,0.0,0.0
2013-08-01 00:00:00-04:00,18.5820456748257,18.691949489011478,18.573591411235572,18.641223907470703,4500,0.0,0.0,0.0
2013-08-02 00:00:00-04:00,18.666585331983672,18.759580612182617,18.649676806040993,18.759580612182617,3500,0.0,0.0,0.0
2013-08-05 00:00:00-04:00,18.624314622949093,18.768033860722113,18.624314622949093,18.75112533569336,16100,0.0,0.0,0.0
2013-08-06 00:00:00-04:00,18.768036546893445,18.768036546893445,18.649678467237884,18.725765228271484,6000,0.0,0.0,0.0
2013-08-07 00:00:00-04:00,18.708854979115756,18.79339599609375,18.66658527686965,18.79339599609375,1500,0.0,0.0,0.0
2013-08-08 00:00:00-04:00,18.987842559814453,19.030113882011808,18.92021005678475,18.987842559814453,13600,0.0,0.0,0.0
2013-08-09 00:00:00-04:00,19.080835461280397,19.11465251479382,19.030111493496126,19.09774398803711,18600,0.0,0.0,0.0
2013-08-12 00:00:00-04:00,18.962478700251076,19.02165693048151,18.928661647270353,19.013202667236328,13700,0.0,0.0,0.0
2013-08-13 00:00:00-04:00,18.90329864077138,19.080833314282856,18.886390115917234,19.06392478942871,6300,0.0,0.0,0.0
2013-08-14 00:00:00-04:00,19.106198132384286,19.123106659035656,19.080835342407227,19.080835342407227,6900,0.0,0.0,0.0
2013-08-15 00:00:00-04:00,18.810307733709543,18.937118474585656,18.700405521613195,18.886394500732422,5200,0.0,0.0,0.0
2013-08-16 00:00:00-04:00,19.038568551016482,19.09774679086424,19.02166002177824,19.089292526245117,9300,0.0,0.0,0.0
2013-08-19 00:00:00-04:00,19.08928954346713,19.114652333361462,19.03011131286621,19.03011131286621,7100,0.0,0.0,0.0
2013-08-20 00:00:00-04:00,19.08928954346713,19.08928954346713,18.987839996375662,19.03011131286621,8500,0.0,0.0,0.0
2013-08-21 00:00:00-04:00,18.82721189685285,18.82721189685285,18.565134598994934,18.68349266052246,23000,0.0,0.0,0.0
2013-08-22 00:00:00-04:00,18.658132019718742,18.835668326191477,18.658132019718742,18.801851272583008,9800,0.0,0.0,0.0
2013-08-23 00:00:00-04:00,18.86103181819452,18.996296824253925,18.86103181819452,18.987842559814453,7800,0.0,0.0,0.0
2013-08-26 00:00:00-04:00,18.937119372641323,18.937119372641323,18.86103260201018,18.877941131591797,3600,0.0,0.0,0.0
2013-08-27 00:00:00-04:00,18.598952943966538,18.666585435626985,18.497503400232972,18.51441192626953,25700,0.0,0.0,0.0
2013-08-28 00:00:00-04:00,18.489053665187832,18.57359308372983,18.421421162862604,18.522869110107422,4400,0.0,0.0,0.0
2013-08-29 00:00:00-04:00,18.345334107874702,18.446782053525183,18.328425579437614,18.43832778930664,62500,0.0,0.0,0.0
2013-08-30 00:00:00-04:00,18.277698867431987,18.294605780849306,18.091708307469467,18.15088653564453,10600,0.0,0.0,0.0
2013-09-03 00:00:00-04:00,18.624314247695597,18.74267069554077,18.57358867363138,18.615859985351562,6700,0.0,0.0,0.0
2013-09-04 00:00:00-04:00,18.624319069633486,18.768038341720473,18.598956276034812,18.708858489990234,20100,0.0,0.0,0.0
2013-09-05 00:00:00-04:00,18.598952353461076,18.607406616210938,18.598952353461076,18.607406616210938,1500,0.0,0.0,0.0
2013-09-06 00:00:00-04:00,18.768033860722113,18.768033860722113,18.573589047862832,18.75112533569336,6900,0.0,0.0,0.0
2013-09-09 00:00:00-04:00,18.852573939857763,19.021655971263296,18.852573939857763,18.970932006835938,13200,0.0,0.0,0.0
2013-09-10 00:00:00-04:00,19.148468433424018,19.275279162290552,19.148468433424018,19.24991798400879,5600,0.0,0.0,0.0
2013-09-11 00:00:00-04:00,19.38518440338616,19.452816904592392,19.38518440338616,19.44436264038086,4900,0.0,0.0,0.0
2013-09-12 00:00:00-04:00,19.266824971184903,19.46126818073742,19.266824971184903,19.385181427001953,4300,0.0,0.0,0.0
2013-09-13 00:00:00-04:00,19.30064219165674,19.37672895241444,19.30064219165674,19.368274688720703,3100,0.0,0.0,0.0
2013-09-16 00:00:00-04:00,19.706437712054257,19.706437712054257,19.545811534945717,19.5711727142334,9900,0.0,0.0,0.0
2013-09-17 00:00:00-04:00,19.604991849953,19.63880729675293,19.604991849953,19.63880729675293,6300,0.0,0.0,0.0
2013-09-18 00:00:00-04:00,19.61344389385603,20.1629581451416,19.61344389385603,20.1629581451416,4000,0.0,0.0,0.0
2013-09-19 00:00:00-04:00,20.298226866716544,20.298226866716544,20.12069051796231,20.146053314208984,7100,0.0,0.0,0.0
2013-09-20 00:00:00-04:00,20.120685452786272,20.120685452786272,19.968513551072682,20.019237518310547,14800,0.0,0.0,0.0
2013-09-23 00:00:00-04:00,19.88396924602157,19.934693204880265,19.80788250149074,19.87551498413086,8400,0.0,0.0,0.0
2013-09-24 00:00:00-04:00,19.883971928834544,19.900880454897326,19.807885174037832,19.850154876708984,3100,0.0,0.0,0.0
2013-09-25 00:00:00-04:00,19.68107587127104,19.68107587127104,19.571172056431813,19.61344337463379,7800,0.0,0.0,0.0
2013-09-26 00:00:00-04:00,19.80788594287679,19.80788594287679,19.689529480814944,19.740253448486328,12600,0.0,0.0,0.0
2013-09-27 00:00:00-04:00,19.579629055488446,19.672624356039,19.579629055488446,19.63880729675293,15900,0.0,0.0,0.0
2013-09-30 00:00:00-04:00,19.444358053802137,19.55426023765603,19.410541004932853,19.4697208404541,33400,0.0,0.0,0.0
2013-10-01 00:00:00-04:00,19.520447438595852,19.79097741615771,19.520447438595852,19.740253448486328,4600,0.0,0.0,0.0
2013-10-02 00:00:00-04:00,19.64725899493634,19.689530313521775,19.63035046750217,19.681076049804688,4100,0.0,0.0,0.0
2013-10-03 00:00:00-04:00,19.681075873289327,19.74025410629225,19.638804555083013,19.697982788085938,37600,0.0,0.0,0.0
2013-10-04 00:00:00-04:00,19.655712662059557,19.655712662059557,19.511993408203125,19.511993408203125,9100,0.0,0.0,0.0
2013-10-07 00:00:00-04:00,19.41899817989409,19.478178024291992,19.351365684496653,19.478178024291992,6400,0.0,0.0,0.0
2013-10-08 00:00:00-04:00,19.435907788973484,19.444362052929595,19.275279998779297,19.275279998779297,3900,0.0,0.0,0.0
2013-10-09 00:00:00-04:00,19.216099798797956,19.25837111425643,19.16537583273359,19.22455406188965,3000,0.0,0.0,0.0
2013-10-10 00:00:00-04:00,19.37672670833172,19.57962417602539,19.37672670833172,19.57962417602539,7200,0.0,0.0,0.0
2013-10-11 00:00:00-04:00,19.689530313521775,19.697982964752935,19.655713258653428,19.681076049804688,36400,0.0,0.0,0.0
2013-10-14 00:00:00-04:00,19.61344337664514,19.697982788085938,19.571172058438826,19.697982788085938,4700,0.0,0.0,0.0
2013-10-15 00:00:00-04:00,19.630348916209968,19.630348916209968,19.528900984593722,19.554262161254883,2500,0.0,0.0,0.0
2013-10-16 00:00:00-04:00,19.69798189396905,19.757161736771636,19.67262071668235,19.706436157226562,5600,0.0,0.0,0.0
2013-10-17 00:00:00-04:00,19.968512540010945,20.027690767539735,19.94314975143328,20.01078224182129,6400,0.0,0.0,0.0
2013-10-18 00:00:00-04:00,20.21368050583045,20.264404472489574,20.146048012789677,20.24749755859375,29700,0.0,0.0,0.0
2013-10-21 00:00:00-04:00,20.340493982911394,20.340493982911394,20.27286148071289,20.27286148071289,13700,0.0,0.0,0.0
2013-10-22 00:00:00-04:00,20.408124624558873,20.619476376221613,20.408124624558873,20.585660934448242,59200,0.0,0.0,0.0
2013-10-23 00:00:00-04:00,20.450395465211667,20.450395465211667,20.391217234124657,20.433486938476562,6800,0.0,0.0,0.0
2013-10-24 00:00:00-04:00,20.568750621406437,20.6110203230745,20.50957239407685,20.602567672729492,6300,0.0,0.0,0.0
2013-10-25 00:00:00-04:00,20.619474585905262,20.619474585905262,20.518026656907615,20.602567672729492,8600,0.0,0.0,0.0
2013-10-28 00:00:00-04:00,20.509575550395486,20.53493834279098,20.467304229736328,20.467304229736328,20500,0.0,0.0,0.0
2013-10-29 00:00:00-04:00,20.467302739110917,20.602569342882802,20.467302739110917,20.56875228881836,6800,0.0,0.0,0.0
2013-10-30 00:00:00-04:00,20.661750273594635,20.661750273594635,20.475759676920156,20.543392181396484,29400,0.0,0.0,0.0
2013-10-31 00:00:00-04:00,20.27286107503263,20.416580340889244,20.086872100830078,20.086872100830078,19900,0.0,0.0,0.0
2013-11-01 00:00:00-04:00,19.96851623011013,20.04460138493182,19.960061965688592,19.993877410888672,4700,0.0,0.0,0.0
2013-11-04 00:00:00-05:00,19.98542348857632,20.14605129036298,19.98542348857632,20.12914276123047,4800,0.0,0.0,0.0
2013-11-05 00:00:00-05:00,19.917787488346686,19.917787488346686,19.81633955633105,19.867063522338867,12100,0.0,0.0,0.0
2013-11-06 00:00:00-05:00,20.239044070852735,20.25595098539634,20.171411575220652,20.222135543823242,8200,0.0,0.0,0.0
2013-11-07 00:00:00-05:00,20.205226954905513,20.205226954905513,19.909334182739258,19.909334182739258,5400,0.0,0.0,0.0
2013-11-08 00:00:00-05:00,19.79943103016651,19.88397204850341,19.79943103016651,19.867063522338867,2300,0.0,0.0,0.0
2013-11-11 00:00:00-05:00,19.883973183667838,19.985421121475078,19.883973183667838,19.976966857910156,6500,0.0,0.0,0.0
2013-11-12 00:00:00-05:00,19.790977353969303,19.790977353969303,19.664166628946386,19.689529418945312,6700,0.0,0.0,0.0
2013-11-13 00:00:00-05:00,19.638805914778544,19.782525181658603,19.452816939251534,19.757164001464844,8400,0.0,0.0,0.0
2013-11-14 00:00:00-05:00,19.731799721720513,19.960060001177922,19.723345458131064,19.943151473999023,9000,0.0,0.0,0.0
2013-11-15 00:00:00-05:00,20.061507222261124,20.061507222261124,19.9600592877854,20.019237518310547,4500,0.0,0.0,0.0
2013-11-18 00:00:00-05:00,20.33204027336231,20.33204027336231,20.12914276123047,20.12914276123047,14000,0.0,0.0,0.0
2013-11-19 00:00:00-05:00,20.2221371025203,20.2221371025203,20.086872100830078,20.086872100830078,10700,0.0,0.0,0.0
2013-11-20 00:00:00-05:00,20.061506856305666,20.061506856305666,19.88397216796875,19.88397216796875,1700,0.0,0.0,0.0
2013-11-21 00:00:00-05:00,19.89242465849669,19.98541831970215,19.89242465849669,19.98541831970215,3000,0.0,0.0,0.0
2013-11-22 00:00:00-05:00,20.1798658387354,20.222135543823242,20.1798658387354,20.222135543823242,600,0.0,0.0,0.0
2013-11-25 00:00:00-05:00,20.162956539171326,20.264404472489574,20.162956539171326,20.24749755859375,31400,0.0,0.0,0.0
2013-11-26 00:00:00-05:00,20.29822230297007,20.29822230297007,20.171411575220652,20.222135543823242,4700,0.0,0.0,0.0
2013-11-27 00:00:00-05:00,20.34894621364597,20.37430900411801,20.2390440132389,20.255950927734375,3100,0.0,0.0,0.0
2013-11-29 00:00:00-05:00,20.391216158289303,20.492664088375857,20.37430763244629,20.37430763244629,4000,0.0,0.0,0.0
2013-12-02 00:00:00-05:00,20.374307327107847,20.374307327107847,20.26440352326108,20.289766311645508,5200,0.0,0.0,0.0
2013-12-03 00:00:00-05:00,20.069961547851562,20.196772272582805,20.036146107083297,20.069961547851562,19000,0.0,0.0,0.0
2013-12-04 00:00:00-05:00,19.934695488574057,20.027690767539735,19.89242578676371,20.01078224182129,5200,0.0,0.0,0.0
2013-12-05 00:00:00-05:00,20.04459654387444,20.04459654387444,19.909331570770433,19.98541831970215,10700,0.0,0.0,0.0
2013-12-06 00:00:00-05:00,19.960062137102057,20.112235673024404,19.960062137102057,20.06151008605957,5500,0.0,0.0,0.0
2013-12-09 00:00:00-05:00,20.179868527592966,20.213683973671785,20.11223602294922,20.11223602294922,17400,0.0,0.0,0.0
2013-12-10 00:00:00-05:00,19.934698339844406,20.010785103974367,19.917789811707525,19.968515396118164,11100,0.0,0.0,0.0
2013-12-11 00:00:00-05:00,20.112235151334094,20.112235151334094,19.858612060546875,19.858612060546875,10100,0.0,0.0,0.0
2013-12-12 00:00:00-05:00,19.596536402337737,19.68953169727535,19.562719345092773,19.562719345092773,4700,0.0,0.0,0.0
2013-12-13 00:00:00-05:00,19.571172116331745,19.664167404174805,19.571172116331745,19.664167404174805,7800,0.0,0.0,0.0
2013-12-16 00:00:00-05:00,19.82479453157122,19.82479453157122,19.72334498342545,19.790977478027344,3800,0.0,0.0,0.0
2013-12-17 00:00:00-05:00,19.664169482701247,19.757164780374026,19.647260953581455,19.731801986694336,2600,0.0,0.0,0.0
2013-12-18 00:00:00-05:00,19.867064714179886,20.01078397022871,19.816340745129096,19.943151473999023,5600,0.0,0.0,0.0
2013-12-19 00:00:00-05:00,19.934700578424607,20.120689571358053,19.934700578424607,20.103782653808594,15000,0.0,0.0,0.0
2013-12-20 00:00:00-05:00,20.146048012789677,20.281312998871226,20.146048012789677,20.24749755859375,6900,0.0,0.0,0.0
2013-12-23 00:00:00-05:00,20.31512958762291,20.441940307617188,20.31512958762291,20.441940307617188,5200,0.0,0.0,0.0
2013-12-24 00:00:00-05:00,20.5264835357666,20.5264835357666,20.39121853820685,20.5264835357666,1600,0.0,0.0,0.0
2013-12-26 00:00:00-05:00,20.72092533371289,20.763195037841797,20.72092533371289,20.763195037841797,8200,0.0,0.0,0.0
2013-12-27 00:00:00-05:00,20.600829741483818,20.62660284613393,20.54069413587258,20.609420776367188,15500,0.391,0.0,0.0
2013-12-30 00:00:00-05:00,20.772648484673866,20.798419952392578,20.6523772657933,20.798419952392578,8500,0.0,0.0,0.0
2013-12-31 00:00:00-05:00,20.703920455172458,20.953053911702504,20.703920455172458,20.875736236572266,2700,0.0,0.0,0.0
2014-01-02 00:00:00-05:00,20.63519356292454,20.63519356292454,20.368876401362417,20.394649505615234,21200,0.0,0.0,0.0
2014-01-03 00:00:00-05:00,20.58364945311187,20.58364945311187,20.41183365629188,20.480560302734375,7800,0.0,0.0,0.0
2014-01-06 00:00:00-05:00,20.600830622779487,20.600830622779487,20.403241727726257,20.45478630065918,6700,0.0,0.0,0.0
2014-01-07 00:00:00-05:00,20.703920859837712,20.703920859837712,20.446194724842123,20.600830078125,6000,0.0,0.0,0.0
2014-01-08 00:00:00-05:00,20.660967426272606,20.66955846202052,20.454787484040253,20.514923095703125,11600,0.0,0.0,0.0
2014-01-09 00:00:00-05:00,20.532103100989207,20.609420776367188,20.44619439072786,20.609420776367188,9300,0.0,0.0,0.0
2014-01-10 00:00:00-05:00,20.686736869295896,20.824190139770508,20.686736869295896,20.824190139770508,9600,0.0,0.0,0.0
2014-01-13 00:00:00-05:00,20.807006721405234,20.849961889749363,20.635190963745117,20.635190963745117,7200,0.0,0.0,0.0
2014-01-14 00:00:00-05:00,20.703920965430527,20.953054428100586,20.678147860227806,20.953054428100586,29000,0.0,0.0,0.0
2014-01-15 00:00:00-05:00,20.970234774204506,21.04755244488374,20.96164373984323,21.03896141052246,16400,0.0,0.0,0.0
2014-01-16 00:00:00-05:00,21.06473680751695,21.06473680751695,20.91869248461581,20.98741912841797,8700,0.0,0.0,0.0
2014-01-17 00:00:00-05:00,21.004599106015842,21.004599106015842,20.901508331298828,20.901508331298828,12100,0.0,0.0,0.0
2014-01-21 00:00:00-05:00,20.961645304659566,21.05614505111589,20.944463234654346,21.04755401611328,23500,0.0,0.0,0.0
2014-01-22 00:00:00-05:00,21.15923156149035,21.15923156149035,21.01318726176076,21.10768699645996,6600,0.0,0.0,0.0
2014-01-23 00:00:00-05:00,21.030372666329654,21.030372666329654,20.910101449318987,20.98741912841797,3700,0.0,0.0,0.0
2014-01-24 00:00:00-05:00,20.789830688676034,20.789830688676034,20.489151000976562,20.489151000976562,26800,0.0,0.0,0.0
2014-01-27 00:00:00-05:00,20.506332558850772,20.506332558850772,20.214243913945168,20.411832809448242,10600,0.0,0.0,0.0
2014-01-28 00:00:00-05:00,20.437607051116952,20.523514131451037,20.411833943873212,20.514923095703125,12600,0.0,0.0,0.0
2014-01-29 00:00:00-05:00,20.24860401244037,20.24860401244037,20.05101514039602,20.11115074157715,8000,0.0,0.0,0.0
2014-01-30 00:00:00-05:00,20.06819839665834,20.205651675656902,20.025243222863576,20.171287536621094,20400,0.0,0.0,0.0
2014-01-31 00:00:00-05:00,19.939336323008227,20.128335827709055,19.655838704529472,19.999473571777344,31800,0.0,0.0,0.0
2014-02-03 00:00:00-05:00,19.999474171688956,19.999474171688956,19.630067825317383,19.630067825317383,391100,0.0,0.0,0.0
2014-02-04 00:00:00-05:00,19.75892724696289,19.862018023136248,19.75892724696289,19.827653884887695,6700,0.0,0.0,0.0
2014-02-05 00:00:00-05:00,20.051015896971812,20.085378396698083,19.956516155223042,20.0080623626709,4500,0.0,0.0,0.0
2014-02-06 00:00:00-05:00,20.40324110097165,20.52351231364474,20.37746799601068,20.429014205932617,44500,0.0,0.0,0.0
2014-02-07 00:00:00-05:00,20.48055729416008,20.858554613352624,20.48055729416008,20.81559944152832,2500,0.0,0.0,0.0
2014-02-10 00:00:00-05:00,20.88432612014207,20.88432612014207,20.75546388155289,20.772645950317383,8800,0.0,0.0,0.0
2014-02-11 00:00:00-05:00,21.038963158630107,21.167825407611783,21.038963158630107,21.13346290588379,2800,0.0,0.0,0.0
2014-02-12 00:00:00-05:00,21.00460276994814,21.030374239193627,20.944465518372695,20.99601173400879,13700,0.0,0.0,0.0
2014-02-13 00:00:00-05:00,20.841372869028294,21.04755278127744,20.841372869028294,21.030370712280273,3000,0.0,0.0,0.0
2014-02-14 00:00:00-05:00,21.0905077305083,21.193598512837077,21.056145228780306,21.13346290588379,3200,0.0,0.0,0.0
2014-02-18 00:00:00-05:00,21.133461825733804,21.133461825733804,20.953053375522376,21.021780014038086,13900,0.0,0.0,0.0
2014-02-19 00:00:00-05:00,21.116280863243414,21.124871898329705,20.91010093688965,20.91010093688965,2100,0.0,0.0,0.0
2014-02-20 00:00:00-05:00,20.970235848682062,21.150644302368164,20.944462744277665,21.150644302368164,32200,0.0,0.0,0.0
2014-02-21 00:00:00-05:00,21.21937174979548,21.262325286865234,21.124872001955133,21.262325286865234,4500,0.0,0.0,0.0
2014-02-24 00:00:00-05:00,21.365412919784408,21.700455047533673,21.365412919784408,21.691864013671875,2900,0.0,0.0,0.0
2014-02-25 00:00:00-05:00,21.777776158705457,21.777776158705457,21.64032287231754,21.743412017822266,2200,0.0,0.0,0.0
2014-02-26 00:00:00-05:00,21.65750111988064,21.65750111988064,21.485685348510742,21.485685348510742,4000,0.0,0.0,0.0
2014-02-27 00:00:00-05:00,21.477094414139046,21.657501220703125,21.45991234535039,21.657501220703125,450100,0.0,0.0,0.0
2014-02-28 00:00:00-05:00,21.709049737177608,21.975365277451928,21.709049737177608,21.786367416381836,36300,0.0,0.0,0.0
2014-03-03 00:00:00-05:00,21.485691085239406,21.53723566655567,21.227964901512692,21.305282592773438,16700,0.0,0.0,0.0
2014-03-04 00:00:00-05:00,21.82931780511183,21.82931780511183,21.70904660528856,21.769182205200195,4400,0.0,0.0,0.0
2014-03-05 00:00:00-05:00,21.820725723824054,21.837907791137695,21.803543656510417,21.837907791137695,3400,0.0,0.0,0.0
2014-03-06 00:00:00-05:00,22.06986213808237,22.06986213808237,22.01831593297923,22.026906967163086,8900,0.0,0.0,0.0
2014-03-07 00:00:00-05:00,21.992544846372503,21.992544846372503,21.906636141632045,21.97536277770996,2000,0.0,0.0,0.0
2014-03-10 00:00:00-04:00,21.846501543417194,21.9495906829834,21.79495697363409,21.9495906829834,30800,0.0,0.0,0.0
2014-03-11 00:00:00-04:00,21.794958405004746,21.975365230379882,21.794958405004746,21.829320907592773,6700,0.0,0.0,0.0
2014-03-12 00:00:00-04:00,21.571594153904382,21.700456392674763,21.45991234535039,21.657501220703125,4700,0.0,0.0,0.0
2014-03-13 00:00:00-04:00,21.63173251569009,21.674686054569115,21.28809928894043,21.28809928894043,6300,0.0,0.0,0.0
2014-03-14 00:00:00-04:00,21.159232940416757,21.3568234566257,21.159232940416757,21.253732681274414,2400,0.0,0.0,0.0
2014-03-17 00:00:00-04:00,21.614548291272037,21.69186596440918,21.597366222003267,21.64891242980957,14200,0.0,0.0,0.0
2014-03-18 00:00:00-04:00,21.623139599539474,21.90663719177246,21.623139599539474,21.90663719177246,5100,0.0,0.0,0.0
2014-03-19 00:00:00-04:00,21.872269364495363,21.872269364495363,21.477091664385263,21.58877182006836,8600,0.0,0.0,0.0
2014-03-20 00:00:00-04:00,21.53722830155149,21.554410368972125,21.44272856931014,21.52004623413086,4500,0.0,0.0,0.0
2014-03-21 00:00:00-04:00,21.734823384780373,21.734823384780373,21.425554275512695,21.425554275512695,7500,0.0,0.0,0.0
2014-03-24 00:00:00-04:00,21.580183996391693,21.59736442565918,21.33104892843311,21.59736442565918,6300,0.0,0.0,0.0
2014-03-25 00:00:00-04:00,21.63172927107691,21.760591506958008,21.571593670237213,21.760591506958008,3200,0.0,0.0,0.0
2014-03-26 00:00:00-04:00,21.717638885008178,21.717638885008178,21.50286793667825,21.563003540039062,7400,0.0,0.0,0.0
2014-03-27 00:00:00-04:00,21.64031873029476,21.64031873029476,21.494274436639365,21.528636932373047,5800,0.0,0.0,0.0
2014-03-28 00:00:00-04:00,21.68327440869981,21.717638546411536,21.57159423828125,21.57159423828125,14900,0.0,0.0,0.0
2014-03-31 00:00:00-04:00,21.932410857126946,21.95818232344326,21.855093181033258,21.941001892089844,3600,0.0,0.0,0.0
2014-04-01 00:00:00-04:00,21.983956407284083,22.172954269166805,21.983956407284083,22.138591766357422,55900,0.0,0.0,0.0
2014-04-02 00:00:00-04:00,22.190132180004937,22.190132180004937,22.087041413757714,22.147178649902344,4200,0.0,0.0,0.0
2014-04-03 00:00:00-04:00,22.11281749480925,22.11281749480925,21.855093002319336,21.855093002319336,11000,0.0,0.0,0.0
2014-04-04 00:00:00-04:00,22.018315638915862,22.026906672984982,21.734818068923715,21.769182205200195,10200,0.0,0.0,0.0
2014-04-07 00:00:00-04:00,21.78636374757948,21.78636374757948,21.571592816751043,21.691864013671875,7100,0.0,0.0,0.0
2014-04-08 00:00:00-04:00,21.777774767214904,21.872272871460876,21.752001663199284,21.820728302001953,3200,0.0,0.0,0.0
2014-04-09 00:00:00-04:00,21.889456103551726,22.112818101168262,21.855093601611244,22.10422706604004,9000,0.0,0.0,0.0
2014-04-10 00:00:00-04:00,21.975362836701947,21.98395387105628,21.485685348510742,21.485685348510742,6900,0.0,0.0,0.0
2014-04-11 00:00:00-04:00,21.288096959348586,21.49427687283577,21.288096959348586,21.38259506225586,3100,0.0,0.0,0.0
2014-04-14 00:00:00-04:00,21.288096666834523,21.485685543056523,21.288096666834523,21.34823226928711,3700,0.0,0.0,0.0
2014-04-15 00:00:00-04:00,21.339641430582695,21.339641430582695,20.987417208496428,21.210779190063477,4700,0.0,0.0,0.0
2014-04-16 00:00:00-04:00,21.296690401940463,21.459915161132812,21.296690401940463,21.459915161132812,8000,0.0,0.0,0.0
2014-04-17 00:00:00-04:00,21.5544108946322,21.614546493498842,21.47709322792589,21.59736442565918,6500,0.0,0.0,0.0
2014-04-21 00:00:00-04:00,21.68327211645175,21.68327211645175,21.605954453346282,21.623136520385742,3400,0.0,0.0,0.0
2014-04-22 00:00:00-04:00,21.949587951532102,21.949587951532102,21.743408059484803,21.837907791137695,9700,0.0,0.0,0.0
2014-04-23 00:00:00-04:00,21.87227277601431,21.87227277601431,21.60595725663765,21.64891242980957,7400,0.0,0.0,0.0
2014-04-24 00:00:00-04:00,21.60595687851063,21.700456619262695,21.60595687851063,21.700456619262695,1200,0.0,0.0,0.0
2014-04-25 00:00:00-04:00,21.563003540039062,21.648912247085494,21.563003540039062,21.563003540039062,2800,0.0,0.0,0.0
2014-04-28 00:00:00-04:00,21.62314258011676,21.66609612118073,21.494280318352285,21.614551544189453,6700,0.0,0.0,0.0
2014-04-29 00:00:00-04:00,21.769180455299118,21.975360340667756,21.769180455299118,21.898042678833008,6100,0.0,0.0,0.0
2014-04-30 00:00:00-04:00,22.018319370115602,22.29322759119647,22.009729973163136,22.25886344909668,17000,0.0,0.0,0.0
2014-05-01 00:00:00-04:00,22.25886242120321,22.25886242120321,22.10422706604004,22.10422706604004,3000,0.0,0.0,0.0
2014-05-02 00:00:00-04:00,21.923818685813938,22.09563446044922,21.91522765129633,22.09563446044922,10900,0.0,0.0,0.0
2014-05-05 00:00:00-04:00,22.035497139936943,22.035497139936943,21.84649931099706,21.958179473876953,22000,0.0,0.0,0.0
2014-05-06 00:00:00-04:00,22.01831817626953,22.05268231650608,21.906637997645547,22.01831817626953,7300,0.0,0.0,0.0
2014-05-07 00:00:00-04:00,22.044089413787876,22.044089413787876,21.906636141632045,21.97536277770996,10400,0.0,0.0,0.0
2014-05-08 00:00:00-04:00,21.94100027895713,22.14718018719088,21.94100027895713,21.97536277770996,4900,0.0,0.0,0.0
2014-05-09 00:00:00-04:00,21.94100171267343,22.001137318349585,21.855093002319336,21.855093002319336,2300,0.0,0.0,0.0
2014-05-12 00:00:00-04:00,21.92382330554231,22.164365768432617,21.92382330554231,22.164365768432617,4400,0.0,0.0,0.0
2014-05-13 00:00:00-04:00,22.224499085342973,22.23308848157649,22.207317015731245,22.21590805053711,3300,0.0,0.0,0.0
2014-05-14 00:00:00-04:00,22.224501718206817,22.24168215128151,22.147184034366813,22.15577507019043,2700,0.0,0.0,0.0
2014-05-15 00:00:00-04:00,22.215910122980752,22.224501158588044,22.061274759194504,22.121410369873047,4700,0.0,0.0,0.0
2014-05-16 00:00:00-04:00,22.01832042160006,22.19013786315918,22.01832042160006,22.19013786315918,2300,0.0,0.0,0.0
2014-05-19 00:00:00-04:00,22.190137574912352,22.190137574912352,22.104228855248735,22.15577507019043,4100,0.0,0.0,0.0
2014-05-20 00:00:00-04:00,22.20731627060583,22.215907305123437,22.09563446044922,22.09563446044922,8700,0.0,0.0,0.0
2014-05-21 00:00:00-04:00,22.198729234609257,22.361955642700195,22.198729234609257,22.361955642700195,4800,0.0,0.0,0.0
2014-05-22 00:00:00-04:00,22.387724865427007,22.387724865427007,22.318998222376724,22.37054443359375,3300,0.0,0.0,0.0
2014-05-23 00:00:00-04:00,22.25886120533129,22.28463430930812,22.215907670608892,22.267452239990234,5000,0.0,0.0,0.0
2014-05-27 00:00:00-04:00,22.52517423241101,22.52517423241101,22.370540541381647,22.45644760131836,6800,0.0,0.0,0.0
2014-05-28 00:00:00-04:00,22.43067914152787,22.43067914152787,22.301815257227716,22.344770431518555,8600,0.0,0.0,0.0
2014-05-29 00:00:00-04:00,22.396317203240955,22.430681346050985,22.276045980550872,22.379135131835938,9700,0.0,0.0,0.0
2014-05-30 00:00:00-04:00,22.43067909693493,22.43067909693493,22.387723922729492,22.387723922729492,2500,0.0,0.0,0.0
2014-06-02 00:00:00-04:00,22.48222141485415,22.48222141485415,22.34476814831326,22.396312713623047,2500,0.0,0.0,0.0
2014-06-03 00:00:00-04:00,22.396313612722594,22.422086715698242,22.379131544072163,22.422086715698242,1700,0.0,0.0,0.0
2014-06-04 00:00:00-04:00,22.276044480189974,22.507997512817383,22.276044480189974,22.507997512817383,2600,0.0,0.0,0.0
2014-06-05 00:00:00-04:00,22.499401289443576,22.585309982299805,22.456446123729446,22.585309982299805,6700,0.0,0.0,0.0
2014-06-06 00:00:00-04:00,22.59390395681687,22.78290344712653,22.59390395681687,22.739948272705078,2100,0.0,0.0,0.0
2014-06-09 00:00:00-04:00,22.654042591686178,22.679814059348736,22.602496379216134,22.66263198852539,8700,0.0,0.0,0.0
2014-06-10 00:00:00-04:00,22.63685566764202,22.731353759765625,22.63685566764202,22.731353759765625,5500,0.0,0.0,0.0
2014-06-11 00:00:00-04:00,22.542361201133275,22.619678882744935,22.542361201133275,22.568134307861328,4300,0.0,0.0,0.0
2014-06-12 00:00:00-04:00,22.46504242182109,22.696995455322238,22.46504242182109,22.679813385009766,2700,0.0,0.0,0.0
2014-06-13 00:00:00-04:00,22.568132064033026,22.645449737957403,22.55954102931117,22.576723098754883,2700,0.0,0.0,0.0
2014-06-16 00:00:00-04:00,22.654038442965742,22.705583007423773,22.628265341450646,22.671218872070312,26300,0.0,0.0,0.0
2014-06-17 00:00:00-04:00,22.542360769906878,22.679814059348736,22.542360769906878,22.66263198852539,9100,0.0,0.0,0.0
2014-06-18 00:00:00-04:00,22.77431317943309,22.77431317943309,22.602495753104055,22.636859893798828,6100,0.0,0.0,0.0
2014-06-19 00:00:00-04:00,22.877398130219767,22.877398130219767,22.593900575751643,22.64544677734375,6900,0.0,0.0,0.0
2014-06-20 00:00:00-04:00,22.679808847178617,22.679808847178617,22.456446893524504,22.516582489013672,9600,0.0,0.0,0.0
2014-06-23 00:00:00-04:00,22.59390505435019,22.72276894530194,22.576724622319404,22.62826919555664,2600,0.0,0.0,0.0
2014-06-24 00:00:00-04:00,22.533766169135603,22.58531237344985,22.447857467184054,22.482221603393555,10400,0.0,0.0,0.0
2014-06-25 00:00:00-04:00,22.33618159189591,22.379135131835938,22.147183722158285,22.379135131835938,8000,0.0,0.0,0.0
2014-06-26 00:00:00-04:00,22.02690969268785,22.327589372038872,22.018318657440968,22.318998336791992,18300,0.0,0.0,0.0
2014-06-27 00:00:00-04:00,22.327589547306097,22.4049072265625,22.310407476677465,22.4049072265625,2700,0.0,0.0,0.0
2014-06-30 00:00:00-04:00,22.46504130409043,22.482223373548024,22.2932255252315,22.353361129760742,20300,0.0,0.0,0.0
2014-07-01 00:00:00-04:00,22.387724659655536,22.507997512817383,22.387724659655536,22.507997512817383,3600,0.0,0.0,0.0
2014-07-02 00:00:00-04:00,22.48222559067365,22.568134307861328,22.48222559067365,22.568134307861328,3000,0.0,0.0,0.0
2014-07-03 00:00:00-04:00,22.58531476213185,22.636859333325386,22.43927044493985,22.602495193481445,6500,0.0,0.0,0.0
2014-07-07 00:00:00-04:00,22.43927013177602,22.43927013177602,22.26745271209896,22.387723922729492,10000,0.0,0.0,0.0
2014-07-08 00:00:00-04:00,22.1729525138316,22.181543548496943,22.00972777090704,22.044090270996094,8600,0.0,0.0,0.0
2014-07-09 00:00:00-04:00,22.03549803812682,22.20731544494629,22.03549803812682,22.20731544494629,1300,0.0,0.0,0.0
2014-07-10 00:00:00-04:00,21.91522946037868,21.92382049560547,21.72623160110658,21.92382049560547,4300,0.0,0.0,0.0
2014-07-11 00:00:00-04:00,21.820728482913786,21.94100133074486,21.820728482913786,21.90663719177246,10600,0.0,0.0,0.0
2014-07-14 00:00:00-04:00,22.009727908036027,22.215907825571882,22.009727908036027,22.17295265197754,5900,0.0,0.0,0.0
2014-07-15 00:00:00-04:00,22.215906442063485,22.215906442063485,21.966771366448317,22.026906967163086,3000,0.0,0.0,0.0
2014-07-16 00:00:00-04:00,22.112819676017743,22.336181689541863,22.112819676017743,22.293228149414062,18000,0.0,0.0,0.0
2014-07-17 00:00:00-04:00,22.19872437369577,22.19872437369577,22.0097265373676,22.026906967163086,6700,0.0,0.0,0.0
2014-07-18 00:00:00-04:00,22.129999341050812,22.21590805053711,22.121408306244952,22.21590805053711,6700,0.0,0.0,0.0
2014-07-21 00:00:00-04:00,22.104227740336253,22.172954384886143,22.009729628187937,22.087045669555664,8500,0.0,0.0,0.0
2014-07-22 00:00:00-04:00,22.258862392668917,22.336180070151386,22.258862392668917,22.32758903503418,4300,0.0,0.0,0.0
2014-07-23 00:00:00-04:00,22.310408582321667,22.370545832502124,22.293228149414062,22.293228149414062,7700,0.0,0.0,0.0
2014-07-24 00:00:00-04:00,22.37913362453166,22.507997512817383,22.37913362453166,22.507997512817383,3500,0.0,0.0,0.0
2014-07-25 00:00:00-04:00,22.525175850456325,22.525175850456325,22.3705421483192,22.422086715698242,1600,0.0,0.0,0.0
2014-07-28 00:00:00-04:00,22.078457075110734,22.439272381753494,22.078457075110734,22.379135131835938,9000,0.0,0.0,0.0
2014-07-29 00:00:00-04:00,22.301819072533544,22.336183217845093,22.164365768432617,22.164365768432617,2500,0.0,0.0,0.0
2014-07-30 00:00:00-04:00,22.310410108861433,22.310410108861433,22.087048080054263,22.164365768432617,5000,0.0,0.0,0.0
2014-07-31 00:00:00-04:00,21.906633712211544,21.923815778968613,21.803542950241187,21.898042678833008,23400,0.0,0.0,0.0
2014-08-01 00:00:00-04:00,21.56300192855203,21.880861990724917,21.520046758952873,21.59736442565918,17300,0.0,0.0,0.0
2014-08-04 00:00:00-04:00,21.60595703125,21.717638841759644,21.58877496216047,21.60595703125,5200,0.0,0.0,0.0
2014-08-05 00:00:00-04:00,21.64031906750316,21.717636732323875,21.50286580528236,21.52004623413086,4700,0.0,0.0,0.0
2014-08-06 00:00:00-04:00,21.408371020374478,21.485688703062802,21.236553583606536,21.36541748046875,15900,0.0,0.0,0.0
2014-08-07 00:00:00-04:00,21.2623255405631,21.39118779188233,21.081918716430664,21.081918716430664,7100,0.0,0.0,0.0
2014-08-08 00:00:00-04:00,21.047552769144126,21.270914750261678,20.987417166260993,21.253732681274414,17800,0.0,0.0,0.0
2014-08-11 00:00:00-04:00,21.597363419826554,21.64890962094493,21.502865328253726,21.623136520385742,7400,0.0,0.0,0.0
2014-08-12 00:00:00-04:00,21.520049083467,21.528640118314804,21.391186837894672,21.50286865234375,3800,0.0,0.0,0.0
2014-08-13 00:00:00-04:00,21.50286689095984,21.631729125976562,21.47709378852761,21.631729125976562,3900,0.0,0.0,0.0
2014-08-14 00:00:00-04:00,21.528639583500507,21.70904803367795,21.528639583500507,21.64891242980957,9900,0.0,0.0,0.0
2014-08-15 00:00:00-04:00,21.87227277601431,21.87227277601431,21.528639583500507,21.64891242980957,7300,0.0,0.0,0.0
2014-08-18 00:00:00-04:00,21.691866102472698,21.777774810791016,21.67468403309457,21.777774810791016,6100,0.0,0.0,0.0
2014-08-19 00:00:00-04:00,21.837907791137695,21.89804338816331,21.812134690167234,21.837907791137695,2800,0.0,0.0,0.0
2014-08-20 00:00:00-04:00,21.734821204530725,21.88945656293918,21.734821204530725,21.786367416381836,1300,0.0,0.0,0.0
2014-08-21 00:00:00-04:00,21.940998938798625,22.00972557067871,21.92381687118556,22.00972557067871,2500,0.0,0.0,0.0
2014-08-22 00:00:00-04:00,21.84650196742669,21.872273433532264,21.820728862748755,21.855093002319336,2800,0.0,0.0,0.0
2014-08-25 00:00:00-04:00,21.86368421599615,22.00113749825774,21.86368421599615,21.941001892089844,4200,0.0,0.0,0.0
2014-08-26 00:00:00-04:00,21.92381921737801,22.035499391670125,21.92381921737801,21.9495906829834,2000,0.0,0.0,0.0
2014-08-27 00:00:00-04:00,22.026908582225705,22.026908582225705,21.99254608154297,21.99254608154297,2700,0.0,0.0,0.0
2014-08-28 00:00:00-04:00,21.75200128528306,21.872272491455078,21.717638785764894,21.872272491455078,3400,0.0,0.0,0.0
2014-08-29 00:00:00-04:00,21.906638762004388,21.91522979736328,21.846503153064596,21.91522979736328,800,0.0,0.0,0.0
2014-09-02 00:00:00-04:00,21.855091962830702,21.855091962830702,21.6746835158106,21.700456619262695,13100,0.0,0.0,0.0
2014-09-03 00:00:00-04:00,21.872269578697402,21.975360340667756,21.829316050376796,21.898042678833008,13200,0.0,0.0,0.0
2014-09-04 00:00:00-04:00,21.83790989386264,21.915227565646642,21.597365844026598,21.700456619262695,8200,0.0,0.0,0.0
2014-09-05 00:00:00-04:00,21.597369184273607,21.666095832202835,21.5372335721571,21.580188751220703,1700,0.0,0.0,0.0
2014-09-08 00:00:00-04:00,21.485683737861727,21.61454596637221,21.47709270415141,21.52004623413086,5600,0.0,0.0,0.0
2014-09-09 00:00:00-04:00,21.416961669921875,21.56300599696969,21.416961669921875,21.416961669921875,5900,0.0,0.0,0.0
2014-09-10 00:00:00-04:00,21.48568928242498,21.62314258011676,21.477098246497672,21.614551544189453,11200,0.0,0.0,0.0
2014-09-11 00:00:00-04:00,21.52005043312214,21.545823539281937,21.4599148239884,21.468505859375,1900,0.0,0.0,0.0
2014-09-12 00:00:00-04:00,21.683278193035342,21.683278193035342,21.588778436407534,21.614551544189453,2100,0.0,0.0,0.0
2014-09-15 00:00:00-04:00,21.666093713260594,21.717639923095703,21.614549141997863,21.717639923095703,2100,0.0,0.0,0.0
2014-09-16 00:00:00-04:00,21.640320681269387,21.769182919389408,21.57159404503389,21.709047317504883,4600,0.0,0.0,0.0
2014-09-17 00:00:00-04:00,21.717639206539893,21.863683519109333,21.717639206539893,21.777774810791016,18200,0.0,0.0,0.0
2014-09-18 00:00:00-04:00,21.90663944328577,22.07845687866211,21.90663944328577,22.07845687866211,18000,0.0,0.0,0.0
2014-09-19 00:00:00-04:00,21.992545856612928,22.04409042639603,21.932410252103917,21.9495906829834,5100,0.0,0.0,0.0
2014-09-22 00:00:00-04:00,21.940998556447408,21.949587951532102,21.837907791137695,21.837907791137695,3400,0.0,0.0,0.0
2014-09-23 00:00:00-04:00,21.803546432140283,21.803546432140283,21.674684188027847,21.68327522277832,4100,0.0,0.0,0.0
2014-09-24 00:00:00-04:00,21.72623062133789,21.786366226641114,21.580186306213346,21.72623062133789,10800,0.0,0.0,0.0
2014-09-25 00:00:00-04:00,21.477097058213616,21.477097058213616,21.36541687448279,21.374006271362305,3200,0.0,0.0,0.0
2014-09-26 00:00:00-04:00,21.39977959884037,21.416961669921875,21.374006492218115,21.416961669921875,1000,0.0,0.0,0.0
2014-09-29 00:00:00-04:00,21.167824114218504,21.38259506225586,21.116279545489782,21.38259506225586,2600,0.0,0.0,0.0
2014-09-30 00:00:00-04:00,21.39118681469608,21.41695991921154,21.322460174560547,21.322460174560547,1900,0.0,0.0,0.0
2014-10-01 00:00:00-04:00,21.322456574863242,21.322456574863242,21.047550060731343,21.14204978942871,9000,0.0,0.0,0.0
2014-10-02 00:00:00-04:00,21.030371048674088,21.0819172564901,20.772646563883264,21.021780014038086,19000,0.0,0.0,0.0
2014-10-03 00:00:00-04:00,21.193596947996046,21.193596947996046,20.75546402295022,20.901508331298828,4700,0.0,0.0,0.0
2014-10-06 00:00:00-04:00,20.927282245205237,21.0131893157959,20.901509140884638,21.0131893157959,3400,0.0,0.0,0.0
2014-10-07 00:00:00-04:00,20.746874735694718,20.746874735694718,20.437605662643325,20.592239379882812,35600,0.0,0.0,0.0
2014-10-08 00:00:00-04:00,20.497739221540037,20.755463696419564,20.325921812572187,20.686737060546875,19000,0.0,0.0,0.0
2014-10-09 00:00:00-04:00,20.403237612719963,20.56646397242191,20.11114902738894,20.197057723999023,7600,0.0,0.0,0.0
2014-10-10 00:00:00-04:00,19.96510822370186,20.042425900305282,19.758928298950195,19.758928298950195,9100,0.0,0.0,0.0
2014-10-13 00:00:00-04:00,19.965103284666192,20.179874191306627,19.84483210129058,19.870603561401367,56300,0.0,0.0,0.0
2014-10-14 00:00:00-04:00,19.956516464827633,19.96510749953556,19.776109651678215,19.819063186645508,5700,0.0,0.0,0.0
2014-10-15 00:00:00-04:00,19.698791700932276,19.707382735519417,19.2864318721833,19.561338424682617,17100,0.0,0.0,0.0
2014-10-16 00:00:00-04:00,18.968574394772386,19.509796586390927,18.934211887300616,19.415298461914062,17000,0.0,0.0,0.0
2014-10-17 00:00:00-04:00,19.84483694010285,20.076789969089436,19.84483694010285,20.025243759155273,5800,0.0,0.0,0.0
2014-10-20 00:00:00-04:00,19.922156014272637,20.12833595275879,19.85342936811059,20.12833595275879,4800,0.0,0.0,0.0
2014-10-21 00:00:00-04:00,20.14551810614876,20.480560302734375,20.14551810614876,20.480560302734375,20600,0.0,0.0,0.0
2014-10-22 00:00:00-04:00,20.420422133087406,20.46337566726688,20.274377822875977,20.274377822875977,3800,0.0,0.0,0.0
2014-10-23 00:00:00-04:00,20.54069553772191,20.72110400544039,20.54069553772191,20.712512969970703,11900,0.0,0.0,0.0
2014-10-24 00:00:00-04:00,20.82419018120376,20.82419018120376,20.643783377811474,20.78123664855957,5700,0.0,0.0,0.0
2014-10-27 00:00:00-04:00,20.635191823389682,20.729689920539215,20.575056223774837,20.70391845703125,11800,0.0,0.0,0.0
2014-10-28 00:00:00-04:00,20.57505685028484,20.729690551757812,20.540692713131573,20.729690551757812,6200,0.0,0.0,0.0
2014-10-29 00:00:00-04:00,20.738283247548107,20.88432756500573,20.592238930090485,20.652376174926758,4300,0.0,0.0,0.0
2014-10-30 00:00:00-04:00,20.58364811305689,20.953054428100586,20.58364811305689,20.953054428100586,2200,0.0,0.0,0.0
2014-10-31 00:00:00-04:00,20.91010055533798,20.961645126342773,20.824191844615072,20.961645126342773,5500,0.0,0.0,0.0
2014-11-03 00:00:00-05:00,20.82419139272679,20.82419139272679,20.592238370380073,20.618011474609375,4800,0.0,0.0,0.0
2014-11-04 00:00:00-05:00,20.54069384435266,20.592238414348987,20.506331343879218,20.575057983398438,3900,0.0,0.0,0.0
2014-11-05 00:00:00-05:00,20.643784534942977,20.78123781339565,20.62660246549331,20.660964965820312,5400,0.0,0.0,0.0
2014-11-06 00:00:00-05:00,20.764054246512345,20.764054246512345,20.523510207281234,20.566465377807617,7100,0.0,0.0,0.0
2014-11-07 00:00:00-05:00,20.480560591283997,20.514923095703125,20.437607051116952,20.514923095703125,6400,0.0,0.0,0.0
2014-11-10 00:00:00-05:00,20.60942145021134,20.6180124853756,20.532103772305387,20.592239379882812,15700,0.0,0.0,0.0
2014-11-11 00:00:00-05:00,20.729690778406148,20.772645950317383,20.729690778406148,20.772645950317383,1500,0.0,0.0,0.0
2014-11-12 00:00:00-05:00,20.575058095446057,20.59223852649017,20.52351188659668,20.52351188659668,3400,0.0,0.0,0.0
2014-11-13 00:00:00-05:00,20.609421787555277,20.6523769640797,20.566468249603297,20.583648681640625,19700,0.0,0.0,0.0
2014-11-14 00:00:00-05:00,20.48914927435633,20.626602553394765,20.48914927435633,20.575057983398438,3400,0.0,0.0,0.0
2014-11-17 00:00:00-05:00,20.454788375129194,20.54069709777832,20.454788375129194,20.54069709777832,2600,0.0,0.0,0.0
2014-11-18 00:00:00-05:00,20.746872988509445,20.92728143462115,20.746872988509445,20.901508331298828,29400,0.0,0.0,0.0
2014-11-19 00:00:00-05:00,20.884327316034128,20.884327316034128,20.781238174688532,20.832782745361328,4200,0.0,0.0,0.0
2014-11-20 00:00:00-05:00,20.746872511586428,20.815599146960476,20.746872511586428,20.78123664855957,7800,0.0,0.0,0.0
2014-11-21 00:00:00-05:00,20.935874426058543,20.935874426058543,20.789830104058332,20.858556747436523,9900,0.0,0.0,0.0
2014-11-24 00:00:00-05:00,21.02178104322068,21.176416397094727,21.02178104322068,21.176416397094727,2700,0.0,0.0,0.0
2014-11-25 00:00:00-05:00,21.124873007298945,21.27091733428781,21.124873007298945,21.236553192138672,42800,0.0,0.0,0.0
2014-11-26 00:00:00-05:00,21.18500518798828,21.2107782904279,21.150642689974347,21.18500518798828,2200,0.0,0.0,0.0
2014-11-28 00:00:00-05:00,20.978828642153726,20.978828642153726,20.84137535095215,20.84137535095215,1400,0.0,0.0,0.0
2014-12-01 00:00:00-05:00,20.875736842211392,20.935874087946978,20.81560123504821,20.86714744567871,13000,0.0,0.0,0.0
2014-12-02 00:00:00-05:00,20.807007211138398,20.824189278880464,20.746871612613344,20.755462646484375,11000,0.0,0.0,0.0
2014-12-03 00:00:00-05:00,20.789829209562722,20.832782745361328,20.77264713981434,20.832782745361328,3800,0.0,0.0,0.0
2014-12-04 00:00:00-05:00,20.77264351323736,20.83277910828562,20.69532585144043,20.69532585144043,9900,0.0,0.0,0.0
2014-12-05 00:00:00-05:00,20.7039215042856,20.85855686238179,20.7039215042856,20.807010650634766,5900,0.0,0.0,0.0
2014-12-08 00:00:00-05:00,20.73828336136036,20.73828336136036,20.59223904310124,20.600830078125,9000,0.0,0.0,0.0
2014-12-09 00:00:00-05:00,20.523509164622517,20.669553459848288,20.514918130953692,20.635190963745117,8900,0.0,0.0,0.0
2014-12-10 00:00:00-05:00,20.57505915559924,20.57505915559924,20.420423798228043,20.45478630065918,17400,0.0,0.0,0.0
2014-12-11 00:00:00-05:00,20.44619355492511,20.48055769305385,20.317331314086914,20.317331314086914,12200,0.0,0.0,0.0
2014-12-12 00:00:00-05:00,20.2486036763881,20.257194710496,19.887788436717294,19.896379470825195,12600,0.0,0.0,0.0
2014-12-15 00:00:00-05:00,19.90497298673004,19.90497298673004,19.492613129570078,19.526975631713867,14400,0.0,0.0,0.0
2014-12-16 00:00:00-05:00,19.3723384250676,19.647246608819025,19.3723384250676,19.484020233154297,3400,0.0,0.0,0.0
2014-12-17 00:00:00-05:00,19.552747571689217,19.741745418644715,19.509792398354566,19.647247314453125,9800,0.0,0.0,0.0
2014-12-18 00:00:00-05:00,19.896381556432285,19.99088130295278,19.88779052142384,19.982290267944336,3700,0.0,0.0,0.0
2014-12-19 00:00:00-05:00,19.982290267944336,20.042425874431057,19.956517162919006,19.982290267944336,3100,0.0,0.0,0.0
2014-12-22 00:00:00-05:00,19.965107481908923,20.059607225040327,19.965107481908923,20.04242515563965,4800,0.0,0.0,0.0
2014-12-23 00:00:00-05:00,20.068197966121097,20.068197966121097,19.965107189797685,20.0080623626709,3700,0.0,0.0,0.0
2014-12-24 00:00:00-05:00,20.008062319673233,20.059606888438015,20.008062319673233,20.051015853881836,1900,0.0,0.0,0.0
2014-12-26 00:00:00-05:00,20.04242486239717,20.04242486239717,19.999471328096256,20.0080623626709,1900,0.0,0.0,0.0
2014-12-29 00:00:00-05:00,20.047263938875247,20.056174037890504,19.940344450119756,20.029443740844727,13500,0.834,0.0,0.0
2014-12-30 00:00:00-05:00,19.89579804570035,19.940346846703243,19.877977845528065,19.931438446044922,8500,0.0,0.0,0.0
2014-12-31 00:00:00-05:00,19.940344912276654,19.95816511072019,19.628499936653068,19.646318435668945,15600,0.0,0.0,0.0
2015-01-02 00:00:00-05:00,19.690866028416668,19.690866028416668,19.601766748764078,19.619586944580078,9700,0.0,0.0,0.0
2015-01-05 00:00:00-05:00,19.272103007231383,19.405752797806674,19.102816218177328,19.19191551208496,10200,0.0,0.0,0.0
2015-01-06 00:00:00-05:00,19.20082761427566,19.25428822058507,18.942441481492214,19.02263069152832,18800,0.0,0.0,0.0
2015-01-07 00:00:00-05:00,19.022627860822006,19.08499685947401,18.84442926516391,19.04935646057129,9600,0.0,0.0,0.0
2015-01-08 00:00:00-05:00,19.20973629241345,19.35229449982288,19.076088185395594,19.281015396118164,18300,0.0,0.0,0.0
2015-01-09 00:00:00-05:00,19.307743676350402,19.307743676350402,19.120634986567776,19.24537467956543,9500,0.0,0.0,0.0
2015-01-12 00:00:00-05:00,19.218644986151038,19.218644986151038,19.11172718813345,19.183006286621094,6200,0.0,0.0,0.0
2015-01-13 00:00:00-05:00,19.4503020297446,19.468122228809925,19.12063514474688,19.263195037841797,41100,0.0,0.0,0.0
2015-01-14 00:00:00-05:00,19.227555354237786,19.25428565382912,19.07608705540912,19.236465454101562,7400,0.0,0.0,0.0
2015-01-15 00:00:00-05:00,19.19191681224569,19.25428581237793,19.084997312427706,19.25428581237793,9100,0.0,0.0,0.0
2015-01-16 00:00:00-05:00,19.22755316488277,19.48594093322754,19.22755316488277,19.48594093322754,4200,0.0,0.0,0.0
2015-01-20 00:00:00-05:00,19.601770067863864,19.779968657342796,19.601770067863864,19.71759796142578,25000,0.0,0.0,0.0
2015-01-21 00:00:00-05:00,19.699782257319992,19.851250570041366,19.681962055957964,19.84234046936035,5400,0.0,0.0,0.0
2015-01-22 00:00:00-05:00,19.98489668996531,20.011625289916992,19.958166390585863,20.011625289916992,3000,0.0,0.0,0.0
2015-01-23 00:00:00-05:00,19.82451761516145,19.931437109598154,19.73541831970215,19.73541831970215,4400,0.0,0.0,0.0
2015-01-26 00:00:00-05:00,19.99380303210858,20.17199989619782,19.99380303210858,20.14527130126953,7200,0.0,0.0,0.0
2015-01-27 00:00:00-05:00,20.118543895399103,20.207643189949724,20.047264799644143,20.1720027923584,4500,0.0,0.0,0.0
2015-01-28 00:00:00-05:00,20.180914828425852,20.296744432285607,20.020536422729492,20.020536422729492,11500,0.0,0.0,0.0
2015-01-29 00:00:00-05:00,20.18982053208855,20.23436932422409,20.136361641640402,20.216550827026367,5000,0.0,0.0,0.0
2015-01-30 00:00:00-05:00,20.198733568361686,20.261102566194182,20.163093169927272,20.2254638671875,9400,0.0,0.0,0.0
2015-02-02 00:00:00-05:00,20.27892390931531,20.30565420964894,20.15418590661404,20.2700138092041,6500,0.0,0.0,0.0
2015-02-03 00:00:00-05:00,20.359114753967212,20.706600189208984,20.359114753967212,20.706600189208984,42700,0.0,0.0,0.0
2015-02-04 00:00:00-05:00,20.42147959286287,20.42147959286287,20.180912017822266,20.180912017822266,8800,0.0,0.0,0.0
2015-02-05 00:00:00-05:00,20.341291412709246,20.492759704589844,20.341291412709246,20.492759704589844,3000,0.0,0.0,0.0
2015-02-06 00:00:00-05:00,20.30565219810449,20.30565219810449,20.082904815673828,20.082904815673828,4600,0.0,0.0,0.0
2015-02-09 00:00:00-05:00,19.99380564575038,20.065084740589356,19.860157555355766,19.96707534790039,2800,0.0,0.0,0.0
2015-02-10 00:00:00-05:00,20.234372694367917,20.368022491889615,20.216554194202427,20.296743392944336,11200,0.0,0.0,0.0
2015-02-11 00:00:00-05:00,20.13636498759332,20.13636498759332,19.91361759104788,20.011625289916992,3500,0.0,0.0,0.0
2015-02-12 00:00:00-05:00,20.127453870814165,20.30565245881773,20.127453870814165,20.287832260131836,11600,0.0,0.0,0.0
2015-02-13 00:00:00-05:00,20.49275883097849,20.555127825077395,20.448210035030026,20.50166893005371,4600,0.0,0.0,0.0
2015-02-17 00:00:00-05:00,20.6531386677127,20.777876664681525,20.528400670743878,20.733327865600586,6700,0.0,0.0,0.0
2015-02-18 00:00:00-05:00,20.724417162434317,20.831334956886376,20.65313806632371,20.795696258544922,7600,0.0,0.0,0.0
2015-02-19 00:00:00-05:00,20.75114631652832,20.858064105084857,20.75114631652832,20.75114631652832,10800,0.0,0.0,0.0
2015-02-20 00:00:00-05:00,20.83133748714547,21.223373413085938,20.78678868395065,21.223373413085938,10600,0.0,0.0,0.0
2015-02-23 00:00:00-05:00,21.116450779527604,21.134269277076406,21.00953129709718,21.062990188598633,4300,0.0,0.0,0.0
2015-02-24 00:00:00-05:00,21.027357322154298,21.232284545898438,21.00953712023881,21.232284545898438,5200,0.0,0.0,0.0
2015-02-25 00:00:00-05:00,21.187730624645617,21.348107304877217,21.187730624645617,21.321378707885742,4500,0.0,0.0,0.0
2015-02-26 00:00:00-05:00,21.267922880819338,21.267922880819338,21.169913479246343,21.214462280273438,6700,0.0,0.0,0.0
2015-02-27 00:00:00-05:00,21.259011885266556,21.38374988243052,21.259011885266556,21.374839782714844,6600,0.0,0.0,0.0
2015-03-02 00:00:00-05:00,21.41938913365336,21.41938913365336,21.276829245268573,21.330289840698242,6000,0.0,0.0,0.0
2015-03-03 00:00:00-05:00,21.223373413085938,21.267923915708664,21.15209430831748,21.223373413085938,4200,0.0,0.0,0.0
2015-03-04 00:00:00-05:00,21.00062119860902,21.080810385574956,20.831332726188986,21.062990188598633,5600,0.0,0.0,0.0
2015-03-05 00:00:00-05:00,21.107540681039442,21.107540681039442,21.00953129709718,21.062990188598633,5400,0.0,0.0,0.0
2015-03-06 00:00:00-05:00,20.840246273665137,20.840246273665137,20.599680372382032,20.67095947265625,4000,0.0,0.0,0.0
2015-03-09 00:00:00-04:00,20.653139696385683,20.742238998413086,20.653139696385683,20.742238998413086,4700,0.0,0.0,0.0
2015-03-10 00:00:00-04:00,20.474941599140493,20.474941599140493,20.296744690102674,20.359113693237305,4800,0.0,0.0,0.0
2015-03-11 00:00:00-04:00,20.34129349250516,20.359113693237305,20.189825185137682,20.359113693237305,33900,0.0,0.0,0.0
2015-03-12 00:00:00-04:00,20.45711898803711,20.483849285985816,20.39474999225114,20.45711898803711,3500,0.0,0.0,0.0
2015-03-13 00:00:00-04:00,20.296745406203268,20.40366321551261,20.296745406203268,20.33238410949707,2400,0.0,0.0,0.0
2015-03-16 00:00:00-04:00,20.44821304329884,20.724419357554613,20.44821304329884,20.697689056396484,11400,0.0,0.0,0.0
2015-03-17 00:00:00-04:00,20.590771332012157,20.590771332012157,20.42148282286395,20.52840232849121,6500,0.0,0.0,0.0
2015-03-18 00:00:00-04:00,20.37693187472319,21.00953364317595,20.37693187472319,20.982803344726562,4700,0.0,0.0,0.0
2015-03-19 00:00:00-04:00,20.938253571173306,20.938253571173306,20.760054988668863,20.80460548400879,18600,0.0,0.0,0.0
2015-03-20 00:00:00-04:00,21.205549240112305,21.24118963553483,21.080811254988642,21.205549240112305,7800,0.0,0.0,0.0
2015-03-23 00:00:00-04:00,21.24119010874572,21.410478591918945,21.24119010874572,21.410478591918945,11200,0.0,0.0,0.0
2015-03-24 00:00:00-04:00,21.526308348868596,21.526308348868596,21.419390549795718,21.428298950195312,1300,0.0,0.0,0.0
2015-03-25 00:00:00-04:00,21.446118721504803,21.4995776199735,21.330290824918,21.357019424438477,7700,0.0,0.0,0.0
2015-03-26 00:00:00-04:00,21.161002378969375,21.392659872102055,21.000623983767696,21.339200973510742,5000,0.0,0.0,0.0
2015-03-27 00:00:00-04:00,21.267921826799892,21.365929524087882,21.267921826799892,21.357019424438477,5200,0.0,0.0,0.0
2015-03-30 00:00:00-04:00,21.38374883653706,21.535217125439637,21.38374883653706,21.517396926879883,5100,0.0,0.0,0.0
2015-03-31 00:00:00-04:00,21.098634377946304,21.276831281482494,21.098634377946304,21.214462280273438,1900,0.0,0.0,0.0
2015-04-01 00:00:00-04:00,20.98280175095467,21.321378707885742,20.98280175095467,21.321378707885742,41800,0.0,0.0,0.0
2015-04-02 00:00:00-04:00,21.392657795048162,21.50848568065468,21.392657795048162,21.47284698486328,2100,0.0,0.0,0.0
2015-04-06 00:00:00-04:00,21.508488107184757,21.784696103010138,21.508488107184757,21.73123550415039,9000,0.0,0.0,0.0
2015-04-07 00:00:00-04:00,21.740143422304403,21.793602316371697,21.67777442932129,21.67777442932129,4800,0.0,0.0,0.0
2015-04-08 00:00:00-04:00,21.838154461043803,21.838154461043803,21.606496970011325,21.624317169189453,10100,0.0,0.0,0.0
2015-04-09 00:00:00-04:00,21.54412618947429,21.553036288326016,21.508485794067383,21.508485794067383,3500,0.0,0.0,0.0
2015-04-10 00:00:00-04:00,21.651045005307473,21.713415700232293,21.57976591053535,21.668865203857422,10200,0.0,0.0,0.0
2015-04-13 00:00:00-04:00,21.615405280860514,21.642135577415694,21.508485794067383,21.508485794067383,5000,0.0,0.0,0.0
2015-04-14 00:00:00-04:00,21.829244024702668,21.829244024702668,21.695595931783906,21.740144729614258,4800,0.0,0.0,0.0
2015-04-15 00:00:00-04:00,21.918343033701454,21.918343033701454,21.722324247179955,21.838153839111328,6700,0.0,0.0,0.0
2015-04-16 00:00:00-04:00,21.91834317984571,22.01635087433226,21.900522981056266,22.007442474365234,1500,0.0,0.0,0.0
2015-04-17 00:00:00-04:00,21.58867383045289,21.58867383045289,21.410476961225235,21.46393585205078,5800,0.0,0.0,0.0
2015-04-20 00:00:00-04:00,21.51739605342556,21.624315541016244,21.51739605342556,21.52630615234375,4800,0.0,0.0,0.0
2015-04-21 00:00:00-04:00,21.72232396618247,22.025260541953596,21.72232396618247,21.9361629486084,7700,0.0,0.0,0.0
2015-04-22 00:00:00-04:00,21.945073098044187,21.945073098044187,21.873793998028468,21.918344497680664,1400,0.0,0.0,0.0
2015-04-23 00:00:00-04:00,21.713412654129417,21.962888601119857,21.615403275281786,21.927249908447266,4600,0.0,0.0,0.0
2015-04-24 00:00:00-04:00,21.98071349776594,22.007443797557258,21.918344497680664,21.918344497680664,8000,0.0,0.0,0.0
2015-04-27 00:00:00-04:00,22.15891130738981,22.239098805048894,22.069812010690267,22.114360809326172,21300,0.0,0.0,0.0
2015-04-28 00:00:00-04:00,21.882701754290338,21.998531341552734,21.820332760884867,21.998531341552734,5400,0.0,0.0,0.0
2015-04-29 00:00:00-04:00,21.891612847076722,21.936163343979945,21.80251355269796,21.87379264831543,5900,0.0,0.0,0.0
2015-04-30 00:00:00-04:00,21.829245404040137,21.829245404040137,21.624318201987332,21.633228302001953,8000,0.0,0.0,0.0
2015-05-01 00:00:00-04:00,21.802511261743504,21.802511261743504,21.66886318393262,21.784692764282227,11500,0.0,0.0,0.0
2015-05-04 00:00:00-04:00,21.99853294868459,22.09654064572715,21.802514155744,21.811424255371094,39000,0.0,0.0,0.0
2015-05-05 00:00:00-04:00,21.624317346565046,21.633227446227195,21.45502885183968,21.49066925048828,3100,0.0,0.0,0.0
2015-05-06 00:00:00-04:00,21.642138803147105,21.70450780497762,21.570858001708984,21.570858001708984,3700,0.0,0.0,0.0
2015-05-07 00:00:00-04:00,21.677777102647237,21.677777102647237,21.633228302001953,21.633228302001953,1900,0.0,0.0,0.0
2015-05-08 00:00:00-04:00,21.8203360959525,22.141092910408787,21.8203360959525,22.078723907470703,4300,0.0,0.0,0.0
2015-05-11 00:00:00-04:00,22.04308217869819,22.051992278499622,21.88270378112793,21.88270378112793,23100,0.0,0.0,0.0
2015-05-12 00:00:00-04:00,21.79360116329911,21.79360116329911,21.784692764282227,21.784692764282227,1500,0.0,0.0,0.0
2015-05-13 00:00:00-04:00,22.105449130411365,22.194548420745303,21.97180104462427,21.998531341552734,123300,0.0,0.0,0.0
2015-05-14 00:00:00-04:00,22.194550305490676,22.31037990258924,22.141091406521667,22.301469802856445,30900,0.0,0.0,0.0
2015-05-15 00:00:00-04:00,22.239099213946233,22.337108612060547,22.114361215930025,22.337108612060547,9100,0.0,0.0,0.0
2015-05-18 00:00:00-04:00,22.21237106048946,22.319288861101498,22.069812860054878,22.256919860839844,58300,0.0,0.0,0.0
2015-05-19 00:00:00-04:00,22.114362157910975,22.185641259731828,21.998534254737525,22.158912658691406,106500,0.0,0.0,0.0
2015-05-20 00:00:00-04:00,22.096541036663442,22.256919433933106,22.069812436737013,22.185640335083008,9500,0.0,0.0,0.0
2015-05-21 00:00:00-04:00,22.158914370928493,22.346021390380706,22.158914370928493,22.29256248474121,3900,0.0,0.0,0.0
2015-05-22 00:00:00-04:00,22.301468894018427,22.301468894018427,22.167819102900822,22.176729202270508,4800,0.0,0.0,0.0
2015-05-26 00:00:00-04:00,22.07872230674028,22.08763240643228,21.766875615231193,21.82924461364746,7400,0.0,0.0,0.0
2015-05-27 00:00:00-04:00,21.75796662595114,22.051993133081783,21.75796662595114,22.0252628326416,25200,0.0,0.0,0.0
2015-05-28 00:00:00-04:00,22.007441872679387,22.167818559116583,21.873792084840257,22.06981086730957,21000,0.0,0.0,0.0
2015-05-29 00:00:00-04:00,21.95398217897875,21.9718023780125,21.72232468982312,21.757965087890625,9200,0.0,0.0,0.0
2015-06-01 00:00:00-04:00,21.88270308227146,21.88270308227146,21.61540689447604,21.757965087890625,7900,0.0,0.0,0.0
2015-06-02 00:00:00-04:00,21.855975339502137,22.069812638002517,21.855975339502137,21.900524139404297,7900,0.0,0.0,0.0
2015-06-03 00:00:00-04:00,22.12327308114528,22.256921189603165,22.12327308114528,22.167821884155273,5700,0.0,0.0,0.0
2015-06-04 00:00:00-04:00,22.096540627791082,22.12327092665067,21.94507233310891,21.962892532348633,3800,0.0,0.0,0.0
2015-06-05 00:00:00-04:00,21.624317279283584,21.668866078027982,21.472848984353792,21.659955978393555,20100,0.0,0.0,0.0
2015-06-08 00:00:00-04:00,21.544126782945195,21.597585678100586,21.49957628745934,21.597585678100586,8200,0.0,0.0,0.0
2015-06-09 00:00:00-04:00,21.544127813676617,21.642137209006908,21.374839321586403,21.606496810913086,7400,0.0,0.0,0.0
2015-06-10 00:00:00-04:00,21.90943265094824,22.03417064117365,21.793603060515224,21.9361629486084,33900,0.0,0.0,0.0
2015-06-11 00:00:00-04:00,22.051991237072954,22.051991237072954,21.757964755222424,21.87379264831543,264300,0.0,0.0,0.0
2015-06-12 00:00:00-04:00,21.68668554926639,21.838153839111328,21.68668554926639,21.838153839111328,2200,0.0,0.0,0.0
2015-06-15 00:00:00-04:00,21.446117832068534,21.517396926879883,21.321379841005587,21.517396926879883,6600,0.0,0.0,0.0
2015-06-16 00:00:00-04:00,21.365929978643393,21.570857176656308,21.365929978643393,21.561948776245117,3100,0.0,0.0,0.0
2015-06-17 00:00:00-04:00,21.365928809475918,21.472848302264993,21.232280718060338,21.38374900817871,11400,0.0,0.0,0.0
2015-06-18 00:00:00-04:00,21.392658067426098,21.802512421097248,21.383747968507905,21.52630615234375,10300,0.0,0.0,0.0
2015-06-19 00:00:00-04:00,21.481759549159527,21.481759549159527,21.357019851004136,21.428298950195312,4900,0.0,0.0,0.0
2015-06-22 00:00:00-04:00,21.90943319083058,22.14109067797735,21.90943319083058,22.043081283569336,32600,0.0,0.0,0.0
2015-06-23 00:00:00-04:00,21.945071743932903,21.945071743932903,21.829243850839894,21.87379264831543,4400,0.0,0.0,0.0
2015-06-24 00:00:00-04:00,21.81142470301224,21.838155002442114,21.69559680433833,21.73123550415039,7400,0.0,0.0,0.0
2015-06-25 00:00:00-04:00,21.704503140260577,21.775782226951602,21.642134151834366,21.71341323852539,26500,0.0,0.0,0.0
2015-06-26 00:00:00-04:00,21.579766829883862,21.677776226656338,21.579766829883862,21.64213752746582,3300,0.0,0.0,0.0
2015-06-29 00:00:00-04:00,21.241191453451034,21.27683015249609,21.018444061279297,21.018444061279297,5500,0.0,0.0,0.0
2015-06-30 00:00:00-04:00,21.17882263475561,21.17882263475561,20.7689665459892,20.884796142578125,5100,0.0,0.0,0.0
2015-07-01 00:00:00-04:00,21.178821575100176,21.205550173415865,20.964984291436334,21.027353286743164,8700,0.0,0.0,0.0
2015-07-02 00:00:00-04:00,20.920433373037334,20.920433373037334,20.80460548400879,20.80460548400879,4000,0.0,0.0,0.0
2015-07-06 00:00:00-04:00,20.37693389396945,20.537310602275124,20.22546558660197,20.359113693237305,6300,0.0,0.0,0.0
2015-07-07 00:00:00-04:00,20.189824738016508,20.439302444458008,19.92252853066535,20.439302444458008,8500,0.0,0.0,0.0
2015-07-08 00:00:00-04:00,20.145273922712,20.1720025211184,20.09181332704386,20.11854362487793,6700,0.0,0.0,0.0
2015-07-09 00:00:00-04:00,20.555130347796084,20.60858924938075,20.439302444458008,20.439302444458008,6100,0.0,0.0,0.0
2015-07-10 00:00:00-04:00,21.205552154661937,21.383750757411498,21.205552154661937,21.365930557250977,9900,0.0,0.0,0.0
2015-07-13 00:00:00-04:00,21.47284666299529,21.47284666299529,21.321378384440237,21.437206268310547,8600,0.0,0.0,0.0
2015-07-14 00:00:00-04:00,21.312469583399082,21.499576568603516,21.312469583399082,21.499576568603516,1900,0.0,0.0,0.0
2015-07-15 00:00:00-04:00,21.339203178429862,21.339203178429862,21.187734867247237,21.241193771362305,2200,0.0,0.0,0.0
2015-07-16 00:00:00-04:00,21.53521553883713,21.553035736083984,21.53521553883713,21.553035736083984,2300,0.0,0.0,0.0
2015-07-17 00:00:00-04:00,21.46393645004513,21.46393645004513,21.35701696598771,21.401567459106445,5200,0.0,0.0,0.0
2015-07-20 00:00:00-04:00,21.633226074489272,21.651044573255977,21.570855380809075,21.597585678100586,5100,0.0,0.0,0.0
2015-07-21 00:00:00-04:00,21.463937159344017,21.544126350180132,21.463937159344017,21.52630615234375,3200,0.0,0.0,0.0
2015-07-22 00:00:00-04:00,21.294648411466685,21.374837601296278,21.26791981447521,21.321378707885742,3800,0.0,0.0,0.0
2015-07-23 00:00:00-04:00,21.34810932478907,21.37483962373729,21.312470625619184,21.357019424438477,2700,0.0,0.0,0.0
2015-07-24 00:00:00-04:00,21.339202754606813,21.339202754606813,21.16991424560547,21.16991424560547,4700,0.0,0.0,0.0
2015-07-27 00:00:00-04:00,21.11645170267861,21.11645170267861,21.03626251220703,21.03626251220703,11500,0.0,0.0,0.0
2015-07-28 00:00:00-04:00,20.99171563619059,21.16991424560547,20.99171563619059,21.16991424560547,2500,0.0,0.0,0.0
2015-07-29 00:00:00-04:00,21.178822596855557,21.232281495493684,21.178822596855557,21.187732696533203,1700,0.0,0.0,0.0
2015-07-30 00:00:00-04:00,21.15209197998047,21.15209197998047,21.15209197998047,21.15209197998047,700,0.0,0.0,0.0
2015-07-31 00:00:00-04:00,21.410482706120266,21.437211308991152,21.31247329711914,21.31247329711914,2600,0.0,0.0,0.0
2015-08-03 00:00:00-04:00,21.321384273920014,21.330294375052386,21.267925366553815,21.303564071655273,2700,0.0,0.0,0.0
2015-08-04 00:00:00-04:00,21.34810939244758,21.34810939244758,21.178822596855557,21.187732696533203,3100,0.0,0.0,0.0
2015-08-05 00:00:00-04:00,21.285741856254038,21.285741856254038,21.214462753364444,21.26792335510254,2500,0.0,0.0,0.0
2015-08-06 00:00:00-04:00,21.187731069186132,21.187731069186132,21.00062238918216,21.0897216796875,14500,0.0,0.0,0.0
2015-08-07 00:00:00-04:00,20.804607923819272,20.964986326995735,20.795697823706377,20.91152572631836,4000,0.0,0.0,0.0
2015-08-10 00:00:00-04:00,21.08081415239394,21.374840657331237,21.018445151259943,21.365930557250977,4000,0.0,0.0,0.0
2015-08-11 00:00:00-04:00,21.054083953063298,21.12536305461919,20.93825605032041,21.045175552368164,4100,0.0,0.0,0.0
2015-08-12 00:00:00-04:00,20.90261609894659,20.97389690146187,20.804608394343823,20.96498680114746,5900,0.0,0.0,0.0
2015-08-13 00:00:00-04:00,21.0540811235601,21.16991071016423,21.0540811235601,21.071901321411133,3000,0.0,0.0,0.0
2015-08-14 00:00:00-04:00,21.089722982601884,21.187732378155502,21.018443885679545,21.15209197998047,5400,0.0,0.0,0.0
2015-08-17 00:00:00-04:00,20.964986168262364,21.178823471069336,20.964986168262364,21.178823471069336,6900,0.0,0.0,0.0
2015-08-18 00:00:00-04:00,21.089723269142667,21.089723269142667,21.00062397192224,21.0540828704834,4200,0.0,0.0,0.0
2015-08-19 00:00:00-04:00,20.69768746679364,20.733327865600586,20.572949469824813,20.733327865600586,4000,0.0,0.0,0.0
2015-08-20 00:00:00-04:00,20.38583995404888,20.38583995404888,20.234371664074157,20.287832260131836,3200,0.0,0.0,0.0
2015-08-21 00:00:00-04:00,20.180912357568786,20.403659738335392,19.90470608125794,19.913616180419922,12700,0.0,0.0,0.0
2015-08-24 00:00:00-04:00,19.343381609444336,19.8601571610514,19.2899227142334,19.2899227142334,19600,0.0,0.0,0.0
2015-08-25 00:00:00-04:00,20.23437049374239,20.23437049374239,19.477030787100066,19.503759384155273,11100,0.0,0.0,0.0
2015-08-26 00:00:00-04:00,19.771058606579487,19.824517503783643,19.43248162562187,19.699779510498047,8800,0.0,0.0,0.0
2015-08-27 00:00:00-04:00,19.94034721988131,20.145276126842138,19.94034721988131,20.020536422729492,5800,0.0,0.0,0.0
2015-08-28 00:00:00-04:00,19.984896560777106,20.172003556940435,19.984896560777106,20.12745475769043,5000,0.0,0.0,0.0
2015-08-31 00:00:00-04:00,19.967074197051584,20.118542477282634,19.967074197051584,20.073993682861328,2400,0.0,0.0,0.0
2015-09-01 00:00:00-04:00,19.6552290280088,19.681959326344728,19.5394011340752,19.548311233520508,8900,0.0,0.0,0.0
2015-09-02 00:00:00-04:00,19.788877487182617,19.833427985233918,19.673049591104704,19.788877487182617,10400,0.0,0.0,0.0
2015-09-03 00:00:00-04:00,19.93143665019474,20.100723438295006,19.93143665019474,19.96707534790039,7300,0.0,0.0,0.0
2015-09-04 00:00:00-04:00,19.619589885497614,19.62849998474121,19.46812159721179,19.62849998474121,6000,0.0,0.0,0.0
2015-09-08 00:00:00-04:00,20.047264530081414,20.11854362487793,20.00271573311897,20.11854362487793,3400,0.0,0.0,0.0
2015-09-09 00:00:00-04:00,20.332380796362468,20.403659890763173,20.082904815673828,20.082904815673828,8200,0.0,0.0,0.0
2015-09-10 00:00:00-04:00,20.118544795867255,20.394751091851738,20.118544795867255,20.296743392944336,6500,0.0,0.0,0.0
2015-09-11 00:00:00-04:00,20.20764300489323,20.45711898803711,20.20764300489323,20.45711898803711,2500,0.0,0.0,0.0
2015-09-14 00:00:00-04:00,20.172003556940435,20.172003556940435,20.038355459762663,20.12745475769043,4200,0.0,0.0,0.0
2015-09-15 00:00:00-04:00,20.011625872851024,20.16309417489127,20.011625872851024,20.100725173950195,5600,0.0,0.0,0.0
2015-09-16 00:00:00-04:00,20.225464825572523,20.448212228059322,20.225464825572523,20.403661727905273,5900,0.0,0.0,0.0
2015-09-17 00:00:00-04:00,20.33238145541244,20.670958439361108,20.33238145541244,20.66204833984375,3300,0.0,0.0,0.0
2015-09-18 00:00:00-04:00,20.056175678984072,20.16309347706047,19.967076380968564,19.97598648071289,4400,0.0,0.0,0.0
2015-09-21 00:00:00-04:00,20.01162552023156,20.029445720022956,19.860158920288086,19.860158920288086,5900,0.0,0.0,0.0
2015-09-22 00:00:00-04:00,19.494851640086107,19.494851640086107,19.39684393999948,19.423572540283203,2800,0.0,0.0,0.0
2015-09-23 00:00:00-04:00,19.423570084445842,19.468120578332243,19.316652297973633,19.316652297973633,2300,0.0,0.0,0.0
2015-09-24 00:00:00-04:00,19.120636035868436,19.18300673550389,18.986987935505205,19.10281753540039,3900,0.0,0.0,0.0
2015-09-25 00:00:00-04:00,19.316651539931005,19.3612003326416,19.316651539931005,19.3612003326416,3200,0.0,0.0,0.0
2015-09-28 00:00:00-04:00,19.120634743405848,19.120634743405848,18.808789763446786,18.888978958129883,9300,0.0,0.0,0.0
2015-09-29 00:00:00-04:00,18.933527312801218,18.969167709350586,18.871158318267472,18.969167709350586,4500,0.0,0.0,0.0
2015-09-30 00:00:00-04:00,19.254285762904946,19.30774466296268,19.111727563132465,19.272104263305664,3500,0.0,0.0,0.0
2015-10-01 00:00:00-04:00,19.289922874149173,19.307743072509766,19.174094983660645,19.307743072509766,2700,0.0,0.0,0.0
2015-10-02 00:00:00-04:00,19.325563408169565,19.62849998474121,19.281012911951578,19.62849998474121,1600,0.0,0.0,0.0
2015-10-05 00:00:00-04:00,19.886887340635962,19.993806838989258,19.886887340635962,19.993806838989258,900,0.0,0.0,0.0
2015-10-06 00:00:00-04:00,20.109634558219323,20.12745475769043,20.05617565923377,20.12745475769043,2900,0.0,0.0,0.0
2015-10-07 00:00:00-04:00,20.17200311075725,20.207643508911133,20.13636441203109,20.207643508911133,3100,0.0,0.0,0.0
2015-10-08 00:00:00-04:00,20.180916056969316,20.38584327697754,20.180916056969316,20.38584327697754,2300,0.0,0.0,0.0
2015-10-09 00:00:00-04:00,20.394751071196232,20.457120070281714,20.385840971408626,20.448211669921875,8100,0.0,0.0,0.0
2015-10-12 00:00:00-04:00,20.448211669921875,20.448211669921875,20.448211669921875,20.448211669921875,0,0.0,0.0,0.0
2015-10-13 00:00:00-04:00,20.207642806018146,20.207642806018146,20.082904815673828,20.082904815673828,1900,0.0,0.0,0.0
2015-10-14 00:00:00-04:00,20.038355906535514,20.065086206338147,19.931438106180575,20.047266006469727,8600,0.0,0.0,0.0
2015-10-15 00:00:00-04:00,20.073996573219915,20.100725173950195,20.056176373114518,20.100725173950195,1800,0.0,0.0,0.0
2015-10-16 00:00:00-04:00,20.082904327545723,20.180912017822266,20.047263931497803,20.180912017822266,4700,0.0,0.0,0.0
2015-10-19 00:00:00-04:00,20.118545265345606,20.118545265345606,20.00271736414203,20.065086364746094,12500,0.0,0.0,0.0
2015-10-20 00:00:00-04:00,20.082903781631103,20.118542477282634,20.047263386551997,20.073993682861328,5600,0.0,0.0,0.0
2015-10-21 00:00:00-04:00,19.92252744189479,19.949256041512477,19.779969245841297,19.806697845458984,10200,0.0,0.0,0.0
2015-10-22 00:00:00-04:00,19.735417278425025,19.958164655606858,19.735417278425025,19.877975463867188,15500,0.0,0.0,0.0
2015-10-23 00:00:00-04:00,19.97598706412837,20.109635165341054,19.940346664110155,20.065086364746094,19600,0.0,0.0,0.0
2015-10-26 00:00:00-04:00,20.073994235921024,20.073994235921024,19.958164648150277,20.029443740844727,14600,0.0,0.0,0.0
2015-10-27 00:00:00-04:00,19.815606197490737,19.85124659307466,19.80669609859476,19.82451629638672,4700,0.0,0.0,0.0
2015-10-28 00:00:00-04:00,19.860155497529348,20.145271847342677,19.860155497529348,19.94925308227539,5900,0.0,0.0,0.0
2015-10-29 00:00:00-04:00,19.699779191122076,19.699779191122076,19.619589996902032,19.664138793945312,4700,0.0,0.0,0.0
2015-10-30 00:00:00-04:00,19.87797694348573,19.913617342212977,19.806697845458984,19.806697845458984,55300,0.0,0.0,0.0
2015-11-02 00:00:00-05:00,19.922527739896317,20.020535439006753,19.922527739896317,19.993806838989258,17300,0.0,0.0,0.0
2015-11-03 00:00:00-05:00,19.89579613072969,20.10072331470326,19.85124733401462,20.082904815673828,16300,0.0,0.0,0.0
2015-11-04 00:00:00-05:00,20.07399598846904,20.09181448862757,19.94925629079271,20.011625289916992,5700,0.0,0.0,0.0
2015-11-05 00:00:00-05:00,20.10963237851286,20.17200137047372,20.02053309024267,20.073993682861328,7600,0.0,0.0,0.0
2015-11-06 00:00:00-05:00,19.895797124150207,19.958166122436523,19.83342812586389,19.958166122436523,2800,0.0,0.0,0.0
2015-11-09 00:00:00-05:00,19.788877217206647,19.788877217206647,19.708689720663756,19.73541831970215,2500,0.0,0.0,0.0
2015-11-10 00:00:00-05:00,19.50376013584053,19.637409923977835,19.50376013584053,19.610679626464844,5600,0.0,0.0,0.0
2015-11-11 00:00:00-05:00,19.80669582456951,19.824516022114928,19.77105712890625,19.77105712890625,2200,0.0,0.0,0.0
2015-11-12 00:00:00-05:00,19.664140275834555,19.664140275834555,19.583951075571456,19.59286117553711,1300,0.0,0.0,0.0
2015-11-13 00:00:00-05:00,19.37902128998702,19.37902128998702,19.298832100419073,19.316652297973633,3000,0.0,0.0,0.0
2015-11-16 00:00:00-05:00,19.37902258476542,19.53049087524414,19.37902258476542,19.53049087524414,4200,0.0,0.0,0.0
2015-11-17 00:00:00-05:00,19.592859982717858,19.699779476368633,19.557221284452734,19.566129684448242,4200,0.0,0.0,0.0
2015-11-18 00:00:00-05:00,19.664139491494442,19.788877487182617,19.655229391884184,19.788877487182617,3800,0.0,0.0,0.0
2015-11-19 00:00:00-05:00,19.85124882039239,19.87797742065169,19.85124882039239,19.860158920288086,2200,0.0,0.0,0.0
2015-11-20 00:00:00-05:00,19.869065967227492,19.869065967227492,19.81560707092285,19.81560707092285,1900,0.0,0.0,0.0
2015-11-23 00:00:00-05:00,19.699778918747164,19.70868901791816,19.610679626464844,19.610679626464844,2100,0.0,0.0,0.0
2015-11-24 00:00:00-05:00,19.44139158094589,19.557221173361924,19.44139158094589,19.53049087524414,2500,0.0,0.0,0.0
2015-11-25 00:00:00-05:00,19.52158104568213,19.610680341211836,19.52158104568213,19.58395004272461,2400,0.0,0.0,0.0
2015-11-27 00:00:00-05:00,19.717598120724748,19.753238518679552,19.699779621175054,19.73541831970215,4300,0.0,0.0,0.0
2015-11-30 00:00:00-05:00,19.81560924358586,19.931438847611563,19.81560924358586,19.869068145751953,6400,0.0,0.0,0.0
2015-12-01 00:00:00-05:00,20.038353839859987,20.038353839859987,19.984894945196054,20.029443740844727,2500,0.0,0.0,0.0
2015-12-02 00:00:00-05:00,20.047265419743155,20.047265419743155,19.940345923089648,19.958166122436523,4800,0.0,0.0,0.0
2015-12-03 00:00:00-05:00,20.109632932554437,20.154183427630734,19.975984846180793,20.029443740844727,2700,0.0,0.0,0.0
2015-12-04 00:00:00-05:00,19.88688716311379,20.12745475769043,19.88688716311379,20.12745475769043,18600,0.0,0.0,0.0
2015-12-07 00:00:00-05:00,20.056175231933594,20.091813930688755,20.011624734204986,20.056175231933594,4500,0.0,0.0,0.0
2015-12-08 00:00:00-05:00,19.699776568444882,19.699776568444882,19.58394699246874,19.690866470336914,7900,0.0,0.0,0.0
2015-12-09 00:00:00-05:00,19.610677395192358,19.735415370538522,19.477029321688974,19.575037002563477,4700,0.0,0.0,0.0
2015-12-10 00:00:00-05:00,19.521579629196854,19.58394862171384,19.441390438981415,19.48594093322754,4100,0.0,0.0,0.0
2015-12-11 00:00:00-05:00,19.281016824311767,19.281016824311767,19.02263069152832,19.02263069152832,8400,0.0,0.0,0.0
2015-12-14 00:00:00-05:00,19.040447346173163,19.156275239407442,19.02262714739014,19.076086044311523,8600,0.0,0.0,0.0
2015-12-15 00:00:00-05:00,19.325562670364548,19.485941051771096,19.325562670364548,19.3701114654541,6700,0.0,0.0,0.0
2015-12-16 00:00:00-05:00,19.441391725060512,19.70868960993669,19.405753026733645,19.699779510498047,3000,0.0,0.0,0.0
2015-12-17 00:00:00-05:00,19.664140189514026,19.664140189514026,19.40575408935547,19.40575408935547,2700,0.0,0.0,0.0
2015-12-18 00:00:00-05:00,19.138455787923967,19.20973488641161,19.138455787923967,19.183006286621094,4600,0.0,0.0,0.0
2015-12-21 00:00:00-05:00,19.414662402295768,19.414662402295768,19.254284017235317,19.2899227142334,2700,0.0,0.0,0.0
2015-12-22 00:00:00-05:00,19.379024055823134,19.468123356884895,19.352293755676257,19.459213256835938,21900,0.0,0.0,0.0
2015-12-23 00:00:00-05:00,19.60176762543182,19.76214599609375,19.60176762543182,19.76214599609375,4600,0.0,0.0,0.0
2015-12-24 00:00:00-05:00,19.877975190335,19.91361558591892,19.82451629638672,19.82451629638672,2400,0.0,0.0,0.0
2015-12-28 00:00:00-05:00,19.77996821364045,19.84233720873071,19.77996821364045,19.797786712646484,4900,0.0,0.0,0.0
2015-12-29 00:00:00-05:00,19.63649147369089,19.799600585153822,19.63649147369089,19.76335334777832,1800,0.372,0.0,0.0
2015-12-30 00:00:00-05:00,19.609306495420533,19.65461554317912,19.56399917602539,19.56399917602539,6300,0.0,0.0,0.0
2015-12-31 00:00:00-05:00,19.382766738289302,19.49150672621027,19.364644847272032,19.41901397705078,4900,0.0,0.0,0.0
2016-01-04 00:00:00-05:00,19.083732758638124,19.083732758638124,18.911563570196968,19.02936363220215,8300,0.0,0.0,0.0
2016-01-05 00:00:00-05:00,18.947807471037233,18.947807471037233,18.82094561066043,18.911561965942383,5400,0.0,0.0,0.0
2016-01-06 00:00:00-05:00,18.68502232048131,18.694082400666165,18.612529580459675,18.62158966064453,4500,0.0,0.0,0.0
2016-01-07 00:00:00-05:00,18.35880631177855,18.59440817698757,18.29537537275371,18.50379180908203,8900,0.0,0.0,0.0
2016-01-08 00:00:00-05:00,18.68502484487724,18.70314673605852,18.34974479675293,18.34974479675293,8000,0.0,0.0,0.0
2016-01-11 00:00:00-05:00,18.55816123642733,18.55816123642733,18.28631385670972,18.34974479675293,5400,0.0,0.0,0.0
2016-01-12 00:00:00-05:00,18.540039238695577,18.549101049260656,18.349746401919845,18.53097915649414,6700,0.0,0.0,0.0
2016-01-13 00:00:00-05:00,18.657837777853597,18.657837777853597,18.222881317138672,18.222881317138672,2700,0.0,0.0,0.0
2016-01-14 00:00:00-05:00,18.195697490899633,18.422237550163008,18.06883561078846,18.358806610107422,6700,0.0,0.0,0.0
2016-01-15 00:00:00-05:00,17.79698387819085,17.80604568662869,17.66106020834975,17.760738372802734,3200,0.0,0.0,0.0
2016-01-19 00:00:00-05:00,17.987281934406138,18.105082010527443,17.85135823784661,17.86041831970215,6800,0.0,0.0,0.0
2016-01-20 00:00:00-05:00,17.543264215691767,17.69731153806209,17.298600516333558,17.561386108398438,10400,0.0,0.0,0.0
2016-01-21 00:00:00-05:00,17.516078173193772,17.905727370797706,17.516078173193772,17.86041831970215,16500,0.0,0.0,0.0
2016-01-22 00:00:00-05:00,18.1594519766233,18.404113927023754,18.1594519766233,18.34974479675293,38900,0.0,0.0,0.0
2016-01-25 00:00:00-05:00,18.34974479675293,18.34974479675293,18.34974479675293,18.34974479675293,1200,0.0,0.0,0.0
2016-01-26 00:00:00-05:00,18.63971535089631,18.63971535089631,18.558160793255862,18.585346221923828,5400,0.0,0.0,0.0
2016-01-27 00:00:00-05:00,18.458488289094987,18.65784295683469,18.43130285461801,18.47661018371582,2900,0.0,0.0,0.0
2016-01-28 00:00:00-05:00,18.494732213475796,18.494732213475796,18.16851394130936,18.331623077392578,5500,0.0,0.0,0.0
2016-01-29 00:00:00-05:00,18.331620746932494,18.603469848632812,18.331620746932494,18.603469848632812,8000,0.0,0.0,0.0
2016-02-01 00:00:00-05:00,18.31349550756281,18.41317367553711,18.20475725919384,18.41317367553711,6900,0.0,0.0,0.0
2016-02-02 00:00:00-05:00,18.123201796031925,18.123201796031925,17.923847198486328,17.923847198486328,2800,0.0,0.0,0.0
2016-02-03 00:00:00-05:00,17.851354302624156,17.960092544555664,17.733552524107964,17.960092544555664,3300,0.0,0.0,0.0
2016-02-04 00:00:00-05:00,17.914786867471204,18.150388717651367,17.914786867471204,18.150388717651367,4900,0.0,0.0,0.0
2016-02-05 00:00:00-05:00,17.896663816627814,17.91478743529997,17.833232879638672,17.833232879638672,3000,0.0,0.0,0.0
2016-02-08 00:00:00-05:00,17.244230105360383,17.307661046048732,17.117366495620182,17.280475616455078,6800,0.0,0.0,0.0
2016-02-09 00:00:00-05:00,17.07205758402198,17.15361213684082,16.99956484022338,17.15361213684082,5300,0.0,0.0,0.0
2016-02-10 00:00:00-05:00,17.352966613698,17.352966613698,17.22610474513918,17.24422836303711,11400,0.0,0.0,0.0
2016-02-11 00:00:00-05:00,17.044870673080037,17.09017971423677,16.936132431030273,16.936132431030273,4200,0.0,0.0,0.0
2016-02-12 00:00:00-05:00,17.153613735078384,17.28953742631963,17.153613735078384,17.280475616455078,8100,0.0,0.0,0.0
2016-02-16 00:00:00-05:00,17.606693131341096,17.706371307373047,17.597631321850606,17.706371307373047,3100,0.0,0.0,0.0
2016-02-17 00:00:00-05:00,18.059772199245298,18.20475768604563,18.00540307378601,18.195695877075195,6600,0.0,0.0,0.0
2016-02-18 00:00:00-05:00,18.313499939568306,18.313499939568306,18.12320709468866,18.13226890563965,3600,0.0,0.0,0.0
2016-02-19 00:00:00-05:00,17.94197242841583,18.086957931518555,17.94197242841583,18.086957931518555,1200,0.0,0.0,0.0
2016-02-22 00:00:00-05:00,18.376930226070087,18.376930226070087,18.33162117720816,18.34974479675293,1800,0.0,0.0,0.0
2016-02-23 00:00:00-05:00,18.259128728947065,18.26819053886911,18.20475959777832,18.20475959777832,2000,0.0,0.0,0.0
2016-02-24 00:00:00-05:00,17.842294393382215,17.96915626525879,17.842294393382215,17.96915626525879,800,0.0,0.0,0.0
2016-02-25 00:00:00-05:00,18.0054011758178,18.177570343017578,17.996339367802577,18.177570343017578,5000,0.0,0.0,0.0
2016-02-26 00:00:00-05:00,18.2410033297234,18.2410033297234,18.105079650878906,18.105079650878906,1800,0.0,0.0,0.0
2016-02-29 00:00:00-05:00,18.186634353824207,18.186634353824207,18.041648864746094,18.041648864746094,8600,0.0,0.0,0.0
2016-03-01 00:00:00-05:00,18.268190091717404,18.431299209594727,18.268190091717404,18.431299209594727,5300,0.0,0.0,0.0
2016-03-02 00:00:00-05:00,18.286315762722,18.367870330810547,18.25006851985435,18.367870330810547,5200,0.0,0.0,0.0
2016-03-03 00:00:00-05:00,18.503791645327993,18.540037155151367,18.476606216687877,18.540037155151367,2700,0.0,0.0,0.0
2016-03-04 00:00:00-05:00,18.79376016569322,18.95686925935561,18.79376016569322,18.875314712524414,3800,0.0,0.0,0.0
2016-03-07 00:00:00-05:00,18.648776585284622,18.911563869213026,18.648776585284622,18.902502059936523,3000,0.0,0.0,0.0
2016-03-08 00:00:00-05:00,18.73939338228776,18.73939338228776,18.666900634765625,18.666900634765625,2000,0.0,0.0,0.0
2016-03-09 00:00:00-05:00,18.77563875143433,18.77563875143433,18.712207813872325,18.757516860961914,2800,0.0,0.0,0.0
2016-03-10 00:00:00-05:00,18.938747848300796,19.038426023450636,18.630653241804403,18.721269607543945,3900,0.0,0.0,0.0
2016-03-11 00:00:00-05:00,19.047488713905338,19.26496696472168,19.047488713905338,19.26496696472168,3800,0.0,0.0,0.0
2016-03-14 00:00:00-04:00,19.301212325173818,19.337459564208984,19.301212325173818,19.337459564208984,2500,0.0,0.0,0.0
2016-03-15 00:00:00-04:00,19.12904165888246,19.138103467946795,19.101856231689453,19.101856231689453,2400,0.0,0.0,0.0
2016-03-16 00:00:00-04:00,18.87531604347064,19.192472444803983,18.87531604347064,19.165287017822266,4400,0.0,0.0,0.0
2016-03-17 00:00:00-04:00,19.129041358108715,19.23777960844429,19.092794122421306,19.219655990600586,3100,0.0,0.0,0.0
2016-03-18 00:00:00-04:00,19.119979714248426,19.26496520152306,19.110917905248343,19.192472457885742,4100,0.0,0.0,0.0
2016-03-21 00:00:00-04:00,19.11091995577469,19.15622727727306,19.074672715885175,19.11998176574707,2700,0.0,0.0,0.0
2016-03-22 00:00:00-04:00,18.9025016300822,19.156225370600872,18.9025016300822,19.12904167175293,4900,0.0,0.0,0.0
2016-03-23 00:00:00-04:00,19.02030212380427,19.02030212380427,18.857193013554006,18.902502059936523,1100,0.0,0.0,0.0
2016-03-24 00:00:00-04:00,18.5037916604997,18.621591727976565,18.5037916604997,18.576284408569336,6700,0.0,0.0,0.0
2016-03-28 00:00:00-04:00,18.712206192874174,18.712206192874174,18.603467946005757,18.612529754638672,1300,0.0,0.0,0.0
2016-03-29 00:00:00-04:00,18.639712900096526,18.911561965942383,18.639712900096526,18.911561965942383,2400,0.0,0.0,0.0
2016-03-30 00:00:00-04:00,19.174346776819146,19.310270440468972,19.174346776819146,19.228715896606445,4900,0.0,0.0,0.0
2016-03-31 00:00:00-04:00,19.183412707190197,19.201536327134953,19.11998176574707,19.11998176574707,3700,0.0,0.0,0.0
2016-04-01 00:00:00-04:00,18.839072726864256,19.092796494748622,18.839072726864256,19.06561279296875,3100,0.0,0.0,0.0
2016-04-04 00:00:00-04:00,19.156227436719714,19.192474676910933,19.06561279296875,19.06561279296875,6000,0.0,0.0,0.0
2016-04-05 00:00:00-04:00,18.76657693413184,18.77563874354595,18.73939323425293,18.73939323425293,1400,0.0,0.0,0.0
2016-04-06 00:00:00-04:00,18.830010907004986,19.08373467475715,18.830010907004986,19.038427352905273,5500,0.0,0.0,0.0
2016-04-07 00:00:00-04:00,18.89344229263388,18.89344229263388,18.76657867741501,18.7756404876709,2300,0.0,0.0,0.0
2016-04-08 00:00:00-04:00,19.110917892222172,19.23777976141017,19.110917892222172,19.165287017822266,4600,0.0,0.0,0.0
2016-04-11 00:00:00-04:00,19.27402670972555,19.310272216796875,19.26496490086689,19.310272216796875,2600,0.0,0.0,0.0
2016-04-12 00:00:00-04:00,19.25590516544748,19.328397915759332,19.19247422497005,19.292152404785156,4000,0.0,0.0,0.0
2016-04-13 00:00:00-04:00,19.42807564127587,19.5368139000192,19.42807564127587,19.500568389892578,3500,0.0,0.0,0.0
2016-04-14 00:00:00-04:00,19.582122929350277,19.582122929350277,19.455259323120117,19.455259323120117,4300,0.0,0.0,0.0
2016-04-15 00:00:00-04:00,19.455259323120117,19.464321132733946,19.455259323120117,19.455259323120117,3300,0.0,0.0,0.0
2016-04-18 00:00:00-04:00,19.527753683888683,19.627431869506836,19.527753683888683,19.627431869506836,38100,0.0,0.0,0.0
2016-04-19 00:00:00-04:00,19.953647323818938,20.107694621587985,19.953647323818938,20.0986328125,32900,0.0,0.0,0.0
2016-04-20 00:00:00-04:00,20.017080296975017,20.044265727006678,19.935525735243576,19.98989486694336,2100,0.0,0.0,0.0
2016-04-21 00:00:00-04:00,19.79054068892117,19.79054068892117,19.70898612530599,19.772417068481445,3500,0.0,0.0,0.0
2016-04-22 00:00:00-04:00,19.681801009311172,19.681801009311172,19.627431875486344,19.64555549621582,1100,0.0,0.0,0.0
2016-04-25 00:00:00-04:00,19.52775017576232,19.591182836900593,19.482442860455414,19.491504669189453,3300,0.0,0.0,0.0
2016-04-26 00:00:00-04:00,19.536813735961914,19.554937355054765,19.509630035686083,19.536813735961914,4500,0.0,0.0,0.0
2016-04-27 00:00:00-04:00,19.5458771416479,19.699924459789937,19.5458771416479,19.672739028930664,20500,0.0,0.0,0.0
2016-04-28 00:00:00-04:00,19.708986431394695,19.77241737555526,19.618370056152344,19.618370056152344,16100,0.0,0.0,0.0
2016-04-29 00:00:00-04:00,19.67273935773458,19.67273935773458,19.48244652362994,19.582124710083008,1300,0.0,0.0,0.0
2016-05-02 00:00:00-04:00,19.57305908203125,19.618366397020104,19.5549354646904,19.57305908203125,4500,0.0,0.0,0.0
2016-05-03 00:00:00-04:00,19.283090594950735,19.328397915759332,19.25590516544748,19.292152404785156,6300,0.0,0.0,0.0
2016-05-04 00:00:00-04:00,19.03842542864741,19.13810360068308,18.956870874866112,19.002178192138672,5100,0.0,0.0,0.0
2016-05-05 00:00:00-04:00,18.86625290916424,18.956869264374358,18.86625290916424,18.884376525878906,3800,0.0,0.0,0.0
2016-05-06 00:00:00-04:00,18.74845663819189,18.866256713867188,18.74845663819189,18.866256713867188,3700,0.0,0.0,0.0
2016-05-09 00:00:00-04:00,19.110918340796154,19.110918340796154,18.974994659423828,18.974994659423828,4300,0.0,0.0,0.0
2016-05-10 00:00:00-04:00,19.07467079592021,19.11091803216125,19.011239860861735,19.08373260498047,4600,0.0,0.0,0.0
2016-05-11 00:00:00-04:00,18.94780906573893,19.065610856028968,18.938747256611745,19.002178192138672,2100,0.0,0.0,0.0
2016-05-12 00:00:00-04:00,19.08373111959826,19.08373111959826,18.79376016569322,18.875314712524414,2100,0.0,0.0,0.0
2016-05-13 00:00:00-04:00,18.784700709131673,18.784700709131673,18.630653404537917,18.68502426147461,8800,0.0,0.0,0.0
2016-05-16 00:00:00-04:00,18.802823882199956,18.956871183140468,18.802823882199956,18.89344024658203,5300,0.0,0.0,0.0
2016-05-17 00:00:00-04:00,18.857195057828445,18.956873242312515,18.793764114379883,18.793764114379883,19200,0.0,0.0,0.0
2016-05-18 00:00:00-04:00,18.84813149445675,18.9478096696695,18.703146000527347,18.748455047607422,42800,0.0,0.0,0.0
2016-05-19 00:00:00-04:00,18.567220711474107,18.612529754638672,18.52191339667281,18.612529754638672,5100,0.0,0.0,0.0
2016-05-20 00:00:00-04:00,18.884380501023287,18.893442311288123,18.820949557533016,18.83001136779785,12800,0.0,0.0,0.0
2016-05-23 00:00:00-04:00,18.721269615424706,18.784700552960064,18.712207806010596,18.73939323425293,2100,0.0,0.0,0.0
2016-05-24 00:00:00-04:00,19.011240026569396,19.09279458045924,18.984056327515024,19.056549072265625,7200,0.0,0.0,0.0
2016-05-25 00:00:00-04:00,19.328397754450194,19.346521373967775,19.31027413493261,19.337459564208984,8100,0.0,0.0,0.0
2016-05-26 00:00:00-04:00,19.409951999680736,19.446197509765625,19.37370476123239,19.446197509765625,1800,0.0,0.0,0.0
2016-05-27 00:00:00-04:00,19.3555850982666,19.3555850982666,19.328399666301205,19.3555850982666,5200,0.0,0.0,0.0
2016-05-31 00:00:00-04:00,19.310272216796875,19.36464306994884,19.310272216796875,19.310272216796875,6700,0.0,0.0,0.0
2016-06-01 00:00:00-04:00,19.156224940732717,19.346519470214844,19.156224940732717,19.346519470214844,7800,0.0,0.0,0.0
2016-06-02 00:00:00-04:00,19.246845082618133,19.30121421813965,19.246845082618133,19.30121421813965,14500,0.0,0.0,0.0
2016-06-03 00:00:00-04:00,19.31933374621118,19.464319229125977,19.31933374621118,19.464319229125977,3800,0.0,0.0,0.0
2016-06-06 00:00:00-04:00,19.419015407377625,19.618370050159015,19.419015407377625,19.60024642944336,15400,0.0,0.0,0.0
2016-06-07 00:00:00-04:00,19.74523145745398,19.76335334777832,19.70898422007848,19.76335334777832,2200,0.0,0.0,0.0
2016-06-08 00:00:00-04:00,19.708982472465504,19.736167898086574,19.690858855384793,19.71804428100586,5700,0.0,0.0,0.0
2016-06-09 00:00:00-04:00,19.37370682872839,19.409954071044922,19.35558493593377,19.409954071044922,2500,0.0,0.0,0.0
2016-06-10 00:00:00-04:00,18.84813149049542,18.86625510932364,18.721269615424706,18.73939323425293,4300,0.0,0.0,0.0
2016-06-13 00:00:00-04:00,18.48566629365286,18.721268134694913,18.48566629365286,18.521913528442383,4900,0.0,0.0,0.0
2016-06-14 00:00:00-04:00,18.105081561587618,18.213821553157032,18.068836049973502,18.11414337158203,1700,0.0,0.0,0.0
2016-06-15 00:00:00-04:00,18.304439536991985,18.422239620568106,18.25006867223653,18.277254104614258,15900,0.0,0.0,0.0
2016-06-16 00:00:00-04:00,17.869477667592776,18.195695877075195,17.76980122564463,18.195695877075195,10400,0.0,0.0,0.0
2016-06-17 00:00:00-04:00,18.22288481868275,18.413177658674222,18.195699386528112,18.37693214416504,3800,0.0,0.0,0.0
2016-06-20 00:00:00-04:00,18.802824024397157,18.91156400815068,18.784700405711003,18.811885833740234,8800,0.0,0.0,0.0
2016-06-21 00:00:00-04:00,18.82094545772935,18.95686912536621,18.82094545772935,18.95686912536621,1100,0.0,0.0,0.0
2016-06-22 00:00:00-04:00,19.074670932547328,19.083732741672495,18.97499448889721,18.99311637878418,49200,0.0,0.0,0.0
2016-06-23 00:00:00-04:00,19.337459425491584,19.437137603759766,19.28309029569234,19.437137603759766,6400,0.0,0.0,0.0
2016-06-24 00:00:00-04:00,17.588571235138005,18.02352776310433,17.46170934657206,17.72449493408203,64700,0.0,0.0,0.0
2016-06-27 00:00:00-04:00,17.62481538719293,17.62481538719293,17.235166251055084,17.35296630859375,13500,0.0,0.0,0.0
2016-06-28 00:00:00-04:00,17.815107232250025,17.960092708390075,17.751676302484153,17.93290901184082,48600,0.0,0.0,0.0
2016-06-29 00:00:00-04:00,18.16851394130936,18.358808509527673,18.16851394130936,18.331623077392578,8300,0.0,0.0,0.0
2016-06-30 00:00:00-04:00,18.413175304606245,18.64877716806781,18.376929794730938,18.603469848632812,16800,0.0,0.0,0.0
2016-07-01 00:00:00-04:00,18.739393238191408,18.857193303872766,18.739393238191408,18.748455047607422,12800,0.0,0.0,0.0
2016-07-05 00:00:00-04:00,18.45848329870314,18.45848329870314,18.096017850460704,18.12320327758789,10600,0.0,0.0,0.0
2016-07-06 00:00:00-04:00,17.778863473908302,18.041649027090752,17.715430809547897,18.005403518676758,16100,0.0,0.0,0.0
2016-07-07 00:00:00-04:00,18.12320152327835,18.21381787656738,17.9872778575264,18.07789421081543,4300,0.0,0.0,0.0
2016-07-08 00:00:00-04:00,18.304439373621154,18.331623077392578,18.28631575219776,18.331623077392578,13400,0.0,0.0,0.0
2016-07-11 00:00:00-04:00,18.549097094208282,18.694082575608345,18.549097094208282,18.612529754638672,13800,0.0,0.0,0.0
2016-07-12 00:00:00-04:00,18.77563874749205,18.802824175740096,18.748455047607422,18.748455047607422,7700,0.0,0.0,0.0
2016-07-13 00:00:00-04:00,18.866256713867188,18.947811277166842,18.839073011676348,18.866256713867188,6800,0.0,0.0,0.0
2016-07-14 00:00:00-04:00,18.99311654947366,19.02936378630008,18.9296856133908,18.974994659423828,1700,0.0,0.0,0.0
2016-07-15 00:00:00-04:00,18.993116695974763,18.993116695974763,18.857193013554006,18.902502059936523,115000,0.0,0.0,0.0
2016-07-18 00:00:00-04:00,18.80282593391666,18.884380497923217,18.721271369910106,18.82094955444336,18400,0.0,0.0,0.0
2016-07-19 00:00:00-04:00,18.77563875143433,18.77563875143433,18.712207813872325,18.757516860961914,3500,0.0,0.0,0.0
2016-07-20 00:00:00-04:00,18.89344010492776,19.01124016788687,18.89344010492776,18.974994659423828,13400,0.0,0.0,0.0
2016-07-21 00:00:00-04:00,18.956869264374358,18.965931072731692,18.875314717521572,18.884376525878906,8700,0.0,0.0,0.0
2016-07-22 00:00:00-04:00,18.984056615061654,18.984056615061654,18.811885695534887,18.902502059936523,4100,0.0,0.0,0.0
2016-07-25 00:00:00-04:00,18.830007404098122,18.89343833423624,18.830007404098122,18.884376525878906,2400,0.0,0.0,0.0
2016-07-26 00:00:00-04:00,18.893438349213348,18.965931087766265,18.893438349213348,18.911561965942383,1900,0.0,0.0,0.0
2016-07-27 00:00:00-04:00,19.00218010280345,19.020303722880143,18.87531821899366,19.011241912841797,8900,0.0,0.0,0.0
2016-07-28 00:00:00-04:00,18.94780921936035,18.94780921936035,18.911563710921115,18.94780921936035,6200,0.0,0.0,0.0
2016-07-29 00:00:00-04:00,19.002178056075326,19.129041654584157,19.002178056075326,19.09279441833496,6400,0.0,0.0,0.0
2016-08-01 00:00:00-04:00,18.97499480578515,19.011240314527768,18.902502059936523,18.902502059936523,4000,0.0,0.0,0.0
2016-08-02 00:00:00-04:00,18.86625687119338,18.88438049171412,18.784702307213635,18.802825927734375,2500,0.0,0.0,0.0
2016-08-03 00:00:00-04:00,18.639716944233,18.703147888183594,18.639716944233,18.703147888183594,5000,0.0,0.0,0.0
2016-08-04 00:00:00-04:00,18.730333161662415,18.793764105079585,18.730333161662415,18.766578674316406,8000,0.0,0.0,0.0
2016-08-05 00:00:00-04:00,18.48567009251656,18.512855524195395,18.39505371528408,18.494731903076172,6000,0.0,0.0,0.0
2016-08-08 00:00:00-04:00,18.3950540372378,18.3950540372378,18.340684901292185,18.37693214416504,9200,0.0,0.0,0.0
2016-08-09 00:00:00-04:00,18.576284129330396,18.77563875143433,18.576284129330396,18.757516860961914,161100,0.0,0.0,0.0
2016-08-10 00:00:00-04:00,18.793762358420448,18.793762358420448,18.730331420898438,18.730331420898438,2800,0.0,0.0,0.0
2016-08-11 00:00:00-04:00,18.83907127380371,18.884378592184632,18.830009464454843,18.83907127380371,2500,0.0,0.0,0.0
2016-08-12 00:00:00-04:00,18.87531868145375,18.87531868145375,18.802825927734375,18.802825927734375,1300,0.0,0.0,0.0
2016-08-15 00:00:00-04:00,18.929685592651367,18.974994638634755,18.893440084228036,18.929685592651367,8700,0.0,0.0,0.0
2016-08-16 00:00:00-04:00,18.929683839302356,18.93874564765969,18.86625290916424,18.884376525878906,20500,0.0,0.0,0.0
2016-08-17 00:00:00-04:00,18.730333161662415,18.78470229482519,18.639716787482065,18.766578674316406,4500,0.0,0.0,0.0
2016-08-18 00:00:00-04:00,18.848132940605097,18.938749313354492,18.848132940605097,18.938749313354492,1300,0.0,0.0,0.0
2016-08-19 00:00:00-04:00,18.67596229278863,18.811885977244856,18.67596229278863,18.730331420898438,3600,0.0,0.0,0.0
2016-08-22 00:00:00-04:00,18.766576799012782,18.83907127380371,18.766576799012782,18.83907127380371,1500,0.0,0.0,0.0
2016-08-23 00:00:00-04:00,19.05655110990478,19.05655110990478,18.920625686645508,18.920625686645508,7400,0.0,0.0,0.0
2016-08-24 00:00:00-04:00,18.97499655379967,18.97499655379967,18.938749313354492,18.938749313354492,600,0.0,0.0,0.0
2016-08-25 00:00:00-04:00,18.893442308186568,18.893442308186568,18.82094955444336,18.82094955444336,1100,0.0,0.0,0.0
2016-08-26 00:00:00-04:00,18.802824163873193,18.802824163873193,18.69408417931306,18.721269607543945,2500,0.0,0.0,0.0
2016-08-29 00:00:00-04:00,18.666900352902072,18.8662549734869,18.666900352902072,18.83907127380371,4800,0.0,0.0,0.0
2016-08-30 00:00:00-04:00,18.884376650553655,18.884376650553655,18.757514789439874,18.784698486328125,2800,0.0,0.0,0.0
2016-08-31 00:00:00-04:00,18.793764260085965,18.793764260085965,18.6940860748291,18.6940860748291,2200,0.0,0.0,0.0
2016-09-01 00:00:00-04:00,18.830007528413923,18.830007528413923,18.703143938936915,18.784698486328125,1700,0.0,0.0,0.0
2016-09-02 00:00:00-04:00,18.830009310023595,18.902502055856576,18.82094750074905,18.89344024658203,3600,0.0,0.0,0.0
2016-09-06 00:00:00-04:00,18.96593461080644,19.074672874653015,18.96593461080644,19.06561279296875,3000,0.0,0.0,0.0
2016-09-07 00:00:00-04:00,19.147165474068107,19.147165474068107,19.083734532602563,19.138105392456055,1900,0.0,0.0,0.0
2016-09-08 00:00:00-04:00,19.138103472243053,19.15622536201244,19.092794426911208,19.110918045043945,6500,0.0,0.0,0.0
2016-09-09 00:00:00-04:00,18.83000959210408,18.83000959210408,18.71220779813365,18.721269607543945,3700,0.0,0.0,0.0
2016-09-12 00:00:00-04:00,18.66690004759358,18.94780921936035,18.58534549315107,18.94780921936035,3500,0.0,0.0,0.0
2016-09-13 00:00:00-04:00,18.71220794217914,18.71220794217914,18.630653385222093,18.63971519470215,96200,0.0,0.0,0.0
2016-09-14 00:00:00-04:00,18.657840719913956,18.657840719913956,18.6215934782904,18.63065528869629,1400,0.0,0.0,0.0
2016-09-15 00:00:00-04:00,18.802825927734375,18.84813325067264,18.77564049695327,18.802825927734375,2200,0.0,0.0,0.0
2016-09-16 00:00:00-04:00,18.512855692495133,18.512855692495133,18.458486557006836,18.458486557006836,1900,0.0,0.0,0.0
2016-09-19 00:00:00-04:00,18.630653541340322,18.630653541340322,18.567222602811853,18.585346221923828,4200,0.0,0.0,0.0
2016-09-20 00:00:00-04:00,18.648775260807053,18.666898878072878,18.594406137372847,18.612529754638672,2200,0.0,0.0,0.0
2016-09-21 00:00:00-04:00,18.63971535850812,18.63971535850812,18.603469848632812,18.603469848632812,1800,0.0,0.0,0.0
2016-09-22 00:00:00-04:00,18.97499448889721,19.03842542441002,18.97499448889721,18.99311637878418,3100,0.0,0.0,0.0
2016-09-23 00:00:00-04:00,18.82094764308331,18.82094764308331,18.811885833740234,18.811885833740234,800,0.0,0.0,0.0
2016-09-26 00:00:00-04:00,18.72126975943442,18.72126975943442,18.6397152024435,18.657838821411133,3600,0.0,0.0,0.0
2016-09-27 00:00:00-04:00,18.476606231837295,18.612531646785875,18.395051674213523,18.576284408569336,5300,0.0,0.0,0.0
2016-09-28 00:00:00-04:00,18.55816049879339,18.739393230310643,18.5309767989202,18.730331420898438,4800,0.0,0.0,0.0
2016-09-29 00:00:00-04:00,18.621593805417646,18.721271993269873,18.395053726381597,18.53097915649414,4300,0.0,0.0,0.0
2016-09-30 00:00:00-04:00,18.558160653145098,18.675962448120117,18.558160653145098,18.675962448120117,800,0.0,0.0,0.0
2016-10-03 00:00:00-04:00,18.63065528869629,18.685026151131623,18.594409775436343,18.63065528869629,4900,0.0,0.0,0.0
2016-10-04 00:00:00-04:00,18.730331714262743,18.730331714262743,18.576284408569336,18.576284408569336,2400,0.0,0.0,0.0
2016-10-05 00:00:00-04:00,18.630653253562645,18.77563874749205,18.630653253562645,18.748455047607422,7100,0.0,0.0,0.0
2016-10-06 00:00:00-04:00,18.73033331917539,18.739395129505986,18.648778754563597,18.703147888183594,7100,0.0,0.0,0.0
2016-10-07 00:00:00-04:00,18.585346206700123,18.585346206700123,18.422237091552834,18.54909896850586,1700,0.0,0.0,0.0
2016-10-10 00:00:00-04:00,18.657836894836976,18.657836894836976,18.62158966064453,18.62158966064453,1400,0.0,0.0,0.0
2016-10-11 00:00:00-04:00,18.340683130784065,18.340683130784065,18.204759439859526,18.25912857055664,7500,0.0,0.0,0.0
2016-10-12 00:00:00-04:00,18.141328951206603,18.141328951206603,18.032588958740234,18.032588958740234,2700,0.0,0.0,0.0
2016-10-13 00:00:00-04:00,17.88760170264098,17.987279875276776,17.760739830823326,17.951032638549805,16000,0.0,0.0,0.0
2016-10-14 00:00:00-04:00,18.03258721789641,18.141327199865156,18.005403518676758,18.005403518676758,19900,0.0,0.0,0.0
2016-10-17 00:00:00-04:00,18.086956173433506,18.086956173433506,17.98727972996632,18.02352523803711,5600,0.0,0.0,0.0
2016-10-18 00:00:00-04:00,18.31349389143454,18.34974112326765,18.28631019592285,18.28631019592285,5300,0.0,0.0,0.0
2016-10-19 00:00:00-04:00,18.29537772619941,18.304439536991985,18.241006861443953,18.277254104614258,2500,0.0,0.0,0.0
2016-10-20 00:00:00-04:00,18.204761194633456,18.37693214152746,18.204761194633456,18.367870330810547,6100,0.0,0.0,0.0
2016-10-21 00:00:00-04:00,18.2500667536876,18.2500667536876,18.241004943847656,18.241004943847656,900,0.0,0.0,0.0
2016-10-24 00:00:00-04:00,18.286312234008154,18.286312234008154,18.186634063720703,18.186634063720703,3400,0.0,0.0,0.0
2016-10-25 00:00:00-04:00,18.204757847897522,18.204757847897522,18.150388721954855,18.15945053100586,3800,0.0,0.0,0.0
2016-10-26 00:00:00-04:00,18.086957941598794,18.177574313179385,18.05977423997909,18.11414337158203,3800,0.0,0.0,0.0
2016-10-27 00:00:00-04:00,18.041652844973044,18.041652844973044,17.98728370666504,17.98728370666504,2300,0.0,0.0,0.0
2016-10-28 00:00:00-04:00,17.606695016442337,17.679187771764425,17.606695016442337,17.67012596130371,13800,0.0,0.0,0.0
2016-10-31 00:00:00-04:00,17.57950798069844,17.60669340959955,17.507015231992273,17.516077041625977,3700,0.0,0.0,0.0
2016-11-01 00:00:00-04:00,17.5070172907085,17.5070172907085,17.362031776246774,17.42546272277832,10300,0.0,0.0,0.0
2016-11-02 00:00:00-04:00,17.371091986737078,17.398277416330732,17.26235199672598,17.280475616455078,6600,0.0,0.0,0.0
2016-11-03 00:00:00-04:00,17.3076592707022,17.3076592707022,17.189857482910156,17.189857482910156,4800,0.0,0.0,0.0
2016-11-04 00:00:00-04:00,17.07205771119879,17.14455045553742,17.008626775947914,17.044872283935547,5100,0.0,0.0,0.0
2016-11-07 00:00:00-05:00,17.171737512354138,17.262352155103997,17.171737512354138,17.226106643676758,6900,0.0,0.0,0.0
2016-11-08 00:00:00-05:00,17.244228193041515,17.298597317835984,17.217042766462622,17.26235008239746,4300,0.0,0.0,0.0
2016-11-09 00:00:00-05:00,17.044873751944788,17.352968374009798,17.044873751944788,17.298599243164062,6400,0.0,0.0,0.0
2016-11-10 00:00:00-05:00,17.244228193041515,17.352966442630454,17.162673641668153,17.26235008239746,4600,0.0,0.0,0.0
2016-11-11 00:00:00-05:00,17.153614027512173,17.153614027512173,17.04487403564728,17.108304977416992,4000,0.0,0.0,0.0
2016-11-14 00:00:00-05:00,16.881763613040803,16.881763613040803,16.7639635485847,16.827394485473633,13000,0.0,0.0,0.0
2016-11-15 00:00:00-05:00,16.836456012001534,16.999565120326782,16.836456012001534,16.990503311157227,5100,0.0,0.0,0.0
2016-11-16 00:00:00-05:00,16.80927086279955,16.81833267211914,16.791148972523775,16.81833267211914,900,0.0,0.0,0.0
2016-11-17 00:00:00-05:00,16.80927468530714,16.90895288212651,16.80927468530714,16.863645553588867,5600,0.0,0.0,0.0
2016-11-18 00:00:00-05:00,16.854579909397497,16.854579909397497,16.791148972523775,16.81833267211914,3600,0.0,0.0,0.0
2016-11-21 00:00:00-05:00,16.890823389873542,16.98143974382381,16.890823389873542,16.936132431030273,3100,0.0,0.0,0.0
2016-11-22 00:00:00-05:00,16.936134342479317,16.9451961517334,16.872703406064133,16.9451961517334,9100,0.0,0.0,0.0
2016-11-23 00:00:00-05:00,16.673347345442252,16.800210948813948,16.673347345442252,16.791149139404297,10200,0.0,0.0,0.0
2016-11-25 00:00:00-05:00,16.972379680256598,16.999565107745145,16.93613417196858,16.96331787109375,7800,0.0,0.0,0.0
2016-11-28 00:00:00-05:00,16.89989107074622,16.918014693506798,16.84552193082829,16.863645553588867,5900,0.0,0.0,0.0
2016-11-29 00:00:00-05:00,16.890825279824845,16.945196135296598,16.87270338969765,16.90894889831543,3600,0.0,0.0,0.0
2016-11-30 00:00:00-05:00,17.117365191227638,17.117365191227638,16.972379701170155,17.00862693786621,8700,0.0,0.0,0.0
2016-12-01 00:00:00-05:00,17.035812537898646,17.035812537898646,16.981443405151367,16.981443405151367,5500,0.0,0.0,0.0
2016-12-02 00:00:00-05:00,17.017686817833233,17.0358087057635,16.927070464729166,16.97237777709961,22700,0.0,0.0,0.0
2016-12-05 00:00:00-05:00,17.18985531217489,17.343902587890625,17.18985531217489,17.343902587890625,7000,0.0,0.0,0.0
2016-12-06 00:00:00-05:00,17.343907995779134,17.488893508911133,17.343907995779134,17.488893508911133,10600,0.0,0.0,0.0
2016-12-07 00:00:00-05:00,17.579511322452085,17.77886771556303,17.579511322452085,17.75168228149414,19200,0.0,0.0,0.0
2016-12-08 00:00:00-05:00,17.53420242199434,17.670126123424883,17.48889336927507,17.61575698852539,32400,0.0,0.0,0.0
2016-12-09 00:00:00-05:00,17.615754794116878,17.806047606741984,17.615754794116878,17.77886390686035,20500,0.0,0.0,0.0
2016-12-12 00:00:00-05:00,17.77886390686035,17.833233034987035,17.769802097445332,17.77886390686035,16400,0.0,0.0,0.0
2016-12-13 00:00:00-05:00,17.878537998925434,18.00540158566312,17.878537998925434,17.960092544555664,3700,0.0,0.0,0.0
2016-12-14 00:00:00-05:00,17.91478771309922,17.951033222642177,17.59763129487205,17.6429386138916,250700,0.0,0.0,0.0
2016-12-15 00:00:00-05:00,17.60669134612518,17.633875043476948,17.507013180200016,17.579505920410156,246500,0.0,0.0,0.0
2016-12-16 00:00:00-05:00,17.59763510168579,17.715435193637827,17.59763510168579,17.65200424194336,9300,0.0,0.0,0.0
2016-12-19 00:00:00-05:00,17.652000583457006,17.70637144080969,17.597631454467773,17.597631454467773,14900,0.0,0.0,0.0
2016-12-20 00:00:00-05:00,17.534200512135783,17.597631450670107,17.534200512135783,17.58856964111328,4500,0.0,0.0,0.0
2016-12-21 00:00:00-05:00,17.642942430506462,17.70637511056474,17.642942430506462,17.65200424194336,16200,0.0,0.0,0.0
2016-12-22 00:00:00-05:00,17.642940691793317,17.697311555056444,17.61575698852539,17.61575698852539,4100,0.0,0.0,0.0
2016-12-23 00:00:00-05:00,17.697309334770953,17.76980208166329,17.697309334770953,17.742616653442383,8600,0.0,0.0,0.0
2016-12-27 00:00:00-05:00,17.72449493408203,17.778865796350527,17.72449493408203,17.72449493408203,6000,0.0,0.0,0.0
2016-12-28 00:00:00-05:00,17.385445144782423,17.394656870422306,17.274885106889766,17.293312072753906,16000,0.322,0.0,0.0
2016-12-29 00:00:00-05:00,17.440725398436935,17.45915236547739,17.413084947876257,17.422298431396484,7000,0.0,0.0,0.0
2016-12-30 00:00:00-05:00,17.532860022818657,17.532860022818657,17.43151345244927,17.47757911682129,11800,0.0,0.0,0.0
2017-01-03 00:00:00-05:00,17.597351218256374,17.597351218256374,17.532858590487233,17.560497283935547,6300,0.0,0.0,0.0
2017-01-04 00:00:00-05:00,17.59734936492373,17.717121124267578,17.59734936492373,17.717121124267578,10500,0.0,0.0,0.0
2017-01-05 00:00:00-05:00,17.772402919849963,17.90138816833496,17.772402919849963,17.90138816833496,15600,0.0,0.0,0.0
2017-01-06 00:00:00-05:00,17.836895906994947,17.873748082758063,17.836895906994947,17.84610939025879,10700,0.0,0.0,0.0
2017-01-09 00:00:00-05:00,17.634205632285322,17.707911752984714,17.615780420079872,17.680273056030273,22700,0.0,0.0,0.0
2017-01-10 00:00:00-05:00,17.615779178737228,17.615779178737228,17.551284790039062,17.551284790039062,1600,0.0,0.0,0.0
2017-01-11 00:00:00-05:00,17.47757445315323,17.62498664855957,17.47757445315323,17.62498664855957,15900,0.0,0.0,0.0
2017-01-12 00:00:00-05:00,17.671055468510435,17.717121124267578,17.643415020680873,17.717121124267578,8200,0.0,0.0,0.0
2017-01-13 00:00:00-05:00,17.81847062202614,17.89217673780039,17.81847062202614,17.86453628540039,7600,0.0,0.0,0.0
2017-01-17 00:00:00-05:00,17.836897886752286,17.864536582319243,17.800043949606422,17.82768440246582,9100,0.0,0.0,0.0
2017-01-18 00:00:00-05:00,17.82768440246582,17.82768440246582,17.82768440246582,17.82768440246582,0,0.0,0.0,0.0
2017-01-19 00:00:00-05:00,17.735549783082362,17.772403717041016,17.689484122926338,17.772403717041016,18800,0.0,0.0,0.0
2017-01-20 00:00:00-05:00,17.919817517328248,17.984310150146484,17.910604033026722,17.984310150146484,4900,0.0,0.0,0.0
2017-01-23 00:00:00-05:00,17.86453423602941,17.90138816833496,17.827682061016073,17.90138816833496,6100,0.0,0.0,0.0
2017-01-24 00:00:00-05:00,17.938241447833104,18.03037452697754,17.938241447833104,18.03037452697754,4800,0.0,0.0,0.0
2017-01-25 00:00:00-05:00,18.09486676049187,18.260705947875977,18.076441550898746,18.260705947875977,19200,0.0,0.0,0.0
2017-01-26 00:00:00-05:00,18.27913328152805,18.27913328152805,18.205427169799805,18.205427169799805,18300,0.0,0.0,0.0
2017-01-27 00:00:00-05:00,18.18699836730957,18.233065780798796,18.140932711112484,18.18699836730957,18100,0.0,0.0,0.0
2017-01-30 00:00:00-05:00,18.021160606703592,18.113293683615755,18.002735397154982,18.104080200195312,6400,0.0,0.0,0.0
2017-01-31 00:00:00-05:00,18.288347244262695,18.297560728131636,18.21464113060354,18.288347244262695,5100,0.0,0.0,0.0
2017-02-01 00:00:00-05:00,18.408117223513546,18.454184638362495,18.352838082987,18.426544189453125,5200,0.0,0.0,0.0
2017-02-02 00:00:00-05:00,18.3896926762394,18.426546612965694,18.334413528442383,18.334413528442383,5900,0.0,0.0,0.0
2017-02-03 00:00:00-05:00,18.408117152857024,18.45418456752915,18.389690186988176,18.444971084594727,62400,0.0,0.0,0.0
2017-02-06 00:00:00-05:00,18.223854064941406,18.26070624201354,18.1317209863226,18.223854064941406,7300,0.0,0.0,0.0
2017-02-07 00:00:00-05:00,18.186999721732587,18.186999721732587,18.094866645184936,18.122507095336914,30700,0.0,0.0,0.0
2017-02-08 00:00:00-05:00,18.048802589770116,18.17778785402593,18.048802589770116,18.159360885620117,3800,0.0,0.0,0.0
2017-02-09 00:00:00-05:00,18.18700126492749,18.18700126492749,18.15014908555683,18.17778778076172,2200,0.0,0.0,0.0
2017-02-10 00:00:00-05:00,18.131718243117874,18.196210861206055,18.131718243117874,18.196210861206055,1500,0.0,0.0,0.0
2017-02-13 00:00:00-05:00,18.233067254840147,18.279132914761384,18.21464028795474,18.260705947875977,20800,0.0,0.0,0.0
2017-02-14 00:00:00-05:00,18.260706792655874,18.288347244262695,18.19621416286566,18.288347244262695,22200,0.0,0.0,0.0
2017-02-15 00:00:00-05:00,18.168574327758904,18.35284049680553,18.168574327758904,18.334413528442383,3300,0.0,0.0,0.0
2017-02-16 00:00:00-05:00,18.426543618037336,18.546315378346037,18.426543618037336,18.5371036529541,4100,0.0,0.0,0.0
2017-02-17 00:00:00-05:00,18.417331623840827,18.435758590698242,18.380479447418274,18.435758590698242,5700,0.0,0.0,0.0
2017-02-21 00:00:00-05:00,18.30677235516272,18.444971084594727,18.30677235516272,18.444971084594727,9500,0.0,0.0,0.0
2017-02-22 00:00:00-05:00,18.2975571855541,18.38968849182129,18.242276293043357,18.38968849182129,8200,0.0,0.0,0.0
2017-02-23 00:00:00-05:00,18.491037662119183,18.491037662119183,18.38047937598889,18.454185485839844,9700,0.0,0.0,0.0
2017-02-24 00:00:00-05:00,18.205427097759184,18.269919725604655,18.205427097759184,18.223854064941406,5000,0.0,0.0,0.0
2017-02-27 00:00:00-05:00,18.15935791921603,18.22385229810095,18.15935791921603,18.18699836730957,19100,0.0,0.0,0.0
2017-02-28 00:00:00-05:00,18.15014908555683,18.251493896795463,18.15014908555683,18.17778778076172,9900,0.0,0.0,0.0
2017-03-01 00:00:00-05:00,18.3620507201769,18.398902893066406,18.315983307449876,18.398902893066406,7100,0.0,0.0,0.0
2017-03-02 00:00:00-05:00,18.18700126492749,18.19621474909326,18.159360812430176,18.17778778076172,2000,0.0,0.0,0.0
2017-03-03 00:00:00-05:00,18.297559303456666,18.371265411376953,18.23306667868794,18.371265411376953,2200,0.0,0.0,0.0
2017-03-06 00:00:00-05:00,18.260706937921725,18.260706937921725,18.223854759445167,18.251493453979492,1900,0.0,0.0,0.0
2017-03-07 00:00:00-05:00,18.18699737900888,18.196210861206055,18.113291278723523,18.196210861206055,3500,0.0,0.0,0.0
2017-03-08 00:00:00-05:00,18.150148906822256,18.150148906822256,18.058015823364258,18.058015823364258,1200,0.0,0.0,0.0
2017-03-09 00:00:00-05:00,18.13172105807156,18.205427169799805,18.13172105807156,18.205427169799805,2400,0.0,0.0,0.0
2017-03-10 00:00:00-05:00,18.315984221551474,18.408117294311523,18.315984221551474,18.408117294311523,2500,0.0,0.0,0.0
2017-03-13 00:00:00-04:00,18.4265436879145,18.5186767578125,18.4265436879145,18.5186767578125,7700,0.0,0.0,0.0
2017-03-14 00:00:00-04:00,18.40811957116046,18.40811957116046,18.34362693943917,18.352840423583984,8300,0.0,0.0,0.0
2017-03-15 00:00:00-04:00,18.35283729598009,18.55552864074707,18.35283729598009,18.55552864074707,1200,0.0,0.0,0.0
2017-03-16 00:00:00-04:00,18.666088732702367,18.712154388427734,18.63844828489187,18.712154388427734,9200,0.0,0.0,0.0
2017-03-17 00:00:00-04:00,18.77664885116192,18.78586233466917,18.73058319091797,18.73058319091797,4700,0.0,0.0,0.0
2017-03-20 00:00:00-04:00,18.758223641439717,18.77664885116192,18.693731014181267,18.73058319091797,2600,0.0,0.0,0.0
2017-03-21 00:00:00-04:00,18.887206913079208,18.887206913079208,18.573955535888672,18.573955535888672,4400,0.0,0.0,0.0
2017-03-22 00:00:00-04:00,18.50946580276989,18.57395843331804,18.50025231879267,18.56474494934082,4200,0.0,0.0,0.0
2017-03-23 00:00:00-04:00,18.62002486793591,18.684519258450518,18.58317268779145,18.61081314086914,2700,0.0,0.0,0.0
2017-03-24 00:00:00-04:00,18.67530313168708,18.739795755784044,18.67530313168708,18.72136878967285,3400,0.0,0.0,0.0
2017-03-27 00:00:00-04:00,18.629234928856903,18.86878020629899,18.629234928856903,18.850353240966797,3900,0.0,0.0,0.0
2017-03-28 00:00:00-04:00,18.841143716608094,18.850355443058167,18.776649330411214,18.81350326538086,7700,0.0,0.0,0.0
2017-03-29 00:00:00-04:00,18.702941682040773,18.7858612716215,18.68451647336121,18.758222579956055,9400,0.0,0.0,0.0
2017-03-30 00:00:00-04:00,18.702944098357733,18.749011519238792,18.666091918945312,18.666091918945312,2900,0.0,0.0,0.0
2017-03-31 00:00:00-04:00,18.83192960796565,18.83192960796565,18.767436981201172,18.767436981201172,1600,0.0,0.0,0.0
2017-04-03 00:00:00-04:00,18.77664936435995,18.77664936435995,18.537105815793513,18.638450622558594,6200,0.0,0.0,0.0
2017-04-04 00:00:00-04:00,18.592384745103125,18.6937313079834,18.58317126145107,18.6937313079834,13200,0.0,0.0,0.0
2017-04-05 00:00:00-04:00,18.693729485921093,18.702941211382964,18.5002498626709,18.5002498626709,10100,0.0,0.0,0.0
2017-04-06 00:00:00-04:00,18.629236514888625,18.65687696524013,18.592384338378906,18.592384338378906,3000,0.0,0.0,0.0
2017-04-07 00:00:00-04:00,18.59238540127248,18.6015988852497,18.5555314653636,18.56474494934082,600,0.0,0.0,0.0
2017-04-10 00:00:00-04:00,18.61081236922692,18.629237579888976,18.56474494934082,18.56474494934082,3200,0.0,0.0,0.0
2017-04-11 00:00:00-04:00,18.647662057253175,18.721368161934326,18.620021609013186,18.675302505493164,3700,0.0,0.0,0.0
2017-04-12 00:00:00-04:00,18.785860980047747,18.813501428576384,18.730581840282646,18.795074462890625,5000,0.0,0.0,0.0
2017-04-13 00:00:00-04:00,18.712153469333572,18.73979391578644,18.656874333719877,18.702939987182617,4800,0.0,0.0,0.0
2017-04-17 00:00:00-04:00,18.841141877105017,18.841141877105017,18.785860980047747,18.795074462890625,3900,0.0,0.0,0.0
2017-04-18 00:00:00-04:00,18.62923835229514,18.65687880537283,18.56474571907299,18.61081314086914,4400,0.0,0.0,0.0
2017-04-19 00:00:00-04:00,18.79507447965485,18.79507447965485,18.62002182006836,18.62002182006836,2900,0.0,0.0,0.0
2017-04-20 00:00:00-04:00,18.868781784420094,18.87799526785677,18.767436981201172,18.767436981201172,15800,0.0,0.0,0.0
2017-04-21 00:00:00-04:00,18.7490104526034,18.758223936255455,18.65687737337518,18.6937313079834,7500,0.0,0.0,0.0
2017-04-24 00:00:00-04:00,19.34787430744214,19.403153456278655,19.32023385437765,19.393939971923828,13600,0.0,0.0,0.0
2017-04-25 00:00:00-04:00,19.532138025582185,19.661123275756836,19.532138025582185,19.661123275756836,4600,0.0,0.0,0.0
2017-04-26 00:00:00-04:00,19.596629107860313,19.651908245398523,19.578202142916876,19.60584259033203,8700,0.0,0.0,0.0
2017-04-27 00:00:00-04:00,19.63348134030752,19.762468338012695,19.57820220260079,19.762468338012695,5000,0.0,0.0,0.0
2017-04-28 00:00:00-04:00,19.75325584411621,19.75325584411621,19.75325584411621,19.75325584411621,900,0.0,0.0,0.0
2017-05-01 00:00:00-04:00,19.72561755274432,19.854602813720703,19.72561755274432,19.854602813720703,28200,0.0,0.0,0.0
2017-05-02 00:00:00-04:00,19.946734321394313,20.01122694679105,19.900668662480143,19.974374771118164,6300,0.0,0.0,0.0
2017-05-03 00:00:00-04:00,20.05729729741884,20.13100341684021,20.05729729741884,20.121789932250977,26900,0.0,0.0,0.0
2017-05-04 00:00:00-04:00,20.140215175090113,20.269200433698277,20.140215175090113,20.241559982299805,3800,0.0,0.0,0.0
2017-05-05 00:00:00-04:00,20.306053395138296,20.591664350056885,20.306053395138296,20.58245086669922,52400,0.0,0.0,0.0
2017-05-08 00:00:00-04:00,20.259986949898785,20.269200433698277,20.232346498500316,20.241559982299805,7400,0.0,0.0,0.0
2017-05-09 00:00:00-04:00,20.232345026344838,20.250771992603028,20.14021370963834,20.1678524017334,25400,0.0,0.0,0.0
2017-05-10 00:00:00-04:00,20.158637860190094,20.195491790771484,20.158637860190094,20.195491790771484,1100,0.0,0.0,0.0
2017-05-11 00:00:00-04:00,20.21391960412631,20.278412228057366,20.158638705934944,20.223133087158203,6200,0.0,0.0,0.0
2017-05-12 00:00:00-04:00,20.241557145960336,20.416609799036777,20.241557145960336,20.40739631652832,3900,0.0,0.0,0.0
2017-05-15 00:00:00-04:00,20.49031730909509,20.51795775851881,20.398184234974906,20.499530792236328,9000,0.0,0.0,0.0
2017-05-16 00:00:00-04:00,20.60087783341455,20.60087783341455,20.58245086669922,20.58245086669922,2900,0.0,0.0,0.0
2017-05-17 00:00:00-04:00,20.388972911439122,20.388972911439122,20.269201132501184,20.306055068969727,800,0.0,0.0,0.0
2017-05-18 00:00:00-04:00,20.167854163629237,20.27841421354485,20.167854163629237,20.204708099365234,2800,0.0,0.0,0.0
2017-05-19 00:00:00-04:00,20.49031793317714,20.564024043259735,20.49031793317714,20.545597076416016,2200,0.0,0.0,0.0
2017-05-22 00:00:00-04:00,20.6837982756816,20.6837982756816,20.610092163085938,20.610092163085938,10600,0.0,0.0,0.0
2017-05-23 00:00:00-04:00,20.82199874390851,20.886491378116556,20.75750610970046,20.785144805908203,28600,0.0,0.0,0.0
2017-05-24 00:00:00-04:00,20.757506950348226,20.812786102294922,20.7298664957286,20.812786102294922,4400,0.0,0.0,0.0
2017-05-25 00:00:00-04:00,20.831211309224255,20.895703940586543,20.766718677861967,20.775930404663086,2500,0.0,0.0,0.0
2017-05-26 00:00:00-04:00,20.711437152848358,20.7298641204834,20.711437152848358,20.7298641204834,1500,0.0,0.0,0.0
2017-05-30 00:00:00-04:00,20.65615526107706,20.739074847118534,20.64694177848444,20.702220916748047,3400,0.0,0.0,0.0
2017-05-31 00:00:00-04:00,20.821997128615276,20.821997128615276,20.720650564269015,20.748291015625,70300,0.0,0.0,0.0
2017-06-01 00:00:00-04:00,20.794353546602704,20.950979232788086,20.794353546602704,20.950979232788086,58000,0.0,0.0,0.0
2017-06-02 00:00:00-04:00,21.06154207248302,21.1352481842041,21.024688137976323,21.1352481842041,4600,0.0,0.0,0.0
2017-06-05 00:00:00-04:00,20.923341534870406,20.978622436523438,20.91412980855388,20.978622436523438,4100,0.0,0.0,0.0
2017-06-06 00:00:00-04:00,20.877277447732578,20.88649093203588,20.803571330598626,20.858850479125977,10400,0.0,0.0,0.0
2017-06-07 00:00:00-04:00,20.858847582649922,20.96019413862071,20.785141475750855,20.868061065673828,5200,0.0,0.0,0.0
2017-06-08 00:00:00-04:00,20.81278313330772,20.840423583984375,20.775929199072177,20.840423583984375,1900,0.0,0.0,0.0
2017-06-09 00:00:00-04:00,20.84963494507298,20.932554538358325,20.794355801980178,20.895702362060547,3200,0.0,0.0,0.0
2017-06-12 00:00:00-04:00,20.536386631366067,20.895703720771742,20.536386631366067,20.83121109008789,13300,0.0,0.0,0.0
2017-06-13 00:00:00-04:00,21.03389993428495,21.11681952298098,21.03389993428495,21.079965591430664,3700,0.0,0.0,0.0
2017-06-14 00:00:00-04:00,21.116821176071387,21.116821176071387,20.90491632494504,20.978622436523438,2200,0.0,0.0,0.0
2017-06-15 00:00:00-04:00,20.58244987768076,20.600876843510648,20.573236394765814,20.591663360595703,700,0.0,0.0,0.0
2017-06-16 00:00:00-04:00,20.757504753484575,20.877276529575166,20.757504753484575,20.84963607788086,8400,0.0,0.0,0.0
2017-06-19 00:00:00-04:00,21.02468710582514,21.11682018027654,20.987834930419922,20.987834930419922,9200,0.0,0.0,0.0
2017-06-20 00:00:00-04:00,20.95098138790971,20.95098138790971,20.757503509521484,20.757503509521484,10200,0.0,0.0,0.0
2017-06-21 00:00:00-04:00,20.766718974403794,20.766718974403794,20.739078521728516,20.739078521728516,2600,0.0,0.0,0.0
2017-06-22 00:00:00-04:00,20.729861294451126,20.794353915089346,20.702220846766696,20.72064781188965,17100,0.0,0.0,0.0
2017-06-23 00:00:00-04:00,20.803569721661304,20.831210172433508,20.803569721661304,20.821996688842773,5600,0.0,0.0,0.0
2017-06-26 00:00:00-04:00,20.960196127365716,20.987836579060023,20.831210867377024,20.84963607788086,3800,0.0,0.0,0.0
2017-06-27 00:00:00-04:00,20.821996616866606,20.840423583984375,20.75750398924671,20.840423583984375,12700,0.0,0.0,0.0
2017-06-28 00:00:00-04:00,20.85884792327107,21.033900588999504,20.85884792327107,20.987834930419922,4800,0.0,0.0,0.0
2017-06-29 00:00:00-04:00,20.96019413862071,20.96019413862071,20.739075817923514,20.868061065673828,8700,0.0,0.0,0.0
2017-06-30 00:00:00-04:00,21.006258439785334,21.015471922214203,20.87727320036537,20.932552337646484,61800,0.0,0.0,0.0
2017-07-03 00:00:00-04:00,21.024686884367522,21.09839299169383,21.00625991821289,21.00625991821289,5200,0.0,0.0,0.0
2017-07-05 00:00:00-04:00,21.043114262306357,21.107606887817383,20.97862163679533,21.107606887817383,6200,0.0,0.0,0.0
2017-07-06 00:00:00-04:00,20.987835483114548,21.070755076575196,20.969408516280566,21.05232810974121,1200,0.0,0.0,0.0
2017-07-07 00:00:00-04:00,20.969408444933013,21.13524763129004,20.96019496154737,21.070755004882812,4700,0.0,0.0,0.0
2017-07-10 00:00:00-04:00,21.079964394201838,21.181310942917083,21.079964394201838,21.144458770751953,5400,0.0,0.0,0.0
2017-07-11 00:00:00-04:00,21.135245488412618,21.28265769305241,21.135245488412618,21.264230728149414,7100,0.0,0.0,0.0
2017-07-12 00:00:00-04:00,21.33794108891179,21.531420744422086,21.33794108891179,21.522207260131836,7400,0.0,0.0,0.0
2017-07-13 00:00:00-04:00,21.512991576268917,21.559057235717773,21.466924159527796,21.559057235717773,4300,0.0,0.0,0.0
2017-07-14 00:00:00-04:00,21.65119112787367,21.770962901329877,21.65119112787367,21.761751174926758,7800,0.0,0.0,0.0
2017-07-17 00:00:00-04:00,21.68804392714151,21.77096176147461,21.68804392714151,21.77096176147461,12000,0.0,0.0,0.0
2017-07-18 00:00:00-04:00,21.54984418995487,21.54984418995487,21.4853515625,21.4853515625,6100,0.0,0.0,0.0
2017-07-19 00:00:00-04:00,21.40243105341428,21.485350644396487,21.38400408713107,21.476137161254883,3300,0.0,0.0,0.0
2017-07-20 00:00:00-04:00,21.466922190763945,21.577482223510742,21.457710465552807,21.577482223510742,9400,0.0,0.0,0.0
2017-07-21 00:00:00-04:00,21.36557938346874,21.448498976412125,21.245805857087294,21.384004592895508,3500,0.0,0.0,0.0
2017-07-24 00:00:00-04:00,21.255021428801882,21.255021428801882,21.18131531197622,21.208955764770508,6300,0.0,0.0,0.0
2017-07-25 00:00:00-04:00,21.328724410925634,21.328724410925634,21.236591339111328,21.236591339111328,4200,0.0,0.0,0.0
2017-07-26 00:00:00-04:00,21.2734451828259,21.50377698276356,21.2734451828259,21.430070877075195,3500,0.0,0.0,0.0
2017-07-27 00:00:00-04:00,21.476136115977123,21.476136115977123,21.291871733990167,21.328723907470703,10100,0.0,0.0,0.0
2017-07-28 00:00:00-04:00,21.430071983427165,21.559057235717773,21.430071983427165,21.559057235717773,2000,0.0,0.0,0.0
2017-07-31 00:00:00-04:00,21.549843055488033,21.58669698768914,21.503777397528854,21.531417846679688,7500,0.0,0.0,0.0
2017-08-01 00:00:00-04:00,21.706466400535223,21.706466400535223,21.605121612548828,21.605121612548828,3000,0.0,0.0,0.0
2017-08-02 00:00:00-04:00,21.632762908935547,21.71568250010503,21.623549425773135,21.632762908935547,7600,0.0,0.0,0.0
2017-08-03 00:00:00-04:00,21.64197378346424,21.64197378346424,21.605121612548828,21.605121612548828,1500,0.0,0.0,0.0
2017-08-04 00:00:00-04:00,21.734110756871086,21.752537724289994,21.586698532104492,21.586698532104492,2400,0.0,0.0,0.0
2017-08-07 00:00:00-04:00,21.595907911758186,21.632760082300333,21.595907911758186,21.623546600341797,2900,0.0,0.0,0.0
2017-08-08 00:00:00-04:00,21.577483718520295,21.577483718520295,21.476137161254883,21.476137161254883,6000,0.0,0.0,0.0
2017-08-09 00:00:00-04:00,21.393216088030115,21.595909188517226,21.393216088030115,21.577482223510742,3200,0.0,0.0,0.0
2017-08-10 00:00:00-04:00,21.476138887087366,21.476138887087366,21.356367111206055,21.356367111206055,5400,0.0,0.0,0.0
2017-08-11 00:00:00-04:00,21.374792290536504,21.494564056396484,21.374792290536504,21.494564056396484,2300,0.0,0.0,0.0
2017-08-14 00:00:00-04:00,21.595909188517226,21.63276136123809,21.531416568286637,21.577482223510742,2900,0.0,0.0,0.0
2017-08-15 00:00:00-04:00,21.457713712793865,21.54063155328696,21.457713712793865,21.51299285888672,12500,0.0,0.0,0.0
2017-08-16 00:00:00-04:00,21.50377667629744,21.65118888557329,21.45771101988329,21.64197540283203,1900,0.0,0.0,0.0
2017-08-17 00:00:00-04:00,21.39321839922849,21.39321839922849,21.172100067138672,21.172100067138672,9600,0.0,0.0,0.0
2017-08-18 00:00:00-04:00,21.22737862533641,21.301084727898324,21.208951660372904,21.245803833007812,4200,0.0,0.0,0.0
2017-08-21 00:00:00-04:00,21.32872334801781,21.32872334801781,21.255017245697914,21.264230728149414,5800,0.0,0.0,0.0
2017-08-22 00:00:00-04:00,21.41164446568872,21.494564056396484,21.41164446568872,21.494564056396484,7800,0.0,0.0,0.0
2017-08-23 00:00:00-04:00,21.448499385651058,21.51299201310593,21.439285902115746,21.4853515625,25000,0.0,0.0,0.0
2017-08-24 00:00:00-04:00,21.522206858536528,21.559059037717425,21.420860290527344,21.420860290527344,7600,0.0,0.0,0.0
2017-08-25 00:00:00-04:00,21.60512666811235,21.75253890085225,21.60512666811235,21.69725799560547,15600,0.0,0.0,0.0
2017-08-28 00:00:00-04:00,21.74332398560639,21.789389646321137,21.72489701840357,21.780176162719727,16500,0.0,0.0,0.0
2017-08-29 00:00:00-04:00,21.586698642877245,21.724897384643555,21.586698642877245,21.724897384643555,2900,0.0,0.0,0.0
2017-08-30 00:00:00-04:00,21.706471479813263,21.734111932436658,21.678832784482303,21.69725799560547,8400,0.0,0.0,0.0
2017-08-31 00:00:00-04:00,21.817029516662746,21.92758780235355,21.817029516662746,21.890735626220703,194400,0.0,0.0,0.0
2017-09-01 00:00:00-04:00,21.98286840855377,22.010507100960773,21.90916229998135,21.927587509155273,4800,0.0,0.0,0.0
2017-09-05 00:00:00-04:00,21.844668235958384,21.890735652795698,21.660403840485927,21.715682983398438,14000,0.0,0.0,0.0
2017-09-06 00:00:00-04:00,21.76175142992976,21.87230972098603,21.76175142992976,21.863096237182617,1000,0.0,0.0,0.0
2017-09-07 00:00:00-04:00,21.982869440866637,22.075000762939453,21.964442473535144,22.075000762939453,2700,0.0,0.0,0.0
2017-09-08 00:00:00-04:00,22.010507949780045,22.010507949780045,21.936801838365202,21.955228805541992,13400,0.0,0.0,0.0
2017-09-11 00:00:00-04:00,22.056574493154432,22.176346260469852,22.056574493154432,22.10264015197754,25100,0.0,0.0,0.0
2017-09-12 00:00:00-04:00,22.17634630776598,22.268479382900924,22.139494132087346,22.259265899658203,4700,0.0,0.0,0.0
2017-09-13 00:00:00-04:00,22.176345702943408,22.176345702943408,22.001293040690502,22.03814697265625,19400,0.0,0.0,0.0
2017-09-14 00:00:00-04:00,22.01050700609093,22.1855596721805,22.01050700609093,22.12106704711914,4900,0.0,0.0,0.0
2017-09-15 00:00:00-04:00,22.111853928477057,22.139494378512868,22.06578826904297,22.06578826904297,1900,0.0,0.0,0.0
2017-09-18 00:00:00-04:00,22.19477286234062,22.277692452693948,22.11185327198729,22.15791893005371,10700,0.0,0.0,0.0
2017-09-19 00:00:00-04:00,22.250049660125594,22.277690106429713,22.19477052480939,22.23162269592285,7700,0.0,0.0,0.0
2017-09-20 00:00:00-04:00,22.29612159729004,22.388252922424616,22.222415482806948,22.29612159729004,12400,0.0,0.0,0.0
2017-09-21 00:00:00-04:00,22.351398176589566,22.39746383386584,22.32375772784849,22.38825035095215,5700,0.0,0.0,0.0
2017-09-22 00:00:00-04:00,22.379037637127045,22.425103292369172,22.35139718960651,22.397462844848633,7200,0.0,0.0,0.0
2017-09-25 00:00:00-04:00,22.369825869639698,22.388251078773884,22.222413652812765,22.277692794799805,9200,0.0,0.0,0.0
2017-09-26 00:00:00-04:00,22.148707568092885,22.148707568092885,22.028934043485226,22.10264015197754,2200,0.0,0.0,0.0
2017-09-27 00:00:00-04:00,22.09342707814875,22.20398712158203,22.09342707814875,22.20398712158203,5400,0.0,0.0,0.0
2017-09-28 00:00:00-04:00,22.231626438456928,22.25005340576172,22.222414712096857,22.25005340576172,1500,0.0,0.0,0.0
2017-09-29 00:00:00-04:00,22.213202985636137,22.360615221150972,22.176349048111195,22.286909103393555,134300,0.0,0.0,0.0
2017-10-02 00:00:00-04:00,22.286904928133584,22.35139754942763,22.277691445478418,22.34218406677246,3800,0.0,0.0,0.0
2017-10-03 00:00:00-04:00,22.379038194128736,22.461956024169922,22.379038194128736,22.461956024169922,8500,0.0,0.0,0.0
2017-10-04 00:00:00-04:00,22.434318250256197,22.51723784097887,22.434318250256197,22.47117042541504,3700,0.0,0.0,0.0
2017-10-05 00:00:00-04:00,22.452744589802176,22.47116979822122,22.42510414123535,22.42510414123535,3000,0.0,0.0,0.0
2017-10-06 00:00:00-04:00,22.305330691655044,22.40667724609375,22.296118966062597,22.40667724609375,2400,0.0,0.0,0.0
2017-10-09 00:00:00-04:00,22.45274451920359,22.498810176044614,22.434317553550315,22.443531036376953,1800,0.0,0.0,0.0
2017-10-10 00:00:00-04:00,22.52645235842566,22.637010646270852,22.52645235842566,22.61858367919922,1000,0.0,0.0,0.0
2017-10-11 00:00:00-04:00,22.58173037299582,22.664649963378906,22.58173037299582,22.664649963378906,1000,0.0,0.0,0.0
2017-10-12 00:00:00-04:00,22.535662907569744,22.563303356733453,22.508024215698242,22.508024215698242,4000,0.0,0.0,0.0
2017-10-13 00:00:00-04:00,22.397462844848633,22.43431677487602,22.397462844848633,22.397462844848633,6300,0.0,0.0,0.0
2017-10-16 00:00:00-04:00,22.397463763209124,22.40667724609375,22.342184623193546,22.40667724609375,32500,0.0,0.0,0.0
2017-10-17 00:00:00-04:00,22.305331052848473,22.3606119510514,22.277692361039215,22.351398468017578,3400,0.0,0.0,0.0
2017-10-18 00:00:00-04:00,22.526452244105446,22.526452244105446,22.480384826660156,22.480384826660156,10700,0.0,0.0,0.0
2017-10-19 00:00:00-04:00,22.397465232550925,22.50802527712733,22.397465232550925,22.480384826660156,6600,0.0,0.0,0.0
2017-10-20 00:00:00-04:00,22.73835713562046,22.73835713562046,22.63701057434082,22.63701057434082,22400,0.0,0.0,0.0
2017-10-23 00:00:00-04:00,22.51723692058691,22.55408909423942,22.461956024169922,22.461956024169922,2700,0.0,0.0,0.0
2017-10-24 00:00:00-04:00,22.360611659503256,22.41589079969322,22.360611659503256,22.38825035095215,4500,0.0,0.0,0.0
2017-10-25 00:00:00-04:00,22.397462844848633,22.397462844848633,22.35139718960651,22.397462844848633,5700,0.0,0.0,0.0
2017-10-26 00:00:00-04:00,22.10264054386295,22.10264054386295,21.8723087310791,21.8723087310791,11000,0.0,0.0,0.0
2017-10-27 00:00:00-04:00,21.918375278867195,22.047360526577883,21.890734829803957,22.01972007751465,4400,0.0,0.0,0.0
2017-10-30 00:00:00-04:00,21.91837556986849,22.01972036986146,21.91837556986849,21.982868194580078,4000,0.0,0.0,0.0
2017-10-31 00:00:00-04:00,22.038148256173077,22.038148256173077,21.964442145241087,21.992082595825195,65600,0.0,0.0,0.0
2017-11-01 00:00:00-04:00,22.0197220574207,22.03814902511972,21.97365639546551,22.00129508972168,6700,0.0,0.0,0.0
2017-11-02 00:00:00-04:00,21.973653503014805,22.028932641542962,21.955226537741375,22.01050567626953,2600,0.0,0.0,0.0
2017-11-03 00:00:00-04:00,21.89994833286945,21.89994833286945,21.79860177683703,21.844667434692383,9900,0.0,0.0,0.0
2017-11-06 00:00:00-05:00,21.881521637294885,22.001293403574657,21.881521637294885,21.982868194580078,4300,0.0,0.0,0.0
2017-11-07 00:00:00-05:00,21.863094693382568,21.863094693382568,21.807815551757812,21.807815551757812,1900,0.0,0.0,0.0
2017-11-08 00:00:00-05:00,21.798603607851067,21.890736688592863,21.789390124047653,21.863096237182617,1700,0.0,0.0,0.0
2017-11-09 00:00:00-05:00,21.503777539507595,21.54984319777092,21.448498398133157,21.494564056396484,7700,0.0,0.0,0.0
2017-11-10 00:00:00-05:00,21.50377852957062,21.50377852957062,21.46692459542938,21.4853515625,6000,0.0,0.0,0.0
2017-11-13 00:00:00-05:00,21.264232823806324,21.411645042974058,21.264232823806324,21.384004592895508,4500,0.0,0.0,0.0
2017-11-14 00:00:00-05:00,21.27344469860163,21.374791250600857,21.20895207725381,21.347150802612305,4000,0.0,0.0,0.0
2017-11-15 00:00:00-05:00,21.208951660372904,21.291871245416573,21.144459040292745,21.245803833007812,9000,0.0,0.0,0.0
2017-11-16 00:00:00-05:00,21.420860690231567,21.549845955710133,21.420860690231567,21.522207260131836,19300,0.0,0.0,0.0
2017-11-17 00:00:00-05:00,21.29187117550391,21.29187117550391,21.236590280794918,21.264230728149414,1300,0.0,0.0,0.0
2017-11-20 00:00:00-05:00,21.30108366811597,21.30108366811597,21.26422974002254,21.2734432220459,3100,0.0,0.0,0.0
2017-11-21 00:00:00-05:00,21.448498761587548,21.448498761587548,21.411644828518604,21.439285278320312,5700,0.0,0.0,0.0
2017-11-22 00:00:00-05:00,21.420857394202628,21.46692305127329,21.393216945584925,21.430070877075195,5900,0.0,0.0,0.0
2017-11-24 00:00:00-05:00,21.5682724810469,21.59591293334961,21.559058996946,21.59591293334961,2700,0.0,0.0,0.0
2017-11-27 00:00:00-05:00,21.56827067336925,21.56827067336925,21.3840045213797,21.40243148803711,4200,0.0,0.0,0.0
2017-11-28 00:00:00-05:00,21.49456559648609,21.54984474182129,21.485352112714835,21.54984474182129,4400,0.0,0.0,0.0
2017-11-29 00:00:00-05:00,21.466925403205362,21.466925403205362,21.356367111206055,21.356367111206055,2300,0.0,0.0,0.0
2017-11-30 00:00:00-05:00,21.430071938023218,21.430071938023218,21.40243148803711,21.40243148803711,4600,0.0,0.0,0.0
2017-12-01 00:00:00-05:00,21.365578829176666,21.384004038125422,21.255018789023016,21.31951141357422,6100,0.0,0.0,0.0
2017-12-04 00:00:00-05:00,21.35636379537231,21.35636379537231,21.264230728149414,21.264230728149414,5900,0.0,0.0,0.0
2017-12-05 00:00:00-05:00,21.18131531197622,21.208955764770508,21.098395710885796,21.208955764770508,14900,0.0,0.0,0.0
2017-12-06 00:00:00-05:00,21.098393404559772,21.116820371074994,21.06154122882158,21.107606887817383,1500,0.0,0.0,0.0
2017-12-07 00:00:00-05:00,21.079965883264414,21.079965883264414,21.0154732594507,21.043113708496094,5100,0.0,0.0,0.0
2017-12-08 00:00:00-05:00,21.208950605174405,21.2734432220459,21.18131015910433,21.2734432220459,6100,0.0,0.0,0.0
2017-12-11 00:00:00-05:00,21.27344520001295,21.328724340000843,21.25501823425293,21.25501823425293,2400,0.0,0.0,0.0
2017-12-12 00:00:00-05:00,21.40243134525137,21.439285278320312,21.40243134525137,21.439285278320312,1300,0.0,0.0,0.0
2017-12-13 00:00:00-05:00,21.384003824735366,21.42085775684956,21.365578615970474,21.374792098999023,2500,0.0,0.0,0.0
2017-12-14 00:00:00-05:00,21.476137112038092,21.476137112038092,21.31951141357422,21.31951141357422,2300,0.0,0.0,0.0
2017-12-15 00:00:00-05:00,21.07996797516955,21.162887573242188,21.07996797516955,21.162887573242188,5300,0.0,0.0,0.0
2017-12-18 00:00:00-05:00,21.48535093736424,21.503777903898715,21.439285278320312,21.439285278320312,9400,0.0,0.0,0.0
2017-12-19 00:00:00-05:00,21.42085886339347,21.5037784576416,21.42085886339347,21.5037784576416,2600,0.0,0.0,0.0
2017-12-20 00:00:00-05:00,21.40243079079246,21.40243079079246,21.365578615970474,21.374792098999023,2300,0.0,0.0,0.0
2017-12-21 00:00:00-05:00,21.47613848488338,21.623550709649972,21.4392863073379,21.586698532104492,4400,0.0,0.0,0.0
2017-12-22 00:00:00-05:00,21.568271564685585,21.586698532104492,21.568271564685585,21.586698532104492,2100,0.0,0.0,0.0
2017-12-26 00:00:00-05:00,21.586695416598246,21.641974553584458,21.531416279612035,21.614334106445312,1900,0.0,0.0,0.0
2017-12-27 00:00:00-05:00,21.605121393716722,21.697252698718092,21.595907911758186,21.623546600341797,9500,0.0,0.0,0.0
2017-12-28 00:00:00-05:00,21.26676193430646,21.341679590138156,21.219940185546875,21.219940185546875,2400,0.379,0.0,0.0
2017-12-29 00:00:00-05:00,21.313586972396553,21.313586972396553,21.229306389777015,21.257400512695312,23500,0.0,0.0,0.0
2018-01-02 00:00:00-05:00,21.4165979925212,21.44469033064501,21.369774452089125,21.435325622558594,7000,0.0,0.0,0.0
2018-01-03 00:00:00-05:00,21.538333143262467,21.538333143262467,21.4540525663328,21.519603729248047,6100,0.0,0.0,0.0
2018-01-04 00:00:00-05:00,21.74435330360678,21.81926918029785,21.74435330360678,21.81926918029785,18600,0.0,0.0,0.0
2018-01-05 00:00:00-05:00,21.866092896471127,21.97846581934919,21.83799877268391,21.922279357910156,9700,0.0,0.0,0.0
2018-01-08 00:00:00-05:00,21.856727225827136,21.950372514857698,21.82863310327737,21.847362518310547,6100,0.0,0.0,0.0
2018-01-09 00:00:00-05:00,21.92227576700269,21.97846221923828,21.791173449741276,21.97846221923828,6600,0.0,0.0,0.0
2018-01-10 00:00:00-05:00,21.941008773768303,21.97846581934919,21.912914649981087,21.922279357910156,9100,0.0,0.0,0.0
2018-01-11 00:00:00-05:00,21.987828674172775,22.221940994262695,21.987828674172775,22.221940994262695,23000,0.0,0.0,0.0
2018-01-12 00:00:00-05:00,22.156388121282735,22.324949264526367,22.137658708447862,22.324949264526367,17900,0.0,0.0,0.0
2018-01-16 00:00:00-05:00,22.371772137530918,22.399866258198564,22.287491561663188,22.353044509887695,29900,0.0,0.0,0.0
2018-01-17 00:00:00-05:00,22.40923009981354,22.643342404598663,22.40923009981354,22.530967712402344,24500,0.0,0.0,0.0
2018-01-18 00:00:00-05:00,22.49351220260509,22.559063366622585,22.49351220260509,22.521604537963867,13400,0.0,0.0,0.0
2018-01-19 00:00:00-05:00,22.62461524683418,22.62461524683418,22.502877622110198,22.587158203125,15200,0.0,0.0,0.0
2018-01-22 00:00:00-05:00,22.62461344187367,22.839996337890625,22.62461344187367,22.839996337890625,6700,0.0,0.0,0.0
2018-01-23 00:00:00-05:00,22.783811004813934,22.90554862581593,22.783811004813934,22.868091583251953,14500,0.0,0.0,0.0
2018-01-24 00:00:00-05:00,22.961737244857154,22.961737244857154,22.8493625430546,22.877456665039062,24500,0.0,0.0,0.0
2018-01-25 00:00:00-05:00,22.886820558046157,22.886820558046157,22.559062957763672,22.559062957763672,3600,0.0,0.0,0.0
2018-01-26 00:00:00-05:00,22.708894542264925,22.849361573959108,22.708894542264925,22.802539825439453,4100,0.0,0.0,0.0
2018-01-29 00:00:00-05:00,22.718259028893574,22.811904311160006,22.671435494692755,22.746353149414062,6600,0.0,0.0,0.0
2018-01-30 00:00:00-05:00,22.624612359096677,22.633977065362515,22.512239456176758,22.512239456176758,17800,0.0,0.0,0.0
2018-01-31 00:00:00-05:00,22.605883128772703,22.605883128772703,22.33431378941476,22.418594360351562,6100,0.0,0.0,0.0
2018-02-01 00:00:00-05:00,22.409230625361143,22.493511199951172,22.390501211866653,22.493511199951172,6900,0.0,0.0,0.0
2018-02-02 00:00:00-05:00,22.278130376769226,22.278130376769226,22.006559214227412,22.053380966186523,2700,0.0,0.0,0.0
2018-02-05 00:00:00-05:00,21.800541075127477,21.800541075127477,21.210576996187434,21.4072322845459,9000,0.0,0.0,0.0
2018-02-06 00:00:00-05:00,21.1262957008417,21.557063307488495,21.032650413645847,21.538333892822266,12200,0.0,0.0,0.0
2018-02-07 00:00:00-05:00,21.53833156703771,21.613247431477653,21.313583973717872,21.379135131835938,49400,0.0,0.0,0.0
2018-02-08 00:00:00-05:00,21.332315009057535,21.332315009057535,20.78917450401882,20.826631546020508,6400,0.0,0.0,0.0
2018-02-09 00:00:00-05:00,20.96709767657772,21.05137825012207,20.60188304864231,21.05137825012207,6600,0.0,0.0,0.0
2018-02-12 00:00:00-05:00,21.116931684239184,21.257400512695312,21.116931684239184,21.257400512695312,5000,0.0,0.0,0.0
2018-02-13 00:00:00-05:00,21.238670349121094,21.238670349121094,21.21994093450212,21.238670349121094,1000,0.0,0.0,0.0
2018-02-14 00:00:00-05:00,21.435323150893574,21.725623709692137,21.435323150893574,21.716259002685547,1300,0.0,0.0,0.0
2018-02-15 00:00:00-05:00,21.781812311244877,21.922279357910156,21.716261141876775,21.922279357910156,11500,0.0,0.0,0.0
2018-02-16 00:00:00-05:00,22.053378053836674,22.09083687936546,22.015921014443,22.025285720825195,5200,0.0,0.0,0.0
2018-02-20 00:00:00-05:00,21.781811545284636,21.81926858954834,21.75371742248535,21.75371742248535,2100,0.0,0.0,0.0
2018-02-21 00:00:00-05:00,21.950373641514503,21.99719539536536,21.875457763671875,21.875457763671875,700,0.0,0.0,0.0
2018-02-22 00:00:00-05:00,21.84736214387953,21.85672685123562,21.78181097852218,21.837997436523438,4000,0.0,0.0,0.0
2018-02-23 00:00:00-05:00,21.90354382378456,21.97845968015566,21.89417911847131,21.959732055664062,6200,0.0,0.0,0.0
2018-02-26 00:00:00-05:00,22.081473214249527,22.212575537512272,22.07210850742573,22.203210830688477,5000,0.0,0.0,0.0
2018-02-27 00:00:00-05:00,21.894182921813933,21.90354762875397,21.734986476103714,21.763080596923828,11600,0.0,0.0,0.0
2018-02-28 00:00:00-05:00,21.7630819249381,21.7630819249381,21.482147844134815,21.50087547302246,3500,0.0,0.0,0.0
2018-03-01 00:00:00-05:00,21.369769853082783,21.425956303373905,21.17311638399634,21.266759872436523,4600,0.0,0.0,0.0
2018-03-02 00:00:00-05:00,21.06074221880289,21.22930335998535,21.06074221880289,21.22930335998535,1600,0.0,0.0,0.0
2018-03-05 00:00:00-05:00,21.126292052836863,21.341676712036133,21.10756442753974,21.341676712036133,5900,0.0,0.0,0.0
2018-03-06 00:00:00-05:00,21.528968811035156,21.528968811035156,21.472782354149015,21.528968811035156,2800,0.0,0.0,0.0
2018-03-07 00:00:00-05:00,21.425959756043888,21.472783293944374,21.351043881538452,21.45405387878418,3600,0.0,0.0,0.0
2018-03-08 00:00:00-05:00,21.585154892163295,21.585154892163295,21.519603729248047,21.519603729248047,1100,0.0,0.0,0.0
2018-03-09 00:00:00-05:00,21.6132490117483,21.716259002685547,21.6132490117483,21.716259002685547,800,0.0,0.0,0.0
2018-03-12 00:00:00-04:00,21.641342385148036,21.697528839111328,21.641342385148036,21.697528839111328,1000,0.0,0.0,0.0
2018-03-13 00:00:00-04:00,21.74435322837468,21.772447351837403,21.528970306899964,21.566429138183594,10900,0.0,0.0,0.0
2018-03-14 00:00:00-04:00,21.77244432987908,21.77244432987908,21.68816375732422,21.68816375732422,800,0.0,0.0,0.0
2018-03-15 00:00:00-04:00,21.67879867553711,21.67879867553711,21.67879867553711,21.67879867553711,600,0.0,0.0,0.0
2018-03-16 00:00:00-04:00,21.585155267921298,21.650708218112932,21.519604103864925,21.528968811035156,12800,0.0,0.0,0.0
2018-03-19 00:00:00-04:00,21.48214665518046,21.48214665518046,21.35104254341109,21.36977195739746,3500,0.0,0.0,0.0
2018-03-20 00:00:00-04:00,21.332314915559945,21.388501371383832,21.332314915559945,21.36977195739746,1800,0.0,0.0,0.0
2018-03-21 00:00:00-04:00,21.36040687561035,21.472781571421603,21.36040687561035,21.36040687561035,700,0.0,0.0,0.0
2018-03-22 00:00:00-04:00,20.976464066680066,21.032650524840506,20.910912901137007,20.995193481445312,3400,0.0,0.0,0.0
2018-03-23 00:00:00-04:00,21.004559113813116,21.004559113813116,20.77044677734375,20.77044677734375,11500,0.0,0.0,0.0
2018-03-26 00:00:00-04:00,21.01392370239312,21.116931915283203,20.97646487142555,21.116931915283203,1300,0.0,0.0,0.0
2018-03-27 00:00:00-04:00,21.07947524366723,21.126296997070312,21.013924074448752,21.126296997070312,1000,0.0,0.0,0.0
2018-03-28 00:00:00-04:00,20.910911713939868,21.00455699631418,20.864089965820312,20.864089965820312,1600,0.0,0.0,0.0
2018-03-29 00:00:00-04:00,21.135658639397853,21.1731174655955,21.107566305884763,21.145023345947266,1700,0.0,0.0,0.0
2018-04-02 00:00:00-04:00,20.948371107383586,20.948371107383586,20.779809951782227,20.779809951782227,2200,0.0,0.0,0.0
2018-04-03 00:00:00-04:00,20.78917619293379,20.80790382238845,20.68616619332395,20.77044677734375,4000,0.0,0.0,0.0
2018-04-04 00:00:00-04:00,20.470782903682004,20.76108169555664,20.470782903682004,20.76108169555664,3700,0.0,0.0,0.0
2018-04-05 00:00:00-04:00,20.835996627807617,20.873455456618267,20.78917487792957,20.835996627807617,3400,0.0,0.0,0.0
2018-04-06 00:00:00-04:00,20.82662959304836,20.873453123828735,20.67679786682129,20.67679786682129,5400,0.0,0.0,0.0
2018-04-09 00:00:00-04:00,20.892182334543833,21.0139217376709,20.882817627677507,21.0139217376709,5600,0.0,0.0,0.0
2018-04-10 00:00:00-04:00,21.154389585965294,21.16375429319355,21.13566017150879,21.13566017150879,1400,0.0,0.0,0.0
2018-04-11 00:00:00-04:00,20.976463284291334,21.023286819458008,20.976463284291334,21.023286819458008,600,0.0,0.0,0.0
2018-04-12 00:00:00-04:00,20.88281628496318,20.93900452254838,20.864088658569866,20.92963981628418,4300,0.0,0.0,0.0
2018-04-13 00:00:00-04:00,20.87345429739838,20.92964075135874,20.854724884033203,20.854724884033203,900,0.0,0.0,0.0
2018-04-16 00:00:00-04:00,21.070110321044922,21.070110321044922,21.070110321044922,21.070110321044922,400,0.0,0.0,0.0
2018-04-17 00:00:00-04:00,21.163753509521484,21.163753509521484,21.163753509521484,21.163753509521484,1600,0.0,0.0,0.0
2018-04-18 00:00:00-04:00,21.229305641811607,21.238670349121094,21.229305641811607,21.238670349121094,1500,0.0,0.0,0.0
2018-04-19 00:00:00-04:00,21.238670384158866,21.248035091483803,21.19184684753418,21.19184684753418,2400,0.0,0.0,0.0
2018-04-20 00:00:00-04:00,21.201209241076576,21.238668066288277,21.201209241076576,21.22930335998535,1700,0.0,0.0,0.0
2018-04-23 00:00:00-04:00,21.201212836194564,21.201212836194564,21.173120498657227,21.173120498657227,400,0.0,0.0,0.0
2018-04-24 00:00:00-04:00,21.032649740356106,21.032649740356106,20.948370949326566,21.023286819458008,2000,0.0,0.0,0.0
2018-04-25 00:00:00-04:00,20.807903999831897,20.873456954956055,20.79853929195702,20.873456954956055,2500,0.0,0.0,0.0
2018-04-26 00:00:00-04:00,20.967098610822767,20.995192731967744,20.93900627581303,20.976463317871094,2900,0.0,0.0,0.0
2018-04-27 00:00:00-04:00,21.0139217376709,21.0139217376709,21.0139217376709,21.0139217376709,500,0.0,0.0,0.0
2018-04-30 00:00:00-04:00,20.892186161448727,20.892186161448727,20.807905570348964,20.817270278930664,5500,0.0,0.0,0.0
2018-05-01 00:00:00-04:00,20.67679786682129,20.67679786682129,20.67679786682129,20.67679786682129,200,0.0,0.0,0.0
2018-05-02 00:00:00-04:00,20.94837054134367,20.94837054134367,20.864089965820312,20.864089965820312,2800,0.0,0.0,0.0
2018-05-03 00:00:00-04:00,20.864089965820312,20.864089965820312,20.864089965820312,20.864089965820312,0,0.0,0.0,0.0
2018-05-04 00:00:00-04:00,20.648707538229736,20.89218458457042,20.648707538229736,20.873456954956055,4300,0.0,0.0,0.0
2018-05-07 00:00:00-04:00,20.873455857741813,21.051379939605752,20.854726442976567,20.995193481445312,1900,0.0,0.0,0.0
2018-05-08 00:00:00-04:00,21.023288410135013,21.13566133076699,21.023288410135013,21.116931915283203,3000,0.0,0.0,0.0
2018-05-09 00:00:00-04:00,21.341682113965316,21.435325622558594,21.341682113965316,21.435325622558594,4100,0.0,0.0,0.0
2018-05-10 00:00:00-04:00,21.54769972254178,21.585156767690023,21.519605599079057,21.566429138183594,12300,0.0,0.0,0.0
2018-05-11 00:00:00-04:00,21.566426257661078,21.566426257661078,21.482145684665245,21.49151039123535,7500,0.0,0.0,0.0
2018-05-14 00:00:00-04:00,21.519603729248047,21.519603729248047,21.519603729248047,21.519603729248047,2100,0.0,0.0,0.0
2018-05-15 00:00:00-04:00,21.210573393516217,21.313583374023438,21.210573393516217,21.313583374023438,3800,0.0,0.0,0.0
2018-05-16 00:00:00-04:00,21.201208716074376,21.266759872436523,21.201208716074376,21.266759872436523,1100,0.0,0.0,0.0
2018-05-17 00:00:00-04:00,21.294854366696434,21.35104081797975,21.276124954223633,21.276124954223633,4200,0.0,0.0,0.0
2018-05-18 00:00:00-04:00,21.27612510536488,21.27612510536488,21.22930335998535,21.22930335998535,1300,0.0,0.0,0.0
2018-05-21 00:00:00-04:00,21.454051372891833,21.454051372891833,21.379135507136773,21.388500213623047,700,0.0,0.0,0.0
2018-05-22 00:00:00-04:00,21.388500213623047,21.388500213623047,21.388500213623047,21.388500213623047,0,0.0,0.0,0.0
2018-05-23 00:00:00-04:00,21.07010953666668,21.173119532631464,21.02328778548377,21.098203659057617,2200,0.0,0.0,0.0
2018-05-24 00:00:00-04:00,20.92963988955123,21.042012792844837,20.920275183254248,21.03264808654785,4800,0.0,0.0,0.0
2018-05-25 00:00:00-04:00,20.8172660891432,20.835995502537024,20.80790138244629,20.80790138244629,5100,0.0,0.0,0.0
2018-05-29 00:00:00-04:00,20.274127150444436,20.349043023600117,20.13366011154444,20.152389526367188,9800,0.0,0.0,0.0
2018-05-30 00:00:00-04:00,20.27412574961715,20.564424514770508,20.27412574961715,20.564424514770508,15200,0.0,0.0,0.0
2018-05-31 00:00:00-04:00,20.50824027861628,20.50824027861628,20.4333244025335,20.470783233642578,3300,0.0,0.0,0.0
2018-06-01 00:00:00-04:00,20.658070734388264,20.68616485595703,20.658070734388264,20.68616485595703,5200,0.0,0.0,0.0
2018-06-04 00:00:00-04:00,20.704892585059515,20.77044374391583,20.704892585059515,20.74234962463379,500,0.0,0.0,0.0
2018-06-05 00:00:00-04:00,20.742352475310998,20.742352475310998,20.667436599731445,20.667436599731445,2300,0.0,0.0,0.0
2018-06-06 00:00:00-04:00,20.704893487134374,20.714258193969727,20.704893487134374,20.714258193969727,700,0.0,0.0,0.0
2018-06-07 00:00:00-04:00,20.77980954351411,20.8079018781389,20.62061309814453,20.62061309814453,3100,0.0,0.0,0.0
2018-06-08 00:00:00-04:00,20.648704497915404,20.695528030395508,20.639341577554514,20.695528030395508,12700,0.0,0.0,0.0
2018-06-11 00:00:00-04:00,20.7423504102523,20.910911560058594,20.7423504102523,20.910911560058594,3200,0.0,0.0,0.0
2018-06-12 00:00:00-04:00,20.995193077982343,20.995193077982343,20.826631920604953,20.835996627807617,2500,0.0,0.0,0.0
2018-06-13 00:00:00-04:00,20.97646516930894,20.97646516930894,20.873456954956055,20.873456954956055,3600,0.0,0.0,0.0
2018-06-14 00:00:00-04:00,20.89218537194696,20.94837362131384,20.84536361694336,20.84536361694336,1000,0.0,0.0,0.0
2018-06-15 00:00:00-04:00,20.686163323899486,20.695528030395508,20.686163323899486,20.695528030395508,1000,0.0,0.0,0.0
2018-06-18 00:00:00-04:00,20.508238807635387,20.583154678344727,20.43332293692605,20.583154678344727,2900,0.0,0.0,0.0
2018-06-19 00:00:00-04:00,20.320949774659777,20.423957979287025,20.189845662925208,20.37713623046875,5600,0.0,0.0,0.0
2018-06-20 00:00:00-04:00,20.423958199402513,20.48014644195227,20.405230571354508,20.43332290649414,14700,0.0,0.0,0.0
2018-06-21 00:00:00-04:00,20.36777268176642,20.36777268176642,20.330313851673388,20.358407974243164,1000,0.0,0.0,0.0
2018-06-22 00:00:00-04:00,20.489508019678695,20.58315329832061,20.48014509933612,20.545696258544922,900,0.0,0.0,0.0
2018-06-25 00:00:00-04:00,20.377134698620516,20.386499404907227,20.320948247035354,20.386499404907227,1600,0.0,0.0,0.0
2018-06-26 00:00:00-04:00,20.274128157007585,20.274128157007585,20.180482864379883,20.180482864379883,2600,0.0,0.0,0.0
2018-06-27 00:00:00-04:00,20.17111737027973,20.246033237601026,20.00255622227302,20.011920928955078,3200,0.0,0.0,0.0
2018-06-28 00:00:00-04:00,19.937006060574262,20.040014266967773,19.89954723196916,20.040014266967773,8700,0.0,0.0,0.0
2018-06-29 00:00:00-04:00,20.283490726886498,20.40523013031109,20.283490726886498,20.32094955444336,1900,0.0,0.0,0.0
2018-07-02 00:00:00-04:00,20.03064859315007,20.171117407505005,19.99319155248788,20.161752700805664,10300,0.0,0.0,0.0
2018-07-03 00:00:00-04:00,20.442686080932617,20.442686080932617,20.442686080932617,20.442686080932617,600,0.0,0.0,0.0
2018-07-05 00:00:00-04:00,20.60188334182781,20.60188334182781,20.508238060319737,20.564424514770508,1300,0.0,0.0,0.0
2018-07-06 00:00:00-04:00,20.545696258544922,20.545696258544922,20.545696258544922,20.545696258544922,300,0.0,0.0,0.0
2018-07-09 00:00:00-04:00,20.7517191049943,20.845364404675763,20.7517191049943,20.817270278930664,11100,0.0,0.0,0.0
2018-07-10 00:00:00-04:00,20.948370233718617,20.9951919811506,20.948370233718617,20.957733154296875,6000,0.0,0.0,0.0
2018-07-11 00:00:00-04:00,20.798539132777087,20.798539132777087,20.57379150390625,20.57379150390625,2100,0.0,0.0,0.0
2018-07-12 00:00:00-04:00,20.620612013348506,20.77044374391583,20.620612013348506,20.74234962463379,3200,0.0,0.0,0.0
2018-07-13 00:00:00-04:00,20.611247458066455,20.695528030395508,20.611247458066455,20.695528030395508,3900,0.0,0.0,0.0
2018-07-16 00:00:00-04:00,20.723621368408203,20.74235078230823,20.71425844759341,20.723621368408203,2400,0.0,0.0,0.0
2018-07-17 00:00:00-04:00,20.807900420984666,20.92963981628418,20.78917279459135,20.92963981628418,3200,0.0,0.0,0.0
2018-07-18 00:00:00-04:00,20.826628710982213,20.90154457092285,20.807899299463305,20.90154457092285,1300,0.0,0.0,0.0
2018-07-19 00:00:00-04:00,20.84536361694336,20.920279496630403,20.77044773725632,20.84536361694336,5400,0.0,0.0,0.0
2018-07-20 00:00:00-04:00,21.0139217376709,21.0139217376709,21.0139217376709,21.0139217376709,1000,0.0,0.0,0.0
2018-07-23 00:00:00-04:00,21.126296781783132,21.126296781783132,21.070110321044922,21.070110321044922,1200,0.0,0.0,0.0
2018-07-24 00:00:00-04:00,21.248031467944582,21.29485321044922,21.248031467944582,21.29485321044922,500,0.0,0.0,0.0
2018-07-25 00:00:00-04:00,21.313586621526703,21.39786720275879,21.229306040294613,21.39786720275879,1700,0.0,0.0,0.0
2018-07-26 00:00:00-04:00,21.27612798422342,21.341680937213823,21.257400355218643,21.304222106933594,4300,0.0,0.0,0.0
2018-07-27 00:00:00-04:00,21.285493796791783,21.285493796791783,21.17312087238813,21.182485580444336,2400,0.0,0.0,0.0
2018-07-30 00:00:00-04:00,21.182485580444336,21.182485580444336,21.182485580444336,21.182485580444336,0,0.0,0.0,0.0
2018-07-31 00:00:00-04:00,21.341680186804044,21.341680186804044,21.285491943359375,21.285491943359375,700,0.0,0.0,0.0
2018-08-01 00:00:00-04:00,21.21057604319954,21.248034872112555,21.13566017150879,21.13566017150879,1600,0.0,0.0,0.0
2018-08-02 00:00:00-04:00,20.920276113578325,21.060743142009443,20.920276113578325,20.957733154296875,2300,0.0,0.0,0.0
2018-08-03 00:00:00-04:00,20.957733154296875,20.957733154296875,20.957733154296875,20.957733154296875,0,0.0,0.0,0.0
2018-08-06 00:00:00-04:00,20.84536361694336,20.84536361694336,20.84536361694336,20.84536361694336,300,0.0,0.0,0.0
2018-08-07 00:00:00-04:00,20.84536191594514,21.13566070277688,20.84536191594514,21.098203659057617,10000,0.0,0.0,0.0
2018-08-08 00:00:00-04:00,20.751716049118922,20.873455456618267,20.751716049118922,20.835996627807617,9000,0.0,0.0,0.0
2018-08-09 00:00:00-04:00,20.864090563730525,20.98582818401117,20.732986450195312,20.732986450195312,7300,0.0,0.0,0.0
2018-08-10 00:00:00-04:00,20.4614172178558,20.4614172178558,20.302220768089708,20.339677810668945,4400,0.0,0.0,0.0
2018-08-13 00:00:00-04:00,20.414593272296322,20.44268739326842,20.37713623046875,20.37713623046875,2800,0.0,0.0,0.0
2018-08-14 00:00:00-04:00,20.36777268176642,20.433323848293902,20.358407974243164,20.358407974243164,2300,0.0,0.0,0.0
2018-08-15 00:00:00-04:00,20.358407974243164,20.358407974243164,20.358407974243164,20.358407974243164,0,0.0,0.0,0.0
2018-08-16 00:00:00-04:00,20.283491290016052,20.283491290016052,20.236669540405273,20.236669540405273,1000,0.0,0.0,0.0
2018-08-17 00:00:00-04:00,20.442687644031622,20.583154678344727,20.43332293692605,20.583154678344727,1900,0.0,0.0,0.0
2018-08-20 00:00:00-04:00,20.68616426044932,20.68616426044932,20.60188368430453,20.62061309814453,2400,0.0,0.0,0.0
2018-08-21 00:00:00-04:00,20.92027760851963,20.995193481445312,20.901548193754383,20.995193481445312,2000,0.0,0.0,0.0
2018-08-22 00:00:00-04:00,21.135662825623186,21.15439224243164,21.079476361333313,21.15439224243164,1100,0.0,0.0,0.0
2018-08-23 00:00:00-04:00,21.03264977402581,21.03264977402581,20.976463317871094,20.976463317871094,2900,0.0,0.0,0.0
2018-08-24 00:00:00-04:00,21.15439224243164,21.15439224243164,21.116933408814727,21.15439224243164,9000,0.0,0.0,0.0
2018-08-27 00:00:00-04:00,21.32294924524368,21.49151039123535,21.25739808538806,21.49151039123535,162000,0.0,0.0,0.0
2018-08-28 00:00:00-04:00,21.47278078586438,21.47278078586438,21.388500213623047,21.388500213623047,29300,0.0,0.0,0.0
2018-08-29 00:00:00-04:00,21.388500405099297,21.49151039123535,21.36977099195908,21.49151039123535,22900,0.0,0.0,0.0
2018-08-30 00:00:00-04:00,21.454050996275882,21.454050996275882,21.351041012870297,21.379135131835938,1800,0.0,0.0,0.0
2018-08-31 00:00:00-04:00,21.173118216402973,21.210575257793717,21.12629468199553,21.163753509521484,2300,0.0,0.0,0.0
2018-09-04 00:00:00-04:00,20.957735455941766,21.116931915283203,20.939007826593347,21.116931915283203,3400,0.0,0.0,0.0
2018-09-05 00:00:00-04:00,20.97646043086349,20.97646043086349,20.835993416741665,20.90154457092285,9300,0.0,0.0,0.0
2018-09-06 00:00:00-04:00,20.9390064648431,20.9390064648431,20.8828182220459,20.8828182220459,1700,0.0,0.0,0.0
2018-09-07 00:00:00-04:00,20.770444341793816,20.80790138244629,20.770444341793816,20.80790138244629,400,0.0,0.0,0.0
2018-09-10 00:00:00-04:00,20.95773409297358,20.96709880010645,20.8828182220459,20.8828182220459,3200,0.0,0.0,0.0
2018-09-11 00:00:00-04:00,20.854724884033203,20.854724884033203,20.854724884033203,20.854724884033203,100,0.0,0.0,0.0
2018-09-12 00:00:00-04:00,20.845360246006052,21.013921394577462,20.845360246006052,20.957733154296875,2000,0.0,0.0,0.0
2018-09-13 00:00:00-04:00,21.173119908117418,21.18248461574714,21.06074520269613,21.107568740844727,2500,0.0,0.0,0.0
2018-09-14 00:00:00-04:00,21.08883763940117,21.098202346282125,20.967098236083984,20.967098236083984,1200,0.0,0.0,0.0
2018-09-17 00:00:00-04:00,21.154388052496678,21.1731174655955,21.145023345947266,21.145023345947266,1600,0.0,0.0,0.0
2018-09-18 00:00:00-04:00,21.126295464280535,21.145024878737043,21.126295464280535,21.13566017150879,2400,0.0,0.0,0.0
2018-09-19 00:00:00-04:00,21.116931915283203,21.116931915283203,21.116931915283203,21.116931915283203,1500,0.0,0.0,0.0
2018-09-20 00:00:00-04:00,21.40723097162237,21.472782135009766,21.40723097162237,21.472782135009766,1900,0.0,0.0,0.0
2018-09-21 00:00:00-04:00,21.631979023387082,21.631979023387082,21.57579256593052,21.585155487060547,4300,0.0,0.0,0.0
2018-09-24 00:00:00-04:00,21.603881459923826,21.641340283017573,21.557059717191642,21.59451675415039,1900,0.0,0.0,0.0
2018-09-25 00:00:00-04:00,21.7537135304214,21.763078236345677,21.650705337524414,21.650705337524414,2500,0.0,0.0,0.0
2018-09-26 00:00:00-04:00,21.650705337524414,21.650705337524414,21.650705337524414,21.650705337524414,0,0.0,0.0,0.0
2018-09-27 00:00:00-04:00,21.70689582824707,21.70689582824707,21.70689582824707,21.70689582824707,700,0.0,0.0,0.0
2018-09-28 00:00:00-04:00,21.416596992194908,21.44468932900658,21.4072322845459,21.4072322845459,3400,0.0,0.0,0.0
2018-10-01 00:00:00-04:00,21.45404963555396,21.51960078951445,21.276123798993368,21.29485321044922,59500,0.0,0.0,0.0
2018-10-02 00:00:00-04:00,21.19184850236512,21.210577918477536,21.154391456275707,21.182485580444336,3200,0.0,0.0,0.0
2018-10-03 00:00:00-04:00,21.24803389559621,21.24803389559621,21.06074333190918,21.06074333190918,2100,0.0,0.0,0.0
2018-10-04 00:00:00-04:00,20.72362174307599,20.732986450195312,20.714258822091924,20.732986450195312,1100,0.0,0.0,0.0
2018-10-05 00:00:00-04:00,20.611248734876508,20.611248734876508,20.480146408081055,20.480146408081055,5600,0.0,0.0,0.0
2018-10-08 00:00:00-04:00,20.199212084057212,20.29285737577589,20.143025623480153,20.274127960205078,2700,0.0,0.0,0.0
2018-10-09 00:00:00-04:00,20.08683612734309,20.29285430908203,20.08683612734309,20.29285430908203,3200,0.0,0.0,0.0
2018-10-10 00:00:00-04:00,20.058742064243965,20.058742064243965,19.749713897705078,19.749713897705078,1300,0.0,0.0,0.0
2018-10-11 00:00:00-04:00,19.749716568512124,19.749716568512124,19.478145404698203,19.57179069519043,26200,0.0,0.0,0.0
2018-10-12 00:00:00-04:00,19.76844578815092,19.76844578815092,19.64670637587551,19.665435791015625,3400,0.0,0.0,0.0
2018-10-15 00:00:00-04:00,19.721622467041016,19.721622467041016,19.721622467041016,19.721622467041016,1000,0.0,0.0,0.0
2018-10-16 00:00:00-04:00,20.09620184922097,20.09620184922097,20.0681095123291,20.0681095123291,800,0.0,0.0,0.0
2018-10-17 00:00:00-04:00,20.011923031000396,20.011923031000396,19.918277740478516,19.918277740478516,1300,0.0,0.0,0.0
2018-10-18 00:00:00-04:00,19.805901666213924,19.83399578727004,19.6186128842455,19.68416404724121,22000,0.0,0.0,0.0
2018-10-19 00:00:00-04:00,19.843359552525364,19.843359552525364,19.759078979492188,19.759078979492188,3500,0.0,0.0,0.0
2018-10-22 00:00:00-04:00,19.693529913725797,19.712257542730576,19.637341668305453,19.665435791015625,6100,0.0,0.0,0.0
2018-10-23 00:00:00-04:00,19.356405298880933,19.506237030029297,19.281489433306753,19.506237030029297,1800,0.0,0.0,0.0
2018-10-24 00:00:00-04:00,19.300219322094122,19.300219322094122,18.916275278293153,18.92563819885254,1900,0.0,0.0,0.0
2018-10-25 00:00:00-04:00,19.028647969912505,19.10356383648164,19.028647969912505,19.06610679626465,600,0.0,0.0,0.0
2018-10-26 00:00:00-04:00,18.93500368617706,19.19721012602907,18.8788172298285,19.094200134277344,11400,0.0,0.0,0.0
2018-10-29 00:00:00-04:00,19.27212631102977,19.30022043273012,18.925639287933173,19.00055694580078,24900,0.0,0.0,0.0
2018-10-30 00:00:00-04:00,19.00055694580078,19.00055694580078,19.00055694580078,19.00055694580078,0,0.0,0.0,0.0
2018-10-31 00:00:00-04:00,19.39386327012445,19.43132209777832,19.39386327012445,19.43132209777832,700,0.0,0.0,0.0
2018-11-01 00:00:00-04:00,19.665435416620287,19.665435416620287,19.656070709228516,19.656070709228516,300,0.0,0.0,0.0
2018-11-02 00:00:00-04:00,19.805901666213924,19.85272520130745,19.63734051214768,19.68416404724121,7500,0.0,0.0,0.0
2018-11-05 00:00:00-05:00,19.68416404724121,19.68416404724121,19.68416404724121,19.68416404724121,200,0.0,0.0,0.0
2018-11-06 00:00:00-05:00,19.712257385253906,19.730986800244395,19.63734151142727,19.712257385253906,1900,0.0,0.0,0.0
2018-11-07 00:00:00-05:00,19.974463069065802,20.086837768554688,19.974463069065802,20.086837768554688,4100,0.0,0.0,0.0
2018-11-08 00:00:00-05:00,20.152388589735075,20.152388589735075,20.011921557363635,20.030649185180664,1900,0.0,0.0,0.0
2018-11-09 00:00:00-05:00,19.824634389466244,19.88082085482214,19.777812632692253,19.871456146240234,5600,0.0,0.0,0.0
2018-11-12 00:00:00-05:00,19.721622032318194,19.749716154717845,19.609249114990234,19.609249114990234,3800,0.0,0.0,0.0
2018-11-13 00:00:00-05:00,19.618614039300674,19.787173417155696,19.609249331730616,19.665435791015625,6900,0.0,0.0,0.0
2018-11-14 00:00:00-05:00,19.524967008216116,19.61861228942871,19.524967008216116,19.61861228942871,400,0.0,0.0,0.0
2018-11-15 00:00:00-05:00,19.45005057738244,19.553058776212488,19.347040592417272,19.506237030029297,1300,0.0,0.0,0.0
2018-11-16 00:00:00-05:00,19.656070709228516,19.656070709228516,19.656070709228516,19.656070709228516,100,0.0,0.0,0.0
2018-11-19 00:00:00-05:00,19.39386499560583,19.39386499560583,19.32831382751465,19.32831382751465,500,0.0,0.0,0.0
2018-11-20 00:00:00-05:00,19.038013047442398,19.038013047442398,18.72898486855662,18.878816604614258,1600,0.0,0.0,0.0
2018-11-21 00:00:00-05:00,19.159751645319844,19.159751645319844,18.953733444213867,18.953733444213867,300,0.0,0.0,0.0
2018-11-23 00:00:00-05:00,18.953733444213867,18.953733444213867,18.953733444213867,18.953733444213867,100,0.0,0.0,0.0
2018-11-26 00:00:00-05:00,19.450051760237795,19.478144095202094,18.841360092163086,18.841360092163086,6300,0.0,0.0,0.0
2018-11-27 00:00:00-05:00,19.403228759765625,19.403228759765625,19.403228759765625,19.403228759765625,700,0.0,0.0,0.0
2018-11-28 00:00:00-05:00,19.347041152525705,19.702892863906527,19.347041152525705,19.61861228942871,12100,0.0,0.0,0.0
2018-11-29 00:00:00-05:00,19.627973250421586,19.627973250421586,19.468778610229492,19.468778610229492,200,0.0,0.0,0.0
2018-11-30 00:00:00-05:00,19.496874604046997,19.562425770824806,19.47814518892896,19.51560401916504,600,0.0,0.0,0.0
2018-12-03 00:00:00-05:00,19.92764046713565,19.92764046713565,19.61861228942871,19.61861228942871,600,0.0,0.0,0.0
2018-12-04 00:00:00-05:00,19.852725392053376,19.852725392053376,19.15038843411944,19.590518951416016,800,0.0,0.0,0.0
2018-12-06 00:00:00-05:00,19.169115628425953,19.18784504221949,18.8881815660637,19.084835052490234,3200,0.0,0.0,0.0
2018-12-07 00:00:00-05:00,19.375134814469455,19.375134814469455,19.11292839050293,19.11292839050293,2400,0.0,0.0,0.0
2018-12-10 00:00:00-05:00,19.075472131728674,19.20657445601303,18.89754627296047,19.084835052490234,4300,0.0,0.0,0.0
2018-12-11 00:00:00-05:00,19.384502984393333,19.384502984393333,19.169118268375506,19.300222396850586,4200,0.0,0.0,0.0
2018-12-12 00:00:00-05:00,19.496874617198277,19.637341658407664,19.30958582429754,19.31894874572754,1000,0.0,0.0,0.0
2018-12-13 00:00:00-05:00,19.571791249090243,19.571791249090243,19.038015400154162,19.337678909301758,900,0.0,0.0,0.0
2018-12-14 00:00:00-05:00,19.42195813952918,19.57178988364986,19.41259343225473,19.45005226135254,2500,0.0,0.0,0.0
2018-12-17 00:00:00-05:00,19.028646667446065,19.197207802222795,18.935001394110653,19.131656646728516,1200,0.0,0.0,0.0
2018-12-18 00:00:00-05:00,18.99119092969551,19.094199129893607,18.8975456499503,19.06610679626465,5000,0.0,0.0,0.0
2018-12-19 00:00:00-05:00,18.897546206586863,19.300219671057604,18.83199504467492,18.981826782226562,8900,0.0,0.0,0.0
2018-12-20 00:00:00-05:00,19.122296903494753,19.122296903494753,18.96310043334961,18.96310043334961,1500,0.0,0.0,0.0
2018-12-21 00:00:00-05:00,18.85072103884315,18.9350016071799,18.466777021369104,18.494871139526367,17900,0.0,0.0,0.0
2018-12-24 00:00:00-05:00,17.42731973631226,18.223300106976307,17.42731973631226,18.1015625,11500,0.0,0.0,0.0
2018-12-26 00:00:00-05:00,18.288856542293818,18.588520050048828,17.79253774123996,18.588520050048828,8500,0.0,0.0,0.0
2018-12-27 00:00:00-05:00,18.39186327397325,18.625975593799325,18.260760946433926,18.55105972290039,4400,0.0,0.0,0.0
2018-12-28 00:00:00-05:00,18.77248051783128,18.77248051783128,18.08897057009072,18.522180557250977,1200,0.54,0.0,0.0
2018-12-31 00:00:00-05:00,18.685837366233173,18.897628784179688,18.685837366233173,18.897628784179688,500,0.0,0.0,0.0
2019-01-02 00:00:00-05:00,18.839868127442287,18.878376660158892,18.753225765017827,18.820613861083984,1700,0.0,0.0,0.0
2019-01-03 00:00:00-05:00,18.782108723376695,18.810990125311164,18.724347755695817,18.801362991333008,2000,0.0,0.0,0.0
2019-01-04 00:00:00-05:00,19.205691475654042,19.26345243743476,19.147928677685456,19.215316772460938,1500,0.0,0.0,0.0
2019-01-07 00:00:00-05:00,19.29233521792923,19.417484283447266,19.224945282140137,19.417484283447266,1000,0.0,0.0,0.0
2019-01-08 00:00:00-05:00,19.706288826126187,19.706288826126187,19.533005947044327,19.59076690673828,1500,0.0,0.0,0.0
2019-01-09 00:00:00-05:00,19.73517163731022,19.908456364988865,19.73517163731022,19.841068267822266,3400,0.0,0.0,0.0
2019-01-10 00:00:00-05:00,19.80256078923442,19.80256078923442,19.706291286931066,19.754426956176758,700,0.0,0.0,0.0
2019-01-11 00:00:00-05:00,19.542631243503486,19.59076690673828,19.542631243503486,19.59076690673828,400,0.0,0.0,0.0
2019-01-14 00:00:00-05:00,19.46561503698161,19.46561503698161,19.369347387741822,19.407854080200195,2600,0.0,0.0,0.0
2019-01-15 00:00:00-05:00,19.350094260546438,19.398228087994966,19.350094260546438,19.369348526000977,3200,0.0,0.0,0.0
2019-01-16 00:00:00-05:00,19.446365684499735,19.513753784100828,19.369350451214483,19.417484283447266,2100,0.0,0.0,0.0
2019-01-17 00:00:00-05:00,19.523378372192383,19.523378372192383,19.523378372192383,19.523378372192383,100,0.0,0.0,0.0
2019-01-18 00:00:00-05:00,19.725545554629342,19.754426956176758,19.706291286931066,19.754426956176758,400,0.0,0.0,0.0
2019-01-22 00:00:00-05:00,19.648530404927637,19.68703894049059,19.436738967895508,19.436738967895508,1200,0.0,0.0,0.0
2019-01-23 00:00:00-05:00,19.513751119788118,19.513751119788118,19.427108764648438,19.427108764648438,1100,0.0,0.0,0.0
2019-01-24 00:00:00-05:00,19.6485276288818,19.6485276288818,19.39822769165039,19.39822769165039,600,0.0,0.0,0.0
2019-01-25 00:00:00-05:00,19.658156804193563,19.658156804193563,19.455990672419077,19.49449920654297,1000,0.0,0.0,0.0
2019-01-28 00:00:00-05:00,19.42710964681964,19.561885833740234,19.42710964681964,19.561885833740234,300,0.0,0.0,0.0
2019-01-29 00:00:00-05:00,19.70628894350302,19.73517034161592,19.590767023427027,19.687036514282227,50900,0.0,0.0,0.0
2019-01-30 00:00:00-05:00,19.86994525456817,19.86994525456817,19.6292724609375,19.6292724609375,200,0.0,0.0,0.0
2019-01-31 00:00:00-05:00,19.744799115245236,19.860321044921875,19.744799115245236,19.860321044921875,1600,0.0,0.0,0.0
2019-02-01 00:00:00-05:00,19.90845489501953,19.91808202764506,19.90845489501953,19.90845489501953,1000,0.0,0.0,0.0
2019-02-04 00:00:00-05:00,19.850695420724453,19.889202117919922,19.850695420724453,19.889202117919922,300,0.0,0.0,0.0
2019-02-05 00:00:00-05:00,20.081740915062007,20.19726284170079,20.023978115554698,20.06248664855957,1900,0.0,0.0,0.0
2019-02-06 00:00:00-05:00,20.06248664855957,20.110620478627744,20.052859515308352,20.06248664855957,5100,0.0,0.0,0.0
2019-02-07 00:00:00-05:00,20.05285927001326,20.05285927001326,19.821813583374023,19.821813583374023,7600,0.0,0.0,0.0
2019-02-08 00:00:00-05:00,19.792930304556204,19.87957265834237,19.629272729203194,19.869945526123047,6500,0.0,0.0,0.0
2019-02-11 00:00:00-05:00,19.8410656169733,19.87957230898616,19.8410656169733,19.850692749023438,2700,0.0,0.0,0.0
2019-02-12 00:00:00-05:00,19.975844285486524,20.110620478627744,19.975844285486524,20.06248664855957,4800,0.0,0.0,0.0
2019-02-13 00:00:00-05:00,20.100993345376526,20.12987474513018,20.023978115554698,20.06248664855957,2500,0.0,0.0,0.0
2019-02-14 00:00:00-05:00,20.062486322273674,20.16838295012691,20.062486322273674,20.091367721557617,1700,0.0,0.0,0.0
2019-02-15 00:00:00-05:00,20.24539758996106,20.3416652457323,20.01435191097198,20.29353141784668,5100,0.0,0.0,0.0
2019-02-19 00:00:00-05:00,20.1298752020424,20.380175163691685,20.043232837002726,20.178009033203125,2600,0.0,0.0,0.0
2019-02-20 00:00:00-05:00,20.120248377342378,20.312787377315946,19.975845045456193,20.100994110107422,2700,0.0,0.0,0.0
2019-02-21 00:00:00-05:00,20.00472482808158,20.00472482808158,19.97584342956543,19.97584342956543,200,0.0,0.0,0.0
2019-02-22 00:00:00-05:00,20.043233560206847,20.14913019600698,20.043233560206847,20.120248794555664,1500,0.0,0.0,0.0
2019-02-25 00:00:00-05:00,20.206890433612337,20.206890433612337,20.12024806857266,20.178009033203125,1400,0.0,0.0,0.0
2019-02-26 00:00:00-05:00,20.178009033203125,20.206890433612337,20.178009033203125,20.178009033203125,500,0.0,0.0,0.0
2019-02-27 00:00:00-05:00,20.216515632505455,20.245397030150922,20.129873275756836,20.129873275756836,700,0.0,0.0,0.0
2019-02-28 00:00:00-05:00,20.20689008643725,20.245398619654583,20.158756256103516,20.158756256103516,1000,0.0,0.0,0.0
2019-03-01 00:00:00-05:00,20.283901315020568,20.3320369720459,20.274274183615503,20.3320369720459,500,0.0,0.0,0.0
2019-03-04 00:00:00-05:00,20.21651796698692,20.21651796698692,20.14912986755371,20.14912986755371,400,0.0,0.0,0.0
2019-03-05 00:00:00-05:00,20.15875671086487,20.27427864074707,20.15875671086487,20.27427864074707,900,0.0,0.0,0.0
2019-03-06 00:00:00-05:00,20.206891580930304,20.206891580930304,20.09136964511021,20.139503479003906,2600,0.0,0.0,0.0
2019-03-07 00:00:00-05:00,19.97584286876357,19.97584286876357,19.812185287475586,19.812185287475586,1800,0.0,0.0,0.0
2019-03-08 00:00:00-05:00,19.72554299632683,19.86031918035892,19.542631149291992,19.542631149291992,2400,0.0,0.0,0.0
2019-03-11 00:00:00-04:00,19.918080985876706,19.99509620666504,19.918080985876706,19.99509620666504,1300,0.0,0.0,0.0
2019-03-12 00:00:00-04:00,20.15875348138607,20.19726017311529,20.072111129760742,20.072111129760742,5100,0.0,0.0,0.0
2019-03-13 00:00:00-04:00,20.206888341772796,20.35129165649414,20.206888341772796,20.35129165649414,200,0.0,0.0,0.0
2019-03-14 00:00:00-04:00,20.572713649206193,20.572713649206193,20.380174656974514,20.428308486938477,500,0.0,0.0,0.0
2019-03-15 00:00:00-04:00,20.591964098614056,20.697860717773438,20.591964098614056,20.697860717773438,1900,0.0,0.0,0.0
2019-03-18 00:00:00-04:00,20.823012214362844,20.823012214362844,20.813386917114258,20.813386917114258,600,0.0,0.0,0.0
2019-03-19 00:00:00-04:00,20.986667284324813,21.00592154888033,20.90965206229049,20.96741485595703,600,0.0,0.0,0.0
2019-03-20 00:00:00-04:00,21.05405891936174,21.131074147647887,20.82301139831543,20.82301139831543,400,0.0,0.0,0.0
2019-03-21 00:00:00-04:00,20.93853345912376,21.025175813435844,20.93853345912376,20.96741485595703,2900,0.0,0.0,0.0
2019-03-22 00:00:00-04:00,20.60159201649214,20.60159201649214,20.274276850416367,20.370546340942383,2700,0.0,0.0,0.0
2019-03-25 00:00:00-04:00,20.447562507280693,20.447562507280693,20.18763542175293,20.18763542175293,100,0.0,0.0,0.0
2019-03-26 00:00:00-04:00,20.524577676207073,20.524577676207073,20.50532341003418,20.50532341003418,400,0.0,0.0,0.0
2019-03-27 00:00:00-04:00,20.409056890281356,20.46681785583496,20.409056890281356,20.46681785583496,1900,0.0,0.0,0.0
2019-03-28 00:00:00-04:00,20.158755858597328,20.312786316053508,20.149128725482832,20.18763542175293,4100,0.0,0.0,0.0
2019-03-29 00:00:00-04:00,20.312785358184207,20.360919185299004,20.274276827542124,20.322412490844727,4100,0.0,0.0,0.0
2019-04-01 00:00:00-04:00,20.50532382791714,20.60159332455563,20.50532382791714,20.524578094482422,600,0.0,0.0,0.0
2019-04-02 00:00:00-04:00,20.668981113364563,20.668981113364563,20.601593017578125,20.601593017578125,500,0.0,0.0,0.0
2019-04-03 00:00:00-04:00,20.832639040442945,20.93853567049455,20.437935756307965,20.89040184020996,5300,0.0,0.0,0.0
2019-04-04 00:00:00-04:00,20.88077135696443,20.88077135696443,20.640098571777344,20.640098571777344,1600,0.0,0.0,0.0
2019-04-05 00:00:00-04:00,20.900024930012734,21.00592154888033,20.823009707978407,20.96741485595703,3000,0.0,0.0,0.0
2019-04-08 00:00:00-04:00,21.06368369705314,21.06368369705314,20.986668470665276,21.025177001953125,2300,0.0,0.0,0.0
2019-04-09 00:00:00-04:00,21.015550036421413,21.015550036421413,20.80375862121582,20.80375862121582,500,0.0,0.0,0.0
2019-04-10 00:00:00-04:00,20.977043612595942,21.10219266952226,20.977043612595942,21.092565536499023,700,0.0,0.0,0.0
2019-04-11 00:00:00-04:00,21.111819476622458,21.1792075705569,21.0348042498134,21.12144660949707,11100,0.0,0.0,0.0
2019-04-12 00:00:00-04:00,21.21771645085969,21.21771645085969,21.14069938659668,21.14069938659668,900,0.0,0.0,0.0
2019-04-15 00:00:00-04:00,21.12144926237969,21.12144926237969,21.073313591960723,21.1118221282959,1200,0.0,0.0,0.0
2019-04-16 00:00:00-04:00,21.18883514404297,21.18883514404297,21.18883514404297,21.18883514404297,100,0.0,0.0,0.0
2019-04-17 00:00:00-04:00,21.073311291554425,21.14069938659668,21.073311291554425,21.14069938659668,1300,0.0,0.0,0.0
2019-04-18 00:00:00-04:00,21.179208010968164,21.227341840154303,21.179208010968164,21.18883514404297,1000,0.0,0.0,0.0
2019-04-22 00:00:00-04:00,21.21771568106417,21.21771568106417,21.07331052699804,21.102191925048828,1400,0.0,0.0,0.0
2019-04-23 00:00:00-04:00,21.073311596673243,21.073311596673243,20.80375921260139,21.063684463500977,8900,0.0,0.0,0.0
2019-04-24 00:00:00-04:00,21.073312213653836,21.073312213653836,20.90965461730957,20.90965461730957,900,0.0,0.0,0.0
2019-04-25 00:00:00-04:00,20.409055126071895,20.871146482932403,20.303158501554257,20.61121940612793,4100,0.0,0.0,0.0
2019-04-26 00:00:00-04:00,20.948163424206417,20.948163424206417,20.563087261961222,20.736371994018555,2300,0.0,0.0,0.0
2019-04-29 00:00:00-04:00,20.563084481229893,20.96741485595703,20.563084481229893,20.96741485595703,1400,0.0,0.0,0.0
2019-04-30 00:00:00-04:00,20.823009910672102,20.957787927684915,20.707487994589975,20.84226417541504,2000,0.0,0.0,0.0
2019-05-01 00:00:00-04:00,20.871146812874205,20.871146812874205,20.582338333129883,20.582338333129883,200,0.0,0.0,0.0
2019-05-02 00:00:00-04:00,20.68823557559487,20.68823557559487,20.322413693780174,20.428308486938477,2500,0.0,0.0,0.0
2019-05-03 00:00:00-04:00,20.53420606235713,20.563087463378906,20.505324661335347,20.563087463378906,400,0.0,0.0,0.0
2019-05-06 00:00:00-04:00,20.16838249961089,20.43793487548828,20.16838249961089,20.43793487548828,3300,0.0,0.0,0.0
2019-05-07 00:00:00-04:00,20.216514437073734,20.216514437073734,20.01435017407308,20.072111129760742,2900,0.0,0.0,0.0
2019-05-08 00:00:00-04:00,20.129874632998863,20.129874632998863,19.966217041015625,19.966217041015625,400,0.0,0.0,0.0
2019-05-09 00:00:00-04:00,19.91808319091797,19.91808319091797,19.7062899331626,19.91808319091797,800,0.0,0.0,0.0
2019-05-10 00:00:00-04:00,19.946962865770825,20.014352798461914,19.860320502784486,20.014352798461914,500,0.0,0.0,0.0
2019-05-13 00:00:00-04:00,19.773678872433127,19.841066965175425,19.61002128883563,19.687036514282227,1900,0.0,0.0,0.0
2019-05-14 00:00:00-04:00,19.821814001149544,19.860320698307056,19.764053037319304,19.841068267822266,1500,0.0,0.0,0.0
2019-05-15 00:00:00-04:00,19.850692749023438,19.850692749023438,19.850692749023438,19.850692749023438,100,0.0,0.0,0.0
2019-05-16 00:00:00-04:00,20.03360756852665,20.081743240356445,20.03360756852665,20.081743240356445,300,0.0,0.0,0.0
2019-05-17 00:00:00-04:00,19.821813806006066,20.014352798461914,19.821813806006066,20.014352798461914,800,0.0,0.0,0.0
2019-05-20 00:00:00-04:00,20.00472480590429,20.00472480590429,19.841067220203215,19.927709579467773,1800,0.0,0.0,0.0
2019-05-21 00:00:00-04:00,20.081740935062726,20.110620498657227,20.004725705164194,20.110620498657227,4900,0.0,0.0,0.0
2019-05-22 00:00:00-04:00,20.206891162721586,20.206891162721586,20.120248794555664,20.120248794555664,500,0.0,0.0,0.0
2019-05-23 00:00:00-04:00,19.8410656169733,19.850692749023438,19.8410656169733,19.850692749023438,200,0.0,0.0,0.0
2019-05-24 00:00:00-04:00,20.100994110107422,20.100994110107422,20.004726446308627,20.100994110107422,900,0.0,0.0,0.0
2019-05-28 00:00:00-04:00,19.89883041381836,19.89883041381836,19.89883041381836,19.89883041381836,100,0.0,0.0,0.0
2019-05-29 00:00:00-04:00,19.542631872196676,19.542631872196676,19.48487091064453,19.48487091064453,200,0.0,0.0,0.0
2019-05-30 00:00:00-04:00,19.484871440204863,19.60039520263672,19.484871440204863,19.60039520263672,600,0.0,0.0,0.0
2019-05-31 00:00:00-04:00,19.4944980436012,19.561886138110008,19.4656166447312,19.48487091064453,2100,0.0,0.0,0.0
2019-06-03 00:00:00-04:00,19.619646072387695,19.619646072387695,19.523378420237268,19.619646072387695,4400,0.0,0.0,0.0
2019-06-04 00:00:00-04:00,19.581140518188477,19.581140518188477,19.581140518188477,19.581140518188477,0,0.0,0.0,0.0
2019-06-05 00:00:00-04:00,19.995099186693068,19.995099186693068,19.81218732148959,19.95659065246582,2100,0.0,0.0,0.0
2019-06-06 00:00:00-04:00,20.03360513721086,20.072113670001222,19.860320412030028,19.966217041015625,1300,0.0,0.0,0.0
2019-06-07 00:00:00-04:00,20.20688997495201,20.20688997495201,19.879574789162255,20.06248664855957,1100,0.0,0.0,0.0
2019-06-10 00:00:00-04:00,20.245396106369515,20.370545151413854,20.226141842151094,20.31278419494629,900,0.0,0.0,0.0
2019-06-11 00:00:00-04:00,20.630473997847865,20.678607826377988,20.49569780901323,20.582338333129883,4500,0.0,0.0,0.0
2019-06-12 00:00:00-04:00,20.572711944580078,20.591964373257685,20.572711944580078,20.572711944580078,400,0.0,0.0,0.0
2019-06-13 00:00:00-04:00,20.582338174212392,20.678607666717195,20.389801025390625,20.389801025390625,1800,0.0,0.0,0.0
2019-06-14 00:00:00-04:00,20.418679747618253,20.457188277510753,20.17800694435342,20.35129165649414,500,0.0,0.0,0.0
2019-06-17 00:00:00-04:00,20.351292378546994,20.399428042620446,20.12024669955791,20.29353141784668,700,0.0,0.0,0.0
2019-06-18 00:00:00-04:00,20.47644498945856,20.47644498945856,20.33204165748055,20.46681785583496,2500,0.0,0.0,0.0
2019-06-19 00:00:00-04:00,20.572712711150135,20.640100804502147,20.44756182104969,20.61121940612793,2200,0.0,0.0,0.0
2019-06-20 00:00:00-04:00,20.83263934779938,20.83263934779938,20.813386917114258,20.813386917114258,300,0.0,0.0,0.0
2019-06-21 00:00:00-04:00,20.726743529310045,20.948162078857422,20.360919821530334,20.948162078857422,3100,0.0,0.0,0.0
2019-06-24 00:00:00-04:00,20.90965461730957,20.90965461730957,20.90965461730957,20.90965461730957,100,0.0,0.0,0.0
2019-06-25 00:00:00-04:00,20.851891727298128,20.900025553936107,20.8133850332253,20.86151885986328,1800,0.0,0.0,0.0
2019-06-26 00:00:00-04:00,20.64972686767578,20.64972686767578,20.64972686767578,20.64972686767578,100,0.0,0.0,0.0
2019-06-27 00:00:00-04:00,20.673230010627975,20.702608108520508,20.673230010627975,20.702608108520508,200,0.364,0.0,0.0
2019-06-28 00:00:00-04:00,20.722195666107734,20.722195666107734,20.71240234375,20.71240234375,500,0.0,0.0,0.0
2019-07-01 00:00:00-04:00,20.88867958710298,20.88867958710298,20.86909294128418,20.86909294128418,100,0.0,0.0,0.0
2019-07-02 00:00:00-04:00,20.888680210373444,21.035576322626806,20.888680210373444,20.937644958496094,700,0.0,0.0,0.0
2019-07-03 00:00:00-04:00,21.20205924881567,21.22164589537366,21.104127883911133,21.104127883911133,500,0.0,0.0,0.0
2019-07-05 00:00:00-04:00,20.72219641435478,20.761369705200195,20.72219641435478,20.761369705200195,400,0.0,0.0,0.0
2019-07-08 00:00:00-04:00,20.761368040075908,20.829919425672042,20.702608108520508,20.702608108520508,1000,0.0,0.0,0.0
2019-07-09 00:00:00-04:00,20.624267578125,20.624267578125,20.624267578125,20.624267578125,100,0.0,0.0,0.0
2019-07-10 00:00:00-04:00,20.90826405172763,20.90826405172763,20.72219467163086,20.72219467163086,2600,0.0,0.0,0.0
2019-07-11 00:00:00-04:00,20.643850326538086,20.68302361477621,20.604678906185153,20.643850326538086,5100,0.0,0.0,0.0
2019-07-12 00:00:00-04:00,20.634056011242702,20.653642654418945,20.634056011242702,20.653642654418945,800,0.0,0.0,0.0
2019-07-15 00:00:00-04:00,20.614472099905857,20.771161530310163,20.614472099905857,20.683025360107422,700,0.0,0.0,0.0
2019-07-16 00:00:00-04:00,20.643853313324843,20.643853313324843,20.614473342895508,20.614473342895508,300,0.0,0.0,0.0
2019-07-17 00:00:00-04:00,20.565506000579084,20.565506000579084,20.32067854819124,20.359851837158203,1700,0.0,0.0,0.0
2019-07-18 00:00:00-04:00,20.144403999042936,20.232542037963867,20.144403999042936,20.232542037963867,400,0.0,0.0,0.0
2019-07-19 00:00:00-04:00,20.52633305809549,20.52633305809549,20.48716163635254,20.48716163635254,900,0.0,0.0,0.0
2019-07-22 00:00:00-04:00,20.35985253296162,20.35985253296162,20.046471814171717,20.203161239624023,400,0.0,0.0,0.0
2019-07-23 00:00:00-04:00,20.222748966435365,20.467576440285395,20.222748966435365,20.379438400268555,400,0.0,0.0,0.0
2019-07-24 00:00:00-04:00,20.34026527404785,20.40881666212906,20.203160630000202,20.34026527404785,1300,0.0,0.0,0.0
2019-07-25 00:00:00-04:00,20.369642458297797,20.369642458297797,20.32067771697721,20.33047103881836,900,0.0,0.0,0.0
2019-07-26 00:00:00-04:00,20.281503677368164,20.281503677368164,20.281503677368164,20.281503677368164,100,0.0,0.0,0.0
2019-07-29 00:00:00-04:00,20.291297912597656,20.33047120027334,20.291297912597656,20.291297912597656,1100,0.0,0.0,0.0
2019-07-30 00:00:00-04:00,19.68412897368581,20.08564587530197,19.68412897368581,19.840818405151367,1300,0.0,0.0,0.0
2019-07-31 00:00:00-04:00,19.948542337140587,19.97792043700368,19.752679621255286,19.791851043701172,1300,0.0,0.0,0.0
2019-08-01 00:00:00-04:00,20.00730034785059,20.00730034785059,19.605783462524414,19.605783462524414,2900,0.0,0.0,0.0
2019-08-02 00:00:00-04:00,19.664540777169364,19.713505520184317,19.55681610107422,19.55681610107422,1200,0.0,0.0,0.0
2019-08-05 00:00:00-04:00,19.43929823228793,19.576400994777284,19.311986923217773,19.311986923217773,2600,0.0,0.0,0.0
2019-08-06 00:00:00-04:00,19.351163410974205,19.556817588743176,19.351163410974205,19.449094772338867,500,0.0,0.0,0.0
2019-08-07 00:00:00-04:00,19.360955542350325,19.498058319091797,19.34136889770576,19.498058319091797,2800,0.0,0.0,0.0
2019-08-08 00:00:00-04:00,19.80164337158203,19.80164337158203,19.791850049491188,19.80164337158203,900,0.0,0.0,0.0
2019-08-09 00:00:00-04:00,19.80164422723134,19.80164422723134,19.625370025634766,19.625370025634766,100,0.0,0.0,0.0
2019-08-12 00:00:00-04:00,19.65474866025933,19.65474866025933,19.50785255432129,19.50785255432129,100,0.0,0.0,0.0
2019-08-13 00:00:00-04:00,19.595989227294922,19.595989227294922,19.595989227294922,19.595989227294922,300,0.0,0.0,0.0
2019-08-14 00:00:00-04:00,19.29240370653349,19.29240370653349,19.18467903137207,19.18467903137207,600,0.0,0.0,0.0
2019-08-15 00:00:00-04:00,19.21405844492573,19.21405844492573,19.07695380742296,19.096540451049805,600,0.0,0.0,0.0
2019-08-16 00:00:00-04:00,19.311986923217773,19.311986923217773,19.311986923217773,19.311986923217773,0,0.0,0.0,0.0
2019-08-19 00:00:00-04:00,19.498058319091797,19.498058319091797,19.38054218699489,19.498058319091797,5400,0.0,0.0,0.0
2019-08-20 00:00:00-04:00,19.419712427486495,19.4588857143935,19.311987756377366,19.341367721557617,1200,0.0,0.0,0.0
2019-08-21 00:00:00-04:00,19.684128802603478,19.684128802603478,19.547024150348722,19.674335479736328,300,0.0,0.0,0.0
2019-08-22 00:00:00-04:00,19.625371187001,19.635162642209174,19.576404571533203,19.576404571533203,500,0.0,0.0,0.0
2019-08-23 00:00:00-04:00,19.400126699847196,19.400126699847196,19.35116195678711,19.35116195678711,500,0.0,0.0,0.0
2019-08-26 00:00:00-04:00,19.47847232805682,19.47847232805682,19.3609561920166,19.3609561920166,800,0.0,0.0,0.0
2019-08-27 00:00:00-04:00,19.331576224063895,19.419714260036713,19.331576224063895,19.3609561920166,1500,0.0,0.0,0.0
2019-08-28 00:00:00-04:00,19.282612095377406,19.282612095377406,19.223852157592773,19.223852157592773,600,0.0,0.0,0.0
2019-08-29 00:00:00-04:00,19.29240480134559,19.400127614734906,19.29240480134559,19.3609561920166,2000,0.0,0.0,0.0
2019-08-30 00:00:00-04:00,19.468679633209977,19.468679633209977,19.370750139313643,19.429508209228516,8200,0.0,0.0,0.0
2019-09-03 00:00:00-04:00,19.341367721557617,19.341367721557617,19.341367721557617,19.341367721557617,200,0.0,0.0,0.0
2019-09-04 00:00:00-04:00,19.595990764684473,19.674335479736328,19.595990764684473,19.674335479736328,1700,0.0,0.0,0.0
2019-09-05 00:00:00-04:00,19.879989829075075,19.879989829075075,19.801645113342296,19.840818405151367,1400,0.0,0.0,0.0
2019-09-06 00:00:00-04:00,19.89957639202213,19.89957639202213,19.79185170788163,19.86040496826172,600,0.0,0.0,0.0
2019-09-09 00:00:00-04:00,19.919161837335853,19.919161837335853,19.801643837366612,19.90936851501465,8300,0.0,0.0,0.0
2019-09-10 00:00:00-04:00,19.840816964467887,19.94854164123535,19.840816964467887,19.94854164123535,800,0.0,0.0,0.0
2019-09-11 00:00:00-04:00,19.958334510903157,20.085645841181,19.958334510903157,20.046472549438477,900,0.0,0.0,0.0
2019-09-12 00:00:00-04:00,20.12481755754598,20.193370819091797,20.12481755754598,20.193370819091797,400,0.0,0.0,0.0
2019-09-13 00:00:00-04:00,20.33047302865597,20.33047302865597,20.31088638305664,20.31088638305664,500,0.0,0.0,0.0
2019-09-16 00:00:00-04:00,20.15419641286276,20.232541125271077,20.105231668064548,20.222747802734375,22600,0.0,0.0,0.0
2019-09-17 00:00:00-04:00,20.183577496013825,20.193370819091797,20.183577496013825,20.193370819091797,200,0.0,0.0,0.0
2019-09-18 00:00:00-04:00,20.222748920440335,20.33047360641266,20.163990849857875,20.193370819091797,4600,0.0,0.0,0.0
2019-09-19 00:00:00-04:00,20.39902442036829,20.39902442036829,20.31088638305664,20.31088638305664,400,0.0,0.0,0.0
2019-09-20 00:00:00-04:00,20.399024963378906,20.399024963378906,20.3500602159625,20.399024963378906,1100,0.0,0.0,0.0
2019-09-23 00:00:00-04:00,20.261920928955078,20.261920928955078,20.261920928955078,20.261920928955078,0,0.0,0.0,0.0
2019-09-24 00:00:00-04:00,20.193368360506284,20.193368360506284,20.1052303314209,20.1052303314209,300,0.0,0.0,0.0
2019-09-25 00:00:00-04:00,19.93874756727288,19.93874756727288,19.86040286018259,19.899574279785156,2000,0.0,0.0,0.0
2019-09-26 00:00:00-04:00,19.977921733680393,19.977921733680393,19.733094256875766,19.928956985473633,25800,0.0,0.0,0.0
2019-09-27 00:00:00-04:00,19.909367440627694,19.95833218170616,19.86040269954923,19.93874740600586,1700,0.0,0.0,0.0
2019-09-30 00:00:00-04:00,19.909368231790943,19.96812629699707,19.909368231790943,19.96812629699707,500,0.0,0.0,0.0
2019-10-01 00:00:00-04:00,19.899575009526174,19.899575009526174,19.713505622906418,19.74288558959961,2400,0.0,0.0,0.0
2019-10-02 00:00:00-04:00,19.311986923217773,19.360953529739003,19.253228863277343,19.311986923217773,1500,0.0,0.0,0.0
2019-10-03 00:00:00-04:00,19.25323060278172,19.38054192335429,19.184679215343515,19.35116195678711,3100,0.0,0.0,0.0
2019-10-04 00:00:00-04:00,19.458886979140143,19.556816467002406,19.449093656776867,19.478471755981445,4400,0.0,0.0,0.0
2019-10-07 00:00:00-04:00,19.52743830453019,19.733092469836933,19.52743830453019,19.70371437072754,8500,0.0,0.0,0.0
2019-10-08 00:00:00-04:00,19.468677440135256,19.576402112748873,19.468677440135256,19.488264083862305,300,0.0,0.0,0.0
2019-10-09 00:00:00-04:00,19.52743812307196,19.576402866389444,19.429506768551764,19.5372314453125,3200,0.0,0.0,0.0
2019-10-10 00:00:00-04:00,19.70371544833778,19.70371544833778,19.674335479736328,19.674335479736328,200,0.0,0.0,0.0
2019-10-11 00:00:00-04:00,19.997507720167505,20.066059112548828,19.997507720167505,20.066059112548828,300,0.0,0.0,0.0
2019-10-14 00:00:00-04:00,20.017091751098633,20.017091751098633,20.017091751098633,20.017091751098633,100,0.0,0.0,0.0
2019-10-15 00:00:00-04:00,19.928954897479223,20.173782348632812,19.928954897479223,20.173782348632812,300,0.0,0.0,0.0
2019-10-16 00:00:00-04:00,20.075850994594333,20.173782348632812,20.075850994594333,20.173782348632812,400,0.0,0.0,0.0
2019-10-17 00:00:00-04:00,20.428402308462545,20.428402308462545,20.35005760192871,20.35005760192871,1400,0.0,0.0,0.0
2019-10-18 00:00:00-04:00,20.418610328896726,20.50674836302677,20.418610328896726,20.467575073242188,1300,0.0,0.0,0.0
2019-10-21 00:00:00-04:00,20.741782310823197,20.741782310823197,20.65364427748886,20.71240234375,1800,0.0,0.0,0.0
2019-10-22 00:00:00-04:00,20.80054183625702,20.908266521863784,20.761370411963437,20.810335159301758,4400,0.0,0.0,0.0
2019-10-23 00:00:00-04:00,20.722194151128427,20.976814910158637,20.722194151128427,20.839712142944336,3300,0.0,0.0,0.0
2019-10-24 00:00:00-04:00,20.761368671393946,20.898471446755277,20.663437317042185,20.771160125732422,2900,0.0,0.0,0.0
2019-10-25 00:00:00-04:00,20.594887942196614,20.751577377319336,20.594887942196614,20.751577377319336,5900,0.0,0.0,0.0
2019-10-28 00:00:00-04:00,20.77116095622647,20.800540924072266,20.731989533650708,20.800540924072266,2000,0.0,0.0,0.0
2019-10-29 00:00:00-04:00,20.536126478410804,20.67323112487793,20.477368411573615,20.67323112487793,900,0.0,0.0,0.0
2019-10-30 00:00:00-04:00,20.408816924981384,20.59488631494485,20.38923028016728,20.48716163635254,107600,0.0,0.0,0.0
2019-10-31 00:00:00-04:00,20.399024792827255,20.399024792827255,20.163990644999892,20.232542037963867,4300,0.0,0.0,0.0
2019-11-01 00:00:00-04:00,20.526333140033792,20.526333140033792,20.447988428349895,20.467575073242188,1600,0.0,0.0,0.0
2019-11-04 00:00:00-05:00,20.67323084083049,20.810333617528578,20.545919518566347,20.73198890686035,3300,0.0,0.0,0.0
2019-11-05 00:00:00-05:00,20.565508593398743,20.614473342895508,20.54592194644585,20.614473342895508,800,0.0,0.0,0.0
2019-11-06 00:00:00-05:00,20.516540246655246,20.62426305023775,20.516540246655246,20.575298309326172,2800,0.0,0.0,0.0
2019-11-07 00:00:00-05:00,20.536126641228634,20.69281606596027,20.536126641228634,20.634057998657227,600,0.0,0.0,0.0
2019-11-08 00:00:00-05:00,20.536126641228634,20.634057998657227,20.536126641228634,20.634057998657227,1900,0.0,0.0,0.0
2019-11-11 00:00:00-05:00,20.59488558412562,20.643850326538086,20.526332329708904,20.643850326538086,1300,0.0,0.0,0.0
2019-11-12 00:00:00-05:00,20.56550561794703,20.643850326538086,20.56550561794703,20.643850326538086,2500,0.0,0.0,0.0
2019-11-13 00:00:00-05:00,20.526331981351916,20.526331981351916,20.418609176295647,20.51654052734375,3200,0.0,0.0,0.0
2019-11-14 00:00:00-05:00,20.399022773842752,20.47736748203107,20.399022773842752,20.457780838012695,6800,0.0,0.0,0.0
2019-11-15 00:00:00-05:00,20.516542975343388,20.624265793252967,20.516542975343388,20.60468101501465,900,0.0,0.0,0.0
2019-11-18 00:00:00-05:00,20.49695475617907,20.52633285522461,20.41861004558223,20.52633285522461,3400,0.0,0.0,0.0
2019-11-19 00:00:00-05:00,20.50674791593476,20.565505981445312,20.50674791593476,20.565505981445312,400,0.0,0.0,0.0
2019-11-20 00:00:00-05:00,20.36964170278428,20.36964170278428,20.21295229490787,20.281503677368164,2200,0.0,0.0,0.0
2019-11-21 00:00:00-05:00,20.222748088918387,20.26192137961955,20.026887239068504,20.163990020751953,2100,0.0,0.0,0.0
2019-11-22 00:00:00-05:00,20.173782531042676,20.34026527404785,20.173782531042676,20.34026527404785,200,0.0,0.0,0.0
2019-11-25 00:00:00-05:00,20.37943831725819,20.399024963378906,20.3500602159625,20.399024963378906,1000,0.0,0.0,0.0
2019-11-26 00:00:00-05:00,20.467575073242188,20.467575073242188,20.418610328896726,20.467575073242188,700,0.0,0.0,0.0
2019-11-27 00:00:00-05:00,20.48716143386881,20.52633285522461,20.301092045744348,20.52633285522461,1500,0.0,0.0,0.0
2019-11-29 00:00:00-05:00,20.438197341260544,20.438197341260544,20.2325413019644,20.389230728149414,900,0.0,0.0,0.0
2019-12-02 00:00:00-05:00,20.457780649448978,20.457780649448978,20.144401819584175,20.291297912597656,700,0.0,0.0,0.0
2019-12-03 00:00:00-05:00,20.271716243452843,20.281507698987223,20.124818260040872,20.24233627319336,1400,0.0,0.0,0.0
2019-12-04 00:00:00-05:00,20.438196973789015,20.467575073242188,20.438196973789015,20.467575073242188,700,0.0,0.0,0.0
2019-12-05 00:00:00-05:00,20.506749649157456,20.712403829768814,20.399024963378906,20.399024963378906,4100,0.0,0.0,0.0
2019-12-06 00:00:00-05:00,20.594884592775312,20.653642654418945,20.56550462801095,20.653642654418945,1600,0.0,0.0,0.0
2019-12-09 00:00:00-05:00,20.986609127080907,20.986609127080907,20.526332329708904,20.643850326538086,14200,0.0,0.0,0.0
2019-12-10 00:00:00-05:00,20.594886779785156,20.594886779785156,20.594886779785156,20.594886779785156,100,0.0,0.0,0.0
2019-12-11 00:00:00-05:00,20.575300391106783,20.741783142089844,20.575300391106783,20.741783142089844,700,0.0,0.0,0.0
2019-12-12 00:00:00-05:00,20.761369217014508,21.006196675385503,20.614471247683692,20.859298706054688,7400,0.0,0.0,0.0
2019-12-13 00:00:00-05:00,21.045369395367068,21.17268072758748,20.927853254117103,20.99640464782715,1400,0.0,0.0,0.0
2019-12-16 00:00:00-05:00,21.23143867825434,21.280403425517605,21.20205870916515,21.22164535522461,1500,0.0,0.0,0.0
2019-12-17 00:00:00-05:00,21.378334045410156,21.378334045410156,21.378334045410156,21.378334045410156,100,0.0,0.0,0.0
2019-12-18 00:00:00-05:00,21.2216422545199,21.270606994628906,21.2216422545199,21.270606994628906,2200,0.0,0.0,0.0
2019-12-19 00:00:00-05:00,21.18247107025196,21.24123100567617,21.18247107025196,21.23143768310547,500,0.0,0.0,0.0
2019-12-20 00:00:00-05:00,21.32937012708014,21.417508166819406,21.32937012708014,21.40771484375,1600,0.0,0.0,0.0
2019-12-23 00:00:00-05:00,21.36854092700238,21.44688564138271,21.339162826538086,21.339162826538086,1900,0.0,0.0,0.0
2019-12-24 00:00:00-05:00,21.378333417125372,21.378333417125372,21.309782028198242,21.309782028198242,300,0.0,0.0,0.0
2019-12-26 00:00:00-05:00,21.446884155273438,21.446884155273438,21.378332768426414,21.446884155273438,1300,0.0,0.0,0.0
2019-12-27 00:00:00-05:00,21.544817053328533,21.59378179947742,21.495852307179646,21.525230407714844,5200,0.0,0.0,0.0
2019-12-30 00:00:00-05:00,21.561594009399414,21.748315666269168,21.502627499854484,21.561594009399414,4900,0.077,0.0,0.0
2019-12-31 00:00:00-05:00,21.522280829822098,21.522280829822098,21.453488450084613,21.512453079223633,1500,0.0,0.0,0.0
2020-01-02 00:00:00-05:00,21.67952128695503,21.72866004039265,21.67952128695503,21.699176788330078,900,0.0,0.0,0.0
2020-01-03 00:00:00-05:00,21.482972282113902,21.482972282113902,21.3846966479267,21.47314453125,1200,0.0,0.0,0.0
2020-01-06 00:00:00-05:00,21.414179900518405,21.47314453125,21.296248764603398,21.47314453125,2200,0.0,0.0,0.0
2020-01-07 00:00:00-05:00,21.571419895082016,21.571419895082016,21.42400550842285,21.42400550842285,900,0.0,0.0,0.0
2020-01-08 00:00:00-05:00,21.37486913105985,21.522281646728516,21.37486913105985,21.522281646728516,200,0.0,0.0,0.0
2020-01-09 00:00:00-05:00,21.52228222925295,21.52228222925295,21.482973098754883,21.482973098754883,400,0.0,0.0,0.0
2020-01-10 00:00:00-05:00,21.30607628594484,21.374868666799266,21.30607628594484,21.355213165283203,1600,0.0,0.0,0.0
2020-01-13 00:00:00-05:00,21.45349142780578,21.571422576904297,21.345388030669806,21.571422576904297,4400,0.0,0.0,0.0
2020-01-14 00:00:00-05:00,21.433835113170684,21.581247638129103,21.433835113170684,21.561594009399414,500,0.0,0.0,0.0
2020-01-15 00:00:00-05:00,21.640212431874335,21.758141692709966,21.640212431874335,21.679521560668945,500,0.0,0.0,0.0
2020-01-16 00:00:00-05:00,21.84658840616504,21.895727157592773,21.84658840616504,21.895727157592773,3300,0.0,0.0,0.0
2020-01-17 00:00:00-05:00,21.846589456688562,21.954692840576172,21.846589456688562,21.954692840576172,2300,0.0,0.0,0.0
2020-01-21 00:00:00-05:00,21.944864034568802,22.062795163543658,21.777796028617917,21.895727157592773,1100,0.0,0.0,0.0
2020-01-22 00:00:00-05:00,21.8465905424064,21.944866180419922,21.8465905424064,21.944866180419922,2400,0.0,0.0,0.0
2020-01-23 00:00:00-05:00,21.64021238894256,21.817108154296875,21.64021238894256,21.817108154296875,500,0.0,0.0,0.0
2020-01-24 00:00:00-05:00,21.689349853720362,21.70900535583496,21.689349853720362,21.70900535583496,1600,0.0,0.0,0.0
2020-01-27 00:00:00-05:00,21.315903221084078,21.34538459777832,21.286419969938116,21.34538459777832,3100,0.0,0.0,0.0
2020-01-28 00:00:00-05:00,21.404353732850172,21.561594009399414,21.404353732850172,21.561594009399414,2800,0.0,0.0,0.0
2020-01-29 00:00:00-05:00,21.453490616352326,21.561594009399414,21.453490616352326,21.561594009399414,2500,0.0,0.0,0.0
2020-01-30 00:00:00-05:00,21.384697420079384,21.650041079630245,21.355214166423107,21.55176544189453,20200,0.0,0.0,0.0
2020-01-31 00:00:00-05:00,21.365042231912444,21.46331787109375,21.33555897782248,21.46331787109375,1000,0.0,0.0,0.0
2020-02-03 00:00:00-05:00,21.47314375020521,21.571419380817826,21.39452362060547,21.39452362060547,5900,0.0,0.0,0.0
2020-02-04 00:00:00-05:00,21.620558600968025,21.709006490655412,21.620558600968025,21.630386352539062,2400,0.0,0.0,0.0
2020-02-05 00:00:00-05:00,22.11193268171203,22.298656193648533,22.11193268171203,22.2495174407959,4000,0.0,0.0,0.0
2020-02-06 00:00:00-05:00,22.111934071707534,22.259346590628542,22.111934071707534,22.22003746032715,1500,0.0,0.0,0.0
2020-02-07 00:00:00-05:00,22.249519031937105,22.367450172765345,22.121762014287413,22.337966918945312,1600,0.0,0.0,0.0
2020-02-10 00:00:00-05:00,22.1512447700719,22.23969078063965,22.1512447700719,22.23969078063965,500,0.0,0.0,0.0
2020-02-11 00:00:00-05:00,22.446067810058594,22.446067810058594,22.446067810058594,22.446067810058594,100,0.0,0.0,0.0
2020-02-12 00:00:00-05:00,22.446067810058594,22.446067810058594,22.436240059879164,22.446067810058594,1300,0.0,0.0,0.0
2020-02-13 00:00:00-05:00,22.151245035985504,22.30848530580752,22.151245035985504,22.288829803466797,900,0.0,0.0,0.0
2020-02-14 00:00:00-05:00,22.288829803466797,22.288829803466797,22.288829803466797,22.288829803466797,200,0.0,0.0,0.0
2020-02-18 00:00:00-05:00,22.20038086836547,22.33796562934556,22.1414162385814,22.2298641204834,700,0.0,0.0,0.0
2020-02-19 00:00:00-05:00,22.35762296260013,22.367450714111328,22.31831195655533,22.367450714111328,900,0.0,0.0,0.0
2020-02-20 00:00:00-05:00,22.337966141298658,22.514861909156842,22.25934600830078,22.25934600830078,500,0.0,0.0,0.0
2020-02-21 00:00:00-05:00,22.24951852483181,22.406758792717756,22.23969077378246,22.30848503112793,2000,0.0,0.0,0.0
2020-02-24 00:00:00-05:00,21.30607550583325,21.414178885761643,21.276592254638672,21.276592254638672,3900,0.0,0.0,0.0
2020-02-25 00:00:00-05:00,21.276593780650245,21.276593780650245,20.93262998985044,20.971940994262695,2500,0.0,0.0,0.0
2020-02-26 00:00:00-05:00,21.011251130673326,21.247113419541073,20.991597501977637,21.099699020385742,35500,0.0,0.0,0.0
2020-02-27 00:00:00-05:00,20.716424199545983,20.95228459253804,20.401943675556574,20.569011688232422,4900,0.0,0.0,0.0
2020-02-28 00:00:00-05:00,20.175913409087084,20.352807318822666,19.989189873061076,20.1366024017334,4200,0.0,0.0,0.0
2020-03-02 00:00:00-05:00,20.39211558243228,20.72625160217285,20.362632330883965,20.72625160217285,2100,0.0,0.0,0.0
2020-03-03 00:00:00-05:00,21.030905437166258,21.13900882387525,20.78521728515625,20.78521728515625,1800,0.0,0.0,0.0
2020-03-04 00:00:00-05:00,21.119353035900605,21.40435218811035,21.119353035900605,21.40435218811035,400,0.0,0.0,0.0
2020-03-05 00:00:00-05:00,20.795044293083524,20.795044293083524,20.63780403137207,20.63780403137207,800,0.0,0.0,0.0
2020-03-06 00:00:00-05:00,20.470738594727596,20.470738594727596,20.274187305631326,20.392118453979492,2200,0.0,0.0,0.0
2020-03-09 00:00:00-04:00,19.16367514957668,19.37988004056414,18.908159255981445,18.908159255981445,2000,0.0,0.0,0.0
2020-03-10 00:00:00-04:00,19.409362281612218,19.458499157860945,18.908158271178156,19.311086654663086,2800,0.0,0.0,0.0
2020-03-11 00:00:00-04:00,18.701783495118494,18.701783495118494,18.26937180679645,18.347991943359375,1100,0.0,0.0,0.0
2020-03-12 00:00:00-04:00,16.696967028830787,17.325928114845475,16.43162336774888,16.638002395629883,4400,0.0,0.0,0.0
2020-03-13 00:00:00-04:00,17.610925947843157,17.610925947843157,16.126969357505697,17.591270446777344,10900,0.0,0.0,0.0
2020-03-16 00:00:00-04:00,15.517663592875483,16.441450629042162,15.517663592875483,16.00904083251953,30400,0.0,0.0,0.0
2020-03-17 00:00:00-04:00,15.714214039590958,16.411969368765764,15.714214039590958,16.264554977416992,1700,0.0,0.0,0.0
2020-03-18 00:00:00-04:00,15.478353643143707,15.478353643143707,15.124563040130328,15.2031831741333,3700,0.0,0.0,0.0
2020-03-19 00:00:00-04:00,15.38007757362662,15.950073997699018,15.38007757362662,15.832144737243652,3500,0.0,0.0,0.0
2020-03-20 00:00:00-04:00,16.01886660382858,16.01886660382858,15.350595474243164,15.350595474243164,3000,0.0,0.0,0.0
2020-03-23 00:00:00-04:00,15.213010948108295,15.458699116680272,14.937840461730957,14.937840461730957,5500,0.0,0.0,0.0
2020-03-24 00:00:00-04:00,16.0876611921899,16.0876611921899,15.468525992742329,15.792834281921387,8300,0.0,0.0,0.0
2020-03-25 00:00:00-04:00,16.362829992959533,17.070413046353533,16.362829992959533,17.040929794311523,7200,0.0,0.0,0.0
2020-03-26 00:00:00-04:00,17.198171352004852,17.679719924926758,17.198171352004852,17.679719924926758,4500,0.0,0.0,0.0
2020-03-27 00:00:00-04:00,17.139207199916953,17.384895368997665,16.795243388313565,17.316102981567383,9100,0.0,0.0,0.0
2020-03-30 00:00:00-04:00,17.620756149291992,17.620756149291992,17.266964578704567,17.620756149291992,11600,0.0,0.0,0.0
2020-03-31 00:00:00-04:00,17.561790401882703,18.682127805299352,17.561790401882703,18.16126823425293,4900,0.0,0.0,0.0
2020-04-01 00:00:00-04:00,17.571616241421594,17.571616241421594,17.23748207092285,17.23748207092285,3500,0.0,0.0,0.0
2020-04-02 00:00:00-04:00,17.35541098064033,17.453686616745856,17.050758195719865,17.39472198486328,800,0.0,0.0,0.0
2020-04-03 00:00:00-04:00,17.08023993352528,17.16868782043457,16.99179392106788,17.16868782043457,1200,0.0,0.0,0.0
2020-04-06 00:00:00-04:00,17.512652707595002,17.68954849243164,17.345584674632846,17.68954849243164,7300,0.0,0.0,0.0
2020-04-07 00:00:00-04:00,17.96471810052922,18.07281961128655,17.96471810052922,18.01385498046875,1800,0.0,0.0,0.0
2020-04-08 00:00:00-04:00,17.601099045356467,18.062992095947266,17.601099045356467,18.062992095947266,1300,0.0,0.0,0.0
2020-04-09 00:00:00-04:00,18.230059951361866,18.40695571899414,18.230059951361866,18.40695571899414,1000,0.0,0.0,0.0
2020-04-13 00:00:00-04:00,18.347991051944803,18.347991051944803,17.787822371842577,17.9450626373291,2100,0.0,0.0,0.0
2020-04-14 00:00:00-04:00,18.12195790144856,18.652643314117867,18.12195790144856,18.446266174316406,500,0.0,0.0,0.0
2020-04-15 00:00:00-04:00,17.93523461751007,18.151439510699326,17.70920197356878,17.895923614501953,1600,0.0,0.0,0.0
2020-04-16 00:00:00-04:00,17.984372309239223,17.984372309239223,17.974546432495117,17.974546432495117,400,0.0,0.0,0.0
2020-04-17 00:00:00-04:00,18.465923266604804,18.53471565246582,18.318508868957565,18.53471565246582,35800,0.0,0.0,0.0
2020-04-20 00:00:00-04:00,18.406956535144605,18.544543179654543,18.406956535144605,18.416784286499023,2300,0.0,0.0,0.0
2020-04-21 00:00:00-04:00,18.12195974093665,18.12195974093665,17.984373092651367,17.984373092651367,600,0.0,0.0,0.0
2020-04-22 00:00:00-04:00,18.397128783790187,18.47574892017362,18.279199516440993,18.416784286499023,4800,0.0,0.0,0.0
2020-04-23 00:00:00-04:00,18.446266524481533,18.593679037774013,18.289026260375977,18.289026260375977,2300,0.0,0.0,0.0
2020-04-24 00:00:00-04:00,18.180924139297552,18.465923309326172,18.151440884809507,18.465923309326172,1400,0.0,0.0,0.0
2020-04-27 00:00:00-04:00,18.446267136663785,18.711610794067383,18.446267136663785,18.711610794067383,5400,0.0,0.0,0.0
2020-04-28 00:00:00-04:00,19.09488496218012,19.09488496218012,18.888505923693792,18.957300186157227,15300,0.0,0.0,0.0
2020-04-29 00:00:00-04:00,19.44867625814625,19.44867625814625,19.22264171924067,19.370054244995117,1900,0.0,0.0,0.0
2020-04-30 00:00:00-04:00,19.360227944861723,19.360227944861723,19.15384891375246,19.202987670898438,500,0.0,0.0,0.0
2020-05-01 00:00:00-04:00,18.721437443896303,18.86885184262067,18.721437443896303,18.790231704711914,1600,0.0,0.0,0.0
2020-05-04 00:00:00-04:00,18.65264479368206,18.760748184696904,18.6133356625097,18.741092681884766,2400,0.0,0.0,0.0
2020-05-05 00:00:00-04:00,18.878676899484276,18.937643406192862,18.672299749359826,18.78040313720703,3300,0.0,0.0,0.0
2020-05-06 00:00:00-04:00,18.790230150876035,18.790230150876035,18.56419563293457,18.56419563293457,2100,0.0,0.0,0.0
2020-05-07 00:00:00-04:00,18.750921479548012,18.92781726582379,18.603508949135538,18.800058364868164,3100,0.0,0.0,0.0
2020-05-08 00:00:00-04:00,19.0359177929553,19.065399169921875,18.917986661733778,19.065399169921875,1300,0.0,0.0,0.0
2020-05-11 00:00:00-04:00,19.055573865499316,19.124366253187446,19.035920236482696,19.094884872436523,4200,0.0,0.0,0.0
2020-05-12 00:00:00-04:00,19.14402180148066,19.232469692844486,19.026092529296875,19.026092529296875,1600,0.0,0.0,0.0
2020-05-13 00:00:00-04:00,18.809884564109357,18.809884564109357,18.6428165435791,18.6428165435791,2300,0.0,0.0,0.0
2020-05-14 00:00:00-04:00,18.416783425439796,18.54454231262207,18.259543160024553,18.54454231262207,11400,0.0,0.0,0.0
2020-05-15 00:00:00-04:00,18.564195901389162,18.61333465576172,18.564195901389162,18.61333465576172,500,0.0,0.0,0.0
2020-05-18 00:00:00-04:00,19.01626450452399,19.517468590239265,18.976953498059125,19.507640838623047,3800,0.0,0.0,0.0
2020-05-19 00:00:00-04:00,19.478156768708217,19.615741536674076,19.478156768708217,19.497812271118164,2600,0.0,0.0,0.0
2020-05-20 00:00:00-04:00,19.871256181029576,19.969531812378047,19.753326922972814,19.85160255432129,1900,0.0,0.0,0.0
2020-05-21 00:00:00-04:00,19.792637227119116,19.792637227119116,19.59608782719298,19.63539695739746,2300,0.0,0.0,0.0
2020-05-22 00:00:00-04:00,19.586259261323193,19.694362645179638,19.419191247386774,19.625568389892578,1600,0.0,0.0,0.0
2020-05-26 00:00:00-04:00,20.303669611247145,20.303669611247145,20.10711833134824,20.126773834228516,2600,0.0,0.0,0.0
2020-05-27 00:00:00-04:00,20.19556616795229,20.264360427856445,20.1071182796703,20.264360427856445,4200,0.0,0.0,0.0
2020-05-28 00:00:00-04:00,20.66728951415871,20.932631312905027,20.53953061619569,20.549358367919922,7100,0.0,0.0,0.0
2020-05-29 00:00:00-04:00,19.979361177308377,20.657461026506983,19.979361177308377,20.401945114135742,2500,0.0,0.0,0.0
2020-06-01 00:00:00-04:00,20.903149067439738,21.139009475708008,20.903149067439738,21.139009475708008,6600,0.0,0.0,0.0
2020-06-02 00:00:00-04:00,21.188146548933997,21.256938934326172,21.148837417760717,21.256938934326172,1200,0.0,0.0,0.0
2020-06-03 00:00:00-04:00,21.610729179439524,21.728660314726962,21.610729179439524,21.679521560668945,2900,0.0,0.0,0.0
2020-06-04 00:00:00-04:00,21.68935148366133,21.76797162357613,21.68935148366133,21.728662490844727,1700,0.0,0.0,0.0
2020-06-05 00:00:00-04:00,22.102106174907316,22.16107080719688,21.964521408081055,21.964521408081055,43400,0.0,0.0,0.0
2020-06-08 00:00:00-04:00,22.013658169283477,22.1708984375,22.013658169283477,22.1708984375,1400,0.0,0.0,0.0
2020-06-09 00:00:00-04:00,21.866245033805605,21.964520667274865,21.74831389875213,21.817108154296875,3200,0.0,0.0,0.0
2020-06-10 00:00:00-04:00,21.82693526296323,22.072623423281783,21.77779838068028,22.06279754638672,6700,0.0,0.0,0.0
2020-06-11 00:00:00-04:00,21.374870205742454,21.374870205742454,20.460909938412193,20.519874572753906,7000,0.0,0.0,0.0
2020-06-12 00:00:00-04:00,20.79504418218764,20.952284443060563,20.647631671925744,20.844181060791016,7600,0.0,0.0,0.0
2020-06-15 00:00:00-04:00,20.598494481614534,21.119354056804447,20.510048468308685,21.00142478942871,3200,0.0,0.0,0.0
2020-06-16 00:00:00-04:00,21.4043522717584,21.4043522717584,21.158664122114736,21.197973251342773,1400,0.0,0.0,0.0
2020-06-17 00:00:00-04:00,21.433832748179466,21.512452877779207,21.30607574049929,21.39452362060547,6500,0.0,0.0,0.0
2020-06-18 00:00:00-04:00,21.286420005036863,21.286420005036863,21.08986874597646,21.276592254638672,3800,0.0,0.0,0.0
2020-06-19 00:00:00-04:00,21.414180618914024,21.482973002817342,21.07021682494554,21.08987045288086,4900,0.0,0.0,0.0
2020-06-22 00:00:00-04:00,21.45348906806633,21.5517647024301,21.374868935465678,21.40435218811035,3100,0.0,0.0,0.0
2020-06-23 00:00:00-04:00,21.738488648997247,21.85641791299809,21.561592878544133,21.640213012695312,2700,0.0,0.0,0.0
2020-06-24 00:00:00-04:00,21.315903602955746,21.335557229620093,21.119352340698242,21.119352340698242,5800,0.0,0.0,0.0
2020-06-25 00:00:00-04:00,20.952286315674943,21.591075166869533,20.952286315674943,21.443662643432617,2700,0.0,0.0,0.0
2020-06-26 00:00:00-04:00,21.3257327326235,21.335558609365222,21.08987045288086,21.08987045288086,3100,0.0,0.0,0.0
2020-06-29 00:00:00-04:00,21.42503917163949,21.42503917163949,21.237186431884766,21.237186431884766,200,0.129,0.0,0.0
2020-06-30 00:00:00-04:00,21.05922050477444,21.266847610473633,21.05922050477444,21.266847610473633,35900,0.0,0.0,0.0
2020-07-01 00:00:00-04:00,21.286622214323792,21.494247436523438,21.217411921136243,21.494247436523438,1300,0.0,0.0,0.0
2020-07-02 00:00:00-04:00,21.6919883683465,21.6919883683465,21.66232681274414,21.66232681274414,400,0.0,0.0,0.0
2020-07-06 00:00:00-04:00,21.998482509510705,22.087465286254883,21.82051695602234,22.087465286254883,3700,0.0,0.0,0.0
2020-07-07 00:00:00-04:00,21.81062889099121,21.81062889099121,21.81062889099121,21.81062889099121,100,0.0,0.0,0.0
2020-07-08 00:00:00-04:00,21.96882095533342,22.087465286254883,21.929274102218045,22.087465286254883,3100,0.0,0.0,0.0
2020-07-09 00:00:00-04:00,22.097352348602584,22.097352348602584,21.830404019848437,21.899612426757812,2300,0.0,0.0,0.0
2020-07-10 00:00:00-04:00,21.899614198755984,22.0973541366008,21.899614198755984,22.008371353149414,1400,0.0,0.0,0.0
2020-07-13 00:00:00-04:00,22.344525536074798,22.571925118288917,22.10723876953125,22.10723876953125,16900,0.0,0.0,0.0
2020-07-14 00:00:00-04:00,22.423620729997594,22.581811904907227,22.423620729997594,22.581811904907227,300,0.0,0.0,0.0
2020-07-15 00:00:00-04:00,22.809213374409126,22.927857708322872,22.809213374409126,22.878421783447266,5500,0.0,0.0,0.0
2020-07-16 00:00:00-04:00,23.11570908089472,23.11570908089472,22.878422293564192,22.888309478759766,2300,0.0,0.0,0.0
2020-07-17 00:00:00-04:00,23.05638529374865,23.135480880737305,22.95751533856595,23.135480880737305,1500,0.0,0.0,0.0
2020-07-20 00:00:00-04:00,23.37276878726326,23.491413116455078,23.343109119306035,23.491413116455078,2900,0.0,0.0,0.0
2020-07-21 00:00:00-04:00,23.718813716910006,23.797909311151543,23.65949249267578,23.65949249267578,4400,0.0,0.0,0.0
2020-07-22 00:00:00-04:00,23.679265828929566,23.827569825934553,23.65949145978553,23.788021087646484,9300,0.0,0.0,0.0
2020-07-23 00:00:00-04:00,23.906665428261174,23.91655261283796,23.550734326647316,23.63971710205078,5300,0.0,0.0,0.0
2020-07-24 00:00:00-04:00,23.619944283073906,23.66938020920233,23.4419787205871,23.521076202392578,4200,0.0,0.0,0.0
2020-07-27 00:00:00-04:00,23.837457522095832,23.837457522095832,23.54084763593251,23.797908782958984,3800,0.0,0.0,0.0
2020-07-28 00:00:00-04:00,23.619942732897204,23.807795468280922,23.372768775840388,23.63971710205078,6600,0.0,0.0,0.0
2020-07-29 00:00:00-04:00,23.75836345674611,23.857231539367902,23.728701900486897,23.827571868896484,1600,0.0,0.0,0.0
2020-07-30 00:00:00-04:00,23.362881591263598,23.63971710205078,23.25412633249419,23.63971710205078,7100,0.0,0.0,0.0
2020-07-31 00:00:00-04:00,23.372768157941348,23.560620888358855,23.145368576049805,23.145368576049805,2900,0.0,0.0,0.0
2020-08-03 00:00:00-04:00,23.61005707668734,23.817684194665112,23.61005707668734,23.66938018798828,6300,0.0,0.0,0.0
2020-08-04 00:00:00-04:00,23.491413986030864,23.619943618774414,23.491413986030864,23.619943618774414,1600,0.0,0.0,0.0
2020-08-05 00:00:00-04:00,23.86711719066079,23.995648707067865,23.797908782958984,23.797908782958984,1700,0.0,0.0,0.0
2020-08-06 00:00:00-04:00,23.728701657805146,23.748476028442383,23.70892728716791,23.748476028442383,1200,0.0,0.0,0.0
2020-08-07 00:00:00-04:00,23.67926659913701,23.728700637817383,23.61005630488171,23.728700637817383,2100,0.0,0.0,0.0
2020-08-10 00:00:00-04:00,23.778135698610463,23.837458810522175,23.619944505088117,23.748476028442383,13700,0.0,0.0,0.0
2020-08-11 00:00:00-04:00,24.213160971633314,24.321918117828204,23.877004234110625,24.054969787597656,11500,0.0,0.0,0.0
2020-08-12 00:00:00-04:00,24.223048508769335,24.47022247314453,24.223048508769335,24.47022247314453,2700,0.0,0.0,0.0
2020-08-13 00:00:00-04:00,24.519657644995753,24.608640427146597,24.420789563306172,24.529544830322266,6800,0.0,0.0,0.0
2020-08-14 00:00:00-04:00,24.302143998543304,24.341692737853165,23.985761627215144,24.134065628051758,6800,0.0,0.0,0.0
2020-08-17 00:00:00-04:00,24.410901115400588,24.598751969525,24.410901115400588,24.430673599243164,900,0.0,0.0,0.0
2020-08-18 00:00:00-04:00,24.499884670301213,24.499884670301213,24.371353149414062,24.371353149414062,1600,0.0,0.0,0.0
2020-08-19 00:00:00-04:00,24.539430496790192,24.62841327343348,24.341692459862173,24.351577758789062,4200,0.0,0.0,0.0
2020-08-20 00:00:00-04:00,24.064856958687507,24.22304814263353,24.064856958687507,24.20327377319336,4000,0.0,0.0,0.0
2020-08-21 00:00:00-04:00,23.936325964536824,24.064857482910156,23.83745788675759,24.064857482910156,3800,0.0,0.0,0.0
2020-08-24 00:00:00-04:00,24.489997752193105,24.519657422115266,24.30214500427246,24.30214500427246,1400,0.0,0.0,0.0
2020-08-25 00:00:00-04:00,24.39112599709207,24.63829995252033,24.39112599709207,24.4899959564209,4100,0.0,0.0,0.0
2020-08-26 00:00:00-04:00,24.47022233004178,24.727283477783203,24.47022233004178,24.727283477783203,3400,0.0,0.0,0.0
2020-08-27 00:00:00-04:00,24.796491764774174,24.796491764774174,24.539430618286133,24.539430618286133,1400,0.0,0.0,0.0
2020-08-28 00:00:00-04:00,24.480108874867657,24.677846908569336,24.440560136654742,24.677846908569336,500,0.0,0.0,0.0
2020-08-31 00:00:00-04:00,24.71739642158411,24.885474792682388,24.529543680759517,24.618526458740234,8900,0.0,0.0,0.0
2020-09-01 00:00:00-04:00,24.697622695609937,24.796492661030893,24.43067435470968,24.519657135009766,22000,0.0,0.0,0.0
2020-09-02 00:00:00-04:00,24.519655987292758,24.608638763427734,24.43067321115778,24.608638763427734,5400,0.0,0.0,0.0
2020-09-03 00:00:00-04:00,24.54931759319648,24.54931759319648,24.015422821044922,24.015422821044922,4000,0.0,0.0,0.0
2020-09-04 00:00:00-04:00,24.015422934482572,24.134065379615485,24.015422934482572,24.054969787597656,1100,0.0,0.0,0.0
2020-09-08 00:00:00-04:00,23.75836294812331,23.87700539904466,23.580397385953525,23.817684173583984,6700,0.0,0.0,0.0
2020-09-09 00:00:00-04:00,24.351577518959072,24.61852584625986,24.292256297043668,24.420787811279297,5800,0.0,0.0,0.0
2020-09-10 00:00:00-04:00,24.638300876705134,24.638300876705134,24.143952947305582,24.173614501953125,4500,0.0,0.0,0.0
2020-09-11 00:00:00-04:00,24.341692609058565,24.341692609058565,24.143952685130888,24.242822647094727,7700,0.0,0.0,0.0
2020-09-14 00:00:00-04:00,24.28236835397094,24.39112549557521,24.213159949600076,24.331804275512695,7400,0.0,0.0,0.0
2020-09-15 00:00:00-04:00,24.529542296847513,24.598750701197304,24.420787041063946,24.4801082611084,8600,0.0,0.0,0.0
2020-09-16 00:00:00-04:00,24.598751826849462,24.776717380914207,24.578979343121567,24.687734603881836,3900,0.0,0.0,0.0
2020-09-17 00:00:00-04:00,24.549317415718395,24.875586964615504,24.549317415718395,24.717395782470703,4000,0.0,0.0,0.0
2020-09-18 00:00:00-04:00,24.69762178863962,24.836040489460903,24.61852619636503,24.687734603881836,7400,0.0,0.0,0.0
2020-09-21 00:00:00-04:00,24.104403439311092,24.104403439311092,23.728699854691698,23.936325073242188,7900,0.0,0.0,0.0
2020-09-22 00:00:00-04:00,23.93632622750404,24.648188464376425,23.817683778550457,23.995649337768555,16300,0.0,0.0,0.0
2020-09-23 00:00:00-04:00,24.054970562245344,24.756945614073647,23.7880222234182,23.995649337768555,9400,0.0,0.0,0.0
2020-09-24 00:00:00-04:00,23.59028434550452,24.213161921352764,23.402431599923606,23.441978454589844,5000,0.0,0.0,0.0
2020-09-25 00:00:00-04:00,23.36288336654807,23.60017204284668,23.234353728858455,23.60017204284668,5600,0.0,0.0,0.0
2020-09-28 00:00:00-04:00,23.886891664728175,24.134065628051758,23.886891664728175,24.134065628051758,2800,0.0,0.0,0.0
2020-09-29 00:00:00-04:00,24.312030406786533,24.57897873123808,24.20327326294606,24.4899959564209,6400,0.0,0.0,0.0
2020-09-30 00:00:00-04:00,24.242822250282657,24.529543060918236,24.084631068044896,24.27248191833496,110800,0.0,0.0,0.0
2020-10-01 00:00:00-04:00,24.312030666278016,24.460334663960353,24.242822259745438,24.420787811279297,1200,0.0,0.0,0.0
2020-10-02 00:00:00-04:00,24.262597264080622,24.578979636961307,24.1538401162325,24.321918487548828,5600,0.0,0.0,0.0
2020-10-05 00:00:00-04:00,24.4108999766296,24.905247879598598,24.40101279227571,24.816265106201172,28700,0.0,0.0,0.0
2020-10-06 00:00:00-04:00,24.76682932580055,24.76682932580055,24.410900115966797,24.410900115966797,2000,0.0,0.0,0.0
2020-10-07 00:00:00-04:00,24.499883512533206,24.75694465637207,24.499883512533206,24.75694465637207,300,0.0,0.0,0.0
2020-10-08 00:00:00-04:00,24.786603803451758,24.96456935204383,24.72728258251694,24.895360946655273,7200,0.0,0.0,0.0
2020-10-09 00:00:00-04:00,25.033777738283092,25.21174328673903,25.01400336939074,25.19196891784668,3500,0.0,0.0,0.0
2020-10-12 00:00:00-04:00,25.42925732856799,25.587448518342306,25.33038924929984,25.557788848876953,1300,0.0,0.0,0.0
2020-10-13 00:00:00-04:00,25.23151854333449,25.340273804493464,25.172195434570312,25.172195434570312,3300,0.0,0.0,0.0
2020-10-14 00:00:00-04:00,25.30072837729865,25.30072837729865,25.142537183252344,25.162311553955078,8200,0.0,0.0,0.0
2020-10-15 00:00:00-04:00,24.6383013203761,24.816266879890662,24.6383013203761,24.776718139648438,2400,0.0,0.0,0.0
2020-10-16 00:00:00-04:00,24.321916949561857,25.07332598053227,24.321916949561857,24.885473251342773,5900,0.0,0.0,0.0
2020-10-19 00:00:00-04:00,25.152422866018355,25.36004808863035,24.816266127304743,24.836040496826172,5600,0.0,0.0,0.0
2020-10-20 00:00:00-04:00,25.2414066191677,25.53801463030835,24.97445827766847,25.30072784423828,36400,0.0,0.0,0.0
2020-10-21 00:00:00-04:00,24.90525015047908,25.330389687522995,24.90525015047908,25.083215713500977,59800,0.0,0.0,0.0
2020-10-22 00:00:00-04:00,25.004118089858785,25.014003388524912,24.786603803451758,24.895360946655273,18800,0.0,0.0,0.0
2020-10-23 00:00:00-04:00,25.01400541671309,25.083215713500977,25.01400541671309,25.083215713500977,1800,0.0,0.0,0.0
2020-10-26 00:00:00-04:00,24.667960736781023,24.717394772010014,24.28236809600212,24.401012420654297,8700,0.0,0.0,0.0
2020-10-27 00:00:00-04:00,24.43067414627227,24.43067414627227,24.06485772885987,24.143953323364258,2100,0.0,0.0,0.0
2020-10-28 00:00:00-04:00,23.461752465476458,23.55073524434731,23.086048865856643,23.323335647583008,82300,0.0,0.0,0.0
2020-10-29 00:00:00-04:00,22.888309699844047,23.40243202025345,22.888309699844047,23.264015197753906,3500,0.0,0.0,0.0
2020-10-30 00:00:00-04:00,23.184918599520675,23.244239822916423,23.03661271234976,23.095935821533203,5400,0.0,0.0,0.0
2020-11-02 00:00:00-05:00,23.372768150355483,23.471638107689852,23.175030121474332,23.293672561645508,6200,0.0,0.0,0.0
2020-11-03 00:00:00-05:00,23.550733822552722,24.163726052679312,23.550733822552722,23.92643928527832,4400,0.0,0.0,0.0
2020-11-04 00:00:00-05:00,24.17361433720053,24.60863915434013,24.17361433720053,24.430673599243164,29000,0.0,0.0,0.0
2020-11-05 00:00:00-05:00,25.14253602901859,25.488579957279253,24.85581332435505,25.10298728942871,4900,0.0,0.0,0.0
2020-11-06 00:00:00-05:00,25.419369781617284,25.45891852139172,25.211744555164618,25.29084014892578,2000,0.0,0.0,0.0
2020-11-09 00:00:00-05:00,25.82473770465036,26.062024494051727,25.409485351751027,25.419370651245117,5000,0.0,0.0,0.0
2020-11-10 00:00:00-05:00,25.70609181321609,25.88405736595669,25.62699622153001,25.686317443847656,2200,0.0,0.0,0.0
2020-11-11 00:00:00-05:00,25.804961909850675,25.844508763007667,25.350160840925422,25.725866317749023,14500,0.0,0.0,0.0
2020-11-12 00:00:00-05:00,26.07190985009915,26.07190985009915,25.48857915991084,25.607221603393555,3000,0.0,0.0,0.0
2020-11-13 00:00:00-05:00,25.636885199267823,25.80496357907967,25.547902416674034,25.646772384643555,3100,0.0,0.0,0.0
2020-11-16 00:00:00-05:00,25.854397085337414,26.210328208349654,25.696205894173698,25.785188674926758,2700,0.0,0.0,0.0
2020-11-17 00:00:00-05:00,25.903832879090505,25.903832879090505,25.88405850884895,25.893945693969727,2000,0.0,0.0,0.0
2020-11-18 00:00:00-05:00,25.9829271870101,26.121344000268014,25.824736004490305,25.943378448486328,1600,0.0,0.0,0.0
2020-11-19 00:00:00-05:00,26.24987515612441,26.24987515612441,26.12134552001953,26.12134552001953,400,0.0,0.0,0.0
2020-11-20 00:00:00-05:00,26.269649771775256,26.269649771775256,26.200441360473633,26.200441360473633,1000,0.0,0.0,0.0
2020-11-23 00:00:00-05:00,26.19055368468979,26.19055368468979,25.933492529106626,26.04224967956543,8600,0.0,0.0,0.0
2020-11-24 00:00:00-05:00,26.03236183977318,26.408065435692293,25.92360469204947,26.2894229888916,8300,0.0,0.0,0.0
2020-11-25 00:00:00-05:00,26.31908416748047,26.536596574032725,26.31908416748047,26.31908416748047,2400,0.0,0.0,0.0
2020-11-27 00:00:00-05:00,26.477275324261605,26.694787730590264,26.477275324261605,26.615692138671875,1200,0.0,0.0,0.0
2020-11-30 00:00:00-05:00,26.61569087725007,26.645352429984065,26.190551383667373,26.220212936401367,2600,0.0,0.0,0.0
2020-12-01 00:00:00-05:00,26.417952328459165,26.69478784424602,26.22021429071513,26.65523910522461,5100,0.0,0.0,0.0
2020-12-02 00:00:00-05:00,26.408065157810242,26.556371043432076,26.408065157810242,26.506935119628906,1300,0.0,0.0,0.0
2020-12-03 00:00:00-05:00,26.546485280296093,26.566259650876322,26.348745346069336,26.348745346069336,3500,0.0,0.0,0.0
2020-12-04 00:00:00-05:00,26.516821793456657,26.694787344143634,26.467387756393666,26.497047424316406,1500,0.0,0.0,0.0
2020-12-07 00:00:00-05:00,26.694788886079248,26.694788886079248,26.467389285194297,26.526710510253906,800,0.0,0.0,0.0
2020-12-08 00:00:00-05:00,26.54648310784466,26.665125550041303,26.3487431898001,26.56625747680664,3200,0.0,0.0,0.0
2020-12-09 00:00:00-05:00,26.813431169290702,26.862865205424672,26.635465621948242,26.635465621948242,4500,0.0,0.0,0.0
2020-12-10 00:00:00-05:00,26.447612632960947,26.94196053264246,26.437725448672808,26.704673767089844,2500,0.0,0.0,0.0
2020-12-11 00:00:00-05:00,26.447614539620304,26.70467569228123,26.447614539620304,26.556371688842773,3300,0.0,0.0,0.0
2020-12-14 00:00:00-05:00,26.73433634238111,26.882640340799778,26.605804827507317,26.724449157714844,6100,0.0,0.0,0.0
2020-12-15 00:00:00-05:00,26.635465355767135,26.932073341182022,26.605803802910614,26.852977752685547,8300,0.0,0.0,0.0
2020-12-16 00:00:00-05:00,26.961736791492296,27.139702349580727,26.81343278834784,27.001283645629883,3100,0.0,0.0,0.0
2020-12-17 00:00:00-05:00,27.13970184326172,27.38687580582043,27.13970184326172,27.13970184326172,3300,0.0,0.0,0.0
2020-12-18 00:00:00-05:00,27.199024311781415,27.357215504200035,27.199024311781415,27.238571166992188,4300,0.0,0.0,0.0
2020-12-21 00:00:00-05:00,26.744223130485505,27.090267069923286,26.70467627540597,27.05072021484375,4300,0.0,0.0,0.0
2020-12-22 00:00:00-05:00,26.922189202615964,26.93207638802001,26.84309360517137,26.912302017211914,3000,0.0,0.0,0.0
2020-12-23 00:00:00-05:00,26.81343342652511,27.04083302914471,26.6947890897131,26.902414321899414,9900,0.0,0.0,0.0
2020-12-24 00:00:00-05:00,26.694788098060585,26.882640838623047,26.694788098060585,26.882640838623047,400,0.0,0.0,0.0
2020-12-28 00:00:00-05:00,27.367100909215523,27.535179275950252,27.278118133544922,27.278118133544922,5000,0.0,0.0,0.0
2020-12-29 00:00:00-05:00,27.63405127955346,27.63405127955346,27.406649788365307,27.465972900390625,5500,0.0,0.0,0.0
2020-12-30 00:00:00-05:00,27.589164238896036,27.63883788456921,27.310986896313135,27.430206298828125,25500,0.134,0.0,0.0
2020-12-31 00:00:00-05:00,27.340791779007155,27.340791779007155,27.06261444091797,27.06261444091797,1600,0.0,0.0,0.0
2021-01-04 00:00:00-05:00,27.8176668128418,27.917016001873296,27.519621140675476,27.59910011291504,10200,0.0,0.0,0.0
2021-01-05 00:00:00-05:00,27.579228218992206,27.80773001341942,27.579228218992206,27.74812126159668,4400,0.0,0.0,0.0
2021-01-06 00:00:00-05:00,27.75805711363082,28.19519049862197,27.75805711363082,27.98655891418457,3700,0.0,0.0,0.0
2021-01-07 00:00:00-05:00,28.145516212692502,28.393888223709887,28.145516212692502,28.314409255981445,8300,0.0,0.0,0.0
2021-01-08 00:00:00-05:00,28.374019648218145,28.433630298656343,27.986559895010735,28.304475784301758,6900,0.0,0.0,0.0
2021-01-11 00:00:00-05:00,27.718316165762666,28.026296930124452,27.69844595001595,27.897144317626953,8800,0.0,0.0,0.0
2021-01-12 00:00:00-05:00,27.718317008062613,27.837536411237647,27.609034607990967,27.787860870361328,3400,0.0,0.0,0.0
2021-01-13 00:00:00-05:00,27.65870772673662,27.867339309656042,27.509684896804444,27.76799201965332,8000,0.0,0.0,0.0
2021-01-14 00:00:00-05:00,27.7878600044023,28.135581199987904,27.7878600044023,27.96668815612793,4000,0.0,0.0,0.0
2021-01-15 00:00:00-05:00,27.62890191410858,27.91701435581931,27.420270334879206,27.539487838745117,6600,0.0,0.0,0.0
2021-01-19 00:00:00-05:00,27.56929385038167,27.996494022242747,27.56929385038167,27.98655891418457,3800,0.0,0.0,0.0
2021-01-20 00:00:00-05:00,28.0163636432812,28.234930331134336,27.986558319739743,28.175321578979492,2900,0.0,0.0,0.0
2021-01-21 00:00:00-05:00,28.36408448912299,28.552847758650266,28.26473719509322,28.44356346130371,10600,0.0,0.0,0.0
2021-01-22 00:00:00-05:00,28.254800525320057,28.44356188948805,28.03623194270524,28.24486541748047,5400,0.0,0.0,0.0
2021-01-25 00:00:00-05:00,28.15545240929012,28.284605026245117,28.066038330271994,28.284605026245117,5800,0.0,0.0,0.0
2021-01-26 00:00:00-05:00,28.364084293396907,28.433630051637287,28.1951912418123,28.22499656677246,4900,0.0,0.0,0.0
2021-01-27 00:00:00-05:00,27.539488667251277,28.55284695523799,27.40040094358067,28.413759231567383,8700,0.0,0.0,0.0
2021-01-28 00:00:00-05:00,27.82760107828004,28.046167771585942,27.51962030704715,27.638837814331055,13900,0.0,0.0,0.0
2021-01-29 00:00:00-05:00,27.579229237338204,27.579229237338204,27.032809658181375,27.08248519897461,3800,0.0,0.0,0.0
2021-02-01 00:00:00-05:00,27.539488651519925,27.827601101733734,27.400400927928768,27.569293975830078,2900,0.0,0.0,0.0
2021-02-02 00:00:00-05:00,27.589164660460657,27.807731357661716,27.529554010828246,27.79779624938965,12300,0.0,0.0,0.0
2021-02-03 00:00:00-05:00,27.917015629207338,27.917015629207338,27.688513823934898,27.867340087890625,1900,0.0,0.0,0.0
2021-02-04 00:00:00-05:00,27.797795230688656,27.797795230688656,27.519619788977582,27.549423217773438,2000,0.0,0.0,0.0
2021-02-05 00:00:00-05:00,27.678578788967,27.80773140687617,27.599099817577937,27.658708572387695,3600,0.0,0.0,0.0
2021-02-08 00:00:00-05:00,27.72825164304275,27.807730612160384,27.559358596801758,27.559358596801758,7300,0.0,0.0,0.0
2021-02-09 00:00:00-05:00,27.71831703186035,27.728252140044145,27.54942398259212,27.71831703186035,2500,0.0,0.0,0.0
2021-02-10 00:00:00-05:00,27.847471615772704,27.847471615772704,27.509685516357422,27.509685516357422,10200,0.0,0.0,0.0
2021-02-11 00:00:00-05:00,27.956754658811388,28.523042575280215,27.748123066397895,28.02629852294922,6300,0.0,0.0,0.0
2021-02-12 00:00:00-05:00,28.185257627622505,28.831024499817886,28.185257627622505,28.632326126098633,3600,0.0,0.0,0.0
2021-02-16 00:00:00-05:00,28.54291209514549,29.506596745888718,28.43362969485248,28.49323844909668,15800,0.0,0.0,0.0
2021-02-17 00:00:00-05:00,28.185257627622505,29.019785870430237,28.17532251944373,28.632326126098633,5500,0.0,0.0,0.0
2021-02-18 00:00:00-05:00,28.095843998108116,28.642261692179417,28.016365026335414,28.085908889770508,7500,0.0,0.0,0.0
2021-02-19 00:00:00-05:00,28.314409831166035,29.139004848697606,28.115711460344507,28.1951904296875,6100,0.0,0.0,0.0
2021-02-22 00:00:00-05:00,27.956753069939023,29.188678022314246,27.897144317626953,27.897144317626953,5400,0.0,0.0,0.0
2021-02-23 00:00:00-05:00,27.648772057621372,28.095842433272733,27.45007369179231,27.817665100097656,4600,0.0,0.0,0.0
2021-02-24 00:00:00-05:00,27.638837176273633,27.96668815612793,27.638837176273633,27.96668815612793,2600,0.0,0.0,0.0
2021-02-25 00:00:00-05:00,29.20854799828617,29.456920008296983,27.74812126159668,27.74812126159668,7000,0.0,0.0,0.0
2021-02-26 00:00:00-05:00,27.64877219419664,28.066037248556366,27.320921215408852,27.330856323242188,3800,0.0,0.0,0.0
2021-03-01 00:00:00-05:00,27.638838282618185,27.867340087890625,27.539489094912906,27.867340087890625,3000,0.0,0.0,0.0
2021-03-02 00:00:00-05:00,28.284604849976137,28.284604849976137,27.638837979369292,27.99649429321289,1500,0.0,0.0,0.0
2021-03-03 00:00:00-05:00,27.61896755193499,27.777925491333008,27.420271075151522,27.777925491333008,2000,0.0,0.0,0.0
2021-03-04 00:00:00-05:00,27.340792374376473,27.37059580397668,26.824178118787444,26.943397521972656,11000,0.0,0.0,0.0
2021-03-05 00:00:00-05:00,27.092420861352956,27.092420861352956,26.744699648399607,27.03281021118164,2600,0.0,0.0,0.0
2021-03-08 00:00:00-05:00,27.012942146423537,27.320922928859883,27.012942146423537,27.11229133605957,1800,0.0,0.0,0.0
2021-03-09 00:00:00-05:00,27.678579009479854,27.80773162841797,27.678579009479854,27.80773162841797,1500,0.0,0.0,0.0
2021-03-10 00:00:00-05:00,28.115711212158203,28.145516535996762,27.92694984596492,28.115711212158203,1200,0.0,0.0,0.0
2021-03-11 00:00:00-05:00,28.37401875275478,28.602522449033444,28.36408364466196,28.552846908569336,3500,0.0,0.0,0.0
2021-03-12 00:00:00-05:00,28.26473583856021,28.46343231201172,28.22499540691306,28.46343231201172,3400,0.0,0.0,0.0
2021-03-15 00:00:00-04:00,28.473367148617644,28.473367148617644,28.215060030156664,28.4534969329834,1900,0.0,0.0,0.0
2021-03-16 00:00:00-04:00,28.403824909856098,28.602523287682292,28.403824909856098,28.51310920715332,2600,0.0,0.0,0.0
2021-03-17 00:00:00-04:00,28.374019352077088,28.473368540175663,28.14551754590007,28.364084243774414,3300,0.0,0.0,0.0
2021-03-18 00:00:00-04:00,28.264735981268526,28.294539410226285,27.97662353515625,27.97662353515625,16600,0.0,0.0,0.0
2021-03-19 00:00:00-04:00,27.85740738983348,28.09584430777963,27.85740738983348,27.956754684448242,1200,0.0,0.0,0.0
2021-03-22 00:00:00-04:00,28.135581147590884,28.274668867594876,28.046167071894587,28.175321578979492,4400,0.0,0.0,0.0
2021-03-23 00:00:00-04:00,27.956753717221503,27.99649414963504,27.569293975830078,27.569293975830078,8700,0.0,0.0,0.0
2021-03-24 00:00:00-04:00,27.767991498362047,27.81766514243088,27.58916334782936,27.678577423095703,1900,0.0,0.0,0.0
2021-03-25 00:00:00-04:00,27.469945280371334,27.728252410888672,27.460010172090495,27.728252410888672,2200,0.0,0.0,0.0
2021-03-26 00:00:00-04:00,27.926950921493347,28.155452728271484,27.926950921493347,28.155452728271484,1500,0.0,0.0,0.0
2021-03-29 00:00:00-04:00,28.04616789190427,28.175322402765374,28.026297675629003,28.135581970214844,2400,0.0,0.0,0.0
2021-03-30 00:00:00-04:00,27.956753837036388,28.07597323985983,27.857406545432998,28.066038131713867,12200,0.0,0.0,0.0
2021-03-31 00:00:00-04:00,28.224996837385472,28.274670484533843,28.215061728970163,28.23493194580078,800,0.0,0.0,0.0
2021-04-01 00:00:00-04:00,28.632325652083612,28.632325652083612,28.254801022180796,28.403823852539062,4100,0.0,0.0,0.0
2021-04-05 00:00:00-04:00,28.6223914842671,28.91050394136145,28.6223914842671,28.860828399658203,3800,0.0,0.0,0.0
2021-04-06 00:00:00-04:00,28.59258734094062,28.632325878383792,28.552846908569336,28.552846908569336,2300,0.0,0.0,0.0
2021-04-07 00:00:00-04:00,28.59258815402964,28.59258815402964,28.463433640078307,28.582653045654297,1700,0.0,0.0,0.0
2021-04-08 00:00:00-04:00,28.870762638576185,29.039655685424805,28.801218777214064,29.039655685424805,1800,0.0,0.0,0.0
2021-04-09 00:00:00-04:00,29.059525285563854,29.337702620044208,29.059525285563854,29.297962188720703,3400,0.0,0.0,0.0
2021-04-12 00:00:00-04:00,29.18867910933746,29.18867910933746,28.860828117019377,28.920438766479492,6100,0.0,0.0,0.0
2021-04-13 00:00:00-04:00,29.139004501065607,29.516529127208873,29.139004501065607,29.37744140625,29800,0.0,0.0,0.0
2021-04-14 00:00:00-04:00,29.357570940777897,29.357570940777897,29.14893936111368,29.297962188720703,40000,0.0,0.0,0.0
2021-04-15 00:00:00-04:00,29.36750651425275,29.596010208129883,29.36750651425275,29.596010208129883,1700,0.0,0.0,0.0
2021-04-16 00:00:00-04:00,29.814577056945193,30.06294907318606,29.754968303627255,29.953664779663086,5700,0.0,0.0,0.0
2021-04-19 00:00:00-04:00,30.003340342817282,30.003340342817282,29.754968326386436,29.88412094116211,4600,0.0,0.0,0.0
2021-04-20 00:00:00-04:00,29.4668565688432,29.4668565688432,29.268158193067237,29.41718292236328,4300,0.0,0.0,0.0
2021-04-21 00:00:00-04:00,29.288027233901502,29.814576582120473,29.288027233901502,29.725162506103516,2900,0.0,0.0,0.0
2021-04-22 00:00:00-04:00,29.715227646867664,29.943729445299443,29.68542232296992,29.804641723632812,1800,0.0,0.0,0.0
2021-04-23 00:00:00-04:00,29.77483762579428,30.26164656660125,29.77483762579428,30.202037811279297,8600,0.0,0.0,0.0
2021-04-26 00:00:00-04:00,29.953664992940755,30.182166794726598,29.953664992940755,30.17223358154297,1200,0.0,0.0,0.0
2021-04-27 00:00:00-04:00,30.122557412167705,30.430538177490234,30.122557412167705,30.430538177490234,1700,0.0,0.0,0.0
2021-04-28 00:00:00-04:00,30.40073479266608,30.40073479266608,30.182166208310484,30.29145050048828,11200,0.0,0.0,0.0
2021-04-29 00:00:00-04:00,30.23184201839145,30.480214033797324,30.062948972118335,30.3013858795166,3000,0.0,0.0,0.0
2021-04-30 00:00:00-04:00,30.06294857245955,30.29145036881249,29.794706344604492,29.794706344604492,5200,0.0,0.0,0.0
2021-05-03 00:00:00-04:00,29.8443823255067,30.16229820251465,29.8443823255067,30.16229820251465,10200,0.0,0.0,0.0
2021-05-04 00:00:00-04:00,29.71522829342162,29.71522829342162,29.129070175175436,29.476791381835938,9600,0.0,0.0,0.0
2021-05-05 00:00:00-04:00,29.933795056892652,30.172233863950108,29.933795056892652,30.11262321472168,5900,0.0,0.0,0.0
2021-05-06 00:00:00-04:00,29.923861047793277,30.092754092925865,29.76490121567312,30.08281898498535,4700,0.0,0.0,0.0
2021-05-07 00:00:00-04:00,30.321256775686663,30.89747978855678,30.321256775686663,30.748456954956055,6000,0.0,0.0,0.0
2021-05-10 00:00:00-04:00,30.718652013404085,30.847804632154737,30.41067123413086,30.41067123413086,9600,0.0,0.0,0.0
2021-05-11 00:00:00-04:00,29.74503321833783,30.07288420422942,29.655619140828477,29.88412094116211,7600,0.0,0.0,0.0
2021-05-12 00:00:00-04:00,29.65561922018553,29.884121021130625,29.536399818211333,29.60594367980957,5700,0.0,0.0,0.0
2021-05-13 00:00:00-04:00,29.78477284746428,29.85431671142578,29.78477284746428,29.85431671142578,400,0.0,0.0,0.0
2021-05-14 00:00:00-04:00,30.251713534018652,30.569629424207328,30.251713534018652,30.490150451660156,2800,0.0,0.0,0.0
2021-05-17 00:00:00-04:00,30.331191992169206,30.410670963368464,30.271581342573654,30.40073585510254,5700,0.0,0.0,0.0
2021-05-18 00:00:00-04:00,30.748456413010132,30.81800027446954,30.539822933703796,30.728586196899414,2700,0.0,0.0,0.0
2021-05-19 00:00:00-04:00,30.450408709774507,30.450408709774507,30.122557725235875,30.3013858795166,15500,0.0,0.0,0.0
2021-05-20 00:00:00-04:00,30.579564367920412,31.106111847611007,30.579564367920412,30.976959228515625,3400,0.0,0.0,0.0
2021-05-21 00:00:00-04:00,30.96702357866617,31.076307874017044,30.877609499729658,30.957088470458984,2400,0.0,0.0,0.0
2021-05-24 00:00:00-04:00,31.086243475351388,31.185590769142912,31.086243475351388,31.116046905517578,2100,0.0,0.0,0.0
2021-05-25 00:00:00-04:00,31.20546073899714,31.20546073899714,30.99682914977169,31.03656768798828,2300,0.0,0.0,0.0
2021-05-26 00:00:00-04:00,30.86767498177699,30.996829496011934,30.76832579273353,30.837871551513672,8700,0.0,0.0,0.0
2021-05-27 00:00:00-04:00,30.84780417510811,30.96702357866617,30.84780417510811,30.957088470458984,2100,0.0,0.0,0.0
2021-05-28 00:00:00-04:00,30.996828035077097,31.14585086415449,30.996828035077097,31.135915756225586,5700,0.0,0.0,0.0
2021-06-01 00:00:00-04:00,31.394224204474746,31.394224204474746,31.25513458251953,31.25513458251953,2500,0.0,0.0,0.0
2021-06-02 00:00:00-04:00,31.145851135253906,31.18558967238733,31.046501950028194,31.145851135253906,23300,0.0,0.0,0.0
2021-06-03 00:00:00-04:00,31.01669771679789,31.145852230611933,31.01669771679789,31.116046905517578,6400,0.0,0.0,0.0
2021-06-04 00:00:00-04:00,31.21539464933612,31.414093017578125,31.21539464933612,31.414093017578125,4100,0.0,0.0,0.0
2021-06-07 00:00:00-04:00,31.433962139156474,31.483637679946366,31.36441827697875,31.443897247314453,2800,0.0,0.0,0.0
2021-06-08 00:00:00-04:00,31.473703113700132,31.503506543759098,31.374353925337886,31.463768005371094,4600,0.0,0.0,0.0
2021-06-09 00:00:00-04:00,31.543245586688965,31.612789446998686,31.543245586688965,31.553180694580078,1400,0.0,0.0,0.0
2021-06-10 00:00:00-04:00,31.384288458581494,31.592920044883908,31.384288458581494,31.58298683166504,2000,0.0,0.0,0.0
2021-06-11 00:00:00-04:00,31.53331213995818,31.652531546003893,31.344548869939214,31.473703384399414,10300,0.0,0.0,0.0
2021-06-14 00:00:00-04:00,31.364418792267927,31.592920598871135,31.364418792267927,31.53331184387207,1400,0.0,0.0,0.0
2021-06-15 00:00:00-04:00,31.573052548119794,31.58298765652626,31.54324722290039,31.54324722290039,1200,0.0,0.0,0.0
2021-06-16 00:00:00-04:00,31.573050703085993,31.592919023809714,31.334613800048828,31.334613800048828,4000,0.0,0.0,0.0
2021-06-17 00:00:00-04:00,31.006762449699384,31.006762449699384,30.698781671680354,30.758390426635742,4200,0.0,0.0,0.0
2021-06-18 00:00:00-04:00,30.33119202869719,30.3709305668806,30.19210240773487,30.261646270751953,14300,0.0,0.0,0.0
2021-06-21 00:00:00-04:00,30.510017340405142,30.738521033806535,30.510017340405142,30.718650817871094,1200,0.0,0.0,0.0
2021-06-22 00:00:00-04:00,30.62923696571174,30.91734941410427,30.62923696571174,30.867673873901367,1600,0.0,0.0,0.0
2021-06-23 00:00:00-04:00,30.668977820257314,30.738521682571054,30.380865367896806,30.39080047607422,35900,0.0,0.0,0.0
2021-06-24 00:00:00-04:00,30.798129462265603,30.917348861694336,30.798129462265603,30.917348861694336,800,0.0,0.0,0.0
2021-06-25 00:00:00-04:00,31.03656714615712,31.06637247049534,30.927282851845096,31.01669692993164,1400,0.0,0.0,0.0
2021-06-28 00:00:00-04:00,30.927283194050133,30.927283194050133,30.81800079345703,30.81800079345703,1100,0.0,0.0,0.0
2021-06-29 00:00:00-04:00,30.940000534057617,30.969999313354492,30.709999084472656,30.790000915527344,4300,0.202,0.0,0.0
2021-06-30 00:00:00-04:00,30.6299991607666,30.6299991607666,30.549999237060547,30.610000610351562,900,0.0,0.0,0.0
2021-07-01 00:00:00-04:00,30.8700008392334,30.8700008392334,30.719999313354492,30.809999465942383,800,0.0,0.0,0.0
2021-07-02 00:00:00-04:00,30.8799991607666,30.959999084472656,30.8799991607666,30.959999084472656,500,0.0,0.0,0.0
2021-07-06 00:00:00-04:00,31.149999618530273,31.209999084472656,30.889999389648438,30.959999084472656,6600,0.0,0.0,0.0
2021-07-07 00:00:00-04:00,31.170000076293945,31.350000381469727,31.100000381469727,31.25,1100,0.0,0.0,0.0
2021-07-08 00:00:00-04:00,31.0,31.040000915527344,30.940000534057617,30.989999771118164,2100,0.0,0.0,0.0
2021-07-09 00:00:00-04:00,31.139999389648438,31.270000457763672,31.06999969482422,31.270000457763672,2900,0.0,0.0,0.0
2021-07-12 00:00:00-04:00,31.40999984741211,31.489999771118164,31.40999984741211,31.489999771118164,1200,0.0,0.0,0.0
2021-07-13 00:00:00-04:00,31.399999618530273,31.510000228881836,31.399999618530273,31.40999984741211,1900,0.0,0.0,0.0
2021-07-14 00:00:00-04:00,31.600000381469727,31.600000381469727,31.450000762939453,31.489999771118164,1100,0.0,0.0,0.0
2021-07-15 00:00:00-04:00,31.280000686645508,31.34000015258789,31.1299991607666,31.15999984741211,3200,0.0,0.0,0.0
2021-07-16 00:00:00-04:00,31.170000076293945,31.170000076293945,31.0,31.040000915527344,3300,0.0,0.0,0.0
2021-07-19 00:00:00-04:00,30.56999969482422,30.649999618530273,30.5,30.530000686645508,5300,0.0,0.0,0.0
2021-07-20 00:00:00-04:00,30.280000686645508,30.649999618530273,30.280000686645508,30.649999618530273,2600,0.0,0.0,0.0
2021-07-21 00:00:00-04:00,31.1200008392334,31.280000686645508,31.030000686645508,31.270000457763672,3100,0.0,0.0,0.0
2021-07-22 00:00:00-04:00,31.450000762939453,31.450000762939453,31.399999618530273,31.399999618530273,3400,0.0,0.0,0.0
2021-07-23 00:00:00-04:00,31.549999237060547,31.780000686645508,31.549999237060547,31.65999984741211,11800,0.0,0.0,0.0
2021-07-26 00:00:00-04:00,31.719999313354492,31.84000015258789,31.700000762939453,31.75,6700,0.0,0.0,0.0
2021-07-27 00:00:00-04:00,31.639999389648438,31.639999389648438,31.469999313354492,31.600000381469727,87300,0.0,0.0,0.0
2021-07-28 00:00:00-04:00,31.649999618530273,31.829999923706055,31.649999618530273,31.770000457763672,1500,0.0,0.0,0.0
2021-07-29 00:00:00-04:00,32.0,32.09000015258789,32.0,32.0,4200,0.0,0.0,0.0
2021-07-30 00:00:00-04:00,31.90999984741211,31.90999984741211,31.81999969482422,31.81999969482422,1100,0.0,0.0,0.0
2021-08-02 00:00:00-04:00,32.060001373291016,32.060001373291016,31.860000610351562,31.979999542236328,6800,0.0,0.0,0.0
2021-08-03 00:00:00-04:00,32.0099983215332,32.11000061035156,31.979999542236328,32.08000183105469,2700,0.0,0.0,0.0
2021-08-04 00:00:00-04:00,32.33000183105469,32.54999923706055,32.31999969482422,32.540000915527344,2600,0.0,0.0,0.0
2021-08-05 00:00:00-04:00,32.7599983215332,32.83000183105469,32.61000061035156,32.7400016784668,3700,0.0,0.0,0.0
2021-08-06 00:00:00-04:00,32.38999938964844,32.459999084472656,32.2599983215332,32.2599983215332,21800,0.0,0.0,0.0
2021-08-09 00:00:00-04:00,32.400001525878906,32.459999084472656,32.34000015258789,32.439998626708984,1800,0.0,0.0,0.0
2021-08-10 00:00:00-04:00,32.43000030517578,32.43000030517578,32.31999969482422,32.40999984741211,2300,0.0,0.0,0.0
2021-08-11 00:00:00-04:00,32.5099983215332,32.650001525878906,32.36000061035156,32.459999084472656,3500,0.0,0.0,0.0
2021-08-12 00:00:00-04:00,32.41999816894531,32.59000015258789,32.41999816894531,32.529998779296875,2300,0.0,0.0,0.0
2021-08-13 00:00:00-04:00,32.849998474121094,32.93000030517578,32.7599983215332,32.810001373291016,7800,0.0,0.0,0.0
2021-08-16 00:00:00-04:00,32.599998474121094,33.36000061035156,32.599998474121094,33.36000061035156,6700,0.0,0.0,0.0
2021-08-17 00:00:00-04:00,32.68000030517578,32.68000030517578,32.5,32.599998474121094,5200,0.0,0.0,0.0
2021-08-18 00:00:00-04:00,32.65999984741211,32.72999954223633,32.540000915527344,32.540000915527344,1700,0.0,0.0,0.0
2021-08-19 00:00:00-04:00,32.119998931884766,32.209999084472656,32.11000061035156,32.130001068115234,2800,0.0,0.0,0.0
2021-08-20 00:00:00-04:00,32.40999984741211,32.529998779296875,32.40999984741211,32.459999084472656,10500,0.0,0.0,0.0
2021-08-23 00:00:00-04:00,32.68000030517578,32.880001068115234,32.5,32.880001068115234,2700,0.0,0.0,0.0
2021-08-24 00:00:00-04:00,32.79999923706055,32.79999923706055,32.790000915527344,32.790000915527344,1400,0.0,0.0,0.0
2021-08-25 00:00:00-04:00,32.70000076293945,32.91999816894531,32.599998474121094,32.90999984741211,4900,0.0,0.0,0.0
2021-08-26 00:00:00-04:00,32.790000915527344,32.790000915527344,32.63999938964844,32.63999938964844,500,0.0,0.0,0.0
2021-08-27 00:00:00-04:00,32.790000915527344,32.9900016784668,32.790000915527344,32.86000061035156,2700,0.0,0.0,0.0
2021-08-30 00:00:00-04:00,32.779998779296875,33.04999923706055,32.779998779296875,33.02000045776367,3600,0.0,0.0,0.0
2021-08-31 00:00:00-04:00,32.4900016784668,32.650001525878906,32.4900016784668,32.560001373291016,3500,0.0,0.0,0.0
2021-09-01 00:00:00-04:00,32.7400016784668,32.88999938964844,32.7400016784668,32.79999923706055,2200,0.0,0.0,0.0
2021-09-02 00:00:00-04:00,33.150001525878906,33.36000061035156,33.099998474121094,33.279998779296875,19800,0.0,0.0,0.0
2021-09-03 00:00:00-04:00,33.2400016784668,33.279998779296875,33.20000076293945,33.22999954223633,900,0.0,0.0,0.0
2021-09-07 00:00:00-04:00,33.27000045776367,33.27000045776367,33.099998474121094,33.099998474121094,4200,0.0,0.0,0.0
2021-09-08 00:00:00-04:00,32.84000015258789,32.84000015258789,32.630001068115234,32.630001068115234,1800,0.0,0.0,0.0
2021-09-09 00:00:00-04:00,32.66999816894531,32.720001220703125,32.58000183105469,32.58000183105469,500,0.0,0.0,0.0
2021-09-10 00:00:00-04:00,32.54999923706055,32.599998474121094,32.5099983215332,32.5099983215332,700,0.0,0.0,0.0
2021-09-13 00:00:00-04:00,32.68000030517578,32.68000030517578,32.400001525878906,32.52000045776367,12100,0.0,0.0,0.0
2021-09-14 00:00:00-04:00,32.709999084472656,32.709999084472656,32.59000015258789,32.599998474121094,1800,0.0,0.0,0.0
2021-09-15 00:00:00-04:00,32.349998474121094,32.540000915527344,32.349998474121094,32.540000915527344,2300,0.0,0.0,0.0
2021-09-16 00:00:00-04:00,32.5099983215332,32.68000030517578,32.5099983215332,32.61000061035156,700,0.0,0.0,0.0
2021-09-17 00:00:00-04:00,32.27000045776367,32.349998474121094,31.93000030517578,32.310001373291016,4200,0.0,0.0,0.0
2021-09-20 00:00:00-04:00,31.309999465942383,31.6200008392334,31.010000228881836,31.34000015258789,4500,0.0,0.0,0.0
2021-09-21 00:00:00-04:00,31.799999237060547,31.799999237060547,31.770000457763672,31.770000457763672,600,0.0,0.0,0.0
2021-09-22 00:00:00-04:00,32.060001373291016,32.20000076293945,32.060001373291016,32.06999969482422,900,0.0,0.0,0.0
2021-09-23 00:00:00-04:00,32.470001220703125,32.689998626708984,32.470001220703125,32.619998931884766,2100,0.0,0.0,0.0
2021-09-24 00:00:00-04:00,32.27000045776367,32.27000045776367,32.130001068115234,32.20000076293945,1800,0.0,0.0,0.0
2021-09-27 00:00:00-04:00,33.029998779296875,33.029998779296875,31.670000076293945,31.829999923706055,17400,0.0,0.0,0.0
2021-09-28 00:00:00-04:00,31.31999969482422,31.31999969482422,31.020000457763672,31.100000381469727,1000,0.0,0.0,0.0
2021-09-29 00:00:00-04:00,31.229999542236328,31.229999542236328,31.0,31.0,1200,0.0,0.0,0.0
2021-09-30 00:00:00-04:00,31.0,31.030000686645508,30.899999618530273,30.899999618530273,14500,0.0,0.0,0.0
2021-10-01 00:00:00-04:00,31.030000686645508,31.139999389648438,30.899999618530273,31.139999389648438,3500,0.0,0.0,0.0
2021-10-04 00:00:00-04:00,31.1200008392334,31.1200008392334,30.770000457763672,30.770000457763672,2900,0.0,0.0,0.0
2021-10-05 00:00:00-04:00,31.190000534057617,31.190000534057617,31.049999237060547,31.049999237060547,700,0.0,0.0,0.0
2021-10-06 00:00:00-04:00,31.030000686645508,31.030000686645508,30.540000915527344,30.719999313354492,7700,0.0,0.0,0.0
2021-10-07 00:00:00-04:00,31.06999969482422,31.149999618530273,31.030000686645508,31.030000686645508,1400,0.0,0.0,0.0
2021-10-08 00:00:00-04:00,31.049999237060547,31.049999237060547,30.850000381469727,30.8700008392334,1900,0.0,0.0,0.0
2021-10-11 00:00:00-04:00,30.790000915527344,30.850000381469727,30.75,30.780000686645508,3000,0.0,0.0,0.0
2021-10-12 00:00:00-04:00,31.030000686645508,31.030000686645508,30.93000030517578,30.940000534057617,1200,0.0,0.0,0.0
2021-10-13 00:00:00-04:00,31.399999618530273,31.65999984741211,31.399999618530273,31.65999984741211,14200,0.0,0.0,0.0
2021-10-14 00:00:00-04:00,31.8799991607666,31.8799991607666,31.8799991607666,31.8799991607666,500,0.0,0.0,0.0
2021-10-15 00:00:00-04:00,32.130001068115234,32.20000076293945,32.130001068115234,32.20000076293945,1100,0.0,0.0,0.0
2021-10-18 00:00:00-04:00,32.2400016784668,32.2400016784668,32.11000061035156,32.20000076293945,2100,0.0,0.0,0.0
2021-10-19 00:00:00-04:00,32.41999816894531,32.560001373291016,32.41999816894531,32.560001373291016,700,0.0,0.0,0.0
2021-10-20 00:00:00-04:00,32.970001220703125,32.970001220703125,32.59000015258789,32.72999954223633,2500,0.0,0.0,0.0
2021-10-21 00:00:00-04:00,32.70000076293945,32.75,32.63999938964844,32.75,8900,0.0,0.0,0.0
2021-10-22 00:00:00-04:00,33.09000015258789,33.33000183105469,33.09000015258789,33.279998779296875,1500,0.0,0.0,0.0
2021-10-25 00:00:00-04:00,32.95000076293945,33.0099983215332,32.79999923706055,32.900001525878906,2600,0.0,0.0,0.0
2021-10-26 00:00:00-04:00,32.95000076293945,32.97999954223633,32.84000015258789,32.84000015258789,1600,0.0,0.0,0.0
2021-10-27 00:00:00-04:00,32.95000076293945,32.95000076293945,32.630001068115234,32.630001068115234,5600,0.0,0.0,0.0
2021-10-28 00:00:00-04:00,32.529998779296875,33.119998931884766,32.5099983215332,32.84000015258789,6400,0.0,0.0,0.0
2021-10-29 00:00:00-04:00,32.38999938964844,32.52000045776367,32.02000045776367,32.279998779296875,2500,0.0,0.0,0.0
2021-11-01 00:00:00-04:00,32.5,32.83000183105469,32.34000015258789,32.65999984741211,24800,0.0,0.0,0.0
2021-11-02 00:00:00-04:00,32.709999084472656,32.709999084472656,32.13999938964844,32.150001525878906,88200,0.0,0.0,0.0
2021-11-03 00:00:00-04:00,32.16999816894531,32.68000030517578,31.739999771118164,32.599998474121094,74700,0.0,0.0,0.0
2021-11-04 00:00:00-04:00,32.56999969482422,32.66999816894531,32.27000045776367,32.439998626708984,71700,0.0,0.0,0.0
2021-11-05 00:00:00-04:00,32.599998474121094,32.599998474121094,32.310001373291016,32.599998474121094,69300,0.0,0.0,0.0
2021-11-08 00:00:00-05:00,32.689998626708984,32.95000076293945,32.689998626708984,32.849998474121094,47200,0.0,0.0,0.0
2021-11-09 00:00:00-05:00,32.93000030517578,32.93000030517578,32.43000030517578,32.56999969482422,94100,0.0,0.0,0.0
2021-11-10 00:00:00-05:00,32.52000045776367,32.58000183105469,31.969999313354492,31.969999313354492,71900,0.0,0.0,0.0
2021-11-11 00:00:00-05:00,32.029998779296875,32.349998474121094,32.0,32.349998474121094,20300,0.0,0.0,0.0
2021-11-12 00:00:00-05:00,32.150001525878906,32.31999969482422,32.11000061035156,32.119998931884766,31100,0.0,0.0,0.0
2021-11-15 00:00:00-05:00,32.209999084472656,32.220001220703125,32.02000045776367,32.02000045776367,18100,0.0,0.0,0.0
2021-11-16 00:00:00-05:00,32.09000015258789,32.18000030517578,31.969999313354492,31.969999313354492,55400,0.0,0.0,0.0
2021-11-17 00:00:00-05:00,31.559999465942383,31.989999771118164,31.559999465942383,31.75,108600,0.0,0.0,0.0
2021-11-18 00:00:00-05:00,31.530000686645508,31.530000686645508,31.25,31.440000534057617,56200,0.0,0.0,0.0
2021-11-19 00:00:00-05:00,31.350000381469727,31.350000381469727,31.0,31.020000457763672,35000,0.0,0.0,0.0
2021-11-22 00:00:00-05:00,30.979999542236328,31.239999771118164,30.75,30.969999313354492,97000,0.0,0.0,0.0
2021-11-23 00:00:00-05:00,30.799999237060547,30.979999542236328,30.65999984741211,30.90999984741211,89000,0.0,0.0,0.0
2021-11-24 00:00:00-05:00,30.280000686645508,30.670000076293945,30.200000762939453,30.670000076293945,222400,0.0,0.0,0.0
2021-11-26 00:00:00-05:00,29.530000686645508,29.579999923706055,29.170000076293945,29.270000457763672,43100,0.0,0.0,0.0
2021-11-29 00:00:00-05:00,29.65999984741211,29.8799991607666,29.530000686645508,29.729999542236328,22300,0.0,0.0,0.0
2021-11-30 00:00:00-05:00,29.459999084472656,29.56999969482422,28.989999771118164,29.389999389648438,141200,0.0,0.0,0.0
2021-12-01 00:00:00-05:00,29.670000076293945,29.889999389648438,28.959999084472656,28.959999084472656,267300,0.0,0.0,0.0
2021-12-02 00:00:00-05:00,29.06999969482422,29.389999389648438,28.979999542236328,29.299999237060547,80500,0.0,0.0,0.0
2021-12-03 00:00:00-05:00,29.350000381469727,29.3799991607666,28.649999618530273,28.8799991607666,125800,0.0,0.0,0.0
2021-12-06 00:00:00-05:00,29.049999237060547,29.209999084472656,28.950000762939453,29.170000076293945,33200,0.0,0.0,0.0
2021-12-07 00:00:00-05:00,29.75,30.09000015258789,29.75,30.040000915527344,39700,0.0,0.0,0.0
2021-12-08 00:00:00-05:00,30.31999969482422,30.549999237060547,30.209999084472656,30.530000686645508,42600,0.0,0.0,0.0
2021-12-09 00:00:00-05:00,29.829999923706055,29.850000381469727,29.5,29.84000015258789,29400,0.0,0.0,0.0
2021-12-10 00:00:00-05:00,29.90999984741211,30.010000228881836,29.760000228881836,30.010000228881836,14600,0.0,0.0,0.0
2021-12-13 00:00:00-05:00,29.68000030517578,29.799999237060547,29.15999984741211,29.34000015258789,24500,0.0,0.0,0.0
2021-12-14 00:00:00-05:00,28.670000076293945,28.93000030517578,28.530000686645508,28.760000228881836,15600,0.0,0.0,0.0
2021-12-15 00:00:00-05:00,28.969999313354492,29.389999389648438,28.559999465942383,29.360000610351562,20500,0.0,0.0,0.0
2021-12-16 00:00:00-05:00,29.56999969482422,29.899999618530273,29.299999237060547,29.510000228881836,41000,0.0,0.0,0.0
2021-12-17 00:00:00-05:00,29.31999969482422,29.510000228881836,29.149999618530273,29.34000015258789,19000,0.0,0.0,0.0
2021-12-20 00:00:00-05:00,28.940000534057617,29.079999923706055,28.790000915527344,29.06999969482422,24700,0.0,0.0,0.0
2021-12-21 00:00:00-05:00,29.639999389648438,30.020000457763672,29.579999923706055,30.0,45800,0.0,0.0,0.0
2021-12-22 00:00:00-05:00,30.0,30.31999969482422,29.950000762939453,30.229999542236328,76800,0.0,0.0,0.0
2021-12-23 00:00:00-05:00,30.309999465942383,30.6299991607666,30.139999389648438,30.549999237060547,58700,0.0,0.0,0.0
2021-12-27 00:00:00-05:00,30.520000457763672,30.809999465942383,30.479999542236328,30.75,7000,0.0,0.0,0.0
2021-12-28 00:00:00-05:00,30.790000915527344,30.950000762939453,30.739999771118164,30.93000030517578,84600,0.0,0.0,0.0
2021-12-29 00:00:00-05:00,30.760000228881836,30.889999389648438,30.729999542236328,30.790000915527344,14900,0.0,0.0,0.0
2021-12-30 00:00:00-05:00,30.799999237060547,30.799999237060547,30.540000915527344,30.540000915527344,48800,0.0,0.0,0.0
2021-12-31 00:00:00-05:00,30.600000381469727,30.739999771118164,30.5,30.5,56000,0.0,0.0,0.0
2022-01-03 00:00:00-05:00,30.75,30.8700008392334,30.59000015258789,30.739999771118164,15600,0.0,0.0,0.0
2022-01-04 00:00:00-05:00,30.93000030517578,31.010000228881836,30.729999542236328,30.75,36200,0.0,0.0,0.0
2022-01-05 00:00:00-05:00,31.139999389648438,31.239999771118164,30.709999084472656,30.829999923706055,7400,0.0,0.0,0.0
2022-01-06 00:00:00-05:00,30.600000381469727,30.649999618530273,30.40999984741211,30.440000534057617,36200,0.0,0.0,0.0
2022-01-07 00:00:00-05:00,30.610000610351562,30.90999984741211,30.200000762939453,30.790000915527344,7000,0.0,0.0,0.0
2022-01-10 00:00:00-05:00,30.280000686645508,30.399999618530273,30.059999465942383,30.399999618530273,15900,0.0,0.0,0.0
2022-01-11 00:00:00-05:00,30.56999969482422,30.959999084472656,30.520000457763672,30.950000762939453,7300,0.0,0.0,0.0
2022-01-12 00:00:00-05:00,31.389999389648438,31.610000610351562,31.329999923706055,31.610000610351562,25700,0.0,0.0,0.0
2022-01-13 00:00:00-05:00,31.6200008392334,31.719999313354492,31.229999542236328,31.25,6200,0.0,0.0,0.0
2022-01-14 00:00:00-05:00,31.350000381469727,31.420000076293945,31.09000015258789,31.290000915527344,7100,0.0,0.0,0.0
2022-01-18 00:00:00-05:00,31.049999237060547,31.059999465942383,30.739999771118164,30.8799991607666,128200,0.0,0.0,0.0
2022-01-19 00:00:00-05:00,31.09000015258789,31.09000015258789,30.780000686645508,30.780000686645508,5700,0.0,0.0,0.0
2022-01-20 00:00:00-05:00,30.889999389648438,31.010000228881836,30.43000030517578,30.510000228881836,6800,0.0,0.0,0.0
2022-01-21 00:00:00-05:00,30.219999313354492,30.219999313354492,29.760000228881836,29.829999923706055,7000,0.0,0.0,0.0
2022-01-24 00:00:00-05:00,28.719999313354492,29.149999618530273,28.1200008392334,29.149999618530273,52400,0.0,0.0,0.0
2022-01-25 00:00:00-05:00,28.799999237060547,29.399999618530273,28.719999313354492,29.18000030517578,23300,0.0,0.0,0.0
2022-01-26 00:00:00-05:00,29.969999313354492,30.0,29.299999237060547,29.459999084472656,65700,0.0,0.0,0.0
2022-01-27 00:00:00-05:00,29.829999923706055,29.889999389648438,29.43000030517578,29.489999771118164,4500,0.0,0.0,0.0
2022-01-28 00:00:00-05:00,29.309999465942383,29.5,29.139999389648438,29.5,4600,0.0,0.0,0.0
2022-01-31 00:00:00-05:00,29.530000686645508,29.850000381469727,29.5,29.850000381469727,4500,0.0,0.0,0.0
2022-02-01 00:00:00-05:00,30.1299991607666,30.440000534057617,30.1299991607666,30.440000534057617,3800,0.0,0.0,0.0
2022-02-02 00:00:00-05:00,30.790000915527344,30.790000915527344,30.479999542236328,30.68000030517578,5500,0.0,0.0,0.0
2022-02-03 00:00:00-05:00,30.469999313354492,30.489999771118164,30.239999771118164,30.3799991607666,4100,0.0,0.0,0.0
2022-02-04 00:00:00-05:00,30.3700008392334,30.600000381469727,30.239999771118164,30.5,7400,0.0,0.0,0.0
2022-02-07 00:00:00-05:00,30.549999237060547,30.829999923706055,30.549999237060547,30.729999542236328,6000,0.0,0.0,0.0
2022-02-08 00:00:00-05:00,30.229999542236328,30.459999084472656,30.229999542236328,30.459999084472656,4400,0.0,0.0,0.0
2022-02-09 00:00:00-05:00,30.540000915527344,30.780000686645508,30.540000915527344,30.709999084472656,3300,0.0,0.0,0.0
2022-02-10 00:00:00-05:00,30.329999923706055,30.829999923706055,30.329999923706055,30.40999984741211,3300,0.0,0.0,0.0
2022-02-11 00:00:00-05:00,30.760000228881836,30.780000686645508,30.31999969482422,30.3700008392334,8300,0.0,0.0,0.0
2022-02-14 00:00:00-05:00,30.260000228881836,30.260000228881836,30.049999237060547,30.139999389648438,3700,0.0,0.0,0.0
2022-02-15 00:00:00-05:00,30.0,30.170000076293945,29.889999389648438,30.1200008392334,5900,0.0,0.0,0.0
2022-02-16 00:00:00-05:00,30.25,30.459999084472656,30.219999313354492,30.459999084472656,6600,0.0,0.0,0.0
2022-02-17 00:00:00-05:00,30.18000030517578,30.239999771118164,29.8700008392334,29.8799991607666,10400,0.0,0.0,0.0
2022-02-18 00:00:00-05:00,29.579999923706055,29.68000030517578,29.399999618530273,29.5,3800,0.0,0.0,0.0
2022-02-22 00:00:00-05:00,29.56999969482422,29.68000030517578,29.360000610351562,29.43000030517578,4300,0.0,0.0,0.0
2022-02-23 00:00:00-05:00,29.989999771118164,30.020000457763672,29.559999465942383,29.56999969482422,41000,0.0,0.0,0.0
2022-02-24 00:00:00-05:00,28.489999771118164,29.440000534057617,28.440000534057617,29.360000610351562,19600,0.0,0.0,0.0
2022-02-25 00:00:00-05:00,29.850000381469727,30.639999389648438,29.850000381469727,30.40999984741211,1001100,0.0,0.0,0.0
2022-02-28 00:00:00-05:00,30.190000534057617,30.81999969482422,30.190000534057617,30.6299991607666,27900,0.0,0.0,0.0
2022-03-01 00:00:00-05:00,30.8700008392334,31.170000076293945,30.09000015258789,30.270000457763672,12000,0.0,0.0,0.0
2022-03-02 00:00:00-05:00,30.8799991607666,31.209999084472656,30.719999313354492,31.040000915527344,23300,0.0,0.0,0.0
2022-03-03 00:00:00-05:00,30.520000457763672,30.520000457763672,29.950000762939453,29.979999542236328,10500,0.0,0.0,0.0
2022-03-04 00:00:00-05:00,29.450000762939453,29.719999313354492,29.15999984741211,29.65999984741211,14700,0.0,0.0,0.0
2022-03-07 00:00:00-05:00,29.260000228881836,29.280000686645508,28.510000228881836,28.700000762939453,24700,0.0,0.0,0.0
2022-03-08 00:00:00-05:00,29.440000534057617,29.93000030517578,29.25,29.350000381469727,349600,0.0,0.0,0.0
2022-03-09 00:00:00-05:00,29.770000457763672,30.299999237060547,29.65999984741211,29.969999313354492,18700,0.0,0.0,0.0
2022-03-10 00:00:00-05:00,29.75,29.8700008392334,29.479999542236328,29.760000228881836,192800,0.0,0.0,0.0
2022-03-11 00:00:00-05:00,29.969999313354492,29.969999313354492,29.510000228881836,29.510000228881836,14300,0.0,0.0,0.0
2022-03-14 00:00:00-04:00,29.610000610351562,29.90999984741211,29.3799991607666,29.469999313354492,50800,0.0,0.0,0.0
2022-03-15 00:00:00-04:00,29.59000015258789,29.610000610351562,29.209999084472656,29.469999313354492,35100,0.0,0.0,0.0
2022-03-16 00:00:00-04:00,30.459999084472656,30.6299991607666,30.049999237060547,30.600000381469727,8900,0.0,0.0,0.0
2022-03-17 00:00:00-04:00,30.860000610351562,31.549999237060547,30.860000610351562,31.440000534057617,25200,0.0,0.0,0.0
2022-03-18 00:00:00-04:00,31.329999923706055,31.770000457763672,31.329999923706055,31.719999313354492,16300,0.0,0.0,0.0
2022-03-21 00:00:00-04:00,32.0099983215332,32.27000045776367,31.860000610351562,32.08000183105469,25300,0.0,0.0,0.0
2022-03-22 00:00:00-04:00,32.529998779296875,32.529998779296875,32.25,32.380001068115234,12500,0.0,0.0,0.0
2022-03-23 00:00:00-04:00,32.060001373291016,32.54999923706055,32.060001373291016,32.41999816894531,17500,0.0,0.0,0.0
2022-03-24 00:00:00-04:00,32.619998931884766,32.65999984741211,32.29999923706055,32.400001525878906,21300,0.0,0.0,0.0
2022-03-25 00:00:00-04:00,32.68000030517578,32.9900016784668,32.68000030517578,32.90999984741211,10100,0.0,0.0,0.0
2022-03-28 00:00:00-04:00,32.41999816894531,32.58000183105469,32.2400016784668,32.58000183105469,23500,0.0,0.0,0.0
2022-03-29 00:00:00-04:00,32.209999084472656,32.630001068115234,32.209999084472656,32.619998931884766,10400,0.0,0.0,0.0
2022-03-30 00:00:00-04:00,33.0,33.29999923706055,33.0,33.150001525878906,10100,0.0,0.0,0.0
2022-03-31 00:00:00-04:00,32.52000045776367,32.529998779296875,31.860000610351562,31.920000076293945,31500,0.0,0.0,0.0
2022-04-01 00:00:00-04:00,32.43000030517578,32.58000183105469,32.29999923706055,32.58000183105469,12300,0.0,0.0,0.0
2022-04-04 00:00:00-04:00,32.849998474121094,32.849998474121094,32.43000030517578,32.619998931884766,18000,0.0,0.0,0.0
2022-04-05 00:00:00-04:00,32.970001220703125,32.970001220703125,32.220001220703125,32.29999923706055,29300,0.0,0.0,0.0
2022-04-06 00:00:00-04:00,32.11000061035156,32.15999984741211,31.850000381469727,31.979999542236328,15200,0.0,0.0,0.0
2022-04-07 00:00:00-04:00,32.400001525878906,32.400001525878906,31.68000030517578,32.099998474121094,102400,0.0,0.0,0.0
2022-04-08 00:00:00-04:00,32.5,33.09000015258789,32.5,32.93000030517578,17600,0.0,0.0,0.0
2022-04-11 00:00:00-04:00,32.349998474121094,32.36000061035156,32.08000183105469,32.08000183105469,13000,0.0,0.0,0.0
2022-04-12 00:00:00-04:00,32.290000915527344,32.560001373291016,32.11000061035156,32.16999816894531,12900,0.0,0.0,0.0
2022-04-13 00:00:00-04:00,32.529998779296875,32.869998931884766,32.4900016784668,32.810001373291016,18300,0.0,0.0,0.0
2022-04-14 00:00:00-04:00,32.650001525878906,32.86000061035156,32.61000061035156,32.75,16300,0.0,0.0,0.0
2022-04-18 00:00:00-04:00,32.540000915527344,32.7599983215332,32.470001220703125,32.599998474121094,78100,0.0,0.0,0.0
2022-04-19 00:00:00-04:00,32.599998474121094,32.63999938964844,32.439998626708984,32.63999938964844,15700,0.0,0.0,0.0
2022-04-20 00:00:00-04:00,32.61000061035156,32.72999954223633,32.540000915527344,32.650001525878906,15900,0.0,0.0,0.0
2022-04-21 00:00:00-04:00,32.95000076293945,32.959999084472656,31.959999084472656,32.08000183105469,76100,0.0,0.0,0.0
2022-04-22 00:00:00-04:00,31.790000915527344,31.889999389648438,31.420000076293945,31.420000076293945,15500,0.0,0.0,0.0
2022-04-25 00:00:00-04:00,30.309999465942383,30.350000381469727,29.81999969482422,30.290000915527344,63400,0.0,0.0,0.0
2022-04-26 00:00:00-04:00,30.0,30.110000610351562,29.809999465942383,29.809999465942383,49400,0.0,0.0,0.0
2022-04-27 00:00:00-04:00,29.649999618530273,30.059999465942383,29.549999237060547,29.8700008392334,23700,0.0,0.0,0.0
2022-04-28 00:00:00-04:00,29.530000686645508,29.940000534057617,29.360000610351562,29.84000015258789,10900,0.0,0.0,0.0
2022-04-29 00:00:00-04:00,30.049999237060547,30.049999237060547,29.239999771118164,29.260000228881836,30300,0.0,0.0,0.0
2022-05-02 00:00:00-04:00,28.979999542236328,29.059999465942383,28.68000030517578,29.010000228881836,20800,0.0,0.0,0.0
2022-05-03 00:00:00-04:00,29.3700008392334,29.510000228881836,29.3700008392334,29.450000762939453,11400,0.0,0.0,0.0
2022-05-04 00:00:00-04:00,29.84000015258789,30.280000686645508,29.459999084472656,30.1200008392334,11400,0.0,0.0,0.0
2022-05-05 00:00:00-04:00,29.780000686645508,29.780000686645508,28.530000686645508,28.790000915527344,71000,0.0,0.0,0.0
2022-05-06 00:00:00-04:00,28.549999237060547,28.90999984741211,28.469999313354492,28.639999389648438,12700,0.0,0.0,0.0
2022-05-09 00:00:00-04:00,27.8799991607666,27.899999618530273,26.8799991607666,26.90999984741211,36000,0.0,0.0,0.0
2022-05-10 00:00:00-04:00,27.229999542236328,27.270000457763672,26.790000915527344,27.079999923706055,23000,0.0,0.0,0.0
2022-05-11 00:00:00-04:00,27.450000762939453,27.780000686645508,26.950000762939453,26.979999542236328,162500,0.0,0.0,0.0
2022-05-12 00:00:00-04:00,26.860000610351562,26.940000534057617,26.600000381469727,26.84000015258789,111400,0.0,0.0,0.0
2022-05-13 00:00:00-04:00,27.520000457763672,27.8799991607666,27.520000457763672,27.670000076293945,29800,0.0,0.0,0.0
2022-05-16 00:00:00-04:00,27.65999984741211,27.989999771118164,27.520000457763672,27.920000076293945,26500,0.0,0.0,0.0
2022-05-17 00:00:00-04:00,28.350000381469727,28.700000762939453,28.25,28.479999542236328,38400,0.0,0.0,0.0
2022-05-18 00:00:00-04:00,28.170000076293945,28.270000457763672,27.540000915527344,27.59000015258789,25400,0.0,0.0,0.0
2022-05-19 00:00:00-04:00,27.700000762939453,28.540000915527344,27.700000762939453,28.34000015258789,75400,0.0,0.0,0.0
2022-05-20 00:00:00-04:00,28.420000076293945,28.510000228881836,27.889999389648438,28.270000457763672,33800,0.0,0.0,0.0
2022-05-23 00:00:00-04:00,28.850000381469727,29.219999313354492,28.850000381469727,29.049999237060547,25300,0.0,0.0,0.0
2022-05-24 00:00:00-04:00,29.09000015258789,29.309999465942383,28.850000381469727,29.209999084472656,15000,0.0,0.0,0.0
2022-05-25 00:00:00-04:00,29.149999618530273,29.68000030517578,29.149999618530273,29.559999465942383,16300,0.0,0.0,0.0
2022-05-26 00:00:00-04:00,29.600000381469727,30.0,29.600000381469727,29.829999923706055,40700,0.0,0.0,0.0
2022-05-27 00:00:00-04:00,30.149999618530273,30.219999313354492,30.079999923706055,30.1200008392334,4500,0.0,0.0,0.0
2022-05-31 00:00:00-04:00,30.479999542236328,30.6200008392334,30.309999465942383,30.309999465942383,27800,0.0,0.0,0.0
2022-06-01 00:00:00-04:00,30.31999969482422,30.31999969482422,29.65999984741211,29.860000610351562,13100,0.0,0.0,0.0
2022-06-02 00:00:00-04:00,29.90999984741211,30.510000228881836,29.81999969482422,30.389999389648438,28000,0.0,0.0,0.0
2022-06-03 00:00:00-04:00,29.920000076293945,30.020000457763672,29.8799991607666,29.899999618530273,8200,0.0,0.0,0.0
2022-06-06 00:00:00-04:00,30.459999084472656,30.469999313354492,30.079999923706055,30.079999923706055,25600,0.0,0.0,0.0
2022-06-07 00:00:00-04:00,29.549999237060547,30.139999389648438,29.299999237060547,30.079999923706055,13000,0.0,0.0,0.0
2022-06-08 00:00:00-04:00,29.84000015258789,30.06999969482422,29.6299991607666,29.829999923706055,20400,0.0,0.0,0.0
2022-06-09 00:00:00-04:00,29.399999618530273,29.59000015258789,28.920000076293945,28.969999313354492,14800,0.0,0.0,0.0
2022-06-10 00:00:00-04:00,28.40999984741211,28.489999771118164,28.239999771118164,28.34000015258789,11600,0.0,0.0,0.0
2022-06-13 00:00:00-04:00,27.239999771118164,27.280000686645508,26.860000610351562,26.989999771118164,11500,0.0,0.0,0.0
2022-06-14 00:00:00-04:00,27.0,27.190000534057617,26.670000076293945,26.81999969482422,36600,0.0,0.0,0.0
2022-06-15 00:00:00-04:00,27.290000915527344,27.549999237060547,26.950000762939453,27.510000228881836,20300,0.0,0.0,0.0
2022-06-16 00:00:00-04:00,26.489999771118164,26.6200008392334,26.31999969482422,26.440000534057617,9300,0.0,0.0,0.0
2022-06-17 00:00:00-04:00,26.84000015258789,26.850000381469727,26.309999465942383,26.520000457763672,15500,0.0,0.0,0.0
2022-06-21 00:00:00-04:00,27.09000015258789,27.3799991607666,27.0,27.09000015258789,29300,0.0,0.0,0.0
2022-06-22 00:00:00-04:00,26.149999618530273,26.280000686645508,26.049999237060547,26.049999237060547,18800,0.0,0.0,0.0
2022-06-23 00:00:00-04:00,26.0,26.0,25.549999237060547,25.770000457763672,32600,0.0,0.0,0.0
2022-06-24 00:00:00-04:00,25.8799991607666,26.3700008392334,25.8799991607666,26.3700008392334,19100,0.0,0.0,0.0
2022-06-27 00:00:00-04:00,26.760000228881836,27.139999389648438,26.739999771118164,27.0,36200,0.0,0.0,0.0
2022-06-28 00:00:00-04:00,27.5,27.59000015258789,27.079999923706055,27.149999618530273,14300,0.0,0.0,0.0
2022-06-29 00:00:00-04:00,26.809999465942383,26.809999465942383,26.280000686645508,26.280000686645508,43300,0.0,0.0,0.0
2022-06-30 00:00:00-04:00,25.860000610351562,26.1299991607666,25.6299991607666,26.110000610351562,15800,0.0,0.0,0.0
2022-07-01 00:00:00-04:00,25.360000610351562,25.8700008392334,25.360000610351562,25.8700008392334,12600,0.0,0.0,0.0
2022-07-05 00:00:00-04:00,25.309999465942383,25.440000534057617,25.049999237060547,25.43000030517578,46700,0.0,0.0,0.0
2022-07-06 00:00:00-04:00,25.079999923706055,25.100000381469727,24.670000076293945,25.079999923706055,39900,0.0,0.0,0.0
2022-07-07 00:00:00-04:00,25.59000015258789,25.969999313354492,25.59000015258789,25.899999618530273,50200,0.0,0.0,0.0
2022-07-08 00:00:00-04:00,25.649999618530273,25.780000686645508,25.549999237060547,25.639999389648438,19900,0.0,0.0,0.0
2022-07-11 00:00:00-04:00,25.579999923706055,25.770000457763672,25.40999984741211,25.5,7500,0.0,0.0,0.0
2022-07-12 00:00:00-04:00,25.3799991607666,25.579999923706055,25.31999969482422,25.3799991607666,18200,0.0,0.0,0.0
2022-07-13 00:00:00-04:00,24.969999313354492,25.579999923706055,24.969999313354492,25.469999313354492,8000,0.0,0.0,0.0
2022-07-14 00:00:00-04:00,24.479999542236328,24.670000076293945,24.190000534057617,24.670000076293945,11700,0.0,0.0,0.0
2022-07-15 00:00:00-04:00,24.59000015258789,24.93000030517578,24.59000015258789,24.829999923706055,7800,0.0,0.0,0.0
2022-07-18 00:00:00-04:00,25.670000076293945,25.81999969482422,25.40999984741211,25.489999771118164,12600,0.0,0.0,0.0
2022-07-19 00:00:00-04:00,26.229999542236328,26.290000915527344,26.15999984741211,26.270000457763672,8900,0.0,0.0,0.0
2022-07-20 00:00:00-04:00,26.40999984741211,26.40999984741211,26.100000381469727,26.309999465942383,7400,0.0,0.0,0.0
2022-07-21 00:00:00-04:00,25.670000076293945,26.110000610351562,25.670000076293945,26.110000610351562,8600,0.0,0.0,0.0
2022-07-22 00:00:00-04:00,26.15999984741211,26.3799991607666,25.950000762939453,26.020000457763672,8900,0.0,0.0,0.0
2022-07-25 00:00:00-04:00,26.530000686645508,26.799999237060547,26.43000030517578,26.719999313354492,14100,0.0,0.0,0.0
2022-07-26 00:00:00-04:00,26.520000457763672,26.6299991607666,26.3799991607666,26.459999084472656,10100,0.0,0.0,0.0
2022-07-27 00:00:00-04:00,26.8700008392334,27.420000076293945,26.760000228881836,27.389999389648438,2400,0.0,0.0,0.0
2022-07-28 00:00:00-04:00,26.979999542236328,27.6200008392334,26.979999542236328,27.600000381469727,3600,0.0,0.0,0.0
2022-07-29 00:00:00-04:00,27.8799991607666,28.270000457763672,27.860000610351562,28.110000610351562,12800,0.0,0.0,0.0
2022-08-01 00:00:00-04:00,28.010000228881836,28.15999984741211,27.850000381469727,28.059999465942383,9100,0.0,0.0,0.0
2022-08-02 00:00:00-04:00,27.81999969482422,27.8799991607666,27.639999389648438,27.790000915527344,3100,0.0,0.0,0.0
2022-08-03 00:00:00-04:00,27.8799991607666,28.020000457763672,27.719999313354492,27.90999984741211,11400,0.0,0.0,0.0
2022-08-04 00:00:00-04:00,27.670000076293945,27.670000076293945,27.329999923706055,27.639999389648438,6500,0.0,0.0,0.0
2022-08-05 00:00:00-04:00,27.09000015258789,27.6200008392334,27.09000015258789,27.540000915527344,3200,0.0,0.0,0.0
2022-08-08 00:00:00-04:00,27.690000534057617,27.81999969482422,27.6200008392334,27.75,15400,0.0,0.0,0.0
2022-08-09 00:00:00-04:00,27.93000030517578,28.1200008392334,27.8700008392334,27.940000534057617,9600,0.0,0.0,0.0
2022-08-10 00:00:00-04:00,28.350000381469727,28.65999984741211,28.350000381469727,28.6299991607666,4100,0.0,0.0,0.0
2022-08-11 00:00:00-04:00,28.940000534057617,29.0,28.770000457763672,28.809999465942383,11200,0.0,0.0,0.0
2022-08-12 00:00:00-04:00,28.760000228881836,28.93000030517578,28.56999969482422,28.860000610351562,5200,0.0,0.0,0.0
2022-08-15 00:00:00-04:00,27.979999542236328,28.25,27.899999618530273,28.229999542236328,9400,0.0,0.0,0.0
2022-08-16 00:00:00-04:00,28.190000534057617,28.399999618530273,28.190000534057617,28.299999237060547,13900,0.0,0.0,0.0
2022-08-17 00:00:00-04:00,27.90999984741211,28.239999771118164,27.8799991607666,28.09000015258789,3600,0.0,0.0,0.0
2022-08-18 00:00:00-04:00,28.350000381469727,28.389999389648438,28.270000457763672,28.329999923706055,3700,0.0,0.0,0.0
2022-08-19 00:00:00-04:00,28.149999618530273,28.18000030517578,28.079999923706055,28.079999923706055,3500,0.0,0.0,0.0
2022-08-22 00:00:00-04:00,28.100000381469727,28.1200008392334,27.860000610351562,27.979999542236328,17900,0.0,0.0,0.0
2022-08-23 00:00:00-04:00,28.299999237060547,28.610000610351562,28.299999237060547,28.530000686645508,4800,0.0,0.0,0.0
2022-08-24 00:00:00-04:00,28.6200008392334,28.790000915527344,28.6200008392334,28.670000076293945,3600,0.0,0.0,0.0
2022-08-25 00:00:00-04:00,28.690000534057617,28.989999771118164,28.610000610351562,28.989999771118164,6300,0.0,0.0,0.0
2022-08-26 00:00:00-04:00,28.809999465942383,28.920000076293945,28.030000686645508,28.030000686645508,21900,0.0,0.0,0.0
2022-08-29 00:00:00-04:00,27.8799991607666,28.190000534057617,27.8799991607666,28.0,11200,0.0,0.0,0.0
2022-08-30 00:00:00-04:00,27.610000610351562,27.610000610351562,27.399999618530273,27.420000076293945,6400,0.0,0.0,0.0
2022-08-31 00:00:00-04:00,27.09000015258789,27.350000381469727,27.09000015258789,27.209999084472656,6500,0.0,0.0,0.0
2022-09-01 00:00:00-04:00,26.790000915527344,26.84000015258789,26.639999389648438,26.68000030517578,4300,0.0,0.0,0.0
2022-09-02 00:00:00-04:00,27.0,27.1299991607666,26.6299991607666,26.81999969482422,19700,0.0,0.0,0.0
2022-09-06 00:00:00-04:00,26.6200008392334,26.6200008392334,26.239999771118164,26.280000686645508,9600,0.0,0.0,0.0
2022-09-07 00:00:00-04:00,25.540000915527344,25.8799991607666,25.520000457763672,25.780000686645508,8500,0.0,0.0,0.0
2022-09-08 00:00:00-04:00,25.5,25.81999969482422,25.5,25.81999969482422,9100,0.0,0.0,0.0
2022-09-09 00:00:00-04:00,26.440000534057617,26.579999923706055,26.389999389648438,26.559999465942383,8300,0.0,0.0,0.0
2022-09-12 00:00:00-04:00,26.75,27.020000457763672,26.75,26.84000015258789,6000,0.0,0.0,0.0
2022-09-13 00:00:00-04:00,26.389999389648438,26.5,25.8700008392334,25.8700008392334,5700,0.0,0.0,0.0
2022-09-14 00:00:00-04:00,26.030000686645508,26.25,25.90999984741211,26.209999084472656,22400,0.0,0.0,0.0
2022-09-15 00:00:00-04:00,25.8700008392334,25.8700008392334,25.579999923706055,25.75,12200,0.0,0.0,0.0
2022-09-16 00:00:00-04:00,25.18000030517578,25.18000030517578,24.940000534057617,25.18000030517578,4900,0.0,0.0,0.0
2022-09-19 00:00:00-04:00,24.270000457763672,25.06999969482422,24.270000457763672,25.06999969482422,17400,0.0,0.0,0.0
2022-09-20 00:00:00-04:00,24.479999542236328,24.610000610351562,24.3700008392334,24.530000686645508,18000,0.0,0.0,0.0
2022-09-21 00:00:00-04:00,24.729999542236328,24.780000686645508,24.420000076293945,24.420000076293945,6500,0.0,0.0,0.0
2022-09-22 00:00:00-04:00,24.40999984741211,24.440000534057617,24.280000686645508,24.309999465942383,4600,0.0,0.0,0.0
2022-09-23 00:00:00-04:00,23.25,23.25,22.809999465942383,23.020000457763672,14300,0.0,0.0,0.0
2022-09-26 00:00:00-04:00,22.75,22.809999465942383,22.299999237060547,22.40999984741211,22100,0.0,0.0,0.0
2022-09-27 00:00:00-04:00,22.719999313354492,22.889999389648438,22.6200008392334,22.700000762939453,16800,0.0,0.0,0.0
2022-09-28 00:00:00-04:00,21.940000534057617,22.56999969482422,21.790000915527344,22.549999237060547,13200,0.0,0.0,0.0
2022-09-29 00:00:00-04:00,21.899999618530273,22.079999923706055,21.719999313354492,22.079999923706055,12900,0.0,0.0,0.0
2022-09-30 00:00:00-04:00,21.850000381469727,22.1200008392334,21.829999923706055,21.860000610351562,148300,0.0,0.0,0.0
2022-10-03 00:00:00-04:00,22.350000381469727,23.049999237060547,22.350000381469727,22.989999771118164,22300,0.0,0.0,0.0
2022-10-04 00:00:00-04:00,23.459999084472656,23.81999969482422,23.459999084472656,23.81999969482422,10600,0.0,0.0,0.0
2022-10-05 00:00:00-04:00,23.290000915527344,23.6299991607666,23.079999923706055,23.40999984741211,4000,0.0,0.0,0.0
2022-10-06 00:00:00-04:00,23.0,23.100000381469727,22.90999984741211,22.989999771118164,7800,0.0,0.0,0.0
2022-10-07 00:00:00-04:00,22.899999618530273,23.139999389648438,22.780000686645508,22.8799991607666,59600,0.0,0.0,0.0
2022-10-10 00:00:00-04:00,23.040000915527344,23.15999984741211,22.940000534057617,23.040000915527344,20300,0.0,0.0,0.0
2022-10-11 00:00:00-04:00,22.610000610351562,22.899999618530273,22.5,22.559999465942383,5600,0.0,0.0,0.0
2022-10-12 00:00:00-04:00,22.389999389648438,22.440000534057617,22.270000457763672,22.360000610351562,11600,0.0,0.0,0.0
2022-10-13 00:00:00-04:00,22.270000457763672,23.440000534057617,22.209999084472656,23.420000076293945,9400,0.0,0.0,0.0
2022-10-14 00:00:00-04:00,23.09000015258789,23.09000015258789,22.389999389648438,22.450000762939453,32000,0.0,0.0,0.0
2022-10-17 00:00:00-04:00,23.030000686645508,23.229999542236328,23.030000686645508,23.1299991607666,9600,0.0,0.0,0.0
2022-10-18 00:00:00-04:00,23.299999237060547,23.299999237060547,23.170000076293945,23.200000762939453,16000,0.0,0.0,0.0
2022-10-19 00:00:00-04:00,23.18000030517578,23.239999771118164,22.969999313354492,23.100000381469727,42300,0.0,0.0,0.0
2022-10-20 00:00:00-04:00,23.190000534057617,23.399999618530273,22.979999542236328,23.0,8400,0.0,0.0,0.0
2022-10-21 00:00:00-04:00,22.93000030517578,23.469999313354492,22.93000030517578,23.469999313354492,14700,0.0,0.0,0.0
2022-10-24 00:00:00-04:00,23.290000915527344,23.5,23.280000686645508,23.479999542236328,26100,0.0,0.0,0.0
2022-10-25 00:00:00-04:00,23.6299991607666,23.799999237060547,23.6299991607666,23.770000457763672,7700,0.0,0.0,0.0
2022-10-26 00:00:00-04:00,23.979999542236328,24.489999771118164,23.979999542236328,24.280000686645508,13900,0.0,0.0,0.0
2022-10-27 00:00:00-04:00,24.40999984741211,24.610000610351562,24.280000686645508,24.280000686645508,5700,0.0,0.0,0.0
2022-10-28 00:00:00-04:00,24.450000762939453,24.540000915527344,24.239999771118164,24.489999771118164,6700,0.0,0.0,0.0
2022-10-31 00:00:00-04:00,24.389999389648438,24.540000915527344,24.350000381469727,24.399999618530273,8000,0.0,0.0,0.0
2022-11-01 00:00:00-04:00,25.09000015258789,25.09000015258789,24.81999969482422,24.989999771118164,28300,0.0,0.0,0.0
2022-11-02 00:00:00-04:00,24.8799991607666,25.010000228881836,24.34000015258789,24.420000076293945,178600,0.0,0.0,0.0
2022-11-03 00:00:00-04:00,24.0,24.360000610351562,23.979999542236328,24.290000915527344,34900,0.0,0.0,0.0
2022-11-04 00:00:00-04:00,25.059999465942383,25.360000610351562,24.940000534057617,25.219999313354492,53600,0.0,0.0,0.0
2022-11-07 00:00:00-05:00,25.190000534057617,25.3700008392334,25.190000534057617,25.309999465942383,12000,0.0,0.0,0.0
2022-11-08 00:00:00-05:00,25.260000228881836,25.479999542236328,25.030000686645508,25.239999771118164,33400,0.0,0.0,0.0
2022-11-09 00:00:00-05:00,24.799999237060547,24.969999313354492,24.3799991607666,24.3799991607666,14100,0.0,0.0,0.0
2022-11-10 00:00:00-05:00,25.010000228881836,25.489999771118164,25.010000228881836,25.440000534057617,17700,0.0,0.0,0.0
2022-11-11 00:00:00-05:00,25.889999389648438,26.149999618530273,25.860000610351562,26.149999618530273,4300,0.0,0.0,0.0
2022-11-14 00:00:00-05:00,25.75,25.989999771118164,25.6200008392334,25.6200008392334,31900,0.0,0.0,0.0
2022-11-15 00:00:00-05:00,26.059999465942383,26.100000381469727,25.729999542236328,25.8700008392334,31200,0.0,0.0,0.0
2022-11-16 00:00:00-05:00,25.959999084472656,25.959999084472656,25.649999618530273,25.770000457763672,23200,0.0,0.0,0.0
2022-11-17 00:00:00-05:00,25.18000030517578,25.5,25.1200008392334,25.389999389648438,10500,0.0,0.0,0.0
2022-11-18 00:00:00-05:00,24.90999984741211,25.139999389648438,24.90999984741211,25.06999969482422,5700,0.0,0.0,0.0
2022-11-21 00:00:00-05:00,24.790000915527344,24.860000610351562,24.549999237060547,24.799999237060547,6100,0.0,0.0,0.0
2022-11-22 00:00:00-05:00,25.299999237060547,25.6200008392334,25.299999237060547,25.6200008392334,18800,0.0,0.0,0.0
2022-11-23 00:00:00-05:00,25.770000457763672,26.1299991607666,25.770000457763672,26.1299991607666,4200,0.0,0.0,0.0
2022-11-25 00:00:00-05:00,26.3799991607666,26.610000610351562,26.3799991607666,26.479999542236328,10900,0.0,0.0,0.0
2022-11-28 00:00:00-05:00,25.979999542236328,26.149999618530273,25.739999771118164,25.790000915527344,12800,0.0,0.0,0.0
2022-11-29 00:00:00-05:00,26.18000030517578,26.420000076293945,26.18000030517578,26.260000228881836,8000,0.0,0.0,0.0
2022-11-30 00:00:00-05:00,26.790000915527344,26.93000030517578,26.3700008392334,26.8700008392334,17700,0.0,0.0,0.0
2022-12-01 00:00:00-05:00,27.09000015258789,27.100000381469727,26.93000030517578,27.09000015258789,4900,0.0,0.0,0.0
2022-12-02 00:00:00-05:00,26.579999923706055,26.739999771118164,26.530000686645508,26.65999984741211,8100,0.0,0.0,0.0
2022-12-05 00:00:00-05:00,26.829999923706055,26.8700008392334,26.149999618530273,26.229999542236328,8200,0.0,0.0,0.0
2022-12-06 00:00:00-05:00,26.010000228881836,26.059999465942383,25.690000534057617,25.75,8400,0.0,0.0,0.0
2022-12-07 00:00:00-05:00,25.59000015258789,25.59000015258789,25.290000915527344,25.5,13500,0.0,0.0,0.0
2022-12-08 00:00:00-05:00,25.729999542236328,25.809999465942383,25.600000381469727,25.719999313354492,30200,0.0,0.0,0.0
2022-12-09 00:00:00-05:00,25.719999313354492,25.940000534057617,25.719999313354492,25.770000457763672,10800,0.0,0.0,0.0
2022-12-12 00:00:00-05:00,25.700000762939453,25.979999542236328,25.700000762939453,25.979999542236328,11400,0.0,0.0,0.0
2022-12-13 00:00:00-05:00,26.829999923706055,26.959999084472656,26.559999465942383,26.700000762939453,36800,0.0,0.0,0.0
2022-12-14 00:00:00-05:00,26.68000030517578,26.760000228881836,26.3700008392334,26.530000686645508,17100,0.0,0.0,0.0
2022-12-15 00:00:00-05:00,26.350000381469727,26.350000381469727,25.950000762939453,26.010000228881836,20000,0.0,0.0,0.0
2022-12-16 00:00:00-05:00,25.850000381469727,25.860000610351562,25.670000076293945,25.860000610351562,20600,0.0,0.0,0.0
2022-12-19 00:00:00-05:00,25.93000030517578,25.93000030517578,25.6299991607666,25.68000030517578,18000,0.0,0.0,0.0
2022-12-20 00:00:00-05:00,25.729999542236328,25.989999771118164,25.639999389648438,25.84000015258789,13300,0.0,0.0,0.0
2022-12-21 00:00:00-05:00,26.350000381469727,26.540000915527344,26.350000381469727,26.440000534057617,7300,0.0,0.0,0.0
2022-12-22 00:00:00-05:00,26.299999237060547,26.299999237060547,25.8799991607666,26.139999389648438,20500,0.0,0.0,0.0
2022-12-23 00:00:00-05:00,26.190000534057617,26.299999237060547,26.15999984741211,26.299999237060547,57000,0.0,0.0,0.0
2022-12-27 00:00:00-05:00,26.3700008392334,26.5,26.25,26.40999984741211,3300,0.0,0.0,0.0
2022-12-28 00:00:00-05:00,26.31999969482422,26.31999969482422,25.93000030517578,25.940000534057617,6600,0.0,0.0,0.0
2022-12-29 00:00:00-05:00,25.6299991607666,25.790000915527344,25.6299991607666,25.719999313354492,11500,0.0,0.0,0.0
2022-12-30 00:00:00-05:00,25.700000762939453,25.770000457763672,25.540000915527344,25.649999618530273,16600,0.0,0.0,0.0
2023-01-03 00:00:00-05:00,25.40999984741211,25.459999084472656,24.850000381469727,24.950000762939453,109700,0.0,0.0,0.0
2023-01-04 00:00:00-05:00,24.639999389648438,24.780000686645508,24.479999542236328,24.690000534057617,13800,0.0,0.0,0.0
2023-01-05 00:00:00-05:00,24.479999542236328,24.6299991607666,24.40999984741211,24.600000381469727,20500,0.0,0.0,0.0
2023-01-06 00:00:00-05:00,24.780000686645508,25.360000610351562,24.780000686645508,25.299999237060547,24800,0.0,0.0,0.0
2023-01-09 00:00:00-05:00,25.6200008392334,25.860000610351562,25.530000686645508,25.530000686645508,16500,0.0,0.0,0.0
2023-01-10 00:00:00-05:00,25.350000381469727,25.440000534057617,25.200000762939453,25.360000610351562,11000,0.0,0.0,0.0
2023-01-11 00:00:00-05:00,25.34000015258789,25.360000610351562,25.139999389648438,25.280000686645508,21200,0.0,0.0,0.0
2023-01-12 00:00:00-05:00,25.549999237060547,25.75,25.479999542236328,25.719999313354492,7900,0.0,0.0,0.0
2023-01-13 00:00:00-05:00,25.56999969482422,25.959999084472656,25.56999969482422,25.8799991607666,13600,0.0,0.0,0.0
2023-01-17 00:00:00-05:00,25.850000381469727,25.90999984741211,25.739999771118164,25.860000610351562,20400,0.0,0.0,0.0
2023-01-18 00:00:00-05:00,26.190000534057617,26.280000686645508,25.510000228881836,25.510000228881836,46000,0.0,0.0,0.0
2023-01-19 00:00:00-05:00,25.549999237060547,25.639999389648438,25.450000762939453,25.579999923706055,16200,0.0,0.0,0.0
2023-01-20 00:00:00-05:00,25.639999389648438,25.860000610351562,25.510000228881836,25.84000015258789,84100,0.0,0.0,0.0
2023-01-23 00:00:00-05:00,25.860000610351562,26.15999984741211,25.860000610351562,26.079999923706055,22700,0.0,0.0,0.0
2023-01-24 00:00:00-05:00,25.799999237060547,25.889999389648438,25.719999313354492,25.8799991607666,11800,0.0,0.0,0.0
2023-01-25 00:00:00-05:00,25.549999237060547,25.690000534057617,25.329999923706055,25.670000076293945,21400,0.0,0.0,0.0
2023-01-26 00:00:00-05:00,25.709999084472656,25.780000686645508,25.459999084472656,25.780000686645508,11300,0.0,0.0,0.0
2023-01-27 00:00:00-05:00,25.809999465942383,25.969999313354492,25.809999465942383,25.860000610351562,11700,0.0,0.0,0.0
2023-01-30 00:00:00-05:00,25.799999237060547,25.799999237060547,25.56999969482422,25.56999969482422,6400,0.0,0.0,0.0
2023-01-31 00:00:00-05:00,25.530000686645508,25.700000762939453,25.459999084472656,25.700000762939453,30100,0.0,0.0,0.0
2023-02-01 00:00:00-05:00,25.8700008392334,26.139999389648438,25.540000915527344,25.989999771118164,599500,0.0,0.0,0.0
2023-02-02 00:00:00-05:00,25.809999465942383,25.809999465942383,25.440000534057617,25.540000915527344,436400,0.0,0.0,0.0
2023-02-03 00:00:00-05:00,25.260000228881836,25.579999923706055,25.229999542236328,25.229999542236328,11000,0.0,0.0,0.0
2023-02-06 00:00:00-05:00,25.0,25.0,24.770000457763672,24.90999984741211,43500,0.0,0.0,0.0
2023-02-07 00:00:00-05:00,24.760000228881836,25.329999923706055,24.75,25.329999923706055,97000,0.0,0.0,0.0
2023-02-08 00:00:00-05:00,25.770000457763672,25.770000457763672,25.5,25.6299991607666,4000,0.0,0.0,0.0
2023-02-09 00:00:00-05:00,26.079999923706055,26.079999923706055,25.829999923706055,25.84000015258789,6300,0.0,0.0,0.0
2023-02-10 00:00:00-05:00,26.079999923706055,26.1299991607666,25.979999542236328,26.1200008392334,20200,0.0,0.0,0.0
2023-02-13 00:00:00-05:00,26.040000915527344,26.209999084472656,26.020000457763672,26.200000762939453,108300,0.0,0.0,0.0
2023-02-14 00:00:00-05:00,25.760000228881836,26.040000915527344,25.760000228881836,26.040000915527344,4200,0.0,0.0,0.0
2023-02-15 00:00:00-05:00,25.770000457763672,25.889999389648438,25.739999771118164,25.889999389648438,1900,0.0,0.0,0.0
2023-02-16 00:00:00-05:00,25.790000915527344,25.989999771118164,25.780000686645508,25.8700008392334,14000,0.0,0.0,0.0
2023-02-17 00:00:00-05:00,25.40999984741211,25.479999542236328,25.389999389648438,25.479999542236328,1500,0.0,0.0,0.0
2023-02-21 00:00:00-05:00,25.389999389648438,25.559999465942383,25.34000015258789,25.3700008392334,8200,0.0,0.0,0.0
2023-02-22 00:00:00-05:00,25.290000915527344,25.329999923706055,25.1200008392334,25.190000534057617,9300,0.0,0.0,0.0
2023-02-23 00:00:00-05:00,25.530000686645508,25.6200008392334,25.450000762939453,25.579999923706055,3300,0.0,0.0,0.0
2023-02-24 00:00:00-05:00,25.260000228881836,25.350000381469727,25.139999389648438,25.350000381469727,13300,0.0,0.0,0.0
2023-02-27 00:00:00-05:00,25.579999923706055,25.59000015258789,25.469999313354492,25.56999969482422,17100,0.0,0.0,0.0
2023-02-28 00:00:00-05:00,25.65999984741211,25.729999542236328,25.510000228881836,25.520000457763672,4900,0.0,0.0,0.0
2023-03-01 00:00:00-05:00,25.600000381469727,25.600000381469727,25.5,25.579999923706055,3100,0.0,0.0,0.0
2023-03-02 00:00:00-05:00,25.670000076293945,25.739999771118164,25.6200008392334,25.709999084472656,7300,0.0,0.0,0.0
2023-03-03 00:00:00-05:00,25.600000381469727,26.020000457763672,25.600000381469727,25.969999313354492,13500,0.0,0.0,0.0
2023-03-06 00:00:00-05:00,25.799999237060547,25.84000015258789,25.729999542236328,25.780000686645508,4100,0.0,0.0,0.0
2023-03-07 00:00:00-05:00,25.389999389648438,25.43000030517578,24.84000015258789,24.8700008392334,10100,0.0,0.0,0.0
2023-03-08 00:00:00-05:00,25.049999237060547,25.309999465942383,24.8799991607666,24.959999084472656,4500,0.0,0.0,0.0
2023-03-09 00:00:00-05:00,24.979999542236328,24.979999542236328,24.6200008392334,24.6200008392334,8700,0.0,0.0,0.0
2023-03-10 00:00:00-05:00,24.760000228881836,24.780000686645508,24.5,24.5,6000,0.0,0.0,0.0
2023-03-13 00:00:00-04:00,23.780000686645508,24.190000534057617,23.43000030517578,24.010000228881836,16800,0.0,0.0,0.0
2023-03-14 00:00:00-04:00,24.360000610351562,24.579999923706055,24.219999313354492,24.31999969482422,13700,0.0,0.0,0.0
2023-03-15 00:00:00-04:00,23.0,23.270000457763672,22.799999237060547,23.149999618530273,17500,0.0,0.0,0.0
2023-03-16 00:00:00-04:00,22.670000076293945,23.270000457763672,22.670000076293945,23.260000228881836,43700,0.0,0.0,0.0
2023-03-17 00:00:00-04:00,23.030000686645508,23.190000534057617,22.940000534057617,23.040000915527344,19300,0.0,0.0,0.0
2023-03-20 00:00:00-04:00,23.170000076293945,23.5,22.950000762939453,23.420000076293945,84900,0.0,0.0,0.0
2023-03-21 00:00:00-04:00,24.149999618530273,24.290000915527344,23.790000915527344,23.940000534057617,12200,0.0,0.0,0.0
2023-03-22 00:00:00-04:00,23.899999618530273,24.350000381469727,23.860000610351562,23.969999313354492,14800,0.0,0.0,0.0
2023-03-23 00:00:00-04:00,24.31999969482422,24.530000686645508,23.93000030517578,24.030000686645508,9000,0.0,0.0,0.0
2023-03-24 00:00:00-04:00,23.459999084472656,23.459999084472656,23.229999542236328,23.40999984741211,424900,0.0,0.0,0.0
2023-03-27 00:00:00-04:00,23.559999465942383,23.770000457763672,23.510000228881836,23.770000457763672,24500,0.0,0.0,0.0
2023-03-28 00:00:00-04:00,23.719999313354492,23.969999313354492,23.68000030517578,23.93000030517578,31900,0.0,0.0,0.0
2023-03-29 00:00:00-04:00,23.969999313354492,23.979999542236328,23.850000381469727,23.90999984741211,8900,0.0,0.0,0.0
2023-03-30 00:00:00-04:00,24.420000076293945,24.420000076293945,24.25,24.34000015258789,6900,0.0,0.0,0.0
2023-03-31 00:00:00-04:00,24.350000381469727,24.43000030517578,24.290000915527344,24.299999237060547,22400,0.0,0.0,0.0
2023-04-03 00:00:00-04:00,24.889999389648438,25.100000381469727,24.8799991607666,25.049999237060547,59800,0.0,0.0,0.0
2023-04-04 00:00:00-04:00,25.100000381469727,25.100000381469727,24.799999237060547,24.84000015258789,88800,0.0,0.0,0.0
2023-04-05 00:00:00-04:00,24.709999084472656,24.709999084472656,24.360000610351562,24.440000534057617,19600,0.0,0.0,0.0
2023-04-06 00:00:00-04:00,24.440000534057617,24.479999542236328,24.31999969482422,24.3700008392334,9800,0.0,0.0,0.0
2023-04-10 00:00:00-04:00,24.25,24.3700008392334,24.190000534057617,24.260000228881836,35700,0.0,0.0,0.0
2023-04-11 00:00:00-04:00,24.3700008392334,24.540000915527344,24.360000610351562,24.469999313354492,64900,0.0,0.0,0.0
2023-04-12 00:00:00-04:00,24.899999618530273,24.93000030517578,24.709999084472656,24.790000915527344,53700,0.0,0.0,0.0
2023-04-13 00:00:00-04:00,25.030000686645508,25.31999969482422,25.030000686645508,25.260000228881836,9400,0.0,0.0,0.0
2023-04-14 00:00:00-04:00,25.309999465942383,25.309999465942383,25.1299991607666,25.190000534057617,11500,0.0,0.0,0.0
2023-04-17 00:00:00-04:00,25.239999771118164,25.239999771118164,24.959999084472656,25.049999237060547,7600,0.0,0.0,0.0
2023-04-18 00:00:00-04:00,25.030000686645508,25.1299991607666,25.030000686645508,25.06999969482422,9100,0.0,0.0,0.0
2023-04-19 00:00:00-04:00,24.850000381469727,24.850000381469727,24.729999542236328,24.739999771118164,2400,0.0,0.0,0.0
2023-04-20 00:00:00-04:00,24.5,24.6299991607666,24.5,24.579999923706055,11400,0.0,0.0,0.0
2023-04-21 00:00:00-04:00,24.389999389648438,24.5,24.350000381469727,24.5,6800,0.0,0.0,0.0
2023-04-24 00:00:00-04:00,24.489999771118164,24.75,24.489999771118164,24.68000030517578,1400,0.0,0.0,0.0
2023-04-25 00:00:00-04:00,24.389999389648438,24.389999389648438,24.049999237060547,24.079999923706055,12500,0.0,0.0,0.0
2023-04-26 00:00:00-04:00,24.34000015258789,24.450000762939453,24.149999618530273,24.149999618530273,3500,0.0,0.0,0.0
2023-04-27 00:00:00-04:00,24.34000015258789,24.5,24.239999771118164,24.43000030517578,5300,0.0,0.0,0.0
2023-04-28 00:00:00-04:00,24.229999542236328,24.59000015258789,24.229999542236328,24.579999923706055,9700,0.0,0.0,0.0
2023-05-01 00:00:00-04:00,24.530000686645508,24.690000534057617,24.360000610351562,24.360000610351562,24800,0.0,0.0,0.0
2023-05-02 00:00:00-04:00,24.200000762939453,24.200000762939453,23.799999237060547,23.899999618530273,4500,0.0,0.0,0.0
2023-05-03 00:00:00-04:00,23.75,23.93000030517578,23.75,23.809999465942383,18400,0.0,0.0,0.0
2023-05-04 00:00:00-04:00,23.6200008392334,23.799999237060547,23.6200008392334,23.729999542236328,4300,0.0,0.0,0.0
2023-05-05 00:00:00-04:00,24.149999618530273,24.399999618530273,24.149999618530273,24.360000610351562,7800,0.0,0.0,0.0
2023-05-08 00:00:00-04:00,24.719999313354492,24.719999313354492,24.5,24.600000381469727,12000,0.0,0.0,0.0
2023-05-09 00:00:00-04:00,24.1299991607666,24.350000381469727,24.079999923706055,24.290000915527344,8100,0.0,0.0,0.0
2023-05-10 00:00:00-04:00,24.399999618530273,24.43000030517578,24.190000534057617,24.309999465942383,5100,0.0,0.0,0.0
2023-05-11 00:00:00-04:00,23.979999542236328,24.020000457763672,23.90999984741211,23.979999542236328,26300,0.0,0.0,0.0
2023-05-12 00:00:00-04:00,24.09000015258789,24.09000015258789,23.93000030517578,24.020000457763672,6300,0.0,0.0,0.0
2023-05-15 00:00:00-04:00,24.209999084472656,24.43000030517578,24.18000030517578,24.399999618530273,8700,0.0,0.0,0.0
2023-05-16 00:00:00-04:00,24.079999923706055,24.209999084472656,23.889999389648438,23.889999389648438,18700,0.0,0.0,0.0
2023-05-17 00:00:00-04:00,23.950000762939453,24.100000381469727,23.950000762939453,24.049999237060547,7000,0.0,0.0,0.0
2023-05-18 00:00:00-04:00,23.899999618530273,24.1200008392334,23.639999389648438,23.829999923706055,16100,0.0,0.0,0.0
2023-05-19 00:00:00-04:00,23.8700008392334,24.020000457763672,23.81999969482422,23.81999969482422,11800,0.0,0.0,0.0
2023-05-22 00:00:00-04:00,23.709999084472656,23.81999969482422,23.709999084472656,23.770000457763672,4800,0.0,0.0,0.0
2023-05-23 00:00:00-04:00,23.709999084472656,23.860000610351562,23.649999618530273,23.65999984741211,3400,0.0,0.0,0.0
2023-05-24 00:00:00-04:00,23.68000030517578,23.68000030517578,23.530000686645508,23.549999237060547,4100,0.0,0.0,0.0
2023-05-25 00:00:00-04:00,23.530000686645508,23.530000686645508,23.270000457763672,23.329999923706055,60100,0.0,0.0,0.0
2023-05-26 00:00:00-04:00,23.25,23.31999969482422,23.219999313354492,23.260000228881836,3300,0.0,0.0,0.0
2023-05-30 00:00:00-04:00,23.15999984741211,23.15999984741211,22.790000915527344,22.90999984741211,72900,0.0,0.0,0.0
2023-05-31 00:00:00-04:00,22.780000686645508,22.940000534057617,22.709999084472656,22.850000381469727,7700,0.0,0.0,0.0
2023-06-01 00:00:00-04:00,22.809999465942383,23.15999984741211,22.809999465942383,23.1200008392334,16500,0.0,0.0,0.0
2023-06-02 00:00:00-04:00,23.540000915527344,23.639999389648438,23.510000228881836,23.6299991607666,4200,0.0,0.0,0.0
2023-06-05 00:00:00-04:00,23.6299991607666,23.6299991607666,23.450000762939453,23.510000228881836,12300,0.0,0.0,0.0
2023-06-06 00:00:00-04:00,23.010000228881836,23.209999084472656,22.93000030517578,23.190000534057617,48200,0.0,0.0,0.0
2023-06-07 00:00:00-04:00,23.469999313354492,23.579999923706055,23.34000015258789,23.43000030517578,12400,0.0,0.0,0.0
2023-06-08 00:00:00-04:00,23.770000457763672,23.8799991607666,23.68000030517578,23.799999237060547,20800,0.0,0.0,0.0
2023-06-09 00:00:00-04:00,24.0,24.190000534057617,24.0,24.079999923706055,7700,0.0,0.0,0.0
2023-06-12 00:00:00-04:00,23.93000030517578,23.989999771118164,23.829999923706055,23.93000030517578,7000,0.0,0.0,0.0
2023-06-13 00:00:00-04:00,24.360000610351562,24.600000381469727,24.360000610351562,24.530000686645508,5400,0.0,0.0,0.0
2023-06-14 00:00:00-04:00,24.670000076293945,24.670000076293945,24.290000915527344,24.43000030517578,3200,0.0,0.0,0.0
2023-06-15 00:00:00-04:00,24.700000762939453,24.90999984741211,24.700000762939453,24.850000381469727,2100,0.0,0.0,0.0
2023-06-16 00:00:00-04:00,24.780000686645508,24.8799991607666,24.709999084472656,24.709999084472656,7400,0.0,0.0,0.0
2023-06-20 00:00:00-04:00,24.25,24.25,24.139999389648438,24.229999542236328,9100,0.0,0.0,0.0
2023-06-21 00:00:00-04:00,23.979999542236328,24.309999465942383,23.979999542236328,24.239999771118164,2800,0.0,0.0,0.0
2023-06-22 00:00:00-04:00,24.040000915527344,24.040000915527344,23.860000610351562,23.950000762939453,6000,0.0,0.0,0.0
2023-06-23 00:00:00-04:00,23.190000534057617,23.549999237060547,23.1299991607666,23.170000076293945,49700,0.0,0.0,0.0
2023-06-26 00:00:00-04:00,23.350000381469727,23.56999969482422,23.350000381469727,23.479999542236328,5600,0.0,0.0,0.0
2023-06-27 00:00:00-04:00,23.399999618530273,23.420000076293945,23.299999237060547,23.3700008392334,2400,0.0,0.0,0.0
2023-06-28 00:00:00-04:00,23.3700008392334,23.549999237060547,23.3700008392334,23.479999542236328,2100,0.0,0.0,0.0
2023-06-29 00:00:00-04:00,22.75,22.8700008392334,22.68000030517578,22.8700008392334,15700,0.0,0.0,0.0
2023-06-30 00:00:00-04:00,23.170000076293945,23.170000076293945,23.100000381469727,23.1200008392334,5800,0.0,0.0,0.0
2023-07-03 00:00:00-04:00,23.309999465942383,23.399999618530273,23.270000457763672,23.3799991607666,4600,0.0,0.0,0.0
2023-07-05 00:00:00-04:00,23.34000015258789,23.420000076293945,23.219999313354492,23.239999771118164,17400,0.0,0.0,0.0
2023-07-06 00:00:00-04:00,22.920000076293945,22.920000076293945,22.549999237060547,22.68000030517578,20800,0.0,0.0,0.0
2023-07-07 00:00:00-04:00,22.899999618530273,23.1200008392334,22.899999618530273,23.0,8800,0.0,0.0,0.0
2023-07-10 00:00:00-04:00,23.149999618530273,23.299999237060547,23.100000381469727,23.299999237060547,10600,0.0,0.0,0.0
2023-07-11 00:00:00-04:00,23.530000686645508,23.81999969482422,23.530000686645508,23.809999465942383,14600,0.0,0.0,0.0
2023-07-12 00:00:00-04:00,24.280000686645508,24.5,24.170000076293945,24.399999618530273,6500,0.0,0.0,0.0
2023-07-13 00:00:00-04:00,24.65999984741211,24.850000381469727,24.649999618530273,24.850000381469727,6200,0.0,0.0,0.0
2023-07-14 00:00:00-04:00,24.579999923706055,24.649999618530273,24.209999084472656,24.209999084472656,17200,0.0,0.0,0.0
2023-07-17 00:00:00-04:00,24.0,24.110000610351562,24.0,24.079999923706055,2600,0.0,0.0,0.0
2023-07-18 00:00:00-04:00,24.229999542236328,24.440000534057617,24.229999542236328,24.40999984741211,4600,0.0,0.0,0.0
2023-07-19 00:00:00-04:00,24.479999542236328,24.6200008392334,24.440000534057617,24.510000228881836,8100,0.0,0.0,0.0
2023-07-20 00:00:00-04:00,24.899999618530273,24.90999984741211,24.700000762939453,24.809999465942383,6900,0.0,0.0,0.0
2023-07-21 00:00:00-04:00,24.799999237060547,24.8799991607666,24.799999237060547,24.850000381469727,2400,0.0,0.0,0.0
2023-07-24 00:00:00-04:00,24.84000015258789,25.100000381469727,24.84000015258789,25.0,10600,0.0,0.0,0.0
2023-07-25 00:00:00-04:00,25.100000381469727,25.139999389648438,25.06999969482422,25.1299991607666,2200,0.0,0.0,0.0
2023-07-26 00:00:00-04:00,24.700000762939453,24.969999313354492,24.68000030517578,24.889999389648438,14300,0.0,0.0,0.0
2023-07-27 00:00:00-04:00,25.0,25.0,24.579999923706055,24.639999389648438,5500,0.0,0.0,0.0
2023-07-28 00:00:00-04:00,24.6299991607666,24.790000915527344,24.6299991607666,24.670000076293945,3900,0.0,0.0,0.0
2023-07-31 00:00:00-04:00,25.0,25.1200008392334,24.989999771118164,25.09000015258789,17500,0.0,0.0,0.0
2023-08-01 00:00:00-04:00,24.860000610351562,24.899999618530273,24.729999542236328,24.84000015258789,6600,0.0,0.0,0.0
2023-08-02 00:00:00-04:00,24.65999984741211,24.65999984741211,24.329999923706055,24.329999923706055,14500,0.0,0.0,0.0
2023-08-03 00:00:00-04:00,24.360000610351562,24.68000030517578,24.360000610351562,24.649999618530273,7200,0.0,0.0,0.0
2023-08-04 00:00:00-04:00,24.8799991607666,25.200000762939453,24.8700008392334,24.8700008392334,16800,0.0,0.0,0.0
2023-08-07 00:00:00-04:00,24.850000381469727,24.920000076293945,24.760000228881836,24.920000076293945,5700,0.0,0.0,0.0
2023-08-08 00:00:00-04:00,24.31999969482422,24.559999465942383,24.18000030517578,24.5,6600,0.0,0.0,0.0
2023-08-09 00:00:00-04:00,25.020000457763672,25.049999237060547,24.84000015258789,24.959999084472656,10600,0.0,0.0,0.0
2023-08-10 00:00:00-04:00,25.0,25.0,24.709999084472656,24.719999313354492,4500,0.0,0.0,0.0
2023-08-11 00:00:00-04:00,24.559999465942383,24.56999969482422,24.549999237060547,24.56999969482422,5000,0.0,0.0,0.0
2023-08-14 00:00:00-04:00,24.399999618530273,24.600000381469727,24.329999923706055,24.530000686645508,9000,0.0,0.0,0.0
2023-08-15 00:00:00-04:00,24.270000457763672,24.3799991607666,24.200000762939453,24.200000762939453,8700,0.0,0.0,0.0
2023-08-16 00:00:00-04:00,24.229999542236328,24.3700008392334,23.989999771118164,23.989999771118164,4700,0.0,0.0,0.0
2023-08-17 00:00:00-04:00,24.309999465942383,24.309999465942383,24.040000915527344,24.049999237060547,2600,0.0,0.0,0.0
2023-08-18 00:00:00-04:00,23.75,23.899999618530273,23.729999542236328,23.899999618530273,12400,0.0,0.0,0.0
2023-08-21 00:00:00-04:00,24.0,24.010000228881836,23.860000610351562,23.979999542236328,6800,0.0,0.0,0.0
2023-08-22 00:00:00-04:00,24.010000228881836,24.010000228881836,23.709999084472656,23.709999084472656,12800,0.0,0.0,0.0
2023-08-23 00:00:00-04:00,23.520000457763672,23.809999465942383,23.3799991607666,23.739999771118164,2300,0.0,0.0,0.0
2023-08-24 00:00:00-04:00,23.510000228881836,23.559999465942383,23.389999389648438,23.40999984741211,3100,0.0,0.0,0.0
2023-08-25 00:00:00-04:00,23.700000762939453,23.700000762939453,23.43000030517578,23.639999389648438,1500,0.0,0.0,0.0
2023-08-28 00:00:00-04:00,23.770000457763672,23.790000915527344,23.6299991607666,23.760000228881836,4300,0.0,0.0,0.0
2023-08-29 00:00:00-04:00,23.75,24.229999542236328,23.75,24.15999984741211,8300,0.0,0.0,0.0
2023-08-30 00:00:00-04:00,24.219999313354492,24.219999313354492,24.139999389648438,24.200000762939453,1600,0.0,0.0,0.0
2023-08-31 00:00:00-04:00,24.100000381469727,24.100000381469727,23.889999389648438,24.040000915527344,2500,0.0,0.0,0.0
2023-09-01 00:00:00-04:00,24.479999542236328,24.479999542236328,24.1200008392334,24.239999771118164,4400,0.0,0.0,0.0
2023-09-05 00:00:00-04:00,24.239999771118164,24.299999237060547,24.18000030517578,24.18000030517578,1800,0.0,0.0,0.0
2023-09-06 00:00:00-04:00,24.059999465942383,24.1299991607666,23.989999771118164,24.1200008392334,4200,0.0,0.0,0.0
2023-09-07 00:00:00-04:00,24.030000686645508,24.1299991607666,23.969999313354492,24.049999237060547,4100,0.0,0.0,0.0
2023-09-08 00:00:00-04:00,24.280000686645508,24.280000686645508,24.15999984741211,24.15999984741211,1900,0.0,0.0,0.0
2023-09-11 00:00:00-04:00,24.459999084472656,24.459999084472656,24.31999969482422,24.40999984741211,5000,0.0,0.0,0.0
2023-09-12 00:00:00-04:00,24.31999969482422,24.399999618530273,24.280000686645508,24.350000381469727,3200,0.0,0.0,0.0
2023-09-13 00:00:00-04:00,24.329999923706055,24.329999923706055,24.200000762939453,24.200000762939453,800,0.0,0.0,0.0
2023-09-14 00:00:00-04:00,24.5,24.719999313354492,24.5,24.700000762939453,5800,0.0,0.0,0.0
2023-09-15 00:00:00-04:00,24.6200008392334,24.709999084472656,24.520000457763672,24.520000457763672,5500,0.0,0.0,0.0
2023-09-18 00:00:00-04:00,24.520000457763672,24.559999465942383,24.40999984741211,24.559999465942383,2600,0.0,0.0,0.0
2023-09-19 00:00:00-04:00,24.709999084472656,24.709999084472656,24.56999969482422,24.639999389648438,66400,0.0,0.0,0.0
2023-09-20 00:00:00-04:00,24.770000457763672,24.920000076293945,24.65999984741211,24.65999984741211,4300,0.0,0.0,0.0
2023-09-21 00:00:00-04:00,24.559999465942383,24.579999923706055,24.3700008392334,24.3700008392334,23600,0.0,0.0,0.0
2023-09-22 00:00:00-04:00,24.600000381469727,24.81999969482422,24.540000915527344,24.549999237060547,17600,0.0,0.0,0.0
2023-09-25 00:00:00-04:00,24.329999923706055,24.360000610351562,24.25,24.31999969482422,6900,0.0,0.0,0.0
2023-09-26 00:00:00-04:00,24.1299991607666,24.229999542236328,24.049999237060547,24.1200008392334,2900,0.0,0.0,0.0
2023-09-27 00:00:00-04:00,24.440000534057617,24.579999923706055,24.440000534057617,24.540000915527344,3500,0.0,0.0,0.0
2023-09-28 00:00:00-04:00,24.420000076293945,24.549999237060547,24.420000076293945,24.530000686645508,4600,0.0,0.0,0.0
2023-09-29 00:00:00-04:00,24.8700008392334,24.8700008392334,24.510000228881836,24.56999969482422,2600,0.0,0.0,0.0
2023-10-02 00:00:00-04:00,24.450000762939453,24.450000762939453,23.989999771118164,24.049999237060547,4600,0.0,0.0,0.0
2023-10-03 00:00:00-04:00,23.59000015258789,23.59000015258789,23.389999389648438,23.459999084472656,8100,0.0,0.0,0.0
2023-10-04 00:00:00-04:00,23.3700008392334,23.3700008392334,23.059999465942383,23.190000534057617,4000,0.0,0.0,0.0
2023-10-05 00:00:00-04:00,23.270000457763672,23.290000915527344,23.139999389648438,23.290000915527344,11800,0.0,0.0,0.0
2023-10-06 00:00:00-04:00,23.260000228881836,23.719999313354492,23.239999771118164,23.639999389648438,7100,0.0,0.0,0.0
2023-10-09 00:00:00-04:00,23.8700008392334,24.219999313354492,23.8700008392334,24.200000762939453,3100,0.0,0.0,0.0
2023-10-10 00:00:00-04:00,24.360000610351562,24.440000534057617,24.350000381469727,24.399999618530273,5800,0.0,0.0,0.0
2023-10-11 00:00:00-04:00,24.239999771118164,24.309999465942383,24.139999389648438,24.290000915527344,35500,0.0,0.0,0.0
2023-10-12 00:00:00-04:00,24.43000030517578,24.43000030517578,24.110000610351562,24.149999618530273,4400,0.0,0.0,0.0
2023-10-13 00:00:00-04:00,24.280000686645508,24.399999618530273,24.270000457763672,24.360000610351562,7200,0.0,0.0,0.0
2023-10-16 00:00:00-04:00,24.399999618530273,24.459999084472656,24.329999923706055,24.459999084472656,9400,0.0,0.0,0.0
2023-10-17 00:00:00-04:00,24.110000610351562,24.399999618530273,24.110000610351562,24.34000015258789,16200,0.0,0.0,0.0
2023-10-18 00:00:00-04:00,24.170000076293945,24.170000076293945,24.049999237060547,24.059999465942383,2500,0.0,0.0,0.0
2023-10-19 00:00:00-04:00,23.760000228881836,23.860000610351562,23.729999542236328,23.75,7400,0.0,0.0,0.0
2023-10-20 00:00:00-04:00,23.31999969482422,23.469999313354492,23.290000915527344,23.290000915527344,4700,0.0,0.0,0.0
2023-10-23 00:00:00-04:00,22.959999084472656,23.079999923706055,22.809999465942383,22.920000076293945,4500,0.0,0.0,0.0
2023-10-24 00:00:00-04:00,22.969999313354492,23.030000686645508,22.920000076293945,22.979999542236328,3200,0.0,0.0,0.0
2023-10-25 00:00:00-04:00,23.0,23.0,22.809999465942383,22.8799991607666,1900,0.0,0.0,0.0
2023-10-26 00:00:00-04:00,22.670000076293945,22.780000686645508,22.59000015258789,22.75,2800,0.0,0.0,0.0
2023-10-27 00:00:00-04:00,23.100000381469727,23.100000381469727,22.84000015258789,22.920000076293945,7400,0.0,0.0,0.0
2023-10-30 00:00:00-04:00,23.229999542236328,23.260000228881836,23.110000610351562,23.260000228881836,14800,0.0,0.0,0.0
2023-10-31 00:00:00-04:00,23.18000030517578,23.399999618530273,23.1299991607666,23.399999618530273,26400,0.0,0.0,0.0
2023-11-01 00:00:00-04:00,23.190000534057617,23.31999969482422,23.170000076293945,23.290000915527344,4800,0.0,0.0,0.0
2023-11-02 00:00:00-04:00,23.399999618530273,23.579999923706055,23.399999618530273,23.559999465942383,14800,0.0,0.0,0.0
2023-11-03 00:00:00-04:00,23.610000610351562,23.65999984741211,23.479999542236328,23.6299991607666,6500,0.0,0.0,0.0
2023-11-06 00:00:00-05:00,23.81999969482422,23.850000381469727,23.600000381469727,23.600000381469727,10100,0.0,0.0,0.0
2023-11-07 00:00:00-05:00,23.100000381469727,23.100000381469727,22.889999389648438,22.979999542236328,3400,0.0,0.0,0.0
2023-11-08 00:00:00-05:00,23.1299991607666,23.190000534057617,23.020000457763672,23.139999389648438,3600,0.0,0.0,0.0
2023-11-09 00:00:00-05:00,23.420000076293945,23.579999923706055,23.270000457763672,23.270000457763672,3200,0.0,0.0,0.0
2023-11-10 00:00:00-05:00,23.450000762939453,23.59000015258789,23.329999923706055,23.579999923706055,5200,0.0,0.0,0.0
2023-11-13 00:00:00-05:00,23.520000457763672,23.780000686645508,23.520000457763672,23.75,8300,0.0,0.0,0.0
2023-11-14 00:00:00-05:00,23.950000762939453,24.200000762939453,23.93000030517578,24.15999984741211,18100,0.0,0.0,0.0
2023-11-15 00:00:00-05:00,24.31999969482422,24.440000534057617,24.309999465942383,24.309999465942383,6400,0.0,0.0,0.0
2023-11-16 00:00:00-05:00,23.950000762939453,23.979999542236328,23.68000030517578,23.719999313354492,175200,0.0,0.0,0.0
2023-11-17 00:00:00-05:00,24.100000381469727,24.270000457763672,24.100000381469727,24.219999313354492,7900,0.0,0.0,0.0
2023-11-20 00:00:00-05:00,24.440000534057617,24.639999389648438,24.40999984741211,24.6200008392334,5600,0.0,0.0,0.0
2023-11-21 00:00:00-05:00,24.40999984741211,24.469999313354492,24.3700008392334,24.3799991607666,1800,0.0,0.0,0.0
2023-11-22 00:00:00-05:00,24.1299991607666,24.239999771118164,24.059999465942383,24.209999084472656,6900,0.0,0.0,0.0
2023-11-24 00:00:00-05:00,24.639999389648438,24.850000381469727,24.639999389648438,24.809999465942383,3600,0.0,0.0,0.0
2023-11-27 00:00:00-05:00,24.829999923706055,24.889999389648438,24.739999771118164,24.889999389648438,5500,0.0,0.0,0.0
2023-11-28 00:00:00-05:00,24.670000076293945,24.729999542236328,24.670000076293945,24.729999542236328,2700,0.0,0.0,0.0
2023-11-29 00:00:00-05:00,24.540000915527344,24.59000015258789,24.440000534057617,24.510000228881836,5000,0.0,0.0,0.0
2023-11-30 00:00:00-05:00,24.399999618530273,24.450000762939453,24.299999237060547,24.309999465942383,2100,0.0,0.0,0.0
2023-12-01 00:00:00-05:00,24.40999984741211,24.770000457763672,24.40999984741211,24.719999313354492,18300,0.0,0.0,0.0
2023-12-04 00:00:00-05:00,24.09000015258789,24.200000762939453,23.959999084472656,24.020000457763672,7800,0.0,0.0,0.0
2023-12-05 00:00:00-05:00,24.020000457763672,24.020000457763672,23.90999984741211,23.90999984741211,1500,0.0,0.0,0.0
2023-12-06 00:00:00-05:00,23.860000610351562,23.860000610351562,23.670000076293945,23.700000762939453,3200,0.0,0.0,0.0
2023-12-07 00:00:00-05:00,23.84000015258789,23.899999618530273,23.84000015258789,23.899999618530273,2100,0.0,0.0,0.0
2023-12-08 00:00:00-05:00,23.8799991607666,23.989999771118164,23.8799991607666,23.989999771118164,1600,0.0,0.0,0.0
2023-12-11 00:00:00-05:00,23.889999389648438,23.940000534057617,23.84000015258789,23.920000076293945,4400,0.0,0.0,0.0
2023-12-12 00:00:00-05:00,23.700000762939453,23.770000457763672,23.700000762939453,23.709999084472656,2300,0.0,0.0,0.0
2023-12-13 00:00:00-05:00,23.75,24.239999771118164,23.739999771118164,24.1299991607666,9100,0.0,0.0,0.0
2023-12-14 00:00:00-05:00,24.920000076293945,25.18000030517578,24.8799991607666,25.059999465942383,35000,0.0,0.0,0.0
2023-12-15 00:00:00-05:00,25.110000610351562,25.149999618530273,24.969999313354492,25.030000686645508,17600,0.0,0.0,0.0
2023-12-18 00:00:00-05:00,25.469999313354492,25.469999313354492,25.350000381469727,25.420000076293945,4500,0.0,0.0,0.0
2023-12-19 00:00:00-05:00,25.540000915527344,25.639999389648438,25.5,25.639999389648438,5900,0.0,0.0,0.0
2023-12-20 00:00:00-05:00,25.350000381469727,25.43000030517578,25.09000015258789,25.110000610351562,4700,0.0,0.0,0.0
2023-12-21 00:00:00-05:00,25.280000686645508,25.440000534057617,25.170000076293945,25.440000534057617,43600,0.0,0.0,0.0
2023-12-22 00:00:00-05:00,25.6200008392334,25.68000030517578,25.610000610351562,25.65999984741211,14800,0.0,0.0,0.0
2023-12-26 00:00:00-05:00,25.530000686645508,25.860000610351562,25.530000686645508,25.860000610351562,4500,0.0,0.0,0.0
2023-12-27 00:00:00-05:00,26.049999237060547,26.18000030517578,25.950000762939453,26.079999923706055,3400,0.0,0.0,0.0
2023-12-28 00:00:00-05:00,25.469999313354492,25.559999465942383,25.239999771118164,25.239999771118164,6600,0.0,0.0,0.0
2023-12-29 00:00:00-05:00,25.459999084472656,25.549999237060547,25.440000534057617,25.469999313354492,6700,0.0,0.0,0.0
2024-01-02 00:00:00-05:00,25.149999618530273,25.18000030517578,24.979999542236328,24.979999542236328,14000,0.0,0.0,0.0
2024-01-03 00:00:00-05:00,24.93000030517578,25.170000076293945,24.93000030517578,25.170000076293945,5100,0.0,0.0,0.0
2024-01-04 00:00:00-05:00,25.40999984741211,25.540000915527344,25.40999984741211,25.489999771118164,6100,0.0,0.0,0.0
2024-01-05 00:00:00-05:00,25.329999923706055,25.6200008392334,25.309999465942383,25.3799991607666,6400,0.0,0.0,0.0
2024-01-08 00:00:00-05:00,24.979999542236328,25.09000015258789,24.90999984741211,25.09000015258789,5600,0.0,0.0,0.0
2024-01-09 00:00:00-05:00,25.020000457763672,25.040000915527344,24.899999618530273,24.940000534057617,12300,0.0,0.0,0.0
2024-01-10 00:00:00-05:00,24.920000076293945,24.920000076293945,24.8700008392334,24.899999618530273,2000,0.0,0.0,0.0
2024-01-11 00:00:00-05:00,24.729999542236328,24.8799991607666,24.68000030517578,24.8799991607666,59700,0.0,0.0,0.0
2024-01-12 00:00:00-05:00,25.170000076293945,25.170000076293945,24.940000534057617,25.06999969482422,4800,0.0,0.0,0.0
2024-01-16 00:00:00-05:00,24.489999771118164,24.520000457763672,24.229999542236328,24.239999771118164,12500,0.0,0.0,0.0
2024-01-17 00:00:00-05:00,23.93000030517578,24.049999237060547,23.93000030517578,24.030000686645508,6900,0.0,0.0,0.0
2024-01-18 00:00:00-05:00,24.139999389648438,24.18000030517578,24.079999923706055,24.139999389648438,2000,0.0,0.0,0.0
2024-01-19 00:00:00-05:00,24.219999313354492,24.31999969482422,24.18000030517578,24.31999969482422,3200,0.0,0.0,0.0
2024-01-22 00:00:00-05:00,24.1299991607666,24.260000228881836,24.1299991607666,24.190000534057617,2700,0.0,0.0,0.0
2024-01-23 00:00:00-05:00,24.170000076293945,24.31999969482422,24.1200008392334,24.309999465942383,8000,0.0,0.0,0.0
2024-01-24 00:00:00-05:00,24.459999084472656,24.549999237060547,24.440000534057617,24.440000534057617,2400,0.0,0.0,0.0
2024-01-25 00:00:00-05:00,24.420000076293945,24.540000915527344,24.329999923706055,24.540000915527344,15800,0.0,0.0,0.0
2024-01-26 00:00:00-05:00,24.709999084472656,24.809999465942383,24.639999389648438,24.700000762939453,4300,0.0,0.0,0.0
2024-01-29 00:00:00-05:00,24.559999465942383,24.68000030517578,24.479999542236328,24.68000030517578,3400,0.0,0.0,0.0
2024-01-30 00:00:00-05:00,24.5,24.510000228881836,24.5,24.510000228881836,1200,0.0,0.0,0.0
2024-01-31 00:00:00-05:00,24.469999313354492,24.469999313354492,24.110000610351562,24.110000610351562,2500,0.0,0.0,0.0
2024-02-01 00:00:00-05:00,24.299999237060547,24.389999389648438,24.290000915527344,24.3700008392334,15800,0.0,0.0,0.0
2024-02-02 00:00:00-05:00,23.920000076293945,24.010000228881836,23.829999923706055,23.940000534057617,12000,0.0,0.0,0.0
2024-02-05 00:00:00-05:00,23.530000686645508,23.700000762939453,23.520000457763672,23.649999618530273,43700,0.0,0.0,0.0
2024-02-06 00:00:00-05:00,23.68000030517578,24.030000686645508,23.68000030517578,23.979999542236328,4100,0.0,0.0,0.0
2024-02-07 00:00:00-05:00,23.610000610351562,23.719999313354492,23.579999923706055,23.579999923706055,5400,0.0,0.0,0.0
2024-02-08 00:00:00-05:00,23.290000915527344,23.350000381469727,23.280000686645508,23.290000915527344,3700,0.0,0.0,0.0
2024-02-09 00:00:00-05:00,23.459999084472656,23.559999465942383,23.450000762939453,23.559999465942383,5300,0.0,0.0,0.0
2024-02-12 00:00:00-05:00,23.690000534057617,23.850000381469727,23.690000534057617,23.799999237060547,3300,0.0,0.0,0.0
2024-02-13 00:00:00-05:00,23.559999465942383,23.559999465942383,23.209999084472656,23.219999313354492,3600,0.0,0.0,0.0
2024-02-14 00:00:00-05:00,23.649999618530273,23.649999618530273,23.459999084472656,23.559999465942383,10300,0.0,0.0,0.0
2024-02-15 00:00:00-05:00,23.510000228881836,23.809999465942383,23.510000228881836,23.809999465942383,33900,0.0,0.0,0.0
2024-02-16 00:00:00-05:00,23.940000534057617,24.100000381469727,23.920000076293945,24.100000381469727,6600,0.0,0.0,0.0
2024-02-20 00:00:00-05:00,24.0,24.190000534057617,23.899999618530273,23.950000762939453,7900,0.0,0.0,0.0
2024-02-21 00:00:00-05:00,23.979999542236328,24.040000915527344,23.8799991607666,23.93000030517578,6000,0.0,0.0,0.0
2024-02-22 00:00:00-05:00,24.1200008392334,24.360000610351562,23.93000030517578,24.040000915527344,10300,0.0,0.0,0.0
2024-02-23 00:00:00-05:00,23.860000610351562,23.959999084472656,23.81999969482422,23.920000076293945,14000,0.0,0.0,0.0
2024-02-26 00:00:00-05:00,23.940000534057617,23.950000762939453,23.850000381469727,23.93000030517578,5300,0.0,0.0,0.0
2024-02-27 00:00:00-05:00,23.889999389648438,24.100000381469727,23.81999969482422,23.920000076293945,2800,0.0,0.0,0.0
2024-02-28 00:00:00-05:00,23.850000381469727,23.920000076293945,23.799999237060547,23.8700008392334,4700,0.0,0.0,0.0
2024-02-29 00:00:00-05:00,23.93000030517578,23.93000030517578,23.790000915527344,23.790000915527344,4400,0.0,0.0,0.0
2024-03-01 00:00:00-05:00,24.139999389648438,24.350000381469727,24.0,24.350000381469727,14000,0.0,0.0,0.0
2024-03-04 00:00:00-05:00,24.15999984741211,24.15999984741211,24.020000457763672,24.020000457763672,2200,0.0,0.0,0.0
2024-03-05 00:00:00-05:00,24.1299991607666,24.200000762939453,24.020000457763672,24.020000457763672,5700,0.0,0.0,0.0
2024-03-06 00:00:00-05:00,24.1299991607666,24.3799991607666,24.1299991607666,24.239999771118164,2600,0.0,0.0,0.0
2024-03-07 00:00:00-05:00,24.420000076293945,24.600000381469727,24.350000381469727,24.469999313354492,4500,0.0,0.0,0.0
2024-03-08 00:00:00-05:00,24.579999923706055,24.579999923706055,24.40999984741211,24.40999984741211,1700,0.0,0.0,0.0
2024-03-11 00:00:00-04:00,24.280000686645508,24.350000381469727,24.170000076293945,24.350000381469727,4200,0.0,0.0,0.0
2024-03-12 00:00:00-04:00,24.34000015258789,24.3799991607666,24.290000915527344,24.309999465942383,6100,0.0,0.0,0.0
2024-03-13 00:00:00-04:00,24.5,24.75,24.5,24.639999389648438,12000,0.0,0.0,0.0
2024-03-14 00:00:00-04:00,24.469999313354492,24.489999771118164,24.399999618530273,24.489999771118164,12400,0.0,0.0,0.0
2024-03-15 00:00:00-04:00,24.450000762939453,24.510000228881836,24.290000915527344,24.5,6300,0.0,0.0,0.0
2024-03-18 00:00:00-04:00,24.600000381469727,24.6200008392334,24.280000686645508,24.459999084472656,9400,0.0,0.0,0.0
2024-03-19 00:00:00-04:00,24.40999984741211,24.530000686645508,24.40999984741211,24.5,9400,0.0,0.0,0.0
2024-03-20 00:00:00-04:00,24.389999389648438,24.8799991607666,24.31999969482422,24.8799991607666,2700,0.0,0.0,0.0
2024-03-21 00:00:00-04:00,24.709999084472656,24.709999084472656,24.540000915527344,24.540000915527344,2900,0.0,0.0,0.0
2024-03-22 00:00:00-04:00,24.549999237060547,24.709999084472656,24.510000228881836,24.59000015258789,3400,0.0,0.0,0.0
2024-03-25 00:00:00-04:00,24.59000015258789,24.760000228881836,24.540000915527344,24.65999984741211,4900,0.0,0.0,0.0
2024-03-26 00:00:00-04:00,24.860000610351562,24.860000610351562,24.530000686645508,24.549999237060547,5400,0.0,0.0,0.0
2024-03-27 00:00:00-04:00,24.700000762939453,24.700000762939453,24.559999465942383,24.68000030517578,1600,0.0,0.0,0.0
2024-03-28 00:00:00-04:00,24.670000076293945,24.670000076293945,24.530000686645508,24.530000686645508,1800,0.0,0.0,0.0
2024-04-01 00:00:00-04:00,24.540000915527344,24.600000381469727,24.3700008392334,24.40999984741211,10800,0.0,0.0,0.0
2024-04-02 00:00:00-04:00,24.610000610351562,24.850000381469727,24.610000610351562,24.780000686645508,14100,0.0,0.0,0.0
2024-04-03 00:00:00-04:00,24.940000534057617,25.25,24.690000534057617,25.149999618530273,5500,0.0,0.0,0.0
2024-04-04 00:00:00-04:00,25.280000686645508,25.360000610351562,24.940000534057617,24.940000534057617,6300,0.0,0.0,0.0
2024-04-05 00:00:00-04:00,25.190000534057617,25.290000915527344,25.15999984741211,25.229999542236328,15500,0.0,0.0,0.0
2024-04-08 00:00:00-04:00,25.3700008392334,25.389999389648438,25.209999084472656,25.309999465942383,18800,0.0,0.0,0.0
2024-04-09 00:00:00-04:00,25.3799991607666,25.520000457763672,25.149999618530273,25.290000915527344,34300,0.0,0.0,0.0
2024-04-10 00:00:00-04:00,25.0,25.200000762939453,24.959999084472656,25.1200008392334,83600,0.0,0.0,0.0
2024-04-11 00:00:00-04:00,25.190000534057617,25.329999923706055,24.90999984741211,25.309999465942383,8000,0.0,0.0,0.0
2024-04-12 00:00:00-04:00,25.1299991607666,25.25,24.979999542236328,25.010000228881836,5500,0.0,0.0,0.0
2024-04-15 00:00:00-04:00,24.93000030517578,25.020000457763672,24.6299991607666,24.68000030517578,177600,0.0,0.0,0.0
2024-04-16 00:00:00-04:00,24.549999237060547,24.6200008392334,24.43000030517578,24.530000686645508,19100,0.0,0.0,0.0
2024-04-17 00:00:00-04:00,24.540000915527344,24.770000457763672,24.31999969482422,24.40999984741211,14700,0.0,0.0,0.0
2024-04-18 00:00:00-04:00,24.3700008392334,24.440000534057617,24.190000534057617,24.270000457763672,12400,0.0,0.0,0.0
2024-04-19 00:00:00-04:00,24.290000915527344,24.399999618530273,24.170000076293945,24.299999237060547,19800,0.0,0.0,0.0
2024-04-22 00:00:00-04:00,24.360000610351562,24.450000762939453,24.149999618530273,24.399999618530273,170700,0.0,0.0,0.0
2024-04-23 00:00:00-04:00,24.299999237060547,24.639999389648438,24.229999542236328,24.600000381469727,27200,0.0,0.0,0.0
2024-04-24 00:00:00-04:00,24.56999969482422,24.59000015258789,24.450000762939453,24.549999237060547,5000,0.0,0.0,0.0
2024-04-25 00:00:00-04:00,24.649999618530273,24.899999618530273,24.649999618530273,24.889999389648438,9600,0.0,0.0,0.0
2024-04-26 00:00:00-04:00,24.850000381469727,24.850000381469727,24.68000030517578,24.799999237060547,10400,0.0,0.0,0.0
2024-04-29 00:00:00-04:00,24.719999313354492,24.8799991607666,24.65999984741211,24.780000686645508,16400,0.0,0.0,0.0
2024-04-30 00:00:00-04:00,24.719999313354492,24.75,24.450000762939453,24.450000762939453,4000,0.0,0.0,0.0
2024-05-01 00:00:00-04:00,24.399999618530273,24.549999237060547,24.31999969482422,24.43000030517578,5300,0.0,0.0,0.0
2024-05-02 00:00:00-04:00,24.59000015258789,24.760000228881836,24.59000015258789,24.760000228881836,5100,0.0,0.0,0.0
2024-05-03 00:00:00-04:00,25.260000228881836,25.260000228881836,25.1299991607666,25.190000534057617,7500,0.0,0.0,0.0
2024-05-06 00:00:00-04:00,25.469999313354492,25.6200008392334,25.469999313354492,25.530000686645508,12800,0.0,0.0,0.0
2024-05-07 00:00:00-04:00,25.510000228881836,25.530000686645508,25.479999542236328,25.479999542236328,1800,0.0,0.0,0.0
2024-05-08 00:00:00-04:00,25.450000762939453,25.59000015258789,25.450000762939453,25.59000015258789,5800,0.0,0.0,0.0
2024-05-09 00:00:00-04:00,25.639999389648438,25.8799991607666,25.639999389648438,25.84000015258789,3200,0.0,0.0,0.0
2024-05-10 00:00:00-04:00,26.110000610351562,26.110000610351562,26.0,26.049999237060547,7300,0.0,0.0,0.0
2024-05-13 00:00:00-04:00,26.010000228881836,26.110000610351562,26.010000228881836,26.110000610351562,5100,0.0,0.0,0.0
2024-05-14 00:00:00-04:00,26.100000381469727,26.170000076293945,26.010000228881836,26.170000076293945,11200,0.0,0.0,0.0
2024-05-15 00:00:00-04:00,26.229999542236328,26.420000076293945,26.190000534057617,26.420000076293945,6400,0.0,0.0,0.0
2024-05-16 00:00:00-04:00,26.420000076293945,26.43000030517578,26.270000457763672,26.34000015258789,2000,0.0,0.0,0.0
2024-05-17 00:00:00-04:00,26.239999771118164,26.559999465942383,26.239999771118164,26.549999237060547,5800,0.0,0.0,0.0
2024-05-20 00:00:00-04:00,26.530000686645508,26.600000381469727,26.399999618530273,26.399999618530273,1800,0.0,0.0,0.0
2024-05-21 00:00:00-04:00,26.559999465942383,26.739999771118164,26.559999465942383,26.639999389648438,2700,0.0,0.0,0.0
2024-05-22 00:00:00-04:00,26.610000610351562,26.6200008392334,26.260000228881836,26.43000030517578,3300,0.0,0.0,0.0
2024-05-23 00:00:00-04:00,26.75,26.75,26.3799991607666,26.3799991607666,2200,0.0,0.0,0.0
2024-05-24 00:00:00-04:00,26.799999237060547,26.969999313354492,26.799999237060547,26.889999389648438,17000,0.0,0.0,0.0
2024-05-28 00:00:00-04:00,27.34000015258789,27.440000534057617,27.15999984741211,27.280000686645508,7500,0.0,0.0,0.0
2024-05-29 00:00:00-04:00,26.950000762939453,26.950000762939453,26.670000076293945,26.739999771118164,4100,0.0,0.0,0.0
2024-05-30 00:00:00-04:00,27.059999465942383,27.219999313354492,26.850000381469727,27.100000381469727,15000,0.0,0.0,0.0
2024-05-31 00:00:00-04:00,27.3799991607666,27.459999084472656,27.239999771118164,27.43000030517578,12900,0.0,0.0,0.0
2024-06-03 00:00:00-04:00,27.520000457763672,27.559999465942383,27.200000762939453,27.34000015258789,10500,0.0,0.0,0.0
2024-06-04 00:00:00-04:00,26.639999389648438,26.739999771118164,26.389999389648438,26.6200008392334,8500,0.0,0.0,0.0
2024-06-05 00:00:00-04:00,26.850000381469727,26.850000381469727,26.549999237060547,26.68000030517578,5600,0.0,0.0,0.0
2024-06-06 00:00:00-04:00,26.510000228881836,26.6200008392334,26.510000228881836,26.600000381469727,3000,0.0,0.0,0.0
2024-06-07 00:00:00-04:00,26.540000915527344,26.600000381469727,26.100000381469727,26.260000228881836,23500,0.0,0.0,0.0
2024-06-10 00:00:00-04:00,26.389999389648438,26.719999313354492,26.190000534057617,26.65999984741211,9300,0.0,0.0,0.0
2024-06-11 00:00:00-04:00,26.18000030517578,26.200000762939453,26.010000228881836,26.15999984741211,10700,0.0,0.0,0.0
2024-06-12 00:00:00-04:00,26.75,26.760000228881836,26.510000228881836,26.579999923706055,5400,0.0,0.0,0.0
2024-06-13 00:00:00-04:00,26.43000030517578,26.43000030517578,26.09000015258789,26.09000015258789,3600,0.0,0.0,0.0
2024-06-14 00:00:00-04:00,25.93000030517578,25.93000030517578,25.780000686645508,25.799999237060547,3600,0.0,0.0,0.0
2024-06-17 00:00:00-04:00,25.889999389648438,26.229999542236328,25.790000915527344,26.139999389648438,8100,0.0,0.0,0.0
2024-06-18 00:00:00-04:00,26.170000076293945,26.360000610351562,26.170000076293945,26.31999969482422,27200,0.0,0.0,0.0
2024-06-20 00:00:00-04:00,26.610000610351562,26.610000610351562,26.43000030517578,26.530000686645508,12000,0.0,0.0,0.0
2024-06-21 00:00:00-04:00,26.43000030517578,26.520000457763672,26.43000030517578,26.43000030517578,7700,0.0,0.0,0.0
2024-06-24 00:00:00-04:00,26.709999084472656,26.770000457763672,26.6200008392334,26.639999389648438,3900,0.0,0.0,0.0
2024-06-25 00:00:00-04:00,26.459999084472656,26.489999771118164,26.350000381469727,26.420000076293945,4200,0.0,0.0,0.0
2024-06-26 00:00:00-04:00,26.1299991607666,26.350000381469727,26.1299991607666,26.190000534057617,7000,0.0,0.0,0.0
2024-06-27 00:00:00-04:00,25.68000030517578,25.770000457763672,25.5,25.549999237060547,7500,0.0,0.0,0.0
2024-06-28 00:00:00-04:00,25.84000015258789,25.84000015258789,25.479999542236328,25.670000076293945,30500,0.0,0.0,0.0
2024-07-01 00:00:00-04:00,25.90999984741211,26.110000610351562,25.719999313354492,25.899999618530273,8100,0.0,0.0,0.0
2024-07-02 00:00:00-04:00,25.690000534057617,25.790000915527344,25.649999618530273,25.719999313354492,5200,0.0,0.0,0.0
2024-07-03 00:00:00-04:00,25.940000534057617,26.260000228881836,25.940000534057617,26.079999923706055,5100,0.0,0.0,0.0
2024-07-05 00:00:00-04:00,26.010000228881836,26.030000686645508,25.729999542236328,25.950000762939453,15200,0.0,0.0,0.0
2024-07-08 00:00:00-04:00,25.65999984741211,25.729999542236328,25.56999969482422,25.6200008392334,6500,0.0,0.0,0.0
2024-07-09 00:00:00-04:00,25.5,25.5,25.309999465942383,25.3700008392334,2600,0.0,0.0,0.0
2024-07-10 00:00:00-04:00,25.3700008392334,25.479999542236328,25.299999237060547,25.420000076293945,13600,0.0,0.0,0.0
2024-07-11 00:00:00-04:00,25.440000534057617,25.530000686645508,25.299999237060547,25.479999542236328,6200,0.0,0.0,0.0
2024-07-12 00:00:00-04:00,25.68000030517578,25.809999465942383,25.68000030517578,25.68000030517578,3700,0.0,0.0,0.0
2024-07-15 00:00:00-04:00,25.450000762939453,25.56999969482422,25.34000015258789,25.3700008392334,3400,0.0,0.0,0.0
2024-07-16 00:00:00-04:00,25.280000686645508,25.489999771118164,25.219999313354492,25.489999771118164,6500,0.0,0.0,0.0
2024-07-17 00:00:00-04:00,25.68000030517578,25.700000762939453,25.459999084472656,25.549999237060547,3100,0.0,0.0,0.0
2024-07-18 00:00:00-04:00,25.850000381469727,25.920000076293945,25.40999984741211,25.40999984741211,6300,0.0,0.0,0.0
2024-07-19 00:00:00-04:00,25.5,25.56999969482422,25.3799991607666,25.3799991607666,1200,0.0,0.0,0.0
2024-07-22 00:00:00-04:00,25.479999542236328,25.709999084472656,25.459999084472656,25.639999389648438,10600,0.0,0.0,0.0
2024-07-23 00:00:00-04:00,25.350000381469727,25.350000381469727,25.15999984741211,25.329999923706055,2500,0.0,0.0,0.0
2024-07-24 00:00:00-04:00,25.209999084472656,25.239999771118164,25.049999237060547,25.06999969482422,3000,0.0,0.0,0.0
2024-07-25 00:00:00-04:00,25.020000457763672,25.290000915527344,24.8700008392334,25.09000015258789,3800,0.0,0.0,0.0
2024-07-26 00:00:00-04:00,25.1200008392334,25.239999771118164,25.06999969482422,25.149999618530273,4800,0.0,0.0,0.0
2024-07-29 00:00:00-04:00,25.389999389648438,25.389999389648438,25.1200008392334,25.329999923706055,10600,0.0,0.0,0.0
2024-07-30 00:00:00-04:00,25.3700008392334,25.450000762939453,25.360000610351562,25.360000610351562,2700,0.0,0.0,0.0
2024-07-31 00:00:00-04:00,25.84000015258789,25.84000015258789,25.700000762939453,25.739999771118164,10900,0.0,0.0,0.0
2024-08-01 00:00:00-04:00,25.84000015258789,25.84000015258789,25.1200008392334,25.229999542236328,6300,0.0,0.0,0.0
2024-08-02 00:00:00-04:00,24.93000030517578,25.0,24.770000457763672,24.84000015258789,3400,0.0,0.0,0.0
2024-08-05 00:00:00-04:00,23.889999389648438,24.049999237060547,23.530000686645508,23.950000762939453,20200,0.0,0.0,0.0
2024-08-06 00:00:00-04:00,23.920000076293945,24.479999542236328,23.920000076293945,24.440000534057617,21800,0.0,0.0,0.0
2024-08-07 00:00:00-04:00,24.8799991607666,25.059999465942383,24.5,24.799999237060547,13500,0.0,0.0,0.0
2024-08-08 00:00:00-04:00,24.799999237060547,25.020000457763672,24.799999237060547,25.020000457763672,3700,0.0,0.0,0.0
2024-08-09 00:00:00-04:00,25.059999465942383,25.290000915527344,25.059999465942383,25.229999542236328,5400,0.0,0.0,0.0
