Date,Open,High,Low,Close,Volume,Dividends,Stock Splits,Capital Gains
2023-01-13 00:00:00-05:00,25.32900047302246,25.32900047302246,25.32900047302246,25.32900047302246,300,0.0,0.0,0.0
2023-01-17 00:00:00-05:00,25.149999618530273,25.200000762939453,25.149999618530273,25.200000762939453,100,0.0,0.0,0.0
2023-01-18 00:00:00-05:00,25.610000610351562,25.610000610351562,24.434999465942383,25.350000381469727,200,0.0,0.0,0.0
2023-01-19 00:00:00-05:00,26.038999557495117,26.038999557495117,26.038999557495117,26.038999557495117,100,0.0,0.0,0.0
2023-01-20 00:00:00-05:00,26.15999984741211,26.15999984741211,26.014999389648438,26.014999389648438,300,0.0,0.0,0.0
2023-01-23 00:00:00-05:00,26.045000076293945,26.045000076293945,26.045000076293945,26.045000076293945,100,0.0,0.0,0.0
2023-01-24 00:00:00-05:00,26.045000076293945,26.045000076293945,26.045000076293945,26.045000076293945,0,0.0,0.0,0.0
2023-01-25 00:00:00-05:00,26.040000915527344,26.040000915527344,26.040000915527344,26.040000915527344,100,0.0,0.0,0.0
2023-01-26 00:00:00-05:00,26.40999984741211,26.40999984741211,26.274999618530273,26.274999618530273,100,0.0,0.0,0.0
2023-01-27 00:00:00-05:00,26.117000579833984,26.117000579833984,26.117000579833984,26.117000579833984,100,0.0,0.0,0.0
2023-01-30 00:00:00-05:00,26.6299991607666,26.6299991607666,26.450000762939453,26.450000762939453,400,0.0,0.0,0.0
2023-01-31 00:00:00-05:00,26.63800048828125,26.63800048828125,26.63800048828125,26.63800048828125,0,0.0,0.0,0.0
2023-02-01 00:00:00-05:00,26.56999969482422,26.621999740600586,26.56999969482422,26.621999740600586,100,0.0,0.0,0.0
2023-02-02 00:00:00-05:00,26.600000381469727,26.600000381469727,26.360000610351562,26.454999923706055,400,0.0,0.0,0.0
2023-02-03 00:00:00-05:00,25.915000915527344,25.915000915527344,25.915000915527344,25.915000915527344,100,0.0,0.0,0.0
2023-02-06 00:00:00-05:00,25.68000030517578,25.68000030517578,25.68000030517578,25.68000030517578,100,0.0,0.0,0.0
2023-02-07 00:00:00-05:00,25.450000762939453,25.549999237060547,25.450000762939453,25.46500015258789,700,0.0,0.0,0.0
2023-02-08 00:00:00-05:00,25.55500030517578,25.55500030517578,25.420000076293945,25.420000076293945,500,0.0,0.0,0.0
2023-02-09 00:00:00-05:00,25.729999542236328,25.729999542236328,25.6200008392334,25.6200008392334,200,0.0,0.0,0.0
2023-02-10 00:00:00-05:00,25.600000381469727,25.600000381469727,25.5,25.5,100,0.0,0.0,0.0
2023-02-13 00:00:00-05:00,25.405000686645508,25.405000686645508,25.405000686645508,25.405000686645508,100,0.0,0.0,0.0
2023-02-14 00:00:00-05:00,25.40999984741211,25.40999984741211,25.40999984741211,25.40999984741211,100,0.0,0.0,0.0
2023-02-15 00:00:00-05:00,25.448999404907227,25.530000686645508,25.415000915527344,25.420000076293945,6700,0.0,0.0,0.0
2023-02-16 00:00:00-05:00,25.649999618530273,25.719999313354492,25.6200008392334,25.6200008392334,1200,0.0,0.0,0.0
2023-02-17 00:00:00-05:00,25.520000457763672,25.579999923706055,25.44499969482422,25.44499969482422,600,0.0,0.0,0.0
2023-02-21 00:00:00-05:00,25.948999404907227,25.948999404907227,25.860000610351562,25.860000610351562,200,0.0,0.0,0.0
2023-02-22 00:00:00-05:00,25.540000915527344,25.549999237060547,25.5,25.5,900,0.0,0.0,0.0
2023-02-23 00:00:00-05:00,25.275999069213867,25.275999069213867,25.275999069213867,25.275999069213867,400,0.0,0.0,0.0
2023-02-24 00:00:00-05:00,24.969999313354492,24.969999313354492,24.969999313354492,24.969999313354492,100,0.0,0.0,0.0
2023-02-27 00:00:00-05:00,24.90999984741211,24.90999984741211,24.809999465942383,24.809999465942383,300,0.0,0.0,0.0
2023-02-28 00:00:00-05:00,24.895000457763672,24.895000457763672,24.895000457763672,24.895000457763672,100,0.0,0.0,0.0
2023-03-01 00:00:00-05:00,25.104999542236328,25.104999542236328,25.104999542236328,25.104999542236328,100,0.0,0.0,0.0
2023-03-02 00:00:00-05:00,24.934999465942383,24.934999465942383,24.934999465942383,24.934999465942383,100,0.0,0.0,0.0
2023-03-03 00:00:00-05:00,25.520000457763672,25.520000457763672,25.327999114990234,25.327999114990234,200,0.0,0.0,0.0
2023-03-06 00:00:00-05:00,25.020000457763672,25.020000457763672,24.440000534057617,24.440000534057617,100,0.0,0.0,0.0
2023-03-07 00:00:00-05:00,24.110000610351562,24.110000610351562,24.110000610351562,24.110000610351562,100,0.0,0.0,0.0
2023-03-08 00:00:00-05:00,24.05299949645996,24.05299949645996,23.9950008392334,23.9950008392334,100,0.0,0.0,0.0
2023-03-09 00:00:00-05:00,24.038999557495117,24.038999557495117,23.996999740600586,23.996999740600586,400,0.0,0.0,0.0
2023-03-10 00:00:00-05:00,24.079999923706055,24.079999923706055,24.075000762939453,24.075000762939453,300,0.0,0.0,0.0
2023-03-13 00:00:00-04:00,24.025999069213867,24.025999069213867,24.025999069213867,24.025999069213867,100,0.0,0.0,0.0
2023-03-14 00:00:00-04:00,24.049999237060547,24.049999237060547,24.049999237060547,24.049999237060547,100,0.0,0.0,0.0
2023-03-15 00:00:00-04:00,23.78499984741211,23.78499984741211,23.78499984741211,23.78499984741211,100,0.0,0.0,0.0
2023-03-16 00:00:00-04:00,23.514999389648438,23.514999389648438,23.514999389648438,23.514999389648438,0,0.0,0.0,0.0
2023-03-17 00:00:00-04:00,23.5310001373291,23.5310001373291,23.5310001373291,23.5310001373291,0,0.0,0.0,0.0
2023-03-20 00:00:00-04:00,23.389999389648438,23.389999389648438,23.389999389648438,23.389999389648438,100,0.0,0.0,0.0
2023-03-21 00:00:00-04:00,23.540000915527344,23.540000915527344,23.41900062561035,23.41900062561035,200,0.0,0.0,0.0
2023-03-22 00:00:00-04:00,23.56100082397461,23.56100082397461,23.56100082397461,23.56100082397461,0,0.0,0.0,0.0
2023-03-23 00:00:00-04:00,23.6200008392334,23.6200008392334,23.600000381469727,23.600000381469727,200,0.0,0.0,0.0
2023-03-24 00:00:00-04:00,23.700000762939453,23.700000762939453,23.700000762939453,23.700000762939453,100,0.0,0.0,0.0
2023-03-27 00:00:00-04:00,23.729999542236328,23.729999542236328,23.729999542236328,23.729999542236328,100,0.0,0.0,0.0
2023-03-28 00:00:00-04:00,23.6299991607666,23.6299991607666,23.6299991607666,23.6299991607666,0,0.0,0.0,0.0
2023-03-29 00:00:00-04:00,23.739999771118164,23.739999771118164,23.739999771118164,23.739999771118164,0,0.0,0.0,0.0
2023-03-30 00:00:00-04:00,23.5049991607666,23.5049991607666,23.5049991607666,23.5049991607666,0,0.0,0.0,0.0
2023-03-31 00:00:00-04:00,23.540000915527344,23.540000915527344,23.540000915527344,23.540000915527344,100,0.0,0.0,0.0
2023-04-03 00:00:00-04:00,23.3799991607666,23.45599937438965,23.315000534057617,23.315000534057617,700,0.0,0.0,0.0
2023-04-04 00:00:00-04:00,23.315000534057617,23.315000534057617,23.315000534057617,23.315000534057617,100,0.0,0.0,0.0
2023-04-05 00:00:00-04:00,23.21500015258789,23.21500015258789,23.21500015258789,23.21500015258789,100,0.0,0.0,0.0
2023-04-06 00:00:00-04:00,23.135000228881836,23.135000228881836,23.135000228881836,23.135000228881836,100,0.0,0.0,0.0
2023-04-10 00:00:00-04:00,23.020000457763672,23.020000457763672,23.020000457763672,23.020000457763672,0,0.0,0.0,0.0
2023-04-11 00:00:00-04:00,22.905000686645508,22.905000686645508,22.905000686645508,22.905000686645508,100,0.0,0.0,0.0
2023-04-12 00:00:00-04:00,22.920000076293945,22.920000076293945,22.920000076293945,22.920000076293945,0,0.0,0.0,0.0
2023-04-13 00:00:00-04:00,23.0,23.0,23.0,23.0,100,0.0,0.0,0.0
2023-04-14 00:00:00-04:00,22.975000381469727,22.975000381469727,22.975000381469727,22.975000381469727,100,0.0,0.0,0.0
2023-04-17 00:00:00-04:00,23.0049991607666,23.0049991607666,23.0049991607666,23.0049991607666,100,0.0,0.0,0.0
2023-04-18 00:00:00-04:00,22.989999771118164,22.989999771118164,22.875,22.875,300,0.0,0.0,0.0
2023-04-19 00:00:00-04:00,22.834999084472656,22.834999084472656,22.834999084472656,22.834999084472656,100,0.0,0.0,0.0
2023-04-20 00:00:00-04:00,22.700000762939453,22.700000762939453,22.579999923706055,22.579999923706055,100,0.0,0.0,0.0
2023-04-21 00:00:00-04:00,22.32200050354004,22.32200050354004,22.32200050354004,22.32200050354004,0,0.0,0.0,0.0
2023-04-24 00:00:00-04:00,22.290000915527344,22.290000915527344,22.209999084472656,22.209999084472656,200,0.0,0.0,0.0
2023-04-25 00:00:00-04:00,22.135000228881836,22.135000228881836,22.135000228881836,22.135000228881836,100,0.0,0.0,0.0
2023-04-26 00:00:00-04:00,21.93000030517578,21.93000030517578,21.93000030517578,21.93000030517578,0,0.0,0.0,0.0
2023-04-27 00:00:00-04:00,22.03499984741211,22.03499984741211,22.03499984741211,22.03499984741211,100,0.0,0.0,0.0
2023-04-28 00:00:00-04:00,22.06100082397461,22.06100082397461,22.06100082397461,22.06100082397461,100,0.0,0.0,0.0
2023-05-01 00:00:00-04:00,22.1299991607666,22.1299991607666,22.077999114990234,22.077999114990234,1300,0.0,0.0,0.0
2023-05-02 00:00:00-04:00,22.05500030517578,22.05500030517578,22.05500030517578,22.05500030517578,0,0.0,0.0,0.0
2023-05-03 00:00:00-04:00,21.905000686645508,21.905000686645508,21.905000686645508,21.905000686645508,100,0.0,0.0,0.0
2023-05-04 00:00:00-04:00,21.815000534057617,21.815000534057617,21.815000534057617,21.815000534057617,100,0.0,0.0,0.0
2023-05-05 00:00:00-04:00,21.94499969482422,21.94499969482422,21.94499969482422,21.94499969482422,100,0.0,0.0,0.0
2023-05-08 00:00:00-04:00,21.979000091552734,22.03499984741211,21.979000091552734,22.03499984741211,100,0.0,0.0,0.0
2023-05-09 00:00:00-04:00,22.038999557495117,22.110000610351562,21.959999084472656,21.959999084472656,1000,0.0,0.0,0.0
2023-05-10 00:00:00-04:00,21.704999923706055,21.704999923706055,21.704999923706055,21.704999923706055,100,0.0,0.0,0.0
2023-05-11 00:00:00-04:00,21.40999984741211,21.40999984741211,21.325000762939453,21.325000762939453,200,0.0,0.0,0.0
2023-05-12 00:00:00-04:00,21.34000015258789,21.450000762939453,21.34000015258789,21.364999771118164,200,0.0,0.0,0.0
2023-05-15 00:00:00-04:00,21.170000076293945,21.170000076293945,21.170000076293945,21.170000076293945,0,0.0,0.0,0.0
2023-05-16 00:00:00-04:00,21.475000381469727,21.475000381469727,21.475000381469727,21.475000381469727,0,0.0,0.0,0.0
2023-05-17 00:00:00-04:00,21.475000381469727,21.475000381469727,21.475000381469727,21.475000381469727,100,0.0,0.0,0.0
2023-05-18 00:00:00-04:00,21.71500015258789,21.71500015258789,21.71500015258789,21.71500015258789,100,0.0,0.0,0.0
2023-05-19 00:00:00-04:00,21.860000610351562,21.860000610351562,21.860000610351562,21.860000610351562,0,0.0,0.0,0.0
2023-05-22 00:00:00-04:00,21.680999755859375,21.739999771118164,21.559999465942383,21.739999771118164,1700,0.0,0.0,0.0
2023-05-23 00:00:00-04:00,21.481000900268555,21.524999618530273,21.3700008392334,21.524999618530273,500,0.0,0.0,0.0
2023-05-24 00:00:00-04:00,21.424999237060547,21.424999237060547,21.424999237060547,21.424999237060547,100,0.0,0.0,0.0
2023-05-25 00:00:00-04:00,21.440000534057617,21.440000534057617,21.415000915527344,21.415000915527344,500,0.0,0.0,0.0
2023-05-26 00:00:00-04:00,21.559999465942383,21.559999465942383,21.559999465942383,21.559999465942383,0,0.0,0.0,0.0
2023-05-30 00:00:00-04:00,21.5,21.5,21.43000030517578,21.43000030517578,300,0.0,0.0,0.0
2023-05-31 00:00:00-04:00,21.354999542236328,21.354999542236328,21.354999542236328,21.354999542236328,0,0.0,0.0,0.0
2023-06-01 00:00:00-04:00,21.21500015258789,21.21500015258789,21.21500015258789,21.21500015258789,0,0.0,0.0,0.0
2023-06-02 00:00:00-04:00,21.360000610351562,21.360000610351562,21.360000610351562,21.360000610351562,100,0.0,0.0,0.0
2023-06-05 00:00:00-04:00,21.628999710083008,21.649999618530273,21.450000762939453,21.450000762939453,900,0.0,0.0,0.0
2023-06-06 00:00:00-04:00,21.510000228881836,21.510000228881836,21.510000228881836,21.510000228881836,0,0.0,0.0,0.0
2023-06-07 00:00:00-04:00,21.575000762939453,21.575000762939453,21.575000762939453,21.575000762939453,0,0.0,0.0,0.0
2023-06-08 00:00:00-04:00,21.610000610351562,21.610000610351562,21.610000610351562,21.610000610351562,0,0.0,0.0,0.0
2023-06-09 00:00:00-04:00,21.8799991607666,21.8799991607666,21.8799991607666,21.8799991607666,100,0.0,0.0,0.0
2023-06-12 00:00:00-04:00,21.801000595092773,21.885000228881836,21.799999237060547,21.885000228881836,300,0.0,0.0,0.0
2023-06-13 00:00:00-04:00,22.514999389648438,22.514999389648438,22.514999389648438,22.514999389648438,100,0.0,0.0,0.0
2023-06-14 00:00:00-04:00,22.7549991607666,22.7549991607666,22.7549991607666,22.7549991607666,100,0.0,0.0,0.0
2023-06-15 00:00:00-04:00,22.915000915527344,22.915000915527344,22.915000915527344,22.915000915527344,0,0.0,0.0,0.0
2023-06-16 00:00:00-04:00,23.049999237060547,23.049999237060547,23.049999237060547,23.049999237060547,0,0.0,0.0,0.0
2023-06-20 00:00:00-04:00,22.950000762939453,22.950000762939453,22.950000762939453,22.950000762939453,100,0.0,0.0,0.0
2023-06-21 00:00:00-04:00,22.610000610351562,22.610000610351562,22.610000610351562,22.610000610351562,100,0.0,0.0,0.0
2023-06-22 00:00:00-04:00,22.55500030517578,22.55500030517578,22.55500030517578,22.55500030517578,0,0.0,0.0,0.0
2023-06-23 00:00:00-04:00,22.40999984741211,22.40999984741211,22.40999984741211,22.40999984741211,100,0.0,0.0,0.0
2023-06-26 00:00:00-04:00,22.149999618530273,22.149999618530273,22.149999618530273,22.149999618530273,100,0.0,0.0,0.0
2023-06-27 00:00:00-04:00,22.350000381469727,22.350000381469727,22.350000381469727,22.350000381469727,0,0.0,0.0,0.0
2023-06-28 00:00:00-04:00,22.315000534057617,22.315000534057617,22.315000534057617,22.315000534057617,100,0.0,0.0,0.0
2023-06-29 00:00:00-04:00,22.280000686645508,22.280000686645508,22.280000686645508,22.280000686645508,0,0.0,0.0,0.0
2023-06-30 00:00:00-04:00,22.34000015258789,22.364999771118164,22.34000015258789,22.364999771118164,100,0.0,0.0,0.0
2023-07-03 00:00:00-04:00,22.46500015258789,22.46500015258789,22.46500015258789,22.46500015258789,100,0.0,0.0,0.0
2023-07-05 00:00:00-04:00,22.7549991607666,22.7549991607666,22.7549991607666,22.7549991607666,0,0.0,0.0,0.0
2023-07-06 00:00:00-04:00,23.290000915527344,23.290000915527344,23.2450008392334,23.2450008392334,100,0.0,0.0,0.0
2023-07-07 00:00:00-04:00,23.350000381469727,23.350000381469727,23.280000686645508,23.280000686645508,300,0.0,0.0,0.0
2023-07-10 00:00:00-04:00,23.334999084472656,23.334999084472656,23.334999084472656,23.334999084472656,100,0.0,0.0,0.0
2023-07-11 00:00:00-04:00,23.350000381469727,23.350000381469727,23.350000381469727,23.350000381469727,100,0.0,0.0,0.0
2023-07-12 00:00:00-04:00,23.53499984741211,23.53499984741211,23.53499984741211,23.53499984741211,100,0.0,0.0,0.0
2023-07-13 00:00:00-04:00,23.78499984741211,23.78499984741211,23.78499984741211,23.78499984741211,0,0.0,0.0,0.0
2023-07-14 00:00:00-04:00,23.80500030517578,23.80500030517578,23.80500030517578,23.80500030517578,100,0.0,0.0,0.0
2023-07-17 00:00:00-04:00,23.719999313354492,23.719999313354492,23.68000030517578,23.68000030517578,200,0.0,0.0,0.0
2023-07-18 00:00:00-04:00,23.045000076293945,23.045000076293945,23.045000076293945,23.045000076293945,0,0.0,0.0,0.0
2023-07-19 00:00:00-04:00,22.96500015258789,22.96500015258789,22.96500015258789,22.96500015258789,0,0.0,0.0,0.0
2023-07-20 00:00:00-04:00,22.795000076293945,22.795000076293945,22.795000076293945,22.795000076293945,0,0.0,0.0,0.0
2023-07-21 00:00:00-04:00,22.665000915527344,22.665000915527344,22.665000915527344,22.665000915527344,0,0.0,0.0,0.0
2023-07-24 00:00:00-04:00,22.524999618530273,22.524999618530273,22.524999618530273,22.524999618530273,100,0.0,0.0,0.0
2023-07-25 00:00:00-04:00,22.600000381469727,22.716999053955078,22.600000381469727,22.716999053955078,100,0.0,0.0,0.0
2023-07-26 00:00:00-04:00,22.520000457763672,22.520000457763672,22.520000457763672,22.520000457763672,100,0.0,0.0,0.0
2023-07-27 00:00:00-04:00,22.5,22.5,22.138999938964844,22.138999938964844,100,0.0,0.0,0.0
2023-07-28 00:00:00-04:00,22.030000686645508,22.145000457763672,22.030000686645508,22.145000457763672,400,0.0,0.0,0.0
2023-07-31 00:00:00-04:00,22.3799991607666,22.3799991607666,22.3799991607666,22.3799991607666,100,0.0,0.0,0.0
2023-08-01 00:00:00-04:00,22.44499969482422,22.44499969482422,22.44499969482422,22.44499969482422,100,0.0,0.0,0.0
2023-08-02 00:00:00-04:00,21.979999542236328,21.979999542236328,21.979999542236328,21.979999542236328,100,0.0,0.0,0.0
2023-08-03 00:00:00-04:00,21.94499969482422,21.94499969482422,21.94499969482422,21.94499969482422,0,0.0,0.0,0.0
2023-08-04 00:00:00-04:00,21.77199935913086,21.77199935913086,21.77199935913086,21.77199935913086,100,0.0,0.0,0.0
2023-08-07 00:00:00-04:00,21.56999969482422,21.56999969482422,21.56999969482422,21.56999969482422,100,0.0,0.0,0.0
2023-08-08 00:00:00-04:00,21.5,21.520000457763672,21.43000030517578,21.43000030517578,47500,0.0,0.0,0.0
2023-08-09 00:00:00-04:00,21.1299991607666,21.1299991607666,21.1299991607666,21.1299991607666,100,0.0,0.0,0.0
2023-08-10 00:00:00-04:00,21.045000076293945,21.045000076293945,21.045000076293945,21.045000076293945,100,0.0,0.0,0.0
2023-08-11 00:00:00-04:00,21.059999465942383,21.110000610351562,20.99799919128418,21.024999618530273,10800,0.0,0.0,0.0
2023-08-14 00:00:00-04:00,20.729999542236328,20.829999923706055,20.729999542236328,20.764999389648438,1100,0.0,0.0,0.0
2023-08-15 00:00:00-04:00,20.510000228881836,20.510000228881836,20.5049991607666,20.5049991607666,500,0.0,0.0,0.0
2023-08-16 00:00:00-04:00,20.25200080871582,20.270000457763672,20.21500015258789,20.21500015258789,200,0.0,0.0,0.0
2023-08-17 00:00:00-04:00,20.34000015258789,20.389999389648438,20.309999465942383,20.309999465942383,2400,0.0,0.0,0.0
2023-08-18 00:00:00-04:00,20.239999771118164,20.239999771118164,20.18000030517578,20.18000030517578,400,0.0,0.0,0.0
2023-08-21 00:00:00-04:00,20.360000610351562,20.360000610351562,20.235000610351562,20.235000610351562,600,0.0,0.0,0.0
2023-08-22 00:00:00-04:00,20.5049991607666,20.5049991607666,20.5049991607666,20.5049991607666,0,0.0,0.0,0.0
2023-08-23 00:00:00-04:00,20.645999908447266,20.645999908447266,20.645999908447266,20.645999908447266,100,0.0,0.0,0.0
2023-08-24 00:00:00-04:00,20.434999465942383,20.434999465942383,20.434999465942383,20.434999465942383,0,0.0,0.0,0.0
2023-08-25 00:00:00-04:00,20.15999984741211,20.15999984741211,20.084999084472656,20.084999084472656,100,0.0,0.0,0.0
2023-08-28 00:00:00-04:00,20.1299991607666,20.1299991607666,20.1299991607666,20.1299991607666,0,0.0,0.0,0.0
2023-08-29 00:00:00-04:00,20.25,20.309999465942383,20.25,20.309999465942383,100,0.0,0.0,0.0
2023-08-30 00:00:00-04:00,20.270000457763672,20.270000457763672,20.270000457763672,20.270000457763672,100,0.0,0.0,0.0
2023-08-31 00:00:00-04:00,20.280000686645508,20.280000686645508,20.09000015258789,20.09000015258789,200,0.0,0.0,0.0
2023-09-01 00:00:00-04:00,20.399999618530273,20.399999618530273,20.399999618530273,20.399999618530273,0,0.0,0.0,0.0
2023-09-05 00:00:00-04:00,20.010000228881836,20.010000228881836,20.010000228881836,20.010000228881836,100,0.0,0.0,0.0
2023-09-06 00:00:00-04:00,19.834999084472656,19.834999084472656,19.834999084472656,19.834999084472656,0,0.0,0.0,0.0
2023-09-07 00:00:00-04:00,19.760000228881836,19.760000228881836,19.760000228881836,19.760000228881836,100,0.0,0.0,0.0
2023-09-08 00:00:00-04:00,19.43000030517578,19.43000030517578,19.43000030517578,19.43000030517578,0,0.0,0.0,0.0
2023-09-11 00:00:00-04:00,19.584999084472656,19.584999084472656,19.584999084472656,19.584999084472656,100,0.0,0.0,0.0
2023-09-12 00:00:00-04:00,19.489999771118164,19.489999771118164,19.489999771118164,19.489999771118164,100,0.0,0.0,0.0
2023-09-13 00:00:00-04:00,19.4950008392334,19.4950008392334,19.4950008392334,19.4950008392334,100,0.0,0.0,0.0
2023-09-14 00:00:00-04:00,19.4950008392334,19.4950008392334,19.4950008392334,19.4950008392334,0,0.0,0.0,0.0
2023-09-15 00:00:00-04:00,19.5,19.5,19.5,19.5,0,0.0,0.0,0.0
2023-09-18 00:00:00-04:00,19.475000381469727,19.475000381469727,19.475000381469727,19.475000381469727,100,0.0,0.0,0.0
2023-09-19 00:00:00-04:00,19.450000762939453,19.459999084472656,19.354999542236328,19.354999542236328,600,0.0,0.0,0.0
2023-09-20 00:00:00-04:00,19.39699935913086,19.39699935913086,19.39699935913086,19.39699935913086,0,0.0,0.0,0.0
2023-09-21 00:00:00-04:00,19.299999237060547,19.299999237060547,19.299999237060547,19.299999237060547,100,0.0,0.0,0.0
2023-09-22 00:00:00-04:00,19.229999542236328,19.229999542236328,19.229999542236328,19.229999542236328,0,0.0,0.0,0.0
2023-09-25 00:00:00-04:00,19.184999465942383,19.184999465942383,19.184999465942383,19.184999465942383,100,0.0,0.0,0.0
2023-09-26 00:00:00-04:00,19.079999923706055,19.079999923706055,19.079999923706055,19.079999923706055,0,0.0,0.0,0.0
2023-09-27 00:00:00-04:00,18.985000610351562,18.985000610351562,18.985000610351562,18.985000610351562,0,0.0,0.0,0.0
2023-09-28 00:00:00-04:00,19.094999313354492,19.094999313354492,19.094999313354492,19.094999313354492,0,0.0,0.0,0.0
2023-09-29 00:00:00-04:00,19.075000762939453,19.075000762939453,19.075000762939453,19.075000762939453,0,0.0,0.0,0.0
2023-10-02 00:00:00-04:00,19.06999969482422,19.06999969482422,19.06999969482422,19.06999969482422,0,0.0,0.0,0.0
2023-10-03 00:00:00-04:00,18.815000534057617,18.815000534057617,18.815000534057617,18.815000534057617,0,0.0,0.0,0.0
2023-10-04 00:00:00-04:00,18.680999755859375,18.680999755859375,18.680999755859375,18.680999755859375,100,0.0,0.0,0.0
2023-10-05 00:00:00-04:00,18.639999389648438,18.639999389648438,18.57200050354004,18.57200050354004,100,0.0,0.0,0.0
2023-10-06 00:00:00-04:00,18.59000015258789,18.59000015258789,18.59000015258789,18.59000015258789,100,0.0,0.0,0.0
2023-10-09 00:00:00-04:00,18.75,18.75,18.64699935913086,18.672000885009766,1200,0.0,0.0,0.0
2023-10-10 00:00:00-04:00,18.7549991607666,18.7549991607666,18.7549991607666,18.7549991607666,100,0.0,0.0,0.0
2023-10-11 00:00:00-04:00,18.770000457763672,18.780000686645508,18.667999267578125,18.667999267578125,700,0.0,0.0,0.0
2023-10-12 00:00:00-04:00,18.684999465942383,18.684999465942383,18.684999465942383,18.684999465942383,0,0.0,0.0,0.0
2023-10-13 00:00:00-04:00,18.875,18.875,18.875,18.875,0,0.0,0.0,0.0
2023-10-16 00:00:00-04:00,18.8700008392334,18.8700008392334,18.7549991607666,18.7549991607666,100,0.0,0.0,0.0
2023-10-17 00:00:00-04:00,18.71500015258789,18.71500015258789,18.71500015258789,18.71500015258789,0,0.0,0.0,0.0
2023-10-18 00:00:00-04:00,18.75,18.75,18.75,18.75,100,0.0,0.0,0.0
2023-10-19 00:00:00-04:00,18.4950008392334,18.4950008392334,18.4950008392334,18.4950008392334,0,0.0,0.0,0.0
2023-10-20 00:00:00-04:00,18.40999984741211,18.40999984741211,18.40999984741211,18.40999984741211,100,0.0,0.0,0.0
2023-10-23 00:00:00-04:00,18.2450008392334,18.2450008392334,18.2450008392334,18.2450008392334,0,0.0,0.0,0.0
2023-10-24 00:00:00-04:00,18.295000076293945,18.295000076293945,18.295000076293945,18.295000076293945,100,0.0,0.0,0.0
2023-10-25 00:00:00-04:00,18.399999618530273,18.399999618530273,18.315000534057617,18.315000534057617,100,0.0,0.0,0.0
2023-10-26 00:00:00-04:00,18.204999923706055,18.204999923706055,18.204999923706055,18.204999923706055,100,0.0,0.0,0.0
2023-10-27 00:00:00-04:00,18.264999389648438,18.264999389648438,18.264999389648438,18.264999389648438,0,0.0,0.0,0.0
2023-10-30 00:00:00-04:00,18.334999084472656,18.334999084472656,18.334999084472656,18.334999084472656,100,0.0,0.0,0.0
2023-10-31 00:00:00-04:00,18.200000762939453,18.200000762939453,18.200000762939453,18.200000762939453,0,0.0,0.0,0.0
2023-11-01 00:00:00-04:00,18.014999389648438,18.014999389648438,18.014999389648438,18.014999389648438,100,0.0,0.0,0.0
2023-11-02 00:00:00-04:00,17.934999465942383,17.934999465942383,17.934999465942383,17.934999465942383,100,0.0,0.0,0.0
2023-11-03 00:00:00-04:00,17.969999313354492,18.0,17.969999313354492,17.969999313354492,800,0.0,0.0,0.0
2023-11-06 00:00:00-05:00,18.011999130249023,18.020000457763672,18.011999130249023,18.020000457763672,700,0.0,0.0,0.0
2023-11-07 00:00:00-05:00,17.8700008392334,17.8700008392334,17.8700008392334,17.8700008392334,0,0.0,0.0,0.0
2023-11-08 00:00:00-05:00,17.825000762939453,17.825000762939453,17.825000762939453,17.825000762939453,0,0.0,0.0,0.0
2023-11-09 00:00:00-05:00,17.770000457763672,17.770000457763672,17.770000457763672,17.770000457763672,100,0.0,0.0,0.0
2023-11-10 00:00:00-05:00,17.59000015258789,17.59000015258789,17.59000015258789,17.59000015258789,100,0.0,0.0,0.0
2023-11-13 00:00:00-05:00,17.5049991607666,17.5049991607666,17.5049991607666,17.5049991607666,0,0.0,0.0,0.0
2023-11-14 00:00:00-05:00,17.541000366210938,17.541000366210938,17.541000366210938,17.541000366210938,100,0.0,0.0,0.0
2023-11-15 00:00:00-05:00,17.60099983215332,17.674999237060547,17.60099983215332,17.674999237060547,100,0.0,0.0,0.0
2023-11-16 00:00:00-05:00,17.510000228881836,17.510000228881836,17.510000228881836,17.510000228881836,100,0.0,0.0,0.0
2023-11-17 00:00:00-05:00,17.43000030517578,17.43000030517578,17.43000030517578,17.43000030517578,100,0.0,0.0,0.0
2023-11-20 00:00:00-05:00,17.541000366210938,17.541000366210938,17.541000366210938,17.541000366210938,0,0.0,0.0,0.0
2023-11-21 00:00:00-05:00,17.5049991607666,17.5049991607666,17.5049991607666,17.5049991607666,100,0.0,0.0,0.0
2023-11-22 00:00:00-05:00,17.190000534057617,17.190000534057617,17.190000534057617,17.190000534057617,100,0.0,0.0,0.0
2023-11-24 00:00:00-05:00,17.200000762939453,17.200000762939453,17.200000762939453,17.200000762939453,100,0.0,0.0,0.0
2023-11-27 00:00:00-05:00,16.96500015258789,16.96500015258789,16.96500015258789,16.96500015258789,100,0.0,0.0,0.0
2023-11-28 00:00:00-05:00,17.034000396728516,17.034000396728516,17.034000396728516,17.034000396728516,100,0.0,0.0,0.0
2023-11-29 00:00:00-05:00,17.040000915527344,17.040000915527344,17.040000915527344,17.040000915527344,0,0.0,0.0,0.0
2023-11-30 00:00:00-05:00,16.940000534057617,16.940000534057617,16.940000534057617,16.940000534057617,100,0.0,0.0,0.0
2023-12-01 00:00:00-05:00,17.020000457763672,17.020000457763672,17.010000228881836,17.010000228881836,100,0.0,0.0,0.0
2023-12-04 00:00:00-05:00,16.725000381469727,16.725000381469727,16.725000381469727,16.725000381469727,0,0.0,0.0,0.0
2023-12-05 00:00:00-05:00,16.344999313354492,16.344999313354492,16.344999313354492,16.344999313354492,0,0.0,0.0,0.0
2023-12-06 00:00:00-05:00,16.149999618530273,16.149999618530273,16.149999618530273,16.149999618530273,0,0.0,0.0,0.0
2023-12-07 00:00:00-05:00,16.350000381469727,16.350000381469727,16.350000381469727,16.350000381469727,100,0.0,0.0,0.0
2023-12-08 00:00:00-05:00,16.420000076293945,16.450000762939453,16.420000076293945,16.450000762939453,300,0.0,0.0,0.0
2023-12-11 00:00:00-05:00,16.25,16.25,16.25,16.25,0,0.0,0.0,0.0
2023-12-12 00:00:00-05:00,16.100000381469727,16.100000381469727,16.100000381469727,16.100000381469727,0,0.0,0.0,0.0
2023-12-13 00:00:00-05:00,16.048999786376953,16.174999237060547,16.027999877929688,16.174999237060547,900,0.0,0.0,0.0
2023-12-14 00:00:00-05:00,16.530000686645508,16.530000686645508,16.530000686645508,16.530000686645508,100,0.0,0.0,0.0
2023-12-15 00:00:00-05:00,16.69099998474121,16.7450008392334,16.65999984741211,16.739999771118164,1400,0.0,0.0,0.0
2023-12-18 00:00:00-05:00,16.760000228881836,16.760000228881836,16.760000228881836,16.760000228881836,0,0.0,0.0,0.0
2023-12-19 00:00:00-05:00,16.844999313354492,16.844999313354492,16.844999313354492,16.844999313354492,100,0.0,0.0,0.0
2023-12-20 00:00:00-05:00,16.915000915527344,16.915000915527344,16.915000915527344,16.915000915527344,0,0.0,0.0,0.0
2023-12-21 00:00:00-05:00,16.934999465942383,16.934999465942383,16.934999465942383,16.934999465942383,0,0.0,0.0,0.0
2023-12-22 00:00:00-05:00,16.950000762939453,16.950000762939453,16.950000762939453,16.950000762939453,0,0.0,0.0,0.0
2023-12-26 00:00:00-05:00,17.06999969482422,17.06999969482422,17.06999969482422,17.06999969482422,0,0.0,0.0,0.0
2023-12-27 00:00:00-05:00,16.68600082397461,16.69499969482422,16.68600082397461,16.69499969482422,2200,0.0,0.0,0.0
2023-12-28 00:00:00-05:00,16.65999984741211,16.65999984741211,16.52199935913086,16.541000366210938,300,0.0,0.0,0.0
2023-12-29 00:00:00-05:00,16.530000686645508,16.610000610351562,16.530000686645508,16.610000610351562,200,0.0,0.0,0.0
2024-01-02 00:00:00-05:00,16.429000854492188,16.440000534057617,16.429000854492188,16.429000854492188,200,0.0,0.0,0.0
2024-01-03 00:00:00-05:00,16.299999237060547,16.309999465942383,16.18000030517578,16.18000030517578,300,0.0,0.0,0.0
2024-01-04 00:00:00-05:00,15.920999526977539,15.9399995803833,15.920999526977539,15.9399995803833,200,0.0,0.0,0.0
2024-01-05 00:00:00-05:00,15.864999771118164,15.864999771118164,15.864999771118164,15.864999771118164,100,0.0,0.0,0.0
2024-01-08 00:00:00-05:00,15.75,15.75,15.675999641418457,15.675999641418457,100,0.0,0.0,0.0
2024-01-09 00:00:00-05:00,15.70199966430664,15.70199966430664,15.640000343322754,15.640000343322754,200,0.0,0.0,0.0
2024-01-10 00:00:00-05:00,15.520000457763672,15.520000457763672,15.520000457763672,15.520000457763672,0,0.0,0.0,0.0
2024-01-11 00:00:00-05:00,15.515000343322754,15.515000343322754,15.515000343322754,15.515000343322754,100,0.0,0.0,0.0
2024-01-12 00:00:00-05:00,15.420000076293945,15.420000076293945,15.420000076293945,15.420000076293945,0,0.0,0.0,0.0
2024-01-16 00:00:00-05:00,15.305000305175781,15.305000305175781,15.305000305175781,15.305000305175781,100,0.0,0.0,0.0
2024-01-17 00:00:00-05:00,15.024999618530273,15.024999618530273,15.024999618530273,15.024999618530273,100,0.0,0.0,0.0
2024-01-18 00:00:00-05:00,14.899999618530273,14.899999618530273,14.899999618530273,14.899999618530273,100,0.0,0.0,0.0
2024-01-19 00:00:00-05:00,14.890000343322754,14.890000343322754,14.890000343322754,14.890000343322754,100,0.0,0.0,0.0
2024-01-22 00:00:00-05:00,14.760000228881836,14.760000228881836,14.760000228881836,14.760000228881836,100,0.0,0.0,0.0
2024-01-23 00:00:00-05:00,14.925000190734863,14.925000190734863,14.925000190734863,14.925000190734863,0,0.0,0.0,0.0
2024-01-24 00:00:00-05:00,15.050000190734863,15.050000190734863,15.050000190734863,15.050000190734863,600,0.0,0.0,0.0
2024-01-25 00:00:00-05:00,15.095000267028809,15.095000267028809,15.095000267028809,15.095000267028809,100,0.0,0.0,0.0
2024-01-26 00:00:00-05:00,15.005000114440918,15.005000114440918,15.005000114440918,15.005000114440918,0,0.0,0.0,0.0
2024-01-29 00:00:00-05:00,15.03499984741211,15.03499984741211,15.03499984741211,15.03499984741211,0,0.0,0.0,0.0
2024-01-30 00:00:00-05:00,14.970999717712402,15.125,14.970999717712402,15.125,100,0.0,0.0,0.0
2024-01-31 00:00:00-05:00,14.925000190734863,14.925000190734863,14.925000190734863,14.925000190734863,100,0.0,0.0,0.0
2024-02-01 00:00:00-05:00,14.774999618530273,14.774999618530273,14.774999618530273,14.774999618530273,0,0.0,0.0,0.0
2024-02-02 00:00:00-05:00,14.71500015258789,14.71500015258789,14.71500015258789,14.71500015258789,100,0.0,0.0,0.0
2024-02-05 00:00:00-05:00,14.454999923706055,14.454999923706055,14.454999923706055,14.454999923706055,100,0.0,0.0,0.0
2024-02-06 00:00:00-05:00,14.359999656677246,14.359999656677246,14.359999656677246,14.359999656677246,100,0.0,0.0,0.0
2024-02-07 00:00:00-05:00,14.359999656677246,14.359999656677246,14.359999656677246,14.359999656677246,100,0.0,0.0,0.0
2024-02-08 00:00:00-05:00,14.40999984741211,14.40999984741211,14.305000305175781,14.305000305175781,400,0.0,0.0,0.0
2024-02-09 00:00:00-05:00,14.225000381469727,14.225000381469727,14.225000381469727,14.225000381469727,100,0.0,0.0,0.0
2024-02-12 00:00:00-05:00,14.270000457763672,14.270000457763672,14.270000457763672,14.270000457763672,100,0.0,0.0,0.0
2024-02-13 00:00:00-05:00,14.29800033569336,14.29800033569336,14.29800033569336,14.29800033569336,0,0.0,0.0,0.0
2024-02-14 00:00:00-05:00,14.204999923706055,14.204999923706055,14.204999923706055,14.204999923706055,100,0.0,0.0,0.0
2024-02-15 00:00:00-05:00,14.28499984741211,14.28499984741211,14.28499984741211,14.28499984741211,0,0.0,0.0,0.0
2024-02-16 00:00:00-05:00,14.350000381469727,14.479999542236328,14.350000381469727,14.399999618530273,1000,0.0,0.0,0.0
2024-02-20 00:00:00-05:00,14.470000267028809,14.470000267028809,14.385000228881836,14.385000228881836,900,0.0,0.0,0.0
2024-02-21 00:00:00-05:00,14.371000289916992,14.399999618530273,14.371000289916992,14.399999618530273,200,0.0,0.0,0.0
2024-02-22 00:00:00-05:00,14.420000076293945,14.420000076293945,14.420000076293945,14.420000076293945,0,0.0,0.0,0.0
2024-02-23 00:00:00-05:00,14.510000228881836,14.510000228881836,14.510000228881836,14.510000228881836,0,0.0,0.0,0.0
2024-02-26 00:00:00-05:00,14.460000038146973,14.460000038146973,14.404999732971191,14.404999732971191,200,0.0,0.0,0.0
2024-02-27 00:00:00-05:00,14.619999885559082,14.619999885559082,14.619999885559082,14.619999885559082,0,0.0,0.0,0.0
2024-02-28 00:00:00-05:00,14.756999969482422,14.756999969482422,14.756999969482422,14.756999969482422,100,0.0,0.0,0.0
2024-02-29 00:00:00-05:00,14.949999809265137,15.0,14.949999809265137,15.0,300,0.0,0.0,0.0
2024-03-01 00:00:00-05:00,15.085000038146973,15.085000038146973,15.085000038146973,15.085000038146973,100,0.0,0.0,0.0
2024-03-04 00:00:00-05:00,15.319999694824219,15.319999694824219,15.319999694824219,15.319999694824219,100,0.0,0.0,0.0
2024-03-05 00:00:00-05:00,15.1850004196167,15.1850004196167,15.1850004196167,15.1850004196167,100,0.0,0.0,0.0
2024-03-06 00:00:00-05:00,15.0649995803833,15.0649995803833,15.0649995803833,15.0649995803833,100,0.0,0.0,0.0
2024-03-07 00:00:00-05:00,15.199999809265137,15.25,15.199999809265137,15.25,300,0.0,0.0,0.0
2024-03-08 00:00:00-05:00,15.194999694824219,15.194999694824219,15.194999694824219,15.194999694824219,100,0.0,0.0,0.0
2024-03-11 00:00:00-04:00,15.279999732971191,15.279999732971191,15.279999732971191,15.279999732971191,100,0.0,0.0,0.0
2024-03-12 00:00:00-04:00,15.3100004196167,15.354999542236328,15.3100004196167,15.354999542236328,200,0.0,0.0,0.0
2024-03-13 00:00:00-04:00,15.46500015258789,15.46500015258789,15.46500015258789,15.46500015258789,100,0.0,0.0,0.0
2024-03-14 00:00:00-04:00,15.390999794006348,15.390999794006348,15.390999794006348,15.390999794006348,100,0.0,0.0,0.0
2024-03-15 00:00:00-04:00,15.279999732971191,15.279999732971191,15.279999732971191,15.279999732971191,100,0.0,0.0,0.0
2024-03-18 00:00:00-04:00,15.300000190734863,15.300000190734863,15.300000190734863,15.300000190734863,0,0.0,0.0,0.0
2024-03-19 00:00:00-04:00,15.300000190734863,15.300000190734863,15.300000190734863,15.300000190734863,0,0.0,0.0,0.0
2024-03-20 00:00:00-04:00,15.239999771118164,15.239999771118164,15.239999771118164,15.239999771118164,0,0.0,0.0,0.0
2024-03-21 00:00:00-04:00,15.199999809265137,15.199999809265137,15.199999809265137,15.199999809265137,100,0.0,0.0,0.0
2024-03-22 00:00:00-04:00,15.112000465393066,15.112000465393066,15.112000465393066,15.112000465393066,100,0.0,0.0,0.0
2024-03-25 00:00:00-04:00,15.095000267028809,15.095000267028809,15.095000267028809,15.095000267028809,0,0.0,0.0,0.0
2024-03-26 00:00:00-04:00,14.880000114440918,14.880000114440918,14.880000114440918,14.880000114440918,100,0.0,0.0,0.0
2024-03-27 00:00:00-04:00,14.899999618530273,14.899999618530273,14.899999618530273,14.899999618530273,100,0.0,0.0,0.0
2024-03-28 00:00:00-04:00,14.960000038146973,14.960000038146973,14.960000038146973,14.960000038146973,100,0.0,0.0,0.0
2024-04-01 00:00:00-04:00,15.039999961853027,15.039999961853027,15.039999961853027,15.039999961853027,100,0.0,0.0,0.0
2024-04-02 00:00:00-04:00,15.125,15.125,15.125,15.125,100,0.0,0.0,0.0
2024-04-03 00:00:00-04:00,15.234999656677246,15.234999656677246,15.234999656677246,15.234999656677246,100,0.0,0.0,0.0
2024-04-04 00:00:00-04:00,15.34000015258789,15.34000015258789,15.34000015258789,15.34000015258789,0,0.0,0.0,0.0
2024-04-05 00:00:00-04:00,15.494999885559082,15.494999885559082,15.494999885559082,15.494999885559082,0,0.0,0.0,0.0
2024-04-08 00:00:00-04:00,15.640000343322754,15.640000343322754,15.640000343322754,15.640000343322754,100,0.0,0.0,0.0
2024-04-09 00:00:00-04:00,15.850000381469727,15.850000381469727,15.75,15.800000190734863,200,0.0,0.0,0.0
2024-04-10 00:00:00-04:00,15.864999771118164,15.864999771118164,15.864999771118164,15.864999771118164,0,0.0,0.0,0.0
2024-04-11 00:00:00-04:00,15.84000015258789,15.84000015258789,15.84000015258789,15.84000015258789,100,0.0,0.0,0.0
2024-04-12 00:00:00-04:00,15.95300006866455,15.95300006866455,15.95300006866455,15.95300006866455,0,0.0,0.0,0.0
2024-04-15 00:00:00-04:00,16.01099967956543,16.01099967956543,16.01099967956543,16.01099967956543,100,0.0,0.0,0.0
2024-04-16 00:00:00-04:00,16.02899932861328,16.02899932861328,15.949999809265137,15.949999809265137,100,0.0,0.0,0.0
2024-04-17 00:00:00-04:00,15.904999732971191,15.904999732971191,15.904999732971191,15.904999732971191,800,0.0,0.0,0.0
2024-04-18 00:00:00-04:00,16.030000686645508,16.030000686645508,16.030000686645508,16.030000686645508,100,0.0,0.0,0.0
2024-04-19 00:00:00-04:00,16.174999237060547,16.174999237060547,16.174999237060547,16.174999237060547,0,0.0,0.0,0.0
2024-04-22 00:00:00-04:00,15.989999771118164,15.989999771118164,15.989999771118164,15.989999771118164,100,0.0,0.0,0.0
2024-04-23 00:00:00-04:00,15.789999961853027,15.789999961853027,15.789999961853027,15.789999961853027,100,0.0,0.0,0.0
2024-04-24 00:00:00-04:00,15.859999656677246,15.859999656677246,15.8100004196167,15.8100004196167,200,0.0,0.0,0.0
2024-04-25 00:00:00-04:00,15.85099983215332,15.869999885559082,15.85099983215332,15.869999885559082,100,0.0,0.0,0.0
2024-04-26 00:00:00-04:00,15.795000076293945,15.795000076293945,15.795000076293945,15.795000076293945,100,0.0,0.0,0.0
2024-04-29 00:00:00-04:00,15.920000076293945,15.920000076293945,15.920000076293945,15.920000076293945,100,0.0,0.0,0.0
2024-04-30 00:00:00-04:00,15.890000343322754,15.890000343322754,15.890000343322754,15.890000343322754,0,0.0,0.0,0.0
2024-05-01 00:00:00-04:00,15.748000144958496,15.748000144958496,15.748000144958496,15.748000144958496,100,0.0,0.0,0.0
2024-05-02 00:00:00-04:00,15.774999618530273,15.774999618530273,15.774999618530273,15.774999618530273,100,0.0,0.0,0.0
2024-05-03 00:00:00-04:00,15.887999534606934,15.887999534606934,15.887999534606934,15.887999534606934,0,0.0,0.0,0.0
2024-05-06 00:00:00-04:00,16.052000045776367,16.170000076293945,16.052000045776367,16.114999771118164,300,0.0,0.0,0.0
2024-05-07 00:00:00-04:00,15.972000122070312,15.973999977111816,15.972000122070312,15.973999977111816,100,0.0,0.0,0.0
2024-05-08 00:00:00-04:00,15.989999771118164,15.989999771118164,15.930000305175781,15.930000305175781,100,0.0,0.0,0.0
2024-05-09 00:00:00-04:00,16.010000228881836,16.010000228881836,16.010000228881836,16.010000228881836,100,0.0,0.0,0.0
2024-05-10 00:00:00-04:00,16.03499984741211,16.03499984741211,16.03499984741211,16.03499984741211,100,0.0,0.0,0.0
2024-05-13 00:00:00-04:00,16.030000686645508,16.030000686645508,16.030000686645508,16.030000686645508,100,0.0,0.0,0.0
2024-05-14 00:00:00-04:00,16.084999084472656,16.084999084472656,16.084999084472656,16.084999084472656,100,0.0,0.0,0.0
2024-05-15 00:00:00-04:00,16.170000076293945,16.170000076293945,16.170000076293945,16.170000076293945,0,0.0,0.0,0.0
2024-05-16 00:00:00-04:00,16.200000762939453,16.200000762939453,16.200000762939453,16.200000762939453,100,0.0,0.0,0.0
2024-05-17 00:00:00-04:00,16.513999938964844,16.513999938964844,16.513999938964844,16.513999938964844,100,0.0,0.0,0.0
2024-05-20 00:00:00-04:00,16.655000686645508,16.655000686645508,16.655000686645508,16.655000686645508,100,0.0,0.0,0.0
2024-05-21 00:00:00-04:00,16.80500030517578,16.80500030517578,16.80500030517578,16.80500030517578,100,0.0,0.0,0.0
2024-05-22 00:00:00-04:00,16.450000762939453,16.450000762939453,16.450000762939453,16.450000762939453,0,0.0,0.0,0.0
2024-05-23 00:00:00-04:00,16.28499984741211,16.28499984741211,16.28499984741211,16.28499984741211,0,0.0,0.0,0.0
2024-05-24 00:00:00-04:00,16.25,16.25,16.25,16.25,100,0.0,0.0,0.0
2024-05-28 00:00:00-04:00,16.548999786376953,16.57900047302246,16.5049991607666,16.5049991607666,300,0.0,0.0,0.0
2024-05-29 00:00:00-04:00,16.559999465942383,16.575000762939453,16.559999465942383,16.575000762939453,100,0.0,0.0,0.0
2024-05-30 00:00:00-04:00,16.358999252319336,16.358999252319336,16.274999618530273,16.274999618530273,600,0.0,0.0,0.0
2024-05-31 00:00:00-04:00,16.06999969482422,16.06999969482422,16.06999969482422,16.06999969482422,0,0.0,0.0,0.0
2024-06-03 00:00:00-04:00,16.1299991607666,16.1299991607666,16.100000381469727,16.100000381469727,1300,0.0,0.0,0.0
2024-06-04 00:00:00-04:00,15.78499984741211,15.78499984741211,15.78499984741211,15.78499984741211,100,0.0,0.0,0.0
2024-06-05 00:00:00-04:00,15.71500015258789,15.71500015258789,15.71500015258789,15.71500015258789,100,0.0,0.0,0.0
2024-06-06 00:00:00-04:00,15.835000038146973,15.835000038146973,15.835000038146973,15.835000038146973,0,0.0,0.0,0.0
2024-06-07 00:00:00-04:00,15.5600004196167,15.5600004196167,15.449999809265137,15.449999809265137,200,0.0,0.0,0.0
2024-06-10 00:00:00-04:00,15.409000396728516,15.409000396728516,15.409000396728516,15.409000396728516,100,0.0,0.0,0.0
2024-06-11 00:00:00-04:00,15.359999656677246,15.359999656677246,15.359999656677246,15.359999656677246,100,0.0,0.0,0.0
2024-06-12 00:00:00-04:00,15.265000343322754,15.265000343322754,15.265000343322754,15.265000343322754,0,0.0,0.0,0.0
2024-06-13 00:00:00-04:00,15.234999656677246,15.234999656677246,15.234999656677246,15.234999656677246,0,0.0,0.0,0.0
2024-06-14 00:00:00-04:00,15.09000015258789,15.09000015258789,15.09000015258789,15.09000015258789,200,0.0,0.0,0.0
2024-06-17 00:00:00-04:00,14.989999771118164,14.989999771118164,14.989999771118164,14.989999771118164,300,0.0,0.0,0.0
2024-06-18 00:00:00-04:00,14.944999694824219,14.944999694824219,14.944999694824219,14.944999694824219,100,0.0,0.0,0.0
2024-06-20 00:00:00-04:00,15.03499984741211,15.03499984741211,15.03499984741211,15.03499984741211,100,0.0,0.0,0.0
2024-06-21 00:00:00-04:00,14.819999694824219,14.819999694824219,14.819999694824219,14.819999694824219,100,0.0,0.0,0.0
2024-06-24 00:00:00-04:00,14.725000381469727,14.725000381469727,14.725000381469727,14.725000381469727,100,0.0,0.0,0.0
2024-06-25 00:00:00-04:00,14.600000381469727,14.600000381469727,14.600000381469727,14.600000381469727,100,0.0,0.0,0.0
2024-06-26 00:00:00-04:00,14.630000114440918,14.630000114440918,14.630000114440918,14.630000114440918,100,0.0,0.0,0.0
2024-06-27 00:00:00-04:00,14.61299991607666,14.61299991607666,14.61299991607666,14.61299991607666,100,0.0,0.0,0.0
2024-06-28 00:00:00-04:00,14.609999656677246,14.609999656677246,14.609999656677246,14.609999656677246,100,0.0,0.0,0.0
2024-07-01 00:00:00-04:00,14.609999656677246,14.630000114440918,14.600000381469727,14.630000114440918,700,0.0,0.0,0.0
2024-07-02 00:00:00-04:00,14.699999809265137,14.699999809265137,14.699999809265137,14.699999809265137,100,0.0,0.0,0.0
2024-07-03 00:00:00-04:00,14.854999542236328,14.854999542236328,14.854999542236328,14.854999542236328,0,0.0,0.0,0.0
2024-07-05 00:00:00-04:00,15.0,15.0,15.0,15.0,100,0.0,0.0,0.0
2024-07-08 00:00:00-04:00,14.864999771118164,14.864999771118164,14.864999771118164,14.864999771118164,100,0.0,0.0,0.0
2024-07-09 00:00:00-04:00,14.779999732971191,14.779999732971191,14.779999732971191,14.779999732971191,100,0.0,0.0,0.0
2024-07-10 00:00:00-04:00,14.670000076293945,14.670000076293945,14.670000076293945,14.670000076293945,100,0.0,0.0,0.0
2024-07-11 00:00:00-04:00,14.664999961853027,14.664999961853027,14.664999961853027,14.664999961853027,100,0.0,0.0,0.0
2024-07-12 00:00:00-04:00,14.755000114440918,14.755000114440918,14.755000114440918,14.755000114440918,100,0.0,0.0,0.0
2024-07-15 00:00:00-04:00,14.595000267028809,14.595000267028809,14.595000267028809,14.595000267028809,100,0.0,0.0,0.0
2024-07-16 00:00:00-04:00,14.545000076293945,14.545000076293945,14.53499984741211,14.53499984741211,200,0.0,0.0,0.0
2024-07-17 00:00:00-04:00,14.399999618530273,14.399999618530273,14.399999618530273,14.399999618530273,100,0.0,0.0,0.0
2024-07-18 00:00:00-04:00,14.185999870300293,14.204999923706055,14.185999870300293,14.204999923706055,100,0.0,0.0,0.0
2024-07-19 00:00:00-04:00,14.15999984741211,14.15999984741211,14.104999542236328,14.104999542236328,100,0.0,0.0,0.0
2024-07-22 00:00:00-04:00,13.994999885559082,13.994999885559082,13.994999885559082,13.994999885559082,100,0.0,0.0,0.0
2024-07-23 00:00:00-04:00,13.96500015258789,13.96500015258789,13.96500015258789,13.96500015258789,100,0.0,0.0,0.0
2024-07-24 00:00:00-04:00,13.854999542236328,13.854999542236328,13.854999542236328,13.854999542236328,100,0.0,0.0,0.0
2024-07-25 00:00:00-04:00,13.640000343322754,13.640000343322754,13.640000343322754,13.640000343322754,100,0.0,0.0,0.0
2024-07-26 00:00:00-04:00,13.642999649047852,13.642999649047852,13.642999649047852,13.642999649047852,0,0.0,0.0,0.0
2024-07-29 00:00:00-04:00,13.600000381469727,13.600000381469727,13.600000381469727,13.600000381469727,0,0.0,0.0,0.0
2024-07-30 00:00:00-04:00,13.569999694824219,13.569999694824219,13.569999694824219,13.569999694824219,100,0.0,0.0,0.0
2024-07-31 00:00:00-04:00,13.717000007629395,13.717000007629395,13.717000007629395,13.717000007629395,0,0.0,0.0,0.0
2024-08-01 00:00:00-04:00,13.645000457763672,13.645000457763672,13.645000457763672,13.645000457763672,100,0.0,0.0,0.0
2024-08-02 00:00:00-04:00,13.604999542236328,13.604999542236328,13.604999542236328,13.604999542236328,100,0.0,0.0,0.0
2024-08-05 00:00:00-04:00,13.345999717712402,13.345999717712402,13.345999717712402,13.345999717712402,100,0.0,0.0,0.0
2024-08-06 00:00:00-04:00,13.262999534606934,13.262999534606934,13.262999534606934,13.262999534606934,100,0.0,0.0,0.0
2024-08-07 00:00:00-04:00,13.227999687194824,13.227999687194824,13.227999687194824,13.227999687194824,100,0.0,0.0,0.0
2024-08-08 00:00:00-04:00,13.270999908447266,13.270999908447266,13.270999908447266,13.270999908447266,100,0.0,0.0,0.0
2024-08-09 00:00:00-04:00,13.369999885559082,13.369999885559082,13.369999885559082,13.369999885559082,100,0.0,0.0,0.0
