Date,Open,High,Low,Close,Volume,Dividends,Stock Splits
2011-12-28 00:00:00+08:00,46.85647317631829,67.02407559556104,46.01112245787208,59.2951774597168,1825456,0.0,0.0
2011-12-29 00:00:00+08:00,55.55148516607067,63.884212393811346,54.34384584363935,57.96677017211914,1109496,0.0,0.0
2011-12-30 00:00:00+08:00,57.966764986076946,58.81210925555657,54.58536882460269,54.82689666748047,673844,0.0,0.0
2012-01-02 00:00:00+08:00,54.464603121110365,56.819507601119454,53.136199951171875,53.136199951171875,507454,0.0,0.0
2012-01-03 00:00:00+08:00,54.102312730475475,54.94766335475953,50.90206406561178,53.01543426513672,544046,0.0,0.0
2012-01-04 00:00:00+08:00,52.170085445360804,53.740016370806465,50.35862350463867,50.35862350463867,445317,0.0,0.0
2012-01-05 00:00:00+08:00,50.3586279206005,52.894673587761005,49.15098864128253,51.92856216430664,472243,0.0,0.0
2012-01-06 00:00:00+08:00,51.32474271283774,52.65314918787241,50.72092303354607,51.26436233520508,374204,0.0,0.0
2012-01-09 00:00:00+08:00,51.26435912063845,51.26435912063845,48.66793307219845,48.72831344604492,222313,0.0,0.0
2012-01-10 00:00:00+08:00,49.271753268463314,51.505887557204055,48.90945829893355,49.815189361572266,247168,0.0,0.0
2012-01-11 00:00:00+08:00,50.11710097344226,50.17748452879941,49.1509895324707,49.1509895324707,133250,0.0,0.0
2012-01-12 00:00:00+08:00,50.60015400658169,52.049324271667246,49.63404261691978,51.324737548828125,371443,0.0,0.0
2012-01-13 00:00:00+08:00,51.92856127527771,54.88727904924918,51.32473846536352,54.22307586669922,593066,0.0,0.0
2012-01-16 00:00:00+08:00,53.98154862271859,57.362944946173435,51.32473904319995,55.79301071166992,554403,0.0,0.0
2012-01-17 00:00:00+08:00,55.430718872515705,59.6574592590332,54.94766319183857,59.6574592590332,927227,0.0,0.0
2012-01-18 00:00:00+08:00,58.93288586845309,59.657469514023155,56.75912857055664,56.75912857055664,492265,0.0,0.0
2012-01-30 00:00:00+08:00,57.96676837977891,58.691351950833486,55.67225055751329,57.362945556640625,381109,0.0,0.0
2012-01-31 00:00:00+08:00,57.242188301669444,59.174411275720125,57.242188301669444,57.60447692871094,325875,0.0,0.0
2012-02-01 00:00:00+08:00,59.65746568479083,61.58969497680664,58.812114971959794,61.58969497680664,307925,0.0,0.0
2012-02-02 00:00:00+08:00,65.81643138238742,65.81643138238742,61.58969082549754,62.9180908203125,730458,0.0,0.0
2012-02-03 00:00:00+08:00,61.58969609337131,62.79733544703342,60.38205037852322,61.71045684814453,241645,0.0,0.0
2012-02-06 00:00:00+08:00,62.67656029525573,66.54101209269561,62.67656029525573,66.29948425292969,492956,0.0,0.0
2012-02-07 00:00:00+08:00,66.54101898895956,70.8885269165039,64.48802895758624,70.8885269165039,689034,0.0,0.0
2012-02-08 00:00:00+08:00,71.2508159687008,75.83985137939453,71.2508159687008,75.83985137939453,582710,0.0,0.0
2012-02-09 00:00:00+08:00,75.35680389404297,80.18736767534955,73.18304669380272,75.35680389404297,711127,0.0,0.0
2012-02-10 00:00:00+08:00,75.35679684673944,76.0813803919951,73.66609554662419,74.87374114990234,248549,0.0,0.0
2012-02-13 00:00:00+08:00,80.0666002914714,80.0666002914714,76.32291512280568,78.49666595458984,324494,0.0,0.0
2012-02-14 00:00:00+08:00,78.13437452858831,78.2551352787649,73.30381093662434,73.66609954833984,499860,0.0,0.0
2012-02-15 00:00:00+08:00,75.35680059494254,75.96061706542969,73.78686632154165,75.96061706542969,194696,0.0,0.0
2012-02-16 00:00:00+08:00,75.47756491257046,77.04749926018589,70.88852898624197,71.25082397460938,219551,0.0,0.0
2012-02-17 00:00:00+08:00,72.82074894439538,73.06228316742529,67.62789673415293,69.56011962890625,207814,0.0,0.0
2012-02-20 00:00:00+08:00,70.04318309310578,72.09617332625118,68.83554365042805,71.37158966064453,113918,0.0,0.0
2012-02-21 00:00:00+08:00,71.25082018223823,71.25082018223823,68.83553523111128,69.19783020019531,120132,0.0,0.0
2012-02-22 00:00:00+08:00,70.0431757645967,70.5262378523122,67.86942499521294,68.23171997070312,231288,0.0,0.0
2012-02-23 00:00:00+08:00,67.8694176982798,70.04316823395429,67.62788986098263,69.07705688476562,273404,0.0,0.0
2012-02-24 00:00:00+08:00,69.07706090842782,69.07706090842782,64.24649751992446,64.72955322265625,394917,0.0,0.0
2012-02-29 00:00:00+08:00,65.81642344092813,65.81642344092813,63.763433782420655,65.21260070800781,140844,0.0,0.0
2012-03-01 00:00:00+08:00,65.33337813992154,66.42025668673352,64.72955531142917,65.09185028076172,113228,0.0,0.0
2012-03-02 00:00:00+08:00,65.69566747821384,69.56011962890625,65.69566747821384,69.56011962890625,223694,0.0,0.0
2012-03-05 00:00:00+08:00,71.00928770785002,71.00928770785002,67.62789154052734,67.62789154052734,118060,0.0,0.0
2012-03-06 00:00:00+08:00,66.42024617384845,67.02406254558412,64.12572869440979,65.21260070800781,127726,0.0,0.0
2012-03-07 00:00:00+08:00,64.00496507586806,66.42024977740319,63.76343724183305,65.45413208007812,57994,0.0,0.0
2012-03-08 00:00:00+08:00,63.52190994878019,65.45413263751598,63.52190994878019,64.97107696533203,58685,0.0,0.0
2012-03-09 00:00:00+08:00,65.0918496816344,66.29948896631794,64.97108257257322,65.57490539550781,42805,0.0,0.0
2012-03-12 00:00:00+08:00,66.29948439927337,66.29948439927337,64.00496673583984,64.00496673583984,62827,0.0,0.0
2012-03-13 00:00:00+08:00,64.48802866623637,65.09185150609552,63.40115009896424,64.12574005126953,53161,0.0,0.0
2012-03-14 00:00:00+08:00,65.09185028076172,66.54101743572059,64.48802745226935,65.09185028076172,52471,0.0,0.0
2012-03-15 00:00:00+08:00,65.09183997813456,65.93719053198608,64.00496160335184,65.21260070800781,85611,0.0,0.0
2012-03-16 00:00:00+08:00,65.57490889774186,67.62789897194308,65.21261391239449,65.81643676757812,101490,0.0,0.0
2012-03-19 00:00:00+08:00,66.17872669203709,66.2994874371273,64.36726462620015,64.72955322265625,66279,0.0,0.0
2012-03-20 00:00:00+08:00,65.33337572863705,65.33337572863705,60.62357310706873,61.83121871948242,153272,0.0,0.0
2012-03-21 00:00:00+08:00,61.589694631477336,62.31427822647588,59.295176733389056,60.86510467529297,136702,0.0,0.0
2012-03-22 00:00:00+08:00,60.865099443918155,61.95197792359132,60.62357159967804,60.98586654663086,55233,0.0,0.0
2012-03-23 00:00:00+08:00,60.98586692533252,62.79732894897462,60.98586692533252,62.79732894897461,98038,0.0,0.0
2012-03-26 00:00:00+08:00,62.91809506115929,63.76344577399033,61.58969497680664,61.58969497680664,176746,0.0,0.0
2012-03-27 00:00:00+08:00,62.0727448248624,62.19350556599791,60.01975497489123,60.080135345458984,73874,0.0,0.0
2012-03-28 00:00:00+08:00,60.38204725007766,60.98587007621713,59.174407958984375,59.174407958984375,49019,0.0,0.0
2012-03-29 00:00:00+08:00,59.174407992799985,59.174407992799985,55.06842803955078,55.06842803955078,186412,0.0,0.0
2012-03-30 00:00:00+08:00,54.343844464480746,55.793011614620816,53.256965921282855,55.06842803955078,70422,0.0,0.0
2012-04-02 00:00:00+08:00,54.464603718427796,54.464603718427796,53.74002016324206,54.22307586669922,57994,0.0,0.0
2012-04-03 00:00:00+08:00,54.22307710814685,54.343844217368876,51.32473964045317,51.687034606933594,51781,0.0,0.0
2012-04-05 00:00:00+08:00,50.11709976196289,50.720919397973994,48.9698408632454,50.11709976196289,53852,0.0,0.0
2012-04-06 00:00:00+08:00,50.11710075196987,52.89467431308158,50.11710075196987,51.86817932128906,82159,0.0,0.0
2012-04-09 00:00:00+08:00,51.687037193377826,51.687037193377826,49.513283188683666,50.177486419677734,55233,0.0,0.0
2012-04-10 00:00:00+08:00,50.78130587200246,52.10970914761547,50.47939444633939,50.8416862487793,78016,0.0,0.0
2012-04-11 00:00:00+08:00,50.4793875994965,52.41161346435547,50.4793875994965,52.41161346435547,99419,0.0,0.0
2012-04-12 00:00:00+08:00,52.290854250079605,52.77390996459642,51.32473964045317,51.687034606933594,86301,0.0,0.0
2012-04-13 00:00:00+08:00,51.92856070577325,53.86078667900376,51.92856070577325,53.136199951171875,96658,0.0,0.0
2012-04-16 00:00:00+08:00,52.65314599453614,53.49849349427539,52.29085420893361,53.25696563720703,76636,0.0,0.0
2012-04-17 00:00:00+08:00,53.13620000749795,53.13620000749795,49.81518730824228,49.935951232910156,89063,0.0,0.0
2012-04-18 00:00:00+08:00,50.720920624049484,51.324740274656705,48.969842046992106,49.1509895324707,86992,0.0,0.0
2012-04-19 00:00:00+08:00,49.211369573955764,49.211369573955764,48.064110655275314,48.90945816040039,66279,0.0,0.0
2012-04-20 00:00:00+08:00,49.51328191612761,49.51328191612761,48.00373118122495,48.18487548828125,43496,0.0,0.0
2012-04-23 00:00:00+08:00,49.39251739756213,49.39251739756213,46.373412783043946,46.61494064331055,62827,0.0,0.0
2012-04-24 00:00:00+08:00,46.85647111549415,47.70181861616764,46.494179329491224,47.5810546875,48329,0.0,0.0
2012-04-25 00:00:00+08:00,48.12449101802072,48.72831062448596,47.94334354578484,48.42639923095703,35901,0.0,0.0
2012-04-26 00:00:00+08:00,48.426403660262935,48.84907901374478,47.9433479309082,47.9433479309082,55233,0.0,0.0
2012-04-27 00:00:00+08:00,48.305637193768405,48.426401119771704,46.73570297513273,47.399906158447266,55923,0.0,0.0
2012-04-30 00:00:00+08:00,48.0037291338707,48.30563735961914,47.218762021857785,48.30563735961914,27616,0.0,0.0
2012-05-02 00:00:00+08:00,50.47938862454426,50.96244430541992,49.09060195173042,50.96244430541992,75945,0.0,0.0
2012-05-03 00:00:00+08:00,51.92855920377127,51.92855920377127,50.72091681271026,51.203975677490234,48329,0.0,0.0
2012-05-04 00:00:00+08:00,51.44550704956055,51.44550704956055,50.72092029296876,51.44550704956055,38663,0.0,0.0
2012-05-07 00:00:00+08:00,50.72091761365076,50.72091761365076,49.150986615250865,49.996334075927734,27616,0.0,0.0
2012-05-08 00:00:00+08:00,50.11709930197645,50.60015500635174,49.33213219207024,49.45289611816406,36591,0.0,0.0
2012-05-09 00:00:00+08:00,49.15098848503621,49.75480812277571,48.96984100341797,48.96984100341797,44186,0.0,0.0
2012-05-10 00:00:00+08:00,48.96983832680562,48.96983832680562,48.003726959228516,48.003726959228516,31759,0.0,0.0
2012-05-11 00:00:00+08:00,48.06411040217056,48.06411040217056,47.09799897282943,47.5810546875,32449,0.0,0.0
2012-05-14 00:00:00+08:00,47.701817093748524,47.943344943375365,46.13188289058133,46.73570251464844,12427,0.0,0.0
2012-05-15 00:00:00+08:00,45.890356956648816,46.19226837158203,45.40730123722996,46.19226837158203,37972,0.0,0.0
2012-05-16 00:00:00+08:00,46.19226734658976,46.25264771988087,44.13927740402197,44.44118881225586,44186,0.0,0.0
2012-05-17 00:00:00+08:00,43.83736752610265,45.28653788338439,43.83736752610265,45.22615432739258,58685,0.0,0.0
2012-05-18 00:00:00+08:00,44.682719248266444,44.682719248266444,42.44858169555664,42.44858169555664,71112,0.0,0.0
2012-05-21 00:00:00+08:00,42.56934109422356,42.56934109422356,42.50896072387695,42.50896072387695,3452,0.0,0.0
2012-05-22 00:00:00+08:00,42.8712548302482,43.837366253323914,42.8712548302482,43.71660232543945,20712,0.0,0.0
2012-05-23 00:00:00+08:00,42.9920183086261,43.052398681640625,42.56934297515339,43.052398681640625,8284,0.0,0.0
2012-05-24 00:00:00+08:00,42.871256211334654,42.871256211334654,41.422085849443626,41.603233337402344,37972,0.0,0.0
2012-05-25 00:00:00+08:00,41.12017582906018,41.30132012857919,40.75788086883664,40.99940872192383,35901,0.0,0.0
2012-05-28 00:00:00+08:00,41.059796665796384,41.059796665796384,40.093685150146484,40.093685150146484,37282,0.0,0.0
2012-05-29 00:00:00+08:00,40.21444800500706,42.87125778198242,40.21444800500706,42.87125778198242,51090,0.0,0.0
2012-05-30 00:00:00+08:00,43.71660177805726,44.682716369628906,43.29392962605037,44.682716369628906,73183,0.0,0.0
2012-05-31 00:00:00+08:00,43.77698617148961,45.70921221111381,43.77698617148961,45.5280647277832,57994,0.0,0.0
2012-06-01 00:00:00+08:00,45.286532208628095,45.286532208628095,42.3881950378418,42.3881950378418,37972,0.0,0.0
2012-06-04 00:00:00+08:00,40.093680878185744,40.939028364308065,39.42947769165039,39.42947769165039,40734,0.0,0.0
2012-06-05 00:00:00+08:00,40.75787785645687,42.1466676799531,39.972913982235895,41.422080993652344,41424,0.0,0.0
2012-06-06 00:00:00+08:00,40.27482520409608,42.14667083833666,40.27482520409608,41.48246765136719,17260,0.0,0.0
2012-06-07 00:00:00+08:00,41.60323362686943,42.14667291393382,40.87864685058594,40.87864685058594,11046,0.0,0.0
2012-06-08 00:00:00+08:00,40.878643799413545,41.30131912231445,40.81826342790924,41.30131912231445,4142,0.0,0.0
2012-06-11 00:00:00+08:00,42.14666720532565,42.99201461913217,41.72399190812614,42.3881950378418,17260,0.0,0.0
2012-06-12 00:00:00+08:00,41.48246850544194,42.327816009521484,41.301321021414196,42.327816009521484,13808,0.0,0.0
2012-06-13 00:00:00+08:00,42.8712554000278,45.286537170410156,42.8712554000278,45.286537170410156,117370,0.0,0.0
2012-06-14 00:00:00+08:00,45.648826599121094,46.856469012181165,44.682715213147176,45.648826599121094,54542,0.0,0.0
2012-06-15 00:00:00+08:00,45.16577062157875,46.49417694951628,45.16577062157875,45.89035415649414,65589,0.0,0.0
2012-06-18 00:00:00+08:00,47.0979956171067,48.547162657865535,46.252644996071446,47.7621955871582,64208,0.0,0.0
2012-06-19 00:00:00+08:00,47.76220013749506,49.51328191612761,47.58105583043876,48.18487548828125,84921,0.0,0.0
2012-06-20 00:00:00+08:00,48.849079328439956,49.15099075152809,47.701820373535156,47.701820373535156,31759,0.0,0.0
2012-06-21 00:00:00+08:00,47.09800070795182,48.72831539532329,47.09800070795182,47.701820373535156,38663,0.0,0.0
2012-06-22 00:00:00+08:00,47.218762021857785,48.78869306529085,47.09799809543986,48.30563735961914,52471,0.0,0.0
2012-06-25 00:00:00+08:00,48.18487447579809,48.728313746733775,47.82258268870524,48.486785888671875,42115,0.0,0.0
2012-06-26 00:00:00+08:00,48.48678483954241,48.48678483954241,47.339525948275714,48.30563735961914,42805,0.0,0.0
2012-06-27 00:00:00+08:00,47.460290461142556,48.3056379565137,47.15837905107075,47.82258224487305,20712,0.0,0.0
2012-06-28 00:00:00+08:00,48.18487610600182,48.18487610600182,47.701820373535156,47.701820373535156,11046,0.0,0.0
2012-06-29 00:00:00+08:00,48.06410746707789,48.48678278189986,48.06410746707789,48.42639923095703,7594,0.0,0.0
2012-07-02 00:00:00+08:00,49.030221855546564,50.84168066893976,48.42639907048955,50.720916748046875,64898,0.0,0.0
2012-07-03 00:00:00+08:00,51.86818086627324,51.86818086627324,50.358630111165006,50.66054153442383,60066,0.0,0.0
2012-07-04 00:00:00+08:00,51.4511309831429,51.827602141227025,50.19622381778767,50.44720458984375,72493,2.288479,0.0
2012-07-05 00:00:00+08:00,50.447199051450184,50.823670168203066,50.070727934697295,50.32170867919922,22783,0.0,0.0
2012-07-06 00:00:00+08:00,50.8236748091832,50.8236748091832,49.568770972081644,49.81975173950195,31068,0.0,0.0
2012-07-09 00:00:00+08:00,49.69426080589202,49.75700764959015,48.564844059923594,48.94131851196289,26926,0.0,0.0
2012-07-10 00:00:00+08:00,48.94132131607963,49.066811705591185,48.06288528442383,48.06288528442383,15879,0.0,0.0
2012-07-11 00:00:00+08:00,47.68641187906339,47.749158723413366,45.30209128511022,47.0589599609375,35211,0.0,0.0
2012-07-12 00:00:00+08:00,45.55307217106155,46.431508163801574,45.427581787109375,45.427581787109375,25545,0.0,0.0
2012-07-13 00:00:00+08:00,45.804053472987434,46.30601501464844,44.80013038966544,46.30601501464844,24164,0.0,0.0
2012-07-16 00:00:00+08:00,46.055036950882126,46.24327087402344,45.99229010645185,46.24327087402344,7594,0.0,0.0
2012-07-17 00:00:00+08:00,46.243269844499274,47.309939735468404,45.17659995353014,47.247196197509766,26235,0.0,0.0
2012-07-18 00:00:00+08:00,47.30993726681833,47.68640839014985,46.80797576904297,46.80797576904297,6904,0.0,0.0
2012-07-19 00:00:00+08:00,47.0589599609375,47.0589599609375,46.933469577312316,47.0589599609375,3452,0.0,0.0
2012-07-20 00:00:00+08:00,45.99228908251532,47.247196197509766,45.92954223948199,47.247196197509766,13117,0.0,0.0
2012-07-23 00:00:00+08:00,46.11777874864881,46.933467864990234,45.99228836960203,46.933467864990234,4832,0.0,0.0
2012-07-24 00:00:00+08:00,45.427578345086204,46.80797576904297,45.2393444359577,46.80797576904297,3452,0.0,0.0
2012-07-25 00:00:00+08:00,46.4315073738473,46.68248813748164,45.929542541503906,45.929542541503906,7594,0.0,0.0
2012-07-26 00:00:00+08:00,46.55699707235445,47.81190087210811,46.43150669237908,47.49817657470703,13117,0.0,0.0
2012-07-27 00:00:00+08:00,47.68640899658203,48.31386418185515,47.68640899658203,47.68640899658203,22783,0.0,0.0
2012-07-30 00:00:00+08:00,47.811899372621745,47.811899372621745,47.30993786846289,47.68640899658203,25545,0.0,0.0
2012-07-31 00:00:00+08:00,48.31386490435034,48.94131679393195,47.686409709694125,48.815826416015625,49019,0.0,0.0
2012-08-01 00:00:00+08:00,49.443279366452636,52.204071044921875,49.0668082246261,52.204071044921875,216790,0.0,0.0
2012-08-02 00:00:00+08:00,52.204071044921875,52.204071044921875,52.204071044921875,52.204071044921875,0,0.0,0.0
2012-08-03 00:00:00+08:00,52.20407575036104,52.95701810188092,51.70211418268112,52.83152770996094,213338,0.0,0.0
2012-08-06 00:00:00+08:00,52.455050232225865,56.47074890136719,52.455050232225865,56.47074890136719,445317,0.0,0.0
2012-08-07 00:00:00+08:00,55.71780897400055,57.7256550875936,54.96486337632843,55.84329605102539,263048,0.0,0.0
2012-08-08 00:00:00+08:00,55.96878739399317,57.098204090659294,55.21584182785755,56.47074890136719,130488,0.0,0.0
2012-08-09 00:00:00+08:00,56.21976814768018,56.7217296550542,55.84329371207508,56.47074890136719,169151,0.0,0.0
2012-08-10 00:00:00+08:00,56.47075069860947,56.84722514619627,54.71388206181159,54.96486282348633,86301,0.0,0.0
2012-08-13 00:00:00+08:00,51.13739643576688,53.83544432736214,51.13739643576688,51.57661437988281,111156,0.0,0.0
2012-08-14 00:00:00+08:00,51.576617817006706,51.827598571777344,50.321710738078934,51.827598571777344,47638,0.0,0.0
2012-08-15 00:00:00+08:00,51.827601275655844,51.827601275655844,50.949168588130235,51.764854431152344,20022,0.0,0.0
2012-08-16 00:00:00+08:00,50.82367151420432,52.95701120404396,50.19621963633224,52.329559326171875,59375,0.0,0.0
2012-08-17 00:00:00+08:00,52.455050664998296,52.95701217651367,51.82759877560407,52.95701217651367,64208,0.0,0.0
2012-08-20 00:00:00+08:00,51.57662029674882,52.70603374751753,50.57269722939886,51.45112991333008,110466,0.0,0.0
2012-08-21 00:00:00+08:00,51.451128800897905,51.576619181603405,50.69818321159022,51.38838195800781,45567,0.0,0.0
2012-08-22 00:00:00+08:00,51.325636883689086,54.96486112027809,51.325636883689086,54.023681640625,318971,0.0,0.0
2012-08-23 00:00:00+08:00,57.788397699272195,57.788397699272195,56.84722480623245,57.09820556640625,2588365,0.0,0.0
2012-08-24 00:00:00+08:00,56.72173112107088,58.79232735011673,56.47075036089708,57.09820556640625,1048049,0.0,0.0
2012-08-27 00:00:00+08:00,57.22369193229063,57.22369193229063,55.52957016957405,55.968788146972656,229217,0.0,0.0
2012-08-28 00:00:00+08:00,55.34133358064715,56.97271182524809,54.96486244075647,55.215843200683594,247858,0.0,0.0
2012-08-29 00:00:00+08:00,55.215843200683594,55.7178080256125,54.21192016097511,55.215843200683594,135321,0.0,0.0
2012-08-30 00:00:00+08:00,55.215845944201796,57.223695428457745,55.215845944201796,56.21977233886719,171913,0.0,0.0
2012-08-31 00:00:00+08:00,54.90212280477267,55.96879276280008,54.90212280477267,55.46683120727539,104943,0.0,0.0
2012-09-03 00:00:00+08:00,55.46683002167427,56.84722757493611,55.46683002167427,56.21977233886719,89063,0.0,0.0
2012-09-04 00:00:00+08:00,57.47467138966233,57.537414924972076,56.59623545472945,57.286434173583984,256834,0.0,0.0
2012-09-05 00:00:00+08:00,58.478598690092234,58.72957945991325,57.035457611083984,57.035457611083984,468791,0.0,0.0
2012-09-06 00:00:00+08:00,57.22369665161179,57.28644019351493,54.964866346675805,55.46683120727539,230598,0.0,0.0
2012-09-07 00:00:00+08:00,56.47075326833176,56.721734041427474,54.4001602377547,54.58839416503906,149129,0.0,0.0
2012-09-10 00:00:00+08:00,54.46290365032304,54.46290365032304,52.8315253239652,53.458980560302734,160176,0.0,0.0
2012-09-11 00:00:00+08:00,53.458979509644635,53.458979509644635,52.517799978710684,52.580543518066406,153962,0.0,0.0
2012-09-12 00:00:00+08:00,52.20406970393329,52.70603121347457,50.196220360693616,51.827598571777344,317590,0.0,0.0
2012-09-13 00:00:00+08:00,51.70210921235842,51.70210921235842,50.258968191475866,50.823673248291016,132559,0.0,0.0
2012-09-14 00:00:00+08:00,50.82367677277113,52.078583963431164,50.82367677277113,51.32564163208008,191244,0.0,0.0
2012-09-17 00:00:00+08:00,51.451133903876894,51.451133903876894,48.56484825123611,48.69034194946289,408035,0.0,0.0
2012-09-18 00:00:00+08:00,48.69033795941581,49.44328025662477,48.31386681081133,49.255043029785156,151891,0.0,0.0
2012-09-19 00:00:00+08:00,49.44327817224067,49.44327817224067,48.06288071380968,48.564842224121094,107014,0.0,0.0
2012-09-20 00:00:00+08:00,48.62758710037842,48.815824311675726,47.68640765404083,48.12562561035156,129107,0.0,0.0
2012-09-21 00:00:00+08:00,48.313870770007576,49.00406627980482,47.74916234828709,48.69034194946289,120822,0.0,0.0
2012-09-24 00:00:00+08:00,48.87857215147181,50.82367474922179,48.690338228666036,50.635440826416016,254072,0.0,0.0
2012-09-25 00:00:00+08:00,50.32171468243182,50.509951915801636,49.38053512573242,49.38053512573242,133940,0.0,0.0
2012-09-26 00:00:00+08:00,48.94132273576644,49.44328430837353,48.439357858084335,48.69034194946289,103562,0.0,0.0
2012-09-27 00:00:00+08:00,48.94132181647966,50.50995335395,48.690341034890395,50.007991790771484,156033,0.0,0.0
2012-09-28 00:00:00+08:00,50.00798802036293,50.50994954569549,49.192298889160156,49.192298889160156,104252,0.0,0.0
2012-10-01 00:00:00+08:00,49.25504315025476,50.196222676605295,48.7530816175544,49.50602722167969,120132,0.0,0.0
2012-10-02 00:00:00+08:00,50.07072965877151,50.76092838245449,49.63151168823242,49.63151168823242,168461,0.0,0.0
2012-10-03 00:00:00+08:00,49.63151299785794,49.63151299785794,48.18837197666318,48.313865661621094,161557,0.0,0.0
2012-10-04 00:00:00+08:00,48.43935584907622,48.69033993004529,47.68641352139365,48.00014114379883,129107,0.0,0.0
2012-10-05 00:00:00+08:00,48.000141377667106,51.32564163208008,47.68641375373337,51.32564163208008,665559,0.0,0.0
2012-10-08 00:00:00+08:00,52.32956301224177,54.90212085033891,51.70211109017227,53.960941314697266,1284171,0.0,0.0
2012-10-09 00:00:00+08:00,53.33348313998523,53.33348313998523,50.19622039794922,50.19622039794922,695938,0.0,0.0
2012-10-11 00:00:00+08:00,49.50602572701252,51.20014750126531,48.75308014561988,49.69425964355469,294807,0.0,0.0
2012-10-12 00:00:00+08:00,50.88642043518581,51.9530903237199,49.945240927357226,51.38838195800781,261667,0.0,0.0
2012-10-15 00:00:00+08:00,51.074659424737455,51.074659424737455,47.81190280343211,47.93739318847656,276165,0.0,0.0
2012-10-16 00:00:00+08:00,48.313865661621094,48.81582718115412,48.062881596779924,48.313865661621094,149129,0.0,0.0
2012-10-17 00:00:00+08:00,48.81582839697208,48.87857193593908,48.31386686493709,48.439353942871094,105633,0.0,0.0
2012-10-18 00:00:00+08:00,48.87857345554696,49.317791462269994,48.251121520996094,48.251121520996094,91825,0.0,0.0
2012-10-19 00:00:00+08:00,48.25112392089419,49.317793915221756,47.81190589232548,48.69034194946289,160866,0.0,0.0
2012-10-22 00:00:00+08:00,47.87464958131211,49.129553429995696,47.87464958131211,48.753082275390625,64208,0.0,0.0
2012-10-23 00:00:00+08:00,48.941315303380684,50.32170941841908,48.941315303380684,49.004058837890625,161557,0.0,0.0
2012-10-24 00:00:00+08:00,48.753080338675154,49.44327908057039,48.313865661621094,48.313865661621094,151891,0.0,0.0
2012-10-25 00:00:00+08:00,48.31386862184646,48.62759293823938,45.804054260253906,45.804054260253906,223694,0.0,0.0
2012-10-26 00:00:00+08:00,45.67856133558632,46.055035782467336,42.604042053222656,42.604042053222656,337612,0.0,0.0
2012-10-29 00:00:00+08:00,42.03933847324952,42.03933847324952,39.6550178527832,39.6550178527832,217480,0.0,0.0
2012-10-30 00:00:00+08:00,40.784428774395906,41.098156369918804,40.03148651123047,40.03148651123047,111156,0.0,0.0
2012-10-31 00:00:00+08:00,40.533449586988205,40.533449586988205,39.027565002441406,39.027565002441406,91134,0.0,0.0
2012-11-01 00:00:00+08:00,38.902073018236145,40.09423335239249,38.08638384669629,39.15305709838867,76636,0.0,0.0
2012-11-02 00:00:00+08:00,39.78050673705235,40.65893939905702,39.65501635676597,39.8432502746582,85611,0.0,0.0
2012-11-05 00:00:00+08:00,39.153054998829184,40.40795880692404,39.153054998829184,39.27854537963867,60066,0.0,0.0
2012-11-06 00:00:00+08:00,39.27854721363341,40.533451080322266,39.27854721363341,40.533451080322266,51090,0.0,0.0
2012-11-07 00:00:00+08:00,40.53344944419182,43.16875076293945,40.53344944419182,43.16875076293945,147748,0.0,0.0
2012-11-08 00:00:00+08:00,42.41580679758394,42.41580679758394,41.474627320204014,42.227569580078125,104252,0.0,0.0
2012-11-09 00:00:00+08:00,41.788359386835694,43.04326328760107,41.53737860668262,42.54130172729492,98038,0.0,0.0
2012-11-12 00:00:00+08:00,42.54129656398984,42.9805145284866,42.039335064607556,42.164825439453125,360396,0.0,0.0
2012-11-13 00:00:00+08:00,42.60404150774476,42.60404150774476,40.59619544381835,40.90991973876953,115989,0.0,0.0
2012-11-14 00:00:00+08:00,40.90992085035185,41.16090161516217,40.28246893832606,40.9726676940918,46257,0.0,0.0
2012-11-15 00:00:00+08:00,40.533449754873736,40.533449754873736,40.156978607177734,40.156978607177734,73874,0.0,0.0
2012-11-16 00:00:00+08:00,40.28246764756966,40.65893878272201,39.7805061340332,39.7805061340332,662798,0.0,0.0
2012-11-19 00:00:00+08:00,39.780510073062224,39.780510073062224,37.019718170166016,37.019718170166016,209886,0.0,0.0
2012-11-20 00:00:00+08:00,37.396184745721605,37.396184745721605,35.32559189934297,35.890296936035156,200220,0.0,0.0
2012-11-21 00:00:00+08:00,36.39225920591074,36.39225920591074,35.1373554255731,35.388336181640625,109085,0.0,0.0
2012-11-22 00:00:00+08:00,36.70598994346574,37.83540344238281,36.26677193023832,37.83540344238281,182269,0.0,0.0
2012-11-23 00:00:00+08:00,38.713839779072536,39.02756740604546,38.02364098277705,38.40011215209961,1098450,0.0,0.0
2012-11-26 00:00:00+08:00,38.90206946676459,39.40403427616911,38.46285480301316,38.65108871459961,82159,0.0,0.0
2012-11-27 00:00:00+08:00,38.902069828654426,40.15697690622776,38.651089074154676,39.215797424316406,92515,0.0,0.0
2012-11-28 00:00:00+08:00,39.27854676675055,39.655017922473995,38.776581920711166,38.83932876586914,46948,0.0,0.0
2012-11-29 00:00:00+08:00,39.153055260566745,39.27854564221513,38.776580810546875,38.776580810546875,47638,0.0,0.0
2012-11-30 00:00:00+08:00,39.15305709838867,39.40403787346634,38.839329477004156,39.15305709838867,53852,0.0,0.0
2012-12-03 00:00:00+08:00,39.4040342562934,41.78835470573259,39.27854388027421,40.282466888427734,146367,0.0,0.0
2012-12-04 00:00:00+08:00,40.28246888891633,42.16482792775956,40.28246888891633,41.78835678100586,117370,0.0,0.0
2012-12-05 00:00:00+08:00,41.788359386835694,42.917772897524536,41.66286899675916,42.54130172729492,156724,0.0,0.0
2012-12-06 00:00:00+08:00,42.79227770373633,42.79227770373633,40.972665599352375,41.0981559753418,113918,0.0,0.0
2012-12-07 00:00:00+08:00,41.47462459399234,41.47462459399234,40.40795481008111,40.658935546875,71803,0.0,0.0
2012-12-10 00:00:00+08:00,40.78443017426269,40.78443017426269,39.59226989746094,39.59226989746094,66970,0.0,0.0
2012-12-11 00:00:00+08:00,39.717760615661696,40.34521252848837,39.153055546655054,40.156978607177734,56614,0.0,0.0
2012-12-12 00:00:00+08:00,40.78443276227025,41.788359183062006,40.47070844114619,41.16090393066406,97348,0.0,0.0
2012-12-13 00:00:00+08:00,41.41187775725668,42.41580400950662,40.658935546875,40.658935546875,89063,0.0,0.0
2012-12-14 00:00:00+08:00,40.658940532691965,40.658940532691965,39.90599822998047,39.90599822998047,95967,0.0,0.0
2012-12-17 00:00:00+08:00,39.592269852993915,40.78443012845673,39.592269852993915,40.407958984375,62137,0.0,0.0
2012-12-18 00:00:00+08:00,40.7216877165612,43.23149871826172,39.65501779295788,43.23149871826172,279618,0.0,0.0
2012-12-19 00:00:00+08:00,44.80012623311207,44.98836344630771,43.23149490842158,44.047183990478516,300330,0.0,0.0
2012-12-20 00:00:00+08:00,43.921697556777524,43.921697556777524,42.16482886128848,42.415809631347656,137392,0.0,0.0
2012-12-21 00:00:00+08:00,42.415808692262026,42.415808692262026,40.9099208001725,41.78835678100586,71803,0.0,0.0
2012-12-24 00:00:00+08:00,42.66679220925695,44.674641759880494,42.66679220925695,43.67071533203125,214028,0.0,0.0
2012-12-25 00:00:00+08:00,43.67070917508312,43.67070917508312,42.164824703229925,42.666786193847656,120132,0.0,0.0
2012-12-26 00:00:00+08:00,42.66678791208685,43.23149626431047,42.66678791208685,42.79227828979492,43496,0.0,0.0
2012-12-27 00:00:00+08:00,42.47855148896269,42.66678871158934,41.47462844848633,41.47462844848633,88373,0.0,0.0
2012-12-28 00:00:00+08:00,41.16090046806072,42.03933642549067,41.16090046806072,41.725608825683594,2183782,0.0,0.0
2013-01-02 00:00:00+08:00,42.16482719135116,42.16482719135116,40.7844297056215,41.47462844848633,89753,0.0,0.0
2013-01-03 00:00:00+08:00,41.85110203072467,42.290320039099285,41.85110203072467,41.913848876953125,77326,0.0,0.0
2013-01-04 00:00:00+08:00,42.47855145279209,42.91776943516384,42.227570692886715,42.29031753540039,98038,0.0,0.0
2013-01-07 00:00:00+08:00,42.41581015287867,44.42365964311477,42.41581015287867,43.29424285888672,89063,0.0,0.0
2013-01-08 00:00:00+08:00,43.29424293873625,43.29424293873625,42.353063385168625,42.478553771972656,66970,0.0,0.0
2013-01-09 00:00:00+08:00,42.91777038574219,43.67071268213512,42.666789620277875,42.91777038574219,41424,0.0,0.0
2013-01-10 00:00:00+08:00,42.79227905521115,42.79227905521115,41.91384639554232,42.29031753540039,65589,0.0,0.0
2013-01-11 00:00:00+08:00,42.54129582119322,43.1060041506754,42.41580544853879,42.666786193847656,52471,0.0,0.0
2013-01-14 00:00:00+08:00,42.79227902015242,43.16875015970206,42.72953548276482,43.10600662231445,41424,0.0,0.0
2013-01-15 00:00:00+08:00,43.41973017833527,43.41973017833527,42.604041070695516,42.79227828979492,32449,0.0,0.0
2013-01-16 00:00:00+08:00,42.79227905521115,42.79227905521115,42.29031753540039,42.29031753540039,34520,0.0,0.0
2013-01-17 00:00:00+08:00,43.54522229940296,44.9256198145314,42.85502684691348,42.91777038574219,249930,0.0,0.0
2013-01-18 00:00:00+08:00,43.29424114454293,43.54522190774988,41.976590485169105,43.16875076293945,136011,0.0,0.0
2013-01-21 00:00:00+08:00,43.168749043597586,43.168749043597586,42.29031640735983,43.04325866699219,48329,0.0,0.0
2013-01-22 00:00:00+08:00,43.04325996092449,44.360910607428565,42.79227920016891,44.23542022705078,107014,0.0,0.0
2013-01-23 00:00:00+08:00,44.298167108626274,44.42365748911411,43.29424075964888,43.41973114013672,66279,0.0,0.0
2013-01-24 00:00:00+08:00,43.4197332454593,43.79620771025187,43.10600893156527,43.29424285888672,34520,0.0,0.0
2013-01-25 00:00:00+08:00,43.67071361585339,46.30601501464844,43.35698930485267,46.30601501464844,252001,0.0,0.0
2013-01-28 00:00:00+08:00,48.439352918444385,49.50602610907216,47.686410636315614,49.44327926635742,805714,0.0,0.0
2013-01-29 00:00:00+08:00,48.94131851196289,49.380533197550854,47.68641138367294,48.94131851196289,363848,0.0,0.0
2013-01-30 00:00:00+08:00,48.94131851196289,49.506026884947104,48.06288253063751,48.94131851196289,216099,0.0,0.0
2013-01-31 00:00:00+08:00,48.815824926487096,49.31778642283591,48.06287937688936,48.18836975097656,143606,0.0,0.0
2013-02-01 00:00:00+08:00,47.87464622327188,48.062880134833854,46.80797637417217,46.87071990966797,153962,0.0,0.0
2013-02-04 00:00:00+08:00,47.05896135540857,47.68641329212739,46.49425295982421,46.61974334716797,113918,0.0,0.0
2013-02-05 00:00:00+08:00,46.431508163801574,46.431508163801574,45.36483824767067,45.427581787109375,117370,0.0,0.0
2013-02-06 00:00:00+08:00,45.427583097537486,46.55699989076162,45.427583097537486,45.804054260253906,68351,0.0,0.0
2013-02-18 00:00:00+08:00,45.804052725266594,45.804052725266594,44.54914889159957,45.11385726928711,75945,0.0,0.0
2013-02-19 00:00:00+08:00,45.176600959306796,47.05896002116849,45.051110575521,46.24327087402344,146367,0.0,0.0
2013-02-20 00:00:00+08:00,46.24326743150842,47.058956517930646,46.24326743150842,46.80797576904297,122203,0.0,0.0
2013-02-21 00:00:00+08:00,46.8079808923471,47.30994244506398,46.49425326936161,47.184452056884766,104252,0.0,0.0
2013-02-22 00:00:00+08:00,46.556995020155284,47.43542764126217,46.180523896823765,46.80797576904297,88373,0.0,0.0
2013-02-25 00:00:00+08:00,48.31386530980412,49.0668075836208,47.7491569519043,47.7491569519043,319662,0.0,0.0
2013-02-26 00:00:00+08:00,47.74915583713917,48.627588469417155,47.18444749242318,47.68640899658203,133940,0.0,0.0
2013-02-27 00:00:00+08:00,48.37660696464462,50.57269346878246,47.937389002802156,48.18836975097656,473624,0.0,0.0
2013-03-01 00:00:00+08:00,48.69034194946289,49.25504706610836,47.93739628547725,48.69034194946289,243716,0.0,0.0
2013-03-04 00:00:00+08:00,48.69033755163108,48.69033755163108,45.80405215968674,45.929542541503906,203672,0.0,0.0
2013-03-05 00:00:00+08:00,45.92954565546382,47.30994325411646,45.92954565546382,46.682491302490234,96658,0.0,0.0
2013-03-06 00:00:00+08:00,46.68248826200609,47.56092093706948,46.18052673339844,46.18052673339844,77326,0.0,0.0
2013-03-07 00:00:00+08:00,46.87072043854803,46.87072043854803,46.05503463745117,46.05503463745117,53852,0.0,0.0
2013-03-08 00:00:00+08:00,46.05503701194504,46.619742087192456,45.176601019205016,45.427581787109375,89753,0.0,0.0
2013-03-11 00:00:00+08:00,45.42757971422556,45.55307009245155,44.67463744486963,44.73738098144531,71803,0.0,0.0
2013-03-12 00:00:00+08:00,44.73738036370068,46.30601172240281,44.73738036370068,45.490325927734375,89753,0.0,0.0
2013-03-13 00:00:00+08:00,45.49032655587587,46.18052528865611,44.67463744486963,44.73738098144531,60756,0.0,0.0
2013-03-14 00:00:00+08:00,44.73738098144531,44.925618201321605,44.54914706664364,44.73738098144531,29757,0.0,0.0
2013-03-15 00:00:00+08:00,44.92561610141271,45.55306796321435,44.86286926269531,44.86286926269531,20712,0.0,0.0
2013-03-18 00:00:00+08:00,44.86286865486315,45.36483344257798,43.98443606024244,44.80012512207031,52471,0.0,0.0
2013-03-19 00:00:00+08:00,44.5491514616722,47.68641453190548,44.5491514616722,45.86680221557617,187102,0.0,0.0
2013-03-20 00:00:00+08:00,45.17660003686221,46.431507154171435,45.17660003686221,45.61581802368164,87075,0.0,0.0
2013-03-21 00:00:00+08:00,46.055034657055785,46.306012107052375,45.17659870923201,45.23934555053711,102871,0.0,0.0
2013-03-22 00:00:00+08:00,44.92561855353266,45.74130767093379,44.73738133218061,45.30208969116211,82849,0.0,0.0
2013-03-25 00:00:00+08:00,45.42758045477999,45.490327297453184,45.051109313964844,45.051109313964844,30378,0.0,0.0
2013-03-26 00:00:00+08:00,45.678563349524225,45.678563349524225,44.80013064657995,44.925621032714844,55233,0.0,0.0
2013-03-27 00:00:00+08:00,44.67464026044505,45.55307296338933,44.67464026044505,44.925621032714844,51090,0.0,0.0
2013-03-28 00:00:00+08:00,44.92561817756128,46.11777842261497,44.92561817756128,45.553070068359375,110466,0.0,0.0
2013-03-29 00:00:00+08:00,45.804054260253906,46.30601581054247,45.678563872681764,45.804054260253906,133250,0.0,0.0
2013-04-01 00:00:00+08:00,46.3060178694292,49.00406627980482,45.176604331063245,48.69034194946289,227892,0.0,0.0
2013-04-02 00:00:00+08:00,48.18837301626867,48.18837301626867,47.309940338134766,47.309940338134766,173991,0.0,0.0
2013-04-03 00:00:00+08:00,47.686409373447695,48.06288050454208,47.309938242353304,47.435428619384766,104252,0.0,0.0
2013-04-08 00:00:00+08:00,48.56484825123611,50.19622666728416,46.55700196080775,48.69034194946289,541975,0.0,0.0
2013-04-09 00:00:00+08:00,49.56876794225228,49.56876794225228,47.18444749242318,47.68640899658203,197458,0.0,0.0
2013-04-10 00:00:00+08:00,47.43542764126217,47.749155229909036,46.80797576904297,46.80797576904297,166389,0.0,0.0
2013-04-11 00:00:00+08:00,46.43151052183974,47.18445286379122,46.43151052183974,46.682491302490234,73912,0.0,0.0
2013-04-12 00:00:00+08:00,47.184449664750325,47.184449664750325,45.553071396052395,45.929542541503906,151490,0.0,0.0
2013-04-15 00:00:00+08:00,45.80405630603778,46.30601787874586,43.67071631695342,44.54915237426758,150510,0.0,0.0
2013-04-16 00:00:00+08:00,43.984440237814205,43.984440237814205,43.16875109851348,43.73345947265625,127105,0.0,0.0
2013-04-17 00:00:00+08:00,44.172680198493346,44.36091413147606,43.67071533203125,43.67071533203125,95967,0.0,0.0
2013-04-18 00:00:00+08:00,43.168753770644095,43.67071533203125,43.168753770644095,43.67071533203125,49716,0.0,0.0
2013-04-19 00:00:00+08:00,43.67071126669197,44.925618358414546,43.67071126669197,44.17267608642578,75255,0.0,0.0
2013-04-22 00:00:00+08:00,44.29816610631264,44.42365648396107,43.54522053534747,43.607967376708984,68357,0.0,0.0
2013-04-23 00:00:00+08:00,43.60796810731397,43.921695709228516,43.48247772756309,43.921695709228516,42805,0.0,0.0
2013-04-24 00:00:00+08:00,44.0471860889794,44.42365722823206,43.921695709228516,43.921695709228516,75531,0.0,0.0
2013-04-25 00:00:00+08:00,44.17267646873029,44.42365722823206,43.67071164465209,43.921695709228516,126345,0.0,0.0
2013-04-26 00:00:00+08:00,44.42365722823206,44.42365722823206,43.921695709228516,43.921695709228516,25545,0.0,0.0
2013-04-29 00:00:00+08:00,43.921696752674166,44.17267751813847,42.91777038574219,42.91777038574219,73874,0.0,0.0
2013-04-30 00:00:00+08:00,43.29423805711982,43.29423805711982,42.41580544853879,42.666786193847656,120476,0.0,0.0
2013-05-02 00:00:00+08:00,43.29424114454293,43.73345913269244,43.04326038133598,43.16875076293945,44876,0.0,0.0
2013-05-03 00:00:00+08:00,43.41972956426582,43.41972956426582,42.72953414916992,42.72953414916992,52471,0.0,0.0
2013-05-06 00:00:00+08:00,42.79227656650209,42.85502340536654,42.54129582119322,42.666786193847656,24164,0.0,0.0
2013-05-07 00:00:00+08:00,42.66678753717601,43.41972979680837,42.66678753717601,43.04325866699219,52471,0.0,0.0
2013-05-08 00:00:00+08:00,43.29423805711982,43.29423805711982,42.666786193847656,42.666786193847656,57304,0.0,0.0
2013-05-09 00:00:00+08:00,42.666786193847656,42.666786193847656,42.54129582119322,42.666786193847656,65865,0.0,0.0
2013-05-10 00:00:00+08:00,42.66678923652556,43.16875076293945,42.66678923652556,43.16875076293945,22093,0.0,0.0
2013-05-13 00:00:00+08:00,43.607967729896885,44.298166465090574,43.41973050936238,44.17267608642578,76649,0.0,0.0
2013-05-14 00:00:00+08:00,43.796205930182715,44.54914821901532,43.796205930182715,43.984439849853516,64898,0.0,0.0
2013-05-15 00:00:00+08:00,43.98444155945109,44.611893491199545,43.921698018813665,44.10993194580078,76636,0.0,0.0
2013-05-16 00:00:00+08:00,44.04718669312692,44.48640137574192,43.67071224363591,43.984439849853516,71882,0.0,0.0
2013-05-17 00:00:00+08:00,44.172678585269836,44.80013051408871,43.73346058255922,43.796207427978516,149198,0.0,0.0
2013-05-20 00:00:00+08:00,43.796203242934,44.047183990478516,43.67070956408723,44.047183990478516,33139,0.0,0.0
2013-05-21 00:00:00+08:00,44.047189808146555,44.29817058884013,43.67071533203125,43.67071533203125,65589,0.0,0.0
2013-05-22 00:00:00+08:00,44.04718848339703,44.04718848339703,43.04326208574156,43.29424285888672,94586,0.0,0.0
2013-05-23 00:00:00+08:00,43.29423805711982,43.29423805711982,42.666786193847656,42.666786193847656,70422,0.0,0.0
2013-05-24 00:00:00+08:00,42.66679211737146,43.04326328760107,42.415811337218386,42.54130172729492,26926,0.0,0.0
2013-05-27 00:00:00+08:00,42.41580795147025,42.41580795147025,41.41188160591922,41.47462844848633,94586,0.0,0.0
2013-05-28 00:00:00+08:00,41.53737295793579,41.53737295793579,41.16089853382872,41.28639221191406,66970,0.0,0.0
2013-05-29 00:00:00+08:00,41.41187891214028,41.913843704801096,41.41187891214028,41.53737258911133,66970,0.0,0.0
2013-05-30 00:00:00+08:00,41.53737356735433,41.851097851947074,41.286392817650324,41.34913635253906,29687,0.0,0.0
2013-05-31 00:00:00+08:00,41.537375291053436,41.913846431232066,41.41188160591922,41.47462844848633,28307,0.0,0.0
2013-06-03 00:00:00+08:00,41.41188160591922,41.913846431232066,41.41188160591922,41.47462844848633,35211,0.0,0.0
2013-06-04 00:00:00+08:00,41.4746312643491,41.91384927691494,41.4746312643491,41.66286849975586,36591,0.0,0.0
2013-06-05 00:00:00+08:00,41.91384927691494,42.10208320724681,41.60012165292864,41.66286849975586,26235,0.0,0.0
2013-06-06 00:00:00+08:00,41.72560686491484,41.72560686491484,40.784427414796134,41.28639221191406,53161,0.0,0.0
2013-06-07 00:00:00+08:00,40.84718070747333,41.60012306449933,40.84718070747333,41.22365188598633,58685,0.0,0.0
2013-06-10 00:00:00+08:00,41.41188160591922,42.41580795147025,41.41188160591922,41.47462844848633,28307,0.0,0.0
2013-06-11 00:00:00+08:00,41.41188237997248,41.47462922371243,40.9726676940918,40.9726676940918,46154,0.0,0.0
2013-06-13 00:00:00+08:00,40.9726676940918,41.41188237997248,40.9726676940918,40.9726676940918,27299,0.0,0.0
2013-06-14 00:00:00+08:00,41.34913536141752,41.41187889480232,40.721683502197266,40.721683502197266,27782,0.0,0.0
2013-06-17 00:00:00+08:00,40.721685073919744,41.41188049316406,40.721685073919744,41.41188049316406,18102,0.0,0.0
2013-06-18 00:00:00+08:00,41.41188232917743,41.91384716325709,41.41188232917743,41.78835678100586,42115,0.0,0.0
2013-06-19 00:00:00+08:00,41.913843704801096,41.913843704801096,41.41187891214028,41.53737258911133,24854,0.0,0.0
2013-06-20 00:00:00+08:00,41.7883588883354,41.91384927691494,41.41188441752188,41.66286849975586,31068,0.0,0.0
2013-06-21 00:00:00+08:00,41.16090261386951,41.60012061548189,40.15697953026957,40.78443145751953,47666,0.0,0.0
2013-06-24 00:00:00+08:00,40.282466282331,40.47070349606482,40.03148553406892,40.219722747802734,33841,0.0,0.0
2013-06-25 00:00:00+08:00,39.90599578049906,39.90599578049906,38.52559833851712,38.65108871459961,55323,0.0,0.0
2013-06-26 00:00:00+08:00,39.40403576044816,41.03541071097147,39.27854537963867,39.27854537963867,47638,0.0,0.0
2013-06-27 00:00:00+08:00,40.09423042745618,40.156977269185546,39.34128815715149,39.7805061340332,20022,0.0,0.0
2013-06-28 00:00:00+08:00,40.03148689080143,40.784429161106125,39.7805061340332,39.7805061340332,25646,0.0,0.0
2013-07-01 00:00:00+08:00,39.78050974233704,40.65894247070437,39.78050974233704,40.34521484375,18648,0.0,0.0
2013-07-02 00:00:00+08:00,40.345211410028384,40.40795825210893,40.09423065185547,40.09423065185547,24174,0.0,0.0
2013-07-03 00:00:00+08:00,39.15305461806864,40.53344879354874,39.15305461806864,39.52952575683594,12427,0.0,0.0
2013-07-04 00:00:00+08:00,39.52952575683594,40.03148727519234,39.52952575683594,39.52952575683594,15189,0.0,0.0
2013-07-05 00:00:00+08:00,39.52952575683594,40.03148727519234,39.52952575683594,39.52952575683594,16569,0.0,0.0
2013-07-08 00:00:00+08:00,40.09423065185547,40.09423065185547,39.592269135509625,40.09423065185547,38697,0.0,0.0
2013-07-09 00:00:00+08:00,40.09423212050801,40.28246934857015,39.78050781383745,37.145206451416016,49714,0.0,0.0
2013-07-10 00:00:00+08:00,41.347761335857655,41.890026309086906,40.33101272583008,40.33101272583008,36839,3.18649,0.0
2013-07-11 00:00:00+08:00,40.398797858350406,40.53436410241491,38.36530062693734,38.77199935913086,59388,0.0,0.0
2013-07-12 00:00:00+08:00,38.975350675170965,39.92431438763309,38.975350675170965,39.85653305053711,29687,0.0,0.0
2013-07-15 00:00:00+08:00,40.26323410277949,40.66993286010928,40.12766785033623,40.534366607666016,41425,0.0,0.0
2013-07-16 00:00:00+08:00,40.66993105712106,40.66993105712106,40.39879856425444,40.60214614868164,24857,0.0,0.0
2013-07-17 00:00:00+08:00,40.66992950439453,40.94106198690965,40.66992950439453,40.66992950439453,30378,0.0,0.0
2013-07-18 00:00:00+08:00,41.89002775316618,41.89002775316618,40.73771286010742,40.73771286010742,19343,0.0,0.0
2013-07-19 00:00:00+08:00,40.73771327232531,41.0766306809293,40.26323318481445,40.26323318481445,35222,0.0,0.0
2013-07-22 00:00:00+08:00,40.80549729556494,42.97456080851872,40.80549729556494,42.161163330078125,47647,0.0,0.0
2013-07-23 00:00:00+08:00,42.02559477485535,42.02559477485535,41.34776352247269,41.48332977294922,20022,0.0,0.0
2013-07-24 00:00:00+08:00,41.89002775316618,41.89002775316618,40.73771286010742,40.73771286010742,28998,0.0,0.0
2013-07-25 00:00:00+08:00,40.805496606885896,42.02559280395508,40.805496606885896,42.02559280395508,31068,0.0,0.0
2013-07-26 00:00:00+08:00,42.02559351322583,42.83899456211195,42.02559351322583,42.161163330078125,54542,0.0,0.0
2013-07-29 00:00:00+08:00,42.161165526655616,42.161165526655616,41.75446319580078,41.75446319580078,18710,0.0,0.0
2013-07-30 00:00:00+08:00,42.635644979995014,42.635644979995014,42.02559506343868,42.093379974365234,13117,0.0,0.0
2013-07-31 00:00:00+08:00,42.161165526655616,42.432298033595025,41.75446319580078,41.75446319580078,19331,0.0,0.0
2013-08-01 00:00:00+08:00,41.8222481077585,41.8222481077585,41.415549347349376,41.75446319580078,13117,0.0,0.0
2013-08-02 00:00:00+08:00,41.95781186487396,41.95781186487396,41.41554688325815,41.55111312866211,26235,0.0,0.0
2013-08-05 00:00:00+08:00,41.75446319580078,41.8222481077585,40.73771450955513,41.75446319580078,24211,0.0,0.0
2013-08-06 00:00:00+08:00,41.61889802695677,41.61889802695677,40.26323545692994,40.94106674194336,39353,0.0,0.0
2013-08-07 00:00:00+08:00,40.94106260593571,40.94106260593571,40.263231389399145,40.33101272583008,23474,0.0,0.0
2013-08-08 00:00:00+08:00,40.33101580808135,40.33101580808135,39.58539962768555,39.58539962768555,25545,0.0,0.0
2013-08-09 00:00:00+08:00,39.78874797483739,39.85653288209238,38.77199935913086,38.77199935913086,29018,0.0,0.0
2013-08-12 00:00:00+08:00,38.636435100010466,38.636435100010466,36.060672760009766,36.060672760009766,100800,0.0,0.0
2013-08-13 00:00:00+08:00,35.65397383727997,36.53515625,35.65397383727997,36.53515625,51781,0.0,0.0
2013-08-14 00:00:00+08:00,36.60293822969617,37.0096405584025,36.19623947143555,36.19623947143555,28997,0.0,0.0
2013-08-15 00:00:00+08:00,35.99288755711753,37.687471036896206,35.99288755711753,37.619686126708984,31137,0.0,0.0
2013-08-16 00:00:00+08:00,37.55190566906838,37.55190566906838,36.67072323860911,37.2807731628418,15189,0.0,0.0
2013-08-19 00:00:00+08:00,37.28077245771359,37.28077245771359,36.602937634521965,37.14520263671875,6904,0.0,0.0
2013-08-20 00:00:00+08:00,36.60293698992799,36.60293698992799,35.31505584716797,35.31505584716797,33147,0.0,0.0
2013-08-22 00:00:00+08:00,34.70500533484407,35.65397262573242,34.70500533484407,35.65397262573242,10356,0.0,0.0
2013-08-23 00:00:00+08:00,35.925106048583984,36.196238547167724,35.925106048583984,35.925106048583984,23474,0.0,0.0
2013-08-26 00:00:00+08:00,35.925106048583984,36.060672297875854,35.653973550000245,35.925106048583984,33139,0.0,0.0
2013-08-27 00:00:00+08:00,35.653971496769195,35.78953773825412,34.29830551147461,34.29830551147461,47638,0.0,0.0
2013-08-28 00:00:00+08:00,34.16274463483608,34.16274463483608,33.07821453264438,33.620479583740234,35211,0.0,0.0
2013-08-29 00:00:00+08:00,33.62047476288993,34.43387222290039,33.2137760328847,34.43387222290039,34520,0.0,0.0
2013-08-30 00:00:00+08:00,33.89160919189453,34.16274169410334,33.349344187476916,33.89160919189453,31759,0.0,0.0
2013-09-02 00:00:00+08:00,33.891610105230605,34.162742614746094,33.349345086199634,34.162742614746094,34520,0.0,0.0
2013-09-03 00:00:00+08:00,34.16274035173387,35.65397262573242,34.16274035173387,35.65397262573242,53852,0.0,0.0
2013-09-04 00:00:00+08:00,35.92510355605178,36.33180227571008,35.11170611673518,35.72175598144531,40044,0.0,0.0
2013-09-05 00:00:00+08:00,35.11171015034626,37.280773808149895,35.11171015034626,36.941856384277344,38663,0.0,0.0
2013-09-06 00:00:00+08:00,37.823036193847656,37.958602439859,37.28077120980228,37.823036193847656,49709,0.0,0.0
2013-09-09 00:00:00+08:00,37.95860149894896,38.636432712203735,37.34855162179694,37.551902770996094,28307,0.0,0.0
2013-09-10 00:00:00+08:00,37.687471526905355,37.687471526905355,35.58618927001953,35.58618927001953,40734,0.0,0.0
2013-09-11 00:00:00+08:00,36.87406921386719,37.07742036983057,36.39958913402855,36.87406921386719,65595,0.0,0.0
2013-09-12 00:00:00+08:00,37.89081556800255,39.4498291015625,37.823034233732294,39.4498291015625,107704,0.0,0.0
2013-09-13 00:00:00+08:00,40.80549818222435,41.21219693028177,39.72096818740456,40.26323318481445,134630,0.0,0.0
2013-09-16 00:00:00+08:00,39.78875122813752,39.78875122813752,39.11091995239258,39.11091995239258,18658,0.0,0.0
2013-09-17 00:00:00+08:00,38.90756607055664,39.65318220709057,38.7719998248637,38.90756607055664,34520,0.0,0.0
2013-09-18 00:00:00+08:00,38.9075657550344,39.178698244221515,38.22973453206659,38.297515869140625,40734,0.0,0.0
2013-09-23 00:00:00+08:00,38.636432040313224,39.314263241780466,38.636432040313224,38.97534942626953,34520,0.0,0.0
2013-09-24 00:00:00+08:00,38.9075680499093,38.975352961426964,38.29751812803312,38.36530303955078,28997,0.0,0.0
2013-09-25 00:00:00+08:00,39.04313522983093,39.04313522983093,38.365303950783286,38.636436462402344,28997,0.0,0.0
2013-09-26 00:00:00+08:00,38.77199841782576,39.246482045754775,38.36529969550606,38.5008659362793,40044,0.0,0.0
2013-09-27 00:00:00+08:00,39.043134302498935,39.043134302498935,38.36530303955078,38.36530303955078,18641,0.0,0.0
2013-09-30 00:00:00+08:00,38.365301242669055,38.63643373514952,38.09416875018859,38.433082580566406,11737,0.0,0.0
2013-10-01 00:00:00+08:00,38.7719998248637,39.85653336085274,38.7719998248637,38.90756607055664,55233,0.0,0.0
2013-10-02 00:00:00+08:00,38.90756740842416,39.31426615948764,38.63643490771517,38.704219818115234,22093,0.0,0.0
2013-10-03 00:00:00+08:00,38.636436462402344,38.77200271821187,38.500870206592815,38.636436462402344,33830,0.0,0.0
2013-10-04 00:00:00+08:00,38.43308328751,39.178699440769016,38.36530194836587,38.56865310668945,60066,0.0,0.0
2013-10-07 00:00:00+08:00,38.50086870176883,39.58539870585571,38.229736200747105,39.314266204833984,91134,0.0,0.0
2013-10-08 00:00:00+08:00,38.63643536637245,39.314266626191525,38.63643536637245,38.839786529541016,24854,0.0,0.0
2013-10-09 00:00:00+08:00,38.83978577320346,38.83978577320346,38.09416961669922,38.09416961669922,40734,0.0,0.0
2013-10-11 00:00:00+08:00,38.22973540062051,38.36530164829404,37.55190416225283,37.95860290527344,53852,0.0,0.0
2013-10-14 00:00:00+08:00,37.89081581962292,37.89081581962292,35.51840483639348,35.72175598144531,32449,0.0,0.0
2013-10-15 00:00:00+08:00,35.92510355605178,36.196236035823986,35.65397107627958,35.72175598144531,27616,0.0,0.0
2013-10-16 00:00:00+08:00,35.85731887817383,35.85731887817383,35.45062015593759,35.85731887817383,10356,0.0,0.0
2013-10-17 00:00:00+08:00,35.925106965928464,36.26402438303517,35.925106965928464,36.19623947143555,5523,0.0,0.0
2013-10-18 00:00:00+08:00,36.196238547167724,36.535155955620205,35.925106048583984,35.925106048583984,28307,0.0,0.0
2013-10-21 00:00:00+08:00,36.33180479645959,36.399589706328335,35.925106048583984,35.925106048583984,13808,0.0,0.0
2013-10-22 00:00:00+08:00,35.65397554730435,36.196240574849035,35.65397554730435,35.992889404296875,19331,0.0,0.0
2013-10-23 00:00:00+08:00,36.46737057486503,36.60293682240639,35.24727434699275,35.7895393371582,91300,0.0,0.0
2013-10-24 00:00:00+08:00,35.78953887150997,36.26402251695415,33.89160786017878,35.65397262573242,51090,0.0,0.0
2013-10-25 00:00:00+08:00,34.90835510522066,35.58618630724412,34.90835510522066,35.24727249145508,48329,0.0,0.0
2013-10-28 00:00:00+08:00,35.78954039253477,35.925106644073765,34.97614288330078,34.97614288330078,26235,0.0,0.0
2013-10-29 00:00:00+08:00,35.51840497226446,35.51840497226446,35.17948758603004,35.24727249145508,52530,0.0,0.0
2013-10-30 00:00:00+08:00,35.45062301832809,36.2640240989224,34.84057667093945,35.58618927001953,100800,0.0,0.0
2013-10-31 00:00:00+08:00,35.92510806107669,36.46737308862138,35.92510806107669,35.992889404296875,34520,0.0,0.0
2013-11-01 00:00:00+08:00,35.92510543912577,35.92510543912577,34.50165806048668,34.70500564575195,80088,0.0,0.0
2013-11-04 00:00:00+08:00,34.705007264336984,35.51840835467042,34.705007264336984,35.11170959472656,20022,0.0,0.0
2013-11-05 00:00:00+08:00,35.11170795717359,35.11170795717359,34.63722430747871,34.70500564575195,17950,0.0,0.0
2013-11-06 00:00:00+08:00,34.705004235929366,34.705004235929366,34.16273926998969,34.29830551147461,10356,0.0,0.0
2013-11-07 00:00:00+08:00,34.230523230456264,34.230523230456264,33.95939075497551,34.02717208862305,12427,0.0,0.0
2013-11-08 00:00:00+08:00,34.027178372062124,34.027178372062124,33.48491332096627,33.620479583740234,26235,0.0,0.0
2013-11-11 00:00:00+08:00,33.89161073586426,33.89161073586426,33.21377944946289,33.21377944946289,24854,0.0,0.0
2013-11-12 00:00:00+08:00,33.21377853369624,33.48491104078116,32.87486111461724,32.94264602661133,31068,0.0,0.0
2013-11-13 00:00:00+08:00,32.94264556683593,32.94264556683593,32.80707931518555,32.80707931518555,14498,0.0,0.0
2013-11-14 00:00:00+08:00,32.12924629816214,33.688259892023126,32.12924629816214,32.87485885620117,22783,0.0,0.0
2013-11-15 00:00:00+08:00,32.87485791403803,32.87485791403803,32.60372543334961,32.60372543334961,14498,0.0,0.0
2013-11-18 00:00:00+08:00,32.60372529886952,33.34934140290993,32.60372529886952,33.078208923339844,25545,0.0,0.0
2013-11-19 00:00:00+08:00,33.078208923339844,33.34934140290993,33.078208923339844,33.078208923339844,5523,0.0,0.0
2013-11-20 00:00:00+08:00,33.41712969923279,33.41712969923279,32.94264602661133,32.94264602661133,8284,0.0,0.0
2013-11-21 00:00:00+08:00,32.671512140152906,32.671512140152906,32.535945892333984,32.535945892333984,9665,0.0,0.0
2013-11-22 00:00:00+08:00,31.858112335205078,32.061463500150424,31.858112335205078,31.858112335205078,8975,0.0,0.0
2013-11-25 00:00:00+08:00,32.12924714887722,32.671512140152906,32.12924714887722,32.535945892333984,8975,0.0,0.0
2013-11-26 00:00:00+08:00,32.33259536422511,32.53594652513129,32.19702911376953,32.19702911376953,8975,0.0,0.0
2013-11-27 00:00:00+08:00,32.19702809073846,33.01042556762695,32.19702809073846,33.01042556762695,6904,0.0,0.0
2013-11-28 00:00:00+08:00,33.21377925650579,33.75604428247657,33.21377925650579,33.688262939453125,27616,0.0,0.0
2013-11-29 00:00:00+08:00,33.62047822130371,33.62047822130371,33.21377944946289,33.21377944946289,15189,0.0,0.0
2013-12-02 00:00:00+08:00,33.62047822130371,33.62047822130371,33.21377944946289,33.21377944946289,6213,0.0,0.0
2013-12-03 00:00:00+08:00,33.21377656659026,34.43387277621143,33.21377656659026,33.48490905761719,6904,0.0,0.0
2013-12-04 00:00:00+08:00,33.48490905761719,33.48490905761719,33.48490905761719,33.48490905761719,6283,0.0,0.0
2013-12-05 00:00:00+08:00,33.484910102215366,33.484910102215366,32.603727693665654,32.671512603759766,23474,0.0,0.0
2013-12-06 00:00:00+08:00,32.87486019315085,33.14599269263606,32.671512603759766,32.671512603759766,35245,0.0,0.0
2013-12-09 00:00:00+08:00,32.87486019315085,33.14599269263606,32.671512603759766,32.671512603759766,24882,0.0,0.0
2013-12-10 00:00:00+08:00,32.671512603759766,32.671512603759766,32.671512603759766,32.671512603759766,10356,0.0,0.0
2013-12-11 00:00:00+08:00,32.67151222293098,32.67151222293098,30.434663772583008,30.434663772583008,192645,0.0,0.0
2013-12-12 00:00:00+08:00,31.180279287347478,31.180279287347478,30.502448060347447,30.77358055114746,34520,0.0,0.0
2013-12-13 00:00:00+08:00,31.044714684011712,31.044714684011712,29.892399751938914,30.163532257080078,28997,0.0,0.0
2013-12-16 00:00:00+08:00,29.824615530532192,29.824615530532192,29.282350540161133,29.282350540161133,60773,0.0,0.0
2013-12-17 00:00:00+08:00,29.282351001856675,29.75683287591252,29.282351001856675,29.417917251586914,34520,0.0,0.0
2013-12-18 00:00:00+08:00,29.756833108883022,29.756833108883022,29.417917481904,29.485700607299805,24164,0.0,0.0
2013-12-19 00:00:00+08:00,29.75683349936833,30.231317168588216,29.553484120512458,30.163532257080078,25559,0.0,0.0
2013-12-20 00:00:00+08:00,29.892398213585384,30.29909695036718,29.892398213585384,30.23131561279297,24164,0.0,0.0
2013-12-23 00:00:00+08:00,30.23131561279297,30.43466319596111,30.095749367199037,30.23131561279297,4912,0.0,0.0
2013-12-24 00:00:00+08:00,30.434663772583008,30.434663772583008,30.0957499373998,30.434663772583008,9665,0.0,0.0
2013-12-25 00:00:00+08:00,30.43466406616079,31.044713973999023,30.43466406616079,31.044713973999023,12427,0.0,0.0
2013-12-26 00:00:00+08:00,31.18027863388761,31.99367608924089,31.18027863388761,31.654762268066406,53852,0.0,0.0
2013-12-27 00:00:00+08:00,31.383630245817255,32.400378865227324,31.383630245817255,31.790328979492188,17950,0.0,0.0
2013-12-30 00:00:00+08:00,31.858111410782755,32.1292474796576,31.586978912353516,31.586978912353516,19331,0.0,0.0
2013-12-31 00:00:00+08:00,31.9936776696987,33.75604248046875,31.9936776696987,33.75604248046875,71856,0.0,0.0
2014-01-02 00:00:00+08:00,34.90835784103863,36.060672760009766,34.90835784103863,36.060672760009766,150527,0.0,0.0
2014-01-03 00:00:00+08:00,38.365300529839345,38.365300529839345,36.33180330357282,36.602935791015625,301022,0.0,0.0
2014-01-06 00:00:00+08:00,36.1962380797823,36.53515548385849,35.24727434699275,35.7895393371582,89795,0.0,0.0
2014-01-07 00:00:00+08:00,35.7895399201219,35.92510616987146,34.70500635167982,34.840576171875,88414,0.0,0.0
2014-01-08 00:00:00+08:00,35.11170795717359,35.179489295446835,34.36609181349465,34.70500564575195,33139,0.0,0.0
2014-01-09 00:00:00+08:00,34.77278961646081,34.90835585979588,34.29830597956531,34.43387222290039,65589,0.0,0.0
2014-01-10 00:00:00+08:00,34.298307477491655,34.9761422942159,33.68826114106369,33.75604248046875,65589,0.0,0.0
2014-01-13 00:00:00+08:00,33.756043850472864,34.162742614746094,33.28156374404364,34.162742614746094,20022,0.0,0.0
2014-01-14 00:00:00+08:00,34.16274463483608,34.16274463483608,33.620479583740234,33.620479583740234,9665,0.0,0.0
2014-01-15 00:00:00+08:00,34.43387373592781,35.925106048583984,33.55269133030785,35.925106048583984,196768,0.0,0.0
2014-01-16 00:00:00+08:00,37.2807731628418,38.43308452908195,37.145203339282794,37.2807731628418,493646,0.0,0.0
2014-01-17 00:00:00+08:00,36.53515365234626,36.8740674689871,35.24727258004217,35.85731887817383,178817,0.0,0.0
2014-01-20 00:00:00+08:00,35.65397107627958,35.99288489077215,34.43387134685931,35.72175598144531,138773,0.0,0.0
2014-01-21 00:00:00+08:00,34.97614139684468,35.992886454953535,34.97614139684468,35.65397262573242,57998,0.0,0.0
2014-01-22 00:00:00+08:00,35.925105584699565,35.925105584699565,35.24727434699275,35.7895393371582,46948,0.0,0.0
2014-01-23 00:00:00+08:00,35.78953745307384,35.78953745307384,34.97614001064569,35.24727249145508,24167,0.0,0.0
2014-01-24 00:00:00+08:00,34.70500925436293,34.70500925436293,34.29831047109849,34.5694465637207,68351,0.0,0.0
2014-01-27 00:00:00+08:00,34.29830551147461,34.29830551147461,33.34934182108018,34.29830551147461,37283,0.0,0.0
2014-02-05 00:00:00+08:00,33.41712981849965,34.63722610473633,33.34934490626364,34.63722610473633,12427,0.0,0.0
2014-02-06 00:00:00+08:00,33.75604191680774,35.24727420416562,33.75604191680774,34.70500564575195,33968,0.0,0.0
2014-02-07 00:00:00+08:00,35.247273105024775,35.247273105024775,34.36609074183234,34.908355712890625,24854,0.0,0.0
2014-02-10 00:00:00+08:00,34.29830760243115,34.840576171875,33.95939376328007,34.840576171875,32450,0.0,0.0
2014-02-11 00:00:00+08:00,34.77279159000942,36.73850401515583,34.77279159000942,36.060672760009766,100973,0.0,0.0
2014-02-12 00:00:00+08:00,36.46737026154265,36.46737026154265,35.17948913574219,35.17948913574219,54542,0.0,0.0
2014-02-13 00:00:00+08:00,35.17949131065205,35.17949131065205,34.162742614746094,34.162742614746094,18641,0.0,0.0
2014-02-14 00:00:00+08:00,35.11170701002123,35.247273253356305,34.29830597956531,34.43387222290039,22783,0.0,0.0
2014-02-17 00:00:00+08:00,34.70500680977712,35.04392422384745,34.569444128683784,34.97614288330078,52471,0.0,0.0
2014-02-18 00:00:00+08:00,34.97614534698515,34.97614534698515,34.5694465637207,34.5694465637207,16569,0.0,0.0
2014-02-19 00:00:00+08:00,34.637225012027855,34.840576171875,34.501658762278296,34.840576171875,49019,0.0,0.0
2014-02-20 00:00:00+08:00,34.97614352502494,34.97614352502494,34.56944476294604,34.63722610473633,36591,0.0,0.0
2014-02-21 00:00:00+08:00,34.840576631761785,36.196239147151765,34.840576631761785,34.97614288330078,68351,0.0,0.0
2014-02-24 00:00:00+08:00,34.97614371789261,37.41633987426758,34.97614371789261,37.41633987426758,312205,0.0,0.0
2014-02-25 00:00:00+08:00,37.958606118950236,39.992103576660156,37.68747360064837,39.992103576660156,573147,0.0,0.0
2014-02-26 00:00:00+08:00,39.58540079197216,41.07663319662392,38.56865564478194,40.466583251953125,358380,0.0,0.0
2014-02-27 00:00:00+08:00,40.466582503882464,40.466582503882464,39.0431350395952,39.11091995239258,169151,0.0,0.0
2014-03-03 00:00:00+08:00,38.636434952279686,40.12766727834479,38.636434952279686,39.314266204833984,101549,0.0,0.0
2014-03-04 00:00:00+08:00,39.31426633582543,39.31426633582543,37.48412016260813,38.229736328125,128417,0.0,0.0
2014-03-05 00:00:00+08:00,39.178699440769016,39.178699440769016,38.29751703877614,38.56865310668945,90444,0.0,0.0
2014-03-06 00:00:00+08:00,38.771998280606674,39.04313076119357,38.500865800019774,38.97534942626953,52471,0.0,0.0
2014-03-07 00:00:00+08:00,39.04313522983093,39.78875142200623,38.636436462402344,38.636436462402344,122893,0.0,0.0
2014-03-10 00:00:00+08:00,39.04313448724791,39.04313448724791,37.75525329632943,37.89081954956055,42805,0.0,0.0
2014-03-11 00:00:00+08:00,38.63643417723751,40.398798968971505,37.95860293828042,40.12766647338867,119488,0.0,0.0
2014-03-12 00:00:00+08:00,39.9920991421731,42.63564268771241,39.382049258415776,42.02559280395508,341151,0.0,0.0
2014-03-13 00:00:00+08:00,42.432296147539,42.70342864242696,40.87327894626494,41.212196350097656,140850,0.0,0.0
2014-03-14 00:00:00+08:00,40.66993105712106,40.941063549987675,40.33101365581502,40.60214614868164,92515,0.0,0.0
2014-03-17 00:00:00+08:00,40.39880017909833,41.27998260136073,40.39880017909833,41.00885009765625,69043,0.0,0.0
2014-03-18 00:00:00+08:00,41.61889783125854,41.754464087623774,41.07663280579762,41.415550231933594,84921,0.0,0.0
2014-03-19 00:00:00+08:00,41.41554808953329,41.754461927691665,40.26323318481445,40.26323318481445,57304,0.0,0.0
2014-03-20 00:00:00+08:00,40.26323193930205,40.26323193930205,39.314264652744704,39.382049560546875,72493,0.0,0.0
2014-03-21 00:00:00+08:00,38.09417143916423,39.38205265457764,38.09417143916423,38.636436462402344,55233,0.0,0.0
2014-03-24 00:00:00+08:00,36.06067331437643,37.484120757288885,36.06067331437643,37.2807731628418,57456,0.0,0.0
2014-03-25 00:00:00+08:00,36.87406798729589,38.77199895485469,36.87406798729589,37.551902770996094,107014,0.0,0.0
2014-03-26 00:00:00+08:00,37.823036193847656,38.22973493188169,37.48411879359654,37.823036193847656,31068,0.0,0.0
2014-03-27 00:00:00+08:00,37.68747329711914,38.22973832935557,37.280774522941826,37.68747329711914,55233,0.0,0.0
2014-03-28 00:00:00+08:00,37.55190585386683,37.68747210764726,36.67072341907112,36.80628967285156,42805,0.0,0.0
2014-03-31 00:00:00+08:00,36.87407101451892,37.00964083874508,35.789540984275426,36.80628967285156,109831,0.0,0.0
2014-04-01 00:00:00+08:00,36.60293915045085,36.73850540661459,35.92510786963215,36.46737289428711,49019,0.0,0.0
2014-04-02 00:00:00+08:00,37.145203058513005,37.145203058513005,36.33180554598147,36.67072296142578,49709,0.0,0.0
2014-04-03 00:00:00+08:00,37.009640376870095,37.07742171769155,36.67072296142578,36.67072296142578,38718,0.0,0.0
2014-04-07 00:00:00+08:00,36.60293758996928,36.67072250038419,36.46737133958509,36.53515625,35211,0.0,0.0
2014-04-08 00:00:00+08:00,36.535156709337194,36.94185546560296,36.535156709337194,36.67072296142578,29687,0.0,0.0
2014-04-09 00:00:00+08:00,36.602935791015625,36.67072069809906,36.602935791015625,36.602935791015625,23474,0.0,0.0
2014-04-10 00:00:00+08:00,36.60293850695805,36.87407101451892,36.60293850695805,36.80628967285156,35211,0.0,0.0
2014-04-11 00:00:00+08:00,37.28077120980228,38.22973493188169,37.21298630157385,37.823036193847656,104252,0.0,0.0
2014-04-14 00:00:00+08:00,37.82303587963754,37.82303587963754,37.07741974754649,37.21298599243164,44186,0.0,0.0
2014-04-15 00:00:00+08:00,36.87406813101414,37.28077043099758,36.8062867946472,37.07741928100586,42115,0.0,0.0
2014-04-16 00:00:00+08:00,37.00963903147314,37.00963903147314,36.87406921386719,36.87406921386719,7594,0.0,0.0
2014-04-17 00:00:00+08:00,37.00963780039227,37.823035256298006,36.94185289384408,37.551902770996094,24164,0.0,0.0
2014-04-18 00:00:00+08:00,37.28077120980228,37.823036193847656,37.28077120980228,37.823036193847656,32450,0.0,0.0
2014-04-21 00:00:00+08:00,37.55190416225283,37.95860290527344,37.484119253193285,37.95860290527344,21402,0.0,0.0
2014-04-22 00:00:00+08:00,37.958605813237355,38.026387157043985,37.68747329711914,37.68747329711914,32449,0.0,0.0
2014-04-23 00:00:00+08:00,37.68746994783631,37.958602439859,37.48411879359654,37.823036193847656,22783,0.0,0.0
2014-04-24 00:00:00+08:00,40.26323305518181,40.26323305518181,38.907566995576204,39.1786994934082,210921,0.0,0.0
2014-04-25 00:00:00+08:00,38.50086789596758,38.8397853003742,37.75525174854035,37.95860290527344,175020,0.0,0.0
2014-04-28 00:00:00+08:00,37.958601110879265,38.094167352144254,37.34855123996409,38.02638244628906,40734,0.0,0.0
2014-04-29 00:00:00+08:00,37.95860446139896,37.95860446139896,37.61968704309831,37.89081954956055,39360,0.0,0.0
2014-04-30 00:00:00+08:00,37.75525391703655,38.026386427956275,36.738505215864656,36.941856384277344,18641,0.0,0.0
2014-05-02 00:00:00+08:00,36.94185350266135,37.21298599243164,36.467369860340604,37.21298599243164,33277,0.0,0.0
2014-05-05 00:00:00+08:00,37.28077288104728,37.28077288104728,36.67072296142578,36.67072296142578,16569,0.0,0.0
2014-05-06 00:00:00+08:00,37.14520154876679,37.55190385894805,37.14520154876679,37.34855270385742,58685,0.0,0.0
2014-05-07 00:00:00+08:00,37.280771365790905,37.34855270385742,36.80628771754313,37.34855270385742,31759,0.0,0.0
2014-05-08 00:00:00+08:00,38.09417068152157,38.09417068152157,36.9418557448357,37.2807731628418,33139,0.0,0.0
2014-05-09 00:00:00+08:00,37.55190566906838,37.55190566906838,37.009640656615204,37.2807731628418,31068,0.0,0.0
2014-05-12 00:00:00+08:00,36.87406962368623,36.87406962368623,36.19623838035079,36.39958953857422,57994,0.0,0.0
2014-05-13 00:00:00+08:00,36.264022988775764,36.264022988775764,35.65397308961684,35.7895393371582,39353,0.0,0.0
2014-05-14 00:00:00+08:00,35.65397247232009,36.128456115722656,35.65397247232009,36.128456115722656,31068,0.0,0.0
2014-05-15 00:00:00+08:00,36.128457207744596,36.128457207744596,35.789539799292115,35.925106048583984,18641,0.0,0.0
2014-05-16 00:00:00+08:00,35.92510355605178,35.92510355605178,35.65397107627958,35.72175598144531,28997,0.0,0.0
2014-05-19 00:00:00+08:00,35.7895393371582,36.264022988775764,35.7217579986103,35.7895393371582,37972,0.0,0.0
2014-05-20 00:00:00+08:00,35.789539799292115,35.925106048583984,35.789539799292115,35.925106048583984,40734,0.0,0.0
2014-05-21 00:00:00+08:00,35.315055226065795,35.78953887150997,35.315055226065795,35.65397262573242,15189,0.0,0.0
2014-05-22 00:00:00+08:00,35.518406379954875,35.925105117287515,35.38284013417732,35.65397262573242,43496,0.0,0.0
2014-05-23 00:00:00+08:00,35.789539799292115,36.060672297875854,35.653973550000245,35.925106048583984,31068,0.0,0.0
2014-05-26 00:00:00+08:00,36.060672297875854,36.196238547167724,35.925106048583984,35.925106048583984,16569,0.0,0.0
2014-05-27 00:00:00+08:00,36.33180618286133,36.33180618286133,36.06067367393132,36.33180618286133,17950,0.0,0.0
2014-05-28 00:00:00+08:00,36.602935791015625,36.87406827845843,36.26402196693485,36.602935791015625,31068,0.0,0.0
2014-05-29 00:00:00+08:00,37.009640656615204,37.41633941595509,37.009640656615204,37.2807731628418,71140,0.0,0.0
2014-05-30 00:00:00+08:00,37.2807731628418,37.41633941595509,37.21298825106229,37.2807731628418,69041,0.0,0.0
2014-06-03 00:00:00+08:00,36.9418557448357,37.41633941595509,36.9418557448357,37.2807731628418,27644,0.0,0.0
2014-06-04 00:00:00+08:00,36.94185619733624,37.55190612904142,36.806289942562394,37.41633987426758,46948,0.0,0.0
2014-06-05 00:00:00+08:00,37.28077361949373,37.55190612904142,37.28077361949373,37.41633987426758,24861,0.0,0.0
2014-06-06 00:00:00+08:00,37.68747238381527,37.68747238381527,36.94185619733624,37.41633987426758,21402,0.0,0.0
2014-06-09 00:00:00+08:00,37.95860290527344,37.95860290527344,37.55190416225283,37.95860290527344,53852,0.0,0.0
2014-06-10 00:00:00+08:00,37.95860290527344,37.95860290527344,37.8230366575999,37.95860290527344,17260,0.0,0.0
2014-06-11 00:00:00+08:00,38.29751903765563,38.839787631339526,38.29751903765563,38.636436462402344,75945,0.0,0.0
2014-06-12 00:00:00+08:00,38.09416931767489,38.63643431071391,37.4841194152832,37.4841194152832,16569,0.0,0.0
2014-06-13 00:00:00+08:00,37.89081799621389,37.95860290527344,37.484119253193285,37.95860290527344,13877,0.0,0.0
2014-06-16 00:00:00+08:00,37.95860189474382,38.77199935913086,37.68746940661481,38.77199935913086,44878,0.0,0.0
2014-06-17 00:00:00+08:00,38.77200271821187,38.9075689740214,37.75525401441752,38.636436462402344,60775,0.0,0.0
2014-06-18 00:00:00+08:00,38.636434445833586,38.83978560415717,38.22973569963201,38.56865310668945,32449,0.0,0.0
2014-06-19 00:00:00+08:00,38.56865310668945,38.70421935542331,38.22973569963201,38.56865310668945,22127,0.0,0.0
2014-06-20 00:00:00+08:00,38.70422137553,38.70422137553,38.500870206592815,38.636436462402344,11737,0.0,0.0
2014-06-23 00:00:00+08:00,38.704218487239984,40.12766585223862,38.704218487239984,38.90756607055664,55235,0.0,0.0
2014-06-24 00:00:00+08:00,38.9075671126426,39.0431333619665,38.02638470681447,38.09416961669922,40838,0.0,0.0
2014-06-25 00:00:00+08:00,37.68747329711914,38.22973832935557,37.55190703906003,37.68747329711914,34520,0.0,0.0
2014-06-26 00:00:00+08:00,37.95860400073645,37.95860400073645,37.41633899439286,37.755252838134766,46295,0.0,0.0
2014-06-27 00:00:00+08:00,38.0731058553786,38.55679437497465,38.00400957527136,38.41859817504883,47707,0.767654,0.0
2014-06-30 00:00:00+08:00,38.69498790582714,41.04432678222656,38.69498790582714,41.04432678222656,102181,0.0,0.0
2014-07-01 00:00:00+08:00,43.877351253404534,43.877351253404534,41.458916060421444,41.873504638671875,348743,0.0,0.0
2014-07-02 00:00:00+08:00,41.113422148637845,42.01169918619171,40.076948923745775,40.215145111083984,129266,0.0,0.0
2014-07-03 00:00:00+08:00,40.21514523107452,42.01169931154266,40.21514523107452,41.597110748291016,125014,0.0,0.0
2014-07-04 00:00:00+08:00,41.458914989077925,42.01169974579394,40.629737854003906,40.629737854003906,49019,0.0,0.0
2014-07-07 00:00:00+08:00,40.76793652809961,40.76793652809961,39.731463226225685,39.869659423828125,35901,0.0,0.0
2014-07-08 00:00:00+08:00,40.007853440043654,40.62973811520264,39.66236114501953,39.66236114501953,25561,0.0,0.0
2014-07-09 00:00:00+08:00,39.731463044302046,39.93875551990091,38.97138214111328,38.97138214111328,41424,0.0,0.0
2014-07-10 00:00:00+08:00,39.24777488655104,41.66621017503496,39.17867496759173,40.76793670654297,145007,0.0,0.0
2014-07-11 00:00:00+08:00,38.833186276723076,39.731463384574624,38.833186276723076,39.38597106933594,134630,0.0,0.0
2014-07-14 00:00:00+08:00,39.31687479011498,39.524167267489155,39.24777487118272,39.38597106933594,20022,0.0,0.0
2014-07-15 00:00:00+08:00,39.38596840560367,39.93875316083087,39.247772216796875,39.247772216796875,6904,0.0,0.0
2014-07-16 00:00:00+08:00,39.247772705646945,39.247772705646945,38.14220318142214,39.178672790527344,48329,0.0,0.0
2014-07-17 00:00:00+08:00,39.17867495225047,39.524167267489155,39.04047875409725,39.38597106933594,49709,0.0,0.0
2014-07-18 00:00:00+08:00,39.24777371898536,39.59326602408142,39.24777371898536,39.524166107177734,8975,0.0,0.0
2014-07-21 00:00:00+08:00,40.00785529231468,41.735309567990264,40.00785529231468,40.35334396362305,51781,0.0,0.0
2014-07-22 00:00:00+08:00,41.182525634765625,41.59711423274601,40.49154463813166,41.182525634765625,24164,0.0,0.0
2014-07-23 00:00:00+08:00,41.182525634765625,41.182525634765625,41.182525634765625,41.182525634765625,0,0.0,0.0
2014-07-24 00:00:00+08:00,41.18252310638023,41.18252310638023,40.49154215216878,40.560638427734375,18644,0.0,0.0
2014-07-25 00:00:00+08:00,40.90613272570205,40.90613272570205,39.800559505171265,39.869659423828125,20712,0.0,0.0
2014-07-28 00:00:00+08:00,40.07695007324219,40.07695007324219,39.31687284093683,40.07695007324219,17260,0.0,0.0
2014-07-29 00:00:00+08:00,39.38596911673227,40.07695007324219,39.24777292543028,40.07695007324219,39353,0.0,0.0
2014-07-30 00:00:00+08:00,39.800559997558594,40.076952396182826,39.31687511982186,39.800559997558594,6213,0.0,0.0
2014-07-31 00:00:00+08:00,39.38597106933594,40.00785578088106,39.24777487118272,39.38597106933594,20712,0.0,0.0
2014-08-01 00:00:00+08:00,39.38596791675668,39.38596791675668,39.316871643066406,39.316871643066406,20022,0.0,0.0
2014-08-04 00:00:00+08:00,39.31687463341837,39.869659423828125,38.8331861219542,39.869659423828125,26926,0.0,0.0
2014-08-05 00:00:00+08:00,39.0404772626626,39.593265673868984,39.0404772626626,39.10957717895508,2761,0.0,0.0
2014-08-06 00:00:00+08:00,39.247773017233364,39.73146150777724,37.451218886394194,38.69498825073242,26926,0.0,0.0
2014-08-07 00:00:00+08:00,38.69498825073242,38.69498825073242,38.69498825073242,38.69498825073242,690,0.0,0.0
2014-08-08 00:00:00+08:00,37.58941733578255,38.41859817504883,37.58941733578255,38.41859817504883,13808,0.0,0.0
2014-08-11 00:00:00+08:00,38.418596354254156,38.83318493438279,38.073104050958044,38.62588882446289,8975,0.0,0.0
2014-08-12 00:00:00+08:00,38.62589032126217,38.69499024048356,38.00400924682617,38.00400924682617,12493,0.0,0.0
2014-08-13 00:00:00+08:00,37.72761603832671,38.556793212890625,37.72761603832671,38.556793212890625,1380,0.0,0.0
2014-08-14 00:00:00+08:00,37.796710305241646,37.865806579589844,37.796710305241646,37.865806579589844,6213,0.0,0.0
2014-08-15 00:00:00+08:00,36.622041656903725,37.7276148272095,36.622041656903725,37.31302261352539,25545,0.0,0.0
2014-08-18 00:00:00+08:00,37.243928323593565,37.243928323593565,34.963685585591115,36.62204360961914,66279,0.0,0.0
2014-08-19 00:00:00+08:00,36.552940368652344,36.622040281575046,35.93105935090294,36.552940368652344,24219,0.0,0.0
2014-08-20 00:00:00+08:00,36.00015856540284,36.207454681396484,35.65466989169513,36.207454681396484,17950,0.0,0.0
2014-08-21 00:00:00+08:00,35.240081787109375,35.72376666493617,35.240081787109375,35.240081787109375,6904,0.0,0.0
2014-08-22 00:00:00+08:00,34.54909447640026,36.48384475708008,34.54909447640026,36.48384475708008,15189,0.0,0.0
2014-08-25 00:00:00+08:00,36.34564923007408,36.41474914550781,35.93106065660505,36.41474914550781,11737,0.0,0.0
2014-08-26 00:00:00+08:00,36.34565121223302,36.62204360961914,35.7237664982586,36.62204360961914,2761,0.0,0.0
2014-08-27 00:00:00+08:00,36.76023864746094,36.76023864746094,36.34565006447405,36.76023864746094,5523,0.0,0.0
2014-08-28 00:00:00+08:00,36.622042453131975,36.76023864746094,36.34565006447405,36.76023864746094,6904,0.0,0.0
2014-08-29 00:00:00+08:00,36.760238988846496,37.174827575683594,36.62204279323413,37.174827575683594,9665,0.0,0.0
2014-09-01 00:00:00+08:00,37.17482628942371,37.93490715884832,37.17482628942371,37.79671096801758,3452,0.0,0.0
2014-09-02 00:00:00+08:00,36.76023749530518,37.17482606529785,36.27654901045819,36.898433685302734,22093,0.0,0.0
2014-09-03 00:00:00+08:00,36.6220439380446,37.0366325378418,36.55294401822273,37.0366325378418,3452,0.0,0.0
2014-09-04 00:00:00+08:00,36.34565006447405,36.76023864746094,36.00015775879604,36.76023864746094,9665,0.0,0.0
2014-09-05 00:00:00+08:00,35.931060791015625,35.931060791015625,35.931060791015625,35.931060791015625,8975,0.0,0.0
2014-09-09 00:00:00+08:00,35.931060791015625,36.20745317436224,35.931060791015625,35.931060791015625,6904,0.0,0.0
2014-09-10 00:00:00+08:00,35.93105939057663,35.93105939057663,35.101878633143585,35.17097854614258,5523,0.0,0.0
2014-09-11 00:00:00+08:00,35.24007845914158,35.24007845914158,34.96368244685657,35.17097854614258,5523,0.0,0.0
2014-09-12 00:00:00+08:00,36.76023822749427,36.76023822749427,34.96368408203125,34.96368408203125,7594,0.0,0.0
2014-09-15 00:00:00+08:00,34.687292846856344,34.82548904418945,34.687292846856344,34.82548904418945,7594,0.0,0.0
2014-09-16 00:00:00+08:00,36.34564869525041,36.34564869525041,36.00015640258789,36.00015640258789,7594,0.0,0.0
2014-09-17 00:00:00+08:00,36.000156163049795,36.62204082982001,35.10187911987305,35.10187911987305,14498,0.0,0.0
2014-09-18 00:00:00+08:00,34.96368408203125,35.51647249274298,34.825487889281106,34.96368408203125,7594,0.0,0.0
2014-09-19 00:00:00+08:00,35.72376432838589,35.72376432838589,34.687291081288,35.51647186279297,22783,0.0,0.0
2014-09-22 00:00:00+08:00,35.51647186279297,35.51647186279297,35.51647186279297,35.51647186279297,691,0.0,0.0
2014-09-23 00:00:00+08:00,35.585570795167484,35.65467071533203,35.585570795167484,35.65467071533203,1380,0.0,0.0
2014-09-24 00:00:00+08:00,35.51647120036004,35.585567474365234,35.51647120036004,35.585567474365234,3452,0.0,0.0
2014-09-25 00:00:00+08:00,35.723764820932196,35.723764820932196,34.89458766770592,35.44737243652344,4832,0.0,0.0
2014-09-26 00:00:00+08:00,35.240081787109375,35.240081787109375,34.687293350046666,35.240081787109375,6213,0.0,0.0
2014-09-29 00:00:00+08:00,35.17097854614258,35.17097854614258,35.17097854614258,35.17097854614258,690,0.0,0.0
2014-09-30 00:00:00+08:00,33.99630990793555,34.618194580078125,33.719917529141306,34.618194580078125,17950,0.0,0.0
2014-10-01 00:00:00+08:00,34.54909550378082,34.96368408203125,34.54909550378082,34.96368408203125,3452,0.0,0.0
2014-10-02 00:00:00+08:00,33.996312676819535,35.10188228204139,33.996312676819535,34.272705078125,17260,0.0,0.0
2014-10-03 00:00:00+08:00,34.27270151542152,35.17097854614258,34.27270151542152,35.17097854614258,22093,0.0,0.0
2014-10-06 00:00:00+08:00,34.54909502058447,35.240079614382374,33.99631025731503,35.03278350830078,15879,0.0,0.0
2014-10-07 00:00:00+08:00,33.99631152801835,34.4109001159668,33.927215249882565,34.4109001159668,8975,0.0,0.0
2014-10-08 00:00:00+08:00,33.789014589086186,34.06541061401367,33.789014589086186,34.06541061401367,6904,0.0,0.0
2014-10-09 00:00:00+08:00,33.78901290893555,33.78901290893555,33.78901290893555,33.78901290893555,2761,0.0,0.0
2014-10-13 00:00:00+08:00,31.43968051387262,33.85811579661146,31.43968051387262,32.061561584472656,37282,0.0,0.0
2014-10-14 00:00:00+08:00,31.923364639282227,31.923364639282227,31.923364639282227,31.923364639282227,37282,0.0,0.0
2014-10-15 00:00:00+08:00,33.028936822164354,33.028936822164354,29.712222792965566,30.886890411376953,24164,0.0,0.0
2014-10-16 00:00:00+08:00,30.679598344298864,30.679598344298864,29.15943659041918,30.610498428344727,2765,0.0,0.0
2014-10-17 00:00:00+08:00,30.817794044605616,30.817794044605616,30.679597854614258,30.679597854614258,1684,0.0,0.0
2014-10-20 00:00:00+08:00,31.785167694091797,31.785167694091797,31.785167694091797,31.785167694091797,690,0.0,0.0
2014-10-21 00:00:00+08:00,29.712223047145645,31.16328305877314,29.712223047145645,31.094186782836914,6904,0.0,0.0
2014-10-22 00:00:00+08:00,31.232383728027344,31.508776117863565,30.541402753436795,31.232383728027344,3452,0.0,0.0
2014-10-23 00:00:00+08:00,31.094186782836914,31.094186782836914,31.094186782836914,31.094186782836914,3452,0.0,0.0
2014-10-24 00:00:00+08:00,31.23238270723585,31.23238270723585,29.712222792965566,30.886890411376953,14498,0.0,0.0
2014-10-27 00:00:00+08:00,29.22853430077198,29.643124691747385,29.22853430077198,29.504926681518555,5523,0.0,0.0
2014-10-28 00:00:00+08:00,27.63927737635919,29.435829741575237,27.63927737635919,29.366731643676758,13811,0.0,0.0
2014-10-29 00:00:00+08:00,29.366730890740058,29.643125095103088,28.606651833344547,29.228534698486328,12427,0.0,0.0
2014-10-30 00:00:00+08:00,29.15943683135989,29.15943683135989,28.744848251342773,28.744848251342773,4832,0.0,0.0
2014-10-31 00:00:00+08:00,30.2650090001474,30.2650090001474,28.813947111769338,29.57402801513672,7594,0.0,0.0
2014-11-03 00:00:00+08:00,29.850419561689503,30.26500814092577,29.435829162597656,29.435829162597656,8284,0.0,0.0
2014-11-04 00:00:00+08:00,29.435829926543857,30.334107024724275,29.435829926543857,30.2650089263916,29687,0.0,0.0
2014-11-05 00:00:00+08:00,30.265007772835418,31.232382932476835,30.265007772835418,30.4032039642334,3452,0.0,0.0
2014-11-06 00:00:00+08:00,30.4032039642334,30.4032039642334,30.4032039642334,30.4032039642334,690,0.0,0.0
2014-11-07 00:00:00+08:00,30.817794799804688,30.817794799804688,30.817794799804688,30.817794799804688,690,0.0,0.0
2014-11-10 00:00:00+08:00,30.679597854614258,30.679597854614258,30.679597854614258,30.679597854614258,690,0.0,0.0
2014-11-11 00:00:00+08:00,31.025088023506587,31.025088023506587,30.88689182677239,30.955991744995117,8284,0.0,0.0
2014-11-12 00:00:00+08:00,31.23238270723585,31.23238270723585,29.850418983366907,30.886890411376953,11737,0.0,0.0
2014-11-13 00:00:00+08:00,30.886890411376953,30.886890411376953,30.886890411376953,30.886890411376953,11737,0.0,0.0
2014-11-14 00:00:00+08:00,32.06156012392191,32.06156012392191,30.817794399669772,31.094186782836914,27616,0.0,0.0
2014-11-17 00:00:00+08:00,31.094186782836914,31.094186782836914,31.094186782836914,31.094186782836914,1380,0.0,0.0
2014-11-18 00:00:00+08:00,31.094186741078857,31.094186741078857,30.4032039642334,30.4032039642334,13808,0.0,0.0
2014-11-19 00:00:00+08:00,29.71222270481922,30.886890319745756,29.71222270481922,30.679597854614258,8976,0.0,0.0
2014-11-20 00:00:00+08:00,31.439679577568835,31.439679577568835,30.679598692014412,31.025087356567383,2761,0.0,0.0
2014-11-21 00:00:00+08:00,29.712223047145645,31.094186782836914,29.712223047145645,31.094186782836914,12427,0.0,0.0
2014-11-24 00:00:00+08:00,31.50877585459496,31.50877585459496,30.88689116280396,31.025087356567383,17950,0.0,0.0
2014-11-25 00:00:00+08:00,31.025087356567383,31.025087356567383,31.025087356567383,31.025087356567383,0,0.0,0.0
2014-11-26 00:00:00+08:00,31.025086471461442,31.37057876586914,31.025086471461442,31.37057876586914,6213,0.0,0.0
2014-11-27 00:00:00+08:00,30.81779554826092,31.370580335197708,30.81779554826092,30.955991744995117,6213,0.0,0.0
2014-11-28 00:00:00+08:00,30.95599107954126,31.163283550330807,30.95599107954126,31.025087356567383,16569,0.0,0.0
2014-12-01 00:00:00+08:00,31.025086867189568,31.094186782836914,30.817794399669772,31.094186782836914,3452,0.0,0.0
2014-12-02 00:00:00+08:00,31.37057876586914,31.37057876586914,31.37057876586914,31.37057876586914,34520,0.0,0.0
2014-12-03 00:00:00+08:00,31.37057876586914,31.37057876586914,31.37057876586914,31.37057876586914,31759,0.0,0.0
2014-12-04 00:00:00+08:00,30.955991744995117,30.955991744995117,30.955991744995117,30.955991744995117,23708,0.0,0.0
2014-12-05 00:00:00+08:00,31.646972050556943,33.0980339050293,31.09418727546484,33.0980339050293,118060,0.0,0.0
2014-12-08 00:00:00+08:00,33.16713396777377,33.37442643949023,31.23238360672343,32.61434555053711,140917,0.0,0.0
2014-12-09 00:00:00+08:00,31.23238279771574,32.33795232412928,31.23238279771574,32.268856048583984,37282,0.0,0.0
2014-12-10 00:00:00+08:00,31.78516690829943,32.40705157399386,31.78516690829943,32.33795166015625,19331,0.0,0.0
2014-12-11 00:00:00+08:00,32.33795245961455,32.33795245961455,31.785167694091797,31.785167694091797,28307,0.0,0.0
2014-12-12 00:00:00+08:00,32.13065919806545,32.61434403608466,31.78516690829943,32.33795166015625,33830,0.0,0.0
2014-12-15 00:00:00+08:00,32.337953223214015,32.337953223214015,31.923364639282227,31.923364639282227,5523,0.0,0.0
2014-12-16 00:00:00+08:00,33.512622633871594,33.512622633871594,32.19975696739301,32.61434555053711,15189,0.0,0.0
2014-12-17 00:00:00+08:00,31.78516690829943,32.61434403608466,31.78516690829943,32.33795166015625,6904,0.0,0.0
2014-12-18 00:00:00+08:00,32.89074122652734,32.89074122652734,31.92336423651376,32.19975662231445,16569,0.0,0.0
2014-12-19 00:00:00+08:00,31.992465634991156,32.890742750315056,31.992465634991156,32.47615051269531,19331,0.0,0.0
2014-12-22 00:00:00+08:00,32.82164001464844,32.82164001464844,32.82164001464844,32.82164001464844,690,0.0,0.0
2014-12-23 00:00:00+08:00,32.47615051269531,32.47615051269531,32.06156191478689,32.47615051269531,17260,0.0,0.0
2014-12-24 00:00:00+08:00,32.476149356155744,32.821641661964755,32.476149356155744,32.61434555053711,15879,0.0,0.0
2014-12-25 00:00:00+08:00,32.61434671199812,32.61434671199812,32.199758114089704,32.47615051269531,21402,0.0,0.0
2014-12-26 00:00:00+08:00,32.3379528152148,32.476149008115144,32.19975662231445,32.19975662231445,13117,0.0,0.0
2014-12-29 00:00:00+08:00,34.272705078125,34.89458980091797,33.65082035533203,34.272705078125,7594,0.0,0.0
2014-12-30 00:00:00+08:00,34.82548988073592,35.65467072436367,33.78901655598476,34.272705078125,8975,0.0,0.0
2014-12-31 00:00:00+08:00,34.82548903884354,34.82548903884354,33.58172326303651,33.927215576171875,7594,0.0,0.0
2015-01-05 00:00:00+08:00,33.44352755193922,33.99631234922339,33.44352755193922,33.858116149902344,7608,0.0,0.0
2015-01-06 00:00:00+08:00,33.16713515329714,33.858116149902344,33.16713515329714,33.858116149902344,8975,0.0,0.0
2015-01-07 00:00:00+08:00,33.44352755193922,34.54909714650755,33.44352755193922,33.858116149902344,7594,0.0,0.0
2015-01-08 00:00:00+08:00,33.858116149902344,34.34180466738165,33.858116149902344,33.858116149902344,4142,0.0,0.0
2015-01-09 00:00:00+08:00,33.85811419705731,34.549095153808594,33.789014281526626,34.549095153808594,25545,0.0,0.0
2015-01-12 00:00:00+08:00,36.96753524011956,36.96753524011956,35.51647336091733,35.79286575317383,79466,0.0,0.0
2015-01-13 00:00:00+08:00,33.3053302147462,34.82548835534166,33.3053302147462,33.99631118774414,56614,0.0,0.0
2015-01-14 00:00:00+08:00,33.719916635922836,34.41089756460481,33.719916635922836,33.78901290893555,18641,0.0,0.0
2015-01-15 00:00:00+08:00,33.443524510858886,34.825486378405,33.443524510858886,34.68729019165039,9665,0.0,0.0
2015-01-16 00:00:00+08:00,34.341803141879204,34.341803141879204,33.581722259521484,33.581722259521484,3452,0.0,0.0
2015-01-19 00:00:00+08:00,33.58172375126026,34.41090094718651,33.16713515329714,33.858116149902344,17260,0.0,0.0
2015-01-20 00:00:00+08:00,34.27270308307035,34.27270308307035,33.30532973481318,34.06541061401367,5523,0.0,0.0
2015-01-21 00:00:00+08:00,34.06541259700158,34.54909747943046,33.16713547290315,34.272705078125,20022,0.0,0.0
2015-01-22 00:00:00+08:00,34.13450703225031,34.82548799816135,33.16713367997487,33.581722259521484,34520,0.0,0.0
2015-01-23 00:00:00+08:00,33.30532849056252,33.37442476442967,32.68344382720313,32.82164001464844,11737,0.0,0.0
2015-01-26 00:00:00+08:00,33.23623076843745,33.374426964994825,33.02893829345703,33.02893829345703,2140,0.0,0.0
2015-01-27 00:00:00+08:00,32.40705210762113,32.89074059331597,31.785167431686503,32.75254440307617,54542,0.0,0.0
2015-01-28 00:00:00+08:00,32.545249273202025,32.61434555053711,32.545249273202025,32.61434555053711,1380,0.0,0.0
2015-01-29 00:00:00+08:00,32.6143462177134,32.6143462177134,32.1306613473397,32.545249938964844,40044,0.0,0.0
2015-01-30 00:00:00+08:00,32.47615051269531,32.54525043220238,32.47615051269531,32.47615051269531,13117,0.0,0.0
2015-02-02 00:00:00+08:00,31.43968083777993,32.47615051269531,31.43968083777993,32.47615051269531,8284,0.0,0.0
2015-02-03 00:00:00+08:00,34.68729144032215,34.68729144032215,33.16713333129883,33.16713333129883,9665,0.0,0.0
2015-02-04 00:00:00+08:00,32.7525459003423,33.098034571880085,32.7525459003423,33.02893829345703,17950,0.0,0.0
2015-02-05 00:00:00+08:00,32.61434457312529,32.89074059331597,32.47614838288549,32.75254440307617,41433,0.0,0.0
2015-02-06 00:00:00+08:00,32.19975762608825,32.545249938964844,31.785169034463106,32.545249938964844,11737,0.0,0.0
2015-02-09 00:00:00+08:00,32.47615051269531,32.47615051269531,32.47615051269531,32.47615051269531,2071,0.0,0.0
2015-02-10 00:00:00+08:00,32.47615051269531,32.47615051269531,32.33795431339251,32.47615051269531,25545,0.0,0.0
2015-02-11 00:00:00+08:00,31.923364639282227,31.923364639282227,31.923364639282227,31.923364639282227,690,0.0,0.0
2015-02-12 00:00:00+08:00,31.785169516181284,32.47615051269531,31.785169516181284,32.47615051269531,4142,0.0,0.0
2015-02-13 00:00:00+08:00,33.16713514892067,33.16713514892067,31.43968083777993,32.47615051269531,7594,0.0,0.0
2015-02-24 00:00:00+08:00,33.028935742763885,33.028935742763885,31.646970244202652,32.40705108642578,2071,0.0,0.0
2015-02-25 00:00:00+08:00,32.199756483879355,32.68344497680664,32.199756483879355,32.68344497680664,1380,0.0,0.0
2015-02-26 00:00:00+08:00,32.683443663853026,34.68729019165039,32.683443663853026,34.68729019165039,17260,0.0,0.0
2015-03-02 00:00:00+08:00,34.47999747732849,34.47999747732849,32.890739521504464,33.78901290893555,7595,0.0,0.0
2015-03-03 00:00:00+08:00,33.16713333129883,33.16713333129883,32.545248648661,33.16713333129883,10359,0.0,0.0
2015-03-04 00:00:00+08:00,32.061558688820234,33.44352418250916,32.061558688820234,32.89073944091797,14498,0.0,0.0
2015-03-05 00:00:00+08:00,32.61434343041142,32.89073944091797,32.61434343041142,32.89073944091797,14499,0.0,0.0
2015-03-06 00:00:00+08:00,32.821641032119786,33.512621990766746,32.821641032119786,33.16713333129883,4832,0.0,0.0
2015-03-09 00:00:00+08:00,32.5452491299372,33.0980339050293,31.992464354845097,33.0980339050293,10356,0.0,0.0
2015-03-10 00:00:00+08:00,32.61434391362497,32.82164001464844,32.130659077421896,32.82164001464844,8284,0.0,0.0
2015-03-11 00:00:00+08:00,31.78516777429378,34.34180278085423,31.78516777429378,33.16713333129883,15189,0.0,0.0
2015-03-12 00:00:00+08:00,33.028936783555764,33.028936783555764,32.54524829786093,32.75254440307617,13117,0.0,0.0
2015-03-13 00:00:00+08:00,32.68344382720313,32.82164001464844,32.33795153873435,32.82164001464844,2761,0.0,0.0
2015-03-16 00:00:00+08:00,32.82164001464844,32.82164001464844,32.82164001464844,32.82164001464844,0,0.0,0.0
2015-03-17 00:00:00+08:00,32.47615002050502,32.75254605463305,31.992465150131313,32.545249938964844,20022,0.0,0.0
2015-03-18 00:00:00+08:00,32.47614886849176,32.68344497680664,32.130660207581826,32.68344497680664,13808,0.0,0.0
2015-03-19 00:00:00+08:00,32.75254325552017,33.09803189915918,32.47614724501362,32.89073944091797,17260,0.0,0.0
2015-03-20 00:00:00+08:00,32.54525027132843,32.9598388671875,32.26885787408905,32.9598388671875,31076,0.0,0.0
2015-03-23 00:00:00+08:00,32.89074225184143,32.89074225184143,32.33795382329664,32.545249938964844,24164,0.0,0.0
2015-03-24 00:00:00+08:00,32.33795166015625,32.476147848120455,32.199755472192045,32.33795166015625,17950,0.0,0.0
2015-03-25 00:00:00+08:00,32.33795117362778,32.54524727231081,32.33795117362778,32.40705108642578,10372,0.0,0.0
2015-03-26 00:00:00+08:00,31.923364438102993,33.78901487389442,31.923364438102993,33.0980339050293,80088,0.0,0.0
2015-03-27 00:00:00+08:00,32.337952192645695,32.89074059331597,32.26885591738134,32.75254440307617,27632,0.0,0.0
2015-03-30 00:00:00+08:00,32.54525043220238,32.54525043220238,32.06156191478689,32.47615051269531,14498,0.0,0.0
2015-03-31 00:00:00+08:00,32.33795166015625,32.476147848120455,31.78516690829943,32.33795166015625,14518,0.0,0.0
2015-04-01 00:00:00+08:00,34.06541003020979,34.06541003020979,32.54524829786093,32.75254440307617,90444,0.0,0.0
2015-04-02 00:00:00+08:00,32.545247998037766,33.51262132080442,32.545247998037766,33.236228942871094,15879,0.0,0.0
2015-04-07 00:00:00+08:00,33.58172110891607,33.85811348581049,32.752543978232794,33.71991729736328,100800,0.0,0.0
2015-04-08 00:00:00+08:00,33.71991995058131,34.06541226873957,33.71991995058131,33.858116149902344,69731,0.0,0.0
2015-04-09 00:00:00+08:00,33.99631073278025,34.96368408203125,33.99631073278025,34.96368408203125,146367,0.0,0.0
2015-04-10 00:00:00+08:00,35.447373405693526,35.93106191148899,34.06541144586538,34.4109001159668,115299,0.0,0.0
2015-04-13 00:00:00+08:00,33.789014061544286,33.996310167075634,33.167133024372426,33.65081787109375,71112,0.0,0.0
2015-04-14 00:00:00+08:00,33.58172110891607,33.71991729736328,33.16713254357443,33.71991729736328,63518,0.0,0.0
2015-04-15 00:00:00+08:00,33.71991692996507,33.85811311690656,33.16713218219914,33.305328369140625,52471,0.0,0.0
2015-04-16 00:00:00+08:00,33.16713367997487,33.581722259521484,32.821641377163765,33.581722259521484,63518,0.0,0.0
2015-04-17 00:00:00+08:00,33.44352606633928,33.581722259521484,33.02893748679266,33.581722259521484,20720,0.0,0.0
2015-04-20 00:00:00+08:00,33.16713367997487,33.581722259521484,33.02893748679266,33.581722259521484,33830,0.0,0.0
2015-04-21 00:00:00+08:00,33.236228942871094,33.65081750977109,32.89074029030996,33.236228942871094,15879,0.0,0.0
2015-04-22 00:00:00+08:00,33.305328369140625,33.305328369140625,33.305328369140625,33.305328369140625,690,0.0,0.0
2015-04-23 00:00:00+08:00,33.71991961759236,33.71991961759236,33.02893862781069,33.44352722167969,6904,0.0,0.0
2015-04-24 00:00:00+08:00,33.78901639539796,33.78901639539796,33.098035395418286,33.374427795410156,10356,0.0,0.0
2015-04-27 00:00:00+08:00,31.094185851726575,32.890739928226594,31.094185851726575,32.82164001464844,61446,0.0,0.0
2015-04-28 00:00:00+08:00,32.40705307882065,32.61434555053711,32.33795316177437,32.61434555053711,17260,0.0,0.0
2015-04-29 00:00:00+08:00,32.47614735951281,32.47614735951281,31.785166430087678,32.40705108642578,21402,0.0,0.0
2015-04-30 00:00:00+08:00,32.26885591738134,33.09803305882012,31.785167431686503,32.75254440307617,20022,0.0,0.0
2015-05-04 00:00:00+08:00,33.028936115671904,33.028936115671904,32.130659077421896,32.82164001464844,5523,0.0,0.0
2015-05-05 00:00:00+08:00,32.9598388671875,32.9598388671875,32.130661675469355,32.9598388671875,4211,0.0,0.0
2015-05-06 00:00:00+08:00,32.13065896028251,33.58172074302359,32.13065896028251,33.305328369140625,15885,0.0,0.0
2015-05-07 00:00:00+08:00,32.82164151748325,33.1671338217714,32.82164151748325,33.0980339050293,8284,0.0,0.0
2015-05-08 00:00:00+08:00,32.61434343041142,33.236228084556984,32.407050972170204,32.89073944091797,33893,0.0,0.0
2015-05-11 00:00:00+08:00,33.44352688312913,33.44352688312913,31.92336508128684,33.02893829345703,14498,0.0,0.0
2015-05-12 00:00:00+08:00,32.47614873294074,33.16713333129883,31.854267690014037,33.16713333129883,11737,0.0,0.0
2015-05-13 00:00:00+08:00,32.683446469948116,33.09803506580719,32.61434655078262,32.9598388671875,8284,0.0,0.0
2015-05-14 00:00:00+08:00,33.09803506580719,33.09803506580719,32.19975795492355,32.9598388671875,11047,0.0,0.0
2015-05-15 00:00:00+08:00,32.95983771125627,33.37442629257535,32.61434540696812,33.0980339050293,28307,0.0,0.0
2015-05-18 00:00:00+08:00,32.19975535128904,33.37442476442967,32.19975535128904,32.82164001464844,9665,0.0,0.0
2015-05-19 00:00:00+08:00,32.75254605463305,32.75254605463305,31.785169034463106,32.545249938964844,9665,0.0,0.0
2015-05-20 00:00:00+08:00,32.54525009690494,32.54525009690494,31.370580595077456,32.061561584472656,36654,0.0,0.0
2015-05-21 00:00:00+08:00,31.37057911994973,31.923363885472487,31.094186737188352,31.785167694091797,19379,0.0,0.0
2015-05-22 00:00:00+08:00,31.923363395134807,32.061559584392825,31.577874741845292,31.854267120361328,8975,0.0,0.0
2015-05-25 00:00:00+08:00,32.061560748351624,32.061560748351624,31.43967969396938,31.71607208251953,11737,0.0,0.0
2015-05-26 00:00:00+08:00,31.646971412967947,31.646971412967947,31.5778751373291,31.5778751373291,2761,0.0,0.0
2015-05-27 00:00:00+08:00,30.886891756095544,31.71607257431461,30.886891756095544,31.64697265625,11046,0.0,0.0
2015-05-28 00:00:00+08:00,31.439680099487305,31.577876295544876,30.541403005257493,31.439680099487305,35211,0.0,0.0
2015-05-29 00:00:00+08:00,31.439680099487305,31.439680099487305,31.232383985545333,31.439680099487305,11737,0.0,0.0
2015-06-01 00:00:00+08:00,31.43968018147867,31.64697265625,30.955991674160153,31.64697265625,11046,0.0,0.0
2015-06-02 00:00:00+08:00,31.43967868063511,31.43967868063511,31.094186386227413,31.37057876586914,19338,0.0,0.0
2015-06-03 00:00:00+08:00,31.577875627482097,31.577875627482097,30.955990938524035,31.50877571105957,10356,0.0,0.0
2015-06-04 00:00:00+08:00,31.64697257371804,31.64697257371804,30.9559915934302,31.439680099487305,9665,0.0,0.0
2015-06-05 00:00:00+08:00,31.370579255443964,31.508775447421545,31.232383063466386,31.30147933959961,6904,0.0,0.0
2015-06-08 00:00:00+08:00,29.919517334521,31.30147925035671,29.919517334521,31.094186782836914,17260,0.0,0.0
2015-06-09 00:00:00+08:00,30.195910109748574,30.88689107663805,29.919517722992783,30.817794799804688,15189,0.0,0.0
2015-06-10 00:00:00+08:00,30.610498030574274,31.025086601778295,30.195909459370256,30.886890411376953,5523,0.0,0.0
2015-06-11 00:00:00+08:00,30.88689190756643,31.163284301757812,30.40320521773151,31.163284301757812,6213,0.0,0.0
2015-06-12 00:00:00+08:00,30.95599019640655,31.37057876586914,30.817794006585686,31.37057876586914,3452,0.0,0.0
2015-06-15 00:00:00+08:00,30.541402753436795,31.232383728027344,30.472302836122136,31.232383728027344,3452,0.0,0.0
2015-06-16 00:00:00+08:00,30.610499433303996,30.955991744995117,30.54140315479253,30.955991744995117,2071,0.0,0.0
2015-06-17 00:00:00+08:00,29.919517722992783,30.817794799804688,29.919517722992783,30.817794799804688,4142,0.0,0.0
2015-06-18 00:00:00+08:00,29.919517722992783,30.817794799804688,29.919517722992783,30.817794799804688,4142,0.0,0.0
2015-06-22 00:00:00+08:00,30.057714646367213,30.955991744995117,30.057714646367213,30.955991744995117,6213,0.0,0.0
2015-06-23 00:00:00+08:00,31.646972048358382,31.646972048358382,30.541402498250985,31.025087356567383,4906,0.0,0.0
2015-06-24 00:00:00+08:00,30.679599351526726,31.025088023506587,30.403205138202704,30.955991744995117,4832,0.0,0.0
2015-06-25 00:00:00+08:00,30.886890675605997,31.094186782836914,30.54140201650263,31.094186782836914,2761,0.0,0.0
2015-06-26 00:00:00+08:00,31.577876035178225,31.577876035178225,30.610499031040245,31.232383728027344,12427,0.0,0.0
2015-06-29 00:00:00+08:00,31.025086867189568,31.094186782836914,30.54140201650263,31.094186782836914,7594,0.0,0.0
2015-06-30 00:00:00+08:00,32.545248474250684,32.545248474250684,30.81779426703516,31.5778751373291,7594,0.0,0.0
2015-07-01 00:00:00+08:00,31.30147933959961,31.30147933959961,31.30147933959961,31.30147933959961,691,0.0,0.0
2015-07-02 00:00:00+08:00,32.407053556404456,32.407053556404456,30.610499363259606,31.64697265625,11737,0.0,0.0
2015-07-03 00:00:00+08:00,31.92336489724559,32.13066101074219,31.92336489724559,32.13066101074219,2071,0.0,0.0
2015-07-06 00:00:00+08:00,32.407053556404456,32.407053556404456,30.955991674160153,31.64697265625,8975,0.0,0.0
2015-07-07 00:00:00+08:00,32.1306604227728,32.1306604227728,31.094187153679044,30.126811981201172,14613,0.0,0.0
2015-07-08 00:00:00+08:00,31.64763641357422,31.64763641357422,29.692291259765625,31.64763641357422,11046,1.448404,0.0
2015-07-09 00:00:00+08:00,31.068275451660156,31.068275451660156,31.068275451660156,31.068275451660156,0,0.0,0.0
2015-07-10 00:00:00+08:00,31.64763641357422,31.64763641357422,31.64763641357422,31.64763641357422,0,0.0,0.0
2015-07-13 00:00:00+08:00,29.764711380004883,31.720056533813477,29.764711380004883,31.720056533813477,1380,0.0,0.0
2015-07-14 00:00:00+08:00,32.66151809692383,32.66151809692383,31.430376052856445,31.864896774291992,7594,0.0,0.0
2015-07-15 00:00:00+08:00,31.57521629333496,32.22699737548828,31.57521629333496,32.082157135009766,4142,0.0,0.0
2015-07-16 00:00:00+08:00,30.85101318359375,31.57521629333496,30.778593063354492,31.57521629333496,2774,0.0,0.0
2015-07-17 00:00:00+08:00,32.29941940307617,32.29941940307617,30.633752822875977,31.357955932617188,21402,0.0,0.0
2015-07-20 00:00:00+08:00,31.140695571899414,32.00973892211914,30.9958553314209,31.430376052856445,44876,0.0,0.0
2015-07-21 00:00:00+08:00,32.5890998840332,32.5890998840332,30.633752822875977,31.140695571899414,11046,0.0,0.0
2015-07-22 00:00:00+08:00,29.83713150024414,30.923433303833008,29.83713150024414,30.923433303833008,7594,0.0,0.0
2015-07-23 00:00:00+08:00,31.28553581237793,32.154579162597656,29.83713150024414,30.633752822875977,30378,0.0,0.0
2015-07-24 00:00:00+08:00,30.633752822875977,30.633752822875977,29.83713150024414,30.344072341918945,11046,0.0,0.0
2015-07-27 00:00:00+08:00,30.56133270263672,30.56133270263672,28.31630516052246,29.619869232177734,28997,0.0,0.0
2015-07-28 00:00:00+08:00,28.968088150024414,30.126811981201172,28.968088150024414,29.981971740722656,12427,0.0,0.0
2015-07-29 00:00:00+08:00,30.126811981201172,30.126811981201172,29.619869232177734,30.126811981201172,25545,0.0,0.0
2015-07-30 00:00:00+08:00,30.778593063354492,30.778593063354492,29.692291259765625,30.054391860961914,5534,0.0,0.0
2015-07-31 00:00:00+08:00,30.054391860961914,30.054391860961914,30.054391860961914,30.054391860961914,0,0.0,0.0
2015-08-03 00:00:00+08:00,30.054391860961914,30.19923210144043,29.692291259765625,29.9095516204834,9665,0.0,0.0
2015-08-04 00:00:00+08:00,29.692291259765625,29.692291259765625,28.968088150024414,29.47503089904785,6213,0.0,0.0
2015-08-05 00:00:00+08:00,28.533567428588867,29.764711380004883,28.38872718811035,29.764711380004883,4142,0.0,0.0
2015-08-06 00:00:00+08:00,28.75082778930664,29.47503089904785,28.75082778930664,29.47503089904785,1380,0.0,0.0
2015-08-07 00:00:00+08:00,29.47503089904785,29.47503089904785,29.47503089904785,29.47503089904785,0,0.0,0.0
2015-08-10 00:00:00+08:00,29.330188751220703,29.330188751220703,29.330188751220703,29.330188751220703,1380,0.0,0.0
2015-08-11 00:00:00+08:00,29.692291259765625,30.19923210144043,29.257768630981445,29.619869232177734,19331,0.0,0.0
2015-08-12 00:00:00+08:00,29.764711380004883,29.764711380004883,29.619869232177734,29.619869232177734,4142,0.0,0.0
2015-08-13 00:00:00+08:00,29.547449111938477,29.547449111938477,29.547449111938477,29.547449111938477,2071,0.0,0.0
2015-08-14 00:00:00+08:00,27.881784439086914,29.330188751220703,27.881784439086914,29.185348510742188,4832,0.0,0.0
2015-08-17 00:00:00+08:00,27.7369441986084,28.75082778930664,27.519683837890625,28.243886947631836,7594,0.0,0.0
2015-08-18 00:00:00+08:00,28.02662467956543,28.02662467956543,26.505800247192383,27.809364318847656,2761,0.0,0.0
2015-08-19 00:00:00+08:00,26.795482635498047,27.30242347717285,25.491918563842773,26.57822036743164,27167,0.0,0.0
2015-08-20 00:00:00+08:00,27.012741088867188,27.012741088867188,25.781599044799805,26.57822036743164,2761,0.0,0.0
2015-08-21 00:00:00+08:00,24.622875213623047,25.709178924560547,24.405614852905273,25.274656295776367,21402,0.0,0.0
2015-08-24 00:00:00+08:00,22.957210540771484,22.957210540771484,22.812368392944336,22.812368392944336,15879,0.0,0.0
2015-08-25 00:00:00+08:00,23.608991622924805,23.608991622924805,22.957210540771484,23.029630661010742,2071,0.0,0.0
2015-08-26 00:00:00+08:00,23.536571502685547,23.608991622924805,23.536571502685547,23.536571502685547,4832,0.0,0.0
2015-08-27 00:00:00+08:00,23.174470901489258,23.82625389099121,23.174470901489258,23.82625389099121,6213,0.0,0.0
2015-08-28 00:00:00+08:00,24.622875213623047,24.622875213623047,24.333194732666016,24.405614852905273,6904,0.0,0.0
2015-08-31 00:00:00+08:00,24.405614852905273,24.405614852905273,24.405614852905273,24.405614852905273,0,0.0,0.0
2015-09-01 00:00:00+08:00,24.333194732666016,24.55045509338379,24.333194732666016,24.47803497314453,3452,0.0,0.0
2015-09-02 00:00:00+08:00,24.84013557434082,24.912555694580078,24.84013557434082,24.912555694580078,2071,0.0,0.0
2015-09-03 00:00:00+08:00,25.12981605529785,25.12981605529785,25.057395935058594,25.057395935058594,2071,0.0,0.0
2015-09-04 00:00:00+08:00,23.174470901489258,24.695295333862305,22.884790420532227,24.695295333862305,17950,0.0,0.0
2015-09-07 00:00:00+08:00,24.695295333862305,24.695295333862305,24.695295333862305,24.695295333862305,0,0.0,0.0
2015-09-08 00:00:00+08:00,24.695295333862305,24.695295333862305,24.695295333862305,24.695295333862305,0,0.0,0.0
2015-09-09 00:00:00+08:00,24.622875213623047,24.622875213623047,24.47803497314453,24.47803497314453,3472,0.0,0.0
2015-09-10 00:00:00+08:00,24.984975814819336,25.20223617553711,24.984975814819336,24.984975814819336,3452,0.0,0.0
2015-09-11 00:00:00+08:00,24.84013557434082,25.274656295776367,24.622875213623047,25.274656295776367,10356,0.0,0.0
2015-09-14 00:00:00+08:00,25.20223617553711,25.20223617553711,24.695295333862305,24.695295333862305,4142,0.0,0.0
2015-09-15 00:00:00+08:00,24.695295333862305,24.695295333862305,23.898672103881836,24.622875213623047,10356,0.0,0.0
2015-09-16 00:00:00+08:00,24.622875213623047,26.57822036743164,24.622875213623047,25.998859405517578,23646,0.0,0.0
2015-09-17 00:00:00+08:00,26.21611976623535,27.30242347717285,26.21611976623535,26.360960006713867,14291,0.0,0.0
2015-09-18 00:00:00+08:00,28.09904670715332,28.09904670715332,27.230003356933594,27.519683837890625,58042,0.0,0.0
2015-09-21 00:00:00+08:00,24.767715454101562,28.243886947631836,24.767715454101562,27.230003356933594,29687,0.0,0.0
2015-09-22 00:00:00+08:00,27.519683837890625,29.547449111938477,27.519683837890625,28.31630516052246,41424,0.0,0.0
2015-09-23 00:00:00+08:00,28.243886947631836,28.895668029785156,27.157583236694336,27.7369441986084,20746,0.0,0.0
2015-09-24 00:00:00+08:00,27.7369441986084,27.7369441986084,26.795482635498047,27.37484359741211,5523,0.0,0.0
2015-09-25 00:00:00+08:00,26.940322875976562,28.02662467956543,26.940322875976562,28.02662467956543,17260,0.0,0.0
2015-09-29 00:00:00+08:00,28.02662467956543,28.02662467956543,28.02662467956543,28.02662467956543,0,0.0,0.0
2015-09-30 00:00:00+08:00,27.519683837890625,27.519683837890625,27.085163116455078,27.519683837890625,3452,0.0,0.0
2015-10-01 00:00:00+08:00,27.592103958129883,28.533567428588867,27.592103958129883,28.171466827392578,8289,0.0,0.0
2015-10-02 00:00:00+08:00,30.706174850463867,30.706174850463867,28.46114730834961,28.968088150024414,39353,0.0,0.0
2015-10-05 00:00:00+08:00,28.678407669067383,29.619869232177734,28.678407669067383,28.75082778930664,20022,0.0,0.0
2015-10-06 00:00:00+08:00,28.8232479095459,29.619869232177734,28.678407669067383,29.47503089904785,19331,0.0,0.0
2015-10-07 00:00:00+08:00,29.547449111938477,31.864896774291992,29.547449111938477,31.140695571899414,57304,0.0,0.0
2015-10-08 00:00:00+08:00,31.57521629333496,31.57521629333496,29.547449111938477,29.83713150024414,9665,0.0,0.0
2015-10-12 00:00:00+08:00,29.981971740722656,30.9958553314209,29.981971740722656,29.981971740722656,8284,0.0,0.0
2015-10-13 00:00:00+08:00,30.416492462158203,32.154579162597656,30.416492462158203,31.140695571899414,44876,0.0,0.0
2015-10-14 00:00:00+08:00,31.28553581237793,32.5890998840332,31.28553581237793,31.430376052856445,28997,0.0,0.0
2015-10-15 00:00:00+08:00,31.430376052856445,31.57521629333496,30.9958553314209,31.357955932617188,28997,0.0,0.0
2015-10-16 00:00:00+08:00,31.864896774291992,32.66151809692383,31.28553581237793,31.502796173095703,77326,0.0,0.0
2015-10-19 00:00:00+08:00,32.154579162597656,34.61686706542969,32.154579162597656,34.61686706542969,234110,0.0,0.0
2015-10-20 00:00:00+08:00,35.051387786865234,37.94819641113281,35.051387786865234,37.8033561706543,238197,0.0,0.0
2015-10-21 00:00:00+08:00,37.8033561706543,38.38271713256836,36.21010971069336,36.49979019165039,96658,0.0,0.0
2015-10-22 00:00:00+08:00,36.49979019165039,36.9343147277832,36.21010971069336,36.21010971069336,33830,0.0,0.0
2015-10-23 00:00:00+08:00,36.28253173828125,37.07915115356445,35.341068267822266,35.84800720214844,33830,0.0,0.0
2015-10-26 00:00:00+08:00,36.7170524597168,36.7170524597168,34.68928527832031,34.978965759277344,33139,0.0,0.0
2015-10-27 00:00:00+08:00,34.90654754638672,34.978965759277344,33.892662048339844,34.68928527832031,33830,0.0,0.0
2015-10-28 00:00:00+08:00,34.68928527832031,35.77558898925781,34.68928527832031,35.051387786865234,13117,0.0,0.0
2015-10-29 00:00:00+08:00,34.83412551879883,34.83412551879883,34.03750228881836,34.03750228881836,18641,0.0,0.0
2015-10-30 00:00:00+08:00,34.03750228881836,34.03750228881836,31.140695571899414,33.09604263305664,67660,0.0,0.0
2015-11-02 00:00:00+08:00,32.29941940307617,33.02362060546875,32.00973892211914,32.951202392578125,22185,0.0,0.0
2015-11-03 00:00:00+08:00,33.31330108642578,34.03750228881836,32.806358337402344,33.240882873535156,34520,0.0,0.0
2015-11-04 00:00:00+08:00,33.4581413269043,33.4581413269043,32.878780364990234,32.951202392578125,18641,0.0,0.0
2015-11-05 00:00:00+08:00,32.5890998840332,32.951202392578125,32.154579162597656,32.878780364990234,31068,0.0,0.0
2015-11-06 00:00:00+08:00,32.878780364990234,32.878780364990234,31.28553581237793,32.154579162597656,30378,0.0,0.0
2015-11-09 00:00:00+08:00,32.00973892211914,32.00973892211914,31.502796173095703,31.720056533813477,2761,0.0,0.0
2015-11-10 00:00:00+08:00,32.878780364990234,32.878780364990234,32.29941940307617,32.29941940307617,6214,0.0,0.0
2015-11-11 00:00:00+08:00,32.29941940307617,33.53056335449219,32.154579162597656,32.878780364990234,21402,0.0,0.0
2015-11-12 00:00:00+08:00,31.864896774291992,32.878780364990234,31.28553581237793,32.878780364990234,4832,0.0,0.0
2015-11-13 00:00:00+08:00,32.806358337402344,32.806358337402344,31.64763641357422,31.93731689453125,27849,0.0,0.0
2015-11-16 00:00:00+08:00,30.416492462158203,31.720056533813477,30.416492462158203,31.213115692138672,11046,0.0,0.0
2015-11-17 00:00:00+08:00,31.864896774291992,31.864896774291992,31.28553581237793,31.357955932617188,4142,0.0,0.0
2015-11-18 00:00:00+08:00,31.357955932617188,32.5890998840332,31.357955932617188,31.64763641357422,14498,0.0,0.0
2015-11-19 00:00:00+08:00,31.864896774291992,32.29941940307617,31.57521629333496,32.082157135009766,19331,0.0,0.0
2015-11-20 00:00:00+08:00,32.22699737548828,33.892662048339844,31.64763641357422,33.60298156738281,49709,0.0,0.0
2015-11-23 00:00:00+08:00,34.182342529296875,34.182342529296875,32.878780364990234,33.60298156738281,21403,0.0,0.0
2015-11-24 00:00:00+08:00,32.878780364990234,32.878780364990234,32.154579162597656,32.22699737548828,23474,0.0,0.0
2015-11-25 00:00:00+08:00,30.56133270263672,32.44425964355469,30.56133270263672,32.44425964355469,19331,0.0,0.0
2015-11-26 00:00:00+08:00,32.44425964355469,32.951202392578125,32.44425964355469,32.806358337402344,11046,0.0,0.0
2015-11-27 00:00:00+08:00,32.806358337402344,32.806358337402344,31.864896774291992,31.93731689453125,22783,0.0,0.0
2015-11-30 00:00:00+08:00,30.923433303833008,31.792476654052734,30.923433303833008,31.792476654052734,6213,0.0,0.0
2015-12-01 00:00:00+08:00,31.864896774291992,32.00973892211914,31.28553581237793,31.64763641357422,15879,0.0,0.0
2015-12-02 00:00:00+08:00,33.31330108642578,34.7617073059082,33.31330108642578,34.7617073059082,111847,0.0,0.0
2015-12-03 00:00:00+08:00,37.65851593017578,38.09303665161133,35.19622802734375,36.137691497802734,252691,0.0,0.0
2015-12-04 00:00:00+08:00,35.19622802734375,36.78947067260742,34.7617073059082,35.55833053588867,68351,0.0,0.0
2015-12-07 00:00:00+08:00,35.92042922973633,35.92042922973633,33.965084075927734,33.965084075927734,47638,0.0,0.0
2015-12-08 00:00:00+08:00,33.4581413269043,34.61686706542969,33.31330108642578,33.31330108642578,17950,0.0,0.0
2015-12-09 00:00:00+08:00,33.02362060546875,33.02362060546875,31.28553581237793,32.51667785644531,30378,0.0,0.0
2015-12-10 00:00:00+08:00,32.00973892211914,32.951202392578125,31.864896774291992,32.951202392578125,10356,0.0,0.0
2015-12-11 00:00:00+08:00,32.5890998840332,34.7617073059082,32.5890998840332,33.09604263305664,42115,0.0,0.0
2015-12-14 00:00:00+08:00,33.09604263305664,33.09604263305664,30.416492462158203,32.66151809692383,33830,0.0,0.0
2015-12-15 00:00:00+08:00,31.864896774291992,32.951202392578125,31.64763641357422,32.951202392578125,22093,0.0,0.0
2015-12-16 00:00:00+08:00,32.951202392578125,32.951202392578125,32.5890998840332,32.806358337402344,6904,0.0,0.0
2015-12-17 00:00:00+08:00,32.806358337402344,36.065269470214844,32.082157135009766,34.39960479736328,162247,0.0,0.0
2015-12-18 00:00:00+08:00,32.00973892211914,33.82024383544922,32.00973892211914,33.4581413269043,31068,0.0,0.0
2015-12-21 00:00:00+08:00,32.878780364990234,34.254764556884766,32.44425964355469,34.03750228881836,19331,0.0,0.0
2015-12-22 00:00:00+08:00,33.53056335449219,34.47202682495117,33.53056335449219,33.60298156738281,21402,0.0,0.0
2015-12-23 00:00:00+08:00,33.60298156738281,33.965084075927734,33.02362060546875,33.02362060546875,12427,0.0,0.0
2015-12-24 00:00:00+08:00,32.66151809692383,32.66151809692383,32.154579162597656,32.5890998840332,22783,0.0,0.0
2015-12-25 00:00:00+08:00,32.951202392578125,32.951202392578125,32.5890998840332,32.5890998840332,1380,0.0,0.0
2015-12-28 00:00:00+08:00,31.213115692138672,32.5890998840332,31.213115692138672,32.5890998840332,2761,0.0,0.0
2015-12-29 00:00:00+08:00,31.64763641357422,32.29941940307617,31.64763641357422,32.29941940307617,2807,0.0,0.0
2015-12-30 00:00:00+08:00,32.00973892211914,32.082157135009766,31.430376052856445,31.430376052856445,8975,0.0,0.0
2015-12-31 00:00:00+08:00,31.57521629333496,32.00973892211914,31.57521629333496,31.864896774291992,7594,0.0,0.0
2016-01-04 00:00:00+08:00,31.57521629333496,31.57521629333496,31.140695571899414,31.213115692138672,5523,0.0,0.0
2016-01-05 00:00:00+08:00,31.140695571899414,31.140695571899414,30.633752822875977,31.068275451660156,6904,0.0,0.0
2016-01-06 00:00:00+08:00,30.9958553314209,32.082157135009766,30.9958553314209,31.720056533813477,4142,0.0,0.0
2016-01-07 00:00:00+08:00,31.720056533813477,31.720056533813477,29.764711380004883,31.57521629333496,28997,0.0,0.0
2016-01-08 00:00:00+08:00,29.402610778808594,31.28553581237793,29.402610778808594,31.28553581237793,6213,0.0,0.0
2016-01-11 00:00:00+08:00,29.692291259765625,30.706174850463867,29.692291259765625,30.416492462158203,2071,0.0,0.0
2016-01-12 00:00:00+08:00,30.48891258239746,30.48891258239746,29.330188751220703,29.330188751220703,20712,0.0,0.0
2016-01-13 00:00:00+08:00,29.330188751220703,29.47503089904785,29.330188751220703,29.47503089904785,2761,0.0,0.0
2016-01-14 00:00:00+08:00,29.185348510742188,29.692291259765625,29.185348510742188,29.692291259765625,8975,0.0,0.0
2016-01-15 00:00:00+08:00,28.171466827392578,29.9095516204834,28.09904670715332,29.83713150024414,17260,0.0,0.0
2016-01-18 00:00:00+08:00,29.764711380004883,30.48891258239746,28.8232479095459,29.981971740722656,15189,0.0,0.0
2016-01-19 00:00:00+08:00,29.764711380004883,29.9095516204834,28.968088150024414,29.9095516204834,11737,0.0,0.0
2016-01-20 00:00:00+08:00,29.257768630981445,29.619869232177734,28.678407669067383,29.11292839050293,11046,0.0,0.0
2016-01-21 00:00:00+08:00,29.040508270263672,29.692291259765625,28.678407669067383,28.678407669067383,6904,0.0,0.0
2016-01-22 00:00:00+08:00,28.75082778930664,29.185348510742188,28.02662467956543,28.678407669067383,5523,0.0,0.0
2016-01-25 00:00:00+08:00,28.968088150024414,28.968088150024414,28.968088150024414,28.968088150024414,4142,0.0,0.0
2016-01-26 00:00:00+08:00,28.968088150024414,28.968088150024414,28.968088150024414,28.968088150024414,0,0.0,0.0
2016-01-27 00:00:00+08:00,28.895668029785156,28.895668029785156,28.895668029785156,28.895668029785156,690,0.0,0.0
2016-01-28 00:00:00+08:00,28.968088150024414,29.257768630981445,28.968088150024414,29.257768630981445,2071,0.0,0.0
2016-01-29 00:00:00+08:00,28.8232479095459,29.619869232177734,28.8232479095459,29.619869232177734,3452,0.0,0.0
2016-02-01 00:00:00+08:00,29.692291259765625,29.692291259765625,29.692291259765625,29.692291259765625,690,0.0,0.0
2016-02-02 00:00:00+08:00,29.040508270263672,29.185348510742188,28.968088150024414,29.185348510742188,4142,0.0,0.0
2016-02-03 00:00:00+08:00,28.968088150024414,29.257768630981445,28.895668029785156,29.257768630981445,5523,0.0,0.0
2016-02-15 00:00:00+08:00,28.02662467956543,29.257768630981445,28.02662467956543,29.257768630981445,1380,0.0,0.0
2016-02-16 00:00:00+08:00,28.02662467956543,29.185348510742188,28.02662467956543,29.185348510742188,4142,0.0,0.0
2016-02-17 00:00:00+08:00,28.968088150024414,28.968088150024414,28.243886947631836,28.8232479095459,15879,0.0,0.0
2016-02-18 00:00:00+08:00,28.895668029785156,29.11292839050293,28.895668029785156,29.11292839050293,11737,0.0,0.0
2016-02-19 00:00:00+08:00,28.8232479095459,29.47503089904785,28.8232479095459,29.47503089904785,2071,0.0,0.0
2016-02-22 00:00:00+08:00,29.47503089904785,29.47503089904785,29.47503089904785,29.47503089904785,0,0.0,0.0
2016-02-23 00:00:00+08:00,28.968088150024414,29.11292839050293,28.968088150024414,29.11292839050293,1380,0.0,0.0
2016-02-24 00:00:00+08:00,28.46114730834961,29.330188751220703,28.38872718811035,29.040508270263672,6904,0.0,0.0
2016-02-25 00:00:00+08:00,29.330188751220703,29.692291259765625,28.968088150024414,29.47503089904785,5523,0.0,0.0
2016-02-26 00:00:00+08:00,28.31630516052246,29.257768630981445,28.31630516052246,28.968088150024414,6213,0.0,0.0
2016-03-01 00:00:00+08:00,28.968088150024414,28.968088150024414,28.533567428588867,28.968088150024414,11737,0.0,0.0
2016-03-02 00:00:00+08:00,28.8232479095459,29.185348510742188,28.678407669067383,29.185348510742188,15879,0.0,0.0
2016-03-03 00:00:00+08:00,28.968088150024414,29.257768630981445,28.968088150024414,29.257768630981445,2071,0.0,0.0
2016-03-04 00:00:00+08:00,28.678407669067383,29.257768630981445,28.678407669067383,29.11292839050293,10356,0.0,0.0
2016-03-07 00:00:00+08:00,28.968088150024414,29.47503089904785,28.968088150024414,29.47503089904785,8975,0.0,0.0
2016-03-08 00:00:00+08:00,29.040508270263672,29.257768630981445,29.040508270263672,29.257768630981445,7594,0.0,0.0
2016-03-09 00:00:00+08:00,29.330188751220703,29.619869232177734,29.11292839050293,29.257768630981445,12427,0.0,0.0
2016-03-10 00:00:00+08:00,29.692291259765625,30.271652221679688,29.619869232177734,30.19923210144043,52471,0.0,0.0
2016-03-11 00:00:00+08:00,30.271652221679688,30.923433303833008,30.054391860961914,30.85101318359375,17950,0.0,0.0
2016-03-14 00:00:00+08:00,31.28553581237793,33.892662048339844,31.28553581237793,33.892662048339844,171222,0.0,0.0
2016-03-15 00:00:00+08:00,33.31330108642578,33.31330108642578,31.140695571899414,32.5890998840332,67666,0.0,0.0
2016-03-16 00:00:00+08:00,32.29941940307617,34.03750228881836,31.93731689453125,33.892662048339844,22093,0.0,0.0
2016-03-17 00:00:00+08:00,34.327186584472656,35.84800720214844,33.02362060546875,33.82024383544922,67660,0.0,0.0
2016-03-18 00:00:00+08:00,33.82024383544922,33.82024383544922,32.66151809692383,33.240882873535156,14498,0.0,0.0
2016-03-21 00:00:00+08:00,33.31330108642578,33.31330108642578,32.154579162597656,33.09604263305664,11737,0.0,0.0
2016-03-22 00:00:00+08:00,32.3718376159668,33.31330108642578,32.3718376159668,33.02362060546875,2071,0.0,0.0
2016-03-23 00:00:00+08:00,32.73394012451172,33.09604263305664,32.44425964355469,33.02362060546875,18641,0.0,0.0
2016-03-24 00:00:00+08:00,31.28553581237793,32.66151809692383,31.28553581237793,31.57521629333496,13117,0.0,0.0
2016-03-25 00:00:00+08:00,31.140695571899414,31.57521629333496,29.9095516204834,31.57521629333496,42805,0.0,0.0
2016-03-28 00:00:00+08:00,30.416492462158203,30.9958553314209,30.416492462158203,30.9958553314209,11737,0.0,0.0
2016-03-29 00:00:00+08:00,30.271652221679688,30.706174850463867,29.692291259765625,30.56133270263672,20712,0.0,0.0
2016-03-30 00:00:00+08:00,30.126811981201172,30.56133270263672,30.126811981201172,30.56133270263672,1380,0.0,0.0
2016-03-31 00:00:00+08:00,30.126811981201172,30.923433303833008,29.692291259765625,30.923433303833008,31068,0.0,0.0
2016-04-01 00:00:00+08:00,29.83713150024414,30.416492462158203,29.692291259765625,30.416492462158203,19331,0.0,0.0
2016-04-06 00:00:00+08:00,29.764711380004883,30.271652221679688,29.764711380004883,30.271652221679688,2761,0.0,0.0
2016-04-07 00:00:00+08:00,29.692291259765625,30.19923210144043,29.692291259765625,30.19923210144043,3452,0.0,0.0
2016-04-08 00:00:00+08:00,30.126811981201172,30.344072341918945,29.547449111938477,30.344072341918945,15189,0.0,0.0
2016-04-11 00:00:00+08:00,30.416492462158203,30.706174850463867,30.126811981201172,30.344072341918945,13117,0.0,0.0
2016-04-12 00:00:00+08:00,29.981971740722656,29.981971740722656,29.83713150024414,29.83713150024414,2761,0.0,0.0
2016-04-13 00:00:00+08:00,30.416492462158203,32.5890998840332,30.344072341918945,31.64763641357422,44186,0.0,0.0
2016-04-14 00:00:00+08:00,31.28553581237793,32.154579162597656,30.19923210144043,31.28553581237793,41424,0.0,0.0
2016-04-15 00:00:00+08:00,30.416492462158203,30.85101318359375,29.981971740722656,30.633752822875977,10356,0.0,0.0
2016-04-18 00:00:00+08:00,30.706174850463867,30.706174850463867,30.416492462158203,30.416492462158203,2867,0.0,0.0
2016-04-19 00:00:00+08:00,30.416492462158203,30.416492462158203,29.547449111938477,29.981971740722656,13138,0.0,0.0
2016-04-20 00:00:00+08:00,29.692291259765625,29.83713150024414,29.402610778808594,29.83713150024414,3452,0.0,0.0
2016-04-21 00:00:00+08:00,29.764711380004883,29.764711380004883,29.692291259765625,29.692291259765625,8284,0.0,0.0
2016-04-22 00:00:00+08:00,29.257768630981445,29.619869232177734,28.605987548828125,28.605987548828125,15879,0.0,0.0
2016-04-25 00:00:00+08:00,28.968088150024414,29.257768630981445,28.678407669067383,29.257768630981445,12427,0.0,0.0
2016-04-26 00:00:00+08:00,29.330188751220703,29.330188751220703,29.330188751220703,29.330188751220703,690,0.0,0.0
2016-04-27 00:00:00+08:00,28.968088150024414,29.257768630981445,28.968088150024414,29.257768630981445,1380,0.0,0.0
2016-04-28 00:00:00+08:00,30.126811981201172,30.126811981201172,29.257768630981445,29.547449111938477,3452,0.0,0.0
2016-04-29 00:00:00+08:00,29.040508270263672,29.47503089904785,29.040508270263672,29.47503089904785,3452,0.0,0.0
2016-05-03 00:00:00+08:00,29.47503089904785,29.47503089904785,29.47503089904785,29.47503089904785,1496,0.0,0.0
2016-05-04 00:00:00+08:00,29.185348510742188,29.185348510742188,29.185348510742188,29.185348510742188,138,0.0,0.0
2016-05-05 00:00:00+08:00,29.185348510742188,29.257768630981445,29.185348510742188,29.257768630981445,1380,0.0,0.0
2016-05-06 00:00:00+08:00,29.402610778808594,29.402610778808594,29.402610778808594,29.402610778808594,1380,0.0,0.0
2016-05-09 00:00:00+08:00,28.8232479095459,29.11292839050293,28.75082778930664,29.11292839050293,2071,0.0,0.0
2016-05-10 00:00:00+08:00,29.11292839050293,29.83713150024414,29.11292839050293,29.83713150024414,1380,0.0,0.0
2016-05-11 00:00:00+08:00,30.054391860961914,30.054391860961914,29.83713150024414,29.83713150024414,14153,0.0,0.0
2016-05-12 00:00:00+08:00,29.692291259765625,29.692291259765625,29.257768630981445,29.402610778808594,4832,0.0,0.0
2016-05-13 00:00:00+08:00,29.402610778808594,29.47503089904785,28.968088150024414,29.330188751220703,17260,0.0,0.0
2016-05-16 00:00:00+08:00,29.257768630981445,29.257768630981445,28.75082778930664,29.11292839050293,8975,0.0,0.0
2016-05-17 00:00:00+08:00,32.00973892211914,32.00973892211914,31.864896774291992,32.00973892211914,126000,0.0,0.0
2016-05-18 00:00:00+08:00,32.44425964355469,35.19622802734375,32.29941940307617,35.19622802734375,258141,0.0,0.0
2016-05-19 00:00:00+08:00,35.19622802734375,36.065269470214844,33.168460845947266,34.10992431640625,167114,0.0,0.0
2016-05-20 00:00:00+08:00,34.10992431640625,37.513675689697266,33.60298156738281,37.513675689697266,303713,0.0,0.0
2016-05-23 00:00:00+08:00,41.20710754394531,41.20710754394531,41.20710754394531,41.20710754394531,230598,0.0,0.0
2016-05-24 00:00:00+08:00,45.262638092041016,45.262638092041016,45.262638092041016,45.262638092041016,234741,0.0,0.0
2016-05-25 00:00:00+08:00,49.1733283996582,49.1733283996582,45.262638092041016,46.348941802978516,974555,0.0,0.0
2016-05-26 00:00:00+08:00,44.75569534301758,50.98383712768555,44.75569534301758,50.40447235107422,659725,0.0,0.0
2016-05-27 00:00:00+08:00,49.245750427246094,50.40447235107422,48.231868743896484,49.245750427246094,285900,0.0,0.0
2016-05-30 00:00:00+08:00,49.96995162963867,53.5185432434082,49.39059066772461,50.2596321105957,410156,0.0,0.0
2016-05-31 00:00:00+08:00,49.68027114868164,49.68027114868164,45.62474060058594,45.62474060058594,208505,0.0,0.0
2016-06-01 00:00:00+08:00,45.76958084106445,48.08702850341797,45.76958084106445,48.08702850341797,143705,0.0,0.0
2016-06-02 00:00:00+08:00,47.073143005371094,48.95606994628906,47.073143005371094,48.95606994628906,61446,0.0,0.0
2016-06-03 00:00:00+08:00,50.98383712768555,50.98383712768555,48.95606994628906,50.11479187011719,63518,0.0,0.0
2016-06-06 00:00:00+08:00,51.85287857055664,51.85287857055664,47.65250778198242,47.65250778198242,71112,0.0,0.0
2016-06-07 00:00:00+08:00,47.65250778198242,47.65250778198242,47.65250778198242,47.65250778198242,0,0.0,0.0
2016-06-08 00:00:00+08:00,46.421363830566406,47.72492599487305,46.421363830566406,47.21798324584961,76981,0.0,0.0
2016-06-13 00:00:00+08:00,43.52455139160156,43.52455139160156,42.51066970825195,42.51066970825195,66970,0.0,0.0
2016-06-14 00:00:00+08:00,39.39659881591797,43.30729293823242,39.39659881591797,43.30729293823242,200220,0.0,0.0
2016-06-15 00:00:00+08:00,41.714046478271484,42.36582946777344,40.410484313964844,40.84500503540039,357221,0.0,0.0
2016-06-16 00:00:00+08:00,41.20710754394531,42.003726959228516,40.84500503540039,40.989845275878906,138082,0.0,0.0
2016-06-17 00:00:00+08:00,40.917423248291016,40.989845275878906,38.817237854003906,39.46902084350586,117590,0.0,0.0
2016-06-20 00:00:00+08:00,39.46902084350586,39.46902084350586,36.9343147277832,37.58609390258789,326566,0.0,0.0
2016-06-21 00:00:00+08:00,36.9343147277832,40.33806228637695,36.9343147277832,39.46902084350586,263877,0.0,0.0
2016-06-22 00:00:00+08:00,39.25175857543945,40.19322204589844,38.237876892089844,39.10691833496094,141811,0.0,0.0
2016-06-23 00:00:00+08:00,39.03450012207031,39.9759635925293,38.527557373046875,39.17934036254883,151546,0.0,0.0
2016-06-24 00:00:00+08:00,39.686279296875,39.686279296875,35.77558898925781,36.644630432128906,245787,0.0,0.0
2016-06-27 00:00:00+08:00,36.7170524597168,37.441253662109375,36.354949951171875,37.07915115356445,104252,0.0,0.0
2016-06-28 00:00:00+08:00,36.354949951171875,37.65851593017578,36.354949951171875,36.9343147277832,104943,0.0,0.0
2016-06-29 00:00:00+08:00,36.9343147277832,38.237876892089844,36.9343147277832,37.441253662109375,90444,0.0,0.0
2016-06-30 00:00:00+08:00,37.07915115356445,38.38271713256836,36.9343147277832,38.09303665161133,131178,0.0,0.0
2016-07-01 00:00:00+08:00,38.527557373046875,38.527557373046875,37.07915115356445,37.223995208740234,100386,0.0,0.0
2016-07-04 00:00:00+08:00,38.09303665161133,38.09303665161133,37.00673294067383,37.441253662109375,47650,0.0,0.0
2016-07-05 00:00:00+08:00,37.441253662109375,38.09303665161133,37.223995208740234,37.65851593017578,115989,0.0,0.0
2016-07-06 00:00:00+08:00,37.8033561706543,37.8033561706543,36.9343147277832,37.441253662109375,53852,0.0,0.0
2016-07-07 00:00:00+08:00,37.65851593017578,37.94819641113281,36.427371978759766,36.9343147277832,70484,0.0,0.0
2016-07-08 00:00:00+08:00,36.9343147277832,36.9343147277832,36.9343147277832,36.9343147277832,0,0.0,0.0
2016-07-11 00:00:00+08:00,36.9343147277832,37.07915115356445,35.268646240234375,36.065269470214844,121513,0.0,0.0
2016-07-12 00:00:00+08:00,35.41348648071289,35.48590850830078,33.09604263305664,33.6754035949707,236812,0.0,0.0
2016-07-13 00:00:00+08:00,33.6754035949707,33.6754035949707,32.5890998840332,33.60298156738281,98040,0.0,0.0
2016-07-14 00:00:00+08:00,33.09604263305664,34.327186584472656,33.09604263305664,33.74782180786133,66361,0.0,0.0
2016-07-15 00:00:00+08:00,33.60298156738281,34.7617073059082,33.60298156738281,34.39960479736328,78016,0.0,0.0
2016-07-18 00:00:00+08:00,34.7617073059082,37.8033561706543,34.7617073059082,37.8033561706543,330018,0.0,0.0
2016-07-19 00:00:00+08:00,37.94819641113281,39.10691833496094,36.9343147277832,37.223995208740234,270642,0.0,0.0
2016-07-20 00:00:00+08:00,37.223995208740234,37.223995208740234,36.28253173828125,36.49979019165039,86999,0.0,0.0
2016-07-21 00:00:00+08:00,36.49979019165039,37.94819641113281,36.49979019165039,36.9343147277832,81469,0.0,0.0
2016-07-22 00:00:00+08:00,36.9343147277832,37.223995208740234,36.49979019165039,37.223995208740234,42115,0.0,0.0
2016-07-25 00:00:00+08:00,37.223995208740234,37.730934143066406,36.49979019165039,36.49979019165039,55233,0.0,0.0
2016-07-26 00:00:00+08:00,36.644630432128906,37.07915115356445,36.49979019165039,36.49979019165039,46257,0.0,0.0
2016-07-27 00:00:00+08:00,36.49979019165039,36.49979019165039,35.48590850830078,35.48590850830078,36591,0.0,0.0
2016-07-28 00:00:00+08:00,35.051387786865234,37.223995208740234,34.90654754638672,36.7170524597168,51781,0.0,0.0
2016-07-29 00:00:00+08:00,36.644630432128906,36.644630432128906,35.55833053588867,36.21010971069336,41424,0.0,0.0
2016-08-01 00:00:00+08:00,36.427371978759766,36.427371978759766,36.21010971069336,36.21010971069336,26235,0.0,0.0
2016-08-02 00:00:00+08:00,36.427371978759766,36.644630432128906,36.427371978759766,36.644630432128906,14498,0.0,0.0
2016-08-03 00:00:00+08:00,36.644630432128906,36.644630432128906,36.28253173828125,36.644630432128906,34520,0.0,0.0
2016-08-04 00:00:00+08:00,36.86189270019531,37.07915115356445,36.21010971069336,36.21010971069336,48329,0.0,0.0
2016-08-05 00:00:00+08:00,37.87577438354492,37.87577438354492,36.354949951171875,36.644630432128906,66362,0.0,0.0
2016-08-08 00:00:00+08:00,37.36883544921875,37.513675689697266,37.00673294067383,37.513675689697266,65589,0.0,0.0
2016-08-09 00:00:00+08:00,37.513675689697266,37.513675689697266,36.21010971069336,36.9343147277832,58685,0.0,0.0
2016-08-10 00:00:00+08:00,37.07915115356445,37.730934143066406,36.9343147277832,37.00673294067383,44876,0.0,0.0
2016-08-11 00:00:00+08:00,36.78947067260742,37.00673294067383,36.065269470214844,37.00673294067383,70422,0.0,0.0
2016-08-12 00:00:00+08:00,36.9343147277832,37.07915115356445,36.21010971069336,36.49979019165039,84921,0.0,0.0
2016-08-15 00:00:00+08:00,37.513675689697266,37.65851593017578,36.21010971069336,36.427371978759766,80781,0.0,0.0
2016-08-16 00:00:00+08:00,35.77558898925781,35.77558898925781,33.02362060546875,33.892662048339844,180232,0.0,0.0
2016-08-17 00:00:00+08:00,33.892662048339844,33.892662048339844,33.168460845947266,33.4581413269043,62910,0.0,0.0
2016-08-18 00:00:00+08:00,33.74782180786133,33.74782180786133,32.878780364990234,33.4581413269043,55923,0.0,0.0
2016-08-19 00:00:00+08:00,34.61686706542969,34.61686706542969,32.878780364990234,33.31330108642578,78707,0.0,0.0
2016-08-22 00:00:00+08:00,33.31330108642578,34.39960479736328,33.09604263305664,33.82024383544922,44186,0.0,0.0
2016-08-23 00:00:00+08:00,34.978965759277344,34.978965759277344,33.892662048339844,34.327186584472656,50400,0.0,0.0
2016-08-24 00:00:00+08:00,34.7617073059082,34.7617073059082,33.02362060546875,33.4581413269043,64898,0.0,0.0
2016-08-25 00:00:00+08:00,33.02362060546875,33.09604263305664,32.44425964355469,32.66151809692383,50400,0.0,0.0
2016-08-26 00:00:00+08:00,32.66151809692383,32.806358337402344,32.66151809692383,32.73394012451172,9665,0.0,0.0
2016-08-29 00:00:00+08:00,33.02362060546875,33.02362060546875,32.5890998840332,32.878780364990234,4860,0.0,0.0
2016-08-30 00:00:00+08:00,32.806358337402344,32.806358337402344,31.213115692138672,32.44425964355469,52471,0.0,0.0
2016-08-31 00:00:00+08:00,32.29941940307617,32.29941940307617,31.864896774291992,32.29941940307617,15189,0.0,0.0
2016-09-01 00:00:00+08:00,32.22699737548828,32.22699737548828,31.57521629333496,32.22699737548828,17950,0.0,0.0
2016-09-02 00:00:00+08:00,30.416492462158203,31.502796173095703,30.416492462158203,31.357955932617188,35901,0.0,0.0
2016-09-05 00:00:00+08:00,30.56133270263672,30.85101318359375,28.678407669067383,30.85101318359375,36591,0.0,0.0
2016-09-06 00:00:00+08:00,30.85101318359375,30.85101318359375,29.83713150024414,30.56133270263672,18641,0.0,0.0
2016-09-07 00:00:00+08:00,30.054391860961914,30.56133270263672,29.981971740722656,30.56133270263672,12427,0.0,0.0
2016-09-08 00:00:00+08:00,30.48891258239746,30.48891258239746,30.48891258239746,30.48891258239746,690,0.0,0.0
2016-09-09 00:00:00+08:00,30.706174850463867,30.706174850463867,30.706174850463867,30.706174850463867,690,0.0,0.0
2016-09-12 00:00:00+08:00,32.154579162597656,32.154579162597656,30.706174850463867,31.430376052856445,43496,0.0,0.0
2016-09-13 00:00:00+08:00,30.9958553314209,31.357955932617188,30.706174850463867,30.778593063354492,15879,0.0,0.0
2016-09-14 00:00:00+08:00,30.271652221679688,30.706174850463867,30.271652221679688,30.706174850463867,2761,0.0,0.0
2016-09-19 00:00:00+08:00,30.706174850463867,31.28553581237793,30.706174850463867,31.213115692138672,21886,0.0,0.0
2016-09-20 00:00:00+08:00,31.140695571899414,31.213115692138672,31.140695571899414,31.213115692138672,1380,0.0,0.0
2016-09-21 00:00:00+08:00,30.633752822875977,31.430376052856445,30.416492462158203,31.357955932617188,13808,0.0,0.0
2016-09-22 00:00:00+08:00,31.068275451660156,31.068275451660156,30.706174850463867,30.9958553314209,2761,0.0,0.0
2016-09-23 00:00:00+08:00,30.48891258239746,30.923433303833008,30.416492462158203,30.85101318359375,14498,0.0,0.0
2016-09-26 00:00:00+08:00,30.85101318359375,30.85101318359375,30.19923210144043,30.706174850463867,14498,0.0,0.0
2016-09-27 00:00:00+08:00,30.706174850463867,30.706174850463867,30.706174850463867,30.706174850463867,0,0.0,0.0
2016-09-28 00:00:00+08:00,30.706174850463867,30.706174850463867,30.706174850463867,30.706174850463867,0,0.0,0.0
2016-09-29 00:00:00+08:00,29.981971740722656,30.56133270263672,29.981971740722656,30.271652221679688,13117,0.0,0.0
2016-09-30 00:00:00+08:00,29.9095516204834,30.126811981201172,29.692291259765625,30.126811981201172,17260,0.0,0.0
2016-10-03 00:00:00+08:00,29.83713150024414,30.19923210144043,29.692291259765625,29.981971740722656,13808,0.0,0.0
2016-10-04 00:00:00+08:00,30.126811981201172,30.126811981201172,29.692291259765625,29.692291259765625,32449,0.0,0.0
2016-10-05 00:00:00+08:00,30.126811981201172,30.126811981201172,29.185348510742188,29.692291259765625,24164,0.0,0.0
2016-10-06 00:00:00+08:00,29.257768630981445,29.547449111938477,29.11292839050293,29.547449111938477,17954,0.0,0.0
2016-10-07 00:00:00+08:00,29.11292839050293,29.981971740722656,29.11292839050293,29.402610778808594,18675,0.0,0.0
2016-10-11 00:00:00+08:00,29.692291259765625,29.692291259765625,28.968088150024414,29.11292839050293,21402,0.0,0.0
2016-10-12 00:00:00+08:00,28.968088150024414,29.402610778808594,28.605987548828125,29.402610778808594,8284,0.0,0.0
2016-10-13 00:00:00+08:00,28.968088150024414,29.47503089904785,28.8232479095459,28.968088150024414,17973,0.0,0.0
2016-10-14 00:00:00+08:00,28.38872718811035,28.533567428588867,27.809364318847656,28.533567428588867,16569,0.0,0.0
2016-10-17 00:00:00+08:00,27.809364318847656,28.31630516052246,27.519683837890625,28.31630516052246,13117,0.0,0.0
2016-10-18 00:00:00+08:00,28.243886947631836,28.38872718811035,28.02662467956543,28.38872718811035,7594,0.0,0.0
2016-10-19 00:00:00+08:00,28.533567428588867,28.533567428588867,27.881784439086914,28.243886947631836,17467,0.0,0.0
2016-10-20 00:00:00+08:00,28.243886947631836,28.243886947631836,28.02662467956543,28.09904670715332,12508,0.0,0.0
2016-10-21 00:00:00+08:00,27.954204559326172,27.954204559326172,27.66452407836914,27.881784439086914,11055,0.0,0.0
2016-10-24 00:00:00+08:00,27.881784439086914,27.881784439086914,27.230003356933594,27.37484359741211,19331,0.0,0.0
2016-10-25 00:00:00+08:00,27.519683837890625,27.954204559326172,27.519683837890625,27.7369441986084,13808,0.0,0.0
2016-10-26 00:00:00+08:00,27.230003356933594,27.519683837890625,27.230003356933594,27.519683837890625,6213,0.0,0.0
2016-10-27 00:00:00+08:00,27.37484359741211,27.519683837890625,27.37484359741211,27.519683837890625,6213,0.0,0.0
2016-10-28 00:00:00+08:00,27.447263717651367,27.519683837890625,27.230003356933594,27.519683837890625,12427,0.0,0.0
2016-10-31 00:00:00+08:00,27.66452407836914,28.09904670715332,27.66452407836914,28.09904670715332,1380,0.0,0.0
2016-11-01 00:00:00+08:00,27.519683837890625,27.809364318847656,27.30242347717285,27.809364318847656,6904,0.0,0.0
2016-11-02 00:00:00+08:00,27.230003356933594,27.519683837890625,27.085163116455078,27.519683837890625,11046,0.0,0.0
2016-11-03 00:00:00+08:00,27.012741088867188,27.881784439086914,26.940322875976562,27.085163116455078,24164,0.0,0.0
2016-11-04 00:00:00+08:00,27.012741088867188,27.37484359741211,26.940322875976562,27.37484359741211,8284,0.0,0.0
2016-11-07 00:00:00+08:00,27.592103958129883,27.592103958129883,27.592103958129883,27.592103958129883,690,0.0,0.0
2016-11-08 00:00:00+08:00,27.592103958129883,28.171466827392578,27.085163116455078,28.171466827392578,4832,0.0,0.0
2016-11-09 00:00:00+08:00,27.592103958129883,27.7369441986084,26.433380126953125,26.433380126953125,24854,0.0,0.0
2016-11-10 00:00:00+08:00,27.157583236694336,27.157583236694336,26.940322875976562,26.940322875976562,4143,0.0,0.0
2016-11-11 00:00:00+08:00,26.505800247192383,26.867902755737305,26.433380126953125,26.867902755737305,2761,0.0,0.0
2016-11-14 00:00:00+08:00,26.360960006713867,27.085163116455078,26.360960006713867,27.012741088867188,8284,0.0,0.0
2016-11-15 00:00:00+08:00,28.243886947631836,29.692291259765625,28.09904670715332,29.692291259765625,124965,0.0,0.0
2016-11-16 00:00:00+08:00,30.344072341918945,32.154579162597656,30.19923210144043,30.633752822875977,253443,0.0,0.0
2016-11-17 00:00:00+08:00,30.416492462158203,30.48891258239746,29.11292839050293,29.9095516204834,130488,0.0,0.0
2016-11-18 00:00:00+08:00,29.9095516204834,29.9095516204834,29.402610778808594,29.83713150024414,37282,0.0,0.0
2016-11-21 00:00:00+08:00,29.83713150024414,29.9095516204834,29.257768630981445,29.330188751220703,22783,0.0,0.0
2016-11-22 00:00:00+08:00,29.9095516204834,29.9095516204834,28.968088150024414,29.257768630981445,29687,0.0,0.0
2016-11-23 00:00:00+08:00,29.257768630981445,29.83713150024414,28.8232479095459,29.47503089904785,44186,0.0,0.0
2016-11-24 00:00:00+08:00,29.040508270263672,29.47503089904785,28.75082778930664,29.185348510742188,45567,0.0,0.0
2016-11-25 00:00:00+08:00,28.968088150024414,29.185348510742188,28.678407669067383,28.968088150024414,22093,0.0,0.0
2016-11-28 00:00:00+08:00,28.02662467956543,29.11292839050293,28.02662467956543,29.11292839050293,19331,0.0,0.0
2016-11-29 00:00:00+08:00,29.11292839050293,29.11292839050293,28.968088150024414,29.040508270263672,13860,0.0,0.0
2016-11-30 00:00:00+08:00,28.968088150024414,29.257768630981445,28.968088150024414,29.040508270263672,11046,0.0,0.0
2016-12-01 00:00:00+08:00,29.257768630981445,29.547449111938477,28.968088150024414,29.257768630981445,42374,0.0,0.0
2016-12-02 00:00:00+08:00,28.678407669067383,29.11292839050293,28.678407669067383,28.678407669067383,20022,0.0,0.0
2016-12-05 00:00:00+08:00,28.533567428588867,29.040508270263672,28.533567428588867,28.8232479095459,4832,0.0,0.0
2016-12-06 00:00:00+08:00,28.968088150024414,29.402610778808594,28.605987548828125,28.968088150024414,33830,0.0,0.0
2016-12-07 00:00:00+08:00,28.968088150024414,29.11292839050293,28.533567428588867,28.968088150024414,11737,0.0,0.0
2016-12-08 00:00:00+08:00,29.185348510742188,30.706174850463867,29.040508270263672,29.83713150024414,96663,0.0,0.0
2016-12-09 00:00:00+08:00,29.83713150024414,30.344072341918945,29.402610778808594,29.47503089904785,26926,0.0,0.0
2016-12-12 00:00:00+08:00,29.619869232177734,29.619869232177734,28.678407669067383,29.11292839050293,18641,0.0,0.0
2016-12-13 00:00:00+08:00,28.8232479095459,29.040508270263672,28.38872718811035,28.968088150024414,28307,0.0,0.0
2016-12-14 00:00:00+08:00,28.968088150024414,29.185348510742188,28.533567428588867,28.895668029785156,15879,0.0,0.0
2016-12-15 00:00:00+08:00,28.895668029785156,28.968088150024414,28.895668029785156,28.968088150024414,2761,0.0,0.0
2016-12-16 00:00:00+08:00,28.533567428588867,28.533567428588867,28.38872718811035,28.533567428588867,14498,0.0,0.0
2016-12-19 00:00:00+08:00,28.605987548828125,28.895668029785156,28.243886947631836,28.895668029785156,26235,0.0,0.0
2016-12-20 00:00:00+08:00,28.31630516052246,28.75082778930664,28.243886947631836,28.75082778930664,11737,0.0,0.0
2016-12-21 00:00:00+08:00,28.968088150024414,29.402610778808594,28.895668029785156,29.040508270263672,33139,0.0,0.0
2016-12-22 00:00:00+08:00,29.330188751220703,29.330188751220703,29.330188751220703,29.330188751220703,690,0.0,0.0
2016-12-23 00:00:00+08:00,29.402610778808594,29.402610778808594,28.968088150024414,29.040508270263672,9665,0.0,0.0
2016-12-26 00:00:00+08:00,29.330188751220703,29.330188751220703,28.533567428588867,29.11292839050293,8975,0.0,0.0
2016-12-27 00:00:00+08:00,29.257768630981445,29.257768630981445,28.243886947631836,29.040508270263672,15189,0.0,0.0
2016-12-28 00:00:00+08:00,29.764711380004883,29.764711380004883,28.75082778930664,28.75082778930664,13117,0.0,0.0
2016-12-29 00:00:00+08:00,28.75082778930664,29.257768630981445,28.75082778930664,28.968088150024414,6213,0.0,0.0
2016-12-30 00:00:00+08:00,28.533567428588867,28.895668029785156,28.533567428588867,28.895668029785156,16569,0.0,0.0
2017-01-03 00:00:00+08:00,29.185348510742188,29.185348510742188,28.678407669067383,28.8232479095459,2071,0.0,0.0
2017-01-04 00:00:00+08:00,28.895668029785156,28.895668029785156,28.678407669067383,28.895668029785156,14498,0.0,0.0
2017-01-05 00:00:00+08:00,28.678407669067383,29.11292839050293,28.678407669067383,28.678407669067383,11047,0.0,0.0
2017-01-06 00:00:00+08:00,28.8232479095459,29.040508270263672,28.678407669067383,28.895668029785156,8975,0.0,0.0
2017-01-09 00:00:00+08:00,28.895668029785156,28.895668029785156,28.895668029785156,28.895668029785156,0,0.0,0.0
2017-01-10 00:00:00+08:00,27.66452407836914,28.895668029785156,27.66452407836914,28.895668029785156,2761,0.0,0.0
2017-01-11 00:00:00+08:00,29.257768630981445,29.547449111938477,28.75082778930664,29.185348510742188,28997,0.0,0.0
2017-01-12 00:00:00+08:00,28.968088150024414,29.185348510742188,28.38872718811035,28.38872718811035,16570,0.0,0.0
2017-01-13 00:00:00+08:00,28.968088150024414,30.85101318359375,28.968088150024414,29.547449111938477,84921,0.0,0.0
2017-01-16 00:00:00+08:00,29.619869232177734,30.416492462158203,29.547449111938477,29.692291259765625,47762,0.0,0.0
2017-01-17 00:00:00+08:00,29.692291259765625,30.271652221679688,29.402610778808594,29.402610778808594,18641,0.0,0.0
2017-01-18 00:00:00+08:00,29.83713150024414,29.83713150024414,29.040508270263672,29.040508270263672,11046,0.0,0.0
2017-01-19 00:00:00+08:00,28.895668029785156,29.257768630981445,28.8232479095459,29.040508270263672,18641,0.0,0.0
2017-01-20 00:00:00+08:00,29.040508270263672,29.040508270263672,28.8232479095459,28.895668029785156,5523,0.0,0.0
2017-01-23 00:00:00+08:00,29.040508270263672,29.257768630981445,28.968088150024414,29.11292839050293,5523,0.0,0.0
2017-01-24 00:00:00+08:00,29.11292839050293,29.257768630981445,28.75082778930664,29.257768630981445,40734,0.0,0.0
2017-02-02 00:00:00+08:00,29.257768630981445,29.330188751220703,29.040508270263672,29.185348510742188,16569,0.0,0.0
2017-02-03 00:00:00+08:00,29.040508270263672,29.257768630981445,29.040508270263672,29.257768630981445,9665,0.0,0.0
2017-02-06 00:00:00+08:00,29.402610778808594,29.402610778808594,29.040508270263672,29.257768630981445,11764,0.0,0.0
2017-02-07 00:00:00+08:00,29.11292839050293,29.257768630981445,28.968088150024414,29.11292839050293,20712,0.0,0.0
2017-02-08 00:00:00+08:00,29.257768630981445,29.330188751220703,28.968088150024414,29.185348510742188,43496,0.0,0.0
2017-02-09 00:00:00+08:00,29.547449111938477,29.547449111938477,29.185348510742188,29.257768630981445,17950,0.0,0.0
2017-02-10 00:00:00+08:00,29.47503089904785,29.83713150024414,29.330188751220703,29.83713150024414,45567,0.0,0.0
2017-02-13 00:00:00+08:00,29.764711380004883,29.764711380004883,29.257768630981445,29.764711380004883,35901,0.0,0.0
2017-02-14 00:00:00+08:00,29.764711380004883,29.764711380004883,29.257768630981445,29.547449111938477,13808,0.0,0.0
2017-02-15 00:00:00+08:00,29.402610778808594,30.126811981201172,29.402610778808594,29.9095516204834,47638,0.0,0.0
2017-02-16 00:00:00+08:00,29.9095516204834,30.19923210144043,29.402610778808594,30.054391860961914,57304,0.0,0.0
2017-02-17 00:00:00+08:00,30.054391860961914,33.02362060546875,30.054391860961914,33.02362060546875,330022,0.0,0.0
2017-02-20 00:00:00+08:00,34.182342529296875,34.182342529296875,32.66151809692383,32.73394012451172,96658,0.0,0.0
2017-02-21 00:00:00+08:00,32.951202392578125,32.951202392578125,31.864896774291992,32.00973892211914,69041,0.0,0.0
2017-02-22 00:00:00+08:00,32.154579162597656,33.168460845947266,31.864896774291992,32.3718376159668,102181,0.0,0.0
2017-02-23 00:00:00+08:00,32.5890998840332,33.240882873535156,32.3718376159668,32.51667785644531,69045,0.0,0.0
2017-02-24 00:00:00+08:00,32.73394012451172,33.09604263305664,32.00973892211914,32.082157135009766,42805,0.0,0.0
2017-03-01 00:00:00+08:00,32.29941940307617,32.66151809692383,31.864896774291992,32.00973892211914,49020,0.0,0.0
2017-03-02 00:00:00+08:00,32.44425964355469,32.44425964355469,31.140695571899414,31.57521629333496,31759,0.0,0.0
2017-03-03 00:00:00+08:00,32.082157135009766,32.51667785644531,31.792476654052734,32.22699737548828,23474,0.0,0.0
2017-03-06 00:00:00+08:00,32.29941940307617,32.66151809692383,32.00973892211914,32.00973892211914,29687,0.0,0.0
2017-03-07 00:00:00+08:00,32.154579162597656,32.29941940307617,32.082157135009766,32.29941940307617,8975,0.0,0.0
2017-03-08 00:00:00+08:00,32.29941940307617,32.29941940307617,31.792476654052734,31.792476654052734,24164,0.0,0.0
2017-03-09 00:00:00+08:00,32.951202392578125,32.951202392578125,31.57521629333496,31.864896774291992,15879,0.0,0.0
2017-03-10 00:00:00+08:00,31.57521629333496,31.792476654052734,31.57521629333496,31.792476654052734,4142,0.0,0.0
2017-03-13 00:00:00+08:00,29.47503089904785,30.85101318359375,29.330188751220703,29.547449111938477,87682,0.0,0.0
2017-03-14 00:00:00+08:00,29.692291259765625,30.344072341918945,29.692291259765625,30.271652221679688,23059,0.0,0.0
2017-03-15 00:00:00+08:00,30.271652221679688,30.271652221679688,29.402610778808594,29.764711380004883,39560,0.0,0.0
2017-03-16 00:00:00+08:00,29.47503089904785,29.83713150024414,29.402610778808594,29.83713150024414,27616,0.0,0.0
2017-03-17 00:00:00+08:00,29.83713150024414,30.126811981201172,29.402610778808594,29.402610778808594,20022,0.0,0.0
2017-03-20 00:00:00+08:00,29.402610778808594,29.981971740722656,29.402610778808594,29.47503089904785,18641,0.0,0.0
2017-03-21 00:00:00+08:00,29.547449111938477,29.764711380004883,29.185348510742188,29.330188751220703,28307,0.0,0.0
2017-03-22 00:00:00+08:00,29.330188751220703,29.619869232177734,29.257768630981445,29.547449111938477,6904,0.0,0.0
2017-03-23 00:00:00+08:00,29.692291259765625,29.9095516204834,29.330188751220703,29.619869232177734,11046,0.0,0.0
2017-03-24 00:00:00+08:00,29.11292839050293,29.764711380004883,29.11292839050293,29.547449111938477,17950,0.0,0.0
2017-03-27 00:00:00+08:00,29.11292839050293,29.692291259765625,28.895668029785156,29.257768630981445,52471,0.0,0.0
2017-03-28 00:00:00+08:00,27.66452407836914,28.968088150024414,27.66452407836914,28.968088150024414,20713,0.0,0.0
2017-03-29 00:00:00+08:00,28.8232479095459,28.968088150024414,28.46114730834961,28.968088150024414,7594,0.0,0.0
2017-03-30 00:00:00+08:00,29.257768630981445,29.257768630981445,28.31630516052246,28.31630516052246,3452,0.0,0.0
2017-03-31 00:00:00+08:00,28.533567428588867,29.47503089904785,28.533567428588867,29.11292839050293,28307,0.0,0.0
2017-04-05 00:00:00+08:00,29.9095516204834,29.9095516204834,28.678407669067383,29.11292839050293,13808,0.0,0.0
2017-04-06 00:00:00+08:00,29.11292839050293,29.11292839050293,28.678407669067383,29.11292839050293,7594,0.0,0.0
2017-04-07 00:00:00+08:00,28.678407669067383,29.11292839050293,28.678407669067383,29.11292839050293,13808,0.0,0.0
2017-04-10 00:00:00+08:00,29.257768630981445,29.257768630981445,28.968088150024414,29.185348510742188,14498,0.0,0.0
2017-04-11 00:00:00+08:00,28.243886947631836,29.11292839050293,27.954204559326172,27.954204559326172,84230,0.0,0.0
2017-04-12 00:00:00+08:00,27.809364318847656,28.533567428588867,27.7369441986084,28.46114730834961,12427,0.0,0.0
2017-04-13 00:00:00+08:00,28.678407669067383,28.678407669067383,27.66452407836914,28.171466827392578,46948,0.0,0.0
2017-04-14 00:00:00+08:00,27.809364318847656,28.02662467956543,27.37484359741211,27.809364318847656,31759,0.0,0.0
2017-04-17 00:00:00+08:00,27.519683837890625,27.881784439086914,26.6506404876709,27.809364318847656,15189,0.0,0.0
2017-04-18 00:00:00+08:00,27.954204559326172,28.09904670715332,27.37484359741211,27.881784439086914,12461,0.0,0.0
2017-04-19 00:00:00+08:00,27.519683837890625,27.881784439086914,26.867902755737305,27.881784439086914,13117,0.0,0.0
2017-04-20 00:00:00+08:00,27.519683837890625,27.66452407836914,27.085163116455078,27.66452407836914,8975,0.0,0.0
2017-04-21 00:00:00+08:00,27.447263717651367,27.66452407836914,27.37484359741211,27.66452407836914,5523,0.0,0.0
2017-04-24 00:00:00+08:00,27.085163116455078,27.881784439086914,27.085163116455078,27.881784439086914,2761,0.0,0.0
2017-04-25 00:00:00+08:00,27.37484359741211,28.02662467956543,27.37484359741211,28.02662467956543,7594,0.0,0.0
2017-04-26 00:00:00+08:00,27.592103958129883,27.809364318847656,27.157583236694336,27.157583236694336,14498,0.0,0.0
2017-04-27 00:00:00+08:00,27.085163116455078,29.83713150024414,27.085163116455078,29.83713150024414,165009,0.0,0.0
2017-04-28 00:00:00+08:00,30.706174850463867,31.720056533813477,30.271652221679688,30.633752822875977,227910,0.0,0.0
2017-05-02 00:00:00+08:00,30.85101318359375,30.85101318359375,29.402610778808594,29.692291259765625,40044,0.0,0.0
2017-05-03 00:00:00+08:00,30.344072341918945,30.344072341918945,29.402610778808594,29.547449111938477,18641,0.0,0.0
2017-05-04 00:00:00+08:00,29.11292839050293,29.47503089904785,29.040508270263672,29.402610778808594,28307,0.0,0.0
2017-05-05 00:00:00+08:00,29.402610778808594,30.054391860961914,28.968088150024414,29.83713150024414,76636,0.0,0.0
2017-05-08 00:00:00+08:00,29.981971740722656,30.126811981201172,29.547449111938477,29.764711380004883,46948,0.0,0.0
2017-05-09 00:00:00+08:00,29.764711380004883,31.140695571899414,29.402610778808594,29.402610778808594,71803,0.0,0.0
2017-05-10 00:00:00+08:00,29.402610778808594,29.981971740722656,29.402610778808594,29.692291259765625,13808,0.0,0.0
2017-05-11 00:00:00+08:00,29.981971740722656,30.344072341918945,29.619869232177734,30.054391860961914,53990,0.0,0.0
2017-05-12 00:00:00+08:00,30.19923210144043,30.19923210144043,29.9095516204834,29.981971740722656,27616,0.0,0.0
2017-05-15 00:00:00+08:00,29.981971740722656,30.416492462158203,29.83713150024414,30.054391860961914,33208,0.0,0.0
2017-05-16 00:00:00+08:00,30.054391860961914,30.054391860961914,29.692291259765625,29.83713150024414,20022,0.0,0.0
2017-05-17 00:00:00+08:00,29.83713150024414,29.83713150024414,29.330188751220703,29.402610778808594,104943,0.0,0.0
2017-05-18 00:00:00+08:00,29.402610778808594,29.981971740722656,29.257768630981445,29.47503089904785,42805,0.0,0.0
2017-05-19 00:00:00+08:00,29.619869232177734,31.57521629333496,29.547449111938477,30.9958553314209,115989,0.0,0.0
2017-05-22 00:00:00+08:00,31.28553581237793,34.03750228881836,31.28553581237793,34.03750228881836,227836,0.0,0.0
2017-05-23 00:00:00+08:00,37.441253662109375,37.441253662109375,37.441253662109375,37.441253662109375,113228,0.0,0.0
2017-05-24 00:00:00+08:00,38.67239761352539,38.67239761352539,34.7617073059082,36.065269470214844,328785,0.0,0.0
2017-05-25 00:00:00+08:00,37.36883544921875,37.36883544921875,35.12380599975586,35.12380599975586,95967,0.0,0.0
2017-05-26 00:00:00+08:00,32.73394012451172,35.12380599975586,32.73394012451172,34.182342529296875,60756,0.0,0.0
2017-05-31 00:00:00+08:00,33.53056335449219,35.6307487487793,33.4581413269043,34.7617073059082,35211,0.0,0.0
2017-06-01 00:00:00+08:00,34.90654754638672,35.12380599975586,34.7617073059082,34.7617073059082,33170,0.0,0.0
2017-06-02 00:00:00+08:00,34.90654754638672,36.21010971069336,34.90654754638672,35.19622802734375,41424,0.0,0.0
2017-06-05 00:00:00+08:00,35.19622802734375,35.19622802734375,34.7617073059082,34.7617073059082,29687,0.0,0.0
2017-06-06 00:00:00+08:00,34.7617073059082,35.12380599975586,34.7617073059082,34.90654754638672,24164,0.0,0.0
2017-06-07 00:00:00+08:00,35.12380599975586,38.237876892089844,35.12380599975586,37.223995208740234,118060,0.0,0.0
2017-06-08 00:00:00+08:00,37.223995208740234,37.223995208740234,35.99285125732422,36.354949951171875,61522,0.0,0.0
2017-06-09 00:00:00+08:00,36.78947067260742,37.94819641113281,36.7170524597168,37.223995208740234,103562,0.0,0.0
2017-06-12 00:00:00+08:00,38.16545867919922,40.917423248291016,37.65851593017578,40.917423248291016,310962,0.0,0.0
2017-06-13 00:00:00+08:00,44.900535583496094,44.900535583496094,42.003726959228516,42.22098922729492,295130,0.0,0.0
2017-06-14 00:00:00+08:00,43.30729293823242,43.30729293823242,39.613861083984375,40.55532455444336,136702,0.0,0.0
2017-06-15 00:00:00+08:00,41.27952575683594,41.56920623779297,40.410484313964844,40.700164794921875,109775,0.0,0.0
2017-06-16 00:00:00+08:00,40.700164794921875,43.090030670166016,40.700164794921875,41.27952575683594,88373,0.0,0.0
2017-06-19 00:00:00+08:00,40.55532455444336,41.93130874633789,39.10691833496094,40.26564407348633,142226,0.0,0.0
2017-06-20 00:00:00+08:00,40.26564407348633,40.55532455444336,39.10691833496094,39.10691833496094,56620,0.0,0.0
2017-06-21 00:00:00+08:00,39.10691833496094,39.10691833496094,37.65851593017578,38.527557373046875,77326,0.0,0.0
2017-06-22 00:00:00+08:00,38.8896598815918,39.83112335205078,38.8896598815918,39.613861083984375,52471,0.0,0.0
2017-06-23 00:00:00+08:00,40.55532455444336,42.65550994873047,39.83112335205078,39.9759635925293,73266,0.0,0.0
2017-06-26 00:00:00+08:00,40.04838180541992,40.84500503540039,40.04838180541992,40.55532455444336,51781,0.0,0.0
2017-06-27 00:00:00+08:00,40.55532455444336,41.27952575683594,40.55532455444336,40.627742767333984,51781,0.0,0.0
2017-06-28 00:00:00+08:00,40.700164794921875,41.13468551635742,40.55532455444336,40.700164794921875,49019,0.0,0.0
2017-06-29 00:00:00+08:00,40.700164794921875,40.989845275878906,40.410484313964844,40.627742767333984,46948,0.0,0.0
2017-06-30 00:00:00+08:00,40.55532455444336,40.700164794921875,40.26564407348633,40.700164794921875,16569,0.0,0.0
2017-07-03 00:00:00+08:00,39.324180603027344,40.410484313964844,39.324180603027344,40.12080383300781,30378,0.0,0.0
2017-07-04 00:00:00+08:00,40.12080383300781,40.55532455444336,39.83112335205078,40.19322204589844,32449,0.0,0.0
2017-07-05 00:00:00+08:00,40.26564407348633,40.627742767333984,39.686279296875,40.627742767333984,42115,0.0,0.0
2017-07-06 00:00:00+08:00,40.627742767333984,40.627742767333984,40.26564407348633,40.26564407348633,18641,0.0,0.0
2017-07-07 00:00:00+08:00,40.26564407348633,40.26564407348633,36.9343147277832,37.65851593017578,90099,0.0,0.0
2017-07-10 00:00:00+08:00,37.223995208740234,37.8033561706543,37.07915115356445,37.441253662109375,44946,0.0,0.0
2017-07-11 00:00:00+08:00,37.513675689697266,37.58609390258789,37.151573181152344,37.151573181152344,17950,0.0,0.0
2017-07-12 00:00:00+08:00,37.07915115356445,37.07915115356445,35.48590850830078,35.48590850830078,43668,0.0,0.0
2017-07-13 00:00:00+08:00,35.6307487487793,36.78947067260742,35.48590850830078,35.48590850830078,29135,0.0,0.0
2017-07-14 00:00:00+08:00,35.6307487487793,36.49979019165039,35.6307487487793,35.77558898925781,15879,0.0,0.0
2017-07-17 00:00:00+08:00,36.21010971069336,39.324180603027344,36.137691497802734,39.324180603027344,91352,0.0,0.0
2017-07-18 00:00:00+08:00,43.23487091064453,43.23487091064453,43.23487091064453,43.23487091064453,110466,0.0,0.0
2017-07-19 00:00:00+08:00,43.23487091064453,46.059261322021484,41.06226348876953,42.72793197631836,455191,0.0,0.0
2017-07-20 00:00:00+08:00,42.36582946777344,43.886653900146484,41.27952575683594,41.56920623779297,172603,0.0,0.0
2017-07-21 00:00:00+08:00,41.27952575683594,43.30729293823242,41.27952575683594,43.30729293823242,235431,0.0,0.0
2017-07-24 00:00:00+08:00,43.30729293823242,43.45213317871094,42.72793197631836,43.37971115112305,74564,0.0,0.0
2017-07-25 00:00:00+08:00,43.59697341918945,43.59697341918945,43.01761245727539,43.01761245727539,86992,0.0,0.0
2017-07-26 00:00:00+08:00,43.45213317871094,43.45213317871094,42.003726959228516,42.003726959228516,80778,0.0,0.0
2017-07-27 00:00:00+08:00,42.9451904296875,46.2041015625,42.9451904296875,46.2041015625,297755,0.0,0.0
2017-07-28 00:00:00+08:00,46.78346252441406,50.694156646728516,46.348941802978516,46.92830276489258,492506,0.0,0.0
2017-07-31 00:00:00+08:00,48.95606994628906,51.56319808959961,48.95606994628906,50.11479187011719,356963,0.0,0.0
2017-08-01 00:00:00+08:00,49.245750427246094,50.621734619140625,48.376708984375,48.66638946533203,216148,0.0,0.0
2017-08-02 00:00:00+08:00,51.78045654296875,51.78045654296875,49.245750427246094,50.11479187011719,119512,0.0,0.0
2017-08-03 00:00:00+08:00,50.98383712768555,50.98383712768555,49.39059066772461,50.11479187011719,98038,0.0,0.0
2017-08-04 00:00:00+08:00,49.68027114868164,49.68027114868164,49.245750427246094,49.245750427246094,78016,0.0,0.0
2017-08-07 00:00:00+08:00,49.245750427246094,49.535430908203125,47.79734420776367,48.95606994628906,94586,0.0,0.0
2017-08-08 00:00:00+08:00,48.95606994628906,49.318172454833984,48.59396743774414,48.95606994628906,53161,0.0,0.0
2017-08-09 00:00:00+08:00,49.245750427246094,49.825111389160156,48.231868743896484,48.95606994628906,67660,0.0,0.0
2017-08-10 00:00:00+08:00,48.95606994628906,49.10091018676758,47.145565032958984,47.65250778198242,113918,0.0,0.0
2017-08-11 00:00:00+08:00,46.78346252441406,46.78346252441406,44.68327713012695,46.63862228393555,79397,0.0,0.0
2017-08-14 00:00:00+08:00,46.63862228393555,46.63862228393555,45.62474060058594,45.986839294433594,66279,0.0,0.0
2017-08-15 00:00:00+08:00,46.348941802978516,46.49378204345703,45.62474060058594,45.91442108154297,31068,0.0,0.0
2017-08-16 00:00:00+08:00,45.19021987915039,46.49378204345703,45.19021987915039,45.40747833251953,55233,0.0,0.0
2017-08-17 00:00:00+08:00,45.986839294433594,46.2041015625,45.91442108154297,45.91442108154297,8975,0.0,0.0
2017-08-18 00:00:00+08:00,46.059261322021484,46.348941802978516,46.059261322021484,46.2041015625,30378,0.0,0.0
2017-08-21 00:00:00+08:00,46.348941802978516,46.49378204345703,46.059261322021484,46.059261322021484,13808,0.0,0.0
2017-08-22 00:00:00+08:00,45.335060119628906,46.421363830566406,45.335060119628906,45.91442108154297,27616,0.0,0.0
2017-08-23 00:00:00+08:00,46.059261322021484,46.348941802978516,45.62474060058594,45.76958084106445,30378,0.0,0.0
2017-08-24 00:00:00+08:00,45.69715881347656,46.348941802978516,45.69715881347656,45.986839294433594,27616,0.0,0.0
2017-08-25 00:00:00+08:00,45.986839294433594,45.986839294433594,45.76958084106445,45.76958084106445,14498,0.0,0.0
2017-08-28 00:00:00+08:00,45.76958084106445,46.276519775390625,45.76958084106445,46.276519775390625,20022,0.0,0.0
2017-08-29 00:00:00+08:00,46.276519775390625,46.276519775390625,45.91442108154297,46.276519775390625,43496,0.0,0.0
2017-08-30 00:00:00+08:00,46.348941802978516,46.348941802978516,46.059261322021484,46.348941802978516,37972,0.0,0.0
2017-08-31 00:00:00+08:00,46.421363830566406,46.421363830566406,45.19021987915039,45.47990036010742,74566,0.0,0.0
2017-09-01 00:00:00+08:00,45.47990036010742,45.84199905395508,45.262638092041016,45.262638092041016,33830,0.0,0.0
2017-09-04 00:00:00+08:00,45.262638092041016,45.262638092041016,43.74181365966797,43.74181365966797,57994,0.0,0.0
2017-09-05 00:00:00+08:00,44.031494140625,44.031494140625,43.45213317871094,43.59697341918945,41597,0.0,0.0
2017-09-06 00:00:00+08:00,43.66939163208008,43.81423568725586,43.45213317871094,43.81423568725586,49090,0.0,0.0
2017-09-07 00:00:00+08:00,43.886653900146484,44.031494140625,43.59697341918945,43.59697341918945,19331,0.0,0.0
2017-09-08 00:00:00+08:00,43.59697341918945,47.94218826293945,43.59697341918945,47.94218826293945,260286,0.0,0.0
2017-09-11 00:00:00+08:00,44.176334381103516,47.94218826293945,44.176334381103516,46.348941802978516,133250,0.0,0.0
2017-09-12 00:00:00+08:00,45.47990036010742,46.49378204345703,45.47990036010742,46.348941802978516,40734,0.0,0.0
2017-09-13 00:00:00+08:00,47.073143005371094,47.362823486328125,45.47990036010742,45.62474060058594,76636,0.0,0.0
2017-09-14 00:00:00+08:00,46.348941802978516,46.348941802978516,45.62474060058594,45.62474060058594,64898,0.0,0.0
2017-09-15 00:00:00+08:00,45.62474060058594,46.49378204345703,45.335060119628906,45.40747833251953,55233,0.0,0.0
2017-09-18 00:00:00+08:00,45.40747833251953,45.40747833251953,44.46601486206055,44.46601486206055,11115,0.0,0.0
2017-09-19 00:00:00+08:00,44.46601486206055,44.900535583496094,43.59697341918945,43.59697341918945,46948,0.0,0.0
2017-09-20 00:00:00+08:00,43.45213317871094,43.74181365966797,42.9451904296875,42.9451904296875,51815,0.0,0.0
2017-09-21 00:00:00+08:00,42.003726959228516,42.872772216796875,40.989845275878906,41.714046478271484,58685,0.0,0.0
2017-09-22 00:00:00+08:00,41.714046478271484,41.714046478271484,40.55532455444336,40.989845275878906,43496,0.0,0.0
2017-09-25 00:00:00+08:00,40.33806228637695,40.55532455444336,39.324180603027344,40.410484313964844,31068,0.0,0.0
2017-09-26 00:00:00+08:00,40.700164794921875,41.27952575683594,40.55532455444336,41.06226348876953,28307,0.0,0.0
2017-09-27 00:00:00+08:00,40.772586822509766,41.20710754394531,40.55532455444336,41.20710754394531,17950,0.0,0.0
2017-09-28 00:00:00+08:00,41.27952575683594,41.27952575683594,40.772586822509766,40.772586822509766,11046,0.0,0.0
2017-09-29 00:00:00+08:00,40.772586822509766,40.772586822509766,39.83112335205078,40.700164794921875,15189,0.0,0.0
2017-10-02 00:00:00+08:00,41.42436599731445,42.872772216796875,41.42436599731445,41.714046478271484,27616,0.0,0.0
2017-10-03 00:00:00+08:00,41.64162826538086,41.64162826538086,41.13468551635742,41.13468551635742,9665,0.0,0.0
2017-10-05 00:00:00+08:00,40.48290252685547,40.917423248291016,39.83112335205078,40.33806228637695,24854,0.0,0.0
2017-10-06 00:00:00+08:00,39.83112335205078,40.55532455444336,39.83112335205078,39.9759635925293,12427,0.0,0.0
2017-10-11 00:00:00+08:00,39.613861083984375,40.19322204589844,38.817237854003906,38.817237854003906,93896,0.0,0.0
2017-10-12 00:00:00+08:00,42.003726959228516,42.003726959228516,39.10691833496094,40.26564407348633,33489,0.0,0.0
2017-10-13 00:00:00+08:00,39.25175857543945,41.27952575683594,39.25175857543945,41.13468551635742,29687,0.0,0.0
2017-10-16 00:00:00+08:00,41.20710754394531,41.35194778442383,41.20710754394531,41.20710754394531,16911,0.0,0.0
2017-10-17 00:00:00+08:00,41.27952575683594,41.27952575683594,40.04838180541992,40.04838180541992,20712,0.0,0.0
2017-10-18 00:00:00+08:00,40.04838180541992,40.04838180541992,39.324180603027344,39.324180603027344,17950,0.0,0.0
2017-10-19 00:00:00+08:00,40.12080383300781,40.55532455444336,39.25175857543945,40.12080383300781,151891,0.0,0.0
2017-10-20 00:00:00+08:00,40.48290252685547,40.48290252685547,39.39659881591797,39.54144287109375,17260,0.0,0.0
2017-10-23 00:00:00+08:00,39.83112335205078,39.83112335205078,38.599979400634766,38.599979400634766,69731,0.0,0.0
2017-10-24 00:00:00+08:00,39.613861083984375,39.613861083984375,39.10691833496094,39.10691833496094,2071,0.0,0.0
2017-10-25 00:00:00+08:00,39.686279296875,39.686279296875,38.527557373046875,39.25175857543945,12427,0.0,0.0
2017-10-26 00:00:00+08:00,39.17934036254883,39.25175857543945,38.74481964111328,38.74481964111328,11737,0.0,0.0
2017-10-27 00:00:00+08:00,38.599979400634766,39.03450012207031,38.38271713256836,38.38271713256836,17950,0.0,0.0
2017-10-30 00:00:00+08:00,38.237876892089844,38.38271713256836,37.65851593017578,37.65851593017578,6247,0.0,0.0
2017-10-31 00:00:00+08:00,37.65851593017578,37.65851593017578,36.78947067260742,37.07915115356445,14498,0.0,0.0
2017-11-01 00:00:00+08:00,37.07915115356445,37.58609390258789,36.21010971069336,36.21010971069336,31068,0.0,0.0
2017-11-02 00:00:00+08:00,36.21010971069336,36.9343147277832,36.21010971069336,36.354949951171875,21402,0.0,0.0
2017-11-03 00:00:00+08:00,36.354949951171875,36.354949951171875,36.065269470214844,36.065269470214844,13117,0.0,0.0
2017-11-06 00:00:00+08:00,36.065269470214844,36.065269470214844,34.90654754638672,35.051387786865234,31759,0.0,0.0
2017-11-07 00:00:00+08:00,33.53056335449219,33.965084075927734,33.31330108642578,33.4581413269043,103562,0.0,0.0
2017-11-08 00:00:00+08:00,33.4581413269043,33.4581413269043,31.213115692138672,32.154579162597656,75158,0.0,0.0
2017-11-09 00:00:00+08:00,32.154579162597656,32.5890998840332,32.154579162597656,32.51667785644531,21402,0.0,0.0
2017-11-10 00:00:00+08:00,32.154579162597656,32.22699737548828,31.93731689453125,31.93731689453125,15879,0.0,0.0
2017-11-13 00:00:00+08:00,31.28553581237793,32.22699737548828,30.706174850463867,32.00973892211914,26926,0.0,0.0
2017-11-14 00:00:00+08:00,31.357955932617188,31.357955932617188,30.706174850463867,31.140695571899414,25545,0.0,0.0
2017-11-15 00:00:00+08:00,31.28553581237793,31.28553581237793,30.778593063354492,30.923433303833008,22832,0.0,0.0
2017-11-16 00:00:00+08:00,30.416492462158203,33.965084075927734,30.344072341918945,33.965084075927734,37282,0.0,0.0
2017-11-17 00:00:00+08:00,36.065269470214844,36.065269470214844,34.39960479736328,34.90654754638672,58685,0.0,0.0
2017-11-20 00:00:00+08:00,34.7617073059082,35.051387786865234,32.3718376159668,34.61686706542969,26235,0.0,0.0
2017-11-21 00:00:00+08:00,33.31330108642578,34.47202682495117,33.31330108642578,33.4581413269043,12427,0.0,0.0
2017-11-22 00:00:00+08:00,33.168460845947266,36.21010971069336,32.5890998840332,35.268646240234375,26926,0.0,0.0
2017-11-23 00:00:00+08:00,34.978965759277344,38.74481964111328,34.90654754638672,38.67239761352539,114608,0.0,0.0
2017-11-24 00:00:00+08:00,38.67239761352539,38.67239761352539,37.513675689697266,37.513675689697266,23474,0.0,0.0
2017-11-27 00:00:00+08:00,36.9343147277832,36.9343147277832,35.92042922973633,35.99285125732422,18641,0.0,0.0
2017-11-28 00:00:00+08:00,35.99285125732422,35.99285125732422,35.99285125732422,35.99285125732422,7594,0.0,0.0
2017-11-29 00:00:00+08:00,35.99285125732422,35.99285125732422,34.7617073059082,35.55833053588867,15879,0.0,0.0
2017-11-30 00:00:00+08:00,35.55833053588867,35.55833053588867,33.53056335449219,34.39960479736328,6904,0.0,0.0
2017-12-01 00:00:00+08:00,34.39960479736328,34.39960479736328,33.31330108642578,33.31330108642578,13117,0.0,0.0
2017-12-04 00:00:00+08:00,34.47202682495117,34.47202682495117,33.31330108642578,33.31330108642578,11737,0.0,0.0
2017-12-05 00:00:00+08:00,34.47202682495117,34.47202682495117,32.878780364990234,32.878780364990234,14498,0.0,0.0
2017-12-06 00:00:00+08:00,32.878780364990234,33.31330108642578,32.878780364990234,32.878780364990234,11737,0.0,0.0
2017-12-07 00:00:00+08:00,32.878780364990234,32.878780364990234,31.140695571899414,32.51667785644531,12427,0.0,0.0
2017-12-08 00:00:00+08:00,33.09604263305664,33.09604263305664,32.951202392578125,32.951202392578125,2071,0.0,0.0
2017-12-11 00:00:00+08:00,32.951202392578125,32.951202392578125,32.951202392578125,32.951202392578125,0,0.0,0.0
2017-12-12 00:00:00+08:00,33.168460845947266,33.168460845947266,32.29941940307617,32.29941940307617,2761,0.0,0.0
2017-12-13 00:00:00+08:00,33.240882873535156,33.240882873535156,32.3718376159668,33.168460845947266,4142,0.0,0.0
2017-12-14 00:00:00+08:00,34.39960479736328,34.39960479736328,33.168460845947266,33.168460845947266,2071,0.0,0.0
2017-12-15 00:00:00+08:00,33.168460845947266,33.168460845947266,33.168460845947266,33.168460845947266,0,0.0,0.0
2017-12-18 00:00:00+08:00,33.38572311401367,33.38572311401367,33.38572311401367,33.38572311401367,691,0.0,0.0
2017-12-19 00:00:00+08:00,30.054391860961914,33.31330108642578,30.054391860961914,33.31330108642578,11046,0.0,0.0
2017-12-20 00:00:00+08:00,33.168460845947266,33.31330108642578,32.951202392578125,33.31330108642578,4142,0.0,0.0
2017-12-21 00:00:00+08:00,33.53056335449219,33.53056335449219,33.38572311401367,33.38572311401367,2071,0.0,0.0
2017-12-22 00:00:00+08:00,31.93731689453125,31.93731689453125,31.93731689453125,31.93731689453125,690,0.0,0.0
2017-12-25 00:00:00+08:00,33.82024383544922,33.965084075927734,33.4581413269043,33.53056335449219,25545,0.0,0.0
2017-12-26 00:00:00+08:00,33.60298156738281,33.60298156738281,33.31330108642578,33.31330108642578,6904,0.0,0.0
2017-12-27 00:00:00+08:00,34.61686706542969,34.61686706542969,33.31330108642578,33.31330108642578,3452,0.0,0.0
2017-12-28 00:00:00+08:00,33.31330108642578,33.31330108642578,33.31330108642578,33.31330108642578,1380,0.0,0.0
2017-12-29 00:00:00+08:00,32.878780364990234,32.878780364990234,32.66151809692383,32.66151809692383,3452,0.0,0.0
2018-01-02 00:00:00+08:00,33.02362060546875,33.02362060546875,33.02362060546875,33.02362060546875,4142,0.0,0.0
2018-01-03 00:00:00+08:00,33.31330108642578,33.892662048339844,33.02362060546875,33.02362060546875,21402,0.0,0.0
2018-01-04 00:00:00+08:00,33.09604263305664,33.09604263305664,32.66151809692383,32.73394012451172,8284,0.0,0.0
2018-01-05 00:00:00+08:00,32.951202392578125,33.240882873535156,32.5890998840332,33.240882873535156,20712,0.0,0.0
2018-01-08 00:00:00+08:00,33.240882873535156,33.31330108642578,33.240882873535156,33.31330108642578,5523,0.0,0.0
2018-01-09 00:00:00+08:00,33.31330108642578,33.31330108642578,32.5890998840332,32.5890998840332,4142,0.0,0.0
2018-01-10 00:00:00+08:00,31.864896774291992,32.73394012451172,31.864896774291992,32.66151809692383,8975,0.0,0.0
2018-01-11 00:00:00+08:00,33.168460845947266,33.168460845947266,33.168460845947266,33.168460845947266,2761,0.0,0.0
2018-01-12 00:00:00+08:00,33.02362060546875,33.4581413269043,33.02362060546875,33.4581413269043,3452,0.0,0.0
2018-01-15 00:00:00+08:00,33.60298156738281,33.60298156738281,32.5890998840332,32.878780364990234,51090,0.0,0.0
2018-01-16 00:00:00+08:00,32.878780364990234,32.951202392578125,32.878780364990234,32.878780364990234,21402,0.0,0.0
2018-01-17 00:00:00+08:00,32.878780364990234,32.951202392578125,32.44425964355469,32.951202392578125,22093,0.0,0.0
2018-01-18 00:00:00+08:00,33.09604263305664,33.09604263305664,32.66151809692383,32.878780364990234,8975,0.0,0.0
2018-01-19 00:00:00+08:00,32.878780364990234,32.878780364990234,32.73394012451172,32.73394012451172,6213,0.0,0.0
2018-01-22 00:00:00+08:00,32.806358337402344,32.878780364990234,32.51667785644531,32.51667785644531,13118,0.0,0.0
2018-01-23 00:00:00+08:00,32.154579162597656,33.240882873535156,32.154579162597656,32.878780364990234,15189,0.0,0.0
2018-01-24 00:00:00+08:00,33.02362060546875,33.02362060546875,32.951202392578125,32.951202392578125,2761,0.0,0.0
2018-01-25 00:00:00+08:00,32.951202392578125,33.74782180786133,32.806358337402344,33.31330108642578,13117,0.0,0.0
2018-01-26 00:00:00+08:00,33.240882873535156,33.4581413269043,32.951202392578125,33.4581413269043,16569,0.0,0.0
2018-01-29 00:00:00+08:00,33.4581413269043,33.4581413269043,32.3718376159668,32.44425964355469,18641,0.0,0.0
2018-01-30 00:00:00+08:00,32.73394012451172,32.73394012451172,32.44425964355469,32.44425964355469,17950,0.0,0.0
2018-01-31 00:00:00+08:00,32.29941940307617,33.09604263305664,32.29941940307617,32.5890998840332,17260,0.0,0.0
2018-02-01 00:00:00+08:00,32.00973892211914,32.5890998840332,32.00973892211914,32.5890998840332,37282,0.0,0.0
2018-02-02 00:00:00+08:00,33.02362060546875,33.02362060546875,32.00973892211914,32.00973892211914,8975,0.0,0.0
2018-02-05 00:00:00+08:00,32.00973892211914,32.00973892211914,32.00973892211914,32.00973892211914,0,0.0,0.0
2018-02-06 00:00:00+08:00,30.48891258239746,34.327186584472656,30.126811981201172,30.126811981201172,9665,0.0,0.0
2018-02-07 00:00:00+08:00,30.126811981201172,30.56133270263672,29.692291259765625,29.981971740722656,13808,0.0,0.0
2018-02-08 00:00:00+08:00,29.981971740722656,29.981971740722656,29.981971740722656,29.981971740722656,0,0.0,0.0
2018-02-09 00:00:00+08:00,29.981971740722656,29.981971740722656,29.981971740722656,29.981971740722656,0,0.0,0.0
2018-02-12 00:00:00+08:00,30.9958553314209,30.9958553314209,30.9958553314209,30.9958553314209,690,0.0,0.0
2018-02-21 00:00:00+08:00,30.9958553314209,30.9958553314209,30.9958553314209,30.9958553314209,0,0.0,0.0
2018-02-22 00:00:00+08:00,31.140695571899414,31.864896774291992,31.140695571899414,31.864896774291992,7594,0.0,0.0
2018-02-23 00:00:00+08:00,31.864896774291992,31.864896774291992,31.864896774291992,31.864896774291992,2761,0.0,0.0
2018-02-26 00:00:00+08:00,31.93731689453125,32.3718376159668,31.93731689453125,32.00973892211914,8284,0.0,0.0
2018-02-27 00:00:00+08:00,32.29941940307617,32.29941940307617,31.864896774291992,31.864896774291992,12427,0.0,0.0
2018-03-01 00:00:00+08:00,31.864896774291992,31.864896774291992,31.357955932617188,31.357955932617188,1380,0.0,0.0
2018-03-02 00:00:00+08:00,31.357955932617188,31.357955932617188,31.28553581237793,31.28553581237793,4832,0.0,0.0
2018-03-05 00:00:00+08:00,31.140695571899414,31.140695571899414,30.56133270263672,30.85101318359375,11737,0.0,0.0
2018-03-06 00:00:00+08:00,30.923433303833008,31.140695571899414,30.85101318359375,31.140695571899414,7594,0.0,0.0
2018-03-07 00:00:00+08:00,31.792476654052734,31.864896774291992,31.57521629333496,31.57521629333496,14498,0.0,0.0
2018-03-08 00:00:00+08:00,31.864896774291992,31.864896774291992,31.792476654052734,31.792476654052734,3452,0.0,0.0
2018-03-09 00:00:00+08:00,31.57521629333496,34.90654754638672,31.57521629333496,34.90654754638672,198977,0.0,0.0
2018-03-12 00:00:00+08:00,34.7617073059082,35.051387786865234,32.878780364990234,34.7617073059082,121513,0.0,0.0
2018-03-13 00:00:00+08:00,34.7617073059082,36.21010971069336,34.47202682495117,35.77558898925781,46257,0.0,0.0
2018-03-14 00:00:00+08:00,36.49979019165039,36.49979019165039,35.19622802734375,35.84800720214844,11737,0.0,0.0
2018-03-15 00:00:00+08:00,35.77558898925781,36.137691497802734,34.90654754638672,36.137691497802734,7594,0.0,0.0
2018-03-16 00:00:00+08:00,36.21010971069336,36.644630432128906,35.92042922973633,36.065269470214844,40734,0.0,0.0
2018-03-19 00:00:00+08:00,36.354949951171875,36.78947067260742,36.137691497802734,36.78947067260742,100110,0.0,0.0
2018-03-20 00:00:00+08:00,37.513675689697266,37.65851593017578,36.78947067260742,36.9343147277832,33830,0.0,0.0
2018-03-21 00:00:00+08:00,36.9343147277832,36.9343147277832,34.03750228881836,35.341068267822266,69731,0.0,0.0
2018-03-22 00:00:00+08:00,35.341068267822266,35.341068267822266,35.051387786865234,35.341068267822266,12427,0.0,0.0
2018-03-23 00:00:00+08:00,34.68928527832031,34.68928527832031,34.327186584472656,34.327186584472656,9665,0.0,0.0
2018-03-26 00:00:00+08:00,36.49979019165039,37.36883544921875,35.19622802734375,35.84800720214844,21688,0.0,0.0
2018-03-27 00:00:00+08:00,35.341068267822266,35.55833053588867,35.051387786865234,35.55833053588867,10423,0.0,0.0
2018-03-28 00:00:00+08:00,35.55833053588867,35.55833053588867,35.19622802734375,35.19622802734375,3521,0.0,0.0
2018-03-29 00:00:00+08:00,35.19622802734375,35.55833053588867,34.90654754638672,35.41348648071289,15189,0.0,0.0
2018-03-30 00:00:00+08:00,34.90654754638672,34.90654754638672,34.7617073059082,34.83412551879883,9665,0.0,0.0
2018-04-02 00:00:00+08:00,34.90654754638672,34.90654754638672,34.39960479736328,34.39960479736328,8976,0.0,0.0
2018-04-03 00:00:00+08:00,34.327186584472656,34.7617073059082,34.327186584472656,34.7617073059082,7732,0.0,0.0
2018-04-09 00:00:00+08:00,35.48590850830078,35.48590850830078,34.7617073059082,35.051387786865234,19331,0.0,0.0
2018-04-10 00:00:00+08:00,34.90654754638672,34.90654754638672,34.47202682495117,34.47202682495117,4152,0.0,0.0
2018-04-11 00:00:00+08:00,34.7617073059082,36.21010971069336,34.7617073059082,34.90654754638672,21402,0.0,0.0
2018-04-12 00:00:00+08:00,34.90654754638672,35.341068267822266,34.90654754638672,35.341068267822266,9666,0.0,0.0
2018-04-13 00:00:00+08:00,35.48590850830078,36.21010971069336,35.051387786865234,35.48590850830078,11737,0.0,0.0
2018-04-16 00:00:00+08:00,35.48590850830078,35.48590850830078,34.90654754638672,34.90654754638672,20712,0.0,0.0
2018-04-17 00:00:00+08:00,32.806358337402344,35.48590850830078,32.806358337402344,34.7617073059082,6213,0.0,0.0
2018-04-18 00:00:00+08:00,34.7617073059082,34.7617073059082,34.7617073059082,34.7617073059082,0,0.0,0.0
2018-04-19 00:00:00+08:00,34.7617073059082,34.7617073059082,34.7617073059082,34.7617073059082,0,0.0,0.0
2018-04-20 00:00:00+08:00,34.39960479736328,34.39960479736328,34.182342529296875,34.327186584472656,2071,0.0,0.0
2018-04-23 00:00:00+08:00,34.327186584472656,37.730934143066406,34.327186584472656,36.137691497802734,73874,0.0,0.0
2018-04-24 00:00:00+08:00,36.21010971069336,36.21010971069336,33.53056335449219,34.10992431640625,17950,0.0,0.0
2018-04-25 00:00:00+08:00,33.965084075927734,34.10992431640625,33.09604263305664,33.240882873535156,23474,0.0,0.0
2018-04-26 00:00:00+08:00,33.31330108642578,33.892662048339844,33.02362060546875,33.02362060546875,23474,0.0,0.0
2018-04-27 00:00:00+08:00,33.02362060546875,33.02362060546875,33.02362060546875,33.02362060546875,0,0.0,0.0
2018-04-30 00:00:00+08:00,33.4581413269043,33.53056335449219,33.4581413269043,33.53056335449219,4142,0.0,0.0
2018-05-02 00:00:00+08:00,33.53056335449219,35.268646240234375,33.53056335449219,35.268646240234375,13808,0.0,0.0
2018-05-03 00:00:00+08:00,35.19622802734375,35.48590850830078,34.7617073059082,35.12380599975586,20712,0.0,0.0
2018-05-04 00:00:00+08:00,34.47202682495117,34.47202682495117,33.82024383544922,33.82024383544922,9665,0.0,0.0
2018-05-07 00:00:00+08:00,33.60298156738281,34.68928527832031,33.60298156738281,34.03750228881836,8284,0.0,0.0
2018-05-08 00:00:00+08:00,33.82024383544922,34.68928527832031,33.4581413269043,34.68928527832031,19331,0.0,0.0
2018-05-09 00:00:00+08:00,34.68928527832031,34.68928527832031,33.4581413269043,34.5444450378418,20712,0.0,0.0
2018-05-10 00:00:00+08:00,33.53056335449219,34.327186584472656,33.53056335449219,34.03750228881836,20022,0.0,0.0
2018-05-11 00:00:00+08:00,33.965084075927734,33.965084075927734,33.6754035949707,33.6754035949707,5523,0.0,0.0
2018-05-14 00:00:00+08:00,33.31330108642578,34.182342529296875,33.31330108642578,34.182342529296875,7594,0.0,0.0
2018-05-15 00:00:00+08:00,34.03750228881836,34.03750228881836,33.82024383544922,33.82024383544922,2071,0.0,0.0
2018-05-16 00:00:00+08:00,33.74782180786133,34.03750228881836,32.951202392578125,32.951202392578125,15189,0.0,0.0
2018-05-17 00:00:00+08:00,32.878780364990234,34.03750228881836,32.878780364990234,33.892662048339844,4832,0.0,0.0
2018-05-18 00:00:00+08:00,33.6754035949707,34.03750228881836,33.53056335449219,34.03750228881836,8284,0.0,0.0
2018-05-21 00:00:00+08:00,34.03750228881836,34.182342529296875,33.74782180786133,33.82024383544922,6213,0.0,0.0
2018-05-22 00:00:00+08:00,34.254764556884766,34.254764556884766,33.82024383544922,33.82024383544922,6904,0.0,0.0
2018-05-23 00:00:00+08:00,34.47202682495117,34.47202682495117,33.6754035949707,33.74782180786133,10356,0.0,0.0
2018-05-24 00:00:00+08:00,33.60298156738281,34.03750228881836,33.60298156738281,34.03750228881836,2071,0.0,0.0
2018-05-25 00:00:00+08:00,35.48590850830078,35.48590850830078,34.5444450378418,34.5444450378418,11046,0.0,0.0
2018-05-28 00:00:00+08:00,33.31330108642578,34.5444450378418,33.31330108642578,34.254764556884766,21402,0.0,0.0
2018-05-29 00:00:00+08:00,34.254764556884766,34.254764556884766,34.182342529296875,34.182342529296875,3452,0.0,0.0
2018-05-30 00:00:00+08:00,33.31330108642578,35.6307487487793,33.31330108642578,35.6307487487793,20022,0.0,0.0
2018-05-31 00:00:00+08:00,34.5444450378418,34.90654754638672,34.327186584472656,34.327186584472656,15189,0.0,0.0
2018-06-01 00:00:00+08:00,32.73394012451172,33.74782180786133,32.73394012451172,33.74782180786133,31069,0.0,0.0
2018-06-04 00:00:00+08:00,33.74782180786133,34.10992431640625,33.53056335449219,33.53056335449219,14498,0.0,0.0
2018-06-05 00:00:00+08:00,33.53056335449219,33.60298156738281,33.53056335449219,33.53056335449219,14498,0.0,0.0
2018-06-06 00:00:00+08:00,33.60298156738281,33.60298156738281,33.4581413269043,33.53056335449219,22783,0.0,0.0
2018-06-07 00:00:00+08:00,33.4581413269043,34.182342529296875,33.4581413269043,33.60298156738281,13808,0.0,0.0
2018-06-08 00:00:00+08:00,33.74782180786133,33.74782180786133,33.74782180786133,33.74782180786133,8975,0.0,0.0
2018-06-11 00:00:00+08:00,34.68928527832031,34.68928527832031,34.10992431640625,34.254764556884766,11737,0.0,0.0
2018-06-12 00:00:00+08:00,34.254764556884766,37.513675689697266,34.254764556884766,37.151573181152344,33139,0.0,0.0
2018-06-13 00:00:00+08:00,39.39659881591797,39.39659881591797,36.7170524597168,37.07915115356445,87682,0.0,0.0
2018-06-14 00:00:00+08:00,36.354949951171875,37.07915115356445,35.268646240234375,35.55833053588867,18641,0.0,0.0
2018-06-15 00:00:00+08:00,36.7170524597168,36.7170524597168,35.6307487487793,36.354949951171875,4832,0.0,0.0
2018-06-19 00:00:00+08:00,36.86189270019531,36.9343147277832,36.137691497802734,36.137691497802734,36594,0.0,0.0
2018-06-20 00:00:00+08:00,35.12380599975586,35.19622802734375,35.12380599975586,35.19622802734375,13117,0.0,0.0
2018-06-21 00:00:00+08:00,35.268646240234375,35.48590850830078,35.268646240234375,35.341068267822266,14498,0.0,0.0
2018-06-22 00:00:00+08:00,35.268646240234375,36.427371978759766,35.268646240234375,36.137691497802734,16569,0.0,0.0
2018-06-25 00:00:00+08:00,36.137691497802734,36.137691497802734,35.84800720214844,35.84800720214844,15879,0.0,0.0
2018-06-26 00:00:00+08:00,35.341068267822266,35.341068267822266,35.268646240234375,35.268646240234375,8975,0.0,0.0
2018-06-27 00:00:00+08:00,35.19622802734375,35.341068267822266,34.7617073059082,34.83412551879883,19331,0.0,0.0
2018-06-28 00:00:00+08:00,34.47202682495117,34.47202682495117,31.357955932617188,33.31330108642578,72493,0.0,0.0
2018-06-29 00:00:00+08:00,32.51667785644531,34.47202682495117,32.51667785644531,32.51667785644531,20714,0.0,0.0
2018-07-02 00:00:00+08:00,32.5890998840332,33.892662048339844,32.5890998840332,32.66151809692383,2761,0.0,0.0
2018-07-03 00:00:00+08:00,33.31330108642578,35.6307487487793,33.31330108642578,34.03750228881836,25545,0.0,0.0
2018-07-04 00:00:00+08:00,33.31330108642578,34.83412551879883,33.31330108642578,34.327186584472656,37282,0.0,0.0
2018-07-05 00:00:00+08:00,34.7617073059082,34.7617073059082,32.806358337402344,32.806358337402344,13808,0.0,0.0
2018-07-06 00:00:00+08:00,34.10992431640625,34.10992431640625,32.51667785644531,32.51667785644531,15879,0.0,0.0
2018-07-09 00:00:00+08:00,32.951202392578125,34.03750228881836,32.951202392578125,34.03750228881836,7594,0.0,0.0
2018-07-10 00:00:00+08:00,33.53056335449219,34.182342529296875,33.53056335449219,33.53056335449219,5523,0.0,0.0
2018-07-11 00:00:00+08:00,33.53056335449219,33.74782180786133,33.53056335449219,33.53056335449219,6904,0.0,0.0
2018-07-12 00:00:00+08:00,33.4581413269043,33.60298156738281,33.4581413269043,33.4581413269043,6213,0.0,0.0
2018-07-13 00:00:00+08:00,33.60298156738281,33.74782180786133,32.73394012451172,33.74782180786133,4832,0.0,0.0
2018-07-16 00:00:00+08:00,33.965084075927734,33.965084075927734,33.82024383544922,33.82024383544922,10356,0.0,0.0
2018-07-17 00:00:00+08:00,33.82024383544922,33.82024383544922,33.82024383544922,33.82024383544922,0,0.0,0.0
2018-07-18 00:00:00+08:00,33.82024383544922,33.82024383544922,33.82024383544922,33.82024383544922,0,0.0,0.0
2018-07-19 00:00:00+08:00,33.74782180786133,33.74782180786133,32.878780364990234,33.60298156738281,5523,0.0,0.0
2018-07-20 00:00:00+08:00,32.951202392578125,33.31330108642578,32.73394012451172,33.31330108642578,4832,0.0,0.0
2018-07-23 00:00:00+08:00,32.66151809692383,32.66151809692383,32.3718376159668,32.3718376159668,4142,0.0,0.0
2018-07-24 00:00:00+08:00,32.44425964355469,33.6754035949707,32.44425964355469,32.44425964355469,4832,0.0,0.0
2018-07-25 00:00:00+08:00,31.720056533813477,32.5890998840332,31.57521629333496,32.3718376159668,40734,0.0,0.0
2018-07-26 00:00:00+08:00,31.864896774291992,32.5890998840332,31.720056533813477,32.44425964355469,22093,0.0,0.0
2018-07-27 00:00:00+08:00,33.31330108642578,33.31330108642578,32.806358337402344,33.168460845947266,31068,0.0,0.0
2018-07-30 00:00:00+08:00,33.09604263305664,33.240882873535156,32.878780364990234,32.878780364990234,42115,0.0,0.0
2018-07-31 00:00:00+08:00,32.951202392578125,33.4581413269043,32.951202392578125,33.4581413269043,4142,0.0,0.0
2018-08-01 00:00:00+08:00,33.09604263305664,33.09604263305664,32.5890998840332,32.5890998840332,1380,0.0,0.0
2018-08-02 00:00:00+08:00,33.240882873535156,33.31330108642578,33.09604263305664,33.09604263305664,31759,0.0,0.0
2018-08-03 00:00:00+08:00,34.39960479736328,34.47202682495117,34.254764556884766,34.254764556884766,24854,0.0,0.0
2018-08-06 00:00:00+08:00,33.168460845947266,33.60298156738281,33.168460845947266,33.168460845947266,6213,0.0,0.0
2018-08-07 00:00:00+08:00,33.168460845947266,35.6307487487793,33.168460845947266,35.19622802734375,32449,0.0,0.0
2018-08-08 00:00:00+08:00,35.6307487487793,36.86189270019531,35.6307487487793,35.92042922973633,102181,0.0,0.0
2018-08-09 00:00:00+08:00,36.21010971069336,36.86189270019531,35.92042922973633,36.78947067260742,144365,0.0,0.0
2018-08-10 00:00:00+08:00,36.21010971069336,37.151573181152344,35.48590850830078,36.21010971069336,44186,0.0,0.0
2018-08-13 00:00:00+08:00,36.9343147277832,36.9343147277832,36.137691497802734,36.21010971069336,5523,0.0,0.0
2018-08-14 00:00:00+08:00,36.137691497802734,36.137691497802734,34.327186584472656,34.327186584472656,14498,0.0,0.0
2018-08-15 00:00:00+08:00,34.61686706542969,34.61686706542969,34.182342529296875,34.254764556884766,7594,0.0,0.0
2018-08-16 00:00:00+08:00,34.254764556884766,35.41348648071289,34.254764556884766,35.41348648071289,4142,0.0,0.0
2018-08-17 00:00:00+08:00,34.978965759277344,35.341068267822266,34.90654754638672,34.90654754638672,11046,0.0,0.0
2018-08-20 00:00:00+08:00,35.268646240234375,35.268646240234375,35.268646240234375,35.268646240234375,1380,0.0,0.0
2018-08-21 00:00:00+08:00,33.965084075927734,35.12380599975586,33.965084075927734,33.965084075927734,12427,0.0,0.0
2018-08-22 00:00:00+08:00,33.82024383544922,34.327186584472656,33.82024383544922,33.82024383544922,6213,0.0,0.0
2018-08-23 00:00:00+08:00,33.60298156738281,33.60298156738281,32.73394012451172,32.73394012451172,17950,0.0,0.0
2018-08-24 00:00:00+08:00,32.806358337402344,32.806358337402344,32.73394012451172,32.73394012451172,6904,0.0,0.0
2018-08-27 00:00:00+08:00,32.66151809692383,32.73394012451172,32.29941940307617,32.73394012451172,11737,0.0,0.0
2018-08-28 00:00:00+08:00,32.3718376159668,33.168460845947266,32.22699737548828,33.168460845947266,4142,0.0,0.0
2018-08-29 00:00:00+08:00,33.82024383544922,33.82024383544922,33.168460845947266,33.4581413269043,8975,0.0,0.0
2018-08-30 00:00:00+08:00,33.38572311401367,33.38572311401367,33.31330108642578,33.31330108642578,1449,0.0,0.0
2018-08-31 00:00:00+08:00,33.38572311401367,33.38572311401367,33.31330108642578,33.31330108642578,5523,0.0,0.0
2018-09-03 00:00:00+08:00,32.73394012451172,33.31330108642578,32.73394012451172,33.31330108642578,5523,0.0,0.0
2018-09-04 00:00:00+08:00,34.182342529296875,34.182342529296875,34.182342529296875,34.182342529296875,1380,0.0,0.0
2018-09-05 00:00:00+08:00,33.31330108642578,33.31330108642578,33.31330108642578,33.31330108642578,10356,0.0,0.0
2018-09-06 00:00:00+08:00,33.31330108642578,33.31330108642578,33.31330108642578,33.31330108642578,2071,0.0,0.0
2018-09-07 00:00:00+08:00,34.47202682495117,34.47202682495117,33.02362060546875,33.02362060546875,9665,0.0,0.0
2018-09-10 00:00:00+08:00,33.02362060546875,33.168460845947266,32.951202392578125,32.951202392578125,13117,0.0,0.0
2018-09-11 00:00:00+08:00,33.31330108642578,33.31330108642578,32.951202392578125,32.951202392578125,8975,0.0,0.0
2018-09-12 00:00:00+08:00,32.878780364990234,32.951202392578125,32.878780364990234,32.951202392578125,2071,0.0,0.0
2018-09-13 00:00:00+08:00,32.951202392578125,32.951202392578125,32.951202392578125,32.951202392578125,0,0.0,0.0
2018-09-14 00:00:00+08:00,33.6754035949707,33.74782180786133,33.31330108642578,33.74782180786133,6213,0.0,0.0
2018-09-17 00:00:00+08:00,33.31330108642578,33.31330108642578,32.5890998840332,32.5890998840332,8975,0.0,0.0
2018-09-18 00:00:00+08:00,32.3718376159668,34.327186584472656,31.357955932617188,34.327186584472656,16569,0.0,0.0
2018-09-19 00:00:00+08:00,34.327186584472656,34.327186584472656,34.327186584472656,34.327186584472656,0,0.0,0.0
2018-09-20 00:00:00+08:00,33.31330108642578,33.31330108642578,32.5890998840332,33.168460845947266,4142,0.0,0.0
2018-09-21 00:00:00+08:00,33.02362060546875,33.31330108642578,32.951202392578125,33.31330108642578,2761,0.0,0.0
2018-09-25 00:00:00+08:00,33.31330108642578,33.892662048339844,33.31330108642578,33.82024383544922,6904,0.0,0.0
2018-09-26 00:00:00+08:00,32.73394012451172,33.82024383544922,32.66151809692383,33.82024383544922,3452,0.0,0.0
2018-09-27 00:00:00+08:00,33.82024383544922,34.254764556884766,33.82024383544922,34.182342529296875,6904,0.0,0.0
2018-09-28 00:00:00+08:00,33.82024383544922,34.254764556884766,32.73394012451172,33.82024383544922,7594,0.0,0.0
2018-10-01 00:00:00+08:00,31.57521629333496,33.74782180786133,31.57521629333496,33.74782180786133,1380,0.0,0.0
2018-10-02 00:00:00+08:00,32.951202392578125,33.02362060546875,32.951202392578125,33.02362060546875,1380,0.0,0.0
2018-10-03 00:00:00+08:00,33.02362060546875,33.02362060546875,33.02362060546875,33.02362060546875,0,0.0,0.0
2018-10-04 00:00:00+08:00,33.02362060546875,33.02362060546875,33.02362060546875,33.02362060546875,690,0.0,0.0
2018-10-05 00:00:00+08:00,32.51667785644531,32.5890998840332,32.44425964355469,32.5890998840332,2761,0.0,0.0
2018-10-08 00:00:00+08:00,32.154579162597656,32.29941940307617,32.154579162597656,32.29941940307617,1380,0.0,0.0
2018-10-09 00:00:00+08:00,32.29941940307617,32.29941940307617,32.29941940307617,32.29941940307617,0,0.0,0.0
2018-10-11 00:00:00+08:00,34.03750228881836,34.03750228881836,29.257768630981445,31.864896774291992,13822,0.0,0.0
2018-10-12 00:00:00+08:00,31.28553581237793,32.00973892211914,31.28553581237793,31.864896774291992,5523,0.0,0.0
2018-10-15 00:00:00+08:00,31.57521629333496,31.57521629333496,31.57521629333496,31.57521629333496,690,0.0,0.0
2018-10-16 00:00:00+08:00,31.213115692138672,31.213115692138672,31.213115692138672,31.213115692138672,690,0.0,0.0
2018-10-17 00:00:00+08:00,31.357955932617188,31.357955932617188,31.28553581237793,31.28553581237793,1380,0.0,0.0
2018-10-18 00:00:00+08:00,33.09604263305664,33.09604263305664,32.73394012451172,32.73394012451172,3452,0.0,0.0
2018-10-19 00:00:00+08:00,31.068275451660156,31.068275451660156,31.068275451660156,31.068275451660156,690,0.0,0.0
2018-10-22 00:00:00+08:00,32.951202392578125,32.951202392578125,32.951202392578125,32.951202392578125,690,0.0,0.0
2018-10-23 00:00:00+08:00,32.73394012451172,32.73394012451172,31.57521629333496,31.57521629333496,3452,0.0,0.0
2018-10-24 00:00:00+08:00,32.66151809692383,32.66151809692383,32.66151809692383,32.66151809692383,690,0.0,0.0
2018-10-25 00:00:00+08:00,30.56133270263672,31.792476654052734,30.56133270263672,31.792476654052734,4142,0.0,0.0
2018-10-26 00:00:00+08:00,29.981971740722656,29.981971740722656,29.981971740722656,29.981971740722656,2071,0.0,0.0
2018-10-29 00:00:00+08:00,30.778593063354492,31.068275451660156,30.126811981201172,31.068275451660156,2761,0.0,0.0
2018-10-30 00:00:00+08:00,31.068275451660156,31.068275451660156,31.068275451660156,31.068275451660156,0,0.0,0.0
2018-10-31 00:00:00+08:00,31.068275451660156,31.068275451660156,31.068275451660156,31.068275451660156,0,0.0,0.0
2018-11-01 00:00:00+08:00,30.416492462158203,30.416492462158203,30.416492462158203,30.416492462158203,690,0.0,0.0
2018-11-02 00:00:00+08:00,30.416492462158203,30.416492462158203,30.416492462158203,30.416492462158203,0,0.0,0.0
2018-11-05 00:00:00+08:00,30.344072341918945,30.344072341918945,30.344072341918945,30.344072341918945,690,0.0,0.0
2018-11-06 00:00:00+08:00,29.9095516204834,29.9095516204834,29.9095516204834,29.9095516204834,1380,0.0,0.0
2018-11-07 00:00:00+08:00,29.692291259765625,30.344072341918945,29.692291259765625,30.344072341918945,2761,0.0,0.0
2018-11-08 00:00:00+08:00,29.692291259765625,31.57521629333496,29.692291259765625,31.57521629333496,6213,0.0,0.0
2018-11-09 00:00:00+08:00,31.57521629333496,31.57521629333496,31.57521629333496,31.57521629333496,0,0.0,0.0
2018-11-12 00:00:00+08:00,31.068275451660156,31.068275451660156,29.83713150024414,29.83713150024414,4142,0.0,0.0
2018-11-13 00:00:00+08:00,29.764711380004883,29.83713150024414,29.185348510742188,29.185348510742188,2761,0.0,0.0
2018-11-14 00:00:00+08:00,29.692291259765625,30.054391860961914,29.692291259765625,29.83713150024414,4901,0.0,0.0
2018-11-15 00:00:00+08:00,29.83713150024414,29.83713150024414,29.83713150024414,29.83713150024414,0,0.0,0.0
2018-11-16 00:00:00+08:00,29.83713150024414,29.83713150024414,29.83713150024414,29.83713150024414,1446,0.0,0.0
2018-11-19 00:00:00+08:00,29.83713150024414,29.83713150024414,29.83713150024414,29.83713150024414,0,0.0,0.0
2018-11-20 00:00:00+08:00,29.83713150024414,29.83713150024414,29.83713150024414,29.83713150024414,0,0.0,0.0
2018-11-21 00:00:00+08:00,29.83713150024414,29.83713150024414,29.83713150024414,29.83713150024414,0,0.0,0.0
2018-11-22 00:00:00+08:00,29.83713150024414,29.83713150024414,29.83713150024414,29.83713150024414,0,0.0,0.0
2018-11-23 00:00:00+08:00,28.968088150024414,29.692291259765625,28.75082778930664,29.47503089904785,6213,0.0,0.0
2018-11-26 00:00:00+08:00,29.47503089904785,29.47503089904785,29.402610778808594,29.402610778808594,2071,0.0,0.0
2018-11-27 00:00:00+08:00,29.83713150024414,29.83713150024414,29.83713150024414,29.83713150024414,3452,0.0,0.0
2018-11-28 00:00:00+08:00,29.83713150024414,29.83713150024414,29.83713150024414,29.83713150024414,0,0.0,0.0
2018-11-29 00:00:00+08:00,29.402610778808594,29.402610778808594,28.8232479095459,29.257768630981445,17260,0.0,0.0
2018-11-30 00:00:00+08:00,28.968088150024414,29.47503089904785,28.968088150024414,29.402610778808594,17260,0.0,0.0
2018-12-03 00:00:00+08:00,29.402610778808594,29.692291259765625,29.402610778808594,29.692291259765625,10356,0.0,0.0
2018-12-04 00:00:00+08:00,29.692291259765625,29.692291259765625,29.692291259765625,29.692291259765625,0,0.0,0.0
2018-12-05 00:00:00+08:00,29.402610778808594,29.547449111938477,29.402610778808594,29.547449111938477,2761,0.0,0.0
2018-12-06 00:00:00+08:00,29.330188751220703,29.330188751220703,28.968088150024414,29.330188751220703,10356,0.0,0.0
2018-12-07 00:00:00+08:00,29.185348510742188,29.619869232177734,29.11292839050293,29.619869232177734,6904,0.0,0.0
2018-12-10 00:00:00+08:00,28.678407669067383,28.968088150024414,28.46114730834961,28.968088150024414,15189,0.0,0.0
2018-12-11 00:00:00+08:00,28.968088150024414,29.185348510742188,28.968088150024414,29.185348510742188,4142,0.0,0.0
2018-12-12 00:00:00+08:00,30.271652221679688,30.271652221679688,30.271652221679688,30.271652221679688,1380,0.0,0.0
2018-12-13 00:00:00+08:00,30.271652221679688,30.271652221679688,30.271652221679688,30.271652221679688,0,0.0,0.0
2018-12-14 00:00:00+08:00,30.48891258239746,30.48891258239746,30.344072341918945,30.344072341918945,1380,0.0,0.0
2018-12-17 00:00:00+08:00,29.040508270263672,29.83713150024414,28.968088150024414,29.83713150024414,28997,0.0,0.0
2018-12-18 00:00:00+08:00,28.968088150024414,29.692291259765625,28.968088150024414,29.692291259765625,8284,0.0,0.0
2018-12-19 00:00:00+08:00,29.47503089904785,29.547449111938477,28.968088150024414,29.402610778808594,6213,0.0,0.0
2018-12-20 00:00:00+08:00,29.185348510742188,29.185348510742188,29.185348510742188,29.185348510742188,1380,0.0,0.0
2018-12-21 00:00:00+08:00,30.271652221679688,30.271652221679688,29.9095516204834,29.9095516204834,1380,0.0,0.0
2018-12-24 00:00:00+08:00,29.9095516204834,29.9095516204834,29.9095516204834,29.9095516204834,0,0.0,0.0
2018-12-25 00:00:00+08:00,29.257768630981445,29.257768630981445,29.257768630981445,29.257768630981445,2761,0.0,0.0
2018-12-26 00:00:00+08:00,29.185348510742188,29.257768630981445,29.185348510742188,29.257768630981445,2071,0.0,0.0
2018-12-27 00:00:00+08:00,29.257768630981445,29.257768630981445,29.257768630981445,29.257768630981445,0,0.0,0.0
2018-12-28 00:00:00+08:00,29.257768630981445,29.257768630981445,29.257768630981445,29.257768630981445,0,0.0,0.0
2019-01-02 00:00:00+08:00,28.75082778930664,29.185348510742188,28.678407669067383,28.968088150024414,10356,0.0,0.0
2019-01-03 00:00:00+08:00,28.895668029785156,28.968088150024414,28.678407669067383,28.968088150024414,3452,0.0,0.0
2019-01-04 00:00:00+08:00,28.968088150024414,29.11292839050293,28.968088150024414,29.11292839050293,8284,0.0,0.0
2019-01-07 00:00:00+08:00,28.8232479095459,28.8232479095459,28.8232479095459,28.8232479095459,690,0.0,0.0
2019-01-08 00:00:00+08:00,28.968088150024414,29.11292839050293,28.968088150024414,28.968088150024414,16569,0.0,0.0
2019-01-09 00:00:00+08:00,28.968088150024414,28.968088150024414,28.678407669067383,28.968088150024414,2761,0.0,0.0
2019-01-10 00:00:00+08:00,29.185348510742188,31.864896774291992,29.185348510742188,30.778593063354492,51781,0.0,0.0
2019-01-11 00:00:00+08:00,33.82024383544922,33.82024383544922,31.140695571899414,32.154579162597656,47638,0.0,0.0
2019-01-14 00:00:00+08:00,31.792476654052734,31.792476654052734,30.56133270263672,30.706174850463867,35901,0.0,0.0
2019-01-15 00:00:00+08:00,30.416492462158203,31.357955932617188,30.344072341918945,31.28553581237793,73874,0.0,0.0
2019-01-16 00:00:00+08:00,30.416492462158203,31.357955932617188,30.416492462158203,30.56133270263672,11046,0.0,0.0
2019-01-17 00:00:00+08:00,30.56133270263672,30.633752822875977,30.56133270263672,30.633752822875977,5523,0.0,0.0
2019-01-18 00:00:00+08:00,31.430376052856445,31.430376052856445,31.430376052856445,31.430376052856445,690,0.0,0.0
2019-01-21 00:00:00+08:00,30.56133270263672,31.28553581237793,30.416492462158203,31.068275451660156,37972,0.0,0.0
2019-01-22 00:00:00+08:00,34.10992431640625,34.10992431640625,31.140695571899414,31.93731689453125,17950,0.0,0.0
2019-01-23 00:00:00+08:00,30.778593063354492,31.64763641357422,30.778593063354492,31.64763641357422,4832,0.0,0.0
2019-01-24 00:00:00+08:00,31.140695571899414,31.864896774291992,31.140695571899414,31.864896774291992,15879,0.0,0.0
2019-01-25 00:00:00+08:00,31.57521629333496,31.64763641357422,31.140695571899414,31.140695571899414,22093,0.0,0.0
2019-01-28 00:00:00+08:00,31.140695571899414,31.64763641357422,30.56133270263672,31.502796173095703,17950,0.0,0.0
2019-01-29 00:00:00+08:00,31.140695571899414,31.140695571899414,30.9958553314209,31.140695571899414,8975,0.0,0.0
2019-01-30 00:00:00+08:00,31.140695571899414,31.720056533813477,30.9958553314209,31.140695571899414,5523,0.0,0.0
2019-02-11 00:00:00+08:00,30.126811981201172,30.9958553314209,30.126811981201172,30.9958553314209,17950,0.0,0.0
2019-02-12 00:00:00+08:00,30.706174850463867,31.357955932617188,30.706174850463867,30.9958553314209,6904,0.0,0.0
2019-02-13 00:00:00+08:00,30.9958553314209,31.502796173095703,30.706174850463867,31.502796173095703,11046,0.0,0.0
2019-02-14 00:00:00+08:00,30.56133270263672,31.430376052856445,30.416492462158203,31.28553581237793,54542,0.0,0.0
2019-02-15 00:00:00+08:00,30.633752822875977,30.85101318359375,30.416492462158203,30.85101318359375,42805,0.0,0.0
2019-02-18 00:00:00+08:00,30.48891258239746,30.706174850463867,30.126811981201172,30.416492462158203,21402,0.0,0.0
2019-02-19 00:00:00+08:00,30.416492462158203,30.416492462158203,29.692291259765625,30.126811981201172,32449,0.0,0.0
2019-02-20 00:00:00+08:00,29.9095516204834,30.416492462158203,29.83713150024414,30.271652221679688,11046,0.0,0.0
2019-02-21 00:00:00+08:00,30.054391860961914,30.271652221679688,30.054391860961914,30.126811981201172,4142,0.0,0.0
2019-02-22 00:00:00+08:00,30.126811981201172,30.344072341918945,29.83713150024414,30.344072341918945,8975,0.0,0.0
2019-02-25 00:00:00+08:00,30.633752822875977,30.706174850463867,30.416492462158203,30.416492462158203,4832,0.0,0.0
2019-02-26 00:00:00+08:00,29.981971740722656,30.271652221679688,29.981971740722656,30.271652221679688,4142,0.0,0.0
2019-02-27 00:00:00+08:00,30.9958553314209,30.9958553314209,29.83713150024414,30.19923210144043,10356,0.0,0.0
2019-03-04 00:00:00+08:00,29.9095516204834,30.56133270263672,29.83713150024414,30.56133270263672,13808,0.0,0.0
2019-03-05 00:00:00+08:00,30.706174850463867,30.706174850463867,29.83713150024414,30.054391860961914,8284,0.0,0.0
2019-03-06 00:00:00+08:00,30.054391860961914,30.56133270263672,30.054391860961914,30.19923210144043,4832,0.0,0.0
2019-03-07 00:00:00+08:00,30.19923210144043,30.19923210144043,30.19923210144043,30.19923210144043,690,0.0,0.0
2019-03-08 00:00:00+08:00,30.19923210144043,31.140695571899414,30.19923210144043,30.923433303833008,9665,0.0,0.0
2019-03-11 00:00:00+08:00,33.965084075927734,33.965084075927734,33.965084075927734,33.965084075927734,120132,0.0,0.0
2019-03-12 00:00:00+08:00,35.92042922973633,35.92042922973633,33.892662048339844,34.10992431640625,107706,0.0,0.0
2019-03-13 00:00:00+08:00,33.31330108642578,33.6754035949707,33.09604263305664,33.6754035949707,44876,0.0,0.0
2019-03-14 00:00:00+08:00,32.806358337402344,33.4581413269043,32.806358337402344,33.240882873535156,15879,0.0,0.0
2019-03-15 00:00:00+08:00,33.240882873535156,33.965084075927734,33.240882873535156,33.82024383544922,18641,0.0,0.0
2019-03-18 00:00:00+08:00,33.168460845947266,33.965084075927734,33.168460845947266,33.965084075927734,21402,0.0,0.0
2019-03-19 00:00:00+08:00,34.61686706542969,34.61686706542969,33.240882873535156,33.38572311401367,23474,0.0,0.0
2019-03-20 00:00:00+08:00,33.82024383544922,33.82024383544922,32.951202392578125,33.31330108642578,15879,0.0,0.0
2019-03-21 00:00:00+08:00,33.6754035949707,33.6754035949707,32.951202392578125,33.31330108642578,6904,0.0,0.0
2019-03-22 00:00:00+08:00,33.4581413269043,33.892662048339844,33.02362060546875,33.02362060546875,10356,0.0,0.0
2019-03-25 00:00:00+08:00,33.4581413269043,33.4581413269043,32.878780364990234,32.878780364990234,25545,0.0,0.0
2019-03-26 00:00:00+08:00,33.4581413269043,33.4581413269043,32.73394012451172,33.240882873535156,9665,0.0,0.0
2019-03-27 00:00:00+08:00,32.878780364990234,33.6754035949707,32.878780364990234,33.53056335449219,27616,0.0,0.0
2019-03-28 00:00:00+08:00,34.03750228881836,34.03750228881836,33.09604263305664,33.31330108642578,14498,0.0,0.0
2019-03-29 00:00:00+08:00,33.02362060546875,34.68928527832031,33.02362060546875,34.68928527832031,54542,0.0,0.0
2019-04-01 00:00:00+08:00,33.60298156738281,34.327186584472656,33.60298156738281,34.03750228881836,33830,0.0,0.0
2019-04-02 00:00:00+08:00,33.892662048339844,33.892662048339844,33.168460845947266,33.82024383544922,51781,0.0,0.0
2019-04-03 00:00:00+08:00,34.10992431640625,34.10992431640625,32.66151809692383,32.66151809692383,55923,0.0,0.0
2019-04-08 00:00:00+08:00,33.02362060546875,33.892662048339844,32.878780364990234,33.53056335449219,35211,0.0,0.0
2019-04-09 00:00:00+08:00,33.02362060546875,33.09604263305664,33.02362060546875,33.09604263305664,6213,0.0,0.0
2019-04-10 00:00:00+08:00,33.168460845947266,33.892662048339844,33.168460845947266,33.82024383544922,12427,0.0,0.0
2019-04-11 00:00:00+08:00,33.31330108642578,33.82024383544922,33.31330108642578,33.82024383544922,4834,0.0,0.0
2019-04-12 00:00:00+08:00,33.892662048339844,33.892662048339844,33.09604263305664,33.6754035949707,20712,0.0,0.0
2019-04-15 00:00:00+08:00,33.6754035949707,34.182342529296875,33.6754035949707,33.82024383544922,14498,0.0,0.0
2019-04-16 00:00:00+08:00,33.82024383544922,33.892662048339844,33.82024383544922,33.892662048339844,22093,0.0,0.0
2019-04-17 00:00:00+08:00,33.892662048339844,34.10992431640625,33.892662048339844,33.892662048339844,13808,0.0,0.0
2019-04-18 00:00:00+08:00,33.892662048339844,33.892662048339844,33.60298156738281,33.60298156738281,9665,0.0,0.0
2019-04-19 00:00:00+08:00,33.892662048339844,33.892662048339844,33.60298156738281,33.60298156738281,13877,0.0,0.0
2019-04-22 00:00:00+08:00,33.38572311401367,33.53056335449219,33.38572311401367,33.53056335449219,2761,0.0,0.0
2019-04-23 00:00:00+08:00,33.4581413269043,33.53056335449219,33.38572311401367,33.38572311401367,13117,0.0,0.0
2019-04-24 00:00:00+08:00,33.38572311401367,33.38572311401367,33.240882873535156,33.240882873535156,13117,0.0,0.0
2019-04-25 00:00:00+08:00,33.31330108642578,33.31330108642578,33.168460845947266,33.168460845947266,8284,0.0,0.0
2019-04-26 00:00:00+08:00,33.02362060546875,33.02362060546875,33.02362060546875,33.02362060546875,3452,0.0,0.0
2019-04-29 00:00:00+08:00,32.806358337402344,32.951202392578125,32.806358337402344,32.951202392578125,2071,0.0,0.0
2019-04-30 00:00:00+08:00,32.951202392578125,32.951202392578125,32.951202392578125,32.951202392578125,0,0.0,0.0
2019-05-02 00:00:00+08:00,33.31330108642578,33.965084075927734,33.31330108642578,33.965084075927734,6213,0.0,0.0
2019-05-03 00:00:00+08:00,33.31330108642578,33.31330108642578,33.31330108642578,33.31330108642578,2071,0.0,0.0
2019-05-06 00:00:00+08:00,33.31330108642578,33.31330108642578,33.31330108642578,33.31330108642578,0,0.0,0.0
2019-05-07 00:00:00+08:00,33.31330108642578,33.31330108642578,33.09604263305664,33.09604263305664,1380,0.0,0.0
2019-05-08 00:00:00+08:00,34.327186584472656,34.327186584472656,32.73394012451172,32.878780364990234,5523,0.0,0.0
2019-05-09 00:00:00+08:00,32.878780364990234,32.878780364990234,32.878780364990234,32.878780364990234,0,0.0,0.0
2019-05-10 00:00:00+08:00,32.44425964355469,32.878780364990234,32.44425964355469,32.5890998840332,7594,0.0,0.0
2019-05-13 00:00:00+08:00,34.03750228881836,34.03750228881836,33.168460845947266,33.240882873535156,37282,0.0,0.0
2019-05-14 00:00:00+08:00,33.31330108642578,33.31330108642578,32.951202392578125,33.31330108642578,5523,0.0,0.0
2019-05-15 00:00:00+08:00,32.154579162597656,32.73394012451172,32.154579162597656,32.29941940307617,31759,0.0,0.0
2019-05-16 00:00:00+08:00,32.29941940307617,32.44425964355469,31.864896774291992,32.44425964355469,22783,0.0,0.0
2019-05-17 00:00:00+08:00,32.44425964355469,32.51667785644531,32.154579162597656,32.154579162597656,26926,0.0,0.0
2019-05-20 00:00:00+08:00,31.140695571899414,31.864896774291992,30.126811981201172,31.864896774291992,5523,0.0,0.0
2019-05-21 00:00:00+08:00,31.140695571899414,31.93731689453125,31.140695571899414,31.792476654052734,11046,0.0,0.0
2019-05-22 00:00:00+08:00,31.864896774291992,31.864896774291992,31.792476654052734,31.792476654052734,536452,0.0,0.0
2019-05-23 00:00:00+08:00,31.792476654052734,32.3718376159668,31.792476654052734,32.3718376159668,6213,0.0,0.0
2019-05-24 00:00:00+08:00,32.3718376159668,32.3718376159668,32.3718376159668,32.3718376159668,0,0.0,0.0
2019-05-27 00:00:00+08:00,32.22699737548828,32.22699737548828,32.22699737548828,32.22699737548828,1380,0.0,0.0
2019-05-28 00:00:00+08:00,32.73394012451172,32.73394012451172,32.3718376159668,32.3718376159668,3452,0.0,0.0
2019-05-29 00:00:00+08:00,32.3718376159668,32.3718376159668,32.3718376159668,32.3718376159668,0,0.0,0.0
2019-05-30 00:00:00+08:00,31.28553581237793,32.082157135009766,31.28553581237793,32.082157135009766,5523,0.0,0.0
2019-05-31 00:00:00+08:00,32.082157135009766,32.082157135009766,32.082157135009766,32.082157135009766,0,0.0,0.0
2019-06-03 00:00:00+08:00,31.720056533813477,31.792476654052734,31.57521629333496,31.720056533813477,11737,0.0,0.0
2019-06-04 00:00:00+08:00,31.792476654052734,32.154579162597656,31.720056533813477,31.720056533813477,6904,0.0,0.0
2019-06-05 00:00:00+08:00,31.357955932617188,31.357955932617188,31.28553581237793,31.28553581237793,2761,0.0,0.0
2019-06-06 00:00:00+08:00,31.28553581237793,31.28553581237793,31.140695571899414,31.140695571899414,2761,0.0,0.0
2019-06-10 00:00:00+08:00,31.140695571899414,31.140695571899414,31.140695571899414,31.140695571899414,0,0.0,0.0
2019-06-11 00:00:00+08:00,30.054391860961914,31.140695571899414,30.054391860961914,31.140695571899414,6904,0.0,0.0
2019-06-12 00:00:00+08:00,30.416492462158203,31.140695571899414,30.416492462158203,31.140695571899414,7594,0.0,0.0
2019-06-13 00:00:00+08:00,31.140695571899414,31.140695571899414,30.9958553314209,30.9958553314209,2761,0.0,0.0
2019-06-14 00:00:00+08:00,30.633752822875977,31.792476654052734,30.48891258239746,31.720056533813477,15879,0.0,0.0
2019-06-17 00:00:00+08:00,31.140695571899414,31.64763641357422,31.140695571899414,31.64763641357422,2761,0.0,0.0
2019-06-18 00:00:00+08:00,31.430376052856445,32.66151809692383,29.9095516204834,31.28553581237793,12427,0.0,0.0
2019-06-19 00:00:00+08:00,31.28553581237793,31.28553581237793,31.140695571899414,31.28553581237793,4832,0.0,0.0
2019-06-20 00:00:00+08:00,31.864896774291992,32.154579162597656,31.864896774291992,32.00973892211914,7594,0.0,0.0
2019-06-21 00:00:00+08:00,32.082157135009766,32.806358337402344,31.864896774291992,32.3718376159668,11046,0.0,0.0
2019-06-24 00:00:00+08:00,32.29941940307617,32.806358337402344,32.29941940307617,32.66151809692383,16569,0.0,0.0
2019-06-25 00:00:00+08:00,32.73394012451172,32.806358337402344,32.44425964355469,32.44425964355469,11737,0.0,0.0
2019-06-26 00:00:00+08:00,32.44425964355469,32.44425964355469,32.3718376159668,32.3718376159668,8975,0.0,0.0
2019-06-27 00:00:00+08:00,32.3718376159668,32.5890998840332,32.3718376159668,32.5890998840332,3452,0.0,0.0
2019-06-28 00:00:00+08:00,32.29941940307617,32.29941940307617,32.29941940307617,32.29941940307617,5523,0.0,0.0
2019-07-01 00:00:00+08:00,32.29941940307617,32.29941940307617,32.29941940307617,32.29941940307617,5523,0.0,0.0
2019-07-02 00:00:00+08:00,32.51667785644531,33.892662048339844,32.51667785644531,33.168460845947266,42115,0.0,0.0
2019-07-03 00:00:00+08:00,33.168460845947266,33.168460845947266,33.168460845947266,33.168460845947266,0,0.0,0.0
2019-07-04 00:00:00+08:00,33.60298156738281,34.03750228881836,33.60298156738281,34.03750228881836,7594,0.0,0.0
2019-07-05 00:00:00+08:00,34.327186584472656,34.61686706542969,34.03750228881836,34.61686706542969,45567,0.0,0.0
2019-07-08 00:00:00+08:00,34.61686706542969,36.644630432128906,34.61686706542969,36.57221221923828,169842,0.0,0.0
2019-07-09 00:00:00+08:00,36.57221221923828,36.57221221923828,35.6307487487793,35.92042922973633,66970,0.0,0.0
2019-07-10 00:00:00+08:00,35.92042922973633,36.49979019165039,35.55833053588867,36.21010971069336,43496,0.0,0.0
2019-07-11 00:00:00+08:00,35.92042922973633,36.137691497802734,35.77558898925781,36.137691497802734,24164,0.0,0.0
2019-07-12 00:00:00+08:00,35.99285125732422,36.21010971069336,35.92042922973633,36.21010971069336,20022,0.0,0.0
2019-07-15 00:00:00+08:00,36.21010971069336,36.21010971069336,35.84800720214844,35.84800720214844,24854,0.0,0.0
2019-07-16 00:00:00+08:00,35.99285125732422,36.065269470214844,34.978965759277344,35.70317077636719,17260,0.0,0.0
2019-07-17 00:00:00+08:00,35.70317077636719,36.065269470214844,35.6307487487793,35.92042922973633,8284,0.0,0.0
2019-07-18 00:00:00+08:00,35.92042922973633,38.817237854003906,35.92042922973633,38.817237854003906,109213,0.0,0.0
2019-07-19 00:00:00+08:00,39.10691833496094,39.39659881591797,38.67239761352539,38.96207809448242,123584,0.0,0.0
2019-07-22 00:00:00+08:00,38.96207809448242,42.800350189208984,38.96207809448242,42.800350189208984,233429,0.0,0.0
2019-07-23 00:00:00+08:00,46.2041015625,47.073143005371094,44.900535583496094,46.63862228393555,443731,0.0,0.0
2019-07-24 00:00:00+08:00,45.045379638671875,45.62474060058594,43.886653900146484,45.62474060058594,268166,0.0,0.0
2019-07-25 00:00:00+08:00,47.21798324584961,48.81122970581055,46.92830276489258,48.08702850341797,229040,0.0,0.0
2019-07-26 00:00:00+08:00,50.98383712768555,50.98383712768555,46.421363830566406,47.58008575439453,109775,0.0,0.0
2019-07-29 00:00:00+08:00,47.58008575439453,48.30428695678711,47.073143005371094,48.30428695678711,111294,0.0,0.0
2019-07-30 00:00:00+08:00,48.30428695678711,48.30428695678711,47.362823486328125,47.362823486328125,114056,0.0,0.0
2019-07-31 00:00:00+08:00,43.45213317871094,47.362823486328125,43.45213317871094,46.78346252441406,51790,0.0,0.0
2019-08-01 00:00:00+08:00,46.78346252441406,46.78346252441406,46.059261322021484,46.2041015625,34530,0.0,0.0
2019-08-02 00:00:00+08:00,45.62474060058594,45.62474060058594,44.75569534301758,44.972957611083984,70560,0.0,0.0
2019-08-05 00:00:00+08:00,40.700164794921875,46.49378204345703,40.700164794921875,44.61085510253906,37455,0.0,0.0
2019-08-06 00:00:00+08:00,43.162452697753906,44.61085510253906,43.01761245727539,44.46601486206055,42840,0.0,0.0
2019-08-07 00:00:00+08:00,43.45213317871094,44.46601486206055,42.872772216796875,44.46601486206055,62827,0.0,0.0
2019-08-08 00:00:00+08:00,44.68327713012695,45.76958084106445,44.46601486206055,45.335060119628906,41424,0.0,0.0
2019-08-12 00:00:00+08:00,45.335060119628906,45.335060119628906,44.32117462158203,45.262638092041016,20022,0.0,0.0
2019-08-13 00:00:00+08:00,45.19021987915039,45.335060119628906,44.61085510253906,45.262638092041016,35260,0.0,0.0
2019-08-14 00:00:00+08:00,45.262638092041016,45.335060119628906,44.900535583496094,45.262638092041016,22783,0.0,0.0
2019-08-15 00:00:00+08:00,44.53843688964844,46.71104431152344,44.53843688964844,45.986839294433594,42115,0.0,0.0
2019-08-16 00:00:00+08:00,46.348941802978516,46.566200256347656,46.059261322021484,46.348941802978516,32561,0.0,0.0
2019-08-19 00:00:00+08:00,46.348941802978516,46.78346252441406,46.13167953491211,46.348941802978516,19331,0.0,0.0
2019-08-20 00:00:00+08:00,46.348941802978516,46.348941802978516,44.900535583496094,46.2041015625,17980,0.0,0.0
2019-08-21 00:00:00+08:00,46.63862228393555,46.63862228393555,43.59697341918945,46.2041015625,5523,0.0,0.0
2019-08-22 00:00:00+08:00,45.91442108154297,46.49378204345703,44.82811737060547,45.91442108154297,40044,0.0,0.0
2019-08-23 00:00:00+08:00,46.92830276489258,46.92830276489258,44.972957611083984,45.69715881347656,17971,0.0,0.0
2019-08-26 00:00:00+08:00,44.900535583496094,45.69715881347656,44.900535583496094,45.55231857299805,6213,0.0,0.0
2019-08-27 00:00:00+08:00,45.47990036010742,46.348941802978516,45.40747833251953,45.91442108154297,16569,0.0,0.0
2019-08-28 00:00:00+08:00,46.78346252441406,46.78346252441406,45.55231857299805,45.91442108154297,11046,0.0,0.0
2019-08-29 00:00:00+08:00,46.421363830566406,46.421363830566406,45.40747833251953,45.47990036010742,23474,0.0,0.0
2019-08-30 00:00:00+08:00,46.276519775390625,46.276519775390625,45.55231857299805,45.55231857299805,12436,0.0,0.0
2019-09-02 00:00:00+08:00,45.47990036010742,45.76958084106445,45.19021987915039,45.76958084106445,14498,0.0,0.0
2019-09-03 00:00:00+08:00,46.059261322021484,46.348941802978516,45.19021987915039,46.059261322021484,25566,0.0,0.0
2019-09-04 00:00:00+08:00,45.47990036010742,46.13167953491211,45.19021987915039,46.13167953491211,15879,0.0,0.0
2019-09-05 00:00:00+08:00,46.2041015625,46.421363830566406,46.059261322021484,46.276519775390625,25545,0.0,0.0
2019-09-06 00:00:00+08:00,46.348941802978516,47.79734420776367,46.276519775390625,46.421363830566406,13808,0.0,0.0
2019-09-10 00:00:00+08:00,46.71104431152344,46.78346252441406,46.059261322021484,46.276519775390625,18033,0.0,0.0
2019-09-11 00:00:00+08:00,46.348941802978516,46.348941802978516,46.2041015625,46.2041015625,6904,0.0,0.0
2019-09-12 00:00:00+08:00,46.92830276489258,46.92830276489258,45.91442108154297,46.348941802978516,22783,0.0,0.0
2019-09-16 00:00:00+08:00,46.92830276489258,46.92830276489258,46.566200256347656,46.63862228393555,2112,0.0,0.0
2019-09-17 00:00:00+08:00,46.85588455200195,46.92830276489258,46.276519775390625,46.276519775390625,14498,0.0,0.0
2019-09-18 00:00:00+08:00,46.566200256347656,46.566200256347656,45.986839294433594,46.2041015625,8996,0.0,0.0
2019-09-19 00:00:00+08:00,46.2041015625,46.2041015625,46.059261322021484,46.13167953491211,8496,0.0,0.0
2019-09-20 00:00:00+08:00,47.86976623535156,47.86976623535156,45.76958084106445,46.13167953491211,11380,0.0,0.0
2019-09-23 00:00:00+08:00,46.059261322021484,46.348941802978516,45.335060119628906,45.335060119628906,24986,0.0,0.0
2019-09-24 00:00:00+08:00,45.69715881347656,46.059261322021484,45.335060119628906,45.335060119628906,17950,0.0,0.0
2019-09-25 00:00:00+08:00,45.62474060058594,45.62474060058594,45.62474060058594,45.62474060058594,690,0.0,0.0
2019-09-26 00:00:00+08:00,45.91442108154297,45.91442108154297,45.045379638671875,45.47990036010742,13117,0.0,0.0
2019-09-27 00:00:00+08:00,45.335060119628906,45.40747833251953,45.19021987915039,45.335060119628906,22093,0.0,0.0
2019-10-01 00:00:00+08:00,47.72492599487305,47.72492599487305,45.76958084106445,46.13167953491211,5523,0.0,0.0
2019-10-02 00:00:00+08:00,45.62474060058594,46.059261322021484,45.62474060058594,46.059261322021484,6213,0.0,0.0
2019-10-03 00:00:00+08:00,46.059261322021484,46.059261322021484,46.059261322021484,46.059261322021484,0,0.0,0.0
2019-10-04 00:00:00+08:00,46.059261322021484,46.276519775390625,46.059261322021484,46.059261322021484,9665,0.0,0.0
2019-10-07 00:00:00+08:00,46.059261322021484,46.2041015625,45.91442108154297,46.13167953491211,17950,0.0,0.0
2019-10-08 00:00:00+08:00,46.276519775390625,46.276519775390625,45.62474060058594,46.2041015625,13808,0.0,0.0
2019-10-09 00:00:00+08:00,46.2041015625,46.2041015625,43.45213317871094,46.13167953491211,11737,0.0,0.0
2019-10-14 00:00:00+08:00,46.13167953491211,46.13167953491211,46.13167953491211,46.13167953491211,2761,0.0,0.0
2019-10-15 00:00:00+08:00,45.986839294433594,45.986839294433594,45.62474060058594,45.62474060058594,2071,0.0,0.0
2019-10-16 00:00:00+08:00,46.78346252441406,46.78346252441406,45.76958084106445,45.84199905395508,18641,0.0,0.0
2019-10-17 00:00:00+08:00,46.059261322021484,46.348941802978516,45.84199905395508,45.91442108154297,27616,0.0,0.0
2019-10-18 00:00:00+08:00,45.91442108154297,45.91442108154297,45.62474060058594,45.76958084106445,6904,0.0,0.0
2019-10-21 00:00:00+08:00,46.13167953491211,46.13167953491211,46.059261322021484,46.059261322021484,1380,0.0,0.0
2019-10-22 00:00:00+08:00,44.972957611083984,45.62474060058594,44.972957611083984,45.62474060058594,6904,0.0,0.0
2019-10-23 00:00:00+08:00,44.900535583496094,45.62474060058594,44.32117462158203,45.62474060058594,11046,0.0,0.0
2019-10-24 00:00:00+08:00,45.045379638671875,45.62474060058594,44.900535583496094,45.62474060058594,4142,0.0,0.0
2019-10-25 00:00:00+08:00,45.986839294433594,45.986839294433594,44.972957611083984,44.972957611083984,4832,0.0,0.0
2019-10-28 00:00:00+08:00,45.045379638671875,46.059261322021484,44.972957611083984,45.40747833251953,34520,0.0,0.0
2019-10-29 00:00:00+08:00,44.900535583496094,45.335060119628906,44.53843688964844,44.53843688964844,17950,0.0,0.0
2019-10-30 00:00:00+08:00,44.61085510253906,44.75569534301758,44.176334381103516,44.176334381103516,19331,0.0,0.0
2019-10-31 00:00:00+08:00,43.74181365966797,43.74181365966797,43.45213317871094,43.45213317871094,20022,0.0,0.0
2019-11-01 00:00:00+08:00,43.45213317871094,43.95907211303711,43.45213317871094,43.95907211303711,3452,0.0,0.0
2019-11-04 00:00:00+08:00,44.10391616821289,44.10391616821289,43.45213317871094,43.45213317871094,3452,0.0,0.0
2019-11-05 00:00:00+08:00,41.27952575683594,43.090030670166016,40.989845275878906,43.090030670166016,11737,0.0,0.0
2019-11-06 00:00:00+08:00,41.27952575683594,43.090030670166016,40.989845275878906,43.090030670166016,11737,0.0,0.0
2019-11-07 00:00:00+08:00,45.62474060058594,45.62474060058594,44.900535583496094,44.900535583496094,3452,0.0,0.0
2019-11-08 00:00:00+08:00,45.62474060058594,45.62474060058594,44.900535583496094,44.900535583496094,3452,0.0,0.0
2019-11-11 00:00:00+08:00,42.36582946777344,43.45213317871094,42.36582946777344,43.090030670166016,4142,0.0,0.0
2019-11-12 00:00:00+08:00,43.23487091064453,43.37971115112305,43.23487091064453,43.37971115112305,5523,0.0,0.0
2019-11-13 00:00:00+08:00,43.01761245727539,43.59697341918945,42.872772216796875,43.37971115112305,6904,0.0,0.0
2019-11-14 00:00:00+08:00,43.37971115112305,43.52455139160156,42.872772216796875,43.37971115112305,13117,0.0,0.0
2019-11-15 00:00:00+08:00,43.37971115112305,43.52455139160156,42.872772216796875,43.37971115112305,13117,0.0,0.0
2019-11-18 00:00:00+08:00,43.162452697753906,43.37971115112305,42.29340744018555,43.37971115112305,11046,0.0,0.0
2019-11-19 00:00:00+08:00,43.090030670166016,43.090030670166016,42.076148986816406,42.076148986816406,4142,0.0,0.0
2019-11-20 00:00:00+08:00,46.059261322021484,46.059261322021484,42.22098922729492,42.800350189208984,15189,0.0,0.0
2019-11-21 00:00:00+08:00,43.37971115112305,43.37971115112305,42.076148986816406,42.43825149536133,15189,0.0,0.0
2019-11-22 00:00:00+08:00,41.496788024902344,41.496788024902344,41.42436599731445,41.42436599731445,2071,0.0,0.0
2019-11-25 00:00:00+08:00,43.23487091064453,43.23487091064453,41.496788024902344,42.43825149536133,15879,0.0,0.0
2019-11-26 00:00:00+08:00,39.46902084350586,41.93130874633789,39.46902084350586,41.93130874633789,7594,0.0,0.0
2019-11-27 00:00:00+08:00,41.786468505859375,41.93130874633789,40.19322204589844,41.93130874633789,8975,0.0,0.0
2019-11-28 00:00:00+08:00,41.93130874633789,43.30729293823242,41.93130874633789,42.583091735839844,9665,0.0,0.0
2019-11-29 00:00:00+08:00,43.30729293823242,43.30729293823242,42.003726959228516,42.72793197631836,16569,0.0,0.0
2019-12-02 00:00:00+08:00,43.090030670166016,43.37971115112305,43.090030670166016,43.30729293823242,10356,0.0,0.0
2019-12-03 00:00:00+08:00,42.872772216796875,43.090030670166016,42.72793197631836,43.090030670166016,11737,0.0,0.0
2019-12-04 00:00:00+08:00,42.872772216796875,43.090030670166016,42.72793197631836,43.090030670166016,11737,0.0,0.0
2019-12-05 00:00:00+08:00,44.10391616821289,44.10391616821289,42.51066970825195,43.090030670166016,6904,0.0,0.0
2019-12-06 00:00:00+08:00,43.37971115112305,43.45213317871094,42.14856719970703,43.45213317871094,24854,0.0,0.0
2019-12-09 00:00:00+08:00,43.52455139160156,43.52455139160156,40.989845275878906,43.090030670166016,6213,0.0,0.0
2019-12-10 00:00:00+08:00,43.37971115112305,43.37971115112305,43.090030670166016,43.30729293823242,5523,0.0,0.0
2019-12-11 00:00:00+08:00,43.37971115112305,43.52455139160156,43.162452697753906,43.45213317871094,11046,0.0,0.0
2019-12-12 00:00:00+08:00,43.37971115112305,43.52455139160156,43.162452697753906,43.45213317871094,11046,0.0,0.0
2019-12-13 00:00:00+08:00,44.248756408691406,44.248756408691406,42.72793197631836,43.59697341918945,22093,0.0,0.0
2019-12-16 00:00:00+08:00,44.972957611083984,44.972957611083984,43.59697341918945,44.10391616821289,9665,0.0,0.0
2019-12-17 00:00:00+08:00,44.972957611083984,44.972957611083984,43.59697341918945,44.10391616821289,9665,0.0,0.0
2019-12-18 00:00:00+08:00,44.53843688964844,44.53843688964844,43.74181365966797,43.95907211303711,2071,0.0,0.0
2019-12-19 00:00:00+08:00,44.53843688964844,44.53843688964844,43.886653900146484,44.176334381103516,3452,0.0,0.0
2019-12-20 00:00:00+08:00,44.53843688964844,44.53843688964844,43.886653900146484,44.176334381103516,3452,0.0,0.0
2019-12-23 00:00:00+08:00,44.75569534301758,44.75569534301758,43.37971115112305,44.10391616821289,6213,0.0,0.0
2019-12-24 00:00:00+08:00,44.75569534301758,44.75569534301758,43.37971115112305,44.10391616821289,6213,0.0,0.0
2019-12-25 00:00:00+08:00,42.003726959228516,42.65550994873047,41.786468505859375,42.65550994873047,15189,0.0,0.0
2019-12-26 00:00:00+08:00,42.003726959228516,42.65550994873047,41.786468505859375,42.65550994873047,15189,0.0,0.0
2019-12-27 00:00:00+08:00,42.65550994873047,44.031494140625,42.65550994873047,43.090030670166016,9665,0.0,0.0
2019-12-30 00:00:00+08:00,42.076148986816406,43.162452697753906,42.003726959228516,43.162452697753906,3452,0.0,0.0
2019-12-31 00:00:00+08:00,40.700164794921875,42.36582946777344,40.700164794921875,42.22098922729492,6213,0.0,0.0
2020-01-02 00:00:00+08:00,44.68327713012695,44.68327713012695,41.714046478271484,42.583091735839844,9665,0.0,0.0
2020-01-03 00:00:00+08:00,44.68327713012695,44.68327713012695,41.714046478271484,42.583091735839844,9665,0.0,0.0
2020-01-06 00:00:00+08:00,42.872772216796875,42.872772216796875,42.872772216796875,42.872772216796875,690,0.0,0.0
2020-01-07 00:00:00+08:00,42.872772216796875,42.872772216796875,42.872772216796875,42.872772216796875,690,0.0,0.0
2020-01-08 00:00:00+08:00,43.37971115112305,43.37971115112305,41.85888671875,42.36582946777344,6213,0.0,0.0
2020-01-09 00:00:00+08:00,43.37971115112305,43.37971115112305,41.85888671875,42.36582946777344,6213,0.0,0.0
2020-01-10 00:00:00+08:00,42.36582946777344,42.36582946777344,42.36582946777344,42.36582946777344,0,0.0,0.0
2020-01-13 00:00:00+08:00,42.51066970825195,42.72793197631836,42.36582946777344,42.65550994873047,17260,0.0,0.0
2020-01-14 00:00:00+08:00,44.68327713012695,44.68327713012695,43.45213317871094,43.45213317871094,4832,0.0,0.0
2020-01-15 00:00:00+08:00,44.68327713012695,44.68327713012695,43.45213317871094,43.45213317871094,4832,0.0,0.0
2020-01-16 00:00:00+08:00,43.81423568725586,43.81423568725586,43.162452697753906,43.52455139160156,7594,0.0,0.0
2020-01-17 00:00:00+08:00,43.81423568725586,43.81423568725586,43.162452697753906,43.52455139160156,7594,0.0,0.0
2020-01-20 00:00:00+08:00,43.30729293823242,43.52455139160156,42.076148986816406,43.52455139160156,6213,0.0,0.0
2020-01-30 00:00:00+08:00,39.25175857543945,42.003726959228516,39.17934036254883,41.64162826538086,11046,0.0,0.0
2020-01-31 00:00:00+08:00,45.40747833251953,45.40747833251953,40.48290252685547,43.090030670166016,20022,0.0,0.0
2020-02-03 00:00:00+08:00,42.003726959228516,42.65550994873047,40.55532455444336,41.93130874633789,35211,0.0,0.0
2020-02-04 00:00:00+08:00,40.84500503540039,42.72793197631836,40.84500503540039,42.72793197631836,9665,0.0,0.0
2020-02-05 00:00:00+08:00,40.84500503540039,42.72793197631836,40.84500503540039,42.72793197631836,9665,0.0,0.0
2020-02-06 00:00:00+08:00,44.900535583496094,44.900535583496094,43.45213317871094,43.45213317871094,21402,0.0,0.0
2020-02-07 00:00:00+08:00,42.800350189208984,43.30729293823242,42.003726959228516,43.090030670166016,17950,0.0,0.0
2020-02-10 00:00:00+08:00,43.090030670166016,43.090030670166016,41.27952575683594,42.076148986816406,11046,0.0,0.0
2020-02-11 00:00:00+08:00,42.65550994873047,44.031494140625,42.003726959228516,42.43825149536133,8975,0.0,0.0
2020-02-12 00:00:00+08:00,40.700164794921875,41.13468551635742,39.9759635925293,40.772586822509766,23474,0.0,0.0
2020-02-13 00:00:00+08:00,40.700164794921875,41.13468551635742,39.9759635925293,40.772586822509766,23474,0.0,0.0
2020-02-14 00:00:00+08:00,40.55532455444336,40.55532455444336,40.26564407348633,40.410484313964844,26926,0.0,0.0
2020-02-17 00:00:00+08:00,40.12080383300781,40.48290252685547,39.9759635925293,40.410484313964844,10356,0.0,0.0
2020-02-18 00:00:00+08:00,40.12080383300781,40.48290252685547,39.9759635925293,40.410484313964844,10356,0.0,0.0
2020-02-19 00:00:00+08:00,39.83112335205078,40.48290252685547,39.83112335205078,40.410484313964844,15189,0.0,0.0
2020-02-20 00:00:00+08:00,40.48290252685547,40.48290252685547,39.83112335205078,40.33806228637695,7594,0.0,0.0
2020-02-21 00:00:00+08:00,41.93130874633789,41.93130874633789,38.38271713256836,40.48290252685547,17952,0.0,0.0
2020-02-24 00:00:00+08:00,39.25175857543945,40.26564407348633,38.96207809448242,40.19322204589844,27616,0.0,0.0
2020-02-25 00:00:00+08:00,39.75870132446289,40.19322204589844,38.38271713256836,40.04838180541992,20712,0.0,0.0
2020-02-26 00:00:00+08:00,39.39659881591797,40.26564407348633,38.96207809448242,39.39659881591797,14498,0.0,0.0
2020-02-27 00:00:00+08:00,39.54144287109375,39.75870132446289,38.67239761352539,39.686279296875,8975,0.0,0.0
2020-03-02 00:00:00+08:00,35.77558898925781,39.83112335205078,35.77558898925781,39.46902084350586,20022,0.0,0.0
2020-03-03 00:00:00+08:00,38.527557373046875,39.03450012207031,38.09303665161133,38.96207809448242,9665,0.0,0.0
2020-03-04 00:00:00+08:00,38.96207809448242,40.55532455444336,38.96207809448242,40.26564407348633,22093,0.0,0.0
2020-03-05 00:00:00+08:00,39.46902084350586,40.48290252685547,39.46902084350586,40.33806228637695,6213,0.0,0.0
2020-03-06 00:00:00+08:00,41.35194778442383,41.35194778442383,40.55532455444336,40.55532455444336,2761,0.0,0.0
2020-03-09 00:00:00+08:00,41.56920623779297,44.61085510253906,40.627742767333984,40.627742767333984,28307,0.0,0.0
2020-03-10 00:00:00+08:00,42.51066970825195,42.51066970825195,41.27952575683594,41.27952575683594,2071,0.0,0.0
2020-03-11 00:00:00+08:00,43.090030670166016,43.090030670166016,40.989845275878906,41.27952575683594,9665,0.0,0.0
2020-03-12 00:00:00+08:00,41.20710754394531,41.20710754394531,38.527557373046875,40.33806228637695,20022,0.0,0.0
2020-03-13 00:00:00+08:00,37.65851593017578,40.19322204589844,36.9343147277832,38.67239761352539,30378,0.0,0.0
2020-03-16 00:00:00+08:00,38.38271713256836,39.17934036254883,37.8033561706543,38.599979400634766,9665,0.0,0.0
2020-03-17 00:00:00+08:00,38.527557373046875,38.527557373046875,36.49979019165039,36.49979019165039,15189,0.0,0.0
2020-03-18 00:00:00+08:00,36.49979019165039,38.8896598815918,36.354949951171875,36.49979019165039,15879,0.0,0.0
2020-03-19 00:00:00+08:00,36.49979019165039,36.49979019165039,32.878780364990234,32.878780364990234,61446,0.0,0.0
2020-03-20 00:00:00+08:00,32.878780364990234,36.065269470214844,32.878780364990234,35.70317077636719,6213,0.0,0.0
2020-03-23 00:00:00+08:00,35.92042922973633,35.92042922973633,34.7617073059082,35.41348648071289,5523,0.0,0.0
2020-03-24 00:00:00+08:00,36.57221221923828,37.730934143066406,36.57221221923828,36.78947067260742,8975,0.0,0.0
2020-03-25 00:00:00+08:00,37.94819641113281,38.74481964111328,36.78947067260742,36.78947067260742,8975,0.0,0.0
2020-03-26 00:00:00+08:00,37.8033561706543,38.455135345458984,37.513675689697266,37.58609390258789,6904,0.0,0.0
2020-03-27 00:00:00+08:00,38.38271713256836,38.38271713256836,36.49979019165039,37.513675689697266,4832,0.0,0.0
2020-03-30 00:00:00+08:00,38.527557373046875,38.527557373046875,37.513675689697266,38.02061462402344,3452,0.0,0.0
2020-03-31 00:00:00+08:00,38.38271713256836,38.38271713256836,36.9343147277832,38.09303665161133,3452,0.0,0.0
2020-04-01 00:00:00+08:00,38.09303665161133,38.09303665161133,37.94819641113281,37.94819641113281,2071,0.0,0.0
2020-04-06 00:00:00+08:00,38.74481964111328,38.74481964111328,38.02061462402344,38.09303665161133,11737,0.0,0.0
2020-04-07 00:00:00+08:00,38.09303665161133,38.31029510498047,38.09303665161133,38.31029510498047,1380,0.0,0.0
2020-04-08 00:00:00+08:00,38.09303665161133,38.09303665161133,38.09303665161133,38.09303665161133,690,0.0,0.0
2020-04-09 00:00:00+08:00,38.09303665161133,39.25175857543945,37.94819641113281,38.74481964111328,12427,0.0,0.0
2020-04-10 00:00:00+08:00,38.09303665161133,38.31029510498047,37.730934143066406,38.31029510498047,6213,0.0,0.0
2020-04-13 00:00:00+08:00,38.09303665161133,39.46902084350586,38.09303665161133,38.74481964111328,7594,0.0,0.0
2020-04-14 00:00:00+08:00,37.65851593017578,38.31029510498047,37.36883544921875,38.31029510498047,12427,0.0,0.0
2020-04-15 00:00:00+08:00,38.237876892089844,38.74481964111328,37.65851593017578,38.74481964111328,17260,0.0,0.0
2020-04-16 00:00:00+08:00,38.74481964111328,39.17934036254883,38.455135345458984,39.03450012207031,8975,0.0,0.0
2020-04-17 00:00:00+08:00,38.96207809448242,39.10691833496094,38.96207809448242,39.10691833496094,8284,0.0,0.0
2020-04-20 00:00:00+08:00,38.817237854003906,39.17934036254883,38.817237854003906,39.03450012207031,18641,0.0,0.0
2020-04-21 00:00:00+08:00,38.96207809448242,39.17934036254883,38.96207809448242,39.17934036254883,11046,0.0,0.0
2020-04-22 00:00:00+08:00,38.8896598815918,39.10691833496094,38.8896598815918,38.96207809448242,11046,0.0,0.0
2020-04-23 00:00:00+08:00,38.96207809448242,38.96207809448242,38.96207809448242,38.96207809448242,0,0.0,0.0
2020-04-24 00:00:00+08:00,39.03450012207031,39.17934036254883,39.03450012207031,39.17934036254883,11046,0.0,0.0
2020-04-27 00:00:00+08:00,39.03450012207031,39.17934036254883,39.03450012207031,39.17934036254883,13117,0.0,0.0
2020-04-28 00:00:00+08:00,39.25175857543945,43.090030670166016,39.25175857543945,42.9451904296875,80778,0.0,0.0
2020-04-29 00:00:00+08:00,42.36582946777344,44.10391616821289,42.076148986816406,43.090030670166016,19331,0.0,0.0
2020-04-30 00:00:00+08:00,43.090030670166016,44.10391616821289,42.72793197631836,43.886653900146484,20712,0.0,0.0
2020-05-04 00:00:00+08:00,44.82811737060547,44.82811737060547,43.95907211303711,44.39359664916992,30378,0.0,0.0
2020-05-05 00:00:00+08:00,44.39359664916992,45.55231857299805,44.39359664916992,45.262638092041016,62827,0.0,0.0
2020-05-06 00:00:00+08:00,48.521549224853516,48.66638946533203,46.348941802978516,46.348941802978516,72493,0.0,0.0
2020-05-07 00:00:00+08:00,46.348941802978516,48.08702850341797,46.348941802978516,46.78346252441406,24164,0.0,0.0
2020-05-08 00:00:00+08:00,46.49378204345703,47.79734420776367,44.900535583496094,46.63862228393555,6904,0.0,0.0
2020-05-11 00:00:00+08:00,47.435245513916016,47.435245513916016,44.32117462158203,45.55231857299805,13117,0.0,0.0
2020-05-12 00:00:00+08:00,46.49378204345703,46.49378204345703,44.176334381103516,45.986839294433594,5523,0.0,0.0
2020-05-13 00:00:00+08:00,46.348941802978516,47.00072479248047,46.059261322021484,46.13167953491211,24164,0.0,0.0
2020-05-14 00:00:00+08:00,46.059261322021484,46.13167953491211,44.46601486206055,45.40747833251953,20712,0.0,0.0
2020-05-15 00:00:00+08:00,46.85588455200195,46.85588455200195,44.900535583496094,46.276519775390625,11046,0.0,0.0
2020-05-18 00:00:00+08:00,46.059261322021484,50.83899688720703,44.32117462158203,50.83899688720703,186412,0.0,0.0
2020-05-19 00:00:00+08:00,55.908409118652344,55.908409118652344,53.880645751953125,55.908409118652344,446698,0.0,0.0
2020-05-20 00:00:00+08:00,57.93617630004883,57.93617630004883,50.694156646728516,53.590965270996094,303782,0.0,0.0
2020-05-21 00:00:00+08:00,50.911415100097656,58.9500617980957,50.40447235107422,58.9500617980957,416320,0.0,0.0
2020-05-22 00:00:00+08:00,56.92229461669922,60.10878372192383,55.03936767578125,57.284393310546875,454292,0.0,0.0
2020-05-25 00:00:00+08:00,57.6464958190918,57.71891784667969,55.11178970336914,55.61872863769531,131178,0.0,0.0
2020-05-26 00:00:00+08:00,55.908409118652344,56.48777389526367,54.31516647338867,54.31516647338867,99419,0.0,0.0
2020-05-27 00:00:00+08:00,54.31516647338867,54.31516647338867,50.76657485961914,50.83899688720703,164318,0.0,0.0
2020-05-28 00:00:00+08:00,49.68027114868164,52.57707977294922,49.68027114868164,51.92530059814453,35901,0.0,0.0
2020-05-29 00:00:00+08:00,52.14255905151367,52.721920013427734,50.83899688720703,50.83899688720703,32449,0.0,0.0
2020-06-01 00:00:00+08:00,50.2596321105957,51.997718811035156,48.66638946533203,48.81122970581055,102871,0.0,0.0
2020-06-02 00:00:00+08:00,50.40447235107422,51.27351760864258,48.738807678222656,48.738807678222656,55233,0.0,0.0
2020-06-03 00:00:00+08:00,48.08702850341797,49.825111389160156,48.08702850341797,49.10091018676758,33830,0.0,0.0
2020-06-04 00:00:00+08:00,48.59396743774414,49.10091018676758,48.231868743896484,48.59396743774414,58685,0.0,0.0
2020-06-05 00:00:00+08:00,49.02848815917969,49.02848815917969,47.073143005371094,47.2904052734375,80088,0.0,0.0
2020-06-08 00:00:00+08:00,47.145565032958984,47.145565032958984,45.91442108154297,46.059261322021484,40044,0.0,0.0
2020-06-09 00:00:00+08:00,45.76958084106445,46.2041015625,45.045379638671875,45.62474060058594,31068,0.0,0.0
2020-06-10 00:00:00+08:00,46.059261322021484,46.78346252441406,45.84199905395508,46.78346252441406,53852,0.0,0.0
2020-06-11 00:00:00+08:00,46.78346252441406,47.21798324584961,45.76958084106445,45.76958084106445,35901,0.0,0.0
2020-06-12 00:00:00+08:00,43.45213317871094,44.900535583496094,43.45213317871094,44.82811737060547,30378,0.0,0.0
2020-06-15 00:00:00+08:00,46.348941802978516,46.348941802978516,44.82811737060547,46.13167953491211,99419,0.0,0.0
2020-06-16 00:00:00+08:00,45.62474060058594,46.348941802978516,45.47990036010742,45.91442108154297,20712,0.0,0.0
2020-06-17 00:00:00+08:00,46.92830276489258,49.245750427246094,46.49378204345703,47.79734420776367,25545,0.0,0.0
2020-06-18 00:00:00+08:00,48.08702850341797,52.57707977294922,46.49378204345703,52.57707977294922,177436,0.0,0.0
2020-06-19 00:00:00+08:00,55.184207916259766,56.48777389526367,54.097904205322266,54.46000671386719,404583,0.0,0.0
2020-06-22 00:00:00+08:00,54.31516647338867,54.31516647338867,50.98383712768555,51.56319808959961,83540,0.0,0.0
2020-06-23 00:00:00+08:00,52.14255905151367,52.14255905151367,49.318172454833984,49.96995162963867,303782,0.0,0.0
2020-06-24 00:00:00+08:00,48.95606994628906,49.39059066772461,48.30428695678711,48.376708984375,57304,0.0,0.0
2020-06-29 00:00:00+08:00,46.71104431152344,48.66638946533203,46.63862228393555,48.66638946533203,39353,0.0,0.0
2020-06-30 00:00:00+08:00,47.65250778198242,49.1733283996582,47.65250778198242,49.10091018676758,48329,0.0,0.0
2020-07-01 00:00:00+08:00,49.10091018676758,49.89753341674805,48.521549224853516,48.59396743774414,42805,0.0,0.0
2020-07-02 00:00:00+08:00,49.245750427246094,49.318172454833984,48.59396743774414,48.66638946533203,34520,0.0,0.0
2020-07-03 00:00:00+08:00,51.418357849121094,51.418357849121094,49.02848815917969,49.96995162963867,40734,0.0,0.0
2020-07-06 00:00:00+08:00,50.2596321105957,50.2596321105957,49.10091018676758,49.10091018676758,56614,0.0,0.0
2020-07-07 00:00:00+08:00,49.68027114868164,49.68027114868164,49.02848815917969,49.245750427246094,31759,0.0,0.0
2020-07-08 00:00:00+08:00,49.245750427246094,50.332054138183594,49.245750427246094,49.68027114868164,29687,0.0,0.0
2020-07-09 00:00:00+08:00,51.27351760864258,51.27351760864258,49.607852935791016,49.89753341674805,22093,0.0,0.0
2020-07-10 00:00:00+08:00,50.83899688720703,50.83899688720703,49.825111389160156,49.89753341674805,26235,0.0,0.0
2020-07-13 00:00:00+08:00,50.98383712768555,52.07014083862305,50.98383712768555,51.27351760864258,83540,0.0,0.0
2020-07-14 00:00:00+08:00,51.708038330078125,51.708038330078125,49.535430908203125,49.535430908203125,47638,0.0,0.0
2020-07-15 00:00:00+08:00,50.47689437866211,50.47689437866211,49.245750427246094,49.245750427246094,27616,0.0,0.0
2020-07-16 00:00:00+08:00,49.68027114868164,49.68027114868164,49.245750427246094,49.39059066772461,30378,0.0,0.0
2020-07-17 00:00:00+08:00,49.245750427246094,49.825111389160156,47.79734420776367,48.81122970581055,31759,0.0,0.0
2020-07-20 00:00:00+08:00,49.75269317626953,49.75269317626953,49.535430908203125,49.607852935791016,4142,0.0,0.0
2020-07-21 00:00:00+08:00,49.245750427246094,49.607852935791016,49.1733283996582,49.535430908203125,29687,0.0,0.0
2020-07-22 00:00:00+08:00,48.95606994628906,49.535430908203125,48.95606994628906,49.10091018676758,20712,0.0,0.0
2020-07-23 00:00:00+08:00,49.1733283996582,49.1733283996582,48.30428695678711,49.1733283996582,30378,0.0,0.0
2020-07-24 00:00:00+08:00,49.1733283996582,49.1733283996582,48.59396743774414,48.59396743774414,15879,0.0,0.0
2020-07-27 00:00:00+08:00,49.825111389160156,49.825111389160156,45.55231857299805,47.50766372680664,69731,0.0,0.0
2020-07-28 00:00:00+08:00,47.50766372680664,47.50766372680664,46.276519775390625,46.421363830566406,46948,0.0,0.0
2020-07-29 00:00:00+08:00,47.79734420776367,47.79734420776367,46.63862228393555,46.63862228393555,5523,0.0,0.0
2020-07-30 00:00:00+08:00,48.01460647583008,48.01460647583008,46.71104431152344,47.21798324584961,8284,0.0,0.0
2020-07-31 00:00:00+08:00,46.348941802978516,47.79734420776367,46.348941802978516,46.49378204345703,14498,0.0,0.0
2020-08-03 00:00:00+08:00,46.92830276489258,46.92830276489258,46.63862228393555,46.92830276489258,8284,0.0,0.0
2020-08-04 00:00:00+08:00,46.348941802978516,47.145565032958984,46.348941802978516,47.00072479248047,17260,0.0,0.0
2020-08-05 00:00:00+08:00,47.073143005371094,47.073143005371094,46.92830276489258,47.00072479248047,15189,0.0,0.0
2020-08-06 00:00:00+08:00,47.00072479248047,47.65250778198242,46.78346252441406,47.50766372680664,10356,0.0,0.0
2020-08-07 00:00:00+08:00,48.376708984375,48.376708984375,47.073143005371094,47.65250778198242,22093,0.0,0.0
2020-08-10 00:00:00+08:00,48.376708984375,48.376708984375,46.92830276489258,47.073143005371094,16569,0.0,0.0
2020-08-11 00:00:00+08:00,46.348941802978516,47.435245513916016,46.348941802978516,46.421363830566406,20022,0.0,0.0
2020-08-12 00:00:00+08:00,46.421363830566406,47.72492599487305,46.348941802978516,47.435245513916016,19331,0.0,0.0
2020-08-13 00:00:00+08:00,46.63862228393555,46.63862228393555,46.63862228393555,46.63862228393555,2761,0.0,0.0
2020-08-14 00:00:00+08:00,47.72492599487305,47.79734420776367,46.348941802978516,46.566200256347656,11046,0.0,0.0
2020-08-17 00:00:00+08:00,46.348941802978516,46.78346252441406,46.2041015625,46.276519775390625,26235,0.0,0.0
2020-08-18 00:00:00+08:00,46.85588455200195,46.92830276489258,46.13167953491211,46.348941802978516,20022,0.0,0.0
2020-08-19 00:00:00+08:00,46.348941802978516,46.63862228393555,45.76958084106445,46.348941802978516,55233,0.0,0.0
2020-08-20 00:00:00+08:00,46.566200256347656,46.566200256347656,45.335060119628906,46.276519775390625,35211,0.0,0.0
2020-08-21 00:00:00+08:00,46.2041015625,46.348941802978516,45.55231857299805,46.348941802978516,9665,0.0,0.0
2020-08-24 00:00:00+08:00,47.58008575439453,47.58008575439453,45.335060119628906,46.566200256347656,17950,0.0,0.0
2020-08-25 00:00:00+08:00,46.13167953491211,46.566200256347656,46.13167953491211,46.566200256347656,10356,0.0,0.0
2020-08-26 00:00:00+08:00,47.00072479248047,47.00072479248047,46.63862228393555,46.63862228393555,2071,0.0,0.0
2020-08-27 00:00:00+08:00,46.85588455200195,46.85588455200195,46.13167953491211,46.49378204345703,11737,0.0,0.0
2020-08-28 00:00:00+08:00,46.566200256347656,46.566200256347656,46.2041015625,46.2041015625,3452,0.0,0.0
2020-08-31 00:00:00+08:00,46.2041015625,46.63862228393555,46.2041015625,46.63862228393555,11046,0.0,0.0
2020-09-01 00:00:00+08:00,46.63862228393555,46.92830276489258,45.91442108154297,46.348941802978516,15879,0.0,0.0
2020-09-02 00:00:00+08:00,46.71104431152344,46.71104431152344,45.91442108154297,45.91442108154297,7594,0.0,0.0
2020-09-03 00:00:00+08:00,46.566200256347656,46.78346252441406,46.2041015625,46.78346252441406,27616,0.0,0.0
2020-09-04 00:00:00+08:00,46.059261322021484,46.348941802978516,46.059261322021484,46.348941802978516,2761,0.0,0.0
2020-09-07 00:00:00+08:00,46.348941802978516,47.073143005371094,46.348941802978516,46.348941802978516,14498,0.0,0.0
2020-09-08 00:00:00+08:00,46.348941802978516,47.435245513916016,46.348941802978516,46.348941802978516,13808,0.0,0.0
2020-09-09 00:00:00+08:00,46.348941802978516,46.78346252441406,46.2041015625,46.49378204345703,15189,0.0,0.0
2020-09-10 00:00:00+08:00,46.71104431152344,46.71104431152344,46.421363830566406,46.566200256347656,4832,0.0,0.0
2020-09-11 00:00:00+08:00,46.348941802978516,46.71104431152344,46.348941802978516,46.348941802978516,36591,0.0,0.0
2020-09-14 00:00:00+08:00,46.2041015625,46.63862228393555,46.059261322021484,46.63862228393555,17950,0.0,0.0
2020-09-15 00:00:00+08:00,47.435245513916016,47.435245513916016,46.92830276489258,46.92830276489258,3452,0.0,0.0
2020-09-16 00:00:00+08:00,47.72492599487305,47.72492599487305,46.13167953491211,46.13167953491211,13808,0.0,0.0
2020-09-17 00:00:00+08:00,47.2904052734375,47.2904052734375,46.85588455200195,46.85588455200195,11737,0.0,0.0
2020-09-18 00:00:00+08:00,46.78346252441406,46.78346252441406,46.348941802978516,46.566200256347656,8975,0.0,0.0
2020-09-21 00:00:00+08:00,46.421363830566406,46.566200256347656,46.348941802978516,46.49378204345703,6213,0.0,0.0
2020-09-22 00:00:00+08:00,46.85588455200195,46.85588455200195,46.2041015625,46.49378204345703,9665,0.0,0.0
2020-09-23 00:00:00+08:00,47.72492599487305,47.72492599487305,46.49378204345703,46.49378204345703,12427,0.0,0.0
2020-09-24 00:00:00+08:00,45.62474060058594,46.059261322021484,45.335060119628906,45.335060119628906,30378,0.0,0.0
2020-09-25 00:00:00+08:00,46.85588455200195,46.85588455200195,45.62474060058594,45.62474060058594,29687,0.0,0.0
2020-09-28 00:00:00+08:00,46.348941802978516,46.92830276489258,45.84199905395508,46.92830276489258,31759,0.0,0.0
2020-09-29 00:00:00+08:00,47.435245513916016,47.435245513916016,45.76958084106445,46.85588455200195,14498,0.0,0.0
2020-09-30 00:00:00+08:00,46.85588455200195,46.85588455200195,46.85588455200195,46.85588455200195,0,0.0,0.0
2020-10-05 00:00:00+08:00,46.421363830566406,46.92830276489258,46.2041015625,46.71104431152344,28307,0.0,0.0
2020-10-06 00:00:00+08:00,47.00072479248047,47.00072479248047,46.2041015625,46.2041015625,10356,0.0,0.0
2020-10-07 00:00:00+08:00,47.00072479248047,47.00072479248047,46.276519775390625,46.49378204345703,8975,0.0,0.0
2020-10-08 00:00:00+08:00,46.92830276489258,46.92830276489258,46.348941802978516,46.49378204345703,9665,0.0,0.0
2020-10-12 00:00:00+08:00,46.78346252441406,46.78346252441406,46.13167953491211,46.13167953491211,15189,0.0,0.0
2020-10-13 00:00:00+08:00,45.91442108154297,47.145565032958984,45.91442108154297,46.63862228393555,8975,0.0,0.0
2020-10-14 00:00:00+08:00,46.78346252441406,46.78346252441406,46.2041015625,46.566200256347656,15879,0.0,0.0
2020-10-15 00:00:00+08:00,45.986839294433594,46.348941802978516,45.986839294433594,46.276519775390625,7594,0.0,0.0
2020-10-16 00:00:00+08:00,45.91442108154297,46.348941802978516,45.91442108154297,46.348941802978516,20022,0.0,0.0
2020-10-19 00:00:00+08:00,45.986839294433594,46.63862228393555,45.69715881347656,46.13167953491211,21402,0.0,0.0
2020-10-20 00:00:00+08:00,46.059261322021484,46.421363830566406,45.47990036010742,46.2041015625,24854,0.0,0.0
2020-10-21 00:00:00+08:00,45.40747833251953,46.348941802978516,45.40747833251953,46.2041015625,33139,0.0,0.0
2020-10-22 00:00:00+08:00,46.2041015625,46.2041015625,46.2041015625,46.2041015625,3452,0.0,0.0
2020-10-23 00:00:00+08:00,46.2041015625,46.2041015625,46.13167953491211,46.13167953491211,1380,0.0,0.0
2020-10-26 00:00:00+08:00,45.47990036010742,45.62474060058594,45.47990036010742,45.47990036010742,8284,0.0,0.0
2020-10-27 00:00:00+08:00,45.40747833251953,46.276519775390625,45.40747833251953,46.2041015625,4142,0.0,0.0
2020-10-28 00:00:00+08:00,45.69715881347656,46.13167953491211,45.62474060058594,46.059261322021484,6904,0.0,0.0
2020-10-29 00:00:00+08:00,45.40747833251953,46.059261322021484,45.40747833251953,45.47990036010742,4832,0.0,0.0
2020-10-30 00:00:00+08:00,45.55231857299805,45.84199905395508,45.40747833251953,45.84199905395508,8975,0.0,0.0
2020-11-02 00:00:00+08:00,47.145565032958984,47.145565032958984,45.045379638671875,45.335060119628906,3452,0.0,0.0
2020-11-03 00:00:00+08:00,45.47990036010742,46.13167953491211,45.40747833251953,45.40747833251953,4142,0.0,0.0
2020-11-04 00:00:00+08:00,45.40747833251953,45.986839294433594,45.335060119628906,45.986839294433594,11046,0.0,0.0
2020-11-05 00:00:00+08:00,46.059261322021484,46.059261322021484,45.62474060058594,45.986839294433594,4832,0.0,0.0
2020-11-06 00:00:00+08:00,45.986839294433594,45.986839294433594,45.986839294433594,45.986839294433594,0,0.0,0.0
2020-11-09 00:00:00+08:00,46.71104431152344,46.71104431152344,45.19021987915039,45.91442108154297,10356,0.0,0.0
2020-11-10 00:00:00+08:00,45.1177978515625,45.62474060058594,44.32117462158203,45.47990036010742,28307,0.0,0.0
2020-11-11 00:00:00+08:00,45.47990036010742,45.47990036010742,44.32117462158203,44.32117462158203,11737,0.0,0.0
2020-11-12 00:00:00+08:00,44.176334381103516,44.39359664916992,43.95907211303711,44.031494140625,100110,0.0,0.0
2020-11-13 00:00:00+08:00,44.031494140625,44.39359664916992,44.031494140625,44.39359664916992,6213,0.0,0.0
2020-11-16 00:00:00+08:00,44.176334381103516,44.176334381103516,44.031494140625,44.031494140625,10356,0.0,0.0
2020-11-17 00:00:00+08:00,43.74181365966797,44.031494140625,43.74181365966797,43.886653900146484,12427,0.0,0.0
2020-11-18 00:00:00+08:00,43.45213317871094,43.45213317871094,41.64162826538086,43.162452697753906,33139,0.0,0.0
2020-11-19 00:00:00+08:00,41.20710754394531,42.9451904296875,41.06226348876953,42.9451904296875,22783,0.0,0.0
2020-11-20 00:00:00+08:00,42.583091735839844,42.72793197631836,42.14856719970703,42.72793197631836,6904,0.0,0.0
2020-11-23 00:00:00+08:00,41.85888671875,42.72793197631836,41.714046478271484,42.22098922729492,25545,0.0,0.0
2020-11-24 00:00:00+08:00,41.85888671875,41.85888671875,40.989845275878906,41.42436599731445,31068,0.0,0.0
2020-11-25 00:00:00+08:00,41.06226348876953,41.714046478271484,40.989845275878906,41.06226348876953,24164,0.0,0.0
2020-11-26 00:00:00+08:00,40.55532455444336,41.56920623779297,40.55532455444336,40.700164794921875,31759,0.0,0.0
2020-11-27 00:00:00+08:00,40.55532455444336,41.13468551635742,40.410484313964844,40.410484313964844,20712,0.0,0.0
2020-11-30 00:00:00+08:00,39.83112335205078,40.700164794921875,39.83112335205078,40.700164794921875,47638,0.0,0.0
2020-12-01 00:00:00+08:00,40.55532455444336,41.85888671875,40.410484313964844,40.84500503540039,11046,0.0,0.0
2020-12-02 00:00:00+08:00,40.989845275878906,42.29340744018555,40.989845275878906,41.20710754394531,16569,0.0,0.0
2020-12-03 00:00:00+08:00,42.14856719970703,44.972957611083984,42.14856719970703,44.972957611083984,17950,0.0,0.0
2020-12-04 00:00:00+08:00,44.32117462158203,47.435245513916016,44.32117462158203,47.435245513916016,42805,0.0,0.0
2020-12-07 00:00:00+08:00,46.49378204345703,46.49378204345703,44.176334381103516,44.176334381103516,43496,0.0,0.0
2020-12-08 00:00:00+08:00,44.176334381103516,44.176334381103516,44.176334381103516,44.176334381103516,690,0.0,0.0
2020-12-09 00:00:00+08:00,44.176334381103516,44.82811737060547,42.14856719970703,44.82811737060547,102871,0.0,0.0
2020-12-10 00:00:00+08:00,43.01761245727539,45.19021987915039,43.01761245727539,45.19021987915039,6904,0.0,0.0
2020-12-11 00:00:00+08:00,44.176334381103516,44.82811737060547,43.45213317871094,44.82811737060547,2761,0.0,0.0
2020-12-14 00:00:00+08:00,41.93130874633789,43.162452697753906,40.84500503540039,42.22098922729492,102181,0.0,0.0
2020-12-15 00:00:00+08:00,42.22098922729492,42.22098922729492,41.35194778442383,41.56920623779297,11046,0.0,0.0
2020-12-16 00:00:00+08:00,42.14856719970703,42.14856719970703,40.55532455444336,40.700164794921875,28307,0.0,0.0
2020-12-17 00:00:00+08:00,39.83112335205078,41.93130874633789,39.83112335205078,41.93130874633789,5523,0.0,0.0
2020-12-18 00:00:00+08:00,43.162452697753906,43.162452697753906,42.003726959228516,42.003726959228516,1380,0.0,0.0
2020-12-21 00:00:00+08:00,43.23487091064453,43.23487091064453,40.12080383300781,41.27952575683594,5523,0.0,0.0
2020-12-22 00:00:00+08:00,41.27952575683594,41.27952575683594,39.686279296875,41.20710754394531,141535,0.0,0.0
2020-12-23 00:00:00+08:00,40.410484313964844,40.410484313964844,39.9759635925293,39.9759635925293,42805,0.0,0.0
2020-12-24 00:00:00+08:00,39.9759635925293,39.9759635925293,39.83112335205078,39.83112335205078,11046,0.0,0.0
2020-12-25 00:00:00+08:00,38.817237854003906,40.26564407348633,36.49979019165039,36.49979019165039,60756,0.0,0.0
2020-12-28 00:00:00+08:00,36.49979019165039,38.67239761352539,36.49979019165039,38.38271713256836,22783,0.0,0.0
2020-12-29 00:00:00+08:00,39.46902084350586,40.26564407348633,39.10691833496094,39.903541564941406,6213,0.0,0.0
2020-12-30 00:00:00+08:00,37.8033561706543,39.613861083984375,37.8033561706543,39.613861083984375,2761,0.0,0.0
2020-12-31 00:00:00+08:00,38.38271713256836,38.527557373046875,38.38271713256836,38.527557373046875,3452,0.0,0.0
2021-01-04 00:00:00+08:00,38.527557373046875,39.10691833496094,37.94819641113281,39.10691833496094,5523,0.0,0.0
2021-01-05 00:00:00+08:00,38.67239761352539,38.96207809448242,38.67239761352539,38.96207809448242,6213,0.0,0.0
2021-01-06 00:00:00+08:00,37.65851593017578,38.74481964111328,37.65851593017578,38.74481964111328,5523,0.0,0.0
2021-01-07 00:00:00+08:00,39.686279296875,39.686279296875,39.686279296875,39.686279296875,690,0.0,0.0
2021-01-08 00:00:00+08:00,39.25175857543945,39.613861083984375,38.67239761352539,39.613861083984375,22783,0.0,0.0
2021-01-11 00:00:00+08:00,39.83112335205078,40.55532455444336,39.54144287109375,40.48290252685547,7594,0.0,0.0
2021-01-12 00:00:00+08:00,39.83112335205078,39.9759635925293,39.25175857543945,39.25175857543945,6904,0.0,0.0
2021-01-13 00:00:00+08:00,39.10691833496094,39.54144287109375,38.74481964111328,38.74481964111328,14498,0.0,0.0
2021-01-14 00:00:00+08:00,39.54144287109375,39.54144287109375,38.8896598815918,39.46902084350586,5523,0.0,0.0
2021-01-15 00:00:00+08:00,38.67239761352539,39.10691833496094,38.67239761352539,39.03450012207031,6213,0.0,0.0
2021-01-18 00:00:00+08:00,38.8896598815918,41.85888671875,38.67239761352539,40.12080383300781,37972,0.0,0.0
2021-01-19 00:00:00+08:00,40.410484313964844,42.36582946777344,40.410484313964844,42.36582946777344,24164,0.0,0.0
2021-01-20 00:00:00+08:00,42.003726959228516,42.003726959228516,40.989845275878906,40.989845275878906,14498,0.0,0.0
2021-01-21 00:00:00+08:00,40.989845275878906,42.003726959228516,40.627742767333984,42.003726959228516,13808,0.0,0.0
2021-01-22 00:00:00+08:00,41.786468505859375,42.003726959228516,41.35194778442383,42.003726959228516,6904,0.0,0.0
2021-01-25 00:00:00+08:00,41.27952575683594,41.27952575683594,40.772586822509766,40.772586822509766,6904,0.0,0.0
2021-01-26 00:00:00+08:00,40.989845275878906,41.20710754394531,40.410484313964844,41.20710754394531,8975,0.0,0.0
2021-01-27 00:00:00+08:00,41.20710754394531,42.65550994873047,40.989845275878906,42.65550994873047,17950,0.0,0.0
2021-01-28 00:00:00+08:00,41.27952575683594,41.35194778442383,39.10691833496094,40.410484313964844,43496,0.0,0.0
2021-01-29 00:00:00+08:00,40.84500503540039,40.84500503540039,40.26564407348633,40.26564407348633,2761,0.0,0.0
2021-02-01 00:00:00+08:00,41.42436599731445,41.85888671875,41.42436599731445,41.85888671875,1380,0.0,0.0
2021-02-02 00:00:00+08:00,40.627742767333984,41.93130874633789,38.67239761352539,41.93130874633789,21402,0.0,0.0
2021-02-03 00:00:00+08:00,40.627742767333984,41.20710754394531,40.410484313964844,41.20710754394531,6213,0.0,0.0
2021-02-04 00:00:00+08:00,42.003726959228516,42.003726959228516,40.989845275878906,40.989845275878906,4832,0.0,0.0
2021-02-05 00:00:00+08:00,41.35194778442383,41.35194778442383,41.06226348876953,41.06226348876953,6904,0.0,0.0
2021-02-17 00:00:00+08:00,38.455135345458984,42.003726959228516,38.455135345458984,42.003726959228516,3452,0.0,0.0
2021-02-18 00:00:00+08:00,41.786468505859375,41.85888671875,41.786468505859375,41.786468505859375,2071,0.0,0.0
2021-02-19 00:00:00+08:00,40.410484313964844,40.627742767333984,40.04838180541992,40.04838180541992,17260,0.0,0.0
2021-02-22 00:00:00+08:00,40.19322204589844,40.55532455444336,40.19322204589844,40.55532455444336,4832,0.0,0.0
2021-02-23 00:00:00+08:00,41.714046478271484,41.714046478271484,40.55532455444336,40.55532455444336,6904,0.0,0.0
2021-02-24 00:00:00+08:00,40.55532455444336,40.55532455444336,40.55532455444336,40.55532455444336,690,0.0,0.0
2021-02-25 00:00:00+08:00,40.55532455444336,40.55532455444336,40.410484313964844,40.410484313964844,4832,0.0,0.0
2021-02-26 00:00:00+08:00,40.410484313964844,40.410484313964844,40.410484313964844,40.410484313964844,2071,0.0,0.0
2021-03-02 00:00:00+08:00,40.55532455444336,40.989845275878906,40.410484313964844,40.989845275878906,10356,0.0,0.0
2021-03-03 00:00:00+08:00,41.93130874633789,41.93130874633789,39.686279296875,39.9759635925293,20022,0.0,0.0
2021-03-04 00:00:00+08:00,40.700164794921875,40.700164794921875,40.627742767333984,40.627742767333984,1380,0.0,0.0
2021-03-05 00:00:00+08:00,41.56920623779297,41.714046478271484,41.56920623779297,41.714046478271484,2071,0.0,0.0
2021-03-08 00:00:00+08:00,40.700164794921875,40.84500503540039,40.700164794921875,40.700164794921875,2761,0.0,0.0
2021-03-09 00:00:00+08:00,41.714046478271484,41.714046478271484,40.772586822509766,40.772586822509766,22093,0.0,0.0
2021-03-10 00:00:00+08:00,40.772586822509766,40.989845275878906,40.772586822509766,40.989845275878906,2761,0.0,0.0
2021-03-11 00:00:00+08:00,41.64162826538086,41.64162826538086,41.64162826538086,41.64162826538086,690,0.0,0.0
2021-03-12 00:00:00+08:00,40.989845275878906,40.989845275878906,39.83112335205078,39.83112335205078,8975,0.0,0.0
2021-03-15 00:00:00+08:00,39.83112335205078,40.55532455444336,39.686279296875,40.55532455444336,24854,0.0,0.0
2021-03-16 00:00:00+08:00,40.55532455444336,40.55532455444336,40.19322204589844,40.55532455444336,3452,0.0,0.0
2021-03-17 00:00:00+08:00,40.55532455444336,40.55532455444336,39.83112335205078,39.83112335205078,12427,0.0,0.0
2021-03-18 00:00:00+08:00,39.9759635925293,39.9759635925293,39.83112335205078,39.9759635925293,18641,0.0,0.0
2021-03-19 00:00:00+08:00,40.989845275878906,42.22098922729492,40.989845275878906,41.27952575683594,117370,0.0,0.0
2021-03-22 00:00:00+08:00,43.45213317871094,44.39359664916992,41.27952575683594,42.003726959228516,39353,0.0,0.0
2021-03-23 00:00:00+08:00,42.72793197631836,43.162452697753906,40.55532455444336,40.55532455444336,15879,0.0,0.0
2021-03-24 00:00:00+08:00,40.04838180541992,42.003726959228516,40.04838180541992,42.003726959228516,17950,0.0,0.0
2021-03-25 00:00:00+08:00,42.003726959228516,42.003726959228516,39.83112335205078,40.410484313964844,40734,0.0,0.0
2021-03-26 00:00:00+08:00,42.29340744018555,42.583091735839844,42.003726959228516,42.003726959228516,28997,0.0,0.0
2021-03-29 00:00:00+08:00,41.714046478271484,41.714046478271484,40.55532455444336,40.55532455444336,2761,0.0,0.0
2021-03-30 00:00:00+08:00,40.55532455444336,40.55532455444336,39.83112335205078,39.83112335205078,9665,0.0,0.0
2021-03-31 00:00:00+08:00,41.27952575683594,41.56920623779297,40.55532455444336,41.496788024902344,40044,0.0,0.0
2021-04-01 00:00:00+08:00,40.55532455444336,40.55532455444336,40.55532455444336,40.55532455444336,6213,0.0,0.0
2021-04-07 00:00:00+08:00,39.9759635925293,41.27952575683594,39.83112335205078,40.55532455444336,25545,0.0,0.0
2021-04-08 00:00:00+08:00,40.627742767333984,41.13468551635742,40.410484313964844,41.13468551635742,8284,0.0,0.0
2021-04-09 00:00:00+08:00,41.13468551635742,41.13468551635742,39.686279296875,39.686279296875,11046,0.0,0.0
2021-04-12 00:00:00+08:00,40.84500503540039,40.84500503540039,39.9759635925293,40.772586822509766,17260,0.0,0.0
2021-04-13 00:00:00+08:00,40.84500503540039,40.84500503540039,40.84500503540039,40.84500503540039,690,0.0,0.0
2021-04-14 00:00:00+08:00,40.700164794921875,40.700164794921875,40.12080383300781,40.55532455444336,6213,0.0,0.0
2021-04-15 00:00:00+08:00,40.55532455444336,40.55532455444336,40.55532455444336,40.55532455444336,0,0.0,0.0
2021-04-16 00:00:00+08:00,40.04838180541992,40.12080383300781,40.04838180541992,40.12080383300781,8284,0.0,0.0
2021-04-19 00:00:00+08:00,39.9759635925293,39.9759635925293,39.613861083984375,39.613861083984375,24854,0.0,0.0
2021-04-20 00:00:00+08:00,39.613861083984375,40.48290252685547,39.10691833496094,40.48290252685547,35901,0.0,0.0
2021-04-21 00:00:00+08:00,39.17934036254883,40.48290252685547,38.96207809448242,40.26564407348633,15189,0.0,0.0
2021-04-22 00:00:00+08:00,38.455135345458984,39.686279296875,38.455135345458984,39.10691833496094,15879,0.0,0.0
2021-04-23 00:00:00+08:00,38.527557373046875,42.583091735839844,38.38271713256836,41.27952575683594,71112,0.0,0.0
2021-04-26 00:00:00+08:00,41.42436599731445,43.162452697753906,40.55532455444336,40.55532455444336,34520,0.0,0.0
2021-04-27 00:00:00+08:00,40.410484313964844,40.410484313964844,40.410484313964844,40.410484313964844,8284,0.0,0.0
2021-04-28 00:00:00+08:00,40.33806228637695,40.33806228637695,40.33806228637695,40.33806228637695,1380,0.0,0.0
2021-04-29 00:00:00+08:00,40.48290252685547,40.48290252685547,40.48290252685547,40.48290252685547,690,0.0,0.0
2021-05-03 00:00:00+08:00,40.48290252685547,40.48290252685547,40.48290252685547,40.48290252685547,0,0.0,0.0
2021-05-04 00:00:00+08:00,39.10691833496094,39.10691833496094,39.10691833496094,39.10691833496094,3452,0.0,0.0
2021-05-05 00:00:00+08:00,41.93130874633789,41.93130874633789,39.17934036254883,39.17934036254883,31759,0.0,0.0
2021-05-06 00:00:00+08:00,40.33806228637695,41.714046478271484,39.10691833496094,41.714046478271484,28307,0.0,0.0
2021-05-07 00:00:00+08:00,39.83112335205078,39.83112335205078,39.83112335205078,39.83112335205078,690,0.0,0.0
2021-05-10 00:00:00+08:00,39.17934036254883,39.17934036254883,39.17934036254883,39.17934036254883,690,0.0,0.0
2021-05-11 00:00:00+08:00,39.10691833496094,39.10691833496094,38.38271713256836,38.38271713256836,31759,0.0,0.0
2021-05-12 00:00:00+08:00,38.38271713256836,38.38271713256836,36.28253173828125,36.28253173828125,15189,0.0,0.0
2021-05-13 00:00:00+08:00,36.21010971069336,38.67239761352539,35.92042922973633,38.67239761352539,14498,0.0,0.0
2021-05-14 00:00:00+08:00,38.527557373046875,38.527557373046875,38.527557373046875,38.527557373046875,690,0.0,0.0
2021-05-17 00:00:00+08:00,36.21010971069336,38.16545867919922,36.21010971069336,36.21010971069336,17950,0.0,0.0
2021-05-18 00:00:00+08:00,39.25175857543945,39.324180603027344,39.25175857543945,39.324180603027344,10356,0.0,0.0
2021-05-19 00:00:00+08:00,40.989845275878906,40.989845275878906,39.324180603027344,39.324180603027344,13808,0.0,0.0
2021-05-20 00:00:00+08:00,39.324180603027344,39.324180603027344,39.324180603027344,39.324180603027344,1380,0.0,0.0
2021-05-21 00:00:00+08:00,39.10691833496094,39.10691833496094,39.10691833496094,39.10691833496094,4142,0.0,0.0
2021-05-24 00:00:00+08:00,39.10691833496094,39.10691833496094,39.10691833496094,39.10691833496094,0,0.0,0.0
2021-05-25 00:00:00+08:00,40.48290252685547,40.48290252685547,40.48290252685547,40.48290252685547,690,0.0,0.0
2021-05-26 00:00:00+08:00,40.48290252685547,40.48290252685547,40.48290252685547,40.48290252685547,0,0.0,0.0
2021-05-27 00:00:00+08:00,39.10691833496094,39.10691833496094,39.10691833496094,39.10691833496094,1380,0.0,0.0
2021-05-28 00:00:00+08:00,40.48290252685547,40.84500503540039,39.10691833496094,39.10691833496094,14498,0.0,0.0
2021-05-31 00:00:00+08:00,39.10691833496094,39.10691833496094,39.10691833496094,39.10691833496094,0,0.0,0.0
2021-06-01 00:00:00+08:00,40.55532455444336,40.55532455444336,40.55532455444336,40.55532455444336,3452,0.0,0.0
2021-06-02 00:00:00+08:00,40.55532455444336,40.55532455444336,40.55532455444336,40.55532455444336,0,0.0,0.0
2021-06-03 00:00:00+08:00,40.48290252685547,42.22098922729492,40.48290252685547,42.22098922729492,12427,0.0,0.0
2021-06-04 00:00:00+08:00,38.67239761352539,39.83112335205078,38.67239761352539,39.83112335205078,1380,0.0,0.0
2021-06-07 00:00:00+08:00,39.83112335205078,39.83112335205078,39.83112335205078,39.83112335205078,0,0.0,0.0
2021-06-08 00:00:00+08:00,39.83112335205078,39.83112335205078,39.83112335205078,39.83112335205078,0,0.0,0.0
2021-06-09 00:00:00+08:00,37.07915115356445,40.410484313964844,37.07915115356445,40.410484313964844,10356,0.0,0.0
2021-06-10 00:00:00+08:00,40.410484313964844,40.410484313964844,40.410484313964844,40.410484313964844,0,0.0,0.0
2021-06-11 00:00:00+08:00,37.87577438354492,39.9759635925293,37.87577438354492,39.9759635925293,6904,0.0,0.0
2021-06-15 00:00:00+08:00,39.903541564941406,39.903541564941406,37.87577438354492,37.87577438354492,8284,0.0,0.0
2021-06-16 00:00:00+08:00,38.527557373046875,40.19322204589844,38.31029510498047,40.19322204589844,7594,0.0,0.0
2021-06-17 00:00:00+08:00,38.38271713256836,38.38271713256836,37.94819641113281,37.94819641113281,7594,0.0,0.0
2021-06-18 00:00:00+08:00,37.94819641113281,38.67239761352539,37.94819641113281,38.67239761352539,1380,0.0,0.0
2021-06-21 00:00:00+08:00,37.730934143066406,38.31029510498047,34.83412551879883,38.16545867919922,30378,0.0,0.0
2021-06-22 00:00:00+08:00,38.02061462402344,38.09303665161133,37.87577438354492,37.87577438354492,2071,0.0,0.0
2021-06-23 00:00:00+08:00,37.94819641113281,38.455135345458984,37.94819641113281,38.455135345458984,1380,0.0,0.0
2021-06-24 00:00:00+08:00,38.455135345458984,38.455135345458984,38.455135345458984,38.455135345458984,0,0.0,0.0
2021-06-25 00:00:00+08:00,38.38271713256836,38.38271713256836,38.09303665161133,38.38271713256836,6213,0.0,0.0
2021-06-28 00:00:00+08:00,38.38271713256836,38.38271713256836,38.38271713256836,38.38271713256836,0,0.0,0.0
2021-06-29 00:00:00+08:00,36.9343147277832,38.38271713256836,36.9343147277832,36.9343147277832,3452,0.0,0.0
2021-06-30 00:00:00+08:00,36.9343147277832,38.02061462402344,36.9343147277832,38.02061462402344,4142,0.0,0.0
2021-07-01 00:00:00+08:00,37.00673294067383,37.94819641113281,36.9343147277832,37.151573181152344,2761,0.0,0.0
2021-07-02 00:00:00+08:00,37.151573181152344,37.151573181152344,36.86189270019531,36.86189270019531,13808,0.0,0.0
2021-07-05 00:00:00+08:00,36.86189270019531,36.86189270019531,36.86189270019531,36.86189270019531,2071,0.0,0.0
2021-07-06 00:00:00+08:00,36.86189270019531,36.86189270019531,36.86189270019531,36.86189270019531,2761,0.0,0.0
2021-07-07 00:00:00+08:00,36.86189270019531,36.86189270019531,35.48590850830078,36.49979019165039,17260,0.0,0.0
2021-07-08 00:00:00+08:00,36.427371978759766,36.427371978759766,34.7617073059082,36.354949951171875,17950,0.0,0.0
2021-07-09 00:00:00+08:00,36.354949951171875,36.354949951171875,36.354949951171875,36.354949951171875,0,0.0,0.0
2021-07-12 00:00:00+08:00,36.354949951171875,36.49979019165039,36.065269470214844,36.354949951171875,8975,0.0,0.0
2021-07-13 00:00:00+08:00,36.21010971069336,36.21010971069336,36.21010971069336,36.21010971069336,2761,0.0,0.0
2021-07-14 00:00:00+08:00,35.77558898925781,36.49979019165039,34.90654754638672,36.49979019165039,3452,0.0,0.0
2021-07-15 00:00:00+08:00,36.21010971069336,36.21010971069336,36.21010971069336,36.21010971069336,2761,0.0,0.0
2021-07-16 00:00:00+08:00,35.48590850830078,35.48590850830078,35.48590850830078,35.48590850830078,2071,0.0,0.0
2021-07-19 00:00:00+08:00,35.48590850830078,35.48590850830078,35.48590850830078,35.48590850830078,1380,0.0,0.0
2021-07-20 00:00:00+08:00,35.48590850830078,36.49979019165039,34.7617073059082,34.7617073059082,10356,0.0,0.0
2021-07-21 00:00:00+08:00,35.77558898925781,35.77558898925781,35.77558898925781,35.77558898925781,690,0.0,0.0
2021-07-22 00:00:00+08:00,35.77558898925781,36.21010971069336,35.77558898925781,35.92042922973633,2071,0.0,0.0
2021-07-23 00:00:00+08:00,35.92042922973633,35.92042922973633,35.92042922973633,35.92042922973633,0,0.0,0.0
2021-07-26 00:00:00+08:00,34.83412551879883,36.49979019165039,34.7617073059082,34.90654754638672,10356,0.0,0.0
2021-07-27 00:00:00+08:00,35.41348648071289,36.354949951171875,35.41348648071289,36.28253173828125,3452,0.0,0.0
2021-07-28 00:00:00+08:00,36.28253173828125,36.28253173828125,36.28253173828125,36.28253173828125,0,0.0,0.0
2021-07-29 00:00:00+08:00,36.78947067260742,36.78947067260742,36.78947067260742,36.78947067260742,690,0.0,0.0
2021-07-30 00:00:00+08:00,36.065269470214844,36.065269470214844,35.19622802734375,35.19622802734375,1380,0.0,0.0
2021-08-02 00:00:00+08:00,35.55833053588867,35.55833053588867,35.55833053588867,35.55833053588867,1380,0.0,0.0
2021-08-03 00:00:00+08:00,34.7617073059082,35.77558898925781,34.7617073059082,35.77558898925781,1380,0.0,0.0
2021-08-04 00:00:00+08:00,36.57221221923828,37.151573181152344,36.49979019165039,37.151573181152344,6213,0.0,0.0
2021-08-05 00:00:00+08:00,37.223995208740234,37.223995208740234,37.223995208740234,37.223995208740234,690,0.0,0.0
2021-08-06 00:00:00+08:00,37.223995208740234,37.65851593017578,37.07915115356445,37.58609390258789,12427,0.0,0.0
2021-08-09 00:00:00+08:00,37.730934143066406,39.613861083984375,37.730934143066406,38.38271713256836,33139,0.0,0.0
2021-08-10 00:00:00+08:00,38.38271713256836,41.42436599731445,38.09303665161133,38.527557373046875,33139,0.0,0.0
2021-08-11 00:00:00+08:00,38.38271713256836,38.817237854003906,37.65851593017578,37.65851593017578,24854,0.0,0.0
2021-08-12 00:00:00+08:00,37.07915115356445,37.29641342163086,36.21010971069336,37.29641342163086,14498,0.0,0.0
2021-08-13 00:00:00+08:00,37.36883544921875,37.58609390258789,36.21010971069336,36.21010971069336,40044,0.0,0.0
2021-08-16 00:00:00+08:00,37.29641342163086,39.83112335205078,36.644630432128906,36.644630432128906,86301,0.0,0.0
2021-08-17 00:00:00+08:00,36.28253173828125,38.09303665161133,36.28253173828125,36.49979019165039,89753,0.0,0.0
2021-08-18 00:00:00+08:00,37.513675689697266,40.12080383300781,36.78947067260742,37.151573181152344,52471,0.0,0.0
2021-08-19 00:00:00+08:00,37.513675689697266,38.38271713256836,37.151573181152344,38.09303665161133,71803,0.0,0.0
2021-08-20 00:00:00+08:00,39.10691833496094,39.10691833496094,37.223995208740234,37.223995208740234,50400,0.0,0.0
2021-08-23 00:00:00+08:00,38.31029510498047,40.48290252685547,37.29641342163086,37.29641342163086,21402,0.0,0.0
2021-08-24 00:00:00+08:00,38.237876892089844,40.12080383300781,38.09303665161133,40.12080383300781,32449,0.0,0.0
2021-08-25 00:00:00+08:00,42.003726959228516,44.10391616821289,41.786468505859375,44.10391616821289,113228,0.0,0.0
2021-08-26 00:00:00+08:00,48.376708984375,48.449127197265625,47.58008575439453,48.449127197265625,300330,0.0,0.0
2021-08-27 00:00:00+08:00,53.22886276245117,53.22886276245117,53.15644454956055,53.22886276245117,196077,0.0,0.0
2021-08-30 00:00:00+08:00,58.51553726196289,58.51553726196289,58.51553726196289,58.51553726196289,309996,0.0,0.0
2021-08-31 00:00:00+08:00,64.23674011230469,64.23674011230469,55.83599090576172,56.63261413574219,430128,0.0,0.0
2021-09-01 00:00:00+08:00,61.19508743286133,61.19508743286133,56.05324935913086,57.93617630004883,111847,0.0,0.0
2021-09-02 00:00:00+08:00,60.253623962402344,60.253623962402344,57.93617630004883,59.746681213378906,123584,0.0,0.0
2021-09-03 00:00:00+08:00,55.32904815673828,59.746681213378906,55.32904815673828,59.746681213378906,128417,0.0,0.0
2021-09-06 00:00:00+08:00,58.51553726196289,63.29527282714844,58.51553726196289,63.29527282714844,249930,0.0,0.0
2021-09-07 00:00:00+08:00,62.426231384277344,63.729793548583984,62.426231384277344,63.15043258666992,99419,0.0,0.0
2021-09-08 00:00:00+08:00,63.44011306762695,64.16431427001953,63.15043258666992,63.15043258666992,107704,0.0,0.0
2021-09-09 00:00:00+08:00,63.15043258666992,63.729793548583984,63.15043258666992,63.29527282714844,84230,0.0,0.0
2021-09-10 00:00:00+08:00,68.07500457763672,69.59583282470703,68.07500457763672,69.59583282470703,256834,0.0,0.0
2021-09-13 00:00:00+08:00,66.48176574707031,76.33091735839844,66.48176574707031,76.18607330322266,265809,0.0,0.0
2021-09-14 00:00:00+08:00,76.18607330322266,83.57293701171875,71.6960220336914,77.34479522705078,332779,0.0,0.0
2021-09-15 00:00:00+08:00,72.42021942138672,83.13841247558594,72.42021942138672,79.22772216796875,260286,0.0,0.0
2021-09-16 00:00:00+08:00,76.33091735839844,80.6761245727539,76.33091735839844,76.76543426513672,112537,0.0,0.0
2021-09-17 00:00:00+08:00,77.7793197631836,84.00745391845703,74.59282684326172,82.55905151367188,260286,0.0,0.0
2021-09-22 00:00:00+08:00,85.0213394165039,85.0213394165039,74.44799041748047,81.83485412597656,251311,0.0,0.0
2021-09-23 00:00:00+08:00,81.54517364501953,83.13841247558594,79.66224670410156,80.96580505371094,102181,0.0,0.0
2021-09-24 00:00:00+08:00,83.13841247558594,83.28325653076172,73.4341049194336,73.8686294555664,225765,0.0,0.0
2021-09-27 00:00:00+08:00,73.8686294555664,75.89639282226562,70.24761199951172,72.42021942138672,223694,0.0,0.0
2021-09-28 00:00:00+08:00,72.42021942138672,72.42021942138672,69.5234146118164,70.97181701660156,127726,0.0,0.0
2021-09-29 00:00:00+08:00,70.89939880371094,70.97181701660156,70.24761199951172,70.89939880371094,73183,0.0,0.0
2021-09-30 00:00:00+08:00,72.3478012084961,73.8686294555664,70.24761199951172,71.6960220336914,97348,0.0,0.0
2021-10-01 00:00:00+08:00,70.53729248046875,73.57894134521484,70.53729248046875,72.42021942138672,40734,0.0,0.0
2021-10-04 00:00:00+08:00,74.44799041748047,74.59282684326172,70.97181701660156,72.42021942138672,59375,0.0,0.0
2021-10-05 00:00:00+08:00,73.4341049194336,73.8686294555664,69.95793151855469,73.8686294555664,50400,0.0,0.0
2021-10-06 00:00:00+08:00,76.04122924804688,76.04122924804688,72.70989990234375,74.44799041748047,67660,0.0,0.0
2021-10-07 00:00:00+08:00,74.44799041748047,76.76543426513672,74.44799041748047,76.76543426513672,156724,0.0,0.0
2021-10-08 00:00:00+08:00,76.76543426513672,84.44197845458984,76.76543426513672,82.41421508789062,345897,0.0,0.0
2021-10-12 00:00:00+08:00,79.66224670410156,82.70389556884766,74.59282684326172,81.11064910888672,260286,0.0,0.0
2021-10-13 00:00:00+08:00,81.40032958984375,81.40032958984375,75.75154876708984,76.33091735839844,134630,0.0,0.0
2021-10-14 00:00:00+08:00,76.33091735839844,78.21383666992188,74.7376708984375,77.63447570800781,89063,0.0,0.0
2021-10-15 00:00:00+08:00,79.66224670410156,79.66224670410156,76.76543426513672,79.51740264892578,84230,0.0,0.0
2021-10-18 00:00:00+08:00,80.38644409179688,81.11064910888672,79.66224670410156,81.11064910888672,55923,0.0,0.0
2021-10-19 00:00:00+08:00,80.96580505371094,81.83485412597656,80.38644409179688,81.83485412597656,60066,0.0,0.0
2021-10-20 00:00:00+08:00,82.99357604980469,82.99357604980469,78.64836120605469,80.38644409179688,86301,0.0,0.0
2021-10-21 00:00:00+08:00,78.93804168701172,81.69001007080078,76.62059783935547,79.22772216796875,72493,0.0,0.0
2021-10-22 00:00:00+08:00,79.22772216796875,82.55905151367188,78.21383666992188,81.97969055175781,62827,0.0,0.0
2021-10-25 00:00:00+08:00,81.11064910888672,82.41421508789062,79.66224670410156,80.96580505371094,68351,0.0,0.0
2021-10-26 00:00:00+08:00,82.8487319946289,82.8487319946289,78.21383666992188,80.82096862792969,34520,0.0,0.0
2021-10-27 00:00:00+08:00,81.54517364501953,81.54517364501953,79.37256622314453,80.53128814697266,28307,0.0,0.0
2021-10-28 00:00:00+08:00,80.96580505371094,82.99357604980469,78.21383666992188,80.53128814697266,40044,0.0,0.0
2021-10-29 00:00:00+08:00,80.38644409179688,80.38644409179688,78.5035171508789,80.09676361083984,27616,0.0,0.0
2021-11-01 00:00:00+08:00,79.66224670410156,81.11064910888672,78.21383666992188,79.9519271850586,24854,0.0,0.0
2021-11-02 00:00:00+08:00,78.35868072509766,79.9519271850586,78.35868072509766,79.9519271850586,28997,0.0,0.0
2021-11-03 00:00:00+08:00,81.69001007080078,82.41421508789062,78.5035171508789,79.80708312988281,38663,0.0,0.0
2021-11-04 00:00:00+08:00,80.96580505371094,80.96580505371094,78.64836120605469,79.66224670410156,13117,0.0,0.0
2021-11-05 00:00:00+08:00,80.53128814697266,80.53128814697266,80.24160766601562,80.24160766601562,3452,0.0,0.0
2021-11-08 00:00:00+08:00,83.86261749267578,83.86261749267578,79.66224670410156,81.11064910888672,39353,0.0,0.0
2021-11-09 00:00:00+08:00,80.82096862792969,82.41421508789062,79.66224670410156,81.11064910888672,26926,0.0,0.0
2021-11-10 00:00:00+08:00,79.66224670410156,80.96580505371094,78.64836120605469,80.82096862792969,24854,0.0,0.0
2021-11-11 00:00:00+08:00,79.0828857421875,80.38644409179688,78.93804168701172,80.24160766601562,8284,0.0,0.0
2021-11-12 00:00:00+08:00,80.24160766601562,80.24160766601562,77.05511474609375,79.66224670410156,20712,0.0,0.0
2021-11-15 00:00:00+08:00,79.66224670410156,80.6761245727539,78.21383666992188,79.66224670410156,28307,0.0,0.0
2021-11-16 00:00:00+08:00,79.66224670410156,80.6761245727539,78.35868072509766,80.6761245727539,26926,0.0,0.0
2021-11-17 00:00:00+08:00,82.41421508789062,82.41421508789062,81.40032958984375,81.54517364501953,78016,0.0,0.0
2021-11-18 00:00:00+08:00,83.13841247558594,83.28325653076172,81.40032958984375,82.26937103271484,22093,0.0,0.0
2021-11-19 00:00:00+08:00,82.70389556884766,83.57293701171875,81.11064910888672,82.1245346069336,22783,0.0,0.0
2021-11-22 00:00:00+08:00,82.41421508789062,85.45586395263672,79.66224670410156,85.45586395263672,60756,0.0,0.0
2021-11-23 00:00:00+08:00,91.24948120117188,92.11852264404297,86.90426635742188,88.35266876220703,51781,0.0,0.0
2021-11-24 00:00:00+08:00,89.3665542602539,89.80107879638672,88.35266876220703,89.51139068603516,68351,0.0,0.0
2021-11-25 00:00:00+08:00,89.51139068603516,90.52527618408203,87.1939468383789,89.80107879638672,35901,0.0,0.0
2021-11-26 00:00:00+08:00,90.52527618408203,90.81495666503906,88.06298828125,88.35266876220703,82849,0.0,0.0
2021-11-29 00:00:00+08:00,88.35266876220703,89.07687377929688,86.90426635742188,88.9320297241211,35211,0.0,0.0
2021-11-30 00:00:00+08:00,88.9320297241211,89.65623474121094,87.33878326416016,89.22171020507812,31068,0.0,0.0
2021-12-01 00:00:00+08:00,89.22171020507812,89.80107879638672,85.74554443359375,89.51139068603516,58685,0.0,0.0
2021-12-02 00:00:00+08:00,90.235595703125,90.235595703125,83.86261749267578,83.86261749267578,86992,0.0,0.0
2021-12-03 00:00:00+08:00,84.00745391845703,85.45586395263672,79.66224670410156,80.82096862792969,28307,0.0,0.0
2021-12-06 00:00:00+08:00,80.82096862792969,80.82096862792969,72.85474395751953,72.85474395751953,125655,0.0,0.0
2021-12-07 00:00:00+08:00,72.3478012084961,75.02735137939453,68.36469268798828,75.02735137939453,57304,0.0,0.0
2021-12-08 00:00:00+08:00,75.02735137939453,80.96580505371094,75.02735137939453,80.96580505371094,53852,0.0,0.0
2021-12-09 00:00:00+08:00,83.28325653076172,83.28325653076172,80.96580505371094,80.96580505371094,13117,0.0,0.0
2021-12-10 00:00:00+08:00,80.96580505371094,80.96580505371094,80.96580505371094,80.96580505371094,690,0.0,0.0
2021-12-13 00:00:00+08:00,81.25548553466797,81.25548553466797,78.93804168701172,78.93804168701172,2761,0.0,0.0
2021-12-14 00:00:00+08:00,84.00745391845703,84.00745391845703,77.92415618896484,77.92415618896484,9665,0.0,0.0
2021-12-15 00:00:00+08:00,78.21383666992188,78.21383666992188,75.46186828613281,78.21383666992188,4142,0.0,0.0
2021-12-16 00:00:00+08:00,78.21383666992188,79.66224670410156,78.21383666992188,79.51740264892578,2071,0.0,0.0
2021-12-17 00:00:00+08:00,75.02735137939453,79.22772216796875,75.02735137939453,79.22772216796875,3452,0.0,0.0
2021-12-20 00:00:00+08:00,80.96580505371094,81.11064910888672,80.24160766601562,80.24160766601562,2071,0.0,0.0
2021-12-21 00:00:00+08:00,80.53128814697266,80.53128814697266,76.76543426513672,76.76543426513672,13117,0.0,0.0
2021-12-22 00:00:00+08:00,76.76543426513672,79.22772216796875,76.76543426513672,76.76543426513672,12427,0.0,0.0
2021-12-23 00:00:00+08:00,78.21383666992188,78.21383666992188,76.76543426513672,78.21383666992188,5523,0.0,0.0
2021-12-24 00:00:00+08:00,78.06900024414062,78.06900024414062,71.478759765625,78.06900024414062,32449,0.0,0.0
2021-12-27 00:00:00+08:00,74.01346588134766,78.35868072509766,72.5650634765625,76.76543426513672,15189,0.0,0.0
2021-12-28 00:00:00+08:00,76.76543426513672,77.19995880126953,74.59282684326172,76.47575378417969,4142,0.0,0.0
2021-12-29 00:00:00+08:00,79.66224670410156,79.66224670410156,75.46186828613281,77.92415618896484,5523,0.0,0.0
2021-12-30 00:00:00+08:00,75.31703186035156,77.48963928222656,75.31703186035156,77.48963928222656,4142,0.0,0.0
2022-01-03 00:00:00+08:00,72.99958038330078,77.7793197631836,72.99958038330078,77.34479522705078,6213,0.0,0.0
2022-01-04 00:00:00+08:00,74.7376708984375,76.9102783203125,74.59282684326172,75.6067123413086,4832,0.0,0.0
2022-01-05 00:00:00+08:00,68.65437316894531,75.31703186035156,68.65437316894531,70.97181701660156,60756,0.0,0.0
2022-01-06 00:00:00+08:00,69.95793151855469,69.95793151855469,69.0888900756836,69.23373413085938,15879,0.0,0.0
2022-01-07 00:00:00+08:00,68.50952911376953,68.58194732666016,66.62660217285156,66.77144622802734,38663,0.0,0.0
2022-01-10 00:00:00+08:00,66.9162826538086,70.89939880371094,65.32303619384766,65.32303619384766,31068,0.0,0.0
2022-01-11 00:00:00+08:00,64.16431427001953,64.16431427001953,58.80522155761719,58.9500617980957,64898,0.0,0.0
2022-01-12 00:00:00+08:00,59.38458251953125,64.59883880615234,55.03936767578125,61.84687042236328,91134,0.0,0.0
2022-01-13 00:00:00+08:00,61.84687042236328,62.715911865234375,61.702030181884766,61.702030181884766,16569,0.0,0.0
2022-01-14 00:00:00+08:00,66.62660217285156,66.62660217285156,63.005592346191406,63.005592346191406,7594,0.0,0.0
2022-01-17 00:00:00+08:00,64.45399475097656,64.45399475097656,63.8746337890625,63.8746337890625,5523,0.0,0.0
2022-01-18 00:00:00+08:00,63.8746337890625,63.8746337890625,63.8746337890625,63.8746337890625,0,0.0,0.0
2022-01-19 00:00:00+08:00,64.16431427001953,64.16431427001953,62.426231384277344,62.426231384277344,11737,0.0,0.0
2022-01-20 00:00:00+08:00,62.35380935668945,62.35380935668945,62.35380935668945,62.35380935668945,690,0.0,0.0
2022-01-21 00:00:00+08:00,60.39846420288086,62.20896911621094,60.39846420288086,60.39846420288086,4142,0.0,0.0
2022-01-24 00:00:00+08:00,60.10878372192383,60.10878372192383,58.081016540527344,59.38458251953125,11737,0.0,0.0
2022-01-25 00:00:00+08:00,59.8191032409668,59.8191032409668,59.239742279052734,59.239742279052734,12427,0.0,0.0
2022-01-26 00:00:00+08:00,56.92229461669922,59.96394348144531,56.63261413574219,59.96394348144531,7594,0.0,0.0
2022-02-07 00:00:00+08:00,59.96394348144531,65.90240478515625,57.356815338134766,57.6464958190918,31068,0.0,0.0
2022-02-08 00:00:00+08:00,59.38458251953125,59.746681213378906,58.00859832763672,59.38458251953125,5523,0.0,0.0
2022-02-09 00:00:00+08:00,59.38458251953125,61.412349700927734,59.38458251953125,60.832984924316406,4142,0.0,0.0
2022-02-10 00:00:00+08:00,60.253623962402344,62.28139114379883,60.10878372192383,61.77444839477539,4142,0.0,0.0
2022-02-11 00:00:00+08:00,62.93317413330078,62.93317413330078,62.93317413330078,62.93317413330078,690,0.0,0.0
2022-02-14 00:00:00+08:00,64.88851928710938,65.61272430419922,63.005592346191406,64.9609375,13117,0.0,0.0
2022-02-15 00:00:00+08:00,66.19208526611328,66.19208526611328,59.8191032409668,60.253623962402344,8284,0.0,0.0
2022-02-16 00:00:00+08:00,61.12266540527344,66.0472412109375,61.12266540527344,61.26750564575195,19331,0.0,0.0
2022-02-17 00:00:00+08:00,61.26750564575195,64.45399475097656,60.832984924316406,64.45399475097656,4142,0.0,0.0
2022-02-18 00:00:00+08:00,61.84687042236328,62.426231384277344,61.702030181884766,61.84687042236328,13117,0.0,0.0
2022-02-21 00:00:00+08:00,59.89152145385742,61.84687042236328,59.89152145385742,61.84687042236328,2761,0.0,0.0
2022-02-22 00:00:00+08:00,61.84687042236328,61.84687042236328,61.557186126708984,61.557186126708984,1380,0.0,0.0
2022-02-23 00:00:00+08:00,61.557186126708984,61.557186126708984,60.39846420288086,61.412349700927734,10356,0.0,0.0
2022-02-24 00:00:00+08:00,60.97782516479492,60.97782516479492,59.167320251464844,59.38458251953125,20022,0.0,0.0
2022-02-25 00:00:00+08:00,59.38458251953125,59.60184097290039,57.93617630004883,59.60184097290039,4832,0.0,0.0
2022-03-01 00:00:00+08:00,59.09490203857422,62.20896911621094,58.153438568115234,62.20896911621094,4832,0.0,0.0
2022-03-02 00:00:00+08:00,61.84687042236328,61.84687042236328,59.38458251953125,60.832984924316406,4142,0.0,0.0
2022-03-03 00:00:00+08:00,59.8191032409668,61.557186126708984,59.8191032409668,61.557186126708984,1380,0.0,0.0
2022-03-04 00:00:00+08:00,61.557186126708984,61.557186126708984,61.557186126708984,61.557186126708984,0,0.0,0.0
2022-03-07 00:00:00+08:00,56.63261413574219,58.29827880859375,56.63261413574219,58.29827880859375,7594,0.0,0.0
2022-03-08 00:00:00+08:00,60.0363655090332,61.26750564575195,56.48777389526367,58.153438568115234,14498,0.0,0.0
2022-03-09 00:00:00+08:00,56.48777389526367,58.22585678100586,56.48777389526367,63.94705581665039,2761,0.0,0.0
2022-03-10 00:00:00+08:00,59.8191032409668,62.28139114379883,59.8191032409668,62.28139114379883,6904,0.0,0.0
2022-03-11 00:00:00+08:00,60.543304443359375,62.28139114379883,59.31216049194336,62.28139114379883,2761,0.0,0.0
2022-03-14 00:00:00+08:00,63.29527282714844,63.29527282714844,63.005592346191406,63.005592346191406,2071,0.0,0.0
2022-03-15 00:00:00+08:00,59.529422760009766,61.12266540527344,59.239742279052734,60.832984924316406,4832,0.0,0.0
2022-03-16 00:00:00+08:00,60.47088623046875,60.47088623046875,59.02248001098633,59.239742279052734,10356,0.0,0.0
2022-03-17 00:00:00+08:00,57.50165557861328,61.557186126708984,57.50165557861328,59.8191032409668,2071,0.0,0.0
2022-03-18 00:00:00+08:00,61.557186126708984,61.557186126708984,61.557186126708984,61.557186126708984,690,0.0,0.0
2022-03-21 00:00:00+08:00,58.081016540527344,58.081016540527344,58.081016540527344,58.081016540527344,1380,0.0,0.0
2022-03-22 00:00:00+08:00,60.39846420288086,60.68814468383789,57.93617630004883,63.729793548583984,5523,0.0,0.0
2022-03-23 00:00:00+08:00,60.10878372192383,60.97782516479492,58.22585678100586,60.39846420288086,9665,0.0,0.0
2022-03-24 00:00:00+08:00,60.39846420288086,60.39846420288086,60.39846420288086,60.39846420288086,0,0.0,0.0
2022-03-25 00:00:00+08:00,60.543304443359375,60.543304443359375,58.7327995300293,60.10878372192383,6213,0.0,0.0
2022-03-28 00:00:00+08:00,60.97782516479492,60.97782516479492,58.22585678100586,59.96394348144531,2761,0.0,0.0
2022-03-29 00:00:00+08:00,59.96394348144531,59.96394348144531,59.96394348144531,59.96394348144531,0,0.0,0.0
2022-03-30 00:00:00+08:00,59.31216049194336,59.31216049194336,59.09490203857422,59.09490203857422,1380,0.0,0.0
2022-03-31 00:00:00+08:00,60.832984924316406,60.832984924316406,57.356815338134766,58.9500617980957,6213,0.0,0.0
2022-04-01 00:00:00+08:00,60.543304443359375,60.543304443359375,57.21197509765625,57.21197509765625,7594,0.0,0.0
2022-04-06 00:00:00+08:00,57.21197509765625,58.443119049072266,55.83599090576172,62.28139114379883,21402,0.0,0.0
2022-04-07 00:00:00+08:00,58.081016540527344,59.96394348144531,56.48777389526367,57.79133605957031,13808,0.0,0.0
2022-04-08 00:00:00+08:00,58.58795928955078,59.38458251953125,58.58795928955078,58.660377502441406,44876,0.0,0.0
2022-04-11 00:00:00+08:00,60.39846420288086,60.39846420288086,55.32904815673828,56.63261413574219,7594,0.0,0.0
2022-04-12 00:00:00+08:00,56.7774543762207,58.87763977050781,56.7774543762207,57.21197509765625,8284,0.0,0.0
2022-04-13 00:00:00+08:00,57.93617630004883,58.58795928955078,57.21197509765625,58.58795928955078,2761,0.0,0.0
2022-04-14 00:00:00+08:00,58.660377502441406,58.660377502441406,56.7774543762207,64.38157653808594,2761,0.0,0.0
2022-04-15 00:00:00+08:00,58.58795928955078,58.58795928955078,56.48777389526367,57.93617630004883,25545,0.0,0.0
2022-04-18 00:00:00+08:00,58.29827880859375,58.29827880859375,56.7774543762207,57.6464958190918,2071,0.0,0.0
2022-04-19 00:00:00+08:00,57.93617630004883,57.93617630004883,57.93617630004883,57.93617630004883,2071,0.0,0.0
2022-04-20 00:00:00+08:00,57.93617630004883,57.93617630004883,57.93617630004883,57.93617630004883,0,0.0,0.0
2022-04-21 00:00:00+08:00,58.29827880859375,59.38458251953125,57.93617630004883,59.38458251953125,4832,0.0,0.0
2022-04-22 00:00:00+08:00,56.48777389526367,59.38458251953125,55.03936767578125,59.38458251953125,8975,0.0,0.0
2022-04-25 00:00:00+08:00,57.50165557861328,57.8637580871582,56.342933654785156,57.79133605957031,5523,0.0,0.0
2022-04-26 00:00:00+08:00,57.93617630004883,57.93617630004883,56.270511627197266,57.93617630004883,4142,0.0,0.0
2022-04-27 00:00:00+08:00,57.93617630004883,57.93617630004883,57.93617630004883,57.93617630004883,0,0.0,0.0
2022-04-28 00:00:00+08:00,59.67426300048828,59.67426300048828,56.05324935913086,56.48777389526367,2071,0.0,0.0
2022-04-29 00:00:00+08:00,57.57407760620117,57.93617630004883,56.05324935913086,57.93617630004883,15189,0.0,0.0
2022-05-03 00:00:00+08:00,57.6464958190918,57.8637580871582,56.05324935913086,57.71891784667969,22093,0.0,0.0
2022-05-04 00:00:00+08:00,57.71891784667969,57.71891784667969,56.48777389526367,57.57407760620117,35211,0.0,0.0
2022-05-05 00:00:00+08:00,56.48777389526367,56.48777389526367,55.03936767578125,56.41535186767578,31759,0.0,0.0
2022-05-06 00:00:00+08:00,55.03936767578125,56.48777389526367,55.03936767578125,56.270511627197266,44186,0.0,0.0
2022-05-09 00:00:00+08:00,55.4738883972168,56.48777389526367,55.03936767578125,56.48777389526367,44186,0.0,0.0
2022-05-10 00:00:00+08:00,60.832984924316406,60.832984924316406,55.184207916259766,56.92229461669922,17950,0.0,0.0
2022-05-11 00:00:00+08:00,57.21197509765625,62.57107162475586,55.908409118652344,62.57107162475586,85611,0.0,0.0
2022-05-12 00:00:00+08:00,62.426231384277344,68.79920959472656,59.38458251953125,66.62660217285156,131869,0.0,0.0
2022-05-13 00:00:00+08:00,63.15043258666992,67.06112670898438,62.13655090332031,62.28139114379883,37972,0.0,0.0
2022-05-16 00:00:00+08:00,60.10878372192383,64.88851928710938,58.87763977050781,59.38458251953125,19331,0.0,0.0
2022-05-17 00:00:00+08:00,59.8191032409668,59.8191032409668,56.19809341430664,56.342933654785156,26926,0.0,0.0
2022-05-18 00:00:00+08:00,59.8191032409668,60.39846420288086,56.48777389526367,59.31216049194336,13808,0.0,0.0
2022-05-19 00:00:00+08:00,58.80522155761719,59.239742279052734,58.80522155761719,59.239742279052734,1380,0.0,0.0
2022-05-20 00:00:00+08:00,56.994712829589844,59.167320251464844,55.11178970336914,59.167320251464844,8975,0.0,0.0
2022-05-23 00:00:00+08:00,58.9500617980957,59.09490203857422,56.5601921081543,58.00859832763672,11046,0.0,0.0
2022-05-24 00:00:00+08:00,58.29827880859375,58.29827880859375,55.4738883972168,58.081016540527344,4832,0.0,0.0
2022-05-25 00:00:00+08:00,56.48777389526367,57.50165557861328,55.763572692871094,57.21197509765625,8284,0.0,0.0
2022-05-26 00:00:00+08:00,56.48777389526367,57.50165557861328,55.980831146240234,57.50165557861328,6213,0.0,0.0
2022-05-27 00:00:00+08:00,57.71891784667969,58.153438568115234,56.48777389526367,58.153438568115234,3452,0.0,0.0
2022-05-30 00:00:00+08:00,56.5601921081543,59.167320251464844,56.48777389526367,56.48777389526367,6904,0.0,0.0
2022-05-31 00:00:00+08:00,57.284393310546875,57.284393310546875,55.908409118652344,61.557186126708984,6904,0.0,0.0
2022-06-01 00:00:00+08:00,57.067134857177734,58.87763977050781,56.48777389526367,57.93617630004883,11046,0.0,0.0
2022-06-02 00:00:00+08:00,57.6464958190918,63.512535095214844,57.6464958190918,63.36769485473633,24854,0.0,0.0
2022-06-06 00:00:00+08:00,63.36769485473633,66.62660217285156,63.36769485473633,64.23674011230469,78707,0.0,0.0
2022-06-07 00:00:00+08:00,64.23674011230469,65.8299789428711,64.23674011230469,65.8299789428711,1380,0.0,0.0
2022-06-08 00:00:00+08:00,66.19208526611328,67.06112670898438,62.57107162475586,66.19208526611328,8284,0.0,0.0
2022-06-09 00:00:00+08:00,66.55418395996094,66.62660217285156,66.55418395996094,66.62660217285156,25545,0.0,0.0
2022-06-10 00:00:00+08:00,67.133544921875,68.14743041992188,67.133544921875,68.14743041992188,8284,0.0,0.0
2022-06-13 00:00:00+08:00,69.95793151855469,69.95793151855469,69.0888900756836,69.0888900756836,1380,0.0,0.0
2022-06-14 00:00:00+08:00,69.37857055664062,69.37857055664062,66.48176574707031,67.93016815185547,4832,0.0,0.0
2022-06-15 00:00:00+08:00,67.93016815185547,68.50952911376953,67.93016815185547,68.14743041992188,6904,0.0,0.0
2022-06-16 00:00:00+08:00,66.19208526611328,68.14743041992188,66.19208526611328,67.71290588378906,18641,0.0,0.0
2022-06-17 00:00:00+08:00,65.68514251708984,67.71290588378906,65.1781997680664,67.06112670898438,15879,0.0,0.0
2022-06-20 00:00:00+08:00,65.1781997680664,67.06112670898438,63.94705581665039,66.40933990478516,18641,0.0,0.0
2022-06-21 00:00:00+08:00,64.52642059326172,66.48176574707031,64.16431427001953,66.40933990478516,13117,0.0,0.0
2022-06-22 00:00:00+08:00,64.16431427001953,66.2645034790039,60.832984924316406,66.40933990478516,9665,0.0,0.0
2022-06-23 00:00:00+08:00,64.16431427001953,64.59883880615234,61.12266540527344,64.16431427001953,11046,0.0,0.0
2022-06-24 00:00:00+08:00,62.20896911621094,64.16431427001953,61.84687042236328,63.729793548583984,9665,0.0,0.0
2022-06-27 00:00:00+08:00,63.58495330810547,64.7436752319336,62.28139114379883,64.0918960571289,29687,0.0,0.0
2022-06-28 00:00:00+08:00,62.28139114379883,65.39546203613281,62.28139114379883,65.32303619384766,6213,0.0,0.0
2022-06-29 00:00:00+08:00,65.90240478515625,65.90240478515625,65.03335571289062,65.03335571289062,2071,0.0,0.0
2022-06-30 00:00:00+08:00,66.0472412109375,66.0472412109375,65.32303619384766,65.75756072998047,4832,0.0,0.0
2022-07-01 00:00:00+08:00,67.133544921875,67.133544921875,62.426231384277344,65.68514251708984,13808,0.0,0.0
2022-07-04 00:00:00+08:00,65.54029846191406,65.54029846191406,62.426231384277344,64.59883880615234,3452,0.0,0.0
2022-07-05 00:00:00+08:00,64.01947784423828,64.01947784423828,62.57107162475586,63.8746337890625,2761,0.0,0.0
2022-07-06 00:00:00+08:00,63.8746337890625,63.8746337890625,59.38458251953125,62.93317413330078,13808,0.0,0.0
2022-07-07 00:00:00+08:00,67.71290588378906,67.71290588378906,59.457000732421875,60.9054069519043,6213,0.0,0.0
2022-07-08 00:00:00+08:00,62.86075210571289,62.86075210571289,62.86075210571289,62.86075210571289,690,0.0,0.0
2022-07-11 00:00:00+08:00,60.97782516479492,62.86075210571289,60.97782516479492,62.57107162475586,5523,0.0,0.0
2022-07-12 00:00:00+08:00,60.832984924316406,62.49864959716797,60.832984924316406,62.426231384277344,3452,0.0,0.0
2022-07-13 00:00:00+08:00,60.832984924316406,62.426231384277344,60.76056671142578,62.426231384277344,16569,0.0,0.0
2022-07-14 00:00:00+08:00,60.832984924316406,62.20896911621094,59.8191032409668,61.84687042236328,16569,0.0,0.0
2022-07-15 00:00:00+08:00,63.44011306762695,65.03335571289062,63.44011306762695,65.03335571289062,4142,0.0,0.0
2022-07-18 00:00:00+08:00,63.44011306762695,64.9609375,63.29527282714844,68.4371109008789,11737,0.0,0.0
2022-07-19 00:00:00+08:00,66.69902038574219,66.69902038574219,66.69902038574219,66.69902038574219,690,0.0,0.0
2022-07-20 00:00:00+08:00,66.98870849609375,66.98870849609375,63.8746337890625,65.25061798095703,6904,0.0,0.0
2022-07-21 00:00:00+08:00,66.69902038574219,67.64048767089844,63.94705581665039,58.7327995300293,11046,0.0,0.0
2022-07-22 00:00:00+08:00,66.40933990478516,66.48176574707031,64.52642059326172,67.78532409667969,6904,0.0,0.0
2022-07-25 00:00:00+08:00,66.33692169189453,68.2198486328125,66.33692169189453,67.64048767089844,6213,0.0,0.0
2022-07-26 00:00:00+08:00,61.77444839477539,66.48176574707031,61.77444839477539,65.75756072998047,45567,0.0,0.0
2022-07-27 00:00:00+08:00,65.68514251708984,66.19208526611328,63.802215576171875,65.61272430419922,53161,0.0,0.0
2022-07-28 00:00:00+08:00,65.46788024902344,65.54029846191406,65.46788024902344,65.54029846191406,1380,0.0,0.0
2022-07-29 00:00:00+08:00,65.54029846191406,65.54029846191406,63.729793548583984,64.16431427001953,4832,0.0,0.0
2022-08-01 00:00:00+08:00,64.23674011230469,65.03335571289062,64.23674011230469,64.9609375,4142,0.0,0.0
2022-08-02 00:00:00+08:00,65.61272430419922,65.61272430419922,63.729793548583984,64.45399475097656,6213,0.0,0.0
2022-08-03 00:00:00+08:00,64.81610107421875,64.81610107421875,61.84687042236328,63.729793548583984,6213,0.0,0.0
2022-08-04 00:00:00+08:00,65.1781997680664,66.0472412109375,63.729793548583984,65.39546203613281,11737,0.0,0.0
2022-08-05 00:00:00+08:00,65.68514251708984,65.68514251708984,63.729793548583984,65.54029846191406,4832,0.0,0.0
2022-08-08 00:00:00+08:00,63.44011306762695,64.16431427001953,63.44011306762695,64.01947784423828,2071,0.0,0.0
2022-08-09 00:00:00+08:00,64.23674011230469,64.23674011230469,63.729793548583984,63.729793548583984,6904,0.0,0.0
2022-08-10 00:00:00+08:00,63.729793548583984,66.98870849609375,63.729793548583984,65.68514251708984,8975,0.0,0.0
2022-08-11 00:00:00+08:00,63.729793548583984,64.7436752319336,63.29527282714844,64.52642059326172,15879,0.0,0.0
2022-08-12 00:00:00+08:00,65.10578155517578,65.10578155517578,63.729793548583984,63.8746337890625,16569,0.0,0.0
2022-08-15 00:00:00+08:00,64.7436752319336,64.7436752319336,63.29527282714844,64.16431427001953,10356,0.0,0.0
2022-08-16 00:00:00+08:00,64.01947784423828,64.16431427001953,64.01947784423828,64.16431427001953,3452,0.0,0.0
2022-08-17 00:00:00+08:00,64.16431427001953,66.33692169189453,64.16431427001953,66.11965942382812,26235,0.0,0.0
2022-08-18 00:00:00+08:00,65.1781997680664,65.1781997680664,64.88851928710938,64.88851928710938,2761,0.0,0.0
2022-08-19 00:00:00+08:00,64.88851928710938,65.75756072998047,64.88851928710938,65.46788024902344,4832,0.0,0.0
2022-08-22 00:00:00+08:00,64.7436752319336,65.54029846191406,64.59883880615234,65.54029846191406,6904,0.0,0.0
2022-08-23 00:00:00+08:00,65.32303619384766,65.32303619384766,65.1781997680664,65.1781997680664,42115,0.0,0.0
2022-08-24 00:00:00+08:00,65.32303619384766,66.33692169189453,64.01947784423828,65.61272430419922,44186,0.0,0.0
2022-08-25 00:00:00+08:00,65.39546203613281,65.39546203613281,65.39546203613281,65.39546203613281,2071,0.0,0.0
2022-08-26 00:00:00+08:00,65.8299789428711,65.8299789428711,64.88851928710938,65.90240478515625,15879,0.0,0.0
2022-08-29 00:00:00+08:00,65.32303619384766,65.39546203613281,65.32303619384766,65.39546203613281,1380,0.0,0.0
2022-08-30 00:00:00+08:00,67.3508071899414,67.3508071899414,65.03335571289062,65.03335571289062,24164,0.0,0.0
2022-08-31 00:00:00+08:00,65.46788024902344,65.46788024902344,65.32303619384766,65.46788024902344,12427,0.0,0.0
2022-09-01 00:00:00+08:00,65.32303619384766,65.32303619384766,65.1781997680664,65.1781997680664,2071,0.0,0.0
2022-09-02 00:00:00+08:00,63.512535095214844,65.25061798095703,63.22285461425781,67.3508071899414,6213,0.0,0.0
2022-09-05 00:00:00+08:00,67.3508071899414,67.3508071899414,67.3508071899414,67.3508071899414,0,0.0,0.0
2022-09-06 00:00:00+08:00,63.729793548583984,65.1781997680664,63.729793548583984,65.1781997680664,15189,0.0,0.0
2022-09-07 00:00:00+08:00,65.03335571289062,66.19208526611328,65.03335571289062,65.90240478515625,10356,0.0,0.0
2022-09-08 00:00:00+08:00,63.8746337890625,65.61272430419922,63.8746337890625,65.46788024902344,9665,0.0,0.0
2022-09-12 00:00:00+08:00,65.1781997680664,65.32303619384766,65.1781997680664,65.32303619384766,39353,0.0,0.0
2022-09-13 00:00:00+08:00,65.1781997680664,65.1781997680664,64.01947784423828,65.1781997680664,7594,0.0,0.0
2022-09-14 00:00:00+08:00,65.03335571289062,65.10578155517578,64.88851928710938,65.03335571289062,6213,0.0,0.0
2022-09-15 00:00:00+08:00,65.8299789428711,65.8299789428711,64.45399475097656,65.1781997680664,5523,0.0,0.0
2022-09-16 00:00:00+08:00,64.88851928710938,65.10578155517578,64.30915832519531,65.1781997680664,7594,0.0,0.0
2022-09-19 00:00:00+08:00,65.03335571289062,65.03335571289062,64.45399475097656,65.03335571289062,12427,0.0,0.0
2022-09-20 00:00:00+08:00,64.81610107421875,66.33692169189453,64.45399475097656,65.8299789428711,8975,0.0,0.0
2022-09-21 00:00:00+08:00,64.7436752319336,65.10578155517578,64.16431427001953,65.03335571289062,23474,0.0,0.0
2022-09-22 00:00:00+08:00,64.23674011230469,64.7436752319336,63.8746337890625,64.45399475097656,6213,0.0,0.0
2022-09-23 00:00:00+08:00,65.03335571289062,65.03335571289062,63.8746337890625,58.00859832763672,5523,0.0,0.0
2022-09-26 00:00:00+08:00,64.16431427001953,64.30915832519531,63.8746337890625,64.30915832519531,4142,0.0,0.0
2022-09-27 00:00:00+08:00,64.30915832519531,64.30915832519531,64.30915832519531,64.30915832519531,0,0.0,0.0
2022-09-28 00:00:00+08:00,64.30915832519531,64.45399475097656,63.729793548583984,64.16431427001953,8975,0.0,0.0
2022-09-29 00:00:00+08:00,64.38157653808594,64.38157653808594,64.01947784423828,64.38157653808594,4832,0.0,0.0
2022-09-30 00:00:00+08:00,64.38157653808594,67.64048767089844,62.86075210571289,66.48176574707031,15879,0.0,0.0
2022-10-03 00:00:00+08:00,64.45399475097656,65.8299789428711,64.45399475097656,65.90240478515625,49709,0.0,0.0
2022-10-04 00:00:00+08:00,68.36469268798828,68.36469268798828,65.1781997680664,65.8299789428711,8975,0.0,0.0
2022-10-05 00:00:00+08:00,66.11965942382812,66.11965942382812,65.1781997680664,65.32303619384766,18641,0.0,0.0
2022-10-06 00:00:00+08:00,65.90240478515625,65.90240478515625,65.25061798095703,65.8299789428711,4832,0.0,0.0
2022-10-07 00:00:00+08:00,65.1781997680664,65.75756072998047,65.1781997680664,65.46788024902344,7594,0.0,0.0
2022-10-11 00:00:00+08:00,65.1781997680664,65.46788024902344,65.1781997680664,65.32303619384766,31759,0.0,0.0
2022-10-12 00:00:00+08:00,65.25061798095703,65.46788024902344,65.03335571289062,65.39546203613281,33830,0.0,0.0
2022-10-13 00:00:00+08:00,65.39546203613281,65.46788024902344,65.1781997680664,65.32303619384766,25545,0.0,0.0
2022-10-14 00:00:00+08:00,65.8299789428711,65.8299789428711,65.1781997680664,65.1781997680664,26926,0.0,0.0
2022-10-17 00:00:00+08:00,65.1781997680664,65.61272430419922,65.03335571289062,65.46788024902344,35901,0.0,0.0
2022-10-18 00:00:00+08:00,66.19208526611328,66.33692169189453,65.1781997680664,65.46788024902344,79397,0.0,0.0
2022-10-19 00:00:00+08:00,65.46788024902344,65.46788024902344,65.46788024902344,65.46788024902344,0,0.0,0.0
2022-10-20 00:00:00+08:00,65.32303619384766,65.46788024902344,65.32303619384766,65.46788024902344,1380,0.0,0.0
2022-10-21 00:00:00+08:00,65.1781997680664,65.1781997680664,65.1781997680664,65.1781997680664,27616,0.0,0.0
2022-10-24 00:00:00+08:00,64.7436752319336,64.7436752319336,64.7436752319336,64.7436752319336,27616,0.0,0.0
2022-10-25 00:00:00+08:00,64.67125701904297,65.10578155517578,64.67125701904297,65.10578155517578,2071,0.0,0.0
2022-10-26 00:00:00+08:00,62.28139114379883,65.03335571289062,62.28139114379883,65.03335571289062,5523,0.0,0.0
2022-10-27 00:00:00+08:00,60.832984924316406,64.9609375,59.529422760009766,65.1781997680664,14498,0.0,0.0
2022-10-28 00:00:00+08:00,64.0918960571289,64.0918960571289,63.65737533569336,65.10578155517578,4142,0.0,0.0
2022-10-31 00:00:00+08:00,64.23674011230469,64.23674011230469,59.8191032409668,63.729793548583984,8975,0.0,0.0
2022-11-01 00:00:00+08:00,63.729793548583984,64.45399475097656,63.005592346191406,64.16431427001953,4142,0.0,0.0
2022-11-02 00:00:00+08:00,63.729793548583984,64.9609375,63.729793548583984,64.9609375,2071,0.0,0.0
2022-11-03 00:00:00+08:00,64.9609375,64.9609375,63.729793548583984,64.9609375,29687,0.0,0.0
2022-11-04 00:00:00+08:00,63.729793548583984,64.45399475097656,63.729793548583984,64.45399475097656,385251,0.0,0.0
2022-11-07 00:00:00+08:00,65.03335571289062,65.03335571289062,63.729793548583984,63.729793548583984,1380,0.0,0.0
2022-11-08 00:00:00+08:00,63.15043258666992,65.03335571289062,63.15043258666992,63.729793548583984,2071,0.0,0.0
2022-11-09 00:00:00+08:00,65.10578155517578,65.10578155517578,63.729793548583984,64.23674011230469,29687,0.0,0.0
2022-11-10 00:00:00+08:00,59.67426300048828,64.0918960571289,59.60184097290039,64.0918960571289,4832,0.0,0.0
2022-11-11 00:00:00+08:00,63.729793548583984,64.45399475097656,62.28139114379883,64.45399475097656,35211,0.0,0.0
2022-11-14 00:00:00+08:00,64.01947784423828,64.45399475097656,64.01947784423828,64.45399475097656,3452,0.0,0.0
2022-11-15 00:00:00+08:00,63.729793548583984,64.45399475097656,63.729793548583984,65.1781997680664,29687,0.0,0.0
2022-11-16 00:00:00+08:00,64.23674011230469,64.23674011230469,62.49864959716797,57.356815338134766,2071,0.0,0.0
2022-11-17 00:00:00+08:00,57.356815338134766,57.356815338134766,57.356815338134766,57.356815338134766,0,0.0,0.0
2022-11-18 00:00:00+08:00,63.15043258666992,63.15043258666992,63.15043258666992,63.15043258666992,1380,0.0,0.0
2022-11-21 00:00:00+08:00,63.005592346191406,64.23674011230469,62.28139114379883,65.1781997680664,7594,0.0,0.0
2022-11-22 00:00:00+08:00,62.28139114379883,63.0780143737793,62.28139114379883,57.356815338134766,4832,0.0,0.0
2022-11-23 00:00:00+08:00,62.28139114379883,62.28139114379883,62.28139114379883,62.28139114379883,690,0.0,0.0
2022-11-24 00:00:00+08:00,60.832984924316406,61.84687042236328,60.18120574951172,58.660377502441406,11737,0.0,0.0
2022-11-25 00:00:00+08:00,58.660377502441406,58.660377502441406,58.660377502441406,58.660377502441406,0,0.0,0.0
2022-11-28 00:00:00+08:00,58.37070083618164,65.8299789428711,58.37070083618164,59.38458251953125,70422,0.0,0.0
2022-11-29 00:00:00+08:00,60.832984924316406,64.38157653808594,60.832984924316406,62.715911865234375,44186,0.0,0.0
2022-11-30 00:00:00+08:00,62.28139114379883,62.28139114379883,60.832984924316406,57.93617630004883,26926,0.0,0.0
2022-12-01 00:00:00+08:00,62.28139114379883,62.28139114379883,62.28139114379883,62.28139114379883,690,0.0,0.0
2022-12-02 00:00:00+08:00,63.005592346191406,63.58495330810547,63.005592346191406,63.005592346191406,2071,0.0,0.0
2022-12-05 00:00:00+08:00,60.832984924316406,60.832984924316406,59.38458251953125,60.832984924316406,15189,0.0,0.0
2022-12-06 00:00:00+08:00,60.832984924316406,60.832984924316406,60.832984924316406,60.832984924316406,0,0.0,0.0
2022-12-07 00:00:00+08:00,60.832984924316406,60.832984924316406,60.832984924316406,60.832984924316406,2071,0.0,0.0
2022-12-08 00:00:00+08:00,60.832984924316406,60.832984924316406,60.832984924316406,60.832984924316406,0,0.0,0.0
2022-12-09 00:00:00+08:00,58.153438568115234,61.05024719238281,57.93617630004883,58.153438568115234,10356,0.0,0.0
2022-12-12 00:00:00+08:00,58.153438568115234,58.22585678100586,57.8637580871582,58.00859832763672,5523,0.0,0.0
2022-12-13 00:00:00+08:00,59.529422760009766,61.412349700927734,59.529422760009766,61.412349700927734,2071,0.0,0.0
2022-12-14 00:00:00+08:00,57.93617630004883,59.31216049194336,57.356815338134766,59.31216049194336,8975,0.0,0.0
2022-12-15 00:00:00+08:00,58.081016540527344,58.153438568115234,58.081016540527344,57.429237365722656,2761,0.0,0.0
2022-12-16 00:00:00+08:00,57.50165557861328,57.6464958190918,57.21197509765625,57.21197509765625,6904,0.0,0.0
2022-12-19 00:00:00+08:00,57.21197509765625,57.21197509765625,57.21197509765625,57.21197509765625,1380,0.0,0.0
2022-12-20 00:00:00+08:00,57.21197509765625,58.51553726196289,56.92229461669922,56.92229461669922,2761,0.0,0.0
2022-12-21 00:00:00+08:00,58.9500617980957,58.9500617980957,58.51553726196289,58.51553726196289,1380,0.0,0.0
2022-12-22 00:00:00+08:00,58.51553726196289,58.51553726196289,58.51553726196289,58.51553726196289,0,0.0,0.0
2022-12-23 00:00:00+08:00,59.8191032409668,59.8191032409668,57.93617630004883,57.93617630004883,1380,0.0,0.0
2022-12-26 00:00:00+08:00,57.93617630004883,57.93617630004883,57.93617630004883,57.93617630004883,0,0.0,0.0
2022-12-27 00:00:00+08:00,59.239742279052734,60.10878372192383,57.93617630004883,57.93617630004883,2761,0.0,0.0
2022-12-28 00:00:00+08:00,57.93617630004883,57.93617630004883,57.93617630004883,57.93617630004883,0,0.0,0.0
2022-12-29 00:00:00+08:00,57.93617630004883,57.93617630004883,57.93617630004883,57.93617630004883,690,0.0,0.0
2022-12-30 00:00:00+08:00,57.93617630004883,57.93617630004883,57.93617630004883,57.93617630004883,0,0.0,0.0
2023-01-03 00:00:00+08:00,56.05324935913086,56.5601921081543,55.763572692871094,56.5601921081543,7594,0.0,0.0
2023-01-04 00:00:00+08:00,58.80522155761719,58.80522155761719,56.05324935913086,56.270511627197266,2761,0.0,0.0
2023-01-05 00:00:00+08:00,56.48777389526367,57.21197509765625,56.48777389526367,56.84987258911133,36591,0.0,0.0
2023-01-06 00:00:00+08:00,55.763572692871094,57.429237365722656,55.763572692871094,57.429237365722656,3452,0.0,0.0
2023-01-09 00:00:00+08:00,55.763572692871094,57.93617630004883,55.763572692871094,57.93617630004883,5523,0.0,0.0
2023-01-10 00:00:00+08:00,55.184207916259766,57.8637580871582,55.03936767578125,57.8637580871582,2071,0.0,0.0
2023-01-11 00:00:00+08:00,57.93617630004883,60.832984924316406,57.8637580871582,60.543304443359375,11046,0.0,0.0
2023-01-12 00:00:00+08:00,60.543304443359375,60.543304443359375,60.543304443359375,60.543304443359375,0,0.0,0.0
2023-01-13 00:00:00+08:00,55.980831146240234,59.167320251464844,55.763572692871094,59.167320251464844,15189,0.0,0.0
2023-01-16 00:00:00+08:00,56.05324935913086,56.92229461669922,53.590965270996094,55.908409118652344,37972,0.0,0.0
2023-01-17 00:00:00+08:00,57.57407760620117,57.57407760620117,57.50165557861328,57.50165557861328,1380,0.0,0.0
2023-01-30 00:00:00+08:00,54.74968719482422,56.12567138671875,52.57707977294922,56.12567138671875,40734,0.0,0.0
2023-01-31 00:00:00+08:00,55.4738883972168,55.980831146240234,55.4738883972168,55.980831146240234,8975,0.0,0.0
2023-02-01 00:00:00+08:00,54.31516647338867,55.54631042480469,53.44612121582031,55.54631042480469,13117,0.0,0.0
2023-02-02 00:00:00+08:00,53.37370300292969,54.82210922241211,53.30128479003906,54.46000671386719,25545,0.0,0.0
2023-02-03 00:00:00+08:00,53.011600494384766,53.590965270996094,52.86676025390625,53.44612121582031,22783,0.0,0.0
2023-02-06 00:00:00+08:00,54.24274444580078,54.24274444580078,52.721920013427734,49.245750427246094,15189,0.0,0.0
2023-02-07 00:00:00+08:00,53.590965270996094,53.590965270996094,52.57707977294922,53.15644454956055,44876,0.0,0.0
2023-02-08 00:00:00+08:00,52.4322395324707,53.15644454956055,52.4322395324707,53.15644454956055,1380,0.0,0.0
2023-02-09 00:00:00+08:00,54.3875846862793,54.3875846862793,53.880645751953125,53.880645751953125,15879,0.0,0.0
2023-02-10 00:00:00+08:00,53.590965270996094,53.590965270996094,52.07014083862305,52.07014083862305,22783,0.0,0.0
2023-02-13 00:00:00+08:00,53.15644454956055,53.22886276245117,53.15644454956055,53.15644454956055,11046,0.0,0.0
2023-02-14 00:00:00+08:00,54.02548599243164,54.02548599243164,53.5185432434082,51.56319808959961,11737,0.0,0.0
2023-02-15 00:00:00+08:00,52.14255905151367,52.86676025390625,51.635616302490234,50.694156646728516,17260,0.0,0.0
2023-02-16 00:00:00+08:00,50.98383712768555,52.07014083862305,49.245750427246094,51.418357849121094,12427,0.0,0.0
2023-02-17 00:00:00+08:00,51.3459358215332,51.3459358215332,50.694156646728516,51.27351760864258,4142,0.0,0.0
2023-02-20 00:00:00+08:00,51.27351760864258,52.4322395324707,50.694156646728516,50.694156646728516,7594,0.0,0.0
2023-02-21 00:00:00+08:00,49.535430908203125,51.20109558105469,49.535430908203125,50.40447235107422,4142,0.0,0.0
2023-02-22 00:00:00+08:00,51.92530059814453,51.92530059814453,49.318172454833984,51.635616302490234,6904,0.0,0.0
2023-02-23 00:00:00+08:00,49.96995162963867,51.85287857055664,49.89753341674805,51.708038330078125,24854,0.0,0.0
2023-02-24 00:00:00+08:00,50.2596321105957,51.12867736816406,49.68027114868164,50.694156646728516,10356,0.0,0.0
2023-03-01 00:00:00+08:00,50.694156646728516,50.694156646728516,49.96995162963867,50.54931640625,15879,0.0,0.0
2023-03-02 00:00:00+08:00,50.2596321105957,50.2596321105957,48.738807678222656,48.738807678222656,9665,0.0,0.0
2023-03-03 00:00:00+08:00,51.997718811035156,51.997718811035156,50.98383712768555,51.56319808959961,13117,0.0,0.0
2023-03-06 00:00:00+08:00,51.56319808959961,51.56319808959961,51.56319808959961,51.56319808959961,0,0.0,0.0
2023-03-07 00:00:00+08:00,51.418357849121094,53.011600494384766,51.418357849121094,51.418357849121094,6213,0.0,0.0
2023-03-08 00:00:00+08:00,51.997718811035156,52.21498107910156,51.997718811035156,52.14255905151367,4832,0.0,0.0
2023-03-09 00:00:00+08:00,52.14255905151367,53.15644454956055,51.12867736816406,52.504661560058594,6904,0.0,0.0
2023-03-10 00:00:00+08:00,52.504661560058594,52.504661560058594,52.504661560058594,52.504661560058594,0,0.0,0.0
2023-03-13 00:00:00+08:00,52.794342041015625,52.794342041015625,52.794342041015625,52.794342041015625,1380,0.0,0.0
2023-03-14 00:00:00+08:00,53.15644454956055,53.15644454956055,52.794342041015625,52.86676025390625,2071,0.0,0.0
2023-03-15 00:00:00+08:00,50.694156646728516,52.35982131958008,49.75269317626953,51.27351760864258,21402,0.0,0.0
2023-03-16 00:00:00+08:00,50.76657485961914,50.76657485961914,50.76657485961914,50.76657485961914,690,0.0,0.0
2023-03-17 00:00:00+08:00,50.98383712768555,51.27351760864258,50.98383712768555,51.27351760864258,6213,0.0,0.0
2023-03-20 00:00:00+08:00,49.245750427246094,51.20109558105469,49.245750427246094,51.20109558105469,11046,0.0,0.0
2023-03-21 00:00:00+08:00,51.20109558105469,51.20109558105469,51.20109558105469,51.20109558105469,690,0.0,0.0
2023-03-22 00:00:00+08:00,53.011600494384766,53.011600494384766,52.07014083862305,52.07014083862305,3452,0.0,0.0
2023-03-23 00:00:00+08:00,53.30128479003906,53.30128479003906,52.721920013427734,52.721920013427734,1380,0.0,0.0
2023-03-24 00:00:00+08:00,52.721920013427734,52.721920013427734,52.721920013427734,52.721920013427734,0,0.0,0.0
2023-03-27 00:00:00+08:00,52.14255905151367,52.64950180053711,52.14255905151367,52.64950180053711,9665,0.0,0.0
2023-03-28 00:00:00+08:00,52.57707977294922,52.57707977294922,52.28739929199219,52.28739929199219,1380,0.0,0.0
2023-03-29 00:00:00+08:00,50.83899688720703,51.418357849121094,50.83899688720703,51.418357849121094,2071,0.0,0.0
2023-03-30 00:00:00+08:00,52.28739929199219,52.28739929199219,49.535430908203125,51.56319808959961,7594,0.0,0.0
2023-03-31 00:00:00+08:00,52.504661560058594,52.504661560058594,49.245750427246094,49.39059066772461,385251,0.0,0.0
2023-04-06 00:00:00+08:00,50.54931640625,50.621734619140625,47.79734420776367,49.607852935791016,22783,0.0,0.0
2023-04-07 00:00:00+08:00,49.02848815917969,49.10091018676758,47.79734420776367,47.79734420776367,25545,0.0,0.0
2023-04-10 00:00:00+08:00,48.66638946533203,48.66638946533203,47.79734420776367,47.86976623535156,3452,0.0,0.0
2023-04-11 00:00:00+08:00,46.78346252441406,46.78346252441406,46.13167953491211,46.13167953491211,15879,0.0,0.0
2023-04-12 00:00:00+08:00,46.78346252441406,47.79734420776367,46.348941802978516,46.348941802978516,75945,0.0,0.0
2023-04-13 00:00:00+08:00,45.91442108154297,46.78346252441406,43.45213317871094,43.45213317871094,74564,0.0,0.0
2023-04-14 00:00:00+08:00,44.32117462158203,44.32117462158203,39.10691833496094,42.72793197631836,122893,0.0,0.0
2023-04-17 00:00:00+08:00,42.583091735839844,42.583091735839844,40.917423248291016,42.003726959228516,82849,0.0,0.0
2023-04-18 00:00:00+08:00,41.27952575683594,42.800350189208984,41.27952575683594,42.800350189208984,10356,0.0,0.0
2023-04-19 00:00:00+08:00,43.45213317871094,44.031494140625,42.72793197631836,43.74181365966797,23474,0.0,0.0
2023-04-20 00:00:00+08:00,43.886653900146484,44.900535583496094,43.74181365966797,44.900535583496094,6904,0.0,0.0
2023-04-21 00:00:00+08:00,45.62474060058594,45.62474060058594,44.176334381103516,45.47990036010742,6904,0.0,0.0
2023-04-24 00:00:00+08:00,45.47990036010742,46.059261322021484,45.47990036010742,45.986839294433594,2761,0.0,0.0
2023-04-25 00:00:00+08:00,45.045379638671875,45.84199905395508,44.61085510253906,45.84199905395508,6904,0.0,0.0
2023-04-26 00:00:00+08:00,44.176334381103516,44.900535583496094,41.56920623779297,44.900535583496094,24854,0.0,0.0
2023-04-27 00:00:00+08:00,44.82811737060547,44.82811737060547,44.82811737060547,44.82811737060547,690,0.0,0.0
2023-04-28 00:00:00+08:00,43.45213317871094,44.75569534301758,43.45213317871094,44.75569534301758,1380,0.0,0.0
2023-05-02 00:00:00+08:00,44.61085510253906,44.61085510253906,44.61085510253906,44.61085510253906,690,0.0,0.0
2023-05-03 00:00:00+08:00,44.61085510253906,44.61085510253906,44.61085510253906,44.61085510253906,0,0.0,0.0
2023-05-04 00:00:00+08:00,43.45213317871094,44.53843688964844,43.45213317871094,44.53843688964844,1380,0.0,0.0
2023-05-05 00:00:00+08:00,44.176334381103516,44.176334381103516,44.176334381103516,44.176334381103516,2071,0.0,0.0
2023-05-08 00:00:00+08:00,44.176334381103516,44.176334381103516,44.176334381103516,44.176334381103516,0,0.0,0.0
2023-05-09 00:00:00+08:00,44.10391616821289,44.10391616821289,44.10391616821289,44.10391616821289,3452,0.0,0.0
2023-05-10 00:00:00+08:00,44.61085510253906,44.61085510253906,41.714046478271484,44.176334381103516,7594,0.0,0.0
2023-05-11 00:00:00+08:00,44.900535583496094,44.900535583496094,43.886653900146484,44.176334381103516,6213,0.0,0.0
2023-05-12 00:00:00+08:00,44.176334381103516,44.176334381103516,44.176334381103516,44.176334381103516,0,0.0,0.0
2023-05-15 00:00:00+08:00,44.32117462158203,44.32117462158203,44.32117462158203,44.32117462158203,690,0.0,0.0
2023-05-16 00:00:00+08:00,41.56920623779297,44.68327713012695,41.56920623779297,43.45213317871094,6904,0.0,0.0
2023-05-17 00:00:00+08:00,43.37971115112305,43.37971115112305,43.37971115112305,40.55532455444336,690,0.0,0.0
2023-05-18 00:00:00+08:00,43.37971115112305,43.37971115112305,43.37971115112305,43.37971115112305,690,0.0,0.0
2023-05-19 00:00:00+08:00,43.37971115112305,43.37971115112305,43.37971115112305,43.37971115112305,0,0.0,0.0
2023-05-22 00:00:00+08:00,43.37971115112305,43.37971115112305,43.37971115112305,43.37971115112305,0,0.0,0.0
2023-05-23 00:00:00+08:00,42.003726959228516,43.74181365966797,42.003726959228516,43.74181365966797,1380,0.0,0.0
2023-05-24 00:00:00+08:00,42.003726959228516,42.43825149536133,42.003726959228516,42.003726959228516,3452,0.0,0.0
2023-05-25 00:00:00+08:00,42.003726959228516,42.003726959228516,42.003726959228516,42.003726959228516,8284,0.0,0.0
2023-05-26 00:00:00+08:00,44.75569534301758,44.75569534301758,44.75569534301758,41.56920623779297,690,0.0,0.0
2023-05-29 00:00:00+08:00,41.56920623779297,41.56920623779297,41.56920623779297,41.56920623779297,0,0.0,0.0
2023-05-30 00:00:00+08:00,41.56920623779297,41.56920623779297,41.56920623779297,41.56920623779297,0,0.0,0.0
2023-05-31 00:00:00+08:00,41.56920623779297,41.56920623779297,41.56920623779297,41.56920623779297,0,0.0,0.0
2023-06-01 00:00:00+08:00,41.56920623779297,42.003726959228516,41.35194778442383,42.003726959228516,7594,0.0,0.0
2023-06-02 00:00:00+08:00,42.003726959228516,42.003726959228516,42.003726959228516,42.003726959228516,0,0.0,0.0
2023-06-05 00:00:00+08:00,42.003726959228516,42.003726959228516,41.27952575683594,41.27952575683594,3452,0.0,0.0
2023-06-06 00:00:00+08:00,41.27952575683594,42.72793197631836,41.27952575683594,42.583091735839844,4142,0.0,0.0
2023-06-07 00:00:00+08:00,43.01761245727539,43.01761245727539,42.583091735839844,42.583091735839844,1380,0.0,0.0
2023-06-08 00:00:00+08:00,42.583091735839844,43.30729293823242,42.583091735839844,43.30729293823242,8975,0.0,0.0
2023-06-09 00:00:00+08:00,43.886653900146484,44.972957611083984,42.583091735839844,42.583091735839844,12427,0.0,0.0
2023-06-12 00:00:00+08:00,41.56920623779297,43.30729293823242,39.83112335205078,41.496788024902344,25545,0.0,0.0
2023-06-13 00:00:00+08:00,41.496788024902344,41.56920623779297,41.496788024902344,39.10691833496094,7594,0.0,0.0
2023-06-14 00:00:00+08:00,39.83112335205078,41.496788024902344,39.54144287109375,41.496788024902344,3452,0.0,0.0
2023-06-15 00:00:00+08:00,40.55532455444336,40.55532455444336,39.10691833496094,39.83112335205078,39353,0.0,0.0
2023-06-16 00:00:00+08:00,39.83112335205078,39.83112335205078,38.599979400634766,38.599979400634766,17950,0.0,0.0
2023-06-19 00:00:00+08:00,38.38271713256836,39.46902084350586,36.49979019165039,39.39659881591797,24854,0.0,0.0
2023-06-20 00:00:00+08:00,37.223995208740234,38.527557373046875,37.223995208740234,38.527557373046875,4142,0.0,0.0
2023-06-21 00:00:00+08:00,38.237876892089844,38.237876892089844,37.151573181152344,37.151573181152344,4832,0.0,0.0
2023-06-26 00:00:00+08:00,37.151573181152344,37.151573181152344,36.86189270019531,36.86189270019531,8975,0.0,0.0
2023-06-27 00:00:00+08:00,36.644630432128906,36.86189270019531,36.49979019165039,35.48590850830078,9665,0.0,0.0
2023-06-28 00:00:00+08:00,36.86189270019531,36.86189270019531,36.86189270019531,36.86189270019531,5523,0.0,0.0
2023-06-29 00:00:00+08:00,36.78947067260742,36.86189270019531,36.21010971069336,36.86189270019531,8975,0.0,0.0
2023-06-30 00:00:00+08:00,36.7170524597168,36.78947067260742,36.21010971069336,36.78947067260742,8284,0.0,0.0
2023-07-03 00:00:00+08:00,36.78947067260742,36.78947067260742,36.7170524597168,36.7170524597168,11737,0.0,0.0
2023-07-04 00:00:00+08:00,36.137691497802734,36.21010971069336,34.83412551879883,35.41348648071289,45567,0.0,0.0
2023-07-05 00:00:00+08:00,35.341068267822266,35.341068267822266,34.68928527832031,34.7617073059082,37282,0.0,0.0
2023-07-06 00:00:00+08:00,36.065269470214844,36.137691497802734,35.051387786865234,35.48590850830078,55923,0.0,0.0
2023-07-07 00:00:00+08:00,35.268646240234375,35.268646240234375,33.09604263305664,33.6754035949707,38663,0.0,0.0
2023-07-10 00:00:00+08:00,33.09604263305664,34.90654754638672,32.878780364990234,33.60298156738281,69731,0.0,0.0
2023-07-11 00:00:00+08:00,33.60298156738281,33.60298156738281,31.502796173095703,31.93731689453125,65589,0.0,0.0
2023-07-12 00:00:00+08:00,32.00973892211914,33.09604263305664,30.054391860961914,30.923433303833008,95277,0.0,0.0
2023-07-13 00:00:00+08:00,30.56133270263672,30.923433303833008,27.881784439086914,28.31630516052246,155343,0.0,0.0
2023-07-14 00:00:00+08:00,28.31630516052246,28.31630516052246,27.519683837890625,27.954204559326172,27616,0.0,0.0
2023-07-17 00:00:00+08:00,29.185348510742188,29.185348510742188,26.505800247192383,28.533567428588867,60066,0.0,0.0
2023-07-18 00:00:00+08:00,27.809364318847656,28.243886947631836,25.12981605529785,25.998859405517578,80778,0.0,0.0
2023-07-19 00:00:00+08:00,24.695295333862305,25.491918563842773,23.46415138244629,23.46415138244629,193316,0.0,0.0
2023-07-20 00:00:00+08:00,21.72606658935547,21.72606658935547,21.146703720092773,21.146703720092773,689034,0.0,0.0
2023-07-21 00:00:00+08:00,19.98798179626465,19.98798179626465,19.046518325805664,19.046518325805664,253382,0.0,0.0
2023-07-24 00:00:00+08:00,17.45327377319336,17.670534133911133,17.163591384887695,17.163591384887695,204362,0.0,0.0
2023-07-25 00:00:00+08:00,15.497926712036133,15.497926712036133,15.497926712036133,15.497926712036133,176746,0.0,0.0
2023-07-26 00:00:00+08:00,13.948134422302246,17.01875114440918,13.948134422302246,16.946331024169922,700080,0.0,0.0
2023-07-27 00:00:00+08:00,15.28066635131836,16.439390182495117,15.28066635131836,16.149709701538086,430818,0.0,0.0
2023-07-28 00:00:00+08:00,16.077289581298828,16.077289581298828,14.701305389404297,15.135826110839844,192625,0.0,0.0
2023-07-31 00:00:00+08:00,15.135826110839844,15.208246231079102,14.628884315490723,14.773724555969238,86301,0.0,0.0
2023-08-01 00:00:00+08:00,14.628884315490723,14.773724555969238,14.556464195251465,15.353087425231934,53161,0.0,0.0
2023-08-02 00:00:00+08:00,14.484044075012207,16.00486946105957,14.484044075012207,15.78760814666748,104943,0.0,0.0
2023-08-04 00:00:00+08:00,15.425506591796875,16.222129821777344,15.208246231079102,15.932448387145996,46948,0.0,0.0
2023-08-07 00:00:00+08:00,16.2945499420166,16.439390182495117,16.00486946105957,16.222129821777344,59375,0.0,0.0
2023-08-08 00:00:00+08:00,15.932448387145996,16.2945499420166,15.932448387145996,16.077289581298828,24854,0.0,0.0
2023-08-09 00:00:00+08:00,16.077289581298828,16.222129821777344,16.077289581298828,16.149709701538086,20022,0.0,0.0
2023-08-10 00:00:00+08:00,16.149709701538086,16.946331024169922,16.077289581298828,16.946331024169922,62137,0.0,0.0
2023-08-11 00:00:00+08:00,17.3808536529541,18.611997604370117,17.236011505126953,18.611997604370117,185031,0.0,0.0
2023-08-14 00:00:00+08:00,20.422502517700195,20.422502517700195,19.48103904724121,20.422502517700195,519882,0.0,0.0
2023-08-15 00:00:00+08:00,20.56734275817871,22.450267791748047,20.56734275817871,22.450267791748047,358325,0.0,0.0
2023-08-16 00:00:00+08:00,23.971092224121094,24.695295333862305,23.246891021728516,24.695295333862305,244406,0.0,0.0
2023-08-17 00:00:00+08:00,27.157583236694336,27.157583236694336,22.595109939575195,23.608991622924805,923084,0.0,0.0
2023-08-18 00:00:00+08:00,23.10205078125,23.10205078125,21.291545867919922,21.363964080810547,144296,0.0,0.0
2023-08-21 00:00:00+08:00,21.363964080810547,21.363964080810547,19.336198806762695,20.060401916503906,90444,0.0,0.0
2023-08-22 00:00:00+08:00,19.263778686523438,21.291545867919922,18.974098205566406,20.20524024963379,92515,0.0,0.0
2023-08-23 00:00:00+08:00,19.625879287719727,20.857023239135742,19.625879287719727,20.712182998657227,33830,0.0,0.0
2023-08-24 00:00:00+08:00,20.712182998657227,20.857023239135742,19.408618927001953,19.48103904724121,47638,0.0,0.0
2023-08-25 00:00:00+08:00,19.48103904724121,20.20524024963379,19.48103904724121,19.48103904724121,68351,0.0,0.0
2023-08-28 00:00:00+08:00,19.48103904724121,20.060401916503906,19.48103904724121,19.625879287719727,31068,0.0,0.0
2023-08-29 00:00:00+08:00,19.8431396484375,21.581226348876953,19.8431396484375,20.422502517700195,93206,0.0,0.0
2023-08-30 00:00:00+08:00,20.56734275817871,21.72606658935547,20.56734275817871,20.784603118896484,50400,0.0,0.0
2023-08-31 00:00:00+08:00,20.784603118896484,21.798486709594727,20.784603118896484,21.72606658935547,56614,0.0,0.0
2023-09-01 00:00:00+08:00,23.10205078125,23.898672103881836,22.0157470703125,23.898672103881836,164318,0.0,0.0
2023-09-04 00:00:00+08:00,26.28853988647461,26.28853988647461,25.347076416015625,25.92643928527832,588923,0.0,0.0
2023-09-05 00:00:00+08:00,23.608991622924805,25.12981605529785,23.46415138244629,23.75383186340332,266500,0.0,0.0
2023-09-06 00:00:00+08:00,23.75383186340332,25.347076416015625,23.75383186340332,25.057395935058594,94586,0.0,0.0
2023-09-07 00:00:00+08:00,25.057395935058594,25.057395935058594,23.46415138244629,24.1883544921875,75945,0.0,0.0
2023-09-08 00:00:00+08:00,24.405614852905273,24.55045509338379,23.75383186340332,23.75383186340332,27616,0.0,0.0
2023-09-11 00:00:00+08:00,23.898672103881836,23.898672103881836,22.595109939575195,22.66752815246582,75945,0.0,0.0
2023-09-12 00:00:00+08:00,22.66752815246582,22.66752815246582,22.088167190551758,22.37784767150879,47638,0.0,0.0
2023-09-13 00:00:00+08:00,21.870906829833984,21.870906829833984,20.784603118896484,21.001863479614258,113228,0.0,0.0
2023-09-14 00:00:00+08:00,21.001863479614258,23.10205078125,21.001863479614258,23.10205078125,91825,0.0,0.0
2023-09-15 00:00:00+08:00,22.088167190551758,24.333194732666016,21.943326950073242,23.39173126220703,109775,0.0,0.0
2023-09-18 00:00:00+08:00,22.595109939575195,23.39173126220703,22.233007431030273,22.233007431030273,42805,0.0,0.0
2023-09-19 00:00:00+08:00,21.72606658935547,22.739948272705078,21.581226348876953,21.798486709594727,31759,0.0,0.0
2023-09-20 00:00:00+08:00,21.72606658935547,22.37784767150879,21.291545867919922,21.581226348876953,31068,0.0,0.0
2023-09-21 00:00:00+08:00,21.436384201049805,21.72606658935547,21.001863479614258,21.581226348876953,45567,0.0,0.0
2023-09-22 00:00:00+08:00,21.72606658935547,22.450267791748047,21.581226348876953,21.798486709594727,20022,0.0,0.0
2023-09-25 00:00:00+08:00,21.363964080810547,21.870906829833984,21.291545867919922,21.436384201049805,32449,0.0,0.0
2023-09-26 00:00:00+08:00,21.508804321289062,21.508804321289062,21.219125747680664,21.291545867919922,6213,0.0,0.0
2023-09-27 00:00:00+08:00,21.436384201049805,21.436384201049805,21.074283599853516,21.291545867919922,11737,0.0,0.0
2023-09-28 00:00:00+08:00,21.001863479614258,21.291545867919922,20.857023239135742,21.291545867919922,15879,0.0,0.0
2023-10-02 00:00:00+08:00,21.291545867919922,21.65364646911621,19.19135856628418,20.20524024963379,216099,0.0,0.0
2023-10-03 00:00:00+08:00,19.98798179626465,19.98798179626465,19.19135856628418,19.55345916748047,44186,0.0,0.0
2023-10-04 00:00:00+08:00,19.8431396484375,19.8431396484375,19.698299407958984,19.770719528198242,12427,0.0,0.0
2023-10-05 00:00:00+08:00,19.698299407958984,20.20524024963379,19.55345916748047,19.770719528198242,27616,0.0,0.0
2023-10-06 00:00:00+08:00,19.91556167602539,20.350082397460938,19.8431396484375,19.8431396484375,13117,0.0,0.0
2023-10-11 00:00:00+08:00,19.770719528198242,19.770719528198242,18.901676177978516,18.974098205566406,42115,0.0,0.0
2023-10-12 00:00:00+08:00,18.829256057739258,18.829256057739258,18.10505485534668,18.684417724609375,21402,0.0,0.0
2023-10-13 00:00:00+08:00,18.177474975585938,18.177474975585938,17.525693893432617,17.960214614868164,65589,0.0,0.0
2023-10-16 00:00:00+08:00,17.3808536529541,17.887794494628906,17.3808536529541,17.887794494628906,31759,0.0,0.0
2023-10-17 00:00:00+08:00,18.684417724609375,18.684417724609375,17.887794494628906,17.887794494628906,15189,0.0,0.0
2023-10-18 00:00:00+08:00,17.598112106323242,17.598112106323242,17.3808536529541,17.3808536529541,10356,0.0,0.0
2023-10-19 00:00:00+08:00,17.3808536529541,17.3808536529541,17.308433532714844,17.308433532714844,13808,0.0,0.0
2023-10-20 00:00:00+08:00,17.308433532714844,17.308433532714844,16.36697006225586,17.236011505126953,45567,0.0,0.0
2023-10-23 00:00:00+08:00,17.236011505126953,18.46715545654297,17.236011505126953,18.39473533630371,8284,0.0,0.0
2023-10-24 00:00:00+08:00,18.611997604370117,18.684417724609375,18.10505485534668,18.684417724609375,9665,0.0,0.0
2023-10-25 00:00:00+08:00,18.611997604370117,18.684417724609375,18.39473533630371,18.39473533630371,20022,0.0,0.0
2023-10-26 00:00:00+08:00,18.539575576782227,18.539575576782227,18.539575576782227,18.539575576782227,3452,0.0,0.0
2023-10-27 00:00:00+08:00,17.74295425415039,18.10505485534668,17.74295425415039,17.81537437438965,20022,0.0,0.0
2023-10-30 00:00:00+08:00,19.48103904724121,19.55345916748047,18.829256057739258,19.55345916748047,81468,0.0,0.0
2023-10-31 00:00:00+08:00,20.712182998657227,21.508804321289062,19.98798179626465,21.508804321289062,361086,0.0,0.0
2023-11-01 00:00:00+08:00,21.436384201049805,22.0157470703125,20.27766227722168,20.712182998657227,152581,0.0,0.0
2023-11-02 00:00:00+08:00,21.436384201049805,21.870906829833984,21.001863479614258,21.65364646911621,73183,0.0,0.0
2023-11-03 00:00:00+08:00,21.72606658935547,22.522689819335938,21.219125747680664,21.72606658935547,105633,0.0,0.0
2023-11-06 00:00:00+08:00,21.146703720092773,21.581226348876953,20.422502517700195,20.784603118896484,58685,0.0,0.0
2023-11-07 00:00:00+08:00,20.712182998657227,21.291545867919922,20.712182998657227,20.784603118896484,35211,0.0,0.0
2023-11-08 00:00:00+08:00,21.001863479614258,21.001863479614258,19.98798179626465,19.98798179626465,39353,0.0,0.0
2023-11-09 00:00:00+08:00,21.146703720092773,21.146703720092773,20.27766227722168,20.27766227722168,18641,0.0,0.0
2023-11-10 00:00:00+08:00,21.001863479614258,21.001863479614258,19.408618927001953,19.770719528198242,15879,0.0,0.0
2023-11-13 00:00:00+08:00,19.118938446044922,19.408618927001953,18.901676177978516,18.901676177978516,27616,0.0,0.0
2023-11-14 00:00:00+08:00,19.046518325805664,19.55345916748047,18.974098205566406,19.55345916748047,11737,0.0,0.0
2023-11-15 00:00:00+08:00,19.8431396484375,19.8431396484375,18.249895095825195,18.46715545654297,55923,0.0,0.0
2023-11-16 00:00:00+08:00,18.322315216064453,18.829256057739258,18.249895095825195,18.46715545654297,11737,0.0,0.0
2023-11-17 00:00:00+08:00,18.46715545654297,19.19135856628418,18.249895095825195,19.046518325805664,18641,0.0,0.0
2023-11-20 00:00:00+08:00,18.539575576782227,19.046518325805664,18.539575576782227,18.684417724609375,7594,0.0,0.0
2023-11-21 00:00:00+08:00,18.539575576782227,18.829256057739258,18.39473533630371,18.829256057739258,21402,0.0,0.0
2023-11-22 00:00:00+08:00,18.39473533630371,18.684417724609375,18.39473533630371,18.539575576782227,17950,0.0,0.0
2023-11-23 00:00:00+08:00,18.974098205566406,18.974098205566406,18.39473533630371,18.39473533630371,23474,0.0,0.0
2023-11-24 00:00:00+08:00,18.10505485534668,18.249895095825195,18.10505485534668,18.249895095825195,2761,0.0,0.0
2023-11-27 00:00:00+08:00,18.177474975585938,19.118938446044922,18.10505485534668,18.829256057739258,55233,0.0,0.0
2023-11-28 00:00:00+08:00,18.684417724609375,19.046518325805664,18.611997604370117,18.756837844848633,15189,0.0,0.0
2023-11-29 00:00:00+08:00,18.756837844848633,18.901676177978516,18.756837844848633,18.756837844848633,21402,0.0,0.0
2023-11-30 00:00:00+08:00,19.55345916748047,20.56734275817871,19.55345916748047,20.56734275817871,75255,0.0,0.0
2023-12-01 00:00:00+08:00,21.436384201049805,22.595109939575195,21.436384201049805,22.595109939575195,524024,0.0,0.0
2023-12-04 00:00:00+08:00,21.72606658935547,22.66752815246582,20.929443359375,21.146703720092773,327947,0.0,0.0
2023-12-05 00:00:00+08:00,21.146703720092773,21.146703720092773,19.55345916748047,19.98798179626465,111156,0.0,0.0
2023-12-06 00:00:00+08:00,20.20524024963379,21.291545867919922,20.060401916503906,20.350082397460938,73874,0.0,0.0
2023-12-07 00:00:00+08:00,20.422502517700195,22.37784767150879,20.422502517700195,22.37784767150879,167770,0.0,0.0
2023-12-08 00:00:00+08:00,22.595109939575195,23.971092224121094,21.581226348876953,21.581226348876953,135321,0.0,0.0
2023-12-11 00:00:00+08:00,21.581226348876953,21.581226348876953,20.56734275817871,20.857023239135742,38663,0.0,0.0
2023-12-12 00:00:00+08:00,20.857023239135742,21.508804321289062,20.63976287841797,21.074283599853516,21402,0.0,0.0
2023-12-13 00:00:00+08:00,21.72606658935547,21.72606658935547,20.784603118896484,21.001863479614258,20712,0.0,0.0
2023-12-14 00:00:00+08:00,21.291545867919922,21.65364646911621,20.63976287841797,21.146703720092773,54542,0.0,0.0
2023-12-15 00:00:00+08:00,21.291545867919922,21.943326950073242,20.929443359375,21.72606658935547,23474,0.0,0.0
2023-12-18 00:00:00+08:00,21.508804321289062,21.508804321289062,21.146703720092773,21.146703720092773,5523,0.0,0.0
2023-12-19 00:00:00+08:00,21.074283599853516,21.943326950073242,20.63976287841797,21.943326950073242,37972,0.0,0.0
2023-12-20 00:00:00+08:00,21.72606658935547,22.160587310791016,20.712182998657227,22.0157470703125,67660,0.0,0.0
2023-12-21 00:00:00+08:00,21.798486709594727,22.450267791748047,21.581226348876953,21.72606658935547,51090,0.0,0.0
2023-12-22 00:00:00+08:00,22.450267791748047,22.450267791748047,21.581226348876953,22.088167190551758,88373,0.0,0.0
2023-12-25 00:00:00+08:00,22.0157470703125,22.0157470703125,21.436384201049805,21.72606658935547,37282,0.0,0.0
2023-12-26 00:00:00+08:00,22.0157470703125,22.160587310791016,21.436384201049805,21.65364646911621,47638,0.0,0.0
2023-12-27 00:00:00+08:00,21.943326950073242,21.943326950073242,21.508804321289062,21.508804321289062,31759,0.0,0.0
2023-12-28 00:00:00+08:00,21.508804321289062,22.0157470703125,21.508804321289062,22.0157470703125,52471,0.0,0.0
2023-12-29 00:00:00+08:00,22.160587310791016,22.233007431030273,21.798486709594727,22.088167190551758,38663,0.0,0.0
2024-01-02 00:00:00+08:00,21.72606658935547,21.72606658935547,21.581226348876953,21.72606658935547,11046,0.0,0.0
2024-01-03 00:00:00+08:00,21.798486709594727,22.37784767150879,21.72606658935547,22.233007431030273,27616,0.0,0.0
2024-01-04 00:00:00+08:00,22.233007431030273,22.595109939575195,21.943326950073242,21.943326950073242,45567,0.0,0.0
2024-01-05 00:00:00+08:00,22.450267791748047,22.595109939575195,22.0157470703125,22.0157470703125,24854,0.0,0.0
2024-01-08 00:00:00+08:00,23.029630661010742,23.029630661010742,21.943326950073242,21.943326950073242,20022,0.0,0.0
2024-01-09 00:00:00+08:00,21.72606658935547,21.72606658935547,21.581226348876953,21.581226348876953,6904,0.0,0.0
2024-01-10 00:00:00+08:00,21.65364646911621,21.65364646911621,21.146703720092773,21.146703720092773,11737,0.0,0.0
2024-01-11 00:00:00+08:00,21.146703720092773,21.72606658935547,20.784603118896484,21.219125747680664,46257,0.0,0.0
2024-01-12 00:00:00+08:00,21.72606658935547,21.72606658935547,21.001863479614258,21.363964080810547,6213,0.0,0.0
2024-01-15 00:00:00+08:00,21.363964080810547,21.943326950073242,21.291545867919922,21.943326950073242,26235,0.0,0.0
2024-01-16 00:00:00+08:00,22.0157470703125,22.233007431030273,21.798486709594727,21.798486709594727,6213,0.0,0.0
2024-01-17 00:00:00+08:00,21.72606658935547,22.450267791748047,21.72606658935547,21.72606658935547,6904,0.0,0.0
2024-01-18 00:00:00+08:00,21.508804321289062,21.72606658935547,21.074283599853516,21.65364646911621,11737,0.0,0.0
2024-01-19 00:00:00+08:00,21.798486709594727,21.798486709594727,21.219125747680664,21.219125747680664,7594,0.0,0.0
2024-01-22 00:00:00+08:00,21.363964080810547,21.363964080810547,20.712182998657227,20.784603118896484,91825,0.0,0.0
2024-01-23 00:00:00+08:00,21.219125747680664,22.0157470703125,21.219125747680664,21.436384201049805,14498,0.0,0.0
2024-01-24 00:00:00+08:00,21.074283599853516,22.160587310791016,20.712182998657227,21.363964080810547,38663,0.0,0.0
2024-01-25 00:00:00+08:00,21.074283599853516,21.291545867919922,21.001863479614258,21.291545867919922,31068,0.0,0.0
2024-01-26 00:00:00+08:00,21.001863479614258,21.363964080810547,21.001863479614258,21.001863479614258,10356,0.0,0.0
2024-01-29 00:00:00+08:00,21.001863479614258,21.436384201049805,21.001863479614258,21.146703720092773,13117,0.0,0.0
2024-01-30 00:00:00+08:00,21.146703720092773,23.246891021728516,21.146703720092773,23.246891021728516,519191,0.0,0.0
2024-01-31 00:00:00+08:00,22.160587310791016,22.739948272705078,21.870906829833984,21.943326950073242,232669,0.0,0.0
2024-02-01 00:00:00+08:00,21.436384201049805,22.160587310791016,21.363964080810547,21.436384201049805,95967,0.0,0.0
2024-02-02 00:00:00+08:00,21.436384201049805,21.581226348876953,21.291545867919922,21.363964080810547,37282,0.0,0.0
2024-02-05 00:00:00+08:00,21.291545867919922,21.581226348876953,21.291545867919922,21.436384201049805,32449,0.0,0.0
2024-02-15 00:00:00+08:00,21.436384201049805,21.436384201049805,19.98798179626465,21.219125747680664,40044,0.0,0.0
2024-02-16 00:00:00+08:00,21.219125747680664,21.436384201049805,20.56734275817871,21.219125747680664,60756,0.0,0.0
2024-02-19 00:00:00+08:00,21.074283599853516,21.65364646911621,20.712182998657227,21.363964080810547,53161,0.0,0.0
2024-02-20 00:00:00+08:00,21.72606658935547,21.72606658935547,21.219125747680664,21.436384201049805,28307,0.0,0.0
2024-02-21 00:00:00+08:00,21.72606658935547,21.72606658935547,21.291545867919922,21.436384201049805,17950,0.0,0.0
2024-02-22 00:00:00+08:00,21.363964080810547,21.581226348876953,21.146703720092773,21.436384201049805,35901,0.0,0.0
2024-02-23 00:00:00+08:00,21.870906829833984,21.943326950073242,21.146703720092773,21.146703720092773,40044,0.0,0.0
2024-02-26 00:00:00+08:00,21.074283599853516,21.870906829833984,20.857023239135742,21.146703720092773,19331,0.0,0.0
2024-02-27 00:00:00+08:00,21.146703720092773,21.508804321289062,21.001863479614258,21.146703720092773,23474,0.0,0.0
2024-02-29 00:00:00+08:00,21.291545867919922,21.65364646911621,21.291545867919922,21.65364646911621,35901,0.0,0.0
2024-03-01 00:00:00+08:00,21.72606658935547,21.72606658935547,21.581226348876953,21.65364646911621,32449,0.0,0.0
2024-03-04 00:00:00+08:00,21.72606658935547,22.0157470703125,21.001863479614258,21.72606658935547,71112,0.0,0.0
2024-03-05 00:00:00+08:00,21.219125747680664,21.72606658935547,21.001863479614258,21.363964080810547,31759,0.0,0.0
2024-03-06 00:00:00+08:00,21.72606658935547,21.798486709594727,21.436384201049805,21.72606658935547,26926,0.0,0.0
2024-03-07 00:00:00+08:00,21.436384201049805,21.436384201049805,21.363964080810547,21.363964080810547,4142,0.0,0.0
2024-03-08 00:00:00+08:00,21.363964080810547,21.870906829833984,21.001863479614258,21.291545867919922,87682,0.0,0.0
2024-03-11 00:00:00+08:00,21.581226348876953,21.798486709594727,21.436384201049805,21.436384201049805,84230,0.0,0.0
2024-03-12 00:00:00+08:00,22.088167190551758,22.088167190551758,21.363964080810547,21.363964080810547,62137,0.0,0.0
2024-03-13 00:00:00+08:00,21.291545867919922,21.291545867919922,21.074283599853516,21.146703720092773,55923,0.0,0.0
2024-03-14 00:00:00+08:00,21.581226348876953,21.581226348876953,20.857023239135742,21.291545867919922,89753,0.0,0.0
2024-03-15 00:00:00+08:00,21.219125747680664,21.291545867919922,20.929443359375,21.291545867919922,84921,0.0,0.0
2024-03-18 00:00:00+08:00,21.291545867919922,21.291545867919922,21.001863479614258,21.001863479614258,8975,0.0,0.0
2024-03-19 00:00:00+08:00,21.219125747680664,21.436384201049805,21.074283599853516,21.291545867919922,21402,0.0,0.0
2024-03-20 00:00:00+08:00,21.291545867919922,21.291545867919922,21.291545867919922,21.291545867919922,0,0.0,0.0
2024-03-21 00:00:00+08:00,20.712182998657227,21.219125747680664,20.712182998657227,21.219125747680664,29687,0.0,0.0
2024-03-22 00:00:00+08:00,21.001863479614258,21.001863479614258,20.857023239135742,20.857023239135742,6904,0.0,0.0
2024-03-25 00:00:00+08:00,20.857023239135742,20.857023239135742,20.857023239135742,20.857023239135742,0,0.0,0.0
2024-03-26 00:00:00+08:00,20.784603118896484,20.784603118896484,20.56734275817871,20.56734275817871,18641,0.0,0.0
2024-03-27 00:00:00+08:00,20.56734275817871,20.784603118896484,20.27766227722168,20.784603118896484,7594,0.0,0.0
2024-03-28 00:00:00+08:00,20.350082397460938,20.350082397460938,19.91556167602539,20.20524024963379,33830,0.0,0.0
2024-03-29 00:00:00+08:00,20.13282012939453,20.27766227722168,19.625879287719727,19.625879287719727,34520,0.0,0.0
2024-04-01 00:00:00+08:00,19.336198806762695,19.55345916748047,19.263778686523438,19.55345916748047,11737,0.0,0.0
2024-04-02 00:00:00+08:00,19.336198806762695,19.48103904724121,19.118938446044922,19.48103904724121,26926,0.0,0.0
2024-04-03 00:00:00+08:00,19.8431396484375,19.8431396484375,19.046518325805664,19.48103904724121,46948,0.0,0.0
2024-04-08 00:00:00+08:00,19.118938446044922,19.336198806762695,18.829256057739258,19.336198806762695,6213,0.0,0.0
2024-04-09 00:00:00+08:00,19.770719528198242,20.060401916503906,19.046518325805664,19.55345916748047,32449,0.0,0.0
2024-04-10 00:00:00+08:00,19.98798179626465,19.98798179626465,19.55345916748047,19.770719528198242,4142,0.0,0.0
2024-04-11 00:00:00+08:00,19.770719528198242,20.060401916503906,19.118938446044922,19.770719528198242,12427,0.0,0.0
2024-04-12 00:00:00+08:00,19.118938446044922,19.408618927001953,18.829256057739258,19.408618927001953,25545,0.0,0.0
2024-04-15 00:00:00+08:00,18.901676177978516,19.263778686523438,18.829256057739258,18.829256057739258,29687,0.0,0.0
2024-04-16 00:00:00+08:00,18.829256057739258,19.118938446044922,18.829256057739258,19.118938446044922,16569,0.0,0.0
2024-04-17 00:00:00+08:00,19.408618927001953,19.408618927001953,19.408618927001953,19.408618927001953,690,0.0,0.0
2024-04-18 00:00:00+08:00,19.336198806762695,19.336198806762695,19.046518325805664,19.046518325805664,2761,0.0,0.0
2024-04-19 00:00:00+08:00,18.829256057739258,19.19135856628418,18.684417724609375,19.19135856628418,6213,0.0,0.0
2024-04-22 00:00:00+08:00,19.19135856628418,19.19135856628418,18.829256057739258,18.829256057739258,2761,0.0,0.0
2024-04-23 00:00:00+08:00,19.118938446044922,19.118938446044922,19.118938446044922,19.118938446044922,690,0.0,0.0
2024-04-24 00:00:00+08:00,18.539575576782227,19.336198806762695,18.539575576782227,19.336198806762695,17950,0.0,0.0
2024-04-25 00:00:00+08:00,19.408618927001953,19.408618927001953,19.408618927001953,19.408618927001953,690,0.0,0.0
2024-04-26 00:00:00+08:00,19.19135856628418,19.263778686523438,18.901676177978516,19.19135856628418,13117,0.0,0.0
2024-04-29 00:00:00+08:00,19.48103904724121,19.48103904724121,18.901676177978516,18.901676177978516,2071,0.0,0.0
2024-04-30 00:00:00+08:00,18.901676177978516,18.901676177978516,18.901676177978516,18.901676177978516,0,0.0,0.0
2024-05-02 00:00:00+08:00,19.263778686523438,19.336198806762695,18.974098205566406,18.974098205566406,13117,0.0,0.0
2024-05-03 00:00:00+08:00,19.408618927001953,19.408618927001953,18.901676177978516,18.901676177978516,6213,0.0,0.0
2024-05-06 00:00:00+08:00,18.974098205566406,19.263778686523438,18.901676177978516,18.901676177978516,24854,0.0,0.0
2024-05-07 00:00:00+08:00,18.901676177978516,18.901676177978516,18.539575576782227,18.901676177978516,41424,0.0,0.0
2024-05-08 00:00:00+08:00,18.829256057739258,18.901676177978516,18.611997604370117,18.901676177978516,23474,0.0,0.0
2024-05-09 00:00:00+08:00,18.684417724609375,18.684417724609375,18.611997604370117,18.611997604370117,8284,0.0,0.0
2024-05-10 00:00:00+08:00,18.611997604370117,18.684417724609375,18.539575576782227,18.684417724609375,5523,0.0,0.0
2024-05-13 00:00:00+08:00,18.829256057739258,20.422502517700195,18.829256057739258,19.408618927001953,47638,0.0,0.0
2024-05-14 00:00:00+08:00,18.684417724609375,19.408618927001953,18.684417724609375,18.684417724609375,57994,0.0,0.0
2024-05-15 00:00:00+08:00,18.829256057739258,18.974098205566406,18.829256057739258,18.829256057739258,7594,0.0,0.0
2024-05-16 00:00:00+08:00,19.263778686523438,19.408618927001953,18.829256057739258,19.046518325805664,22093,0.0,0.0
2024-05-17 00:00:00+08:00,19.046518325805664,19.046518325805664,18.829256057739258,19.046518325805664,8975,0.0,0.0
2024-05-20 00:00:00+08:00,19.046518325805664,19.046518325805664,19.046518325805664,19.046518325805664,0,0.0,0.0
2024-05-21 00:00:00+08:00,18.829256057739258,18.901676177978516,18.756837844848633,18.829256057739258,29687,0.0,0.0
2024-05-22 00:00:00+08:00,18.756837844848633,19.046518325805664,18.756837844848633,19.046518325805664,22783,0.0,0.0
2024-05-23 00:00:00+08:00,18.829256057739258,18.974098205566406,18.829256057739258,18.974098205566406,1380,0.0,0.0
2024-05-24 00:00:00+08:00,18.829256057739258,18.901676177978516,18.684417724609375,18.901676177978516,25545,0.0,0.0
2024-05-27 00:00:00+08:00,18.901676177978516,18.974098205566406,18.756837844848633,18.901676177978516,15879,0.0,0.0
2024-05-28 00:00:00+08:00,18.829256057739258,18.901676177978516,18.829256057739258,18.901676177978516,18641,0.0,0.0
2024-05-29 00:00:00+08:00,18.901676177978516,19.263778686523438,18.901676177978516,19.263778686523438,8284,0.0,0.0
2024-05-30 00:00:00+08:00,19.046518325805664,19.48103904724121,18.974098205566406,19.046518325805664,11737,0.0,0.0
2024-05-31 00:00:00+08:00,19.046518325805664,19.046518325805664,18.10505485534668,18.901676177978516,51090,0.0,0.0
2024-06-03 00:00:00+08:00,18.829256057739258,18.901676177978516,18.539575576782227,18.829256057739258,27616,0.0,0.0
2024-06-04 00:00:00+08:00,18.756837844848633,18.829256057739258,18.756837844848633,18.829256057739258,15879,0.0,0.0
2024-06-05 00:00:00+08:00,19.046518325805664,19.046518325805664,19.046518325805664,19.046518325805664,690,0.0,0.0
2024-06-06 00:00:00+08:00,19.046518325805664,19.48103904724121,19.046518325805664,19.336198806762695,13808,0.0,0.0
2024-06-07 00:00:00+08:00,19.336198806762695,20.712182998657227,19.336198806762695,19.98798179626465,33830,0.0,0.0
2024-06-11 00:00:00+08:00,19.698299407958984,19.98798179626465,19.698299407958984,19.91556167602539,25545,0.0,0.0
2024-06-12 00:00:00+08:00,19.91556167602539,19.91556167602539,19.91556167602539,19.91556167602539,0,0.0,0.0
2024-06-13 00:00:00+08:00,20.27766227722168,20.27766227722168,19.8431396484375,20.060401916503906,22783,0.0,0.0
2024-06-14 00:00:00+08:00,19.91556167602539,20.20524024963379,19.770719528198242,19.98798179626465,24164,0.0,0.0
2024-06-17 00:00:00+08:00,20.20524024963379,21.943326950073242,20.20524024963379,21.65364646911621,221623,0.0,0.0
2024-06-18 00:00:00+08:00,21.363964080810547,21.436384201049805,21.001863479614258,21.001863479614258,27616,0.0,0.0
2024-06-19 00:00:00+08:00,20.63976287841797,21.001863479614258,20.27766227722168,20.63976287841797,29687,0.0,0.0
2024-06-20 00:00:00+08:00,21.001863479614258,21.291545867919922,20.56734275817871,21.219125747680664,22783,0.0,0.0
2024-06-21 00:00:00+08:00,21.146703720092773,22.884790420532227,21.146703720092773,21.72606658935547,52471,0.0,0.0
2024-06-24 00:00:00+08:00,21.65364646911621,21.65364646911621,20.060401916503906,21.074283599853516,37282,0.0,0.0
2024-06-25 00:00:00+08:00,21.001863479614258,21.363964080810547,21.001863479614258,21.291545867919922,18641,0.0,0.0
2024-06-26 00:00:00+08:00,21.291545867919922,22.0157470703125,21.291545867919922,21.363964080810547,36591,0.0,0.0
2024-06-27 00:00:00+08:00,21.72606658935547,21.72606658935547,20.13282012939453,20.27766227722168,80778,0.0,0.0
2024-06-28 00:00:00+08:00,20.56734275817871,20.784603118896484,20.27766227722168,20.350082397460938,42805,0.0,0.0
2024-07-01 00:00:00+08:00,20.712182998657227,20.784603118896484,20.350082397460938,20.350082397460938,20022,0.0,0.0
2024-07-02 00:00:00+08:00,21.001863479614258,21.001863479614258,20.350082397460938,20.63976287841797,14498,0.0,0.0
2024-07-03 00:00:00+08:00,20.784603118896484,20.784603118896484,20.56734275817871,20.56734275817871,10356,0.0,0.0
2024-07-04 00:00:00+08:00,20.494922637939453,21.001863479614258,20.422502517700195,21.001863479614258,13117,0.0,0.0
2024-07-05 00:00:00+08:00,21.001863479614258,21.146703720092773,20.56734275817871,20.929443359375,30378,0.0,0.0
2024-07-08 00:00:00+08:00,20.712182998657227,21.001863479614258,20.712182998657227,20.929443359375,12427,0.0,0.0
2024-07-09 00:00:00+08:00,20.929443359375,21.65364646911621,20.712182998657227,21.65364646911621,55923,0.0,0.0
2024-07-10 00:00:00+08:00,21.65364646911621,22.233007431030273,21.291545867919922,21.943326950073242,58685,0.0,0.0
2024-07-11 00:00:00+08:00,21.943326950073242,22.37784767150879,21.870906829833984,21.943326950073242,75945,0.0,0.0
2024-07-12 00:00:00+08:00,22.450267791748047,23.029630661010742,21.870906829833984,22.522689819335938,136702,0.0,0.0
2024-07-15 00:00:00+08:00,22.957210540771484,24.04351234436035,22.522689819335938,22.595109939575195,138773,0.0,0.0
2024-07-16 00:00:00+08:00,22.595109939575195,23.10205078125,22.450267791748047,23.10205078125,92515,0.0,0.0
2024-07-17 00:00:00+08:00,23.174470901489258,23.246891021728516,22.957210540771484,23.174470901489258,100110,0.0,0.0
2024-07-18 00:00:00+08:00,23.029630661010742,23.029630661010742,22.66752815246582,23.029630661010742,26235,0.0,0.0
2024-07-19 00:00:00+08:00,23.029630661010742,23.174470901489258,22.739948272705078,22.739948272705078,37972,0.0,0.0
2024-07-22 00:00:00+08:00,22.739948272705078,23.029630661010742,22.233007431030273,22.957210540771484,23474,0.0,0.0
2024-07-23 00:00:00+08:00,22.450267791748047,23.174470901489258,22.450267791748047,22.812368392944336,38663,0.0,0.0
2024-07-26 00:00:00+08:00,22.812368392944336,23.10205078125,22.595109939575195,22.595109939575195,20022,0.0,0.0
2024-07-29 00:00:00+08:00,22.595109939575195,23.10205078125,22.450267791748047,22.450267791748047,17950,0.0,0.0
2024-07-30 00:00:00+08:00,24.47803497314453,24.695295333862305,22.160587310791016,22.812368392944336,56614,0.0,0.0
2024-07-31 00:00:00+08:00,22.884790420532227,23.10205078125,22.739948272705078,22.739948272705078,6904,0.0,0.0
2024-08-01 00:00:00+08:00,22.450267791748047,22.739948272705078,22.450267791748047,22.450267791748047,13117,0.0,0.0
2024-08-02 00:00:00+08:00,21.798486709594727,22.522689819335938,21.798486709594727,22.522689819335938,13117,0.0,0.0
2024-08-05 00:00:00+08:00,21.72606658935547,21.72606658935547,20.422502517700195,20.494922637939453,44876,0.0,0.0
2024-08-06 00:00:00+08:00,21.508804321289062,22.37784767150879,18.46715545654297,21.581226348876953,57994,0.0,0.0
2024-08-07 00:00:00+08:00,20.494922637939453,21.65364646911621,20.494922637939453,21.65364646911621,17950,0.0,0.0
2024-08-08 00:00:00+08:00,21.65364646911621,21.65364646911621,21.146703720092773,21.146703720092773,24854,0.0,0.0
2024-08-09 00:00:00+08:00,21.146703720092773,21.72606658935547,21.146703720092773,21.581226348876953,20712,0.0,0.0
2024-08-12 00:00:00+08:00,21.219125747680664,21.436384201049805,20.857023239135742,20.857023239135742,25545,0.0,0.0
2024-08-13 00:00:00+08:00,20.857023239135742,21.436384201049805,20.857023239135742,22.66752815246582,4142,0.0,0.0
2024-08-14 00:00:00+08:00,20.857023239135742,21.508804321289062,20.857023239135742,21.508804321289062,11046,0.0,0.0
2024-08-15 00:00:00+08:00,21.436384201049805,21.508804321289062,21.146703720092773,21.146703720092773,12427,0.0,0.0
2024-08-16 00:00:00+08:00,14.600000381469727,14.850000381469727,14.600000381469727,14.600000381469727,31000,0.0,0.0
2024-08-19 00:00:00+08:00,21.146703720092773,21.436384201049805,20.929443359375,20.929443359375,13808,0.0,0.0
2024-08-20 00:00:00+08:00,20.929443359375,21.508804321289062,20.929443359375,20.929443359375,36591,0.0,0.0
2024-08-21 00:00:00+08:00,20.929443359375,21.291545867919922,20.712182998657227,21.291545867919922,17950,0.0,0.0
2024-08-22 00:00:00+08:00,21.146703720092773,21.291545867919922,20.27766227722168,21.001863479614258,20022,0.0,0.0
2024-08-23 00:00:00+08:00,21.001859664916992,21.001859664916992,21.001859664916992,21.001859664916992,0,0.0,0.6904148999999999
2024-08-26 00:00:00+08:00,21.001859664916992,21.001859664916992,21.001859664916992,21.001859664916992,0,0.0,0.0
2024-08-27 00:00:00+08:00,21.001859664916992,21.001859664916992,21.001859664916992,21.001859664916992,0,0.0,0.0
2024-08-28 00:00:00+08:00,21.001859664916992,21.001859664916992,21.001859664916992,21.001859664916992,0,0.0,0.0
2024-08-29 00:00:00+08:00,21.001859664916992,21.001859664916992,21.001859664916992,21.001859664916992,0,0.0,0.0
2024-08-30 00:00:00+08:00,21.001859664916992,21.001859664916992,21.001859664916992,21.001859664916992,0,0.0,0.0
2024-09-02 00:00:00+08:00,23.100000381469727,23.100000381469727,22.899999618530273,23.100000381469727,363000,0.0,0.0
2024-09-03 00:00:00+08:00,21.149999618530273,21.700000762939453,20.799999237060547,20.799999237060547,170000,0.0,0.0
2024-09-04 00:00:00+08:00,18.75,20.0,18.75,19.049999237060547,123000,0.0,0.0
2024-09-05 00:00:00+08:00,18.799999237060547,19.049999237060547,18.0,18.399999618530273,31000,0.0,0.0
2024-09-06 00:00:00+08:00,17.850000381469727,18.450000762939453,17.850000381469727,17.950000762939453,28000,0.0,0.0
2024-09-09 00:00:00+08:00,17.950000762939453,18.399999618530273,17.549999237060547,17.799999237060547,15000,0.0,0.0
2024-09-10 00:00:00+08:00,18.0,18.0,17.0,17.549999237060547,16000,0.0,0.0
2024-09-11 00:00:00+08:00,17.950000762939453,17.950000762939453,16.700000762939453,17.5,22000,0.0,0.0
2024-09-12 00:00:00+08:00,17.75,19.25,17.75,19.25,163000,0.0,0.0
2024-09-13 00:00:00+08:00,19.0,19.0,17.799999237060547,18.850000381469727,88000,0.0,0.0
2024-09-16 00:00:00+08:00,18.75,18.799999237060547,18.049999237060547,18.450000762939453,48000,0.0,0.0
2024-09-18 00:00:00+08:00,18.200000762939453,19.799999237060547,18.0,18.5,19000,0.0,0.0
2024-09-19 00:00:00+08:00,18.799999237060547,19.399999618530273,18.549999237060547,19.200000762939453,35000,0.0,0.0
2024-09-20 00:00:00+08:00,18.950000762939453,19.700000762939453,18.950000762939453,19.700000762939453,15000,0.0,0.0
2024-09-23 00:00:00+08:00,19.700000762939453,20.200000762939453,19.299999237060547,20.0,41000,0.0,0.0
2024-09-24 00:00:00+08:00,21.899999618530273,22.0,21.25,21.700000762939453,510000,0.0,0.0
2024-09-25 00:00:00+08:00,19.950000762939453,22.149999618530273,19.75,21.350000381469727,202000,0.0,0.0
2024-09-26 00:00:00+08:00,20.950000762939453,21.75,19.950000762939453,21.149999618530273,89000,0.0,0.0
2024-09-27 00:00:00+08:00,21.100000381469727,22.200000762939453,20.600000381469727,20.600000381469727,64000,0.0,0.0
2024-09-30 00:00:00+08:00,20.049999237060547,20.299999237060547,19.799999237060547,19.950000762939453,93000,0.0,0.0
2024-10-01 00:00:00+08:00,20.100000381469727,20.100000381469727,19.799999237060547,19.799999237060547,12000,0.0,0.0
2024-10-04 00:00:00+08:00,19.899999618530273,19.899999618530273,19.899999618530273,19.899999618530273,3000,0.0,0.0
2024-10-07 00:00:00+08:00,19.799999237060547,21.5,19.0,20.049999237060547,40000,0.0,0.0
2024-10-08 00:00:00+08:00,19.600000381469727,20.0,19.5,19.549999237060547,6000,0.0,0.0
2024-10-09 00:00:00+08:00,18.549999237060547,18.549999237060547,18.549999237060547,18.549999237060547,1000,0.0,0.0
2024-10-11 00:00:00+08:00,18.5,19.5,18.0,19.399999618530273,23000,0.0,0.0
2024-10-14 00:00:00+08:00,18.649999618530273,18.75,18.200000762939453,18.75,31000,0.0,0.0
2024-10-15 00:00:00+08:00,18.5,18.950000762939453,17.799999237060547,17.799999237060547,33000,0.0,0.0
2024-10-16 00:00:00+08:00,18.75,18.899999618530273,18.100000381469727,18.75,33000,0.0,0.0
2024-10-17 00:00:00+08:00,18.100000381469727,18.799999237060547,18.100000381469727,18.600000381469727,38000,0.0,0.0
2024-10-18 00:00:00+08:00,18.549999237060547,18.649999618530273,18.5,18.649999618530273,8000,0.0,0.0
2024-10-21 00:00:00+08:00,19.299999237060547,19.850000381469727,18.799999237060547,18.799999237060547,26000,0.0,0.0
2024-10-22 00:00:00+08:00,18.700000762939453,18.700000762939453,18.649999618530273,18.649999618530273,5000,0.0,0.0
2024-10-23 00:00:00+08:00,18.700000762939453,18.700000762939453,18.649999618530273,18.649999618530273,5000,0.0,0.0
2024-10-24 00:00:00+08:00,19.350000381469727,19.350000381469727,19.350000381469727,19.350000381469727,1000,0.0,0.0
2024-10-25 00:00:00+08:00,19.5,19.5,19.0,19.0,7000,0.0,0.0
2024-10-28 00:00:00+08:00,19.299999237060547,19.299999237060547,19.0,19.149999618530273,6000,0.0,0.0
2024-10-29 00:00:00+08:00,18.799999237060547,18.850000381469727,18.75,18.75,6000,0.0,0.0
2024-10-30 00:00:00+08:00,18.75,18.75,18.0,18.0,29000,0.0,0.0
2024-11-01 00:00:00+08:00,18.399999618530273,18.399999618530273,18.0,18.0,32000,0.0,0.0
2024-11-04 00:00:00+08:00,18.049999237060547,18.049999237060547,18.0,18.0,25000,0.0,0.0
2024-11-05 00:00:00+08:00,18.100000381469727,18.299999237060547,18.100000381469727,18.299999237060547,16000,0.0,0.0
2024-11-06 00:00:00+08:00,18.5,18.5,18.299999237060547,18.299999237060547,26000,0.0,0.0
2024-11-07 00:00:00+08:00,18.299999237060547,18.299999237060547,18.299999237060547,18.299999237060547,0,0.0,0.0
2024-11-08 00:00:00+08:00,18.200000762939453,18.200000762939453,18.200000762939453,18.200000762939453,2000,0.0,0.0
2024-11-11 00:00:00+08:00,18.200000762939453,18.200000762939453,18.200000762939453,18.200000762939453,2000,0.0,0.0
2024-11-12 00:00:00+08:00,18.200000762939453,18.200000762939453,18.149999618530273,18.149999618530273,19000,0.0,0.0
2024-11-13 00:00:00+08:00,18.200000762939453,18.200000762939453,18.200000762939453,18.200000762939453,26000,0.0,0.0
2024-11-14 00:00:00+08:00,18.0,18.0,18.0,18.0,9000,0.0,0.0
2024-11-15 00:00:00+08:00,18.0,18.0,18.0,18.0,0,0.0,0.0
2024-11-18 00:00:00+08:00,18.0,18.0,18.0,18.0,6000,0.0,0.0
2024-11-19 00:00:00+08:00,19.75,19.75,19.299999237060547,19.299999237060547,18000,0.0,0.0
2024-11-20 00:00:00+08:00,19.299999237060547,19.299999237060547,18.299999237060547,18.899999618530273,14000,0.0,0.0
2024-11-21 00:00:00+08:00,18.899999618530273,18.899999618530273,18.899999618530273,18.899999618530273,0,0.0,0.0
2024-11-22 00:00:00+08:00,18.899999618530273,18.899999618530273,18.899999618530273,18.899999618530273,0,0.0,0.0
2024-11-25 00:00:00+08:00,18.200000762939453,18.600000381469727,18.0,18.600000381469727,17000,0.0,0.0
2024-11-26 00:00:00+08:00,18.600000381469727,18.600000381469727,18.600000381469727,18.600000381469727,0,0.0,0.0
2024-11-27 00:00:00+08:00,17.75,18.450000762939453,17.75,18.450000762939453,3000,0.0,0.0
2024-11-28 00:00:00+08:00,18.450000762939453,18.450000762939453,18.450000762939453,18.450000762939453,0,0.0,0.0
2024-11-29 00:00:00+08:00,18.450000762939453,18.450000762939453,18.450000762939453,18.450000762939453,0,0.0,0.0
2024-12-02 00:00:00+08:00,17.700000762939453,18.149999618530273,17.600000381469727,18.149999618530273,14000,0.0,0.0
2024-12-03 00:00:00+08:00,17.549999237060547,18.049999237060547,17.549999237060547,18.049999237060547,9000,0.0,0.0
2024-12-04 00:00:00+08:00,18.600000381469727,18.600000381469727,17.5,17.5,28000,0.0,0.0
2024-12-05 00:00:00+08:00,17.299999237060547,18.200000762939453,17.299999237060547,17.649999618530273,11000,0.0,0.0
2024-12-06 00:00:00+08:00,17.649999618530273,17.649999618530273,17.649999618530273,17.649999618530273,2000,0.0,0.0
2024-12-09 00:00:00+08:00,17.600000381469727,17.600000381469727,17.600000381469727,17.600000381469727,2000,0.0,0.0
2024-12-10 00:00:00+08:00,17.600000381469727,17.600000381469727,17.600000381469727,17.600000381469727,0,0.0,0.0
2024-12-11 00:00:00+08:00,17.600000381469727,17.600000381469727,17.600000381469727,17.600000381469727,0,0.0,0.0
2024-12-12 00:00:00+08:00,17.399999618530273,17.899999618530273,17.299999237060547,17.350000381469727,44000,0.0,0.0
2024-12-13 00:00:00+08:00,17.100000381469727,17.600000381469727,17.100000381469727,17.5,12000,0.0,0.0
2024-12-16 00:00:00+08:00,17.5,17.5,17.5,17.5,0,0.0,0.0
2024-12-17 00:00:00+08:00,17.149999618530273,17.149999618530273,16.399999618530273,16.399999618530273,48000,0.0,0.0
2024-12-18 00:00:00+08:00,16.049999237060547,16.049999237060547,15.449999809265137,15.800000190734863,34000,0.0,0.0
2024-12-19 00:00:00+08:00,15.449999809265137,15.949999809265137,14.800000190734863,14.800000190734863,53000,0.0,0.0
2024-12-20 00:00:00+08:00,14.699999809265137,14.699999809265137,14.050000190734863,14.100000381469727,41000,0.0,0.0
2024-12-23 00:00:00+08:00,14.399999618530273,14.449999809265137,14.149999618530273,14.149999618530273,26000,0.0,0.0
2024-12-24 00:00:00+08:00,14.5,14.699999809265137,14.399999618530273,14.649999618530273,11000,0.0,0.0
2024-12-25 00:00:00+08:00,14.649999618530273,14.649999618530273,14.649999618530273,14.649999618530273,0,0.0,0.0
2024-12-26 00:00:00+08:00,14.800000190734863,14.800000190734863,14.199999809265137,14.399999618530273,29000,0.0,0.0
2024-12-27 00:00:00+08:00,14.0,14.300000190734863,13.800000190734863,14.300000190734863,12000,0.0,0.0
2024-12-30 00:00:00+08:00,14.800000190734863,14.800000190734863,14.699999809265137,14.699999809265137,2000,0.0,0.0
2024-12-31 00:00:00+08:00,14.699999809265137,14.899999618530273,14.5,14.850000381469727,167000,0.0,0.0
2025-01-02 00:00:00+08:00,14.850000381469727,14.850000381469727,14.600000381469727,14.600000381469727,10000,0.0,0.0
2025-01-03 00:00:00+08:00,14.5,14.5,14.5,14.5,12000,0.0,0.0
2025-01-06 00:00:00+08:00,14.399999618530273,14.399999618530273,14.399999618530273,14.399999618530273,3000,0.0,0.0
2025-01-07 00:00:00+08:00,14.350000381469727,14.350000381469727,14.300000190734863,14.350000381469727,3000,0.0,0.0
2025-01-08 00:00:00+08:00,14.300000190734863,14.75,14.300000190734863,14.75,5000,0.0,0.0
2025-01-09 00:00:00+08:00,14.75,14.75,14.75,14.75,0,0.0,0.0
2025-01-10 00:00:00+08:00,14.75,14.75,14.75,14.75,0,0.0,0.0
2025-01-13 00:00:00+08:00,14.300000190734863,14.600000381469727,14.300000190734863,14.5,7000,0.0,0.0
2025-01-14 00:00:00+08:00,14.449999809265137,14.449999809265137,14.300000190734863,14.300000190734863,10000,0.0,0.0
2025-01-15 00:00:00+08:00,14.300000190734863,14.850000381469727,14.100000381469727,14.25,7000,0.0,0.0
2025-01-16 00:00:00+08:00,14.300000190734863,14.75,14.25,14.449999809265137,13000,0.0,0.0
2025-01-17 00:00:00+08:00,14.449999809265137,14.449999809265137,14.449999809265137,14.449999809265137,0,0.0,0.0
2025-01-20 00:00:00+08:00,14.449999809265137,14.449999809265137,14.449999809265137,14.449999809265137,0,0.0,0.0
2025-01-21 00:00:00+08:00,14.449999809265137,14.449999809265137,14.449999809265137,14.449999809265137,0,0.0,0.0
2025-01-22 00:00:00+08:00,14.25,14.850000381469727,14.199999809265137,14.5,26000,0.0,0.0
2025-02-03 00:00:00+08:00,14.449999809265137,15.600000381469727,14.449999809265137,15.600000381469727,92665,0.0,0.0
2025-02-04 00:00:00+08:00,17.149999618530273,17.149999618530273,17.149999618530273,17.149999618530273,160695,0.0,0.0
2025-02-05 00:00:00+08:00,18.850000381469727,18.850000381469727,18.850000381469727,18.850000381469727,56344,0.0,0.0
2025-02-06 00:00:00+08:00,20.700000762939453,20.700000762939453,19.0,20.700000762939453,362000,0.0,0.0
2025-02-07 00:00:00+08:00,19.899999618530273,20.799999237060547,19.549999237060547,19.600000381469727,198003,0.0,0.0
2025-02-10 00:00:00+08:00,19.899999618530273,20.950000762939453,19.899999618530273,20.25,85000,0.0,0.0
2025-02-11 00:00:00+08:00,20.5,21.100000381469727,20.5,21.100000381469727,121832,0.0,0.0
2025-02-12 00:00:00+08:00,20.700000762939453,22.850000381469727,20.700000762939453,22.600000381469727,71000,0.0,0.0
2025-02-13 00:00:00+08:00,22.700000762939453,23.200000762939453,22.700000762939453,23.049999237060547,80050,0.0,0.0
2025-02-14 00:00:00+08:00,23.600000381469727,24.0,22.799999237060547,23.700000762939453,74690,0.0,0.0
2025-02-17 00:00:00+08:00,23.700000762939453,23.700000762939453,21.75,22.200000762939453,77049,0.0,0.0
2025-02-18 00:00:00+08:00,22.200000762939453,22.299999237060547,21.799999237060547,21.799999237060547,50000,0.0,0.0
2025-02-19 00:00:00+08:00,21.700000762939453,21.899999618530273,21.450000762939453,21.899999618530273,52100,0.0,0.0
2025-02-20 00:00:00+08:00,21.600000381469727,21.600000381469727,21.100000381469727,21.200000762939453,40000,0.0,0.0
2025-02-21 00:00:00+08:00,21.149999618530273,21.5,21.0,21.0,44099,0.0,0.0
2025-02-24 00:00:00+08:00,20.5,20.649999618530273,19.950000762939453,20.200000762939453,62026,0.0,0.0
2025-02-25 00:00:00+08:00,20.0,20.0,19.0,19.600000381469727,79000,0.0,0.0
2025-02-26 00:00:00+08:00,19.399999618530273,19.399999618530273,19.0,19.200000762939453,26239,0.0,0.0
2025-02-27 00:00:00+08:00,19.149999618530273,19.600000381469727,19.149999618530273,19.600000381469727,21671,0.0,0.0
2025-03-03 00:00:00+08:00,19.450000762939453,19.549999237060547,19.450000762939453,19.549999237060547,7000,0.0,0.0
2025-03-04 00:00:00+08:00,19.75,21.5,19.700000762939453,21.5,203184,0.0,0.0
2025-03-05 00:00:00+08:00,20.049999237060547,21.350000381469727,20.049999237060547,20.600000381469727,125000,0.0,0.0
2025-03-06 00:00:00+08:00,19.799999237060547,20.799999237060547,19.799999237060547,20.700000762939453,38380,0.0,0.0
2025-03-07 00:00:00+08:00,20.950000762939453,20.950000762939453,20.299999237060547,20.75,55005,0.0,0.0
2025-03-10 00:00:00+08:00,19.25,20.75,19.25,20.700000762939453,24380,0.0,0.0
2025-03-11 00:00:00+08:00,20.549999237060547,21.5,20.549999237060547,21.200000762939453,33460,0.0,0.0
2025-03-12 00:00:00+08:00,21.200000762939453,22.100000381469727,21.200000762939453,21.649999618530273,61000,0.0,0.0
2025-03-13 00:00:00+08:00,21.899999618530273,23.799999237060547,21.399999618530273,22.200000762939453,237005,0.0,0.0
2025-03-14 00:00:00+08:00,21.350000381469727,22.649999618530273,21.0,22.25,109213,0.0,0.0
2025-03-17 00:00:00+08:00,23.899999618530273,23.899999618530273,21.299999237060547,21.299999237060547,122005,0.0,0.0
2025-03-18 00:00:00+08:00,21.700000762939453,22.700000762939453,21.350000381469727,21.350000381469727,80060,0.0,0.0
2025-03-19 00:00:00+08:00,21.399999618530273,21.899999618530273,21.399999618530273,21.850000381469727,61082,0.0,0.0
2025-03-20 00:00:00+08:00,22.100000381469727,22.100000381469727,21.899999618530273,21.899999618530273,21211,0.0,0.0
2025-03-21 00:00:00+08:00,22.049999237060547,23.0,21.899999618530273,21.899999618530273,76000,0.0,0.0
