Date,Open,High,Low,Close,Volume,Dividends,Stock Splits
2007-12-31 00:00:00+08:00,46.22963333129883,52.131290435791016,45.24602508544922,52.131290435791016,35583,0.0,0.0
2008-01-02 00:00:00+08:00,47.311607360839844,47.311607360839844,46.22963333129883,47.2132453918457,4066,0.0,0.0
2008-01-03 00:00:00+08:00,45.24602508544922,47.01652145385742,45.24602508544922,45.24602508544922,7116,0.0,0.0
2008-01-04 00:00:00+08:00,44.82307434082031,45.24602508544922,44.065696716308594,44.36077880859375,12199,0.0,0.0
2008-01-07 00:00:00+08:00,43.90831756591797,44.26241683959961,43.77061080932617,44.26241683959961,10166,0.0,0.0
2008-01-08 00:00:00+08:00,44.065696716308594,44.26241683959961,43.318153381347656,44.065696716308594,9149,0.0,0.0
2008-01-09 00:00:00+08:00,43.27880859375,43.37717056274414,42.8853645324707,43.27880859375,8133,0.0,0.0
2008-01-10 00:00:00+08:00,43.27880859375,43.27880859375,38.60666275024414,39.44272994995117,34566,0.0,0.0
2008-01-11 00:00:00+08:00,39.3443717956543,39.3443717956543,37.86895751953125,38.36075973510742,32533,0.0,0.0
2008-01-14 00:00:00+08:00,40.327980041503906,40.327980041503906,38.36075973510742,38.36075973510742,2063,0.0,0.0
2008-01-15 00:00:00+08:00,38.36075973510742,38.36075973510742,38.36075973510742,38.36075973510742,0,0.0,0.0
2008-01-16 00:00:00+08:00,37.86895751953125,38.36075973510742,37.86895751953125,38.36075973510742,18299,0.0,0.0
2008-01-17 00:00:00+08:00,39.3443717956543,39.3443717956543,38.36075973510742,38.36075973510742,8133,0.0,0.0
2008-01-18 00:00:00+08:00,38.85256576538086,38.85256576538086,37.6919059753418,37.86895751953125,18299,0.0,0.0
2008-01-21 00:00:00+08:00,38.164039611816406,38.36075973510742,38.164039611816406,38.36075973510742,4066,0.0,0.0
2008-01-22 00:00:00+08:00,38.164039611816406,38.36075973510742,33.93452072143555,35.40993118286133,25416,0.0,0.0
2008-01-23 00:00:00+08:00,34.42632293701172,35.901737213134766,32.36074447631836,32.36074447631836,14233,0.0,0.0
2008-01-24 00:00:00+08:00,34.13124084472656,34.42632293701172,32.55746841430664,34.42632293701172,15249,0.0,0.0
2008-01-25 00:00:00+08:00,34.42632293701172,35.901737213134766,34.42632293701172,34.42632293701172,18299,0.0,0.0
2008-01-28 00:00:00+08:00,34.2296028137207,34.42632293701172,33.93452072143555,34.42632293701172,16266,0.0,0.0
2008-01-29 00:00:00+08:00,33.93452072143555,34.918128967285156,33.44271469116211,33.44271469116211,11183,0.0,0.0
2008-01-30 00:00:00+08:00,34.42632293701172,34.42632293701172,33.245994567871094,34.42632293701172,6099,0.0,0.0
2008-01-31 00:00:00+08:00,33.245994567871094,33.93452072143555,32.4591064453125,32.4591064453125,11183,0.0,0.0
2008-02-01 00:00:00+08:00,32.4591064453125,33.63943862915039,32.4591064453125,33.245994567871094,48799,0.0,0.0
2008-02-12 00:00:00+08:00,34.42632293701172,36.3935432434082,33.63943862915039,35.40993118286133,58071,0.0,0.0
2008-02-13 00:00:00+08:00,36.983707427978516,44.75422286987305,36.983707427978516,44.065696716308594,46384,0.0,0.0
2008-02-14 00:00:00+08:00,44.26241683959961,45.24602508544922,41.80339431762695,44.75422286987305,109054,0.0,0.0
2008-02-15 00:00:00+08:00,45.24602508544922,45.24602508544922,42.295196533203125,44.557498931884766,34566,0.0,0.0
2008-02-18 00:00:00+08:00,43.77061080932617,45.24602508544922,42.295196533203125,43.27880859375,72183,0.0,0.0
2008-02-19 00:00:00+08:00,45.24602508544922,45.24602508544922,42.983726501464844,42.983726501464844,89466,0.0,0.0
2008-02-20 00:00:00+08:00,45.24602508544922,45.24602508544922,43.27880859375,44.36077880859375,23383,0.0,0.0
2008-02-21 00:00:00+08:00,45.24602508544922,45.24602508544922,44.26241683959961,44.26241683959961,50833,0.0,0.0
2008-02-22 00:00:00+08:00,44.26241683959961,45.24602508544922,44.26241683959961,44.26241683959961,12199,0.0,0.0
2008-02-25 00:00:00+08:00,44.36077880859375,45.24602508544922,43.6722526550293,44.26241683959961,40625,0.0,0.0
2008-02-26 00:00:00+08:00,44.26241683959961,44.75422286987305,42.295196533203125,44.26241683959961,16266,0.0,0.0
2008-02-27 00:00:00+08:00,45.24602508544922,45.24602508544922,42.295196533203125,44.065696716308594,24399,0.0,0.0
2008-02-29 00:00:00+08:00,44.26241683959961,44.26241683959961,42.295196533203125,44.065696716308594,30499,0.0,0.0
2008-03-03 00:00:00+08:00,44.26241683959961,44.26241683959961,42.295196533203125,43.77061080932617,6099,0.0,0.0
2008-03-04 00:00:00+08:00,44.16405487060547,44.26241683959961,42.295196533203125,43.86897277832031,10166,0.0,0.0
2008-03-05 00:00:00+08:00,45.24602508544922,45.24602508544922,42.295196533203125,42.491920471191406,74692,0.0,0.0
2008-03-06 00:00:00+08:00,44.45914077758789,44.45914077758789,42.295196533203125,44.065696716308594,43716,0.0,0.0
2008-03-07 00:00:00+08:00,44.26241683959961,44.45914077758789,41.70503234863281,41.70503234863281,54899,0.0,0.0
2008-03-10 00:00:00+08:00,41.70503234863281,43.27880859375,41.70503234863281,42.295196533203125,14709,0.0,0.0
2008-03-11 00:00:00+08:00,43.27880859375,43.27880859375,42.09847640991211,42.78700256347656,9149,0.0,0.0
2008-03-12 00:00:00+08:00,42.295196533203125,43.27880859375,42.295196533203125,42.491920471191406,21349,0.0,0.0
2008-03-13 00:00:00+08:00,42.295196533203125,42.491920471191406,42.295196533203125,42.491920471191406,2033,0.0,0.0
2008-03-14 00:00:00+08:00,44.60668182373047,44.60668182373047,42.295196533203125,43.27880859375,10166,0.0,0.0
2008-03-17 00:00:00+08:00,42.78700256347656,43.27880859375,42.295196533203125,42.295196533203125,19316,0.0,0.0
2008-03-18 00:00:00+08:00,42.491920471191406,43.27880859375,42.295196533203125,42.78700256347656,18299,0.0,0.0
2008-03-19 00:00:00+08:00,44.26241683959961,44.26241683959961,42.09847640991211,42.295196533203125,10166,0.0,0.0
2008-03-20 00:00:00+08:00,42.491920471191406,42.491920471191406,41.70503234863281,42.295196533203125,24399,0.0,0.0
2008-03-21 00:00:00+08:00,42.78700256347656,42.983726501464844,42.295196533203125,42.295196533203125,22366,0.0,0.0
2008-03-24 00:00:00+08:00,42.8853645324707,42.8853645324707,41.48863983154297,41.48863983154297,17283,0.0,0.0
2008-03-25 00:00:00+08:00,43.27880859375,43.27880859375,42.295196533203125,42.295196533203125,43249,0.0,0.0
2008-03-26 00:00:00+08:00,41.80339431762695,42.78700256347656,41.80339431762695,42.78700256347656,51849,0.0,0.0
2008-03-27 00:00:00+08:00,42.295196533203125,42.295196533203125,42.295196533203125,42.295196533203125,4066,0.0,0.0
2008-03-28 00:00:00+08:00,41.80339431762695,42.78700256347656,41.80339431762695,42.78700256347656,35583,0.0,0.0
2008-03-31 00:00:00+08:00,42.491920471191406,44.26241683959961,42.491920471191406,44.26241683959961,40983,0.0,0.0
2008-04-01 00:00:00+08:00,44.45914077758789,44.75422286987305,43.40667724609375,44.75422286987305,54376,0.0,0.0
2008-04-02 00:00:00+08:00,44.26241683959961,45.4427490234375,44.26241683959961,45.0493049621582,29483,0.0,0.0
2008-04-03 00:00:00+08:00,44.27225112915039,45.0493049621582,44.27225112915039,44.75422286987305,5083,0.0,0.0
2008-04-07 00:00:00+08:00,44.26241683959961,44.655860900878906,43.96733474731445,44.26241683959961,14233,0.0,0.0
2008-04-08 00:00:00+08:00,45.24602508544922,45.24602508544922,44.75422286987305,44.75422286987305,16266,0.0,0.0
2008-04-09 00:00:00+08:00,45.24602508544922,45.24602508544922,43.367332458496094,44.75422286987305,15249,0.0,0.0
2008-04-10 00:00:00+08:00,44.75422286987305,46.22963333129883,44.26241683959961,44.655860900878906,14233,0.0,0.0
2008-04-11 00:00:00+08:00,44.26241683959961,45.24602508544922,44.26241683959961,44.75422286987305,47783,0.0,0.0
2008-04-14 00:00:00+08:00,44.26241683959961,45.737831115722656,44.26241683959961,45.737831115722656,7116,0.0,0.0
2008-04-15 00:00:00+08:00,44.85258102416992,45.24602508544922,44.85258102416992,45.24602508544922,4066,0.0,0.0
2008-04-16 00:00:00+08:00,45.4427490234375,46.623077392578125,44.065696716308594,46.22963333129883,10670,0.0,0.0
2008-04-17 00:00:00+08:00,45.737831115722656,45.737831115722656,45.34438705444336,45.34438705444336,6099,0.0,0.0
2008-04-18 00:00:00+08:00,45.737831115722656,45.737831115722656,45.24602508544922,45.24602508544922,2033,0.0,0.0
2008-04-21 00:00:00+08:00,46.721439361572266,47.705047607421875,46.22963333129883,46.22963333129883,38568,0.0,0.0
2008-04-22 00:00:00+08:00,46.721439361572266,48.19685363769531,46.721439361572266,48.19685363769531,6099,0.0,0.0
2008-04-23 00:00:00+08:00,47.2132453918457,51.147682189941406,47.2132453918457,47.84275436401367,32127,0.0,0.0
2008-04-24 00:00:00+08:00,51.44276428222656,51.44276428222656,50.1640739440918,51.147682189941406,8139,0.0,0.0
2008-04-25 00:00:00+08:00,52.131290435791016,52.52473449707031,51.147682189941406,52.52473449707031,67417,0.0,0.0
2008-04-28 00:00:00+08:00,52.131290435791016,54.393592834472656,51.147682189941406,52.62309646606445,45936,0.0,0.0
2008-04-29 00:00:00+08:00,51.147682189941406,53.60670471191406,51.147682189941406,52.131290435791016,8637,0.0,0.0
2008-04-30 00:00:00+08:00,52.131290435791016,53.114898681640625,52.131290435791016,52.62309646606445,19316,0.0,0.0
2008-05-02 00:00:00+08:00,52.91817855834961,54.393592834472656,52.131290435791016,52.62309646606445,39649,0.0,0.0
2008-05-05 00:00:00+08:00,53.114898681640625,54.393592834472656,52.62309646606445,53.114898681640625,10184,0.0,0.0
2008-05-06 00:00:00+08:00,54.0985107421875,55.08211898803711,52.131290435791016,52.131290435791016,31943,0.0,0.0
2008-05-07 00:00:00+08:00,52.131290435791016,54.0985107421875,52.131290435791016,53.114898681640625,66027,0.0,0.0
2008-05-08 00:00:00+08:00,54.59031295776367,54.59031295776367,53.114898681640625,53.114898681640625,12199,0.0,0.0
2008-05-09 00:00:00+08:00,52.131290435791016,53.114898681640625,49.18046188354492,51.68866729736328,21349,0.0,0.0
2008-05-12 00:00:00+08:00,52.3280143737793,52.721458435058594,50.75423812866211,51.147682189941406,19438,0.0,0.0
2008-05-13 00:00:00+08:00,51.147682189941406,53.311622619628906,51.147682189941406,53.114898681640625,70200,0.0,0.0
2008-05-14 00:00:00+08:00,53.311622619628906,53.311622619628906,51.147682189941406,53.213260650634766,9890,0.0,0.0
2008-05-15 00:00:00+08:00,53.213260650634766,53.213260650634766,53.213260650634766,53.213260650634766,0,0.0,0.0
2008-05-16 00:00:00+08:00,54.0985107421875,54.0985107421875,52.62309646606445,53.213260650634766,2055,0.0,0.0
2008-05-19 00:00:00+08:00,54.0985107421875,54.0985107421875,53.114898681640625,53.114898681640625,7137,0.0,0.0
2008-05-20 00:00:00+08:00,50.65587615966797,52.62309646606445,50.65587615966797,51.147682189941406,12431,0.0,0.0
2008-05-21 00:00:00+08:00,50.1640739440918,53.90178680419922,50.1640739440918,53.60670471191406,50875,0.0,0.0
2008-05-22 00:00:00+08:00,53.114898681640625,53.114898681640625,52.131290435791016,53.114898681640625,11183,0.0,0.0
2008-05-23 00:00:00+08:00,54.0985107421875,54.0985107421875,51.147682189941406,51.147682189941406,5154,0.0,0.0
2008-05-26 00:00:00+08:00,52.131290435791016,52.131290435791016,51.147682189941406,51.147682189941406,42769,0.0,0.0
2008-05-27 00:00:00+08:00,51.147682189941406,52.131290435791016,50.1640739440918,50.1640739440918,7116,0.0,0.0
2008-05-28 00:00:00+08:00,51.147682189941406,51.147682189941406,50.1640739440918,50.65587615966797,26433,0.0,0.0
2008-05-29 00:00:00+08:00,50.1640739440918,51.147682189941406,49.67226791381836,49.67226791381836,34342,0.0,0.0
2008-05-30 00:00:00+08:00,49.67226791381836,49.67226791381836,48.19685363769531,48.19685363769531,13216,0.0,0.0
2008-06-02 00:00:00+08:00,46.91816329956055,49.67226791381836,46.91816329956055,49.18046188354492,4473,0.0,0.0
2008-06-03 00:00:00+08:00,49.18046188354492,49.18046188354492,49.18046188354492,49.18046188354492,0,0.0,0.0
2008-06-04 00:00:00+08:00,49.67226791381836,49.67226791381836,46.721439361572266,48.68865966796875,4066,0.0,0.0
2008-06-05 00:00:00+08:00,47.2132453918457,49.3771858215332,46.91816329956055,48.19685363769531,4066,0.0,0.0
2008-06-06 00:00:00+08:00,46.42635726928711,49.18046188354492,46.42635726928711,48.68865966796875,15026,0.0,0.0
2008-06-09 00:00:00+08:00,47.2132453918457,49.18046188354492,47.2132453918457,49.18046188354492,16266,0.0,0.0
2008-06-10 00:00:00+08:00,49.18046188354492,50.1640739440918,47.2132453918457,49.18046188354492,24579,0.0,0.0
2008-06-11 00:00:00+08:00,47.2132453918457,49.27882385253906,47.2132453918457,49.27882385253906,18299,0.0,0.0
2008-06-12 00:00:00+08:00,47.11488342285156,48.19685363769531,46.22963333129883,46.22963333129883,36079,0.0,0.0
2008-06-13 00:00:00+08:00,46.22963333129883,47.2132453918457,44.75422286987305,44.75422286987305,24399,0.0,0.0
2008-06-16 00:00:00+08:00,43.957496643066406,46.22963333129883,41.311588287353516,42.09847640991211,37616,0.0,0.0
2008-06-17 00:00:00+08:00,41.311588287353516,41.80339431762695,40.327980041503906,41.311588287353516,22874,0.0,0.0
2008-06-18 00:00:00+08:00,42.295196533203125,42.295196533203125,41.311588287353516,41.311588287353516,2033,0.0,0.0
2008-06-19 00:00:00+08:00,39.3443717956543,43.08208465576172,39.3443717956543,41.311588287353516,2125,0.0,0.0
2008-06-20 00:00:00+08:00,43.08208465576172,43.08208465576172,41.311588287353516,41.311588287353516,3049,0.0,0.0
2008-06-23 00:00:00+08:00,40.81978225708008,41.311588287353516,40.52470016479492,41.311588287353516,9932,0.0,0.0
2008-06-24 00:00:00+08:00,41.5083122253418,41.5083122253418,40.327980041503906,40.81978225708008,24969,0.0,0.0
2008-06-25 00:00:00+08:00,40.327980041503906,40.81978225708008,40.327980041503906,40.81978225708008,4066,0.0,0.0
2008-06-26 00:00:00+08:00,40.81978225708008,40.91814422607422,40.327980041503906,40.81978225708008,29483,0.0,0.0
2008-06-27 00:00:00+08:00,39.737815856933594,40.81978225708008,39.737815856933594,40.327980041503906,9149,0.0,0.0
2008-06-30 00:00:00+08:00,41.655853271484375,41.655853271484375,38.655845642089844,39.3443717956543,9149,0.0,0.0
2008-07-01 00:00:00+08:00,39.83617401123047,40.327980041503906,38.655845642089844,39.147647857666016,7116,0.0,0.0
2008-07-02 00:00:00+08:00,39.83617401123047,40.327980041503906,38.36075973510742,39.83617401123047,14589,0.0,0.0
2008-07-03 00:00:00+08:00,40.327980041503906,40.81978225708008,40.03289794921875,40.03289794921875,3049,0.0,0.0
2008-07-04 00:00:00+08:00,41.0656852722168,41.19355773925781,38.950927734375,40.327980041503906,12199,0.0,0.0
2008-07-07 00:00:00+08:00,40.327980041503906,40.327980041503906,40.327980041503906,40.327980041503906,0,0.0,0.0
2008-07-08 00:00:00+08:00,40.327980041503906,40.327980041503906,40.327980041503906,40.327980041503906,0,0.0,0.0
2008-07-09 00:00:00+08:00,40.327980041503906,40.81978225708008,40.327980041503906,40.81978225708008,2033,0.0,0.0
2008-07-10 00:00:00+08:00,39.83617401123047,40.327980041503906,39.83617401123047,40.131256103515625,4066,0.0,0.0
2008-07-11 00:00:00+08:00,39.83617401123047,40.327980041503906,39.83617401123047,40.327980041503906,4066,0.0,0.0
2008-07-14 00:00:00+08:00,40.327980041503906,40.327980041503906,40.327980041503906,40.327980041503906,0,0.0,0.0
2008-07-15 00:00:00+08:00,39.3443717956543,39.3443717956543,39.3443717956543,39.3443717956543,5083,0.0,0.0
2008-07-16 00:00:00+08:00,39.83617401123047,39.83617401123047,39.3443717956543,39.3443717956543,2033,0.0,0.0
2008-07-17 00:00:00+08:00,39.3443717956543,39.3443717956543,39.3443717956543,39.3443717956543,0,0.0,0.0
2008-07-18 00:00:00+08:00,39.3443717956543,39.3443717956543,39.3443717956543,39.3443717956543,0,0.0,0.0
2008-07-21 00:00:00+08:00,38.36075973510742,38.85256576538086,38.36075973510742,38.85256576538086,50833,0.0,0.0
2008-07-22 00:00:00+08:00,39.3443717956543,39.3443717956543,39.3443717956543,39.3443717956543,2033,0.0,0.0
2008-07-23 00:00:00+08:00,41.01650619506836,41.01650619506836,40.81978225708008,40.81978225708008,4066,0.0,0.0
2008-07-24 00:00:00+08:00,41.311588287353516,42.00011444091797,39.3443717956543,41.311588287353516,17283,0.0,0.0
2008-07-25 00:00:00+08:00,42.09847640991211,42.09847640991211,41.311588287353516,42.09847640991211,11183,0.0,0.0
2008-07-28 00:00:00+08:00,42.09847640991211,42.09847640991211,42.09847640991211,42.09847640991211,0,0.0,0.0
2008-07-29 00:00:00+08:00,42.09847640991211,42.09847640991211,42.09847640991211,42.09847640991211,0,0.0,0.0
2008-07-30 00:00:00+08:00,42.09847640991211,42.09847640991211,42.09847640991211,42.09847640991211,0,0.0,0.0
2008-07-31 00:00:00+08:00,42.09847640991211,42.09847640991211,42.09847640991211,42.09847640991211,0,0.0,0.0
2008-08-01 00:00:00+08:00,42.09847640991211,42.09847640991211,42.09847640991211,42.09847640991211,0,0.0,0.0
2008-08-04 00:00:00+08:00,42.09847640991211,42.09847640991211,42.09847640991211,42.09847640991211,0,0.0,0.0
2008-08-05 00:00:00+08:00,42.09847640991211,42.09847640991211,42.09847640991211,42.09847640991211,0,0.0,0.0
2008-08-06 00:00:00+08:00,42.09847640991211,42.09847640991211,42.09847640991211,42.09847640991211,0,0.0,0.0
2008-08-07 00:00:00+08:00,42.09847640991211,42.09847640991211,42.09847640991211,42.09847640991211,0,0.0,0.0
2008-08-08 00:00:00+08:00,42.09847640991211,42.09847640991211,42.09847640991211,42.09847640991211,0,0.0,0.0
2008-08-11 00:00:00+08:00,42.09847640991211,42.09847640991211,42.09847640991211,42.09847640991211,0,0.0,0.0
2008-08-12 00:00:00+08:00,42.09847640991211,42.09847640991211,42.09847640991211,42.09847640991211,0,0.0,0.0
2008-08-13 00:00:00+08:00,42.09847640991211,42.09847640991211,42.09847640991211,42.09847640991211,0,0.0,0.0
2008-08-14 00:00:00+08:00,42.09847640991211,42.09847640991211,42.09847640991211,42.09847640991211,0,0.0,0.0
2008-08-15 00:00:00+08:00,42.09847640991211,42.09847640991211,42.09847640991211,42.09847640991211,0,0.0,0.0
2008-08-18 00:00:00+08:00,42.295196533203125,42.295196533203125,41.311588287353516,42.295196533203125,10166,0.0,0.0
2008-08-19 00:00:00+08:00,40.52470016479492,41.311588287353516,40.52470016479492,41.311588287353516,2033,0.0,0.0
2008-08-20 00:00:00+08:00,41.311588287353516,41.311588287353516,40.81978225708008,41.311588287353516,8133,0.0,0.0
2008-08-21 00:00:00+08:00,40.2787971496582,40.2787971496582,37.37715148925781,37.52469253540039,29483,0.0,0.0
2008-08-22 00:00:00+08:00,37.37715148925781,37.86895751953125,36.3935432434082,37.37715148925781,23484,0.0,0.0
2008-08-25 00:00:00+08:00,38.45912170410156,38.85256576538086,38.45912170410156,38.85256576538086,12199,0.0,0.0
2008-08-26 00:00:00+08:00,38.85256576538086,38.85256576538086,38.85256576538086,38.85256576538086,0,0.0,0.0
2008-08-27 00:00:00+08:00,38.85256576538086,38.85256576538086,38.85256576538086,38.85256576538086,0,0.0,0.0
2008-08-28 00:00:00+08:00,39.737815856933594,40.52470016479492,39.3443717956543,39.3443717956543,15249,0.0,0.0
2008-08-29 00:00:00+08:00,39.83617401123047,39.83617401123047,39.3443717956543,39.3443717956543,8133,0.0,0.0
2008-09-01 00:00:00+08:00,39.3443717956543,39.3443717956543,39.3443717956543,39.3443717956543,0,0.0,0.0
2008-09-02 00:00:00+08:00,39.3443717956543,39.3443717956543,39.3443717956543,39.3443717956543,1016,0.0,0.0
2008-09-03 00:00:00+08:00,40.327980041503906,41.311588287353516,38.36075973510742,41.311588287353516,27449,0.0,0.0
2008-09-04 00:00:00+08:00,40.81978225708008,41.311588287353516,39.3443717956543,39.3443717956543,26433,0.0,0.0
2008-09-05 00:00:00+08:00,39.83617401123047,40.91814422607422,34.42632293701172,38.5574836730957,26585,0.0,0.0
2008-09-08 00:00:00+08:00,39.54109191894531,39.83617401123047,39.3443717956543,39.83617401123047,15249,0.0,0.0
2008-09-09 00:00:00+08:00,39.93453598022461,40.03289794921875,38.950927734375,40.03289794921875,26433,0.0,0.0
2008-09-10 00:00:00+08:00,39.54109191894531,39.54109191894531,38.85256576538086,39.147647857666016,19316,0.0,0.0
2008-09-11 00:00:00+08:00,39.3443717956543,39.3443717956543,38.85256576538086,39.3443717956543,16266,0.0,0.0
2008-09-12 00:00:00+08:00,37.50502014160156,39.147647857666016,37.50502014160156,38.36075973510742,32533,0.0,0.0
2008-09-15 00:00:00+08:00,37.37715148925781,38.85256576538086,36.91485595703125,37.86895751953125,24399,0.0,0.0
2008-09-16 00:00:00+08:00,37.37715148925781,37.37715148925781,37.1804313659668,37.1804313659668,28466,0.0,0.0
2008-09-17 00:00:00+08:00,37.86895751953125,37.86895751953125,36.68862533569336,37.47551345825195,6099,0.0,0.0
2008-09-18 00:00:00+08:00,35.901737213134766,37.1804313659668,35.901737213134766,36.983707427978516,16368,0.0,0.0
2008-09-19 00:00:00+08:00,36.983707427978516,36.983707427978516,36.983707427978516,36.983707427978516,0,0.0,0.0
2008-09-22 00:00:00+08:00,36.3935432434082,36.885345458984375,36.3935432434082,36.885345458984375,7116,0.0,0.0
2008-09-23 00:00:00+08:00,36.885345458984375,36.885345458984375,36.3935432434082,36.3935432434082,12199,0.0,0.0
2008-09-24 00:00:00+08:00,36.3935432434082,36.3935432434082,36.3935432434082,36.3935432434082,3049,0.0,0.0
2008-09-25 00:00:00+08:00,36.885345458984375,36.885345458984375,36.3935432434082,36.3935432434082,15249,0.0,0.0
2008-09-26 00:00:00+08:00,37.37715148925781,37.37715148925781,36.3935432434082,36.3935432434082,5083,0.0,0.0
2008-09-29 00:00:00+08:00,36.3935432434082,36.3935432434082,36.3935432434082,36.3935432434082,0,0.0,0.0
2008-09-30 00:00:00+08:00,36.59026336669922,36.59026336669922,35.036163330078125,35.901737213134766,9149,0.0,0.0
2008-10-01 00:00:00+08:00,35.40993118286133,35.901737213134766,35.21321105957031,35.21321105957031,17283,0.0,0.0
2008-10-02 00:00:00+08:00,35.40993118286133,35.40993118286133,35.21321105957031,35.21321105957031,10166,0.0,0.0
2008-10-03 00:00:00+08:00,35.21321105957031,35.21321105957031,35.21321105957031,35.21321105957031,0,0.0,0.0
2008-10-06 00:00:00+08:00,35.60665512084961,35.60665512084961,35.40993118286133,35.40993118286133,10166,0.0,0.0
2008-10-07 00:00:00+08:00,35.40993118286133,35.40993118286133,35.40993118286133,35.40993118286133,0,0.0,0.0
2008-10-08 00:00:00+08:00,34.918128967285156,34.918128967285156,33.39353561401367,33.39353561401367,18299,0.0,0.0
2008-10-09 00:00:00+08:00,33.39353561401367,33.39353561401367,33.39353561401367,33.39353561401367,0,0.0,0.0
2008-10-13 00:00:00+08:00,31.475496292114258,31.475496292114258,30.09844207763672,30.09844207763672,14233,0.0,0.0
2008-10-14 00:00:00+08:00,29.508277893066406,33.99353790283203,29.508277893066406,33.99353790283203,12199,0.0,0.0
2008-10-15 00:00:00+08:00,33.99353790283203,33.99353790283203,33.99353790283203,33.99353790283203,0,0.0,0.0
2008-10-16 00:00:00+08:00,33.39353561401367,33.39353561401367,31.475496292114258,32.4591064453125,20333,0.0,0.0
2008-10-17 00:00:00+08:00,31.27877426147461,32.4591064453125,31.27877426147461,32.4591064453125,10166,0.0,0.0
2008-10-20 00:00:00+08:00,32.4591064453125,32.4591064453125,31.239429473876953,31.475496292114258,6099,0.0,0.0
2008-10-21 00:00:00+08:00,31.475496292114258,31.475496292114258,31.475496292114258,31.475496292114258,0,0.0,0.0
2008-10-22 00:00:00+08:00,31.967300415039062,31.967300415039062,30.491886138916016,31.967300415039062,11183,0.0,0.0
2008-10-23 00:00:00+08:00,30.64926528930664,30.786970138549805,30.491886138916016,30.786970138549805,15697,0.0,0.0
2008-10-24 00:00:00+08:00,30.00008201599121,30.491886138916016,29.0164737701416,29.0164737701416,20333,0.0,0.0
2008-10-27 00:00:00+08:00,29.0164737701416,29.0164737701416,29.0164737701416,29.0164737701416,0,0.0,0.0
2008-10-28 00:00:00+08:00,28.32794761657715,28.721389770507812,28.03286361694336,28.32794761657715,56933,0.0,0.0
2008-10-29 00:00:00+08:00,29.22303009033203,29.22303009033203,27.737781524658203,27.737781524658203,80316,0.0,0.0
2008-10-30 00:00:00+08:00,28.524667739868164,29.0164737701416,28.03286361694336,29.0164737701416,17283,0.0,0.0
2008-10-31 00:00:00+08:00,28.524667739868164,29.0164737701416,28.524667739868164,29.0164737701416,4066,0.0,0.0
2008-11-03 00:00:00+08:00,29.704999923706055,29.704999923706055,29.704999923706055,29.704999923706055,1016,0.0,0.0
2008-11-04 00:00:00+08:00,28.32794761657715,28.524667739868164,27.147615432739258,27.88532257080078,30499,0.0,0.0
2008-11-05 00:00:00+08:00,28.03286361694336,28.524667739868164,27.541059494018555,28.03286361694336,14233,0.0,0.0
2008-11-06 00:00:00+08:00,27.737781524658203,27.737781524658203,27.442697525024414,27.442697525024414,6099,0.0,0.0
2008-11-07 00:00:00+08:00,28.03286361694336,28.03286361694336,27.541059494018555,27.541059494018555,12199,0.0,0.0
2008-11-10 00:00:00+08:00,28.32794761657715,28.32794761657715,28.32794761657715,28.32794761657715,6099,0.0,0.0
2008-11-11 00:00:00+08:00,27.737781524658203,27.737781524658203,27.737781524658203,27.737781524658203,1016,0.0,0.0
2008-11-12 00:00:00+08:00,28.298437118530273,28.298437118530273,27.541059494018555,27.541059494018555,2033,0.0,0.0
2008-11-13 00:00:00+08:00,28.03286361694336,28.03286361694336,27.541059494018555,27.541059494018555,5083,0.0,0.0
2008-11-14 00:00:00+08:00,28.03286361694336,28.03286361694336,27.541059494018555,27.541059494018555,6099,0.0,0.0
2008-11-17 00:00:00+08:00,27.098434448242188,27.541059494018555,26.360727310180664,26.75417137145996,18299,0.0,0.0
2008-11-18 00:00:00+08:00,27.04925537109375,27.04925537109375,26.065645217895508,26.065645217895508,11183,0.0,0.0
2008-11-19 00:00:00+08:00,26.114826202392578,26.114826202392578,25.082035064697266,25.573841094970703,8133,0.0,0.0
2008-11-20 00:00:00+08:00,25.278757095336914,25.573841094970703,25.082035064697266,25.082035064697266,6099,0.0,0.0
2008-11-21 00:00:00+08:00,24.59023094177246,24.59023094177246,22.9180965423584,23.60662269592285,51178,0.0,0.0
2008-11-24 00:00:00+08:00,23.55744171142578,23.55744171142578,22.62301254272461,22.62301254272461,21349,0.0,0.0
2008-11-25 00:00:00+08:00,22.62301254272461,22.62301254272461,22.62301254272461,22.62301254272461,0,0.0,0.0
2008-11-26 00:00:00+08:00,23.213178634643555,23.213178634643555,21.806617736816406,22.131208419799805,19316,0.0,0.0
2008-11-27 00:00:00+08:00,21.737764358520508,22.131208419799805,19.868907928466797,19.868907928466797,39971,0.0,0.0
2008-11-28 00:00:00+08:00,19.67218589782715,19.868907928466797,19.573823928833008,19.67218589782715,18299,0.0,0.0
2008-12-01 00:00:00+08:00,19.868907928466797,19.967267990112305,19.10169219970703,19.67218589782715,33549,0.0,0.0
2008-12-02 00:00:00+08:00,19.67218589782715,19.67218589782715,19.67218589782715,19.67218589782715,10166,0.0,0.0
2008-12-03 00:00:00+08:00,19.67218589782715,19.770545959472656,19.67218589782715,19.67218589782715,14233,0.0,0.0
2008-12-04 00:00:00+08:00,20.065628051757812,20.655794143676758,19.67218589782715,20.065628051757812,21349,0.0,0.0
2008-12-05 00:00:00+08:00,20.45907211303711,20.655794143676758,20.45907211303711,20.655794143676758,6099,0.0,0.0
2008-12-08 00:00:00+08:00,21.147598266601562,21.41317367553711,21.147598266601562,21.41317367553711,2134,0.0,0.0
2008-12-09 00:00:00+08:00,21.44268226623535,22.72137451171875,21.44268226623535,22.72137451171875,10166,0.0,0.0
2008-12-10 00:00:00+08:00,22.868915557861328,24.63941192626953,22.868915557861328,24.63941192626953,12199,0.0,0.0
2008-12-11 00:00:00+08:00,24.393510818481445,24.393510818481445,24.393510818481445,24.393510818481445,1016,0.0,0.0
2008-12-12 00:00:00+08:00,24.186952590942383,24.186952590942383,21.639404296875,21.639404296875,4066,0.0,0.0
2008-12-15 00:00:00+08:00,21.639404296875,21.639404296875,21.639404296875,21.639404296875,0,0.0,0.0
2008-12-16 00:00:00+08:00,23.88203239440918,23.88203239440918,23.88203239440918,23.88203239440918,2033,0.0,0.0
2008-12-17 00:00:00+08:00,24.6885929107666,25.082035064697266,24.59023094177246,24.59023094177246,9149,0.0,0.0
2008-12-18 00:00:00+08:00,24.59023094177246,24.59023094177246,24.59023094177246,24.59023094177246,0,0.0,0.0
2008-12-19 00:00:00+08:00,25.67220115661621,25.77056312561035,25.67220115661621,25.77056312561035,4066,0.0,0.0
2008-12-22 00:00:00+08:00,25.77056312561035,25.77056312561035,25.77056312561035,25.77056312561035,0,0.0,0.0
2008-12-23 00:00:00+08:00,25.573841094970703,25.573841094970703,24.78695297241211,24.78695297241211,3049,0.0,0.0
2008-12-24 00:00:00+08:00,24.59023094177246,25.377119064331055,24.541051864624023,25.377119064331055,6099,0.0,0.0
2008-12-25 00:00:00+08:00,25.377119064331055,25.377119064331055,25.377119064331055,25.377119064331055,0,0.0,0.0
2008-12-26 00:00:00+08:00,25.377119064331055,25.377119064331055,24.30498504638672,24.30498504638672,8133,0.0,0.0
2008-12-29 00:00:00+08:00,24.59023094177246,24.983675003051758,23.409900665283203,23.409900665283203,13216,0.0,0.0
2008-12-30 00:00:00+08:00,24.098426818847656,24.196788787841797,23.901704788208008,23.901704788208008,6099,0.0,0.0
2008-12-31 00:00:00+08:00,23.901704788208008,23.901704788208008,23.901704788208008,23.901704788208008,0,0.0,0.0
2009-01-02 00:00:00+08:00,23.901704788208008,23.901704788208008,23.901704788208008,23.901704788208008,0,0.0,0.0
2009-01-05 00:00:00+08:00,24.9443302154541,25.082035064697266,24.93449592590332,25.082035064697266,8133,0.0,0.0
2009-01-06 00:00:00+08:00,25.573841094970703,25.573841094970703,25.573841094970703,25.573841094970703,1016,0.0,0.0
2009-01-07 00:00:00+08:00,25.829578399658203,25.86892318725586,25.573841094970703,25.77056312561035,6099,0.0,0.0
2009-01-08 00:00:00+08:00,25.77056312561035,25.77056312561035,25.77056312561035,25.77056312561035,0,0.0,0.0
2009-01-09 00:00:00+08:00,26.02630043029785,26.02630043029785,26.02630043029785,26.02630043029785,4066,0.0,0.0
2009-01-12 00:00:00+08:00,26.75417137145996,31.524677276611328,26.75417137145996,31.524677276611328,50552,0.0,0.0
2009-01-13 00:00:00+08:00,26.75417137145996,32.0656623840332,26.75417137145996,30.491886138916016,9149,0.0,0.0
2009-01-14 00:00:00+08:00,31.475496292114258,32.09516906738281,31.475496292114258,32.09516906738281,5083,0.0,0.0
2009-01-15 00:00:00+08:00,31.475496292114258,31.475496292114258,31.27877426147461,31.475496292114258,14233,0.0,0.0
2009-01-16 00:00:00+08:00,32.8525505065918,34.04271697998047,31.475496292114258,32.8525505065918,22366,0.0,0.0
2009-01-19 00:00:00+08:00,32.8525505065918,32.8525505065918,32.8525505065918,32.8525505065918,0,0.0,0.0
2009-01-20 00:00:00+08:00,32.8525505065918,32.8525505065918,32.8525505065918,32.8525505065918,0,0.0,0.0
2009-01-21 00:00:00+08:00,34.623046875,34.819766998291016,34.42632293701172,34.42632293701172,8133,0.0,0.0
2009-02-02 00:00:00+08:00,34.42632293701172,34.42632293701172,34.42632293701172,34.42632293701172,0,0.0,0.0
2009-02-03 00:00:00+08:00,33.44271469116211,33.44271469116211,33.44271469116211,33.44271469116211,2033,0.0,0.0
2009-02-04 00:00:00+08:00,33.44271469116211,34.42632293701172,33.44271469116211,33.44271469116211,8133,0.0,0.0
2009-02-05 00:00:00+08:00,33.93452072143555,34.42632293701172,32.655826568603516,33.63943862915039,22366,0.0,0.0
2009-02-06 00:00:00+08:00,33.245994567871094,33.93452072143555,33.245994567871094,33.836158752441406,5083,0.0,0.0
2009-02-09 00:00:00+08:00,33.93452072143555,35.40993118286133,33.93452072143555,35.40993118286133,16266,0.0,0.0
2009-02-10 00:00:00+08:00,36.19681930541992,36.19681930541992,35.40993118286133,35.40993118286133,4066,0.0,0.0
2009-02-11 00:00:00+08:00,36.147640228271484,36.68862533569336,35.40993118286133,36.3935432434082,40537,0.0,0.0
2009-02-12 00:00:00+08:00,36.3935432434082,36.885345458984375,36.3935432434082,36.68862533569336,22467,0.0,0.0
2009-02-13 00:00:00+08:00,37.64272689819336,37.64272689819336,35.901737213134766,36.885345458984375,8133,0.0,0.0
2009-02-16 00:00:00+08:00,36.885345458984375,36.885345458984375,36.885345458984375,36.885345458984375,0,0.0,0.0
2009-02-17 00:00:00+08:00,36.885345458984375,36.885345458984375,36.885345458984375,36.885345458984375,0,0.0,0.0
2009-02-18 00:00:00+08:00,36.885345458984375,36.885345458984375,36.885345458984375,36.885345458984375,0,0.0,0.0
2009-02-19 00:00:00+08:00,36.885345458984375,36.885345458984375,36.885345458984375,36.885345458984375,0,0.0,0.0
2009-02-20 00:00:00+08:00,36.885345458984375,36.885345458984375,36.885345458984375,36.885345458984375,0,0.0,0.0
2009-02-23 00:00:00+08:00,36.885345458984375,36.885345458984375,36.885345458984375,36.885345458984375,0,0.0,0.0
2009-02-24 00:00:00+08:00,36.885345458984375,36.885345458984375,36.885345458984375,36.885345458984375,0,0.0,0.0
2009-02-25 00:00:00+08:00,36.885345458984375,36.885345458984375,36.885345458984375,36.885345458984375,0,0.0,0.0
2009-02-26 00:00:00+08:00,36.885345458984375,36.885345458984375,36.885345458984375,36.885345458984375,0,0.0,0.0
2009-02-27 00:00:00+08:00,36.885345458984375,36.885345458984375,36.885345458984375,36.885345458984375,0,0.0,0.0
2009-03-02 00:00:00+08:00,36.885345458984375,36.885345458984375,36.885345458984375,36.885345458984375,0,0.0,0.0
2009-03-03 00:00:00+08:00,36.885345458984375,36.885345458984375,36.885345458984375,36.885345458984375,0,0.0,0.0
2009-03-04 00:00:00+08:00,36.885345458984375,36.885345458984375,36.885345458984375,36.885345458984375,0,0.0,0.0
2009-03-05 00:00:00+08:00,36.885345458984375,36.885345458984375,36.885345458984375,36.885345458984375,0,0.0,0.0
2009-03-06 00:00:00+08:00,36.885345458984375,36.885345458984375,36.885345458984375,36.885345458984375,0,0.0,0.0
2009-03-09 00:00:00+08:00,36.885345458984375,36.885345458984375,36.885345458984375,36.885345458984375,0,0.0,0.0
2009-03-10 00:00:00+08:00,36.885345458984375,36.885345458984375,36.885345458984375,36.885345458984375,0,0.0,0.0
2009-03-11 00:00:00+08:00,36.885345458984375,36.885345458984375,36.885345458984375,36.885345458984375,0,0.0,0.0
2009-03-12 00:00:00+08:00,36.885345458984375,36.885345458984375,36.885345458984375,36.885345458984375,0,0.0,0.0
2009-03-13 00:00:00+08:00,36.885345458984375,36.885345458984375,36.885345458984375,36.885345458984375,0,0.0,0.0
2009-03-16 00:00:00+08:00,36.885345458984375,36.885345458984375,36.885345458984375,36.885345458984375,0,0.0,0.0
2009-03-17 00:00:00+08:00,36.885345458984375,36.885345458984375,36.885345458984375,36.885345458984375,0,0.0,0.0
2009-03-18 00:00:00+08:00,36.885345458984375,36.885345458984375,36.885345458984375,36.885345458984375,0,0.0,0.0
2009-03-19 00:00:00+08:00,36.885345458984375,36.885345458984375,36.885345458984375,36.885345458984375,0,0.0,0.0
2009-03-20 00:00:00+08:00,36.885345458984375,36.885345458984375,36.885345458984375,36.885345458984375,0,0.0,0.0
2009-03-23 00:00:00+08:00,36.885345458984375,36.885345458984375,36.885345458984375,36.885345458984375,0,0.0,0.0
2009-03-24 00:00:00+08:00,36.885345458984375,36.885345458984375,36.885345458984375,36.885345458984375,0,0.0,0.0
2009-03-25 00:00:00+08:00,36.885345458984375,36.885345458984375,36.885345458984375,36.885345458984375,0,0.0,0.0
2009-03-26 00:00:00+08:00,36.885345458984375,36.885345458984375,36.885345458984375,36.885345458984375,0,0.0,0.0
2009-03-27 00:00:00+08:00,36.885345458984375,36.885345458984375,36.885345458984375,36.885345458984375,0,0.0,0.0
2009-03-30 00:00:00+08:00,36.885345458984375,36.885345458984375,36.885345458984375,36.885345458984375,0,0.0,0.0
2009-03-31 00:00:00+08:00,36.885345458984375,36.885345458984375,36.885345458984375,36.885345458984375,0,0.0,0.0
2009-04-02 00:00:00+08:00,36.885345458984375,36.885345458984375,36.885345458984375,36.885345458984375,0,0.0,0.0
2009-04-03 00:00:00+08:00,36.885345458984375,36.885345458984375,36.885345458984375,36.885345458984375,0,0.0,0.0
2009-04-06 00:00:00+08:00,36.885345458984375,36.885345458984375,36.885345458984375,36.885345458984375,0,0.0,0.0
2009-04-07 00:00:00+08:00,36.885345458984375,36.885345458984375,36.885345458984375,36.885345458984375,0,0.0,0.0
2009-04-08 00:00:00+08:00,36.885345458984375,36.885345458984375,36.885345458984375,36.885345458984375,0,0.0,0.0
2009-04-09 00:00:00+08:00,36.885345458984375,36.885345458984375,36.885345458984375,36.885345458984375,0,0.0,0.0
2009-04-10 00:00:00+08:00,36.885345458984375,36.885345458984375,36.885345458984375,36.885345458984375,0,0.0,0.0
2009-04-13 00:00:00+08:00,36.885345458984375,36.885345458984375,36.885345458984375,36.885345458984375,0,0.0,0.0
2009-04-14 00:00:00+08:00,36.885345458984375,36.885345458984375,36.885345458984375,36.885345458984375,0,0.0,0.0
2009-04-15 00:00:00+08:00,36.885345458984375,36.885345458984375,36.885345458984375,36.885345458984375,0,0.0,0.0
2009-04-16 00:00:00+08:00,36.885345458984375,36.885345458984375,36.885345458984375,36.885345458984375,0,0.0,0.0
2009-04-17 00:00:00+08:00,36.885345458984375,36.885345458984375,36.885345458984375,36.885345458984375,0,0.0,0.0
2009-04-20 00:00:00+08:00,36.885345458984375,36.885345458984375,36.885345458984375,36.885345458984375,0,0.0,0.0
2009-04-21 00:00:00+08:00,36.885345458984375,36.885345458984375,36.885345458984375,36.885345458984375,0,0.0,0.0
2009-04-22 00:00:00+08:00,36.885345458984375,36.885345458984375,36.885345458984375,36.885345458984375,0,0.0,0.0
2009-04-23 00:00:00+08:00,36.885345458984375,36.885345458984375,36.885345458984375,36.885345458984375,0,0.0,0.0
2009-04-24 00:00:00+08:00,36.885345458984375,36.885345458984375,36.885345458984375,36.885345458984375,0,0.0,0.0
2009-04-27 00:00:00+08:00,36.885345458984375,36.885345458984375,36.885345458984375,36.885345458984375,0,0.0,0.0
2009-04-28 00:00:00+08:00,36.885345458984375,36.885345458984375,36.885345458984375,36.885345458984375,0,0.0,0.0
2009-04-29 00:00:00+08:00,36.885345458984375,36.885345458984375,36.885345458984375,36.885345458984375,0,0.0,0.0
2009-04-30 00:00:00+08:00,36.885345458984375,36.885345458984375,36.885345458984375,36.885345458984375,0,0.0,0.0
2009-05-04 00:00:00+08:00,36.885345458984375,36.885345458984375,36.885345458984375,36.885345458984375,0,0.0,0.0
2009-05-05 00:00:00+08:00,36.885345458984375,36.885345458984375,36.885345458984375,36.885345458984375,0,0.0,0.0
2009-05-06 00:00:00+08:00,36.885345458984375,36.885345458984375,36.885345458984375,36.885345458984375,0,0.0,0.0
2009-05-07 00:00:00+08:00,36.885345458984375,36.885345458984375,36.885345458984375,36.885345458984375,0,0.0,0.0
2009-05-08 00:00:00+08:00,36.885345458984375,36.885345458984375,36.885345458984375,36.885345458984375,0,0.0,0.0
2009-05-11 00:00:00+08:00,36.885345458984375,36.885345458984375,36.885345458984375,36.885345458984375,0,0.0,0.0
2009-05-12 00:00:00+08:00,36.885345458984375,36.885345458984375,36.885345458984375,36.885345458984375,0,0.0,0.0
2009-05-13 00:00:00+08:00,36.885345458984375,36.885345458984375,36.885345458984375,36.885345458984375,0,0.0,0.0
2009-05-14 00:00:00+08:00,36.885345458984375,36.885345458984375,36.885345458984375,36.885345458984375,0,0.0,0.0
2009-05-15 00:00:00+08:00,36.885345458984375,36.885345458984375,36.885345458984375,36.885345458984375,0,0.0,0.0
2009-05-18 00:00:00+08:00,36.885345458984375,36.885345458984375,36.885345458984375,36.885345458984375,0,0.0,0.0
2009-05-19 00:00:00+08:00,36.885345458984375,36.885345458984375,36.885345458984375,36.885345458984375,0,0.0,0.0
2009-05-20 00:00:00+08:00,36.885345458984375,36.885345458984375,36.885345458984375,36.885345458984375,0,0.0,0.0
2009-05-21 00:00:00+08:00,36.885345458984375,36.885345458984375,36.885345458984375,36.885345458984375,0,0.0,0.0
2009-05-22 00:00:00+08:00,36.885345458984375,36.885345458984375,36.885345458984375,36.885345458984375,0,0.0,0.0
2009-05-25 00:00:00+08:00,36.885345458984375,36.885345458984375,36.885345458984375,36.885345458984375,0,0.0,0.0
2009-05-26 00:00:00+08:00,36.885345458984375,36.885345458984375,36.885345458984375,36.885345458984375,0,0.0,0.0
2009-05-27 00:00:00+08:00,36.885345458984375,36.885345458984375,36.885345458984375,36.885345458984375,0,0.0,0.0
2009-06-01 00:00:00+08:00,36.885345458984375,36.885345458984375,36.885345458984375,36.885345458984375,0,0.0,0.0
2009-06-02 00:00:00+08:00,36.885345458984375,36.885345458984375,36.885345458984375,36.885345458984375,0,0.0,0.0
2009-06-03 00:00:00+08:00,36.885345458984375,36.885345458984375,36.885345458984375,36.885345458984375,0,0.0,0.0
2009-06-04 00:00:00+08:00,36.885345458984375,36.885345458984375,36.885345458984375,36.885345458984375,0,0.0,0.0
2009-06-05 00:00:00+08:00,36.885345458984375,36.885345458984375,36.885345458984375,36.885345458984375,0,0.0,0.0
2009-06-08 00:00:00+08:00,36.885345458984375,36.885345458984375,36.885345458984375,36.885345458984375,0,0.0,0.0
2009-06-09 00:00:00+08:00,36.885345458984375,36.885345458984375,36.885345458984375,36.885345458984375,0,0.0,0.0
2009-06-10 00:00:00+08:00,36.885345458984375,36.885345458984375,36.885345458984375,36.885345458984375,0,0.0,0.0
2009-06-11 00:00:00+08:00,36.885345458984375,36.885345458984375,36.885345458984375,36.885345458984375,0,0.0,0.0
2009-06-12 00:00:00+08:00,36.885345458984375,36.885345458984375,36.885345458984375,36.885345458984375,0,0.0,0.0
2009-06-15 00:00:00+08:00,36.885345458984375,36.885345458984375,36.885345458984375,36.885345458984375,0,0.0,0.0
2009-06-16 00:00:00+08:00,36.885345458984375,36.885345458984375,36.885345458984375,36.885345458984375,0,0.0,0.0
2009-06-17 00:00:00+08:00,36.885345458984375,36.885345458984375,36.885345458984375,36.885345458984375,0,0.0,0.0
2009-06-18 00:00:00+08:00,36.885345458984375,36.885345458984375,36.885345458984375,36.885345458984375,0,0.0,0.0
2009-06-19 00:00:00+08:00,36.885345458984375,36.885345458984375,36.885345458984375,36.885345458984375,0,0.0,0.0
2009-06-22 00:00:00+08:00,36.885345458984375,36.885345458984375,36.885345458984375,36.885345458984375,0,0.0,0.0
2009-06-23 00:00:00+08:00,36.885345458984375,36.885345458984375,36.885345458984375,36.885345458984375,0,0.0,0.0
2009-06-24 00:00:00+08:00,36.885345458984375,36.885345458984375,36.885345458984375,36.885345458984375,0,0.0,0.0
2009-06-25 00:00:00+08:00,36.885345458984375,36.885345458984375,36.885345458984375,36.885345458984375,0,0.0,0.0
2009-06-26 00:00:00+08:00,36.885345458984375,36.885345458984375,36.885345458984375,36.885345458984375,0,0.0,0.0
2009-06-29 00:00:00+08:00,36.885345458984375,36.885345458984375,36.885345458984375,36.885345458984375,0,0.0,0.0
2009-06-30 00:00:00+08:00,36.885345458984375,36.885345458984375,36.885345458984375,36.885345458984375,0,0.0,0.0
2009-07-01 00:00:00+08:00,36.885345458984375,36.885345458984375,36.885345458984375,36.885345458984375,0,0.0,0.0
2009-07-02 00:00:00+08:00,36.885345458984375,36.885345458984375,36.885345458984375,36.885345458984375,0,0.0,0.0
2009-07-03 00:00:00+08:00,36.885345458984375,36.885345458984375,36.885345458984375,36.885345458984375,0,0.0,0.0
2009-07-06 00:00:00+08:00,36.885345458984375,36.885345458984375,36.885345458984375,36.885345458984375,0,0.0,0.0
2009-07-07 00:00:00+08:00,36.885345458984375,36.885345458984375,36.885345458984375,36.885345458984375,0,0.0,0.0
2009-07-08 00:00:00+08:00,36.885345458984375,36.885345458984375,36.885345458984375,36.885345458984375,0,0.0,0.0
2009-07-09 00:00:00+08:00,36.885345458984375,36.885345458984375,36.885345458984375,36.885345458984375,0,0.0,0.0
2009-07-10 00:00:00+08:00,36.885345458984375,36.885345458984375,36.885345458984375,36.885345458984375,0,0.0,0.0
2009-07-13 00:00:00+08:00,36.885345458984375,36.885345458984375,36.885345458984375,36.885345458984375,0,0.0,0.0
2009-07-14 00:00:00+08:00,36.885345458984375,36.885345458984375,36.885345458984375,36.885345458984375,0,0.0,0.0
2009-07-15 00:00:00+08:00,36.885345458984375,36.885345458984375,36.885345458984375,36.885345458984375,0,0.0,0.0
2009-07-16 00:00:00+08:00,36.885345458984375,36.885345458984375,36.885345458984375,36.885345458984375,0,0.0,0.0
2009-07-17 00:00:00+08:00,36.885345458984375,36.885345458984375,36.885345458984375,36.885345458984375,0,0.0,0.0
2009-07-20 00:00:00+08:00,36.885345458984375,36.885345458984375,36.885345458984375,36.885345458984375,0,0.0,0.0
2009-07-21 00:00:00+08:00,36.885345458984375,36.885345458984375,36.885345458984375,36.885345458984375,0,0.0,0.0
2009-07-22 00:00:00+08:00,36.885345458984375,36.885345458984375,36.885345458984375,36.885345458984375,0,0.0,0.0
2009-07-23 00:00:00+08:00,36.885345458984375,36.885345458984375,36.885345458984375,36.885345458984375,0,0.0,0.0
2009-07-24 00:00:00+08:00,36.885345458984375,36.885345458984375,36.885345458984375,36.885345458984375,0,0.0,0.0
2009-07-27 00:00:00+08:00,36.885345458984375,36.885345458984375,36.885345458984375,36.885345458984375,0,0.0,0.0
2009-07-28 00:00:00+08:00,36.885345458984375,36.885345458984375,36.885345458984375,36.885345458984375,0,0.0,0.0
2009-07-29 00:00:00+08:00,36.885345458984375,36.885345458984375,36.885345458984375,36.885345458984375,0,0.0,0.0
2009-07-30 00:00:00+08:00,36.885345458984375,36.885345458984375,36.885345458984375,36.885345458984375,0,0.0,0.0
2009-07-31 00:00:00+08:00,36.885345458984375,36.885345458984375,36.885345458984375,36.885345458984375,0,0.0,0.0
2009-08-03 00:00:00+08:00,36.885345458984375,36.885345458984375,36.885345458984375,36.885345458984375,0,0.0,0.0
2009-08-04 00:00:00+08:00,36.885345458984375,36.885345458984375,36.885345458984375,36.885345458984375,0,0.0,0.0
2009-08-05 00:00:00+08:00,36.885345458984375,36.885345458984375,36.885345458984375,36.885345458984375,0,0.0,0.0
2009-08-06 00:00:00+08:00,36.885345458984375,36.885345458984375,36.885345458984375,36.885345458984375,0,0.0,0.0
2009-08-07 00:00:00+08:00,36.885345458984375,36.885345458984375,36.885345458984375,36.885345458984375,0,0.0,0.0
2009-08-10 00:00:00+08:00,36.885345458984375,36.885345458984375,36.885345458984375,36.885345458984375,0,0.0,0.0
2009-08-11 00:00:00+08:00,36.885345458984375,36.885345458984375,36.885345458984375,36.885345458984375,0,0.0,0.0
2009-08-12 00:00:00+08:00,36.885345458984375,36.885345458984375,36.885345458984375,36.885345458984375,0,0.0,0.0
2009-08-13 00:00:00+08:00,36.885345458984375,36.885345458984375,36.885345458984375,36.885345458984375,0,0.0,0.0
2009-08-14 00:00:00+08:00,36.885345458984375,36.885345458984375,36.885345458984375,36.885345458984375,0,0.0,0.0
2009-08-17 00:00:00+08:00,36.885345458984375,36.885345458984375,36.885345458984375,36.885345458984375,0,0.0,0.0
2009-08-18 00:00:00+08:00,36.885345458984375,36.885345458984375,36.885345458984375,36.885345458984375,0,0.0,0.0
2009-08-19 00:00:00+08:00,36.885345458984375,36.885345458984375,36.885345458984375,36.885345458984375,0,0.0,0.0
2009-08-20 00:00:00+08:00,36.885345458984375,36.885345458984375,36.885345458984375,36.885345458984375,0,0.0,0.0
2009-08-21 00:00:00+08:00,36.885345458984375,36.885345458984375,36.885345458984375,36.885345458984375,0,0.0,0.0
2009-08-24 00:00:00+08:00,36.885345458984375,36.885345458984375,36.885345458984375,36.885345458984375,0,0.0,0.0
2009-08-25 00:00:00+08:00,36.885345458984375,36.885345458984375,36.885345458984375,36.885345458984375,0,0.0,0.0
2009-08-26 00:00:00+08:00,36.885345458984375,36.885345458984375,36.885345458984375,36.885345458984375,0,0.0,0.0
2009-08-27 00:00:00+08:00,36.885345458984375,36.885345458984375,36.885345458984375,36.885345458984375,0,0.0,0.0
2009-08-28 00:00:00+08:00,36.885345458984375,36.885345458984375,36.885345458984375,36.885345458984375,0,0.0,0.0
2009-08-31 00:00:00+08:00,36.885345458984375,36.885345458984375,36.885345458984375,36.885345458984375,0,0.0,0.0
2009-09-01 00:00:00+08:00,36.885345458984375,36.885345458984375,36.885345458984375,36.885345458984375,0,0.0,0.0
2009-09-02 00:00:00+08:00,36.885345458984375,36.885345458984375,36.885345458984375,36.885345458984375,0,0.0,0.0
2009-09-03 00:00:00+08:00,36.885345458984375,36.885345458984375,36.885345458984375,36.885345458984375,0,0.0,0.0
2009-09-04 00:00:00+08:00,36.885345458984375,36.885345458984375,36.885345458984375,36.885345458984375,0,0.0,0.0
2009-09-07 00:00:00+08:00,36.885345458984375,36.885345458984375,36.885345458984375,36.885345458984375,0,0.0,0.0
2009-09-08 00:00:00+08:00,36.885345458984375,36.885345458984375,36.885345458984375,36.885345458984375,0,0.0,0.0
2009-09-09 00:00:00+08:00,36.885345458984375,36.885345458984375,36.885345458984375,36.885345458984375,0,0.0,0.0
2009-09-10 00:00:00+08:00,36.885345458984375,36.885345458984375,36.885345458984375,36.885345458984375,0,0.0,0.0
2009-09-11 00:00:00+08:00,36.885345458984375,36.885345458984375,36.885345458984375,36.885345458984375,0,0.0,0.0
2009-09-14 00:00:00+08:00,36.885345458984375,36.885345458984375,36.885345458984375,36.885345458984375,0,0.0,0.0
2009-09-15 00:00:00+08:00,36.885345458984375,36.885345458984375,36.885345458984375,36.885345458984375,0,0.0,0.0
2009-09-16 00:00:00+08:00,36.885345458984375,36.885345458984375,36.885345458984375,36.885345458984375,0,0.0,0.0
2009-09-17 00:00:00+08:00,36.885345458984375,36.885345458984375,36.885345458984375,36.885345458984375,0,0.0,0.0
2009-09-18 00:00:00+08:00,36.885345458984375,36.885345458984375,36.885345458984375,36.885345458984375,0,0.0,0.0
2009-09-21 00:00:00+08:00,36.885345458984375,36.885345458984375,36.885345458984375,36.885345458984375,0,0.0,0.0
2009-09-22 00:00:00+08:00,36.885345458984375,36.885345458984375,36.885345458984375,36.885345458984375,0,0.0,0.0
2009-09-23 00:00:00+08:00,36.885345458984375,36.885345458984375,36.885345458984375,36.885345458984375,0,0.0,0.0
2009-09-24 00:00:00+08:00,36.885345458984375,36.885345458984375,36.885345458984375,36.885345458984375,0,0.0,0.0
2009-09-25 00:00:00+08:00,36.885345458984375,36.885345458984375,36.885345458984375,36.885345458984375,0,0.0,0.0
2009-09-28 00:00:00+08:00,36.885345458984375,36.885345458984375,36.885345458984375,36.885345458984375,0,0.0,0.0
2009-09-29 00:00:00+08:00,36.885345458984375,36.885345458984375,36.885345458984375,36.885345458984375,0,0.0,0.0
2009-09-30 00:00:00+08:00,36.885345458984375,36.885345458984375,36.885345458984375,36.885345458984375,0,0.0,0.0
2009-10-01 00:00:00+08:00,36.885345458984375,36.885345458984375,36.885345458984375,36.885345458984375,0,0.0,0.0
2009-10-02 00:00:00+08:00,36.885345458984375,36.885345458984375,36.885345458984375,36.885345458984375,0,0.0,0.0
2009-10-05 00:00:00+08:00,36.885345458984375,36.885345458984375,36.885345458984375,36.885345458984375,0,0.0,0.0
2009-10-06 00:00:00+08:00,36.885345458984375,36.885345458984375,36.885345458984375,36.885345458984375,0,0.0,0.0
2009-10-07 00:00:00+08:00,36.885345458984375,36.885345458984375,36.885345458984375,36.885345458984375,0,0.0,0.0
2009-10-08 00:00:00+08:00,36.885345458984375,36.885345458984375,36.885345458984375,36.885345458984375,0,0.0,0.0
2009-10-09 00:00:00+08:00,36.885345458984375,36.885345458984375,36.885345458984375,36.885345458984375,0,0.0,0.0
2009-10-12 00:00:00+08:00,36.885345458984375,36.885345458984375,36.885345458984375,36.885345458984375,0,0.0,0.0
2009-10-13 00:00:00+08:00,36.885345458984375,36.885345458984375,36.885345458984375,36.885345458984375,0,0.0,0.0
2009-10-14 00:00:00+08:00,36.885345458984375,36.885345458984375,36.885345458984375,36.885345458984375,0,0.0,0.0
2009-10-15 00:00:00+08:00,36.885345458984375,36.885345458984375,36.885345458984375,36.885345458984375,0,0.0,0.0
2009-10-16 00:00:00+08:00,36.885345458984375,36.885345458984375,36.885345458984375,36.885345458984375,0,0.0,0.0
2009-10-19 00:00:00+08:00,36.885345458984375,36.885345458984375,36.885345458984375,36.885345458984375,0,0.0,0.0
2009-10-20 00:00:00+08:00,36.885345458984375,36.885345458984375,36.885345458984375,36.885345458984375,0,0.0,0.0
2009-10-21 00:00:00+08:00,36.885345458984375,36.885345458984375,36.885345458984375,36.885345458984375,0,0.0,0.0
2009-10-22 00:00:00+08:00,36.885345458984375,36.885345458984375,36.885345458984375,36.885345458984375,0,0.0,0.0
2009-10-23 00:00:00+08:00,36.885345458984375,36.885345458984375,36.885345458984375,36.885345458984375,0,0.0,0.0
2009-10-26 00:00:00+08:00,36.885345458984375,36.885345458984375,36.885345458984375,36.885345458984375,0,0.0,0.0
2009-10-27 00:00:00+08:00,36.885345458984375,36.885345458984375,36.885345458984375,36.885345458984375,0,0.0,0.0
2009-10-28 00:00:00+08:00,36.885345458984375,36.885345458984375,36.885345458984375,36.885345458984375,0,0.0,0.0
2009-10-29 00:00:00+08:00,36.885345458984375,36.885345458984375,36.885345458984375,36.885345458984375,0,0.0,0.0
2009-10-30 00:00:00+08:00,36.885345458984375,36.885345458984375,36.885345458984375,36.885345458984375,0,0.0,0.0
2009-11-02 00:00:00+08:00,36.885345458984375,36.885345458984375,36.885345458984375,36.885345458984375,0,0.0,0.0
2009-11-03 00:00:00+08:00,36.885345458984375,36.885345458984375,36.885345458984375,36.885345458984375,0,0.0,0.0
2009-11-04 00:00:00+08:00,36.885345458984375,36.885345458984375,36.885345458984375,36.885345458984375,0,0.0,0.0
2009-11-05 00:00:00+08:00,36.885345458984375,36.885345458984375,36.885345458984375,36.885345458984375,0,0.0,0.0
2009-11-06 00:00:00+08:00,36.885345458984375,36.885345458984375,36.885345458984375,36.885345458984375,0,0.0,0.0
2009-11-09 00:00:00+08:00,36.885345458984375,36.885345458984375,36.885345458984375,36.885345458984375,0,0.0,0.0
2009-11-10 00:00:00+08:00,36.885345458984375,36.885345458984375,36.885345458984375,36.885345458984375,0,0.0,0.0
2009-11-11 00:00:00+08:00,36.885345458984375,36.885345458984375,36.885345458984375,36.885345458984375,0,0.0,0.0
2009-11-12 00:00:00+08:00,36.885345458984375,36.885345458984375,36.885345458984375,36.885345458984375,0,0.0,0.0
2009-11-13 00:00:00+08:00,36.885345458984375,36.885345458984375,36.885345458984375,36.885345458984375,0,0.0,0.0
2009-11-16 00:00:00+08:00,36.885345458984375,36.885345458984375,36.885345458984375,36.885345458984375,0,0.0,0.0
2009-11-17 00:00:00+08:00,36.885345458984375,36.885345458984375,36.885345458984375,36.885345458984375,0,0.0,0.0
2009-11-18 00:00:00+08:00,36.885345458984375,36.885345458984375,36.885345458984375,36.885345458984375,0,0.0,0.0
2009-11-19 00:00:00+08:00,36.885345458984375,36.885345458984375,36.885345458984375,36.885345458984375,0,0.0,0.0
2009-11-20 00:00:00+08:00,36.885345458984375,36.885345458984375,36.885345458984375,36.885345458984375,0,0.0,0.0
2009-11-23 00:00:00+08:00,36.885345458984375,36.885345458984375,36.885345458984375,36.885345458984375,0,0.0,0.0
2009-11-24 00:00:00+08:00,36.885345458984375,36.885345458984375,36.885345458984375,36.885345458984375,0,0.0,0.0
2009-11-25 00:00:00+08:00,36.885345458984375,36.885345458984375,36.885345458984375,36.885345458984375,0,0.0,0.0
2009-11-26 00:00:00+08:00,36.885345458984375,36.885345458984375,36.885345458984375,36.885345458984375,0,0.0,0.0
2009-11-27 00:00:00+08:00,36.885345458984375,36.885345458984375,36.885345458984375,36.885345458984375,0,0.0,0.0
2009-11-30 00:00:00+08:00,36.885345458984375,36.885345458984375,36.885345458984375,36.885345458984375,0,0.0,0.0
2009-12-01 00:00:00+08:00,36.885345458984375,36.885345458984375,36.885345458984375,36.885345458984375,0,0.0,0.0
2009-12-02 00:00:00+08:00,36.885345458984375,36.885345458984375,36.885345458984375,36.885345458984375,0,0.0,0.0
2009-12-03 00:00:00+08:00,36.885345458984375,36.885345458984375,36.885345458984375,36.885345458984375,0,0.0,0.0
2009-12-04 00:00:00+08:00,36.885345458984375,36.885345458984375,36.885345458984375,36.885345458984375,0,0.0,0.0
2009-12-07 00:00:00+08:00,36.885345458984375,36.885345458984375,36.885345458984375,36.885345458984375,0,0.0,0.0
2009-12-08 00:00:00+08:00,36.885345458984375,36.885345458984375,36.885345458984375,36.885345458984375,0,0.0,0.0
2009-12-09 00:00:00+08:00,36.885345458984375,36.885345458984375,36.885345458984375,36.885345458984375,0,0.0,0.0
2009-12-10 00:00:00+08:00,36.885345458984375,36.885345458984375,36.885345458984375,36.885345458984375,0,0.0,0.0
2009-12-11 00:00:00+08:00,36.885345458984375,36.885345458984375,36.885345458984375,36.885345458984375,0,0.0,0.0
2009-12-14 00:00:00+08:00,36.885345458984375,36.885345458984375,36.885345458984375,36.885345458984375,0,0.0,0.0
2009-12-15 00:00:00+08:00,36.885345458984375,36.885345458984375,36.885345458984375,36.885345458984375,0,0.0,0.0
2009-12-16 00:00:00+08:00,36.885345458984375,36.885345458984375,36.885345458984375,36.885345458984375,0,0.0,0.0
2009-12-17 00:00:00+08:00,36.885345458984375,36.885345458984375,36.885345458984375,36.885345458984375,0,0.0,0.0
2009-12-18 00:00:00+08:00,36.885345458984375,36.885345458984375,36.885345458984375,36.885345458984375,0,0.0,0.0
2009-12-21 00:00:00+08:00,36.885345458984375,36.885345458984375,36.885345458984375,36.885345458984375,0,0.0,0.0
2009-12-22 00:00:00+08:00,36.885345458984375,36.885345458984375,36.885345458984375,36.885345458984375,0,0.0,0.0
2009-12-23 00:00:00+08:00,36.885345458984375,36.885345458984375,36.885345458984375,36.885345458984375,0,0.0,0.0
2009-12-24 00:00:00+08:00,36.885345458984375,36.885345458984375,36.885345458984375,36.885345458984375,0,0.0,0.0
2009-12-25 00:00:00+08:00,36.885345458984375,36.885345458984375,36.885345458984375,36.885345458984375,0,0.0,0.0
2009-12-28 00:00:00+08:00,36.885345458984375,36.885345458984375,36.885345458984375,36.885345458984375,0,0.0,0.0
2009-12-29 00:00:00+08:00,36.885345458984375,36.885345458984375,36.885345458984375,36.885345458984375,0,0.0,0.0
2009-12-30 00:00:00+08:00,36.885345458984375,36.885345458984375,36.885345458984375,36.885345458984375,0,0.0,0.0
2009-12-31 00:00:00+08:00,36.885345458984375,36.885345458984375,36.885345458984375,36.885345458984375,0,0.0,0.0
2010-01-04 00:00:00+08:00,36.885345458984375,36.885345458984375,36.885345458984375,36.885345458984375,0,0.0,0.0
2010-01-05 00:00:00+08:00,36.885345458984375,36.885345458984375,36.885345458984375,36.885345458984375,0,0.0,0.0
2010-01-06 00:00:00+08:00,36.885345458984375,36.885345458984375,36.885345458984375,36.885345458984375,0,0.0,0.0
2010-01-07 00:00:00+08:00,36.885345458984375,36.885345458984375,36.885345458984375,36.885345458984375,0,0.0,0.0
2010-01-08 00:00:00+08:00,36.885345458984375,36.885345458984375,36.885345458984375,36.885345458984375,0,0.0,0.0
2010-01-11 00:00:00+08:00,36.885345458984375,36.885345458984375,36.885345458984375,36.885345458984375,0,0.0,0.0
2010-01-12 00:00:00+08:00,36.885345458984375,36.885345458984375,36.885345458984375,36.885345458984375,0,0.0,0.0
2010-01-13 00:00:00+08:00,36.885345458984375,36.885345458984375,36.885345458984375,36.885345458984375,0,0.0,0.0
2010-01-14 00:00:00+08:00,36.885345458984375,36.885345458984375,36.885345458984375,36.885345458984375,0,0.0,0.0
2010-01-15 00:00:00+08:00,36.885345458984375,36.885345458984375,36.885345458984375,36.885345458984375,0,0.0,0.0
2010-01-18 00:00:00+08:00,36.885345458984375,36.885345458984375,36.885345458984375,36.885345458984375,0,0.0,0.0
2010-01-19 00:00:00+08:00,36.885345458984375,36.885345458984375,36.885345458984375,36.885345458984375,0,0.0,0.0
2010-01-20 00:00:00+08:00,36.885345458984375,36.885345458984375,36.885345458984375,36.885345458984375,0,0.0,0.0
2010-01-21 00:00:00+08:00,36.885345458984375,36.885345458984375,36.885345458984375,36.885345458984375,0,0.0,0.0
2010-01-22 00:00:00+08:00,36.885345458984375,36.885345458984375,36.885345458984375,36.885345458984375,0,0.0,0.0
2010-01-25 00:00:00+08:00,36.885345458984375,36.885345458984375,36.885345458984375,36.885345458984375,0,0.0,0.0
2010-01-26 00:00:00+08:00,36.885345458984375,36.885345458984375,36.885345458984375,36.885345458984375,0,0.0,0.0
2010-01-27 00:00:00+08:00,36.885345458984375,36.885345458984375,36.885345458984375,36.885345458984375,0,0.0,0.0
2010-01-28 00:00:00+08:00,36.885345458984375,36.885345458984375,36.885345458984375,36.885345458984375,0,0.0,0.0
2010-01-29 00:00:00+08:00,36.885345458984375,36.885345458984375,36.885345458984375,36.885345458984375,0,0.0,0.0
2010-02-01 00:00:00+08:00,36.885345458984375,36.885345458984375,36.885345458984375,36.885345458984375,0,0.0,0.0
2010-02-02 00:00:00+08:00,36.885345458984375,36.885345458984375,36.885345458984375,36.885345458984375,0,0.0,0.0
2010-02-03 00:00:00+08:00,36.885345458984375,36.885345458984375,36.885345458984375,36.885345458984375,0,0.0,0.0
2010-02-04 00:00:00+08:00,36.885345458984375,36.885345458984375,36.885345458984375,36.885345458984375,0,0.0,0.0
2010-02-05 00:00:00+08:00,36.885345458984375,36.885345458984375,36.885345458984375,36.885345458984375,0,0.0,0.0
2010-02-08 00:00:00+08:00,36.885345458984375,36.885345458984375,36.885345458984375,36.885345458984375,0,0.0,0.0
2010-02-09 00:00:00+08:00,36.885345458984375,36.885345458984375,36.885345458984375,36.885345458984375,0,0.0,0.0
2010-02-10 00:00:00+08:00,36.885345458984375,36.885345458984375,36.885345458984375,36.885345458984375,0,0.0,0.0
2010-02-22 00:00:00+08:00,36.885345458984375,36.885345458984375,36.885345458984375,36.885345458984375,0,0.0,0.0
2010-02-23 00:00:00+08:00,36.885345458984375,36.885345458984375,36.885345458984375,36.885345458984375,0,0.0,0.0
2010-02-24 00:00:00+08:00,36.885345458984375,36.885345458984375,36.885345458984375,36.885345458984375,0,0.0,0.0
2010-02-25 00:00:00+08:00,36.885345458984375,36.885345458984375,36.885345458984375,36.885345458984375,0,0.0,0.0
2010-02-26 00:00:00+08:00,36.885345458984375,36.885345458984375,36.885345458984375,36.885345458984375,0,0.0,0.0
2010-03-01 00:00:00+08:00,36.885345458984375,36.885345458984375,36.885345458984375,36.885345458984375,0,0.0,0.0
2010-03-02 00:00:00+08:00,36.885345458984375,36.885345458984375,36.885345458984375,36.885345458984375,0,0.0,0.0
2010-03-03 00:00:00+08:00,36.885345458984375,36.885345458984375,36.885345458984375,36.885345458984375,0,0.0,0.0
2010-03-04 00:00:00+08:00,36.885345458984375,36.885345458984375,36.885345458984375,36.885345458984375,0,0.0,0.0
2010-03-05 00:00:00+08:00,36.885345458984375,36.885345458984375,36.885345458984375,36.885345458984375,0,0.0,0.0
2010-03-08 00:00:00+08:00,36.885345458984375,36.885345458984375,36.885345458984375,36.885345458984375,0,0.0,0.0
2010-03-09 00:00:00+08:00,36.885345458984375,36.885345458984375,36.885345458984375,36.885345458984375,0,0.0,0.0
2010-03-10 00:00:00+08:00,36.885345458984375,36.885345458984375,36.885345458984375,36.885345458984375,0,0.0,0.0
2010-03-11 00:00:00+08:00,36.885345458984375,36.885345458984375,36.885345458984375,36.885345458984375,0,0.0,0.0
2010-03-12 00:00:00+08:00,36.885345458984375,36.885345458984375,36.885345458984375,36.885345458984375,0,0.0,0.0
2010-03-15 00:00:00+08:00,36.885345458984375,36.885345458984375,36.885345458984375,36.885345458984375,0,0.0,0.0
2010-03-16 00:00:00+08:00,36.885345458984375,36.885345458984375,36.885345458984375,36.885345458984375,0,0.0,0.0
2010-03-17 00:00:00+08:00,36.885345458984375,36.885345458984375,36.885345458984375,36.885345458984375,0,0.0,0.0
2010-03-18 00:00:00+08:00,36.885345458984375,36.885345458984375,36.885345458984375,36.885345458984375,0,0.0,0.0
2010-03-19 00:00:00+08:00,36.885345458984375,36.885345458984375,36.885345458984375,36.885345458984375,0,0.0,0.0
2010-03-22 00:00:00+08:00,36.885345458984375,36.885345458984375,36.885345458984375,36.885345458984375,0,0.0,0.0
2010-03-23 00:00:00+08:00,36.885345458984375,36.885345458984375,36.885345458984375,36.885345458984375,0,0.0,0.0
2010-03-24 00:00:00+08:00,36.885345458984375,36.885345458984375,36.885345458984375,36.885345458984375,0,0.0,0.0
2010-03-25 00:00:00+08:00,36.885345458984375,36.885345458984375,36.885345458984375,36.885345458984375,0,0.0,0.0
2010-03-26 00:00:00+08:00,36.885345458984375,36.885345458984375,36.885345458984375,36.885345458984375,0,0.0,0.0
2010-03-29 00:00:00+08:00,36.885345458984375,36.885345458984375,36.885345458984375,36.885345458984375,0,0.0,0.0
2010-03-30 00:00:00+08:00,36.885345458984375,36.885345458984375,36.885345458984375,36.885345458984375,0,0.0,0.0
2010-03-31 00:00:00+08:00,36.885345458984375,36.885345458984375,36.885345458984375,36.885345458984375,0,0.0,0.0
2010-04-01 00:00:00+08:00,36.885345458984375,36.885345458984375,36.885345458984375,36.885345458984375,0,0.0,0.0
2010-04-02 00:00:00+08:00,36.885345458984375,36.885345458984375,36.885345458984375,36.885345458984375,0,0.0,0.0
2010-04-06 00:00:00+08:00,36.885345458984375,36.885345458984375,36.885345458984375,36.885345458984375,0,0.0,0.0
2010-04-07 00:00:00+08:00,36.885345458984375,36.885345458984375,36.885345458984375,36.885345458984375,0,0.0,0.0
2010-04-08 00:00:00+08:00,36.885345458984375,36.885345458984375,36.885345458984375,36.885345458984375,0,0.0,0.0
2010-04-09 00:00:00+08:00,36.885345458984375,36.885345458984375,36.885345458984375,36.885345458984375,0,0.0,0.0
2010-04-12 00:00:00+08:00,36.885345458984375,36.885345458984375,36.885345458984375,36.885345458984375,0,0.0,0.0
2010-04-13 00:00:00+08:00,36.885345458984375,36.885345458984375,36.885345458984375,36.885345458984375,0,0.0,0.0
2010-04-14 00:00:00+08:00,36.885345458984375,36.885345458984375,36.885345458984375,36.885345458984375,0,0.0,0.0
2010-04-15 00:00:00+08:00,36.885345458984375,36.885345458984375,36.885345458984375,36.885345458984375,0,0.0,0.0
2010-04-16 00:00:00+08:00,36.885345458984375,36.885345458984375,36.885345458984375,36.885345458984375,0,0.0,0.0
2010-04-19 00:00:00+08:00,36.885345458984375,36.885345458984375,36.885345458984375,36.885345458984375,0,0.0,0.0
2010-04-20 00:00:00+08:00,36.885345458984375,36.885345458984375,36.885345458984375,36.885345458984375,0,0.0,0.0
2010-04-21 00:00:00+08:00,36.885345458984375,36.885345458984375,36.885345458984375,36.885345458984375,0,0.0,0.0
2010-04-22 00:00:00+08:00,36.885345458984375,36.885345458984375,36.885345458984375,36.885345458984375,0,0.0,0.0
2010-04-23 00:00:00+08:00,36.885345458984375,36.885345458984375,36.885345458984375,36.885345458984375,0,0.0,0.0
2010-04-26 00:00:00+08:00,36.885345458984375,36.885345458984375,36.885345458984375,36.885345458984375,0,0.0,0.0
2010-04-27 00:00:00+08:00,36.885345458984375,36.885345458984375,36.885345458984375,36.885345458984375,0,0.0,0.0
2010-04-28 00:00:00+08:00,36.885345458984375,36.885345458984375,36.885345458984375,36.885345458984375,0,0.0,0.0
2010-04-29 00:00:00+08:00,36.885345458984375,36.885345458984375,36.885345458984375,36.885345458984375,0,0.0,0.0
2010-04-30 00:00:00+08:00,36.885345458984375,36.885345458984375,36.885345458984375,36.885345458984375,0,0.0,0.0
2010-05-03 00:00:00+08:00,36.885345458984375,36.885345458984375,36.885345458984375,36.885345458984375,0,0.0,0.0
2010-05-04 00:00:00+08:00,36.885345458984375,36.885345458984375,36.885345458984375,36.885345458984375,0,0.0,0.0
2010-05-05 00:00:00+08:00,36.885345458984375,36.885345458984375,36.885345458984375,36.885345458984375,0,0.0,0.0
2010-05-06 00:00:00+08:00,36.885345458984375,36.885345458984375,36.885345458984375,36.885345458984375,0,0.0,0.0
2010-05-07 00:00:00+08:00,36.885345458984375,36.885345458984375,36.885345458984375,36.885345458984375,0,0.0,0.0
2010-05-10 00:00:00+08:00,36.885345458984375,36.885345458984375,36.885345458984375,36.885345458984375,0,0.0,0.0
2010-05-11 00:00:00+08:00,36.885345458984375,36.885345458984375,36.885345458984375,36.885345458984375,0,0.0,0.0
2010-05-12 00:00:00+08:00,36.885345458984375,36.885345458984375,36.885345458984375,36.885345458984375,0,0.0,0.0
2010-05-13 00:00:00+08:00,36.885345458984375,36.885345458984375,36.885345458984375,36.885345458984375,0,0.0,0.0
2010-05-14 00:00:00+08:00,36.885345458984375,36.885345458984375,36.885345458984375,36.885345458984375,0,0.0,0.0
2010-05-17 00:00:00+08:00,36.885345458984375,36.885345458984375,36.885345458984375,36.885345458984375,0,0.0,0.0
2010-05-18 00:00:00+08:00,36.885345458984375,36.885345458984375,36.885345458984375,36.885345458984375,0,0.0,0.0
2010-05-19 00:00:00+08:00,36.885345458984375,36.885345458984375,36.885345458984375,36.885345458984375,0,0.0,0.0
2010-05-20 00:00:00+08:00,36.885345458984375,36.885345458984375,36.885345458984375,36.885345458984375,0,0.0,0.0
2010-05-21 00:00:00+08:00,36.885345458984375,36.885345458984375,36.885345458984375,36.885345458984375,0,0.0,0.0
2010-05-24 00:00:00+08:00,36.885345458984375,36.885345458984375,36.885345458984375,36.885345458984375,0,0.0,0.0
2010-05-25 00:00:00+08:00,36.885345458984375,36.885345458984375,36.885345458984375,36.885345458984375,0,0.0,0.0
2010-05-26 00:00:00+08:00,36.885345458984375,36.885345458984375,36.885345458984375,36.885345458984375,0,0.0,0.0
2010-05-27 00:00:00+08:00,36.885345458984375,36.885345458984375,36.885345458984375,36.885345458984375,0,0.0,0.0
2010-05-28 00:00:00+08:00,36.885345458984375,36.885345458984375,36.885345458984375,36.885345458984375,0,0.0,0.0
2010-05-31 00:00:00+08:00,36.885345458984375,36.885345458984375,36.885345458984375,36.885345458984375,0,0.0,0.0
2010-06-01 00:00:00+08:00,36.885345458984375,36.885345458984375,36.885345458984375,36.885345458984375,0,0.0,0.0
2010-06-02 00:00:00+08:00,36.885345458984375,36.885345458984375,36.885345458984375,36.885345458984375,0,0.0,0.0
2010-06-03 00:00:00+08:00,36.885345458984375,36.885345458984375,36.885345458984375,36.885345458984375,0,0.0,0.0
2010-06-04 00:00:00+08:00,36.885345458984375,36.885345458984375,36.885345458984375,36.885345458984375,0,0.0,0.0
2010-06-07 00:00:00+08:00,36.885345458984375,36.885345458984375,36.885345458984375,36.885345458984375,0,0.0,0.0
2010-06-08 00:00:00+08:00,36.885345458984375,36.885345458984375,36.885345458984375,36.885345458984375,0,0.0,0.0
2010-06-09 00:00:00+08:00,36.885345458984375,36.885345458984375,36.885345458984375,36.885345458984375,0,0.0,0.0
2010-06-10 00:00:00+08:00,36.885345458984375,36.885345458984375,36.885345458984375,36.885345458984375,0,0.0,0.0
2010-06-11 00:00:00+08:00,36.885345458984375,36.885345458984375,36.885345458984375,36.885345458984375,0,0.0,0.0
2010-06-14 00:00:00+08:00,36.885345458984375,36.885345458984375,36.885345458984375,36.885345458984375,0,0.0,0.0
2010-06-15 00:00:00+08:00,36.885345458984375,36.885345458984375,36.885345458984375,36.885345458984375,0,0.0,0.0
2010-06-17 00:00:00+08:00,36.885345458984375,36.885345458984375,36.885345458984375,36.885345458984375,0,0.0,0.0
2010-06-18 00:00:00+08:00,36.885345458984375,36.885345458984375,36.885345458984375,36.885345458984375,0,0.0,0.0
2010-06-21 00:00:00+08:00,36.885345458984375,36.885345458984375,36.885345458984375,36.885345458984375,0,0.0,0.0
2010-06-22 00:00:00+08:00,36.885345458984375,36.885345458984375,36.885345458984375,36.885345458984375,0,0.0,0.0
2010-06-23 00:00:00+08:00,36.885345458984375,36.885345458984375,36.885345458984375,36.885345458984375,0,0.0,0.0
2010-06-24 00:00:00+08:00,36.885345458984375,36.885345458984375,36.885345458984375,36.885345458984375,0,0.0,0.0
2010-06-25 00:00:00+08:00,36.885345458984375,36.885345458984375,36.885345458984375,36.885345458984375,0,0.0,0.0
2010-06-28 00:00:00+08:00,36.885345458984375,36.885345458984375,36.885345458984375,36.885345458984375,0,0.0,0.0
2010-06-29 00:00:00+08:00,36.885345458984375,36.885345458984375,36.885345458984375,36.885345458984375,0,0.0,0.0
2010-06-30 00:00:00+08:00,36.885345458984375,36.885345458984375,36.885345458984375,36.885345458984375,0,0.0,0.0
2010-07-01 00:00:00+08:00,36.885345458984375,36.885345458984375,36.885345458984375,36.885345458984375,0,0.0,0.0
2010-07-02 00:00:00+08:00,36.885345458984375,36.885345458984375,36.885345458984375,36.885345458984375,0,0.0,0.0
2010-07-05 00:00:00+08:00,36.885345458984375,36.885345458984375,36.885345458984375,36.885345458984375,0,0.0,0.0
2010-07-06 00:00:00+08:00,36.885345458984375,36.885345458984375,36.885345458984375,36.885345458984375,0,0.0,0.0
2010-07-07 00:00:00+08:00,36.885345458984375,36.885345458984375,36.885345458984375,36.885345458984375,0,0.0,0.0
2010-07-08 00:00:00+08:00,36.885345458984375,36.885345458984375,36.885345458984375,36.885345458984375,0,0.0,0.0
2010-07-09 00:00:00+08:00,36.885345458984375,36.885345458984375,36.885345458984375,36.885345458984375,0,0.0,0.0
2010-07-12 00:00:00+08:00,36.885345458984375,36.885345458984375,36.885345458984375,36.885345458984375,0,0.0,0.0
2010-07-13 00:00:00+08:00,36.885345458984375,36.885345458984375,36.885345458984375,36.885345458984375,0,0.0,0.0
2010-07-14 00:00:00+08:00,36.885345458984375,36.885345458984375,36.885345458984375,36.885345458984375,0,0.0,0.0
2010-07-15 00:00:00+08:00,36.885345458984375,36.885345458984375,36.885345458984375,36.885345458984375,0,0.0,0.0
2010-07-16 00:00:00+08:00,36.885345458984375,36.885345458984375,36.885345458984375,36.885345458984375,0,0.0,0.0
2010-07-19 00:00:00+08:00,36.885345458984375,36.885345458984375,36.885345458984375,36.885345458984375,0,0.0,0.0
2010-07-20 00:00:00+08:00,36.885345458984375,36.885345458984375,36.885345458984375,36.885345458984375,0,0.0,0.0
2010-07-21 00:00:00+08:00,36.885345458984375,36.885345458984375,36.885345458984375,36.885345458984375,0,0.0,0.0
2010-07-22 00:00:00+08:00,36.885345458984375,36.885345458984375,36.885345458984375,36.885345458984375,0,0.0,0.0
2010-07-23 00:00:00+08:00,36.885345458984375,36.885345458984375,36.885345458984375,36.885345458984375,0,0.0,0.0
2010-07-26 00:00:00+08:00,36.885345458984375,36.885345458984375,36.885345458984375,36.885345458984375,0,0.0,0.0
2010-07-27 00:00:00+08:00,36.885345458984375,36.885345458984375,36.885345458984375,36.885345458984375,0,0.0,0.0
2010-07-28 00:00:00+08:00,36.885345458984375,36.885345458984375,36.885345458984375,36.885345458984375,0,0.0,0.0
2010-07-29 00:00:00+08:00,36.885345458984375,36.885345458984375,36.885345458984375,36.885345458984375,0,0.0,0.0
2010-07-30 00:00:00+08:00,36.885345458984375,36.885345458984375,36.885345458984375,36.885345458984375,0,0.0,0.0
2010-08-02 00:00:00+08:00,36.885345458984375,36.885345458984375,36.885345458984375,36.885345458984375,0,0.0,0.0
2010-08-03 00:00:00+08:00,36.885345458984375,36.885345458984375,36.885345458984375,36.885345458984375,0,0.0,0.0
2010-08-04 00:00:00+08:00,36.885345458984375,36.885345458984375,36.885345458984375,36.885345458984375,0,0.0,0.0
2010-08-05 00:00:00+08:00,36.885345458984375,36.885345458984375,36.885345458984375,36.885345458984375,0,0.0,0.0
2010-08-06 00:00:00+08:00,36.885345458984375,36.885345458984375,36.885345458984375,36.885345458984375,0,0.0,0.0
2010-08-09 00:00:00+08:00,36.885345458984375,36.885345458984375,36.885345458984375,36.885345458984375,0,0.0,0.0
2010-08-10 00:00:00+08:00,36.885345458984375,36.885345458984375,36.885345458984375,36.885345458984375,0,0.0,0.0
2010-08-11 00:00:00+08:00,36.885345458984375,36.885345458984375,36.885345458984375,36.885345458984375,0,0.0,0.0
2010-08-12 00:00:00+08:00,36.885345458984375,36.885345458984375,36.885345458984375,36.885345458984375,0,0.0,0.0
2010-08-13 00:00:00+08:00,36.885345458984375,36.885345458984375,36.885345458984375,36.885345458984375,0,0.0,0.0
2010-08-16 00:00:00+08:00,36.885345458984375,36.885345458984375,36.885345458984375,36.885345458984375,0,0.0,0.0
2010-08-17 00:00:00+08:00,36.885345458984375,36.885345458984375,36.885345458984375,36.885345458984375,0,0.0,0.0
2010-08-18 00:00:00+08:00,36.885345458984375,36.885345458984375,36.885345458984375,36.885345458984375,0,0.0,0.0
2010-08-19 00:00:00+08:00,36.885345458984375,36.885345458984375,36.885345458984375,36.885345458984375,0,0.0,0.0
2010-08-20 00:00:00+08:00,36.885345458984375,36.885345458984375,36.885345458984375,36.885345458984375,0,0.0,0.0
2010-08-23 00:00:00+08:00,36.885345458984375,36.885345458984375,36.885345458984375,36.885345458984375,0,0.0,0.0
2010-08-24 00:00:00+08:00,36.885345458984375,36.885345458984375,36.885345458984375,36.885345458984375,0,0.0,0.0
2010-08-25 00:00:00+08:00,36.885345458984375,36.885345458984375,36.885345458984375,36.885345458984375,0,0.0,0.0
2010-08-26 00:00:00+08:00,36.885345458984375,36.885345458984375,36.885345458984375,36.885345458984375,0,0.0,0.0
2010-08-27 00:00:00+08:00,36.885345458984375,36.885345458984375,36.885345458984375,36.885345458984375,0,0.0,0.0
2010-08-30 00:00:00+08:00,36.885345458984375,36.885345458984375,36.885345458984375,36.885345458984375,0,0.0,0.0
2010-08-31 00:00:00+08:00,36.885345458984375,36.885345458984375,36.885345458984375,36.885345458984375,0,0.0,0.0
2010-09-01 00:00:00+08:00,36.885345458984375,36.885345458984375,36.885345458984375,36.885345458984375,0,0.0,0.0
2010-09-02 00:00:00+08:00,36.885345458984375,36.885345458984375,36.885345458984375,36.885345458984375,0,0.0,0.0
2010-09-03 00:00:00+08:00,36.885345458984375,36.885345458984375,36.885345458984375,36.885345458984375,0,0.0,0.0
2010-09-06 00:00:00+08:00,36.885345458984375,36.885345458984375,36.885345458984375,36.885345458984375,0,0.0,0.0
2010-09-07 00:00:00+08:00,36.885345458984375,36.885345458984375,36.885345458984375,36.885345458984375,0,0.0,0.0
2010-09-08 00:00:00+08:00,36.885345458984375,36.885345458984375,36.885345458984375,36.885345458984375,0,0.0,0.0
2010-09-09 00:00:00+08:00,36.885345458984375,36.885345458984375,36.885345458984375,36.885345458984375,0,0.0,0.0
2010-09-10 00:00:00+08:00,36.885345458984375,36.885345458984375,36.885345458984375,36.885345458984375,0,0.0,0.0
2010-09-13 00:00:00+08:00,36.885345458984375,36.885345458984375,36.885345458984375,36.885345458984375,0,0.0,0.0
2010-09-14 00:00:00+08:00,36.885345458984375,36.885345458984375,36.885345458984375,36.885345458984375,0,0.0,0.0
2010-09-15 00:00:00+08:00,36.885345458984375,36.885345458984375,36.885345458984375,36.885345458984375,0,0.0,0.0
2010-09-16 00:00:00+08:00,36.885345458984375,36.885345458984375,36.885345458984375,36.885345458984375,0,0.0,0.0
2010-09-17 00:00:00+08:00,36.885345458984375,36.885345458984375,36.885345458984375,36.885345458984375,0,0.0,0.0
2010-09-20 00:00:00+08:00,36.885345458984375,36.885345458984375,36.885345458984375,36.885345458984375,0,0.0,0.0
2010-09-21 00:00:00+08:00,36.885345458984375,36.885345458984375,36.885345458984375,36.885345458984375,0,0.0,0.0
2010-09-23 00:00:00+08:00,36.885345458984375,36.885345458984375,36.885345458984375,36.885345458984375,0,0.0,0.0
2010-09-24 00:00:00+08:00,36.885345458984375,36.885345458984375,36.885345458984375,36.885345458984375,0,0.0,0.0
2010-09-27 00:00:00+08:00,36.885345458984375,36.885345458984375,36.885345458984375,36.885345458984375,0,0.0,0.0
2010-09-28 00:00:00+08:00,36.885345458984375,36.885345458984375,36.885345458984375,36.885345458984375,0,0.0,0.0
2010-09-29 00:00:00+08:00,36.885345458984375,36.885345458984375,36.885345458984375,36.885345458984375,0,0.0,0.0
2010-09-30 00:00:00+08:00,36.885345458984375,36.885345458984375,36.885345458984375,36.885345458984375,0,0.0,0.0
2010-10-01 00:00:00+08:00,36.885345458984375,36.885345458984375,36.885345458984375,36.885345458984375,0,0.0,0.0
2010-10-04 00:00:00+08:00,36.885345458984375,36.885345458984375,36.885345458984375,36.885345458984375,0,0.0,0.0
2010-10-05 00:00:00+08:00,36.885345458984375,36.885345458984375,36.885345458984375,36.885345458984375,0,0.0,0.0
2010-10-06 00:00:00+08:00,36.885345458984375,36.885345458984375,36.885345458984375,36.885345458984375,0,0.0,0.0
2010-10-07 00:00:00+08:00,36.885345458984375,36.885345458984375,36.885345458984375,36.885345458984375,0,0.0,0.0
2010-10-08 00:00:00+08:00,36.885345458984375,36.885345458984375,36.885345458984375,36.885345458984375,0,0.0,0.0
2010-10-11 00:00:00+08:00,36.885345458984375,36.885345458984375,36.885345458984375,36.885345458984375,0,0.0,0.0
2010-10-12 00:00:00+08:00,36.885345458984375,36.885345458984375,36.885345458984375,36.885345458984375,0,0.0,0.0
2010-10-13 00:00:00+08:00,36.885345458984375,36.885345458984375,36.885345458984375,36.885345458984375,0,0.0,0.0
2010-10-14 00:00:00+08:00,36.885345458984375,36.885345458984375,36.885345458984375,36.885345458984375,0,0.0,0.0
2010-10-15 00:00:00+08:00,36.885345458984375,36.885345458984375,36.885345458984375,36.885345458984375,0,0.0,0.0
2010-10-18 00:00:00+08:00,36.885345458984375,36.885345458984375,36.885345458984375,36.885345458984375,0,0.0,0.0
2010-10-19 00:00:00+08:00,36.885345458984375,36.885345458984375,36.885345458984375,36.885345458984375,0,0.0,0.0
2010-10-20 00:00:00+08:00,36.885345458984375,36.885345458984375,36.885345458984375,36.885345458984375,0,0.0,0.0
2010-10-21 00:00:00+08:00,36.885345458984375,36.885345458984375,36.885345458984375,36.885345458984375,0,0.0,0.0
2010-10-22 00:00:00+08:00,36.885345458984375,36.885345458984375,36.885345458984375,36.885345458984375,0,0.0,0.0
2010-10-25 00:00:00+08:00,36.885345458984375,36.885345458984375,36.885345458984375,36.885345458984375,0,0.0,0.0
2010-10-26 00:00:00+08:00,36.885345458984375,36.885345458984375,36.885345458984375,36.885345458984375,0,0.0,0.0
2010-10-27 00:00:00+08:00,36.885345458984375,36.885345458984375,36.885345458984375,36.885345458984375,0,0.0,0.0
2010-10-28 00:00:00+08:00,36.885345458984375,36.885345458984375,36.885345458984375,36.885345458984375,0,0.0,0.0
2010-10-29 00:00:00+08:00,36.885345458984375,36.885345458984375,36.885345458984375,36.885345458984375,0,0.0,0.0
2010-11-01 00:00:00+08:00,36.885345458984375,36.885345458984375,36.885345458984375,36.885345458984375,0,0.0,0.0
2010-11-02 00:00:00+08:00,36.885345458984375,36.885345458984375,36.885345458984375,36.885345458984375,0,0.0,0.0
2010-11-03 00:00:00+08:00,36.885345458984375,36.885345458984375,36.885345458984375,36.885345458984375,0,0.0,0.0
2010-11-04 00:00:00+08:00,36.885345458984375,36.885345458984375,36.885345458984375,36.885345458984375,0,0.0,0.0
2010-11-05 00:00:00+08:00,36.885345458984375,36.885345458984375,36.885345458984375,36.885345458984375,0,0.0,0.0
2010-11-08 00:00:00+08:00,36.885345458984375,36.885345458984375,36.885345458984375,36.885345458984375,0,0.0,0.0
2010-11-09 00:00:00+08:00,36.885345458984375,36.885345458984375,36.885345458984375,36.885345458984375,0,0.0,0.0
2010-11-10 00:00:00+08:00,36.885345458984375,36.885345458984375,36.885345458984375,36.885345458984375,0,0.0,0.0
2010-11-11 00:00:00+08:00,36.885345458984375,36.885345458984375,36.885345458984375,36.885345458984375,0,0.0,0.0
2010-11-12 00:00:00+08:00,36.885345458984375,36.885345458984375,36.885345458984375,36.885345458984375,0,0.0,0.0
2010-11-15 00:00:00+08:00,36.885345458984375,36.885345458984375,36.885345458984375,36.885345458984375,0,0.0,0.0
2010-11-16 00:00:00+08:00,36.885345458984375,36.885345458984375,36.885345458984375,36.885345458984375,0,0.0,0.0
2010-11-17 00:00:00+08:00,36.885345458984375,36.885345458984375,36.885345458984375,36.885345458984375,0,0.0,0.0
2010-11-18 00:00:00+08:00,36.885345458984375,36.885345458984375,36.885345458984375,36.885345458984375,0,0.0,0.0
2010-11-19 00:00:00+08:00,36.885345458984375,36.885345458984375,36.885345458984375,36.885345458984375,0,0.0,0.0
2010-11-22 00:00:00+08:00,36.885345458984375,36.885345458984375,36.885345458984375,36.885345458984375,0,0.0,0.0
2010-11-23 00:00:00+08:00,36.885345458984375,36.885345458984375,36.885345458984375,36.885345458984375,0,0.0,0.0
2010-11-24 00:00:00+08:00,36.885345458984375,36.885345458984375,36.885345458984375,36.885345458984375,0,0.0,0.0
2010-11-25 00:00:00+08:00,36.885345458984375,36.885345458984375,36.885345458984375,36.885345458984375,0,0.0,0.0
2010-11-26 00:00:00+08:00,36.885345458984375,36.885345458984375,36.885345458984375,36.885345458984375,0,0.0,0.0
2010-11-29 00:00:00+08:00,36.885345458984375,36.885345458984375,36.885345458984375,36.885345458984375,0,0.0,0.0
2010-11-30 00:00:00+08:00,36.885345458984375,36.885345458984375,36.885345458984375,36.885345458984375,0,0.0,0.0
2010-12-01 00:00:00+08:00,36.885345458984375,36.885345458984375,36.885345458984375,36.885345458984375,0,0.0,0.0
2010-12-02 00:00:00+08:00,36.885345458984375,36.885345458984375,36.885345458984375,36.885345458984375,0,0.0,0.0
2010-12-03 00:00:00+08:00,36.885345458984375,36.885345458984375,36.885345458984375,36.885345458984375,0,0.0,0.0
2010-12-06 00:00:00+08:00,36.885345458984375,36.885345458984375,36.885345458984375,36.885345458984375,0,0.0,0.0
2010-12-07 00:00:00+08:00,36.885345458984375,36.885345458984375,36.885345458984375,36.885345458984375,0,0.0,0.0
2010-12-08 00:00:00+08:00,36.885345458984375,36.885345458984375,36.885345458984375,36.885345458984375,0,0.0,0.0
2010-12-09 00:00:00+08:00,36.885345458984375,36.885345458984375,36.885345458984375,36.885345458984375,0,0.0,0.0
2010-12-10 00:00:00+08:00,36.885345458984375,36.885345458984375,36.885345458984375,36.885345458984375,0,0.0,0.0
2010-12-13 00:00:00+08:00,36.885345458984375,36.885345458984375,36.885345458984375,36.885345458984375,0,0.0,0.0
2010-12-14 00:00:00+08:00,36.885345458984375,36.885345458984375,36.885345458984375,36.885345458984375,0,0.0,0.0
2010-12-15 00:00:00+08:00,36.885345458984375,36.885345458984375,36.885345458984375,36.885345458984375,0,0.0,0.0
2010-12-16 00:00:00+08:00,36.885345458984375,36.885345458984375,36.885345458984375,36.885345458984375,0,0.0,0.0
2010-12-17 00:00:00+08:00,36.885345458984375,36.885345458984375,36.885345458984375,36.885345458984375,0,0.0,0.0
2010-12-20 00:00:00+08:00,36.885345458984375,36.885345458984375,36.885345458984375,36.885345458984375,0,0.0,0.0
2010-12-21 00:00:00+08:00,36.885345458984375,36.885345458984375,36.885345458984375,36.885345458984375,0,0.0,0.0
2010-12-22 00:00:00+08:00,36.885345458984375,36.885345458984375,36.885345458984375,36.885345458984375,0,0.0,0.0
2010-12-23 00:00:00+08:00,36.885345458984375,36.885345458984375,36.885345458984375,36.885345458984375,0,0.0,0.0
2010-12-24 00:00:00+08:00,36.885345458984375,36.885345458984375,36.885345458984375,36.885345458984375,0,0.0,0.0
2010-12-27 00:00:00+08:00,36.885345458984375,36.885345458984375,36.885345458984375,36.885345458984375,0,0.0,0.0
2010-12-28 00:00:00+08:00,36.885345458984375,36.885345458984375,36.885345458984375,36.885345458984375,0,0.0,0.0
2010-12-29 00:00:00+08:00,36.885345458984375,36.885345458984375,36.885345458984375,36.885345458984375,0,0.0,0.0
2010-12-30 00:00:00+08:00,36.885345458984375,36.885345458984375,36.885345458984375,36.885345458984375,0,0.0,0.0
2010-12-31 00:00:00+08:00,36.885345458984375,36.885345458984375,36.885345458984375,36.885345458984375,0,0.0,0.0
2011-01-03 00:00:00+08:00,36.885345458984375,36.885345458984375,36.885345458984375,36.885345458984375,0,0.0,0.0
2011-01-04 00:00:00+08:00,36.885345458984375,36.885345458984375,36.885345458984375,36.885345458984375,0,0.0,0.0
2011-01-05 00:00:00+08:00,36.885345458984375,36.885345458984375,36.885345458984375,36.885345458984375,0,0.0,0.0
2011-01-06 00:00:00+08:00,36.885345458984375,36.885345458984375,36.885345458984375,36.885345458984375,0,0.0,0.0
2011-01-07 00:00:00+08:00,36.885345458984375,36.885345458984375,36.885345458984375,36.885345458984375,0,0.0,0.0
2011-01-10 00:00:00+08:00,36.885345458984375,36.885345458984375,36.885345458984375,36.885345458984375,0,0.0,0.0
2011-01-11 00:00:00+08:00,36.885345458984375,36.885345458984375,36.885345458984375,36.885345458984375,0,0.0,0.0
2011-01-12 00:00:00+08:00,36.885345458984375,36.885345458984375,36.885345458984375,36.885345458984375,0,0.0,0.0
2011-01-13 00:00:00+08:00,36.885345458984375,36.885345458984375,36.885345458984375,36.885345458984375,0,0.0,0.0
2011-01-14 00:00:00+08:00,36.885345458984375,36.885345458984375,36.885345458984375,36.885345458984375,0,0.0,0.0
2011-01-17 00:00:00+08:00,36.885345458984375,36.885345458984375,36.885345458984375,36.885345458984375,0,0.0,0.0
2011-01-18 00:00:00+08:00,36.885345458984375,36.885345458984375,36.885345458984375,36.885345458984375,0,0.0,0.0
2011-01-19 00:00:00+08:00,36.885345458984375,36.885345458984375,36.885345458984375,36.885345458984375,0,0.0,0.0
2011-01-20 00:00:00+08:00,36.885345458984375,36.885345458984375,36.885345458984375,36.885345458984375,0,0.0,0.0
2011-01-21 00:00:00+08:00,36.885345458984375,36.885345458984375,36.885345458984375,36.885345458984375,0,0.0,0.0
2011-01-24 00:00:00+08:00,36.885345458984375,36.885345458984375,36.885345458984375,36.885345458984375,0,0.0,0.0
2011-01-25 00:00:00+08:00,36.885345458984375,36.885345458984375,36.885345458984375,36.885345458984375,0,0.0,0.0
2011-01-26 00:00:00+08:00,36.885345458984375,36.885345458984375,36.885345458984375,36.885345458984375,0,0.0,0.0
2011-01-27 00:00:00+08:00,36.885345458984375,36.885345458984375,36.885345458984375,36.885345458984375,0,0.0,0.0
2011-01-28 00:00:00+08:00,36.885345458984375,36.885345458984375,36.885345458984375,36.885345458984375,0,0.0,0.0
2011-02-08 00:00:00+08:00,36.885345458984375,36.885345458984375,36.885345458984375,36.885345458984375,0,0.0,0.0
2011-02-09 00:00:00+08:00,36.885345458984375,36.885345458984375,36.885345458984375,36.885345458984375,0,0.0,0.0
2011-02-10 00:00:00+08:00,36.885345458984375,36.885345458984375,36.885345458984375,36.885345458984375,0,0.0,0.0
2011-02-11 00:00:00+08:00,36.885345458984375,36.885345458984375,36.885345458984375,36.885345458984375,0,0.0,0.0
2011-02-14 00:00:00+08:00,36.885345458984375,36.885345458984375,36.885345458984375,36.885345458984375,0,0.0,0.0
2011-02-15 00:00:00+08:00,36.885345458984375,36.885345458984375,36.885345458984375,36.885345458984375,0,0.0,0.0
2011-02-16 00:00:00+08:00,36.885345458984375,36.885345458984375,36.885345458984375,36.885345458984375,0,0.0,0.0
2011-02-17 00:00:00+08:00,36.885345458984375,36.885345458984375,36.885345458984375,36.885345458984375,0,0.0,0.0
2011-02-18 00:00:00+08:00,36.885345458984375,36.885345458984375,36.885345458984375,36.885345458984375,0,0.0,0.0
2011-02-21 00:00:00+08:00,36.885345458984375,36.885345458984375,36.885345458984375,36.885345458984375,0,0.0,0.0
2011-02-22 00:00:00+08:00,36.885345458984375,36.885345458984375,36.885345458984375,36.885345458984375,0,0.0,0.0
2011-02-23 00:00:00+08:00,36.885345458984375,36.885345458984375,36.885345458984375,36.885345458984375,0,0.0,0.0
2011-02-24 00:00:00+08:00,36.885345458984375,36.885345458984375,36.885345458984375,36.885345458984375,0,0.0,0.0
2011-02-25 00:00:00+08:00,36.885345458984375,36.885345458984375,36.885345458984375,36.885345458984375,0,0.0,0.0
2011-03-01 00:00:00+08:00,36.885345458984375,36.885345458984375,36.885345458984375,36.885345458984375,0,0.0,0.0
2011-03-02 00:00:00+08:00,36.885345458984375,36.885345458984375,36.885345458984375,36.885345458984375,0,0.0,0.0
2011-03-03 00:00:00+08:00,36.885345458984375,36.885345458984375,36.885345458984375,36.885345458984375,0,0.0,0.0
2011-03-04 00:00:00+08:00,36.885345458984375,36.885345458984375,36.885345458984375,36.885345458984375,0,0.0,0.0
2011-03-07 00:00:00+08:00,36.885345458984375,36.885345458984375,36.885345458984375,36.885345458984375,0,0.0,0.0
2011-03-08 00:00:00+08:00,36.885345458984375,36.885345458984375,36.885345458984375,36.885345458984375,0,0.0,0.0
2011-03-09 00:00:00+08:00,36.885345458984375,36.885345458984375,36.885345458984375,36.885345458984375,0,0.0,0.0
2011-03-10 00:00:00+08:00,36.885345458984375,36.885345458984375,36.885345458984375,36.885345458984375,0,0.0,0.0
2011-03-11 00:00:00+08:00,36.885345458984375,36.885345458984375,36.885345458984375,36.885345458984375,0,0.0,0.0
2011-03-14 00:00:00+08:00,36.885345458984375,36.885345458984375,36.885345458984375,36.885345458984375,0,0.0,0.0
2011-03-15 00:00:00+08:00,36.885345458984375,36.885345458984375,36.885345458984375,36.885345458984375,0,0.0,0.0
2011-03-16 00:00:00+08:00,36.885345458984375,36.885345458984375,36.885345458984375,36.885345458984375,0,0.0,0.0
2011-03-17 00:00:00+08:00,36.885345458984375,36.885345458984375,36.885345458984375,36.885345458984375,0,0.0,0.0
2011-03-18 00:00:00+08:00,36.885345458984375,36.885345458984375,36.885345458984375,36.885345458984375,0,0.0,0.0
2011-03-21 00:00:00+08:00,36.885345458984375,36.885345458984375,36.885345458984375,36.885345458984375,0,0.0,0.0
2011-03-22 00:00:00+08:00,36.885345458984375,36.885345458984375,36.885345458984375,36.885345458984375,0,0.0,0.0
2011-03-23 00:00:00+08:00,36.885345458984375,36.885345458984375,36.885345458984375,36.885345458984375,0,0.0,0.0
2011-03-24 00:00:00+08:00,36.885345458984375,36.885345458984375,36.885345458984375,36.885345458984375,0,0.0,0.0
2011-03-25 00:00:00+08:00,36.885345458984375,36.885345458984375,36.885345458984375,36.885345458984375,0,0.0,0.0
2011-03-28 00:00:00+08:00,36.885345458984375,36.885345458984375,36.885345458984375,36.885345458984375,0,0.0,0.0
2011-03-29 00:00:00+08:00,36.885345458984375,36.885345458984375,36.885345458984375,36.885345458984375,0,0.0,0.0
2011-03-30 00:00:00+08:00,36.885345458984375,36.885345458984375,36.885345458984375,36.885345458984375,0,0.0,0.0
2011-03-31 00:00:00+08:00,36.885345458984375,36.885345458984375,36.885345458984375,36.885345458984375,0,0.0,0.0
2011-04-01 00:00:00+08:00,36.885345458984375,36.885345458984375,36.885345458984375,36.885345458984375,0,0.0,0.0
2011-04-06 00:00:00+08:00,36.885345458984375,36.885345458984375,36.885345458984375,36.885345458984375,0,0.0,0.0
2011-04-07 00:00:00+08:00,36.885345458984375,36.885345458984375,36.885345458984375,36.885345458984375,0,0.0,0.0
2011-04-08 00:00:00+08:00,36.885345458984375,36.885345458984375,36.885345458984375,36.885345458984375,0,0.0,0.0
2011-04-11 00:00:00+08:00,36.885345458984375,36.885345458984375,36.885345458984375,36.885345458984375,0,0.0,0.0
2011-04-12 00:00:00+08:00,36.885345458984375,36.885345458984375,36.885345458984375,36.885345458984375,0,0.0,0.0
2011-04-13 00:00:00+08:00,36.885345458984375,36.885345458984375,36.885345458984375,36.885345458984375,0,0.0,0.0
2011-04-14 00:00:00+08:00,36.885345458984375,36.885345458984375,36.885345458984375,36.885345458984375,0,0.0,0.0
2011-04-15 00:00:00+08:00,36.885345458984375,36.885345458984375,36.885345458984375,36.885345458984375,0,0.0,0.0
2011-04-18 00:00:00+08:00,36.885345458984375,36.885345458984375,36.885345458984375,36.885345458984375,0,0.0,0.0
2011-04-19 00:00:00+08:00,36.885345458984375,36.885345458984375,36.885345458984375,36.885345458984375,0,0.0,0.0
2011-04-20 00:00:00+08:00,36.885345458984375,36.885345458984375,36.885345458984375,36.885345458984375,0,0.0,0.0
2011-04-21 00:00:00+08:00,36.885345458984375,36.885345458984375,36.885345458984375,36.885345458984375,0,0.0,0.0
2011-04-22 00:00:00+08:00,36.885345458984375,36.885345458984375,36.885345458984375,36.885345458984375,0,0.0,0.0
2011-04-25 00:00:00+08:00,36.885345458984375,36.885345458984375,36.885345458984375,36.885345458984375,0,0.0,0.0
2011-04-26 00:00:00+08:00,36.885345458984375,36.885345458984375,36.885345458984375,36.885345458984375,0,0.0,0.0
2011-04-27 00:00:00+08:00,36.885345458984375,36.885345458984375,36.885345458984375,36.885345458984375,0,0.0,0.0
2011-04-28 00:00:00+08:00,36.885345458984375,36.885345458984375,36.885345458984375,36.885345458984375,0,0.0,0.0
2011-04-29 00:00:00+08:00,36.885345458984375,36.885345458984375,36.885345458984375,36.885345458984375,0,0.0,0.0
2011-05-03 00:00:00+08:00,36.885345458984375,36.885345458984375,36.885345458984375,36.885345458984375,0,0.0,0.0
2011-05-04 00:00:00+08:00,36.885345458984375,36.885345458984375,36.885345458984375,36.885345458984375,0,0.0,0.0
2011-05-05 00:00:00+08:00,36.885345458984375,36.885345458984375,36.885345458984375,36.885345458984375,0,0.0,0.0
2011-05-06 00:00:00+08:00,36.885345458984375,36.885345458984375,36.885345458984375,36.885345458984375,0,0.0,0.0
2011-05-09 00:00:00+08:00,36.885345458984375,36.885345458984375,36.885345458984375,36.885345458984375,0,0.0,0.0
2011-05-10 00:00:00+08:00,36.885345458984375,36.885345458984375,36.885345458984375,36.885345458984375,0,0.0,0.0
2011-05-11 00:00:00+08:00,36.885345458984375,36.885345458984375,36.885345458984375,36.885345458984375,0,0.0,0.0
2011-05-12 00:00:00+08:00,36.885345458984375,36.885345458984375,36.885345458984375,36.885345458984375,0,0.0,0.0
2011-05-13 00:00:00+08:00,36.885345458984375,36.885345458984375,36.885345458984375,36.885345458984375,0,0.0,0.0
2011-05-16 00:00:00+08:00,36.885345458984375,36.885345458984375,36.885345458984375,36.885345458984375,0,0.0,0.0
2011-05-17 00:00:00+08:00,36.885345458984375,36.885345458984375,36.885345458984375,36.885345458984375,0,0.0,0.0
2011-05-18 00:00:00+08:00,36.885345458984375,36.885345458984375,36.885345458984375,36.885345458984375,0,0.0,0.0
2011-05-19 00:00:00+08:00,36.885345458984375,36.885345458984375,36.885345458984375,36.885345458984375,0,0.0,0.0
2011-05-20 00:00:00+08:00,36.885345458984375,36.885345458984375,36.885345458984375,36.885345458984375,0,0.0,0.0
2011-05-23 00:00:00+08:00,36.885345458984375,36.885345458984375,36.885345458984375,36.885345458984375,0,0.0,0.0
2011-05-24 00:00:00+08:00,36.885345458984375,36.885345458984375,36.885345458984375,36.885345458984375,0,0.0,0.0
2011-05-25 00:00:00+08:00,36.885345458984375,36.885345458984375,36.885345458984375,36.885345458984375,0,0.0,0.0
2011-05-26 00:00:00+08:00,36.885345458984375,36.885345458984375,36.885345458984375,36.885345458984375,0,0.0,0.0
2011-05-27 00:00:00+08:00,36.885345458984375,36.885345458984375,36.885345458984375,36.885345458984375,0,0.0,0.0
2011-05-30 00:00:00+08:00,36.885345458984375,36.885345458984375,36.885345458984375,36.885345458984375,0,0.0,0.0
2011-05-31 00:00:00+08:00,36.885345458984375,36.885345458984375,36.885345458984375,36.885345458984375,0,0.0,0.0
2011-06-01 00:00:00+08:00,36.885345458984375,36.885345458984375,36.885345458984375,36.885345458984375,0,0.0,0.0
2011-06-02 00:00:00+08:00,36.885345458984375,36.885345458984375,36.885345458984375,36.885345458984375,0,0.0,0.0
2011-06-03 00:00:00+08:00,36.885345458984375,36.885345458984375,36.885345458984375,36.885345458984375,0,0.0,0.0
2011-06-07 00:00:00+08:00,36.885345458984375,36.885345458984375,36.885345458984375,36.885345458984375,0,0.0,0.0
2011-06-08 00:00:00+08:00,36.885345458984375,36.885345458984375,36.885345458984375,36.885345458984375,0,0.0,0.0
2011-06-09 00:00:00+08:00,36.885345458984375,36.885345458984375,36.885345458984375,36.885345458984375,0,0.0,0.0
2011-06-10 00:00:00+08:00,36.885345458984375,36.885345458984375,36.885345458984375,36.885345458984375,0,0.0,0.0
2011-06-13 00:00:00+08:00,36.885345458984375,36.885345458984375,36.885345458984375,36.885345458984375,0,0.0,0.0
2011-06-14 00:00:00+08:00,36.885345458984375,36.885345458984375,36.885345458984375,36.885345458984375,0,0.0,0.0
2011-06-15 00:00:00+08:00,36.885345458984375,36.885345458984375,36.885345458984375,36.885345458984375,0,0.0,0.0
2011-06-16 00:00:00+08:00,36.885345458984375,36.885345458984375,36.885345458984375,36.885345458984375,0,0.0,0.0
2011-06-17 00:00:00+08:00,36.885345458984375,36.885345458984375,36.885345458984375,36.885345458984375,0,0.0,0.0
2011-06-20 00:00:00+08:00,36.885345458984375,36.885345458984375,36.885345458984375,36.885345458984375,0,0.0,0.0
2011-06-21 00:00:00+08:00,36.885345458984375,36.885345458984375,36.885345458984375,36.885345458984375,0,0.0,0.0
2011-06-22 00:00:00+08:00,36.885345458984375,36.885345458984375,36.885345458984375,36.885345458984375,0,0.0,0.0
2011-06-23 00:00:00+08:00,36.885345458984375,36.885345458984375,36.885345458984375,36.885345458984375,0,0.0,0.0
2011-06-24 00:00:00+08:00,36.885345458984375,36.885345458984375,36.885345458984375,36.885345458984375,0,0.0,0.0
2011-06-27 00:00:00+08:00,36.885345458984375,36.885345458984375,36.885345458984375,36.885345458984375,0,0.0,0.0
2011-06-28 00:00:00+08:00,36.885345458984375,36.885345458984375,36.885345458984375,36.885345458984375,0,0.0,0.0
2011-06-29 00:00:00+08:00,36.885345458984375,36.885345458984375,36.885345458984375,36.885345458984375,0,0.0,0.0
2011-06-30 00:00:00+08:00,36.885345458984375,36.885345458984375,36.885345458984375,36.885345458984375,0,0.0,0.0
2011-07-01 00:00:00+08:00,36.885345458984375,36.885345458984375,36.885345458984375,36.885345458984375,0,0.0,0.0
2011-07-04 00:00:00+08:00,36.885345458984375,36.885345458984375,36.885345458984375,36.885345458984375,0,0.0,0.0
2011-07-05 00:00:00+08:00,36.885345458984375,36.885345458984375,36.885345458984375,36.885345458984375,0,0.0,0.0
2011-07-06 00:00:00+08:00,36.885345458984375,36.885345458984375,36.885345458984375,36.885345458984375,0,0.0,0.0
2011-07-07 00:00:00+08:00,36.885345458984375,36.885345458984375,36.885345458984375,36.885345458984375,0,0.0,0.0
2011-07-08 00:00:00+08:00,36.885345458984375,36.885345458984375,36.885345458984375,36.885345458984375,0,0.0,0.0
2011-07-11 00:00:00+08:00,36.885345458984375,36.885345458984375,36.885345458984375,36.885345458984375,0,0.0,0.0
2011-07-12 00:00:00+08:00,36.885345458984375,36.885345458984375,36.885345458984375,36.885345458984375,0,0.0,0.0
2011-07-13 00:00:00+08:00,36.885345458984375,36.885345458984375,36.885345458984375,36.885345458984375,0,0.0,0.0
2011-07-14 00:00:00+08:00,36.885345458984375,36.885345458984375,36.885345458984375,36.885345458984375,0,0.0,0.0
2011-07-15 00:00:00+08:00,36.885345458984375,36.885345458984375,36.885345458984375,36.885345458984375,0,0.0,0.0
2011-07-18 00:00:00+08:00,36.885345458984375,36.885345458984375,36.885345458984375,36.885345458984375,0,0.0,0.0
2011-07-19 00:00:00+08:00,36.885345458984375,36.885345458984375,36.885345458984375,36.885345458984375,0,0.0,0.0
2011-07-20 00:00:00+08:00,36.885345458984375,36.885345458984375,36.885345458984375,36.885345458984375,0,0.0,0.0
2011-07-21 00:00:00+08:00,36.885345458984375,36.885345458984375,36.885345458984375,36.885345458984375,0,0.0,0.0
2011-07-22 00:00:00+08:00,36.885345458984375,36.885345458984375,36.885345458984375,36.885345458984375,0,0.0,0.0
2011-07-25 00:00:00+08:00,36.885345458984375,36.885345458984375,36.885345458984375,36.885345458984375,0,0.0,0.0
2011-07-26 00:00:00+08:00,36.885345458984375,36.885345458984375,36.885345458984375,36.885345458984375,0,0.0,0.0
2011-07-27 00:00:00+08:00,36.885345458984375,36.885345458984375,36.885345458984375,36.885345458984375,0,0.0,0.0
2011-07-28 00:00:00+08:00,36.885345458984375,36.885345458984375,36.885345458984375,36.885345458984375,0,0.0,0.0
2011-07-29 00:00:00+08:00,36.885345458984375,36.885345458984375,36.885345458984375,36.885345458984375,0,0.0,0.0
2011-08-01 00:00:00+08:00,36.885345458984375,36.885345458984375,36.885345458984375,36.885345458984375,0,0.0,0.0
2011-08-02 00:00:00+08:00,36.885345458984375,36.885345458984375,36.885345458984375,36.885345458984375,0,0.0,0.0
2011-08-03 00:00:00+08:00,36.885345458984375,36.885345458984375,36.885345458984375,36.885345458984375,0,0.0,0.0
2011-08-04 00:00:00+08:00,36.885345458984375,36.885345458984375,36.885345458984375,36.885345458984375,0,0.0,0.0
2011-08-05 00:00:00+08:00,36.885345458984375,36.885345458984375,36.885345458984375,36.885345458984375,0,0.0,0.0
2011-08-08 00:00:00+08:00,36.885345458984375,36.885345458984375,36.885345458984375,36.885345458984375,0,0.0,0.0
2011-08-09 00:00:00+08:00,36.885345458984375,36.885345458984375,36.885345458984375,36.885345458984375,0,0.0,0.0
2011-08-10 00:00:00+08:00,36.885345458984375,36.885345458984375,36.885345458984375,36.885345458984375,0,0.0,0.0
2011-08-11 00:00:00+08:00,36.885345458984375,36.885345458984375,36.885345458984375,36.885345458984375,0,0.0,0.0
2011-08-12 00:00:00+08:00,36.885345458984375,36.885345458984375,36.885345458984375,36.885345458984375,0,0.0,0.0
2011-08-15 00:00:00+08:00,36.885345458984375,36.885345458984375,36.885345458984375,36.885345458984375,0,0.0,0.0
2011-08-16 00:00:00+08:00,36.885345458984375,36.885345458984375,36.885345458984375,36.885345458984375,0,0.0,0.0
2011-08-17 00:00:00+08:00,36.885345458984375,36.885345458984375,36.885345458984375,36.885345458984375,0,0.0,0.0
2011-08-18 00:00:00+08:00,36.885345458984375,36.885345458984375,36.885345458984375,36.885345458984375,0,0.0,0.0
2011-08-19 00:00:00+08:00,36.885345458984375,36.885345458984375,36.885345458984375,36.885345458984375,0,0.0,0.0
2011-08-22 00:00:00+08:00,36.885345458984375,36.885345458984375,36.885345458984375,36.885345458984375,0,0.0,0.0
2011-08-23 00:00:00+08:00,36.885345458984375,36.885345458984375,36.885345458984375,36.885345458984375,0,0.0,0.0
2011-08-24 00:00:00+08:00,36.885345458984375,36.885345458984375,36.885345458984375,36.885345458984375,0,0.0,0.0
2011-08-25 00:00:00+08:00,36.885345458984375,36.885345458984375,36.885345458984375,36.885345458984375,0,0.0,0.0
2011-08-26 00:00:00+08:00,36.885345458984375,36.885345458984375,36.885345458984375,36.885345458984375,0,0.0,0.0
2011-08-29 00:00:00+08:00,36.885345458984375,36.885345458984375,36.885345458984375,36.885345458984375,0,0.0,0.0
2011-08-30 00:00:00+08:00,36.885345458984375,36.885345458984375,36.885345458984375,36.885345458984375,0,0.0,0.0
2011-08-31 00:00:00+08:00,36.885345458984375,36.885345458984375,36.885345458984375,36.885345458984375,0,0.0,0.0
2011-09-01 00:00:00+08:00,36.885345458984375,36.885345458984375,36.885345458984375,36.885345458984375,0,0.0,0.0
2011-09-02 00:00:00+08:00,36.885345458984375,36.885345458984375,36.885345458984375,36.885345458984375,0,0.0,0.0
2011-09-05 00:00:00+08:00,36.885345458984375,36.885345458984375,36.885345458984375,36.885345458984375,0,0.0,0.0
2011-09-06 00:00:00+08:00,36.885345458984375,36.885345458984375,36.885345458984375,36.885345458984375,0,0.0,0.0
2011-09-07 00:00:00+08:00,36.885345458984375,36.885345458984375,36.885345458984375,36.885345458984375,0,0.0,0.0
2011-09-08 00:00:00+08:00,36.885345458984375,36.885345458984375,36.885345458984375,36.885345458984375,0,0.0,0.0
2011-09-09 00:00:00+08:00,36.885345458984375,36.885345458984375,36.885345458984375,36.885345458984375,0,0.0,0.0
2011-09-13 00:00:00+08:00,36.885345458984375,36.885345458984375,36.885345458984375,36.885345458984375,0,0.0,0.0
2011-09-14 00:00:00+08:00,36.885345458984375,36.885345458984375,36.885345458984375,36.885345458984375,0,0.0,0.0
2011-09-15 00:00:00+08:00,36.885345458984375,36.885345458984375,36.885345458984375,36.885345458984375,0,0.0,0.0
2011-09-16 00:00:00+08:00,36.885345458984375,36.885345458984375,36.885345458984375,36.885345458984375,0,0.0,0.0
2011-09-19 00:00:00+08:00,36.885345458984375,36.885345458984375,36.885345458984375,36.885345458984375,0,0.0,0.0
2011-09-20 00:00:00+08:00,36.885345458984375,36.885345458984375,36.885345458984375,36.885345458984375,0,0.0,0.0
2011-09-21 00:00:00+08:00,36.885345458984375,36.885345458984375,36.885345458984375,36.885345458984375,0,0.0,0.0
2011-09-22 00:00:00+08:00,36.885345458984375,36.885345458984375,36.885345458984375,36.885345458984375,0,0.0,0.0
2011-09-23 00:00:00+08:00,36.885345458984375,36.885345458984375,36.885345458984375,36.885345458984375,0,0.0,0.0
2011-09-26 00:00:00+08:00,36.885345458984375,36.885345458984375,36.885345458984375,36.885345458984375,0,0.0,0.0
2011-09-27 00:00:00+08:00,36.885345458984375,36.885345458984375,36.885345458984375,36.885345458984375,0,0.0,0.0
2011-09-28 00:00:00+08:00,36.885345458984375,36.885345458984375,36.885345458984375,36.885345458984375,0,0.0,0.0
2011-09-29 00:00:00+08:00,36.885345458984375,36.885345458984375,36.885345458984375,36.885345458984375,0,0.0,0.0
2011-09-30 00:00:00+08:00,36.885345458984375,36.885345458984375,36.885345458984375,36.885345458984375,0,0.0,0.0
2011-10-03 00:00:00+08:00,36.885345458984375,36.885345458984375,36.885345458984375,36.885345458984375,0,0.0,0.0
2011-10-04 00:00:00+08:00,36.885345458984375,36.885345458984375,36.885345458984375,36.885345458984375,0,0.0,0.0
2011-10-05 00:00:00+08:00,36.885345458984375,36.885345458984375,36.885345458984375,36.885345458984375,0,0.0,0.0
2011-10-06 00:00:00+08:00,36.885345458984375,36.885345458984375,36.885345458984375,36.885345458984375,0,0.0,0.0
2011-10-07 00:00:00+08:00,36.885345458984375,36.885345458984375,36.885345458984375,36.885345458984375,0,0.0,0.0
2011-10-11 00:00:00+08:00,36.885345458984375,36.885345458984375,36.885345458984375,36.885345458984375,0,0.0,0.0
2011-10-12 00:00:00+08:00,36.885345458984375,36.885345458984375,36.885345458984375,36.885345458984375,0,0.0,0.0
2011-10-13 00:00:00+08:00,36.885345458984375,36.885345458984375,36.885345458984375,36.885345458984375,0,0.0,0.0
2011-10-14 00:00:00+08:00,36.885345458984375,36.885345458984375,36.885345458984375,36.885345458984375,0,0.0,0.0
2011-10-17 00:00:00+08:00,36.885345458984375,36.885345458984375,36.885345458984375,36.885345458984375,0,0.0,0.0
2011-10-18 00:00:00+08:00,36.885345458984375,36.885345458984375,36.885345458984375,36.885345458984375,0,0.0,0.0
2011-10-19 00:00:00+08:00,36.885345458984375,36.885345458984375,36.885345458984375,36.885345458984375,0,0.0,0.0
2011-10-20 00:00:00+08:00,36.885345458984375,36.885345458984375,36.885345458984375,36.885345458984375,0,0.0,0.0
2011-10-21 00:00:00+08:00,36.885345458984375,36.885345458984375,36.885345458984375,36.885345458984375,0,0.0,0.0
2011-10-24 00:00:00+08:00,36.885345458984375,36.885345458984375,36.885345458984375,36.885345458984375,0,0.0,0.0
2011-10-25 00:00:00+08:00,36.885345458984375,36.885345458984375,36.885345458984375,36.885345458984375,0,0.0,0.0
2011-10-26 00:00:00+08:00,36.885345458984375,36.885345458984375,36.885345458984375,36.885345458984375,0,0.0,0.0
2011-10-27 00:00:00+08:00,36.885345458984375,36.885345458984375,36.885345458984375,36.885345458984375,0,0.0,0.0
2011-10-28 00:00:00+08:00,36.885345458984375,36.885345458984375,36.885345458984375,36.885345458984375,0,0.0,0.0
2011-10-31 00:00:00+08:00,36.885345458984375,36.885345458984375,36.885345458984375,36.885345458984375,0,0.0,0.0
2011-11-01 00:00:00+08:00,36.885345458984375,36.885345458984375,36.885345458984375,36.885345458984375,0,0.0,0.0
2011-11-02 00:00:00+08:00,36.885345458984375,36.885345458984375,36.885345458984375,36.885345458984375,0,0.0,0.0
2011-11-03 00:00:00+08:00,36.885345458984375,36.885345458984375,36.885345458984375,36.885345458984375,0,0.0,0.0
2011-11-04 00:00:00+08:00,36.885345458984375,36.885345458984375,36.885345458984375,36.885345458984375,0,0.0,0.0
2011-11-07 00:00:00+08:00,36.885345458984375,36.885345458984375,36.885345458984375,36.885345458984375,0,0.0,0.0
2011-11-08 00:00:00+08:00,36.885345458984375,36.885345458984375,36.885345458984375,36.885345458984375,0,0.0,0.0
2011-11-09 00:00:00+08:00,36.885345458984375,36.885345458984375,36.885345458984375,36.885345458984375,0,0.0,0.0
2011-11-10 00:00:00+08:00,36.885345458984375,36.885345458984375,36.885345458984375,36.885345458984375,0,0.0,0.0
2011-11-11 00:00:00+08:00,36.885345458984375,36.885345458984375,36.885345458984375,36.885345458984375,0,0.0,0.0
2011-11-14 00:00:00+08:00,36.885345458984375,36.885345458984375,36.885345458984375,36.885345458984375,0,0.0,0.0
2011-11-15 00:00:00+08:00,36.885345458984375,36.885345458984375,36.885345458984375,36.885345458984375,0,0.0,0.0
2011-11-16 00:00:00+08:00,36.885345458984375,36.885345458984375,36.885345458984375,36.885345458984375,0,0.0,0.0
2011-11-17 00:00:00+08:00,36.885345458984375,36.885345458984375,36.885345458984375,36.885345458984375,0,0.0,0.0
2011-11-18 00:00:00+08:00,36.885345458984375,36.885345458984375,36.885345458984375,36.885345458984375,0,0.0,0.0
2011-11-21 00:00:00+08:00,36.885345458984375,36.885345458984375,36.885345458984375,36.885345458984375,0,0.0,0.0
2011-11-22 00:00:00+08:00,36.885345458984375,36.885345458984375,36.885345458984375,36.885345458984375,0,0.0,0.0
2011-11-23 00:00:00+08:00,36.885345458984375,36.885345458984375,36.885345458984375,36.885345458984375,0,0.0,0.0
2011-11-24 00:00:00+08:00,36.885345458984375,36.885345458984375,36.885345458984375,36.885345458984375,0,0.0,0.0
2011-11-25 00:00:00+08:00,36.885345458984375,36.885345458984375,36.885345458984375,36.885345458984375,0,0.0,0.0
2011-11-28 00:00:00+08:00,36.885345458984375,36.885345458984375,36.885345458984375,36.885345458984375,0,0.0,0.0
2011-11-29 00:00:00+08:00,36.885345458984375,36.885345458984375,36.885345458984375,36.885345458984375,0,0.0,0.0
2011-11-30 00:00:00+08:00,36.885345458984375,36.885345458984375,36.885345458984375,36.885345458984375,0,0.0,0.0
2011-12-01 00:00:00+08:00,36.885345458984375,36.885345458984375,36.885345458984375,36.885345458984375,0,0.0,0.0
2011-12-02 00:00:00+08:00,36.885345458984375,36.885345458984375,36.885345458984375,36.885345458984375,0,0.0,0.0
2011-12-05 00:00:00+08:00,36.885345458984375,36.885345458984375,36.885345458984375,36.885345458984375,0,0.0,0.0
2011-12-06 00:00:00+08:00,36.885345458984375,36.885345458984375,36.885345458984375,36.885345458984375,0,0.0,0.0
2011-12-07 00:00:00+08:00,36.885345458984375,36.885345458984375,36.885345458984375,36.885345458984375,0,0.0,0.0
2011-12-08 00:00:00+08:00,36.885345458984375,36.885345458984375,36.885345458984375,36.885345458984375,0,0.0,0.0
2011-12-09 00:00:00+08:00,36.885345458984375,36.885345458984375,36.885345458984375,36.885345458984375,0,0.0,0.0
2011-12-12 00:00:00+08:00,36.885345458984375,36.885345458984375,36.885345458984375,36.885345458984375,0,0.0,0.0
2011-12-13 00:00:00+08:00,36.885345458984375,36.885345458984375,36.885345458984375,36.885345458984375,0,0.0,0.0
2011-12-14 00:00:00+08:00,36.885345458984375,36.885345458984375,36.885345458984375,36.885345458984375,0,0.0,0.0
2011-12-15 00:00:00+08:00,36.885345458984375,36.885345458984375,36.885345458984375,36.885345458984375,0,0.0,0.0
2011-12-16 00:00:00+08:00,36.885345458984375,36.885345458984375,36.885345458984375,36.885345458984375,0,0.0,0.0
2011-12-19 00:00:00+08:00,36.885345458984375,36.885345458984375,36.885345458984375,36.885345458984375,0,0.0,0.0
2011-12-20 00:00:00+08:00,36.885345458984375,36.885345458984375,36.885345458984375,36.885345458984375,0,0.0,0.0
2011-12-21 00:00:00+08:00,36.885345458984375,36.885345458984375,36.885345458984375,36.885345458984375,0,0.0,0.0
2011-12-22 00:00:00+08:00,36.885345458984375,36.885345458984375,36.885345458984375,36.885345458984375,0,0.0,0.0
2011-12-23 00:00:00+08:00,36.885345458984375,36.885345458984375,36.885345458984375,36.885345458984375,0,0.0,0.0
2011-12-26 00:00:00+08:00,36.885345458984375,36.885345458984375,36.885345458984375,36.885345458984375,0,0.0,0.0
2011-12-27 00:00:00+08:00,36.885345458984375,36.885345458984375,36.885345458984375,36.885345458984375,0,0.0,0.0
2011-12-28 00:00:00+08:00,36.885345458984375,36.885345458984375,36.885345458984375,36.885345458984375,0,0.0,0.0
2011-12-29 00:00:00+08:00,36.885345458984375,36.885345458984375,36.885345458984375,36.885345458984375,0,0.0,0.0
2011-12-30 00:00:00+08:00,36.885345458984375,36.885345458984375,36.885345458984375,36.885345458984375,0,0.0,0.0
2012-01-02 00:00:00+08:00,36.885345458984375,36.885345458984375,36.885345458984375,36.885345458984375,0,0.0,0.0
2012-01-03 00:00:00+08:00,36.885345458984375,36.885345458984375,36.885345458984375,36.885345458984375,0,0.0,0.0
2012-01-04 00:00:00+08:00,36.885345458984375,36.885345458984375,36.885345458984375,36.885345458984375,0,0.0,0.0
2012-01-05 00:00:00+08:00,36.885345458984375,36.885345458984375,36.885345458984375,36.885345458984375,0,0.0,0.0
2012-01-06 00:00:00+08:00,36.885345458984375,36.885345458984375,36.885345458984375,36.885345458984375,0,0.0,0.0
2012-01-09 00:00:00+08:00,36.885345458984375,36.885345458984375,36.885345458984375,36.885345458984375,0,0.0,0.0
2012-01-10 00:00:00+08:00,36.885345458984375,36.885345458984375,36.885345458984375,36.885345458984375,0,0.0,0.0
2012-01-11 00:00:00+08:00,36.885345458984375,36.885345458984375,36.885345458984375,36.885345458984375,0,0.0,0.0
2012-01-12 00:00:00+08:00,36.885345458984375,36.885345458984375,36.885345458984375,36.885345458984375,0,0.0,0.0
2012-01-13 00:00:00+08:00,36.885345458984375,36.885345458984375,36.885345458984375,36.885345458984375,0,0.0,0.0
2012-01-16 00:00:00+08:00,36.885345458984375,36.885345458984375,36.885345458984375,36.885345458984375,0,0.0,0.0
2012-01-17 00:00:00+08:00,36.885345458984375,36.885345458984375,36.885345458984375,36.885345458984375,0,0.0,0.0
2012-01-18 00:00:00+08:00,36.885345458984375,36.885345458984375,36.885345458984375,36.885345458984375,0,0.0,0.0
2012-01-30 00:00:00+08:00,36.885345458984375,36.885345458984375,36.885345458984375,36.885345458984375,0,0.0,0.0
2012-01-31 00:00:00+08:00,36.885345458984375,36.885345458984375,36.885345458984375,36.885345458984375,0,0.0,0.0
2012-02-01 00:00:00+08:00,36.885345458984375,36.885345458984375,36.885345458984375,36.885345458984375,0,0.0,0.0
2012-02-02 00:00:00+08:00,36.885345458984375,36.885345458984375,36.885345458984375,36.885345458984375,0,0.0,0.0
2012-02-03 00:00:00+08:00,36.885345458984375,36.885345458984375,36.885345458984375,36.885345458984375,0,0.0,0.0
2012-02-06 00:00:00+08:00,36.885345458984375,36.885345458984375,36.885345458984375,36.885345458984375,0,0.0,0.0
2012-02-07 00:00:00+08:00,36.885345458984375,36.885345458984375,36.885345458984375,36.885345458984375,0,0.0,0.0
2012-02-08 00:00:00+08:00,36.885345458984375,36.885345458984375,36.885345458984375,36.885345458984375,0,0.0,0.0
2012-02-09 00:00:00+08:00,36.885345458984375,36.885345458984375,36.885345458984375,36.885345458984375,0,0.0,0.0
2012-02-10 00:00:00+08:00,36.885345458984375,36.885345458984375,36.885345458984375,36.885345458984375,0,0.0,0.0
2012-02-13 00:00:00+08:00,36.885345458984375,36.885345458984375,36.885345458984375,36.885345458984375,0,0.0,0.0
2012-02-14 00:00:00+08:00,36.885345458984375,36.885345458984375,36.885345458984375,36.885345458984375,0,0.0,0.0
2012-02-15 00:00:00+08:00,36.885345458984375,36.885345458984375,36.885345458984375,36.885345458984375,0,0.0,0.0
2012-02-16 00:00:00+08:00,36.885345458984375,36.885345458984375,36.885345458984375,36.885345458984375,0,0.0,0.0
2012-02-17 00:00:00+08:00,36.885345458984375,36.885345458984375,36.885345458984375,36.885345458984375,0,0.0,0.0
2012-02-20 00:00:00+08:00,36.885345458984375,36.885345458984375,36.885345458984375,36.885345458984375,0,0.0,0.0
2012-02-21 00:00:00+08:00,36.885345458984375,36.885345458984375,36.885345458984375,36.885345458984375,0,0.0,0.0
2012-02-22 00:00:00+08:00,36.885345458984375,36.885345458984375,36.885345458984375,36.885345458984375,0,0.0,0.0
2012-02-23 00:00:00+08:00,36.885345458984375,36.885345458984375,36.885345458984375,36.885345458984375,0,0.0,0.0
2012-02-24 00:00:00+08:00,36.885345458984375,36.885345458984375,36.885345458984375,36.885345458984375,0,0.0,0.0
2012-02-29 00:00:00+08:00,36.885345458984375,36.885345458984375,36.885345458984375,36.885345458984375,0,0.0,0.0
2012-03-01 00:00:00+08:00,36.885345458984375,36.885345458984375,36.885345458984375,36.885345458984375,0,0.0,0.0
2012-03-02 00:00:00+08:00,36.885345458984375,36.885345458984375,36.885345458984375,36.885345458984375,0,0.0,0.0
2012-03-05 00:00:00+08:00,36.885345458984375,36.885345458984375,36.885345458984375,36.885345458984375,0,0.0,0.0
2012-03-06 00:00:00+08:00,36.885345458984375,36.885345458984375,36.885345458984375,36.885345458984375,0,0.0,0.0
2012-03-07 00:00:00+08:00,36.885345458984375,36.885345458984375,36.885345458984375,36.885345458984375,0,0.0,0.0
2012-03-08 00:00:00+08:00,36.885345458984375,36.885345458984375,36.885345458984375,36.885345458984375,0,0.0,0.0
2012-03-09 00:00:00+08:00,36.885345458984375,36.885345458984375,36.885345458984375,36.885345458984375,0,0.0,0.0
2012-03-12 00:00:00+08:00,36.885345458984375,36.885345458984375,36.885345458984375,36.885345458984375,0,0.0,0.0
2012-03-13 00:00:00+08:00,36.885345458984375,36.885345458984375,36.885345458984375,36.885345458984375,0,0.0,0.0
2012-03-14 00:00:00+08:00,36.885345458984375,36.885345458984375,36.885345458984375,36.885345458984375,0,0.0,0.0
2012-03-15 00:00:00+08:00,36.885345458984375,36.885345458984375,36.885345458984375,36.885345458984375,0,0.0,0.0
2012-03-16 00:00:00+08:00,36.885345458984375,36.885345458984375,36.885345458984375,36.885345458984375,0,0.0,0.0
2012-03-19 00:00:00+08:00,36.885345458984375,36.885345458984375,36.885345458984375,36.885345458984375,0,0.0,0.0
2012-03-20 00:00:00+08:00,36.885345458984375,36.885345458984375,36.885345458984375,36.885345458984375,0,0.0,0.0
2012-03-21 00:00:00+08:00,36.885345458984375,36.885345458984375,36.885345458984375,36.885345458984375,0,0.0,0.0
2012-03-22 00:00:00+08:00,36.885345458984375,36.885345458984375,36.885345458984375,36.885345458984375,0,0.0,0.0
2012-03-23 00:00:00+08:00,36.885345458984375,36.885345458984375,36.885345458984375,36.885345458984375,0,0.0,0.0
2012-03-26 00:00:00+08:00,36.885345458984375,36.885345458984375,36.885345458984375,36.885345458984375,0,0.0,0.0
2012-03-27 00:00:00+08:00,36.885345458984375,36.885345458984375,36.885345458984375,36.885345458984375,0,0.0,0.0
2012-03-28 00:00:00+08:00,36.885345458984375,36.885345458984375,36.885345458984375,36.885345458984375,0,0.0,0.0
2012-03-29 00:00:00+08:00,36.885345458984375,36.885345458984375,36.885345458984375,36.885345458984375,0,0.0,0.0
2012-03-30 00:00:00+08:00,36.885345458984375,36.885345458984375,36.885345458984375,36.885345458984375,0,0.0,0.0
2012-04-02 00:00:00+08:00,36.885345458984375,36.885345458984375,36.885345458984375,36.885345458984375,0,0.0,0.0
2012-04-03 00:00:00+08:00,36.885345458984375,36.885345458984375,36.885345458984375,36.885345458984375,0,0.0,0.0
2012-04-05 00:00:00+08:00,36.885345458984375,36.885345458984375,36.885345458984375,36.885345458984375,0,0.0,0.0
2012-04-06 00:00:00+08:00,36.885345458984375,36.885345458984375,36.885345458984375,36.885345458984375,0,0.0,0.0
2012-04-09 00:00:00+08:00,36.885345458984375,36.885345458984375,36.885345458984375,36.885345458984375,0,0.0,0.0
2012-04-10 00:00:00+08:00,36.885345458984375,36.885345458984375,36.885345458984375,36.885345458984375,0,0.0,0.0
2012-04-11 00:00:00+08:00,36.885345458984375,36.885345458984375,36.885345458984375,36.885345458984375,0,0.0,0.0
2012-04-12 00:00:00+08:00,36.885345458984375,36.885345458984375,36.885345458984375,36.885345458984375,0,0.0,0.0
2012-04-13 00:00:00+08:00,36.885345458984375,36.885345458984375,36.885345458984375,36.885345458984375,0,0.0,0.0
2012-04-16 00:00:00+08:00,36.885345458984375,36.885345458984375,36.885345458984375,36.885345458984375,0,0.0,0.0
2012-04-17 00:00:00+08:00,36.885345458984375,36.885345458984375,36.885345458984375,36.885345458984375,0,0.0,0.0
2012-04-18 00:00:00+08:00,36.885345458984375,36.885345458984375,36.885345458984375,36.885345458984375,0,0.0,0.0
2012-04-19 00:00:00+08:00,36.885345458984375,36.885345458984375,36.885345458984375,36.885345458984375,0,0.0,0.0
2012-04-20 00:00:00+08:00,36.885345458984375,36.885345458984375,36.885345458984375,36.885345458984375,0,0.0,0.0
2012-04-23 00:00:00+08:00,36.885345458984375,36.885345458984375,36.885345458984375,36.885345458984375,0,0.0,0.0
2012-04-24 00:00:00+08:00,36.885345458984375,36.885345458984375,36.885345458984375,36.885345458984375,0,0.0,0.0
2012-04-25 00:00:00+08:00,36.885345458984375,36.885345458984375,36.885345458984375,36.885345458984375,0,0.0,0.0
2012-04-26 00:00:00+08:00,36.885345458984375,36.885345458984375,36.885345458984375,36.885345458984375,0,0.0,0.0
2012-04-27 00:00:00+08:00,36.885345458984375,36.885345458984375,36.885345458984375,36.885345458984375,0,0.0,0.0
2012-04-30 00:00:00+08:00,36.885345458984375,36.885345458984375,36.885345458984375,36.885345458984375,0,0.0,0.0
2012-05-02 00:00:00+08:00,36.885345458984375,36.885345458984375,36.885345458984375,36.885345458984375,0,0.0,0.0
2012-05-03 00:00:00+08:00,36.885345458984375,36.885345458984375,36.885345458984375,36.885345458984375,0,0.0,0.0
2012-05-04 00:00:00+08:00,36.885345458984375,36.885345458984375,36.885345458984375,36.885345458984375,0,0.0,0.0
2012-05-07 00:00:00+08:00,36.885345458984375,36.885345458984375,36.885345458984375,36.885345458984375,0,0.0,0.0
2012-05-08 00:00:00+08:00,36.885345458984375,36.885345458984375,36.885345458984375,36.885345458984375,0,0.0,0.0
2012-05-09 00:00:00+08:00,36.885345458984375,36.885345458984375,36.885345458984375,36.885345458984375,0,0.0,0.0
2012-05-10 00:00:00+08:00,36.885345458984375,36.885345458984375,36.885345458984375,36.885345458984375,0,0.0,0.0
2012-05-11 00:00:00+08:00,36.885345458984375,36.885345458984375,36.885345458984375,36.885345458984375,0,0.0,0.0
2012-05-14 00:00:00+08:00,36.885345458984375,36.885345458984375,36.885345458984375,36.885345458984375,0,0.0,0.0
2012-05-15 00:00:00+08:00,36.885345458984375,36.885345458984375,36.885345458984375,36.885345458984375,0,0.0,0.0
2012-05-16 00:00:00+08:00,36.885345458984375,36.885345458984375,36.885345458984375,36.885345458984375,0,0.0,0.0
2012-05-17 00:00:00+08:00,36.885345458984375,36.885345458984375,36.885345458984375,36.885345458984375,0,0.0,0.0
2012-05-18 00:00:00+08:00,36.885345458984375,36.885345458984375,36.885345458984375,36.885345458984375,0,0.0,0.0
2012-05-21 00:00:00+08:00,36.885345458984375,36.885345458984375,36.885345458984375,36.885345458984375,0,0.0,0.0
2012-05-22 00:00:00+08:00,36.885345458984375,36.885345458984375,36.885345458984375,36.885345458984375,0,0.0,0.0
2012-05-23 00:00:00+08:00,36.885345458984375,36.885345458984375,36.885345458984375,36.885345458984375,0,0.0,0.0
2012-05-24 00:00:00+08:00,36.885345458984375,36.885345458984375,36.885345458984375,36.885345458984375,0,0.0,0.0
2012-05-25 00:00:00+08:00,36.885345458984375,36.885345458984375,36.885345458984375,36.885345458984375,0,0.0,0.0
2012-05-28 00:00:00+08:00,36.885345458984375,36.885345458984375,36.885345458984375,36.885345458984375,0,0.0,0.0
2012-05-29 00:00:00+08:00,36.885345458984375,36.885345458984375,36.885345458984375,36.885345458984375,0,0.0,0.0
2012-05-30 00:00:00+08:00,36.885345458984375,36.885345458984375,36.885345458984375,36.885345458984375,0,0.0,0.0
2012-05-31 00:00:00+08:00,36.885345458984375,36.885345458984375,36.885345458984375,36.885345458984375,0,0.0,0.0
2012-06-01 00:00:00+08:00,36.885345458984375,36.885345458984375,36.885345458984375,36.885345458984375,0,0.0,0.0
2012-06-04 00:00:00+08:00,36.885345458984375,36.885345458984375,36.885345458984375,36.885345458984375,0,0.0,0.0
2012-06-05 00:00:00+08:00,36.885345458984375,36.885345458984375,36.885345458984375,36.885345458984375,0,0.0,0.0
2012-06-06 00:00:00+08:00,36.885345458984375,36.885345458984375,36.885345458984375,36.885345458984375,0,0.0,0.0
2012-06-07 00:00:00+08:00,36.885345458984375,36.885345458984375,36.885345458984375,36.885345458984375,0,0.0,0.0
2012-06-08 00:00:00+08:00,36.885345458984375,36.885345458984375,36.885345458984375,36.885345458984375,0,0.0,0.0
2012-06-11 00:00:00+08:00,36.885345458984375,36.885345458984375,36.885345458984375,36.885345458984375,0,0.0,0.0
2012-06-12 00:00:00+08:00,36.885345458984375,36.885345458984375,36.885345458984375,36.885345458984375,0,0.0,0.0
2012-06-13 00:00:00+08:00,36.885345458984375,36.885345458984375,36.885345458984375,36.885345458984375,0,0.0,0.0
2012-06-14 00:00:00+08:00,36.885345458984375,36.885345458984375,36.885345458984375,36.885345458984375,0,0.0,0.0
2012-06-15 00:00:00+08:00,36.885345458984375,36.885345458984375,36.885345458984375,36.885345458984375,0,0.0,0.0
2012-06-18 00:00:00+08:00,36.885345458984375,36.885345458984375,36.885345458984375,36.885345458984375,0,0.0,0.0
2012-06-19 00:00:00+08:00,36.885345458984375,36.885345458984375,36.885345458984375,36.885345458984375,0,0.0,0.0
2012-06-20 00:00:00+08:00,91.47566223144531,94.4264907836914,90.49205017089844,91.47566223144531,0,0.0,0.0
2012-06-21 00:00:00+08:00,90.885498046875,91.27893829345703,90.49205017089844,90.885498046875,0,0.0,0.0
2012-06-22 00:00:00+08:00,89.5084457397461,90.98385620117188,89.16417694091797,89.5084457397461,0,0.0,0.0
2012-06-25 00:00:00+08:00,88.52483367919922,89.5084457397461,87.54122161865234,88.52483367919922,0,0.0,0.0
2012-06-26 00:00:00+08:00,88.03302764892578,88.52483367919922,88.03302764892578,88.03302764892578,0,0.0,0.0
2012-06-27 00:00:00+08:00,86.5576171875,88.03302764892578,86.5576171875,86.5576171875,0,0.0,0.0
2012-06-28 00:00:00+08:00,87.54122161865234,87.54122161865234,86.5576171875,87.54122161865234,0,0.0,0.0
2012-06-29 00:00:00+08:00,89.5084457397461,90.06909942626953,87.54122161865234,89.5084457397461,0,0.0,0.0
2012-07-02 00:00:00+08:00,88.52483367919922,89.5084457397461,88.52483367919922,88.52483367919922,0,0.0,0.0
2012-07-03 00:00:00+08:00,88.52483367919922,88.52483367919922,88.52483367919922,88.52483367919922,0,0.0,0.0
2012-07-04 00:00:00+08:00,87.83631134033203,88.52483367919922,87.83631134033203,87.83631134033203,0,0.0,0.0
2012-07-05 00:00:00+08:00,87.54122161865234,88.03302764892578,86.26253509521484,87.54122161865234,0,0.0,0.0
2012-07-06 00:00:00+08:00,86.5576171875,86.5576171875,86.5576171875,86.5576171875,0,0.0,0.0
2012-07-09 00:00:00+08:00,85.57400512695312,86.5576171875,85.08219909667969,85.57400512695312,0,0.0,0.0
2012-07-10 00:00:00+08:00,85.57400512695312,86.06581115722656,84.59040069580078,85.57400512695312,0,0.0,0.0
2012-07-11 00:00:00+08:00,84.59040069580078,86.06581115722656,84.59040069580078,84.59040069580078,0,0.0,0.0
2012-07-12 00:00:00+08:00,85.57400512695312,86.06581115722656,84.59040069580078,85.57400512695312,0,0.0,0.0
2012-07-13 00:00:00+08:00,85.57400512695312,85.57400512695312,85.57400512695312,85.57400512695312,0,0.0,0.0
2012-07-16 00:00:00+08:00,85.08219909667969,86.44941711425781,84.59040069580078,85.08219909667969,0,0.0,0.0
2012-07-17 00:00:00+08:00,85.08219909667969,85.08219909667969,84.59040069580078,85.08219909667969,0,0.0,0.0
2012-07-18 00:00:00+08:00,85.08219909667969,85.08219909667969,85.08219909667969,85.08219909667969,0,0.0,0.0
2012-07-19 00:00:00+08:00,84.59040069580078,84.68875885009766,84.09859466552734,84.59040069580078,0,0.0,0.0
2012-07-20 00:00:00+08:00,84.59040069580078,86.26253509521484,84.59040069580078,84.59040069580078,0,0.0,0.0
2012-07-23 00:00:00+08:00,84.59040069580078,84.59040069580078,84.09859466552734,84.59040069580078,0,0.0,0.0
2012-07-24 00:00:00+08:00,84.59040069580078,84.59040069580078,84.09859466552734,84.59040069580078,0,0.0,0.0
2012-07-25 00:00:00+08:00,85.08219909667969,85.08219909667969,84.59040069580078,85.08219909667969,0,0.0,0.0
2012-07-26 00:00:00+08:00,85.47564697265625,85.47564697265625,84.88548278808594,85.47564697265625,0,0.0,0.0
2012-07-27 00:00:00+08:00,85.08219909667969,85.08219909667969,84.78711700439453,85.08219909667969,0,0.0,0.0
2012-07-30 00:00:00+08:00,85.57400512695312,85.57400512695312,85.08219909667969,85.57400512695312,0,0.0,0.0
2012-07-31 00:00:00+08:00,85.7707290649414,85.7707290649414,85.08219909667969,85.7707290649414,0,0.0,0.0
2012-08-01 00:00:00+08:00,85.57400512695312,86.06581115722656,84.09859466552734,85.57400512695312,0,0.0,0.0
2012-08-02 00:00:00+08:00,85.57400512695312,85.57400512695312,85.57400512695312,85.57400512695312,0,0.0,0.0
2012-08-03 00:00:00+08:00,84.59040069580078,85.57400512695312,84.59040069580078,84.59040069580078,0,0.0,0.0
2012-08-06 00:00:00+08:00,84.78711700439453,85.57400512695312,84.59040069580078,84.78711700439453,0,0.0,0.0
2012-08-07 00:00:00+08:00,84.09859466552734,84.78711700439453,84.09859466552734,84.09859466552734,0,0.0,0.0
2012-08-08 00:00:00+08:00,82.62317657470703,84.09859466552734,82.32809448242188,82.62317657470703,0,0.0,0.0
2012-08-09 00:00:00+08:00,81.34449005126953,83.6067886352539,81.24612426757812,81.34449005126953,0,0.0,0.0
2012-08-10 00:00:00+08:00,81.63957214355469,82.1313705444336,81.14776611328125,81.63957214355469,0,0.0,0.0
2012-08-13 00:00:00+08:00,80.95104217529297,80.95104217529297,80.26251220703125,80.95104217529297,0,0.0,0.0
2012-08-14 00:00:00+08:00,83.6067886352539,83.6067886352539,80.95104217529297,83.6067886352539,0,0.0,0.0
2012-08-15 00:00:00+08:00,83.6067886352539,86.5576171875,78.6887435913086,83.6067886352539,0,0.0,0.0
2012-08-16 00:00:00+08:00,83.80351257324219,84.59040069580078,83.80351257324219,83.80351257324219,0,0.0,0.0
2012-08-17 00:00:00+08:00,83.6067886352539,84.59040069580078,83.11498260498047,83.6067886352539,0,0.0,0.0
2012-08-20 00:00:00+08:00,87.04942321777344,87.54122161865234,84.59040069580078,87.04942321777344,0,0.0,0.0
2012-08-21 00:00:00+08:00,86.06581115722656,87.04942321777344,85.7707290649414,86.06581115722656,0,0.0,0.0
2012-08-22 00:00:00+08:00,86.06581115722656,87.14778137207031,85.67236328125,86.06581115722656,0,0.0,0.0
2012-08-23 00:00:00+08:00,85.86908721923828,86.5576171875,83.6067886352539,85.86908721923828,0,0.0,0.0
2012-08-24 00:00:00+08:00,85.57400512695312,86.5576171875,85.57400512695312,85.57400512695312,0,0.0,0.0
2012-08-27 00:00:00+08:00,86.06581115722656,86.06581115722656,85.42646789550781,86.06581115722656,0,0.0,0.0
2012-08-28 00:00:00+08:00,84.84613800048828,86.06581115722656,84.84613800048828,84.84613800048828,0,0.0,0.0
2012-08-29 00:00:00+08:00,85.71171569824219,88.52483367919922,84.88548278808594,85.71171569824219,0,0.0,0.0
2012-08-30 00:00:00+08:00,84.78711700439453,85.08219909667969,84.59040069580078,84.78711700439453,0,0.0,0.0
2012-08-31 00:00:00+08:00,85.57400512695312,85.57400512695312,84.09859466552734,85.57400512695312,0,0.0,0.0
2012-09-03 00:00:00+08:00,83.6067886352539,84.59040069580078,78.6887435913086,83.6067886352539,0,0.0,0.0
2012-09-04 00:00:00+08:00,84.59040069580078,84.59040069580078,84.09859466552734,84.59040069580078,0,0.0,0.0
2012-09-05 00:00:00+08:00,83.6067886352539,85.57400512695312,82.97727966308594,83.6067886352539,0,0.0,0.0
2012-09-06 00:00:00+08:00,85.57400512695312,85.57400512695312,82.62317657470703,85.57400512695312,0,0.0,0.0
2012-09-07 00:00:00+08:00,82.62317657470703,84.59040069580078,82.62317657470703,82.62317657470703,0,0.0,0.0
2012-09-10 00:00:00+08:00,86.5576171875,86.5576171875,83.6067886352539,86.5576171875,0,0.0,0.0
2012-09-11 00:00:00+08:00,84.2953109741211,85.08219909667969,84.09859466552734,84.2953109741211,0,0.0,0.0
2012-09-12 00:00:00+08:00,84.09859466552734,85.57400512695312,84.09859466552734,84.09859466552734,0,0.0,0.0
2012-09-13 00:00:00+08:00,84.59040069580078,85.08219909667969,84.09859466552734,84.59040069580078,0,0.0,0.0
2012-09-14 00:00:00+08:00,83.6067886352539,85.92810821533203,83.6067886352539,83.6067886352539,0,0.0,0.0
2012-09-17 00:00:00+08:00,83.11498260498047,85.92810821533203,83.11498260498047,83.11498260498047,0,0.0,0.0
2012-09-18 00:00:00+08:00,83.6067886352539,83.6067886352539,83.11498260498047,83.6067886352539,0,0.0,0.0
2012-09-19 00:00:00+08:00,82.62317657470703,83.6067886352539,82.62317657470703,82.62317657470703,0,0.0,0.0
2012-09-20 00:00:00+08:00,81.14776611328125,83.11498260498047,80.65596008300781,81.14776611328125,0,0.0,0.0
2012-09-21 00:00:00+08:00,81.93465423583984,82.62317657470703,81.63957214355469,81.93465423583984,0,0.0,0.0
2012-09-24 00:00:00+08:00,80.65596008300781,81.63957214355469,80.65596008300781,80.65596008300781,0,0.0,0.0
2012-09-25 00:00:00+08:00,81.63957214355469,81.83628845214844,80.65596008300781,81.63957214355469,0,0.0,0.0
2012-09-26 00:00:00+08:00,80.65596008300781,81.63957214355469,79.67234802246094,80.65596008300781,0,0.0,0.0
2012-09-27 00:00:00+08:00,79.67234802246094,80.95104217529297,79.67234802246094,79.67234802246094,0,0.0,0.0
2012-09-28 00:00:00+08:00,79.67234802246094,83.6067886352539,79.67234802246094,79.67234802246094,0,0.0,0.0
2012-10-01 00:00:00+08:00,79.67234802246094,79.67234802246094,79.18054962158203,79.67234802246094,0,0.0,0.0
2012-10-02 00:00:00+08:00,79.18054962158203,80.16415405273438,78.6887435913086,79.18054962158203,0,0.0,0.0
2012-10-03 00:00:00+08:00,77.50840759277344,79.67234802246094,77.21332550048828,77.50840759277344,0,0.0,0.0
2012-10-04 00:00:00+08:00,78.6887435913086,79.67234802246094,77.21332550048828,78.6887435913086,0,0.0,0.0
2012-10-05 00:00:00+08:00,78.19693756103516,78.6887435913086,76.72151947021484,78.19693756103516,0,0.0,0.0
2012-10-08 00:00:00+08:00,76.72151947021484,78.6887435913086,76.72151947021484,76.72151947021484,0,0.0,0.0
2012-10-09 00:00:00+08:00,77.6461181640625,77.70513153076172,76.72151947021484,77.6461181640625,0,0.0,0.0
2012-10-11 00:00:00+08:00,79.67234802246094,79.67234802246094,76.72151947021484,79.67234802246094,0,0.0,0.0
2012-10-12 00:00:00+08:00,80.65596008300781,80.65596008300781,78.6887435913086,80.65596008300781,0,0.0,0.0
2012-10-15 00:00:00+08:00,80.16415405273438,81.14776611328125,78.96414947509766,80.16415405273438,0,0.0,0.0
2012-10-16 00:00:00+08:00,82.62317657470703,82.93793487548828,79.37726593017578,82.62317657470703,0,0.0,0.0
2012-10-17 00:00:00+08:00,80.36087799072266,82.93793487548828,80.16415405273438,80.36087799072266,0,0.0,0.0
2012-10-18 00:00:00+08:00,79.18054962158203,79.42644500732422,78.6887435913086,79.18054962158203,0,0.0,0.0
2012-10-19 00:00:00+08:00,78.6887435913086,79.52481079101562,78.6887435913086,78.6887435913086,0,0.0,0.0
2012-10-22 00:00:00+08:00,78.6887435913086,79.18054962158203,76.72151947021484,78.6887435913086,0,0.0,0.0
2012-10-23 00:00:00+08:00,77.01660919189453,77.70513153076172,76.22972106933594,77.01660919189453,0,0.0,0.0
2012-10-24 00:00:00+08:00,76.72151947021484,77.70513153076172,76.22972106933594,76.72151947021484,0,0.0,0.0
2012-10-25 00:00:00+08:00,73.77069854736328,76.72151947021484,73.27889251708984,73.77069854736328,0,0.0,0.0
2012-10-26 00:00:00+08:00,67.8690414428711,73.77069854736328,66.88542938232422,67.8690414428711,0,0.0,0.0
2012-10-29 00:00:00+08:00,62.45918655395508,66.88542938232422,62.29197311401367,62.45918655395508,0,0.0,0.0
2012-10-30 00:00:00+08:00,63.44279861450195,65.22312927246094,62.950992584228516,63.44279861450195,0,0.0,0.0
2012-10-31 00:00:00+08:00,57.04933547973633,63.44279861450195,53.114898681640625,57.04933547973633,0,0.0,0.0
2012-11-01 00:00:00+08:00,56.06572723388672,56.29195785522461,51.147682189941406,56.06572723388672,0,0.0,0.0
2012-11-02 00:00:00+08:00,58.623111724853516,61.19033432006836,54.0985107421875,58.623111724853516,0,0.0,0.0
2012-11-05 00:00:00+08:00,57.04933547973633,59.01655578613281,56.6558952331543,57.04933547973633,0,0.0,0.0
2012-11-06 00:00:00+08:00,56.262451171875,57.541141510009766,56.06572723388672,56.262451171875,0,0.0,0.0
2012-11-07 00:00:00+08:00,58.0329475402832,58.524749755859375,56.6558952331543,58.0329475402832,0,0.0,0.0
2012-11-08 00:00:00+08:00,58.0329475402832,58.524749755859375,57.541141510009766,58.0329475402832,0,0.0,0.0
2012-11-09 00:00:00+08:00,57.541141510009766,59.01655578613281,57.04933547973633,57.541141510009766,0,0.0,0.0
2012-11-12 00:00:00+08:00,55.08211898803711,57.04933547973633,54.59031295776367,55.08211898803711,0,0.0,0.0
2012-11-13 00:00:00+08:00,54.59031295776367,55.08211898803711,53.60670471191406,54.59031295776367,0,0.0,0.0
2012-11-14 00:00:00+08:00,54.0985107421875,54.59031295776367,53.114898681640625,54.0985107421875,0,0.0,0.0
2012-11-15 00:00:00+08:00,55.57392501831055,58.524749755859375,54.0985107421875,55.57392501831055,0,0.0,0.0
2012-11-16 00:00:00+08:00,55.08211898803711,56.06572723388672,55.08211898803711,55.08211898803711,0,0.0,0.0
2012-11-19 00:00:00+08:00,55.77064514160156,56.06572723388672,55.57392501831055,55.77064514160156,0,0.0,0.0
2012-11-20 00:00:00+08:00,59.50836181640625,60.9837760925293,55.57392501831055,59.50836181640625,0,0.0,0.0
2012-11-21 00:00:00+08:00,55.77064514160156,60.49197006225586,55.57392501831055,55.77064514160156,0,0.0,0.0
2012-11-22 00:00:00+08:00,56.6558952331543,57.04933547973633,56.557533264160156,56.6558952331543,0,0.0,0.0
2012-11-23 00:00:00+08:00,58.4263916015625,60.9837760925293,56.75425338745117,58.4263916015625,0,0.0,0.0
2012-11-26 00:00:00+08:00,59.50836181640625,60.00016403198242,58.0329475402832,59.50836181640625,0,0.0,0.0
2012-11-27 00:00:00+08:00,59.50836181640625,60.49197006225586,59.01655578613281,59.50836181640625,0,0.0,0.0
2012-11-28 00:00:00+08:00,63.934600830078125,63.934600830078125,60.59033203125,63.934600830078125,0,0.0,0.0
2012-11-29 00:00:00+08:00,68.85264587402344,69.83625793457031,64.62313079833984,68.85264587402344,0,0.0,0.0
2012-11-30 00:00:00+08:00,70.81986999511719,73.50511932373047,69.83625793457031,70.81986999511719,0,0.0,0.0
2012-12-03 00:00:00+08:00,70.32806396484375,71.80347442626953,70.0329818725586,70.32806396484375,0,0.0,0.0
2012-12-04 00:00:00+08:00,69.83625793457031,70.81986999511719,69.54117584228516,69.83625793457031,0,0.0,0.0
2012-12-05 00:00:00+08:00,68.55756378173828,70.42642211914062,68.36084747314453,68.55756378173828,0,0.0,0.0
2012-12-06 00:00:00+08:00,66.88542938232422,69.09854888916016,66.88542938232422,66.88542938232422,0,0.0,0.0
2012-12-07 00:00:00+08:00,66.88542938232422,68.85264587402344,66.68870544433594,66.88542938232422,0,0.0,0.0
2012-12-10 00:00:00+08:00,68.36084747314453,69.34445190429688,67.8690414428711,68.36084747314453,0,0.0,0.0
2012-12-11 00:00:00+08:00,67.8690414428711,69.09854888916016,67.8690414428711,67.8690414428711,0,0.0,0.0
2012-12-12 00:00:00+08:00,67.37723541259766,69.36412811279297,67.37723541259766,67.37723541259766,0,0.0,0.0
2012-12-13 00:00:00+08:00,66.88542938232422,68.36084747314453,66.34444427490234,66.88542938232422,0,0.0,0.0
2012-12-14 00:00:00+08:00,63.44279861450195,67.8690414428711,62.950992584228516,63.44279861450195,0,0.0,0.0
2012-12-17 00:00:00+08:00,62.950992584228516,66.88542938232422,62.950992584228516,62.950992584228516,0,0.0,0.0
2012-12-18 00:00:00+08:00,62.45918655395508,63.44279861450195,62.45918655395508,62.45918655395508,0,0.0,0.0
2012-12-19 00:00:00+08:00,62.950992584228516,63.934600830078125,61.967384338378906,62.950992584228516,0,0.0,0.0
2012-12-20 00:00:00+08:00,60.00016403198242,63.196895599365234,60.00016403198242,60.00016403198242,0,0.0,0.0
2012-12-21 00:00:00+08:00,57.04933547973633,60.00016403198242,56.06572723388672,57.04933547973633,0,0.0,0.0
2012-12-24 00:00:00+08:00,60.00016403198242,61.08213424682617,57.04933547973633,60.00016403198242,0,0.0,0.0
2012-12-25 00:00:00+08:00,59.705081939697266,60.9837760925293,59.705081939697266,59.705081939697266,0,0.0,0.0
2012-12-26 00:00:00+08:00,58.524749755859375,60.688690185546875,58.524749755859375,58.524749755859375,0,0.0,0.0
2012-12-27 00:00:00+08:00,57.639503479003906,58.750980377197266,57.639503479003906,57.639503479003906,0,0.0,0.0
2012-12-28 00:00:00+08:00,56.557533264160156,58.0329475402832,56.557533264160156,56.557533264160156,0,0.0,0.0
2013-01-02 00:00:00+08:00,57.04933547973633,57.24605941772461,56.85261535644531,57.04933547973633,0,0.0,0.0
2013-01-03 00:00:00+08:00,58.0329475402832,58.524749755859375,56.557533264160156,58.0329475402832,0,0.0,0.0
2013-01-04 00:00:00+08:00,57.541141510009766,58.0329475402832,56.85261535644531,57.541141510009766,0,0.0,0.0
2013-01-07 00:00:00+08:00,58.22966766357422,58.22966766357422,57.04933547973633,58.22966766357422,0,0.0,0.0
2013-01-08 00:00:00+08:00,57.52146911621094,57.541141510009766,57.24605941772461,57.52146911621094,0,0.0,0.0
2013-01-09 00:00:00+08:00,57.04933547973633,57.541141510009766,57.04933547973633,57.04933547973633,0,0.0,0.0
2013-01-10 00:00:00+08:00,58.131309509277344,58.131309509277344,57.04933547973633,58.131309509277344,0,0.0,0.0
2013-01-11 00:00:00+08:00,57.24605941772461,58.32802963256836,57.04933547973633,57.24605941772461,0,0.0,0.0
2013-01-14 00:00:00+08:00,56.85261535644531,57.23622131347656,56.557533264160156,56.85261535644531,0,0.0,0.0
2013-01-15 00:00:00+08:00,56.557533264160156,56.6558952331543,55.96736526489258,56.557533264160156,0,0.0,0.0
2013-01-16 00:00:00+08:00,56.75425338745117,56.75425338745117,56.557533264160156,56.75425338745117,0,0.0,0.0
2013-01-17 00:00:00+08:00,56.06572723388672,56.16408920288086,55.67228317260742,56.06572723388672,0,0.0,0.0
2013-01-18 00:00:00+08:00,56.06572723388672,56.262451171875,56.06572723388672,56.06572723388672,0,0.0,0.0
2013-01-21 00:00:00+08:00,55.57392501831055,56.06572723388672,55.57392501831055,55.57392501831055,0,0.0,0.0
2013-01-22 00:00:00+08:00,54.4919548034668,55.96736526489258,54.0985107421875,54.4919548034668,0,0.0,0.0
2013-01-23 00:00:00+08:00,50.36079406738281,54.0985107421875,49.3771858215332,50.36079406738281,0,0.0,0.0
2013-01-24 00:00:00+08:00,49.29849624633789,49.67226791381836,46.03291320800781,49.29849624633789,0,0.0,0.0
2013-01-25 00:00:00+08:00,50.1640739440918,50.65587615966797,48.49193572998047,50.1640739440918,0,0.0,0.0
2013-01-28 00:00:00+08:00,48.885379791259766,50.1640739440918,48.68865966796875,48.885379791259766,0,0.0,0.0
2013-01-29 00:00:00+08:00,49.18046188354492,49.27882385253906,48.885379791259766,49.18046188354492,0,0.0,0.0
2013-01-30 00:00:00+08:00,48.19685363769531,48.885379791259766,47.193572998046875,48.19685363769531,0,0.0,0.0
2013-01-31 00:00:00+08:00,47.50832748413086,48.19685363769531,47.50832748413086,47.50832748413086,0,0.0,0.0
2013-02-01 00:00:00+08:00,47.24275207519531,47.901771545410156,47.11488342285156,47.24275207519531,0,0.0,0.0
2013-02-04 00:00:00+08:00,47.2132453918457,47.40996551513672,46.868980407714844,47.2132453918457,0,0.0,0.0
2013-02-05 00:00:00+08:00,42.895198822021484,47.01652145385742,42.895198822021484,42.895198822021484,0,0.0,0.0
2013-02-06 00:00:00+08:00,40.505027770996094,43.465694427490234,40.18043899536133,40.505027770996094,0,0.0,0.0
2013-02-18 00:00:00+08:00,42.78700256347656,43.48536682128906,39.63945388793945,42.78700256347656,0,0.0,0.0
2013-02-19 00:00:00+08:00,42.8853645324707,42.8853645324707,41.60667037963867,42.8853645324707,0,0.0,0.0
2013-02-20 00:00:00+08:00,43.475528717041016,43.77061080932617,43.27880859375,43.475528717041016,0,0.0,0.0
2013-02-21 00:00:00+08:00,44.00667953491211,44.00667953491211,42.295196533203125,44.00667953491211,0,0.0,0.0
2013-02-22 00:00:00+08:00,48.983741760253906,49.86899185180664,44.00667953491211,48.983741760253906,0,0.0,0.0
2013-02-25 00:00:00+08:00,48.983741760253906,48.983741760253906,48.983741760253906,48.983741760253906,0,0.0,0.0
2013-02-26 00:00:00+08:00,48.59029769897461,49.18046188354492,48.59029769897461,48.59029769897461,0,0.0,0.0
2013-02-27 00:00:00+08:00,49.18046188354492,49.21980667114258,48.49193572998047,49.18046188354492,0,0.0,0.0
2013-03-01 00:00:00+08:00,47.705047607421875,48.49193572998047,47.40996551513672,47.705047607421875,0,0.0,0.0
2013-03-04 00:00:00+08:00,47.65586853027344,47.803409576416016,47.11488342285156,47.65586853027344,0,0.0,0.0
2013-03-05 00:00:00+08:00,47.05586624145508,47.705047607421875,47.01652145385742,47.05586624145508,0,0.0,0.0
2013-03-06 00:00:00+08:00,49.18046188354492,49.3771858215332,47.075538635253906,49.18046188354492,0,0.0,0.0
2013-03-07 00:00:00+08:00,49.485382080078125,49.967350006103516,48.885379791259766,49.485382080078125,0,0.0,0.0
2013-03-08 00:00:00+08:00,49.27882385253906,49.967350006103516,49.27882385253906,49.27882385253906,0,0.0,0.0
2013-03-11 00:00:00+08:00,49.475547790527344,50.1640739440918,49.27882385253906,49.475547790527344,0,0.0,0.0
2013-03-12 00:00:00+08:00,49.08210372924805,49.86899185180664,49.08210372924805,49.08210372924805,19824,0.0,0.0
2013-03-13 00:00:00+08:00,49.08210372924805,49.08210372924805,49.08210372924805,49.08210372924805,0,0.0,0.0
2013-03-14 00:00:00+08:00,48.19685363769531,48.73783874511719,47.705047607421875,48.19685363769531,43716,0.0,0.0
2013-03-15 00:00:00+08:00,48.68865966796875,48.983741760253906,48.0001335144043,48.68865966796875,22366,0.0,0.0
2013-03-18 00:00:00+08:00,49.367347717285156,49.367347717285156,48.19685363769531,49.367347717285156,38633,0.0,0.0
2013-03-19 00:00:00+08:00,48.54111862182617,48.885379791259766,48.54111862182617,48.54111862182617,8133,0.0,0.0
2013-03-20 00:00:00+08:00,48.78702163696289,48.78702163696289,48.55095291137695,48.78702163696289,18299,0.0,0.0
2013-03-21 00:00:00+08:00,48.78702163696289,48.78702163696289,48.78702163696289,48.78702163696289,0,0.0,0.0
2013-03-22 00:00:00+08:00,48.68865966796875,48.68865966796875,48.49193572998047,48.68865966796875,8133,0.0,0.0
2013-03-25 00:00:00+08:00,48.68865966796875,48.68865966796875,47.705047607421875,48.68865966796875,25416,0.0,0.0
2013-03-26 00:00:00+08:00,48.875545501708984,48.875545501708984,47.193572998046875,48.875545501708984,49816,0.0,0.0
2013-03-27 00:00:00+08:00,48.06898498535156,48.983741760253906,48.06898498535156,48.06898498535156,9150,0.0,0.0
2013-03-28 00:00:00+08:00,48.29521560668945,48.68865966796875,48.29521560668945,48.29521560668945,11183,0.0,0.0
2013-03-29 00:00:00+08:00,48.59029769897461,48.68865966796875,48.29521560668945,48.59029769897461,16266,0.0,0.0
2013-04-01 00:00:00+08:00,47.901771545410156,48.44275665283203,47.2132453918457,47.901771545410156,32533,0.0,0.0
2013-04-02 00:00:00+08:00,47.705047607421875,48.0001335144043,47.2132453918457,47.705047607421875,36599,0.0,0.0
2013-04-03 00:00:00+08:00,47.705047607421875,47.705047607421875,47.705047607421875,47.705047607421875,0,0.0,0.0
2013-04-08 00:00:00+08:00,47.11488342285156,47.11488342285156,46.2591438293457,47.11488342285156,11183,0.0,0.0
2013-04-09 00:00:00+08:00,48.0001335144043,48.08865737915039,46.967342376708984,48.0001335144043,46969,0.0,0.0
2013-04-10 00:00:00+08:00,47.5575065612793,48.19685363769531,47.5575065612793,47.5575065612793,28466,0.0,0.0
2013-04-11 00:00:00+08:00,48.78702163696289,49.17062759399414,47.62636184692383,48.78702163696289,68116,0.0,0.0
2013-04-12 00:00:00+08:00,49.17062759399414,49.17062759399414,48.49193572998047,49.17062759399414,31008,0.0,0.0
2013-04-15 00:00:00+08:00,48.78702163696289,49.18046188354492,48.305049896240234,48.78702163696289,30499,0.0,0.0
2013-04-16 00:00:00+08:00,48.177181243896484,48.49193572998047,48.0001335144043,48.177181243896484,72183,0.0,0.0
2013-04-17 00:00:00+08:00,48.49193572998047,49.17062759399414,47.71488571166992,48.49193572998047,35583,0.0,0.0
2013-04-18 00:00:00+08:00,48.34439468383789,48.393577575683594,48.0001335144043,48.34439468383789,57949,0.0,0.0
2013-04-19 00:00:00+08:00,47.705047607421875,48.47226333618164,47.705047607421875,47.705047607421875,31516,0.0,0.0
2013-04-22 00:00:00+08:00,48.393577575683594,48.54111862182617,47.705047607421875,48.393577575683594,64049,0.0,0.0
2013-04-23 00:00:00+08:00,49.072265625,49.08210372924805,48.19685363769531,49.072265625,129146,0.0,0.0
2013-04-24 00:00:00+08:00,58.967376708984375,58.967376708984375,49.18046188354492,58.967376708984375,185701,0.0,0.0
2013-04-25 00:00:00+08:00,58.0329475402832,59.27229309082031,56.85261535644531,58.0329475402832,86416,0.0,0.0
2013-04-26 00:00:00+08:00,56.360809326171875,59.20344161987305,56.360809326171875,56.360809326171875,38901,0.0,0.0
2013-04-29 00:00:00+08:00,54.9149055480957,57.04933547973633,54.885398864746094,54.9149055480957,59779,0.0,0.0
2013-04-30 00:00:00+08:00,55.08211898803711,55.08211898803711,54.413265228271484,55.08211898803711,30499,0.0,0.0
2013-05-02 00:00:00+08:00,55.08211898803711,55.74113845825195,55.08211898803711,55.08211898803711,3049,0.0,0.0
2013-05-03 00:00:00+08:00,55.750972747802734,56.262451171875,55.731300354003906,55.750972747802734,49009,0.0,0.0
2013-05-06 00:00:00+08:00,59.01655578613281,60.442787170410156,56.262451171875,59.01655578613281,119966,0.0,0.0
2013-05-07 00:00:00+08:00,59.193607330322266,59.60672378540039,58.53458786010742,59.193607330322266,61253,0.0,0.0
2013-05-08 00:00:00+08:00,56.75425338745117,59.16409683227539,56.75425338745117,56.75425338745117,46766,0.0,0.0
2013-05-09 00:00:00+08:00,57.531307220458984,57.531307220458984,57.04933547973633,57.531307220458984,29483,0.0,0.0
2013-05-10 00:00:00+08:00,57.93458557128906,58.47557067871094,57.895240783691406,57.93458557128906,36599,0.0,0.0
2013-05-13 00:00:00+08:00,58.18048858642578,58.18048858642578,57.757537841796875,58.18048858642578,26433,0.0,0.0
2013-05-14 00:00:00+08:00,58.68212890625,59.213279724121094,57.93458557128906,58.68212890625,34656,0.0,0.0
2013-05-15 00:00:00+08:00,58.63294982910156,59.40016555786133,58.63294982910156,58.63294982910156,4076,0.0,0.0
2013-05-16 00:00:00+08:00,58.76081848144531,59.18376922607422,58.63294982910156,58.76081848144531,18310,0.0,0.0
2013-05-17 00:00:00+08:00,59.00672149658203,59.01655578613281,58.63294982910156,59.00672149658203,27449,0.0,0.0
2013-05-20 00:00:00+08:00,58.8198356628418,59.20344161987305,58.67229461669922,58.8198356628418,9149,0.0,0.0
2013-05-21 00:00:00+08:00,57.639503479003906,58.623111724853516,57.639503479003906,57.639503479003906,18808,0.0,0.0
2013-05-22 00:00:00+08:00,56.85261535644531,57.639503479003906,56.557533264160156,56.85261535644531,14233,0.0,0.0
2013-05-23 00:00:00+08:00,56.557533264160156,56.85261535644531,56.11491012573242,56.557533264160156,23383,0.0,0.0
2013-05-24 00:00:00+08:00,57.00015640258789,57.04933547973633,56.37064743041992,57.00015640258789,72691,0.0,0.0
2013-05-27 00:00:00+08:00,56.360809326171875,56.75425338745117,56.360809326171875,56.360809326171875,27449,0.0,0.0
2013-05-28 00:00:00+08:00,56.360809326171875,56.360809326171875,56.06572723388672,56.360809326171875,10166,0.0,0.0
2013-05-29 00:00:00+08:00,56.31163024902344,56.75425338745117,56.06572723388672,56.31163024902344,58356,0.0,0.0
2013-05-30 00:00:00+08:00,56.557533264160156,56.557533264160156,56.37064743041992,56.557533264160156,11183,0.0,0.0
2013-05-31 00:00:00+08:00,56.85261535644531,57.04933547973633,56.557533264160156,56.85261535644531,85399,0.0,0.0
2013-06-03 00:00:00+08:00,56.85261535644531,57.03950119018555,56.360809326171875,56.85261535644531,28669,0.0,0.0
2013-06-04 00:00:00+08:00,60.9837760925293,62.68541717529297,57.03950119018555,60.9837760925293,116611,0.0,0.0
2013-06-05 00:00:00+08:00,60.29524612426758,62.114925384521484,60.29524612426758,60.29524612426758,59983,0.0,0.0
2013-06-06 00:00:00+08:00,60.26573944091797,60.787052154541016,60.1968879699707,60.26573944091797,33816,0.0,0.0
2013-06-07 00:00:00+08:00,60.63951110839844,61.18049621582031,60.206722259521484,60.63951110839844,74216,0.0,0.0
2013-06-10 00:00:00+08:00,61.170658111572266,61.18049621582031,60.58049392700195,61.170658111572266,43808,0.0,0.0
2013-06-11 00:00:00+08:00,60.47229766845703,61.27885818481445,60.01000213623047,60.47229766845703,97123,0.0,0.0
2013-06-13 00:00:00+08:00,60.29524612426758,60.688690185546875,60.01000213623047,60.29524612426758,56424,0.0,0.0
2013-06-14 00:00:00+08:00,60.49197006225586,60.688690185546875,60.24606704711914,60.49197006225586,60796,0.0,0.0
2013-06-17 00:00:00+08:00,60.24606704711914,60.629676818847656,60.01000213623047,60.24606704711914,35583,0.0,0.0
2013-06-18 00:00:00+08:00,59.01655578613281,61.08213424682617,58.869014739990234,59.01655578613281,140197,0.0,0.0
2013-06-19 00:00:00+08:00,59.01655578613281,59.803443908691406,58.34770202636719,59.01655578613281,41174,0.0,0.0
2013-06-20 00:00:00+08:00,58.524749755859375,59.105079650878906,58.131309509277344,58.524749755859375,11284,0.0,0.0
2013-06-21 00:00:00+08:00,57.787044525146484,58.131309509277344,57.541141510009766,57.787044525146484,55916,0.0,0.0
2013-06-24 00:00:00+08:00,57.99360275268555,58.21983337402344,57.97393035888672,57.99360275268555,17486,0.0,0.0
2013-06-25 00:00:00+08:00,54.265724182128906,57.93458557128906,53.60670471191406,54.265724182128906,108783,0.0,0.0
2013-06-26 00:00:00+08:00,50.950958251953125,54.295230865478516,50.17390823364258,50.950958251953125,121577,0.0,0.0
2013-06-27 00:00:00+08:00,51.92473220825195,52.3280143737793,51.049320220947266,51.92473220825195,60999,0.0,0.0
2013-06-28 00:00:00+08:00,51.147682189941406,51.63948440551758,51.147682189941406,51.147682189941406,32533,0.0,0.0
2013-07-01 00:00:00+08:00,50.36079406738281,51.147682189941406,50.1640739440918,50.36079406738281,49816,0.0,0.0
2013-07-02 00:00:00+08:00,49.18046188354492,51.34440231323242,49.18046188354492,49.18046188354492,54086,0.0,0.0
2013-07-03 00:00:00+08:00,49.357513427734375,49.357513427734375,49.003414154052734,49.357513427734375,12301,0.0,0.0
2013-07-04 00:00:00+08:00,49.34767532348633,49.34767532348633,48.885379791259766,49.34767532348633,26534,0.0,0.0
2013-07-05 00:00:00+08:00,50.65587615966797,50.65587615966797,49.357513427734375,50.65587615966797,12403,0.0,0.0
2013-07-08 00:00:00+08:00,50.01653289794922,50.1640739440918,49.08210372924805,50.01653289794922,119966,0.0,0.0
2013-07-09 00:00:00+08:00,50.1640739440918,50.98046875,49.82964324951172,50.1640739440918,35888,0.0,0.0
2013-07-10 00:00:00+08:00,51.43292999267578,51.43292999267578,50.36079406738281,51.43292999267578,82349,0.0,0.0
2013-07-11 00:00:00+08:00,53.50834274291992,53.60670471191406,51.177188873291016,53.50834274291992,120068,0.0,0.0
2013-07-12 00:00:00+08:00,59.52803421020508,59.52803421020508,53.86244201660156,59.52803421020508,258827,0.0,0.0
2013-07-15 00:00:00+08:00,60.9837760925293,63.934600830078125,60.34442901611328,60.9837760925293,185642,0.0,0.0
2013-07-16 00:00:00+08:00,61.08213424682617,62.596893310546875,60.9837760925293,61.08213424682617,97701,0.0,0.0
2013-07-17 00:00:00+08:00,60.00016403198242,62.43951416015625,59.60672378540039,60.00016403198242,94244,0.0,0.0
2013-07-18 00:00:00+08:00,60.39360809326172,61.57394027709961,60.39360809326172,60.39360809326172,73199,0.0,0.0
2013-07-19 00:00:00+08:00,58.05261993408203,60.1968879699707,58.0329475402832,58.05261993408203,43716,0.0,0.0
2013-07-22 00:00:00+08:00,59.01655578613281,59.695247650146484,59.01655578613281,59.01655578613281,35583,0.0,0.0
2013-07-23 00:00:00+08:00,60.305084228515625,60.678855895996094,59.02639389038086,60.305084228515625,61020,0.0,0.0
2013-07-24 00:00:00+08:00,61.160823822021484,61.46574401855469,60.49197006225586,61.160823822021484,100141,0.0,0.0
2013-07-25 00:00:00+08:00,63.50181579589844,64.86903381347656,61.19033432006836,63.50181579589844,231423,0.0,0.0
2013-07-26 00:00:00+08:00,63.934600830078125,64.1313247680664,63.39361572265625,63.934600830078125,68116,0.0,0.0
2013-07-29 00:00:00+08:00,61.47557830810547,64.42640686035156,61.47557830810547,61.47557830810547,65066,0.0,0.0
2013-07-30 00:00:00+08:00,62.45918655395508,62.93132019042969,62.16410446166992,62.45918655395508,41784,0.0,0.0
2013-07-31 00:00:00+08:00,62.213287353515625,62.941158294677734,62.213287353515625,62.213287353515625,15249,0.0,0.0
2013-08-01 00:00:00+08:00,62.950992584228516,62.950992584228516,61.57394027709961,62.950992584228516,15453,0.0,0.0
2013-08-02 00:00:00+08:00,69.30510711669922,69.93461608886719,62.45918655395508,69.30510711669922,191539,0.0,0.0
2013-08-05 00:00:00+08:00,70.32806396484375,72.3641357421875,67.8690414428711,70.32806396484375,179949,0.0,0.0
2013-08-06 00:00:00+08:00,66.7378921508789,70.99691772460938,64.42640686035156,66.7378921508789,88450,0.0,0.0
2013-08-07 00:00:00+08:00,69.0788803100586,71.74446105957031,67.6821517944336,69.0788803100586,144646,0.0,0.0
2013-08-08 00:00:00+08:00,70.0133056640625,70.52478790283203,68.4592056274414,70.0133056640625,103293,0.0,0.0
2013-08-09 00:00:00+08:00,70.86904907226562,70.9674072265625,69.27560424804688,70.86904907226562,71426,0.0,0.0
2013-08-12 00:00:00+08:00,70.81986999511719,71.80347442626953,69.62969970703125,70.81986999511719,71166,0.0,0.0
2013-08-13 00:00:00+08:00,73.28872680664062,74.05593872070312,71.51822662353516,73.28872680664062,135927,0.0,0.0
2013-08-14 00:00:00+08:00,73.05265808105469,74.06578063964844,71.51822662353516,73.05265808105469,128302,0.0,0.0
2013-08-15 00:00:00+08:00,71.80347442626953,73.08216857910156,71.3116683959961,71.80347442626953,84383,0.0,0.0
2013-08-16 00:00:00+08:00,72.59036254882812,72.7870864868164,71.80347442626953,72.59036254882812,50934,0.0,0.0
2013-08-19 00:00:00+08:00,69.83625793457031,72.98381042480469,69.83625793457031,69.83625793457031,76249,0.0,0.0
2013-08-20 00:00:00+08:00,68.95101165771484,70.81986999511719,68.85264587402344,68.95101165771484,78384,0.0,0.0
2013-08-22 00:00:00+08:00,69.83625793457031,69.83625793457031,67.75100708007812,69.83625793457031,75640,0.0,0.0
2013-08-23 00:00:00+08:00,70.32806396484375,71.01658630371094,70.07232666015625,70.32806396484375,26433,0.0,0.0
2013-08-26 00:00:00+08:00,71.08544158935547,72.09855651855469,70.32806396484375,71.08544158935547,187066,0.0,0.0
2013-08-27 00:00:00+08:00,73.94774627685547,74.16413879394531,71.80347442626953,73.94774627685547,155008,0.0,0.0
2013-08-28 00:00:00+08:00,72.05921173095703,72.98381042480469,71.3116683959961,72.05921173095703,140299,0.0,0.0
2013-08-29 00:00:00+08:00,74.85266876220703,75.17725372314453,72.29528045654297,74.85266876220703,138367,0.0,0.0
2013-08-30 00:00:00+08:00,74.37069702148438,74.63626861572266,73.573974609375,74.37069702148438,97640,0.0,0.0
2013-09-02 00:00:00+08:00,74.75430297851562,74.75430297851562,74.26249694824219,74.75430297851562,18401,0.0,0.0
2013-09-03 00:00:00+08:00,75.68873596191406,76.03299713134766,74.75430297851562,75.68873596191406,75233,0.0,0.0
2013-09-04 00:00:00+08:00,73.77069854736328,75.6395492553711,73.28872680664062,73.77069854736328,29483,0.0,0.0
2013-09-05 00:00:00+08:00,78.29529571533203,78.9444808959961,73.77069854736328,78.29529571533203,125151,0.0,0.0
2013-09-06 00:00:00+08:00,77.70513153076172,80.90186309814453,77.41988372802734,77.70513153076172,188692,0.0,0.0
2013-09-09 00:00:00+08:00,75.7379150390625,78.19693756103516,75.7379150390625,75.7379150390625,112849,0.0,0.0
2013-09-10 00:00:00+08:00,75.7379150390625,76.72151947021484,74.90184783935547,75.7379150390625,52866,0.0,0.0
2013-09-11 00:00:00+08:00,75.551025390625,76.22972106933594,75.05921936035156,75.551025390625,70556,0.0,0.0
2013-09-12 00:00:00+08:00,76.5248031616211,76.57398223876953,76.22972106933594,76.5248031616211,9149,0.0,0.0
2013-09-13 00:00:00+08:00,77.70513153076172,78.34447479248047,76.3379135131836,77.70513153076172,80878,0.0,0.0
2013-09-16 00:00:00+08:00,78.98382568359375,79.88874816894531,77.90185546875,78.98382568359375,214300,0.0,0.0
2013-09-17 00:00:00+08:00,79.18054962158203,80.25267791748047,78.84612274169922,79.18054962158203,85501,0.0,0.0
2013-09-18 00:00:00+08:00,80.0657958984375,80.7444839477539,79.23956298828125,80.0657958984375,107664,0.0,0.0
2013-09-23 00:00:00+08:00,82.72154235839844,82.91825866699219,80.65596008300781,82.72154235839844,85043,0.0,0.0
2013-09-24 00:00:00+08:00,82.47563934326172,83.8625259399414,81.64940643310547,82.47563934326172,164191,0.0,0.0
2013-09-25 00:00:00+08:00,82.03301239013672,82.61334228515625,81.4428482055664,82.03301239013672,83366,0.0,0.0
2013-09-26 00:00:00+08:00,80.65596008300781,82.52481842041016,80.45923614501953,80.65596008300781,65270,0.0,0.0
2013-09-27 00:00:00+08:00,81.24612426757812,81.63957214355469,80.43956756591797,81.24612426757812,80621,0.0,0.0
2013-09-30 00:00:00+08:00,79.67234802246094,82.1313705444336,79.67234802246094,79.67234802246094,43716,0.0,0.0
2013-10-01 00:00:00+08:00,80.64612579345703,81.63957214355469,80.27235412597656,80.64612579345703,53324,0.0,0.0
2013-10-02 00:00:00+08:00,79.12152862548828,80.62644958496094,78.20677185058594,79.12152862548828,79299,0.0,0.0
2013-10-03 00:00:00+08:00,79.91825103759766,80.31169891357422,78.69857788085938,79.91825103759766,73199,0.0,0.0
2013-10-04 00:00:00+08:00,79.51497650146484,79.90841674804688,78.90513610839844,79.51497650146484,79299,0.0,0.0
2013-10-07 00:00:00+08:00,79.67234802246094,80.45923614501953,78.89530181884766,79.67234802246094,48901,0.0,0.0
2013-10-08 00:00:00+08:00,79.67234802246094,80.42973327636719,79.47563171386719,79.67234802246094,63517,0.0,0.0
2013-10-09 00:00:00+08:00,79.85923767089844,80.1543197631836,79.37726593017578,79.85923767089844,47529,0.0,0.0
2013-10-11 00:00:00+08:00,80.37071228027344,80.95104217529297,79.67234802246094,80.37071228027344,84433,0.0,0.0
2013-10-14 00:00:00+08:00,81.09858703613281,81.54120635986328,80.45923614501953,81.09858703613281,85399,0.0,0.0
2013-10-15 00:00:00+08:00,81.14776611328125,81.34449005126953,80.53792572021484,81.14776611328125,137249,0.0,0.0
2013-10-16 00:00:00+08:00,84.06908416748047,85.57400512695312,81.14776611328125,84.06908416748047,286800,0.0,0.0
2013-10-17 00:00:00+08:00,84.19695281982422,85.8592529296875,83.6067886352539,84.19695281982422,199367,0.0,0.0
2013-10-18 00:00:00+08:00,82.73137664794922,85.08219909667969,81.89530944824219,82.73137664794922,98236,0.0,0.0
2013-10-21 00:00:00+08:00,81.59038543701172,83.59695434570312,80.65596008300781,81.59038543701172,68726,0.0,0.0
2013-10-22 00:00:00+08:00,80.64612579345703,81.14776611328125,79.67234802246094,80.64612579345703,105632,0.0,0.0
2013-10-23 00:00:00+08:00,80.65596008300781,80.9313735961914,79.86907196044922,80.65596008300781,80316,0.0,0.0
2013-10-24 00:00:00+08:00,80.64612579345703,80.9313735961914,80.16415405273438,80.64612579345703,115419,0.0,0.0
2013-10-25 00:00:00+08:00,81.72809600830078,83.8625259399414,80.65596008300781,81.72809600830078,256552,0.0,0.0
2013-10-28 00:00:00+08:00,82.50514221191406,82.81990051269531,81.46251678466797,82.50514221191406,239088,0.0,0.0
2013-10-29 00:00:00+08:00,82.85924530029297,82.89859008789062,81.8756332397461,82.85924530029297,99358,0.0,0.0
2013-10-30 00:00:00+08:00,80.94120788574219,82.81006622314453,80.11497497558594,80.94120788574219,200994,0.0,0.0
2013-10-31 00:00:00+08:00,79.67234802246094,80.95104217529297,79.42644500732422,79.67234802246094,113561,0.0,0.0
2013-11-01 00:00:00+08:00,78.67890167236328,79.90841674804688,77.91168975830078,78.67890167236328,170799,0.0,0.0
2013-11-04 00:00:00+08:00,73.18052673339844,79.47563171386719,71.50839233398438,73.18052673339844,614725,0.0,0.0
2013-11-05 00:00:00+08:00,77.60677337646484,78.16742706298828,73.77069854736328,77.60677337646484,454906,0.0,0.0
2013-11-06 00:00:00+08:00,74.2526626586914,77.96086883544922,73.27889251708984,74.2526626586914,382570,0.0,0.0
2013-11-07 00:00:00+08:00,77.70513153076172,78.00021362304688,73.58380889892578,77.70513153076172,313680,0.0,0.0
2013-11-08 00:00:00+08:00,79.18054962158203,81.14776611328125,77.70513153076172,79.18054962158203,702271,0.0,0.0
2013-11-11 00:00:00+08:00,75.2264404296875,79.67234802246094,75.2264404296875,75.2264404296875,248935,0.0,0.0
2013-11-12 00:00:00+08:00,73.27889251708984,76.88874053955078,72.7870864868164,73.27889251708984,245888,0.0,0.0
2013-11-13 00:00:00+08:00,70.13134002685547,73.77069854736328,68.734619140625,70.13134002685547,430048,0.0,0.0
2013-11-14 00:00:00+08:00,70.81986999511719,72.4329833984375,69.40347290039062,70.81986999511719,348614,0.0,0.0
2013-11-15 00:00:00+08:00,69.67887878417969,71.3116683959961,68.57723999023438,69.67887878417969,223158,0.0,0.0
2013-11-18 00:00:00+08:00,66.24608612060547,69.67887878417969,66.24608612060547,66.24608612060547,184829,0.0,0.0
2013-11-19 00:00:00+08:00,64.6427993774414,66.88542938232422,63.452632904052734,64.6427993774414,505133,0.0,0.0
2013-11-20 00:00:00+08:00,63.73788070678711,65.41001892089844,62.96083068847656,63.73788070678711,703480,0.0,0.0
2013-11-21 00:00:00+08:00,59.01655578613281,66.39362335205078,58.0329475402832,65.60673522949219,5009536,0.0,0.0
2013-11-22 00:00:00+08:00,64.918212890625,65.31165313720703,61.770660400390625,61.967384338378906,1926476,0.0,0.0
2013-11-25 00:00:00+08:00,62.16410446166992,62.55754852294922,59.90180587768555,60.787052154541016,846880,0.0,0.0
2013-11-26 00:00:00+08:00,60.787052154541016,64.62313079833984,60.787052154541016,62.55754852294922,1079234,0.0,0.0
2013-11-27 00:00:00+08:00,62.950992584228516,64.22968292236328,61.869022369384766,62.26246643066406,1077440,0.0,0.0
2013-11-28 00:00:00+08:00,63.44279861450195,66.59034729003906,62.45918655395508,66.59034729003906,1167405,0.0,0.0
2013-11-29 00:00:00+08:00,69.04936981201172,71.21331024169922,69.04936981201172,71.21331024169922,1173453,0.0,0.0
2013-12-02 00:00:00+08:00,73.77069854736328,76.13135528564453,73.4756088256836,76.13135528564453,2196024,0.0,0.0
2013-12-03 00:00:00+08:00,77.90185546875,81.4428482055664,76.81988525390625,81.4428482055664,1731080,0.0,0.0
2013-12-04 00:00:00+08:00,84.78711700439453,87.04942321777344,84.78711700439453,87.04942321777344,880380,0.0,0.0
2013-12-05 00:00:00+08:00,93.0494384765625,93.0494384765625,93.0494384765625,93.0494384765625,228842,0.0,0.0
2013-12-06 00:00:00+08:00,99.34453582763672,99.34453582763672,93.0494384765625,96.39370727539062,3845225,0.0,0.0
2013-12-09 00:00:00+08:00,90.49205017089844,102.29536437988281,90.49205017089844,94.62321472167969,2143051,0.0,0.0
2013-12-10 00:00:00+08:00,94.91829681396484,100.8199462890625,89.5084457397461,100.8199462890625,3022290,0.0,0.0
2013-12-11 00:00:00+08:00,98.26256561279297,100.8199462890625,96.09862518310547,96.78715515136719,2055146,0.0,0.0
2013-12-12 00:00:00+08:00,93.44287872314453,98.85272979736328,93.44287872314453,96.4920654296875,1314368,0.0,0.0
2013-12-13 00:00:00+08:00,97.86912536621094,100.3281478881836,96.4920654296875,99.83634185791016,1711843,0.0,0.0
2013-12-16 00:00:00+08:00,99.34453582763672,100.3281478881836,92.85271453857422,92.85271453857422,2384585,0.0,0.0
2013-12-17 00:00:00+08:00,92.85271453857422,94.4264907836914,90.49205017089844,91.18058013916016,1176254,0.0,0.0
2013-12-18 00:00:00+08:00,92.45927429199219,94.32813262939453,91.86910247802734,93.8363265991211,765019,0.0,0.0
2013-12-19 00:00:00+08:00,93.8363265991211,95.41009521484375,90.00025177001953,91.57402038574219,876979,0.0,0.0
2013-12-20 00:00:00+08:00,92.45927429199219,97.77075958251953,90.98385620117188,95.70518493652344,1503284,0.0,0.0
2013-12-23 00:00:00+08:00,95.80354309082031,98.1642074584961,93.63960266113281,94.4264907836914,1053213,0.0,0.0
2013-12-24 00:00:00+08:00,94.4264907836914,97.86912536621094,93.24616241455078,93.63960266113281,975164,0.0,0.0
2013-12-25 00:00:00+08:00,93.73796081542969,94.91829681396484,91.47566223144531,91.47566223144531,714918,0.0,0.0
2013-12-26 00:00:00+08:00,91.47566223144531,93.44287872314453,90.59041595458984,91.27893829345703,521751,0.0,0.0
2013-12-27 00:00:00+08:00,91.47566223144531,94.72157287597656,90.49205017089844,93.24616241455078,978106,0.0,0.0
2013-12-30 00:00:00+08:00,93.44287872314453,96.29534912109375,93.44287872314453,93.8363265991211,723642,0.0,0.0
2013-12-31 00:00:00+08:00,95.90190124511719,97.3773193359375,94.13140869140625,94.62321472167969,756486,0.0,0.0
2014-01-02 00:00:00+08:00,94.52484893798828,95.1150131225586,91.57402038574219,91.6723861694336,786343,0.0,0.0
2014-01-03 00:00:00+08:00,91.47566223144531,92.36090850830078,85.37728118896484,87.24613952636719,1000355,0.0,0.0
2014-01-06 00:00:00+08:00,87.04942321777344,91.27893829345703,81.83628845214844,88.52483367919922,1655062,0.0,0.0
2014-01-07 00:00:00+08:00,89.31172180175781,90.29533386230469,87.54122161865234,89.70516204833984,495608,0.0,0.0
2014-01-08 00:00:00+08:00,89.5084457397461,92.16419219970703,89.5084457397461,90.0986099243164,694584,0.0,0.0
2014-01-09 00:00:00+08:00,90.0986099243164,90.39369201660156,86.75434112548828,87.04942321777344,525961,0.0,0.0
2014-01-10 00:00:00+08:00,87.04942321777344,89.21336364746094,87.04942321777344,87.14778137207031,407072,0.0,0.0
2014-01-13 00:00:00+08:00,87.14778137207031,88.7215576171875,86.65597534179688,86.75434112548828,496430,0.0,0.0
2014-01-14 00:00:00+08:00,86.5576171875,87.54122161865234,84.88548278808594,85.57400512695312,351867,0.0,0.0
2014-01-15 00:00:00+08:00,86.4592514038086,88.42647552490234,86.26253509521484,87.24613952636719,452669,0.0,0.0
2014-01-16 00:00:00+08:00,88.52483367919922,88.52483367919922,85.1805648803711,85.1805648803711,416695,0.0,0.0
2014-01-17 00:00:00+08:00,85.37728118896484,86.36089324951172,83.21334075927734,83.80351257324219,336820,0.0,0.0
2014-01-20 00:00:00+08:00,83.6067886352539,85.86908721923828,82.72154235839844,84.59040069580078,406767,0.0,0.0
2014-01-21 00:00:00+08:00,84.68875885009766,84.78711700439453,81.04940032958984,81.24612426757812,500701,0.0,0.0
2014-01-22 00:00:00+08:00,81.24612426757812,84.78711700439453,79.86907196044922,83.21334075927734,525025,0.0,0.0
2014-01-23 00:00:00+08:00,83.31170654296875,85.86908721923828,82.91825866699219,84.88548278808594,388833,0.0,0.0
2014-01-24 00:00:00+08:00,86.5576171875,86.5576171875,83.21334075927734,83.50843048095703,243361,0.0,0.0
2014-01-27 00:00:00+08:00,82.62317657470703,83.11498260498047,81.93465423583984,81.93465423583984,231640,0.0,0.0
2014-02-05 00:00:00+08:00,80.95104217529297,81.14776611328125,79.67234802246094,79.96743774414062,302457,0.0,0.0
2014-02-06 00:00:00+08:00,79.96743774414062,80.95104217529297,79.96743774414062,80.45923614501953,235459,0.0,0.0
2014-02-07 00:00:00+08:00,80.8526840209961,86.06581115722656,80.8526840209961,86.06581115722656,466513,0.0,0.0
2014-02-10 00:00:00+08:00,88.52483367919922,91.86910247802734,86.95105743408203,90.39369201660156,1020355,0.0,0.0
2014-02-11 00:00:00+08:00,89.70516204833984,89.90188598632812,86.06581115722656,88.03302764892578,764226,0.0,0.0
2014-02-12 00:00:00+08:00,88.22975158691406,88.22975158691406,86.36089324951172,87.3445053100586,258832,0.0,0.0
2014-02-13 00:00:00+08:00,88.22975158691406,88.7215576171875,86.5576171875,86.85269927978516,355020,0.0,0.0
2014-02-14 00:00:00+08:00,87.54122161865234,87.54122161865234,84.2953109741211,84.2953109741211,294070,0.0,0.0
2014-02-17 00:00:00+08:00,85.1805648803711,86.85269927978516,84.78711700439453,84.88548278808594,280904,0.0,0.0
2014-02-18 00:00:00+08:00,85.27892303466797,88.81991577148438,85.27892303466797,88.42647552490234,538348,0.0,0.0
2014-02-19 00:00:00+08:00,89.31172180175781,89.31172180175781,86.5576171875,86.75434112548828,363743,0.0,0.0
2014-02-20 00:00:00+08:00,88.52483367919922,92.75435638427734,88.32810974121094,92.75435638427734,969432,0.0,0.0
2014-02-21 00:00:00+08:00,95.80354309082031,95.90190124511719,90.00025177001953,90.885498046875,1399685,0.0,0.0
2014-02-24 00:00:00+08:00,90.49205017089844,90.49205017089844,88.6231918334961,88.81991577148438,505646,0.0,0.0
2014-02-25 00:00:00+08:00,89.5084457397461,89.5084457397461,87.54122161865234,88.81991577148438,373166,0.0,0.0
2014-02-26 00:00:00+08:00,90.00025177001953,91.96746826171875,90.00025177001953,90.49205017089844,953325,0.0,0.0
2014-02-27 00:00:00+08:00,92.06582641601562,92.16419219970703,89.21336364746094,89.5084457397461,548947,0.0,0.0
2014-03-03 00:00:00+08:00,88.91828155517578,89.31172180175781,87.3445053100586,87.54122161865234,426897,0.0,0.0
2014-03-04 00:00:00+08:00,87.3445053100586,88.03302764892578,86.85269927978516,87.14778137207031,298661,0.0,0.0
2014-03-05 00:00:00+08:00,89.5084457397461,92.45927429199219,89.31172180175781,90.68877410888672,870533,0.0,0.0
2014-03-06 00:00:00+08:00,90.68877410888672,92.36090850830078,89.11499786376953,90.00025177001953,927278,0.0,0.0
2014-03-07 00:00:00+08:00,90.00025177001953,91.47566223144531,89.5084457397461,89.60680389404297,542705,0.0,0.0
2014-03-10 00:00:00+08:00,89.41007995605469,90.49205017089844,86.75434112548828,88.03302764892578,418867,0.0,0.0
2014-03-11 00:00:00+08:00,88.03302764892578,90.29533386230469,88.03302764892578,89.90188598632812,477323,0.0,0.0
2014-03-12 00:00:00+08:00,88.52483367919922,91.96746826171875,88.52483367919922,90.59041595458984,386738,0.0,0.0
2014-03-13 00:00:00+08:00,91.96746826171875,91.96746826171875,88.6231918334961,88.7215576171875,457757,0.0,0.0
2014-03-14 00:00:00+08:00,87.54122161865234,88.52483367919922,86.85269927978516,87.14778137207031,384502,0.0,0.0
2014-03-17 00:00:00+08:00,88.52483367919922,90.29533386230469,86.75434112548828,89.5084457397461,468987,0.0,0.0
2014-03-18 00:00:00+08:00,90.39369201660156,90.39369201660156,88.32810974121094,88.32810974121094,270961,0.0,0.0
2014-03-19 00:00:00+08:00,88.32810974121094,90.19696807861328,88.03302764892578,88.03302764892578,351257,0.0,0.0
2014-03-20 00:00:00+08:00,87.44286346435547,88.03302764892578,86.26253509521484,86.36089324951172,348741,0.0,0.0
2014-03-21 00:00:00+08:00,86.36089324951172,87.44286346435547,84.78711700439453,84.98384094238281,316903,0.0,0.0
2014-03-24 00:00:00+08:00,83.80351257324219,84.88548278808594,80.75431823730469,82.62317657470703,263129,0.0,0.0
2014-03-25 00:00:00+08:00,82.62317657470703,83.90187072753906,81.83628845214844,82.91825866699219,204857,0.0,0.0
2014-03-26 00:00:00+08:00,83.11498260498047,84.09859466552734,82.91825866699219,83.21334075927734,151696,0.0,0.0
2014-03-27 00:00:00+08:00,83.6067886352539,84.88548278808594,83.11498260498047,83.50843048095703,189567,0.0,0.0
2014-03-28 00:00:00+08:00,83.50843048095703,83.50843048095703,81.34449005126953,81.34449005126953,313711,0.0,0.0
2014-03-31 00:00:00+08:00,80.75431823730469,82.52481842041016,80.75431823730469,81.34449005126953,144090,0.0,0.0
2014-04-01 00:00:00+08:00,81.63957214355469,82.1313705444336,81.34449005126953,81.4428482055664,122711,0.0,0.0
2014-04-02 00:00:00+08:00,81.63957214355469,81.73793029785156,80.65596008300781,81.14776611328125,228556,0.0,0.0
2014-04-03 00:00:00+08:00,81.4428482055664,82.42646026611328,80.8526840209961,80.95104217529297,260774,0.0,0.0
2014-04-07 00:00:00+08:00,80.95104217529297,85.08219909667969,80.8526840209961,83.70514678955078,423491,0.0,0.0
2014-04-08 00:00:00+08:00,83.70514678955078,83.70514678955078,81.93465423583984,82.03301239013672,175120,0.0,0.0
2014-04-09 00:00:00+08:00,82.91825866699219,82.91825866699219,81.73793029785156,82.1313705444336,124236,0.0,0.0
2014-04-10 00:00:00+08:00,82.42646026611328,83.0166244506836,81.34449005126953,81.34449005126953,313132,0.0,0.0
2014-04-11 00:00:00+08:00,80.65596008300781,80.65596008300781,75.7379150390625,77.1149673461914,615497,0.0,0.0
2014-04-14 00:00:00+08:00,76.72151947021484,76.72151947021484,73.77069854736328,73.77069854736328,313437,0.0,0.0
2014-04-15 00:00:00+08:00,74.75430297851562,74.75430297851562,73.37725067138672,73.67233276367188,210587,0.0,0.0
2014-04-16 00:00:00+08:00,73.67233276367188,74.16413879394531,70.81986999511719,71.3116683959961,562723,0.0,0.0
2014-04-17 00:00:00+08:00,71.3116683959961,72.68872833251953,70.81986999511719,72.00019836425781,257214,0.0,0.0
2014-04-18 00:00:00+08:00,72.29528045654297,73.573974609375,71.80347442626953,72.09855651855469,267408,0.0,0.0
2014-04-21 00:00:00+08:00,72.09855651855469,72.09855651855469,70.81986999511719,71.11495208740234,183050,0.0,0.0
2014-04-22 00:00:00+08:00,71.21331024169922,72.29528045654297,71.01658630371094,71.21331024169922,192454,0.0,0.0
2014-04-23 00:00:00+08:00,71.80347442626953,72.1969223022461,70.13134002685547,70.13134002685547,241762,0.0,0.0
2014-04-24 00:00:00+08:00,70.13134002685547,70.13134002685547,68.55756378173828,68.55756378173828,382169,0.0,0.0
2014-04-25 00:00:00+08:00,68.4592056274414,68.4592056274414,63.83624267578125,64.52476501464844,547656,0.0,0.0
2014-04-28 00:00:00+08:00,62.3608283996582,64.42640686035156,62.06574630737305,64.42640686035156,206709,0.0,0.0
2014-04-29 00:00:00+08:00,64.42640686035156,68.85264587402344,64.42640686035156,68.85264587402344,501440,0.0,0.0
2014-04-30 00:00:00+08:00,68.4592056274414,68.85264587402344,66.68870544433594,67.18051147460938,347884,0.0,0.0
2014-05-02 00:00:00+08:00,66.68870544433594,67.67231750488281,65.90181732177734,66.09854125976562,194279,0.0,0.0
2014-05-05 00:00:00+08:00,66.68870544433594,70.72150421142578,66.19690704345703,70.72150421142578,475798,0.0,0.0
2014-05-06 00:00:00+08:00,71.3116683959961,74.45922088623047,69.93461608886719,73.37725067138672,1187260,0.0,0.0
2014-05-07 00:00:00+08:00,72.7870864868164,73.18052673339844,71.60675811767578,72.68872833251953,433314,0.0,0.0
2014-05-08 00:00:00+08:00,72.1969223022461,72.49200439453125,70.32806396484375,70.81986999511719,344087,0.0,0.0
2014-05-09 00:00:00+08:00,70.91822814941406,73.08216857910156,70.6231460571289,71.50839233398438,341599,0.0,0.0
2014-05-12 00:00:00+08:00,72.98381042480469,72.98381042480469,70.32806396484375,70.42642211914062,291213,0.0,0.0
2014-05-13 00:00:00+08:00,70.6231460571289,71.4100341796875,69.83625793457031,69.83625793457031,315674,0.0,0.0
2014-05-14 00:00:00+08:00,69.83625793457031,70.22970581054688,67.8690414428711,68.4592056274414,370167,0.0,0.0
2014-05-15 00:00:00+08:00,68.4592056274414,68.4592056274414,66.9837875366211,67.77067565917969,135360,0.0,0.0
2014-05-16 00:00:00+08:00,67.0821533203125,69.54117584228516,67.0821533203125,68.85264587402344,147619,0.0,0.0
2014-05-19 00:00:00+08:00,68.85264587402344,68.85264587402344,67.96739959716797,68.26248168945312,179105,0.0,0.0
2014-05-20 00:00:00+08:00,68.95101165771484,68.95101165771484,67.67231750488281,67.77067565917969,167241,0.0,0.0
2014-05-21 00:00:00+08:00,68.06575775146484,68.4592056274414,66.68870544433594,66.88542938232422,136842,0.0,0.0
2014-05-22 00:00:00+08:00,67.47559356689453,68.36084747314453,66.88542938232422,67.67231750488281,147895,0.0,0.0
2014-05-23 00:00:00+08:00,67.8690414428711,67.8690414428711,67.18051147460938,67.27887725830078,137461,0.0,0.0
2014-05-26 00:00:00+08:00,67.77067565917969,71.80347442626953,67.77067565917969,71.11495208740234,498485,0.0,0.0
2014-05-27 00:00:00+08:00,70.42642211914062,71.4100341796875,69.93461608886719,70.0329818725586,290054,0.0,0.0
2014-05-28 00:00:00+08:00,70.13134002685547,70.81986999511719,69.83625793457031,69.93461608886719,197537,0.0,0.0
2014-05-29 00:00:00+08:00,70.13134002685547,70.72150421142578,69.44281768798828,69.83625793457031,243490,0.0,0.0
2014-05-30 00:00:00+08:00,70.32806396484375,70.32806396484375,68.36084747314453,68.4592056274414,352266,0.0,0.0
2014-06-03 00:00:00+08:00,68.4592056274414,68.4592056274414,66.68870544433594,66.68870544433594,354177,0.0,0.0
2014-06-04 00:00:00+08:00,66.68870544433594,67.67231750488281,66.68870544433594,66.88542938232422,169986,0.0,0.0
2014-06-05 00:00:00+08:00,67.37723541259766,67.37723541259766,66.39362335205078,66.49198913574219,257724,0.0,0.0
2014-06-06 00:00:00+08:00,66.88542938232422,68.06575775146484,66.59034729003906,67.0821533203125,314149,0.0,0.0
2014-06-09 00:00:00+08:00,67.0821533203125,67.8690414428711,65.41001892089844,66.09854125976562,240034,0.0,0.0
2014-06-10 00:00:00+08:00,66.09854125976562,66.59034729003906,65.60673522949219,65.7051010131836,187925,0.0,0.0
2014-06-11 00:00:00+08:00,68.55756378173828,68.55756378173828,66.78707122802734,67.67231750488281,309386,0.0,0.0
2014-06-12 00:00:00+08:00,67.27887725830078,67.67231750488281,66.68870544433594,66.88542938232422,163168,0.0,0.0
2014-06-13 00:00:00+08:00,66.88542938232422,67.8690414428711,66.2952651977539,66.39362335205078,188184,0.0,0.0
2014-06-16 00:00:00+08:00,66.39362335205078,66.78707122802734,66.2952651977539,66.49198913574219,153516,0.0,0.0
2014-06-17 00:00:00+08:00,66.39362335205078,67.18051147460938,66.2952651977539,66.2952651977539,200282,0.0,0.0
2014-06-18 00:00:00+08:00,67.0821533203125,67.37723541259766,66.09854125976562,66.2952651977539,179091,0.0,0.0
2014-06-19 00:00:00+08:00,66.2952651977539,66.49198913574219,65.60673522949219,65.90181732177734,170901,0.0,0.0
2014-06-20 00:00:00+08:00,65.90181732177734,66.49198913574219,65.60673522949219,65.7051010131836,168766,0.0,0.0
2014-06-23 00:00:00+08:00,66.39362335205078,66.68870544433594,65.01657104492188,65.01657104492188,294832,0.0,0.0
2014-06-24 00:00:00+08:00,65.41001892089844,65.50837707519531,64.52476501464844,64.81985473632812,180697,0.0,0.0
2014-06-25 00:00:00+08:00,64.62313079833984,65.11493682861328,64.42640686035156,64.42640686035156,141316,0.0,0.0
2014-06-26 00:00:00+08:00,64.42640686035156,67.18051147460938,64.42640686035156,66.00018310546875,343225,0.0,0.0
2014-06-27 00:00:00+08:00,65.90181732177734,65.90181732177734,64.918212890625,65.01657104492188,195540,0.0,0.0
2014-06-30 00:00:00+08:00,65.7051010131836,66.2952651977539,65.31165313720703,65.7051010131836,199266,0.0,0.0
2014-07-01 00:00:00+08:00,65.50837707519531,66.49198913574219,65.50837707519531,65.7051010131836,168766,0.0,0.0
2014-07-02 00:00:00+08:00,66.39362335205078,66.39362335205078,64.72148895263672,64.918212890625,174161,0.0,0.0
2014-07-03 00:00:00+08:00,64.42640686035156,65.11493682861328,64.32804870605469,64.32804870605469,197334,0.0,0.0
2014-07-04 00:00:00+08:00,64.32804870605469,68.06575775146484,64.32804870605469,67.0821533203125,535563,0.0,0.0
2014-07-07 00:00:00+08:00,67.18051147460938,67.57395935058594,65.31165313720703,65.60673522949219,301949,0.0,0.0
2014-07-08 00:00:00+08:00,65.21329498291016,65.80345916748047,65.21329498291016,65.7051010131836,106749,0.0,0.0
2014-07-09 00:00:00+08:00,65.7051010131836,65.90181732177734,64.62313079833984,65.11493682861328,109945,0.0,0.0
2014-07-10 00:00:00+08:00,65.90181732177734,66.00018310546875,64.81985473632812,65.31165313720703,159022,0.0,0.0
2014-07-11 00:00:00+08:00,65.90181732177734,65.90181732177734,64.22968292236328,64.22968292236328,189099,0.0,0.0
2014-07-14 00:00:00+08:00,67.37723541259766,68.65592956542969,66.2952651977539,68.65592956542969,551088,0.0,0.0
2014-07-15 00:00:00+08:00,70.42642211914062,71.01658630371094,69.34445190429688,70.0329818725586,1117733,0.0,0.0
2014-07-16 00:00:00+08:00,70.0329818725586,70.0329818725586,67.8690414428711,68.65592956542969,278971,0.0,0.0
2014-07-17 00:00:00+08:00,68.65592956542969,68.65592956542969,67.8690414428711,67.96739959716797,186269,0.0,0.0
2014-07-18 00:00:00+08:00,67.67231750488281,72.68872833251953,67.47559356689453,72.68872833251953,1396360,0.0,0.0
2014-07-21 00:00:00+08:00,73.77069854736328,73.77069854736328,70.81986999511719,71.3116683959961,866440,0.0,0.0
2014-07-22 00:00:00+08:00,71.70511627197266,74.3608627319336,71.21331024169922,73.573974609375,820288,0.0,0.0
2014-07-23 00:00:00+08:00,73.573974609375,73.573974609375,73.573974609375,73.573974609375,0,0.0,0.0
2014-07-24 00:00:00+08:00,74.65594482421875,74.65594482421875,72.29528045654297,73.573974609375,475337,0.0,0.0
2014-07-25 00:00:00+08:00,73.86905670166016,77.1149673461914,73.86905670166016,75.24610900878906,804273,0.0,0.0
2014-07-28 00:00:00+08:00,75.24610900878906,75.24610900878906,72.7870864868164,72.88544464111328,527811,0.0,0.0
2014-07-29 00:00:00+08:00,73.77069854736328,73.77069854736328,68.85264587402344,70.32806396484375,542577,0.0,0.0
2014-07-30 00:00:00+08:00,71.11495208740234,71.3116683959961,69.34445190429688,70.81986999511719,292824,0.0,0.0
2014-07-31 00:00:00+08:00,70.81986999511719,70.91822814941406,69.54117584228516,70.72150421142578,184383,0.0,0.0
2014-08-01 00:00:00+08:00,69.73789978027344,70.6231460571289,69.34445190429688,69.93461608886719,258740,0.0,0.0
2014-08-04 00:00:00+08:00,70.13134002685547,70.32806396484375,69.04936981201172,70.32806396484375,126066,0.0,0.0
2014-08-05 00:00:00+08:00,70.72150421142578,71.3116683959961,69.34445190429688,69.63953399658203,205471,0.0,0.0
2014-08-06 00:00:00+08:00,69.83625793457031,70.32806396484375,66.09854125976562,66.2952651977539,435277,0.0,0.0
2014-08-07 00:00:00+08:00,66.39362335205078,67.27887725830078,66.2952651977539,66.68870544433594,124850,0.0,0.0
2014-08-08 00:00:00+08:00,67.8690414428711,67.8690414428711,65.50837707519531,66.78707122802734,207399,0.0,0.0
2014-08-11 00:00:00+08:00,63.34443664550781,64.32804870605469,62.55754852294922,63.44279861450195,596933,0.0,0.0
2014-08-12 00:00:00+08:00,63.44279861450195,63.83624267578125,61.18049621582031,61.37721633911133,285682,0.0,0.0
2014-08-13 00:00:00+08:00,61.18049621582031,61.37721633911133,59.11491775512695,60.29524612426758,395602,0.0,0.0
2014-08-14 00:00:00+08:00,57.04933547973633,60.29524612426758,57.04933547973633,58.32802963256836,302152,0.0,0.0
2014-08-15 00:00:00+08:00,58.721473693847656,60.00016403198242,58.524749755859375,59.01655578613281,145362,0.0,0.0
2014-08-18 00:00:00+08:00,59.50836181640625,60.00016403198242,56.95097732543945,57.73786544799805,211567,0.0,0.0
2014-08-19 00:00:00+08:00,58.721473693847656,58.721473693847656,57.83622360229492,58.32802963256836,102683,0.0,0.0
2014-08-20 00:00:00+08:00,58.32802963256836,58.91819381713867,58.32802963256836,58.4263916015625,80519,0.0,0.0
2014-08-21 00:00:00+08:00,58.4263916015625,58.4263916015625,57.34442138671875,57.541141510009766,108602,0.0,0.0
2014-08-22 00:00:00+08:00,57.541141510009766,61.27885818481445,57.541141510009766,60.1968879699707,271877,0.0,0.0
2014-08-25 00:00:00+08:00,61.47557830810547,61.47557830810547,60.00016403198242,60.29524612426758,92640,0.0,0.0
2014-08-26 00:00:00+08:00,60.29524612426758,61.47557830810547,60.00016403198242,60.59033203125,139384,0.0,0.0
2014-08-27 00:00:00+08:00,60.59033203125,61.967384338378906,60.59033203125,61.47557830810547,247162,0.0,0.0
2014-08-28 00:00:00+08:00,61.47557830810547,62.3608283996582,61.47557830810547,61.57394027709961,228749,0.0,0.0
2014-08-29 00:00:00+08:00,61.57394027709961,61.967384338378906,60.688690185546875,61.08213424682617,134718,0.0,0.0
2014-09-01 00:00:00+08:00,61.08213424682617,62.26246643066406,61.08213424682617,61.27885818481445,206586,0.0,0.0
2014-09-02 00:00:00+08:00,60.885414123535156,60.9837760925293,59.31163787841797,60.00016403198242,148636,0.0,0.0
2014-09-03 00:00:00+08:00,59.705081939697266,60.29524612426758,59.01655578613281,59.705081939697266,140502,0.0,0.0
2014-09-04 00:00:00+08:00,59.213279724121094,60.09852600097656,58.91819381713867,59.01655578613281,152499,0.0,0.0
2014-09-05 00:00:00+08:00,59.50836181640625,59.60672378540039,58.524749755859375,58.623111724853516,99633,0.0,0.0
2014-09-09 00:00:00+08:00,58.623111724853516,62.65591049194336,58.623111724853516,62.65591049194336,366303,0.0,0.0
2014-09-10 00:00:00+08:00,63.63951873779297,64.52476501464844,62.45918655395508,63.83624267578125,540769,0.0,0.0
2014-09-11 00:00:00+08:00,62.7542724609375,62.852630615234375,61.08213424682617,61.18049621582031,386840,0.0,0.0
2014-09-12 00:00:00+08:00,61.27885818481445,61.27885818481445,60.00016403198242,60.00016403198242,159616,0.0,0.0
2014-09-15 00:00:00+08:00,60.885414123535156,62.26246643066406,60.49197006225586,60.59033203125,119153,0.0,0.0
2014-09-16 00:00:00+08:00,60.787052154541016,60.787052154541016,60.00016403198242,60.29524612426758,101259,0.0,0.0
2014-09-17 00:00:00+08:00,60.29524612426758,60.9837760925293,60.1968879699707,60.39360809326172,76611,0.0,0.0
2014-09-18 00:00:00+08:00,60.29524612426758,61.27885818481445,60.29524612426758,60.885414123535156,122202,0.0,0.0
2014-09-19 00:00:00+08:00,61.27885818481445,61.37721633911133,60.49197006225586,60.59033203125,110897,0.0,0.0
2014-09-22 00:00:00+08:00,60.00016403198242,60.59033203125,59.60672378540039,60.00016403198242,134199,0.0,0.0
2014-09-23 00:00:00+08:00,60.00016403198242,60.1968879699707,59.60672378540039,60.1968879699707,76461,0.0,0.0
2014-09-24 00:00:00+08:00,60.59033203125,61.47557830810547,60.39360809326172,60.59033203125,69336,0.0,0.0
2014-09-25 00:00:00+08:00,60.885414123535156,60.885414123535156,59.31163787841797,59.705081939697266,84510,0.0,0.0
2014-09-26 00:00:00+08:00,59.01655578613281,59.705081939697266,58.32802963256836,58.8198356628418,108783,0.0,0.0
2014-09-29 00:00:00+08:00,58.8198356628418,59.705081939697266,58.8198356628418,59.705081939697266,75436,0.0,0.0
2014-09-30 00:00:00+08:00,59.803443908691406,60.00016403198242,59.01655578613281,59.11491775512695,96585,0.0,0.0
2014-10-01 00:00:00+08:00,59.11491775512695,59.50836181640625,59.01655578613281,59.50836181640625,92516,0.0,0.0
2014-10-02 00:00:00+08:00,59.50836181640625,59.90180587768555,59.11491775512695,59.90180587768555,51849,0.0,0.0
2014-10-03 00:00:00+08:00,59.213279724121094,60.29524612426758,59.213279724121094,60.1968879699707,77266,0.0,0.0
2014-10-06 00:00:00+08:00,60.59033203125,61.08213424682617,60.29524612426758,60.688690185546875,71166,0.0,0.0
2014-10-07 00:00:00+08:00,60.688690185546875,62.852630615234375,60.1968879699707,62.06574630737305,252468,0.0,0.0
2014-10-08 00:00:00+08:00,61.967384338378906,61.967384338378906,60.49197006225586,60.787052154541016,113866,0.0,0.0
2014-10-09 00:00:00+08:00,60.787052154541016,60.885414123535156,57.34442138671875,58.8198356628418,169826,0.0,0.0
2014-10-13 00:00:00+08:00,56.557533264160156,58.4263916015625,56.557533264160156,56.85261535644531,118746,0.0,0.0
2014-10-14 00:00:00+08:00,55.57392501831055,57.24605941772461,55.57392501831055,56.557533264160156,122022,0.0,0.0
2014-10-15 00:00:00+08:00,56.459171295166016,56.459171295166016,55.67228317260742,55.8690071105957,86040,0.0,0.0
2014-10-16 00:00:00+08:00,55.08211898803711,55.377201080322266,52.032928466796875,54.0985107421875,242016,0.0,0.0
2014-10-17 00:00:00+08:00,53.60670471191406,54.885398864746094,50.36079406738281,50.45915603637695,237340,0.0,0.0
2014-10-20 00:00:00+08:00,52.032928466796875,52.62309646606445,50.1640739440918,50.1640739440918,98413,0.0,0.0
2014-10-21 00:00:00+08:00,49.3771858215332,50.065711975097656,48.983741760253906,49.18046188354492,142313,0.0,0.0
2014-10-22 00:00:00+08:00,49.86899185180664,50.55751419067383,49.27882385253906,50.36079406738281,79299,0.0,0.0
2014-10-23 00:00:00+08:00,50.36079406738281,50.36079406738281,49.18046188354492,49.18046188354492,58153,0.0,0.0
2014-10-24 00:00:00+08:00,49.18046188354492,49.18046188354492,45.737831115722656,45.737831115722656,324722,0.0,0.0
2014-10-27 00:00:00+08:00,46.13127517700195,46.13127517700195,42.541099548339844,42.541099548339844,297587,0.0,0.0
2014-10-28 00:00:00+08:00,40.91814422607422,42.78700256347656,40.81978225708008,42.491920471191406,262441,0.0,0.0
2014-10-29 00:00:00+08:00,42.78700256347656,44.557498931884766,42.78700256347656,44.26241683959961,160768,0.0,0.0
2014-10-30 00:00:00+08:00,44.26241683959961,45.0493049621582,43.623069763183594,44.45914077758789,87433,0.0,0.0
2014-10-31 00:00:00+08:00,44.45914077758789,45.0493049621582,43.77061080932617,44.26241683959961,68523,0.0,0.0
2014-11-03 00:00:00+08:00,44.36077880859375,44.655860900878906,43.96733474731445,44.36077880859375,73199,0.0,0.0
2014-11-04 00:00:00+08:00,45.14766311645508,45.14766311645508,44.45914077758789,44.45914077758789,35616,0.0,0.0
2014-11-05 00:00:00+08:00,44.45914077758789,45.737831115722656,44.36077880859375,45.34438705444336,94549,0.0,0.0
2014-11-06 00:00:00+08:00,45.541107177734375,45.541107177734375,44.75422286987305,44.75422286987305,81434,0.0,0.0
2014-11-07 00:00:00+08:00,45.639469146728516,45.639469146728516,44.50831985473633,44.85258102416992,44784,0.0,0.0
2014-11-10 00:00:00+08:00,44.85258102416992,44.85258102416992,44.36077880859375,44.36077880859375,46999,0.0,0.0
2014-11-11 00:00:00+08:00,44.36077880859375,44.36077880859375,42.59028244018555,43.27880859375,100497,0.0,0.0
2014-11-12 00:00:00+08:00,42.836181640625,43.573890686035156,42.836181640625,43.18044662475586,38633,0.0,0.0
2014-11-13 00:00:00+08:00,43.52471160888672,43.52471160888672,41.409950256347656,41.655853271484375,48800,0.0,0.0
2014-11-14 00:00:00+08:00,41.655853271484375,42.639461517333984,41.36077117919922,41.80339431762695,87433,0.0,0.0
2014-11-17 00:00:00+08:00,41.85257339477539,42.04929733276367,40.81978225708008,40.81978225708008,74368,0.0,0.0
2014-11-18 00:00:00+08:00,40.81978225708008,40.81978225708008,37.96731948852539,38.01649856567383,190370,0.0,0.0
2014-11-19 00:00:00+08:00,38.01649856567383,39.246009826660156,35.50829315185547,36.3935432434082,300017,0.0,0.0
2014-11-20 00:00:00+08:00,36.491905212402344,37.96731948852539,36.3935432434082,37.37715148925781,238153,0.0,0.0
2014-11-21 00:00:00+08:00,38.164039611816406,38.164039611816406,37.082069396972656,37.131248474121094,142332,0.0,0.0
2014-11-24 00:00:00+08:00,37.573875427246094,38.409942626953125,36.983707427978516,38.36075973510742,158752,0.0,0.0
2014-11-25 00:00:00+08:00,38.75420379638672,38.75420379638672,37.86895751953125,38.26240158081055,80316,0.0,0.0
2014-11-26 00:00:00+08:00,38.45912170410156,40.81978225708008,38.45912170410156,39.737815856933594,217352,0.0,0.0
2014-11-27 00:00:00+08:00,39.98371887207031,40.573883056640625,38.45912170410156,38.45912170410156,94549,0.0,0.0
2014-11-28 00:00:00+08:00,38.5574836730957,39.83617401123047,38.45912170410156,38.45912170410156,93634,0.0,0.0
2014-12-01 00:00:00+08:00,38.45912170410156,38.45912170410156,38.45912170410156,38.45912170410156,0,0.0,0.0
2014-12-02 00:00:00+08:00,38.26240158081055,39.68863296508789,38.26240158081055,39.246009826660156,94143,0.0,0.0
2014-12-03 00:00:00+08:00,39.737815856933594,40.52470016479492,39.737815856933594,40.131256103515625,192156,0.0,0.0
2014-12-04 00:00:00+08:00,40.131256103515625,40.131256103515625,39.147647857666016,39.63945388793945,99734,0.0,0.0
2014-12-05 00:00:00+08:00,39.63945388793945,42.393558502197266,39.63945388793945,42.393558502197266,247395,0.0,0.0
2014-12-08 00:00:00+08:00,43.42634963989258,45.34438705444336,42.983726501464844,45.34438705444336,493900,0.0,0.0
2014-12-09 00:00:00+08:00,44.85258102416992,44.95094299316406,43.27880859375,44.705039978027344,510517,0.0,0.0
2014-12-10 00:00:00+08:00,42.78700256347656,44.16405487060547,42.78700256347656,42.8853645324707,250099,0.0,0.0
2014-12-11 00:00:00+08:00,41.311588287353516,42.295196533203125,41.1148681640625,41.311588287353516,198503,0.0,0.0
2014-12-12 00:00:00+08:00,41.311588287353516,42.59028244018555,41.311588287353516,41.80339431762695,121713,0.0,0.0
2014-12-15 00:00:00+08:00,41.409950256347656,41.409950256347656,40.62306213378906,41.0656852722168,95566,0.0,0.0
2014-12-16 00:00:00+08:00,40.81978225708008,41.26240921020508,39.147647857666016,39.3443717956543,206292,0.0,0.0
2014-12-17 00:00:00+08:00,39.54109191894531,40.6722412109375,39.246009826660156,39.246009826660156,168766,0.0,0.0
2014-12-18 00:00:00+08:00,39.44272994995117,40.81978225708008,39.00010681152344,39.00010681152344,161710,0.0,0.0
2014-12-19 00:00:00+08:00,40.229618072509766,40.229618072509766,38.36075973510742,38.45912170410156,112243,0.0,0.0
2014-12-22 00:00:00+08:00,38.45912170410156,39.246009826660156,38.45912170410156,38.950927734375,70149,0.0,0.0
2014-12-23 00:00:00+08:00,39.147647857666016,39.68863296508789,39.04928970336914,39.3443717956543,83366,0.0,0.0
2014-12-24 00:00:00+08:00,39.3443717956543,39.93453598022461,39.04928970336914,39.63945388793945,129319,0.0,0.0
2014-12-25 00:00:00+08:00,40.131256103515625,40.131256103515625,39.3443717956543,39.93453598022461,74318,0.0,0.0
2014-12-26 00:00:00+08:00,40.229618072509766,41.80339431762695,40.03289794921875,41.311588287353516,203342,0.0,0.0
2014-12-29 00:00:00+08:00,40.131256103515625,40.52470016479492,39.93453598022461,39.98371887207031,82349,0.0,0.0
2014-12-30 00:00:00+08:00,39.98371887207031,40.03289794921875,39.3443717956543,39.737815856933594,57949,0.0,0.0
2014-12-31 00:00:00+08:00,39.590274810791016,39.83617401123047,39.3443717956543,39.44272994995117,111833,0.0,0.0
2015-01-05 00:00:00+08:00,39.147647857666016,39.147647857666016,38.85256576538086,38.9017448425293,108986,0.0,0.0
2015-01-06 00:00:00+08:00,37.67223358154297,41.60667037963867,37.67223358154297,41.60667037963867,499288,0.0,0.0
2015-01-07 00:00:00+08:00,42.19683837890625,44.50831985473633,41.901756286621094,43.52471160888672,930888,0.0,0.0
2015-01-08 00:00:00+08:00,43.573890686035156,44.11487579345703,42.04929733276367,42.19683837890625,441402,0.0,0.0
2015-01-09 00:00:00+08:00,41.70503234863281,43.77061080932617,41.70503234863281,43.08208465576172,267687,0.0,0.0
2015-01-12 00:00:00+08:00,42.78700256347656,43.573890686035156,41.36077117919922,42.14765548706055,176977,0.0,0.0
2015-01-13 00:00:00+08:00,41.85257339477539,42.295196533203125,41.409950256347656,42.295196533203125,116969,0.0,0.0
2015-01-14 00:00:00+08:00,42.295196533203125,42.78700256347656,41.5083122253418,41.80339431762695,72183,0.0,0.0
2015-01-15 00:00:00+08:00,41.80339431762695,42.295196533203125,40.81978225708008,41.1148681640625,118949,0.0,0.0
2015-01-16 00:00:00+08:00,40.81978225708008,41.01650619506836,39.83617401123047,40.03289794921875,89466,0.0,0.0
2015-01-19 00:00:00+08:00,40.327980041503906,40.96732711791992,39.63945388793945,39.737815856933594,83773,0.0,0.0
2015-01-20 00:00:00+08:00,39.737815856933594,40.91814422607422,39.737815856933594,40.7214241027832,90483,0.0,0.0
2015-01-21 00:00:00+08:00,40.7214241027832,40.81978225708008,39.83617401123047,40.229618072509766,68116,0.0,0.0
2015-01-22 00:00:00+08:00,40.229618072509766,40.81978225708008,39.93453598022461,40.52470016479492,90483,0.0,0.0
2015-01-23 00:00:00+08:00,40.52470016479492,41.0656852722168,40.03289794921875,40.18043899536133,115899,0.0,0.0
2015-01-26 00:00:00+08:00,40.18043899536133,40.327980041503906,40.08207702636719,40.327980041503906,89466,0.0,0.0
2015-01-27 00:00:00+08:00,40.327980041503906,40.327980041503906,39.590274810791016,39.78699493408203,95586,0.0,0.0
2015-01-28 00:00:00+08:00,39.737815856933594,40.131256103515625,39.63945388793945,39.737815856933594,75233,0.0,0.0
2015-01-29 00:00:00+08:00,39.63945388793945,39.93453598022461,39.63945388793945,39.63945388793945,33561,0.0,0.0
2015-01-30 00:00:00+08:00,39.93453598022461,40.229618072509766,39.63945388793945,40.229618072509766,50833,0.0,0.0
2015-02-02 00:00:00+08:00,40.229618072509766,42.983726501464844,40.229618072509766,42.639461517333984,400972,0.0,0.0
2015-02-03 00:00:00+08:00,42.8853645324707,42.983726501464844,41.557491302490234,41.80339431762695,157684,0.0,0.0
2015-02-04 00:00:00+08:00,42.09847640991211,42.295196533203125,41.1148681640625,41.1148681640625,73199,0.0,0.0
2015-02-05 00:00:00+08:00,40.62306213378906,41.1148681640625,40.18043899536133,40.42634201049805,117944,0.0,0.0
2015-02-06 00:00:00+08:00,40.42634201049805,40.81978225708008,39.93453598022461,40.327980041503906,63275,0.0,0.0
2015-02-09 00:00:00+08:00,40.327980041503906,40.327980041503906,40.03289794921875,40.03289794921875,48865,0.0,0.0
2015-02-10 00:00:00+08:00,40.77060317993164,41.70503234863281,40.327980041503906,40.6722412109375,127082,0.0,0.0
2015-02-11 00:00:00+08:00,40.7214241027832,40.7214241027832,39.83617401123047,40.03289794921875,88688,0.0,0.0
2015-02-12 00:00:00+08:00,39.44272994995117,40.229618072509766,39.147647857666016,39.147647857666016,117045,0.0,0.0
2015-02-13 00:00:00+08:00,39.246009826660156,39.63945388793945,39.246009826660156,39.590274810791016,57089,0.0,0.0
2015-02-24 00:00:00+08:00,40.03289794921875,40.131256103515625,39.63945388793945,39.737815856933594,52377,0.0,0.0
2015-02-25 00:00:00+08:00,40.03289794921875,40.131256103515625,39.83617401123047,39.83617401123047,72183,0.0,0.0
2015-02-26 00:00:00+08:00,40.03289794921875,40.7214241027832,39.98371887207031,40.18043899536133,66267,0.0,0.0
2015-03-02 00:00:00+08:00,40.327980041503906,40.6722412109375,40.18043899536133,40.2787971496582,63218,0.0,0.0
2015-03-03 00:00:00+08:00,40.77060317993164,40.77060317993164,40.08207702636719,40.08207702636719,54899,0.0,0.0
2015-03-04 00:00:00+08:00,40.2787971496582,40.2787971496582,39.63945388793945,40.08207702636719,57956,0.0,0.0
2015-03-05 00:00:00+08:00,40.08207702636719,42.19683837890625,39.83617401123047,41.459129333496094,292850,0.0,0.0
2015-03-06 00:00:00+08:00,41.26240921020508,41.26240921020508,40.327980041503906,40.52470016479492,114233,0.0,0.0
2015-03-09 00:00:00+08:00,40.52470016479492,41.01650619506836,40.327980041503906,40.91814422607422,69133,0.0,0.0
2015-03-10 00:00:00+08:00,41.1148681640625,41.1148681640625,40.18043899536133,40.7214241027832,81516,0.0,0.0
2015-03-11 00:00:00+08:00,40.327980041503906,40.62306213378906,39.98371887207031,40.131256103515625,104716,0.0,0.0
2015-03-12 00:00:00+08:00,39.88535690307617,40.131256103515625,39.83617401123047,40.131256103515625,75233,0.0,0.0
2015-03-13 00:00:00+08:00,40.131256103515625,40.6722412109375,39.83617401123047,40.229618072509766,61129,0.0,0.0
2015-03-16 00:00:00+08:00,40.229618072509766,40.229618072509766,40.229618072509766,40.229618072509766,0,0.0,0.0
2015-03-17 00:00:00+08:00,39.83617401123047,39.83617401123047,39.246009826660156,39.246009826660156,58448,0.0,0.0
2015-03-18 00:00:00+08:00,39.3443717956543,39.78699493408203,39.00010681152344,39.147647857666016,100649,0.0,0.0
2015-03-19 00:00:00+08:00,39.147647857666016,39.737815856933594,39.00010681152344,39.737815856933594,120982,0.0,0.0
2015-03-20 00:00:00+08:00,39.54109191894531,39.63945388793945,39.246009826660156,39.246009826660156,95822,0.0,0.0
2015-03-23 00:00:00+08:00,39.246009826660156,39.246009826660156,38.45912170410156,38.85256576538086,64392,0.0,0.0
2015-03-24 00:00:00+08:00,38.5574836730957,39.63945388793945,38.45912170410156,39.393550872802734,93685,0.0,0.0
2015-03-25 00:00:00+08:00,39.393550872802734,39.54109191894531,39.00010681152344,39.00010681152344,64070,0.0,0.0
2015-03-26 00:00:00+08:00,38.85256576538086,38.950927734375,37.91813659667969,38.45912170410156,42699,0.0,0.0
2015-03-27 00:00:00+08:00,38.5574836730957,39.00010681152344,37.86895751953125,38.26240158081055,114888,0.0,0.0
2015-03-30 00:00:00+08:00,38.26240158081055,38.75420379638672,37.86895751953125,37.86895751953125,59983,0.0,0.0
2015-03-31 00:00:00+08:00,37.86895751953125,37.86895751953125,35.75419616699219,36.983707427978516,171816,0.0,0.0
2015-04-01 00:00:00+08:00,36.3935432434082,36.983707427978516,36.000099182128906,36.049278259277344,112341,0.0,0.0
2015-04-02 00:00:00+08:00,35.901737213134766,36.44272232055664,35.901737213134766,36.09846115112305,104751,0.0,0.0
2015-04-07 00:00:00+08:00,36.3935432434082,37.27878952026367,36.3935432434082,36.885345458984375,99664,0.0,0.0
2015-04-08 00:00:00+08:00,36.885345458984375,37.27878952026367,36.09846115112305,36.19681930541992,77303,0.0,0.0
2015-04-09 00:00:00+08:00,36.19681930541992,36.68862533569336,36.19681930541992,36.29518127441406,65084,0.0,0.0
2015-04-10 00:00:00+08:00,36.29518127441406,36.3443603515625,36.049278259277344,36.29518127441406,35609,0.0,0.0
2015-04-13 00:00:00+08:00,36.29518127441406,36.29518127441406,34.623046875,35.0164909362793,210577,0.0,0.0
2015-04-14 00:00:00+08:00,35.0164909362793,35.0164909362793,33.54107666015625,33.737796783447266,316195,0.0,0.0
2015-04-15 00:00:00+08:00,33.737796783447266,35.26239013671875,33.737796783447266,34.327964782714844,176017,0.0,0.0
2015-04-16 00:00:00+08:00,34.52468490600586,34.72140884399414,33.54107666015625,34.03287887573242,136260,0.0,0.0
2015-04-17 00:00:00+08:00,33.63943862915039,34.623046875,33.63943862915039,34.42632293701172,207322,0.0,0.0
2015-04-20 00:00:00+08:00,34.27878189086914,36.19681930541992,34.2296028137207,35.11485290527344,237017,0.0,0.0
2015-04-21 00:00:00+08:00,34.819766998291016,34.819766998291016,33.63943862915039,33.63943862915039,176006,0.0,0.0
2015-04-22 00:00:00+08:00,33.93452072143555,34.52468490600586,33.04927062988281,33.04927062988281,126285,0.0,0.0
2015-04-23 00:00:00+08:00,33.04927062988281,33.63943862915039,32.95090866088867,33.44271469116211,182033,0.0,0.0
2015-04-24 00:00:00+08:00,33.54107666015625,34.03287887573242,33.49189376831055,33.59025573730469,120982,0.0,0.0
2015-04-27 00:00:00+08:00,34.03287887573242,34.03287887573242,33.78697967529297,33.836158752441406,120984,0.0,0.0
2015-04-28 00:00:00+08:00,34.13124084472656,34.327964782714844,33.78697967529297,33.78697967529297,157584,0.0,0.0
2015-04-29 00:00:00+08:00,34.082061767578125,34.082061767578125,32.95090866088867,33.245994567871094,123016,0.0,0.0
2015-04-30 00:00:00+08:00,33.29517364501953,33.54107666015625,32.95090866088867,33.000091552734375,43716,0.0,0.0
2015-05-04 00:00:00+08:00,33.983699798583984,35.26239013671875,33.983699798583984,35.26239013671875,229791,0.0,0.0
2015-05-05 00:00:00+08:00,36.59026336669922,36.7869873046875,35.40993118286133,35.60665512084961,438249,0.0,0.0
2015-05-06 00:00:00+08:00,35.901737213134766,35.901737213134766,34.623046875,34.86894989013672,113003,0.0,0.0
2015-05-07 00:00:00+08:00,34.86894989013672,34.86894989013672,34.2296028137207,34.2296028137207,140307,0.0,0.0
2015-05-08 00:00:00+08:00,34.327964782714844,34.67222595214844,33.44271469116211,33.44271469116211,97203,0.0,0.0
2015-05-11 00:00:00+08:00,33.54107666015625,33.54107666015625,32.95090866088867,32.95090866088867,76605,0.0,0.0
2015-05-12 00:00:00+08:00,32.95090866088867,32.95090866088867,31.967300415039062,32.655826568603516,55936,0.0,0.0
2015-05-13 00:00:00+08:00,32.0656623840332,32.95090866088867,32.0656623840332,32.164024353027344,70165,0.0,0.0
2015-05-14 00:00:00+08:00,32.26238250732422,32.4591064453125,31.573856353759766,32.11484146118164,75257,0.0,0.0
2015-05-15 00:00:00+08:00,31.573856353759766,31.573856353759766,30.344345092773438,30.393526077270508,155576,0.0,0.0
2015-05-18 00:00:00+08:00,31.03287124633789,31.03287124633789,29.11483383178711,29.11483383178711,148513,0.0,0.0
2015-05-19 00:00:00+08:00,29.0164737701416,29.311555862426758,28.524667739868164,29.21319580078125,102739,0.0,0.0
2015-05-20 00:00:00+08:00,29.311555862426758,30.00008201599121,29.21319580078125,29.21319580078125,108784,0.0,0.0
2015-05-21 00:00:00+08:00,28.721389770507812,29.508277893066406,28.623029708862305,29.4099178314209,99633,0.0,0.0
2015-05-22 00:00:00+08:00,29.4099178314209,30.14762306213379,29.4099178314209,29.803361892700195,78283,0.0,0.0
2015-05-25 00:00:00+08:00,30.09844207763672,30.983692169189453,30.09844207763672,30.590248107910156,171917,0.0,0.0
2015-05-26 00:00:00+08:00,30.393526077270508,30.491886138916016,29.803361892700195,30.295164108276367,166741,0.0,0.0
2015-05-27 00:00:00+08:00,30.295164108276367,30.934511184692383,30.09844207763672,30.934511184692383,141521,0.0,0.0
2015-05-28 00:00:00+08:00,31.08205223083496,33.098453521728516,31.08205223083496,33.098453521728516,488024,0.0,0.0
2015-05-29 00:00:00+08:00,32.36074447631836,35.40993118286133,32.36074447631836,35.40993118286133,463118,0.0,0.0
2015-06-01 00:00:00+08:00,35.901737213134766,38.36075973510742,35.55747604370117,37.1804313659668,593397,0.0,0.0
2015-06-02 00:00:00+08:00,36.885345458984375,37.27878952026367,35.901737213134766,36.7869873046875,278591,0.0,0.0
2015-06-03 00:00:00+08:00,37.37715148925781,37.37715148925781,36.000099182128906,36.19681930541992,108884,0.0,0.0
2015-06-04 00:00:00+08:00,36.246002197265625,36.885345458984375,34.2296028137207,34.623046875,251421,0.0,0.0
2015-06-05 00:00:00+08:00,34.623046875,35.40993118286133,33.59025573730469,35.40993118286133,125100,0.0,0.0
2015-06-08 00:00:00+08:00,35.40993118286133,38.950927734375,35.40993118286133,38.950927734375,735105,0.0,0.0
2015-06-09 00:00:00+08:00,38.85256576538086,39.54109191894531,35.065670013427734,35.065670013427734,808260,0.0,0.0
2015-06-10 00:00:00+08:00,34.42632293701172,36.44272232055664,32.95090866088867,36.000099182128906,476848,0.0,0.0
2015-06-11 00:00:00+08:00,36.147640228271484,36.68862533569336,34.52468490600586,36.3935432434082,210335,0.0,0.0
2015-06-12 00:00:00+08:00,37.37715148925781,39.246009826660156,37.082069396972656,37.229610443115234,605128,0.0,0.0
2015-06-15 00:00:00+08:00,38.213218688964844,38.26240158081055,36.491905212402344,36.491905212402344,226731,0.0,0.0
2015-06-16 00:00:00+08:00,36.3935432434082,36.491905212402344,35.45911407470703,36.3935432434082,113866,0.0,0.0
2015-06-17 00:00:00+08:00,36.68862533569336,38.164039611816406,36.68862533569336,37.37715148925781,217566,0.0,0.0
2015-06-18 00:00:00+08:00,38.164039611816406,38.164039611816406,37.37715148925781,37.42633056640625,151554,0.0,0.0
2015-06-22 00:00:00+08:00,37.86895751953125,37.86895751953125,36.885345458984375,37.62305450439453,151482,0.0,0.0
2015-06-23 00:00:00+08:00,37.67223358154297,38.36075973510742,37.27878952026367,37.52469253540039,126067,0.0,0.0
2015-06-24 00:00:00+08:00,37.67223358154297,37.86895751953125,37.1804313659668,37.52469253540039,120982,0.0,0.0
2015-06-25 00:00:00+08:00,37.52469253540039,37.86895751953125,36.68862533569336,37.27878952026367,138571,0.0,0.0
2015-06-26 00:00:00+08:00,36.983707427978516,37.27878952026367,36.19681930541992,36.7869873046875,187001,0.0,0.0
2015-06-29 00:00:00+08:00,36.19681930541992,36.3935432434082,34.623046875,36.09846115112305,325332,0.0,0.0
2015-06-30 00:00:00+08:00,36.09846115112305,36.983707427978516,35.11485290527344,36.983707427978516,165716,0.0,0.0
2015-07-01 00:00:00+08:00,36.983707427978516,40.131256103515625,36.68862533569336,39.491912841796875,698549,0.0,0.0
2015-07-02 00:00:00+08:00,42.78700256347656,42.78700256347656,40.327980041503906,40.327980041503906,623245,0.0,0.0
2015-07-03 00:00:00+08:00,40.327980041503906,40.81978225708008,39.04928970336914,39.737815856933594,255182,0.0,0.0
2015-07-06 00:00:00+08:00,39.737815856933594,40.62306213378906,37.37715148925781,38.36075973510742,294832,0.0,0.0
2015-07-07 00:00:00+08:00,37.67223358154297,38.36075973510742,37.67223358154297,38.065677642822266,160632,0.0,0.0
2015-07-08 00:00:00+08:00,37.72141647338867,37.72141647338867,36.3935432434082,37.27878952026367,177102,0.0,0.0
2015-07-09 00:00:00+08:00,37.131248474121094,37.131248474121094,35.70501708984375,36.68862533569336,125049,0.0,0.0
2015-07-10 00:00:00+08:00,36.68862533569336,36.68862533569336,36.68862533569336,36.68862533569336,0,0.0,0.0
2015-07-13 00:00:00+08:00,36.63944625854492,37.96731948852539,36.3935432434082,36.491905212402344,80400,0.0,0.0
2015-07-14 00:00:00+08:00,36.68862533569336,37.1804313659668,36.491905212402344,36.59026336669922,82349,0.0,0.0
2015-07-15 00:00:00+08:00,36.68862533569336,37.082069396972656,36.09846115112305,36.59026336669922,67100,0.0,0.0
2015-07-16 00:00:00+08:00,36.68862533569336,36.93452835083008,35.50829315185547,36.491905212402344,150466,0.0,0.0
2015-07-17 00:00:00+08:00,36.19681930541992,36.29518127441406,35.70501708984375,36.19681930541992,35584,0.0,0.0
2015-07-20 00:00:00+08:00,36.19681930541992,36.59026336669922,35.40993118286133,35.85255813598633,46969,0.0,0.0
2015-07-21 00:00:00+08:00,36.29518127441406,36.3935432434082,35.11485290527344,35.11485290527344,61050,0.0,0.0
2015-07-22 00:00:00+08:00,34.77058792114258,35.901737213134766,34.2296028137207,34.72140884399414,111837,0.0,0.0
2015-07-23 00:00:00+08:00,35.11485290527344,35.11485290527344,33.54107666015625,33.63943862915039,63643,0.0,0.0
2015-07-24 00:00:00+08:00,33.63943862915039,33.63943862915039,32.95090866088867,32.95090866088867,51036,0.0,0.0
2015-07-27 00:00:00+08:00,30.00008201599121,33.39353561401367,29.655818939208984,31.27877426147461,158599,0.0,0.0
2015-07-28 00:00:00+08:00,31.1804141998291,32.0164794921875,31.1804141998291,31.573856353759766,43750,0.0,0.0
2015-07-29 00:00:00+08:00,31.967300415039062,32.26238250732422,30.983692169189453,31.918119430541992,70149,0.0,0.0
2015-07-30 00:00:00+08:00,31.475496292114258,32.11484146118164,31.475496292114258,31.770578384399414,37819,0.0,0.0
2015-07-31 00:00:00+08:00,31.1804141998291,31.868940353393555,30.983692169189453,31.868940353393555,23439,0.0,0.0
2015-08-03 00:00:00+08:00,31.868940353393555,31.868940353393555,30.00008201599121,30.393526077270508,56934,0.0,0.0
2015-08-04 00:00:00+08:00,30.393526077270508,30.688608169555664,27.93450355529785,30.393526077270508,134341,0.0,0.0
2015-08-05 00:00:00+08:00,29.704999923706055,29.704999923706055,29.11483383178711,29.508277893066406,51282,0.0,0.0
2015-08-06 00:00:00+08:00,29.508277893066406,29.508277893066406,29.0164737701416,29.0164737701416,15300,0.0,0.0
2015-08-07 00:00:00+08:00,29.508277893066406,29.508277893066406,29.11483383178711,29.311555862426758,11329,0.0,0.0
2015-08-10 00:00:00+08:00,29.311555862426758,29.90172004699707,29.311555862426758,29.90172004699707,17292,0.0,0.0
2015-08-11 00:00:00+08:00,29.508277893066406,29.803361892700195,29.11483383178711,29.11483383178711,27517,0.0,0.0
2015-08-12 00:00:00+08:00,29.0164737701416,29.11483383178711,28.03286361694336,28.524667739868164,38637,0.0,0.0
2015-08-13 00:00:00+08:00,28.1312255859375,28.524667739868164,27.541059494018555,28.03286361694336,65068,0.0,0.0
2015-08-14 00:00:00+08:00,28.1312255859375,29.11483383178711,28.1312255859375,28.573848724365234,35669,0.0,0.0
2015-08-17 00:00:00+08:00,28.32794761657715,28.91811180114746,27.639419555664062,28.721389770507812,37616,0.0,0.0
2015-08-18 00:00:00+08:00,28.819751739501953,29.0164737701416,28.1312255859375,28.229585647583008,33550,0.0,0.0
2015-08-19 00:00:00+08:00,28.03286361694336,28.03286361694336,26.360727310180664,26.360727310180664,93533,0.0,0.0
2015-08-20 00:00:00+08:00,26.75417137145996,26.75417137145996,25.967283248901367,26.360727310180664,47783,0.0,0.0
2015-08-21 00:00:00+08:00,25.967283248901367,25.967283248901367,25.180397033691406,25.377119064331055,102013,0.0,0.0
2015-08-24 00:00:00+08:00,24.88531494140625,25.082035064697266,22.967275619506836,23.55744171142578,169782,0.0,0.0
2015-08-25 00:00:00+08:00,22.131208419799805,23.016456604003906,21.39350128173828,22.819734573364258,75235,0.0,0.0
2015-08-26 00:00:00+08:00,21.786945343017578,22.42629051208496,21.688583374023438,22.327930450439453,123016,0.0,0.0
2015-08-27 00:00:00+08:00,23.163997650146484,24.491870880126953,22.868915557861328,24.147607803344727,155549,0.0,0.0
2015-08-28 00:00:00+08:00,24.245967864990234,24.541051864624023,24.196788787841797,24.442689895629883,167749,0.0,0.0
2015-08-31 00:00:00+08:00,24.393510818481445,25.524660110473633,24.393510818481445,24.78695297241211,107766,0.0,0.0
2015-09-01 00:00:00+08:00,24.983675003051758,25.377119064331055,24.83613395690918,24.93449592590332,125259,0.0,0.0
2015-09-02 00:00:00+08:00,24.6885929107666,24.88531494140625,24.491870880126953,24.88531494140625,37616,0.0,0.0
2015-09-03 00:00:00+08:00,25.377119064331055,25.377119064331055,24.59023094177246,24.983675003051758,69217,0.0,0.0
2015-09-04 00:00:00+08:00,25.327938079833984,26.065645217895508,25.082035064697266,25.131216049194336,160650,0.0,0.0
2015-09-07 00:00:00+08:00,25.77056312561035,25.77056312561035,24.93449592590332,25.180397033691406,39649,0.0,0.0
2015-09-08 00:00:00+08:00,25.180397033691406,25.180397033691406,24.59023094177246,24.93449592590332,96584,0.0,0.0
2015-09-09 00:00:00+08:00,24.93449592590332,25.573841094970703,24.93449592590332,25.327938079833984,134201,0.0,0.0
2015-09-10 00:00:00+08:00,24.983675003051758,25.475479125976562,24.983675003051758,25.278757095336914,67303,0.0,0.0
2015-09-11 00:00:00+08:00,25.86892318725586,27.786962509155273,25.86892318725586,27.786962509155273,352782,0.0,0.0
2015-09-14 00:00:00+08:00,27.688600540161133,28.721389770507812,27.688600540161133,28.03286361694336,474570,0.0,0.0
2015-09-15 00:00:00+08:00,27.93450355529785,28.03286361694336,27.04925537109375,27.786962509155273,91720,0.0,0.0
2015-09-16 00:00:00+08:00,27.639419555664062,27.98368263244629,27.541059494018555,27.639419555664062,87434,0.0,0.0
2015-09-17 00:00:00+08:00,27.786962509155273,30.393526077270508,27.786962509155273,29.11483383178711,300489,0.0,0.0
2015-09-18 00:00:00+08:00,29.803361892700195,31.770578384399414,29.704999923706055,31.524677276611328,524139,0.0,0.0
2015-09-21 00:00:00+08:00,30.491886138916016,32.95090866088867,30.491886138916016,32.55746841430664,434267,0.0,0.0
2015-09-22 00:00:00+08:00,32.8525505065918,33.737796783447266,31.967300415039062,32.164024353027344,413785,0.0,0.0
2015-09-23 00:00:00+08:00,31.475496292114258,31.770578384399414,30.295164108276367,30.442707061767578,306330,0.0,0.0
2015-09-24 00:00:00+08:00,31.426315307617188,31.426315307617188,29.90172004699707,30.09844207763672,167750,0.0,0.0
2015-09-25 00:00:00+08:00,30.09844207763672,30.786970138549805,29.803361892700195,30.491886138916016,99634,0.0,0.0
2015-09-29 00:00:00+08:00,30.491886138916016,30.491886138916016,30.491886138916016,30.491886138916016,0,0.0,0.0
2015-09-30 00:00:00+08:00,29.655818939208984,30.491886138916016,29.655818939208984,30.442707061767578,92594,0.0,0.0
2015-10-01 00:00:00+08:00,30.442707061767578,31.573856353759766,30.442707061767578,31.475496292114258,135217,0.0,0.0
2015-10-02 00:00:00+08:00,31.475496292114258,31.475496292114258,31.08205223083496,31.475496292114258,73200,0.0,0.0
2015-10-05 00:00:00+08:00,31.672218322753906,31.868940353393555,31.475496292114258,31.770578384399414,127085,0.0,0.0
2015-10-06 00:00:00+08:00,31.819759368896484,32.0656623840332,30.688608169555664,31.03287124633789,118952,0.0,0.0
2015-10-07 00:00:00+08:00,31.03287124633789,32.0164794921875,31.03287124633789,31.475496292114258,74216,0.0,0.0
2015-10-08 00:00:00+08:00,31.868940353393555,33.885337829589844,31.672218322753906,33.39353561401367,414941,0.0,0.0
2015-10-12 00:00:00+08:00,32.655826568603516,32.70500946044922,31.377134323120117,31.672218322753906,177137,0.0,0.0
2015-10-13 00:00:00+08:00,32.655826568603516,32.655826568603516,31.08205223083496,31.22959327697754,88450,0.0,0.0
2015-10-14 00:00:00+08:00,31.27877426147461,31.967300415039062,31.27877426147461,31.475496292114258,64049,0.0,0.0
2015-10-15 00:00:00+08:00,31.770578384399414,31.770578384399414,30.934511184692383,30.983692169189453,75511,0.0,0.0
2015-10-16 00:00:00+08:00,30.983692169189453,31.32795524597168,30.393526077270508,30.590248107910156,62017,0.0,0.0
2015-10-19 00:00:00+08:00,31.08205223083496,31.1804141998291,30.688608169555664,30.786970138549805,57950,0.0,0.0
2015-10-20 00:00:00+08:00,30.983692169189453,31.27877426147461,30.836149215698242,31.08205223083496,39890,0.0,0.0
2015-10-21 00:00:00+08:00,31.13123321533203,31.475496292114258,30.19680404663086,30.639427185058594,89466,0.0,0.0
2015-10-22 00:00:00+08:00,30.786970138549805,32.164024353027344,30.786970138549805,31.475496292114258,127093,0.0,0.0
2015-10-23 00:00:00+08:00,31.573856353759766,31.770578384399414,31.13123321533203,31.32795524597168,76249,0.0,0.0
2015-10-26 00:00:00+08:00,31.475496292114258,31.672218322753906,31.27877426147461,31.377134323120117,70419,0.0,0.0
2015-10-27 00:00:00+08:00,31.475496292114258,32.803367614746094,31.475496292114258,31.967300415039062,113917,0.0,0.0
2015-10-28 00:00:00+08:00,31.967300415039062,32.4591064453125,31.573856353759766,32.4099235534668,136944,0.0,0.0
2015-10-29 00:00:00+08:00,32.901729583740234,35.164031982421875,32.55746841430664,34.72140884399414,492207,0.0,0.0
2015-10-30 00:00:00+08:00,38.164039611816406,38.164039611816406,38.164039611816406,38.164039611816406,479345,0.0,0.0
2015-11-02 00:00:00+08:00,41.95093536376953,41.95093536376953,39.83617401123047,41.01650619506836,1662448,0.0,0.0
2015-11-03 00:00:00+08:00,40.377159118652344,44.45914077758789,38.9017448425293,43.819793701171875,1250691,0.0,0.0
2015-11-04 00:00:00+08:00,43.819793701171875,45.19684600830078,42.295196533203125,44.36077880859375,1128843,0.0,0.0
2015-11-05 00:00:00+08:00,44.065696716308594,44.26241683959961,42.491920471191406,43.27880859375,764815,0.0,0.0
2015-11-06 00:00:00+08:00,43.18044662475586,43.18044662475586,40.91814422607422,40.91814422607422,503689,0.0,0.0
2015-11-09 00:00:00+08:00,39.98371887207031,41.311588287353516,39.3443717956543,39.3443717956543,404639,0.0,0.0
2015-11-10 00:00:00+08:00,36.3935432434082,38.164039611816406,36.3935432434082,37.573875427246094,301950,0.0,0.0
2015-11-11 00:00:00+08:00,37.47551345825195,38.5574836730957,36.3935432434082,36.3935432434082,294088,0.0,0.0
2015-11-12 00:00:00+08:00,36.3935432434082,36.7869873046875,35.40993118286133,36.7378044128418,169782,0.0,0.0
2015-11-13 00:00:00+08:00,36.44272232055664,37.27878952026367,35.70501708984375,36.68862533569336,131150,0.0,0.0
2015-11-16 00:00:00+08:00,35.901737213134766,38.26240158081055,35.901737213134766,37.86895751953125,121999,0.0,0.0
2015-11-17 00:00:00+08:00,39.04928970336914,39.63945388793945,38.45912170410156,38.45912170410156,223768,0.0,0.0
2015-11-18 00:00:00+08:00,37.96731948852539,39.246009826660156,37.86895751953125,38.75420379638672,197235,0.0,0.0
2015-11-19 00:00:00+08:00,38.75420379638672,40.77060317993164,38.75420379638672,40.42634201049805,325493,0.0,0.0
2015-11-20 00:00:00+08:00,40.229618072509766,40.327980041503906,38.950927734375,39.3443717956543,256300,0.0,0.0
2015-11-23 00:00:00+08:00,40.131256103515625,40.131256103515625,39.3443717956543,39.3443717956543,153520,0.0,0.0
2015-11-24 00:00:00+08:00,39.44272994995117,39.44272994995117,36.19681930541992,36.29518127441406,424162,0.0,0.0
2015-11-25 00:00:00+08:00,36.3935432434082,36.885345458984375,34.918128967285156,35.40993118286133,258235,0.0,0.0
2015-11-26 00:00:00+08:00,35.901737213134766,36.7869873046875,35.21321105957031,35.40993118286133,158600,0.0,0.0
2015-11-27 00:00:00+08:00,35.60665512084961,36.29518127441406,35.40993118286133,35.60665512084961,122001,0.0,0.0
2015-11-30 00:00:00+08:00,35.50829315185547,36.09846115112305,35.21321105957031,35.40993118286133,76256,0.0,0.0
2015-12-01 00:00:00+08:00,35.50829315185547,37.1804313659668,35.50829315185547,36.29518127441406,114047,0.0,0.0
2015-12-02 00:00:00+08:00,36.491905212402344,37.67223358154297,36.147640228271484,36.44272232055664,134206,0.0,0.0
2015-12-03 00:00:00+08:00,36.44272232055664,37.1804313659668,36.29518127441406,36.491905212402344,186049,0.0,0.0
2015-12-04 00:00:00+08:00,37.1804313659668,37.1804313659668,36.000099182128906,36.000099182128906,97910,0.0,0.0
2015-12-07 00:00:00+08:00,36.000099182128906,36.491905212402344,35.55747604370117,35.803375244140625,116410,0.0,0.0
2015-12-08 00:00:00+08:00,35.70501708984375,35.803375244140625,34.42632293701172,34.72140884399414,214575,0.0,0.0
2015-12-09 00:00:00+08:00,34.72140884399414,34.72140884399414,32.8525505065918,33.04927062988281,159099,0.0,0.0
2015-12-10 00:00:00+08:00,33.000091552734375,34.72140884399414,32.95090866088867,34.72140884399414,135724,0.0,0.0
2015-12-11 00:00:00+08:00,34.819766998291016,38.164039611816406,34.77058792114258,38.164039611816406,641011,0.0,0.0
2015-12-14 00:00:00+08:00,38.85256576538086,41.95093536376953,38.85256576538086,41.409950256347656,1352356,0.0,0.0
2015-12-15 00:00:00+08:00,40.573883056640625,42.295196533203125,39.93453598022461,42.295196533203125,562830,0.0,0.0
2015-12-16 00:00:00+08:00,43.573890686035156,46.42635726928711,42.00011444091797,46.03291320800781,1285170,0.0,0.0
2015-12-17 00:00:00+08:00,47.01652145385742,47.705047607421875,44.75422286987305,46.868980407714844,1179488,0.0,0.0
2015-12-18 00:00:00+08:00,45.34438705444336,46.22963333129883,44.95094299316406,46.03291320800781,681303,0.0,0.0
2015-12-21 00:00:00+08:00,45.49192810058594,48.19685363769531,45.4427490234375,47.01652145385742,713904,0.0,0.0
2015-12-22 00:00:00+08:00,47.40996551513672,47.40996551513672,44.31159591674805,44.557498931884766,440516,0.0,0.0
2015-12-23 00:00:00+08:00,45.0493049621582,45.8361930847168,43.6722526550293,44.75422286987305,322406,0.0,0.0
2015-12-24 00:00:00+08:00,45.983734130859375,45.983734130859375,43.08208465576172,43.08208465576172,249545,0.0,0.0
2015-12-25 00:00:00+08:00,42.78700256347656,45.0493049621582,42.737823486328125,44.36077880859375,263318,0.0,0.0
2015-12-28 00:00:00+08:00,45.0493049621582,48.19685363769531,44.557498931884766,48.19685363769531,741949,0.0,0.0
2015-12-29 00:00:00+08:00,48.0001335144043,48.0001335144043,45.29520797729492,45.49192810058594,464892,0.0,0.0
2015-12-30 00:00:00+08:00,45.541107177734375,46.18045425415039,45.34438705444336,45.787010192871094,153668,0.0,0.0
2015-12-31 00:00:00+08:00,46.57389831542969,47.1640625,46.03291320800781,46.27881622314453,338040,0.0,0.0
2016-01-04 00:00:00+08:00,45.787010192871094,45.787010192871094,43.27880859375,43.27880859375,372856,0.0,0.0
2016-01-05 00:00:00+08:00,42.59028244018555,44.065696716308594,41.311588287353516,42.393558502197266,293846,0.0,0.0
2016-01-06 00:00:00+08:00,42.491920471191406,43.86897277832031,41.557491302490234,42.93454360961914,235868,0.0,0.0
2016-01-07 00:00:00+08:00,42.737823486328125,42.93454360961914,39.737815856933594,40.18043899536133,456583,0.0,0.0
2016-01-08 00:00:00+08:00,39.04928970336914,44.16405487060547,39.04928970336914,44.16405487060547,407034,0.0,0.0
2016-01-11 00:00:00+08:00,45.49192810058594,48.54111862182617,45.34438705444336,48.54111862182617,1672368,0.0,0.0
2016-01-12 00:00:00+08:00,49.67226791381836,53.311622619628906,48.29521560668945,51.63948440551758,2162357,0.0,0.0
2016-01-13 00:00:00+08:00,51.147682189941406,52.3280143737793,49.67226791381836,52.131290435791016,1078197,0.0,0.0
2016-01-14 00:00:00+08:00,50.1640739440918,54.885398864746094,49.86899185180664,52.721458435058594,1159482,0.0,0.0
2016-01-15 00:00:00+08:00,53.114898681640625,57.04933547973633,51.44276428222656,55.08211898803711,1276245,0.0,0.0
2016-01-18 00:00:00+08:00,53.311622619628906,55.8690071105957,53.01654052734375,54.0985107421875,785174,0.0,0.0
2016-01-19 00:00:00+08:00,54.68867492675781,54.68867492675781,51.147682189941406,53.114898681640625,697649,0.0,0.0
2016-01-20 00:00:00+08:00,53.114898681640625,54.295230865478516,50.26243209838867,50.85260009765625,581724,0.0,0.0
2016-01-21 00:00:00+08:00,50.85260009765625,51.73784637451172,49.27882385253906,49.67226791381836,463807,0.0,0.0
2016-01-22 00:00:00+08:00,50.65587615966797,50.75423812866211,48.885379791259766,49.475547790527344,365210,0.0,0.0
2016-01-25 00:00:00+08:00,49.86899185180664,54.393592834472656,49.86899185180664,54.393592834472656,973231,0.0,0.0
2016-01-26 00:00:00+08:00,54.00014877319336,55.08211898803711,52.721458435058594,52.721458435058594,808976,0.0,0.0
2016-01-27 00:00:00+08:00,53.114898681640625,53.114898681640625,49.967350006103516,50.75423812866211,557368,0.0,0.0
2016-01-28 00:00:00+08:00,50.950958251953125,51.83620834350586,50.26243209838867,51.5411262512207,288732,0.0,0.0
2016-01-29 00:00:00+08:00,51.44276428222656,52.131290435791016,50.36079406738281,50.65587615966797,320258,0.0,0.0
2016-02-01 00:00:00+08:00,52.032928466796875,56.6558952331543,52.032928466796875,56.557533264160156,1703595,0.0,0.0
2016-02-02 00:00:00+08:00,55.08211898803711,55.77064514160156,50.950958251953125,52.81981658935547,1444259,0.0,0.0
2016-02-03 00:00:00+08:00,51.24604415893555,53.40998458862305,50.65587615966797,52.131290435791016,581836,0.0,0.0
2016-02-15 00:00:00+08:00,53.90178680419922,55.77064514160156,53.01654052734375,53.50834274291992,684361,0.0,0.0
2016-02-16 00:00:00+08:00,53.50834274291992,55.278839111328125,52.721458435058594,54.78703689575195,493117,0.0,0.0
2016-02-17 00:00:00+08:00,54.59031295776367,54.98375701904297,52.91817855834961,53.114898681640625,504358,0.0,0.0
2016-02-18 00:00:00+08:00,53.90178680419922,54.98375701904297,51.44276428222656,51.44276428222656,623368,0.0,0.0
2016-02-19 00:00:00+08:00,51.24604415893555,53.50834274291992,51.147682189941406,52.3280143737793,463626,0.0,0.0
2016-02-22 00:00:00+08:00,52.229652404785156,53.01654052734375,50.85260009765625,51.34440231323242,399662,0.0,0.0
2016-02-23 00:00:00+08:00,52.131290435791016,52.91817855834961,51.24604415893555,51.24604415893555,260267,0.0,0.0
2016-02-24 00:00:00+08:00,51.9345703125,51.9345703125,50.1640739440918,50.950958251953125,264546,0.0,0.0
2016-02-25 00:00:00+08:00,51.73784637451172,54.00014877319336,51.44276428222656,53.7050666809082,649761,0.0,0.0
2016-02-26 00:00:00+08:00,54.0985107421875,54.295230865478516,52.3280143737793,53.311622619628906,467669,0.0,0.0
2016-03-01 00:00:00+08:00,53.311622619628906,57.93458557128906,52.721458435058594,57.04933547973633,1006225,0.0,0.0
2016-03-02 00:00:00+08:00,58.0329475402832,58.8198356628418,56.06572723388672,57.34442138671875,1039652,0.0,0.0
2016-03-03 00:00:00+08:00,57.639503479003906,57.639503479003906,55.67228317260742,56.16408920288086,493755,0.0,0.0
2016-03-04 00:00:00+08:00,57.541141510009766,61.37721633911133,56.75425338745117,59.90180587768555,1539825,0.0,0.0
2016-03-07 00:00:00+08:00,59.803443908691406,62.45918655395508,58.721473693847656,60.29524612426758,1032222,0.0,0.0
2016-03-08 00:00:00+08:00,60.787052154541016,61.770660400390625,59.90180587768555,60.00016403198242,571700,0.0,0.0
2016-03-09 00:00:00+08:00,59.60672378540039,61.27885818481445,58.623111724853516,59.01655578613281,596077,0.0,0.0
2016-03-10 00:00:00+08:00,59.01655578613281,59.90180587768555,58.0329475402832,58.721473693847656,411872,0.0,0.0
2016-03-11 00:00:00+08:00,64.52476501464844,64.52476501464844,63.34443664550781,64.52476501464844,2564235,0.0,0.0
2016-03-14 00:00:00+08:00,65.41001892089844,68.85264587402344,62.852630615234375,68.85264587402344,2503625,0.0,0.0
2016-03-15 00:00:00+08:00,67.57395935058594,68.26248168945312,65.60673522949219,66.09854125976562,1345351,0.0,0.0
2016-03-16 00:00:00+08:00,66.88542938232422,72.68872833251953,66.19690704345703,72.68872833251953,1955974,0.0,0.0
2016-03-17 00:00:00+08:00,75.24610900878906,79.18054962158203,73.77069854736328,75.7379150390625,2693705,0.0,0.0
2016-03-18 00:00:00+08:00,77.60677337646484,83.31170654296875,76.72151947021484,83.31170654296875,3591596,0.0,0.0
2016-03-21 00:00:00+08:00,83.6067886352539,91.27893829345703,81.14776611328125,90.885498046875,3017214,0.0,0.0
2016-03-22 00:00:00+08:00,88.6231918334961,91.47566223144531,82.62317657470703,84.59040069580078,2797519,0.0,0.0
2016-03-23 00:00:00+08:00,83.90187072753906,88.52483367919922,83.11498260498047,86.26253509521484,1869134,0.0,0.0
2016-03-24 00:00:00+08:00,77.70513153076172,79.67234802246094,77.70513153076172,77.70513153076172,2614279,0.0,0.0
2016-03-25 00:00:00+08:00,75.83627319335938,79.18054962158203,72.98381042480469,75.34446716308594,2375383,0.0,0.0
2016-03-28 00:00:00+08:00,76.13135528564453,76.13135528564453,73.27889251708984,73.573974609375,1237487,0.0,0.0
2016-03-29 00:00:00+08:00,73.77069854736328,74.06578063964844,66.39362335205078,71.80347442626953,2878858,0.0,0.0
2016-03-30 00:00:00+08:00,71.50839233398438,73.86905670166016,70.81986999511719,72.29528045654297,1356800,0.0,0.0
2016-03-31 00:00:00+08:00,72.68872833251953,72.88544464111328,69.14773559570312,71.3116683959961,1005279,0.0,0.0
2016-04-01 00:00:00+08:00,71.70511627197266,78.09857940673828,70.0329818725586,78.09857940673828,2666069,0.0,0.0
2016-04-06 00:00:00+08:00,79.67234802246094,81.83628845214844,76.72151947021484,79.67234802246094,2540465,0.0,0.0
2016-04-07 00:00:00+08:00,78.6887435913086,79.18054962158203,75.24610900878906,75.93463897705078,1581410,0.0,0.0
2016-04-08 00:00:00+08:00,73.77069854736328,78.49201965332031,73.77069854736328,77.70513153076172,1002085,0.0,0.0
2016-04-11 00:00:00+08:00,75.93463897705078,76.91824340820312,70.81986999511719,70.81986999511719,1786390,0.0,0.0
2016-04-12 00:00:00+08:00,69.83625793457031,71.70511627197266,63.73788070678711,65.50837707519531,2623231,0.0,0.0
2016-04-13 00:00:00+08:00,65.60673522949219,67.96739959716797,64.52476501464844,67.27887725830078,1043972,0.0,0.0
2016-04-14 00:00:00+08:00,68.26248168945312,68.65592956542969,64.62313079833984,64.72148895263672,978591,0.0,0.0
2016-04-15 00:00:00+08:00,64.918212890625,67.77067565917969,64.1313247680664,66.39362335205078,861809,0.0,0.0
2016-04-18 00:00:00+08:00,68.85264587402344,72.98381042480469,67.27887725830078,72.98381042480469,2335577,0.0,0.0
2016-04-19 00:00:00+08:00,75.6395492553711,79.67234802246094,75.04938507080078,77.8034896850586,3702894,0.0,0.0
2016-04-20 00:00:00+08:00,76.72151947021484,76.72151947021484,72.09855651855469,74.55758666992188,1806815,0.0,0.0
2016-04-21 00:00:00+08:00,74.9510269165039,75.24610900878906,70.91822814941406,72.1969223022461,1233027,0.0,0.0
2016-04-22 00:00:00+08:00,79.37726593017578,79.37726593017578,78.00021362304688,79.37726593017578,1971518,0.0,0.0
2016-04-25 00:00:00+08:00,80.65596008300781,80.65596008300781,75.54119110107422,77.21332550048828,2453784,0.0,0.0
2016-04-26 00:00:00+08:00,76.72151947021484,77.41004943847656,75.34446716308594,75.93463897705078,1164135,0.0,0.0
2016-04-27 00:00:00+08:00,76.91824340820312,79.96743774414062,76.03299713134766,77.41004943847656,1506451,0.0,0.0
2016-04-28 00:00:00+08:00,77.70513153076172,77.70513153076172,73.77069854736328,74.3608627319336,1140595,0.0,0.0
2016-04-29 00:00:00+08:00,74.06578063964844,75.54119110107422,71.80347442626953,74.3608627319336,652271,0.0,0.0
2016-05-03 00:00:00+08:00,74.65594482421875,74.65594482421875,71.50839233398438,71.80347442626953,657834,0.0,0.0
2016-05-04 00:00:00+08:00,70.32806396484375,71.80347442626953,67.67231750488281,68.06575775146484,1037302,0.0,0.0
2016-05-05 00:00:00+08:00,69.34445190429688,73.77069854736328,68.95101165771484,72.7870864868164,1145219,0.0,0.0
2016-05-06 00:00:00+08:00,71.3116683959961,71.3116683959961,69.04936981201172,69.54117584228516,706822,0.0,0.0
2016-05-09 00:00:00+08:00,69.63953399658203,71.90184020996094,69.54117584228516,69.63953399658203,694686,0.0,0.0
2016-05-10 00:00:00+08:00,70.52478790283203,74.06578063964844,70.32806396484375,72.88544464111328,1399442,0.0,0.0
2016-05-11 00:00:00+08:00,74.9510269165039,74.9510269165039,71.3116683959961,71.60675811767578,1184577,0.0,0.0
2016-05-12 00:00:00+08:00,70.81986999511719,71.80347442626953,66.39362335205078,66.78707122802734,1710079,0.0,0.0
2016-05-13 00:00:00+08:00,66.78707122802734,68.36084747314453,65.01657104492188,68.06575775146484,990688,0.0,0.0
2016-05-16 00:00:00+08:00,67.37723541259766,68.26248168945312,65.90181732177734,66.59034729003906,554896,0.0,0.0
2016-05-17 00:00:00+08:00,67.37723541259766,68.16412353515625,66.00018310546875,67.8690414428711,465937,0.0,0.0
2016-05-18 00:00:00+08:00,68.85264587402344,71.3116683959961,67.57395935058594,69.34445190429688,964915,0.0,0.0
2016-05-19 00:00:00+08:00,69.14773559570312,70.22970581054688,67.57395935058594,67.67231750488281,683299,0.0,0.0
2016-05-20 00:00:00+08:00,67.77067565917969,68.65592956542969,66.49198913574219,68.55756378173828,446366,0.0,0.0
2016-05-23 00:00:00+08:00,69.34445190429688,71.11495208740234,67.47559356689453,70.42642211914062,700532,0.0,0.0
2016-05-24 00:00:00+08:00,69.93461608886719,71.3116683959961,69.54117584228516,70.13134002685547,518906,0.0,0.0
2016-05-25 00:00:00+08:00,71.3116683959961,71.3116683959961,69.63953399658203,69.83625793457031,545135,0.0,0.0
2016-05-26 00:00:00+08:00,70.13134002685547,73.08216857910156,70.0329818725586,71.4100341796875,1221415,0.0,0.0
2016-05-27 00:00:00+08:00,71.80347442626953,74.26249694824219,71.80347442626953,73.4756088256836,1405411,0.0,0.0
2016-05-30 00:00:00+08:00,74.75430297851562,74.9510269165039,72.59036254882812,73.4756088256836,1068960,0.0,0.0
2016-05-31 00:00:00+08:00,73.573974609375,74.06578063964844,72.88544464111328,73.573974609375,505505,0.0,0.0
2016-06-01 00:00:00+08:00,73.86905670166016,79.86907196044922,73.27889251708984,77.8034896850586,2250012,0.0,0.0
2016-06-02 00:00:00+08:00,77.70513153076172,77.70513153076172,73.77069854736328,73.77069854736328,1590509,0.0,0.0
2016-06-03 00:00:00+08:00,73.77069854736328,74.65594482421875,72.1969223022461,72.49200439453125,786156,0.0,0.0
2016-06-06 00:00:00+08:00,75.24610900878906,78.59037780761719,74.85266876220703,76.32807922363281,1830726,0.0,0.0
2016-06-07 00:00:00+08:00,76.32807922363281,76.32807922363281,76.32807922363281,76.32807922363281,0,0.0,0.0
2016-06-08 00:00:00+08:00,76.72151947021484,77.50840759277344,74.45922088623047,76.22972106933594,1021081,0.0,0.0
2016-06-13 00:00:00+08:00,68.65592956542969,72.59036254882812,68.65592956542969,71.80347442626953,1794699,0.0,0.0
2016-06-14 00:00:00+08:00,71.11495208740234,72.59036254882812,70.81986999511719,71.3116683959961,561706,0.0,0.0
2016-06-15 00:00:00+08:00,71.80347442626953,72.39363861083984,70.52478790283203,71.21331024169922,424423,0.0,0.0
2016-06-16 00:00:00+08:00,71.90184020996094,72.00019836425781,70.13134002685547,70.42642211914062,443265,0.0,0.0
2016-06-17 00:00:00+08:00,70.52478790283203,71.11495208740234,69.04936981201172,69.44281768798828,593223,0.0,0.0
2016-06-20 00:00:00+08:00,69.83625793457031,70.0329818725586,68.65592956542969,69.04936981201172,464717,0.0,0.0
2016-06-21 00:00:00+08:00,69.44281768798828,71.3116683959961,69.44281768798828,69.63953399658203,581175,0.0,0.0
2016-06-22 00:00:00+08:00,69.83625793457031,70.91822814941406,69.34445190429688,69.63953399658203,332449,0.0,0.0
2016-06-23 00:00:00+08:00,69.63953399658203,70.32806396484375,69.54117584228516,70.13134002685547,208574,0.0,0.0
2016-06-24 00:00:00+08:00,70.42642211914062,70.52478790283203,66.2952651977539,67.37723541259766,917896,0.0,0.0
2016-06-27 00:00:00+08:00,67.37723541259766,68.55756378173828,67.27887725830078,67.96739959716797,307035,0.0,0.0
2016-06-28 00:00:00+08:00,68.36084747314453,69.34445190429688,67.18051147460938,68.4592056274414,289850,0.0,0.0
2016-06-29 00:00:00+08:00,69.63953399658203,69.63953399658203,68.65592956542969,68.75428771972656,223838,0.0,0.0
2016-06-30 00:00:00+08:00,68.95101165771484,69.04936981201172,68.06575775146484,68.26248168945312,220212,0.0,0.0
2016-07-01 00:00:00+08:00,68.36084747314453,70.42642211914062,68.06575775146484,68.06575775146484,332454,0.0,0.0
2016-07-04 00:00:00+08:00,67.8690414428711,68.06575775146484,67.37723541259766,67.57395935058594,302325,0.0,0.0
2016-07-05 00:00:00+08:00,67.8690414428711,68.4592056274414,67.57395935058594,67.8690414428711,194650,0.0,0.0
2016-07-06 00:00:00+08:00,67.8690414428711,67.8690414428711,66.49198913574219,66.49198913574219,402323,0.0,0.0
2016-07-07 00:00:00+08:00,66.59034729003906,67.37723541259766,65.50837707519531,65.50837707519531,472752,0.0,0.0
2016-07-08 00:00:00+08:00,65.50837707519531,65.50837707519531,65.50837707519531,65.50837707519531,0,0.0,0.0
2016-07-11 00:00:00+08:00,66.68870544433594,66.88542938232422,65.90181732177734,66.00018310546875,331188,0.0,0.0
2016-07-12 00:00:00+08:00,66.00018310546875,67.27887725830078,65.90181732177734,66.9837875366211,256656,0.0,0.0
2016-07-13 00:00:00+08:00,67.27887725830078,67.47559356689453,66.19690704345703,66.68870544433594,260164,0.0,0.0
2016-07-14 00:00:00+08:00,66.68870544433594,67.47559356689453,66.68870544433594,66.68870544433594,216018,0.0,0.0
2016-07-15 00:00:00+08:00,66.49198913574219,67.27887725830078,65.41001892089844,65.60673522949219,462073,0.0,0.0
2016-07-18 00:00:00+08:00,65.60673522949219,65.80345916748047,63.24607467651367,63.83624267578125,947029,0.0,0.0
2016-07-19 00:00:00+08:00,63.83624267578125,64.1313247680664,60.09852600097656,60.688690185546875,1159200,0.0,0.0
2016-07-20 00:00:00+08:00,61.27885818481445,63.24607467651367,60.9837760925293,62.26246643066406,656918,0.0,0.0
2016-07-21 00:00:00+08:00,61.967384338378906,63.1477165222168,61.47557830810547,62.16410446166992,343160,0.0,0.0
2016-07-22 00:00:00+08:00,61.869022369384766,63.63951873779297,61.770660400390625,62.55754852294922,324316,0.0,0.0
2016-07-25 00:00:00+08:00,62.950992584228516,63.1477165222168,61.57394027709961,61.57394027709961,342619,0.0,0.0
2016-07-26 00:00:00+08:00,61.67230224609375,61.967384338378906,60.9837760925293,61.18049621582031,169782,0.0,0.0
2016-07-27 00:00:00+08:00,61.47557830810547,61.67230224609375,60.9837760925293,61.08213424682617,229313,0.0,0.0
2016-07-28 00:00:00+08:00,61.67230224609375,61.770660400390625,60.787052154541016,60.885414123535156,201303,0.0,0.0
2016-07-29 00:00:00+08:00,60.688690185546875,61.18049621582031,59.31163787841797,59.31163787841797,454613,0.0,0.0
2016-08-01 00:00:00+08:00,59.31163787841797,60.885414123535156,58.8198356628418,59.90180587768555,257470,0.0,0.0
2016-08-02 00:00:00+08:00,59.705081939697266,60.29524612426758,59.01655578613281,59.213279724121094,239354,0.0,0.0
2016-08-03 00:00:00+08:00,58.721473693847656,59.01655578613281,57.24605941772461,57.24605941772461,698923,0.0,0.0
2016-08-04 00:00:00+08:00,58.131309509277344,62.950992584228516,58.131309509277344,62.950992584228516,1164351,0.0,0.0
2016-08-05 00:00:00+08:00,65.60673522949219,66.49198913574219,64.918212890625,65.41001892089844,2132738,0.0,0.0
2016-08-08 00:00:00+08:00,65.41001892089844,65.7051010131836,63.24607467651367,63.73788070678711,759657,0.0,0.0
2016-08-09 00:00:00+08:00,64.22968292236328,66.09854125976562,64.03296661376953,65.31165313720703,978692,0.0,0.0
2016-08-10 00:00:00+08:00,65.90181732177734,66.19690704345703,64.32804870605469,65.80345916748047,598220,0.0,0.0
2016-08-11 00:00:00+08:00,66.59034729003906,66.59034729003906,64.03296661376953,64.42640686035156,772980,0.0,0.0
2016-08-12 00:00:00+08:00,64.42640686035156,65.50837707519531,63.44279861450195,63.44279861450195,470077,0.0,0.0
2016-08-15 00:00:00+08:00,63.44279861450195,63.44279861450195,60.885414123535156,60.885414123535156,554081,0.0,0.0
2016-08-16 00:00:00+08:00,60.29524612426758,61.47557830810547,60.29524612426758,61.08213424682617,254175,0.0,0.0
2016-08-17 00:00:00+08:00,61.37721633911133,61.869022369384766,59.60672378540039,59.90180587768555,238192,0.0,0.0
2016-08-18 00:00:00+08:00,60.49197006225586,61.27885818481445,60.00016403198242,60.59033203125,165538,0.0,0.0
2016-08-19 00:00:00+08:00,60.688690185546875,61.770660400390625,60.1968879699707,60.1968879699707,243846,0.0,0.0
2016-08-22 00:00:00+08:00,60.1968879699707,60.1968879699707,58.623111724853516,58.91819381713867,319996,0.0,0.0
2016-08-23 00:00:00+08:00,59.50836181640625,60.00016403198242,59.01655578613281,59.40999984741211,169579,0.0,0.0
2016-08-24 00:00:00+08:00,59.705081939697266,60.09852600097656,59.11491775512695,59.31163787841797,215946,0.0,0.0
2016-08-25 00:00:00+08:00,59.50836181640625,63.934600830078125,59.11491775512695,63.1477165222168,1063760,0.0,0.0
2016-08-26 00:00:00+08:00,63.24607467651367,63.541160583496094,61.67230224609375,61.67230224609375,527038,0.0,0.0
2016-08-29 00:00:00+08:00,61.27885818481445,61.57394027709961,60.688690185546875,60.787052154541016,184068,0.0,0.0
2016-08-30 00:00:00+08:00,61.57394027709961,62.65591049194336,61.27885818481445,61.37721633911133,259471,0.0,0.0
2016-08-31 00:00:00+08:00,61.57394027709961,62.16410446166992,61.37721633911133,61.47557830810547,206421,0.0,0.0
2016-09-01 00:00:00+08:00,61.18049621582031,61.967384338378906,60.885414123535156,60.885414123535156,134608,0.0,0.0
2016-09-02 00:00:00+08:00,60.9837760925293,62.3608283996582,60.9837760925293,61.47557830810547,374355,0.0,0.0
2016-09-05 00:00:00+08:00,61.869022369384766,62.16410446166992,61.18049621582031,61.18049621582031,170799,0.0,0.0
2016-09-06 00:00:00+08:00,61.967384338378906,63.541160583496094,61.967384338378906,62.45918655395508,514838,0.0,0.0
2016-09-07 00:00:00+08:00,62.65591049194336,63.1477165222168,62.26246643066406,62.26246643066406,305629,0.0,0.0
2016-09-08 00:00:00+08:00,61.967384338378906,64.22968292236328,61.967384338378906,63.34443664550781,556979,0.0,0.0
2016-09-09 00:00:00+08:00,63.44279861450195,63.44279861450195,62.45918655395508,62.950992584228516,266899,0.0,0.0
2016-09-12 00:00:00+08:00,61.770660400390625,62.55754852294922,60.787052154541016,60.787052154541016,330417,0.0,0.0
2016-09-13 00:00:00+08:00,60.9837760925293,61.47557830810547,59.40999984741211,59.40999984741211,393957,0.0,0.0
2016-09-14 00:00:00+08:00,58.131309509277344,59.40999984741211,58.131309509277344,58.22966766357422,390627,0.0,0.0
2016-09-19 00:00:00+08:00,58.623111724853516,59.705081939697266,58.623111724853516,58.8198356628418,187167,0.0,0.0
2016-09-20 00:00:00+08:00,59.11491775512695,59.31163787841797,58.623111724853516,58.623111724853516,122202,0.0,0.0
2016-09-21 00:00:00+08:00,58.623111724853516,59.01655578613281,57.639503479003906,58.0329475402832,380333,0.0,0.0
2016-09-22 00:00:00+08:00,58.8198356628418,58.8198356628418,57.83622360229492,57.83622360229492,153536,0.0,0.0
2016-09-23 00:00:00+08:00,58.8198356628418,58.8198356628418,57.93458557128906,58.32802963256836,159617,0.0,0.0
2016-09-26 00:00:00+08:00,57.83622360229492,57.83622360229492,57.24605941772461,57.442779541015625,197385,0.0,0.0
2016-09-27 00:00:00+08:00,57.442779541015625,57.442779541015625,57.442779541015625,57.442779541015625,0,0.0,0.0
2016-09-28 00:00:00+08:00,57.442779541015625,57.442779541015625,57.442779541015625,57.442779541015625,0,0.0,0.0
2016-09-29 00:00:00+08:00,58.131309509277344,58.131309509277344,57.442779541015625,57.541141510009766,100649,0.0,0.0
2016-09-30 00:00:00+08:00,57.24605941772461,58.0329475402832,56.85261535644531,57.73786544799805,144372,0.0,0.0
2016-10-03 00:00:00+08:00,58.524749755859375,58.524749755859375,57.442779541015625,57.541141510009766,131150,0.0,0.0
2016-10-04 00:00:00+08:00,58.0329475402832,59.60672378540039,58.0329475402832,58.623111724853516,324468,0.0,0.0
2016-10-05 00:00:00+08:00,58.623111724853516,58.623111724853516,57.541141510009766,57.73786544799805,163714,0.0,0.0
2016-10-06 00:00:00+08:00,57.73786544799805,58.4263916015625,57.442779541015625,57.73786544799805,105834,0.0,0.0
2016-10-07 00:00:00+08:00,57.83622360229492,58.0329475402832,56.6558952331543,56.75425338745117,137249,0.0,0.0
2016-10-11 00:00:00+08:00,58.524749755859375,58.524749755859375,54.0985107421875,54.4919548034668,342635,0.0,0.0
2016-10-12 00:00:00+08:00,54.59031295776367,54.59031295776367,51.24604415893555,52.032928466796875,522107,0.0,0.0
2016-10-13 00:00:00+08:00,52.131290435791016,52.62309646606445,51.44276428222656,51.63948440551758,195201,0.0,0.0
2016-10-14 00:00:00+08:00,51.5411262512207,51.5411262512207,47.2132453918457,47.803409576416016,778480,0.0,0.0
2016-10-17 00:00:00+08:00,48.29521560668945,48.54111862182617,47.36078643798828,47.803409576416016,272720,0.0,0.0
2016-10-18 00:00:00+08:00,47.50832748413086,47.803409576416016,47.26242446899414,47.311607360839844,193166,0.0,0.0
2016-10-19 00:00:00+08:00,47.36078643798828,48.78702163696289,47.36078643798828,47.40996551513672,348225,0.0,0.0
2016-10-20 00:00:00+08:00,47.606689453125,48.19685363769531,47.50832748413086,47.606689453125,227732,0.0,0.0
2016-10-21 00:00:00+08:00,47.803409576416016,48.393577575683594,47.803409576416016,48.0001335144043,199266,0.0,0.0
2016-10-24 00:00:00+08:00,48.0001335144043,48.29521560668945,47.40996551513672,47.40996551513672,148737,0.0,0.0
2016-10-25 00:00:00+08:00,47.50832748413086,48.0001335144043,47.26242446899414,47.26242446899414,169783,0.0,0.0
2016-10-26 00:00:00+08:00,47.26242446899414,47.26242446899414,43.27880859375,43.32798767089844,962825,0.0,0.0
2016-10-27 00:00:00+08:00,43.573890686035156,46.03291320800781,43.32798767089844,44.85258102416992,784762,0.0,0.0
2016-10-28 00:00:00+08:00,45.4427490234375,45.49192810058594,43.721431732177734,43.77061080932617,361934,0.0,0.0
2016-10-31 00:00:00+08:00,43.573890686035156,43.573890686035156,41.311588287353516,42.09847640991211,351872,0.0,0.0
2016-11-01 00:00:00+08:00,41.311588287353516,41.85257339477539,40.475521087646484,40.475521087646484,449994,0.0,0.0
2016-11-02 00:00:00+08:00,40.475521087646484,43.623069763183594,39.93453598022461,40.475521087646484,828886,0.0,0.0
2016-11-03 00:00:00+08:00,40.475521087646484,41.36077117919922,40.475521087646484,41.01650619506836,388608,0.0,0.0
2016-11-04 00:00:00+08:00,41.311588287353516,41.80339431762695,40.62306213378906,40.62306213378906,184017,0.0,0.0
2016-11-07 00:00:00+08:00,40.62306213378906,41.409950256347656,40.62306213378906,40.62306213378906,181989,0.0,0.0
2016-11-08 00:00:00+08:00,40.86896514892578,40.86896514892578,39.3443717956543,39.737815856933594,196217,0.0,0.0
2016-11-09 00:00:00+08:00,39.88535690307617,40.327980041503906,37.37715148925781,37.86895751953125,356086,0.0,0.0
2016-11-10 00:00:00+08:00,38.36075973510742,39.246009826660156,38.01649856567383,38.213218688964844,390838,0.0,0.0
2016-11-11 00:00:00+08:00,38.36075973510742,39.147647857666016,37.86895751953125,38.213218688964844,315167,0.0,0.0
2016-11-14 00:00:00+08:00,38.213218688964844,38.75420379638672,37.81977462768555,38.065677642822266,145397,0.0,0.0
2016-11-15 00:00:00+08:00,38.36075973510742,38.75420379638672,37.37715148925781,37.81977462768555,247354,0.0,0.0
2016-11-16 00:00:00+08:00,38.60666275024414,38.60666275024414,37.91813659667969,38.26240158081055,138269,0.0,0.0
2016-11-17 00:00:00+08:00,38.36075973510742,38.655845642089844,38.26240158081055,38.409942626953125,166937,0.0,0.0
2016-11-18 00:00:00+08:00,38.75420379638672,42.24601745605469,38.409942626953125,42.24601745605469,698239,0.0,0.0
2016-11-21 00:00:00+08:00,43.37717056274414,46.42635726928711,43.37717056274414,46.42635726928711,1629067,0.0,0.0
2016-11-22 00:00:00+08:00,47.40996551513672,48.09849166870117,45.3935661315918,45.68864822387695,1574638,0.0,0.0
2016-11-23 00:00:00+08:00,45.93455123901367,49.7706298828125,45.68864822387695,47.803409576416016,1396489,0.0,0.0
2016-11-24 00:00:00+08:00,48.78702163696289,49.032920837402344,47.01652145385742,47.40996551513672,645588,0.0,0.0
2016-11-25 00:00:00+08:00,47.40996551513672,47.85259246826172,45.93455123901367,46.08209228515625,515654,0.0,0.0
2016-11-28 00:00:00+08:00,46.03291320800781,47.1640625,45.24602508544922,45.737831115722656,333721,0.0,0.0
2016-11-29 00:00:00+08:00,46.18045425415039,46.623077392578125,45.737831115722656,45.885372161865234,194183,0.0,0.0
2016-11-30 00:00:00+08:00,46.42635726928711,46.52471923828125,45.737831115722656,45.737831115722656,176003,0.0,0.0
2016-12-01 00:00:00+08:00,46.22963333129883,47.75423049926758,45.737831115722656,46.721439361572266,429032,0.0,0.0
2016-12-02 00:00:00+08:00,46.721439361572266,48.78702163696289,46.22963333129883,46.819801330566406,554084,0.0,0.0
2016-12-05 00:00:00+08:00,46.819801330566406,47.5575065612793,46.721439361572266,47.2132453918457,135622,0.0,0.0
2016-12-06 00:00:00+08:00,47.85259246826172,47.901771545410156,46.57389831542969,46.721439361572266,258238,0.0,0.0
2016-12-07 00:00:00+08:00,46.819801330566406,47.45914840698242,46.623077392578125,46.623077392578125,139284,0.0,0.0
2016-12-08 00:00:00+08:00,47.36078643798828,47.36078643798828,46.57389831542969,46.57389831542969,144366,0.0,0.0
2016-12-09 00:00:00+08:00,46.721439361572266,48.59029769897461,46.721439361572266,47.705047607421875,610405,0.0,0.0
2016-12-12 00:00:00+08:00,51.44276428222656,52.42637252807617,51.147682189941406,52.42637252807617,654096,0.0,0.0
2016-12-13 00:00:00+08:00,53.01654052734375,56.16408920288086,51.34440231323242,52.131290435791016,3379016,0.0,0.0
2016-12-14 00:00:00+08:00,52.131290435791016,52.42637252807617,50.55751419067383,50.75423812866211,711329,0.0,0.0
2016-12-15 00:00:00+08:00,51.73784637451172,55.77064514160156,51.63948440551758,55.77064514160156,2222445,0.0,0.0
2016-12-16 00:00:00+08:00,55.96736526489258,57.541141510009766,54.19687271118164,55.18048095703125,1880973,0.0,0.0
2016-12-19 00:00:00+08:00,56.85261535644531,56.85261535644531,54.59031295776367,55.08211898803711,676368,0.0,0.0
2016-12-20 00:00:00+08:00,55.67228317260742,56.16408920288086,54.59031295776367,55.96736526489258,562419,0.0,0.0
2016-12-21 00:00:00+08:00,56.16408920288086,56.16408920288086,54.98375701904297,54.98375701904297,320830,0.0,0.0
2016-12-22 00:00:00+08:00,54.98375701904297,54.98375701904297,50.75423812866211,51.63948440551758,842204,0.0,0.0
2016-12-23 00:00:00+08:00,51.73784637451172,52.81981658935547,50.950958251953125,51.44276428222656,339318,0.0,0.0
2016-12-26 00:00:00+08:00,51.5411262512207,52.229652404785156,51.24604415893555,51.5411262512207,156677,0.0,0.0
2016-12-27 00:00:00+08:00,51.9345703125,52.3280143737793,50.950958251953125,50.950958251953125,231291,0.0,0.0
2016-12-28 00:00:00+08:00,50.950958251953125,52.032928466796875,50.950958251953125,51.24604415893555,125056,0.0,0.0
2016-12-29 00:00:00+08:00,51.24604415893555,51.73784637451172,51.147682189941406,51.44276428222656,151490,0.0,0.0
2016-12-30 00:00:00+08:00,51.44276428222656,52.229652404785156,51.44276428222656,51.5411262512207,167953,0.0,0.0
2017-01-03 00:00:00+08:00,53.7050666809082,54.68867492675781,52.62309646606445,53.213260650634766,646801,0.0,0.0
2017-01-04 00:00:00+08:00,54.59031295776367,56.06572723388672,54.0985107421875,54.0985107421875,985150,0.0,0.0
2017-01-05 00:00:00+08:00,54.4919548034668,55.57392501831055,54.0985107421875,54.393592834472656,346712,0.0,0.0
2017-01-06 00:00:00+08:00,54.393592834472656,54.393592834472656,52.721458435058594,52.81981658935547,420139,0.0,0.0
2017-01-09 00:00:00+08:00,53.213260650634766,53.90178680419922,51.63948440551758,52.131290435791016,311302,0.0,0.0
2017-01-10 00:00:00+08:00,51.63948440551758,53.40998458862305,51.63948440551758,52.131290435791016,201711,0.0,0.0
2017-01-11 00:00:00+08:00,50.75423812866211,50.75423812866211,47.705047607421875,48.78702163696289,741543,0.0,0.0
2017-01-12 00:00:00+08:00,48.983741760253906,50.1640739440918,48.983741760253906,49.27882385253906,212857,0.0,0.0
2017-01-13 00:00:00+08:00,49.86899185180664,49.86899185180664,48.78702163696289,49.3771858215332,225703,0.0,0.0
2017-01-16 00:00:00+08:00,49.18046188354492,49.18046188354492,48.19685363769531,48.393577575683594,250648,0.0,0.0
2017-01-17 00:00:00+08:00,48.68865966796875,49.032920837402344,48.49193572998047,48.49193572998047,117934,0.0,0.0
2017-01-18 00:00:00+08:00,48.49193572998047,48.49193572998047,47.311607360839844,47.606689453125,349742,0.0,0.0
2017-01-19 00:00:00+08:00,47.705047607421875,48.29521560668945,47.705047607421875,47.803409576416016,149449,0.0,0.0
2017-01-20 00:00:00+08:00,48.68865966796875,51.34440231323242,48.29521560668945,49.475547790527344,522169,0.0,0.0
2017-01-23 00:00:00+08:00,49.27882385253906,50.950958251953125,49.18046188354492,49.27882385253906,153516,0.0,0.0
2017-01-24 00:00:00+08:00,49.3771858215332,50.950958251953125,49.3771858215332,49.7706298828125,196529,0.0,0.0
2017-02-02 00:00:00+08:00,50.1640739440918,50.1640739440918,48.49193572998047,48.83620071411133,182505,0.0,0.0
2017-02-03 00:00:00+08:00,49.67226791381836,49.67226791381836,48.93456268310547,49.27882385253906,145396,0.0,0.0
2017-02-06 00:00:00+08:00,49.967350006103516,50.45915603637695,49.18046188354492,49.27882385253906,178142,0.0,0.0
2017-02-07 00:00:00+08:00,49.27882385253906,49.3771858215332,48.885379791259766,49.18046188354492,146894,0.0,0.0
2017-02-08 00:00:00+08:00,49.3771858215332,49.57390594482422,48.49193572998047,48.49193572998047,223679,0.0,0.0
2017-02-09 00:00:00+08:00,48.393577575683594,50.065711975097656,48.34439468383789,49.18046188354492,300984,0.0,0.0
2017-02-10 00:00:00+08:00,49.67226791381836,50.75423812866211,49.18046188354492,49.18046188354492,456517,0.0,0.0
2017-02-13 00:00:00+08:00,44.45914077758789,46.18045425415039,44.45914077758789,45.34438705444336,861380,0.0,0.0
2017-02-14 00:00:00+08:00,46.37717819213867,46.967342376708984,45.737831115722656,46.22963333129883,470714,0.0,0.0
2017-02-15 00:00:00+08:00,46.868980407714844,47.311607360839844,46.32799530029297,46.42635726928711,258273,0.0,0.0
2017-02-16 00:00:00+08:00,47.311607360839844,48.29521560668945,46.967342376708984,47.01652145385742,309090,0.0,0.0
2017-02-17 00:00:00+08:00,46.721439361572266,47.2132453918457,46.52471923828125,47.01652145385742,234137,0.0,0.0
2017-02-20 00:00:00+08:00,46.819801330566406,48.19685363769531,46.819801330566406,46.868980407714844,184042,0.0,0.0
2017-02-21 00:00:00+08:00,47.50832748413086,47.50832748413086,46.32799530029297,46.57389831542969,159648,0.0,0.0
2017-02-22 00:00:00+08:00,47.065704345703125,47.2132453918457,46.77062225341797,46.91816329956055,125297,0.0,0.0
2017-02-23 00:00:00+08:00,47.40996551513672,47.40996551513672,46.37717819213867,46.42635726928711,159627,0.0,0.0
2017-02-24 00:00:00+08:00,46.42635726928711,46.721439361572266,45.93455123901367,46.623077392578125,145405,0.0,0.0
2017-03-01 00:00:00+08:00,46.623077392578125,46.623077392578125,46.623077392578125,46.623077392578125,0,0.0,0.0
2017-03-02 00:00:00+08:00,45.8361930847168,45.93455123901367,44.85258102416992,44.95094299316406,119980,0.0,0.0
2017-03-03 00:00:00+08:00,44.85258102416992,47.950950622558594,44.85258102416992,47.50832748413086,770172,0.0,0.0
2017-03-06 00:00:00+08:00,48.68865966796875,48.68865966796875,46.721439361572266,46.721439361572266,347188,0.0,0.0
2017-03-07 00:00:00+08:00,46.721439361572266,47.311607360839844,46.32799530029297,46.42635726928711,157595,0.0,0.0
2017-03-08 00:00:00+08:00,46.22963333129883,47.26242446899414,46.22963333129883,46.819801330566406,164916,0.0,0.0
2017-03-09 00:00:00+08:00,45.983734130859375,46.967342376708984,45.983734130859375,46.57389831542969,109821,0.0,0.0
2017-03-10 00:00:00+08:00,46.57389831542969,46.57389831542969,45.0493049621582,45.983734130859375,248084,0.0,0.0
2017-03-13 00:00:00+08:00,45.541107177734375,46.721439361572266,45.0493049621582,45.737831115722656,204417,0.0,0.0
2017-03-14 00:00:00+08:00,45.737831115722656,47.65586853027344,45.737831115722656,46.42635726928711,268417,0.0,0.0
2017-03-15 00:00:00+08:00,46.22963333129883,46.868980407714844,45.787010192871094,45.93455123901367,142367,0.0,0.0
2017-03-16 00:00:00+08:00,46.22963333129883,46.22963333129883,45.737831115722656,45.787010192871094,104745,0.0,0.0
2017-03-17 00:00:00+08:00,45.787010192871094,46.52471923828125,45.737831115722656,45.737831115722656,111224,0.0,0.0
2017-03-20 00:00:00+08:00,45.737831115722656,45.787010192871094,45.000125885009766,45.24602508544922,192179,0.0,0.0
2017-03-21 00:00:00+08:00,45.24602508544922,45.24602508544922,44.75422286987305,44.803401947021484,207785,0.0,0.0
2017-03-22 00:00:00+08:00,44.45914077758789,44.50831985473633,43.37717056274414,44.16405487060547,247076,0.0,0.0
2017-03-23 00:00:00+08:00,44.26241683959961,44.26241683959961,43.475528717041016,43.6722526550293,209714,0.0,0.0
2017-03-24 00:00:00+08:00,43.6722526550293,44.21323776245117,42.8853645324707,42.8853645324707,291070,0.0,0.0
2017-03-27 00:00:00+08:00,42.8853645324707,43.6722526550293,42.491920471191406,43.13126754760742,198628,0.0,0.0
2017-03-28 00:00:00+08:00,42.983726501464844,44.31159591674805,42.983726501464844,43.27880859375,150991,0.0,0.0
2017-03-29 00:00:00+08:00,43.27880859375,43.77061080932617,42.8853645324707,43.42634963989258,61009,0.0,0.0
2017-03-30 00:00:00+08:00,43.42634963989258,43.475528717041016,42.8853645324707,42.983726501464844,85405,0.0,0.0
2017-03-31 00:00:00+08:00,42.8853645324707,43.18044662475586,42.541099548339844,42.639461517333984,142911,0.0,0.0
2017-04-05 00:00:00+08:00,43.27880859375,43.721431732177734,42.78700256347656,42.836181640625,159362,0.0,0.0
2017-04-06 00:00:00+08:00,43.27880859375,43.27880859375,41.901756286621094,42.09847640991211,136755,0.0,0.0
2017-04-07 00:00:00+08:00,42.295196533203125,42.295196533203125,41.1148681640625,41.213226318359375,249285,0.0,0.0
2017-04-10 00:00:00+08:00,41.60667037963867,41.60667037963867,41.1148681640625,41.1148681640625,67114,0.0,0.0
2017-04-11 00:00:00+08:00,40.327980041503906,40.91814422607422,39.246009826660156,39.44272994995117,360598,0.0,0.0
2017-04-12 00:00:00+08:00,39.3443717956543,39.3443717956543,38.36075973510742,38.5574836730957,213948,0.0,0.0
2017-04-13 00:00:00+08:00,38.5574836730957,42.393558502197266,38.164039611816406,41.5083122253418,768699,0.0,0.0
2017-04-14 00:00:00+08:00,41.5083122253418,42.836181640625,40.62306213378906,40.86896514892578,518656,0.0,0.0
2017-04-17 00:00:00+08:00,40.86896514892578,42.04929733276367,39.246009826660156,39.295188903808594,278711,0.0,0.0
2017-04-18 00:00:00+08:00,39.54109191894531,40.08207702636719,39.3443717956543,39.44272994995117,125213,0.0,0.0
2017-04-19 00:00:00+08:00,39.83617401123047,39.83617401123047,38.75420379638672,39.00010681152344,128772,0.0,0.0
2017-04-20 00:00:00+08:00,39.93453598022461,42.8853645324707,39.93453598022461,42.8853645324707,1474278,0.0,0.0
2017-04-21 00:00:00+08:00,43.27880859375,44.557498931884766,42.04929733276367,42.34437942504883,1052872,0.0,0.0
2017-04-24 00:00:00+08:00,43.623069763183594,43.623069763183594,41.80339431762695,41.85257339477539,292931,0.0,0.0
2017-04-25 00:00:00+08:00,41.70503234863281,42.09847640991211,41.1148681640625,41.311588287353516,249100,0.0,0.0
2017-04-26 00:00:00+08:00,41.311588287353516,42.78700256347656,41.311588287353516,41.80339431762695,253176,0.0,0.0
2017-04-27 00:00:00+08:00,42.09847640991211,42.09847640991211,41.557491302490234,41.60667037963867,133182,0.0,0.0
2017-04-28 00:00:00+08:00,41.95093536376953,41.95093536376953,41.5083122253418,41.5083122253418,76350,0.0,0.0
2017-05-02 00:00:00+08:00,41.311588287353516,41.311588287353516,40.327980041503906,40.327980041503906,143413,0.0,0.0
2017-05-03 00:00:00+08:00,40.377159118652344,41.0656852722168,39.491912841796875,39.83617401123047,173849,0.0,0.0
2017-05-04 00:00:00+08:00,39.93453598022461,41.70503234863281,39.93453598022461,40.377159118652344,148758,0.0,0.0
2017-05-05 00:00:00+08:00,40.42634201049805,40.42634201049805,39.63945388793945,39.88535690307617,133183,0.0,0.0
2017-05-08 00:00:00+08:00,39.83617401123047,40.229618072509766,39.3443717956543,39.44272994995117,163789,0.0,0.0
2017-05-09 00:00:00+08:00,40.131256103515625,40.131256103515625,38.655845642089844,39.04928970336914,142637,0.0,0.0
2017-05-10 00:00:00+08:00,38.950927734375,40.131256103515625,38.950927734375,39.68863296508789,125456,0.0,0.0
2017-05-11 00:00:00+08:00,39.44272994995117,39.737815856933594,38.950927734375,39.491912841796875,113866,0.0,0.0
2017-05-12 00:00:00+08:00,39.19683074951172,40.03289794921875,39.19683074951172,39.3443717956543,140497,0.0,0.0
2017-05-15 00:00:00+08:00,39.147647857666016,40.131256103515625,39.04928970336914,39.98371887207031,96584,0.0,0.0
2017-05-16 00:00:00+08:00,39.83617401123047,39.83617401123047,39.3443717956543,39.3443717956543,74217,0.0,0.0
2017-05-17 00:00:00+08:00,39.147647857666016,39.54109191894531,39.147647857666016,39.295188903808594,77267,0.0,0.0
2017-05-18 00:00:00+08:00,38.950927734375,39.54109191894531,38.5574836730957,39.54109191894531,53883,0.0,0.0
2017-05-19 00:00:00+08:00,39.3443717956543,39.3443717956543,39.147647857666016,39.246009826660156,66971,0.0,0.0
2017-05-22 00:00:00+08:00,38.950927734375,39.83617401123047,38.950927734375,39.393550872802734,97600,0.0,0.0
2017-05-23 00:00:00+08:00,39.491912841796875,39.83617401123047,39.393550872802734,39.44272994995117,56274,0.0,0.0
2017-05-24 00:00:00+08:00,39.737815856933594,39.83617401123047,39.246009826660156,39.246009826660156,248675,0.0,0.0
2017-05-25 00:00:00+08:00,39.3443717956543,39.393550872802734,39.19683074951172,39.246009826660156,177916,0.0,0.0
2017-05-26 00:00:00+08:00,39.63945388793945,41.0656852722168,39.246009826660156,40.6722412109375,394872,0.0,0.0
2017-05-31 00:00:00+08:00,40.6722412109375,42.295196533203125,40.6722412109375,40.96732711791992,342617,0.0,0.0
2017-06-01 00:00:00+08:00,41.60667037963867,45.0493049621582,41.557491302490234,45.0493049621582,938424,0.0,0.0
2017-06-02 00:00:00+08:00,49.18046188354492,49.18046188354492,43.77061080932617,44.36077880859375,3366624,0.0,0.0
2017-06-05 00:00:00+08:00,43.42634963989258,45.4427490234375,43.42634963989258,43.918155670166016,571568,0.0,0.0
2017-06-06 00:00:00+08:00,43.918155670166016,44.45914077758789,43.27880859375,43.37717056274414,263519,0.0,0.0
2017-06-07 00:00:00+08:00,43.86897277832031,44.26241683959961,43.42634963989258,43.721431732177734,135317,0.0,0.0
2017-06-08 00:00:00+08:00,43.42634963989258,43.96733474731445,43.32798767089844,43.37717056274414,169986,0.0,0.0
2017-06-09 00:00:00+08:00,43.37717056274414,43.42634963989258,42.09847640991211,42.09847640991211,294832,0.0,0.0
2017-06-12 00:00:00+08:00,41.409950256347656,42.04929733276367,40.62306213378906,40.81978225708008,273488,0.0,0.0
2017-06-13 00:00:00+08:00,40.42634201049805,42.295196533203125,40.42634201049805,41.213226318359375,136314,0.0,0.0
2017-06-14 00:00:00+08:00,41.26240921020508,41.901756286621094,40.52470016479492,40.81978225708008,125145,0.0,0.0
2017-06-15 00:00:00+08:00,40.42634201049805,41.311588287353516,40.42634201049805,40.96732711791992,119153,0.0,0.0
2017-06-16 00:00:00+08:00,41.16404724121094,42.19683837890625,41.01650619506836,41.16404724121094,179949,0.0,0.0
2017-06-19 00:00:00+08:00,41.311588287353516,42.14765548706055,41.311588287353516,41.60667037963867,133386,0.0,0.0
2017-06-20 00:00:00+08:00,42.09847640991211,42.09847640991211,41.01650619506836,41.01650619506836,101669,0.0,0.0
2017-06-21 00:00:00+08:00,41.01650619506836,41.213226318359375,40.86896514892578,40.86896514892578,71168,0.0,0.0
2017-06-22 00:00:00+08:00,40.86896514892578,41.901756286621094,40.86896514892578,40.86896514892578,132167,0.0,0.0
2017-06-23 00:00:00+08:00,41.5083122253418,41.70503234863281,40.62306213378906,40.62306213378906,143362,0.0,0.0
2017-06-26 00:00:00+08:00,40.62306213378906,40.81978225708008,40.229618072509766,40.42634201049805,126066,0.0,0.0
2017-06-27 00:00:00+08:00,40.42634201049805,40.42634201049805,39.737815856933594,39.98371887207031,170915,0.0,0.0
2017-06-28 00:00:00+08:00,40.377159118652344,40.81978225708008,40.229618072509766,40.7214241027832,190116,0.0,0.0
2017-06-29 00:00:00+08:00,41.1148681640625,41.901756286621094,40.81978225708008,40.81978225708008,264928,0.0,0.0
2017-06-30 00:00:00+08:00,40.81978225708008,41.1148681640625,40.62306213378906,40.81978225708008,58967,0.0,0.0
2017-07-03 00:00:00+08:00,41.409950256347656,41.409950256347656,40.42634201049805,40.475521087646484,72976,0.0,0.0
2017-07-04 00:00:00+08:00,40.77060317993164,40.77060317993164,40.131256103515625,40.229618072509766,48851,0.0,0.0
2017-07-05 00:00:00+08:00,40.229618072509766,40.6722412109375,39.83617401123047,40.229618072509766,106827,0.0,0.0
2017-07-06 00:00:00+08:00,40.6722412109375,40.6722412109375,39.78699493408203,40.327980041503906,190274,0.0,0.0
2017-07-07 00:00:00+08:00,40.52470016479492,40.52470016479492,39.93453598022461,39.93453598022461,86416,0.0,0.0
2017-07-10 00:00:00+08:00,39.98371887207031,40.08207702636719,39.54109191894531,39.737815856933594,50965,0.0,0.0
2017-07-11 00:00:00+08:00,39.44272994995117,39.93453598022461,39.44272994995117,39.737815856933594,59983,0.0,0.0
2017-07-12 00:00:00+08:00,39.78699493408203,40.52470016479492,39.78699493408203,39.83617401123047,105226,0.0,0.0
2017-07-13 00:00:00+08:00,39.88535690307617,40.327980041503906,39.83617401123047,40.327980041503906,71674,0.0,0.0
2017-07-14 00:00:00+08:00,40.327980041503906,40.42634201049805,39.93453598022461,39.93453598022461,82411,0.0,0.0
2017-07-17 00:00:00+08:00,40.327980041503906,40.81978225708008,39.93453598022461,39.98371887207031,99939,0.0,0.0
2017-07-18 00:00:00+08:00,40.03289794921875,42.295196533203125,40.03289794921875,41.655853271484375,361220,0.0,0.0
2017-07-19 00:00:00+08:00,41.901756286621094,43.27880859375,41.409950256347656,42.19683837890625,676556,0.0,0.0
2017-07-20 00:00:00+08:00,42.09847640991211,42.983726501464844,41.60667037963867,41.60667037963867,247114,0.0,0.0
2017-07-21 00:00:00+08:00,41.70503234863281,42.78700256347656,41.213226318359375,41.311588287353516,175171,0.0,0.0
2017-07-24 00:00:00+08:00,41.409950256347656,41.459129333496094,40.86896514892578,40.86896514892578,129119,0.0,0.0
2017-07-25 00:00:00+08:00,40.86896514892578,41.311588287353516,40.81978225708008,40.81978225708008,86619,0.0,0.0
2017-07-26 00:00:00+08:00,40.91814422607422,40.91814422607422,40.229618072509766,40.327980041503906,135219,0.0,0.0
2017-07-27 00:00:00+08:00,40.327980041503906,41.311588287353516,40.229618072509766,40.81978225708008,113867,0.0,0.0
2017-07-28 00:00:00+08:00,41.01650619506836,44.16405487060547,40.81978225708008,42.983726501464844,1054901,0.0,0.0
2017-07-31 00:00:00+08:00,43.27880859375,43.721431732177734,43.03290557861328,43.27880859375,619661,0.0,0.0
2017-08-01 00:00:00+08:00,43.32798767089844,44.065696716308594,42.44274139404297,42.78700256347656,218074,0.0,0.0
2017-08-02 00:00:00+08:00,42.836181640625,45.000125885009766,42.836181640625,43.27880859375,886536,0.0,0.0
2017-08-03 00:00:00+08:00,43.27880859375,44.065696716308594,43.13126754760742,43.27880859375,362951,0.0,0.0
2017-08-04 00:00:00+08:00,44.065696716308594,47.01652145385742,44.065696716308594,45.93455123901367,1753039,0.0,0.0
2017-08-07 00:00:00+08:00,47.2132453918457,49.3771858215332,46.52471923828125,48.44275665283203,2471556,0.0,0.0
2017-08-08 00:00:00+08:00,48.44275665283203,48.44275665283203,45.49192810058594,45.59029006958008,1079823,0.0,0.0
2017-08-09 00:00:00+08:00,45.885372161865234,47.50832748413086,45.59029006958008,47.2132453918457,1063317,0.0,0.0
2017-08-10 00:00:00+08:00,46.819801330566406,46.819801330566406,42.491920471191406,43.42634963989258,904119,0.0,0.0
2017-08-11 00:00:00+08:00,43.27880859375,46.67226028442383,43.27880859375,46.22963333129883,934622,0.0,0.0
2017-08-14 00:00:00+08:00,46.57389831542969,46.623077392578125,44.31159591674805,44.31159591674805,637651,0.0,0.0
2017-08-15 00:00:00+08:00,44.95094299316406,48.147674560546875,44.85258102416992,47.75423049926758,805450,0.0,0.0
2017-08-16 00:00:00+08:00,48.0001335144043,50.85260009765625,46.77062225341797,50.36079406738281,2140489,0.0,0.0
2017-08-17 00:00:00+08:00,50.36079406738281,51.44276428222656,48.78702163696289,48.885379791259766,1675665,0.0,0.0
2017-08-18 00:00:00+08:00,48.49193572998047,53.7050666809082,46.819801330566406,52.3280143737793,2795625,0.0,0.0
2017-08-21 00:00:00+08:00,54.59031295776367,56.6558952331543,53.311622619628906,54.4919548034668,2898726,0.0,0.0
2017-08-22 00:00:00+08:00,55.278839111328125,55.77064514160156,51.83620834350586,52.3280143737793,1555546,0.0,0.0
2017-08-23 00:00:00+08:00,52.721458435058594,54.4919548034668,51.24604415893555,52.229652404785156,1132730,0.0,0.0
2017-08-24 00:00:00+08:00,52.81981658935547,53.7050666809082,50.950958251953125,51.049320220947266,1094031,0.0,0.0
2017-08-25 00:00:00+08:00,51.63948440551758,52.62309646606445,50.1640739440918,50.45915603637695,996279,0.0,0.0
2017-08-28 00:00:00+08:00,50.45915603637695,51.049320220947266,48.78702163696289,49.86899185180664,745112,0.0,0.0
2017-08-29 00:00:00+08:00,49.475547790527344,51.5411262512207,49.475547790527344,50.55751419067383,602998,0.0,0.0
2017-08-30 00:00:00+08:00,51.147682189941406,53.60670471191406,50.85260009765625,52.91817855834961,1291163,0.0,0.0
2017-08-31 00:00:00+08:00,54.00014877319336,55.57392501831055,51.73784637451172,52.721458435058594,1522149,0.0,0.0
2017-09-01 00:00:00+08:00,53.01654052734375,53.114898681640625,51.9345703125,52.131290435791016,426168,0.0,0.0
2017-09-04 00:00:00+08:00,52.62309646606445,53.803428649902344,51.34440231323242,51.34440231323242,926824,0.0,0.0
2017-09-05 00:00:00+08:00,51.83620834350586,52.42637252807617,50.36079406738281,50.65587615966797,551136,0.0,0.0
2017-09-06 00:00:00+08:00,50.26243209838867,52.3280143737793,50.1640739440918,51.44276428222656,714617,0.0,0.0
2017-09-07 00:00:00+08:00,51.34440231323242,51.83620834350586,49.18046188354492,49.67226791381836,611422,0.0,0.0
2017-09-08 00:00:00+08:00,49.67226791381836,50.065711975097656,48.393577575683594,48.54111862182617,620876,0.0,0.0
2017-09-11 00:00:00+08:00,49.18046188354492,49.3771858215332,47.705047607421875,47.705047607421875,485255,0.0,0.0
2017-09-12 00:00:00+08:00,48.19685363769531,49.57390594482422,47.901771545410156,48.19685363769531,846738,0.0,0.0
2017-09-13 00:00:00+08:00,49.08210372924805,49.08210372924805,47.311607360839844,48.19685363769531,280905,0.0,0.0
2017-09-14 00:00:00+08:00,48.885379791259766,53.01654052734375,47.901771545410156,53.01654052734375,1918561,0.0,0.0
2017-09-15 00:00:00+08:00,54.19687271118164,56.75425338745117,53.01654052734375,53.7050666809082,4412422,0.0,0.0
2017-09-18 00:00:00+08:00,54.19687271118164,54.19687271118164,50.950958251953125,51.73784637451172,1114873,0.0,0.0
2017-09-19 00:00:00+08:00,52.032928466796875,53.01654052734375,51.63948440551758,51.73784637451172,542796,0.0,0.0
2017-09-20 00:00:00+08:00,52.032928466796875,52.131290435791016,50.36079406738281,50.85260009765625,436658,0.0,0.0
2017-09-21 00:00:00+08:00,51.147682189941406,52.032928466796875,50.950958251953125,51.5411262512207,306840,0.0,0.0
2017-09-22 00:00:00+08:00,51.5411262512207,52.032928466796875,49.86899185180664,50.1640739440918,405725,0.0,0.0
2017-09-25 00:00:00+08:00,50.26243209838867,51.049320220947266,48.19685363769531,48.68865966796875,350876,0.0,0.0
2017-09-26 00:00:00+08:00,48.19685363769531,49.57390594482422,47.705047607421875,47.705047607421875,289408,0.0,0.0
2017-09-27 00:00:00+08:00,48.393577575683594,48.983741760253906,47.606689453125,48.49193572998047,283140,0.0,0.0
2017-09-28 00:00:00+08:00,48.49193572998047,50.065711975097656,48.19685363769531,49.18046188354492,252132,0.0,0.0
2017-09-29 00:00:00+08:00,49.7706298828125,49.7706298828125,48.19685363769531,48.54111862182617,171002,0.0,0.0
2017-10-02 00:00:00+08:00,48.68865966796875,50.45915603637695,48.68865966796875,50.26243209838867,472232,0.0,0.0
2017-10-03 00:00:00+08:00,50.1640739440918,50.950958251953125,49.967350006103516,50.950958251953125,336566,0.0,0.0
2017-10-05 00:00:00+08:00,51.147682189941406,54.0985107421875,50.75423812866211,53.01654052734375,1010298,0.0,0.0
2017-10-06 00:00:00+08:00,53.311622619628906,53.7050666809082,50.85260009765625,52.131290435791016,720825,0.0,0.0
2017-10-11 00:00:00+08:00,51.147682189941406,51.34440231323242,49.86899185180664,50.065711975097656,500249,0.0,0.0
2017-10-12 00:00:00+08:00,50.065711975097656,50.85260009765625,49.86899185180664,50.85260009765625,293510,0.0,0.0
2017-10-13 00:00:00+08:00,50.950958251953125,51.049320220947266,50.065711975097656,50.36079406738281,136903,0.0,0.0
2017-10-16 00:00:00+08:00,50.45915603637695,51.34440231323242,50.065711975097656,51.147682189941406,246084,0.0,0.0
2017-10-17 00:00:00+08:00,51.147682189941406,51.73784637451172,49.67226791381836,49.7706298828125,291274,0.0,0.0
2017-10-18 00:00:00+08:00,49.7706298828125,51.147682189941406,49.475547790527344,50.65587615966797,355121,0.0,0.0
2017-10-19 00:00:00+08:00,50.75423812866211,51.147682189941406,50.36079406738281,50.85260009765625,184626,0.0,0.0
2017-10-20 00:00:00+08:00,50.65587615966797,51.34440231323242,50.45915603637695,50.75423812866211,234850,0.0,0.0
2017-10-23 00:00:00+08:00,50.36079406738281,51.147682189941406,49.967350006103516,50.36079406738281,180105,0.0,0.0
2017-10-24 00:00:00+08:00,50.55751419067383,50.55751419067383,49.7706298828125,49.967350006103516,202316,0.0,0.0
2017-10-25 00:00:00+08:00,50.1640739440918,50.55751419067383,49.57390594482422,49.67226791381836,200791,0.0,0.0
2017-10-26 00:00:00+08:00,49.57390594482422,50.26243209838867,48.24603271484375,48.63947677612305,438893,0.0,0.0
2017-10-27 00:00:00+08:00,48.59029769897461,49.7706298828125,47.705047607421875,47.705047607421875,326399,0.0,0.0
2017-10-30 00:00:00+08:00,47.803409576416016,48.09849166870117,45.19684600830078,45.639469146728516,478482,0.0,0.0
2017-10-31 00:00:00+08:00,45.639469146728516,46.22963333129883,45.24602508544922,46.03291320800781,223361,0.0,0.0
2017-11-01 00:00:00+08:00,46.22963333129883,46.52471923828125,45.93455123901367,46.03291320800781,145383,0.0,0.0
2017-11-02 00:00:00+08:00,46.52471923828125,46.52471923828125,45.4427490234375,45.541107177734375,188591,0.0,0.0
2017-11-03 00:00:00+08:00,45.541107177734375,45.541107177734375,44.26241683959961,44.50831985473633,223106,0.0,0.0
2017-11-06 00:00:00+08:00,44.36077880859375,44.803401947021484,43.573890686035156,43.573890686035156,255243,0.0,0.0
2017-11-07 00:00:00+08:00,43.6722526550293,44.40995788574219,43.6722526550293,44.26241683959961,129116,0.0,0.0
2017-11-08 00:00:00+08:00,44.065696716308594,44.26241683959961,43.721431732177734,43.819793701171875,107766,0.0,0.0
2017-11-09 00:00:00+08:00,44.11487579345703,44.11487579345703,43.27880859375,43.27880859375,155041,0.0,0.0
2017-11-10 00:00:00+08:00,43.27880859375,43.27880859375,42.393558502197266,42.93454360961914,150242,0.0,0.0
2017-11-13 00:00:00+08:00,42.93454360961914,43.27880859375,42.295196533203125,42.295196533203125,186049,0.0,0.0
2017-11-14 00:00:00+08:00,42.59028244018555,42.59028244018555,41.311588287353516,41.459129333496094,198758,0.0,0.0
2017-11-15 00:00:00+08:00,41.459129333496094,42.19683837890625,41.1148681640625,42.09847640991211,83875,0.0,0.0
2017-11-16 00:00:00+08:00,42.14765548706055,42.14765548706055,41.5083122253418,41.655853271484375,105734,0.0,0.0
2017-11-17 00:00:00+08:00,41.75421142578125,42.639461517333984,41.655853271484375,41.655853271484375,139334,0.0,0.0
2017-11-20 00:00:00+08:00,41.655853271484375,42.295196533203125,41.60667037963867,42.295196533203125,65647,0.0,0.0
2017-11-21 00:00:00+08:00,42.44274139404297,44.065696716308594,42.44274139404297,43.721431732177734,168867,0.0,0.0
2017-11-22 00:00:00+08:00,43.96733474731445,43.96733474731445,42.78700256347656,42.836181640625,140553,0.0,0.0
2017-11-23 00:00:00+08:00,42.836181640625,42.836181640625,42.24601745605469,42.24601745605469,69133,0.0,0.0
2017-11-24 00:00:00+08:00,42.295196533203125,42.295196533203125,41.409950256347656,41.655853271484375,145687,0.0,0.0
2017-11-27 00:00:00+08:00,41.655853271484375,42.19683837890625,41.655853271484375,42.00011444091797,84387,0.0,0.0
2017-11-28 00:00:00+08:00,41.557491302490234,41.95093536376953,41.557491302490234,41.75421142578125,71167,0.0,0.0
2017-11-29 00:00:00+08:00,41.85257339477539,42.737823486328125,41.85257339477539,42.19683837890625,84617,0.0,0.0
2017-11-30 00:00:00+08:00,42.00011444091797,42.00011444091797,41.60667037963867,41.80339431762695,78433,0.0,0.0
2017-12-01 00:00:00+08:00,41.85257339477539,42.24601745605469,41.5083122253418,41.901756286621094,76351,0.0,0.0
2017-12-04 00:00:00+08:00,41.16404724121094,42.14765548706055,41.16404724121094,41.557491302490234,82351,0.0,0.0
2017-12-05 00:00:00+08:00,40.377159118652344,42.14765548706055,40.377159118652344,41.311588287353516,83417,0.0,0.0
2017-12-06 00:00:00+08:00,40.81978225708008,40.81978225708008,40.52470016479492,40.62306213378906,85501,0.0,0.0
2017-12-07 00:00:00+08:00,40.7214241027832,41.01650619506836,39.83617401123047,39.83617401123047,139663,0.0,0.0
2017-12-08 00:00:00+08:00,40.62306213378906,40.62306213378906,39.93453598022461,40.229618072509766,79503,0.0,0.0
2017-12-11 00:00:00+08:00,40.131256103515625,40.52470016479492,39.93453598022461,40.42634201049805,65066,0.0,0.0
2017-12-12 00:00:00+08:00,40.42634201049805,40.42634201049805,39.88535690307617,40.03289794921875,102684,0.0,0.0
2017-12-13 00:00:00+08:00,40.03289794921875,41.311588287353516,39.93453598022461,40.229618072509766,112849,0.0,0.0
2017-12-14 00:00:00+08:00,40.229618072509766,42.78700256347656,40.229618072509766,42.59028244018555,278769,0.0,0.0
2017-12-15 00:00:00+08:00,42.295196533203125,42.393558502197266,41.36077117919922,41.459129333496094,98617,0.0,0.0
2017-12-18 00:00:00+08:00,41.459129333496094,42.04929733276367,41.311588287353516,41.311588287353516,79340,0.0,0.0
2017-12-19 00:00:00+08:00,41.311588287353516,41.311588287353516,40.77060317993164,41.311588287353516,74218,0.0,0.0
2017-12-20 00:00:00+08:00,40.91814422607422,41.80339431762695,40.91814422607422,41.36077117919922,70151,0.0,0.0
2017-12-21 00:00:00+08:00,41.36077117919922,41.95093536376953,41.36077117919922,41.5083122253418,66595,0.0,0.0
2017-12-22 00:00:00+08:00,42.09847640991211,42.09847640991211,41.655853271484375,42.00011444091797,66084,0.0,0.0
2017-12-25 00:00:00+08:00,41.655853271484375,41.655853271484375,41.311588287353516,41.311588287353516,61707,0.0,0.0
2017-12-26 00:00:00+08:00,40.81978225708008,40.81978225708008,40.327980041503906,40.52470016479492,63035,0.0,0.0
2017-12-27 00:00:00+08:00,40.86896514892578,41.1148681640625,40.62306213378906,40.62306213378906,54901,0.0,0.0
2017-12-28 00:00:00+08:00,40.81978225708008,41.213226318359375,40.6722412109375,41.213226318359375,73205,0.0,0.0
2017-12-29 00:00:00+08:00,40.91814422607422,41.26240921020508,40.91814422607422,40.96732711791992,43216,0.0,0.0
2018-01-02 00:00:00+08:00,41.1148681640625,41.409950256347656,40.86896514892578,41.311588287353516,71168,0.0,0.0
2018-01-03 00:00:00+08:00,41.5083122253418,41.75421142578125,40.96732711791992,40.96732711791992,113866,0.0,0.0
2018-01-04 00:00:00+08:00,42.24601745605469,42.24601745605469,41.1148681640625,41.60667037963867,110960,0.0,0.0
2018-01-05 00:00:00+08:00,41.60667037963867,41.901756286621094,41.311588287353516,41.75421142578125,63296,0.0,0.0
2018-01-08 00:00:00+08:00,42.09847640991211,42.09847640991211,41.311588287353516,41.311588287353516,107564,0.0,0.0
2018-01-09 00:00:00+08:00,41.311588287353516,43.77061080932617,41.16404724121094,43.37717056274414,320658,0.0,0.0
2018-01-10 00:00:00+08:00,43.475528717041016,43.52471160888672,41.80339431762695,42.78700256347656,166732,0.0,0.0
2018-01-11 00:00:00+08:00,42.78700256347656,43.13126754760742,41.901756286621094,42.00011444091797,65676,0.0,0.0
2018-01-12 00:00:00+08:00,43.13126754760742,43.13126754760742,42.295196533203125,42.34437942504883,64175,0.0,0.0
2018-01-15 00:00:00+08:00,42.295196533203125,42.295196533203125,41.5083122253418,41.80339431762695,92521,0.0,0.0
2018-01-16 00:00:00+08:00,41.901756286621094,43.18044662475586,41.901756286621094,42.393558502197266,154333,0.0,0.0
2018-01-17 00:00:00+08:00,42.68864059448242,43.13126754760742,42.393558502197266,42.737823486328125,78820,0.0,0.0
2018-01-18 00:00:00+08:00,43.08208465576172,43.573890686035156,42.78700256347656,42.78700256347656,139588,0.0,0.0
2018-01-19 00:00:00+08:00,42.78700256347656,42.93454360961914,42.393558502197266,42.78700256347656,61190,0.0,0.0
2018-01-22 00:00:00+08:00,42.78700256347656,42.983726501464844,42.393558502197266,42.68864059448242,111934,0.0,0.0
2018-01-23 00:00:00+08:00,42.393558502197266,42.59028244018555,42.00011444091797,42.14765548706055,45044,0.0,0.0
2018-01-24 00:00:00+08:00,42.19683837890625,42.24601745605469,41.80339431762695,42.00011444091797,53585,0.0,0.0
2018-01-25 00:00:00+08:00,42.00011444091797,42.34437942504883,41.70503234863281,41.901756286621094,120376,0.0,0.0
2018-01-26 00:00:00+08:00,41.901756286621094,42.295196533203125,41.901756286621094,42.00011444091797,49511,0.0,0.0
2018-01-29 00:00:00+08:00,42.00011444091797,42.14765548706055,41.80339431762695,41.901756286621094,62024,0.0,0.0
2018-01-30 00:00:00+08:00,41.901756286621094,41.901756286621094,41.5083122253418,41.5083122253418,99693,0.0,0.0
2018-01-31 00:00:00+08:00,41.5083122253418,41.95093536376953,41.409950256347656,41.459129333496094,82357,0.0,0.0
2018-02-01 00:00:00+08:00,41.459129333496094,42.24601745605469,41.459129333496094,41.75421142578125,45752,0.0,0.0
2018-02-02 00:00:00+08:00,41.36077117919922,41.80339431762695,41.36077117919922,41.557491302490234,122406,0.0,0.0
2018-02-05 00:00:00+08:00,40.131256103515625,41.0656852722168,40.131256103515625,40.42634201049805,138787,0.0,0.0
2018-02-06 00:00:00+08:00,39.44272994995117,39.93453598022461,37.47551345825195,37.96731948852539,359676,0.0,0.0
2018-02-07 00:00:00+08:00,38.213218688964844,39.3443717956543,38.164039611816406,38.36075973510742,179482,0.0,0.0
2018-02-08 00:00:00+08:00,39.19683074951172,39.19683074951172,38.26240158081055,38.409942626953125,79401,0.0,0.0
2018-02-09 00:00:00+08:00,38.409942626953125,38.409942626953125,38.409942626953125,38.409942626953125,0,0.0,0.0
2018-02-12 00:00:00+08:00,37.27878952026367,37.27878952026367,36.491905212402344,36.7378044128418,55306,0.0,0.0
2018-02-21 00:00:00+08:00,37.37715148925781,39.246009826660156,36.885345458984375,38.11486053466797,125271,0.0,0.0
2018-02-22 00:00:00+08:00,38.065677642822266,39.54109191894531,38.065677642822266,39.54109191894531,118804,0.0,0.0
2018-02-23 00:00:00+08:00,40.6722412109375,43.18044662475586,40.327980041503906,42.19683837890625,480272,0.0,0.0
2018-02-26 00:00:00+08:00,42.00011444091797,42.09847640991211,41.01650619506836,41.311588287353516,217305,0.0,0.0
2018-02-27 00:00:00+08:00,41.311588287353516,41.70503234863281,40.327980041503906,40.42634201049805,94041,0.0,0.0
2018-03-01 00:00:00+08:00,40.327980041503906,41.311588287353516,40.327980041503906,40.81978225708008,99124,0.0,0.0
2018-03-02 00:00:00+08:00,41.1148681640625,41.1148681640625,39.93453598022461,40.6722412109375,60491,0.0,0.0
2018-03-05 00:00:00+08:00,40.81978225708008,40.81978225708008,39.737815856933594,39.737815856933594,123016,0.0,0.0
2018-03-06 00:00:00+08:00,39.737815856933594,40.6722412109375,39.737815856933594,40.52470016479492,76251,0.0,0.0
2018-03-07 00:00:00+08:00,40.475521087646484,40.475521087646484,39.88535690307617,39.93453598022461,73204,0.0,0.0
2018-03-08 00:00:00+08:00,39.83617401123047,40.42634201049805,39.83617401123047,39.98371887207031,37672,0.0,0.0
2018-03-09 00:00:00+08:00,40.52470016479492,40.573883056640625,39.590274810791016,40.52470016479492,86929,0.0,0.0
2018-03-12 00:00:00+08:00,39.88535690307617,40.7214241027832,39.88535690307617,40.03289794921875,58000,0.0,0.0
2018-03-13 00:00:00+08:00,39.98371887207031,40.7214241027832,39.98371887207031,40.475521087646484,84247,0.0,0.0
2018-03-14 00:00:00+08:00,40.42634201049805,40.42634201049805,39.737815856933594,39.98371887207031,76249,0.0,0.0
2018-03-15 00:00:00+08:00,39.83617401123047,40.08207702636719,39.63945388793945,39.83617401123047,97736,0.0,0.0
2018-03-16 00:00:00+08:00,39.63945388793945,39.737815856933594,39.295188903808594,39.54109191894531,138361,0.0,0.0
2018-03-19 00:00:00+08:00,39.54109191894531,39.63945388793945,38.85256576538086,38.950927734375,63100,0.0,0.0
2018-03-20 00:00:00+08:00,39.78699493408203,39.78699493408203,38.80338668823242,38.950927734375,74632,0.0,0.0
2018-03-21 00:00:00+08:00,39.3443717956543,39.3443717956543,38.45912170410156,38.45912170410156,85606,0.0,0.0
2018-03-22 00:00:00+08:00,39.147647857666016,39.147647857666016,38.26240158081055,38.26240158081055,93536,0.0,0.0
2018-03-23 00:00:00+08:00,37.47551345825195,38.26240158081055,37.47551345825195,38.26240158081055,83525,0.0,0.0
2018-03-26 00:00:00+08:00,38.26240158081055,38.26240158081055,37.37715148925781,38.164039611816406,68650,0.0,0.0
2018-03-27 00:00:00+08:00,38.164039611816406,38.36075973510742,37.573875427246094,37.77059555053711,60063,0.0,0.0
2018-03-28 00:00:00+08:00,37.77059555053711,38.36075973510742,37.327972412109375,37.37715148925781,121999,0.0,0.0
2018-03-29 00:00:00+08:00,37.62305450439453,38.70502471923828,37.62305450439453,38.36075973510742,104717,0.0,0.0
2018-03-30 00:00:00+08:00,38.85256576538086,38.85256576538086,37.62305450439453,38.36075973510742,46911,0.0,0.0
2018-04-02 00:00:00+08:00,37.573875427246094,37.67223358154297,37.1804313659668,37.67223358154297,108837,0.0,0.0
2018-04-03 00:00:00+08:00,37.37715148925781,37.37715148925781,36.885345458984375,37.082069396972656,96787,0.0,0.0
2018-04-09 00:00:00+08:00,36.983707427978516,38.950927734375,36.93452835083008,38.85256576538086,164438,0.0,0.0
2018-04-10 00:00:00+08:00,38.85256576538086,38.85256576538086,38.36075973510742,38.409942626953125,73214,0.0,0.0
2018-04-11 00:00:00+08:00,37.573875427246094,38.508304595947266,37.573875427246094,38.164039611816406,42700,0.0,0.0
2018-04-12 00:00:00+08:00,37.91813659667969,38.36075973510742,37.91813659667969,38.11486053466797,39663,0.0,0.0
2018-04-13 00:00:00+08:00,38.164039611816406,38.213218688964844,37.86895751953125,37.86895751953125,58307,0.0,0.0
2018-04-16 00:00:00+08:00,37.86895751953125,37.86895751953125,37.37715148925781,37.62305450439453,50855,0.0,0.0
2018-04-17 00:00:00+08:00,38.164039611816406,38.164039611816406,37.52469253540039,37.62305450439453,33573,0.0,0.0
2018-04-18 00:00:00+08:00,37.47551345825195,37.62305450439453,37.47551345825195,37.573875427246094,41686,0.0,0.0
2018-04-19 00:00:00+08:00,37.67223358154297,37.67223358154297,37.37715148925781,37.37715148925781,30519,0.0,0.0
2018-04-20 00:00:00+08:00,37.37715148925781,37.37715148925781,36.7869873046875,36.885345458984375,87839,0.0,0.0
2018-04-23 00:00:00+08:00,36.885345458984375,36.885345458984375,36.63944625854492,36.63944625854492,41734,0.0,0.0
2018-04-24 00:00:00+08:00,36.63944625854492,36.63944625854492,35.40993118286133,35.75419616699219,72189,0.0,0.0
2018-04-25 00:00:00+08:00,33.737796783447266,35.50829315185547,33.737796783447266,35.0164909362793,59119,0.0,0.0
2018-04-26 00:00:00+08:00,35.0164909362793,35.0164909362793,33.44271469116211,33.737796783447266,169782,0.0,0.0
2018-04-27 00:00:00+08:00,33.78697967529297,34.42632293701172,33.737796783447266,33.93452072143555,89974,0.0,0.0
2018-04-30 00:00:00+08:00,33.93452072143555,35.164031982421875,33.93452072143555,35.11485290527344,33549,0.0,0.0
2018-05-02 00:00:00+08:00,34.918128967285156,35.0164909362793,34.42632293701172,34.819766998291016,31012,0.0,0.0
2018-05-03 00:00:00+08:00,35.164031982421875,35.164031982421875,34.77058792114258,34.918128967285156,15249,0.0,0.0
2018-05-04 00:00:00+08:00,35.40993118286133,35.40993118286133,34.47550582885742,34.623046875,27449,0.0,0.0
2018-05-07 00:00:00+08:00,34.47550582885742,34.52468490600586,33.836158752441406,34.327964782714844,30499,0.0,0.0
2018-05-08 00:00:00+08:00,33.983699798583984,34.57386779785156,33.983699798583984,34.27878189086914,39652,0.0,0.0
2018-05-09 00:00:00+08:00,34.27878189086914,34.918128967285156,34.2296028137207,34.42632293701172,53883,0.0,0.0
2018-05-10 00:00:00+08:00,34.918128967285156,35.11485290527344,34.67222595214844,34.918128967285156,69151,0.0,0.0
2018-05-11 00:00:00+08:00,34.77058792114258,35.40993118286133,34.77058792114258,34.77058792114258,41687,0.0,0.0
2018-05-14 00:00:00+08:00,37.03289031982422,38.213218688964844,36.885345458984375,38.213218688964844,172832,0.0,0.0
2018-05-15 00:00:00+08:00,41.80339431762695,41.80339431762695,39.393550872802734,40.03289794921875,662346,0.0,0.0
2018-05-16 00:00:00+08:00,40.2787971496582,40.7214241027832,38.950927734375,39.295188903808594,179644,0.0,0.0
2018-05-17 00:00:00+08:00,39.3443717956543,39.491912841796875,38.80338668823242,38.9017448425293,95058,0.0,0.0
2018-05-18 00:00:00+08:00,38.9017448425293,39.393550872802734,38.9017448425293,39.147647857666016,67609,0.0,0.0
2018-05-21 00:00:00+08:00,39.590274810791016,40.91814422607422,39.590274810791016,40.131256103515625,163890,0.0,0.0
2018-05-22 00:00:00+08:00,39.83617401123047,39.83617401123047,39.147647857666016,39.44272994995117,68320,0.0,0.0
2018-05-23 00:00:00+08:00,39.3443717956543,39.78699493408203,39.147647857666016,39.3443717956543,62019,0.0,0.0
2018-05-24 00:00:00+08:00,39.44272994995117,39.88535690307617,39.44272994995117,39.54109191894531,83366,0.0,0.0
2018-05-25 00:00:00+08:00,40.327980041503906,40.327980041503906,39.54109191894531,39.737815856933594,57316,0.0,0.0
2018-05-28 00:00:00+08:00,39.78699493408203,40.327980041503906,39.737815856933594,40.03289794921875,90513,0.0,0.0
2018-05-29 00:00:00+08:00,39.93453598022461,40.229618072509766,39.93453598022461,40.131256103515625,66094,0.0,0.0
2018-05-30 00:00:00+08:00,40.08207702636719,40.327980041503906,39.737815856933594,39.737815856933594,96583,0.0,0.0
2018-05-31 00:00:00+08:00,40.327980041503906,40.327980041503906,39.737815856933594,39.737815856933594,53273,0.0,0.0
2018-06-01 00:00:00+08:00,39.63945388793945,40.131256103515625,39.63945388793945,39.93453598022461,47783,0.0,0.0
2018-06-04 00:00:00+08:00,40.229618072509766,40.327980041503906,39.590274810791016,39.98371887207031,75429,0.0,0.0
2018-06-05 00:00:00+08:00,39.63945388793945,40.131256103515625,39.44272994995117,39.44272994995117,110826,0.0,0.0
2018-06-06 00:00:00+08:00,39.54109191894531,39.93453598022461,39.246009826660156,39.491912841796875,102683,0.0,0.0
2018-06-07 00:00:00+08:00,39.590274810791016,39.590274810791016,39.147647857666016,39.147647857666016,45755,0.0,0.0
2018-06-08 00:00:00+08:00,39.147647857666016,39.147647857666016,38.409942626953125,38.5574836730957,45750,0.0,0.0
2018-06-11 00:00:00+08:00,38.5574836730957,40.327980041503906,38.5574836730957,39.737815856933594,41683,0.0,0.0
2018-06-12 00:00:00+08:00,39.44272994995117,39.54109191894531,39.04928970336914,39.246009826660156,100653,0.0,0.0
2018-06-13 00:00:00+08:00,39.54109191894531,40.03289794921875,39.147647857666016,39.246009826660156,40667,0.0,0.0
2018-06-14 00:00:00+08:00,39.54109191894531,39.54109191894531,38.9017448425293,39.00010681152344,56027,0.0,0.0
2018-06-15 00:00:00+08:00,38.9017448425293,39.19683074951172,38.5574836730957,38.655845642089844,73199,0.0,0.0
2018-06-19 00:00:00+08:00,39.19683074951172,39.19683074951172,38.409942626953125,38.45912170410156,16275,0.0,0.0
2018-06-20 00:00:00+08:00,38.950927734375,38.950927734375,37.72141647338867,37.86895751953125,62529,0.0,0.0
2018-06-21 00:00:00+08:00,37.91813659667969,38.655845642089844,37.86895751953125,37.86895751953125,27449,0.0,0.0
2018-06-22 00:00:00+08:00,37.86895751953125,38.45912170410156,37.52469253540039,37.67223358154297,44734,0.0,0.0
2018-06-25 00:00:00+08:00,37.96731948852539,38.36075973510742,37.91813659667969,38.065677642822266,40159,0.0,0.0
2018-06-26 00:00:00+08:00,38.065677642822266,38.26240158081055,37.1804313659668,37.72141647338867,139283,0.0,0.0
2018-06-27 00:00:00+08:00,38.065677642822266,38.065677642822266,37.62305450439453,37.67223358154297,34567,0.0,0.0
2018-06-28 00:00:00+08:00,37.327972412109375,37.37715148925781,36.7378044128418,37.37715148925781,111324,0.0,0.0
2018-06-29 00:00:00+08:00,37.573875427246094,37.86895751953125,37.573875427246094,37.67223358154297,20333,0.0,0.0
2018-07-02 00:00:00+08:00,37.77059555053711,38.45912170410156,37.27878952026367,37.86895751953125,71674,0.0,0.0
2018-07-03 00:00:00+08:00,37.52469253540039,38.655845642089844,37.52469253540039,37.72141647338867,30601,0.0,0.0
2018-07-04 00:00:00+08:00,37.72141647338867,38.5574836730957,37.72141647338867,38.36075973510742,84079,0.0,0.0
2018-07-05 00:00:00+08:00,42.09847640991211,42.14765548706055,39.09846878051758,39.63945388793945,209586,0.0,0.0
2018-07-06 00:00:00+08:00,39.44272994995117,39.44272994995117,38.508304595947266,38.75420379638672,75234,0.0,0.0
2018-07-09 00:00:00+08:00,39.44272994995117,39.44272994995117,37.96731948852539,38.75420379638672,57949,0.0,0.0
2018-07-10 00:00:00+08:00,38.45912170410156,38.85256576538086,38.36075973510742,38.45912170410156,49816,0.0,0.0
2018-07-11 00:00:00+08:00,38.5574836730957,38.950927734375,38.311580657958984,38.36075973510742,65067,0.0,0.0
2018-07-12 00:00:00+08:00,38.409942626953125,38.409942626953125,38.11486053466797,38.36075973510742,31516,0.0,0.0
2018-07-13 00:00:00+08:00,39.19683074951172,39.19683074951172,38.409942626953125,38.5574836730957,33653,0.0,0.0
2018-07-16 00:00:00+08:00,38.5574836730957,38.70502471923828,37.67223358154297,38.45912170410156,64052,0.0,0.0
2018-07-17 00:00:00+08:00,38.70502471923828,38.85256576538086,38.11486053466797,38.26240158081055,44734,0.0,0.0
2018-07-18 00:00:00+08:00,38.26240158081055,39.04928970336914,38.26240158081055,38.311580657958984,44734,0.0,0.0
2018-07-19 00:00:00+08:00,38.85256576538086,38.85256576538086,38.36075973510742,38.45912170410156,60999,0.0,0.0
2018-07-20 00:00:00+08:00,39.04928970336914,39.04928970336914,38.213218688964844,38.213218688964844,52866,0.0,0.0
2018-07-23 00:00:00+08:00,38.213218688964844,38.36075973510742,38.164039611816406,38.213218688964844,82351,0.0,0.0
2018-07-24 00:00:00+08:00,38.26240158081055,38.36075973510742,37.37715148925781,37.62305450439453,86418,0.0,0.0
2018-07-25 00:00:00+08:00,38.508304595947266,38.508304595947266,37.67223358154297,37.67223358154297,38328,0.0,0.0
2018-07-26 00:00:00+08:00,37.86895751953125,38.01649856567383,37.42633056640625,37.42633056640625,59474,0.0,0.0
2018-07-27 00:00:00+08:00,37.86895751953125,38.36075973510742,37.86895751953125,38.164039611816406,43826,0.0,0.0
2018-07-30 00:00:00+08:00,38.164039611816406,39.04928970336914,38.164039611816406,38.70502471923828,87433,0.0,0.0
2018-07-31 00:00:00+08:00,38.75420379638672,39.83617401123047,38.75420379638672,39.3443717956543,171307,0.0,0.0
2018-08-01 00:00:00+08:00,39.491912841796875,40.08207702636719,39.44272994995117,39.68863296508789,126574,0.0,0.0
2018-08-02 00:00:00+08:00,40.131256103515625,40.77060317993164,39.78699493408203,40.327980041503906,240951,0.0,0.0
2018-08-03 00:00:00+08:00,40.91814422607422,41.80339431762695,40.81978225708008,41.60667037963867,348002,0.0,0.0
2018-08-06 00:00:00+08:00,42.14765548706055,42.8853645324707,40.77060317993164,41.0656852722168,293377,0.0,0.0
2018-08-07 00:00:00+08:00,41.0656852722168,41.60667037963867,40.327980041503906,40.52470016479492,105895,0.0,0.0
2018-08-08 00:00:00+08:00,41.1148681640625,41.459129333496094,40.42634201049805,41.16404724121094,131200,0.0,0.0
2018-08-09 00:00:00+08:00,41.26240921020508,41.901756286621094,40.96732711791992,41.311588287353516,149957,0.0,0.0
2018-08-10 00:00:00+08:00,41.60667037963867,42.836181640625,41.409950256347656,42.04929733276367,427584,0.0,0.0
2018-08-13 00:00:00+08:00,42.737823486328125,44.26241683959961,42.68864059448242,43.27880859375,674152,0.0,0.0
2018-08-14 00:00:00+08:00,43.475528717041016,43.819793701171875,42.44274139404297,42.78700256347656,197578,0.0,0.0
2018-08-15 00:00:00+08:00,42.8853645324707,43.03290557861328,41.1148681640625,41.311588287353516,206723,0.0,0.0
2018-08-16 00:00:00+08:00,42.04929733276367,42.04929733276367,41.01650619506836,41.80339431762695,157633,0.0,0.0
2018-08-17 00:00:00+08:00,41.311588287353516,42.295196533203125,41.26240921020508,41.26240921020508,85440,0.0,0.0
2018-08-20 00:00:00+08:00,41.26240921020508,41.26240921020508,39.54109191894531,40.7214241027832,148433,0.0,0.0
2018-08-21 00:00:00+08:00,40.52470016479492,40.62306213378906,39.54109191894531,40.229618072509766,124032,0.0,0.0
2018-08-22 00:00:00+08:00,40.03289794921875,40.81978225708008,40.03289794921875,40.573883056640625,74216,0.0,0.0
2018-08-23 00:00:00+08:00,40.7214241027832,40.7214241027832,40.18043899536133,40.6722412109375,34567,0.0,0.0
2018-08-24 00:00:00+08:00,40.6722412109375,40.6722412109375,39.491912841796875,40.475521087646484,73199,0.0,0.0
2018-08-27 00:00:00+08:00,40.42634201049805,40.52470016479492,39.98371887207031,40.131256103515625,49818,0.0,0.0
2018-08-28 00:00:00+08:00,40.131256103515625,41.311588287353516,39.98371887207031,41.213226318359375,93028,0.0,0.0
2018-08-29 00:00:00+08:00,41.16404724121094,41.557491302490234,41.0656852722168,41.0656852722168,104722,0.0,0.0
2018-08-30 00:00:00+08:00,40.86896514892578,41.1148681640625,40.573883056640625,40.573883056640625,77272,0.0,0.0
2018-08-31 00:00:00+08:00,40.573883056640625,41.655853271484375,40.475521087646484,41.557491302490234,163706,0.0,0.0
2018-09-03 00:00:00+08:00,41.557491302490234,41.655853271484375,40.77060317993164,41.0656852722168,55947,0.0,0.0
2018-09-04 00:00:00+08:00,41.0656852722168,41.557491302490234,40.81978225708008,41.557491302490234,41683,0.0,0.0
2018-09-05 00:00:00+08:00,41.213226318359375,41.26240921020508,40.86896514892578,40.86896514892578,23388,0.0,0.0
2018-09-06 00:00:00+08:00,40.475521087646484,40.475521087646484,39.19683074951172,39.737815856933594,156596,0.0,0.0
2018-09-07 00:00:00+08:00,38.950927734375,39.09846878051758,37.52469253540039,38.5574836730957,189658,0.0,0.0
2018-09-10 00:00:00+08:00,39.147647857666016,39.147647857666016,37.573875427246094,37.573875427246094,92518,0.0,0.0
2018-09-11 00:00:00+08:00,37.27878952026367,37.27878952026367,36.3935432434082,36.68862533569336,119254,0.0,0.0
2018-09-12 00:00:00+08:00,36.68862533569336,37.082069396972656,36.59026336669922,36.885345458984375,45750,0.0,0.0
2018-09-13 00:00:00+08:00,37.37715148925781,37.573875427246094,36.93452835083008,37.082069396972656,32563,0.0,0.0
2018-09-14 00:00:00+08:00,37.1804313659668,37.573875427246094,37.03289031982422,37.42633056640625,111885,0.0,0.0
2018-09-17 00:00:00+08:00,37.62305450439453,38.164039611816406,37.62305450439453,37.86895751953125,61520,0.0,0.0
2018-09-18 00:00:00+08:00,38.065677642822266,38.60666275024414,38.065677642822266,38.26240158081055,61923,0.0,0.0
2018-09-19 00:00:00+08:00,38.85256576538086,39.04928970336914,38.409942626953125,38.45912170410156,67104,0.0,0.0
2018-09-20 00:00:00+08:00,38.9017448425293,38.9017448425293,38.26240158081055,38.26240158081055,61508,0.0,0.0
2018-09-21 00:00:00+08:00,38.36075973510742,38.409942626953125,38.164039611816406,38.26240158081055,21350,0.0,0.0
2018-09-25 00:00:00+08:00,38.45912170410156,38.950927734375,38.45912170410156,38.85256576538086,30501,0.0,0.0
2018-09-26 00:00:00+08:00,39.295188903808594,39.295188903808594,38.75420379638672,38.75420379638672,22398,0.0,0.0
2018-09-27 00:00:00+08:00,38.75420379638672,38.75420379638672,38.164039611816406,38.164039611816406,27449,0.0,0.0
2018-09-28 00:00:00+08:00,39.19683074951172,39.19683074951172,38.164039611816406,38.36075973510742,34566,0.0,0.0
2018-10-01 00:00:00+08:00,38.75420379638672,38.75420379638672,38.26240158081055,38.26240158081055,18653,0.0,0.0
2018-10-02 00:00:00+08:00,38.26240158081055,38.26240158081055,37.86895751953125,38.26240158081055,36599,0.0,0.0
2018-10-03 00:00:00+08:00,38.26240158081055,38.26240158081055,37.86895751953125,37.86895751953125,38636,0.0,0.0
2018-10-04 00:00:00+08:00,37.96731948852539,37.96731948852539,37.47551345825195,37.52469253540039,27561,0.0,0.0
2018-10-05 00:00:00+08:00,36.68862533569336,37.72141647338867,36.68862533569336,37.1804313659668,62017,0.0,0.0
2018-10-08 00:00:00+08:00,36.983707427978516,36.983707427978516,36.885345458984375,36.93452835083008,27459,0.0,0.0
2018-10-09 00:00:00+08:00,36.885345458984375,37.327972412109375,36.885345458984375,36.885345458984375,25417,0.0,0.0
2018-10-11 00:00:00+08:00,33.59025573730469,35.164031982421875,33.19681167602539,33.737796783447266,179950,0.0,0.0
2018-10-12 00:00:00+08:00,34.082061767578125,34.27878189086914,33.78697967529297,33.93452072143555,83874,0.0,0.0
2018-10-15 00:00:00+08:00,34.52468490600586,35.40993118286133,33.54107666015625,33.737796783447266,22368,0.0,0.0
2018-10-16 00:00:00+08:00,33.54107666015625,35.065670013427734,33.54107666015625,33.737796783447266,48291,0.0,0.0
2018-10-17 00:00:00+08:00,33.737796783447266,34.42632293701172,33.737796783447266,34.327964782714844,37205,0.0,0.0
2018-10-18 00:00:00+08:00,34.42632293701172,34.918128967285156,34.327964782714844,34.42632293701172,72691,0.0,0.0
2018-10-19 00:00:00+08:00,34.42632293701172,34.57386779785156,34.082061767578125,34.57386779785156,69143,0.0,0.0
2018-10-22 00:00:00+08:00,34.77058792114258,36.3935432434082,34.77058792114258,36.3935432434082,114684,0.0,0.0
2018-10-23 00:00:00+08:00,37.1804313659668,37.37715148925781,36.491905212402344,36.7869873046875,116917,0.0,0.0
2018-10-24 00:00:00+08:00,37.37715148925781,37.37715148925781,36.44272232055664,36.885345458984375,71167,0.0,0.0
2018-10-25 00:00:00+08:00,37.082069396972656,37.082069396972656,34.57386779785156,34.918128967285156,73708,0.0,0.0
2018-10-26 00:00:00+08:00,35.40993118286133,35.803375244140625,35.11485290527344,35.11485290527344,120475,0.0,0.0
2018-10-29 00:00:00+08:00,36.983707427978516,36.983707427978516,35.85255813598633,36.000099182128906,86924,0.0,0.0
2018-10-30 00:00:00+08:00,36.049278259277344,36.049278259277344,35.50829315185547,35.50829315185547,42700,0.0,0.0
2018-10-31 00:00:00+08:00,35.901737213134766,35.901737213134766,34.918128967285156,35.164031982421875,65168,0.0,0.0
2018-11-01 00:00:00+08:00,35.0164909362793,35.40993118286133,34.967308044433594,35.40993118286133,35982,0.0,0.0
2018-11-02 00:00:00+08:00,35.40993118286133,35.40993118286133,34.623046875,34.819766998291016,63035,0.0,0.0
2018-11-05 00:00:00+08:00,35.45911407470703,35.45911407470703,34.819766998291016,34.819766998291016,18301,0.0,0.0
2018-11-06 00:00:00+08:00,35.31157302856445,35.31157302856445,34.77058792114258,35.164031982421875,22402,0.0,0.0
2018-11-07 00:00:00+08:00,35.164031982421875,35.75419616699219,35.0164909362793,35.70501708984375,31519,0.0,0.0
2018-11-08 00:00:00+08:00,36.246002197265625,36.29518127441406,35.21321105957031,35.901737213134766,97603,0.0,0.0
2018-11-09 00:00:00+08:00,35.901737213134766,36.7869873046875,35.70501708984375,36.000099182128906,41686,0.0,0.0
2018-11-12 00:00:00+08:00,36.19681930541992,36.491905212402344,35.901737213134766,36.3935432434082,61000,0.0,0.0
2018-11-13 00:00:00+08:00,36.19681930541992,38.26240158081055,36.147640228271484,37.96731948852539,131546,0.0,0.0
2018-11-14 00:00:00+08:00,38.45912170410156,41.75421142578125,37.573875427246094,39.63945388793945,447602,0.0,0.0
2018-11-15 00:00:00+08:00,38.950927734375,40.62306213378906,38.950927734375,40.08207702636719,244007,0.0,0.0
2018-11-16 00:00:00+08:00,39.590274810791016,40.08207702636719,39.54109191894531,39.98371887207031,112850,0.0,0.0
2018-11-19 00:00:00+08:00,39.98371887207031,39.98371887207031,39.44272994995117,39.491912841796875,79100,0.0,0.0
2018-11-20 00:00:00+08:00,39.491912841796875,40.327980041503906,39.44272994995117,40.327980041503906,153730,0.0,0.0
2018-11-21 00:00:00+08:00,40.229618072509766,40.2787971496582,39.78699493408203,39.83617401123047,101767,0.0,0.0
2018-11-22 00:00:00+08:00,39.93453598022461,40.18043899536133,39.54109191894531,39.590274810791016,108783,0.0,0.0
2018-11-23 00:00:00+08:00,39.590274810791016,40.03289794921875,39.54109191894531,39.737815856933594,58966,0.0,0.0
2018-11-26 00:00:00+08:00,39.737815856933594,40.229618072509766,39.68863296508789,39.83617401123047,45759,0.0,0.0
2018-11-27 00:00:00+08:00,39.83617401123047,40.7214241027832,39.83617401123047,40.327980041503906,177204,0.0,0.0
2018-11-28 00:00:00+08:00,40.81978225708008,44.26241683959961,40.81978225708008,44.065696716308594,766877,0.0,0.0
2018-11-29 00:00:00+08:00,44.26241683959961,48.0001335144043,44.26241683959961,46.868980407714844,1056724,0.0,0.0
2018-11-30 00:00:00+08:00,48.0001335144043,48.83620071411133,46.819801330566406,48.19685363769531,991858,0.0,0.0
2018-12-03 00:00:00+08:00,50.1640739440918,51.63948440551758,49.86899185180664,50.950958251953125,1257779,0.0,0.0
2018-12-04 00:00:00+08:00,51.44276428222656,51.44276428222656,49.27882385253906,50.1640739440918,465521,0.0,0.0
2018-12-05 00:00:00+08:00,50.26243209838867,55.08211898803711,49.475547790527344,53.114898681640625,1967901,0.0,0.0
2018-12-06 00:00:00+08:00,52.131290435791016,53.114898681640625,47.85259246826172,53.114898681640625,1983026,0.0,0.0
2018-12-07 00:00:00+08:00,53.01654052734375,55.57392501831055,51.63948440551758,55.08211898803711,1426006,0.0,0.0
2018-12-10 00:00:00+08:00,54.885398864746094,59.01655578613281,53.60670471191406,58.721473693847656,2292870,0.0,0.0
2018-12-11 00:00:00+08:00,58.623111724853516,59.01655578613281,56.557533264160156,58.0329475402832,1288336,0.0,0.0
2018-12-12 00:00:00+08:00,58.0329475402832,61.47557830810547,56.75425338745117,60.9837760925293,1498404,0.0,0.0
2018-12-13 00:00:00+08:00,60.09852600097656,61.967384338378906,59.50836181640625,60.09852600097656,1205989,0.0,0.0
2018-12-14 00:00:00+08:00,60.39360809326172,61.47557830810547,57.04933547973633,57.04933547973633,1098012,0.0,0.0
2018-12-17 00:00:00+08:00,56.06572723388672,58.4263916015625,55.57392501831055,57.639503479003906,810891,0.0,0.0
2018-12-18 00:00:00+08:00,57.04933547973633,60.49197006225586,57.04933547973633,59.803443908691406,1048874,0.0,0.0
2018-12-19 00:00:00+08:00,59.803443908691406,60.09852600097656,58.22966766357422,58.32802963256836,578532,0.0,0.0
2018-12-20 00:00:00+08:00,57.93458557128906,59.60672378540039,56.06572723388672,57.442779541015625,828568,0.0,0.0
2018-12-21 00:00:00+08:00,58.0329475402832,58.524749755859375,56.557533264160156,58.0329475402832,543777,0.0,0.0
2018-12-24 00:00:00+08:00,58.91819381713867,59.705081939697266,57.541141510009766,59.705081939697266,530505,0.0,0.0
2018-12-25 00:00:00+08:00,58.91819381713867,64.03296661376953,58.623111724853516,63.049354553222656,1910266,0.0,0.0
2018-12-26 00:00:00+08:00,63.934600830078125,63.934600830078125,59.213279724121094,59.213279724121094,1637842,0.0,0.0
2018-12-27 00:00:00+08:00,60.09852600097656,61.37721633911133,59.705081939697266,60.1968879699707,734539,0.0,0.0
2018-12-28 00:00:00+08:00,60.39360809326172,62.950992584228516,59.803443908691406,62.06574630737305,936899,0.0,0.0
2019-01-02 00:00:00+08:00,63.44279861450195,67.8690414428711,62.45918655395508,67.57395935058594,1801951,0.0,0.0
2019-01-03 00:00:00+08:00,67.47559356689453,68.65592956542969,65.11493682861328,68.65592956542969,1506471,0.0,0.0
2019-01-04 00:00:00+08:00,67.0821533203125,68.75428771972656,64.918212890625,67.67231750488281,1503583,0.0,0.0
2019-01-07 00:00:00+08:00,68.65592956542969,68.65592956542969,66.09854125976562,67.67231750488281,779071,0.0,0.0
2019-01-08 00:00:00+08:00,67.8690414428711,67.8690414428711,65.21329498291016,65.41001892089844,1037035,0.0,0.0
2019-01-09 00:00:00+08:00,65.7051010131836,70.42642211914062,65.7051010131836,68.36084747314453,1731126,0.0,0.0
2019-01-10 00:00:00+08:00,68.85264587402344,69.63953399658203,67.18051147460938,68.55756378173828,1157514,0.0,0.0
2019-01-11 00:00:00+08:00,71.80347442626953,74.75430297851562,68.95101165771484,69.44281768798828,3677396,0.0,0.0
2019-01-14 00:00:00+08:00,67.8690414428711,67.96739959716797,65.50837707519531,66.09854125976562,1457706,0.0,0.0
2019-01-15 00:00:00+08:00,66.19690704345703,67.0821533203125,63.934600830078125,66.78707122802734,1063532,0.0,0.0
2019-01-16 00:00:00+08:00,66.68870544433594,67.0821533203125,65.41001892089844,65.41001892089844,604503,0.0,0.0
2019-01-17 00:00:00+08:00,65.41001892089844,67.18051147460938,63.934600830078125,65.50837707519531,923731,0.0,0.0
2019-01-18 00:00:00+08:00,66.09854125976562,66.9837875366211,64.62313079833984,64.918212890625,739134,0.0,0.0
2019-01-21 00:00:00+08:00,64.72148895263672,64.72148895263672,59.705081939697266,60.09852600097656,1782463,0.0,0.0
2019-01-22 00:00:00+08:00,59.50836181640625,62.06574630737305,57.14769744873047,59.90180587768555,974301,0.0,0.0
2019-01-23 00:00:00+08:00,59.60672378540039,60.39360809326172,58.721473693847656,60.00016403198242,728893,0.0,0.0
2019-01-24 00:00:00+08:00,60.49197006225586,62.7542724609375,59.803443908691406,62.55754852294922,595080,0.0,0.0
2019-01-25 00:00:00+08:00,62.950992584228516,63.1477165222168,61.57394027709961,61.770660400390625,523886,0.0,0.0
2019-01-28 00:00:00+08:00,61.967384338378906,62.45918655395508,60.1968879699707,60.787052154541016,380328,0.0,0.0
2019-01-29 00:00:00+08:00,60.885414123535156,62.65591049194336,60.787052154541016,61.08213424682617,381360,0.0,0.0
2019-01-30 00:00:00+08:00,61.869022369384766,62.45918655395508,60.59033203125,60.59033203125,504572,0.0,0.0
2019-02-11 00:00:00+08:00,60.885414123535156,61.869022369384766,58.524749755859375,60.787052154541016,779247,0.0,0.0
2019-02-12 00:00:00+08:00,60.49197006225586,60.787052154541016,59.31163787841797,60.00016403198242,827068,0.0,0.0
2019-02-13 00:00:00+08:00,61.47557830810547,65.90181732177734,60.29524612426758,65.90181732177734,1803150,0.0,0.0
2019-02-14 00:00:00+08:00,65.90181732177734,66.2952651977539,64.1313247680664,65.90181732177734,1091701,0.0,0.0
2019-02-15 00:00:00+08:00,66.59034729003906,66.59034729003906,64.03296661376953,64.62313079833984,722144,0.0,0.0
2019-02-18 00:00:00+08:00,65.21329498291016,66.59034729003906,63.44279861450195,63.934600830078125,1300516,0.0,0.0
2019-02-19 00:00:00+08:00,64.52476501464844,65.60673522949219,64.03296661376953,64.72148895263672,535985,0.0,0.0
2019-02-20 00:00:00+08:00,65.21329498291016,65.31165313720703,63.934600830078125,63.934600830078125,515626,0.0,0.0
2019-02-21 00:00:00+08:00,64.918212890625,64.918212890625,63.049354553222656,63.24607467651367,347131,0.0,0.0
2019-02-22 00:00:00+08:00,62.45918655395508,63.24607467651367,60.9837760925293,61.18049621582031,715973,0.0,0.0
2019-02-25 00:00:00+08:00,61.27885818481445,62.55754852294922,61.18049621582031,62.06574630737305,485475,0.0,0.0
2019-02-26 00:00:00+08:00,62.06574630737305,66.9837875366211,62.06574630737305,66.88542938232422,2523808,0.0,0.0
2019-02-27 00:00:00+08:00,66.78707122802734,66.78707122802734,65.01657104492188,66.19690704345703,1068819,0.0,0.0
2019-03-04 00:00:00+08:00,66.19690704345703,66.19690704345703,64.03296661376953,64.22968292236328,928748,0.0,0.0
2019-03-05 00:00:00+08:00,63.934600830078125,64.72148895263672,62.3608283996582,62.3608283996582,799606,0.0,0.0
2019-03-06 00:00:00+08:00,61.869022369384766,63.049354553222656,61.67230224609375,62.26246643066406,386477,0.0,0.0
2019-03-07 00:00:00+08:00,62.852630615234375,62.852630615234375,59.50836181640625,59.50836181640625,1008579,0.0,0.0
2019-03-08 00:00:00+08:00,59.50836181640625,61.57394027709961,58.524749755859375,61.37721633911133,683223,0.0,0.0
2019-03-11 00:00:00+08:00,62.45918655395508,63.1477165222168,61.18049621582031,62.3608283996582,694591,0.0,0.0
2019-03-12 00:00:00+08:00,62.65591049194336,62.65591049194336,61.27885818481445,61.27885818481445,601026,0.0,0.0
2019-03-13 00:00:00+08:00,60.00016403198242,61.27885818481445,60.00016403198242,60.39360809326172,448491,0.0,0.0
2019-03-14 00:00:00+08:00,60.00016403198242,60.9837760925293,60.00016403198242,60.09852600097656,319266,0.0,0.0
2019-03-15 00:00:00+08:00,60.00016403198242,60.49197006225586,59.50836181640625,59.803443908691406,305018,0.0,0.0
2019-03-18 00:00:00+08:00,59.803443908691406,59.90180587768555,58.623111724853516,59.01655578613281,547810,0.0,0.0
2019-03-19 00:00:00+08:00,58.91819381713867,61.08213424682617,58.623111724853516,60.00016403198242,466874,0.0,0.0
2019-03-20 00:00:00+08:00,60.00016403198242,61.770660400390625,60.00016403198242,60.885414123535156,356013,0.0,0.0
2019-03-21 00:00:00+08:00,61.47557830810547,61.47557830810547,60.49197006225586,60.49197006225586,201096,0.0,0.0
2019-03-22 00:00:00+08:00,60.59033203125,60.885414123535156,60.00016403198242,60.39360809326172,334796,0.0,0.0
2019-03-25 00:00:00+08:00,60.00016403198242,61.770660400390625,60.00016403198242,61.67230224609375,392734,0.0,0.0
2019-03-26 00:00:00+08:00,61.47557830810547,61.67230224609375,60.688690185546875,61.18049621582031,363050,0.0,0.0
2019-03-27 00:00:00+08:00,61.47557830810547,64.918212890625,61.47557830810547,64.42640686035156,1769131,0.0,0.0
2019-03-28 00:00:00+08:00,64.81985473632812,65.01657104492188,62.852630615234375,63.83624267578125,941389,0.0,0.0
2019-03-29 00:00:00+08:00,64.72148895263672,65.50837707519531,63.24607467651367,64.81985473632812,833156,0.0,0.0
2019-04-01 00:00:00+08:00,65.01657104492188,65.41001892089844,63.73788070678711,63.934600830078125,638363,0.0,0.0
2019-04-02 00:00:00+08:00,64.32804870605469,70.32806396484375,64.03296661376953,69.63953399658203,3842012,0.0,0.0
2019-04-03 00:00:00+08:00,69.54117584228516,69.54117584228516,66.39362335205078,67.67231750488281,1705059,0.0,0.0
2019-04-08 00:00:00+08:00,67.8690414428711,68.06575775146484,65.80345916748047,67.8690414428711,1312819,0.0,0.0
2019-04-09 00:00:00+08:00,68.36084747314453,70.42642211914062,68.36084747314453,68.95101165771484,1913899,0.0,0.0
2019-04-10 00:00:00+08:00,69.04936981201172,69.54117584228516,68.26248168945312,68.95101165771484,897727,0.0,0.0
2019-04-11 00:00:00+08:00,68.65592956542969,68.75428771972656,64.918212890625,65.01657104492188,2149639,0.0,0.0
2019-04-12 00:00:00+08:00,65.01657104492188,66.78707122802734,64.42640686035156,64.918212890625,807835,0.0,0.0
2019-04-15 00:00:00+08:00,65.31165313720703,65.31165313720703,63.63951873779297,64.03296661376953,665965,0.0,0.0
2019-04-16 00:00:00+08:00,63.934600830078125,65.01657104492188,63.541160583496094,64.03296661376953,519617,0.0,0.0
2019-04-17 00:00:00+08:00,64.81985473632812,66.19690704345703,64.32804870605469,65.11493682861328,740157,0.0,0.0
2019-04-18 00:00:00+08:00,64.918212890625,64.918212890625,60.39360809326172,60.49197006225586,1688161,0.0,0.0
2019-04-19 00:00:00+08:00,60.9837760925293,62.3608283996582,60.688690185546875,61.770660400390625,790981,0.0,0.0
2019-04-22 00:00:00+08:00,61.57394027709961,62.3608283996582,61.18049621582031,61.37721633911133,368122,0.0,0.0
2019-04-23 00:00:00+08:00,61.47557830810547,61.967384338378906,60.1968879699707,60.787052154541016,557741,0.0,0.0
2019-04-24 00:00:00+08:00,60.9837760925293,61.37721633911133,59.50836181640625,59.50836181640625,568365,0.0,0.0
2019-04-25 00:00:00+08:00,59.63274383544922,59.63274383544922,57.35441589355469,58.047821044921875,1156399,0.0,0.0
2019-04-26 00:00:00+08:00,58.047821044921875,59.236515045166016,56.958187103271484,58.14687728881836,510901,0.0,0.0
2019-04-29 00:00:00+08:00,59.3355712890625,59.3355712890625,57.05724334716797,57.35441589355469,403909,0.0,0.0
2019-04-30 00:00:00+08:00,57.45347595214844,58.047821044921875,57.2553596496582,57.35441589355469,257731,0.0,0.0
2019-05-02 00:00:00+08:00,57.35441589355469,58.444053649902344,57.35441589355469,58.24593734741211,238149,0.0,0.0
2019-05-03 00:00:00+08:00,58.444053649902344,59.92991638183594,58.24593734741211,59.83086013793945,497698,0.0,0.0
2019-05-06 00:00:00+08:00,59.137454986572266,59.137454986572266,57.651588439941406,57.94876480102539,301576,0.0,0.0
2019-05-07 00:00:00+08:00,58.047821044921875,58.74122619628906,57.94876480102539,58.344993591308594,160082,0.0,0.0
2019-05-08 00:00:00+08:00,57.94876480102539,58.444053649902344,57.2553596496582,57.2553596496582,226810,0.0,0.0
2019-05-09 00:00:00+08:00,57.651588439941406,57.84970474243164,53.49116516113281,54.5807991027832,542063,0.0,0.0
2019-05-10 00:00:00+08:00,54.97703170776367,56.661014556884766,54.48174285888672,54.97703170776367,287509,0.0,0.0
2019-05-13 00:00:00+08:00,54.77891540527344,54.77891540527344,49.52885818481445,50.618492126464844,935665,0.0,0.0
2019-05-14 00:00:00+08:00,49.52885818481445,51.510013580322266,49.0335693359375,51.01472473144531,416383,0.0,0.0
2019-05-15 00:00:00+08:00,50.71754837036133,51.510013580322266,50.71754837036133,51.1137809753418,240265,0.0,0.0
2019-05-16 00:00:00+08:00,51.90624237060547,53.293052673339844,51.1137809753418,51.510013580322266,362414,0.0,0.0
2019-05-17 00:00:00+08:00,52.1043586730957,52.1043586730957,50.024147033691406,50.12320327758789,244302,0.0,0.0
2019-05-20 00:00:00+08:00,50.12320327758789,50.321319580078125,49.52885818481445,50.024147033691406,127300,0.0,0.0
2019-05-21 00:00:00+08:00,50.51943588256836,51.31189727783203,50.024147033691406,51.31189727783203,153510,0.0,0.0
2019-05-22 00:00:00+08:00,51.31189727783203,51.31189727783203,50.024147033691406,50.12320327758789,201904,0.0,0.0
2019-05-23 00:00:00+08:00,49.72697448730469,50.22226333618164,49.4297981262207,49.82603073120117,394091,0.0,0.0
2019-05-24 00:00:00+08:00,49.82603073120117,53.986454010009766,49.82603073120117,52.79776382446289,822982,0.0,0.0
2019-05-27 00:00:00+08:00,52.79776382446289,53.68928146362305,51.708126068115234,52.79776382446289,483085,0.0,0.0
2019-05-28 00:00:00+08:00,52.99587631225586,52.99587631225586,52.500587463378906,52.599647521972656,137211,0.0,0.0
2019-05-29 00:00:00+08:00,52.599647521972656,54.1845703125,52.30247497558594,53.39210891723633,490443,0.0,0.0
2019-05-30 00:00:00+08:00,53.49116516113281,53.78833770751953,52.69870376586914,53.49116516113281,239695,0.0,0.0
2019-05-31 00:00:00+08:00,53.49116516113281,53.68928146362305,52.79776382446289,53.68928146362305,187236,0.0,0.0
2019-06-03 00:00:00+08:00,53.39210891723633,53.68928146362305,52.79776382446289,53.68928146362305,147431,0.0,0.0
2019-06-04 00:00:00+08:00,53.59022521972656,53.59022521972656,52.79776382446289,53.09493637084961,121427,0.0,0.0
2019-06-05 00:00:00+08:00,53.09493637084961,55.472320556640625,53.09493637084961,54.1845703125,582994,0.0,0.0
2019-06-06 00:00:00+08:00,54.77891540527344,54.77891540527344,53.09493637084961,53.293052673339844,209197,0.0,0.0
2019-06-10 00:00:00+08:00,53.78833770751953,54.085514068603516,53.39210891723633,54.085514068603516,229840,0.0,0.0
2019-06-11 00:00:00+08:00,53.88739776611328,53.88739776611328,51.708126068115234,52.00530242919922,546161,0.0,0.0
2019-06-12 00:00:00+08:00,52.00530242919922,52.79776382446289,51.60906982421875,51.708126068115234,200346,0.0,0.0
2019-06-13 00:00:00+08:00,51.708126068115234,52.00530242919922,51.01472473144531,51.21283721923828,152029,0.0,0.0
2019-06-14 00:00:00+08:00,51.1137809753418,51.708126068115234,51.1137809753418,51.21283721923828,122818,0.0,0.0
2019-06-17 00:00:00+08:00,51.60906982421875,51.60906982421875,51.01472473144531,51.01472473144531,119124,0.0,0.0
2019-06-18 00:00:00+08:00,51.31189727783203,51.31189727783203,50.81660842895508,50.81660842895508,70407,0.0,0.0
2019-06-19 00:00:00+08:00,51.1137809753418,51.90624237060547,51.01472473144531,51.31189727783203,167026,0.0,0.0
2019-06-20 00:00:00+08:00,51.410953521728516,52.500587463378906,51.410953521728516,52.20341491699219,223954,0.0,0.0
2019-06-21 00:00:00+08:00,52.40153121948242,52.500587463378906,50.51943588256836,50.91566467285156,260297,0.0,0.0
2019-06-24 00:00:00+08:00,50.91566467285156,51.31189727783203,50.81660842895508,51.01472473144531,86212,0.0,0.0
2019-06-25 00:00:00+08:00,51.01472473144531,51.01472473144531,50.42037582397461,50.42037582397461,188712,0.0,0.0
2019-06-26 00:00:00+08:00,50.42037582397461,50.51943588256836,50.12320327758789,50.22226333618164,167630,0.0,0.0
2019-06-27 00:00:00+08:00,50.22226333618164,51.510013580322266,50.22226333618164,51.510013580322266,204508,0.0,0.0
2019-06-28 00:00:00+08:00,51.708126068115234,52.40153121948242,51.510013580322266,51.807186126708984,372712,0.0,0.0
2019-07-01 00:00:00+08:00,52.00530242919922,52.40153121948242,51.60906982421875,51.60906982421875,314271,0.0,0.0
2019-07-02 00:00:00+08:00,51.510013580322266,52.00530242919922,50.71754837036133,51.410953521728516,326911,0.0,0.0
2019-07-03 00:00:00+08:00,51.410953521728516,52.30247497558594,51.21283721923828,52.30247497558594,476489,0.0,0.0
2019-07-04 00:00:00+08:00,52.500587463378906,57.45347595214844,52.500587463378906,55.57137680053711,3778605,0.0,0.0
2019-07-05 00:00:00+08:00,55.57137680053711,56.859130859375,55.57137680053711,56.76007080078125,2247174,0.0,0.0
2019-07-08 00:00:00+08:00,56.06666564941406,56.36383819580078,54.48174285888672,55.27420425415039,1015569,0.0,0.0
2019-07-09 00:00:00+08:00,55.472320556640625,55.769493103027344,54.5807991027832,54.5807991027832,444185,0.0,0.0
2019-07-10 00:00:00+08:00,54.5807991027832,54.87797546386719,53.68928146362305,54.283626556396484,410871,0.0,0.0
2019-07-11 00:00:00+08:00,52.99587631225586,53.59022521972656,52.500587463378906,52.599647521972656,812456,0.0,0.0
2019-07-12 00:00:00+08:00,52.896820068359375,53.49116516113281,52.69870376586914,52.69870376586914,235124,0.0,0.0
2019-07-15 00:00:00+08:00,52.69870376586914,52.79776382446289,51.31189727783203,51.510013580322266,478107,0.0,0.0
2019-07-16 00:00:00+08:00,51.510013580322266,52.1043586730957,51.410953521728516,51.60906982421875,267064,0.0,0.0
2019-07-17 00:00:00+08:00,52.20341491699219,53.78833770751953,51.807186126708984,52.99587631225586,610270,0.0,0.0
2019-07-18 00:00:00+08:00,53.49116516113281,53.68928146362305,52.500587463378906,52.500587463378906,345562,0.0,0.0
2019-07-19 00:00:00+08:00,52.99587631225586,53.09493637084961,52.500587463378906,52.599647521972656,170700,0.0,0.0
2019-07-22 00:00:00+08:00,52.599647521972656,52.599647521972656,51.708126068115234,51.708126068115234,286828,0.0,0.0
2019-07-23 00:00:00+08:00,51.807186126708984,52.599647521972656,51.807186126708984,52.1043586730957,174479,0.0,0.0
2019-07-24 00:00:00+08:00,52.599647521972656,52.599647521972656,52.1043586730957,52.500587463378906,200077,0.0,0.0
2019-07-25 00:00:00+08:00,52.599647521972656,52.599647521972656,51.807186126708984,51.90624237060547,282959,0.0,0.0
2019-07-26 00:00:00+08:00,51.510013580322266,51.708126068115234,51.01472473144531,51.510013580322266,264713,0.0,0.0
2019-07-29 00:00:00+08:00,51.510013580322266,51.510013580322266,50.81660842895508,51.1137809753418,213304,0.0,0.0
2019-07-30 00:00:00+08:00,51.1137809753418,51.90624237060547,50.81660842895508,50.81660842895508,225361,0.0,0.0
2019-07-31 00:00:00+08:00,53.193992614746094,54.283626556396484,52.20341491699219,53.293052673339844,1342464,0.0,0.0
2019-08-01 00:00:00+08:00,52.69870376586914,52.99587631225586,52.00530242919922,52.30247497558594,292274,0.0,0.0
2019-08-02 00:00:00+08:00,51.708126068115234,51.807186126708984,51.1137809753418,51.21283721923828,275596,0.0,0.0
2019-08-05 00:00:00+08:00,51.21283721923828,51.807186126708984,51.01472473144531,51.01472473144531,109240,0.0,0.0
2019-08-06 00:00:00+08:00,50.22226333618164,50.618492126464844,49.52885818481445,50.321319580078125,225471,0.0,0.0
2019-08-07 00:00:00+08:00,50.51943588256836,50.71754837036133,49.82603073120117,49.82603073120117,167621,0.0,0.0
2019-08-08 00:00:00+08:00,49.62791442871094,50.321319580078125,49.62791442871094,49.92509078979492,219848,0.0,0.0
2019-08-12 00:00:00+08:00,51.807186126708984,52.00530242919922,50.51943588256836,50.51943588256836,179735,0.0,0.0
2019-08-13 00:00:00+08:00,50.71754837036133,50.71754837036133,49.92509078979492,49.92509078979492,229223,0.0,0.0
2019-08-14 00:00:00+08:00,50.91566467285156,50.91566467285156,49.72697448730469,49.72697448730469,165919,0.0,0.0
2019-08-15 00:00:00+08:00,49.72697448730469,49.72697448730469,48.835453033447266,49.4297981262207,210991,0.0,0.0
2019-08-16 00:00:00+08:00,49.52885818481445,50.12320327758789,49.52885818481445,49.62791442871094,95802,0.0,0.0
2019-08-19 00:00:00+08:00,50.71754837036133,50.71754837036133,50.024147033691406,50.024147033691406,81754,0.0,0.0
2019-08-20 00:00:00+08:00,50.42037582397461,50.51943588256836,49.72697448730469,50.12320327758789,107210,0.0,0.0
2019-08-21 00:00:00+08:00,50.12320327758789,51.31189727783203,50.12320327758789,50.81660842895508,148655,0.0,0.0
2019-08-22 00:00:00+08:00,50.618492126464844,50.618492126464844,50.024147033691406,50.024147033691406,199474,0.0,0.0
2019-08-23 00:00:00+08:00,50.024147033691406,50.024147033691406,49.72697448730469,49.72697448730469,115084,0.0,0.0
2019-08-26 00:00:00+08:00,49.52885818481445,49.52885818481445,48.93450927734375,49.0335693359375,222096,0.0,0.0
2019-08-27 00:00:00+08:00,49.52885818481445,49.62791442871094,48.93450927734375,49.0335693359375,109633,0.0,0.0
2019-08-28 00:00:00+08:00,49.083099365234375,49.4297981262207,47.10194396972656,47.54770278930664,311338,0.0,0.0
2019-08-29 00:00:00+08:00,47.54770278930664,47.54770278930664,44.130210876464844,44.82361602783203,773468,0.0,0.0
2019-08-30 00:00:00+08:00,45.071258544921875,45.51702117919922,45.071258544921875,45.41796112060547,242393,0.0,0.0
2019-09-02 00:00:00+08:00,45.41796112060547,45.467491149902344,43.38727951049805,44.080684661865234,368299,0.0,0.0
2019-09-03 00:00:00+08:00,44.080684661865234,45.467491149902344,43.43680953979492,45.318904876708984,269383,0.0,0.0
2019-09-04 00:00:00+08:00,45.41796112060547,46.557125091552734,44.82361602783203,46.557125091552734,215530,0.0,0.0
2019-09-05 00:00:00+08:00,46.259952545166016,47.05241394042969,46.259952545166016,46.656185150146484,205487,0.0,0.0
2019-09-06 00:00:00+08:00,46.705711364746094,46.705711364746094,46.01231002807617,46.01231002807617,138612,0.0,0.0
2019-09-10 00:00:00+08:00,45.2198486328125,45.2198486328125,44.52644348144531,44.52644348144531,135779,0.0,0.0
2019-09-11 00:00:00+08:00,45.071258544921875,45.12078857421875,44.774085998535156,45.021732330322266,98023,0.0,0.0
2019-09-12 00:00:00+08:00,45.071258544921875,45.318904876708984,44.47691345214844,44.774085998535156,132404,0.0,0.0
2019-09-16 00:00:00+08:00,45.318904876708984,45.41796112060547,45.170318603515625,45.2198486328125,110023,0.0,0.0
2019-09-17 00:00:00+08:00,45.071258544921875,45.12078857421875,44.47691345214844,44.57597351074219,83804,0.0,0.0
2019-09-18 00:00:00+08:00,44.97220230102539,44.97220230102539,44.52644348144531,44.6254997253418,68074,0.0,0.0
2019-09-19 00:00:00+08:00,44.922672271728516,44.922672271728516,44.52644348144531,44.52644348144531,108769,0.0,0.0
2019-09-20 00:00:00+08:00,44.57597351074219,44.67502975463867,44.37785720825195,44.47691345214844,105393,0.0,0.0
2019-09-23 00:00:00+08:00,45.071258544921875,45.071258544921875,44.52644348144531,44.67502975463867,109012,0.0,0.0
2019-09-24 00:00:00+08:00,44.67502975463867,44.67502975463867,44.37785720825195,44.47691345214844,147489,0.0,0.0
2019-09-25 00:00:00+08:00,44.080684661865234,44.080684661865234,42.69387435913086,42.84246063232422,302034,0.0,0.0
2019-09-26 00:00:00+08:00,42.743404388427734,42.79293441772461,42.04999923706055,42.04999923706055,290118,0.0,0.0
2019-09-27 00:00:00+08:00,41.8023567199707,43.38727951049805,41.30706787109375,42.84246063232422,239621,0.0,0.0
2019-10-01 00:00:00+08:00,42.99104690551758,42.99104690551758,42.297645568847656,42.297645568847656,113066,0.0,0.0
2019-10-02 00:00:00+08:00,42.09952926635742,42.49576187133789,41.60424041748047,42.297645568847656,99336,0.0,0.0
2019-10-03 00:00:00+08:00,41.45565414428711,41.75282669067383,41.406124114990234,41.653770446777344,70799,0.0,0.0
2019-10-04 00:00:00+08:00,41.653770446777344,42.39670181274414,41.406124114990234,41.406124114990234,76759,0.0,0.0
2019-10-07 00:00:00+08:00,41.406124114990234,41.60424041748047,41.406124114990234,41.406124114990234,72275,0.0,0.0
2019-10-08 00:00:00+08:00,41.505184173583984,41.60424041748047,41.406124114990234,41.45565414428711,50778,0.0,0.0
2019-10-09 00:00:00+08:00,41.505184173583984,41.505184173583984,41.406124114990234,41.406124114990234,61721,0.0,0.0
2019-10-14 00:00:00+08:00,41.406124114990234,41.75282669067383,40.61366271972656,41.75282669067383,279789,0.0,0.0
2019-10-15 00:00:00+08:00,42.1490592956543,45.56654739379883,42.09952926635742,44.229270935058594,494560,0.0,0.0
2019-10-16 00:00:00+08:00,44.229270935058594,44.229270935058594,43.43680953979492,43.58539581298828,164552,0.0,0.0
2019-10-17 00:00:00+08:00,43.981624603271484,44.774085998535156,43.58539581298828,43.981624603271484,148824,0.0,0.0
2019-10-18 00:00:00+08:00,43.981624603271484,44.774085998535156,43.981624603271484,44.774085998535156,297987,0.0,0.0
2019-10-21 00:00:00+08:00,45.56654739379883,45.56654739379883,44.873146057128906,44.922672271728516,110621,0.0,0.0
2019-10-22 00:00:00+08:00,45.071258544921875,45.36843490600586,45.071258544921875,45.26937484741211,158408,0.0,0.0
2019-10-23 00:00:00+08:00,45.318904876708984,45.36843490600586,43.833038330078125,43.882568359375,139416,0.0,0.0
2019-10-24 00:00:00+08:00,43.882568359375,43.882568359375,43.18916320800781,43.58539581298828,209221,0.0,0.0
2019-10-25 00:00:00+08:00,43.58539581298828,44.57597351074219,42.594818115234375,43.48633575439453,126328,0.0,0.0
2019-10-28 00:00:00+08:00,43.48633575439453,43.48633575439453,43.09010696411133,43.43680953979492,99315,0.0,0.0
2019-10-29 00:00:00+08:00,43.882568359375,43.882568359375,43.18916320800781,43.28822326660156,122354,0.0,0.0
2019-10-30 00:00:00+08:00,43.58539581298828,43.684452056884766,43.13963317871094,43.13963317871094,97013,0.0,0.0
2019-10-31 00:00:00+08:00,43.13963317871094,45.81419372558594,43.13963317871094,45.56654739379883,617501,0.0,0.0
2019-11-01 00:00:00+08:00,45.26937484741211,45.91324996948242,44.57597351074219,45.467491149902344,266825,0.0,0.0
2019-11-04 00:00:00+08:00,45.170318603515625,45.71513748168945,45.071258544921875,45.071258544921875,156474,0.0,0.0
2019-11-05 00:00:00+08:00,44.97220230102539,46.111366271972656,44.2787971496582,45.86372375488281,343234,0.0,0.0
2019-11-06 00:00:00+08:00,46.259952545166016,46.359012603759766,45.36843490600586,45.66560745239258,423995,0.0,0.0
2019-11-07 00:00:00+08:00,45.66560745239258,45.76466369628906,44.37785720825195,44.42738342285156,179693,0.0,0.0
2019-11-08 00:00:00+08:00,44.42738342285156,44.57597351074219,43.38727951049805,43.932098388671875,121144,0.0,0.0
2019-11-11 00:00:00+08:00,43.38727951049805,44.130210876464844,43.18916320800781,43.28822326660156,125179,0.0,0.0
2019-11-12 00:00:00+08:00,43.09010696411133,43.48633575439453,43.09010696411133,43.23869323730469,87827,0.0,0.0
2019-11-13 00:00:00+08:00,43.09010696411133,43.13963317871094,42.24811553955078,42.644344329833984,108017,0.0,0.0
2019-11-14 00:00:00+08:00,42.594818115234375,42.594818115234375,41.75282669067383,41.75282669067383,127198,0.0,0.0
2019-11-15 00:00:00+08:00,41.8023567199707,43.535865783691406,41.8023567199707,43.38727951049805,164045,0.0,0.0
2019-11-18 00:00:00+08:00,43.684452056884766,43.684452056884766,42.891990661621094,43.28822326660156,80760,0.0,0.0
2019-11-19 00:00:00+08:00,42.79293441772461,43.48633575439453,42.69387435913086,43.09010696411133,45428,0.0,0.0
2019-11-20 00:00:00+08:00,42.79293441772461,43.43680953979492,42.743404388427734,42.79293441772461,43409,0.0,0.0
2019-11-21 00:00:00+08:00,42.79293441772461,43.33774948120117,42.79293441772461,42.99104690551758,28266,0.0,0.0
2019-11-22 00:00:00+08:00,42.99104690551758,43.48633575439453,42.891990661621094,43.43680953979492,47548,0.0,0.0
2019-11-25 00:00:00+08:00,43.43680953979492,43.833038330078125,43.43680953979492,43.535865783691406,41390,0.0,0.0
2019-11-26 00:00:00+08:00,43.535865783691406,43.535865783691406,41.108951568603516,42.99104690551758,87827,0.0,0.0
2019-11-27 00:00:00+08:00,42.09952926635742,42.743404388427734,42.09952926635742,42.446231842041016,72684,0.0,0.0
2019-11-28 00:00:00+08:00,42.594818115234375,43.634925842285156,42.39670181274414,42.446231842041016,58551,0.0,0.0
2019-11-29 00:00:00+08:00,43.09010696411133,43.23869323730469,42.347171783447266,42.347171783447266,40380,0.0,0.0
2019-12-02 00:00:00+08:00,42.24811553955078,42.84246063232422,41.75282669067383,42.09952926635742,43409,0.0,0.0
2019-12-03 00:00:00+08:00,41.75282669067383,42.198585510253906,41.75282669067383,41.8023567199707,34323,0.0,0.0
2019-12-04 00:00:00+08:00,41.8023567199707,41.90141296386719,41.653770446777344,41.85188674926758,45428,0.0,0.0
2019-12-05 00:00:00+08:00,42.00046920776367,42.09952926635742,41.653770446777344,41.70329666137695,55523,0.0,0.0
2019-12-06 00:00:00+08:00,41.70329666137695,42.49576187133789,41.70329666137695,41.85188674926758,29294,0.0,0.0
2019-12-09 00:00:00+08:00,41.85188674926758,42.04999923706055,41.70329666137695,41.70329666137695,64608,0.0,0.0
2019-12-10 00:00:00+08:00,41.70329666137695,41.90141296386719,41.70329666137695,41.75282669067383,27256,0.0,0.0
2019-12-11 00:00:00+08:00,41.75282669067383,41.75282669067383,41.108951568603516,41.60424041748047,140322,0.0,0.0
2019-12-12 00:00:00+08:00,41.60424041748047,41.60424041748047,41.108951568603516,41.2080078125,103979,0.0,0.0
2019-12-13 00:00:00+08:00,41.30706787109375,41.505184173583984,41.2080078125,41.2080078125,58600,0.0,0.0
2019-12-16 00:00:00+08:00,41.70329666137695,41.70329666137695,41.406124114990234,41.554710388183594,69656,0.0,0.0
2019-12-17 00:00:00+08:00,41.406124114990234,41.505184173583984,41.108951568603516,41.2080078125,111046,0.0,0.0
2019-12-18 00:00:00+08:00,41.2080078125,41.505184173583984,40.91083526611328,41.30706787109375,134265,0.0,0.0
2019-12-19 00:00:00+08:00,41.30706787109375,41.30706787109375,41.108951568603516,41.15848159790039,45428,0.0,0.0
2019-12-20 00:00:00+08:00,42.00046920776367,42.446231842041016,41.8023567199707,41.95094299316406,165966,0.0,0.0
2019-12-23 00:00:00+08:00,42.84246063232422,42.84246063232422,41.90141296386719,41.95094299316406,67637,0.0,0.0
2019-12-24 00:00:00+08:00,41.95094299316406,42.24811553955078,41.653770446777344,41.70329666137695,28266,0.0,0.0
2019-12-25 00:00:00+08:00,41.8023567199707,42.198585510253906,41.60424041748047,41.70329666137695,66627,0.0,0.0
2019-12-26 00:00:00+08:00,41.60424041748047,41.8023567199707,41.60424041748047,41.70329666137695,44418,0.0,0.0
2019-12-27 00:00:00+08:00,42.39670181274414,42.39670181274414,41.60424041748047,41.653770446777344,55094,0.0,0.0
2019-12-30 00:00:00+08:00,41.90141296386719,42.198585510253906,41.505184173583984,42.00046920776367,172626,0.0,0.0
2019-12-31 00:00:00+08:00,42.297645568847656,42.297645568847656,41.70329666137695,42.09952926635742,63259,0.0,0.0
2020-01-02 00:00:00+08:00,42.09952926635742,42.09952926635742,41.90141296386719,41.90141296386719,76722,0.0,0.0
2020-01-03 00:00:00+08:00,41.8023567199707,41.85188674926758,41.356597900390625,41.356597900390625,92296,0.0,0.0
2020-01-06 00:00:00+08:00,41.356597900390625,41.356597900390625,41.00989532470703,41.00989532470703,79751,0.0,0.0
2020-01-07 00:00:00+08:00,41.00989532470703,41.00989532470703,40.51460647583008,40.61366271972656,85808,0.0,0.0
2020-01-08 00:00:00+08:00,39.920257568359375,41.05942153930664,39.920257568359375,40.11837387084961,57542,0.0,0.0
2020-01-09 00:00:00+08:00,40.11837387084961,40.61366271972656,39.920257568359375,39.96978759765625,159502,0.0,0.0
2020-01-10 00:00:00+08:00,40.06884765625,40.11837387084961,39.67261505126953,40.11837387084961,102970,0.0,0.0
2020-01-13 00:00:00+08:00,40.217430114746094,40.26696014404297,39.722145080566406,39.920257568359375,89846,0.0,0.0
2020-01-14 00:00:00+08:00,40.11837387084961,40.41554641723633,39.920257568359375,40.11837387084961,58551,0.0,0.0
2020-01-15 00:00:00+08:00,40.11837387084961,40.11837387084961,39.920257568359375,39.96978759765625,59561,0.0,0.0
2020-01-16 00:00:00+08:00,40.11837387084961,42.39670181274414,40.11837387084961,41.8023567199707,296796,0.0,0.0
2020-01-17 00:00:00+08:00,41.8023567199707,41.8023567199707,40.960365295410156,41.505184173583984,135073,0.0,0.0
2020-01-20 00:00:00+08:00,41.356597900390625,41.45565414428711,40.861305236816406,40.861305236816406,41415,0.0,0.0
2020-01-30 00:00:00+08:00,37.64193344116211,39.623085021972656,36.84946823120117,36.94852828979492,356357,0.0,0.0
2020-01-31 00:00:00+08:00,36.94852828979492,38.23627853393555,36.94852828979492,37.34476089477539,126292,0.0,0.0
2020-02-03 00:00:00+08:00,33.72915267944336,34.67020034790039,33.63009262084961,34.472084045410156,279634,0.0,0.0
2020-02-04 00:00:00+08:00,34.67020034790039,36.35417938232422,34.472084045410156,36.20559310913086,105998,0.0,0.0
2020-02-05 00:00:00+08:00,36.6513557434082,36.84946823120117,36.30465316772461,36.403709411621094,122151,0.0,0.0
2020-02-06 00:00:00+08:00,36.502769470214844,36.9980583190918,36.502769470214844,36.84946823120117,71675,0.0,0.0
2020-02-07 00:00:00+08:00,36.84946823120117,36.84946823120117,36.84946823120117,36.84946823120117,0,0.0,0.0
2020-02-10 00:00:00+08:00,35.46266174316406,35.46266174316406,34.769256591796875,35.26454544067383,54523,0.0,0.0
2020-02-11 00:00:00+08:00,35.26454544067383,36.00748062133789,35.26454544067383,35.6607780456543,83789,0.0,0.0
2020-02-12 00:00:00+08:00,35.957950592041016,36.45323944091797,35.957950592041016,36.45323944091797,91865,0.0,0.0
2020-02-13 00:00:00+08:00,36.6513557434082,37.54287338256836,36.6513557434082,36.84946823120117,139312,0.0,0.0
2020-02-14 00:00:00+08:00,36.79994201660156,40.316490173339844,36.79994201660156,39.02873992919922,242187,0.0,0.0
2020-02-17 00:00:00+08:00,39.57355880737305,39.57355880737305,38.1372184753418,38.682037353515625,198873,0.0,0.0
2020-02-18 00:00:00+08:00,38.682037353515625,39.078269958496094,38.43439483642578,38.63250732421875,77732,0.0,0.0
2020-02-19 00:00:00+08:00,38.63250732421875,39.1277961730957,38.63250732421875,39.078269958496094,71675,0.0,0.0
2020-02-20 00:00:00+08:00,39.623085021972656,39.870731353759766,39.32591247558594,39.32591247558594,127198,0.0,0.0
2020-02-21 00:00:00+08:00,39.27638244628906,39.37544250488281,39.078269958496094,39.1277961730957,81039,0.0,0.0
2020-02-24 00:00:00+08:00,39.02873992919922,39.02873992919922,38.03816223144531,38.23627853393555,122151,0.0,0.0
2020-02-25 00:00:00+08:00,37.64193344116211,38.03816223144531,37.24570083618164,37.740989685058594,101960,0.0,0.0
2020-02-26 00:00:00+08:00,37.24570083618164,37.54287338256836,37.24570083618164,37.443817138671875,62589,0.0,0.0
2020-02-27 00:00:00+08:00,37.24570083618164,37.79051971435547,36.15606689453125,36.55229568481445,124170,0.0,0.0
2020-03-02 00:00:00+08:00,35.165489196777344,36.403709411621094,34.868316650390625,35.61124801635742,179693,0.0,0.0
2020-03-03 00:00:00+08:00,35.90842056274414,36.30465316772461,35.6607780456543,35.6607780456543,65618,0.0,0.0
2020-03-04 00:00:00+08:00,35.6607780456543,35.85889434814453,35.46266174316406,35.85889434814453,42399,0.0,0.0
2020-03-05 00:00:00+08:00,35.85889434814453,35.85889434814453,35.6607780456543,35.6607780456543,82780,0.0,0.0
2020-03-06 00:00:00+08:00,36.30465316772461,36.6513557434082,35.36360549926758,36.15606689453125,111046,0.0,0.0
2020-03-09 00:00:00+08:00,36.15606689453125,36.15606689453125,36.15606689453125,36.15606689453125,0,0.0,0.0
2020-03-10 00:00:00+08:00,36.255123138427734,36.255123138427734,35.21501922607422,36.255123138427734,145369,0.0,0.0
2020-03-11 00:00:00+08:00,37.34476089477539,38.23627853393555,37.146644592285156,37.146644592285156,278625,0.0,0.0
2020-03-12 00:00:00+08:00,36.60182571411133,37.09711456298828,35.165489196777344,35.61124801635742,184740,0.0,0.0
2020-03-13 00:00:00+08:00,35.61124801635742,35.61124801635742,35.61124801635742,35.61124801635742,0,0.0,0.0
2020-03-16 00:00:00+08:00,31.896583557128906,33.18433380126953,30.7078914642334,31.20318031311035,119122,0.0,0.0
2020-03-17 00:00:00+08:00,30.014488220214844,30.014488220214844,28.082862854003906,28.082862854003906,355348,0.0,0.0
2020-03-18 00:00:00+08:00,28.082862854003906,28.082862854003906,28.082862854003906,28.082862854003906,0,0.0,0.0
2020-03-19 00:00:00+08:00,26.79511260986328,26.79511260986328,24.51678466796875,24.51678466796875,293768,0.0,0.0
2020-03-20 00:00:00+08:00,22.783273696899414,26.15123748779297,22.783273696899414,25.40830421447754,185750,0.0,0.0
2020-03-23 00:00:00+08:00,24.913015365600586,24.913015365600586,23.872909545898438,23.872909545898438,89846,0.0,0.0
2020-03-24 00:00:00+08:00,23.92243766784668,25.755006790161133,23.92243766784668,25.358774185180664,138303,0.0,0.0
2020-03-25 00:00:00+08:00,26.002649307250977,27.58757209777832,25.90359115600586,26.49793815612793,187769,0.0,0.0
2020-03-26 00:00:00+08:00,26.64652442932129,27.488515853881836,26.20076560974121,27.488515853881836,98932,0.0,0.0
2020-03-27 00:00:00+08:00,28.231449127197266,28.6276798248291,27.785688400268555,28.03333282470703,158493,0.0,0.0
2020-03-30 00:00:00+08:00,27.934276580810547,27.934276580810547,26.844640731811523,27.53804588317871,66627,0.0,0.0
2020-03-31 00:00:00+08:00,27.58757209777832,27.58757209777832,26.993227005004883,27.24087142944336,56532,0.0,0.0
2020-04-01 00:00:00+08:00,27.339929580688477,27.339929580688477,27.042755126953125,27.24087142944336,34323,0.0,0.0
2020-04-06 00:00:00+08:00,27.24087142944336,27.38945770263672,26.993227005004883,27.38945770263672,79751,0.0,0.0
2020-04-07 00:00:00+08:00,27.736160278320312,27.98380470275879,27.38945770263672,27.58757209777832,146379,0.0,0.0
2020-04-08 00:00:00+08:00,27.58757209777832,28.429563522338867,27.438987731933594,28.429563522338867,217045,0.0,0.0
2020-04-09 00:00:00+08:00,28.429563522338867,29.122968673706055,27.934276580810547,28.231449127197266,163541,0.0,0.0
2020-04-10 00:00:00+08:00,27.98380470275879,28.825794219970703,27.934276580810547,28.825794219970703,116093,0.0,0.0
2020-04-13 00:00:00+08:00,28.03333282470703,28.6276798248291,27.98380470275879,28.082862854003906,74703,0.0,0.0
2020-04-14 00:00:00+08:00,28.479093551635742,28.57815170288086,28.082862854003906,28.231449127197266,77732,0.0,0.0
2020-04-15 00:00:00+08:00,28.429563522338867,30.906007766723633,28.429563522338867,30.7078914642334,252378,0.0,0.0
2020-04-16 00:00:00+08:00,30.55930519104004,30.55930519104004,29.568727493286133,30.41071891784668,111046,0.0,0.0
2020-04-17 00:00:00+08:00,30.460247039794922,31.054594039916992,29.271554946899414,30.113544464111328,166569,0.0,0.0
2020-04-20 00:00:00+08:00,29.568727493286133,30.55930519104004,29.568727493286133,30.163074493408203,91865,0.0,0.0
2020-04-21 00:00:00+08:00,30.163074493408203,30.658363342285156,29.321083068847656,29.717313766479492,130227,0.0,0.0
2020-04-22 00:00:00+08:00,29.222026824951172,30.064016342163086,28.974382400512695,29.96495819091797,89846,0.0,0.0
2020-04-23 00:00:00+08:00,30.014488220214844,31.20318031311035,30.014488220214844,31.00506591796875,34323,0.0,0.0
2020-04-24 00:00:00+08:00,31.00506591796875,31.599411010742188,30.7078914642334,31.401296615600586,228149,0.0,0.0
2020-04-27 00:00:00+08:00,31.401296615600586,31.995641708374023,31.401296615600586,31.79752540588379,100951,0.0,0.0
2020-04-28 00:00:00+08:00,31.698469161987305,31.896583557128906,31.20318031311035,31.35176658630371,72684,0.0,0.0
2020-04-29 00:00:00+08:00,31.599411010742188,32.9862174987793,31.50035285949707,31.995641708374023,183731,0.0,0.0
2020-04-30 00:00:00+08:00,32.193756103515625,32.193756103515625,31.698469161987305,31.79752540588379,195845,0.0,0.0
2020-05-04 00:00:00+08:00,31.30223846435547,31.401296615600586,30.7078914642334,31.252708435058594,71675,0.0,0.0
2020-05-05 00:00:00+08:00,31.30223846435547,31.847055435180664,31.30223846435547,31.64893913269043,43409,0.0,0.0
2020-05-06 00:00:00+08:00,32.342342376708984,32.39187240600586,31.549882888793945,32.144229888916016,48456,0.0,0.0
2020-05-07 00:00:00+08:00,32.144229888916016,32.144229888916016,31.599411010742188,31.896583557128906,61580,0.0,0.0
2020-05-08 00:00:00+08:00,32.09469985961914,32.09469985961914,31.50035285949707,31.698469161987305,60570,0.0,0.0
2020-05-11 00:00:00+08:00,31.698469161987305,33.18433380126953,31.50035285949707,33.18433380126953,280644,0.0,0.0
2020-05-12 00:00:00+08:00,33.58056640625,35.165489196777344,33.382450103759766,33.679622650146484,601669,0.0,0.0
2020-05-13 00:00:00+08:00,33.778682708740234,34.67020034790039,33.13480758666992,33.63009262084961,165560,0.0,0.0
2020-05-14 00:00:00+08:00,33.58056640625,33.58056640625,32.68904495239258,32.68904495239258,104989,0.0,0.0
2020-05-15 00:00:00+08:00,32.9862174987793,32.9862174987793,31.50035285949707,31.896583557128906,80760,0.0,0.0
2020-05-18 00:00:00+08:00,31.599411010742188,31.896583557128906,30.906007766723633,31.104122161865234,123160,0.0,0.0
2020-05-19 00:00:00+08:00,31.252708435058594,32.490928649902344,30.7078914642334,32.490928649902344,164550,0.0,0.0
2020-05-20 00:00:00+08:00,32.09469985961914,32.68904495239258,31.94611358642578,32.193756103515625,197864,0.0,0.0
2020-05-21 00:00:00+08:00,32.193756103515625,32.441402435302734,31.401296615600586,32.39187240600586,101960,0.0,0.0
2020-05-22 00:00:00+08:00,32.292816162109375,32.589988708496094,31.747997283935547,32.490928649902344,61580,0.0,0.0
2020-05-25 00:00:00+08:00,32.39187240600586,32.39187240600586,31.698469161987305,31.94611358642578,100951,0.0,0.0
2020-05-26 00:00:00+08:00,32.144229888916016,32.144229888916016,31.599411010742188,31.64893913269043,102970,0.0,0.0
2020-05-27 00:00:00+08:00,31.747997283935547,32.2432861328125,31.64893913269043,32.045169830322266,139312,0.0,0.0
2020-05-28 00:00:00+08:00,32.09469985961914,32.292816162109375,31.50035285949707,31.50035285949707,140322,0.0,0.0
2020-05-29 00:00:00+08:00,31.00506591796875,32.2432861328125,31.00506591796875,32.193756103515625,119122,0.0,0.0
2020-06-01 00:00:00+08:00,32.68904495239258,32.68904495239258,31.79752540588379,32.09469985961914,110036,0.0,0.0
2020-06-02 00:00:00+08:00,32.09469985961914,32.441402435302734,31.549882888793945,31.747997283935547,56532,0.0,0.0
2020-06-03 00:00:00+08:00,31.401296615600586,32.39187240600586,31.35176658630371,32.342342376708984,98932,0.0,0.0
2020-06-04 00:00:00+08:00,32.68904495239258,32.93669128417969,31.79752540588379,31.847055435180664,118112,0.0,0.0
2020-06-05 00:00:00+08:00,31.847055435180664,32.342342376708984,31.747997283935547,32.193756103515625,100951,0.0,0.0
2020-06-08 00:00:00+08:00,32.54045867919922,32.54045867919922,32.193756103515625,32.342342376708984,112055,0.0,0.0
2020-06-09 00:00:00+08:00,32.63951873779297,34.37302780151367,32.490928649902344,34.27396774291992,312948,0.0,0.0
2020-06-10 00:00:00+08:00,34.42255783081055,34.472084045410156,33.33292007446289,33.778682708740234,158493,0.0,0.0
2020-06-11 00:00:00+08:00,34.17491149902344,34.17491149902344,32.292816162109375,32.342342376708984,198873,0.0,0.0
2020-06-12 00:00:00+08:00,31.64893913269043,31.847055435180664,31.252708435058594,31.847055435180664,126189,0.0,0.0
2020-06-15 00:00:00+08:00,31.847055435180664,31.847055435180664,30.60883331298828,30.60883331298828,199883,0.0,0.0
2020-06-16 00:00:00+08:00,30.7078914642334,31.252708435058594,30.55930519104004,30.60883331298828,446204,0.0,0.0
2020-06-17 00:00:00+08:00,30.361190795898438,31.104122161865234,30.361190795898438,30.60883331298828,191807,0.0,0.0
2020-06-18 00:00:00+08:00,30.361190795898438,30.658363342285156,30.113544464111328,30.460247039794922,73694,0.0,0.0
2020-06-19 00:00:00+08:00,30.460247039794922,30.7078914642334,30.311660766601562,30.7078914642334,166569,0.0,0.0
2020-06-22 00:00:00+08:00,30.60883331298828,30.658363342285156,30.311660766601562,30.55930519104004,102970,0.0,0.0
2020-06-23 00:00:00+08:00,30.60883331298828,30.7078914642334,29.717313766479492,29.915430068969727,150417,0.0,0.0
2020-06-24 00:00:00+08:00,29.96495819091797,30.460247039794922,29.81637191772461,29.865901947021484,105998,0.0,0.0
2020-06-29 00:00:00+08:00,29.420141220092773,29.865901947021484,29.420141220092773,29.717313766479492,43409,0.0,0.0
2020-06-30 00:00:00+08:00,29.717313766479492,30.55930519104004,29.420141220092773,29.717313766479492,241273,0.0,0.0
2020-07-01 00:00:00+08:00,29.717313766479492,30.212602615356445,29.51919937133789,30.113544464111328,137293,0.0,0.0
2020-07-02 00:00:00+08:00,30.163074493408203,30.7078914642334,30.163074493408203,30.361190795898438,111046,0.0,0.0
2020-07-03 00:00:00+08:00,30.906007766723633,30.906007766723633,29.717313766479492,30.064016342163086,206950,0.0,0.0
2020-07-06 00:00:00+08:00,29.81637191772461,30.26213264465332,29.66778564453125,29.766843795776367,213007,0.0,0.0
2020-07-07 00:00:00+08:00,29.81637191772461,32.73857498168945,29.66778564453125,32.589988708496094,1037778,0.0,0.0
2020-07-08 00:00:00+08:00,31.64893913269043,31.94611358642578,30.906007766723633,31.35176658630371,488604,0.0,0.0
2020-07-09 00:00:00+08:00,31.20318031311035,31.20318031311035,30.41071891784668,31.153650283813477,249349,0.0,0.0
2020-07-10 00:00:00+08:00,31.153650283813477,31.153650283813477,30.014488220214844,30.509775161743164,117103,0.0,0.0
2020-07-13 00:00:00+08:00,30.212602615356445,30.955535888671875,30.212602615356445,30.75741958618164,121141,0.0,0.0
2020-07-14 00:00:00+08:00,31.00506591796875,31.20318031311035,30.311660766601562,30.311660766601562,99941,0.0,0.0
2020-07-15 00:00:00+08:00,30.361190795898438,31.153650283813477,30.361190795898438,30.7078914642334,63599,0.0,0.0
2020-07-16 00:00:00+08:00,31.104122161865234,31.104122161865234,30.509775161743164,30.658363342285156,63599,0.0,0.0
2020-07-17 00:00:00+08:00,30.7078914642334,31.252708435058594,29.717313766479492,29.766843795776367,172626,0.0,0.0
2020-07-20 00:00:00+08:00,29.717313766479492,30.41071891784668,29.568727493286133,30.064016342163086,60570,0.0,0.0
2020-07-21 00:00:00+08:00,30.212602615356445,30.41071891784668,29.81637191772461,29.96495819091797,75713,0.0,0.0
2020-07-22 00:00:00+08:00,29.915430068969727,30.658363342285156,29.915430068969727,30.60883331298828,125179,0.0,0.0
2020-07-23 00:00:00+08:00,30.7078914642334,30.906007766723633,30.509775161743164,30.658363342285156,60570,0.0,0.0
2020-07-24 00:00:00+08:00,30.509775161743164,30.509775161743164,29.717313766479492,29.81637191772461,118112,0.0,0.0
2020-07-27 00:00:00+08:00,30.460247039794922,30.460247039794922,29.222026824951172,29.66778564453125,144360,0.0,0.0
2020-07-28 00:00:00+08:00,29.222026824951172,29.66778564453125,28.280977249145508,28.6276798248291,217045,0.0,0.0
2020-07-29 00:00:00+08:00,28.429563522338867,29.122968673706055,28.429563522338867,28.726736068725586,93884,0.0,0.0
2020-07-30 00:00:00+08:00,28.726736068725586,29.023910522460938,28.33050537109375,28.825794219970703,95903,0.0,0.0
2020-07-31 00:00:00+08:00,28.825794219970703,29.122968673706055,28.825794219970703,29.122968673706055,39370,0.0,0.0
2020-08-03 00:00:00+08:00,29.469669342041016,29.469669342041016,28.726736068725586,29.321083068847656,62589,0.0,0.0
2020-08-04 00:00:00+08:00,30.014488220214844,30.014488220214844,29.420141220092773,29.618257522583008,73694,0.0,0.0
2020-08-05 00:00:00+08:00,29.618257522583008,29.717313766479492,29.568727493286133,29.618257522583008,34323,0.0,0.0
2020-08-06 00:00:00+08:00,29.618257522583008,29.766843795776367,29.321083068847656,29.51919937133789,98932,0.0,0.0
2020-08-07 00:00:00+08:00,29.865901947021484,29.865901947021484,29.420141220092773,29.51919937133789,67637,0.0,0.0
2020-08-10 00:00:00+08:00,29.51919937133789,29.717313766479492,29.51919937133789,29.618257522583008,78741,0.0,0.0
2020-08-11 00:00:00+08:00,29.321083068847656,29.321083068847656,28.429563522338867,28.875324249267578,135274,0.0,0.0
2020-08-12 00:00:00+08:00,28.528621673583984,28.825794219970703,28.528621673583984,28.57815170288086,57542,0.0,0.0
2020-08-13 00:00:00+08:00,28.677207946777344,28.726736068725586,28.429563522338867,28.57815170288086,63599,0.0,0.0
2020-08-14 00:00:00+08:00,28.825794219970703,28.825794219970703,28.57815170288086,28.825794219970703,33313,0.0,0.0
2020-08-17 00:00:00+08:00,28.429563522338867,29.023910522460938,28.429563522338867,28.57815170288086,47447,0.0,0.0
2020-08-18 00:00:00+08:00,28.726736068725586,28.825794219970703,28.33050537109375,28.825794219970703,63599,0.0,0.0
2020-08-19 00:00:00+08:00,29.469669342041016,31.64893913269043,29.271554946899414,30.7078914642334,417938,0.0,0.0
2020-08-20 00:00:00+08:00,30.113544464111328,30.361190795898438,27.83521842956543,29.321083068847656,150417,0.0,0.0
2020-08-21 00:00:00+08:00,29.717313766479492,29.717313766479492,28.825794219970703,29.717313766479492,78741,0.0,0.0
2020-08-24 00:00:00+08:00,30.212602615356445,30.212602615356445,29.717313766479492,29.717313766479492,60570,0.0,0.0
2020-08-25 00:00:00+08:00,29.717313766479492,30.014488220214844,28.825794219970703,29.717313766479492,60570,0.0,0.0
2020-08-26 00:00:00+08:00,29.717313766479492,29.717313766479492,29.222026824951172,29.66778564453125,42399,0.0,0.0
2020-08-27 00:00:00+08:00,29.717313766479492,29.717313766479492,29.222026824951172,29.3706111907959,41390,0.0,0.0
2020-08-28 00:00:00+08:00,29.023910522460938,29.568727493286133,29.023910522460938,29.3706111907959,28266,0.0,0.0
2020-08-31 00:00:00+08:00,29.321083068847656,30.509775161743164,29.321083068847656,29.865901947021484,138303,0.0,0.0
2020-09-01 00:00:00+08:00,29.81637191772461,30.163074493408203,29.420141220092773,30.163074493408203,88837,0.0,0.0
2020-09-02 00:00:00+08:00,30.26213264465332,30.509775161743164,29.915430068969727,30.163074493408203,105998,0.0,0.0
2020-09-03 00:00:00+08:00,30.212602615356445,30.906007766723633,29.915430068969727,30.60883331298828,145369,0.0,0.0
2020-09-04 00:00:00+08:00,30.163074493408203,30.955535888671875,29.717313766479492,30.955535888671875,143350,0.0,0.0
2020-09-07 00:00:00+08:00,31.20318031311035,31.20318031311035,30.7078914642334,30.856477737426758,221083,0.0,0.0
2020-09-08 00:00:00+08:00,30.856477737426758,31.153650283813477,30.361190795898438,30.509775161743164,74703,0.0,0.0
2020-09-09 00:00:00+08:00,30.113544464111328,30.212602615356445,29.81637191772461,30.064016342163086,60570,0.0,0.0
2020-09-10 00:00:00+08:00,30.55930519104004,30.55930519104004,29.766843795776367,29.766843795776367,45428,0.0,0.0
2020-09-11 00:00:00+08:00,29.469669342041016,29.469669342041016,28.726736068725586,28.825794219970703,245311,0.0,0.0
2020-09-14 00:00:00+08:00,29.023910522460938,30.212602615356445,29.023910522460938,29.66778564453125,110036,0.0,0.0
2020-09-15 00:00:00+08:00,29.66778564453125,29.66778564453125,29.222026824951172,29.3706111907959,47447,0.0,0.0
2020-09-16 00:00:00+08:00,29.222026824951172,29.3706111907959,29.222026824951172,29.3706111907959,23218,0.0,0.0
2020-09-17 00:00:00+08:00,29.51919937133789,29.51919937133789,29.222026824951172,29.321083068847656,48456,0.0,0.0
2020-09-18 00:00:00+08:00,29.51919937133789,29.865901947021484,29.469669342041016,29.469669342041016,52494,0.0,0.0
2020-09-21 00:00:00+08:00,29.568727493286133,29.66778564453125,29.222026824951172,29.3706111907959,78741,0.0,0.0
2020-09-22 00:00:00+08:00,29.568727493286133,29.568727493286133,28.726736068725586,29.023910522460938,95903,0.0,0.0
2020-09-23 00:00:00+08:00,28.825794219970703,29.023910522460938,28.57815170288086,28.825794219970703,86818,0.0,0.0
2020-09-24 00:00:00+08:00,28.77626609802246,28.825794219970703,28.280977249145508,28.677207946777344,109027,0.0,0.0
2020-09-25 00:00:00+08:00,28.6276798248291,28.726736068725586,27.83521842956543,27.98380470275879,55523,0.0,0.0
2020-09-28 00:00:00+08:00,27.98380470275879,28.280977249145508,27.2903995513916,28.13239097595215,49466,0.0,0.0
2020-09-29 00:00:00+08:00,27.98380470275879,27.98380470275879,27.686630249023438,27.785688400268555,46437,0.0,0.0
2020-09-30 00:00:00+08:00,27.785688400268555,28.03333282470703,27.785688400268555,27.934276580810547,34323,0.0,0.0
2020-10-05 00:00:00+08:00,27.785688400268555,27.83521842956543,27.736160278320312,27.83521842956543,53504,0.0,0.0
2020-10-06 00:00:00+08:00,27.785688400268555,28.231449127197266,27.785688400268555,27.98380470275879,24228,0.0,0.0
2020-10-07 00:00:00+08:00,27.884746551513672,27.934276580810547,27.38945770263672,27.884746551513672,64608,0.0,0.0
2020-10-08 00:00:00+08:00,27.736160278320312,27.83521842956543,27.686630249023438,27.83521842956543,37351,0.0,0.0
2020-10-12 00:00:00+08:00,27.736160278320312,28.33050537109375,27.438987731933594,27.438987731933594,85808,0.0,0.0
2020-10-13 00:00:00+08:00,27.438987731933594,27.686630249023438,27.042755126953125,27.042755126953125,167579,0.0,0.0
2020-10-14 00:00:00+08:00,27.042755126953125,27.488515853881836,27.042755126953125,27.38945770263672,102970,0.0,0.0
2020-10-15 00:00:00+08:00,27.339929580688477,27.339929580688477,26.94369888305664,27.38945770263672,86818,0.0,0.0
2020-10-16 00:00:00+08:00,28.13239097595215,30.064016342163086,27.438987731933594,30.064016342163086,772277,0.0,0.0
2020-10-19 00:00:00+08:00,30.26213264465332,30.806949615478516,29.07343864440918,30.113544464111328,574412,0.0,0.0
2020-10-20 00:00:00+08:00,29.51919937133789,30.064016342163086,29.51919937133789,29.568727493286133,120131,0.0,0.0
2020-10-21 00:00:00+08:00,29.915430068969727,29.915430068969727,29.222026824951172,29.51919937133789,104989,0.0,0.0
2020-10-22 00:00:00+08:00,29.321083068847656,29.321083068847656,28.380035400390625,28.875324249267578,112055,0.0,0.0
2020-10-23 00:00:00+08:00,28.825794219970703,28.825794219970703,28.528621673583984,28.77626609802246,73694,0.0,0.0
2020-10-26 00:00:00+08:00,28.726736068725586,28.825794219970703,28.18191909790039,28.231449127197266,79751,0.0,0.0
2020-10-27 00:00:00+08:00,27.934276580810547,28.479093551635742,27.736160278320312,28.231449127197266,76722,0.0,0.0
2020-10-28 00:00:00+08:00,28.92485237121582,28.92485237121582,27.83521842956543,28.082862854003906,40380,0.0,0.0
2020-10-29 00:00:00+08:00,28.13239097595215,28.380035400390625,27.785688400268555,28.231449127197266,59561,0.0,0.0
2020-10-30 00:00:00+08:00,28.231449127197266,30.658363342285156,27.934276580810547,30.658363342285156,1080178,0.0,0.0
2020-11-02 00:00:00+08:00,31.64893913269043,33.679622650146484,31.30223846435547,33.679622650146484,2728712,0.0,0.0
2020-11-03 00:00:00+08:00,33.87773895263672,34.02632522583008,31.847055435180664,33.18433380126953,1816112,0.0,0.0
2020-11-04 00:00:00+08:00,34.22444152832031,36.502769470214844,33.28339385986328,36.502769470214844,3281925,0.0,0.0
2020-11-05 00:00:00+08:00,36.9980583190918,40.11837387084961,36.70088195800781,39.52402877807617,6511355,0.0,0.0
2020-11-06 00:00:00+08:00,38.1372184753418,39.4744987487793,37.98863220214844,38.682037353515625,2011958,0.0,0.0
2020-11-09 00:00:00+08:00,41.30706787109375,41.30706787109375,39.1277961730957,39.4744987487793,1243719,0.0,0.0
2020-11-10 00:00:00+08:00,40.61366271972656,40.61366271972656,38.384864807128906,38.58298110961914,741991,0.0,0.0
2020-11-11 00:00:00+08:00,38.28580856323242,39.02873992919922,36.6513557434082,37.047584533691406,910580,0.0,0.0
2020-11-12 00:00:00+08:00,37.64193344116211,40.61366271972656,37.64193344116211,40.019317626953125,1853464,0.0,0.0
2020-11-13 00:00:00+08:00,39.96978759765625,39.96978759765625,37.64193344116211,38.58298110961914,912599,0.0,0.0
2020-11-16 00:00:00+08:00,38.682037353515625,38.78109359741211,37.24570083618164,37.24570083618164,727858,0.0,0.0
2020-11-17 00:00:00+08:00,37.443817138671875,38.1372184753418,35.6607780456543,37.592403411865234,767229,0.0,0.0
2020-11-18 00:00:00+08:00,37.24570083618164,37.84004592895508,36.84946823120117,36.9980583190918,336167,0.0,0.0
2020-11-19 00:00:00+08:00,35.75983428955078,39.623085021972656,35.75983428955078,39.02873992919922,803571,0.0,0.0
2020-11-20 00:00:00+08:00,38.63250732421875,38.63250732421875,37.64193344116211,37.98863220214844,403804,0.0,0.0
2020-11-23 00:00:00+08:00,36.84946823120117,38.08769226074219,36.84946823120117,37.34476089477539,299825,0.0,0.0
2020-11-24 00:00:00+08:00,37.34476089477539,39.22685623168945,37.34476089477539,37.93910598754883,444185,0.0,0.0
2020-11-25 00:00:00+08:00,39.1277961730957,41.70329666137695,39.1277961730957,41.70329666137695,1519316,0.0,0.0
2020-11-26 00:00:00+08:00,42.594818115234375,44.97220230102539,40.61366271972656,44.17974090576172,2610599,0.0,0.0
2020-11-27 00:00:00+08:00,43.38727951049805,44.774085998535156,42.594818115234375,43.09010696411133,1310347,0.0,0.0
2020-11-30 00:00:00+08:00,43.23869323730469,43.23869323730469,41.2080078125,41.505184173583984,996388,0.0,0.0
2020-12-01 00:00:00+08:00,41.505184173583984,43.23869323730469,41.406124114990234,42.00046920776367,716753,0.0,0.0
2020-12-02 00:00:00+08:00,42.00046920776367,42.1490592956543,40.71272277832031,41.108951568603516,423995,0.0,0.0
2020-12-03 00:00:00+08:00,41.406124114990234,41.406124114990234,39.67261505126953,40.51460647583008,486585,0.0,0.0
2020-12-04 00:00:00+08:00,41.108951568603516,41.2080078125,39.920257568359375,40.11837387084961,382605,0.0,0.0
2020-12-07 00:00:00+08:00,40.51460647583008,40.56413269042969,37.740989685058594,38.63250732421875,561288,0.0,0.0
2020-12-08 00:00:00+08:00,38.830623626708984,40.61366271972656,38.830623626708984,39.22685623168945,392700,0.0,0.0
2020-12-09 00:00:00+08:00,39.32591247558594,39.42497253417969,39.17732620239258,39.17732620239258,222092,0.0,0.0
2020-12-10 00:00:00+08:00,39.17732620239258,39.22685623168945,38.1372184753418,38.43439483642578,256416,0.0,0.0
2020-12-11 00:00:00+08:00,37.84004592895508,38.830623626708984,37.047584533691406,37.24570083618164,409862,0.0,0.0
2020-12-14 00:00:00+08:00,36.6513557434082,38.43439483642578,36.6513557434082,37.54287338256836,215026,0.0,0.0
2020-12-15 00:00:00+08:00,37.84004592895508,38.1372184753418,36.84946823120117,36.9980583190918,215026,0.0,0.0
2020-12-16 00:00:00+08:00,37.54287338256836,37.93910598754883,37.09711456298828,37.443817138671875,153445,0.0,0.0
2020-12-17 00:00:00+08:00,37.34476089477539,38.28580856323242,37.34476089477539,37.740989685058594,143350,0.0,0.0
2020-12-18 00:00:00+08:00,37.93910598754883,38.23627853393555,37.740989685058594,37.84004592895508,161521,0.0,0.0
2020-12-21 00:00:00+08:00,37.84004592895508,37.84004592895508,36.75041198730469,37.146644592285156,184740,0.0,0.0
2020-12-22 00:00:00+08:00,36.89899826049805,37.146644592285156,35.710304260253906,35.957950592041016,325063,0.0,0.0
2020-12-23 00:00:00+08:00,35.710304260253906,36.00748062133789,35.3140754699707,35.6607780456543,299825,0.0,0.0
2020-12-24 00:00:00+08:00,36.6513557434082,39.22685623168945,36.6513557434082,39.22685623168945,508794,0.0,0.0
2020-12-25 00:00:00+08:00,41.108951568603516,42.446231842041016,40.41554641723633,41.554710388183594,1709104,0.0,0.0
2020-12-28 00:00:00+08:00,41.108951568603516,41.108951568603516,40.06884765625,40.167903900146484,668297,0.0,0.0
2020-12-29 00:00:00+08:00,40.11837387084961,40.11837387084961,38.533451080322266,39.22685623168945,443175,0.0,0.0
2020-12-30 00:00:00+08:00,38.929683685302734,40.61366271972656,38.43439483642578,40.217430114746094,521917,0.0,0.0
2020-12-31 00:00:00+08:00,39.67261505126953,41.108951568603516,39.623085021972656,39.623085021972656,452261,0.0,0.0
2021-01-04 00:00:00+08:00,39.722145080566406,40.11837387084961,38.979209899902344,39.82120132446289,260454,0.0,0.0
2021-01-05 00:00:00+08:00,39.82120132446289,39.82120132446289,38.48392105102539,38.682037353515625,325063,0.0,0.0
2021-01-06 00:00:00+08:00,38.682037353515625,39.17732620239258,36.75041198730469,37.09711456298828,542108,0.0,0.0
2021-01-07 00:00:00+08:00,37.09711456298828,38.08769226074219,37.09711456298828,37.443817138671875,306891,0.0,0.0
2021-01-08 00:00:00+08:00,37.443817138671875,39.52402877807617,37.443817138671875,38.7315673828125,431061,0.0,0.0
2021-01-11 00:00:00+08:00,38.7315673828125,39.02873992919922,37.84004592895508,38.384864807128906,383614,0.0,0.0
2021-01-12 00:00:00+08:00,38.384864807128906,38.63250732421875,37.146644592285156,37.443817138671875,324053,0.0,0.0
2021-01-13 00:00:00+08:00,37.64193344116211,39.52402877807617,37.493343353271484,38.533451080322266,468413,0.0,0.0
2021-01-14 00:00:00+08:00,38.33533477783203,38.7315673828125,37.84004592895508,38.33533477783203,188778,0.0,0.0
2021-01-15 00:00:00+08:00,38.7315673828125,38.7315673828125,36.84946823120117,37.295230865478516,298815,0.0,0.0
2021-01-18 00:00:00+08:00,37.64193344116211,37.69145965576172,35.75983428955078,36.403709411621094,254397,0.0,0.0
2021-01-19 00:00:00+08:00,36.6513557434082,36.79994201660156,35.90842056274414,35.957950592041016,232187,0.0,0.0
2021-01-20 00:00:00+08:00,36.255123138427734,36.30465316772461,34.17491149902344,34.42255783081055,445194,0.0,0.0
2021-01-21 00:00:00+08:00,35.46266174316406,35.46266174316406,33.43198013305664,33.531036376953125,286701,0.0,0.0
2021-01-22 00:00:00+08:00,33.48150634765625,34.37302780151367,32.9862174987793,33.679622650146484,206950,0.0,0.0
2021-01-25 00:00:00+08:00,33.679622650146484,34.27396774291992,32.9862174987793,34.27396774291992,163541,0.0,0.0
2021-01-26 00:00:00+08:00,33.87773895263672,35.6607780456543,33.87773895263672,34.42255783081055,210988,0.0,0.0
2021-01-27 00:00:00+08:00,34.769256591796875,34.868316650390625,33.679622650146484,34.02632522583008,123160,0.0,0.0
2021-01-28 00:00:00+08:00,33.679622650146484,33.679622650146484,32.589988708496094,33.382450103759766,285692,0.0,0.0
2021-01-29 00:00:00+08:00,33.382450103759766,34.07585525512695,32.78810501098633,32.78810501098633,121141,0.0,0.0
2021-02-01 00:00:00+08:00,31.995641708374023,32.292816162109375,31.896583557128906,31.995641708374023,121141,0.0,0.0
2021-02-02 00:00:00+08:00,32.68904495239258,32.9862174987793,31.995641708374023,32.490928649902344,118112,0.0,0.0
2021-02-03 00:00:00+08:00,32.490928649902344,33.382450103759766,32.144229888916016,32.73857498168945,72684,0.0,0.0
2021-02-04 00:00:00+08:00,32.292816162109375,32.68904495239258,32.292816162109375,32.589988708496094,23218,0.0,0.0
2021-02-05 00:00:00+08:00,32.78810501098633,33.233863830566406,31.995641708374023,32.292816162109375,79751,0.0,0.0
2021-02-17 00:00:00+08:00,32.441402435302734,32.9862174987793,32.144229888916016,32.9862174987793,131236,0.0,0.0
2021-02-18 00:00:00+08:00,32.9862174987793,34.472084045410156,32.88716125488281,34.37302780151367,157483,0.0,0.0
2021-02-19 00:00:00+08:00,34.17491149902344,34.17491149902344,33.72915267944336,34.17491149902344,82780,0.0,0.0
2021-02-22 00:00:00+08:00,34.17491149902344,35.016902923583984,33.92726516723633,34.868316650390625,164550,0.0,0.0
2021-02-23 00:00:00+08:00,35.46266174316406,35.46266174316406,34.571144104003906,34.620670318603516,146379,0.0,0.0
2021-02-24 00:00:00+08:00,34.620670318603516,34.620670318603516,33.679622650146484,33.92726516723633,147388,0.0,0.0
2021-02-25 00:00:00+08:00,34.17491149902344,34.52161407470703,33.778682708740234,33.828208923339844,63599,0.0,0.0
2021-02-26 00:00:00+08:00,33.28339385986328,33.679622650146484,32.88716125488281,33.233863830566406,115084,0.0,0.0
2021-03-02 00:00:00+08:00,33.87773895263672,33.87773895263672,32.9862174987793,32.9862174987793,98932,0.0,0.0
2021-03-03 00:00:00+08:00,33.28339385986328,33.72915267944336,32.9862174987793,33.18433380126953,110036,0.0,0.0
2021-03-04 00:00:00+08:00,33.679622650146484,33.679622650146484,32.88716125488281,32.9862174987793,77732,0.0,0.0
2021-03-05 00:00:00+08:00,32.78810501098633,32.9862174987793,32.193756103515625,32.68904495239258,92875,0.0,0.0
2021-03-08 00:00:00+08:00,32.441402435302734,32.78810501098633,31.599411010742188,31.599411010742188,229159,0.0,0.0
2021-03-09 00:00:00+08:00,31.64893913269043,31.698469161987305,30.41071891784668,31.20318031311035,221083,0.0,0.0
2021-03-10 00:00:00+08:00,32.193756103515625,32.193756103515625,31.20318031311035,31.698469161987305,132246,0.0,0.0
2021-03-11 00:00:00+08:00,31.698469161987305,32.292816162109375,31.698469161987305,32.292816162109375,152436,0.0,0.0
2021-03-12 00:00:00+08:00,32.193756103515625,32.193756103515625,30.955535888671875,31.20318031311035,246321,0.0,0.0
2021-03-15 00:00:00+08:00,31.847055435180664,32.342342376708984,31.401296615600586,32.09469985961914,174645,0.0,0.0
2021-03-16 00:00:00+08:00,33.08527755737305,33.18433380126953,32.589988708496094,33.08527755737305,262473,0.0,0.0
2021-03-17 00:00:00+08:00,33.43198013305664,33.87773895263672,32.78810501098633,33.63009262084961,169598,0.0,0.0
2021-03-18 00:00:00+08:00,34.22444152832031,34.96737289428711,34.17491149902344,34.472084045410156,412890,0.0,0.0
2021-03-19 00:00:00+08:00,34.42255783081055,34.472084045410156,33.63009262084961,33.87773895263672,119122,0.0,0.0
2021-03-22 00:00:00+08:00,33.778682708740234,34.42255783081055,33.531036376953125,33.778682708740234,186759,0.0,0.0
2021-03-23 00:00:00+08:00,33.828208923339844,33.87773895263672,33.03574752807617,33.233863830566406,126189,0.0,0.0
2021-03-24 00:00:00+08:00,33.03574752807617,33.233863830566406,32.68904495239258,32.68904495239258,88837,0.0,0.0
2021-03-25 00:00:00+08:00,33.233863830566406,33.233863830566406,32.193756103515625,32.292816162109375,114074,0.0,0.0
2021-03-26 00:00:00+08:00,32.292816162109375,33.13480758666992,32.2432861328125,32.589988708496094,90856,0.0,0.0
2021-03-29 00:00:00+08:00,32.9862174987793,32.9862174987793,32.63951873779297,32.88716125488281,115084,0.0,0.0
2021-03-30 00:00:00+08:00,32.93669128417969,34.620670318603516,32.78810501098633,33.87773895263672,224111,0.0,0.0
2021-03-31 00:00:00+08:00,33.9767951965332,33.9767951965332,33.531036376953125,33.87773895263672,132246,0.0,0.0
2021-04-01 00:00:00+08:00,33.87773895263672,33.87773895263672,33.03574752807617,33.382450103759766,164550,0.0,0.0
2021-04-07 00:00:00+08:00,32.93669128417969,33.18433380126953,32.78810501098633,33.08527755737305,141331,0.0,0.0
2021-04-08 00:00:00+08:00,33.08527755737305,33.43198013305664,32.83763122558594,33.33292007446289,148398,0.0,0.0
2021-04-09 00:00:00+08:00,33.58056640625,36.6513557434082,33.531036376953125,36.6513557434082,754105,0.0,0.0
2021-04-12 00:00:00+08:00,40.316490173339844,40.316490173339844,40.316490173339844,40.316490173339844,938846,0.0,0.0
2021-04-13 00:00:00+08:00,43.18916320800781,43.28822326660156,39.623085021972656,39.82120132446289,3234477,0.0,0.0
2021-04-14 00:00:00+08:00,39.623085021972656,39.623085021972656,35.90842056274414,37.54287338256836,1202329,0.0,0.0
2021-04-15 00:00:00+08:00,37.146644592285156,39.02873992919922,36.75041198730469,38.929683685302734,506775,0.0,0.0
2021-04-16 00:00:00+08:00,38.533451080322266,39.4744987487793,38.1372184753418,38.929683685302734,617821,0.0,0.0
2021-04-19 00:00:00+08:00,38.830623626708984,39.52402877807617,38.03816223144531,38.03816223144531,475480,0.0,0.0
2021-04-20 00:00:00+08:00,38.1372184753418,38.7315673828125,37.64193344116211,38.1372184753418,300834,0.0,0.0
2021-04-21 00:00:00+08:00,37.88957595825195,37.88957595825195,37.443817138671875,37.443817138671875,286701,0.0,0.0
2021-04-22 00:00:00+08:00,37.64193344116211,38.23627853393555,36.45323944091797,36.55229568481445,441156,0.0,0.0
2021-04-23 00:00:00+08:00,36.255123138427734,36.45323944091797,35.809364318847656,36.106536865234375,386643,0.0,0.0
2021-04-26 00:00:00+08:00,36.84946823120117,38.929683685302734,36.403709411621094,38.1372184753418,409862,0.0,0.0
2021-04-27 00:00:00+08:00,38.533451080322266,38.88015365600586,37.69145965576172,37.69145965576172,264492,0.0,0.0
2021-04-28 00:00:00+08:00,38.28580856323242,38.28580856323242,36.84946823120117,36.84946823120117,246321,0.0,0.0
2021-04-29 00:00:00+08:00,37.047584533691406,37.24570083618164,36.502769470214844,36.60182571411133,169598,0.0,0.0
2021-05-03 00:00:00+08:00,36.60182571411133,36.6513557434082,34.67020034790039,34.67020034790039,351310,0.0,0.0
2021-05-04 00:00:00+08:00,34.67020034790039,34.67020034790039,31.698469161987305,32.54045867919922,293768,0.0,0.0
2021-05-05 00:00:00+08:00,31.995641708374023,33.48150634765625,31.94611358642578,32.589988708496094,132246,0.0,0.0
2021-05-06 00:00:00+08:00,32.589988708496094,33.28339385986328,32.045169830322266,32.39187240600586,189788,0.0,0.0
2021-05-07 00:00:00+08:00,32.589988708496094,33.48150634765625,32.490928649902344,33.382450103759766,77732,0.0,0.0
2021-05-10 00:00:00+08:00,33.48150634765625,34.868316650390625,33.43198013305664,33.679622650146484,119122,0.0,0.0
2021-05-11 00:00:00+08:00,32.68904495239258,33.03574752807617,31.30223846435547,31.30223846435547,292758,0.0,0.0
2021-05-12 00:00:00+08:00,31.30223846435547,31.35176658630371,28.18191909790039,28.528621673583984,395728,0.0,0.0
2021-05-13 00:00:00+08:00,25.804534912109375,29.81637191772461,25.804534912109375,29.717313766479492,364434,0.0,0.0
2021-05-14 00:00:00+08:00,29.717313766479492,30.60883331298828,28.380035400390625,28.528621673583984,171617,0.0,0.0
2021-05-17 00:00:00+08:00,27.042755126953125,28.429563522338867,26.448410034179688,26.49793815612793,348281,0.0,0.0
2021-05-18 00:00:00+08:00,26.844640731811523,29.122968673706055,26.844640731811523,29.122968673706055,245311,0.0,0.0
2021-05-19 00:00:00+08:00,28.92485237121582,29.717313766479492,28.77626609802246,29.07343864440918,117103,0.0,0.0
2021-05-20 00:00:00+08:00,28.231449127197266,29.222026824951172,28.231449127197266,28.77626609802246,35332,0.0,0.0
2021-05-21 00:00:00+08:00,28.77626609802246,30.212602615356445,28.77626609802246,29.766843795776367,126189,0.0,0.0
2021-05-24 00:00:00+08:00,29.618257522583008,29.717313766479492,29.07343864440918,29.618257522583008,54513,0.0,0.0
2021-05-25 00:00:00+08:00,30.113544464111328,30.60883331298828,29.915430068969727,29.915430068969727,70665,0.0,0.0
2021-05-26 00:00:00+08:00,29.81637191772461,29.81637191772461,28.726736068725586,29.321083068847656,80760,0.0,0.0
2021-05-27 00:00:00+08:00,29.271554946899414,29.568727493286133,28.57815170288086,29.122968673706055,150417,0.0,0.0
2021-05-28 00:00:00+08:00,29.122968673706055,29.766843795776367,29.122968673706055,29.717313766479492,111046,0.0,0.0
2021-05-31 00:00:00+08:00,30.60883331298828,32.68904495239258,30.60883331298828,32.68904495239258,259444,0.0,0.0
2021-06-01 00:00:00+08:00,35.957950592041016,35.957950592041016,35.957950592041016,35.957950592041016,364434,0.0,0.0
2021-06-02 00:00:00+08:00,39.42497253417969,39.52402877807617,38.03816223144531,39.52402877807617,3457580,0.0,0.0
2021-06-03 00:00:00+08:00,39.52402877807617,39.52402877807617,36.255123138427734,36.84946823120117,1307318,0.0,0.0
2021-06-04 00:00:00+08:00,35.90842056274414,38.63250732421875,35.6607780456543,36.94852828979492,655173,0.0,0.0
2021-06-07 00:00:00+08:00,36.94852828979492,36.94852828979492,34.9178466796875,35.26454544067383,379576,0.0,0.0
2021-06-08 00:00:00+08:00,35.46266174316406,37.64193344116211,34.719730377197266,37.09711456298828,428033,0.0,0.0
2021-06-09 00:00:00+08:00,37.34476089477539,37.34476089477539,35.75983428955078,36.15606689453125,301844,0.0,0.0
2021-06-10 00:00:00+08:00,35.85889434814453,36.15606689453125,35.41313171386719,35.957950592041016,264492,0.0,0.0
2021-06-11 00:00:00+08:00,35.56172180175781,35.85889434814453,35.066429138183594,35.11595916748047,200892,0.0,0.0
2021-06-15 00:00:00+08:00,36.15606689453125,37.54287338256836,35.6607780456543,36.255123138427734,373519,0.0,0.0
2021-06-16 00:00:00+08:00,36.502769470214844,36.6513557434082,35.26454544067383,35.51219177246094,259444,0.0,0.0
2021-06-17 00:00:00+08:00,35.36360549926758,35.75983428955078,35.016902923583984,35.36360549926758,156474,0.0,0.0
2021-06-18 00:00:00+08:00,35.36360549926758,36.00748062133789,35.21501922607422,35.26454544067383,154455,0.0,0.0
2021-06-21 00:00:00+08:00,34.22444152832031,35.26454544067383,33.58056640625,34.3234977722168,263482,0.0,0.0
2021-06-22 00:00:00+08:00,34.472084045410156,35.26454544067383,34.472084045410156,34.472084045410156,136284,0.0,0.0
2021-06-23 00:00:00+08:00,33.828208923339844,37.88957595825195,33.828208923339844,37.88957595825195,870199,0.0,0.0
2021-06-24 00:00:00+08:00,37.443817138671875,38.533451080322266,36.70088195800781,37.93910598754883,1050902,0.0,0.0
2021-06-25 00:00:00+08:00,37.79051971435547,39.82120132446289,37.295230865478516,38.48392105102539,1391108,0.0,0.0
2021-06-28 00:00:00+08:00,38.48392105102539,38.48392105102539,36.6513557434082,36.9980583190918,558260,0.0,0.0
2021-06-29 00:00:00+08:00,36.84946823120117,38.384864807128906,36.30465316772461,36.70088195800781,551193,0.0,0.0
2021-06-30 00:00:00+08:00,37.24570083618164,37.24570083618164,36.30465316772461,36.70088195800781,402795,0.0,0.0
2021-07-01 00:00:00+08:00,36.55229568481445,36.89899826049805,35.3140754699707,35.56172180175781,453271,0.0,0.0
2021-07-02 00:00:00+08:00,35.56172180175781,37.047584533691406,35.56172180175781,36.6513557434082,320015,0.0,0.0
2021-07-05 00:00:00+08:00,37.69145965576172,40.26696014404297,37.54287338256836,38.7315673828125,1303280,0.0,0.0
2021-07-06 00:00:00+08:00,37.88957595825195,38.43439483642578,37.146644592285156,37.196170806884766,611764,0.0,0.0
2021-07-07 00:00:00+08:00,37.54287338256836,37.93910598754883,36.60182571411133,36.75041198730469,285692,0.0,0.0
2021-07-08 00:00:00+08:00,36.84946823120117,37.443817138671875,36.55229568481445,36.55229568481445,276606,0.0,0.0
2021-07-09 00:00:00+08:00,36.35417938232422,37.24570083618164,36.35417938232422,36.45323944091797,189788,0.0,0.0
2021-07-12 00:00:00+08:00,37.047584533691406,38.929683685302734,36.6513557434082,38.533451080322266,891399,0.0,0.0
2021-07-13 00:00:00+08:00,38.830623626708984,39.32591247558594,36.45323944091797,36.45323944091797,768238,0.0,0.0
2021-07-14 00:00:00+08:00,36.70088195800781,36.94852828979492,35.36360549926758,35.75983428955078,421976,0.0,0.0
2021-07-15 00:00:00+08:00,35.809364318847656,36.502769470214844,35.75983428955078,36.15606689453125,215026,0.0,0.0
2021-07-16 00:00:00+08:00,36.00748062133789,38.43439483642578,35.6607780456543,38.43439483642578,717763,0.0,0.0
2021-07-19 00:00:00+08:00,38.63250732421875,40.11837387084961,37.84004592895508,39.32591247558594,1093302,0.0,0.0
2021-07-20 00:00:00+08:00,38.979209899902344,38.979209899902344,37.34476089477539,37.443817138671875,536051,0.0,0.0
2021-07-21 00:00:00+08:00,37.93910598754883,39.078269958496094,37.047584533691406,38.533451080322266,731896,0.0,0.0
2021-07-22 00:00:00+08:00,38.979209899902344,39.42497253417969,37.09711456298828,37.54287338256836,653154,0.0,0.0
2021-07-23 00:00:00+08:00,38.1372184753418,38.1372184753418,36.89899826049805,36.94852828979492,358376,0.0,0.0
2021-07-26 00:00:00+08:00,36.9980583190918,37.88957595825195,36.9980583190918,37.295230865478516,259444,0.0,0.0
2021-07-27 00:00:00+08:00,37.295230865478516,37.443817138671875,36.0570068359375,36.106536865234375,427023,0.0,0.0
2021-07-28 00:00:00+08:00,36.106536865234375,36.106536865234375,34.27396774291992,34.9178466796875,345253,0.0,0.0
2021-07-29 00:00:00+08:00,35.56172180175781,35.90842056274414,35.11595916748047,35.6607780456543,147388,0.0,0.0
2021-07-30 00:00:00+08:00,36.0570068359375,36.20559310913086,35.6607780456543,35.6607780456543,234206,0.0,0.0
2021-08-02 00:00:00+08:00,35.6607780456543,35.6607780456543,35.11595916748047,35.41313171386719,124170,0.0,0.0
2021-08-03 00:00:00+08:00,35.56172180175781,37.394287109375,35.56172180175781,36.84946823120117,369481,0.0,0.0
2021-08-04 00:00:00+08:00,37.146644592285156,37.146644592285156,36.0570068359375,36.255123138427734,146379,0.0,0.0
2021-08-05 00:00:00+08:00,36.60182571411133,37.54287338256836,36.20559310913086,36.89899826049805,471442,0.0,0.0
2021-08-06 00:00:00+08:00,36.89899826049805,40.56413269042969,36.55229568481445,40.11837387084961,2903357,0.0,0.0
2021-08-09 00:00:00+08:00,38.63250732421875,41.108951568603516,37.443817138671875,39.1277961730957,2171461,0.0,0.0
2021-08-10 00:00:00+08:00,38.1372184753418,38.7315673828125,35.957950592041016,36.55229568481445,1222519,0.0,0.0
2021-08-11 00:00:00+08:00,37.146644592285156,37.146644592285156,35.066429138183594,35.46266174316406,839914,0.0,0.0
2021-08-12 00:00:00+08:00,35.710304260253906,36.0570068359375,35.165489196777344,36.00748062133789,348281,0.0,0.0
2021-08-13 00:00:00+08:00,36.30465316772461,36.30465316772461,35.016902923583984,35.26454544067383,296796,0.0,0.0
2021-08-16 00:00:00+08:00,35.26454544067383,35.6607780456543,33.43198013305664,34.17491149902344,591574,0.0,0.0
2021-08-17 00:00:00+08:00,34.17491149902344,34.17491149902344,34.17491149902344,34.17491149902344,0,0.0,0.0
2021-08-18 00:00:00+08:00,31.252708435058594,33.87773895263672,31.252708435058594,33.778682708740234,235216,0.0,0.0
2021-08-19 00:00:00+08:00,33.778682708740234,33.778682708740234,31.450824737548828,31.79752540588379,601669,0.0,0.0
2021-08-20 00:00:00+08:00,31.847055435180664,33.382450103759766,31.00506591796875,32.193756103515625,299825,0.0,0.0
2021-08-23 00:00:00+08:00,32.193756103515625,33.531036376953125,32.193756103515625,33.28339385986328,199883,0.0,0.0
2021-08-24 00:00:00+08:00,33.63009262084961,34.42255783081055,33.48150634765625,33.531036376953125,250359,0.0,0.0
2021-08-25 00:00:00+08:00,33.531036376953125,34.472084045410156,33.48150634765625,34.17491149902344,179693,0.0,0.0
2021-08-26 00:00:00+08:00,34.22444152832031,36.79994201660156,34.12538146972656,35.75983428955078,590564,0.0,0.0
2021-08-27 00:00:00+08:00,35.165489196777344,36.45323944091797,34.81878662109375,34.96737289428711,361405,0.0,0.0
2021-08-30 00:00:00+08:00,34.868316650390625,35.165489196777344,34.67020034790039,34.769256591796875,138303,0.0,0.0
2021-08-31 00:00:00+08:00,34.96737289428711,36.15606689453125,34.96737289428711,35.46266174316406,199883,0.0,0.0
2021-09-01 00:00:00+08:00,36.45323944091797,36.45323944091797,35.066429138183594,35.26454544067383,248340,0.0,0.0
2021-09-02 00:00:00+08:00,35.90842056274414,35.90842056274414,34.472084045410156,34.472084045410156,189788,0.0,0.0
2021-09-03 00:00:00+08:00,34.472084045410156,35.51219177246094,34.3234977722168,34.3234977722168,142341,0.0,0.0
2021-09-06 00:00:00+08:00,35.21501922607422,35.21501922607422,33.9767951965332,34.37302780151367,111046,0.0,0.0
2021-09-07 00:00:00+08:00,34.07585525512695,34.07585525512695,33.43198013305664,33.92726516723633,165560,0.0,0.0
2021-09-08 00:00:00+08:00,33.679622650146484,33.679622650146484,32.68904495239258,33.08527755737305,159502,0.0,0.0
2021-09-09 00:00:00+08:00,32.68904495239258,33.58056640625,32.68904495239258,33.28339385986328,68646,0.0,0.0
2021-09-10 00:00:00+08:00,33.33292007446289,34.12538146972656,32.9862174987793,33.72915267944336,111046,0.0,0.0
2021-09-13 00:00:00+08:00,34.27396774291992,34.27396774291992,33.531036376953125,33.87773895263672,68646,0.0,0.0
2021-09-14 00:00:00+08:00,33.87773895263672,34.96737289428711,33.87773895263672,34.27396774291992,176664,0.0,0.0
2021-09-15 00:00:00+08:00,35.016902923583984,35.56172180175781,34.17491149902344,34.472084045410156,153445,0.0,0.0
2021-09-16 00:00:00+08:00,34.472084045410156,34.472084045410156,33.233863830566406,33.43198013305664,154455,0.0,0.0
2021-09-17 00:00:00+08:00,33.9767951965332,33.9767951965332,33.28339385986328,33.531036376953125,37351,0.0,0.0
2021-09-22 00:00:00+08:00,32.193756103515625,33.58056640625,32.193756103515625,33.48150634765625,51485,0.0,0.0
2021-09-23 00:00:00+08:00,33.48150634765625,33.58056640625,33.233863830566406,33.43198013305664,27256,0.0,0.0
2021-09-24 00:00:00+08:00,33.48150634765625,34.07585525512695,32.68904495239258,33.18433380126953,182721,0.0,0.0
2021-09-27 00:00:00+08:00,32.88716125488281,33.778682708740234,32.88716125488281,33.43198013305664,96913,0.0,0.0
2021-09-28 00:00:00+08:00,33.33292007446289,33.43198013305664,32.78810501098633,33.43198013305664,79751,0.0,0.0
2021-09-29 00:00:00+08:00,32.78810501098633,33.43198013305664,32.68904495239258,33.08527755737305,131236,0.0,0.0
2021-09-30 00:00:00+08:00,32.9862174987793,33.778682708740234,32.9862174987793,33.679622650146484,90856,0.0,0.0
2021-10-01 00:00:00+08:00,34.07585525512695,34.620670318603516,33.28339385986328,33.28339385986328,175655,0.0,0.0
2021-10-04 00:00:00+08:00,34.17491149902344,34.17491149902344,31.79752540588379,31.896583557128906,213007,0.0,0.0
2021-10-05 00:00:00+08:00,31.698469161987305,32.045169830322266,30.75741958618164,31.995641708374023,61580,0.0,0.0
2021-10-06 00:00:00+08:00,32.39187240600586,32.39187240600586,31.599411010742188,31.64893913269043,48456,0.0,0.0
2021-10-07 00:00:00+08:00,31.847055435180664,32.292816162109375,31.79752540588379,31.847055435180664,56532,0.0,0.0
2021-10-08 00:00:00+08:00,31.896583557128906,32.39187240600586,31.747997283935547,31.747997283935547,56532,0.0,0.0
2021-10-12 00:00:00+08:00,31.698469161987305,31.698469161987305,30.7078914642334,30.955535888671875,168588,0.0,0.0
2021-10-13 00:00:00+08:00,31.30223846435547,31.30223846435547,30.163074493408203,30.311660766601562,130227,0.0,0.0
2021-10-14 00:00:00+08:00,30.311660766601562,31.00506591796875,30.212602615356445,30.7078914642334,79751,0.0,0.0
2021-10-15 00:00:00+08:00,30.7078914642334,31.153650283813477,30.7078914642334,31.054594039916992,63599,0.0,0.0
2021-10-18 00:00:00+08:00,31.153650283813477,31.698469161987305,31.153650283813477,31.401296615600586,60570,0.0,0.0
2021-10-19 00:00:00+08:00,31.698469161987305,32.83763122558594,31.64893913269043,32.292816162109375,132246,0.0,0.0
2021-10-20 00:00:00+08:00,32.63951873779297,32.63951873779297,31.847055435180664,31.896583557128906,73694,0.0,0.0
2021-10-21 00:00:00+08:00,32.09469985961914,32.9862174987793,31.698469161987305,32.63951873779297,132246,0.0,0.0
2021-10-22 00:00:00+08:00,32.63951873779297,32.73857498168945,31.995641708374023,31.995641708374023,104989,0.0,0.0
2021-10-25 00:00:00+08:00,32.441402435302734,35.165489196777344,32.441402435302734,35.165489196777344,719782,0.0,0.0
2021-10-26 00:00:00+08:00,36.84946823120117,38.682037353515625,36.502769470214844,37.79051971435547,3074974,0.0,0.0
2021-10-27 00:00:00+08:00,36.0570068359375,36.79994201660156,35.6607780456543,36.20559310913086,1532439,0.0,0.0
2021-10-28 00:00:00+08:00,36.20559310913086,37.047584533691406,35.165489196777344,36.45323944091797,703630,0.0,0.0
2021-10-29 00:00:00+08:00,36.6513557434082,39.623085021972656,36.502769470214844,38.08769226074219,1680838,0.0,0.0
2021-11-01 00:00:00+08:00,38.830623626708984,39.17732620239258,37.146644592285156,37.84004592895508,996388,0.0,0.0
2021-11-02 00:00:00+08:00,38.23627853393555,38.23627853393555,35.51219177246094,35.6607780456543,855057,0.0,0.0
2021-11-03 00:00:00+08:00,35.46266174316406,36.502769470214844,35.46266174316406,36.00748062133789,255406,0.0,0.0
2021-11-04 00:00:00+08:00,36.30465316772461,36.30465316772461,35.809364318847656,35.957950592041016,256416,0.0,0.0
2021-11-05 00:00:00+08:00,36.0570068359375,36.0570068359375,35.56172180175781,35.85889434814453,188778,0.0,0.0
2021-11-08 00:00:00+08:00,36.106536865234375,36.106536865234375,35.26454544067383,35.36360549926758,241273,0.0,0.0
2021-11-09 00:00:00+08:00,35.165489196777344,36.00748062133789,35.165489196777344,35.957950592041016,171617,0.0,0.0
2021-11-10 00:00:00+08:00,35.46266174316406,37.34476089477539,35.36360549926758,36.15606689453125,314967,0.0,0.0
2021-11-11 00:00:00+08:00,35.710304260253906,36.6513557434082,35.56172180175781,35.710304260253906,194835,0.0,0.0
2021-11-12 00:00:00+08:00,35.75983428955078,36.106536865234375,35.51219177246094,35.85889434814453,150417,0.0,0.0
2021-11-15 00:00:00+08:00,36.15606689453125,38.03816223144531,36.15606689453125,37.394287109375,911589,0.0,0.0
2021-11-16 00:00:00+08:00,37.24570083618164,37.24570083618164,36.106536865234375,36.502769470214844,463366,0.0,0.0
2021-11-17 00:00:00+08:00,36.6513557434082,37.09711456298828,36.30465316772461,36.75041198730469,234206,0.0,0.0
2021-11-18 00:00:00+08:00,36.75041198730469,37.98863220214844,36.75041198730469,37.443817138671875,477499,0.0,0.0
2021-11-19 00:00:00+08:00,37.443817138671875,37.64193344116211,36.75041198730469,36.75041198730469,382605,0.0,0.0
2021-11-22 00:00:00+08:00,36.75041198730469,37.84004592895508,36.75041198730469,37.54287338256836,340205,0.0,0.0
2021-11-23 00:00:00+08:00,37.64193344116211,37.64193344116211,36.70088195800781,36.75041198730469,241273,0.0,0.0
2021-11-24 00:00:00+08:00,37.09711456298828,38.830623626708984,37.09711456298828,38.63250732421875,1032731,0.0,0.0
2021-11-25 00:00:00+08:00,39.1277961730957,39.1277961730957,38.03816223144531,38.33533477783203,449233,0.0,0.0
2021-11-26 00:00:00+08:00,38.43439483642578,38.43439483642578,36.70088195800781,37.24570083618164,504756,0.0,0.0
2021-11-29 00:00:00+08:00,36.6513557434082,37.146644592285156,35.957950592041016,36.70088195800781,250359,0.0,0.0
2021-11-30 00:00:00+08:00,37.09711456298828,38.43439483642578,36.89899826049805,37.79051971435547,435099,0.0,0.0
2021-12-01 00:00:00+08:00,38.08769226074219,38.08769226074219,36.9980583190918,37.79051971435547,282663,0.0,0.0
2021-12-02 00:00:00+08:00,37.84004592895508,37.84004592895508,36.9980583190918,37.295230865478516,190797,0.0,0.0
2021-12-03 00:00:00+08:00,37.295230865478516,37.64193344116211,36.9980583190918,37.64193344116211,152436,0.0,0.0
2021-12-06 00:00:00+08:00,38.1372184753418,38.1372184753418,37.54287338256836,38.08769226074219,284682,0.0,0.0
2021-12-07 00:00:00+08:00,38.08769226074219,38.1372184753418,37.64193344116211,37.740989685058594,139312,0.0,0.0
2021-12-08 00:00:00+08:00,37.740989685058594,38.88015365600586,37.740989685058594,38.384864807128906,641040,0.0,0.0
2021-12-09 00:00:00+08:00,38.33533477783203,41.05942153930664,38.33533477783203,39.82120132446289,1322461,0.0,0.0
2021-12-10 00:00:00+08:00,39.82120132446289,39.82120132446289,38.63250732421875,39.1277961730957,431061,0.0,0.0
2021-12-13 00:00:00+08:00,38.1372184753418,38.533451080322266,37.146644592285156,37.394287109375,786410,0.0,0.0
2021-12-14 00:00:00+08:00,37.196170806884766,37.64193344116211,36.84946823120117,37.196170806884766,262473,0.0,0.0
2021-12-15 00:00:00+08:00,37.34476089477539,37.740989685058594,37.196170806884766,37.443817138671875,144360,0.0,0.0
2021-12-16 00:00:00+08:00,37.54287338256836,38.03816223144531,37.493343353271484,37.64193344116211,179693,0.0,0.0
2021-12-17 00:00:00+08:00,37.740989685058594,37.93910598754883,37.24570083618164,37.295230865478516,128208,0.0,0.0
2021-12-20 00:00:00+08:00,37.295230865478516,37.64193344116211,37.047584533691406,37.146644592285156,114074,0.0,0.0
2021-12-21 00:00:00+08:00,37.146644592285156,37.295230865478516,36.45323944091797,37.295230865478516,218054,0.0,0.0
2021-12-22 00:00:00+08:00,37.295230865478516,37.592403411865234,37.24570083618164,37.34476089477539,104989,0.0,0.0
2021-12-23 00:00:00+08:00,38.63250732421875,40.019317626953125,38.43439483642578,38.78109359741211,721801,0.0,0.0
2021-12-24 00:00:00+08:00,38.78109359741211,38.88015365600586,38.1372184753418,38.28580856323242,194835,0.0,0.0
2021-12-27 00:00:00+08:00,38.78109359741211,39.22685623168945,37.64193344116211,38.1372184753418,386643,0.0,0.0
2021-12-28 00:00:00+08:00,38.830623626708984,38.929683685302734,38.33533477783203,38.48392105102539,367462,0.0,0.0
2021-12-29 00:00:00+08:00,39.078269958496094,39.623085021972656,38.682037353515625,38.830623626708984,459328,0.0,0.0
2021-12-30 00:00:00+08:00,39.57355880737305,42.69387435913086,39.02873992919922,42.69387435913086,3377828,0.0,0.0
2022-01-03 00:00:00+08:00,44.130210876464844,46.9533576965332,43.78350830078125,46.9533576965332,2335002,0.0,0.0
2022-01-04 00:00:00+08:00,48.43922424316406,50.71754837036133,44.873146057128906,50.51943588256836,5478624,0.0,0.0
2022-01-05 00:00:00+08:00,49.33074188232422,49.82603073120117,46.557125091552734,47.05241394042969,2766064,0.0,0.0
2022-01-06 00:00:00+08:00,45.71513748168945,48.53828048706055,45.071258544921875,47.15147018432617,1765637,0.0,0.0
2022-01-07 00:00:00+08:00,47.15147018432617,47.54770278930664,44.57597351074219,44.97220230102539,1439564,0.0,0.0
2022-01-10 00:00:00+08:00,43.78350830078125,45.318904876708984,43.78350830078125,44.17974090576172,851019,0.0,0.0
2022-01-11 00:00:00+08:00,43.58539581298828,43.78350830078125,41.05942153930664,41.05942153930664,1430479,0.0,0.0
2022-01-12 00:00:00+08:00,41.60424041748047,41.90141296386719,40.11837387084961,41.406124114990234,698582,0.0,0.0
2022-01-13 00:00:00+08:00,41.406124114990234,42.198585510253906,40.61366271972656,42.198585510253906,402795,0.0,0.0
2022-01-14 00:00:00+08:00,42.00046920776367,42.00046920776367,38.63250732421875,39.32591247558594,948941,0.0,0.0
2022-01-17 00:00:00+08:00,39.32591247558594,41.108951568603516,38.929683685302734,40.56413269042969,392700,0.0,0.0
2022-01-18 00:00:00+08:00,40.56413269042969,40.8117790222168,39.623085021972656,39.722145080566406,264492,0.0,0.0
2022-01-19 00:00:00+08:00,38.830623626708984,43.684452056884766,38.830623626708984,43.684452056884766,984274,0.0,0.0
2022-01-20 00:00:00+08:00,47.05241394042969,48.042991638183594,46.557125091552734,48.042991638183594,4822441,0.0,0.0
2022-01-21 00:00:00+08:00,45.66560745239258,48.34016418457031,44.67502975463867,46.259952545166016,2956862,0.0,0.0
2022-01-24 00:00:00+08:00,45.56654739379883,45.56654739379883,41.90141296386719,42.891990661621094,1736361,0.0,0.0
2022-01-25 00:00:00+08:00,42.198585510253906,45.56654739379883,41.90141296386719,44.37785720825195,1579887,0.0,0.0
2022-01-26 00:00:00+08:00,43.13963317871094,44.17974090576172,42.00046920776367,42.00046920776367,1376975,0.0,0.0
2022-02-07 00:00:00+08:00,42.09952926635742,42.99104690551758,40.76224899291992,41.95094299316406,544127,0.0,0.0
2022-02-08 00:00:00+08:00,42.00046920776367,43.43680953979492,41.8023567199707,43.04057693481445,706658,0.0,0.0
2022-02-09 00:00:00+08:00,42.94152069091797,44.67502975463867,41.90141296386719,44.37785720825195,1207376,0.0,0.0
2022-02-10 00:00:00+08:00,43.882568359375,44.080684661865234,42.39670181274414,42.39670181274414,953989,0.0,0.0
2022-02-11 00:00:00+08:00,41.70329666137695,43.18916320800781,41.653770446777344,41.8023567199707,519898,0.0,0.0
2022-02-14 00:00:00+08:00,41.406124114990234,41.70329666137695,40.61366271972656,40.8117790222168,581479,0.0,0.0
2022-02-15 00:00:00+08:00,40.8117790222168,41.70329666137695,40.8117790222168,40.861305236816406,383614,0.0,0.0
2022-02-16 00:00:00+08:00,41.356597900390625,41.8023567199707,41.05942153930664,41.108951568603516,320015,0.0,0.0
2022-02-17 00:00:00+08:00,41.108951568603516,42.39670181274414,40.8117790222168,40.960365295410156,461347,0.0,0.0
2022-02-18 00:00:00+08:00,40.36602020263672,40.71272277832031,40.11837387084961,40.61366271972656,565326,0.0,0.0
2022-02-21 00:00:00+08:00,40.61366271972656,40.66319274902344,39.722145080566406,40.41554641723633,366453,0.0,0.0
2022-02-22 00:00:00+08:00,40.167903900146484,40.167903900146484,39.22685623168945,39.42497253417969,570374,0.0,0.0
2022-02-23 00:00:00+08:00,39.42497253417969,39.82120132446289,39.32591247558594,39.67261505126953,183731,0.0,0.0
2022-02-24 00:00:00+08:00,39.37544250488281,39.37544250488281,37.34476089477539,37.443817138671875,684449,0.0,0.0
2022-02-25 00:00:00+08:00,37.98863220214844,38.384864807128906,37.64193344116211,37.79051971435547,237235,0.0,0.0
2022-03-01 00:00:00+08:00,37.79051971435547,39.870731353759766,37.79051971435547,39.623085021972656,380586,0.0,0.0
2022-03-02 00:00:00+08:00,39.32591247558594,39.82120132446289,38.830623626708984,39.32591247558594,199883,0.0,0.0
2022-03-03 00:00:00+08:00,39.82120132446289,41.05942153930664,39.42497253417969,40.019317626953125,397747,0.0,0.0
2022-03-04 00:00:00+08:00,39.52402877807617,40.41554641723633,39.1277961730957,39.22685623168945,280644,0.0,0.0
2022-03-07 00:00:00+08:00,39.22685623168945,39.22685623168945,37.64193344116211,37.93910598754883,281653,0.0,0.0
2022-03-08 00:00:00+08:00,36.94852828979492,38.23627853393555,36.6513557434082,36.6513557434082,376548,0.0,0.0
2022-03-09 00:00:00+08:00,36.84946823120117,37.64193344116211,36.75041198730469,37.443817138671875,193826,0.0,0.0
2022-03-10 00:00:00+08:00,37.98863220214844,38.929683685302734,37.88957595825195,38.23627853393555,362414,0.0,0.0
2022-03-11 00:00:00+08:00,38.03816223144531,38.830623626708984,37.64193344116211,37.740989685058594,173636,0.0,0.0
2022-03-14 00:00:00+08:00,37.93910598754883,38.08769226074219,37.740989685058594,38.03816223144531,117103,0.0,0.0
2022-03-15 00:00:00+08:00,38.03816223144531,38.7315673828125,36.9980583190918,37.047584533691406,227140,0.0,0.0
2022-03-16 00:00:00+08:00,37.24570083618164,37.493343353271484,36.94852828979492,37.196170806884766,190797,0.0,0.0
2022-03-17 00:00:00+08:00,37.54287338256836,38.08769226074219,37.54287338256836,37.93910598754883,256416,0.0,0.0
2022-03-18 00:00:00+08:00,37.93910598754883,38.18674850463867,37.394287109375,37.79051971435547,123160,0.0,0.0
2022-03-21 00:00:00+08:00,37.93910598754883,38.43439483642578,37.64193344116211,37.84004592895508,163541,0.0,0.0
2022-03-22 00:00:00+08:00,37.69145965576172,38.33533477783203,37.69145965576172,38.08769226074219,146379,0.0,0.0
2022-03-23 00:00:00+08:00,38.63250732421875,38.929683685302734,38.28580856323242,38.48392105102539,181712,0.0,0.0
2022-03-24 00:00:00+08:00,38.929683685302734,42.297645568847656,38.830623626708984,42.297645568847656,1559696,0.0,0.0
2022-03-25 00:00:00+08:00,42.198585510253906,43.18916320800781,41.108951568603516,42.04999923706055,1788856,0.0,0.0
2022-03-28 00:00:00+08:00,41.2080078125,41.2080078125,39.4744987487793,39.623085021972656,688487,0.0,0.0
2022-03-29 00:00:00+08:00,40.41554641723633,40.51460647583008,39.67261505126953,39.722145080566406,309920,0.0,0.0
2022-03-30 00:00:00+08:00,40.11837387084961,40.61366271972656,39.771671295166016,40.61366271972656,331120,0.0,0.0
2022-03-31 00:00:00+08:00,40.8117790222168,40.960365295410156,39.920257568359375,39.96978759765625,165560,0.0,0.0
2022-04-01 00:00:00+08:00,39.4744987487793,39.623085021972656,39.02873992919922,39.623085021972656,243292,0.0,0.0
2022-04-06 00:00:00+08:00,39.4744987487793,41.60424041748047,39.4744987487793,41.406124114990234,454280,0.0,0.0
2022-04-07 00:00:00+08:00,41.2080078125,41.60424041748047,39.67261505126953,39.67261505126953,586526,0.0,0.0
2022-04-08 00:00:00+08:00,39.82120132446289,40.41554641723633,39.722145080566406,40.11837387084961,170607,0.0,0.0
2022-04-11 00:00:00+08:00,40.71272277832031,42.09952926635742,40.316490173339844,41.2080078125,729877,0.0,0.0
2022-04-12 00:00:00+08:00,41.2080078125,41.2080078125,39.623085021972656,40.61366271972656,362414,0.0,0.0
2022-04-13 00:00:00+08:00,42.39670181274414,43.38727951049805,41.505184173583984,41.75282669067383,1148825,0.0,0.0
2022-04-14 00:00:00+08:00,41.45565414428711,42.00046920776367,40.66319274902344,40.8117790222168,420966,0.0,0.0
2022-04-15 00:00:00+08:00,39.870731353759766,41.108951568603516,39.870731353759766,40.71272277832031,336167,0.0,0.0
2022-04-18 00:00:00+08:00,40.316490173339844,40.66319274902344,39.82120132446289,39.82120132446289,299825,0.0,0.0
2022-04-19 00:00:00+08:00,40.61366271972656,41.108951568603516,40.11837387084961,40.8117790222168,236225,0.0,0.0
2022-04-20 00:00:00+08:00,41.60424041748047,42.743404388427734,41.356597900390625,41.8023567199707,959036,0.0,0.0
2022-04-21 00:00:00+08:00,41.95094299316406,42.39670181274414,41.554710388183594,42.297645568847656,528984,0.0,0.0
2022-04-22 00:00:00+08:00,41.8023567199707,41.85188674926758,41.15848159790039,41.2080078125,476489,0.0,0.0
2022-04-25 00:00:00+08:00,40.06884765625,40.51460647583008,39.27638244628906,39.42497253417969,545136,0.0,0.0
2022-04-26 00:00:00+08:00,39.623085021972656,39.722145080566406,37.69145965576172,38.33533477783203,428033,0.0,0.0
2022-04-27 00:00:00+08:00,37.24570083618164,38.63250732421875,36.6513557434082,38.18674850463867,280644,0.0,0.0
2022-04-28 00:00:00+08:00,38.18674850463867,38.63250732421875,37.84004592895508,37.88957595825195,98932,0.0,0.0
2022-04-29 00:00:00+08:00,38.03816223144531,38.830623626708984,38.03816223144531,38.08769226074219,159502,0.0,0.0
2022-05-03 00:00:00+08:00,38.63250732421875,38.63250732421875,37.93910598754883,37.93910598754883,77732,0.0,0.0
2022-05-04 00:00:00+08:00,38.63250732421875,38.830623626708984,37.93910598754883,38.03816223144531,93884,0.0,0.0
2022-05-05 00:00:00+08:00,38.43439483642578,38.929683685302734,38.33533477783203,38.7315673828125,105998,0.0,0.0
2022-05-06 00:00:00+08:00,38.03816223144531,38.533451080322266,37.69145965576172,38.03816223144531,115084,0.0,0.0
2022-05-09 00:00:00+08:00,37.54287338256836,37.98863220214844,37.146644592285156,37.196170806884766,141331,0.0,0.0
2022-05-10 00:00:00+08:00,36.55229568481445,37.09711456298828,36.20559310913086,36.9980583190918,140322,0.0,0.0
2022-05-11 00:00:00+08:00,36.45323944091797,36.89899826049805,35.6607780456543,36.15606689453125,328091,0.0,0.0
2022-05-12 00:00:00+08:00,36.15606689453125,36.15606689453125,34.22444152832031,34.620670318603516,299825,0.0,0.0
2022-05-13 00:00:00+08:00,34.67020034790039,35.165489196777344,34.67020034790039,34.9178466796875,226130,0.0,0.0
2022-05-16 00:00:00+08:00,35.3140754699707,35.6607780456543,35.3140754699707,35.36360549926758,119122,0.0,0.0
2022-05-17 00:00:00+08:00,36.45323944091797,37.09711456298828,36.255123138427734,36.70088195800781,158493,0.0,0.0
2022-05-18 00:00:00+08:00,37.64193344116211,37.64193344116211,37.146644592285156,37.34476089477539,132246,0.0,0.0
2022-05-19 00:00:00+08:00,35.710304260253906,37.295230865478516,35.710304260253906,37.295230865478516,110036,0.0,0.0
2022-05-20 00:00:00+08:00,37.295230865478516,37.592403411865234,37.047584533691406,37.295230865478516,105998,0.0,0.0
2022-05-23 00:00:00+08:00,38.1372184753418,38.1372184753418,37.24570083618164,37.592403411865234,96913,0.0,0.0
2022-05-24 00:00:00+08:00,37.394287109375,37.443817138671875,36.6513557434082,36.70088195800781,90856,0.0,0.0
2022-05-25 00:00:00+08:00,36.75041198730469,37.24570083618164,36.70088195800781,37.196170806884766,73694,0.0,0.0
2022-05-26 00:00:00+08:00,37.64193344116211,37.69145965576172,36.94852828979492,36.94852828979492,93884,0.0,0.0
2022-05-27 00:00:00+08:00,36.94852828979492,37.740989685058594,36.94852828979492,37.146644592285156,139312,0.0,0.0
2022-05-30 00:00:00+08:00,39.02873992919922,39.02873992919922,37.295230865478516,37.64193344116211,90856,0.0,0.0
2022-05-31 00:00:00+08:00,37.740989685058594,37.740989685058594,37.146644592285156,37.24570083618164,61580,0.0,0.0
2022-06-01 00:00:00+08:00,37.295230865478516,37.64193344116211,37.24570083618164,37.34476089477539,86818,0.0,0.0
2022-06-02 00:00:00+08:00,37.24570083618164,37.54287338256836,37.24570083618164,37.54287338256836,50475,0.0,0.0
2022-06-06 00:00:00+08:00,37.146644592285156,37.493343353271484,36.9980583190918,37.34476089477539,54513,0.0,0.0
2022-06-07 00:00:00+08:00,37.443817138671875,37.443817138671875,36.89899826049805,36.9980583190918,44418,0.0,0.0
2022-06-08 00:00:00+08:00,37.146644592285156,38.28580856323242,37.146644592285156,37.493343353271484,103979,0.0,0.0
2022-06-09 00:00:00+08:00,37.64193344116211,37.64193344116211,37.493343353271484,37.54287338256836,54513,0.0,0.0
2022-06-10 00:00:00+08:00,37.34476089477539,37.443817138671875,37.146644592285156,37.146644592285156,55523,0.0,0.0
2022-06-13 00:00:00+08:00,37.79051971435547,40.861305236816406,37.79051971435547,40.861305236816406,2168432,0.0,0.0
2022-06-14 00:00:00+08:00,40.861305236816406,41.108951568603516,38.43439483642578,39.1277961730957,1521335,0.0,0.0
2022-06-15 00:00:00+08:00,38.979209899902344,40.06884765625,38.63250732421875,38.88015365600586,621859,0.0,0.0
2022-06-16 00:00:00+08:00,39.623085021972656,39.82120132446289,37.93910598754883,37.93910598754883,479518,0.0,0.0
2022-06-17 00:00:00+08:00,37.047584533691406,38.979209899902344,37.047584533691406,38.979209899902344,286701,0.0,0.0
2022-06-20 00:00:00+08:00,39.1277961730957,39.57355880737305,38.1372184753418,38.88015365600586,338186,0.0,0.0
2022-06-21 00:00:00+08:00,38.88015365600586,39.4744987487793,38.48392105102539,39.27638244628906,281653,0.0,0.0
2022-06-22 00:00:00+08:00,39.4744987487793,39.4744987487793,38.18674850463867,39.22685623168945,269539,0.0,0.0
2022-06-23 00:00:00+08:00,39.22685623168945,39.52402877807617,38.28580856323242,38.7315673828125,194835,0.0,0.0
2022-06-24 00:00:00+08:00,38.7315673828125,39.42497253417969,38.48392105102539,38.929683685302734,164550,0.0,0.0
2022-06-27 00:00:00+08:00,39.623085021972656,41.406124114990234,39.52402877807617,40.06884765625,565326,0.0,0.0
2022-06-28 00:00:00+08:00,39.96978759765625,40.019317626953125,39.1277961730957,39.57355880737305,220073,0.0,0.0
2022-06-29 00:00:00+08:00,39.32591247558594,40.11837387084961,39.32591247558594,40.11837387084961,141331,0.0,0.0
2022-06-30 00:00:00+08:00,41.30706787109375,42.09952926635742,40.217430114746094,40.36602020263672,848999,0.0,0.0
2022-07-01 00:00:00+08:00,40.76224899291992,40.960365295410156,36.70088195800781,36.70088195800781,589555,0.0,0.0
2022-07-04 00:00:00+08:00,37.592403411865234,37.592403411865234,36.255123138427734,36.502769470214844,206950,0.0,0.0
2022-07-05 00:00:00+08:00,36.79994201660156,37.394287109375,36.403709411621094,37.34476089477539,155464,0.0,0.0
2022-07-06 00:00:00+08:00,37.443817138671875,40.217430114746094,37.443817138671875,38.384864807128906,473461,0.0,0.0
2022-07-07 00:00:00+08:00,39.02873992919922,39.82120132446289,38.08769226074219,39.82120132446289,439137,0.0,0.0
2022-07-08 00:00:00+08:00,40.11837387084961,40.41554641723633,38.830623626708984,40.019317626953125,490623,0.0,0.0
2022-07-11 00:00:00+08:00,38.78109359741211,39.870731353759766,38.33533477783203,39.02873992919922,230168,0.0,0.0
2022-07-12 00:00:00+08:00,38.830623626708984,38.830623626708984,37.34476089477539,37.34476089477539,225121,0.0,0.0
2022-07-13 00:00:00+08:00,38.63250732421875,38.63250732421875,37.740989685058594,38.384864807128906,138303,0.0,0.0
2022-07-14 00:00:00+08:00,38.23627853393555,38.830623626708984,37.93910598754883,38.33533477783203,82780,0.0,0.0
2022-07-15 00:00:00+08:00,37.93910598754883,38.78109359741211,37.93910598754883,38.63250732421875,90856,0.0,0.0
2022-07-18 00:00:00+08:00,38.979209899902344,39.02873992919922,38.33533477783203,38.7315673828125,228149,0.0,0.0
2022-07-19 00:00:00+08:00,38.929683685302734,39.1277961730957,38.533451080322266,38.63250732421875,91865,0.0,0.0
2022-07-20 00:00:00+08:00,39.22685623168945,39.623085021972656,38.33533477783203,38.33533477783203,215026,0.0,0.0
2022-07-21 00:00:00+08:00,38.384864807128906,39.17732620239258,38.18674850463867,39.02873992919922,205940,0.0,0.0
2022-07-22 00:00:00+08:00,39.32591247558594,40.61366271972656,39.02873992919922,39.42497253417969,292758,0.0,0.0
2022-07-25 00:00:00+08:00,39.42497253417969,39.42497253417969,38.43439483642578,38.7315673828125,246321,0.0,0.0
2022-07-26 00:00:00+08:00,39.1277961730957,39.1277961730957,37.88957595825195,37.88957595825195,177674,0.0,0.0
2022-07-27 00:00:00+08:00,37.98863220214844,38.23627853393555,37.740989685058594,38.1372184753418,53504,0.0,0.0
2022-07-28 00:00:00+08:00,37.93910598754883,38.43439483642578,37.93910598754883,38.1372184753418,108017,0.0,0.0
2022-07-29 00:00:00+08:00,38.1372184753418,38.88015365600586,38.1372184753418,38.33533477783203,100951,0.0,0.0
2022-08-01 00:00:00+08:00,38.33533477783203,39.02873992919922,38.33533477783203,38.979209899902344,86818,0.0,0.0
2022-08-02 00:00:00+08:00,38.682037353515625,39.02873992919922,37.54287338256836,37.88957595825195,211997,0.0,0.0
2022-08-03 00:00:00+08:00,37.84004592895508,38.929683685302734,37.79051971435547,38.533451080322266,165560,0.0,0.0
2022-08-04 00:00:00+08:00,38.28580856323242,39.1277961730957,38.1372184753418,38.7315673828125,232187,0.0,0.0
2022-08-05 00:00:00+08:00,38.48392105102539,39.96978759765625,38.48392105102539,39.27638244628906,296796,0.0,0.0
2022-08-08 00:00:00+08:00,39.27638244628906,39.27638244628906,37.047584533691406,39.1277961730957,415919,0.0,0.0
2022-08-09 00:00:00+08:00,39.02873992919922,39.02873992919922,37.93910598754883,38.384864807128906,85808,0.0,0.0
2022-08-10 00:00:00+08:00,38.23627853393555,38.63250732421875,38.1372184753418,38.63250732421875,221083,0.0,0.0
2022-08-11 00:00:00+08:00,39.22685623168945,39.27638244628906,38.63250732421875,38.7315673828125,145369,0.0,0.0
2022-08-12 00:00:00+08:00,38.43439483642578,38.979209899902344,38.23627853393555,38.33533477783203,164550,0.0,0.0
2022-08-15 00:00:00+08:00,38.33533477783203,39.1277961730957,38.33533477783203,38.7315673828125,104989,0.0,0.0
2022-08-16 00:00:00+08:00,38.78109359741211,39.02873992919922,38.63250732421875,38.78109359741211,149407,0.0,0.0
2022-08-17 00:00:00+08:00,38.830623626708984,39.02873992919922,38.63250732421875,39.02873992919922,122151,0.0,0.0
2022-08-18 00:00:00+08:00,39.02873992919922,39.02873992919922,38.48392105102539,38.979209899902344,84799,0.0,0.0
2022-08-19 00:00:00+08:00,38.88015365600586,38.979209899902344,38.533451080322266,38.58298110961914,148398,0.0,0.0
2022-08-22 00:00:00+08:00,38.384864807128906,38.830623626708984,37.69145965576172,38.48392105102539,117103,0.0,0.0
2022-08-23 00:00:00+08:00,38.33533477783203,38.533451080322266,38.03816223144531,38.23627853393555,117103,0.0,0.0
2022-08-24 00:00:00+08:00,38.23627853393555,38.43439483642578,37.84004592895508,37.88957595825195,220073,0.0,0.0
2022-08-25 00:00:00+08:00,37.443817138671875,38.28580856323242,37.443817138671875,37.740989685058594,115084,0.0,0.0
2022-08-26 00:00:00+08:00,38.23627853393555,38.43439483642578,37.93910598754883,37.93910598754883,79751,0.0,0.0
2022-08-29 00:00:00+08:00,37.592403411865234,37.592403411865234,36.75041198730469,37.84004592895508,281653,0.0,0.0
2022-08-30 00:00:00+08:00,37.146644592285156,37.592403411865234,37.146644592285156,37.34476089477539,89846,0.0,0.0
2022-08-31 00:00:00+08:00,37.34476089477539,38.03816223144531,37.34476089477539,37.69145965576172,84799,0.0,0.0
2022-09-01 00:00:00+08:00,37.69145965576172,37.69145965576172,37.24570083618164,37.34476089477539,108017,0.0,0.0
2022-09-02 00:00:00+08:00,38.28580856323242,38.28580856323242,37.295230865478516,37.295230865478516,96913,0.0,0.0
2022-09-05 00:00:00+08:00,37.24570083618164,37.24570083618164,36.75041198730469,36.75041198730469,130227,0.0,0.0
2022-09-06 00:00:00+08:00,36.79994201660156,36.79994201660156,36.45323944091797,36.45323944091797,196854,0.0,0.0
2022-09-07 00:00:00+08:00,36.45323944091797,36.45323944091797,35.56172180175781,35.56172180175781,164550,0.0,0.0
2022-09-08 00:00:00+08:00,35.809364318847656,35.957950592041016,35.61124801635742,35.6607780456543,85808,0.0,0.0
2022-09-12 00:00:00+08:00,35.6607780456543,36.15606689453125,35.6607780456543,35.85889434814453,97922,0.0,0.0
2022-09-13 00:00:00+08:00,36.55229568481445,36.55229568481445,35.85889434814453,35.90842056274414,75713,0.0,0.0
2022-09-14 00:00:00+08:00,35.46266174316406,35.56172180175781,34.9178466796875,35.41313171386719,170607,0.0,0.0
2022-09-15 00:00:00+08:00,36.45323944091797,36.45323944091797,35.957950592041016,36.00748062133789,89846,0.0,0.0
2022-09-16 00:00:00+08:00,36.15606689453125,36.84946823120117,36.15606689453125,36.15606689453125,91865,0.0,0.0
2022-09-19 00:00:00+08:00,36.60182571411133,36.60182571411133,35.75983428955078,35.75983428955078,113065,0.0,0.0
2022-09-20 00:00:00+08:00,35.6607780456543,35.75983428955078,35.46266174316406,35.56172180175781,134265,0.0,0.0
2022-09-21 00:00:00+08:00,36.35417938232422,36.94852828979492,35.56172180175781,35.710304260253906,140322,0.0,0.0
2022-09-22 00:00:00+08:00,35.6607780456543,36.15606689453125,35.36360549926758,35.957950592041016,76722,0.0,0.0
2022-09-23 00:00:00+08:00,36.106536865234375,36.20559310913086,35.066429138183594,35.066429138183594,145369,0.0,0.0
2022-09-26 00:00:00+08:00,35.066429138183594,35.066429138183594,31.599411010742188,31.698469161987305,605707,0.0,0.0
2022-09-27 00:00:00+08:00,32.490928649902344,32.490928649902344,31.104122161865234,31.94611358642578,132246,0.0,0.0
2022-09-28 00:00:00+08:00,32.292816162109375,32.292816162109375,29.568727493286133,29.717313766479492,236225,0.0,0.0
2022-09-29 00:00:00+08:00,30.014488220214844,30.55930519104004,29.222026824951172,29.717313766479492,257425,0.0,0.0
2022-09-30 00:00:00+08:00,29.222026824951172,30.7078914642334,28.726736068725586,30.7078914642334,129217,0.0,0.0
2022-10-03 00:00:00+08:00,30.212602615356445,30.906007766723633,29.865901947021484,30.212602615356445,105998,0.0,0.0
2022-10-04 00:00:00+08:00,31.20318031311035,31.20318031311035,30.60883331298828,31.153650283813477,78741,0.0,0.0
2022-10-05 00:00:00+08:00,31.50035285949707,31.698469161987305,29.915430068969727,30.212602615356445,126189,0.0,0.0
2022-10-06 00:00:00+08:00,30.212602615356445,30.906007766723633,30.212602615356445,30.60883331298828,86818,0.0,0.0
2022-10-07 00:00:00+08:00,29.96495819091797,30.806949615478516,29.96495819091797,30.26213264465332,31294,0.0,0.0
2022-10-11 00:00:00+08:00,30.311660766601562,31.20318031311035,29.96495819091797,30.60883331298828,163541,0.0,0.0
2022-10-12 00:00:00+08:00,30.906007766723633,30.906007766723633,30.064016342163086,30.311660766601562,114074,0.0,0.0
2022-10-13 00:00:00+08:00,31.252708435058594,31.252708435058594,29.122968673706055,29.717313766479492,124170,0.0,0.0
2022-10-14 00:00:00+08:00,31.20318031311035,31.20318031311035,29.81637191772461,30.361190795898438,84799,0.0,0.0
2022-10-17 00:00:00+08:00,33.382450103759766,33.382450103759766,33.233863830566406,33.382450103759766,316986,0.0,0.0
2022-10-18 00:00:00+08:00,36.6513557434082,36.70088195800781,36.0570068359375,36.70088195800781,821743,0.0,0.0
2022-10-19 00:00:00+08:00,38.33533477783203,38.43439483642578,36.89899826049805,37.09711456298828,1466821,0.0,0.0
2022-10-20 00:00:00+08:00,36.6513557434082,38.33533477783203,35.41313171386719,37.88957595825195,750067,0.0,0.0
2022-10-21 00:00:00+08:00,38.33533477783203,38.33533477783203,36.106536865234375,36.35417938232422,556241,0.0,0.0
2022-10-24 00:00:00+08:00,38.533451080322266,38.533451080322266,36.35417938232422,36.55229568481445,454280,0.0,0.0
2022-10-25 00:00:00+08:00,36.15606689453125,36.55229568481445,34.571144104003906,34.571144104003906,426014,0.0,0.0
2022-10-26 00:00:00+08:00,34.571144104003906,34.67020034790039,33.778682708740234,34.07585525512695,229159,0.0,0.0
2022-10-27 00:00:00+08:00,34.472084045410156,34.719730377197266,33.531036376953125,34.67020034790039,213007,0.0,0.0
2022-10-28 00:00:00+08:00,34.27396774291992,34.27396774291992,33.48150634765625,33.679622650146484,145369,0.0,0.0
2022-10-31 00:00:00+08:00,33.778682708740234,34.472084045410156,33.18433380126953,33.778682708740234,163541,0.0,0.0
2022-11-01 00:00:00+08:00,33.778682708740234,34.96737289428711,33.778682708740234,34.9178466796875,192816,0.0,0.0
2022-11-02 00:00:00+08:00,35.26454544067383,36.35417938232422,35.21501922607422,35.6607780456543,307901,0.0,0.0
2022-11-03 00:00:00+08:00,35.21501922607422,35.6607780456543,34.22444152832031,35.6607780456543,135274,0.0,0.0
2022-11-04 00:00:00+08:00,35.6607780456543,39.22685623168945,35.46266174316406,39.22685623168945,1601086,0.0,0.0
2022-11-07 00:00:00+08:00,42.09952926635742,42.09952926635742,38.63250732421875,39.52402877807617,1836303,0.0,0.0
2022-11-08 00:00:00+08:00,39.623085021972656,41.05942153930664,38.830623626708984,40.41554641723633,1209395,0.0,0.0
2022-11-09 00:00:00+08:00,40.26696014404297,40.26696014404297,39.22685623168945,39.920257568359375,871209,0.0,0.0
2022-11-10 00:00:00+08:00,39.623085021972656,40.217430114746094,39.078269958496094,39.623085021972656,567346,0.0,0.0
2022-11-11 00:00:00+08:00,40.11837387084961,40.217430114746094,38.33533477783203,38.48392105102539,649116,0.0,0.0
2022-11-14 00:00:00+08:00,38.33533477783203,38.58298110961914,37.24570083618164,38.43439483642578,362414,0.0,0.0
2022-11-15 00:00:00+08:00,38.63250732421875,39.078269958496094,38.43439483642578,38.533451080322266,320015,0.0,0.0
2022-11-16 00:00:00+08:00,38.23627853393555,38.23627853393555,37.443817138671875,37.443817138671875,417938,0.0,0.0
2022-11-17 00:00:00+08:00,38.03816223144531,39.42497253417969,37.69145965576172,39.42497253417969,531003,0.0,0.0
2022-11-18 00:00:00+08:00,39.32591247558594,39.623085021972656,37.64193344116211,37.84004592895508,480527,0.0,0.0
2022-11-21 00:00:00+08:00,37.84004592895508,38.1372184753418,37.64193344116211,37.64193344116211,214016,0.0,0.0
2022-11-22 00:00:00+08:00,37.740989685058594,38.33533477783203,37.64193344116211,37.84004592895508,150417,0.0,0.0
2022-11-23 00:00:00+08:00,38.23627853393555,38.384864807128906,37.64193344116211,38.08769226074219,250359,0.0,0.0
2022-11-24 00:00:00+08:00,38.08769226074219,38.28580856323242,37.64193344116211,37.93910598754883,242282,0.0,0.0
2022-11-25 00:00:00+08:00,38.33533477783203,38.33533477783203,37.740989685058594,37.79051971435547,156474,0.0,0.0
2022-11-28 00:00:00+08:00,37.64193344116211,38.63250732421875,37.64193344116211,38.23627853393555,190797,0.0,0.0
2022-11-29 00:00:00+08:00,38.23627853393555,39.623085021972656,38.23627853393555,38.830623626708984,464375,0.0,0.0
2022-11-30 00:00:00+08:00,38.63250732421875,38.7315673828125,38.18674850463867,38.384864807128906,263482,0.0,0.0
2022-12-01 00:00:00+08:00,39.22685623168945,41.60424041748047,38.533451080322266,40.36602020263672,1347699,0.0,0.0
2022-12-02 00:00:00+08:00,40.06884765625,40.41554641723633,39.722145080566406,40.41554641723633,665268,0.0,0.0
2022-12-05 00:00:00+08:00,41.00989532470703,41.00989532470703,39.96978759765625,40.41554641723633,562298,0.0,0.0
2022-12-06 00:00:00+08:00,40.217430114746094,40.8117790222168,39.32591247558594,39.870731353759766,514851,0.0,0.0
2022-12-07 00:00:00+08:00,39.870731353759766,40.56413269042969,38.78109359741211,38.88015365600586,445194,0.0,0.0
2022-12-08 00:00:00+08:00,38.88015365600586,38.929683685302734,38.28580856323242,38.533451080322266,187769,0.0,0.0
2022-12-09 00:00:00+08:00,38.979209899902344,39.920257568359375,38.88015365600586,39.1277961730957,280644,0.0,0.0
2022-12-12 00:00:00+08:00,42.09952926635742,42.09952926635742,40.316490173339844,40.316490173339844,1440574,0.0,0.0
2022-12-13 00:00:00+08:00,43.48633575439453,44.2787971496582,41.30706787109375,41.406124114990234,1631372,0.0,0.0
2022-12-14 00:00:00+08:00,40.36602020263672,41.05942153930664,40.217430114746094,40.8117790222168,691516,0.0,0.0
2022-12-15 00:00:00+08:00,41.108951568603516,41.108951568603516,39.920257568359375,39.920257568359375,542108,0.0,0.0
2022-12-16 00:00:00+08:00,39.623085021972656,39.920257568359375,39.17732620239258,39.32591247558594,269539,0.0,0.0
2022-12-19 00:00:00+08:00,39.52402877807617,40.56413269042969,38.63250732421875,39.870731353759766,389671,0.0,0.0
2022-12-20 00:00:00+08:00,40.36602020263672,40.61366271972656,38.682037353515625,38.7315673828125,334148,0.0,0.0
2022-12-21 00:00:00+08:00,38.78109359741211,39.02873992919922,38.1372184753418,38.18674850463867,352319,0.0,0.0
2022-12-22 00:00:00+08:00,38.43439483642578,38.830623626708984,37.64193344116211,38.03816223144531,296796,0.0,0.0
2022-12-23 00:00:00+08:00,37.443817138671875,37.69145965576172,37.295230865478516,37.443817138671875,252378,0.0,0.0
2022-12-26 00:00:00+08:00,37.443817138671875,37.84004592895508,37.394287109375,37.493343353271484,147388,0.0,0.0
2022-12-27 00:00:00+08:00,37.592403411865234,38.384864807128906,37.592403411865234,37.79051971435547,134265,0.0,0.0
2022-12-28 00:00:00+08:00,37.84004592895508,38.08769226074219,36.6513557434082,36.9980583190918,268530,0.0,0.0
2022-12-29 00:00:00+08:00,36.94852828979492,37.295230865478516,36.6513557434082,37.047584533691406,107008,0.0,0.0
2022-12-30 00:00:00+08:00,37.443817138671875,37.79051971435547,37.09711456298828,37.24570083618164,71675,0.0,0.0
2023-01-03 00:00:00+08:00,37.295230865478516,38.03816223144531,37.295230865478516,37.88957595825195,152436,0.0,0.0
2023-01-04 00:00:00+08:00,38.03816223144531,38.03816223144531,37.592403411865234,37.93910598754883,91865,0.0,0.0
2023-01-05 00:00:00+08:00,37.740989685058594,39.623085021972656,37.740989685058594,39.623085021972656,470432,0.0,0.0
2023-01-06 00:00:00+08:00,39.32591247558594,41.95094299316406,39.27638244628906,41.8023567199707,1766646,0.0,0.0
2023-01-09 00:00:00+08:00,41.75282669067383,42.198585510253906,40.61366271972656,41.2080078125,1070083,0.0,0.0
2023-01-10 00:00:00+08:00,41.505184173583984,42.00046920776367,40.8117790222168,41.70329666137695,1089263,0.0,0.0
2023-01-11 00:00:00+08:00,41.257537841796875,41.257537841796875,39.078269958496094,39.32591247558594,1531430,0.0,0.0
2023-01-12 00:00:00+08:00,39.4744987487793,41.15848159790039,39.22685623168945,40.8117790222168,1304290,0.0,0.0
2023-01-13 00:00:00+08:00,41.653770446777344,41.70329666137695,40.41554641723633,41.356597900390625,1276023,0.0,0.0
2023-01-16 00:00:00+08:00,41.356597900390625,41.356597900390625,40.61366271972656,41.2080078125,735934,0.0,0.0
2023-01-17 00:00:00+08:00,41.85188674926758,42.24811553955078,41.108951568603516,41.90141296386719,1420384,0.0,0.0
2023-01-30 00:00:00+08:00,42.09952926635742,42.24811553955078,41.108951568603516,42.198585510253906,1372936,0.0,0.0
2023-01-31 00:00:00+08:00,42.49576187133789,46.408538818359375,42.198585510253906,46.408538818359375,4038049,0.0,0.0
2023-02-01 00:00:00+08:00,46.359012603759766,46.408538818359375,44.6254997253418,44.97220230102539,2773130,0.0,0.0
2023-02-02 00:00:00+08:00,45.467491149902344,48.785926818847656,44.873146057128906,46.557125091552734,3537331,0.0,0.0
2023-02-03 00:00:00+08:00,46.557125091552734,48.48875045776367,45.91324996948242,46.75524139404297,2768083,0.0,0.0
2023-02-06 00:00:00+08:00,47.00288772583008,47.00288772583008,45.170318603515625,45.56654739379883,1447640,0.0,0.0
2023-02-07 00:00:00+08:00,46.01231002807617,46.06183624267578,44.72455978393555,45.36843490600586,919665,0.0,0.0
2023-02-08 00:00:00+08:00,45.81419372558594,45.9627799987793,45.170318603515625,45.36843490600586,768238,0.0,0.0
2023-02-09 00:00:00+08:00,45.51702117919922,48.042991638183594,44.774085998535156,46.45806884765625,2043253,0.0,0.0
2023-02-10 00:00:00+08:00,46.557125091552734,47.00288772583008,44.37785720825195,45.36843490600586,2298659,0.0,0.0
2023-02-13 00:00:00+08:00,45.12078857421875,45.12078857421875,43.09010696411133,43.73398208618164,1541525,0.0,0.0
2023-02-14 00:00:00+08:00,43.981624603271484,44.32832717895508,43.28822326660156,43.38727951049805,690506,0.0,0.0
2023-02-15 00:00:00+08:00,43.43680953979492,44.47691345214844,43.43680953979492,43.684452056884766,771267,0.0,0.0
2023-02-16 00:00:00+08:00,43.78350830078125,44.229270935058594,43.684452056884766,44.080684661865234,481537,0.0,0.0
2023-02-17 00:00:00+08:00,43.981624603271484,44.42738342285156,42.297645568847656,42.644344329833984,1370917,0.0,0.0
2023-02-20 00:00:00+08:00,42.644344329833984,43.18916320800781,42.39670181274414,42.891990661621094,877266,0.0,0.0
2023-02-21 00:00:00+08:00,42.891990661621094,43.13963317871094,42.446231842041016,42.743404388427734,710696,0.0,0.0
2023-02-22 00:00:00+08:00,42.594818115234375,43.58539581298828,42.49576187133789,42.79293441772461,727858,0.0,0.0
2023-02-23 00:00:00+08:00,42.79293441772461,43.23869323730469,42.5452880859375,42.99104690551758,549174,0.0,0.0
2023-02-24 00:00:00+08:00,43.33774948120117,43.38727951049805,42.49576187133789,42.49576187133789,547155,0.0,0.0
2023-03-01 00:00:00+08:00,42.644344329833984,43.38727951049805,42.49576187133789,42.99104690551758,579460,0.0,0.0
2023-03-02 00:00:00+08:00,43.04057693481445,43.13963317871094,42.446231842041016,42.49576187133789,536051,0.0,0.0
2023-03-03 00:00:00+08:00,42.49576187133789,42.84246063232422,41.45565414428711,41.85188674926758,1083206,0.0,0.0
2023-03-06 00:00:00+08:00,41.85188674926758,42.24811553955078,41.70329666137695,41.95094299316406,711706,0.0,0.0
2023-03-07 00:00:00+08:00,42.04999923706055,43.58539581298828,42.04999923706055,43.58539581298828,1159929,0.0,0.0
2023-03-08 00:00:00+08:00,43.58539581298828,43.78350830078125,42.743404388427734,43.78350830078125,995379,0.0,0.0
2023-03-09 00:00:00+08:00,43.79999923706055,44.349998474121094,43.349998474121094,43.54999923706055,677000,0.0,0.0
2023-03-10 00:00:00+08:00,44.650001525878906,44.70000076293945,43.599998474121094,43.900001525878906,1539000,0.0,0.0
2023-03-13 00:00:00+08:00,43.400001525878906,43.400001525878906,41.650001525878906,42.29999923706055,711000,0.0,0.0
2023-03-14 00:00:00+08:00,42.25,42.25,41.400001525878906,41.400001525878906,516000,0.0,0.0
2023-03-15 00:00:00+08:00,41.75,42.25,41.150001525878906,41.150001525878906,297000,0.0,0.0
2023-03-16 00:00:00+08:00,41.150001525878906,41.150001525878906,39.5,39.70000076293945,770000,0.0,0.0
2023-03-17 00:00:00+08:00,40.04999923706055,40.79999923706055,39.650001525878906,40.20000076293945,263000,0.0,0.0
2023-03-20 00:00:00+08:00,39.650001525878906,40.54999923706055,39.650001525878906,40.04999923706055,301000,0.0,0.0
2023-03-21 00:00:00+08:00,40.45000076293945,41.650001525878906,40.45000076293945,41.099998474121094,428000,0.0,0.0
2023-03-22 00:00:00+08:00,41.150001525878906,41.54999923706055,40.79999923706055,41.400001525878906,314000,0.0,0.0
2023-03-23 00:00:00+08:00,41.400001525878906,41.650001525878906,40.900001525878906,40.900001525878906,360000,0.0,0.0
2023-03-24 00:00:00+08:00,41.900001525878906,41.900001525878906,40.849998474121094,41.0,830000,0.0,0.0
2023-03-27 00:00:00+08:00,41.599998474121094,44.5,41.54999923706055,43.0,1540000,0.0,0.0
2023-03-28 00:00:00+08:00,43.0,43.0,41.900001525878906,41.900001525878906,817000,0.0,0.0
2023-03-29 00:00:00+08:00,42.650001525878906,42.650001525878906,42.0,42.04999923706055,237000,0.0,0.0
2023-03-30 00:00:00+08:00,42.599998474121094,42.599998474121094,42.04999923706055,42.04999923706055,213000,0.0,0.0
2023-03-31 00:00:00+08:00,42.29999923706055,42.5,42.099998474121094,42.45000076293945,373000,0.0,0.0
2023-04-06 00:00:00+08:00,42.45000076293945,42.45000076293945,41.849998474121094,41.900001525878906,323000,0.0,0.0
2023-04-07 00:00:00+08:00,42.099998474121094,43.400001525878906,42.099998474121094,43.150001525878906,759000,0.0,0.0
2023-04-10 00:00:00+08:00,43.0,45.0,43.0,44.849998474121094,1739000,0.0,0.0
2023-04-11 00:00:00+08:00,44.95000076293945,45.0,44.099998474121094,44.20000076293945,1402000,0.0,0.0
2023-04-12 00:00:00+08:00,45.0,47.349998474121094,44.79999923706055,46.400001525878906,4017000,0.0,0.0
2023-04-13 00:00:00+08:00,46.349998474121094,46.75,45.04999923706055,45.20000076293945,2119000,0.0,0.0
2023-04-14 00:00:00+08:00,45.54999923706055,46.45000076293945,45.400001525878906,46.099998474121094,1457000,0.0,0.0
2023-04-17 00:00:00+08:00,46.900001525878906,50.70000076293945,46.54999923706055,50.70000076293945,4827000,0.0,0.0
2023-04-18 00:00:00+08:00,51.900001525878906,53.29999923706055,49.45000076293945,50.0,6679000,0.0,0.0
2023-04-19 00:00:00+08:00,50.0,52.5,49.5,51.099998474121094,2840000,0.0,0.0
2023-04-20 00:00:00+08:00,53.0,56.20000076293945,52.599998474121094,56.20000076293945,7541000,0.0,0.0
2023-04-21 00:00:00+08:00,53.0,53.0,50.599998474121094,50.599998474121094,4531000,0.0,0.0
2023-04-24 00:00:00+08:00,48.0,50.20000076293945,47.54999923706055,48.900001525878906,2454000,0.0,0.0
2023-04-25 00:00:00+08:00,49.400001525878906,49.54999923706055,46.650001525878906,46.900001525878906,2257000,0.0,0.0
2023-04-26 00:00:00+08:00,47.04999923706055,50.599998474121094,47.04999923706055,50.29999923706055,1908000,0.0,0.0
2023-04-27 00:00:00+08:00,49.900001525878906,49.900001525878906,48.599998474121094,48.650001525878906,1227000,0.0,0.0
2023-04-28 00:00:00+08:00,49.849998474121094,52.0,49.25,50.5,1983000,0.0,0.0
2023-05-02 00:00:00+08:00,51.400001525878906,54.400001525878906,50.20000076293945,54.400001525878906,3397000,0.0,0.0
2023-05-03 00:00:00+08:00,53.29999923706055,54.5,52.5,53.099998474121094,2073000,0.0,0.0
2023-05-04 00:00:00+08:00,53.099998474121094,55.900001525878906,51.900001525878906,54.70000076293945,2548000,0.0,0.0
2023-05-05 00:00:00+08:00,54.900001525878906,55.0,53.5,53.70000076293945,1362000,0.0,0.0
2023-05-08 00:00:00+08:00,54.20000076293945,54.20000076293945,52.599998474121094,52.599998474121094,1288000,0.0,0.0
2023-05-09 00:00:00+08:00,53.0,54.79999923706055,52.400001525878906,52.599998474121094,1869000,0.0,0.0
2023-05-10 00:00:00+08:00,56.20000076293945,57.79999923706055,56.0,57.79999923706055,3569000,0.0,0.0
2023-05-11 00:00:00+08:00,59.20000076293945,61.79999923706055,57.20000076293945,59.099998474121094,7190000,0.0,0.0
2023-05-12 00:00:00+08:00,57.0,60.70000076293945,53.20000076293945,60.0,5438000,0.0,0.0
2023-05-15 00:00:00+08:00,57.0,58.20000076293945,55.79999923706055,56.79999923706055,3843000,0.0,0.0
2023-05-16 00:00:00+08:00,58.0,58.79999923706055,57.0,57.099998474121094,2532000,0.0,0.0
2023-05-17 00:00:00+08:00,57.5,58.400001525878906,56.20000076293945,56.79999923706055,2173000,0.0,0.0
2023-05-18 00:00:00+08:00,58.20000076293945,58.5,57.0,57.20000076293945,2037000,0.0,0.0
2023-05-19 00:00:00+08:00,57.099998474121094,57.400001525878906,54.599998474121094,54.599998474121094,2766000,0.0,0.0
2023-05-22 00:00:00+08:00,55.0,57.20000076293945,54.70000076293945,56.0,1330000,0.0,0.0
2023-05-23 00:00:00+08:00,56.099998474121094,56.900001525878906,55.20000076293945,56.0,1157000,0.0,0.0
2023-05-24 00:00:00+08:00,55.5,56.20000076293945,55.0,55.79999923706055,1014000,0.0,0.0
2023-05-25 00:00:00+08:00,55.79999923706055,57.0,55.20000076293945,55.5,1526000,0.0,0.0
2023-05-26 00:00:00+08:00,55.5,56.0,52.0,52.20000076293945,2738000,0.0,0.0
2023-05-29 00:00:00+08:00,52.20000076293945,52.900001525878906,52.0,52.29999923706055,1199000,0.0,0.0
2023-05-30 00:00:00+08:00,52.79999923706055,56.099998474121094,52.5,54.20000076293945,1853000,0.0,0.0
2023-05-31 00:00:00+08:00,55.0,56.5,54.599998474121094,56.5,2689000,0.0,0.0
2023-06-01 00:00:00+08:00,56.29999923706055,56.400001525878906,55.5,56.29999923706055,1233000,0.0,0.0
2023-06-02 00:00:00+08:00,56.79999923706055,58.79999923706055,56.29999923706055,57.20000076293945,2599000,0.0,0.0
2023-06-05 00:00:00+08:00,57.70000076293945,58.20000076293945,56.70000076293945,56.79999923706055,1461000,0.0,0.0
2023-06-06 00:00:00+08:00,57.0,57.400001525878906,55.0,55.29999923706055,1425000,0.0,0.0
2023-06-07 00:00:00+08:00,55.5,57.400001525878906,55.400001525878906,57.29999923706055,1471000,0.0,0.0
2023-06-08 00:00:00+08:00,57.599998474121094,57.79999923706055,56.79999923706055,57.5,1445000,0.0,0.0
2023-06-09 00:00:00+08:00,58.5,62.900001525878906,58.20000076293945,62.5,5641000,0.0,0.0
2023-06-12 00:00:00+08:00,59.70000076293945,59.79999923706055,56.29999923706055,56.29999923706055,5540000,0.0,0.0
2023-06-13 00:00:00+08:00,55.79999923706055,56.099998474121094,54.400001525878906,54.70000076293945,2454000,0.0,0.0
2023-06-14 00:00:00+08:00,54.900001525878906,55.900001525878906,54.5,54.599998474121094,1075000,0.0,0.0
2023-06-15 00:00:00+08:00,54.70000076293945,55.20000076293945,53.20000076293945,53.70000076293945,1382000,0.0,0.0
2023-06-16 00:00:00+08:00,53.70000076293945,55.5,53.0,53.79999923706055,1429000,0.0,0.0
2023-06-19 00:00:00+08:00,53.5,55.099998474121094,53.20000076293945,54.599998474121094,1008000,0.0,0.0
2023-06-20 00:00:00+08:00,53.79999923706055,54.5,53.70000076293945,54.099998474121094,500000,0.0,0.0
2023-06-21 00:00:00+08:00,54.0,54.79999923706055,53.599998474121094,54.599998474121094,532000,0.0,0.0
2023-06-26 00:00:00+08:00,53.900001525878906,54.79999923706055,53.900001525878906,54.0,482000,0.0,0.0
2023-06-27 00:00:00+08:00,54.400001525878906,54.400001525878906,52.70000076293945,52.79999923706055,718000,0.0,0.0
2023-06-28 00:00:00+08:00,53.5,53.70000076293945,52.400001525878906,52.5,518000,0.0,0.0
2023-06-29 00:00:00+08:00,53.099998474121094,53.900001525878906,53.0,53.5,460000,0.0,0.0
2023-06-30 00:00:00+08:00,53.5,53.5,52.5,53.20000076293945,372000,0.0,0.0
2023-07-03 00:00:00+08:00,53.29999923706055,53.400001525878906,52.0,52.400001525878906,914000,0.0,0.0
2023-07-04 00:00:00+08:00,52.400001525878906,52.70000076293945,50.099998474121094,51.0,1695000,0.0,0.0
2023-07-05 00:00:00+08:00,51.79999923706055,53.599998474121094,51.70000076293945,52.70000076293945,1275000,0.0,0.0
2023-07-06 00:00:00+08:00,53.0,53.5,50.900001525878906,51.400001525878906,965000,0.0,0.0
2023-07-07 00:00:00+08:00,51.0,52.400001525878906,50.29999923706055,51.29999923706055,685000,0.0,0.0
2023-07-10 00:00:00+08:00,54.0,54.900001525878906,52.599998474121094,52.599998474121094,2014000,0.0,0.0
2023-07-11 00:00:00+08:00,53.0,54.70000076293945,53.0,53.20000076293945,1474000,0.0,0.0
2023-07-12 00:00:00+08:00,53.79999923706055,54.5,53.0,53.0,1122000,0.0,0.0
2023-07-13 00:00:00+08:00,53.400001525878906,53.70000076293945,51.20000076293945,51.29999923706055,1373000,0.0,0.0
2023-07-14 00:00:00+08:00,51.29999923706055,51.900001525878906,51.0,51.0,683000,0.0,0.0
2023-07-17 00:00:00+08:00,50.900001525878906,50.900001525878906,49.0,49.099998474121094,2203000,0.0,0.0
2023-07-18 00:00:00+08:00,50.79999923706055,50.79999923706055,48.900001525878906,49.0,1059000,0.0,0.0
2023-07-19 00:00:00+08:00,49.400001525878906,49.79999923706055,47.5,47.5,1349000,0.0,0.0
2023-07-20 00:00:00+08:00,48.0,49.25,47.75,48.599998474121094,609000,0.0,0.0
2023-07-21 00:00:00+08:00,49.0,49.0,48.099998474121094,48.099998474121094,500000,0.0,0.0
2023-07-24 00:00:00+08:00,48.5,48.54999923706055,47.04999923706055,47.099998474121094,446000,0.0,0.0
2023-07-25 00:00:00+08:00,48.0,48.0,47.099998474121094,47.599998474121094,528000,0.0,0.0
2023-07-26 00:00:00+08:00,48.20000076293945,48.5,47.0,47.349998474121094,572000,0.0,0.0
2023-07-27 00:00:00+08:00,47.5,48.599998474121094,47.5,48.5,521000,0.0,0.0
2023-07-28 00:00:00+08:00,48.70000076293945,49.400001525878906,48.04999923706055,48.650001525878906,535000,0.0,0.0
2023-07-31 00:00:00+08:00,49.20000076293945,49.5,48.20000076293945,49.29999923706055,626000,0.0,0.0
2023-08-01 00:00:00+08:00,50.0,50.29999923706055,49.29999923706055,49.400001525878906,560000,0.0,0.0
2023-08-02 00:00:00+08:00,49.5,49.5,47.79999923706055,47.79999923706055,657000,0.0,0.0
2023-08-04 00:00:00+08:00,47.79999923706055,48.45000076293945,47.79999923706055,48.04999923706055,231000,0.0,0.0
2023-08-07 00:00:00+08:00,48.150001525878906,48.599998474121094,47.0,47.650001525878906,531000,0.0,0.0
2023-08-08 00:00:00+08:00,47.900001525878906,47.900001525878906,46.0,46.25,504000,0.0,0.0
2023-08-09 00:00:00+08:00,46.25,46.70000076293945,45.5,45.5,480000,0.0,0.0
2023-08-10 00:00:00+08:00,45.95000076293945,46.75,45.20000076293945,45.5,423000,0.0,0.0
2023-08-11 00:00:00+08:00,40.95000076293945,42.25,40.95000076293945,41.5,2940000,0.0,0.0
2023-08-14 00:00:00+08:00,41.5,42.099998474121094,40.70000076293945,40.95000076293945,460000,0.0,0.0
2023-08-15 00:00:00+08:00,41.0,41.650001525878906,40.79999923706055,41.29999923706055,456000,0.0,0.0
2023-08-16 00:00:00+08:00,40.70000076293945,41.0,39.29999923706055,40.849998474121094,655000,0.0,0.0
2023-08-17 00:00:00+08:00,40.400001525878906,41.650001525878906,39.900001525878906,41.150001525878906,606000,0.0,0.0
2023-08-18 00:00:00+08:00,40.5,41.79999923706055,40.5,41.79999923706055,514000,0.0,0.0
2023-08-21 00:00:00+08:00,41.849998474121094,41.849998474121094,40.900001525878906,40.900001525878906,269000,0.0,0.0
2023-08-22 00:00:00+08:00,41.45000076293945,41.45000076293945,39.849998474121094,40.0,322000,0.0,0.0
2023-08-23 00:00:00+08:00,40.75,40.75,39.95000076293945,40.20000076293945,341000,0.0,0.0
2023-08-24 00:00:00+08:00,39.849998474121094,40.75,39.849998474121094,40.70000076293945,490000,0.0,0.0
2023-08-25 00:00:00+08:00,40.400001525878906,40.75,39.79999923706055,40.150001525878906,159000,0.0,0.0
2023-08-28 00:00:00+08:00,40.29999923706055,40.29999923706055,39.29999923706055,39.349998474121094,422000,0.0,0.0
2023-08-29 00:00:00+08:00,39.5,40.5,39.400001525878906,40.45000076293945,355000,0.0,0.0
2023-08-30 00:00:00+08:00,41.0,41.349998474121094,40.5,41.150001525878906,270000,0.0,0.0
2023-08-31 00:00:00+08:00,41.150001525878906,41.150001525878906,40.79999923706055,40.79999923706055,172000,0.0,0.0
2023-09-01 00:00:00+08:00,40.79999923706055,41.45000076293945,40.70000076293945,41.349998474121094,174000,0.0,0.0
2023-09-04 00:00:00+08:00,41.349998474121094,41.349998474121094,40.849998474121094,40.95000076293945,175000,0.0,0.0
2023-09-05 00:00:00+08:00,41.70000076293945,42.900001525878906,41.400001525878906,42.349998474121094,579000,0.0,0.0
2023-09-06 00:00:00+08:00,42.5,42.5,41.650001525878906,41.849998474121094,254000,0.0,0.0
2023-09-07 00:00:00+08:00,41.599998474121094,41.650001525878906,41.099998474121094,41.20000076293945,171000,0.0,0.0
2023-09-08 00:00:00+08:00,41.5,41.650001525878906,41.150001525878906,41.45000076293945,217000,0.0,0.0
2023-09-11 00:00:00+08:00,38.0,38.0,37.349998474121094,37.349998474121094,1773000,0.0,0.0
2023-09-12 00:00:00+08:00,37.349998474121094,37.599998474121094,36.79999923706055,37.099998474121094,428000,0.0,0.0
2023-09-13 00:00:00+08:00,37.099998474121094,37.900001525878906,37.099998474121094,37.45000076293945,301000,0.0,0.0
2023-09-14 00:00:00+08:00,37.79999923706055,38.400001525878906,37.599998474121094,38.29999923706055,315000,0.0,0.0
2023-09-15 00:00:00+08:00,38.20000076293945,38.29999923706055,37.5,38.20000076293945,316000,0.0,0.0
2023-09-18 00:00:00+08:00,37.95000076293945,38.599998474121094,37.75,37.900001525878906,389000,0.0,0.0
2023-09-19 00:00:00+08:00,38.20000076293945,38.5,36.70000076293945,37.04999923706055,388000,0.0,0.0
2023-09-20 00:00:00+08:00,37.099998474121094,37.349998474121094,36.400001525878906,36.45000076293945,315000,0.0,0.0
2023-09-21 00:00:00+08:00,36.20000076293945,36.349998474121094,35.5,35.900001525878906,388000,0.0,0.0
2023-09-22 00:00:00+08:00,35.29999923706055,37.0,35.29999923706055,36.5,246000,0.0,0.0
2023-09-25 00:00:00+08:00,37.150001525878906,37.29999923706055,36.75,36.79999923706055,144000,0.0,0.0
2023-09-26 00:00:00+08:00,36.79999923706055,37.29999923706055,36.400001525878906,36.400001525878906,105000,0.0,0.0
2023-09-27 00:00:00+08:00,35.70000076293945,36.599998474121094,35.70000076293945,36.599998474121094,68000,0.0,0.0
2023-09-28 00:00:00+08:00,37.0,37.099998474121094,36.650001525878906,37.099998474121094,116000,0.0,0.0
2023-10-02 00:00:00+08:00,37.099998474121094,37.400001525878906,37.099998474121094,37.150001525878906,239000,0.0,0.0
2023-10-03 00:00:00+08:00,37.150001525878906,37.54999923706055,37.150001525878906,37.20000076293945,230000,0.0,0.0
2023-10-04 00:00:00+08:00,36.900001525878906,36.95000076293945,36.25,36.29999923706055,187000,0.0,0.0
2023-10-05 00:00:00+08:00,36.5,36.650001525878906,36.150001525878906,36.150001525878906,146000,0.0,0.0
2023-10-06 00:00:00+08:00,36.150001525878906,36.150001525878906,35.54999923706055,35.599998474121094,259000,0.0,0.0
2023-10-11 00:00:00+08:00,36.20000076293945,36.95000076293945,36.150001525878906,36.400001525878906,332000,0.0,0.0
2023-10-12 00:00:00+08:00,36.400001525878906,36.900001525878906,36.400001525878906,36.79999923706055,125000,0.0,0.0
2023-10-13 00:00:00+08:00,36.79999923706055,37.04999923706055,36.0,36.099998474121094,192000,0.0,0.0
2023-10-16 00:00:00+08:00,36.099998474121094,36.099998474121094,35.29999923706055,35.400001525878906,243000,0.0,0.0
2023-10-17 00:00:00+08:00,35.79999923706055,35.79999923706055,34.599998474121094,34.599998474121094,269000,0.0,0.0
2023-10-18 00:00:00+08:00,34.900001525878906,35.099998474121094,34.04999923706055,34.29999923706055,137000,0.0,0.0
2023-10-19 00:00:00+08:00,33.79999923706055,34.25,33.79999923706055,34.25,141000,0.0,0.0
2023-10-20 00:00:00+08:00,34.400001525878906,34.70000076293945,33.75,34.5,148000,0.0,0.0
2023-10-23 00:00:00+08:00,34.5,35.099998474121094,34.29999923706055,35.04999923706055,112000,0.0,0.0
2023-10-24 00:00:00+08:00,35.099998474121094,35.20000076293945,34.79999923706055,35.0,85000,0.0,0.0
2023-10-25 00:00:00+08:00,35.349998474121094,35.5,35.25,35.5,102000,0.0,0.0
2023-10-26 00:00:00+08:00,35.25,35.25,34.75,34.79999923706055,83000,0.0,0.0
2023-10-27 00:00:00+08:00,34.79999923706055,35.099998474121094,34.54999923706055,34.599998474121094,92000,0.0,0.0
2023-10-30 00:00:00+08:00,34.599998474121094,35.849998474121094,33.900001525878906,34.79999923706055,164000,0.0,0.0
2023-10-31 00:00:00+08:00,35.04999923706055,35.099998474121094,34.0,34.0,146000,0.0,0.0
2023-11-01 00:00:00+08:00,34.099998474121094,34.25,33.849998474121094,34.0,80000,0.0,0.0
2023-11-02 00:00:00+08:00,34.45000076293945,35.25,34.099998474121094,34.79999923706055,114000,0.0,0.0
2023-11-03 00:00:00+08:00,34.849998474121094,35.0,34.0,34.79999923706055,153000,0.0,0.0
2023-11-06 00:00:00+08:00,34.79999923706055,35.349998474121094,34.79999923706055,35.349998474121094,187000,0.0,0.0
2023-11-07 00:00:00+08:00,35.349998474121094,35.95000076293945,35.349998474121094,35.599998474121094,150000,0.0,0.0
2023-11-08 00:00:00+08:00,35.650001525878906,35.79999923706055,35.0,35.29999923706055,165000,0.0,0.0
2023-11-09 00:00:00+08:00,35.349998474121094,35.349998474121094,34.79999923706055,34.900001525878906,68000,0.0,0.0
2023-11-10 00:00:00+08:00,34.900001525878906,34.900001525878906,33.900001525878906,33.900001525878906,235000,0.0,0.0
2023-11-13 00:00:00+08:00,33.900001525878906,34.099998474121094,33.75,33.95000076293945,128000,0.0,0.0
2023-11-14 00:00:00+08:00,34.400001525878906,34.400001525878906,33.70000076293945,33.79999923706055,129000,0.0,0.0
2023-11-15 00:00:00+08:00,34.099998474121094,34.900001525878906,33.95000076293945,34.599998474121094,213000,0.0,0.0
2023-11-16 00:00:00+08:00,34.54999923706055,35.45000076293945,34.400001525878906,35.400001525878906,209000,0.0,0.0
2023-11-17 00:00:00+08:00,35.20000076293945,35.5,35.20000076293945,35.45000076293945,198000,0.0,0.0
2023-11-20 00:00:00+08:00,35.25,35.70000076293945,35.25,35.54999923706055,100000,0.0,0.0
2023-11-21 00:00:00+08:00,35.54999923706055,35.75,35.349998474121094,35.45000076293945,146000,0.0,0.0
2023-11-22 00:00:00+08:00,35.400001525878906,35.400001525878906,35.0,35.099998474121094,131000,0.0,0.0
2023-11-23 00:00:00+08:00,35.400001525878906,35.70000076293945,35.150001525878906,35.29999923706055,90000,0.0,0.0
2023-11-24 00:00:00+08:00,35.29999923706055,35.54999923706055,35.29999923706055,35.5,102000,0.0,0.0
2023-11-27 00:00:00+08:00,35.75,35.75,35.04999923706055,35.04999923706055,92000,0.0,0.0
2023-11-28 00:00:00+08:00,34.900001525878906,35.20000076293945,34.900001525878906,35.099998474121094,69000,0.0,0.0
2023-11-29 00:00:00+08:00,35.5,35.79999923706055,35.0,35.099998474121094,136000,0.0,0.0
2023-11-30 00:00:00+08:00,35.45000076293945,35.599998474121094,35.25,35.599998474121094,141000,0.0,0.0
2023-12-01 00:00:00+08:00,36.0,39.150001525878906,36.0,39.150001525878906,1959000,0.0,0.0
2023-12-04 00:00:00+08:00,39.150001525878906,40.95000076293945,38.20000076293945,40.599998474121094,2430000,0.0,0.0
2023-12-05 00:00:00+08:00,39.599998474121094,39.599998474121094,38.599998474121094,38.79999923706055,892000,0.0,0.0
2023-12-06 00:00:00+08:00,38.650001525878906,39.099998474121094,38.150001525878906,38.150001525878906,400000,0.0,0.0
2023-12-07 00:00:00+08:00,38.150001525878906,39.150001525878906,38.150001525878906,38.5,396000,0.0,0.0
2023-12-08 00:00:00+08:00,39.0,39.25,37.95000076293945,38.04999923706055,292000,0.0,0.0
2023-12-11 00:00:00+08:00,38.70000076293945,38.70000076293945,37.04999923706055,38.599998474121094,430000,0.0,0.0
2023-12-12 00:00:00+08:00,38.599998474121094,38.599998474121094,38.0,38.04999923706055,162000,0.0,0.0
2023-12-13 00:00:00+08:00,38.04999923706055,38.099998474121094,37.650001525878906,37.650001525878906,134000,0.0,0.0
2023-12-14 00:00:00+08:00,37.70000076293945,38.20000076293945,37.25,37.45000076293945,234000,0.0,0.0
2023-12-15 00:00:00+08:00,37.95000076293945,37.95000076293945,37.04999923706055,37.20000076293945,213000,0.0,0.0
2023-12-18 00:00:00+08:00,37.20000076293945,37.20000076293945,36.70000076293945,36.79999923706055,183000,0.0,0.0
2023-12-19 00:00:00+08:00,37.45000076293945,37.45000076293945,36.5,36.849998474121094,158000,0.0,0.0
2023-12-20 00:00:00+08:00,37.29999923706055,37.29999923706055,36.79999923706055,36.79999923706055,103000,0.0,0.0
2023-12-21 00:00:00+08:00,36.599998474121094,36.849998474121094,36.5,36.5,137000,0.0,0.0
2023-12-22 00:00:00+08:00,36.54999923706055,36.900001525878906,36.54999923706055,36.79999923706055,106000,0.0,0.0
2023-12-25 00:00:00+08:00,36.79999923706055,36.79999923706055,36.599998474121094,36.79999923706055,79000,0.0,0.0
2023-12-26 00:00:00+08:00,37.20000076293945,37.54999923706055,37.0,37.54999923706055,172000,0.0,0.0
2023-12-27 00:00:00+08:00,37.79999923706055,37.900001525878906,37.20000076293945,37.400001525878906,92000,0.0,0.0
2023-12-28 00:00:00+08:00,37.650001525878906,37.650001525878906,37.20000076293945,37.25,112000,0.0,0.0
2023-12-29 00:00:00+08:00,37.349998474121094,37.349998474121094,36.75,36.95000076293945,140000,0.0,0.0
2024-01-02 00:00:00+08:00,37.400001525878906,37.400001525878906,36.29999923706055,36.900001525878906,51000,0.0,0.0
2024-01-03 00:00:00+08:00,36.349998474121094,36.650001525878906,36.349998474121094,36.45000076293945,80000,0.0,0.0
2024-01-04 00:00:00+08:00,36.45000076293945,36.45000076293945,35.900001525878906,35.95000076293945,120000,0.0,0.0
2024-01-05 00:00:00+08:00,36.04999923706055,36.650001525878906,36.04999923706055,36.5,80000,0.0,0.0
2024-01-08 00:00:00+08:00,36.5,36.95000076293945,36.29999923706055,36.599998474121094,76000,0.0,0.0
2024-01-09 00:00:00+08:00,36.70000076293945,36.70000076293945,36.0,36.0,81000,0.0,0.0
2024-01-10 00:00:00+08:00,35.099998474121094,35.099998474121094,34.150001525878906,34.29999923706055,537000,0.0,0.0
2024-01-11 00:00:00+08:00,34.29999923706055,34.70000076293945,34.20000076293945,34.650001525878906,120000,0.0,0.0
2024-01-12 00:00:00+08:00,34.29999923706055,34.650001525878906,34.099998474121094,34.25,149000,0.0,0.0
2024-01-15 00:00:00+08:00,34.25,34.54999923706055,34.099998474121094,34.25,130149,0.0,0.0
2024-01-16 00:00:00+08:00,34.25,34.25,33.70000076293945,33.75,217000,0.0,0.0
2024-01-17 00:00:00+08:00,33.599998474121094,33.849998474121094,33.29999923706055,33.349998474121094,159000,0.0,0.0
2024-01-18 00:00:00+08:00,33.349998474121094,33.400001525878906,32.54999923706055,32.75,216000,0.0,0.0
2024-01-19 00:00:00+08:00,32.75,33.150001525878906,32.75,32.849998474121094,98000,0.0,0.0
2024-01-22 00:00:00+08:00,32.900001525878906,33.349998474121094,32.900001525878906,33.0,119000,0.0,0.0
2024-01-23 00:00:00+08:00,33.400001525878906,33.400001525878906,32.900001525878906,33.29999923706055,140000,0.0,0.0
2024-01-24 00:00:00+08:00,33.29999923706055,34.150001525878906,33.29999923706055,33.95000076293945,129000,0.0,0.0
2024-01-25 00:00:00+08:00,33.849998474121094,34.0,33.5,33.5,116000,0.0,0.0
2024-01-26 00:00:00+08:00,33.5,33.75,33.5,33.599998474121094,46000,0.0,0.0
2024-01-29 00:00:00+08:00,33.849998474121094,33.95000076293945,33.70000076293945,33.70000076293945,64000,0.0,0.0
2024-01-30 00:00:00+08:00,33.75,33.75,33.0,33.0,156000,0.0,0.0
2024-01-31 00:00:00+08:00,33.0,33.099998474121094,32.25,32.70000076293945,238000,0.0,0.0
2024-02-01 00:00:00+08:00,32.70000076293945,33.0,32.70000076293945,32.75,102000,0.0,0.0
2024-02-02 00:00:00+08:00,32.900001525878906,33.0,32.650001525878906,32.650001525878906,96000,0.0,0.0
2024-02-05 00:00:00+08:00,32.70000076293945,32.79999923706055,32.25,32.29999923706055,117000,0.0,0.0
2024-02-15 00:00:00+08:00,32.25,32.25,31.799999237060547,32.0,155000,0.0,0.0
2024-02-16 00:00:00+08:00,32.0,33.349998474121094,31.850000381469727,33.25,198000,0.0,0.0
2024-02-19 00:00:00+08:00,33.25,33.900001525878906,33.25,33.849998474121094,166000,0.0,0.0
2024-02-20 00:00:00+08:00,33.849998474121094,33.849998474121094,33.25,33.400001525878906,149000,0.0,0.0
2024-02-21 00:00:00+08:00,33.150001525878906,34.0,33.150001525878906,33.900001525878906,183000,0.0,0.0
2024-02-22 00:00:00+08:00,34.25,34.25,33.5,33.54999923706055,123000,0.0,0.0
2024-02-23 00:00:00+08:00,33.25,33.25,32.900001525878906,32.900001525878906,159000,0.0,0.0
2024-02-26 00:00:00+08:00,32.95000076293945,33.599998474121094,32.900001525878906,33.5,127000,0.0,0.0
2024-02-27 00:00:00+08:00,33.5,33.5,32.650001525878906,32.650001525878906,100000,0.0,0.0
2024-02-29 00:00:00+08:00,33.349998474121094,33.599998474121094,32.70000076293945,32.900001525878906,114000,0.0,0.0
2024-03-01 00:00:00+08:00,32.95000076293945,32.95000076293945,32.599998474121094,32.599998474121094,81000,0.0,0.0
2024-03-04 00:00:00+08:00,32.650001525878906,32.650001525878906,32.099998474121094,32.099998474121094,177000,0.0,0.0
2024-03-05 00:00:00+08:00,32.04999923706055,32.599998474121094,32.0,32.400001525878906,134000,0.0,0.0
2024-03-06 00:00:00+08:00,32.20000076293945,32.599998474121094,32.0,32.25,115000,0.0,0.0
2024-03-07 00:00:00+08:00,32.25,32.25,31.049999237060547,31.149999618530273,547000,0.0,0.0
2024-03-08 00:00:00+08:00,31.149999618530273,31.5,30.149999618530273,30.399999618530273,360000,0.0,0.0
2024-03-11 00:00:00+08:00,30.200000762939453,31.700000762939453,30.200000762939453,31.200000762939453,141000,0.0,0.0
2024-03-12 00:00:00+08:00,31.200000762939453,31.200000762939453,30.600000381469727,30.799999237060547,216000,0.0,0.0
2024-03-13 00:00:00+08:00,31.0,31.0,30.049999237060547,30.100000381469727,265000,0.0,0.0
2024-03-14 00:00:00+08:00,30.0,30.350000381469727,29.700000762939453,30.0,235000,0.0,0.0
2024-03-15 00:00:00+08:00,29.799999237060547,29.899999618530273,29.100000381469727,29.399999618530273,345000,0.0,0.0
2024-03-18 00:00:00+08:00,29.399999618530273,29.399999618530273,29.399999618530273,29.399999618530273,0,0.0,0.0
2024-03-19 00:00:00+08:00,30.049999237060547,30.049999237060547,29.399999618530273,29.549999237060547,167000,0.0,0.0
2024-03-20 00:00:00+08:00,29.549999237060547,30.100000381469727,29.350000381469727,29.75,154000,0.0,0.0
2024-03-21 00:00:00+08:00,29.75,30.350000381469727,29.75,30.149999618530273,137000,0.0,0.0
2024-03-22 00:00:00+08:00,30.350000381469727,30.600000381469727,30.049999237060547,30.600000381469727,198000,0.0,0.0
2024-03-25 00:00:00+08:00,30.600000381469727,30.600000381469727,30.600000381469727,30.600000381469727,0,0.0,0.0
2024-03-26 00:00:00+08:00,30.100000381469727,30.100000381469727,29.299999237060547,29.450000762939453,196000,0.0,0.0
2024-03-27 00:00:00+08:00,29.549999237060547,30.049999237060547,29.549999237060547,29.899999618530273,49000,0.0,0.0
2024-03-28 00:00:00+08:00,30.100000381469727,30.5,30.0,30.100000381469727,142000,0.0,0.0
2024-03-29 00:00:00+08:00,30.5,30.5,29.549999237060547,29.649999618530273,115000,0.0,0.0
2024-04-01 00:00:00+08:00,30.450000762939453,30.600000381469727,29.850000381469727,30.25,134000,0.0,0.0
2024-04-02 00:00:00+08:00,30.450000762939453,30.450000762939453,29.950000762939453,29.950000762939453,118000,0.0,0.0
2024-04-03 00:00:00+08:00,29.950000762939453,29.950000762939453,29.450000762939453,29.649999618530273,75000,0.0,0.0
2024-04-08 00:00:00+08:00,29.600000381469727,30.299999237060547,29.600000381469727,30.25,140000,0.0,0.0
2024-04-09 00:00:00+08:00,30.700000762939453,30.75,30.100000381469727,30.5,142000,0.0,0.0
2024-04-10 00:00:00+08:00,30.5,30.799999237060547,30.299999237060547,30.5,156000,0.0,0.0
2024-04-11 00:00:00+08:00,30.5,30.549999237060547,29.899999618530273,30.0,113000,0.0,0.0
2024-04-12 00:00:00+08:00,29.950000762939453,30.299999237060547,29.850000381469727,29.899999618530273,65000,0.0,0.0
2024-04-15 00:00:00+08:00,29.200000762939453,30.0,29.149999618530273,29.299999237060547,175000,0.0,0.0
2024-04-16 00:00:00+08:00,29.100000381469727,29.100000381469727,28.200000762939453,28.350000381469727,283000,0.0,0.0
2024-04-17 00:00:00+08:00,28.700000762939453,29.399999618530273,28.700000762939453,29.200000762939453,90000,0.0,0.0
2024-04-18 00:00:00+08:00,29.200000762939453,29.200000762939453,29.0,29.049999237060547,52000,0.0,0.0
2024-04-19 00:00:00+08:00,29.049999237060547,29.049999237060547,27.200000762939453,28.100000381469727,226000,0.0,0.0
2024-04-22 00:00:00+08:00,27.399999618530273,28.649999618530273,27.399999618530273,27.799999237060547,121000,0.0,0.0
2024-04-23 00:00:00+08:00,27.799999237060547,28.450000762939453,27.799999237060547,28.100000381469727,64000,0.0,0.0
2024-04-24 00:00:00+08:00,28.200000762939453,29.0,28.200000762939453,28.600000381469727,74000,0.0,0.0
2024-04-25 00:00:00+08:00,28.5,28.5,28.049999237060547,28.149999618530273,62000,0.0,0.0
2024-04-26 00:00:00+08:00,28.450000762939453,28.450000762939453,28.149999618530273,28.200000762939453,72000,0.0,0.0
2024-04-29 00:00:00+08:00,28.149999618530273,28.5,28.149999618530273,28.299999237060547,154000,0.0,0.0
2024-04-30 00:00:00+08:00,28.850000381469727,31.100000381469727,28.850000381469727,31.100000381469727,999000,0.0,0.0
2024-05-02 00:00:00+08:00,30.799999237060547,30.899999618530273,30.25,30.399999618530273,720000,0.0,0.0
2024-05-03 00:00:00+08:00,30.700000762939453,30.75,29.0,29.899999618530273,410000,0.0,0.0
2024-05-06 00:00:00+08:00,29.899999618530273,30.25,29.5,30.100000381469727,168000,0.0,0.0
2024-05-07 00:00:00+08:00,30.0,30.0,29.399999618530273,29.5,130000,0.0,0.0
2024-05-08 00:00:00+08:00,29.200000762939453,29.350000381469727,29.049999237060547,29.100000381469727,174000,0.0,0.0
2024-05-09 00:00:00+08:00,29.0,29.200000762939453,28.850000381469727,28.899999618530273,109000,0.0,0.0
2024-05-10 00:00:00+08:00,28.950000762939453,29.049999237060547,28.299999237060547,29.049999237060547,239000,0.0,0.0
2024-05-13 00:00:00+08:00,29.049999237060547,29.049999237060547,28.549999237060547,28.899999618530273,122000,0.0,0.0
2024-05-14 00:00:00+08:00,28.850000381469727,29.25,28.850000381469727,29.149999618530273,78000,0.0,0.0
2024-05-15 00:00:00+08:00,29.149999618530273,29.399999618530273,28.799999237060547,28.850000381469727,126000,0.0,0.0
2024-05-16 00:00:00+08:00,29.0,29.0,28.649999618530273,28.850000381469727,139000,0.0,0.0
2024-05-17 00:00:00+08:00,28.850000381469727,29.299999237060547,28.850000381469727,29.0,146000,0.0,0.0
2024-05-20 00:00:00+08:00,29.100000381469727,29.299999237060547,28.799999237060547,29.299999237060547,144000,0.0,0.0
2024-05-21 00:00:00+08:00,29.600000381469727,29.600000381469727,29.299999237060547,29.600000381469727,129000,0.0,0.0
2024-05-22 00:00:00+08:00,29.799999237060547,30.0,29.5,29.75,110000,0.0,0.0
2024-05-23 00:00:00+08:00,29.799999237060547,30.0,28.950000762939453,28.950000762939453,184000,0.0,0.0
2024-05-24 00:00:00+08:00,29.25,29.25,28.649999618530273,29.149999618530273,170000,0.0,0.0
2024-05-27 00:00:00+08:00,29.549999237060547,30.299999237060547,28.5,29.049999237060547,229000,0.0,0.0
2024-05-28 00:00:00+08:00,29.0,30.049999237060547,29.0,29.950000762939453,251000,0.0,0.0
2024-05-29 00:00:00+08:00,29.950000762939453,30.049999237060547,29.700000762939453,29.950000762939453,147000,0.0,0.0
2024-05-30 00:00:00+08:00,29.700000762939453,29.850000381469727,29.399999618530273,29.549999237060547,117000,0.0,0.0
2024-05-31 00:00:00+08:00,30.0,30.100000381469727,29.5,29.5,136000,0.0,0.0
2024-06-03 00:00:00+08:00,29.149999618530273,29.799999237060547,29.100000381469727,29.200000762939453,156000,0.0,0.0
2024-06-04 00:00:00+08:00,29.100000381469727,29.350000381469727,29.049999237060547,29.25,76000,0.0,0.0
2024-06-05 00:00:00+08:00,29.350000381469727,29.649999618530273,28.799999237060547,28.799999237060547,135000,0.0,0.0
2024-06-06 00:00:00+08:00,28.850000381469727,28.899999618530273,28.600000381469727,28.75,186000,0.0,0.0
2024-06-07 00:00:00+08:00,29.200000762939453,29.600000381469727,28.700000762939453,29.549999237060547,133000,0.0,0.0
2024-06-11 00:00:00+08:00,29.299999237060547,29.299999237060547,28.600000381469727,28.799999237060547,149000,0.0,0.0
2024-06-12 00:00:00+08:00,28.799999237060547,28.850000381469727,28.299999237060547,28.5,229000,0.0,0.0
2024-06-13 00:00:00+08:00,28.5,28.5,28.25,28.25,94000,0.0,0.0
2024-06-14 00:00:00+08:00,28.25,28.950000762939453,28.25,28.5,100000,0.0,0.0
2024-06-17 00:00:00+08:00,28.950000762939453,29.5,28.850000381469727,29.399999618530273,194000,0.0,0.0
2024-06-18 00:00:00+08:00,29.950000762939453,29.950000762939453,28.850000381469727,28.850000381469727,148000,0.0,0.0
2024-06-19 00:00:00+08:00,28.600000381469727,28.850000381469727,28.600000381469727,28.75,114000,0.0,0.0
2024-06-20 00:00:00+08:00,28.600000381469727,28.950000762939453,28.5,28.899999618530273,160000,0.0,0.0
2024-06-21 00:00:00+08:00,28.700000762939453,29.399999618530273,28.5,29.200000762939453,104000,0.0,0.0
2024-06-24 00:00:00+08:00,29.200000762939453,29.350000381469727,28.75,28.850000381469727,94000,0.0,0.0
2024-06-25 00:00:00+08:00,28.700000762939453,28.850000381469727,28.399999618530273,28.649999618530273,124000,0.0,0.0
2024-06-26 00:00:00+08:00,28.649999618530273,28.899999618530273,28.600000381469727,28.850000381469727,143000,0.0,0.0
2024-06-27 00:00:00+08:00,28.950000762939453,29.850000381469727,28.950000762939453,29.600000381469727,460000,0.0,0.0
2024-06-28 00:00:00+08:00,29.600000381469727,29.600000381469727,29.0,29.200000762939453,196000,0.0,0.0
2024-07-01 00:00:00+08:00,29.200000762939453,29.649999618530273,29.049999237060547,29.649999618530273,147000,0.0,0.0
2024-07-02 00:00:00+08:00,29.850000381469727,30.299999237060547,29.350000381469727,29.549999237060547,151000,0.0,0.0
2024-07-03 00:00:00+08:00,29.700000762939453,29.950000762939453,29.350000381469727,29.5,212000,0.0,0.0
2024-07-04 00:00:00+08:00,29.5,30.5,29.399999618530273,30.5,374000,0.0,0.0
2024-07-05 00:00:00+08:00,30.5,31.0,30.100000381469727,30.899999618530273,477000,0.0,0.0
2024-07-08 00:00:00+08:00,31.0,31.0,30.399999618530273,30.649999618530273,216000,0.0,0.0
2024-07-09 00:00:00+08:00,30.649999618530273,30.649999618530273,29.549999237060547,29.600000381469727,283000,0.0,0.0
2024-07-10 00:00:00+08:00,29.5,29.75,29.299999237060547,29.549999237060547,113000,0.0,0.0
2024-07-11 00:00:00+08:00,29.549999237060547,29.549999237060547,29.200000762939453,29.25,163000,0.0,0.0
2024-07-12 00:00:00+08:00,29.299999237060547,30.399999618530273,29.299999237060547,29.5,247000,0.0,0.0
2024-07-15 00:00:00+08:00,29.399999618530273,29.5,28.899999618530273,28.899999618530273,287000,0.0,0.0
2024-07-16 00:00:00+08:00,28.899999618530273,29.149999618530273,28.75,29.100000381469727,125000,0.0,0.0
2024-07-17 00:00:00+08:00,29.100000381469727,29.350000381469727,28.899999618530273,29.0,140000,0.0,0.0
2024-07-18 00:00:00+08:00,29.149999618530273,29.149999618530273,28.5,28.850000381469727,126000,0.0,0.0
2024-07-19 00:00:00+08:00,29.350000381469727,29.799999237060547,28.649999618530273,28.850000381469727,310000,0.0,0.0
2024-07-22 00:00:00+08:00,29.0,29.0,27.899999618530273,28.299999237060547,304000,0.0,0.0
2024-07-23 00:00:00+08:00,28.600000381469727,28.700000762939453,28.399999618530273,28.549999237060547,104000,0.0,0.0
2024-07-26 00:00:00+08:00,27.200000762939453,28.100000381469727,27.200000762939453,27.899999618530273,170000,0.0,0.0
2024-07-29 00:00:00+08:00,27.899999618530273,28.350000381469727,27.5,27.549999237060547,197000,0.0,0.0
2024-07-30 00:00:00+08:00,27.600000381469727,27.799999237060547,27.450000762939453,27.600000381469727,113000,0.0,0.0
2024-07-31 00:00:00+08:00,27.5,27.850000381469727,27.5,27.600000381469727,35000,0.0,0.0
2024-08-01 00:00:00+08:00,27.799999237060547,28.25,27.799999237060547,28.0,64000,0.0,0.0
2024-08-02 00:00:00+08:00,27.649999618530273,27.700000762939453,27.25,27.450000762939453,151000,0.0,0.0
2024-08-05 00:00:00+08:00,27.399999618530273,27.399999618530273,24.75,24.75,496000,0.0,0.0
2024-08-06 00:00:00+08:00,24.350000381469727,24.450000762939453,22.299999237060547,23.899999618530273,316000,0.0,0.0
2024-08-07 00:00:00+08:00,23.799999237060547,24.649999618530273,23.299999237060547,24.299999237060547,236000,0.0,0.0
2024-08-08 00:00:00+08:00,24.25,24.25,23.5,23.899999618530273,210000,0.0,0.0
2024-08-09 00:00:00+08:00,23.950000762939453,24.299999237060547,23.899999618530273,24.149999618530273,159000,0.0,0.0
2024-08-12 00:00:00+08:00,24.799999237060547,25.149999618530273,24.700000762939453,25.0,189000,0.0,0.0
2024-08-13 00:00:00+08:00,25.350000381469727,25.350000381469727,24.549999237060547,24.850000381469727,142000,0.0,0.0
2024-08-14 00:00:00+08:00,25.25,25.25,24.700000762939453,24.799999237060547,54000,0.0,0.0
2024-08-15 00:00:00+08:00,24.700000762939453,24.799999237060547,24.5,24.700000762939453,47000,0.0,0.0
2024-08-16 00:00:00+08:00,24.700000762939453,25.149999618530273,24.549999237060547,24.700000762939453,93000,0.0,0.0
2024-08-19 00:00:00+08:00,24.75,25.0,24.700000762939453,24.799999237060547,115000,0.0,0.0
2024-08-20 00:00:00+08:00,24.799999237060547,25.200000762939453,24.799999237060547,25.0,114000,0.0,0.0
2024-08-21 00:00:00+08:00,25.0,25.0,24.700000762939453,24.950000762939453,79000,0.0,0.0
2024-08-22 00:00:00+08:00,24.799999237060547,25.200000762939453,24.700000762939453,25.149999618530273,118000,0.0,0.0
2024-08-23 00:00:00+08:00,24.700000762939453,24.950000762939453,24.5,24.75,67000,0.0,0.0
2024-08-26 00:00:00+08:00,24.75,24.950000762939453,24.549999237060547,24.600000381469727,113000,0.0,0.0
2024-08-27 00:00:00+08:00,24.5,24.600000381469727,23.950000762939453,24.149999618530273,229000,0.0,0.0
2024-08-28 00:00:00+08:00,24.149999618530273,24.600000381469727,24.149999618530273,24.5,130000,0.0,0.0
2024-08-29 00:00:00+08:00,24.5,24.5,24.149999618530273,24.299999237060547,51000,0.0,0.0
2024-08-30 00:00:00+08:00,24.299999237060547,24.649999618530273,24.299999237060547,24.549999237060547,107000,0.0,0.0
2024-09-02 00:00:00+08:00,24.399999618530273,24.600000381469727,24.350000381469727,24.450000762939453,27000,0.0,0.0
2024-09-03 00:00:00+08:00,24.5,24.5,24.299999237060547,24.299999237060547,51000,0.0,0.0
2024-09-04 00:00:00+08:00,23.149999618530273,23.700000762939453,22.700000762939453,23.350000381469727,107000,0.0,0.0
2024-09-05 00:00:00+08:00,23.450000762939453,23.700000762939453,23.149999618530273,23.350000381469727,92000,0.0,0.0
2024-09-06 00:00:00+08:00,23.350000381469727,23.899999618530273,23.0,23.600000381469727,70000,0.0,0.0
2024-09-09 00:00:00+08:00,23.5,24.5,23.5,24.299999237060547,87000,0.0,0.0
2024-09-10 00:00:00+08:00,24.700000762939453,26.700000762939453,24.700000762939453,26.399999618530273,951000,0.0,0.0
2024-09-11 00:00:00+08:00,25.299999237060547,25.350000381469727,24.399999618530273,25.100000381469727,510000,0.0,0.0
2024-09-12 00:00:00+08:00,25.100000381469727,26.600000381469727,24.899999618530273,26.299999237060547,246000,0.0,0.0
2024-09-13 00:00:00+08:00,26.799999237060547,26.799999237060547,26.0,26.25,211000,0.0,0.0
2024-09-16 00:00:00+08:00,26.600000381469727,26.600000381469727,25.799999237060547,26.049999237060547,117000,0.0,0.0
2024-09-18 00:00:00+08:00,26.450000762939453,26.450000762939453,25.700000762939453,25.700000762939453,114000,0.0,0.0
2024-09-19 00:00:00+08:00,25.700000762939453,26.100000381469727,25.649999618530273,25.75,75000,0.0,0.0
2024-09-20 00:00:00+08:00,25.75,25.950000762939453,25.5,25.950000762939453,105000,0.0,0.0
2024-09-23 00:00:00+08:00,26.350000381469727,26.350000381469727,25.850000381469727,26.350000381469727,100000,0.0,0.0
2024-09-24 00:00:00+08:00,26.299999237060547,26.299999237060547,26.0,26.299999237060547,103000,0.0,0.0
2024-09-25 00:00:00+08:00,26.0,27.200000762939453,26.0,26.899999618530273,288000,0.0,0.0
2024-09-26 00:00:00+08:00,27.399999618530273,27.450000762939453,26.799999237060547,27.049999237060547,246000,0.0,0.0
2024-09-27 00:00:00+08:00,27.100000381469727,28.149999618530273,27.100000381469727,28.0,316000,0.0,0.0
2024-09-30 00:00:00+08:00,28.0,28.350000381469727,27.799999237060547,28.0,153000,0.0,0.0
2024-10-01 00:00:00+08:00,28.0,28.5,26.600000381469727,28.0,136000,0.0,0.0
2024-10-04 00:00:00+08:00,27.5,27.600000381469727,27.049999237060547,27.299999237060547,39000,0.0,0.0
2024-10-07 00:00:00+08:00,27.399999618530273,27.850000381469727,27.399999618530273,27.5,55000,0.0,0.0
2024-10-08 00:00:00+08:00,27.5,27.5,26.399999618530273,27.5,122000,0.0,0.0
2024-10-09 00:00:00+08:00,27.450000762939453,28.0,27.149999618530273,27.399999618530273,109000,0.0,0.0
2024-10-11 00:00:00+08:00,27.700000762939453,27.899999618530273,27.0,27.149999618530273,201000,0.0,0.0
2024-10-14 00:00:00+08:00,26.899999618530273,27.149999618530273,26.850000381469727,26.899999618530273,88000,0.0,0.0
2024-10-15 00:00:00+08:00,26.799999237060547,26.850000381469727,26.25,26.399999618530273,155000,0.0,0.0
2024-10-16 00:00:00+08:00,26.049999237060547,27.049999237060547,26.049999237060547,27.049999237060547,99000,0.0,0.0
2024-10-17 00:00:00+08:00,27.299999237060547,27.850000381469727,27.100000381469727,27.799999237060547,118000,0.0,0.0
2024-10-18 00:00:00+08:00,27.799999237060547,28.049999237060547,27.600000381469727,27.700000762939453,92000,0.0,0.0
2024-10-21 00:00:00+08:00,28.25,28.350000381469727,27.549999237060547,27.649999618530273,91000,0.0,0.0
2024-10-22 00:00:00+08:00,27.600000381469727,27.899999618530273,26.799999237060547,27.700000762939453,94000,0.0,0.0
2024-10-23 00:00:00+08:00,27.950000762939453,27.950000762939453,27.200000762939453,27.600000381469727,42000,0.0,0.0
2024-10-24 00:00:00+08:00,27.299999237060547,27.299999237060547,26.950000762939453,27.0,61000,0.0,0.0
2024-10-25 00:00:00+08:00,27.049999237060547,27.600000381469727,26.799999237060547,26.950000762939453,46000,0.0,0.0
2024-10-28 00:00:00+08:00,27.0,27.100000381469727,26.25,26.600000381469727,65000,0.0,0.0
2024-10-29 00:00:00+08:00,26.350000381469727,26.450000762939453,26.100000381469727,26.100000381469727,83000,0.0,0.0
2024-10-30 00:00:00+08:00,26.100000381469727,26.5,25.899999618530273,26.200000762939453,73000,0.0,0.0
2024-11-01 00:00:00+08:00,25.899999618530273,26.5,25.899999618530273,26.299999237060547,20000,0.0,0.0
2024-11-04 00:00:00+08:00,26.25,26.299999237060547,25.5,25.649999618530273,38000,0.0,0.0
2024-11-05 00:00:00+08:00,25.75,25.899999618530273,25.549999237060547,25.799999237060547,61000,0.0,0.0
2024-11-06 00:00:00+08:00,25.75,25.75,25.549999237060547,25.700000762939453,55000,0.0,0.0
2024-11-07 00:00:00+08:00,25.700000762939453,26.700000762939453,25.649999618530273,25.850000381469727,66000,0.0,0.0
2024-11-08 00:00:00+08:00,26.5,26.5,26.0,26.049999237060547,56000,0.0,0.0
2024-11-11 00:00:00+08:00,26.25,27.100000381469727,26.200000762939453,27.0,145000,0.0,0.0
2024-11-12 00:00:00+08:00,26.850000381469727,27.049999237060547,26.5,27.049999237060547,66000,0.0,0.0
2024-11-13 00:00:00+08:00,27.049999237060547,27.149999618530273,26.899999618530273,27.149999618530273,156000,0.0,0.0
2024-11-14 00:00:00+08:00,27.649999618530273,27.649999618530273,26.75,26.799999237060547,178000,0.0,0.0
2024-11-15 00:00:00+08:00,26.799999237060547,26.799999237060547,26.200000762939453,26.25,82000,0.0,0.0
2024-11-18 00:00:00+08:00,26.799999237060547,26.799999237060547,26.049999237060547,26.049999237060547,55000,0.0,0.0
2024-11-19 00:00:00+08:00,26.049999237060547,26.299999237060547,26.049999237060547,26.049999237060547,31000,0.0,0.0
2024-11-20 00:00:00+08:00,27.450000762939453,28.649999618530273,27.450000762939453,28.649999618530273,656394,0.0,0.0
2024-11-21 00:00:00+08:00,31.5,31.5,31.0,31.5,3453000,0.0,0.0
2024-11-22 00:00:00+08:00,31.0,33.04999923706055,31.0,31.75,3444000,0.0,0.0
2024-11-25 00:00:00+08:00,32.400001525878906,33.5,31.899999618530273,32.5,1903000,0.0,0.0
2024-11-26 00:00:00+08:00,32.599998474121094,32.70000076293945,31.049999237060547,31.200000762939453,1021000,0.0,0.0
2024-11-27 00:00:00+08:00,31.0,34.29999923706055,31.0,34.29999923706055,4070000,0.0,0.0
2024-11-28 00:00:00+08:00,32.599998474121094,32.650001525878906,30.899999618530273,31.899999618530273,3100000,0.0,0.0
2024-11-29 00:00:00+08:00,30.799999237060547,32.79999923706055,30.100000381469727,31.899999618530273,1531000,0.0,0.0
2024-12-02 00:00:00+08:00,32.25,32.5,31.0,31.0,1059000,0.0,0.0
2024-12-03 00:00:00+08:00,31.549999237060547,31.850000381469727,29.700000762939453,29.799999237060547,896000,0.0,0.0
2024-12-04 00:00:00+08:00,29.5,31.299999237060547,29.399999618530273,30.850000381469727,821000,0.0,0.0
2024-12-05 00:00:00+08:00,31.0,31.100000381469727,29.899999618530273,29.950000762939453,723000,0.0,0.0
2024-12-06 00:00:00+08:00,31.0,31.100000381469727,30.0,30.049999237060547,468000,0.0,0.0
2024-12-09 00:00:00+08:00,30.149999618530273,30.200000762939453,28.649999618530273,28.799999237060547,482000,0.0,0.0
2024-12-10 00:00:00+08:00,28.799999237060547,29.5,28.450000762939453,28.5,310000,0.0,0.0
2024-12-11 00:00:00+08:00,28.100000381469727,29.100000381469727,28.100000381469727,29.0,192000,0.0,0.0
2024-12-12 00:00:00+08:00,28.649999618530273,29.399999618530273,28.200000762939453,28.450000762939453,250000,0.0,0.0
2024-12-13 00:00:00+08:00,28.600000381469727,28.600000381469727,27.950000762939453,28.0,254000,0.0,0.0
2024-12-16 00:00:00+08:00,27.649999618530273,27.75,26.299999237060547,26.399999618530273,520000,0.0,0.0
2024-12-17 00:00:00+08:00,26.100000381469727,27.549999237060547,26.100000381469727,26.850000381469727,115000,0.0,0.0
2024-12-18 00:00:00+08:00,26.799999237060547,28.299999237060547,26.0,27.799999237060547,257000,0.0,0.0
2024-12-19 00:00:00+08:00,26.850000381469727,27.649999618530273,26.799999237060547,27.149999618530273,156000,0.0,0.0
2024-12-20 00:00:00+08:00,27.799999237060547,27.799999237060547,27.0,27.0,116000,0.0,0.0
2024-12-23 00:00:00+08:00,27.549999237060547,27.899999618530273,26.799999237060547,26.950000762939453,126000,0.0,0.0
2024-12-24 00:00:00+08:00,27.049999237060547,27.899999618530273,27.0,27.200000762939453,95000,0.0,0.0
2024-12-25 00:00:00+08:00,27.200000762939453,28.299999237060547,27.100000381469727,28.0,337000,0.0,0.0
2024-12-26 00:00:00+08:00,27.799999237060547,29.100000381469727,27.75,28.200000762939453,245000,0.0,0.0
2024-12-27 00:00:00+08:00,28.399999618530273,28.899999618530273,27.600000381469727,27.799999237060547,137000,0.0,0.0
2024-12-30 00:00:00+08:00,27.799999237060547,27.799999237060547,27.149999618530273,27.299999237060547,68000,0.0,0.0
2024-12-31 00:00:00+08:00,27.299999237060547,27.850000381469727,27.0,27.299999237060547,113000,0.0,0.0
2025-01-02 00:00:00+08:00,27.299999237060547,27.299999237060547,26.799999237060547,26.899999618530273,95000,0.0,0.0
2025-01-03 00:00:00+08:00,26.899999618530273,26.950000762939453,26.299999237060547,26.700000762939453,115000,0.0,0.0
2025-01-06 00:00:00+08:00,26.700000762939453,27.049999237060547,26.100000381469727,26.549999237060547,90000,0.0,0.0
2025-01-07 00:00:00+08:00,26.549999237060547,26.850000381469727,26.350000381469727,26.5,90000,0.0,0.0
2025-01-08 00:00:00+08:00,26.5,26.600000381469727,26.399999618530273,26.549999237060547,48000,0.0,0.0
2025-01-09 00:00:00+08:00,26.600000381469727,26.649999618530273,25.799999237060547,26.149999618530273,145000,0.0,0.0
2025-01-10 00:00:00+08:00,27.100000381469727,28.5,26.950000762939453,27.25,480000,0.0,0.0
2025-01-13 00:00:00+08:00,26.75,27.0,26.299999237060547,26.350000381469727,243000,0.0,0.0
2025-01-14 00:00:00+08:00,25.450000762939453,26.700000762939453,25.299999237060547,25.950000762939453,119000,0.0,0.0
2025-01-15 00:00:00+08:00,26.5,26.5,25.700000762939453,25.799999237060547,62000,0.0,0.0
2025-01-16 00:00:00+08:00,26.049999237060547,26.200000762939453,25.799999237060547,25.799999237060547,66000,0.0,0.0
2025-01-17 00:00:00+08:00,25.799999237060547,26.149999618530273,25.649999618530273,26.0,67000,0.0,0.0
2025-01-20 00:00:00+08:00,26.799999237060547,26.899999618530273,25.700000762939453,26.5,196000,0.0,0.0
2025-01-21 00:00:00+08:00,27.700000762939453,27.700000762939453,26.399999618530273,26.450000762939453,126000,0.0,0.0
2025-01-22 00:00:00+08:00,26.549999237060547,26.899999618530273,26.399999618530273,26.5,151000,0.0,0.0
2025-02-03 00:00:00+08:00,26.200000762939453,27.549999237060547,26.049999237060547,27.049999237060547,264230,0.0,0.0
2025-02-04 00:00:00+08:00,27.450000762939453,27.549999237060547,26.700000762939453,26.850000381469727,113135,0.0,0.0
2025-02-05 00:00:00+08:00,27.25,27.649999618530273,27.049999237060547,27.600000381469727,165407,0.0,0.0
2025-02-06 00:00:00+08:00,27.600000381469727,27.700000762939453,27.149999618530273,27.649999618530273,88200,0.0,0.0
2025-02-07 00:00:00+08:00,27.649999618530273,27.899999618530273,27.25,27.899999618530273,78309,0.0,0.0
2025-02-10 00:00:00+08:00,27.25,27.25,26.649999618530273,26.950000762939453,220420,0.0,0.0
2025-02-11 00:00:00+08:00,26.850000381469727,26.899999618530273,26.200000762939453,26.200000762939453,215101,0.0,0.0
2025-02-12 00:00:00+08:00,26.450000762939453,26.450000762939453,26.0,26.149999618530273,122001,0.0,0.0
2025-02-13 00:00:00+08:00,26.799999237060547,26.799999237060547,26.25,26.600000381469727,97050,0.0,0.0
2025-02-14 00:00:00+08:00,26.600000381469727,26.700000762939453,26.299999237060547,26.450000762939453,60020,0.0,0.0
2025-02-17 00:00:00+08:00,27.0,27.0,26.299999237060547,26.5,97243,0.0,0.0
2025-02-18 00:00:00+08:00,27.0,27.799999237060547,26.600000381469727,27.75,377178,0.0,0.0
2025-02-19 00:00:00+08:00,27.5,27.75,27.25,27.350000381469727,148217,0.0,0.0
2025-02-20 00:00:00+08:00,27.299999237060547,27.5,27.100000381469727,27.299999237060547,75005,0.0,0.0
2025-02-21 00:00:00+08:00,27.149999618530273,27.5,27.0,27.299999237060547,132044,0.0,0.0
2025-02-24 00:00:00+08:00,27.100000381469727,28.200000762939453,27.100000381469727,27.850000381469727,206031,0.0,0.0
2025-02-25 00:00:00+08:00,27.850000381469727,27.850000381469727,27.299999237060547,27.450000762939453,131502,0.0,0.0
2025-02-26 00:00:00+08:00,27.5,27.5,27.25,27.299999237060547,57007,0.0,0.0
2025-02-27 00:00:00+08:00,27.5,27.5,27.0,27.049999237060547,85082,0.0,0.0
2025-03-03 00:00:00+08:00,26.549999237060547,26.899999618530273,26.25,26.299999237060547,138005,0.0,0.0
2025-03-04 00:00:00+08:00,26.299999237060547,26.75,26.299999237060547,26.399999618530273,81004,0.0,0.0
2025-03-05 00:00:00+08:00,26.5,26.850000381469727,26.5,26.600000381469727,35004,0.0,0.0
2025-03-06 00:00:00+08:00,26.600000381469727,26.700000762939453,26.299999237060547,26.350000381469727,56500,0.0,0.0
2025-03-07 00:00:00+08:00,26.299999237060547,26.649999618530273,26.149999618530273,26.350000381469727,87004,0.0,0.0
2025-03-10 00:00:00+08:00,26.350000381469727,26.5,25.799999237060547,26.200000762939453,92201,0.0,0.0
2025-03-11 00:00:00+08:00,26.700000762939453,26.899999618530273,26.200000762939453,26.700000762939453,174004,0.0,0.0
2025-03-12 00:00:00+08:00,27.0,27.0,26.450000762939453,27.0,77310,0.0,0.0
2025-03-13 00:00:00+08:00,27.0,27.0,26.100000381469727,26.299999237060547,121101,0.0,0.0
2025-03-14 00:00:00+08:00,26.600000381469727,26.600000381469727,26.100000381469727,26.350000381469727,94002,0.0,0.0
2025-03-17 00:00:00+08:00,26.299999237060547,26.700000762939453,26.0,26.299999237060547,124010,0.0,0.0
2025-03-18 00:00:00+08:00,26.25,26.549999237060547,26.149999618530273,26.25,117140,0.0,0.0
2025-03-19 00:00:00+08:00,26.25,26.5,26.100000381469727,26.149999618530273,77002,0.0,0.0
2025-03-20 00:00:00+08:00,26.5,26.5,26.049999237060547,26.350000381469727,79081,0.0,0.0
2025-03-21 00:00:00+08:00,26.450000762939453,26.450000762939453,26.200000762939453,26.350000381469727,63200,0.0,0.0
