Date,Open,High,Low,Close,Volume,Dividends,Stock Splits,Capital Gains
2010-07-28 00:00:00+09:00,4598.274270536864,4598.274270536864,3917.048583984375,3917.048583984375,4736788,0.0,0.0,0.0
2010-07-29 00:00:00+09:00,3789.318693017171,3836.1530760190917,3606.2392189438765,3691.392578125,2382742,0.0,0.0,0.0
2010-07-30 00:00:00+09:00,3729.711447189848,3746.7420239974936,3576.435546875,3576.435546875,1018065,0.0,0.0,0.0
2010-08-02 00:00:00+09:00,3597.723809587006,3759.514874035192,3525.3434472715517,3542.3740234375,1568907,0.0,0.0,0.0
2010-08-03 00:00:00+09:00,3567.920134135483,3584.950947262398,3440.190453775696,3504.05517578125,743239,0.0,0.0,0.0
2010-08-04 00:00:00+09:00,3533.8591717417503,3759.515212567697,3440.190639871472,3448.705810546875,2486762,0.0,0.0,0.0
2010-08-05 00:00:00+09:00,3491.2823729699667,3529.6013500553568,3338.0067009770987,3448.705810546875,600971,0.0,0.0,0.0
2010-08-06 00:00:00+09:00,3469.994008280808,3474.2515933710883,3363.552490234375,3363.552490234375,254036,0.0,0.0,0.0
2010-08-09 00:00:00+09:00,3367.810033030825,3478.5093711260256,3363.5524479940123,3376.325439453125,378985,0.0,0.0,0.0
2010-08-10 00:00:00+09:00,3380.5833110747412,3406.129296158596,3291.17236328125,3291.17236328125,322044,0.0,0.0,0.0
2010-08-11 00:00:00+09:00,3295.4298468832703,3308.2028381145597,3154.926943339088,3171.95751953125,318133,0.0,0.0,0.0
2010-08-12 00:00:00+09:00,3163.442435178146,3218.791986561338,3057.000917487799,3074.031494140625,207065,0.0,0.0,0.0
2010-08-13 00:00:00+09:00,3108.09280397154,3474.2517567136647,3082.547055880142,3389.0986328125,809963,0.0,0.0,0.0
2010-08-16 00:00:00+09:00,3338.0067921620885,3380.5833557482524,3244.3382577330485,3278.3994140625,189596,0.0,0.0,0.0
2010-08-17 00:00:00+09:00,3299.687732879106,3299.687732879106,3227.3073638488845,3231.565185546875,140001,0.0,0.0,0.0
2010-08-18 00:00:00+09:00,3197.503872344179,3278.3994140625,3086.804759750413,3278.3994140625,228306,0.0,0.0,0.0
2010-08-19 00:00:00+09:00,3269.884157067286,3380.5832667466443,3223.0497729114395,3303.9453125,165935,0.0,0.0,0.0
2010-08-20 00:00:00+09:00,3269.884072301118,3338.006617749277,3210.27669731605,3329.4912109375,89105,0.0,0.0,0.0
2010-08-23 00:00:00+09:00,3325.2337994513696,3350.7797848728073,3278.3994140625,3278.3994140625,133762,0.0,0.0,0.0
2010-08-24 00:00:00+09:00,3235.822768782586,3252.8533465173464,3159.184814453125,3159.184814453125,193463,0.0,0.0,0.0
2010-08-25 00:00:00+09:00,3120.8658602384494,3252.8533704380043,3074.0317120362783,3082.547119140625,259961,0.0,0.0,0.0
2010-08-26 00:00:00+09:00,3095.3199980068725,3150.6697918567634,3086.8048269135843,3116.6083984375,70788,0.0,0.0,0.0
2010-08-27 00:00:00+09:00,3116.6084692738596,3176.2158500251903,3074.031903793599,3095.320068359375,33792,0.0,0.0,0.0
2010-08-30 00:00:00+09:00,3095.319572143514,3201.7613233033726,3095.319572143514,3171.95751953125,69744,0.0,0.0,0.0
2010-08-31 00:00:00+09:00,3171.9579289576945,3210.2769075976566,3112.350786416888,3125.123779296875,79121,0.0,0.0,0.0
2010-09-01 00:00:00+09:00,3129.3808380149044,3227.30694271103,3125.1232532211875,3210.2763671875,52555,0.0,0.0,0.0
2010-09-02 00:00:00+09:00,3244.337992264891,3244.337992264891,3193.2460256026184,3214.534423828125,19194,0.0,0.0,0.0
2010-09-03 00:00:00+09:00,3248.5958431870554,3359.294955780821,3244.3382577330485,3278.3994140625,79217,0.0,0.0,0.0
2010-09-06 00:00:00+09:00,3320.9763028029593,3320.9763028029593,3244.338344489284,3252.853515625,28567,0.0,0.0,0.0
2010-09-07 00:00:00+09:00,3244.337992264891,3244.337992264891,3193.2460256026184,3214.534423828125,50304,0.0,0.0,0.0
2010-09-08 00:00:00+09:00,3214.5344924298242,3261.3686386372806,3167.700109873684,3193.24609375,17153,0.0,0.0,0.0
2010-09-09 00:00:00+09:00,3176.2155333850287,3252.8532490699213,3154.9271345928064,3188.988525390625,14999,0.0,0.0,0.0
2010-09-10 00:00:00+09:00,3193.2462343028687,3257.111196804717,3184.730827186391,3223.0498046875,14154,0.0,0.0,0.0
2010-09-13 00:00:00+09:00,3227.307231025245,3257.111036289798,3184.730670238476,3197.503662109375,24788,0.0,0.0,0.0
2010-09-14 00:00:00+09:00,3197.5036958285655,3248.595663850951,3188.988525390625,3188.988525390625,25197,0.0,0.0,0.0
2010-09-15 00:00:00+09:00,3218.792077626316,3218.792077626316,3180.473101811842,3193.24609375,26159,0.0,0.0,0.0
2010-09-16 00:00:00+09:00,3176.215672114987,3193.246250083411,3146.411865234375,3146.411865234375,40163,0.0,0.0,0.0
2010-09-17 00:00:00+09:00,3146.4118663269714,3218.792236328125,3146.4118663269714,3218.792236328125,45804,0.0,0.0,0.0
2010-09-20 00:00:00+09:00,3210.2768121871304,3261.368782188609,3188.988648918977,3223.0498046875,44297,0.0,0.0,0.0
2010-09-24 00:00:00+09:00,3223.0496772409283,3406.129150390625,3223.0496772409283,3406.129150390625,115597,0.0,0.0,0.0
2010-09-27 00:00:00+09:00,3342.2641176577526,3406.129076243988,3303.9451425060115,3355.037109375,29620,0.0,0.0,0.0
2010-09-28 00:00:00+09:00,3384.8406362105925,3384.8406362105925,3274.141533591389,3295.429931640625,26457,0.0,0.0,0.0
2010-09-29 00:00:00+09:00,3278.3994140625,3299.6878140299314,3240.080435930343,3278.3994140625,32987,0.0,0.0,0.0
2010-09-30 00:00:00+09:00,3291.1724067732193,3291.1724067732193,3244.3382577330485,3278.3994140625,8110,0.0,0.0,0.0
2010-10-01 00:00:00+09:00,3278.39914422542,3303.94512754423,3252.85316090661,3286.91455078125,22446,0.0,0.0,0.0
2010-10-04 00:00:00+09:00,3320.9762756912924,3320.9762756912924,3248.595903536371,3261.368896484375,13597,0.0,0.0,0.0
2010-10-05 00:00:00+09:00,3303.9450516003735,3303.9450516003735,3223.0495183998173,3235.822509765625,7019,0.0,0.0,0.0
2010-10-06 00:00:00+09:00,3244.3382485389347,3312.460797353485,3244.3382485389347,3282.6572265625,19413,0.0,0.0,0.0
2010-10-07 00:00:00+09:00,3257.110881890411,3282.6568644212325,3231.564899359589,3244.337890625,39297,0.0,0.0,0.0
2010-10-08 00:00:00+09:00,3244.338035276161,3244.338035276161,3197.5036530986185,3201.761474609375,23899,0.0,0.0,0.0
2010-10-11 00:00:00+09:00,3201.7613233033726,3227.3070694172798,3171.95751953125,3171.95751953125,21289,0.0,0.0,0.0
2010-10-12 00:00:00+09:00,3197.5035019938286,3210.276493225118,3154.926943339088,3171.95751953125,51868,0.0,0.0,0.0
2010-10-13 00:00:00+09:00,3214.534423828125,3218.7920089337545,3171.9576273771113,3214.534423828125,39576,0.0,0.0,0.0
2010-10-14 00:00:00+09:00,3235.822509765625,3286.914475228855,3218.791933394106,3235.822509765625,29513,0.0,0.0,0.0
2010-10-15 00:00:00+09:00,3257.1109823588645,3291.1721358848254,3231.5649990400543,3286.91455078125,38680,0.0,0.0,0.0
2010-10-18 00:00:00+09:00,3286.9147778835063,3303.9453558231776,3278.399370739323,3291.17236328125,76363,0.0,0.0,0.0
2010-10-19 00:00:00+09:00,3282.6568644212325,3282.6568644212325,3244.337890625,3244.337890625,31368,0.0,0.0,0.0
2010-10-20 00:00:00+09:00,3252.8530861371437,3252.8530861371437,3197.5035356682024,3235.822509765625,20850,0.0,0.0,0.0
2010-10-21 00:00:00+09:00,3218.792159393699,3274.1417137488734,3197.5037601730824,3240.080322265625,51432,0.0,0.0,0.0
2010-10-22 00:00:00+09:00,3240.0803654798656,3257.111179622981,3214.534616962578,3227.307373046875,6637,0.0,0.0,0.0
2010-10-25 00:00:00+09:00,3257.1109074915285,3257.1109074915285,3214.534348388395,3235.822509765625,21134,0.0,0.0,0.0
2010-10-26 00:00:00+09:00,3257.111329600601,3257.111329600601,3184.73095703125,3184.73095703125,46680,0.0,0.0,0.0
2010-10-27 00:00:00+09:00,3176.2156306112306,3257.1111703400484,3171.9578089132397,3231.565185546875,17389,0.0,0.0,0.0
2010-10-28 00:00:00+09:00,3235.822850476336,3278.3994140625,3206.0192796008914,3278.3994140625,28615,0.0,0.0,0.0
2010-10-29 00:00:00+09:00,3278.399543477277,3316.718523122075,3231.5653925883285,3312.4609375,27737,0.0,0.0,0.0
2010-11-01 00:00:00+09:00,3316.718523122075,3355.0375027668733,3282.6573654480594,3312.4609375,69947,0.0,0.0,0.0
2010-11-02 00:00:00+09:00,3329.4911259405058,3363.552515969391,3312.460549100403,3355.037109375,259611,0.0,0.0,0.0
2010-11-03 00:00:00+09:00,3363.552490234375,3376.325481853894,3320.9759302855373,3363.552490234375,50165,0.0,0.0,0.0
2010-11-04 00:00:00+09:00,3393.3563755476102,3406.1293683602944,3329.491411484191,3342.264404296875,49363,0.0,0.0,0.0
2010-11-05 00:00:00+09:00,3338.0065069953366,3393.3560585636933,3320.9759302855373,3363.552490234375,57005,0.0,0.0,0.0
2010-11-08 00:00:00+09:00,3389.0985899726634,3401.87158203125,3333.7490365016824,3401.87158203125,54767,0.0,0.0,0.0
2010-11-09 00:00:00+09:00,3401.871484637765,3687.134650647715,3389.0984929448614,3576.435546875,495892,0.0,0.0,0.0
2010-11-10 00:00:00+09:00,3555.1474342999113,3572.1782488248537,3440.1907361743947,3491.282470703125,312312,0.0,0.0,0.0
2010-11-11 00:00:00+09:00,3482.7672473676716,3555.147380788784,3431.6752772592654,3508.313232421875,159478,0.0,0.0,0.0
2010-11-12 00:00:00+09:00,3521.086303674449,3521.086303674449,3257.1112764447826,3342.264404296875,174630,0.0,0.0,0.0
2010-11-15 00:00:00+09:00,3359.294679285426,3359.294679285426,3240.080169247205,3286.91455078125,40847,0.0,0.0,0.0
2010-11-16 00:00:00+09:00,3244.3381890160776,3355.0372992651724,3240.0803673035557,3299.687744140625,20620,0.0,0.0,0.0
2010-11-17 00:00:00+09:00,3244.338359686705,3333.7493114714866,3193.2463872382586,3320.976318359375,34592,0.0,0.0,0.0
2010-11-18 00:00:00+09:00,3338.0068188088803,3359.2949825975534,3299.687840370829,3342.264404296875,39706,0.0,0.0,0.0
2010-11-19 00:00:00+09:00,3346.5221899351086,3346.5221899351086,3278.399404771861,3282.6572265625,20820,0.0,0.0,0.0
2010-11-22 00:00:00+09:00,3299.6876112884543,3299.6876112884543,3235.8226516588898,3265.626220703125,13380,0.0,0.0,0.0
2010-11-23 00:00:00+09:00,3291.1724411850673,3291.1724411850673,3193.2463202781246,3269.88427734375,45243,0.0,0.0,0.0
2010-11-24 00:00:00+09:00,3048.485863137237,3274.1419161617005,3027.197462600537,3252.853515625,88491,0.0,0.0,0.0
2010-11-25 00:00:00+09:00,3291.1721358848254,3316.7181192036355,3235.8225841436297,3286.91455078125,23255,0.0,0.0,0.0
2010-11-26 00:00:00+09:00,3286.9145787162756,3325.2335540201584,3108.0926939648225,3206.01904296875,3340,0.0,0.0,0.0
2010-11-29 00:00:00+09:00,3129.3813233365768,3320.9762139973627,3129.3813233365768,3278.3994140625,17041,0.0,0.0,0.0
2010-11-30 00:00:00+09:00,3308.202948996485,3308.202948996485,3240.080169247205,3286.91455078125,15659,0.0,0.0,0.0
2010-12-01 00:00:00+09:00,3240.080382571761,3278.3993600728704,3218.7922193036084,3223.0498046875,22535,0.0,0.0,0.0
2010-12-02 00:00:00+09:00,3320.97612050066,3320.97612050066,3129.3812352339182,3163.442626953125,32232,0.0,0.0,0.0
2010-12-03 00:00:00+09:00,3163.4426639182375,3291.17235257324,3146.4118496852816,3223.0498046875,23635,0.0,0.0,0.0
2010-12-06 00:00:00+09:00,3257.1110534407894,3257.1110534407894,3188.988508553509,3193.24609375,11796,0.0,0.0,0.0
2010-12-07 00:00:00+09:00,3231.5651129701378,3252.853275587216,3180.47314453125,3180.47314453125,4606,0.0,0.0,0.0
2010-12-08 00:00:00+09:00,3235.8226547609647,3235.8226547609647,3150.669532739035,3193.24609375,20475,0.0,0.0,0.0
2010-12-09 00:00:00+09:00,3235.822803675093,3235.822803675093,3065.516315444962,3150.669677734375,45142,0.0,0.0,0.0
2010-12-10 00:00:00+09:00,3171.9580693787266,3171.9580693787266,3108.0931021515185,3154.927490234375,22603,0.0,0.0,0.0
2010-12-13 00:00:00+09:00,3227.307221930501,3227.307221930501,3150.669507269759,3201.761474609375,12864,0.0,0.0,0.0
2010-12-14 00:00:00+09:00,3154.9273774034073,3201.7617638113065,3116.6083984375,3116.6083984375,30031,0.0,0.0,0.0
2010-12-15 00:00:00+09:00,3184.7306559245217,3188.9884774281395,3103.835119888645,3129.381103515625,50547,0.0,0.0,0.0
2010-12-16 00:00:00+09:00,3167.699899838898,3167.699899838898,3099.577359468492,3108.092529296875,23951,0.0,0.0,0.0
2010-12-17 00:00:00+09:00,3137.8963327422207,3137.8963327422207,3082.5467834630576,3108.092529296875,11093,0.0,0.0,0.0
2010-12-20 00:00:00+09:00,3069.773934741579,3125.1234865877395,3014.4241465467385,3065.51611328125,25813,0.0,0.0,0.0
2010-12-21 00:00:00+09:00,3074.0315198532285,3133.638656811039,2976.105171495855,3065.51611328125,193966,0.0,0.0,0.0
2010-12-22 00:00:00+09:00,3065.516054694597,3069.7738760735524,3010.16650390625,3010.16650390625,17955,0.0,0.0,0.0
2010-12-23 00:00:00+09:00,3103.8354933503706,3108.0930790175908,3022.9399475809273,3091.0625,18712,0.0,0.0,0.0
2010-12-24 00:00:00+09:00,3103.835077813353,3176.215442558176,3005.908966136527,3142.154052734375,55483,0.0,0.0,0.0
2010-12-27 00:00:00+09:00,3142.154184915215,3184.7307467245237,3074.031638750583,3176.215576171875,26423,0.0,0.0,0.0
2010-12-28 00:00:00+09:00,3176.2154909395667,3210.2766449335227,3129.3811087620247,3201.761474609375,12248,0.0,0.0,0.0
2010-12-29 00:00:00+09:00,3176.2156396636074,3257.111179622981,3159.1848255204914,3227.307373046875,25329,0.0,0.0,0.0
2010-12-30 00:00:00+09:00,3218.7918994955344,3227.3070694172798,3129.3809608765096,3171.95751953125,22391,0.0,0.0,0.0
2011-01-03 00:00:00+09:00,3154.9273505672786,3218.7923149672156,3091.0623861673416,3125.123779296875,29415,0.0,0.0,0.0
2011-01-04 00:00:00+09:00,3069.773934741579,3129.3810716993894,3044.2279513743233,3065.51611328125,101284,0.0,0.0,0.0
2011-01-05 00:00:00+09:00,3086.804715104489,3163.442670260352,3074.031722578512,3150.669677734375,31493,0.0,0.0,0.0
2011-01-06 00:00:00+09:00,3150.669617718504,3171.9577806238262,3112.3506408704957,3167.7001953125,26686,0.0,0.0,0.0
2011-01-07 00:00:00+09:00,3171.9576694288107,3201.761474609375,3142.154100596929,3201.761474609375,55870,0.0,0.0,0.0
2011-01-10 00:00:00+09:00,3193.24609375,3244.3380615026313,3176.2155166153507,3193.24609375,31495,0.0,0.0,0.0
2011-01-11 00:00:00+09:00,3201.76148363213,3210.2766539802737,3129.3811175808073,3197.503662109375,23840,0.0,0.0,0.0
2011-01-12 00:00:00+09:00,3218.792034736711,3227.307205016231,3154.927075896906,3206.01904296875,46454,0.0,0.0,0.0
2011-01-13 00:00:00+09:00,3235.822628603331,3235.822628603331,3171.9576694288107,3201.761474609375,22275,0.0,0.0,0.0
2011-01-14 00:00:00+09:00,3214.5344755030287,3214.5344755030287,3133.6387027548794,3197.503662109375,27394,0.0,0.0,0.0
2011-01-17 00:00:00+09:00,3163.442792895156,3235.8229291158027,3142.1543924103576,3184.73095703125,34313,0.0,0.0,0.0
2011-01-18 00:00:00+09:00,3227.307231025245,3227.307231025245,3133.6387027548794,3197.503662109375,49294,0.0,0.0,0.0
2011-01-19 00:00:00+09:00,3197.503793706413,3252.8533486420574,3197.503793706413,3231.565185546875,43244,0.0,0.0,0.0
2011-01-20 00:00:00+09:00,3278.3992850940176,3363.552645265208,3244.3381301044924,3316.71826171875,75806,0.0,0.0,0.0
2011-01-21 00:00:00+09:00,3278.399212629038,3320.9760099478704,3193.246090688742,3265.626220703125,29060,0.0,0.0,0.0
2011-01-24 00:00:00+09:00,3320.9762045860653,3320.9762045860653,3206.0192705153695,3282.6572265625,22375,0.0,0.0,0.0
2011-01-25 00:00:00+09:00,3308.2028729547587,3312.4604579604697,3180.4729592966833,3235.822509765625,27237,0.0,0.0,0.0
2011-01-26 00:00:00+09:00,3163.442499104663,3278.399189270117,3163.442499104663,3201.761474609375,19179,0.0,0.0,0.0
2011-01-27 00:00:00+09:00,3197.5038365986807,3218.792236328125,3150.6696880820778,3218.792236328125,18269,0.0,0.0,0.0
2011-01-28 00:00:00+09:00,3193.2460512007888,3227.307205016231,3150.6694907571464,3206.01904296875,7567,0.0,0.0,0.0
2011-01-31 00:00:00+09:00,3193.2464705707,3193.2464705707,3129.381503343492,3154.927490234375,11168,0.0,0.0,0.0
2011-02-01 00:00:00+09:00,3129.3811760923627,3201.7615434970157,3129.3811760923627,3180.47314453125,10782,0.0,0.0,0.0
2011-02-07 00:00:00+09:00,3223.049662822807,3223.049662822807,3180.473101811842,3193.24609375,18301,0.0,0.0,0.0
2011-02-08 00:00:00+09:00,3193.2459170329557,3193.2459170329557,3163.4423496095046,3171.95751953125,24406,0.0,0.0,0.0
2011-02-09 00:00:00+09:00,3171.957711817373,3235.8226718453543,3171.957711817373,3188.988525390625,28922,0.0,0.0,0.0
2011-02-10 00:00:00+09:00,3133.6387192557017,3201.7615004916665,3133.6387192557017,3193.24609375,33419,0.0,0.0,0.0
2011-02-11 00:00:00+09:00,3193.24609375,3206.0190856881577,3133.6387192557017,3193.24609375,39233,0.0,0.0,0.0
2011-02-14 00:00:00+09:00,3206.0193575160483,3269.884322621739,3108.0929989044207,3184.73095703125,43451,0.0,0.0,0.0
2011-02-15 00:00:00+09:00,3180.473118603999,3223.049679839758,3133.638735800584,3188.988525390625,22810,0.0,0.0,0.0
2011-02-16 00:00:00+09:00,3193.2461798778386,3193.2461798778386,3133.638803775818,3167.7001953125,45795,0.0,0.0,0.0
2011-02-17 00:00:00+09:00,3095.319572143514,3188.9883320720833,3095.319572143514,3171.95751953125,39908,0.0,0.0,0.0
2011-02-18 00:00:00+09:00,3171.9576950701753,3223.049662822807,3163.442524677193,3193.24609375,40029,0.0,0.0,0.0
2011-02-21 00:00:00+09:00,3227.307231025245,3227.307231025245,3167.7000931935045,3197.503662109375,21498,0.0,0.0,0.0
2011-02-22 00:00:00+09:00,3197.503678946491,3231.5650695644736,3150.669532739035,3193.24609375,33651,0.0,0.0,0.0
2011-02-23 00:00:00+09:00,3188.9883320720833,3206.018908264245,3150.6693583782153,3171.95751953125,21934,0.0,0.0,0.0
2011-02-24 00:00:00+09:00,3206.019536772568,3206.019536772568,3099.5780010945737,3133.63916015625,68946,0.0,0.0,0.0
2011-02-25 00:00:00+09:00,3044.2281610751356,3163.4426795514946,3044.2281610751356,3146.411865234375,22942,0.0,0.0,0.0
2011-02-28 00:00:00+09:00,3171.9575186358857,3171.9575186358857,3082.54681639077,3099.577392578125,15534,0.0,0.0,0.0
2011-03-02 00:00:00+09:00,3163.442784845399,3163.442784845399,3044.228262401033,3116.6083984375,12441,0.0,0.0,0.0
2011-03-03 00:00:00+09:00,3065.5165304877387,3146.412076710767,3044.2283656835643,3086.804931640625,7337,0.0,0.0,0.0
2011-03-04 00:00:00+09:00,3086.8045115368564,3120.865665127411,3065.51611328125,3065.51611328125,21330,0.0,0.0,0.0
2011-03-07 00:00:00+09:00,3065.51611328125,3150.6694699549953,3044.2279513743233,3065.51611328125,13294,0.0,0.0,0.0
2011-03-08 00:00:00+09:00,3065.5165304877387,3086.804931640625,3022.9399645306785,3086.804931640625,31684,0.0,0.0,0.0
2011-03-09 00:00:00+09:00,3095.319801480893,3235.8227154351694,3065.516231849246,3176.215576171875,20904,0.0,0.0,0.0
2011-03-10 00:00:00+09:00,3176.2155166153507,3193.24609375,3154.927117935526,3193.24609375,250237,0.0,0.0,0.0
2011-03-11 00:00:00+09:00,3150.6694907571464,3206.01904296875,3133.638677500744,3206.01904296875,46507,0.0,0.0,0.0
2011-03-14 00:00:00+09:00,3231.565130158845,3231.565130158845,3133.6387780138775,3176.215576171875,71331,0.0,0.0,0.0
2011-03-15 00:00:00+09:00,3176.2154856146494,3176.2154856146494,3044.2279823248123,3129.381103515625,46586,0.0,0.0,0.0
2011-03-16 00:00:00+09:00,3129.381391426136,3142.1543844147714,3057.0012553896686,3116.6083984375,17312,0.0,0.0,0.0
2011-03-17 00:00:00+09:00,3150.6699760358056,3150.6699760358056,3022.9400386827256,3133.63916015625,16625,0.0,0.0,0.0
2011-03-18 00:00:00+09:00,3171.957621112277,3171.957621112277,3108.092662910574,3142.154052734375,13371,0.0,0.0,0.0
2011-03-21 00:00:00+09:00,3108.092819210479,3188.9885945665123,3095.3198269278096,3167.7001953125,38965,0.0,0.0,0.0
2011-03-22 00:00:00+09:00,3223.0497784995864,3231.565185546875,3159.1848165166534,3231.565185546875,47464,0.0,0.0,0.0
2011-03-23 00:00:00+09:00,3223.049718804968,3248.595703125,3206.019141374509,3248.595703125,46438,0.0,0.0,0.0
2011-03-24 00:00:00+09:00,3257.110891146334,3512.570480831835,3257.110891146334,3461.478515625,248413,0.0,0.0,0.0
2011-03-25 00:00:00+09:00,3504.055436987266,3606.23937797123,3401.8717323519986,3499.7978515625,192750,0.0,0.0,0.0
2011-03-28 00:00:00+09:00,3504.0549997966345,3597.723758244291,3504.0549997966345,3559.40478515625,62964,0.0,0.0,0.0
2011-03-29 00:00:00+09:00,3593.466405220791,3699.9079322181633,3584.9512343241677,3636.04296875,212763,0.0,0.0,0.0
2011-03-30 00:00:00+09:00,3670.104512042197,3682.8775052601673,3589.208967111287,3593.466552734375,37491,0.0,0.0,0.0
2011-03-31 00:00:00+09:00,3601.981812466112,3661.5889541372653,3601.981812466112,3636.04296875,37121,0.0,0.0,0.0
2011-04-01 00:00:00+09:00,3661.5887300712725,3768.030250555099,3661.5887300712725,3704.16552734375,60647,0.0,0.0,0.0
2011-04-04 00:00:00+09:00,3665.846560560999,3746.742097418388,3589.2086089017835,3699.90771484375,51550,0.0,0.0,0.0
2011-04-05 00:00:00+09:00,3746.742088267544,3759.5150801795508,3640.3005677837173,3704.16552734375,44701,0.0,0.0,0.0
2011-04-06 00:00:00+09:00,3750.9996684879607,3750.9996684879607,3499.797652116948,3631.78515625,81904,0.0,0.0,0.0
2011-04-07 00:00:00+09:00,3597.724348002264,3631.785505431563,3482.767409893793,3601.98193359375,104642,0.0,0.0,0.0
2011-04-08 00:00:00+09:00,3546.632092892979,3619.012223924091,3546.632092892979,3614.754638671875,12721,0.0,0.0,0.0
2011-04-11 00:00:00+09:00,3699.9079322181633,3742.4847320960707,3589.2088197724793,3636.04296875,12512,0.0,0.0,0.0
2011-04-12 00:00:00+09:00,3682.8772837274214,3699.9078615440544,3614.7547361121956,3657.331298828125,50463,0.0,0.0,0.0
2011-04-13 00:00:00+09:00,3657.330970518901,3682.876953125,3619.0119966097527,3682.876953125,72662,0.0,0.0,0.0
2011-04-14 00:00:00+09:00,3661.5885247276074,3934.0789247861253,3661.5885247276074,3912.79052734375,229348,0.0,0.0,0.0
2011-04-15 00:00:00+09:00,3942.5951295841,4091.6132328175245,3912.7913198584406,4036.263671875,190444,0.0,0.0,0.0
2011-04-18 00:00:00+09:00,4036.2631497912075,4121.416273096262,4002.201995008661,4044.7783203125,130042,0.0,0.0,0.0
2011-04-19 00:00:00+09:00,4121.416273096262,4121.416273096262,3959.6251970074463,4044.7783203125,108428,0.0,0.0,0.0
2011-04-20 00:00:00+09:00,4129.931514363382,4129.931514363382,3942.594687152917,4023.489990234375,88528,0.0,0.0,0.0
2011-04-21 00:00:00+09:00,4104.386091671254,4104.386091671254,4019.2329552476476,4078.840576171875,93687,0.0,0.0,0.0
2011-04-22 00:00:00+09:00,4078.8400056267697,4172.50830078125,4053.2940210032966,4172.50830078125,98676,0.0,0.0,0.0
2011-04-25 00:00:00+09:00,4142.7049699788495,4427.968402625208,4142.7049699788495,4385.3916015625,168693,0.0,0.0,0.0
2011-04-26 00:00:00+09:00,4321.526872665848,4427.968402625208,4257.661671071787,4385.3916015625,101261,0.0,0.0,0.0
2011-04-27 00:00:00+09:00,4385.390593116846,4534.408889871303,4321.52587890625,4321.52587890625,100251,0.0,0.0,0.0
2011-04-28 00:00:00+09:00,4427.967842835516,4449.2562406755615,4215.084809829758,4257.6611328125,164548,0.0,0.0,0.0
2011-04-29 00:00:00+09:00,4223.6006205675,4253.4041929855475,4095.870686849141,4215.08544921875,63710,0.0,0.0,0.0
2011-05-02 00:00:00+09:00,4215.084373423724,4385.390593116846,4215.084373423724,4321.52587890625,108291,0.0,0.0,0.0
2011-05-03 00:00:00+09:00,4321.526680836377,4427.968206070873,4193.796756015503,4300.23828125,46102,0.0,0.0,0.0
2011-05-04 00:00:00+09:00,4257.6612458923755,4300.23804270327,4151.2197265625,4151.2197265625,66668,0.0,0.0,0.0
2011-05-06 00:00:00+09:00,4066.0666056380724,4427.967960438593,4066.0666056380724,4151.2197265625,82136,0.0,0.0,0.0
2011-05-09 00:00:00+09:00,4134.189503704553,4470.544411837335,4134.189503704553,4406.6796875,51832,0.0,0.0,0.0
2011-05-11 00:00:00+09:00,4449.2562406755615,4449.2562406755615,4244.888377726883,4257.6611328125,28774,0.0,0.0,0.0
2011-05-12 00:00:00+09:00,4278.949597931699,4278.949597931699,4219.342461200231,4240.630859375,7821,0.0,0.0,0.0
2011-05-13 00:00:00+09:00,4364.102829204103,4364.102829204103,4240.6309674975455,4278.94970703125,39106,0.0,0.0,0.0
2011-05-16 00:00:00+09:00,4321.526591319572,4342.814990464978,4210.827483000317,4253.40380859375,47312,0.0,0.0,0.0
2011-05-17 00:00:00+09:00,4253.403522153818,4278.949504868468,4189.538801715866,4193.79638671875,21877,0.0,0.0,0.0
2011-05-18 00:00:00+09:00,4185.281470098083,4219.34262488063,4044.7783203125,4044.7783203125,48314,0.0,0.0,0.0
2011-05-19 00:00:00+09:00,4044.7788434977156,4163.993609702918,3789.3192041905995,4036.263671875,62919,0.0,0.0,0.0
2011-05-20 00:00:00+09:00,4117.158397462642,4236.372667142356,4002.201712743298,4129.93115234375,90517,0.0,0.0,0.0
2011-05-23 00:00:00+09:00,4049.036529361037,4172.5088844286065,4027.748599778222,4078.840576171875,21195,0.0,0.0,0.0
2011-05-24 00:00:00+09:00,4078.839947792422,4129.931443617554,4002.201995008661,4044.7783203125,13139,0.0,0.0,0.0
2011-05-25 00:00:00+09:00,4002.202063566481,4117.158758362645,3831.8953413416393,4023.489990234375,23703,0.0,0.0,0.0
2011-05-26 00:00:00+09:00,4023.4901114704735,4032.0057550916085,3942.5948059514717,3989.428955078125,11020,0.0,0.0,0.0
2011-05-27 00:00:00+09:00,3997.9441792201105,3997.9441792201105,3721.19639354076,3831.8955078125,84240,0.0,0.0,0.0
2011-05-30 00:00:00+09:00,3831.895027428129,3934.0789578525255,3682.876953125,3682.876953125,11441,0.0,0.0,0.0
2011-05-31 00:00:00+09:00,3665.846783558457,3793.5764744117355,3499.7978781958864,3563.662841796875,117991,0.0,0.0,0.0
2011-06-01 00:00:00+09:00,3610.497187871089,3789.31884765625,3576.435795538884,3789.31884765625,30413,0.0,0.0,0.0
2011-06-02 00:00:00+09:00,3819.122227530747,3823.380049077604,3619.0121779863616,3699.90771484375,27369,0.0,0.0,0.0
2011-06-03 00:00:00+09:00,3810.606753765352,3810.606753765352,3614.7543050112945,3716.938232421875,11684,0.0,0.0,0.0
2011-06-07 00:00:00+09:00,3772.2879261953776,3772.2879261953776,3631.7850205973646,3746.741943359375,7137,0.0,0.0,0.0
2011-06-08 00:00:00+09:00,3670.104276293752,3806.3493709679524,3670.104276293752,3733.96923828125,10577,0.0,0.0,0.0
2011-06-09 00:00:00+09:00,3733.9692121523153,3789.3187667046004,3704.165642216268,3742.484619140625,3531,0.0,0.0,0.0
2011-06-10 00:00:00+09:00,3789.318649191338,3793.576234379112,3631.785161059485,3704.16552734375,15866,0.0,0.0,0.0
2011-06-13 00:00:00+09:00,3631.7851445788597,3750.9996564337116,3619.0121527248157,3708.423095703125,8110,0.0,0.0,0.0
2011-06-14 00:00:00+09:00,3742.484619140625,3742.484619140625,3580.693304454888,3742.484619140625,49185,0.0,0.0,0.0
2011-06-15 00:00:00+09:00,3763.772665367325,3772.2880720915573,3653.073559695724,3704.16552734375,6753,0.0,0.0,0.0
2011-06-16 00:00:00+09:00,3742.484643225317,3742.484643225317,3619.0123046693334,3661.5888671875,8967,0.0,0.0,0.0
2011-06-17 00:00:00+09:00,3661.588667261907,3704.16546380404,3550.8895634891924,3576.435546875,99101,0.0,0.0,0.0
2011-06-20 00:00:00+09:00,3619.01220703125,3623.2697922635925,3555.1472468026795,3619.01220703125,6964,0.0,0.0,0.0
2011-06-21 00:00:00+09:00,3619.0119707072736,3619.0119707072736,3533.8588535288613,3542.3740234375,112607,0.0,0.0,0.0
2011-06-22 00:00:00+09:00,3610.497358418718,3610.497358418718,3567.920556905104,3597.724365234375,3749,0.0,0.0,0.0
2011-06-23 00:00:00+09:00,3601.981726931805,3678.6196812737207,3597.724141584596,3661.5888671875,21514,0.0,0.0,0.0
2011-06-24 00:00:00+09:00,3785.06113360578,3874.4720786339735,3559.405096576607,3827.6376953125,56079,0.0,0.0,0.0
2011-06-27 00:00:00+09:00,3708.4233067595464,3840.4108179802092,3682.877321597567,3789.31884765625,16812,0.0,0.0,0.0
2011-06-28 00:00:00+09:00,3793.576433067015,3827.6378253992198,3750.9998699132807,3789.31884765625,10336,0.0,0.0,0.0
2011-06-29 00:00:00+09:00,3827.637886699278,3827.637886699278,3691.3927878858703,3772.288330078125,10013,0.0,0.0,0.0
2011-06-30 00:00:00+09:00,3789.3189177229747,3806.349496029635,3738.226946454295,3768.030517578125,13490,0.0,0.0,0.0
2011-07-01 00:00:00+09:00,3768.030250555099,3768.030250555099,3661.5887300712725,3704.16552734375,24879,0.0,0.0,0.0
2011-07-04 00:00:00+09:00,3746.742054301966,3768.0302163965366,3665.8465183755,3712.6806640625,52023,0.0,0.0,0.0
2011-07-05 00:00:00+09:00,3746.742017689404,3810.6069760463993,3687.1346444399815,3797.833984375,28931,0.0,0.0,0.0
2011-07-06 00:00:00+09:00,3819.1221446639015,3870.214111328125,3763.7725928938858,3870.214111328125,47091,0.0,0.0,0.0
2011-07-07 00:00:00+09:00,3874.471923828125,3934.079060566172,3831.895127473887,3874.471923828125,67689,0.0,0.0,0.0
2011-07-08 00:00:00+09:00,3891.502600058147,3955.3675598737173,3819.122233484272,3917.048583984375,11714,0.0,0.0,0.0
2011-07-11 00:00:00+09:00,4023.4896701131966,4023.4896701131966,3848.9258491409923,3900.017578125,18913,0.0,0.0,0.0
2011-07-12 00:00:00+09:00,3874.4721878760756,3997.944054862815,3831.8953886202,3938.3369140625,5650,0.0,0.0,0.0
2011-07-13 00:00:00+09:00,4002.2021129463137,4002.2021129463137,3844.6683811272237,3938.3369140625,20152,0.0,0.0,0.0
2011-07-14 00:00:00+09:00,3874.4722081728255,4078.8400893558055,3874.4722081728255,4074.58203125,34344,0.0,0.0,0.0
2011-07-15 00:00:00+09:00,4074.581667703867,4342.814724172683,4006.45936185254,4257.6611328125,95349,0.0,0.0,0.0
2011-07-18 00:00:00+09:00,4257.661367116384,4449.25648552314,4257.661367116384,4406.6796875,120701,0.0,0.0,0.0
2011-07-19 00:00:00+09:00,4427.968402625208,4598.274661481219,4342.815273197202,4385.3916015625,67048,0.0,0.0,0.0
2011-07-20 00:00:00+09:00,4470.544350094511,4470.544350094511,4223.600153984027,4278.94970703125,39624,0.0,0.0,0.0
2011-07-21 00:00:00+09:00,4257.661482077246,4342.815080422753,4236.373082490869,4300.23828125,31484,0.0,0.0,0.0
2011-07-22 00:00:00+09:00,4364.1025390625,4406.679333666949,4300.237819853164,4364.1025390625,21052,0.0,0.0,0.0
2011-07-25 00:00:00+09:00,4364.10288947686,4406.6796875,4342.814963162665,4406.6796875,47141,0.0,0.0,0.0
2011-07-26 00:00:00+09:00,4406.680386449147,4640.851867323902,4406.680386449147,4555.69873046875,44051,0.0,0.0,0.0
2011-07-27 00:00:00+09:00,4534.408640425814,4662.138534517669,4385.390351869105,4470.54345703125,44829,0.0,0.0,0.0
2011-07-28 00:00:00+09:00,4342.815366734081,4683.42789178232,4342.815366734081,4640.8515625,211531,0.0,0.0,0.0
2011-07-29 00:00:00+09:00,4726.00410813909,4726.00410813909,4385.391152600499,4449.25634765625,90395,0.0,0.0,0.0
2011-08-01 00:00:00+09:00,4449.256371055732,4555.697890677754,4342.814851433712,4513.12109375,94606,0.0,0.0,0.0
2011-08-02 00:00:00+09:00,4513.121147529622,4598.274269702475,4278.94970703125,4278.94970703125,67257,0.0,0.0,0.0
2011-08-03 00:00:00+09:00,4181.023356548917,4300.2381057488055,4151.219787423287,4278.94970703125,56841,0.0,0.0,0.0
2011-08-04 00:00:00+09:00,4227.857824158739,4342.814990464978,4181.023440578322,4253.40380859375,28480,0.0,0.0,0.0
2011-08-05 00:00:00+09:00,3810.6074558721016,4163.993445712833,3810.6074558721016,4083.097900390625,31918,0.0,0.0,0.0
2011-08-08 00:00:00+09:00,4044.7780585044025,4168.250386557977,3712.680520952613,4053.293701171875,57168,0.0,0.0,0.0
2011-08-09 00:00:00+09:00,4002.201995008661,4044.7783203125,3619.0122310898555,4044.7783203125,55549,0.0,0.0,0.0
2011-08-10 00:00:00+09:00,4053.2937858759524,4091.612524239641,4014.974574814909,4027.747802734375,11009,0.0,0.0,0.0
2011-08-11 00:00:00+09:00,3997.944328890713,4151.220249480868,3874.47245344094,4142.705078125,53380,0.0,0.0,0.0
2011-08-12 00:00:00+09:00,4176.765855288717,4385.391316058411,4176.765855288717,4253.40380859375,82143,0.0,0.0,0.0
2011-08-16 00:00:00+09:00,4470.544730990506,4470.544730990506,4300.238472134494,4385.3916015625,16034,0.0,0.0,0.0
2011-08-17 00:00:00+09:00,4385.390593116846,4470.543702963407,4236.372296362389,4321.52587890625,38321,0.0,0.0,0.0
2011-08-18 00:00:00+09:00,4342.815257290916,4342.815257290916,4146.962540356695,4249.146484375,20256,0.0,0.0,0.0
2011-08-19 00:00:00+09:00,4053.2936776624156,4244.888309760437,4006.4592977036673,4129.93115234375,23562,0.0,0.0,0.0
2011-08-22 00:00:00+09:00,4125.673743015435,4244.888490467524,4002.201883119092,4151.2197265625,13844,0.0,0.0,0.0
2011-08-23 00:00:00+09:00,4108.643402448967,4227.857677203694,4066.0666056380724,4151.2197265625,32153,0.0,0.0,0.0
2011-08-24 00:00:00+09:00,4257.661064641545,4257.661064641545,4066.066432543524,4129.93115234375,7698,0.0,0.0,0.0
2011-08-25 00:00:00+09:00,4134.189407872231,4253.403683257784,4002.201904296875,4002.201904296875,58180,0.0,0.0,0.0
2011-08-26 00:00:00+09:00,3963.883392937432,4159.736126678918,3963.883392937432,4078.840576171875,46939,0.0,0.0,0.0
2011-08-29 00:00:00+09:00,4078.8396601219742,4232.115082181986,4006.4592977036673,4129.93115234375,128734,0.0,0.0,0.0
2011-08-30 00:00:00+09:00,4129.931185614337,4193.796378626401,4053.293710315613,4121.416015625,35233,0.0,0.0,0.0
2011-08-31 00:00:00+09:00,4125.674036143688,4151.220021505789,4053.2941381988976,4066.06689453125,11793,0.0,0.0,0.0
2011-09-01 00:00:00+09:00,4066.0667193131076,4108.643517314322,4027.7479792699146,4044.7783203125,34783,0.0,0.0,0.0
2011-09-02 00:00:00+09:00,4066.0669820054277,4074.5821530768517,3959.625452823005,4040.52099609375,18385,0.0,0.0,0.0
2011-09-05 00:00:00+09:00,4083.0975641942077,4083.0975641942077,3942.5946496857187,3963.8828125,29349,0.0,0.0,0.0
2011-09-06 00:00:00+09:00,3942.5945980366064,4040.520712936294,3882.987222970376,3980.91357421875,35550,0.0,0.0,0.0
2011-09-07 00:00:00+09:00,4125.673764846574,4129.93135001072,3985.1710909429253,4002.201904296875,12823,0.0,0.0,0.0
2011-09-08 00:00:00+09:00,4002.2023943203612,4104.385868863152,3917.0490261706136,3997.9443359375,20047,0.0,0.0,0.0
2011-09-09 00:00:00+09:00,4078.839693443639,4078.839693443639,3908.5329847561625,3972.397705078125,22760,0.0,0.0,0.0
2011-09-14 00:00:00+09:00,3968.14048960539,4040.520859355229,3746.742267661637,3793.576416015625,68264,0.0,0.0,0.0
2011-09-15 00:00:00+09:00,3831.8953935863583,3865.956785765464,3725.453868006109,3793.576416015625,38007,0.0,0.0,0.0
2011-09-16 00:00:00+09:00,3895.7601715244245,3895.7601715244245,3704.165529102063,3848.926025390625,17055,0.0,0.0,0.0
2011-09-19 00:00:00+09:00,3895.7601715244245,3895.7601715244245,3797.8340577183462,3848.926025390625,19833,0.0,0.0,0.0
2011-09-20 00:00:00+09:00,3874.4720183353097,3874.4720183353097,3789.318659898429,3844.668212890625,5263,0.0,0.0,0.0
2011-09-21 00:00:00+09:00,3831.8951695643013,3874.471966386212,3772.2880321715156,3861.698974609375,73210,0.0,0.0,0.0
2011-09-22 00:00:00+09:00,3848.926094340204,3848.926094340204,3750.999742431191,3827.6376953125,11789,0.0,0.0,0.0
2011-09-23 00:00:00+09:00,3712.6805541284807,3789.3185026364877,3699.9075627104794,3746.741943359375,22842,0.0,0.0,0.0
2011-09-26 00:00:00+09:00,3789.3187949629964,3802.0917873663684,3286.9147422286214,3516.828369140625,98960,0.0,0.0,0.0
2011-09-27 00:00:00+09:00,3572.177913241019,3576.435498297931,3397.61361702613,3444.447998046875,195837,0.0,0.0,0.0
2011-09-28 00:00:00+09:00,3559.404869381935,3559.404869381935,3444.447947397603,3533.85888671875,31984,0.0,0.0,0.0
2011-09-29 00:00:00+09:00,3567.920211940528,3657.331155586224,3427.417536845976,3482.76708984375,185835,0.0,0.0,0.0
2011-09-30 00:00:00+09:00,3427.4177436805653,3563.662841796875,3397.613936434305,3563.662841796875,90333,0.0,0.0,0.0
2011-10-04 00:00:00+09:00,3401.8718900045296,3401.8718900045296,3193.2464129435302,3312.4609375,149905,0.0,0.0,0.0
2011-10-05 00:00:00+09:00,3316.718117672243,3359.294677734375,3269.8839725085013,3359.294677734375,24640,0.0,0.0,0.0
2011-10-06 00:00:00+09:00,3397.6139342003826,3406.129341457815,3303.945399763419,3350.77978515625,41454,0.0,0.0,0.0
2011-10-07 00:00:00+09:00,3350.7796137969026,3401.87158203125,3286.914653503968,3401.87158203125,51491,0.0,0.0,0.0
2011-10-10 00:00:00+09:00,3495.5400008213487,3495.5400008213487,3320.975939122531,3359.294677734375,32325,0.0,0.0,0.0
2011-10-11 00:00:00+09:00,3427.4176586657136,3516.828369140625,3359.294874948601,3516.828369140625,28694,0.0,0.0,0.0
2011-10-12 00:00:00+09:00,3516.8283599514975,3550.889751721055,3427.417649710208,3521.086181640625,67095,0.0,0.0,0.0
2011-10-13 00:00:00+09:00,3597.724147290992,3597.724147290992,3452.9636454206643,3589.208740234375,26234,0.0,0.0,0.0
2011-10-14 00:00:00+09:00,3521.0862613057575,3589.208810037463,3495.5402759877807,3567.92041015625,33862,0.0,0.0,0.0
2011-10-17 00:00:00+09:00,3572.178300556024,3934.079451047154,3572.178300556024,3831.8955078125,152168,0.0,0.0,0.0
2011-10-18 00:00:00+09:00,3827.6377740675402,4193.7967322463,3789.318796838459,4091.61279296875,176992,0.0,0.0,0.0
2011-10-19 00:00:00+09:00,4206.569456046754,4385.391348411066,4138.447145515746,4172.50830078125,128166,0.0,0.0,0.0
2011-10-20 00:00:00+09:00,4129.93115234375,4244.888309760437,4087.3548300427133,4129.93115234375,85210,0.0,0.0,0.0
2011-10-21 00:00:00+09:00,4129.931114132706,4449.256128271398,4057.5512250814163,4364.1025390625,209873,0.0,0.0,0.0
2011-10-24 00:00:00+09:00,4364.103062157002,4534.4097882909355,4342.81513500048,4427.96826171875,95151,0.0,0.0,0.0
2011-10-25 00:00:00+09:00,4385.3916015625,4491.833131521859,4257.661671071787,4385.3916015625,55540,0.0,0.0,0.0
2011-10-26 00:00:00+09:00,4385.391462010918,4470.544588729187,4342.81513500048,4427.96826171875,53135,0.0,0.0,0.0
2011-10-27 00:00:00+09:00,4449.256371055732,4555.697890677754,4321.526452969835,4513.12109375,65322,0.0,0.0,0.0
2011-10-28 00:00:00+09:00,4555.697034890669,4555.697034890669,4385.390351869105,4470.54345703125,37114,0.0,0.0,0.0
2011-10-31 00:00:00+09:00,4513.121388437019,4513.121388437019,4257.661535584816,4427.96826171875,54931,0.0,0.0,0.0
2011-11-01 00:00:00+09:00,4427.967972591856,4555.697890677754,4219.3425185011165,4513.12109375,53360,0.0,0.0,0.0
2011-11-02 00:00:00+09:00,4364.10195740425,4470.54345703125,4300.237246706961,4470.54345703125,21500,0.0,0.0,0.0
2011-11-03 00:00:00+09:00,4470.544413790085,5024.040424845801,4300.238167017885,4768.5810546875,209321,0.0,0.0,0.0
2011-11-04 00:00:00+09:00,4768.581248159055,4981.464301610115,4683.427648620715,4853.734375,111463,0.0,0.0,0.0
2011-11-07 00:00:00+09:00,4789.868981010993,4917.598902438831,4768.5810546875,4768.5810546875,77093,0.0,0.0,0.0
2011-11-08 00:00:00+09:00,4704.715857624893,4789.868981010993,4534.409610852692,4768.5810546875,97545,0.0,0.0,0.0
2011-11-09 00:00:00+09:00,4938.886689103101,4938.886689103101,4683.4268779210615,4875.02197265625,333469,0.0,0.0,0.0
2011-11-10 00:00:00+09:00,4704.7160485053,5300.788881786705,4640.85132154894,4853.734375,223372,0.0,0.0,0.0
2011-11-11 00:00:00+09:00,5002.752107287657,5087.905704757739,4853.7342571097815,4960.17578125,152381,0.0,0.0,0.0
2011-11-14 00:00:00+09:00,5045.328372568295,5300.788192573407,4938.886859682388,5194.3466796875,210310,0.0,0.0,0.0
2011-11-15 00:00:00+09:00,5215.635900344357,5300.789029559153,5151.7706989102035,5236.923828125,98796,0.0,0.0,0.0
2011-11-16 00:00:00+09:00,5322.076972868117,5428.518493417585,5236.923378270649,5300.78857421875,184732,0.0,0.0,0.0
2011-11-17 00:00:00+09:00,5300.788711341209,5620.11328125,5258.211912941085,5620.11328125,202274,0.0,0.0,0.0
2011-11-18 00:00:00+09:00,5577.536482849876,5620.11328125,5471.094959546946,5620.11328125,56786,0.0,0.0,0.0
2011-11-21 00:00:00+09:00,5556.248376844765,5769.131907381552,5428.518920299059,5534.96044921875,92909,0.0,0.0,0.0
2011-11-22 00:00:00+09:00,5534.959606665633,5577.535928133932,5322.076581232134,5492.3828125,56054,0.0,0.0,0.0
2011-11-23 00:00:00+09:00,5534.959716078106,5662.689155705234,5236.923096421894,5385.94140625,94426,0.0,0.0,0.0
2011-11-24 00:00:00+09:00,5236.923400569784,5428.518516532543,5002.751959824365,5364.6533203125,63737,0.0,0.0,0.0
2011-11-25 00:00:00+09:00,5322.076795882846,5449.80623813668,5066.616965980475,5279.5,94928,0.0,0.0,0.0
2011-11-28 00:00:00+09:00,5300.788192573407,5385.941308342667,5109.19356391824,5194.3466796875,41964,0.0,0.0,0.0
2011-11-29 00:00:00+09:00,5279.499974727451,5300.788372566969,5109.193737406014,5215.63525390625,37794,0.0,0.0,0.0
2011-11-30 00:00:00+09:00,5215.635474527139,5449.806442575188,5215.635474527139,5364.6533203125,40934,0.0,0.0,0.0
2011-12-01 00:00:00+09:00,5385.94187379506,5492.383397855914,5279.500349734205,5322.0771484375,35349,0.0,0.0,0.0
2011-12-02 00:00:00+09:00,5385.941775769309,5385.941775769309,5109.194007326932,5130.48193359375,65386,0.0,0.0,0.0
2011-12-05 00:00:00+09:00,5024.040701369913,5258.21215809356,4981.464373682143,5045.3291015625,137297,0.0,0.0,0.0
2011-12-06 00:00:00+09:00,5087.905586372181,5087.905586372181,4960.175665836466,5066.6171875,46359,0.0,0.0,0.0
2011-12-07 00:00:00+09:00,5066.617569695407,5236.923828125,5066.617569695407,5236.923828125,27207,0.0,0.0,0.0
2011-12-08 00:00:00+09:00,5236.9232041171545,5513.671431960949,5236.9232041171545,5279.5,45054,0.0,0.0,0.0
2011-12-09 00:00:00+09:00,5279.500349734205,5343.365075091764,5151.770426321703,5322.0771484375,51941,0.0,0.0,0.0
2011-12-12 00:00:00+09:00,5364.652911226019,5364.652911226019,5087.905166801592,5194.3466796875,69713,0.0,0.0,0.0
2011-12-13 00:00:00+09:00,5215.635390544453,5279.50011303877,5109.193871255683,5173.05859375,29542,0.0,0.0,0.0
2011-12-14 00:00:00+09:00,5151.7705078125,5151.7705078125,5045.328982067951,5151.7705078125,39904,0.0,0.0,0.0
2011-12-15 00:00:00+09:00,5109.1943359375,5151.770663906913,5045.329134937273,5109.1943359375,25675,0.0,0.0,0.0
2011-12-16 00:00:00+09:00,5215.635864907139,5215.635864907139,5087.905935604091,5109.1943359375,5841,0.0,0.0,0.0
2011-12-19 00:00:00+09:00,5066.6177731211,5109.19457578667,4598.274834589546,4896.31103515625,123041,0.0,0.0,0.0
2011-12-20 00:00:00+09:00,5045.328727403124,5045.328727403124,4938.88720703125,4938.88720703125,6782,0.0,0.0,0.0
2011-12-21 00:00:00+09:00,5024.040701369913,5130.482229635444,5024.040701369913,5045.3291015625,19806,0.0,0.0,0.0
2011-12-22 00:00:00+09:00,5045.329371788315,5045.329371788315,4896.31103515625,4896.31103515625,12926,0.0,0.0,0.0
2011-12-23 00:00:00+09:00,4853.734277097047,5045.328926798934,4853.734277097047,5024.04052734375,43910,0.0,0.0,0.0
2011-12-26 00:00:00+09:00,5087.90525929113,5385.94140625,5024.040066780224,5385.94140625,38599,0.0,0.0,0.0
2011-12-27 00:00:00+09:00,5385.941517009763,5385.941517009763,5087.905363921897,5279.5,33653,0.0,0.0,0.0
2011-12-28 00:00:00+09:00,5279.500313267103,5343.365038183529,5173.058789941471,5258.2119140625,4451,0.0,0.0,0.0
2011-12-29 00:00:00+09:00,5236.923096421894,5449.806126063564,5194.346774111966,5385.94140625,23110,0.0,0.0,0.0
2012-01-02 00:00:00+09:00,5428.518920299059,5577.536777168184,5385.942119652221,5534.96044921875,21018,0.0,0.0,0.0
2012-01-03 00:00:00+09:00,5449.806847925073,5598.8251774916025,5428.518920299059,5534.96044921875,32396,0.0,0.0,0.0
2012-01-04 00:00:00+09:00,5641.401415267074,5641.401415267074,5300.788462169271,5407.22998046875,29131,0.0,0.0,0.0
2012-01-05 00:00:00+09:00,5343.364785870648,5449.806304170126,5279.500063969904,5407.22998046875,26646,0.0,0.0,0.0
2012-01-06 00:00:00+09:00,5407.229914951186,5428.518312892609,5236.9232041171545,5279.5,53571,0.0,0.0,0.0
2012-01-09 00:00:00+09:00,5279.500175569383,5343.364898820117,5215.635452318649,5300.78857421875,11614,0.0,0.0,0.0
2012-01-10 00:00:00+09:00,5407.229696866067,5556.247531051116,5364.652902700434,5492.3828125,98148,0.0,0.0,0.0
2012-01-11 00:00:00+09:00,5492.3828125,5598.8243252167495,5407.229696866067,5492.3828125,37901,0.0,0.0,0.0
2012-01-12 00:00:00+09:00,5471.094661641752,5534.959855764431,5279.500024668426,5343.36474609375,43212,0.0,0.0,0.0
2012-01-13 00:00:00+09:00,5322.076995529841,5407.230117792529,5279.500198049813,5364.6533203125,20074,0.0,0.0,0.0
2012-01-16 00:00:00+09:00,5364.653144134642,5364.653144134642,5236.92322858664,5343.36474609375,25957,0.0,0.0,0.0
2012-01-17 00:00:00+09:00,5343.365352637301,5769.131943693307,5322.077424877297,5662.68994140625,142213,0.0,0.0,0.0
2012-01-18 00:00:00+09:00,5662.689517687749,6258.762322406267,5598.824793791688,6152.32080078125,246189,0.0,0.0,0.0
2012-01-19 00:00:00+09:00,6173.609620253757,6194.898020568614,5939.4381621851435,5960.7265625,155706,0.0,0.0,0.0
2012-01-20 00:00:00+09:00,5960.7265625,6045.879691062022,5705.2667041165305,5960.7265625,110315,0.0,0.0,0.0
2012-01-25 00:00:00+09:00,5832.996862927343,6237.474594042485,5832.996862927343,6173.60986328125,78482,0.0,0.0,0.0
2012-01-26 00:00:00+09:00,6280.050975356731,6386.4925012882895,6152.321049699383,6365.2041015625,124269,0.0,0.0,0.0
2012-01-27 00:00:00+09:00,6492.934007009712,6492.934007009712,6280.050955809223,6301.33935546875,77937,0.0,0.0,0.0
2012-01-30 00:00:00+09:00,6258.761962649182,6471.644993662582,6216.185167367564,6407.7802734375,41277,0.0,0.0,0.0
2012-01-31 00:00:00+09:00,6301.338939909991,6386.492060235057,6045.879106237434,6131.0322265625,118027,0.0,0.0,0.0
2012-02-01 00:00:00+09:00,6045.879929061357,6322.627725956606,5982.0151983001215,6173.60986328125,54453,0.0,0.0,0.0
2012-02-02 00:00:00+09:00,6131.032497415239,6386.492342373334,5832.996326762382,5982.0146484375,235948,0.0,0.0,0.0
2012-02-03 00:00:00+09:00,5960.726270145713,6131.032518916787,5854.284746489446,6045.87939453125,23012,0.0,0.0,0.0
2012-02-06 00:00:00+09:00,6045.879504949206,6386.4924814094675,5960.726379008488,6301.33935546875,88241,0.0,0.0,0.0
2012-02-07 00:00:00+09:00,6599.375751742457,6599.375751742457,6280.051164338539,6450.357421875,69944,0.0,0.0,0.0
2012-02-08 00:00:00+09:00,6492.934272915744,6705.817332834464,6322.627541362323,6578.08740234375,133919,0.0,0.0,0.0
2012-02-09 00:00:00+09:00,6599.375802875104,6684.528932303109,6514.222673447098,6578.08740234375,57500,0.0,0.0,0.0
2012-02-10 00:00:00+09:00,6578.08683775138,6790.9698793985035,6578.08683775138,6748.3935546875,81350,0.0,0.0,0.0
2012-02-13 00:00:00+09:00,6790.970039832116,6918.699962377425,6620.663791569956,6769.681640625,87982,0.0,0.0,0.0
2012-02-14 00:00:00+09:00,6727.105066633096,6961.276503874113,6705.816668211665,6918.69970703125,69753,0.0,0.0,0.0
2012-02-15 00:00:00+09:00,6854.834874047791,7046.429511359771,6854.834874047791,7025.14111328125,59021,0.0,0.0,0.0
2012-02-16 00:00:00+09:00,7046.429710252891,7301.889549011065,6982.564514214663,7110.29443359375,224500,0.0,0.0,0.0
2012-02-17 00:00:00+09:00,7110.294105001836,7429.61865234375,7110.294105001836,7429.61865234375,145260,0.0,0.0,0.0
2012-02-20 00:00:00+09:00,7365.754473150717,7706.3674432146545,7280.6013488090775,7557.34912109375,339940,0.0,0.0,0.0
2012-02-21 00:00:00+09:00,7493.484622153971,7770.232402790475,7493.484622153971,7706.36767578125,103487,0.0,0.0,0.0
2012-02-22 00:00:00+09:00,7706.367384123798,7897.962030597722,7706.367384123798,7791.5205078125,74631,0.0,0.0,0.0
2012-02-23 00:00:00+09:00,7706.367384123798,7834.097306005539,7621.214260435096,7791.5205078125,53028,0.0,0.0,0.0
2012-02-24 00:00:00+09:00,7876.673668687143,7919.250467081189,7727.655819702742,7855.3857421875,30386,0.0,0.0,0.0
2012-02-27 00:00:00+09:00,7876.673729720338,7876.673729720338,7621.21435546875,7621.21435546875,137270,0.0,0.0,0.0
2012-02-28 00:00:00+09:00,7621.214013032215,8430.169843557685,7621.214013032215,8302.439453125,64810,0.0,0.0,0.0
2012-02-29 00:00:00+09:00,8323.729544525242,8834.649319384436,8323.729544525242,8451.4599609375,47314,0.0,0.0,0.0
2012-03-02 00:00:00+09:00,8515.322892564804,8536.611291972205,8259.863045070748,8472.74609375,52523,0.0,0.0,0.0
2012-03-05 00:00:00+09:00,8472.744592724777,8643.0517578125,8323.72676866762,8643.0517578125,34326,0.0,0.0,0.0
2012-03-06 00:00:00+09:00,8579.187549201146,9111.395609999494,8536.610753074123,8706.9169921875,60529,0.0,0.0,0.0
2012-03-07 00:00:00+09:00,8579.187812780056,8770.782455843317,8451.458365869461,8557.8994140625,52530,0.0,0.0,0.0
2012-03-08 00:00:00+09:00,8536.611128848252,8685.629921852504,8089.556640625,8089.556640625,71161,0.0,0.0,0.0
2012-03-09 00:00:00+09:00,8195.998526653535,8557.8994140625,7876.673491284941,8557.8994140625,69210,0.0,0.0,0.0
2012-03-12 00:00:00+09:00,8515.323557319845,8600.477161597031,8345.017294160312,8430.1708984375,28949,0.0,0.0,0.0
2012-03-13 00:00:00+09:00,8387.592689682637,8515.32212928309,8238.574852582995,8259.8623046875,33949,0.0,0.0,0.0
2012-03-14 00:00:00+09:00,8259.862656314104,8472.745694973855,8132.133211276145,8302.439453125,40836,0.0,0.0,0.0
2012-03-15 00:00:00+09:00,8302.439760757246,8451.458555117008,8089.556714209491,8217.287109375,26009,0.0,0.0,0.0
2012-03-16 00:00:00+09:00,8408.881756728504,8408.881756728504,7983.115663632992,8217.287109375,39508,0.0,0.0,0.0
2012-03-19 00:00:00+09:00,8217.287175390975,8217.287175390975,7983.115727767683,8046.97998046875,21648,0.0,0.0,0.0
2012-03-20 00:00:00+09:00,7940.538929037127,8174.71037666042,7855.385804273398,8046.97998046875,15206,0.0,0.0,0.0
2012-03-21 00:00:00+09:00,8046.981128846673,8110.846336056657,7897.963257418277,8068.26953125,19326,0.0,0.0,0.0
2012-03-22 00:00:00+09:00,8046.979660235212,8132.133254307595,7961.827011557559,8004.40380859375,15409,0.0,0.0,0.0
2012-03-23 00:00:00+09:00,7983.115410075654,8025.692207111846,7897.961816003271,8004.40380859375,5229,0.0,0.0,0.0
2012-03-26 00:00:00+09:00,8025.692167874824,8025.692167874824,7876.673378976695,7940.53857421875,10470,0.0,0.0,0.0
2012-03-27 00:00:00+09:00,7940.5386498302305,8004.403845680424,7621.214088671367,7770.23193359375,61532,0.0,0.0,0.0
2012-03-28 00:00:00+09:00,7706.366874591452,8046.979346825523,7706.366874591452,8025.69189453125,37619,0.0,0.0,0.0
2012-03-29 00:00:00+09:00,8898.513118895575,8898.513118895575,7897.9621303065705,8046.97998046875,17373,0.0,0.0,0.0
2012-03-30 00:00:00+09:00,8046.980870234059,8302.440745469165,7621.215199337941,8281.15234375,51677,0.0,0.0,0.0
2012-04-02 00:00:00+09:00,8281.15070218669,8345.015894684258,8089.556070088669,8259.8623046875,14649,0.0,0.0,0.0
2012-04-03 00:00:00+09:00,8174.71000808704,8430.169843557685,8174.71000808704,8302.439453125,22621,0.0,0.0,0.0
2012-04-04 00:00:00+09:00,8302.439141456207,8430.169527093967,8089.556110787963,8323.7275390625,10259,0.0,0.0,0.0
2012-04-05 00:00:00+09:00,8366.304648341342,8366.304648341342,8174.71000808704,8302.439453125,4911,0.0,0.0,0.0
2012-04-06 00:00:00+09:00,8408.881087181826,8408.881087181826,8132.132865087048,8259.8623046875,2803,0.0,0.0,0.0
2012-04-09 00:00:00+09:00,8302.439685236322,8302.439685236322,8068.268241624393,8089.556640625,3406,0.0,0.0,0.0
2012-04-10 00:00:00+09:00,8195.99994566997,8195.99994566997,8004.4052694349175,8068.26953125,9954,0.0,0.0,0.0
2012-04-12 00:00:00+09:00,8259.862518229846,8259.862518229846,7983.115234375,7983.115234375,6668,0.0,0.0,0.0
2012-04-13 00:00:00+09:00,7983.115367832736,8345.016249935896,7983.115367832736,8302.439453125,14952,0.0,0.0,0.0
2012-04-16 00:00:00+09:00,8153.421262586237,8387.592689682637,8132.132865087048,8259.8623046875,5709,0.0,0.0,0.0
2012-04-17 00:00:00+09:00,8302.439445072174,8323.727843456973,8089.556406618906,8238.5751953125,11534,0.0,0.0,0.0
2012-04-18 00:00:00+09:00,8238.576039666714,8238.576039666714,7919.2509765625,7919.2509765625,32350,0.0,0.0,0.0
2012-04-19 00:00:00+09:00,7919.250350669327,7961.8271484375,7599.925785500149,7961.8271484375,119783,0.0,0.0,0.0
2012-04-20 00:00:00+09:00,7961.8271484375,7961.8271484375,7621.2141843842355,7961.8271484375,26279,0.0,0.0,0.0
2012-04-23 00:00:00+09:00,8089.5568790096,8089.5568790096,7834.0975015665135,7876.673828125,4777,0.0,0.0,0.0
2012-04-24 00:00:00+09:00,7685.07884961619,7919.250290157054,7685.07884961619,7834.09716796875,5557,0.0,0.0,0.0
2012-04-25 00:00:00+09:00,7834.097971216666,7876.674300327582,7748.944840297418,7812.8095703125,4845,0.0,0.0,0.0
2012-04-26 00:00:00+09:00,7812.808824577067,7876.673548496238,7493.484259586466,7599.92578125,54394,0.0,0.0,0.0
2012-04-27 00:00:00+09:00,8174.710477521353,8174.710477521353,7599.926051053975,7876.673828125,10809,0.0,0.0,0.0
2012-04-30 00:00:00+09:00,8004.404578828909,8004.404578828909,7599.9263861556965,7919.2509765625,22184,0.0,0.0,0.0
2012-05-02 00:00:00+09:00,7834.097093146349,8046.979660235212,7770.231897592062,8004.40380859375,8410,0.0,0.0,0.0
2012-05-03 00:00:00+09:00,8004.403632424559,8004.403632424559,7897.961642176765,7983.115234375,2016,0.0,0.0,0.0
2012-05-04 00:00:00+09:00,7855.385626714441,8046.979798579101,7855.385626714441,7961.8271484375,4447,0.0,0.0,0.0
2012-05-07 00:00:00+09:00,7961.8271484375,8004.4039462056735,7855.385626714441,7961.8271484375,4745,0.0,0.0,0.0
2012-05-08 00:00:00+09:00,7876.673291324249,8004.403680386961,7748.94384765625,7748.94384765625,30090,0.0,0.0,0.0
2012-05-09 00:00:00+09:00,7748.944616785481,7748.944616785481,7578.637887161924,7663.791015625,21011,0.0,0.0,0.0
2012-05-10 00:00:00+09:00,7791.520802692683,7791.520802692683,7621.214548869818,7706.36767578125,10693,0.0,0.0,0.0
2012-05-11 00:00:00+09:00,7663.790079213521,8472.745409815458,7663.790079213521,8025.69189453125,57532,0.0,0.0,0.0
2012-05-14 00:00:00+09:00,8217.286667525437,8345.016110428081,7897.961642176765,7983.115234375,78114,0.0,0.0,0.0
2012-05-15 00:00:00+09:00,7983.115410075654,8046.979660235212,7834.097093146349,8004.40380859375,10097,0.0,0.0,0.0
2012-05-16 00:00:00+09:00,7919.2509765625,8004.404578828909,7748.944717424502,7919.2509765625,10015,0.0,0.0,0.0
2012-05-17 00:00:00+09:00,7919.250729408529,7919.250729408529,7706.36767578125,7706.36767578125,9836,0.0,0.0,0.0
2012-05-18 00:00:00+09:00,7706.367051302012,7812.808569490249,7493.484014925538,7748.94384765625,30802,0.0,0.0,0.0
2012-05-21 00:00:00+09:00,7748.944045780446,7919.250290157054,7748.944045780446,7834.09716796875,9908,0.0,0.0,0.0
2012-05-22 00:00:00+09:00,7706.367916291298,8004.404578828909,7706.367916291298,7919.2509765625,9749,0.0,0.0,0.0
2012-05-23 00:00:00+09:00,7919.2509765625,8004.404578828909,7876.674175429295,7919.2509765625,13963,0.0,0.0,0.0
2012-05-24 00:00:00+09:00,7919.251659821605,8302.441012291709,7919.251659821605,8068.26953125,162177,0.0,0.0,0.0
2012-05-25 00:00:00+09:00,8132.133577929862,8302.439827457321,8046.97998046875,8046.97998046875,14683,0.0,0.0,0.0
2012-05-29 00:00:00+09:00,7876.673417485175,8238.575246898074,7876.673417485175,8004.40380859375,30349,0.0,0.0,0.0
2012-05-30 00:00:00+09:00,8259.864262238429,8259.864262238429,8004.405322494897,8196.0,21809,0.0,0.0,0.0
2012-05-31 00:00:00+09:00,8174.710236627429,8217.287034628644,8025.69238901793,8089.556640625,66800,0.0,0.0,0.0
2012-06-01 00:00:00+09:00,8089.556406618906,8302.439445072174,7983.115360089634,8238.5751953125,81904,0.0,0.0,0.0
2012-06-04 00:00:00+09:00,8004.405322494897,8281.152664782874,8004.405322494897,8196.0,84819,0.0,0.0,0.0
2012-06-05 00:00:00+09:00,8238.575788652419,8238.575788652419,7940.539135195439,8132.1337890625,83116,0.0,0.0,0.0
2012-06-07 00:00:00+09:00,8089.557987277772,8238.576805088891,8089.557987277772,8196.0,50001,0.0,0.0,0.0
2012-06-08 00:00:00+09:00,8238.576750476626,8238.576750476626,7983.11686703159,8068.26953125,67109,0.0,0.0,0.0
2012-06-11 00:00:00+09:00,8302.439453125,8345.016249935896,8068.268016059802,8302.439453125,114962,0.0,0.0,0.0
2012-06-12 00:00:00+09:00,8366.30500047618,9302.99078816175,8366.30500047618,9132.68359375,276844,0.0,0.0,0.0
2012-06-13 00:00:00+09:00,9132.683773849203,9537.162423158783,9068.819520080138,9515.8740234375,174796,0.0,0.0,0.0
2012-06-14 00:00:00+09:00,9558.451546441578,10175.81234890777,9558.451546441578,9792.6220703125,157350,0.0,0.0,0.0
2012-06-15 00:00:00+09:00,9792.62055015044,9962.927734375,9579.737515264445,9962.927734375,76090,0.0,0.0,0.0
2012-06-18 00:00:00+09:00,9962.928054221726,10388.694137662374,9877.7744593757,10005.50390625,76477,0.0,0.0,0.0
2012-06-19 00:00:00+09:00,10005.50390625,10111.945899807532,9877.7744593757,10005.50390625,80038,0.0,0.0,0.0
2012-06-20 00:00:00+09:00,10048.080703673013,10090.657501096026,9899.062858087207,10005.50390625,71081,0.0,0.0,0.0
2012-06-21 00:00:00+09:00,9984.216911088744,10473.847267737321,9962.928511400358,10303.541015625,71268,0.0,0.0,0.0
2012-06-22 00:00:00+09:00,10282.253244501742,10516.42470999438,9984.217521434633,10197.1005859375,58162,0.0,0.0,0.0
2012-06-25 00:00:00+09:00,10303.540860325833,10303.540860325833,9792.621166294877,9920.3515625,46695,0.0,0.0,0.0
2012-06-26 00:00:00+09:00,9962.928008517893,10260.963698322299,9856.486015448652,9877.7744140625,37546,0.0,0.0,0.0
2012-06-27 00:00:00+09:00,9877.776270332737,10644.155928268121,9366.856498375813,9494.5869140625,403903,0.0,0.0,0.0
2012-06-28 00:00:00+09:00,9792.621006835925,9792.621006835925,9281.702266519324,9537.162109375,98853,0.0,0.0,0.0
2012-06-29 00:00:00+09:00,9537.160623889182,9771.33203125,9366.853458248876,9771.33203125,48524,0.0,0.0,0.0
2012-07-02 00:00:00+09:00,10005.504977029565,10218.38898692727,9813.910313516468,10197.1005859375,84299,0.0,0.0,0.0
2012-07-03 00:00:00+09:00,10197.099850873788,10367.406101120492,9941.640002806349,10048.0810546875,96320,0.0,0.0,0.0
2012-07-04 00:00:00+09:00,10005.50390625,10218.387893365063,9920.351256798713,10005.50390625,53976,0.0,0.0,0.0
2012-07-05 00:00:00+09:00,10239.675346681832,10239.675346681832,9941.63965551022,10005.50390625,29372,0.0,0.0,0.0
2012-07-06 00:00:00+09:00,9899.062230861984,10090.656861730968,9856.485436136727,9984.2158203125,32550,0.0,0.0,0.0
2012-07-09 00:00:00+09:00,9941.63996186752,9984.216760602561,9856.486364397439,9920.3515625,61598,0.0,0.0,0.0
2012-07-10 00:00:00+09:00,9920.350628224613,10090.656861730968,9792.62024404884,9984.2158203125,58439,0.0,0.0,0.0
2012-07-11 00:00:00+09:00,10218.387970488724,11495.686230451129,10133.234375,10133.234375,346002,0.0,0.5,0.0
2012-07-12 00:00:00+09:00,10473.847109871229,10473.847109871229,9792.621166294877,9920.3515625,57575,0.0,0.0,0.0
2012-07-13 00:00:00+09:00,9792.621166294877,10048.081013310355,9664.891715484522,9920.3515625,55846,0.0,0.0,0.0
2012-07-16 00:00:00+09:00,9835.198075138645,10346.117774889539,9835.198075138645,10175.8115234375,50055,0.0,0.0,0.0
2012-07-17 00:00:00+09:00,10218.388604280519,10260.964459270888,9750.045690833223,10090.658203125,24649,0.0,0.0,0.0
2012-07-18 00:00:00+09:00,9962.928129417294,10175.811172744361,9750.045086090227,10133.234375,14448,0.0,0.0,0.0
2012-07-19 00:00:00+09:00,10133.235070541365,10260.964527147007,9920.352012602085,10218.388671875,21079,0.0,0.0,0.0
2012-07-20 00:00:00+09:00,10218.388322649203,10260.96417646613,10005.504326590684,10175.8115234375,22475,0.0,0.0,0.0
2012-07-23 00:00:00+09:00,10133.234375,10133.234375,9792.620938439844,10133.234375,34969,0.0,0.0,0.0
2012-07-24 00:00:00+09:00,10090.658096401881,10090.658096401881,9835.1982421875,9835.1982421875,17048,0.0,0.0,0.0
2012-07-25 00:00:00+09:00,9792.621912572358,9792.621912572358,9281.703125,9281.703125,51003,0.0,0.0,0.0
2012-07-26 00:00:00+09:00,9196.547936382514,9409.43096420448,9068.818497847205,9324.2783203125,12891,0.0,0.0,0.0
2012-07-27 00:00:00+09:00,9196.548938753549,9664.891840087495,9111.396285580418,9452.0087890625,25843,0.0,0.0,0.0
2012-07-30 00:00:00+09:00,9366.855229342105,9835.198132618429,9366.855229342105,9579.73828125,12538,0.0,0.0,0.0
2012-07-31 00:00:00+09:00,9452.008896779771,9750.045549769171,9452.008896779771,9707.46875,8698,0.0,0.0,0.0
2012-08-01 00:00:00+09:00,9537.163145108792,9792.6220703125,9409.432737112085,9792.6220703125,10219,0.0,0.0,0.0
2012-08-02 00:00:00+09:00,9877.77500368189,9877.77500368189,9622.31515046166,9707.46875,4223,0.0,0.0,0.0
2012-08-03 00:00:00+09:00,9409.431715249786,9835.197804877662,9239.125468477585,9537.162109375,46611,0.0,0.0,0.0
2012-08-06 00:00:00+09:00,9537.162109375,9707.4683561472,9324.27906456106,9537.162109375,21337,0.0,0.0,0.0
2012-08-07 00:00:00+09:00,9622.31504080354,9622.31504080354,9281.70253732146,9452.0087890625,14213,0.0,0.0,0.0
2012-08-08 00:00:00+09:00,9409.4326171875,9537.163023556266,9281.703156213576,9409.4326171875,25625,0.0,0.0,0.0
2012-08-09 00:00:00+09:00,9452.008513291523,9579.737962021985,9366.854917208047,9537.162109375,20901,0.0,0.0,0.0
2012-08-10 00:00:00+09:00,9537.162427184248,9664.891880171072,9452.008828263177,9579.73828125,17869,0.0,0.0,0.0
2012-08-13 00:00:00+09:00,9664.891987842844,9877.775042122363,9494.585733498188,9835.1982421875,35701,0.0,0.0,0.0
2012-08-14 00:00:00+09:00,9877.77414226272,10260.963415978567,9877.77414226272,9962.927734375,34525,0.0,0.0,0.0
2012-08-16 00:00:00+09:00,10090.658203125,10090.658203125,9920.351946979112,10090.658203125,37042,0.0,0.0,0.0
2012-08-17 00:00:00+09:00,10090.657853597868,10133.234652508236,10005.50425577713,10048.0810546875,17241,0.0,0.0,0.0
2012-08-20 00:00:00+09:00,9835.198005530428,10048.0810546875,9835.198005530428,10048.0810546875,15751,0.0,0.0,0.0
2012-08-21 00:00:00+09:00,10048.080381092574,10048.080381092574,9835.19734620658,9962.927734375,12412,0.0,0.0,0.0
2012-08-22 00:00:00+09:00,9835.19734620658,9962.927734375,9750.044699489006,9962.927734375,11734,0.0,0.0,0.0
2012-08-23 00:00:00+09:00,10005.50425577713,10048.0810546875,9792.621206620059,10048.0810546875,17884,0.0,0.0,0.0
2012-08-24 00:00:00+09:00,10175.81109594205,10175.81109594205,9877.7744593757,10005.50390625,19944,0.0,0.0,0.0
2012-08-27 00:00:00+09:00,10005.504214575314,10090.657812045396,9877.774763764959,9920.3515625,15974,0.0,0.0,0.0
2012-08-28 00:00:00+09:00,9835.19734620658,10048.080381092574,9792.62055015044,9962.927734375,31171,0.0,0.0,0.0
2012-08-29 00:00:00+09:00,9920.350741771474,11453.108751661737,9792.620356133715,10899.6123046875,315865,0.0,0.0,0.0
2012-08-30 00:00:00+09:00,10984.766971096842,12389.795678369956,10899.613372330672,11878.8759765625,331974,0.0,0.0,0.0
2012-08-31 00:00:00+09:00,11921.452070275976,12347.218148114782,11580.838640768097,11793.7216796875,147520,0.0,0.0,0.0
2012-09-03 00:00:00+09:00,11836.298828125,11964.029222507465,11453.109535767113,11836.298828125,105572,0.0,0.0,0.0
2012-09-04 00:00:00+09:00,12134.336218699176,12560.102335467933,11793.722758047283,12049.1826171875,202811,0.0,0.0,0.0
2012-09-05 00:00:00+09:00,12134.336218699176,12176.913019455014,11793.722758047283,12049.1826171875,57583,0.0,0.0,0.0
2012-09-06 00:00:00+09:00,12091.758626881576,12091.758626881576,11708.5693359375,11708.5693359375,55394,0.0,0.0,0.0
2012-09-07 00:00:00+09:00,11793.72237779633,11921.452775945585,11538.263472287383,11878.8759765625,70375,0.0,0.0,0.0
2012-09-10 00:00:00+09:00,11921.45302020026,11964.029820455688,11665.9931640625,11665.9931640625,110430,0.0,0.0,0.0
2012-09-11 00:00:00+09:00,11623.415739996704,11836.298784453942,11623.415739996704,11708.5693359375,195527,0.0,0.0,0.0
2012-09-12 00:00:00+09:00,11921.452735941066,12219.488439832987,11751.146484375,11751.146484375,136246,0.0,0.0,0.0
2012-09-13 00:00:00+09:00,11751.14663036705,12134.3359375,11623.41623105954,12134.3359375,118127,0.0,0.0,0.0
2012-09-14 00:00:00+09:00,12176.912048149123,12772.984375,12091.758453429824,12772.984375,274648,0.0,0.0,0.0
2012-09-17 00:00:00+09:00,12772.983985081872,12772.983985081872,11964.02864152229,12006.6044921875,171159,0.0,0.0,0.0
2012-09-18 00:00:00+09:00,11921.451971824736,12262.064453125,11836.29837880231,12262.064453125,87986,0.0,0.0,0.0
2012-09-19 00:00:00+09:00,12304.642476327715,12304.642476327715,11964.029961070635,12049.1826171875,46399,0.0,0.0,0.0
2012-09-20 00:00:00+09:00,11921.452424379975,12091.758671495174,11751.146177264776,11836.298828125,120453,0.0,0.0,0.0
2012-09-21 00:00:00+09:00,11793.721864449226,11921.45225703874,11325.378982410484,11453.109375,189193,0.0,0.0,0.0
2012-09-24 00:00:00+09:00,10771.8850176056,11538.2646484375,10303.542067440807,11538.2646484375,459379,0.0,0.0,0.0
2012-09-25 00:00:00+09:00,11751.147572519178,11793.72343030709,11155.07421875,11155.07421875,144962,0.0,0.0,0.0
2012-09-26 00:00:00+09:00,10984.766374111343,11367.955656944481,10771.883334160184,11197.6494140625,137076,0.0,0.0,0.0
2012-09-27 00:00:00+09:00,10942.189577042165,11410.532454013659,10899.612779972987,11197.6494140625,58071,0.0,0.0,0.0
2012-09-28 00:00:00+09:00,11367.95728926903,11367.95728926903,11155.07421875,11155.07421875,64057,0.0,0.0,0.0
2012-10-02 00:00:00+09:00,11197.649916614255,11665.99281460503,11197.649916614255,11623.416015625,148308,0.0,0.0,0.0
2012-10-04 00:00:00+09:00,11623.416543821444,11623.416543821444,11240.227226377669,11325.3798828125,104505,0.0,0.0,0.0
2012-10-05 00:00:00+09:00,11410.53239871152,11793.7216796875,11282.80295351777,11793.7216796875,136942,0.0,0.0,0.0
2012-10-08 00:00:00+09:00,11921.452540291426,12389.795433457952,11878.875741749966,12091.7587890625,262052,0.0,0.0,0.0
2012-10-09 00:00:00+09:00,12219.489319645183,12772.985858830527,12219.489319645183,12347.2197265625,388752,0.0,0.0,0.0
2012-10-10 00:00:00+09:00,12176.912270069139,12602.678360635597,12091.758673797945,12560.1015625,176681,0.0,0.0,0.0
2012-10-11 00:00:00+09:00,12602.679595002286,12858.139463442072,12091.759858122714,12347.2197265625,207256,0.0,0.0,0.0
2012-10-12 00:00:00+09:00,12347.218677312963,12517.524926668817,11964.029379913603,12219.48828125,238195,0.0,0.0,0.0
2012-10-15 00:00:00+09:00,12347.217915272124,12347.217915272124,11751.145606617418,12006.6044921875,223544,0.0,0.0,0.0
2012-10-16 00:00:00+09:00,12006.605675316314,12049.18247557174,11453.110108180168,11665.9931640625,164665,0.0,0.0,0.0
2012-10-17 00:00:00+09:00,11665.9931640625,12006.605675316314,11495.686908435595,11665.9931640625,101043,0.0,0.0,0.0
2012-10-18 00:00:00+09:00,11580.8394181951,11793.722471405437,11112.496512053398,11282.8037109375,111748,0.0,0.0,0.0
2012-10-19 00:00:00+09:00,11197.64901017674,11367.955246915979,10857.036536698262,11027.3427734375,158220,0.0,0.0,0.0
2012-10-22 00:00:00+09:00,10857.037087947168,11580.8388671875,10644.154044865645,11580.8388671875,105022,0.0,0.0,0.0
2012-10-23 00:00:00+09:00,11538.262970059675,11665.99241725445,11367.955779940323,11453.109375,45210,0.0,0.0,0.0
2012-10-24 00:00:00+09:00,11410.53303584809,11878.875936700855,11155.073185801602,11751.146484375,73995,0.0,0.0,0.0
2012-10-25 00:00:00+09:00,11964.029296875,12134.33554504881,11836.298901698574,11964.029296875,111033,0.0,0.0,0.0
2012-10-26 00:00:00+09:00,12134.33529929319,12134.33529929319,11282.803130275386,11453.109375,89949,0.0,0.0,0.0
2012-10-29 00:00:00+09:00,11665.99396615362,11708.570769336398,11069.921557779307,11155.07421875,59057,0.0,0.0,0.0
2012-10-30 00:00:00+09:00,11155.072737685872,11495.686172529839,11069.920088020936,11453.109375,31611,0.0,0.0,0.0
2012-10-31 00:00:00+09:00,11410.532853246359,11623.415900645887,11325.379256128641,11367.9560546875,59019,0.0,0.0,0.0
2012-11-01 00:00:00+09:00,11240.226034135414,11325.378681538166,10729.30636814003,10814.4599609375,149339,0.0,0.0,0.0
2012-11-02 00:00:00+09:00,10899.6123046875,11027.342690325257,10516.423038563606,10899.6123046875,170200,0.0,0.0,0.0
2012-11-05 00:00:00+09:00,10857.036187897767,11325.378087535732,10814.459393732133,10984.765625,191660,0.0,0.0,0.0
2012-11-06 00:00:00+09:00,10984.767951413749,11325.380486086251,10814.461684077498,11155.07421875,173289,0.0,0.0,0.0
2012-11-07 00:00:00+09:00,11325.379811528912,11325.379811528912,10984.767297143824,11069.9208984375,174110,0.0,0.0,0.0
2012-11-08 00:00:00+09:00,10942.190492095833,11921.453125,10814.461035601504,11921.453125,210041,0.0,0.0,0.0
2012-11-09 00:00:00+09:00,11878.876324370287,12091.759382124044,11665.993266616531,11921.453125,102481,0.0,0.0,0.0
2012-11-12 00:00:00+09:00,12049.182228700058,12091.759028083143,11665.992925041857,11878.8759765625,96415,0.0,0.0,0.0
2012-11-13 00:00:00+09:00,11921.452540291426,12134.335587603959,11665.992694437433,12091.7587890625,86909,0.0,0.0,0.0
2012-11-14 00:00:00+09:00,12176.91298338347,12304.642439877802,11878.876324370287,11921.453125,95381,0.0,0.0,0.0
2012-11-15 00:00:00+09:00,11751.146177264776,11964.029222507465,11751.146177264776,11836.298828125,78185,0.0,0.0,0.0
2012-11-16 00:00:00+09:00,11793.721986483544,11921.452380394736,11410.532695539468,11708.5693359375,79980,0.0,0.0,0.0
2012-11-19 00:00:00+09:00,11708.5693359375,11708.5693359375,11708.5693359375,11708.5693359375,0,0.0,0.0,0.0
2012-11-20 00:00:00+09:00,12006.60553819249,12219.48859164355,11921.45288404894,12134.3359375,118994,0.0,0.0,0.0
2012-11-21 00:00:00+09:00,12176.912386145419,12262.065037833574,11878.875741749966,12091.7587890625,70311,0.0,0.0,0.0
2012-11-22 00:00:00+09:00,12049.181990521041,12176.912386145419,12006.605191979581,12091.7587890625,40761,0.0,0.0,0.0
2012-11-23 00:00:00+09:00,12176.912737269171,12262.06539141272,12049.18233796166,12134.3359375,38675,0.0,0.0,0.0
2012-11-26 00:00:00+09:00,12219.488006104588,12602.678240270445,12176.912153770378,12304.6416015625,100210,0.0,0.0,0.0
2012-11-27 00:00:00+09:00,12389.795433457952,12389.795433457952,11921.452540291426,12091.7587890625,52215,0.0,0.0,0.0
2012-11-28 00:00:00+09:00,12091.758558312466,12347.218399291456,12006.604962854555,12304.6416015625,57412,0.0,0.0,0.0
2012-11-29 00:00:00+09:00,12347.218125091566,12432.37077326371,12134.335086569115,12389.794921875,63323,0.0,0.0,0.0
2012-11-30 00:00:00+09:00,12432.371049354622,12474.947847083578,12049.181760583511,12304.6416015625,111929,0.0,0.0,0.0
2012-12-03 00:00:00+09:00,12176.91260853652,12602.6787109375,12006.605411260305,12602.6787109375,102700,0.0,0.0,0.0
2012-12-04 00:00:00+09:00,12560.101911618445,12730.408163499882,12389.79565973701,12602.6787109375,66414,0.0,0.0,0.0
2012-12-05 00:00:00+09:00,12645.254213376438,12687.831011512035,12432.37116809321,12560.1015625,61305,0.0,0.0,0.0
2012-12-06 00:00:00+09:00,12560.101065550121,13326.479620089498,12517.524269099109,12858.1376953125,285721,0.0,0.0,0.0
2012-12-07 00:00:00+09:00,12900.71369576984,12943.29049271393,11964.028889973535,12517.5244140625,86743,0.0,0.0,0.0
2012-12-10 00:00:00+09:00,12389.796077839392,12602.67913622377,11964.029961070635,12049.1826171875,59311,0.0,0.0,0.0
2012-12-11 00:00:00+09:00,12219.48828125,12219.48828125,11878.875782538295,12219.48828125,44728,0.0,0.0,0.0
2012-12-12 00:00:00+09:00,12006.603956175868,12219.48698157699,11921.451313252219,12176.9111328125,40904,0.0,0.0,0.0
2012-12-13 00:00:00+09:00,12134.334338653342,12347.217364054464,12091.757544494185,12176.9111328125,16721,0.0,0.0,0.0
2012-12-14 00:00:00+09:00,12262.065037833574,12262.065037833574,12049.181990521041,12091.7587890625,14288,0.0,0.0,0.0
2012-12-17 00:00:00+09:00,12091.758084307332,12176.911676427166,11921.451845462376,12006.6044921875,29566,0.0,0.0,0.0
2012-12-18 00:00:00+09:00,11921.453125,12049.182581494331,11580.839665357104,11921.453125,69154,0.0,0.0,0.0
2012-12-20 00:00:00+09:00,11793.72210330643,12176.912343440952,11793.72210330643,11964.029296875,21578,0.0,0.0,0.0
2012-12-21 00:00:00+09:00,11964.029222507465,11964.029222507465,11708.569379137289,11836.298828125,16224,0.0,0.0,0.0
2012-12-24 00:00:00+09:00,12049.1826171875,12176.913019455014,11793.722758047283,12049.1826171875,18285,0.0,0.0,0.0
2012-12-26 00:00:00+09:00,12134.33554504881,12134.33554504881,11964.029296875,11964.029296875,8769,0.0,0.0,0.0
2012-12-27 00:00:00+09:00,12032.179703581136,12289.093767409782,11989.360376016364,12246.275390625,15218,70.0,0.0,0.0
2012-12-28 00:00:00+09:00,12374.733393424249,12374.733393424249,12117.81835865882,12331.9140625,9771,0.0,0.0,0.0
2013-01-02 00:00:00+09:00,12246.277360624825,12417.553747656328,11860.904301328766,11989.3623046875,62973,0.0,0.0,0.0
2013-01-03 00:00:00+09:00,12032.181659343907,12032.181659343907,11603.990215656093,11818.0859375,62559,0.0,0.0,0.0
2013-01-04 00:00:00+09:00,11903.723655769478,11989.362324819098,11775.26660297519,11818.0859375,22447,0.0,0.0,0.0
2013-01-07 00:00:00+09:00,11818.08591618737,12032.18163764518,11732.44724729219,11946.54296875,19657,0.0,0.0,0.0
2013-01-08 00:00:00+09:00,11946.542990294287,11989.362324819098,11646.80859940076,11818.0859375,14074,0.0,0.0,0.0
2013-01-09 00:00:00+09:00,11775.26560926992,11989.361313046462,11775.26560926992,11860.9033203125,14528,0.0,0.0,0.0
2013-01-10 00:00:00+09:00,11818.085956564275,11946.543009565781,11475.532230593348,11603.990234375,110111,0.0,0.0,0.0
2013-01-11 00:00:00+09:00,11689.62794588775,11775.266615025006,11347.075170899016,11389.8935546875,47260,0.0,0.0,0.0
2013-01-14 00:00:00+09:00,11561.170916530364,11561.170916530364,11004.521467563718,11304.255859375,92978,0.0,0.0,0.0
2013-01-15 00:00:00+09:00,11090.158194343261,11261.434552186329,10661.966824345605,11047.3388671875,98715,0.0,0.0,0.0
2013-01-16 00:00:00+09:00,10961.702189392838,11132.979528899095,10533.5107421875,10533.5107421875,77292,0.0,0.0,0.0
2013-01-17 00:00:00+09:00,10490.691384884474,10790.424799654274,10276.59568114316,10747.60546875,123079,0.0,0.0,0.0
2013-01-18 00:00:00+09:00,10747.605473763251,10918.882797460245,10619.148431770569,10790.4248046875,44359,0.0,0.0,0.0
2013-01-21 00:00:00+09:00,10704.787109375,10918.882813531298,10661.967778387727,10704.787109375,70904,0.0,0.0,0.0
2013-01-22 00:00:00+09:00,10576.329095912963,10833.24413055855,10576.329095912963,10747.60546875,47780,0.0,0.0,0.0
2013-01-23 00:00:00+09:00,10747.605474491029,10876.063467272472,10576.3291015625,10576.3291015625,43870,0.0,0.0,0.0
2013-01-24 00:00:00+09:00,10790.424814635055,10876.0634765625,10619.148441560226,10876.0634765625,53584,0.0,0.0,0.0
2013-01-25 00:00:00+09:00,10918.882792367102,10918.882792367102,10576.329095912963,10747.60546875,33025,0.0,0.0,0.0
2013-01-28 00:00:00+09:00,10704.787099394702,10790.424810509341,10576.32910655265,10619.1484375,12569,0.0,0.0,0.0
2013-01-29 00:00:00+09:00,10490.691384884474,10833.24413055855,10490.691384884474,10747.60546875,41177,0.0,0.0,0.0
2013-01-30 00:00:00+09:00,10833.244135611749,10961.701177604431,10533.509769922073,10790.4248046875,48658,0.0,0.0,0.0
2013-01-31 00:00:00+09:00,10747.605478736872,10833.244140625,10704.787098572873,10833.244140625,22024,0.0,0.0,0.0
2013-02-01 00:00:00+09:00,10833.244145598777,10961.701187709883,10704.787103487672,10876.0634765625,20049,0.0,0.0,0.0
2013-02-04 00:00:00+09:00,11004.52146880661,11389.893579193107,10876.064415604493,11347.0751953125,72712,0.0,0.0,0.0
2013-02-05 00:00:00+09:00,11304.255860651745,11432.712913853862,11175.797856669482,11347.0751953125,26121,0.0,0.0,0.0
2013-02-06 00:00:00+09:00,11432.711919065063,11518.350580934937,11261.435546105375,11475.53125,32351,0.0,0.0,0.0
2013-02-07 00:00:00+09:00,11475.53125,11561.169911869876,11347.07420797525,11475.53125,28637,0.0,0.0,0.0
2013-02-08 00:00:00+09:00,11475.53125,11603.989242804813,11347.07420797525,11475.53125,21699,0.0,0.0,0.0
2013-02-12 00:00:00+09:00,11389.893579193107,11475.532248514617,11218.617191330235,11347.0751953125,15589,0.0,0.0,0.0
2013-02-13 00:00:00+09:00,11475.532248514617,11475.532248514617,11047.340803467365,11347.0751953125,30641,0.0,0.0,0.0
2013-02-14 00:00:00+09:00,11389.893556051245,11432.712890625,11304.25583768388,11432.712890625,11923,0.0,0.0,0.0
2013-02-15 00:00:00+09:00,11432.712912562609,11432.712912562609,11218.617190063163,11304.255859375,18347,0.0,0.0,0.0
2013-02-18 00:00:00+09:00,11304.255836330389,11432.712889256129,11175.797832624505,11389.8935546875,18092,0.0,0.0,0.0
2013-02-19 00:00:00+09:00,11347.075194030918,11432.712912562609,11218.617190063163,11304.255859375,22836,0.0,0.0,0.0
2013-02-20 00:00:00+09:00,11304.255856792272,11561.170913888936,10704.788024086814,11218.6171875,54850,0.0,0.0,0.0
2013-02-21 00:00:00+09:00,11175.797856669482,11389.893579193107,11047.340803467365,11347.0751953125,16705,0.0,0.0,0.0
2013-02-22 00:00:00+09:00,11261.436469928982,12075.000021312628,11261.436469928982,11946.54296875,87043,0.0,0.0,0.0
2013-02-25 00:00:00+09:00,12117.818375248173,12117.818375248173,11860.903340131026,12032.1806640625,49269,0.0,0.0,0.0
2013-02-26 00:00:00+09:00,11989.361312399542,12074.9990234375,11818.084939543563,12074.9990234375,22713,0.0,0.0,0.0
2013-02-27 00:00:00+09:00,12032.180648301504,12160.637690301779,11946.541986447946,12117.818359375,25000,0.0,0.0,0.0
2013-02-28 00:00:00+09:00,12032.18163914041,12160.638691719003,11946.542970234588,11989.3623046875,36681,0.0,0.0,0.0
2013-03-04 00:00:00+09:00,11989.361317374725,12246.276352155337,11860.903324594388,12117.818359375,49257,0.0,0.0,0.0
2013-03-05 00:00:00+09:00,12203.456063060228,12374.732422539322,12074.998080365916,12246.275390625,70215,0.0,0.0,0.0
2013-03-06 00:00:00+09:00,12331.9140625,12374.733393424249,12117.81835865882,12331.9140625,39961,0.0,0.0,0.0
2013-03-07 00:00:00+09:00,12374.733394155612,12374.733394155612,12117.818359375,12117.818359375,23914,0.0,0.0,0.0
2013-03-08 00:00:00+09:00,12117.818369326116,12246.276362211942,11989.361327220353,12203.45703125,38455,0.0,0.0,0.0
2013-03-11 00:00:00+09:00,12331.91407938245,12331.91407938245,11946.542002096763,12032.1806640625,33802,0.0,0.0,0.0
2013-03-12 00:00:00+09:00,12074.99902918754,12074.99902918754,11732.44628331246,11903.72265625,37362,0.0,0.0,0.0
2013-03-13 00:00:00+09:00,11989.362324819098,11989.362324819098,11732.44726845038,11818.0859375,31165,0.0,0.0,0.0
2013-03-14 00:00:00+09:00,11946.542934908543,12631.649431788832,11860.904266255955,12417.5537109375,162155,0.0,0.0,0.0
2013-03-15 00:00:00+09:00,12417.5537109375,12546.010763136243,12289.095707958619,12417.5537109375,37745,0.0,0.0,0.0
2013-03-18 00:00:00+09:00,12289.093767409782,12503.189454453646,12246.275390625,12246.275390625,50456,0.0,0.0,0.0
2013-03-19 00:00:00+09:00,12246.275404831102,12760.104483864441,12246.275404831102,12717.28515625,99541,0.0,0.0,0.0
2013-03-20 00:00:00+09:00,12717.285148637759,12760.10447622657,12331.91310189843,12546.0087890625,65255,0.0,0.0,0.0
2013-03-21 00:00:00+09:00,12546.009770623636,12588.8291015625,12417.552728587107,12588.8291015625,17787,0.0,0.0,0.0
2013-03-22 00:00:00+09:00,12417.552735279647,12546.009777385409,12117.818369326116,12203.45703125,52923,0.0,0.0,0.0
2013-03-25 00:00:00+09:00,12203.456063060228,12460.371077668864,12074.998080365916,12246.275390625,24630,0.0,0.0,0.0
2013-03-26 00:00:00+09:00,12331.913094974552,12331.913094974552,12160.636735495458,12246.275390625,12109,0.0,0.0,0.0
2013-03-27 00:00:00+09:00,12160.636735495458,12246.275390625,12074.998080365916,12246.275390625,32200,0.0,0.0,0.0
2013-03-28 00:00:00+09:00,12246.277324412462,12417.5537109375,12203.457990086168,12417.5537109375,20126,0.0,0.0,0.0
2013-03-29 00:00:00+09:00,12417.552739336568,12674.467774412095,12417.552739336568,12460.3720703125,36425,0.0,0.0,0.0
2013-04-01 00:00:00+09:00,12417.551757076053,12631.647444240123,12417.551757076053,12546.0087890625,21469,0.0,0.0,0.0
2013-04-02 00:00:00+09:00,12631.64842240138,12631.64842240138,12331.914056849055,12503.1904296875,22223,0.0,0.0,0.0
2013-04-03 00:00:00+09:00,12631.649431788832,12631.649431788832,12331.915042284912,12417.5537109375,22969,0.0,0.0,0.0
2013-04-04 00:00:00+09:00,12289.094732302054,12503.190436155885,11903.722655521167,12117.818359375,45811,0.0,0.0,0.0
2013-04-05 00:00:00+09:00,12074.999022808659,12503.19043031634,12074.999022808659,12289.0947265625,48891,0.0,0.0,0.0
2013-04-08 00:00:00+09:00,12203.458026171915,12246.277360624825,11946.542970234588,11989.3623046875,27049,0.0,0.0,0.0
2013-04-09 00:00:00+09:00,11903.723634302409,11989.36230319759,11561.17086028197,11946.54296875,39410,0.0,0.0,0.0
2013-04-10 00:00:00+09:00,11818.084944447673,12160.637690301779,11775.265613520894,12117.818359375,23709,0.0,0.0,0.0
2013-04-11 00:00:00+09:00,12203.457015529,12289.0947265625,11989.361311775161,12289.0947265625,34159,0.0,0.0,0.0
2013-04-12 00:00:00+09:00,12374.732422539322,12374.732422539322,12246.275390625,12246.275390625,29761,0.0,0.0,0.0
2013-04-15 00:00:00+09:00,12417.551750104092,12417.551750104092,11989.360376016364,12246.275390625,20452,0.0,0.0,0.0
2013-04-16 00:00:00+09:00,12160.637690301779,12246.276352155337,12074.999028448221,12117.818359375,16789,0.0,0.0,0.0
2013-04-17 00:00:00+09:00,12246.276355611713,12717.28614359903,12074.999031856256,12588.8291015625,145396,0.0,0.0,0.0
2013-04-18 00:00:00+09:00,12674.468651282172,14044.680681848244,12674.468651282172,13873.404296875,465514,0.0,0.0,0.0
2013-04-19 00:00:00+09:00,13787.765620020215,14729.786147189621,13445.21192313856,13744.9462890625,161415,0.0,0.0,0.0
2013-04-22 00:00:00+09:00,13744.946293083613,14130.31837025566,13744.946293083613,14001.861328125,93868,0.0,0.0,0.0
2013-04-23 00:00:00+09:00,14130.318359375,14387.233394218556,13873.403324531444,14130.318359375,76825,0.0,0.0,0.0
2013-04-24 00:00:00+09:00,14258.776347125786,14258.776347125786,13744.946277621053,14087.4990234375,99416,0.0,0.0,0.0
2013-04-25 00:00:00+09:00,14173.1386816146,14173.1386816146,13744.947243853323,13830.5849609375,72656,0.0,0.0,0.0
2013-04-26 00:00:00+09:00,13830.584004460467,15115.1591796875,13702.126962327795,15115.1591796875,196821,0.0,0.0,0.0
2013-04-29 00:00:00+09:00,15072.339829359802,15115.159160275723,14644.148421760721,14729.7861328125,146032,0.0,0.0,0.0
2013-04-30 00:00:00+09:00,14815.424810567705,15072.339845559294,14644.1484375,14644.1484375,92921,0.0,0.0,0.0
2013-05-02 00:00:00+09:00,14644.1484375,15243.616218626998,14644.1484375,14644.1484375,131495,0.0,0.0,0.0
2013-05-03 00:00:00+09:00,14815.424800440982,14815.424800440982,14472.872054539715,14558.509765625,75359,0.0,0.0,0.0
2013-05-06 00:00:00+09:00,14772.604486554077,14858.243142721116,14515.689468832963,14601.328125,56507,0.0,0.0,0.0
2013-05-07 00:00:00+09:00,14601.329095808158,14815.424799680475,14301.594730074889,14772.60546875,79338,0.0,0.0,0.0
2013-05-08 00:00:00+09:00,14815.424803879503,15200.796880802885,14644.14843088912,15029.5205078125,91734,0.0,0.0,0.0
2013-05-09 00:00:00+09:00,14986.70211987841,15457.712888324433,14772.606402473864,15414.8935546875,109301,0.0,0.0,0.0
2013-05-10 00:00:00+09:00,15543.351553272103,15671.808603383555,15200.797835008023,15372.07421875,105564,0.0,0.0,0.0
2013-05-13 00:00:00+09:00,15329.254873630722,15543.350577563717,14986.701176869889,15029.5205078125,76143,0.0,0.0,0.0
2013-05-14 00:00:00+09:00,15115.160196023235,15157.97857909317,13959.042935972197,14344.4150390625,150871,0.0,0.0,0.0
2013-05-15 00:00:00+09:00,14344.414069222414,14558.509773217374,13959.0419921875,13959.0419921875,105202,0.0,0.0,0.0
2013-05-16 00:00:00+09:00,14001.862314872518,14130.31936605588,13530.851542566637,13659.30859375,189733,0.0,0.0,0.0
2013-05-20 00:00:00+09:00,13916.222668124561,14001.861330076983,13445.211928946368,13573.669921875,122913,0.0,0.0,0.0
2013-05-21 00:00:00+09:00,13744.946273982207,13830.583985023613,13402.392577476385,13616.48828125,113640,0.0,0.0,0.0
2013-05-22 00:00:00+09:00,13659.30763208046,13959.041998112656,13573.669920914163,13787.765625,82325,0.0,0.0,0.0
2013-05-23 00:00:00+09:00,13744.946285735734,13744.946285735734,13145.47850481301,13273.935546875,99151,0.0,0.0,0.0
2013-05-24 00:00:00+09:00,13273.936525271518,13402.393576801831,12888.564419900444,13316.755859375,73575,0.0,0.0,0.0
2013-05-27 00:00:00+09:00,13359.575187904975,13530.851573467315,13145.479468257015,13188.2978515625,73917,0.0,0.0,0.0
2013-05-28 00:00:00+09:00,13145.47850885303,13616.488297078457,13145.47850885303,13530.8505859375,89157,0.0,0.0,0.0
2013-05-29 00:00:00+09:00,13445.212890625,13659.308610039345,13359.575173327343,13445.212890625,53998,0.0,0.0,0.0
2013-05-30 00:00:00+09:00,13573.669921875,13702.12696402357,13402.392597970156,13573.669921875,63818,0.0,0.0,0.0
2013-05-31 00:00:00+09:00,13702.126943071471,13702.126943071471,13273.93553552424,13616.48828125,53116,0.0,0.0,0.0
2013-06-03 00:00:00+09:00,13530.851573467315,13573.670907552934,13188.2978515625,13188.2978515625,66358,0.0,0.0,0.0
2013-06-04 00:00:00+09:00,13188.297923973105,13188.297923973105,12374.734375,12374.734375,129047,0.0,0.0,0.0
2013-06-05 00:00:00+09:00,12374.733394155612,12374.733394155612,11732.446282594115,12117.818359375,128655,0.0,0.0,0.0
2013-06-07 00:00:00+09:00,12331.914066709378,12674.467763440229,12246.276355611713,12588.8291015625,44818,0.0,0.0,0.0
2013-06-10 00:00:00+09:00,12760.106428516885,13188.297868358115,12717.287094376736,12974.2021484375,44149,0.0,0.0,0.0
2013-06-11 00:00:00+09:00,12974.200171156665,12974.200171156665,12631.647451801104,12717.28515625,21369,0.0,0.0,0.0
2013-06-12 00:00:00+09:00,12760.106428516885,13145.4794849981,12503.19137445612,12974.2021484375,23513,0.0,0.0,0.0
2013-06-13 00:00:00+09:00,13102.66015085795,13188.297868358115,12760.106428516885,12974.2021484375,17494,0.0,0.0,0.0
2013-06-14 00:00:00+09:00,13102.65917556231,13188.296886688038,12588.82910568769,12845.744140625,11990,0.0,0.0,0.0
2013-06-17 00:00:00+09:00,12588.828124186663,12974.200171156665,12374.73243689444,12717.28515625,11900,0.0,0.0,0.0
2013-06-18 00:00:00+09:00,12717.285164545128,12802.923819829872,12160.63675753426,12760.1044921875,17800,0.0,0.0,0.0
2013-06-19 00:00:00+09:00,12931.38280849327,12931.38280849327,12417.55273838173,12674.4677734375,18952,0.0,0.0,0.0
2013-06-20 00:00:00+09:00,12588.829097265427,12588.829097265427,12203.457020507318,12331.9140625,23250,0.0,0.0,0.0
2013-06-21 00:00:00+09:00,11518.350588199117,12289.09474239382,11518.350588199117,12203.45703125,30121,0.0,0.0,0.0
2013-06-24 00:00:00+09:00,12032.180658182295,12460.372066241589,12032.180658182295,12203.45703125,19277,0.0,0.0,0.0
2013-06-25 00:00:00+09:00,11818.084940181241,12246.276347734325,11732.4462783586,11860.9033203125,36298,0.0,0.0,0.0
2013-06-26 00:00:00+09:00,11860.9033203125,12203.457016823004,11860.9033203125,11860.9033203125,19516,0.0,0.0,0.0
2013-06-27 00:00:00+09:00,12160.637689583069,12460.372055272745,12160.637689583069,12331.9140625,10994,0.0,0.0,0.0
2013-06-28 00:00:00+09:00,12289.093781665555,12717.28515625,12289.093781665555,12717.28515625,8547,0.0,0.0,0.0
2013-07-01 00:00:00+09:00,12546.009769102237,13017.0205078125,12546.009769102237,13017.0205078125,13095,0.0,0.0,0.0
2013-07-02 00:00:00+09:00,12888.563465791549,13102.659169679844,12802.924803924205,13017.0205078125,11929,0.0,0.0,0.0
2013-07-03 00:00:00+09:00,13017.019540661991,13273.93455639545,12888.562508185258,12931.3818359375,35844,0.0,0.0,0.0
2013-07-04 00:00:00+09:00,13102.659181603762,13102.659181603762,12674.4677734375,12674.4677734375,15597,0.0,0.0,0.0
2013-07-05 00:00:00+09:00,13017.021501481535,13017.021501481535,12417.553674989265,12802.92578125,8752,0.0,0.0,0.0
2013-07-08 00:00:00+09:00,12802.924795239825,12802.924795239825,12417.552718658308,12503.1904296875,12009,0.0,0.0,0.0
2013-07-09 00:00:00+09:00,12331.914076436453,12717.286153630075,12331.914076436453,12674.4677734375,8628,0.0,0.0,0.0
2013-07-10 00:00:00+09:00,12717.285164545128,12802.923819829872,12503.189477113257,12760.1044921875,4582,0.0,0.0,0.0
2013-07-11 00:00:00+09:00,12802.92481854451,13145.478515625,12802.92481854451,13145.478515625,17157,0.0,0.0,0.0
2013-07-12 00:00:00+09:00,13017.02146600016,13316.755853819355,13017.02146600016,13188.2978515625,20273,0.0,0.0,0.0
2013-07-15 00:00:00+09:00,13316.755853819355,13316.755853819355,13017.02146600016,13188.2978515625,3503,0.0,0.0,0.0
2013-07-16 00:00:00+09:00,13017.020522677292,13231.116226810074,13017.020522677292,13145.478515625,10952,0.0,0.0,0.0
2013-07-17 00:00:00+09:00,13188.29688582017,13188.29688582017,12974.201181849843,13059.83984375,7986,0.0,0.0,0.0
2013-07-18 00:00:00+09:00,13102.65917386566,13316.754877822352,13017.020511970957,13273.935546875,22898,0.0,0.0,0.0
2013-07-19 00:00:00+09:00,13273.93553552424,13659.307612160736,13102.659162661363,13616.48828125,39472,0.0,0.0,0.0
2013-07-22 00:00:00+09:00,13659.308611962057,13659.308611962057,13402.393558472655,13488.0322265625,23995,0.0,0.0,0.0
2013-07-23 00:00:00+09:00,13359.575171434803,13530.851556785987,13359.575171434803,13402.3935546875,12877,0.0,0.0,0.0
2013-07-24 00:00:00+09:00,13573.66991689801,13573.66991689801,13359.574212875521,13530.8505859375,10034,0.0,0.0,0.0
2013-07-25 00:00:00+09:00,13402.393576801831,13488.032245008795,13231.117191168036,13316.755859375,16751,0.0,0.0,0.0
2013-07-26 00:00:00+09:00,13273.935552772942,13316.754883739319,12931.382806602056,13102.6591796875,25071,0.0,0.0,0.0
2013-07-29 00:00:00+09:00,13145.479504088536,13188.297887510735,12588.830061018465,12802.92578125,22956,0.0,0.0,0.0
2013-07-30 00:00:00+09:00,12802.923819829872,12888.562475114617,12674.466787682746,12760.1044921875,7282,0.0,0.0,0.0
2013-07-31 00:00:00+09:00,13059.839844609416,13059.839844609416,12503.1904437819,12845.744140625,10229,0.0,0.0,0.0
2013-08-01 00:00:00+09:00,12845.744140625,13188.296886688038,12717.286147766314,12845.744140625,30178,0.0,0.0,0.0
2013-08-02 00:00:00+09:00,13231.115228643208,13231.115228643208,12631.647492451799,12931.3818359375,42506,0.0,0.0,0.0
2013-08-05 00:00:00+09:00,12760.10548273655,13145.478510653877,12760.10548273655,13102.6591796875,13839,0.0,0.0,0.0
2013-08-06 00:00:00+09:00,12931.382806602056,13145.478510653877,12845.744144669303,13102.6591796875,10591,0.0,0.0,0.0
2013-08-07 00:00:00+09:00,13145.478503217202,13744.946284067153,13017.020510390743,13702.126953125,58351,0.0,0.0,0.0
2013-08-08 00:00:00+09:00,13702.12696211337,14001.861328125,13530.850589012469,14001.861328125,43913,0.0,0.0,0.0
2013-08-09 00:00:00+09:00,14173.137690312271,14215.95702124954,13873.403324531444,14130.318359375,47824,0.0,0.0,0.0
2013-08-12 00:00:00+09:00,14001.862269822259,14515.691423682621,14001.862269822259,14344.4150390625,66777,0.0,0.0,0.0
2013-08-13 00:00:00+09:00,14387.233399294319,14644.148434228513,14173.1376953125,14173.1376953125,54416,0.0,0.0,0.0
2013-08-14 00:00:00+09:00,14173.137690312271,14301.594732344016,13916.222655468715,14130.318359375,21901,0.0,0.0,0.0
2013-08-16 00:00:00+09:00,14130.318354359571,14258.776347125786,13916.222650529277,14087.4990234375,23390,0.0,0.0,0.0
2013-08-19 00:00:00+09:00,14301.594727267795,14301.594727267795,13916.222650529277,14087.4990234375,17801,0.0,0.0,0.0
2013-08-20 00:00:00+09:00,14130.317398635649,14472.871072063057,13916.221709286017,14215.9560546875,46982,0.0,0.0,0.0
2013-08-21 00:00:00+09:00,14215.95701244017,14215.95701244017,13359.574197345712,13616.48828125,57513,0.0,0.0,0.0
2013-08-22 00:00:00+09:00,13402.39357121046,13530.851573467315,13017.02146600016,13188.2978515625,25509,0.0,0.0,0.0
2013-08-23 00:00:00+09:00,13231.117173073097,13830.584997361615,13231.117173073097,13488.0322265625,20168,0.0,0.0,0.0
2013-08-26 00:00:00+09:00,13702.126963053639,13873.403336166295,13402.392597021442,13787.765625,25476,0.0,0.0,0.0
2013-08-27 00:00:00+09:00,13959.041993982479,13959.041993982479,13402.392593055967,13530.8505859375,13250,0.0,0.0,0.0
2013-08-28 00:00:00+09:00,12974.201176130355,13445.211914813444,12888.563465048013,13231.1162109375,38277,0.0,0.0,0.0
2013-08-29 00:00:00+09:00,13102.660141436469,13873.404352284426,13102.660141436469,13359.5751953125,118036,0.0,0.0,0.0
2013-08-30 00:00:00+09:00,13616.488291240694,13959.041987997854,13445.211918252146,13702.126953125,76976,0.0,0.0,0.0
2013-09-02 00:00:00+09:00,13702.126954788384,13702.126954788384,13188.296884980298,13273.935546875,53944,0.0,0.0,0.0
2013-09-03 00:00:00+09:00,13359.574216828327,13787.765625,13188.296892935607,13787.765625,65432,0.0,0.0,0.0
2013-09-04 00:00:00+09:00,13787.766579778445,14001.86229869003,13573.670860866858,13873.404296875,48680,0.0,0.0,0.0
2013-09-05 00:00:00+09:00,14044.680681848244,14044.680681848244,13744.947245840101,13873.404296875,35827,0.0,0.0,0.0
2013-09-06 00:00:00+09:00,14044.67971027313,14044.67971027313,13402.392597970156,13573.669921875,27016,0.0,0.0,0.0
2013-09-09 00:00:00+09:00,13573.670892741686,13573.670892741686,13102.660119874105,13445.212890625,58060,0.0,0.0,0.0
2013-09-10 00:00:00+09:00,13273.935550954498,13616.488297078457,13273.935550954498,13530.8505859375,13232,0.0,0.0,0.0
2013-09-11 00:00:00+09:00,13530.85158096981,13659.308632517757,13273.936527093778,13359.5751953125,38013,0.0,0.0,0.0
2013-09-12 00:00:00+09:00,13488.032246860448,13659.308632517757,13273.936527093778,13359.5751953125,26316,0.0,0.0,0.0
2013-09-13 00:00:00+09:00,13402.392577476385,13916.222646845084,13402.392577476385,13616.48828125,31187,0.0,0.0,0.0
2013-09-16 00:00:00+09:00,13744.94628995999,13916.222663021968,13445.211924016477,13530.8505859375,24815,0.0,0.0,0.0
2013-09-17 00:00:00+09:00,13787.7656209205,13830.584001100946,13402.392593055967,13530.8505859375,22731,0.0,0.0,0.0
2013-09-23 00:00:00+09:00,13530.851560607422,13659.308611962057,13231.117173073097,13488.0322265625,38175,0.0,0.0,0.0
2013-09-24 00:00:00+09:00,13530.851504886537,14515.69142996346,13488.032171017949,14472.873046875,148763,0.0,0.0,0.0
2013-09-25 00:00:00+09:00,14644.148434228513,14729.786145353202,14087.499033407748,14173.1376953125,75369,0.0,0.0,0.0
2013-09-26 00:00:00+09:00,14301.594730809018,14686.967758423023,14173.137688791061,14558.509765625,74350,0.0,0.0,0.0
2013-09-27 00:00:00+09:00,14558.508796916482,14729.785158470559,14215.95607380833,14601.328125,51334,0.0,0.0,0.0
2013-09-30 00:00:00+09:00,14772.60450540175,15029.51952345065,14558.508815490999,14986.7001953125,136020,0.0,0.0,0.0
2013-10-01 00:00:00+09:00,14986.701181836397,15286.435547753947,14729.786146875647,15072.33984375,79294,0.0,0.0,0.0
2013-10-02 00:00:00+09:00,14986.701180974684,15372.073258003617,14901.063469846067,15286.435546875,56459,0.0,0.0,0.0
2013-10-04 00:00:00+09:00,15286.435546875,15286.435546875,14815.424807937388,15286.435546875,53328,0.0,0.0,0.0
2013-10-07 00:00:00+09:00,15072.339833001266,15414.892578851264,14815.424798223734,15200.796875,69882,0.0,0.0,0.0
2013-10-08 00:00:00+09:00,15157.977545564157,15329.254869286062,14772.60546875,14772.60546875,30374,0.0,0.0,0.0
2013-10-10 00:00:00+09:00,14901.062470804634,14901.062470804634,14515.689468832963,14601.328125,58736,0.0,0.0,0.0
2013-10-11 00:00:00+09:00,14729.785158470559,15029.519504275191,14558.508796916482,14601.328125,36815,0.0,0.0,0.0
2013-10-14 00:00:00+09:00,14644.148421760721,14858.244125560263,14472.872048877101,14729.7861328125,19858,0.0,0.0,0.0
2013-10-15 00:00:00+09:00,14772.60546875,14986.701172622315,14472.872053796793,14772.60546875,47857,0.0,0.0,0.0
2013-10-16 00:00:00+09:00,14772.606449640203,15072.340835275614,14558.510731552087,14858.2451171875,25736,0.0,0.0,0.0
2013-10-17 00:00:00+09:00,15029.5204991423,15072.339830060211,14472.872049549653,14515.6904296875,25361,0.0,0.0,0.0
2013-10-18 00:00:00+09:00,14515.6904296875,14601.329091523321,14001.861311012764,14515.6904296875,29769,0.0,0.0,0.0
2013-10-21 00:00:00+09:00,14430.052738358874,14729.786153633884,14301.59474542953,14686.9677734375,17656,0.0,0.0,0.0
2013-10-22 00:00:00+09:00,14601.33009770064,14686.968765437821,14430.05371300641,14472.873046875,17504,0.0,0.0,0.0
2013-10-23 00:00:00+09:00,14387.233399294319,14472.872061199072,14044.67970245537,14173.1376953125,26054,0.0,0.0,0.0
2013-10-24 00:00:00+09:00,14087.499033407748,14301.594737389565,13916.222660378306,14173.1376953125,38462,0.0,0.0,0.0
2013-10-25 00:00:00+09:00,14215.9560546875,14430.051744037131,14173.136726661574,14215.9560546875,13370,0.0,0.0,0.0
2013-10-28 00:00:00+09:00,14215.95703332445,14986.701187729717,14215.95703332445,14901.0634765625,57963,0.0,0.0,0.0
2013-10-29 00:00:00+09:00,14644.148421099711,15072.339828679464,14472.872048223822,14943.8818359375,62056,0.0,0.0,0.0
2013-10-30 00:00:00+09:00,14858.24414558886,15072.339849676997,14729.786152667939,14901.0634765625,7665,0.0,0.0,0.0
2013-10-31 00:00:00+09:00,15029.520504324288,15029.520504324288,14558.509765625,14558.509765625,7861,0.0,0.0,0.0
2013-11-01 00:00:00+09:00,14472.871091529443,14943.880848108152,14387.232435362406,14601.328125,13776,0.0,0.0,0.0
2013-11-04 00:00:00+09:00,14515.6904296875,14601.329091523321,14301.59472587801,14515.6904296875,15237,0.0,0.0,0.0
2013-11-05 00:00:00+09:00,14258.777328312179,14558.510763832051,14215.95799444359,14472.873046875,14970,0.0,0.0,0.0
2013-11-06 00:00:00+09:00,14472.872058688048,14858.244135632447,14301.59473490826,14815.4248046875,28995,0.0,0.0,0.0
2013-11-07 00:00:00+09:00,14943.881850879594,15200.796885840344,14815.424808789252,15072.33984375,46126,0.0,0.0,0.0
2013-11-08 00:00:00+09:00,14986.701167527961,14986.701167527961,14558.50975992888,14729.7861328125,110991,0.0,0.0,0.0
2013-11-11 00:00:00+09:00,14858.243142721116,14858.243142721116,14387.232435362406,14601.328125,35846,0.0,0.0,0.0
2013-11-12 00:00:00+09:00,14558.509764877683,14815.424799680475,14430.052722866318,14772.60546875,31210,0.0,0.0,0.0
2013-11-13 00:00:00+09:00,14901.06448400064,14986.702200957692,14387.23437913782,14472.873046875,19742,0.0,0.0,0.0
2013-11-14 00:00:00+09:00,14387.233387713832,14901.063457168631,14387.233387713832,14515.6904296875,22026,0.0,0.0,0.0
2013-11-15 00:00:00+09:00,14515.6904296875,14815.42479533281,14344.414056795922,14515.6904296875,19110,0.0,0.0,0.0
2013-11-18 00:00:00+09:00,14558.508767196647,14558.508767196647,14258.77537278389,14301.59375,15796,0.0,0.0,0.0
2013-11-19 00:00:00+09:00,14258.777322142503,14515.691423682621,14130.319320592318,14344.4150390625,7939,0.0,0.0,0.0
2013-11-20 00:00:00+09:00,14215.957026264878,14472.872061199072,14173.1376953125,14173.1376953125,19283,0.0,0.0,0.0
2013-11-21 00:00:00+09:00,14130.318354359571,14387.233389111938,14087.4990234375,14087.4990234375,7155,0.0,0.0,0.0
2013-11-22 00:00:00+09:00,14130.318374240549,14344.41407837207,14130.318374240549,14258.7763671875,5840,0.0,0.0,0.0
2013-11-25 00:00:00+09:00,14301.594747389752,14387.233409354387,14215.957036205182,14258.7763671875,16797,0.0,0.0,0.0
2013-11-26 00:00:00+09:00,14387.2333984375,14430.052729387327,14258.776356368086,14387.2333984375,22042,0.0,0.0,0.0
2013-11-27 00:00:00+09:00,14387.2333984375,14558.509771456742,14301.594736537849,14387.2333984375,20425,0.0,0.0,0.0
2013-11-28 00:00:00+09:00,14387.233392674367,14686.967758423023,14387.233392674367,14558.509765625,15963,0.0,0.0,0.0
2013-11-29 00:00:00+09:00,14515.69142996346,14558.510763832051,14344.41504526923,14472.873046875,63734,0.0,0.0,0.0
2013-12-02 00:00:00+09:00,14644.148433356395,14644.148433356395,14301.594736537849,14387.2333984375,26721,0.0,0.0,0.0
2013-12-03 00:00:00+09:00,14430.052729387327,14472.872060337153,14258.776356368086,14387.2333984375,25741,0.0,0.0,0.0
2013-12-04 00:00:00+09:00,14387.23437913782,14515.69142996346,14258.777328312179,14472.873046875,60770,0.0,0.0,0.0
2013-12-05 00:00:00+09:00,14430.052723607041,14558.509765625,14344.414061741692,14558.509765625,35337,0.0,0.0,0.0
2013-12-06 00:00:00+09:00,14558.509760605411,14644.148422441232,14472.872049549653,14515.6904296875,19717,0.0,0.0,0.0
2013-12-09 00:00:00+09:00,14515.6904296875,14644.148422441232,14387.233387713832,14515.6904296875,17447,0.0,0.0,0.0
2013-12-10 00:00:00+09:00,14430.05371300641,14515.69142996346,14344.41504526923,14472.873046875,24650,0.0,0.0,0.0
2013-12-11 00:00:00+09:00,14558.509765625,14901.063462306329,14472.872054539715,14558.509765625,24802,0.0,0.0,0.0
2013-12-12 00:00:00+09:00,14430.052723607041,14686.967758423023,14430.052723607041,14558.509765625,12663,0.0,0.0,0.0
2013-12-13 00:00:00+09:00,14686.966781167039,14729.785158470559,14515.689468832963,14601.328125,23857,0.0,0.0,0.0
2013-12-16 00:00:00+09:00,14644.1484375,14901.063472491589,14644.1484375,14644.1484375,19908,0.0,0.0,0.0
2013-12-17 00:00:00+09:00,14644.148426738635,14858.24413061095,14558.509764877683,14772.60546875,39379,0.0,0.0,0.0
2013-12-18 00:00:00+09:00,14815.424794644341,14815.424794644341,14686.967752676643,14729.7861328125,20867,0.0,0.0,0.0
2013-12-19 00:00:00+09:00,14815.424794644341,14901.063456476182,14729.7861328125,14729.7861328125,31030,0.0,0.0,0.0
2013-12-20 00:00:00+09:00,14815.42481558678,14815.42481558678,14686.9677734375,14686.9677734375,96843,0.0,0.0,0.0
2013-12-23 00:00:00+09:00,14729.7861328125,14901.063456476182,14729.7861328125,14729.7861328125,47345,0.0,0.0,0.0
2013-12-24 00:00:00+09:00,14772.605484610332,14815.42481558678,14558.509780508155,14686.9677734375,37216,0.0,0.0,0.0
2013-12-26 00:00:00+09:00,14601.329111484603,14772.605484610332,14558.509780508155,14686.9677734375,53371,0.0,0.0,0.0
2013-12-27 00:00:00+09:00,14712.41921527887,15228.643797336183,14712.41921527887,15099.587890625,32033,70.0,0.0,0.0
2013-12-30 00:00:00+09:00,15013.548189130748,15443.735767060498,15013.548189130748,15400.7177734375,37088,0.0,0.0,0.0
2014-01-02 00:00:00+09:00,15572.793457945652,17078.45101755112,15572.793457945652,16777.318359375,184769,0.0,0.0,0.0
2014-01-03 00:00:00+09:00,16820.338690645414,17035.433464133945,16433.17000879126,16734.30078125,101376,0.0,0.0,0.0
2014-01-06 00:00:00+09:00,16777.317940067805,17207.505530571467,16734.29898997494,17035.431640625,78985,0.0,0.0,0.0
2014-01-07 00:00:00+09:00,16949.394064310763,17207.505859375,16777.318260651253,17207.505859375,78663,0.0,0.0,0.0
2014-01-08 00:00:00+09:00,17379.583051941798,18024.86354638316,17293.545143236235,17895.80859375,119807,0.0,0.0,0.0
2014-01-09 00:00:00+09:00,17852.78918464475,17852.78918464475,17336.56365598602,17422.6015625,81563,0.0,0.0,0.0
2014-01-10 00:00:00+09:00,17422.6015625,17422.6015625,16777.319174070308,17422.6015625,85287,0.0,0.0,0.0
2014-01-13 00:00:00+09:00,17422.60019075505,17637.69302967981,17336.56229101515,17465.619140625,42953,0.0,0.0,0.0
2014-01-14 00:00:00+09:00,17680.712783609073,17809.769639087994,17121.468320292162,17379.58203125,42476,0.0,0.0,0.0
2014-01-15 00:00:00+09:00,17207.5054414053,17637.69302967981,16906.374702740643,17465.619140625,46273,0.0,0.0,0.0
2014-01-16 00:00:00+09:00,17293.544127597386,17594.67487995646,17207.506223944773,17379.58203125,29414,0.0,0.0,0.0
2014-01-17 00:00:00+09:00,17465.61848549306,17895.80605763132,17250.523744211474,17852.787109375,73003,0.0,0.0,0.0
2014-01-20 00:00:00+09:00,17723.73277633887,18196.939363794292,17594.675913280524,17895.80859375,122027,0.0,0.0,0.0
2014-01-21 00:00:00+09:00,17981.84375,18196.936578414767,17723.730063392406,17981.84375,40718,0.0,0.0,0.0
2014-01-22 00:00:00+09:00,17809.770328859857,17981.846142829578,17637.69451489014,17723.732421875,23302,0.0,0.0,0.0
2014-01-23 00:00:00+09:00,17809.770328859857,17895.808235844717,17465.62061134557,17723.732421875,15265,0.0,0.0,0.0
2014-01-24 00:00:00+09:00,17723.7326476105,18498.06999948616,17637.694739529834,18325.99609375,78258,0.0,0.0,0.0
2014-01-27 00:00:00+09:00,17895.80696802096,18282.975611598817,17809.769067131434,18067.880859375,44139,0.0,0.0,0.0
2014-01-28 00:00:00+09:00,18110.899809819763,18153.918760264525,17723.731166241905,18067.880859375,30467,0.0,0.0,0.0
2014-01-29 00:00:00+09:00,18325.995831401677,18498.06973467449,18110.901064279227,18455.05078125,24416,0.0,0.0,0.0
2014-02-03 00:00:00+09:00,18455.049409148894,18670.14416027942,18196.937618217267,18498.068359375,27761,0.0,0.0,0.0
2014-02-04 00:00:00+09:00,18153.917184702623,18369.011918258562,17895.805414860344,18239.955078125,32876,0.0,0.0,0.0
2014-02-05 00:00:00+09:00,18325.994058424425,18885.23848841266,18325.994058424425,18756.181640625,53821,0.0,0.0,0.0
2014-02-06 00:00:00+09:00,18928.2578125,19186.371539237953,18541.089132818262,18928.2578125,23584,0.0,0.0,0.0
2014-02-07 00:00:00+09:00,19014.296073867525,19186.37189488248,18498.070521247893,19100.333984375,33536,0.0,0.0,0.0
2014-02-10 00:00:00+09:00,18928.256696540004,19057.31355230013,18799.201751204957,18842.220703125,26533,0.0,0.0,0.0
2014-02-11 00:00:00+09:00,18670.14599618724,18928.2578125,18627.127041730913,18928.2578125,62908,0.0,0.0,0.0
2014-02-12 00:00:00+09:00,19229.390493694278,19229.390493694278,18842.22181401254,18928.2578125,46885,0.0,0.0,0.0
2014-02-13 00:00:00+09:00,19057.31355230013,19057.31355230013,18842.220703125,18842.220703125,27397,0.0,0.0,0.0
2014-02-14 00:00:00+09:00,18928.25568768152,19874.668758629345,18842.219698852154,19788.630859375,131645,0.0,0.0,0.0
2014-02-17 00:00:00+09:00,19659.578433672963,19917.690254001125,19659.578433672963,19831.65234375,56220,0.0,0.0,0.0
2014-02-18 00:00:00+09:00,19831.650179954468,20132.782832977377,19616.557338220264,19960.70703125,69130,0.0,0.0,0.0
2014-02-19 00:00:00+09:00,20046.74455713803,20046.74455713803,19616.55697129129,19788.630859375,49043,0.0,0.0,0.0
2014-02-20 00:00:00+09:00,19917.687708256515,20046.74455713803,19616.55697129129,19788.630859375,58177,0.0,0.0,0.0
2014-02-21 00:00:00+09:00,20003.726295700126,20003.726295700126,19100.33214329996,19401.462890625,94635,0.0,0.0,0.0
2014-02-24 00:00:00+09:00,19315.42840260693,19315.42840260693,18412.034179874474,18928.2578125,121822,0.0,0.0,0.0
2014-02-25 00:00:00+09:00,19057.31401656669,19315.427734375,18928.25715766253,19315.427734375,89604,0.0,0.0,0.0
2014-02-26 00:00:00+09:00,19315.426898835733,19831.650491271506,19100.33214329996,19401.462890625,63943,0.0,0.0,0.0
2014-02-27 00:00:00+09:00,19401.46222315543,19874.668758629345,19401.46222315543,19788.630859375,51080,0.0,0.0,0.0
2014-02-28 00:00:00+09:00,19960.708762510923,20562.972210368105,19788.63294585882,20089.765625,58136,0.0,0.0,0.0
2014-03-03 00:00:00+09:00,20089.76536212479,20605.99089490109,19831.651640524058,20218.8203125,33545,0.0,0.0,0.0
2014-03-04 00:00:00+09:00,20304.855715710186,20390.893612300257,20132.781832954966,20175.80078125,14318,0.0,0.0,0.0
2014-03-05 00:00:00+09:00,20304.859528300643,20390.897441045825,19788.633962254815,19874.671875,52719,0.0,0.0,0.0
2014-03-06 00:00:00+09:00,19831.649809002174,20003.72560751086,19702.594870545636,19788.630859375,39828,0.0,0.0,0.0
2014-03-07 00:00:00+09:00,19788.632376202182,20390.89580672197,19745.61533370267,20046.74609375,21738,0.0,0.0,0.0
2014-03-10 00:00:00+09:00,20433.91534787903,20562.972210368105,19874.67085418487,20089.765625,25342,0.0,0.0,0.0
2014-03-11 00:00:00+09:00,20304.85893970598,20304.85893970598,19788.633388624436,19831.65234375,28735,0.0,0.0,0.0
2014-03-12 00:00:00+09:00,19616.556333524855,19831.649164242717,18885.23803448925,19014.29296875,101045,0.0,0.0,0.0
2014-03-13 00:00:00+09:00,19100.331935288435,19702.595333804635,19057.31298464978,19530.51953125,92875,0.0,0.0,0.0
2014-03-14 00:00:00+09:00,19186.369222825575,19272.407121350683,18756.181640625,18756.181640625,91169,0.0,0.0,0.0
2014-03-17 00:00:00+09:00,18928.255527250254,19530.51890650104,18412.031956949533,18756.181640625,52054,0.0,0.0,0.0
2014-03-18 00:00:00+09:00,19272.40762225565,19358.44361259194,18584.106326590263,19229.388671875,34072,0.0,0.0,0.0
2014-03-19 00:00:00+09:00,19143.352939628738,19272.409805389954,18799.20320802406,19100.333984375,32686,0.0,0.0,0.0
2014-03-20 00:00:00+09:00,18971.274020521447,19358.442644153525,18541.086448660808,19014.29296875,43579,0.0,0.0,0.0
2014-03-21 00:00:00+09:00,19014.294390429444,19702.595703125,19014.294390429444,19702.595703125,50754,0.0,0.0,0.0
2014-03-24 00:00:00+09:00,19917.688057115374,20175.801759399274,19229.388671875,19229.388671875,42617,0.0,0.0,0.0
2014-03-25 00:00:00+09:00,19401.461592382082,19401.461592382082,18756.181189803585,19014.29296875,38720,0.0,0.0,0.0
2014-03-26 00:00:00+09:00,19186.370514659055,19229.38946681811,18928.256801704734,19143.3515625,27249,0.0,0.0,0.0
2014-03-27 00:00:00+09:00,19143.349813435667,19229.387709892777,18928.25507229289,19014.29296875,22154,0.0,0.0,0.0
2014-03-28 00:00:00+09:00,19014.296218599255,19014.296218599255,18627.12752879381,18670.146484375,20876,0.0,0.0,0.0
2014-03-31 00:00:00+09:00,19272.408533464797,19272.408533464797,18627.126157670784,18713.1640625,13932,0.0,0.0,0.0
2014-04-01 00:00:00+09:00,18584.106326590263,19229.388671875,18584.106326590263,19229.388671875,21016,0.0,0.0,0.0
2014-04-02 00:00:00+09:00,19444.482565417355,19745.615234375,19014.294948760114,19745.615234375,97260,0.0,0.0,0.0
2014-04-03 00:00:00+09:00,19831.651449250916,19874.670402436128,19444.48278100916,19616.55859375,72477,0.0,0.0,0.0
2014-04-04 00:00:00+09:00,19788.63227665812,19874.67018207459,19444.482565417355,19745.615234375,37827,0.0,0.0,0.0
2014-04-07 00:00:00+09:00,19315.428760643692,19530.521626487156,18928.25816336005,19100.333984375,19878,0.0,0.0,0.0
2014-04-08 00:00:00+09:00,19100.331242468506,19358.443026513036,18928.255446155523,19186.369140625,8218,0.0,0.0,0.0
2014-04-09 00:00:00+09:00,19358.44475351351,19358.44475351351,18584.107421875,18584.107421875,21863,0.0,0.0,0.0
2014-04-10 00:00:00+09:00,18498.070662050253,19057.315174180443,18498.070662050253,18670.146484375,9835,0.0,0.0,0.0
2014-04-11 00:00:00+09:00,18670.146484375,19100.334129761628,18627.12752879381,18670.146484375,10660,0.0,0.0,0.0
2014-04-14 00:00:00+09:00,18584.106842199195,18928.256544367683,18498.068939050805,18541.087890625,16867,0.0,0.0,0.0
2014-04-15 00:00:00+09:00,18455.049567120295,19014.29401442167,18455.049567120295,18799.201171875,6160,0.0,0.0,0.0
2014-04-16 00:00:00+09:00,18713.164280623125,18756.183233539166,18412.033520635952,18584.107421875,29338,0.0,0.0,0.0
2014-04-17 00:00:00+09:00,18498.07013383858,18541.089088191362,17637.694867633305,17895.80859375,75114,0.0,0.0,0.0
2014-04-18 00:00:00+09:00,17766.75230205506,18239.958904728395,17766.75230205506,17938.828125,17250,0.0,0.0,0.0
2014-04-21 00:00:00+09:00,17938.827417812172,18369.015047790333,17637.694739529834,18325.99609375,14757,0.0,0.0,0.0
2014-04-22 00:00:00+09:00,18455.051270083604,18455.051270083604,17981.84659073036,18196.939453125,7478,0.0,0.0,0.0
2014-04-23 00:00:00+09:00,17981.84375,18196.936578414767,17852.7869066962,17981.84375,18656,0.0,0.0,0.0
2014-04-24 00:00:00+09:00,17981.846142829578,18024.86318589686,17723.732421875,17723.732421875,16360,0.0,0.0,0.0
2014-04-25 00:00:00+09:00,17852.78837183721,17852.78837183721,17508.638671875,17508.638671875,20126,0.0,0.0,0.0
2014-04-28 00:00:00+09:00,17293.544022885137,17895.807434381655,17293.544022885137,17809.76953125,22468,0.0,0.0,0.0
2014-04-29 00:00:00+09:00,17379.58135896495,17852.787900324456,17379.58135896495,17766.75,14164,0.0,0.0,0.0
2014-04-30 00:00:00+09:00,17809.770328859857,18067.882139389287,17508.639564838002,17723.732421875,23473,0.0,0.0,0.0
2014-05-02 00:00:00+09:00,17637.69372498669,17981.84533751331,17508.63878071427,17809.76953125,25663,0.0,0.0,0.0
2014-05-07 00:00:00+09:00,17637.69216785654,18196.936578414767,17637.69216785654,17981.84375,16494,0.0,0.0,0.0
2014-05-08 00:00:00+09:00,18239.958318147073,18325.99622685264,17852.78963939722,17895.80859375,19035,0.0,0.0,0.0
2014-05-09 00:00:00+09:00,17852.78963939722,18067.882500735945,17680.71382198609,17895.80859375,17182,0.0,0.0,0.0
2014-05-12 00:00:00+09:00,18067.880277183587,18067.880277183587,17723.73059513984,18024.861328125,17207,0.0,0.0,0.0
2014-05-13 00:00:00+09:00,18024.86034456906,18325.992971547377,17981.843308282718,18239.955078125,12283,0.0,0.0,0.0
2014-05-14 00:00:00+09:00,18239.95749636442,18713.1640625,18067.88168670599,18713.1640625,24392,0.0,0.0,0.0
2014-05-15 00:00:00+09:00,18670.14546817647,19659.577571839425,18670.14546817647,18885.240234375,65657,0.0,0.0,0.0
2014-05-16 00:00:00+09:00,18842.222306699747,19358.44595282351,18110.90197224481,18670.146484375,32387,0.0,0.0,0.0
2014-05-19 00:00:00+09:00,18885.240768468866,19186.371539237953,18842.22181401254,18928.2578125,36299,0.0,0.0,0.0
2014-05-20 00:00:00+09:00,18498.068150777028,18885.238698445948,18412.032161720024,18627.125,23747,0.0,0.0,0.0
2014-05-21 00:00:00+09:00,18627.125,18928.25573776196,18455.049201036036,18627.125,9516,0.0,0.0,0.0
2014-05-22 00:00:00+09:00,18756.183233539166,18756.183233539166,18412.033520635952,18584.107421875,15248,0.0,0.0,0.0
2014-05-23 00:00:00+09:00,18325.994721056963,18756.18231881229,18325.994721056963,18369.013671875,13529,0.0,0.0,0.0
2014-05-26 00:00:00+09:00,18196.938971128206,18627.12659494796,18196.938971128206,18455.05078125,19354,0.0,0.0,0.0
2014-05-27 00:00:00+09:00,18541.088368168013,18670.145226214576,18110.900751771253,18282.9765625,13401,0.0,0.0,0.0
2014-05-28 00:00:00+09:00,18498.068359375,18498.068359375,18282.97551866948,18498.068359375,11065,0.0,0.0,0.0
2014-05-29 00:00:00+09:00,18627.124357138877,18627.124357138877,17852.787109375,17852.787109375,44454,0.0,0.0,0.0
2014-05-30 00:00:00+09:00,17895.808207581922,19186.37107904118,17895.808207581922,18455.05078125,15905,0.0,0.0,0.0
2014-06-02 00:00:00+09:00,18455.049502952854,18455.049502952854,18024.861908930237,18067.880859375,11396,0.0,0.0,0.0
2014-06-03 00:00:00+09:00,18067.88101614875,18369.013671875,18024.862065330715,18369.013671875,46570,0.0,0.0,0.0
2014-06-05 00:00:00+09:00,18239.957953359004,18239.957953359004,17551.65851833043,17723.732421875,44552,0.0,0.0,0.0
2014-06-09 00:00:00+09:00,17766.749625143322,18024.861410245845,17250.524144513318,17594.673828125,28289,0.0,0.0,0.0
2014-06-10 00:00:00+09:00,17594.675465102817,17723.73232487378,17379.58260924301,17422.6015625,12580,0.0,0.0,0.0
2014-06-11 00:00:00+09:00,17551.6570403649,17938.82567876946,17250.524391275252,17465.619140625,8902,0.0,0.0,0.0
2014-06-12 00:00:00+09:00,17594.674408700914,17637.693359375,17379.5815657555,17637.693359375,8536,0.0,0.0,0.0
2014-06-13 00:00:00+09:00,17680.71346838257,17766.75137536743,17465.62061134557,17723.732421875,5543,0.0,0.0,0.0
2014-06-16 00:00:00+09:00,17551.6570403649,17680.71197954976,17293.543341145203,17465.619140625,7315,0.0,0.0,0.0
2014-06-17 00:00:00+09:00,17465.61889078622,17680.711726634163,17379.58099227706,17594.673828125,10952,0.0,0.0,0.0
2014-06-18 00:00:00+09:00,17508.639250405136,17680.71315085948,17379.582392245546,17551.658203125,12406,0.0,0.0,0.0
2014-06-19 00:00:00+09:00,17465.61966763823,17508.638618806246,16777.318359375,16777.318359375,38709,0.0,0.0,0.0
2014-06-20 00:00:00+09:00,16777.318148120987,17121.46784270667,16777.318148120987,16906.375,25943,0.0,0.0,0.0
2014-06-23 00:00:00+09:00,17207.505070862822,17293.54296875,16992.41223656982,17293.54296875,60798,0.0,0.0,0.0
2014-06-24 00:00:00+09:00,17250.526743645492,18196.939948992163,17250.526743645492,17938.828125,15154,0.0,0.0,0.0
2014-06-25 00:00:00+09:00,17938.828125,17981.847080736236,17637.69543484636,17938.828125,124221,0.0,0.0,0.0
2014-06-26 00:00:00+09:00,17981.846371852505,18369.015047790333,17809.77055569117,18325.99609375,12246,0.0,0.0,0.0
2014-06-27 00:00:00+09:00,18325.994721056963,18369.013671875,18196.937868602858,18369.013671875,8316,0.0,0.0,0.0
2014-06-30 00:00:00+09:00,18928.25830743688,18928.25830743688,18369.015705731934,18670.146484375,22926,0.0,0.0,0.0
2014-07-01 00:00:00+09:00,18756.183014914608,18842.22091974382,18325.995401193635,18713.1640625,13648,0.0,0.0,0.0
2014-07-02 00:00:00+09:00,18670.146484375,18885.241262280935,18627.12752879381,18670.146484375,19919,0.0,0.0,0.0
2014-07-03 00:00:00+09:00,18584.10641890331,18928.256113232994,18584.10641890331,18799.201171875,8557,0.0,0.0,0.0
2014-07-04 00:00:00+09:00,18928.257591264453,19143.35236103203,18799.202639829076,19057.314453125,12405,0.0,0.0,0.0
2014-07-07 00:00:00+09:00,18928.257591264453,19229.390268939063,18842.221593782593,19057.314453125,12972,0.0,0.0,0.0
2014-07-08 00:00:00+09:00,19444.48268285403,19444.48268285403,18541.088491375187,19315.427734375,13851,0.0,0.0,0.0
2014-07-09 00:00:00+09:00,19358.443026513036,19358.443026513036,18799.200509345734,19186.369140625,29659,0.0,0.0,0.0
2014-07-10 00:00:00+09:00,19057.315029121262,19272.409805389954,18842.2221632778,19100.333984375,16882,0.0,0.0,0.0
2014-07-11 00:00:00+09:00,19100.332504220172,19143.351456140215,18627.125943524792,18842.220703125,56276,0.0,0.0,0.0
2014-07-14 00:00:00+09:00,18928.25601921045,19315.426572636297,18756.18212811286,19229.388671875,27087,0.0,0.0,0.0
2014-07-15 00:00:00+09:00,19315.42840260693,19315.42840260693,18799.202859556215,18928.2578125,21326,0.0,0.0,0.0
2014-07-16 00:00:00+09:00,19057.314675868976,19057.314675868976,18541.089132818262,18928.2578125,16859,0.0,0.0,0.0
2014-07-17 00:00:00+09:00,18799.201967329216,19014.294818977152,18627.126157670784,18713.1640625,14932,0.0,0.0,0.0
2014-07-18 00:00:00+09:00,18498.070178361933,19100.3336303253,18498.070178361933,18928.2578125,9753,0.0,0.0,0.0
2014-07-21 00:00:00+09:00,19100.33309014839,19100.33309014839,18670.14546817647,18885.240234375,6691,0.0,0.0,0.0
2014-07-22 00:00:00+09:00,18928.256696540004,18928.256696540004,18713.163847364875,18842.220703125,9300,0.0,0.0,0.0
2014-07-23 00:00:00+09:00,18756.18206073163,18799.201010957735,18325.994468895584,18498.068359375,33732,0.0,0.0,0.0
2014-07-24 00:00:00+09:00,18670.145815647495,18670.145815647495,18024.863415467666,18325.99609375,22088,0.0,0.0,0.0
2014-07-25 00:00:00+09:00,18412.03236934779,18498.068359375,18067.880767538954,18498.068359375,6751,0.0,0.0,0.0
2014-07-28 00:00:00+09:00,18670.14441717622,18670.14441717622,18024.862065330715,18369.013671875,18234,0.0,0.0,0.0
2014-07-29 00:00:00+09:00,18067.880955690853,18110.899906364943,17465.619467103672,17637.693359375,47591,0.0,0.0,0.0
2014-07-30 00:00:00+09:00,17637.693242294663,18024.861885366372,17164.4866984459,17336.5625,71986,0.0,0.0,0.0
2014-07-31 00:00:00+09:00,17422.60061394939,17594.67450718387,17035.43196614052,17207.505859375,63610,0.0,0.0,0.0
2014-08-01 00:00:00+09:00,17207.505859375,17465.61956486427,17078.4509170554,17207.505859375,61352,0.0,0.0,0.0
2014-08-04 00:00:00+09:00,17422.59981558077,17422.59981558077,16820.336440795465,17293.54296875,31319,0.0,0.0,0.0
2014-08-05 00:00:00+09:00,17379.58305302735,17379.58305302735,16863.357511186903,17164.48828125,30785,0.0,0.0,0.0
2014-08-06 00:00:00+09:00,17164.486491535354,17551.6570403649,16992.41260248054,17465.619140625,11624,0.0,0.0,0.0
2014-08-07 00:00:00+09:00,17680.713823090446,17895.808594867794,17035.43332860878,17164.48828125,20791,0.0,0.0,0.0
2014-08-08 00:00:00+09:00,17422.600716470213,17422.600716470213,16734.29940820698,16777.318359375,36678,0.0,0.0,0.0
2014-08-11 00:00:00+09:00,16820.33800976299,17121.468770032043,16347.131437668688,16390.150390625,33052,0.0,0.0,0.0
2014-08-12 00:00:00+09:00,16519.206772964753,16777.31857283175,15615.812607792657,15916.943359375,41674,0.0,0.0,0.0
2014-08-13 00:00:00+09:00,15916.942759060483,17035.431640625,15658.830968928283,17035.431640625,42703,0.0,0.0,0.0
2014-08-14 00:00:00+09:00,17164.487842958068,17594.675465102817,17164.487842958068,17422.6015625,26908,0.0,0.0,0.0
2014-08-18 00:00:00+09:00,17422.6015625,17508.639469013975,17121.46888970108,17422.6015625,13690,0.0,0.0,0.0
2014-08-19 00:00:00+09:00,17422.602007382815,17465.620961738285,17035.43332860878,17164.48828125,15916,0.0,0.0,0.0
2014-08-20 00:00:00+09:00,17078.4496234383,17250.523503638942,16519.20521433021,16820.3359375,32658,0.0,0.0,0.0
2014-08-21 00:00:00+09:00,16562.225416501893,17293.543761204757,16562.225416501893,17207.505859375,12436,0.0,0.0,0.0
2014-08-22 00:00:00+09:00,17379.5812408851,17465.619140625,17164.486491535354,17465.619140625,22697,0.0,0.0,0.0
2014-08-25 00:00:00+09:00,17637.694867633305,17981.846502455566,16777.319601428033,17895.80859375,49216,0.0,0.0,0.0
2014-08-26 00:00:00+09:00,18024.861410245845,18024.861410245845,17250.524144513318,17594.673828125,21469,0.0,0.0,0.0
2014-08-27 00:00:00+09:00,17465.619829148443,17981.84533751331,17465.619829148443,17809.76953125,30111,0.0,0.0,0.0
2014-08-28 00:00:00+09:00,17809.769162071352,17938.826014093615,17551.657368451848,17637.693359375,7088,0.0,0.0,0.0
2014-08-29 00:00:00+09:00,17336.56191769359,17637.69264987377,17293.54296875,17293.54296875,10921,0.0,0.0,0.0
2014-09-01 00:00:00+09:00,17207.506438262895,17551.65805715973,17035.432539239577,17250.525390625,18697,0.0,0.0,0.0
2014-09-02 00:00:00+09:00,17465.61956486427,17465.61956486427,17207.505859375,17207.505859375,13940,0.0,0.0,0.0
2014-09-03 00:00:00+09:00,17164.485652834177,17981.84375,17164.485652834177,17981.84375,26400,0.0,0.0,0.0
2014-09-04 00:00:00+09:00,17981.846044415714,17981.846044415714,17164.487842958068,17422.6015625,36584,0.0,0.0,0.0
2014-09-05 00:00:00+09:00,17422.59994153164,17637.69277737958,17336.562043022477,17594.673828125,5002,0.0,0.0,0.0
2014-09-11 00:00:00+09:00,17766.750725974114,18842.220703125,17637.69387021399,18842.220703125,53727,0.0,0.0,0.0
2014-09-12 00:00:00+09:00,18928.25507229289,19057.311916978557,18584.105396889365,19014.29296875,45567,0.0,0.0,0.0
2014-09-15 00:00:00+09:00,18627.124345117918,19100.33086520711,18024.860980343063,19014.29296875,45620,0.0,0.0,0.0
2014-09-16 00:00:00+09:00,19014.29449306157,19315.42715480224,18756.182693423205,19272.408203125,32575,0.0,0.0,0.0
2014-09-17 00:00:00+09:00,19186.370299770522,19358.44419605441,19014.29449306157,19272.408203125,28101,0.0,0.0,0.0
2014-09-18 00:00:00+09:00,19272.40841897716,19358.44441287018,18928.256801704734,19143.3515625,17972,0.0,0.0,0.0
2014-09-19 00:00:00+09:00,19143.351348093285,19315.42715480224,18799.201645100442,19272.408203125,46853,0.0,0.0,0.0
2014-09-22 00:00:00+09:00,19100.33224463114,19444.48194488912,18928.25643928962,18971.275390625,18787,0.0,0.0,0.0
2014-09-23 00:00:00+09:00,18971.27654521797,19229.390268939063,18842.221593782593,19057.314453125,15905,0.0,0.0,0.0
2014-09-24 00:00:00+09:00,18842.220703125,18971.275648460047,18584.10699160475,18842.220703125,18435,0.0,0.0,0.0
2014-09-25 00:00:00+09:00,18842.220122469338,18928.256113232994,18670.144320091986,18799.201171875,6989,0.0,0.0,0.0
2014-09-26 00:00:00+09:00,18799.201862267626,18799.201862267626,18412.033203125,18412.033203125,13725,0.0,0.0,0.0
2014-09-29 00:00:00+09:00,18885.2403154949,18885.2403154949,18196.938971128206,18455.05078125,13458,0.0,0.0,0.0
2014-09-30 00:00:00+09:00,18455.048995787125,18842.219539150108,18282.97510916187,18756.181640625,9075,0.0,0.0,0.0
2014-10-01 00:00:00+09:00,19186.369222825575,19186.369222825575,18369.01300768698,18756.181640625,14946,0.0,0.0,0.0
2014-10-02 00:00:00+09:00,18455.048552203698,19057.311916978557,18369.012566171503,19014.29296875,34721,0.0,0.0,0.0
2014-10-06 00:00:00+09:00,19315.428176846093,19315.428176846093,18928.257591264453,19057.314453125,24987,0.0,0.0,0.0
2014-10-07 00:00:00+09:00,19057.314453125,19186.371314985547,18885.24054773611,19057.314453125,21372,0.0,0.0,0.0
2014-10-08 00:00:00+09:00,19014.29401442167,19014.29401442167,18498.068517714633,18799.201171875,12501,0.0,0.0,0.0
2014-10-10 00:00:00+09:00,18928.256696540004,18928.256696540004,18325.995190509577,18842.220703125,9685,0.0,0.0,0.0
2014-10-13 00:00:00+09:00,18842.21996118384,18842.21996118384,18239.956568443373,18498.068359375,26732,0.0,0.0,0.0
2014-10-14 00:00:00+09:00,18067.883016663625,18756.184395537373,18067.883016663625,18670.146484375,11497,0.0,0.0,0.0
2014-10-15 00:00:00+09:00,18756.18212811286,19702.595215637135,18196.937683589425,19229.388671875,15144,0.0,0.0,0.0
2014-10-16 00:00:00+09:00,19702.594703551258,19702.594703551258,18670.143742099892,18756.181640625,9904,0.0,0.0,0.0
2014-10-17 00:00:00+09:00,18842.219539150108,18971.274476512808,18541.086894312233,18756.181640625,14877,0.0,0.0,0.0
2014-10-20 00:00:00+09:00,18670.14416027942,18799.201010957735,18282.97551866948,18498.068359375,12645,0.0,0.0,0.0
2014-10-21 00:00:00+09:00,18541.085794678467,18541.085794678467,17766.74857472678,18239.955078125,28703,0.0,0.0,0.0
2014-10-22 00:00:00+09:00,18412.033203125,18541.088149222483,18067.881585731473,18412.033203125,22379,0.0,0.0,0.0
2014-10-23 00:00:00+09:00,18196.939363794292,18455.0511794858,17809.770685044437,17895.80859375,25538,0.0,0.0,0.0
2014-10-24 00:00:00+09:00,18067.882500735945,18196.939363794292,17680.71382198609,17895.80859375,18312,0.0,0.0,0.0
2014-10-27 00:00:00+09:00,18325.99514974677,18325.99514974677,17680.71278280653,18110.900390625,10586,0.0,0.0,0.0
2014-10-28 00:00:00+09:00,18369.01257802589,18369.01257802589,17594.673419837098,17852.787109375,12553,0.0,0.0,0.0
2014-10-29 00:00:00+09:00,17938.825005887633,17981.84395414395,17379.580588980425,17852.787109375,18988,0.0,0.0,0.0
2014-10-30 00:00:00+09:00,17852.787900324456,18110.89969087282,17766.75,17766.75,15990,0.0,0.0,0.0
2014-10-31 00:00:00+09:00,18024.861885366372,18024.861885366372,16949.393856928287,17336.5625,45439,0.0,0.0,0.0
2014-11-03 00:00:00+09:00,17422.602007382815,17766.751731801385,16992.41437425331,17164.48828125,19830,0.0,0.0,0.0
2014-11-04 00:00:00+09:00,17422.600497091033,17465.61944771737,16906.375,16906.375,12812,0.0,0.0,0.0
2014-11-05 00:00:00+09:00,17035.431733473317,17895.806919169947,16347.130438661006,16605.244140625,33698,0.0,0.0,0.0
2014-11-06 00:00:00+09:00,17121.46875,17121.46875,16002.981705719905,17121.46875,22950,0.0,0.0,0.0
2014-11-07 00:00:00+09:00,17121.469463104153,17121.469463104153,16132.039236332519,16734.30078125,30148,0.0,0.0,0.0
2014-11-10 00:00:00+09:00,16734.299294834385,16734.299294834385,15486.755450688961,16476.1875,60698,0.0,0.0,0.0
2014-11-11 00:00:00+09:00,16347.130966103376,17121.46827612944,15787.887459441501,15916.943359375,54864,0.0,0.0,0.0
2014-11-12 00:00:00+09:00,16046.00046540748,16648.263888413894,15701.849801516308,16519.20703125,43788,0.0,0.0,0.0
2014-11-13 00:00:00+09:00,16777.318359375,16777.318359375,16347.130758119873,16777.318359375,30307,0.0,0.0,0.0
2014-11-14 00:00:00+09:00,17207.505236330766,17207.505236330766,15873.924492743054,16433.16796875,42932,0.0,0.0,0.0
2014-11-17 00:00:00+09:00,16175.05645484786,16433.168244903944,16045.99960460732,16089.0185546875,12929,0.0,0.0,0.0
2014-11-18 00:00:00+09:00,16132.037953729392,16347.130799691424,15744.868347445168,15830.90625,18723,0.0,0.0,0.0
2014-11-19 00:00:00+09:00,16045.999696794686,16605.244140625,15830.90590037053,16605.244140625,24736,0.0,0.0,0.0
2014-11-20 00:00:00+09:00,16562.226424735753,16562.226424735753,16002.981939223078,16261.09375,23742,0.0,0.0,0.0
2014-11-21 00:00:00+09:00,16347.131152535061,16347.131152535061,15916.943540900587,16002.9814453125,9511,0.0,0.0,0.0
2014-11-24 00:00:00+09:00,16046.000214521033,16046.000214521033,15744.868507726156,15916.943359375,13957,0.0,0.0,0.0
2014-11-25 00:00:00+09:00,16132.037405941364,16132.037405941364,15572.79296875,15572.79296875,20418,0.0,0.0,0.0
2014-11-26 00:00:00+09:00,15615.811875174079,16002.980512023025,15486.755026082768,15787.88671875,10346,0.0,0.0,0.0
2014-11-27 00:00:00+09:00,15787.887639495264,16175.057254136325,15701.849735083351,16002.9814453125,13527,0.0,0.0,0.0
2014-11-28 00:00:00+09:00,15830.906411156844,16089.019166236378,15701.849556010811,15916.943359375,6882,0.0,0.0,0.0
2014-12-01 00:00:00+09:00,15916.943359375,15916.943359375,15572.793656077312,15916.943359375,10128,0.0,0.0,0.0
2014-12-02 00:00:00+09:00,15701.849213286132,15787.88711483887,15615.812266945908,15744.8681640625,13963,0.0,0.0,0.0
2014-12-03 00:00:00+09:00,15572.792925476975,15787.88671875,15486.755026082768,15787.88671875,26152,0.0,0.0,0.0
2014-12-04 00:00:00+09:00,15615.811562402376,15744.867453696312,15185.623984472624,15400.7177734375,38260,0.0,0.0,0.0
2014-12-05 00:00:00+09:00,15529.77556834518,15701.850429567234,15271.662798905807,15615.8134765625,24487,0.0,0.0,0.0
2014-12-08 00:00:00+09:00,15744.868507726156,15916.943359375,15486.755752646623,15916.943359375,26889,0.0,0.0,0.0
2014-12-09 00:00:00+09:00,15787.88676262072,15787.88676262072,15443.736119300074,15572.79296875,12183,0.0,0.0,0.0
2014-12-10 00:00:00+09:00,15572.79296875,15658.830868383286,15400.718124695924,15572.79296875,6677,0.0,0.0,0.0
2014-12-11 00:00:00+09:00,15572.79296875,15658.830868383286,15228.642325429355,15572.79296875,12636,0.0,0.0,0.0
2014-12-12 00:00:00+09:00,15615.811918566642,15658.830868383286,15271.661275245997,15572.79296875,11311,0.0,0.0,0.0
2014-12-15 00:00:00+09:00,15658.830868383286,15658.830868383286,15228.642325429355,15572.79296875,11649,0.0,0.0,0.0
2014-12-16 00:00:00+09:00,15744.868025700802,15744.868025700802,15314.680432142515,15443.736328125,6471,0.0,0.0,0.0
2014-12-17 00:00:00+09:00,15486.755914994012,15615.812771492947,15271.662109375,15271.662109375,13712,0.0,0.0,0.0
2014-12-18 00:00:00+09:00,15357.699174879283,15572.79296875,15142.605381008563,15572.79296875,20257,0.0,0.0,0.0
2014-12-19 00:00:00+09:00,15615.812366198532,15615.812366198532,15314.6806640625,15314.6806640625,14529,0.0,0.0,0.0
2014-12-22 00:00:00+09:00,15572.793819326635,15572.793819326635,15271.662109375,15271.662109375,12719,0.0,0.0,0.0
2014-12-23 00:00:00+09:00,15314.68061471908,15916.943061838154,15314.68061471908,15529.7744140625,12352,0.0,0.0,0.0
2014-12-24 00:00:00+09:00,15701.849213286132,15787.88711483887,15529.77436539317,15744.8681640625,10491,0.0,0.0,0.0
2014-12-26 00:00:00+09:00,15701.849664221527,15701.849664221527,15443.736907363187,15486.755859375,13643,0.0,0.0,0.0
2014-12-29 00:00:00+09:00,15555.529135875462,15771.578125,15425.900126182514,15771.578125,6117,70.0,0.0,0.0
2014-12-30 00:00:00+09:00,15901.207653110218,16376.5146484375,15771.577687558265,16376.5146484375,15699,0.0,0.0,0.0
2015-01-02 00:00:00+09:00,16419.723558586516,16549.353515625,16160.465563418235,16549.353515625,21478,0.0,0.0,0.0
2015-01-05 00:00:00+09:00,16419.72608868163,17111.084047175336,16203.678045902265,17024.6640625,18673,0.0,0.0,0.0
2015-01-06 00:00:00+09:00,16938.243528258874,16938.243528258874,16462.935546875,16462.935546875,7427,0.0,0.0,0.0
2015-01-07 00:00:00+09:00,16462.935546875,16722.19549248925,16074.04754736254,16462.935546875,9250,0.0,0.0,0.0
2015-01-08 00:00:00+09:00,16722.194472753607,16722.194472753607,16203.676532053749,16506.14453125,7231,0.0,0.0,0.0
2015-01-09 00:00:00+09:00,16765.40262618455,16765.40262618455,16333.304659920183,16376.5146484375,6765,0.0,0.0,0.0
2015-01-12 00:00:00+09:00,16333.305139424368,17283.9210768954,16333.305139424368,17067.873046875,30287,0.0,0.0,0.0
2015-01-13 00:00:00+09:00,17067.8732226349,17111.083212865713,16506.14526854317,16808.61328125,11867,0.0,0.0,0.0
2015-01-14 00:00:00+09:00,16808.614388447273,16808.614388447273,16160.468330108879,16678.986328125,18178,0.0,0.0,0.0
2015-01-15 00:00:00+09:00,16376.5166343823,16678.986590683402,16160.468584504839,16333.306640625,49193,0.0,0.0,0.0
2015-01-16 00:00:00+09:00,16376.51462093026,16506.144586264476,16160.46659761537,16419.724609375,41470,0.0,0.0,0.0
2015-01-19 00:00:00+09:00,16333.305789986834,16376.51578149376,16160.467742868075,16203.677734375,9923,0.0,0.0,0.0
2015-01-20 00:00:00+09:00,16333.303587227529,16678.98347266348,16030.835606379753,16549.353515625,36329,0.0,0.0,0.0
2015-01-21 00:00:00+09:00,16592.56471046815,16635.77469929652,16246.88671875,16246.88671875,10051,0.0,0.0,0.0
2015-01-22 00:00:00+09:00,16246.886574504848,16722.19452848817,16160.46659761537,16419.724609375,23277,0.0,0.0,0.0
2015-01-23 00:00:00+09:00,16030.838350877597,16851.824381524366,16030.838350877597,16678.986328125,16618,0.0,0.0,0.0
2015-01-26 00:00:00+09:00,17024.6640625,17024.6640625,16290.098030577601,17024.6640625,29459,0.0,0.0,0.0
2015-01-27 00:00:00+09:00,16981.45228269695,16981.45228269695,16506.144335922432,16765.40234375,14903,0.0,0.0,0.0
2015-01-28 00:00:00+09:00,16808.614388447273,16808.614388447273,16376.516376585341,16678.986328125,19412,0.0,0.0,0.0
2015-01-29 00:00:00+09:00,16722.196321202093,17024.664353832744,16246.888316263068,16678.986328125,20558,0.0,0.0,0.0
2015-01-30 00:00:00+09:00,17111.081359651926,17111.081359651926,16506.14348084711,16635.7734375,15988,0.0,0.0,0.0
2015-02-02 00:00:00+09:00,16938.241467831765,16938.241467831765,16419.723558586516,16549.353515625,18920,0.0,0.0,0.0
2015-02-03 00:00:00+09:00,16549.355032691572,17240.711029122183,16419.725063770013,17154.29296875,27792,0.0,0.0,0.0
2015-02-04 00:00:00+09:00,17543.181580147313,17759.229617120105,17240.71164191291,17629.6015625,58894,0.0,0.0,0.0
2015-02-05 00:00:00+09:00,17629.602637684835,17759.230700210628,17197.50269956872,17499.97265625,34443,0.0,0.0,0.0
2015-02-06 00:00:00+09:00,17629.602637684835,17672.810712587405,17370.342674815165,17499.97265625,33034,0.0,0.0,0.0
2015-02-09 00:00:00+09:00,17499.97081645051,18018.488768768195,17154.29282120833,17327.130859375,18724,0.0,0.0,0.0
2015-02-10 00:00:00+09:00,17543.181075215765,17543.181075215765,16981.453125,16981.453125,18604,0.0,0.0,0.0
2015-02-11 00:00:00+09:00,17283.92087010612,17327.130859375,16851.82289632619,17327.130859375,20973,0.0,0.0,0.0
2015-02-12 00:00:00+09:00,17327.130859375,17543.180805719385,17024.6628534017,17327.130859375,26333,0.0,0.0,0.0
2015-02-13 00:00:00+09:00,17370.33955831773,18018.487430295485,17111.081560871844,17802.4375,39873,0.0,0.0,0.0
2015-02-16 00:00:00+09:00,18061.697969957164,18450.5859375,17716.018070889077,18450.5859375,33937,0.0,0.0,0.0
2015-02-17 00:00:00+09:00,18234.536000582448,18580.213980741777,17975.27799519014,18450.5859375,37436,0.0,0.0,0.0
2015-02-23 00:00:00+09:00,18277.74749463105,18493.79744935796,17716.01953125,17716.01953125,19861,0.0,0.0,0.0
2015-02-24 00:00:00+09:00,17845.649325337276,18148.1173400164,17499.971320145578,17975.279296875,24173,0.0,0.0,0.0
2015-02-25 00:00:00+09:00,18234.537261325375,18277.74725169644,17888.859257265736,18061.69921875,14767,0.0,0.0,0.0
2015-02-26 00:00:00+09:00,18104.906879363178,18580.21484375,18104.906879363178,18580.21484375,19764,0.0,0.0,0.0
2015-02-27 00:00:00+09:00,18925.895030642005,18925.895030642005,18191.327119364007,18234.537109375,7705,0.0,0.0,0.0
2015-03-02 00:00:00+09:00,18580.21585110822,18882.68579324075,18191.3278444182,18537.005859375,16839,0.0,0.0,0.0
2015-03-03 00:00:00+09:00,18709.845642383105,18882.6856076169,18277.74764820755,18796.265625,14137,0.0,0.0,0.0
2015-03-04 00:00:00+09:00,18796.264790702575,18925.89475887412,18450.5867944873,18580.21484375,18698,0.0,0.0,0.0
2015-03-05 00:00:00+09:00,18364.167811351075,18839.47580150753,18277.747827884636,18537.005859375,23055,0.0,0.0,0.0
2015-03-06 00:00:00+09:00,18537.004356786747,18537.004356786747,17543.180384207793,17932.068359375,43745,0.0,0.0,0.0
2015-03-09 00:00:00+09:00,17932.06936565545,18407.37734395649,17802.4393936891,17888.859375,14883,0.0,0.0,0.0
2015-03-10 00:00:00+09:00,18104.909145825244,18320.959119824023,17716.021111536524,18148.119140625,18540,0.0,0.0,0.0
2015-03-11 00:00:00+09:00,18061.69921875,18277.74725169644,17888.859257265736,18061.69921875,10833,0.0,0.0,0.0
2015-03-12 00:00:00+09:00,18234.536358080873,18234.536358080873,17672.808429991,17932.068359375,23322,0.0,0.0,0.0
2015-03-13 00:00:00+09:00,17932.070441743777,18104.90849582854,17629.602407913684,17759.23046875,13466,0.0,0.0,0.0
2015-03-16 00:00:00+09:00,17629.600307260913,18018.48828125,17456.760354861857,18018.48828125,14936,0.0,0.0,0.0
2015-03-17 00:00:00+09:00,17845.64926689467,18061.69921875,17499.97126283503,18061.69921875,11949,0.0,0.0,0.0
2015-03-18 00:00:00+09:00,18061.698269349763,18148.116326640502,17586.39031916115,18018.48828125,16745,0.0,0.0,0.0
2015-03-19 00:00:00+09:00,17845.649504086145,17975.279476922293,17629.60146826815,17716.01953125,11617,0.0,0.0,0.0
2015-03-20 00:00:00+09:00,17888.858742752185,18018.488710137008,17197.50083560863,17413.55078125,23353,0.0,0.0,0.0
2015-03-23 00:00:00+09:00,17543.183051246586,18191.329135424756,17499.97305644683,18148.119140625,23773,0.0,0.0,0.0
2015-03-24 00:00:00+09:00,17975.280369900924,18234.53840954376,17672.8104182571,17845.650390625,22704,0.0,0.0,0.0
2015-03-25 00:00:00+09:00,17802.4393936891,18018.489346966348,17716.019412378202,17888.859375,6016,0.0,0.0,0.0
2015-03-26 00:00:00+09:00,17888.85977749811,18277.747783238206,17240.711821991987,17370.341796875,32047,0.0,0.0,0.0
2015-03-27 00:00:00+09:00,17413.55244167146,17975.280434992223,17370.342448423016,17759.23046875,31840,0.0,0.0,0.0
2015-03-30 00:00:00+09:00,17716.020411349076,17888.860383716972,17456.76237170624,17845.650390625,16634,0.0,0.0,0.0
2015-03-31 00:00:00+09:00,17845.648084438206,18450.585990640924,17759.22810942228,18364.166015625,35340,0.0,0.0,0.0
2015-04-01 00:00:00+09:00,18191.3262257769,18407.37616521914,17975.278205243434,18104.90625,33130,0.0,0.0,0.0
2015-04-02 00:00:00+09:00,18364.167021123852,18537.005061710395,18104.907081880738,18320.95703125,46044,0.0,0.0,0.0
2015-04-03 00:00:00+09:00,18191.328934635894,18580.216964632218,18191.328934635894,18407.37890625,20938,0.0,0.0,0.0
2015-04-06 00:00:00+09:00,18148.116025815427,18580.213980741777,18104.906038431916,18450.5859375,20161,0.0,0.0,0.0
2015-04-07 00:00:00+09:00,18407.37595011649,18493.79592488351,18277.74598796596,18450.5859375,16776,0.0,0.0,0.0
2015-04-08 00:00:00+09:00,18537.006903382757,18537.006903382757,18234.538863124115,18493.798828125,16444,0.0,0.0,0.0
2015-04-09 00:00:00+09:00,18493.79778655073,18753.055818041095,18320.957819617855,18537.005859375,33346,0.0,0.0,0.0
2015-04-10 00:00:00+09:00,18666.635834574656,18925.89578497397,18450.58779481751,18537.005859375,28316,0.0,0.0,0.0
2015-04-13 00:00:00+09:00,18666.636058224387,18796.266034977172,18148.118070122215,18277.748046875,34937,0.0,0.0,0.0
2015-04-14 00:00:00+09:00,18407.376003132962,18666.634009271977,18104.90609057722,18364.166015625,28524,0.0,0.0,0.0
2015-04-15 00:00:00+09:00,18364.16596273298,18493.79592488351,18104.906038431916,18450.5859375,25290,0.0,0.0,0.0
2015-04-16 00:00:00+09:00,18493.79889489564,18753.0569419235,18234.53892895872,18407.37890625,16380,0.0,0.0,0.0
2015-04-17 00:00:00+09:00,18493.79778655073,18580.21585110822,18104.90786095176,18537.005859375,52847,0.0,0.0,0.0
2015-04-20 00:00:00+09:00,18537.003993358267,18623.423968125288,18234.536000582448,18450.5859375,24881,0.0,0.0,0.0
2015-04-21 00:00:00+09:00,18537.00404674809,18537.00404674809,18191.326065593148,18364.166015625,16086,0.0,0.0,0.0
2015-04-22 00:00:00+09:00,18969.10711687111,20697.499232674647,18320.959113990237,19314.78515625,237310,0.0,0.0,0.0
2015-04-23 00:00:00+09:00,20178.979112316923,20178.979112316923,19228.363163858958,19401.203125,125918,0.0,0.0,0.0
2015-04-24 00:00:00+09:00,19401.20266411555,19444.4107344655,18407.376748981114,18666.634765625,35528,0.0,0.0,0.0
2015-04-27 00:00:00+09:00,18666.63376306197,19098.731713533532,18537.00380224788,18709.84375,16725,0.0,0.0,0.0
2015-04-28 00:00:00+09:00,18709.846017736858,19876.51004974359,18709.846017736858,19530.83203125,105819,0.0,0.0,0.0
2015-04-29 00:00:00+09:00,19574.039112122147,19660.4590836193,19141.94117354509,19487.619140625,75522,0.0,0.0,0.0
2015-04-30 00:00:00+09:00,19530.83203125,19530.83203125,19141.94402058109,19530.83203125,30916,0.0,0.0,0.0
2015-05-04 00:00:00+09:00,19444.409946597785,19746.879859153527,18320.956028117038,18364.166015625,34648,0.0,0.0,0.0
2015-05-06 00:00:00+09:00,18364.165773404497,19228.36167434762,18148.115838714348,18709.84375,34656,0.0,0.0,0.0
2015-05-07 00:00:00+09:00,18666.635031331953,18666.635031331953,17413.55108171683,18320.95703125,44806,0.0,0.0,0.0
2015-05-08 00:00:00+09:00,18320.957522183136,18969.10546875,17932.069521806585,18969.10546875,30271,0.0,0.0,0.0
2015-05-11 00:00:00+09:00,19141.942556695292,19141.942556695292,18148.116650484008,18925.89453125,40577,0.0,0.0,0.0
2015-05-12 00:00:00+09:00,18925.89387980986,18925.89387980986,18450.5859375,18450.5859375,41361,0.0,0.0,0.0
2015-05-13 00:00:00+09:00,18450.5867382399,18796.264733401364,18061.69875381965,18666.634765625,81815,0.0,0.0,0.0
2015-05-14 00:00:00+09:00,18969.10625170785,19357.994268135917,18796.266280446933,19185.154296875,56728,0.0,0.0,0.0
2015-05-15 00:00:00+09:00,19271.572265625,19444.41029988843,19055.522324159716,19271.572265625,37367,0.0,0.0,0.0
2015-05-18 00:00:00+09:00,19487.621263904493,20567.8671875,19357.99321144379,20567.8671875,228454,0.0,0.0,0.0
2015-05-19 00:00:00+09:00,20611.075681339214,21475.27158990082,20611.075681339214,21302.431640625,180762,0.0,0.0,0.0
2015-05-20 00:00:00+09:00,21777.741064326765,22166.629057754704,21302.43309037953,21993.791015625,183840,0.0,0.0,0.0
2015-05-21 00:00:00+09:00,21604.902144137683,22080.210098767606,20999.964223997198,21864.16015625,107898,0.0,0.0,0.0
2015-05-22 00:00:00+09:00,22296.259704361208,23722.18366942445,21691.321741298605,22382.6796875,100275,0.0,0.0,0.0
2015-05-26 00:00:00+09:00,22901.195984997234,22901.195984997234,21604.90208987386,21950.580078125,65059,0.0,0.0,0.0
2015-05-27 00:00:00+09:00,21604.902762242225,22685.146749009018,21129.594794014,22339.46875,123456,0.0,0.0,0.0
2015-05-28 00:00:00+09:00,22598.725700427894,22598.725700427894,21518.481764765336,22469.09765625,74606,0.0,0.0,0.0
2015-05-29 00:00:00+09:00,21907.372751006387,22382.680762182245,21907.372751006387,22253.05078125,34873,0.0,0.0,0.0
2015-06-01 00:00:00+09:00,22382.67900905294,22469.098989572234,21777.741064326765,21993.791015625,47812,0.0,0.0,0.0
2015-06-02 00:00:00+09:00,22382.681040297357,23506.135132275795,21950.583017396562,23074.037109375,144171,0.0,0.0,0.0
2015-06-03 00:00:00+09:00,23506.134226163693,25320.946236171643,22339.47018497672,24197.4921875,158796,0.0,0.0,0.0
2015-06-04 00:00:00+09:00,24456.749800982765,24802.42781622187,23203.66579642291,23462.923828125,75282,0.0,0.0,0.0
2015-06-05 00:00:00+09:00,23203.665528252863,23333.29550206022,22209.83956688097,22555.517578125,89136,0.0,0.0,0.0
2015-06-08 00:00:00+09:00,22555.517605137687,23938.231570678672,21907.371573142525,23808.603515625,54795,0.0,0.0,0.0
2015-06-09 00:00:00+09:00,23938.23014461375,23938.23014461375,23030.82421875,23030.82421875,39995,0.0,0.0,0.0
2015-06-10 00:00:00+09:00,23030.82576904456,24154.28171426617,23030.82576904456,23549.34375,46755,0.0,0.0,0.0
2015-06-11 00:00:00+09:00,23549.342630122323,24067.86058641989,23333.294601028505,23765.392578125,39997,0.0,0.0,0.0
2015-06-12 00:00:00+09:00,24154.281777512166,24154.281777512166,23160.4558046544,23462.923828125,38062,0.0,0.0,0.0
2015-06-15 00:00:00+09:00,23419.71644850181,25061.688508672545,23419.71644850181,25018.478515625,59375,0.0,0.0,0.0
2015-06-16 00:00:00+09:00,25234.523579730125,25277.733567671105,24240.699613813995,25061.685546875,56604,0.0,0.0,0.0
2015-06-17 00:00:00+09:00,25925.882604892795,26271.560604672024,25320.944666097497,26185.140625,133499,0.0,0.0,0.0
2015-06-18 00:00:00+09:00,26185.141188470556,28475.26110451528,25925.883162784452,27999.953125,242196,0.0,0.0,0.0
2015-06-19 00:00:00+09:00,27481.43509634713,28604.89101605476,27395.017033907923,28086.373046875,89670,0.0,0.0,0.0
2015-06-22 00:00:00+09:00,28086.373380265497,28950.569366186966,27265.387385530998,28907.359375,95243,0.0,0.0,0.0
2015-06-23 00:00:00+09:00,29382.66838404612,29901.18637746724,28561.68236067476,28864.150390625,55943,0.0,0.0,0.0
2015-06-24 00:00:00+09:00,28820.938572150597,30765.38044457392,28432.050581447707,30030.814453125,79542,0.0,0.0,0.0
2015-06-25 00:00:00+09:00,30246.86262830744,33012.29048528719,30246.86262830744,31111.05859375,82072,0.0,0.0,0.0
2015-06-26 00:00:00+09:00,31456.738397506193,31888.836378612807,30938.220436396485,31283.8984375,92348,0.0,0.0,0.0
2015-06-29 00:00:00+09:00,31111.05932756575,31543.157320478913,29987.605313555086,30160.443359375,78278,0.0,0.0,0.0
2015-06-30 00:00:00+09:00,29296.246486310607,30160.442445964727,28172.792506323796,30117.234375,113567,0.0,0.0,0.0
2015-07-01 00:00:00+09:00,30117.234955669173,31975.2549615125,29641.926976804443,30592.541015625,66419,0.0,0.0,0.0
2015-07-02 00:00:00+09:00,30938.222615003313,30938.222615003313,29685.13665453638,29771.556640625,67036,0.0,0.0,0.0
2015-07-03 00:00:00+09:00,29598.717252630915,30462.913236728975,28518.471313053877,30246.86328125,38117,0.0,0.0,0.0
2015-07-06 00:00:00+09:00,29555.5078125,30506.12379651075,28864.149860988113,29555.5078125,86473,0.0,0.0,0.0
2015-07-07 00:00:00+09:00,30160.443861300326,31629.577829217753,28518.471844686646,29555.5078125,132862,0.0,0.0,0.0
2015-07-08 00:00:00+09:00,30246.863768275813,30246.863768275813,27481.435807070367,28388.841796875,86007,0.0,0.0,0.0
2015-07-09 00:00:00+09:00,27956.742865134656,28777.730762874144,26833.288872763547,28345.630859375,63478,0.0,0.0,0.0
2015-07-10 00:00:00+09:00,28129.582826534315,30203.652768785763,28129.582826534315,28345.630859375,48336,0.0,0.0,0.0
2015-07-13 00:00:00+09:00,29339.45698491876,30678.9609375,28950.56898822213,30678.9609375,53434,0.0,0.0,0.0
2015-07-14 00:00:00+09:00,31111.059758746414,31370.319709432857,29771.555770259987,30895.01171875,51622,0.0,0.0,0.0
2015-07-15 00:00:00+09:00,30851.80123768221,30895.011228778007,29641.92724372671,30246.86328125,79612,0.0,0.0,0.0
2015-07-16 00:00:00+09:00,30246.863219217008,30333.28320123136,29036.989227742823,29080.19921875,44098,0.0,0.0,0.0
2015-07-17 00:00:00+09:00,29080.199820494625,30074.025796406677,28950.569844790716,29555.5078125,35701,0.0,0.0,0.0
2015-07-20 00:00:00+09:00,29296.246396988892,30419.702292459246,28950.568397962958,30203.65234375,44248,0.0,0.0,0.0
2015-07-21 00:00:00+09:00,30592.54163566644,30592.54163566644,29382.667628084317,29814.765625,24806,0.0,0.0,0.0
2015-07-22 00:00:00+09:00,29641.92620249248,30376.4921875,29425.876254602706,30376.4921875,39788,0.0,0.0,0.0
2015-07-23 00:00:00+09:00,30333.28140240797,32839.44921875,30246.861425518495,32839.44921875,179971,0.0,0.0,0.0
2015-07-24 00:00:00+09:00,32753.027145814045,33228.33698828848,32018.46122708001,33098.70703125,61665,0.0,0.0,0.0
2015-07-27 00:00:00+09:00,32623.3997355316,32969.079647953164,31413.527717691446,32234.513671875,64427,0.0,0.0,0.0
2015-07-28 00:00:00+09:00,30592.539465553156,32839.44927390964,30246.861476323425,32753.029296875,121712,0.0,0.0,0.0
2015-07-29 00:00:00+09:00,33703.64619589147,36641.91398787628,32925.870217563854,34135.74609375,188221,0.0,0.0,0.0
2015-07-30 00:00:00+09:00,34308.585324032545,35561.667325566006,30981.429613566925,33746.85546875,122134,0.0,0.0,0.0
2015-07-31 00:00:00+09:00,33401.177873131135,34567.83984375,33098.70796484311,34567.83984375,58495,0.0,0.0,0.0
2015-08-03 00:00:00+09:00,34999.942098585896,35345.61817951856,32666.6103226562,32709.8203125,59824,0.0,0.0,0.0
2015-08-04 00:00:00+09:00,32364.145199941322,34006.1171875,31975.255279711077,34006.1171875,42133,0.0,0.0,0.0
2015-08-05 00:00:00+09:00,34006.11825874362,34006.11825874362,33314.76221659561,33876.48828125,25573,0.0,0.0,0.0
2015-08-06 00:00:00+09:00,33876.48492844053,35388.826840551286,33876.48492844053,34438.2109375,64402,0.0,0.0,0.0
2015-08-07 00:00:00+09:00,34394.99989615684,34783.88977824144,33617.223969805105,34567.83984375,23975,0.0,0.0,0.0
2015-08-10 00:00:00+09:00,34395.00101248789,34524.63097739005,32364.143075806776,33012.2890625,68799,0.0,0.0,0.0
2015-08-11 00:00:00+09:00,33055.5032250657,33574.01931233522,32191.307187737777,32666.61328125,34396,0.0,0.0,0.0
2015-08-12 00:00:00+09:00,32666.61178722926,32839.451754353555,29425.877754920348,30895.01171875,112126,0.0,0.0,0.0
2015-08-13 00:00:00+09:00,31197.478343602488,32882.6602718752,29814.764425327507,32709.8203125,57216,0.0,0.0,0.0
2015-08-14 00:00:00+09:00,32709.8203125,32709.8203125,32709.8203125,32709.8203125,0,0.0,0.0,0.0
2015-08-17 00:00:00+09:00,32839.45098405109,32839.45098405109,31802.416962357485,31845.626953125,34481,0.0,0.0,0.0
2015-08-18 00:00:00+09:00,32061.675048281875,32450.56496592003,31543.15707700658,31759.20703125,51708,0.0,0.0,0.0
2015-08-19 00:00:00+09:00,31759.20692688793,31759.20692688793,29641.926976804443,30592.541015625,85425,0.0,0.0,0.0
2015-08-20 00:00:00+09:00,30506.12466945878,31456.740680671883,29469.08867197012,29685.13671875,58579,0.0,0.0,0.0
2015-08-21 00:00:00+09:00,28216.00382028648,30246.863845102933,27481.43587687329,29555.5078125,76348,0.0,0.0,0.0
2015-08-24 00:00:00+09:00,28864.14980068543,30246.8637819115,28864.14980068543,29641.927734375,42578,0.0,0.0,0.0
2015-08-25 00:00:00+09:00,30246.86343010665,32018.465398117314,29944.395409856443,31327.109375,61027,0.0,0.0,0.0
2015-08-26 00:00:00+09:00,32104.885528201525,32536.985443270776,31197.479544373982,32407.35546875,56070,0.0,0.0,0.0
2015-08-27 00:00:00+09:00,32493.77676138102,35691.30091049378,32407.356774884134,35518.4609375,189367,0.0,0.0,0.0
2015-08-28 00:00:00+09:00,35475.24905344538,35734.50899911767,34870.31301802786,35432.0390625,144715,0.0,0.0,0.0
2015-08-31 00:00:00+09:00,35432.036828772594,35475.24681699391,34265.37482243234,34438.2109375,54732,0.0,0.0,0.0
2015-09-01 00:00:00+09:00,34740.68211293421,35086.36203122103,34092.53610396415,34135.74609375,43562,0.0,0.0,0.0
2015-09-02 00:00:00+09:00,33185.127580811415,34049.323471641284,32969.07764864959,33660.43359375,36144,0.0,0.0,0.0
2015-09-03 00:00:00+09:00,34308.583556089936,35648.08546633381,33833.27370303618,34913.51953125,62474,0.0,0.0,0.0
2015-09-04 00:00:00+09:00,34913.52300115692,34913.52300115692,32882.661102814294,32925.87109375,42941,0.0,0.0,0.0
2015-09-07 00:00:00+09:00,32018.465851295026,33012.29182763773,31975.255859375,31975.255859375,20782,0.0,0.0,0.0
2015-09-08 00:00:00+09:00,32493.775762415324,32580.195746255376,31283.899826472483,31975.255859375,17875,0.0,0.0,0.0
2015-09-09 00:00:00+09:00,32277.723099205334,33357.96896890577,32104.88314600245,33012.2890625,28868,0.0,0.0,0.0
2015-09-10 00:00:00+09:00,33012.29239276243,34827.1044088348,32320.936348024854,33703.6484375,12116,0.0,0.0,0.0
2015-09-11 00:00:00+09:00,33012.290667306195,33228.340619312505,32148.09469709874,32191.3046875,45902,0.0,0.0,0.0
2015-09-14 00:00:00+09:00,32191.30613254496,33530.80821947782,32191.30613254496,32796.2421875,31979,0.0,0.0,0.0
2015-09-15 00:00:00+09:00,32796.239691742376,33055.499626058554,32191.303682822305,32234.513671875,16491,0.0,0.0,0.0
2015-09-16 00:00:00+09:00,32839.449454083704,32839.449454083704,32148.0934718311,32580.193359375,17903,0.0,0.0,0.0
2015-09-17 00:00:00+09:00,32839.45154600137,32925.87152901522,32148.09551970845,32407.35546875,18221,0.0,0.0,0.0
2015-09-18 00:00:00+09:00,32753.030360386118,33228.34024951021,32407.354278840874,32623.400390625,21841,0.0,0.0,0.0
2015-09-21 00:00:00+09:00,32623.400390625,32839.45034022686,32493.77425868162,32623.400390625,25091,0.0,0.0,0.0
2015-09-22 00:00:00+09:00,32666.6103226562,33098.710221094196,32623.4003328124,32709.8203125,11107,0.0,0.0,0.0
2015-09-23 00:00:00+09:00,32407.35715652428,32839.4532562792,32277.727175252377,32666.61328125,17402,0.0,0.0,0.0
2015-09-24 00:00:00+09:00,32493.773149009696,32839.44921875,32450.563160564958,32839.44921875,20943,0.0,0.0,0.0
2015-09-25 00:00:00+09:00,32839.44921875,32882.65920719474,32234.513218341264,32839.44921875,37320,0.0,0.0,0.0
2015-09-30 00:00:00+09:00,32407.354758792804,32450.564749353114,31456.738804283752,32018.46484375,32964,0.0,0.0,0.0
2015-10-01 00:00:00+09:00,32320.936364714824,33012.2924098094,32320.936364714824,32536.986328125,30924,0.0,0.0,0.0
2015-10-02 00:00:00+09:00,32536.98424860199,32839.45034022686,32191.30432923901,32623.400390625,15636,0.0,0.0,0.0
2015-10-05 00:00:00+09:00,32753.030360386118,32796.24035030649,32277.724309079756,32623.400390625,20564,0.0,0.0,0.0
2015-10-06 00:00:00+09:00,32839.449454083704,32839.449454083704,32277.723438094272,32580.193359375,25631,0.0,0.0,0.0
2015-10-07 00:00:00+09:00,32623.401091496944,32623.401091496944,31759.20703125,31759.20703125,17839,0.0,0.0,0.0
2015-10-08 00:00:00+09:00,31888.836837121627,32277.724833818258,30506.122893917553,30678.9609375,31941,0.0,0.0,0.0
2015-10-12 00:00:00+09:00,30765.37890625,31413.526804285513,30246.860971603346,30765.37890625,16640,0.0,0.0,0.0
2015-10-13 00:00:00+09:00,30506.123772710813,31240.689796641964,30419.70378897563,30808.591796875,23471,0.0,0.0,0.0
2015-10-14 00:00:00+09:00,30808.59090936851,30938.22088123702,30376.49292204904,30678.9609375,13791,0.0,0.0,0.0
2015-10-15 00:00:00+09:00,30506.12337795734,31413.5293576169,30506.12337795734,31327.109375,10130,0.0,0.0,0.0
2015-10-16 00:00:00+09:00,32061.676356469994,32061.676356469994,31283.900327276504,31370.3203125,12327,0.0,0.0,0.0
2015-10-19 00:00:00+09:00,31197.479187297704,31975.2551877023,30808.591187095404,31586.3671875,10687,0.0,0.0,0.0
2015-10-20 00:00:00+09:00,31586.366915660048,32450.56480956078,31283.898900085576,31932.044921875,12278,0.0,0.0,0.0
2015-10-21 00:00:00+09:00,31586.368356649753,32061.676356469994,31111.06035682951,31370.3203125,11560,0.0,0.0,0.0
2015-10-22 00:00:00+09:00,31413.529958444862,31888.8379530198,30851.801979600124,31802.41796875,13064,0.0,0.0,0.0
2015-10-23 00:00:00+09:00,32104.883704716915,32450.563617138476,31802.415700256875,32234.513671875,24507,0.0,0.0,0.0
2015-10-26 00:00:00+09:00,32407.353226554074,32839.44927390964,32018.463329898215,32753.029296875,28927,0.0,0.0,0.0
2015-10-27 00:00:00+09:00,32753.02947657492,32796.23946532931,32320.93342684866,32580.193359375,13182,0.0,0.0,0.0
2015-10-28 00:00:00+09:00,32580.193415156744,32839.44951030933,32018.463560387918,32493.7734375,21344,0.0,0.0,0.0
2015-10-29 00:00:00+09:00,32753.02862903377,32796.23861667003,32148.092639943716,32364.142578125,9559,0.0,0.0,0.0
2015-10-30 00:00:00+09:00,32364.14464910505,32709.820734497363,31975.25473549369,32191.3046875,8578,0.0,0.0,0.0
2015-11-02 00:00:00+09:00,31975.256423258543,33228.34237321957,31975.256423258543,32536.986328125,45628,0.0,0.0,0.0
2015-11-03 00:00:00+09:00,32536.98324283644,34567.841192863954,32407.35327708237,34092.53515625,99314,0.0,0.0,0.0
2015-11-04 00:00:00+09:00,33746.85287824325,34049.322777099995,33012.28696169422,33271.546875,34429,0.0,0.0,0.0
2015-11-05 00:00:00+09:00,33228.33940976467,33228.33940976467,32407.35345984326,32493.7734375,19418,0.0,0.0,0.0
2015-11-06 00:00:00+09:00,32148.09310826415,32666.609129635228,31629.57516798428,31672.78515625,26246,0.0,0.0,0.0
2015-11-09 00:00:00+09:00,31629.5768476161,32191.304805991247,30333.282887533453,32018.46484375,47465,0.0,0.0,0.0
2015-11-10 00:00:00+09:00,31543.155322134247,33141.91913786317,31543.155322134247,32839.44921875,33510,0.0,0.0,0.0
2015-11-11 00:00:00+09:00,32450.562118137324,33141.91807322672,32407.352131080643,32969.078125,16872,0.0,0.0,0.0
2015-11-12 00:00:00+09:00,33012.29377763803,33357.97373341718,32666.61382185887,33228.34375,10911,0.0,0.0,0.0
2015-11-13 00:00:00+09:00,33098.70864742365,33660.43465086817,32536.98264397912,33530.8046875,36608,0.0,0.0,0.0
2015-11-16 00:00:00+09:00,33444.38967674548,33574.01580666423,32623.399881081405,33401.1796875,12731,0.0,0.0,0.0
2015-11-17 00:00:00+09:00,33401.17928561083,34006.115289951136,33401.17928561083,33919.6953125,30423,0.0,0.0,0.0
2015-11-18 00:00:00+09:00,33919.6953125,34092.53526740227,33617.22539142103,33919.6953125,27746,0.0,0.0,0.0
2015-11-19 00:00:00+09:00,33919.69351234419,34006.113485208916,33401.17751297324,33660.43359375,15891,0.0,0.0,0.0
2015-11-20 00:00:00+09:00,34006.116239932664,34135.746209730656,33487.596360740696,33962.90625,13342,0.0,0.0,0.0
2015-11-23 00:00:00+09:00,33962.90625,34481.422291374234,33530.80635067336,33962.90625,24034,0.0,0.0,0.0
2015-11-24 00:00:00+09:00,34135.74525612783,34222.16523357897,33919.6953125,33919.6953125,19443,0.0,0.0,0.0
2015-11-25 00:00:00+09:00,34049.32800003368,34395.00409964838,33962.908015675515,34222.16796875,34849,0.0,0.0,0.0
2015-11-26 00:00:00+09:00,34481.419869953424,34654.259817546576,34049.323838788,34567.83984375,37816,0.0,0.0,0.0
2015-11-27 00:00:00+09:00,34567.84280309749,34697.47277488996,34222.16671613537,34524.6328125,39643,0.0,0.0,0.0
2015-11-30 00:00:00+09:00,34394.99952528277,34913.519362471154,33530.8036344529,33660.43359375,68604,0.0,0.0,0.0
2015-12-01 00:00:00+09:00,33530.80658203836,34567.842509760194,33530.80658203836,33617.2265625,38376,0.0,0.0,0.0
2015-12-02 00:00:00+09:00,34092.5383714375,34308.58833473611,33660.43844484028,33703.6484375,20413,0.0,0.0,0.0
2015-12-03 00:00:00+09:00,33962.907076330106,34481.42313032002,33228.34106742029,34178.95703125,26710,0.0,0.0,0.0
2015-12-04 00:00:00+09:00,34178.95596857844,34438.21206860385,33876.486041094795,34308.5859375,17433,0.0,0.0,0.0
2015-12-07 00:00:00+09:00,34913.52098886087,34913.52098886087,34222.16501155477,34265.375,42237,0.0,0.0,0.0
2015-12-08 00:00:00+09:00,33660.43375647118,34956.729517891246,33660.43375647118,34913.51953125,31456,0.0,0.0,0.0
2015-12-09 00:00:00+09:00,35172.78528774645,36685.127395516676,34697.47535581872,34999.9453125,65730,0.0,0.0,0.0
2015-12-10 00:00:00+09:00,35086.36117027268,35129.571158998246,33444.3892743364,33919.6953125,33675,0.0,0.0,0.0
2015-12-11 00:00:00+09:00,33962.9050804956,34135.74503427456,32580.19312589917,32839.44921875,32763,0.0,0.0,0.0
2015-12-14 00:00:00+09:00,32839.45154600137,32839.45154600137,31845.627498068916,32407.35546875,36420,0.0,0.0,0.0
2015-12-15 00:00:00+09:00,32018.46372661152,32623.3997355316,32018.46372661152,32234.513671875,17116,0.0,0.0,0.0
2015-12-16 00:00:00+09:00,32277.725900169225,32709.82198285484,31802.417906524293,31888.837890625,26335,0.0,0.0,0.0
2015-12-17 00:00:00+09:00,32061.676002650434,32061.676002650434,31586.368008075497,31802.41796875,56119,0.0,0.0,0.0
2015-12-18 00:00:00+09:00,31975.25608128547,32061.676065725285,31197.480059145084,31715.998046875,76578,0.0,0.0,0.0
2015-12-21 00:00:00+09:00,31672.78621914738,31932.04423853328,31111.058271750924,31543.15625,50163,0.0,0.0,0.0
2015-12-22 00:00:00+09:00,31845.626178010552,31845.626178010552,31327.108220329894,31543.15625,50607,0.0,0.0,0.0
2015-12-23 00:00:00+09:00,31543.156517372594,32277.724429858714,31197.478515625,31197.478515625,87358,0.0,0.0,0.0
2015-12-24 00:00:00+09:00,31370.31955030825,31370.31955030825,30765.381587350694,31067.849609375,55436,0.0,0.0,0.0
2015-12-28 00:00:00+09:00,31067.848603586986,31413.528524891113,30722.170601191738,31111.05859375,56491,0.0,0.0,0.0
2015-12-29 00:00:00+09:00,31229.406456713343,32834.25017934936,31229.406456713343,32443.884765625,120825,120.0,0.0,0.0
2015-12-30 00:00:00+09:00,32443.886470215573,33224.621191100814,32443.886470215573,32964.375,61667,0.0,0.0,0.0
2016-01-04 00:00:00+09:00,33137.8693401451,33441.489867837474,32574.006498276092,32617.380859375,37704,0.0,0.0,0.0
2016-01-05 00:00:00+09:00,32140.264049734214,32877.62436266767,31489.652462136102,32834.25,84114,0.0,0.0,0.0
2016-01-06 00:00:00+09:00,32834.25,33311.36798934439,32270.38713773723,32834.25,45788,0.0,0.0,0.0
2016-01-07 00:00:00+09:00,32877.6234968433,33745.106874934805,32270.386287904304,33571.61328125,66472,0.0,0.0,0.0
2016-01-08 00:00:00+09:00,33311.369727774945,33745.10952467041,32790.87734859979,33484.8671875,33288,0.0,0.0,0.0
2016-01-11 00:00:00+09:00,33484.8649837668,34395.72273496004,33137.8700871534,34135.4765625,57655,0.0,0.0,0.0
2016-01-12 00:00:00+09:00,34308.971493264995,34308.971493264995,33484.862526697,33701.73046875,33748,0.0,0.0,0.0
2016-01-13 00:00:00+09:00,33701.73046875,34092.099698795355,33484.862526697,33701.73046875,36002,0.0,0.0,0.0
2016-01-14 00:00:00+09:00,33094.49766418675,34005.35546875,33094.49766418675,34005.35546875,29377,0.0,0.0,0.0
2016-01-15 00:00:00+09:00,34005.35312106072,34308.97365242591,33224.6184642528,33311.3671875,42732,0.0,0.0,0.0
2016-01-18 00:00:00+09:00,32704.128150164248,33311.36532655435,32704.128150164248,32920.99609375,18860,0.0,0.0,0.0
2016-01-19 00:00:00+09:00,32964.373417791314,34265.60045842249,32964.373417791314,33658.359375,32721,0.0,0.0,0.0
2016-01-20 00:00:00+09:00,33788.480737255784,33788.480737255784,32140.262728475038,33007.74609375,65338,0.0,0.0,0.0
2016-01-21 00:00:00+09:00,33051.12045463459,33137.869176403765,32357.13453289798,33007.74609375,14448,0.0,0.0,0.0
2016-01-22 00:00:00+09:00,33094.49340892143,33788.479301161926,32617.379311886296,33441.48828125,32870,0.0,0.0,0.0
2016-01-25 00:00:00+09:00,33875.22912069446,34048.7265625,33441.48936859738,34048.7265625,20718,0.0,0.0,0.0
2016-01-26 00:00:00+09:00,34048.72821637303,38169.27339732092,33701.73331590711,36564.4296875,173464,0.0,0.0,0.0
2016-01-27 00:00:00+09:00,36868.05047728479,38733.14037519717,36737.927388721095,37648.78515625,101334,0.0,0.0,0.0
2016-01-28 00:00:00+09:00,38169.27034760233,38169.27034760233,37431.9100954442,37692.15625,28185,0.0,0.0,0.0
2016-01-29 00:00:00+09:00,38082.527928038144,38169.272799378756,36607.803476577334,38125.8984375,50692,0.0,0.0,0.0
2016-02-01 00:00:00+09:00,38429.5182533884,38646.39005873441,37258.41435693681,38342.76953125,43394,0.0,0.0,0.0
2016-02-02 00:00:00+09:00,38256.02165584608,38516.26782802141,37692.15880188311,37865.65625,61416,0.0,0.0,0.0
2016-02-03 00:00:00+09:00,37735.53195947402,38429.51787737409,37345.16271367079,37518.66015625,46375,0.0,0.0,0.0
2016-02-04 00:00:00+09:00,37562.03674022776,38169.27397278118,36694.55332840131,36868.05078125,37894,0.0,0.0,0.0
2016-02-05 00:00:00+09:00,36868.051632851486,38169.27485443914,36868.051632851486,37995.78125,60324,0.0,0.0,0.0
2016-02-11 00:00:00+09:00,37995.77913632319,37995.77913632319,36043.940560103925,36521.0546875,47815,0.0,0.0,0.0
2016-02-12 00:00:00+09:00,35696.94624772565,35827.06933525082,32530.6331942811,34959.5859375,149174,0.0,0.0,0.0
2016-02-15 00:00:00+09:00,35089.709065353796,36868.05022540767,35089.709065353796,36564.4296875,46395,0.0,0.0,0.0
2016-02-16 00:00:00+09:00,36087.31441641914,36607.80289832575,35827.06824925741,36217.4375,29346,0.0,0.0,0.0
2016-02-17 00:00:00+09:00,36130.68847801421,36260.811560516086,34959.58458791417,35133.08203125,29942,0.0,0.0,0.0
2016-02-18 00:00:00+09:00,35176.45639208396,35957.191034678384,34829.4615054123,35133.08203125,30327,0.0,0.0,0.0
2016-02-19 00:00:00+09:00,35176.45910168333,36737.928507150245,34916.21291663314,36390.93359375,42160,0.0,0.0,0.0
2016-02-22 00:00:00+09:00,36390.93211143925,36607.80392348058,35219.83203125,35219.83203125,19057,0.0,0.0,0.0
2016-02-23 00:00:00+09:00,35306.57818676114,35523.446130603756,34916.20895349443,35046.33203125,33210,0.0,0.0,0.0
2016-02-24 00:00:00+09:00,35046.33360018907,36434.305453551264,35046.33360018907,36217.4375,30725,0.0,0.0,0.0
2016-02-25 00:00:00+09:00,36868.04710760737,36868.04710760737,35133.08045683173,36087.3125,20695,0.0,0.0,0.0
2016-02-26 00:00:00+09:00,35653.57200633102,36521.055407028645,35653.57200633102,36304.18359375,27438,0.0,0.0,0.0
2016-02-29 00:00:00+09:00,36304.182369970404,36347.556731164026,35176.45668376994,36217.4375,26467,0.0,0.0,0.0
2016-03-02 00:00:00+09:00,36260.812876631404,36260.812876631404,35133.08330643347,35219.83203125,39177,0.0,0.0,0.0
2016-03-03 00:00:00+09:00,35046.334581616946,35263.20639365826,34699.33968235082,35219.83203125,27364,0.0,0.0,0.0
2016-03-04 00:00:00+09:00,35133.085000066436,35133.085000066436,34048.729740004106,34265.6015625,53379,0.0,0.0,0.0
2016-03-07 00:00:00+09:00,34308.97185685292,34872.834676032864,32617.379546896416,32660.75390625,82172,0.0,0.0,0.0
2016-03-08 00:00:00+09:00,32660.753560128996,34395.72021105285,32660.753560128996,33701.73046875,45107,0.0,0.0,0.0
2016-03-09 00:00:00+09:00,33701.73064452517,34265.59731308714,32834.247314538785,33181.2421875,45758,0.0,0.0,0.0
2016-03-10 00:00:00+09:00,33441.492581131664,34005.35546875,33007.74893495052,34005.35546875,27449,0.0,0.0,0.0
2016-03-11 00:00:00+09:00,34005.35442102716,34178.85187415407,33051.122281246186,33398.1171875,39915,0.0,0.0,0.0
2016-03-14 00:00:00+09:00,33137.87100780964,33528.24027734518,32790.87610155582,33398.1171875,17195,0.0,0.0,0.0
2016-03-15 00:00:00+09:00,33398.118309506084,34005.3555634333,33224.62085055054,33745.109375,22173,0.0,0.0,0.0
2016-03-16 00:00:00+09:00,33528.241218431096,34612.59262607629,33311.36939593521,34265.6015625,62946,0.0,0.0,0.0
2016-03-17 00:00:00+09:00,34786.08848746645,35566.82316020049,34612.59103743289,34959.5859375,60237,0.0,0.0,0.0
2016-03-18 00:00:00+09:00,35046.33203125,35349.952546012995,34872.83459424257,35046.33203125,26867,0.0,0.0,0.0
2016-03-21 00:00:00+09:00,35046.338050310995,35089.71241701221,34655.96875,34655.96875,19038,0.0,0.0,0.0
2016-03-22 00:00:00+09:00,35263.20711729007,35263.20711729007,34352.34934044186,35002.9609375,18840,0.0,0.0,0.0
2016-03-23 00:00:00+09:00,35219.83146951529,35219.83146951529,34482.47117275218,34916.2109375,24795,0.0,0.0,0.0
2016-03-24 00:00:00+09:00,34916.21122746322,35002.95995161657,33614.984217579906,34135.4765625,35417,0.0,0.0,0.0
2016-03-25 00:00:00+09:00,34482.47210270358,34482.47210270358,33701.73357075152,34178.8515625,14031,0.0,0.0,0.0
2016-03-28 00:00:00+09:00,34178.85056755511,34178.85056755511,33051.1210177584,33311.3671875,39207,0.0,0.0,0.0
2016-03-29 00:00:00+09:00,33137.86953941116,34005.35291418892,32834.249009893036,33831.85546875,47766,0.0,0.0,0.0
2016-03-30 00:00:00+09:00,34092.104444120516,34092.104444120516,33354.74409270621,33484.8671875,28019,0.0,0.0,0.0
2016-03-31 00:00:00+09:00,33788.479301161926,33788.479301161926,33051.11904988036,33441.48828125,14953,0.0,0.0,0.0
2016-04-01 00:00:00+09:00,33137.869665995815,33614.98379035855,33137.869665995815,33571.61328125,25951,0.0,0.0,0.0
2016-04-04 00:00:00+09:00,33831.85791750821,34308.97592699918,33701.73482401068,34265.6015625,19147,0.0,0.0,0.0
2016-04-05 00:00:00+09:00,33961.97803582766,34222.224200024335,33441.48955985111,33528.23828125,31287,0.0,0.0,0.0
2016-04-06 00:00:00+09:00,33571.61378592473,34308.974090524556,33571.61378592473,33875.23046875,14740,0.0,0.0,0.0
2016-04-07 00:00:00+09:00,33788.485268392906,34786.091850103665,33311.3710870968,34655.96875,41662,0.0,0.0,0.0
2016-04-08 00:00:00+09:00,34916.210370837776,35393.3283419757,34352.34753009159,34612.58984375,45784,0.0,0.0,0.0
2016-04-11 00:00:00+09:00,34612.59189458049,34742.71498532803,33961.98029325984,34482.47265625,36806,0.0,0.0,0.0
2016-04-12 00:00:00+09:00,34699.33849380967,35349.9539076484,34525.84105011934,34872.8359375,29622,0.0,0.0,0.0
2016-04-14 00:00:00+09:00,34655.96476720118,35133.08274608235,34395.72244931924,34916.2109375,30363,0.0,0.0,0.0
2016-04-15 00:00:00+09:00,34916.21157499161,35133.08338753355,34612.59103743289,34959.5859375,35235,0.0,0.0,0.0
2016-04-18 00:00:00+09:00,35002.96368360977,35002.96368360977,34525.845649896335,34655.96875,16567,0.0,0.0,0.0
2016-04-19 00:00:00+09:00,34872.83807607557,34872.83807607557,34092.10338400738,34482.47265625,17373,0.0,0.0,0.0
2016-04-20 00:00:00+09:00,34482.47513561245,34655.96875,34092.10583530145,34655.96875,18084,0.0,0.0,0.0
2016-04-21 00:00:00+09:00,34699.34165364842,35263.20839698959,34222.22749246922,35089.7109375,18827,0.0,0.0,0.0
2016-04-22 00:00:00+09:00,35089.711033697844,35089.711033697844,34612.593018793465,34829.46484375,12694,0.0,0.0,0.0
2016-04-25 00:00:00+09:00,35263.20647505872,35263.20647505872,34699.339762449665,34959.5859375,10555,0.0,0.0,0.0
2016-04-26 00:00:00+09:00,35306.581480588415,35306.581480588415,34699.34039441159,35002.9609375,15362,0.0,0.0,0.0
2016-04-27 00:00:00+09:00,35046.33338119033,35176.45646395807,34612.58977196451,34872.8359375,20677,0.0,0.0,0.0
2016-04-28 00:00:00+09:00,34786.08856897003,34872.83729419006,34525.84239330994,34699.33984375,21830,0.0,0.0,0.0
2016-04-29 00:00:00+09:00,34699.340091911545,36000.56712710109,34265.60031512636,35783.6953125,43059,0.0,0.0,0.0
2016-05-02 00:00:00+09:00,35827.07000027394,37605.411191293584,35827.07000027394,36607.8046875,71571,0.0,0.0,0.0
2016-05-03 00:00:00+09:00,36260.814891730355,37128.298335686806,36000.56870281827,36694.5546875,21689,0.0,0.0,0.0
2016-05-04 00:00:00+09:00,36130.6929435765,37301.79312600151,36130.6929435765,37041.55078125,49341,0.0,0.0,0.0
2016-05-09 00:00:00+09:00,37084.92251188774,37475.2879274811,36434.307065203786,37128.296875,30863,0.0,0.0,0.0
2016-05-10 00:00:00+09:00,36651.17741962192,37562.03515625,36651.17741962192,37562.03515625,51925,0.0,0.0,0.0
2016-05-11 00:00:00+09:00,37605.41151564293,39557.250176751346,37605.41151564293,39036.7578125,219533,0.0,0.0,0.0
2016-05-12 00:00:00+09:00,39383.749886045516,39383.749886045516,37692.1575288714,37778.90625,71014,0.0,0.0,0.0
2016-05-13 00:00:00+09:00,37778.90661865329,39080.129743446276,37041.54633428169,38603.015625,82800,0.0,0.0,0.0
2016-05-16 00:00:00+09:00,39036.753614495254,39036.753614495254,37735.53054863429,37952.40234375,21660,0.0,0.0,0.0
2016-05-17 00:00:00+09:00,37952.40223030569,38429.51632571746,36737.924033704585,38212.64453125,39966,0.0,0.0,0.0
2016-05-18 00:00:00+09:00,38212.6493113449,38256.023675664175,36998.17481523945,37735.53515625,17771,0.0,0.0,0.0
2016-05-19 00:00:00+09:00,37778.90846926694,38603.01751598293,37041.54814877547,37128.296875,35131,0.0,0.0,0.0
2016-05-20 00:00:00+09:00,38169.27470940151,38256.0234375,37562.03746512916,38256.0234375,33222,0.0,0.0,0.0
2016-05-23 00:00:00+09:00,38039.15271393379,38863.26171875,37822.28090939879,38863.26171875,47735,0.0,0.0,0.0
2016-05-24 00:00:00+09:00,39860.870632920865,39860.870632920865,38863.264122766384,39297.00390625,50890,0.0,0.0,0.0
2016-05-25 00:00:00+09:00,39253.62999646879,39904.24160542442,38429.520931147104,39860.87109375,38750,0.0,0.0,0.0
2016-05-26 00:00:00+09:00,39904.24169691966,39990.99042530159,38950.0133895526,39600.625,20547,0.0,0.0,0.0
2016-05-27 00:00:00+09:00,39427.126909518585,39860.87054445664,38950.01276350378,39557.25,26448,0.0,0.0,0.0
2016-05-30 00:00:00+09:00,39860.868900315916,39860.868900315916,38472.893178181024,38646.390625,23487,0.0,0.0,0.0
2016-05-31 00:00:00+09:00,38256.02143785861,40251.234375,38212.64707607654,40251.234375,40381,0.0,0.0,0.0
2016-06-01 00:00:00+09:00,39513.877637630874,39730.74946608307,38689.768541929785,39427.12890625,33799,0.0,0.0,0.0
2016-06-02 00:00:00+09:00,39427.12916427427,39904.24333757425,38472.89696525705,38906.640625,35577,0.0,0.0,0.0
2016-06-03 00:00:00+09:00,38993.38534929354,39470.50337311131,38212.6506172817,39166.8828125,22125,0.0,0.0,0.0
2016-06-07 00:00:00+09:00,39036.75630160862,40121.11149941262,38169.27291384881,39730.74609375,37026,0.0,0.0,0.0
2016-06-08 00:00:00+09:00,39730.74807306542,41595.83802752703,38906.63900625879,41205.46875,44504,0.0,0.0,0.0
2016-06-09 00:00:00+09:00,41205.46384740501,42593.43563086042,40901.84333434186,42463.31640625,71773,0.0,0.0,0.0
2016-06-10 00:00:00+09:00,42940.43050293259,42940.43050293259,41552.45871947719,42463.31640625,33386,0.0,0.0,0.0
2016-06-13 00:00:00+09:00,42419.94620670521,42593.439807336465,41552.46279388081,41682.58203125,25314,0.0,0.0,0.0
2016-06-14 00:00:00+09:00,41682.57771420984,41682.57771420984,40337.98029717886,40858.46875,34529,0.0,0.0,0.0
2016-06-15 00:00:00+09:00,40858.46875,41205.46362015851,40251.23157963923,40858.46875,21056,0.0,0.0,0.0
2016-06-16 00:00:00+09:00,40945.21770296753,40945.21770296753,39904.23693892316,40077.734375,25247,0.0,0.0,0.0
2016-06-17 00:00:00+09:00,39904.24019357932,40684.97871960341,39210.25424508597,40034.36328125,34375,0.0,0.0,0.0
2016-06-20 00:00:00+09:00,40077.73629171924,40684.97734702948,39817.49397757453,40207.859375,37375,0.0,0.0,0.0
2016-06-21 00:00:00+09:00,40337.983021951244,40728.35227724845,39860.86889567155,40511.48046875,41320,0.0,0.0,0.0
2016-06-22 00:00:00+09:00,40424.73073236341,40424.73073236341,39557.24737252443,39643.99609375,27629,0.0,0.0,0.0
2016-06-23 00:00:00+09:00,39123.50539678629,39297.002846467585,38429.51945047806,38689.765625,35312,0.0,0.0,0.0
2016-06-24 00:00:00+09:00,38603.01849657976,39427.127564229835,34786.08985541072,37995.78125,103159,0.0,0.0,0.0
2016-06-27 00:00:00+09:00,37345.16606235234,37822.284072227594,36434.30825955309,37215.04296875,50821,0.0,0.0,0.0
2016-06-28 00:00:00+09:00,37909.02963121279,39123.50403177519,37258.41421760777,38863.26171875,72160,0.0,0.0,0.0
2016-06-29 00:00:00+09:00,40077.73743450592,40164.48615916667,38776.514269428495,38950.01171875,53730,0.0,0.0,0.0
2016-06-30 00:00:00+09:00,39383.752546024785,41031.97065395528,38950.01276350378,39557.25,44009,0.0,0.0,0.0
2016-07-01 00:00:00+09:00,40207.857567375824,40511.47808138109,39557.24603263835,39817.4921875,24388,0.0,0.0,0.0
2016-07-04 00:00:00+09:00,40164.48463999962,40164.48463999962,38906.63588482899,39383.75,27143,0.0,0.0,0.0
2016-07-05 00:00:00+09:00,39383.751407178286,40858.47201848956,38950.01163719958,40815.09765625,65736,0.0,0.0,0.0
2016-07-06 00:00:00+09:00,40684.97516733737,41031.966185079255,40077.734144559974,40858.46875,33991,0.0,0.0,0.0
2016-07-07 00:00:00+09:00,41118.71643450202,42376.569033271466,41118.71643450202,42289.8203125,60196,0.0,0.0,0.0
2016-07-08 00:00:00+09:00,42506.6922539782,42506.6922539782,41205.465290551096,41769.328125,29094,0.0,0.0,0.0
2016-07-11 00:00:00+09:00,41075.340543849066,41595.83284908684,40381.35465594867,40858.46875,50150,0.0,0.0,0.0
2016-07-12 00:00:00+09:00,41118.71501676604,41639.20732344871,39470.49708377084,40598.2265625,58166,0.0,0.0,0.0
2016-07-13 00:00:00+09:00,40858.471509930634,40858.471509930634,39990.98812835373,40511.48046875,36018,0.0,0.0,0.0
2016-07-14 00:00:00+09:00,40598.22954093735,41509.08729203931,39990.988471924764,41335.58984375,44674,0.0,0.0,0.0
2016-07-15 00:00:00+09:00,41899.4541664533,41899.4541664533,40901.84765625,40901.84765625,19346,0.0,0.0,0.0
2016-07-18 00:00:00+09:00,41075.34574904906,41205.46884184812,40424.73413747088,40945.22265625,21134,0.0,0.0,0.0
2016-07-19 00:00:00+09:00,40511.47982976555,41118.71703156641,40294.608024687805,40468.10546875,15959,0.0,0.0,0.0
2016-07-20 00:00:00+09:00,40251.23302743024,40728.35099105958,39990.9868654506,40424.73046875,20757,0.0,0.0,0.0
2016-07-21 00:00:00+09:00,40077.736364767945,41075.34281932198,39687.37096663096,39947.61328125,38386,0.0,0.0,0.0
2016-07-22 00:00:00+09:00,39990.98875777924,40641.60419351473,39774.12079828435,40554.85546875,37689,0.0,0.0,0.0
2016-07-25 00:00:00+09:00,39947.61129794237,40598.2266832305,39774.11771428218,40077.734375,15500,0.0,0.0,0.0
2016-07-26 00:00:00+09:00,40511.48223633735,41335.59129217189,39947.61550963889,40901.84765625,34296,0.0,0.0,0.0
2016-07-27 00:00:00+09:00,40988.59557908084,41509.08793197305,40815.09812811677,41378.96484375,24229,0.0,0.0,0.0
2016-07-28 00:00:00+09:00,41335.58856521146,41378.962925942185,40554.853924475145,41248.83984375,32295,0.0,0.0,0.0
2016-07-29 00:00:00+09:00,41639.207384962356,41986.19840418011,40077.7343150242,40337.98046875,51250,0.0,0.0,0.0
2016-08-01 00:00:00+09:00,40728.34952610718,41118.714902618885,40337.98029717886,40858.46875,20411,0.0,0.0,0.0
2016-08-02 00:00:00+09:00,40337.9848707113,40598.23105283696,38819.889846479,39036.7578125,91204,0.0,0.0,0.0
2016-08-03 00:00:00+09:00,39036.759715095155,39904.24317871022,38950.01483590917,39166.8828125,40712,0.0,0.0,0.0
2016-08-04 00:00:00+09:00,39080.131034365964,39730.74647067082,38169.27327595612,38689.765625,46552,0.0,0.0,0.0
2016-08-05 00:00:00+09:00,38950.0131707228,38950.0131707228,37735.534832616046,38516.26953125,48127,0.0,0.0,0.0
2016-08-08 00:00:00+09:00,38169.274619671756,38993.38368225299,38169.274619671756,38516.26953125,21480,0.0,0.0,0.0
2016-08-09 00:00:00+09:00,38993.38182265822,38993.38182265822,37822.28175676561,38125.8984375,39795,0.0,0.0,0.0
2016-08-10 00:00:00+09:00,37648.78160216705,39036.75337765326,37648.78160216705,38733.13671875,17047,0.0,0.0,0.0
2016-08-11 00:00:00+09:00,38906.640370381974,39513.877637630874,38125.901787954084,39427.12890625,21317,0.0,0.0,0.0
2016-08-12 00:00:00+09:00,39557.24844719442,39557.24844719442,38256.02144587652,38386.14453125,45299,0.0,0.0,0.0
2016-08-16 00:00:00+09:00,37822.28097964084,38993.38102147116,37822.28097964084,38603.015625,23291,0.0,0.0,0.0
2016-08-17 00:00:00+09:00,38689.767318856924,38689.767318856924,37562.037698972905,37735.53515625,23495,0.0,0.0,0.0
2016-08-18 00:00:00+09:00,37735.53195947402,37778.906320118826,36607.802435125916,37518.66015625,58139,0.0,0.0,0.0
2016-08-19 00:00:00+09:00,37301.790309873635,37301.790309873635,35783.6953125,35783.6953125,105463,0.0,0.0,0.0
2016-08-22 00:00:00+09:00,36260.814687363316,36347.55956409462,35046.33633170227,35610.19921875,54192,0.0,0.0,0.0
2016-08-23 00:00:00+09:00,35566.824669709604,36521.05683297623,35480.07594101108,36130.69140625,23363,0.0,0.0,0.0
2016-08-24 00:00:00+09:00,35870.44215658104,37562.034516894804,35870.44215658104,37518.66015625,45545,0.0,0.0,0.0
2016-08-25 00:00:00+09:00,37041.54730111111,37822.281966848386,36737.92676627336,37605.41015625,28014,0.0,0.0,0.0
2016-08-26 00:00:00+09:00,37692.161128851636,37692.161128851636,36868.05205183603,36954.80078125,16900,0.0,0.0,0.0
2016-08-29 00:00:00+09:00,36781.299964058766,36781.299964058766,35046.33323902691,35393.328125,47880,0.0,0.0,0.0
2016-08-30 00:00:00+09:00,35176.45635748329,35610.19611297941,33137.86910512612,33267.9921875,154098,0.0,0.0,0.0
2016-08-31 00:00:00+09:00,33571.61238247526,34482.47009770683,33441.489301382644,34308.97265625,61164,0.0,0.0,0.0
2016-09-01 00:00:00+09:00,34092.10275400219,34786.08870608083,33311.36807636159,34439.09765625,26609,0.0,0.0,0.0
2016-09-02 00:00:00+09:00,34872.83442034756,35696.943389606706,34265.59724626625,35566.8203125,28095,0.0,0.0,0.0
2016-09-05 00:00:00+09:00,35133.08317321654,35783.69475445659,35046.33444872894,35480.07421875,19607,0.0,0.0,0.0
2016-09-06 00:00:00+09:00,36000.56591777144,36000.56591777144,34959.585095071794,35436.69921875,21175,0.0,0.0,0.0
2016-09-07 00:00:00+09:00,35436.69735011129,35870.440941871115,35176.45504747205,35306.578125,22977,0.0,0.0,0.0
2016-09-08 00:00:00+09:00,35133.082304926116,35393.328471957095,33831.855322188036,34352.34765625,82516,0.0,0.0,0.0
2016-09-09 00:00:00+09:00,34092.101489219014,34352.34765625,33831.855322188036,34352.34765625,18305,0.0,0.0,0.0
2016-09-12 00:00:00+09:00,33267.995031436025,34439.09902049672,33267.995031436025,34265.6015625,19824,0.0,0.0,0.0
2016-09-13 00:00:00+09:00,34222.22520834033,34569.216251742764,34048.72776043066,34395.72265625,13473,0.0,0.0,0.0
2016-09-19 00:00:00+09:00,34222.225366169645,34482.471539234386,33484.86506156982,33875.23046875,24435,0.0,0.0,0.0
2016-09-20 00:00:00+09:00,33571.61425304745,34786.08870608083,33571.61425304745,34439.09765625,24069,0.0,0.0,0.0
2016-09-21 00:00:00+09:00,34699.33984375,34959.58601941008,34222.225707456804,34699.33984375,18703,0.0,0.0,0.0
2016-09-22 00:00:00+09:00,34699.33955077855,35480.07421875,34395.7228674889,35480.07421875,19422,0.0,0.0,0.0
2016-09-23 00:00:00+09:00,35393.329524833745,37084.92195602276,34959.585900212485,36824.67578125,32116,0.0,0.0,0.0
2016-09-26 00:00:00+09:00,36564.428611783616,36824.67477947667,35913.81704496782,35957.19140625,17128,0.0,0.0,0.0
2016-09-27 00:00:00+09:00,35870.443819609674,36564.42976968438,35610.197643675296,36304.18359375,7643,0.0,0.0,0.0
2016-09-28 00:00:00+09:00,36781.30189398559,36781.30189398559,35436.70049270499,35523.44921875,23266,0.0,0.0,0.0
2016-09-29 00:00:00+09:00,36304.1851995204,36434.30829324306,35566.82485417578,35610.19921875,21178,0.0,0.0,0.0
2016-09-30 00:00:00+09:00,35740.32275560703,35783.697120719036,34482.47387219317,34569.21875,27862,0.0,0.0,0.0
2016-10-04 00:00:00+09:00,34569.21706122934,34786.088876194786,33875.23110575691,33918.60546875,26277,0.0,0.0,0.0
2016-10-05 00:00:00+09:00,34308.971493264995,34439.09456994678,33701.73046875,33701.73046875,31196,0.0,0.0,0.0
2016-10-06 00:00:00+09:00,34135.47599826812,34178.85035962785,33701.73238467081,33831.85546875,29776,0.0,0.0,0.0
2016-10-07 00:00:00+09:00,33788.479301161926,34135.4741734905,33398.11392220893,33441.48828125,26158,0.0,0.0,0.0
2016-10-10 00:00:00+09:00,33441.49006892927,34655.96448216804,33094.495178051424,33831.85546875,31576,0.0,0.0,0.0
2016-10-11 00:00:00+09:00,33831.85791750821,34569.218261577116,33614.986095012326,34265.6015625,12074,0.0,0.0,0.0
2016-10-12 00:00:00+09:00,33831.85539490962,34525.841322733795,33745.106672379494,34092.1015625,17826,0.0,0.0,0.0
2016-10-13 00:00:00+09:00,34092.101489219014,34482.47073976549,33745.106599844374,34352.34765625,13363,0.0,0.0,0.0
2016-10-14 00:00:00+09:00,34178.84829750718,34655.962391261535,33831.85342756466,34222.22265625,8529,0.0,0.0,0.0
2016-10-17 00:00:00+09:00,34612.58984375,34699.33856577508,33831.85519794112,34612.58984375,12447,0.0,0.0,0.0
2016-10-18 00:00:00+09:00,34439.096180691,34959.584659345164,33745.10640592969,34872.8359375,24731,0.0,0.0,0.0
2016-10-19 00:00:00+09:00,34829.46192760697,34829.46192760697,33831.85546875,33831.85546875,24040,0.0,0.0,0.0
2016-10-20 00:00:00+09:00,34525.84269823625,34525.84269823625,33745.10801677764,33918.60546875,12628,0.0,0.0,0.0
2016-10-21 00:00:00+09:00,34439.095806562465,34482.47016701385,33398.11500814599,34048.7265625,45428,0.0,0.0,0.0
2016-10-24 00:00:00+09:00,33831.857601667914,34005.35505804492,31749.897756186496,31836.646484375,65311,0.0,0.0,0.0
2016-10-25 00:00:00+09:00,32704.130571589936,32834.2498064088,31229.406102001045,31619.7734375,47115,0.0,0.0,0.0
2016-10-26 00:00:00+09:00,31055.911363686297,32920.99936350848,31055.911363686297,32877.625,34869,0.0,0.0,0.0
2016-10-27 00:00:00+09:00,32877.62268272937,34525.840675048465,32877.62268272937,34048.7265625,44969,0.0,0.0,0.0
2016-10-28 00:00:00+09:00,34048.73022107309,34655.96748022402,33614.98656995301,34569.21875,28762,0.0,0.0,0.0
2016-10-31 00:00:00+09:00,34525.84389707794,34959.58754206973,34178.852833501645,34265.6015625,32008,0.0,0.0,0.0
2016-11-01 00:00:00+09:00,34265.59893390634,34829.4617767233,34048.72712804718,34352.34765625,51368,0.0,0.0,0.0
2016-11-02 00:00:00+09:00,34569.21633084983,34612.590692926504,33441.49062169012,34135.4765625,31507,0.0,0.0,0.0
2016-11-03 00:00:00+09:00,34222.22520834033,34482.471380204835,33745.10722658873,34395.72265625,25295,0.0,0.0,0.0
2016-11-04 00:00:00+09:00,34699.339497704736,34699.339497704736,33571.61378592473,33875.23046875,16667,0.0,0.0,0.0
2016-11-07 00:00:00+09:00,34092.10283672755,34395.72337693113,33788.48229652397,34178.8515625,18233,0.0,0.0,0.0
2016-11-08 00:00:00+09:00,34308.97465115868,34308.97465115868,33875.23102229642,34178.8515625,16199,0.0,0.0,0.0
2016-11-09 00:00:00+09:00,34005.35355528237,34569.21641117237,32270.386773017977,33875.23046875,54592,0.0,0.0,0.0
2016-11-10 00:00:00+09:00,34048.728177240795,34959.5859375,33875.230727207236,34959.5859375,34691,0.0,0.0,0.0
2016-11-11 00:00:00+09:00,34959.58307941929,36043.938201061836,34569.21384875798,35827.06640625,34260,0.0,0.0,0.0
2016-11-14 00:00:00+09:00,35653.57230781751,36043.941575020035,35263.20689303198,35523.44921875,11804,0.0,0.0,0.0
2016-11-15 00:00:00+09:00,35653.57050884068,36000.56539551234,34786.08714457834,35133.08203125,19243,0.0,0.0,0.0
2016-11-16 00:00:00+09:00,35176.45737968426,36000.56640625,35089.70865558082,36000.56640625,45376,0.0,0.0,0.0
2016-11-17 00:00:00+09:00,35653.57349019538,36043.9427703437,35133.0849690814,35870.4453125,24164,0.0,0.0,0.0
2016-11-18 00:00:00+09:00,36087.31713480462,36087.31713480462,35480.07603235167,35870.4453125,16020,0.0,0.0,0.0
2016-11-21 00:00:00+09:00,35480.07350563989,36043.94020347617,35219.83118982461,35696.9453125,15455,0.0,0.0,0.0
2016-11-22 00:00:00+09:00,35610.19730548139,35696.94602996899,35349.954984435535,35480.07421875,11074,0.0,0.0,0.0
2016-11-23 00:00:00+09:00,35480.07313799933,35480.07313799933,34742.71285473226,34872.8359375,20521,0.0,0.0,0.0
2016-11-24 00:00:00+09:00,34699.33849380967,35566.821859844495,34699.33849380967,34872.8359375,19111,0.0,0.0,0.0
2016-11-25 00:00:00+09:00,34872.83743164279,34916.21179442376,34439.09765625,34439.09765625,14241,0.0,0.0,0.0
2016-11-28 00:00:00+09:00,34439.096252116666,34699.33856577508,34048.72700300382,34612.58984375,6759,0.0,0.0,0.0
2016-11-29 00:00:00+09:00,34699.33998051888,34786.08870608083,33788.482214535354,34439.09765625,22519,0.0,0.0,0.0
2016-11-30 00:00:00+09:00,34352.34596869585,34352.34596869585,33354.73956316786,33441.48828125,29559,0.0,0.0,0.0
2016-12-01 00:00:00+09:00,33831.85390396347,33831.85390396347,32227.01031271414,32660.75390625,38470,0.0,0.0,0.0
2016-12-02 00:00:00+09:00,32660.756167659296,32790.87540231275,31402.903511729084,31749.896484375,36327,0.0,0.0,0.0
2016-12-05 00:00:00+09:00,31663.147799911934,32227.012585058634,31316.154826824917,31619.7734375,29572,0.0,0.0,0.0
2016-12-06 00:00:00+09:00,31749.897756186496,32183.63947092048,30882.414326718525,31836.646484375,34456,0.0,0.0,0.0
2016-12-07 00:00:00+09:00,31880.020848469256,31880.020848469256,30795.665598530017,31836.646484375,43420,0.0,0.0,0.0
2016-12-08 00:00:00+09:00,32096.890100753466,32183.63882720689,31619.774031468154,31793.271484375,33701,0.0,0.0,0.0
2016-12-09 00:00:00+09:00,31619.772480308467,32617.380859375,31446.27696212124,32617.380859375,31585,0.0,0.0,0.0
2016-12-12 00:00:00+09:00,32704.129730016004,32964.37204537387,32096.888671875,32096.888671875,19183,0.0,0.0,0.0
2016-12-13 00:00:00+09:00,32660.755937935315,32704.130299987035,31966.76807131627,32400.509765625,48425,0.0,0.0,0.0
2016-12-14 00:00:00+09:00,32530.63353355377,32574.007896514526,32270.387355789244,32313.76171875,58807,0.0,0.0,0.0
2016-12-15 00:00:00+09:00,32443.88484997921,32704.13102808342,32096.889945840267,32183.638671875,35716,0.0,0.0,0.0
2016-12-16 00:00:00+09:00,32183.638671875,32574.007939031315,32010.14314601403,32183.638671875,42289,0.0,0.0,0.0
2016-12-19 00:00:00+09:00,32487.25958084069,32877.625,32140.26467277282,32877.625,34250,0.0,0.0,0.0
2016-12-20 00:00:00+09:00,33137.870762587336,33137.870762587336,32313.76171875,32313.76171875,27585,0.0,0.0,0.0
2016-12-21 00:00:00+09:00,32487.259170593017,32487.259170593017,31880.020015350954,32313.76171875,29573,0.0,0.0,0.0
2016-12-22 00:00:00+09:00,32313.761873558455,32357.13623672701,31923.39453125,31923.39453125,27391,0.0,0.0,0.0
2016-12-23 00:00:00+09:00,31923.393787294768,32443.884206979168,31923.393787294768,32140.263671875,24540,0.0,0.0,0.0
2016-12-26 00:00:00+09:00,32140.264308857633,32487.259212996578,32140.264308857633,32183.638671875,20218,0.0,0.0,0.0
2016-12-27 00:00:00+09:00,32183.63763770329,33961.978759437116,32096.88891445609,33311.3671875,66380,0.0,0.0,0.0
2016-12-28 00:00:00+09:00,33664.26291271142,33751.47640031713,32922.948268062886,33489.8359375,20782,180.0,0.0,0.0
2016-12-29 00:00:00+09:00,33664.26533833847,33882.29520000599,33140.984375,33140.984375,31996,0.0,0.0,0.0
2017-01-02 00:00:00+09:00,32835.741101238054,33097.377710502195,31963.6080966965,32007.21484375,36232,0.0,0.0,0.0
2017-01-03 00:00:00+09:00,31789.181108482506,32268.853389542568,31789.181108482506,32007.21484375,51938,0.0,0.0,0.0
2017-01-04 00:00:00+09:00,32007.2135671857,32225.245357228865,31876.39333124279,32050.8203125,42145,0.0,0.0,0.0
2017-01-05 00:00:00+09:00,32094.427660273595,32312.459454409538,31832.787183476405,31963.607421875,34630,0.0,0.0,0.0
2017-01-06 00:00:00+09:00,31963.60710607493,32704.919846481094,31832.786868968837,32574.099609375,36746,0.0,0.0,0.0
2017-01-09 00:00:00+09:00,32530.4921875,32748.525911478144,32225.244973930596,32530.4921875,26020,0.0,0.0,0.0
2017-01-10 00:00:00+09:00,32443.27976771499,32574.10000641563,32094.427734375,32094.427734375,27450,0.0,0.0,0.0
2017-01-11 00:00:00+09:00,32007.21484375,32050.821590803498,31832.787855536004,32007.21484375,27835,0.0,0.0,0.0
2017-01-12 00:00:00+09:00,31919.999783320007,32007.213273147416,31396.720780883887,31527.541015625,38301,0.0,0.0,0.0
2017-01-13 00:00:00+09:00,31527.542365812616,31789.180909971354,31178.690328091496,31614.755859375,19825,0.0,0.0,0.0
2017-01-16 00:00:00+09:00,31614.755786918755,31614.755786918755,31047.870016590892,31483.935546875,15451,0.0,0.0,0.0
2017-01-17 00:00:00+09:00,31222.2957377574,31832.786293492598,31222.2957377574,31527.541015625,18830,0.0,0.0,0.0
2017-01-18 00:00:00+09:00,31527.541691651262,31614.755183348738,31265.90315308721,31571.1484375,25688,0.0,0.0,0.0
2017-01-19 00:00:00+09:00,31876.39453125,31920.001278205906,31571.149239087074,31876.39453125,16290,0.0,0.0,0.0
2017-01-20 00:00:00+09:00,31745.576112538005,33097.377517187175,31745.576112538005,32879.34765625,52925,0.0,0.0,0.0
2017-01-23 00:00:00+09:00,32879.345155644856,33402.62220437634,32835.73841216252,33097.375,41902,0.0,0.0,0.0
2017-01-24 00:00:00+09:00,32966.5546875,33838.685681919436,32704.918100313735,32966.5546875,22153,0.0,0.0,0.0
2017-01-25 00:00:00+09:00,33010.16151303533,33664.26266527034,33010.16151303533,33097.375,18374,0.0,0.0,0.0
2017-01-26 00:00:00+09:00,33140.98373227961,34361.96875,33053.77024008124,34361.96875,39440,0.0,0.0,0.0
2017-01-31 00:00:00+09:00,34013.11573047271,34013.11573047271,33228.19815183803,33664.265625,26883,0.0,0.0,0.0
2017-02-01 00:00:00+09:00,33446.228947858675,33446.228947858675,32792.13166868019,33097.375,34091,0.0,0.0,0.0
2017-02-02 00:00:00+09:00,32966.55604092191,33489.83698289046,32966.55604092191,33053.76953125,10807,0.0,0.0,0.0
2017-02-03 00:00:00+09:00,33097.37650502798,33446.23046875,32835.73990529318,33446.23046875,13775,0.0,0.0,0.0
2017-02-06 00:00:00+09:00,33446.23023772642,33838.68707114615,32661.312697830264,33053.76953125,18607,0.0,0.0,0.0
2017-02-07 00:00:00+09:00,32879.34690508523,33010.16326943616,32574.099684467332,32704.919921875,15927,0.0,0.0,0.0
2017-02-08 00:00:00+09:00,32661.313176072443,32879.34690508523,32530.492938664775,32704.919921875,12670,0.0,0.0,0.0
2017-02-09 00:00:00+09:00,33010.16278608595,33053.76953125,32704.91944299431,33053.76953125,5177,0.0,0.0,0.0
2017-02-10 00:00:00+09:00,33053.770550303045,33097.37729681149,32268.852986207752,32486.88671875,19085,0.0,0.0,0.0
2017-02-13 00:00:00+09:00,32661.31288807008,32661.31288807008,32007.213643327843,32181.640625,14331,0.0,0.0,0.0
2017-02-14 00:00:00+09:00,32094.42713416392,32312.458924725765,31745.57510734796,32181.640625,21211,0.0,0.0,0.0
2017-02-15 00:00:00+09:00,32443.2798990702,32443.2798990702,32094.427864317793,32356.06640625,10045,0.0,0.0,0.0
2017-02-16 00:00:00+09:00,32356.065880864844,32748.526592183123,32138.034088883054,32574.099609375,25429,0.0,0.0,0.0
2017-02-17 00:00:00+09:00,32661.313556859528,32704.920303170482,32138.034537656484,32225.24609375,37403,0.0,0.0,0.0
2017-02-20 00:00:00+09:00,32356.065670143806,32356.065670143806,32007.213643327843,32181.640625,20563,0.0,0.0,0.0
2017-02-21 00:00:00+09:00,32312.459320268983,32356.06606622082,31614.755258096324,31701.96875,31349,0.0,0.0,0.0
2017-02-22 00:00:00+09:00,31701.969479954794,32094.428266029536,31527.542492131168,31876.39453125,33650,0.0,0.0,0.0
2017-02-23 00:00:00+09:00,31832.786053183198,33097.375836549094,31789.179308598686,32268.8515625,128152,0.0,0.0,0.0
2017-02-24 00:00:00+09:00,32268.853389542568,32486.887124810062,32007.21484375,32007.21484375,14890,0.0,0.0,0.0
2017-02-27 00:00:00+09:00,31832.787109375,32138.034331594492,31789.180363343643,31832.787109375,13259,0.0,0.0,0.0
2017-02-28 00:00:00+09:00,31920.00087867739,32399.6731526601,31832.78738585719,32356.06640625,9204,0.0,0.0,0.0
2017-03-02 00:00:00+09:00,32399.672551274307,32748.526516079863,32094.427268597803,32443.279296875,33467,0.0,0.0,0.0
2017-03-03 00:00:00+09:00,32486.886042475697,32486.886042475697,32007.213777396413,32443.279296875,41229,0.0,0.0,0.0
2017-03-06 00:00:00+09:00,32312.459529014348,32399.67302148144,31745.575701035013,32094.427734375,57097,0.0,0.0,0.0
2017-03-07 00:00:00+09:00,32225.245202014354,32225.245202014354,31701.968133819802,31789.1796875,25668,0.0,0.0,0.0
2017-03-08 00:00:00+09:00,31832.787109375,32007.214093500424,31527.54182368389,31832.787109375,23569,0.0,0.0,0.0
2017-03-09 00:00:00+09:00,31919.999542352223,32268.8515625,31789.179308598686,32268.8515625,31482,0.0,0.0,0.0
2017-03-10 00:00:00+09:00,32312.45994786559,32879.34765625,32268.853201066788,32879.34765625,24329,0.0,0.0,0.0
2017-03-13 00:00:00+09:00,33097.376198998194,33228.19643418434,32748.526111558476,32922.94921875,18899,0.0,0.0,0.0
2017-03-14 00:00:00+09:00,32835.73955750337,33315.409879483865,32443.278852472977,32792.1328125,38414,0.0,0.0,0.0
2017-03-15 00:00:00+09:00,32792.13273469976,32835.73947959967,32268.851795900726,32661.3125,23033,0.0,0.0,0.0
2017-03-16 00:00:00+09:00,32443.278540838048,32617.705519176096,32050.819776105756,32268.8515625,27610,0.0,0.0,0.0
2017-03-17 00:00:00+09:00,32399.67173359779,32399.67173359779,31832.785991623718,32138.033203125,36046,0.0,0.0,0.0
2017-03-20 00:00:00+09:00,32181.641429719253,32486.88671875,31701.96915465471,32486.88671875,28960,0.0,0.0,0.0
2017-03-21 00:00:00+09:00,32443.279692808137,32486.886438941,31483.935150941867,31963.607421875,30247,0.0,0.0,0.0
2017-03-22 00:00:00+09:00,31920.001278205906,31963.608025161815,31178.690453012332,31876.39453125,46386,0.0,0.0,0.0
2017-03-23 00:00:00+09:00,31876.393407073723,32530.492651815963,31876.393407073723,32181.640625,27901,0.0,0.0,0.0
2017-03-24 00:00:00+09:00,32356.065670143806,32486.88590639792,31614.75487109384,32181.640625,38138,0.0,0.0,0.0
2017-03-27 00:00:00+09:00,32225.24664248907,32268.853389542568,31789.181108482506,32007.21484375,26283,0.0,0.0,0.0
2017-03-28 00:00:00+09:00,32138.03448060855,32138.03448060855,31658.36220856792,32094.427734375,30011,0.0,0.0,0.0
2017-03-29 00:00:00+09:00,32094.427936702356,32661.3137047838,31876.394204160108,32486.88671875,31362,0.0,0.0,0.0
2017-03-30 00:00:00+09:00,32486.885364380993,32530.49210907149,32181.640088075837,32399.671875,16336,0.0,0.0,0.0
2017-03-31 00:00:00+09:00,32574.100428658396,33097.377517187175,32399.67344146319,32879.34765625,33159,0.0,0.0,0.0
2017-04-03 00:00:00+09:00,33315.41182104697,34100.3294037947,33140.98483086816,34056.72265625,55470,0.0,0.0,0.0
2017-04-04 00:00:00+09:00,34361.96981829899,34361.96981829899,33533.44548971279,33925.90234375,23628,0.0,0.0,0.0
2017-04-05 00:00:00+09:00,34274.75632338919,34623.610303028385,33577.05223716769,33925.90234375,36199,0.0,0.0,0.0
2017-04-06 00:00:00+09:00,34056.720184351776,34274.75390625,33533.443124852645,34274.75390625,24795,0.0,0.0,0.0
2017-04-07 00:00:00+09:00,34274.75525780163,34449.18224219837,33795.08105071061,34361.96875,17491,0.0,0.0,0.0
2017-04-10 00:00:00+09:00,34361.96755292979,34667.21476499016,33664.26351270557,34536.39453125,28001,0.0,0.0,0.0
2017-04-11 00:00:00+09:00,34536.39531060324,34536.39531060324,33140.98332560911,33577.05078125,55128,0.0,0.0,0.0
2017-04-12 00:00:00+09:00,33664.26434808784,33751.47783941216,33140.98340014194,33707.87109375,23450,0.0,0.0,0.0
2017-04-13 00:00:00+09:00,33446.23080941564,34100.328125,33446.23080941564,34100.328125,18446,0.0,0.0,0.0
2017-04-14 00:00:00+09:00,33925.901141362374,34361.96860045644,33838.68764954356,34100.328125,23366,0.0,0.0,0.0
2017-04-17 00:00:00+09:00,34013.116115649835,34449.18359375,33882.29587221979,34449.18359375,38250,0.0,0.0,0.0
2017-04-18 00:00:00+09:00,34449.18264604074,35234.100211970755,34405.57589943036,35146.88671875,45022,0.0,0.0,0.0
2017-04-19 00:00:00+09:00,35103.27854183438,35277.70552116876,34710.81783833203,34928.8515625,38613,0.0,0.0,0.0
2017-04-20 00:00:00+09:00,34928.852913210234,35321.31363188917,34841.63942017047,35016.06640625,23128,0.0,0.0,0.0
2017-04-21 00:00:00+09:00,35277.70688536929,35364.92037840906,34928.852913210234,35016.06640625,21713,0.0,0.0,0.0
2017-04-24 00:00:00+09:00,35059.67426006135,35364.921495341165,34580.00390625,34580.00390625,19189,0.0,0.0,0.0
2017-04-25 00:00:00+09:00,34580.001630180035,35539.346147715216,34536.39488515313,35190.4921875,34556,0.0,0.0,0.0
2017-04-26 00:00:00+09:00,35190.4945037527,35277.70799954693,34449.18366255865,34580.00390625,35093,0.0,0.0,0.0
2017-04-27 00:00:00+09:00,34580.00127583005,34885.2446148338,34449.1810420899,34536.39453125,18103,0.0,0.0,0.0
2017-04-28 00:00:00+09:00,34492.78754797632,34885.24437342432,32792.13226723622,34143.93359375,54112,0.0,0.0,0.0
2017-05-02 00:00:00+09:00,34013.113072115724,34187.540047747854,33577.04950609197,33620.65625,16516,0.0,0.0,0.0
2017-05-04 00:00:00+09:00,33620.65925841661,34536.39708937003,33446.23226717654,34449.18359375,33711,0.0,0.0,0.0
2017-05-08 00:00:00+09:00,34536.3947320543,34928.8515625,34405.57449755351,34928.8515625,33036,0.0,0.0,0.0
2017-05-10 00:00:00+09:00,34928.85387630462,35234.10111036039,34318.36328125,34318.36328125,37065,0.0,0.0,0.0
2017-05-11 00:00:00+09:00,34274.75632338919,34667.21705048328,33577.05223716769,33925.90234375,43937,0.0,0.0,0.0
2017-05-12 00:00:00+09:00,34100.32926280081,34361.96974698722,33620.65891484927,33795.08203125,19656,0.0,0.0,0.0
2017-05-15 00:00:00+09:00,34274.75495716696,34274.75495716696,33795.080754283306,33838.6875,19398,0.0,0.0,0.0
2017-05-16 00:00:00+09:00,33838.68584970368,33838.68584970368,33140.98182531997,33228.1953125,27317,0.0,0.0,0.0
2017-05-17 00:00:00+09:00,33053.77062425329,33271.804357283334,32356.06655161394,32617.70703125,27556,0.0,0.0,0.0
2017-05-18 00:00:00+09:00,32574.10048954402,32617.707236424325,31658.362678114387,31745.576171875,67260,0.0,0.0,0.0
2017-05-19 00:00:00+09:00,32007.21457052161,32181.641557246614,31483.935546875,31483.935546875,59337,0.0,0.0,0.0
2017-05-22 00:00:00+09:00,31396.72091808992,31832.78643260427,31396.72091808992,31789.1796875,26390,0.0,0.0,0.0
2017-05-23 00:00:00+09:00,31789.18043734354,32094.427660273595,31571.148643207598,31963.607421875,26377,0.0,0.0,0.0
2017-05-24 00:00:00+09:00,32050.818886235025,32966.5546875,31745.573619146697,32966.5546875,34144,0.0,0.0,0.0
2017-05-25 00:00:00+09:00,32966.55705728615,32966.55705728615,32138.034683210804,32486.88671875,45206,0.0,0.0,0.0
2017-05-26 00:00:00+09:00,32225.246570368836,32486.887052104274,31614.75598604298,31876.39453125,47085,0.0,0.0,0.0
2017-05-29 00:00:00+09:00,31876.394003207268,32399.67302148144,31832.78725697372,32094.427734375,47858,0.0,0.0,0.0
2017-05-30 00:00:00+09:00,31832.787313479814,32225.24609375,31658.362264764393,32225.24609375,38079,0.0,0.0,0.0
2017-05-31 00:00:00+09:00,32094.427268597803,32574.099533677087,30393.771936284145,32443.279296875,44689,0.0,0.0,0.0
2017-06-01 00:00:00+09:00,32443.27795928804,34056.719733880556,32181.63943299919,33489.8359375,48356,0.0,0.0,0.0
2017-06-02 00:00:00+09:00,34056.71956765376,34056.71956765376,32922.94810736989,33228.1953125,27607,0.0,0.0,0.0
2017-06-05 00:00:00+09:00,33228.19555482771,33795.07935257556,33053.76857919558,33620.65625,23952,0.0,0.0,0.0
2017-06-07 00:00:00+09:00,33359.01799797998,33359.01799797998,32574.100428658396,32879.34765625,26494,0.0,0.0,0.0
2017-06-08 00:00:00+09:00,32574.098932295627,32966.55576239964,32094.42667607203,32530.4921875,29218,0.0,0.0,0.0
2017-06-09 00:00:00+09:00,32443.27944705966,32704.919921875,32181.64090877269,32704.919921875,25678,0.0,0.0,0.0
2017-06-12 00:00:00+09:00,32661.3140399279,32661.3140399279,31832.787784294094,31876.39453125,33994,0.0,0.0,0.0
2017-06-13 00:00:00+09:00,31876.39325479028,33838.6871065858,31701.968210479758,31920.0,39027,0.0,0.0,0.0
2017-06-14 00:00:00+09:00,32181.64090877269,32704.919921875,31745.57538727549,32704.919921875,34871,0.0,0.0,0.0
2017-06-15 00:00:00+09:00,32617.707103641627,33010.163950909926,32399.67337012768,32748.52734375,32521,0.0,0.0,0.0
2017-06-16 00:00:00+09:00,32443.279692808137,32748.52691573819,31963.607421875,31963.607421875,30802,0.0,0.0,0.0
2017-06-19 00:00:00+09:00,31963.60710607493,32574.099609375,31832.786868968837,32574.099609375,21008,0.0,0.0,0.0
2017-06-20 00:00:00+09:00,32617.707236424325,32617.707236424325,31571.14918435377,31745.576171875,42819,0.0,0.0,0.0
2017-06-21 00:00:00+09:00,31745.57602696251,31832.787583796606,31265.90374999715,31483.935546875,22953,0.0,0.0,0.0
2017-06-22 00:00:00+09:00,31353.114035970182,31789.179548578893,31265.902482671103,31527.541015625,18831,0.0,0.0,0.0
2017-06-23 00:00:00+09:00,31876.392959459434,31876.392959459434,31353.113958319296,31396.720703125,27738,0.0,0.0,0.0
2017-06-26 00:00:00+09:00,31440.328597168904,31571.14883636789,30873.442830501688,31091.4765625,32446,0.0,0.0,0.0
2017-06-27 00:00:00+09:00,30917.04950370358,31265.90347407495,30873.44275740716,30960.65625,28044,0.0,0.0,0.0
2017-06-28 00:00:00+09:00,30786.230995650352,30960.65604314226,30524.590519619927,30568.197265625,39923,0.0,0.0,0.0
2017-06-29 00:00:00+09:00,30611.80408590325,30829.83781645762,30480.98384757063,30699.017578125,22316,0.0,0.0,0.0
2017-06-30 00:00:00+09:00,30742.62310961431,31309.506913601683,30524.589387674318,30873.44140625,15330,0.0,0.0,0.0
2017-07-03 00:00:00+09:00,30742.624115367686,30786.23086118229,30132.13161049158,30306.55859375,41432,0.0,0.0,0.0
2017-07-04 00:00:00+09:00,30175.73828125,30524.590310370775,29478.034223008453,30175.73828125,44547,0.0,0.0,0.0
2017-07-05 00:00:00+09:00,30175.73789613261,31004.262180918555,30175.73789613261,30655.41015625,23174,0.0,0.0,0.0
2017-07-06 00:00:00+09:00,30655.411362461702,30786.231603057975,30437.377628134574,30480.984375,9977,0.0,0.0,0.0
2017-07-07 00:00:00+09:00,30480.98397726776,31091.476488889264,30393.77242120331,30960.65625,16615,0.0,0.0,0.0
2017-07-10 00:00:00+09:00,31178.689161517003,31178.689161517003,30306.558131581445,30655.41015625,14545,0.0,0.0,0.0
2017-07-11 00:00:00+09:00,30088.525111285748,30175.73860362977,29434.42779176235,29565.24609375,73651,0.0,0.0,0.0
2017-07-12 00:00:00+09:00,29565.245226267885,29826.885695623085,27951.803411357465,27995.41015625,145917,0.0,0.0,0.0
2017-07-13 00:00:00+09:00,28039.01742739078,28431.476202261085,27733.770207414036,27777.376953125,86769,0.0,0.0,0.0
2017-07-14 00:00:00+09:00,27908.196582161432,29259.99986016153,27733.7696031182,28998.361328125,68313,0.0,0.0,0.0
2017-07-17 00:00:00+09:00,28998.362804431796,29608.853389106545,28736.722322546826,29347.21484375,47883,0.0,0.0,0.0
2017-07-18 00:00:00+09:00,29478.03342331982,30132.130718110686,29172.78621165766,29870.4921875,37714,0.0,0.0,0.0
2017-07-19 00:00:00+09:00,30132.131887700933,30873.44270031239,30088.525141485152,30829.837890625,34491,0.0,0.0,0.0
2017-07-20 00:00:00+09:00,30786.23052862268,31135.08255484278,30655.410292592012,30917.048828125,39058,0.0,0.0,0.0
2017-07-21 00:00:00+09:00,30655.410292592012,31135.08255484278,30655.410292592012,30917.048828125,15027,0.0,0.0,0.0
2017-07-24 00:00:00+09:00,31222.29609885984,32356.065670143806,30917.048880933566,32181.640625,41329,0.0,0.0,0.0
2017-07-25 00:00:00+09:00,32181.640109812306,32268.851662723886,31222.29559903005,31265.90234375,22049,0.0,0.0,0.0
2017-07-26 00:00:00+09:00,31178.690328091496,31832.787656752545,30742.624796807995,31614.755859375,20085,0.0,0.0,0.0
2017-07-27 00:00:00+09:00,31658.361853723894,31832.786900174644,31265.90307854925,31440.328125,34032,0.0,0.0,0.0
2017-07-28 00:00:00+09:00,31265.90226508069,31745.574519264897,31091.475286639772,31135.08203125,29325,0.0,0.0,0.0
2017-07-31 00:00:00+09:00,31222.29619868246,31527.541481056298,30960.655725337718,31178.689453125,16160,0.0,0.0,0.0
2017-08-01 00:00:00+09:00,31178.690534165657,31265.904028304474,30524.591264652958,30742.625,16001,0.0,0.0,0.0
2017-08-02 00:00:00+09:00,30786.23052862268,31004.26231881211,30786.23052862268,30917.048828125,5665,0.0,0.0,0.0
2017-08-03 00:00:00+09:00,30873.44270031239,30917.04944652817,30350.165618779825,30829.837890625,18770,0.0,0.0,0.0
2017-08-04 00:00:00+09:00,30437.37650668,30829.83721400875,30262.951462173343,30786.23046875,13801,0.0,0.0,0.0
2017-08-07 00:00:00+09:00,30873.442022739153,31004.262258515402,30655.41023297375,30786.23046875,14939,0.0,0.0,0.0
2017-08-08 00:00:00+09:00,30393.77154515972,30829.837059026766,30350.164800120183,30524.58984375,14456,0.0,0.0,0.0
2017-08-09 00:00:00+09:00,30655.411434467853,30742.624928403555,30262.952648285598,30611.8046875,13001,0.0,0.0,0.0
2017-08-10 00:00:00+09:00,30611.803936718432,30611.803936718432,30132.131668364862,30437.376953125,22907,0.0,0.0,0.0
2017-08-11 00:00:00+09:00,30437.37613593989,30437.37613593989,29652.458603899708,30132.130859375,17026,0.0,0.0,0.0
2017-08-14 00:00:00+09:00,30132.131323541336,30524.590095607004,29696.06580607633,29783.279296875,11764,0.0,0.0,0.0
2017-08-16 00:00:00+09:00,30393.77276241096,30524.59106624043,29914.100484293805,30350.166015625,10932,0.0,0.0,0.0
2017-08-17 00:00:00+09:00,30350.165943170574,30524.590993369606,30175.73895644314,30219.345703125,12961,0.0,0.0,0.0
2017-08-18 00:00:00+09:00,30524.590992944282,31614.755786918755,30350.165942747684,31483.935546875,20543,0.0,0.0,0.0
2017-08-21 00:00:00+09:00,31483.935827123092,31483.935827123092,30655.411505861182,30742.625,11308,0.0,0.0,0.0
2017-08-22 00:00:00+09:00,30917.048550746284,30917.048550746284,30088.524269708698,30393.771484375,10638,0.0,0.0,0.0
2017-08-23 00:00:00+09:00,30611.80319407028,30611.80319407028,30175.737682194096,30262.951171875,7165,0.0,0.0,0.0
2017-08-24 00:00:00+09:00,30219.3452908841,30306.558783058084,29172.787257853048,29434.427734375,42915,0.0,0.0,0.0
2017-08-25 00:00:00+09:00,29434.42846348479,30088.525797935326,29434.42846348479,29608.853515625,16808,0.0,0.0,0.0
2017-08-28 00:00:00+09:00,29870.49271081063,30044.91775543079,29478.033939754838,29652.458984375,13682,0.0,0.0,0.0
2017-08-29 00:00:00+09:00,29870.49271081063,29870.49271081063,29303.606958606335,29652.458984375,13219,0.0,0.0,0.0
2017-08-30 00:00:00+09:00,29652.458984375,29696.065729662125,29260.00021331921,29652.458984375,19168,0.0,0.0,0.0
2017-08-31 00:00:00+09:00,29652.460208068303,29914.100690588402,29303.608167903265,29478.03515625,16139,0.0,0.0,0.0
2017-09-01 00:00:00+09:00,29390.819856268856,29957.70366050885,29303.60636745399,29739.671875,14767,0.0,0.0,0.0
2017-09-04 00:00:00+09:00,29739.671875,29739.671875,29739.671875,29739.671875,0,0.0,0.0,0.0
2017-09-05 00:00:00+09:00,29216.39413369122,29957.70494740552,29085.57389484927,29696.06640625,21345,0.0,0.0,0.0
2017-09-06 00:00:00+09:00,29696.06640625,29957.70494740552,29390.82111881383,29696.06640625,7457,0.0,0.0,0.0
2017-09-07 00:00:00+09:00,29739.67322597332,29957.70502138662,29478.03468417168,29826.88671875,16216,0.0,0.0,0.0
2017-09-08 00:00:00+09:00,29739.671872049108,29826.885360855315,28344.261860734678,28605.900390625,58647,0.0,0.0,0.0
2017-09-11 00:00:00+09:00,28257.04837192847,29085.572642530846,28257.04837192847,28605.900390625,23922,0.0,0.0,0.0
2017-09-12 00:00:00+09:00,28518.68937630201,28780.327911127682,28387.869140625,28387.869140625,47124,0.0,0.0,0.0
2017-09-13 00:00:00+09:00,28780.328125,29260.00038951856,28475.08284268032,28780.328125,33303,0.0,0.0,0.0
2017-09-14 00:00:00+09:00,28736.721353646502,30132.131400399463,28693.114608135937,29914.099609375,28085,0.0,0.0,0.0
2017-09-15 00:00:00+09:00,29303.607825298466,30088.525390625,29303.607825298466,30088.525390625,29124,0.0,0.0,0.0
2017-09-18 00:00:00+09:00,29739.673078438045,29826.886570782066,29390.821045590343,29565.24609375,27474,0.0,0.0,0.0
2017-09-19 00:00:00+09:00,29565.245493800747,29783.279220236378,29172.786722744957,29652.458984375,28404,0.0,0.0,0.0
2017-09-20 00:00:00+09:00,29783.280304083917,30175.739089421728,29216.39453125,29216.39453125,29651,0.0,0.0,0.0
2017-09-21 00:00:00+09:00,29172.78718394545,29652.45945315876,29041.968882544275,29303.607421875,18933,0.0,0.0,0.0
2017-09-25 00:00:00+09:00,29957.70502138662,30001.31176777496,29478.03468417168,29826.88671875,19916,0.0,0.0,0.0
2017-09-26 00:00:00+09:00,29826.88671875,29826.88671875,29826.88671875,29826.88671875,0,0.0,0.0,0.0
2017-09-27 00:00:00+09:00,29652.458984375,29739.67247494925,29347.21370389346,29652.458984375,9617,0.0,0.0,0.0
2017-09-28 00:00:00+09:00,29652.459343059287,30350.165339564606,29565.245851430078,30306.55859375,38953,0.0,0.0,0.0
2017-09-29 00:00:00+09:00,30350.16587260923,31396.721980955477,30350.16587260923,31353.115234375,52135,0.0,0.0,0.0
2017-10-10 00:00:00+09:00,31396.72085800014,32050.820096783962,30524.589830640598,31658.361328125,42318,0.0,0.0,0.0
2017-10-11 00:00:00+09:00,32007.213031521245,32268.8515625,31440.32728845091,32268.8515625,27598,0.0,0.0,0.0
2017-10-12 00:00:00+09:00,32268.85188535968,32268.85188535968,31658.361328125,31658.361328125,18351,0.0,0.0,0.0
2017-10-13 00:00:00+09:00,31483.93445145769,33097.37627641405,31483.93445145769,33053.76953125,69158,0.0,0.0,0.0
2017-10-16 00:00:00+09:00,33140.98309848476,33359.01682481096,32486.88579256285,33184.58984375,35098,0.0,0.0,0.0
2017-10-17 00:00:00+09:00,33228.196626401135,33228.196626401135,32007.2135671857,32050.8203125,24321,0.0,0.0,0.0
2017-10-18 00:00:00+09:00,31876.393721912795,32399.67273556927,31483.934945802528,31571.1484375,22428,0.0,0.0,0.0
2017-10-19 00:00:00+09:00,31571.147675052805,32617.705677091257,31483.93418546155,32530.4921875,19272,0.0,0.0,0.0
2017-10-20 00:00:00+09:00,32704.920303170482,32748.527049481432,31832.787313479814,32225.24609375,11245,0.0,0.0,0.0
2017-10-23 00:00:00+09:00,32225.244755597058,32443.278478097975,31832.785991623718,32138.033203125,7708,0.0,0.0,0.0
2017-10-24 00:00:00+09:00,32138.03387958196,32748.526378906157,31571.1481256758,32181.640625,22748,0.0,0.0,0.0
2017-10-25 00:00:00+09:00,32225.245568871527,32704.91977047917,32181.640759799193,32443.279296875,14475,0.0,0.0,0.0
2017-10-26 00:00:00+09:00,32704.91977047917,32704.91977047917,32138.034014198496,32443.279296875,16178,0.0,0.0,0.0
2017-10-27 00:00:00+09:00,32399.673225733102,32704.920451292248,32138.034683210804,32486.88671875,16904,0.0,0.0,0.0
2017-10-30 00:00:00+09:00,32530.491126818542,33010.1614308738,32399.670896697146,32966.5546875,25604,0.0,0.0,0.0
2017-10-31 00:00:00+09:00,33053.77001523872,33053.77001523872,32530.492938664775,32704.919921875,10003,0.0,0.0,0.0
2017-11-01 00:00:00+09:00,32530.492938664775,32966.556523633604,32225.245718046877,32704.919921875,15271,0.0,0.0,0.0
2017-11-02 00:00:00+09:00,32268.852463849435,32966.556523633604,32268.852463849435,32704.919921875,24613,0.0,0.0,0.0
2017-11-03 00:00:00+09:00,32792.13257721447,32879.34606659546,32138.03334338534,32399.671875,24102,0.0,0.0,0.0
2017-11-06 00:00:00+09:00,32181.640834585087,32704.919846481094,32181.640834585087,32574.099609375,9354,0.0,0.0,0.0
2017-11-07 00:00:00+09:00,32574.09920750217,33097.37627641405,32574.09920750217,33053.76953125,43823,0.0,0.0,0.0
2017-11-08 00:00:00+09:00,33010.161835287545,33969.50632820769,32792.13198880395,33620.65625,31143,0.0,0.0,0.0
2017-11-09 00:00:00+09:00,33620.656330462814,33882.292921480606,33184.58889033887,33751.4765625,24587,0.0,0.0,0.0
2017-11-10 00:00:00+09:00,33925.900872706,33925.900872706,33184.5900711732,33577.05078125,15032,0.0,0.0,0.0
2017-11-13 00:00:00+09:00,33751.47795648962,33969.5078125,33053.77002347487,33969.5078125,37187,0.0,0.0,0.0
2017-11-14 00:00:00+09:00,33664.26271646573,35408.52471229865,33577.04922936844,35364.91796875,150086,0.0,0.0,0.0
2017-11-15 00:00:00+09:00,35452.134090539366,36062.62467253368,34710.819395120125,35408.52734375,77383,0.0,0.0,0.0
2017-11-16 00:00:00+09:00,34972.45802393637,35408.52546873867,34143.93375186862,34405.57421875,36535,0.0,0.0,0.0
2017-11-17 00:00:00+09:00,34187.54191213907,34928.85272594587,34143.93516585298,34623.609375,18353,0.0,0.0,0.0
2017-11-20 00:00:00+09:00,34449.18124238711,35146.88528666797,34449.18124238711,34928.8515625,17927,0.0,0.0,0.0
2017-11-21 00:00:00+09:00,35103.27940785962,35103.27940785962,34100.328125,34100.328125,28704,0.0,0.0,0.0
2017-11-22 00:00:00+09:00,34013.11618358749,34885.247268472885,34013.11618358749,34580.00390625,31003,0.0,0.0,0.0
2017-11-23 00:00:00+09:00,34536.39599537714,34972.45958660741,33969.50829180396,34885.24609375,22147,0.0,0.0,0.0
2017-11-24 00:00:00+09:00,34885.24567831258,34885.24567831258,33795.08090363415,34100.328125,22885,0.0,0.0,0.0
2017-11-27 00:00:00+09:00,34100.32716292141,34885.24469408897,33838.68669484668,34667.21484375,24775,0.0,0.0,0.0
2017-11-28 00:00:00+09:00,34274.75366540907,34623.60761799492,33620.6563773672,33882.29296875,24869,0.0,0.0,0.0
2017-11-29 00:00:00+09:00,33838.68757505973,34405.575270634225,33620.657719049355,33969.5078125,18516,0.0,0.0,0.0
2017-11-30 00:00:00+09:00,33577.05055113716,34013.114130732865,33053.76960795428,33184.58984375,29741,0.0,0.0,0.0
2017-12-01 00:00:00+09:00,33228.19736690181,34667.216121286096,32792.13377709766,34623.609375,34970,0.0,0.0,0.0
2017-12-04 00:00:00+09:00,34623.60963248226,36193.44476434229,34536.3961392615,35146.88671875,108529,0.0,0.0,0.0
2017-12-05 00:00:00+09:00,35103.281043976735,35103.281043976735,34056.722966429035,34710.8203125,35290,0.0,0.0,0.0
2017-12-06 00:00:00+09:00,34710.818261837034,34710.818261837034,33228.19666551872,33315.41015625,37411,0.0,0.0,0.0
2017-12-07 00:00:00+09:00,33228.19514774279,33925.899168667034,32748.52484368753,32966.5546875,59005,0.0,0.0,0.0
2017-12-08 00:00:00+09:00,33010.16278608595,33882.2938163102,32443.27897201003,33053.76953125,36641,0.0,0.0,0.0
2017-12-11 00:00:00+09:00,33053.7712677089,33925.90234375,32181.64212819624,33925.90234375,43964,0.0,0.0,0.0
2017-12-12 00:00:00+09:00,33925.89933688371,34013.11282406374,32835.7384932464,33228.1953125,21609,0.0,0.0,0.0
2017-12-13 00:00:00+09:00,33359.01785049535,33882.294936710656,32486.88679143197,32617.70703125,54270,0.0,0.0,0.0
2017-12-14 00:00:00+09:00,32530.49359416822,32574.100340849473,31309.508560149996,31483.935546875,119530,0.0,0.0,0.0
2017-12-15 00:00:00+09:00,32050.82104503458,32225.24609375,31527.542025831535,32225.24609375,18247,0.0,0.0,0.0
2017-12-18 00:00:00+09:00,32268.853389542568,32530.49387186356,31658.362803850432,32007.21484375,18992,0.0,0.0,0.0
2017-12-19 00:00:00+09:00,32268.85330915939,33184.59112194487,32225.246562214517,33140.984375,44739,0.0,0.0,0.0
2017-12-21 00:00:00+09:00,33140.98404331994,33533.44476189598,32486.88671875,32486.88671875,40095,0.0,0.0,0.0
2017-12-22 00:00:00+09:00,32486.88571717408,33140.98302157809,32486.88571717408,33053.76953125,46245,0.0,0.0,0.0
2017-12-26 00:00:00+09:00,33664.26593847312,34361.97002897225,33140.9849658061,34318.36328125,71186,0.0,0.0,0.0
2017-12-27 00:00:00+09:00,34721.55078125,34900.9921875,33555.1953125,34900.9921875,37716,294.118,1.0,0.0
2017-12-28 00:00:00+09:00,34631.83203125,34856.12890625,33869.21484375,34856.12890625,26002,0.0,0.0,0.0
2018-01-02 00:00:00+09:00,34272.953125,35035.5703125,33958.93359375,34362.671875,20628,0.0,0.0,0.0
2018-01-03 00:00:00+09:00,34362.671875,34362.671875,33689.7734375,34048.65234375,35110,0.0,0.0,0.0
2018-01-04 00:00:00+09:00,34003.79296875,34856.12890625,33644.9140625,33644.9140625,52287,0.0,0.0,0.0
2018-01-05 00:00:00+09:00,33644.9140625,35035.5703125,33644.9140625,34766.41015625,45455,0.0,0.0,0.0
2018-01-08 00:00:00+09:00,34990.7109375,34990.7109375,34138.37109375,34317.8125,64422,0.0,0.0,0.0
2018-01-09 00:00:00+09:00,34272.953125,34676.69140625,33914.07421875,34542.11328125,46523,0.0,0.0,0.0
2018-01-10 00:00:00+09:00,34542.11328125,35708.46875,34272.953125,35708.46875,55717,0.0,0.0,0.0
2018-01-11 00:00:00+09:00,35708.46875,36605.66796875,35304.73046875,36515.9453125,96335,0.0,0.0,0.0
2018-01-12 00:00:00+09:00,36426.2265625,37188.84375,35932.76953125,37188.84375,71017,0.0,0.0,0.0
2018-01-15 00:00:00+09:00,37143.984375,41136.515625,37099.125,40329.03515625,219533,0.0,0.0,0.0
2018-01-16 00:00:00+09:00,40284.17578125,41943.9921875,40149.59765625,41001.93359375,134165,0.0,0.0,0.0
2018-01-17 00:00:00+09:00,41226.234375,41585.11328125,40643.0546875,41271.09375,97010,0.0,0.0,0.0
2018-01-18 00:00:00+09:00,41360.8125,41719.69140625,40643.0546875,41405.67578125,53534,0.0,0.0,0.0
2018-01-19 00:00:00+09:00,41450.53515625,42572.03125,41226.234375,41899.1328125,76824,0.0,0.0,0.0
2018-01-22 00:00:00+09:00,41943.9921875,43155.2109375,41943.9921875,42886.05078125,68882,0.0,0.0,0.0
2018-01-23 00:00:00+09:00,43244.9296875,43244.9296875,41719.69140625,42168.29296875,57296,0.0,0.0,0.0
2018-01-24 00:00:00+09:00,42616.890625,42886.05078125,41809.4140625,41899.1328125,48560,0.0,0.0,0.0
2018-01-25 00:00:00+09:00,41809.4140625,43424.3671875,41809.4140625,42706.609375,63642,0.0,0.0,0.0
2018-01-26 00:00:00+09:00,42706.609375,43200.0703125,42347.73046875,42930.91015625,76576,0.0,0.0,0.0
2018-01-29 00:00:00+09:00,42930.91015625,43334.6484375,42572.03125,42930.91015625,49501,0.0,0.0,0.0
2018-01-30 00:00:00+09:00,42168.29296875,42616.890625,40643.0546875,41450.53515625,61472,0.0,0.0,0.0
2018-01-31 00:00:00+09:00,41091.65625,42168.29296875,40732.77734375,41405.67578125,46744,0.0,0.0,0.0
2018-02-01 00:00:00+09:00,41136.515625,42572.03125,41136.515625,41629.97265625,44069,0.0,0.0,0.0
2018-02-02 00:00:00+09:00,41809.4140625,41809.4140625,39162.6796875,39701.0,66405,0.0,0.0,0.0
2018-02-05 00:00:00+09:00,37727.1640625,39028.1015625,37637.4453125,37682.3046875,77227,0.0,0.0,0.0
2018-02-06 00:00:00+09:00,37592.58203125,39028.1015625,36605.66796875,38400.0625,85821,0.0,0.0,0.0
2018-02-07 00:00:00+09:00,38848.66015625,40059.87890625,38265.48046875,39117.8203125,112342,0.0,0.0,0.0
2018-02-08 00:00:00+09:00,39117.8203125,39790.71875,37592.58203125,37996.32421875,126677,0.0,0.0,0.0
2018-02-09 00:00:00+09:00,37009.40625,37996.32421875,36201.92578125,36471.0859375,76357,0.0,0.0,0.0
2018-02-12 00:00:00+09:00,36605.66796875,39566.41796875,36605.66796875,39162.6796875,75499,0.0,0.0,0.0
2018-02-13 00:00:00+09:00,39162.6796875,39207.5390625,37502.86328125,37502.86328125,94117,0.0,0.0,0.0
2018-02-14 00:00:00+09:00,37727.1640625,38534.640625,36336.5078125,38534.640625,41346,0.0,0.0,0.0
2018-02-19 00:00:00+09:00,38624.359375,39297.2578125,38220.62109375,39297.2578125,36583,0.0,0.0,0.0
2018-02-20 00:00:00+09:00,38669.22265625,39252.3984375,37772.0234375,37951.46484375,21543,0.0,0.0,0.0
2018-02-21 00:00:00+09:00,37772.0234375,38938.37890625,37637.4453125,38893.51953125,31406,0.0,0.0,0.0
2018-02-22 00:00:00+09:00,38444.921875,38444.921875,37054.265625,37143.984375,392660,0.0,0.0,0.0
2018-02-23 00:00:00+09:00,37816.8828125,37861.7421875,37278.56640625,37592.58203125,30613,0.0,0.0,0.0
2018-02-26 00:00:00+09:00,37816.8828125,38803.80078125,37099.125,37682.3046875,37073,0.0,0.0,0.0
2018-02-27 00:00:00+09:00,37637.4453125,37682.3046875,36874.82421875,37009.40625,24054,0.0,0.0,0.0
2018-02-28 00:00:00+09:00,37323.42578125,37323.42578125,35887.91015625,36157.06640625,25756,0.0,0.0,0.0
2018-03-02 00:00:00+09:00,35932.76953125,37233.703125,35439.30859375,37143.984375,39762,0.0,0.0,0.0
2018-03-05 00:00:00+09:00,37143.984375,37637.4453125,36157.06640625,36201.92578125,29234,0.0,0.0,0.0
2018-03-06 00:00:00+09:00,37188.84375,37682.3046875,36291.6484375,37233.703125,32338,0.0,0.0,0.0
2018-03-07 00:00:00+09:00,37637.4453125,37637.4453125,36829.96484375,36964.546875,39762,0.0,0.0,0.0
2018-03-08 00:00:00+09:00,36964.546875,37592.58203125,36785.10546875,37099.125,34314,0.0,0.0,0.0
2018-03-09 00:00:00+09:00,37682.3046875,37951.46484375,37278.56640625,37816.8828125,51581,0.0,0.0,0.0
2018-03-12 00:00:00+09:00,38130.90234375,38130.90234375,37054.265625,37816.8828125,30683,0.0,0.0,0.0
2018-03-13 00:00:00+09:00,37772.0234375,37772.0234375,36874.82421875,37323.42578125,20756,0.0,0.0,0.0
2018-03-14 00:00:00+09:00,36829.96484375,37233.703125,36336.5078125,36695.38671875,37529,0.0,0.0,0.0
2018-03-15 00:00:00+09:00,36695.38671875,37099.125,35887.91015625,36336.5078125,20549,0.0,0.0,0.0
2018-03-16 00:00:00+09:00,36067.34765625,36785.10546875,35932.76953125,36785.10546875,29506,0.0,0.0,0.0
2018-03-19 00:00:00+09:00,37054.265625,37502.86328125,36426.2265625,36426.2265625,13633,0.0,0.0,0.0
2018-03-20 00:00:00+09:00,36426.2265625,36919.6875,36157.06640625,36919.6875,18221,0.0,0.0,0.0
2018-03-21 00:00:00+09:00,36381.3671875,36829.96484375,36112.20703125,36650.52734375,49748,0.0,0.0,0.0
2018-03-22 00:00:00+09:00,36650.52734375,37009.40625,35887.91015625,35932.76953125,28683,0.0,0.0,0.0
2018-03-23 00:00:00+09:00,36067.34765625,36426.2265625,35304.73046875,35304.73046875,46667,0.0,0.0,0.0
2018-03-26 00:00:00+09:00,34811.26953125,36471.0859375,34811.26953125,36471.0859375,32164,0.0,0.0,0.0
2018-03-27 00:00:00+09:00,36067.34765625,36740.24609375,35977.62890625,36336.5078125,21232,0.0,0.0,0.0
2018-03-28 00:00:00+09:00,35798.1875,36381.3671875,35484.16796875,35887.91015625,15699,0.0,0.0,0.0
2018-03-29 00:00:00+09:00,35887.91015625,36381.3671875,35349.58984375,36381.3671875,14670,0.0,0.0,0.0
2018-03-30 00:00:00+09:00,36381.3671875,36381.3671875,35932.76953125,36067.34765625,12592,0.0,0.0,0.0
2018-04-02 00:00:00+09:00,36381.3671875,36560.8046875,35708.46875,36246.7890625,27033,0.0,0.0,0.0
2018-04-03 00:00:00+09:00,36426.2265625,36695.38671875,35439.30859375,36650.52734375,25049,0.0,0.0,0.0
2018-04-04 00:00:00+09:00,36067.34765625,36829.96484375,35887.91015625,36246.7890625,27993,0.0,0.0,0.0
2018-04-05 00:00:00+09:00,36471.0859375,36740.24609375,36201.92578125,36381.3671875,27798,0.0,0.0,0.0
2018-04-06 00:00:00+09:00,36022.48828125,36291.6484375,35439.30859375,35439.30859375,22045,0.0,0.0,0.0
2018-04-09 00:00:00+09:00,35573.890625,35573.890625,34542.11328125,35035.5703125,20125,0.0,0.0,0.0
2018-04-10 00:00:00+09:00,34990.7109375,35170.1484375,34183.234375,34497.25,25982,0.0,0.0,0.0
2018-04-11 00:00:00+09:00,34497.25,34945.8515625,33958.93359375,34766.41015625,27569,0.0,0.0,0.0
2018-04-12 00:00:00+09:00,34542.11328125,34542.11328125,33644.9140625,33869.21484375,28004,0.0,0.0,0.0
2018-04-13 00:00:00+09:00,33644.9140625,34138.37109375,32164.537109375,32433.697265625,55147,0.0,0.0,0.0
2018-04-16 00:00:00+09:00,32882.296875,32882.296875,31491.638671875,32254.2578125,55764,0.0,0.0,0.0
2018-04-17 00:00:00+09:00,31850.517578125,31940.23828125,31626.21875,31850.517578125,34176,0.0,0.0,0.0
2018-04-18 00:00:00+09:00,31985.09765625,32837.4375,31805.658203125,32164.537109375,42540,0.0,0.0,0.0
2018-04-19 00:00:00+09:00,32523.416015625,34093.51171875,32254.2578125,33420.61328125,58165,0.0,0.0,0.0
2018-04-20 00:00:00+09:00,33241.17578125,34766.41015625,32209.3984375,34183.234375,62017,0.0,0.0,0.0
2018-04-23 00:00:00+09:00,34362.671875,34631.83203125,33151.45703125,33286.03515625,27398,0.0,0.0,0.0
2018-04-24 00:00:00+09:00,33286.03515625,34003.79296875,32613.13671875,33958.93359375,33675,0.0,0.0,0.0
2018-04-25 00:00:00+09:00,33914.07421875,33914.07421875,32343.9765625,32478.556640625,51645,0.0,0.0,0.0
2018-04-26 00:00:00+09:00,32792.57421875,32972.015625,31895.37890625,32254.2578125,26784,0.0,0.0,0.0
2018-04-27 00:00:00+09:00,31895.37890625,32568.27734375,31491.638671875,31895.37890625,33165,0.0,0.0,0.0
2018-04-30 00:00:00+09:00,32478.556640625,32702.85546875,31581.359375,31805.658203125,28907,0.0,0.0,0.0
2018-05-02 00:00:00+09:00,31850.517578125,32927.15625,31132.759765625,32164.537109375,34120,0.0,0.0,0.0
2018-05-03 00:00:00+09:00,31985.09765625,32433.697265625,31491.638671875,31715.939453125,23007,0.0,0.0,0.0
2018-05-04 00:00:00+09:00,31312.19921875,32074.818359375,31043.041015625,31043.041015625,29062,0.0,0.0,0.0
2018-05-08 00:00:00+09:00,31132.759765625,31940.23828125,29562.6640625,29562.6640625,47552,0.0,0.0,0.0
2018-05-09 00:00:00+09:00,30325.283203125,31715.939453125,29562.6640625,31446.779296875,40247,0.0,0.0,0.0
2018-05-10 00:00:00+09:00,30953.3203125,31581.359375,30504.72265625,31043.041015625,17211,0.0,0.0,0.0
2018-05-11 00:00:00+09:00,31267.33984375,31940.23828125,30953.3203125,31940.23828125,17512,0.0,0.0,0.0
2018-05-14 00:00:00+09:00,31312.19921875,32209.3984375,31267.33984375,31715.939453125,15805,0.0,0.0,0.0
2018-05-15 00:00:00+09:00,31312.19921875,32119.677734375,31312.19921875,32029.958984375,13566,0.0,0.0,0.0
2018-05-16 00:00:00+09:00,31581.359375,31985.09765625,31267.33984375,31536.5,13274,0.0,0.0,0.0
2018-05-17 00:00:00+09:00,31491.638671875,31940.23828125,31312.19921875,31850.517578125,17059,0.0,0.0,0.0
2018-05-18 00:00:00+09:00,31850.517578125,32209.3984375,31401.919921875,32209.3984375,18772,0.0,0.0,0.0
2018-05-21 00:00:00+09:00,31850.517578125,33151.45703125,31446.779296875,32657.99609375,39283,0.0,0.0,0.0
2018-05-23 00:00:00+09:00,32119.677734375,32657.99609375,32119.677734375,32388.837890625,20060,0.0,0.0,0.0
2018-05-24 00:00:00+09:00,31760.798828125,32702.85546875,31760.798828125,32478.556640625,7516,0.0,0.0,0.0
2018-05-25 00:00:00+09:00,32613.13671875,32657.99609375,31760.798828125,32119.677734375,15597,0.0,0.0,0.0
2018-05-28 00:00:00+09:00,32209.3984375,32568.27734375,31491.638671875,31536.5,22559,0.0,0.0,0.0
2018-05-29 00:00:00+09:00,31446.779296875,31671.078125,30729.021484375,30729.021484375,25399,0.0,0.0,0.0
2018-05-30 00:00:00+09:00,30729.021484375,31222.48046875,29742.103515625,31222.48046875,20468,0.0,0.0,0.0
2018-05-31 00:00:00+09:00,31581.359375,31581.359375,30370.142578125,30370.142578125,20814,0.0,0.0,0.0
2018-06-01 00:00:00+09:00,30594.44140625,31312.19921875,30190.703125,30818.740234375,9752,0.0,0.0,0.0
2018-06-04 00:00:00+09:00,30504.72265625,30998.181640625,30280.421875,30280.421875,11995,0.0,0.0,0.0
2018-06-05 00:00:00+09:00,31132.759765625,31446.779296875,30549.58203125,31043.041015625,11533,0.0,0.0,0.0
2018-06-07 00:00:00+09:00,30415.001953125,31491.638671875,30415.001953125,31491.638671875,11778,0.0,0.0,0.0
2018-06-08 00:00:00+09:00,31267.33984375,31715.939453125,30594.44140625,30773.880859375,13955,0.0,0.0,0.0
2018-06-11 00:00:00+09:00,30773.880859375,33241.17578125,30773.880859375,32927.15625,49908,0.0,0.0,0.0
2018-06-12 00:00:00+09:00,32927.15625,32927.15625,31985.09765625,32209.3984375,25607,0.0,0.0,0.0
2018-06-14 00:00:00+09:00,32074.818359375,32254.2578125,31536.5,31895.37890625,43000,0.0,0.0,0.0
2018-06-15 00:00:00+09:00,31895.37890625,32927.15625,31581.359375,32433.697265625,25997,0.0,0.0,0.0
2018-06-18 00:00:00+09:00,32433.697265625,32702.85546875,30325.283203125,30998.181640625,23340,0.0,0.0,0.0
2018-06-19 00:00:00+09:00,31267.33984375,31850.517578125,30325.283203125,30325.283203125,23077,0.0,0.0,0.0
2018-06-20 00:00:00+09:00,32119.677734375,32254.2578125,30370.142578125,31222.48046875,12430,0.0,0.0,0.0
2018-06-21 00:00:00+09:00,30549.58203125,31222.48046875,30415.001953125,30415.001953125,15425,0.0,0.0,0.0
2018-06-22 00:00:00+09:00,31760.798828125,31760.798828125,30325.283203125,31760.798828125,21436,0.0,0.0,0.0
2018-06-25 00:00:00+09:00,31671.078125,31760.798828125,30998.181640625,31760.798828125,9139,0.0,0.0,0.0
2018-06-26 00:00:00+09:00,31401.919921875,32119.677734375,31043.041015625,31805.658203125,12230,0.0,0.0,0.0
2018-06-27 00:00:00+09:00,31715.939453125,31850.517578125,31043.041015625,31043.041015625,11850,0.0,0.0,0.0
2018-06-28 00:00:00+09:00,30549.58203125,31985.09765625,30549.58203125,30773.880859375,18701,0.0,0.0,0.0
2018-06-29 00:00:00+09:00,31446.779296875,31581.359375,30549.58203125,31087.900390625,10609,0.0,0.0,0.0
2018-07-02 00:00:00+09:00,31132.759765625,31222.48046875,30459.861328125,30863.6015625,19354,0.0,0.0,0.0
2018-07-03 00:00:00+09:00,31940.23828125,31985.09765625,30549.58203125,31715.939453125,22356,0.0,0.0,0.0
2018-07-04 00:00:00+09:00,32074.818359375,32074.818359375,31222.48046875,31671.078125,14807,0.0,0.0,0.0
2018-07-05 00:00:00+09:00,31671.078125,32119.677734375,31581.359375,32119.677734375,17128,0.0,0.0,0.0
2018-07-06 00:00:00+09:00,32299.1171875,32747.716796875,31715.939453125,32657.99609375,16647,0.0,0.0,0.0
2018-07-09 00:00:00+09:00,32657.99609375,32657.99609375,31626.21875,32209.3984375,11100,0.0,0.0,0.0
2018-07-10 00:00:00+09:00,32209.3984375,32568.27734375,31671.078125,31940.23828125,16162,0.0,0.0,0.0
2018-07-11 00:00:00+09:00,31760.798828125,32119.677734375,31132.759765625,31222.48046875,16574,0.0,0.0,0.0
2018-07-12 00:00:00+09:00,31043.041015625,31581.359375,30863.6015625,31312.19921875,21116,0.0,0.0,0.0
2018-07-13 00:00:00+09:00,31267.33984375,32029.958984375,31132.759765625,31536.5,17323,0.0,0.0,0.0
2018-07-16 00:00:00+09:00,31940.23828125,31940.23828125,31222.48046875,31312.19921875,24197,0.0,0.0,0.0
2018-07-17 00:00:00+09:00,31357.060546875,31581.359375,30549.58203125,30549.58203125,13675,0.0,0.0,0.0
2018-07-18 00:00:00+09:00,30953.3203125,31401.919921875,30504.72265625,30504.72265625,16688,0.0,0.0,0.0
2018-07-19 00:00:00+09:00,31132.759765625,31357.060546875,30056.123046875,30729.021484375,16158,0.0,0.0,0.0
2018-07-20 00:00:00+09:00,30773.880859375,31446.779296875,30504.72265625,30998.181640625,15007,0.0,0.0,0.0
2018-07-23 00:00:00+09:00,30818.740234375,31940.23828125,30504.72265625,30549.58203125,39223,0.0,0.0,0.0
2018-07-24 00:00:00+09:00,31267.33984375,31581.359375,30325.283203125,31401.919921875,20341,0.0,0.0,0.0
2018-07-25 00:00:00+09:00,31267.33984375,31401.919921875,30818.740234375,31267.33984375,20092,0.0,0.0,0.0
2018-07-26 00:00:00+09:00,31401.919921875,32388.837890625,31312.19921875,32388.837890625,31890,0.0,0.0,0.0
2018-07-27 00:00:00+09:00,32568.27734375,32568.27734375,31536.5,31850.517578125,11821,0.0,0.0,0.0
2018-07-30 00:00:00+09:00,31760.798828125,31940.23828125,31222.48046875,31671.078125,15468,0.0,0.0,0.0
2018-07-31 00:00:00+09:00,31177.62109375,31805.658203125,30818.740234375,31491.638671875,16776,0.0,0.0,0.0
2018-08-01 00:00:00+09:00,31671.078125,31895.37890625,30953.3203125,31895.37890625,8777,0.0,0.0,0.0
2018-08-02 00:00:00+09:00,31895.37890625,32254.2578125,31087.900390625,31132.759765625,9020,0.0,0.0,0.0
2018-08-03 00:00:00+09:00,30998.181640625,31581.359375,30998.181640625,31177.62109375,8166,0.0,0.0,0.0
2018-08-06 00:00:00+09:00,31401.919921875,31401.919921875,30684.162109375,30818.740234375,10738,0.0,0.0,0.0
2018-08-07 00:00:00+09:00,30818.740234375,31312.19921875,30773.880859375,31312.19921875,8745,0.0,0.0,0.0
2018-08-08 00:00:00+09:00,30729.021484375,31267.33984375,30684.162109375,30908.4609375,10783,0.0,0.0,0.0
2018-08-09 00:00:00+09:00,30549.58203125,30773.880859375,30370.142578125,30684.162109375,10556,0.0,0.0,0.0
2018-08-10 00:00:00+09:00,30684.162109375,30684.162109375,29966.404296875,30145.84375,21714,0.0,0.0,0.0
2018-08-13 00:00:00+09:00,30100.982421875,30773.880859375,30056.123046875,30056.123046875,12790,0.0,0.0,0.0
2018-08-14 00:00:00+09:00,30504.72265625,30504.72265625,29786.962890625,30325.283203125,17109,0.0,0.0,0.0
2018-08-16 00:00:00+09:00,30325.283203125,30773.880859375,29742.103515625,30145.84375,24134,0.0,0.0,0.0
2018-08-17 00:00:00+09:00,30594.44140625,30639.30078125,29876.68359375,30415.001953125,8863,0.0,0.0,0.0
2018-08-20 00:00:00+09:00,30773.880859375,30773.880859375,30056.123046875,30145.84375,8891,0.0,0.0,0.0
2018-08-21 00:00:00+09:00,29876.68359375,31626.21875,29876.68359375,31446.779296875,32405,0.0,0.0,0.0
2018-08-22 00:00:00+09:00,31222.48046875,31446.779296875,30504.72265625,30818.740234375,12498,0.0,0.0,0.0
2018-08-23 00:00:00+09:00,30415.001953125,31267.33984375,30145.84375,30594.44140625,15484,0.0,0.0,0.0
2018-08-24 00:00:00+09:00,30145.84375,30549.58203125,30100.982421875,30280.421875,16773,0.0,0.0,0.0
2018-08-27 00:00:00+09:00,30280.421875,30818.740234375,29966.404296875,30594.44140625,13060,0.0,0.0,0.0
2018-08-28 00:00:00+09:00,31222.48046875,31222.48046875,30280.421875,30325.283203125,12601,0.0,0.0,0.0
2018-08-29 00:00:00+09:00,30056.123046875,30504.72265625,29966.404296875,30011.263671875,22812,0.0,0.0,0.0
2018-08-30 00:00:00+09:00,30011.263671875,30459.861328125,29876.68359375,30056.123046875,19115,0.0,0.0,0.0
2018-08-31 00:00:00+09:00,29786.962890625,30370.142578125,29562.6640625,30056.123046875,28416,0.0,0.0,0.0
2018-09-03 00:00:00+09:00,29831.82421875,30325.283203125,29786.962890625,30190.703125,11258,0.0,0.0,0.0
2018-09-04 00:00:00+09:00,30056.123046875,30235.5625,29786.962890625,29786.962890625,26888,0.0,0.0,0.0
2018-09-05 00:00:00+09:00,29786.962890625,29966.404296875,29293.505859375,29293.505859375,24378,0.0,0.0,0.0
2018-09-06 00:00:00+09:00,29293.505859375,29966.404296875,29293.505859375,29383.224609375,14850,0.0,0.0,0.0
2018-09-07 00:00:00+09:00,29607.5234375,29876.68359375,29293.505859375,29742.103515625,12092,0.0,0.0,0.0
2018-09-10 00:00:00+09:00,29742.103515625,29786.962890625,29203.78515625,29517.8046875,13567,0.0,0.0,0.0
2018-09-11 00:00:00+09:00,29338.365234375,29831.82421875,29338.365234375,29428.083984375,13460,0.0,0.0,0.0
2018-09-12 00:00:00+09:00,29966.404296875,29966.404296875,28710.326171875,28934.626953125,33215,0.0,0.0,0.0
2018-09-13 00:00:00+09:00,29114.06640625,29158.92578125,27947.708984375,29114.06640625,52633,0.0,0.0,0.0
2018-09-14 00:00:00+09:00,29114.06640625,29966.404296875,28710.326171875,29786.962890625,23045,0.0,0.0,0.0
2018-09-17 00:00:00+09:00,29786.962890625,29921.54296875,29248.64453125,29517.8046875,12962,0.0,0.0,0.0
2018-09-18 00:00:00+09:00,29652.384765625,29966.404296875,28889.765625,29158.92578125,20124,0.0,0.0,0.0
2018-09-19 00:00:00+09:00,29517.8046875,29517.8046875,28575.74609375,28665.466796875,8051,0.0,0.0,0.0
2018-09-20 00:00:00+09:00,28800.046875,28979.486328125,27857.98828125,28396.306640625,23457,0.0,0.0,0.0
2018-09-21 00:00:00+09:00,28172.0078125,28575.74609375,27543.96875,27947.708984375,23787,0.0,0.0,0.0
2018-09-27 00:00:00+09:00,27723.408203125,27902.849609375,27229.951171875,27633.689453125,14811,0.0,0.0,0.0
2018-09-28 00:00:00+09:00,27364.529296875,28261.728515625,27364.529296875,28037.427734375,24940,0.0,0.0,0.0
2018-10-01 00:00:00+09:00,28037.427734375,28396.306640625,27678.548828125,27723.408203125,10129,0.0,0.0,0.0
2018-10-02 00:00:00+09:00,27992.568359375,27992.568359375,26960.791015625,27050.51171875,20407,0.0,0.0,0.0
2018-10-04 00:00:00+09:00,27050.51171875,27050.51171875,25256.115234375,25435.5546875,45763,0.0,0.0,0.0
2018-10-05 00:00:00+09:00,25570.134765625,25929.013671875,24403.77734375,24897.236328125,59864,0.0,0.0,0.0
2018-10-08 00:00:00+09:00,24672.9375,25929.013671875,22878.541015625,23686.01953125,92842,0.0,0.0,0.0
2018-10-10 00:00:00+09:00,23416.859375,24672.9375,23416.859375,24358.91796875,64431,0.0,0.0,0.0
2018-10-11 00:00:00+09:00,24224.337890625,26243.033203125,23506.580078125,24762.65625,65165,0.0,0.0,0.0
2018-10-12 00:00:00+09:00,25480.4140625,25480.4140625,23865.458984375,24583.216796875,27865,0.0,0.0,0.0
2018-10-15 00:00:00+09:00,24179.478515625,24538.357421875,23416.859375,24134.619140625,26113,0.0,0.0,0.0
2018-10-16 00:00:00+09:00,24089.7578125,25345.8359375,24000.0390625,24358.91796875,14590,0.0,0.0,0.0
2018-10-17 00:00:00+09:00,24448.63671875,24583.216796875,23955.1796875,24448.63671875,12263,0.0,0.0,0.0
2018-10-18 00:00:00+09:00,25839.29296875,25839.29296875,22923.40234375,23282.28125,41935,0.0,0.0,0.0
2018-10-19 00:00:00+09:00,23282.28125,23775.73828125,21846.763671875,23192.560546875,44160,0.0,0.0,0.0
2018-10-22 00:00:00+09:00,22699.1015625,22699.1015625,21667.32421875,21891.623046875,83447,0.0,0.0,0.0
2018-10-23 00:00:00+09:00,22071.064453125,22071.064453125,20635.546875,21039.287109375,57799,0.0,0.0,0.0
2018-10-24 00:00:00+09:00,20904.70703125,21487.884765625,20904.70703125,21443.025390625,36931,0.0,0.0,0.0
2018-10-25 00:00:00+09:00,21084.146484375,21577.60546875,20231.80859375,21487.884765625,55458,0.0,0.0,0.0
2018-10-26 00:00:00+09:00,21487.884765625,22474.802734375,20770.126953125,22340.22265625,55750,0.0,0.0,0.0
2018-10-29 00:00:00+09:00,22878.541015625,23237.419921875,20231.80859375,20904.70703125,61708,0.0,0.0,0.0
2018-10-30 00:00:00+09:00,21443.025390625,22160.783203125,20680.40625,20680.40625,35305,0.0,0.0,0.0
2018-10-31 00:00:00+09:00,20097.228515625,20635.546875,17629.935546875,17943.955078125,161463,0.0,0.0,0.0
2018-11-01 00:00:00+09:00,18168.25390625,18661.712890625,17674.794921875,18033.673828125,76999,0.0,0.0,0.0
2018-11-02 00:00:00+09:00,18168.25390625,19379.470703125,17988.814453125,18527.1328125,143367,0.0,0.0,0.0
2018-11-05 00:00:00+09:00,18302.833984375,18482.2734375,17899.09375,18123.39453125,66614,0.0,0.0,0.0
2018-11-06 00:00:00+09:00,18213.11328125,18437.412109375,17854.234375,18123.39453125,38289,0.0,0.0,0.0
2018-11-07 00:00:00+09:00,18168.25390625,18661.712890625,17495.35546875,18033.673828125,78228,0.0,0.0,0.0
2018-11-08 00:00:00+09:00,18123.39453125,18482.2734375,17226.1953125,17450.49609375,120051,0.0,0.0,0.0
2018-11-09 00:00:00+09:00,17674.794921875,17674.794921875,17181.3359375,17360.775390625,61106,0.0,0.0,0.0
2018-11-12 00:00:00+09:00,17315.916015625,17585.07421875,17136.4765625,17181.3359375,54391,0.0,0.0,0.0
2018-11-13 00:00:00+09:00,16957.037109375,17226.1953125,16598.158203125,17181.3359375,62611,0.0,0.0,0.0
2018-11-14 00:00:00+09:00,17136.4765625,17629.935546875,16912.17578125,17226.1953125,80588,0.0,0.0,0.0
2018-11-15 00:00:00+09:00,16957.037109375,17226.1953125,16643.017578125,17001.896484375,74226,0.0,0.0,0.0
2018-11-16 00:00:00+09:00,17091.6171875,17540.21484375,16957.037109375,17450.49609375,68560,0.0,0.0,0.0
2018-11-19 00:00:00+09:00,17450.49609375,18257.97265625,17226.1953125,18123.39453125,137675,0.0,0.0,0.0
2018-11-20 00:00:00+09:00,17854.234375,18123.39453125,17405.634765625,17629.935546875,93399,0.0,0.0,0.0
2018-11-21 00:00:00+09:00,17495.35546875,17495.35546875,16867.31640625,17226.1953125,106536,0.0,0.0,0.0
2018-11-22 00:00:00+09:00,17585.07421875,19558.91015625,17271.056640625,17585.07421875,435667,0.0,0.0,0.0
2018-11-23 00:00:00+09:00,17585.07421875,17764.513671875,17091.6171875,17540.21484375,54098,0.0,0.0,0.0
2018-11-26 00:00:00+09:00,17809.375,17988.814453125,17136.4765625,17943.955078125,66994,0.0,0.0,0.0
2018-11-27 00:00:00+09:00,17943.955078125,19379.470703125,17943.955078125,19244.890625,163007,0.0,0.0,0.0
2018-11-28 00:00:00+09:00,19514.05078125,19514.05078125,18841.15234375,19200.03125,91532,0.0,0.0,0.0
2018-11-29 00:00:00+09:00,19872.9296875,19872.9296875,18841.15234375,18930.87109375,74624,0.0,0.0,0.0
2018-11-30 00:00:00+09:00,19334.611328125,19334.611328125,18392.552734375,18930.87109375,159008,0.0,0.0,0.0
2018-12-03 00:00:00+09:00,19065.451171875,19424.330078125,18751.431640625,19155.171875,89402,0.0,0.0,0.0
2018-12-04 00:00:00+09:00,19020.591796875,19693.490234375,18661.712890625,19648.62890625,84053,0.0,0.0,0.0
2018-12-05 00:00:00+09:00,19244.890625,19424.330078125,18886.01171875,19065.451171875,67083,0.0,0.0,0.0
2018-12-06 00:00:00+09:00,19065.451171875,19065.451171875,18347.693359375,18751.431640625,49543,0.0,0.0,0.0
2018-12-07 00:00:00+09:00,18751.431640625,19065.451171875,18437.412109375,18751.431640625,44564,0.0,0.0,0.0
2018-12-10 00:00:00+09:00,18571.9921875,18571.9921875,17899.09375,18033.673828125,59575,0.0,0.0,0.0
2018-12-11 00:00:00+09:00,18257.97265625,20590.6875,18033.673828125,20052.369140625,230604,0.0,0.0,0.0
2018-12-12 00:00:00+09:00,20276.66796875,22474.802734375,20186.94921875,22115.923828125,468930,0.0,0.0,0.0
2018-12-13 00:00:00+09:00,22340.22265625,22788.822265625,21667.32421875,21667.32421875,223431,0.0,0.0,0.0
2018-12-14 00:00:00+09:00,21487.884765625,21981.34375,20994.42578125,21129.005859375,146244,0.0,0.0,0.0
2018-12-17 00:00:00+09:00,21667.32421875,21667.32421875,20411.248046875,20545.828125,145545,0.0,0.0,0.0
2018-12-18 00:00:00+09:00,20231.80859375,21577.60546875,20097.228515625,21398.166015625,144906,0.0,0.0,0.0
2018-12-19 00:00:00+09:00,21532.744140625,22788.822265625,21263.5859375,22071.064453125,147286,0.0,0.0,0.0
2018-12-20 00:00:00+09:00,22295.36328125,22429.943359375,21443.025390625,22205.642578125,85871,0.0,0.0,0.0
2018-12-21 00:00:00+09:00,21936.484375,23282.28125,21757.044921875,23282.28125,132527,0.0,0.0,0.0
2018-12-24 00:00:00+09:00,23057.98046875,23102.841796875,22205.642578125,22519.662109375,73572,0.0,0.0,0.0
2018-12-26 00:00:00+09:00,22205.642578125,22878.541015625,21308.4453125,22071.064453125,114619,0.0,0.0,0.0
2018-12-27 00:00:00+09:00,22733.1953125,23195.251953125,22086.31640625,22825.607421875,74184,0.0,0.0,0.0
2018-12-28 00:00:00+09:00,22733.1953125,23149.046875,21855.287109375,22779.400390625,75341,0.0,0.0,0.0
2019-01-02 00:00:00+09:00,23102.841796875,23149.046875,22086.31640625,22455.9609375,69733,0.0,0.0,0.0
2019-01-03 00:00:00+09:00,22455.9609375,22733.1953125,21439.435546875,21670.46484375,61369,0.0,0.0,0.0
2019-01-04 00:00:00+09:00,21670.46484375,22086.31640625,21393.23046875,22040.109375,43167,0.0,0.0,0.0
2019-01-07 00:00:00+09:00,22086.31640625,22409.755859375,21578.052734375,21947.69921875,32743,0.0,0.0,0.0
2019-01-08 00:00:00+09:00,22178.7265625,22178.7265625,21162.203125,21162.203125,60160,0.0,0.0,0.0
2019-01-09 00:00:00+09:00,21208.408203125,21947.69921875,21162.203125,21624.259765625,53151,0.0,0.0,0.0
2019-01-10 00:00:00+09:00,21485.642578125,22548.373046875,21254.61328125,21855.287109375,56911,0.0,0.0,0.0
2019-01-11 00:00:00+09:00,22086.31640625,22086.31640625,21347.025390625,21578.052734375,39452,0.0,0.0,0.0
2019-01-14 00:00:00+09:00,21624.259765625,21624.259765625,20838.76171875,21069.791015625,50349,0.0,0.0,0.0
2019-01-15 00:00:00+09:00,21254.61328125,23426.28125,21115.99609375,23426.28125,188924,0.0,0.0,0.0
2019-01-16 00:00:00+09:00,23241.45703125,23657.30859375,22825.607421875,23149.046875,81255,0.0,0.0,0.0
2019-01-17 00:00:00+09:00,23010.4296875,23010.4296875,22224.93359375,22224.93359375,74055,0.0,0.0,0.0
2019-01-18 00:00:00+09:00,22086.31640625,22594.578125,21855.287109375,22409.755859375,47574,0.0,0.0,0.0
2019-01-21 00:00:00+09:00,22224.93359375,22594.578125,21624.259765625,22224.93359375,39485,0.0,0.0,0.0
2019-01-22 00:00:00+09:00,21993.904296875,22040.109375,21300.818359375,21809.08203125,53327,0.0,0.0,0.0
2019-01-23 00:00:00+09:00,21624.259765625,22548.373046875,21347.025390625,21947.69921875,51078,0.0,0.0,0.0
2019-01-24 00:00:00+09:00,21670.46484375,22086.31640625,21439.435546875,21762.876953125,62385,0.0,0.0,0.0
2019-01-25 00:00:00+09:00,21716.669921875,22040.109375,21485.642578125,21762.876953125,27397,0.0,0.0,0.0
2019-01-28 00:00:00+09:00,21578.052734375,21809.08203125,21162.203125,21347.025390625,69359,0.0,0.0,0.0
2019-01-29 00:00:00+09:00,21347.025390625,21347.025390625,20746.3515625,21208.408203125,76553,0.0,0.0,0.0
2019-01-30 00:00:00+09:00,21254.61328125,21485.642578125,21115.99609375,21162.203125,40092,0.0,0.0,0.0
2019-01-31 00:00:00+09:00,21208.408203125,21254.61328125,20700.14453125,20977.37890625,53552,0.0,0.0,0.0
2019-02-01 00:00:00+09:00,20977.37890625,21023.5859375,20330.5,20469.1171875,81300,0.0,0.0,0.0
2019-02-07 00:00:00+09:00,20838.76171875,21624.259765625,20607.734375,21300.818359375,57527,0.0,0.0,0.0
2019-02-08 00:00:00+09:00,21347.025390625,21347.025390625,20884.96875,21115.99609375,21547,0.0,0.0,0.0
2019-02-11 00:00:00+09:00,20931.173828125,20977.37890625,20422.912109375,20422.912109375,57150,0.0,0.0,0.0
2019-02-12 00:00:00+09:00,20053.265625,20607.734375,19914.6484375,19914.6484375,64232,0.0,0.0,0.0
2019-02-13 00:00:00+09:00,19960.85546875,21115.99609375,19914.6484375,20977.37890625,80162,0.0,0.0,0.0
2019-02-14 00:00:00+09:00,20746.3515625,21670.46484375,20746.3515625,21670.46484375,72538,0.0,0.0,0.0
2019-02-15 00:00:00+09:00,21716.669921875,22779.400390625,21254.61328125,22132.521484375,176458,0.0,0.0,0.0
2019-02-18 00:00:00+09:00,22132.521484375,23934.54296875,22086.31640625,23518.69140625,171792,0.0,0.0,0.0
2019-02-19 00:00:00+09:00,23564.8984375,23564.8984375,22178.7265625,22548.373046875,137889,0.0,0.0,0.0
2019-02-20 00:00:00+09:00,22594.578125,23426.28125,22224.93359375,22686.990234375,96637,0.0,0.0,0.0
2019-02-21 00:00:00+09:00,22686.990234375,22918.017578125,21762.876953125,22317.34375,136449,0.0,0.0,0.0
2019-02-22 00:00:00+09:00,22317.34375,22363.55078125,21762.876953125,22086.31640625,65656,0.0,0.0,0.0
2019-02-25 00:00:00+09:00,22363.55078125,22409.755859375,21993.904296875,22363.55078125,40279,0.0,0.0,0.0
2019-02-26 00:00:00+09:00,22640.783203125,23195.251953125,22317.34375,22502.16796875,86834,0.0,0.0,0.0
2019-02-27 00:00:00+09:00,22594.578125,22594.578125,21809.08203125,22224.93359375,64005,0.0,0.0,0.0
2019-02-28 00:00:00+09:00,22178.7265625,22825.607421875,21901.494140625,22317.34375,81019,0.0,0.0,0.0
2019-03-04 00:00:00+09:00,22363.55078125,22779.400390625,22178.7265625,22502.16796875,74706,0.0,0.0,0.0
2019-03-05 00:00:00+09:00,22502.16796875,23241.45703125,22409.755859375,22548.373046875,120725,0.0,0.0,0.0
2019-03-06 00:00:00+09:00,22548.373046875,22594.578125,21993.904296875,22271.138671875,55351,0.0,0.0,0.0
2019-03-07 00:00:00+09:00,22271.138671875,22317.34375,21069.791015625,21531.84765625,81277,0.0,0.0,0.0
2019-03-08 00:00:00+09:00,21531.84765625,21624.259765625,20792.556640625,21162.203125,86421,0.0,0.0,0.0
2019-03-11 00:00:00+09:00,21300.818359375,21485.642578125,20931.173828125,21300.818359375,38049,0.0,0.0,0.0
2019-03-12 00:00:00+09:00,21762.876953125,21762.876953125,21208.408203125,21624.259765625,94316,0.0,0.0,0.0
2019-03-13 00:00:00+09:00,21578.052734375,21993.904296875,21393.23046875,21762.876953125,34703,0.0,0.0,0.0
2019-03-14 00:00:00+09:00,21901.494140625,22363.55078125,21624.259765625,21716.669921875,64236,0.0,0.0,0.0
2019-03-15 00:00:00+09:00,21716.669921875,22409.755859375,21347.025390625,21716.669921875,60526,0.0,0.0,0.0
2019-03-18 00:00:00+09:00,21762.876953125,22132.521484375,21347.025390625,21762.876953125,75383,0.0,0.0,0.0
2019-03-19 00:00:00+09:00,21762.876953125,22086.31640625,21578.052734375,21993.904296875,53959,0.0,0.0,0.0
2019-03-20 00:00:00+09:00,21993.904296875,21993.904296875,21069.791015625,21347.025390625,57417,0.0,0.0,0.0
2019-03-21 00:00:00+09:00,21439.435546875,21439.435546875,20931.173828125,21023.5859375,49697,0.0,0.0,0.0
2019-03-22 00:00:00+09:00,21115.99609375,21162.203125,20284.294921875,20515.322265625,74250,0.0,0.0,0.0
2019-03-25 00:00:00+09:00,20191.8828125,20607.734375,19960.85546875,20145.677734375,59081,0.0,0.0,0.0
2019-03-26 00:00:00+09:00,20053.265625,20053.265625,19591.208984375,19960.85546875,58858,0.0,0.0,0.0
2019-03-27 00:00:00+09:00,20053.265625,20977.37890625,19868.443359375,20746.3515625,74093,0.0,0.0,0.0
2019-03-28 00:00:00+09:00,21069.791015625,21300.818359375,20422.912109375,20792.556640625,55831,0.0,0.0,0.0
2019-03-29 00:00:00+09:00,21069.791015625,21347.025390625,20700.14453125,21162.203125,43377,0.0,0.0,0.0
2019-04-01 00:00:00+09:00,21439.435546875,22040.109375,21393.23046875,21809.08203125,80861,0.0,0.0,0.0
2019-04-02 00:00:00+09:00,21947.69921875,23241.45703125,21716.669921875,23010.4296875,156073,0.0,0.0,0.0
2019-04-03 00:00:00+09:00,23010.4296875,23195.251953125,22271.138671875,22594.578125,78734,0.0,0.0,0.0
2019-04-04 00:00:00+09:00,22594.578125,23518.69140625,22317.34375,22825.607421875,79899,0.0,0.0,0.0
2019-04-05 00:00:00+09:00,23102.841796875,23102.841796875,22132.521484375,22363.55078125,54444,0.0,0.0,0.0
2019-04-08 00:00:00+09:00,22363.55078125,22733.1953125,21855.287109375,22040.109375,58143,0.0,0.0,0.0
2019-04-09 00:00:00+09:00,22040.109375,22548.373046875,21716.669921875,22317.34375,47503,0.0,0.0,0.0
2019-04-10 00:00:00+09:00,22363.55078125,22548.373046875,21855.287109375,22502.16796875,24665,0.0,0.0,0.0
2019-04-11 00:00:00+09:00,22871.8125,22871.8125,22132.521484375,22502.16796875,50356,0.0,0.0,0.0
2019-04-12 00:00:00+09:00,22317.34375,22640.783203125,21993.904296875,22455.9609375,47925,0.0,0.0,0.0
2019-04-15 00:00:00+09:00,22640.783203125,23287.6640625,22594.578125,22918.017578125,72752,0.0,0.0,0.0
2019-04-16 00:00:00+09:00,22964.224609375,23564.8984375,22455.9609375,22779.400390625,84531,0.0,0.0,0.0
2019-04-17 00:00:00+09:00,23010.4296875,23010.4296875,22317.34375,22455.9609375,44717,0.0,0.0,0.0
2019-04-18 00:00:00+09:00,22224.93359375,22502.16796875,21716.669921875,21901.494140625,51624,0.0,0.0,0.0
2019-04-19 00:00:00+09:00,22086.31640625,22409.755859375,21716.669921875,22363.55078125,59540,0.0,0.0,0.0
2019-04-22 00:00:00+09:00,22409.755859375,23195.251953125,22271.138671875,22779.400390625,69912,0.0,0.0,0.0
2019-04-23 00:00:00+09:00,22825.607421875,23703.515625,22686.990234375,23195.251953125,131783,0.0,0.0,0.0
2019-04-24 00:00:00+09:00,23102.841796875,25043.48046875,21762.876953125,24858.65625,313686,0.0,0.0,0.0
2019-04-25 00:00:00+09:00,24858.65625,24904.86328125,23749.720703125,24026.955078125,127693,0.0,0.0,0.0
2019-04-26 00:00:00+09:00,24026.955078125,24489.01171875,23380.07421875,24304.189453125,155726,0.0,0.0,0.0
2019-04-29 00:00:00+09:00,24396.599609375,24858.65625,23934.54296875,24304.189453125,62784,0.0,0.0,0.0
2019-04-30 00:00:00+09:00,24304.189453125,24766.24609375,23518.69140625,24581.421875,107840,0.0,0.0,0.0
2019-05-02 00:00:00+09:00,24904.86328125,25182.095703125,23888.337890625,25182.095703125,100209,0.0,0.0,0.0
2019-05-03 00:00:00+09:00,25228.302734375,25228.302734375,24766.24609375,25228.302734375,56784,0.0,0.0,0.0
2019-05-07 00:00:00+09:00,24627.62890625,24904.86328125,24165.572265625,24396.599609375,57596,0.0,0.0,0.0
2019-05-08 00:00:00+09:00,24026.955078125,25459.330078125,23749.720703125,24951.068359375,108976,0.0,0.0,0.0
2019-05-09 00:00:00+09:00,25366.919921875,25366.919921875,23564.8984375,24304.189453125,100365,0.0,0.0,0.0
2019-05-10 00:00:00+09:00,24211.77734375,24997.2734375,23657.30859375,24026.955078125,77264,0.0,0.0,0.0
2019-05-13 00:00:00+09:00,24026.955078125,24673.833984375,23749.720703125,23749.720703125,65299,0.0,0.0,0.0
2019-05-14 00:00:00+09:00,23703.515625,24396.599609375,23380.07421875,24073.16015625,56184,0.0,0.0,0.0
2019-05-15 00:00:00+09:00,24119.365234375,24627.62890625,23934.54296875,24396.599609375,39791,0.0,0.0,0.0
2019-05-16 00:00:00+09:00,24442.806640625,24489.01171875,23888.337890625,24396.599609375,48549,0.0,0.0,0.0
2019-05-17 00:00:00+09:00,24489.01171875,24489.01171875,22964.224609375,23241.45703125,91589,0.0,0.0,0.0
2019-05-20 00:00:00+09:00,23380.07421875,23564.8984375,23102.841796875,23472.486328125,59926,0.0,0.0,0.0
2019-05-21 00:00:00+09:00,23426.28125,25366.919921875,23241.45703125,25366.919921875,193907,0.0,0.0,0.0
2019-05-22 00:00:00+09:00,25413.125,25413.125,24396.599609375,24581.421875,113077,0.0,0.0,0.0
2019-05-23 00:00:00+09:00,24581.421875,25043.48046875,24119.365234375,24350.39453125,48373,0.0,0.0,0.0
2019-05-24 00:00:00+09:00,24350.39453125,24581.421875,23611.103515625,24165.572265625,58967,0.0,0.0,0.0
2019-05-27 00:00:00+09:00,24535.216796875,24858.65625,23934.54296875,24396.599609375,47511,0.0,0.0,0.0
2019-05-28 00:00:00+09:00,24396.599609375,24581.421875,23888.337890625,24581.421875,38367,0.0,0.0,0.0
2019-05-29 00:00:00+09:00,24535.216796875,24904.86328125,23842.130859375,23980.748046875,61727,0.0,0.0,0.0
2019-05-30 00:00:00+09:00,24304.189453125,26013.798828125,23749.720703125,24581.421875,254126,0.0,0.0,0.0
2019-05-31 00:00:00+09:00,24951.068359375,25828.9765625,23980.748046875,25828.9765625,134985,0.0,0.0,0.0
2019-06-03 00:00:00+09:00,25828.9765625,25828.9765625,25089.685546875,25320.712890625,67544,0.0,0.0,0.0
2019-06-04 00:00:00+09:00,25320.712890625,25828.9765625,24766.24609375,25228.302734375,50874,0.0,0.0,0.0
2019-06-05 00:00:00+09:00,25505.537109375,25505.537109375,24904.86328125,25182.095703125,47008,0.0,0.0,0.0
2019-06-07 00:00:00+09:00,25228.302734375,26013.798828125,24766.24609375,25089.685546875,97662,0.0,0.0,0.0
2019-06-10 00:00:00+09:00,25135.890625,25459.330078125,24673.833984375,25459.330078125,64117,0.0,0.0,0.0
2019-06-11 00:00:00+09:00,25228.302734375,25597.947265625,24904.86328125,25274.5078125,76741,0.0,0.0,0.0
2019-06-12 00:00:00+09:00,24997.2734375,25274.5078125,24812.451171875,24997.2734375,49695,0.0,0.0,0.0
2019-06-13 00:00:00+09:00,24812.451171875,25690.359375,24627.62890625,25690.359375,415111,0.0,0.0,0.0
2019-06-14 00:00:00+09:00,25736.564453125,26522.060546875,25413.125,25921.38671875,117026,0.0,0.0,0.0
2019-06-17 00:00:00+09:00,26198.62109375,26198.62109375,25413.125,25875.181640625,67780,0.0,0.0,0.0
2019-06-18 00:00:00+09:00,26337.23828125,26337.23828125,24627.62890625,25505.537109375,64824,0.0,0.0,0.0
2019-06-19 00:00:00+09:00,25505.537109375,25551.7421875,23749.720703125,24489.01171875,254273,0.0,0.0,0.0
2019-06-20 00:00:00+09:00,24489.01171875,24951.068359375,24304.189453125,24812.451171875,32832,0.0,0.0,0.0
2019-06-21 00:00:00+09:00,24581.421875,24720.0390625,23888.337890625,24165.572265625,81869,0.0,0.0,0.0
2019-06-24 00:00:00+09:00,23657.30859375,24165.572265625,23010.4296875,23564.8984375,88402,0.0,0.0,0.0
2019-06-25 00:00:00+09:00,23518.69140625,23888.337890625,23149.046875,23564.8984375,58611,0.0,0.0,0.0
2019-06-26 00:00:00+09:00,23657.30859375,23703.515625,23195.251953125,23287.6640625,31491,0.0,0.0,0.0
2019-06-27 00:00:00+09:00,23426.28125,23518.69140625,22918.017578125,23102.841796875,29256,0.0,0.0,0.0
2019-06-28 00:00:00+09:00,23195.251953125,23842.130859375,22548.373046875,23657.30859375,44267,0.0,0.0,0.0
2019-07-01 00:00:00+09:00,23657.30859375,24026.955078125,22825.607421875,23287.6640625,40039,0.0,0.0,0.0
2019-07-02 00:00:00+09:00,23149.046875,23426.28125,22317.34375,22455.9609375,55735,0.0,0.0,0.0
2019-07-03 00:00:00+09:00,22779.400390625,22779.400390625,21439.435546875,21624.259765625,90812,0.0,0.0,0.0
2019-07-04 00:00:00+09:00,21762.876953125,21855.287109375,21393.23046875,21809.08203125,23532,0.0,0.0,0.0
2019-07-05 00:00:00+09:00,21670.46484375,22040.109375,21208.408203125,21300.818359375,35341,0.0,0.0,0.0
2019-07-08 00:00:00+09:00,21485.642578125,21670.46484375,20746.3515625,21162.203125,68685,0.0,0.0,0.0
2019-07-09 00:00:00+09:00,21485.642578125,21485.642578125,20792.556640625,21208.408203125,31181,0.0,0.0,0.0
2019-07-10 00:00:00+09:00,21208.408203125,21624.259765625,20884.96875,21531.84765625,28210,0.0,0.0,0.0
2019-07-11 00:00:00+09:00,21393.23046875,21809.08203125,21347.025390625,21578.052734375,23533,0.0,0.0,0.0
2019-07-12 00:00:00+09:00,21393.23046875,21670.46484375,21162.203125,21485.642578125,26173,0.0,0.0,0.0
2019-07-15 00:00:00+09:00,21485.642578125,21485.642578125,20330.5,20884.96875,49337,0.0,0.0,0.0
2019-07-16 00:00:00+09:00,21254.61328125,21254.61328125,20191.8828125,20376.705078125,54974,0.0,0.0,0.0
2019-07-17 00:00:00+09:00,20376.705078125,20515.322265625,19822.23828125,20007.060546875,32536,0.0,0.0,0.0
2019-07-18 00:00:00+09:00,19960.85546875,21023.5859375,19591.208984375,20653.939453125,45830,0.0,0.0,0.0
2019-07-19 00:00:00+09:00,20561.529296875,21162.203125,20561.529296875,20838.76171875,18971,0.0,0.0,0.0
2019-07-22 00:00:00+09:00,20700.14453125,21208.408203125,20700.14453125,20977.37890625,18928,0.0,0.0,0.0
2019-07-23 00:00:00+09:00,21162.203125,21254.61328125,20376.705078125,20746.3515625,29087,0.0,0.0,0.0
2019-07-24 00:00:00+09:00,20792.556640625,20838.76171875,20422.912109375,20607.734375,23056,0.0,0.0,0.0
2019-07-25 00:00:00+09:00,20607.734375,20700.14453125,20099.470703125,20561.529296875,44920,0.0,0.0,0.0
2019-07-26 00:00:00+09:00,20099.470703125,20977.37890625,20007.060546875,20977.37890625,40813,0.0,0.0,0.0
2019-07-29 00:00:00+09:00,20607.734375,21069.791015625,19591.208984375,20330.5,44885,0.0,0.0,0.0
2019-07-30 00:00:00+09:00,19960.85546875,20884.96875,19960.85546875,20700.14453125,40360,0.0,0.0,0.0
2019-07-31 00:00:00+09:00,20653.939453125,20884.96875,20053.265625,20792.556640625,29023,0.0,0.0,0.0
2019-08-01 00:00:00+09:00,20792.556640625,21208.408203125,20515.322265625,20977.37890625,23365,0.0,0.0,0.0
2019-08-02 00:00:00+09:00,20931.173828125,21254.61328125,19960.85546875,21208.408203125,44407,0.0,0.0,0.0
2019-08-05 00:00:00+09:00,21115.99609375,21670.46484375,19776.03125,19776.03125,53449,0.0,0.0,0.0
2019-08-06 00:00:00+09:00,19498.796875,19498.796875,17650.5703125,18482.2734375,68838,0.0,0.0,0.0
2019-08-07 00:00:00+09:00,18574.68359375,20376.705078125,17835.392578125,20053.265625,119821,0.0,0.0,0.0
2019-08-08 00:00:00+09:00,20053.265625,20700.14453125,19591.208984375,20700.14453125,68493,0.0,0.0,0.0
2019-08-09 00:00:00+09:00,20330.5,20838.76171875,20191.8828125,20792.556640625,35541,0.0,0.0,0.0
2019-08-12 00:00:00+09:00,20792.556640625,21069.791015625,20191.8828125,20792.556640625,44558,0.0,0.0,0.0
2019-08-13 00:00:00+09:00,20700.14453125,21300.818359375,20469.1171875,21208.408203125,55247,0.0,0.0,0.0
2019-08-14 00:00:00+09:00,21254.61328125,21901.494140625,20792.556640625,21023.5859375,66899,0.0,0.0,0.0
2019-08-16 00:00:00+09:00,20931.173828125,20931.173828125,20099.470703125,20792.556640625,40997,0.0,0.0,0.0
2019-08-19 00:00:00+09:00,20884.96875,20884.96875,20422.912109375,20561.529296875,18415,0.0,0.0,0.0
2019-08-20 00:00:00+09:00,20422.912109375,21254.61328125,20422.912109375,21254.61328125,30113,0.0,0.0,0.0
2019-08-21 00:00:00+09:00,21115.99609375,21716.669921875,20931.173828125,21300.818359375,29260,0.0,0.0,0.0
2019-08-22 00:00:00+09:00,21670.46484375,22132.521484375,21439.435546875,21855.287109375,55575,0.0,0.0,0.0
2019-08-23 00:00:00+09:00,21762.876953125,21901.494140625,21254.61328125,21809.08203125,17884,0.0,0.0,0.0
2019-08-26 00:00:00+09:00,21300.818359375,21578.052734375,20931.173828125,21069.791015625,27773,0.0,0.0,0.0
2019-08-27 00:00:00+09:00,21069.791015625,21578.052734375,20653.939453125,21393.23046875,21570,0.0,0.0,0.0
2019-08-28 00:00:00+09:00,21069.791015625,21716.669921875,21069.791015625,21254.61328125,12740,0.0,0.0,0.0
2019-08-29 00:00:00+09:00,21439.435546875,21624.259765625,21208.408203125,21624.259765625,23372,0.0,0.0,0.0
2019-08-30 00:00:00+09:00,21624.259765625,22086.31640625,21439.435546875,21624.259765625,25518,0.0,0.0,0.0
2019-09-02 00:00:00+09:00,22178.7265625,22594.578125,21578.052734375,22271.138671875,42501,0.0,0.0,0.0
2019-09-03 00:00:00+09:00,22317.34375,22640.783203125,22132.521484375,22363.55078125,21309,0.0,0.0,0.0
2019-09-04 00:00:00+09:00,22363.55078125,22918.017578125,22271.138671875,22733.1953125,34332,0.0,0.0,0.0
2019-09-05 00:00:00+09:00,22825.607421875,23703.515625,22594.578125,23703.515625,59028,0.0,0.0,0.0
2019-09-06 00:00:00+09:00,23287.6640625,23657.30859375,22640.783203125,22733.1953125,39745,0.0,0.0,0.0
2019-09-09 00:00:00+09:00,22686.990234375,23010.4296875,22594.578125,22825.607421875,18001,0.0,0.0,0.0
2019-09-10 00:00:00+09:00,22825.607421875,23241.45703125,22548.373046875,23102.841796875,25537,0.0,0.0,0.0
2019-09-11 00:00:00+09:00,23333.869140625,23564.8984375,23056.634765625,23564.8984375,29012,0.0,0.0,0.0
2019-09-16 00:00:00+09:00,23195.251953125,23703.515625,23195.251953125,23611.103515625,26463,0.0,0.0,0.0
2019-09-17 00:00:00+09:00,23333.869140625,23703.515625,23287.6640625,23611.103515625,22872,0.0,0.0,0.0
2019-09-18 00:00:00+09:00,23657.30859375,23703.515625,22825.607421875,23056.634765625,32742,0.0,0.0,0.0
2019-09-19 00:00:00+09:00,23056.634765625,23564.8984375,22779.400390625,23149.046875,24030,0.0,0.0,0.0
2019-09-20 00:00:00+09:00,23102.841796875,23149.046875,22733.1953125,23102.841796875,25430,0.0,0.0,0.0
2019-09-23 00:00:00+09:00,23241.45703125,23333.869140625,22779.400390625,22825.607421875,33500,0.0,0.0,0.0
2019-09-24 00:00:00+09:00,22964.224609375,23333.869140625,22825.607421875,23149.046875,13681,0.0,0.0,0.0
2019-09-25 00:00:00+09:00,23287.6640625,23333.869140625,22825.607421875,23102.841796875,19847,0.0,0.0,0.0
2019-09-26 00:00:00+09:00,23149.046875,23287.6640625,22825.607421875,23287.6640625,17701,0.0,0.0,0.0
2019-09-27 00:00:00+09:00,22918.017578125,23426.28125,22918.017578125,23287.6640625,12955,0.0,0.0,0.0
2019-09-30 00:00:00+09:00,23287.6640625,23426.28125,22964.224609375,23426.28125,14769,0.0,0.0,0.0
2019-10-01 00:00:00+09:00,23518.69140625,24165.572265625,23472.486328125,23749.720703125,29155,0.0,0.0,0.0
2019-10-02 00:00:00+09:00,24119.365234375,24211.77734375,23703.515625,23980.748046875,21375,0.0,0.0,0.0
2019-10-04 00:00:00+09:00,23749.720703125,23934.54296875,23380.07421875,23888.337890625,14123,0.0,0.0,0.0
2019-10-07 00:00:00+09:00,23703.515625,24073.16015625,22733.1953125,23795.92578125,12951,0.0,0.0,0.0
2019-10-08 00:00:00+09:00,23564.8984375,23980.748046875,23287.6640625,23842.130859375,17595,0.0,0.0,0.0
2019-10-10 00:00:00+09:00,23472.486328125,23842.130859375,23380.07421875,23426.28125,11890,0.0,0.0,0.0
2019-10-11 00:00:00+09:00,23426.28125,23611.103515625,23287.6640625,23426.28125,15071,0.0,0.0,0.0
2019-10-14 00:00:00+09:00,23472.486328125,24257.982421875,23287.6640625,23980.748046875,28748,0.0,0.0,0.0
2019-10-15 00:00:00+09:00,23980.748046875,24812.451171875,23842.130859375,24673.833984375,54819,0.0,0.0,0.0
2019-10-16 00:00:00+09:00,24673.833984375,24997.2734375,24396.599609375,24904.86328125,30839,0.0,0.0,0.0
2019-10-17 00:00:00+09:00,24904.86328125,25551.7421875,23888.337890625,24489.01171875,58942,0.0,0.0,0.0
2019-10-18 00:00:00+09:00,24489.01171875,24489.01171875,23564.8984375,23842.130859375,52686,0.0,0.0,0.0
2019-10-21 00:00:00+09:00,23934.54296875,24073.16015625,23703.515625,23795.92578125,10096,0.0,0.0,0.0
2019-10-22 00:00:00+09:00,24165.572265625,25135.890625,23795.92578125,25135.890625,67278,0.0,0.0,0.0
2019-10-23 00:00:00+09:00,25135.890625,25320.712890625,24489.01171875,24627.62890625,30726,0.0,0.0,0.0
2019-10-24 00:00:00+09:00,25228.302734375,25228.302734375,24350.39453125,24581.421875,20288,0.0,0.0,0.0
2019-10-25 00:00:00+09:00,24581.421875,24858.65625,24257.982421875,24720.0390625,7652,0.0,0.0,0.0
2019-10-28 00:00:00+09:00,24766.24609375,24766.24609375,24026.955078125,24211.77734375,16490,0.0,0.0,0.0
2019-10-29 00:00:00+09:00,24211.77734375,24720.0390625,24211.77734375,24304.189453125,17940,0.0,0.0,0.0
2019-10-30 00:00:00+09:00,24489.01171875,24489.01171875,23611.103515625,23934.54296875,24687,0.0,0.0,0.0
2019-10-31 00:00:00+09:00,23934.54296875,24581.421875,23241.45703125,23980.748046875,65775,0.0,0.0,0.0
2019-11-01 00:00:00+09:00,24535.216796875,25413.125,24304.189453125,24673.833984375,103443,0.0,0.0,0.0
2019-11-04 00:00:00+09:00,24904.86328125,26291.033203125,24812.451171875,26291.033203125,131642,0.0,0.0,0.0
2019-11-05 00:00:00+09:00,26383.443359375,26383.443359375,25505.537109375,25690.359375,54218,0.0,0.0,0.0
2019-11-06 00:00:00+09:00,25459.330078125,26013.798828125,25274.5078125,25690.359375,36545,0.0,0.0,0.0
2019-11-07 00:00:00+09:00,25736.564453125,25736.564453125,24904.86328125,25228.302734375,29001,0.0,0.0,0.0
2019-11-08 00:00:00+09:00,25320.712890625,25597.947265625,25043.48046875,25043.48046875,14650,0.0,0.0,0.0
2019-11-11 00:00:00+09:00,25274.5078125,25320.712890625,24673.833984375,24858.65625,17330,0.0,0.0,0.0
2019-11-12 00:00:00+09:00,24673.833984375,25089.685546875,24257.982421875,24766.24609375,20719,0.0,0.0,0.0
2019-11-13 00:00:00+09:00,25089.685546875,25089.685546875,24396.599609375,24812.451171875,10933,0.0,0.0,0.0
2019-11-14 00:00:00+09:00,24997.2734375,24997.2734375,23842.130859375,24350.39453125,55144,0.0,0.0,0.0
2019-11-15 00:00:00+09:00,24766.24609375,24766.24609375,23703.515625,24026.955078125,36873,0.0,0.0,0.0
2019-11-18 00:00:00+09:00,24026.955078125,24581.421875,23657.30859375,24396.599609375,35855,0.0,0.0,0.0
2019-11-19 00:00:00+09:00,24581.421875,25043.48046875,24211.77734375,24812.451171875,28614,0.0,0.0,0.0
2019-11-20 00:00:00+09:00,24858.65625,25366.919921875,24026.955078125,24442.806640625,29576,0.0,0.0,0.0
2019-11-21 00:00:00+09:00,24396.599609375,24673.833984375,23888.337890625,24026.955078125,21719,0.0,0.0,0.0
2019-11-22 00:00:00+09:00,24627.62890625,24627.62890625,23010.4296875,23795.92578125,40243,0.0,0.0,0.0
2019-11-25 00:00:00+09:00,24119.365234375,24119.365234375,23703.515625,23934.54296875,11987,0.0,0.0,0.0
2019-11-26 00:00:00+09:00,24211.77734375,24211.77734375,23703.515625,23888.337890625,14085,0.0,0.0,0.0
2019-11-27 00:00:00+09:00,24119.365234375,24119.365234375,23703.515625,23703.515625,31484,0.0,0.0,0.0
2019-11-28 00:00:00+09:00,23703.515625,24165.572265625,23703.515625,24026.955078125,12533,0.0,0.0,0.0
2019-11-29 00:00:00+09:00,24211.77734375,24581.421875,23934.54296875,24350.39453125,24731,0.0,0.0,0.0
2019-12-02 00:00:00+09:00,24627.62890625,24627.62890625,24119.365234375,24119.365234375,9295,0.0,0.0,0.0
2019-12-03 00:00:00+09:00,24396.599609375,24396.599609375,23703.515625,23703.515625,10603,0.0,0.0,0.0
2019-12-04 00:00:00+09:00,24165.572265625,24211.77734375,23333.869140625,23472.486328125,19508,0.0,0.0,0.0
2019-12-05 00:00:00+09:00,23472.486328125,23842.130859375,23102.841796875,23195.251953125,19849,0.0,0.0,0.0
2019-12-06 00:00:00+09:00,23149.046875,23657.30859375,23010.4296875,23380.07421875,17677,0.0,0.0,0.0
2019-12-09 00:00:00+09:00,23611.103515625,23980.748046875,23380.07421875,23564.8984375,6993,0.0,0.0,0.0
2019-12-10 00:00:00+09:00,23611.103515625,23934.54296875,23518.69140625,23795.92578125,14694,0.0,0.0,0.0
2019-12-11 00:00:00+09:00,23888.337890625,25043.48046875,23703.515625,25043.48046875,40576,0.0,0.0,0.0
2019-12-12 00:00:00+09:00,24720.0390625,25043.48046875,24489.01171875,24812.451171875,17970,0.0,0.0,0.0
2019-12-13 00:00:00+09:00,24812.451171875,24858.65625,24350.39453125,24489.01171875,17800,0.0,0.0,0.0
2019-12-16 00:00:00+09:00,24489.01171875,24627.62890625,23842.130859375,24257.982421875,15301,0.0,0.0,0.0
2019-12-17 00:00:00+09:00,24257.982421875,24442.806640625,23842.130859375,24257.982421875,16778,0.0,0.0,0.0
2019-12-18 00:00:00+09:00,24119.365234375,24304.189453125,23888.337890625,24026.955078125,16113,0.0,0.0,0.0
2019-12-19 00:00:00+09:00,24026.955078125,24720.0390625,24026.955078125,24073.16015625,13858,0.0,0.0,0.0
2019-12-20 00:00:00+09:00,24304.189453125,24396.599609375,24026.955078125,24257.982421875,10272,0.0,0.0,0.0
2019-12-23 00:00:00+09:00,24257.982421875,24304.189453125,23934.54296875,24211.77734375,16171,0.0,0.0,0.0
2019-12-24 00:00:00+09:00,24211.77734375,24257.982421875,23934.54296875,23980.748046875,14892,0.0,0.0,0.0
2019-12-26 00:00:00+09:00,24211.77734375,24211.77734375,23657.30859375,24165.572265625,17046,0.0,0.0,0.0
2019-12-27 00:00:00+09:00,24557.396484375,24938.130859375,24462.212890625,24652.580078125,23453,0.0,0.0,0.0
2019-12-30 00:00:00+09:00,24652.580078125,25414.048828125,24462.212890625,25223.681640625,20257,0.0,0.0,0.0
2020-01-02 00:00:00+09:00,25271.2734375,25271.2734375,24604.98828125,24747.763671875,22126,0.0,0.0,0.0
2020-01-03 00:00:00+09:00,24747.763671875,25128.498046875,24652.580078125,24747.763671875,11362,0.0,0.0,0.0
2020-01-06 00:00:00+09:00,24747.763671875,24747.763671875,24224.251953125,24652.580078125,18235,0.0,0.0,0.0
2020-01-07 00:00:00+09:00,24747.763671875,24747.763671875,24224.251953125,24319.435546875,18279,0.0,0.0,0.0
2020-01-08 00:00:00+09:00,24224.251953125,24224.251953125,23034.45703125,23605.55859375,27393,0.0,0.0,0.0
2020-01-09 00:00:00+09:00,23891.109375,24938.130859375,23177.232421875,23700.7421875,115953,0.0,0.0,0.0
2020-01-10 00:00:00+09:00,23700.7421875,23986.29296875,23129.640625,23557.966796875,42839,0.0,0.0,0.0
2020-01-13 00:00:00+09:00,23700.7421875,24462.212890625,23462.783203125,24129.068359375,24312,0.0,0.0,0.0
2020-01-14 00:00:00+09:00,25271.2734375,25937.55859375,24842.947265625,24938.130859375,150098,0.0,0.0,0.0
2020-01-15 00:00:00+09:00,25556.82421875,25652.0078125,25080.90625,25604.416015625,76555,0.0,0.0,0.0
2020-01-16 00:00:00+09:00,25223.681640625,25889.966796875,25223.681640625,25652.0078125,74681,0.0,0.0,0.0
2020-01-17 00:00:00+09:00,25699.599609375,27032.171875,25699.599609375,26461.0703125,116775,0.0,0.0,0.0
2020-01-20 00:00:00+09:00,26556.25390625,27032.171875,26127.927734375,26746.62109375,63340,0.0,0.0,0.0
2020-01-21 00:00:00+09:00,26794.212890625,26794.212890625,26223.111328125,26651.4375,26232,0.0,0.0,0.0
2020-01-22 00:00:00+09:00,26508.662109375,27841.234375,26461.0703125,27079.763671875,52282,0.0,0.0,0.0
2020-01-23 00:00:00+09:00,27222.5390625,27222.5390625,26556.25390625,26889.396484375,23315,0.0,0.0,0.0
2020-01-28 00:00:00+09:00,25889.966796875,26461.0703125,25271.2734375,26318.294921875,45235,0.0,0.0,0.0
2020-01-29 00:00:00+09:00,26413.478515625,26746.62109375,25985.150390625,26318.294921875,18331,0.0,0.0,0.0
2020-01-30 00:00:00+09:00,26794.212890625,26794.212890625,25842.375,26175.51953125,22882,0.0,0.0,0.0
2020-01-31 00:00:00+09:00,25889.966796875,26318.294921875,25176.08984375,25699.599609375,32173,0.0,0.0,0.0
2020-02-03 00:00:00+09:00,25033.314453125,26080.3359375,24652.580078125,25985.150390625,29948,0.0,0.0,0.0
2020-02-04 00:00:00+09:00,25889.966796875,26651.4375,25842.375,26270.703125,21029,0.0,0.0,0.0
2020-02-05 00:00:00+09:00,25985.150390625,26413.478515625,25652.0078125,25652.0078125,26676,0.0,0.0,0.0
2020-02-06 00:00:00+09:00,25937.55859375,25985.150390625,24985.72265625,25652.0078125,36968,0.0,0.0,0.0
2020-02-07 00:00:00+09:00,25889.966796875,25889.966796875,25223.681640625,25556.82421875,16708,0.0,0.0,0.0
2020-02-10 00:00:00+09:00,25652.0078125,26413.478515625,25461.640625,26365.88671875,69618,0.0,0.0,0.0
2020-02-11 00:00:00+09:00,26365.88671875,26556.25390625,25794.783203125,26175.51953125,42585,0.0,0.0,0.0
2020-02-12 00:00:00+09:00,26175.51953125,26365.88671875,25794.783203125,26318.294921875,32836,0.0,0.0,0.0
2020-02-13 00:00:00+09:00,26461.0703125,27127.35546875,25985.150390625,26889.396484375,84639,0.0,0.0,0.0
2020-02-14 00:00:00+09:00,26841.8046875,27365.314453125,26461.0703125,26746.62109375,64471,0.0,0.0,0.0
2020-02-17 00:00:00+09:00,26841.8046875,26936.98828125,26223.111328125,26365.88671875,35543,0.0,0.0,0.0
2020-02-18 00:00:00+09:00,26746.62109375,26746.62109375,26032.744140625,26175.51953125,22173,0.0,0.0,0.0
2020-02-19 00:00:00+09:00,26461.0703125,26461.0703125,25747.19140625,25985.150390625,17149,0.0,0.0,0.0
2020-02-20 00:00:00+09:00,26080.3359375,26270.703125,25652.0078125,25889.966796875,17322,0.0,0.0,0.0
2020-02-21 00:00:00+09:00,25842.375,26175.51953125,25080.90625,25176.08984375,22855,0.0,0.0,0.0
2020-02-24 00:00:00+09:00,24747.763671875,25176.08984375,24271.84375,24319.435546875,31080,0.0,0.0,0.0
2020-02-25 00:00:00+09:00,24033.884765625,25318.865234375,23986.29296875,25176.08984375,27840,0.0,0.0,0.0
2020-02-26 00:00:00+09:00,24842.947265625,25223.681640625,24367.029296875,25033.314453125,17749,0.0,0.0,0.0
2020-02-27 00:00:00+09:00,25176.08984375,25176.08984375,24224.251953125,24224.251953125,21102,0.0,0.0,0.0
2020-02-28 00:00:00+09:00,24271.84375,24319.435546875,23177.232421875,23224.82421875,51327,0.0,0.0,0.0
2020-03-02 00:00:00+09:00,23224.82421875,23843.517578125,22844.08984375,23272.416015625,13203,0.0,0.0,0.0
2020-03-03 00:00:00+09:00,23795.92578125,24367.029296875,23415.19140625,23653.150390625,23355,0.0,0.0,0.0
2020-03-04 00:00:00+09:00,23653.150390625,23986.29296875,23462.783203125,23938.701171875,12565,0.0,0.0,0.0
2020-03-05 00:00:00+09:00,23795.92578125,24224.251953125,23605.55859375,23938.701171875,26072,0.0,0.0,0.0
2020-03-06 00:00:00+09:00,23510.375,24176.66015625,23367.599609375,24081.4765625,26889,0.0,0.0,0.0
2020-03-09 00:00:00+09:00,24081.4765625,24081.4765625,24081.4765625,24081.4765625,0,0.0,0.0,0.0
2020-03-10 00:00:00+09:00,22748.90625,22844.08984375,21416.333984375,22844.08984375,26091,0.0,0.0,0.0
2020-03-11 00:00:00+09:00,22844.08984375,23367.599609375,22558.537109375,22844.08984375,40475,0.0,0.0,0.0
2020-03-12 00:00:00+09:00,22844.08984375,22844.08984375,22844.08984375,22844.08984375,0,0.0,0.0,0.0
2020-03-13 00:00:00+09:00,19465.068359375,21225.966796875,18370.455078125,20464.49609375,90150,0.0,0.0,0.0
2020-03-16 00:00:00+09:00,20274.12890625,20892.822265625,20083.76171875,20274.12890625,71810,0.0,0.0,0.0
2020-03-17 00:00:00+09:00,18275.271484375,21939.84375,18275.271484375,21225.966796875,83426,0.0,0.0,0.0
2020-03-18 00:00:00+09:00,21130.783203125,21797.068359375,20416.904296875,20416.904296875,46589,0.0,0.0,0.0
2020-03-19 00:00:00+09:00,20512.087890625,21368.7421875,17037.8828125,17037.8828125,122893,0.0,0.0,0.0
2020-03-20 00:00:00+09:00,16181.2294921875,17608.984375,16086.0458984375,16847.515625,187763,0.0,0.0,0.0
2020-03-23 00:00:00+09:00,15990.8623046875,16371.59765625,14515.5146484375,16371.59765625,126859,0.0,0.0,0.0
2020-03-24 00:00:00+09:00,16514.373046875,17418.6171875,16466.78125,17133.06640625,174631,0.0,0.0,0.0
2020-03-25 00:00:00+09:00,17846.9453125,19036.740234375,17846.9453125,18608.4140625,87784,0.0,0.0,0.0
2020-03-26 00:00:00+09:00,18370.455078125,20416.904296875,18084.904296875,19988.578125,89855,0.0,0.0,0.0
2020-03-27 00:00:00+09:00,20369.3125,20654.86328125,19179.515625,19893.39453125,71380,0.0,0.0,0.0
2020-03-30 00:00:00+09:00,19798.2109375,20369.3125,19274.69921875,20321.720703125,31811,0.0,0.0,0.0
2020-03-31 00:00:00+09:00,20416.904296875,21654.29296875,20416.904296875,20940.4140625,44547,0.0,0.0,0.0
2020-04-01 00:00:00+09:00,20940.4140625,21844.66015625,20226.537109375,21178.375,51474,0.0,0.0,0.0
2020-04-02 00:00:00+09:00,21368.7421875,21511.517578125,20226.537109375,21463.92578125,47325,0.0,0.0,0.0
2020-04-03 00:00:00+09:00,21511.517578125,21511.517578125,20654.86328125,21225.966796875,28587,0.0,0.0,0.0
2020-04-06 00:00:00+09:00,21225.966796875,21511.517578125,20988.0078125,21178.375,34019,0.0,0.0,0.0
2020-04-07 00:00:00+09:00,21701.884765625,21701.884765625,20845.23046875,21416.333984375,43474,0.0,0.0,0.0
2020-04-08 00:00:00+09:00,21225.966796875,21654.29296875,20892.822265625,21463.92578125,26338,0.0,0.0,0.0
2020-04-09 00:00:00+09:00,21654.29296875,21749.4765625,21178.375,21368.7421875,30558,0.0,0.0,0.0
2020-04-10 00:00:00+09:00,21225.966796875,21511.517578125,20654.86328125,21463.92578125,18348,0.0,0.0,0.0
2020-04-13 00:00:00+09:00,21606.701171875,21987.435546875,21083.19140625,21083.19140625,27674,0.0,0.0,0.0
2020-04-14 00:00:00+09:00,21511.517578125,21701.884765625,21083.19140625,21368.7421875,20873,0.0,0.0,0.0
2020-04-16 00:00:00+09:00,21368.7421875,22368.169921875,21130.783203125,21892.251953125,43862,0.0,0.0,0.0
2020-04-17 00:00:00+09:00,21987.435546875,22177.802734375,21606.701171875,21892.251953125,29576,0.0,0.0,0.0
2020-04-20 00:00:00+09:00,22035.02734375,22320.578125,21606.701171875,22177.802734375,33983,0.0,0.0,0.0
2020-04-21 00:00:00+09:00,22130.2109375,22130.2109375,21035.599609375,21939.84375,28107,0.0,0.0,0.0
2020-04-22 00:00:00+09:00,21797.068359375,21797.068359375,21035.599609375,21559.109375,42587,0.0,0.0,0.0
2020-04-23 00:00:00+09:00,21559.109375,21892.251953125,21416.333984375,21511.517578125,31347,0.0,0.0,0.0
2020-04-24 00:00:00+09:00,21749.4765625,21749.4765625,21225.966796875,21511.517578125,17054,0.0,0.0,0.0
2020-04-27 00:00:00+09:00,21511.517578125,23653.150390625,21463.92578125,22368.169921875,264307,0.0,0.0,0.0
2020-04-28 00:00:00+09:00,22415.76171875,22891.681640625,21987.435546875,22082.619140625,74409,0.0,0.0,0.0
2020-04-29 00:00:00+09:00,22082.619140625,22653.72265625,22082.619140625,22082.619140625,61072,0.0,0.0,0.0
2020-05-04 00:00:00+09:00,22082.619140625,22177.802734375,21368.7421875,22130.2109375,60562,0.0,0.0,0.0
2020-05-06 00:00:00+09:00,22272.986328125,22272.986328125,21749.4765625,21939.84375,39709,0.0,0.0,0.0
2020-05-07 00:00:00+09:00,22225.39453125,22510.9453125,21892.251953125,22177.802734375,54208,0.0,0.0,0.0
2020-05-08 00:00:00+09:00,22320.578125,23986.29296875,22272.986328125,23653.150390625,230026,0.0,0.0,0.0
2020-05-11 00:00:00+09:00,23938.701171875,25080.90625,23891.109375,24604.98828125,209041,0.0,0.0,0.0
2020-05-12 00:00:00+09:00,24890.5390625,25128.498046875,23938.701171875,24747.763671875,96380,0.0,0.0,0.0
2020-05-13 00:00:00+09:00,24652.580078125,24938.130859375,24271.84375,24890.5390625,65844,0.0,0.0,0.0
2020-05-14 00:00:00+09:00,24890.5390625,25461.640625,24224.251953125,25033.314453125,101837,0.0,0.0,0.0
2020-05-15 00:00:00+09:00,25176.08984375,25318.865234375,24509.8046875,25128.498046875,124598,0.0,0.0,0.0
2020-05-18 00:00:00+09:00,25318.865234375,25414.048828125,24604.98828125,24700.171875,84554,0.0,0.0,0.0
2020-05-19 00:00:00+09:00,25176.08984375,25176.08984375,24367.029296875,24604.98828125,62459,0.0,0.0,0.0
2020-05-20 00:00:00+09:00,24271.84375,24604.98828125,23986.29296875,24271.84375,71119,0.0,0.0,0.0
2020-05-21 00:00:00+09:00,24271.84375,24414.62109375,23843.517578125,24319.435546875,99626,0.0,0.0,0.0
2020-05-22 00:00:00+09:00,24319.435546875,24462.212890625,23605.55859375,23891.109375,53540,0.0,0.0,0.0
2020-05-25 00:00:00+09:00,23700.7421875,23795.92578125,23224.82421875,23605.55859375,62245,0.0,0.0,0.0
2020-05-26 00:00:00+09:00,23605.55859375,24271.84375,23605.55859375,23795.92578125,58636,0.0,0.0,0.0
2020-05-27 00:00:00+09:00,23748.333984375,23795.92578125,23129.640625,23177.232421875,73969,0.0,0.0,0.0
2020-05-28 00:00:00+09:00,23224.82421875,23510.375,22368.169921875,22748.90625,76684,0.0,0.0,0.0
2020-05-29 00:00:00+09:00,22510.9453125,23415.19140625,22082.619140625,22606.12890625,73315,0.0,0.0,0.0
2020-06-01 00:00:00+09:00,22368.169921875,23082.048828125,22368.169921875,22606.12890625,54872,0.0,0.0,0.0
2020-06-02 00:00:00+09:00,22986.865234375,23462.783203125,22558.537109375,23224.82421875,84302,0.0,0.0,0.0
2020-06-03 00:00:00+09:00,23795.92578125,23891.109375,23177.232421875,23367.599609375,64373,0.0,0.0,0.0
2020-06-04 00:00:00+09:00,23367.599609375,23891.109375,23082.048828125,23510.375,122814,0.0,0.0,0.0
2020-06-05 00:00:00+09:00,23700.7421875,23891.109375,23224.82421875,23891.109375,65730,0.0,0.0,0.0
2020-06-08 00:00:00+09:00,24129.068359375,24129.068359375,23272.416015625,23415.19140625,45633,0.0,0.0,0.0
2020-06-09 00:00:00+09:00,23700.7421875,23700.7421875,22701.314453125,22939.2734375,97317,0.0,0.0,0.0
2020-06-10 00:00:00+09:00,22939.2734375,22986.865234375,22415.76171875,22796.498046875,38018,0.0,0.0,0.0
2020-06-11 00:00:00+09:00,22748.90625,23034.45703125,22415.76171875,22844.08984375,48023,0.0,0.0,0.0
2020-06-12 00:00:00+09:00,21416.333984375,22177.802734375,21321.150390625,21939.84375,60224,0.0,0.0,0.0
2020-06-15 00:00:00+09:00,22225.39453125,23415.19140625,21749.4765625,22225.39453125,149338,0.0,0.0,0.0
2020-06-16 00:00:00+09:00,22796.498046875,23082.048828125,22368.169921875,22939.2734375,83284,0.0,0.0,0.0
2020-06-17 00:00:00+09:00,22844.08984375,23843.517578125,22558.537109375,23795.92578125,135635,0.0,0.0,0.0
2020-06-18 00:00:00+09:00,23795.92578125,25318.865234375,23557.966796875,24176.66015625,335445,0.0,0.0,0.0
2020-06-19 00:00:00+09:00,24367.029296875,24462.212890625,23415.19140625,23653.150390625,98305,0.0,0.0,0.0
2020-06-22 00:00:00+09:00,24176.66015625,24224.251953125,23129.640625,23129.640625,118393,0.0,0.0,0.0
2020-06-23 00:00:00+09:00,23129.640625,23557.966796875,22653.72265625,22701.314453125,60124,0.0,0.0,0.0
2020-06-24 00:00:00+09:00,22748.90625,23272.416015625,22368.169921875,23034.45703125,99230,0.0,0.0,0.0
2020-06-25 00:00:00+09:00,22463.353515625,23082.048828125,22320.578125,22415.76171875,83080,0.0,0.0,0.0
2020-06-26 00:00:00+09:00,22606.12890625,23082.048828125,22272.986328125,22796.498046875,63441,0.0,0.0,0.0
2020-06-29 00:00:00+09:00,22272.986328125,23510.375,22272.986328125,22844.08984375,88337,0.0,0.0,0.0
2020-06-30 00:00:00+09:00,23177.232421875,23177.232421875,22415.76171875,22415.76171875,57017,0.0,0.0,0.0
2020-07-01 00:00:00+09:00,22510.9453125,22844.08984375,22177.802734375,22415.76171875,59514,0.0,0.0,0.0
2020-07-02 00:00:00+09:00,22368.169921875,22463.353515625,21701.884765625,21939.84375,99046,0.0,0.0,0.0
2020-07-03 00:00:00+09:00,22177.802734375,23177.232421875,21844.66015625,22939.2734375,125160,0.0,0.0,0.0
2020-07-06 00:00:00+09:00,23177.232421875,23177.232421875,22130.2109375,22463.353515625,98012,0.0,0.0,0.0
2020-07-07 00:00:00+09:00,22606.12890625,22606.12890625,21844.66015625,21939.84375,58098,0.0,0.0,0.0
2020-07-08 00:00:00+09:00,22035.02734375,22177.802734375,21749.4765625,22177.802734375,39530,0.0,0.0,0.0
2020-07-09 00:00:00+09:00,22225.39453125,22939.2734375,22082.619140625,22748.90625,96768,0.0,0.0,0.0
2020-07-10 00:00:00+09:00,22748.90625,22891.681640625,21654.29296875,22177.802734375,81280,0.0,0.0,0.0
2020-07-13 00:00:00+09:00,22272.986328125,22272.986328125,21654.29296875,21939.84375,69146,0.0,0.0,0.0
2020-07-14 00:00:00+09:00,21654.29296875,21939.84375,21654.29296875,21939.84375,32229,0.0,0.0,0.0
2020-07-15 00:00:00+09:00,21939.84375,22082.619140625,21701.884765625,22082.619140625,29764,0.0,0.0,0.0
2020-07-16 00:00:00+09:00,22177.802734375,22177.802734375,21654.29296875,21987.435546875,37717,0.0,0.0,0.0
2020-07-17 00:00:00+09:00,21987.435546875,22035.02734375,21797.068359375,21987.435546875,29855,0.0,0.0,0.0
2020-07-20 00:00:00+09:00,21987.435546875,21987.435546875,21511.517578125,21892.251953125,84819,0.0,0.0,0.0
2020-07-21 00:00:00+09:00,21749.4765625,21987.435546875,21701.884765625,21987.435546875,40966,0.0,0.0,0.0
2020-07-22 00:00:00+09:00,21892.251953125,21987.435546875,21511.517578125,21511.517578125,63727,0.0,0.0,0.0
2020-07-23 00:00:00+09:00,21701.884765625,21701.884765625,21416.333984375,21463.92578125,28821,0.0,0.0,0.0
2020-07-24 00:00:00+09:00,21225.966796875,21654.29296875,21130.783203125,21368.7421875,39218,0.0,0.0,0.0
2020-07-27 00:00:00+09:00,21368.7421875,21606.701171875,21225.966796875,21463.92578125,21003,0.0,0.0,0.0
2020-07-28 00:00:00+09:00,21654.29296875,21844.66015625,21416.333984375,21797.068359375,32733,0.0,0.0,0.0
2020-07-29 00:00:00+09:00,21797.068359375,21797.068359375,21416.333984375,21606.701171875,35840,0.0,0.0,0.0
2020-07-30 00:00:00+09:00,21511.517578125,21749.4765625,21273.55859375,21559.109375,22744,0.0,0.0,0.0
2020-07-31 00:00:00+09:00,21749.4765625,21797.068359375,21321.150390625,21368.7421875,21142,0.0,0.0,0.0
2020-08-03 00:00:00+09:00,21368.7421875,21606.701171875,20988.0078125,21035.599609375,37859,0.0,0.0,0.0
2020-08-04 00:00:00+09:00,21035.599609375,21273.55859375,20940.4140625,21130.783203125,32842,0.0,0.0,0.0
2020-08-05 00:00:00+09:00,21273.55859375,21463.92578125,20988.0078125,21178.375,63080,0.0,0.0,0.0
2020-08-06 00:00:00+09:00,21178.375,21368.7421875,20940.4140625,21178.375,59186,0.0,0.0,0.0
2020-08-07 00:00:00+09:00,21178.375,21178.375,20512.087890625,20797.638671875,122840,0.0,0.0,0.0
2020-08-10 00:00:00+09:00,20845.23046875,21321.150390625,20464.49609375,21178.375,72249,0.0,0.0,0.0
2020-08-11 00:00:00+09:00,21225.966796875,21368.7421875,20940.4140625,21273.55859375,55777,0.0,0.0,0.0
2020-08-12 00:00:00+09:00,21273.55859375,21654.29296875,21035.599609375,21654.29296875,86895,0.0,0.0,0.0
2020-08-13 00:00:00+09:00,21701.884765625,21749.4765625,21225.966796875,21416.333984375,74003,0.0,0.0,0.0
2020-08-14 00:00:00+09:00,21463.92578125,21606.701171875,20702.455078125,20892.822265625,56580,0.0,0.0,0.0
2020-08-18 00:00:00+09:00,20892.822265625,20892.822265625,19369.884765625,19750.619140625,109790,0.0,0.0,0.0
2020-08-19 00:00:00+09:00,19845.802734375,20178.9453125,19084.33203125,19607.84375,84411,0.0,0.0,0.0
2020-08-20 00:00:00+09:00,19322.29296875,19655.435546875,18751.189453125,19036.740234375,72991,0.0,0.0,0.0
2020-08-21 00:00:00+09:00,19036.740234375,19417.4765625,18560.822265625,19131.923828125,73122,0.0,0.0,0.0
2020-08-24 00:00:00+09:00,18846.373046875,20131.353515625,18656.005859375,19750.619140625,62083,0.0,0.0,0.0
2020-08-25 00:00:00+09:00,19703.02734375,20559.6796875,19512.66015625,20512.087890625,44431,0.0,0.0,0.0
2020-08-26 00:00:00+09:00,20464.49609375,20559.6796875,19893.39453125,20512.087890625,33516,0.0,0.0,0.0
2020-08-27 00:00:00+09:00,20321.720703125,20512.087890625,19798.2109375,19798.2109375,31162,0.0,0.0,0.0
2020-08-28 00:00:00+09:00,19988.578125,19988.578125,19369.884765625,19369.884765625,28378,0.0,0.0,0.0
2020-08-31 00:00:00+09:00,19274.69921875,19845.802734375,19036.740234375,19369.884765625,46966,0.0,0.0,0.0
2020-09-01 00:00:00+09:00,19560.251953125,19607.84375,19227.107421875,19607.84375,82352,0.0,0.0,0.0
2020-09-02 00:00:00+09:00,19465.068359375,20178.9453125,19465.068359375,20083.76171875,58444,0.0,0.0,0.0
2020-09-03 00:00:00+09:00,20559.6796875,20988.0078125,20464.49609375,20559.6796875,93759,0.0,0.0,0.0
2020-09-04 00:00:00+09:00,20178.9453125,21463.92578125,19798.2109375,21321.150390625,96451,0.0,0.0,0.0
2020-09-07 00:00:00+09:00,21416.333984375,21463.92578125,20988.0078125,21321.150390625,51003,0.0,0.0,0.0
2020-09-08 00:00:00+09:00,21511.517578125,21749.4765625,21273.55859375,21606.701171875,76773,0.0,0.0,0.0
2020-09-09 00:00:00+09:00,21416.333984375,22177.802734375,21035.599609375,21892.251953125,147918,0.0,0.0,0.0
2020-09-10 00:00:00+09:00,22272.986328125,22844.08984375,21559.109375,22701.314453125,132496,0.0,0.0,0.0
2020-09-11 00:00:00+09:00,22844.08984375,22844.08984375,22368.169921875,22606.12890625,119433,0.0,0.0,0.0
2020-09-14 00:00:00+09:00,22463.353515625,23320.0078125,22415.76171875,22653.72265625,109556,0.0,0.0,0.0
2020-09-15 00:00:00+09:00,22653.72265625,22891.681640625,22272.986328125,22415.76171875,53996,0.0,0.0,0.0
2020-09-16 00:00:00+09:00,22463.353515625,22653.72265625,21797.068359375,22130.2109375,81546,0.0,0.0,0.0
2020-09-17 00:00:00+09:00,22130.2109375,22130.2109375,21416.333984375,21511.517578125,49241,0.0,0.0,0.0
2020-09-18 00:00:00+09:00,21654.29296875,21892.251953125,21083.19140625,21892.251953125,33051,0.0,0.0,0.0
2020-09-21 00:00:00+09:00,22035.02734375,22035.02734375,21416.333984375,21416.333984375,70465,0.0,0.0,0.0
2020-09-22 00:00:00+09:00,21321.150390625,21892.251953125,20416.904296875,20940.4140625,58902,0.0,0.0,0.0
2020-09-23 00:00:00+09:00,20750.046875,21225.966796875,20321.720703125,20797.638671875,42131,0.0,0.0,0.0
2020-09-24 00:00:00+09:00,20797.638671875,20940.4140625,20369.3125,20797.638671875,51020,0.0,0.0,0.0
2020-09-25 00:00:00+09:00,21511.517578125,21511.517578125,20702.455078125,20797.638671875,19867,0.0,0.0,0.0
2020-09-28 00:00:00+09:00,20797.638671875,21130.783203125,20750.046875,21083.19140625,14865,0.0,0.0,0.0
2020-09-29 00:00:00+09:00,21130.783203125,21225.966796875,20654.86328125,20654.86328125,30847,0.0,0.0,0.0
2020-10-05 00:00:00+09:00,20892.822265625,21463.92578125,20750.046875,21368.7421875,20511,0.0,0.0,0.0
2020-10-06 00:00:00+09:00,21511.517578125,21606.701171875,20940.4140625,21178.375,34652,0.0,0.0,0.0
2020-10-07 00:00:00+09:00,21273.55859375,21321.150390625,20750.046875,20892.822265625,47986,0.0,0.0,0.0
2020-10-08 00:00:00+09:00,20940.4140625,21273.55859375,20797.638671875,20892.822265625,41757,0.0,0.0,0.0
2020-10-12 00:00:00+09:00,20892.822265625,21463.92578125,20559.6796875,21463.92578125,45679,0.0,0.0,0.0
2020-10-13 00:00:00+09:00,21511.517578125,21701.884765625,21083.19140625,21225.966796875,31947,0.0,0.0,0.0
2020-10-14 00:00:00+09:00,21321.150390625,21463.92578125,20797.638671875,21035.599609375,24371,0.0,0.0,0.0
2020-10-15 00:00:00+09:00,21035.599609375,21083.19140625,20702.455078125,20940.4140625,22584,0.0,0.0,0.0
2020-10-16 00:00:00+09:00,21035.599609375,21083.19140625,20559.6796875,20607.271484375,27773,0.0,0.0,0.0
2020-10-19 00:00:00+09:00,20845.23046875,20940.4140625,20369.3125,20607.271484375,38828,0.0,0.0,0.0
2020-10-20 00:00:00+09:00,20512.087890625,20702.455078125,20226.537109375,20654.86328125,36777,0.0,0.0,0.0
2020-10-21 00:00:00+09:00,20750.046875,20892.822265625,20512.087890625,20607.271484375,11330,0.0,0.0,0.0
2020-10-22 00:00:00+09:00,20750.046875,20750.046875,20131.353515625,20226.537109375,17804,0.0,0.0,0.0
2020-10-23 00:00:00+09:00,20226.537109375,20369.3125,19988.578125,20178.9453125,18503,0.0,0.0,0.0
2020-10-26 00:00:00+09:00,19988.578125,20416.904296875,19512.66015625,19703.02734375,35897,0.0,0.0,0.0
2020-10-27 00:00:00+09:00,19560.251953125,19940.986328125,19369.884765625,19369.884765625,29392,0.0,0.0,0.0
2020-10-28 00:00:00+09:00,19369.884765625,19750.619140625,19322.29296875,19655.435546875,16096,0.0,0.0,0.0
2020-10-29 00:00:00+09:00,19179.515625,19703.02734375,19036.740234375,19703.02734375,36762,0.0,0.0,0.0
2020-10-30 00:00:00+09:00,19750.619140625,19750.619140625,19179.515625,19227.107421875,15497,0.0,0.0,0.0
2020-11-02 00:00:00+09:00,19417.4765625,19607.84375,19274.69921875,19417.4765625,17168,0.0,0.0,0.0
2020-11-03 00:00:00+09:00,19417.4765625,19703.02734375,19417.4765625,19607.84375,18958,0.0,0.0,0.0
2020-11-04 00:00:00+09:00,19703.02734375,19988.578125,19512.66015625,19560.251953125,25068,0.0,0.0,0.0
2020-11-05 00:00:00+09:00,19798.2109375,19798.2109375,19607.84375,19655.435546875,19134,0.0,0.0,0.0
2020-11-06 00:00:00+09:00,20178.9453125,20226.537109375,19512.66015625,19512.66015625,31493,0.0,0.0,0.0
2020-11-09 00:00:00+09:00,19465.068359375,19893.39453125,19274.69921875,19369.884765625,130490,0.0,0.0,0.0
2020-11-10 00:00:00+09:00,19560.251953125,20416.904296875,19560.251953125,20131.353515625,77321,0.0,0.0,0.0
2020-11-11 00:00:00+09:00,20321.720703125,20321.720703125,19845.802734375,20178.9453125,42437,0.0,0.0,0.0
2020-11-12 00:00:00+09:00,20274.12890625,20416.904296875,19988.578125,20178.9453125,27277,0.0,0.0,0.0
2020-11-13 00:00:00+09:00,20178.9453125,20464.49609375,19988.578125,20416.904296875,22793,0.0,0.0,0.0
2020-11-16 00:00:00+09:00,20607.271484375,20607.271484375,20274.12890625,20512.087890625,22815,0.0,0.0,0.0
2020-11-17 00:00:00+09:00,20654.86328125,20654.86328125,20178.9453125,20416.904296875,33485,0.0,0.0,0.0
2020-11-18 00:00:00+09:00,20464.49609375,20702.455078125,20274.12890625,20512.087890625,28925,0.0,0.0,0.0
2020-11-19 00:00:00+09:00,20512.087890625,20607.271484375,20274.12890625,20512.087890625,26764,0.0,0.0,0.0
2020-11-20 00:00:00+09:00,20607.271484375,20654.86328125,20512.087890625,20607.271484375,15611,0.0,0.0,0.0
2020-11-23 00:00:00+09:00,20607.271484375,20607.271484375,20321.720703125,20464.49609375,27343,0.0,0.0,0.0
2020-11-24 00:00:00+09:00,20559.6796875,20845.23046875,20083.76171875,20797.638671875,38724,0.0,0.0,0.0
2020-11-25 00:00:00+09:00,20845.23046875,20892.822265625,20321.720703125,20464.49609375,30360,0.0,0.0,0.0
2020-11-26 00:00:00+09:00,20464.49609375,20559.6796875,20274.12890625,20416.904296875,13595,0.0,0.0,0.0
2020-11-27 00:00:00+09:00,20274.12890625,20512.087890625,20274.12890625,20464.49609375,13094,0.0,0.0,0.0
2020-11-30 00:00:00+09:00,20464.49609375,20702.455078125,20369.3125,20512.087890625,17824,0.0,0.0,0.0
2020-12-01 00:00:00+09:00,20512.087890625,20702.455078125,20416.904296875,20559.6796875,23514,0.0,0.0,0.0
2020-12-02 00:00:00+09:00,20845.23046875,20845.23046875,20416.904296875,20559.6796875,16617,0.0,0.0,0.0
2020-12-03 00:00:00+09:00,20702.455078125,20702.455078125,20369.3125,20464.49609375,24799,0.0,0.0,0.0
2020-12-04 00:00:00+09:00,20702.455078125,20702.455078125,20416.904296875,20512.087890625,30652,0.0,0.0,0.0
2020-12-07 00:00:00+09:00,20607.271484375,20940.4140625,20464.49609375,20559.6796875,31880,0.0,0.0,0.0
2020-12-08 00:00:00+09:00,20559.6796875,20750.046875,20274.12890625,20464.49609375,30886,0.0,0.0,0.0
2020-12-09 00:00:00+09:00,20464.49609375,20702.455078125,20416.904296875,20654.86328125,69274,0.0,0.0,0.0
2020-12-10 00:00:00+09:00,20607.271484375,20702.455078125,20416.904296875,20559.6796875,27425,0.0,0.0,0.0
2020-12-11 00:00:00+09:00,20607.271484375,20702.455078125,20464.49609375,20559.6796875,25013,0.0,0.0,0.0
2020-12-14 00:00:00+09:00,20559.6796875,20607.271484375,20274.12890625,20512.087890625,28266,0.0,0.0,0.0
2020-12-15 00:00:00+09:00,20512.087890625,20607.271484375,20274.12890625,20464.49609375,19538,0.0,0.0,0.0
2020-12-16 00:00:00+09:00,20464.49609375,20607.271484375,20274.12890625,20559.6796875,29258,0.0,0.0,0.0
2020-12-17 00:00:00+09:00,20654.86328125,21225.966796875,20416.904296875,20845.23046875,55712,0.0,0.0,0.0
2020-12-18 00:00:00+09:00,21130.783203125,21130.783203125,20607.271484375,20845.23046875,47555,0.0,0.0,0.0
2020-12-21 00:00:00+09:00,21178.375,21178.375,20702.455078125,21035.599609375,27693,0.0,0.0,0.0
2020-12-22 00:00:00+09:00,20892.822265625,21130.783203125,20512.087890625,20845.23046875,46399,0.0,0.0,0.0
2020-12-23 00:00:00+09:00,20845.23046875,21083.19140625,20654.86328125,20797.638671875,26003,0.0,0.0,0.0
2020-12-24 00:00:00+09:00,20845.23046875,20940.4140625,20654.86328125,20845.23046875,29398,0.0,0.0,0.0
2020-12-28 00:00:00+09:00,20845.23046875,21035.599609375,20559.6796875,20892.822265625,60758,0.0,0.0,0.0
2020-12-29 00:00:00+09:00,21127.451171875,21127.451171875,20735.294921875,20882.353515625,28349,0.0,0.0,0.0
2020-12-30 00:00:00+09:00,21029.412109375,21078.431640625,20686.275390625,20931.373046875,43287,0.0,0.0,0.0
2021-01-04 00:00:00+09:00,20931.373046875,21029.412109375,20392.15625,20539.21484375,45487,0.0,0.0,0.0
2021-01-05 00:00:00+09:00,20588.234375,20588.234375,20147.05859375,20490.1953125,36706,0.0,0.0,0.0
2021-01-06 00:00:00+09:00,20539.21484375,20686.275390625,20049.01953125,20392.15625,80857,0.0,0.0,0.0
2021-01-07 00:00:00+09:00,20392.15625,20882.353515625,20294.1171875,20588.234375,43089,0.0,0.0,0.0
2021-01-08 00:00:00+09:00,20588.234375,20588.234375,20245.09765625,20245.09765625,33910,0.0,0.0,0.0
2021-01-11 00:00:00+09:00,20294.1171875,20392.15625,19558.82421875,19950.98046875,76624,0.0,0.0,0.0
2021-01-12 00:00:00+09:00,19950.98046875,19950.98046875,19558.82421875,19754.90234375,48388,0.0,0.0,0.0
2021-01-13 00:00:00+09:00,19852.94140625,20000.0,19656.86328125,19852.94140625,36704,0.0,0.0,0.0
2021-01-14 00:00:00+09:00,19901.9609375,20196.078125,19852.94140625,20147.05859375,43464,0.0,0.0,0.0
2021-01-15 00:00:00+09:00,20294.1171875,20294.1171875,19901.9609375,20000.0,58702,0.0,0.0,0.0
2021-01-18 00:00:00+09:00,19950.98046875,20392.15625,19705.8828125,20000.0,87033,0.0,0.0,0.0
2021-01-19 00:00:00+09:00,20098.0390625,20196.078125,19803.921875,20000.0,46590,0.0,0.0,0.0
2021-01-20 00:00:00+09:00,20000.0,20098.0390625,19803.921875,20000.0,37494,0.0,0.0,0.0
2021-01-21 00:00:00+09:00,20000.0,20588.234375,19852.94140625,20588.234375,79512,0.0,0.0,0.0
2021-01-22 00:00:00+09:00,22990.1953125,23039.21484375,20637.255859375,20735.294921875,653902,0.0,0.0,0.0
2021-01-25 00:00:00+09:00,20735.294921875,20833.333984375,20392.15625,20686.275390625,117284,0.0,0.0,0.0
2021-01-26 00:00:00+09:00,20686.275390625,21029.412109375,20637.255859375,20882.353515625,94302,0.0,0.0,0.0
2021-01-27 00:00:00+09:00,20931.373046875,21029.412109375,20392.15625,20392.15625,80406,0.0,0.0,0.0
2021-01-28 00:00:00+09:00,20098.0390625,20686.275390625,19901.9609375,20098.0390625,66459,0.0,0.0,0.0
2021-01-29 00:00:00+09:00,20147.05859375,20245.09765625,19411.765625,19656.86328125,87882,0.0,0.0,0.0
2021-02-01 00:00:00+09:00,19607.84375,19852.94140625,19460.78515625,19852.94140625,57072,0.0,0.0,0.0
2021-02-02 00:00:00+09:00,19950.98046875,20000.0,19607.84375,19803.921875,59309,0.0,0.0,0.0
2021-02-03 00:00:00+09:00,19901.9609375,19950.98046875,19509.8046875,19754.90234375,66676,0.0,0.0,0.0
2021-02-04 00:00:00+09:00,19754.90234375,19754.90234375,19460.78515625,19656.86328125,52355,0.0,0.0,0.0
2021-02-05 00:00:00+09:00,19656.86328125,19754.90234375,19460.78515625,19509.8046875,36988,0.0,0.0,0.0
2021-02-08 00:00:00+09:00,19558.82421875,20196.078125,19460.78515625,19901.9609375,57420,0.0,0.0,0.0
2021-02-09 00:00:00+09:00,20000.0,20147.05859375,19803.921875,19901.9609375,37557,0.0,0.0,0.0
2021-02-10 00:00:00+09:00,19803.921875,20196.078125,19656.86328125,20049.01953125,48489,0.0,0.0,0.0
2021-02-15 00:00:00+09:00,20098.0390625,20392.15625,20049.01953125,20245.09765625,61905,0.0,0.0,0.0
2021-02-16 00:00:00+09:00,20392.15625,20392.15625,20196.078125,20343.13671875,34971,0.0,0.0,0.0
2021-02-17 00:00:00+09:00,20539.21484375,20539.21484375,20098.0390625,20294.1171875,71836,0.0,0.0,0.0
2021-02-18 00:00:00+09:00,20294.1171875,20539.21484375,20245.09765625,20392.15625,89150,0.0,0.0,0.0
2021-02-19 00:00:00+09:00,20441.17578125,20490.1953125,19803.921875,20392.15625,83006,0.0,0.0,0.0
2021-02-22 00:00:00+09:00,20833.333984375,21372.548828125,20539.21484375,20784.314453125,236568,0.0,0.0,0.0
2021-02-23 00:00:00+09:00,20735.294921875,21127.451171875,20588.234375,20784.314453125,82502,0.0,0.0,0.0
2021-02-24 00:00:00+09:00,20784.314453125,20833.333984375,20000.0,20000.0,107863,0.0,0.0,0.0
2021-02-25 00:00:00+09:00,20245.09765625,20490.1953125,20147.05859375,20294.1171875,33663,0.0,0.0,0.0
2021-02-26 00:00:00+09:00,19754.90234375,20196.078125,19754.90234375,20049.01953125,45838,0.0,0.0,0.0
2021-03-02 00:00:00+09:00,20392.15625,20637.255859375,19950.98046875,20049.01953125,45441,0.0,0.0,0.0
2021-03-03 00:00:00+09:00,20294.1171875,20490.1953125,20049.01953125,20490.1953125,52138,0.0,0.0,0.0
2021-03-04 00:00:00+09:00,20441.17578125,20882.353515625,20245.09765625,20588.234375,61238,0.0,0.0,0.0
2021-03-05 00:00:00+09:00,20294.1171875,20686.275390625,20294.1171875,20686.275390625,33108,0.0,0.0,0.0
2021-03-08 00:00:00+09:00,20931.373046875,21127.451171875,20686.275390625,20686.275390625,63938,0.0,0.0,0.0
2021-03-09 00:00:00+09:00,20686.275390625,20784.314453125,20196.078125,20637.255859375,53174,0.0,0.0,0.0
2021-03-10 00:00:00+09:00,20735.294921875,20833.333984375,20245.09765625,20441.17578125,48331,0.0,0.0,0.0
2021-03-11 00:00:00+09:00,20441.17578125,20588.234375,20294.1171875,20490.1953125,40956,0.0,0.0,0.0
2021-03-12 00:00:00+09:00,20490.1953125,20588.234375,20294.1171875,20392.15625,40898,0.0,0.0,0.0
2021-03-15 00:00:00+09:00,20343.13671875,20686.275390625,20196.078125,20539.21484375,37480,0.0,0.0,0.0
2021-03-16 00:00:00+09:00,20588.234375,20931.373046875,20441.17578125,20882.353515625,54138,0.0,0.0,0.0
2021-03-17 00:00:00+09:00,20931.373046875,21127.451171875,20735.294921875,21127.451171875,69358,0.0,0.0,0.0
2021-03-18 00:00:00+09:00,21421.568359375,22205.8828125,21274.509765625,21715.685546875,173457,0.0,0.0,0.0
2021-03-19 00:00:00+09:00,21666.666015625,22156.86328125,21519.607421875,21813.724609375,91018,0.0,0.0,0.0
2021-03-22 00:00:00+09:00,22009.8046875,22107.84375,21666.666015625,21911.765625,63770,0.0,0.0,0.0
2021-03-23 00:00:00+09:00,22009.8046875,22156.86328125,21519.607421875,21813.724609375,73882,0.0,0.0,0.0
2021-03-24 00:00:00+09:00,21617.646484375,22205.8828125,21421.568359375,21960.78515625,69643,0.0,0.0,0.0
2021-03-25 00:00:00+09:00,21813.724609375,22156.86328125,21715.685546875,22107.84375,45130,0.0,0.0,0.0
2021-03-26 00:00:00+09:00,22058.82421875,22941.17578125,22058.82421875,22892.15625,162324,0.0,0.0,0.0
2021-03-29 00:00:00+09:00,22794.1171875,22941.17578125,22500.0,22696.078125,49271,0.0,0.0,0.0
2021-03-30 00:00:00+09:00,22745.09765625,22990.1953125,22058.82421875,22254.90234375,57271,0.0,0.0,0.0
2021-03-31 00:00:00+09:00,22254.90234375,22303.921875,21764.705078125,22009.8046875,61020,0.0,0.0,0.0
2021-04-01 00:00:00+09:00,21960.78515625,22549.01953125,21960.78515625,22549.01953125,45621,0.0,0.0,0.0
2021-04-02 00:00:00+09:00,22549.01953125,23284.314453125,22450.98046875,23235.294921875,97465,0.0,0.0,0.0
2021-04-05 00:00:00+09:00,23333.333984375,23480.392578125,23039.21484375,23186.275390625,72781,0.0,0.0,0.0
2021-04-06 00:00:00+09:00,23333.333984375,23333.333984375,22598.0390625,22843.13671875,43737,0.0,0.0,0.0
2021-04-07 00:00:00+09:00,22843.13671875,22843.13671875,22549.01953125,22549.01953125,54517,0.0,0.0,0.0
2021-04-08 00:00:00+09:00,22843.13671875,22843.13671875,22352.94140625,22500.0,33923,0.0,0.0,0.0
2021-04-09 00:00:00+09:00,22794.1171875,22892.15625,22500.0,22696.078125,36728,0.0,0.0,0.0
2021-04-12 00:00:00+09:00,22500.0,22598.0390625,22156.86328125,22500.0,80378,0.0,0.0,0.0
2021-04-13 00:00:00+09:00,22401.9609375,23431.373046875,22401.9609375,23431.373046875,90571,0.0,0.0,0.0
2021-04-14 00:00:00+09:00,23431.373046875,23431.373046875,22941.17578125,23431.373046875,59585,0.0,0.0,0.0
2021-04-15 00:00:00+09:00,23284.314453125,23725.490234375,23088.234375,23529.412109375,56122,0.0,0.0,0.0
2021-04-16 00:00:00+09:00,23480.392578125,23823.529296875,23235.294921875,23578.431640625,69884,0.0,0.0,0.0
2021-04-19 00:00:00+09:00,23823.529296875,23970.587890625,23333.333984375,23676.470703125,64855,0.0,0.0,0.0
2021-04-20 00:00:00+09:00,23627.451171875,23627.451171875,23186.275390625,23333.333984375,47322,0.0,0.0,0.0
2021-04-21 00:00:00+09:00,23333.333984375,23382.353515625,22843.13671875,23186.275390625,62698,0.0,0.0,0.0
2021-04-22 00:00:00+09:00,23186.275390625,23431.373046875,22990.1953125,23284.314453125,21902,0.0,0.0,0.0
2021-04-23 00:00:00+09:00,23284.314453125,23284.314453125,22843.13671875,22990.1953125,28005,0.0,0.0,0.0
2021-04-26 00:00:00+09:00,23137.255859375,23382.353515625,22941.17578125,23333.333984375,35756,0.0,0.0,0.0
2021-04-27 00:00:00+09:00,23088.234375,24019.607421875,23039.21484375,23382.353515625,138225,0.0,0.0,0.0
2021-04-28 00:00:00+09:00,23284.314453125,23529.412109375,22892.15625,22990.1953125,65807,0.0,0.0,0.0
2021-04-29 00:00:00+09:00,22990.1953125,24607.84375,22941.17578125,24313.724609375,411041,0.0,0.0,0.0
2021-04-30 00:00:00+09:00,24019.607421875,24313.724609375,23431.373046875,23872.548828125,94925,0.0,0.0,0.0
2021-05-03 00:00:00+09:00,23823.529296875,24117.646484375,23186.275390625,23529.412109375,71340,0.0,0.0,0.0
2021-05-04 00:00:00+09:00,23774.509765625,23774.509765625,22941.17578125,23431.373046875,55923,0.0,0.0,0.0
2021-05-06 00:00:00+09:00,23088.234375,23823.529296875,23088.234375,23823.529296875,53337,0.0,0.0,0.0
2021-05-07 00:00:00+09:00,24068.626953125,24117.646484375,23529.412109375,23823.529296875,51588,0.0,0.0,0.0
2021-05-10 00:00:00+09:00,23823.529296875,23823.529296875,23333.333984375,23431.373046875,76437,0.0,0.0,0.0
2021-05-11 00:00:00+09:00,23284.314453125,23529.412109375,22745.09765625,22990.1953125,133703,0.0,0.0,0.0
2021-05-12 00:00:00+09:00,22990.1953125,23382.353515625,22647.05859375,23039.21484375,67336,0.0,0.0,0.0
2021-05-13 00:00:00+09:00,22598.0390625,22892.15625,22352.94140625,22745.09765625,86040,0.0,0.0,0.0
2021-05-14 00:00:00+09:00,22745.09765625,22892.15625,22205.8828125,22401.9609375,85955,0.0,0.0,0.0
2021-05-17 00:00:00+09:00,22549.01953125,22843.13671875,22401.9609375,22549.01953125,40810,0.0,0.0,0.0
2021-05-18 00:00:00+09:00,22450.98046875,22941.17578125,22303.921875,22647.05859375,68861,0.0,0.0,0.0
2021-05-20 00:00:00+09:00,22647.05859375,22745.09765625,22254.90234375,22745.09765625,28847,0.0,0.0,0.0
2021-05-21 00:00:00+09:00,22990.1953125,22990.1953125,22696.078125,22843.13671875,49937,0.0,0.0,0.0
2021-05-24 00:00:00+09:00,22696.078125,22843.13671875,22303.921875,22500.0,28237,0.0,0.0,0.0
2021-05-25 00:00:00+09:00,22549.01953125,23186.275390625,22549.01953125,23186.275390625,64201,0.0,0.0,0.0
2021-05-26 00:00:00+09:00,23529.412109375,25000.0,23382.353515625,24460.78515625,300017,0.0,0.0,0.0
2021-05-27 00:00:00+09:00,24656.86328125,25196.078125,24362.744140625,24509.8046875,114652,0.0,0.0,0.0
2021-05-28 00:00:00+09:00,24509.8046875,24803.921875,22745.09765625,24460.78515625,151539,0.0,0.0,0.0
2021-05-31 00:00:00+09:00,24460.78515625,24803.921875,24019.607421875,24754.90234375,96648,0.0,0.0,0.0
2021-06-01 00:00:00+09:00,24656.86328125,25686.275390625,24313.724609375,25294.1171875,190670,0.0,0.0,0.0
2021-06-02 00:00:00+09:00,25343.13671875,25784.314453125,25000.0,25637.255859375,98530,0.0,0.0,0.0
2021-06-03 00:00:00+09:00,25882.353515625,25980.392578125,25294.1171875,25441.17578125,68983,0.0,0.0,0.0
2021-06-04 00:00:00+09:00,25441.17578125,25833.333984375,25245.09765625,25539.21484375,85203,0.0,0.0,0.0
2021-06-07 00:00:00+09:00,25784.314453125,25784.314453125,25147.05859375,25490.1953125,57843,0.0,0.0,0.0
2021-06-08 00:00:00+09:00,25294.1171875,25735.294921875,25147.05859375,25294.1171875,111667,0.0,0.0,0.0
2021-06-09 00:00:00+09:00,25392.15625,25490.1953125,25000.0,25294.1171875,53397,0.0,0.0,0.0
2021-06-10 00:00:00+09:00,25294.1171875,26715.685546875,25196.078125,26470.587890625,212592,0.0,0.0,0.0
2021-06-11 00:00:00+09:00,26274.509765625,26813.724609375,26029.412109375,26470.587890625,76954,0.0,0.0,0.0
2021-06-14 00:00:00+09:00,26568.626953125,27401.9609375,26568.626953125,26862.744140625,132488,0.0,0.0,0.0
2021-06-15 00:00:00+09:00,26862.744140625,27401.9609375,26764.705078125,27303.921875,77871,0.0,0.0,0.0
2021-06-16 00:00:00+09:00,27303.921875,27352.94140625,26813.724609375,27058.82421875,78323,0.0,0.0,0.0
2021-06-17 00:00:00+09:00,27058.82421875,27401.9609375,26274.509765625,27303.921875,119745,0.0,0.0,0.0
2021-06-18 00:00:00+09:00,27401.9609375,28333.333984375,27303.921875,28235.294921875,219203,0.0,0.0,0.0
2021-06-21 00:00:00+09:00,27205.8828125,28088.234375,27205.8828125,27254.90234375,261005,0.0,0.0,0.0
2021-06-22 00:00:00+09:00,27205.8828125,27205.8828125,25980.392578125,26764.705078125,179664,0.0,0.0,0.0
2021-06-23 00:00:00+09:00,26470.587890625,26715.685546875,25931.373046875,26421.568359375,146833,0.0,0.0,0.0
2021-06-24 00:00:00+09:00,26274.509765625,26323.529296875,25392.15625,25833.333984375,125484,0.0,0.0,0.0
2021-06-25 00:00:00+09:00,25784.314453125,25931.373046875,25343.13671875,25392.15625,81761,0.0,0.0,0.0
2021-06-28 00:00:00+09:00,25196.078125,25392.15625,24558.82421875,24803.921875,178385,0.0,0.0,0.0
2021-06-29 00:00:00+09:00,24754.90234375,25000.0,24558.82421875,24950.98046875,148431,0.0,0.0,0.0
2021-06-30 00:00:00+09:00,24852.94140625,27794.1171875,24852.94140625,26862.744140625,504148,0.0,0.0,0.0
2021-07-01 00:00:00+09:00,26862.744140625,27156.86328125,26372.548828125,26617.646484375,116855,0.0,0.0,0.0
2021-07-02 00:00:00+09:00,26519.607421875,27254.90234375,25784.314453125,25931.373046875,127967,0.0,0.0,0.0
2021-07-05 00:00:00+09:00,25931.373046875,26225.490234375,25392.15625,26078.431640625,138581,0.0,0.0,0.0
2021-07-06 00:00:00+09:00,26078.431640625,26323.529296875,25833.333984375,25882.353515625,54863,0.0,0.0,0.0
2021-07-07 00:00:00+09:00,26323.529296875,26323.529296875,25441.17578125,25735.294921875,80600,0.0,0.0,0.0
2021-07-08 00:00:00+09:00,25735.294921875,25784.314453125,25000.0,25147.05859375,63009,0.0,0.0,0.0
2021-07-09 00:00:00+09:00,24754.90234375,25490.1953125,24313.724609375,25245.09765625,140991,0.0,0.0,0.0
2021-07-12 00:00:00+09:00,25588.234375,26078.431640625,24803.921875,25686.275390625,96444,0.0,0.0,0.0
2021-07-13 00:00:00+09:00,26372.548828125,26666.666015625,26029.412109375,26078.431640625,98584,0.0,0.0,0.0
2021-07-14 00:00:00+09:00,26323.529296875,27205.8828125,25931.373046875,27058.82421875,124601,0.0,0.0,0.0
2021-07-15 00:00:00+09:00,27058.82421875,27205.8828125,26372.548828125,26568.626953125,95548,0.0,0.0,0.0
2021-07-16 00:00:00+09:00,26568.626953125,27303.921875,26225.490234375,26960.78515625,112385,0.0,0.0,0.0
2021-07-19 00:00:00+09:00,27107.84375,27107.84375,26323.529296875,26715.685546875,43542,0.0,0.0,0.0
2021-07-20 00:00:00+09:00,26372.548828125,26617.646484375,25637.255859375,25784.314453125,96975,0.0,0.0,0.0
2021-07-21 00:00:00+09:00,25980.392578125,26225.490234375,25637.255859375,25735.294921875,63655,0.0,0.0,0.0
2021-07-22 00:00:00+09:00,26078.431640625,27254.90234375,25833.333984375,27156.86328125,159247,0.0,0.0,0.0
2021-07-23 00:00:00+09:00,27352.94140625,27745.09765625,27009.8046875,27254.90234375,99824,0.0,0.0,0.0
2021-07-26 00:00:00+09:00,27745.09765625,27941.17578125,26813.724609375,27352.94140625,72006,0.0,0.0,0.0
2021-07-27 00:00:00+09:00,27647.05859375,28578.431640625,27254.90234375,28529.412109375,222425,0.0,0.0,0.0
2021-07-28 00:00:00+09:00,29117.646484375,29803.921875,27352.94140625,27647.05859375,325111,0.0,0.0,0.0
2021-07-29 00:00:00+09:00,27892.15625,29607.84375,27745.09765625,29460.78515625,258787,0.0,0.0,0.0
2021-07-30 00:00:00+09:00,29460.78515625,29852.94140625,28431.373046875,29362.744140625,164557,0.0,0.0,0.0
2021-08-02 00:00:00+09:00,29215.685546875,29705.8828125,28921.568359375,29068.626953125,101994,0.0,0.0,0.0
2021-08-03 00:00:00+09:00,29117.646484375,29362.744140625,28578.431640625,29264.705078125,77554,0.0,0.0,0.0
2021-08-04 00:00:00+09:00,29068.626953125,29264.705078125,28578.431640625,28676.470703125,85361,0.0,0.0,0.0
2021-08-05 00:00:00+09:00,28725.490234375,28970.587890625,27598.0390625,28676.470703125,234678,0.0,0.0,0.0
2021-08-06 00:00:00+09:00,28676.470703125,29166.666015625,27647.05859375,27696.078125,208783,0.0,0.0,0.0
2021-08-09 00:00:00+09:00,27892.15625,28137.255859375,26960.78515625,27745.09765625,215781,0.0,0.0,0.0
2021-08-10 00:00:00+09:00,27598.0390625,27696.078125,27058.82421875,27156.86328125,112503,0.0,0.0,0.0
2021-08-11 00:00:00+09:00,27058.82421875,27696.078125,26960.78515625,27205.8828125,114642,0.0,0.0,0.0
2021-08-12 00:00:00+09:00,27156.86328125,27401.9609375,27009.8046875,27303.921875,112637,0.0,0.0,0.0
2021-08-13 00:00:00+09:00,27450.98046875,27450.98046875,26519.607421875,26666.666015625,126381,0.0,0.0,0.0
2021-08-17 00:00:00+09:00,26666.666015625,27009.8046875,26127.451171875,26274.509765625,114717,0.0,0.0,0.0
2021-08-18 00:00:00+09:00,26274.509765625,28186.275390625,25882.353515625,27549.01953125,286357,0.0,0.0,0.0
2021-08-19 00:00:00+09:00,27549.01953125,27941.17578125,26764.705078125,26813.724609375,118631,0.0,0.0,0.0
2021-08-20 00:00:00+09:00,26862.744140625,27058.82421875,25637.255859375,25784.314453125,188713,0.0,0.0,0.0
2021-08-23 00:00:00+09:00,26225.490234375,26715.685546875,25980.392578125,26421.568359375,97424,0.0,0.0,0.0
2021-08-24 00:00:00+09:00,26666.666015625,27254.90234375,26519.607421875,26666.666015625,77566,0.0,0.0,0.0
2021-08-25 00:00:00+09:00,26813.724609375,26862.744140625,26127.451171875,26617.646484375,73857,0.0,0.0,0.0
2021-08-26 00:00:00+09:00,26764.705078125,26960.78515625,26470.587890625,26813.724609375,34103,0.0,0.0,0.0
2021-08-27 00:00:00+09:00,26813.724609375,27156.86328125,26666.666015625,26911.765625,33000,0.0,0.0,0.0
2021-08-30 00:00:00+09:00,27254.90234375,27941.17578125,27205.8828125,27696.078125,147533,0.0,0.0,0.0
2021-08-31 00:00:00+09:00,27843.13671875,28480.392578125,27303.921875,28382.353515625,167590,0.0,0.0,0.0
2021-09-01 00:00:00+09:00,28382.353515625,29068.626953125,27990.1953125,28578.431640625,99480,0.0,0.0,0.0
2021-09-02 00:00:00+09:00,28676.470703125,29460.78515625,28186.275390625,29264.705078125,94728,0.0,0.0,0.0
2021-09-03 00:00:00+09:00,29411.765625,29852.94140625,28921.568359375,29313.724609375,141610,0.0,0.0,0.0
2021-09-06 00:00:00+09:00,29362.744140625,29411.765625,28578.431640625,28627.451171875,64447,0.0,0.0,0.0
2021-09-07 00:00:00+09:00,28431.373046875,28872.548828125,27696.078125,28039.21484375,77846,0.0,0.0,0.0
2021-09-08 00:00:00+09:00,28137.255859375,28725.490234375,27598.0390625,28725.490234375,88277,0.0,0.0,0.0
2021-09-09 00:00:00+09:00,28235.294921875,28431.373046875,27549.01953125,27843.13671875,90629,0.0,0.0,0.0
2021-09-10 00:00:00+09:00,27794.1171875,28039.21484375,27401.9609375,27941.17578125,60693,0.0,0.0,0.0
2021-09-13 00:00:00+09:00,27598.0390625,28039.21484375,27156.86328125,27696.078125,95704,0.0,0.0,0.0
2021-09-14 00:00:00+09:00,27843.13671875,28186.275390625,27401.9609375,27647.05859375,83553,0.0,0.0,0.0
2021-09-15 00:00:00+09:00,27647.05859375,28235.294921875,27647.05859375,27990.1953125,50090,0.0,0.0,0.0
2021-09-16 00:00:00+09:00,28284.314453125,28823.529296875,27401.9609375,28627.451171875,99302,0.0,0.0,0.0
2021-09-17 00:00:00+09:00,28578.431640625,28872.548828125,28137.255859375,28186.275390625,54353,0.0,0.0,0.0
2021-09-23 00:00:00+09:00,27990.1953125,27990.1953125,27401.9609375,27401.9609375,68434,0.0,0.0,0.0
2021-09-24 00:00:00+09:00,27892.15625,27892.15625,27352.94140625,27450.98046875,21100,0.0,0.0,0.0
2021-09-27 00:00:00+09:00,27450.98046875,27794.1171875,27352.94140625,27450.98046875,19248,0.0,0.0,0.0
2021-09-28 00:00:00+09:00,27450.98046875,27794.1171875,27303.921875,27450.98046875,37294,0.0,0.0,0.0
2021-09-29 00:00:00+09:00,26715.685546875,27647.05859375,26568.626953125,27500.0,80961,0.0,0.0,0.0
2021-09-30 00:00:00+09:00,27450.98046875,27696.078125,27156.86328125,27450.98046875,31055,0.0,0.0,0.0
2021-10-01 00:00:00+09:00,27156.86328125,27696.078125,26960.78515625,27450.98046875,38247,0.0,0.0,0.0
2021-10-05 00:00:00+09:00,27352.94140625,27941.17578125,26666.666015625,27549.01953125,69458,0.0,0.0,0.0
2021-10-06 00:00:00+09:00,27549.01953125,28627.451171875,27009.8046875,27696.078125,67942,0.0,0.0,0.0
2021-10-07 00:00:00+09:00,27843.13671875,28578.431640625,27647.05859375,28480.392578125,40362,0.0,0.0,0.0
2021-10-08 00:00:00+09:00,28627.451171875,28627.451171875,27450.98046875,27892.15625,52364,0.0,0.0,0.0
2021-10-12 00:00:00+09:00,27990.1953125,27990.1953125,27450.98046875,27647.05859375,20234,0.0,0.0,0.0
2021-10-13 00:00:00+09:00,27696.078125,27794.1171875,27352.94140625,27549.01953125,30851,0.0,0.0,0.0
2021-10-14 00:00:00+09:00,27794.1171875,29068.626953125,27745.09765625,28872.548828125,114546,0.0,0.0,0.0
2021-10-15 00:00:00+09:00,29411.765625,29411.765625,28627.451171875,28970.587890625,88104,0.0,0.0,0.0
2021-10-18 00:00:00+09:00,29019.607421875,29068.626953125,28480.392578125,28872.548828125,40316,0.0,0.0,0.0
2021-10-19 00:00:00+09:00,29264.705078125,29264.705078125,28431.373046875,29117.646484375,39091,0.0,0.0,0.0
2021-10-20 00:00:00+09:00,29117.646484375,31862.744140625,28872.548828125,31568.626953125,436522,0.0,0.0,0.0
2021-10-21 00:00:00+09:00,31568.626953125,32843.13671875,31372.548828125,31862.744140625,198249,0.0,0.0,0.0
2021-10-22 00:00:00+09:00,32156.86328125,32156.86328125,30588.234375,31274.509765625,104330,0.0,0.0,0.0
2021-10-25 00:00:00+09:00,30931.373046875,31225.490234375,30441.17578125,31225.490234375,55297,0.0,0.0,0.0
2021-10-26 00:00:00+09:00,30637.255859375,30980.392578125,29950.98046875,30392.15625,112433,0.0,0.0,0.0
2021-10-27 00:00:00+09:00,30196.078125,30441.17578125,29754.90234375,30343.13671875,56489,0.0,0.0,0.0
2021-10-28 00:00:00+09:00,30294.1171875,30637.255859375,29117.646484375,29607.84375,86210,0.0,0.0,0.0
2021-10-29 00:00:00+09:00,29656.86328125,29656.86328125,28627.451171875,28921.568359375,63600,0.0,0.0,0.0
2021-11-01 00:00:00+09:00,28921.568359375,29803.921875,28235.294921875,29215.685546875,99480,0.0,0.0,0.0
2021-11-02 00:00:00+09:00,30049.01953125,30882.353515625,29558.82421875,29803.921875,142016,0.0,0.0,0.0
2021-11-03 00:00:00+09:00,30098.0390625,30490.1953125,29068.626953125,29411.765625,138991,0.0,0.0,0.0
2021-11-04 00:00:00+09:00,30147.05859375,30196.078125,29068.626953125,29362.744140625,79949,0.0,0.0,0.0
2021-11-05 00:00:00+09:00,29656.86328125,29656.86328125,28774.509765625,29166.666015625,62086,0.0,0.0,0.0
2021-11-08 00:00:00+09:00,29264.705078125,29264.705078125,28382.353515625,28823.529296875,55592,0.0,0.0,0.0
2021-11-09 00:00:00+09:00,28578.431640625,28774.509765625,27843.13671875,28137.255859375,78784,0.0,0.0,0.0
2021-11-10 00:00:00+09:00,28137.255859375,28284.314453125,26666.666015625,27254.90234375,176403,0.0,0.0,0.0
2021-11-11 00:00:00+09:00,27254.90234375,28284.314453125,26911.765625,27401.9609375,69903,0.0,0.0,0.0
2021-11-12 00:00:00+09:00,28088.234375,28137.255859375,27303.921875,27745.09765625,31383,0.0,0.0,0.0
2021-11-15 00:00:00+09:00,27990.1953125,27990.1953125,27254.90234375,27647.05859375,33637,0.0,0.0,0.0
2021-11-16 00:00:00+09:00,27794.1171875,28284.314453125,27500.0,27892.15625,48983,0.0,0.0,0.0
2021-11-17 00:00:00+09:00,28235.294921875,28235.294921875,26764.705078125,27450.98046875,80872,0.0,0.0,0.0
2021-11-18 00:00:00+09:00,27303.921875,27647.05859375,26470.587890625,27401.9609375,93651,0.0,0.0,0.0
2021-11-19 00:00:00+09:00,27401.9609375,27990.1953125,27058.82421875,27352.94140625,91667,0.0,0.0,0.0
2021-11-22 00:00:00+09:00,27156.86328125,27352.94140625,26323.529296875,26764.705078125,66090,0.0,0.0,0.0
2021-11-23 00:00:00+09:00,26764.705078125,26911.765625,25686.275390625,26078.431640625,79015,0.0,0.0,0.0
2021-11-24 00:00:00+09:00,25882.353515625,26764.705078125,25833.333984375,26715.685546875,41487,0.0,0.0,0.0
2021-11-25 00:00:00+09:00,27058.82421875,27058.82421875,26274.509765625,26519.607421875,24088,0.0,0.0,0.0
2021-11-26 00:00:00+09:00,26372.548828125,26862.744140625,25490.1953125,25833.333984375,75875,0.0,0.0,0.0
2021-11-29 00:00:00+09:00,25098.0390625,25686.275390625,24803.921875,25343.13671875,53898,0.0,0.0,0.0
2021-11-30 00:00:00+09:00,25784.314453125,25784.314453125,24313.724609375,24509.8046875,60303,0.0,0.0,0.0
2021-12-01 00:00:00+09:00,24215.685546875,25343.13671875,24215.685546875,25147.05859375,38109,0.0,0.0,0.0
2021-12-02 00:00:00+09:00,24607.84375,25539.21484375,24607.84375,25539.21484375,25841,0.0,0.0,0.0
2021-12-03 00:00:00+09:00,25588.234375,26568.626953125,25294.1171875,26470.587890625,42190,0.0,0.0,0.0
2021-12-06 00:00:00+09:00,26176.470703125,27254.90234375,25882.353515625,26568.626953125,53888,0.0,0.0,0.0
2021-12-07 00:00:00+09:00,27058.82421875,27107.84375,26617.646484375,27009.8046875,26699,0.0,0.0,0.0
2021-12-08 00:00:00+09:00,27401.9609375,27500.0,26813.724609375,26813.724609375,37082,0.0,0.0,0.0
2021-12-09 00:00:00+09:00,27058.82421875,27205.8828125,26764.705078125,26862.744140625,20964,0.0,0.0,0.0
2021-12-10 00:00:00+09:00,26617.646484375,26960.78515625,26568.626953125,26715.685546875,12633,0.0,0.0,0.0
2021-12-13 00:00:00+09:00,26715.685546875,26960.78515625,26519.607421875,26764.705078125,17221,0.0,0.0,0.0
2021-12-14 00:00:00+09:00,26764.705078125,27450.98046875,26568.626953125,26960.78515625,33049,0.0,0.0,0.0
2021-12-15 00:00:00+09:00,26764.705078125,27254.90234375,26666.666015625,27156.86328125,18187,0.0,0.0,0.0
2021-12-16 00:00:00+09:00,27352.94140625,27352.94140625,26911.765625,27205.8828125,28565,0.0,0.0,0.0
2021-12-17 00:00:00+09:00,27303.921875,27303.921875,26862.744140625,27058.82421875,18527,0.0,0.0,0.0
2021-12-20 00:00:00+09:00,26666.666015625,26960.78515625,26519.607421875,26617.646484375,18700,0.0,0.0,0.0
2021-12-21 00:00:00+09:00,26617.646484375,26764.705078125,26029.412109375,26715.685546875,35429,0.0,0.0,0.0
2021-12-22 00:00:00+09:00,26715.685546875,26911.765625,26372.548828125,26372.548828125,16436,0.0,0.0,0.0
2021-12-23 00:00:00+09:00,26568.626953125,26666.666015625,26127.451171875,26372.548828125,23486,0.0,0.0,0.0
2021-12-24 00:00:00+09:00,26715.685546875,26911.765625,26519.607421875,26764.705078125,32103,0.0,0.0,0.0
2021-12-27 00:00:00+09:00,27107.84375,27303.921875,26813.724609375,27156.86328125,25474,0.0,0.0,0.0
2021-12-28 00:00:00+09:00,27352.94140625,27696.078125,26960.78515625,26960.78515625,64162,0.0,0.0,0.0
2021-12-29 00:00:00+09:00,27100.0,27550.0,27050.0,27150.0,16479,0.0,0.0,0.0
2021-12-30 00:00:00+09:00,27050.0,27400.0,27050.0,27400.0,16257,0.0,0.0,0.0
2022-01-04 00:00:00+09:00,28900.0,29900.0,28600.0,28950.0,113633,0.0,0.0,0.0
2022-01-05 00:00:00+09:00,29050.0,29450.0,28500.0,28700.0,44515,0.0,0.0,0.0
2022-01-06 00:00:00+09:00,28700.0,28850.0,27600.0,27750.0,100469,0.0,0.0,0.0
2022-01-07 00:00:00+09:00,28150.0,28350.0,27600.0,28050.0,55883,0.0,0.0,0.0
2022-01-10 00:00:00+09:00,28300.0,28400.0,27750.0,28400.0,38256,0.0,0.0,0.0
2022-01-11 00:00:00+09:00,28600.0,28600.0,27350.0,27400.0,39046,0.0,0.0,0.0
2022-01-12 00:00:00+09:00,27950.0,27950.0,27350.0,27550.0,38729,0.0,0.0,0.0
2022-01-13 00:00:00+09:00,27450.0,27900.0,26600.0,27050.0,113789,0.0,0.0,0.0
2022-01-14 00:00:00+09:00,26900.0,27150.0,26350.0,26900.0,86316,0.0,0.0,0.0
2022-01-17 00:00:00+09:00,26950.0,27150.0,26500.0,27100.0,56440,0.0,0.0,0.0
2022-01-18 00:00:00+09:00,27400.0,27400.0,27100.0,27250.0,31626,0.0,0.0,0.0
2022-01-19 00:00:00+09:00,27000.0,27750.0,27000.0,27250.0,40330,0.0,0.0,0.0
2022-01-20 00:00:00+09:00,27100.0,27950.0,27050.0,27600.0,17164,0.0,0.0,0.0
2022-01-21 00:00:00+09:00,27500.0,28600.0,27500.0,28500.0,101188,0.0,0.0,0.0
2022-01-24 00:00:00+09:00,28500.0,28500.0,27200.0,27900.0,61629,0.0,0.0,0.0
2022-01-25 00:00:00+09:00,27900.0,28100.0,26900.0,27300.0,48720,0.0,0.0,0.0
2022-01-26 00:00:00+09:00,27300.0,27300.0,27300.0,27300.0,0,0.0,0.0,0.0
2022-01-27 00:00:00+09:00,26900.0,27150.0,26200.0,26200.0,47643,0.0,0.0,0.0
2022-01-28 00:00:00+09:00,26150.0,27200.0,26150.0,26900.0,26950,0.0,0.0,0.0
2022-02-03 00:00:00+09:00,27250.0,27450.0,26500.0,27050.0,39977,0.0,0.0,0.0
2022-02-04 00:00:00+09:00,26650.0,27850.0,26650.0,27850.0,38580,0.0,0.0,0.0
2022-02-07 00:00:00+09:00,27950.0,28500.0,27850.0,28200.0,39450,0.0,0.0,0.0
2022-02-08 00:00:00+09:00,28200.0,28200.0,28200.0,28200.0,0,0.0,0.0,0.0
2022-02-09 00:00:00+09:00,28200.0,28200.0,28200.0,28200.0,0,0.0,0.0,0.0
2022-02-10 00:00:00+09:00,28500.0,28500.0,27650.0,27800.0,37910,0.0,0.0,0.0
2022-02-11 00:00:00+09:00,27800.0,28450.0,27500.0,27900.0,33408,0.0,0.0,0.0
2022-02-14 00:00:00+09:00,27550.0,30000.0,27550.0,29450.0,317240,0.0,0.0,0.0
2022-02-15 00:00:00+09:00,29750.0,31000.0,29050.0,30850.0,320495,0.0,0.0,0.0
2022-02-16 00:00:00+09:00,31500.0,31850.0,30700.0,31700.0,259842,0.0,0.0,0.0
2022-02-17 00:00:00+09:00,31700.0,32550.0,30450.0,31650.0,175872,0.0,0.0,0.0
2022-02-18 00:00:00+09:00,31150.0,31900.0,30650.0,31150.0,62642,0.0,0.0,0.0
2022-02-21 00:00:00+09:00,31150.0,31150.0,31150.0,31150.0,0,0.0,0.0,0.0
2022-02-22 00:00:00+09:00,31150.0,31150.0,31150.0,31150.0,0,0.0,0.0,0.0
2022-02-23 00:00:00+09:00,31150.0,31150.0,31150.0,31150.0,0,0.0,0.0,0.0
2022-02-24 00:00:00+09:00,30200.0,30550.0,29500.0,29750.0,83016,0.0,0.0,0.0
2022-02-25 00:00:00+09:00,30050.0,30350.0,29200.0,29850.0,89308,0.0,0.0,0.0
2022-02-28 00:00:00+09:00,29850.0,29850.0,29850.0,29850.0,0,0.0,0.0,0.0
2022-03-02 00:00:00+09:00,30050.0,30500.0,29200.0,29450.0,81785,0.0,0.0,0.0
2022-03-03 00:00:00+09:00,29550.0,29900.0,29200.0,29850.0,82832,0.0,0.0,0.0
2022-03-04 00:00:00+09:00,29850.0,29850.0,29850.0,29850.0,0,0.0,0.0,0.0
2022-03-07 00:00:00+09:00,29200.0,29200.0,28250.0,28450.0,80100,0.0,0.0,0.0
2022-03-08 00:00:00+09:00,28050.0,28300.0,27500.0,27750.0,88422,0.0,0.0,0.0
2022-03-10 00:00:00+09:00,27750.0,27750.0,27750.0,27750.0,0,0.0,0.0,0.0
2022-03-11 00:00:00+09:00,27750.0,27750.0,27750.0,27750.0,0,0.0,0.0,0.0
2022-03-14 00:00:00+09:00,29050.0,29300.0,28600.0,28900.0,47817,0.0,0.0,0.0
2022-03-15 00:00:00+09:00,28900.0,28900.0,28900.0,28900.0,0,0.0,0.0,0.0
2022-03-16 00:00:00+09:00,28900.0,28900.0,28900.0,28900.0,0,0.0,0.0,0.0
2022-03-17 00:00:00+09:00,28900.0,28900.0,28900.0,28900.0,0,0.0,0.0,0.0
2022-03-18 00:00:00+09:00,29400.0,30000.0,29250.0,29900.0,36089,0.0,0.0,0.0
2022-03-21 00:00:00+09:00,29900.0,29900.0,29900.0,29900.0,0,0.0,0.0,0.0
2022-03-22 00:00:00+09:00,29950.0,31200.0,29800.0,30400.0,131032,0.0,0.0,0.0
2022-03-23 00:00:00+09:00,30550.0,30950.0,29650.0,30400.0,73787,0.0,0.0,0.0
2022-03-24 00:00:00+09:00,30200.0,31000.0,29650.0,30950.0,68709,0.0,0.0,0.0
2022-03-25 00:00:00+09:00,31200.0,31300.0,30400.0,30500.0,36522,0.0,0.0,0.0
2022-03-28 00:00:00+09:00,30650.0,30650.0,29500.0,30000.0,52289,0.0,0.0,0.0
2022-03-29 00:00:00+09:00,29850.0,30450.0,29650.0,29900.0,56575,0.0,0.0,0.0
2022-03-30 00:00:00+09:00,29950.0,30350.0,29450.0,29850.0,42966,0.0,0.0,0.0
2022-03-31 00:00:00+09:00,29950.0,30450.0,29550.0,30000.0,54638,0.0,0.0,0.0
2022-04-01 00:00:00+09:00,30100.0,30400.0,29550.0,30200.0,38909,0.0,0.0,0.0
2022-04-04 00:00:00+09:00,30400.0,31700.0,30000.0,30100.0,153146,0.0,0.0,0.0
2022-04-05 00:00:00+09:00,30200.0,32200.0,30000.0,32000.0,239200,0.0,0.0,0.0
2022-04-06 00:00:00+09:00,31950.0,32500.0,31400.0,31900.0,142944,0.0,0.0,0.0
2022-04-07 00:00:00+09:00,31600.0,31800.0,30850.0,31400.0,61421,0.0,0.0,0.0
2022-04-08 00:00:00+09:00,31300.0,31500.0,30850.0,31350.0,54747,0.0,0.0,0.0
2022-04-11 00:00:00+09:00,31700.0,33900.0,31400.0,33300.0,304042,0.0,0.0,0.0
2022-04-12 00:00:00+09:00,33150.0,33150.0,31250.0,32200.0,205529,0.0,0.0,0.0
2022-04-13 00:00:00+09:00,32800.0,34250.0,32650.0,33100.0,261198,0.0,0.0,0.0
2022-04-14 00:00:00+09:00,33400.0,34450.0,32850.0,33900.0,102220,0.0,0.0,0.0
2022-04-15 00:00:00+09:00,33600.0,34550.0,32850.0,33900.0,79079,0.0,0.0,0.0
2022-04-18 00:00:00+09:00,33900.0,34250.0,33000.0,34050.0,59261,0.0,0.0,0.0
2022-04-19 00:00:00+09:00,34950.0,35200.0,33150.0,33450.0,166651,0.0,0.0,0.0
2022-04-20 00:00:00+09:00,33450.0,34700.0,33000.0,34600.0,124901,0.0,0.0,0.0
2022-04-21 00:00:00+09:00,34850.0,34850.0,33550.0,33800.0,75188,0.0,0.0,0.0
2022-04-22 00:00:00+09:00,33400.0,33750.0,32900.0,33300.0,56525,0.0,0.0,0.0
2022-04-25 00:00:00+09:00,32800.0,33450.0,32550.0,32700.0,63888,0.0,0.0,0.0
2022-04-26 00:00:00+09:00,32850.0,33100.0,32500.0,32850.0,49890,0.0,0.0,0.0
2022-04-27 00:00:00+09:00,32050.0,32700.0,30700.0,32450.0,51242,0.0,0.0,0.0
2022-04-28 00:00:00+09:00,32800.0,32800.0,31600.0,32400.0,56502,0.0,0.0,0.0
2022-04-29 00:00:00+09:00,32550.0,32650.0,32050.0,32550.0,24999,0.0,0.0,0.0
2022-05-02 00:00:00+09:00,31950.0,32500.0,31950.0,32200.0,27786,0.0,0.0,0.0
2022-05-03 00:00:00+09:00,32200.0,33000.0,32000.0,32750.0,46555,0.0,0.0,0.0
2022-05-04 00:00:00+09:00,32550.0,32700.0,31100.0,31550.0,82727,0.0,0.0,0.0
2022-05-06 00:00:00+09:00,31400.0,31850.0,30800.0,31650.0,61623,0.0,0.0,0.0
2022-05-10 00:00:00+09:00,30450.0,32100.0,29250.0,32000.0,143438,0.0,0.0,0.0
2022-05-11 00:00:00+09:00,31500.0,32000.0,31050.0,31300.0,37549,0.0,0.0,0.0
2022-05-12 00:00:00+09:00,30750.0,31300.0,30000.0,30400.0,34189,0.0,0.0,0.0
2022-05-13 00:00:00+09:00,30400.0,31450.0,30400.0,31150.0,35567,0.0,0.0,0.0
2022-05-16 00:00:00+09:00,31400.0,31400.0,30900.0,31250.0,14571,0.0,0.0,0.0
2022-05-17 00:00:00+09:00,31350.0,31350.0,30500.0,31250.0,34341,0.0,0.0,0.0
2022-05-18 00:00:00+09:00,31100.0,31500.0,30850.0,31100.0,26151,0.0,0.0,0.0
2022-05-19 00:00:00+09:00,30800.0,30800.0,30000.0,30650.0,41432,0.0,0.0,0.0
2022-05-20 00:00:00+09:00,30550.0,30800.0,30000.0,30400.0,37723,0.0,0.0,0.0
2022-05-23 00:00:00+09:00,30400.0,30700.0,29950.0,30250.0,23367,0.0,0.0,0.0
2022-05-24 00:00:00+09:00,30500.0,30500.0,29100.0,29400.0,56780,0.0,0.0,0.0
2022-05-25 00:00:00+09:00,29750.0,30150.0,29200.0,30050.0,31710,0.0,0.0,0.0
2022-05-26 00:00:00+09:00,30250.0,30850.0,30050.0,30300.0,39517,0.0,0.0,0.0
2022-05-27 00:00:00+09:00,30800.0,30800.0,30050.0,30300.0,14613,0.0,0.0,0.0
2022-05-30 00:00:00+09:00,30600.0,30700.0,30150.0,30400.0,14069,0.0,0.0,0.0
2022-05-31 00:00:00+09:00,30600.0,30750.0,30050.0,30700.0,26269,0.0,0.0,0.0
2022-06-02 00:00:00+09:00,30650.0,30800.0,30200.0,30750.0,34086,0.0,0.0,0.0
2022-06-03 00:00:00+09:00,30650.0,31200.0,30650.0,31050.0,18870,0.0,0.0,0.0
2022-06-07 00:00:00+09:00,31050.0,31200.0,30850.0,31050.0,19648,0.0,0.0,0.0
2022-06-08 00:00:00+09:00,31400.0,31400.0,29900.0,30300.0,43326,0.0,0.0,0.0
2022-06-09 00:00:00+09:00,29900.0,30350.0,29350.0,30000.0,24384,0.0,0.0,0.0
2022-06-10 00:00:00+09:00,29900.0,30400.0,29700.0,30300.0,11539,0.0,0.0,0.0
2022-06-13 00:00:00+09:00,30000.0,30000.0,29200.0,29750.0,30260,0.0,0.0,0.0
2022-06-14 00:00:00+09:00,29150.0,29700.0,28400.0,29000.0,31185,0.0,0.0,0.0
2022-06-15 00:00:00+09:00,29050.0,29450.0,27700.0,28150.0,35211,0.0,0.0,0.0
2022-06-16 00:00:00+09:00,28250.0,28900.0,28000.0,28450.0,28932,0.0,0.0,0.0
2022-06-17 00:00:00+09:00,27950.0,28800.0,27800.0,28750.0,27098,0.0,0.0,0.0
2022-06-20 00:00:00+09:00,29350.0,29350.0,27550.0,28250.0,40264,0.0,0.0,0.0
2022-06-21 00:00:00+09:00,28700.0,28950.0,27850.0,28950.0,32506,0.0,0.0,0.0
2022-06-22 00:00:00+09:00,29300.0,29350.0,27850.0,28000.0,32678,0.0,0.0,0.0
2022-06-23 00:00:00+09:00,28050.0,28350.0,26500.0,27000.0,74879,0.0,0.0,0.0
2022-06-24 00:00:00+09:00,26750.0,27900.0,26750.0,27400.0,59384,0.0,0.0,0.0
2022-06-27 00:00:00+09:00,27850.0,28200.0,27600.0,27750.0,44486,0.0,0.0,0.0
2022-06-28 00:00:00+09:00,27850.0,28150.0,27150.0,28000.0,49222,0.0,0.0,0.0
2022-06-29 00:00:00+09:00,27850.0,28350.0,27450.0,27900.0,24636,0.0,0.0,0.0
2022-06-30 00:00:00+09:00,28100.0,28100.0,27100.0,27500.0,52097,0.0,0.0,0.0
2022-07-01 00:00:00+09:00,27300.0,27450.0,26150.0,26600.0,66702,0.0,0.0,0.0
2022-07-04 00:00:00+09:00,26850.0,26850.0,25650.0,26100.0,33103,0.0,0.0,0.0
2022-07-05 00:00:00+09:00,26450.0,27350.0,26250.0,27150.0,37759,0.0,0.0,0.0
2022-07-06 00:00:00+09:00,27150.0,27650.0,26400.0,26800.0,54124,0.0,0.0,0.0
2022-07-07 00:00:00+09:00,26700.0,27100.0,25450.0,26650.0,68064,0.0,0.0,0.0
2022-07-08 00:00:00+09:00,27100.0,27450.0,26400.0,26750.0,42529,0.0,0.0,0.0
2022-07-11 00:00:00+09:00,26800.0,27800.0,26800.0,27750.0,60088,0.0,0.0,0.0
2022-07-12 00:00:00+09:00,27550.0,27900.0,26900.0,27600.0,37886,0.0,0.0,0.0
2022-07-13 00:00:00+09:00,27500.0,28900.0,26950.0,28450.0,98965,0.0,0.0,0.0
2022-07-14 00:00:00+09:00,28450.0,28950.0,28100.0,28400.0,55747,0.0,0.0,0.0
2022-07-15 00:00:00+09:00,28400.0,28950.0,27550.0,27750.0,53568,0.0,0.0,0.0
2022-07-18 00:00:00+09:00,28000.0,28800.0,27550.0,27850.0,38019,0.0,0.0,0.0
2022-07-19 00:00:00+09:00,27600.0,29350.0,27600.0,29150.0,45673,0.0,0.0,0.0
2022-07-20 00:00:00+09:00,29000.0,29800.0,28550.0,29700.0,69076,0.0,0.0,0.0
2022-07-21 00:00:00+09:00,29700.0,29700.0,28800.0,28850.0,52368,0.0,0.0,0.0
2022-07-22 00:00:00+09:00,28850.0,28850.0,28250.0,28450.0,31000,0.0,0.0,0.0
2022-07-25 00:00:00+09:00,28550.0,29050.0,28550.0,28700.0,19504,0.0,0.0,0.0
2022-07-26 00:00:00+09:00,28550.0,29000.0,28500.0,28600.0,12524,0.0,0.0,0.0
2022-07-27 00:00:00+09:00,28600.0,29300.0,28300.0,29000.0,38079,0.0,0.0,0.0
2022-07-28 00:00:00+09:00,29050.0,29300.0,28000.0,28600.0,34376,0.0,0.0,0.0
2022-07-29 00:00:00+09:00,28650.0,29000.0,27250.0,27700.0,108126,0.0,0.0,0.0
2022-08-01 00:00:00+09:00,27700.0,27700.0,26700.0,27050.0,90494,0.0,0.0,0.0
2022-08-02 00:00:00+09:00,27050.0,27500.0,26900.0,27300.0,33937,0.0,0.0,0.0
2022-08-03 00:00:00+09:00,27300.0,27500.0,27000.0,27300.0,31257,0.0,0.0,0.0
2022-08-04 00:00:00+09:00,27500.0,28250.0,27300.0,28250.0,59132,0.0,0.0,0.0
2022-08-05 00:00:00+09:00,28300.0,28650.0,27850.0,28350.0,41764,0.0,0.0,0.0
2022-08-08 00:00:00+09:00,28750.0,29150.0,27900.0,27950.0,64690,0.0,0.0,0.0
2022-08-09 00:00:00+09:00,27950.0,29550.0,27900.0,29500.0,143608,0.0,0.0,0.0
2022-08-10 00:00:00+09:00,29250.0,29300.0,28700.0,28700.0,55399,0.0,0.0,0.0
2022-08-11 00:00:00+09:00,29050.0,29350.0,28550.0,29250.0,55677,0.0,0.0,0.0
2022-08-12 00:00:00+09:00,29550.0,30500.0,29100.0,30400.0,112652,0.0,0.0,0.0
2022-08-16 00:00:00+09:00,30000.0,30700.0,29750.0,30450.0,44525,0.0,0.0,0.0
2022-08-17 00:00:00+09:00,30300.0,30300.0,29150.0,29200.0,51554,0.0,0.0,0.0
2022-08-18 00:00:00+09:00,29200.0,29700.0,28750.0,29650.0,20906,0.0,0.0,0.0
2022-08-19 00:00:00+09:00,29500.0,29900.0,29050.0,29350.0,30762,0.0,0.0,0.0
2022-08-22 00:00:00+09:00,29250.0,29250.0,28550.0,28550.0,28525,0.0,0.0,0.0
2022-08-23 00:00:00+09:00,28200.0,28550.0,27500.0,27750.0,59511,0.0,0.0,0.0
2022-08-24 00:00:00+09:00,27750.0,28050.0,27350.0,27700.0,40454,0.0,0.0,0.0
2022-08-25 00:00:00+09:00,27700.0,28800.0,27700.0,28500.0,52750,0.0,0.0,0.0
2022-08-26 00:00:00+09:00,28700.0,28700.0,27950.0,28550.0,29672,0.0,0.0,0.0
2022-08-29 00:00:00+09:00,27500.0,28300.0,27400.0,27950.0,38124,0.0,0.0,0.0
2022-08-30 00:00:00+09:00,28300.0,28450.0,27700.0,28300.0,22872,0.0,0.0,0.0
2022-08-31 00:00:00+09:00,28200.0,28750.0,28000.0,28750.0,40059,0.0,0.0,0.0
2022-09-01 00:00:00+09:00,28600.0,28750.0,28000.0,28000.0,45455,0.0,0.0,0.0
2022-09-02 00:00:00+09:00,28000.0,28700.0,28000.0,28150.0,33653,0.0,0.0,0.0
2022-09-05 00:00:00+09:00,28000.0,28300.0,27300.0,27350.0,32163,0.0,0.0,0.0
2022-09-06 00:00:00+09:00,27350.0,27900.0,27350.0,27650.0,12632,0.0,0.0,0.0
2022-09-07 00:00:00+09:00,27850.0,27850.0,26750.0,26900.0,31110,0.0,0.0,0.0
2022-09-08 00:00:00+09:00,27450.0,27800.0,26950.0,27800.0,40693,0.0,0.0,0.0
2022-09-13 00:00:00+09:00,28550.0,28600.0,27650.0,27800.0,40240,0.0,0.0,0.0
2022-09-14 00:00:00+09:00,27450.0,28400.0,27350.0,28050.0,28642,0.0,0.0,0.0
2022-09-15 00:00:00+09:00,28050.0,28250.0,27300.0,27400.0,38821,0.0,0.0,0.0
2022-09-16 00:00:00+09:00,27550.0,27600.0,27050.0,27100.0,17242,0.0,0.0,0.0
2022-09-19 00:00:00+09:00,27000.0,27300.0,26200.0,26500.0,23667,0.0,0.0,0.0
2022-09-20 00:00:00+09:00,26850.0,26900.0,26500.0,26700.0,8003,0.0,0.0,0.0
2022-09-21 00:00:00+09:00,26650.0,26650.0,26100.0,26600.0,19290,0.0,0.0,0.0
2022-09-22 00:00:00+09:00,26200.0,26650.0,26000.0,26600.0,16813,0.0,0.0,0.0
2022-09-23 00:00:00+09:00,26800.0,26800.0,25900.0,25950.0,21052,0.0,0.0,0.0
2022-09-26 00:00:00+09:00,25650.0,26050.0,24750.0,25100.0,39362,0.0,0.0,0.0
2022-09-27 00:00:00+09:00,25100.0,25250.0,24650.0,25100.0,37479,0.0,0.0,0.0
2022-09-28 00:00:00+09:00,25250.0,25450.0,24400.0,25100.0,30637,0.0,0.0,0.0
2022-09-29 00:00:00+09:00,25100.0,25700.0,24450.0,24450.0,20389,0.0,0.0,0.0
2022-09-30 00:00:00+09:00,24450.0,24750.0,23700.0,24000.0,19448,0.0,0.0,0.0
2022-10-04 00:00:00+09:00,24850.0,25350.0,24550.0,25300.0,23724,0.0,0.0,0.0
2022-10-05 00:00:00+09:00,25750.0,25750.0,24650.0,25300.0,15957,0.0,0.0,0.0
2022-10-06 00:00:00+09:00,25300.0,26150.0,25050.0,26000.0,14730,0.0,0.0,0.0
2022-10-07 00:00:00+09:00,26200.0,26900.0,25800.0,26600.0,38745,0.0,0.0,0.0
2022-10-11 00:00:00+09:00,26150.0,26550.0,25350.0,26100.0,37810,0.0,0.0,0.0
2022-10-12 00:00:00+09:00,25800.0,25950.0,25050.0,25750.0,31832,0.0,0.0,0.0
2022-10-13 00:00:00+09:00,25500.0,26000.0,24750.0,24900.0,37393,0.0,0.0,0.0
2022-10-14 00:00:00+09:00,25350.0,25900.0,24950.0,25750.0,18319,0.0,0.0,0.0
2022-10-17 00:00:00+09:00,25700.0,25800.0,25050.0,25400.0,37414,0.0,0.0,0.0
2022-10-18 00:00:00+09:00,25450.0,26250.0,25250.0,26050.0,36749,0.0,0.0,0.0
2022-10-19 00:00:00+09:00,26050.0,26350.0,25700.0,25900.0,29421,0.0,0.0,0.0
2022-10-20 00:00:00+09:00,26150.0,26150.0,25100.0,25650.0,23638,0.0,0.0,0.0
2022-10-21 00:00:00+09:00,25500.0,25600.0,24500.0,24950.0,45559,0.0,0.0,0.0
2022-10-24 00:00:00+09:00,25050.0,25400.0,24650.0,24750.0,29550,0.0,0.0,0.0
2022-10-25 00:00:00+09:00,24750.0,25450.0,24200.0,25250.0,46814,0.0,0.0,0.0
2022-10-26 00:00:00+09:00,25000.0,25200.0,24250.0,24600.0,42671,0.0,0.0,0.0
2022-10-27 00:00:00+09:00,24450.0,24800.0,24400.0,24600.0,21592,0.0,0.0,0.0
2022-10-28 00:00:00+09:00,24600.0,25150.0,24450.0,25050.0,33648,0.0,0.0,0.0
2022-10-31 00:00:00+09:00,25200.0,25200.0,24300.0,24350.0,31346,0.0,0.0,0.0
2022-11-01 00:00:00+09:00,24700.0,25100.0,24300.0,25050.0,29448,0.0,0.0,0.0
2022-11-02 00:00:00+09:00,25100.0,25100.0,24300.0,24500.0,26739,0.0,0.0,0.0
2022-11-03 00:00:00+09:00,24400.0,25150.0,24250.0,25000.0,24227,0.0,0.0,0.0
2022-11-04 00:00:00+09:00,25050.0,25450.0,24350.0,24500.0,57838,0.0,0.0,0.0
2022-11-07 00:00:00+09:00,24700.0,24850.0,24400.0,24650.0,23841,0.0,0.0,0.0
2022-11-08 00:00:00+09:00,24650.0,25250.0,24600.0,25200.0,21970,0.0,0.0,0.0
2022-11-09 00:00:00+09:00,25250.0,25600.0,25150.0,25300.0,13746,0.0,0.0,0.0
2022-11-10 00:00:00+09:00,25100.0,25800.0,25000.0,25450.0,39255,0.0,0.0,0.0
2022-11-11 00:00:00+09:00,25950.0,26150.0,25600.0,25950.0,33044,0.0,0.0,0.0
2022-11-14 00:00:00+09:00,26100.0,26400.0,25550.0,26350.0,32949,0.0,0.0,0.0
2022-11-15 00:00:00+09:00,26750.0,26750.0,26050.0,26300.0,40144,0.0,0.0,0.0
2022-11-16 00:00:00+09:00,26500.0,26650.0,25950.0,26400.0,29747,0.0,0.0,0.0
2022-11-17 00:00:00+09:00,26350.0,26650.0,26100.0,26150.0,23961,0.0,0.0,0.0
2022-11-18 00:00:00+09:00,26200.0,26500.0,26050.0,26400.0,14681,0.0,0.0,0.0
2022-11-21 00:00:00+09:00,26500.0,26500.0,25950.0,26250.0,16278,0.0,0.0,0.0
2022-11-22 00:00:00+09:00,26600.0,26800.0,26200.0,26450.0,61826,0.0,0.0,0.0
2022-11-23 00:00:00+09:00,26650.0,26650.0,26350.0,26500.0,15828,0.0,0.0,0.0
2022-11-24 00:00:00+09:00,26500.0,26850.0,26350.0,26850.0,36906,0.0,0.0,0.0
2022-11-25 00:00:00+09:00,26900.0,27050.0,26650.0,27000.0,28041,0.0,0.0,0.0
2022-11-28 00:00:00+09:00,27000.0,27000.0,26550.0,26750.0,26033,0.0,0.0,0.0
2022-11-29 00:00:00+09:00,26750.0,27000.0,26550.0,27000.0,13470,0.0,0.0,0.0
2022-11-30 00:00:00+09:00,27400.0,27400.0,26550.0,26750.0,19802,0.0,0.0,0.0
2022-12-01 00:00:00+09:00,26850.0,27000.0,26500.0,26750.0,22891,0.0,0.0,0.0
2022-12-02 00:00:00+09:00,26850.0,26850.0,26300.0,26600.0,19399,0.0,0.0,0.0
2022-12-05 00:00:00+09:00,26750.0,26800.0,26450.0,26700.0,21097,0.0,0.0,0.0
2022-12-06 00:00:00+09:00,26550.0,26800.0,26300.0,26400.0,17756,0.0,0.0,0.0
2022-12-07 00:00:00+09:00,26050.0,26650.0,26000.0,26300.0,20765,0.0,0.0,0.0
2022-12-08 00:00:00+09:00,26400.0,26900.0,26250.0,26400.0,31031,0.0,0.0,0.0
2022-12-09 00:00:00+09:00,26700.0,26900.0,26350.0,26750.0,23651,0.0,0.0,0.0
2022-12-12 00:00:00+09:00,26900.0,27000.0,26600.0,26700.0,16328,0.0,0.0,0.0
2022-12-13 00:00:00+09:00,26900.0,26900.0,26700.0,26750.0,37040,0.0,0.0,0.0
2022-12-14 00:00:00+09:00,26850.0,27250.0,26700.0,27250.0,43958,0.0,0.0,0.0
2022-12-15 00:00:00+09:00,27250.0,27650.0,27000.0,27500.0,35688,0.0,0.0,0.0
2022-12-16 00:00:00+09:00,27050.0,27600.0,27000.0,27400.0,26358,0.0,0.0,0.0
2022-12-19 00:00:00+09:00,27350.0,27650.0,27050.0,27500.0,27023,0.0,0.0,0.0
2022-12-20 00:00:00+09:00,27650.0,28150.0,27350.0,27650.0,52081,0.0,0.0,0.0
2022-12-21 00:00:00+09:00,27550.0,28700.0,27500.0,28350.0,56875,0.0,0.0,0.0
2022-12-22 00:00:00+09:00,28550.0,29350.0,28100.0,29100.0,87835,0.0,0.0,0.0
2022-12-23 00:00:00+09:00,28900.0,28950.0,28300.0,28700.0,33654,0.0,0.0,0.0
2022-12-26 00:00:00+09:00,28650.0,28750.0,28200.0,28300.0,45188,0.0,0.0,0.0
2022-12-27 00:00:00+09:00,28350.0,28850.0,28050.0,28500.0,51580,0.0,0.0,0.0
2022-12-28 00:00:00+09:00,28400.0,28850.0,27800.0,28350.0,34261,0.0,0.0,0.0
2022-12-29 00:00:00+09:00,28350.0,28500.0,27050.0,28200.0,48062,0.0,0.0,0.0
2023-01-02 00:00:00+09:00,28050.0,29800.0,27900.0,28500.0,107188,0.0,0.0,0.0
2023-01-03 00:00:00+09:00,28500.0,29300.0,28050.0,29100.0,58940,0.0,0.0,0.0
2023-01-04 00:00:00+09:00,28800.0,29400.0,28700.0,29000.0,37538,0.0,0.0,0.0
2023-01-05 00:00:00+09:00,29300.0,29300.0,28300.0,28450.0,25583,0.0,0.0,0.0
2023-01-06 00:00:00+09:00,28500.0,28600.0,27750.0,28200.0,33215,0.0,0.0,0.0
2023-01-09 00:00:00+09:00,28700.0,29750.0,28300.0,29000.0,80121,0.0,0.0,0.0
2023-01-10 00:00:00+09:00,29400.0,29400.0,28600.0,29000.0,17810,0.0,0.0,0.0
2023-01-11 00:00:00+09:00,29200.0,29500.0,28650.0,29300.0,30495,0.0,0.0,0.0
2023-01-12 00:00:00+09:00,29300.0,29350.0,28900.0,29000.0,16339,0.0,0.0,0.0
2023-01-13 00:00:00+09:00,29000.0,29250.0,28300.0,29050.0,38686,0.0,0.0,0.0
2023-01-16 00:00:00+09:00,29050.0,29800.0,28850.0,29400.0,59506,0.0,0.0,0.0
2023-01-17 00:00:00+09:00,30100.0,30700.0,29350.0,29450.0,117690,0.0,0.0,0.0
2023-01-18 00:00:00+09:00,29450.0,30750.0,29000.0,30650.0,123608,0.0,0.0,0.0
2023-01-19 00:00:00+09:00,30750.0,32200.0,30550.0,31800.0,253287,0.0,0.0,0.0
2023-01-20 00:00:00+09:00,31800.0,32150.0,31450.0,31850.0,62804,0.0,0.0,0.0
2023-01-25 00:00:00+09:00,31850.0,31850.0,30950.0,31000.0,176,0.0,0.0,0.0
2023-01-26 00:00:00+09:00,31000.0,31400.0,30150.0,31000.0,228,0.0,0.0,0.0
2023-01-27 00:00:00+09:00,30500.0,30500.0,29650.0,29900.0,286,0.0,0.0,0.0
2023-01-30 00:00:00+09:00,29950.0,29950.0,29000.0,29900.0,587,0.0,0.0,0.0
2023-01-31 00:00:00+09:00,29100.0,30500.0,28750.0,29250.0,86,0.0,0.0,0.0
2023-02-01 00:00:00+09:00,30350.0,30600.0,29600.0,29750.0,84,0.0,0.0,0.0
2023-02-02 00:00:00+09:00,30100.0,30300.0,29850.0,30200.0,1093,0.0,0.0,0.0
2023-02-03 00:00:00+09:00,29950.0,30200.0,29500.0,29650.0,201,0.0,0.0,0.0
2023-02-06 00:00:00+09:00,29300.0,30700.0,29250.0,30100.0,217,0.0,0.0,0.0
2023-02-07 00:00:00+09:00,30100.0,31050.0,30100.0,31000.0,35,0.0,0.0,0.0
2023-02-08 00:00:00+09:00,31050.0,31200.0,30100.0,30500.0,33980,0.0,0.0,0.0
2023-02-09 00:00:00+09:00,30500.0,30500.0,29800.0,30000.0,39584,0.0,0.0,0.0
2023-02-10 00:00:00+09:00,30150.0,30150.0,29400.0,29500.0,408,0.0,0.0,0.0
2023-02-13 00:00:00+09:00,29700.0,30100.0,29300.0,29900.0,2777,0.0,0.0,0.0
2023-02-14 00:00:00+09:00,29300.0,29900.0,29150.0,29500.0,83,0.0,0.0,0.0
2023-02-15 00:00:00+09:00,29750.0,29750.0,28750.0,28950.0,93,0.0,0.0,0.0
2023-02-16 00:00:00+09:00,29050.0,29400.0,28400.0,28800.0,174,0.0,0.0,0.0
2023-02-17 00:00:00+09:00,28850.0,29250.0,28600.0,29150.0,82,0.0,0.0,0.0
2023-02-20 00:00:00+09:00,29150.0,29200.0,28600.0,28650.0,355,0.0,0.0,0.0
2023-02-21 00:00:00+09:00,28700.0,29250.0,28450.0,29100.0,315,0.0,0.0,0.0
2023-02-22 00:00:00+09:00,28850.0,30350.0,28700.0,29950.0,199,0.0,0.0,0.0
2023-02-23 00:00:00+09:00,29850.0,30200.0,29450.0,29450.0,481,0.0,0.0,0.0
2023-02-24 00:00:00+09:00,29450.0,29800.0,29000.0,29300.0,18785,0.0,0.0,0.0
2023-02-27 00:00:00+09:00,28950.0,29700.0,28950.0,29150.0,19451,0.0,0.0,0.0
2023-02-28 00:00:00+09:00,29700.0,30300.0,29450.0,30150.0,46030,0.0,0.0,0.0
2023-03-02 00:00:00+09:00,30150.0,31650.0,30000.0,31350.0,140034,0.0,0.0,0.0
2023-03-03 00:00:00+09:00,31450.0,32000.0,30950.0,31350.0,88034,0.0,0.0,0.0
2023-03-06 00:00:00+09:00,31400.0,31600.0,30500.0,31000.0,43267,0.0,0.0,0.0
2023-03-07 00:00:00+09:00,31000.0,31150.0,30150.0,30650.0,40045,0.0,0.0,0.0
2023-03-08 00:00:00+09:00,30550.0,30950.0,30050.0,30700.0,37424,0.0,0.0,0.0
2023-03-09 00:00:00+09:00,31800.0,31800.0,30550.0,31650.0,87306,0.0,0.0,0.0
2023-03-10 00:00:00+09:00,31650.0,31800.0,30500.0,30750.0,75073,0.0,0.0,0.0
2023-03-13 00:00:00+09:00,30200.0,30800.0,29550.0,29700.0,112187,0.0,0.0,0.0
2023-03-14 00:00:00+09:00,29700.0,29700.0,28450.0,28900.0,71707,0.0,0.0,0.0
2023-03-15 00:00:00+09:00,29450.0,30250.0,29150.0,29850.0,68002,0.0,0.0,0.0
2023-03-16 00:00:00+09:00,29500.0,29950.0,28700.0,29750.0,22967,0.0,0.0,0.0
2023-03-17 00:00:00+09:00,29950.0,30200.0,29500.0,30000.0,31621,0.0,0.0,0.0
2023-03-20 00:00:00+09:00,29800.0,29950.0,29350.0,29600.0,35400,0.0,0.0,0.0
2023-03-21 00:00:00+09:00,29600.0,29950.0,28950.0,29250.0,22091,0.0,0.0,0.0
2023-03-22 00:00:00+09:00,29550.0,29700.0,28700.0,29600.0,61055,0.0,0.0,0.0
2023-03-23 00:00:00+09:00,29150.0,29550.0,28500.0,28600.0,63912,0.0,0.0,0.0
2023-03-24 00:00:00+09:00,28900.0,29500.0,28650.0,29100.0,39768,0.0,0.0,0.0
2023-03-27 00:00:00+09:00,29100.0,29450.0,28650.0,29150.0,21891,0.0,0.0,0.0
2023-03-28 00:00:00+09:00,29350.0,29500.0,29100.0,29400.0,12586,0.0,0.0,0.0
2023-03-29 00:00:00+09:00,29750.0,29750.0,29100.0,29350.0,25585,0.0,0.0,0.0
2023-03-30 00:00:00+09:00,29650.0,29650.0,29100.0,29200.0,16703,0.0,0.0,0.0
2023-03-31 00:00:00+09:00,29300.0,30550.0,29150.0,29950.0,43649,0.0,0.0,0.0
2023-04-03 00:00:00+09:00,29850.0,30450.0,29750.0,30250.0,30765,0.0,0.0,0.0
2023-04-04 00:00:00+09:00,30150.0,33800.0,30150.0,33500.0,418079,0.0,0.0,0.0
2023-04-05 00:00:00+09:00,33900.0,34100.0,32200.0,32950.0,156863,0.0,0.0,0.0
2023-04-06 00:00:00+09:00,32600.0,33950.0,32350.0,33550.0,104989,0.0,0.0,0.0
2023-04-07 00:00:00+09:00,33650.0,33800.0,32750.0,33200.0,73854,0.0,0.0,0.0
2023-04-10 00:00:00+09:00,32850.0,33500.0,32600.0,33000.0,48852,0.0,0.0,0.0
2023-04-11 00:00:00+09:00,32500.0,33150.0,32200.0,32900.0,42198,0.0,0.0,0.0
2023-04-12 00:00:00+09:00,32700.0,34950.0,32700.0,34300.0,134050,0.0,0.0,0.0
2023-04-13 00:00:00+09:00,34450.0,36150.0,33750.0,35800.0,140848,0.0,0.0,0.0
2023-04-14 00:00:00+09:00,36250.0,36850.0,33950.0,34050.0,198585,0.0,0.0,0.0
2023-04-17 00:00:00+09:00,34300.0,35650.0,33100.0,33600.0,131391,0.0,0.0,0.0
2023-04-18 00:00:00+09:00,33600.0,34500.0,33150.0,33900.0,56880,0.0,0.0,0.0
2023-04-19 00:00:00+09:00,34200.0,37000.0,33500.0,36650.0,243936,0.0,0.0,0.0
2023-04-20 00:00:00+09:00,36500.0,37400.0,35300.0,36700.0,89031,0.0,0.0,0.0
2023-04-21 00:00:00+09:00,37000.0,37600.0,35750.0,36000.0,81805,0.0,0.0,0.0
2023-04-24 00:00:00+09:00,36200.0,36200.0,34700.0,35600.0,69903,0.0,0.0,0.0
2023-04-25 00:00:00+09:00,35600.0,35700.0,34400.0,34950.0,60944,0.0,0.0,0.0
2023-04-26 00:00:00+09:00,34950.0,35000.0,34150.0,34250.0,82897,0.0,0.0,0.0
2023-04-27 00:00:00+09:00,34250.0,35950.0,33950.0,35550.0,61156,0.0,0.0,0.0
2023-04-28 00:00:00+09:00,35550.0,35750.0,35050.0,35600.0,46245,0.0,0.0,0.0
2023-05-02 00:00:00+09:00,35850.0,36300.0,34950.0,36100.0,66852,0.0,0.0,0.0
2023-05-03 00:00:00+09:00,36100.0,36700.0,35600.0,35850.0,53516,0.0,0.0,0.0
2023-05-04 00:00:00+09:00,36300.0,37100.0,35600.0,36200.0,83315,0.0,0.0,0.0
2023-05-08 00:00:00+09:00,36200.0,37450.0,36100.0,36550.0,63234,0.0,0.0,0.0
2023-05-09 00:00:00+09:00,36900.0,36950.0,35550.0,36350.0,50388,0.0,0.0,0.0
2023-05-10 00:00:00+09:00,36700.0,37500.0,35800.0,35800.0,56218,0.0,0.0,0.0
2023-05-11 00:00:00+09:00,36350.0,37500.0,35950.0,37250.0,98689,0.0,0.0,0.0
2023-05-12 00:00:00+09:00,37100.0,37500.0,36650.0,37150.0,61493,0.0,0.0,0.0
2023-05-15 00:00:00+09:00,37000.0,37350.0,36000.0,36200.0,83838,0.0,0.0,0.0
2023-05-16 00:00:00+09:00,36500.0,36500.0,34600.0,35750.0,90991,0.0,0.0,0.0
2023-05-17 00:00:00+09:00,36200.0,37350.0,35600.0,37050.0,59387,0.0,0.0,0.0
2023-05-18 00:00:00+09:00,37550.0,38850.0,36600.0,38000.0,81486,0.0,0.0,0.0
2023-05-19 00:00:00+09:00,38000.0,38150.0,36400.0,37200.0,59357,0.0,0.0,0.0
2023-05-22 00:00:00+09:00,37500.0,37500.0,35550.0,36350.0,91583,0.0,0.0,0.0
2023-05-23 00:00:00+09:00,36000.0,36500.0,35750.0,36300.0,31643,0.0,0.0,0.0
2023-05-24 00:00:00+09:00,36300.0,36900.0,35350.0,36250.0,27057,0.0,0.0,0.0
2023-05-25 00:00:00+09:00,36250.0,36600.0,35800.0,35850.0,36684,0.0,0.0,0.0
2023-05-26 00:00:00+09:00,36200.0,36300.0,35100.0,35350.0,36824,0.0,0.0,0.0
2023-05-30 00:00:00+09:00,35500.0,35500.0,34500.0,34800.0,83523,0.0,0.0,0.0
2023-05-31 00:00:00+09:00,35000.0,35450.0,34700.0,34700.0,20489,0.0,0.0,0.0
2023-06-01 00:00:00+09:00,34700.0,35150.0,33850.0,35050.0,73932,0.0,0.0,0.0
2023-06-02 00:00:00+09:00,35350.0,35600.0,34350.0,34750.0,50017,0.0,0.0,0.0
2023-06-05 00:00:00+09:00,34850.0,35300.0,34050.0,35200.0,69087,0.0,0.0,0.0
2023-06-07 00:00:00+09:00,35200.0,35350.0,34750.0,34900.0,51133,0.0,0.0,0.0
2023-06-08 00:00:00+09:00,34900.0,35200.0,34550.0,34850.0,23782,0.0,0.0,0.0
2023-06-09 00:00:00+09:00,35200.0,35350.0,34900.0,35150.0,33573,0.0,0.0,0.0
2023-06-12 00:00:00+09:00,35550.0,35750.0,34600.0,35000.0,58586,0.0,0.0,0.0
2023-06-13 00:00:00+09:00,35100.0,37200.0,34750.0,36500.0,111309,0.0,0.0,0.0
2023-06-14 00:00:00+09:00,36550.0,36750.0,35000.0,35300.0,57092,0.0,0.0,0.0
2023-06-15 00:00:00+09:00,35350.0,36000.0,34950.0,35350.0,37750,0.0,0.0,0.0
2023-06-16 00:00:00+09:00,35350.0,35850.0,35050.0,35550.0,35345,0.0,0.0,0.0
2023-06-19 00:00:00+09:00,35700.0,36400.0,35050.0,35950.0,53804,0.0,0.0,0.0
2023-06-20 00:00:00+09:00,35950.0,37450.0,35750.0,37150.0,160902,0.0,0.0,0.0
2023-06-21 00:00:00+09:00,37150.0,37300.0,36200.0,36500.0,85499,0.0,0.0,0.0
2023-06-22 00:00:00+09:00,36500.0,37000.0,35500.0,36450.0,61151,0.0,0.0,0.0
2023-06-23 00:00:00+09:00,35950.0,36550.0,35600.0,36150.0,72092,0.0,0.0,0.0
2023-06-26 00:00:00+09:00,35950.0,36500.0,34350.0,36200.0,139840,0.0,0.0,0.0
2023-06-27 00:00:00+09:00,36200.0,36300.0,35250.0,35800.0,79197,0.0,0.0,0.0
2023-06-28 00:00:00+09:00,35800.0,36750.0,35050.0,36350.0,101585,0.0,0.0,0.0
2023-06-29 00:00:00+09:00,37000.0,37050.0,36250.0,36350.0,43051,0.0,0.0,0.0
2023-06-30 00:00:00+09:00,36700.0,37250.0,35700.0,36900.0,92096,0.0,0.0,0.0
2023-07-03 00:00:00+09:00,37700.0,37900.0,33850.0,34900.0,371308,0.0,0.0,0.0
2023-07-04 00:00:00+09:00,34350.0,36050.0,34100.0,35750.0,133049,0.0,0.0,0.0
2023-07-05 00:00:00+09:00,35850.0,35900.0,34800.0,34800.0,69243,0.0,0.0,0.0
2023-07-06 00:00:00+09:00,34800.0,36850.0,33950.0,34900.0,127204,0.0,0.0,0.0
2023-07-07 00:00:00+09:00,34900.0,35000.0,33950.0,34000.0,56508,0.0,0.0,0.0
2023-07-10 00:00:00+09:00,33850.0,34200.0,31400.0,33750.0,64942,0.0,0.0,0.0
2023-07-11 00:00:00+09:00,33650.0,34350.0,33000.0,33350.0,46140,0.0,0.0,0.0
2023-07-12 00:00:00+09:00,33550.0,33900.0,33000.0,33300.0,21545,0.0,0.0,0.0
2023-07-13 00:00:00+09:00,33500.0,34300.0,33100.0,34100.0,50248,0.0,0.0,0.0
2023-07-14 00:00:00+09:00,33850.0,34000.0,31850.0,33350.0,205929,0.0,0.0,0.0
2023-07-17 00:00:00+09:00,33000.0,33250.0,32400.0,32500.0,92322,0.0,0.0,0.0
2023-07-18 00:00:00+09:00,32500.0,34750.0,32450.0,34500.0,122398,0.0,0.0,0.0
2023-07-19 00:00:00+09:00,35100.0,35700.0,34100.0,34850.0,155244,0.0,0.0,0.0
2023-07-20 00:00:00+09:00,35000.0,35550.0,34650.0,34850.0,49386,0.0,0.0,0.0
2023-07-21 00:00:00+09:00,35350.0,35350.0,34500.0,35000.0,48370,0.0,0.0,0.0
2023-07-24 00:00:00+09:00,34650.0,35150.0,33250.0,33750.0,103651,0.0,0.0,0.0
2023-07-25 00:00:00+09:00,33400.0,34200.0,33400.0,33750.0,35622,0.0,0.0,0.0
2023-07-26 00:00:00+09:00,34500.0,35150.0,33300.0,33800.0,93579,0.0,0.0,0.0
2023-07-27 00:00:00+09:00,34550.0,35950.0,33750.0,35200.0,79633,0.0,0.0,0.0
2023-07-28 00:00:00+09:00,35400.0,35400.0,34300.0,35250.0,37988,0.0,0.0,0.0
2023-07-31 00:00:00+09:00,35250.0,35250.0,34400.0,34500.0,37680,0.0,0.0,0.0
2023-08-01 00:00:00+09:00,34500.0,34500.0,33250.0,33700.0,58994,0.0,0.0,0.0
2023-08-02 00:00:00+09:00,33450.0,33650.0,32600.0,32750.0,76860,0.0,0.0,0.0
2023-08-03 00:00:00+09:00,32750.0,34000.0,32500.0,33350.0,35633,0.0,0.0,0.0
2023-08-04 00:00:00+09:00,33200.0,34000.0,33200.0,33300.0,19623,0.0,0.0,0.0
2023-08-07 00:00:00+09:00,33300.0,34200.0,32800.0,34050.0,34430,0.0,0.0,0.0
2023-08-08 00:00:00+09:00,33750.0,34200.0,33100.0,33400.0,24951,0.0,0.0,0.0
2023-08-09 00:00:00+09:00,33100.0,33350.0,32600.0,33300.0,16348,0.0,0.0,0.0
2023-08-10 00:00:00+09:00,32900.0,33950.0,32750.0,33400.0,33694,0.0,0.0,0.0
2023-08-11 00:00:00+09:00,33250.0,34600.0,33000.0,34300.0,64127,0.0,0.0,0.0
2023-08-14 00:00:00+09:00,34500.0,34800.0,33200.0,34400.0,31303,0.0,0.0,0.0
2023-08-16 00:00:00+09:00,34400.0,34400.0,33500.0,33900.0,17613,0.0,0.0,0.0
2023-08-17 00:00:00+09:00,33900.0,34550.0,32700.0,34500.0,44462,0.0,0.0,0.0
2023-08-18 00:00:00+09:00,34500.0,36000.0,33700.0,35300.0,114827,0.0,0.0,0.0
2023-08-21 00:00:00+09:00,35300.0,35700.0,34750.0,35000.0,35339,0.0,0.0,0.0
2023-08-22 00:00:00+09:00,35000.0,35550.0,34750.0,34900.0,40954,0.0,0.0,0.0
2023-08-23 00:00:00+09:00,34900.0,36100.0,34900.0,35950.0,64343,0.0,0.0,0.0
2023-08-24 00:00:00+09:00,36100.0,36700.0,35550.0,36200.0,54766,0.0,0.0,0.0
2023-08-25 00:00:00+09:00,35600.0,37450.0,34950.0,34950.0,74864,0.0,0.0,0.0
2023-08-28 00:00:00+09:00,35000.0,35800.0,34750.0,35250.0,31107,0.0,0.0,0.0
2023-08-29 00:00:00+09:00,34850.0,35950.0,34850.0,35950.0,19140,0.0,0.0,0.0
2023-08-30 00:00:00+09:00,36300.0,36500.0,35750.0,35800.0,24627,0.0,0.0,0.0
2023-08-31 00:00:00+09:00,35800.0,36900.0,34700.0,36500.0,57701,0.0,0.0,0.0
2023-09-01 00:00:00+09:00,36500.0,36550.0,35050.0,35250.0,71454,0.0,0.0,0.0
2023-09-04 00:00:00+09:00,35250.0,35500.0,34650.0,35200.0,34705,0.0,0.0,0.0
2023-09-05 00:00:00+09:00,35200.0,35250.0,34100.0,34400.0,35689,0.0,0.0,0.0
2023-09-06 00:00:00+09:00,34100.0,34900.0,33900.0,33900.0,28880,0.0,0.0,0.0
2023-09-07 00:00:00+09:00,33900.0,34500.0,33500.0,33500.0,22441,0.0,0.0,0.0
2023-09-08 00:00:00+09:00,33800.0,34800.0,33750.0,34700.0,27014,0.0,0.0,0.0
2023-09-11 00:00:00+09:00,34900.0,35700.0,33950.0,35350.0,44438,0.0,0.0,0.0
2023-09-12 00:00:00+09:00,36000.0,36000.0,34100.0,34200.0,96409,0.0,0.0,0.0
2023-09-13 00:00:00+09:00,34500.0,34800.0,33400.0,33450.0,36719,0.0,0.0,0.0
2023-09-14 00:00:00+09:00,33800.0,34150.0,33400.0,33550.0,17212,0.0,0.0,0.0
2023-09-15 00:00:00+09:00,33600.0,36150.0,33550.0,35850.0,117006,0.0,0.0,0.0
2023-09-18 00:00:00+09:00,35600.0,37350.0,35250.0,36900.0,119586,0.0,0.0,0.0
2023-09-19 00:00:00+09:00,36850.0,37700.0,36100.0,37400.0,70564,0.0,0.0,0.0
2023-09-20 00:00:00+09:00,37700.0,37900.0,36600.0,37350.0,34206,0.0,0.0,0.0
2023-09-21 00:00:00+09:00,36500.0,37100.0,36100.0,36850.0,49025,0.0,0.0,0.0
2023-09-22 00:00:00+09:00,36050.0,36500.0,35500.0,36300.0,30002,0.0,0.0,0.0
2023-09-25 00:00:00+09:00,36200.0,36850.0,35900.0,36200.0,21891,0.0,0.0,0.0
2023-09-26 00:00:00+09:00,36250.0,36750.0,35100.0,35650.0,32144,0.0,0.0,0.0
2023-09-27 00:00:00+09:00,35000.0,36400.0,34700.0,36400.0,14575,0.0,0.0,0.0
2023-10-04 00:00:00+09:00,36250.0,36250.0,34300.0,35350.0,46721,0.0,0.0,0.0
2023-10-05 00:00:00+09:00,35100.0,35300.0,34450.0,34700.0,33049,0.0,0.0,0.0
2023-10-06 00:00:00+09:00,34700.0,34750.0,33700.0,34050.0,35593,0.0,0.0,0.0
2023-10-10 00:00:00+09:00,34600.0,34600.0,33050.0,33250.0,59010,0.0,0.0,0.0
2023-10-11 00:00:00+09:00,34000.0,34150.0,33100.0,33250.0,40056,0.0,0.0,0.0
2023-10-12 00:00:00+09:00,33250.0,34700.0,33250.0,34400.0,17686,0.0,0.0,0.0
2023-10-13 00:00:00+09:00,34400.0,34600.0,33750.0,34000.0,8919,0.0,0.0,0.0
2023-10-16 00:00:00+09:00,33450.0,34000.0,33000.0,33000.0,32480,0.0,0.0,0.0
2023-10-17 00:00:00+09:00,33000.0,33550.0,32750.0,33550.0,26855,0.0,0.0,0.0
2023-10-18 00:00:00+09:00,33100.0,33500.0,32400.0,32850.0,40853,0.0,0.0,0.0
2023-10-19 00:00:00+09:00,32700.0,32700.0,30800.0,31050.0,82935,0.0,0.0,0.0
2023-10-20 00:00:00+09:00,30650.0,31100.0,29000.0,30250.0,130125,0.0,0.0,0.0
2023-10-23 00:00:00+09:00,30250.0,30900.0,29100.0,29750.0,67341,0.0,0.0,0.0
2023-10-24 00:00:00+09:00,30900.0,31750.0,30050.0,31400.0,64011,0.0,0.0,0.0
2023-10-25 00:00:00+09:00,31800.0,32250.0,31050.0,31550.0,41369,0.0,0.0,0.0
2023-10-26 00:00:00+09:00,30900.0,31500.0,30200.0,30550.0,37866,0.0,0.0,0.0
2023-10-27 00:00:00+09:00,30600.0,31250.0,30350.0,30700.0,17478,0.0,0.0,0.0
2023-10-30 00:00:00+09:00,30500.0,30800.0,29750.0,30250.0,88771,0.0,0.0,0.0
2023-10-31 00:00:00+09:00,30250.0,31150.0,30050.0,30700.0,24149,0.0,0.0,0.0
2023-11-01 00:00:00+09:00,30750.0,30950.0,30050.0,30100.0,33888,0.0,0.0,0.0
2023-11-02 00:00:00+09:00,30150.0,30900.0,30100.0,30600.0,38844,0.0,0.0,0.0
2023-11-03 00:00:00+09:00,31300.0,31550.0,30250.0,31200.0,37625,0.0,0.0,0.0
2023-11-06 00:00:00+09:00,31900.0,31900.0,30850.0,31250.0,28119,0.0,0.0,0.0
2023-11-07 00:00:00+09:00,31300.0,32750.0,31250.0,31700.0,37394,0.0,0.0,0.0
2023-11-08 00:00:00+09:00,31700.0,33200.0,31700.0,32100.0,46634,0.0,0.0,0.0
2023-11-09 00:00:00+09:00,32100.0,32650.0,31400.0,31450.0,16232,0.0,0.0,0.0
2023-11-10 00:00:00+09:00,30950.0,31850.0,30450.0,31100.0,63837,0.0,0.0,0.0
2023-11-13 00:00:00+09:00,30950.0,31500.0,30150.0,30300.0,54154,0.0,0.0,0.0
2023-11-14 00:00:00+09:00,30350.0,30900.0,27850.0,29200.0,183868,0.0,0.0,0.0
2023-11-15 00:00:00+09:00,29550.0,31000.0,28700.0,30350.0,269382,0.0,0.0,0.0
2023-11-16 00:00:00+09:00,30200.0,30850.0,29850.0,30000.0,72245,0.0,0.0,0.0
2023-11-17 00:00:00+09:00,30600.0,30600.0,29200.0,29450.0,51116,0.0,0.0,0.0
2023-11-20 00:00:00+09:00,29300.0,29950.0,29050.0,29600.0,33646,0.0,0.0,0.0
2023-11-21 00:00:00+09:00,29950.0,34250.0,29600.0,30300.0,881417,0.0,0.0,0.0
2023-11-22 00:00:00+09:00,29800.0,30500.0,28850.0,29500.0,296931,0.0,0.0,0.0
2023-11-23 00:00:00+09:00,29800.0,31700.0,29700.0,31200.0,305408,0.0,0.0,0.0
2023-11-24 00:00:00+09:00,31200.0,31400.0,29850.0,30350.0,130911,0.0,0.0,0.0
2023-11-27 00:00:00+09:00,30350.0,30350.0,29100.0,29150.0,112630,0.0,0.0,0.0
2023-11-28 00:00:00+09:00,29350.0,29350.0,28600.0,28700.0,71595,0.0,0.0,0.0
2023-11-29 00:00:00+09:00,28950.0,29050.0,28550.0,28800.0,47794,0.0,0.0,0.0
2023-11-30 00:00:00+09:00,29050.0,29350.0,28800.0,28900.0,32421,0.0,0.0,0.0
2023-12-01 00:00:00+09:00,28800.0,29300.0,28700.0,28900.0,27816,0.0,0.0,0.0
2023-12-04 00:00:00+09:00,29150.0,29250.0,28600.0,29050.0,51060,0.0,0.0,0.0
2023-12-05 00:00:00+09:00,29100.0,29600.0,28800.0,29500.0,41245,0.0,0.0,0.0
2023-12-06 00:00:00+09:00,29500.0,30150.0,29300.0,29750.0,42761,0.0,0.0,0.0
2023-12-07 00:00:00+09:00,30050.0,31400.0,29350.0,31300.0,102766,0.0,0.0,0.0
2023-12-08 00:00:00+09:00,31300.0,33450.0,31000.0,32100.0,616147,0.0,0.0,0.0
2023-12-11 00:00:00+09:00,33500.0,34900.0,32650.0,34000.0,427994,0.0,0.0,0.0
2023-12-12 00:00:00+09:00,33500.0,34450.0,32300.0,33700.0,146913,0.0,0.0,0.0
2023-12-13 00:00:00+09:00,33000.0,33850.0,32800.0,33450.0,113752,0.0,0.0,0.0
2023-12-14 00:00:00+09:00,33700.0,34150.0,32400.0,33050.0,118478,0.0,0.0,0.0
2023-12-15 00:00:00+09:00,32900.0,33350.0,32300.0,32600.0,85194,0.0,0.0,0.0
2023-12-18 00:00:00+09:00,32600.0,33350.0,32300.0,32650.0,48886,0.0,0.0,0.0
2023-12-19 00:00:00+09:00,32650.0,33100.0,32150.0,32550.0,72034,0.0,0.0,0.0
2023-12-20 00:00:00+09:00,32550.0,32700.0,31800.0,31950.0,69972,0.0,0.0,0.0
2023-12-21 00:00:00+09:00,31700.0,31950.0,31150.0,31450.0,82882,0.0,0.0,0.0
2023-12-22 00:00:00+09:00,31450.0,31850.0,31000.0,31700.0,65593,0.0,0.0,0.0
2023-12-26 00:00:00+09:00,31500.0,32000.0,31200.0,31350.0,31450,0.0,0.0,0.0
2023-12-27 00:00:00+09:00,31500.0,32100.0,31250.0,31950.0,42834,0.0,0.0,0.0
2023-12-28 00:00:00+09:00,31950.0,32250.0,31450.0,31600.0,27863,0.0,0.0,0.0
2024-01-02 00:00:00+09:00,31500.0,32350.0,31300.0,31900.0,54019,0.0,0.0,0.0
2024-01-03 00:00:00+09:00,31700.0,32100.0,30900.0,31200.0,57640,0.0,0.0,0.0
2024-01-04 00:00:00+09:00,31100.0,31100.0,29800.0,30050.0,123618,0.0,0.0,0.0
2024-01-05 00:00:00+09:00,29900.0,30200.0,29450.0,29450.0,68914,0.0,0.0,0.0
2024-01-08 00:00:00+09:00,29500.0,29950.0,29100.0,29650.0,40678,0.0,0.0,0.0
2024-01-09 00:00:00+09:00,29900.0,30050.0,29450.0,29950.0,50459,0.0,0.0,0.0
2024-01-10 00:00:00+09:00,29800.0,30200.0,29500.0,29850.0,40063,0.0,0.0,0.0
2024-01-11 00:00:00+09:00,29900.0,30000.0,29500.0,29800.0,23700,0.0,0.0,0.0
2024-01-12 00:00:00+09:00,29600.0,29850.0,29000.0,29250.0,51848,0.0,0.0,0.0
2024-01-15 00:00:00+09:00,29000.0,29250.0,29000.0,28750.0,1983,0.0,0.0,0.0
2024-01-16 00:00:00+09:00,28750.0,29200.0,28350.0,28750.0,23674,0.0,0.0,0.0
2024-01-17 00:00:00+09:00,28750.0,28800.0,28250.0,28350.0,38273,0.0,0.0,0.0
2024-01-18 00:00:00+09:00,28150.0,28700.0,27850.0,28050.0,42554,0.0,0.0,0.0
2024-01-19 00:00:00+09:00,28200.0,28350.0,27350.0,27800.0,82590,0.0,0.0,0.0
2024-01-22 00:00:00+09:00,28100.0,28200.0,27550.0,27950.0,104996,0.0,0.0,0.0
2024-01-23 00:00:00+09:00,27750.0,28250.0,27350.0,28000.0,43437,0.0,0.0,0.0
2024-01-24 00:00:00+09:00,27850.0,28150.0,27450.0,27700.0,37158,0.0,0.0,0.0
2024-01-25 00:00:00+09:00,27850.0,28150.0,27500.0,28100.0,29172,0.0,0.0,0.0
2024-01-26 00:00:00+09:00,28250.0,28950.0,27800.0,28600.0,29490,0.0,0.0,0.0
2024-01-29 00:00:00+09:00,29100.0,29100.0,27750.0,28000.0,63717,0.0,0.0,0.0
2024-01-30 00:00:00+09:00,28300.0,28350.0,26750.0,27300.0,100249,0.0,0.0,0.0
2024-01-31 00:00:00+09:00,27500.0,30200.0,27200.0,29400.0,337479,0.0,0.0,0.0
2024-02-01 00:00:00+09:00,29600.0,29950.0,28750.0,29200.0,179221,0.0,0.0,0.0
2024-02-02 00:00:00+09:00,29200.0,29850.0,28600.0,29050.0,109916,0.0,0.0,0.0
2024-02-05 00:00:00+09:00,29100.0,30600.0,28950.0,29450.0,185266,0.0,0.0,0.0
2024-02-06 00:00:00+09:00,29100.0,29750.0,28800.0,29450.0,92119,0.0,0.0,0.0
2024-02-07 00:00:00+09:00,29550.0,31050.0,28950.0,30550.0,181382,0.0,0.0,0.0
2024-02-08 00:00:00+09:00,30700.0,32300.0,30400.0,31950.0,239505,0.0,0.0,0.0
2024-02-13 00:00:00+09:00,31900.0,32000.0,30750.0,31700.0,148680,0.0,0.0,0.0
2024-02-14 00:00:00+09:00,31150.0,33650.0,30950.0,32800.0,296978,0.0,0.0,0.0
2024-02-15 00:00:00+09:00,32000.0,33350.0,31550.0,32000.0,242456,0.0,0.0,0.0
2024-02-16 00:00:00+09:00,32050.0,33500.0,31750.0,32750.0,215047,0.0,0.0,0.0
2024-02-19 00:00:00+09:00,32600.0,32800.0,31150.0,32000.0,209198,0.0,0.0,0.0
2024-02-20 00:00:00+09:00,31950.0,32450.0,31500.0,32300.0,121072,0.0,0.0,0.0
2024-02-21 00:00:00+09:00,32300.0,32350.0,31250.0,31450.0,76119,0.0,0.0,0.0
2024-02-22 00:00:00+09:00,31650.0,32100.0,31400.0,31750.0,75350,0.0,0.0,0.0
2024-02-23 00:00:00+09:00,31250.0,31650.0,30200.0,30200.0,145146,0.0,0.0,0.0
2024-02-26 00:00:00+09:00,30500.0,30500.0,29350.0,29500.0,83782,0.0,0.0,0.0
2024-02-27 00:00:00+09:00,29250.0,29800.0,28400.0,28600.0,117668,0.0,0.0,0.0
2024-02-28 00:00:00+09:00,28750.0,28950.0,28300.0,28650.0,55910,0.0,0.0,0.0
2024-02-29 00:00:00+09:00,28450.0,28800.0,28350.0,28600.0,23966,0.0,0.0,0.0
2024-03-04 00:00:00+09:00,28900.0,28900.0,28000.0,28400.0,70272,0.0,0.0,0.0
2024-03-05 00:00:00+09:00,28550.0,28950.0,28150.0,28850.0,60265,0.0,0.0,0.0
2024-03-06 00:00:00+09:00,29550.0,30150.0,29100.0,30050.0,159575,0.0,0.0,0.0
2024-03-07 00:00:00+09:00,29850.0,30350.0,28850.0,29050.0,75497,0.0,0.0,0.0
2024-03-08 00:00:00+09:00,29350.0,29350.0,28000.0,28350.0,89392,0.0,0.0,0.0
2024-03-11 00:00:00+09:00,28400.0,28900.0,28050.0,28400.0,37817,0.0,0.0,0.0
2024-03-12 00:00:00+09:00,28300.0,29500.0,28100.0,29050.0,117741,0.0,0.0,0.0
2024-03-13 00:00:00+09:00,30200.0,32700.0,30100.0,32550.0,465411,0.0,0.0,0.0
2024-03-14 00:00:00+09:00,32300.0,33750.0,32200.0,33350.0,235413,0.0,0.0,0.0
2024-03-15 00:00:00+09:00,33350.0,33350.0,31800.0,32200.0,133840,0.0,0.0,0.0
2024-03-18 00:00:00+09:00,32200.0,33400.0,31200.0,32800.0,172250,0.0,0.0,0.0
2024-03-19 00:00:00+09:00,32500.0,34550.0,32500.0,34000.0,220089,0.0,0.0,0.0
2024-03-20 00:00:00+09:00,34000.0,34200.0,32550.0,33150.0,105038,0.0,0.0,0.0
2024-03-21 00:00:00+09:00,33150.0,33900.0,32450.0,33250.0,129861,0.0,0.0,0.0
2024-03-22 00:00:00+09:00,30600.0,31950.0,27600.0,30700.0,747496,0.0,0.0,0.0
2024-03-25 00:00:00+09:00,30650.0,31300.0,30050.0,31000.0,210079,0.0,0.0,0.0
2024-03-26 00:00:00+09:00,30950.0,31150.0,30000.0,30400.0,109031,0.0,0.0,0.0
2024-03-27 00:00:00+09:00,30100.0,30250.0,28800.0,29600.0,187350,0.0,0.0,0.0
2024-03-28 00:00:00+09:00,29350.0,29600.0,28400.0,29050.0,236639,0.0,0.0,0.0
2024-03-29 00:00:00+09:00,28900.0,30350.0,28250.0,29650.0,174465,0.0,0.0,0.0
2024-04-01 00:00:00+09:00,29800.0,29800.0,28550.0,29400.0,168319,0.0,0.0,0.0
2024-04-02 00:00:00+09:00,29250.0,29500.0,28150.0,28900.0,132566,0.0,0.0,0.0
2024-04-03 00:00:00+09:00,28500.0,28750.0,27900.0,28050.0,87859,0.0,0.0,0.0
2024-04-04 00:00:00+09:00,28200.0,29650.0,27850.0,29550.0,118517,0.0,0.0,0.0
2024-04-05 00:00:00+09:00,27500.0,28750.0,23300.0,24900.0,1304707,0.0,0.0,0.0
2024-04-08 00:00:00+09:00,24900.0,24900.0,24900.0,24900.0,0,0.0,0.0,0.0
2024-04-09 00:00:00+09:00,24900.0,24900.0,24900.0,24900.0,0,0.0,0.0,0.0
2024-04-11 00:00:00+09:00,24900.0,24900.0,24900.0,24900.0,0,0.0,0.0,0.0
2024-04-12 00:00:00+09:00,24900.0,24900.0,24900.0,24900.0,0,0.0,0.0,0.0
2024-04-15 00:00:00+09:00,24900.0,24900.0,24900.0,24900.0,0,0.0,0.0,0.0
2024-04-16 00:00:00+09:00,24900.0,24900.0,24900.0,24900.0,0,0.0,0.0,0.0
2024-04-17 00:00:00+09:00,24900.0,24900.0,24900.0,24900.0,0,0.0,0.0,0.0
2024-04-18 00:00:00+09:00,24900.0,24900.0,24900.0,24900.0,0,0.0,0.0,0.0
2024-04-19 00:00:00+09:00,24900.0,24900.0,24900.0,24900.0,0,0.0,0.0,0.0
2024-04-22 00:00:00+09:00,24900.0,24900.0,24900.0,24900.0,0,0.0,0.0,0.0
2024-04-23 00:00:00+09:00,24900.0,24900.0,24900.0,24900.0,0,0.0,0.0,0.0
2024-04-24 00:00:00+09:00,24900.0,24900.0,24900.0,24900.0,0,0.0,0.0,0.0
2024-04-25 00:00:00+09:00,24900.0,24900.0,24900.0,24900.0,0,0.0,0.0,0.0
2024-04-26 00:00:00+09:00,24900.0,24900.0,24900.0,24900.0,0,0.0,0.0,0.0
2024-04-29 00:00:00+09:00,24900.0,24900.0,24900.0,24900.0,0,0.0,0.0,0.0
2024-04-30 00:00:00+09:00,24900.0,24900.0,24900.0,24900.0,0,0.0,0.0,0.0
2024-05-02 00:00:00+09:00,24900.0,24900.0,24900.0,24900.0,0,0.0,0.0,0.0
2024-05-03 00:00:00+09:00,24900.0,24900.0,24900.0,24900.0,0,0.0,0.0,0.0
2024-05-07 00:00:00+09:00,24900.0,24900.0,24900.0,24900.0,0,0.0,0.0,0.0
2024-05-08 00:00:00+09:00,24900.0,24900.0,24900.0,24900.0,0,0.0,0.0,0.0
2024-05-09 00:00:00+09:00,24900.0,24900.0,24900.0,24900.0,0,0.0,0.0,0.0
2024-05-10 00:00:00+09:00,24900.0,24900.0,24900.0,24900.0,0,0.0,0.0,0.0
2024-05-13 00:00:00+09:00,24900.0,24900.0,24900.0,24900.0,0,0.0,0.0,0.0
2024-05-14 00:00:00+09:00,24900.0,24900.0,24900.0,24900.0,0,0.0,0.0,0.0
2024-05-16 00:00:00+09:00,24900.0,24900.0,24900.0,24900.0,0,0.0,0.0,0.0
2024-05-17 00:00:00+09:00,24900.0,24900.0,24900.0,24900.0,0,0.0,0.0,0.0
2024-05-20 00:00:00+09:00,24900.0,24900.0,24900.0,24900.0,0,0.0,0.0,0.0
2024-05-21 00:00:00+09:00,24900.0,24900.0,24900.0,24900.0,0,0.0,0.0,0.0
2024-05-22 00:00:00+09:00,24900.0,24900.0,24900.0,24900.0,0,0.0,0.0,0.0
2024-05-23 00:00:00+09:00,24900.0,24900.0,24900.0,24900.0,0,0.0,0.0,0.0
2024-05-24 00:00:00+09:00,24900.0,24900.0,24900.0,24900.0,0,0.0,0.0,0.0
2024-05-27 00:00:00+09:00,24900.0,24900.0,24900.0,24900.0,0,0.0,0.0,0.0
2024-05-28 00:00:00+09:00,24900.0,24900.0,24900.0,24900.0,0,0.0,0.0,0.0
2024-05-29 00:00:00+09:00,24900.0,24900.0,24900.0,24900.0,0,0.0,0.0,0.0
2024-05-30 00:00:00+09:00,24900.0,24900.0,24900.0,24900.0,0,0.0,0.0,0.0
2024-05-31 00:00:00+09:00,24900.0,24900.0,24900.0,24900.0,0,0.0,0.0,0.0
2024-06-03 00:00:00+09:00,24900.0,24900.0,24900.0,24900.0,0,0.0,0.0,0.0
2024-06-04 00:00:00+09:00,24900.0,24900.0,24900.0,24900.0,0,0.0,0.0,0.0
2024-06-05 00:00:00+09:00,24900.0,24900.0,24900.0,24900.0,0,0.0,0.0,0.0
2024-06-07 00:00:00+09:00,24900.0,24900.0,24900.0,24900.0,0,0.0,0.0,0.0
2024-06-10 00:00:00+09:00,24900.0,24900.0,24900.0,24900.0,0,0.0,0.0,0.0
2024-06-11 00:00:00+09:00,24900.0,24900.0,24900.0,24900.0,0,0.0,0.0,0.0
2024-06-12 00:00:00+09:00,24900.0,24900.0,24900.0,24900.0,0,0.0,0.0,0.0
2024-06-13 00:00:00+09:00,24900.0,24900.0,24900.0,24900.0,0,0.0,0.0,0.0
2024-06-14 00:00:00+09:00,24900.0,24900.0,24900.0,24900.0,0,0.0,0.0,0.0
2024-06-17 00:00:00+09:00,24900.0,24900.0,24900.0,24900.0,0,0.0,0.0,0.0
2024-06-18 00:00:00+09:00,24900.0,24900.0,24900.0,24900.0,0,0.0,0.0,0.0
2024-06-19 00:00:00+09:00,24900.0,24900.0,24900.0,24900.0,0,0.0,0.0,0.0
2024-06-20 00:00:00+09:00,24900.0,24900.0,24900.0,24900.0,0,0.0,0.0,0.0
2024-06-21 00:00:00+09:00,24900.0,24900.0,24900.0,24900.0,0,0.0,0.0,0.0
2024-06-24 00:00:00+09:00,24900.0,24900.0,24900.0,24900.0,0,0.0,0.0,0.0
2024-06-25 00:00:00+09:00,24900.0,24900.0,24900.0,24900.0,0,0.0,0.0,0.0
2024-06-26 00:00:00+09:00,24900.0,24900.0,24900.0,24900.0,0,0.0,0.0,0.0
2024-06-27 00:00:00+09:00,24900.0,24900.0,24900.0,24900.0,0,0.0,0.0,0.0
2024-06-28 00:00:00+09:00,24900.0,24900.0,24900.0,24900.0,0,0.0,0.0,0.0
2024-07-01 00:00:00+09:00,24900.0,24900.0,24900.0,24900.0,0,0.0,0.0,0.0
2024-07-02 00:00:00+09:00,24900.0,24900.0,24900.0,24900.0,0,0.0,0.0,0.0
2024-07-03 00:00:00+09:00,24900.0,24900.0,24900.0,24900.0,0,0.0,0.0,0.0
2024-07-04 00:00:00+09:00,24900.0,24900.0,24900.0,24900.0,0,0.0,0.0,0.0
2024-07-05 00:00:00+09:00,24900.0,24900.0,24900.0,24900.0,0,0.0,0.0,0.0
2024-07-08 00:00:00+09:00,24900.0,24900.0,24900.0,24900.0,0,0.0,0.0,0.0
2024-07-09 00:00:00+09:00,24900.0,24900.0,24900.0,24900.0,0,0.0,0.0,0.0
2024-07-10 00:00:00+09:00,24900.0,24900.0,24900.0,24900.0,0,0.0,0.0,0.0
2024-07-11 00:00:00+09:00,24900.0,24900.0,24900.0,24900.0,0,0.0,0.0,0.0
2024-07-12 00:00:00+09:00,24900.0,24900.0,24900.0,24900.0,0,0.0,0.0,0.0
2024-07-15 00:00:00+09:00,24900.0,24900.0,24900.0,24900.0,0,0.0,0.0,0.0
2024-07-16 00:00:00+09:00,24900.0,24900.0,24900.0,24900.0,0,0.0,0.0,0.0
2024-07-17 00:00:00+09:00,24900.0,24900.0,24900.0,24900.0,0,0.0,0.0,0.0
2024-07-18 00:00:00+09:00,24900.0,24900.0,24900.0,24900.0,0,0.0,0.0,0.0
2024-07-19 00:00:00+09:00,24900.0,24900.0,24900.0,24900.0,0,0.0,0.0,0.0
2024-07-22 00:00:00+09:00,24900.0,24900.0,24900.0,24900.0,0,0.0,0.0,0.0
2024-07-23 00:00:00+09:00,24900.0,24900.0,24900.0,24900.0,0,0.0,0.0,0.0
2024-07-24 00:00:00+09:00,24900.0,24900.0,24900.0,24900.0,0,0.0,0.0,0.0
2024-07-25 00:00:00+09:00,24900.0,24900.0,24900.0,24900.0,0,0.0,0.0,0.0
2024-07-26 00:00:00+09:00,24900.0,24900.0,24900.0,24900.0,0,0.0,0.0,0.0
