Date,Open,High,Low,Close,Volume,Dividends,Stock Splits
2000-09-14 00:00:00+09:00,1584.98681640625,1584.98681640625,1584.98681640625,1584.98681640625,37050,0.0,0.0
2000-09-15 00:00:00+09:00,1522.6947021484375,1522.6947021484375,1522.6947021484375,1522.6947021484375,9705,0.0,0.0
2000-09-18 00:00:00+09:00,1356.5826416015625,1356.5826416015625,1356.5826416015625,1356.5826416015625,39980,0.0,0.0
2000-09-19 00:00:00+09:00,1197.391845703125,1197.391845703125,1197.391845703125,1197.391845703125,21895,0.0,0.0
2000-09-20 00:00:00+09:00,1229.22998046875,1229.22998046875,1229.22998046875,1229.22998046875,36370,0.0,0.0
2000-09-21 00:00:00+09:00,1191.8546142578125,1191.8546142578125,1191.8546142578125,1191.8546142578125,3380,0.0,0.0
2000-09-22 00:00:00+09:00,1238.919921875,1238.919921875,1238.919921875,1238.919921875,23465,0.0,0.0
2000-09-25 00:00:00+09:00,1231.99853515625,1231.99853515625,1231.99853515625,1231.99853515625,10520,0.0,0.0
2000-09-26 00:00:00+09:00,1240.3040771484375,1240.3040771484375,1240.3040771484375,1240.3040771484375,8740,0.0,0.0
2000-09-27 00:00:00+09:00,1236.1514892578125,1236.1514892578125,1236.1514892578125,1236.1514892578125,41005,0.0,0.0
2000-09-28 00:00:00+09:00,1370.4254150390625,1370.4254150390625,1370.4254150390625,1370.4254150390625,126155,0.0,0.0
2000-09-29 00:00:00+09:00,1529.6160888671875,1529.6160888671875,1529.6160888671875,1529.6160888671875,60000,0.0,0.0
2000-10-02 00:00:00+09:00,1709.5709228515625,1709.5709228515625,1709.5709228515625,1709.5709228515625,93095,0.0,0.0
2000-10-03 00:00:00+09:00,1709.5709228515625,1709.5709228515625,1709.5709228515625,1709.5709228515625,0,0.0,0.0
2000-10-04 00:00:00+09:00,1910.289794921875,1910.289794921875,1910.289794921875,1910.289794921875,1360515,0.0,0.0
2000-10-05 00:00:00+09:00,2138.693603515625,2138.693603515625,2138.693603515625,2138.693603515625,15845,0.0,0.0
2000-10-06 00:00:00+09:00,2394.78369140625,2394.78369140625,2394.78369140625,2394.78369140625,22600,0.0,0.0
2000-10-09 00:00:00+09:00,2678.558837890625,2678.558837890625,2678.558837890625,2678.558837890625,323620,0.0,0.0
2000-10-10 00:00:00+09:00,2996.93994140625,2996.93994140625,2996.93994140625,2996.93994140625,262330,0.0,0.0
2000-10-11 00:00:00+09:00,2837.74951171875,2837.74951171875,2837.74951171875,2837.74951171875,577785,0.0,0.0
2000-10-12 00:00:00+09:00,3176.89501953125,3176.89501953125,3176.89501953125,3176.89501953125,202490,0.0,0.0
2000-10-13 00:00:00+09:00,3343.007080078125,3343.007080078125,3343.007080078125,3343.007080078125,693295,0.0,0.0
2000-10-16 00:00:00+09:00,3439.906005859375,3439.906005859375,3439.906005859375,3439.906005859375,305635,0.0,0.0
2000-10-17 00:00:00+09:00,3460.66943359375,3460.66943359375,3460.66943359375,3460.66943359375,261200,0.0,0.0
2000-10-18 00:00:00+09:00,3308.400146484375,3308.400146484375,3308.400146484375,3308.400146484375,98410,0.0,0.0
2000-10-19 00:00:00+09:00,3391.4560546875,3391.4560546875,3391.4560546875,3391.4560546875,240530,0.0,0.0
2000-10-20 00:00:00+09:00,3599.0966796875,3599.0966796875,3599.0966796875,3599.0966796875,109600,0.0,0.0
2000-10-23 00:00:00+09:00,3626.7822265625,3626.7822265625,3626.7822265625,3626.7822265625,205230,0.0,0.0
2000-10-24 00:00:00+09:00,3599.0966796875,3599.0966796875,3599.0966796875,3599.0966796875,81110,0.0,0.0
2000-10-25 00:00:00+09:00,3474.5122070312505,3474.5122070312505,3474.5122070312505,3474.51220703125,140945,0.0,0.0
2000-10-26 00:00:00+09:00,3668.31005859375,3668.31005859375,3668.31005859375,3668.31005859375,53195,0.0,0.0
2000-10-27 00:00:00+09:00,3695.9951171875,3695.9951171875,3695.9951171875,3695.9951171875,27405,0.0,0.0
2000-10-30 00:00:00+09:00,3661.388916015625,3661.388916015625,3661.388916015625,3661.388916015625,32590,0.0,0.0
2000-10-31 00:00:00+09:00,3668.31005859375,3668.31005859375,3668.31005859375,3668.31005859375,127910,0.0,0.0
2000-11-01 00:00:00+09:00,4104.3544921875,4104.3544921875,4104.3544921875,4104.3544921875,111460,0.0,0.0
2000-11-02 00:00:00+09:00,4222.0166015625,4222.0166015625,4222.0166015625,4222.0166015625,155460,0.0,0.0
2000-11-03 00:00:00+09:00,4291.23046875,4291.23046875,4291.23046875,4291.23046875,205230,0.0,0.0
2000-11-06 00:00:00+09:00,4208.17431640625,4208.17431640625,4208.17431640625,4208.17431640625,66890,0.0,0.0
2000-11-07 00:00:00+09:00,4138.9609375,4138.9609375,4138.9609375,4138.9609375,65635,0.0,0.0
2000-11-08 00:00:00+09:00,4104.3544921875,4104.3544921875,4104.3544921875,4104.3544921875,50700,0.0,0.0
2000-11-09 00:00:00+09:00,4104.3544921875,4104.3544921875,4104.3544921875,4104.3544921875,70895,0.0,0.0
2000-11-10 00:00:00+09:00,4180.4892578125,4180.4892578125,4180.4892578125,4180.4892578125,116740,0.0,0.0
2000-11-13 00:00:00+09:00,4180.4892578125,4180.4892578125,4180.4892578125,4180.4892578125,65900,0.0,0.0
2000-11-14 00:00:00+09:00,4242.78125,4242.78125,4242.78125,4242.78125,40995,0.0,0.0
2000-11-15 00:00:00+09:00,4222.0166015625,4222.0166015625,4222.0166015625,4222.0166015625,43550,0.0,0.0
2000-11-16 00:00:00+09:00,4270.46630859375,4270.46630859375,4270.46630859375,4270.46630859375,44930,0.0,0.0
2000-11-17 00:00:00+09:00,4242.78125,4242.78125,4242.78125,4242.78125,22595,0.0,0.0
2000-11-20 00:00:00+09:00,4263.544921875,4263.544921875,4263.544921875,4263.544921875,34695,0.0,0.0
2000-11-21 00:00:00+09:00,4208.17431640625,4208.17431640625,4208.17431640625,4208.17431640625,53285,0.0,0.0
2000-11-22 00:00:00+09:00,4201.25390625,4201.25390625,4201.25390625,4201.25390625,34860,0.0,0.0
2000-11-23 00:00:00+09:00,4471.185546875,4471.185546875,4471.185546875,4471.185546875,198525,0.0,0.0
2000-11-24 00:00:00+09:00,4554.2421875,4554.2421875,4554.2421875,4554.2421875,193975,0.0,0.0
2000-11-27 00:00:00+09:00,4803.41015625,4803.41015625,4803.41015625,4803.41015625,82735,0.0,0.0
2000-11-28 00:00:00+09:00,4927.994140625,4927.994140625,4927.994140625,4927.994140625,270500,0.0,0.0
2000-11-29 00:00:00+09:00,4720.35400390625,4720.35400390625,4720.35400390625,4720.35400390625,39335,0.0,0.0
2000-11-30 00:00:00+09:00,4789.5673828125,4789.5673828125,4789.5673828125,4789.5673828125,129305,0.0,0.0
2000-12-01 00:00:00+09:00,4817.25244140625,4817.25244140625,4817.25244140625,4817.25244140625,54470,0.0,0.0
2000-12-04 00:00:00+09:00,4803.41015625,4803.41015625,4803.41015625,4803.41015625,30630,0.0,0.0
2000-12-05 00:00:00+09:00,4803.41015625,4803.41015625,4803.41015625,4803.41015625,20095,0.0,0.0
2000-12-06 00:00:00+09:00,4824.17431640625,4824.17431640625,4824.17431640625,4824.17431640625,45410,0.0,0.0
2000-12-07 00:00:00+09:00,4865.70263671875,4865.70263671875,4865.70263671875,4865.70263671875,32555,0.0,0.0
2000-12-08 00:00:00+09:00,5211.76904296875,5211.76904296875,5211.76904296875,5211.76904296875,155190,0.0,0.0
2000-12-11 00:00:00+09:00,5364.03857421875,5364.03857421875,5364.03857421875,5364.03857421875,39480,0.0,0.0
2000-12-12 00:00:00+09:00,5523.2294921875,5523.2294921875,5523.2294921875,5523.2294921875,146470,0.0,0.0
2000-12-13 00:00:00+09:00,5537.07177734375,5537.07177734375,5537.07177734375,5537.07177734375,40530,0.0,0.0
2000-12-14 00:00:00+09:00,5523.2294921875,5523.2294921875,5523.2294921875,5523.2294921875,73870,0.0,0.0
2000-12-15 00:00:00+09:00,6173.83544921875,6173.83544921875,6173.83544921875,6173.83544921875,65750,0.0,0.0
2000-12-18 00:00:00+09:00,6914.41943359375,6914.41943359375,6914.41943359375,6914.41943359375,113410,0.0,0.0
2000-12-19 00:00:00+09:00,7475.046875,7475.046875,7475.046875,7475.046875,281915,0.0,0.0
2000-12-20 00:00:00+09:00,7668.844238281251,7668.844238281251,7668.844238281251,7668.84423828125,171405,0.0,0.0
2000-12-21 00:00:00+09:00,7364.30615234375,7364.30615234375,7364.30615234375,7364.30615234375,126535,0.0,0.0
2000-12-22 00:00:00+09:00,7128.98046875,7128.98046875,7128.98046875,7128.98046875,86525,0.0,0.0
2000-12-25 00:00:00+09:00,7128.98046875,7128.98046875,7128.98046875,7128.98046875,0,0.0,0.0
2000-12-26 00:00:00+09:00,7267.40625,7267.40625,7267.40625,7267.40625,99940,0.0,0.0
2000-12-27 00:00:00+09:00,7267.40625,7267.40625,7267.40625,7267.40625,0,0.0,0.0
2000-12-29 00:00:00+09:00,,,,,0,0.0,5.0
2001-01-02 00:00:00+09:00,7405.83447265625,7405.83447265625,7405.83447265625,7405.83447265625,126670,50.0,0.0
2001-01-03 00:00:00+09:00,7267.40673828125,7267.40673828125,7267.40673828125,7267.40673828125,48768,0.0,0.0
2001-01-04 00:00:00+09:00,7682.6875,7682.6875,7682.6875,7682.6875,126699,0.0,0.0
2001-01-05 00:00:00+09:00,8167.18212890625,8167.18212890625,8167.18212890625,8167.18212890625,121488,0.0,0.0
2001-01-08 00:00:00+09:00,8028.753906249999,8028.753906249999,8028.753906249999,8028.75390625,30052,0.0,0.0
2001-01-09 00:00:00+09:00,8271.0009765625,8271.0009765625,8271.0009765625,8271.0009765625,111662,0.0,0.0
2001-01-10 00:00:00+09:00,8928.5283203125,8928.5283203125,8928.5283203125,8928.5283203125,307225,0.0,0.0
2001-01-11 00:00:00+09:00,8928.5283203125,8928.5283203125,8928.5283203125,8928.5283203125,48826,0.0,0.0
2001-01-12 00:00:00+09:00,8582.4619140625,8582.4619140625,8582.4619140625,8582.4619140625,144515,0.0,0.0
2001-01-15 00:00:00+09:00,7578.86865234375,7578.86865234375,7578.86865234375,7578.86865234375,227289,0.0,0.0
2001-01-16 00:00:00+09:00,6679.09423828125,6679.09423828125,6679.09423828125,6679.09423828125,53133,0.0,0.0
2001-01-17 00:00:00+09:00,6713.70068359375,6713.70068359375,6713.70068359375,6713.70068359375,233031,0.0,0.0
2001-01-18 00:00:00+09:00,6644.486816406249,6644.486816406249,6644.486816406249,6644.48681640625,93000,0.0,0.0
2001-01-19 00:00:00+09:00,6568.3525390625,6568.3525390625,6568.3525390625,6568.3525390625,118546,0.0,0.0
2001-01-22 00:00:00+09:00,6914.420410156249,6914.420410156249,6914.420410156249,6914.42041015625,162601,0.0,0.0
2001-01-23 00:00:00+09:00,6914.420410156249,6914.420410156249,6914.420410156249,6914.42041015625,0,0.0,0.0
2001-01-24 00:00:00+09:00,6914.420410156249,6914.420410156249,6914.420410156249,6914.42041015625,0,0.0,0.0
2001-01-25 00:00:00+09:00,6914.420410156249,6914.420410156249,6914.420410156249,6914.42041015625,0,0.0,0.0
2001-01-26 00:00:00+09:00,6907.498046875,6907.498046875,6907.498046875,6907.498046875,63701,0.0,0.0
2001-01-29 00:00:00+09:00,6782.9130859375,6782.9130859375,6782.9130859375,6782.9130859375,107076,0.0,0.0
2001-01-30 00:00:00+09:00,6838.28466796875,6838.28466796875,6838.28466796875,6838.28466796875,188443,0.0,0.0
2001-01-31 00:00:00+09:00,6699.857421875,6699.857421875,6699.857421875,6699.857421875,27407,0.0,0.0
2001-02-01 00:00:00+09:00,6506.0595703125,6506.0595703125,6506.0595703125,6506.0595703125,59377,0.0,0.0
2001-02-02 00:00:00+09:00,6436.84716796875,6436.84716796875,6436.84716796875,6436.84716796875,50603,0.0,0.0
2001-02-05 00:00:00+09:00,6436.84716796875,6436.84716796875,6436.84716796875,6436.84716796875,65634,0.0,0.0
2001-02-06 00:00:00+09:00,6374.5556640625,6374.5556640625,6374.5556640625,6374.5556640625,20388,0.0,0.0
2001-02-07 00:00:00+09:00,6471.4541015625,6471.4541015625,6471.4541015625,6471.4541015625,72683,0.0,0.0
2001-02-08 00:00:00+09:00,6512.98095703125,6512.98095703125,6512.98095703125,6512.98095703125,36765,0.0,0.0
2001-02-09 00:00:00+09:00,6630.6435546875,6630.6435546875,6630.6435546875,6630.6435546875,50909,0.0,0.0
2001-02-12 00:00:00+09:00,7405.83447265625,7405.83447265625,7405.83447265625,7405.83447265625,39275,0.0,0.0
2001-02-13 00:00:00+09:00,7336.62109375,7336.62109375,7336.62109375,7336.62109375,302218,0.0,0.0
2001-02-14 00:00:00+09:00,7336.62109375,7336.62109375,7336.62109375,7336.62109375,184676,0.0,0.0
2001-02-15 00:00:00+09:00,7613.474121093749,7613.474121093749,7613.474121093749,7613.47412109375,285407,0.0,0.0
2001-02-16 00:00:00+09:00,7613.474121093749,7613.474121093749,7613.474121093749,7613.47412109375,234146,0.0,0.0
2001-02-19 00:00:00+09:00,7544.26171875,7544.26171875,7544.26171875,7544.26171875,240010,0.0,0.0
2001-02-20 00:00:00+09:00,7682.6875,7682.6875,7682.6875,7682.6875,207199,0.0,0.0
2001-02-21 00:00:00+09:00,7855.721679687499,7855.721679687499,7855.721679687499,7855.7216796875,177886,0.0,0.0
2001-02-22 00:00:00+09:00,7717.2939453125,7717.2939453125,7717.2939453125,7717.2939453125,557623,0.0,0.0
2001-02-23 00:00:00+09:00,6817.5205078125,6817.5205078125,6817.5205078125,6817.5205078125,603870,0.0,0.0
2001-02-26 00:00:00+09:00,6000.802734375,6000.802734375,6000.802734375,6000.802734375,50959,0.0,0.0
2001-02-27 00:00:00+09:00,5280.98291015625,5280.98291015625,5280.98291015625,5280.98291015625,69682,0.0,0.0
2001-02-28 00:00:00+09:00,4927.994140625,4927.994140625,4927.994140625,4927.994140625,1024615,0.0,0.0
2001-03-01 00:00:00+09:00,4927.994140625,4927.994140625,4927.994140625,4927.994140625,0,0.0,0.0
2001-03-02 00:00:00+09:00,4339.6806640625,4339.6806640625,4339.6806640625,4339.6806640625,458747,0.0,0.0
2001-03-05 00:00:00+09:00,3820.579833984375,3820.579833984375,3820.579833984375,3820.579833984375,82898,0.0,0.0
2001-03-06 00:00:00+09:00,3848.2653808593755,3848.2653808593755,3848.2653808593755,3848.265380859375,1765164,0.0,0.0
2001-03-07 00:00:00+09:00,3612.939453125,3612.939453125,3612.939453125,3612.939453125,1109149,0.0,0.0
2001-03-08 00:00:00+09:00,4042.0629882812495,4042.0629882812495,4042.0629882812495,4042.06298828125,1463508,0.0,0.0
2001-03-09 00:00:00+09:00,4083.591064453125,4083.591064453125,4083.591064453125,4083.591064453125,2202616,0.0,0.0
2001-03-12 00:00:00+09:00,3599.0971679687505,3599.0971679687505,3599.0971679687505,3599.09716796875,1163764,0.0,0.0
2001-03-13 00:00:00+09:00,3169.9736328125,3169.9736328125,3169.9736328125,3169.9736328125,706417,0.0,0.0
2001-03-14 00:00:00+09:00,3336.08544921875,3336.08544921875,3336.08544921875,3336.08544921875,978338,0.0,0.0
2001-03-15 00:00:00+09:00,3059.232177734375,3059.232177734375,3059.232177734375,3059.232177734375,992821,0.0,0.0
2001-03-16 00:00:00+09:00,3045.3896484375,3045.3896484375,3045.3896484375,3045.3896484375,620579,0.0,0.0
2001-03-19 00:00:00+09:00,3135.3671875,3135.3671875,3135.3671875,3135.3671875,894536,0.0,0.0
2001-03-20 00:00:00+09:00,3114.60302734375,3114.60302734375,3114.60302734375,3114.60302734375,513468,0.0,0.0
2001-03-21 00:00:00+09:00,3010.783203125,3010.783203125,3010.783203125,3010.783203125,410445,0.0,0.0
2001-03-22 00:00:00+09:00,3183.816650390625,3183.816650390625,3183.816650390625,3183.816650390625,857000,0.0,0.0
2001-03-23 00:00:00+09:00,3045.3896484375,3045.3896484375,3045.3896484375,3045.3896484375,359174,0.0,0.0
2001-03-26 00:00:00+09:00,3107.68212890625,3107.68212890625,3107.68212890625,3107.68212890625,325398,0.0,0.0
2001-03-27 00:00:00+09:00,2900.04150390625,2900.04150390625,2900.04150390625,2900.04150390625,301936,0.0,0.0
2001-03-28 00:00:00+09:00,2796.221435546875,2796.221435546875,2796.221435546875,2796.221435546875,349375,0.0,0.0
2001-03-29 00:00:00+09:00,2685.479736328125,2685.479736328125,2685.479736328125,2685.479736328125,357109,0.0,0.0
2001-03-30 00:00:00+09:00,2789.300048828125,2789.300048828125,2789.300048828125,2789.300048828125,497323,0.0,0.0
2001-04-02 00:00:00+09:00,2906.962890625,2906.962890625,2906.962890625,2906.962890625,1027302,0.0,0.0
2001-04-03 00:00:00+09:00,2560.896240234375,2560.896240234375,2560.896240234375,2560.896240234375,248292,0.0,0.0
2001-04-04 00:00:00+09:00,2332.491455078125,2332.491455078125,2332.491455078125,2332.491455078125,257285,0.0,0.0
2001-04-05 00:00:00+09:00,2332.491455078125,2332.491455078125,2332.491455078125,2332.491455078125,0,0.0,0.0
2001-04-06 00:00:00+09:00,2318.649169921875,2318.649169921875,2318.649169921875,2318.649169921875,265820,0.0,0.0
2001-04-09 00:00:00+09:00,2297.885009765625,2297.885009765625,2297.885009765625,2297.885009765625,175694,0.0,0.0
2001-04-10 00:00:00+09:00,2270.19970703125,2270.19970703125,2270.19970703125,2270.19970703125,179558,0.0,0.0
2001-04-11 00:00:00+09:00,2408.626220703125,2408.626220703125,2408.626220703125,2408.626220703125,303721,0.0,0.0
2001-04-12 00:00:00+09:00,2415.5478515625,2415.5478515625,2415.5478515625,2415.5478515625,252506,0.0,0.0
2001-04-13 00:00:00+09:00,2484.76123046875,2484.76123046875,2484.76123046875,2484.76123046875,250370,0.0,0.0
2001-04-16 00:00:00+09:00,2457.075927734375,2457.075927734375,2457.075927734375,2457.075927734375,203660,0.0,0.0
2001-04-17 00:00:00+09:00,2463.9970703125,2463.9970703125,2463.9970703125,2463.9970703125,174597,0.0,0.0
2001-04-18 00:00:00+09:00,2692.401611328125,2692.401611328125,2692.401611328125,2692.401611328125,545184,0.0,0.0
2001-04-19 00:00:00+09:00,2747.771728515625,2747.771728515625,2747.771728515625,2747.771728515625,500353,0.0,0.0
2001-04-20 00:00:00+09:00,2671.6376953125,2671.6376953125,2671.6376953125,2671.6376953125,163505,0.0,0.0
2001-04-23 00:00:00+09:00,2803.142578125,2803.142578125,2803.142578125,2803.142578125,457023,0.0,0.0
2001-04-24 00:00:00+09:00,2643.951904296875,2643.951904296875,2643.951904296875,2643.951904296875,229057,0.0,0.0
2001-04-25 00:00:00+09:00,2955.412353515625,2955.412353515625,2955.412353515625,2955.412353515625,583757,0.0,0.0
2001-04-26 00:00:00+09:00,3308.400390625,3308.400390625,3308.400390625,3308.400390625,1417102,0.0,0.0
2001-04-27 00:00:00+09:00,2969.255126953125,2969.255126953125,2969.255126953125,2969.255126953125,620254,0.0,0.0
2001-04-30 00:00:00+09:00,3322.2434082031245,3322.2434082031245,3322.2434082031245,3322.243408203125,609249,0.0,0.0
2001-05-01 00:00:00+09:00,3322.2434082031245,3322.2434082031245,3322.2434082031245,3322.243408203125,0,0.0,0.0
2001-05-02 00:00:00+09:00,3453.7490234375,3453.7490234375,3453.7490234375,3453.7490234375,751697,0.0,0.0
2001-05-03 00:00:00+09:00,3336.08544921875,3336.08544921875,3336.08544921875,3336.08544921875,340061,0.0,0.0
2001-05-04 00:00:00+09:00,3529.8837890625,3529.8837890625,3529.8837890625,3529.8837890625,581581,0.0,0.0
2001-05-07 00:00:00+09:00,3592.17529296875,3592.17529296875,3592.17529296875,3592.17529296875,341996,0.0,0.0
2001-05-08 00:00:00+09:00,3446.827880859375,3446.827880859375,3446.827880859375,3446.827880859375,392750,0.0,0.0
2001-05-09 00:00:00+09:00,3343.007568359375,3343.007568359375,3343.007568359375,3343.007568359375,253517,0.0,0.0
2001-05-10 00:00:00+09:00,3329.16455078125,3329.16455078125,3329.16455078125,3329.16455078125,191636,0.0,0.0
2001-05-11 00:00:00+09:00,3294.558349609375,3294.558349609375,3294.558349609375,3294.558349609375,161754,0.0,0.0
2001-05-14 00:00:00+09:00,3259.950927734375,3259.950927734375,3259.950927734375,3259.950927734375,203039,0.0,0.0
2001-05-15 00:00:00+09:00,3218.423583984375,3218.423583984375,3218.423583984375,3218.423583984375,216243,0.0,0.0
2001-05-16 00:00:00+09:00,3163.052978515625,3163.052978515625,3163.052978515625,3163.052978515625,191569,0.0,0.0
2001-05-17 00:00:00+09:00,3218.423583984375,3218.423583984375,3218.423583984375,3218.423583984375,282492,0.0,0.0
2001-05-18 00:00:00+09:00,2962.333740234375,2962.333740234375,2962.333740234375,2962.333740234375,459614,0.0,0.0
2001-05-21 00:00:00+09:00,2927.7265625,2927.7265625,2927.7265625,2927.7265625,292551,0.0,0.0
2001-05-22 00:00:00+09:00,2837.749755859375,2837.749755859375,2837.749755859375,2837.749755859375,242061,0.0,0.0
2001-05-23 00:00:00+09:00,3038.4680175781255,3038.4680175781255,3038.4680175781255,3038.468017578125,423726,0.0,0.0
2001-05-24 00:00:00+09:00,2941.569580078125,2941.569580078125,2941.569580078125,2941.569580078125,198044,0.0,0.0
2001-05-25 00:00:00+09:00,2941.569580078125,2941.569580078125,2941.569580078125,2941.569580078125,189834,0.0,0.0
2001-05-28 00:00:00+09:00,3045.3896484375,3045.3896484375,3045.3896484375,3045.3896484375,350289,0.0,0.0
2001-05-29 00:00:00+09:00,3246.108642578125,3246.108642578125,3246.108642578125,3246.108642578125,491445,0.0,0.0
2001-05-30 00:00:00+09:00,3253.02978515625,3253.02978515625,3253.02978515625,3253.02978515625,725121,0.0,0.0
2001-05-31 00:00:00+09:00,3114.60302734375,3114.60302734375,3114.60302734375,3114.60302734375,305084,0.0,0.0
2001-06-01 00:00:00+09:00,3100.760986328125,3100.760986328125,3100.760986328125,3100.760986328125,173186,0.0,0.0
2001-06-04 00:00:00+09:00,3100.760986328125,3100.760986328125,3100.760986328125,3100.760986328125,229571,0.0,0.0
2001-06-05 00:00:00+09:00,2920.805419921875,2920.805419921875,2920.805419921875,2920.805419921875,180469,0.0,0.0
2001-06-06 00:00:00+09:00,2920.805419921875,2920.805419921875,2920.805419921875,2920.805419921875,0,0.0,0.0
2001-06-07 00:00:00+09:00,2775.45751953125,2775.45751953125,2775.45751953125,2775.45751953125,190815,0.0,0.0
2001-06-08 00:00:00+09:00,2837.749755859375,2837.749755859375,2837.749755859375,2837.749755859375,154715,0.0,0.0
2001-06-11 00:00:00+09:00,2810.064208984375,2810.064208984375,2810.064208984375,2810.064208984375,79980,0.0,0.0
2001-06-12 00:00:00+09:00,2851.59228515625,2851.59228515625,2851.59228515625,2851.59228515625,99834,0.0,0.0
2001-06-13 00:00:00+09:00,2969.255126953125,2969.255126953125,2969.255126953125,2969.255126953125,181180,0.0,0.0
2001-06-14 00:00:00+09:00,3093.839599609375,3093.839599609375,3093.839599609375,3093.839599609375,323221,0.0,0.0
2001-06-15 00:00:00+09:00,3017.704833984375,3017.704833984375,3017.704833984375,3017.704833984375,199065,0.0,0.0
2001-06-18 00:00:00+09:00,2920.805419921875,2920.805419921875,2920.805419921875,2920.805419921875,170815,0.0,0.0
2001-06-19 00:00:00+09:00,2851.59228515625,2851.59228515625,2851.59228515625,2851.59228515625,126832,0.0,0.0
2001-06-20 00:00:00+09:00,2796.221435546875,2796.221435546875,2796.221435546875,2796.221435546875,150208,0.0,0.0
2001-06-21 00:00:00+09:00,2837.749755859375,2837.749755859375,2837.749755859375,2837.749755859375,64044,0.0,0.0
2001-06-22 00:00:00+09:00,2816.985595703125,2816.985595703125,2816.985595703125,2816.985595703125,93081,0.0,0.0
2001-06-25 00:00:00+09:00,2837.749755859375,2837.749755859375,2837.749755859375,2837.749755859375,82566,0.0,0.0
2001-06-26 00:00:00+09:00,2768.5361328125,2768.5361328125,2768.5361328125,2768.5361328125,126089,0.0,0.0
2001-06-27 00:00:00+09:00,2699.322998046875,2699.322998046875,2699.322998046875,2699.322998046875,44933,0.0,0.0
2001-06-28 00:00:00+09:00,2664.71630859375,2664.71630859375,2664.71630859375,2664.71630859375,73461,0.0,0.0
2001-06-29 00:00:00+09:00,2685.479736328125,2685.479736328125,2685.479736328125,2685.479736328125,74411,0.0,0.0
2001-07-02 00:00:00+09:00,2706.244384765625,2706.244384765625,2706.244384765625,2706.244384765625,54587,0.0,0.0
2001-07-03 00:00:00+09:00,2733.92919921875,2733.92919921875,2733.92919921875,2733.92919921875,63648,0.0,0.0
2001-07-04 00:00:00+09:00,2816.985595703125,2816.985595703125,2816.985595703125,2816.985595703125,102825,0.0,0.0
2001-07-05 00:00:00+09:00,2782.37890625,2782.37890625,2782.37890625,2782.37890625,72334,0.0,0.0
2001-07-06 00:00:00+09:00,2643.951904296875,2643.951904296875,2643.951904296875,2643.951904296875,105128,0.0,0.0
2001-07-09 00:00:00+09:00,2332.491455078125,2332.491455078125,2332.491455078125,2332.491455078125,206314,0.0,0.0
2001-07-10 00:00:00+09:00,2318.649169921875,2318.649169921875,2318.649169921875,2318.649169921875,56095,0.0,0.0
2001-07-11 00:00:00+09:00,2159.45849609375,2159.45849609375,2159.45849609375,2159.45849609375,77971,0.0,0.0
2001-07-12 00:00:00+09:00,2311.728271484375,2311.728271484375,2311.728271484375,2311.728271484375,74744,0.0,0.0
2001-07-13 00:00:00+09:00,2214.8291015625,2214.8291015625,2214.8291015625,2214.8291015625,93194,0.0,0.0
2001-07-16 00:00:00+09:00,2159.45849609375,2159.45849609375,2159.45849609375,2159.45849609375,64298,0.0,0.0
2001-07-17 00:00:00+09:00,2159.45849609375,2159.45849609375,2159.45849609375,2159.45849609375,0,0.0,0.0
2001-07-18 00:00:00+09:00,2090.244873046875,2090.244873046875,2090.244873046875,2090.244873046875,51673,0.0,0.0
2001-07-19 00:00:00+09:00,2090.244873046875,2090.244873046875,2090.244873046875,2090.244873046875,79019,0.0,0.0
2001-07-20 00:00:00+09:00,2062.559326171875,2062.559326171875,2062.559326171875,2062.559326171875,44575,0.0,0.0
2001-07-23 00:00:00+09:00,1847.997802734375,1847.997802734375,1847.997802734375,1847.997802734375,39502,0.0,0.0
2001-07-24 00:00:00+09:00,1889.5256347656248,1889.5256347656248,1889.5256347656248,1889.525634765625,54438,0.0,0.0
2001-07-25 00:00:00+09:00,2111.008544921875,2111.008544921875,2111.008544921875,2111.008544921875,76630,0.0,0.0
2001-07-26 00:00:00+09:00,2353.255859375,2353.255859375,2353.255859375,2353.255859375,285495,0.0,0.0
2001-07-27 00:00:00+09:00,2477.83984375,2477.83984375,2477.83984375,2477.83984375,224165,0.0,0.0
2001-07-30 00:00:00+09:00,2346.333984375,2346.333984375,2346.333984375,2346.333984375,73105,0.0,0.0
2001-07-31 00:00:00+09:00,2623.18798828125,2623.18798828125,2623.18798828125,2623.18798828125,96203,0.0,0.0
2001-08-01 00:00:00+09:00,2699.322998046875,2699.322998046875,2699.322998046875,2699.322998046875,421606,0.0,0.0
2001-08-02 00:00:00+09:00,2630.109619140625,2630.109619140625,2630.109619140625,2630.109619140625,126122,0.0,0.0
2001-08-03 00:00:00+09:00,2609.345458984375,2609.345458984375,2609.345458984375,2609.345458984375,64100,0.0,0.0
2001-08-06 00:00:00+09:00,2526.28857421875,2526.28857421875,2526.28857421875,2526.28857421875,89714,0.0,0.0
2001-08-07 00:00:00+09:00,2429.390380859375,2429.390380859375,2429.390380859375,2429.390380859375,56187,0.0,0.0
2001-08-08 00:00:00+09:00,2720.0869140625,2720.0869140625,2720.0869140625,2720.0869140625,205447,0.0,0.0
2001-08-09 00:00:00+09:00,2671.6376953125,2671.6376953125,2671.6376953125,2671.6376953125,499734,0.0,0.0
2001-08-10 00:00:00+09:00,2740.850830078125,2740.850830078125,2740.850830078125,2740.850830078125,177410,0.0,0.0
2001-08-13 00:00:00+09:00,2761.614990234375,2761.614990234375,2761.614990234375,2761.614990234375,323606,0.0,0.0
2001-08-14 00:00:00+09:00,2754.693603515625,2754.693603515625,2754.693603515625,2754.693603515625,148997,0.0,0.0
2001-08-15 00:00:00+09:00,2754.693603515625,2754.693603515625,2754.693603515625,2754.693603515625,0,0.0,0.0
2001-08-16 00:00:00+09:00,2588.58154296875,2588.58154296875,2588.58154296875,2588.58154296875,104840,0.0,0.0
2001-08-17 00:00:00+09:00,2574.73876953125,2574.73876953125,2574.73876953125,2574.73876953125,47653,0.0,0.0
2001-08-20 00:00:00+09:00,2553.974609375,2553.974609375,2553.974609375,2553.974609375,85326,0.0,0.0
2001-08-21 00:00:00+09:00,2463.9970703125,2463.9970703125,2463.9970703125,2463.9970703125,74382,0.0,0.0
2001-08-22 00:00:00+09:00,2339.413330078125,2339.413330078125,2339.413330078125,2339.413330078125,90364,0.0,0.0
2001-08-23 00:00:00+09:00,2367.0986328125,2367.0986328125,2367.0986328125,2367.0986328125,83224,0.0,0.0
2001-08-24 00:00:00+09:00,2284.04248046875,2284.04248046875,2284.04248046875,2284.04248046875,56761,0.0,0.0
2001-08-27 00:00:00+09:00,2346.333984375,2346.333984375,2346.333984375,2346.333984375,53294,0.0,0.0
2001-08-28 00:00:00+09:00,2304.806396484375,2304.806396484375,2304.806396484375,2304.806396484375,23299,0.0,0.0
2001-08-29 00:00:00+09:00,2214.8291015625,2214.8291015625,2214.8291015625,2214.8291015625,51523,0.0,0.0
2001-08-30 00:00:00+09:00,2277.12109375,2277.12109375,2277.12109375,2277.12109375,68272,0.0,0.0
2001-08-31 00:00:00+09:00,2104.08740234375,2104.08740234375,2104.08740234375,2104.08740234375,33532,0.0,0.0
2001-09-03 00:00:00+09:00,2138.69384765625,2138.69384765625,2138.69384765625,2138.69384765625,17703,0.0,0.0
2001-09-04 00:00:00+09:00,2159.45849609375,2159.45849609375,2159.45849609375,2159.45849609375,30063,0.0,0.0
2001-09-05 00:00:00+09:00,2166.379638671875,2166.379638671875,2166.379638671875,2166.379638671875,25176,0.0,0.0
2001-09-06 00:00:00+09:00,2187.143310546875,2187.143310546875,2187.143310546875,2187.143310546875,42399,0.0,0.0
2001-09-07 00:00:00+09:00,2159.45849609375,2159.45849609375,2159.45849609375,2159.45849609375,27998,0.0,0.0
2001-09-10 00:00:00+09:00,2173.300537109375,2173.300537109375,2173.300537109375,2173.300537109375,63267,0.0,0.0
2001-09-11 00:00:00+09:00,2117.9306640625,2117.9306640625,2117.9306640625,2117.9306640625,41356,0.0,0.0
2001-09-12 00:00:00+09:00,1868.761962890625,1868.761962890625,1868.761962890625,1868.761962890625,107054,0.0,0.0
2001-09-13 00:00:00+09:00,2007.1884765624998,2007.1884765624998,2007.1884765624998,2007.1884765625,80996,0.0,0.0
2001-09-14 00:00:00+09:00,1771.8631591796875,1771.8631591796875,1771.8631591796875,1771.8631591796875,59143,0.0,0.0
2001-09-17 00:00:00+09:00,1564.22314453125,1564.22314453125,1564.22314453125,1564.22314453125,62507,0.0,0.0
2001-09-18 00:00:00+09:00,1647.2791748046875,1647.2791748046875,1647.2791748046875,1647.2791748046875,43865,0.0,0.0
2001-09-19 00:00:00+09:00,1633.4361572265625,1633.4361572265625,1633.4361572265625,1633.4361572265625,43352,0.0,0.0
2001-09-20 00:00:00+09:00,1564.22314453125,1564.22314453125,1564.22314453125,1564.22314453125,18702,0.0,0.0
2001-09-21 00:00:00+09:00,1411.9537353515625,1411.9537353515625,1411.9537353515625,1411.9537353515625,62496,0.0,0.0
2001-09-24 00:00:00+09:00,1467.32421875,1467.32421875,1467.32421875,1467.32421875,153304,0.0,0.0
2001-09-25 00:00:00+09:00,1425.796142578125,1425.796142578125,1425.796142578125,1425.796142578125,89342,0.0,0.0
2001-09-26 00:00:00+09:00,1391.189453125,1391.189453125,1391.189453125,1391.189453125,65124,0.0,0.0
2001-09-27 00:00:00+09:00,1411.9537353515625,1411.9537353515625,1411.9537353515625,1411.9537353515625,28066,0.0,0.0
2001-09-28 00:00:00+09:00,1481.1668701171875,1481.1668701171875,1481.1668701171875,1481.1668701171875,92054,0.0,0.0
2001-10-01 00:00:00+09:00,1481.1668701171875,1481.1668701171875,1481.1668701171875,1481.1668701171875,0,0.0,0.0
2001-10-02 00:00:00+09:00,1481.1668701171875,1481.1668701171875,1481.1668701171875,1481.1668701171875,0,0.0,0.0
2001-10-03 00:00:00+09:00,1481.1668701171875,1481.1668701171875,1481.1668701171875,1481.1668701171875,0,0.0,0.0
2001-10-04 00:00:00+09:00,1654.2001953125,1654.2001953125,1654.2001953125,1654.2001953125,116291,0.0,0.0
2001-10-05 00:00:00+09:00,1640.357666015625,1640.357666015625,1640.357666015625,1640.357666015625,50098,0.0,0.0
2001-10-08 00:00:00+09:00,1640.357666015625,1640.357666015625,1640.357666015625,1640.357666015625,0,0.0,0.0
2001-10-09 00:00:00+09:00,1633.4361572265625,1633.4361572265625,1633.4361572265625,1633.4361572265625,152987,0.0,0.0
2001-10-10 00:00:00+09:00,1716.49267578125,1716.49267578125,1716.49267578125,1716.49267578125,133951,0.0,0.0
2001-10-11 00:00:00+09:00,1771.8631591796875,1771.8631591796875,1771.8631591796875,1771.8631591796875,95625,0.0,0.0
2001-10-12 00:00:00+09:00,1695.728271484375,1695.728271484375,1695.728271484375,1695.728271484375,64152,0.0,0.0
2001-10-15 00:00:00+09:00,1716.49267578125,1716.49267578125,1716.49267578125,1716.49267578125,64271,0.0,0.0
2001-10-16 00:00:00+09:00,1806.4697265625,1806.4697265625,1806.4697265625,1806.4697265625,119359,0.0,0.0
2001-10-17 00:00:00+09:00,1792.6270751953125,1792.6270751953125,1792.6270751953125,1792.6270751953125,55840,0.0,0.0
2001-10-18 00:00:00+09:00,1730.334716796875,1730.334716796875,1730.334716796875,1730.334716796875,56337,0.0,0.0
2001-10-19 00:00:00+09:00,1764.94189453125,1764.94189453125,1764.94189453125,1764.94189453125,33150,0.0,0.0
2001-10-22 00:00:00+09:00,1972.5819091796875,1972.5819091796875,1972.5819091796875,1972.5819091796875,158959,0.0,0.0
2001-10-23 00:00:00+09:00,1917.2113037109375,1917.2113037109375,1917.2113037109375,1917.2113037109375,179526,0.0,0.0
2001-10-24 00:00:00+09:00,1813.3912353515623,1813.3912353515623,1813.3912353515623,1813.3912353515625,109084,0.0,0.0
2001-10-25 00:00:00+09:00,1785.7056884765625,1785.7056884765625,1785.7056884765625,1785.7056884765625,64326,0.0,0.0
2001-10-26 00:00:00+09:00,1744.1781005859373,1744.1781005859373,1744.1781005859373,1744.1781005859375,81737,0.0,0.0
2001-10-29 00:00:00+09:00,1771.8631591796875,1771.8631591796875,1771.8631591796875,1771.8631591796875,41941,0.0,0.0
2001-10-30 00:00:00+09:00,1688.8068847656248,1688.8068847656248,1688.8068847656248,1688.806884765625,55966,0.0,0.0
2001-10-31 00:00:00+09:00,1737.25634765625,1737.25634765625,1737.25634765625,1737.25634765625,24778,0.0,0.0
2001-11-01 00:00:00+09:00,1847.997802734375,1847.997802734375,1847.997802734375,1847.997802734375,71369,0.0,0.0
2001-11-02 00:00:00+09:00,1813.3912353515623,1813.3912353515623,1813.3912353515623,1813.3912353515625,44162,0.0,0.0
2001-11-05 00:00:00+09:00,1834.1552734375,1834.1552734375,1834.1552734375,1834.1552734375,49568,0.0,0.0
2001-11-06 00:00:00+09:00,1841.0767822265623,1841.0767822265623,1841.0767822265623,1841.0767822265625,63238,0.0,0.0
2001-11-07 00:00:00+09:00,1931.053955078125,1931.053955078125,1931.053955078125,1931.053955078125,162715,0.0,0.0
2001-11-08 00:00:00+09:00,1896.4476318359375,1896.4476318359375,1896.4476318359375,1896.4476318359375,51975,0.0,0.0
2001-11-09 00:00:00+09:00,1924.1326904296877,1924.1326904296877,1924.1326904296877,1924.1326904296875,89024,0.0,0.0
2001-11-12 00:00:00+09:00,1896.4476318359375,1896.4476318359375,1896.4476318359375,1896.4476318359375,65718,0.0,0.0
2001-11-13 00:00:00+09:00,1854.91943359375,1854.91943359375,1854.91943359375,1854.91943359375,75265,0.0,0.0
2001-11-14 00:00:00+09:00,1889.5256347656248,1889.5256347656248,1889.5256347656248,1889.525634765625,65026,0.0,0.0
2001-11-15 00:00:00+09:00,1979.5032958984373,1979.5032958984373,1979.5032958984373,1979.5032958984375,184126,0.0,0.0
2001-11-16 00:00:00+09:00,2214.8291015625,2214.8291015625,2214.8291015625,2214.8291015625,538855,0.0,0.0
2001-11-19 00:00:00+09:00,2477.83984375,2477.83984375,2477.83984375,2477.83984375,946072,0.0,0.0
2001-11-20 00:00:00+09:00,2256.35693359375,2256.35693359375,2256.35693359375,2256.35693359375,497674,0.0,0.0
2001-11-21 00:00:00+09:00,2526.28857421875,2526.28857421875,2526.28857421875,2526.28857421875,194313,0.0,0.0
2001-11-22 00:00:00+09:00,2519.36767578125,2519.36767578125,2519.36767578125,2519.36767578125,1141024,0.0,0.0
2001-11-23 00:00:00+09:00,2595.503173828125,2595.503173828125,2595.503173828125,2595.503173828125,759150,0.0,0.0
2001-11-26 00:00:00+09:00,2422.46923828125,2422.46923828125,2422.46923828125,2422.46923828125,320436,0.0,0.0
2001-11-27 00:00:00+09:00,2318.649169921875,2318.649169921875,2318.649169921875,2318.649169921875,170490,0.0,0.0
2001-11-28 00:00:00+09:00,2111.008544921875,2111.008544921875,2111.008544921875,2111.008544921875,263772,0.0,0.0
2001-11-29 00:00:00+09:00,2083.323486328125,2083.323486328125,2083.323486328125,2083.323486328125,110215,0.0,0.0
2001-11-30 00:00:00+09:00,2173.300537109375,2173.300537109375,2173.300537109375,2173.300537109375,92777,0.0,0.0
2001-12-03 00:00:00+09:00,2076.40234375,2076.40234375,2076.40234375,2076.40234375,83836,0.0,0.0
2001-12-04 00:00:00+09:00,2027.9530029296875,2027.9530029296875,2027.9530029296875,2027.9530029296875,73154,0.0,0.0
2001-12-05 00:00:00+09:00,1958.7396240234373,1958.7396240234373,1958.7396240234373,1958.7396240234375,153053,0.0,0.0
2001-12-06 00:00:00+09:00,1993.345947265625,1993.345947265625,1993.345947265625,1993.345947265625,104053,0.0,0.0
2001-12-07 00:00:00+09:00,1965.660400390625,1965.660400390625,1965.660400390625,1965.660400390625,54040,0.0,0.0
2001-12-10 00:00:00+09:00,1910.2899169921875,1910.2899169921875,1910.2899169921875,1910.2899169921875,46905,0.0,0.0
2001-12-11 00:00:00+09:00,1986.4245605468752,1986.4245605468752,1986.4245605468752,1986.424560546875,97897,0.0,0.0
2001-12-12 00:00:00+09:00,2041.7955322265625,2041.7955322265625,2041.7955322265625,2041.7955322265625,103459,0.0,0.0
2001-12-13 00:00:00+09:00,1979.5032958984373,1979.5032958984373,1979.5032958984373,1979.5032958984375,58705,0.0,0.0
2001-12-14 00:00:00+09:00,1965.660400390625,1965.660400390625,1965.660400390625,1965.660400390625,54974,0.0,0.0
2001-12-17 00:00:00+09:00,1937.975341796875,1937.975341796875,1937.975341796875,1937.975341796875,44838,0.0,0.0
2001-12-18 00:00:00+09:00,1889.5256347656248,1889.5256347656248,1889.5256347656248,1889.525634765625,33002,0.0,0.0
2001-12-19 00:00:00+09:00,1723.4139404296875,1723.4139404296875,1723.4139404296875,1723.4139404296875,77186,0.0,0.0
2001-12-20 00:00:00+09:00,1778.7846679687498,1778.7846679687498,1778.7846679687498,1778.78466796875,25677,0.0,0.0
2001-12-21 00:00:00+09:00,1695.728271484375,1695.728271484375,1695.728271484375,1695.728271484375,56962,0.0,0.0
2001-12-24 00:00:00+09:00,1681.8856201171875,1681.8856201171875,1681.8856201171875,1681.8856201171875,22002,0.0,0.0
2001-12-25 00:00:00+09:00,1681.8856201171875,1681.8856201171875,1681.8856201171875,1681.8856201171875,0,0.0,0.0
2001-12-26 00:00:00+09:00,1681.8856201171875,1681.8856201171875,1681.8856201171875,1681.8856201171875,35125,0.0,0.0
2001-12-27 00:00:00+09:00,1731.352783203125,1731.352783203125,1731.352783203125,1731.352783203125,49915,50.0,0.0
2001-12-28 00:00:00+09:00,1851.4876708984375,1851.4876708984375,1851.4876708984375,1851.4876708984375,71371,0.0,0.0
2001-12-31 00:00:00+09:00,1851.4876708984375,1851.4876708984375,1851.4876708984375,1851.4876708984375,0,0.0,0.0
2002-01-01 00:00:00+09:00,1851.4876708984375,1851.4876708984375,1851.4876708984375,1851.4876708984375,0,0.0,0.0
2002-01-02 00:00:00+09:00,1879.7545166015625,1879.7545166015625,1879.7545166015625,1879.7545166015625,51827,0.0,0.0
2002-01-03 00:00:00+09:00,1865.62109375,1865.62109375,1865.62109375,1865.62109375,29361,0.0,0.0
2002-01-04 00:00:00+09:00,1865.62109375,1865.62109375,1865.62109375,1865.62109375,34497,0.0,0.0
2002-01-07 00:00:00+09:00,1816.154052734375,1816.154052734375,1816.154052734375,1816.154052734375,44066,0.0,0.0
2002-01-08 00:00:00+09:00,1752.5533447265625,1752.5533447265625,1752.5533447265625,1752.5533447265625,47598,0.0,0.0
2002-01-09 00:00:00+09:00,1731.352783203125,1731.352783203125,1731.352783203125,1731.352783203125,54617,0.0,0.0
2002-01-10 00:00:00+09:00,1717.219482421875,1717.219482421875,1717.219482421875,1717.219482421875,55579,0.0,0.0
2002-01-11 00:00:00+09:00,1745.4864501953125,1745.4864501953125,1745.4864501953125,1745.4864501953125,56721,0.0,0.0
2002-01-14 00:00:00+09:00,1696.019287109375,1696.019287109375,1696.019287109375,1696.019287109375,49206,0.0,0.0
2002-01-15 00:00:00+09:00,1710.1528320312502,1710.1528320312502,1710.1528320312502,1710.15283203125,33328,0.0,0.0
2002-01-16 00:00:00+09:00,1660.6851806640625,1660.6851806640625,1660.6851806640625,1660.6851806640625,25898,0.0,0.0
2002-01-17 00:00:00+09:00,1639.4853515625,1639.4853515625,1639.4853515625,1639.4853515625,29446,0.0,0.0
2002-01-18 00:00:00+09:00,1604.1514892578125,1604.1514892578125,1604.1514892578125,1604.1514892578125,42620,0.0,0.0
2002-01-21 00:00:00+09:00,1681.8857421875,1681.8857421875,1681.8857421875,1681.8857421875,60353,0.0,0.0
2002-01-22 00:00:00+09:00,1787.88671875,1787.88671875,1787.88671875,1787.88671875,169964,0.0,0.0
2002-01-23 00:00:00+09:00,1674.819091796875,1674.819091796875,1674.819091796875,1674.819091796875,53660,0.0,0.0
2002-01-24 00:00:00+09:00,1646.5521240234375,1646.5521240234375,1646.5521240234375,1646.5521240234375,57663,0.0,0.0
2002-01-25 00:00:00+09:00,1717.219482421875,1717.219482421875,1717.219482421875,1717.219482421875,49360,0.0,0.0
2002-01-28 00:00:00+09:00,1752.5533447265625,1752.5533447265625,1752.5533447265625,1752.5533447265625,51330,0.0,0.0
2002-01-29 00:00:00+09:00,1773.753173828125,1773.753173828125,1773.753173828125,1773.753173828125,53834,0.0,0.0
2002-01-30 00:00:00+09:00,1759.6201171875,1759.6201171875,1759.6201171875,1759.6201171875,32652,0.0,0.0
2002-01-31 00:00:00+09:00,1787.88671875,1787.88671875,1787.88671875,1787.88671875,47445,0.0,0.0
2002-02-01 00:00:00+09:00,1759.6201171875,1759.6201171875,1759.6201171875,1759.6201171875,49553,0.0,0.0
2002-02-04 00:00:00+09:00,1752.5533447265625,1752.5533447265625,1752.5533447265625,1752.5533447265625,51267,0.0,0.0
2002-02-05 00:00:00+09:00,1738.4201660156252,1738.4201660156252,1738.4201660156252,1738.420166015625,37299,0.0,0.0
2002-02-06 00:00:00+09:00,1731.352783203125,1731.352783203125,1731.352783203125,1731.352783203125,32917,0.0,0.0
2002-02-07 00:00:00+09:00,1688.952392578125,1688.952392578125,1688.952392578125,1688.952392578125,48569,0.0,0.0
2002-02-08 00:00:00+09:00,1688.952392578125,1688.952392578125,1688.952392578125,1688.952392578125,18127,0.0,0.0
2002-02-11 00:00:00+09:00,1688.952392578125,1688.952392578125,1688.952392578125,1688.952392578125,0,0.0,0.0
2002-02-12 00:00:00+09:00,1688.952392578125,1688.952392578125,1688.952392578125,1688.952392578125,0,0.0,0.0
2002-02-13 00:00:00+09:00,1688.952392578125,1688.952392578125,1688.952392578125,1688.952392578125,0,0.0,0.0
2002-02-14 00:00:00+09:00,1759.6201171875,1759.6201171875,1759.6201171875,1759.6201171875,44099,0.0,0.0
2002-02-15 00:00:00+09:00,1688.952392578125,1688.952392578125,1688.952392578125,1688.952392578125,37010,0.0,0.0
2002-02-18 00:00:00+09:00,1696.019287109375,1696.019287109375,1696.019287109375,1696.019287109375,21315,0.0,0.0
2002-02-19 00:00:00+09:00,1688.952392578125,1688.952392578125,1688.952392578125,1688.952392578125,37359,0.0,0.0
2002-02-20 00:00:00+09:00,1653.6187744140625,1653.6187744140625,1653.6187744140625,1653.6187744140625,12520,0.0,0.0
2002-02-21 00:00:00+09:00,1674.819091796875,1674.819091796875,1674.819091796875,1674.819091796875,12628,0.0,0.0
2002-02-22 00:00:00+09:00,1639.4853515625,1639.4853515625,1639.4853515625,1639.4853515625,34185,0.0,0.0
2002-02-25 00:00:00+09:00,1660.6851806640625,1660.6851806640625,1660.6851806640625,1660.6851806640625,20057,0.0,0.0
2002-02-26 00:00:00+09:00,1646.5521240234375,1646.5521240234375,1646.5521240234375,1646.5521240234375,15839,0.0,0.0
2002-02-27 00:00:00+09:00,1639.4853515625,1639.4853515625,1639.4853515625,1639.4853515625,16443,0.0,0.0
2002-02-28 00:00:00+09:00,1639.4853515625,1639.4853515625,1639.4853515625,1639.4853515625,22492,0.0,0.0
2002-03-01 00:00:00+09:00,1639.4853515625,1639.4853515625,1639.4853515625,1639.4853515625,0,0.0,0.0
2002-03-04 00:00:00+09:00,1703.0855712890625,1703.0855712890625,1703.0855712890625,1703.0855712890625,39068,0.0,0.0
2002-03-05 00:00:00+09:00,1681.8857421875,1681.8857421875,1681.8857421875,1681.8857421875,32905,0.0,0.0
2002-03-06 00:00:00+09:00,1879.7545166015625,1879.7545166015625,1879.7545166015625,1879.7545166015625,203015,0.0,0.0
2002-03-07 00:00:00+09:00,1858.5543212890625,1858.5543212890625,1858.5543212890625,1858.5543212890625,130951,0.0,0.0
2002-03-08 00:00:00+09:00,1837.3541259765625,1837.3541259765625,1837.3541259765625,1837.3541259765625,112085,0.0,0.0
2002-03-11 00:00:00+09:00,1922.1549072265625,1922.1549072265625,1922.1549072265625,1922.1549072265625,115949,0.0,0.0
2002-03-12 00:00:00+09:00,1879.7545166015625,1879.7545166015625,1879.7545166015625,1879.7545166015625,64774,0.0,0.0
2002-03-13 00:00:00+09:00,1816.154052734375,1816.154052734375,1816.154052734375,1816.154052734375,73538,0.0,0.0
2002-03-14 00:00:00+09:00,1816.154052734375,1816.154052734375,1816.154052734375,1816.154052734375,32201,0.0,0.0
2002-03-15 00:00:00+09:00,1830.287353515625,1830.287353515625,1830.287353515625,1830.287353515625,48941,0.0,0.0
2002-03-18 00:00:00+09:00,1837.3541259765625,1837.3541259765625,1837.3541259765625,1837.3541259765625,59899,0.0,0.0
2002-03-19 00:00:00+09:00,1908.0217285156248,1908.0217285156248,1908.0217285156248,1908.021728515625,66876,0.0,0.0
2002-03-20 00:00:00+09:00,1851.4876708984375,1851.4876708984375,1851.4876708984375,1851.4876708984375,63389,0.0,0.0
2002-03-21 00:00:00+09:00,1780.8204345703125,1780.8204345703125,1780.8204345703125,1780.8204345703125,79012,0.0,0.0
2002-03-22 00:00:00+09:00,1745.4864501953125,1745.4864501953125,1745.4864501953125,1745.4864501953125,218603,0.0,0.0
2002-03-25 00:00:00+09:00,1681.8857421875,1681.8857421875,1681.8857421875,1681.8857421875,75117,0.0,0.0
2002-03-26 00:00:00+09:00,1681.8857421875,1681.8857421875,1681.8857421875,1681.8857421875,66241,0.0,0.0
2002-03-27 00:00:00+09:00,1752.5533447265625,1752.5533447265625,1752.5533447265625,1752.5533447265625,61806,0.0,0.0
2002-03-28 00:00:00+09:00,1752.5533447265625,1752.5533447265625,1752.5533447265625,1752.5533447265625,53060,0.0,0.0
2002-03-29 00:00:00+09:00,1696.019287109375,1696.019287109375,1696.019287109375,1696.019287109375,33270,0.0,0.0
2002-04-01 00:00:00+09:00,1681.8857421875,1681.8857421875,1681.8857421875,1681.8857421875,43312,0.0,0.0
2002-04-02 00:00:00+09:00,1639.4853515625,1639.4853515625,1639.4853515625,1639.4853515625,55455,0.0,0.0
2002-04-03 00:00:00+09:00,1717.219482421875,1717.219482421875,1717.219482421875,1717.219482421875,234577,0.0,0.0
2002-04-04 00:00:00+09:00,1696.019287109375,1696.019287109375,1696.019287109375,1696.019287109375,61570,0.0,0.0
2002-04-05 00:00:00+09:00,1696.019287109375,1696.019287109375,1696.019287109375,1696.019287109375,0,0.0,0.0
2002-04-08 00:00:00+09:00,1759.6201171875,1759.6201171875,1759.6201171875,1759.6201171875,74337,0.0,0.0
2002-04-09 00:00:00+09:00,1717.219482421875,1717.219482421875,1717.219482421875,1717.219482421875,31348,0.0,0.0
2002-04-10 00:00:00+09:00,1667.7520751953123,1667.7520751953123,1667.7520751953123,1667.7520751953125,47292,0.0,0.0
2002-04-11 00:00:00+09:00,1696.019287109375,1696.019287109375,1696.019287109375,1696.019287109375,24718,0.0,0.0
2002-04-12 00:00:00+09:00,1858.5543212890625,1858.5543212890625,1858.5543212890625,1858.5543212890625,234714,0.0,0.0
2002-04-15 00:00:00+09:00,1816.154052734375,1816.154052734375,1816.154052734375,1816.154052734375,693369,0.0,0.0
2002-04-16 00:00:00+09:00,1837.3541259765625,1837.3541259765625,1837.3541259765625,1837.3541259765625,152738,0.0,0.0
2002-04-17 00:00:00+09:00,2056.42333984375,2056.42333984375,2056.42333984375,2056.42333984375,128188,0.0,0.0
2002-04-18 00:00:00+09:00,2296.692626953125,2296.692626953125,2296.692626953125,2296.692626953125,725027,0.0,0.0
2002-04-19 00:00:00+09:00,2261.35888671875,2261.35888671875,2261.35888671875,2261.35888671875,809072,0.0,0.0
2002-04-22 00:00:00+09:00,1992.8223876953123,1992.8223876953123,1992.8223876953123,1992.8223876953125,290169,0.0,0.0
2002-04-23 00:00:00+09:00,1787.88671875,1787.88671875,1787.88671875,1787.88671875,458367,0.0,0.0
2002-04-24 00:00:00+09:00,1696.019287109375,1696.019287109375,1696.019287109375,1696.019287109375,361011,0.0,0.0
2002-04-25 00:00:00+09:00,1731.352783203125,1731.352783203125,1731.352783203125,1731.352783203125,119869,0.0,0.0
2002-04-26 00:00:00+09:00,1696.019287109375,1696.019287109375,1696.019287109375,1696.019287109375,78145,0.0,0.0
2002-04-29 00:00:00+09:00,1639.4853515625,1639.4853515625,1639.4853515625,1639.4853515625,57125,0.0,0.0
2002-04-30 00:00:00+09:00,1696.019287109375,1696.019287109375,1696.019287109375,1696.019287109375,45916,0.0,0.0
2002-05-01 00:00:00+09:00,1696.019287109375,1696.019287109375,1696.019287109375,1696.019287109375,0,0.0,0.0
2002-05-02 00:00:00+09:00,1696.019287109375,1696.019287109375,1696.019287109375,1696.019287109375,31695,0.0,0.0
2002-05-03 00:00:00+09:00,1688.952392578125,1688.952392578125,1688.952392578125,1688.952392578125,53732,0.0,0.0
2002-05-06 00:00:00+09:00,1639.4853515625,1639.4853515625,1639.4853515625,1639.4853515625,16959,0.0,0.0
2002-05-07 00:00:00+09:00,1660.6851806640625,1660.6851806640625,1660.6851806640625,1660.6851806640625,19581,0.0,0.0
2002-05-08 00:00:00+09:00,1667.7520751953123,1667.7520751953123,1667.7520751953123,1667.7520751953125,38277,0.0,0.0
2002-05-09 00:00:00+09:00,1681.8857421875,1681.8857421875,1681.8857421875,1681.8857421875,46455,0.0,0.0
2002-05-10 00:00:00+09:00,1667.7520751953123,1667.7520751953123,1667.7520751953123,1667.7520751953125,47384,0.0,0.0
2002-05-13 00:00:00+09:00,1674.819091796875,1674.819091796875,1674.819091796875,1674.819091796875,25254,0.0,0.0
2002-05-14 00:00:00+09:00,1745.4864501953125,1745.4864501953125,1745.4864501953125,1745.4864501953125,194325,0.0,0.0
2002-05-15 00:00:00+09:00,1710.1528320312502,1710.1528320312502,1710.1528320312502,1710.15283203125,53773,0.0,0.0
2002-05-16 00:00:00+09:00,1752.5533447265625,1752.5533447265625,1752.5533447265625,1752.5533447265625,47455,0.0,0.0
2002-05-17 00:00:00+09:00,1703.0855712890625,1703.0855712890625,1703.0855712890625,1703.0855712890625,59038,0.0,0.0
2002-05-20 00:00:00+09:00,1717.219482421875,1717.219482421875,1717.219482421875,1717.219482421875,52777,0.0,0.0
2002-05-21 00:00:00+09:00,1660.6851806640625,1660.6851806640625,1660.6851806640625,1660.6851806640625,59854,0.0,0.0
2002-05-22 00:00:00+09:00,1667.7520751953123,1667.7520751953123,1667.7520751953123,1667.7520751953125,18214,0.0,0.0
2002-05-23 00:00:00+09:00,1639.4853515625,1639.4853515625,1639.4853515625,1639.4853515625,40082,0.0,0.0
2002-05-24 00:00:00+09:00,1646.5521240234375,1646.5521240234375,1646.5521240234375,1646.5521240234375,19825,0.0,0.0
2002-05-27 00:00:00+09:00,1646.5521240234375,1646.5521240234375,1646.5521240234375,1646.5521240234375,18068,0.0,0.0
2002-05-28 00:00:00+09:00,1632.41845703125,1632.41845703125,1632.41845703125,1632.41845703125,16817,0.0,0.0
2002-05-29 00:00:00+09:00,1582.951416015625,1582.951416015625,1582.951416015625,1582.951416015625,19545,0.0,0.0
2002-05-30 00:00:00+09:00,1505.217041015625,1505.217041015625,1505.217041015625,1505.217041015625,67115,0.0,0.0
2002-05-31 00:00:00+09:00,1469.8834228515625,1469.8834228515625,1469.8834228515625,1469.8834228515625,23431,0.0,0.0
2002-06-03 00:00:00+09:00,1455.749755859375,1455.749755859375,1455.749755859375,1455.749755859375,31214,0.0,0.0
2002-06-04 00:00:00+09:00,1498.150390625,1498.150390625,1498.150390625,1498.150390625,8886,0.0,0.0
2002-06-05 00:00:00+09:00,1533.4840087890625,1533.4840087890625,1533.4840087890625,1533.4840087890625,13211,0.0,0.0
2002-06-06 00:00:00+09:00,1533.4840087890625,1533.4840087890625,1533.4840087890625,1533.4840087890625,0,0.0,0.0
2002-06-07 00:00:00+09:00,1448.68310546875,1448.68310546875,1448.68310546875,1448.68310546875,9358,0.0,0.0
2002-06-10 00:00:00+09:00,1469.8834228515625,1469.8834228515625,1469.8834228515625,1469.8834228515625,46199,0.0,0.0
2002-06-11 00:00:00+09:00,1491.08349609375,1491.08349609375,1491.08349609375,1491.08349609375,12078,0.0,0.0
2002-06-12 00:00:00+09:00,1484.0166015625,1484.0166015625,1484.0166015625,1484.0166015625,24442,0.0,0.0
2002-06-13 00:00:00+09:00,1484.0166015625,1484.0166015625,1484.0166015625,1484.0166015625,0,0.0,0.0
2002-06-14 00:00:00+09:00,1484.0166015625,1484.0166015625,1484.0166015625,1484.0166015625,14595,0.0,0.0
2002-06-17 00:00:00+09:00,1476.9503173828125,1476.9503173828125,1476.9503173828125,1476.9503173828125,18660,0.0,0.0
2002-06-18 00:00:00+09:00,1484.0166015625,1484.0166015625,1484.0166015625,1484.0166015625,4706,0.0,0.0
2002-06-19 00:00:00+09:00,1448.68310546875,1448.68310546875,1448.68310546875,1448.68310546875,14082,0.0,0.0
2002-06-20 00:00:00+09:00,1484.0166015625,1484.0166015625,1484.0166015625,1484.0166015625,9623,0.0,0.0
2002-06-21 00:00:00+09:00,1448.68310546875,1448.68310546875,1448.68310546875,1448.68310546875,7981,0.0,0.0
2002-06-24 00:00:00+09:00,1406.2825927734375,1406.2825927734375,1406.2825927734375,1406.2825927734375,10776,0.0,0.0
2002-06-25 00:00:00+09:00,1363.882080078125,1363.882080078125,1363.882080078125,1363.882080078125,15233,0.0,0.0
2002-06-26 00:00:00+09:00,1243.74755859375,1243.74755859375,1243.74755859375,1243.74755859375,20156,0.0,0.0
2002-06-27 00:00:00+09:00,1307.3482666015625,1307.3482666015625,1307.3482666015625,1307.3482666015625,8137,0.0,0.0
2002-06-28 00:00:00+09:00,1392.1490478515625,1392.1490478515625,1392.1490478515625,1392.1490478515625,10063,0.0,0.0
2002-07-01 00:00:00+09:00,1392.1490478515625,1392.1490478515625,1392.1490478515625,1392.1490478515625,0,0.0,0.0
2002-07-02 00:00:00+09:00,1356.8155517578125,1356.8155517578125,1356.8155517578125,1356.8155517578125,18500,0.0,0.0
2002-07-03 00:00:00+09:00,1427.4827880859375,1427.4827880859375,1427.4827880859375,1427.4827880859375,10621,0.0,0.0
2002-07-04 00:00:00+09:00,1484.0166015625,1484.0166015625,1484.0166015625,1484.0166015625,11026,0.0,0.0
2002-07-05 00:00:00+09:00,1484.0166015625,1484.0166015625,1484.0166015625,1484.0166015625,7180,0.0,0.0
2002-07-08 00:00:00+09:00,1505.217041015625,1505.217041015625,1505.217041015625,1505.217041015625,11604,0.0,0.0
2002-07-09 00:00:00+09:00,1505.217041015625,1505.217041015625,1505.217041015625,1505.217041015625,11290,0.0,0.0
2002-07-10 00:00:00+09:00,1505.217041015625,1505.217041015625,1505.217041015625,1505.217041015625,13959,0.0,0.0
2002-07-11 00:00:00+09:00,1498.150390625,1498.150390625,1498.150390625,1498.150390625,11567,0.0,0.0
2002-07-12 00:00:00+09:00,1505.217041015625,1505.217041015625,1505.217041015625,1505.217041015625,4910,0.0,0.0
2002-07-15 00:00:00+09:00,1681.8857421875,1681.8857421875,1681.8857421875,1681.8857421875,127525,0.0,0.0
2002-07-16 00:00:00+09:00,1766.6864013671877,1766.6864013671877,1766.6864013671877,1766.6864013671875,227007,0.0,0.0
2002-07-17 00:00:00+09:00,1766.6864013671877,1766.6864013671877,1766.6864013671877,1766.6864013671875,0,0.0,0.0
2002-07-18 00:00:00+09:00,1696.019287109375,1696.019287109375,1696.019287109375,1696.019287109375,41115,0.0,0.0
2002-07-19 00:00:00+09:00,1533.4840087890625,1533.4840087890625,1533.4840087890625,1533.4840087890625,54438,0.0,0.0
2002-07-22 00:00:00+09:00,1356.8155517578125,1356.8155517578125,1356.8155517578125,1356.8155517578125,37386,0.0,0.0
2002-07-23 00:00:00+09:00,1385.0823974609375,1385.0823974609375,1385.0823974609375,1385.0823974609375,14757,0.0,0.0
2002-07-24 00:00:00+09:00,1420.416015625,1420.416015625,1420.416015625,1420.416015625,23858,0.0,0.0
2002-07-25 00:00:00+09:00,1519.3505859375,1519.3505859375,1519.3505859375,1519.3505859375,37079,0.0,0.0
2002-07-26 00:00:00+09:00,1540.55078125,1540.55078125,1540.55078125,1540.55078125,30629,0.0,0.0
2002-07-29 00:00:00+09:00,1526.4173583984375,1526.4173583984375,1526.4173583984375,1526.4173583984375,78041,0.0,0.0
2002-07-30 00:00:00+09:00,1526.4173583984375,1526.4173583984375,1526.4173583984375,1526.4173583984375,18205,0.0,0.0
2002-07-31 00:00:00+09:00,1547.617431640625,1547.617431640625,1547.617431640625,1547.617431640625,9501,0.0,0.0
2002-08-01 00:00:00+09:00,1554.6842041015625,1554.6842041015625,1554.6842041015625,1554.6842041015625,7445,0.0,0.0
2002-08-02 00:00:00+09:00,1568.81787109375,1568.81787109375,1568.81787109375,1568.81787109375,7572,0.0,0.0
2002-08-05 00:00:00+09:00,1611.2183837890625,1611.2183837890625,1611.2183837890625,1611.2183837890625,9104,0.0,0.0
2002-08-06 00:00:00+09:00,1625.3518066406248,1625.3518066406248,1625.3518066406248,1625.351806640625,14745,0.0,0.0
2002-08-07 00:00:00+09:00,1646.5521240234375,1646.5521240234375,1646.5521240234375,1646.5521240234375,30806,0.0,0.0
2002-08-08 00:00:00+09:00,1618.2847900390625,1618.2847900390625,1618.2847900390625,1618.2847900390625,7662,0.0,0.0
2002-08-09 00:00:00+09:00,1632.41845703125,1632.41845703125,1632.41845703125,1632.41845703125,12582,0.0,0.0
2002-08-12 00:00:00+09:00,1653.6187744140625,1653.6187744140625,1653.6187744140625,1653.6187744140625,9703,0.0,0.0
2002-08-13 00:00:00+09:00,1688.952392578125,1688.952392578125,1688.952392578125,1688.952392578125,96276,0.0,0.0
2002-08-14 00:00:00+09:00,1674.819091796875,1674.819091796875,1674.819091796875,1674.819091796875,14751,0.0,0.0
2002-08-15 00:00:00+09:00,1674.819091796875,1674.819091796875,1674.819091796875,1674.819091796875,0,0.0,0.0
2002-08-16 00:00:00+09:00,1639.4853515625,1639.4853515625,1639.4853515625,1639.4853515625,3882,0.0,0.0
2002-08-19 00:00:00+09:00,1674.819091796875,1674.819091796875,1674.819091796875,1674.819091796875,19113,0.0,0.0
2002-08-20 00:00:00+09:00,1696.019287109375,1696.019287109375,1696.019287109375,1696.019287109375,17861,0.0,0.0
2002-08-21 00:00:00+09:00,1717.219482421875,1717.219482421875,1717.219482421875,1717.219482421875,27619,0.0,0.0
2002-08-22 00:00:00+09:00,1717.219482421875,1717.219482421875,1717.219482421875,1717.219482421875,20583,0.0,0.0
2002-08-23 00:00:00+09:00,1731.352783203125,1731.352783203125,1731.352783203125,1731.352783203125,31206,0.0,0.0
2002-08-26 00:00:00+09:00,1787.88671875,1787.88671875,1787.88671875,1787.88671875,12059,0.0,0.0
2002-08-27 00:00:00+09:00,1738.4201660156252,1738.4201660156252,1738.4201660156252,1738.420166015625,23954,0.0,0.0
2002-08-28 00:00:00+09:00,1717.219482421875,1717.219482421875,1717.219482421875,1717.219482421875,17642,0.0,0.0
2002-08-29 00:00:00+09:00,1731.352783203125,1731.352783203125,1731.352783203125,1731.352783203125,5101,0.0,0.0
2002-08-30 00:00:00+09:00,1908.0217285156248,1908.0217285156248,1908.0217285156248,1908.021728515625,98371,0.0,0.0
2002-09-02 00:00:00+09:00,1964.5556640625002,1964.5556640625002,1964.5556640625002,1964.5556640625,34784,0.0,0.0
2002-09-03 00:00:00+09:00,1936.2886962890625,1936.2886962890625,1936.2886962890625,1936.2886962890625,52092,0.0,0.0
2002-09-04 00:00:00+09:00,1837.3541259765625,1837.3541259765625,1837.3541259765625,1837.3541259765625,33992,0.0,0.0
2002-09-05 00:00:00+09:00,1738.4201660156252,1738.4201660156252,1738.4201660156252,1738.420166015625,45185,0.0,0.0
2002-09-06 00:00:00+09:00,1752.5533447265625,1752.5533447265625,1752.5533447265625,1752.5533447265625,11716,0.0,0.0
2002-09-09 00:00:00+09:00,1597.0848388671875,1597.0848388671875,1597.0848388671875,1597.0848388671875,22061,0.0,0.0
2002-09-10 00:00:00+09:00,1646.5521240234375,1646.5521240234375,1646.5521240234375,1646.5521240234375,24458,0.0,0.0
2002-09-11 00:00:00+09:00,1703.0855712890625,1703.0855712890625,1703.0855712890625,1703.0855712890625,18059,0.0,0.0
2002-09-12 00:00:00+09:00,1724.2861328124998,1724.2861328124998,1724.2861328124998,1724.2861328125,8708,0.0,0.0
2002-09-13 00:00:00+09:00,1731.352783203125,1731.352783203125,1731.352783203125,1731.352783203125,5284,0.0,0.0
2002-09-16 00:00:00+09:00,1752.5533447265625,1752.5533447265625,1752.5533447265625,1752.5533447265625,2982,0.0,0.0
2002-09-17 00:00:00+09:00,1766.6864013671877,1766.6864013671877,1766.6864013671877,1766.6864013671875,13851,0.0,0.0
2002-09-18 00:00:00+09:00,1745.4864501953125,1745.4864501953125,1745.4864501953125,1745.4864501953125,7544,0.0,0.0
2002-09-19 00:00:00+09:00,1766.6864013671877,1766.6864013671877,1766.6864013671877,1766.6864013671875,10449,0.0,0.0
2002-09-20 00:00:00+09:00,1766.6864013671877,1766.6864013671877,1766.6864013671877,1766.6864013671875,0,0.0,0.0
2002-09-23 00:00:00+09:00,1766.6864013671877,1766.6864013671877,1766.6864013671877,1766.6864013671875,12615,0.0,0.0
2002-09-24 00:00:00+09:00,1710.1528320312502,1710.1528320312502,1710.1528320312502,1710.15283203125,16415,0.0,0.0
2002-09-25 00:00:00+09:00,1731.352783203125,1731.352783203125,1731.352783203125,1731.352783203125,13364,0.0,0.0
2002-09-26 00:00:00+09:00,1710.1528320312502,1710.1528320312502,1710.1528320312502,1710.15283203125,23230,0.0,0.0
2002-09-27 00:00:00+09:00,1731.352783203125,1731.352783203125,1731.352783203125,1731.352783203125,15662,0.0,0.0
2002-09-30 00:00:00+09:00,1696.019287109375,1696.019287109375,1696.019287109375,1696.019287109375,18378,0.0,0.0
2002-10-01 00:00:00+09:00,1745.4864501953125,1745.4864501953125,1745.4864501953125,1745.4864501953125,67195,0.0,0.0
2002-10-02 00:00:00+09:00,1703.0855712890625,1703.0855712890625,1703.0855712890625,1703.0855712890625,176166,0.0,0.0
2002-10-03 00:00:00+09:00,1703.0855712890625,1703.0855712890625,1703.0855712890625,1703.0855712890625,0,0.0,0.0
2002-10-04 00:00:00+09:00,1681.8857421875,1681.8857421875,1681.8857421875,1681.8857421875,20311,0.0,0.0
2002-10-07 00:00:00+09:00,1625.3518066406248,1625.3518066406248,1625.3518066406248,1625.351806640625,29515,0.0,0.0
2002-10-08 00:00:00+09:00,1653.6187744140625,1653.6187744140625,1653.6187744140625,1653.6187744140625,13514,0.0,0.0
2002-10-09 00:00:00+09:00,1575.8846435546875,1575.8846435546875,1575.8846435546875,1575.8846435546875,19263,0.0,0.0
2002-10-10 00:00:00+09:00,1625.3518066406248,1625.3518066406248,1625.3518066406248,1625.351806640625,31583,0.0,0.0
2002-10-11 00:00:00+09:00,1660.6851806640625,1660.6851806640625,1660.6851806640625,1660.6851806640625,36771,0.0,0.0
2002-10-14 00:00:00+09:00,1696.019287109375,1696.019287109375,1696.019287109375,1696.019287109375,7458,0.0,0.0
2002-10-15 00:00:00+09:00,1696.019287109375,1696.019287109375,1696.019287109375,1696.019287109375,8267,0.0,0.0
2002-10-16 00:00:00+09:00,1681.8857421875,1681.8857421875,1681.8857421875,1681.8857421875,17057,0.0,0.0
2002-10-17 00:00:00+09:00,1632.41845703125,1632.41845703125,1632.41845703125,1632.41845703125,11947,0.0,0.0
2002-10-18 00:00:00+09:00,1611.2183837890625,1611.2183837890625,1611.2183837890625,1611.2183837890625,94334,0.0,0.0
2002-10-21 00:00:00+09:00,1625.3518066406248,1625.3518066406248,1625.3518066406248,1625.351806640625,14281,0.0,0.0
2002-10-22 00:00:00+09:00,1568.81787109375,1568.81787109375,1568.81787109375,1568.81787109375,22342,0.0,0.0
2002-10-23 00:00:00+09:00,1597.0848388671875,1597.0848388671875,1597.0848388671875,1597.0848388671875,10169,0.0,0.0
2002-10-24 00:00:00+09:00,1597.0848388671875,1597.0848388671875,1597.0848388671875,1597.0848388671875,16052,0.0,0.0
2002-10-25 00:00:00+09:00,1582.951416015625,1582.951416015625,1582.951416015625,1582.951416015625,4907,0.0,0.0
2002-10-28 00:00:00+09:00,1547.617431640625,1547.617431640625,1547.617431640625,1547.617431640625,116029,0.0,0.0
2002-10-29 00:00:00+09:00,1427.4827880859375,1427.4827880859375,1427.4827880859375,1427.4827880859375,81518,0.0,0.0
2002-10-30 00:00:00+09:00,1448.68310546875,1448.68310546875,1448.68310546875,1448.68310546875,31920,0.0,0.0
2002-10-31 00:00:00+09:00,1434.5494384765625,1434.5494384765625,1434.5494384765625,1434.5494384765625,20319,0.0,0.0
2002-11-01 00:00:00+09:00,1441.616455078125,1441.616455078125,1441.616455078125,1441.616455078125,6558,0.0,0.0
2002-11-04 00:00:00+09:00,1441.616455078125,1441.616455078125,1441.616455078125,1441.616455078125,117275,0.0,0.0
2002-11-05 00:00:00+09:00,1448.68310546875,1448.68310546875,1448.68310546875,1448.68310546875,23807,0.0,0.0
2002-11-06 00:00:00+09:00,1420.416015625,1420.416015625,1420.416015625,1420.416015625,21620,0.0,0.0
2002-11-07 00:00:00+09:00,1448.68310546875,1448.68310546875,1448.68310546875,1448.68310546875,121062,0.0,0.0
2002-11-08 00:00:00+09:00,1455.749755859375,1455.749755859375,1455.749755859375,1455.749755859375,20306,0.0,0.0
2002-11-11 00:00:00+09:00,1413.349365234375,1413.349365234375,1413.349365234375,1413.349365234375,22096,0.0,0.0
2002-11-12 00:00:00+09:00,1392.1490478515625,1392.1490478515625,1392.1490478515625,1392.1490478515625,21193,0.0,0.0
2002-11-13 00:00:00+09:00,1342.6820068359375,1342.6820068359375,1342.6820068359375,1342.6820068359375,25784,0.0,0.0
2002-11-14 00:00:00+09:00,1356.8155517578125,1356.8155517578125,1356.8155517578125,1356.8155517578125,10616,0.0,0.0
2002-11-15 00:00:00+09:00,1342.6820068359375,1342.6820068359375,1342.6820068359375,1342.6820068359375,8518,0.0,0.0
2002-11-18 00:00:00+09:00,1363.882080078125,1363.882080078125,1363.882080078125,1363.882080078125,22009,0.0,0.0
2002-11-19 00:00:00+09:00,1349.74853515625,1349.74853515625,1349.74853515625,1349.74853515625,29943,0.0,0.0
2002-11-20 00:00:00+09:00,1378.015625,1378.015625,1378.015625,1378.015625,12935,0.0,0.0
2002-11-21 00:00:00+09:00,1356.8155517578125,1356.8155517578125,1356.8155517578125,1356.8155517578125,11446,0.0,0.0
2002-11-22 00:00:00+09:00,1356.8155517578125,1356.8155517578125,1356.8155517578125,1356.8155517578125,25699,0.0,0.0
2002-11-25 00:00:00+09:00,1370.94873046875,1370.94873046875,1370.94873046875,1370.94873046875,94730,0.0,0.0
2002-11-26 00:00:00+09:00,1378.015625,1378.015625,1378.015625,1378.015625,12542,0.0,0.0
2002-11-27 00:00:00+09:00,1356.8155517578125,1356.8155517578125,1356.8155517578125,1356.8155517578125,10900,0.0,0.0
2002-11-28 00:00:00+09:00,1399.2156982421875,1399.2156982421875,1399.2156982421875,1399.2156982421875,37723,0.0,0.0
2002-11-29 00:00:00+09:00,1434.5494384765625,1434.5494384765625,1434.5494384765625,1434.5494384765625,23347,0.0,0.0
2002-12-02 00:00:00+09:00,1441.616455078125,1441.616455078125,1441.616455078125,1441.616455078125,10918,0.0,0.0
2002-12-03 00:00:00+09:00,1441.616455078125,1441.616455078125,1441.616455078125,1441.616455078125,14851,0.0,0.0
2002-12-04 00:00:00+09:00,1406.2825927734375,1406.2825927734375,1406.2825927734375,1406.2825927734375,27305,0.0,0.0
2002-12-05 00:00:00+09:00,1427.4827880859375,1427.4827880859375,1427.4827880859375,1427.4827880859375,5978,0.0,0.0
2002-12-06 00:00:00+09:00,1420.416015625,1420.416015625,1420.416015625,1420.416015625,11247,0.0,0.0
2002-12-09 00:00:00+09:00,1413.349365234375,1413.349365234375,1413.349365234375,1413.349365234375,39726,0.0,0.0
2002-12-10 00:00:00+09:00,1406.2825927734375,1406.2825927734375,1406.2825927734375,1406.2825927734375,18460,0.0,0.0
2002-12-11 00:00:00+09:00,1399.2156982421875,1399.2156982421875,1399.2156982421875,1399.2156982421875,20187,0.0,0.0
2002-12-12 00:00:00+09:00,1455.749755859375,1455.749755859375,1455.749755859375,1455.749755859375,138595,0.0,0.0
2002-12-13 00:00:00+09:00,1434.5494384765625,1434.5494384765625,1434.5494384765625,1434.5494384765625,40709,0.0,0.0
2002-12-16 00:00:00+09:00,1385.0823974609375,1385.0823974609375,1385.0823974609375,1385.0823974609375,16571,0.0,0.0
2002-12-17 00:00:00+09:00,1406.2825927734375,1406.2825927734375,1406.2825927734375,1406.2825927734375,17417,0.0,0.0
2002-12-18 00:00:00+09:00,1399.2156982421875,1399.2156982421875,1399.2156982421875,1399.2156982421875,16894,0.0,0.0
2002-12-19 00:00:00+09:00,1399.2156982421875,1399.2156982421875,1399.2156982421875,1399.2156982421875,0,0.0,0.0
2002-12-20 00:00:00+09:00,1385.0823974609375,1385.0823974609375,1385.0823974609375,1385.0823974609375,9660,0.0,0.0
2002-12-23 00:00:00+09:00,1349.74853515625,1349.74853515625,1349.74853515625,1349.74853515625,13453,0.0,0.0
2002-12-24 00:00:00+09:00,1349.74853515625,1349.74853515625,1349.74853515625,1349.74853515625,8790,0.0,0.0
2002-12-25 00:00:00+09:00,1349.74853515625,1349.74853515625,1349.74853515625,1349.74853515625,0,0.0,0.0
2002-12-26 00:00:00+09:00,1342.6820068359375,1342.6820068359375,1342.6820068359375,1342.6820068359375,11005,0.0,0.0
2002-12-27 00:00:00+09:00,1357.600341796875,1357.600341796875,1357.600341796875,1357.600341796875,8180,100.0,0.0
2002-12-30 00:00:00+09:00,1357.600341796875,1357.600341796875,1357.600341796875,1357.600341796875,5400,0.0,0.0
2002-12-31 00:00:00+09:00,1357.600341796875,1357.600341796875,1357.600341796875,1357.600341796875,0,0.0,0.0
2003-01-01 00:00:00+09:00,1357.600341796875,1357.600341796875,1357.600341796875,1357.600341796875,0,0.0,0.0
2003-01-02 00:00:00+09:00,1305.38525390625,1305.38525390625,1305.38525390625,1305.38525390625,2052,0.0,0.0
2003-01-03 00:00:00+09:00,1335.2225341796875,1335.2225341796875,1335.2225341796875,1335.2225341796875,21808,0.0,0.0
2003-01-06 00:00:00+09:00,1365.0599365234375,1365.0599365234375,1365.0599365234375,1365.0599365234375,14934,0.0,0.0
2003-01-07 00:00:00+09:00,1342.681884765625,1342.681884765625,1342.681884765625,1342.681884765625,43671,0.0,0.0
2003-01-08 00:00:00+09:00,1335.2225341796875,1335.2225341796875,1335.2225341796875,1335.2225341796875,8923,0.0,0.0
2003-01-09 00:00:00+09:00,1312.844482421875,1312.844482421875,1312.844482421875,1312.844482421875,14739,0.0,0.0
2003-01-10 00:00:00+09:00,1245.7105712890625,1245.7105712890625,1245.7105712890625,1245.7105712890625,11652,0.0,0.0
2003-01-13 00:00:00+09:00,1297.92578125,1297.92578125,1297.92578125,1297.92578125,13166,0.0,0.0
2003-01-14 00:00:00+09:00,1290.46630859375,1290.46630859375,1290.46630859375,1290.46630859375,2890,0.0,0.0
2003-01-15 00:00:00+09:00,1268.08837890625,1268.08837890625,1268.08837890625,1268.08837890625,15311,0.0,0.0
2003-01-16 00:00:00+09:00,1268.08837890625,1268.08837890625,1268.08837890625,1268.08837890625,703,0.0,0.0
2003-01-17 00:00:00+09:00,1260.6292724609375,1260.6292724609375,1260.6292724609375,1260.6292724609375,10360,0.0,0.0
2003-01-20 00:00:00+09:00,1275.5478515625,1275.5478515625,1275.5478515625,1275.5478515625,21265,0.0,0.0
2003-01-21 00:00:00+09:00,1305.38525390625,1305.38525390625,1305.38525390625,1305.38525390625,284334,0.0,0.0
2003-01-22 00:00:00+09:00,1268.08837890625,1268.08837890625,1268.08837890625,1268.08837890625,39272,0.0,0.0
2003-01-23 00:00:00+09:00,1245.7105712890625,1245.7105712890625,1245.7105712890625,1245.7105712890625,18402,0.0,0.0
2003-01-24 00:00:00+09:00,1200.9542236328125,1200.9542236328125,1200.9542236328125,1200.9542236328125,17642,0.0,0.0
2003-01-27 00:00:00+09:00,1111.442138671875,1111.442138671875,1111.442138671875,1111.442138671875,28006,0.0,0.0
2003-01-28 00:00:00+09:00,1141.279541015625,1141.279541015625,1141.279541015625,1141.279541015625,6871,0.0,0.0
2003-01-29 00:00:00+09:00,1103.98291015625,1103.98291015625,1103.98291015625,1103.98291015625,26463,0.0,0.0
2003-01-30 00:00:00+09:00,1148.7388916015625,1148.7388916015625,1148.7388916015625,1148.7388916015625,1878,0.0,0.0
2003-01-31 00:00:00+09:00,1148.7388916015625,1148.7388916015625,1148.7388916015625,1148.7388916015625,0,0.0,0.0
2003-02-03 00:00:00+09:00,1171.1170654296875,1171.1170654296875,1171.1170654296875,1171.1170654296875,9984,0.0,0.0
2003-02-04 00:00:00+09:00,1163.6575927734375,1163.6575927734375,1163.6575927734375,1163.6575927734375,8023,0.0,0.0
2003-02-05 00:00:00+09:00,1156.1983642578125,1156.1983642578125,1156.1983642578125,1156.1983642578125,2707,0.0,0.0
2003-02-06 00:00:00+09:00,1141.279541015625,1141.279541015625,1141.279541015625,1141.279541015625,3104,0.0,0.0
2003-02-07 00:00:00+09:00,1133.8204345703125,1133.8204345703125,1133.8204345703125,1133.8204345703125,4279,0.0,0.0
2003-02-10 00:00:00+09:00,1118.9014892578125,1156.1982055664064,1103.9828027343751,1118.9014892578125,19999,0.0,0.0
2003-02-11 00:00:00+09:00,1133.8204345703125,1163.657814427426,1096.5237097489205,1133.8204345703125,26737,0.0,0.0
2003-02-12 00:00:00+09:00,1118.9014892578125,1118.9014892578125,1096.5234594726562,1118.9014892578125,3261,0.0,0.0
2003-02-13 00:00:00+09:00,1089.064208984375,1133.8202723672946,1081.6048650872217,1089.064208984375,6360,0.0,0.0
2003-02-14 00:00:00+09:00,1096.5235595703125,1156.198311111554,1066.6861837996917,1096.5235595703125,6088,0.0,0.0
2003-02-17 00:00:00+09:00,1126.3609619140625,1171.1170266258796,1096.5235854395178,1126.3609619140625,2269,0.0,0.0
2003-02-18 00:00:00+09:00,1133.8204345703125,1141.279779534591,1118.9017446417558,1133.8204345703125,2974,0.0,0.0
2003-02-19 00:00:00+09:00,1126.3609619140625,1186.035714863152,1126.3609619140625,1126.3609619140625,22635,0.0,0.0
2003-02-20 00:00:00+09:00,1148.7388916015625,1156.1982350535206,1133.8202046976462,1148.7388916015625,2771,0.0,0.0
2003-02-21 00:00:00+09:00,1141.279541015625,1156.1982278262867,1111.4421673943016,1141.279541015625,1491,0.0,0.0
2003-02-24 00:00:00+09:00,1141.279541015625,1156.1982278262867,1118.9015107996324,1141.279541015625,4610,0.0,0.0
2003-02-25 00:00:00+09:00,1141.279541015625,1148.7388844209559,1118.9015107996324,1141.279541015625,3307,0.0,0.0
2003-02-26 00:00:00+09:00,1133.8204345703125,1141.279779534591,1103.983054713199,1133.8204345703125,1955,0.0,0.0
2003-02-27 00:00:00+09:00,1096.5235595703125,1156.198311111554,1089.0642156276572,1096.5235595703125,1208,0.0,0.0
2003-02-28 00:00:00+09:00,1111.442138671875,1118.901481884438,1096.5234522467492,1111.442138671875,9177,0.0,0.0
2003-03-03 00:00:00+09:00,1089.064208984375,1103.9828967786814,1081.6048650872217,1089.064208984375,2473,0.0,0.0
2003-03-04 00:00:00+09:00,1089.064208984375,1118.901584572988,1066.6861772929153,1089.064208984375,2436,0.0,0.0
2003-03-05 00:00:00+09:00,1014.4706420898439,1081.6047286987305,1007.0112991333009,1014.4706420898438,5094,0.0,0.0
2003-03-06 00:00:00+09:00,999.5521240234375,1036.8488450690882,999.5521240234375,999.5521240234375,5219,0.0,0.0
2003-03-07 00:00:00+09:00,984.63330078125,1089.0641054095643,954.795928030303,984.63330078125,4726,0.0,0.0
2003-03-10 00:00:00+09:00,962.2553100585938,992.092684013899,947.3366230809411,962.2553100585938,4995,0.0,0.0
2003-03-11 00:00:00+09:00,962.2553100585938,962.2553100585938,857.8245012150254,962.2553100585938,2833,0.0,0.0
2003-03-12 00:00:00+09:00,1014.4706420898439,1029.3893280029297,954.7958984375,1014.4706420898438,144,0.0,0.0
2003-03-13 00:00:00+09:00,1007.011474609375,1007.011474609375,939.8773763020833,1007.011474609375,3437,0.0,0.0
2003-03-14 00:00:00+09:00,1066.68603515625,1118.9014354785838,999.5519490275349,1066.68603515625,7424,0.0,0.0
2003-03-17 00:00:00+09:00,1036.848876953125,1118.9016657767536,984.6334658835431,1036.848876953125,2123,0.0,0.0
2003-03-18 00:00:00+09:00,1074.1453857421875,1103.9827575683594,969.714584350586,1074.1453857421875,6695,0.0,0.0
2003-03-19 00:00:00+09:00,1044.3082275390625,1089.0642944335937,1036.8488830566405,1044.3082275390625,13808,0.0,0.0
2003-03-20 00:00:00+09:00,1081.6048583984375,1103.9828899515085,1044.3081391433188,1081.6048583984375,10715,0.0,0.0
2003-03-21 00:00:00+09:00,1074.1453857421875,1111.4421005249023,1066.6860427856445,1074.1453857421875,7468,0.0,0.0
2003-03-24 00:00:00+09:00,1074.1453857421875,1133.8201293945312,1044.3080139160156,1074.1453857421875,16070,0.0,0.0
2003-03-25 00:00:00+09:00,1059.226806640625,1074.1454940580986,1029.3894318056778,1059.226806640625,3277,0.0,0.0
2003-03-26 00:00:00+09:00,1051.7674560546875,1081.6048306945368,1029.3894250748006,1051.7674560546875,19824,0.0,0.0
2003-03-27 00:00:00+09:00,1044.3082275390625,1081.6049499511719,1029.3895385742187,1044.3082275390625,3214,0.0,0.0
2003-03-28 00:00:00+09:00,1059.226806640625,1081.6048377668353,1021.930088096941,1059.226806640625,6057,0.0,0.0
2003-03-31 00:00:00+09:00,1096.5235595703125,1111.442247455623,1066.6861837996917,1096.5235595703125,1160,0.0,0.0
2003-04-01 00:00:00+09:00,1021.9301147460939,1081.604865972143,1021.9301147460939,1021.9301147460938,3147,0.0,0.0
2003-04-02 00:00:00+09:00,1051.7674560546875,1081.6048306945368,1014.4707377548759,1051.7674560546875,333,0.0,0.0
2003-04-03 00:00:00+09:00,1081.6048583984375,1118.901577653556,1051.7674829943426,1081.6048583984375,3159,0.0,0.0
2003-04-04 00:00:00+09:00,1081.6048583984375,1081.6048583984375,1044.3081391433188,1081.6048583984375,502,0.0,0.0
2003-04-07 00:00:00+09:00,1089.064208984375,1141.2796162644477,1044.3081456014554,1089.064208984375,28559,0.0,0.0
2003-04-08 00:00:00+09:00,1141.279541015625,1156.1982278262867,1089.0641371783088,1141.279541015625,22986,0.0,0.0
2003-04-09 00:00:00+09:00,1103.98291015625,1148.7389740815033,1089.0642221811656,1103.98291015625,19559,0.0,0.0
2003-04-10 00:00:00+09:00,1089.064208984375,1126.3609284701413,1074.1455211900684,1089.064208984375,6252,0.0,0.0
2003-04-11 00:00:00+09:00,1126.3609619140625,1148.738994269971,1096.5235854395178,1126.3609619140625,12708,0.0,0.0
2003-04-14 00:00:00+09:00,1126.3609619140625,1141.2796501513349,1111.4422736767901,1126.3609619140625,7216,0.0,0.0
2003-04-15 00:00:00+09:00,1126.3609619140625,1148.738994269971,1096.5235854395178,1126.3609619140625,7923,0.0,0.0
2003-04-16 00:00:00+09:00,1141.279541015625,1171.1169146369486,1118.9015107996324,1141.279541015625,29141,0.0,0.0
2003-04-17 00:00:00+09:00,1133.8204345703125,1178.5765043559827,1118.9017446417558,1133.8204345703125,36626,0.0,0.0
2003-04-18 00:00:00+09:00,1133.8204345703125,1178.5765043559827,1118.9017446417558,1133.8204345703125,29469,0.0,0.0
2003-04-21 00:00:00+09:00,1163.6575927734375,1171.116936316857,1141.279562143179,1163.6575927734375,12080,0.0,0.0
2003-04-22 00:00:00+09:00,1193.4949951171875,1230.7917137145996,1141.2795890808106,1193.4949951171875,18174,0.0,0.0
2003-04-23 00:00:00+09:00,1208.4136962890625,1223.3323838975693,1141.2796020507812,1208.4136962890625,5915,0.0,0.0
2003-04-24 00:00:00+09:00,1126.3609619140625,1200.9544031004243,1126.3609619140625,1126.3609619140625,23368,0.0,0.0
2003-04-25 00:00:00+09:00,1051.7674560546875,1126.3608926543109,1036.8487687347629,1051.7674560546875,22136,0.0,0.0
2003-04-28 00:00:00+09:00,1044.3082275390625,1074.1456054687499,992.0928161621093,1044.3082275390625,29694,0.0,0.0
2003-04-29 00:00:00+09:00,1118.9014892578125,1126.3608325195314,1051.7673999023439,1118.9014892578125,26800,0.0,0.0
2003-04-30 00:00:00+09:00,1051.7674560546875,1096.5235180144614,1044.3081123947252,1051.7674560546875,12840,0.0,0.0
2003-05-01 00:00:00+09:00,1051.7674560546875,1051.7674560546875,1051.7674560546875,1051.7674560546875,0,0.0,0.0
2003-05-02 00:00:00+09:00,1074.1453857421875,1074.1453857421875,1044.3080139160156,1074.1453857421875,13396,0.0,0.0
2003-05-05 00:00:00+09:00,1074.1453857421875,1074.1453857421875,1074.1453857421875,1074.1453857421875,0,0.0,0.0
2003-05-06 00:00:00+09:00,1081.6048583984375,1103.9828899515085,1059.2268268453663,1081.6048583984375,8413,0.0,0.0
2003-05-07 00:00:00+09:00,1059.226806640625,1111.4422126017826,1051.767462931888,1059.226806640625,18722,0.0,0.0
2003-05-08 00:00:00+09:00,1059.226806640625,1059.226806640625,1059.226806640625,1059.226806640625,0,0.0,0.0
2003-05-09 00:00:00+09:00,1096.5235595703125,1111.442247455623,1059.2268398570366,1096.5235595703125,8863,0.0,0.0
2003-05-12 00:00:00+09:00,1111.442138671875,1118.901481884438,1089.0641090341862,1111.442138671875,19446,0.0,0.0
2003-05-13 00:00:00+09:00,1081.6048583984375,1118.901577653556,1081.6048583984375,1081.6048583984375,28192,0.0,0.0
2003-05-14 00:00:00+09:00,1059.226806640625,1103.9828688930456,1059.226806640625,1059.226806640625,6698,0.0,0.0
2003-05-15 00:00:00+09:00,1103.98291015625,1103.98291015625,1066.6861902185387,1103.98291015625,13244,0.0,0.0
2003-05-16 00:00:00+09:00,1089.064208984375,1111.4422406758347,1066.6861772929153,1089.064208984375,28852,0.0,0.0
2003-05-19 00:00:00+09:00,1081.6048583984375,1103.9828899515085,1044.3081391433188,1081.6048583984375,15945,0.0,0.0
2003-05-20 00:00:00+09:00,1081.6048583984375,1103.9828899515085,1059.2268268453663,1081.6048583984375,42629,0.0,0.0
2003-05-21 00:00:00+09:00,1074.1453857421875,1096.5234146118164,1059.2266998291016,1074.1453857421875,19185,0.0,0.0
2003-05-22 00:00:00+09:00,1059.226806640625,1089.064181475572,1044.3081192231514,1059.226806640625,18235,0.0,0.0
2003-05-23 00:00:00+09:00,1044.3082275390625,1118.9016723632812,1044.3082275390625,1044.3082275390625,7613,0.0,0.0
2003-05-26 00:00:00+09:00,1074.1453857421875,1074.1453857421875,1014.4706420898439,1074.1453857421875,16667,0.0,0.0
2003-05-27 00:00:00+09:00,1051.7674560546875,1089.064174354499,1036.8487687347629,1051.7674560546875,8318,0.0,0.0
2003-05-28 00:00:00+09:00,1066.68603515625,1066.68603515625,1044.3080064466783,1066.68603515625,29685,0.0,0.0
2003-05-29 00:00:00+09:00,1074.1453857421875,1133.8201293945312,1059.2266998291016,1074.1453857421875,10410,0.0,0.0
2003-05-30 00:00:00+09:00,1066.68603515625,1081.604720962631,1044.3080064466783,1066.68603515625,5475,0.0,0.0
2003-06-02 00:00:00+09:00,1081.6048583984375,1089.0642022494612,1044.3081391433188,1081.6048583984375,11356,0.0,0.0
2003-06-03 00:00:00+09:00,1036.848876953125,1066.6862547071717,1036.848876953125,1036.848876953125,9092,0.0,0.0
2003-06-04 00:00:00+09:00,1059.226806640625,1089.064181475572,1036.8487755144145,1059.226806640625,14956,0.0,0.0
2003-06-05 00:00:00+09:00,1044.3082275390625,1074.1456054687499,1044.3082275390625,1044.3082275390625,1775,0.0,0.0
2003-06-06 00:00:00+09:00,1044.3082275390625,1044.3082275390625,1044.3082275390625,1044.3082275390625,0,0.0,0.0
2003-06-09 00:00:00+09:00,1066.68603515625,1066.68603515625,1036.8486635434876,1066.68603515625,5419,0.0,0.0
2003-06-10 00:00:00+09:00,1051.7674560546875,1074.1454870345744,1044.3081123947252,1051.7674560546875,7352,0.0,0.0
2003-06-11 00:00:00+09:00,1059.226806640625,1066.6861503493617,1051.767462931888,1059.226806640625,3639,0.0,0.0
2003-06-12 00:00:00+09:00,1074.1453857421875,1081.6047286987305,1051.7673568725586,1074.1453857421875,13376,0.0,0.0
2003-06-13 00:00:00+09:00,1051.7674560546875,1074.1454870345744,1051.7674560546875,1051.7674560546875,9316,0.0,0.0
2003-06-16 00:00:00+09:00,1059.226806640625,1074.1454940580986,1044.3081192231514,1059.226806640625,17516,0.0,0.0
2003-06-17 00:00:00+09:00,1081.6048583984375,1081.6048583984375,1059.2268268453663,1081.6048583984375,18584,0.0,0.0
2003-06-18 00:00:00+09:00,1059.226806640625,1089.064181475572,1051.767462931888,1059.226806640625,21082,0.0,0.0
2003-06-19 00:00:00+09:00,1096.5235595703125,1103.9829035129676,1059.2268398570366,1096.5235595703125,41805,0.0,0.0
2003-06-20 00:00:00+09:00,1089.064208984375,1096.5235528815283,1074.1455211900684,1089.064208984375,6710,0.0,0.0
2003-06-23 00:00:00+09:00,1126.3609619140625,1163.6576825072434,1089.0642413208816,1126.3609619140625,76498,0.0,0.0
2003-06-24 00:00:00+09:00,1096.5235595703125,1133.8202792835884,1066.6861837996917,1096.5235595703125,26899,0.0,0.0
2003-06-25 00:00:00+09:00,1089.064208984375,1111.4422406758347,1074.1455211900684,1089.064208984375,33083,0.0,0.0
2003-06-26 00:00:00+09:00,1096.5235595703125,1111.442247455623,1066.6861837996917,1096.5235595703125,10861,0.0,0.0
2003-06-27 00:00:00+09:00,1148.7388916015625,1156.1982350535206,1089.0641439858969,1148.7388916015625,69528,0.0,0.0
2003-06-30 00:00:00+09:00,1283.0072021484375,1283.0072021484375,1163.6576949718387,1283.0072021484375,232673,0.0,0.0
2003-07-01 00:00:00+09:00,1230.7916259765625,1342.6817737926135,1178.5762236624053,1230.7916259765625,314887,0.0,0.0
2003-07-02 00:00:00+09:00,1268.08837890625,1372.5191865808824,1245.7103486902574,1268.08837890625,416758,0.0,0.0
2003-07-03 00:00:00+09:00,1327.762939453125,1327.762939453125,1223.3321464624298,1327.762939453125,158757,0.0,0.0
2003-07-04 00:00:00+09:00,1379.978759765625,1476.9502401815878,1312.8446579391893,1379.978759765625,239834,0.0,0.0
2003-07-07 00:00:00+09:00,1312.844482421875,1469.490699074485,1275.5477641712534,1312.844482421875,73428,0.0,0.0
2003-07-08 00:00:00+09:00,1260.6292724609375,1335.2227205355493,1200.9545140012483,1260.6292724609375,75214,0.0,0.0
2003-07-09 00:00:00+09:00,1230.7916259765625,1275.547685102983,1200.9542532256155,1230.7916259765625,31978,0.0,0.0
2003-07-10 00:00:00+09:00,1186.0355224609375,1253.1696086379718,1163.6574937352595,1186.0355224609375,36006,0.0,0.0
2003-07-11 00:00:00+09:00,1193.4949951171875,1260.6290885925293,1178.5763076782227,1193.4949951171875,45545,0.0,0.0
2003-07-14 00:00:00+09:00,1156.1983642578125,1193.495085685484,1051.7675442603327,1156.1983642578125,42060,0.0,0.0
2003-07-15 00:00:00+09:00,1081.6048583984375,1148.7389530576509,1081.6048583984375,1081.6048583984375,31972,0.0,0.0
2003-07-16 00:00:00+09:00,1074.1453857421875,1118.9014434814453,1074.1453857421875,1074.1453857421875,21372,0.0,0.0
2003-07-17 00:00:00+09:00,1074.1453857421875,1074.1453857421875,1074.1453857421875,1074.1453857421875,0,0.0,0.0
2003-07-18 00:00:00+09:00,1066.68603515625,1118.9014354785838,1007.0112919307254,1066.68603515625,57864,0.0,0.0
2003-07-21 00:00:00+09:00,1062.9564208984375,1118.9014956825658,1062.9564208984375,1062.9564208984375,28479,0.0,0.0
2003-07-22 00:00:00+09:00,1048.03759765625,1077.8749669845417,1044.3079264902135,1048.03759765625,14447,0.0,0.0
2003-07-23 00:00:00+09:00,1066.68603515625,1070.415706607845,1044.3080064466783,1066.68603515625,16005,0.0,0.0
2003-07-24 00:00:00+09:00,1070.415771484375,1070.415771484375,1044.3080697408536,1070.415771484375,12476,0.0,0.0
2003-07-25 00:00:00+09:00,1074.1453857421875,1096.5234146118164,1051.7673568725586,1074.1453857421875,6876,0.0,0.0
2003-07-28 00:00:00+09:00,1055.4970703125,1111.442144710689,1051.767398685954,1055.4970703125,21092,0.0,0.0
2003-07-29 00:00:00+09:00,1055.4970703125,1070.4157568186838,1040.5783838063162,1055.4970703125,7930,0.0,0.0
2003-07-30 00:00:00+09:00,1051.7674560546875,1118.9015489943486,1040.5784405647441,1051.7674560546875,16323,0.0,0.0
2003-07-31 00:00:00+09:00,1044.3082275390625,1051.7675720214843,1029.3895385742187,1044.3082275390625,18154,0.0,0.0
2003-08-01 00:00:00+09:00,1040.578369140625,1059.2267270105285,1033.1190259926634,1040.578369140625,14171,0.0,0.0
2003-08-04 00:00:00+09:00,1044.3082275390625,1077.875277709961,1010.741177368164,1044.3082275390625,4835,0.0,0.0
2003-08-05 00:00:00+09:00,1014.4706420898439,1074.1453857421875,1007.0112991333009,1014.4706420898438,11180,0.0,0.0
2003-08-06 00:00:00+09:00,1007.011474609375,1025.6598352502895,962.2554090711806,1007.011474609375,34588,0.0,0.0
2003-08-07 00:00:00+09:00,1007.011474609375,1029.3895073784722,977.174097583912,1007.011474609375,9359,0.0,0.0
2003-08-08 00:00:00+09:00,999.5521240234375,1007.0114682325677,969.7147471869171,999.5521240234375,19905,0.0,0.0
2003-08-11 00:00:00+09:00,1029.389404296875,1029.389404296875,980.9036714857903,1029.389404296875,5717,0.0,0.0
2003-08-12 00:00:00+09:00,1014.4706420898439,1044.3080139160156,1010.7409706115724,1014.4706420898438,10535,0.0,0.0
2003-08-13 00:00:00+09:00,1044.3082275390625,1066.686260986328,1014.4708496093749,1044.3082275390625,961,0.0,0.0
2003-08-14 00:00:00+09:00,1048.03759765625,1059.2266111543595,1029.3892418260675,1048.03759765625,2083,0.0,0.0
2003-08-15 00:00:00+09:00,1048.03759765625,1048.03759765625,1048.03759765625,1048.03759765625,0,0.0,0.0
2003-08-18 00:00:00+09:00,1044.3082275390625,1059.2269165039063,1014.4708496093749,1044.3082275390625,10287,0.0,0.0
2003-08-19 00:00:00+09:00,1044.3082275390625,1081.6049499511719,1007.0115051269531,1044.3082275390625,12985,0.0,0.0
2003-08-20 00:00:00+09:00,1021.9301147460939,1044.3081464558622,1014.4707708428376,1021.9301147460938,6677,0.0,0.0
2003-08-21 00:00:00+09:00,1040.578369140625,1040.578369140625,1010.7409965487791,1040.578369140625,3649,0.0,0.0
2003-08-22 00:00:00+09:00,1059.226806640625,1066.6861503493617,1021.930088096941,1059.226806640625,18231,0.0,0.0
2003-08-25 00:00:00+09:00,1029.389404296875,1059.2267783344655,1021.9300607874773,1029.389404296875,4821,0.0,0.0
2003-08-26 00:00:00+09:00,1044.3082275390625,1044.3082275390625,1014.4708496093749,1044.3082275390625,18690,0.0,0.0
2003-08-27 00:00:00+09:00,1036.848876953125,1044.3082213916366,1014.4708436375898,1036.848876953125,18003,0.0,0.0
2003-08-28 00:00:00+09:00,1033.118896484375,1040.5782386972585,1010.7408698457243,1033.118896484375,11188,0.0,0.0
2003-08-29 00:00:00+09:00,1092.7939453125,1156.1983721736349,1010.741157609855,1092.7939453125,27875,0.0,0.0
2003-09-01 00:00:00+09:00,1040.578369140625,1077.8750848804323,1021.9300112707213,1040.578369140625,9367,0.0,0.0
2003-09-02 00:00:00+09:00,1036.848876953125,1074.1455991456835,1010.741171418334,1036.848876953125,4331,0.0,0.0
2003-09-03 00:00:00+09:00,1029.389404296875,1044.3080913156703,1007.011373768682,1029.389404296875,3186,0.0,0.0
2003-09-04 00:00:00+09:00,1033.118896484375,1036.8485675908169,1010.7408698457243,1033.118896484375,4418,0.0,0.0
2003-09-05 00:00:00+09:00,1033.118896484375,1033.118896484375,1014.4705409521661,1033.118896484375,2329,0.0,0.0
2003-09-08 00:00:00+09:00,1029.389404296875,1059.2267783344655,1014.4707172780796,1029.389404296875,10576,0.0,0.0
2003-09-09 00:00:00+09:00,1033.118896484375,1036.8485675908169,1014.4705409521661,1033.118896484375,5120,0.0,0.0
2003-09-10 00:00:00+09:00,1033.118896484375,1033.118896484375,1033.118896484375,1033.118896484375,0,0.0,0.0
2003-09-11 00:00:00+09:00,1033.118896484375,1033.118896484375,1033.118896484375,1033.118896484375,0,0.0,0.0
2003-09-12 00:00:00+09:00,1033.118896484375,1033.118896484375,1033.118896484375,1033.118896484375,0,0.0,0.0
2003-09-15 00:00:00+09:00,1021.9301147460939,1025.659786697722,992.0927391330691,1021.9301147460938,5341,0.0,0.0
2003-09-16 00:00:00+09:00,1036.848876953125,1044.3082213916366,1007.0114991990782,1036.848876953125,1368,0.0,0.0
2003-09-17 00:00:00+09:00,1007.011474609375,1033.1191795066552,1007.011474609375,1007.011474609375,5108,0.0,0.0
2003-09-18 00:00:00+09:00,1018.2003173828125,1021.9299888750572,999.5519599215888,1018.2003173828125,2500,0.0,0.0
2003-09-19 00:00:00+09:00,1021.9301147460939,1025.659786697722,1007.0114269395815,1021.9301147460938,3045,0.0,0.0
2003-09-22 00:00:00+09:00,999.5521240234375,1018.2004845462628,980.9037635006122,999.5521240234375,7630,0.0,0.0
2003-09-23 00:00:00+09:00,980.9036254882812,999.551983387298,973.4442823286746,980.9036254882812,931,0.0,0.0
2003-09-24 00:00:00+09:00,995.8223266601562,995.8223266601562,954.795938670412,995.8223266601562,5706,0.0,0.0
2003-09-25 00:00:00+09:00,984.63330078125,992.0926439689867,947.3365848425663,984.63330078125,2614,0.0,0.0
2003-09-26 00:00:00+09:00,965.9850463867188,984.6334063555743,939.8773424303209,965.9850463867188,1189,0.0,0.0
2003-09-29 00:00:00+09:00,984.63330078125,984.63330078125,954.795928030303,984.63330078125,6471,0.0,0.0
2003-09-30 00:00:00+09:00,984.63330078125,988.3629723751184,973.4442859996449,984.63330078125,1752,0.0,0.0
2003-10-01 00:00:00+09:00,1007.011474609375,1081.6049171730324,947.3367205584491,1007.011474609375,466,0.0,0.0
2003-10-02 00:00:00+09:00,913.7694702148436,999.5519102758291,887.6617710658481,913.7694702148438,26000,0.0,0.0
2003-10-03 00:00:00+09:00,913.7694702148436,913.7694702148436,913.7694702148436,913.7694702148438,0,0.0,0.0
2003-10-06 00:00:00+09:00,846.635498046875,906.3102468078882,824.257467261495,846.635498046875,42713,0.0,0.0
2003-10-07 00:00:00+09:00,898.8507690429688,898.8507690429688,842.9057004303359,898.8507690429688,46391,0.0,0.0
2003-10-08 00:00:00+09:00,939.8773193359375,962.2553507486979,891.3915846082899,939.8773193359375,5851,0.0,0.0
2003-10-09 00:00:00+09:00,951.0662231445312,954.7958946078431,924.958522901348,951.0662231445312,5321,0.0,0.0
2003-10-10 00:00:00+09:00,951.0662231445312,984.6332663143382,857.824436561734,951.0662231445312,3015,0.0,0.0
2003-10-13 00:00:00+09:00,932.4177856445312,969.7144970703124,932.4177856445312,932.4177856445312,2322,0.0,0.0
2003-10-14 00:00:00+09:00,932.4177856445312,969.7144970703124,895.12107421875,932.4177856445312,5325,0.0,0.0
2003-10-15 00:00:00+09:00,902.5806884765625,943.6070834073154,895.1213439436983,902.5806884765625,6401,0.0,0.0
2003-10-16 00:00:00+09:00,924.9586791992188,932.4180233863093,887.6619582637665,924.9586791992188,8154,0.0,0.0
2003-10-17 00:00:00+09:00,917.4994506835936,928.688468374857,895.121415301067,917.4994506835938,3632,0.0,0.0
2003-10-20 00:00:00+09:00,958.5256958007812,962.2553677688777,895.1212723431421,958.5256958007812,9311,0.0,0.0
2003-10-21 00:00:00+09:00,932.4177856445312,951.0661413574219,910.0397587890625,932.4177856445312,12156,0.0,0.0
2003-10-22 00:00:00+09:00,947.3367919921875,947.3367919921875,913.769740307425,947.3367919921875,3002,0.0,0.0
2003-10-23 00:00:00+09:00,910.0399169921875,1044.3081014664447,906.310245201236,910.0399169921875,4863,0.0,0.0
2003-10-24 00:00:00+09:00,951.0662231445312,969.7145804610907,902.5804941214767,951.0662231445312,1403,0.0,0.0
2003-10-27 00:00:00+09:00,917.4994506835936,928.688468374857,917.4994506835936,917.4994506835938,1772,0.0,0.0
2003-10-28 00:00:00+09:00,861.5541381835938,932.4178984670928,857.8244665897254,861.5541381835938,30776,0.0,0.0
2003-10-29 00:00:00+09:00,880.2024536132812,924.9585105766685,861.5540965452033,880.2024536132812,13897,0.0,0.0
2003-10-30 00:00:00+09:00,921.22900390625,932.4180201480262,865.2839226973684,921.22900390625,619,0.0,0.0
2003-10-31 00:00:00+09:00,865.2838745117188,895.1212494948815,842.9058432743467,865.2838745117188,10179,0.0,0.0
2003-11-03 00:00:00+09:00,936.1474609375,962.2551590512948,887.6617358690239,936.1474609375,23588,0.0,0.0
2003-11-04 00:00:00+09:00,939.8773193359375,954.7960069444445,887.6619127061632,939.8773193359375,11715,0.0,0.0
2003-11-05 00:00:00+09:00,928.6882934570312,939.8773090408508,891.391574844299,928.6882934570312,9400,0.0,0.0
2003-11-06 00:00:00+09:00,850.365234375,962.2553967927631,850.365234375,850.365234375,32609,0.0,0.0
2003-11-07 00:00:00+09:00,880.2024536132812,887.6617964405124,850.3650823043564,880.2024536132812,4446,0.0,0.0
2003-11-10 00:00:00+09:00,891.3915405273438,891.3915405273438,857.8244950681551,891.3915405273438,3832,0.0,0.0
2003-11-11 00:00:00+09:00,883.9321899414062,895.1212050039557,857.8244881287909,883.9321899414062,1379,0.0,0.0
2003-11-12 00:00:00+09:00,872.7431640625,891.3915222689636,865.2838207799145,872.7431640625,5959,0.0,0.0
2003-11-13 00:00:00+09:00,869.0135498046875,958.5256751064579,857.8245341419662,869.0135498046875,39393,0.0,0.0
2003-11-14 00:00:00+09:00,883.9321899414062,895.1212050039557,865.2838315038239,883.9321899414062,6387,0.0,0.0
2003-11-17 00:00:00+09:00,891.3915405273438,891.3915405273438,880.2025253742809,891.3915405273438,730,0.0,0.0
2003-11-18 00:00:00+09:00,876.4727783203125,898.8508067029588,861.5540927318816,876.4727783203125,2578,0.0,0.0
2003-11-19 00:00:00+09:00,887.6619873046875,924.9587094603467,872.7432984424239,887.6619873046875,6802,0.0,0.0
2003-11-20 00:00:00+09:00,883.9321899414062,883.9321899414062,865.2838315038239,883.9321899414062,220,0.0,0.0
2003-11-21 00:00:00+09:00,883.9321899414062,887.6618616289227,861.5541598163073,883.9321899414062,1360,0.0,0.0
2003-11-24 00:00:00+09:00,883.9321899414062,887.6618616289227,872.7431748788568,883.9321899414062,1280,0.0,0.0
2003-11-25 00:00:00+09:00,883.9321899414062,883.9321899414062,883.9321899414062,883.9321899414062,5000,0.0,0.0
2003-11-26 00:00:00+09:00,887.6619873046875,898.8510039513852,883.9323150891216,887.6619873046875,5138,0.0,0.0
2003-11-27 00:00:00+09:00,895.1212158203126,898.8508875528972,887.6618723551433,895.1212158203125,5703,0.0,0.0
2003-11-28 00:00:00+09:00,924.9586791992188,928.6883512927641,898.8509745444021,924.9586791992188,2380,0.0,0.0
2003-12-01 00:00:00+09:00,921.22900390625,932.4180201480262,895.1212993421052,921.22900390625,3134,0.0,0.0
2003-12-02 00:00:00+09:00,902.5806884765625,928.688394341587,865.2839658122417,902.5806884765625,7295,0.0,0.0
2003-12-03 00:00:00+09:00,887.6619873046875,924.9587094603467,872.7432984424239,887.6619873046875,4541,0.0,0.0
2003-12-04 00:00:00+09:00,883.9321899414062,887.6618616289227,872.7431748788568,883.9321899414062,2697,0.0,0.0
2003-12-05 00:00:00+09:00,883.9321899414062,883.9321899414062,865.2838315038239,883.9321899414062,2811,0.0,0.0
2003-12-08 00:00:00+09:00,872.7431640625,880.2025073450855,865.2838207799145,872.7431640625,1203,0.0,0.0
2003-12-09 00:00:00+09:00,876.4727783203125,880.2024497174202,857.8244213347739,876.4727783203125,1983,0.0,0.0
2003-12-10 00:00:00+09:00,880.2024536132812,887.6617964405124,865.2837679588188,880.2024536132812,3276,0.0,0.0
2003-12-11 00:00:00+09:00,880.2024536132812,880.2024536132812,857.8244251315876,880.2024536132812,849,0.0,0.0
2003-12-12 00:00:00+09:00,891.3915405273438,891.3915405273438,872.7431819389056,891.3915405273438,1346,0.0,0.0
2003-12-15 00:00:00+09:00,887.6619873046875,910.0400205980831,857.8246095801602,887.6619873046875,17565,0.0,0.0
2003-12-16 00:00:00+09:00,876.4727783203125,883.932121114528,835.4463929521277,876.4727783203125,21240,0.0,0.0
2003-12-17 00:00:00+09:00,869.0135498046875,880.2025654674088,846.6355184792449,869.0135498046875,12072,0.0,0.0
2003-12-18 00:00:00+09:00,872.7431640625,872.7431640625,850.3651342147435,872.7431640625,3451,0.0,0.0
2003-12-19 00:00:00+09:00,872.7431640625,876.4728357037927,850.3651342147435,872.7431640625,4680,0.0,0.0
2003-12-22 00:00:00+09:00,876.4727783203125,876.4727783203125,850.3650785405586,876.4727783203125,1201,0.0,0.0
2003-12-23 00:00:00+09:00,831.716796875,869.0135142236546,831.716796875,831.716796875,8009,0.0,0.0
2003-12-24 00:00:00+09:00,850.365234375,857.8245785361842,805.6091694078947,850.365234375,9698,0.0,0.0
2003-12-25 00:00:00+09:00,850.365234375,850.365234375,850.365234375,850.365234375,0,0.0,0.0
2003-12-26 00:00:00+09:00,850.365234375,850.365234375,798.1498252467105,850.365234375,5798,0.0,0.0
2003-12-29 00:00:00+09:00,885.4719848632814,885.4719848632814,826.9606202247385,885.4719848632812,2191,50.0,0.0
2003-12-30 00:00:00+09:00,928.3804321289062,971.2887714289818,862.0675441196987,928.3804321289062,1648,0.0,0.0
2003-12-31 00:00:00+09:00,928.3804321289062,928.3804321289062,928.3804321289062,928.3804321289062,0,0.0,0.0
2004-01-01 00:00:00+09:00,928.3804321289062,928.3804321289062,928.3804321289062,928.3804321289062,0,0.0,0.0
2004-01-02 00:00:00+09:00,877.67041015625,924.4794986979166,873.7696527777778,877.67041015625,5841,0.0,0.0
2004-01-05 00:00:00+09:00,877.67041015625,877.67041015625,850.3651085069445,877.67041015625,4502,0.0,0.0
2004-01-06 00:00:00+09:00,881.5712280273438,901.0750162580372,850.3651668582341,881.5712280273438,6731,0.0,0.0
2004-01-07 00:00:00+09:00,858.1666259765625,897.174199884588,830.8613242409446,858.1666259765625,5675,0.0,0.0
2004-01-08 00:00:00+09:00,881.5712280273438,881.5712280273438,858.1666821505115,881.5712280273438,7483,0.0,0.0
2004-01-09 00:00:00+09:00,904.975830078125,904.975830078125,862.0674933071795,904.975830078125,7173,0.0,0.0
2004-01-12 00:00:00+09:00,908.87646484375,912.7772222035944,881.5711633248391,908.87646484375,12211,0.0,0.0
2004-01-13 00:00:00+09:00,920.5787963867188,943.9833420575676,897.17425071587,920.5787963867188,10306,0.0,0.0
2004-01-14 00:00:00+09:00,928.3804321289062,928.3804321289062,904.9758834197742,928.3804321289062,2103,0.0,0.0
2004-01-15 00:00:00+09:00,916.6780395507812,936.1818276263298,885.4719786299036,916.6780395507812,7227,0.0,0.0
2004-01-16 00:00:00+09:00,912.7772216796875,912.7772216796875,885.471920176449,912.7772216796875,897,0.0,0.0
2004-01-19 00:00:00+09:00,904.975830078125,920.5788616311961,901.0750721898572,904.975830078125,1650,0.0,0.0
2004-01-20 00:00:00+09:00,916.6780395507812,924.4795547810006,873.7697057845744,916.6780395507812,17457,0.0,0.0
2004-01-21 00:00:00+09:00,916.6780395507812,916.6780395507812,916.6780395507812,916.6780395507812,0,0.0,0.0
2004-01-22 00:00:00+09:00,916.6780395507812,916.6780395507812,916.6780395507812,916.6780395507812,0,0.0,0.0
2004-01-23 00:00:00+09:00,916.6780395507812,916.6780395507812,916.6780395507812,916.6780395507812,0,0.0,0.0
2004-01-26 00:00:00+09:00,932.281005859375,936.1817632060669,920.5787338192991,932.281005859375,1071,0.0,0.0
2004-01-27 00:00:00+09:00,912.7772216796875,916.677979037293,885.471920176449,912.7772216796875,4940,0.0,0.0
2004-01-28 00:00:00+09:00,920.5787963867188,920.5787963867188,877.6704626568294,920.5787963867188,111,0.0,0.0
2004-01-29 00:00:00+09:00,916.6780395507812,920.5787971658909,904.9757667054521,916.6780395507812,30,0.0,0.0
2004-01-30 00:00:00+09:00,885.4719848632814,904.9757730761289,877.6704695781423,885.4719848632812,4410,0.0,0.0
2004-02-02 00:00:00+09:00,893.2734375,901.0749522379913,877.6704080240174,893.2734375,4257,0.0,0.0
2004-02-03 00:00:00+09:00,858.1666259765625,912.7772294477983,850.3651111949573,858.1666259765625,16314,0.0,0.0
2004-02-04 00:00:00+09:00,834.7621459960938,865.968207528658,834.7621459960938,834.7621459960938,4011,0.0,0.0
2004-02-05 00:00:00+09:00,846.4644165039062,850.3651741836477,826.9606281051987,846.4644165039062,14754,0.0,0.0
2004-02-06 00:00:00+09:00,830.861328125,842.5636003521126,807.4567836707746,830.861328125,12992,0.0,0.0
2004-02-09 00:00:00+09:00,811.357666015625,834.7622140737681,811.357666015625,811.357666015625,6305,0.0,0.0
2004-02-10 00:00:00+09:00,811.357666015625,811.357666015625,780.151601938101,811.357666015625,15307,0.0,0.0
2004-02-11 00:00:00+09:00,811.357666015625,815.2584240253155,787.9531179574819,811.357666015625,13661,0.0,0.0
2004-02-12 00:00:00+09:00,795.7545776367188,807.4568508372587,787.9530621696921,795.7545776367188,4230,0.0,0.0
2004-02-13 00:00:00+09:00,854.2659301757812,854.2659301757812,772.3500190630351,854.2659301757812,21671,0.0,0.0
2004-02-16 00:00:00+09:00,842.563720703125,858.1667525679977,807.4568990071615,842.563720703125,14477,0.0,0.0
2004-02-17 00:00:00+09:00,819.1591186523438,842.5636648995536,803.5560878208705,819.1591186523438,8288,0.0,0.0
2004-02-18 00:00:00+09:00,854.2659301757812,858.1666878478168,826.9606264715326,854.2659301757812,4148,0.0,0.0
2004-02-19 00:00:00+09:00,873.769775390625,928.3803863525391,830.861438206264,873.769775390625,13222,0.0,0.0
2004-02-20 00:00:00+09:00,858.1666259765625,869.8688981489702,838.6628390225496,858.1666259765625,1514,0.0,0.0
2004-02-23 00:00:00+09:00,862.0674438476562,862.0674438476562,838.662897860842,862.0674438476562,2561,0.0,0.0
2004-02-24 00:00:00+09:00,873.769775390625,885.472049168178,858.166743687221,873.769775390625,6783,0.0,0.0
2004-02-25 00:00:00+09:00,881.5712280273438,881.5712280273438,846.4644092120955,881.5712280273438,5692,0.0,0.0
2004-02-26 00:00:00+09:00,881.5712280273438,889.3727433196211,846.4644092120955,881.5712280273438,3032,0.0,0.0
2004-02-27 00:00:00+09:00,881.5712280273438,881.5712280273438,834.7621362736794,881.5712280273438,3006,0.0,0.0
2004-03-01 00:00:00+09:00,881.5712280273438,881.5712280273438,881.5712280273438,881.5712280273438,0,0.0,0.0
2004-03-02 00:00:00+09:00,850.365234375,877.6705400659404,819.159170728211,850.365234375,6749,0.0,0.0
2004-03-03 00:00:00+09:00,881.5712280273438,881.5712280273438,838.6628939198181,881.5712280273438,13808,0.0,0.0
2004-03-04 00:00:00+09:00,862.0674438476562,885.4719898344705,858.1666861831873,862.0674438476562,5922,0.0,0.0
2004-03-05 00:00:00+09:00,881.5712280273438,889.3727433196211,838.6628939198181,881.5712280273438,16792,0.0,0.0
2004-03-08 00:00:00+09:00,873.769775390625,912.7773546491351,834.7621961321149,873.769775390625,57636,0.0,0.0
2004-03-09 00:00:00+09:00,897.1743774414062,897.1743774414062,873.7698284646739,897.1743774414062,8941,0.0,0.0
2004-03-10 00:00:00+09:00,897.1743774414062,912.7774100925611,897.1743774414062,897.1743774414062,12579,0.0,0.0
2004-03-11 00:00:00+09:00,873.769775390625,893.27356501988,858.166743687221,873.769775390625,9119,0.0,0.0
2004-03-12 00:00:00+09:00,826.960693359375,897.174337135171,826.960693359375,826.960693359375,5515,0.0,0.0
2004-03-15 00:00:00+09:00,881.5712280273438,885.4719856734824,873.7697127350663,881.5712280273438,2511,0.0,0.0
2004-03-16 00:00:00+09:00,889.3727416992188,889.3727416992188,869.8689535040604,889.3727416992188,611,0.0,0.0
2004-03-17 00:00:00+09:00,893.2734375,893.2734375,889.3726801310044,893.2734375,2510,0.0,0.0
2004-03-18 00:00:00+09:00,889.3727416992188,897.1742569772821,854.2659229479337,889.3727416992188,6836,0.0,0.0
2004-03-19 00:00:00+09:00,889.3727416992188,889.3727416992188,889.3727416992188,889.3727416992188,500,0.0,0.0
2004-03-22 00:00:00+09:00,885.4719848632814,897.1742577909898,854.2659237227251,885.4719848632812,5011,0.0,0.0
2004-03-23 00:00:00+09:00,893.2734375,893.2734375,850.365106441048,893.2734375,1521,0.0,0.0
2004-03-24 00:00:00+09:00,885.4719848632814,889.3727425058509,858.1666813652946,885.4719848632812,3650,0.0,0.0
2004-03-25 00:00:00+09:00,881.5712280273438,889.3727433196211,873.7697127350663,881.5712280273438,1082,0.0,0.0
2004-03-26 00:00:00+09:00,858.1666259765625,889.3726851029829,858.1666259765625,858.1666259765625,878,0.0,0.0
2004-03-29 00:00:00+09:00,885.4719848632814,885.4719848632814,858.1666813652946,885.4719848632812,10696,0.0,0.0
2004-03-30 00:00:00+09:00,897.1743774414062,904.9758937669836,862.0675539763077,897.1743774414062,2605,0.0,0.0
2004-03-31 00:00:00+09:00,897.1743774414062,908.8766519297724,873.7698284646739,897.1743774414062,2764,0.0,0.0
2004-04-01 00:00:00+09:00,893.2734375,897.1741948689956,858.1666211790393,893.2734375,6460,0.0,0.0
2004-04-02 00:00:00+09:00,897.1743774414062,897.1743774414062,869.8690703018851,897.1743774414062,2325,0.0,0.0
2004-04-05 00:00:00+09:00,897.1743774414062,897.1743774414062,897.1743774414062,897.1743774414062,0,0.0,0.0
2004-04-06 00:00:00+09:00,908.87646484375,908.87646484375,865.9681338854614,908.87646484375,12412,0.0,0.0
2004-04-07 00:00:00+09:00,908.87646484375,920.5787369232833,877.6704059649946,908.87646484375,16422,0.0,0.0
2004-04-08 00:00:00+09:00,912.7772216796875,920.5787363948986,893.27343489166,912.7772216796875,4026,0.0,0.0
2004-04-09 00:00:00+09:00,920.5787963867188,990.7924333992652,889.3727354922538,920.5787963867188,1954,0.0,0.0
2004-04-12 00:00:00+09:00,928.3804321289062,936.1819483652837,920.5789158925289,928.3804321289062,5510,0.0,0.0
2004-04-13 00:00:00+09:00,936.1818237304688,936.1818237304688,904.9757629394531,936.1818237304688,10550,0.0,0.0
2004-04-14 00:00:00+09:00,936.1818237304688,936.1818237304688,901.0750053405762,936.1818237304688,12779,0.0,0.0
2004-04-15 00:00:00+09:00,936.1818237304688,936.1818237304688,936.1818237304688,936.1818237304688,0,0.0,0.0
2004-04-16 00:00:00+09:00,936.1818237304688,936.1818237304688,912.7772781372071,936.1818237304688,8105,0.0,0.0
2004-04-19 00:00:00+09:00,936.1818237304688,959.5863693237305,920.578793334961,936.1818237304688,3232,0.0,0.0
2004-04-20 00:00:00+09:00,947.8842163085936,951.7849744003986,924.4796677577642,947.8842163085938,5402,0.0,0.0
2004-04-21 00:00:00+09:00,947.8842163085936,947.8842163085936,920.5789096659593,947.8842163085938,411,0.0,0.0
2004-04-22 00:00:00+09:00,943.9832763671875,943.9832763671875,916.6779749846656,943.9832763671875,9249,0.0,0.0
2004-04-23 00:00:00+09:00,955.6855468749999,955.6855468749999,928.3802455357143,955.685546875,8245,0.0,0.0
2004-04-26 00:00:00+09:00,975.1893920898438,1006.3954526367187,955.6856042480468,975.1893920898438,30847,0.0,0.0
2004-04-27 00:00:00+09:00,975.1893920898438,998.5939374999999,940.0825739746093,975.1893920898438,15848,0.0,0.0
2004-04-28 00:00:00+09:00,963.4871215820312,975.1893943137968,928.3803033867346,963.4871215820312,4280,0.0,0.0
2004-04-29 00:00:00+09:00,959.5864868164062,959.5864868164062,943.9834545104484,959.5864868164062,4420,0.0,0.0
2004-04-30 00:00:00+09:00,889.3727416992188,1014.1969861482319,881.5712264211554,889.3727416992188,17763,0.0,0.0
2004-05-03 00:00:00+09:00,865.96826171875,936.1819045608108,865.96826171875,865.96826171875,13670,0.0,0.0
2004-05-04 00:00:00+09:00,897.1743774414062,912.7774100925611,873.7698284646739,897.1743774414062,3603,0.0,0.0
2004-05-05 00:00:00+09:00,897.1743774414062,897.1743774414062,897.1743774414062,897.1743774414062,0,0.0,0.0
2004-05-06 00:00:00+09:00,885.4719249131945,904.9757118055555,877.67041015625,877.67041015625,3609,0.0,0.0
2004-05-07 00:00:00+09:00,912.7772243449782,912.7772243449782,865.9681359170306,893.2734375,19553,0.0,0.0
2004-05-10 00:00:00+09:00,893.2735009657598,897.1742586118985,865.9681974427889,881.5712280273438,15490,0.0,0.0
2004-05-11 00:00:00+09:00,881.5712280273438,881.5712280273438,858.1666821505115,881.5712280273438,4171,0.0,0.0
2004-05-12 00:00:00+09:00,881.5712264211554,889.3727416992188,865.9681958650287,889.3727416992188,4180,0.0,0.0
2004-05-13 00:00:00+09:00,877.670470381205,889.3727433196211,862.0674397966502,881.5712280273438,5911,0.0,0.0
2004-05-14 00:00:00+09:00,912.7772891964532,912.7772891964532,873.7697127350663,881.5712280273438,2163,0.0,0.0
2004-05-17 00:00:00+09:00,928.380319781008,928.380319781008,858.1666821505115,881.5712280273438,10186,0.0,0.0
2004-05-18 00:00:00+09:00,889.372807094029,889.372807094029,834.7621961321149,873.769775390625,7644,0.0,0.0
2004-05-19 00:00:00+09:00,881.5711703213778,881.5711703213778,842.5635964133522,858.1666259765625,8932,0.0,0.0
2004-05-20 00:00:00+09:00,873.7696555397727,873.7696555397727,834.7620816317472,858.1666259765625,3543,0.0,0.0
2004-05-21 00:00:00+09:00,858.1666259765625,873.7696555397727,858.1666259765625,858.1666259765625,2031,0.0,0.0
2004-05-24 00:00:00+09:00,889.3727536780813,889.3727536780813,834.7621459960938,834.7621459960938,7734,0.0,0.0
2004-05-25 00:00:00+09:00,842.5635964133522,873.7696555397727,834.7620816317472,858.1666259765625,2930,0.0,0.0
2004-05-26 00:00:00+09:00,858.1666259765625,858.1666259765625,858.1666259765625,858.1666259765625,0,0.0,0.0
2004-05-27 00:00:00+09:00,834.7621347527755,889.3727416992188,834.7621347527755,889.3727416992188,101,0.0,0.0
2004-05-28 00:00:00+09:00,885.4719848632814,885.4719848632814,885.4719848632814,885.4719848632812,0,0.0,0.0
2004-05-31 00:00:00+09:00,885.4720513971002,885.4720513971002,834.7621982333897,865.96826171875,1175,0.0,0.0
2004-06-01 00:00:00+09:00,865.968259538923,873.769775390625,842.5637119838169,873.769775390625,723,0.0,0.0
2004-06-02 00:00:00+09:00,862.067501613072,912.7773546491351,858.166743687221,873.769775390625,3022,0.0,0.0
2004-06-03 00:00:00+09:00,873.7697821100917,897.1743298451835,850.365234375,850.365234375,7527,0.0,0.0
2004-06-04 00:00:00+09:00,897.174199884588,897.174199884588,842.5635964133522,858.1666259765625,5261,0.0,0.0
2004-06-07 00:00:00+09:00,873.769775390625,873.769775390625,850.365227835519,873.769775390625,1201,0.0,0.0
2004-06-08 00:00:00+09:00,850.365234375,850.365234375,834.7622025516055,850.365234375,7638,0.0,0.0
2004-06-09 00:00:00+09:00,889.3727416992188,943.983348645662,862.0674382259971,889.3727416992188,2341,0.0,0.0
2004-06-10 00:00:00+09:00,858.1666821505115,881.5712280273438,842.5636515659568,881.5712280273438,4422,0.0,0.0
2004-06-11 00:00:00+09:00,862.067383367365,862.067383367365,819.1590520685369,858.1666259765625,8547,0.0,0.0
2004-06-14 00:00:00+09:00,850.3651767623759,854.2659344539464,823.0598729213822,834.7621459960938,3934,0.0,0.0
2004-06-15 00:00:00+09:00,834.7620816317472,858.1666259765625,834.7620816317472,858.1666259765625,4620,0.0,0.0
2004-06-16 00:00:00+09:00,850.3651111949573,858.1666259765625,842.5635964133522,858.1666259765625,9600,0.0,0.0
2004-06-17 00:00:00+09:00,834.7620866965343,858.166631183353,756.7469384071386,823.059814453125,13135,0.0,0.0
2004-06-18 00:00:00+09:00,819.159170728211,858.1667502866973,819.159170728211,850.365234375,7000,0.0,0.0
2004-06-21 00:00:00+09:00,858.1666878478168,858.1666878478168,834.7621418156036,854.2659301757812,5348,0.0,0.0
2004-06-22 00:00:00+09:00,826.9606888382523,842.563720703125,823.0599308720341,842.563720703125,3577,0.0,0.0
2004-06-23 00:00:00+09:00,838.6629036876643,838.6629036876643,834.7621459960938,834.7621459960938,800,0.0,0.0
2004-06-24 00:00:00+09:00,787.9530578321247,819.1591195284465,780.1515424080443,815.2583618164062,6001,0.0,0.0
2004-06-25 00:00:00+09:00,815.2583609444755,819.1591186523438,815.2583609444755,819.1591186523438,301,0.0,0.0
2004-06-28 00:00:00+09:00,826.9606340680804,830.8613917759487,799.6553301130023,819.1591186523438,5624,0.0,0.0
2004-06-29 00:00:00+09:00,834.7621880893049,904.975830078125,834.7621880893049,904.975830078125,19001,0.0,0.0
2004-06-30 00:00:00+09:00,897.1741266768108,1006.3953247070314,858.1665559517321,1006.3953247070312,51841,0.0,0.0
2004-07-01 00:00:00+09:00,975.1894097579153,975.1894097579153,889.3727416992188,889.3727416992188,32344,0.0,0.0
2004-07-02 00:00:00+09:00,858.166795813519,912.7774100925611,858.166795813519,897.1743774414062,15185,0.0,0.0
2004-07-05 00:00:00+09:00,897.1743252041103,897.1743252041103,858.1667458474099,865.96826171875,8320,0.0,0.0
2004-07-06 00:00:00+09:00,889.3727416992188,889.3727416992188,865.9681958650287,889.3727416992188,1311,0.0,0.0
2004-07-07 00:00:00+09:00,877.6704129305753,881.5711703213778,846.4643538041548,858.1666259765625,1164,0.0,0.0
2004-07-08 00:00:00+09:00,858.1666259765625,889.3726851029829,850.3651111949573,858.1666259765625,4301,0.0,0.0
2004-07-09 00:00:00+09:00,858.1667502866973,881.571298021789,842.5637184633027,850.365234375,1384,0.0,0.0
2004-07-12 00:00:00+09:00,881.5712264211554,889.3727416992188,858.1666805869654,889.3727416992188,3002,0.0,0.0
2004-07-13 00:00:00+09:00,850.3651085069445,877.67041015625,850.3651085069445,877.67041015625,903,0.0,0.0
2004-07-14 00:00:00+09:00,850.3651140079942,881.5711732376453,838.662841796875,838.662841796875,464,0.0,0.0
2004-07-15 00:00:00+09:00,873.769776485426,873.769776485426,826.9606813165639,869.8690185546875,4003,0.0,0.0
2004-07-16 00:00:00+09:00,869.8690185546875,869.8690185546875,834.7621971780409,869.8690185546875,4467,0.0,0.0
2004-07-19 00:00:00+09:00,854.2659285187182,869.8689591765943,834.762140196373,862.0674438476562,5375,0.0,0.0
2004-07-20 00:00:00+09:00,865.96826171875,865.96826171875,865.96826171875,865.96826171875,1,0.0,0.0
2004-07-21 00:00:00+09:00,823.059814453125,858.166631183353,823.059814453125,823.059814453125,2988,0.0,0.0
2004-07-22 00:00:00+09:00,854.2659992721846,858.1667572597288,784.0523554963886,826.960693359375,2013,0.0,0.0
2004-07-23 00:00:00+09:00,826.9605668501421,858.1666259765625,787.9529929421165,858.1666259765625,5809,0.0,0.0
2004-07-26 00:00:00+09:00,819.1591111274614,854.2659301757812,819.1591111274614,854.2659301757812,1000,0.0,0.0
2004-07-27 00:00:00+09:00,826.9606264715326,854.2659301757812,826.9606264715326,854.2659301757812,1011,0.0,0.0
2004-07-28 00:00:00+09:00,858.1666259765625,858.1666259765625,826.9605668501421,858.1666259765625,7355,0.0,0.0
2004-07-29 00:00:00+09:00,846.4644764191514,850.365234375,826.9606866399082,850.365234375,3021,0.0,0.0
2004-07-30 00:00:00+09:00,858.1666259765625,858.1666259765625,858.1666259765625,858.1666259765625,300,0.0,0.0
2004-08-02 00:00:00+09:00,854.2659301757812,854.2659301757812,854.2659301757812,854.2659301757812,0,0.0,0.0
2004-08-03 00:00:00+09:00,850.365234375,850.365234375,850.365234375,850.365234375,10,0.0,0.0
2004-08-04 00:00:00+09:00,838.6629071916852,854.2659380231585,787.9530569893974,819.1591186523438,7351,0.0,0.0
2004-08-05 00:00:00+09:00,787.9530657958985,819.1591278076172,760.6477615356446,780.1515502929688,825,0.0,0.0
2004-08-06 00:00:00+09:00,823.0598094593395,858.1666259765625,823.0598094593395,858.1666259765625,115,0.0,0.0
2004-08-09 00:00:00+09:00,858.1666259765625,858.1666259765625,858.1666259765625,858.1666259765625,10,0.0,0.0
2004-08-10 00:00:00+09:00,858.1666878478168,858.1666878478168,784.0522920791417,854.2659301757812,8918,0.0,0.0
2004-08-11 00:00:00+09:00,854.2659301757812,854.2659301757812,815.2583534554259,854.2659301757812,9511,0.0,0.0
2004-08-12 00:00:00+09:00,854.2659923308486,858.1667502866973,815.2584127723624,850.365234375,7169,0.0,0.0
2004-08-13 00:00:00+09:00,850.365234375,858.1667502866973,826.9606866399082,850.365234375,8501,0.0,0.0
2004-08-16 00:00:00+09:00,826.9605668501421,897.174199884588,807.4567798961292,858.1666259765625,6403,0.0,0.0
2004-08-17 00:00:00+09:00,811.3576548165138,850.365234375,811.3576548165138,850.365234375,5008,0.0,0.0
2004-08-18 00:00:00+09:00,854.2658685857599,858.1666259765625,854.2658685857599,858.1666259765625,4010,0.0,0.0
2004-08-19 00:00:00+09:00,803.5560225053267,858.1666259765625,803.5560225053267,858.1666259765625,5240,0.0,0.0
2004-08-20 00:00:00+09:00,846.4644235127281,858.1666966488488,815.2583618164062,815.2583618164062,7610,0.0,0.0
2004-08-23 00:00:00+09:00,815.2584127723624,850.365234375,803.5561389048165,850.365234375,11200,0.0,0.0
2004-08-24 00:00:00+09:00,803.5560844635295,850.3651767623759,803.5560844635295,834.7621459960938,7811,0.0,0.0
2004-08-25 00:00:00+09:00,846.4643538041548,885.4719277121803,803.5560225053267,858.1666259765625,5261,0.0,0.0
2004-08-26 00:00:00+09:00,811.3575896544604,885.4719848632814,811.3575896544604,885.4719848632812,514,0.0,0.0
2004-08-27 00:00:00+09:00,826.9606888382523,842.563720703125,819.1591729058159,842.563720703125,1576,0.0,0.0
2004-08-30 00:00:00+09:00,881.5712280273438,881.5712280273438,881.5712280273438,881.5712280273438,10,0.0,0.0
2004-08-31 00:00:00+09:00,846.4644764191514,850.365234375,811.3576548165138,850.365234375,248,0.0,0.0
2004-09-01 00:00:00+09:00,846.4644190708053,846.4644190708053,795.7545690803885,834.7621459960938,18,0.0,0.0
2004-09-02 00:00:00+09:00,846.4643613658666,854.2658762171649,799.6552722580767,807.456787109375,11157,0.0,0.0
2004-09-03 00:00:00+09:00,826.9606340680804,830.8613917759487,768.4492684500558,819.1591186523438,10106,0.0,0.0
2004-09-06 00:00:00+09:00,784.0522403084271,834.7620866965343,784.0522403084271,823.059814453125,1329,0.0,0.0
2004-09-07 00:00:00+09:00,826.9606340680804,830.8613917759487,799.6553301130023,819.1591186523438,4197,0.0,0.0
2004-09-08 00:00:00+09:00,787.9529977228968,823.059814453125,787.9529977228968,823.059814453125,10523,0.0,0.0
2004-09-09 00:00:00+09:00,823.059814453125,823.059814453125,784.0522403084271,823.059814453125,12001,0.0,0.0
2004-09-10 00:00:00+09:00,823.0598845980061,826.9606423449161,784.0523071289062,784.0523071289062,7525,0.0,0.0
2004-09-13 00:00:00+09:00,830.8614010620117,830.8614010620117,780.1515502929688,780.1515502929688,8021,0.0,0.0
2004-09-14 00:00:00+09:00,807.4568455287389,819.1591186523438,784.052299281529,819.1591186523438,10539,0.0,0.0
2004-09-15 00:00:00+09:00,791.8538235473633,819.1591278076172,780.1515502929688,780.1515502929688,14225,0.0,0.0
2004-09-16 00:00:00+09:00,780.1515493819962,795.7545803696362,780.1515493819962,784.0523071289062,4219,0.0,0.0
2004-09-17 00:00:00+09:00,780.1514898712312,784.0522473205873,764.5484600738065,776.250732421875,801,0.0,0.0
2004-09-20 00:00:00+09:00,795.7545812988282,819.1591278076172,772.3500347900391,780.1515502929688,8562,0.0,0.0
2004-09-21 00:00:00+09:00,764.5484600738065,780.1514898712312,756.7469451750942,776.250732421875,3756,0.0,0.0
2004-09-22 00:00:00+09:00,748.9454874067164,795.7545803696362,748.9454874067164,784.0523071289062,1311,0.0,0.0
2004-09-23 00:00:00+09:00,787.9530029296875,787.9530029296875,787.9530029296875,787.9530029296875,600,0.0,0.0
2004-09-24 00:00:00+09:00,787.9530630628464,791.8538208007812,780.1515475869766,791.8538208007812,1417,0.0,0.0
2004-09-27 00:00:00+09:00,791.8538208007812,791.8538208007812,791.8538208007812,791.8538208007812,0,0.0,0.0
2004-09-28 00:00:00+09:00,791.8538208007812,791.8538208007812,791.8538208007812,791.8538208007812,0,0.0,0.0
2004-09-29 00:00:00+09:00,791.8538208007812,791.8538208007812,791.8538208007812,791.8538208007812,0,0.0,0.0
2004-09-30 00:00:00+09:00,760.6477563358047,803.5560913085938,760.6477563358047,803.5560913085938,102,0.0,0.0
2004-10-01 00:00:00+09:00,780.1515449597998,803.5560913085938,772.3500295102018,803.5560913085938,7377,0.0,0.0
2004-10-04 00:00:00+09:00,807.4568499309261,811.357607660061,780.1515458269818,799.6553344726562,12320,0.0,0.0
2004-10-05 00:00:00+09:00,795.7545758589957,807.4568490333928,795.7545758589957,803.5560913085938,10128,0.0,0.0
2004-10-06 00:00:00+09:00,830.8613292820645,830.8613292820645,780.1514828939573,823.059814453125,11500,0.0,0.0
2004-10-07 00:00:00+09:00,791.8538759671725,811.357666015625,784.0523599477915,811.357666015625,6207,0.0,0.0
2004-10-08 00:00:00+09:00,780.1514851298309,811.3575445350241,776.2507277041817,807.456787109375,2312,0.0,0.0
2004-10-11 00:00:00+09:00,842.5636039402174,850.3651187915157,784.05224255548,807.456787109375,12,0.0,0.0
2004-10-12 00:00:00+09:00,799.6553309682454,819.1591195284465,795.7545732562052,815.2583618164062,4500,0.0,0.0
2004-10-13 00:00:00+09:00,799.655335370232,803.5560931037454,795.7545776367188,795.7545776367188,3037,0.0,0.0
2004-10-14 00:00:00+09:00,795.7545178101794,799.6552752504255,764.5484582882116,787.9530029296875,3556,0.0,0.0
2004-10-15 00:00:00+09:00,795.7545860877403,803.5561016376201,760.6477661132812,760.6477661132812,6515,0.0,0.0
2004-10-18 00:00:00+09:00,830.8614560640775,838.6629720834585,756.7470538799579,811.357666015625,9000,0.0,0.0
2004-10-19 00:00:00+09:00,787.9529999811292,811.3575445350241,756.7469405759359,807.456787109375,6600,0.0,0.0
2004-10-20 00:00:00+09:00,815.2583019606733,815.2583019606733,760.6476980015851,807.456787109375,3130,0.0,0.0
2004-10-21 00:00:00+09:00,768.4492128528834,807.456787109375,768.4492128528834,807.456787109375,2006,0.0,0.0
2004-10-22 00:00:00+09:00,780.1514851298309,807.456787109375,760.6476980015851,807.456787109375,3130,0.0,0.0
2004-10-25 00:00:00+09:00,811.3576067581918,811.3576067581918,729.4416945374128,803.5560913085938,7686,0.0,0.0
2004-10-26 00:00:00+09:00,803.5560296837258,807.456787109375,803.5560296837258,807.456787109375,800,0.0,0.0
2004-10-27 00:00:00+09:00,795.7545776367188,795.7545776367188,795.7545776367188,795.7545776367188,10,0.0,0.0
2004-10-28 00:00:00+09:00,803.5560931037454,803.5560931037454,756.7470003015854,795.7545776367188,1021,0.0,0.0
2004-10-29 00:00:00+09:00,784.05224255548,807.456787109375,748.9454257246376,807.456787109375,2638,0.0,0.0
2004-11-01 00:00:00+09:00,795.7545178101794,803.5560326906714,756.7469434077196,787.9530029296875,10320,0.0,0.0
2004-11-02 00:00:00+09:00,795.7545776367188,803.5560931037454,768.4492735021254,795.7545776367188,4201,0.0,0.0
2004-11-03 00:00:00+09:00,764.5485149104421,803.5560922017912,764.5485149104421,799.6553344726562,9202,0.0,0.0
2004-11-04 00:00:00+09:00,795.754633976863,881.5713101900541,764.548569899339,811.357666015625,18759,0.0,0.0
2004-11-05 00:00:00+09:00,784.0523554963886,826.960693359375,780.1515975088444,826.960693359375,3101,0.0,0.0
2004-11-08 00:00:00+09:00,784.0523071289062,819.1591268510961,780.1515493819962,784.0523071289062,16983,0.0,0.0
2004-11-09 00:00:00+09:00,784.052299281529,838.6629071916852,784.052299281529,819.1591186523438,38740,0.0,0.0
2004-11-10 00:00:00+09:00,787.9530578321247,819.1591195284465,776.2507846960041,815.2583618164062,19803,0.0,0.0
2004-11-11 00:00:00+09:00,791.8538208007812,819.1591249663254,791.8538208007812,791.8538208007812,8349,0.0,0.0
2004-11-12 00:00:00+09:00,791.8537574067784,815.2583019606733,791.8537574067784,807.456787109375,1483,0.0,0.0
2004-11-15 00:00:00+09:00,791.8537551373666,830.8613292820645,791.8537551373666,823.059814453125,4280,0.0,0.0
2004-11-16 00:00:00+09:00,791.8538146972656,819.1591186523438,787.9530569893974,819.1591186523438,1110,0.0,0.0
2004-11-17 00:00:00+09:00,787.9531179574819,811.357666015625,784.0523599477915,811.357666015625,3878,0.0,0.0
2004-11-18 00:00:00+09:00,811.357666015625,811.357666015625,811.357666015625,811.357666015625,90,0.0,0.0
2004-11-19 00:00:00+09:00,807.4569080059345,811.357666015625,807.4569080059345,811.357666015625,1532,0.0,0.0
2004-11-22 00:00:00+09:00,780.1514851298309,807.456787109375,780.1514851298309,807.456787109375,860,0.0,0.0
2004-11-23 00:00:00+09:00,784.0522454894415,826.9605773321473,780.1514880491956,787.9530029296875,6001,0.0,0.0
2004-11-24 00:00:00+09:00,811.3576067581918,811.3576067581918,780.1515449597998,803.5560913085938,4186,0.0,0.0
2004-11-25 00:00:00+09:00,803.5560922017912,803.5560922017912,791.8538190143865,799.6553344726562,13,0.0,0.0
2004-11-26 00:00:00+09:00,791.8538190143865,799.6553344726562,784.0523035561167,799.6553344726562,2431,0.0,0.0
2004-11-29 00:00:00+09:00,784.0523080444336,799.655339050293,780.1515502929688,780.1515502929688,3106,0.0,0.0
2004-11-30 00:00:00+09:00,780.151601938101,811.357666015625,780.151601938101,811.357666015625,701,0.0,0.0
2004-12-01 00:00:00+09:00,784.0523599477915,815.2584240253155,784.0523599477915,811.357666015625,7711,0.0,0.0
2004-12-02 00:00:00+09:00,795.7545148324275,815.2583019606733,784.05224255548,807.456787109375,16488,0.0,0.0
2004-12-03 00:00:00+09:00,787.9530630628464,830.8613981801301,787.9530630628464,791.8538208007812,11733,0.0,0.0
2004-12-06 00:00:00+09:00,815.2583644829907,815.2583644829907,803.5560913085938,803.5560913085938,5822,0.0,0.0
2004-12-07 00:00:00+09:00,795.7545178101794,803.5560326906714,780.1514880491956,787.9530029296875,14700,0.0,0.0
2004-12-08 00:00:00+09:00,811.3576085707721,811.3576085707721,780.1515467026654,795.7545776367188,21702,0.0,0.0
2004-12-09 00:00:00+09:00,780.1515458269818,799.6553344726562,764.5485149104421,799.6553344726562,4003,0.0,0.0
2004-12-10 00:00:00+09:00,780.1515467026654,795.7545776367188,780.1515467026654,795.7545776367188,2178,0.0,0.0
2004-12-13 00:00:00+09:00,795.7545776367188,803.5560931037454,780.1515467026654,795.7545776367188,10990,0.0,0.0
2004-12-14 00:00:00+09:00,795.7545776367188,803.5560931037454,784.0523044361787,795.7545776367188,3305,0.0,0.0
2004-12-15 00:00:00+09:00,787.9530648758163,803.5560958634561,784.0523071289062,784.0523071289062,6190,0.0,0.0
2004-12-16 00:00:00+09:00,799.6552752504255,799.6552752504255,787.9530029296875,787.9530029296875,181,0.0,0.0
2004-12-17 00:00:00+09:00,787.9530612852516,799.6553344726562,784.0523035561167,799.6553344726562,2193,0.0,0.0
2004-12-20 00:00:00+09:00,807.4568499309261,807.4568499309261,784.0523035561167,799.6553344726562,938,0.0,0.0
2004-12-21 00:00:00+09:00,799.655335370232,803.5560931037454,772.3500312356388,795.7545776367188,6192,0.0,0.0
2004-12-22 00:00:00+09:00,799.6553344726562,799.6553344726562,764.5485149104421,799.6553344726562,4315,0.0,0.0
2004-12-23 00:00:00+09:00,780.1515458269818,799.6553344726562,780.1515458269818,799.6553344726562,2589,0.0,0.0
2004-12-24 00:00:00+09:00,780.1515540298151,780.1515540298151,748.9454918686224,764.5485229492188,29222,0.0,0.0
2004-12-27 00:00:00+09:00,780.1515493819962,791.8538226227262,768.4492761412663,784.0523071289062,11553,0.0,0.0
2004-12-28 00:00:00+09:00,780.1515458269818,799.6553344726562,780.1515458269818,799.6553344726562,3626,0.0,0.0
2004-12-29 00:00:00+09:00,816.4020812112179,875.0155639648438,812.2154038716732,875.0155639648438,1570,70.0,0.0
2004-12-30 00:00:00+09:00,866.6422380719865,879.2022705078125,866.6422380719865,879.2022705078125,4002,0.0,0.0
2005-01-03 00:00:00+09:00,845.7087965289367,879.202214213251,837.3354421078581,862.4555053710938,16789,0.0,0.0
2005-01-04 00:00:00+09:00,870.828740234375,870.828740234375,828.9619738769532,837.3353271484375,5609,0.0,0.0
2005-01-05 00:00:00+09:00,837.3353271484375,845.7086804199218,837.3353271484375,837.3353271484375,5944,0.0,0.0
2005-01-06 00:00:00+09:00,837.3353271484375,858.2687103271485,824.775297241211,837.3353271484375,20184,0.0,0.0
2005-01-07 00:00:00+09:00,862.4554801675217,862.4554801675217,828.9620634619869,841.5220947265625,8221,0.0,0.0
2005-01-10 00:00:00+09:00,841.5219717542526,854.0820011834206,837.3352952778633,849.8953247070312,3644,0.0,0.0
2005-01-11 00:00:00+09:00,854.0820336914063,854.0820336914063,828.9619738769532,837.3353271484375,6826,0.0,0.0
2005-01-12 00:00:00+09:00,833.148681640625,845.7087120171168,803.8419440954774,833.148681640625,8136,0.0,0.0
2005-01-13 00:00:00+09:00,837.3353271484375,879.2020935058594,824.775297241211,837.3353271484375,15232,0.0,0.0
2005-01-14 00:00:00+09:00,854.082125991138,854.082125991138,824.7753863737951,841.5220947265625,6270,0.0,0.0
2005-01-17 00:00:00+09:00,862.4555053710938,870.8288597921724,828.9620876867795,862.4555053710938,79181,0.0,0.0
2005-01-18 00:00:00+09:00,875.0154404482006,904.3221776880924,854.0820567054207,883.3887939453125,57071,0.0,0.0
2005-01-19 00:00:00+09:00,883.3889314118805,962.9358020129504,875.015576611768,929.4423828125,71097,0.0,0.0
2005-01-20 00:00:00+09:00,916.8823618666034,967.1224912839516,879.2022648035924,895.948974609375,37515,0.0,0.0
2005-01-21 00:00:00+09:00,891.7621418156035,929.4422323148544,887.5754650934646,916.8822021484375,41824,0.0,0.0
2005-01-24 00:00:00+09:00,925.2557138513636,942.0024236043294,891.7622943454319,904.3223266601562,28313,0.0,0.0
2005-01-25 00:00:00+09:00,908.5090069637121,921.0690393180491,875.0155873521467,895.948974609375,26793,0.0,0.0
2005-01-26 00:00:00+09:00,879.2021820510644,904.3222443953805,862.4554738215203,866.6421508789062,56019,0.0,0.0
2005-01-27 00:00:00+09:00,870.8289184570312,875.0155959496132,866.6422409644493,870.8289184570312,41375,0.0,0.0
2005-01-28 00:00:00+09:00,870.8288218896714,912.6955921728287,870.8288218896714,891.76220703125,40938,0.0,0.0
2005-01-31 00:00:00+09:00,916.8822882516043,988.0557992117746,908.5089340209961,937.815673828125,53383,0.0,0.0
2005-02-01 00:00:00+09:00,946.1889350043404,979.6823486328126,921.0688747829862,942.0022583007812,50836,0.0,0.0
2005-02-02 00:00:00+09:00,962.9357365199497,962.9357365199497,912.6956111363002,937.815673828125,58358,0.0,0.0
2005-02-03 00:00:00+09:00,958.7490594046457,958.7490594046457,912.6956111363002,937.815673828125,71927,0.0,0.0
2005-02-04 00:00:00+09:00,929.442323996804,954.5623868075285,921.0689697265625,921.0689697265625,33621,0.0,0.0
2005-02-07 00:00:00+09:00,925.2557054124437,958.7491246128941,912.6956732122748,929.4423828125,0,0.0,0.0
2005-02-11 00:00:00+09:00,925.2555514865452,954.5622884114583,925.2555514865452,942.0022583007812,42947,0.0,0.0
2005-02-14 00:00:00+09:00,942.0023236955915,1055.0426025390625,942.0023236955915,1055.0426025390625,104245,0.0,0.0
2005-02-15 00:00:00+09:00,1113.6560764312744,1138.776138305664,1029.9225368499756,1071.789306640625,46486,0.0,0.0
2005-02-16 00:00:00+09:00,1038.2958908081055,1088.5360145568848,1008.9891519546509,1071.789306640625,16635,0.0,0.0
2005-02-17 00:00:00+09:00,1046.6692843417889,1071.7893471659918,1025.7358986549532,1034.1092529296875,38636,0.0,0.0
2005-02-18 00:00:00+09:00,1008.9892163085938,1046.6693115234375,1004.8025390625,1046.6693115234375,44041,0.0,0.0
2005-02-21 00:00:00+09:00,1029.922503591954,1172.2695162835248,1029.922503591954,1092.72265625,202047,0.0,0.0
2005-02-22 00:00:00+09:00,1092.7226778827135,1105.2827086629748,992.242431640625,992.242431640625,87434,0.0,0.0
2005-02-23 00:00:00+09:00,1000.6159287749745,1034.1093489850155,937.8157658811476,1021.54931640625,71397,0.0,0.0
2005-02-24 00:00:00+09:00,988.0559518705538,1038.2960850165143,983.8692741083905,1029.9227294921875,55690,0.0,0.0
2005-02-25 00:00:00+09:00,992.2425193786621,1038.2959696451824,950.3757464090984,1004.8025512695312,20640,0.0,0.0
2005-02-28 00:00:00+09:00,996.4292454873362,1071.7894405241937,988.0558904832409,1038.2960205078125,45758,0.0,0.0
2005-03-02 00:00:00+09:00,1042.4825641338643,1088.5360107421875,1013.1758253831131,1088.5360107421875,26729,0.0,0.0
2005-03-03 00:00:00+09:00,1067.6024787510808,1130.4026245599678,1059.2291259765625,1059.2291259765625,26539,0.0,0.0
2005-03-04 00:00:00+09:00,1059.2292550223215,1084.34931640625,1008.9891322544643,1025.73583984375,24564,0.0,0.0
2005-03-07 00:00:00+09:00,1075.9760950261896,1122.0295465642755,1038.2959983132102,1105.2828369140625,91797,0.0,0.0
2005-03-08 00:00:00+09:00,1142.9628881835938,1147.1495654296875,1046.6693115234375,1046.6693115234375,60723,0.0,0.0
2005-03-09 00:00:00+09:00,1034.1093489850155,1096.9095118788423,1004.8026063012295,1021.54931640625,39600,0.0,0.0
2005-03-10 00:00:00+09:00,1021.5493194327867,1042.4827071260816,1004.8026092781508,1013.1759643554688,20724,0.0,0.0
2005-03-11 00:00:00+09:00,1034.1091936383928,1055.042578125,1017.3624860491071,1025.73583984375,11877,0.0,0.0
2005-03-14 00:00:00+09:00,1050.8560530139555,1050.8560530139555,1025.7359880016695,1038.2960205078125,13224,0.0,0.0
2005-03-15 00:00:00+09:00,1046.6693755119077,1046.6693755119077,1000.6159229893838,1038.2960205078125,23211,0.0,0.0
2005-03-16 00:00:00+09:00,1008.9891556028335,1055.0426025390625,1008.9891556028335,1055.0426025390625,9205,0.0,0.0
2005-03-17 00:00:00+09:00,1080.162742614746,1080.162742614746,1004.8025512695312,1004.8025512695312,30224,0.0,0.0
2005-03-18 00:00:00+09:00,1004.8024588303941,1029.922520301154,975.495720447841,1008.9891357421875,6917,0.0,0.0
2005-03-21 00:00:00+09:00,1000.6159317394919,1042.4827071260816,971.3091889688791,1013.1759643554688,8610,0.0,0.0
2005-03-22 00:00:00+09:00,975.4956344345868,996.4290171477754,971.3089578919491,988.0556640625,11435,0.0,0.0
2005-03-23 00:00:00+09:00,962.9356721861174,983.8690563640764,946.18896484375,946.18896484375,6936,0.0,0.0
2005-03-24 00:00:00+09:00,933.6289090369934,1042.482503812607,895.9488185377426,916.8822021484375,50687,0.0,0.0
2005-03-25 00:00:00+09:00,921.0688747829862,942.0022583007812,904.32216796875,942.0022583007812,10632,0.0,0.0
2005-03-28 00:00:00+09:00,921.0689871651787,979.682468166599,921.0689871651787,967.1224365234375,20720,0.0,0.0
2005-03-29 00:00:00+09:00,971.309156813063,971.309156813063,929.4423828125,929.4423828125,3770,0.0,0.0
2005-03-30 00:00:00+09:00,904.3222611860796,950.3757096724077,904.3222611860796,921.0689697265625,6169,0.0,0.0
2005-03-31 00:00:00+09:00,921.0689894497134,988.0558250460562,921.0689894497134,958.7490844726562,3297,0.0,0.0
2005-04-01 00:00:00+09:00,929.4423285590277,1021.5492259837963,929.4423285590277,1017.362548828125,22368,0.0,0.0
2005-04-04 00:00:00+09:00,1034.1092529296875,1050.8559614791561,992.242481556016,1034.1092529296875,12134,0.0,0.0
2005-04-06 00:00:00+09:00,1055.0426788330078,1055.0426788330078,1004.8025512695312,1004.8025512695312,22553,0.0,0.0
2005-04-07 00:00:00+09:00,983.8691647847494,1046.669324239095,971.3091328938802,1004.8025512695312,7141,0.0,0.0
2005-04-08 00:00:00+09:00,1004.8025538340336,1021.5492630646008,988.0558446034664,996.42919921875,5877,0.0,0.0
2005-04-11 00:00:00+09:00,983.8691672958246,1004.8025538340336,979.6824899881827,996.42919921875,7430,0.0,0.0
2005-04-12 00:00:00+09:00,996.4290171477754,996.4290171477754,962.9356048066737,988.0556640625,10432,0.0,0.0
2005-04-13 00:00:00+09:00,967.1224580652573,996.42919921875,962.9357807576156,996.42919921875,7171,0.0,0.0
2005-04-14 00:00:00+09:00,971.3092688519022,1000.6160140327786,950.3758794369905,962.9359130859375,13649,0.0,0.0
2005-04-15 00:00:00+09:00,950.3756641144448,992.2424334586935,942.0023102455951,983.8690795898438,4022,0.0,0.0
2005-04-18 00:00:00+09:00,1088.5361086089035,1088.5361086089035,942.0024016807819,971.3091430664062,5954,0.0,0.0
2005-04-19 00:00:00+09:00,988.0557583657458,988.0557583657458,954.5623428279239,975.4957275390625,4304,0.0,0.0
2005-04-20 00:00:00+09:00,954.5624048802761,979.682468166599,954.5624048802761,967.1224365234375,6882,0.0,0.0
2005-04-21 00:00:00+09:00,979.682487487793,1063.4160334269206,962.9357782999675,1004.8025512695312,32783,0.0,0.0
2005-04-22 00:00:00+09:00,1042.48266070822,1155.52294921875,1029.9226286514945,1155.52294921875,643575,0.0,0.0
2005-04-25 00:00:00+09:00,1222.5097086331823,1327.1766357421875,1214.1363544644619,1327.1766357421875,492636,0.0,0.0
2005-04-26 00:00:00+09:00,1465.3369140625,1523.950390625,1297.869838169643,1465.3369140625,1073098,0.0,0.0
2005-04-27 00:00:00+09:00,1461.1502677869498,1461.1502677869498,1289.496511399371,1331.36328125,277397,0.0,0.0
2005-04-28 00:00:00+09:00,1297.8697374131943,1335.5498265639,1159.7094105272738,1168.082763671875,271574,0.0,0.0
2005-04-29 00:00:00+09:00,1105.2827728271484,1339.7366943359375,1105.2827728271484,1339.7366943359375,513059,0.0,0.0
2005-05-02 00:00:00+09:00,1360.6700316719387,1540.6971435546875,1360.6700316719387,1540.6971435546875,476942,0.0,0.0
2005-05-03 00:00:00+09:00,1632.803982356407,1703.9774892796352,1410.9101078310491,1498.830322265625,528080,0.0,0.0
2005-05-04 00:00:00+09:00,1465.3369072429293,1549.0704447996682,1406.7234309532123,1498.830322265625,272747,0.0,0.0
2005-05-06 00:00:00+09:00,1540.6970355154454,1595.1238329657192,1448.5901475226742,1456.9635009765625,264758,0.0,0.0
2005-05-09 00:00:00+09:00,1398.3502649976717,1456.963749159251,1239.2565222733858,1264.3765869140625,204529,0.0,0.0
2005-05-10 00:00:00+09:00,1256.0030517578125,1331.3632348632814,1243.4430212402344,1256.0030517578125,122326,0.0,0.0
2005-05-11 00:00:00+09:00,1230.883083767361,1331.3633355034722,1214.1363751446759,1243.443115234375,115854,0.0,0.0
2005-05-12 00:00:00+09:00,1289.4966574035236,1327.1767545354446,1239.2565278942955,1247.6298828125,95362,0.0,0.0
2005-05-13 00:00:00+09:00,1289.496586849815,1289.496586849815,1235.0697828594007,1272.7498779296875,25383,0.0,0.0
2005-05-16 00:00:00+09:00,1272.7498316271551,1297.8698940934805,1214.1363525390625,1214.1363525390625,61453,0.0,0.0
2005-05-17 00:00:00+09:00,1205.7629960788975,1205.7629960788975,1084.349361057064,1101.0960693359375,136770,0.0,0.0
2005-05-18 00:00:00+09:00,1105.2826901446986,1126.2160744277421,1046.6692141521767,1075.9759521484375,90258,0.0,0.0
2005-05-19 00:00:00+09:00,1088.5360402074352,1230.883060849946,1063.4159777411098,1214.1363525390625,203733,0.0,0.0
2005-05-20 00:00:00+09:00,1214.1365062572338,1235.0698942961517,1113.6562436704282,1130.4029541015625,115188,0.0,0.0
2005-05-23 00:00:00+09:00,1168.0829046841325,1272.7498316271551,1130.4028109846442,1214.1363525390625,216970,0.0,0.0
2005-05-24 00:00:00+09:00,1243.442970069679,1394.163330078125,1218.3229100682713,1394.163330078125,403340,0.0,0.0
2005-05-25 00:00:00+09:00,1423.4701307590635,1436.0301613245847,1306.2431788141994,1385.7900390625,263013,0.0,0.0
2005-05-26 00:00:00+09:00,1427.6568677294385,1590.937271956559,1398.350128509186,1523.950439453125,910094,0.0,0.0
2005-05-27 00:00:00+09:00,1528.137031265452,1565.81712244734,1297.8698073761373,1322.9898681640625,783141,0.0,0.0
2005-05-30 00:00:00+09:00,1335.5501094536494,1402.536948799287,1247.6298828125,1247.6298828125,322555,0.0,0.0
2005-05-31 00:00:00+09:00,1218.3230443747648,1423.4702236681098,1218.3230443747648,1389.976806640625,311207,0.0,0.0
2005-06-01 00:00:00+09:00,1423.4702377319336,1431.843592071533,1306.243276977539,1339.7366943359375,165761,0.0,0.0
2005-06-02 00:00:00+09:00,1339.7368361632948,1523.9506511357479,1297.8700600331917,1448.5904541015625,500808,0.0,0.0
2005-06-03 00:00:00+09:00,1473.7103633825648,1515.5771350695695,1373.2301113337537,1452.7769775390625,252177,0.0,0.0
2005-06-07 00:00:00+09:00,1519.7640311009877,1670.4844308795982,1473.710575613079,1536.5107421875,521627,0.0,0.0
2005-06-08 00:00:00+09:00,1498.8304083537791,1549.070533773459,1452.7769600524061,1519.7637939453125,245994,0.0,0.0
2005-06-09 00:00:00+09:00,1511.3903528991357,1549.0704447996682,1423.47013846456,1498.830322265625,203264,0.0,0.0
2005-06-10 00:00:00+09:00,1482.0836898448854,1536.5104920143303,1436.0302418553551,1440.2169189453125,147536,0.0,0.0
2005-06-13 00:00:00+09:00,1389.9768156828704,1465.3370044849537,1302.056595413773,1356.4833984375,223051,0.0,0.0
2005-06-14 00:00:00+09:00,1398.3502249053029,1398.3502249053029,1339.7367424242423,1381.603515625,87930,0.0,0.0
2005-06-15 00:00:00+09:00,1360.6700755931713,1377.4167842158565,1297.8699182581017,1356.4833984375,93400,0.0,0.0
2005-06-16 00:00:00+09:00,1348.1101393655083,1394.1635913314108,1297.87000994816,1343.9234619140625,114032,0.0,0.0
2005-06-17 00:00:00+09:00,1343.923366970486,1440.2169415509259,1314.616626880787,1356.4833984375,106541,0.0,0.0
2005-06-20 00:00:00+09:00,1322.9900046900698,1373.2301314504523,1272.7498779296875,1272.7498779296875,110814,0.0,0.0
2005-06-21 00:00:00+09:00,1264.376405436198,1293.683143310547,1205.7629296875,1256.0030517578125,96000,0.0,0.0
2005-06-22 00:00:00+09:00,1235.0697828594007,1285.309909619783,1230.8831056293689,1272.7498779296875,57335,0.0,0.0
2005-06-23 00:00:00+09:00,1281.1232323897511,1310.4299729999743,1256.00316900956,1272.7498779296875,35098,0.0,0.0
2005-06-24 00:00:00+09:00,1256.0030991864053,1331.3632851375896,1256.0030991864053,1314.6165771484375,48348,0.0,0.0
2005-06-27 00:00:00+09:00,1339.7366713258784,1339.7366713258784,1264.3764835637978,1310.429931640625,31850,0.0,0.0
2005-06-28 00:00:00+09:00,1314.6164890523867,1343.923226069478,1276.9363986018407,1293.68310546875,56805,0.0,0.0
2005-06-29 00:00:00+09:00,1356.4832562196602,1356.4832562196602,1264.3763684516584,1293.68310546875,18319,0.0,0.0
2005-06-30 00:00:00+09:00,1293.6832000134038,1322.9899391722834,1272.7498148999182,1281.1231689453125,13944,0.0,0.0
2005-07-01 00:00:00+09:00,1297.8699413098786,1297.8699413098786,1226.696428399337,1272.7498779296875,28361,0.0,0.0
2005-07-04 00:00:00+09:00,1297.8698073761373,1331.3632217600375,1256.003039396262,1322.9898681640625,43055,0.0,0.0
2005-07-05 00:00:00+09:00,1302.0566873996058,1352.2968168169539,1302.0566873996058,1343.9234619140625,26759,0.0,0.0
2005-07-06 00:00:00+09:00,1322.9898894423739,1373.2300118262615,1322.9898894423739,1369.0433349609375,39719,0.0,0.0
2005-07-07 00:00:00+09:00,1356.4835587902182,1436.0304341513731,1356.4835587902182,1415.0970458984375,69479,0.0,0.0
2005-07-08 00:00:00+09:00,1415.0967804795011,1423.4701342101491,1339.7365969036696,1369.0433349609375,10974,0.0,0.0
2005-07-11 00:00:00+09:00,1385.7900781098358,1385.7900781098358,1180.6429064259025,1348.1099853515625,107740,0.0,0.0
2005-07-12 00:00:00+09:00,1302.0564841741248,1381.603343335888,1272.749746588212,1322.9898681640625,29881,0.0,0.0
2005-07-13 00:00:00+09:00,1327.1765729850363,1369.0433418489176,1256.0030659164381,1335.5499267578125,72461,0.0,0.0
2005-07-14 00:00:00+09:00,1293.6832454681396,1360.6700801849365,1293.6832454681396,1339.7366943359375,19005,0.0,0.0
2005-07-15 00:00:00+09:00,1339.7366943359375,1356.4834030151367,1314.6166313171386,1339.7366943359375,57532,0.0,0.0
2005-07-18 00:00:00+09:00,1339.736635220126,1373.230051100629,1272.7498034591194,1331.36328125,14429,0.0,0.0
2005-07-19 00:00:00+09:00,1352.2965188608705,1352.2965188608705,1256.002958694307,1268.56298828125,32741,0.0,0.0
2005-07-20 00:00:00+09:00,1264.3763990526074,1322.9898745053774,1247.6296917803875,1289.4964599609375,47560,0.0,0.0
2005-07-21 00:00:00+09:00,1264.376460854524,1293.6832000134038,1256.0031068091298,1281.1231689453125,52241,0.0,0.0
2005-07-22 00:00:00+09:00,1281.1232323897511,1310.4299729999743,1239.2564600894325,1272.7498779296875,40592,0.0,0.0
2005-07-25 00:00:00+09:00,1272.7497998350154,1402.5367860024019,1243.443061023025,1348.1099853515625,96232,0.0,0.0
2005-07-26 00:00:00+09:00,1322.9898960986482,1360.6699880761414,1297.8698347803195,1335.5499267578125,12553,0.0,0.0
2005-07-27 00:00:00+09:00,1302.0566725207914,1339.7367691532259,1276.9366080991683,1297.8699951171875,67398,0.0,0.0
2005-07-28 00:00:00+09:00,1293.6831921619973,1364.8567011158937,1276.9364841728452,1314.6165771484375,46642,0.0,0.0
2005-07-29 00:00:00+09:00,1297.8698961516661,1339.7366669952683,1289.4965419829457,1327.1766357421875,54669,0.0,0.0
2005-08-01 00:00:00+09:00,1306.2431609721123,1356.4832825479627,1306.2431609721123,1322.9898681640625,63867,0.0,0.0
2005-08-02 00:00:00+09:00,1331.3633236215135,1519.7637939453125,1322.9899693849002,1519.7637939453125,413964,0.0,0.0
2005-08-03 00:00:00+09:00,1586.7505991617838,1674.6708170572917,1465.3369649251301,1507.2037353515625,506916,0.0,0.0
2005-08-04 00:00:00+09:00,1507.2037406589675,1733.2843017578125,1461.1502930277213,1733.2843017578125,621904,0.0,0.0
2005-08-05 00:00:00+09:00,1716.5376438450169,1716.5376438450169,1482.0837217588683,1549.070556640625,422350,0.0,0.0
2005-08-08 00:00:00+09:00,1507.2036863312007,1712.350854748503,1507.2036863312007,1595.1239013671875,337631,0.0,0.0
2005-08-09 00:00:00+09:00,1507.2037625903924,1649.5507846128185,1469.5236685256327,1519.7637939453125,374266,0.0,0.0
2005-08-10 00:00:00+09:00,1515.5770664215088,1670.4841146469116,1515.5770664215088,1607.6839599609375,269556,0.0,0.0
2005-08-11 00:00:00+09:00,1624.4307964124177,1846.3246938605057,1570.003991377981,1590.9373779296875,590357,0.0,0.0
2005-08-12 00:00:00+09:00,1578.3772736016056,1641.1774303762052,1482.0836998805526,1519.7637939453125,375811,0.0,0.0
2005-08-16 00:00:00+09:00,1544.8837679218313,1544.8837679218313,1448.5901997315816,1498.830322265625,144636,0.0,0.0
2005-08-17 00:00:00+09:00,1473.7105071504236,1523.9506380760063,1440.2170865333685,1482.0838623046875,73721,0.0,0.0
2005-08-18 00:00:00+09:00,1465.3368489126142,1523.9503228691187,1452.7768187790775,1490.4569091796875,85721,0.0,0.0
2005-08-19 00:00:00+09:00,1444.403515034932,1490.456960441843,1385.7900390625,1385.7900390625,75970,0.0,0.0
2005-08-22 00:00:00+09:00,1385.7899767443223,1415.0967134126313,1335.549856741507,1394.163330078125,64070,0.0,0.0
2005-08-23 00:00:00+09:00,1415.0967160488697,1415.0967160488697,1352.2965659283577,1377.4166259765625,42605,0.0,0.0
2005-08-24 00:00:00+09:00,1348.1099816070744,1482.0836443754793,1348.1099816070744,1364.856689453125,36242,0.0,0.0
2005-08-25 00:00:00+09:00,1343.9233715057374,1389.976820373535,1322.9899856567383,1339.7366943359375,54379,0.0,0.0
2005-08-26 00:00:00+09:00,1322.9899067335098,1369.04335285398,1285.309814453125,1285.309814453125,49723,0.0,0.0
2005-08-29 00:00:00+09:00,1256.0032056725543,1314.6166886039402,1243.4431736158288,1251.8165283203125,70362,0.0,0.0
2005-08-30 00:00:00+09:00,1243.4430757410385,1322.9899391722834,1235.0697216956444,1281.1231689453125,40238,0.0,0.0
2005-08-31 00:00:00+09:00,1239.2563683326546,1297.8698452132533,1239.2563683326546,1285.309814453125,33159,0.0,0.0
2005-09-01 00:00:00+09:00,1260.1897222345526,1310.4298440512125,1260.1897222345526,1289.4964599609375,34349,0.0,0.0
2005-09-02 00:00:00+09:00,1302.0564841741248,1339.7365753560127,1289.4964537801623,1322.9898681640625,29758,0.0,0.0
2005-09-05 00:00:00+09:00,1381.6034091050458,1381.6034091050458,1314.6165771484375,1314.6165771484375,28901,0.0,0.0
2005-09-06 00:00:00+09:00,1314.6165695664304,1360.670016270987,1314.6165695664304,1348.1099853515625,23198,0.0,0.0
2005-09-07 00:00:00+09:00,1373.2300471904114,1373.2300471904114,1331.3632774589964,1348.1099853515625,23007,0.0,0.0
2005-09-08 00:00:00+09:00,1406.7235243055554,1406.7235243055554,1322.9899811921296,1356.4833984375,16166,0.0,0.0
2005-09-09 00:00:00+09:00,1398.350105145226,1398.350105145226,1331.3632737610237,1364.856689453125,27146,0.0,0.0
2005-09-12 00:00:00+09:00,1364.856806344697,1431.843643465909,1364.856806344697,1381.603515625,30254,0.0,0.0
2005-09-13 00:00:00+09:00,1339.7365359042553,1415.0967160488697,1339.7365359042553,1377.4166259765625,17276,0.0,0.0
2005-09-14 00:00:00+09:00,1398.3500093500666,1398.3500093500666,1369.0432726271608,1377.4166259765625,15846,0.0,0.0
2005-09-15 00:00:00+09:00,1327.176505880153,1398.3500093500666,1322.989829205452,1377.4166259765625,17545,0.0,0.0
2005-09-16 00:00:00+09:00,1331.3633877840907,1402.5369022253788,1314.6166785037879,1381.603515625,15299,0.0,0.0
2005-09-20 00:00:00+09:00,1352.2968168169539,1381.6035589770736,1339.736784462617,1343.9234619140625,23771,0.0,0.0
2005-09-21 00:00:00+09:00,1364.8568695812692,1419.2836772639578,1356.483514553163,1373.230224609375,24013,0.0,0.0
2005-09-22 00:00:00+09:00,1381.6034523837538,1389.976806640625,1352.2967124847044,1389.976806640625,13343,0.0,0.0
2005-09-23 00:00:00+09:00,1364.856593409816,1423.470066746434,1364.856593409816,1394.163330078125,34079,0.0,0.0
2005-09-26 00:00:00+09:00,1419.2834681919642,1498.8303292410715,1389.9767299107143,1465.3369140625,112934,0.0,0.0
2005-09-27 00:00:00+09:00,1507.2036830357142,1557.4438058035714,1461.1502371651786,1465.3369140625,23791,0.0,0.0
2005-09-28 00:00:00+09:00,1465.3369140625,1536.5104213169643,1440.2168526785715,1465.3369140625,56838,0.0,0.0
2005-09-29 00:00:00+09:00,1465.3369730169125,1503.0170666087758,1339.7366610440342,1473.7103271484375,27036,0.0,0.0
2005-09-30 00:00:00+09:00,1452.7769418196247,1490.457035411488,1436.030233556574,1473.7103271484375,24767,0.0,0.0
2005-10-04 00:00:00+09:00,1473.710202334972,1549.070383136192,1448.5901420678986,1490.4569091796875,38440,0.0,0.0
2005-10-05 00:00:00+09:00,1469.5236771704447,1536.5105114574164,1461.1503228845731,1486.2703857421875,26791,0.0,0.0
2005-10-06 00:00:00+09:00,1456.9635602678572,1486.270298549107,1427.6568219866072,1465.3369140625,16106,0.0,0.0
2005-10-07 00:00:00+09:00,1465.3369730169125,1515.5770978060636,1448.590264753862,1473.7103271484375,20193,0.0,0.0
2005-10-10 00:00:00+09:00,1444.4037641105006,1507.2039277674787,1444.4037641105006,1482.0838623046875,56621,0.0,0.0
2005-10-11 00:00:00+09:00,1490.4570457273417,1586.7506189063552,1465.3369831589032,1553.2572021484375,63384,0.0,0.0
2005-10-12 00:00:00+09:00,1616.0576198484334,1616.0576198484334,1528.1373866442439,1536.5107421875,89129,0.0,0.0
2005-10-13 00:00:00+09:00,1528.1372172892595,1582.564022288603,1482.0837669051996,1494.643798828125,43229,0.0,0.0
2005-10-14 00:00:00+09:00,1477.8970895975579,1561.6306357503938,1465.3370576746324,1494.643798828125,40158,0.0,0.0
2005-10-17 00:00:00+09:00,1473.7103271484375,1549.0705143321645,1461.1502959511497,1473.7103271484375,26158,0.0,0.0
2005-10-18 00:00:00+09:00,1507.2038359817634,1507.2038359817634,1440.2169988270184,1477.8970947265625,23898,0.0,0.0
2005-10-19 00:00:00+09:00,1436.0303052043357,1477.8970779508177,1402.53688700715,1431.8436279296875,34384,0.0,0.0
2005-10-20 00:00:00+09:00,1473.7104006761695,1473.7104006761695,1318.8033415141858,1431.8436279296875,12030,0.0,0.0
2005-10-21 00:00:00+09:00,1369.0434475571362,1444.4036373309236,1364.8567703474814,1402.536865234375,25595,0.0,0.0
2005-10-24 00:00:00+09:00,1402.536709056181,1448.5901532341452,1352.2965881347657,1423.4700927734375,8781,0.0,0.0
2005-10-25 00:00:00+09:00,1515.577106564544,1515.577106564544,1415.0968564055686,1440.2169189453125,27223,0.0,0.0
2005-10-26 00:00:00+09:00,1498.8303982047146,1498.8303982047146,1406.723502225654,1440.2169189453125,19238,0.0,0.0
2005-10-27 00:00:00+09:00,1423.4702105854833,1456.9636273051417,1394.163470955782,1440.2169189453125,33205,0.0,0.0
2005-10-28 00:00:00+09:00,1444.4035960352696,1444.4035960352696,1360.6700542361236,1440.2169189453125,2789,0.0,0.0
2005-10-31 00:00:00+09:00,1440.216883618374,1461.1502685546875,1419.2834986820603,1461.1502685546875,8902,0.0,0.0
2005-11-01 00:00:00+09:00,1490.4571097747623,1498.8304643240588,1415.0969188310946,1431.8436279296875,28216,0.0,0.0
2005-11-02 00:00:00+09:00,1423.4702023592863,1498.8303895430133,1398.3501399647107,1473.7103271484375,25589,0.0,0.0
2005-11-03 00:00:00+09:00,1473.710202334972,1582.5637968256233,1444.4034653567196,1490.4569091796875,40838,0.0,0.0
2005-11-04 00:00:00+09:00,1498.8306561738334,1523.950723037082,1469.5239115000434,1503.017333984375,23693,0.0,0.0
2005-11-07 00:00:00+09:00,1507.2036693135244,1536.5104073279542,1494.6436387359117,1532.32373046875,24874,0.0,0.0
2005-11-08 00:00:00+09:00,1523.950439453125,1536.510470547519,1486.2703461699432,1523.950439453125,29767,0.0,0.0
2005-11-09 00:00:00+09:00,1507.2037436745384,1507.2037436745384,1473.7103271484375,1473.7103271484375,17620,0.0,0.0
2005-11-10 00:00:00+09:00,1465.337009045164,1503.017103563468,1427.6569145268597,1452.7769775390625,56315,0.0,0.0
2005-11-11 00:00:00+09:00,1431.8435647653978,1465.3369814850562,1427.6568876754404,1440.2169189453125,58003,0.0,0.0
2005-11-14 00:00:00+09:00,1440.216883618374,1473.7102995164755,1423.470175669323,1461.1502685546875,21933,0.0,0.0
2005-11-15 00:00:00+09:00,1440.217098875542,1461.1504869405933,1436.0304212625315,1448.5904541015625,20196,0.0,0.0
2005-11-16 00:00:00+09:00,1440.216794068786,1482.0835613382274,1440.216794068786,1456.9635009765625,33108,0.0,0.0
2005-11-17 00:00:00+09:00,1456.9635534872555,1511.3903528991357,1448.5901997315816,1498.830322265625,42593,0.0,0.0
2005-11-18 00:00:00+09:00,1498.8303092099766,1720.724181802515,1498.8303092099766,1565.817138671875,712566,0.0,0.0
2005-11-21 00:00:00+09:00,1636.990698814392,1636.990698814392,1553.2571592330933,1607.6839599609375,158260,0.0,0.0
2005-11-22 00:00:00+09:00,1624.4307229066505,1708.1642653245192,1561.6305660932492,1632.8040771484375,175887,0.0,0.0
2005-11-23 00:00:00+09:00,1607.68404562982,1699.790944077362,1582.5639824168543,1628.617431640625,159554,0.0,0.0
2005-11-24 00:00:00+09:00,1662.110849257913,1662.110849257913,1599.3106912254982,1628.617431640625,58878,0.0,0.0
2005-11-25 00:00:00+09:00,1607.6839677526596,1653.7374147455744,1544.8838127623214,1574.1905517578125,100385,0.0,0.0
2005-11-28 00:00:00+09:00,1582.5640646067973,1666.2976129986912,1574.1907097676078,1649.5509033203125,96928,0.0,0.0
2005-11-29 00:00:00+09:00,1699.7908659904233,1888.1913314327116,1674.6708039314515,1687.2308349609375,462134,0.0,0.0
2005-11-30 00:00:00+09:00,1712.3508614932791,1712.3508614932791,1641.1773538028494,1708.1641845703125,179439,0.0,0.0
2005-12-01 00:00:00+09:00,1724.9107082723986,1724.9107082723986,1662.1105611265587,1699.7906494140625,119701,0.0,0.0
2005-12-02 00:00:00+09:00,1703.9777282139041,1779.3379225820865,1699.791050749005,1775.1512451171875,96694,0.0,0.0
2005-12-05 00:00:00+09:00,1741.657494145199,1879.817824209602,1741.657494145199,1787.7109375,110413,0.0,0.0
2005-12-06 00:00:00+09:00,1762.5911433339413,1791.8978844345056,1678.8575973323289,1703.9776611328125,123153,0.0,0.0
2005-12-07 00:00:00+09:00,1683.0442746324095,1791.8978844345056,1678.8575973323289,1703.9776611328125,91436,0.0,0.0
2005-12-08 00:00:00+09:00,1678.8574889364122,1703.977551115012,1624.4306875494462,1653.7374267578125,67872,0.0,0.0
2005-12-09 00:00:00+09:00,1632.8042253101146,1699.7910653228373,1632.8042253101146,1645.3642578125,31970,0.0,0.0
2005-12-12 00:00:00+09:00,1632.8039999569164,1791.8977230296416,1632.8039999569164,1708.1641845703125,86958,0.0,0.0
2005-12-13 00:00:00+09:00,1699.790983832732,1703.9776611328125,1607.6840832309583,1703.9776611328125,87347,0.0,0.0
2005-12-14 00:00:00+09:00,1699.7907113882213,1942.6179558722529,1657.923945097871,1904.9378662109375,239879,0.0,0.0
2005-12-15 00:00:00+09:00,1892.3777457753993,1900.7510986328125,1804.45754077256,1900.7510986328125,152190,0.0,0.0
2005-12-16 00:00:00+09:00,1791.897927224099,2001.2317972269143,1733.2844436233108,1858.884765625,129765,0.0,0.0
2005-12-19 00:00:00+09:00,1892.378105596684,2122.645352959112,1884.004751147141,1917.4981689453125,335070,0.0,0.0
2005-12-20 00:00:00+09:00,1950.9917272348873,2043.0986328125,1858.8848216572746,2043.0986328125,164797,0.0,0.0
2005-12-21 00:00:00+09:00,2068.2185242465353,2177.072130785826,2001.231689453125,2001.231689453125,207980,0.0,0.0
2005-12-22 00:00:00+09:00,2001.2318414541392,2001.2318414541392,1720.724449451153,1741.6578369140625,207576,0.0,0.0
2005-12-23 00:00:00+09:00,1708.1641881961632,1783.5243729695235,1674.6707727413366,1691.41748046875,104761,0.0,0.0
2005-12-26 00:00:00+09:00,1750.0310374747078,1825.391225691322,1708.1642662432553,1745.8443603515625,100457,0.0,0.0
2005-12-27 00:00:00+09:00,1708.1644169734075,1758.4045468843901,1666.2976420475886,1741.6578369140625,70032,0.0,0.0
2005-12-28 00:00:00+09:00,1758.8166612681778,1767.3962547377787,1707.3391004505725,1733.077880859375,21672,50.0,0.0
2005-12-29 00:00:00+09:00,1694.4698508015742,1728.7882275266695,1638.7024886232946,1690.1800537109375,93324,0.0,0.0
2006-01-02 00:00:00+09:00,1664.4412344034436,1775.975956296458,1664.4412344034436,1767.3963623046875,32882,0.0,0.0
2006-01-03 00:00:00+09:00,1780.2658834667252,1797.4250727049587,1715.9189238233496,1754.527099609375,35137,0.0,0.0
2006-01-04 00:00:00+09:00,1724.498392345836,1788.8453472841134,1724.498392345836,1767.3963623046875,12633,0.0,0.0
2006-01-05 00:00:00+09:00,1737.3676886630417,1767.3962659979586,1660.1513469446843,1707.339111328125,42666,0.0,0.0
2006-01-06 00:00:00+09:00,1711.628908090256,1771.6860627600895,1664.4411437068154,1707.339111328125,35239,0.0,0.0
2006-01-09 00:00:00+09:00,1707.3393579286053,1788.8455081814784,1677.3107762564941,1703.049560546875,30238,0.0,0.0
2006-01-10 00:00:00+09:00,1724.4984195106906,1733.0780136376095,1685.8902459395558,1711.6290283203125,41446,0.0,0.0
2006-01-11 00:00:00+09:00,1711.6289007841651,1724.498291015625,1690.1799170650652,1724.498291015625,20777,0.0,0.0
2006-01-12 00:00:00+09:00,1733.0778919009108,1737.3676886630417,1681.6003307553392,1707.339111328125,27257,0.0,0.0
2006-01-13 00:00:00+09:00,1737.3678194842762,1737.3678194842762,1660.1514719516415,1694.4698486328125,12490,0.0,0.0
2006-01-16 00:00:00+09:00,1647.282072368421,1711.6290283203125,1647.282072368421,1711.6290283203125,39593,0.0,0.0
2006-01-17 00:00:00+09:00,1681.6004573773735,1750.2372107397152,1677.310660292227,1694.4698486328125,28657,0.0,0.0
2006-01-18 00:00:00+09:00,1715.918719951923,1715.918719951923,1591.5146127554085,1673.020751953125,23601,0.0,0.0
2006-01-19 00:00:00+09:00,1673.020789462601,1673.020789462601,1578.645257749326,1591.5146484375,53543,0.0,0.0
2006-01-20 00:00:00+09:00,1548.6167012532553,1621.5432495117188,1428.5023864746095,1544.326904296875,54011,0.0,0.0
2006-01-23 00:00:00+09:00,1458.530934327727,1510.0084967157643,1346.9962158203125,1346.9962158203125,77167,0.0,0.0
2006-01-24 00:00:00+09:00,1312.6779378255208,1449.9514476634838,1304.098343460648,1389.894287109375,30298,0.0,0.0
2006-01-25 00:00:00+09:00,1415.6329236711774,1445.66150083996,1381.3145497639973,1441.3717041015625,26714,0.0,0.0
2006-01-26 00:00:00+09:00,1445.6614936379824,1458.5308837890625,1411.3431199017693,1458.5308837890625,17712,0.0,0.0
2006-01-27 00:00:00+09:00,1497.1390524050357,1540.0370195226585,1432.7921017286014,1462.8206787109375,26074,0.0,0.0
2006-01-31 00:00:00+09:00,1479.9800535108222,1574.3555931549906,1445.6616754583974,1570.0657958984375,52183,0.0,0.0
2006-02-01 00:00:00+09:00,1570.0655833277208,1570.0655833277208,1458.5308697579921,1492.8492431640625,31596,0.0,0.0
2006-02-02 00:00:00+09:00,1462.8207819475447,1514.2983461216518,1415.6330147879464,1501.428955078125,10595,0.0,0.0
2006-02-03 00:00:00+09:00,1540.037021412569,1540.037021412569,1415.632916618796,1458.5308837890625,23655,0.0,0.0
2006-02-06 00:00:00+09:00,1364.1554742395524,1492.849386903661,1364.1554742395524,1449.951416015625,25026,0.0,0.0
2006-02-07 00:00:00+09:00,1389.8942588557122,1449.9514181889836,1389.8942588557122,1445.66162109375,9348,0.0,0.0
2006-02-08 00:00:00+09:00,1415.6330147879464,1544.3269252232144,1415.6330147879464,1501.428955078125,51252,0.0,0.0
2006-02-09 00:00:00+09:00,1475.6902007603858,1510.008577522255,1424.2126356175816,1445.66162109375,14578,0.0,0.0
2006-02-10 00:00:00+09:00,1462.8208138992538,1501.4289878731345,1394.1840601679105,1437.08203125,40457,0.0,0.0
2006-02-13 00:00:00+09:00,1449.9511792065503,1449.9511792065503,1389.8940297719594,1428.502197265625,26826,0.0,0.0
2006-02-14 00:00:00+09:00,1411.3432594992896,1449.9514337713067,1381.314679509943,1415.633056640625,19478,0.0,0.0
2006-02-15 00:00:00+09:00,1411.3430360619577,1454.2410006839018,1342.7062926668475,1359.865478515625,24522,0.0,0.0
2006-02-16 00:00:00+09:00,1381.3145733056792,1398.4737605517125,1338.416605190596,1385.6043701171875,22667,0.0,0.0
2006-02-17 00:00:00+09:00,1432.7922683715822,1432.7922683715822,1364.1555130004883,1372.735107421875,17459,0.0,0.0
2006-02-20 00:00:00+09:00,1351.286226050254,1398.4739990234375,1342.7066309642207,1398.4739990234375,47351,0.0,0.0
2006-02-21 00:00:00+09:00,1415.6330748374419,1415.6330748374419,1355.5759140867624,1381.314697265625,15920,0.0,0.0
2006-02-22 00:00:00+09:00,1377.0248889048164,1454.241237815367,1359.8657002580273,1402.763671875,12681,0.0,0.0
2006-02-23 00:00:00+09:00,1381.3148088513708,1419.9229867385209,1364.155618679304,1398.4739990234375,28065,0.0,0.0
2006-02-24 00:00:00+09:00,1407.0533541747293,1419.922744609254,1368.4451828711542,1385.6043701171875,24242,0.0,0.0
2006-02-27 00:00:00+09:00,1394.1839599609375,1402.7635535606971,1381.314569561298,1394.1839599609375,23348,0.0,0.0
2006-02-28 00:00:00+09:00,1437.082049168578,1437.082049168578,1394.1840775516055,1402.763671875,15447,0.0,0.0
2006-03-02 00:00:00+09:00,1381.314662594767,1484.269792726054,1381.314662594767,1449.951416015625,41779,0.0,0.0
2006-03-03 00:00:00+09:00,1428.502437033582,1505.7187849813433,1415.6330457089553,1437.08203125,38268,0.0,0.0
2006-03-06 00:00:00+09:00,1432.7923583984375,1479.9801306810207,1402.7637760367936,1432.7923583984375,33698,0.0,0.0
2006-03-07 00:00:00+09:00,1441.3718218380177,1488.5595898148576,1432.7922276604104,1449.951416015625,63623,0.0,0.0
2006-03-08 00:00:00+09:00,1467.1105914448583,1522.877953107967,1407.0534327307414,1475.690185546875,148545,0.0,0.0
2006-03-09 00:00:00+09:00,1484.269649812545,1527.1676165701329,1471.4002597852684,1492.8492431640625,60531,0.0,0.0
2006-03-10 00:00:00+09:00,1488.5595661152402,1518.588145258775,1454.2411899511999,1497.13916015625,50926,0.0,0.0
2006-03-13 00:00:00+09:00,1471.4005126953125,1501.4290945870537,1441.3719308035716,1471.4005126953125,43011,0.0,0.0
2006-03-14 00:00:00+09:00,1437.0819002039293,1475.6900706571691,1437.0819002039293,1458.5308837890625,18781,0.0,0.0
2006-03-15 00:00:00+09:00,1441.3719308035716,1471.4005126953125,1437.0821333904655,1471.4005126953125,21520,0.0,0.0
2006-03-16 00:00:00+09:00,1445.6614918638884,1479.9798655579866,1432.7921017286014,1462.8206787109375,24697,0.0,0.0
2006-03-17 00:00:00+09:00,1484.2697994402986,1492.8493936567165,1437.08203125,1437.08203125,14432,0.0,0.0
2006-03-20 00:00:00+09:00,1437.08203125,1467.1106110074627,1419.922842817164,1437.08203125,38107,0.0,0.0
2006-03-21 00:00:00+09:00,1454.241323042889,1484.2699049346302,1428.5025385642539,1471.4005126953125,43072,0.0,0.0
2006-03-22 00:00:00+09:00,1467.1105893342392,1604.3840947690217,1467.1105893342392,1479.97998046875,61338,0.0,0.0
2006-03-23 00:00:00+09:00,1462.82079439385,1522.877953107967,1454.2412002918334,1475.690185546875,47662,0.0,0.0
2006-03-24 00:00:00+09:00,1475.6901985484467,1484.269792726054,1428.5024305716067,1449.951416015625,38809,0.0,0.0
2006-03-27 00:00:00+09:00,1462.82068779355,1462.82068779355,1385.6043465023947,1441.3717041015625,22923,0.0,0.0
2006-03-28 00:00:00+09:00,1398.4738906860352,1437.0820655822754,1368.4453102111818,1372.735107421875,24238,0.0,0.0
2006-03-29 00:00:00+09:00,1372.735107421875,1394.1840934753418,1338.4167297363283,1372.735107421875,31707,0.0,0.0
2006-03-30 00:00:00+09:00,1394.1840934753418,1394.1840934753418,1359.865715789795,1372.735107421875,16114,0.0,0.0
2006-03-31 00:00:00+09:00,1372.7350917431193,1415.6330633600917,1372.7350917431193,1402.763671875,18058,0.0,0.0
2006-04-03 00:00:00+09:00,1389.8942737926136,1424.2126509232953,1389.8942737926136,1415.633056640625,28509,0.0,0.0
2006-04-04 00:00:00+09:00,1424.21240087744,1449.9511792065503,1402.7634189365147,1428.502197265625,21832,0.0,0.0
2006-04-05 00:00:00+09:00,1432.7922670088988,1638.7025329263454,1419.9228753890584,1604.3841552734375,1395963,0.0,0.0
2006-04-06 00:00:00+09:00,1561.4862013853312,1621.5433629770748,1522.8780260763533,1570.0657958984375,161083,0.0,0.0
2006-04-07 00:00:00+09:00,1552.906492122934,1604.3840553977273,1531.4575074251034,1557.1962890625,105468,0.0,0.0
2006-04-10 00:00:00+09:00,1561.4860701650944,1655.8616018783691,1561.4860701650944,1591.5146484375,194986,0.0,0.0
2006-04-11 00:00:00+09:00,1608.6738715737554,1621.5432625463454,1518.588134765625,1518.588134765625,129516,0.0,0.0
2006-04-12 00:00:00+09:00,1501.42883651558,1535.7472099216504,1475.6900564610273,1492.8492431640625,74158,0.0,0.0
2006-04-13 00:00:00+09:00,1510.008564453125,1715.9188232421875,1505.7187673950195,1715.9188232421875,552712,0.0,0.0
2006-04-14 00:00:00+09:00,1690.1799429667367,1775.9758791579416,1638.7023812520135,1664.441162109375,496257,0.0,0.0
2006-04-17 00:00:00+09:00,1664.4411473129735,1784.5554569128788,1621.5431795987215,1698.759521484375,303249,0.0,0.0
2006-04-18 00:00:00+09:00,1715.918991328534,1724.4985862851765,1638.70263671875,1638.70263671875,140671,0.0,0.0
2006-04-19 00:00:00+09:00,1642.9924341970714,1690.1802064586059,1582.9352695005725,1638.70263671875,140021,0.0,0.0
2006-04-20 00:00:00+09:00,1621.543341796875,1681.6005026041666,1608.6739501953125,1608.6739501953125,170616,0.0,0.0
2006-04-21 00:00:00+09:00,1604.3840391256738,1647.2820080862534,1591.5146484375,1591.5146484375,101167,0.0,0.0
2006-04-24 00:00:00+09:00,1574.355474786444,1612.963647192651,1544.3268962482828,1561.486083984375,88944,0.0,0.0
2006-04-25 00:00:00+09:00,1544.3269339324422,1612.963686551662,1484.269775390625,1484.269775390625,90163,0.0,0.0
2006-04-26 00:00:00+09:00,1488.5596914603668,1703.049560546875,1488.5596914603668,1703.049560546875,385818,0.0,0.0
2006-04-27 00:00:00+09:00,1707.3393292042329,1797.4250727049587,1651.571964179974,1754.527099609375,249818,0.0,0.0
2006-04-28 00:00:00+09:00,1715.9188826453876,1733.0780714718417,1552.9065887940758,1604.3841552734375,304216,0.0,0.0
2006-05-02 00:00:00+09:00,1595.8045770712704,1621.54336057242,1561.4861990697377,1574.3555908203125,98871,0.0,0.0
2006-05-03 00:00:00+09:00,1604.384061686198,1612.9636555989584,1527.1677164713542,1544.326904296875,149453,0.0,0.0
2006-05-04 00:00:00+09:00,1510.0085188356163,1582.935066620291,1510.0085188356163,1565.77587890625,102072,0.0,0.0
2006-05-08 00:00:00+09:00,1621.5433534364442,1638.7025423616976,1582.9351783546242,1587.2249755859375,99333,0.0,0.0
2006-05-09 00:00:00+09:00,1574.3554913810128,1578.6452883602528,1527.167724609375,1527.167724609375,99241,0.0,0.0
2006-05-10 00:00:00+09:00,1510.0085207760987,1565.775880918398,1510.0085207760987,1561.486083984375,33095,0.0,0.0
2006-05-11 00:00:00+09:00,1544.3268942636985,1621.5432389768835,1522.8779096211472,1565.77587890625,35858,0.0,0.0
2006-05-12 00:00:00+09:00,1565.7760080579894,1565.7760080579894,1535.7474270815349,1552.9066162109375,30278,0.0,0.0
2006-05-15 00:00:00+09:00,1552.9065106925318,1552.9065106925318,1510.0085407838983,1518.588134765625,40308,0.0,0.0
2006-05-16 00:00:00+09:00,1527.1677371651786,1527.1677371651786,1467.1105789620535,1501.428955078125,45042,0.0,0.0
2006-05-17 00:00:00+09:00,1484.2697670200894,1510.008549107143,1458.5309849330358,1501.428955078125,40621,0.0,0.0
2006-05-18 00:00:00+09:00,1458.5309119591345,1458.5309119591345,1364.1553823617787,1394.1839599609375,90168,0.0,0.0
2006-05-19 00:00:00+09:00,1385.6046063943875,1445.661771996621,1372.7352137653374,1398.4739990234375,37556,0.0,0.0
2006-05-22 00:00:00+09:00,1398.4738747133026,1415.6330633600917,1364.1554974197247,1402.763671875,45731,0.0,0.0
2006-05-23 00:00:00+09:00,1389.894287109375,1449.9514476634838,1381.3146927445023,1389.894287109375,81609,0.0,0.0
2006-05-24 00:00:00+09:00,1424.2124254485411,1424.2124254485411,1346.9960891290418,1359.865478515625,38772,0.0,0.0
2006-05-25 00:00:00+09:00,1346.996211957328,1407.05336790447,1316.967633983757,1355.5758056640625,26185,0.0,0.0
2006-05-26 00:00:00+09:00,1329.8370302827975,1389.8941864891176,1329.8370302827975,1342.7064208984375,22241,0.0,0.0
2006-05-29 00:00:00+09:00,1338.4166220889729,1394.18398134268,1338.4166220889729,1346.9962158203125,26873,0.0,0.0
2006-05-30 00:00:00+09:00,1351.2860107421875,1398.4737761966765,1351.2860107421875,1351.2860107421875,14084,0.0,0.0
2006-06-01 00:00:00+09:00,1394.1840981537441,1394.1840981537441,1308.3881536519752,1364.155517578125,28055,0.0,0.0
2006-06-02 00:00:00+09:00,1342.7065646522922,1377.0249433015522,1295.51879400956,1304.098388671875,27784,0.0,0.0
2006-06-05 00:00:00+09:00,1291.2288879804162,1346.9962485908661,1261.200309190174,1278.3594970703125,38967,0.0,0.0
2006-06-07 00:00:00+09:00,1261.200413501169,1261.200413501169,1089.6085205078125,1089.6085205078125,106235,0.0,0.0
2006-06-08 00:00:00+09:00,1068.1596263538709,1166.8249733664773,1068.1596263538709,1132.506591796875,75486,0.0,0.0
2006-06-09 00:00:00+09:00,1115.347401012074,1201.1433549360795,1102.4780079234731,1132.506591796875,31852,0.0,0.0
2006-06-12 00:00:00+09:00,1098.187975285171,1158.2451301835788,1085.318584949798,1128.216552734375,20029,0.0,0.0
2006-06-13 00:00:00+09:00,1076.7392062717013,1158.245361328125,1076.7392062717013,1158.245361328125,22549,0.0,0.0
2006-06-14 00:00:00+09:00,1158.245361328125,1166.8249565972221,1115.347384982639,1158.245361328125,75992,0.0,0.0
2006-06-15 00:00:00+09:00,1201.1431715223525,1244.041141933865,1162.5349981519912,1235.4615478515625,108497,0.0,0.0
2006-06-16 00:00:00+09:00,1209.7227761635934,1239.7513557137534,1175.4043995348388,1214.0125732421875,109050,0.0,0.0
2006-06-19 00:00:00+09:00,1201.143310546875,1218.3025006975447,1158.2453351702009,1201.143310546875,37639,0.0,0.0
2006-06-20 00:00:00+09:00,1145.3759905400168,1218.3025517354486,1123.927001953125,1123.927001953125,61015,0.0,0.0
2006-06-21 00:00:00+09:00,1128.2165383201684,1235.4614564114393,1128.2165383201684,1162.534912109375,253600,0.0,0.0
2006-06-22 00:00:00+09:00,1205.4331297032975,1205.4331297032975,1141.0861654842602,1166.824951171875,24365,0.0,0.0
2006-06-23 00:00:00+09:00,1192.5636261674695,1192.5636261674695,1106.7676818388745,1141.0860595703125,26802,0.0,0.0
2006-06-26 00:00:00+09:00,1119.6369647686297,1158.245135967548,1115.34716796875,1115.34716796875,33959,0.0,0.0
2006-06-27 00:00:00+09:00,1132.5064937561517,1132.5064937561517,1089.6085205078125,1089.6085205078125,11794,0.0,0.0
2006-06-28 00:00:00+09:00,1072.449214874752,1115.347183469742,1072.449214874752,1081.02880859375,5988,0.0,0.0
2006-06-29 00:00:00+09:00,1111.05760880099,1123.927001953125,1085.31882249672,1123.927001953125,45402,0.0,0.0
2006-06-30 00:00:00+09:00,1119.6369483692495,1158.245119002672,1119.6369483692495,1153.955322265625,107056,0.0,0.0
2006-07-03 00:00:00+09:00,1132.5064496050823,1192.5636098114126,1132.5064496050823,1171.1146240234375,107854,0.0,0.0
2006-07-04 00:00:00+09:00,1171.114483040823,1261.2002125055017,1166.8246863996478,1218.30224609375,329850,0.0,0.0
2006-07-05 00:00:00+09:00,1192.5636075430543,1214.0125932902315,1158.2452303475707,1175.4044189453125,19747,0.0,0.0
2006-07-06 00:00:00+09:00,1171.1146024562445,1218.3023703207818,1153.9554141418673,1214.0125732421875,75687,0.0,0.0
2006-07-07 00:00:00+09:00,1235.4615082183443,1389.8941967456371,1222.5921175077365,1321.2574462890625,757255,0.0,0.0
2006-07-10 00:00:00+09:00,1458.5310872395833,1458.5310872395833,1286.9391946231617,1312.677978515625,651861,0.0,0.0
2006-07-11 00:00:00+09:00,1312.6780408494017,1372.7352061170213,1209.722900390625,1209.722900390625,487625,0.0,0.0
2006-07-12 00:00:00+09:00,1214.012730577257,1226.8821234809027,1158.245361328125,1158.245361328125,186281,0.0,0.0
2006-07-13 00:00:00+09:00,1153.9555859747734,1158.2453836921518,1123.927001953125,1123.927001953125,97661,0.0,0.0
2006-07-14 00:00:00+09:00,1098.1880986590038,1145.3758685232579,1098.1880986590038,1119.6370849609375,36130,0.0,0.0
2006-07-18 00:00:00+09:00,1106.7676840728184,1162.5350479989681,1106.7676840728184,1136.7962646484375,125239,0.0,0.0
2006-07-19 00:00:00+09:00,1162.5350456524611,1183.98403173461,1136.7962623538826,1141.0860595703125,84242,0.0,0.0
2006-07-20 00:00:00+09:00,1166.8247237404944,1171.114520518952,1128.216552734375,1128.216552734375,57470,0.0,0.0
2006-07-21 00:00:00+09:00,1128.2166701982608,1141.086061873526,1102.47788684773,1136.7962646484375,34466,0.0,0.0
2006-07-24 00:00:00+09:00,1132.506357082529,1162.5349347324445,1111.057373046875,1111.057373046875,23189,0.0,0.0
2006-07-25 00:00:00+09:00,1123.9267615685096,1145.3757455679086,1115.34716796875,1115.34716796875,22881,0.0,0.0
2006-07-26 00:00:00+09:00,1123.9268822213241,1136.7962740024843,1115.3472877005506,1119.6370849609375,12235,0.0,0.0
2006-07-27 00:00:00+09:00,1115.3472877005506,1153.9554630440314,1115.3472877005506,1119.6370849609375,47323,0.0,0.0
2006-07-28 00:00:00+09:00,1123.9268729731723,1166.8248452240566,1119.6370757480838,1136.7962646484375,28730,0.0,0.0
2006-07-31 00:00:00+09:00,1132.5065599524457,1183.984130859375,1132.5065599524457,1183.984130859375,57413,0.0,0.0
2006-08-01 00:00:00+09:00,1183.9838994249535,1201.1430863731412,1149.665525528578,1153.955322265625,9675,0.0,0.0
2006-08-02 00:00:00+09:00,1183.984141630285,1196.8535344740924,1141.0861654842602,1166.824951171875,33642,0.0,0.0
2006-08-03 00:00:00+09:00,1201.1433211616848,1278.359677522079,1166.8249405570652,1183.984130859375,100007,0.0,0.0
2006-08-04 00:00:00+09:00,1235.4614451714801,1239.7512418561034,1158.2451048482626,1188.273681640625,49165,0.0,0.0
2006-08-07 00:00:00+09:00,1158.2452325506524,1256.9105671753375,1153.9554353930573,1171.1146240234375,46226,0.0,0.0
2006-08-08 00:00:00+09:00,1171.1147007893042,1299.808623952964,1158.2453084729382,1248.3310546875,193003,0.0,0.0
2006-08-09 00:00:00+09:00,1235.4614451714801,1321.257378863944,1188.273681640625,1188.273681640625,428652,0.0,0.0
2006-08-10 00:00:00+09:00,1179.694322858538,1231.171893310547,1175.4045253208706,1201.143310546875,169917,0.0,0.0
2006-08-11 00:00:00+09:00,1209.7229163128397,1231.171904190727,1183.984130859375,1183.984130859375,14764,0.0,0.0
2006-08-14 00:00:00+09:00,1175.4045357082202,1205.4331187372622,1158.2453454059105,1183.984130859375,22526,0.0,0.0
2006-08-16 00:00:00+09:00,1171.1145055566767,1179.6940990039784,1162.534912109375,1162.534912109375,24423,0.0,0.0
2006-08-17 00:00:00+09:00,1158.2453559426701,1192.56373685949,1141.0861654842602,1166.824951171875,43376,0.0,0.0
2006-08-18 00:00:00+09:00,1162.5350188111229,1312.6779179195705,1162.5350188111229,1192.5635986328125,699134,0.0,0.0
2006-08-21 00:00:00+09:00,1226.8819870721725,1248.3309728601475,1171.1146240234375,1171.1146240234375,368976,0.0,0.0
2006-08-22 00:00:00+09:00,1171.1147381326427,1218.3025114639947,1171.1147381326427,1183.984130859375,339437,0.0,0.0
2006-08-23 00:00:00+09:00,1179.6940990039784,1192.563489174931,1162.534912109375,1162.534912109375,96726,0.0,0.0
2006-08-24 00:00:00+09:00,1162.535041011981,1171.1146354105936,1136.796257816144,1149.6656494140625,72489,0.0,0.0
2006-08-25 00:00:00+09:00,1141.0860572843515,1162.535043323531,1141.0860572843515,1145.3758544921875,27142,0.0,0.0
2006-08-28 00:00:00+09:00,1166.824840531367,1166.824840531367,1136.7962600765156,1145.3758544921875,27303,0.0,0.0
2006-08-29 00:00:00+09:00,1162.5350297082475,1244.0411757025527,1141.0860439202725,1171.1146240234375,154349,0.0,0.0
2006-08-30 00:00:00+09:00,1192.56372601053,1214.0127138884172,1171.1147381326427,1183.984130859375,133510,0.0,0.0
2006-08-31 00:00:00+09:00,1201.1431995738635,1214.0125909978692,1179.6942138671875,1179.6942138671875,102155,0.0,0.0
2006-09-01 00:00:00+09:00,1201.1431928675809,1214.0125842197335,1179.6942072806598,1192.5635986328125,193965,0.0,0.0
2006-09-04 00:00:00+09:00,1192.5637154715403,1226.8820957728794,1183.9841203962053,1201.143310546875,190309,0.0,0.0
2006-09-05 00:00:00+09:00,1201.1431995738635,1201.1431995738635,1158.2452281605113,1179.6942138671875,112820,0.0,0.0
2006-09-06 00:00:00+09:00,1179.6942072806598,1222.592178454502,1175.4044101632755,1192.5635986328125,114522,0.0,0.0
2006-09-07 00:00:00+09:00,1192.5636098114126,1244.0411757025527,1162.5350297082475,1171.1146240234375,199825,0.0,0.0
2006-09-08 00:00:00+09:00,1248.3309588688676,1329.8371039496528,1196.8533935546875,1196.8533935546875,768042,0.0,0.0
2006-09-11 00:00:00+09:00,1209.7229273178998,1218.302522547105,1162.5351535572727,1166.824951171875,175383,0.0,0.0
2006-09-12 00:00:00+09:00,1183.984115275931,1222.592292947972,1166.8249251994682,1209.722900390625,179121,0.0,0.0
2006-09-13 00:00:00+09:00,1222.5921762117775,1261.2003501974127,1196.8533935546875,1196.8533935546875,172185,0.0,0.0
2006-09-14 00:00:00+09:00,1196.8532680090636,1226.8818446257785,1196.8532680090636,1205.432861328125,77177,0.0,0.0
2006-09-15 00:00:00+09:00,1218.3022443804823,1261.2002107319079,1218.3022443804823,1222.592041015625,142183,0.0,0.0
2006-09-18 00:00:00+09:00,1226.8818393761003,1248.3308225819762,1218.30224609375,1218.30224609375,131683,0.0,0.0
2006-09-19 00:00:00+09:00,1218.3024954288564,1239.751483024435,1201.1433053523938,1209.722900390625,111539,0.0,0.0
2006-09-20 00:00:00+09:00,1214.0126979097408,1214.0126979097408,1179.6943177568153,1209.722900390625,120081,0.0,0.0
2006-09-21 00:00:00+09:00,1209.722900390625,1244.0412805435506,1196.853507833278,1209.722900390625,76501,0.0,0.0
2006-09-22 00:00:00+09:00,1209.722647743358,1231.171630859375,1188.273664627341,1231.171630859375,80834,0.0,0.0
2006-09-25 00:00:00+09:00,1235.4615521197552,1282.6493197354403,1226.8819580078125,1226.8819580078125,110340,0.0,0.0
2006-09-26 00:00:00+09:00,1244.041015625,1248.3308122306034,1218.3022359913793,1244.041015625,55588,0.0,0.0
2006-09-27 00:00:00+09:00,1244.0411134429326,1304.098270643626,1231.1717226142125,1295.5186767578125,356756,0.0,0.0
2006-09-28 00:00:00+09:00,1312.6780162693299,1372.7351804123712,1248.3310546875,1248.3310546875,570359,0.0,0.0
2006-09-29 00:00:00+09:00,1248.3308173521887,1261.2002072217988,1192.5634612505444,1231.171630859375,238041,0.0,0.0
2006-10-02 00:00:00+09:00,1239.7512190193966,1248.3308122306034,1205.432846174569,1244.041015625,156408,0.0,0.0
2006-10-04 00:00:00+09:00,1222.592142396054,1269.7799092955509,1218.3023454051906,1265.4901123046875,173151,0.0,0.0
2006-10-09 00:00:00+09:00,1244.0411757025527,1278.3595529633126,1081.0288837139422,1171.1146240234375,122190,0.0,0.0
2006-10-10 00:00:00+09:00,1132.5065599524457,1192.56372601053,1132.5065599524457,1183.984130859375,72162,0.0,0.0
2006-10-11 00:00:00+09:00,1162.5349157397188,1183.9838994249535,1136.7961353174373,1153.955322265625,65696,0.0,0.0
2006-10-12 00:00:00+09:00,1153.9553081636395,1201.1430716944947,1153.9553081636395,1188.273681640625,62553,0.0,0.0
2006-10-13 00:00:00+09:00,1192.563464569627,1239.751227556195,1192.563464569627,1222.592041015625,72653,0.0,0.0
2006-10-16 00:00:00+09:00,1231.1718527304158,1278.3596240894215,1214.012663145323,1269.780029296875,178520,0.0,0.0
2006-10-17 00:00:00+09:00,1269.7798112210855,1269.7798112210855,1175.4042847114101,1205.432861328125,151107,0.0,0.0
2006-10-18 00:00:00+09:00,1201.143280447346,1261.2004444697131,1196.8534830171768,1252.620849609375,182526,0.0,0.0
2006-10-19 00:00:00+09:00,1252.620707328746,1299.808473700719,1239.751316500026,1295.5186767578125,224121,0.0,0.0
2006-10-20 00:00:00+09:00,1304.0984009197325,1329.8371851484114,1269.7800219481605,1282.6494140625,170842,0.0,0.0
2006-10-23 00:00:00+09:00,1286.9392239317604,1471.4005126953125,1265.4902368662308,1471.4005126953125,1447803,0.0,0.0
2006-10-24 00:00:00+09:00,1617.2535031701102,1690.1800537109375,1497.139184632277,1690.1800537109375,1740699,0.0,0.0
2006-10-25 00:00:00+09:00,1741.6575620022509,1758.8167498052285,1479.9799480068386,1548.61669921875,1304198,0.0,0.0
2006-10-26 00:00:00+09:00,1557.1962951660157,1630.1228434244792,1462.820762125651,1544.326904296875,418012,0.0,0.0
2006-10-27 00:00:00+09:00,1535.7473023802368,1570.065677852421,1449.9513636997767,1561.486083984375,258003,0.0,0.0
2006-10-30 00:00:00+09:00,1518.5882379521322,1630.1229672932493,1488.5596569756776,1552.9066162109375,310785,0.0,0.0
2006-10-31 00:00:00+09:00,1544.327021646236,1595.804589034444,1540.0372243638853,1552.9066162109375,126264,0.0,0.0
2006-11-01 00:00:00+09:00,1587.224961950424,1681.6005002285572,1565.7759759781209,1612.9637451171875,229377,0.0,0.0
2006-11-02 00:00:00+09:00,1621.543321609497,1647.2821044921875,1557.196364402771,1647.2821044921875,86879,0.0,0.0
2006-11-03 00:00:00+09:00,1664.441193611391,1664.441193611391,1591.514646468624,1595.804443359375,110706,0.0,0.0
2006-11-06 00:00:00+09:00,1561.4862013853312,1587.2249849246498,1535.7474178460127,1570.0657958984375,56561,0.0,0.0
2006-11-07 00:00:00+09:00,1570.0657924107143,1801.71484375,1565.7759951636904,1801.71484375,1780462,0.0,0.0
2006-11-08 00:00:00+09:00,2071.9719381893383,2071.9719381893383,1531.45751953125,1531.45751953125,6379785,0.0,0.0
2006-11-09 00:00:00+09:00,1437.0820561161747,1484.2698251229745,1364.1555040147568,1389.894287109375,2645132,0.0,0.0
2006-11-10 00:00:00+09:00,1394.1839793371776,1394.1839793371776,1308.3880421471974,1351.2860107421875,1335392,0.0,0.0
2006-11-13 00:00:00+09:00,1346.9962197328225,1372.7350010016025,1312.6778447077825,1338.4166259765625,806730,0.0,0.0
2006-11-14 00:00:00+09:00,1346.9962197328225,1407.0533760266426,1338.4166259765625,1338.4166259765625,1585130,0.0,0.0
2006-11-15 00:00:00+09:00,1351.2861720056437,1364.1555641199832,1282.6494140625,1282.6494140625,922784,0.0,0.0
2006-11-16 00:00:00+09:00,1295.51879400956,1377.0249433015522,1274.0698073537726,1304.098388671875,1519980,0.0,0.0
2006-11-17 00:00:00+09:00,1321.2575904055184,1329.8371851484114,1278.3596166910536,1282.6494140625,429384,0.0,0.0
2006-11-20 00:00:00+09:00,1269.7799285675262,1291.228913847383,1226.8819580078125,1226.8819580078125,536179,0.0,0.0
2006-11-21 00:00:00+09:00,1231.1718879862035,1252.620875581782,1196.853507833278,1209.722900390625,501311,0.0,0.0
2006-11-22 00:00:00+09:00,1214.0124494525749,1235.4614326584506,1196.853262887874,1218.30224609375,422224,0.0,0.0
2006-11-23 00:00:00+09:00,1226.8818446257785,1244.0410312639012,1205.432861328125,1205.432861328125,467370,0.0,0.0
2006-11-24 00:00:00+09:00,1205.4329877737175,1218.3023791022624,1188.2737993356575,1196.8533935546875,335938,0.0,0.0
2006-11-27 00:00:00+09:00,1188.2739127950465,1226.882090467088,1183.984115275931,1209.722900390625,374924,0.0,0.0
2006-11-28 00:00:00+09:00,1188.2738081498578,1192.5636052911932,1153.955431019176,1179.6942138671875,294763,0.0,0.0
2006-11-29 00:00:00+09:00,1179.6943332837977,1201.1433211616848,1171.1147381326427,1183.984130859375,256306,0.0,0.0
2006-11-30 00:00:00+09:00,1192.5635986328125,1222.592178454502,1188.2738015154282,1192.5635986328125,180794,0.0,0.0
2006-12-01 00:00:00+09:00,1179.6940990039784,1192.563489174931,1162.534912109375,1162.534912109375,236857,0.0,0.0
2006-12-04 00:00:00+09:00,1149.665760713465,1179.6943440156824,1149.665760713465,1166.824951171875,115715,0.0,0.0
2006-12-05 00:00:00+09:00,1162.535041011981,1175.4044326098997,1145.3758522147564,1149.6656494140625,112630,0.0,0.0
2006-12-06 00:00:00+09:00,1149.6657351230053,1235.461685505319,1149.6657351230053,1209.722900390625,607422,0.0,0.0
2006-12-07 00:00:00+09:00,1218.3024954288564,1222.592292947972,1192.5637103141623,1209.722900390625,193354,0.0,0.0
2006-12-08 00:00:00+09:00,1214.012663145323,1316.9678006558804,1192.5636761639569,1269.780029296875,491838,0.0,0.0
2006-12-11 00:00:00+09:00,1286.9392581102325,1432.7923740293922,1265.4902704750618,1407.0535888671875,1099974,0.0,0.0
2006-12-12 00:00:00+09:00,1415.6329439603364,1501.4288799579326,1286.9390399639424,1394.1839599609375,836051,0.0,0.0
2006-12-13 00:00:00+09:00,1398.4737367175874,1467.1104845319473,1355.5757693336122,1441.3717041015625,486024,0.0,0.0
2006-12-14 00:00:00+09:00,1441.3718580163045,1475.6902355881211,1372.735102872671,1381.314697265625,251356,0.0,0.0
2006-12-15 00:00:00+09:00,1364.155577367666,1518.5882842394772,1364.155577367666,1471.4005126953125,544175,0.0,0.0
2006-12-18 00:00:00+09:00,1497.1392725439316,1552.9066379968574,1471.400488488735,1514.2984619140625,444696,0.0,0.0
2006-12-19 00:00:00+09:00,1518.5882641392895,1617.2536033347799,1467.1106958633814,1505.7188720703125,829852,0.0,0.0
2006-12-20 00:00:00+09:00,1501.42896354543,1527.1677457776373,1458.5309931584177,1484.269775390625,215682,0.0,0.0
2006-12-21 00:00:00+09:00,1479.9799783519238,1510.0085576228325,1445.661602042314,1484.269775390625,182179,0.0,0.0
2006-12-22 00:00:00+09:00,1458.5310502485795,1647.2821273395723,1458.5310502485795,1604.3841552734375,412698,0.0,0.0
2006-12-26 00:00:00+09:00,1600.0943468239816,1651.5719129416432,1557.1963750592636,1625.8331298828125,185238,0.0,0.0
2006-12-27 00:00:00+09:00,1625.8331554246986,1625.8331554246986,1561.4861967667289,1578.6453857421875,112705,0.0,0.0
2006-12-28 00:00:00+09:00,1578.6452799479168,1630.1228434244792,1527.1677164713542,1544.326904296875,143993,0.0,0.0
2007-01-02 00:00:00+09:00,1544.3270032728042,1608.6739617425044,1531.457611578864,1587.2249755859375,56093,0.0,0.0
2007-01-03 00:00:00+09:00,1587.2249088730923,1587.2249088730923,1475.690185546875,1475.690185546875,80029,0.0,0.0
2007-01-04 00:00:00+09:00,1458.530965169271,1561.4860921223958,1458.530965169271,1544.326904296875,113908,0.0,0.0
2007-01-05 00:00:00+09:00,1522.8779465733069,1557.1963228341137,1458.5309910842939,1488.5595703125,59771,0.0,0.0
2007-01-08 00:00:00+09:00,1522.878056599128,1540.0372459692592,1510.0086645715298,1514.2984619140625,49866,0.0,0.0
2007-01-09 00:00:00+09:00,1540.0371134782038,1540.0371134782038,1492.849346769958,1531.45751953125,60656,0.0,0.0
2007-01-10 00:00:00+09:00,1544.3271621919014,1544.3271621919014,1479.9801971005722,1522.878173828125,66409,0.0,0.0
2007-01-11 00:00:00+09:00,1522.8780171162373,1621.5433534364442,1514.2984226536107,1587.2249755859375,139903,0.0,0.0
2007-01-12 00:00:00+09:00,1608.6739301681519,1741.657641728719,1595.8045387268066,1647.2821044921875,236504,0.0,0.0
2007-01-15 00:00:00+09:00,1621.5433440998913,1651.5719245461858,1561.486183207303,1604.3841552734375,60930,0.0,0.0
2007-01-16 00:00:00+09:00,1630.122957490181,1630.122957490181,1561.4862013853312,1570.0657958984375,56436,0.0,0.0
2007-01-17 00:00:00+09:00,1548.6168406543245,1574.3556247095212,1497.1392725439316,1514.2984619140625,153800,0.0,0.0
2007-01-18 00:00:00+09:00,1492.8494542580281,1578.6453999050414,1492.8494542580281,1552.9066162109375,186021,0.0,0.0
2007-01-19 00:00:00+09:00,1565.7760325345125,1587.2250192815607,1510.0086669921875,1510.0086669921875,67708,0.0,0.0
2007-01-22 00:00:00+09:00,1544.3271538931565,1557.1965468422661,1505.7189750458276,1535.74755859375,25381,0.0,0.0
2007-01-23 00:00:00+09:00,1497.1390542423023,1501.428850959329,1449.9512903550092,1458.5308837890625,135863,0.0,0.0
2007-01-24 00:00:00+09:00,1475.690185546875,1544.3269383630088,1449.951403240825,1475.690185546875,40904,0.0,0.0
2007-01-25 00:00:00+09:00,1540.037154880501,1540.037154880501,1449.951416015625,1449.951416015625,35062,0.0,0.0
2007-01-26 00:00:00+09:00,1385.6044617604784,1475.6902007603858,1385.6044617604784,1445.66162109375,45684,0.0,0.0
2007-01-29 00:00:00+09:00,1441.371717087766,1441.371717087766,1411.3431396484375,1411.3431396484375,37474,0.0,0.0
2007-01-30 00:00:00+09:00,1411.3431471604567,1428.502334359976,1355.575788762019,1394.1839599609375,71522,0.0,0.0
2007-01-31 00:00:00+09:00,1398.473768276107,1398.473768276107,1364.1553935944846,1368.4451904296875,51122,0.0,0.0
2007-02-01 00:00:00+09:00,1351.2860030888764,1398.473768276107,1351.2860030888764,1368.4451904296875,48424,0.0,0.0
2007-02-02 00:00:00+09:00,1351.2860088106952,1364.155399370797,1351.2860088106952,1355.5758056640625,76856,0.0,0.0
2007-02-05 00:00:00+09:00,1342.7064228546924,1385.6043916359924,1338.4166259765625,1338.4166259765625,121393,0.0,0.0
2007-02-06 00:00:00+09:00,1334.1269088699019,1475.690214312689,1308.3881260621224,1419.9228515625,368162,0.0,0.0
2007-02-07 00:00:00+09:00,1419.9227204095748,1501.4288584391275,1419.9227204095748,1441.3717041015625,115934,0.0,0.0
2007-02-08 00:00:00+09:00,1475.6902052238806,1475.6902052238806,1402.7636543843284,1437.08203125,97750,0.0,0.0
2007-02-09 00:00:00+09:00,1437.0820162589089,1475.6901898300437,1437.0820162589089,1467.110595703125,47902,0.0,0.0
2007-02-12 00:00:00+09:00,1510.0084298670977,1510.0084298670977,1467.1104631095097,1492.8492431640625,32870,0.0,0.0
2007-02-13 00:00:00+09:00,1544.3269104516808,1570.065692292542,1475.6901588760504,1531.45751953125,44177,0.0,0.0
2007-02-14 00:00:00+09:00,1544.3269104516808,1578.6452862394958,1527.1677225577732,1531.45751953125,44177,0.0,0.0
2007-02-15 00:00:00+09:00,1505.7187376903887,1531.45751953125,1475.6901588760504,1531.45751953125,64218,0.0,0.0
2007-02-16 00:00:00+09:00,1531.457611578864,1587.2249755859375,1484.2698420344173,1587.2249755859375,71829,0.0,0.0
2007-02-20 00:00:00+09:00,1587.2249802299168,1604.3841692053752,1548.616805035135,1578.6453857421875,64364,0.0,0.0
2007-02-21 00:00:00+09:00,1600.094256390582,1600.094256390582,1548.6166931823059,1561.486083984375,53143,0.0,0.0
2007-02-22 00:00:00+09:00,1557.19643533939,1561.486232681923,1514.2984619140625,1514.2984619140625,52889,0.0,0.0
2007-02-23 00:00:00+09:00,1565.7760080579894,1565.7760080579894,1514.2984406697815,1552.9066162109375,72037,0.0,0.0
2007-02-26 00:00:00+09:00,1570.065694401773,1570.065694401773,1484.2697548169767,1527.167724609375,53438,0.0,0.0
2007-02-27 00:00:00+09:00,1527.1677457776373,1527.1677457776373,1458.5309931584177,1484.269775390625,48790,0.0,0.0
2007-02-28 00:00:00+09:00,1454.241094316755,1454.241094316755,1389.8941432407923,1441.3717041015625,52825,0.0,0.0
2007-03-05 00:00:00+09:00,1411.3431396484375,1441.371717087766,1398.4737493172968,1411.3431396484375,33654,0.0,0.0
2007-03-06 00:00:00+09:00,1389.894242527174,1497.139168648098,1389.894242527174,1479.97998046875,25593,0.0,0.0
2007-03-07 00:00:00+09:00,1544.3269383630088,1544.3269383630088,1475.690185546875,1475.690185546875,45114,0.0,0.0
2007-03-08 00:00:00+09:00,1475.6903101084183,1505.7188920001595,1467.1107152822067,1471.4005126953125,33787,0.0,0.0
2007-03-09 00:00:00+09:00,1467.1105810127149,1510.0085512177652,1467.1105810127149,1497.13916015625,30658,0.0,0.0
2007-03-12 00:00:00+09:00,1479.979957837737,1557.1963034640537,1479.979957837737,1527.167724609375,42871,0.0,0.0
2007-03-13 00:00:00+09:00,1522.877901899136,1685.890184355945,1501.4289173653453,1582.93505859375,129547,0.0,0.0
2007-03-14 00:00:00+09:00,1544.3270032728042,1642.9923395930111,1497.1392337283573,1587.2249755859375,43227,0.0,0.0
2007-03-15 00:00:00+09:00,1604.3839995715082,1733.0779032804528,1587.2248124103157,1681.600341796875,317925,0.0,0.0
2007-03-16 00:00:00+09:00,1617.2534121864721,1707.3391460217929,1612.9636153371712,1630.122802734375,429541,0.0,0.0
2007-03-19 00:00:00+09:00,1617.2534227174806,1874.6412353515625,1544.3268758044908,1874.6412353515625,429541,0.0,0.0
2007-03-20 00:00:00+09:00,1878.9312794536625,2033.3639873539635,1818.874115270212,1870.3516845703125,454154,0.0,0.0
2007-03-21 00:00:00+09:00,1818.8738797593392,1930.4085988011855,1754.5269264659662,1866.0616455078125,175305,0.0,0.0
2007-03-22 00:00:00+09:00,1896.0902766530107,1913.24946467702,1733.0779904249239,1758.8167724609375,152487,0.0,0.0
2007-03-23 00:00:00+09:00,1737.3677078718993,1801.714660015303,1664.441162109375,1664.441162109375,109660,0.0,0.0
2007-03-26 00:00:00+09:00,1638.7023945004921,1715.9187376968503,1612.9636134350394,1634.41259765625,150871,0.0,0.0
2007-03-27 00:00:00+09:00,1630.122783954327,1694.469735952524,1565.7758319561297,1673.020751953125,685421,0.0,0.0
2007-03-28 00:00:00+09:00,1677.310818110671,1870.3517051055053,1651.5720331780265,1836.0333251953125,529332,0.0,0.0
2007-03-29 00:00:00+09:00,1810.294540262668,1857.482312639183,1733.0781854647344,1836.0333251953125,159346,0.0,0.0
2007-03-30 00:00:00+09:00,1836.0328070746527,2007.624658203125,1775.9756591796875,1930.4083251953125,434656,0.0,0.0
2007-04-02 00:00:00+09:00,1964.727411154042,2041.9437722911005,1930.4090284264605,1973.3070068359375,205616,0.0,0.0
2007-04-03 00:00:00+09:00,2016.204499351472,2269.3025109721884,2011.914702544341,2222.11474609375,1052939,0.0,0.0
2007-04-04 00:00:00+09:00,2170.6373915134513,2325.0700913049222,2102.0006360505754,2282.172119140625,398236,0.0,0.0
2007-04-05 00:00:00+09:00,2239.273896738499,2419.4453596944704,2187.796335893936,2307.91064453125,488472,0.0,0.0
2007-04-06 00:00:00+09:00,2325.0701842645203,2646.8049883601643,2256.4334260574497,2548.1396484375,806564,0.0,0.0
2007-04-09 00:00:00+09:00,2573.8782970183483,2929.93146143922,2561.008905533257,2805.52734375,1258140,0.0,0.0
2007-04-10 00:00:00+09:00,2908.482617840719,2917.062212583612,2530.9804491534283,2565.298828125,788430,0.0,0.0
2007-04-11 00:00:00+09:00,2282.172119140625,2565.298735424988,2226.404755327038,2282.172119140625,756789,0.0,0.0
2007-04-12 00:00:00+09:00,2282.172173882467,2621.066162109375,2213.5354167732203,2621.066162109375,756789,0.0,0.0
2007-04-13 00:00:00+09:00,2621.0659199699026,2814.1067815061474,2458.0536368948515,2616.776123046875,720264,0.0,0.0
2007-04-16 00:00:00+09:00,2608.1968271683672,2633.9356116470026,2500.9518918407207,2522.40087890625,300323,0.0,0.0
2007-04-17 00:00:00+09:00,2445.1845964704244,2552.4295349121094,2355.0988481794084,2402.28662109375,292794,0.0,0.0
2007-04-18 00:00:00+09:00,2402.2863835278276,2483.792528683236,2359.388412393402,2389.4169921875,209946,0.0,0.0
2007-04-19 00:00:00+09:00,2367.9680423983364,2462.343580320009,2316.4904762592423,2320.7802734375,120347,0.0,0.0
2007-04-20 00:00:00+09:00,2320.780015066456,2436.604525984745,2260.722861256973,2355.098388671875,167447,0.0,0.0
2007-04-23 00:00:00+09:00,2436.6045026134343,2449.4738925920265,2372.257552720474,2410.86572265625,118533,0.0,0.0
2007-04-24 00:00:00+09:00,2389.4167393585967,2423.735112634842,2303.6208061679827,2410.86572265625,166544,0.0,0.0
2007-04-25 00:00:00+09:00,2402.2865349264707,2629.645796267726,2372.25795323989,2552.429443359375,192750,0.0,0.0
2007-04-26 00:00:00+09:00,2591.037437776549,2608.196626106195,2410.8659603152655,2423.7353515625,158622,0.0,0.0
2007-04-27 00:00:00+09:00,2402.286165244465,2458.053522651926,2273.5922635349402,2325.06982421875,140602,0.0,0.0
2007-04-30 00:00:00+09:00,2277.882359704306,2312.200738004936,2144.8986437893655,2213.535400390625,132141,0.0,0.0
2007-05-02 00:00:00+09:00,2196.3762088974854,2265.012965425532,2187.7966143314798,2217.8251953125,65771,0.0,0.0
2007-05-03 00:00:00+09:00,2222.11521760198,2265.013194775763,2222.11521760198,2247.85400390625,47907,0.0,0.0
2007-05-04 00:00:00+09:00,2213.5355222441162,2573.8785142373445,2187.796737101743,2415.156005859375,175141,0.0,0.0
2007-05-07 00:00:00+09:00,2500.9519644601005,2500.9519644601005,2359.388645717076,2402.28662109375,59712,0.0,0.0
2007-05-08 00:00:00+09:00,2355.0988904167625,2415.1560570211973,2333.64990234375,2333.64990234375,41253,0.0,0.0
2007-05-09 00:00:00+09:00,2346.51904520447,2402.286408253205,2342.229248046875,2342.229248046875,19102,0.0,0.0
2007-05-10 00:00:00+09:00,2329.360083538553,2406.5764398989472,2329.360083538553,2367.96826171875,38915,0.0,0.0
2007-05-11 00:00:00+09:00,2333.6498604910716,2402.28662109375,2265.013099888393,2402.28662109375,104025,0.0,0.0
2007-05-14 00:00:00+09:00,2428.0248989051497,2458.0534753933757,2367.9677459286972,2436.6044921875,70764,0.0,0.0
2007-05-15 00:00:00+09:00,2479.5027338480777,2479.5027338480777,2376.5476030308564,2385.127197265625,23562,0.0,0.0
2007-05-16 00:00:00+09:00,2312.2006462700933,2436.6047626742356,2273.592472213635,2385.127197265625,51579,0.0,0.0
2007-05-17 00:00:00+09:00,2389.416951921251,2475.2128927442764,2389.416951921251,2470.923095703125,75312,0.0,0.0
2007-05-18 00:00:00+09:00,2410.8657022403095,2535.2698043132077,2325.069769776241,2462.34326171875,60641,0.0,0.0
2007-05-21 00:00:00+09:00,2483.792510716261,2509.53129321073,2367.9679894911505,2423.7353515625,30901,0.0,0.0
2007-05-22 00:00:00+09:00,2397.9966391802727,2462.3435972978114,2290.751708984375,2290.751708984375,44031,0.0,0.0
2007-05-23 00:00:00+09:00,2307.911108710866,2367.9682751085465,2273.5927279121915,2346.519287109375,56544,0.0,0.0
2007-05-25 00:00:00+09:00,2376.547598671315,2436.604758204525,2290.751656481015,2393.706787109375,29479,0.0,0.0
2007-05-28 00:00:00+09:00,2359.3886355136306,2428.0253958194817,2355.0988379945147,2419.44580078125,42425,0.0,0.0
2007-05-29 00:00:00+09:00,2479.5026897854277,2530.9802542792427,2402.286343044705,2470.923095703125,41063,0.0,0.0
2007-05-30 00:00:00+09:00,2488.0826107486264,2814.107228708791,2385.12746823489,2732.60107421875,260831,0.0,0.0
2007-05-31 00:00:00+09:00,2749.760074180578,2835.556020332858,2608.196763029316,2633.935546875,122577,0.0,0.0
2007-06-01 00:00:00+09:00,2741.1803521455226,2938.5110191231342,2672.543598414179,2874.1640625,209827,0.0,0.0
2007-06-04 00:00:00+09:00,2925.641597279331,3200.1886093407343,2895.613017835115,2934.22119140625,232039,0.0,0.0
2007-06-05 00:00:00+09:00,2917.06212048282,2998.568267966899,2715.441650390625,2715.441650390625,155589,0.0,0.0
2007-06-07 00:00:00+09:00,2942.8008600050402,2882.743699596774,2663.964043823805,2792.657958984375,45803,0.0,0.0
2007-06-08 00:00:00+09:00,2942.8011145094424,2942.8011145094424,2719.731642272575,2796.947998046875,45803,0.0,0.0
2007-06-11 00:00:00+09:00,2749.7597869388637,2822.686333550347,2616.776084294395,2702.572021484375,72618,0.0,0.0
2007-06-12 00:00:00+09:00,2702.572303796824,2822.6866284100165,2595.327371106474,2633.935546875,39682,0.0,0.0
2007-06-13 00:00:00+09:00,2668.253654309355,2702.5720292843953,2548.1393418967155,2685.412841796875,57263,0.0,0.0
2007-06-14 00:00:00+09:00,2822.686643901624,2822.686643901624,2556.71920936986,2608.19677734375,92054,0.0,0.0
2007-06-15 00:00:00+09:00,2582.458012695313,2659.6743652343753,2539.5600390625,2573.87841796875,59660,0.0,0.0
2007-06-18 00:00:00+09:00,2573.8784478635207,2573.8784478635207,2505.2416892538267,2522.40087890625,111168,0.0,0.0
2007-06-19 00:00:00+09:00,2526.6903780805383,2702.5720512576218,2526.6903780805383,2638.22509765625,59979,0.0,0.0
2007-06-20 00:00:00+09:00,2621.065948691144,2702.5720911218013,2530.980212320417,2556.718994140625,106506,0.0,0.0
2007-06-21 00:00:00+09:00,2483.792694866355,2633.935603882456,2483.792694866355,2535.270263671875,85543,0.0,0.0
2007-06-22 00:00:00+09:00,2505.2411961161465,2565.2983480778353,2488.0820098413787,2543.849365234375,48895,0.0,0.0
2007-06-25 00:00:00+09:00,2543.8496011960847,2616.77614962835,2543.8496011960847,2561.0087890625,52804,0.0,0.0
2007-06-26 00:00:00+09:00,2552.429209563692,2573.8781945180085,2325.0699690479346,2530.980224609375,163353,0.0,0.0
2007-06-27 00:00:00+09:00,2428.0251357952056,2522.4006711088005,2402.2863534369526,2449.47412109375,53023,0.0,0.0
2007-06-28 00:00:00+09:00,2406.5761504966617,2488.0822946311296,2406.5761504966617,2449.47412109375,27019,0.0,0.0
2007-06-29 00:00:00+09:00,2479.5027136338495,2479.5027136338495,2410.8659603152655,2423.7353515625,18336,0.0,0.0
2007-07-02 00:00:00+09:00,2406.576200833286,2406.576200833286,2316.4904606951413,2350.808837890625,69201,0.0,0.0
2007-07-03 00:00:00+09:00,2380.8376256695437,2415.156005859375,2333.6498529085256,2415.156005859375,25432,0.0,0.0
2007-07-04 00:00:00+09:00,2415.1557552485924,2445.1843347987524,2359.3883932268664,2428.025146484375,55449,0.0,0.0
2007-07-05 00:00:00+09:00,2406.5761380253466,2475.212890625,2389.416949875433,2475.212890625,52206,0.0,0.0
2007-07-06 00:00:00+09:00,2479.502438038793,2488.08203125,2406.5758957435346,2488.08203125,65272,0.0,0.0
2007-07-09 00:00:00+09:00,2462.3432304292264,2591.037127489987,2462.3432304292264,2543.849365234375,32701,0.0,0.0
2007-07-10 00:00:00+09:00,2466.633576144122,2539.560134047513,2415.156005859375,2415.156005859375,47817,0.0,0.0
2007-07-11 00:00:00+09:00,2397.9966110956098,2453.763974144345,2337.9394508892797,2342.229248046875,50709,0.0,0.0
2007-07-12 00:00:00+09:00,2342.2290202732192,2359.388207234928,2204.955524579551,2303.620849609375,156303,0.0,0.0
2007-07-13 00:00:00+09:00,2303.621362859553,2359.3887329101562,2239.2743974165483,2265.01318359375,47511,0.0,0.0
2007-07-16 00:00:00+09:00,2234.984343056367,2295.04150390625,2192.086371020736,2295.04150390625,72048,0.0,0.0
2007-07-18 00:00:00+09:00,2239.2739295372594,2325.0698655348556,2200.665758338341,2230.6943359375,29540,0.0,0.0
2007-07-19 00:00:00+09:00,2204.95577369546,2290.751718197229,2204.95577369546,2273.592529296875,21062,0.0,0.0
2007-07-20 00:00:00+09:00,2316.49072265625,2342.2295084635416,2256.4335557725694,2316.49072265625,22126,0.0,0.0
2007-07-23 00:00:00+09:00,2350.809103732639,2350.809103732639,2260.723353407118,2316.49072265625,27290,0.0,0.0
2007-07-24 00:00:00+09:00,2290.7519368489584,2355.0989013671874,2230.694769965278,2316.49072265625,47274,0.0,0.0
2007-07-25 00:00:00+09:00,2213.5353703922497,2316.490503898866,2213.5353703922497,2269.302734375,37834,0.0,0.0
2007-07-26 00:00:00+09:00,2312.2009250217016,2359.3886990017363,2252.143758138021,2316.49072265625,41386,0.0,0.0
2007-07-27 00:00:00+09:00,2359.38846903636,2359.38846903636,2269.3027274913356,2282.172119140625,48703,0.0,0.0
2007-07-30 00:00:00+09:00,2316.490269988604,2316.490269988604,2226.4045372668247,2234.984130859375,23888,0.0,0.0
2007-07-31 00:00:00+09:00,2256.43310546875,2290.7514796964115,2213.535137684173,2256.43310546875,32888,0.0,0.0
2007-08-01 00:00:00+09:00,2213.535384052342,2265.0129511233267,2187.79660051685,2243.56396484375,22417,0.0,0.0
2007-08-02 00:00:00+09:00,2299.33152142693,2350.80909280216,2230.6947595932907,2333.64990234375,37743,0.0,0.0
2007-08-03 00:00:00+09:00,2346.5190019910833,2428.025146484375,2346.5190019910833,2428.025146484375,34341,0.0,0.0
2007-08-06 00:00:00+09:00,2428.025163985495,2453.7639466425853,2316.4904391381046,2393.706787109375,39351,0.0,0.0
2007-08-07 00:00:00+09:00,2428.025163985495,2428.025163985495,2350.8088160142247,2393.706787109375,39351,0.0,0.0
2007-08-08 00:00:00+09:00,2393.706525775748,2522.4004250110033,2380.8371358522227,2436.6044921875,77442,0.0,0.0
2007-08-09 00:00:00+09:00,2479.502698351453,2479.502698351453,2410.865945455911,2453.763916015625,52961,0.0,0.0
2007-08-10 00:00:00+09:00,2440.894522728512,2479.5026961987346,2243.5638583251525,2458.0537109375,48431,0.0,0.0
2007-08-13 00:00:00+09:00,2372.257769892561,2505.2414785122164,2372.257769892561,2458.0537109375,45636,0.0,0.0
2007-08-14 00:00:00+09:00,2483.792508506101,2569.588450077987,2325.070016598112,2428.025146484375,61693,0.0,0.0
2007-08-16 00:00:00+09:00,2320.780068734976,2428.024988731971,2230.6943359375,2230.6943359375,51827,0.0,0.0
2007-08-17 00:00:00+09:00,2239.2739295372594,2273.592303936298,2102.0004319411055,2230.6943359375,29587,0.0,0.0
2007-08-20 00:00:00+09:00,2303.6212246295104,2548.139678640464,2234.9844656088917,2496.662109375,107352,0.0,0.0
2007-08-21 00:00:00+09:00,2513.8208108836207,2565.298370150862,2432.3146753771553,2488.08203125,33308,0.0,0.0
2007-08-22 00:00:00+09:00,2565.2986262232375,2565.2986262232375,2458.0537003777845,2479.502685546875,13770,0.0,0.0
2007-08-23 00:00:00+09:00,2363.6779093493096,2573.8779412152194,2363.6779093493096,2543.849365234375,40045,0.0,0.0
2007-08-24 00:00:00+09:00,2543.8493975596148,2548.139194182818,2436.6044819795297,2462.34326171875,43823,0.0,0.0
2007-08-27 00:00:00+09:00,2462.3438251201924,2818.39702631353,2406.576456258585,2732.60107421875,306972,0.0,0.0
2007-08-28 00:00:00+09:00,2573.878368432971,3028.5968801894624,2578.168165713693,2663.964111328125,320377,0.0,0.0
2007-08-29 00:00:00+09:00,2573.8781840861348,3062.9150390625,2385.1271172531515,3062.9150390625,320377,0.0,0.0
2007-08-30 00:00:00+09:00,3122.9721904419457,3371.7804144057272,2925.641530056878,3075.784423828125,539833,0.0,0.0
2007-08-31 00:00:00+09:00,3045.756163305166,3092.9439348493306,2942.801025390625,2942.801025390625,146828,0.0,0.0
2007-09-03 00:00:00+09:00,2994.2786738698073,2994.2786738698073,2762.6296074099655,2814.107177734375,79513,0.0,0.0
2007-09-04 00:00:00+09:00,2874.1643117573444,2917.062286559693,2741.1805898700645,2865.584716796875,169820,0.0,0.0
2007-09-05 00:00:00+09:00,2951.3803668478263,3208.7681895380433,2891.323208220109,2959.9599609375,225329,0.0,0.0
2007-09-06 00:00:00+09:00,2908.482205352093,2947.0903762195985,2805.5270830387444,2844.13525390625,38394,0.0,0.0
2007-09-07 00:00:00+09:00,2788.3678959865197,2857.0046441954187,2642.5148060426095,2844.13525390625,134079,0.0,0.0
2007-09-10 00:00:00+09:00,2745.469998003195,2874.163904159595,2642.514873078075,2685.412841796875,46764,0.0,0.0
2007-09-11 00:00:00+09:00,2685.412888357691,2758.3394364440815,2548.1393860774256,2586.74755859375,76081,0.0,0.0
2007-09-12 00:00:00+09:00,2616.7761517211093,2676.833309301594,2552.42919717059,2556.718994140625,30638,0.0,0.0
2007-09-13 00:00:00+09:00,2573.8781421215504,2642.514892578125,2505.2413916649757,2642.514892578125,85665,0.0,0.0
2007-09-14 00:00:00+09:00,2659.6743453176396,2693.9927239668996,2599.6171826814348,2608.19677734375,32948,0.0,0.0
2007-09-17 00:00:00+09:00,2638.22516025641,2638.22516025641,2488.0822649572647,2509.53125,43067,0.0,0.0
2007-09-18 00:00:00+09:00,2569.58874777089,2569.58874777089,2367.96826171875,2367.96826171875,69392,0.0,0.0
2007-09-19 00:00:00+09:00,2462.3435476492114,2462.3435476492114,2359.3884167370493,2380.83740234375,46000,0.0,0.0
2007-09-20 00:00:00+09:00,2402.2861156798244,2445.18408203125,2316.4901829769738,2445.18408203125,44930,0.0,0.0
2007-09-21 00:00:00+09:00,2608.1965965614186,2608.1965965614186,2402.2863389381487,2479.502685546875,21964,0.0,0.0
2007-09-27 00:00:00+09:00,2702.5723388671877,2702.5723388671877,2445.184497070313,2573.87841796875,17664,0.0,0.0
2007-09-28 00:00:00+09:00,2573.87839869449,2659.6743453176396,2445.1844787597656,2608.19677734375,31323,0.0,0.0
2007-10-01 00:00:00+09:00,2702.5720615074283,2702.5720615074283,2530.9801845863217,2616.776123046875,25991,0.0,0.0
2007-10-02 00:00:00+09:00,2552.429431152344,2603.906999511719,2505.24166015625,2573.87841796875,45062,0.0,0.0
2007-10-04 00:00:00+09:00,2573.878463273196,2599.617247905928,2492.3723119362116,2496.662109375,65419,0.0,0.0
2007-10-05 00:00:00+09:00,2573.877963362069,2573.877963362069,2428.024878771552,2488.08203125,32822,0.0,0.0
2007-10-08 00:00:00+09:00,2488.0825220612046,2488.0825220612046,2428.0253577355893,2483.792724609375,20230,0.0,0.0
2007-10-09 00:00:00+09:00,2548.139438087965,2548.139438087965,2402.2863389381487,2479.502685546875,12242,0.0,0.0
2007-10-10 00:00:00+09:00,2556.718776939655,2556.718776939655,2436.6044719827587,2488.08203125,14002,0.0,0.0
2007-10-11 00:00:00+09:00,2530.9804737324616,2530.9804737324616,2423.735538404815,2522.40087890625,30147,0.0,0.0
2007-10-12 00:00:00+09:00,2530.980243518718,2530.980243518718,2415.1557239000645,2492.3720703125,12303,0.0,0.0
2007-10-15 00:00:00+09:00,2419.445285560345,2492.3718278556034,2419.445285560345,2488.08203125,22670,0.0,0.0
2007-10-16 00:00:00+09:00,2445.18430927633,2488.082279614511,2402.2863389381487,2479.502685546875,18951,0.0,0.0
2007-10-17 00:00:00+09:00,2492.3723693847655,2492.3723693847655,2350.809050641741,2402.28662109375,12698,0.0,0.0
2007-10-18 00:00:00+09:00,2346.519056507047,2496.661957746072,2299.3312875462107,2320.7802734375,34185,0.0,0.0
2007-10-19 00:00:00+09:00,2385.126932493398,2436.6044921875,2333.6493727992956,2436.6044921875,11071,0.0,0.0
2007-10-22 00:00:00+09:00,2359.388152646347,2462.343272034551,2299.3309996698945,2436.6044921875,10007,0.0,0.0
2007-10-23 00:00:00+09:00,2483.792519635695,2483.792519635695,2406.576171875,2406.576171875,13671,0.0,0.0
2007-10-24 00:00:00+09:00,2428.0254063197544,2436.6050013950894,2376.5478358677456,2402.28662109375,13659,0.0,0.0
2007-10-25 00:00:00+09:00,2402.2864036838505,2410.865997982721,2333.649649292883,2350.808837890625,21125,0.0,0.0
2007-10-26 00:00:00+09:00,2556.718809080294,2556.718809080294,2325.0697894656364,2410.86572265625,15368,0.0,0.0
2007-10-29 00:00:00+09:00,2350.80909280216,2410.866259406595,2312.200914270738,2333.64990234375,7385,0.0,0.0
2007-10-30 00:00:00+09:00,2355.098388671875,2359.3881853725525,2256.4330645562954,2355.098388671875,17585,0.0,0.0
2007-10-31 00:00:00+09:00,2355.09863951966,2355.09863951966,2273.5924935253547,2342.229248046875,17585,0.0,0.0
2007-11-01 00:00:00+09:00,2316.49072265625,2385.127484809028,2273.5927463107637,2316.49072265625,13420,0.0,0.0
2007-11-02 00:00:00+09:00,2376.54736328125,2376.54736328125,2290.7514295887863,2376.54736328125,31381,0.0,0.0
2007-11-05 00:00:00+09:00,2376.547878489775,2376.547878489775,2290.7519261977254,2333.64990234375,7880,0.0,0.0
2007-11-06 00:00:00+09:00,2359.388207234928,2402.286174639199,2071.9718256263095,2303.620849609375,42156,0.0,0.0
2007-11-07 00:00:00+09:00,2329.360115559896,2376.5478895399306,2307.9111273871526,2316.49072265625,22257,0.0,0.0
2007-11-08 00:00:00+09:00,2320.7802734375,2346.519056507047,2307.9108819027265,2320.7802734375,16360,0.0,0.0
2007-11-09 00:00:00+09:00,2359.388198007957,2359.388198007957,2277.882060258591,2325.06982421875,28232,0.0,0.0
2007-11-12 00:00:00+09:00,2187.7965847951064,2402.2864460495284,2149.18840976931,2273.592529296875,11386,0.0,0.0
2007-11-13 00:00:00+09:00,2445.1846319055644,2445.1846319055644,2226.404954314014,2346.519287109375,8155,0.0,0.0
2007-11-14 00:00:00+09:00,2406.5762054108,2406.5762054108,2316.490465101305,2342.229248046875,21431,0.0,0.0
2007-11-15 00:00:00+09:00,2410.8655013618118,2410.8655013618118,2316.489983514908,2337.93896484375,11951,0.0,0.0
2007-11-16 00:00:00+09:00,2174.926938890971,2432.314742310021,2174.926938890971,2325.06982421875,21778,0.0,0.0
2007-11-19 00:00:00+09:00,2247.853483193035,2410.8657586917666,2247.853483193035,2325.06982421875,17946,0.0,0.0
2007-11-20 00:00:00+09:00,2320.7802734375,2320.7802734375,2037.6536596724816,2320.7802734375,12216,0.0,0.0
2007-11-21 00:00:00+09:00,2385.127484809028,2385.127484809028,2307.9111273871526,2316.49072265625,24842,0.0,0.0
2007-11-22 00:00:00+09:00,2359.3884932127035,2359.3884932127035,2239.274169921875,2239.274169921875,23007,0.0,0.0
2007-11-23 00:00:00+09:00,2239.2741841160973,2312.200738004936,2102.000670913578,2213.535400390625,19336,0.0,0.0
2007-11-26 00:00:00+09:00,2076.2620952111165,2350.8091491233304,2076.2620952111165,2247.85400390625,25486,0.0,0.0
2007-11-27 00:00:00+09:00,2230.6945684523807,2290.7517299107144,2162.0578124999997,2252.1435546875,15969,0.0,0.0
2007-11-28 00:00:00+09:00,2307.910904764007,2307.910904764007,2217.825163128237,2277.88232421875,7622,0.0,0.0
2007-11-29 00:00:00+09:00,2333.649685737782,2333.649685737782,2234.9843497598977,2282.172119140625,11368,0.0,0.0
2007-11-30 00:00:00+09:00,2307.9111273871526,2333.6499131944443,2226.404972330729,2316.49072265625,6865,0.0,0.0
2007-12-03 00:00:00+09:00,2316.49072265625,2316.49072265625,2273.5927463107637,2316.49072265625,10741,0.0,0.0
2007-12-04 00:00:00+09:00,2402.286303219379,2663.96391839149,2312.200566848652,2556.718994140625,629583,0.0,0.0
2007-12-05 00:00:00+09:00,3264.535216864224,2719.7310479525863,2415.1554889547415,2488.08203125,441866,0.0,0.0
2007-12-06 00:00:00+09:00,2745.4701555472266,2861.294677734375,2702.572184366801,2861.294677734375,1548697,0.0,0.0
2007-12-07 00:00:00+09:00,3264.5356311624023,3290.2744140625,3011.437599311441,3290.2744140625,441866,0.0,0.0
2007-12-10 00:00:00+09:00,3165.8703567092484,3783.60115801837,2917.0621172930746,3174.449951171875,732059,0.0,0.0
2007-12-11 00:00:00+09:00,3165.8703710316477,3165.8703710316477,2698.282470703125,2698.282470703125,732059,0.0,0.0
2007-12-12 00:00:00+09:00,2599.6167106309995,2805.526945136425,2415.1554588865556,2569.588134765625,1616850,0.0,0.0
2007-12-13 00:00:00+09:00,2668.253715361525,2805.527218402632,2513.821024440279,2556.718994140625,730027,0.0,0.0
2007-12-14 00:00:00+09:00,2556.719006554555,2582.457788499735,2458.0536757646983,2530.980224609375,459266,0.0,0.0
2007-12-17 00:00:00+09:00,2509.5312690734863,2535.270051320394,2350.8087785508897,2470.923095703125,1019082,0.0,0.0
2007-12-18 00:00:00+09:00,2509.531323758497,2839.845703125,2509.531323758497,2839.845703125,1019082,0.0,0.0
2007-12-20 00:00:00+09:00,2917.06193729062,2917.06193729062,2415.155692197969,2561.0087890625,780950,0.0,0.0
2007-12-21 00:00:00+09:00,2458.0536818236264,2706.8619079069954,2397.996523803503,2518.11083984375,323757,0.0,0.0
2007-12-24 00:00:00+09:00,2526.6907950008617,2625.3561401367188,2230.6947595932907,2333.64990234375,417221,0.0,0.0
2007-12-26 00:00:00+09:00,2329.3596623347353,2363.6780367337738,2174.9269775390626,2230.6943359375,412489,0.0,0.0
2007-12-27 00:00:00+09:00,2230.6945824301542,2286.461946990908,2179.2170151433043,2226.40478515625,222777,0.0,0.0
2007-12-28 00:00:00+09:00,2187.7966577686625,2230.6946314504007,1908.9598288373622,2140.60888671875,378884,0.0,0.0
2008-01-02 00:00:00+09:00,2140.6086140792195,2342.2290647039154,2140.6086140792195,2204.95556640625,384178,0.0,0.0
2008-01-03 00:00:00+09:00,2149.1886691566274,2204.9560398133863,2037.6539278431098,2041.9437255859375,304819,0.0,0.0
2008-01-04 00:00:00+09:00,2020.4942718636837,2080.5514264413728,1938.9881335082484,1999.0452880859375,173339,0.0,0.0
2008-01-07 00:00:00+09:00,1943.2780783324115,1990.4658462389382,1908.9597016731195,1938.98828125,147949,0.0,0.0
2008-01-08 00:00:00+09:00,1951.8575611884285,1977.5963422150892,1913.2493896484375,1913.2493896484375,106033,0.0,0.0
2008-01-09 00:00:00+09:00,1913.249538720478,1930.4087274085541,1827.453595280098,1861.77197265625,96171,0.0,0.0
2008-01-10 00:00:00+09:00,1887.5105901350053,2076.261649148506,1870.35140295196,1956.1473388671875,125663,0.0,0.0
2008-01-11 00:00:00+09:00,1896.0902738530585,2059.102559840426,1891.800476853391,2016.20458984375,105326,0.0,0.0
2008-01-14 00:00:00+09:00,2020.494412484648,2127.739338837336,1964.72705078125,1964.72705078125,92728,0.0,0.0
2008-01-15 00:00:00+09:00,1908.9595759465144,2007.62490234375,1891.8003887469952,1951.8575439453125,62327,0.0,0.0
2008-01-16 00:00:00+09:00,1784.5556524643705,1947.5679476414043,1784.5556524643705,1806.004638671875,44599,0.0,0.0
2008-01-17 00:00:00+09:00,1784.5555298430095,1861.7718748842935,1758.8167481625815,1810.2943115234375,44599,0.0,0.0
2008-01-18 00:00:00+09:00,1758.8167160138453,1883.2208251953125,1758.8167160138453,1883.2208251953125,64625,0.0,0.0
2008-01-21 00:00:00+09:00,1853.1924427979116,1921.829199938575,1728.788320480459,1745.947509765625,50075,0.0,0.0
2008-01-22 00:00:00+09:00,1827.453673794738,1758.8169160935274,1505.7188720703125,1505.7188720703125,146342,0.0,0.0
2008-01-23 00:00:00+09:00,1492.8494760972394,1728.788330078125,1492.8494760972394,1728.788330078125,69841,0.0,0.0
2008-01-24 00:00:00+09:00,1827.453535240618,1986.176025390625,1827.453535240618,1986.176025390625,146342,0.0,0.0
2008-01-25 00:00:00+09:00,2230.6946818033853,2230.6946818033853,1943.278251647949,2059.102783203125,245607,0.0,0.0
2008-01-28 00:00:00+09:00,1973.306531758761,2144.89840408561,1943.2779541015625,1943.2779541015625,92740,0.0,0.0
2008-01-29 00:00:00+09:00,1951.857591527244,2050.52292032972,1810.294293680213,1848.9024658203125,40369,0.0,0.0
2008-01-30 00:00:00+09:00,1818.8739392510777,1943.278053020609,1715.9188106142242,1741.6575927734375,38394,0.0,0.0
2008-01-31 00:00:00+09:00,1698.759622508082,1836.0331273572199,1664.4412462957976,1741.6575927734375,33290,0.0,0.0
2008-02-01 00:00:00+09:00,1733.0779904249239,1818.8739305449694,1634.4126592868713,1758.8167724609375,70467,0.0,0.0
2008-02-04 00:00:00+09:00,1733.0778479609928,1844.6125609485816,1733.0778479609928,1814.583984375,45587,0.0,0.0
2008-02-05 00:00:00+09:00,1818.874115270212,1874.6414820119874,1784.5557357368118,1870.3516845703125,46626,0.0,0.0
2008-02-11 00:00:00+09:00,1861.772060394287,1930.4088183811734,1788.8455050332207,1921.8292236328125,23591,0.0,0.0
2008-02-12 00:00:00+09:00,1913.2494240274234,2204.9556142378824,1908.9596271125638,2102.00048828125,155444,0.0,0.0
2008-02-13 00:00:00+09:00,2102.00075785319,2183.5069096883135,2007.6252136230466,2059.102783203125,51018,0.0,0.0
2008-02-14 00:00:00+09:00,2084.8412869796907,2132.029052734375,2016.204536791059,2132.029052734375,38276,0.0,0.0
2008-02-15 00:00:00+09:00,2153.4780533055346,2282.1719608735943,1986.1759734670566,2097.710693359375,65363,0.0,0.0
2008-02-18 00:00:00+09:00,2102.00050243433,2144.898471871765,2063.392329940638,2071.971923828125,61550,0.0,0.0
2008-02-19 00:00:00+09:00,2127.739277906379,2127.739277906379,2059.1025270061727,2084.84130859375,22366,0.0,0.0
2008-02-20 00:00:00+09:00,2144.898732503255,2144.898732503255,2033.3639984130857,2059.102783203125,13853,0.0,0.0
2008-02-21 00:00:00+09:00,2033.364013671875,2127.739558610232,2033.364013671875,2033.364013671875,12395,0.0,0.0
2008-02-22 00:00:00+09:00,2059.102963654891,2059.102963654891,1904.6702413807743,1973.3070068359375,29371,0.0,0.0
2008-02-25 00:00:00+09:00,1947.5676269531248,2007.6247784450716,1913.2492546720125,1947.567626953125,16959,0.0,0.0
2008-02-26 00:00:00+09:00,1913.2496387378587,1956.147612700591,1806.004703831028,1904.6700439453125,60737,0.0,0.0
2008-02-27 00:00:00+09:00,2041.9432767427884,2041.9432767427884,1878.9309983473556,1951.8575439453125,21275,0.0,0.0
2008-02-28 00:00:00+09:00,2067.6823936494593,2067.6823936494593,1951.857861225112,2033.364013671875,41881,0.0,0.0
2008-02-29 00:00:00+09:00,2029.0739445920851,2144.898461513832,2011.9147568999745,2093.4208984375,53297,0.0,0.0
2008-03-03 00:00:00+09:00,2084.8417030142136,2084.8417030142136,1943.2783775009027,2041.9437255859375,27214,0.0,0.0
2008-03-04 00:00:00+09:00,2093.4209188676778,2093.4209188676778,2029.0739643942861,2050.52294921875,35963,0.0,0.0
2008-03-05 00:00:00+09:00,2050.522849152528,2050.522849152528,1981.8861010637406,1999.0452880859375,10205,0.0,0.0
2008-03-06 00:00:00+09:00,2067.682425891166,2067.682425891166,1938.9884989684795,1981.886474609375,57957,0.0,0.0
2008-03-07 00:00:00+09:00,2011.9151874044667,2011.9151874044667,1947.5682197902513,1973.3070068359375,12977,0.0,0.0
2008-03-10 00:00:00+09:00,1999.0453068248012,1999.0453068248012,1913.2493709095736,1956.1473388671875,19128,0.0,0.0
2008-03-11 00:00:00+09:00,1861.7720394343203,1969.0169725814585,1861.7720394343203,1960.4373779296875,16639,0.0,0.0
2008-03-12 00:00:00+09:00,1964.7273996287379,2003.3355799707874,1960.4376018129547,1990.4661865234375,16968,0.0,0.0
2008-03-13 00:00:00+09:00,2093.420935837766,2059.102559840426,1921.829055851064,2016.20458984375,856343,0.0,0.0
2008-03-14 00:00:00+09:00,2093.421245659722,2316.49072265625,2093.421245659722,2316.49072265625,856343,0.0,0.0
2008-03-17 00:00:00+09:00,2299.3314801897322,2423.735608782087,2209.2457318987167,2402.28662109375,840998,0.0,0.0
2008-03-18 00:00:00+09:00,2466.6334019317915,2762.6294101636063,2256.4333381149954,2277.88232421875,2452005,0.0,0.0
2008-03-19 00:00:00+09:00,2307.910704242172,2359.3882664185776,2144.898424016889,2174.927001953125,729371,0.0,0.0
2008-03-20 00:00:00+09:00,2213.5353125702563,2402.2863857351617,2144.898558692109,2385.127197265625,549540,0.0,0.0
2008-03-21 00:00:00+09:00,2608.19677734375,2702.5723186292144,2367.968126798931,2608.19677734375,1563188,0.0,0.0
2008-03-24 00:00:00+09:00,2608.196586641631,2998.568115234375,2608.196586641631,2998.568115234375,1563188,0.0,0.0
2008-03-25 00:00:00+09:00,2934.2209544462316,3273.114895091337,2745.4698988970586,2917.061767578125,2993676,0.0,0.0
2008-03-26 00:00:00+09:00,2934.2211711315963,3183.0293990930472,2479.502685546875,2479.502685546875,2993676,0.0,0.0
2008-03-27 00:00:00+09:00,2445.1845182622146,2556.719250674175,2372.257962454394,2535.270263671875,1412315,0.0,0.0
2008-03-28 00:00:00+09:00,2530.980569590693,2535.2703671662707,2367.96826171875,2367.96826171875,621714,0.0,0.0
2008-03-31 00:00:00+09:00,2350.809050641741,2423.735608782087,2307.911075265067,2402.28662109375,457829,0.0,0.0
2008-04-01 00:00:00+09:00,2419.445574204699,2556.7190819609937,2372.257805913472,2385.127197265625,720801,0.0,0.0
2008-04-02 00:00:00+09:00,2423.735422427288,2428.025219635124,2290.751708984375,2290.751708984375,332238,0.0,0.0
2008-04-03 00:00:00+09:00,2243.5637151333767,2316.4902603671576,2204.955544127258,2256.43310546875,335704,0.0,0.0
2008-04-04 00:00:00+09:00,2119.159684043853,2260.7229827755273,2076.2617147312244,2084.84130859375,633565,0.0,0.0
2008-04-07 00:00:00+09:00,2119.1597721004146,2393.706787109375,2119.1597721004146,2393.706787109375,633565,0.0,0.0
2008-04-08 00:00:00+09:00,2410.8657123404487,2548.1392048580547,2265.012626540493,2436.6044921875,785424,0.0,0.0
2008-04-10 00:00:00+09:00,2436.6046118453555,2483.7923772156005,2170.63720703125,2170.63720703125,346808,0.0,0.0
2008-04-11 00:00:00+09:00,2196.3759615384615,2312.2004751352165,2183.506571138822,2230.6943359375,204231,0.0,0.0
2008-04-14 00:00:00+09:00,2196.3760060362174,2234.984178017323,2132.029052734375,2132.029052734375,108868,0.0,0.0
2008-04-15 00:00:00+09:00,2029.073921875,2174.927015625,2029.073921875,2144.8984375,139616,0.0,0.0
2008-04-16 00:00:00+09:00,2063.392510974337,2192.086430577726,2063.392510974337,2183.5068359375,68180,0.0,0.0
2008-04-17 00:00:00+09:00,2179.216798801159,2204.9555798893616,2136.3188303208212,2174.927001953125,44121,0.0,0.0
2008-04-18 00:00:00+09:00,2136.3188322165265,2187.7963944386115,2110.580051105484,2170.63720703125,73122,0.0,0.0
2008-04-21 00:00:00+09:00,2213.5352122822746,2213.5352122822746,2093.4208984375,2093.4208984375,60471,0.0,0.0
2008-04-22 00:00:00+09:00,2059.102519132653,2132.029066685268,2054.812722217793,2102.00048828125,78087,0.0,0.0
2008-04-23 00:00:00+09:00,2187.7964812247983,2187.7964812247983,1973.306630124328,1994.755615234375,84040,0.0,0.0
2008-04-24 00:00:00+09:00,2054.812746183643,2093.4209188676778,1956.1474159911088,2050.52294921875,80919,0.0,0.0
2008-04-25 00:00:00+09:00,2050.522925302934,2110.580082110969,2016.204549984056,2102.00048828125,69839,0.0,0.0
2008-04-28 00:00:00+09:00,2067.6821268843814,2144.898471871765,2024.7841574469462,2071.971923828125,82376,0.0,0.0
2008-04-29 00:00:00+09:00,2059.102783203125,2102.00075785319,2033.3639984130857,2059.102783203125,91392,0.0,0.0
2008-04-30 00:00:00+09:00,2020.4942608849476,2067.6820249395855,2016.204464152708,2024.7840576171875,85868,0.0,0.0
2008-05-02 00:00:00+09:00,2024.784534614627,2080.5519052713857,2007.6253436433167,2041.9437255859375,29734,0.0,0.0
2008-05-06 00:00:00+09:00,2016.2042507595486,2059.1022135416665,1921.8287326388888,1930.4083251953125,83888,0.0,0.0
2008-05-07 00:00:00+09:00,1938.9883719173115,2217.8251953125,1938.9883719173115,2217.8251953125,324969,0.0,0.0
2008-05-08 00:00:00+09:00,2213.5351997406374,2303.620934613803,2119.15966796875,2119.15966796875,217280,0.0,0.0
2008-05-09 00:00:00+09:00,2123.4494531249998,2149.188234375,2059.1025,2144.8984375,77779,0.0,0.0
2008-05-13 00:00:00+09:00,2127.7392291462816,2234.984149970187,2106.2902449815006,2192.086181640625,47316,0.0,0.0
2008-05-14 00:00:00+09:00,2230.6943873355262,2265.0127625253035,2119.15966796875,2119.15966796875,70324,0.0,0.0
2008-05-15 00:00:00+09:00,2106.290765541804,2144.8989465802483,2076.2621802896806,2114.870361328125,37093,0.0,0.0
2008-05-16 00:00:00+09:00,2127.739537409232,2127.739537409232,2033.363993411242,2067.682373046875,61676,0.0,0.0
2008-05-19 00:00:00+09:00,2067.6823338274976,2136.319091796875,2033.3639548428087,2136.319091796875,29068,0.0,0.0
2008-05-20 00:00:00+09:00,2136.319089350576,2183.5068604004887,2093.4211156688375,2140.60888671875,23074,0.0,0.0
2008-05-21 00:00:00+09:00,2140.6086687001675,2140.6086687001675,2059.1025270061727,2084.84130859375,23294,0.0,0.0
2008-05-22 00:00:00+09:00,2016.2048085530598,2102.00075785319,2016.2048085530598,2059.102783203125,25792,0.0,0.0
2008-05-23 00:00:00+09:00,2033.363651081667,2136.3187726554224,1973.30649683031,2024.7840576171875,50016,0.0,0.0
2008-05-26 00:00:00+09:00,2084.841567993164,2144.898732503255,1990.4660237630208,2059.102783203125,53760,0.0,0.0
2008-05-27 00:00:00+09:00,2097.71069136639,2230.694395727041,2033.363737643495,2102.00048828125,99300,0.0,0.0
2008-05-28 00:00:00+09:00,2063.3923279313017,2162.0576575413224,2063.3923279313017,2076.26171875,32847,0.0,0.0
2008-05-29 00:00:00+09:00,2067.682373046875,2132.0293348636865,2063.3925755924206,2067.682373046875,21346,0.0,0.0
2008-05-30 00:00:00+09:00,2071.972191146657,2093.4211786326478,1973.3068487111022,2033.364013671875,74115,0.0,0.0
2008-06-02 00:00:00+09:00,2033.3641301002822,2059.1029165572477,1994.755950414834,2041.9437255859375,16043,0.0,0.0
2008-06-03 00:00:00+09:00,2041.9437255859375,2119.160084956834,1981.886557186351,2041.9437255859375,29617,0.0,0.0
2008-06-04 00:00:00+09:00,1999.0453661308914,2119.1596799756658,1999.0453661308914,2093.4208984375,19301,0.0,0.0
2008-06-05 00:00:00+09:00,2144.898455400331,2144.898455400331,2080.551501738321,2106.290283203125,34453,0.0,0.0
2008-06-09 00:00:00+09:00,2102.0007526825075,2102.0007526825075,1981.8864239577929,2067.682373046875,15010,0.0,0.0
2008-06-10 00:00:00+09:00,2097.7109603881836,2097.7109603881836,2033.3639984130857,2059.102783203125,26876,0.0,0.0
2008-06-11 00:00:00+09:00,2029.073948487333,2093.420902456276,2003.3351668997557,2084.84130859375,33855,0.0,0.0
2008-06-12 00:00:00+09:00,2089.131297194113,2239.2742035633,2089.131297194113,2179.217041015625,129538,0.0,0.0
2008-06-13 00:00:00+09:00,2187.7966260910034,2243.5639910697937,2127.7394638061523,2196.376220703125,95549,0.0,0.0
2008-06-16 00:00:00+09:00,2187.796635665293,2239.2742035633,2140.60886509212,2179.217041015625,35777,0.0,0.0
2008-06-17 00:00:00+09:00,2170.6371918318337,2222.114753693458,2144.898410901021,2204.95556640625,28385,0.0,0.0
2008-06-18 00:00:00+09:00,2204.9558081765776,2222.114997345267,2157.768037962682,2209.24560546875,13727,0.0,0.0
2008-06-19 00:00:00+09:00,2170.6372409812757,2230.69439784637,2059.102521088957,2097.710693359375,90339,0.0,0.0
2008-06-20 00:00:00+09:00,2102.000510707529,2110.580104628784,2041.9433532587423,2054.812744140625,19010,0.0,0.0
2008-06-23 00:00:00+09:00,2016.20458984375,2102.000529837101,1973.3066198470744,2016.20458984375,49891,0.0,0.0
2008-06-24 00:00:00+09:00,1951.8580061813882,2016.2049734181371,1887.511038944639,1990.4661865234375,37513,0.0,0.0
2008-06-25 00:00:00+09:00,2059.1027164250545,2059.1027164250545,1947.5679859520308,1960.4373779296875,14053,0.0,0.0
2008-06-26 00:00:00+09:00,1999.0457938816235,1999.0457938816235,1951.858017631199,1973.3070068359375,16215,0.0,0.0
2008-06-27 00:00:00+09:00,1973.306644889465,1973.306644889465,1904.6698920237445,1964.72705078125,23303,0.0,0.0
2008-06-30 00:00:00+09:00,1938.9886127340383,1990.4661865234375,1887.511038944639,1990.4661865234375,18794,0.0,0.0
2008-07-01 00:00:00+09:00,2016.2049852454143,2016.2049852454143,1947.5682197902513,1973.3070068359375,8349,0.0,0.0
2008-07-02 00:00:00+09:00,2041.9432947817406,2041.9432947817406,1908.9595928106608,1913.2493896484375,15871,0.0,0.0
2008-07-03 00:00:00+09:00,1934.6986461954377,1934.6986461954377,1655.861812486561,1870.3516845703125,31751,0.0,0.0
2008-07-04 00:00:00+09:00,1883.221087137858,1883.221087137858,1771.6863530476887,1853.1925048828125,8927,0.0,0.0
2008-07-07 00:00:00+09:00,1853.192515150409,1878.9313000830534,1801.7149452851197,1836.0333251953125,12621,0.0,0.0
2008-07-08 00:00:00+09:00,1861.7720636708912,1861.7720636708912,1600.094423385351,1703.049560546875,43516,0.0,0.0
2008-07-09 00:00:00+09:00,1720.2085994069168,1827.4535245569741,1720.2085994069168,1758.8167724609375,21921,0.0,0.0
2008-07-10 00:00:00+09:00,1758.8167142001066,1887.5106201171875,1715.9187455610795,1887.5106201171875,20960,0.0,0.0
2008-07-11 00:00:00+09:00,1930.408830836449,1930.408830836449,1784.5557191732505,1900.3802490234375,12069,0.0,0.0
2008-07-14 00:00:00+09:00,1818.8738702947444,1956.1473699396308,1818.8738702947444,1887.5106201171875,6662,0.0,0.0
2008-07-15 00:00:00+09:00,1887.510767227564,1887.510767227564,1767.3964456767192,1840.322998046875,10184,0.0,0.0
2008-07-16 00:00:00+09:00,1810.2944359133758,1853.1924083283848,1741.6576800493615,1806.004638671875,17009,0.0,0.0
2008-07-17 00:00:00+09:00,1818.8737810283687,1848.9023576019504,1788.845204454787,1814.583984375,17977,0.0,0.0
2008-07-18 00:00:00+09:00,1887.5110323923939,1887.5110323923939,1758.8170983656398,1818.874267578125,39425,0.0,0.0
2008-07-21 00:00:00+09:00,1887.5106201171875,1917.5391981645064,1780.2656985196202,1887.5106201171875,37692,0.0,0.0
2008-07-22 00:00:00+09:00,1883.2210975718276,1883.2210975718276,1827.4537302177644,1836.0333251953125,10214,0.0,0.0
2008-07-23 00:00:00+09:00,1827.4536272321427,1887.5107886904761,1801.71484375,1801.71484375,16444,0.0,0.0
2008-07-24 00:00:00+09:00,1857.482312639183,1857.482312639183,1767.396565374927,1836.0333251953125,18404,0.0,0.0
2008-07-25 00:00:00+09:00,1887.5107648982557,1887.5107648982557,1775.9760378815406,1844.61279296875,30026,0.0,0.0
2008-07-28 00:00:00+09:00,1853.1921613961813,1853.1921613961813,1793.1350080176014,1797.4248046875,18562,0.0,0.0
2008-07-29 00:00:00+09:00,1797.424895328215,1973.306567663434,1784.5555046695404,1866.0616455078125,31751,0.0,0.0
2008-07-30 00:00:00+09:00,1836.0332100183823,1913.2495599724264,1806.0046294806984,1823.163818359375,15804,0.0,0.0
2008-07-31 00:00:00+09:00,1857.482388957163,1956.147735252809,1848.9027936271068,1908.9599609375,52373,0.0,0.0
2008-08-01 00:00:00+09:00,1964.7270884265165,1964.7270884265165,1853.1923628826532,1891.800537109375,3213,0.0,0.0
2008-08-04 00:00:00+09:00,1964.7269517017587,1964.7269517017587,1861.7718275951163,1913.2493896484375,20307,0.0,0.0
2008-08-05 00:00:00+09:00,1930.4085907469034,1930.4085907469034,1844.6126533803745,1883.2208251953125,4188,0.0,0.0
2008-08-06 00:00:00+09:00,1947.568038520463,1947.568038520463,1818.874115270212,1870.3516845703125,24770,0.0,0.0
2008-08-07 00:00:00+09:00,1947.5677762118253,1947.5677762118253,1840.322854614258,1887.5106201171875,14419,0.0,0.0
2008-08-08 00:00:00+09:00,1891.8004169810902,1891.8004169810902,1831.7432608864524,1887.5106201171875,9718,0.0,0.0
2008-08-11 00:00:00+09:00,1913.2493074024821,1913.2493074024821,1810.2941877216313,1814.583984375,12809,0.0,0.0
2008-08-12 00:00:00+09:00,1801.7145944148936,1870.3513408687943,1775.975814494681,1814.583984375,14959,0.0,0.0
2008-08-13 00:00:00+09:00,1956.1474255548005,1956.1474255548005,1767.396358176706,1775.9759521484375,21811,0.0,0.0
2008-08-14 00:00:00+09:00,1750.2372745323635,1810.2944359133758,1750.2372745323635,1806.004638671875,27310,0.0,0.0
2008-08-18 00:00:00+09:00,1806.0044291482043,1818.8738193796642,1724.498291015625,1724.498291015625,23183,0.0,0.0
2008-08-19 00:00:00+09:00,1673.0209263392856,1836.0332217261905,1673.0209263392856,1801.71484375,19152,0.0,0.0
2008-08-20 00:00:00+09:00,1814.584144422743,1840.3229266131366,1715.9188126929012,1737.3677978515625,20165,0.0,0.0
2008-08-21 00:00:00+09:00,1754.5269859784914,1754.5269859784914,1655.8616542486498,1737.3677978515625,14632,0.0,0.0
2008-08-22 00:00:00+09:00,1651.5719016393025,1720.2086559931436,1647.2821044921875,1647.2821044921875,10158,0.0,0.0
2008-08-25 00:00:00+09:00,1681.600341796875,1707.3391225386638,1647.2819674744896,1681.600341796875,12585,0.0,0.0
2008-08-26 00:00:00+09:00,1612.9637648809523,1827.4536272321427,1612.9637648809523,1801.71484375,31082,0.0,0.0
2008-08-27 00:00:00+09:00,1806.0044291482043,1806.0044291482043,1677.3105268336053,1724.498291015625,6344,0.0,0.0
2008-08-28 00:00:00+09:00,1741.657500751202,1741.657500751202,1673.020751953125,1673.020751953125,8069,0.0,0.0
2008-08-29 00:00:00+09:00,1673.0209986041934,1767.396542115199,1612.963834551735,1668.731201171875,18353,0.0,0.0
2008-09-01 00:00:00+09:00,1733.0779503302845,1733.0779503302845,1552.906480246443,1582.93505859375,32900,0.0,0.0
2008-09-02 00:00:00+09:00,1681.6005002285572,1681.6005002285572,1475.6902348944482,1612.9637451171875,28228,0.0,0.0
2008-09-03 00:00:00+09:00,1647.2820444915255,1647.2820444915255,1458.5309768935383,1518.588134765625,29839,0.0,0.0
2008-09-04 00:00:00+09:00,1432.7922109262104,1544.3269339324422,1415.6330227714054,1484.269775390625,75337,0.0,0.0
2008-09-05 00:00:00+09:00,1432.792415000873,1535.74755859375,1402.7638314529504,1535.74755859375,25630,0.0,0.0
2008-09-08 00:00:00+09:00,1595.8045700485643,1604.3841645111909,1544.3270032728042,1587.2249755859375,11485,0.0,0.0
2008-09-09 00:00:00+09:00,1621.5433534364442,1621.5433534364442,1561.4861921980576,1587.2249755859375,18522,0.0,0.0
2008-09-10 00:00:00+09:00,1544.3268825808625,1625.8330236059635,1535.7472887887466,1591.5146484375,14589,0.0,0.0
2008-09-11 00:00:00+09:00,1604.3840595784282,1612.963653479917,1518.5881205635387,1548.61669921875,19517,0.0,0.0
2008-09-12 00:00:00+09:00,1535.7472720497533,1630.122802734375,1535.7472720497533,1630.122802734375,11901,0.0,0.0
2008-09-16 00:00:00+09:00,1540.0371413120004,1540.0371413120004,1445.6616061898167,1475.690185546875,71296,0.0,0.0
2008-09-17 00:00:00+09:00,1492.8492575252758,1527.1676312614889,1454.2410870720357,1458.5308837890625,142958,0.0,0.0
2008-09-18 00:00:00+09:00,1475.6900706571691,1475.6900706571691,1441.3716969209559,1458.5308837890625,13161,0.0,0.0
2008-09-19 00:00:00+09:00,1518.5880232186153,1518.5880232186153,1467.1104631095097,1492.8492431640625,24305,0.0,0.0
2008-09-22 00:00:00+09:00,1479.9799558495274,1561.4860983455883,1479.9799558495274,1531.45751953125,22367,0.0,0.0
2008-09-23 00:00:00+09:00,1552.906577882792,1698.759681882833,1518.5882004710174,1625.8331298828125,15800,0.0,0.0
2008-09-24 00:00:00+09:00,1625.832987154447,1673.020751953125,1574.3554255558893,1673.020751953125,49539,0.0,0.0
2008-09-25 00:00:00+09:00,1608.6740323039883,1690.180183274057,1608.6740323039883,1677.310791015625,20980,0.0,0.0
2008-09-26 00:00:00+09:00,1677.3106800138642,1677.3106800138642,1647.2821000647668,1655.8616943359375,18537,0.0,0.0
2008-09-29 00:00:00+09:00,1655.8617194010417,1673.0209082031251,1587.2249641927083,1608.6739501953125,18715,0.0,0.0
2008-09-30 00:00:00+09:00,1424.212668560921,1612.9637451171875,1424.212668560921,1612.9637451171875,25466,0.0,0.0
2008-10-01 00:00:00+09:00,1621.5432625463454,1647.2820444915255,1518.588134765625,1518.588134765625,77589,0.0,0.0
2008-10-02 00:00:00+09:00,1522.8781656446404,1600.0945233392983,1510.0087726955308,1535.74755859375,28227,0.0,0.0
2008-10-06 00:00:00+09:00,1544.326916710805,1574.3554956468486,1479.9799618478548,1518.588134765625,16682,0.0,0.0
2008-10-07 00:00:00+09:00,1432.7922150367915,1501.428967852925,1342.706476965616,1475.690185546875,67994,0.0,0.0
2008-10-08 00:00:00+09:00,1286.9391632080078,1449.9514572143555,1299.808554840088,1372.735107421875,54834,0.0,0.0
2008-10-09 00:00:00+09:00,1286.9390469845212,1411.3431548596914,1286.9390469845212,1377.0247802734375,54834,0.0,0.0
2008-10-10 00:00:00+09:00,1381.314706478479,1381.314706478479,1183.9840341244105,1364.155517578125,28431,0.0,0.0
2008-10-13 00:00:00+09:00,1364.1554072453425,1437.0819541735525,1269.7798759264822,1338.4166259765625,49632,0.0,0.0
2008-10-14 00:00:00+09:00,1398.4738906860352,1449.9514572143555,1338.4167297363283,1372.735107421875,45499,0.0,0.0
2008-10-15 00:00:00+09:00,1381.314701843262,1381.314701843262,1316.9677436828615,1372.735107421875,24744,0.0,0.0
2008-10-16 00:00:00+09:00,1372.7350091314936,1372.7350091314936,1239.75130512188,1321.2574462890625,10727,0.0,0.0
2008-10-17 00:00:00+09:00,1261.2004153603,1342.7065646522922,1218.3024420487252,1304.098388671875,14376,0.0,0.0
2008-10-20 00:00:00+09:00,1286.9391946231617,1312.677978515625,1209.722842945772,1312.677978515625,19143,0.0,0.0
2008-10-21 00:00:00+09:00,1338.4166339032063,1381.3146029385655,1265.4900865430957,1321.2574462890625,13909,0.0,0.0
2008-10-22 00:00:00+09:00,1441.3716594827586,1449.9512526939654,1128.2165072737068,1244.041015625,44559,0.0,0.0
2008-10-23 00:00:00+09:00,1123.926853152087,1295.518739129505,1089.6084759566036,1175.4044189453125,23459,0.0,0.0
2008-10-24 00:00:00+09:00,1098.1879826254826,1183.9839187680984,999.5226560614743,1111.057373046875,60643,0.0,0.0
2008-10-27 00:00:00+09:00,948.0452397664387,1093.8983535766602,948.0452397664387,1029.5513916015625,31621,0.0,0.0
2008-10-28 00:00:00+09:00,943.7552810927568,1012.3920288085938,875.11853337692,1012.3920288085938,138539,0.0,0.0
2008-10-29 00:00:00+09:00,999.5225328233506,1025.2613104926215,862.2490519205729,965.2041625976562,397732,0.0,0.0
2008-10-30 00:00:00+09:00,943.7552862208289,1051.0002051095594,922.3063024430828,999.5226440429688,199071,0.0,0.0
2008-10-31 00:00:00+09:00,999.5226830654457,1136.7961846023309,956.624713835169,1046.71044921875,192322,0.0,0.0
2008-11-03 00:00:00+09:00,1068.1595768023142,1072.449374299512,999.5228168471454,1016.6820068359375,54061,0.0,0.0
2008-11-04 00:00:00+09:00,1020.9716859208777,1059.5798589178858,1003.8124979222075,1008.102294921875,54494,0.0,0.0
2008-11-05 00:00:00+09:00,1016.6818707575563,1059.5798399878329,1008.102276911501,1046.71044921875,175195,0.0,0.0
2008-11-06 00:00:00+09:00,1008.1023829323905,1025.261572429112,960.9146118164062,960.9146118164062,46440,0.0,0.0
2008-11-07 00:00:00+09:00,935.1756542084983,1020.9715857872595,892.2776884191176,948.0450439453125,45512,0.0,0.0
2008-11-10 00:00:00+09:00,960.9144336821266,965.2042302610647,935.1756542084983,948.0450439453125,39645,0.0,0.0
2008-11-11 00:00:00+09:00,952.335042507849,969.4942324629454,918.0166625976562,918.0166625976562,54138,0.0,0.0
2008-11-12 00:00:00+09:00,965.2042943781073,965.2042943781073,905.1471382834695,943.7553100585938,58710,0.0,0.0
2008-11-13 00:00:00+09:00,900.857426570012,935.1758047250601,883.6982374924879,892.27783203125,51905,0.0,0.0
2008-11-14 00:00:00+09:00,909.4369763183594,926.5961645507813,857.9594116210938,857.9594116210938,93825,0.0,0.0
2008-11-17 00:00:00+09:00,827.9308493932087,870.8288208643595,797.9022693634033,823.6410522460938,122524,0.0,0.0
2008-11-18 00:00:00+09:00,793.6124901149584,823.6410708220109,776.4533011394998,789.3226928710938,94935,0.0,0.0
2008-11-19 00:00:00+09:00,789.3226952057719,802.1920869754312,733.5553308705814,785.0328979492188,47840,0.0,0.0
2008-11-20 00:00:00+09:00,789.322681568287,789.322681568287,669.2083604600695,694.9471435546875,97196,0.0,0.0
2008-11-21 00:00:00+09:00,617.7307584993132,785.0328389262105,617.7307584993132,780.7430419921875,164392,0.0,0.0
2008-11-24 00:00:00+09:00,776.4531983123428,776.4531983123428,720.6858415274785,746.4246215820312,38621,0.0,0.0
2008-11-25 00:00:00+09:00,750.7145361466842,776.4533202431419,720.6859547008168,755.0043334960938,40479,0.0,0.0
2008-11-26 00:00:00+09:00,755.0043863477654,780.7431722459847,720.6860051501397,767.873779296875,50990,0.0,0.0
2008-11-27 00:00:00+09:00,780.7431053878194,815.0614836466247,742.1349298466635,776.4533081054688,55513,0.0,0.0
2008-11-28 00:00:00+09:00,772.1634481241414,797.9022297282795,750.7144634540264,780.7430419921875,116147,0.0,0.0
2008-12-01 00:00:00+09:00,793.6124924623249,793.6124924623249,755.004317153347,785.0328979492188,28809,0.0,0.0
2008-12-02 00:00:00+09:00,780.7430419921875,780.7430419921875,737.8450726519574,780.7430419921875,32611,0.0,0.0
2008-12-03 00:00:00+09:00,780.7430460611979,780.7430460611979,746.4246704101563,772.1634521484375,16496,0.0,0.0
2008-12-04 00:00:00+09:00,776.4532491048177,789.3226399739584,733.5552795410157,772.1634521484375,25941,0.0,0.0
2008-12-05 00:00:00+09:00,776.453253242407,776.453253242407,707.8165015745699,763.5838623046875,41525,0.0,0.0
2008-12-08 00:00:00+09:00,763.5838623046875,772.1634562631671,729.2654864707689,763.5838623046875,151114,0.0,0.0
2008-12-09 00:00:00+09:00,776.4532491048177,776.4532491048177,763.5838582356771,772.1634521484375,5145,0.0,0.0
2008-12-10 00:00:00+09:00,772.1634403351815,802.1920185704386,772.1634403351815,797.9022216796875,45930,0.0,0.0
2008-12-11 00:00:00+09:00,785.0328234220806,815.0614013671875,780.7430265727796,815.0614013671875,35315,0.0,0.0
2008-12-12 00:00:00+09:00,815.0614692565591,836.5104552896265,785.0328888102649,802.1920776367188,61417,0.0,0.0
2008-12-15 00:00:00+09:00,815.061416267789,922.3063394609192,810.7716193400638,913.7267456054688,61417,0.0,0.0
2008-12-16 00:00:00+09:00,1038.130699327257,1042.4204956054687,913.7266072591145,965.2041625976562,144247,0.0,0.0
2008-12-17 00:00:00+09:00,982.3635571856831,1008.1023403433866,918.0165992914244,922.306396484375,80260,0.0,0.0
2008-12-18 00:00:00+09:00,922.3064499601311,1008.1023987936317,909.437057635106,935.1758422851562,25431,0.0,0.0
2008-12-19 00:00:00+09:00,982.3636037465687,1029.5513751055742,952.3350219726561,952.3350219726562,48066,0.0,0.0
2008-12-22 00:00:00+09:00,960.9146167652026,995.2329959353884,918.0166428024704,952.3350219726562,36805,0.0,0.0
2008-12-23 00:00:00+09:00,913.72676012354,943.7553390947361,883.6981811523438,883.6981811523438,19737,0.0,0.0
2008-12-24 00:00:00+09:00,900.8573219992898,900.8573219992898,836.510370427912,849.3797607421875,49318,0.0,0.0
2008-12-26 00:00:00+09:00,892.2777948524746,892.2777948524746,845.0900268554688,845.0900268554688,33555,0.0,0.0
2008-12-29 00:00:00+09:00,849.3797761615954,883.6981509560034,793.6124171206826,815.0614013671875,33887,0.0,0.0
2008-12-30 00:00:00+09:00,857.9594032437193,879.4083883248123,819.3512300977519,875.1185913085938,52367,0.0,0.0
2009-01-02 00:00:00+09:00,862.2492002599379,943.7553435680912,862.2492002599379,875.1185913085938,13760,0.0,0.0
2009-01-05 00:00:00+09:00,909.4369135717651,909.4369135717651,853.6695556640625,853.6695556640625,33068,0.0,0.0
2009-01-06 00:00:00+09:00,857.9594116210938,875.1185998535157,845.0900204467774,857.9594116210938,36554,0.0,0.0
2009-01-07 00:00:00+09:00,875.1185892244665,892.2777772484757,849.3798071884528,879.4083862304688,40414,0.0,0.0
2009-01-08 00:00:00+09:00,887.9879823572495,896.5675763896867,862.2492002599379,875.1185913085938,67392,0.0,0.0
2009-01-09 00:00:00+09:00,887.9879823572495,887.9879823572495,857.9594032437193,875.1185913085938,67392,0.0,0.0
2009-01-12 00:00:00+09:00,875.1185998535157,875.1185998535157,836.5104263305665,857.9594116210938,22761,0.0,0.0
2009-01-13 00:00:00+09:00,857.9593524261935,892.2777265232412,832.2205718534077,853.6695556640625,25667,0.0,0.0
2009-01-14 00:00:00+09:00,883.6981273688893,883.6981273688893,845.0899567556854,866.5389404296875,25051,0.0,0.0
2009-01-15 00:00:00+09:00,866.5390057373047,866.5390057373047,836.5104263305665,857.9594116210938,25747,0.0,0.0
2009-01-16 00:00:00+09:00,900.8573143080911,900.8573143080911,845.0899567556854,866.5389404296875,11937,0.0,0.0
2009-01-19 00:00:00+09:00,857.9594538762019,943.755399263822,857.9594538762019,892.27783203125,39940,0.0,0.0
2009-01-20 00:00:00+09:00,900.8573670318161,900.8573670318161,866.5389911448898,887.9879760742188,23113,0.0,0.0
2009-01-21 00:00:00+09:00,857.9594116210938,896.567585144043,840.800223388672,857.9594116210938,17976,0.0,0.0
2009-01-22 00:00:00+09:00,857.9594116210938,887.9879910278321,853.6696145629883,857.9594116210938,17976,0.0,0.0
2009-01-23 00:00:00+09:00,857.9593487639925,883.6981292269122,853.6695520201725,862.2491455078125,9266,0.0,0.0
2009-01-28 00:00:00+09:00,862.2492466517857,939.4655970982143,853.669652157738,900.857421875,38830,0.0,0.0
2009-01-29 00:00:00+09:00,926.5961645507813,926.5961645507813,857.9594116210938,857.9594116210938,39670,0.0,0.0
2009-01-30 00:00:00+09:00,849.3798571134869,913.7268159857207,849.3798571134869,896.567626953125,25481,0.0,0.0
2009-02-02 00:00:00+09:00,879.4084245548692,930.8859908702761,879.4084245548692,922.306396484375,42715,0.0,0.0
2009-02-03 00:00:00+09:00,922.306514707934,1059.580042478417,896.5677282509683,1020.9718627929688,397239,0.0,0.0
2009-02-04 00:00:00+09:00,1012.3921803065709,1012.3921803065709,956.6248144422259,960.9146118164062,111125,0.0,0.0
2009-02-05 00:00:00+09:00,960.9144680217161,1063.8695895954713,935.1756876282773,1012.3920288085938,124729,0.0,0.0
2009-02-06 00:00:00+09:00,969.494224706626,1055.290173795708,969.494224706626,1033.8411865234375,117233,0.0,0.0
2009-02-09 00:00:00+09:00,1012.3922845248519,1046.710667051118,990.9432954459355,995.2330932617188,76682,0.0,0.0
2009-02-10 00:00:00+09:00,982.3636037465687,1003.8125907279349,952.3350219726561,952.3350219726562,61428,0.0,0.0
2009-02-11 00:00:00+09:00,960.9144916619956,1012.3920537153167,918.0165232842279,956.6246948242188,64091,0.0,0.0
2009-02-12 00:00:00+09:00,978.0739077360734,1012.3922904636548,956.6249185313349,986.6535034179688,66534,0.0,0.0
2009-02-13 00:00:00+09:00,1003.8124353441141,1012.3920288085938,978.0736549506753,1012.3920288085938,21480,0.0,0.0
2009-02-16 00:00:00+09:00,1020.9716716167355,1085.3186257102273,999.5226869189049,1038.130859375,131208,0.0,0.0
2009-02-17 00:00:00+09:00,1063.8696308830972,1068.1594277818192,1012.3920680984311,1059.579833984375,59289,0.0,0.0
2009-02-18 00:00:00+09:00,1029.5512157375529,1029.5512157375529,986.653248415155,1012.3920288085938,35268,0.0,0.0
2009-02-19 00:00:00+09:00,1038.130859375,1051.0002501936983,1008.1022807980372,1038.130859375,32293,0.0,0.0
2009-02-20 00:00:00+09:00,1055.289884440104,1055.289884440104,926.5959960937499,965.2041625976562,67635,0.0,0.0
2009-02-23 00:00:00+09:00,943.755358130531,969.494140625,905.1471843888274,969.494140625,28404,0.0,0.0
2009-02-24 00:00:00+09:00,960.9147163722826,1081.029055918818,909.4371422809103,986.6535034179688,140277,0.0,0.0
2009-02-25 00:00:00+09:00,986.6533495643721,1016.6819297685051,918.016594812068,930.885986328125,60009,0.0,0.0
2009-02-26 00:00:00+09:00,965.2043637042771,965.2043637042771,930.885986328125,930.885986328125,14613,0.0,0.0
2009-02-27 00:00:00+09:00,930.8859213911779,952.3349057550299,905.1471401545555,939.4655151367188,7416,0.0,0.0
2009-03-02 00:00:00+09:00,939.4656500415267,939.4656500415267,892.2778776650117,918.0166625976562,11760,0.0,0.0
2009-03-03 00:00:00+09:00,913.7267644545611,913.7267644545611,857.9594032437193,875.1185913085938,24155,0.0,0.0
2009-03-04 00:00:00+09:00,887.9880324368272,896.567626953125,849.3798571134869,896.567626953125,25700,0.0,0.0
2009-03-05 00:00:00+09:00,935.1757998511904,935.1757998511904,879.408435639881,900.857421875,17750,0.0,0.0
2009-03-06 00:00:00+09:00,905.1472214694229,900.857424211274,857.9594516297847,896.567626953125,26811,0.0,0.0
2009-03-09 00:00:00+09:00,905.1471640176819,930.8859459328767,875.1185851166214,887.9879760742188,26811,0.0,0.0
2009-03-10 00:00:00+09:00,900.857426570012,905.147223839393,879.4084402231069,892.27783203125,24611,0.0,0.0
2009-03-11 00:00:00+09:00,896.5675700459503,952.3349308622055,883.698179088353,887.9879760742188,34227,0.0,0.0
2009-03-12 00:00:00+09:00,896.5676246279762,913.7268136160714,879.408435639881,900.857421875,28239,0.0,0.0
2009-03-13 00:00:00+09:00,900.857426570012,918.016615647536,883.6982374924879,892.27783203125,48592,0.0,0.0
2009-03-16 00:00:00+09:00,905.147270131334,930.8860550639786,892.2778776650117,918.0166625976562,27846,0.0,0.0
2009-03-17 00:00:00+09:00,952.334976835029,952.334976835029,913.7268020984739,922.306396484375,23057,0.0,0.0
2009-03-18 00:00:00+09:00,926.5962328229632,960.9146118164062,918.0166380746024,960.9146118164062,35473,0.0,0.0
2009-03-19 00:00:00+09:00,982.3636037465687,982.3636037465687,948.045224576383,952.3350219726562,35630,0.0,0.0
2009-03-20 00:00:00+09:00,926.596122602983,960.9144975142045,909.4369351473722,943.7553100585938,99148,0.0,0.0
2009-03-23 00:00:00+09:00,965.2042943781073,965.2042943781073,939.4655131946911,943.7553100585938,18556,0.0,0.0
2009-03-24 00:00:00+09:00,982.3636998143689,995.2330932617188,935.175923840753,995.2330932617188,105946,0.0,0.0
2009-03-25 00:00:00+09:00,1106.7678056196733,1141.0861871892755,1063.8698286576705,1132.506591796875,309582,0.0,0.0
2009-03-26 00:00:00+09:00,1098.188087406015,1153.9554512196016,1068.1595068910067,1141.0860595703125,309582,0.0,0.0
2009-03-27 00:00:00+09:00,1123.92677718874,1149.665558345734,1081.02880859375,1081.02880859375,104860,0.0,0.0
2009-03-30 00:00:00+09:00,1081.0287765244307,1115.3471503823491,1012.3920288085938,1012.3920288085938,80187,0.0,0.0
2009-03-31 00:00:00+09:00,995.2330118815104,1038.1309865315754,986.6534169514973,1029.5513916015625,54674,0.0,0.0
2009-04-01 00:00:00+09:00,1046.7105614446825,1072.4493457425026,1038.1309666787424,1063.8697509765625,42586,0.0,0.0
2009-04-02 00:00:00+09:00,1068.1594199374376,1098.1879980079682,1029.5512481324702,1076.739013671875,59427,0.0,0.0
2009-04-03 00:00:00+09:00,1115.3473195722027,1115.3473195722027,1046.7105614446825,1063.8697509765625,40962,0.0,0.0
2009-04-06 00:00:00+09:00,1085.318605453249,1102.477792891245,1033.8410431392608,1081.02880859375,58325,0.0,0.0
2009-04-07 00:00:00+09:00,1089.6084042735308,1089.6084042735308,1042.420638734126,1076.739013671875,67777,0.0,0.0
2009-04-08 00:00:00+09:00,1072.4492168046563,1106.7675917424053,1051.0002324685631,1076.739013671875,21847,0.0,0.0
2009-04-09 00:00:00+09:00,1085.3185710836601,1166.8247088330259,1081.0287743600093,1162.534912109375,140755,0.0,0.0
2009-04-10 00:00:00+09:00,1175.4043933361559,1304.0983050152972,1153.9554080562991,1226.8819580078125,169005,0.0,0.0
2009-04-13 00:00:00+09:00,1269.7799285675262,1269.7799285675262,1201.1431756719842,1226.8819580078125,90508,0.0,0.0
2009-04-14 00:00:00+09:00,1244.0410928451977,1368.4452021297175,1214.0125147420379,1342.7064208984375,173683,0.0,0.0
2009-04-15 00:00:00+09:00,1308.3882033222853,1338.4167850378788,1214.0126607875632,1274.06982421875,105836,0.0,0.0
2009-04-16 00:00:00+09:00,1308.3882162015732,1342.7065956429258,1248.331052179206,1252.620849609375,59520,0.0,0.0
2009-04-17 00:00:00+09:00,1226.8819516719832,1295.518704213073,1201.1431694690743,1239.7513427734375,38463,0.0,0.0
2009-04-20 00:00:00+09:00,1295.518704213073,1295.518704213073,1166.8247931985295,1239.7513427734375,48995,0.0,0.0
2009-04-21 00:00:00+09:00,1226.8819580078125,1226.8819580078125,1188.2737845040701,1226.8819580078125,11271,0.0,0.0
2009-04-22 00:00:00+09:00,1226.8819580078125,1278.359522679469,1222.5921609518412,1226.8819580078125,61664,0.0,0.0
2009-04-23 00:00:00+09:00,1269.7800342793369,1346.9963877152425,1226.882060148278,1261.200439453125,100191,0.0,0.0
2009-04-24 00:00:00+09:00,1261.200408438518,1411.3433142050083,1261.200408438518,1316.9677734375,117657,0.0,0.0
2009-04-27 00:00:00+09:00,1321.257587890625,1407.05353515625,1214.0126538085938,1286.939208984375,95209,0.0,0.0
2009-04-28 00:00:00+09:00,1265.4900038450023,1299.8083768306294,1201.1430544969512,1231.171630859375,80728,0.0,0.0
2009-04-29 00:00:00+09:00,1231.171630859375,1295.518580207426,1188.273664627341,1231.171630859375,43329,0.0,0.0
2009-04-30 00:00:00+09:00,1244.0412125126009,1368.4453337638608,1244.0412125126009,1329.837158203125,120597,0.0,0.0
2009-05-04 00:00:00+09:00,1338.4167673211348,1364.1555513080798,1274.0698073537726,1304.098388671875,80899,0.0,0.0
2009-05-06 00:00:00+09:00,1286.9392239317604,1325.5474006497132,1261.200439453125,1261.200439453125,77835,0.0,0.0
2009-05-07 00:00:00+09:00,1278.3595999923407,1329.837167777267,1278.3595999923407,1312.677978515625,54681,0.0,0.0
2009-05-08 00:00:00+09:00,1329.8370523010658,1329.8370523010658,1248.3309103858392,1295.5186767578125,108595,0.0,0.0
2009-05-11 00:00:00+09:00,1295.5186767578125,1321.2574584152526,1256.9105042716526,1295.5186767578125,47725,0.0,0.0
2009-05-12 00:00:00+09:00,1269.7800418814434,1304.0984213917527,1248.3310546875,1248.3310546875,62401,0.0,0.0
2009-05-13 00:00:00+09:00,1278.3596367590208,1286.939231636598,1218.3024726159795,1248.3310546875,56757,0.0,0.0
2009-05-14 00:00:00+09:00,1235.4615521197552,1252.6207403436406,1201.1431756719842,1226.8819580078125,63117,0.0,0.0
2009-05-15 00:00:00+09:00,1226.88195376926,1278.3595182630752,1209.722765604655,1235.4615478515625,74393,0.0,0.0
2009-05-18 00:00:00+09:00,1235.4614379448399,1248.330827923432,1201.1430646685944,1205.432861328125,44006,0.0,0.0
2009-05-19 00:00:00+09:00,1239.7513491757265,1269.7799285675262,1209.7227697839269,1226.8819580078125,62764,0.0,0.0
2009-05-20 00:00:00+09:00,1231.1718295228247,1398.4739248238357,1222.5922348920037,1312.677978515625,332155,0.0,0.0
2009-05-21 00:00:00+09:00,1329.8371751237626,1368.4453511757426,1269.7800123762377,1299.80859375,157125,0.0,0.0
2009-05-22 00:00:00+09:00,1269.7800219481605,1308.388198291179,1261.2004272052675,1282.6494140625,199728,0.0,0.0
2009-05-25 00:00:00+09:00,1299.8086365111574,1471.400535720551,1282.6494465902178,1432.7923583984375,744588,0.0,0.0
2009-05-26 00:00:00+09:00,1462.8206787109375,1462.8206787109375,1377.024744475692,1462.8206787109375,353864,0.0,0.0
2009-05-27 00:00:00+09:00,1462.8207167390722,1518.5880754417349,1377.0247802734375,1377.0247802734375,225007,0.0,0.0
2009-05-28 00:00:00+09:00,1364.1552749778193,1385.6042572887914,1329.8369032802643,1359.865478515625,199764,0.0,0.0
2009-05-29 00:00:00+09:00,1364.1556135968465,1415.6331839212557,1342.7066259616759,1407.0535888671875,91991,0.0,0.0
2009-06-01 00:00:00+09:00,1385.6043701171875,1415.6329477977458,1355.5757924366294,1385.6043701171875,154135,0.0,0.0
2009-06-02 00:00:00+09:00,1389.8941905521503,1432.7921593963526,1329.8370341702673,1334.1268310546875,107714,0.0,0.0
2009-06-03 00:00:00+09:00,1329.8370189128625,1394.183971440904,1329.8370189128625,1368.4451904296875,68554,0.0,0.0
2009-06-04 00:00:00+09:00,1381.314580935296,1385.6043777704986,1342.7064094184707,1368.4451904296875,63344,0.0,0.0
2009-06-05 00:00:00+09:00,1389.8941804910007,1394.183977344368,1342.7064151039606,1355.5758056640625,54338,0.0,0.0
2009-06-08 00:00:00+09:00,1351.2858855912361,1377.0246643644027,1342.7062926668475,1359.865478515625,67988,0.0,0.0
2009-06-09 00:00:00+09:00,1372.7350852272727,1432.7922452059659,1346.9963023792614,1415.633056640625,174759,0.0,0.0
2009-06-10 00:00:00+09:00,1402.7637760367936,1475.690333200786,1394.184181076324,1432.7923583984375,190221,0.0,0.0
2009-06-11 00:00:00+09:00,1415.6330748374419,1445.6616552127814,1381.314697265625,1381.314697265625,80083,0.0,0.0
2009-06-12 00:00:00+09:00,1377.024776494171,1415.6329477977458,1372.7349796826627,1385.6043701171875,91390,0.0,0.0
2009-06-15 00:00:00+09:00,1368.4451904296875,1394.183971440904,1291.2288473960375,1368.4451904296875,114515,0.0,0.0
2009-06-16 00:00:00+09:00,1334.1269650926777,1372.7351409313724,1299.8085865693934,1312.677978515625,116341,0.0,0.0
2009-06-17 00:00:00+09:00,1304.098388671875,1334.1269699899774,1295.51879400956,1304.098388671875,32612,0.0,0.0
2009-06-18 00:00:00+09:00,1321.2574584152526,1321.2574584152526,1291.228879814906,1295.5186767578125,40741,0.0,0.0
2009-06-19 00:00:00+09:00,1342.7065646522922,1342.7065646522922,1291.2289966784024,1304.098388671875,40741,0.0,0.0
2009-06-22 00:00:00+09:00,1286.9392114339464,1308.388198291179,1278.3596166910536,1282.6494140625,34254,0.0,0.0
2009-06-23 00:00:00+09:00,1286.9391123453777,1286.9391123453777,1209.722765604655,1235.4615478515625,71148,0.0,0.0
2009-06-24 00:00:00+09:00,1235.4615698066546,1248.3309611588072,1188.2738015154282,1192.5635986328125,62173,0.0,0.0
2009-06-25 00:00:00+09:00,1209.722900390625,1235.461685505319,1192.5637103141623,1209.722900390625,87129,0.0,0.0
2009-06-26 00:00:00+09:00,1239.7514883858817,1239.7514883858817,1196.8535130092075,1201.143310546875,62495,0.0,0.0
2009-06-29 00:00:00+09:00,1205.4329685635037,1235.4615478515625,1188.2737803988987,1235.4615478515625,81375,0.0,0.0
2009-06-30 00:00:00+09:00,1261.2002125055017,1261.2002125055017,1179.6940763231735,1218.30224609375,36756,0.0,0.0
2009-07-01 00:00:00+09:00,1209.7226511101974,1226.8818376507675,1175.404278029057,1222.592041015625,39126,0.0,0.0
2009-07-02 00:00:00+09:00,1222.5920427349251,1239.7512292996257,1205.4328561702243,1218.30224609375,32224,0.0,0.0
2009-07-03 00:00:00+09:00,1188.2737907706216,1231.171761556565,1188.2737907706216,1214.0125732421875,48887,0.0,0.0
2009-07-06 00:00:00+09:00,1201.143310546875,1222.5922982352122,1192.5637154715403,1201.143310546875,61164,0.0,0.0
2009-07-07 00:00:00+09:00,1188.2737907706216,1214.0125732421875,1188.2737907706216,1214.0125732421875,66302,0.0,0.0
2009-07-08 00:00:00+09:00,1214.0125842197335,1218.3023813371178,1188.2738015154282,1192.5635986328125,50861,0.0,0.0
2009-07-09 00:00:00+09:00,1201.143310546875,1209.7229056222097,1179.694322858538,1201.143310546875,30605,0.0,0.0
2009-07-10 00:00:00+09:00,1192.563471349533,1205.432861328125,1179.694081370941,1205.432861328125,36719,0.0,0.0
2009-07-13 00:00:00+09:00,1192.563471349533,1218.3022513067172,1183.9838780304715,1205.432861328125,39794,0.0,0.0
2009-07-14 00:00:00+09:00,1218.3025006975447,1218.3025006975447,1183.9841203962053,1201.143310546875,20803,0.0,0.0
2009-07-15 00:00:00+09:00,1209.7227697839269,1226.8819580078125,1183.9839874480988,1226.8819580078125,62963,0.0,0.0
2009-07-16 00:00:00+09:00,1226.8819580078125,1286.9391167914116,1226.8819580078125,1226.8819580078125,67974,0.0,0.0
2009-07-17 00:00:00+09:00,1231.1716412853093,1231.1716412853093,1196.8532680090636,1205.432861328125,41440,0.0,0.0
2009-07-20 00:00:00+09:00,1188.2739127950465,1218.3024954288564,1188.2739127950465,1209.722900390625,87912,0.0,0.0
2009-07-21 00:00:00+09:00,1226.8819644779705,1226.8819644779705,1192.563587849216,1214.0125732421875,44575,0.0,0.0
2009-07-22 00:00:00+09:00,1209.7229056222097,1222.5922982352122,1192.5637154715403,1201.143310546875,56735,0.0,0.0
2009-07-23 00:00:00+09:00,1196.853485422036,1261.200447003866,1196.853485422036,1248.3310546875,61185,0.0,0.0
2009-07-24 00:00:00+09:00,1252.6207360161675,1252.6207360161675,1214.0125626458062,1235.4615478515625,53053,0.0,0.0
2009-07-27 00:00:00+09:00,1235.4615457396194,1244.0411398072556,1218.302357604347,1239.7513427734375,15169,0.0,0.0
2009-07-28 00:00:00+09:00,1248.331052179206,1252.620849609375,1222.5922675981913,1252.620849609375,70327,0.0,0.0
2009-07-29 00:00:00+09:00,1235.4616549744899,1278.3596291055485,1235.4616549744899,1261.200439453125,65996,0.0,0.0
2009-07-30 00:00:00+09:00,1261.2002896395597,1338.4166339032063,1235.4615082183443,1321.2574462890625,109527,0.0,0.0
2009-07-31 00:00:00+09:00,1295.5186590949056,1364.155409245629,1295.5186590949056,1334.1268310546875,52190,0.0,0.0
2009-08-03 00:00:00+09:00,1342.706557283184,1342.706557283184,1299.808584207044,1316.9677734375,31653,0.0,0.0
2009-08-04 00:00:00+09:00,1329.8371826171876,1329.8371826171876,1274.0698168945314,1286.939208984375,80508,0.0,0.0
2009-08-05 00:00:00+09:00,1308.3881958007814,1308.3881958007814,1256.9106274414064,1286.939208984375,33533,0.0,0.0
2009-08-06 00:00:00+09:00,1256.9106346669823,1282.6494189946338,1239.7514451152147,1274.06982421875,55787,0.0,0.0
2009-08-07 00:00:00+09:00,1274.0696920432792,1304.098270643626,1248.3309103858392,1295.5186767578125,36519,0.0,0.0
2009-08-10 00:00:00+09:00,1269.780010022615,1372.7351459703946,1269.780010022615,1304.098388671875,35529,0.0,0.0
2009-08-11 00:00:00+09:00,1299.8084465702877,1454.24113329151,1282.6492591568187,1355.5758056640625,480681,0.0,0.0
2009-08-12 00:00:00+09:00,1355.5759140867624,1389.8942916585793,1308.3881449255143,1381.314697265625,88455,0.0,0.0
2009-08-13 00:00:00+09:00,1355.575796157029,1381.3145770967192,1338.416608863902,1377.0247802734375,50606,0.0,0.0
2009-08-14 00:00:00+09:00,1377.0247998988898,1394.1839874365705,1334.1268310546875,1334.1268310546875,71204,0.0,0.0
2009-08-17 00:00:00+09:00,1334.1269799804688,1355.575966796875,1286.939208984375,1286.939208984375,69442,0.0,0.0
2009-08-18 00:00:00+09:00,1286.9392290507276,1295.5188239110657,1222.5922675981913,1252.620849609375,84199,0.0,0.0
2009-08-19 00:00:00+09:00,1286.9391014958405,1295.5186955058127,1248.3309284509653,1256.9105224609375,45631,0.0,0.0
2009-08-20 00:00:00+09:00,1248.3309182800701,1286.9390910103816,1244.0411213100356,1278.3594970703125,32795,0.0,0.0
2009-08-21 00:00:00+09:00,1256.9104105985955,1278.3593937146125,1214.0124443665616,1231.171630859375,78313,0.0,0.0
2009-08-24 00:00:00+09:00,1235.4614274825785,1261.2002072217988,1218.3022409897649,1231.171630859375,42265,0.0,0.0
2009-08-25 00:00:00+09:00,1231.1718340421978,1398.4739299573396,1231.1718340421978,1304.098388671875,228106,0.0,0.0
2009-08-26 00:00:00+09:00,1304.098270643626,1346.9962400726924,1256.9105042716526,1295.5186767578125,60431,0.0,0.0
2009-08-27 00:00:00+09:00,1274.0698266931481,1338.4167876372464,1269.780029296875,1269.780029296875,37461,0.0,0.0
2009-08-28 00:00:00+09:00,1256.9105224609375,1282.6493044908543,1248.3309284509653,1256.9105224609375,44257,0.0,0.0
2009-08-31 00:00:00+09:00,1248.3310472138076,1278.3596291055485,1226.882060148278,1261.200439453125,61928,0.0,0.0
2009-09-01 00:00:00+09:00,1261.2004272052675,1304.0984009197325,1248.331035090928,1282.6494140625,37593,0.0,0.0
2009-09-02 00:00:00+09:00,1248.3309182800701,1278.3594970703125,1248.3309182800701,1278.3594970703125,51838,0.0,0.0
2009-09-03 00:00:00+09:00,1256.9106420400192,1282.6494265186543,1248.3310472138076,1261.200439453125,33193,0.0,0.0
2009-09-04 00:00:00+09:00,1248.3310398910985,1274.06982421875,1248.3310398910985,1274.06982421875,19120,0.0,0.0
2009-09-07 00:00:00+09:00,1244.0412449192356,1278.3596240894215,1244.0412449192356,1269.780029296875,21142,0.0,0.0
2009-09-08 00:00:00+09:00,1261.2004320549242,1278.359621606692,1256.9106346669823,1274.06982421875,17929,0.0,0.0
2009-09-09 00:00:00+09:00,1256.9106420400192,1282.6494265186543,1252.6208446269134,1261.200439453125,18249,0.0,0.0
2009-09-10 00:00:00+09:00,1282.649294040347,1286.9390910103816,1244.0411213100356,1278.3594970703125,42903,0.0,0.0
2009-09-11 00:00:00+09:00,1269.780026830808,1282.6494189946338,1256.9106346669823,1274.06982421875,37264,0.0,0.0
2009-09-14 00:00:00+09:00,1282.6494020160876,1394.184132626182,1282.6494020160876,1304.098388671875,216204,0.0,0.0
2009-09-15 00:00:00+09:00,1304.0982567253236,1329.8370381080604,1286.9390691368326,1325.5472412109375,97030,0.0,0.0
2009-09-16 00:00:00+09:00,1329.837158203125,1342.7065500567035,1291.2289826423892,1329.837158203125,78780,0.0,0.0
2009-09-17 00:00:00+09:00,1338.4167850378788,1338.4167850378788,1252.6208372790404,1274.06982421875,125684,0.0,0.0
2009-09-18 00:00:00+09:00,1274.0696920432792,1295.5186767578125,1261.2003012145592,1295.5186767578125,60791,0.0,0.0
2009-09-21 00:00:00+09:00,1286.9392163825758,1304.0984059343434,1256.9106346669823,1274.06982421875,85730,0.0,0.0
2009-09-22 00:00:00+09:00,1274.0698367602204,1274.0698367602204,1248.331052179206,1252.620849609375,110322,0.0,0.0
2009-09-23 00:00:00+09:00,1261.20033009847,1261.20033009847,1231.1717508104111,1235.4615478515625,52988,0.0,0.0
2009-09-24 00:00:00+09:00,1226.8818376507675,1244.0410241913378,1201.1430578399122,1222.592041015625,78157,0.0,0.0
2009-09-25 00:00:00+09:00,1231.171761556565,1231.171761556565,1192.563587849216,1214.0125732421875,53002,0.0,0.0
2009-09-28 00:00:00+09:00,1214.0124494525749,1218.30224609375,1201.1430595290492,1218.30224609375,14349,0.0,0.0
2009-09-29 00:00:00+09:00,1209.7229163128397,1226.8821066151495,1179.6943332837977,1183.984130859375,92428,0.0,0.0
2009-09-30 00:00:00+09:00,1196.8534024325284,1201.1431995738635,1171.114619584517,1179.6942138671875,25733,0.0,0.0
2009-10-01 00:00:00+09:00,1183.9841471354166,1188.2739447699653,1153.9555636935763,1158.245361328125,22294,0.0,0.0
2009-10-05 00:00:00+09:00,1136.7963731553818,1162.5351589626737,1128.2167778862847,1158.245361328125,32301,0.0,0.0
2009-10-06 00:00:00+09:00,1141.0859320544841,1175.4043059508597,1141.0859320544841,1153.955322265625,41591,0.0,0.0
2009-10-07 00:00:00+09:00,1158.245119002672,1166.8247124767659,1141.0859320544841,1153.955322265625,34604,0.0,0.0
2009-10-08 00:00:00+09:00,1166.8249405570652,1188.2739284349525,1141.0861551036005,1183.984130859375,25790,0.0,0.0
2009-10-09 00:00:00+09:00,1201.1431995738635,1205.432996715199,1162.5350253018464,1179.6942138671875,22336,0.0,0.0
2009-10-12 00:00:00+09:00,1196.8535130092075,1201.143310546875,1171.114727783203,1201.143310546875,18521,0.0,0.0
2009-10-13 00:00:00+09:00,1192.5637154715403,1218.3025006975447,1175.4045253208706,1201.143310546875,6763,0.0,0.0
2009-10-14 00:00:00+09:00,1201.1431928675809,1201.1431928675809,1175.4044101632755,1192.5635986328125,24908,0.0,0.0
2009-10-15 00:00:00+09:00,1192.5635986328125,1192.5635986328125,1175.4044101632755,1192.5635986328125,13570,0.0,0.0
2009-10-16 00:00:00+09:00,1192.5635964451724,1196.8533935546875,1179.6942051166275,1196.8533935546875,9120,0.0,0.0
2009-10-19 00:00:00+09:00,1196.8535344740924,1196.8535344740924,1166.824951171875,1166.824951171875,21282,0.0,0.0
2009-10-20 00:00:00+09:00,1179.6942138671875,1192.5636052911932,1158.2452281605113,1179.6942138671875,14710,0.0,0.0
2009-10-21 00:00:00+09:00,1179.694229809206,1183.9840270085122,1149.6656494140625,1149.6656494140625,29765,0.0,0.0
2009-10-22 00:00:00+09:00,1132.5063385803903,1166.8247124767659,1128.2165418433433,1153.955322265625,21562,0.0,0.0
2009-10-23 00:00:00+09:00,1158.2451301835788,1162.5349269620365,1106.7675688420866,1128.216552734375,21561,0.0,0.0
2009-10-26 00:00:00+09:00,1141.0861928226384,1141.0861928226384,1098.188215648855,1123.927001953125,22599,0.0,0.0
2009-10-27 00:00:00+09:00,1123.9267559559173,1145.3757398482057,1102.477772063629,1128.216552734375,13952,0.0,0.0
2009-10-28 00:00:00+09:00,1128.2165641339373,1141.0859545993433,1093.898189559521,1102.477783203125,40517,0.0,0.0
2009-10-29 00:00:00+09:00,1106.7677073759191,1106.7677073759191,1068.1595315372242,1093.8983154296875,13508,0.0,0.0
2009-10-30 00:00:00+09:00,1081.0287935697115,1119.6369647686297,1081.0287935697115,1115.34716796875,7536,0.0,0.0
2009-11-02 00:00:00+09:00,1115.3473381580652,1115.3473381580652,1033.8411865234375,1033.8411865234375,51695,0.0,0.0
2009-11-03 00:00:00+09:00,1038.13083999876,1081.02880859375,1038.13083999876,1081.02880859375,22435,0.0,0.0
2009-11-04 00:00:00+09:00,1081.02880859375,1081.02880859375,1055.290027436756,1081.02880859375,7222,0.0,0.0
2009-11-05 00:00:00+09:00,1085.318603515625,1089.6084003674655,1055.290025552742,1085.318603515625,13769,0.0,0.0
2009-11-06 00:00:00+09:00,1098.188112745098,1098.188112745098,1059.5799369064032,1093.8983154296875,7354,0.0,0.0
2009-11-09 00:00:00+09:00,1093.898199172247,1093.898199172247,1063.869621155754,1081.02880859375,20712,0.0,0.0
2009-11-10 00:00:00+09:00,1055.290027436756,1081.02880859375,1055.290027436756,1081.02880859375,19677,0.0,0.0
2009-11-11 00:00:00+09:00,1072.44921875,1089.60840625,1059.579828125,1072.44921875,17282,0.0,0.0
2009-11-12 00:00:00+09:00,1072.449214874752,1098.187996031746,1051.0002305772568,1081.02880859375,18974,0.0,0.0
2009-11-13 00:00:00+09:00,1085.3186074063121,1145.375763547373,1072.4492168046563,1076.739013671875,24805,0.0,0.0
2009-11-16 00:00:00+09:00,1081.02880859375,1089.608402312748,1055.290027436756,1081.02880859375,13539,0.0,0.0
2009-11-17 00:00:00+09:00,1059.5798440728306,1076.739031831095,1038.130859375,1038.130859375,32227,0.0,0.0
2009-11-18 00:00:00+09:00,1081.0289380176957,1081.0289380176957,1033.8411669137488,1068.1595458984375,7849,0.0,0.0
2009-11-19 00:00:00+09:00,1072.449232815715,1085.3186236095037,1038.1308573656122,1042.420654296875,25789,0.0,0.0
2009-11-20 00:00:00+09:00,1029.5512615266393,1063.8696369108607,1025.2614646036118,1046.71044921875,33977,0.0,0.0
2009-11-23 00:00:00+09:00,1063.869621155754,1085.318605453249,1046.710433717758,1081.02880859375,16494,0.0,0.0
2009-11-24 00:00:00+09:00,1076.739148147707,1085.318742953665,1051.0003637298337,1055.2901611328125,37184,0.0,0.0
2009-11-25 00:00:00+09:00,1055.2901562106226,1072.4493457425026,1051.0003588276525,1063.8697509765625,21950,0.0,0.0
2009-11-26 00:00:00+09:00,1081.0288225446427,1081.0288225446427,1051.000244140625,1051.000244140625,18452,0.0,0.0
2009-11-27 00:00:00+09:00,1046.7106492499342,1068.1596379640723,1020.9718627929688,1020.9718627929688,27132,0.0,0.0
2009-11-30 00:00:00+09:00,1025.2615916145292,1051.0003763412537,1025.2615916145292,1033.8411865234375,14245,0.0,0.0
2009-12-01 00:00:00+09:00,1020.9716657366071,1059.5798379703444,1016.6818688217475,1051.000244140625,28542,0.0,0.0
2009-12-02 00:00:00+09:00,1059.5799535935926,1063.8697509765625,1029.5513719128026,1063.8697509765625,17615,0.0,0.0
2009-12-03 00:00:00+09:00,1055.290025552742,1106.767587774827,1055.290025552742,1085.318603515625,16317,0.0,0.0
2009-12-04 00:00:00+09:00,1093.8983178326464,1102.4779124823142,1068.159533883643,1089.6085205078125,9241,0.0,0.0
2009-12-07 00:00:00+09:00,1072.4492129601038,1089.6084003674655,1068.1594161082633,1085.318603515625,17318,0.0,0.0
2009-12-08 00:00:00+09:00,1072.4492168046563,1089.6084042735308,1063.8696230702192,1076.739013671875,14396,0.0,0.0
2009-12-09 00:00:00+09:00,1076.7390098119442,1089.6084003674655,1059.5798224045825,1085.318603515625,17814,0.0,0.0
2009-12-10 00:00:00+09:00,1068.1594180152529,1102.477792891245,1068.1594180152529,1081.02880859375,21784,0.0,0.0
2009-12-11 00:00:00+09:00,1089.6085205078125,1106.767709807148,1072.449331208477,1089.6085205078125,15999,0.0,0.0
2009-12-14 00:00:00+09:00,1106.7675917424053,1106.7675917424053,1068.1594199374376,1076.739013671875,28518,0.0,0.0
2009-12-15 00:00:00+09:00,1089.6085181142769,1102.4779100605085,1076.7391261680452,1093.8983154296875,51854,0.0,0.0
2009-12-16 00:00:00+09:00,1106.7675743689904,1119.6369647686297,1085.3185903695912,1115.34716796875,29816,0.0,0.0
2009-12-17 00:00:00+09:00,1128.2167941006749,1132.506591796875,1089.6086148348722,1132.506591796875,10535,0.0,0.0
2009-12-18 00:00:00+09:00,1128.2167996705034,1128.2167996705034,1102.4780133662332,1123.927001953125,4407,0.0,0.0
2009-12-21 00:00:00+09:00,1132.5064888000488,1132.5064888000488,1098.1881103515625,1098.1881103515625,22499,0.0,0.0
2009-12-22 00:00:00+09:00,1106.7678056196733,1136.7963894930754,1106.7678056196733,1132.506591796875,35567,0.0,0.0
2009-12-23 00:00:00+09:00,1136.79639510526,1136.79639510526,1106.7678110836116,1123.927001953125,20663,0.0,0.0
2009-12-24 00:00:00+09:00,1128.2167941006749,1132.506591796875,1102.4780079234731,1132.506591796875,30152,0.0,0.0
2009-12-28 00:00:00+09:00,1132.5064767420977,1145.3758685232579,1106.7676931797773,1119.6370849609375,22697,0.0,0.0
2009-12-29 00:00:00+09:00,1115.3472877005506,1123.9268822213241,1106.7676931797773,1119.6370849609375,14795,0.0,0.0
2009-12-30 00:00:00+09:00,1136.7962600765156,1158.2452461156952,1123.926868453008,1145.3758544921875,12259,0.0,0.0
2010-01-04 00:00:00+09:00,1149.6655443110521,1149.6655443110521,1106.7675762397441,1111.057373046875,54741,0.0,0.0
2010-01-05 00:00:00+09:00,1123.9268893456274,1128.216686633206,1102.4779029077338,1106.7677001953125,37814,0.0,0.0
2010-01-06 00:00:00+09:00,1111.0574974828912,1119.6370920580487,1098.188105620155,1106.7677001953125,42734,0.0,0.0
2010-01-07 00:00:00+09:00,1111.0573656205443,1128.216552734375,1089.6083817282556,1128.216552734375,33969,0.0,0.0
2010-01-08 00:00:00+09:00,1128.2167117211127,1141.0861038700227,1063.8697509765625,1063.8697509765625,16531,0.0,0.0
2010-01-11 00:00:00+09:00,1089.6085110449976,1106.7677001953125,1063.869727319525,1106.7677001953125,27749,0.0,0.0
2010-01-12 00:00:00+09:00,1119.6369704903332,1119.6369704903332,1089.6083927377188,1102.477783203125,5726,0.0,0.0
2010-01-13 00:00:00+09:00,1106.7675917424053,1106.7675917424053,1072.4492168046563,1076.739013671875,5158,0.0,0.0
2010-01-14 00:00:00+09:00,1072.4493288526348,1115.3473020067402,1072.4493288526348,1093.8983154296875,21116,0.0,0.0
2010-01-15 00:00:00+09:00,1093.898189559521,1111.057376846729,1085.3185959159168,1102.477783203125,6407,0.0,0.0
2010-01-18 00:00:00+09:00,1098.1881103515625,1106.767704963684,1081.0289211273193,1098.1881103515625,3425,0.0,0.0
2010-01-19 00:00:00+09:00,1072.44921875,1098.1879999999999,1059.579828125,1072.44921875,17604,0.0,0.0
2010-01-20 00:00:00+09:00,1098.188112745098,1098.188112745098,1072.4493288526348,1093.8983154296875,3000,0.0,0.0
2010-01-21 00:00:00+09:00,1093.8983154296875,1102.4779100605085,1063.8697342218136,1093.8983154296875,10592,0.0,0.0
2010-01-22 00:00:00+09:00,1072.449331208477,1102.4779124823142,1072.449331208477,1089.6085205078125,14647,0.0,0.0
2010-01-25 00:00:00+09:00,1072.4493288526348,1098.188112745098,1072.4493288526348,1093.8983154296875,4783,0.0,0.0
2010-01-26 00:00:00+09:00,1093.8981972193058,1093.8981972193058,1063.869619256423,1085.318603515625,8892,0.0,0.0
2010-01-27 00:00:00+09:00,1059.5799585357913,1085.318742953665,1046.7105663268546,1055.2901611328125,25647,0.0,0.0
2010-01-28 00:00:00+09:00,1038.1309526098057,1093.8983178326464,1038.1309526098057,1089.6085205078125,6962,0.0,0.0
2010-01-29 00:00:00+09:00,1085.318735390782,1085.318735390782,1038.1309642868348,1068.1595458984375,4107,0.0,0.0
2010-02-01 00:00:00+09:00,1033.841058449667,1063.8696369108607,1033.841058449667,1046.71044921875,8089,0.0,0.0
2010-02-02 00:00:00+09:00,1046.7104375,1072.44921875,1042.420640625,1072.44921875,4250,0.0,0.0
2010-02-03 00:00:00+09:00,1072.4493218946827,1106.7677001953125,1046.7105381692102,1106.7677001953125,21939,0.0,0.0
2010-02-04 00:00:00+09:00,1106.7675917424053,1115.3471854768427,1063.8696230702192,1076.739013671875,9554,0.0,0.0
2010-02-05 00:00:00+09:00,1072.449230756916,1072.449230756916,1046.71044921875,1046.71044921875,3840,0.0,0.0
2010-02-08 00:00:00+09:00,1068.1594277818192,1072.4492246805414,1025.2614587945975,1059.579833984375,12462,0.0,0.0
2010-02-09 00:00:00+09:00,1055.29018431072,1068.1595768023142,1012.3922093387395,1016.6820068359375,21630,0.0,0.0
2010-02-10 00:00:00+09:00,1051.0002563987316,1059.5798503285173,986.65330192534,1025.261474609375,26443,0.0,0.0
2010-02-11 00:00:00+09:00,1038.1309865315754,1038.1309865315754,973.7840245564778,1029.5513916015625,18795,0.0,0.0
2010-02-12 00:00:00+09:00,1025.2614685563017,1051.0002501936983,1016.6818746771694,1038.130859375,2765,0.0,0.0
2010-02-16 00:00:00+09:00,1072.4493432715235,1089.608532763868,1055.2901537791793,1068.1595458984375,16238,0.0,0.0
2010-02-17 00:00:00+09:00,1076.7390156249999,1076.7390156249999,1029.55125,1072.44921875,16330,0.0,0.0
2010-02-18 00:00:00+09:00,1072.4492168046563,1076.739013671875,1038.1308418669073,1076.739013671875,3641,0.0,0.0
2010-02-19 00:00:00+09:00,1076.7390117342509,1085.318605453249,1046.710433717758,1081.02880859375,6561,0.0,0.0
2010-02-22 00:00:00+09:00,1085.3186257102273,1085.3186257102273,1038.130859375,1038.130859375,22560,0.0,0.0
2010-02-23 00:00:00+09:00,1055.2900450906636,1059.5798420219264,1038.1308573656122,1042.420654296875,10882,0.0,0.0
2010-02-24 00:00:00+09:00,1042.4207689238758,1059.5799585357913,1038.1309715208968,1055.2901611328125,5496,0.0,0.0
2010-02-25 00:00:00+09:00,1063.8696308830972,1076.7390215792636,1038.1308494907641,1059.579833984375,12730,0.0,0.0
2010-02-26 00:00:00+09:00,1038.1309865315754,1059.579973856608,1025.261594136556,1029.5513916015625,10325,0.0,0.0
2010-03-02 00:00:00+09:00,1068.1595458984375,1081.0289380176957,1033.8411669137488,1068.1595458984375,22087,0.0,0.0
2010-03-03 00:00:00+09:00,1072.449230756916,1072.449230756916,1046.71044921875,1046.71044921875,3107,0.0,0.0
2010-03-04 00:00:00+09:00,1046.7104432882084,1063.8696308830972,1029.5512556933197,1059.579833984375,16041,0.0,0.0
2010-03-05 00:00:00+09:00,1059.579833984375,1063.8696308830972,1029.5512556933197,1059.579833984375,13430,0.0,0.0
2010-03-08 00:00:00+09:00,1059.5799585357913,1068.1595533417492,1042.4207689238758,1055.2901611328125,4083,0.0,0.0
2010-03-09 00:00:00+09:00,1051.0002401869306,1068.1594277818192,995.2328805035424,1059.579833984375,20825,0.0,0.0
2010-03-10 00:00:00+09:00,1059.5798420219264,1063.8696389531895,1042.420654296875,1042.420654296875,7164,0.0,0.0
2010-03-11 00:00:00+09:00,1072.449232815715,1085.3186236095037,1042.420654296875,1042.420654296875,12720,0.0,0.0
2010-03-12 00:00:00+09:00,1059.579833984375,1063.8696308830972,1042.4206463894864,1059.579833984375,13336,0.0,0.0
2010-03-15 00:00:00+09:00,1059.579833984375,1068.1594277818192,1055.2900370856528,1059.579833984375,12522,0.0,0.0
2010-03-16 00:00:00+09:00,1072.44921875,1072.44921875,1059.579828125,1072.44921875,25791,0.0,0.0
2010-03-17 00:00:00+09:00,1076.7389524240527,1231.171630859375,1076.7389524240527,1231.171630859375,332253,0.0,0.0
2010-03-18 00:00:00+09:00,1295.5185838130483,1415.6328895970394,1222.592041015625,1222.592041015625,864349,0.0,0.0
2010-03-19 00:00:00+09:00,1244.0412859235491,1304.098451450893,1201.143310546875,1201.143310546875,177045,0.0,0.0
2010-03-22 00:00:00+09:00,1205.432861328125,1235.4614379448399,1149.665504754226,1205.432861328125,169558,0.0,0.0
2010-03-23 00:00:00+09:00,1222.5920551176105,1222.5920551176105,1166.824698217509,1188.273681640625,82704,0.0,0.0
2010-03-24 00:00:00+09:00,1188.2738242078183,1192.5636214071246,1149.6656494140625,1149.6656494140625,66050,0.0,0.0
2010-03-25 00:00:00+09:00,1175.4045357082202,1226.8821066151495,1158.2453454059105,1183.984130859375,61651,0.0,0.0
2010-03-26 00:00:00+09:00,1209.7229163128397,1239.7514993418818,1171.1147381326427,1183.984130859375,83612,0.0,0.0
2010-03-29 00:00:00+09:00,1158.2452281605113,1188.2738081498578,1149.665633877841,1179.6942138671875,26980,0.0,0.0
2010-03-30 00:00:00+09:00,1188.2739447699653,1188.2739447699653,1153.9555636935763,1158.245361328125,21912,0.0,0.0
2010-03-31 00:00:00+09:00,1231.171648486857,1231.171648486857,1166.824698217509,1188.273681640625,39907,0.0,0.0
2010-04-01 00:00:00+09:00,1209.722665063741,1226.8818518022338,1162.534901532886,1188.273681640625,65169,0.0,0.0
2010-04-02 00:00:00+09:00,1214.0125367427586,1321.2574604832848,1188.2737550450322,1291.2288818359375,229318,0.0,0.0
2010-04-05 00:00:00+09:00,1329.8371653603422,1381.3147330517102,1269.780003053746,1316.9677734375,259595,0.0,0.0
2010-04-06 00:00:00+09:00,1355.5757815468276,1488.559481635282,1334.126797661593,1411.3431396484375,566019,0.0,0.0
2010-04-07 00:00:00+09:00,1441.3718372356495,1441.3718372356495,1389.8942716200906,1419.9228515625,121168,0.0,0.0
2010-04-08 00:00:00+09:00,1419.9227584645719,1419.9227584645719,1338.4166182505933,1355.5758056640625,133737,0.0,0.0
2010-04-09 00:00:00+09:00,1334.1268083790878,1398.4737605517125,1321.2574179445628,1385.6043701171875,80998,0.0,0.0
2010-04-12 00:00:00+09:00,1389.8942962646486,1389.8942962646486,1355.5759185791017,1372.735107421875,56121,0.0,0.0
2010-04-13 00:00:00+09:00,1351.2859993337472,1407.0533580364097,1351.2859993337472,1377.0247802734375,40491,0.0,0.0
2010-04-14 00:00:00+09:00,1389.894287109375,1394.1840842918114,1364.1555040147568,1389.894287109375,55966,0.0,0.0
2010-04-15 00:00:00+09:00,1407.0533231847426,1514.298241110409,1398.4737297506892,1458.5308837890625,241284,0.0,0.0
2010-04-16 00:00:00+09:00,1484.269773279899,1535.7473376711096,1449.9513970190922,1488.5595703125,91610,0.0,0.0
2010-04-19 00:00:00+09:00,1501.4289722108003,1711.6290283203125,1467.110595703125,1711.6290283203125,613317,0.0,0.0
2010-04-20 00:00:00+09:00,1750.237158203125,1908.9596455891929,1544.326904296875,1544.326904296875,1969828,0.0,0.0
2010-04-21 00:00:00+09:00,1552.9065088834163,1775.9759521484375,1552.9065088834163,1775.9759521484375,1015303,0.0,0.0
2010-04-22 00:00:00+09:00,1780.2656562843515,1887.5105753376256,1698.759517803863,1707.339111328125,924588,0.0,0.0
2010-04-23 00:00:00+09:00,1698.7595523231907,1741.6575208162008,1630.122802734375,1630.122802734375,238525,0.0,0.0
2010-04-26 00:00:00+09:00,1664.4413161660261,1690.1800994057069,1600.094358066824,1604.3841552734375,188697,0.0,0.0
2010-04-27 00:00:00+09:00,1664.441193611391,1664.441193611391,1595.804443359375,1595.804443359375,112978,0.0,0.0
2010-04-28 00:00:00+09:00,1591.5146946073603,1595.8044916278654,1484.269769094735,1497.13916015625,177729,0.0,0.0
2010-04-29 00:00:00+09:00,1497.139377094577,1540.037353515625,1471.4005912419482,1540.037353515625,70331,0.0,0.0
2010-04-30 00:00:00+09:00,1518.5881225585938,1561.4860921223958,1514.2983256022137,1544.326904296875,51431,0.0,0.0
2010-05-03 00:00:00+09:00,1544.3268962482828,1578.645271720467,1510.0085207760987,1561.486083984375,33036,0.0,0.0
2010-05-04 00:00:00+09:00,1570.0659482284332,1570.0659482284332,1518.5883761553698,1522.878173828125,16095,0.0,0.0
2010-05-06 00:00:00+09:00,1522.8781054833692,1522.8781054833692,1415.633168477498,1432.7923583984375,80906,0.0,0.0
2010-05-07 00:00:00+09:00,1372.7350603070174,1638.7024782415021,1308.388104355126,1467.110595703125,119643,0.0,0.0
2010-05-10 00:00:00+09:00,1510.0085366924156,1544.3269125263341,1467.1105669000174,1527.167724609375,22729,0.0,0.0
2010-05-11 00:00:00+09:00,1531.4576537392356,1574.355627233332,1510.0086669921875,1510.0086669921875,53141,0.0,0.0
2010-05-12 00:00:00+09:00,1540.0372459692592,1557.19643533939,1501.4290698864643,1514.2984619140625,14681,0.0,0.0
2010-05-13 00:00:00+09:00,1570.0657709663046,1625.8331344159276,1514.298407516682,1617.2535400390625,102359,0.0,0.0
2010-05-14 00:00:00+09:00,1638.7025471562924,1638.7025471562924,1570.0657912544582,1578.6453857421875,52229,0.0,0.0
2010-05-17 00:00:00+09:00,1600.0943672798776,1600.0943672798776,1535.7474088101774,1587.2249755859375,79474,0.0,0.0
2010-05-18 00:00:00+09:00,1561.4860819777398,1630.122832833904,1518.588112692637,1565.77587890625,71353,0.0,0.0
2010-05-19 00:00:00+09:00,1565.7759213654892,1600.0942977241848,1471.400386379076,1479.97998046875,29223,0.0,0.0
2010-05-20 00:00:00+09:00,1527.1678019458463,1527.1678019458463,1372.735102872671,1381.314697265625,45729,0.0,0.0
2010-05-24 00:00:00+09:00,1492.8492945020444,1492.8492945020444,1355.575796157029,1377.0247802734375,72862,0.0,0.0
2010-05-25 00:00:00+09:00,1449.9514337713067,1449.9514337713067,1329.8371138139205,1415.633056640625,30408,0.0,0.0
2010-05-26 00:00:00+09:00,1415.632951682973,1432.7921389761002,1359.8655929803106,1377.0247802734375,27115,0.0,0.0
2010-05-27 00:00:00+09:00,1381.314697265625,1428.502466426873,1381.314697265625,1381.314697265625,16810,0.0,0.0
2010-05-28 00:00:00+09:00,1428.50242213199,1497.139175147341,1385.6044514973958,1467.110595703125,23629,0.0,0.0
2010-05-31 00:00:00+09:00,1432.7921052555769,1492.8492593680862,1419.9227150886106,1454.2410888671875,30683,0.0,0.0
2010-06-01 00:00:00+09:00,1454.2412152842173,1475.6902007603858,1432.792229808049,1445.66162109375,14127,0.0,0.0
2010-06-03 00:00:00+09:00,1458.5309952445652,1505.7187627377718,1424.2126188858697,1479.97998046875,30195,0.0,0.0
2010-06-04 00:00:00+09:00,1544.3269383630088,1544.3269383630088,1462.82079439385,1475.690185546875,15704,0.0,0.0
2010-06-07 00:00:00+09:00,1501.4288584391275,1501.4288584391275,1432.7921106247675,1441.3717041015625,12170,0.0,0.0
2010-06-08 00:00:00+09:00,1428.5024305716067,1467.1106043708394,1419.9228363939997,1449.951416015625,13683,0.0,0.0
2010-06-09 00:00:00+09:00,1449.951504100453,1510.0086669921875,1398.4739359075372,1510.0086669921875,24244,0.0,0.0
2010-06-10 00:00:00+09:00,1510.0085576228325,1510.0085576228325,1428.5024138875092,1484.269775390625,28416,0.0,0.0
2010-06-11 00:00:00+09:00,1492.8492593680862,1501.4288528127304,1445.6614954225433,1454.2410888671875,13483,0.0,0.0
2010-06-14 00:00:00+09:00,1501.428955078125,1501.428955078125,1437.0819998604911,1501.428955078125,15306,0.0,0.0
2010-06-15 00:00:00+09:00,1531.457426099134,1531.457426099134,1458.530881999175,1462.8206787109375,12110,0.0,0.0
2010-06-16 00:00:00+09:00,1462.82079439385,1492.8493737509084,1449.951403240825,1475.690185546875,18475,0.0,0.0
2010-06-17 00:00:00+09:00,1535.7473420516305,1535.7473420516305,1445.6616041100544,1479.97998046875,31845,0.0,0.0
2010-06-18 00:00:00+09:00,1501.428967852925,1501.428967852925,1437.0820120877997,1475.690185546875,41993,0.0,0.0
2010-06-21 00:00:00+09:00,1428.5023085332548,1488.5594626457641,1428.5023085332548,1454.2410888671875,19507,0.0,0.0
2010-06-22 00:00:00+09:00,1475.6903101084183,1479.9801075215244,1441.3719308035716,1471.4005126953125,21854,0.0,0.0
2010-06-23 00:00:00+09:00,1527.1676388695125,1527.1676388695125,1441.3717041015625,1441.3717041015625,11972,0.0,0.0
2010-06-24 00:00:00+09:00,1424.2124963519216,1492.8492431640625,1424.2124963519216,1492.8492431640625,27473,0.0,0.0
2010-06-25 00:00:00+09:00,1505.7186331913388,1518.5880232186153,1467.1104631095097,1492.8492431640625,38123,0.0,0.0
2010-06-28 00:00:00+09:00,1497.1391643777017,1497.1391643777017,1458.5309910842939,1488.5595703125,20077,0.0,0.0
2010-06-29 00:00:00+09:00,1497.1391708019169,1497.1391708019169,1449.951403240825,1475.690185546875,20974,0.0,0.0
2010-06-30 00:00:00+09:00,1467.1104790341537,1492.8492593680862,1428.5023085332548,1454.2410888671875,19501,0.0,0.0
2010-07-01 00:00:00+09:00,1419.922699676163,1492.8492431640625,1419.922699676163,1492.8492431640625,33044,0.0,0.0
2010-07-02 00:00:00+09:00,1501.428850959329,1501.428850959329,1458.5308837890625,1458.5308837890625,8164,0.0,0.0
2010-07-05 00:00:00+09:00,1467.1104845319473,1467.1104845319473,1402.7635334559848,1441.3717041015625,18484,0.0,0.0
2010-07-06 00:00:00+09:00,1407.0532153246995,1441.37158643018,1325.5470839491834,1428.502197265625,44963,0.0,0.0
2010-07-07 00:00:00+09:00,1424.2126645688656,1424.2126645688656,1346.9963152850114,1389.894287109375,15691,0.0,0.0
2010-07-08 00:00:00+09:00,1424.2127842815376,1424.2127842815376,1385.6046063943875,1398.4739990234375,18390,0.0,0.0
2010-07-09 00:00:00+09:00,1389.894398759051,1437.0821715564261,1334.1270309076076,1407.0535888671875,36497,0.0,0.0
2010-07-12 00:00:00+09:00,1415.6331839212557,1415.6331839212557,1372.7352086509147,1407.0535888671875,2903,0.0,0.0
2010-07-13 00:00:00+09:00,1449.9515695396376,1449.9515695396376,1377.0250113083541,1398.4739990234375,8684,0.0,0.0
2010-07-14 00:00:00+09:00,1407.0533541747293,1407.0533541747293,1368.4451828711542,1385.6043701171875,17767,0.0,0.0
2010-07-15 00:00:00+09:00,1372.735102872671,1385.6044944621021,1368.4453056761938,1381.314697265625,2768,0.0,0.0
2010-07-16 00:00:00+09:00,1377.0249000691479,1381.314697265625,1368.4453056761938,1381.314697265625,19724,0.0,0.0
2010-07-19 00:00:00+09:00,1385.6044944621021,1389.8942916585793,1364.1555084797167,1381.314697265625,3372,0.0,0.0
2010-07-20 00:00:00+09:00,1355.5759140867624,1381.314697265625,1355.5759140867624,1381.314697265625,2393,0.0,0.0
2010-07-21 00:00:00+09:00,1389.8942916585793,1389.8942916585793,1364.1555084797167,1381.314697265625,6581,0.0,0.0
2010-07-22 00:00:00+09:00,1377.0249283329133,1381.3147256174395,1329.837158203125,1329.837158203125,15768,0.0,0.0
2010-07-23 00:00:00+09:00,1316.967513893681,1359.865478515625,1299.8083280449034,1359.865478515625,31174,0.0,0.0
2010-07-26 00:00:00+09:00,1351.286151898412,1351.286151898412,1312.677976129886,1316.9677734375,17397,0.0,0.0
2010-07-27 00:00:00+09:00,1304.0983744959676,1329.837158203125,1304.0983744959676,1329.837158203125,4418,0.0,0.0
2010-07-28 00:00:00+09:00,1329.8371826171876,1329.8371826171876,1282.6494116210938,1286.939208984375,23494,0.0,0.0
2010-07-29 00:00:00+09:00,1295.5187799269152,1346.9963473412297,1295.5187799269152,1329.837158203125,22622,0.0,0.0
2010-07-30 00:00:00+09:00,1334.1268966176742,1522.8779688079562,1316.9677082367396,1445.66162109375,54476,0.0,0.0
2010-08-02 00:00:00+09:00,1445.6617666104944,1458.5311591915968,1398.4739938131193,1407.0535888671875,15104,0.0,0.0
2010-08-03 00:00:00+09:00,1381.3148037049828,1415.6331839212557,1381.3148037049828,1407.0535888671875,11298,0.0,0.0
2010-08-04 00:00:00+09:00,1432.792379367571,1432.792379367571,1381.3148088513708,1398.4739990234375,18611,0.0,0.0
2010-08-05 00:00:00+09:00,1428.5024458317598,1428.5024458317598,1402.7636630239804,1419.9228515625,7530,0.0,0.0
2010-08-06 00:00:00+09:00,1398.473868075284,1441.3718394886364,1394.1840709339488,1415.633056640625,12176,0.0,0.0
2010-08-09 00:00:00+09:00,1449.9511792065503,1449.9511792065503,1402.7634189365147,1428.502197265625,5099,0.0,0.0
2010-08-10 00:00:00+09:00,1449.9514292521649,1449.9514292521649,1394.18406658862,1424.212646484375,10233,0.0,0.0
2010-08-11 00:00:00+09:00,1389.894398759051,1467.110754245665,1377.0250061779486,1407.0535888671875,27419,0.0,0.0
2010-08-12 00:00:00+09:00,1484.2696848582352,1501.4288719664228,1321.2574073304522,1411.3431396484375,17210,0.0,0.0
2010-08-13 00:00:00+09:00,1419.922872033919,1419.922872033919,1372.735102872671,1381.314697265625,24474,0.0,0.0
2010-08-16 00:00:00+09:00,1372.735107421875,1402.7636878967287,1372.735107421875,1372.735107421875,7604,0.0,0.0
2010-08-17 00:00:00+09:00,1398.4737741977353,1411.3431647578373,1325.5472276904916,1355.5758056640625,19259,0.0,0.0
2010-08-18 00:00:00+09:00,1364.1552749778193,1462.8205936082907,1334.1266997424586,1359.865478515625,9732,0.0,0.0
2010-08-19 00:00:00+09:00,1402.7636832480105,1402.7636832480105,1359.8657112832395,1381.314697265625,4773,0.0,0.0
2010-08-20 00:00:00+09:00,1342.7066259616759,1407.0535888671875,1342.7066259616759,1407.0535888671875,5384,0.0,0.0
2010-08-23 00:00:00+09:00,1334.126928104377,1415.6330748374419,1334.126928104377,1381.314697265625,6975,0.0,0.0
2010-08-24 00:00:00+09:00,1359.865478515625,1389.894053750986,1355.5756820534307,1359.865478515625,6316,0.0,0.0
2010-08-25 00:00:00+09:00,1334.12681204062,1381.3145770967192,1316.9676247474931,1377.0247802734375,11160,0.0,0.0
2010-08-26 00:00:00+09:00,1385.6044944621021,1385.6044944621021,1334.126928104377,1381.314697265625,6264,0.0,0.0
2010-08-27 00:00:00+09:00,1381.3145947578626,1402.7635791485125,1338.4166259765625,1338.4166259765625,18859,0.0,0.0
2010-08-30 00:00:00+09:00,1329.837024543859,1359.8656025174298,1321.2574308371243,1355.5758056640625,13041,0.0,0.0
2010-08-31 00:00:00+09:00,1355.5758095516521,1415.632965671029,1329.8370283576332,1346.9962158203125,10401,0.0,0.0
2010-09-01 00:00:00+09:00,1334.1268157480652,1377.024784100093,1334.1268157480652,1368.4451904296875,3127,0.0,0.0
2010-09-02 00:00:00+09:00,1381.314580935296,1381.314580935296,1338.416612583268,1368.4451904296875,2003,0.0,0.0
2010-09-03 00:00:00+09:00,1381.314706478479,1381.314706478479,1342.7065314526828,1364.155517578125,3291,0.0,0.0
2010-09-06 00:00:00+09:00,1342.706518102575,1398.4738814742475,1342.706518102575,1389.894287109375,10765,0.0,0.0
2010-09-07 00:00:00+09:00,1398.4738953788326,1398.4738953788326,1364.155517578125,1364.155517578125,3300,0.0,0.0
2010-09-08 00:00:00+09:00,1346.996211957328,1385.6043836376334,1346.996211957328,1355.5758056640625,1444,0.0,0.0
2010-09-09 00:00:00+09:00,1342.7065269470215,1415.6330795288086,1334.1269325256349,1372.735107421875,32948,0.0,0.0
2010-09-10 00:00:00+09:00,1398.4739990234375,1398.4739990234375,1359.8658211362874,1398.4739990234375,4344,0.0,0.0
2010-09-13 00:00:00+09:00,1497.1391907649254,1497.1391907649254,1377.0248717350746,1437.08203125,16740,0.0,0.0
2010-09-14 00:00:00+09:00,1437.08203125,1441.371828358209,1394.1840601679105,1437.08203125,5495,0.0,0.0
2010-09-15 00:00:00+09:00,1415.6331891955042,1437.0821769105876,1398.4739990234375,1398.4739990234375,4535,0.0,0.0
2010-09-16 00:00:00+09:00,1402.76366084455,1424.212646484375,1402.76366084455,1424.212646484375,1879,0.0,0.0
2010-09-17 00:00:00+09:00,1437.0821769105876,1449.9515695396376,1394.1842014804208,1398.4739990234375,8681,0.0,0.0
2010-09-20 00:00:00+09:00,1407.0534623579545,1419.9228537819602,1389.8942737926136,1415.633056640625,2402,0.0,0.0
2010-09-24 00:00:00+09:00,1428.502306769876,1458.5308837890625,1415.632916618796,1458.5308837890625,30150,0.0,0.0
2010-09-27 00:00:00+09:00,1432.792229808049,1462.8208094746847,1415.6330414271142,1445.66162109375,19742,0.0,0.0
2010-09-28 00:00:00+09:00,1445.6616343702794,1445.6616343702794,1415.63305442787,1419.9228515625,7419,0.0,0.0
2010-09-29 00:00:00+09:00,1407.0533428713907,1458.5309041959536,1407.0533428713907,1411.3431396484375,8774,0.0,0.0
2010-09-30 00:00:00+09:00,1441.3718394886364,1454.2412309126419,1407.0534623579545,1415.633056640625,5133,0.0,0.0
2010-10-01 00:00:00+09:00,1445.6616366299716,1445.6616366299716,1402.7636652166193,1415.633056640625,3543,0.0,0.0
2010-10-04 00:00:00+09:00,1424.2126356175816,1445.66162109375,1398.4738530461796,1445.66162109375,5809,0.0,0.0
2010-10-05 00:00:00+09:00,1445.6615138648128,1449.95131064186,1411.3431396484375,1411.3431396484375,7129,0.0,0.0
2010-10-06 00:00:00+09:00,1407.0535735170283,1437.0821558786722,1402.7637760367936,1432.7923583984375,7792,0.0,0.0
2010-10-07 00:00:00+09:00,1441.3718239985162,1445.66162109375,1398.4738530461796,1445.66162109375,33750,0.0,0.0
2010-10-08 00:00:00+09:00,1445.66162109375,1445.66162109375,1411.3432443318804,1445.66162109375,10814,0.0,0.0
2010-10-11 00:00:00+09:00,1454.2412152842173,1475.6902007603858,1432.792229808049,1445.66162109375,4752,0.0,0.0
2010-10-12 00:00:00+09:00,1445.66162109375,1458.531012379451,1432.792229808049,1445.66162109375,5570,0.0,0.0
2010-10-13 00:00:00+09:00,1449.9511792065503,1454.2409755947353,1428.502197265625,1428.502197265625,11606,0.0,0.0
2010-10-14 00:00:00+09:00,1432.7919936538099,1454.2409755947353,1428.502197265625,1428.502197265625,6432,0.0,0.0
2010-10-15 00:00:00+09:00,1424.2126356175816,1445.66162109375,1424.2126356175816,1445.66162109375,9985,0.0,0.0
2010-10-18 00:00:00+09:00,1454.2412263801298,1454.2412263801298,1415.633052228445,1424.212646484375,8957,0.0,0.0
2010-10-19 00:00:00+09:00,1428.502197265625,1454.2409755947353,1407.0532153246995,1428.502197265625,32734,0.0,0.0
2010-10-20 00:00:00+09:00,1407.0534514925373,1445.661625466418,1407.0534514925373,1437.08203125,9907,0.0,0.0
2010-10-21 00:00:00+09:00,1445.6616366299716,1445.6616366299716,1415.633056640625,1415.633056640625,11126,0.0,0.0
2010-10-22 00:00:00+09:00,1415.6328081010697,1437.081790041995,1415.6328081010697,1428.502197265625,17593,0.0,0.0
2010-10-25 00:00:00+09:00,1445.6616189268213,1449.951416015625,1424.212633482803,1449.951416015625,4355,0.0,0.0
2010-10-26 00:00:00+09:00,1428.5024327128153,1471.400403665152,1424.2126356175816,1445.66162109375,8180,0.0,0.0
2010-10-27 00:00:00+09:00,1449.951416015625,1449.951416015625,1415.633039305196,1449.951416015625,17303,0.0,0.0
2010-10-28 00:00:00+09:00,1432.7921106247675,1449.9512975783575,1415.6329236711774,1441.3717041015625,11490,0.0,0.0
2010-10-29 00:00:00+09:00,1441.3718218380177,1467.1106043708394,1424.212633482803,1449.951416015625,33820,0.0,0.0
2010-11-01 00:00:00+09:00,1462.8209407600814,1462.8209407600814,1428.5025609182026,1432.7923583984375,16876,0.0,0.0
2010-11-02 00:00:00+09:00,1385.604586115854,1441.3719533589071,1385.604586115854,1432.7923583984375,37008,0.0,0.0
2010-11-03 00:00:00+09:00,1445.6616366299716,1449.9514337713067,1407.0534623579545,1415.633056640625,52140,0.0,0.0
2010-11-04 00:00:00+09:00,1424.212669230396,1432.7922636233502,1372.735102872671,1381.314697265625,45970,0.0,0.0
2010-11-05 00:00:00+09:00,1385.6043663611779,1407.0533503605768,1351.2859919621394,1394.1839599609375,26116,0.0,0.0
2010-11-08 00:00:00+09:00,1389.8941804910007,1389.8941804910007,1355.5758056640625,1355.5758056640625,11390,0.0,0.0
2010-11-09 00:00:00+09:00,1385.6045229019658,1385.6045229019658,1329.837158203125,1329.837158203125,14476,0.0,0.0
2010-11-10 00:00:00+09:00,1338.416496204653,1359.865478515625,1334.1266997424586,1359.865478515625,19642,0.0,0.0
2010-11-11 00:00:00+09:00,1394.1840981537441,1394.1840981537441,1351.2861259028598,1364.155517578125,6083,0.0,0.0
2010-11-12 00:00:00+09:00,1338.4166319023059,1389.8941946677792,1321.2574443138146,1325.5472412109375,17605,0.0,0.0
2010-11-15 00:00:00+09:00,1304.098258674919,1398.473790552709,1278.3594772537033,1321.2574462890625,25421,0.0,0.0
2010-11-16 00:00:00+09:00,1316.9677905273438,1334.1269799804688,1282.6494116210938,1286.939208984375,18558,0.0,0.0
2010-11-17 00:00:00+09:00,1278.3594909870744,1325.547257432906,1278.3594909870744,1291.2288818359375,7077,0.0,0.0
2010-11-18 00:00:00+09:00,1286.9390634390024,1346.9962197328225,1286.9390634390024,1338.4166259765625,14955,0.0,0.0
2010-11-19 00:00:00+09:00,1372.735131048387,1372.735131048387,1299.8085772114414,1329.837158203125,9177,0.0,0.0
2010-11-22 00:00:00+09:00,1351.2861720056437,1351.2861720056437,1282.6494140625,1282.6494140625,19180,0.0,0.0
2010-11-23 00:00:00+09:00,1291.2288818359375,1291.2288818359375,1282.6492879366954,1291.2288818359375,2931,0.0,0.0
2010-11-24 00:00:00+09:00,1248.331025680693,1321.2575804455446,1209.722849628713,1299.80859375,11485,0.0,0.0
2010-11-25 00:00:00+09:00,1364.1555720148858,1364.1555720148858,1261.2004345043285,1269.780029296875,20119,0.0,0.0
2010-11-26 00:00:00+09:00,1252.620707328746,1372.7350217301325,1252.620707328746,1295.5186767578125,31338,0.0,0.0
2010-11-29 00:00:00+09:00,1346.9962256965514,1346.9962256965514,1265.4900846512187,1325.5472412109375,8371,0.0,0.0
2010-11-30 00:00:00+09:00,1286.939192284202,1321.257570745114,1282.649394976588,1316.9677734375,13130,0.0,0.0
2010-12-01 00:00:00+09:00,1312.6778505195691,1346.9962256965514,1286.9390691368326,1325.5472412109375,10036,0.0,0.0
2010-12-02 00:00:00+09:00,1346.9963286777713,1364.155517578125,1295.51876197671,1364.155517578125,17198,0.0,0.0
2010-12-03 00:00:00+09:00,1308.3881536519752,1372.735112028302,1308.3881536519752,1364.155517578125,10180,0.0,0.0
2010-12-06 00:00:00+09:00,1407.053485107422,1407.053485107422,1312.677946472168,1372.735107421875,6923,0.0,0.0
2010-12-07 00:00:00+09:00,1372.7349970143312,1385.6043876113406,1334.126825223303,1346.9962158203125,13718,0.0,0.0
2010-12-08 00:00:00+09:00,1346.996324157715,1377.0249046325685,1329.8371353149414,1372.735107421875,12462,0.0,0.0
2010-12-09 00:00:00+09:00,1381.3145927453575,1381.3145927453575,1338.4166240265577,1342.7064208984375,7352,0.0,0.0
2010-12-10 00:00:00+09:00,1381.3148088513708,1540.037317942988,1342.7066309642207,1398.4739990234375,30133,0.0,0.0
2010-12-13 00:00:00+09:00,1398.473868075284,1441.3718394886364,1368.4452880859374,1415.633056640625,48609,0.0,0.0
2010-12-14 00:00:00+09:00,1411.3432594992896,1441.3718394886364,1377.024882368608,1415.633056640625,9215,0.0,0.0
2010-12-15 00:00:00+09:00,1449.9514337713067,1449.9514337713067,1389.8942737926136,1415.633056640625,9241,0.0,0.0
2010-12-16 00:00:00+09:00,1432.7921311598557,1432.7921311598557,1372.7349759615383,1394.1839599609375,2774,0.0,0.0
2010-12-17 00:00:00+09:00,1437.0819279597356,1437.0819279597356,1359.865585561899,1394.1839599609375,11715,0.0,0.0
2010-12-20 00:00:00+09:00,1441.3719744536043,1441.3719744536043,1329.8372383351707,1398.4739990234375,9001,0.0,0.0
2010-12-21 00:00:00+09:00,1432.7921593963526,1432.7921593963526,1329.8370341702673,1334.1268310546875,44881,0.0,0.0
2010-12-22 00:00:00+09:00,1359.8656044611855,1364.1554013206844,1329.8370264446924,1351.2860107421875,6668,0.0,0.0
2010-12-23 00:00:00+09:00,1372.735107421875,1389.8942962646486,1321.2575408935547,1372.735107421875,23675,0.0,0.0
2010-12-24 00:00:00+09:00,1389.8942962646486,1389.8942962646486,1338.4167297363283,1372.735107421875,7846,0.0,0.0
2010-12-27 00:00:00+09:00,1407.05336790447,1407.05336790447,1338.4166182505933,1355.5758056640625,4620,0.0,0.0
2010-12-28 00:00:00+09:00,1338.4167342275944,1419.9228815042748,1338.4167342275944,1364.155517578125,11605,0.0,0.0
2010-12-29 00:00:00+09:00,1342.7064170231895,1389.8941824776784,1342.7064170231895,1351.2860107421875,11242,0.0,0.0
2010-12-30 00:00:00+09:00,1398.4738953788326,1398.4738953788326,1342.7065314526828,1364.155517578125,4646,0.0,0.0
2011-01-03 00:00:00+09:00,1407.0533619465125,1407.0533619465125,1342.7064094184707,1368.4451904296875,13499,0.0,0.0
2011-01-04 00:00:00+09:00,1346.996211957328,1385.6043836376334,1342.7064151039606,1355.5758056640625,1758,0.0,0.0
2011-01-05 00:00:00+09:00,1346.9960891290418,1368.4450714400139,1299.8083280449034,1359.865478515625,24308,0.0,0.0
2011-01-06 00:00:00+09:00,1329.8371397774176,1372.735112028302,1329.8371397774176,1364.155517578125,4542,0.0,0.0
2011-01-07 00:00:00+09:00,1389.8942962646486,1389.8942962646486,1346.996324157715,1372.735107421875,1599,0.0,0.0
2011-01-10 00:00:00+09:00,1334.1269325256349,1385.6044990539551,1334.1269325256349,1372.735107421875,2494,0.0,0.0
2011-01-11 00:00:00+09:00,1342.7065269470215,1372.735107421875,1334.1269325256349,1372.735107421875,8520,0.0,0.0
2011-01-12 00:00:00+09:00,1342.7064020021044,1389.894166928696,1338.416605190596,1385.6043701171875,5254,0.0,0.0
2011-01-13 00:00:00+09:00,1364.1552749778193,1372.7348679022082,1338.416496204653,1359.865478515625,6222,0.0,0.0
2011-01-14 00:00:00+09:00,1342.7064287994285,1402.7635853591476,1308.3880536224465,1325.5472412109375,37390,0.0,0.0
2011-01-17 00:00:00+09:00,1329.8371653603422,1346.996354590798,1278.359597668974,1316.9677734375,27380,0.0,0.0
2011-01-18 00:00:00+09:00,1291.2289895918161,1338.4167599755701,1291.2289895918161,1316.9677734375,11628,0.0,0.0
2011-01-19 00:00:00+09:00,1286.939199347245,1321.2575779965048,1286.939199347245,1304.098388671875,21217,0.0,0.0
2011-01-20 00:00:00+09:00,1295.51879400956,1338.4167673211348,1278.35960468493,1304.098388671875,6745,0.0,0.0
2011-01-21 00:00:00+09:00,1286.939199347245,1351.2861593146072,1282.6494020160876,1304.098388671875,12594,0.0,0.0
2011-01-24 00:00:00+09:00,1299.8084882315943,1325.5472701767744,1261.2003153138241,1265.4901123046875,14764,0.0,0.0
2011-01-25 00:00:00+09:00,1265.4902444426548,1286.939231636598,1214.0126751771909,1248.3310546875,44045,0.0,0.0
2011-01-26 00:00:00+09:00,1286.939231636598,1286.939231636598,1231.1718649323454,1248.3310546875,23554,0.0,0.0
2011-01-27 00:00:00+09:00,1222.592270054768,1278.3596367590208,1222.592270054768,1248.3310546875,19037,0.0,0.0
2011-01-28 00:00:00+09:00,1226.8820674935569,1261.200447003866,1226.8820674935569,1248.3310546875,7633,0.0,0.0
2011-01-31 00:00:00+09:00,1248.3309389750164,1325.547285715739,1222.5921567281086,1235.4615478515625,33591,0.0,0.0
2011-02-01 00:00:00+09:00,1291.2289093865288,1291.2289093865288,1214.0125626458062,1235.4615478515625,21212,0.0,0.0
2011-02-07 00:00:00+09:00,1226.8818292025862,1295.5185748922413,1226.8818292025862,1244.041015625,29423,0.0,0.0
2011-02-08 00:00:00+09:00,1291.229008805393,1291.229008805393,1244.0412377194816,1282.6494140625,2757,0.0,0.0
2011-02-09 00:00:00+09:00,1248.331052179206,1269.7800393300513,1244.0412547490369,1252.620849609375,1823,0.0,0.0
2011-02-10 00:00:00+09:00,1299.8086161710778,1299.8086161710778,1239.7514523875957,1261.200439453125,2435,0.0,0.0
2011-02-11 00:00:00+09:00,1278.3596240894215,1278.3596240894215,1226.8820553341427,1269.780029296875,5428,0.0,0.0
2011-02-14 00:00:00+09:00,1269.7800342793369,1269.7800342793369,1261.200439453125,1261.200439453125,1530,0.0,0.0
2011-02-15 00:00:00+09:00,1218.3023454051906,1265.4901123046875,1218.3023454051906,1265.4901123046875,5383,0.0,0.0
2011-02-16 00:00:00+09:00,1265.4902418998822,1265.4902418998822,1214.012672737853,1252.620849609375,10290,0.0,0.0
2011-02-17 00:00:00+09:00,1286.9391123453777,1291.2289093865288,1196.8533744812012,1235.4615478515625,7934,0.0,0.0
2011-02-18 00:00:00+09:00,1244.041141933865,1244.041141933865,1192.5635774400498,1235.4615478515625,2123,0.0,0.0
2011-02-21 00:00:00+09:00,1244.041141933865,1265.4901271396213,1209.722765604655,1235.4615478515625,14196,0.0,0.0
2011-02-22 00:00:00+09:00,1244.041141933865,1256.9105330573188,1201.1431715223525,1235.4615478515625,1535,0.0,0.0
2011-02-23 00:00:00+09:00,1252.6209034639246,1252.6209034639246,1166.824951171875,1166.824951171875,33951,0.0,0.0
2011-02-24 00:00:00+09:00,1158.2453351702009,1304.098451450893,1158.2453351702009,1201.143310546875,26878,0.0,0.0
2011-02-25 00:00:00+09:00,1299.8083822760782,1299.8083822760782,1188.2736696055238,1218.30224609375,3206,0.0,0.0
2011-02-28 00:00:00+09:00,1286.9392557347076,1295.518850772939,1192.5637103141623,1209.722900390625,1566,0.0,0.0
2011-03-02 00:00:00+09:00,1252.620875581782,1252.620875581782,1196.853507833278,1209.722900390625,15466,0.0,0.0
2011-03-03 00:00:00+09:00,1252.6206245829626,1252.6206245829626,1192.563471349533,1205.432861328125,7668,0.0,0.0
2011-03-04 00:00:00+09:00,1209.7227761635934,1214.0125732421875,1196.8533849278103,1214.0125732421875,9148,0.0,0.0
2011-03-07 00:00:00+09:00,1218.30224609375,1222.5920427349251,1158.2450931172975,1218.30224609375,4331,0.0,0.0
2011-03-08 00:00:00+09:00,1218.30224609375,1244.041025940801,1166.8246863996478,1218.30224609375,11166,0.0,0.0
2011-03-09 00:00:00+09:00,1226.8819580078125,1274.0697256234976,1214.0125668398982,1226.8819580078125,6785,0.0,0.0
2011-03-10 00:00:00+09:00,1231.1716258081897,1261.2002020474138,1222.5920325969828,1244.041015625,20134,0.0,0.0
2011-03-11 00:00:00+09:00,1252.6207254559515,1261.2003194659237,1214.0125524110763,1256.9105224609375,5421,0.0,0.0
2011-03-14 00:00:00+09:00,1256.9106274414064,1286.939208984375,1188.2738696289064,1286.939208984375,13777,0.0,0.0
2011-03-15 00:00:00+09:00,1278.359621606692,1295.5188111584596,1209.7228633996212,1274.06982421875,20921,0.0,0.0
2011-03-16 00:00:00+09:00,1274.0697190439826,1304.0982982807093,1201.1431694690743,1239.7513427734375,33368,0.0,0.0
2011-03-17 00:00:00+09:00,1248.330949870942,1248.330949870942,1214.0125732421875,1214.0125732421875,6678,0.0,0.0
2011-03-18 00:00:00+09:00,1239.7514475229623,1286.939218881968,1201.1432709565033,1269.780029296875,9347,0.0,0.0
2011-03-21 00:00:00+09:00,1248.3310327148438,1295.5188037109376,1226.8820458984376,1286.939208984375,4902,0.0,0.0
2011-03-22 00:00:00+09:00,1286.9389816810344,1286.9389816810344,1226.8818292025862,1244.041015625,15067,0.0,0.0
2011-03-23 00:00:00+09:00,1269.7797952586207,1278.3593884698275,1218.3022359913793,1244.041015625,9681,0.0,0.0
2011-03-24 00:00:00+09:00,1244.0411398072556,1252.6207338748918,1226.8819516719832,1239.7513427734375,9182,0.0,0.0
2011-03-25 00:00:00+09:00,1261.2003279425282,1274.0697190439826,1222.592154638165,1239.7513427734375,11186,0.0,0.0
2011-03-28 00:00:00+09:00,1248.3309389750164,1248.3309389750164,1218.3023596869575,1235.4615478515625,5224,0.0,0.0
2011-03-29 00:00:00+09:00,1226.8818292025862,1244.041015625,1205.432846174569,1244.041015625,17680,0.0,0.0
2011-03-30 00:00:00+09:00,1265.4900038450023,1265.4900038450023,1214.0124443665616,1231.171630859375,7634,0.0,0.0
2011-03-31 00:00:00+09:00,1218.3022409897649,1269.7798004682056,1214.0124443665616,1231.171630859375,19200,0.0,0.0
2011-04-01 00:00:00+09:00,1239.7513448927139,1239.7513448927139,1201.1431715223525,1235.4615478515625,28881,0.0,0.0
2011-04-04 00:00:00+09:00,1218.3022359913793,1252.6206088362069,1218.3022359913793,1244.041015625,19467,0.0,0.0
2011-04-05 00:00:00+09:00,1244.0412498007015,1261.200439453125,1226.882060148278,1261.200439453125,10451,0.0,0.0
2011-04-06 00:00:00+09:00,1235.4614224137931,1252.6206088362069,1235.4614224137931,1244.041015625,7491,0.0,0.0
2011-04-07 00:00:00+09:00,1256.9106371080552,1278.3596240894215,1231.1718527304158,1269.780029296875,11941,0.0,0.0
2011-04-08 00:00:00+09:00,1286.9390910103816,1312.6778728305894,1248.3309182800701,1278.3594970703125,11802,0.0,0.0
2011-04-11 00:00:00+09:00,1286.9391101454369,1286.9391101454369,1235.4615457396194,1239.7513427734375,13595,0.0,0.0
2011-04-12 00:00:00+09:00,1231.1717550637838,1256.910537399612,1226.8819580078125,1226.8819580078125,3314,0.0,0.0
2011-04-13 00:00:00+09:00,1235.4616598886985,1252.620849609375,1214.012672737853,1252.620849609375,12341,0.0,0.0
2011-04-14 00:00:00+09:00,1256.9106274414064,1286.939208984375,1248.3310327148438,1286.939208984375,1355,0.0,0.0
2011-04-15 00:00:00+09:00,1282.6493153042263,1282.6493153042263,1226.88195376926,1235.4615478515625,10318,0.0,0.0
2011-04-18 00:00:00+09:00,1265.4902444426548,1291.2290290753867,1231.1718649323454,1248.3310546875,27714,0.0,0.0
2011-04-19 00:00:00+09:00,1214.0125425197934,1278.3594970703125,1214.0125425197934,1278.3594970703125,7777,0.0,0.0
2011-04-20 00:00:00+09:00,1278.3596341903894,1286.9392290507276,1239.7514573188676,1252.620849609375,12603,0.0,0.0
2011-04-21 00:00:00+09:00,1269.7799092955509,1278.3595032772776,1239.7513303595074,1265.4901123046875,16674,0.0,0.0
2011-04-22 00:00:00+09:00,1244.0411273503707,1286.9390972590043,1231.1717363777807,1265.4901123046875,9648,0.0,0.0
2011-04-25 00:00:00+09:00,1286.9392239317604,1286.9392239317604,1244.0412498007015,1261.200439453125,4409,0.0,0.0
2011-04-26 00:00:00+09:00,1286.9392114339464,1286.9392114339464,1244.0412377194816,1282.6494140625,20879,0.0,0.0
2011-04-27 00:00:00+09:00,1261.20041769802,1312.6779857673268,1261.20041769802,1299.80859375,19227,0.0,0.0
2011-04-28 00:00:00+09:00,1299.8084234452176,1492.849278412329,1299.8084234452176,1411.3431396484375,713647,0.0,0.0
2011-04-29 00:00:00+09:00,1407.0534207589287,1535.7473311941965,1398.4738267299108,1501.428955078125,307815,0.0,0.0
2011-05-02 00:00:00+09:00,1501.428735864771,1527.1675141938813,1419.9226044892548,1428.502197265625,165071,0.0,0.0
2011-05-03 00:00:00+09:00,1428.502306769876,1475.6900706571691,1402.763526467716,1458.5308837890625,87250,0.0,0.0
2011-05-04 00:00:00+09:00,1449.9513789830582,1570.065694401773,1449.9513789830582,1527.167724609375,153662,0.0,0.0
2011-05-06 00:00:00+09:00,1501.4289833317878,1544.3269542841247,1424.2126356175816,1445.66162109375,68764,0.0,0.0
2011-05-09 00:00:00+09:00,1424.2126356175816,1467.1106065699184,1389.8942588557122,1445.66162109375,28095,0.0,0.0
2011-05-11 00:00:00+09:00,1415.6330721827337,1660.1515119233877,1398.4738834290035,1617.2535400390625,596850,0.0,0.0
2011-05-12 00:00:00+09:00,1612.9638007923159,1630.122990162447,1492.8494752013987,1514.2984619140625,248149,0.0,0.0
2011-05-13 00:00:00+09:00,1544.3269361413043,1582.935109544837,1432.7922129755434,1479.97998046875,212522,0.0,0.0
2011-05-16 00:00:00+09:00,1364.1555463005514,1437.0821006625306,1308.3881812002144,1312.677978515625,417507,0.0,0.0
2011-05-17 00:00:00+09:00,1295.5188239110657,1342.7065956429258,1252.620849609375,1252.620849609375,100012,0.0,0.0
2011-05-18 00:00:00+09:00,1286.939185357863,1359.8657391948084,1269.779996219758,1329.837158203125,110029,0.0,0.0
2011-05-19 00:00:00+09:00,1304.09827889052,1342.7064516208316,1278.3594970703125,1278.3594970703125,57772,0.0,0.0
2011-05-20 00:00:00+09:00,1286.9392017326734,1304.098391089109,1248.331025680693,1299.80859375,39477,0.0,0.0
2011-05-23 00:00:00+09:00,1299.808623952964,1304.0984213917527,1235.461662371134,1248.3310546875,37723,0.0,0.0
2011-05-24 00:00:00+09:00,1235.461662371134,1261.200447003866,1183.9840931056701,1248.3310546875,20793,0.0,0.0
2011-05-25 00:00:00+09:00,1261.2003153138241,1265.4901123046875,1222.592142396054,1265.4901123046875,11400,0.0,0.0
2011-05-26 00:00:00+09:00,1269.7800219481605,1282.6494140625,1218.3024534908027,1282.6494140625,18533,0.0,0.0
2011-05-27 00:00:00+09:00,1286.9391101454369,1329.8370804836181,1226.8819516719832,1239.7513427734375,23757,0.0,0.0
2011-05-30 00:00:00+09:00,1282.6493131116188,1286.9391101454369,1239.7513427734375,1239.7513427734375,7599,0.0,0.0
2011-05-31 00:00:00+09:00,1239.7512292996257,1269.779805787852,1214.0124494525749,1218.30224609375,25262,0.0,0.0
2011-06-01 00:00:00+09:00,1218.3024726159795,1269.7800418814434,1209.722877738402,1248.3310546875,22841,0.0,0.0
2011-06-02 00:00:00+09:00,1244.041015625,1252.6206088362069,1226.8818292025862,1244.041015625,6445,0.0,0.0
2011-06-03 00:00:00+09:00,1261.2004444697131,1261.2004444697131,1226.8820650283603,1252.620849609375,5054,0.0,0.0
2011-06-07 00:00:00+09:00,1222.5920325969828,1278.3593884698275,1222.5920325969828,1244.041015625,5467,0.0,0.0
2011-06-08 00:00:00+09:00,1218.3023703207818,1256.9105440281305,1214.0125732421875,1214.0125732421875,9069,0.0,0.0
2011-06-09 00:00:00+09:00,1244.0412449192356,1329.8371928447,1201.1432709565033,1269.780029296875,25021,0.0,0.0
2011-06-10 00:00:00+09:00,1252.620839711782,1321.2575980521535,1252.620839711782,1269.780029296875,7373,0.0,0.0
2011-06-13 00:00:00+09:00,1226.8819334298971,1295.518684950451,1226.8819334298971,1278.3594970703125,7567,0.0,0.0
2011-06-14 00:00:00+09:00,1244.0412192080619,1372.7351384364822,1239.751421900448,1316.9677734375,29692,0.0,0.0
2011-06-15 00:00:00+09:00,1316.9677905273438,1338.41677734375,1265.4902221679688,1286.939208984375,17232,0.0,0.0
2011-06-16 00:00:00+09:00,1278.3596367590208,1355.5759906572166,1248.3310546875,1248.3310546875,55911,0.0,0.0
2011-06-17 00:00:00+09:00,1269.7800219481605,1295.5188061768395,1239.7514403480352,1282.6494140625,32677,0.0,0.0
2011-06-20 00:00:00+09:00,1248.331035090928,1312.6779956626253,1248.331035090928,1282.6494140625,9164,0.0,0.0
2011-06-21 00:00:00+09:00,1295.5188111584596,1295.5188111584596,1261.2004320549242,1274.06982421875,18690,0.0,0.0
2011-06-22 00:00:00+09:00,1295.5188136745144,1304.0984084670608,1256.9106371080552,1269.780029296875,10732,0.0,0.0
2011-06-23 00:00:00+09:00,1244.0412425031566,1274.06982421875,1244.0412425031566,1274.06982421875,14473,0.0,0.0
2011-06-24 00:00:00+09:00,1274.0698316924427,1295.518818757972,1235.4616549744899,1261.200439453125,11768,0.0,0.0
2011-06-27 00:00:00+09:00,1235.461537436007,1325.5472745407158,1235.461537436007,1256.9105224609375,15077,0.0,0.0
2011-06-28 00:00:00+09:00,1256.9105183229608,1274.0697062864142,1244.0411273503707,1265.4901123046875,14452,0.0,0.0
2011-06-29 00:00:00+09:00,1278.3596291055485,1278.3596291055485,1239.7514523875957,1261.200439453125,5642,0.0,0.0
2011-06-30 00:00:00+09:00,1252.6208446269134,1282.6494265186543,1244.0412498007015,1261.200439453125,8971,0.0,0.0
2011-07-01 00:00:00+09:00,1278.359621606692,1278.359621606692,1261.2004320549242,1274.06982421875,8640,0.0,0.0
2011-07-04 00:00:00+09:00,1278.3595999923407,1385.604532877604,1265.490208046109,1312.677978515625,82634,0.0,0.0
2011-07-05 00:00:00+09:00,1364.1555364793346,1402.7637120400705,1316.9677663495463,1329.837158203125,65511,0.0,0.0
2011-07-06 00:00:00+09:00,1359.865478515625,1364.1552749778193,1321.2573103558755,1359.865478515625,8051,0.0,0.0
2011-07-07 00:00:00+09:00,1372.7352137653374,1415.6331891955042,1368.4454162223208,1398.4739990234375,32829,0.0,0.0
2011-07-08 00:00:00+09:00,1415.6330795288086,1561.486184692383,1368.4453102111818,1372.735107421875,286155,0.0,0.0
2011-07-11 00:00:00+09:00,1372.7349759615383,1407.0533503605768,1342.7063983623798,1394.1839599609375,25246,0.0,0.0
2011-07-12 00:00:00+09:00,1377.0247958734776,1394.1839833609974,1308.3880459233976,1342.7064208984375,53679,0.0,0.0
2011-07-13 00:00:00+09:00,1329.8370381080604,1364.1554132850424,1286.9390691368326,1325.5472412109375,47009,0.0,0.0
2011-07-14 00:00:00+09:00,1325.5472353421724,1368.4452041234724,1291.2288603171323,1338.4166259765625,26843,0.0,0.0
2011-07-15 00:00:00+09:00,1368.4454502553249,1535.74755859375,1325.5474737582927,1535.74755859375,500942,0.0,0.0
2011-07-18 00:00:00+09:00,1638.7024183816056,1711.6289657964937,1518.588104992378,1582.93505859375,843912,0.0,0.0
2011-07-19 00:00:00+09:00,1651.5720951357368,1818.8742034741622,1479.9801891476084,1535.74755859375,1495711,0.0,0.0
2011-07-20 00:00:00+09:00,1570.0657776205298,1617.2535468932779,1535.747399967622,1604.3841552734375,393937,0.0,0.0
2011-07-21 00:00:00+09:00,1638.7025101979573,1758.8168303171792,1621.543321609497,1647.2821044921875,546908,0.0,0.0
2011-07-22 00:00:00+09:00,1630.1229526685631,1660.1515333756156,1578.6453857421875,1578.6453857421875,201581,0.0,0.0
2011-07-25 00:00:00+09:00,1634.4127451303843,1775.9760537637248,1548.6168005041175,1587.2249755859375,428467,0.0,0.0
2011-07-26 00:00:00+09:00,1574.3554913810128,1617.253461173411,1514.2983336716554,1527.167724609375,233107,0.0,0.0
2011-07-27 00:00:00+09:00,1527.1677164713542,1544.326904296875,1479.9799499511719,1544.326904296875,162070,0.0,0.0
2011-07-28 00:00:00+09:00,1540.0371438598634,1715.9188232421875,1505.7187673950195,1715.9188232421875,299361,0.0,0.0
2011-07-29 00:00:00+09:00,1741.6576055908204,1823.1637496948242,1651.5718673706056,1715.9188232421875,310742,0.0,0.0
2011-08-01 00:00:00+09:00,1715.9187161192601,1784.5554647640306,1681.600341796875,1681.600341796875,264724,0.0,0.0
2011-08-02 00:00:00+09:00,1690.1800203649009,1857.48210359899,1681.6004263528964,1758.8167724609375,598616,0.0,0.0
2011-08-03 00:00:00+09:00,1754.5269967651368,1754.5269967651368,1642.9922732543946,1715.9188232421875,205893,0.0,0.0
2011-08-04 00:00:00+09:00,1715.9189833603896,1741.6577681107954,1651.572021484375,1651.572021484375,141453,0.0,0.0
2011-08-05 00:00:00+09:00,1475.6901813132226,1561.4861220872472,1454.2411961197165,1484.269775390625,282013,0.0,0.0
2011-08-08 00:00:00+09:00,1527.1676976587867,1527.1676976587867,1269.7798834466316,1321.2574462890625,218288,0.0,0.0
2011-08-09 00:00:00+09:00,1321.2574346262938,1355.5758095516521,1188.2737317905305,1346.9962158203125,155645,0.0,0.0
2011-08-10 00:00:00+09:00,1351.2860829731417,1458.5310101932323,1351.2860829731417,1449.951416015625,184110,0.0,0.0
2011-08-11 00:00:00+09:00,1372.7350523843932,1510.0085576228325,1299.8085027264722,1484.269775390625,103789,0.0,0.0
2011-08-12 00:00:00+09:00,1497.139175147341,1561.4861310992324,1467.110595703125,1467.110595703125,123071,0.0,0.0
2011-08-16 00:00:00+09:00,1527.1679632943437,1570.0659397913757,1479.9801891476084,1535.74755859375,137920,0.0,0.0
2011-08-17 00:00:00+09:00,1570.0658298839223,1570.0658298839223,1484.2698828957298,1510.0086669921875,128642,0.0,0.0
2011-08-18 00:00:00+09:00,1510.0085554755042,1561.4861198667147,1458.5309910842939,1488.5595703125,172377,0.0,0.0
2011-08-19 00:00:00+09:00,1407.0534327307414,1484.2697796488917,1385.6044474756995,1475.690185546875,90210,0.0,0.0
2011-08-22 00:00:00+09:00,1492.849515523539,1673.0210087763799,1432.7923511059253,1651.572021484375,296092,0.0,0.0
2011-08-23 00:00:00+09:00,1655.8615501825534,1750.2370789494346,1587.224801988458,1707.339111328125,215480,0.0,0.0
2011-08-24 00:00:00+09:00,1711.6289117986505,1750.2370827414773,1634.4125699129972,1698.759521484375,128669,0.0,0.0
2011-08-25 00:00:00+09:00,1715.9187397203948,1750.2371145148027,1535.7472720497533,1630.122802734375,168412,0.0,0.0
2011-08-26 00:00:00+09:00,1625.8331847694642,1793.135280299831,1578.645414235258,1745.947509765625,507962,0.0,0.0
2011-08-29 00:00:00+09:00,1741.6574854251728,1793.1350465707444,1698.759517803863,1707.339111328125,233405,0.0,0.0
2011-08-30 00:00:00+09:00,1758.8168804462139,1878.931203988882,1707.3393132136416,1784.5556640625,751654,0.0,0.0
2011-08-31 00:00:00+09:00,1801.7147468118105,1801.7147468118105,1707.3392124550014,1750.2371826171875,202330,0.0,0.0
2011-09-01 00:00:00+09:00,1758.8168423534382,1758.8168423534382,1625.8331298828125,1625.8331298828125,253068,0.0,0.0
2011-09-02 00:00:00+09:00,1642.9923231696575,1660.1515119233877,1578.6453653431697,1617.2535400390625,92673,0.0,0.0
2011-09-05 00:00:00+09:00,1612.9636555989584,1612.9636555989584,1497.1391377766927,1544.326904296875,85022,0.0,0.0
2011-09-06 00:00:00+09:00,1540.0370290847052,1561.4860127766926,1441.3717041015625,1441.3717041015625,95223,0.0,0.0
2011-09-07 00:00:00+09:00,1458.5312087367959,1522.878173828125,1458.5312087367959,1522.878173828125,82704,0.0,0.0
2011-09-08 00:00:00+09:00,1557.1964378356934,1565.7760325345125,1479.9800855463202,1510.0086669921875,59840,0.0,0.0
2011-09-09 00:00:00+09:00,1518.588149540706,1522.8779465733069,1479.9799762472983,1488.5595703125,51456,0.0,0.0
2011-09-14 00:00:00+09:00,1492.849405184659,1492.849405184659,1394.1840709339488,1415.633056640625,125453,0.0,0.0
2011-09-15 00:00:00+09:00,1428.5024480646307,1454.2412309126419,1398.473868075284,1415.633056640625,62116,0.0,0.0
2011-09-16 00:00:00+09:00,1402.7636237444196,1582.9350983537947,1402.7636237444196,1501.428955078125,197101,0.0,0.0
2011-09-19 00:00:00+09:00,1535.7473398550399,1544.3269339324422,1471.4003842745215,1484.269775390625,69898,0.0,0.0
2011-09-20 00:00:00+09:00,1458.5308855895096,1484.269665923442,1441.3716987002213,1454.2410888671875,25373,0.0,0.0
2011-09-21 00:00:00+09:00,1458.530881999175,1497.1390524050357,1445.6614918638884,1462.8206787109375,40826,0.0,0.0
2011-09-22 00:00:00+09:00,1424.212646484375,1467.110617764025,1411.34325510048,1424.212646484375,72336,0.0,0.0
2011-09-23 00:00:00+09:00,1351.2861124674478,1449.9514476634838,1351.2861124674478,1389.894287109375,62302,0.0,0.0
2011-09-26 00:00:00+09:00,1488.5597587253737,1488.5597587253737,1183.984130859375,1183.984130859375,306161,0.0,0.0
2011-09-27 00:00:00+09:00,1183.9838712993421,1261.2002107319079,1183.9838712993421,1222.592041015625,98420,0.0,0.0
2011-09-28 00:00:00+09:00,1226.8819644779705,1261.2003411067249,1209.7227761635934,1214.0125732421875,487684,0.0,0.0
2011-09-29 00:00:00+09:00,1222.592255563447,1274.06982421875,1209.7228633996212,1274.06982421875,132193,0.0,0.0
2011-09-30 00:00:00+09:00,1304.0983984375,1304.0983984375,1248.3310327148438,1286.939208984375,22834,0.0,0.0
2011-10-04 00:00:00+09:00,1286.9391352152652,1286.9391352152652,1128.2166418720492,1192.5635986328125,37003,0.0,0.0
2011-10-05 00:00:00+09:00,1235.4616908482144,1235.4616908482144,1166.8249302455358,1201.143310546875,24468,0.0,0.0
2011-10-06 00:00:00+09:00,1269.7799352639136,1269.7799352639136,1201.1431820064047,1214.0125732421875,19119,0.0,0.0
2011-10-07 00:00:00+09:00,1239.7514598099228,1278.3596367590208,1196.853485422036,1248.3310546875,43901,0.0,0.0
2011-10-10 00:00:00+09:00,1231.1718432617188,1321.257587890625,1231.1718432617188,1286.939208984375,49099,0.0,0.0
2011-10-11 00:00:00+09:00,1338.4167673211348,1338.4167673211348,1304.098388671875,1304.098388671875,31093,0.0,0.0
2011-10-12 00:00:00+09:00,1304.098258674919,1359.8656184208858,1299.808461771383,1321.2574462890625,32378,0.0,0.0
2011-10-13 00:00:00+09:00,1329.8370400961344,1338.4166339032063,1286.9390710607752,1321.2574462890625,38433,0.0,0.0
2011-10-14 00:00:00+09:00,1334.1268369996703,1432.7921657809964,1308.388055578455,1321.2574462890625,18725,0.0,0.0
2011-10-17 00:00:00+09:00,1321.2574384640425,1351.2860166109524,1321.2574384640425,1338.4166259765625,9654,0.0,0.0
2011-10-18 00:00:00+09:00,1286.9390560101858,1398.4737741977353,1286.9390560101858,1355.5758056640625,22734,0.0,0.0
2011-10-19 00:00:00+09:00,1381.3145947578626,1381.3145947578626,1304.0982509515225,1338.4166259765625,31638,0.0,0.0
2011-10-20 00:00:00+09:00,1316.9677905273438,1338.41677734375,1286.939208984375,1286.939208984375,25323,0.0,0.0
2011-10-21 00:00:00+09:00,1329.8371726588198,1338.4167673211348,1282.6494020160876,1304.098388671875,27761,0.0,0.0
2011-10-24 00:00:00+09:00,1334.1269699899774,1338.4167673211348,1278.35960468493,1304.098388671875,35644,0.0,0.0
2011-10-25 00:00:00+09:00,1321.2575779965048,1329.8371726588198,1299.8085913407174,1304.098388671875,19700,0.0,0.0
2011-10-26 00:00:00+09:00,1346.996364480198,1346.996364480198,1286.9392017326734,1299.80859375,11900,0.0,0.0
2011-10-27 00:00:00+09:00,1325.5472553581592,1325.5472553581592,1269.7798951003726,1295.5186767578125,54315,0.0,0.0
2011-10-28 00:00:00+09:00,1299.8084676773822,1398.4737969070184,1291.2288738313268,1308.3880615234375,44569,0.0,0.0
2011-10-31 00:00:00+09:00,1308.388198291179,1321.2575904055184,1269.7800219481605,1282.6494140625,47196,0.0,0.0
2011-11-01 00:00:00+09:00,1316.9676614723458,1316.9676614723458,1252.620707328746,1295.5186767578125,31722,0.0,0.0
2011-11-02 00:00:00+09:00,1261.2004248046876,1304.0983984375,1261.2004248046876,1286.939208984375,18428,0.0,0.0
2011-11-03 00:00:00+09:00,1291.2288738313268,1312.677858446465,1282.6492799852715,1308.3880615234375,14982,0.0,0.0
2011-11-04 00:00:00+09:00,1316.9677758310354,1316.9677758310354,1286.9391946231617,1312.677978515625,14114,0.0,0.0
2011-11-07 00:00:00+09:00,1346.9962277102782,1346.9962277102782,1312.6778524819906,1321.2574462890625,32990,0.0,0.0
2011-11-08 00:00:00+09:00,1329.8370189128625,1411.3431587817154,1308.3880347368486,1368.4451904296875,140614,0.0,0.0
2011-11-09 00:00:00+09:00,1389.8942962646486,1389.8942962646486,1346.996324157715,1372.735107421875,56594,0.0,0.0
2011-11-10 00:00:00+09:00,1351.2860953089703,1458.531023508095,1299.8085297733903,1424.212646484375,156264,0.0,0.0
2011-11-11 00:00:00+09:00,1424.2127634379679,1454.2413457996117,1402.7637760367936,1432.7923583984375,37982,0.0,0.0
2011-11-14 00:00:00+09:00,1441.3718239985162,1475.6902007603858,1432.792229808049,1445.66162109375,38970,0.0,0.0
2011-11-15 00:00:00+09:00,1441.3718218380177,1479.9799956372503,1432.7922276604104,1449.951416015625,42340,0.0,0.0
2011-11-16 00:00:00+09:00,1475.6900913041413,1475.6900913041413,1402.7635460943436,1411.3431396484375,53721,0.0,0.0
2011-11-17 00:00:00+09:00,1411.3432572932402,1424.21264869713,1381.3146773508308,1419.9228515625,32028,0.0,0.0
2011-11-18 00:00:00+09:00,1424.21264869713,1424.21264869713,1394.1840687547206,1419.9228515625,31156,0.0,0.0
2011-11-21 00:00:00+09:00,1394.1840709339488,1445.6616366299716,1394.1840709339488,1415.633056640625,31692,0.0,0.0
2011-11-22 00:00:00+09:00,1411.3433863942216,1419.9229814482899,1377.0250061779486,1407.0535888671875,55008,0.0,0.0
2011-11-23 00:00:00+09:00,1428.5023979574948,1428.5023979574948,1244.0411273503707,1265.4901123046875,150550,0.0,0.0
2011-11-24 00:00:00+09:00,1338.4167982127567,1338.4167982127567,1201.143280447346,1252.620849609375,78743,0.0,0.0
2011-11-25 00:00:00+09:00,1252.6207559783827,1252.6207559783827,1192.5635964451724,1196.8533935546875,75097,0.0,0.0
2011-11-28 00:00:00+09:00,1201.143310546875,1239.7514883858817,1175.4045253208706,1201.143310546875,25892,0.0,0.0
2011-11-29 00:00:00+09:00,1205.4331080845425,1239.7514883858817,1192.5637154715403,1201.143310546875,19976,0.0,0.0
2011-11-30 00:00:00+09:00,1205.432979084999,1248.330949870942,1205.432979084999,1214.0125732421875,50547,0.0,0.0
2011-12-01 00:00:00+09:00,1222.592142396054,1278.3595032772776,1222.592142396054,1265.4901123046875,49057,0.0,0.0
2011-12-02 00:00:00+09:00,1261.20033009847,1278.3595182630752,1231.1717508104111,1235.4615478515625,24496,0.0,0.0
2011-12-05 00:00:00+09:00,1239.751324340001,1278.3594970703125,1226.8819334298971,1278.3594970703125,32835,0.0,0.0
2011-12-06 00:00:00+09:00,1286.9391167914116,1304.0983050152972,1209.7227697839269,1226.8819580078125,66408,0.0,0.0
2011-12-07 00:00:00+09:00,1231.171761556565,1235.461558635159,1209.7227761635934,1214.0125732421875,54179,0.0,0.0
2011-12-08 00:00:00+09:00,1218.3024605415962,1286.939218881968,1218.3024605415962,1269.780029296875,45749,0.0,0.0
2011-12-09 00:00:00+09:00,1256.9104054418103,1304.0981681034482,1222.5920325969828,1244.041015625,49445,0.0,0.0
2011-12-12 00:00:00+09:00,1269.7800418814434,1286.939231636598,1239.7514598099228,1248.3310546875,55432,0.0,0.0
2011-12-13 00:00:00+09:00,1235.4614224137931,1261.2002020474138,1222.5920325969828,1244.041015625,27843,0.0,0.0
2011-12-14 00:00:00+09:00,1244.041146231698,1265.4901315115549,1222.5921609518412,1226.8819580078125,32663,0.0,0.0
2011-12-15 00:00:00+09:00,1239.7513448927139,1244.041141933865,1201.1431715223525,1235.4615478515625,22211,0.0,0.0
2011-12-16 00:00:00+09:00,1261.2003279425282,1261.2003279425282,1222.592154638165,1239.7513427734375,35516,0.0,0.0
2011-12-19 00:00:00+09:00,1226.8821177763098,1244.0413082347197,1136.7963678696576,1166.824951171875,35017,0.0,0.0
2011-12-20 00:00:00+09:00,1153.9555326421212,1218.3024954288564,1153.9555326421212,1209.722900390625,9130,0.0,0.0
2011-12-21 00:00:00+09:00,1209.7227871023495,1231.1717726892705,1192.5635986328125,1192.5635986328125,33013,0.0,0.0
2011-12-22 00:00:00+09:00,1209.7229056222097,1214.0127031598772,1166.8249302455358,1201.143310546875,11928,0.0,0.0
2011-12-23 00:00:00+09:00,1201.1430578399122,1231.1716342859102,1192.563464569627,1222.592041015625,30351,0.0,0.0
2011-12-26 00:00:00+09:00,1239.751483024435,1265.490268139129,1201.1433053523938,1209.722900390625,6535,0.0,0.0
2011-12-27 00:00:00+09:00,1222.5920479662477,1231.1716412853093,1192.563471349533,1205.432861328125,33001,0.0,0.0
2011-12-28 00:00:00+09:00,1192.5637103141623,1226.882090467088,1188.2739127950465,1209.722900390625,12584,0.0,0.0
2011-12-29 00:00:00+09:00,1214.0124494525749,1235.4614326584506,1192.563466246699,1218.30224609375,9763,0.0,0.0
2012-01-02 00:00:00+09:00,1239.751227556195,1244.0410241913378,1205.4328544750547,1222.592041015625,4850,0.0,0.0
2012-01-03 00:00:00+09:00,1226.88195376926,1244.041141933865,1205.4329685635037,1235.4615478515625,14556,0.0,0.0
2012-01-04 00:00:00+09:00,1235.461533368644,1274.0697062864142,1226.8819393869173,1265.4901123046875,29448,0.0,0.0
2012-01-05 00:00:00+09:00,1265.4902126914576,1346.9963619834498,1248.3310233668276,1304.098388671875,91585,0.0,0.0
2012-01-06 00:00:00+09:00,1312.6778371303897,1359.8656025174298,1286.9390560101858,1355.5758056640625,30061,0.0,0.0
2012-01-09 00:00:00+09:00,1355.5758115140775,1355.5758115140775,1316.9676396671575,1342.7064208984375,24170,0.0,0.0
2012-01-10 00:00:00+09:00,1325.5473753276624,1351.2861593146072,1304.098388671875,1304.098388671875,24948,0.0,0.0
2012-01-11 00:00:00+09:00,1295.51879400956,1334.1269699899774,1269.780010022615,1304.098388671875,25534,0.0,0.0
2012-01-12 00:00:00+09:00,1304.098388671875,1321.2575779965048,1274.0698073537726,1304.098388671875,11536,0.0,0.0
2012-01-13 00:00:00+09:00,1312.6779833341898,1316.9677806653474,1282.6494020160876,1304.098388671875,6997,0.0,0.0
2012-01-16 00:00:00+09:00,1308.3881860030324,1359.8657539769222,1278.35960468493,1304.098388671875,80632,0.0,0.0
2012-01-17 00:00:00+09:00,1321.257587890625,1325.5473852539064,1269.78001953125,1286.939208984375,71708,0.0,0.0
2012-01-18 00:00:00+09:00,1286.9390848863163,1346.9962421810112,1278.3594909870744,1291.2288818359375,35910,0.0,0.0
2012-01-19 00:00:00+09:00,1329.837081997381,1484.269775390625,1304.0982997651736,1484.269775390625,1509856,0.0,0.0
2012-01-20 00:00:00+09:00,1703.049459802099,1703.049459802099,1424.212646484375,1424.212646484375,2450978,0.0,0.0
2012-01-25 00:00:00+09:00,1415.63305442787,1527.167779928248,1398.4738658893505,1419.9228515625,321860,0.0,0.0
2012-01-26 00:00:00+09:00,1437.082024749214,1535.7473577916974,1385.6044596835707,1449.951416015625,514714,0.0,0.0
2012-01-27 00:00:00+09:00,1449.9515256297832,1510.0086894132653,1415.6331463249362,1471.4005126953125,214865,0.0,0.0
2012-01-30 00:00:00+09:00,1484.2696640912225,1527.1676312614889,1449.9512903550092,1458.5308837890625,286444,0.0,0.0
2012-01-31 00:00:00+09:00,1471.4004148919898,1501.4289947877446,1415.633052228445,1424.212646484375,264573,0.0,0.0
2012-02-01 00:00:00+09:00,1449.9514225746268,1449.9514225746268,1381.3146688432837,1437.08203125,130001,0.0,0.0
2012-02-02 00:00:00+09:00,1449.9515409395292,1651.572021484375,1415.6331612723213,1651.572021484375,906900,0.0,0.0
2012-02-03 00:00:00+09:00,1763.1067554028002,1810.294527445211,1591.5148570667614,1651.572021484375,1553877,0.0,0.0
2012-02-06 00:00:00+09:00,1634.4126915326578,1780.2657926143122,1634.4126915326578,1690.1800537109375,928277,0.0,0.0
2012-02-07 00:00:00+09:00,1711.6291703714435,1737.3679548883074,1617.2536271429428,1677.310791015625,481411,0.0,0.0
2012-02-08 00:00:00+09:00,1690.1802739830657,1694.4700716327688,1505.7189750458276,1535.74755859375,590529,0.0,0.0
2012-02-09 00:00:00+09:00,1544.3270077912703,1587.2249802299168,1497.1392381087592,1578.6453857421875,359416,0.0,0.0
2012-02-10 00:00:00+09:00,1604.384318147197,1612.9639134314068,1531.4577582314155,1540.037353515625,217068,0.0,0.0
2012-02-13 00:00:00+09:00,1540.0371696215884,1745.9474318551156,1531.457575361858,1660.1514892578125,876783,0.0,0.0
2012-02-14 00:00:00+09:00,1664.4413938255407,1771.686328994712,1634.4128119781728,1685.890380859375,555889,0.0,0.0
2012-02-15 00:00:00+09:00,1694.4697247129498,1720.208505341501,1647.2819602272727,1698.759521484375,230979,0.0,0.0
2012-02-16 00:00:00+09:00,1698.7595365858572,1801.714660015303,1664.441162109375,1664.441162109375,353844,0.0,0.0
2012-02-17 00:00:00+09:00,1703.0493445973761,1913.2493896484375,1655.8615793818317,1913.2493896484375,1159925,0.0,0.0
2012-02-20 00:00:00+09:00,2196.376220703125,2196.376220703125,2127.7394638061523,2196.376220703125,1141480,0.0,0.0
2012-02-21 00:00:00+09:00,2462.3435637759467,2522.400723868043,2187.796546212078,2350.808837890625,5254655,0.0,0.0
2012-02-22 00:00:00+09:00,2316.490167025862,2651.094302262931,2234.9840315193965,2488.08203125,1902239,0.0,0.0
2012-02-23 00:00:00+09:00,2702.572135925293,2814.1068589952256,2402.286343044705,2470.923095703125,1845718,0.0,0.0
2012-02-24 00:00:00+09:00,2496.662013412211,2539.5599861512524,2102.0006642130297,2226.40478515625,1711183,0.0,0.0
2012-02-27 00:00:00+09:00,2556.718994140625,2556.718994140625,2556.718994140625,2556.718994140625,311232,0.0,0.0
2012-02-28 00:00:00+09:00,2359.388528658649,2397.9967045821545,2174.9272436907913,2179.217041015625,1995094,0.0,0.0
2012-02-29 00:00:00+09:00,2179.2172296697445,2265.01318359375,2127.739657315341,2265.01318359375,609495,0.0,0.0
2012-03-02 00:00:00+09:00,2247.8537859405455,2325.0701373659845,2174.9272318165204,2200.666015625,447518,0.0,0.0
2012-03-05 00:00:00+09:00,2157.7677885264216,2385.127018729007,2132.0290077487703,2234.984130859375,385504,0.0,0.0
2012-03-06 00:00:00+09:00,2273.592303936298,2320.780068734976,2007.62490234375,2230.6943359375,456363,0.0,0.0
2012-03-07 00:00:00+09:00,2226.404778140715,2273.5925480049686,2127.73944115182,2239.274169921875,206666,0.0,0.0
2012-03-08 00:00:00+09:00,2243.563944192757,2282.172119140625,2187.7965803791703,2282.172119140625,379192,0.0,0.0
2012-03-09 00:00:00+09:00,2307.910616327279,2423.735126812105,2295.0412262734094,2376.54736328125,627366,0.0,0.0
2012-03-12 00:00:00+09:00,2385.1272150861087,2402.2864036838505,2295.041474947964,2350.808837890625,186217,0.0,0.0
2012-03-13 00:00:00+09:00,2316.4904945473736,2367.968061092871,2282.1721168503755,2286.4619140625,171359,0.0,0.0
2012-03-14 00:00:00+09:00,2320.7797797806766,2350.808353641055,2273.5920208572247,2337.93896484375,203428,0.0,0.0
2012-03-15 00:00:00+09:00,2470.9231892523367,2470.9231892523367,2295.04150390625,2295.04150390625,329901,0.0,0.0
2012-03-16 00:00:00+09:00,2273.5927463107637,2320.7805202907984,2247.853960503472,2316.49072265625,170609,0.0,0.0
2012-03-19 00:00:00+09:00,2385.127245181075,2488.0823780665887,2290.751706702687,2295.04150390625,474478,0.0,0.0
2012-03-20 00:00:00+09:00,2295.0413198319693,2325.069897848462,2119.1596485925097,2162.0576171875,402785,0.0,0.0
2012-03-21 00:00:00+09:00,2140.609122632897,2153.47851615574,1973.3070068359375,1973.3070068359375,337151,0.0,0.0
2012-03-22 00:00:00+09:00,1969.0168457031252,2041.9433955439815,1938.98826635689,1969.016845703125,151508,0.0,0.0
2012-03-23 00:00:00+09:00,2007.6248706882282,2041.9432445461466,1956.1473099013506,2024.7840576171875,241832,0.0,0.0
2012-03-26 00:00:00+09:00,2016.2045281134324,2046.2331061917175,1857.4820439853538,1883.2208251953125,278022,0.0,0.0
2012-03-27 00:00:00+09:00,1930.408729747041,1938.9883241014722,1836.0331918482968,1857.482177734375,110431,0.0,0.0
2012-03-28 00:00:00+09:00,1831.7432370891108,2029.0738902649869,1831.7432370891108,1943.2779541015625,251093,0.0,0.0
2012-03-29 00:00:00+09:00,1977.5963583471566,1977.5963583471566,1870.3514365278966,1878.9310302734375,74475,0.0,0.0
2012-03-30 00:00:00+09:00,1857.4822725863069,1969.0170048894108,1836.0332856049408,1904.6700439453125,163548,0.0,0.0
2012-04-02 00:00:00+09:00,1921.8290781590415,2029.0740043955952,1866.0617165160336,1969.016845703125,136038,0.0,0.0
2012-04-03 00:00:00+09:00,1964.7270258477395,2024.7841838430852,1926.1188528507314,2016.20458984375,232082,0.0,0.0
2012-04-04 00:00:00+09:00,2084.8417030142136,2307.9111856412487,1999.0457481576614,2041.9437255859375,1100504,0.0,0.0
2012-04-05 00:00:00+09:00,1986.1763887076543,2033.3641646812703,1921.8294214709051,1990.4661865234375,264509,0.0,0.0
2012-04-06 00:00:00+09:00,2033.3637134898793,2054.812697809393,1870.3514326615768,1887.5106201171875,258555,0.0,0.0
2012-04-09 00:00:00+09:00,1844.6126239483172,1844.6126239483172,1668.730955153245,1673.020751953125,475089,0.0,0.0
2012-04-10 00:00:00+09:00,1715.9189238233496,1814.5842619431924,1681.6005453468827,1754.527099609375,220456,0.0,0.0
2012-04-12 00:00:00+09:00,1857.48210359899,1861.7719006049924,1733.0779904249239,1758.8167724609375,230592,0.0,0.0
2012-04-13 00:00:00+09:00,1728.788290550595,1801.71484375,1707.339304315476,1801.71484375,98574,0.0,0.0
2012-04-16 00:00:00+09:00,1801.7147340636322,1801.7147340636322,1745.9473732473768,1775.9759521484375,50790,0.0,0.0
2012-04-17 00:00:00+09:00,1797.4248472271545,1797.4248472271545,1698.759521484375,1698.759521484375,89701,0.0,0.0
2012-04-18 00:00:00+09:00,1711.6291311952932,1784.5556856572482,1711.6291311952932,1745.947509765625,74176,0.0,0.0
2012-04-19 00:00:00+09:00,1715.918938042804,1754.527114148767,1698.7597486623758,1728.788330078125,90818,0.0,0.0
2012-04-20 00:00:00+09:00,1763.1067088389811,1763.1067088389811,1668.731167246627,1728.788330078125,70301,0.0,0.0
2012-04-23 00:00:00+09:00,1715.9188253837717,1733.0780136376095,1690.1800430030153,1711.6290283203125,44138,0.0,0.0
2012-04-24 00:00:00+09:00,1664.441258544922,1715.9188232421875,1612.9636938476563,1715.9188232421875,153028,0.0,0.0
2012-04-25 00:00:00+09:00,1715.9189886586162,1745.947570960142,1638.7026341689784,1642.992431640625,44882,0.0,0.0
2012-04-26 00:00:00+09:00,1660.1515213299053,1673.0209129681216,1570.065779862391,1600.0943603515625,121855,0.0,0.0
2012-04-27 00:00:00+09:00,1630.12293389503,1668.7311086451753,1600.0943535338056,1612.9637451171875,38650,0.0,0.0
2012-04-30 00:00:00+09:00,1630.1227592241646,1797.4248318813816,1625.8329624893643,1733.077880859375,128145,0.0,0.0
2012-05-02 00:00:00+09:00,1818.8739348766849,1818.8739348766849,1711.6290094712201,1750.2371826171875,49951,0.0,0.0
2012-05-03 00:00:00+09:00,1784.5554569128788,1784.5554569128788,1698.759521484375,1698.759521484375,57851,0.0,0.0
2012-05-04 00:00:00+09:00,1694.4697247129498,1724.4983021129262,1668.7309440843987,1698.759521484375,60414,0.0,0.0
2012-05-07 00:00:00+09:00,1707.3391302049777,1707.3391302049777,1651.5717716806944,1664.441162109375,26279,0.0,0.0
2012-05-08 00:00:00+09:00,1698.7597486623758,1728.788330078125,1651.5719778661987,1728.788330078125,96377,0.0,0.0
2012-05-09 00:00:00+09:00,1801.7147530541306,1986.176025390625,1797.4249560230494,1986.176025390625,290348,0.0,0.0
2012-05-10 00:00:00+09:00,2003.3352374861727,2239.274077018805,1896.090310425885,1938.98828125,1902391,0.0,0.0
2012-05-11 00:00:00+09:00,1977.5964151030605,1977.5964151030605,1750.237174321147,1767.3963623046875,721740,0.0,0.0
2012-05-14 00:00:00+09:00,1750.237212979854,1788.8453867955861,1673.0208653483899,1690.1800537109375,248696,0.0,0.0
2012-05-15 00:00:00+09:00,1630.1231068872207,1664.4414880848465,1475.690391497905,1535.74755859375,310689,0.0,0.0
2012-05-16 00:00:00+09:00,1505.7188461050803,1681.600534681457,1505.7188461050803,1552.9066162109375,233432,0.0,0.0
2012-05-17 00:00:00+09:00,1501.4289173653453,1595.8044493140244,1501.4289173653453,1582.93505859375,155356,0.0,0.0
2012-05-18 00:00:00+09:00,1600.094224789268,1801.7146767064146,1561.4860531455593,1630.122802734375,604888,0.0,0.0
2012-05-21 00:00:00+09:00,1570.0656839724725,1617.2534504306614,1527.1677144650278,1548.61669921875,199675,0.0,0.0
2012-05-22 00:00:00+09:00,1557.1962348782286,1728.7881064901546,1557.1962348782286,1681.600341796875,199716,0.0,0.0
2012-05-23 00:00:00+09:00,1681.6005884351023,1745.947549727262,1677.310791015625,1677.310791015625,158560,0.0,0.0
2012-05-24 00:00:00+09:00,1703.049432067871,1784.5555761718751,1668.7310556030275,1715.9188232421875,187981,0.0,0.0
2012-05-25 00:00:00+09:00,1733.078113061583,1780.2658834667252,1707.3393292042329,1754.527099609375,71445,0.0,0.0
2012-05-29 00:00:00+09:00,1758.8166649661846,1758.8166649661846,1673.0207300897853,1724.498291015625,65777,0.0,0.0
2012-05-30 00:00:00+09:00,1733.0780592946076,1741.6576536475511,1471.4004315298275,1625.8331298828125,95078,0.0,0.0
2012-05-31 00:00:00+09:00,1582.9351472854614,1651.5719016393025,1565.775958697001,1647.2821044921875,30263,0.0,0.0
2012-06-01 00:00:00+09:00,1681.600364925987,1681.600364925987,1604.384021638569,1630.122802734375,45417,0.0,0.0
2012-06-04 00:00:00+09:00,1540.0372243638853,1587.2249944697426,1522.878035234483,1552.9066162109375,46922,0.0,0.0
2012-06-05 00:00:00+09:00,1510.0084945436506,1647.281994047619,1510.0084945436506,1621.543212890625,86197,0.0,0.0
2012-06-07 00:00:00+09:00,1642.9923254784117,1673.020905839636,1608.673947922727,1612.9637451171875,54934,0.0,0.0
2012-06-08 00:00:00+09:00,1647.282209079284,1758.8169419856938,1617.2536271429428,1677.310791015625,76705,0.0,0.0
2012-06-11 00:00:00+09:00,1715.9189077524038,1814.584244948167,1707.3393132136416,1784.5556640625,243607,0.0,0.0
2012-06-12 00:00:00+09:00,1780.2658372714525,1857.4821868398528,1750.2372568837413,1840.322998046875,128159,0.0,0.0
2012-06-13 00:00:00+09:00,1866.0616954051666,1866.0616954051666,1763.1065673828125,1763.1065673828125,78367,0.0,0.0
2012-06-14 00:00:00+09:00,1728.7882016938308,1818.8739392510777,1728.7882016938308,1741.6575927734375,65390,0.0,0.0
2012-06-15 00:00:00+09:00,1741.6575762615112,1844.6127039222902,1733.0779822897796,1775.9759521484375,96066,0.0,0.0
2012-06-18 00:00:00+09:00,1806.004694529942,2041.9435501098633,1806.004694529942,1921.8292236328125,534372,0.0,0.0
2012-06-19 00:00:00+09:00,1973.306657909292,1973.306657909292,1891.8005133434735,1938.98828125,214703,0.0,0.0
2012-06-20 00:00:00+09:00,1986.1760491565267,2140.608744123341,1930.408687085177,1938.98828125,648694,0.0,0.0
2012-06-21 00:00:00+09:00,1969.0171639578682,2226.4050285275243,1969.0171639578682,2041.9437255859375,1514249,0.0,0.0
2012-06-22 00:00:00+09:00,2076.26171875,2132.0290789643595,1969.0167952608472,2076.26171875,401371,0.0,0.0
2012-06-25 00:00:00+09:00,2080.5519528596296,2119.160133428159,1964.727411154042,1973.3070068359375,209227,0.0,0.0
2012-06-26 00:00:00+09:00,1917.5391981645064,1951.857573075728,1857.4820420698686,1887.5106201171875,314974,0.0,0.0
2012-06-27 00:00:00+09:00,1896.090449152766,1913.2496387378587,1861.7720699825802,1904.6700439453125,180799,0.0,0.0
2012-06-28 00:00:00+09:00,1921.828995028409,1951.857573075728,1861.7718389337713,1887.5106201171875,173184,0.0,0.0
2012-06-29 00:00:00+09:00,1857.4820307573395,1913.2493896484375,1827.4534528929023,1913.2493896484375,232444,0.0,0.0
2012-07-02 00:00:00+09:00,1913.2493896484375,2007.6249200795264,1913.2493896484375,1913.2493896484375,157046,0.0,0.0
2012-07-03 00:00:00+09:00,1930.40853999715,1999.0452880859375,1878.9309789305594,1999.0452880859375,207858,0.0,0.0
2012-07-04 00:00:00+09:00,2041.943250058302,2041.943250058302,1956.147315181903,2011.9146728515625,241333,0.0,0.0
2012-07-05 00:00:00+09:00,2007.624995844415,2102.000529837101,1986.1760108460771,2016.20458984375,219973,0.0,0.0
2012-07-06 00:00:00+09:00,2029.0739914104502,2050.522976520497,1947.5678479922715,1994.755615234375,225755,0.0,0.0
2012-07-09 00:00:00+09:00,1981.886155219927,1981.886155219927,1866.061639655126,1878.9310302734375,189349,0.0,0.0
2012-07-10 00:00:00+09:00,1861.771993336397,1896.09037109375,1784.5556433823529,1823.163818359375,199610,0.0,0.0
2012-07-11 00:00:00+09:00,1840.32273236443,1900.379884469563,1801.7145631539875,1896.090087890625,124283,0.0,0.0
2012-07-12 00:00:00+09:00,1891.8008367604223,1990.4661865234375,1840.323262971023,1990.4661865234375,177611,0.0,0.0
2012-07-13 00:00:00+09:00,2144.898678933966,2196.376247228381,1900.380229535494,1934.6986083984375,689848,0.0,0.0
2012-07-16 00:00:00+09:00,1964.7269140415438,2007.624881597036,1956.1473205304453,1999.0452880859375,112726,0.0,0.0
2012-07-17 00:00:00+09:00,2029.0743787682575,2033.364176609205,1964.727411154042,1973.3070068359375,133085,0.0,0.0
2012-07-18 00:00:00+09:00,1960.4372666620575,2003.3352374861727,1887.510716261062,1938.98828125,146362,0.0,0.0
2012-07-19 00:00:00+09:00,1938.98818248402,1964.7269636674362,1883.2208232532848,1887.5106201171875,117132,0.0,0.0
2012-07-20 00:00:00+09:00,1913.2495599724264,1913.2495599724264,1823.163818359375,1823.163818359375,96105,0.0,0.0
2012-07-23 00:00:00+09:00,1836.0332193623813,1836.0332193623813,1715.9188966003562,1806.004638671875,62589,0.0,0.0
2012-07-24 00:00:00+09:00,1767.3964657738095,1831.7434244791666,1724.4984933035714,1801.71484375,50022,0.0,0.0
2012-07-25 00:00:00+09:00,1788.8454294603923,1853.1923873546511,1745.9474575308866,1844.61279296875,60545,0.0,0.0
2012-07-26 00:00:00+09:00,1861.7718748842935,1861.7718748842935,1806.0045145766996,1810.2943115234375,16886,0.0,0.0
2012-07-27 00:00:00+09:00,1878.9311941964286,1878.9311941964286,1801.71484375,1801.71484375,28131,0.0,0.0
2012-07-30 00:00:00+09:00,1801.7147425209605,1840.322915574981,1758.8167724609375,1758.8167724609375,48818,0.0,0.0
2012-07-31 00:00:00+09:00,1758.8169017294995,1801.714874942414,1737.3679151230422,1745.947509765625,38458,0.0,0.0
2012-08-01 00:00:00+09:00,1754.5269838530444,1758.81678087958,1655.8616522427264,1741.6575927734375,40928,0.0,0.0
2012-08-02 00:00:00+09:00,1763.1066942284917,1784.5556807762837,1720.208721132908,1754.527099609375,28863,0.0,0.0
2012-08-03 00:00:00+09:00,1797.4250558706428,1797.4250558706428,1715.9189077524038,1784.5556640625,32960,0.0,0.0
2012-08-06 00:00:00+09:00,1784.5555523874696,1840.322913399578,1758.816770381881,1763.1065673828125,22439,0.0,0.0
2012-08-07 00:00:00+09:00,1793.1351485089558,1793.1351485089558,1728.7881934189215,1758.8167724609375,23137,0.0,0.0
2012-08-08 00:00:00+09:00,1741.6577270203397,1788.8454979494622,1690.1801587340242,1720.208740234375,79267,0.0,0.0
2012-08-09 00:00:00+09:00,1715.9187943463164,1775.9759521484375,1681.60041845939,1775.9759521484375,120493,0.0,0.0
2012-08-10 00:00:00+09:00,1784.5555219336854,1827.4534912109375,1733.077958800983,1827.4534912109375,51117,0.0,0.0
2012-08-13 00:00:00+09:00,1848.9024521640445,1887.5106240189782,1793.1350928180293,1878.9310302734375,90605,0.0,0.0
2012-08-14 00:00:00+09:00,1857.4822750048497,1913.2496412290138,1844.6128827992734,1900.3802490234375,40219,0.0,0.0
2012-08-16 00:00:00+09:00,1900.3800107088957,1926.118791892312,1836.033057750355,1887.5106201171875,81972,0.0,0.0
2012-08-17 00:00:00+09:00,1866.0618673788533,1908.9598413415856,1840.323083001214,1904.6700439453125,52714,0.0,0.0
2012-08-20 00:00:00+09:00,1943.2782105037145,1960.4374000004361,1874.6414525168284,1921.8292236328125,69983,0.0,0.0
2012-08-21 00:00:00+09:00,1951.858017631199,1977.596804676885,1904.6702413807743,1973.3070068359375,71308,0.0,0.0
2012-08-22 00:00:00+09:00,1973.3068487111022,2059.1027986550635,1690.180213896031,2033.364013671875,209414,0.0,0.0
2012-08-23 00:00:00+09:00,2046.2332083102876,2059.1025995575224,1913.249498755531,1938.98828125,168336,0.0,0.0
2012-08-24 00:00:00+09:00,1938.9881572933912,1956.147344526076,1853.1922211299668,1943.2779541015625,72398,0.0,0.0
2012-08-27 00:00:00+09:00,1943.278241078788,1943.278241078788,1861.7720896869623,1870.3516845703125,74299,0.0,0.0
2012-08-28 00:00:00+09:00,1913.249572172619,1913.249572172619,1788.8454520089285,1801.71484375,108354,0.0,0.0
2012-08-29 00:00:00+09:00,1793.135258601262,1818.8740422175479,1758.8168804462139,1784.5556640625,102162,0.0,0.0
2012-08-30 00:00:00+09:00,1780.2657250059601,1870.3514604881896,1750.2371465118838,1827.4534912109375,128695,0.0,0.0
2012-08-31 00:00:00+09:00,1801.714853140024,1874.641406719501,1758.8168804462139,1784.5556640625,124878,0.0,0.0
2012-09-03 00:00:00+09:00,1784.5554078014184,1831.7431709884752,1767.3962211879432,1814.583984375,67160,0.0,0.0
2012-09-04 00:00:00+09:00,1836.0331985828489,1883.2209677053052,1801.714821039244,1844.61279296875,86935,0.0,0.0
2012-09-05 00:00:00+09:00,1844.6126610766883,1870.3514423940373,1806.0044891006646,1866.0616455078125,52757,0.0,0.0
2012-09-06 00:00:00+09:00,1896.0904795328775,1896.0904795328775,1823.1639226277669,1853.1925048828125,39269,0.0,0.0
2012-09-07 00:00:00+09:00,1904.6698255782337,1904.6698255782337,1827.453481298035,1848.9024658203125,115747,0.0,0.0
2012-09-10 00:00:00+09:00,1814.5844697772332,1853.1926499852593,1784.5558851709905,1818.874267578125,93413,0.0,0.0
2012-09-11 00:00:00+09:00,1818.8740398306354,1818.8740398306354,1754.527080874363,1788.845458984375,101552,0.0,0.0
2012-09-12 00:00:00+09:00,1763.1066685267856,1810.2944382440476,1745.9474795386905,1801.71484375,86298,0.0,0.0
2012-09-13 00:00:00+09:00,1831.743139206554,1913.249274206377,1775.9757836803592,1896.090087890625,171092,0.0,0.0
2012-09-14 00:00:00+09:00,1917.539338215394,1938.9883241014722,1844.612786202728,1857.482177734375,96062,0.0,0.0
2012-09-17 00:00:00+09:00,1896.0904516215787,1960.4374126494604,1600.0944308933233,1900.3802490234375,192738,0.0,0.0
2012-09-18 00:00:00+09:00,1947.5677452756647,2016.2044940078467,1930.4085580926192,1956.1473388671875,337510,0.0,0.0
2012-09-19 00:00:00+09:00,1956.1475951877771,1969.0169872613808,1878.9312427461543,1934.6986083984375,82721,0.0,0.0
2012-09-20 00:00:00+09:00,1934.6983896194527,1947.5677802377638,1857.4820459095854,1878.9310302734375,106670,0.0,0.0
2012-09-21 00:00:00+09:00,1904.6698075727984,1904.6698075727984,1814.5840734308417,1887.5106201171875,95254,0.0,0.0
2012-09-24 00:00:00+09:00,1878.9312498910087,1921.8292236328125,1857.4822630201068,1921.8292236328125,147487,0.0,0.0
2012-09-25 00:00:00+09:00,1908.9596083828303,1930.4085927466822,1857.4820459095854,1878.9310302734375,234027,0.0,0.0
2012-09-26 00:00:00+09:00,1878.9310886290016,1878.9310886290016,1733.0779904249239,1758.8167724609375,194764,0.0,0.0
2012-09-27 00:00:00+09:00,1763.1064580029781,1793.1350351465812,1673.020726572169,1733.077880859375,104885,0.0,0.0
2012-09-28 00:00:00+09:00,1784.5555587469362,1784.5555587469362,1715.9188064874386,1750.2371826171875,103181,0.0,0.0
2012-10-02 00:00:00+09:00,1745.9474840666119,1827.4536319714414,1660.1515389036333,1793.13525390625,120858,0.0,0.0
2012-10-04 00:00:00+09:00,1810.2944382440476,1887.5107886904761,1763.1066685267856,1801.71484375,437851,0.0,0.0
2012-10-05 00:00:00+09:00,1810.2943280353638,1814.5841250212295,1763.10656119084,1775.9759521484375,60785,0.0,0.0
2012-10-08 00:00:00+09:00,1775.975964714499,1831.7433259253407,1737.3677915685316,1750.2371826171875,121719,0.0,0.0
2012-10-09 00:00:00+09:00,1733.0780430661848,1917.5393199271898,1733.0780430661848,1891.800537109375,188956,0.0,0.0
2012-10-10 00:00:00+09:00,2011.915168618256,2011.915168618256,1810.2946719763413,1818.874267578125,345583,0.0,0.0
2012-10-11 00:00:00+09:00,1831.743317242965,1848.9025052265056,1763.1065653088024,1767.3963623046875,70990,0.0,0.0
2012-10-12 00:00:00+09:00,1793.13525390625,1801.714848422548,1754.5270785829098,1793.13525390625,74793,0.0,0.0
2012-10-15 00:00:00+09:00,1793.1350351465812,1801.7146286161822,1711.628897185373,1733.077880859375,108453,0.0,0.0
2012-10-16 00:00:00+09:00,1775.9759820556642,1775.9759820556642,1703.049432067871,1715.9188232421875,74405,0.0,0.0
2012-10-17 00:00:00+09:00,1733.077880859375,1758.8166612681778,1715.9186939201734,1733.077880859375,32668,0.0,0.0
2012-10-18 00:00:00+09:00,1733.0779071514423,1844.6126239483172,1647.2819711538461,1673.020751953125,109238,0.0,0.0
2012-10-19 00:00:00+09:00,1647.2819711538461,1673.020751953125,1634.4125807542066,1673.020751953125,50187,0.0,0.0
2012-10-22 00:00:00+09:00,1642.9924116598067,1685.8903858545798,1625.8332219818974,1677.310791015625,62149,0.0,0.0
2012-10-23 00:00:00+09:00,1741.6574968610491,1741.6574968610491,1668.7309514259805,1681.600341796875,51119,0.0,0.0
2012-10-24 00:00:00+09:00,1642.992193282278,1655.861583830181,1612.9636153371712,1630.122802734375,49069,0.0,0.0
2012-10-25 00:00:00+09:00,1630.12293389503,1673.020905839636,1600.0943535338056,1612.9637451171875,63874,0.0,0.0
2012-10-26 00:00:00+09:00,1621.5432495117188,1668.7310160319012,1540.037107340495,1544.326904296875,48214,0.0,0.0
2012-10-29 00:00:00+09:00,1501.429118082195,1544.3270928845434,1432.7923583984375,1432.7923583984375,70461,0.0,0.0
2012-10-30 00:00:00+09:00,1372.7350523843932,1552.9065280098448,1368.445255345692,1484.269775390625,98811,0.0,0.0
2012-10-31 00:00:00+09:00,1488.559574558424,1535.7473420516305,1467.1105893342392,1479.97998046875,36689,0.0,0.0
2012-11-01 00:00:00+09:00,1518.5883761553698,1578.6455435739438,1471.4006017550616,1522.878173828125,31605,0.0,0.0
2012-11-02 00:00:00+09:00,1557.1962951660157,1557.1962951660157,1501.428934733073,1544.326904296875,17861,0.0,0.0
2012-11-05 00:00:00+09:00,1574.3554809232169,1578.6452778739613,1518.5881205635387,1548.61669921875,6993,0.0,0.0
2012-11-06 00:00:00+09:00,1510.0085366924156,1527.167724609375,1462.8207699207776,1527.167724609375,44477,0.0,0.0
2012-11-07 00:00:00+09:00,1582.9350896285753,1582.9350896285753,1467.1105708752648,1518.588134765625,73543,0.0,0.0
2012-11-08 00:00:00+09:00,1484.269649812545,1505.7186331913388,1467.1104631095097,1492.8492431640625,14635,0.0,0.0
2012-11-09 00:00:00+09:00,1578.6453079971182,1578.6453079971182,1454.2411940516931,1488.5595703125,37037,0.0,0.0
2012-11-12 00:00:00+09:00,1467.1107152822067,1492.8494997608418,1454.241323042889,1471.4005126953125,31767,0.0,0.0
2012-11-13 00:00:00+09:00,1475.6903492997333,1475.6903492997333,1407.0535888671875,1407.0535888671875,64604,0.0,0.0
2012-11-14 00:00:00+09:00,1372.735102872671,1424.212669230396,1359.8657112832395,1381.314697265625,87037,0.0,0.0
2012-11-15 00:00:00+09:00,1321.2575804455446,1381.3147431930695,1299.80859375,1299.80859375,48445,0.0,0.0
2012-11-16 00:00:00+09:00,1265.4900981574658,1334.1268492439724,1265.4900981574658,1295.5186767578125,38398,0.0,0.0
2012-11-19 00:00:00+09:00,1265.4900922931608,1338.416639984631,1265.4900922931608,1308.3880615234375,38548,0.0,0.0
2012-11-20 00:00:00+09:00,1299.8084676773822,1342.7064369076588,1278.359483062244,1308.3880615234375,50228,0.0,0.0
2012-11-21 00:00:00+09:00,1291.2289895918161,1329.8371653603422,1278.359597668974,1316.9677734375,15475,0.0,0.0
2012-11-22 00:00:00+09:00,1316.9677831064357,1329.8371751237626,1299.80859375,1299.80859375,9239,0.0,0.0
2012-11-23 00:00:00+09:00,1321.257603236607,1321.257603236607,1256.9106420400192,1261.200439453125,34416,0.0,0.0
2012-11-26 00:00:00+09:00,1248.3310187844668,1342.7065597234987,1248.3310187844668,1312.677978515625,69732,0.0,0.0
2012-11-27 00:00:00+09:00,1312.6779833341898,1316.9677806653474,1274.0698073537726,1304.098388671875,42302,0.0,0.0
2012-11-28 00:00:00+09:00,1295.518691240731,1312.6778792041844,1248.330924341234,1265.4901123046875,43205,0.0,0.0
2012-11-29 00:00:00+09:00,1274.0697438631125,1282.6493380978811,1183.9840043980441,1192.5635986328125,101220,0.0,0.0
2012-11-30 00:00:00+09:00,1192.5637103141623,1261.2004706200134,1145.3759376038897,1209.722900390625,98719,0.0,0.0
2012-12-03 00:00:00+09:00,1244.0412805435506,1278.359660696476,1201.1433053523938,1209.722900390625,71834,0.0,0.0
2012-12-04 00:00:00+09:00,1222.5921464210485,1321.2574775357295,1183.9839733761733,1256.9105224609375,169240,0.0,0.0
2012-12-05 00:00:00+09:00,1256.9105553935758,1282.6493380978811,1192.5635986328125,1192.5635986328125,68753,0.0,0.0
2012-12-06 00:00:00+09:00,1145.3757015830593,1239.751227556195,1145.3757015830593,1222.592041015625,103814,0.0,0.0
2012-12-07 00:00:00+09:00,1252.620830078125,1329.8371826171876,1214.0126538085938,1286.939208984375,134325,0.0,0.0
2012-12-10 00:00:00+09:00,1364.1555693655303,1364.1555693655303,1226.882052951389,1274.06982421875,45842,0.0,0.0
2012-12-11 00:00:00+09:00,1295.5188265141753,1295.5188265141753,1235.461662371134,1248.3310546875,41936,0.0,0.0
2012-12-12 00:00:00+09:00,1222.592270054768,1355.5759906572166,1222.592270054768,1248.3310546875,59434,0.0,0.0
2012-12-13 00:00:00+09:00,1244.0412498007015,1269.7800342793369,1235.4616549744899,1261.200439453125,35829,0.0,0.0
2012-12-14 00:00:00+09:00,1261.2004444697131,1261.2004444697131,1226.8820650283603,1252.620849609375,8751,0.0,0.0
2012-12-17 00:00:00+09:00,1252.6206174616227,1269.779804002193,1222.592041015625,1222.592041015625,46216,0.0,0.0
2012-12-18 00:00:00+09:00,1222.5920427349251,1244.041025940801,1205.4328561702243,1218.30224609375,32947,0.0,0.0
2012-12-20 00:00:00+09:00,1201.143280447346,1256.910647039544,1201.143280447346,1252.620849609375,62263,0.0,0.0
2012-12-21 00:00:00+09:00,1269.7800123762377,1304.098391089109,1244.0412283415842,1299.80859375,69268,0.0,0.0
2012-12-24 00:00:00+09:00,1286.939167526533,1432.7922731795402,1269.7799786261794,1364.155517578125,191693,0.0,0.0
2012-12-26 00:00:00+09:00,1355.5759140867624,1437.0820608198273,1351.2861168902855,1381.314697265625,61287,0.0,0.0
2012-12-27 00:00:00+09:00,1432.7921490246736,1432.7921490246736,1338.4166182505933,1355.5758056640625,62170,0.0,0.0
2012-12-28 00:00:00+09:00,1398.4737741977353,1398.4737741977353,1329.837024543859,1355.5758056640625,27424,0.0,0.0
2013-01-02 00:00:00+09:00,1372.7349872648904,1389.8941746057014,1346.9962062536736,1368.4451904296875,30232,0.0,0.0
2013-01-03 00:00:00+09:00,1381.314697265625,1381.314697265625,1355.5759140867624,1381.314697265625,13054,0.0,0.0
2013-01-04 00:00:00+09:00,1398.4738906860352,1402.7636878967287,1346.996324157715,1372.735107421875,58419,0.0,0.0
2013-01-07 00:00:00+09:00,1419.922876739502,1419.922876739502,1355.5759185791017,1372.735107421875,28796,0.0,0.0
2013-01-08 00:00:00+09:00,1372.735107421875,1394.1840934753418,1325.5473381042482,1372.735107421875,38664,0.0,0.0
2013-01-09 00:00:00+09:00,1355.5759185791017,1389.8942962646486,1355.5759185791017,1372.735107421875,27029,0.0,0.0
2013-01-10 00:00:00+09:00,1402.763561213128,1402.763561213128,1351.2859993337472,1377.0247802734375,23547,0.0,0.0
2013-01-11 00:00:00+09:00,1346.9963196938083,1411.3432776409647,1346.9963196938083,1381.314697265625,41430,0.0,0.0
2013-01-14 00:00:00+09:00,1381.314460826597,1381.314460826597,1346.9960891290418,1359.865478515625,25151,0.0,0.0
2013-01-15 00:00:00+09:00,1381.3147406327096,1381.3147406327096,1299.8085913407174,1304.098388671875,57129,0.0,0.0
2013-01-16 00:00:00+09:00,1291.229008805393,1325.5473877769648,1274.069819319607,1282.6494140625,45159,0.0,0.0
2013-01-17 00:00:00+09:00,1295.5186955058127,1295.5186955058127,1248.3309284509653,1256.9105224609375,44525,0.0,0.0
2013-01-18 00:00:00+09:00,1286.9391014958405,1286.9391014958405,1252.6207254559515,1256.9105224609375,34005,0.0,0.0
2013-01-21 00:00:00+09:00,1256.9104054418103,1299.8083714978447,1214.012439385776,1244.041015625,61516,0.0,0.0
2013-01-22 00:00:00+09:00,1231.1717404310207,1282.6493044908543,1226.8819434260347,1256.9105224609375,45948,0.0,0.0
2013-01-23 00:00:00+09:00,1248.3308122306034,1269.7797952586207,1244.041015625,1244.041015625,32301,0.0,0.0
2013-01-24 00:00:00+09:00,1265.4899986530172,1278.3593884698275,1244.041015625,1244.041015625,27692,0.0,0.0
2013-01-25 00:00:00+09:00,1278.3596341903894,1278.3596341903894,1235.4616598886985,1252.620849609375,10631,0.0,0.0
2013-01-28 00:00:00+09:00,1239.7514523875957,1261.200439453125,1235.4616549744899,1261.200439453125,9484,0.0,0.0
2013-01-29 00:00:00+09:00,1265.490141197069,1449.951416015625,1265.490141197069,1449.951416015625,584108,0.0,0.0
2013-01-30 00:00:00+09:00,1445.661625466418,1664.4412779850747,1394.1840601679105,1437.08203125,2143566,0.0,0.0
2013-01-31 00:00:00+09:00,1471.400535720551,1501.429118082195,1398.4739785565587,1432.7923583984375,373604,0.0,0.0
2013-02-01 00:00:00+09:00,1441.3717850245785,1617.253461173411,1419.9228001283795,1527.167724609375,1002382,0.0,0.0
2013-02-04 00:00:00+09:00,1514.2984667829637,1557.1964403462205,1479.9800879323584,1505.7188720703125,442301,0.0,0.0
2013-02-05 00:00:00+09:00,1540.037312205245,1578.6454899485518,1407.0535888671875,1407.0535888671875,363085,0.0,0.0
2013-02-06 00:00:00+09:00,1407.0533503605768,1441.3717247596153,1385.6043663611779,1394.1839599609375,206825,0.0,0.0
2013-02-07 00:00:00+09:00,1394.183971440904,1419.922752452121,1351.2860030888764,1368.4451904296875,105984,0.0,0.0
2013-02-08 00:00:00+09:00,1368.4454162223208,1398.4739990234375,1368.4454162223208,1398.4739990234375,49376,0.0,0.0
2013-02-12 00:00:00+09:00,1402.7635791485125,1402.7635791485125,1338.4166259765625,1338.4166259765625,68533,0.0,0.0
2013-02-13 00:00:00+09:00,1338.4166201636904,1377.0247918991815,1334.1268233041915,1351.2860107421875,58235,0.0,0.0
2013-02-14 00:00:00+09:00,1351.2860088106952,1364.155399370797,1329.837024543859,1355.5758056640625,49516,0.0,0.0
2013-02-15 00:00:00+09:00,1359.865715789795,1398.4738906860352,1355.5759185791017,1372.735107421875,48459,0.0,0.0
2013-02-18 00:00:00+09:00,1372.735102872671,1407.0534804444876,1355.5759140867624,1381.314697265625,72721,0.0,0.0
2013-02-19 00:00:00+09:00,1394.1839637402043,1394.1839637402043,1364.155386059646,1385.6043701171875,39710,0.0,0.0
2013-02-20 00:00:00+09:00,1385.6043701171875,1394.1839637402043,1355.5757924366294,1385.6043701171875,64273,0.0,0.0
2013-02-21 00:00:00+09:00,1445.6616366299716,1467.1106223366476,1415.633056640625,1415.633056640625,122981,0.0,0.0
2013-02-22 00:00:00+09:00,1381.314460826597,1407.0532395997634,1342.7062926668475,1359.865478515625,118128,0.0,0.0
2013-02-25 00:00:00+09:00,1359.8655929803106,1501.428888148608,1342.7064056871836,1377.0247802734375,125225,0.0,0.0
2013-02-26 00:00:00+09:00,1364.1555130004883,1394.1840934753418,1355.5759185791017,1372.735107421875,51403,0.0,0.0
2013-02-27 00:00:00+09:00,1377.024776494171,1424.2125414207624,1368.4451828711542,1385.6043701171875,26551,0.0,0.0
2013-02-28 00:00:00+09:00,1407.053485107422,1407.053485107422,1368.4453102111818,1372.735107421875,63662,0.0,0.0
2013-03-04 00:00:00+09:00,1359.865715789795,1377.0249046325685,1355.5759185791017,1372.735107421875,18501,0.0,0.0
2013-03-05 00:00:00+09:00,1359.8656064173217,1372.7349970143312,1329.8370283576332,1346.9962158203125,63113,0.0,0.0
2013-03-06 00:00:00+09:00,1338.416762408088,1355.5759516697303,1304.0983838848038,1312.677978515625,71750,0.0,0.0
2013-03-07 00:00:00+09:00,1312.677978515625,1346.9963570389093,1304.0983838848038,1312.677978515625,78584,0.0,0.0
2013-03-08 00:00:00+09:00,1329.837158203125,1329.837158203125,1291.2289826423892,1329.837158203125,42454,0.0,0.0
2013-03-11 00:00:00+09:00,1334.1268605435832,1527.167724609375,1325.5472665851034,1527.167724609375,1129427,0.0,0.0
2013-03-12 00:00:00+09:00,1587.2250218405002,1595.8046165531516,1479.9800879323584,1505.7188720703125,1370942,0.0,0.0
2013-03-13 00:00:00+09:00,1505.7188720703125,1540.0372509209178,1467.1106958633814,1505.7188720703125,452014,0.0,0.0
2013-03-14 00:00:00+09:00,1518.5883080031342,1531.4577004438388,1415.633168477498,1432.7923583984375,409471,0.0,0.0
2013-03-15 00:00:00+09:00,1424.2126509232953,1462.8208251953124,1411.3432594992896,1415.633056640625,351617,0.0,0.0
2013-03-18 00:00:00+09:00,1415.632955616918,1441.3717366281348,1368.4451904296875,1368.4451904296875,301230,0.0,0.0
2013-03-19 00:00:00+09:00,1381.3148037049828,1411.3433863942216,1372.7352086509147,1407.0535888671875,146092,0.0,0.0
2013-03-20 00:00:00+09:00,1398.473764389846,1428.5023421528183,1377.0247802734375,1377.0247802734375,112644,0.0,0.0
2013-03-21 00:00:00+09:00,1385.6043777704986,1419.922752452121,1368.4451904296875,1368.4451904296875,186109,0.0,0.0
2013-03-22 00:00:00+09:00,1381.3146773508308,1419.9228515625,1359.8656916776813,1419.9228515625,170346,0.0,0.0
2013-03-25 00:00:00+09:00,1428.502437033582,1501.4289878731345,1428.502437033582,1437.08203125,403754,0.0,0.0
2013-03-26 00:00:00+09:00,1441.3718372356495,1441.3718372356495,1411.3432572932402,1419.9228515625,104599,0.0,0.0
2013-03-27 00:00:00+09:00,1449.9512975783575,1492.8492649623324,1428.5023138863698,1441.3717041015625,259036,0.0,0.0
2013-03-28 00:00:00+09:00,1484.2696640912225,1484.2696640912225,1424.2125100528492,1458.5308837890625,85330,0.0,0.0
2013-03-29 00:00:00+09:00,1449.951403240825,1510.008561954942,1432.7922150367915,1475.690185546875,172481,0.0,0.0
2013-04-01 00:00:00+09:00,1484.2698062758848,1522.8779804275696,1419.92284935641,1424.212646484375,174024,0.0,0.0
2013-04-02 00:00:00+09:00,1445.6617666104944,1445.6617666104944,1407.0535888671875,1407.0535888671875,159464,0.0,0.0
2013-04-03 00:00:00+09:00,1449.9515695396376,1449.9515695396376,1385.6046063943875,1398.4739990234375,95798,0.0,0.0
2013-04-04 00:00:00+09:00,1394.1840559509458,1445.66162109375,1351.286084998609,1445.66162109375,182560,0.0,0.0
2013-04-05 00:00:00+09:00,1458.5310516357422,1462.8208488464356,1372.735107421875,1372.735107421875,146220,0.0,0.0
2013-04-08 00:00:00+09:00,1381.314460826597,1394.1838502131802,1321.2573103558755,1359.865478515625,122673,0.0,0.0
2013-04-09 00:00:00+09:00,1329.8370381080604,1364.1554132850424,1321.2574443138146,1325.5472412109375,98356,0.0,0.0
2013-04-10 00:00:00+09:00,1334.1268310546875,1351.2860185923685,1316.9676435170068,1334.1268310546875,41330,0.0,0.0
2013-04-11 00:00:00+09:00,1351.2860088106952,1377.024789930899,1342.7064151039606,1355.5758056640625,27430,0.0,0.0
2013-04-12 00:00:00+09:00,1381.3145887586804,1415.6329636346725,1351.2860107421875,1351.2860107421875,46742,0.0,0.0
2013-04-15 00:00:00+09:00,1355.5759185791017,1415.6330795288086,1351.2861213684082,1372.735107421875,37535,0.0,0.0
2013-04-16 00:00:00+09:00,1394.1840981537441,1398.4738953788326,1364.155517578125,1364.155517578125,56678,0.0,0.0
2013-04-17 00:00:00+09:00,1394.1841962860851,1415.6331839212557,1372.7352086509147,1407.0535888671875,77469,0.0,0.0
2013-04-18 00:00:00+09:00,1389.8941346109787,1488.5594589815112,1389.8941346109787,1462.8206787109375,305142,0.0,0.0
2013-04-19 00:00:00+09:00,1484.269665923442,1484.269665923442,1441.3716987002213,1454.2410888671875,134720,0.0,0.0
2013-04-22 00:00:00+09:00,1441.3718218380177,1475.6901985484467,1428.5024305716067,1449.951416015625,120555,0.0,0.0
2013-04-23 00:00:00+09:00,1454.2411981997284,1488.559574558424,1441.3718070652174,1479.97998046875,131958,0.0,0.0
2013-04-24 00:00:00+09:00,1484.2699049346302,1497.1392971739479,1467.1107152822067,1471.4005126953125,64233,0.0,0.0
2013-04-25 00:00:00+09:00,1475.690072478798,1484.269665923442,1441.3716987002213,1454.2410888671875,59155,0.0,0.0
2013-04-26 00:00:00+09:00,1432.792229808049,1462.8208094746847,1432.792229808049,1445.66162109375,30154,0.0,0.0
2013-04-29 00:00:00+09:00,1458.5310167910447,1458.5310167910447,1437.08203125,1437.08203125,75024,0.0,0.0
2013-04-30 00:00:00+09:00,1432.7922129755434,1479.97998046875,1432.7922129755434,1479.97998046875,74587,0.0,0.0
2013-05-02 00:00:00+09:00,1497.1392749439588,1574.355627233332,1479.9800855463202,1510.0086669921875,197176,0.0,0.0
2013-05-03 00:00:00+09:00,1527.16776590319,1527.16776590319,1432.792229808049,1445.66162109375,288436,0.0,0.0
2013-05-06 00:00:00+09:00,1445.66150083996,1458.5308910551526,1432.7921106247675,1441.3717041015625,64291,0.0,0.0
2013-05-07 00:00:00+09:00,1454.2410870720357,1497.1390542423023,1437.0819002039293,1458.5308837890625,99941,0.0,0.0
2013-05-08 00:00:00+09:00,1467.1106065699184,1475.6902007603858,1445.66162109375,1445.66162109375,86286,0.0,0.0
2013-05-09 00:00:00+09:00,1449.9513990810153,1484.269775390625,1449.9513990810153,1484.269775390625,63671,0.0,0.0
2013-05-10 00:00:00+09:00,1497.1391708019169,1497.1391708019169,1475.690185546875,1475.690185546875,52781,0.0,0.0
2013-05-13 00:00:00+09:00,1484.269859693327,1578.6453999050414,1475.6902651286257,1552.9066162109375,245344,0.0,0.0
2013-05-14 00:00:00+09:00,1587.22487177545,1604.3840595784282,1514.2983236127943,1548.61669921875,168069,0.0,0.0
2013-05-15 00:00:00+09:00,1561.4860900709834,1582.9350748247057,1518.5881205635387,1548.61669921875,144923,0.0,0.0
2013-05-16 00:00:00+09:00,1548.6167937986972,1612.9637519897788,1544.3269965859583,1600.0943603515625,156396,0.0,0.0
2013-05-20 00:00:00+09:00,1600.0943672798776,1621.5433534364442,1565.7759894293708,1587.2249755859375,107153,0.0,0.0
2013-05-21 00:00:00+09:00,1600.0942711068803,1612.963662027311,1522.8779255842962,1531.45751953125,112933,0.0,0.0
2013-05-22 00:00:00+09:00,1522.877919514974,1544.326904296875,1518.5881225585938,1544.326904296875,44579,0.0,0.0
2013-05-23 00:00:00+09:00,1531.4576183183965,1617.2535633222283,1522.8780238180134,1574.3555908203125,71981,0.0,0.0
2013-05-24 00:00:00+09:00,1552.9067464419395,1595.8047228629875,1540.037353515625,1540.037353515625,51176,0.0,0.0
2013-05-27 00:00:00+09:00,1540.0371155470943,1574.3554913810128,1522.877927630135,1527.167724609375,19752,0.0,0.0
2013-05-28 00:00:00+09:00,1522.878081652583,1522.878081652583,1454.241323042889,1471.4005126953125,152354,0.0,0.0
2013-05-29 00:00:00+09:00,1475.6902905760326,1514.2984667829637,1475.6902905760326,1505.7188720703125,58218,0.0,0.0
2013-05-30 00:00:00+09:00,1540.0371347037103,1540.0371347037103,1488.5595703125,1488.5595703125,72373,0.0,0.0
2013-05-31 00:00:00+09:00,1510.008549107143,1510.008549107143,1445.661593889509,1501.428955078125,101350,0.0,0.0
2013-06-03 00:00:00+09:00,1497.1390542423023,1497.1390542423023,1445.6614936379824,1458.5308837890625,42021,0.0,0.0
2013-06-04 00:00:00+09:00,1479.9801468267674,1479.9801468267674,1398.4739938131193,1407.0535888671875,130793,0.0,0.0
2013-06-05 00:00:00+09:00,1441.3718239985162,1445.66162109375,1402.763650141413,1445.66162109375,69099,0.0,0.0
2013-06-07 00:00:00+09:00,1449.9514292521649,1449.9514292521649,1411.34325510048,1424.212646484375,39128,0.0,0.0
2013-06-10 00:00:00+09:00,1424.2127634379679,1449.9515483193768,1419.922965957733,1432.7923583984375,20813,0.0,0.0
2013-06-11 00:00:00+09:00,1424.2126509232953,1441.3718394886364,1394.1840709339488,1415.633056640625,39270,0.0,0.0
2013-06-12 00:00:00+09:00,1415.6329236711774,1454.241094316755,1394.1839399791897,1441.3717041015625,29522,0.0,0.0
2013-06-13 00:00:00+09:00,1445.66150083996,1445.66150083996,1411.3431269327798,1441.3717041015625,32159,0.0,0.0
2013-06-14 00:00:00+09:00,1454.2412309126419,1454.2412309126419,1411.3432594992896,1415.633056640625,25948,0.0,0.0
2013-06-17 00:00:00+09:00,1424.2125553179392,1424.2125553179392,1351.2860088106952,1355.5758056640625,105689,0.0,0.0
2013-06-18 00:00:00+09:00,1381.3145867842663,1381.3145867842663,1342.7064151039606,1355.5758056640625,30585,0.0,0.0
2013-06-19 00:00:00+09:00,1355.5756820534307,1372.7348679022082,1346.9960891290418,1359.865478515625,50726,0.0,0.0
2013-06-20 00:00:00+09:00,1338.4167297363283,1445.6616600036623,1338.4167297363283,1372.735107421875,70489,0.0,0.0
2013-06-21 00:00:00+09:00,1346.996324157715,1394.1840934753418,1346.996324157715,1372.735107421875,96079,0.0,0.0
2013-06-24 00:00:00+09:00,1428.5025818245542,1428.5025818245542,1377.0250113083541,1398.4739990234375,13136,0.0,0.0
2013-06-25 00:00:00+09:00,1398.4737741977353,1437.0819458780409,1355.5758056640625,1355.5758056640625,54102,0.0,0.0
2013-06-26 00:00:00+09:00,1394.1839599609375,1402.7635535606971,1355.575788762019,1394.1839599609375,9514,0.0,0.0
2013-06-27 00:00:00+09:00,1424.2126509232953,1428.5024480646307,1394.1840709339488,1415.633056640625,36764,0.0,0.0
2013-06-28 00:00:00+09:00,1432.7919936538099,1432.7919936538099,1402.7634189365147,1428.502197265625,25916,0.0,0.0
2013-07-01 00:00:00+09:00,1454.2409755947353,1454.2409755947353,1415.6328081010697,1428.502197265625,18745,0.0,0.0
2013-07-02 00:00:00+09:00,1428.5024480646307,1441.3718394886364,1398.473868075284,1415.633056640625,30703,0.0,0.0
2013-07-03 00:00:00+09:00,1437.081920310719,1454.2411074189067,1402.7635460943436,1411.3431396484375,32894,0.0,0.0
2013-07-04 00:00:00+09:00,1441.3718372356495,1441.3718372356495,1398.4738658893505,1419.9228515625,12249,0.0,0.0
2013-07-05 00:00:00+09:00,1441.371717087766,1441.371717087766,1385.604358986156,1411.3431396484375,14768,0.0,0.0
2013-07-08 00:00:00+09:00,1424.2127634379679,1458.5311432798464,1415.633168477498,1432.7923583984375,30206,0.0,0.0
2013-07-09 00:00:00+09:00,1458.5311432798464,1458.5311432798464,1419.922965957733,1432.7923583984375,12274,0.0,0.0
2013-07-10 00:00:00+09:00,1432.7922452059659,1458.5310280539773,1411.3432594992896,1415.633056640625,14032,0.0,0.0
2013-07-11 00:00:00+09:00,1510.0085820895522,1510.0085820895522,1415.6330457089553,1437.08203125,6474,0.0,0.0
2013-07-12 00:00:00+09:00,1484.2699281612556,1484.2699281612556,1424.2127634379679,1432.7923583984375,6802,0.0,0.0
2013-07-15 00:00:00+09:00,1432.792240740305,1437.08203786827,1389.894269460655,1424.212646484375,30405,0.0,0.0
2013-07-16 00:00:00+09:00,1402.76366084455,1437.08203786827,1402.76366084455,1424.212646484375,18885,0.0,0.0
2013-07-17 00:00:00+09:00,1424.2125171479724,1449.9512975783575,1411.3431269327798,1441.3717041015625,15513,0.0,0.0
2013-07-18 00:00:00+09:00,1415.633056640625,1432.7922452059659,1411.3432594992896,1415.633056640625,23774,0.0,0.0
2013-07-19 00:00:00+09:00,1454.241237815367,1454.241237815367,1402.763671875,1402.763671875,17218,0.0,0.0
2013-07-22 00:00:00+09:00,1407.0534690366972,1428.5024548451834,1372.7350917431193,1402.763671875,32213,0.0,0.0
2013-07-23 00:00:00+09:00,1415.6330633600917,1415.6330633600917,1394.1840775516055,1402.763671875,13452,0.0,0.0
2013-07-24 00:00:00+09:00,1407.0533428713907,1415.6329364254843,1385.604358986156,1411.3431396484375,12834,0.0,0.0
2013-07-25 00:00:00+09:00,1389.894280389908,1407.0534690366972,1377.0248889048164,1402.763671875,19698,0.0,0.0
2013-07-26 00:00:00+09:00,1411.3433863942216,1415.6331839212557,1398.4739938131193,1407.0535888671875,5845,0.0,0.0
2013-07-29 00:00:00+09:00,1432.7923740293922,1432.7923740293922,1385.6046012320169,1407.0535888671875,8305,0.0,0.0
2013-07-30 00:00:00+09:00,1389.894287109375,1407.0534758391202,1385.6044899269386,1389.894287109375,13799,0.0,0.0
2013-07-31 00:00:00+09:00,1377.0247727614183,1419.9227407602164,1377.0247727614183,1394.1839599609375,15543,0.0,0.0
2013-08-01 00:00:00+09:00,1415.6330795288086,1415.6330795288086,1355.5759185791017,1372.735107421875,20169,0.0,0.0
2013-08-02 00:00:00+09:00,1372.735102872671,1389.8942916585793,1359.8657112832395,1381.314697265625,11547,0.0,0.0
2013-08-05 00:00:00+09:00,1381.314706478479,1389.8943009286556,1364.155517578125,1364.155517578125,22348,0.0,0.0
2013-08-06 00:00:00+09:00,1364.155517578125,1377.0249092533904,1351.2861259028598,1364.155517578125,14042,0.0,0.0
2013-08-07 00:00:00+09:00,1377.0249092533904,1377.0249092533904,1355.5759231279483,1364.155517578125,7838,0.0,0.0
2013-08-08 00:00:00+09:00,1351.2860088106952,1364.155399370797,1342.7064151039606,1355.5758056640625,12815,0.0,0.0
2013-08-09 00:00:00+09:00,1372.7348679022082,1372.7348679022082,1346.9960891290418,1359.865478515625,19280,0.0,0.0
2013-08-12 00:00:00+09:00,1346.9960891290418,1368.4450714400139,1346.9960891290418,1359.865478515625,12664,0.0,0.0
2013-08-13 00:00:00+09:00,1368.4452061300492,1368.4452061300492,1325.5472372858471,1334.1268310546875,37348,0.0,0.0
2013-08-14 00:00:00+09:00,1329.837024543859,1359.8656025174298,1316.967633983757,1355.5758056640625,37052,0.0,0.0
2013-08-16 00:00:00+09:00,1334.1269325256349,1381.314701843262,1329.8371353149414,1372.735107421875,38585,0.0,0.0
2013-08-19 00:00:00+09:00,1385.604358986156,1411.3431396484375,1364.1553751009214,1411.3431396484375,21287,0.0,0.0
2013-08-20 00:00:00+09:00,1389.8944039374041,1411.3433916524875,1381.3148088513708,1398.4739990234375,19406,0.0,0.0
2013-08-21 00:00:00+09:00,1385.6044944621021,1419.922872033919,1342.7065224973312,1381.314697265625,19566,0.0,0.0
2013-08-22 00:00:00+09:00,1385.6043876113406,1402.7635750740196,1338.4166220889729,1346.9962158203125,57588,0.0,0.0
2013-08-23 00:00:00+09:00,1351.286226050254,1411.3433916524875,1351.286226050254,1398.4739990234375,54770,0.0,0.0
2013-08-26 00:00:00+09:00,1398.4738572761194,1454.241219682836,1381.3146688432837,1437.08203125,77239,0.0,0.0
2013-08-27 00:00:00+09:00,1424.2125118109327,1467.1104790341537,1415.6329183662885,1454.2410888671875,59516,0.0,0.0
2013-08-28 00:00:00+09:00,1424.2125100528492,1475.6900706571691,1424.2125100528492,1458.5308837890625,65064,0.0,0.0
2013-08-29 00:00:00+09:00,1492.8494997608418,1492.8494997608418,1458.531120455995,1471.4005126953125,33139,0.0,0.0
2013-08-30 00:00:00+09:00,1484.2696622697488,1484.2696622697488,1428.5023050168393,1462.8206787109375,63037,0.0,0.0
2013-09-02 00:00:00+09:00,1458.5309931584177,1488.5595724293264,1454.2411961197165,1484.269775390625,62049,0.0,0.0
2013-09-03 00:00:00+09:00,1467.1105789620535,1510.008549107143,1467.1105789620535,1501.428955078125,42819,0.0,0.0
2013-09-04 00:00:00+09:00,1518.588151700235,1522.877948738936,1462.8207901971189,1484.269775390625,78590,0.0,0.0
2013-09-05 00:00:00+09:00,1475.690391497905,1544.3271538931565,1471.4005938482019,1535.74755859375,101235,0.0,0.0
2013-09-06 00:00:00+09:00,1540.0370670829232,1724.4983313853345,1505.7186923289862,1634.41259765625,387656,0.0,0.0
2013-09-09 00:00:00+09:00,1685.890203857422,1733.0779703776043,1535.7473103841146,1544.326904296875,276765,0.0,0.0
2013-09-10 00:00:00+09:00,1578.6454245827415,1595.80461398038,1501.4290722933683,1510.0086669921875,169311,0.0,0.0
2013-09-11 00:00:00+09:00,1540.0371282087053,1621.543271484375,1501.428955078125,1501.428955078125,94467,0.0,0.0
2013-09-12 00:00:00+09:00,1501.4289614103025,1527.1677436059078,1484.269773279899,1488.5595703125,53890,0.0,0.0
2013-09-13 00:00:00+09:00,1471.4004908475008,1510.0086669921875,1471.4004908475008,1510.0086669921875,24391,0.0,0.0
2013-09-16 00:00:00+09:00,1479.9799825978835,1510.008561954942,1475.690185546875,1475.690185546875,20897,0.0,0.0
2013-09-17 00:00:00+09:00,1458.531012379451,1475.6902007603858,1441.3718239985162,1445.66162109375,36774,0.0,0.0
2013-09-23 00:00:00+09:00,1458.5309910842939,1501.4289614103025,1458.5309910842939,1488.5595703125,19746,0.0,0.0
2013-09-24 00:00:00+09:00,1492.8493694680276,1501.42896354543,1458.5309931584177,1484.269775390625,6432,0.0,0.0
2013-09-25 00:00:00+09:00,1535.747226591307,1535.747226591307,1445.6614954225433,1454.2410888671875,12057,0.0,0.0
2013-09-26 00:00:00+09:00,1488.559468223935,1488.559468223935,1428.5023138863698,1441.3717041015625,36226,0.0,0.0
2013-09-27 00:00:00+09:00,1449.951403240825,1475.690185546875,1432.7922150367915,1475.690185546875,12753,0.0,0.0
2013-09-30 00:00:00+09:00,1479.97998046875,1488.559574558424,1445.6616041100544,1479.97998046875,18820,0.0,0.0
2013-10-01 00:00:00+09:00,1514.2983568274456,1514.2983568274456,1445.6616041100544,1479.97998046875,4405,0.0,0.0
2013-10-02 00:00:00+09:00,1479.9799825978835,1505.7187649039336,1458.5309973428416,1475.690185546875,22514,0.0,0.0
2013-10-04 00:00:00+09:00,1497.1391708019169,1497.1391708019169,1454.2412002918334,1475.690185546875,15618,0.0,0.0
2013-10-07 00:00:00+09:00,1458.5308910551526,1475.6900780087424,1441.3717041015625,1441.3717041015625,9431,0.0,0.0
2013-10-08 00:00:00+09:00,1484.2697839569626,1484.2697839569626,1437.0820162589089,1467.110595703125,5003,0.0,0.0
2013-10-10 00:00:00+09:00,1441.3718133223683,1475.6901898300437,1441.3718133223683,1467.110595703125,1250,0.0,0.0
2013-10-11 00:00:00+09:00,1449.9515256297832,1475.6903101084183,1449.9515256297832,1471.4005126953125,10077,0.0,0.0
2013-10-14 00:00:00+09:00,1479.9801075215244,1479.9801075215244,1458.531120455995,1471.4005126953125,14296,0.0,0.0
2013-10-15 00:00:00+09:00,1479.979986893503,1484.2697839569626,1445.6616103858278,1467.110595703125,6017,0.0,0.0
2013-10-16 00:00:00+09:00,1492.8492575252758,1492.8492575252758,1398.4737297506892,1458.5308837890625,29345,0.0,0.0
2013-10-17 00:00:00+09:00,1449.951416015625,1458.5310101932323,1424.212633482803,1449.951416015625,29055,0.0,0.0
2013-10-18 00:00:00+09:00,1428.5023138863698,1449.9512975783575,1419.9227204095748,1441.3717041015625,9608,0.0,0.0
2013-10-21 00:00:00+09:00,1428.502417985783,1501.428967852925,1428.502417985783,1475.690185546875,30471,0.0,0.0
2013-10-22 00:00:00+09:00,1505.7187584429034,1505.7187584429034,1458.5309910842939,1488.5595703125,7652,0.0,0.0
2013-10-23 00:00:00+09:00,1497.1390524050357,1497.1390524050357,1419.9227115933147,1462.8206787109375,28285,0.0,0.0
2013-10-24 00:00:00+09:00,1462.8208138992538,1462.8208138992538,1437.08203125,1437.08203125,5443,0.0,0.0
2013-10-25 00:00:00+09:00,1449.9512921448654,1458.5308855895096,1437.081901977899,1454.2410888671875,1576,0.0,0.0
2013-10-28 00:00:00+09:00,1432.7921052555769,1479.97986920112,1424.2125118109327,1454.2410888671875,9753,0.0,0.0
2013-10-29 00:00:00+09:00,1458.5307719829204,1458.5307719829204,1424.21240087744,1428.502197265625,13781,0.0,0.0
2013-10-30 00:00:00+09:00,1449.9514225746268,1449.9514225746268,1377.0248717350746,1437.08203125,22681,0.0,0.0
2013-10-31 00:00:00+09:00,1445.6617508391419,1445.6617508391419,1415.633168477498,1432.7923583984375,209,0.0,0.0
2013-11-01 00:00:00+09:00,1411.3432594992896,1445.6616366299716,1402.7636652166193,1415.633056640625,18730,0.0,0.0
2013-11-04 00:00:00+09:00,1432.7922276604104,1479.9799956372503,1428.5024305716067,1449.951416015625,12729,0.0,0.0
2013-11-05 00:00:00+09:00,1454.241219682836,1454.241219682836,1415.6330457089553,1437.08203125,17484,0.0,0.0
2013-11-06 00:00:00+09:00,1437.081920310719,1437.081920310719,1411.3431396484375,1411.3431396484375,13618,0.0,0.0
2013-11-07 00:00:00+09:00,1449.95131064186,1449.95131064186,1398.4737493172968,1411.3431396484375,8171,0.0,0.0
2013-11-08 00:00:00+09:00,1411.3431396484375,1424.2125299795782,1407.0533428713907,1411.3431396484375,5578,0.0,0.0
2013-11-11 00:00:00+09:00,1449.9514292521649,1449.9514292521649,1402.76366084455,1424.212646484375,3986,0.0,0.0
2013-11-12 00:00:00+09:00,1428.5025818245542,1432.792379367571,1389.8944039374041,1398.4739990234375,21186,0.0,0.0
2013-11-13 00:00:00+09:00,1424.21240087744,1428.502197265625,1398.4736225483296,1428.502197265625,11282,0.0,0.0
2013-11-14 00:00:00+09:00,1458.5307719829204,1458.5307719829204,1398.4736225483296,1428.502197265625,15985,0.0,0.0
2013-11-15 00:00:00+09:00,1402.763671875,1419.9228605217888,1389.894280389908,1402.763671875,11603,0.0,0.0
2013-11-18 00:00:00+09:00,1415.6331891955042,1424.2127842815376,1398.4739990234375,1398.4739990234375,6224,0.0,0.0
2013-11-19 00:00:00+09:00,1411.3432661983943,1411.3432661983943,1368.4452945814219,1402.763671875,48055,0.0,0.0
2013-11-20 00:00:00+09:00,1441.3718627929688,1441.3718627929688,1364.1555130004883,1372.735107421875,9028,0.0,0.0
2013-11-21 00:00:00+09:00,1364.155386059646,1394.1839637402043,1355.5757924366294,1385.6043701171875,3531,0.0,0.0
2013-11-22 00:00:00+09:00,1402.7635573632208,1402.7635573632208,1359.8655892481377,1385.6043701171875,8000,0.0,0.0
2013-11-25 00:00:00+09:00,1359.8656044611855,1394.1839793371776,1329.8370264446924,1351.2860107421875,16302,0.0,0.0
2013-11-26 00:00:00+09:00,1346.9963196938083,1394.1840888550564,1346.9963196938083,1381.314697265625,1530,0.0,0.0
2013-11-27 00:00:00+09:00,1377.0247802734375,1381.3145770967192,1355.575796157029,1377.0247802734375,5320,0.0,0.0
2013-11-28 00:00:00+09:00,1432.7920183729298,1432.7920183729298,1346.9960891290418,1359.865478515625,15063,0.0,0.0
2013-11-29 00:00:00+09:00,1355.5759231279483,1385.6045037035674,1346.9963286777713,1364.155517578125,14317,0.0,0.0
2013-12-02 00:00:00+09:00,1454.2411191013207,1454.2411191013207,1355.5757924366294,1385.6043701171875,7120,0.0,0.0
2013-12-03 00:00:00+09:00,1385.6043836376334,1385.6043836376334,1351.2860088106952,1355.5758056640625,14516,0.0,0.0
2013-12-04 00:00:00+09:00,1359.8657112832395,1385.6044944621021,1351.2861168902855,1381.314697265625,14309,0.0,0.0
2013-12-05 00:00:00+09:00,1389.894287109375,1389.894287109375,1355.5759096498841,1389.894287109375,1267,0.0,0.0
2013-12-06 00:00:00+09:00,1424.2125453295366,1424.2125453295366,1355.575796157029,1377.0247802734375,3118,0.0,0.0
2013-12-09 00:00:00+09:00,1364.1553898035922,1402.763561213128,1355.575796157029,1377.0247802734375,8802,0.0,0.0
2013-12-10 00:00:00+09:00,1359.8655892481377,1385.6043701171875,1338.416605190596,1385.6043701171875,42098,0.0,0.0
2013-12-11 00:00:00+09:00,1342.7064170231895,1385.6043856181795,1342.7064170231895,1351.2860107421875,17229,0.0,0.0
2013-12-12 00:00:00+09:00,1398.4737741977353,1398.4737741977353,1342.7064151039606,1355.5758056640625,12206,0.0,0.0
2013-12-13 00:00:00+09:00,1394.1839793371776,1394.1839793371776,1342.7064170231895,1351.2860107421875,10705,0.0,0.0
2013-12-16 00:00:00+09:00,1359.8657203530365,1372.735112028302,1342.7065314526828,1364.155517578125,4381,0.0,0.0
2013-12-17 00:00:00+09:00,1351.2859675314573,1561.4860069252395,1351.2859675314573,1454.2410888671875,64463,0.0,0.0
2013-12-18 00:00:00+09:00,1471.4001611474755,1518.587921417511,1402.7634189365147,1428.502197265625,28063,0.0,0.0
2013-12-19 00:00:00+09:00,1428.5023085332548,1467.1104790341537,1419.9227150886106,1454.2410888671875,17397,0.0,0.0
2013-12-20 00:00:00+09:00,1428.5023138863698,1458.5308910551526,1424.2125171479724,1441.3717041015625,5179,0.0,0.0
2013-12-23 00:00:00+09:00,1441.3718218380177,1479.9799956372503,1437.082024749214,1449.951416015625,7675,0.0,0.0
2013-12-24 00:00:00+09:00,1454.2410870720357,1492.8492575252758,1445.6614936379824,1458.5308837890625,25551,0.0,0.0
2013-12-26 00:00:00+09:00,1458.5308837890625,1484.2696640912225,1445.6614936379824,1458.5308837890625,5326,0.0,0.0
2013-12-27 00:00:00+09:00,1462.820680506089,1492.8492575252758,1449.9512903550092,1458.5308837890625,18234,0.0,0.0
2013-12-30 00:00:00+09:00,1458.5310101932323,1471.400401459643,1445.6616189268213,1449.951416015625,4142,0.0,0.0
2014-01-02 00:00:00+09:00,1432.7921034869025,1462.820680506089,1432.7921034869025,1458.5308837890625,11867,0.0,0.0
2014-01-03 00:00:00+09:00,1479.97987474714,1479.97987474714,1428.5023138863698,1441.3717041015625,8989,0.0,0.0
2014-01-06 00:00:00+09:00,1432.7922191954494,1484.2697839569626,1432.7922191954494,1467.110595703125,723,0.0,0.0
2014-01-07 00:00:00+09:00,1462.8207986396656,1471.4003927665844,1419.922828005071,1467.110595703125,30305,0.0,0.0
2014-01-08 00:00:00+09:00,1458.5309952445652,1488.559574558424,1458.5309952445652,1479.97998046875,18770,0.0,0.0
2014-01-09 00:00:00+09:00,1467.1105810127149,1501.4289571767551,1467.1105810127149,1497.13916015625,18620,0.0,0.0
2014-01-10 00:00:00+09:00,1479.9799825978835,1492.8493737509084,1471.4003884958668,1475.690185546875,6136,0.0,0.0
2014-01-13 00:00:00+09:00,1488.559574558424,1492.8493716032608,1458.5309952445652,1479.97998046875,11527,0.0,0.0
2014-01-14 00:00:00+09:00,1467.1105893342392,1492.8493716032608,1458.5309952445652,1479.97998046875,4934,0.0,0.0
2014-01-15 00:00:00+09:00,1488.5594589815112,1488.5594589815112,1454.241085287413,1462.8206787109375,14990,0.0,0.0
2014-01-16 00:00:00+09:00,1484.2697775135869,1488.559574558424,1454.2411981997284,1479.97998046875,22441,0.0,0.0
2014-01-17 00:00:00+09:00,1479.9799825978835,1484.2697796488917,1462.82079439385,1475.690185546875,5773,0.0,0.0
2014-01-20 00:00:00+09:00,1488.559581020422,1492.8493780838814,1449.9514074492872,1467.110595703125,20532,0.0,0.0
2014-01-21 00:00:00+09:00,1475.6901898300437,1479.979986893503,1454.2412045127467,1467.110595703125,12755,0.0,0.0
2014-01-22 00:00:00+09:00,1475.6900688462242,1475.6900688462242,1441.371695152126,1462.8206787109375,13366,0.0,0.0
2014-01-23 00:00:00+09:00,1462.8206787109375,1462.8206787109375,1437.0818984403638,1462.8206787109375,7878,0.0,0.0
2014-01-24 00:00:00+09:00,1488.5596034038497,1488.5596034038497,1424.212646484375,1424.212646484375,6565,0.0,0.0
2014-01-27 00:00:00+09:00,1449.9514292521649,1449.9514292521649,1394.18406658862,1424.212646484375,8603,0.0,0.0
2014-01-28 00:00:00+09:00,1535.7475203999713,1535.7475203999713,1381.3148088513708,1398.4739990234375,16036,0.0,0.0
2014-01-29 00:00:00+09:00,1398.473868075284,1445.6616366299716,1398.473868075284,1415.633056640625,23205,0.0,0.0
2014-02-03 00:00:00+09:00,1424.212646484375,1432.792240740305,1398.4738637165851,1424.212646484375,8435,0.0,0.0
2014-02-04 00:00:00+09:00,1411.3432594992896,1475.690216619318,1372.7350852272727,1415.633056640625,20495,0.0,0.0
2014-02-05 00:00:00+09:00,1432.792240740305,1432.792240740305,1385.6044723326902,1424.212646484375,13662,0.0,0.0
2014-02-06 00:00:00+09:00,1449.9511792065503,1449.9511792065503,1394.1838261601445,1428.502197265625,4950,0.0,0.0
2014-02-07 00:00:00+09:00,1449.9514292521649,1449.9514292521649,1407.0534579725152,1424.212646484375,45114,0.0,0.0
2014-02-10 00:00:00+09:00,1437.081920310719,1441.371717087766,1398.4737493172968,1411.3431396484375,14742,0.0,0.0
2014-02-11 00:00:00+09:00,1441.37158643018,1441.37158643018,1407.0532153246995,1428.502197265625,5099,0.0,0.0
2014-02-12 00:00:00+09:00,1454.2412152842173,1458.531012379451,1419.922838522348,1445.66162109375,2939,0.0,0.0
2014-02-13 00:00:00+09:00,1432.7921311598557,1454.2411151592548,1231.1716815655047,1394.1839599609375,53807,0.0,0.0
2014-02-14 00:00:00+09:00,1394.184022030588,1518.588134765625,1394.184022030588,1518.588134765625,11177,0.0,0.0
2014-02-17 00:00:00+09:00,1437.0820100203805,1724.4984120244565,1407.0534307065218,1479.97998046875,293962,0.0,0.0
2014-02-18 00:00:00+09:00,1488.5595517962165,1677.3106188827685,1467.1105669000174,1527.167724609375,292621,0.0,0.0
2014-02-19 00:00:00+09:00,1548.6167222377233,1604.3840834263394,1488.5595640345982,1501.428955078125,80742,0.0,0.0
2014-02-20 00:00:00+09:00,1484.2697775135869,1514.2983568274456,1471.400386379076,1479.97998046875,44848,0.0,0.0
2014-02-21 00:00:00+09:00,1479.9798673741957,1497.1390542423023,1449.9512903550092,1458.5308837890625,51606,0.0,0.0
2014-02-24 00:00:00+09:00,1458.5309973428416,1492.8493737509084,1454.2412002918334,1475.690185546875,34801,0.0,0.0
2014-02-25 00:00:00+09:00,1479.9799956372503,1510.0085752588757,1449.951416015625,1449.951416015625,31570,0.0,0.0
2014-02-26 00:00:00+09:00,1458.5308837890625,1467.1104772231158,1445.6614936379824,1458.5308837890625,19214,0.0,0.0
2014-02-27 00:00:00+09:00,1462.820792289402,1514.2983568274456,1458.5309952445652,1479.97998046875,19837,0.0,0.0
2014-02-28 00:00:00+09:00,1479.97998046875,1497.139168648098,1467.1105893342392,1479.97998046875,10301,0.0,0.0
2014-03-03 00:00:00+09:00,1492.8493408203126,1630.1228434244792,1488.5595438639323,1544.326904296875,194978,0.0,0.0
2014-03-04 00:00:00+09:00,1544.3270123591187,1570.0657958984375,1501.4290397935877,1570.0657958984375,104883,0.0,0.0
2014-03-05 00:00:00+09:00,1595.8044279399671,1745.9473176655017,1570.0656468441612,1630.122802734375,1086223,0.0,0.0
2014-03-06 00:00:00+09:00,1660.1513967206402,1660.1513967206402,1587.224849577873,1595.804443359375,179292,0.0,0.0
2014-03-07 00:00:00+09:00,1595.8044656769391,1608.6738565291726,1544.3269022680056,1548.61669921875,150414,0.0,0.0
2014-03-10 00:00:00+09:00,1574.35567454393,1703.04959889357,1570.0658770656087,1638.70263671875,492071,0.0,0.0
2014-03-11 00:00:00+09:00,1651.5720291537139,1681.6006115019634,1625.833244283786,1638.70263671875,147104,0.0,0.0
2014-03-12 00:00:00+09:00,1647.282125,1647.282125,1574.3555725911458,1608.6739501953125,90839,0.0,0.0
2014-03-13 00:00:00+09:00,1612.9637229800842,1690.1800714206202,1582.9351430309869,1655.8616943359375,197331,0.0,0.0
2014-03-14 00:00:00+09:00,1647.2822316753927,1707.3393963718913,1621.5434468054646,1638.70263671875,194591,0.0,0.0
2014-03-17 00:00:00+09:00,1638.702521412228,1660.151507294587,1595.80454964751,1625.8331298828125,87245,0.0,0.0
2014-03-18 00:00:00+09:00,1617.2534160311259,1694.469759502108,1617.2534160311259,1621.543212890625,93883,0.0,0.0
2014-03-19 00:00:00+09:00,1651.571790907118,1651.571790907118,1552.9064631386407,1621.543212890625,107418,0.0,0.0
2014-03-20 00:00:00+09:00,1617.2533972042124,1673.0207557284955,1587.2248195372906,1664.441162109375,100805,0.0,0.0
2014-03-21 00:00:00+09:00,1647.2819461633665,1780.26564494218,1638.7023526937655,1733.077880859375,452744,0.0,0.0
2014-03-24 00:00:00+09:00,1733.077880859375,1797.4248318813816,1698.7595069809715,1733.077880859375,243599,0.0,0.0
2014-03-25 00:00:00+09:00,1733.078087797619,1840.3230189732142,1733.078087797619,1801.71484375,310695,0.0,0.0
2014-03-26 00:00:00+09:00,1818.873928394921,1831.7433193977151,1745.947379379087,1763.1065673828125,136246,0.0,0.0
2014-03-27 00:00:00+09:00,1745.9472821873037,1784.5554530464824,1707.339111328125,1707.339111328125,122455,0.0,0.0
2014-03-28 00:00:00+09:00,1733.0780246173065,1745.9474158892172,1664.4412711671162,1690.1800537109375,76759,0.0,0.0
2014-03-31 00:00:00+09:00,1681.6005834526081,1715.918962706743,1664.4413938255407,1685.890380859375,51363,0.0,0.0
2014-04-01 00:00:00+09:00,1694.4697397762968,1711.6289270145378,1664.441162109375,1664.441162109375,23809,0.0,0.0
2014-04-02 00:00:00+09:00,1685.8901780651463,1685.8901780651463,1557.196271342616,1595.804443359375,289701,0.0,0.0
2014-04-03 00:00:00+09:00,1612.9636329177897,1612.9636329177897,1570.0656639572103,1591.5146484375,109594,0.0,0.0
2014-04-04 00:00:00+09:00,1591.514765926085,1625.8331436279952,1591.514765926085,1600.0943603515625,65329,0.0,0.0
2014-04-07 00:00:00+09:00,1621.5433440998913,1634.4127357197317,1587.2249664469837,1604.3841552734375,53026,0.0,0.0
2014-04-08 00:00:00+09:00,1612.9637496866644,1612.9637496866644,1570.0657776205298,1604.3841552734375,65904,0.0,0.0
2014-04-09 00:00:00+09:00,1608.673947922727,1642.9923254784117,1591.5147591448845,1612.9637451171875,46546,0.0,0.0
2014-04-10 00:00:00+09:00,1638.702503608487,1668.7310835175429,1608.6739236994308,1660.1514892578125,82322,0.0,0.0
2014-04-11 00:00:00+09:00,1677.3107526249617,1793.135280299831,1655.8617660185043,1745.947509765625,331131,0.0,0.0
2014-04-14 00:00:00+09:00,1758.8164740668403,1973.3062879774304,1758.8164740668403,1930.4083251953125,1088448,0.0,0.0
2014-04-15 00:00:00+09:00,1943.2779793479226,2007.624932306463,1861.7718389337713,1887.5106201171875,357965,0.0,0.0
2014-04-16 00:00:00+09:00,1900.3800286737783,1900.3800286737783,1848.9024658203125,1848.9024658203125,123402,0.0,0.0
2014-04-17 00:00:00+09:00,1848.9025833799437,1866.0617720888063,1823.16380031665,1857.482177734375,121669,0.0,0.0
2014-04-18 00:00:00+09:00,1857.482177734375,1960.4373099875506,1853.1923805571594,1857.482177734375,486530,0.0,0.0
2014-04-21 00:00:00+09:00,1874.641492207845,1891.8006820678709,1810.2945302327473,1853.1925048828125,90243,0.0,0.0
2014-04-22 00:00:00+09:00,1870.3515384682607,1994.7556545590394,1853.1923500419464,1917.539306640625,410462,0.0,0.0
2014-04-23 00:00:00+09:00,1960.4371375450721,2093.420838341346,1930.4085599459133,1951.8575439453125,393874,0.0,0.0
2014-04-24 00:00:00+09:00,1973.3068638989048,2059.102814503205,1934.6986861269697,2007.625244140625,294212,0.0,0.0
2014-04-25 00:00:00+09:00,2024.7841361968622,2222.114793538082,1913.249416830086,2119.15966796875,935803,0.0,0.0
2014-04-28 00:00:00+09:00,2179.2170291179336,2286.461961653265,2127.7394615009744,2200.666015625,570367,0.0,0.0
2014-04-29 00:00:00+09:00,2209.245566461319,2307.9109024392033,2140.6088109984435,2282.172119140625,524128,0.0,0.0
2014-04-30 00:00:00+09:00,2325.0703071145454,2428.0254498650047,2295.0417238123277,2333.64990234375,658492,0.0,0.0
2014-05-02 00:00:00+09:00,2385.1272842907033,2565.298769794677,2213.5353933345373,2226.40478515625,928909,0.0,0.0
2014-05-07 00:00:00+09:00,2234.9844792683916,2256.4334665934243,2059.102783203125,2059.102783203125,347110,0.0,0.0
2014-05-08 00:00:00+09:00,2089.1313183006637,2166.347670927793,2016.2047630417085,2140.60888671875,328833,0.0,0.0
2014-05-09 00:00:00+09:00,2140.6086328900046,2209.245382641989,2132.029039171007,2162.0576171875,82276,0.0,0.0
2014-05-12 00:00:00+09:00,2179.2168184890593,2230.694381130533,2110.5800683004277,2132.029052734375,104214,0.0,0.0
2014-05-13 00:00:00+09:00,2196.3762376237623,2200.6660349628714,2127.73948019802,2166.34765625,52642,0.0,0.0
2014-05-14 00:00:00+09:00,2166.347600868384,2303.6211122105387,2157.7680064094993,2269.302734375,155928,0.0,0.0
2014-05-15 00:00:00+09:00,2265.012714165058,2269.3025109721884,2187.7963716367035,2222.11474609375,104253,0.0,0.0
2014-05-16 00:00:00+09:00,2204.9560267324664,2277.8825879278984,2179.2172404281964,2247.85400390625,173757,0.0,0.0
2014-05-19 00:00:00+09:00,2247.8535625,2359.38828125,2127.73925,2144.8984375,274835,0.0,0.0
2014-05-20 00:00:00+09:00,2144.8984594676635,2179.2168348191462,2016.204551899604,2097.710693359375,128581,0.0,0.0
2014-05-21 00:00:00+09:00,2110.5803124212453,2196.3762600806454,2093.421122889365,2127.739501953125,81280,0.0,0.0
2014-05-22 00:00:00+09:00,2162.0580078125,2355.0989013671874,2140.6090196397568,2316.49072265625,428303,0.0,0.0
2014-05-23 00:00:00+09:00,2385.127020733173,2513.820924729567,2170.6371807391824,2230.6943359375,1707182,0.0,0.0
2014-05-26 00:00:00+09:00,2222.114791469381,2222.114791469381,2037.6535249960543,2123.449462890625,536936,0.0,0.0
2014-05-27 00:00:00+09:00,2157.7681410906184,2179.2171285766085,2003.3354311914886,2033.364013671875,403726,0.0,0.0
2014-05-28 00:00:00+09:00,2033.363681190892,2033.363681190892,1887.5105901350053,1956.1473388671875,517018,0.0,0.0
2014-05-29 00:00:00+09:00,1960.4371413342474,1994.7555157996171,1930.4085636770487,1943.2779541015625,273297,0.0,0.0
2014-05-30 00:00:00+09:00,1947.5680940966586,2011.915057558002,1904.670118455763,1981.886474609375,271199,0.0,0.0
2014-06-02 00:00:00+09:00,1960.4374523697613,1960.4374523697613,1818.8741352402162,1836.0333251953125,275873,0.0,0.0
2014-06-03 00:00:00+09:00,1818.8739305449694,1861.7719006049924,1758.8167724609375,1758.8167724609375,297968,0.0,0.0
2014-06-05 00:00:00+09:00,1741.657489198627,1771.6860665986032,1677.310537627249,1698.759521484375,232674,0.0,0.0
2014-06-09 00:00:00+09:00,1711.6291311952932,1763.106699050791,1703.0495365527104,1745.947509765625,116769,0.0,0.0
2014-06-10 00:00:00+09:00,1745.9472379210993,1844.6125609485816,1737.3676446143616,1814.583984375,135657,0.0,0.0
2014-06-11 00:00:00+09:00,1801.714707671619,1831.7432861328125,1775.975926133453,1831.7432861328125,26318,0.0,0.0
2014-06-12 00:00:00+09:00,1831.7432627753951,1964.726965693515,1806.0044815654362,1883.2208251953125,116584,0.0,0.0
2014-06-13 00:00:00+09:00,1887.510755688364,1887.510755688364,1836.033189624136,1861.77197265625,62178,0.0,0.0
2014-06-16 00:00:00+09:00,1861.7719817405523,1883.2209677053052,1806.0046182321946,1844.61279296875,41153,0.0,0.0
2014-06-17 00:00:00+09:00,1844.6126769018954,1866.0616615170338,1793.1351138255636,1831.7432861328125,70833,0.0,0.0
2014-06-18 00:00:00+09:00,1844.6126789218383,1878.93105434364,1801.7147096445863,1827.4534912109375,30280,0.0,0.0
2014-06-19 00:00:00+09:00,1836.0333251953125,1883.2210975718276,1801.7149452851197,1836.0333251953125,38114,0.0,0.0
2014-06-20 00:00:00+09:00,1836.033189624136,1861.77197265625,1793.1352179039459,1861.77197265625,68400,0.0,0.0
2014-06-23 00:00:00+09:00,1874.6413849954045,1874.6413849954045,1793.1352378216911,1823.163818359375,45494,0.0,0.0
2014-06-24 00:00:00+09:00,1836.0332100183823,1844.6128044577206,1797.4250350413602,1823.163818359375,40499,0.0,0.0
2014-06-25 00:00:00+09:00,1857.4822250255372,1930.4087788949,1750.2372928647094,1771.686279296875,92938,0.0,0.0
2014-06-26 00:00:00+09:00,1784.5556640625,1797.4250558706428,1745.9474886380708,1784.5556640625,44664,0.0,0.0
2014-06-27 00:00:00+09:00,1793.1352609657379,1797.4250582407756,1737.3678963902485,1780.265869140625,44870,0.0,0.0
2014-06-30 00:00:00+09:00,1827.4536272321427,1827.4536272321427,1758.816871279762,1801.71484375,47233,0.0,0.0
2014-07-01 00:00:00+09:00,1827.4534640225497,1891.8004169810902,1797.4248859752308,1887.5106201171875,95600,0.0,0.0
2014-07-02 00:00:00+09:00,1896.0902022973305,1938.9881706750982,1887.510608621777,1913.2493896484375,82557,0.0,0.0
2014-07-03 00:00:00+09:00,1938.9880536800056,1938.9880536800056,1870.3513084169965,1896.090087890625,36704,0.0,0.0
2014-07-04 00:00:00+09:00,1947.568020443884,1947.568020443884,1874.6414646122848,1900.3802490234375,54026,0.0,0.0
2014-07-07 00:00:00+09:00,1904.6700464252963,1904.6700464252963,1848.9026802011322,1900.3802490234375,80938,0.0,0.0
2014-07-08 00:00:00+09:00,1900.3803058852495,2007.6252441406248,1857.4823305830996,2007.625244140625,164654,0.0,0.0
2014-07-09 00:00:00+09:00,2007.6252441406248,2089.13139721471,1969.0170663686897,2007.625244140625,490447,0.0,0.0
2014-07-10 00:00:00+09:00,1994.7559843392207,2033.3641646812703,1977.5967930760878,1990.4661865234375,83690,0.0,0.0
2014-07-11 00:00:00+09:00,2011.915057558002,2016.2048551220914,1960.4374867889273,1981.886474609375,94600,0.0,0.0
2014-07-14 00:00:00+09:00,1990.4657132332784,1990.4657132332784,1904.6697773180508,1956.1473388671875,124214,0.0,0.0
2014-07-15 00:00:00+09:00,1956.1475951877771,1981.8863793349847,1930.4088110405694,1934.6986083984375,87831,0.0,0.0
2014-07-16 00:00:00+09:00,1956.1475951877771,1956.1475951877771,1904.6700268933619,1934.6986083984375,47977,0.0,0.0
2014-07-17 00:00:00+09:00,1960.4371413342474,1964.7269381424185,1930.4085636770487,1943.2779541015625,35360,0.0,0.0
2014-07-18 00:00:00+09:00,1938.988258048731,2041.9433867946814,1921.829069924406,1986.176025390625,140468,0.0,0.0
2014-07-21 00:00:00+09:00,1990.4657799586776,2102.0005003873966,1986.1759830191115,2076.26171875,215132,0.0,0.0
2014-07-22 00:00:00+09:00,2110.580106727249,2136.3188885166055,1990.465791710251,2050.52294921875,153326,0.0,0.0
2014-07-23 00:00:00+09:00,2067.681898701771,2067.681898701771,2007.624748117072,2029.07373046875,39146,0.0,0.0
2014-07-24 00:00:00+09:00,2059.102814503205,2059.102814503205,1986.1762564895498,2007.625244140625,54740,0.0,0.0
2014-07-25 00:00:00+09:00,1999.0454018450798,2071.9719508394282,1994.7556048454123,2016.20458984375,27731,0.0,0.0
2014-07-28 00:00:00+09:00,1981.886121544471,2067.682057542067,1930.4085599459133,1951.8575439453125,138938,0.0,0.0
2014-07-29 00:00:00+09:00,1956.147344526076,1956.147344526076,1891.8003924035079,1943.2779541015625,45333,0.0,0.0
2014-07-30 00:00:00+09:00,1887.5108846028645,1913.2496693929036,1827.4537200927734,1853.1925048828125,92478,0.0,0.0
2014-07-31 00:00:00+09:00,1853.192378312212,1878.931161344326,1801.714812247984,1861.77197265625,53049,0.0,0.0
2014-08-01 00:00:00+09:00,1883.2208232532848,1887.5106201171875,1831.7432608864524,1887.5106201171875,8322,0.0,0.0
2014-08-04 00:00:00+09:00,1891.8006420135498,1921.8292236328125,1844.6128708975657,1921.8292236328125,15869,0.0,0.0
2014-08-05 00:00:00+09:00,1947.5681399227528,1951.857937587781,1861.7721866221912,1908.9599609375,27385,0.0,0.0
2014-08-06 00:00:00+09:00,1917.5391981645064,1947.5677762118253,1844.6126514781606,1887.5106201171875,41157,0.0,0.0
2014-08-07 00:00:00+09:00,1891.8006517564927,1913.2496387378587,1827.4536908123944,1904.6700439453125,38773,0.0,0.0
2014-08-08 00:00:00+09:00,1930.4088487537629,1930.4088487537629,1831.7435075952371,1870.3516845703125,21747,0.0,0.0
2014-08-11 00:00:00+09:00,1896.090213844993,1913.2494013006037,1861.7718389337713,1887.5106201171875,7636,0.0,0.0
2014-08-12 00:00:00+09:00,1900.3802367619107,1930.4088183811734,1848.902668271746,1921.8292236328125,35244,0.0,0.0
2014-08-13 00:00:00+09:00,1926.1190185546875,1956.1476001357182,1874.6414501300633,1926.1190185546875,62287,0.0,0.0
2014-08-14 00:00:00+09:00,1938.9881572933912,2050.522874305843,1900.3799860198503,1943.2779541015625,95237,0.0,0.0
2014-08-18 00:00:00+09:00,1956.147220023403,1960.437016558542,1896.0900685314564,1947.567626953125,39251,0.0,0.0
2014-08-19 00:00:00+09:00,1969.0167292544716,1977.5963228459943,1921.8289645010964,1956.1473388671875,24090,0.0,0.0
2014-08-20 00:00:00+09:00,1981.885880533854,2011.9144544813366,1926.1185289171005,1930.4083251953125,21003,0.0,0.0
2014-08-21 00:00:00+09:00,1947.5679859520308,1969.0169725814585,1861.7720394343203,1960.4373779296875,39797,0.0,0.0
2014-08-22 00:00:00+09:00,1977.5965672332295,2059.1027164250545,1938.9883913002598,1960.4373779296875,48423,0.0,0.0
2014-08-25 00:00:00+09:00,1960.437154863982,1999.045326403973,1913.2493896484375,1913.2493896484375,19199,0.0,0.0
2014-08-26 00:00:00+09:00,1930.4084605221294,1930.4084605221294,1891.8002913116868,1896.090087890625,27248,0.0,0.0
2014-08-27 00:00:00+09:00,1908.9597256545849,1908.9597256545849,1878.9311457004678,1891.800537109375,11529,0.0,0.0
2014-08-28 00:00:00+09:00,1891.800537109375,1926.1189141997945,1874.6413485641654,1891.800537109375,22257,0.0,0.0
2014-08-29 00:00:00+09:00,1883.2208117840003,1917.5391864862142,1883.2208117840003,1913.2493896484375,16656,0.0,0.0
2014-09-01 00:00:00+09:00,1943.2782230420253,1947.568020443884,1883.2210594160024,1900.3802490234375,20832,0.0,0.0
2014-09-02 00:00:00+09:00,1917.5393452489097,1917.5393452489097,1831.7434013898983,1844.61279296875,49836,0.0,0.0
2014-09-03 00:00:00+09:00,1836.0331985828489,1874.641373319404,1836.0331985828489,1844.61279296875,34716,0.0,0.0
2014-09-04 00:00:00+09:00,1874.64118217501,1999.0452880859375,1848.9024016417147,1999.0452880859375,50269,0.0,0.0
2014-09-05 00:00:00+09:00,2016.2044959435095,2016.2044959435095,1934.6983567457933,1951.8575439453125,33974,0.0,0.0
2014-09-11 00:00:00+09:00,1969.0167349505898,1981.8861253751033,1926.1187668688776,1943.2779541015625,63807,0.0,0.0
2014-09-12 00:00:00+09:00,1964.7274350675075,2183.5071276186927,1943.278445601705,2114.870361328125,974085,0.0,0.0
2014-09-15 00:00:00+09:00,2200.6659013188773,2428.025146484375,2162.057727611528,2428.025146484375,2348005,0.0,0.0
2014-09-16 00:00:00+09:00,2428.0254498650047,2539.560187844669,2260.723342895508,2333.64990234375,3578811,0.0,0.0
2014-09-17 00:00:00+09:00,2337.9394420276985,2402.286399147727,2265.0128906249997,2359.388427734375,1666826,0.0,0.0
2014-09-18 00:00:00+09:00,2432.3150000722044,2548.1395238851665,2312.200679080984,2320.7802734375,2386180,0.0,0.0
2014-09-19 00:00:00+09:00,2286.4621720747514,2325.070351340554,2209.2458135431466,2265.01318359375,1246251,0.0,0.0
2014-09-22 00:00:00+09:00,2307.9106427194456,2543.849463071805,2260.7228786489736,2312.200439453125,2768158,0.0,0.0
2014-09-23 00:00:00+09:00,2260.7232502416236,2518.1110965689436,2256.4334528028353,2496.662109375,1513782,0.0,0.0
2014-09-24 00:00:00+09:00,2586.7473209744103,2745.4697934056762,2483.7922037216977,2569.588134765625,1650777,0.0,0.0
2014-09-25 00:00:00+09:00,2582.4579815265597,2638.225346576137,2526.690616476983,2629.645751953125,580574,0.0,0.0
2014-09-26 00:00:00+09:00,2608.1968169341217,2646.8049935005806,2539.56005859375,2539.56005859375,531065,0.0,0.0
2014-09-29 00:00:00+09:00,2513.821141588973,2522.4007359288676,2230.6945283724676,2329.35986328125,1110436,0.0,0.0
2014-09-30 00:00:00+09:00,2363.678263880746,2380.837452729245,2273.592522426126,2286.4619140625,486319,0.0,0.0
2014-10-01 00:00:00+09:00,2329.3594332442844,2393.706378914016,2093.4206324552683,2157.767578125,742374,0.0,0.0
2014-10-02 00:00:00+09:00,2132.029251926629,2226.404792253361,2114.870062776314,2213.535400390625,266303,0.0,0.0
2014-10-06 00:00:00+09:00,2174.9270399750258,2204.955618436219,2059.1025230532787,2093.4208984375,461428,0.0,0.0
2014-10-07 00:00:00+09:00,2093.421089920343,2204.955820121017,2063.3925087124694,2187.796630859375,499955,0.0,0.0
2014-10-08 00:00:00+09:00,2187.79640625,2196.3759999999997,2132.029046875,2144.8984375,203300,0.0,0.0
2014-10-10 00:00:00+09:00,2132.029046875,2217.824984375,2093.420875,2144.8984375,315481,0.0,0.0
2014-10-13 00:00:00+09:00,2162.0579552283652,2170.6375502887954,2007.6252441406248,2007.625244140625,355324,0.0,0.0
2014-10-14 00:00:00+09:00,1947.5678220613233,2076.261731008107,1947.5678220613233,2050.52294921875,169518,0.0,0.0
2014-10-15 00:00:00+09:00,2033.3641301002822,2054.8131188144202,2011.9151413861441,2041.9437255859375,113193,0.0,0.0
2014-10-16 00:00:00+09:00,2007.6249561543366,2102.00048828125,1990.465768494898,2102.00048828125,105682,0.0,0.0
2014-10-17 00:00:00+09:00,2132.0289855564943,2132.0289855564943,2003.3350830078125,2003.3350830078125,133523,0.0,0.0
2014-10-20 00:00:00+09:00,2011.9149458403137,2020.4945404920848,1960.4373779296875,1960.4373779296875,142987,0.0,0.0
2014-10-21 00:00:00+09:00,1938.9881864922231,1973.3065614743864,1848.9024521640445,1878.9310302734375,286157,0.0,0.0
2014-10-22 00:00:00+09:00,1913.2494013006037,1917.5391981645064,1866.0616357976742,1887.5106201171875,178771,0.0,0.0
2014-10-23 00:00:00+09:00,1887.5108422362193,2050.523142247529,1857.4822606551886,1926.1190185546875,171496,0.0,0.0
2014-10-24 00:00:00+09:00,1930.4085769995447,1951.8575611884285,1878.9310149462235,1913.2493896484375,90042,0.0,0.0
2014-10-27 00:00:00+09:00,1887.5106201171875,1930.4085887562146,1874.6412295254795,1887.5106201171875,89011,0.0,0.0
2014-10-28 00:00:00+09:00,1900.3802343423754,1943.2782080295622,1870.3516527613447,1926.1190185546875,128751,0.0,0.0
2014-10-29 00:00:00+09:00,1934.6986157553538,1964.7271973746165,1908.9598315102714,1921.8292236328125,89391,0.0,0.0
2014-10-30 00:00:00+09:00,1921.8289970102505,1938.9881844835563,1883.2208251953125,1883.2208251953125,85382,0.0,0.0
2014-10-31 00:00:00+09:00,1861.7717152591204,1904.6696810485012,1861.7717152591204,1896.090087890625,42067,0.0,0.0
2014-11-03 00:00:00+09:00,1921.8289970102505,1921.8289970102505,1840.322856512048,1883.2208251953125,114670,0.0,0.0
2014-11-04 00:00:00+09:00,1883.2210594160024,1900.3802490234375,1831.743490593697,1900.3802490234375,125899,0.0,0.0
2014-11-05 00:00:00+09:00,1904.6700268933619,1981.8863793349847,1900.380229535494,1934.6986083984375,98927,0.0,0.0
2014-11-06 00:00:00+09:00,1934.6984841675885,1960.4372666620575,1904.669904590708,1938.98828125,44053,0.0,0.0
2014-11-07 00:00:00+09:00,1990.4661865234375,1994.7559843392207,1930.4090171024718,1990.4661865234375,51296,0.0,0.0
2014-11-10 00:00:00+09:00,2007.6253895635189,2007.6253895635189,1947.5682197902513,1973.3070068359375,114048,0.0,0.0
2014-11-11 00:00:00+09:00,1947.5677452756647,1990.4657132332784,1930.4085580926192,1956.1473388671875,61195,0.0,0.0
2014-11-12 00:00:00+09:00,1956.147450345716,2003.335217788266,1926.1188710640931,1977.596435546875,77044,0.0,0.0
2014-11-13 00:00:00+09:00,1981.8863793349847,1986.1761766928526,1913.2496216090976,1934.6986083984375,196503,0.0,0.0
2014-11-14 00:00:00+09:00,1947.5678030545594,2110.5800861296107,1934.6984122854765,2093.4208984375,379629,0.0,0.0
2014-11-17 00:00:00+09:00,2093.4211786326478,2102.0007736270436,2024.784418677479,2033.364013671875,98933,0.0,0.0
2014-11-18 00:00:00+09:00,2033.3637454185957,2084.84130859375,2007.6249638310187,2084.84130859375,81484,0.0,0.0
2014-11-19 00:00:00+09:00,2097.7106993875386,2119.159684043853,2041.9433392811216,2084.84130859375,88631,0.0,0.0
2014-11-20 00:00:00+09:00,2084.841567993164,2093.421162923177,1999.0456186930337,2059.102783203125,98215,0.0,0.0
2014-11-21 00:00:00+09:00,2071.97238239652,2123.449957114446,2041.9437971443965,2114.870361328125,147203,0.0,0.0
2014-11-24 00:00:00+09:00,2132.0293348636865,2170.6375119537734,2033.363993411242,2067.682373046875,213197,0.0,0.0
2014-11-25 00:00:00+09:00,2054.8129806835127,2076.261967955783,2033.363993411242,2067.682373046875,93472,0.0,0.0
2014-11-26 00:00:00+09:00,2076.2619808045074,2076.2619808045074,2033.364005994497,2046.2333984375,43828,0.0,0.0
2014-11-27 00:00:00+09:00,2063.392333984375,2114.8698974101803,2029.0739583671711,2063.392333984375,119513,0.0,0.0
2014-11-28 00:00:00+09:00,2067.6821350225077,2102.000510707529,2024.7841654162319,2054.812744140625,72878,0.0,0.0
2014-12-01 00:00:00+09:00,2084.8417030142136,2084.8417030142136,2033.3641301002822,2041.9437255859375,81318,0.0,0.0
2014-12-02 00:00:00+09:00,2024.7840630830224,2059.102437033582,2003.3350793639224,2011.9146728515625,113707,0.0,0.0
2014-12-03 00:00:00+09:00,2007.6248706882282,2037.653447813907,1990.465683759269,2024.7840576171875,31972,0.0,0.0
2014-12-04 00:00:00+09:00,2059.1024314751057,2067.6820249395855,2016.204464152708,2024.7840576171875,23635,0.0,0.0
2014-12-05 00:00:00+09:00,2046.2330505240398,2046.2330505240398,1956.1473187399624,2003.3350830078125,96221,0.0,0.0
2014-12-08 00:00:00+09:00,2003.3353511885427,2003.3353511885427,1956.1475806038018,1960.4373779296875,23064,0.0,0.0
2014-12-09 00:00:00+09:00,1956.1474545547387,1969.0168457031252,1904.669889961193,1969.016845703125,87322,0.0,0.0
2014-12-10 00:00:00+09:00,1986.1760360517876,1986.1760360517876,1930.4086743483897,1964.72705078125,34486,0.0,0.0
2014-12-11 00:00:00+09:00,1981.886121544471,1981.886121544471,1926.1187631460336,1951.8575439453125,68149,0.0,0.0
2014-12-12 00:00:00+09:00,1990.4657132332784,2007.624900416324,1934.6983548883804,1956.1473388671875,63496,0.0,0.0
2014-12-15 00:00:00+09:00,1930.4086639865684,2007.6250105460313,1926.1188669554872,1986.176025390625,88503,0.0,0.0
2014-12-16 00:00:00+09:00,1981.886590891871,2016.2049734181371,1956.1478039971714,1990.4661865234375,45266,0.0,0.0
2014-12-17 00:00:00+09:00,1990.4661865234375,1994.7559843392207,1969.0171974445211,1990.4661865234375,28503,0.0,0.0
2014-12-18 00:00:00+09:00,2007.6252599939123,2046.2334380707184,1956.1476892248377,1981.886474609375,44217,0.0,0.0
2014-12-19 00:00:00+09:00,2003.3351668997557,2157.7678564252187,1977.5963853121787,2084.84130859375,208805,0.0,0.0
2014-12-22 00:00:00+09:00,2097.7106893815235,2157.7678461327328,2067.682111005919,2106.290283203125,98422,0.0,0.0
2014-12-23 00:00:00+09:00,2123.449714474562,2123.449714474562,2076.2619430417935,2110.580322265625,75673,0.0,0.0
2014-12-24 00:00:00+09:00,2127.7394946142285,2153.4782788232715,2093.4211156688375,2140.60888671875,99855,0.0,0.0
2014-12-26 00:00:00+09:00,2127.739497050703,2153.4782812892195,2119.1599023045305,2136.319091796875,46644,0.0,0.0
2014-12-29 00:00:00+09:00,2140.609148687088,2183.5071276186927,2067.6825845033595,2114.870361328125,63814,0.0,0.0
2014-12-30 00:00:00+09:00,2114.8698810351166,2132.0290687108577,2080.551505683634,2097.710693359375,26680,0.0,0.0
2015-01-02 00:00:00+09:00,2119.159677954052,2119.159677954052,2063.3923180078923,2097.710693359375,30925,0.0,0.0
2015-01-05 00:00:00+09:00,2059.1025250256675,2097.7106973698988,2041.94333731712,2089.131103515625,56244,0.0,0.0
2015-01-06 00:00:00+09:00,2093.4209126494284,2093.4209126494284,2041.9433492236226,2063.392333984375,29440,0.0,0.0
2015-01-07 00:00:00+09:00,2063.3923401134284,2071.971934043214,2033.3637613591789,2050.52294921875,52988,0.0,0.0
2015-01-08 00:00:00+09:00,2084.8413249378923,2084.8413249378923,2024.7841674293934,2050.52294921875,73867,0.0,0.0
2015-01-09 00:00:00+09:00,2089.1310649924494,2183.5065956491926,2050.5228933601456,2174.927001953125,225700,0.0,0.0
2015-01-12 00:00:00+09:00,2230.6945967348925,2286.461961653265,2196.3762183235867,2200.666015625,157857,0.0,0.0
2015-01-13 00:00:00+09:00,2222.11474233774,2256.4331167367786,2192.086164738582,2230.6943359375,57841,0.0,0.0
2015-01-14 00:00:00+09:00,2265.0127219114784,2265.0127219114784,2192.086175940844,2204.95556640625,45252,0.0,0.0
2015-01-15 00:00:00+09:00,2217.8251953125,2226.4047898785057,2170.637425199468,2217.8251953125,79084,0.0,0.0
2015-01-16 00:00:00+09:00,2192.0861952039927,2217.824976360987,2114.869851733011,2162.0576171875,136045,0.0,0.0
2015-01-19 00:00:00+09:00,2153.4780196238885,2179.216800734931,2132.0290353646865,2170.63720703125,66696,0.0,0.0
2015-01-20 00:00:00+09:00,2222.1150118185165,2247.8537957391945,2162.057849336935,2183.5068359375,36914,0.0,0.0
2015-01-21 00:00:00+09:00,2179.216992556711,2346.5190845049624,2136.3190202622873,2269.302734375,419686,0.0,0.0
2015-01-22 00:00:00+09:00,2290.7517299107144,2312.200716145833,2204.955784970238,2252.1435546875,113145,0.0,0.0
2015-01-23 00:00:00+09:00,2265.0128574977916,2483.792508506101,2256.433263340603,2428.025146484375,697497,0.0,0.0
2015-01-26 00:00:00+09:00,2428.025186580463,2449.47417232764,2342.229243591754,2350.808837890625,214001,0.0,0.0
2015-01-27 00:00:00+09:00,2385.12745202106,2385.12745202106,2265.0131199048915,2367.96826171875,218426,0.0,0.0
2015-01-28 00:00:00+09:00,2295.0416274422437,2500.951904296875,2295.0416274422437,2500.951904296875,292212,0.0,0.0
2015-01-29 00:00:00+09:00,2539.559848361545,2646.8047743903267,2415.1557341681587,2470.923095703125,803709,0.0,0.0
2015-01-30 00:00:00+09:00,2505.2412349232454,2505.2412349232454,2316.4901829769738,2445.18408203125,338060,0.0,0.0
2015-02-02 00:00:00+09:00,2432.3152038574217,2492.3723693847655,2337.939658028739,2402.28662109375,260550,0.0,0.0
2015-02-03 00:00:00+09:00,2393.7063162987383,2419.4450938933487,2307.9103909833716,2337.93896484375,162259,0.0,0.0
2015-02-04 00:00:00+09:00,2337.9392018691656,2419.4453391820357,2325.0698117671336,2355.098388671875,104252,0.0,0.0
2015-02-05 00:00:00+09:00,2440.89455531404,2479.502729299675,2355.09861312374,2393.706787109375,234527,0.0,0.0
2015-02-06 00:00:00+09:00,2428.0253958194817,2500.951953644448,2372.2580280709776,2419.44580078125,177888,0.0,0.0
2015-02-09 00:00:00+09:00,2432.3147292840677,2436.604525984745,2337.9392018691656,2355.098388671875,253560,0.0,0.0
2015-02-10 00:00:00+09:00,2286.461909499124,2320.7802871276285,2183.50677661361,2295.04150390625,273088,0.0,0.0
2015-02-11 00:00:00+09:00,2303.6208700317848,2303.6208700317848,2234.9841215764613,2256.43310546875,94716,0.0,0.0
2015-02-12 00:00:00+09:00,2269.3027029019913,2333.649660451197,2226.4047312025205,2329.35986328125,133422,0.0,0.0
2015-02-13 00:00:00+09:00,2350.808353641055,2350.808353641055,2307.9103909833716,2337.93896484375,80903,0.0,0.0
2015-02-16 00:00:00+09:00,2333.6496426951,2380.8374112054785,2307.910859871257,2363.67822265625,80971,0.0,0.0
2015-02-17 00:00:00+09:00,2307.9108663962706,2393.7068093849794,2256.433300603045,2350.808837890625,249416,0.0,0.0
2015-02-23 00:00:00+09:00,2350.8086345948195,2350.8086345948195,2239.2739183549193,2256.43310546875,249110,0.0,0.0
2015-02-24 00:00:00+09:00,2252.143573576523,2260.723168142529,2187.7966143314798,2217.8251953125,177950,0.0,0.0
2015-02-25 00:00:00+09:00,2239.274201098968,2252.1435930593075,2170.637443977161,2183.5068359375,115997,0.0,0.0
2015-02-26 00:00:00+09:00,2209.2456198581776,2234.9844037788553,2132.0292680961443,2183.5068359375,224431,0.0,0.0
2015-02-27 00:00:00+09:00,2166.347417945406,2213.5351834848107,2144.8984336093126,2153.47802734375,242938,0.0,0.0
2015-03-02 00:00:00+09:00,2162.057613327569,2183.5065975867715,2127.739238512846,2170.63720703125,128855,0.0,0.0
2015-03-03 00:00:00+09:00,2174.927011679843,2174.927011679843,2102.0004649371263,2153.47802734375,84533,0.0,0.0
2015-03-04 00:00:00+09:00,2153.478247642517,2196.376220703125,2127.7394638061523,2196.376220703125,56045,0.0,0.0
2015-03-05 00:00:00+09:00,2200.665784994133,2217.8249724014945,2170.63720703125,2170.63720703125,64704,0.0,0.0
2015-03-06 00:00:00+09:00,2174.9272318165204,2222.1150021320664,2157.7680426108673,2200.666015625,62000,0.0,0.0
2015-03-09 00:00:00+09:00,2213.53540752924,2226.404799433479,2192.0864210221735,2200.666015625,53921,0.0,0.0
2015-03-10 00:00:00+09:00,2200.666015625,2239.274191337719,2157.7680426108673,2200.666015625,95113,0.0,0.0
2015-03-11 00:00:00+09:00,2166.347630227259,2222.1149949657824,2162.0578329396803,2213.535400390625,73368,0.0,0.0
2015-03-12 00:00:00+09:00,2230.69458954094,2247.853778691255,2204.9558058154676,2213.535400390625,46920,0.0,0.0
2015-03-13 00:00:00+09:00,2213.5353794642856,2256.4333519345237,2213.5353794642856,2252.1435546875,59071,0.0,0.0
2015-03-16 00:00:00+09:00,2247.85400390625,2265.013194775763,2213.535622167223,2247.85400390625,88042,0.0,0.0
2015-03-17 00:00:00+09:00,2252.1438016236284,2256.433599341007,2209.245824449845,2247.85400390625,49999,0.0,0.0
2015-03-18 00:00:00+09:00,2234.984406238466,2243.5640008881337,2127.739473117618,2179.217041015625,127851,0.0,0.0
2015-03-19 00:00:00+09:00,2179.217041015625,2200.6660276397947,2110.5802838182826,2179.217041015625,121344,0.0,0.0
2015-03-20 00:00:00+09:00,2179.2165600149106,2179.2165600149106,2136.3185962350894,2157.767578125,91425,0.0,0.0
2015-03-23 00:00:00+09:00,2144.8984375,2183.5066093749997,2140.608640625,2144.8984375,50757,0.0,0.0
2015-03-24 00:00:00+09:00,2153.4780371683223,2170.6372247154804,2119.1596620740065,2132.029052734375,60477,0.0,0.0
2015-03-25 00:00:00+09:00,2162.0578306334623,2247.8537762935202,2153.4782360674562,2217.8251953125,171926,0.0,0.0
2015-03-26 00:00:00+09:00,2217.8251608941787,2428.025224499236,2187.7965803791703,2282.172119140625,427387,0.0,0.0
2015-03-27 00:00:00+09:00,2282.172114568703,2363.6782615175853,2256.4333313216875,2290.751708984375,162649,0.0,0.0
2015-03-30 00:00:00+09:00,2295.0415513121966,2295.0415513121966,2179.2170244235435,2209.24560546875,188285,0.0,0.0
2015-03-31 00:00:00+09:00,2226.4047898785057,2247.8537762935202,2192.0864116144826,2217.8251953125,80525,0.0,0.0
2015-04-01 00:00:00+09:00,2217.8252169391303,2217.8252169391303,2162.0578517162894,2179.217041015625,76561,0.0,0.0
2015-04-02 00:00:00+09:00,2187.7963679387017,2273.592303936298,2179.2167743389423,2230.6943359375,151001,0.0,0.0
2015-04-03 00:00:00+09:00,2230.6945547904897,2295.041513101754,2226.4047575697386,2277.88232421875,123033,0.0,0.0
2015-04-06 00:00:00+09:00,2286.4619209721404,2307.910907097583,2243.563948721256,2273.592529296875,107338,0.0,0.0
2015-04-07 00:00:00+09:00,2273.5922688500114,2329.359626387842,2243.5636917142565,2312.200439453125,169091,0.0,0.0
2015-04-08 00:00:00+09:00,2333.6496880885124,2333.6496880885124,2247.853743673493,2277.88232421875,118544,0.0,0.0
2015-04-09 00:00:00+09:00,2295.041510789914,2303.6211052227736,2209.245566461319,2282.172119140625,168756,0.0,0.0
2015-04-10 00:00:00+09:00,2282.172119140625,2307.9109024392033,2256.4333358420463,2282.172119140625,72653,0.0,0.0
2015-04-13 00:00:00+09:00,2290.751693189695,2320.7802734375,2260.72311294189,2320.7802734375,197910,0.0,0.0
2015-04-14 00:00:00+09:00,2325.070035485862,2453.763948889138,2320.7802383724193,2389.4169921875,303289,0.0,0.0
2015-04-15 00:00:00+09:00,2389.417263107718,2440.89483430573,2346.519287109375,2346.519287109375,149230,0.0,0.0
2015-04-16 00:00:00+09:00,2355.0986350400603,2380.837417936673,2282.1720834996577,2350.808837890625,91547,0.0,0.0
2015-04-17 00:00:00+09:00,2367.968233098357,2462.343778620393,2333.6498529085256,2415.156005859375,227205,0.0,0.0
2015-04-20 00:00:00+09:00,2380.837397960615,2432.3149633219255,2376.5476008471724,2389.4169921875,119286,0.0,0.0
2015-04-21 00:00:00+09:00,2389.416960176054,2565.2986394708805,2389.416960176054,2453.763916015625,272040,0.0,0.0
2015-04-22 00:00:00+09:00,2483.792533255912,2526.690504469313,2204.9557203688064,2380.83740234375,209938,0.0,0.0
2015-04-23 00:00:00+09:00,2363.678283110119,2380.837472098214,2213.5353794642856,2252.1435546875,242355,0.0,0.0
2015-04-24 00:00:00+09:00,2256.4330836866866,2325.0698314794377,2252.14328694964,2307.91064453125,83069,0.0,0.0
2015-04-27 00:00:00+09:00,2303.6208282637467,2372.2575754745844,2303.6208282637467,2355.098388671875,67217,0.0,0.0
2015-04-28 00:00:00+09:00,2333.649405168488,2402.2861523793263,2312.200421665101,2355.098388671875,78115,0.0,0.0
2015-04-29 00:00:00+09:00,2355.0988689920177,2419.4458326256795,2333.6498811141305,2367.96826171875,62466,0.0,0.0
2015-04-30 00:00:00+09:00,2440.89483430573,2608.196940699269,2346.519287109375,2346.519287109375,545428,0.0,0.0
2015-05-04 00:00:00+09:00,2419.445470165774,2659.674098409185,2385.12709470243,2603.90673828125,1198197,0.0,0.0
2015-05-06 00:00:00+09:00,2548.139633789063,2775.498894042969,2470.92328125,2573.87841796875,1256910,0.0,0.0
2015-05-07 00:00:00+09:00,2582.457799145299,2621.065972222222,2479.502670940171,2509.53125,444676,0.0,0.0
2015-05-08 00:00:00+09:00,2530.9803314912156,2882.743699596774,2488.0823597710255,2792.657958984375,1238569,0.0,0.0
2015-05-11 00:00:00+09:00,2792.657939009233,2895.613070401278,2702.572199041193,2831.26611328125,904515,0.0,0.0
2015-05-12 00:00:00+09:00,2831.2661267201834,2925.641664277523,2758.33957497133,2805.52734375,709539,0.0,0.0
2015-05-13 00:00:00+09:00,2831.2658975290697,2981.4087860343993,2766.9189453125,2766.9189453125,583576,0.0,0.0
2015-05-14 00:00:00+09:00,2779.788335755814,2917.061833817829,2663.9638217659885,2766.9189453125,814653,0.0,0.0
2015-05-15 00:00:00+09:00,2766.919200897217,2869.874333953858,2685.413053894043,2745.47021484375,454350,0.0,0.0
2015-05-18 00:00:00+09:00,2745.4699803149606,2852.7149014210136,2676.8332308070867,2724.02099609375,658722,0.0,0.0
2015-05-19 00:00:00+09:00,2754.049574003445,2831.265917199803,2706.8618087167815,2724.02099609375,374399,0.0,0.0
2015-05-20 00:00:00+09:00,2724.0210737934462,2741.180261659862,2556.7189920958963,2561.0087890625,567947,0.0,0.0
2015-05-21 00:00:00+09:00,2573.8779739220386,2595.3269570380553,2410.8657022403095,2462.34326171875,555845,0.0,0.0
2015-05-22 00:00:00+09:00,2432.3148609645286,2616.776129080004,2410.8658762999385,2603.90673828125,459078,0.0,0.0
2015-05-26 00:00:00+09:00,2616.776419414527,2672.5437857299185,2513.821281601496,2526.690673828125,195050,0.0,0.0
2015-05-27 00:00:00+09:00,2526.690673828125,2569.588647916888,2500.9518893748673,2526.690673828125,80811,0.0,0.0
2015-05-28 00:00:00+09:00,2591.037612353679,2633.935586068144,2539.560043896321,2565.298828125,137706,0.0,0.0
2015-05-29 00:00:00+09:00,2582.4577970016535,2728.310895171182,2389.416931777277,2513.821044921875,421911,0.0,0.0
2015-06-01 00:00:00+09:00,2496.661957746072,2496.661957746072,2269.302707298406,2320.7802734375,356305,0.0,0.0
2015-06-02 00:00:00+09:00,2320.7800571456155,2376.5474152655656,2256.43310546875,2256.43310546875,253268,0.0,0.0
2015-06-03 00:00:00+09:00,2217.8251520413073,2312.200690426044,2196.3761660447763,2299.331298828125,135457,0.0,0.0
2015-06-04 00:00:00+09:00,2299.3311965811963,2509.53125,2269.302617521367,2509.53125,282491,0.0,0.0
2015-06-05 00:00:00+09:00,2526.690668870955,2749.7601336948765,2295.0416092461137,2535.270263671875,837082,0.0,0.0
2015-06-08 00:00:00+09:00,2599.6171567359147,2711.1518862328353,2505.2416163923667,2655.384521484375,359287,0.0,0.0
2015-06-09 00:00:00+09:00,2642.5151559930096,2659.6743453176396,2561.0090067010174,2608.19677734375,206249,0.0,0.0
2015-06-10 00:00:00+09:00,2616.776107244893,2745.4700141585763,2608.196513450647,2651.094482421875,257479,0.0,0.0
2015-06-11 00:00:00+09:00,2685.413100113407,2784.0784376575098,2638.225329983619,2659.67431640625,272337,0.0,0.0
2015-06-12 00:00:00+09:00,2668.253696410124,2724.021056624483,2569.5883668001034,2595.3271484375,162806,0.0,0.0
2015-06-15 00:00:00+09:00,2595.3274272783156,2629.6458064819954,2488.082492266815,2535.270263671875,46554,0.0,0.0
2015-06-16 00:00:00+09:00,2522.4006389318474,2569.588405986695,2428.0251048221526,2513.821044921875,105148,0.0,0.0
2015-06-17 00:00:00+09:00,2513.821008543305,2591.037353515625,2458.0536482855186,2591.037353515625,80882,0.0,0.0
2015-06-18 00:00:00+09:00,2642.515115625,2857.00497890625,2603.906940234375,2681.123291015625,767642,0.0,0.0
2015-06-19 00:00:00+09:00,2702.5720176213904,2788.367954688736,2663.963845941085,2711.151611328125,177450,0.0,0.0
2015-06-22 00:00:00+09:00,2788.367958674355,2788.367958674355,2633.935271732391,2702.572021484375,160766,0.0,0.0
2015-06-23 00:00:00+09:00,2663.9641136907762,2715.4416811050905,2633.9355326990926,2659.67431640625,103367,0.0,0.0
2015-06-24 00:00:00+09:00,2681.1230410436156,2711.1516191033043,2612.486291192899,2693.992431640625,123465,0.0,0.0
2015-06-25 00:00:00+09:00,2715.441643480985,2788.3681963074882,2655.384482329747,2728.31103515625,163387,0.0,0.0
2015-06-26 00:00:00+09:00,2745.470018262987,2758.339408973595,2616.77611115691,2642.514892578125,133532,0.0,0.0
2015-06-29 00:00:00+09:00,2599.617266474185,2642.515241168478,2458.053949983016,2466.633544921875,178882,0.0,0.0
2015-06-30 00:00:00+09:00,2445.1840651939656,2505.2412176724138,2385.126912715517,2488.08203125,130912,0.0,0.0
2015-07-01 00:00:00+09:00,2500.951901788581,2565.298863241117,2470.923319777397,2505.24169921875,79621,0.0,0.0
2015-07-02 00:00:00+09:00,2556.7190365261504,2556.7190365261504,2432.3149223327637,2470.923095703125,131168,0.0,0.0
2015-07-03 00:00:00+09:00,2488.0820483826756,2488.0820483826756,2402.2861156798244,2445.18408203125,149889,0.0,0.0
2015-07-06 00:00:00+09:00,2393.7067915003936,2428.025168439467,2329.35983473963,2385.127197265625,171379,0.0,0.0
2015-07-07 00:00:00+09:00,2389.416729134573,2488.082051881602,2342.228966081646,2436.6044921875,187966,0.0,0.0
2015-07-08 00:00:00+09:00,2458.053939898397,2505.2417118685235,2397.9967755727816,2483.792724609375,86081,0.0,0.0
2015-07-09 00:00:00+09:00,2479.502704855009,2479.502704855009,2397.9965605777684,2440.89453125,66165,0.0,0.0
2015-07-10 00:00:00+09:00,2470.9231042395104,2522.400668911167,2397.9965542879972,2453.763916015625,80211,0.0,0.0
2015-07-13 00:00:00+09:00,2475.212888513057,2488.082279614511,2410.865933005785,2479.502685546875,51431,0.0,0.0
2015-07-14 00:00:00+09:00,2513.821014455075,2633.935329138935,2453.7638571131447,2578.16796875,224026,0.0,0.0
2015-07-15 00:00:00+09:00,2612.4863526617464,2612.4863526617464,2556.7189920958963,2561.0087890625,120101,0.0,0.0
2015-07-16 00:00:00+09:00,2573.878370715726,2715.4416811050905,2573.878370715726,2659.67431640625,296774,0.0,0.0
2015-07-17 00:00:00+09:00,2659.67431640625,2689.702897397933,2595.3273571383565,2659.67431640625,103431,0.0,0.0
2015-07-20 00:00:00+09:00,2629.645672833478,2814.1069516782404,2629.645672833478,2779.78857421875,354914,0.0,0.0
2015-07-21 00:00:00+09:00,2805.527350500432,2925.641671316964,2779.788567468318,2792.657958984375,362496,0.0,0.0
2015-07-22 00:00:00+09:00,2874.163945795415,3423.2579533503604,2788.368007114955,3122.97216796875,1405572,0.0,0.0
2015-07-23 00:00:00+09:00,3131.551992639859,3251.666315645223,3045.756047636027,3148.711181640625,318424,0.0,0.0
2015-07-24 00:00:00+09:00,3161.5803694524684,3234.5069180015757,3032.8864602481617,3062.9150390625,272001,0.0,0.0
2015-07-27 00:00:00+09:00,2977.1195249882758,3204.4787970695133,2968.5399298153993,3144.421630859375,322603,0.0,0.0
2015-07-28 00:00:00+09:00,3135.841744744177,3255.9560660202874,3058.6253953523915,3234.507080078125,185338,0.0,0.0
2015-07-29 00:00:00+09:00,3303.1438490923715,3414.6785764643214,3135.8417580344462,3208.768310546875,249642,0.0,0.0
2015-07-30 00:00:00+09:00,3234.5070891927085,3341.752019205729,3157.2907395833336,3217.347900390625,190918,0.0,0.0
2015-07-31 00:00:00+09:00,3217.347923485009,3251.6663013355155,3148.7111677839953,3174.449951171875,99456,0.0,0.0
2015-08-03 00:00:00+09:00,3225.9272306743424,3380.3599172491777,3191.6088558799343,3260.24560546875,206287,0.0,0.0
2015-08-04 00:00:00+09:00,3294.564208984375,3328.8825861612954,3174.449888865153,3294.564208984375,86249,0.0,0.0
2015-08-05 00:00:00+09:00,3294.56425,3316.013236002604,3217.347900390625,3217.347900390625,29506,0.0,0.0
2015-08-06 00:00:00+09:00,3178.7394863072636,3251.6660332265938,3174.4496894296562,3213.057861328125,57348,0.0,0.0
2015-08-07 00:00:00+09:00,3213.0581239193234,3238.7969072885035,3088.6540043016194,3178.73974609375,74257,0.0,0.0
2015-08-10 00:00:00+09:00,3157.290776141008,3213.058140393499,3105.813209138709,3148.711181640625,53505,0.0,0.0
2015-08-11 00:00:00+09:00,3157.2908441041077,3174.450033474239,2934.2213822924045,3028.596923828125,172805,0.0,0.0
2015-08-12 00:00:00+09:00,2968.539650245949,3011.4376220703125,2676.833441840278,2779.78857421875,203271,0.0,0.0
2015-08-13 00:00:00+09:00,2719.731137308483,2981.4087388476273,2719.731137308483,2869.8740234375,381265,0.0,0.0
2015-08-17 00:00:00+09:00,2917.0618180513015,2917.0618180513015,2788.367914313744,2801.2373046875,124762,0.0,0.0
2015-08-18 00:00:00+09:00,2831.266205276268,2882.7437726449275,2573.878368432971,2663.964111328125,214562,0.0,0.0
2015-08-19 00:00:00+09:00,2663.963899470558,2668.253696410124,2535.269991283574,2595.3271484375,129020,0.0,0.0
2015-08-20 00:00:00+09:00,2530.980425382915,2663.964142648797,2522.4008307206,2608.19677734375,94040,0.0,0.0
2015-08-21 00:00:00+09:00,2410.865997982721,2535.2701153163493,2273.592489200787,2350.808837890625,268000,0.0,0.0
2015-08-24 00:00:00+09:00,2166.3473731211384,2415.155586271685,2166.3473731211384,2256.43310546875,181729,0.0,0.0
2015-08-25 00:00:00+09:00,2355.098346138665,2483.792244834767,2277.882006921004,2462.34326171875,181821,0.0,0.0
2015-08-26 00:00:00+09:00,2458.0536618640076,2582.4577738955195,2458.0536618640076,2561.0087890625,89452,0.0,0.0
2015-08-27 00:00:00+09:00,2552.429431152344,2629.6457836914065,2552.429431152344,2573.87841796875,82415,0.0,0.0
2015-08-28 00:00:00+09:00,2638.225358661852,2638.225358661852,2573.87839869449,2608.19677734375,39117,0.0,0.0
2015-08-31 00:00:00+09:00,2659.674323528667,2659.674323528667,2608.1967559764994,2646.804931640625,35623,0.0,0.0
2015-09-01 00:00:00+09:00,2603.9065171960633,2646.804482882984,2543.849365234375,2543.849365234375,49189,0.0,0.0
2015-09-02 00:00:00+09:00,2475.213046493282,2689.702911873982,2453.764059955212,2633.935546875,70080,0.0,0.0
2015-09-03 00:00:00+09:00,2599.6171826814348,2676.8335346422696,2582.4579933568048,2608.19677734375,54933,0.0,0.0
2015-09-04 00:00:00+09:00,2535.270040541631,2582.457807793675,2462.3434911521085,2492.3720703125,141490,0.0,0.0
2015-09-07 00:00:00+09:00,2522.4008889394263,2522.4008889394263,2475.213117207566,2505.24169921875,31818,0.0,0.0
2015-09-08 00:00:00+09:00,2530.9804965795015,2535.270294031331,2436.604952639249,2483.792724609375,52594,0.0,0.0
2015-09-09 00:00:00+09:00,2552.4291951292926,2561.0087890625,2500.951631530046,2561.0087890625,39166,0.0,0.0
2015-09-10 00:00:00+09:00,2561.0085416612324,2591.037117526607,2513.820779587072,2569.588134765625,39159,0.0,0.0
2015-09-11 00:00:00+09:00,2578.167991508872,2578.167991508872,2483.7924577098784,2530.980224609375,137533,0.0,0.0
2015-09-14 00:00:00+09:00,2573.878437763936,2573.878437763936,2518.1110716123835,2539.56005859375,31648,0.0,0.0
2015-09-15 00:00:00+09:00,2599.617255808776,2599.617255808776,2479.5029271575454,2483.792724609375,67302,0.0,0.0
2015-09-16 00:00:00+09:00,2483.7922346443966,2513.8208108836207,2470.9228448275862,2488.08203125,27009,0.0,0.0
2015-09-17 00:00:00+09:00,2488.0825119934602,2513.8212966002893,2432.315145345331,2500.951904296875,84824,0.0,0.0
2015-09-18 00:00:00+09:00,2530.9804888853096,2530.9804888853096,2466.6335273034797,2496.662109375,51350,0.0,0.0
2015-09-21 00:00:00+09:00,2522.4009439525976,2522.4009439525976,2415.156005859375,2415.156005859375,77071,0.0,0.0
2015-09-22 00:00:00+09:00,2423.7353366238253,2453.763916015625,2406.57614839994,2453.763916015625,33645,0.0,0.0
2015-09-23 00:00:00+09:00,2453.7637036044675,2453.7637036044675,2355.098379858134,2376.54736328125,51830,0.0,0.0
2015-09-24 00:00:00+09:00,2359.3886355136306,2449.47438341506,2359.3886355136306,2419.44580078125,21121,0.0,0.0
2015-09-25 00:00:00+09:00,2385.1271693760987,2445.1843283172234,2385.1271693760987,2440.89453125,37423,0.0,0.0
2015-09-30 00:00:00+09:00,2385.1269839256724,2432.3147479961444,2282.17186231737,2312.200439453125,173569,0.0,0.0
2015-10-01 00:00:00+09:00,2312.200679080984,2342.2292593287893,2290.751693189695,2320.7802734375,29079,0.0,0.0
2015-10-02 00:00:00+09:00,2325.0700843311915,2355.0986647561335,2230.694545852804,2295.04150390625,95038,0.0,0.0
2015-10-05 00:00:00+09:00,2299.331267755682,2428.0251819957384,2299.331267755682,2359.388427734375,100044,0.0,0.0
2015-10-06 00:00:00+09:00,2397.996355678649,2397.996355678649,2329.3596084678106,2355.098388671875,49942,0.0,0.0
2015-10-07 00:00:00+09:00,2363.6784966362848,2363.6784966362848,2299.3315321180557,2316.49072265625,37150,0.0,0.0
2015-10-08 00:00:00+09:00,2316.4904433874776,2402.2863857351617,2316.4904433874776,2385.127197265625,59488,0.0,0.0
2015-10-12 00:00:00+09:00,2350.809050641741,2470.923381696429,2350.809050641741,2402.28662109375,33316,0.0,0.0
2015-10-13 00:00:00+09:00,2415.15577265695,2449.47414953307,2376.547598671315,2393.706787109375,50022,0.0,0.0
2015-10-14 00:00:00+09:00,2402.2861523793263,2410.8657457806808,2333.649405168488,2355.098388671875,58978,0.0,0.0
2015-10-15 00:00:00+09:00,2355.0986305930396,2389.4170077237213,2337.9394420276985,2359.388427734375,55261,0.0,0.0
2015-10-16 00:00:00+09:00,2359.3881853725525,2380.8371688759394,2350.8085919711975,2355.098388671875,18388,0.0,0.0
2015-10-19 00:00:00+09:00,2389.417102508794,2668.253927756678,2359.3885213282524,2629.645751953125,439100,0.0,0.0
2015-10-20 00:00:00+09:00,2629.6456193782456,3127.262082425352,2629.6456193782456,2891.3232421875,1092601,0.0,0.0
2015-10-21 00:00:00+09:00,2887.0334761186077,2917.0620561079545,2801.237533291903,2831.26611328125,185343,0.0,0.0
2015-10-22 00:00:00+09:00,2801.2374622883644,3088.6538634726226,2801.2374622883644,2977.119140625,707407,0.0,0.0
2015-10-23 00:00:00+09:00,3020.017098214286,3097.2334444754465,2887.033390764509,3002.85791015625,121508,0.0,0.0
2015-10-26 00:00:00+09:00,3075.7846995267,3088.654091574929,2947.0907790444116,3020.017333984375,161663,0.0,0.0
2015-10-27 00:00:00+09:00,2994.2785498879175,3071.4949021772904,2981.4091578396883,3020.017333984375,98811,0.0,0.0
2015-10-28 00:00:00+09:00,2989.9884785970053,3238.7967020670576,2989.9884785970053,3088.65380859375,194138,0.0,0.0
2015-10-29 00:00:00+09:00,3011.437665192977,3191.609149435292,3011.437665192977,3157.290771484375,100513,0.0,0.0
2015-10-30 00:00:00+09:00,3131.55180546654,3376.0702341125575,3032.886474609375,3032.886474609375,556890,0.0,0.0
2015-11-02 00:00:00+09:00,3024.3070840572123,3165.870394374784,3002.858097645459,3105.813232421875,142850,0.0,0.0
2015-11-03 00:00:00+09:00,3110.103041605094,3247.3765551655947,3062.915271318672,3084.3642578125,135635,0.0,0.0
2015-11-04 00:00:00+09:00,3071.4948659162033,3174.4500010865786,2985.6989199408904,3084.3642578125,100592,0.0,0.0
2015-11-05 00:00:00+09:00,3024.30712890625,3127.2622652094415,3015.727534214317,3024.30712890625,70760,0.0,0.0
2015-11-06 00:00:00+09:00,3007.147504212057,3007.147504212057,2865.584212287666,2904.1923828125,148067,0.0,0.0
2015-11-09 00:00:00+09:00,2994.278453063965,2994.278453063965,2741.180417633057,2745.47021484375,107637,0.0,0.0
2015-11-10 00:00:00+09:00,2736.890392448329,2775.4985641286344,2651.094455380983,2711.151611328125,130565,0.0,0.0
2015-11-11 00:00:00+09:00,2711.151834901521,2775.4987930083607,2655.3844712089262,2749.760009765625,46633,0.0,0.0
2015-11-12 00:00:00+09:00,2788.3681119018916,2891.3232421875,2745.4701409495547,2891.3232421875,79651,0.0,0.0
2015-11-13 00:00:00+09:00,2848.42480175488,2891.3227656367303,2784.077855932104,2857.00439453125,57913,0.0,0.0
2015-11-16 00:00:00+09:00,2831.266185475457,2831.266185475457,2655.384498195921,2698.282470703125,74478,0.0,0.0
2015-11-17 00:00:00+09:00,2655.3844936268074,2814.1069916303486,2655.3844936268074,2706.862060546875,93676,0.0,0.0
2015-11-18 00:00:00+09:00,2771.2084667675485,3041.4656392232073,2711.1513173329577,2857.00439453125,162527,0.0,0.0
2015-11-19 00:00:00+09:00,2912.772227663668,2934.221213139837,2818.3966915685273,2891.3232421875,71551,0.0,0.0
2015-11-20 00:00:00+09:00,2861.2947000303225,2904.19267154502,2814.106931364155,2818.396728515625,65118,0.0,0.0
2015-11-23 00:00:00+09:00,2796.9475483954707,2826.9761263690416,2711.151611328125,2711.151611328125,72266,0.0,0.0
2015-11-24 00:00:00+09:00,2706.8617899103683,2766.9189453125,2689.7026026526164,2766.9189453125,45210,0.0,0.0
2015-11-25 00:00:00+09:00,2766.9189510167203,2788.367935133129,2724.020982783903,2754.049560546875,50797,0.0,0.0
2015-11-26 00:00:00+09:00,2715.4413545409416,2951.380176815431,2715.4413545409416,2835.5556640625,158325,0.0,0.0
2015-11-27 00:00:00+09:00,2831.2662807525326,3084.3643270622288,2809.8172937771346,2964.25,280875,0.0,0.0
2015-11-30 00:00:00+09:00,2964.2500124561543,3084.3643400231185,2874.164266780931,2942.801025390625,108119,0.0,0.0
2015-12-01 00:00:00+09:00,2959.959822527067,3732.1232544906493,2895.6128698634348,3268.8251953125,4908660,0.0,0.0
2015-12-02 00:00:00+09:00,3208.7683014565328,3294.564245345745,3131.5519519562417,3225.927490234375,796801,0.0,0.0
2015-12-03 00:00:00+09:00,3217.3476720434637,3517.63345476752,3178.739499978942,3183.029296875,1764236,0.0,0.0
2015-12-04 00:00:00+09:00,3110.10302264228,3148.71119809577,3024.3070771900793,3118.6826171875,588733,0.0,0.0
2015-12-07 00:00:00+09:00,3140.131355704842,3251.66607598944,3101.5231832986346,3122.97216796875,317238,0.0,0.0
2015-12-08 00:00:00+09:00,3140.131664830395,3161.5806516120233,2942.800986439414,3011.437744140625,381140,0.0,0.0
2015-12-09 00:00:00+09:00,3011.4379500916552,3088.654307786313,2959.9603782952167,3071.4951171875,172441,0.0,0.0
2015-12-10 00:00:00+09:00,3088.653865665585,3178.7396034141643,2942.8007664535985,2972.829345703125,307319,0.0,0.0
2015-12-11 00:00:00+09:00,2972.8296098026913,3015.7275839701183,2865.584674384124,2938.51123046875,198734,0.0,0.0
2015-12-14 00:00:00+09:00,2895.6130546787153,2994.278388393694,2826.9763007900347,2861.294677734375,191221,0.0,0.0
2015-12-15 00:00:00+09:00,2861.2946207447767,3028.5967050162103,2861.2946207447767,2977.119140625,135680,0.0,0.0
2015-12-16 00:00:00+09:00,2981.4089066218926,3045.75586144107,2942.800733730386,3041.466064453125,114654,0.0,0.0
2015-12-17 00:00:00+09:00,3088.65383342161,3105.8130213850636,2955.6701267048466,3037.17626953125,102141,0.0,0.0
2015-12-18 00:00:00+09:00,3032.886474609375,3041.4660685969543,2917.061955777051,3032.886474609375,81604,0.0,0.0
2015-12-21 00:00:00+09:00,2972.8290381059765,3135.84130859375,2972.8290381059765,3135.84130859375,104190,0.0,0.0
2015-12-22 00:00:00+09:00,3131.551730248236,3225.927261844758,2934.2210732736894,3191.60888671875,589440,0.0,0.0
2015-12-23 00:00:00+09:00,3191.6088558799343,3599.139556563528,3153.0006842362254,3260.24560546875,1000860,0.0,0.0
2015-12-24 00:00:00+09:00,3294.564100609756,3586.2702970179116,3221.6375515077175,3517.633544921875,944032,0.0,0.0
2015-12-28 00:00:00+09:00,3517.6338454262077,3547.6624270335046,3346.041950527368,3418.968505859375,410105,0.0,0.0
2015-12-29 00:00:00+09:00,3475.7329893538476,3480.0994880841913,3336.0050299828386,3418.968505859375,207121,70.0,0.0
2015-12-30 00:00:00+09:00,3405.8682922598937,3449.53327036579,3340.37082510105,3392.768798828125,142872,0.0,0.0
2016-01-04 00:00:00+09:00,3436.434286826898,3436.434286826898,3170.077880859375,3170.077880859375,217894,0.0,0.0
2016-01-05 00:00:00+09:00,3069.64834433673,3270.507268717228,3069.64834433673,3226.84228515625,126680,0.0,0.0
2016-01-06 00:00:00+09:00,3226.842054671513,3257.4075409809857,3082.747619212568,3200.64306640625,190270,0.0,0.0
2016-01-07 00:00:00+09:00,3143.878533454357,3183.1770151225364,3087.114059933653,3156.97802734375,115000,0.0,0.0
2016-01-08 00:00:00+09:00,3056.548875378024,3253.0413030808973,3034.7163834110384,3248.6748046875,202778,0.0,0.0
2016-01-11 00:00:00+09:00,3218.109058583092,3274.8735331578278,3183.1770742294084,3200.64306640625,96933,0.0,0.0
2016-01-12 00:00:00+09:00,3200.6433586920894,3261.7743368935753,3052.1824116313373,3122.04638671875,156482,0.0,0.0
2016-01-13 00:00:00+09:00,3130.779181985294,3170.0776654411766,3082.7477022058824,3117.6796875,50793,0.0,0.0
2016-01-14 00:00:00+09:00,3135.1459592292113,3152.611953431045,3012.883999816373,3065.281982421875,69434,0.0,0.0
2016-01-15 00:00:00+09:00,3060.9153698224027,3122.0463472510955,3025.9833827202924,3052.182373046875,60929,0.0,0.0
2016-01-18 00:00:00+09:00,2960.4857536764707,3034.7162224264707,2943.0197610294117,2969.21875,69207,0.0,0.0
2016-01-19 00:00:00+09:00,2921.1875165706306,2969.219000400641,2868.7895342106194,2894.988525390625,125065,0.0,0.0
2016-01-20 00:00:00+09:00,2881.8886290303517,2921.187110335311,2750.893691347154,2886.255126953125,81844,0.0,0.0
2016-01-21 00:00:00+09:00,2829.490838180205,2886.255314872092,2750.8938704529774,2768.35986328125,71846,0.0,0.0
2016-01-22 00:00:00+09:00,2768.3597787854133,2860.056238335088,2737.7942922688553,2851.3232421875,118892,0.0,0.0
2016-01-25 00:00:00+09:00,2820.757883864183,2877.522361403245,2803.2918907752405,2838.223876953125,30842,0.0,0.0
2016-01-26 00:00:00+09:00,2785.825927734375,2842.5904058857022,2742.1609445410463,2785.825927734375,53925,0.0,0.0
2016-01-27 00:00:00+09:00,2785.8260748397756,2816.3915646891146,2707.2291009414744,2746.527587890625,72089,0.0,0.0
2016-01-28 00:00:00+09:00,2746.5273582495233,2781.4593437280546,2707.2288745861756,2720.328369140625,42975,0.0,0.0
2016-01-29 00:00:00+09:00,2733.427994266633,2750.8939878402216,2667.930518365675,2707.22900390625,55354,0.0,0.0
2016-02-01 00:00:00+09:00,2681.0301599580603,2724.6951462765956,2619.899179112111,2667.9306640625,97533,0.0,0.0
2016-02-02 00:00:00+09:00,2637.3650878109706,2742.161051565049,2619.899093851958,2676.66357421875,109822,0.0,0.0
2016-02-03 00:00:00+09:00,2646.09765625,2694.1291318584986,2615.532171771865,2646.09765625,67211,0.0,0.0
2016-02-04 00:00:00+09:00,2615.532341738476,2646.0978282028655,2580.600357207745,2628.6318359375,75803,0.0,0.0
2016-02-05 00:00:00+09:00,2632.9984329126446,2812.024860357783,2632.9984329126446,2742.160888671875,96836,0.0,0.0
2016-02-11 00:00:00+09:00,2654.8309114583335,2685.3963989257813,2606.799431152344,2619.89892578125,78393,0.0,0.0
2016-02-12 00:00:00+09:00,2523.8359375,2576.2339154411766,2427.7729779411766,2449.60546875,162234,0.0,0.0
2016-02-15 00:00:00+09:00,2410.306903286638,2558.7678357354525,2397.2074092470366,2532.56884765625,76199,0.0,0.0
2016-02-16 00:00:00+09:00,2515.103193972835,2584.967171583192,2515.103193972835,2571.86767578125,20942,0.0,0.0
2016-02-17 00:00:00+09:00,2593.6999373525946,2593.6999373525946,2515.102969554031,2545.66845703125,27670,0.0,0.0
2016-02-18 00:00:00+09:00,2532.568808463106,2659.1972488862616,2532.568808463106,2611.165771484375,73067,0.0,0.0
2016-02-19 00:00:00+09:00,2571.8673610750625,2628.6318359375,2550.0348707433554,2628.6318359375,57139,0.0,0.0
2016-02-22 00:00:00+09:00,2584.9672415155987,2619.8992312658097,2576.2342440780462,2589.333740234375,108308,0.0,0.0
2016-02-23 00:00:00+09:00,2611.1659852074795,2715.9619444800205,2598.0664902984117,2663.56396484375,81566,0.0,0.0
2016-02-24 00:00:00+09:00,2667.930534039724,2750.8940040016796,2654.831038782573,2681.030029296875,25691,0.0,0.0
2016-02-25 00:00:00+09:00,2659.1975372016236,2768.3599976778805,2659.1975372016236,2681.030029296875,65992,0.0,0.0
2016-02-26 00:00:00+09:00,2685.396484375,2694.1294810721542,2619.8990091463415,2685.396484375,53749,0.0,0.0
2016-02-29 00:00:00+09:00,2685.396639398079,2685.396639398079,2554.4016813786607,2571.86767578125,72071,0.0,0.0
2016-03-02 00:00:00+09:00,2584.966783810619,2637.364759158131,2584.966783810619,2611.165771484375,36019,0.0,0.0
2016-03-03 00:00:00+09:00,2584.966783810619,2637.364759158131,2584.966783810619,2611.165771484375,9892,0.0,0.0
2016-03-04 00:00:00+09:00,2611.166119074417,2681.030095504502,2502.0036559024097,2576.234130859375,190963,0.0,0.0
2016-03-07 00:00:00+09:00,2576.2342722039475,2576.2342722039475,2484.5377981085526,2488.904296875,134148,0.0,0.0
2016-03-08 00:00:00+09:00,2488.9038215799537,2510.7363112429357,2458.3383360517787,2462.704833984375,67118,0.0,0.0
2016-03-09 00:00:00+09:00,2432.13939335264,2536.9353456694503,2410.306903286638,2532.56884765625,71310,0.0,0.0
2016-03-10 00:00:00+09:00,2536.935606421494,2567.501095655488,2493.2706218015023,2506.3701171875,63062,0.0,0.0
2016-03-11 00:00:00+09:00,2528.2028116508154,2528.2028116508154,2471.4383271059783,2510.73681640625,25726,0.0,0.0
2016-03-14 00:00:00+09:00,2515.1031400240386,2960.4859877366284,2515.1031400240386,2724.695068359375,891547,0.0,0.0
2016-03-15 00:00:00+09:00,2750.894287109375,2934.2872395833333,2737.7947905040924,2750.894287109375,352970,0.0,0.0
2016-03-16 00:00:00+09:00,2750.8939596036585,2759.626956300813,2663.5639926321137,2685.396484375,159268,0.0,0.0
2016-03-17 00:00:00+09:00,2685.3961974304993,2724.6946783685066,2663.563708020495,2689.7626953125,154907,0.0,0.0
2016-03-18 00:00:00+09:00,2694.129655853621,2746.5276394358634,2663.5641654306464,2667.9306640625,113269,0.0,0.0
2016-03-21 00:00:00+09:00,2790.1924694306813,3065.281867825255,2715.9619968480183,2781.45947265625,1536805,0.0,0.0
2016-03-22 00:00:00+09:00,2755.2606891461623,2851.3236608755055,2720.3286994264013,2833.857666015625,215128,0.0,0.0
2016-03-23 00:00:00+09:00,2833.857666015625,2873.156154450356,2772.726684006043,2833.857666015625,144848,0.0,0.0
2016-03-24 00:00:00+09:00,2846.956787109375,2846.956787109375,2794.5588094325153,2846.956787109375,75904,0.0,0.0
2016-03-25 00:00:00+09:00,2894.9885385874154,3039.0829907343004,2746.527587890625,2746.527587890625,373094,0.0,0.0
2016-03-28 00:00:00+09:00,2729.0613939807677,2777.092874514829,2702.862404598552,2742.160888671875,115016,0.0,0.0
2016-03-29 00:00:00+09:00,2715.9622961619543,2759.6272848462304,2715.9622961619543,2750.894287109375,49124,0.0,0.0
2016-03-30 00:00:00+09:00,2733.4276307042646,2750.893621954771,2663.5636657022387,2694.129150390625,94458,0.0,0.0
2016-03-31 00:00:00+09:00,2702.862376401359,2733.4278636950744,2676.663387292461,2720.328369140625,82447,0.0,0.0
2016-04-01 00:00:00+09:00,2737.794109684406,2781.4590875103136,2619.8986695544554,2646.09765625,143424,0.0,0.0
2016-04-04 00:00:00+09:00,2646.0979716316597,2681.02995805584,2624.2654801165468,2663.56396484375,76276,0.0,0.0
2016-04-05 00:00:00+09:00,2667.9303622380667,2681.0298566516744,2624.265380859375,2624.265380859375,43443,0.0,0.0
2016-04-06 00:00:00+09:00,2619.898868667628,2654.830853583196,2602.4328762098435,2650.46435546875,68072,0.0,0.0
2016-04-07 00:00:00+09:00,2650.4640483504763,2663.5635411759317,2593.6995794401696,2606.799072265625,124169,0.0,0.0
2016-04-08 00:00:00+09:00,2584.9665842231993,2632.998057916536,2580.600086614714,2606.799072265625,67441,0.0,0.0
2016-04-11 00:00:00+09:00,2632.998692517032,2763.99365234375,2593.7002045690165,2763.99365234375,204741,0.0,0.0
2016-04-12 00:00:00+09:00,2772.726318359375,2794.5588090551178,2724.69483882874,2772.726318359375,149562,0.0,0.0
2016-04-14 00:00:00+09:00,2528.2025572726234,2611.166026336837,2375.375114259598,2388.474609375,635797,0.0,0.0
2016-04-15 00:00:00+09:00,2427.7730947212067,2484.537573554616,2340.443127285192,2388.474609375,307285,0.0,0.0
2016-04-18 00:00:00+09:00,2388.474494485294,2419.039981617647,2366.6420036764707,2375.375,134435,0.0,0.0
2016-04-19 00:00:00+09:00,2371.0082887743342,2401.573773160007,2366.641791004952,2397.207275390625,104896,0.0,0.0
2016-04-20 00:00:00+09:00,2401.5738036228,2475.8042666438687,2401.5738036228,2419.039794921875,216047,0.0,0.0
2016-04-21 00:00:00+09:00,2445.2393453181003,2471.438338303651,2423.406851163474,2436.50634765625,101397,0.0,0.0
2016-04-22 00:00:00+09:00,2440.87255859375,2467.0715484892107,2414.6735686982893,2440.87255859375,83725,0.0,0.0
2016-04-25 00:00:00+09:00,2427.773193359375,2462.705181753035,2410.307199162545,2427.773193359375,72041,0.0,0.0
2016-04-26 00:00:00+09:00,2440.8725456738994,2440.8725456738994,2388.474566160327,2392.841064453125,123111,0.0,0.0
2016-04-27 00:00:00+09:00,2397.2076061186012,2410.3071012340038,2375.375114259598,2388.474609375,53548,0.0,0.0
2016-04-28 00:00:00+09:00,2388.474508639499,2453.9719814541104,2388.474508639499,2423.406494140625,62265,0.0,0.0
2016-04-29 00:00:00+09:00,2419.040097977605,2449.60558658021,2384.108111003199,2388.474609375,48671,0.0,0.0
2016-05-02 00:00:00+09:00,2436.5060952240565,2436.5060952240565,2314.244140625,2314.244140625,148101,0.0,0.0
2016-05-03 00:00:00+09:00,2314.2440974061324,2384.1080701580154,2292.4116059211688,2318.610595703125,73032,0.0,0.0
2016-05-04 00:00:00+09:00,2331.7100929824296,2331.7100929824296,2226.9141337472643,2244.380126953125,176743,0.0,0.0
2016-05-09 00:00:00+09:00,2244.3802744043937,2266.2127673460705,2143.9508068726795,2205.081787109375,96882,0.0,0.0
2016-05-10 00:00:00+09:00,2218.1810661764707,2322.9770220588234,2205.0815716911766,2301.14453125,82990,0.0,0.0
2016-05-11 00:00:00+09:00,2305.51123046875,2340.4432188091855,2283.6787377559776,2305.51123046875,46066,0.0,0.0
2016-05-12 00:00:00+09:00,2305.5111008121467,2353.5425820790665,2305.5111008121467,2318.610595703125,49186,0.0,0.0
2016-05-13 00:00:00+09:00,2318.6105095897337,2366.64198907276,2318.6105095897337,2327.343505859375,44365,0.0,0.0
2016-05-16 00:00:00+09:00,2344.8095832323506,2401.57406103872,2331.7100883539574,2392.841064453125,106158,0.0,0.0
2016-05-17 00:00:00+09:00,2401.5740032024214,2423.406494140625,2366.642017701295,2423.406494140625,113683,0.0,0.0
2016-05-18 00:00:00+09:00,2423.406596349406,2423.406596349406,2371.008615887797,2388.474609375,100133,0.0,0.0
2016-05-19 00:00:00+09:00,2388.475140551986,2410.3076372663554,2322.9776504088786,2336.0771484375,82353,0.0,0.0
2016-05-20 00:00:00+09:00,2336.076773604496,2353.5427681735014,2305.5112831087363,2349.17626953125,33258,0.0,0.0
2016-05-23 00:00:00+09:00,2349.176081525148,2397.2075627459226,2344.8095832323506,2392.841064453125,66328,0.0,0.0
2016-05-24 00:00:00+09:00,2392.8409033849243,2427.772887375945,2309.87744140625,2309.87744140625,130054,0.0,0.0
2016-05-25 00:00:00+09:00,2314.244122082674,2462.7050657634495,2292.411630364913,2414.673583984375,229501,0.0,0.0
2016-05-26 00:00:00+09:00,2397.207431750351,2397.207431750351,2309.8774706665495,2331.7099609375,96512,0.0,0.0
2016-05-27 00:00:00+09:00,2336.0768170063725,2353.542811899878,2305.5113259427376,2344.809814453125,85085,0.0,0.0
2016-05-30 00:00:00+09:00,2314.244140625,2357.9091244103774,2314.244140625,2314.244140625,61317,0.0,0.0
2016-05-31 00:00:00+09:00,2344.8096790142504,2471.4381346779624,2309.8776912449507,2432.1396484375,150945,0.0,0.0
2016-06-01 00:00:00+09:00,2427.7730220562844,2458.338509744043,2357.9090501985497,2371.008544921875,88593,0.0,0.0
2016-06-02 00:00:00+09:00,2379.741760900922,2484.53772835344,2349.176270393938,2471.438232421875,174235,0.0,0.0
2016-06-03 00:00:00+09:00,2480.1708001030815,2593.6997451782227,2432.139323340522,2515.102783203125,370745,0.0,0.0
2016-06-07 00:00:00+09:00,2528.202714791989,2567.501202586683,2467.07173377802,2471.438232421875,72616,0.0,0.0
2016-06-08 00:00:00+09:00,2453.9718381191824,2480.1708257147607,2445.2388422539893,2462.704833984375,54235,0.0,0.0
2016-06-09 00:00:00+09:00,2458.3386832038277,2488.9041730482804,2388.4747064165076,2427.773193359375,92283,0.0,0.0
2016-06-10 00:00:00+09:00,2427.772759776298,2427.772759776298,2384.1077820824794,2397.207275390625,41535,0.0,0.0
2016-06-13 00:00:00+09:00,2384.1079375877807,2392.8409336961613,2305.5109726123596,2331.7099609375,106336,0.0,0.0
2016-06-14 00:00:00+09:00,2331.710134139151,2344.809629274764,2292.4116487323113,2314.244140625,47389,0.0,0.0
2016-06-15 00:00:00+09:00,2314.2439394051275,2327.34343340176,2270.5789594163516,2309.87744140625,55352,0.0,0.0
2016-06-16 00:00:00+09:00,2305.5111031736383,2327.343594680964,2222.5476354457987,2244.380126953125,73484,0.0,0.0
2016-06-17 00:00:00+09:00,2231.2806320487293,2292.4116082692426,2209.448140541403,2244.380126953125,70549,0.0,0.0
2016-06-20 00:00:00+09:00,2244.3803101757435,2288.045296755038,2209.4483209123077,2274.94580078125,48822,0.0,0.0
2016-06-21 00:00:00+09:00,2309.8777900446858,2309.8777900446858,2248.746808833673,2274.94580078125,40364,0.0,0.0
2016-06-22 00:00:00+09:00,2274.946156276091,2292.4121536371363,2244.3806608942627,2288.045654296875,42947,0.0,0.0
2016-06-23 00:00:00+09:00,2266.212812151228,2288.0453055245534,2200.71533203125,2200.71533203125,57783,0.0,0.0
2016-06-24 00:00:00+09:00,2213.814505515692,2257.479485900617,1886.3271526287556,2034.7880859375,193348,0.0,0.0
2016-06-27 00:00:00+09:00,1921.2591305470417,2052.254071266158,1921.2591305470417,2047.8875732421875,86947,0.0,0.0
2016-06-28 00:00:00+09:00,2047.8877770289903,2130.851247740186,2012.9557893611184,2113.38525390625,42129,0.0,0.0
2016-06-29 00:00:00+09:00,2135.217544921875,2191.98201953125,2122.11805078125,2183.2490234375,36148,0.0,0.0
2016-06-30 00:00:00+09:00,2205.0814703600613,2244.3799520100424,2170.149486671189,2187.615478515625,32076,0.0,0.0
2016-07-01 00:00:00+09:00,2191.9822481781125,2235.647233201581,2165.7832571640315,2209.4482421875,61910,0.0,0.0
2016-07-04 00:00:00+09:00,2253.1131235560556,2327.343594680964,2218.1811371443337,2244.380126953125,129680,0.0,0.0
2016-07-05 00:00:00+09:00,2270.5791448398363,2279.3121415507585,2222.5476629297627,2266.212646484375,40168,0.0,0.0
2016-07-06 00:00:00+09:00,2266.212803465391,2305.511291386756,2226.9143155440256,2274.94580078125,42494,0.0,0.0
2016-07-07 00:00:00+09:00,2296.778250157148,2296.778250157148,2270.5792587104884,2279.312255859375,34913,0.0,0.0
2016-07-08 00:00:00+09:00,2296.7786529773975,2314.244650338442,2261.846658255308,2288.045654296875,58309,0.0,0.0
2016-07-11 00:00:00+09:00,2270.5792421283145,2309.8777290113044,2270.5792421283145,2305.51123046875,20424,0.0,0.0
2016-07-12 00:00:00+09:00,2305.5111438679246,2322.9771373820754,2270.5791568396226,2314.244140625,48488,0.0,0.0
2016-07-13 00:00:00+09:00,2301.1447319261956,2331.7102217240767,2292.4117348410864,2305.51123046875,46645,0.0,0.0
2016-07-14 00:00:00+09:00,2305.5111160714287,2314.244112723214,2283.678624441964,2292.41162109375,29313,0.0,0.0
2016-07-15 00:00:00+09:00,2336.076720266631,2397.2076998623934,2305.51123046875,2305.51123046875,80089,0.0,0.0
2016-07-18 00:00:00+09:00,2344.809425397271,2344.809425397271,2288.044951411862,2309.87744140625,26797,0.0,0.0
2016-07-19 00:00:00+09:00,2322.9770077245544,2340.443000263837,2296.778018915631,2327.343505859375,26755,0.0,0.0
2016-07-20 00:00:00+09:00,2327.3436903211805,2357.9091796875,2305.511197916667,2357.9091796875,39731,0.0,0.0
2016-07-21 00:00:00+09:00,2375.37530551676,2392.8413004102654,2327.3438195596195,2344.809814453125,35853,0.0,0.0
2016-07-22 00:00:00+09:00,2371.008487207581,2371.008487207581,2270.5790301067073,2327.343505859375,45424,0.0,0.0
2016-07-25 00:00:00+09:00,2309.8774706665495,2340.44295704588,2305.5109726123596,2331.7099609375,22704,0.0,0.0
2016-07-26 00:00:00+09:00,2331.7101459608944,2445.239104378466,2309.877653957515,2362.275634765625,131249,0.0,0.0
2016-07-27 00:00:00+09:00,2384.108258669261,2414.673749165021,2314.244280393239,2349.17626953125,63211,0.0,0.0
2016-07-28 00:00:00+09:00,2349.1759233961484,2362.275417392781,2283.6784534129843,2309.87744140625,59870,0.0,0.0
2016-07-29 00:00:00+09:00,2318.6104667749296,2331.7099609375,2305.5109726123596,2331.7099609375,26232,0.0,0.0
2016-08-01 00:00:00+09:00,2322.9768670001154,2366.641845703125,2318.6103691298144,2366.641845703125,67439,0.0,0.0
2016-08-02 00:00:00+09:00,2366.642133166301,2388.47462516968,2336.07664436157,2362.275634765625,52426,0.0,0.0
2016-08-03 00:00:00+09:00,2327.3437935965403,2357.9092843191966,2288.0453055245534,2322.977294921875,64215,0.0,0.0
2016-08-04 00:00:00+09:00,2322.9769354028826,2340.4429273983933,2279.3119554141067,2309.87744140625,48557,0.0,0.0
2016-08-05 00:00:00+09:00,2314.244244454921,2331.710238752694,2270.5792587104884,2279.312255859375,50201,0.0,0.0
2016-08-08 00:00:00+09:00,2270.5793108258927,2322.977294921875,2266.212812151228,2322.977294921875,35023,0.0,0.0
2016-08-09 00:00:00+09:00,2340.4430849395526,2392.841064453125,2331.7100883539574,2392.841064453125,107789,0.0,0.0
2016-08-10 00:00:00+09:00,2375.375315504808,2392.8413104717547,2266.212846961388,2270.579345703125,215966,0.0,0.0
2016-08-11 00:00:00+09:00,2283.6787274653952,2292.411724511152,2231.2807451908548,2257.479736328125,48251,0.0,0.0
2016-08-12 00:00:00+09:00,2257.479634486607,2292.41162109375,2240.013641183036,2292.41162109375,47071,0.0,0.0
2016-08-16 00:00:00+09:00,2305.5111008121467,2344.8095854850812,2292.4116059211688,2318.610595703125,105623,0.0,0.0
2016-08-17 00:00:00+09:00,2318.6105095897337,2336.0765021290163,2266.2125319718866,2327.343505859375,86658,0.0,0.0
2016-08-18 00:00:00+09:00,2327.3436357606133,2327.3436357606133,2296.778147110849,2314.244140625,36775,0.0,0.0
2016-08-19 00:00:00+09:00,2288.0450796845294,2318.610567390239,2283.6785814408568,2296.778076171875,28226,0.0,0.0
2016-08-22 00:00:00+09:00,2274.94581832145,2292.4118130878337,2235.6473300970874,2248.746826171875,91997,0.0,0.0
2016-08-23 00:00:00+09:00,2244.3799686431885,2261.8459606170654,2218.180980682373,2235.64697265625,69717,0.0,0.0
2016-08-24 00:00:00+09:00,2231.2803588147717,2240.0133543482934,2209.447869980968,2222.54736328125,66719,0.0,0.0
2016-08-25 00:00:00+09:00,2222.54736328125,2244.3798521150543,2218.180865514489,2222.54736328125,20862,0.0,0.0
2016-08-26 00:00:00+09:00,2222.547564338235,2240.013556985294,2218.1810661764707,2226.9140625,17518,0.0,0.0
2016-08-29 00:00:00+09:00,2226.914324079241,2226.914324079241,2170.1498413085938,2200.71533203125,48738,0.0,0.0
2016-08-30 00:00:00+09:00,2200.7150735294117,2226.9140625,2200.7150735294117,2226.9140625,24851,0.0,0.0
2016-08-31 00:00:00+09:00,2231.280560661765,2231.280560661765,2196.348575367647,2226.9140625,17793,0.0,0.0
2016-09-01 00:00:00+09:00,2209.447869980968,2235.6468565815326,2209.447869980968,2222.54736328125,17447,0.0,0.0
2016-09-02 00:00:00+09:00,2209.4479125015378,2226.9139039047122,2191.9819210983637,2218.180908203125,31111,0.0,0.0
2016-09-05 00:00:00+09:00,2218.1811371443337,2244.380126953125,2213.8146388428686,2244.380126953125,39688,0.0,0.0
2016-09-06 00:00:00+09:00,2244.380343815468,2344.809814453125,2231.280847645339,2344.809814453125,172179,0.0,0.0
2016-09-07 00:00:00+09:00,2366.6421907865083,2951.7529907226562,2366.6421907865083,2724.695068359375,6873424,0.0,0.0
2016-09-08 00:00:00+09:00,2724.694760237069,2733.4277562634697,2532.56884765625,2532.56884765625,1368401,0.0,0.0
2016-09-09 00:00:00+09:00,2563.13481375308,2580.600809076781,2384.108361685148,2436.50634765625,792652,0.0,0.0
2016-09-12 00:00:00+09:00,2384.108347423041,2445.239330690298,2305.511368936567,2340.443359375,480538,0.0,0.0
2016-09-13 00:00:00+09:00,2379.741339314028,2410.3068244061346,2344.8093563516204,2366.641845703125,326223,0.0,0.0
2016-09-19 00:00:00+09:00,2371.0087122196774,2436.50619045779,2362.2757151212627,2427.773193359375,338145,0.0,0.0
2016-09-20 00:00:00+09:00,2427.77280835177,2506.36976977323,2397.207323354535,2467.0712890625,402502,0.0,0.0
2016-09-21 00:00:00+09:00,2467.071631029508,2563.1345971934884,2445.239138719512,2506.3701171875,267011,0.0,0.0
2016-09-22 00:00:00+09:00,2497.6366129412745,2554.4010814172125,2445.2386420404086,2458.338134765625,243373,0.0,0.0
2016-09-23 00:00:00+09:00,2497.6369485294117,2497.6369485294117,2410.3069852941176,2449.60546875,113197,0.0,0.0
2016-09-26 00:00:00+09:00,2423.4065224783762,2467.0715048653738,2419.0400242396763,2445.239013671875,117458,0.0,0.0
2016-09-27 00:00:00+09:00,2445.238956404321,2480.1709414958113,2414.673469449267,2475.804443359375,87359,0.0,0.0
2016-09-28 00:00:00+09:00,2480.171126415505,2510.736615649499,2453.9721356435102,2506.3701171875,141536,0.0,0.0
2016-09-29 00:00:00+09:00,2506.3702919407897,2515.1032894736845,2462.705304276316,2488.904296875,78762,0.0,0.0
2016-09-30 00:00:00+09:00,2475.8044723923144,2497.636963330518,2423.406494140625,2423.406494140625,96879,0.0,0.0
2016-10-04 00:00:00+09:00,2405.940319068031,2480.1707826327433,2405.940319068031,2467.0712890625,51156,0.0,0.0
2016-10-05 00:00:00+09:00,2432.1398129111844,2493.2707956414474,2432.1398129111844,2488.904296875,69872,0.0,0.0
2016-10-06 00:00:00+09:00,2510.7368348562445,2532.5693290723857,2471.4383452671905,2484.537841796875,105088,0.0,0.0
2016-10-07 00:00:00+09:00,2510.736615649499,2550.035101807491,2484.537624877504,2506.3701171875,208578,0.0,0.0
2016-10-10 00:00:00+09:00,2584.966952378583,3222.4756940124903,2567.500959457106,2742.160888671875,11517470,0.0,0.0
2016-10-11 00:00:00+09:00,2964.8523145473273,3060.9152761379623,2698.495921046021,2715.9619140625,6168956,0.0,0.0
2016-10-12 00:00:00+09:00,2676.6634025065105,2733.427879231771,2589.333438313802,2619.89892578125,1082666,0.0,0.0
2016-10-13 00:00:00+09:00,2606.799417562418,2641.7314030573916,2497.636962890625,2497.636962890625,694276,0.0,0.0
2016-10-14 00:00:00+09:00,2488.9039665168816,2576.233930254316,2488.9039665168816,2497.636962890625,463889,0.0,0.0
2016-10-17 00:00:00+09:00,2510.73645745124,2523.835952011855,2467.071475582523,2497.636962890625,290876,0.0,0.0
2016-10-18 00:00:00+09:00,2506.3700136620932,2624.2654672664075,2497.6370170988107,2615.532470703125,799792,0.0,0.0
2016-10-19 00:00:00+09:00,2598.066579750952,2628.6320689244926,2523.836106043782,2580.6005859375,344985,0.0,0.0
2016-10-20 00:00:00+09:00,2702.8626796177455,2986.685093470982,2628.6322021484375,2812.025146484375,7509034,0.0,0.0
2016-10-21 00:00:00+09:00,2768.35991056057,2777.0929071238525,2576.2339861683536,2615.532470703125,1591628,0.0,0.0
2016-10-24 00:00:00+09:00,2611.1659278267944,2790.1923543165913,2576.2339421702486,2768.35986328125,1268320,0.0,0.0
2016-10-25 00:00:00+09:00,2750.8939564378957,2912.4543951493274,2641.7314978490904,2759.626953125,1259242,0.0,0.0
2016-10-26 00:00:00+09:00,2772.7266335094173,2960.486074833677,2698.496156706803,2912.45458984375,1873257,0.0,0.0
2016-10-27 00:00:00+09:00,2864.4228368108006,2921.187313759795,2816.3913563154974,2890.621826171875,589794,0.0,0.0
2016-10-28 00:00:00+09:00,3078.381493319984,3231.2089433429624,2589.333653246455,2598.066650390625,4422363,0.0,0.0
2016-10-31 00:00:00+09:00,2571.8676323324944,2715.9620837195444,2497.6371573755296,2576.234130859375,1050364,0.0,0.0
2016-11-01 00:00:00+09:00,2532.5691455905717,2646.0981072894597,2515.1031514830506,2576.234130859375,634469,0.0,0.0
2016-11-02 00:00:00+09:00,2528.202656139027,2558.7681459369082,2305.51123046875,2305.51123046875,915772,0.0,0.0
2016-11-03 00:00:00+09:00,2270.579336155726,2397.207799133642,2270.579336155726,2344.809814453125,423010,0.0,0.0
2016-11-04 00:00:00+09:00,2357.9096451518694,2384.108641209112,2296.7786543516354,2336.0771484375,295568,0.0,0.0
2016-11-07 00:00:00+09:00,2392.841064453125,2467.0715354306853,2336.076586646755,2392.841064453125,263456,0.0,0.0
2016-11-08 00:00:00+09:00,2436.5060185385014,2436.5060185385014,2340.4430572341157,2371.008544921875,214423,0.0,0.0
2016-11-09 00:00:00+09:00,2384.108229231126,2427.7732151144805,2117.751815342667,2205.081787109375,786693,0.0,0.0
2016-11-10 00:00:00+09:00,2240.0141615540015,2296.7786529773975,2235.6476622137407,2288.045654296875,240348,0.0,0.0
2016-11-11 00:00:00+09:00,2288.045036764706,2414.6734834558824,2279.3120404411766,2375.375,303809,0.0,0.0
2016-11-14 00:00:00+09:00,2401.5739454916857,2401.5739454916857,2349.17596849914,2379.741455078125,101859,0.0,0.0
2016-11-15 00:00:00+09:00,2379.741242009943,2419.0397212357952,2349.1757581676134,2401.57373046875,152571,0.0,0.0
2016-11-16 00:00:00+09:00,2401.573666289687,2458.338134765625,2392.840671139543,2458.338134765625,200693,0.0,0.0
2016-11-17 00:00:00+09:00,2458.3386664882673,2515.103147241993,2436.5061738906807,2453.97216796875,205401,0.0,0.0
2016-11-18 00:00:00+09:00,2493.2701153662024,2506.3696080914187,2432.139149315192,2458.338134765625,158943,0.0,0.0
2016-11-21 00:00:00+09:00,2432.1396484375,2462.7051377356374,2362.2756728989,2432.1396484375,125067,0.0,0.0
2016-11-22 00:00:00+09:00,2405.9406576105252,2510.7366209184247,2405.9406576105252,2432.1396484375,159450,0.0,0.0
2016-11-23 00:00:00+09:00,2432.1395539161294,2445.239048820525,2200.715143938473,2244.380126953125,790273,0.0,0.0
2016-11-24 00:00:00+09:00,2244.380158078623,2279.312144974788,2174.516184286292,2191.982177734375,248176,0.0,0.0
2016-11-25 00:00:00+09:00,2152.68359375,2257.4795496323527,2152.68359375,2226.9140625,96818,0.0,0.0
2016-11-28 00:00:00+09:00,2200.7150438652666,2257.479519203061,2130.85107421875,2130.85107421875,171578,0.0,0.0
2016-11-29 00:00:00+09:00,2130.851301556174,2183.2492843813257,2104.6523101435982,2157.05029296875,176851,0.0,0.0
2016-11-30 00:00:00+09:00,2139.5843082843444,2240.013775816058,2117.751815342667,2205.081787109375,149032,0.0,0.0
2016-12-01 00:00:00+09:00,2200.7152786563765,2200.7152786563765,2139.5842986936996,2157.05029296875,80564,0.0,0.0
2016-12-02 00:00:00+09:00,2139.5841571823557,2174.5161434220677,2104.652170942644,2122.1181640625,113941,0.0,0.0
2016-12-05 00:00:00+09:00,2104.65226219553,2104.65226219553,2008.5892958712527,2039.15478515625,254054,0.0,0.0
2016-12-06 00:00:00+09:00,2034.788511248018,2082.819999710954,2034.788511248018,2065.35400390625,87575,0.0,0.0
2016-12-07 00:00:00+09:00,2047.8878784179688,2113.3853585379466,2047.8878784179688,2078.453369140625,87964,0.0,0.0
2016-12-08 00:00:00+09:00,2087.1862631553463,2165.783235408058,2074.086767779894,2113.38525390625,140323,0.0,0.0
2016-12-09 00:00:00+09:00,2113.38522638309,2139.5842167927976,2060.9872455636746,2091.552734375,144990,0.0,0.0
2016-12-12 00:00:00+09:00,2091.552619485294,2165.783088235294,2078.453125,2152.68359375,130205,0.0,0.0
2016-12-13 00:00:00+09:00,2174.516254168725,2244.3802302062745,2165.7832571640315,2209.4482421875,293125,0.0,0.0
2016-12-14 00:00:00+09:00,2200.714916799951,2248.74639315868,2200.714916799951,2218.180908203125,99537,0.0,0.0
2016-12-15 00:00:00+09:00,2205.0815576361133,2292.411520314771,2187.6155651003814,2253.113037109375,92603,0.0,0.0
2016-12-16 00:00:00+09:00,2266.212531511174,2279.3120259129723,2231.2805464397106,2253.113037109375,88049,0.0,0.0
2016-12-19 00:00:00+09:00,2244.380327480279,2253.113324863471,2218.181335330704,2248.746826171875,66165,0.0,0.0
2016-12-20 00:00:00+09:00,2270.579345703125,2309.8778343787562,2231.280857027494,2270.579345703125,99357,0.0,0.0
2016-12-21 00:00:00+09:00,2274.9454707479385,2318.610450992621,2244.379984576661,2283.678466796875,178490,0.0,0.0
2016-12-22 00:00:00+09:00,2296.778250157148,2309.877745880478,2209.448278668283,2279.312255859375,67738,0.0,0.0
2016-12-23 00:00:00+09:00,2274.94581832145,2279.312317013046,2244.380327480279,2248.746826171875,45513,0.0,0.0
2016-12-26 00:00:00+09:00,2248.7465394326045,2331.7100039941956,2226.9140487585014,2327.343505859375,193220,0.0,0.0
2016-12-27 00:00:00+09:00,2309.8776386825866,2484.537573554616,2288.0451468235833,2388.474609375,1145057,0.0,0.0
2016-12-28 00:00:00+09:00,2424.0570408704116,2432.952663038743,2366.235496776255,2392.92236328125,185456,50.0,0.0
2016-12-29 00:00:00+09:00,2392.922026725812,2392.922026725812,2335.100490764036,2361.787353515625,107888,0.0,0.0
2017-01-02 00:00:00+09:00,2361.7876967075895,2375.1311300223215,2330.6530189732143,2335.100830078125,65939,0.0,0.0
2017-01-03 00:00:00+09:00,2317.309248929643,2361.787353515625,2295.0701966366523,2361.787353515625,121519,0.0,0.0
2017-01-04 00:00:00+09:00,2366.2354814050796,2392.922347736716,2348.444237183989,2375.131103515625,43673,0.0,0.0
2017-01-05 00:00:00+09:00,2375.130989644065,2397.370043854215,2348.4441245918842,2384.026611328125,80083,0.0,0.0
2017-01-06 00:00:00+09:00,2375.1310878537734,2392.922331957547,2348.4442216981133,2357.33984375,81354,0.0,0.0
2017-01-09 00:00:00+09:00,2357.340118349628,2357.340118349628,2299.518568276901,2317.309814453125,136693,0.0,0.0
2017-01-10 00:00:00+09:00,2308.4141913650133,2348.4444952615163,2295.0707567328454,2317.309814453125,88403,0.0,0.0
2017-01-11 00:00:00+09:00,2343.9964974685754,2392.9224205656424,2330.6530638966483,2388.474609375,146191,0.0,0.0
2017-01-12 00:00:00+09:00,2392.92236328125,2401.817985449582,2352.8920635237573,2392.92236328125,94949,0.0,0.0
2017-01-13 00:00:00+09:00,2370.683266880323,2450.7438650113663,2370.683266880323,2415.161376953125,253389,0.0,0.0
2017-01-16 00:00:00+09:00,2428.5047120474724,2446.2959553591754,2379.578792940289,2441.84814453125,121078,0.0,0.0
2017-01-17 00:00:00+09:00,2481.8786768794484,2726.508295568283,2477.43086563056,2499.669921875,1897620,0.0,0.0
2017-01-18 00:00:00+09:00,2530.8048345094085,2539.700457829301,2441.848601310484,2481.87890625,205728,0.0,0.0
2017-01-19 00:00:00+09:00,2508.565381920856,2539.7000586468243,2446.2960284689198,2455.191650390625,230190,0.0,0.0
2017-01-20 00:00:00+09:00,2455.191702510534,2508.5654351738062,2352.8920482392614,2375.131103515625,354043,0.0,0.0
2017-01-23 00:00:00+09:00,2375.131103515625,2401.8179698472613,2357.339859294534,2375.131103515625,114853,0.0,0.0
2017-01-24 00:00:00+09:00,2375.1310622970777,2419.609172077922,2361.7876293628246,2397.3701171875,103055,0.0,0.0
2017-01-25 00:00:00+09:00,2397.3698371844102,2419.608889477401,2357.3395430570267,2361.787353515625,74345,0.0,0.0
2017-01-26 00:00:00+09:00,2343.9968508141064,2397.3705931476343,2343.9968508141064,2379.579345703125,54315,0.0,0.0
2017-01-31 00:00:00+09:00,2361.787353515625,2379.5785953500176,2343.9961116812324,2361.787353515625,59448,0.0,0.0
2017-02-01 00:00:00+09:00,2339.5486302712593,2419.6092297862456,2339.5486302712593,2392.92236328125,60271,0.0,0.0
2017-02-02 00:00:00+09:00,2419.6095805921054,2428.5052040501646,2361.7880281147204,2366.23583984375,70521,0.0,0.0
2017-02-03 00:00:00+09:00,2348.4441245918842,2419.6090980643658,2348.4441245918842,2384.026611328125,100008,0.0,0.0
2017-02-06 00:00:00+09:00,2384.0264718191966,2490.77392578125,2366.2352294921875,2490.77392578125,227073,0.0,0.0
2017-02-07 00:00:00+09:00,2499.6700811162727,2561.9394425675678,2432.9529081327423,2468.535400390625,489098,0.0,0.0
2017-02-08 00:00:00+09:00,2490.7740636384333,2508.5653069501363,2410.7134687357693,2441.84814453125,156951,0.0,0.0
2017-02-09 00:00:00+09:00,2490.774430130256,2490.774430130256,2424.0572578946244,2432.952880859375,124374,0.0,0.0
2017-02-10 00:00:00+09:00,2441.848226968344,2517.461013595779,2366.235440340909,2397.3701171875,202210,0.0,0.0
2017-02-13 00:00:00+09:00,2392.9223219167243,2415.161376953125,2388.474510909444,2415.161376953125,54027,0.0,0.0
2017-02-14 00:00:00+09:00,2415.1614765188547,2446.296154853352,2348.444308659218,2388.474609375,87920,0.0,0.0
2017-02-15 00:00:00+09:00,2406.2660119651223,2446.2963153065016,2361.787897141368,2432.952880859375,110223,0.0,0.0
2017-02-16 00:00:00+09:00,2432.9525955863623,2459.6394613514776,2424.056973664657,2455.191650390625,62868,0.0,0.0
2017-02-17 00:00:00+09:00,2464.0871413352274,2481.8783842329544,2446.2958984375,2446.2958984375,70805,0.0,0.0
2017-02-20 00:00:00+09:00,2450.7438394297724,2472.9828942340355,2437.400406547215,2455.191650390625,28831,0.0,0.0
2017-02-21 00:00:00+09:00,2432.9525955863623,2472.9828942340355,2432.9525955863623,2455.191650390625,46486,0.0,0.0
2017-02-22 00:00:00+09:00,2464.0873754579266,2561.9392206927178,2441.8483197227465,2504.11767578125,371389,0.0,0.0
2017-02-23 00:00:00+09:00,2517.460928605988,2517.460928605988,2441.84814453125,2441.84814453125,169380,0.0,0.0
2017-02-24 00:00:00+09:00,2446.296257520244,2477.430937161411,2437.400634765625,2437.400634765625,55188,0.0,0.0
2017-02-27 00:00:00+09:00,2437.4002769886365,2464.0871413352274,2419.609034090909,2446.2958984375,64159,0.0,0.0
2017-02-28 00:00:00+09:00,2490.773994488743,2490.773994488743,2366.2352947643058,2370.68310546875,142403,0.0,0.0
2017-03-02 00:00:00+09:00,2375.1310622970777,2419.609172077922,2375.1310622970777,2397.3701171875,56627,0.0,0.0
2017-03-03 00:00:00+09:00,2379.5787268776385,2410.7134018087477,2317.3093770154196,2370.68310546875,143347,0.0,0.0
2017-03-06 00:00:00+09:00,2370.68293788465,2401.817610614842,2321.7570235943476,2326.204833984375,87021,0.0,0.0
2017-03-07 00:00:00+09:00,2317.3097139246324,2375.1312614889707,2317.3097139246324,2343.99658203125,41145,0.0,0.0
2017-03-08 00:00:00+09:00,2343.99641067217,2388.474520931604,2326.205166568396,2357.33984375,36167,0.0,0.0
2017-03-09 00:00:00+09:00,2357.3398279690473,2366.235449961383,2339.548583984375,2339.548583984375,55409,0.0,0.0
2017-03-10 00:00:00+09:00,2339.5487134528885,2357.339958422112,2295.0706010298295,2348.4443359375,47112,0.0,0.0
2017-03-13 00:00:00+09:00,2339.5486150734437,2379.5789145708977,2330.652992962898,2375.131103515625,37613,0.0,0.0
2017-03-14 00:00:00+09:00,2370.6831788020345,2392.922233012185,2357.3397462759444,2384.026611328125,34985,0.0,0.0
2017-03-15 00:00:00+09:00,2379.5790146336412,2397.3702596028647,2335.1009022105823,2348.4443359375,69150,0.0,0.0
2017-03-16 00:00:00+09:00,2339.548700865007,2428.5049252324975,2339.548700865007,2406.265869140625,104524,0.0,0.0
2017-03-17 00:00:00+09:00,2432.952751397649,2446.2961851347477,2388.4746389406537,2424.05712890625,126623,0.0,0.0
2017-03-20 00:00:00+09:00,2428.5052761755255,2441.848711758908,2375.1315338419977,2379.579345703125,34370,0.0,0.0
2017-03-21 00:00:00+09:00,2366.2351639742233,2410.7132685602046,2361.787353515625,2361.787353515625,28376,0.0,0.0
2017-03-22 00:00:00+09:00,2357.339656375532,2379.578709737565,2335.100603013498,2352.891845703125,27343,0.0,0.0
2017-03-23 00:00:00+09:00,2352.892204733456,2370.6834501378676,2326.2053366268383,2343.99658203125,35799,0.0,0.0
2017-03-24 00:00:00+09:00,2330.6530189732143,2357.339885602679,2308.413963448661,2335.100830078125,35929,0.0,0.0
2017-03-27 00:00:00+09:00,2303.966265169528,2335.100944428576,2246.144717974154,2250.592529296875,106019,0.0,0.0
2017-03-28 00:00:00+09:00,2241.696991502193,2286.1751064129508,2228.3535570289655,2281.727294921875,58216,0.0,0.0
2017-03-29 00:00:00+09:00,2281.7270349528794,2303.9660898744473,2250.592358062684,2263.935791015625,38440,0.0,0.0
2017-03-30 00:00:00+09:00,2250.5921717365895,2312.861520361713,2250.5921717365895,2259.48779296875,51252,0.0,0.0
2017-03-31 00:00:00+09:00,2259.4881092526907,2277.2793542074364,2250.592486775318,2272.83154296875,28924,0.0,0.0
2017-04-03 00:00:00+09:00,2272.8312590843025,2299.5181231831393,2268.3834484011627,2295.0703125,61516,0.0,0.0
2017-04-04 00:00:00+09:00,2272.83154296875,2335.1009003103595,2259.4881092526907,2272.83154296875,104548,0.0,0.0
2017-04-05 00:00:00+09:00,2263.935863494873,2299.518352508545,2255.040241241455,2277.279296875,51007,0.0,0.0
2017-04-06 00:00:00+09:00,2295.070510137649,2295.070510137649,2215.0099109468006,2241.69677734375,113933,0.0,0.0
2017-04-07 00:00:00+09:00,2219.4577787183152,2241.696834617296,2206.1143451789267,2237.2490234375,33860,0.0,0.0
2017-04-10 00:00:00+09:00,2237.2490511133606,2263.9359185222675,2188.3231275303647,2197.21875,70921,0.0,0.0
2017-04-11 00:00:00+09:00,2161.636203835227,2201.66650390625,2161.636203835227,2201.66650390625,42126,0.0,0.0
2017-04-12 00:00:00+09:00,2201.6666765910823,2215.0101109946645,2183.875430719639,2188.3232421875,16112,0.0,0.0
2017-04-13 00:00:00+09:00,2188.323055228488,2188.323055228488,2143.8449443498603,2183.875244140625,60807,0.0,0.0
2017-04-14 00:00:00+09:00,2166.0837969995823,2197.2184716997813,2126.0535009564687,2161.635986328125,60037,0.0,0.0
2017-04-17 00:00:00+09:00,2157.1883054639475,2188.3229820376537,2139.397061707544,2170.53173828125,45677,0.0,0.0
2017-04-18 00:00:00+09:00,2157.1883054639475,2179.427360159452,2139.397061707544,2170.53173828125,62613,0.0,0.0
2017-04-19 00:00:00+09:00,2157.1886758609694,2197.2189811862245,2157.1886758609694,2179.427734375,23265,0.0,0.0
2017-04-20 00:00:00+09:00,2197.21875,2215.0099949392716,2170.531882591093,2197.21875,18853,0.0,0.0
2017-04-21 00:00:00+09:00,2188.323226717203,2250.592586827042,2179.4276038443686,2246.144775390625,43037,0.0,0.0
2017-04-24 00:00:00+09:00,2228.3532388002345,2263.935725647344,2188.3229410972363,2192.770751953125,61939,0.0,0.0
2017-04-25 00:00:00+09:00,2192.7708248015374,2232.8011238344257,2188.323013797883,2206.1142578125,19762,0.0,0.0
2017-04-26 00:00:00+09:00,2223.9055898981114,2237.2490234375,2210.562156358723,2237.2490234375,25896,0.0,0.0
2017-04-27 00:00:00+09:00,2241.6966796875,2268.383544921875,2219.457625325521,2268.383544921875,30377,0.0,0.0
2017-04-28 00:00:00+09:00,2272.831412984252,2272.831412984252,2241.696736094057,2263.935791015625,20674,0.0,0.0
2017-05-02 00:00:00+09:00,2250.5924569768886,2281.7271352354624,2237.2490234375,2237.2490234375,38473,0.0,0.0
2017-05-04 00:00:00+09:00,2237.2490383652307,2259.4880944125985,2223.90560473681,2255.040283203125,12462,0.0,0.0
2017-05-08 00:00:00+09:00,2255.040340619596,2272.8315859104805,2223.9056613605485,2250.592529296875,30442,0.0,0.0
2017-05-10 00:00:00+09:00,2232.8010824055013,2259.4879479322603,2228.353271484375,2228.353271484375,23219,0.0,0.0
2017-05-11 00:00:00+09:00,2228.3532470703126,2272.8313557942706,2215.009814453125,2268.383544921875,29060,0.0,0.0
2017-05-12 00:00:00+09:00,2281.7269775390623,2281.7269775390623,2237.2488688151043,2268.383544921875,26084,0.0,0.0
2017-05-15 00:00:00+09:00,2268.3836437406994,2281.7270769391744,2223.905533079117,2241.69677734375,44296,0.0,0.0
2017-05-16 00:00:00+09:00,2232.8015009255773,2241.697124435241,2197.2190068869227,2215.01025390625,71633,0.0,0.0
2017-05-17 00:00:00+09:00,2201.6664468088456,2232.8011238344257,2183.8752027942287,2206.1142578125,28296,0.0,0.0
2017-05-18 00:00:00+09:00,2183.875244140625,2241.696788282841,2166.083999789174,2183.875244140625,53956,0.0,0.0
2017-05-19 00:00:00+09:00,2166.084071356275,2206.114372469636,2139.3972039473683,2197.21875,40245,0.0,0.0
2017-05-22 00:00:00+09:00,2197.218546299847,2215.009789589724,2103.8145190279906,2174.9794921875,220333,0.0,0.0
2017-05-23 00:00:00+09:00,2170.5318108770366,2206.114299579939,2152.7405665255856,2183.875244140625,56473,0.0,0.0
2017-05-24 00:00:00+09:00,2179.4274330527624,2197.2186774042134,2166.083999789174,2183.875244140625,23374,0.0,0.0
2017-05-25 00:00:00+09:00,2219.458039700255,2219.458039700255,2170.5321109693878,2179.427734375,29999,0.0,0.0
2017-05-26 00:00:00+09:00,2179.4274175436344,2192.7708507122693,2152.7405512063656,2166.083984375,41851,0.0,0.0
2017-05-29 00:00:00+09:00,2166.0838948567707,2183.875138346354,2134.94921875,2134.94921875,26611,0.0,0.0
2017-05-30 00:00:00+09:00,2139.397118037731,2166.083984375,2139.397118037731,2166.083984375,30499,0.0,0.0
2017-05-31 00:00:00+09:00,2183.875171098553,2183.875171098553,2143.8448726466445,2170.53173828125,29480,0.0,0.0
2017-06-01 00:00:00+09:00,2152.740364985211,2179.4272290139534,2143.844743642297,2161.635986328125,39703,0.0,0.0
2017-06-02 00:00:00+09:00,2183.8751138324387,2188.322924654908,2134.949194785276,2174.9794921875,68896,0.0,0.0
2017-06-05 00:00:00+09:00,2174.9795166015624,2188.3229492187497,2108.262353515625,2134.94921875,174355,0.0,0.0
2017-06-07 00:00:00+09:00,2139.3973160410314,2206.114488058943,2134.9495045731705,2188.3232421875,66899,0.0,0.0
2017-06-08 00:00:00+09:00,2183.875130241348,2219.4576170884575,2157.1882651060155,2192.770751953125,55396,0.0,0.0
2017-06-09 00:00:00+09:00,2188.3230856243736,2219.457763671875,2161.6362187265154,2219.457763671875,65464,0.0,0.0
2017-06-12 00:00:00+09:00,2219.4577787183152,2246.1446457970924,2188.3231004597415,2237.2490234375,71182,0.0,0.0
2017-06-13 00:00:00+09:00,2223.9056613605485,2286.175019878644,2215.0100387151065,2250.592529296875,91319,0.0,0.0
2017-06-14 00:00:00+09:00,2250.5923260900076,2263.935758853387,2219.457649642122,2228.353271484375,29263,0.0,0.0
2017-06-15 00:00:00+09:00,2250.592268620829,2250.592268620829,2192.770728122666,2232.801025390625,18508,0.0,0.0
2017-06-16 00:00:00+09:00,2232.8011238344257,2246.1445568453883,2188.323013797883,2206.1142578125,62085,0.0,0.0
2017-06-19 00:00:00+09:00,2192.770525987959,2215.0095779756666,2179.4270947953346,2210.561767578125,14281,0.0,0.0
2017-06-20 00:00:00+09:00,2210.561767578125,2246.144250758457,2188.3227155904174,2210.561767578125,27682,0.0,0.0
2017-06-21 00:00:00+09:00,2210.5620367331585,2210.5620367331585,2148.2926835857456,2170.53173828125,46058,0.0,0.0
2017-06-22 00:00:00+09:00,2170.53173828125,2201.6664148549567,2139.397061707544,2170.53173828125,47104,0.0,0.0
2017-06-23 00:00:00+09:00,2166.08366360271,2215.0095779756666,2161.6358532051686,2210.561767578125,23759,0.0,0.0
2017-06-26 00:00:00+09:00,2215.0101109946645,2215.0101109946645,2183.875430719639,2188.3232421875,33830,0.0,0.0
2017-06-27 00:00:00+09:00,2188.3229820376537,2201.6664148549567,2170.53173828125,2170.53173828125,21865,0.0,0.0
2017-06-28 00:00:00+09:00,2179.4274330527624,2206.114299579939,2148.292755437723,2183.875244140625,24731,0.0,0.0
2017-06-29 00:00:00+09:00,2183.875430719639,2232.8013568661077,2166.084184848196,2188.3232421875,55149,0.0,0.0
2017-06-30 00:00:00+09:00,2166.084184848196,2192.771053655361,2157.1885619124746,2188.3232421875,16358,0.0,0.0
2017-07-03 00:00:00+09:00,2192.770792976755,2197.2186039158555,2161.636116403048,2170.53173828125,23951,0.0,0.0
2017-07-04 00:00:00+09:00,2170.531590378631,2188.322832922718,2143.8447265625,2143.8447265625,29502,0.0,0.0
2017-07-05 00:00:00+09:00,2143.844743642297,2179.4272290139534,2139.3969329708398,2161.635986328125,37465,0.0,0.0
2017-07-06 00:00:00+09:00,2152.7404542501267,2197.2185628090137,2134.949210826572,2192.770751953125,67210,0.0,0.0
2017-07-07 00:00:00+09:00,2197.2184101562502,2241.696515625,2166.0837363281253,2223.9052734375,69417,0.0,0.0
2017-07-10 00:00:00+09:00,2215.0101109946645,2241.696979801829,2174.9798077839177,2188.3232421875,22664,0.0,0.0
2017-07-11 00:00:00+09:00,2206.1140930426955,2206.1140930426955,2143.844743642297,2161.635986328125,47142,0.0,0.0
2017-07-12 00:00:00+09:00,2161.636083984375,2166.0838948567707,2134.94921875,2134.94921875,42978,0.0,0.0
2017-07-13 00:00:00+09:00,2134.949405535343,2166.0840843660667,2112.7103492276833,2139.397216796875,56437,0.0,0.0
2017-07-14 00:00:00+09:00,2130.5015644613836,2139.3971868599697,2081.57564126916,2103.814697265625,96383,0.0,0.0
2017-07-17 00:00:00+09:00,2094.918775341179,2121.605638721321,2063.7841013976795,2108.26220703125,118017,0.0,0.0
2017-07-18 00:00:00+09:00,2059.3365704957355,2126.0537380063965,2059.3365704957355,2086.0234375,59001,0.0,0.0
2017-07-19 00:00:00+09:00,2086.0232668084614,2099.36669921875,2068.232023594743,2099.36669921875,34646,0.0,0.0
2017-07-20 00:00:00+09:00,2099.3670148026313,2134.9495065789474,2099.3670148026313,2112.71044921875,19901,0.0,0.0
2017-07-21 00:00:00+09:00,2112.710017594607,2134.9490704113923,2099.366585904536,2108.26220703125,9089,0.0,0.0
2017-07-24 00:00:00+09:00,2117.1580576795213,2117.1580576795213,2077.1277582696143,2090.47119140625,36613,0.0,0.0
2017-07-25 00:00:00+09:00,2081.575308476395,2108.2621714055795,2063.7840665236054,2072.6796875,32364,0.0,0.0
2017-07-26 00:00:00+09:00,2099.366607862903,2099.366607862903,2059.336312373992,2068.23193359375,38679,0.0,0.0
2017-07-27 00:00:00+09:00,2099.366607862903,2099.366607862903,2054.888501764113,2068.23193359375,19313,0.0,0.0
2017-07-28 00:00:00+09:00,2068.2324797531655,2068.2324797531655,2032.6499854778422,2063.78466796875,46180,0.0,0.0
2017-07-31 00:00:00+09:00,2045.9930093181208,2081.575496436697,2023.7539548690108,2077.127685546875,23950,0.0,0.0
2017-08-01 00:00:00+09:00,2037.0972035944208,2077.1274979881973,2037.0972035944208,2072.6796875,19217,0.0,0.0
2017-08-02 00:00:00+09:00,2081.575308476395,2081.575308476395,2050.440635059013,2072.6796875,32004,0.0,0.0
2017-08-03 00:00:00+09:00,2063.7842696340463,2081.575513337788,2028.2017822265625,2028.2017822265625,35702,0.0,0.0
2017-08-04 00:00:00+09:00,2032.6493931062232,2081.575308476395,2028.201582618026,2072.6796875,27297,0.0,0.0
2017-08-07 00:00:00+09:00,2090.471118216341,2090.471118216341,2045.9930093181208,2077.127685546875,8881,0.0,0.0
2017-08-08 00:00:00+09:00,2081.575496436697,2086.023307326519,2050.440820207943,2077.127685546875,23919,0.0,0.0
2017-08-09 00:00:00+09:00,2077.1276441444716,2090.471076547969,1983.7236173199876,2032.6495361328125,112301,0.0,0.0
2017-08-10 00:00:00+09:00,2028.2019544184602,2032.6497657220095,1970.38040747232,2014.8585205078125,49938,0.0,0.0
2017-08-11 00:00:00+09:00,2010.4106058664452,2010.4106058664452,1943.6934397425587,1965.9324951171875,36060,0.0,0.0
2017-08-14 00:00:00+09:00,1965.9323478488748,1979.2757800740933,1934.797672656698,1939.2454833984375,34053,0.0,0.0
2017-08-16 00:00:00+09:00,1939.245741679595,1952.5891756819776,1872.5285716676824,1881.4241943359375,84268,0.0,0.0
2017-08-17 00:00:00+09:00,1894.7674155534005,1925.9020913958275,1881.4239830495035,1917.0064697265625,27143,0.0,0.0
2017-08-18 00:00:00+09:00,1899.215525356559,1917.0067714957304,1885.8720907521804,1912.5589599609375,4637,0.0,0.0
2017-08-21 00:00:00+09:00,1912.5589867160745,1952.5892910892017,1903.6633635220462,1948.1414794921875,35641,0.0,0.0
2017-08-22 00:00:00+09:00,1930.3498619149584,1979.2757800740933,1917.00642968974,1939.2454833984375,41043,0.0,0.0
2017-08-23 00:00:00+09:00,1952.5892775575137,1952.5892775575137,1903.663350329421,1930.3502197265625,23774,0.0,0.0
2017-08-24 00:00:00+09:00,1925.902364604837,2032.649839779239,1908.1111187424367,1952.5892333984375,89994,0.0,0.0
2017-08-25 00:00:00+09:00,1952.58885852805,1961.4844797514124,1930.349805469644,1943.6932373046875,13862,0.0,0.0
2017-08-28 00:00:00+09:00,1948.1411216042256,1970.3801755038173,1930.3498784845524,1957.0367431640625,25257,0.0,0.0
2017-08-29 00:00:00+09:00,1979.2758219765976,1997.0670653202076,1925.902091945768,1983.7236328125,37612,0.0,0.0
2017-08-30 00:00:00+09:00,2005.9627284181902,2005.9627284181902,1943.693375429599,1961.484619140625,16429,0.0,0.0
2017-08-31 00:00:00+09:00,1997.067106562677,1997.067106562677,1925.9021317185727,1961.484619140625,33988,0.0,0.0
2017-09-01 00:00:00+09:00,1992.6195138888888,2081.5757421875,1934.7979654947915,2001.51513671875,100762,0.0,0.0
2017-09-04 00:00:00+09:00,1930.350176070437,2001.5151595200384,1930.350176070437,1952.5892333984375,51083,0.0,0.0
2017-09-05 00:00:00+09:00,1957.0367263653957,1974.8279693323539,1921.4542404314793,1939.2454833984375,93684,0.0,0.0
2017-09-06 00:00:00+09:00,1930.3501621991738,1992.6195222701149,1930.3501621991738,1934.7979736328125,49590,0.0,0.0
2017-09-07 00:00:00+09:00,1939.2457990016374,1965.9326677952379,1934.7979875360372,1952.5892333984375,21348,0.0,0.0
2017-09-08 00:00:00+09:00,1952.5888985527888,1979.2757627699111,1894.7673594156902,1921.4542236328125,57657,0.0,0.0
2017-09-11 00:00:00+09:00,1921.4546099101028,1957.0371026862158,1908.1111751190604,1948.1414794921875,32031,0.0,0.0
2017-09-12 00:00:00+09:00,1952.5889156236562,1957.0367263653957,1921.4542404314793,1939.2454833984375,10575,0.0,0.0
2017-09-13 00:00:00+09:00,1939.2454833984375,1948.1411048819166,1921.4542404314793,1939.2454833984375,18526,0.0,0.0
2017-09-14 00:00:00+09:00,1939.2455645018424,1961.484619140625,1921.4543207908164,1961.484619140625,13860,0.0,0.0
2017-09-15 00:00:00+09:00,1961.48491428323,1965.932725880244,1930.3502331041311,1948.1414794921875,8897,0.0,0.0
2017-09-18 00:00:00+09:00,1948.1411048819166,1952.5889156236562,1921.4542404314793,1939.2454833984375,20975,0.0,0.0
2017-09-19 00:00:00+09:00,1930.3501621991738,1952.589219367367,1912.5589164646192,1934.7979736328125,36099,0.0,0.0
2017-09-20 00:00:00+09:00,1934.7978813223053,1974.8281823151806,1912.5588252151524,1970.38037109375,34451,0.0,0.0
2017-09-21 00:00:00+09:00,1943.6936407044877,1957.0370753088664,1908.1111484261448,1912.5589599609375,23552,0.0,0.0
2017-09-25 00:00:00+09:00,1868.080692997685,1876.9763153452932,1801.363525390625,1801.363525390625,64541,0.0,0.0
2017-09-26 00:00:00+09:00,1783.5722241331202,1819.1547123951277,1783.5722241331202,1805.811279296875,28252,0.0,0.0
2017-09-27 00:00:00+09:00,1805.8112870758655,1863.6328307507085,1783.5722318163105,1814.7069091796875,32648,0.0,0.0
2017-09-28 00:00:00+09:00,1814.7069245866203,1854.737224393678,1801.363491317601,1832.4981689453125,9915,0.0,0.0
2017-09-29 00:00:00+09:00,1832.4983051006611,1854.7373622013972,1796.9158137394832,1850.28955078125,17580,0.0,0.0
2017-10-10 00:00:00+09:00,1850.289421044686,1872.5284765860883,1828.0503655032835,1841.393798828125,28330,0.0,0.0
2017-10-11 00:00:00+09:00,1841.3937496487185,1868.0806155856565,1828.0503166802496,1854.7371826171875,5875,0.0,0.0
2017-10-12 00:00:00+09:00,1828.050493680514,1854.7373622013972,1819.1548708402195,1850.28955078125,34837,0.0,0.0
2017-10-13 00:00:00+09:00,1836.9458093114645,1850.2892413403613,1823.6023772825677,1845.8414306640625,14212,0.0,0.0
2017-10-16 00:00:00+09:00,1845.841602214332,1859.1850354833512,1810.259113496947,1832.4981689453125,19856,0.0,0.0
2017-10-17 00:00:00+09:00,1832.4979986351655,1854.7370520166603,1810.2589452536708,1845.8414306640625,17850,0.0,0.0
2017-10-18 00:00:00+09:00,1845.841568466587,1863.6328125,1801.3634583830549,1863.6328125,20263,0.0,0.0
2017-10-19 00:00:00+09:00,1845.8414084956332,1961.4844846905403,1836.945787249871,1885.8717041015625,88027,0.0,0.0
2017-10-20 00:00:00+09:00,1885.8718341952758,1912.5586997735109,1868.0805904764525,1894.7674560546875,9478,0.0,0.0
2017-10-23 00:00:00+09:00,1872.5284014061583,1908.110888843805,1872.5284014061583,1894.7674560546875,13153,0.0,0.0
2017-10-24 00:00:00+09:00,1894.7673253473247,1908.1107572159679,1859.1848403642764,1885.8717041015625,17560,0.0,0.0
2017-10-25 00:00:00+09:00,1881.4240800206803,1948.1412459788603,1872.528457892923,1890.3197021484375,20839,0.0,0.0
2017-10-26 00:00:00+09:00,1890.3196289641032,1899.2152507474636,1850.289330938981,1876.9761962890625,20650,0.0,0.0
2017-10-27 00:00:00+09:00,1876.9762455250595,1908.110922583532,1845.841568466587,1863.6328125,31389,0.0,0.0
2017-10-30 00:00:00+09:00,1876.9763031735945,1885.8719254635168,1841.3938140139055,1859.18505859375,12951,0.0,0.0
2017-10-31 00:00:00+09:00,1859.1848403642764,1908.1107572159679,1836.945787249871,1885.8717041015625,53151,0.0,0.0
2017-11-01 00:00:00+09:00,1885.8718341952758,1908.110888843805,1863.6327795467466,1894.7674560546875,13069,0.0,0.0
2017-11-02 00:00:00+09:00,1908.1109305991129,1908.1109305991129,1854.7371982746622,1872.5284423828125,37550,0.0,0.0
2017-11-03 00:00:00+09:00,1872.5282722329193,1903.6629465930866,1868.0804616100384,1885.8717041015625,6355,0.0,0.0
2017-11-06 00:00:00+09:00,1885.8717041015625,1894.7673253473247,1863.6326509871574,1885.8717041015625,25603,0.0,0.0
2017-11-07 00:00:00+09:00,1881.4240644368876,1890.3196864909628,1863.6328203287374,1872.5284423828125,6310,0.0,0.0
2017-11-08 00:00:00+09:00,1872.5284423828125,1885.871875463925,1850.2893872476247,1872.5284423828125,18305,0.0,0.0
2017-11-09 00:00:00+09:00,1859.1849527223414,1881.4240071807426,1832.49808737226,1876.9761962890625,30059,0.0,0.0
2017-11-10 00:00:00+09:00,1868.0806313557748,1899.2153085450377,1828.0503321124368,1872.5284423828125,20399,0.0,0.0
2017-11-13 00:00:00+09:00,1872.5286078819863,1876.9764193021335,1841.3939279409556,1850.28955078125,8578,0.0,0.0
2017-11-14 00:00:00+09:00,1850.289564732143,1868.0808105468752,1836.946130371094,1868.080810546875,40195,0.0,0.0
2017-11-15 00:00:00+09:00,1868.0806808836724,1885.8719254635168,1819.1547582891,1859.18505859375,56218,0.0,0.0
2017-11-16 00:00:00+09:00,1868.0806155856565,1876.9762375646358,1841.3937496487185,1854.7371826171875,15203,0.0,0.0
2017-11-17 00:00:00+09:00,1854.7374231013284,1939.245842858943,1845.841799968948,1930.3502197265625,40269,0.0,0.0
2017-11-20 00:00:00+09:00,1930.3502197265625,1930.3502197265625,1903.663350329421,1930.3502197265625,24072,0.0,0.0
2017-11-21 00:00:00+09:00,1917.0064697265625,1934.7977130650922,1908.1108480572977,1917.0064697265625,4968,0.0,0.0
2017-11-22 00:00:00+09:00,1912.5589599609375,1943.6936407044877,1881.4242792173875,1912.5589599609375,23736,0.0,0.0
2017-11-23 00:00:00+09:00,1890.3195147244437,1917.0063784617298,1881.4238934786815,1885.8717041015625,13276,0.0,0.0
2017-11-24 00:00:00+09:00,1890.3199022869733,1957.0370753088664,1868.0808446130088,1912.5589599609375,23091,0.0,0.0
2017-11-27 00:00:00+09:00,1934.798017634902,1939.2458291696948,1868.0808446130088,1912.5589599609375,30517,0.0,0.0
2017-11-28 00:00:00+09:00,1912.5587416261505,1925.9021747072632,1868.0806313557748,1872.5284423828125,22082,0.0,0.0
2017-11-29 00:00:00+09:00,1872.5282947218561,1885.871726750753,1819.1545666062686,1845.8414306640625,38626,0.0,0.0
2017-11-30 00:00:00+09:00,1845.84175327846,1939.2457938058037,1828.0505074637279,1868.080810546875,49078,0.0,0.0
2017-12-01 00:00:00+09:00,1872.5286220005582,1890.3198678152903,1859.185187639509,1868.080810546875,16862,0.0,0.0
2017-12-04 00:00:00+09:00,1868.0805745057019,1912.5586834225044,1854.7371418306614,1876.9761962890625,31889,0.0,0.0
2017-12-05 00:00:00+09:00,1872.5285716676824,1894.76762833832,1859.1851376652999,1881.4241943359375,12509,0.0,0.0
2017-12-06 00:00:00+09:00,1881.4240800206803,1899.215324276195,1872.528457892923,1890.3197021484375,27763,0.0,0.0
2017-12-07 00:00:00+09:00,1890.3197021484375,1908.1109464039523,1841.393780445772,1890.3197021484375,59013,0.0,0.0
2017-12-08 00:00:00+09:00,1890.3197210192104,1925.9022098854543,1841.393798828125,1841.393798828125,31437,0.0,0.0
2017-12-11 00:00:00+09:00,1841.3938140139055,1868.0806808836724,1832.4981917239834,1859.18505859375,34476,0.0,0.0
2017-12-12 00:00:00+09:00,1854.7371826171875,1859.1849936066772,1819.1546947012703,1854.7371826171875,70734,0.0,0.0
2017-12-13 00:00:00+09:00,1850.289421044686,1868.080665477808,1819.1547432867224,1841.393798828125,26659,0.0,0.0
2017-12-14 00:00:00+09:00,1841.3937496487185,1872.528426575146,1832.4981276697392,1854.7371826171875,18515,0.0,0.0
2017-12-15 00:00:00+09:00,1854.7371585595347,1863.6327804231296,1779.124372718978,1828.05029296875,70501,0.0,0.0
2017-12-18 00:00:00+09:00,1828.0503655032835,1841.393798828125,1796.91568774532,1841.393798828125,71125,0.0,0.0
2017-12-19 00:00:00+09:00,1841.3937754911535,1854.7372086468865,1801.3634760239545,1814.7069091796875,55085,0.0,0.0
2017-12-21 00:00:00+09:00,1805.8112714408649,1810.259082454266,1779.124405360458,1796.9156494140625,16717,0.0,0.0
2017-12-22 00:00:00+09:00,1796.915729102995,1819.15478515625,1765.7810506284384,1819.15478515625,25390,0.0,0.0
2017-12-26 00:00:00+09:00,1823.6025658509975,1828.0503769872196,1779.1244544887782,1783.572265625,19923,0.0,0.0
2017-12-27 00:00:00+09:00,1829.1878194926696,1847.43408203125,1806.3799913194443,1847.43408203125,14564,50.0,0.0
2017-12-28 00:00:00+09:00,1842.8726749654486,1865.6805051011595,1810.9417127754532,1856.557373046875,19051,0.0,0.0
2018-01-02 00:00:00+09:00,1856.557125035728,1870.2418212890625,1829.1877325290586,1870.2418212890625,9962,0.0,0.0
2018-01-03 00:00:00+09:00,1865.680419921875,1865.680419921875,1842.8725908274757,1865.680419921875,3555,0.0,0.0
2018-01-04 00:00:00+09:00,1865.6802558712843,1870.2418212890625,1829.1877325290586,1870.2418212890625,21981,0.0,0.0
2018-01-05 00:00:00+09:00,1870.2419102044753,1870.2419102044753,1829.1878194926696,1847.43408203125,7379,0.0,0.0
2018-01-08 00:00:00+09:00,1847.43408773547,2189.551511390187,1769.8874717070676,1952.35009765625,782550,0.0,0.0
2018-01-09 00:00:00+09:00,1966.0346792501296,1970.5962446312203,1902.1727639148587,1924.9805908203125,105185,0.0,0.0
2018-01-10 00:00:00+09:00,1888.488243917817,1938.6654677900297,1870.241980691558,1879.3651123046875,54367,0.0,0.0
2018-01-11 00:00:00+09:00,1874.803471284754,1897.6112994025734,1842.8725119198068,1861.1187744140625,68114,0.0,0.0
2018-01-12 00:00:00+09:00,1870.242082781328,1874.803648836892,1815.5032901145573,1829.18798828125,69978,0.0,0.0
2018-01-15 00:00:00+09:00,1829.1878240025458,1851.995652232004,1779.0106018977378,1833.7493896484375,91935,0.0,0.0
2018-01-16 00:00:00+09:00,1833.7493896484375,1851.995652232004,1815.5031270648708,1833.7493896484375,14166,0.0,0.0
2018-01-17 00:00:00+09:00,1833.7493056495591,1842.8724365234375,1820.0646093387415,1842.8724365234375,18933,0.0,0.0
2018-01-18 00:00:00+09:00,1842.8724287823932,1874.8033867068407,1829.1877325290586,1870.2418212890625,20012,0.0,0.0
2018-01-19 00:00:00+09:00,1879.3650700382111,1883.9266357421875,1842.8725444064014,1883.9266357421875,30311,0.0,0.0
2018-01-22 00:00:00+09:00,1929.5422587675207,1929.5422587675207,1861.1187744140625,1861.1187744140625,41284,0.0,0.0
2018-01-23 00:00:00+09:00,1883.9267153532608,1902.1729789402173,1851.995754076087,1888.48828125,11056,0.0,0.0
2018-01-24 00:00:00+09:00,1888.4882388930723,1906.7345020707833,1861.118844126506,1893.0498046875,19401,0.0,0.0
2018-01-25 00:00:00+09:00,1893.049799722918,1906.7344970703125,1879.3651023755233,1906.7344970703125,16962,0.0,0.0
2018-01-26 00:00:00+09:00,1911.2960628527774,1920.419194417707,1870.2419708105936,1906.7344970703125,11190,0.0,0.0
2018-01-29 00:00:00+09:00,1920.4191797332408,1952.350139966335,1897.6113509953161,1947.78857421875,83199,0.0,0.0
2018-01-30 00:00:00+09:00,1961.473152592497,1970.5962835347877,1902.1728014676075,1934.103759765625,77842,0.0,0.0
2018-01-31 00:00:00+09:00,1934.103759765625,1943.2268907079156,1906.7343669387528,1934.103759765625,21751,0.0,0.0
2018-02-01 00:00:00+09:00,1952.35009765625,1952.35009765625,1906.7344411689544,1952.35009765625,44461,0.0,0.0
2018-02-02 00:00:00+09:00,1952.35009765625,1970.596360251168,1897.6113098714952,1952.35009765625,49434,0.0,0.0
2018-02-05 00:00:00+09:00,1911.2959697884571,1943.2269287109375,1906.734404228103,1943.2269287109375,25779,0.0,0.0
2018-02-07 00:00:00+09:00,1961.4732813891776,1961.4732813891776,1902.172926370435,1920.419189453125,40306,0.0,0.0
2018-02-08 00:00:00+09:00,1920.419206571031,1984.2811279296875,1915.8576407596984,1984.2811279296875,68014,0.0,0.0
2018-02-09 00:00:00+09:00,1961.4733461880076,2007.089005401682,1938.66551658117,1966.034912109375,38682,0.0,0.0
2018-02-12 00:00:00+09:00,1975.1581603722639,1993.4044251332086,1956.9118956113193,1979.7197265625,89452,0.0,0.0
2018-02-13 00:00:00+09:00,1984.2812187727106,2020.773746934048,1943.2271245912063,1961.473388671875,63097,0.0,0.0
2018-02-14 00:00:00+09:00,1961.4732618089636,1997.9657876100605,1920.4191702827293,1975.157958984375,76792,0.0,0.0
2018-02-19 00:00:00+09:00,1956.9116960838264,1984.281090434649,1934.1038674581407,1975.157958984375,35914,0.0,0.0
2018-02-20 00:00:00+09:00,1975.1579589843748,1979.719524709512,1952.3501303586893,1975.157958984375,29942,0.0,0.0
2018-02-21 00:00:00+09:00,1988.8424524377895,1988.8424524377895,1952.3499303747108,1970.59619140625,22652,0.0,0.0
2018-02-22 00:00:00+09:00,1961.4731328525413,2034.4581796563566,1952.3500020020642,2002.5272216796875,87861,0.0,0.0
2018-02-23 00:00:00+09:00,2002.5271726873423,2198.6744811738017,1988.8424767464267,2034.4581298828125,728894,0.0,0.0
2018-02-26 00:00:00+09:00,2048.14306640625,2057.266198105164,2011.6505396105931,2048.14306640625,110266,0.0,0.0
2018-02-27 00:00:00+09:00,2020.7736713095073,2057.266198105164,2007.088973761136,2048.14306640625,106105,0.0,0.0
2018-02-28 00:00:00+09:00,2048.1431183845766,2134.8128717237905,2043.581552419355,2121.128173828125,233079,0.0,0.0
2018-03-07 00:00:00+09:00,2075.5124256559902,2075.5124256559902,1902.172926370435,1920.419189453125,660997,0.0,0.0
2018-03-08 00:00:00+09:00,1920.419138115143,1966.0347946024385,1915.8575724664136,1952.35009765625,43092,0.0,0.0
2018-03-09 00:00:00+09:00,1952.350059831646,1961.4731909523546,1920.4191009091658,1943.2269287109375,64727,0.0,0.0
2018-03-12 00:00:00+09:00,1947.7887155193173,1997.9659423828125,1938.665583362318,1997.9659423828125,175749,0.0,0.0
2018-03-13 00:00:00+09:00,1993.4042595523529,2002.527391175018,1952.3501672503594,1984.2811279296875,108145,0.0,0.0
2018-03-14 00:00:00+09:00,1979.7193219220198,1979.7193219220198,1952.3499303747108,1970.59619140625,42185,0.0,0.0
2018-03-15 00:00:00+09:00,1970.5963220730632,1970.5963220730632,1893.04970754704,1943.2269287109375,98575,0.0,0.0
2018-03-16 00:00:00+09:00,1943.2270084711652,1984.2811001994291,1924.9807454808256,1947.78857421875,51465,0.0,0.0
2018-03-19 00:00:00+09:00,1952.350059831646,1966.034756512709,1934.1037975902289,1943.2269287109375,40231,0.0,0.0
2018-03-20 00:00:00+09:00,1943.2271245912063,1988.8427847928779,1929.542426530705,1961.473388671875,84298,0.0,0.0
2018-03-21 00:00:00+09:00,1979.7195723384687,1979.7195723384687,1947.7886114942999,1956.9117431640625,34383,0.0,0.0
2018-03-22 00:00:00+09:00,1938.6654798245374,1970.5964406687062,1938.6654798245374,1956.9117431640625,84176,0.0,0.0
2018-03-23 00:00:00+09:00,1938.6654575475666,1956.911720677426,1906.7344970703125,1906.7344970703125,44816,0.0,0.0
2018-03-26 00:00:00+09:00,1883.9266998074577,1943.2270559757312,1883.9266998074577,1929.5423583984375,44072,0.0,0.0
2018-03-27 00:00:00+09:00,1934.103721582494,1943.2268523446758,1911.2958946770402,1924.9805908203125,27751,0.0,0.0
2018-03-28 00:00:00+09:00,1924.9807175520211,1924.9807175520211,1883.9266264193952,1911.2960205078125,81208,0.0,0.0
2018-03-29 00:00:00+09:00,1888.488243917817,1920.4192045637706,1851.9957174652989,1879.3651123046875,127737,0.0,0.0
2018-03-30 00:00:00+09:00,1879.3650324095195,1902.1728604727418,1851.9956387336526,1874.803466796875,79182,0.0,0.0
2018-04-02 00:00:00+09:00,1874.8035515596348,1888.4882490162745,1851.9957224652355,1865.680419921875,85080,0.0,0.0
2018-04-03 00:00:00+09:00,1861.1188858695652,1888.48828125,1838.3110563858695,1888.48828125,46477,0.0,0.0
2018-04-04 00:00:00+09:00,1888.4882490162745,1911.296078110674,1856.5572882841152,1865.680419921875,35444,0.0,0.0
2018-04-05 00:00:00+09:00,1865.680335571586,1893.049729247453,1861.1187699589416,1874.803466796875,46080,0.0,0.0
2018-04-06 00:00:00+09:00,1874.803466796875,1888.4881636348084,1847.4340731210082,1874.803466796875,74181,0.0,0.0
2018-04-09 00:00:00+09:00,1879.365010865977,1970.5963220730632,1861.1187486245597,1943.2269287109375,248608,0.0,0.0
2018-04-10 00:00:00+09:00,1920.4192528957003,1984.2811757948448,1902.1729892102305,1966.034912109375,222076,0.0,0.0
2018-04-11 00:00:00+09:00,1975.157756664135,1988.8424524377895,1938.6652346010562,1970.59619140625,120041,0.0,0.0
2018-04-12 00:00:00+09:00,1988.8426228460864,2016.2120167384637,1938.6654007100612,1952.35009765625,102641,0.0,0.0
2018-04-13 00:00:00+09:00,1961.4731138690388,1961.4731138690388,1920.4190254392217,1924.9805908203125,125931,0.0,0.0
2018-04-16 00:00:00+09:00,1924.9806664695202,1952.350059831646,1924.9806664695202,1943.2269287109375,44492,0.0,0.0
2018-04-17 00:00:00+09:00,1943.2269663587908,1975.1579258998977,1943.2269663587908,1952.35009765625,54503,0.0,0.0
2018-04-18 00:00:00+09:00,1966.034912109375,1997.9658735589471,1947.788648423905,1966.034912109375,70563,0.0,0.0
2018-04-19 00:00:00+09:00,1970.5963172079694,2093.7585870334674,1970.5963172079694,2089.197021484375,424134,0.0,0.0
2018-04-20 00:00:00+09:00,2244.290626210615,2467.807375568989,2089.197371553784,2207.798095703125,3323751,0.0,0.0
2018-04-23 00:00:00+09:00,2262.5366847826085,2262.5366847826085,2143.9359714673915,2203.236328125,508720,0.0,0.0
2018-04-24 00:00:00+09:00,2175.866932744565,2271.659816576087,2166.743800951087,2203.236328125,324325,0.0,0.0
2018-04-25 00:00:00+09:00,2166.7439693697806,2244.290595641962,2148.4977043645617,2184.990234375,147846,0.0,0.0
2018-04-26 00:00:00+09:00,2162.182403118476,2207.798065631524,2134.813005610647,2184.990234375,132805,0.0,0.0
2018-04-27 00:00:00+09:00,2207.7980035647656,2207.7980035647656,2134.8129455956823,2139.37451171875,123944,0.0,0.0
2018-04-30 00:00:00+09:00,2148.497733628454,2248.852192524051,2098.320504180656,2207.798095703125,405280,0.0,0.0
2018-05-02 00:00:00+09:00,2226.0442095127755,2308.1523975685745,2221.4826435096757,2276.221435546875,368730,0.0,0.0
2018-05-03 00:00:00+09:00,2276.2213183987524,2280.7828841670866,2198.6747003370715,2262.53662109375,188089,0.0,0.0
2018-05-04 00:00:00+09:00,2244.290074430961,2280.7825959664237,2207.797552895498,2267.097900390625,172521,0.0,0.0
2018-05-08 00:00:00+09:00,2289.90593936579,2289.90593936579,2207.7977582729927,2244.290283203125,153884,0.0,0.0
2018-05-09 00:00:00+09:00,2212.3592224760873,2248.851745733425,2107.443218111242,2175.86669921875,109080,0.0,0.0
2018-05-10 00:00:00+09:00,2184.9901343252145,2326.398681640625,2148.4976059857536,2326.398681640625,380719,0.0,0.0
2018-05-11 00:00:00+09:00,2299.0292119565215,2330.9601732336955,2257.9751188858695,2308.15234375,180583,0.0,0.0
2018-05-14 00:00:00+09:00,2312.713847430455,2385.698899814848,2299.0291501083816,2367.45263671875,276277,0.0,0.0
2018-05-15 00:00:00+09:00,2390.2604557291666,2422.191416015625,2326.39853515625,2394.822021484375,290209,0.0,0.0
2018-05-16 00:00:00+09:00,2271.65966796875,2362.8909799353664,2216.9208807887803,2271.65966796875,221032,0.0,0.0
2018-05-17 00:00:00+09:00,2267.0979287455402,2376.57549472118,2244.290102500615,2317.275146484375,239105,0.0,0.0
2018-05-18 00:00:00+09:00,2317.275181225634,2344.6445731298736,2294.467354638767,2340.0830078125,150219,0.0,0.0
2018-05-21 00:00:00+09:00,2372.0140844537304,2372.0140844537304,2308.1521667953607,2353.767822265625,86024,0.0,0.0
2018-05-23 00:00:00+09:00,2353.767926341509,2353.767926341509,2262.536611367032,2289.906005859375,242557,0.0,0.0
2018-05-24 00:00:00+09:00,2299.029061558735,2326.39845514872,2239.7287087804343,2271.65966796875,106229,0.0,0.0
2018-05-25 00:00:00+09:00,2143.935824424342,2207.797742598684,2098.320168585526,2166.74365234375,163253,0.0,0.0
2018-05-28 00:00:00+09:00,2226.04416796875,2299.02922265625,2212.359470214844,2280.782958984375,212985,0.0,0.0
2018-05-29 00:00:00+09:00,2303.5906271570657,2303.5906271570657,2239.7287087804343,2271.65966796875,43799,0.0,0.0
2018-05-30 00:00:00+09:00,2271.6598057659126,2299.0292010161043,2216.921015265529,2230.605712890625,89384,0.0,0.0
2018-05-31 00:00:00+09:00,2216.9208807887803,2280.7827991654117,2216.9208807887803,2271.65966796875,68669,0.0,0.0
2018-06-01 00:00:00+09:00,2271.659795217803,2294.467624487058,2230.605702533144,2257.97509765625,45568,0.0,0.0
2018-06-04 00:00:00+09:00,2317.2756103515626,2399.3838012695314,2289.906213378906,2372.014404296875,498169,0.0,0.0
2018-06-05 00:00:00+09:00,2426.7530460357666,2426.7530460357666,2330.960162639618,2335.521728515625,288766,0.0,0.0
2018-06-07 00:00:00+09:00,2376.5759704589846,2376.5759704589846,2330.960308837891,2372.014404296875,110688,0.0,0.0
2018-06-08 00:00:00+09:00,2372.0142555236816,2408.5067825317383,2285.344503879547,2335.521728515625,89120,0.0,0.0
2018-06-11 00:00:00+09:00,2358.3295578956604,2399.383650779724,2308.1523332595825,2335.521728515625,49736,0.0,0.0
2018-06-12 00:00:00+09:00,2335.521739130435,2349.206436820652,2271.659816576087,2308.15234375,55022,0.0,0.0
2018-06-14 00:00:00+09:00,2326.398483276367,2326.398483276367,2162.1821197509767,2189.551513671875,91594,0.0,0.0
2018-06-15 00:00:00+09:00,2171.3052510579428,2212.3593419392905,2166.7436854044595,2189.551513671875,41487,0.0,0.0
2018-06-18 00:00:00+09:00,2189.5517073006467,2203.2364054712757,2116.566650390625,2116.566650390625,62375,0.0,0.0
2018-06-19 00:00:00+09:00,2157.6204668541095,2736.9392814217035,2143.935770447001,2490.61474609375,18584240,0.0,0.0
2018-06-20 00:00:00+09:00,2426.752987836581,2618.3387500342055,2408.50672477014,2604.654052734375,3596777,0.0,0.0
2018-06-21 00:00:00+09:00,2609.215924677958,2622.900623583612,2381.137609583731,2390.2607421875,1341879,0.0,0.0
2018-06-22 00:00:00+09:00,2362.891193213412,2586.4079277065725,2299.0292690725087,2563.60009765625,2594487,0.0,0.0
2018-06-25 00:00:00+09:00,2499.737738135027,2622.899998955548,2417.6295642546793,2559.0380859375,980590,0.0,0.0
2018-06-26 00:00:00+09:00,2454.1221593266037,2892.0324331097895,2454.1221593266037,2577.284423828125,6553441,0.0,0.0
2018-06-27 00:00:00+09:00,2600.0926033046603,2787.1168081037677,2508.861283890462,2618.3388671875,2236127,0.0,0.0
2018-06-28 00:00:00+09:00,2636.5848326752152,2791.6780581266985,2508.8609999504642,2517.984130859375,3038886,0.0,0.0
2018-06-29 00:00:00+09:00,2545.3538204909582,2695.885498046875,2417.629972867756,2695.885498046875,1303338,0.0,0.0
2018-07-02 00:00:00+09:00,2691.3236797594745,2800.801253173419,2613.77706525793,2723.254638671875,1275681,0.0,0.0
2018-07-03 00:00:00+09:00,2723.254992529213,2764.309087893975,2559.038611070165,2659.39306640625,770236,0.0,0.0
2018-07-04 00:00:00+09:00,2622.900120079095,2654.831078062666,2531.6688115546044,2572.722900390625,557931,0.0,0.0
2018-07-05 00:00:00+09:00,2572.7231657608695,2577.2847316576085,2362.8911345108695,2413.068359375,510814,0.0,0.0
2018-07-06 00:00:00+09:00,2403.9449222557264,2435.8758794773394,2235.1670055129143,2340.0830078125,531549,0.0,0.0
2018-07-09 00:00:00+09:00,2317.2753484160116,2321.8369140625,2248.8518637186885,2321.8369140625,240400,0.0,0.0
2018-07-10 00:00:00+09:00,2344.644707141182,2431.314453125,2303.5906169383206,2431.314453125,327002,0.0,0.0
2018-07-11 00:00:00+09:00,2431.31481295913,2508.8614392636428,2367.4528854142372,2444.99951171875,238211,0.0,0.0
2018-07-12 00:00:00+09:00,2499.7380237758944,2632.023430143597,2422.19140625,2422.19140625,566428,0.0,0.0
2018-07-13 00:00:00+09:00,2417.6299461082176,2508.8612648292824,2385.698984555845,2463.24560546875,175591,0.0,0.0
2018-07-16 00:00:00+09:00,2490.6145730876237,2549.9149200659003,2403.944835196296,2536.230224609375,197601,0.0,0.0
2018-07-17 00:00:00+09:00,2536.2307861328127,2536.2307861328127,2326.3987426757812,2372.014404296875,292576,0.0,0.0
2018-07-18 00:00:00+09:00,2372.0142099808677,2372.0142099808677,2207.7978415975767,2235.167236328125,295815,0.0,0.0
2018-07-19 00:00:00+09:00,2230.605484104756,2262.5364419549264,2143.93574136858,2175.86669921875,155785,0.0,0.0
2018-07-20 00:00:00+09:00,2125.6898558526977,2180.4286504240117,2102.882024781317,2134.81298828125,142536,0.0,0.0
2018-07-23 00:00:00+09:00,2125.689468182131,2139.3741643292265,2025.335029770099,2070.95068359375,383056,0.0,0.0
2018-07-24 00:00:00+09:00,2043.5813815789472,2230.605570518092,2043.5813815789472,2166.74365234375,162392,0.0,0.0
2018-07-25 00:00:00+09:00,2166.743694579048,2226.044048325422,2125.689603523866,2162.18212890625,90783,0.0,0.0
2018-07-26 00:00:00+09:00,2143.9359111170616,2267.0981868620843,2143.9359111170616,2262.53662109375,55912,0.0,0.0
2018-07-27 00:00:00+09:00,2262.536545668191,2262.536545668191,2189.5514958079266,2244.290283203125,49672,0.0,0.0
2018-07-30 00:00:00+09:00,2239.728834240846,2262.536663510101,2194.113175702336,2257.97509765625,37978,0.0,0.0
2018-07-31 00:00:00+09:00,2235.16716097608,2248.8518578800154,2148.497413917824,2216.9208984375,90526,0.0,0.0
2018-08-01 00:00:00+09:00,2212.3596620165613,2212.3596620165613,2166.7439988821993,2207.798095703125,69227,0.0,0.0
2018-08-02 00:00:00+09:00,2180.4283733603397,2216.9208984375,2166.7436764564045,2216.9208984375,63289,0.0,0.0
2018-08-03 00:00:00+09:00,2216.9209407216495,2216.9209407216495,2184.989980670103,2212.359375,52965,0.0,0.0
2018-08-06 00:00:00+09:00,2212.359397642074,2289.9060157037547,2194.113134568737,2262.53662109375,79122,0.0,0.0
2018-08-07 00:00:00+09:00,2244.290274378765,2271.65966796875,2207.7977495921186,2271.65966796875,54298,0.0,0.0
2018-08-08 00:00:00+09:00,2271.6598271484377,2299.02922265625,2253.4135634765626,2280.782958984375,121938,0.0,0.0
2018-08-09 00:00:00+09:00,2280.7827991654117,2294.467495960404,2226.044011985442,2271.65966796875,73121,0.0,0.0
2018-08-10 00:00:00+09:00,2235.167268386995,2280.782926925505,2235.167268386995,2257.97509765625,39920,0.0,0.0
2018-08-13 00:00:00+09:00,2257.9746610396137,2257.9746610396137,2139.3739717728863,2198.67431640625,125053,0.0,0.0
2018-08-14 00:00:00+09:00,2198.674654288634,2203.236219961432,2134.812734869462,2162.18212890625,106194,0.0,0.0
2018-08-16 00:00:00+09:00,2194.113134568737,2262.53662109375,2143.9359111170616,2262.53662109375,88194,0.0,0.0
2018-08-17 00:00:00+09:00,2285.344161158356,2285.344161158356,2230.605378855162,2267.097900390625,40560,0.0,0.0
2018-08-20 00:00:00+09:00,2267.0980951891447,2280.7827919407896,2157.6205211759866,2166.74365234375,92657,0.0,0.0
2018-08-21 00:00:00+09:00,2194.1131121134017,2230.605637886598,2171.3052835051544,2212.359375,38027,0.0,0.0
2018-08-22 00:00:00+09:00,2212.3596620165613,2244.290626210615,2189.5518304493803,2207.798095703125,103834,0.0,0.0
2018-08-23 00:00:00+09:00,2207.7978092783505,2244.290335051546,2194.1131121134017,2212.359375,92946,0.0,0.0
2018-08-24 00:00:00+09:00,2212.3590113216414,2212.3590113216414,2171.3049265754667,2198.67431640625,117585,0.0,0.0
2018-08-27 00:00:00+09:00,2184.9899327585044,2198.67462962338,2102.8817515692494,2112.0048828125,182754,0.0,0.0
2018-08-28 00:00:00+09:00,2112.0049893654,2175.8669112900557,2102.881857661878,2153.05908203125,149614,0.0,0.0
2018-08-29 00:00:00+09:00,2153.058676861702,2166.743371841755,2116.566156914894,2143.935546875,173928,0.0,0.0
2018-08-30 00:00:00+09:00,2143.9361207098023,2153.059253138355,2107.4435909955932,2134.81298828125,129584,0.0,0.0
2018-08-31 00:00:00+09:00,2125.689503123298,2130.251068580644,2089.196979464529,2093.758544921875,167203,0.0,0.0
2018-09-03 00:00:00+09:00,2093.758454480059,2130.2509765625,2093.758454480059,2130.2509765625,109093,0.0,0.0
2018-09-04 00:00:00+09:00,2116.5663564888537,2157.62044530006,2112.004791065386,2148.497314453125,63078,0.0,0.0
2018-09-05 00:00:00+09:00,2148.4974318878562,2166.743694579048,2121.1280378510683,2162.18212890625,102873,0.0,0.0
2018-09-06 00:00:00+09:00,2162.182010723527,2184.989837840864,2125.6894873357883,2148.497314453125,65973,0.0,0.0
2018-09-07 00:00:00+09:00,2148.497505986042,2207.797861777589,2139.374374325804,2180.428466796875,72645,0.0,0.0
2018-09-10 00:00:00+09:00,2180.428446867028,2235.167236328125,2171.305315290179,2235.167236328125,117858,0.0,0.0
2018-09-11 00:00:00+09:00,2239.7287087804343,2326.39845514872,2230.6055775837726,2271.65966796875,307802,0.0,0.0
2018-09-12 00:00:00+09:00,2271.659967302062,2308.152496897276,2226.044305308045,2239.72900390625,85960,0.0,0.0
2018-09-13 00:00:00+09:00,2239.728844640689,2257.9751081408167,2221.4825811405613,2230.605712890625,46146,0.0,0.0
2018-09-14 00:00:00+09:00,2212.3596067098397,2248.852136305053,2212.3596067098397,2239.72900390625,42806,0.0,0.0
2018-09-17 00:00:00+09:00,2280.7828841670866,2280.7828841670866,2216.920963410408,2262.53662109375,60216,0.0,0.0
2018-09-18 00:00:00+09:00,2289.905615842194,2289.905615842194,2194.1127514344525,2198.67431640625,132582,0.0,0.0
2018-09-19 00:00:00+09:00,2198.674644978841,2235.1671702067056,2180.428382364909,2189.551513671875,76947,0.0,0.0
2018-09-20 00:00:00+09:00,2189.551513671875,2221.4824732462566,2157.6205540974934,2189.551513671875,111834,0.0,0.0
2018-09-21 00:00:00+09:00,2189.5514958079266,2244.290283203125,2180.428364575394,2244.290283203125,55571,0.0,0.0
2018-09-27 00:00:00+09:00,2271.659849073066,2271.659849073066,2226.044189453125,2226.044189453125,60485,0.0,0.0
2018-09-28 00:00:00+09:00,2198.6745941350105,2248.851815162988,2153.058938655031,2221.482421875,73636,0.0,0.0
2018-10-01 00:00:00+09:00,2189.551661757172,2280.7829809970544,2189.551661757172,2226.044189453125,68792,0.0,0.0
2018-10-02 00:00:00+09:00,2189.551661757172,2239.728887339107,2189.551661757172,2226.044189453125,136104,0.0,0.0
2018-10-04 00:00:00+09:00,2226.0440388997395,2271.6596954345705,2189.551513671875,2189.551513671875,114783,0.0,0.0
2018-10-05 00:00:00+09:00,2189.551480263158,2226.0440049342105,2157.6205211759866,2166.74365234375,93479,0.0,0.0
2018-10-08 00:00:00+09:00,2180.428391597442,2203.236219961432,2162.18212890625,2162.18212890625,53932,0.0,0.0
2018-10-10 00:00:00+09:00,2125.689468182131,2180.4282527705122,2070.95068359375,2070.95068359375,91260,0.0,0.0
2018-10-11 00:00:00+09:00,2048.1429365990866,2048.1429365990866,1934.1037975902289,1943.2269287109375,200977,0.0,0.0
2018-10-12 00:00:00+09:00,1915.8574823502008,2061.827576243549,1915.8574823502008,1988.842529296875,79169,0.0,0.0
2018-10-15 00:00:00+09:00,1988.842525403972,2020.7734833806412,1984.2809599787336,2002.5272216796875,42629,0.0,0.0
2018-10-16 00:00:00+09:00,1979.719394553495,2020.7734833806412,1979.719394553495,2002.5272216796875,37579,0.0,0.0
2018-10-17 00:00:00+09:00,2002.5273665364582,2070.9508528645833,2002.5273665364582,2052.70458984375,54144,0.0,0.0
2018-10-18 00:00:00+09:00,2052.7046427500704,2080.074037986738,1979.7195887856235,2020.773681640625,76465,0.0,0.0
2018-10-19 00:00:00+09:00,2016.2121527168188,2029.8968505859375,1947.7886633712255,2029.8968505859375,73922,0.0,0.0
2018-10-22 00:00:00+09:00,2029.896644404537,2043.5813408836689,1984.280989474098,2039.019775390625,82817,0.0,0.0
2018-10-23 00:00:00+09:00,2098.3203692768893,2303.5908401844113,1961.473388671875,1961.473388671875,841276,0.0,0.0
2018-10-24 00:00:00+09:00,1966.0349576982878,2007.0890519425677,1856.557373046875,1856.557373046875,204928,0.0,0.0
2018-10-25 00:00:00+09:00,1815.5031888907859,1861.118846903117,1765.3259650772213,1774.4490966796875,141430,0.0,0.0
2018-10-26 00:00:00+09:00,1774.4491285914696,1824.6263533074239,1724.2719038755156,1797.2569580078125,222475,0.0,0.0
2018-10-29 00:00:00+09:00,1797.256914965679,1801.8184807397038,1578.3017578125,1578.3017578125,197425,0.0,0.0
2018-10-30 00:00:00+09:00,1391.2775985054348,1719.7103430706522,1391.2775985054348,1678.65625,344788,0.0,0.0
2018-10-31 00:00:00+09:00,1715.1486683238636,1756.2027587890625,1633.040487393466,1756.2027587890625,69019,0.0,0.0
2018-11-01 00:00:00+09:00,1820.0646772904831,1870.2418989701705,1756.2027587890625,1756.2027587890625,77811,0.0,0.0
2018-11-02 00:00:00+09:00,1824.6263852991856,1861.1189130051691,1779.0107256667059,1820.0648193359375,43943,0.0,0.0
2018-11-05 00:00:00+09:00,1815.5031362206043,1833.7493988961885,1756.2027825249565,1806.3800048828125,54250,0.0,0.0
2018-11-06 00:00:00+09:00,1842.8725163966049,1851.9956476658951,1792.6952944155094,1847.43408203125,23065,0.0,0.0
2018-11-07 00:00:00+09:00,1856.557373046875,1924.9808634540082,1820.0648448297375,1856.557373046875,155117,0.0,0.0
2018-11-08 00:00:00+09:00,1847.4340731210082,1915.8575573106752,1847.4340731210082,1874.803466796875,62024,0.0,0.0
2018-11-09 00:00:00+09:00,1906.7343526405864,1906.7343526405864,1815.5030439018024,1842.8724365234375,61887,0.0,0.0
2018-11-12 00:00:00+09:00,1833.7493518066406,1833.7493518066406,1769.8874340820312,1824.626220703125,75994,0.0,0.0
2018-11-13 00:00:00+09:00,1806.3800897743497,1815.5032215408867,1760.764430941664,1797.2569580078125,28220,0.0,0.0
2018-11-14 00:00:00+09:00,1779.0106108694365,1829.1878332272925,1779.0106108694365,1806.3800048828125,74987,0.0,0.0
2018-11-15 00:00:00+09:00,1806.3799627577928,1815.5030938828322,1779.0105693826747,1810.9415283203125,34795,0.0,0.0
2018-11-16 00:00:00+09:00,1856.557132834255,1856.557132834255,1815.5030439018024,1842.8724365234375,27270,0.0,0.0
2018-11-19 00:00:00+09:00,1842.8725858521693,1897.6113755309466,1824.6263226259102,1879.3651123046875,61633,0.0,0.0
2018-11-20 00:00:00+09:00,1874.8035835597825,1920.419242527174,1856.557319972826,1888.48828125,57980,0.0,0.0
2018-11-21 00:00:00+09:00,1888.4881636348084,1888.4881636348084,1851.9956387336526,1874.803466796875,39776,0.0,0.0
2018-11-22 00:00:00+09:00,1879.3649986530172,1888.4881297144395,1838.3109088766164,1851.99560546875,52348,0.0,0.0
2018-11-23 00:00:00+09:00,1851.9957326884305,1883.9266935968517,1820.0647717800093,1838.31103515625,62631,0.0,0.0
2018-11-26 00:00:00+09:00,1810.9417127754532,1879.3652031825861,1806.3801467483108,1856.557373046875,37553,0.0,0.0
2018-11-27 00:00:00+09:00,1865.6805051011595,1874.803637155444,1820.0648448297375,1856.557373046875,58587,0.0,0.0
2018-11-28 00:00:00+09:00,1874.803471284754,1874.803471284754,1838.310946296243,1861.1187744140625,61194,0.0,0.0
2018-11-29 00:00:00+09:00,1879.3651173785147,1879.3651173785147,1847.4341566463556,1865.680419921875,18250,0.0,0.0
2018-11-30 00:00:00+09:00,1851.9956387336526,1874.803466796875,1815.503113832497,1874.803466796875,89039,0.0,0.0
2018-12-03 00:00:00+09:00,1874.8034453056227,1947.7884942712917,1842.8724863831426,1943.2269287109375,168253,0.0,0.0
2018-12-04 00:00:00+09:00,1943.2270084711652,1961.4732714615047,1865.680390762222,1947.78857421875,93897,0.0,0.0
2018-12-05 00:00:00+09:00,1929.5422352478568,2061.82763671875,1897.6112762721239,2061.82763671875,200739,0.0,0.0
2018-12-06 00:00:00+09:00,2061.827434260671,2080.0736947408536,1924.9804806592988,2057.265869140625,230935,0.0,0.0
2018-12-07 00:00:00+09:00,2057.266351796515,2057.266351796515,1975.1581603722639,1979.7197265625,98476,0.0,0.0
2018-12-10 00:00:00+09:00,1979.7194962086398,1979.7194962086398,1911.2960113166362,1938.6654052734375,65185,0.0,0.0
2018-12-11 00:00:00+09:00,1929.5422739545038,1952.3501022518383,1893.0497486787683,1938.6654052734375,57424,0.0,0.0
2018-12-12 00:00:00+09:00,1938.6655615354348,1952.3502596168612,1856.557373046875,1856.557373046875,118879,0.0,0.0
2018-12-13 00:00:00+09:00,1861.1188025841348,1897.611328125,1861.1188025841348,1897.611328125,58327,0.0,0.0
2018-12-14 00:00:00+09:00,1902.1729312878476,1911.2960628527774,1847.4341418982694,1906.7344970703125,60285,0.0,0.0
2018-12-17 00:00:00+09:00,1924.980808423913,1924.980808423913,1847.4341881793478,1888.48828125,35828,0.0,0.0
2018-12-18 00:00:00+09:00,1847.4339942001714,1879.3649521246189,1815.503036275724,1870.2418212890625,124845,0.0,0.0
2018-12-19 00:00:00+09:00,1870.2418212890625,1888.4880829601752,1833.7492979468368,1870.2418212890625,37294,0.0,0.0
2018-12-20 00:00:00+09:00,1870.2419056611902,1879.365036908318,1838.310946296243,1861.1187744140625,50650,0.0,0.0
2018-12-21 00:00:00+09:00,1861.1187744140625,1888.4881681554457,1829.1878150491152,1861.1187744140625,66804,0.0,0.0
2018-12-24 00:00:00+09:00,1874.8034804614622,1874.8034804614622,1829.1878240025458,1833.7493896484375,88097,0.0,0.0
2018-12-26 00:00:00+09:00,1851.9955673973159,1888.4880908928294,1824.6261747756807,1842.8724365234375,71613,0.0,0.0
2018-12-27 00:00:00+09:00,1875.6138502064318,1908.3552391127785,1861.5818263894262,1889.6458740234375,50475,50.0,0.0
2018-12-28 00:00:00+09:00,1889.6460281526201,1899.0007114603063,1842.8726116141888,1852.227294921875,47953,0.0,0.0
2019-01-02 00:00:00+09:00,1852.2271996024874,1880.291248081313,1838.1951753630747,1856.904541015625,44895,0.0,0.0
2019-01-03 00:00:00+09:00,1842.8725050322864,1870.9365533322705,1796.0990911989795,1833.517822265625,61451,0.0,0.0
2019-01-04 00:00:00+09:00,1810.1311833308293,1833.5178911258013,1800.7765002128406,1824.1632080078125,28158,0.0,0.0
2019-01-07 00:00:00+09:00,1824.163151123662,1899.0006137338635,1824.163151123662,1856.904541015625,30655,0.0,0.0
2019-01-08 00:00:00+09:00,1866.2592238419002,1884.9685894944505,1833.517833949937,1856.904541015625,120383,0.0,0.0
2019-01-09 00:00:00+09:00,1866.2593347020897,2137.545152779085,1856.9046513201242,1941.0968017578125,1029032,0.0,0.0
2019-01-10 00:00:00+09:00,1945.7740632584953,1955.1287462549303,1899.00064827632,1927.064697265625,119270,0.0,0.0
2019-01-11 00:00:00+09:00,1927.064697265625,1950.4514047567127,1913.0326727709723,1927.064697265625,62139,0.0,0.0
2019-01-14 00:00:00+09:00,1931.742154445331,1969.160888671875,1927.064812667013,1969.160888671875,102427,0.0,0.0
2019-01-15 00:00:00+09:00,1973.838230450193,2001.902281120101,1931.742154445331,1969.160888671875,102673,0.0,0.0
2019-01-16 00:00:00+09:00,1983.1928178687797,2020.611550281398,1955.1287685593156,1973.838134765625,101175,0.0,0.0
2019-01-17 00:00:00+09:00,1978.5154608068333,1997.2248268664723,1945.7740702024648,1992.5474853515625,114645,0.0,0.0
2019-01-18 00:00:00+09:00,1992.547590956577,2015.9342997706215,1964.483540379724,2011.2569580078125,87427,0.0,0.0
2019-01-21 00:00:00+09:00,2058.0303485576924,2058.0303485576924,1959.8061728310752,2006.57958984375,61439,0.0,0.0
2019-01-22 00:00:00+09:00,1992.5475384008105,2025.28892987688,1978.5155134824947,2001.9022216796875,37073,0.0,0.0
2019-01-23 00:00:00+09:00,2001.9021683813821,2006.579509896292,1978.5154608068333,1992.5474853515625,36619,0.0,0.0
2019-01-24 00:00:00+09:00,1992.5474853515625,2020.6115344410211,1983.192802321743,1992.5474853515625,40833,0.0,0.0
2019-01-25 00:00:00+09:00,1992.5474853515625,2006.579509896292,1969.1607777770137,1992.5474853515625,254052,0.0,0.0
2019-01-28 00:00:00+09:00,1978.515625,2006.5796764184397,1973.8382830969267,1978.515625,208452,0.0,0.0
2019-01-29 00:00:00+09:00,1983.192802321743,2015.9341929261116,1955.1287532322845,1992.5474853515625,232544,0.0,0.0
2019-01-30 00:00:00+09:00,1992.5474286861288,2029.9661597412673,1987.8700873042364,2025.288818359375,119052,0.0,0.0
2019-01-31 00:00:00+09:00,2029.9662715163186,2034.643613155757,1987.8701967613717,2001.9022216796875,125934,0.0,0.0
2019-02-01 00:00:00+09:00,2006.5795166015623,2062.7076149680397,2001.9021750710226,2058.0302734375,122050,0.0,0.0
2019-02-07 00:00:00+09:00,2067.384819511895,2086.0941843943556,2034.6434309675888,2076.739501953125,56732,0.0,0.0
2019-02-08 00:00:00+09:00,2086.09423828125,2095.4489209641256,2067.384872915499,2086.09423828125,26952,0.0,0.0
2019-02-11 00:00:00+09:00,2095.4490905361054,2165.609216335305,2076.7397236563183,2137.545166015625,169638,0.0,0.0
2019-02-12 00:00:00+09:00,2151.576994889937,2273.187868514151,2114.158264544025,2231.091796875,325912,0.0,0.0
2019-02-13 00:00:00+09:00,2254.478611047947,2268.510635598038,2193.6731713308864,2249.80126953125,151962,0.0,0.0
2019-02-14 00:00:00+09:00,2231.0919776429523,2231.0919776429523,2104.803752493351,2198.3505859375,176713,0.0,0.0
2019-02-15 00:00:00+09:00,2198.3506083749317,2198.3506083749317,2109.481115695945,2137.545166015625,89795,0.0,0.0
2019-02-18 00:00:00+09:00,2137.545166015625,2156.2545328954116,2114.158457415892,2137.545166015625,47240,0.0,0.0
2019-02-19 00:00:00+09:00,2137.544908911781,2160.931614698562,2104.8035208102874,2114.158203125,53195,0.0,0.0
2019-02-20 00:00:00+09:00,2114.158122100164,2142.22216796875,2104.8034401439686,2142.22216796875,80182,0.0,0.0
2019-02-21 00:00:00+09:00,2142.2223529066828,2146.899694288575,2025.288818359375,2025.288818359375,234244,0.0,0.0
2019-02-22 00:00:00+09:00,2025.2888300647476,2053.3528785183007,2015.9341472468964,2048.675537109375,47295,0.0,0.0
2019-02-25 00:00:00+09:00,2053.3527290117277,2067.3847522168194,2025.2886826015447,2043.998046875,55953,0.0,0.0
2019-02-26 00:00:00+09:00,2043.9983438478787,2072.0623943354926,2039.3210020999431,2053.35302734375,46935,0.0,0.0
2019-02-27 00:00:00+09:00,2053.3526370399877,2188.9955219469575,2029.9659327456827,2132.867431640625,377891,0.0,0.0
2019-02-28 00:00:00+09:00,2151.577120439722,2198.350536101455,2034.6435812853892,2039.3209228515625,284103,0.0,0.0
2019-03-04 00:00:00+09:00,2067.384872915499,2132.867651695628,2043.9981662083098,2086.09423828125,106697,0.0,0.0
2019-03-05 00:00:00+09:00,2086.09423828125,2104.803603647001,2067.384872915499,2086.09423828125,57893,0.0,0.0
2019-03-06 00:00:00+09:00,2086.0943446180554,2123.5130772569446,2076.7396614583336,2104.8037109375,62621,0.0,0.0
2019-03-07 00:00:00+09:00,2104.8037109375,2137.545101996528,2067.3849782986113,2104.8037109375,92239,0.0,0.0
2019-03-08 00:00:00+09:00,2104.803549276816,2118.8355729386612,2062.7074782912796,2076.739501953125,197643,0.0,0.0
2019-03-11 00:00:00+09:00,2058.0300700800917,2086.0941164902747,2025.2886826015447,2043.998046875,98553,0.0,0.0
2019-03-12 00:00:00+09:00,2043.9981662083098,2086.09423828125,2039.320824866872,2086.09423828125,83892,0.0,0.0
2019-03-13 00:00:00+09:00,2090.7716641512784,2090.7716641512784,2053.3529319069603,2058.0302734375,34969,0.0,0.0
2019-03-14 00:00:00+09:00,2104.8038939051917,2104.8038939051917,2048.67579006772,2072.0625,26134,0.0,0.0
2019-03-15 00:00:00+09:00,2072.0623943354926,2081.417077831364,2025.2889768561363,2053.35302734375,80556,0.0,0.0
2019-03-18 00:00:00+09:00,2053.3530799364016,2081.4171311428217,2029.9663705977182,2062.707763671875,33439,0.0,0.0
2019-03-19 00:00:00+09:00,2062.707763671875,2081.4171311428217,2034.6437124654549,2062.707763671875,24676,0.0,0.0
2019-03-20 00:00:00+09:00,2062.707603717672,2062.707603717672,1997.22482264727,2034.6435546875,58531,0.0,0.0
2019-03-21 00:00:00+09:00,2011.2568734545227,2081.4169969471222,1992.5475071898295,2039.3209228515625,85169,0.0,0.0
2019-03-22 00:00:00+09:00,2039.3209049947543,2039.3209049947543,1950.451416015625,1950.451416015625,81228,0.0,0.0
2019-03-25 00:00:00+09:00,1913.0325803851138,1969.1606756531366,1889.6458740234375,1889.6458740234375,60544,0.0,0.0
2019-03-26 00:00:00+09:00,1889.6459127286585,1969.1607159870425,1870.9365472560976,1917.7099609375,66318,0.0,0.0
2019-03-27 00:00:00+09:00,1917.7099609375,1927.0646436737804,1899.000595464939,1917.7099609375,52461,0.0,0.0
2019-03-28 00:00:00+09:00,1931.7420001852101,1931.7420001852101,1899.0006103515625,1899.0006103515625,54987,0.0,0.0
2019-03-29 00:00:00+09:00,1894.3233848479858,1955.1288268307605,1884.9687014660203,1941.0968017578125,45850,0.0,0.0
2019-04-01 00:00:00+09:00,1955.1288534311147,1964.4835369403547,1917.7101193941558,1945.774169921875,44571,0.0,0.0
2019-04-02 00:00:00+09:00,1945.774231678487,1978.515625,1941.0968897754137,1978.515625,55962,0.0,0.0
2019-04-03 00:00:00+09:00,2067.384921875,2067.384921875,1955.128727022059,1987.8701171875,164223,0.0,0.0
2019-04-04 00:00:00+09:00,1987.8701482173635,2011.2568558434502,1945.7740744904077,1950.451416015625,72730,0.0,0.0
2019-04-05 00:00:00+09:00,1959.8062573877069,1983.1929669030733,1950.4515735815603,1978.515625,50770,0.0,0.0
2019-04-08 00:00:00+09:00,1992.5474897425809,1992.5474897425809,1941.0967329651903,1950.451416015625,97389,0.0,0.0
2019-04-09 00:00:00+09:00,1950.4514047567127,1950.4514047567127,1903.6779897745373,1927.064697265625,122832,0.0,0.0
2019-04-10 00:00:00+09:00,1922.387513083134,1964.4835900119617,1899.0008036782297,1955.12890625,82167,0.0,0.0
2019-04-11 00:00:00+09:00,1959.8061728310752,2011.2569315450173,1941.0968060260052,2006.57958984375,76595,0.0,0.0
2019-04-12 00:00:00+09:00,1978.5154342830883,1997.224800091912,1959.8060684742647,1987.8701171875,58649,0.0,0.0
2019-04-15 00:00:00+09:00,1987.8700609560367,2020.6114501953125,1969.1606956764504,2020.6114501953125,72150,0.0,0.0
2019-04-16 00:00:00+09:00,2020.6114769774827,2034.6435011231597,1983.192745922344,2025.288818359375,42411,0.0,0.0
2019-04-17 00:00:00+09:00,2025.2890801354401,2072.0625,1987.8703442437923,2072.0625,113072,0.0,0.0
2019-04-18 00:00:00+09:00,2090.7716291360293,2095.4489705882356,1983.1927757352942,1987.8701171875,150585,0.0,0.0
2019-04-19 00:00:00+09:00,1987.8701656236562,2043.998264417736,1964.4834577927895,2039.3209228515625,70421,0.0,0.0
2019-04-22 00:00:00+09:00,2034.6436444807716,2478.9911070685266,2029.9663027693216,2352.702880859375,14668450,0.0,0.0
2019-04-23 00:00:00+09:00,2319.961194797904,2362.0572648648017,2273.1877836124627,2343.347900390625,2141535,0.0,0.0
2019-04-24 00:00:00+09:00,2333.9934718919835,2362.057521654212,2235.769297724185,2259.156005859375,1100670,0.0,0.0
2019-04-25 00:00:00+09:00,2212.3825790852184,2254.4786535287003,2160.931821432074,2235.769287109375,830326,0.0,0.0
2019-04-26 00:00:00+09:00,2226.4146359707447,2287.2200777094413,2188.9959025930852,2198.3505859375,525561,0.0,0.0
2019-04-29 00:00:00+09:00,2198.3507779113247,2235.769514556624,2179.6414095886753,2188.99609375,215778,0.0,0.0
2019-04-30 00:00:00+09:00,2188.995807623408,2254.4785881933385,2184.318466154127,2203.02783203125,354194,0.0,0.0
2019-05-02 00:00:00+09:00,2203.0278543642803,2254.478611047947,2160.9317807140073,2249.80126953125,299931,0.0,0.0
2019-05-03 00:00:00+09:00,2249.8014611739954,2268.510828834486,2217.060067768137,2240.44677734375,190211,0.0,0.0
2019-05-07 00:00:00+09:00,2221.7374004895173,2245.1241099683543,2188.9960072191457,2217.06005859375,115661,0.0,0.0
2019-05-08 00:00:00+09:00,2207.705090408805,2263.8331859276727,2203.027749115566,2231.091796875,205498,0.0,0.0
2019-05-09 00:00:00+09:00,2217.059832988747,2254.4785643472073,2146.899711691635,2156.25439453125,303457,0.0,0.0
2019-05-10 00:00:00+09:00,2151.576795076069,2203.02754452354,2072.062000475432,2132.867431640625,234734,0.0,0.0
2019-05-13 00:00:00+09:00,2128.190255379892,2137.544937821122,2067.384819511895,2076.739501953125,111614,0.0,0.0
2019-05-14 00:00:00+09:00,2058.030295138889,2104.8037109375,1983.1928298611112,2104.8037109375,149084,0.0,0.0
2019-05-15 00:00:00+09:00,2076.7394075661446,2184.3182507508773,2076.7394075661446,2165.60888671875,122603,0.0,0.0
2019-05-16 00:00:00+09:00,2165.609236461958,2217.059995859542,2104.80379353754,2184.318603515625,106597,0.0,0.0
2019-05-17 00:00:00+09:00,2184.318388629323,2203.0277538424225,2114.1582690802015,2146.899658203125,99901,0.0,0.0
2019-05-20 00:00:00+09:00,2146.899989652318,2174.9640418046356,2109.4812534492276,2118.8359375,61032,0.0,0.0
2019-05-21 00:00:00+09:00,2076.73952668984,2128.1902807294537,2076.73952668984,2123.512939453125,76070,0.0,0.0
2019-05-22 00:00:00+09:00,2109.48072734632,2174.9634993703744,2109.48072734632,2132.867431640625,78435,0.0,0.0
2019-05-23 00:00:00+09:00,2151.577201281791,2165.6092265075417,2109.4811256045386,2160.931884765625,102157,0.0,0.0
2019-05-24 00:00:00+09:00,2170.286568249459,2170.286568249459,2090.771758636871,2160.931884765625,131427,0.0,0.0
2019-05-27 00:00:00+09:00,2132.867963576159,2160.932015728477,2086.094543322296,2118.8359375,98025,0.0,0.0
2019-05-28 00:00:00+09:00,2104.803453614336,2170.286227726782,2086.094089582208,2165.60888671875,65765,0.0,0.0
2019-05-29 00:00:00+09:00,2165.6092265075417,2184.3185934752096,2137.5451760560404,2160.931884765625,64945,0.0,0.0
2019-05-30 00:00:00+09:00,2160.931884765625,2184.3185934752096,2109.4811256045386,2160.931884765625,77577,0.0,0.0
2019-05-31 00:00:00+09:00,2151.5771792763157,2221.7373046875,2132.8678125,2221.7373046875,126638,0.0,0.0
2019-06-03 00:00:00+09:00,2221.737452915737,2240.4468209402903,2188.996058872768,2226.414794921875,102419,0.0,0.0
2019-06-04 00:00:00+09:00,2226.4147515983823,2259.1561450042404,2198.350700107646,2240.44677734375,136234,0.0,0.0
2019-06-05 00:00:00+09:00,2231.0919982910154,2282.542757161458,2203.027947998047,2245.1240234375,206942,0.0,0.0
2019-06-07 00:00:00+09:00,2245.123832987552,2259.1558569437243,2203.0277611190354,2254.478515625,121875,0.0,0.0
2019-06-10 00:00:00+09:00,2273.188030740489,2291.8973972486415,2235.769297724185,2259.156005859375,138655,0.0,0.0
2019-06-11 00:00:00+09:00,2263.8332103439425,2291.8972584060575,2203.027772876027,2277.865234375,202560,0.0,0.0
2019-06-12 00:00:00+09:00,2287.220098876953,2287.220098876953,2226.414656575521,2245.1240234375,111479,0.0,0.0
2019-06-13 00:00:00+09:00,2245.123832987552,2277.86522221862,2226.4144677126556,2254.478515625,115935,0.0,0.0
2019-06-14 00:00:00+09:00,2254.478664232337,2263.833347486413,2207.7052479619565,2259.156005859375,103221,0.0,0.0
2019-06-17 00:00:00+09:00,2259.1560485839846,2352.70288289388,2231.0919982910154,2245.1240234375,261945,0.0,0.0
2019-06-18 00:00:00+09:00,2245.1240234375,2319.9614908854164,2207.705289713542,2245.1240234375,107139,0.0,0.0
2019-06-19 00:00:00+09:00,2245.1239390432097,2282.5426713605966,2226.4145728845165,2273.18798828125,95568,0.0,0.0
2019-06-20 00:00:00+09:00,2273.1880737304687,2291.8974405924478,2231.0919982910154,2245.1240234375,101912,0.0,0.0
2019-06-21 00:00:00+09:00,2245.1239390432097,2282.5426713605966,2203.0278651861495,2273.18798828125,147050,0.0,0.0
2019-06-24 00:00:00+09:00,2273.18798828125,2319.9614036779835,2268.5106467415767,2273.18798828125,156703,0.0,0.0
2019-06-25 00:00:00+09:00,2277.8653829605855,2296.5747495557443,2259.1560163654267,2282.542724609375,146705,0.0,0.0
2019-06-26 00:00:00+09:00,2282.542735008874,2305.929443359375,2263.8333683284736,2305.929443359375,135200,0.0,0.0
2019-06-27 00:00:00+09:00,2305.9293063065898,2348.025378835513,2263.833233777666,2324.638671875,247851,0.0,0.0
2019-06-28 00:00:00+09:00,2310.6070375251,2329.31640625,2170.2867720883532,2329.31640625,359724,0.0,0.0
2019-07-01 00:00:00+09:00,2329.31640625,2329.31640625,2245.1242469879517,2329.31640625,145802,0.0,0.0
2019-07-02 00:00:00+09:00,2319.9614683696755,2319.9614683696755,2263.8333683284736,2305.929443359375,119272,0.0,0.0
2019-07-03 00:00:00+09:00,2282.542854579854,2301.2522222403445,2221.7374096832596,2240.44677734375,85986,0.0,0.0
2019-07-04 00:00:00+09:00,2235.7693400065104,2259.1560485839846,2212.3826314290363,2245.1240234375,55037,0.0,0.0
2019-07-05 00:00:00+09:00,2259.1561450042404,2273.1881707496086,2207.7053839378914,2240.44677734375,47655,0.0,0.0
2019-07-08 00:00:00+09:00,2231.0921190777563,2240.4468030151893,2132.8679377347103,2179.641357421875,73947,0.0,0.0
2019-07-09 00:00:00+09:00,2179.640895793532,2179.640895793532,2104.8034401439686,2142.22216796875,72335,0.0,0.0
2019-07-10 00:00:00+09:00,2123.513202535695,2245.124090786638,2109.4811769682788,2170.28662109375,62647,0.0,0.0
2019-07-11 00:00:00+09:00,2165.6090773708647,2193.67312588971,2146.899711691635,2156.25439453125,54153,0.0,0.0
2019-07-12 00:00:00+09:00,2156.254647578293,2184.3186993905915,2151.5773056095763,2179.641357421875,31996,0.0,0.0
2019-07-15 00:00:00+09:00,2156.2543283874243,2179.6410347690667,2100.1262330714826,2123.512939453125,111747,0.0,0.0
2019-07-16 00:00:00+09:00,2146.899980817522,2146.899980817522,2025.2890886579241,2029.9664306640625,135858,0.0,0.0
2019-07-17 00:00:00+09:00,2029.9663250590481,2072.062400924328,1959.806198616915,2011.2569580078125,74195,0.0,0.0
2019-07-18 00:00:00+09:00,1973.838249755293,2029.9663516440692,1973.838249755293,2015.934326171875,28758,0.0,0.0
2019-07-19 00:00:00+09:00,1987.8700987933435,2053.3528785183007,1987.8700987933435,2048.675537109375,27741,0.0,0.0
2019-07-22 00:00:00+09:00,2034.6437124654549,2076.739789275085,2025.2890287299815,2062.707763671875,69835,0.0,0.0
2019-07-23 00:00:00+09:00,1927.0647709684552,2058.0303379274765,1927.0647709684552,1983.19287109375,74314,0.0,0.0
2019-07-24 00:00:00+09:00,1983.1927677349452,2006.5794749016309,1913.0326462348883,1922.3873291015625,140102,0.0,0.0
2019-07-25 00:00:00+09:00,1922.38730230564,1931.7419850419205,1870.9365472560976,1917.7099609375,93939,0.0,0.0
2019-07-26 00:00:00+09:00,1917.7100407413363,1931.7420654296875,1805.4538432345264,1931.7420654296875,121766,0.0,0.0
2019-07-29 00:00:00+09:00,1959.806248130981,1959.806248130981,1847.5500429874403,1955.12890625,114342,0.0,0.0
2019-07-30 00:00:00+09:00,1870.9365635702056,2086.0942683807793,1870.9365635702056,2048.675537109375,178172,0.0,0.0
2019-07-31 00:00:00+09:00,2025.2889797504133,2029.9663215050332,1927.0648029033955,1945.774169921875,77996,0.0,0.0
2019-08-01 00:00:00+09:00,1945.7741536458334,2011.2569376627605,1927.064786783854,1964.4835205078125,40398,0.0,0.0
2019-08-02 00:00:00+09:00,1922.3873585668102,2048.675579202586,1917.7100170617814,2034.6435546875,63656,0.0,0.0
2019-08-05 00:00:00+09:00,2029.966239719216,2058.030289116256,1889.6459927340168,2039.3209228515625,113080,0.0,0.0
2019-08-06 00:00:00+09:00,1917.709948881173,1992.547410300926,1875.6138768325618,1894.3232421875,101846,0.0,0.0
2019-08-07 00:00:00+09:00,1842.8726545466934,2025.2889832962392,1842.8726545466934,2011.2569580078125,164244,0.0,0.0
2019-08-08 00:00:00+09:00,2011.2568671782435,2015.9342087298207,1950.4514270077384,1973.838134765625,93939,0.0,0.0
2019-08-09 00:00:00+09:00,1983.192802321743,2039.3209005006604,1917.7100211130062,1992.5474853515625,96618,0.0,0.0
2019-08-12 00:00:00+09:00,1992.547587468074,1992.547587468074,1945.774169921875,1945.774169921875,27544,0.0,0.0
2019-08-13 00:00:00+09:00,1941.0967217602777,1950.4514047567127,1884.9686237816672,1927.064697265625,56104,0.0,0.0
2019-08-14 00:00:00+09:00,1927.064750339674,1969.1608249830163,1927.064750339674,1936.41943359375,25416,0.0,0.0
2019-08-16 00:00:00+09:00,1941.0966302412974,1941.0966302412974,1847.5498046875,1847.5498046875,97662,0.0,0.0
2019-08-19 00:00:00+09:00,1852.2273052719763,1899.0007220717737,1852.2273052719763,1875.614013671875,65805,0.0,0.0
2019-08-20 00:00:00+09:00,1894.3233589504077,1936.41943359375,1889.6460173233695,1936.41943359375,46944,0.0,0.0
2019-08-21 00:00:00+09:00,1936.4194440818912,1964.4834939961215,1922.3874191247762,1959.80615234375,15519,0.0,0.0
2019-08-22 00:00:00+09:00,1955.1287732436062,1955.1287732436062,1889.6459913646338,1931.7420654296875,91562,0.0,0.0
2019-08-23 00:00:00+09:00,1913.03271484375,1931.7420812480898,1899.000690040495,1913.03271484375,47169,0.0,0.0
2019-08-26 00:00:00+09:00,1870.936671991895,1899.0007220717737,1861.5819886319357,1875.614013671875,33577,0.0,0.0
2019-08-27 00:00:00+09:00,1875.6139871215819,1917.7100616455077,1861.5819622802735,1870.9366455078125,53490,0.0,0.0
2019-08-28 00:00:00+09:00,1852.2272790527343,1880.2913287353515,1852.2272790527343,1870.9366455078125,29885,0.0,0.0
2019-08-29 00:00:00+09:00,1866.2592354390158,1899.0006255344372,1861.5818939968128,1880.291259765625,36393,0.0,0.0
2019-08-30 00:00:00+09:00,1875.613918323422,1899.0006255344372,1852.2272111124068,1880.291259765625,124198,0.0,0.0
2019-09-02 00:00:00+09:00,1814.808520324248,1880.2913019854325,1814.808520324248,1866.25927734375,212538,0.0,0.0
2019-09-03 00:00:00+09:00,1866.259303894043,1908.3553784179687,1856.904620666504,1870.9366455078125,74017,0.0,0.0
2019-09-04 00:00:00+09:00,1870.936576881219,1884.968601207828,1861.5818939968128,1880.291259765625,20584,0.0,0.0
2019-09-05 00:00:00+09:00,1889.6459694381979,1889.6459694381979,1870.9366034041564,1884.9686279296875,68525,0.0,0.0
2019-09-06 00:00:00+09:00,1889.6460119628905,1913.0327200317383,1861.5819622802735,1870.9366455078125,35819,0.0,0.0
2019-09-09 00:00:00+09:00,1866.2591676617612,1899.000556568108,1866.2591676617612,1889.6458740234375,37080,0.0,0.0
2019-09-10 00:00:00+09:00,1884.9686279296875,1913.0326769807498,1875.6139449126667,1884.9686279296875,61769,0.0,0.0
2019-09-11 00:00:00+09:00,1983.1928226203088,1987.8701641830926,1884.9686498018502,1931.7420654296875,137153,0.0,0.0
2019-09-16 00:00:00+09:00,1931.7420654296875,1950.4514316808227,1917.7100407413363,1931.7420654296875,28528,0.0,0.0
2019-09-17 00:00:00+09:00,1913.0327305303556,2001.9022216796875,1913.0327305303556,2001.9022216796875,95925,0.0,0.0
2019-09-18 00:00:00+09:00,1978.5155456542968,1997.224912516276,1955.128837076823,1964.4835205078125,62951,0.0,0.0
2019-09-19 00:00:00+09:00,1964.4835205078125,2015.9342793782553,1931.7421284993488,1964.4835205078125,74532,0.0,0.0
2019-09-20 00:00:00+09:00,1973.838134765625,1992.5475009719341,1945.7740854561612,1973.838134765625,150066,0.0,0.0
2019-09-23 00:00:00+09:00,1959.806248130981,1969.1609318929427,1941.0968806070575,1955.12890625,142712,0.0,0.0
2019-09-24 00:00:00+09:00,1955.1288568541063,2039.3210085846658,1945.7741733284884,2011.2569580078125,106762,0.0,0.0
2019-09-25 00:00:00+09:00,2011.2569544865535,2011.2569544865535,1927.0648029033955,1945.774169921875,88860,0.0,0.0
2019-09-26 00:00:00+09:00,1945.7741434487953,1964.483510212726,1908.3554099209339,1941.0968017578125,74223,0.0,0.0
2019-09-27 00:00:00+09:00,1913.0326991785525,1941.096748555255,1913.0326991785525,1931.7420654296875,12034,0.0,0.0
2019-09-30 00:00:00+09:00,1922.3873443978425,1931.7420273389512,1899.0006370450708,1903.677978515625,37685,0.0,0.0
2019-10-01 00:00:00+09:00,1903.6780051437079,1931.7420543595856,1889.645980535769,1908.3553466796875,28030,0.0,0.0
2019-10-02 00:00:00+09:00,1927.0646436737804,1927.0646436737804,1899.000595464939,1917.7099609375,24580,0.0,0.0
2019-10-04 00:00:00+09:00,1917.71001426919,1955.1287462549303,1917.71001426919,1927.064697265625,3906,0.0,0.0
2019-10-07 00:00:00+09:00,1927.064631558642,1931.7419728973766,1889.6459008487655,1894.3232421875,38734,0.0,0.0
2019-10-08 00:00:00+09:00,1913.0326345659828,1917.7099759707896,1889.6459275419488,1899.0006103515625,11869,0.0,0.0
2019-10-10 00:00:00+09:00,1917.709948881173,1917.709948881173,1889.6459008487655,1894.3232421875,16557,0.0,0.0
2019-10-11 00:00:00+09:00,1894.3233109467083,1913.0326769807498,1875.6139449126667,1884.9686279296875,27398,0.0,0.0
2019-10-14 00:00:00+09:00,1903.6780051437079,1908.3553466796875,1880.2912974638098,1908.3553466796875,27644,0.0,0.0
2019-10-15 00:00:00+09:00,1908.3552391127785,1908.3552391127785,1884.9685327511022,1889.6458740234375,15087,0.0,0.0
2019-10-16 00:00:00+09:00,1894.3232421875,1903.677924864969,1870.9365354938273,1894.3232421875,42723,0.0,0.0
2019-10-17 00:00:00+09:00,1894.3232421875,1903.677924864969,1870.9365354938273,1894.3232421875,24428,0.0,0.0
2019-10-18 00:00:00+09:00,1889.6459426500312,1903.6779669766404,1870.936576881219,1880.291259765625,18436,0.0,0.0
2019-10-21 00:00:00+09:00,1870.9366455078125,1889.6460119628905,1861.5819622802735,1870.9366455078125,61861,0.0,0.0
2019-10-22 00:00:00+09:00,1884.968670349121,1889.6460119628905,1861.5819622802735,1870.9366455078125,22808,0.0,0.0
2019-10-23 00:00:00+09:00,1861.5818285205696,1880.291193631329,1810.1310744659809,1847.5498046875,67250,0.0,0.0
2019-10-24 00:00:00+09:00,1833.517886513158,1866.25927734375,1833.517886513158,1866.25927734375,27334,0.0,0.0
2019-10-25 00:00:00+09:00,1866.2592506600386,1880.2912751010915,1824.1631773368797,1861.5819091796875,22743,0.0,0.0
2019-10-28 00:00:00+09:00,1861.5818824287626,1875.6139066681753,1838.1951753630747,1856.904541015625,44932,0.0,0.0
2019-10-29 00:00:00+09:00,1856.9045676993367,1870.9365921403896,1847.5498847386348,1861.5819091796875,26534,0.0,0.0
2019-10-30 00:00:00+09:00,1866.2592238419002,1870.9365652550377,1847.5498581893498,1856.904541015625,16460,0.0,0.0
2019-10-31 00:00:00+09:00,1861.5819886319357,1880.2913553518547,1847.5499635919964,1875.614013671875,18979,0.0,0.0
2019-11-01 00:00:00+09:00,1875.614013671875,1884.9686970318344,1852.2273052719763,1875.614013671875,36960,0.0,0.0
2019-11-04 00:00:00+09:00,1875.6139871215819,1880.2913287353515,1861.5819622802735,1870.9366455078125,11098,0.0,0.0
2019-11-05 00:00:00+09:00,1889.6460119628905,1889.6460119628905,1856.904620666504,1870.9366455078125,18806,0.0,0.0
2019-11-06 00:00:00+09:00,1870.936671991895,1889.646038711814,1866.2593303119154,1875.614013671875,27085,0.0,0.0
2019-11-07 00:00:00+09:00,1875.613918323422,1880.291259765625,1861.5818939968128,1880.291259765625,43664,0.0,0.0
2019-11-08 00:00:00+09:00,1870.9366188909776,1899.000668174342,1866.25927734375,1866.25927734375,39745,0.0,0.0
2019-11-11 00:00:00+09:00,1870.9366034041564,1889.6459694381979,1861.5819203871356,1884.9686279296875,22633,0.0,0.0
2019-11-12 00:00:00+09:00,1884.9686279296875,1889.6459694381979,1866.259261895646,1884.9686279296875,12587,0.0,0.0
2019-11-13 00:00:00+09:00,1884.9686279296875,1884.9686279296875,1861.5819203871356,1884.9686279296875,36009,0.0,0.0
2019-11-14 00:00:00+09:00,1870.9366034041564,1884.9686279296875,1861.5819203871356,1884.9686279296875,15009,0.0,0.0
2019-11-15 00:00:00+09:00,1884.968601207828,1884.968601207828,1861.5818939968128,1880.291259765625,20575,0.0,0.0
2019-11-18 00:00:00+09:00,1880.2913287353515,1880.2913287353515,1866.259303894043,1870.9366455078125,25077,0.0,0.0
2019-11-19 00:00:00+09:00,1875.614013671875,1880.2913553518547,1856.904646951956,1875.614013671875,57190,0.0,0.0
2019-11-20 00:00:00+09:00,1875.613960438205,1889.6459850798874,1856.904594249295,1866.25927734375,35511,0.0,0.0
2019-11-21 00:00:00+09:00,1875.613960438205,1875.613960438205,1838.1952280603855,1866.25927734375,90217,0.0,0.0
2019-11-22 00:00:00+09:00,1866.2592506600386,1866.2592506600386,1833.5178602975818,1861.5819091796875,17106,0.0,0.0
2019-11-25 00:00:00+09:00,1861.5818824287626,1870.9365652550377,1838.1951753630747,1856.904541015625,58471,0.0,0.0
2019-11-26 00:00:00+09:00,1856.904594249295,1875.613960438205,1847.5499111548404,1866.25927734375,16130,0.0,0.0
2019-11-27 00:00:00+09:00,1866.2592238419002,1870.9365652550377,1842.8725167762123,1856.904541015625,35747,0.0,0.0
2019-11-28 00:00:00+09:00,1856.9046365757183,1866.2593198834045,1847.549953268032,1852.227294921875,16712,0.0,0.0
2019-11-29 00:00:00+09:00,1847.5498581893498,1866.2592238419002,1838.1951753630747,1856.904541015625,47644,0.0,0.0
2019-12-02 00:00:00+09:00,1856.9045676993367,1861.5819091796875,1838.1952017779327,1861.5819091796875,22327,0.0,0.0
2019-12-03 00:00:00+09:00,1861.5818824287626,1861.5818824287626,1842.8725167762123,1856.904541015625,19235,0.0,0.0
2019-12-04 00:00:00+09:00,1856.904620666504,1927.064744873047,1856.904620666504,1870.9366455078125,97326,0.0,0.0
2019-12-05 00:00:00+09:00,1899.0006410224953,1899.0006410224953,1852.2272262189856,1861.5819091796875,84873,0.0,0.0
2019-12-06 00:00:00+09:00,1913.0327200317383,1913.0327200317383,1856.904620666504,1870.9366455078125,50009,0.0,0.0
2019-12-09 00:00:00+09:00,1870.936671991895,1894.3233803917938,1852.2273052719763,1875.614013671875,66969,0.0,0.0
2019-12-10 00:00:00+09:00,1875.613960438205,1880.2913019854325,1856.904594249295,1866.25927734375,25858,0.0,0.0
2019-12-11 00:00:00+09:00,1856.904594249295,1870.9366188909776,1852.2272527020677,1866.25927734375,33791,0.0,0.0
2019-12-12 00:00:00+09:00,1866.25927734375,1875.613960438205,1856.904594249295,1866.25927734375,16916,0.0,0.0
2019-12-13 00:00:00+09:00,1866.259303894043,1889.6460119628905,1861.5819622802735,1870.9366455078125,39683,0.0,0.0
2019-12-16 00:00:00+09:00,1861.5819622802735,1870.9366455078125,1861.5819622802735,1870.9366455078125,20588,0.0,0.0
2019-12-17 00:00:00+09:00,1870.936576881219,1889.6459426500312,1861.5818939968128,1880.291259765625,69468,0.0,0.0
2019-12-18 00:00:00+09:00,1880.291259765625,1880.291259765625,1866.2592354390158,1880.291259765625,60025,0.0,0.0
2019-12-19 00:00:00+09:00,1870.936671991895,1884.9686970318344,1861.5819886319357,1875.614013671875,79423,0.0,0.0
2019-12-20 00:00:00+09:00,1875.614013671875,1880.2913553518547,1861.5819886319357,1875.614013671875,33788,0.0,0.0
2019-12-23 00:00:00+09:00,1866.259261895646,1884.9686279296875,1852.2272373701148,1884.9686279296875,96938,0.0,0.0
2019-12-24 00:00:00+09:00,1884.968670349121,1884.968670349121,1866.259303894043,1870.9366455078125,18040,0.0,0.0
2019-12-26 00:00:00+09:00,1870.9366404339853,1917.710056444835,1870.9366404339853,1913.03271484375,71769,0.0,0.0
2019-12-27 00:00:00+09:00,1956.1839404296875,1960.9785089111328,1917.827392578125,1917.827392578125,32414,50.0,0.0
2019-12-30 00:00:00+09:00,1917.827392578125,1937.0056665039062,1908.2382556152345,1917.827392578125,14292,0.0,0.0
2020-01-02 00:00:00+09:00,1917.8272332506203,1937.0055055831265,1913.0326651674939,1932.2109375,27314,0.0,0.0
2020-01-03 00:00:00+09:00,1941.8000861779967,1941.8000861779967,1913.0326774938783,1927.4163818359375,52364,0.0,0.0
2020-01-06 00:00:00+09:00,1922.6217657532354,1922.6217657532354,1898.64892578125,1898.64892578125,55854,0.0,0.0
2020-01-07 00:00:00+09:00,1898.64898544654,1927.4163943169422,1898.64898544654,1922.621826171875,26654,0.0,0.0
2020-01-08 00:00:00+09:00,1913.0327655261076,1922.6219021954114,1865.0870821795886,1893.8544921875,78712,0.0,0.0
2020-01-09 00:00:00+09:00,1898.64898544654,1922.621826171875,1898.64898544654,1922.621826171875,18532,0.0,0.0
2020-01-10 00:00:00+09:00,1922.6219610595704,1937.0056665039062,1908.2382556152345,1917.827392578125,24426,0.0,0.0
2020-01-13 00:00:00+09:00,1917.8273292824076,1941.8001708984375,1917.8273292824076,1941.8001708984375,28060,0.0,0.0
2020-01-14 00:00:00+09:00,1941.8001708984375,1946.5947392216435,1927.4164659288197,1941.8001708984375,26747,0.0,0.0
2020-01-15 00:00:00+09:00,1927.4165361399755,1984.9513581143033,1927.4165361399755,1960.978515625,66647,0.0,0.0
2020-01-16 00:00:00+09:00,1960.9783810499237,1975.3620855564022,1951.3892447122712,1965.77294921875,22986,0.0,0.0
2020-01-17 00:00:00+09:00,1965.773058517716,1975.362195388534,1951.3893532114887,1970.567626953125,18795,0.0,0.0
2020-01-20 00:00:00+09:00,1960.978560040945,1989.7459716796875,1951.3894228280308,1989.7459716796875,54974,0.0,0.0
2020-01-21 00:00:00+09:00,1984.9512218940547,1984.9512218940547,1951.3892447122712,1965.77294921875,33290,0.0,0.0
2020-01-22 00:00:00+09:00,1965.772924330628,1984.951196763122,1965.772924330628,1975.362060546875,27637,0.0,0.0
2020-01-23 00:00:00+09:00,1984.9512939453125,1999.3349989739017,1946.594747202408,1984.9512939453125,60764,0.0,0.0
2020-01-28 00:00:00+09:00,1951.3891713069036,2008.9239871685322,1946.5946033184346,1994.540283203125,89642,0.0,0.0
2020-01-29 00:00:00+09:00,1994.5403582317072,2018.5131990758384,1956.1838128810975,1965.77294921875,41370,0.0,0.0
2020-01-30 00:00:00+09:00,1965.7729870095593,1980.1566917925559,1946.5947139655634,1951.3892822265625,60974,0.0,0.0
2020-01-31 00:00:00+09:00,1951.3893719482423,1975.3622143554687,1908.2382556152345,1917.827392578125,104175,0.0,0.0
2020-02-03 00:00:00+09:00,1917.8272830513786,1937.0055558818922,1879.470737390351,1913.03271484375,76701,0.0,0.0
2020-02-04 00:00:00+09:00,1913.0327734616724,1946.594751943456,1913.0327734616724,1937.005615234375,25387,0.0,0.0
2020-02-05 00:00:00+09:00,1937.0056731356967,1960.978515625,1927.4165361399755,1960.978515625,20903,0.0,0.0
2020-02-06 00:00:00+09:00,1946.594676543445,1965.77294921875,1941.8001083746187,1965.77294921875,38955,0.0,0.0
2020-02-07 00:00:00+09:00,1965.77302057386,2013.718704002491,1960.9784522309972,1984.9512939453125,100153,0.0,0.0
2020-02-10 00:00:00+09:00,1989.7459716796875,2004.1296774990585,1965.773128647402,1989.7459716796875,26794,0.0,0.0
2020-02-11 00:00:00+09:00,1999.334888522908,1999.334888522908,1965.7729119769597,1980.1566162109375,36734,0.0,0.0
2020-02-12 00:00:00+09:00,1980.1566162109375,1980.1566162109375,1960.978343898967,1980.1566162109375,63008,0.0,0.0
2020-02-13 00:00:00+09:00,1980.1567638239433,1989.7459006947613,1956.183921646898,1970.567626953125,26246,0.0,0.0
2020-02-14 00:00:00+09:00,1970.5675889167233,1984.9512939453125,1956.183883888134,1984.9512939453125,34924,0.0,0.0
2020-02-17 00:00:00+09:00,1984.9512939453125,1984.9512939453125,1956.183883888134,1984.9512939453125,34279,0.0,0.0
2020-02-18 00:00:00+09:00,1984.9512472713695,1984.9512472713695,1951.389269660501,1956.183837890625,60685,0.0,0.0
2020-02-19 00:00:00+09:00,1970.5676526207212,1970.5676526207212,1946.5948101314182,1960.978515625,28074,0.0,0.0
2020-02-20 00:00:00+09:00,1960.9783810499237,1980.1566537252286,1946.594676543445,1965.77294921875,37261,0.0,0.0
2020-02-21 00:00:00+09:00,1946.594705092847,1965.772978049427,1903.4435909405427,1908.2381591796875,109400,0.0,0.0
2020-02-24 00:00:00+09:00,1898.6490559895835,2085.637220594618,1860.2925094039354,1941.8001708984375,688717,0.0,0.0
2020-02-25 00:00:00+09:00,1937.005615234375,1984.9512987797802,1889.0599316889698,1937.005615234375,222202,0.0,0.0
2020-02-26 00:00:00+09:00,1960.9784570070776,2013.7187089070235,1927.416478525294,1937.005615234375,219529,0.0,0.0
2020-02-27 00:00:00+09:00,1937.0055558818922,2018.5132154115759,1893.8544420132362,1913.03271484375,187932,0.0,0.0
2020-02-28 00:00:00+09:00,1893.8545099894206,1908.2382151285808,1831.52512105306,1841.1142578125,140630,0.0,0.0
2020-03-02 00:00:00+09:00,1845.9087508764023,1869.881591796875,1817.141341771835,1869.881591796875,68926,0.0,0.0
2020-03-03 00:00:00+09:00,1884.2652566687345,1965.7729140818858,1884.2652566687345,1932.2109375,172591,0.0,0.0
2020-03-04 00:00:00+09:00,1932.2111484022025,1999.3351088926015,1932.2111484022025,1989.7459716796875,126316,0.0,0.0
2020-03-05 00:00:00+09:00,1989.745715214656,2004.1294191800632,1970.5674432607798,1994.540283203125,46514,0.0,0.0
2020-03-06 00:00:00+09:00,1994.5403965755527,1999.3349648365518,1951.3892822265625,1951.3892822265625,48137,0.0,0.0
2020-03-09 00:00:00+09:00,1946.594705092847,1960.9784098102818,1903.4435909405427,1908.2381591796875,120274,0.0,0.0
2020-03-10 00:00:00+09:00,1903.4435412658388,1927.4163818359375,1898.648973151819,1927.4163818359375,68478,0.0,0.0
2020-03-11 00:00:00+09:00,1927.4164194666355,1937.0055558818922,1908.2381466361217,1913.03271484375,73663,0.0,0.0
2020-03-12 00:00:00+09:00,1913.0327312036889,1932.2110041982119,1845.9087757228576,1860.29248046875,224329,0.0,0.0
2020-03-13 00:00:00+09:00,1678.0989111923589,1812.3468240877478,1443.1650636254287,1572.618408203125,461259,0.0,0.0
2020-03-16 00:00:00+09:00,1510.2890753290455,1567.8238972463425,1471.932527384181,1505.4945068359375,237146,0.0,0.0
2020-03-17 00:00:00+09:00,1471.932469834016,1534.2618578074434,1400.0139452492922,1481.5216064453125,156150,0.0,0.0
2020-03-18 00:00:00+09:00,1491.1107344563802,1534.2618489583333,1438.3704833984375,1438.3704833984375,91779,0.0,0.0
2020-03-19 00:00:00+09:00,1452.7541778797413,1481.5215873427064,1232.204038663675,1256.1768798828125,191086,0.0,0.0
2020-03-20 00:00:00+09:00,1160.2855372445395,1390.4248173591589,1150.696400573097,1385.6302490234375,245233,0.0,0.0
2020-03-23 00:00:00+09:00,1275.3551528581227,1323.300835296398,1232.204038663675,1256.1768798828125,185101,0.0,0.0
2020-03-24 00:00:00+09:00,1289.7388745989117,1366.4519675118581,1227.4094866071428,1342.4791259765625,42508,0.0,0.0
2020-03-25 00:00:00+09:00,1347.2737287134905,1467.137939453125,1342.4791602839052,1467.137939453125,58046,0.0,0.0
2020-03-26 00:00:00+09:00,1438.3704833984375,1491.1107344563802,1404.808505452474,1438.3704833984375,120903,0.0,0.0
2020-03-27 00:00:00+09:00,1452.7542268386997,1486.3162056765573,1409.6031111900254,1423.98681640625,108951,0.0,0.0
2020-03-30 00:00:00+09:00,1423.986811237149,1486.3162002811991,1380.835695745114,1471.9324951171875,38944,0.0,0.0
2020-03-31 00:00:00+09:00,1515.0834593578566,1534.2617309952977,1486.3160519016947,1529.4671630859375,35502,0.0,0.0
2020-04-01 00:00:00+09:00,1534.261791087963,1601.3857444480614,1505.4943825050636,1553.4400634765625,50844,0.0,0.0
2020-04-02 00:00:00+09:00,1548.645604341947,1582.2075833834135,1505.4944884314903,1558.2347412109375,42665,0.0,0.0
2020-04-03 00:00:00+09:00,1668.509774556974,1682.8934795100515,1572.618408203125,1572.618408203125,34764,0.0,0.0
2020-04-06 00:00:00+09:00,1596.5911494663785,1615.7694215320405,1539.0563332693919,1610.974853515625,51875,0.0,0.0
2020-04-07 00:00:00+09:00,1610.9749377765486,1654.1260521812776,1601.3858012421645,1625.358642578125,26192,0.0,0.0
2020-04-08 00:00:00+09:00,1625.3587260999177,1654.1261371813323,1596.5913150185033,1639.742431640625,48487,0.0,0.0
2020-04-09 00:00:00+09:00,1668.509678972271,1726.0444954885563,1639.7422707141284,1702.0716552734375,81074,0.0,0.0
2020-04-10 00:00:00+09:00,1726.0446322166313,1726.0446322166313,1649.3315374514477,1697.2772216796875,32943,0.0,0.0
2020-04-13 00:00:00+09:00,1697.2771625682756,1711.6608673358032,1639.7423434981645,1673.3043212890625,37202,0.0,0.0
2020-04-14 00:00:00+09:00,1673.3042838356712,1711.6608290238814,1658.9205793900924,1687.68798828125,41139,0.0,0.0
2020-04-16 00:00:00+09:00,1726.0445556640625,1726.0445556640625,1682.8934417724608,1726.0445556640625,19945,0.0,0.0
2020-04-17 00:00:00+09:00,1730.8391328310256,1778.7848151809155,1726.0445645960367,1769.1956787109375,73982,0.0,0.0
2020-04-20 00:00:00+09:00,1788.3740234375,1797.9631602923928,1769.1957497277144,1788.3740234375,35324,0.0,0.0
2020-04-21 00:00:00+09:00,1788.3739294332152,1793.1684976086392,1634.9477478196418,1730.839111328125,66856,0.0,0.0
2020-04-22 00:00:00+09:00,1721.2499874538846,1750.0173967149522,1692.4825781928168,1726.0445556640625,60332,0.0,0.0
2020-04-23 00:00:00+09:00,1726.044552364865,1783.5793707770272,1726.044552364865,1773.990234375,65170,0.0,0.0
2020-04-24 00:00:00+09:00,1773.9902121190867,1783.5793484008113,1716.455394428738,1735.6336669921875,56391,0.0,0.0
2020-04-27 00:00:00+09:00,1735.633763575292,1759.6066056136247,1716.4554899446257,1745.222900390625,66587,0.0,0.0
2020-04-28 00:00:00+09:00,1745.2228750426912,1764.4011483948086,1730.8391700286031,1754.81201171875,45892,0.0,0.0
2020-04-29 00:00:00+09:00,1754.8120372059582,1793.1685844672907,1740.4283319829585,1745.222900390625,76616,0.0,0.0
2020-05-04 00:00:00+09:00,1745.2229707137399,1778.7849509197733,1745.2229707137399,1764.4012451171875,15363,0.0,0.0
2020-05-06 00:00:00+09:00,1764.4012451171875,1797.963225323221,1754.8121079154637,1764.4012451171875,26568,0.0,0.0
2020-05-07 00:00:00+09:00,1793.1684323574634,1802.757568359375,1750.0173203488614,1802.757568359375,57812,0.0,0.0
2020-05-08 00:00:00+09:00,1802.7576403166117,1821.9359130859375,1788.3739357396175,1821.9359130859375,49690,0.0,0.0
2020-05-11 00:00:00+09:00,1865.0870740821324,1879.4707790236398,1802.7576860022668,1850.703369140625,109828,0.0,0.0
2020-05-12 00:00:00+09:00,1860.2924586245888,1869.8815950092517,1821.9359130859375,1821.9359130859375,97976,0.0,0.0
2020-05-13 00:00:00+09:00,1821.9359344797035,1869.8816169660115,1812.346797982442,1860.29248046875,57122,0.0,0.0
2020-05-14 00:00:00+09:00,1850.7033945719402,1850.7033945719402,1826.7305526733398,1841.1142578125,26359,0.0,0.0
2020-05-15 00:00:00+09:00,1836.3196268351342,1889.0598772142112,1817.1413539700152,1865.0870361328125,77373,0.0,0.0
2020-05-18 00:00:00+09:00,1865.0870997111003,1889.0599416097007,1831.52512105306,1841.1142578125,65267,0.0,0.0
2020-05-19 00:00:00+09:00,1841.1142325129533,1855.4979374544607,1817.1413909437742,1850.703369140625,51591,0.0,0.0
2020-05-20 00:00:00+09:00,1836.3196641991174,1874.676210709804,1817.1413909437742,1850.703369140625,65237,0.0,0.0
2020-05-21 00:00:00+09:00,1841.1140988372092,1860.2923707000969,1831.5249629057655,1855.497802734375,33252,0.0,0.0
2020-05-22 00:00:00+09:00,1855.4978904322572,1855.4978904322572,1817.141344893606,1821.9359130859375,50648,0.0,0.0
2020-05-25 00:00:00+09:00,1821.9358881605856,1841.1141606675392,1817.1413200338473,1831.5250244140625,17213,0.0,0.0
2020-05-26 00:00:00+09:00,1831.5249629057655,1860.2923707000969,1821.9358269743218,1855.497802734375,64440,0.0,0.0
2020-05-27 00:00:00+09:00,1855.4979629516602,1860.2925313313804,1826.7305526733398,1841.1142578125,26977,0.0,0.0
2020-05-28 00:00:00+09:00,1826.7305708570711,1831.5251392845173,1778.7848865826072,1788.3740234375,103222,0.0,0.0
2020-05-29 00:00:00+09:00,1769.195724609375,1807.552271484375,1735.63374609375,1797.963134765625,34375,0.0,0.0
2020-06-01 00:00:00+09:00,1797.9630811048964,1865.0870361328125,1797.9630811048964,1865.0870361328125,36354,0.0,0.0
2020-06-02 00:00:00+09:00,1865.0869864349752,1884.2652587890625,1836.3195779038444,1884.2652587890625,44667,0.0,0.0
2020-06-03 00:00:00+09:00,1869.881701066976,1898.6491118526217,1845.9088587456042,1874.67626953125,38743,0.0,0.0
2020-06-04 00:00:00+09:00,1860.2925185166396,1898.6490652901784,1845.9088134765625,1845.9088134765625,27838,0.0,0.0
2020-06-05 00:00:00+09:00,1850.703369140625,1865.0870740821324,1831.5250958852816,1850.703369140625,26512,0.0,0.0
2020-06-08 00:00:00+09:00,1850.7033190604968,1898.6490009014424,1850.7033190604968,1869.881591796875,24742,0.0,0.0
2020-06-09 00:00:00+09:00,1869.881591796875,1879.4707281650642,1821.9359099559294,1869.881591796875,49475,0.0,0.0
2020-06-10 00:00:00+09:00,1869.8816169660115,1869.8816169660115,1836.319639225596,1860.29248046875,24323,0.0,0.0
2020-06-11 00:00:00+09:00,1860.29248046875,1869.8816169660115,1831.5250709769653,1860.29248046875,37417,0.0,0.0
2020-06-12 00:00:00+09:00,1793.1685039319489,1821.9359130859375,1740.4282538163034,1821.9359130859375,38060,0.0,0.0
2020-06-15 00:00:00+09:00,1793.1685975970645,1812.3468713681561,1726.0446393982438,1740.4283447265625,82431,0.0,0.0
2020-06-16 00:00:00+09:00,1730.8391899884066,1802.7577158882018,1726.044621595087,1793.1685791015625,44057,0.0,0.0
2020-06-17 00:00:00+09:00,1793.168656722359,1793.168656722359,1745.2229707137399,1764.4012451171875,17075,0.0,0.0
2020-06-18 00:00:00+09:00,1759.6065173701777,1778.7847900390625,1750.0173810357353,1778.7847900390625,14078,0.0,0.0
2020-06-22 00:00:00+09:00,1817.1413226383988,1817.1413226383988,1759.6065050350724,1783.579345703125,14400,0.0,0.0
2020-06-23 00:00:00+09:00,1783.5792851668937,1783.5792851668937,1750.0173093707424,1759.6064453125,20942,0.0,0.0
2020-06-24 00:00:00+09:00,1759.6066765163257,1769.1958137180495,1730.839264911154,1764.4012451171875,44810,0.0,0.0
2020-06-25 00:00:00+09:00,1711.6608386264284,1750.0173840298219,1702.07170227558,1730.839111328125,54644,0.0,0.0
2020-06-26 00:00:00+09:00,1730.8391951676253,1769.1957424289578,1702.071784721626,1745.222900390625,24144,0.0,0.0
2020-06-29 00:00:00+09:00,1740.4283067046617,1754.81201171875,1716.4554650145149,1754.81201171875,22496,0.0,0.0
2020-06-30 00:00:00+09:00,1740.4282729805013,1750.017409470752,1721.25,1721.25,33372,0.0,0.0
2020-07-01 00:00:00+09:00,1721.2500126162054,1745.2228540175454,1716.4554443359375,1716.4554443359375,28929,0.0,0.0
2020-07-02 00:00:00+09:00,1716.4554068018526,1730.839111328125,1716.4554068018526,1730.839111328125,10965,0.0,0.0
2020-07-06 00:00:00+09:00,1778.784866291203,1778.784866291203,1735.6337509364298,1750.0174560546875,12104,0.0,0.0
2020-07-07 00:00:00+09:00,1773.9903108366243,1773.9903108366243,1730.8391951676253,1745.222900390625,30991,0.0,0.0
2020-07-08 00:00:00+09:00,1745.2227413998637,1773.990149225136,1730.8390374872274,1759.6064453125,21388,0.0,0.0
2020-07-09 00:00:00+09:00,1745.222825168919,1773.990234375,1735.633688766892,1773.990234375,46449,0.0,0.0
2020-07-10 00:00:00+09:00,1778.7848151809155,1783.5793834159044,1750.0174057709817,1769.1956787109375,18917,0.0,0.0
2020-07-13 00:00:00+09:00,1769.195737134964,1826.7305578548003,1764.4011687416444,1793.1685791015625,57390,0.0,0.0
2020-07-14 00:00:00+09:00,1773.9903238259728,1778.7848922687458,1740.4283447265625,1740.4283447265625,66531,0.0,0.0
2020-07-15 00:00:00+09:00,1740.428173428985,1769.1955812542574,1740.428173428985,1759.6064453125,10752,0.0,0.0
2020-07-16 00:00:00+09:00,1759.6065422409595,1773.9902469459266,1754.8119740059706,1769.1956787109375,10827,0.0,0.0
2020-07-17 00:00:00+09:00,1769.1956661739866,1793.1685071790541,1764.401097972973,1773.990234375,7208,0.0,0.0
2020-07-20 00:00:00+09:00,1773.990234375,1788.3739389780405,1764.401097972973,1773.990234375,24327,0.0,0.0
2020-07-21 00:00:00+09:00,1759.6065297719595,1783.5793707770272,1754.811961570946,1773.990234375,10878,0.0,0.0
2020-07-22 00:00:00+09:00,1884.2652897179287,1884.2652897179287,1764.4010855373988,1778.7847900390625,20174,0.0,0.0
2020-07-23 00:00:00+09:00,1807.552263437073,1807.552263437073,1745.2228750426912,1754.81201171875,14985,0.0,0.0
2020-07-24 00:00:00+09:00,1797.9631267610143,1797.9631267610143,1726.0446016905737,1754.81201171875,27512,0.0,0.0
2020-07-27 00:00:00+09:00,1754.81201171875,1754.81201171875,1726.0446016905737,1754.81201171875,15064,0.0,0.0
2020-07-28 00:00:00+09:00,1754.8121079154637,1783.5795195206351,1754.8121079154637,1764.4012451171875,25067,0.0,0.0
2020-07-29 00:00:00+09:00,1764.401097972973,1788.3739389780405,1759.6065297719595,1773.990234375,13056,0.0,0.0
2020-07-30 00:00:00+09:00,1773.990234375,1783.5793707770272,1764.401097972973,1773.990234375,6785,0.0,0.0
2020-07-31 00:00:00+09:00,1773.990234375,1802.757643581081,1745.222825168919,1773.990234375,23611,0.0,0.0
2020-08-03 00:00:00+09:00,1773.9902218718412,1793.168494540726,1750.0173810357353,1778.7847900390625,15504,0.0,0.0
2020-08-04 00:00:00+09:00,1797.9630627079473,1797.9630627079473,1759.6065173701777,1778.7847900390625,10839,0.0,0.0
2020-08-05 00:00:00+09:00,1778.7848151809155,1778.7848151809155,1759.6065422409595,1769.1956787109375,7919,0.0,0.0
2020-08-06 00:00:00+09:00,1773.9902850708675,1773.9902850708675,1745.2228750426912,1754.81201171875,22473,0.0,0.0
2020-08-07 00:00:00+09:00,1740.4282476789735,1750.0173840298219,1721.2499749772767,1730.839111328125,31561,0.0,0.0
2020-08-10 00:00:00+09:00,1716.4554650145149,1754.81201171875,1678.09891831028,1754.81201171875,51910,0.0,0.0
2020-08-11 00:00:00+09:00,1754.811877341621,1769.1955812542574,1730.8390374872274,1759.6064453125,22253,0.0,0.0
2020-08-12 00:00:00+09:00,1764.4011740212914,1764.4011740212914,1726.0446267599589,1745.222900390625,19446,0.0,0.0
2020-08-13 00:00:00+09:00,1745.2227523479055,1812.3467043612866,1726.0444803440823,1802.757568359375,87894,0.0,0.0
2020-08-14 00:00:00+09:00,1802.757568359375,1869.8815203727559,1773.9901603536402,1802.757568359375,158371,0.0,0.0
2020-08-18 00:00:00+09:00,1817.1413481841216,1845.9087573902027,1726.044552364865,1773.990234375,124245,0.0,0.0
2020-08-19 00:00:00+09:00,1740.428173428985,1778.784717196015,1726.0444695163487,1759.6064453125,35478,0.0,0.0
2020-08-20 00:00:00+09:00,1769.195646806197,1778.7847831032493,1673.3042838356712,1687.68798828125,38721,0.0,0.0
2020-08-21 00:00:00+09:00,1682.893454038997,1726.0445682451252,1682.893454038997,1721.25,40517,0.0,0.0
2020-08-24 00:00:00+09:00,1726.0445307104626,1750.0173714147747,1711.6608262878756,1735.6336669921875,14330,0.0,0.0
2020-08-25 00:00:00+09:00,1735.6337096199156,1826.7305065336682,1721.2500048440602,1812.3468017578125,112262,0.0,0.0
2020-08-26 00:00:00+09:00,1850.7033818232549,2032.896978997565,1783.5794249695616,1845.9088134765625,804754,0.0,0.0
2020-08-27 00:00:00+09:00,1845.9087720708033,1908.2381591796875,1821.9359308750786,1908.2381591796875,240048,0.0,0.0
2020-08-28 00:00:00+09:00,1975.3621572595864,2052.0752507453954,1922.6219054880926,1984.9512939453125,1129345,0.0,0.0
2020-08-31 00:00:00+09:00,1989.745858880538,1994.5404272151898,1869.8816505142404,1893.8544921875,230469,0.0,0.0
2020-09-01 00:00:00+09:00,1917.8272637795276,1932.210968257874,1788.3739234744094,1826.73046875,146666,0.0,0.0
2020-09-02 00:00:00+09:00,1821.9358856823978,1913.032679966518,1802.7576132015306,1879.470703125,168518,0.0,0.0
2020-09-03 00:00:00+09:00,1874.67626953125,1903.4436803168958,1836.3197218170558,1874.67626953125,129340,0.0,0.0
2020-09-04 00:00:00+09:00,1836.3195925408008,1841.1141606675392,1802.757615653632,1831.5250244140625,522464,0.0,0.0
2020-09-07 00:00:00+09:00,1860.2924714503629,1869.881607901138,1807.5522209711,1817.141357421875,335367,0.0,0.0
2020-09-08 00:00:00+09:00,1812.3468143857758,1845.908792429957,1797.9631095096981,1807.55224609375,98366,0.0,0.0
2020-09-09 00:00:00+09:00,1793.1684819703462,1812.3467545047884,1773.9902094359038,1783.579345703125,58512,0.0,0.0
2020-09-10 00:00:00+09:00,1821.9360024296248,1836.3197077119637,1783.5794550100536,1788.3740234375,41480,0.0,0.0
2020-09-11 00:00:00+09:00,1778.7847750199403,1836.3195925408008,1773.9902068932017,1831.5250244140625,63479,0.0,0.0
2020-09-14 00:00:00+09:00,1831.5251084364854,1855.4979501699472,1812.3468350497158,1845.9088134765625,46574,0.0,0.0
2020-09-15 00:00:00+09:00,1836.31968943278,1869.8816680908203,1826.7305526733398,1841.1142578125,106163,0.0,0.0
2020-09-16 00:00:00+09:00,1845.9088134765625,1879.470791903409,1831.5251084364854,1845.9088134765625,62453,0.0,0.0
2020-09-17 00:00:00+09:00,1836.3195308714874,1860.2923707000969,1836.3195308714874,1855.497802734375,59299,0.0,0.0
2020-09-18 00:00:00+09:00,1850.7033439714883,1889.0598899605347,1836.319639225596,1860.29248046875,77047,0.0,0.0
2020-09-21 00:00:00+09:00,1879.470796875,1879.470796875,1793.16856640625,1797.963134765625,75861,0.0,0.0
2020-09-22 00:00:00+09:00,1788.3739138367355,1812.3467545047884,1773.9902094359038,1783.579345703125,73702,0.0,0.0
2020-09-23 00:00:00+09:00,1778.7848865826072,1817.1414340021784,1740.4283391630363,1788.3740234375,62329,0.0,0.0
2020-09-24 00:00:00+09:00,1778.7848922687458,1793.1685975970645,1740.4283447265625,1740.4283447265625,53137,0.0,0.0
2020-09-25 00:00:00+09:00,1726.0445307104626,1754.811939555637,1711.6608262878756,1735.6336669921875,31836,0.0,0.0
2020-09-28 00:00:00+09:00,1773.9902469459266,1773.9902469459266,1735.6337010660145,1769.1956787109375,24766,0.0,0.0
2020-09-29 00:00:00+09:00,1759.6065203806702,1773.9902249069426,1730.839111328125,1730.839111328125,30630,0.0,0.0
2020-10-05 00:00:00+09:00,1730.8390988513252,1750.0173714147747,1716.455394428738,1735.6336669921875,40144,0.0,0.0
2020-10-06 00:00:00+09:00,1735.633605458106,1764.4010132833787,1735.633605458106,1759.6064453125,37405,0.0,0.0
2020-10-07 00:00:00+09:00,1764.4011104759486,1769.1956787109375,1745.2228375359925,1769.1956787109375,19511,0.0,0.0
2020-10-08 00:00:00+09:00,1773.990234375,1783.5793707770272,1769.1956661739866,1773.990234375,19789,0.0,0.0
2020-10-12 00:00:00+09:00,1783.5794550100536,1802.7577287198392,1764.401181300268,1788.3740234375,16850,0.0,0.0
2020-10-13 00:00:00+09:00,1788.3739604647199,1812.3468017578125,1788.3739604647199,1812.3468017578125,22879,0.0,0.0
2020-10-14 00:00:00+09:00,1812.3467545047884,1817.1413226383988,1778.7847775695145,1783.579345703125,32836,0.0,0.0
2020-10-15 00:00:00+09:00,1783.5794346639555,1797.9631397822131,1750.0174560546875,1750.0174560546875,59702,0.0,0.0
2020-10-16 00:00:00+09:00,1750.0174816121084,1764.4011869404271,1730.8392078410168,1740.4283447265625,33576,0.0,0.0
2020-10-19 00:00:00+09:00,1740.4282351330498,1773.9902121190867,1706.866258147013,1735.6336669921875,31593,0.0,0.0
2020-10-20 00:00:00+09:00,1726.0444695163487,1764.4010132833787,1726.0444695163487,1759.6064453125,14315,0.0,0.0
2020-10-21 00:00:00+09:00,1759.6065422409595,1783.5793834159044,1754.8119740059706,1769.1956787109375,10448,0.0,0.0
2020-10-22 00:00:00+09:00,1769.1956413022933,1793.1684819703462,1754.8119369014616,1783.579345703125,12625,0.0,0.0
2020-10-23 00:00:00+09:00,1783.5793834159044,1797.9630881208716,1754.8119740059706,1769.1956787109375,23749,0.0,0.0
2020-10-26 00:00:00+09:00,1769.195669555664,1769.195669555664,1726.0445556640625,1726.0445556640625,30817,0.0,0.0
2020-10-27 00:00:00+09:00,1706.8662828233507,1745.2228285047743,1706.8662828233507,1726.0445556640625,33863,0.0,0.0
2020-10-28 00:00:00+09:00,1726.0446016905737,1754.81201171875,1716.4554650145149,1754.81201171875,14644,0.0,0.0
2020-10-29 00:00:00+09:00,1754.811952205246,1759.6065203806702,1716.4554068018526,1730.839111328125,21896,0.0,0.0
2020-10-30 00:00:00+09:00,1730.839161934305,1745.2228668811274,1711.660888671875,1711.660888671875,13191,0.0,0.0
2020-11-02 00:00:00+09:00,1711.6608386264284,1764.4010885560942,1711.6608386264284,1730.839111328125,13559,0.0,0.0
2020-11-03 00:00:00+09:00,1745.222900390625,1754.8120372059582,1716.4554899446257,1745.222900390625,16547,0.0,0.0
2020-11-04 00:00:00+09:00,1754.811877341621,1773.990149225136,1730.8390374872274,1759.6064453125,39427,0.0,0.0
2020-11-05 00:00:00+09:00,1759.6066765163257,1769.1958137180495,1750.0175393146017,1764.4012451171875,4826,0.0,0.0
2020-11-06 00:00:00+09:00,1764.4011104759486,1783.5793834159044,1735.6337010660145,1769.1956787109375,16104,0.0,0.0
2020-11-09 00:00:00+09:00,1754.81201171875,1783.579421746926,1750.0174433807206,1754.81201171875,25304,0.0,0.0
2020-11-10 00:00:00+09:00,1778.7848534088967,1778.7848534088967,1735.6337383666323,1754.81201171875,51063,0.0,0.0
2020-11-11 00:00:00+09:00,1769.19565370462,1783.5793582062836,1750.0173810357353,1778.7847900390625,21735,0.0,0.0
2020-11-12 00:00:00+09:00,1778.78476294774,1865.0869886433177,1754.811922476746,1836.319580078125,82772,0.0,0.0
2020-11-13 00:00:00+09:00,1836.319580078125,1884.2652610201128,1826.7304438897277,1836.319580078125,73032,0.0,0.0
2020-11-16 00:00:00+09:00,1855.497802734375,1869.8815066315408,1831.5249629057655,1855.497802734375,33253,0.0,0.0
2020-11-17 00:00:00+09:00,1879.4707534632732,1893.8544582091656,1841.1142074742268,1860.29248046875,37657,0.0,0.0
2020-11-18 00:00:00+09:00,1845.9086668029313,1865.0869386658187,1831.5249629057655,1855.497802734375,65139,0.0,0.0
2020-11-19 00:00:00+09:00,1855.4979501699472,1865.087086863332,1812.3468350497158,1845.9088134765625,54493,0.0,0.0
2020-11-20 00:00:00+09:00,1845.9087632676935,1865.0870361328125,1817.1413539700152,1865.0870361328125,65153,0.0,0.0
2020-11-23 00:00:00+09:00,1879.4706425629845,1879.4706425629845,1831.5249629057655,1855.497802734375,61244,0.0,0.0
2020-11-24 00:00:00+09:00,1855.497802734375,1865.0869386658187,1817.1412590085997,1855.497802734375,45166,0.0,0.0
2020-11-25 00:00:00+09:00,1855.4978524549201,1869.8815567375163,1821.9358757955288,1836.319580078125,122379,0.0,0.0
2020-11-26 00:00:00+09:00,1821.9359256472626,1836.3196303234251,1817.141357421875,1817.141357421875,47055,0.0,0.0
2020-11-27 00:00:00+09:00,1817.141344893606,1836.3196176629317,1807.5522085089433,1821.9359130859375,31860,0.0,0.0
2020-11-30 00:00:00+09:00,1836.3197283935547,2104.815563354492,1821.9360229492188,1917.827392578125,1052211,0.0,0.0
2020-12-01 00:00:00+09:00,1941.8000758513238,1946.5946439398456,1874.6761226120188,1884.2652587890625,210430,0.0,0.0
2020-12-02 00:00:00+09:00,1893.8545433883473,1898.6491118526217,1841.11429028133,1874.67626953125,220359,0.0,0.0
2020-12-03 00:00:00+09:00,1874.6761226120188,1893.854394966106,1860.2924183464534,1884.2652587890625,96520,0.0,0.0
2020-12-04 00:00:00+09:00,1889.059974924073,1889.059974924073,1826.730584888507,1874.67626953125,130374,0.0,0.0
2020-12-07 00:00:00+09:00,1879.470703125,1903.443543726084,1855.4978625239157,1879.470703125,88842,0.0,0.0
2020-12-08 00:00:00+09:00,1879.4707871835442,1937.005607199367,1850.7033771756328,1893.8544921875,158842,0.0,0.0
2020-12-09 00:00:00+09:00,1903.4436367525911,1937.005615234375,1893.8545000435101,1937.005615234375,113334,0.0,0.0
2020-12-10 00:00:00+09:00,1937.0055686145572,1937.0055686145572,1889.0598862231077,1908.2381591796875,483484,0.0,0.0
2020-12-11 00:00:00+09:00,2301.392714389535,2397.2840774890988,2061.664306640625,2061.664306640625,7205358,0.0,0.0
2020-12-14 00:00:00+09:00,2061.664235041692,2109.6099149263823,1965.7728752723108,1994.540283203125,763331,0.0,0.0
2020-12-15 00:00:00+09:00,1994.5404691301703,2004.1296060009886,1927.4165110344436,1970.567626953125,441654,0.0,0.0
2020-12-16 00:00:00+09:00,1960.9783072838418,1999.3348511915942,1956.1837392953726,1994.540283203125,448906,0.0,0.0
2020-12-17 00:00:00+09:00,1999.3349483800275,2032.8969259307714,1970.5675390508186,2004.1295166015625,298795,0.0,0.0
2020-12-18 00:00:00+09:00,2023.307951924887,2047.2807949571722,1980.1568344667733,1989.7459716796875,288735,0.0,0.0
2020-12-21 00:00:00+09:00,1989.7458411907328,1994.5404094827586,1946.5947265625,1946.5947265625,295377,0.0,0.0
2020-12-22 00:00:00+09:00,1946.5946542920165,1970.5674948621152,1917.827245607898,1927.4163818359375,197250,0.0,0.0
2020-12-23 00:00:00+09:00,1927.4164659288197,1956.1838758680556,1922.6218976056136,1941.8001708984375,147904,0.0,0.0
2020-12-24 00:00:00+09:00,1941.8001582704742,1960.9784314385774,1927.4164533943965,1946.5947265625,124028,0.0,0.0
2020-12-28 00:00:00+09:00,1951.3892605047777,1960.9783969200346,1908.2381466361217,1913.03271484375,160006,0.0,0.0
2020-12-29 00:00:00+09:00,1942.2393798828125,1951.9749156215735,1922.7683084052906,1942.2393798828125,132050,30.0,0.0
2020-12-30 00:00:00+09:00,1951.974943255434,1966.5782470703125,1932.5038715022627,1966.5782470703125,96906,0.0,0.0
2021-01-04 00:00:00+09:00,1981.181397393087,1981.181397393087,1937.3714893426256,1961.7103271484375,83646,0.0,0.0
2021-01-05 00:00:00+09:00,1976.3138102412515,2005.5204182743735,1956.84273821917,1990.9171142578125,100802,0.0,0.0
2021-01-06 00:00:00+09:00,1990.9170222584794,2020.123628941978,1971.4459511361472,1995.7847900390625,153900,0.0,0.0
2021-01-07 00:00:00+09:00,1995.7847900390625,2005.5203256002287,1971.4459511361472,1995.7847900390625,111804,0.0,0.0
2021-01-08 00:00:00+09:00,1995.78472960229,1995.78472960229,1947.107053270527,1986.0491943359375,142795,0.0,0.0
2021-01-11 00:00:00+09:00,1986.0492290813918,1986.0492290813918,1927.636016461351,1932.5037841796875,210343,0.0,0.0
2021-01-12 00:00:00+09:00,1932.503805498187,2044.4624642550089,1922.7682699541156,2034.7269287109375,543820,0.0,0.0
2021-01-13 00:00:00+09:00,2039.594745427912,2385.2062655362215,1986.0492986505683,2141.81787109375,3085639,0.0,0.0
2021-01-14 00:00:00+09:00,2132.082275390625,2209.966559423159,2098.0079011263915,2132.082275390625,633552,0.0,0.0
2021-01-15 00:00:00+09:00,2141.8177204176336,2190.4953958816704,2059.0656721287705,2098.0078125,483645,0.0,0.0
2021-01-18 00:00:00+09:00,2098.0078486470343,2098.0078486470343,2005.520263671875,2005.520263671875,272214,0.0,0.0
2021-01-19 00:00:00+09:00,2005.5204941223715,2093.140321535485,1981.1816531742843,2083.40478515625,194511,0.0,0.0
2021-01-20 00:00:00+09:00,2102.875737028302,2102.875737028302,2044.462522110849,2063.93359375,192838,0.0,0.0
2021-01-21 00:00:00+09:00,2073.669125027127,2132.0823398166235,2068.801357128002,2102.875732421875,150129,0.0,0.0
2021-01-22 00:00:00+09:00,2112.6112682201247,2151.5534114131224,2088.272428724501,2102.875732421875,145105,0.0,0.0
2021-01-25 00:00:00+09:00,2112.6110851305752,2112.6110851305752,2024.9912705399063,2073.6689453125,257622,0.0,0.0
2021-01-26 00:00:00+09:00,2068.8014607257155,2078.5369970114834,2015.256011153991,2020.123779296875,158323,0.0,0.0
2021-01-27 00:00:00+09:00,2029.859159207457,2054.197998046875,2005.5203203680392,2054.197998046875,156705,0.0,0.0
2021-01-28 00:00:00+09:00,2039.5948518684113,2044.4626200112953,1995.784938582455,2020.123779296875,91634,0.0,0.0
2021-01-29 00:00:00+09:00,2005.5203905766555,2020.123694391534,1942.2394073788482,1966.5782470703125,213806,0.0,0.0
2021-02-01 00:00:00+09:00,1947.1070842978395,1971.4459228515625,1913.0327103226273,1971.4459228515625,133080,0.0,0.0
2021-02-02 00:00:00+09:00,1971.4459807681342,2020.123659305619,1966.5782129143856,2000.652587890625,81443,0.0,0.0
2021-02-03 00:00:00+09:00,2000.6525560461957,2024.9913949275362,1990.9170204936595,2015.255859375,86829,0.0,0.0
2021-02-04 00:00:00+09:00,2015.2557977529673,2034.7268682626577,2005.520262498122,2024.9913330078125,51714,0.0,0.0
2021-02-05 00:00:00+09:00,2024.9914981617649,2209.966683090003,2024.9914981617649,2151.553466796875,926807,0.0,0.0
2021-02-08 00:00:00+09:00,2151.553466796875,2209.966683090003,2136.950162723593,2151.553466796875,386639,0.0,0.0
2021-02-09 00:00:00+09:00,2136.9501355343605,2166.156743309318,2107.7435277594036,2127.214599609375,191551,0.0,0.0
2021-02-10 00:00:00+09:00,2127.2146266747386,2292.7187395052674,2098.0080185281745,2151.553466796875,933205,0.0,0.0
2021-02-15 00:00:00+09:00,2244.0409921918595,2268.379831586565,2151.5534024919784,2180.760009765625,727954,0.0,0.0
2021-02-16 00:00:00+09:00,2200.2311470411482,2219.7022191388573,2112.6113226014563,2151.553466796875,316421,0.0,0.0
2021-02-17 00:00:00+09:00,2166.1566430986713,2419.2805654382914,2161.288875361371,2209.966552734375,3173026,0.0,0.0
2021-02-18 00:00:00+09:00,2229.43769309304,2317.0575150923296,2141.81787109375,2141.81787109375,965780,0.0,0.0
2021-02-19 00:00:00+09:00,2122.346775742828,2141.817847079918,2010.3881155545596,2078.536865234375,479433,0.0,0.0
2021-02-22 00:00:00+09:00,2063.933580671038,2268.379831586565,2024.9914376395088,2180.760009765625,895519,0.0,0.0
2021-02-23 00:00:00+09:00,2156.4211175962937,2156.4211175962937,2083.4046011991277,2093.14013671875,215468,0.0,0.0
2021-02-24 00:00:00+09:00,2093.1400785900296,2102.8756138392855,2039.594634719122,2044.46240234375,253247,0.0,0.0
2021-02-25 00:00:00+09:00,2049.330433341152,2127.214725344616,2049.330433341152,2107.74365234375,185635,0.0,0.0
2021-02-26 00:00:00+09:00,2107.7434489924735,2122.3467523342224,1956.8426477943979,1995.7847900390625,386491,0.0,0.0
2021-03-02 00:00:00+09:00,2020.1234436035156,2317.0572509765625,2005.5201416015625,2219.701904296875,1881102,0.0,0.0
2021-03-03 00:00:00+09:00,2219.7021807740066,2253.776556356064,2161.28896549048,2205.098876953125,712616,0.0,0.0
2021-03-04 00:00:00+09:00,2224.569826937465,2258.6442006542316,2171.024382525404,2185.627685546875,657396,0.0,0.0
2021-03-05 00:00:00+09:00,2185.6277456347007,2214.8343524805987,2171.0244422117516,2195.36328125,220246,0.0,0.0
2021-03-08 00:00:00+09:00,2185.6277206629925,2185.6277206629925,2132.082275390625,2132.082275390625,223100,0.0,0.0
2021-03-09 00:00:00+09:00,2112.611394293954,2127.2146988628065,2054.1981760185454,2083.40478515625,185372,0.0,0.0
2021-03-10 00:00:00+09:00,2083.4047586066786,2117.4791354997783,2054.198149841164,2059.06591796875,172125,0.0,0.0
2021-03-11 00:00:00+09:00,2059.0658258402123,2102.875737028302,2059.0658258402123,2063.93359375,138779,0.0,0.0
2021-03-12 00:00:00+09:00,2063.9335301598835,2093.14013671875,2024.9913880813954,2093.14013671875,330781,0.0,0.0
2021-03-15 00:00:00+09:00,2098.00778156052,2151.5532237813222,2078.5367116620464,2112.611083984375,125190,0.0,0.0
2021-03-16 00:00:00+09:00,2132.082183629342,2156.421021342006,2098.007810831613,2136.949951171875,146853,0.0,0.0
2021-03-17 00:00:00+09:00,2136.9501355343605,2146.6856714593464,2122.346831646882,2127.214599609375,65014,0.0,0.0
2021-03-18 00:00:00+09:00,2127.214599609375,2141.8179034968534,2117.479063684389,2127.214599609375,76360,0.0,0.0
2021-03-19 00:00:00+09:00,2122.346648544277,2146.6854862569403,2102.875578374146,2136.949951171875,84939,0.0,0.0
2021-03-22 00:00:00+09:00,2136.9500115150227,2185.6276883149094,2132.082243835034,2146.685546875,115291,0.0,0.0
2021-03-23 00:00:00+09:00,2146.6855155326225,2190.49542401288,2127.2144450969527,2161.288818359375,216777,0.0,0.0
2021-03-24 00:00:00+09:00,2161.2889382498606,2370.602957044329,2146.685634613037,2180.760009765625,845069,0.0,0.0
2021-03-25 00:00:00+09:00,2166.156674404102,2239.173191518847,2161.2889065964523,2195.36328125,320021,0.0,0.0
2021-03-26 00:00:00+09:00,2195.3631894271984,2273.2474710920214,2136.949978178581,2200.23095703125,309407,0.0,0.0
2021-03-29 00:00:00+09:00,2205.0987268396325,2244.0408677109726,2161.288818359375,2161.288818359375,129436,0.0,0.0
2021-03-30 00:00:00+09:00,2161.288787227349,2190.495392460151,2151.5532521497485,2175.89208984375,82590,0.0,0.0
2021-03-31 00:00:00+09:00,2175.8919982910156,2268.3795776367188,2166.156463623047,2219.701904296875,233053,0.0,0.0
2021-04-01 00:00:00+09:00,2219.702144228179,2390.074019333412,2205.0988406477304,2258.644287109375,743971,0.0,0.0
2021-04-02 00:00:00+09:00,2351.13192313058,2385.206298828125,2263.512099908323,2385.206298828125,697271,0.0,0.0
2021-04-05 00:00:00+09:00,2390.0741264529343,2409.5451987661963,2297.586532964939,2394.94189453125,435878,0.0,0.0
2021-04-06 00:00:00+09:00,2394.941834741709,2472.8261220503828,2317.057547433036,2385.206298828125,530699,0.0,0.0
2021-04-07 00:00:00+09:00,2385.2061752751774,2453.354923140182,2365.7351044566044,2404.67724609375,202797,0.0,0.0
2021-04-08 00:00:00+09:00,2433.8839783960457,2433.8839783960457,2326.79308334662,2385.206298828125,246181,0.0,0.0
2021-04-09 00:00:00+09:00,2385.206358374619,2424.148503001143,2370.603054139672,2394.94189453125,358769,0.0,0.0
2021-04-12 00:00:00+09:00,2394.941681844325,2443.6193583045756,2355.999540676125,2380.33837890625,252913,0.0,0.0
2021-04-13 00:00:00+09:00,2380.3385308713328,2399.8096026985013,2336.528619260204,2385.206298828125,209704,0.0,0.0
2021-04-14 00:00:00+09:00,2385.2062711420745,2399.8095748429446,2312.189752637725,2360.867431640625,225609,0.0,0.0
2021-04-15 00:00:00+09:00,2360.8673397111306,2404.677249107832,2307.32189489294,2365.735107421875,202881,0.0,0.0
2021-04-16 00:00:00+09:00,2365.735199540915,2394.9418069426547,2321.9252884383054,2360.867431640625,171386,0.0,0.0
2021-04-19 00:00:00+09:00,2355.9997178819444,2687.0079427083333,2321.925341796875,2628.5947265625,2825684,0.0,0.0
2021-04-20 00:00:00+09:00,2589.6525918668567,3266.2723480125205,2521.503839449308,2988.8095703125,14925110,0.0,0.0
2021-04-21 00:00:00+09:00,2920.660638189935,3081.2969732903816,2901.1895672686687,2998.544921875,1815431,0.0,0.0
2021-04-22 00:00:00+09:00,2998.5447694359755,3217.594306164253,2906.057187261814,2993.677001953125,2080126,0.0,0.0
2021-04-23 00:00:00+09:00,2969.338281561503,3164.0489885491425,2959.602746212121,3052.09033203125,602673,0.0,0.0
2021-04-26 00:00:00+09:00,3115.3713942307695,3212.726750300481,3018.0160381610576,3164.049072265625,591055,0.0,0.0
2021-04-27 00:00:00+09:00,3120.239162034255,3212.726750300481,3091.0325552133413,3164.049072265625,442982,0.0,0.0
2021-04-28 00:00:00+09:00,3164.048963490099,3164.048963490099,2906.0572787747524,2949.8671875,544188,0.0,0.0
2021-04-29 00:00:00+09:00,2925.528585924776,3037.4872506107495,2910.9252818353016,2988.8095703125,320291,0.0,0.0
2021-04-30 00:00:00+09:00,2988.80936094772,3616.7513928080716,2979.07382557004,3349.024169921875,3932731,0.0,0.0
2021-05-03 00:00:00+09:00,3324.685215435606,3383.0984256628785,3212.7265625,3212.7265625,645141,0.0,0.0
2021-05-04 00:00:00+09:00,3212.7266312161705,4171.676852957967,3212.7266312161705,3597.2802734375,23605760,0.0,0.0
2021-05-06 00:00:00+09:00,3558.3383597077736,3714.10693359375,3558.3383597077736,3714.10693359375,993296,0.0,0.0
2021-05-07 00:00:00+09:00,3728.710137469952,3796.85888671875,3699.5035306490386,3796.85888671875,515793,0.0,0.0
2021-05-10 00:00:00+09:00,3835.801025390625,3913.68531017013,3835.801025390625,3835.801025390625,970192,0.0,0.0
2021-05-11 00:00:00+09:00,3757.9167442908656,4059.7183481069715,3655.693620417668,3796.85888671875,1661844,0.0,0.0
2021-05-12 00:00:00+09:00,3787.123277359737,3796.8588127771145,3495.057214838421,3568.07373046875,691733,0.0,0.0
2021-05-13 00:00:00+09:00,3485.3216299512696,3607.015820941188,3358.759671321754,3402.569580078125,612816,0.0,0.0
2021-05-14 00:00:00+09:00,3402.569603474935,3577.809239705404,3368.495229763455,3504.792724609375,415981,0.0,0.0
2021-05-17 00:00:00+09:00,3504.792833552225,3938.024169921875,3426.9085483621757,3938.024169921875,955636,0.0,0.0
2021-05-18 00:00:00+09:00,3855.2719829358552,3869.8752859015212,3689.767882658306,3699.50341796875,657571,0.0,0.0
2021-05-20 00:00:00+09:00,3704.371220220711,3787.1232711323432,3611.88363390771,3645.9580078125,260852,0.0,0.0
2021-05-21 00:00:00+09:00,3645.9579789356517,3748.18109984039,3533.999322706653,3621.619140625,427389,0.0,0.0
2021-05-24 00:00:00+09:00,3616.751517857143,3616.751517857143,3339.28875,3407.4375,348194,0.0,0.0
2021-05-25 00:00:00+09:00,3407.4374839907787,3582.67712602459,3246.801145459785,3563.2060546875,542041,0.0,0.0
2021-05-26 00:00:00+09:00,3543.7347475614165,3543.7347475614165,3353.8918146563406,3368.4951171875,306631,0.0,0.0
2021-05-27 00:00:00+09:00,3368.495301177536,3417.1729789402175,3261.4044100996375,3358.759765625,184988,0.0,0.0
2021-05-28 00:00:00+09:00,3358.7597520992035,3514.5283203125,3358.7597520992035,3514.5283203125,200591,0.0,0.0
2021-05-31 00:00:00+09:00,3514.5283844164633,3602.148205634602,3465.8507059619415,3485.32177734375,208133,0.0,0.0
2021-06-01 00:00:00+09:00,3485.3216854079496,3538.867130295502,3436.644008237448,3490.189453125,213810,0.0,0.0
2021-06-02 00:00:00+09:00,3533.9992943377874,3865.0074927055143,3533.9992943377874,3597.2802734375,835437,0.0,0.0
2021-06-03 00:00:00+09:00,3597.280410371296,3806.5944261303835,3538.8671966710854,3757.916748046875,623151,0.0,0.0
2021-06-04 00:00:00+09:00,3757.916687804383,3801.7265973772323,3699.5034750405844,3748.18115234375,348289,0.0,0.0
2021-06-07 00:00:00+09:00,3748.18109984039,3748.18109984039,3621.619140625,3621.619140625,393244,0.0,0.0
2021-06-08 00:00:00+09:00,3621.6192326295422,3660.5613749158815,3548.6027158426564,3616.75146484375,160531,0.0,0.0
2021-06-09 00:00:00+09:00,3689.767952606284,3689.767952606284,3568.0737589187415,3592.41259765625,114902,0.0,0.0
2021-06-10 00:00:00+09:00,3587.5449495135613,3869.87548828125,3548.6028062352593,3869.87548828125,722725,0.0,0.0
2021-06-11 00:00:00+09:00,3860.1397805606616,4157.073609834559,3670.296840533088,3723.84228515625,1231013,0.0,0.0
2021-06-14 00:00:00+09:00,3738.4458780160858,3796.859094860087,3558.3384594137483,3631.35498046875,714149,0.0,0.0
2021-06-15 00:00:00+09:00,3631.3547500054706,3631.3547500054706,3271.1399356617644,3475.586181640625,1259115,0.0,0.0
2021-06-16 00:00:00+09:00,3460.9828926153546,3460.9828926153546,3290.6110202643877,3319.817626953125,682845,0.0,0.0
2021-06-17 00:00:00+09:00,3319.8177190884267,3344.1565586711868,3241.9334324235956,3314.949951171875,350970,0.0,0.0
2021-06-18 00:00:00+09:00,3314.9498521864925,3407.437439839273,3285.743245559299,3397.701904296875,358636,0.0,0.0
2021-06-21 00:00:00+09:00,3383.0985354305653,3475.586121291257,3251.6688081548455,3465.8505859375,398138,0.0,0.0
2021-06-22 00:00:00+09:00,3446.379589270986,3787.1233339729197,3266.2721813571065,3319.817626953125,1328689,0.0,0.0
2021-06-23 00:00:00+09:00,3378.2306750471535,3699.5033329046637,3295.478626811128,3548.6025390625,2275065,0.0,0.0
2021-06-24 00:00:00+09:00,3475.5862336705945,3480.454001504867,3207.8590027856044,3266.272216796875,1198964,0.0,0.0
2021-06-25 00:00:00+09:00,3241.9333017083663,3334.4208883937404,3047.222592897053,3076.42919921875,698997,0.0,0.0
2021-06-28 00:00:00+09:00,3173.7846530773477,3183.5201888229835,3032.619384765625,3032.619384765625,516806,0.0,0.0
2021-06-29 00:00:00+09:00,3056.958350161551,3129.974871264136,2988.809597132472,3013.1484375,516621,0.0,0.0
2021-06-30 00:00:00+09:00,3013.1482814996007,3115.3714057507987,2998.5449780351437,3047.22265625,288829,0.0,0.0
2021-07-01 00:00:00+09:00,3095.900350369752,3237.0656179180583,3061.825975444299,3188.387939453125,296500,0.0,0.0
2021-07-02 00:00:00+09:00,3202.99106640625,3256.536509765625,3042.354736328125,3042.354736328125,476854,0.0,0.0
2021-07-05 00:00:00+09:00,3008.2805541791085,3061.8260009363416,2857.379749681451,2954.735107421875,746769,0.0,0.0
2021-07-06 00:00:00+09:00,2954.735018717448,2974.2060896809894,2876.850734863281,2920.66064453125,297260,0.0,0.0
2021-07-07 00:00:00+09:00,2920.6605816831684,2954.7349551361385,2871.9829053217823,2949.8671875,204193,0.0,0.0
2021-07-08 00:00:00+09:00,2949.867319985868,2949.867319985868,2818.43758790729,2852.511962890625,295224,0.0,0.0
2021-07-09 00:00:00+09:00,2837.908596141918,2881.718505859375,2764.892079946157,2881.718505859375,174819,0.0,0.0
2021-07-12 00:00:00+09:00,2857.379726628262,2954.735083583228,2837.9086552372687,2891.4541015625,131423,0.0,0.0
2021-07-13 00:00:00+09:00,2901.1896052528264,2920.66067642902,2842.776391724246,2906.057373046875,79110,0.0,0.0
2021-07-14 00:00:00+09:00,2906.057405105745,2915.7929408012415,2862.24749447601,2891.4541015625,65956,0.0,0.0
2021-07-15 00:00:00+09:00,2891.454044707834,2891.454044707834,2828.1730639314,2842.7763671875,152818,0.0,0.0
2021-07-16 00:00:00+09:00,2842.776481884438,2935.2640729046507,2789.231034451683,2901.189697265625,133006,0.0,0.0
2021-07-19 00:00:00+09:00,2891.4541057287224,2891.4541057287224,2818.43758790729,2852.511962890625,101812,0.0,0.0
2021-07-20 00:00:00+09:00,2823.305204994658,2857.3795781583867,2794.098599425748,2847.64404296875,56121,0.0,0.0
2021-07-21 00:00:00+09:00,2847.6440135035023,2867.115083681304,2789.230802970097,2823.30517578125,82881,0.0,0.0
2021-07-22 00:00:00+09:00,2823.3052313048706,2925.5283517486673,2774.6275549030624,2910.925048828125,172073,0.0,0.0
2021-07-23 00:00:00+09:00,2935.2639510696,2944.999486562368,2842.7763638883025,2881.718505859375,131679,0.0,0.0
2021-07-26 00:00:00+09:00,2910.924898022677,2915.792665410675,2740.5530394427547,2750.28857421875,207696,0.0,0.0
2021-07-27 00:00:00+09:00,2730.8176558531636,2789.2308677430706,2657.8011409907795,2755.156494140625,216301,0.0,0.0
2021-07-28 00:00:00+09:00,2725.949829979766,2750.2886677474426,2706.478759765625,2706.478759765625,60226,0.0,0.0
2021-07-29 00:00:00+09:00,2706.4789668761023,2764.892181988536,2706.4789668761023,2760.0244140625,61191,0.0,0.0
2021-07-30 00:00:00+09:00,2774.62744140625,2794.0985111705045,2740.553069318805,2774.62744140625,73875,0.0,0.0
2021-08-02 00:00:00+09:00,2750.2887264831325,2760.024261798117,2589.652393785888,2755.156494140625,82879,0.0,0.0
2021-08-03 00:00:00+09:00,2755.1566461364637,2779.4954857666444,2735.6855744323193,2760.0244140625,51260,0.0,0.0
2021-08-04 00:00:00+09:00,2745.4211102843915,2774.6277178406085,2716.2145027281745,2760.0244140625,67132,0.0,0.0
2021-08-05 00:00:00+09:00,2760.0245205360948,2930.396404519804,2740.5534480808137,2857.3798828125,168772,0.0,0.0
2021-08-06 00:00:00+09:00,2862.247314453125,2896.3216872442335,2823.3051741204295,2862.247314453125,157728,0.0,0.0
2021-08-09 00:00:00+09:00,2891.4539513221157,2891.4539513221157,2818.43743739984,2847.64404296875,122920,0.0,0.0
2021-08-10 00:00:00+09:00,2852.51174973869,2867.115052211755,2803.834074828473,2837.908447265625,383039,0.0,0.0
2021-08-11 00:00:00+09:00,3300.3466071428575,3684.900267857143,3037.4871428571428,3407.4375,27391340,0.0,0.0
2021-08-12 00:00:00+09:00,3378.2308996198344,4429.668758867506,3373.3631317529466,4181.41259765625,21554350,0.0,0.0
2021-08-13 00:00:00+09:00,4517.288591657366,5081.949665614537,4244.693590436663,4361.52001953125,15849000,0.0,0.0
2021-08-17 00:00:00+09:00,4371.255487530048,5500.577617938702,4371.255487530048,5062.478515625,28492820,0.0,0.0
2021-08-18 00:00:00+09:00,4838.56096513142,5023.5361328125,4809.354359708091,5023.5361328125,1446423,0.0,0.0
2021-08-19 00:00:00+09:00,5072.214104226742,5081.949639935431,4853.16455078125,4853.16455078125,1103149,0.0,0.0
2021-08-20 00:00:00+09:00,4702.263399298269,4760.67660922744,4473.4783270756825,4638.982421875,1130076,0.0,0.0
2021-08-23 00:00:00+09:00,4838.56146506462,6026.296875,4643.850742124394,6026.296875,31337930,0.0,0.0
2021-08-24 00:00:00+09:00,6328.09849555735,6649.371188408724,5851.057224353796,6026.296875,19612840,0.0,0.0
2021-08-25 00:00:00+09:00,6318.362534806535,6386.5112832559125,5763.43701171875,5763.43701171875,5975454,0.0,0.0
2021-08-26 00:00:00+09:00,5685.552462121212,6824.61006155303,5636.874786931818,6425.453125,30342520,0.0,0.0
2021-08-27 00:00:00+09:00,6250.213759202224,6464.39553911258,5860.792341183394,6074.97412109375,4951850,0.0,0.0
2021-08-30 00:00:00+09:00,6074.973878528226,6376.775465442289,5841.321037046371,6036.03173828125,2966190,0.0,0.0
2021-08-31 00:00:00+09:00,5773.172495682211,5831.585708117444,5461.6353626943,5636.875,3190502,0.0,0.0
2021-09-01 00:00:00+09:00,5724.494668246445,6172.329285150079,5656.345922195893,6162.59375,2919888,0.0,0.0
2021-09-02 00:00:00+09:00,6084.709693242726,6357.3046875,5938.6766606049005,6357.3046875,2001170,0.0,0.0
2021-09-03 00:00:00+09:00,6590.957429334852,7340.593650987414,6415.717793104383,7009.58544921875,6937824,0.0,0.0
2021-09-06 00:00:00+09:00,7622.924176025391,7710.543994140625,6435.188863796659,7009.58544921875,3643206,0.0,0.0
2021-09-07 00:00:00+09:00,7194.560728407784,8226.527490533934,6824.610379721051,7934.46142578125,7187069,0.0,0.0
2021-09-08 00:00:00+09:00,7730.015306214081,8732.775478178879,7506.097986260776,8469.916015625,4861522,0.0,0.0
2021-09-09 00:00:00+09:00,8323.882800166835,8752.246359473666,8187.585304023752,8479.6513671875,3247913,0.0,0.0
2021-09-10 00:00:00+09:00,8499.122438065084,8528.329044381459,8372.560477360792,8479.6513671875,1527374,0.0,0.0
2021-09-13 00:00:00+09:00,8791.188716665518,9054.04817995452,7914.990505702177,8830.130859375,4534469,0.0,0.0
2021-09-14 00:00:00+09:00,8615.949348736134,8791.188996507039,8051.288261474332,8557.5361328125,2655784,0.0,0.0
2021-09-15 00:00:00+09:00,8430.973675009645,8450.444745852623,7691.072982976466,7885.78369140625,1837323,0.0,0.0
2021-09-16 00:00:00+09:00,7846.841521139706,8275.205078125,7564.510994944852,8275.205078125,3606252,0.0,0.0
2021-09-17 00:00:00+09:00,7710.543891407253,7749.4860322729455,7077.7341023397385,7583.98193359375,3154532,0.0,0.0
2021-09-23 00:00:00+09:00,7389.271438242907,8236.26302602569,7165.354121932515,7934.46142578125,5606101,0.0,0.0
2021-09-24 00:00:00+09:00,7837.105849220756,8099.965300064185,7447.684440563824,7583.98193359375,1833285,0.0,0.0
2021-09-27 00:00:00+09:00,7301.651820502318,7992.8748595098705,7165.354319852941,7613.18896484375,3016093,0.0,0.0
2021-09-28 00:00:00+09:00,7788.428442028986,8061.0234375,7506.097911005435,8061.0234375,3779932,0.0,0.0
2021-09-29 00:00:00+09:00,7856.577190896739,8197.320935235508,7788.428442028986,8061.0234375,1926129,0.0,0.0
2021-09-30 00:00:00+09:00,8158.378949081689,8323.883056640625,7720.279840837446,7768.95751953125,1589117,0.0,0.0
2021-10-01 00:00:00+09:00,7730.015320824796,7876.048355852971,7126.412109375,7126.412109375,1229539,0.0,0.0
2021-10-05 00:00:00+09:00,7038.7922355860555,7048.527771181611,6182.065103177241,6405.982421875,2366763,0.0,0.0
2021-10-06 00:00:00+09:00,6396.24716796875,6454.660384114583,5159.834092881944,5257.189453125,3493585,0.0,0.0
2021-10-07 00:00:00+09:00,5432.42874008862,6084.709610314314,5325.337850947088,5870.52783203125,6630139,0.0,0.0
2021-10-08 00:00:00+09:00,5870.527971003606,6084.709754356972,4750.941376201923,5062.478515625,7037563,0.0,0.0
2021-10-12 00:00:00+09:00,5987.354487131333,6581.22216796875,5743.966093345507,6581.22216796875,7271028,0.0,0.0
2021-10-13 00:00:00+09:00,6873.287879382112,7486.626599496946,6493.602005025309,7272.44482421875,15863790,0.0,0.0
2021-10-14 00:00:00+09:00,7204.296129728618,7807.899318976151,6941.436676346629,7399.0068359375,7482707,0.0,0.0
2021-10-15 00:00:00+09:00,7330.858078789465,7720.279490677352,7311.387008195071,7554.775390625,5445740,0.0,0.0
2021-10-18 00:00:00+09:00,7564.511581298174,7759.222304111512,7058.263701983496,7262.7099609375,2543446,0.0,0.0
2021-10-19 00:00:00+09:00,7301.651768178248,7311.387303869152,6746.7262337967,6970.6435546875,1969752,0.0,0.0
2021-10-20 00:00:00+09:00,7223.767279693895,7291.916027615535,6892.75907550307,7136.1474609375,1829956,0.0,0.0
2021-10-21 00:00:00+09:00,7097.205457481971,7106.940993088942,6230.742788461539,6328.09814453125,3053728,0.0,0.0
2021-10-22 00:00:00+09:00,6211.2714296875,6552.01516015625,5958.147515625,6084.70947265625,2133400,0.0,0.0
2021-10-25 00:00:00+09:00,5851.056844923231,5928.941129048665,4994.329719543457,5607.66845703125,5570255,0.0,0.0
2021-10-26 00:00:00+09:00,6026.296662667883,6133.387556511739,5617.404158900434,5753.70166015625,5088765,0.0,0.0
2021-10-27 00:00:00+09:00,5656.345958145332,5948.412014503955,5266.924549667167,5461.63525390625,3424905,0.0,0.0
2021-10-28 00:00:00+09:00,5286.395901648634,5344.809116031492,5004.065365464821,5033.27197265625,1943337,0.0,0.0
2021-10-29 00:00:00+09:00,4974.85897603849,5189.040771484375,4687.660659417873,4789.8837890625,2615744,0.0,0.0
2021-11-01 00:00:00+09:00,4916.445657593289,4965.12333737144,4429.668859811775,4614.64404296875,2887923,0.0,0.0
2021-11-02 00:00:00+09:00,4536.759587528495,5091.685116475113,4531.8918197307175,4804.48681640625,3352473,0.0,0.0
2021-11-03 00:00:00+09:00,4711.999176709642,4819.090067089406,4342.048828125,4342.048828125,1529826,0.0,0.0
2021-11-04 00:00:00+09:00,4400.462160809609,4755.809215830739,3972.098587633452,4103.5283203125,2494652,0.0,0.0
2021-11-05 00:00:00+09:00,4098.660573478479,4536.759684657889,2876.850830078125,2876.850830078125,10869220,0.0,0.0
2021-11-08 00:00:00+09:00,2867.1153921015894,2881.7186963058416,2716.2145819909792,2833.041015625,2303512,0.0,0.0
2021-11-09 00:00:00+09:00,2901.189688967464,2901.189688967464,2696.743435718079,2721.082275390625,1484779,0.0,0.0
2021-11-10 00:00:00+09:00,2701.6111521271373,2745.421062702172,2609.1235631353975,2633.46240234375,1191570,0.0,0.0
2021-11-11 00:00:00+09:00,2579.9167834788145,2691.8754363467633,2336.5284076789267,2448.487060546875,1737555,0.0,0.0
2021-11-12 00:00:00+09:00,2482.561515208041,2652.9333838987886,2467.958212177405,2599.387939453125,1593431,0.0,0.0
2021-11-15 00:00:00+09:00,2613.9911192713175,2643.1977239559133,2531.239072664963,2618.85888671875,658350,0.0,0.0
2021-11-16 00:00:00+09:00,2618.8590488470873,2628.5945843446602,2502.0326228762137,2506.900390625,625153,0.0,0.0
2021-11-17 00:00:00+09:00,2531.23939453125,2540.9749306640624,2394.941888671875,2433.884033203125,532924,0.0,0.0
2021-11-18 00:00:00+09:00,2438.7516522999936,2448.4871878381173,2341.3962969187564,2390.073974609375,373178,0.0,0.0
2021-11-19 00:00:00+09:00,2385.2059936523438,2438.751434326172,2370.6026916503906,2375.470458984375,309659,0.0,0.0
2021-11-22 00:00:00+09:00,2380.3384425951085,2394.941745923913,2268.379783740942,2351.1318359375,534261,0.0,0.0
2021-11-23 00:00:00+09:00,2351.131867980957,2399.809546407064,2326.7930287679037,2336.528564453125,324679,0.0,0.0
2021-11-24 00:00:00+09:00,2326.7931596804888,2336.5286959134614,2253.7766379331933,2278.115478515625,393700,0.0,0.0
2021-11-25 00:00:00+09:00,2292.7186901360938,2336.52860141258,2278.115386377265,2282.983154296875,288196,0.0,0.0
2021-11-26 00:00:00+09:00,2278.1153263851716,2302.454165342278,2224.569880679537,2273.24755859375,497710,0.0,0.0
2021-11-29 00:00:00+09:00,2180.7600372516554,2234.305484594888,2151.553429609892,2205.098876953125,337347,0.0,0.0
2021-11-30 00:00:00+09:00,2190.4955254226434,2258.6442751024592,2078.536865234375,2078.536865234375,498743,0.0,0.0
2021-12-01 00:00:00+09:00,2068.8013527610087,2146.6856389825994,2068.8013527610087,2141.81787109375,290048,0.0,0.0
2021-12-02 00:00:00+09:00,2132.0823893229167,2190.49560546875,2107.7435492621526,2190.49560546875,202387,0.0,0.0
2021-12-03 00:00:00+09:00,2214.834368387858,2375.47070719401,2205.0988327026366,2336.528564453125,629810,0.0,0.0
2021-12-06 00:00:00+09:00,2346.264002963091,2555.578011526188,2321.9251647580795,2419.280517578125,2215760,0.0,0.0
2021-12-07 00:00:00+09:00,2438.751673221588,2604.2557787895203,2433.8839054107666,2492.297119140625,1106134,0.0,0.0
2021-12-08 00:00:00+09:00,2492.296996124031,2701.611001657885,2331.6606662957242,2511.76806640625,2033388,0.0,0.0
2021-12-09 00:00:00+09:00,2521.503689778646,3134.842425130208,2521.503689778646,2920.66064453125,13710230,0.0,0.0
2021-12-10 00:00:00+09:00,2891.454018614547,3056.958120690127,2764.892058203809,2779.495361328125,3580836,0.0,0.0
2021-12-13 00:00:00+09:00,2881.718486345471,3100.768033449434,2711.3466163757216,2740.55322265625,4757933,0.0,0.0
2021-12-14 00:00:00+09:00,2740.5534528331123,2764.8922934444186,2589.652641043012,2638.330322265625,1131859,0.0,0.0
2021-12-15 00:00:00+09:00,2618.85924977658,2667.536930999193,2550.7104960649217,2638.330322265625,881262,0.0,0.0
2021-12-16 00:00:00+09:00,2643.1978485450313,2745.42096975948,2545.8424950074614,2599.387939453125,1489960,0.0,0.0
2021-12-17 00:00:00+09:00,2599.388063826651,2633.462439195165,2570.1814563679245,2579.9169921875,365837,0.0,0.0
2021-12-20 00:00:00+09:00,2575.04904291284,2594.5201131806116,2526.37136724341,2550.710205078125,390831,0.0,0.0
2021-12-21 00:00:00+09:00,2531.239285714286,2575.0491964285716,2433.8839285714284,2555.578125,531085,0.0,0.0
2021-12-22 00:00:00+09:00,2575.0492110820455,2706.4789439728115,2545.8426037729864,2696.743408203125,972750,0.0,0.0
2021-12-23 00:00:00+09:00,2696.7433162654843,2798.9664383621903,2623.7268004821226,2701.611083984375,1618215,0.0,0.0
2021-12-24 00:00:00+09:00,2808.701813493695,3115.371162280702,2755.1563716419955,2774.62744140625,9858042,0.0,0.0
2021-12-27 00:00:00+09:00,2730.8175380097005,2750.288607799431,2618.85888671875,2618.85888671875,1667303,0.0,0.0
2021-12-28 00:00:00+09:00,2628.5945512337116,2677.2722281084098,2521.503662109375,2521.503662109375,851681,0.0,0.0
2021-12-29 00:00:00+09:00,2560.9021374089252,2708.6464914902094,2531.3532665926687,2703.7216796875,720196,30.0,0.0
2021-12-30 00:00:00+09:00,2723.4209977128326,2915.4886630126525,2713.5713738513036,2821.917236328125,2463453,0.0,0.0
2022-01-04 00:00:00+09:00,2856.3910906678816,2994.285832975986,2777.5940950632503,2871.16552734375,3256167,0.0,0.0
2022-01-05 00:00:00+09:00,2876.0902026575855,3496.6165135049414,2866.2405786758814,3457.218017578125,21221930,0.0,0.0
2022-01-06 00:00:00+09:00,3319.3232141340745,3398.1202043805806,3137.1051741890287,3171.578857421875,3771921,0.0,0.0
2022-01-07 00:00:00+09:00,2940.1128073044097,2949.962431449483,2748.045136475478,2767.744384765625,3096643,0.0,0.0
2022-01-10 00:00:00+09:00,2767.744370047928,2895.7894832529923,2693.8721893526986,2777.593994140625,1759798,0.0,0.0
2022-01-11 00:00:00+09:00,2777.593931180427,2787.443555049861,2624.9247612041977,2654.4736328125,684733,0.0,0.0
2022-01-12 00:00:00+09:00,2654.473625578704,2723.420992476852,2624.924754050926,2659.3984375,604160,0.0,0.0
2022-01-13 00:00:00+09:00,2674.172871553109,3038.6089534958896,2674.172871553109,2826.842041015625,11396820,0.0,0.0
2022-01-14 00:00:00+09:00,2772.669174761477,2841.6165432280145,2757.8947386615046,2782.518798828125,1146389,0.0,0.0
2022-01-17 00:00:00+09:00,2718.4963182471265,2748.0451912715516,2546.1278922713122,2570.751953125,1264621,0.0,0.0
2022-01-18 00:00:00+09:00,2570.751938215649,2644.6241203482823,2560.9023139312976,2580.6015625,536393,0.0,0.0
2022-01-19 00:00:00+09:00,2511.6541409779743,2585.5263215949735,2368.8345917851093,2452.556396484375,474641,0.0,0.0
2022-01-20 00:00:00+09:00,2462.4060358577503,2620.0000221526466,2457.481223786035,2605.2255859375,454259,0.0,0.0
2022-01-21 00:00:00+09:00,2590.4510918587057,2684.0225191311683,2506.7292885096604,2644.6240234375,508471,0.0,0.0
2022-01-24 00:00:00+09:00,2590.451133636107,2615.0751938417734,2408.233088114175,2452.556396484375,701481,0.0,0.0
2022-01-25 00:00:00+09:00,2452.5562879207987,2511.6540297984084,2324.511180519311,2358.98486328125,482253,0.0,0.0
2022-01-26 00:00:00+09:00,2304.8120701540315,2506.7293668982948,2304.8120701540315,2427.932373046875,351262,0.0,0.0
2022-01-27 00:00:00+09:00,2418.082583352243,2452.5562658032936,2324.5111595565354,2373.75927734375,387084,0.0,0.0
2022-01-28 00:00:00+09:00,2388.533742427826,2546.127721309662,2354.0600595474243,2521.503662109375,430183,0.0,0.0
2022-02-03 00:00:00+09:00,2541.2030290051985,2639.6992704395084,2521.503780718336,2605.2255859375,369885,0.0,0.0
2022-02-04 00:00:00+09:00,2580.601489349251,2654.4736693878745,2570.751865344101,2629.849609375,263547,0.0,0.0
2022-02-07 00:00:00+09:00,2659.3984813904494,2669.2481053955994,2541.2029933286517,2629.849609375,201479,0.0,0.0
2022-02-08 00:00:00+09:00,2619.999970848881,2693.8721504780783,2585.5262870219217,2639.69921875,288026,0.0,0.0
2022-02-09 00:00:00+09:00,2669.2479970685336,2718.4961150956283,2644.6239380549864,2703.7216796875,234246,0.0,0.0
2022-02-10 00:00:00+09:00,2703.721752159671,2728.345811833256,2634.774385073632,2654.4736328125,200772,0.0,0.0
2022-02-11 00:00:00+09:00,2624.9248566718156,2629.8496687856464,2590.451171875,2590.451171875,171251,0.0,0.0
2022-02-14 00:00:00+09:00,2516.5788718113026,2560.902178751228,2437.78188169588,2506.729248046875,213783,0.0,0.0
2022-02-15 00:00:00+09:00,2467.330760084738,2560.902186115896,2467.330760084738,2501.804443359375,164386,0.0,0.0
2022-02-16 00:00:00+09:00,2531.3533834586465,2634.7744360902257,2531.3533834586465,2620.0,232774,0.0,0.0
2022-02-17 00:00:00+09:00,2644.624090021307,2698.797022964015,2516.578975793087,2600.30078125,383164,0.0,0.0
2022-02-18 00:00:00+09:00,2560.902206052876,2698.7969402249537,2536.2781463792903,2654.4736328125,387260,0.0,0.0
2022-02-21 00:00:00+09:00,2649.54884270056,2679.097714552239,2610.150346898321,2639.69921875,188893,0.0,0.0
2022-02-22 00:00:00+09:00,2629.849737820358,2639.6993623065764,2531.3534929581724,2546.1279296875,218129,0.0,0.0
2022-02-23 00:00:00+09:00,2531.3534854609075,2620.000105574324,2526.428673232384,2551.052734375,505361,0.0,0.0
2022-02-24 00:00:00+09:00,2570.7519561205904,2570.7519561205904,2393.458717767446,2408.233154296875,399858,0.0,0.0
2022-02-25 00:00:00+09:00,2457.4810805209845,2876.090082212936,2418.082586244095,2541.202880859375,7345281,0.0,0.0
2022-02-28 00:00:00+09:00,2555.9774293363766,2644.624045382725,2526.428557320927,2629.849609375,663157,0.0,0.0
2022-03-02 00:00:00+09:00,2629.8495305332567,2738.195391341743,2629.8495305332567,2684.0224609375,721292,0.0,0.0
2022-03-03 00:00:00+09:00,2752.969919373206,2821.9172876580446,2703.7217991697494,2787.443603515625,673905,0.0,0.0
2022-03-04 00:00:00+09:00,2846.541340284667,2964.7368284625773,2767.7443481660603,2792.368408203125,1043774,0.0,0.0
2022-03-07 00:00:00+09:00,2777.5940538584755,2881.0151090553336,2713.5714958794683,2738.195556640625,431743,0.0,0.0
2022-03-08 00:00:00+09:00,2669.2480396811693,2777.593901070442,2644.6239802745167,2674.1728515625,371438,0.0,0.0
2022-03-10 00:00:00+09:00,2688.9472513686133,2748.044993156934,2649.548756843066,2698.796875,242714,0.0,0.0
2022-03-11 00:00:00+09:00,2723.4209837805706,2866.2405290421198,2693.872112347147,2831.766845703125,717752,0.0,0.0
2022-03-14 00:00:00+09:00,2831.7670000066546,2920.4136191372977,2797.293314789182,2890.86474609375,689381,0.0,0.0
2022-03-15 00:00:00+09:00,2856.3909868822034,2861.315798928552,2679.0977532136526,2777.593994140625,632282,0.0,0.0
2022-03-16 00:00:00+09:00,2782.518705480239,2910.563814051011,2718.496151194853,2846.541259765625,389794,0.0,0.0
2022-03-17 00:00:00+09:00,2935.1880254600255,2935.1880254600255,2836.691782994924,2910.56396484375,286988,0.0,0.0
2022-03-18 00:00:00+09:00,2920.4134799466274,3004.135282913057,2861.3157366762066,2984.43603515625,647572,0.0,0.0
2022-03-21 00:00:00+09:00,2974.5864112778463,3082.9322739402846,2945.037539642636,2984.43603515625,518466,0.0,0.0
2022-03-22 00:00:00+09:00,2979.511372953552,2984.436185140252,2807.1429464190487,2885.93994140625,570193,0.0,0.0
2022-03-23 00:00:00+09:00,2856.3910024947477,3132.180478597689,2856.3910024947477,2930.26318359375,2597229,0.0,0.0
2022-03-24 00:00:00+09:00,2920.4136495966445,2930.2632740472236,2836.691841766724,2871.16552734375,489822,0.0,0.0
2022-03-25 00:00:00+09:00,2871.165423021249,2881.0150471139464,2757.8947459552305,2777.593994140625,534761,0.0,0.0
2022-03-28 00:00:00+09:00,2777.593954057836,3053.3834246735073,2743.120270230877,2969.66162109375,1734859,0.0,0.0
2022-03-29 00:00:00+09:00,3018.909785745132,3018.909785745132,2915.488732726131,2940.11279296875,664925,0.0,0.0
2022-03-30 00:00:00+09:00,2945.0374692446226,3146.954753925274,2920.413410137226,3033.68408203125,2110498,0.0,0.0
2022-03-31 00:00:00+09:00,3013.9850255191614,3097.7068317835824,2979.511340586753,3068.157958984375,639867,0.0,0.0
2022-04-01 00:00:00+09:00,3068.1578455901345,3073.0826575413225,2945.037546810434,2979.51123046875,534779,0.0,0.0
2022-04-04 00:00:00+09:00,2994.2856590346532,3023.834530669864,2940.1127277034343,2984.43603515625,353477,0.0,0.0
2022-04-05 00:00:00+09:00,2994.2856517710047,3068.157830679829,2979.51121598924,2989.36083984375,349040,0.0,0.0
2022-04-06 00:00:00+09:00,2954.887289102292,2994.2857862903224,2866.240670429223,2900.71435546875,368235,0.0,0.0
2022-04-07 00:00:00+09:00,2900.714310724116,2900.714310724116,2748.045136475478,2767.744384765625,329696,0.0,0.0
2022-04-08 00:00:00+09:00,2767.744384765625,2816.9925054909922,2728.3458881853317,2767.744384765625,192578,0.0,0.0
2022-04-11 00:00:00+09:00,2772.6690449254324,2777.593856728142,2698.7968678847906,2703.7216796875,234576,0.0,0.0
2022-04-12 00:00:00+09:00,2659.398488801595,2713.5714209808866,2580.6014965408067,2624.9248046875,273188,0.0,0.0
2022-04-13 00:00:00+09:00,2605.2254922451566,2698.79691824262,2605.2254922451566,2669.248046875,140539,0.0,0.0
2022-04-14 00:00:00+09:00,2708.646564094388,2708.646564094388,2639.699197008349,2654.4736328125,158382,0.0,0.0
2022-04-15 00:00:00+09:00,2659.3984302795748,2684.0224898192005,2624.9247469240986,2664.3232421875,111137,0.0,0.0
2022-04-18 00:00:00+09:00,2634.774443488112,2664.32331575153,2605.225571224694,2615.0751953125,163347,0.0,0.0
2022-04-19 00:00:00+09:00,2624.9247327491944,2674.1728515625,2619.9999208678637,2674.1728515625,183820,0.0,0.0
2022-04-20 00:00:00+09:00,2684.0226011327427,2772.6692191518055,2644.6241042353813,2752.969970703125,185465,0.0,0.0
2022-04-21 00:00:00+09:00,2752.969993097319,2752.969993097319,2698.797059422774,2738.195556640625,153801,0.0,0.0
2022-04-22 00:00:00+09:00,2733.2707669635793,2733.2707669635793,2688.9474572290346,2723.421142578125,108911,0.0,0.0
2022-04-25 00:00:00+09:00,2659.3984813904494,2688.947353405899,2590.4511133544006,2629.849609375,361146,0.0,0.0
2022-04-26 00:00:00+09:00,2629.849558832024,2708.646549358826,2624.9247469240986,2664.3232421875,179647,0.0,0.0
2022-04-27 00:00:00+09:00,2615.0751879699246,2634.7744360902257,2580.6015037593984,2620.0,206609,0.0,0.0
2022-04-28 00:00:00+09:00,2644.624001736111,2693.872120949074,2634.7743778935187,2659.3984375,148148,0.0,0.0
2022-04-29 00:00:00+09:00,2688.9473560474535,2807.1428442253637,2659.398484002976,2792.368408203125,345975,0.0,0.0
2022-05-03 00:00:00+09:00,2767.7443122063482,2821.917243584053,2757.894688319493,2816.992431640625,202938,0.0,0.0
2022-05-04 00:00:00+09:00,2846.541259765625,3102.631476907169,2792.3683292164524,2846.541259765625,2412423,0.0,0.0
2022-05-06 00:00:00+09:00,2797.2933366331335,3013.9850739779536,2752.970026721693,2876.09033203125,944211,0.0,0.0
2022-05-10 00:00:00+09:00,2659.3983804744526,2728.3457458941607,2590.4510150547444,2698.796875,248220,0.0,0.0
2022-05-11 00:00:00+09:00,2644.6240829522076,2821.9173175635287,2644.6240829522076,2767.744384765625,291881,0.0,0.0
2022-05-12 00:00:00+09:00,2708.6466317806603,2748.0451282429244,2600.300766509434,2610.150390625,269679,0.0,0.0
2022-05-13 00:00:00+09:00,2615.0751953125,2669.248127795433,2560.9022628295666,2615.0751953125,138974,0.0,0.0
2022-05-16 00:00:00+09:00,2639.699357244318,2738.1956019176137,2629.8497327769887,2708.646728515625,123732,0.0,0.0
2022-05-17 00:00:00+09:00,2733.270774509596,2772.6692721601844,2669.2482158273892,2718.496337890625,181146,0.0,0.0
2022-05-18 00:00:00+09:00,2738.195497769836,2905.6391073456894,2738.195497769836,2777.593994140625,289372,0.0,0.0
2022-05-19 00:00:00+09:00,2738.195391341743,2738.195391341743,2659.3984016628438,2684.0224609375,172657,0.0,0.0
2022-05-20 00:00:00+09:00,2684.0225044208023,2728.345811833256,2644.6240089430657,2654.4736328125,173406,0.0,0.0
2022-05-23 00:00:00+09:00,2634.7743995140827,2654.4736473609173,2580.601467935289,2644.6240234375,193420,0.0,0.0
2022-05-24 00:00:00+09:00,2644.62416671694,2664.3234156310327,2541.2031099179535,2551.052734375,172061,0.0,0.0
2022-05-25 00:00:00+09:00,2551.052511567051,2575.676570559011,2516.5788289783072,2536.278076171875,106479,0.0,0.0
2022-05-26 00:00:00+09:00,2536.278290206527,2600.3008489884396,2526.4286657785406,2555.9775390625,89341,0.0,0.0
2022-05-27 00:00:00+09:00,2600.300818594646,2600.300818594646,2555.9775091867828,2575.6767578125,64417,0.0,0.0
2022-05-30 00:00:00+09:00,2600.3007738657843,2649.5488945829393,2590.4511497223534,2605.2255859375,87479,0.0,0.0
2022-05-31 00:00:00+09:00,2639.69921875,2639.69921875,2575.676663071362,2639.69921875,109747,0.0,0.0
2022-06-02 00:00:00+09:00,2639.69921875,2649.54884270056,2585.5262870219217,2639.69921875,123290,0.0,0.0
2022-06-03 00:00:00+09:00,2654.4736183716495,2698.7969255429757,2629.849558832024,2664.3232421875,146466,0.0,0.0
2022-06-07 00:00:00+09:00,2679.097732032628,2984.436076492229,2679.097732032628,2792.368408203125,3743537,0.0,0.0
2022-06-08 00:00:00+09:00,2797.293220210538,2861.3157763069057,2757.8947241512346,2792.368408203125,670508,0.0,0.0
2022-06-09 00:00:00+09:00,2807.1429267718636,2807.1429267718636,2669.2481865093864,2738.195556640625,387237,0.0,0.0
2022-06-10 00:00:00+09:00,2738.195376771024,2748.0450004284735,2679.0976348263252,2693.8720703125,148879,0.0,0.0
2022-06-13 00:00:00+09:00,2595.375810490098,2639.6991165515988,2531.3532572901527,2541.202880859375,303266,0.0,0.0
2022-06-14 00:00:00+09:00,2491.9548779296874,2580.601494140625,2413.1578857421873,2462.406005859375,241056,0.0,0.0
2022-06-15 00:00:00+09:00,2447.6315363339304,2477.180407999934,2235.8646227275744,2319.58642578125,382621,0.0,0.0
2022-06-16 00:00:00+09:00,2319.586447691306,2442.706747462607,2285.112763755342,2304.81201171875,120757,0.0,0.0
2022-06-17 00:00:00+09:00,2196.4661760001345,2299.887229130186,2152.1428675158268,2285.11279296875,205937,0.0,0.0
2022-06-20 00:00:00+09:00,2304.812138741796,2319.586575528602,2048.7219011038187,2063.496337890625,351403,0.0,0.0
2022-06-21 00:00:00+09:00,2058.571395210598,2196.4661298180063,2058.571395210598,2152.142822265625,275521,0.0,0.0
2022-06-22 00:00:00+09:00,2176.7669458481873,2245.7143151736955,1960.0752136823044,2029.0225830078125,193386,0.0,0.0
2022-06-23 00:00:00+09:00,2009.3232421875,2078.2706083409926,1871.4285098805146,1925.6014404296875,228456,0.0,0.0
2022-06-24 00:00:00+09:00,1876.3534117879747,2004.3985265031647,1876.3534117879747,1945.30078125,238134,0.0,0.0
2022-06-27 00:00:00+09:00,2024.097817660508,2093.045188578384,1999.4737566184094,2078.270751953125,116971,0.0,0.0
2022-06-28 00:00:00+09:00,2097.9699558721527,2137.368452696043,2063.4962711512485,2107.819580078125,119576,0.0,0.0
2022-06-29 00:00:00+09:00,2102.8947386565033,2137.3684228967736,2048.721806278935,2127.518798828125,104008,0.0,0.0
2022-06-30 00:00:00+09:00,2127.518824901396,2137.368449090754,2029.0225830078125,2029.0225830078125,89372,0.0,0.0
2022-07-01 00:00:00+09:00,2014.248120300752,2073.345864661654,1945.3007518796992,1965.0,125352,0.0,0.0
2022-07-04 00:00:00+09:00,1965.000007361024,2009.3233157977388,1900.9774507302136,1960.0751953125,89425,0.0,0.0
2022-07-05 00:00:00+09:00,1960.0751923710466,2053.646621152579,1960.0751923710466,2043.7969970703125,66431,0.0,0.0
2022-07-06 00:00:00+09:00,2063.496260155777,2083.1955084627534,2014.248139388336,2033.9473876953125,99630,0.0,0.0
2022-07-07 00:00:00+09:00,2033.9473842886991,2117.669189453125,2033.9473842886991,2117.669189453125,169449,0.0,0.0
2022-07-08 00:00:00+09:00,2132.4436182433656,2147.218054397477,2083.1954977296623,2122.593994140625,109805,0.0,0.0
2022-07-11 00:00:00+09:00,2122.593994140625,2166.9173026029584,2093.045121832403,2122.593994140625,102901,0.0,0.0
2022-07-12 00:00:00+09:00,2122.594061828903,2132.443686245742,2048.721878702607,2078.270751953125,82931,0.0,0.0
2022-07-13 00:00:00+09:00,2058.571473600719,2127.5188435299297,2053.646661462918,2097.969970703125,103893,0.0,0.0
2022-07-14 00:00:00+09:00,2097.9699856740126,2142.2932952305055,2068.4211126363502,2088.120361328125,72880,0.0,0.0
2022-07-15 00:00:00+09:00,2097.9699558721527,2226.015070549796,2068.421083254235,2107.819580078125,161874,0.0,0.0
2022-07-18 00:00:00+09:00,2137.368372054741,2166.9172435578016,2009.3232622081434,2161.992431640625,162716,0.0,0.0
2022-07-19 00:00:00+09:00,2166.917404513889,2216.16552734375,2161.992592230903,2216.16552734375,90677,0.0,0.0
2022-07-20 00:00:00+09:00,2221.0903244693723,2250.639197965639,2186.616638723728,2226.01513671875,150613,0.0,0.0
2022-07-21 00:00:00+09:00,2230.93989672692,2275.263205933415,2216.165460324755,2260.48876953125,117301,0.0,0.0
2022-07-22 00:00:00+09:00,2260.4886033194402,2280.1878504071915,2186.6164267403738,2206.315673828125,106850,0.0,0.0
2022-07-25 00:00:00+09:00,2206.315673828125,2245.714168003627,2191.5412385123113,2206.315673828125,30927,0.0,0.0
2022-07-26 00:00:00+09:00,2206.315695224719,2240.7893779626056,2186.616447945927,2191.541259765625,59336,0.0,0.0
2022-07-27 00:00:00+09:00,2191.5413289995336,2309.73681640625,2157.067645172575,2309.73681640625,219072,0.0,0.0
2022-07-28 00:00:00+09:00,2309.736831044232,2314.661643050723,2265.413522985814,2299.88720703125,114249,0.0,0.0
2022-07-29 00:00:00+09:00,2324.5112523320895,2334.3608762826493,2285.1127565298507,2309.73681640625,82113,0.0,0.0
2022-08-01 00:00:00+09:00,2309.736766142004,2349.1352610868566,2285.1127068014707,2344.21044921875,134637,0.0,0.0
2022-08-02 00:00:00+09:00,2442.706747462607,2442.706747462607,2280.1879517644898,2304.81201171875,276298,0.0,0.0
2022-08-03 00:00:00+09:00,2294.962330537684,2363.9096966911766,2270.338271197151,2344.21044921875,94517,0.0,0.0
2022-08-04 00:00:00+09:00,2378.6840962431784,2388.5337198301067,2344.2104136889293,2368.83447265625,72709,0.0,0.0
2022-08-05 00:00:00+09:00,2368.83469409785,2393.4587553670585,2363.9098818440084,2383.609130859375,58810,0.0,0.0
2022-08-08 00:00:00+09:00,2398.383357866323,2398.383357866323,2324.511180519311,2358.98486328125,44959,0.0,0.0
2022-08-09 00:00:00+09:00,2358.98488482307,2383.608944163603,2304.8119542738973,2344.21044921875,88676,0.0,0.0
2022-08-10 00:00:00+09:00,2363.909660862786,2388.5337198301067,2339.2856018954653,2368.83447265625,133750,0.0,0.0
2022-08-11 00:00:00+09:00,2368.8344655650285,2388.5337126799145,2358.9848420075855,2373.75927734375,52122,0.0,0.0
2022-08-12 00:00:00+09:00,2373.759513902368,2393.458762980396,2344.210640285326,2378.684326171875,84175,0.0,0.0
2022-08-16 00:00:00+09:00,2378.684311070393,2398.383560023357,2339.2858131644653,2388.533935546875,112621,0.0,0.0
2022-08-17 00:00:00+09:00,2388.5337633634867,2388.5337633634867,2334.360832648026,2339.28564453125,95310,0.0,0.0
2022-08-18 00:00:00+09:00,2294.9623235226677,2354.060065759303,2265.41345240435,2349.13525390625,83332,0.0,0.0
2022-08-19 00:00:00+09:00,2324.5112377255837,2378.6841691132563,2314.661613836916,2319.58642578125,68453,0.0,0.0
2022-08-22 00:00:00+09:00,2255.5639873798077,2294.9624849759616,2240.78955078125,2240.78955078125,95344,0.0,0.0
2022-08-23 00:00:00+09:00,2211.240478515625,2275.263031345699,2191.541231490987,2211.240478515625,67400,0.0,0.0
2022-08-24 00:00:00+09:00,2171.84215111826,2260.48876953125,2171.84215111826,2260.48876953125,59388,0.0,0.0
2022-08-25 00:00:00+09:00,2260.4886966534514,2309.73681640625,2260.4886966534514,2309.73681640625,47416,0.0,0.0
2022-08-26 00:00:00+09:00,2324.5112523320895,2344.210500233209,2299.88719245569,2309.73681640625,58765,0.0,0.0
2022-08-29 00:00:00+09:00,2260.4888378906253,2260.4888378906253,2211.240715060764,2216.16552734375,84873,0.0,0.0
2022-08-30 00:00:00+09:00,2191.541443544771,2240.7895658716197,2186.616631312086,2230.93994140625,55117,0.0,0.0
2022-08-31 00:00:00+09:00,2235.8647236563183,2299.8872818226887,2211.2406628230992,2250.63916015625,161997,0.0,0.0
2022-09-01 00:00:00+09:00,2250.639008943025,2250.639008943025,2147.2179603920326,2186.616455078125,134360,0.0,0.0
2022-09-02 00:00:00+09:00,2161.9925132109743,2166.91732531396,2097.9699558721527,2107.819580078125,129654,0.0,0.0
2022-09-05 00:00:00+09:00,2073.3459548223586,2122.594077264695,2019.1730201357889,2068.421142578125,123495,0.0,0.0
2022-09-06 00:00:00+09:00,2068.4210401965724,2161.9924682054652,2063.4962281961048,2137.368408203125,99923,0.0,0.0
2022-09-07 00:00:00+09:00,2166.9173795650236,2171.842191791308,2048.7218861342044,2073.345947265625,115012,0.0,0.0
2022-09-08 00:00:00+09:00,2073.345888080019,2122.5940089370265,2068.421075994318,2112.744384765625,94934,0.0,0.0
2022-09-13 00:00:00+09:00,2132.443711240646,2221.09033203125,2132.443711240646,2221.09033203125,88370,0.0,0.0
2022-09-14 00:00:00+09:00,2176.766824306531,2221.090130683813,2117.6690824701545,2191.541259765625,76117,0.0,0.0
2022-09-15 00:00:00+09:00,2201.390862056187,2255.5637915475027,2171.8419914245605,2206.315673828125,74652,0.0,0.0
2022-09-16 00:00:00+09:00,2181.6916432423636,2260.4886326145484,2171.8420195708404,2186.616455078125,86011,0.0,0.0
2022-09-19 00:00:00+09:00,2176.7669571959163,2186.616581436622,2097.9699632702723,2102.894775390625,44493,0.0,0.0
2022-09-20 00:00:00+09:00,2088.12030255353,2161.9924830683954,2088.12030255353,2127.518798828125,40229,0.0,0.0
2022-09-21 00:00:00+09:00,2127.51882849007,2171.8421374169466,2107.819580078125,2107.819580078125,26697,0.0,0.0
2022-09-22 00:00:00+09:00,2093.045166015625,2107.8196024816175,2048.721856617647,2093.045166015625,37190,0.0,0.0
2022-09-23 00:00:00+09:00,2068.4211200687055,2142.293302928302,2068.4211200687055,2083.195556640625,50278,0.0,0.0
2022-09-26 00:00:00+09:00,2063.4961882054345,2063.4961882054345,1900.9773953396127,1915.7518310546875,143696,0.0,0.0
2022-09-27 00:00:00+09:00,1871.4285309781733,1945.300709832575,1792.6315402001449,1910.8270263671875,212307,0.0,0.0
2022-09-28 00:00:00+09:00,1891.1277871621621,1964.999966348184,1772.932300464527,1822.180419921875,158797,0.0,0.0
2022-09-29 00:00:00+09:00,1841.8796973723531,1891.1278176229507,1802.481201171875,1802.481201171875,66825,0.0,0.0
2022-09-30 00:00:00+09:00,1748.3082131778492,1856.654074276195,1748.3082131778492,1841.879638671875,65585,0.0,0.0
2022-10-04 00:00:00+09:00,1846.8045251495591,1965.0000147591309,1846.8045251495591,1955.150390625,105752,0.0,0.0
2022-10-05 00:00:00+09:00,1984.6992780854432,2009.3233386075951,1940.3759691455698,1945.30078125,121256,0.0,0.0
2022-10-06 00:00:00+09:00,1945.3006948710072,2009.3232493857492,1940.375882985258,2004.3984375,52513,0.0,0.0
2022-10-07 00:00:00+09:00,2004.398549605389,2024.0977982501595,1851.7293726084183,1930.5263671875,65802,0.0,0.0
2022-10-11 00:00:00+09:00,1930.5263568260943,1930.5263568260943,1841.8797384004063,1856.6541748046875,74146,0.0,0.0
2022-10-12 00:00:00+09:00,1822.1804641891313,1836.9549003852592,1792.631591796875,1792.631591796875,77550,0.0,0.0
2022-10-13 00:00:00+09:00,1777.8571823474972,1782.781994486964,1684.285751697629,1694.1353759765625,98341,0.0,0.0
2022-10-14 00:00:00+09:00,1694.135302602763,1832.0300365355458,1694.135302602763,1827.105224609375,146414,0.0,0.0
2022-10-17 00:00:00+09:00,1827.1052874160002,1896.052656752453,1827.1052874160002,1866.5037841796875,54879,0.0,0.0
2022-10-18 00:00:00+09:00,1886.2029454848346,1930.5262522977941,1886.2029454848346,1925.6014404296875,57877,0.0,0.0
2022-10-19 00:00:00+09:00,1930.5263597328244,1969.924856870229,1915.7519233062976,1935.451171875,46040,0.0,0.0
2022-10-20 00:00:00+09:00,1930.5262813913114,1979.7744008145592,1905.9022216796875,1905.9022216796875,51227,0.0,0.0
2022-10-21 00:00:00+09:00,1886.2030325615312,1915.7519051342967,1866.5037841796875,1866.5037841796875,46022,0.0,0.0
2022-10-24 00:00:00+09:00,1881.2782430445895,1920.6767402811254,1851.7293701171875,1851.7293701171875,48939,0.0,0.0
2022-10-25 00:00:00+09:00,1876.353418960184,1940.3759765625,1871.428606836929,1940.3759765625,63106,0.0,0.0
2022-10-26 00:00:00+09:00,1960.0751953125,1969.9248194095478,1920.676698924309,1960.0751953125,54221,0.0,0.0
2022-10-27 00:00:00+09:00,1960.0751733946383,2009.323293329177,1960.0751733946383,1974.849609375,52227,0.0,0.0
2022-10-28 00:00:00+09:00,1974.8496314580716,1989.6240676036432,1955.1503832639762,1960.0751953125,34934,0.0,0.0
2022-10-31 00:00:00+09:00,1964.9999494881465,1999.4736328125,1915.7518304533558,1999.4736328125,39344,0.0,0.0
2022-11-01 00:00:00+09:00,1999.4736328125,2014.248068522937,1969.9247613916255,1999.4736328125,49687,0.0,0.0
2022-11-02 00:00:00+09:00,1999.4737374441966,1999.4737374441966,1925.6015550263073,1930.5263671875,31511,0.0,0.0
2022-11-03 00:00:00+09:00,1896.0526417809833,1896.0526417809833,1822.1804609323735,1876.3533935546875,99096,0.0,0.0
2022-11-04 00:00:00+09:00,1866.5037841796875,1871.4285962751485,1817.2556632250785,1866.5037841796875,58033,0.0,0.0
2022-11-07 00:00:00+09:00,1866.5037990742085,1900.9774840175317,1856.6541748046875,1856.6541748046875,69813,0.0,0.0
2022-11-08 00:00:00+09:00,1881.2781982421875,1930.5263186150196,1866.503762130338,1881.2781982421875,63594,0.0,0.0
2022-11-09 00:00:00+09:00,1886.2030029296875,1900.977438983967,1861.5789428392216,1886.2030029296875,41983,0.0,0.0
2022-11-10 00:00:00+09:00,1866.503776791221,1896.052649247019,1841.8797164113898,1871.4285888671875,45753,0.0,0.0
2022-11-11 00:00:00+09:00,1900.9774097373627,1930.5262813913114,1896.0525977950379,1905.9022216796875,78867,0.0,0.0
2022-11-14 00:00:00+09:00,1910.827089251894,1999.4737067945075,1910.827089251894,1950.2255859375,57583,0.0,0.0
2022-11-15 00:00:00+09:00,1930.5263302896724,1955.150390625,1876.3533975519522,1955.150390625,89382,0.0,0.0
2022-11-16 00:00:00+09:00,1955.1504054588609,1965.0000296677217,1920.676720727848,1945.30078125,86722,0.0,0.0
2022-11-17 00:00:00+09:00,1930.5262801670792,1989.6240234375,1915.751844349474,1989.6240234375,91937,0.0,0.0
2022-11-18 00:00:00+09:00,2097.9699564873417,2097.9699564873417,1930.526344936709,1945.30078125,254113,0.0,0.0
2022-11-21 00:00:00+09:00,1945.3007246422644,1960.0751605256235,1891.1277930699482,1900.9774169921875,95354,0.0,0.0
2022-11-22 00:00:00+09:00,1881.2781982421875,1965.000002876002,1871.428574167621,1881.2781982421875,90487,0.0,0.0
2022-11-23 00:00:00+09:00,1886.2029956181843,1910.8270556132,1881.2781836191814,1891.1278076171875,45562,0.0,0.0
2022-11-24 00:00:00+09:00,1905.9022916997144,1945.3007886857552,1891.1278553299492,1940.3759765625,63780,0.0,0.0
2022-11-25 00:00:00+09:00,1940.3759471184046,1965.000007361024,1930.5263230213568,1960.0751953125,47500,0.0,0.0
2022-11-28 00:00:00+09:00,1960.075130834335,1969.9247546073716,1822.1803980118189,1920.6766357421875,58686,0.0,0.0
2022-11-29 00:00:00+09:00,1891.1277786726803,1915.7518382908142,1891.1277786726803,1910.8270263671875,30528,0.0,0.0
2022-11-30 00:00:00+09:00,1930.52635231599,1950.22560080901,1910.8271038229695,1940.3759765625,50847,0.0,0.0
2022-12-01 00:00:00+09:00,1960.0751518022896,1989.6240234375,1945.3007159846843,1989.6240234375,64080,0.0,0.0
2022-12-02 00:00:00+09:00,1989.6240453553617,2004.398481335723,1964.9999853880922,1974.849609375,67552,0.0,0.0
2022-12-05 00:00:00+09:00,1969.924856870229,1984.6992932967557,1935.451171875,1935.451171875,63725,0.0,0.0
2022-12-06 00:00:00+09:00,1930.5263302896724,1965.0000147591309,1910.8270820214104,1955.150390625,46228,0.0,0.0
2022-12-07 00:00:00+09:00,1920.676664836666,1935.4511007200251,1881.278169147709,1900.9774169921875,50875,0.0,0.0
2022-12-08 00:00:00+09:00,1886.2030325615312,1886.2030325615312,1851.7293478933047,1866.5037841796875,72266,0.0,0.0
2022-12-09 00:00:00+09:00,1866.5037386310635,1999.4736619636194,1866.5037386310635,1979.7744140625,201204,0.0,0.0
2022-12-12 00:00:00+09:00,1979.7744287109374,2009.32330078125,1969.9248046875,1969.9248046875,74203,0.0,0.0
2022-12-13 00:00:00+09:00,1950.2256083015268,1969.924856870229,1910.8271111641222,1935.451171875,59592,0.0,0.0
2022-12-14 00:00:00+09:00,1940.375939849624,1979.7744360902257,1925.6015037593986,1965.0,124427,0.0,0.0
2022-12-15 00:00:00+09:00,1964.9999926757812,1979.7744287109374,1955.1503686523438,1969.9248046875,40860,0.0,0.0
2022-12-16 00:00:00+09:00,1969.9248378716627,2097.9699523333206,1950.225589492946,2029.0225830078125,346968,0.0,0.0
2022-12-19 00:00:00+09:00,2043.7969697411381,2068.4210296175374,1979.7744140625,1979.7744140625,123563,0.0,0.0
2022-12-20 00:00:00+09:00,1979.7744140625,2048.721781716418,1979.7744140625,1979.7744140625,85091,0.0,0.0
2022-12-21 00:00:00+09:00,1999.4736400462964,2004.3984519675928,1979.7743923611113,1994.548828125,60063,0.0,0.0
2022-12-22 00:00:00+09:00,1994.548828125,2019.1728877314815,1974.8495804398149,1994.548828125,49976,0.0,0.0
2022-12-23 00:00:00+09:00,1994.5489022943038,1999.4737143987343,1920.676720727848,1945.30078125,91862,0.0,0.0
2022-12-26 00:00:00+09:00,1925.601461226852,1994.548828125,1920.6766493055557,1994.548828125,90476,0.0,0.0
2022-12-27 00:00:00+09:00,1994.548872180451,1994.548872180451,1945.3007518796992,1965.0,39558,0.0,0.0
2022-12-28 00:00:00+09:00,1995.0,2005.0,1975.0,1995.0,62561,30.0,0.0
2022-12-29 00:00:00+09:00,1995.0,1995.0,1945.0,1965.0,51375,0.0,0.0
2023-01-02 00:00:00+09:00,1965.0,1975.0,1880.0,1890.0,77334,0.0,0.0
2023-01-03 00:00:00+09:00,1885.0,1905.0,1835.0,1895.0,77491,0.0,0.0
2023-01-04 00:00:00+09:00,1875.0,1980.0,1850.0,1900.0,43701,0.0,0.0
2023-01-05 00:00:00+09:00,1930.0,1935.0,1900.0,1915.0,26168,0.0,0.0
2023-01-06 00:00:00+09:00,1915.0,1955.0,1900.0,1955.0,26910,0.0,0.0
2023-01-09 00:00:00+09:00,1955.0,1975.0,1940.0,1960.0,16412,0.0,0.0
2023-01-10 00:00:00+09:00,1960.0,1975.0,1940.0,1950.0,28090,0.0,0.0
2023-01-11 00:00:00+09:00,1955.0,1980.0,1950.0,1980.0,33224,0.0,0.0
2023-01-12 00:00:00+09:00,2005.0,2015.0,1950.0,1985.0,59531,0.0,0.0
2023-01-13 00:00:00+09:00,1980.0,2005.0,1970.0,1990.0,27202,0.0,0.0
2023-01-16 00:00:00+09:00,1990.0,2005.0,1985.0,1990.0,28952,0.0,0.0
2023-01-17 00:00:00+09:00,1990.0,2010.0,1970.0,2010.0,58676,0.0,0.0
2023-01-18 00:00:00+09:00,2010.0,2010.0,1990.0,1995.0,28602,0.0,0.0
2023-01-19 00:00:00+09:00,1995.0,2005.0,1965.0,1985.0,43361,0.0,0.0
2023-01-20 00:00:00+09:00,2000.0,2005.0,1980.0,2000.0,29346,0.0,0.0
2023-01-25 00:00:00+09:00,2000.0,2010.0,1975.0,2000.0,156078,0.0,0.0
2023-01-26 00:00:00+09:00,2010.0,2010.0,1994.0,2005.0,51107,0.0,0.0
2023-01-27 00:00:00+09:00,2005.0,2015.0,1997.0,2010.0,55016,0.0,0.0
2023-01-30 00:00:00+09:00,2025.0,2025.0,1990.0,2005.0,51151,0.0,0.0
2023-01-31 00:00:00+09:00,2010.0,2020.0,1989.0,2010.0,59254,0.0,0.0
2023-02-01 00:00:00+09:00,2010.0,2020.0,1996.0,2005.0,31335,0.0,0.0
2023-02-02 00:00:00+09:00,2005.0,2020.0,1999.0,2015.0,50531,0.0,0.0
2023-02-03 00:00:00+09:00,2015.0,2050.0,2000.0,2040.0,59099,0.0,0.0
2023-02-06 00:00:00+09:00,2040.0,2045.0,2015.0,2035.0,40313,0.0,0.0
2023-02-07 00:00:00+09:00,2040.0,2055.0,2010.0,2020.0,49337,0.0,0.0
2023-02-08 00:00:00+09:00,2040.0,2075.0,2025.0,2070.0,75773,0.0,0.0
2023-02-09 00:00:00+09:00,2070.0,2090.0,2045.0,2065.0,35713,0.0,0.0
2023-02-10 00:00:00+09:00,2065.0,2065.0,1998.0,2005.0,58501,0.0,0.0
2023-02-13 00:00:00+09:00,2005.0,2025.0,1988.0,1999.0,35174,0.0,0.0
2023-02-14 00:00:00+09:00,1999.0,2020.0,1999.0,2015.0,19472,0.0,0.0
2023-02-15 00:00:00+09:00,2015.0,2020.0,1986.0,1994.0,48450,0.0,0.0
2023-02-16 00:00:00+09:00,1978.0,2010.0,1978.0,1998.0,32178,0.0,0.0
2023-02-17 00:00:00+09:00,1998.0,2005.0,1980.0,1992.0,21841,0.0,0.0
2023-02-20 00:00:00+09:00,1992.0,2035.0,1992.0,2020.0,41941,0.0,0.0
2023-02-21 00:00:00+09:00,2030.0,2035.0,2000.0,2020.0,29284,0.0,0.0
2023-02-22 00:00:00+09:00,2010.0,2040.0,2000.0,2020.0,49240,0.0,0.0
2023-02-23 00:00:00+09:00,2000.0,2025.0,2000.0,2025.0,35895,0.0,0.0
2023-02-24 00:00:00+09:00,2025.0,2040.0,2000.0,2005.0,48345,0.0,0.0
2023-02-27 00:00:00+09:00,2005.0,2005.0,1975.0,1981.0,26757,0.0,0.0
2023-02-28 00:00:00+09:00,1981.0,2010.0,1981.0,2010.0,29834,0.0,0.0
2023-03-02 00:00:00+09:00,2030.0,2035.0,1998.0,2020.0,48788,0.0,0.0
2023-03-03 00:00:00+09:00,2025.0,2035.0,2000.0,2020.0,37132,0.0,0.0
2023-03-06 00:00:00+09:00,2020.0,2025.0,1998.0,2005.0,51649,0.0,0.0
2023-03-07 00:00:00+09:00,2015.0,2015.0,1998.0,2000.0,60149,0.0,0.0
2023-03-08 00:00:00+09:00,1980.0,1993.0,1974.0,1991.0,28995,0.0,0.0
2023-03-09 00:00:00+09:00,1985.0,2005.0,1981.0,1985.0,18573,0.0,0.0
2023-03-10 00:00:00+09:00,1985.0,1995.0,1976.0,1986.0,23188,0.0,0.0
2023-03-13 00:00:00+09:00,1961.0,1975.0,1951.0,1963.0,38029,0.0,0.0
2023-03-14 00:00:00+09:00,1945.0,1952.0,1901.0,1903.0,40271,0.0,0.0
2023-03-15 00:00:00+09:00,1903.0,1945.0,1903.0,1912.0,35150,0.0,0.0
2023-03-16 00:00:00+09:00,1912.0,1918.0,1884.0,1907.0,31148,0.0,0.0
2023-03-17 00:00:00+09:00,1902.0,1926.0,1902.0,1915.0,23894,0.0,0.0
2023-03-20 00:00:00+09:00,1917.0,2025.0,1917.0,1954.0,68966,0.0,0.0
2023-03-21 00:00:00+09:00,1957.0,1968.0,1945.0,1947.0,21150,0.0,0.0
2023-03-22 00:00:00+09:00,1947.0,1967.0,1940.0,1944.0,25408,0.0,0.0
2023-03-23 00:00:00+09:00,1935.0,1959.0,1925.0,1938.0,36255,0.0,0.0
2023-03-24 00:00:00+09:00,1931.0,1949.0,1921.0,1930.0,27982,0.0,0.0
2023-03-27 00:00:00+09:00,1930.0,1935.0,1919.0,1924.0,18740,0.0,0.0
2023-03-28 00:00:00+09:00,1916.0,1924.0,1901.0,1906.0,64737,0.0,0.0
2023-03-29 00:00:00+09:00,1906.0,1913.0,1897.0,1913.0,48015,0.0,0.0
2023-03-30 00:00:00+09:00,1907.0,1929.0,1900.0,1922.0,39902,0.0,0.0
2023-03-31 00:00:00+09:00,1937.0,1937.0,1908.0,1914.0,33393,0.0,0.0
2023-04-03 00:00:00+09:00,1968.0,1980.0,1938.0,1976.0,87341,0.0,0.0
2023-04-04 00:00:00+09:00,1995.0,1995.0,1931.0,1981.0,98187,0.0,0.0
2023-04-05 00:00:00+09:00,1982.0,2080.0,1973.0,1999.0,111594,0.0,0.0
2023-04-06 00:00:00+09:00,1999.0,2035.0,1992.0,2015.0,65705,0.0,0.0
2023-04-07 00:00:00+09:00,2015.0,2040.0,1999.0,2020.0,57841,0.0,0.0
2023-04-10 00:00:00+09:00,2020.0,2020.0,1986.0,2000.0,72450,0.0,0.0
2023-04-11 00:00:00+09:00,2000.0,2015.0,1977.0,2015.0,45581,0.0,0.0
2023-04-12 00:00:00+09:00,2025.0,2030.0,2000.0,2020.0,51249,0.0,0.0
2023-04-13 00:00:00+09:00,2020.0,2035.0,2000.0,2030.0,45553,0.0,0.0
2023-04-14 00:00:00+09:00,2040.0,2055.0,1988.0,2005.0,56343,0.0,0.0
2023-04-17 00:00:00+09:00,2025.0,2045.0,2005.0,2040.0,63495,0.0,0.0
2023-04-18 00:00:00+09:00,2045.0,2050.0,2015.0,2050.0,73101,0.0,0.0
2023-04-19 00:00:00+09:00,2050.0,2075.0,2045.0,2070.0,66697,0.0,0.0
2023-04-20 00:00:00+09:00,2070.0,2080.0,2055.0,2055.0,64276,0.0,0.0
2023-04-21 00:00:00+09:00,2030.0,2045.0,1994.0,1998.0,71765,0.0,0.0
2023-04-24 00:00:00+09:00,1998.0,2005.0,1968.0,1971.0,69457,0.0,0.0
2023-04-25 00:00:00+09:00,1952.0,1989.0,1938.0,1970.0,65584,0.0,0.0
2023-04-26 00:00:00+09:00,1961.0,1981.0,1949.0,1980.0,31112,0.0,0.0
2023-04-27 00:00:00+09:00,1970.0,2035.0,1940.0,2035.0,71212,0.0,0.0
2023-04-28 00:00:00+09:00,2040.0,2060.0,2000.0,2005.0,78504,0.0,0.0
2023-05-02 00:00:00+09:00,2040.0,2080.0,2025.0,2080.0,128409,0.0,0.0
2023-05-03 00:00:00+09:00,2080.0,2090.0,2040.0,2040.0,81264,0.0,0.0
2023-05-04 00:00:00+09:00,2030.0,2060.0,2025.0,2055.0,43201,0.0,0.0
2023-05-08 00:00:00+09:00,2055.0,2075.0,2045.0,2055.0,48345,0.0,0.0
2023-05-09 00:00:00+09:00,2070.0,2085.0,2040.0,2045.0,42702,0.0,0.0
2023-05-10 00:00:00+09:00,2065.0,2075.0,2045.0,2075.0,51318,0.0,0.0
2023-05-11 00:00:00+09:00,2055.0,2095.0,2050.0,2080.0,50113,0.0,0.0
2023-05-12 00:00:00+09:00,2075.0,2090.0,2050.0,2065.0,42052,0.0,0.0
2023-05-15 00:00:00+09:00,2065.0,2065.0,2010.0,2035.0,38585,0.0,0.0
2023-05-16 00:00:00+09:00,2035.0,2040.0,2015.0,2025.0,51064,0.0,0.0
2023-05-17 00:00:00+09:00,2085.0,2190.0,2050.0,2190.0,289188,0.0,0.0
2023-05-18 00:00:00+09:00,2190.0,2240.0,2155.0,2185.0,179772,0.0,0.0
2023-05-19 00:00:00+09:00,2185.0,2240.0,2185.0,2210.0,73285,0.0,0.0
2023-05-22 00:00:00+09:00,2225.0,2265.0,2210.0,2220.0,75132,0.0,0.0
2023-05-23 00:00:00+09:00,2220.0,2265.0,2205.0,2210.0,83982,0.0,0.0
2023-05-24 00:00:00+09:00,2195.0,2230.0,2180.0,2205.0,58697,0.0,0.0
2023-05-25 00:00:00+09:00,2205.0,2235.0,2190.0,2210.0,50763,0.0,0.0
2023-05-26 00:00:00+09:00,2190.0,2215.0,2175.0,2200.0,47295,0.0,0.0
2023-05-30 00:00:00+09:00,2200.0,2210.0,2175.0,2195.0,70078,0.0,0.0
2023-05-31 00:00:00+09:00,2195.0,2235.0,2195.0,2230.0,61973,0.0,0.0
2023-06-01 00:00:00+09:00,2230.0,2250.0,2200.0,2230.0,71326,0.0,0.0
2023-06-02 00:00:00+09:00,2230.0,2250.0,2205.0,2250.0,69483,0.0,0.0
2023-06-05 00:00:00+09:00,2250.0,2260.0,2225.0,2250.0,54219,0.0,0.0
2023-06-07 00:00:00+09:00,2250.0,2265.0,2225.0,2230.0,52800,0.0,0.0
2023-06-08 00:00:00+09:00,2225.0,2250.0,2200.0,2235.0,40743,0.0,0.0
2023-06-09 00:00:00+09:00,2235.0,2250.0,2210.0,2215.0,34957,0.0,0.0
2023-06-12 00:00:00+09:00,2215.0,2240.0,2175.0,2180.0,55020,0.0,0.0
2023-06-13 00:00:00+09:00,2180.0,2220.0,2150.0,2155.0,38559,0.0,0.0
2023-06-14 00:00:00+09:00,2175.0,2185.0,2070.0,2085.0,86213,0.0,0.0
2023-06-15 00:00:00+09:00,2095.0,2110.0,2065.0,2105.0,61956,0.0,0.0
2023-06-16 00:00:00+09:00,2120.0,2170.0,2100.0,2140.0,46773,0.0,0.0
2023-06-19 00:00:00+09:00,2140.0,2180.0,2135.0,2150.0,41623,0.0,0.0
2023-06-20 00:00:00+09:00,2150.0,2160.0,2110.0,2110.0,42380,0.0,0.0
2023-06-21 00:00:00+09:00,2115.0,2130.0,2075.0,2095.0,40403,0.0,0.0
2023-06-22 00:00:00+09:00,2070.0,2180.0,2070.0,2140.0,78234,0.0,0.0
2023-06-23 00:00:00+09:00,2130.0,2135.0,2085.0,2085.0,44328,0.0,0.0
2023-06-26 00:00:00+09:00,2085.0,2120.0,2085.0,2120.0,74713,0.0,0.0
2023-06-27 00:00:00+09:00,2150.0,2160.0,2130.0,2155.0,73259,0.0,0.0
2023-06-28 00:00:00+09:00,2150.0,2180.0,2140.0,2180.0,39929,0.0,0.0
2023-06-29 00:00:00+09:00,2155.0,2200.0,2150.0,2165.0,36615,0.0,0.0
2023-06-30 00:00:00+09:00,2145.0,2210.0,2105.0,2185.0,81647,0.0,0.0
2023-07-03 00:00:00+09:00,2185.0,2225.0,2170.0,2195.0,119568,0.0,0.0
2023-07-04 00:00:00+09:00,2210.0,2225.0,2170.0,2200.0,80081,0.0,0.0
2023-07-05 00:00:00+09:00,2200.0,2220.0,2170.0,2170.0,37635,0.0,0.0
2023-07-06 00:00:00+09:00,2170.0,2190.0,2070.0,2095.0,79522,0.0,0.0
2023-07-07 00:00:00+09:00,2080.0,2095.0,2040.0,2070.0,89533,0.0,0.0
2023-07-10 00:00:00+09:00,2050.0,2070.0,2020.0,2030.0,62423,0.0,0.0
2023-07-13 00:00:00+09:00,2155.0,2210.0,2150.0,2180.0,61153,0.0,0.0
2023-07-14 00:00:00+09:00,2195.0,2205.0,2120.0,2145.0,77998,0.0,0.0
2023-07-17 00:00:00+09:00,2145.0,2195.0,2125.0,2195.0,39028,0.0,0.0
2023-07-18 00:00:00+09:00,2195.0,2195.0,2100.0,2110.0,47158,0.0,0.0
2023-07-19 00:00:00+09:00,2095.0,2125.0,2080.0,2095.0,57956,0.0,0.0
2023-07-20 00:00:00+09:00,2095.0,2095.0,2070.0,2070.0,27303,0.0,0.0
2023-07-21 00:00:00+09:00,2070.0,2105.0,2065.0,2070.0,27957,0.0,0.0
2023-07-24 00:00:00+09:00,2070.0,2070.0,1990.0,2015.0,99130,0.0,0.0
2023-07-25 00:00:00+09:00,1995.0,2020.0,1995.0,2010.0,47182,0.0,0.0
2023-07-26 00:00:00+09:00,2000.0,2010.0,1890.0,1897.0,148341,0.0,0.0
2023-07-27 00:00:00+09:00,1891.0,1931.0,1878.0,1927.0,64262,0.0,0.0
2023-07-28 00:00:00+09:00,1927.0,1977.0,1918.0,1977.0,42863,0.0,0.0
2023-07-31 00:00:00+09:00,1977.0,2045.0,1977.0,2035.0,46116,0.0,0.0
2023-08-01 00:00:00+09:00,2035.0,2040.0,2005.0,2015.0,45320,0.0,0.0
2023-08-02 00:00:00+09:00,2015.0,2015.0,1955.0,1970.0,65263,0.0,0.0
2023-08-03 00:00:00+09:00,1962.0,1985.0,1945.0,1972.0,40465,0.0,0.0
2023-08-04 00:00:00+09:00,1972.0,2020.0,1964.0,2020.0,30492,0.0,0.0
2023-08-07 00:00:00+09:00,2020.0,2065.0,1984.0,1990.0,37721,0.0,0.0
2023-08-08 00:00:00+09:00,1970.0,1985.0,1952.0,1952.0,43417,0.0,0.0
2023-08-09 00:00:00+09:00,1951.0,1960.0,1930.0,1949.0,30340,0.0,0.0
2023-08-10 00:00:00+09:00,1969.0,1979.0,1959.0,1977.0,25871,0.0,0.0
2023-08-11 00:00:00+09:00,1977.0,1984.0,1961.0,1961.0,36670,0.0,0.0
2023-08-14 00:00:00+09:00,1961.0,1968.0,1940.0,1949.0,56129,0.0,0.0
2023-08-16 00:00:00+09:00,1922.0,1929.0,1884.0,1884.0,90485,0.0,0.0
2023-08-17 00:00:00+09:00,1865.0,1865.0,1810.0,1825.0,128216,0.0,0.0
2023-08-18 00:00:00+09:00,1806.0,1829.0,1801.0,1825.0,68928,0.0,0.0
2023-08-21 00:00:00+09:00,1817.0,1853.0,1815.0,1851.0,55465,0.0,0.0
2023-08-22 00:00:00+09:00,1870.0,1880.0,1851.0,1858.0,25348,0.0,0.0
2023-08-23 00:00:00+09:00,1858.0,1862.0,1849.0,1849.0,27868,0.0,0.0
2023-08-24 00:00:00+09:00,1850.0,1910.0,1850.0,1886.0,42301,0.0,0.0
2023-08-25 00:00:00+09:00,1886.0,1903.0,1868.0,1885.0,43202,0.0,0.0
2023-08-28 00:00:00+09:00,1885.0,1899.0,1876.0,1877.0,32181,0.0,0.0
2023-08-29 00:00:00+09:00,1877.0,1900.0,1877.0,1877.0,48780,0.0,0.0
2023-08-30 00:00:00+09:00,1878.0,1895.0,1875.0,1884.0,42438,0.0,0.0
2023-08-31 00:00:00+09:00,1884.0,1901.0,1866.0,1867.0,61474,0.0,0.0
2023-09-01 00:00:00+09:00,1867.0,1881.0,1850.0,1855.0,65885,0.0,0.0
2023-09-04 00:00:00+09:00,1854.0,1855.0,1833.0,1839.0,49122,0.0,0.0
2023-09-05 00:00:00+09:00,1839.0,1867.0,1831.0,1845.0,67084,0.0,0.0
2023-09-06 00:00:00+09:00,1836.0,1871.0,1836.0,1865.0,30249,0.0,0.0
2023-09-07 00:00:00+09:00,1863.0,1865.0,1851.0,1851.0,25552,0.0,0.0
2023-09-08 00:00:00+09:00,1845.0,1851.0,1837.0,1848.0,24210,0.0,0.0
2023-09-11 00:00:00+09:00,1848.0,1874.0,1848.0,1861.0,23387,0.0,0.0
2023-09-12 00:00:00+09:00,1861.0,1867.0,1855.0,1867.0,25598,0.0,0.0
2023-09-13 00:00:00+09:00,1858.0,1859.0,1851.0,1851.0,16686,0.0,0.0
2023-09-14 00:00:00+09:00,1838.0,1853.0,1838.0,1852.0,27343,0.0,0.0
2023-09-15 00:00:00+09:00,1852.0,1868.0,1846.0,1864.0,22668,0.0,0.0
2023-09-18 00:00:00+09:00,1864.0,1882.0,1860.0,1870.0,22481,0.0,0.0
2023-09-19 00:00:00+09:00,1870.0,1870.0,1852.0,1855.0,15972,0.0,0.0
2023-09-20 00:00:00+09:00,1855.0,1855.0,1841.0,1847.0,29940,0.0,0.0
2023-09-21 00:00:00+09:00,1847.0,1848.0,1840.0,1847.0,32983,0.0,0.0
2023-09-22 00:00:00+09:00,1827.0,1845.0,1803.0,1845.0,28910,0.0,0.0
2023-09-25 00:00:00+09:00,1826.0,1845.0,1815.0,1845.0,39992,0.0,0.0
2023-09-26 00:00:00+09:00,1845.0,1853.0,1813.0,1844.0,38911,0.0,0.0
2023-09-27 00:00:00+09:00,1836.0,1844.0,1807.0,1820.0,54356,0.0,0.0
2023-10-04 00:00:00+09:00,1820.0,1825.0,1806.0,1810.0,65248,0.0,0.0
2023-10-05 00:00:00+09:00,1810.0,1831.0,1801.0,1830.0,43308,0.0,0.0
2023-10-06 00:00:00+09:00,1828.0,1866.0,1812.0,1860.0,22107,0.0,0.0
2023-10-10 00:00:00+09:00,1865.0,1880.0,1805.0,1806.0,29675,0.0,0.0
2023-10-11 00:00:00+09:00,1806.0,1839.0,1800.0,1831.0,33890,0.0,0.0
2023-10-12 00:00:00+09:00,1834.0,1865.0,1834.0,1851.0,20778,0.0,0.0
2023-10-13 00:00:00+09:00,1851.0,1868.0,1851.0,1856.0,30369,0.0,0.0
2023-10-16 00:00:00+09:00,1859.0,1870.0,1803.0,1830.0,48170,0.0,0.0
2023-10-17 00:00:00+09:00,1813.0,1845.0,1811.0,1838.0,13863,0.0,0.0
2023-10-18 00:00:00+09:00,1838.0,1857.0,1835.0,1843.0,21548,0.0,0.0
2023-10-19 00:00:00+09:00,1843.0,1843.0,1808.0,1829.0,27790,0.0,0.0
2023-10-20 00:00:00+09:00,1829.0,1842.0,1800.0,1812.0,38994,0.0,0.0
2023-10-23 00:00:00+09:00,1791.0,1810.0,1784.0,1788.0,36920,0.0,0.0
2023-10-24 00:00:00+09:00,1782.0,1813.0,1771.0,1813.0,31142,0.0,0.0
2023-10-25 00:00:00+09:00,1832.0,1832.0,1803.0,1826.0,40368,0.0,0.0
2023-10-26 00:00:00+09:00,1817.0,1830.0,1808.0,1812.0,44048,0.0,0.0
2023-10-27 00:00:00+09:00,1812.0,1848.0,1812.0,1844.0,32377,0.0,0.0
2023-10-30 00:00:00+09:00,1844.0,1861.0,1843.0,1845.0,41777,0.0,0.0
2023-10-31 00:00:00+09:00,1845.0,1881.0,1845.0,1868.0,43078,0.0,0.0
2023-11-01 00:00:00+09:00,1864.0,1877.0,1859.0,1869.0,71520,0.0,0.0
2023-11-02 00:00:00+09:00,1872.0,1913.0,1872.0,1904.0,51037,0.0,0.0
2023-11-03 00:00:00+09:00,1905.0,1919.0,1905.0,1912.0,32041,0.0,0.0
2023-11-06 00:00:00+09:00,1914.0,1950.0,1914.0,1931.0,35080,0.0,0.0
2023-11-07 00:00:00+09:00,1931.0,1945.0,1915.0,1919.0,33940,0.0,0.0
2023-11-08 00:00:00+09:00,1948.0,1948.0,1919.0,1920.0,15777,0.0,0.0
2023-11-09 00:00:00+09:00,1920.0,1933.0,1917.0,1918.0,20526,0.0,0.0
2023-11-10 00:00:00+09:00,1917.0,1918.0,1890.0,1894.0,36062,0.0,0.0
2023-11-13 00:00:00+09:00,1894.0,1900.0,1879.0,1892.0,16804,0.0,0.0
2023-11-14 00:00:00+09:00,1892.0,1892.0,1870.0,1885.0,40057,0.0,0.0
2023-11-15 00:00:00+09:00,1888.0,1919.0,1888.0,1919.0,46826,0.0,0.0
2023-11-16 00:00:00+09:00,1919.0,1922.0,1900.0,1902.0,79277,0.0,0.0
2023-11-17 00:00:00+09:00,1902.0,1922.0,1884.0,1892.0,63773,0.0,0.0
2023-11-20 00:00:00+09:00,1892.0,1967.0,1892.0,1950.0,63042,0.0,0.0
2023-11-21 00:00:00+09:00,1950.0,1989.0,1950.0,1966.0,40191,0.0,0.0
2023-11-22 00:00:00+09:00,1964.0,1998.0,1959.0,1970.0,50688,0.0,0.0
2023-11-23 00:00:00+09:00,1970.0,2005.0,1968.0,1995.0,41302,0.0,0.0
2023-11-24 00:00:00+09:00,1995.0,2000.0,1977.0,1994.0,36335,0.0,0.0
2023-11-27 00:00:00+09:00,1994.0,2010.0,1973.0,1990.0,26186,0.0,0.0
2023-11-28 00:00:00+09:00,1990.0,1998.0,1969.0,1980.0,35411,0.0,0.0
2023-11-29 00:00:00+09:00,1980.0,1980.0,1957.0,1970.0,24538,0.0,0.0
2023-11-30 00:00:00+09:00,1970.0,1988.0,1946.0,1976.0,28738,0.0,0.0
2023-12-01 00:00:00+09:00,1976.0,1976.0,1951.0,1951.0,39881,0.0,0.0
2023-12-04 00:00:00+09:00,1952.0,1970.0,1950.0,1951.0,40733,0.0,0.0
2023-12-05 00:00:00+09:00,1957.0,1970.0,1935.0,1935.0,35756,0.0,0.0
2023-12-06 00:00:00+09:00,1935.0,1950.0,1916.0,1946.0,22817,0.0,0.0
2023-12-07 00:00:00+09:00,1946.0,1946.0,1935.0,1939.0,21074,0.0,0.0
2023-12-08 00:00:00+09:00,1919.0,1958.0,1919.0,1956.0,21627,0.0,0.0
2023-12-11 00:00:00+09:00,1956.0,1975.0,1921.0,1958.0,44747,0.0,0.0
2023-12-12 00:00:00+09:00,1959.0,1977.0,1951.0,1974.0,16238,0.0,0.0
2023-12-13 00:00:00+09:00,1974.0,1988.0,1960.0,1970.0,17439,0.0,0.0
2023-12-14 00:00:00+09:00,1970.0,1970.0,1944.0,1954.0,24534,0.0,0.0
2023-12-15 00:00:00+09:00,1954.0,1967.0,1950.0,1966.0,27888,0.0,0.0
2023-12-18 00:00:00+09:00,1969.0,1970.0,1947.0,1963.0,22616,0.0,0.0
2023-12-19 00:00:00+09:00,1963.0,1969.0,1945.0,1960.0,14692,0.0,0.0
2023-12-20 00:00:00+09:00,1960.0,1978.0,1959.0,1972.0,20370,0.0,0.0
2023-12-21 00:00:00+09:00,1972.0,1982.0,1934.0,1936.0,25621,0.0,0.0
2023-12-22 00:00:00+09:00,1922.0,1950.0,1922.0,1944.0,41344,0.0,0.0
2023-12-26 00:00:00+09:00,1938.0,1952.0,1922.0,1938.0,46618,0.0,0.0
2023-12-27 00:00:00+09:00,1921.0,1946.0,1921.0,1939.0,28330,0.0,0.0
2023-12-28 00:00:00+09:00,1939.0,1958.0,1936.0,1944.0,28128,0.0,0.0
2024-01-02 00:00:00+09:00,1944.0,1959.0,1940.0,1953.0,37933,0.0,0.0
2024-01-03 00:00:00+09:00,1947.0,1958.0,1936.0,1939.0,23762,0.0,0.0
2024-01-04 00:00:00+09:00,1939.0,1944.0,1934.0,1942.0,11712,0.0,0.0
2024-01-05 00:00:00+09:00,1939.0,1939.0,1930.0,1936.0,17671,0.0,0.0
2024-01-08 00:00:00+09:00,1935.0,1935.0,1922.0,1927.0,13600,0.0,0.0
2024-01-09 00:00:00+09:00,1927.0,1939.0,1917.0,1932.0,14014,0.0,0.0
2024-01-10 00:00:00+09:00,1932.0,1943.0,1921.0,1931.0,32597,0.0,0.0
2024-01-11 00:00:00+09:00,1931.0,1947.0,1929.0,1934.0,21749,0.0,0.0
2024-01-12 00:00:00+09:00,1934.0,1944.0,1927.0,1937.0,26060,0.0,0.0
2024-01-15 00:00:00+09:00,1925.0,2115.0,1921.0,2110.0,410180,0.0,0.0
2024-01-16 00:00:00+09:00,2085.0,2085.0,2025.0,2055.0,107441,0.0,0.0
2024-01-17 00:00:00+09:00,2050.0,2095.0,2000.0,2000.0,118391,0.0,0.0
2024-01-18 00:00:00+09:00,2000.0,2035.0,1962.0,1991.0,63599,0.0,0.0
2024-01-19 00:00:00+09:00,1991.0,2050.0,1991.0,2050.0,57180,0.0,0.0
2024-01-22 00:00:00+09:00,2055.0,2090.0,2030.0,2030.0,57873,0.0,0.0
2024-01-23 00:00:00+09:00,2030.0,2050.0,2010.0,2040.0,16521,0.0,0.0
2024-01-24 00:00:00+09:00,2050.0,2050.0,1961.0,1961.0,60549,0.0,0.0
2024-01-25 00:00:00+09:00,1961.0,1983.0,1956.0,1958.0,31485,0.0,0.0
2024-01-26 00:00:00+09:00,1958.0,1989.0,1951.0,1989.0,23163,0.0,0.0
2024-01-29 00:00:00+09:00,1989.0,1989.0,1960.0,1963.0,21600,0.0,0.0
2024-01-30 00:00:00+09:00,1954.0,1975.0,1945.0,1964.0,29009,0.0,0.0
2024-01-31 00:00:00+09:00,1964.0,1964.0,1943.0,1943.0,28395,0.0,0.0
2024-02-01 00:00:00+09:00,1941.0,1960.0,1937.0,1940.0,36955,0.0,0.0
2024-02-02 00:00:00+09:00,1940.0,1960.0,1937.0,1945.0,43017,0.0,0.0
2024-02-05 00:00:00+09:00,1941.0,1964.0,1940.0,1942.0,31109,0.0,0.0
2024-02-06 00:00:00+09:00,1942.0,1942.0,1925.0,1925.0,31714,0.0,0.0
2024-02-07 00:00:00+09:00,1925.0,1936.0,1920.0,1921.0,27191,0.0,0.0
2024-02-08 00:00:00+09:00,1921.0,1944.0,1921.0,1928.0,21506,0.0,0.0
2024-02-13 00:00:00+09:00,1937.0,1950.0,1929.0,1931.0,19325,0.0,0.0
2024-02-14 00:00:00+09:00,1931.0,1945.0,1928.0,1931.0,25552,0.0,0.0
2024-02-15 00:00:00+09:00,1931.0,1943.0,1931.0,1933.0,25708,0.0,0.0
2024-02-16 00:00:00+09:00,1937.0,1968.0,1937.0,1955.0,42800,0.0,0.0
2024-02-19 00:00:00+09:00,1955.0,1955.0,1930.0,1945.0,40924,0.0,0.0
2024-02-20 00:00:00+09:00,1940.0,1953.0,1936.0,1947.0,20878,0.0,0.0
2024-02-21 00:00:00+09:00,1947.0,1947.0,1936.0,1936.0,38777,0.0,0.0
2024-02-22 00:00:00+09:00,1936.0,1952.0,1931.0,1935.0,25342,0.0,0.0
2024-02-23 00:00:00+09:00,1935.0,1939.0,1920.0,1922.0,29484,0.0,0.0
2024-02-26 00:00:00+09:00,1925.0,1934.0,1800.0,1846.0,80876,0.0,0.0
2024-02-27 00:00:00+09:00,1859.0,1859.0,1830.0,1843.0,43379,0.0,0.0
2024-02-28 00:00:00+09:00,1842.0,1857.0,1834.0,1841.0,27929,0.0,0.0
2024-02-29 00:00:00+09:00,1841.0,1849.0,1821.0,1832.0,45254,0.0,0.0
2024-03-04 00:00:00+09:00,1832.0,1846.0,1820.0,1828.0,50769,0.0,0.0
2024-03-05 00:00:00+09:00,1834.0,1841.0,1797.0,1830.0,41601,0.0,0.0
2024-03-06 00:00:00+09:00,1806.0,1822.0,1803.0,1807.0,26811,0.0,0.0
2024-03-07 00:00:00+09:00,1793.0,1807.0,1783.0,1807.0,45529,0.0,0.0
2024-03-08 00:00:00+09:00,1800.0,1807.0,1771.0,1788.0,25656,0.0,0.0
2024-03-11 00:00:00+09:00,1788.0,1820.0,1787.0,1800.0,38516,0.0,0.0
2024-03-12 00:00:00+09:00,1783.0,1800.0,1782.0,1782.0,28491,0.0,0.0
2024-03-13 00:00:00+09:00,1782.0,1800.0,1768.0,1772.0,54749,0.0,0.0
2024-03-14 00:00:00+09:00,1772.0,1779.0,1759.0,1770.0,33007,0.0,0.0
2024-03-15 00:00:00+09:00,1770.0,1784.0,1758.0,1782.0,29362,0.0,0.0
2024-03-18 00:00:00+09:00,1782.0,1816.0,1778.0,1808.0,55518,0.0,0.0
2024-03-19 00:00:00+09:00,1808.0,1851.0,1796.0,1833.0,54767,0.0,0.0
2024-03-20 00:00:00+09:00,1833.0,1836.0,1812.0,1832.0,38153,0.0,0.0
2024-03-21 00:00:00+09:00,1832.0,1850.0,1828.0,1842.0,25902,0.0,0.0
2024-03-22 00:00:00+09:00,1839.0,1872.0,1833.0,1872.0,32943,0.0,0.0
2024-03-25 00:00:00+09:00,1872.0,1872.0,1854.0,1863.0,21321,0.0,0.0
2024-03-26 00:00:00+09:00,1862.0,1862.0,1855.0,1861.0,29960,0.0,0.0
2024-03-27 00:00:00+09:00,1859.0,1860.0,1841.0,1841.0,25010,0.0,0.0
2024-03-28 00:00:00+09:00,1836.0,1841.0,1821.0,1830.0,37022,0.0,0.0
2024-03-29 00:00:00+09:00,1821.0,1837.0,1809.0,1819.0,37515,0.0,0.0
2024-04-01 00:00:00+09:00,1821.0,1830.0,1798.0,1801.0,103245,0.0,0.0
2024-04-02 00:00:00+09:00,1793.0,1801.0,1779.0,1801.0,81972,0.0,0.0
2024-04-03 00:00:00+09:00,1782.0,1808.0,1782.0,1801.0,57281,0.0,0.0
2024-04-04 00:00:00+09:00,1801.0,1835.0,1801.0,1826.0,30781,0.0,0.0
2024-04-05 00:00:00+09:00,1826.0,1867.0,1809.0,1841.0,58821,0.0,0.0
2024-04-08 00:00:00+09:00,1841.0,1863.0,1830.0,1839.0,45887,0.0,0.0
2024-04-09 00:00:00+09:00,1842.0,1864.0,1842.0,1861.0,57989,0.0,0.0
2024-04-11 00:00:00+09:00,1860.0,1860.0,1725.0,1757.0,91266,0.0,0.0
2024-04-12 00:00:00+09:00,1757.0,1812.0,1751.0,1805.0,96094,0.0,0.0
2024-04-15 00:00:00+09:00,1800.0,1802.0,1772.0,1792.0,94545,0.0,0.0
2024-04-16 00:00:00+09:00,1781.0,1792.0,1765.0,1773.0,38260,0.0,0.0
2024-04-17 00:00:00+09:00,1763.0,1794.0,1750.0,1774.0,40147,0.0,0.0
2024-04-18 00:00:00+09:00,1763.0,1790.0,1763.0,1789.0,34003,0.0,0.0
2024-04-19 00:00:00+09:00,1793.0,1805.0,1730.0,1765.0,49334,0.0,0.0
2024-04-22 00:00:00+09:00,1741.0,1769.0,1741.0,1768.0,32922,0.0,0.0
2024-04-23 00:00:00+09:00,1768.0,1775.0,1758.0,1770.0,14563,0.0,0.0
2024-04-24 00:00:00+09:00,1772.0,1776.0,1763.0,1774.0,33780,0.0,0.0
2024-04-25 00:00:00+09:00,1760.0,1774.0,1746.0,1772.0,19808,0.0,0.0
2024-04-26 00:00:00+09:00,1772.0,1794.0,1762.0,1794.0,39614,0.0,0.0
2024-04-29 00:00:00+09:00,1794.0,1804.0,1784.0,1803.0,41056,0.0,0.0
2024-04-30 00:00:00+09:00,1803.0,1803.0,1783.0,1793.0,28266,0.0,0.0
2024-05-02 00:00:00+09:00,1793.0,1793.0,1766.0,1789.0,19389,0.0,0.0
2024-05-03 00:00:00+09:00,1789.0,1792.0,1773.0,1789.0,31192,0.0,0.0
2024-05-07 00:00:00+09:00,1789.0,1794.0,1772.0,1794.0,28434,0.0,0.0
2024-05-08 00:00:00+09:00,1793.0,1804.0,1793.0,1799.0,16693,0.0,0.0
2024-05-09 00:00:00+09:00,1799.0,1809.0,1799.0,1802.0,4736,0.0,0.0
2024-05-10 00:00:00+09:00,1788.0,1804.0,1788.0,1800.0,35546,0.0,0.0
2024-05-13 00:00:00+09:00,1797.0,1803.0,1790.0,1800.0,20567,0.0,0.0
2024-05-14 00:00:00+09:00,1801.0,1804.0,1780.0,1804.0,25462,0.0,0.0
2024-05-16 00:00:00+09:00,1819.0,1819.0,1787.0,1812.0,9579,0.0,0.0
2024-05-17 00:00:00+09:00,1797.0,1815.0,1797.0,1802.0,29215,0.0,0.0
2024-05-20 00:00:00+09:00,1797.0,1810.0,1790.0,1803.0,50174,0.0,0.0
2024-05-21 00:00:00+09:00,1804.0,1810.0,1790.0,1801.0,19599,0.0,0.0
2024-05-22 00:00:00+09:00,1800.0,1800.0,1784.0,1792.0,17279,0.0,0.0
2024-05-23 00:00:00+09:00,1786.0,1792.0,1775.0,1789.0,28560,0.0,0.0
2024-05-24 00:00:00+09:00,1788.0,1789.0,1767.0,1781.0,39770,0.0,0.0
2024-05-27 00:00:00+09:00,1781.0,1781.0,1755.0,1767.0,28457,0.0,0.0
2024-05-28 00:00:00+09:00,1766.0,1766.0,1747.0,1747.0,26410,0.0,0.0
2024-05-29 00:00:00+09:00,1747.0,1747.0,1728.0,1744.0,23516,0.0,0.0
2024-05-30 00:00:00+09:00,1751.0,1780.0,1744.0,1778.0,54461,0.0,0.0
2024-05-31 00:00:00+09:00,1767.0,1786.0,1758.0,1784.0,32477,0.0,0.0
2024-06-03 00:00:00+09:00,1771.0,1828.0,1767.0,1808.0,116548,0.0,0.0
2024-06-04 00:00:00+09:00,1805.0,1826.0,1800.0,1826.0,75702,0.0,0.0
2024-06-05 00:00:00+09:00,1819.0,1825.0,1799.0,1818.0,55387,0.0,0.0
2024-06-07 00:00:00+09:00,1818.0,1818.0,1789.0,1805.0,30158,0.0,0.0
2024-06-10 00:00:00+09:00,1799.0,1804.0,1769.0,1804.0,41808,0.0,0.0
2024-06-11 00:00:00+09:00,1803.0,1822.0,1787.0,1815.0,69686,0.0,0.0
2024-06-12 00:00:00+09:00,1816.0,1816.0,1799.0,1800.0,21314,0.0,0.0
2024-06-13 00:00:00+09:00,1800.0,1824.0,1800.0,1807.0,35221,0.0,0.0
2024-06-14 00:00:00+09:00,1807.0,1825.0,1805.0,1821.0,94315,0.0,0.0
2024-06-17 00:00:00+09:00,1820.0,1833.0,1812.0,1830.0,51927,0.0,0.0
2024-06-18 00:00:00+09:00,1830.0,1837.0,1795.0,1829.0,74136,0.0,0.0
2024-06-19 00:00:00+09:00,1820.0,1828.0,1795.0,1810.0,123141,0.0,0.0
2024-06-20 00:00:00+09:00,1810.0,1950.0,1788.0,1929.0,530558,0.0,0.0
2024-06-21 00:00:00+09:00,1907.0,1930.0,1882.0,1882.0,195511,0.0,0.0
2024-06-24 00:00:00+09:00,1887.0,1944.0,1859.0,1859.0,197555,0.0,0.0
2024-06-25 00:00:00+09:00,1859.0,1920.0,1815.0,1861.0,156207,0.0,0.0
2024-06-26 00:00:00+09:00,1870.0,1883.0,1803.0,1851.0,147525,0.0,0.0
2024-06-27 00:00:00+09:00,1851.0,1859.0,1799.0,1823.0,87625,0.0,0.0
2024-06-28 00:00:00+09:00,1825.0,1910.0,1815.0,1853.0,121490,0.0,0.0
2024-07-01 00:00:00+09:00,1866.0,1950.0,1853.0,1929.0,286864,0.0,0.0
2024-07-02 00:00:00+09:00,1910.0,1947.0,1860.0,1905.0,158039,0.0,0.0
2024-07-03 00:00:00+09:00,1904.0,1904.0,1852.0,1853.0,70932,0.0,0.0
2024-07-04 00:00:00+09:00,1886.0,1894.0,1839.0,1845.0,66613,0.0,0.0
2024-07-05 00:00:00+09:00,1860.0,1871.0,1821.0,1862.0,75866,0.0,0.0
2024-07-08 00:00:00+09:00,1862.0,1865.0,1755.0,1790.0,144531,0.0,0.0
2024-07-09 00:00:00+09:00,1790.0,1807.0,1755.0,1769.0,57015,0.0,0.0
2024-07-10 00:00:00+09:00,1765.0,1779.0,1726.0,1779.0,102170,0.0,0.0
2024-07-11 00:00:00+09:00,1779.0,1788.0,1746.0,1756.0,52528,0.0,0.0
2024-07-12 00:00:00+09:00,1756.0,1763.0,1743.0,1752.0,29217,0.0,0.0
2024-07-15 00:00:00+09:00,1752.0,1756.0,1722.0,1756.0,44296,0.0,0.0
2024-07-16 00:00:00+09:00,1757.0,1818.0,1732.0,1800.0,58286,0.0,0.0
2024-07-17 00:00:00+09:00,1783.0,1815.0,1775.0,1799.0,60840,0.0,0.0
2024-07-18 00:00:00+09:00,1781.0,1794.0,1758.0,1769.0,26816,0.0,0.0
2024-07-19 00:00:00+09:00,1768.0,1768.0,1744.0,1757.0,27933,0.0,0.0
2024-07-22 00:00:00+09:00,1758.0,1774.0,1737.0,1767.0,17316,0.0,0.0
2024-07-23 00:00:00+09:00,1767.0,1767.0,1725.0,1744.0,40282,0.0,0.0
2024-07-24 00:00:00+09:00,1743.0,1786.0,1720.0,1720.0,32729,0.0,0.0
2024-07-25 00:00:00+09:00,1720.0,1720.0,1665.0,1677.0,63197,0.0,0.0
2024-07-26 00:00:00+09:00,1685.0,1693.0,1671.0,1676.0,20368,0.0,0.0
2024-07-29 00:00:00+09:00,1682.0,1708.0,1670.0,1670.0,17343,0.0,0.0
2024-07-30 00:00:00+09:00,1670.0,1691.0,1652.0,1653.0,44318,0.0,0.0
2024-07-31 00:00:00+09:00,1658.0,1700.0,1650.0,1690.0,44190,0.0,0.0
2024-08-01 00:00:00+09:00,1690.0,1722.0,1689.0,1719.0,23293,0.0,0.0
2024-08-02 00:00:00+09:00,1702.0,1719.0,1681.0,1685.0,33542,0.0,0.0
2024-08-05 00:00:00+09:00,1668.0,1669.0,1510.0,1514.0,77900,0.0,0.0
2024-08-06 00:00:00+09:00,1514.0,1574.0,1510.0,1556.0,50942,0.0,0.0
2024-08-07 00:00:00+09:00,1541.0,1670.0,1538.0,1616.0,33527,0.0,0.0
2024-08-08 00:00:00+09:00,1608.0,1644.0,1552.0,1621.0,22751,0.0,0.0
2024-08-09 00:00:00+09:00,1621.0,1685.0,1611.0,1659.0,13329,0.0,0.0
2024-08-12 00:00:00+09:00,1659.0,1684.0,1648.0,1682.0,53400,0.0,0.0
2024-08-13 00:00:00+09:00,1682.0,1687.0,1667.0,1680.0,8966,0.0,0.0
2024-08-14 00:00:00+09:00,1686.0,1686.0,1674.0,1684.0,5041,0.0,0.0
2024-08-16 00:00:00+09:00,1671.0,1717.0,1663.0,1690.0,30774,0.0,0.0
2024-08-19 00:00:00+09:00,1690.0,1698.0,1583.0,1660.0,33028,0.0,0.0
2024-08-20 00:00:00+09:00,1644.0,1697.0,1637.0,1686.0,24040,0.0,0.0
2024-08-21 00:00:00+09:00,1675.0,1695.0,1637.0,1660.0,17584,0.0,0.0
2024-08-22 00:00:00+09:00,1659.0,1689.0,1645.0,1660.0,7192,0.0,0.0
2024-08-23 00:00:00+09:00,1644.0,1680.0,1641.0,1672.0,5626,0.0,0.0
2024-08-26 00:00:00+09:00,1655.0,1670.0,1646.0,1665.0,6921,0.0,0.0
2024-08-27 00:00:00+09:00,1665.0,1665.0,1640.0,1656.0,8757,0.0,0.0
2024-08-28 00:00:00+09:00,1641.0,1648.0,1634.0,1641.0,12953,0.0,0.0
2024-08-29 00:00:00+09:00,1633.0,1641.0,1621.0,1640.0,15899,0.0,0.0
2024-08-30 00:00:00+09:00,1623.0,1657.0,1623.0,1640.0,17017,0.0,0.0
2024-09-02 00:00:00+09:00,1640.0,1659.0,1630.0,1630.0,7414,0.0,0.0
2024-09-03 00:00:00+09:00,1625.0,1641.0,1622.0,1629.0,1538,0.0,0.0
2024-09-04 00:00:00+09:00,1625.0,1625.0,1596.0,1604.0,24449,0.0,0.0
2024-09-05 00:00:00+09:00,1600.0,1638.0,1590.0,1604.0,12506,0.0,0.0
2024-09-06 00:00:00+09:00,1590.0,1627.0,1571.0,1588.0,6446,0.0,0.0
2024-09-09 00:00:00+09:00,1588.0,1588.0,1568.0,1587.0,11987,0.0,0.0
2024-09-10 00:00:00+09:00,1570.0,1587.0,1566.0,1576.0,3383,0.0,0.0
2024-09-11 00:00:00+09:00,1576.0,1609.0,1567.0,1567.0,3558,0.0,0.0
2024-09-12 00:00:00+09:00,1600.0,1611.0,1567.0,1570.0,4185,0.0,0.0
2024-09-13 00:00:00+09:00,1584.0,1603.0,1569.0,1578.0,19423,0.0,0.0
2024-09-19 00:00:00+09:00,1578.0,1586.0,1570.0,1586.0,9176,0.0,0.0
2024-09-20 00:00:00+09:00,1578.0,1607.0,1578.0,1604.0,7786,0.0,0.0
2024-09-23 00:00:00+09:00,1604.0,1613.0,1598.0,1600.0,7583,0.0,0.0
2024-09-24 00:00:00+09:00,1585.0,1616.0,1585.0,1616.0,9027,0.0,0.0
2024-09-25 00:00:00+09:00,1627.0,1665.0,1612.0,1624.0,13874,0.0,0.0
2024-09-26 00:00:00+09:00,1624.0,1639.0,1620.0,1624.0,13391,0.0,0.0
2024-09-27 00:00:00+09:00,1617.0,1631.0,1614.0,1627.0,13991,0.0,0.0
2024-09-30 00:00:00+09:00,1625.0,1675.0,1625.0,1634.0,20181,0.0,0.0
2024-10-02 00:00:00+09:00,1634.0,1640.0,1625.0,1636.0,8909,0.0,0.0
2024-10-04 00:00:00+09:00,1635.0,1635.0,1615.0,1626.0,9128,0.0,0.0
2024-10-07 00:00:00+09:00,1626.0,1649.0,1613.0,1615.0,12261,0.0,0.0
2024-10-08 00:00:00+09:00,1605.0,1635.0,1603.0,1604.0,14895,0.0,0.0
2024-10-10 00:00:00+09:00,1607.0,1645.0,1606.0,1618.0,10846,0.0,0.0
2024-10-11 00:00:00+09:00,1607.0,1629.0,1607.0,1629.0,6876,0.0,0.0
2024-10-14 00:00:00+09:00,1618.0,1619.0,1599.0,1604.0,19076,0.0,0.0
2024-10-15 00:00:00+09:00,1596.0,1601.0,1578.0,1585.0,34436,0.0,0.0
2024-10-16 00:00:00+09:00,1577.0,1584.0,1550.0,1575.0,61608,0.0,0.0
2024-10-17 00:00:00+09:00,1568.0,1568.0,1545.0,1546.0,39610,0.0,0.0
2024-10-18 00:00:00+09:00,1546.0,1553.0,1520.0,1539.0,28009,0.0,0.0
2024-10-21 00:00:00+09:00,1532.0,1548.0,1515.0,1526.0,19357,0.0,0.0
2024-10-22 00:00:00+09:00,1525.0,1614.0,1522.0,1534.0,17639,0.0,0.0
2024-10-23 00:00:00+09:00,1534.0,1534.0,1442.0,1494.0,30297,0.0,0.0
2024-10-24 00:00:00+09:00,1479.0,1493.0,1471.0,1473.0,15065,0.0,0.0
2024-10-25 00:00:00+09:00,1473.0,1500.0,1458.0,1458.0,25991,0.0,0.0
2024-10-28 00:00:00+09:00,1458.0,1495.0,1453.0,1478.0,24832,0.0,0.0
2024-10-29 00:00:00+09:00,1493.0,1511.0,1482.0,1495.0,6676,0.0,0.0
2024-10-30 00:00:00+09:00,1504.0,1514.0,1492.0,1497.0,9124,0.0,0.0
2024-10-31 00:00:00+09:00,1497.0,1513.0,1497.0,1498.0,9502,0.0,0.0
2024-11-01 00:00:00+09:00,1498.0,1508.0,1487.0,1501.0,12990,0.0,0.0
