Date,Open,High,Low,Close,Volume,Dividends,Stock Splits
2010-11-12 00:00:00+09:00,6684.402497944079,6738.020699799245,5683.529396647639,5772.89306640625,3292218,0.0,0.0
2010-11-15 00:00:00+09:00,5853.320757837948,6005.239006514658,5460.120584792346,5486.9296875,854323,0.0,0.0
2010-11-16 00:00:00+09:00,5549.484452779314,5594.166292173672,5022.238747925885,5049.0478515625,482161,0.0,0.0
2010-11-17 00:00:00+09:00,5004.36572265625,5406.5022539411275,4897.129314313616,5004.36572265625,488304,0.0,0.0
2010-11-18 00:00:00+09:00,5057.984114022091,5227.775100181842,5031.175010944235,5183.09326171875,223604,0.0,0.0
2010-11-19 00:00:00+09:00,5200.96562566546,5683.529446603492,5156.28379039342,5245.6474609375,734756,0.0,0.0
2010-11-22 00:00:00+09:00,5227.775209139933,5326.075255807522,5049.0478515625,5049.0478515625,165864,0.0,0.0
2010-11-23 00:00:00+09:00,5093.729566887244,5111.602302209655,4727.338492777811,4789.89306640625,169913,0.0,0.0
2010-11-24 00:00:00+09:00,4468.183821741245,4718.402115758755,4213.497343901994,4593.29296875,107111,0.0,0.0
2010-11-25 00:00:00+09:00,4736.274609374999,4932.8746875,4620.101835937499,4691.5927734375,106232,0.0,0.0
2010-11-26 00:00:00+09:00,4700.529203395494,4772.020141850178,4334.138143815237,4387.75634765625,151766,0.0,0.0
2010-11-29 00:00:00+09:00,4369.8835546875,4548.6108984375,4289.45625,4468.18359375,83281,0.0,0.0
2010-11-30 00:00:00+09:00,4468.184205952983,4539.67515324823,4392.225074451782,4419.0341796875,70565,0.0,0.0
2010-12-01 00:00:00+09:00,4396.693289202844,4512.866079364708,4396.693289202844,4477.12060546875,45953,0.0,0.0
2010-12-02 00:00:00+09:00,4521.8017386265965,4682.6563459295185,4512.865371554211,4548.61083984375,78359,0.0,0.0
2010-12-03 00:00:00+09:00,4593.292989771893,4682.656666615705,4521.802048296845,4566.48388671875,42473,0.0,0.0
2010-12-06 00:00:00+09:00,4646.91099955448,4646.91099955448,4378.819980349414,4387.75634765625,71265,0.0,0.0
2010-12-07 00:00:00+09:00,4414.565410038355,4530.738183986733,4360.947206677565,4441.37451171875,47755,0.0,0.0
2010-12-08 00:00:00+09:00,4441.374933416193,4459.247669566762,4289.456676136364,4325.2021484375,67972,0.0,0.0
2010-12-09 00:00:00+09:00,4325.201424870466,4396.692357512953,4298.392325129534,4311.796875,39247,0.0,0.0
2010-12-10 00:00:00+09:00,4293.924452963752,4334.138105488906,4258.1789840525025,4329.669921875,39441,0.0,0.0
2010-12-13 00:00:00+09:00,4347.542521076318,4584.356245245943,4298.392502852434,4405.62890625,98397,0.0,0.0
2010-12-14 00:00:00+09:00,4396.693093039773,4405.629461115057,4316.265780362216,4325.2021484375,46146,0.0,0.0
2010-12-15 00:00:00+09:00,4378.819802370577,4378.819802370577,4293.92431640625,4293.92431640625,27880,0.0,0.0
2010-12-16 00:00:00+09:00,4271.5833990472165,4369.883435426964,4226.901564329149,4293.92431640625,62778,0.0,0.0
2010-12-17 00:00:00+09:00,4320.733514869764,4320.733514869764,4159.87890625,4159.87890625,66237,0.0,0.0
2010-12-20 00:00:00+09:00,4021.365711300872,4043.7066319192104,3851.574714601502,4034.770263671875,91251,0.0,0.0
2010-12-21 00:00:00+09:00,4074.9835343070654,4110.72900390625,3994.5562277088993,4110.72900390625,74985,0.0,0.0
2010-12-22 00:00:00+09:00,4110.728585379465,4387.755946568081,4110.728585379465,4253.71044921875,59956,0.0,0.0
2010-12-23 00:00:00+09:00,4284.987651376596,4736.274150635236,4200.09217131804,4637.97412109375,145653,0.0,0.0
2010-12-24 00:00:00+09:00,4682.65673828125,4852.4477268830515,4539.674853142891,4682.65673828125,223694,0.0,0.0
2010-12-27 00:00:00+09:00,4763.084005564563,4870.320418447818,4602.229386239682,4736.27490234375,114203,0.0,0.0
2010-12-28 00:00:00+09:00,4646.911057692308,4780.956568971893,4486.056444156805,4530.73828125,58400,0.0,0.0
2010-12-29 00:00:00+09:00,4521.8019869290865,4727.338440880409,4521.8019869290865,4646.9111328125,61338,0.0,0.0
2010-12-30 00:00:00+09:00,4691.592700455961,5102.665584686388,4602.229029971086,5022.23828125,196041,0.0,0.0
2011-01-03 00:00:00+09:00,5075.856723570781,5209.90223563691,4923.9384765625,4923.9384765625,110997,0.0,0.0
2011-01-04 00:00:00+09:00,4977.556543325812,4977.556543325812,4843.51103497772,4888.19287109375,88196,0.0,0.0
2011-01-05 00:00:00+09:00,4968.620519503742,5183.093347683759,4870.320473254566,5075.85693359375,134237,0.0,0.0
2011-01-06 00:00:00+09:00,5102.6654442134295,5326.074614275313,4986.49267578125,4986.49267578125,210403,0.0,0.0
2011-01-07 00:00:00+09:00,5040.111378636853,5254.584203259698,4932.874966325431,5183.09326171875,111750,0.0,0.0
2011-01-10 00:00:00+09:00,5183.093439121973,5263.520751108347,5040.111551146194,5165.220703125,62211,0.0,0.0
2011-01-11 00:00:00+09:00,5165.220154025801,5174.156521074288,4923.938243716637,5022.23828125,73012,0.0,0.0
2011-01-12 00:00:00+09:00,5075.856661551339,5075.856661551339,4816.702008056641,5004.36572265625,54623,0.0,0.0
2011-01-13 00:00:00+09:00,5049.047281016474,5049.047281016474,4879.2563105044155,4932.87451171875,18774,0.0,0.0
2011-01-14 00:00:00+09:00,4932.8741639500895,5004.36509386241,4807.76503660353,4968.61962890625,36848,0.0,0.0
2011-01-17 00:00:00+09:00,5022.23782634049,5075.85602377473,4897.12869899393,4968.61962890625,26241,0.0,0.0
2011-01-18 00:00:00+09:00,5004.3658046304745,5022.238539647012,4825.6384544651,4897.12939453125,36840,0.0,0.0
2011-01-19 00:00:00+09:00,4923.938497056056,4923.938497056056,4673.720206824532,4897.12939453125,75594,0.0,0.0
2011-01-20 00:00:00+09:00,4906.065605540162,4995.429277772223,4736.274628299246,4888.19287109375,27218,0.0,0.0
2011-01-21 00:00:00+09:00,4941.811545632102,5057.984330610796,4718.40234375,4718.40234375,318220,0.0,0.0
2011-01-24 00:00:00+09:00,4718.401875,4727.338242187499,4512.8654296875,4691.5927734375,46877,0.0,0.0
2011-01-25 00:00:00+09:00,4700.528965177301,4745.210799447047,4629.038030345707,4709.46533203125,29664,0.0,0.0
2011-01-26 00:00:00+09:00,4709.46533203125,4763.083533154946,4602.22892978386,4709.46533203125,22026,0.0,0.0
2011-01-27 00:00:00+09:00,4709.465705754207,4709.465705754207,4486.056516676683,4646.9111328125,41368,0.0,0.0
2011-01-28 00:00:00+09:00,4637.974471897755,4682.656306887136,4539.674434921117,4602.22900390625,16369,0.0,0.0
2011-01-31 00:00:00+09:00,4503.929292315175,4629.03843932393,4450.3110864542805,4593.29296875,14963,0.0,0.0
2011-02-01 00:00:00+09:00,4593.29296875,4593.29296875,4494.992924671693,4593.29296875,14366,0.0,0.0
2011-02-07 00:00:00+09:00,4593.292323419225,4620.10142258315,4512.865025927449,4584.35595703125,11455,0.0,0.0
2011-02-08 00:00:00+09:00,4629.038203125,4629.038203125,4468.18359375,4468.18359375,17736,0.0,0.0
2011-02-09 00:00:00+09:00,4423.501872226331,4629.038322855029,4383.2882188424555,4530.73828125,44764,0.0,0.0
2011-02-10 00:00:00+09:00,4530.738458191522,4566.483929262067,4441.374780515161,4512.86572265625,11389,0.0,0.0
2011-02-11 00:00:00+09:00,4557.54774089836,4557.54774089836,4405.629482868415,4494.9931640625,12975,0.0,0.0
2011-02-14 00:00:00+09:00,4468.183770237199,4503.929240399097,4445.842851386013,4450.31103515625,22959,0.0,0.0
2011-02-15 00:00:00+09:00,4450.310428332731,4673.719586381563,4450.310428332731,4637.97412109375,42370,0.0,0.0
2011-02-16 00:00:00+09:00,4682.656527366864,4691.592894785503,4494.992811575444,4530.73828125,10500,0.0,0.0
2011-02-17 00:00:00+09:00,4611.165245017659,4611.165245017659,4423.501543185545,4427.9697265625,26790,0.0,0.0
2011-02-18 00:00:00+09:00,4575.419590643275,4584.35595703125,4423.5013620476975,4584.35595703125,6698,0.0,0.0
2011-02-21 00:00:00+09:00,4646.910362243652,4646.910362243652,4521.801237106323,4575.41943359375,15597,0.0,0.0
2011-02-22 00:00:00+09:00,4548.610818826639,4611.165388044295,4436.90623093797,4463.71533203125,32264,0.0,0.0
2011-02-23 00:00:00+09:00,4423.5017578125,4557.547265624999,4387.7562890624995,4468.18359375,41586,0.0,0.0
2011-02-24 00:00:00+09:00,4548.611372778952,4557.54774089836,4441.374955346048,4494.9931640625,15981,0.0,0.0
2011-02-25 00:00:00+09:00,4539.67431640625,4682.656184639518,4441.374281995879,4539.67431640625,17052,0.0,0.0
2011-02-28 00:00:00+09:00,4486.056115818775,4557.547049935409,4378.819714643823,4539.67431640625,10232,0.0,0.0
2011-03-02 00:00:00+09:00,4396.692656249999,4539.67453125,4396.692656249999,4468.18359375,23296,0.0,0.0
2011-03-03 00:00:00+09:00,4414.5653337579815,4548.61083984375,4414.5653337579815,4548.61083984375,26601,0.0,0.0
2011-03-04 00:00:00+09:00,4548.61083984375,4602.229042278058,4486.056270337058,4548.61083984375,13744,0.0,0.0
2011-03-07 00:00:00+09:00,4611.1650735294115,4611.1650735294115,4468.183210784314,4557.546875,18424,0.0,0.0
2011-03-08 00:00:00+09:00,4557.547519034369,4620.102092825036,4486.05657755932,4566.48388671875,26224,0.0,0.0
2011-03-09 00:00:00+09:00,4566.483573988519,4593.292675205673,4477.119903264674,4548.61083984375,29111,0.0,0.0
2011-03-10 00:00:00+09:00,4548.6108984375,4548.6108984375,4450.310859374999,4468.18359375,7915,0.0,0.0
2011-03-11 00:00:00+09:00,4423.501678404133,4463.715330025988,4307.328907052105,4352.0107421875,32597,0.0,0.0
2011-03-14 00:00:00+09:00,4521.800840809017,4521.800840809017,4249.24169921875,4249.24169921875,28343,0.0,0.0
2011-03-15 00:00:00+09:00,4445.84232875279,4450.310511997768,4110.728585379465,4253.71044921875,13170,0.0,0.0
2011-03-16 00:00:00+09:00,4325.201919880319,4325.201919880319,4128.601832613032,4200.0927734375,14617,0.0,0.0
2011-03-17 00:00:00+09:00,4200.0926954373,4209.029062874401,4030.301714132388,4195.62451171875,33272,0.0,0.0
2011-03-18 00:00:00+09:00,4200.092578125,4557.547265624999,4200.092578125,4356.47900390625,59948,0.0,0.0
2011-03-21 00:00:00+09:00,4356.478927658127,4521.801717733359,4356.478927658127,4463.71533203125,24528,0.0,0.0
2011-03-22 00:00:00+09:00,4459.247187064653,4486.056288389691,4401.160800860404,4410.09716796875,17144,0.0,0.0
2011-03-23 00:00:00+09:00,4383.288390025526,4539.674825959159,4383.288390025526,4512.86572265625,32207,0.0,0.0
2011-03-24 00:00:00+09:00,4620.101737902002,4620.101737902002,4521.8017009253645,4602.22900390625,28670,0.0,0.0
2011-03-25 00:00:00+09:00,4602.22892978386,4807.765367424692,4557.547095514113,4709.46533203125,17470,0.0,0.0
2011-03-28 00:00:00+09:00,4816.70181185528,4816.70181185528,4494.992599931736,4602.22900390625,23107,0.0,0.0
2011-03-29 00:00:00+09:00,4682.656645184825,4682.656645184825,4503.929292315175,4593.29296875,15157,0.0,0.0
2011-03-30 00:00:00+09:00,4611.165428915514,4611.165428915514,4441.374453819787,4521.8017578125,28932,0.0,0.0
2011-03-31 00:00:00+09:00,4512.86572265625,4700.529445776609,4468.183883818069,4512.86572265625,29118,0.0,0.0
2011-04-01 00:00:00+09:00,4486.056662152429,4584.356708534256,4427.970271108624,4459.24755859375,21498,0.0,0.0
2011-04-04 00:00:00+09:00,4539.674669053819,4539.674669053819,4459.247361924913,4503.92919921875,28169,0.0,0.0
2011-04-05 00:00:00+09:00,4521.8017009253645,4780.956343863774,4468.183498938107,4602.22900390625,94392,0.0,0.0
2011-04-06 00:00:00+09:00,4673.719792693356,5013.301727917729,4602.228858961908,4816.70166015625,242456,0.0,0.0
2011-04-07 00:00:00+09:00,4843.511110142299,5272.456743512835,4843.511110142299,5004.36572265625,154228,0.0,0.0
2011-04-08 00:00:00+09:00,5156.283786977313,5156.283786977313,4923.938243716637,5022.23828125,45006,0.0,0.0
2011-04-11 00:00:00+09:00,5102.665643895513,5102.665643895513,4932.874668004069,4941.81103515625,30925,0.0,0.0
2011-04-12 00:00:00+09:00,4932.874767657992,4941.811134990707,4745.211053671004,4807.765625,43163,0.0,0.0
2011-04-13 00:00:00+09:00,4700.528335250358,4879.255648377748,4637.9737756557715,4673.71923828125,45926,0.0,0.0
2011-04-14 00:00:00+09:00,4718.402073317308,4772.0202786959135,4486.056516676683,4646.9111328125,99687,0.0,0.0
2011-04-15 00:00:00+09:00,4602.2291015625,4915.001953125,4575.42,4915.001953125,68676,0.0,0.0
2011-04-18 00:00:00+09:00,4897.129062784608,5004.365465619308,4825.638127561476,4906.0654296875,58633,0.0,0.0
2011-04-19 00:00:00+09:00,4834.574795193143,5218.838595920139,4763.083855523004,5147.34765625,110980,0.0,0.0
2011-04-20 00:00:00+09:00,5156.284085820382,5156.284085820382,4932.874896660052,5066.92041015625,71324,0.0,0.0
2011-04-21 00:00:00+09:00,5120.538274775552,5120.538274775552,4843.510898653315,4852.447265625,38945,0.0,0.0
2011-04-22 00:00:00+09:00,4861.383159722222,4959.683186848958,4664.783105468749,4825.6376953125,34872,0.0,0.0
2011-04-25 00:00:00+09:00,4780.956897915195,4950.747890551435,4691.593217580332,4745.21142578125,20379,0.0,0.0
2011-04-26 00:00:00+09:00,4745.211036859557,4870.32017907431,4602.229160042696,4611.16552734375,31795,0.0,0.0
2011-04-27 00:00:00+09:00,4611.165195841392,4700.528862427466,4477.119695962282,4620.1015625,24628,0.0,0.0
2011-04-28 00:00:00+09:00,4637.974510567596,4736.274548363826,4512.865371554211,4548.61083984375,24485,0.0,0.0
2011-04-29 00:00:00+09:00,4512.866079364708,4637.975238000561,4477.12060546875,4477.12060546875,29707,0.0,0.0
2011-05-02 00:00:00+09:00,4477.120076738165,4611.165588017751,4468.183709319526,4530.73828125,14067,0.0,0.0
2011-05-03 00:00:00+09:00,4530.738458191522,4557.547561494431,4463.7156999342515,4512.86572265625,17265,0.0,0.0
2011-05-04 00:00:00+09:00,4477.120251585706,4575.420297029703,4477.120251585706,4512.86572265625,6212,0.0,0.0
2011-05-06 00:00:00+09:00,4436.906771286344,4521.802268420725,4436.906771286344,4494.9931640625,5004,0.0,0.0
2011-05-09 00:00:00+09:00,4584.35595703125,4637.974155359101,4423.5013620476975,4584.35595703125,16958,0.0,0.0
2011-05-11 00:00:00+09:00,4584.35632758461,4584.35632758461,4468.183555150692,4521.8017578125,9858,0.0,0.0
2011-05-12 00:00:00+09:00,4468.183613399145,4521.801816759935,4374.351757517763,4441.37451171875,24045,0.0,0.0
2011-05-13 00:00:00+09:00,4486.056189752394,4486.056189752394,4378.819786810106,4432.43798828125,11234,0.0,0.0
2011-05-16 00:00:00+09:00,4468.183315866362,4468.183315866362,4356.478732969703,4396.6923828125,10326,0.0,0.0
2011-05-17 00:00:00+09:00,4352.010663901914,4423.501598832541,4276.051545538123,4347.54248046875,48834,0.0,0.0
2011-05-18 00:00:00+09:00,4414.565116075965,4414.565116075965,4289.455983231707,4396.6923828125,6680,0.0,0.0
2011-05-19 00:00:00+09:00,4369.883535215979,4463.715390266629,4356.478984494457,4383.2880859375,3807,0.0,0.0
2011-05-20 00:00:00+09:00,4316.265218427105,4445.842538649036,4200.092448572958,4432.43798828125,19451,0.0,0.0
2011-05-23 00:00:00+09:00,4423.501640149594,4454.778924473884,4356.478888026116,4405.62890625,7378,0.0,0.0
2011-05-24 00:00:00+09:00,4450.3109944661455,4512.865566677518,4320.7336663140195,4503.92919921875,20752,0.0,0.0
2011-05-25 00:00:00+09:00,4503.928983671171,4503.928983671171,4423.501680391329,4463.71533203125,8380,0.0,0.0
2011-05-26 00:00:00+09:00,4427.970228863706,4548.611193726794,4427.970228863706,4512.86572265625,11116,0.0,0.0
2011-05-27 00:00:00+09:00,4378.819714643823,4557.547049935409,4378.819714643823,4539.67431640625,16682,0.0,0.0
2011-05-30 00:00:00+09:00,4539.674825959159,4557.547561494431,4450.311148282797,4512.86572265625,24534,0.0,0.0
2011-05-31 00:00:00+09:00,4530.738256607769,4816.70201244889,4512.865521867699,4780.95654296875,61267,0.0,0.0
2011-06-01 00:00:00+09:00,4780.956445312499,4950.747421874999,4736.274609374999,4915.001953125,37510,0.0,0.0
2011-06-02 00:00:00+09:00,4780.956523001859,4941.811134990707,4780.956523001859,4807.765625,12286,0.0,0.0
2011-06-03 00:00:00+09:00,4763.0837109375,5004.365624999999,4763.0837109375,4915.001953125,45004,0.0,0.0
2011-06-07 00:00:00+09:00,4915.001657468463,4950.747124068234,4754.147057769495,4870.31982421875,16043,0.0,0.0
2011-06-08 00:00:00+09:00,4870.320418447818,4923.938624889445,4736.27490234375,4736.27490234375,7392,0.0,0.0
2011-06-09 00:00:00+09:00,4700.529178394991,4888.192890840418,4700.529178394991,4861.3837890625,33227,0.0,0.0
2011-06-10 00:00:00+09:00,4915.0018154046475,4959.6836500901445,4763.083577473958,4879.25634765625,6573,0.0,0.0
2011-06-13 00:00:00+09:00,4825.638164709944,5031.174605058702,4816.701797738259,4852.447265625,23119,0.0,0.0
2011-06-14 00:00:00+09:00,4780.956523001859,4888.192930994424,4736.27468633829,4807.765625,6263,0.0,0.0
2011-06-15 00:00:00+09:00,4763.083595908149,4915.0018344267955,4736.274494993094,4852.447265625,3847,0.0,0.0
2011-06-16 00:00:00+09:00,4834.5746484374995,4834.5746484374995,4602.2291015625,4691.5927734375,10526,0.0,0.0
2011-06-17 00:00:00+09:00,4655.847500375601,4772.0202786959135,4557.54745718149,4646.9111328125,10904,0.0,0.0
2011-06-20 00:00:00+09:00,4602.228689807201,4682.6559872989765,4486.0559267635235,4584.35595703125,12448,0.0,0.0
2011-06-21 00:00:00+09:00,4557.54774089836,4557.54774089836,4423.502219107231,4494.9931640625,9364,0.0,0.0
2011-06-22 00:00:00+09:00,4512.865791468086,4682.656781642133,4477.120319852498,4629.03857421875,9632,0.0,0.0
2011-06-23 00:00:00+09:00,4727.3381418765175,4727.3381418765175,4494.992599931736,4602.22900390625,2742,0.0,0.0
2011-06-24 00:00:00+09:00,4629.037806372549,4629.037806372549,4463.715027573529,4557.546875,12447,0.0,0.0
2011-06-27 00:00:00+09:00,4512.865487032159,4620.101894644804,4463.715466876362,4611.16552734375,26172,0.0,0.0
2011-06-28 00:00:00+09:00,4557.546995889748,4620.1015625,4486.05606262089,4620.1015625,20174,0.0,0.0
2011-06-29 00:00:00+09:00,4691.592203776041,4879.255891927083,4584.355810546875,4825.6376953125,78288,0.0,0.0
2011-06-30 00:00:00+09:00,4780.9563298515195,5040.110972030387,4780.9563298515195,4852.447265625,68785,0.0,0.0
2011-07-01 00:00:00+09:00,4995.429137171961,4995.429137171961,4780.9563298515195,4852.447265625,26483,0.0,0.0
2011-07-04 00:00:00+09:00,4879.256691261574,5093.72951285549,4825.638485863095,5066.92041015625,39321,0.0,0.0
2011-07-05 00:00:00+09:00,5004.366012168141,5147.3478982300885,4915.002333379425,5049.0478515625,27832,0.0,0.0
2011-07-06 00:00:00+09:00,4986.493081825658,5120.5385947779605,4950.747611705044,5093.7294921875,51454,0.0,0.0
2011-07-07 00:00:00+09:00,5084.793005288052,5290.329453656463,5084.793005288052,5254.583984375,45377,0.0,0.0
2011-07-08 00:00:00+09:00,5299.265523658609,5361.82009139151,5183.092755011792,5209.90185546875,16499,0.0,0.0
2011-07-11 00:00:00+09:00,5209.902228461372,5209.902228461372,5049.0476142035595,5147.34765625,10834,0.0,0.0
2011-07-12 00:00:00+09:00,5040.1116611623,5093.729870323601,4932.875242839697,5031.17529296875,11262,0.0,0.0
2011-07-13 00:00:00+09:00,5031.174784845683,5084.792988591817,4879.256540898299,5057.98388671875,26088,0.0,0.0
2011-07-14 00:00:00+09:00,5093.729690956859,5093.729690956859,4923.9387012582965,5049.0478515625,17264,0.0,0.0
2011-07-15 00:00:00+09:00,5093.729353386739,5281.39306640625,4968.620211373731,5281.39306640625,33659,0.0,0.0
2011-07-18 00:00:00+09:00,5290.329318041871,5442.24755859375,5290.329318041871,5442.24755859375,51969,0.0,0.0
2011-07-19 00:00:00+09:00,5451.18390650531,5495.865741804534,5317.138400607639,5469.056640625,25145,0.0,0.0
2011-07-20 00:00:00+09:00,5522.675020811987,5522.675020811987,5361.820408555328,5451.18408203125,29112,0.0,0.0
2011-07-21 00:00:00+09:00,5513.738736053773,5513.738736053773,5281.39318153611,5343.94775390625,25880,0.0,0.0
2011-07-22 00:00:00+09:00,5370.7568157271835,5477.9932246934495,5335.011346071761,5397.56591796875,17812,0.0,0.0
2011-07-25 00:00:00+09:00,5397.565781249999,5486.929453125,5343.947578124999,5361.8203125,12069,0.0,0.0
2011-07-26 00:00:00+09:00,5361.820118801653,5522.674722365703,5352.883751936984,5406.501953125,10299,0.0,0.0
2011-07-27 00:00:00+09:00,5361.820273824258,5504.802147792904,5272.456602593854,5415.4384765625,22476,0.0,0.0
2011-07-28 00:00:00+09:00,5317.138744153474,5469.056993986431,5317.138744153474,5433.3115234375,6999,0.0,0.0
2011-07-29 00:00:00+09:00,5477.993204283361,5477.993204283361,5299.265856672158,5424.375,22240,0.0,0.0
2011-08-01 00:00:00+09:00,5451.184122451883,5451.184122451883,5352.884080899472,5397.56591796875,12913,0.0,0.0
2011-08-02 00:00:00+09:00,5406.502663054858,5406.502663054858,5093.729781721106,5335.01171875,19858,0.0,0.0
2011-08-03 00:00:00+09:00,5308.202546420162,5308.202546420162,5120.538820031571,5218.8388671875,13350,0.0,0.0
2011-08-04 00:00:00+09:00,5308.202546420162,5352.884386036494,4986.493301182577,5218.8388671875,44507,0.0,0.0
2011-08-05 00:00:00+09:00,5093.729870323601,5183.093552259103,4825.638824517096,5031.17529296875,39115,0.0,0.0
2011-08-08 00:00:00+09:00,5084.7930289132255,5397.565886579241,4780.956538609096,5004.36572265625,124586,0.0,0.0
2011-08-09 00:00:00+09:00,4959.68363110485,4959.68363110485,4575.41985428051,4906.0654296875,16790,0.0,0.0
2011-08-10 00:00:00+09:00,4959.683926028035,5299.265888530856,4736.274740170917,4950.74755859375,75150,0.0,0.0
2011-08-11 00:00:00+09:00,4915.001953125,4950.747421874999,4209.0289453125,4915.001953125,68369,0.0,0.0
2011-08-12 00:00:00+09:00,5049.04753600659,5335.0112902582905,4915.002026201105,5254.583984375,131900,0.0,0.0
2011-08-16 00:00:00+09:00,5272.456565308415,5585.229412402982,5272.456565308415,5469.056640625,54392,0.0,0.0
2011-08-17 00:00:00+09:00,5397.565584037804,5880.12939453125,5397.565584037804,5880.12939453125,119639,0.0,0.0
2011-08-18 00:00:00+09:00,5987.365815839695,5987.365815839695,5594.1656727099235,5853.3203125,41688,0.0,0.0
2011-08-19 00:00:00+09:00,5576.293448920266,5674.593493692899,5352.884256255191,5379.693359375,89351,0.0,0.0
2011-08-22 00:00:00+09:00,5379.693350956358,5629.911646349677,5156.284158640894,5183.09326171875,68270,0.0,0.0
2011-08-23 00:00:00+09:00,5415.438830201412,5442.247933321221,5183.093269829734,5379.693359375,19260,0.0,0.0
2011-08-24 00:00:00+09:00,5451.183984374999,5522.674921875,5308.202109375,5361.8203125,17378,0.0,0.0
2011-08-25 00:00:00+09:00,5361.82064508556,5531.611632179935,5263.520599925658,5352.88427734375,19038,0.0,0.0
2011-08-26 00:00:00+09:00,5361.820028981855,5594.165563571069,5183.092694682459,5540.54736328125,34474,0.0,0.0
2011-08-29 00:00:00+09:00,5585.2291968560985,5585.2291968560985,5451.183696131552,5540.54736328125,13942,0.0,0.0
2011-08-30 00:00:00+09:00,5540.547206305533,5612.038137999798,5495.865373996618,5531.61083984375,19752,0.0,0.0
2011-08-31 00:00:00+09:00,5504.801896421371,5629.911030430948,5495.8655297064015,5540.54736328125,17258,0.0,0.0
2011-09-01 00:00:00+09:00,5603.10203218006,5674.592967199901,5451.183795262897,5629.9111328125,42583,0.0,0.0
2011-09-02 00:00:00+09:00,5710.338855316805,5710.338855316805,5361.820521424231,5513.73876953125,23981,0.0,0.0
2011-09-05 00:00:00+09:00,5424.375197908015,5477.993404147633,5120.538695883513,5379.693359375,36810,0.0,0.0
2011-09-06 00:00:00+09:00,5299.266246597572,5379.693558940537,4968.620629187605,5335.01171875,26536,0.0,0.0
2011-09-07 00:00:00+09:00,5335.010916983981,5361.820017069328,5236.71088333771,5317.13818359375,10370,0.0,0.0
2011-09-08 00:00:00+09:00,5433.31136738056,5451.18410214168,5209.902182866557,5424.375,25943,0.0,0.0
2011-09-09 00:00:00+09:00,5424.374595986643,5540.54736328125,5245.647261687248,5540.54736328125,51375,0.0,0.0
2011-09-14 00:00:00+09:00,5808.638351825105,6076.729352678572,5317.13818359375,5317.13818359375,193176,0.0,0.0
2011-09-15 00:00:00+09:00,5540.54765625,5853.320507812499,5236.711171874999,5361.8203125,96577,0.0,0.0
2011-09-16 00:00:00+09:00,5486.929800724638,6166.09375,5451.184329710145,6166.09375,121195,0.0,0.0
2011-09-19 00:00:00+09:00,6210.774710518974,6550.356637137277,5987.36554827009,6255.45654296875,201812,0.0,0.0
2011-09-20 00:00:00+09:00,6282.266457313977,6407.375604401312,5317.138751211688,6049.9208984375,76519,0.0,0.0
2011-09-21 00:00:00+09:00,6166.093398212356,6371.629844819435,6166.093398212356,6201.8388671875,90814,0.0,0.0
2011-09-22 00:00:00+09:00,5915.874943240034,6166.093218784929,5915.874943240034,5996.30224609375,39798,0.0,0.0
2011-09-23 00:00:00+09:00,5880.129710568405,5880.129710568405,5406.502241480069,5674.59326171875,42151,0.0,0.0
2011-09-26 00:00:00+09:00,5656.719742838542,5755.019769965277,4825.6376953125,4825.6376953125,66371,0.0,0.0
2011-09-27 00:00:00+09:00,4870.320041425712,5299.265659753114,4870.320041425712,5022.23828125,17859,0.0,0.0
2011-09-28 00:00:00+09:00,5120.538151428534,5495.865555198164,5111.601784672113,5263.52001953125,25942,0.0,0.0
2011-09-29 00:00:00+09:00,5299.2657421875,5451.183984374999,5004.365624999999,5361.8203125,12837,0.0,0.0
2011-09-30 00:00:00+09:00,5352.8841213876985,5620.975145831156,5254.584079091764,5343.94775390625,22467,0.0,0.0
2011-10-04 00:00:00+09:00,5013.301715959821,5451.183684020483,5013.301715959821,5317.13818359375,23732,0.0,0.0
2011-10-05 00:00:00+09:00,5451.183613989637,5477.992713730569,5138.410783678756,5174.15625,7410,0.0,0.0
2011-10-06 00:00:00+09:00,5361.82021722561,5585.229392943344,5200.965610708841,5495.86572265625,16461,0.0,0.0
2011-10-07 00:00:00+09:00,5540.547755507172,5710.338735111424,5397.565877945697,5451.18408203125,27222,0.0,0.0
2011-10-10 00:00:00+09:00,5620.975179959734,5620.975179959734,5379.693256495644,5513.73876953125,21826,0.0,0.0
2011-10-11 00:00:00+09:00,5629.911511777052,6148.220825559702,5522.6751020289175,5987.3662109375,110633,0.0,0.0
2011-10-12 00:00:00+09:00,5987.365978554355,6881.002691771423,5853.320471571795,6309.0751953125,469565,0.0,0.0
2011-10-13 00:00:00+09:00,6514.611993767234,6577.166567095588,6005.239039522059,6076.72998046875,107921,0.0,0.0
2011-10-14 00:00:00+09:00,6210.7746366175215,6210.7746366175215,5763.956317436405,5862.25634765625,57244,0.0,0.0
2011-10-17 00:00:00+09:00,5880.130125821098,5951.621069600077,5674.59366245653,5781.830078125,49550,0.0,0.0
2011-10-18 00:00:00+09:00,5755.020564038826,6023.111584102746,5674.5932580196495,5898.00244140625,20001,0.0,0.0
2011-10-19 00:00:00+09:00,5898.002681408899,6166.09371238203,5719.275327426811,5799.70263671875,30181,0.0,0.0
2011-10-20 00:00:00+09:00,6210.774710518974,6666.529401506697,6094.601946149553,6255.45654296875,307611,0.0,0.0
2011-10-21 00:00:00+09:00,6264.392909458706,6300.138375418527,5987.36554827009,6255.45654296875,52544,0.0,0.0
2011-10-24 00:00:00+09:00,6309.075527759308,6755.893907912234,6300.13916015625,6300.13916015625,123292,0.0,0.0
2011-10-25 00:00:00+09:00,6407.375372056558,6648.657289832747,6344.82080078125,6344.82080078125,81313,0.0,0.0
2011-10-26 00:00:00+09:00,6210.775214787706,6398.438926313666,6175.029745925619,6228.64794921875,45924,0.0,0.0
2011-10-27 00:00:00+09:00,6407.3748645643245,6407.3748645643245,6103.538399578011,6121.4111328125,13633,0.0,0.0
2011-10-28 00:00:00+09:00,6139.28414163961,6389.5024181547615,6139.28414163961,6192.90234375,22991,0.0,0.0
2011-10-31 00:00:00+09:00,6210.774872597047,6318.011273274981,5808.638370054792,6014.1748046875,22991,0.0,0.0
2011-11-01 00:00:00+09:00,6076.729844674556,6300.139030140533,5987.366170488165,6040.984375,14905,0.0,0.0
2011-11-02 00:00:00+09:00,5898.002502160139,5987.366176435292,5808.638827884985,5817.5751953125,28579,0.0,0.0
2011-11-03 00:00:00+09:00,5960.556914062499,5960.556914062499,5629.911328124999,5808.638671875,45893,0.0,0.0
2011-11-04 00:00:00+09:00,5942.6841796875,5987.366015625,5790.765937499999,5808.638671875,41804,0.0,0.0
2011-11-07 00:00:00+09:00,5808.638557845246,6005.238632110778,5808.638557845246,5969.4931640625,13778,0.0,0.0
2011-11-08 00:00:00+09:00,5969.4931640625,6023.111366134917,5835.447658881456,5969.4931640625,12088,0.0,0.0
2011-11-09 00:00:00+09:00,5969.493359964178,6014.175196490856,5763.95691194146,5924.8115234375,25855,0.0,0.0
2011-11-10 00:00:00+09:00,5826.512350280955,5880.130562093356,5558.421291218948,5665.65771484375,22369,0.0,0.0
2011-11-11 00:00:00+09:00,5665.656871582768,5924.8115234375,5665.656871582768,5924.8115234375,9483,0.0,0.0
2011-11-14 00:00:00+09:00,5915.875002842977,6237.58421749909,5915.875002842977,6139.2841796875,30617,0.0,0.0
2011-11-15 00:00:00+09:00,6201.838572376179,6318.011341022995,6014.1748691774765,6157.15673828125,37627,0.0,0.0
2011-11-16 00:00:00+09:00,6157.157258286988,6371.630080056056,6121.411787992143,6326.9482421875,53259,0.0,0.0
2011-11-17 00:00:00+09:00,6344.820625219452,6371.629726452774,6094.602347041784,6362.693359375,53219,0.0,0.0
2011-11-18 00:00:00+09:00,6353.75679916318,6469.9295676429565,6175.029463040446,6407.375,53476,0.0,0.0
2011-11-21 00:00:00+09:00,6550.35704832277,6550.35704832277,6255.456935642482,6389.50244140625,34935,0.0,0.0
2011-11-22 00:00:00+09:00,6300.1387708970715,6443.120643711756,6157.156898082386,6389.50244140625,23161,0.0,0.0
2011-11-23 00:00:00+09:00,6389.502398611486,6416.311499584681,6130.3477558706,6219.71142578125,52651,0.0,0.0
2011-11-24 00:00:00+09:00,6219.712158548444,6326.948575075142,6166.093950285095,6318.01220703125,10285,0.0,0.0
2011-11-25 00:00:00+09:00,6067.79390180229,6335.884943119033,6067.79390180229,6318.01220703125,15939,0.0,0.0
2011-11-28 00:00:00+09:00,6255.457322140957,6300.13916015625,5683.529795545212,6300.13916015625,19561,0.0,0.0
2011-11-29 00:00:00+09:00,6246.520314996893,6380.565815318714,6175.029381491921,6291.2021484375,28057,0.0,0.0
2011-11-30 00:00:00+09:00,6389.5020225817925,6389.5020225817925,6192.901960348507,6282.265625,11399,0.0,0.0
2011-12-01 00:00:00+09:00,6264.394130186357,6505.6760724331925,6264.394130186357,6353.7578125,20899,0.0,0.0
2011-12-02 00:00:00+09:00,6380.566270081426,6380.566270081426,6237.584392880723,6344.82080078125,11661,0.0,0.0
2011-12-05 00:00:00+09:00,6344.821070084001,6612.9121012143105,6344.821070084001,6416.31201171875,16922,0.0,0.0
2011-12-06 00:00:00+09:00,6416.311300541637,6416.311300541637,6183.965765981633,6264.39306640625,34057,0.0,0.0
2011-12-07 00:00:00+09:00,6309.075538545497,6309.075538545497,6058.857245232077,6076.72998046875,54604,0.0,0.0
2011-12-08 00:00:00+09:00,6166.093560517724,6166.093560517724,5978.429843458489,5987.3662109375,42841,0.0,0.0
2011-12-09 00:00:00+09:00,5987.365704518016,6157.15667225808,5924.8111374558885,6014.1748046875,11557,0.0,0.0
2011-12-12 00:00:00+09:00,6032.047871180943,6076.729707263765,5915.875097365607,6005.23876953125,11104,0.0,0.0
2011-12-13 00:00:00+09:00,5987.365917234492,5987.365917234492,5835.447677543468,5942.68408203125,17116,0.0,0.0
2011-12-14 00:00:00+09:00,5942.683981393129,5960.556715171755,5772.893010496183,5853.3203125,18796,0.0,0.0
2011-12-15 00:00:00+09:00,5817.575215657553,5835.447950575087,5683.529703776042,5790.76611328125,14486,0.0,0.0
2011-12-16 00:00:00+09:00,5817.575436401367,5817.575436401367,5692.466287231445,5719.275390625,13142,0.0,0.0
2011-12-19 00:00:00+09:00,5719.2753547579305,5728.211722499739,4915.002257995096,5352.88427734375,35192,0.0,0.0
2011-12-20 00:00:00+09:00,5477.992888042356,5531.611089230372,5352.883751936984,5406.501953125,13459,0.0,0.0
2011-12-21 00:00:00+09:00,5531.611504602664,5674.593385173977,5370.756888959937,5513.73876953125,27911,0.0,0.0
2011-12-22 00:00:00+09:00,5513.73851649168,5755.020428882725,5513.73851649168,5638.84765625,9194,0.0,0.0
2011-12-23 00:00:00+09:00,5674.5932580196495,5933.747910748106,5674.5932580196495,5898.00244140625,28334,0.0,0.0
2011-12-26 00:00:00+09:00,5906.938788826829,5987.36609457485,5808.638748468137,5924.8115234375,10034,0.0,0.0
2011-12-27 00:00:00+09:00,5835.447971172481,5915.875278585271,5719.275193798449,5763.95703125,19055,0.0,0.0
2011-12-28 00:00:00+09:00,6444.739178307412,6444.739178307412,5909.1904296875,5909.1904296875,86017,100.0,0.0
2011-12-29 00:00:00+09:00,5891.0363751393015,6172.426402303121,5800.265398634844,6108.88671875,52564,0.0,0.0
2012-01-02 00:00:00+09:00,6108.887245270143,6117.964343702936,5963.653670345444,6027.193359375,18726,0.0,0.0
2012-01-03 00:00:00+09:00,5990.8845994015965,6435.662395417775,5990.8845994015965,6399.35400390625,59229,0.0,0.0
2012-01-04 00:00:00+09:00,6444.738741629464,6444.738741629464,6263.196805245536,6353.9677734375,23273,0.0,0.0
2012-01-05 00:00:00+09:00,6399.35400390625,6471.9707869293,6272.274633615913,6399.35400390625,22862,0.0,0.0
2012-01-06 00:00:00+09:00,6426.5848866795195,6471.970373167369,6299.50552451354,6326.73681640625,12876,0.0,0.0
2012-01-09 00:00:00+09:00,6344.89111328125,6344.89111328125,6145.194969515603,6344.89111328125,17578,0.0,0.0
2012-01-10 00:00:00+09:00,6235.965391426141,6943.978929317318,6235.965391426141,6417.50732421875,12117,0.0,0.0
2012-01-11 00:00:00+09:00,6589.972107106498,6662.588879636597,6344.890499817413,6408.43017578125,23098,0.0,0.0
2012-01-12 00:00:00+09:00,6444.7392578125,6471.970550451144,6353.968282350352,6444.7392578125,4532,0.0,0.0
2012-01-13 00:00:00+09:00,6444.739076411924,6535.510049319134,6372.122298086156,6499.20166015625,5222,0.0,0.0
2012-01-16 00:00:00+09:00,6399.353387382594,6471.97016340963,6317.659514352177,6462.89306640625,8185,0.0,0.0
2012-01-17 00:00:00+09:00,6626.281126229544,6626.281126229544,6390.276592966574,6517.35595703125,41838,0.0,0.0
2012-01-18 00:00:00+09:00,6553.664376542665,6553.664376542665,6363.045329579513,6435.662109375,13614,0.0,0.0
2012-01-19 00:00:00+09:00,6490.124694221615,6490.124694221615,6353.968232105077,6435.662109375,1940,0.0,0.0
2012-01-20 00:00:00+09:00,6353.967980155109,6508.2786311017335,6081.65506671989,6217.8115234375,48165,0.0,0.0
2012-01-25 00:00:00+09:00,6254.120590367268,6263.1976884664955,6163.349609375,6163.349609375,7804,0.0,0.0
2012-01-26 00:00:00+09:00,6163.348967241817,6281.35123023761,6136.11767578125,6136.11767578125,12473,0.0,0.0
2012-01-27 00:00:00+09:00,6163.349233879841,6444.7392578125,6163.349233879841,6444.7392578125,13975,0.0,0.0
2012-01-30 00:00:00+09:00,6453.8162531448625,6571.818519376766,6344.8910843154135,6426.5849609375,30983,0.0,0.0
2012-01-31 00:00:00+09:00,6363.045379896566,6517.356038182218,6363.045379896566,6444.7392578125,7248,0.0,0.0
2012-02-01 00:00:00+09:00,6490.1240973357935,6490.1240973357935,6344.8905511017065,6417.50732421875,23528,0.0,0.0
2012-02-02 00:00:00+09:00,6417.508148886941,6535.5104203657675,6335.814268632369,6390.27685546875,21559,0.0,0.0
2012-02-03 00:00:00+09:00,6490.124694221615,6490.124694221615,6344.891134630641,6435.662109375,19139,0.0,0.0
2012-02-06 00:00:00+09:00,6390.276906028369,6471.9707869293,6335.814318761082,6399.35400390625,29018,0.0,0.0
2012-02-07 00:00:00+09:00,6490.1240973357935,6535.509580533946,6353.967647741337,6417.50732421875,4872,0.0,0.0
2012-02-08 00:00:00+09:00,6526.433084119358,6526.433084119358,6235.965964937412,6435.662109375,31120,0.0,0.0
2012-02-09 00:00:00+09:00,6344.890676618304,6490.124225725446,6335.813579799107,6353.9677734375,4117,0.0,0.0
2012-02-10 00:00:00+09:00,6399.353851579193,6481.047730535523,6308.582874961048,6372.12255859375,26375,0.0,0.0
2012-02-13 00:00:00+09:00,6453.816146282328,6798.7458418642245,6317.6596875000005,6580.8955078125,63486,0.0,0.0
2012-02-14 00:00:00+09:00,6635.358436147637,7170.907201855859,6589.972947528296,6816.900390625,134001,0.0,0.0
2012-02-15 00:00:00+09:00,6980.288173704509,7388.757572685918,6626.281361253956,7170.9072265625,123942,0.0,0.0
2012-02-16 00:00:00+09:00,7170.906585617633,7397.834009213128,7034.750131460337,7316.14013671875,67377,0.0,0.0
2012-02-17 00:00:00+09:00,7316.140365377287,7452.296823790015,7207.2151986471035,7443.2197265625,61375,0.0,0.0
2012-02-20 00:00:00+09:00,7488.604953508436,7606.6072133819025,7261.677530674847,7397.833984375,65784,0.0,0.0
2012-02-21 00:00:00+09:00,7434.1429963064675,7434.1429963064675,7125.521675336479,7334.294921875,47895,0.0,0.0
2012-02-22 00:00:00+09:00,7334.294601280559,7987.8456053550635,7334.294601280559,7797.2265625,210732,0.0,0.0
2012-02-23 00:00:00+09:00,7769.995744900772,8341.852908368935,7715.533157903803,8232.927734375,134798,0.0,0.0
2012-02-24 00:00:00+09:00,8232.927428725028,8414.469378641787,8069.5396737999445,8178.46484375,191088,0.0,0.0
2012-02-27 00:00:00+09:00,8287.390698105795,8287.390698105795,8078.617438460195,8124.0029296875,95358,0.0,0.0
2012-02-28 00:00:00+09:00,8133.079248366013,8568.779922385622,8060.462469362746,8332.775390625,126739,0.0,0.0
2012-02-29 00:00:00+09:00,8341.852631524269,8559.702972282246,8332.775533992686,8532.4716796875,49810,0.0,0.0
2012-03-02 00:00:00+09:00,8441.700397183238,8750.321702026496,8369.083619573059,8650.4736328125,72696,0.0,0.0
2012-03-05 00:00:00+09:00,8659.550678669904,8759.398747291885,8532.471318605567,8641.396484375,29234,0.0,0.0
2012-03-06 00:00:00+09:00,8605.086945564517,8605.086945564517,8160.309244791667,8441.69921875,73982,0.0,0.0
2012-03-07 00:00:00+09:00,8350.929431352459,8441.700403432376,8251.08136206455,8305.5439453125,20071,0.0,0.0
2012-03-08 00:00:00+09:00,8269.23570279149,8568.779915955176,8205.696021211314,8505.240234375,82541,0.0,0.0
2012-03-09 00:00:00+09:00,8505.240427652994,8832.015940348307,8378.161061604816,8714.013671875,87396,0.0,0.0
2012-03-12 00:00:00+09:00,8904.633639282976,9058.944313969836,8732.16876757413,8877.40234375,169046,0.0,0.0
2012-03-13 00:00:00+09:00,8995.404876057033,9167.869752590921,8804.785801993261,8922.7880859375,155921,0.0,0.0
2012-03-14 00:00:00+09:00,8832.014917800276,9304.023937045511,8832.014917800276,9049.865234375,216460,0.0,0.0
2012-03-15 00:00:00+09:00,9068.021060875619,9167.869140625,8995.404275603341,9167.869140625,106427,0.0,0.0
2012-03-16 00:00:00+09:00,9349.411103805693,9485.567576191213,9167.869140625,9167.869140625,119985,0.0,0.0
2012-03-19 00:00:00+09:00,9258.639274240655,9712.494140625,9258.639274240655,9712.494140625,153647,0.0,0.0
2012-03-20 00:00:00+09:00,9621.723335597826,9621.723335597826,9122.48297384511,9394.7958984375,136170,0.0,0.0
2012-03-21 00:00:00+09:00,9440.180921052632,9576.337376644737,9167.86800986842,9485.56640625,85100,0.0,0.0
2012-03-22 00:00:00+09:00,9440.182002022244,9440.182002022244,8714.01415571284,8977.25,259183,0.0,0.0
2012-03-23 00:00:00+09:00,8886.478398245074,9394.795855141627,8886.478398245074,9213.25390625,104076,0.0,0.0
2012-03-26 00:00:00+09:00,9304.024896846213,9304.024896846213,8832.015828908648,8868.32421875,93882,0.0,0.0
2012-03-27 00:00:00+09:00,8986.327086759868,8986.327086759868,8468.932496916119,8623.2431640625,125287,0.0,0.0
2012-03-28 00:00:00+09:00,8623.2426961263,8850.170135498047,8487.086232503254,8714.013671875,64711,0.0,0.0
2012-03-29 00:00:00+09:00,8577.855657762097,8623.241137432795,8350.928259408602,8441.69921875,54257,0.0,0.0
2012-03-30 00:00:00+09:00,8423.546925457482,8514.31790525767,8260.159161817142,8432.6240234375,69866,0.0,0.0
2012-04-02 00:00:00+09:00,8468.932582379332,9667.109539371906,8459.855484220298,9167.869140625,482048,0.0,0.0
2012-04-03 00:00:00+09:00,9122.4833984375,9394.796335704292,8950.018538168531,9122.4833984375,194325,0.0,0.0
2012-04-04 00:00:00+09:00,9122.481919553713,9122.481919553713,8496.162265375398,8523.3935546875,101217,0.0,0.0
2012-04-05 00:00:00+09:00,8441.700343276514,8986.326171875,8350.929371843435,8986.326171875,70128,0.0,0.0
2012-04-06 00:00:00+09:00,8986.326171875,9068.020046164773,8822.938423295454,8986.326171875,37526,0.0,0.0
2012-04-09 00:00:00+09:00,8913.710250098788,8986.327034213646,8568.780525553213,8614.166015625,42541,0.0,0.0
2012-04-10 00:00:00+09:00,8414.469369904891,8695.859391983697,8323.698395040761,8350.9296875,82072,0.0,0.0
2012-04-12 00:00:00+09:00,8242.003869780861,8804.783869699819,8169.387095597769,8750.3212890625,78712,0.0,0.0
2012-04-13 00:00:00+09:00,8532.471597906404,9213.25390625,8287.38996690271,9213.25390625,125165,0.0,0.0
2012-04-16 00:00:00+09:00,9213.25380996919,9304.024783466424,9022.634765625,9022.634765625,77550,0.0,0.0
2012-04-17 00:00:00+09:00,9004.480672690763,9167.86842683233,8841.092918549197,9040.7890625,56519,0.0,0.0
2012-04-18 00:00:00+09:00,9122.482947639457,9122.482947639457,8850.170023829325,8868.32421875,48451,0.0,0.0
2012-04-19 00:00:00+09:00,8868.324278830487,8868.324278830487,8487.086182913516,8704.9365234375,80020,0.0,0.0
2012-04-20 00:00:00+09:00,8804.784229008837,9167.86811474116,8586.933897569445,8986.326171875,237386,0.0,0.0
2012-04-23 00:00:00+09:00,8959.094586527122,10075.577498525943,8959.094586527122,9621.72265625,700381,0.0,0.0
2012-04-24 00:00:00+09:00,9440.181468023255,9757.8798828125,9213.254028888081,9757.8798828125,191553,0.0,0.0
2012-04-25 00:00:00+09:00,9894.035876296082,10166.34879032258,9485.566505256336,9848.650390625,319919,0.0,0.0
2012-04-26 00:00:00+09:00,9984.806743421052,10030.19222861842,9394.795435855263,9485.56640625,138890,0.0,0.0
2012-04-27 00:00:00+09:00,9485.566614836165,9712.494045813106,9122.482725273057,9349.41015625,123745,0.0,0.0
2012-04-30 00:00:00+09:00,9667.108698573682,9984.807106508028,9530.95223803039,9894.0361328125,221087,0.0,0.0
2012-05-02 00:00:00+09:00,9984.807581018518,9984.807581018518,9667.109157986111,9803.265625,78154,0.0,0.0
2012-05-03 00:00:00+09:00,9803.265285326088,10665.589546535326,9576.337848165762,10438.662109375,225745,0.0,0.0
2012-05-04 00:00:00+09:00,10529.4326171875,10665.589073444235,10211.734219255119,10529.4326171875,97739,0.0,0.0
2012-05-07 00:00:00+09:00,10302.504623548119,10892.515901548673,10211.733657701881,10257.119140625,119636,0.0,0.0
2012-05-08 00:00:00+09:00,10438.662109375,10620.204059103262,10257.12015964674,10438.662109375,41958,0.0,0.0
2012-05-09 00:00:00+09:00,10484.046761140695,10620.203212584081,9939.420955367154,10120.962890625,83886,0.0,0.0
2012-05-10 00:00:00+09:00,10030.192476630731,10393.2763671875,9984.806990311135,10393.2763671875,72434,0.0,0.0
2012-05-11 00:00:00+09:00,10438.663268764269,10484.048761237158,9712.495389198059,9939.4228515625,177964,0.0,0.0
2012-05-14 00:00:00+09:00,9939.421476790048,9984.806962985436,9122.482725273057,9349.41015625,204540,0.0,0.0
2012-05-15 00:00:00+09:00,9258.638708344139,9258.638708344139,8686.781611652295,8750.3212890625,151002,0.0,0.0
2012-05-16 00:00:00+09:00,8550.626471796277,8841.093613088718,8169.388348849945,8287.390625,85419,0.0,0.0
2012-05-17 00:00:00+09:00,8187.5405325940865,8478.00760248656,8033.229901713709,8441.69921875,122858,0.0,0.0
2012-05-18 00:00:00+09:00,8214.772767441653,8296.46664026704,7733.686627469931,7924.3056640625,130281,0.0,0.0
2012-05-21 00:00:00+09:00,7987.845473080254,8178.46451277876,7733.686753482246,7860.76611328125,76604,0.0,0.0
2012-05-22 00:00:00+09:00,8087.693609266261,8496.162983471628,7960.6142484023685,8478.0087890625,99997,0.0,0.0
2012-05-23 00:00:00+09:00,8468.931059878529,8514.316542514534,8196.6181640625,8196.6181640625,67891,0.0,0.0
2012-05-24 00:00:00+09:00,8405.392281145949,8450.77776862514,8151.233551262486,8178.46484375,43691,0.0,0.0
2012-05-25 00:00:00+09:00,8260.159795481688,8704.93763062301,8260.159795481688,8550.626953125,49881,0.0,0.0
2012-05-29 00:00:00+09:00,8523.394377879607,8559.70276713575,8314.621139656783,8496.1630859375,28011,0.0,0.0
2012-05-30 00:00:00+09:00,8532.471947556696,8668.628414804942,8332.775795592603,8405.392578125,22796,0.0,0.0
2012-05-31 00:00:00+09:00,8405.391960577439,8478.008737774651,8051.385171741024,8468.931640625,52981,0.0,0.0
2012-06-01 00:00:00+09:00,8577.857766292444,8577.857766292444,8260.159330503833,8287.390625,33199,0.0,0.0
2012-06-04 00:00:00+09:00,7815.3808307516165,8169.387627963362,7815.3808307516165,7897.07470703125,30312,0.0,0.0
2012-06-05 00:00:00+09:00,8033.231167497306,8033.231167497306,7797.226636022809,7897.07470703125,32561,0.0,0.0
2012-06-07 00:00:00+09:00,8169.387724905304,8242.00450468224,8024.154165351431,8087.69384765625,36194,0.0,0.0
2012-06-08 00:00:00+09:00,8178.4645844006145,8314.621042520492,7996.9226402407785,8305.5439453125,21380,0.0,0.0
2012-06-11 00:00:00+09:00,8350.930614118608,8396.316106586642,8214.774136714499,8341.853515625,41194,0.0,0.0
2012-06-12 00:00:00+09:00,8341.85295958666,8441.70103636082,8196.6193933697,8242.0048828125,35643,0.0,0.0
2012-06-13 00:00:00+09:00,8332.775236936475,8514.317181096312,8178.4645844006145,8305.5439453125,25792,0.0,0.0
2012-06-14 00:00:00+09:00,8341.851730176,8341.851730176,8042.30754399993,8114.92431640625,44149,0.0,0.0
2012-06-15 00:00:00+09:00,8133.078869047619,8278.312420280612,8005.99951171875,8005.99951171875,19516,0.0,0.0
2012-06-18 00:00:00+09:00,8169.387746254162,8251.081623716704,8051.385478808269,8178.46484375,27714,0.0,0.0
2012-06-19 00:00:00+09:00,8269.237255322803,8360.008246050824,8033.232679429945,8260.16015625,35310,0.0,0.0
2012-06-20 00:00:00+09:00,8468.93173889544,8659.55078125,8332.775280070755,8659.55078125,79594,0.0,0.0
2012-06-21 00:00:00+09:00,8695.859016647666,8714.013210836909,8459.8544921875,8459.8544921875,30390,0.0,0.0
2012-06-22 00:00:00+09:00,8432.624195646222,8441.70129381161,8214.77383967689,8287.390625,49091,0.0,0.0
2012-06-25 00:00:00+09:00,8323.69876380954,8514.317819469301,8142.15680603834,8242.0048828125,45956,0.0,0.0
2012-06-26 00:00:00+09:00,8169.3875877521805,8387.237923425571,8169.3875877521805,8323.6982421875,16096,0.0,0.0
2012-06-27 00:00:00+09:00,8378.160979959239,8423.546467391305,8242.004517663045,8350.9296875,14944,0.0,0.0
2012-06-28 00:00:00+09:00,8350.929903314916,8423.546685082873,8151.233753453038,8214.7734375,38785,0.0,0.0
2012-06-29 00:00:00+09:00,8314.620462570621,8314.620462570621,7978.767889300848,8033.23046875,69908,0.0,0.0
2012-07-02 00:00:00+09:00,8078.616625337741,8151.233403992463,7969.69145735566,7978.7685546875,29155,0.0,0.0
2012-07-03 00:00:00+09:00,7987.846378003433,8096.771555885297,7933.3837890625,7933.3837890625,29632,0.0,0.0
2012-07-04 00:00:00+09:00,8042.3087447765265,8124.002625931142,7806.30419921875,7806.30419921875,44935,0.0,0.0
2012-07-05 00:00:00+09:00,7760.918709688409,7924.306471997638,7751.841611782341,7806.30419921875,51733,0.0,0.0
2012-07-06 00:00:00+09:00,7887.997940245563,8006.000210928178,7561.222421432168,7606.60791015625,78737,0.0,0.0
2012-07-09 00:00:00+09:00,7688.301111415361,7688.301111415361,7225.369167280552,7316.14013671875,135591,0.0,0.0
2012-07-10 00:00:00+09:00,7443.220178222656,7443.220178222656,7243.524027099609,7261.67822265625,89613,0.0,0.0
2012-07-11 00:00:00+09:00,7343.37137267911,7343.37137267911,7071.058466399292,7134.59814453125,33627,0.0,0.0
2012-07-12 00:00:00+09:00,7143.67552911001,7207.21520980095,6916.748098070937,6925.8251953125,48749,0.0,0.0
2012-07-13 00:00:00+09:00,6880.439432003419,7134.59814453125,6589.972331971612,7134.59814453125,78255,0.0,0.0
2012-07-16 00:00:00+09:00,7261.677500795165,7352.448469555105,7098.2897570272735,7134.59814453125,35672,0.0,0.0
2012-07-17 00:00:00+09:00,7189.061248190154,7189.061248190154,6971.210907335907,7052.90478515625,27455,0.0,0.0
2012-07-18 00:00:00+09:00,7080.135796013779,7134.598379060039,6889.51675535187,6916.748046875,19802,0.0,0.0
2012-07-19 00:00:00+09:00,6943.979603160511,7043.8276758856955,6744.283457710144,6789.6689453125,28456,0.0,0.0
2012-07-20 00:00:00+09:00,6807.823031556373,7080.135952818628,6789.668836805556,6943.9794921875,28555,0.0,0.0
2012-07-23 00:00:00+09:00,6898.593723958334,6916.74791796875,6771.514365885417,6807.82275390625,11179,0.0,0.0
2012-07-24 00:00:00+09:00,6717.051938755961,6798.745813686776,6599.049674967005,6662.58935546875,18003,0.0,0.0
2012-07-25 00:00:00+09:00,6626.281208736796,6626.281208736796,6408.4308676276405,6444.7392578125,24740,0.0,0.0
2012-07-26 00:00:00+09:00,6399.353462947354,6617.203793600881,6399.353462947354,6562.7412109375,16928,0.0,0.0
2012-07-27 00:00:00+09:00,6580.89614122358,6971.211360634082,6580.89614122358,6871.36328125,29461,0.0,0.0
2012-07-30 00:00:00+09:00,6943.978922310179,6943.978922310179,6807.822472853117,6844.130859375,12317,0.0,0.0
2012-07-31 00:00:00+09:00,6844.131387679304,7533.990784845918,6798.745901023605,7198.13818359375,79993,0.0,0.0
2012-08-01 00:00:00+09:00,7343.372169592192,7343.372169592192,7034.750842316376,7098.29052734375,18513,0.0,0.0
2012-08-02 00:00:00+09:00,7043.827615045692,7234.446661329145,6898.594055972585,6953.056640625,9487,0.0,0.0
2012-08-03 00:00:00+09:00,6762.436989700763,6907.670535788296,6762.436989700763,6844.130859375,6707,0.0,0.0
2012-08-06 00:00:00+09:00,6853.208726772987,7316.14070699209,6853.208726772987,7243.52392578125,38704,0.0,0.0
2012-08-07 00:00:00+09:00,7316.14070699209,7334.2949022948,7089.213265708216,7243.52392578125,47856,0.0,0.0
2012-08-08 00:00:00+09:00,7270.754962242868,7334.294643560845,7179.983988931471,7198.13818359375,19086,0.0,0.0
2012-08-09 00:00:00+09:00,7198.138228037554,7443.219857491544,7170.906935875999,7379.68017578125,68642,0.0,0.0
2012-08-10 00:00:00+09:00,7297.98594283111,7388.7569122693085,7252.600458112011,7316.14013671875,14598,0.0,0.0
2012-08-13 00:00:00+09:00,7316.140751826299,7361.526240361201,6989.365234375,6989.365234375,45724,0.0,0.0
2012-08-14 00:00:00+09:00,6962.133402994792,7080.1356640625,6807.82275390625,6807.82275390625,31310,0.0,0.0
2012-08-16 00:00:00+09:00,6898.593879689574,6898.593879689574,6807.822907588396,6835.05419921875,18927,0.0,0.0
2012-08-17 00:00:00+09:00,6835.054573356331,7034.750722909903,6835.054573356331,6989.365234375,17786,0.0,0.0
2012-08-20 00:00:00+09:00,6989.365001260081,7207.215338961694,6989.365001260081,7034.75048828125,28884,0.0,0.0
2012-08-21 00:00:00+09:00,7052.9043996710525,7179.983758223684,7052.9043996710525,7071.05859375,47473,0.0,0.0
2012-08-22 00:00:00+09:00,7071.058864616966,7379.68017578125,6980.287890745119,7379.68017578125,84645,0.0,0.0
2012-08-23 00:00:00+09:00,7425.06595525992,7679.224692114783,7270.755293598039,7606.60791015625,75422,0.0,0.0
2012-08-24 00:00:00+09:00,7606.607344534944,7833.534771281213,7488.605082626884,7679.22412109375,78653,0.0,0.0
2012-08-27 00:00:00+09:00,7797.226608050697,8042.308236010381,7788.149510718857,7978.7685546875,104482,0.0,0.0
2012-08-28 00:00:00+09:00,7987.844985875707,8078.615951624294,7933.382406426554,8033.23046875,40316,0.0,0.0
2012-08-29 00:00:00+09:00,8033.2316468704585,8124.002625931142,7806.30419921875,7806.30419921875,86979,0.0,0.0
2012-08-30 00:00:00+09:00,7815.38108203125,8042.3085234375,7724.610105468751,7942.46044921875,67852,0.0,0.0
2012-08-31 00:00:00+09:00,7942.460203482435,8459.85475388072,7906.151813980801,8332.775390625,106880,0.0,0.0
2012-09-03 00:00:00+09:00,8704.936271724599,8704.936271724599,8332.775284090909,8487.0859375,49827,0.0,0.0
2012-09-04 00:00:00+09:00,8496.162828947368,8532.471217105263,8232.927014802632,8278.3125,45875,0.0,0.0
2012-09-05 00:00:00+09:00,8378.160435655382,8378.160435655382,7887.997203233507,8169.38720703125,79350,0.0,0.0
2012-09-06 00:00:00+09:00,8169.3873841679815,9049.86580223942,8169.3873841679815,8632.3193359375,363629,0.0,0.0
2012-09-07 00:00:00+09:00,8886.47824125744,9894.036039806548,8714.013392857143,9530.9521484375,1099352,0.0,0.0
2012-09-10 00:00:00+09:00,9803.265202702703,10347.891047297297,9394.795819256757,10075.578125,615518,0.0,0.0
2012-09-11 00:00:00+09:00,9939.421207972935,10257.119602748326,9621.722813197544,10166.3486328125,266704,0.0,0.0
2012-09-12 00:00:00+09:00,10030.192547094042,10393.276440201518,9667.108653986566,9712.494140625,258258,0.0,0.0
2012-09-13 00:00:00+09:00,9803.264904953916,9984.806847638249,9530.951990927419,9848.650390625,227003,0.0,0.0
2012-09-14 00:00:00+09:00,9939.42104584316,10211.733951208727,9530.951687794812,9621.72265625,265051,0.0,0.0
2012-09-17 00:00:00+09:00,9621.722379701327,10438.661072317478,9349.409482162611,10257.119140625,387054,0.0,0.0
2012-09-18 00:00:00+09:00,10257.120900952254,10801.746789498391,10166.349919527896,10574.8193359375,355531,0.0,0.0
2012-09-19 00:00:00+09:00,10438.661646349676,11119.44392763335,10347.890675511853,10529.4326171875,227351,0.0,0.0
2012-09-20 00:00:00+09:00,10438.660996835444,10937.901305379748,10438.660996835444,10756.359375,151619,0.0,0.0
2012-09-21 00:00:00+09:00,11300.98543772978,12344.8515625,11074.05801930147,12344.8515625,804826,0.0,0.0
2012-09-24 00:00:00+09:00,12707.935546875,12844.091999162947,12344.851674107143,12707.935546875,545638,0.0,0.0
2012-09-25 00:00:00+09:00,12481.008864182691,12617.16532451923,11119.444260817307,11800.2265625,344890,0.0,0.0
2012-09-26 00:00:00+09:00,11527.913807744566,12526.39453125,11391.75734544837,12526.39453125,343197,0.0,0.0
2012-09-27 00:00:00+09:00,12707.936657760223,12707.936657760223,12072.539824872212,12208.6962890625,190482,0.0,0.0
2012-09-28 00:00:00+09:00,12344.852712264152,12390.238200176887,11845.612345224057,12027.154296875,177849,0.0,0.0
2012-10-02 00:00:00+09:00,11890.997121710527,12299.466488486842,11890.997121710527,12072.5390625,144847,0.0,0.0
2012-10-04 00:00:00+09:00,12163.31047095848,13207.176668092978,12163.31047095848,12844.0927734375,476363,0.0,0.0
2012-10-05 00:00:00+09:00,12844.092259091414,13025.634199149243,12571.77934900467,12753.3212890625,180910,0.0,0.0
2012-10-08 00:00:00+09:00,12707.937412546642,12798.708394064832,11981.769560401119,12163.3115234375,359465,0.0,0.0
2012-10-09 00:00:00+09:00,12072.539743474617,12254.08169450431,11664.070353657806,11845.6123046875,306118,0.0,0.0
2012-10-10 00:00:00+09:00,11754.841329172654,12254.08169450431,11618.684865900383,11845.6123046875,311826,0.0,0.0
2012-10-11 00:00:00+09:00,11664.068942341968,11981.767318203423,11210.214119682747,11936.3818359375,389590,0.0,0.0
2012-10-12 00:00:00+09:00,12072.538956516471,12117.924441315407,11709.455078125,11709.455078125,136569,0.0,0.0
2012-10-15 00:00:00+09:00,11800.226318359375,12254.081176757812,10484.047229003905,10892.5166015625,591484,0.0,0.0
2012-10-16 00:00:00+09:00,11255.601593501984,11482.529044983878,10574.8192390563,11437.1435546875,312932,0.0,0.0
2012-10-17 00:00:00+09:00,11800.226516723633,12344.852355957031,11437.142623901367,11618.6845703125,490958,0.0,0.0
2012-10-18 00:00:00+09:00,11437.142431640625,11618.684374999999,10756.360144042968,10892.5166015625,257167,0.0,0.0
2012-10-19 00:00:00+09:00,11028.672649104421,11210.214585715194,10620.203291730182,11164.8291015625,133041,0.0,0.0
2012-10-22 00:00:00+09:00,10892.51722440945,11618.685039370079,10801.746247539371,11527.9140625,182313,0.0,0.0
2012-10-23 00:00:00+09:00,11527.914788166996,11754.842244626976,11346.372822999012,11482.529296875,133964,0.0,0.0
2012-10-24 00:00:00+09:00,11210.214384883284,11346.370834902109,10983.28696818524,11300.9853515625,146449,0.0,0.0
2012-10-25 00:00:00+09:00,11482.527490631352,11709.454911394818,11164.8291015625,11164.8291015625,187771,0.0,0.0
2012-10-26 00:00:00+09:00,11164.830483646716,11255.60146318856,10620.204606395657,10710.9755859375,126851,0.0,0.0
2012-10-29 00:00:00+09:00,10983.288752347104,10983.288752347104,10075.578938103541,10574.8193359375,81804,0.0,0.0
2012-10-30 00:00:00+09:00,10347.890771484375,10937.902087402343,10347.890771484375,10892.5166015625,60322,0.0,0.0
2012-10-31 00:00:00+09:00,10892.516856846474,11119.444291364109,10847.131369942947,10937.90234375,64662,0.0,0.0
2012-11-01 00:00:00+09:00,10937.903161427332,11754.841986762152,10756.361200241816,11437.1435546875,202168,0.0,0.0
2012-11-02 00:00:00+09:00,11709.456016240158,11709.456016240158,11346.372108759842,11527.9140625,90393,0.0,0.0
2012-11-05 00:00:00+09:00,11709.456307311777,12117.925713380791,11664.070817748552,11754.841796875,169542,0.0,0.0
2012-11-06 00:00:00+09:00,11754.841244904892,12526.39453125,11437.142832880436,12526.39453125,395455,0.0,0.0
2012-11-07 00:00:00+09:00,12299.467740519663,12753.32263869382,11845.612842345507,12117.92578125,399903,0.0,0.0
2012-11-08 00:00:00+09:00,11936.382950994317,13751.80241122159,11845.611977982953,12481.0087890625,1477036,0.0,0.0
2012-11-09 00:00:00+09:00,12435.624092697253,12844.093497201906,12208.696645750222,12798.7080078125,545784,0.0,0.0
2012-11-12 00:00:00+09:00,12889.477978515624,12934.863464355469,10892.5166015625,10892.5166015625,1162640,0.0,0.0
2012-11-13 00:00:00+09:00,11346.371725881743,11482.528186592324,10892.516856846474,10937.90234375,430113,0.0,0.0
2012-11-14 00:00:00+09:00,11119.443617409806,11300.985554020579,10801.745228340955,11164.8291015625,213809,0.0,0.0
2012-11-15 00:00:00+09:00,10801.746347084205,11074.059280203976,10620.204391671026,10847.1318359375,158966,0.0,0.0
2012-11-16 00:00:00+09:00,10937.901985957704,11074.058442214438,10211.734219255119,10529.4326171875,188769,0.0,0.0
2012-11-19 00:00:00+09:00,10756.35963350184,10937.901568244486,10529.43221507353,10801.7451171875,137397,0.0,0.0
2012-11-20 00:00:00+09:00,10892.517545021186,11028.674014333952,10574.819116624736,10710.9755859375,107452,0.0,0.0
2012-11-21 00:00:00+09:00,10484.047596807066,10665.589546535326,10075.578209918478,10438.662109375,256490,0.0,0.0
2012-11-22 00:00:00+09:00,10529.432826146289,10710.974771424671,10302.505394548307,10393.2763671875,49232,0.0,0.0
2012-11-23 00:00:00+09:00,10302.505417596727,10393.276390438989,9258.639229910716,9530.9521484375,348373,0.0,0.0
2012-11-26 00:00:00+09:00,9621.723703835229,10075.578595525569,9394.796257990058,9984.8076171875,244694,0.0,0.0
2012-11-27 00:00:00+09:00,9984.807106508028,10211.734540746846,9803.265159116972,9894.0361328125,127391,0.0,0.0
2012-11-28 00:00:00+09:00,9894.035876296082,10075.577818980415,9803.264904953916,9848.650390625,52726,0.0,0.0
2012-11-29 00:00:00+09:00,9984.807106508028,10030.192593355792,9803.265159116972,9894.0361328125,65500,0.0,0.0
2012-11-30 00:00:00+09:00,10030.193070023148,10030.193070023148,9667.109157986111,9803.265625,94011,0.0,0.0
2012-12-03 00:00:00+09:00,9848.650077387972,9848.650077387972,9440.180719339623,9621.72265625,85413,0.0,0.0
2012-12-04 00:00:00+09:00,9712.494140625,9757.879627263435,9394.795734155958,9712.494140625,68979,0.0,0.0
2012-12-05 00:00:00+09:00,9757.88017134233,10120.964084694602,9485.567236328125,9984.8076171875,220851,0.0,0.0
2012-12-06 00:00:00+09:00,10166.349007009347,10166.349007009347,9667.108653986566,9712.494140625,120907,0.0,0.0
2012-12-07 00:00:00+09:00,9712.494682173296,9984.8076171875,9576.338214666193,9984.8076171875,83656,0.0,0.0
2012-12-10 00:00:00+09:00,10393.27715754105,10710.9755859375,10257.120688228284,10710.9755859375,480329,0.0,0.0
2012-12-11 00:00:00+09:00,10665.588967459542,10665.588967459542,10120.963147844588,10166.3486328125,196690,0.0,0.0
2012-12-12 00:00:00+09:00,10166.349053899083,10257.12002759461,9712.494185421445,9894.0361328125,117116,0.0,0.0
2012-12-13 00:00:00+09:00,9848.650645964737,10075.578080203555,9803.265159116972,9894.0361328125,49925,0.0,0.0
2012-12-14 00:00:00+09:00,10030.193070023148,10030.193070023148,9712.49464699074,9803.265625,44356,0.0,0.0
2012-12-17 00:00:00+09:00,9803.266374143835,10120.964821454052,9712.495389198059,9939.4228515625,72760,0.0,0.0
2012-12-18 00:00:00+09:00,9939.420760163164,10257.119140625,9803.264311393805,10257.119140625,221865,0.0,0.0
2012-12-20 00:00:00+09:00,10257.12134326817,10438.663313945484,10030.193879921531,10302.5068359375,134652,0.0,0.0
2012-12-21 00:00:00+09:00,10302.50508771624,10620.20348249163,10166.3486328125,10166.3486328125,184507,0.0,0.0
2012-12-24 00:00:00+09:00,10120.963402777777,10257.119861111112,10075.577916666667,10211.734375,62519,0.0,0.0
2012-12-26 00:00:00+09:00,10211.734326392816,10302.505298182976,10030.1923828125,10030.1923828125,78817,0.0,0.0
2012-12-27 00:00:00+09:00,10121.792313249145,10167.592278467466,9984.39241759418,10030.1923828125,61761,100.0,0.0
2012-12-28 00:00:00+09:00,10030.19190772804,10259.191722972973,9984.391944679053,10167.591796875,44648,0.0,0.0
2013-01-02 00:00:00+09:00,10304.99267578125,10442.392578125,10121.792805989584,10442.392578125,72628,0.0,0.0
2013-01-03 00:00:00+09:00,10396.591291155135,10396.591291155135,10213.391444614956,10259.19140625,49250,0.0,0.0
2013-01-04 00:00:00+09:00,10350.792482600982,10625.592283024018,10213.392582389464,10488.1923828125,108638,0.0,0.0
2013-01-07 00:00:00+09:00,10625.591479700854,11266.790965544871,10533.991553151709,10717.19140625,288801,0.0,0.0
2013-01-08 00:00:00+09:00,10808.792486921806,10900.392423251651,10350.792805272577,10396.5927734375,135713,0.0,0.0
2013-01-09 00:00:00+09:00,10350.79132952009,10488.191214425224,10167.591482979911,10259.19140625,113816,0.0,0.0
2013-01-10 00:00:00+09:00,10259.191722972973,10304.99168602196,9892.792018581082,10167.591796875,81188,0.0,0.0
2013-01-11 00:00:00+09:00,10259.192391304348,10533.9921875,10121.792493206522,10533.9921875,143519,0.0,0.0
2013-01-14 00:00:00+09:00,10533.9921875,10671.392085597827,10350.792323369566,10533.9921875,100122,0.0,0.0
2013-01-15 00:00:00+09:00,10717.19140625,10900.39125934829,10396.59166332799,10717.19140625,168201,0.0,0.0
2013-01-16 00:00:00+09:00,10671.392921006945,10762.992860243055,10304.9931640625,10304.9931640625,102782,0.0,0.0
2013-01-17 00:00:00+09:00,10167.593255208334,10442.393072916668,10167.593255208334,10304.9931640625,66324,0.0,0.0
2013-01-18 00:00:00+09:00,10304.992837107653,10442.392741602422,10167.592932612884,10396.5927734375,76589,0.0,0.0
2013-01-21 00:00:00+09:00,10442.392411715247,10442.392411715247,10213.392578125,10213.392578125,103843,0.0,0.0
2013-01-22 00:00:00+09:00,10259.192708333334,10259.192708333334,9480.59326171875,9617.9931640625,255787,0.0,0.0
2013-01-23 00:00:00+09:00,9709.592583955224,9801.192513992537,9141.67301772388,9205.79296875,239082,0.0,0.0
2013-01-24 00:00:00+09:00,9297.392898787313,9480.592758861942,9205.79296875,9205.79296875,89337,0.0,0.0
2013-01-25 00:00:00+09:00,9388.992654123615,9434.79261829007,8976.792976625504,9086.712890625,76343,0.0,0.0
2013-01-28 00:00:00+09:00,9159.9933229913,9159.9933229913,8949.3134765625,8949.3134765625,54625,0.0,0.0
2013-01-29 00:00:00+09:00,8885.193684895834,9059.233561197916,8701.993815104166,8738.6337890625,70672,0.0,0.0
2013-01-30 00:00:00+09:00,8802.753097155863,9114.19285293453,8756.953133070763,8866.873046875,56187,0.0,0.0
2013-01-31 00:00:00+09:00,9013.433757341676,9095.87370024419,8921.833820783326,8967.6337890625,43389,0.0,0.0
2013-02-01 00:00:00+09:00,9059.232707698171,9059.232707698171,8637.873046875,8637.873046875,53659,0.0,0.0
2013-02-04 00:00:00+09:00,8683.674856770833,8701.994845920139,8234.835122612847,8243.9951171875,65200,0.0,0.0
2013-02-05 00:00:00+09:00,8243.993644067798,8243.993644067798,7996.673834745763,8106.59375,58352,0.0,0.0
2013-02-06 00:00:00+09:00,8234.833673602683,8518.793455451052,8234.833673602683,8491.3134765625,56199,0.0,0.0
2013-02-07 00:00:00+09:00,8491.314471148804,8573.754417470638,8106.594721646917,8189.03466796875,61418,0.0,0.0
2013-02-08 00:00:00+09:00,8198.194012215125,8381.393878409875,8161.554038976174,8289.7939453125,32714,0.0,0.0
2013-02-12 00:00:00+09:00,8271.47494678283,8363.074890822507,8143.235025127282,8152.39501953125,48438,0.0,0.0
2013-02-13 00:00:00+09:00,8115.753436810915,8445.51317013506,8115.753436810915,8308.11328125,69182,0.0,0.0
2013-02-14 00:00:00+09:00,8353.913249589266,8363.0732421875,8243.99333841046,8363.0732421875,19790,0.0,0.0
2013-02-15 00:00:00+09:00,8418.033387129934,8775.27310649671,8363.073430304275,8701.9931640625,85035,0.0,0.0
2013-02-18 00:00:00+09:00,8701.993978036091,8756.953940002635,8564.594073119732,8692.833984375,36209,0.0,0.0
2013-02-19 00:00:00+09:00,8756.953614799222,8866.87353465026,8637.873701627266,8839.3935546875,44202,0.0,0.0
2013-02-20 00:00:00+09:00,8885.193684895834,9022.593587239584,8857.713704427084,8903.513671875,49854,0.0,0.0
2013-02-21 00:00:00+09:00,8940.15331419624,8940.15331419624,8720.313478601252,8775.2734375,51231,0.0,0.0
2013-02-22 00:00:00+09:00,8747.793123924126,8821.07306632349,8647.033203125,8647.033203125,39245,0.0,0.0
2013-02-25 00:00:00+09:00,8647.033366402116,8775.273268022487,8610.393394510582,8656.193359375,28764,0.0,0.0
2013-02-26 00:00:00+09:00,8527.953445219191,8610.393381853963,8436.353515625,8436.353515625,45739,0.0,0.0
2013-02-27 00:00:00+09:00,8509.633621682247,8509.633621682247,8335.593752132232,8390.5537109375,28893,0.0,0.0
2013-02-28 00:00:00+09:00,8427.194167212043,8747.7939453125,8353.914217931937,8747.7939453125,55780,0.0,0.0
2013-03-04 00:00:00+09:00,8958.473466827425,8958.473466827425,8775.273600430135,8784.43359375,56888,0.0,0.0
2013-03-05 00:00:00+09:00,8866.873858848314,9013.433757341676,8784.4339159458,8967.6337890625,64047,0.0,0.0
2013-03-06 00:00:00+09:00,8985.952489989008,9159.992344535176,8848.55260482098,9114.1923828125,96235,0.0,0.0
2013-03-07 00:00:00+09:00,9114.193686548224,9205.793623096446,8949.313800761422,9022.59375,48399,0.0,0.0
2013-03-08 00:00:00+09:00,9123.353350712106,9123.353350712106,8921.833497583928,9004.2734375,31562,0.0,0.0
2013-03-11 00:00:00+09:00,9004.27427250197,9004.27427250197,8711.15445895155,8720.314453125,38012,0.0,0.0
2013-03-12 00:00:00+09:00,8683.673984771573,9105.033692893401,8683.673984771573,9022.59375,64770,0.0,0.0
2013-03-13 00:00:00+09:00,9059.234208964726,9114.194173832055,8949.314279230068,9105.0341796875,59520,0.0,0.0
2013-03-14 00:00:00+09:00,9086.712405778895,9123.352375157036,8967.632505299938,9114.1923828125,35600,0.0,0.0
2013-03-15 00:00:00+09:00,9132.512248748482,9526.391914441747,9077.552295395933,9434.7919921875,116687,0.0,0.0
2013-03-18 00:00:00+09:00,9480.593427686268,9755.393237184422,9297.3935546875,9297.3935546875,145247,0.0,0.0
2013-03-19 00:00:00+09:00,9434.793294270834,9755.39306640625,9388.993326822916,9617.9931640625,119627,0.0,0.0
2013-03-20 00:00:00+09:00,9617.9931640625,9663.793131510416,9343.193359375,9343.193359375,93058,0.0,0.0
2013-03-21 00:00:00+09:00,9480.593097370427,9617.992997332318,9297.393230754573,9388.9931640625,89094,0.0,0.0
2013-03-22 00:00:00+09:00,9343.192069933251,9572.191875568871,9297.392108806129,9434.7919921875,49767,0.0,0.0
2013-03-25 00:00:00+09:00,9526.39273852657,9846.992494150061,9388.99284325936,9480.5927734375,101644,0.0,0.0
2013-03-26 00:00:00+09:00,9526.3935546875,9526.3935546875,9297.393709622896,9526.3935546875,54741,0.0,0.0
2013-03-27 00:00:00+09:00,9526.39273852657,9572.192703615641,9388.99284325936,9480.5927734375,43924,0.0,0.0
2013-03-28 00:00:00+09:00,9434.793130716464,9526.39306402439,9343.193197408536,9388.9931640625,42802,0.0,0.0
2013-03-29 00:00:00+09:00,9388.992666112314,9480.59259456219,9205.792809212562,9251.5927734375,72044,0.0,0.0
2013-04-01 00:00:00+09:00,9343.193359375,9709.593098958334,9251.593424479166,9617.9931640625,103108,0.0,0.0
2013-04-02 00:00:00+09:00,9663.79263379378,9755.39256397192,9297.39291308122,9480.5927734375,103852,0.0,0.0
2013-04-03 00:00:00+09:00,9480.593097370427,9572.193030678354,9297.393230754573,9388.9931640625,71529,0.0,0.0
2013-04-04 00:00:00+09:00,9343.193669684579,9846.993328344042,9297.393700715536,9801.193359375,269750,0.0,0.0
2013-04-05 00:00:00+09:00,9801.193368765023,9984.393244816707,9388.993647648738,9526.3935546875,147651,0.0,0.0
2013-04-08 00:00:00+09:00,9526.39305265902,9572.193019258342,8784.43359375,8784.43359375,141418,0.0,0.0
2013-04-09 00:00:00+09:00,8775.273926292539,8976.793786812828,8518.794103812173,8747.7939453125,65426,0.0,0.0
2013-04-10 00:00:00+09:00,8839.3943651337,8949.314295062823,8766.114411847617,8885.1943359375,50338,0.0,0.0
2013-04-11 00:00:00+09:00,8958.4736328125,9059.233561197916,8811.913736979166,8903.513671875,42611,0.0,0.0
2013-04-12 00:00:00+09:00,8912.673825168706,9105.033691898965,8885.19384420724,9077.5537109375,58954,0.0,0.0
2013-04-15 00:00:00+09:00,9086.713705583756,9159.993654822334,9004.273762690354,9022.59375,60647,0.0,0.0
2013-04-16 00:00:00+09:00,8967.633783289717,9343.193522937192,8930.993808689964,9297.3935546875,83059,0.0,0.0
2013-04-17 00:00:00+09:00,9434.792630337251,9434.792630337251,9132.51286645266,9251.5927734375,78490,0.0,0.0
2013-04-18 00:00:00+09:00,9159.992833291331,9251.592761624244,9059.232912125126,9086.712890625,44235,0.0,0.0
2013-04-19 00:00:00+09:00,9105.03369595075,9205.79362618763,8784.433917924316,8857.7138671875,70981,0.0,0.0
2013-04-22 00:00:00+09:00,8921.833819796953,9031.753743654823,8811.913895939086,9022.59375,26161,0.0,0.0
2013-04-23 00:00:00+09:00,9077.553063805994,9205.79296581738,8976.793140797046,9150.8330078125,36480,0.0,0.0
2013-04-24 00:00:00+09:00,9205.793618188116,9434.793459436576,9068.39371343904,9297.3935546875,80150,0.0,0.0
2013-04-25 00:00:00+09:00,9343.19302734375,9343.19302734375,9159.9931640625,9159.9931640625,55887,0.0,0.0
2013-04-26 00:00:00+09:00,9251.593581788278,9663.793295828349,9150.833651689594,9572.193359375,171577,0.0,0.0
2013-04-29 00:00:00+09:00,9938.593240672144,10946.192555394666,9846.993302970097,10625.5927734375,1249959,0.0,0.0
2013-04-30 00:00:00+09:00,10579.79264609719,10625.592614262114,10167.592932612884,10396.5927734375,362887,0.0,0.0
2013-05-02 00:00:00+09:00,10396.592610677084,10625.592447916666,10304.99267578125,10442.392578125,230375,0.0,0.0
2013-05-03 00:00:00+09:00,10442.392882300204,11266.792320376537,10350.792944736168,11175.1923828125,735832,0.0,0.0
2013-05-06 00:00:00+09:00,11083.592287199268,11129.392255328192,10808.792478425732,10946.1923828125,253535,0.0,0.0
2013-05-07 00:00:00+09:00,11266.79131926208,11449.99117811187,10808.791672137604,10900.3916015625,380518,0.0,0.0
2013-05-08 00:00:00+09:00,11175.192399649784,11358.39227505388,10533.992835735453,10625.5927734375,505511,0.0,0.0
2013-05-09 00:00:00+09:00,10625.592938311689,10717.192877435065,10350.793120941558,10579.79296875,232672,0.0,0.0
2013-05-10 00:00:00+09:00,10625.59261877828,10625.59261877828,10075.993000565612,10121.79296875,225800,0.0,0.0
2013-05-13 00:00:00+09:00,10213.392243685788,10304.992174122432,9984.39241759418,10030.1923828125,152525,0.0,0.0
2013-05-14 00:00:00+09:00,10030.193032381221,10259.192873303167,9663.793286906108,10121.79296875,235928,0.0,0.0
2013-05-15 00:00:00+09:00,10213.391759923987,10488.191538217905,10030.19190772804,10167.591796875,222513,0.0,0.0
2013-05-16 00:00:00+09:00,9846.992835456162,10075.992668838862,9480.593102043838,9663.79296875,328054,0.0,0.0
2013-05-20 00:00:00+09:00,9663.793452467873,9801.193359375,9526.393545560748,9801.193359375,111625,0.0,0.0
2013-05-21 00:00:00+09:00,9801.192873343894,9938.5927734375,9617.99300655242,9938.5927734375,73754,0.0,0.0
2013-05-22 00:00:00+09:00,9892.792806739631,10121.792640228976,9663.792973250289,9938.5927734375,247961,0.0,0.0
2013-05-23 00:00:00+09:00,9938.593105188398,10121.792978095096,9572.193359375,9572.193359375,237011,0.0,0.0
2013-05-24 00:00:00+09:00,9617.992487237005,9663.792451461943,9123.352873607673,9251.5927734375,261277,0.0,0.0
2013-05-27 00:00:00+09:00,9251.593424479166,9617.9931640625,9159.993489583334,9617.9931640625,106596,0.0,0.0
2013-05-28 00:00:00+09:00,9617.99268265845,9801.192543280516,9572.192717502934,9755.392578125,92698,0.0,0.0
2013-05-29 00:00:00+09:00,9801.193033854166,10075.992838541666,9755.39306640625,9892.79296875,231987,0.0,0.0
2013-05-30 00:00:00+09:00,9892.792637087265,10030.192534824588,9709.5927734375,9709.5927734375,100212,0.0,0.0
2013-05-31 00:00:00+09:00,9846.9931640625,10030.193036882267,9709.593259447674,9846.9931640625,103460,0.0,0.0
2013-06-03 00:00:00+09:00,9755.39290210308,9846.992835456162,9526.39306872038,9663.79296875,77026,0.0,0.0
2013-06-04 00:00:00+09:00,9572.193030678354,9709.592930640243,9159.993330792682,9388.9931640625,131474,0.0,0.0
2013-06-05 00:00:00+09:00,9343.193692071643,9434.79363022921,9141.673828125,9141.673828125,82635,0.0,0.0
2013-06-07 00:00:00+09:00,9141.674493060847,9297.394399255272,8793.594702743902,9013.4345703125,85105,0.0,0.0
2013-06-10 00:00:00+09:00,8976.793776939656,9297.3935546875,8930.993808689964,9297.3935546875,73695,0.0,0.0
2013-06-11 00:00:00+09:00,9297.393709622896,9526.3935546875,9251.593740609977,9526.3935546875,99900,0.0,0.0
2013-06-12 00:00:00+09:00,9388.99284325936,9755.39256397192,9343.19287817029,9480.5927734375,73021,0.0,0.0
2013-06-13 00:00:00+09:00,9480.593097370427,9572.193030678354,9159.993330792682,9388.9931640625,87903,0.0,0.0
2013-06-14 00:00:00+09:00,9480.593097370427,9572.193030678354,9297.393230754573,9388.9931640625,45201,0.0,0.0
2013-06-17 00:00:00+09:00,9480.592924804687,9572.192856445312,9123.35319140625,9159.9931640625,84135,0.0,0.0
2013-06-18 00:00:00+09:00,9205.792809212562,9343.192701887376,9150.832852142636,9251.5927734375,30674,0.0,0.0
2013-06-19 00:00:00+09:00,9297.393061523437,9343.19302734375,9123.35319140625,9159.9931640625,47557,0.0,0.0
2013-06-20 00:00:00+09:00,8976.793125967492,9132.513006724072,8793.59326625387,8876.033203125,57562,0.0,0.0
2013-06-21 00:00:00+09:00,8518.793482415902,9114.19302688583,8253.153685652396,8985.953125,93830,0.0,0.0
2013-06-24 00:00:00+09:00,8976.792956568348,9059.23289188377,8711.153164996427,8811.9130859375,35238,0.0,0.0
2013-06-25 00:00:00+09:00,8537.113255092076,8793.593052455357,8207.353515625,8207.353515625,80270,0.0,0.0
2013-06-26 00:00:00+09:00,8308.113774827141,8500.473630694143,8152.393891506236,8445.513671875,45530,0.0,0.0
2013-06-27 00:00:00+09:00,8454.673832249868,8802.753578322992,8454.673832249868,8674.513671875,52063,0.0,0.0
2013-06-28 00:00:00+09:00,8674.513834635416,8738.6337890625,8619.553873697916,8738.6337890625,22176,0.0,0.0
2013-07-01 00:00:00+09:00,8747.793295291274,8848.553218064262,8729.473309332549,8766.11328125,27801,0.0,0.0
2013-07-02 00:00:00+09:00,8747.79477259156,8793.59474522293,8555.43488753981,8628.71484375,34385,0.0,0.0
2013-07-03 00:00:00+09:00,8637.873357453893,8683.673322233606,8344.75358286373,8381.3935546875,31905,0.0,0.0
2013-07-04 00:00:00+09:00,8399.714189234257,8582.9140625,8399.714189234257,8582.9140625,23577,0.0,0.0
2013-07-05 00:00:00+09:00,8738.632965767498,8738.632965767498,8518.793142729322,8637.873046875,27554,0.0,0.0
2013-07-08 00:00:00+09:00,8582.913899739584,8793.59375,8518.7939453125,8683.673828125,57119,0.0,0.0
2013-07-09 00:00:00+09:00,8775.274737548829,8839.39469909668,8683.67479248047,8793.5947265625,37641,0.0,0.0
2013-07-10 00:00:00+09:00,8866.874682617188,8930.994644165039,8729.47476501465,8793.5947265625,50694,0.0,0.0
2013-07-11 00:00:00+09:00,8866.87385786802,9150.833661167513,8866.87385786802,9022.59375,69836,0.0,0.0
2013-07-12 00:00:00+09:00,9022.593105801114,9251.592930821447,9022.593105801114,9150.8330078125,59140,0.0,0.0
2013-07-15 00:00:00+09:00,9297.392229703204,9297.392229703204,9068.392421089824,9114.1923828125,45835,0.0,0.0
2013-07-16 00:00:00+09:00,9159.992344535176,9205.792306257852,9086.712405778895,9114.1923828125,48633,0.0,0.0
2013-07-17 00:00:00+09:00,9114.193364138719,9388.9931640625,9022.593430830793,9388.9931640625,61176,0.0,0.0
2013-07-18 00:00:00+09:00,9480.592920712614,9480.592920712614,9050.0732421875,9050.0732421875,76374,0.0,0.0
2013-07-19 00:00:00+09:00,9068.39453125,9159.9944760101,8995.11457544192,9068.39453125,20910,0.0,0.0
2013-07-22 00:00:00+09:00,9105.032390467964,9205.792306257852,9013.432467022612,9114.1923828125,18437,0.0,0.0
2013-07-23 00:00:00+09:00,9205.79296284932,9251.592927838621,9095.873046875,9095.873046875,35856,0.0,0.0
2013-07-24 00:00:00+09:00,9150.833341972748,9709.592935426539,9141.67334863744,9663.79296875,255323,0.0,0.0
2013-07-25 00:00:00+09:00,9846.9931640625,9984.393068677326,9663.793291242733,9846.9931640625,205529,0.0,0.0
2013-07-26 00:00:00+09:00,9846.992840041763,10030.192706833237,9801.192873343894,9938.5927734375,132643,0.0,0.0
2013-07-29 00:00:00+09:00,9984.392903645834,9984.392903645834,9663.793131510416,9892.79296875,99262,0.0,0.0
2013-07-30 00:00:00+09:00,9892.79296875,9892.79296875,9755.39306640625,9892.79296875,68331,0.0,0.0
2013-07-31 00:00:00+09:00,9846.992835456162,9846.992835456162,9617.99300207346,9663.79296875,60514,0.0,0.0
2013-08-01 00:00:00+09:00,9617.99332303779,9984.393068677326,9617.99332303779,9846.9931640625,95153,0.0,0.0
2013-08-02 00:00:00+09:00,9938.592452375857,10075.992348030823,9709.592626284248,10030.1923828125,125605,0.0,0.0
2013-08-05 00:00:00+09:00,9938.592294034092,10167.592116477274,9846.992365056818,10075.9921875,93504,0.0,0.0
2013-08-06 00:00:00+09:00,10030.191563037557,10030.191563037557,9755.391794187213,9984.3916015625,65525,0.0,0.0
2013-08-07 00:00:00+09:00,9984.392568912146,10121.79246664947,9663.792807525058,9709.5927734375,64748,0.0,0.0
2013-08-08 00:00:00+09:00,9755.393227652616,9938.593100472384,9617.99332303779,9846.9931640625,66155,0.0,0.0
2013-08-09 00:00:00+09:00,9755.392906646026,9938.5927734375,9755.392906646026,9938.5927734375,43705,0.0,0.0
2013-08-12 00:00:00+09:00,9984.393068677326,9984.393068677326,9755.393227652616,9846.9931640625,42218,0.0,0.0
2013-08-13 00:00:00+09:00,9846.993001302084,10304.99267578125,9617.9931640625,9617.9931640625,326068,0.0,0.0
2013-08-14 00:00:00+09:00,9709.59247159091,10121.792151988637,9617.992542613636,10075.9921875,183069,0.0,0.0
2013-08-16 00:00:00+09:00,9846.992521939213,10167.592278467466,9846.992521939213,10030.1923828125,51734,0.0,0.0
2013-08-19 00:00:00+09:00,10075.992673531107,10121.792640228976,9755.392906646026,9938.5927734375,48811,0.0,0.0
2013-08-20 00:00:00+09:00,9801.193033854166,10030.19287109375,9251.593424479166,9617.9931640625,131533,0.0,0.0
2013-08-21 00:00:00+09:00,9572.192703615641,9617.99266870471,9031.753115564614,9480.5927734375,190618,0.0,0.0
2013-08-22 00:00:00+09:00,9159.993489583334,9343.193359375,9123.353515625,9123.353515625,69133,0.0,0.0
2013-08-23 00:00:00+09:00,9205.793129882812,9297.393061523437,9150.833170898437,9159.9931640625,58120,0.0,0.0
2013-08-26 00:00:00+09:00,9159.992833291331,9205.792797457787,9050.072919291835,9086.712890625,74232,0.0,0.0
2013-08-27 00:00:00+09:00,9086.713708634954,9086.713708634954,8839.393879871704,8857.7138671875,90366,0.0,0.0
2013-08-28 00:00:00+09:00,8582.91484698499,8848.5546875,8582.91484698499,8848.5546875,37487,0.0,0.0
2013-08-29 00:00:00+09:00,8766.114411847617,9114.194189956508,8766.114411847617,8885.1943359375,24520,0.0,0.0
2013-08-30 00:00:00+09:00,8903.513018143078,9022.592924764333,8839.39306842394,8866.873046875,11789,0.0,0.0
2013-09-02 00:00:00+09:00,8821.073891556398,9004.273764693602,8802.753904242678,8912.673828125,16985,0.0,0.0
2013-09-03 00:00:00+09:00,8930.993023862933,9251.5927734375,8930.993023862933,9251.5927734375,62764,0.0,0.0
2013-09-04 00:00:00+09:00,9159.993649938424,9297.3935546875,9068.39371343904,9297.3935546875,51189,0.0,0.0
2013-09-05 00:00:00+09:00,9205.79296875,9297.392898787313,9159.993003731344,9205.79296875,17066,0.0,0.0
2013-09-06 00:00:00+09:00,9205.793291637701,9297.393224887828,8921.83349856231,9059.2333984375,57345,0.0,0.0
2013-09-09 00:00:00+09:00,9077.553713948484,9132.513675889646,8903.51383446814,8912.673828125,20509,0.0,0.0
2013-09-10 00:00:00+09:00,8894.353052482982,9297.392737662438,8894.353052482982,9251.5927734375,52750,0.0,0.0
2013-09-11 00:00:00+09:00,9251.593740609977,9801.193368765023,9205.793771597055,9526.3935546875,121082,0.0,0.0
2013-09-12 00:00:00+09:00,9480.593422921651,9709.593264055024,9434.793454694976,9572.193359375,56654,0.0,0.0
2013-09-13 00:00:00+09:00,9480.593422921651,9663.793295828349,9434.793454694976,9572.193359375,45196,0.0,0.0
2013-09-16 00:00:00+09:00,9572.193035396918,9709.592935426539,9480.593102043838,9663.79296875,71522,0.0,0.0
2013-09-17 00:00:00+09:00,9709.593098958334,9938.592936197916,9709.593098958334,9892.79296875,112276,0.0,0.0
2013-09-23 00:00:00+09:00,9801.193195857559,9938.593100472384,9663.793291242733,9846.9931640625,59590,0.0,0.0
2013-09-24 00:00:00+09:00,9801.193195857559,9938.593100472384,9801.193195857559,9846.9931640625,72849,0.0,0.0
2013-09-25 00:00:00+09:00,9892.791678612384,10075.991524512614,9801.19175566227,9984.3916015625,84090,0.0,0.0
2013-09-26 00:00:00+09:00,9984.392903645834,9984.392903645834,9801.193033854166,9892.79296875,58197,0.0,0.0
2013-09-27 00:00:00+09:00,10030.191563037557,10167.59144746273,9801.19175566227,9984.3916015625,81848,0.0,0.0
2013-09-30 00:00:00+09:00,9892.793127828054,10213.392905118779,9846.993159643665,10121.79296875,111057,0.0,0.0
2013-10-01 00:00:00+09:00,10167.592606926844,10167.592606926844,9709.592939948157,9938.5927734375,85591,0.0,0.0
2013-10-02 00:00:00+09:00,9938.592768809242,9984.392735485782,9663.79296875,9663.79296875,52028,0.0,0.0
2013-10-04 00:00:00+09:00,9617.993327601675,9709.593264055024,9480.593422921651,9572.193359375,72459,0.0,0.0
2013-10-07 00:00:00+09:00,9572.193035396918,9755.39290210308,9526.39306872038,9663.79296875,27126,0.0,0.0
2013-10-08 00:00:00+09:00,9526.393386627908,9846.9931640625,9388.993482013082,9846.9931640625,70504,0.0,0.0
2013-10-10 00:00:00+09:00,9709.593098958334,9801.193033854166,9388.993326822916,9617.9931640625,74791,0.0,0.0
2013-10-11 00:00:00+09:00,9755.393227652616,9938.593100472384,9709.593259447674,9846.9931640625,39400,0.0,0.0
2013-10-14 00:00:00+09:00,9938.592602999704,9938.592602999704,9572.192875700177,9709.5927734375,56198,0.0,0.0
2013-10-15 00:00:00+09:00,9755.392906646026,10030.192706833237,9709.592939948157,9938.5927734375,42244,0.0,0.0
2013-10-16 00:00:00+09:00,9938.593096012442,10259.192873303167,9846.993159643665,10121.79296875,134127,0.0,0.0
2013-10-17 00:00:00+09:00,10213.392243685788,10579.791965432363,9938.592452375857,10030.1923828125,201685,0.0,0.0
2013-10-18 00:00:00+09:00,10121.79296875,10350.792809671946,10030.193032381221,10121.79296875,80277,0.0,0.0
2013-10-21 00:00:00+09:00,10259.192708333334,10259.192708333334,9801.193033854166,9892.79296875,125618,0.0,0.0
2013-10-22 00:00:00+09:00,9801.19286877962,9984.392735485782,9663.79296875,9663.79296875,103988,0.0,0.0
2013-10-23 00:00:00+09:00,9663.791871237097,9984.3916015625,9480.59202533687,9984.3916015625,203577,0.0,0.0
2013-10-24 00:00:00+09:00,9984.392258522726,10213.392080965908,9755.392436079544,10075.9921875,109906,0.0,0.0
2013-10-25 00:00:00+09:00,10121.791833826013,10350.791649070947,10030.19190772804,10167.591796875,83021,0.0,0.0
2013-10-28 00:00:00+09:00,10167.592615652293,10579.792316286845,10121.79264891512,10488.1923828125,201855,0.0,0.0
2013-10-29 00:00:00+09:00,10396.592444997197,10442.392411715247,9984.392744534754,10213.392578125,117774,0.0,0.0
2013-10-30 00:00:00+09:00,10304.992009943182,10304.992009943182,10030.192223011363,10075.9921875,66223,0.0,0.0
2013-10-31 00:00:00+09:00,10075.9921875,10213.392080965908,10030.192223011363,10075.9921875,42143,0.0,0.0
2013-11-01 00:00:00+09:00,10213.391759923987,10304.99168602196,9938.591981630068,10167.591796875,70257,0.0,0.0
2013-11-04 00:00:00+09:00,10213.391759923987,10350.791649070947,10075.991870777027,10167.591796875,35118,0.0,0.0
2013-11-05 00:00:00+09:00,10167.5927734375,10213.392740885416,9755.39306640625,9892.79296875,63674,0.0,0.0
2013-11-06 00:00:00+09:00,9892.792637087265,9938.592602999704,9663.792807525058,9709.5927734375,33661,0.0,0.0
2013-11-07 00:00:00+09:00,9755.393237184422,9801.193205434114,9159.993649938424,9297.3935546875,67639,0.0,0.0
2013-11-08 00:00:00+09:00,9297.393558629226,9434.793463436554,9077.5537109375,9077.5537109375,33761,0.0,0.0
2013-11-11 00:00:00+09:00,8940.152412014562,9755.391720077367,8940.152412014562,9434.7919921875,106622,0.0,0.0
2013-11-12 00:00:00+09:00,9434.79280834843,9617.99266870471,9343.19287817029,9480.5927734375,19630,0.0,0.0
2013-11-13 00:00:00+09:00,9343.19286380597,9434.792793843284,9159.993003731344,9205.79296875,42063,0.0,0.0
2013-11-14 00:00:00+09:00,9251.593740609977,9572.19352370042,9251.593740609977,9526.3935546875,27281,0.0,0.0
2013-11-15 00:00:00+09:00,9480.593422921651,9755.393232281698,9434.793454694976,9572.193359375,78966,0.0,0.0
2013-11-18 00:00:00+09:00,9572.193364185652,9617.993332435344,9114.193681688732,9297.3935546875,34206,0.0,0.0
2013-11-19 00:00:00+09:00,9251.593753914078,9297.393722992862,9050.073889967434,9141.673828125,37677,0.0,0.0
2013-11-20 00:00:00+09:00,9141.672999709752,9251.592915537925,8784.433273268189,8876.033203125,51536,0.0,0.0
2013-11-21 00:00:00+09:00,8912.673189791354,9159.993000813314,8802.753273781595,9150.8330078125,22646,0.0,0.0
2013-11-22 00:00:00+09:00,9031.754226531062,9251.594086000378,9031.754226531062,9105.0341796875,17271,0.0,0.0
2013-11-25 00:00:00+09:00,9059.233239257812,9343.19302734375,9059.233239257812,9159.9931640625,18990,0.0,0.0
2013-11-26 00:00:00+09:00,9159.993003731344,9343.19286380597,9159.993003731344,9205.79296875,17547,0.0,0.0
2013-11-27 00:00:00+09:00,9159.9931640625,9251.593095703125,9077.553225585938,9159.9931640625,10988,0.0,0.0
2013-11-28 00:00:00+09:00,9114.193522135416,9388.993326822916,9022.593587239584,9343.193359375,44353,0.0,0.0
2013-11-29 00:00:00+09:00,9205.793301984597,9709.592935426539,9205.793301984597,9663.79296875,77660,0.0,0.0
2013-12-02 00:00:00+09:00,9801.19286394817,9801.19286394817,9388.9931640625,9388.9931640625,36146,0.0,0.0
2013-12-03 00:00:00+09:00,9388.993486468302,9572.193359375,9388.993486468302,9572.193359375,22787,0.0,0.0
2013-12-04 00:00:00+09:00,9480.5927734375,9572.192703615641,9343.19287817029,9480.5927734375,17517,0.0,0.0
2013-12-05 00:00:00+09:00,9388.993168690758,9663.79296875,9388.993168690758,9663.79296875,11153,0.0,0.0
2013-12-06 00:00:00+09:00,9617.993492713342,9709.593430739182,9526.3935546875,9526.3935546875,14225,0.0,0.0
2013-12-09 00:00:00+09:00,9526.393391148325,9801.193200508373,9388.993486468302,9572.193359375,13380,0.0,0.0
2013-12-10 00:00:00+09:00,9526.391914441747,9663.791797823118,9343.192069933251,9434.7919921875,9119,0.0,0.0
2013-12-11 00:00:00+09:00,9434.792630337251,9572.192523012067,9251.5927734375,9251.5927734375,10163,0.0,0.0
2013-12-12 00:00:00+09:00,9159.993649938424,9480.593427686268,9123.35367533867,9297.3935546875,13749,0.0,0.0
2013-12-13 00:00:00+09:00,9205.792809212562,9343.192701887376,9114.192880762685,9251.5927734375,6037,0.0,0.0
2013-12-16 00:00:00+09:00,9251.592933768658,9297.392898787313,9150.833010727612,9205.79296875,10181,0.0,0.0
2013-12-17 00:00:00+09:00,9205.794115277604,9343.194027445927,8985.954255808289,9105.0341796875,9132,0.0,0.0
2013-12-18 00:00:00+09:00,9105.032390467964,9159.992344535176,9068.392421089824,9114.1923828125,7290,0.0,0.0
2013-12-19 00:00:00+09:00,9114.19303287072,9205.79296284932,9040.91308888784,9095.873046875,8088,0.0,0.0
2013-12-20 00:00:00+09:00,9013.434238241953,9434.793968891474,9013.434238241953,9105.0341796875,7462,0.0,0.0
2013-12-23 00:00:00+09:00,9059.2330806903,9297.392898787313,9050.073087686567,9205.79296875,8885,0.0,0.0
2013-12-24 00:00:00+09:00,9205.79296875,9251.592933768658,9114.193038712687,9205.79296875,6761,0.0,0.0
2013-12-26 00:00:00+09:00,9159.993000813314,9297.392895825513,9050.073084803555,9150.8330078125,14978,0.0,0.0
2013-12-27 00:00:00+09:00,9243.35905698115,9298.874726993048,9187.84338696925,9234.1064453125,5083,100.0,0.0
2013-12-30 00:00:00+09:00,9234.105912732544,9252.61113500255,9076.8115234375,9076.8115234375,13844,0.0,0.0
2014-01-02 00:00:00+09:00,9113.822243879682,9169.33791237032,9021.296129728618,9141.580078125,10976,0.0,0.0
2014-01-03 00:00:00+09:00,8919.517468398875,9141.580143960673,8919.517468398875,9058.306640625,11454,0.0,0.0
2014-01-06 00:00:00+09:00,9058.307299654907,9132.328196894172,8910.26550517638,9049.0546875,5926,0.0,0.0
2014-01-07 00:00:00+09:00,9030.549415650406,9243.359494092989,8975.033743013211,9104.5703125,12769,0.0,0.0
2014-01-08 00:00:00+09:00,9160.086379754739,9160.086379754739,8975.034129658683,9030.5498046875,6141,0.0,0.0
2014-01-09 00:00:00+09:00,9030.549031875658,9113.822537292544,8780.728515625,8780.728515625,14608,0.0,0.0
2014-01-10 00:00:00+09:00,8789.981289567619,8993.538751010237,8549.413380589978,8586.423828125,17406,0.0,0.0
2014-01-13 00:00:00+09:00,8549.413463731753,8882.507494786236,8456.887343994396,8873.2548828125,38764,0.0,0.0
2014-01-14 00:00:00+09:00,8836.244601837354,8864.002438282916,8660.444971015459,8678.9501953125,12670,0.0,0.0
2014-01-15 00:00:00+09:00,8678.949603074598,8836.243998865928,8540.16043031754,8604.9287109375,35917,0.0,0.0
2014-01-16 00:00:00+09:00,8604.928915334302,8688.202420966569,8234.824445857557,8355.1083984375,101886,0.0,0.0
2014-01-17 00:00:00+09:00,8410.624232700893,8410.624232700893,8105.288039434524,8160.8037109375,63444,0.0,0.0
2014-01-20 00:00:00+09:00,8160.8039561729265,8281.087914710622,8105.2882830016815,8253.330078125,30993,0.0,0.0
2014-01-21 00:00:00+09:00,8207.066025445181,8318.097358371158,8179.308192213687,8281.0869140625,25498,0.0,0.0
2014-01-22 00:00:00+09:00,8281.087106449813,8318.097551618303,8003.508767686131,8031.2666015625,75831,0.0,0.0
2014-01-23 00:00:00+09:00,8096.036184506257,8160.804473982307,8003.510056683328,8040.5205078125,37393,0.0,0.0
2014-01-24 00:00:00+09:00,7994.257233104067,8133.04642117879,7735.18408203125,7735.18408203125,109571,0.0,0.0
2014-01-27 00:00:00+09:00,7698.173169267708,7799.951901072929,7540.878765568727,7707.42578125,88020,0.0,0.0
2014-01-28 00:00:00+09:00,7698.173412204234,7707.426024478518,7429.84765625,7429.84765625,68241,0.0,0.0
2014-01-29 00:00:00+09:00,7522.373714703615,8327.350975686659,7522.373714703615,8253.330078125,197911,0.0,0.0
2014-02-03 00:00:00+09:00,8188.561340754908,8225.571787492783,7929.488213589781,8012.76171875,49531,0.0,0.0
2014-02-04 00:00:00+09:00,7938.741158869594,7938.741158869594,7531.626227645513,7809.20458984375,29638,0.0,0.0
2014-02-05 00:00:00+09:00,7818.457594876084,7864.720657567659,7670.415794263046,7735.18408203125,45733,0.0,0.0
2014-02-06 00:00:00+09:00,7735.183652119253,8142.29858117816,7698.173204022988,8049.7724609375,42110,0.0,0.0
2014-02-07 00:00:00+09:00,8142.298002764843,8160.803225498399,7920.235329962165,7947.9931640625,37088,0.0,0.0
2014-02-10 00:00:00+09:00,7938.741458616395,7938.741458616395,7624.152636246981,7661.1630859375,106621,0.0,0.0
2014-02-11 00:00:00+09:00,7679.668164985964,7920.236083407211,7624.152491504137,7827.7099609375,70207,0.0,0.0
2014-02-12 00:00:00+09:00,7836.962231905955,7957.246185878537,7799.951784529776,7846.21484375,43063,0.0,0.0
2014-02-13 00:00:00+09:00,7846.214785846636,8142.2983626710375,7846.214785846636,8114.54052734375,89843,0.0,0.0
2014-02-14 00:00:00+09:00,8142.2983856550345,8234.824503673843,8049.772267636227,8086.78271484375,35341,0.0,0.0
2014-02-17 00:00:00+09:00,8142.298681306948,8170.056517720494,8077.5303963420065,8123.79345703125,61081,0.0,0.0
2014-02-18 00:00:00+09:00,8059.025293300539,8225.572314287232,8059.025293300539,8170.056640625,16543,0.0,0.0
2014-02-19 00:00:00+09:00,8234.82421875,8281.087276158707,8197.813772823034,8234.82421875,54724,0.0,0.0
2014-02-20 00:00:00+09:00,8188.561816735798,8299.593163403402,8142.298755624297,8225.572265625,23577,0.0,0.0
2014-02-21 00:00:00+09:00,8225.57192475975,8281.087595793,8207.066701082002,8244.0771484375,33626,0.0,0.0
2014-02-24 00:00:00+09:00,8207.067017148964,8373.614036662697,8188.561792758548,8253.330078125,29476,0.0,0.0
2014-02-25 00:00:00+09:00,8262.582053195225,8373.613390976123,8151.550715414325,8234.82421875,20853,0.0,0.0
2014-02-26 00:00:00+09:00,8216.3197265625,8290.340624999999,8059.025317382812,8142.298828125,22108,0.0,0.0
2014-02-27 00:00:00+09:00,8142.2983856550345,8179.308832862557,8040.519655834347,8086.78271484375,22200,0.0,0.0
2014-02-28 00:00:00+09:00,8059.025195870535,8225.572214843749,8049.772583705357,8096.03564453125,30778,0.0,0.0
2014-03-03 00:00:00+09:00,8096.035840180109,8170.056739290327,7873.973142849454,8059.025390625,24729,0.0,0.0
2014-03-04 00:00:00+09:00,7966.498386796056,8142.298002764843,7901.730107228609,7947.9931640625,24599,0.0,0.0
2014-03-05 00:00:00+09:00,7947.993527700527,8096.035316342213,7836.962186219262,7901.73046875,58728,0.0,0.0
2014-03-06 00:00:00+09:00,7957.24658203125,8170.056665039062,7947.993969726563,8142.298828125,48511,0.0,0.0
2014-03-07 00:00:00+09:00,8142.298803793885,8197.814477456115,8086.783130131654,8170.056640625,38101,0.0,0.0
2014-03-10 00:00:00+09:00,8207.066918282488,8262.582590784961,8133.046021612521,8179.30908203125,30967,0.0,0.0
2014-03-11 00:00:00+09:00,8133.0454708496645,8281.087254164335,8133.0454708496645,8262.58203125,24530,0.0,0.0
2014-03-12 00:00:00+09:00,8318.09865788051,8345.856495448521,8188.562082563128,8290.3408203125,21875,0.0,0.0
2014-03-13 00:00:00+09:00,8290.339525139665,8299.59213621683,8244.07646975384,8281.0869140625,16998,0.0,0.0
2014-03-14 00:00:00+09:00,8216.319382440477,8225.571994357639,8096.035427517361,8160.8037109375,14331,0.0,0.0
2014-03-17 00:00:00+09:00,8160.803586222562,8179.308809774087,7873.9726211739235,8114.54052734375,25678,0.0,0.0
2014-03-18 00:00:00+09:00,8438.381970384205,9012.043902581376,8438.381970384205,8669.697265625,209501,0.0,0.0
2014-03-19 00:00:00+09:00,8651.192019198803,8854.74947847407,8604.928960272606,8697.455078125,49047,0.0,0.0
2014-03-20 00:00:00+09:00,8697.454759884185,8854.749154477835,8604.928645417333,8688.2021484375,34012,0.0,0.0
2014-03-21 00:00:00+09:00,8864.003116176847,9067.560599011807,8715.961310478697,9012.044921875,84335,0.0,0.0
2014-03-24 00:00:00+09:00,9169.338793945311,9530.190673828125,9160.086181640625,9252.6123046875,220892,0.0,0.0
2014-03-25 00:00:00+09:00,9252.61107165404,9252.61107165404,8928.76968414615,9160.0849609375,73579,0.0,0.0
2014-03-26 00:00:00+09:00,9076.812670898436,9298.875366210938,8993.53916015625,9252.6123046875,62286,0.0,0.0
2014-03-27 00:00:00+09:00,9206.34874740912,9252.611806441326,9039.801734893175,9067.5595703125,37940,0.0,0.0
2014-03-28 00:00:00+09:00,9067.5595703125,9160.085688376914,8947.275616828763,9067.5595703125,50894,0.0,0.0
2014-03-31 00:00:00+09:00,9058.30749639675,9067.560108752621,8789.98173807652,8826.9921875,46473,0.0,0.0
2014-04-01 00:00:00+09:00,8826.992287022293,9002.791923765924,8688.203100119426,8715.9609375,69101,0.0,0.0
2014-04-02 00:00:00+09:00,8706.708178710936,8975.033935546875,8669.697729492187,8882.5078125,76381,0.0,0.0
2014-04-03 00:00:00+09:00,8975.033935546875,8984.286547851561,8669.697729492187,8882.5078125,56442,0.0,0.0
2014-04-04 00:00:00+09:00,8882.507087628866,8984.285814674613,8789.980972132731,8975.033203125,41642,0.0,0.0
2014-04-07 00:00:00+09:00,8993.53920990566,9002.79182226153,8771.47651336478,8826.9921875,35257,0.0,0.0
2014-04-08 00:00:00+09:00,8725.213053738476,8826.991785012202,8475.392531521149,8530.908203125,73103,0.0,0.0
2014-04-09 00:00:00+09:00,8651.191835683021,8688.202282038885,8512.402661848533,8521.6552734375,11404,0.0,0.0
2014-04-10 00:00:00+09:00,8614.182130514202,8614.182130514202,8355.10898373182,8429.1298828125,40158,0.0,0.0
2014-04-11 00:00:00+09:00,8355.108599275707,8577.171286299646,8355.108599275707,8503.150390625,32745,0.0,0.0
2014-04-14 00:00:00+09:00,8503.149711369177,8604.928434791442,8456.886655268148,8540.16015625,24192,0.0,0.0
2014-04-15 00:00:00+09:00,8567.917926837446,8697.45448296674,8530.907482229077,8623.43359375,38035,0.0,0.0
2014-04-16 00:00:00+09:00,8706.708031758062,8706.708031758062,8549.413625233208,8678.9501953125,20079,0.0,0.0
2014-04-17 00:00:00+09:00,8678.94958090501,8688.202192398512,8577.170854476486,8632.6865234375,21127,0.0,0.0
2014-04-18 00:00:00+09:00,8632.686818386472,8706.707712863526,8586.423759338313,8669.697265625,10596,0.0,0.0
2014-04-21 00:00:00+09:00,8734.46589237968,8734.46589237968,8632.687158464238,8651.1923828125,19212,0.0,0.0
2014-04-22 00:00:00+09:00,8669.697442346038,8845.4970703125,8558.666098367221,8845.4970703125,34707,0.0,0.0
2014-04-23 00:00:00+09:00,8845.497562767094,8845.497562767094,8651.192699986645,8660.4453125,19846,0.0,0.0
2014-04-24 00:00:00+09:00,8651.192150056671,8928.7705078125,8484.645135403174,8928.7705078125,51840,0.0,0.0
2014-04-25 00:00:00+09:00,8919.51760048127,8928.770212100026,8688.202310012357,8891.759765625,18277,0.0,0.0
2014-04-28 00:00:00+09:00,8734.46579659451,8845.497141466474,8669.697512085864,8762.2236328125,14201,0.0,0.0
2014-04-29 00:00:00+09:00,8715.960371072772,8762.223430367212,8512.402910177228,8614.181640625,31752,0.0,0.0
2014-04-30 00:00:00+09:00,8614.181434639686,8651.191881190232,8438.38181352459,8466.1396484375,29718,0.0,0.0
2014-05-02 00:00:00+09:00,8429.129135594223,8558.665697502367,8429.129135594223,8549.4130859375,10215,0.0,0.0
2014-05-07 00:00:00+09:00,8503.149516687985,8503.149516687985,8364.3603515625,8364.3603515625,12730,0.0,0.0
2014-05-08 00:00:00+09:00,8281.08796337119,8438.382371613996,8142.298779627539,8197.814453125,22580,0.0,0.0
2014-05-09 00:00:00+09:00,8197.813998909884,8355.1083984375,8133.045716751453,8355.1083984375,12177,0.0,0.0
2014-05-12 00:00:00+09:00,8355.107802679819,8410.623469142807,8188.560803290851,8281.0869140625,12962,0.0,0.0
2014-05-13 00:00:00+09:00,8281.08750454215,8410.624068859011,8281.08750454215,8355.1083984375,12166,0.0,0.0
2014-05-14 00:00:00+09:00,8410.625078125,8410.625078125,8234.825434027778,8327.3515625,17694,0.0,0.0
2014-05-15 00:00:00+09:00,8364.360757278835,8364.360757278835,8151.550693763998,8262.58203125,29022,0.0,0.0
2014-05-16 00:00:00+09:00,8262.582465648109,8281.08768953534,8031.2671670577365,8133.0458984375,44275,0.0,0.0
2014-05-19 00:00:00+09:00,8281.08786337468,8410.624433304563,8114.540844893401,8123.79345703125,52002,0.0,0.0
2014-05-20 00:00:00+09:00,8096.035303792225,8234.824480428662,8059.024856689174,8114.54052734375,20410,0.0,0.0
2014-05-21 00:00:00+09:00,8040.519576513616,8114.540470198436,7938.740847696988,7985.00390625,24833,0.0,0.0
2014-05-22 00:00:00+09:00,8022.014696074695,8022.014696074695,7827.709841844512,7966.4990234375,30784,0.0,0.0
2014-05-23 00:00:00+09:00,8022.014398884189,8022.014398884189,7855.4673871426485,7929.48828125,28357,0.0,0.0
2014-05-26 00:00:00+09:00,7929.488570967413,7929.488570967413,7762.941553140792,7781.44677734375,15886,0.0,0.0
2014-05-27 00:00:00+09:00,7781.446598544898,7799.9518223226505,7605.64697265625,7605.64697265625,23273,0.0,0.0
2014-05-28 00:00:00+09:00,7670.415552738992,7827.7099609375,7605.647267010195,7827.7099609375,14064,0.0,0.0
2014-05-29 00:00:00+09:00,7772.194169207317,8059.025144499492,7772.194169207317,7966.4990234375,13637,0.0,0.0
2014-05-30 00:00:00+09:00,7957.246532395095,7957.246532395095,7790.699511949616,7827.7099609375,20163,0.0,0.0
2014-06-02 00:00:00+09:00,7781.446598544898,7799.9518223226505,7494.615629989736,7605.64697265625,16981,0.0,0.0
2014-06-03 00:00:00+09:00,7614.900077077814,7614.900077077814,7272.553415046369,7420.59521484375,67560,0.0,0.0
2014-06-05 00:00:00+09:00,7392.836662804974,7577.888894664924,7244.794877317016,7300.310546875,33544,0.0,0.0
2014-06-09 00:00:00+09:00,7300.311084410026,7448.352880798569,7254.048023038606,7429.84765625,36410,0.0,0.0
2014-06-10 00:00:00+09:00,7429.847704659769,7614.899951351171,7374.332030652349,7559.38427734375,13276,0.0,0.0
2014-06-11 00:00:00+09:00,7559.383876584611,7864.720067438089,7448.352534456073,7846.21484375,22381,0.0,0.0
2014-06-12 00:00:00+09:00,7846.215019463668,8179.309053308823,7846.215019463668,8022.0146484375,40331,0.0,0.0
2014-06-13 00:00:00+09:00,7947.994093819342,8022.0149934125375,7818.457519531251,7818.45751953125,8746,0.0,0.0
2014-06-16 00:00:00+09:00,7818.457046100403,7846.214881767031,7559.383913211869,7605.64697265625,17102,0.0,0.0
2014-06-17 00:00:00+09:00,7614.900023824351,7670.41569836013,7559.384349288572,7661.1630859375,22734,0.0,0.0
2014-06-18 00:00:00+09:00,7725.931076494236,7725.931076494236,7540.87883514108,7624.15234375,8840,0.0,0.0
2014-06-19 00:00:00+09:00,7577.889307056943,7624.1523675395865,7420.594901415957,7596.39453125,49861,0.0,0.0
2014-06-20 00:00:00+09:00,7540.878543016387,7587.1416015625,7466.857649342607,7587.1416015625,15162,0.0,0.0
2014-06-23 00:00:00+09:00,7503.867845775463,7670.414850983797,7466.8574001736115,7494.615234375,9550,0.0,0.0
2014-06-24 00:00:00+09:00,7429.847704659769,7633.405176020311,7429.847704659769,7559.38427734375,18185,0.0,0.0
2014-06-25 00:00:00+09:00,7503.867845775463,7559.383514178241,7402.08912037037,7494.615234375,20991,0.0,0.0
2014-06-26 00:00:00+09:00,7448.352177372685,7550.130902777778,7439.099565972223,7494.615234375,14522,0.0,0.0
2014-06-27 00:00:00+09:00,7457.605220928864,7494.615668675408,7263.300370259501,7365.0791015625,43364,0.0,0.0
2014-06-30 00:00:00+09:00,7365.079124960593,7439.10002068884,7337.3212890625,7337.3212890625,30407,0.0,0.0
2014-07-01 00:00:00+09:00,7300.3106944087785,7337.3211415287215,7272.552859068821,7318.81591796875,21050,0.0,0.0
2014-07-02 00:00:00+09:00,7402.089411855037,7587.141647151412,7355.826353030942,7531.6259765625,28283,0.0,0.0
2014-07-03 00:00:00+09:00,7587.141818976783,7587.141818976783,7448.352639361354,7522.37353515625,12805,0.0,0.0
2014-07-04 00:00:00+09:00,7513.121287175423,7725.931372895909,7466.858225062274,7661.1630859375,16238,0.0,0.0
2014-07-07 00:00:00+09:00,7661.162792020631,7707.42585235892,7577.889283411711,7624.15234375,10880,0.0,0.0
2014-07-08 00:00:00+09:00,7596.394407384536,7596.394407384536,7513.120899873621,7550.13134765625,6101,0.0,0.0
2014-07-09 00:00:00+09:00,7550.131223027127,7550.131223027127,7420.594657926171,7503.8681640625,4666,0.0,0.0
2014-07-10 00:00:00+09:00,7503.8681640625,7651.909952749306,7503.8681640625,7503.8681640625,18513,0.0,0.0
2014-07-11 00:00:00+09:00,7503.868311207526,7605.647042925507,7402.089579489544,7522.37353515625,14624,0.0,0.0
2014-07-14 00:00:00+09:00,7522.373433860636,7577.889104959239,7402.089479813664,7448.3525390625,26215,0.0,0.0
2014-07-15 00:00:00+09:00,7577.888736979167,7577.888736979167,7420.594343171297,7494.615234375,4304,0.0,0.0
2014-07-16 00:00:00+09:00,7485.362872761052,7624.152048399391,7485.362872761052,7587.1416015625,24247,0.0,0.0
2014-07-17 00:00:00+09:00,7661.162815925701,7661.162815925701,7531.6262465743,7596.39453125,12812,0.0,0.0
2014-07-18 00:00:00+09:00,7466.857649342607,7605.646824980945,7466.857649342607,7587.1416015625,17856,0.0,0.0
2014-07-21 00:00:00+09:00,7587.141818976783,7670.415326746041,7522.37353515625,7522.37353515625,8355,0.0,0.0
2014-07-22 00:00:00+09:00,7494.616156035063,7735.18408203125,7494.616156035063,7735.18408203125,29084,0.0,0.0
2014-07-23 00:00:00+09:00,7735.183144966295,7892.4775390625,7670.4148650443285,7892.4775390625,54057,0.0,0.0
2014-07-24 00:00:00+09:00,7938.74082527425,8040.519553803407,7883.225155167436,8012.76171875,28911,0.0,0.0
2014-07-25 00:00:00+09:00,8012.7621080091785,8049.772556545017,7799.952028928103,7938.7412109375,29463,0.0,0.0
2014-07-28 00:00:00+09:00,7947.993527700527,8003.509198441159,7827.709574429156,7901.73046875,11428,0.0,0.0
2014-07-29 00:00:00+09:00,7790.699464036826,7957.2464834580405,7716.678566516285,7883.2255859375,26071,0.0,0.0
2014-07-30 00:00:00+09:00,7929.488945335863,7929.488945335863,7651.910569186416,7735.18408203125,33570,0.0,0.0
2014-07-31 00:00:00+09:00,7735.183515625,7790.699186789772,7587.141725852272,7633.40478515625,22664,0.0,0.0
2014-08-01 00:00:00+09:00,7633.404960451533,7836.962426063574,7596.394512158435,7809.20458984375,36312,0.0,0.0
2014-08-04 00:00:00+09:00,7809.204271852758,7864.719942031807,7735.183378280694,7799.95166015625,30090,0.0,0.0
2014-08-05 00:00:00+09:00,7799.951784529776,7929.488350346403,7799.951784529776,7846.21484375,9248,0.0,0.0
2014-08-06 00:00:00+09:00,7873.9722541017945,7873.9722541017945,7670.414804524546,7762.94091796875,7910,0.0,0.0
2014-08-07 00:00:00+09:00,7698.172703313254,7799.95142895802,7577.888754823984,7679.66748046875,15222,0.0,0.0
2014-08-08 00:00:00+09:00,7605.646949573864,7688.920456321022,7577.889113991477,7633.40478515625,10654,0.0,0.0
2014-08-11 00:00:00+09:00,7624.152636246981,7725.931372895909,7614.900023824351,7661.1630859375,7190,0.0,0.0
2014-08-12 00:00:00+09:00,7679.668482419514,7679.668482419514,7605.647581384145,7651.91064453125,6730,0.0,0.0
2014-08-13 00:00:00+09:00,7651.910032100631,7651.910032100631,7550.131301322993,7605.64697265625,10452,0.0,0.0
2014-08-14 00:00:00+09:00,7605.647411401721,7753.689210163799,7531.626512020683,7661.1630859375,5825,0.0,0.0
2014-08-18 00:00:00+09:00,7651.910351443841,7661.1629637188635,7550.13161641859,7614.89990234375,3406,0.0,0.0
2014-08-19 00:00:00+09:00,7614.900023824351,7698.17353562802,7494.616062330163,7661.1630859375,10423,0.0,0.0
2014-08-20 00:00:00+09:00,7642.657443576389,7642.657443576389,7513.120876736111,7577.88916015625,8398,0.0,0.0
2014-08-21 00:00:00+09:00,7633.405126284247,7633.405126284247,7365.079370330012,7429.84765625,42355,0.0,0.0
2014-08-22 00:00:00+09:00,7429.8475573653695,7429.8475573653695,7263.30053864485,7355.82666015625,50461,0.0,0.0
2014-08-25 00:00:00+09:00,7355.826307613417,7355.826307613417,7096.753179798102,7189.279296875,32505,0.0,0.0
2014-08-26 00:00:00+09:00,7189.279274338942,7300.310614483173,7078.247934194711,7217.037109375,18907,0.0,0.0
2014-08-27 00:00:00+09:00,7161.521439302885,7281.805391125801,7124.510992588141,7217.037109375,15367,0.0,0.0
2014-08-28 00:00:00+09:00,7217.037279866014,7217.037279866014,7124.511160893373,7207.78466796875,14228,0.0,0.0
2014-08-29 00:00:00+09:00,7198.532126369723,7198.532126369723,6939.4589907163145,7124.51123046875,49590,0.0,0.0
2014-09-01 00:00:00+09:00,7124.511524473641,7124.511524473641,6911.701439976377,6976.4697265625,16253,0.0,0.0
2014-09-02 00:00:00+09:00,6976.469330409787,7004.227165941922,6754.406646152712,6865.43798828125,33965,0.0,0.0
2014-09-03 00:00:00+09:00,6865.438210109685,6985.72216796875,6791.417312965646,6985.72216796875,16929,0.0,0.0
2014-09-04 00:00:00+09:00,6976.469552508503,6985.722164647108,6476.828497023809,6800.669921875,49910,0.0,0.0
2014-09-05 00:00:00+09:00,6754.406578988433,6976.469261037367,6745.153967236393,6948.71142578125,12733,0.0,0.0
2014-09-11 00:00:00+09:00,6985.722314388623,7031.985376073316,6846.933129334545,7004.2275390625,9735,0.0,0.0
2014-09-12 00:00:00+09:00,7050.490600747194,7050.490600747194,6809.92267998679,7004.2275390625,18020,0.0,0.0
2014-09-15 00:00:00+09:00,7031.985400779178,7031.985400779178,6874.690990498591,6976.4697265625,9471,0.0,0.0
2014-09-16 00:00:00+09:00,7022.7321702374,7022.7321702374,6828.42732758261,6930.2060546875,21187,0.0,0.0
2014-09-17 00:00:00+09:00,6930.206303009717,7096.753316967227,6874.690631690547,7022.732421875,16023,0.0,0.0
2014-09-18 00:00:00+09:00,7031.98496500651,7115.258471171061,6911.701011657715,7106.005859375,19963,0.0,0.0
2014-09-19 00:00:00+09:00,7068.995309930099,7170.774038214433,7031.98486328125,7031.98486328125,11397,0.0,0.0
2014-09-22 00:00:00+09:00,7087.500877360241,7087.500877360241,6967.216919911569,7013.47998046875,7157,0.0,0.0
2014-09-23 00:00:00+09:00,6967.216718565743,7050.490225162146,6865.43798828125,6865.43798828125,10356,0.0,0.0
2014-09-24 00:00:00+09:00,6837.680493164063,6939.459228515625,6809.92265625,6846.93310546875,8832,0.0,0.0
2014-09-25 00:00:00+09:00,6846.932662423365,6865.43788583532,6661.880428303814,6791.4169921875,13349,0.0,0.0
2014-09-26 00:00:00+09:00,6717.396086364233,6754.406533121061,6597.112134404543,6606.36474609375,14602,0.0,0.0
2014-09-29 00:00:00+09:00,6606.364448998679,6754.406229368397,6569.35400390625,6569.35400390625,11691,0.0,0.0
2014-09-30 00:00:00+09:00,6569.354638946191,6643.375536286429,6550.849414611131,6587.85986328125,7202,0.0,0.0
2014-10-01 00:00:00+09:00,6587.859580291971,6597.1121920620435,6338.0390625,6338.0390625,14145,0.0,0.0
2014-10-02 00:00:00+09:00,6282.523507462686,6328.786567164179,6143.734328358209,6199.25,28417,0.0,0.0
2014-10-06 00:00:00+09:00,6199.250023425788,6227.007859351575,6032.703007871065,6171.4921875,13367,0.0,0.0
2014-10-07 00:00:00+09:00,6106.7237932805165,6199.2499113605245,5838.398050848494,5912.4189453125,31237,0.0,0.0
2014-10-08 00:00:00+09:00,5912.419262695313,5967.9349365234375,5736.61962890625,5736.61962890625,40296,0.0,0.0
2014-10-10 00:00:00+09:00,5718.114525,5810.64065,5718.114525,5782.8828125,15152,0.0,0.0
2014-10-13 00:00:00+09:00,5782.882715988799,5782.882715988799,5505.304345621336,5523.8095703125,29652,0.0,0.0
2014-10-14 00:00:00+09:00,5533.062158203124,5699.6091796875,5523.809545898437,5551.5673828125,27769,0.0,0.0
2014-10-15 00:00:00+09:00,5551.567165619852,5690.356344760348,5551.567165619852,5616.33544921875,13588,0.0,0.0
2014-10-16 00:00:00+09:00,5551.567283836571,5644.093405233847,5477.54638671875,5477.54638671875,20977,0.0,0.0
2014-10-17 00:00:00+09:00,5616.3355202563225,5662.598580554974,5477.546339360368,5533.06201171875,44259,0.0,0.0
2014-10-20 00:00:00+09:00,5597.830011324308,5718.113961980863,5570.07217655741,5681.103515625,14423,0.0,0.0
2014-10-21 00:00:00+09:00,5681.103857102737,5727.366917828329,5551.567287071079,5662.5986328125,45266,0.0,0.0
2014-10-22 00:00:00+09:00,5690.356127213966,5690.356127213966,5634.840457680171,5681.103515625,8193,0.0,0.0
2014-10-23 00:00:00+09:00,5681.103617677351,5819.892794004973,5681.103617677351,5755.12451171875,9861,0.0,0.0
2014-10-24 00:00:00+09:00,5773.62985944976,6004.945158305921,5745.872023587021,5801.3876953125,21673,0.0,0.0
2014-10-27 00:00:00+09:00,5810.640625,5903.166749601911,5745.872337778663,5810.640625,5936,0.0,0.0
2014-10-28 00:00:00+09:00,5801.3879390698585,5893.9140625,5801.3879390698585,5893.9140625,26498,0.0,0.0
2014-10-29 00:00:00+09:00,5884.661303518701,5940.176976193406,5819.893018731545,5875.40869140625,25162,0.0,0.0
2014-10-30 00:00:00+09:00,5884.661279756074,5903.16650390625,5782.882546930104,5903.16650390625,12691,0.0,0.0
2014-10-31 00:00:00+09:00,5903.166403149802,5921.671626984127,5782.882448226686,5829.1455078125,26104,0.0,0.0
2014-11-03 00:00:00+09:00,5829.14585314299,5866.156303004214,5533.062254253186,5625.58837890625,57394,0.0,0.0
2014-11-04 00:00:00+09:00,5616.335644369299,5616.335644369299,5348.009888707505,5579.3251953125,38110,0.0,0.0
2014-11-05 00:00:00+09:00,5477.546334342561,5560.8198428038495,5348.009765625,5348.009765625,26433,0.0,0.0
2014-11-06 00:00:00+09:00,5348.009961277766,5348.009961277766,5190.715550651949,5310.99951171875,29433,0.0,0.0
2014-11-07 00:00:00+09:00,5320.251882892766,5533.061958208476,5301.746658952269,5403.525390625,35774,0.0,0.0
2014-11-10 00:00:00+09:00,5348.010176546529,5533.062431790354,5348.010176546529,5431.28369140625,8333,0.0,0.0
2014-11-11 00:00:00+09:00,5394.272732388771,5496.051463188559,5394.272732388771,5459.041015625,9450,0.0,0.0
2014-11-12 00:00:00+09:00,5440.535768865936,5514.556663680439,5412.777933310497,5486.798828125,13360,0.0,0.0
2014-11-13 00:00:00+09:00,5486.79883688698,5671.85107421875,5486.79883688698,5671.85107421875,18844,0.0,0.0
2014-11-14 00:00:00+09:00,5727.366402280234,5727.366402280234,5616.335066533283,5690.35595703125,11702,0.0,0.0
2014-11-17 00:00:00+09:00,5727.367016601563,5782.8826904296875,5681.103955078125,5736.61962890625,30813,0.0,0.0
2014-11-18 00:00:00+09:00,5736.619118679775,5773.629564606741,5681.103449789326,5764.376953125,18133,0.0,0.0
2014-11-19 00:00:00+09:00,5718.114500398089,5810.640625,5671.851438097134,5810.640625,8430,0.0,0.0
2014-11-20 00:00:00+09:00,5810.6404783596245,5819.893090586312,5718.114356092751,5792.13525390625,6827,0.0,0.0
2014-11-21 00:00:00+09:00,5755.124950238854,5810.640625,5745.872337778663,5810.640625,8512,0.0,0.0
2014-11-24 00:00:00+09:00,5755.124635541268,5801.3876953125,5727.366799678529,5801.3876953125,9048,0.0,0.0
2014-11-25 00:00:00+09:00,5782.882471404007,5829.145531175239,5736.619411632775,5801.3876953125,14963,0.0,0.0
2014-11-26 00:00:00+09:00,5801.38784202976,5838.39829078274,5745.872168900288,5819.89306640625,25453,0.0,0.0
2014-11-27 00:00:00+09:00,5819.892919220993,5838.398143129486,5745.872023587021,5801.3876953125,7900,0.0,0.0
2014-11-28 00:00:00+09:00,5801.387915039062,5801.387915039062,5718.114404296874,5736.61962890625,19100,0.0,0.0
2014-12-01 00:00:00+09:00,5662.598360020661,5662.598360020661,5551.567019628099,5597.830078125,21366,0.0,0.0
2014-12-02 00:00:00+09:00,5597.830541510331,5625.58837890625,5514.557029322574,5625.58837890625,15195,0.0,0.0
2014-12-03 00:00:00+09:00,5560.820091649106,5634.840991371557,5533.062254253186,5625.58837890625,5794,0.0,0.0
2014-12-04 00:00:00+09:00,5625.588137135923,5718.1142578125,5588.577688865292,5718.1142578125,5876,0.0,0.0
2014-12-05 00:00:00+09:00,5718.114600243506,5718.114600243506,5597.830636160715,5699.609375,12163,0.0,0.0
2014-12-08 00:00:00+09:00,5708.861693538092,5708.861693538092,5644.093408522263,5662.5986328125,1960,0.0,0.0
2014-12-09 00:00:00+09:00,5662.598314750409,5662.598314750409,5616.335256623363,5653.345703125,32976,0.0,0.0
2014-12-10 00:00:00+09:00,5653.345511782267,5690.35595703125,5597.829843908791,5690.35595703125,18550,0.0,0.0
2014-12-11 00:00:00+09:00,5681.103538001227,5681.103538001227,5588.577421747135,5653.345703125,5883,0.0,0.0
2014-12-12 00:00:00+09:00,5653.345384541496,5653.345384541496,5597.829717917521,5644.0927734375,9002,0.0,0.0
2014-12-15 00:00:00+09:00,5644.09328504685,5644.09328504685,5459.041046192854,5616.33544921875,6387,0.0,0.0
2014-12-16 00:00:00+09:00,5616.335301523761,5616.335301523761,5551.567019628099,5597.830078125,9962,0.0,0.0
2014-12-17 00:00:00+09:00,5597.830193988348,5597.830193988348,5449.78840373411,5459.041015625,33492,0.0,0.0
2014-12-18 00:00:00+09:00,5459.041015625,5505.304075079449,5329.504449152542,5459.041015625,43816,0.0,0.0
2014-12-19 00:00:00+09:00,5459.041283893425,5551.567407349246,5375.767772783187,5523.8095703125,31341,0.0,0.0
2014-12-22 00:00:00+09:00,5431.283422851562,5551.5673828125,5422.030810546875,5551.5673828125,15134,0.0,0.0
2014-12-23 00:00:00+09:00,5523.809104225852,5551.566938920455,5403.525153882576,5496.05126953125,45984,0.0,0.0
2014-12-24 00:00:00+09:00,5496.051349431818,5597.830078125,5459.040902634298,5597.830078125,24281,0.0,0.0
2014-12-26 00:00:00+09:00,5597.830011324308,5736.619185158795,5570.07217655741,5681.103515625,30318,0.0,0.0
2014-12-29 00:00:00+09:00,5872.3866609375,5977.59228515625,5786.30933203125,5977.59228515625,9106,200.0,0.0
2014-12-30 00:00:00+09:00,5977.592711236067,6073.234194615844,5929.771969546178,6006.28515625,21759,0.0,0.0
2015-01-02 00:00:00+09:00,6025.413452925955,6025.413452925955,5939.336117884156,6006.28515625,9868,0.0,0.0
2015-01-05 00:00:00+09:00,5881.951221916246,6197.568116750776,5881.951221916246,6159.3115234375,60617,0.0,0.0
2015-01-06 00:00:00+09:00,6159.310787963867,6226.259818267822,6044.541021728516,6121.05419921875,19353,0.0,0.0
2015-01-07 00:00:00+09:00,6092.362061689499,6168.875242998,6025.413028044559,6130.61865234375,8719,0.0,0.0
2015-01-08 00:00:00+09:00,6207.131712923831,6207.131712923831,6121.0543856259665,6188.00341796875,11981,0.0,0.0
2015-01-09 00:00:00+09:00,6188.003363055661,6312.337279160334,6101.926036521656,6293.208984375,25968,0.0,0.0
2015-01-12 00:00:00+09:00,6293.20922925321,6369.722411371789,6235.824342664275,6331.4658203125,7667,0.0,0.0
2015-01-13 00:00:00+09:00,6331.466187263258,6341.030335582386,6245.388852391098,6312.337890625,15120,0.0,0.0
2015-01-14 00:00:00+09:00,6312.3371552258,6388.850332864901,6178.439094357374,6274.08056640625,19733,0.0,0.0
2015-01-15 00:00:00+09:00,6274.080749045802,6379.286371362118,6207.131716662691,6264.5166015625,17118,0.0,0.0
2015-01-16 00:00:00+09:00,6264.51709442855,6264.51709442855,6082.798277948944,6111.49072265625,39004,0.0,0.0
2015-01-19 00:00:00+09:00,6216.6962292729595,6216.6962292729595,6092.3623046875,6092.3623046875,9426,0.0,0.0
2015-01-20 00:00:00+09:00,6101.9261466932,6121.0544418239,6025.412966170401,6082.7978515625,16012,0.0,0.0
2015-01-21 00:00:00+09:00,6082.7978515625,6159.311032085299,5987.156375909002,6082.7978515625,14408,0.0,0.0
2015-01-22 00:00:00+09:00,6207.1318948679955,6207.1318948679955,6006.28479195239,6101.92626953125,13789,0.0,0.0
2015-01-23 00:00:00+09:00,6121.054502369669,6121.054502369669,6025.413025770142,6054.10546875,8417,0.0,0.0
2015-01-26 00:00:00+09:00,6101.926083040313,6140.182672902635,5977.592165987768,6034.97705078125,24395,0.0,0.0
2015-01-27 00:00:00+09:00,6101.926267981151,6101.926267981151,5996.720642671131,6025.4130859375,9267,0.0,0.0
2015-01-28 00:00:00+09:00,6121.054322429906,6159.310911945094,5996.720406505549,6140.1826171875,23411,0.0,0.0
2015-01-29 00:00:00+09:00,6140.182621694711,6216.69580078125,6101.926032151442,6216.69580078125,20513,0.0,0.0
2015-01-30 00:00:00+09:00,6216.69592360046,6283.64495662385,6197.56762845092,6235.82421875,60252,0.0,0.0
2015-02-02 00:00:00+09:00,6235.8244017617135,6341.030028171804,6082.7980360743095,6226.26025390625,72358,0.0,0.0
2015-02-03 00:00:00+09:00,6264.516782967299,6264.516782967299,6121.054566563467,6178.439453125,13919,0.0,0.0
2015-02-04 00:00:00+09:00,6188.0036624844,6264.516845328101,6159.311218918011,6226.26025390625,43489,0.0,0.0
2015-02-05 00:00:00+09:00,6216.695985837614,6283.64501953125,6168.875247485017,6283.64501953125,24428,0.0,0.0
2015-02-06 00:00:00+09:00,6283.644836982333,6331.465573945668,6245.3882474116635,6293.208984375,15887,0.0,0.0
2015-02-09 00:00:00+09:00,6331.4655647634345,6331.4655647634345,6073.233585535923,6140.1826171875,44233,0.0,0.0
2015-02-10 00:00:00+09:00,6092.362426184713,6168.875612070862,6092.362426184713,6111.49072265625,11579,0.0,0.0
2015-02-11 00:00:00+09:00,6082.797795715804,6216.695860401372,6082.797795715804,6188.00341796875,12242,0.0,0.0
2015-02-12 00:00:00+09:00,6235.824341193616,6254.95263671875,6149.747011330514,6254.95263671875,21457,0.0,0.0
2015-02-13 00:00:00+09:00,6274.080933723565,6417.543150195902,6216.696047134629,6331.4658203125,48450,0.0,0.0
2015-02-16 00:00:00+09:00,6360.158203125,6427.1072368421055,6321.901612429511,6360.158203125,31358,0.0,0.0
2015-02-17 00:00:00+09:00,6398.414978027344,6513.184753417969,6331.4659423828125,6503.62060546875,51032,0.0,0.0
2015-02-23 00:00:00+09:00,6541.877197265625,6580.1337890625,6455.799865722656,6503.62060546875,34796,0.0,0.0
2015-02-24 00:00:00+09:00,6551.441283275462,6551.441283275462,6407.979065393518,6455.7998046875,39975,0.0,0.0
2015-02-25 00:00:00+09:00,6455.799987974082,6465.364136104414,6379.286802931426,6446.23583984375,22740,0.0,0.0
2015-02-26 00:00:00+09:00,6446.23583984375,6455.799987974082,6379.286802931426,6446.23583984375,28574,0.0,0.0
2015-02-27 00:00:00+09:00,6446.235534395895,6455.7996820730405,6407.978943687314,6436.67138671875,18984,0.0,0.0
2015-03-02 00:00:00+09:00,6465.363952546296,6465.363952546296,6407.979065393518,6455.7998046875,20417,0.0,0.0
2015-03-03 00:00:00+09:00,6455.7998046875,6474.928100405093,6417.543213252315,6455.7998046875,22871,0.0,0.0
2015-03-04 00:00:00+09:00,6455.799865722656,6647.082824707031,6407.9791259765625,6503.62060546875,50675,0.0,0.0
2015-03-05 00:00:00+09:00,6541.876950235762,6541.876950235762,6427.107179178994,6465.36376953125,18999,0.0,0.0
2015-03-06 00:00:00+09:00,6465.363951813156,6503.620543244003,6341.030029662903,6379.28662109375,47774,0.0,0.0
2015-03-09 00:00:00+09:00,6360.158386230469,6379.286682128906,6274.0810546875,6350.59423828125,35048,0.0,0.0
2015-03-10 00:00:00+09:00,6379.286557632119,6379.286557632119,6207.131897905915,6254.95263671875,54898,0.0,0.0
2015-03-11 00:00:00+09:00,6254.952271996475,6293.208860816026,6197.567388767149,6274.08056640625,20185,0.0,0.0
2015-03-12 00:00:00+09:00,6302.773008020913,6302.773008020913,6235.8239775867,6274.08056640625,19871,0.0,0.0
2015-03-13 00:00:00+09:00,6350.594298860239,6407.979187102952,6293.209410617526,6398.4150390625,6285,0.0,0.0
2015-03-16 00:00:00+09:00,6398.4149168091735,6474.928099670868,6264.516846801209,6379.28662109375,44130,0.0,0.0
2015-03-17 00:00:00+09:00,6446.235282124622,6446.235282124622,6274.080630673223,6321.9013671875,17696,0.0,0.0
2015-03-18 00:00:00+09:00,6321.902038944128,6388.85107717803,6226.260555752841,6312.337890625,24501,0.0,0.0
2015-03-19 00:00:00+09:00,6369.722472496207,6369.722472496207,6235.824402503794,6302.7734375,14903,0.0,0.0
2015-03-20 00:00:00+09:00,6331.465760103384,6360.158203125,6216.695988016918,6360.158203125,30058,0.0,0.0
2015-03-23 00:00:00+09:00,6407.979064666885,6407.979064666885,6293.209290374344,6379.28662109375,30382,0.0,0.0
2015-03-24 00:00:00+09:00,6407.978757566159,6407.978757566159,6302.773136173282,6369.72216796875,46782,0.0,0.0
2015-03-25 00:00:00+09:00,6398.41467008979,6398.41467008979,6302.773195200556,6341.02978515625,39440,0.0,0.0
2015-03-26 00:00:00+09:00,6350.594483901516,6350.594483901516,6264.517149029356,6312.337890625,17195,0.0,0.0
2015-03-27 00:00:00+09:00,6312.33740526759,6388.8505859375,6245.388372181418,6388.8505859375,46946,0.0,0.0
2015-03-30 00:00:00+09:00,6388.850344703311,6455.799375261579,6312.3371669224325,6427.10693359375,24929,0.0,0.0
2015-03-31 00:00:00+09:00,6427.107363861386,6771.416686925389,6427.107363861386,6761.8525390625,175775,0.0,0.0
2015-04-01 00:00:00+09:00,6761.852478543135,6790.544921875,6618.390261883803,6790.544921875,64390,0.0,0.0
2015-04-02 00:00:00+09:00,6838.365783691406,6962.69970703125,6752.2884521484375,6886.1865234375,170632,0.0,0.0
2015-04-03 00:00:00+09:00,6886.186217837274,6953.135250510692,6790.544742589534,6876.6220703125,84225,0.0,0.0
2015-04-06 00:00:00+09:00,6876.621764286647,6953.134941079822,6761.851999096883,6867.0576171875,40168,0.0,0.0
2015-04-07 00:00:00+09:00,6876.6220703125,6943.571102985918,6838.365480213404,6876.6220703125,27434,0.0,0.0
2015-04-08 00:00:00+09:00,6886.1865234375,6905.3148193359375,6780.980895996094,6809.67333984375,54766,0.0,0.0
2015-04-09 00:00:00+09:00,6819.237487792969,6905.3148193359375,6809.67333984375,6886.1865234375,35730,0.0,0.0
2015-04-10 00:00:00+09:00,6886.186645169668,6991.392274470871,6857.494200814794,6905.31494140625,40659,0.0,0.0
2015-04-13 00:00:00+09:00,6895.750671386719,6914.878967285156,6809.67333984375,6809.67333984375,77374,0.0,0.0
2015-04-14 00:00:00+09:00,6800.109009302682,6857.493895457135,6771.416566225456,6819.2373046875,40256,0.0,0.0
2015-04-15 00:00:00+09:00,6780.980956350244,6867.058288659345,6780.980956350244,6857.494140625,17813,0.0,0.0
2015-04-16 00:00:00+09:00,6867.058288659345,6943.5714729341,6819.237548487622,6857.494140625,69065,0.0,0.0
2015-04-17 00:00:00+09:00,6867.058045195475,6991.391965233833,6867.058045195475,6895.75048828125,48945,0.0,0.0
2015-04-20 00:00:00+09:00,6895.750671386719,7134.8543701171875,6857.494079589844,7039.212890625,68870,0.0,0.0
2015-04-21 00:00:00+09:00,7048.7766767813755,7173.110593739528,6981.82764457314,7134.85400390625,51965,0.0,0.0
2015-04-22 00:00:00+09:00,7192.239128521127,7192.239128521127,6618.390261883803,6790.544921875,127513,0.0,0.0
2015-04-23 00:00:00+09:00,6790.5447963169645,6819.2372391183035,6656.646729910714,6694.9033203125,53975,0.0,0.0
2015-04-24 00:00:00+09:00,6694.903625401213,6838.365845945525,6675.775329328638,6704.4677734375,28279,0.0,0.0
2015-04-27 00:00:00+09:00,6675.774965549431,6752.288145670342,6675.774965549431,6723.595703125,27481,0.0,0.0
2015-04-28 00:00:00+09:00,6819.23761107361,6819.23761107361,6714.031981730259,6752.28857421875,8759,0.0,0.0
2015-04-29 00:00:00+09:00,6752.287838319088,6790.544426638176,6656.646367521367,6714.03125,21864,0.0,0.0
2015-04-30 00:00:00+09:00,6647.082331457804,6723.595509373865,6570.569153541743,6580.13330078125,40798,0.0,0.0
2015-05-04 00:00:00+09:00,6599.2620849609375,6608.826232910156,6407.9791259765625,6503.62060546875,76820,0.0,0.0
2015-05-06 00:00:00+09:00,6407.978943687314,6494.056272781621,6360.158205301588,6436.67138671875,14701,0.0,0.0
2015-05-07 00:00:00+09:00,6446.23522803897,6474.927669706799,6245.388136364165,6427.10693359375,31652,0.0,0.0
2015-05-08 00:00:00+09:00,6465.363650682734,6541.876829980755,6446.23535585823,6522.74853515625,7848,0.0,0.0
2015-05-11 00:00:00+09:00,6551.441284000961,6551.441284000961,6465.363953262262,6532.31298828125,19764,0.0,0.0
2015-05-12 00:00:00+09:00,6532.313173016738,6532.313173016738,6407.9792473224215,6446.23583984375,10691,0.0,0.0
2015-05-13 00:00:00+09:00,6494.056029011263,6494.056029011263,6398.414555829948,6474.927734375,20041,0.0,0.0
2015-05-14 00:00:00+09:00,6532.31292634587,6532.31292634587,6427.107300884956,6484.4921875,19949,0.0,0.0
2015-05-15 00:00:00+09:00,6503.620176329394,6503.620176329394,6407.978703148079,6474.927734375,42351,0.0,0.0
2015-05-18 00:00:00+09:00,6465.363637443009,6465.363637443009,6264.516542196998,6293.208984375,73096,0.0,0.0
2015-05-19 00:00:00+09:00,6264.516724190211,6388.850643906963,6216.695985837614,6283.64501953125,19645,0.0,0.0
2015-05-20 00:00:00+09:00,6312.337890625,6350.594483901516,6283.645445667614,6312.337890625,108935,0.0,0.0
2015-05-21 00:00:00+09:00,6407.978757566159,6407.978757566159,6274.080693975225,6369.72216796875,24479,0.0,0.0
2015-05-22 00:00:00+09:00,6427.107300884956,6484.4921875,6360.158266500738,6484.4921875,21090,0.0,0.0
2015-05-26 00:00:00+09:00,6407.978884002866,6513.18450747157,6407.978884002866,6465.36376953125,22007,0.0,0.0
2015-05-27 00:00:00+09:00,6494.056580495409,6494.056580495409,6379.286802931426,6446.23583984375,32104,0.0,0.0
2015-05-28 00:00:00+09:00,6503.620544701684,6541.877136141105,6446.235657542551,6532.31298828125,19329,0.0,0.0
2015-05-29 00:00:00+09:00,6484.492008392468,6580.133483442504,6484.492008392468,6570.5693359375,12639,0.0,0.0
2015-06-01 00:00:00+09:00,6580.133483442504,6580.133483442504,6436.6712708674495,6570.5693359375,67128,0.0,0.0
2015-06-02 00:00:00+09:00,6580.133666636297,6608.826109950118,6503.620484466108,6561.00537109375,17289,0.0,0.0
2015-06-03 00:00:00+09:00,6503.620299843519,6561.005184842139,6494.05615234375,6494.05615234375,9994,0.0,0.0
2015-06-04 00:00:00+09:00,6455.79956234467,6513.184447343289,6446.2354148449,6494.05615234375,12427,0.0,0.0
2015-06-05 00:00:00+09:00,6407.979065393518,6494.056396122684,6398.414917534722,6455.7998046875,16883,0.0,0.0
2015-06-08 00:00:00+09:00,6503.620299843519,6503.620299843519,6436.67126734513,6494.05615234375,12994,0.0,0.0
2015-06-09 00:00:00+09:00,6446.235657542551,6561.005431860816,6446.235657542551,6532.31298828125,9631,0.0,0.0
2015-06-10 00:00:00+09:00,6589.697998403284,6589.697998403284,6494.056518020073,6551.44140625,14593,0.0,0.0
2015-06-11 00:00:00+09:00,6618.390503283514,6618.390503283514,6474.928281391531,6599.26220703125,50162,0.0,0.0
2015-06-12 00:00:00+09:00,6599.262025393387,6761.8525390625,6551.4412860789425,6761.8525390625,178768,0.0,0.0
2015-06-15 00:00:00+09:00,6886.18615414916,6886.18615414916,6723.5956477317495,6828.80126953125,136569,0.0,0.0
2015-06-16 00:00:00+09:00,6876.622251870599,6914.878842979754,6742.724182988557,6790.544921875,80013,0.0,0.0
2015-06-17 00:00:00+09:00,6742.723991027566,6742.723991027566,6503.620303402475,6570.5693359375,92208,0.0,0.0
2015-06-18 00:00:00+09:00,6570.569328660581,6570.569328660581,6388.850526266766,6417.54296875,54916,0.0,0.0
2015-06-19 00:00:00+09:00,6474.927972941638,6513.184563623716,6264.516724190211,6283.64501953125,56070,0.0,0.0
2015-06-22 00:00:00+09:00,6264.516785958742,6360.158263606967,6264.516785958742,6331.4658203125,23877,0.0,0.0
2015-06-23 00:00:00+09:00,6407.978821255589,6446.235411233233,6302.7731988170635,6417.54296875,74965,0.0,0.0
2015-06-24 00:00:00+09:00,6417.54303159093,6484.492064707378,6379.286441238674,6465.36376953125,35256,0.0,0.0
2015-06-25 00:00:00+09:00,6407.9791259765625,6503.62060546875,6407.9791259765625,6503.62060546875,28528,0.0,0.0
2015-06-26 00:00:00+09:00,6503.620426829269,6761.852414365137,6503.620426829269,6666.2109375,115231,0.0,0.0
2015-06-29 00:00:00+09:00,6599.2620849609375,6675.7752685546875,6484.4923095703125,6503.62060546875,46572,0.0,0.0
2015-06-30 00:00:00+09:00,6503.620362755848,6618.390133863304,6216.695934987208,6541.876953125,22106,0.0,0.0
2015-07-01 00:00:00+09:00,6599.2617748412185,6618.390069840758,6436.67126734513,6494.05615234375,20145,0.0,0.0
2015-07-02 00:00:00+09:00,6494.05615234375,6522.748594843059,6350.593939847201,6494.05615234375,11945,0.0,0.0
2015-07-03 00:00:00+09:00,6503.620296199701,6541.876886177347,6312.337346311475,6417.54296875,36588,0.0,0.0
2015-07-06 00:00:00+09:00,6436.671508240021,6484.492247528579,6331.465881805191,6379.28662109375,14214,0.0,0.0
2015-07-07 00:00:00+09:00,6379.286928858902,6427.107670454546,6226.260555752841,6312.337890625,37086,0.0,0.0
2015-07-08 00:00:00+09:00,6264.516845328101,6369.722471738191,6216.696106050787,6226.26025390625,10802,0.0,0.0
2015-07-09 00:00:00+09:00,6207.131897905915,6388.850705394686,6149.747011330514,6254.95263671875,27381,0.0,0.0
2015-07-10 00:00:00+09:00,6197.567441860466,6274.0806201550395,6168.875,6168.875,30895,0.0,0.0
2015-07-13 00:00:00+09:00,6168.875068270327,6312.337279160334,6159.31092087766,6293.208984375,24506,0.0,0.0
2015-07-14 00:00:00+09:00,6245.388313850596,6455.799558727645,6245.388313850596,6417.54296875,21951,0.0,0.0
2015-07-15 00:00:00+09:00,6417.543213252315,6503.620543981481,6388.850769675925,6455.7998046875,41319,0.0,0.0
2015-07-16 00:00:00+09:00,6417.543333713504,6551.44140625,6379.286741560219,6551.44140625,32424,0.0,0.0
2015-07-17 00:00:00+09:00,6589.697502192577,6589.697502192577,6436.671145102474,6474.927734375,17644,0.0,0.0
2015-07-20 00:00:00+09:00,6513.184568135912,6513.184568135912,6417.5430913644595,6436.67138671875,9994,0.0,0.0
2015-07-21 00:00:00+09:00,6407.979185675183,6551.44140625,6388.85088959854,6551.44140625,54059,0.0,0.0
2015-07-22 00:00:00+09:00,6599.261897230219,6637.5184879388,6293.209171561572,6436.67138671875,98660,0.0,0.0
2015-07-23 00:00:00+09:00,6455.7998046875,6474.928100405093,6407.979065393518,6455.7998046875,35469,0.0,0.0
2015-07-24 00:00:00+09:00,6455.799865722656,6503.62060546875,6417.543273925781,6503.62060546875,25602,0.0,0.0
2015-07-27 00:00:00+09:00,6494.056333809468,6494.056333809468,6350.594117304105,6407.97900390625,20401,0.0,0.0
2015-07-28 00:00:00+09:00,6341.030028926404,6398.414916066009,6216.696106790592,6302.7734375,22294,0.0,0.0
2015-07-29 00:00:00+09:00,6302.773131767667,6350.593868731003,6283.644836982333,6293.208984375,9645,0.0,0.0
2015-07-30 00:00:00+09:00,6283.644832481971,6283.644832481971,6207.131653395432,6216.69580078125,8822,0.0,0.0
2015-07-31 00:00:00+09:00,6178.43927049121,6341.029777609399,6121.0543856259665,6188.00341796875,34199,0.0,0.0
2015-08-03 00:00:00+09:00,6331.466132078932,6331.466132078932,6101.926574420481,6111.49072265625,15533,0.0,0.0
2015-08-04 00:00:00+09:00,6101.926094346374,6302.773191495707,6101.926094346374,6264.5166015625,6740,0.0,0.0
2015-08-05 00:00:00+09:00,6331.4658203125,6341.029968077322,6226.2601948994525,6331.4658203125,5061,0.0,0.0
2015-08-06 00:00:00+09:00,6341.0297257706925,6417.542904965512,6331.46557837134,6369.72216796875,32240,0.0,0.0
2015-08-07 00:00:00+09:00,6427.107297960725,6427.107297960725,6293.20922925321,6331.4658203125,7892,0.0,0.0
2015-08-10 00:00:00+09:00,6379.286371362118,6379.286371362118,6245.388306595897,6264.5166015625,18742,0.0,0.0
2015-08-11 00:00:00+09:00,6293.209044012405,6398.414666328722,6207.131716662691,6264.5166015625,17254,0.0,0.0
2015-08-12 00:00:00+09:00,6216.695683176925,6341.0295968404635,6140.182505537824,6274.08056640625,25936,0.0,0.0
2015-08-13 00:00:00+09:00,6331.466187263258,6360.158632220644,6216.696407433712,6312.337890625,29405,0.0,0.0
2015-08-17 00:00:00+09:00,6312.337445403495,6312.337445403495,5738.488586730449,5748.052734375,76748,0.0,0.0
2015-08-18 00:00:00+09:00,5824.565915531406,5862.822506109609,5652.411257929492,5748.052734375,19179,0.0,0.0
2015-08-19 00:00:00+09:00,5652.411257929492,5805.437620242305,5480.256600327579,5748.052734375,18392,0.0,0.0
2015-08-20 00:00:00+09:00,5738.488399621212,5738.488399621212,5585.46204229798,5681.103515625,13122,0.0,0.0
2015-08-21 00:00:00+09:00,5394.17938307246,5595.026487761329,5308.102052491517,5461.12841796875,44089,0.0,0.0
2015-08-24 00:00:00+09:00,5595.026101569513,5633.282690298193,5260.280950193559,5327.22998046875,12101,0.0,0.0
2015-08-25 00:00:00+09:00,5537.641537723608,5537.641537723608,5260.281253450751,5413.3076171875,16647,0.0,0.0
2015-08-26 00:00:00+09:00,5537.641662597656,5929.771728515625,5375.0511474609375,5738.48876953125,30815,0.0,0.0
2015-08-27 00:00:00+09:00,5767.180906165223,5767.180906165223,5623.718694569074,5728.92431640625,5927,0.0,0.0
2015-08-28 00:00:00+09:00,5738.48852700745,5824.565854912562,5690.667789282388,5776.7451171875,18617,0.0,0.0
2015-08-31 00:00:00+09:00,5776.745174826096,5824.565913028299,5642.847107859929,5671.53955078125,8146,0.0,0.0
2015-09-01 00:00:00+09:00,5623.718812579047,5690.6678460621315,5585.462222017285,5671.53955078125,23114,0.0,0.0
2015-09-02 00:00:00+09:00,5547.205990244289,5700.23236238896,5528.077693726205,5652.41162109375,23325,0.0,0.0
2015-09-03 00:00:00+09:00,5652.411320490635,5929.771605252443,5642.8471727402275,5872.38671875,75612,0.0,0.0
2015-09-04 00:00:00+09:00,5872.386715483905,5872.386715483905,5671.539612837061,5719.3603515625,10217,0.0,0.0
2015-09-07 00:00:00+09:00,5652.411073626894,5738.488399621212,5623.718631628788,5681.103515625,2666,0.0,0.0
2015-09-08 00:00:00+09:00,5681.104065870875,5681.104065870875,5595.0267315394985,5652.41162109375,1808,0.0,0.0
2015-09-09 00:00:00+09:00,5661.975525210084,5709.796264443277,5661.975525210084,5690.66796875,5049,0.0,0.0
2015-09-10 00:00:00+09:00,5671.539673056723,5728.924560136555,5633.283081670168,5690.66796875,15247,0.0,0.0
2015-09-11 00:00:00+09:00,5690.667786054163,5748.052671291684,5633.282900816643,5700.23193359375,50538,0.0,0.0
2015-09-14 00:00:00+09:00,5738.488647052676,5795.873533523202,5642.847169601798,5719.3603515625,30497,0.0,0.0
2015-09-15 00:00:00+09:00,5719.3599288712685,5795.873105177239,5642.846752565299,5767.1806640625,19774,0.0,0.0
2015-09-16 00:00:00+09:00,5786.309324953203,5786.309324953203,5728.9244390858985,5748.052734375,8817,0.0,0.0
2015-09-17 00:00:00+09:00,5815.001953125,5815.001953125,5671.539733886719,5738.48876953125,8959,0.0,0.0
2015-09-18 00:00:00+09:00,5757.6170654296875,5757.6170654296875,5700.232177734375,5738.48876953125,33229,0.0,0.0
2015-09-21 00:00:00+09:00,5738.488647052676,5738.488647052676,5671.539612837061,5719.3603515625,8974,0.0,0.0
2015-09-22 00:00:00+09:00,5719.3604736328125,5738.48876953125,5700.232177734375,5738.48876953125,5193,0.0,0.0
2015-09-23 00:00:00+09:00,5728.924436623894,5728.924436623894,5633.282960219488,5671.53955078125,23654,0.0,0.0
2015-09-24 00:00:00+09:00,5671.539368292298,5690.667662957701,5633.282778961489,5681.103515625,17250,0.0,0.0
2015-09-25 00:00:00+09:00,5681.103515625,5690.667662957701,5623.718631628788,5681.103515625,21551,0.0,0.0
2015-09-30 00:00:00+09:00,5681.1038818359375,5681.1038818359375,5595.026550292969,5661.9755859375,29577,0.0,0.0
2015-10-01 00:00:00+09:00,5671.539673056723,5690.66796875,5633.283081670168,5690.66796875,20472,0.0,0.0
2015-10-02 00:00:00+09:00,5748.053039348007,5776.745483803987,5709.796446740033,5757.6171875,15021,0.0,0.0
2015-10-05 00:00:00+09:00,5881.950801398711,5881.950801398711,5719.360291441348,5748.052734375,10045,0.0,0.0
2015-10-06 00:00:00+09:00,5815.0013992537315,5815.0013992537315,5738.488222947762,5767.1806640625,25942,0.0,0.0
2015-10-07 00:00:00+09:00,5824.565671003357,5824.565671003357,5748.052493059143,5786.30908203125,18137,0.0,0.0
2015-10-08 00:00:00+09:00,5786.309569515956,5901.079346101397,5786.309569515956,5862.82275390625,42624,0.0,0.0
2015-10-12 00:00:00+09:00,5920.2076421989705,5920.2076421989705,5815.002013662316,5862.82275390625,21245,0.0,0.0
2015-10-13 00:00:00+09:00,5891.515014250815,5891.515014250815,5815.001832247557,5872.38671875,7635,0.0,0.0
2015-10-14 00:00:00+09:00,5872.386472207992,5872.386472207992,5786.309146068135,5834.1298828125,22867,0.0,0.0
2015-10-15 00:00:00+09:00,5834.130005680658,5881.950743432139,5824.565858130361,5853.25830078125,7580,0.0,0.0
2015-10-16 00:00:00+09:00,5881.950619556865,5901.078914254611,5824.565735463627,5834.1298828125,13610,0.0,0.0
2015-10-19 00:00:00+09:00,5834.130127748371,6006.2847872557,5834.130127748371,5872.38671875,6682,0.0,0.0
2015-10-20 00:00:00+09:00,5872.386595881842,5872.386595881842,5795.873415479473,5853.25830078125,9988,0.0,0.0
2015-10-21 00:00:00+09:00,5881.95068359375,5901.078978499746,5815.001651422765,5881.95068359375,39912,0.0,0.0
2015-10-22 00:00:00+09:00,5891.51519805261,5929.771790247757,5786.309569515956,5862.82275390625,41722,0.0,0.0
2015-10-23 00:00:00+09:00,5862.822324859119,5862.822324859119,5786.309146068135,5834.1298828125,7709,0.0,0.0
2015-10-26 00:00:00+09:00,5834.1299463287605,5881.95068359375,5786.30920906377,5881.95068359375,12124,0.0,0.0
2015-10-27 00:00:00+09:00,5881.950494866622,5881.950494866622,5795.873170551501,5815.00146484375,4381,0.0,0.0
2015-10-28 00:00:00+09:00,5815.001770320197,5843.694213265856,5786.309327374538,5824.56591796875,9676,0.0,0.0
2015-10-29 00:00:00+09:00,5824.565978399598,5824.565978399598,5757.61694416512,5795.87353515625,15567,0.0,0.0
2015-10-30 00:00:00+09:00,5795.873283617424,5795.873283617424,5681.103515625,5681.103515625,57878,0.0,0.0
2015-11-02 00:00:00+09:00,5681.1038200729345,5700.232115763416,5566.334045930047,5614.15478515625,16676,0.0,0.0
2015-11-03 00:00:00+09:00,5614.154846191406,5728.924621582031,5595.026550292969,5661.9755859375,7516,0.0,0.0
2015-11-04 00:00:00+09:00,5642.846862067594,5661.97515651528,5604.59027317222,5633.28271484375,7661,0.0,0.0
2015-11-05 00:00:00+09:00,5633.28302022643,5642.84716796875,5575.898133772511,5642.84716796875,5518,0.0,0.0
2015-11-06 00:00:00+09:00,5642.847228691972,5652.411376537212,5595.0264894657685,5614.15478515625,16776,0.0,0.0
2015-11-09 00:00:00+09:00,5614.154784312932,5614.154784312932,5528.077453718696,5537.6416015625,14558,0.0,0.0
2015-11-10 00:00:00+09:00,5537.6415394640135,5595.0264258833295,5442.0000620984865,5489.82080078125,5800,0.0,0.0
2015-11-11 00:00:00+09:00,5489.8206778572985,5547.205562991696,5422.871645200503,5470.6923828125,7143,0.0,0.0
2015-11-12 00:00:00+09:00,5470.692749451754,5470.692749451754,5355.922971491228,5451.564453125,5567,0.0,0.0
2015-11-13 00:00:00+09:00,5451.564208121687,5451.564208121687,5317.666139852032,5413.3076171875,16919,0.0,0.0
2015-11-16 00:00:00+09:00,5355.922790852575,5394.179382215808,5298.537903807726,5384.615234375,4739,0.0,0.0
2015-11-17 00:00:00+09:00,5355.922671353252,5442.0,5269.845342706502,5442.0,3147,0.0,0.0
2015-11-18 00:00:00+09:00,5451.564270126423,5499.385009338058,5432.435974441769,5461.12841796875,5753,0.0,0.0
2015-11-19 00:00:00+09:00,5508.94921875,5547.205810546875,5451.5643310546875,5508.94921875,4072,0.0,0.0
2015-11-20 00:00:00+09:00,5413.307559643089,5518.51318359375,5413.307559643089,5518.51318359375,3911,0.0,0.0
2015-11-23 00:00:00+09:00,5518.5133058748925,5547.205749406305,5499.385010187284,5537.6416015625,380,0.0,0.0
2015-11-24 00:00:00+09:00,5537.641418877964,5547.20556640625,5480.256533708244,5547.20556640625,3018,0.0,0.0
2015-11-25 00:00:00+09:00,5547.205871476979,5556.77001953125,5489.820983151355,5556.77001953125,5915,0.0,0.0
2015-11-26 00:00:00+09:00,5556.769654367227,5575.89794921875,5508.948917238422,5575.89794921875,6777,0.0,0.0
2015-11-27 00:00:00+09:00,5585.46234078152,5614.154784312932,5518.5133058748925,5537.6416015625,7780,0.0,0.0
2015-11-30 00:00:00+09:00,5537.6416015625,5537.6416015625,5461.128418812069,5537.6416015625,8955,0.0,0.0
2015-12-01 00:00:00+09:00,5537.641478857507,5537.641478857507,5442.0000025387235,5518.51318359375,5232,0.0,0.0
2015-12-02 00:00:00+09:00,5518.5133058748925,5595.026488625324,5489.82086234348,5537.6416015625,3615,0.0,0.0
2015-12-03 00:00:00+09:00,5537.641662597656,5537.641662597656,5451.5643310546875,5508.94921875,6297,0.0,0.0
2015-12-04 00:00:00+09:00,5508.949096254356,5508.949096254356,5451.564209835039,5489.82080078125,9427,0.0,0.0
2015-12-07 00:00:00+09:00,5489.821045778509,5489.821045778509,5422.8720086348685,5451.564453125,8208,0.0,0.0
2015-12-08 00:00:00+09:00,5451.563893836961,5480.256335383471,5327.22998046875,5327.22998046875,22754,0.0,0.0
2015-12-09 00:00:00+09:00,5308.10205078125,5384.615233495214,5298.537902942005,5308.10205078125,6765,0.0,0.0
2015-12-10 00:00:00+09:00,5308.101808824352,5365.486693244075,5231.5886295980545,5346.3583984375,27282,0.0,0.0
2015-12-11 00:00:00+09:00,5346.358703613281,5355.9228515625,5308.102111816406,5355.9228515625,2404,0.0,0.0
2015-12-14 00:00:00+09:00,5346.3583984375,5355.922545840787,5222.024482194767,5346.3583984375,23214,0.0,0.0
2015-12-15 00:00:00+09:00,5394.179319976479,5394.179319976479,5288.973694941476,5336.79443359375,4804,0.0,0.0
2015-12-16 00:00:00+09:00,5336.794431818182,5394.179318181818,5241.152954545454,5260.28125,38975,0.0,0.0
2015-12-17 00:00:00+09:00,5260.281433216644,5403.7436541225525,5212.460692914674,5250.71728515625,29244,0.0,0.0
2015-12-18 00:00:00+09:00,5250.71728515625,5327.230469639401,5164.639952612705,5250.71728515625,36178,0.0,0.0
2015-12-21 00:00:00+09:00,5250.717345089689,5298.5380859375,5202.896604241877,5298.5380859375,41732,0.0,0.0
2015-12-22 00:00:00+09:00,5298.537780430605,5298.537780430605,5212.460451867653,5288.9736328125,58984,0.0,0.0
2015-12-23 00:00:00+09:00,5327.230527001097,5451.564453125,5269.845638020834,5451.564453125,55428,0.0,0.0
2015-12-24 00:00:00+09:00,5451.564512567935,5499.38525390625,5422.872067764945,5499.38525390625,40687,0.0,0.0
2015-12-28 00:00:00+09:00,5508.949096254356,5508.949096254356,5355.922732469512,5489.82080078125,18324,0.0,0.0
2015-12-29 00:00:00+09:00,5470.17927207066,5588.028735741841,5470.17927207066,5529.10400390625,13993,150.0,0.0
2015-12-30 00:00:00+09:00,5529.104052131559,5568.38720703125,5460.358531057099,5568.38720703125,4335,0.0,0.0
2016-01-04 00:00:00+09:00,5568.387033969541,5568.387033969541,5430.89599609375,5430.89599609375,3076,0.0,0.0
2016-01-05 00:00:00+09:00,5430.896093575924,5509.46240234375,5421.075304979947,5509.46240234375,2846,0.0,0.0
2016-01-06 00:00:00+09:00,5499.641577060932,5499.641577060932,5411.254480286739,5480.0,4723,0.0,0.0
2016-01-07 00:00:00+09:00,5479.999798201106,5479.999798201106,5283.584034824723,5322.8671875,23008,0.0,0.0
2016-01-08 00:00:00+09:00,5313.046424416935,5342.5087890625,5146.093024758732,5342.5087890625,15366,0.0,0.0
2016-01-11 00:00:00+09:00,5322.8675442855465,5322.8675442855465,5175.555711879119,5214.8388671875,28031,0.0,0.0
2016-01-12 00:00:00+09:00,5214.83885521079,5293.405165647111,5185.37648879717,5205.01806640625,3930,0.0,0.0
2016-01-13 00:00:00+09:00,5205.01806640625,5244.301221624411,5165.73491118809,5205.01806640625,13248,0.0,0.0
2016-01-14 00:00:00+09:00,5205.0180181351,5205.0180181351,5106.810131000476,5165.73486328125,15131,0.0,0.0
2016-01-15 00:00:00+09:00,5165.73486328125,5224.659595562025,5146.093285854326,5165.73486328125,31313,0.0,0.0
2016-01-18 00:00:00+09:00,5077.347764860088,5165.73486328125,5057.706187433163,5165.73486328125,10786,0.0,0.0
2016-01-19 00:00:00+09:00,5165.734814640206,5165.734814640206,5077.347717051305,5126.45166015625,4259,0.0,0.0
2016-01-20 00:00:00+09:00,5126.451510799632,5126.451510799632,4979.139685776654,5008.60205078125,28257,0.0,0.0
2016-01-21 00:00:00+09:00,5008.601987933168,5028.243564356436,4920.214894028465,4959.498046875,35235,0.0,0.0
2016-01-22 00:00:00+09:00,4949.67744140625,5106.81005859375,4949.67744140625,5106.81005859375,15532,0.0,0.0
2016-01-25 00:00:00+09:00,5028.2438212927755,5234.480384275487,5028.2438212927755,5165.73486328125,6072,0.0,0.0
2016-01-26 00:00:00+09:00,5067.527011460303,5195.197265625,5067.527011460303,5195.197265625,2081,0.0,0.0
2016-01-27 00:00:00+09:00,5205.018030271584,5205.018030271584,5106.81014290797,5175.5556640625,22759,0.0,0.0
2016-01-28 00:00:00+09:00,5175.555639880952,5175.555639880952,5106.810119047619,5155.9140625,17833,0.0,0.0
2016-01-29 00:00:00+09:00,5155.91415777439,5234.48046875,5096.989424542683,5234.48046875,2842,0.0,0.0
2016-02-01 00:00:00+09:00,5136.272448777239,5234.480334987129,5106.810082914272,5126.45166015625,13362,0.0,0.0
2016-02-02 00:00:00+09:00,5126.451647972648,5185.376379558541,5106.810070777351,5116.630859375,1527,0.0,0.0
2016-02-03 00:00:00+09:00,5106.810046363198,5155.913989116691,5047.885315059008,5096.9892578125,15998,0.0,0.0
2016-02-04 00:00:00+09:00,5096.9893063605405,5155.91403822598,5096.9893063605405,5136.2724609375,2692,0.0,0.0
2016-02-05 00:00:00+09:00,5195.1972050557615,5195.1972050557615,5106.810107049141,5146.09326171875,2142,0.0,0.0
2016-02-11 00:00:00+09:00,5096.989145795037,5096.989145795037,4959.498109106924,5008.60205078125,13450,0.0,0.0
2016-02-12 00:00:00+09:00,5008.601962444085,5008.601962444085,4807.275805130156,4939.8564453125,43083,0.0,0.0
2016-02-15 00:00:00+09:00,4939.856520137525,4998.78125,4939.856520137525,4998.78125,3454,0.0,0.0
2016-02-16 00:00:00+09:00,4998.781274844056,5018.4228515625,4939.856544688723,5018.4228515625,1784,0.0,0.0
2016-02-17 00:00:00+09:00,5018.422776144802,5057.705928991337,4939.856470451732,4959.498046875,2661,0.0,0.0
2016-02-18 00:00:00+09:00,4979.139795204118,5096.9892578125,4979.139795204118,5096.9892578125,11748,0.0,0.0
2016-02-19 00:00:00+09:00,5096.989270019531,5116.630847167969,5057.706115722656,5106.81005859375,4891,0.0,0.0
2016-02-22 00:00:00+09:00,5028.243664717349,5136.272337201511,5028.243664717349,5038.064453125,3835,0.0,0.0
2016-02-23 00:00:00+09:00,5047.885266231796,5106.80999696602,5047.885266231796,5057.7060546875,4550,0.0,0.0
2016-02-24 00:00:00+09:00,5096.989270019531,5126.451635742187,5018.422961425781,5106.81005859375,2242,0.0,0.0
2016-02-25 00:00:00+09:00,5155.914050386153,5155.914050386153,5106.810107049141,5146.09326171875,13821,0.0,0.0
2016-02-26 00:00:00+09:00,5106.81014290797,5185.3764527988615,5106.81014290797,5175.5556640625,1717,0.0,0.0
2016-02-29 00:00:00+09:00,5175.555711879119,5234.480444841691,5175.555711879119,5214.8388671875,9876,0.0,0.0
2016-03-02 00:00:00+09:00,5175.555327972808,5303.22557325487,5165.734539874188,5293.40478515625,18563,0.0,0.0
2016-03-03 00:00:00+09:00,5283.584145658462,5421.07518290608,5283.584145658462,5411.25439453125,32481,0.0,0.0
2016-03-04 00:00:00+09:00,5411.254382102273,5421.0751704545455,5352.329651988636,5401.43359375,8683,0.0,0.0
2016-03-07 00:00:00+09:00,5401.43359375,5440.716747159091,5352.329651988636,5401.43359375,7798,0.0,0.0
2016-03-08 00:00:00+09:00,5401.433568801323,5401.433568801323,5313.04647403912,5381.7919921875,6560,0.0,0.0
2016-03-09 00:00:00+09:00,5401.433568801323,5401.433568801323,5313.04647403912,5381.7919921875,10618,0.0,0.0
2016-03-10 00:00:00+09:00,5332.688050652942,5381.7919921875,5332.688050652942,5381.7919921875,3524,0.0,0.0
2016-03-11 00:00:00+09:00,5381.792029406761,5421.07518290608,5342.5088759074415,5411.25439453125,9195,0.0,0.0
2016-03-14 00:00:00+09:00,5460.358348901721,5460.358348901721,5322.867311339447,5421.0751953125,14388,0.0,0.0
2016-03-15 00:00:00+09:00,5401.43359375,5440.716747159091,5362.150440340909,5401.43359375,3235,0.0,0.0
2016-03-16 00:00:00+09:00,5440.716734616917,5440.716734616917,5332.688062990949,5391.61279296875,3103,0.0,0.0
2016-03-17 00:00:00+09:00,5381.792102642505,5548.745507286524,5332.688160100146,5470.17919921875,26989,0.0,0.0
2016-03-18 00:00:00+09:00,5460.358422939068,5489.820788530466,5401.433691756272,5480.0,5914,0.0,0.0
2016-03-21 00:00:00+09:00,5489.820688920454,5529.103842329545,5342.5088636363635,5401.43359375,44845,0.0,0.0
2016-03-22 00:00:00+09:00,5401.43359375,5450.537535511364,5352.329651988636,5401.43359375,8827,0.0,0.0
2016-03-23 00:00:00+09:00,5371.971216309483,5401.433581298384,5362.150427979849,5391.61279296875,15440,0.0,0.0
2016-03-24 00:00:00+09:00,5371.97119140625,5381.791979690356,5352.329614838037,5371.97119140625,2464,0.0,0.0
2016-03-25 00:00:00+09:00,5352.329614838037,5371.97119140625,5322.8672499857175,5371.97119140625,9693,0.0,0.0
2016-03-28 00:00:00+09:00,5371.971178886218,5371.971178886218,5313.04644931891,5362.150390625,8264,0.0,0.0
2016-03-29 00:00:00+09:00,5362.150378081995,5401.433531034977,5293.404860414277,5352.32958984375,18547,0.0,0.0
2016-03-30 00:00:00+09:00,5401.433531034977,5401.433531034977,5303.225648652523,5352.32958984375,14763,0.0,0.0
2016-03-31 00:00:00+09:00,5352.329577277688,5352.329577277688,5283.5840597713695,5342.5087890625,16730,0.0,0.0
2016-04-01 00:00:00+09:00,5342.508763837638,5362.150340175276,5273.7632466559035,5322.8671875,10594,0.0,0.0
2016-04-04 00:00:00+09:00,5322.867225129014,5381.791954558486,5313.046436890768,5352.32958984375,5489,0.0,0.0
2016-04-05 00:00:00+09:00,5313.046411897157,5371.9711410494365,5293.404835513064,5332.68798828125,8625,0.0,0.0
2016-04-06 00:00:00+09:00,5293.404835513064,5332.68798828125,5283.584047321017,5332.68798828125,1875,0.0,0.0
2016-04-07 00:00:00+09:00,5332.68798828125,5332.68798828125,5273.763259128971,5332.68798828125,29855,0.0,0.0
2016-04-08 00:00:00+09:00,5332.68798828125,5352.329564665343,5283.584047321017,5332.68798828125,3885,0.0,0.0
2016-04-11 00:00:00+09:00,5332.687975668819,5332.687975668819,5283.584034824723,5322.8671875,11848,0.0,0.0
2016-04-12 00:00:00+09:00,5322.8672126321235,5391.612730138442,5283.5840597713695,5342.5087890625,7589,0.0,0.0
2016-04-14 00:00:00+09:00,5352.32958984375,5381.791954558486,5293.404860414277,5352.32958984375,22400,0.0,0.0
2016-04-15 00:00:00+09:00,5371.971203880588,5450.53751033588,5332.688050652942,5381.7919921875,10946,0.0,0.0
2016-04-18 00:00:00+09:00,5381.7919921875,5421.075145415146,5322.867262346031,5381.7919921875,16058,0.0,0.0
2016-04-19 00:00:00+09:00,5440.716747159091,5440.716747159091,5371.971228693182,5401.43359375,19212,0.0,0.0
2016-04-20 00:00:00+09:00,5430.895882999196,5430.895882999196,5332.688000847312,5342.5087890625,27618,0.0,0.0
2016-04-21 00:00:00+09:00,5381.791941923254,5381.791941923254,5313.046424416935,5342.5087890625,55788,0.0,0.0
2016-04-22 00:00:00+09:00,5352.329577277688,5352.329577277688,5303.225636201747,5342.5087890625,45209,0.0,0.0
2016-04-25 00:00:00+09:00,5342.508924549549,5479.9999630489865,5332.688136085304,5450.53759765625,77026,0.0,0.0
2016-04-26 00:00:00+09:00,5450.537535511364,5509.462265624999,5401.43359375,5401.43359375,45435,0.0,0.0
2016-04-27 00:00:00+09:00,5430.896032978305,5529.103917842288,5401.43366751911,5460.3583984375,35337,0.0,0.0
2016-04-28 00:00:00+09:00,5479.99995064305,5489.820739085063,5421.075219990975,5440.716796875,24889,0.0,0.0
2016-04-29 00:00:00+09:00,5460.358373759025,5460.358373759025,5371.971277780912,5440.716796875,26736,0.0,0.0
2016-05-02 00:00:00+09:00,5440.716683987958,5440.716683987958,5342.508801605504,5352.32958984375,23228,0.0,0.0
2016-05-03 00:00:00+09:00,5352.329602363782,5430.895908453525,5322.867237580128,5362.150390625,10218,0.0,0.0
2016-05-04 00:00:00+09:00,5362.150352857389,5362.150352857389,5293.404835513064,5332.68798828125,25008,0.0,0.0
2016-05-09 00:00:00+09:00,5313.046815786789,5332.688393664004,5195.197348523496,5263.94287109375,28866,0.0,0.0
2016-05-10 00:00:00+09:00,5205.018113954237,5303.226002896769,5205.018113954237,5244.30126953125,18600,0.0,0.0
2016-05-11 00:00:00+09:00,5273.76363621401,5293.405214002516,5214.83890284849,5244.30126953125,15935,0.0,0.0
2016-05-12 00:00:00+09:00,5244.301245667881,5313.046767614838,5224.65966796875,5224.65966796875,9471,0.0,0.0
2016-05-13 00:00:00+09:00,5224.659255924721,5342.508712825279,5205.017679774628,5283.583984375,33646,0.0,0.0
2016-05-16 00:00:00+09:00,5283.584401066142,5332.688345313968,5214.838879119185,5224.65966796875,11998,0.0,0.0
2016-05-17 00:00:00+09:00,5224.659521484375,5234.480310058593,5077.347692871093,5106.81005859375,60712,0.0,0.0
2016-05-18 00:00:00+09:00,5087.168481445312,5195.197155761719,5038.064538574218,5106.81005859375,42643,0.0,0.0
2016-05-19 00:00:00+09:00,5106.81005859375,5155.914001464844,5077.347692871093,5106.81005859375,24229,0.0,0.0
2016-05-20 00:00:00+09:00,5106.810070777351,5146.093225167946,5067.526916386756,5116.630859375,7280,0.0,0.0
2016-05-23 00:00:00+09:00,5087.168541666667,5165.734851190477,5087.168541666667,5155.9140625,11167,0.0,0.0
2016-05-24 00:00:00+09:00,5155.9140625,5175.555639880952,5087.168541666667,5155.9140625,9114,0.0,0.0
2016-05-25 00:00:00+09:00,5175.555676084576,5205.018042362098,5087.168577252012,5185.37646484375,13070,0.0,0.0
2016-05-26 00:00:00+09:00,5146.09326171875,5185.376416388359,5096.989318381739,5146.09326171875,30299,0.0,0.0
2016-05-27 00:00:00+09:00,5146.093285854326,5205.0180181351,5096.989342287013,5165.73486328125,7277,0.0,0.0
2016-05-30 00:00:00+09:00,5165.734839053554,5185.376416388359,5106.810107049141,5146.09326171875,9466,0.0,0.0
2016-05-31 00:00:00+09:00,5146.093285854326,5185.376440708175,5087.1685535735505,5165.73486328125,8934,0.0,0.0
2016-06-01 00:00:00+09:00,5165.73486328125,5195.1972294216375,5106.810131000476,5165.73486328125,11582,0.0,0.0
2016-06-02 00:00:00+09:00,5165.734839053554,5195.1972050557615,5106.810107049141,5146.09326171875,11517,0.0,0.0
2016-06-03 00:00:00+09:00,5146.093285854326,5195.1972294216375,5077.347764860088,5165.73486328125,67108,0.0,0.0
2016-06-07 00:00:00+09:00,5165.73491118809,5224.659644015331,5106.810178360849,5205.01806640625,38715,0.0,0.0
2016-06-08 00:00:00+09:00,5205.01806640625,5224.659644015331,5146.09333357901,5205.01806640625,13867,0.0,0.0
2016-06-09 00:00:00+09:00,5205.0180544069,5254.121998316399,5165.7348992793,5195.197265625,9729,0.0,0.0
2016-06-10 00:00:00+09:00,5205.01806640625,5224.659644015331,5116.63096716539,5205.01806640625,24755,0.0,0.0
2016-06-13 00:00:00+09:00,5205.017931870183,5205.017931870183,5087.168469261801,5096.9892578125,23702,0.0,0.0
2016-06-14 00:00:00+09:00,5067.526879977076,5155.913976720862,5047.8853029229,5087.16845703125,16094,0.0,0.0
2016-06-15 00:00:00+09:00,5087.1685177163,5146.09324958174,5067.526940427821,5136.2724609375,13654,0.0,0.0
2016-06-16 00:00:00+09:00,5136.272324562073,5136.272324562073,4998.781287193298,5028.24365234375,5969,0.0,0.0
2016-06-17 00:00:00+09:00,5028.243639921722,5106.809946795499,4988.960486484833,5018.4228515625,14260,0.0,0.0
2016-06-20 00:00:00+09:00,5018.422949406912,5096.9892578125,4969.31900665342,5096.9892578125,11192,0.0,0.0
2016-06-21 00:00:00+09:00,5106.810046363198,5106.810046363198,5038.064526508309,5096.9892578125,12669,0.0,0.0
2016-06-22 00:00:00+09:00,5872.831691576087,6069.247467214083,5195.197265625,5195.197265625,888717,0.0,0.0
2016-06-23 00:00:00+09:00,5214.838732910156,5391.612927246094,5047.885327148438,5106.81005859375,174593,0.0,0.0
2016-06-24 00:00:00+09:00,5155.914195667614,5185.3765625,4748.351454486269,4861.29052734375,312269,0.0,0.0
2016-06-27 00:00:00+09:00,4763.082637902462,4939.856838896781,4753.261848958333,4861.29052734375,37552,0.0,0.0
2016-06-28 00:00:00+09:00,4841.648501231489,4979.1395337208205,4831.827713196536,4890.75244140625,52677,0.0,0.0
2016-06-29 00:00:00+09:00,4890.752578585461,5008.602038310412,4890.752578585461,4998.78125,32385,0.0,0.0
2016-06-30 00:00:00+09:00,5038.064390648068,5038.064390648068,4959.498084361158,4988.96044921875,34638,0.0,0.0
2016-07-01 00:00:00+09:00,5018.422888611078,5106.8099844965955,4998.781311747629,5047.88525390625,55595,0.0,0.0
2016-07-04 00:00:00+09:00,5077.347680711103,5126.451623464595,5038.064526508309,5096.9892578125,63443,0.0,0.0
2016-07-05 00:00:00+09:00,5106.810070777351,5146.093225167946,5106.810070777351,5116.630859375,34458,0.0,0.0
2016-07-06 00:00:00+09:00,5106.810034085424,5136.272399666686,5057.706091449988,5087.16845703125,25013,0.0,0.0
2016-07-07 00:00:00+09:00,5087.1685056722945,5146.093237398228,5087.1685056722945,5126.45166015625,22847,0.0,0.0
2016-07-08 00:00:00+09:00,5106.810082914272,5195.197180503173,5106.810082914272,5126.45166015625,16328,0.0,0.0
2016-07-11 00:00:00+09:00,5136.2724609375,5155.91403822598,5087.1685177163,5136.2724609375,15505,0.0,0.0
2016-07-12 00:00:00+09:00,5126.451732288707,5214.838831121271,5126.451732288707,5185.37646484375,17926,0.0,0.0
2016-07-13 00:00:00+09:00,5185.37646484375,5214.838831121271,5146.0933098070545,5185.37646484375,18533,0.0,0.0
2016-07-14 00:00:00+09:00,5185.3765243902435,5254.122046493902,5175.555735518293,5234.48046875,27869,0.0,0.0
2016-07-15 00:00:00+09:00,5224.659703563084,5303.22601489486,5155.91418114778,5254.1220703125,35184,0.0,0.0
2016-07-18 00:00:00+09:00,5224.659571057968,5244.301148392772,5126.451684383946,5146.09326171875,24690,0.0,0.0
2016-07-19 00:00:00+09:00,5146.093285854326,5205.0180181351,5136.2724971408625,5165.73486328125,12804,0.0,0.0
2016-07-20 00:00:00+09:00,5165.734527474442,5303.225560525093,5136.272163249303,5283.583984375,14175,0.0,0.0
2016-07-21 00:00:00+09:00,5273.763648145444,5303.22601489486,5185.376547897196,5254.1220703125,18250,0.0,0.0
2016-07-22 00:00:00+09:00,5146.093380588717,5263.942847319757,5146.093380588717,5244.30126953125,19115,0.0,0.0
2016-07-25 00:00:00+09:00,5244.301221624411,5263.94279923349,5175.55569999263,5205.01806640625,17576,0.0,0.0
2016-07-26 00:00:00+09:00,5205.018030271584,5224.659607744307,5165.7348753261385,5175.5556640625,18000,0.0,0.0
2016-07-27 00:00:00+09:00,5175.555676084576,5224.659619880445,5146.0933098070545,5185.37646484375,34555,0.0,0.0
2016-07-28 00:00:00+09:00,5185.376103624535,5293.404772450046,5165.734527474442,5283.583984375,19372,0.0,0.0
2016-07-29 00:00:00+09:00,5273.76320895901,5293.40478515625,5205.017692268669,5293.40478515625,32793,0.0,0.0
2016-08-01 00:00:00+09:00,5273.763259128971,5332.68798828125,5273.763259128971,5332.68798828125,26281,0.0,0.0
2016-08-02 00:00:00+09:00,5332.688000847312,5352.329577277688,5254.121695125805,5342.5087890625,29445,0.0,0.0
2016-08-03 00:00:00+09:00,5332.688038269824,5391.612767974463,5303.225673417504,5371.97119140625,37124,0.0,0.0
2016-08-04 00:00:00+09:00,5313.04647403912,5401.433568801323,5313.04647403912,5381.7919921875,15376,0.0,0.0
2016-08-05 00:00:00+09:00,5401.433492850553,5401.433492850553,5322.8671875,5322.8671875,17371,0.0,0.0
2016-08-08 00:00:00+09:00,5263.942520281079,5401.433556258569,5263.942520281079,5371.97119140625,30172,0.0,0.0
2016-08-09 00:00:00+09:00,5352.32958984375,5381.791954558486,5303.225648652523,5352.32958984375,10854,0.0,0.0
2016-08-10 00:00:00+09:00,5352.329627266766,5421.075145415146,5313.04647403912,5381.7919921875,19929,0.0,0.0
2016-08-11 00:00:00+09:00,5332.688050652942,5401.433568801323,5303.225685732208,5381.7919921875,21051,0.0,0.0
2016-08-12 00:00:00+09:00,5342.508776473297,5381.791929241483,5293.404835513064,5332.68798828125,31614,0.0,0.0
2016-08-16 00:00:00+09:00,5332.68791190206,5371.9710641076,5244.300819439594,5273.76318359375,10446,0.0,0.0
2016-08-17 00:00:00+09:00,5273.763612216577,5273.763612216577,5175.555723720923,5224.65966796875,32725,0.0,0.0
2016-08-18 00:00:00+09:00,5205.01806640625,5244.301221624411,5175.55569999263,5205.01806640625,21501,0.0,0.0
2016-08-19 00:00:00+09:00,5205.018113954237,5263.942847319757,5205.018113954237,5244.30126953125,18251,0.0,0.0
2016-08-22 00:00:00+09:00,5244.30126953125,5293.405214002516,5214.83890284849,5244.30126953125,17975,0.0,0.0
2016-08-23 00:00:00+09:00,5214.83885521079,5283.584376842571,5175.55569999263,5205.01806640625,50724,0.0,0.0
2016-08-24 00:00:00+09:00,5195.197301420054,5254.122034517446,5195.197301420054,5224.65966796875,3946,0.0,0.0
2016-08-25 00:00:00+09:00,5195.197313262195,5254.122046493902,5185.3765243902435,5234.48046875,13573,0.0,0.0
2016-08-26 00:00:00+09:00,5185.3765243902435,5254.122046493902,5185.3765243902435,5234.48046875,14760,0.0,0.0
2016-08-29 00:00:00+09:00,5205.017692268669,5313.04636135349,5175.555327972808,5293.40478515625,75333,0.0,0.0
2016-08-30 00:00:00+09:00,5254.121707461296,5411.254319273222,5254.121707461296,5352.32958984375,39705,0.0,0.0
2016-08-31 00:00:00+09:00,5332.688013367259,5381.791954558486,5254.121707461296,5352.32958984375,22750,0.0,0.0
2016-09-01 00:00:00+09:00,5293.404860414277,5381.791954558486,5293.404860414277,5352.32958984375,23805,0.0,0.0
2016-09-02 00:00:00+09:00,5303.225698002049,5411.254369628016,5293.404909672416,5391.61279296875,25792,0.0,0.0
2016-09-05 00:00:00+09:00,5391.612879032711,5470.179186923898,5371.971302059915,5460.3583984375,39759,0.0,0.0
2016-09-06 00:00:00+09:00,5440.716894183719,5617.491089301601,5401.4337397130785,5519.283203125,84459,0.0,0.0
2016-09-07 00:00:00+09:00,5499.641613747772,5637.132654091466,5499.641613747772,5509.46240234375,37199,0.0,0.0
2016-09-08 00:00:00+09:00,5460.358471419039,5568.3871462133,5440.716894183719,5519.283203125,23787,0.0,0.0
2016-09-09 00:00:00+09:00,5421.07529296875,5519.283178710937,5401.4337158203125,5499.6416015625,16947,0.0,0.0
2016-09-12 00:00:00+09:00,5401.4335183536305,5479.999824075138,5332.688000847312,5342.5087890625,33015,0.0,0.0
2016-09-13 00:00:00+09:00,5342.508763837638,5401.433492850553,5322.8671875,5322.8671875,14788,0.0,0.0
2016-09-19 00:00:00+09:00,5322.867174864256,5411.2542681738105,5303.2255985732445,5313.04638671875,13218,0.0,0.0
2016-09-20 00:00:00+09:00,5313.046510782951,5421.07518290608,5313.046510782951,5411.25439453125,21830,0.0,0.0
2016-09-21 00:00:00+09:00,5411.2542724609375,5784.44422228583,5381.791908001078,5696.05712890625,116194,0.0,0.0
2016-09-22 00:00:00+09:00,5735.340701219512,5784.444645579269,5637.1328125,5637.1328125,47880,0.0,0.0
2016-09-23 00:00:00+09:00,5696.057090825389,5696.057090825389,5597.84920994909,5666.5947265625,15143,0.0,0.0
2016-09-26 00:00:00+09:00,5646.95361328125,5784.444657778533,5627.312035495924,5646.95361328125,15929,0.0,0.0
2016-09-27 00:00:00+09:00,5646.95361328125,5646.95361328125,5519.283357676631,5646.95361328125,38843,0.0,0.0
2016-09-28 00:00:00+09:00,5597.849657012195,5676.415967987805,5588.0288681402435,5637.1328125,12542,0.0,0.0
2016-09-29 00:00:00+09:00,5725.519900230421,5725.519900230421,5597.849645165248,5627.31201171875,15607,0.0,0.0
2016-09-30 00:00:00+09:00,5568.3871339196185,5646.953442687444,5509.46240234375,5509.46240234375,15351,0.0,0.0
2016-10-04 00:00:00+09:00,5538.924900295017,5627.31199976781,5538.924900295017,5617.4912109375,19972,0.0,0.0
2016-10-05 00:00:00+09:00,5617.491258409288,5715.699147542317,5568.387313842773,5656.7744140625,50932,0.0,0.0
2016-10-06 00:00:00+09:00,5696.0573612270455,5971.0394407345575,5627.311841350167,5882.65234375,200912,0.0,0.0
2016-10-07 00:00:00+09:00,6137.993044969512,6422.795922256098,5971.039634146341,6039.78515625,521335,0.0,0.0
2016-10-10 00:00:00+09:00,6029.964159503031,6029.964159503031,5823.727600301787,5872.83154296875,94680,0.0,0.0
2016-10-11 00:00:00+09:00,5912.114684751885,6010.322569880654,5745.161280032978,5863.0107421875,69151,0.0,0.0
2016-10-12 00:00:00+09:00,5794.265365224754,5980.8603515625,5774.623787715517,5980.8603515625,45940,0.0,0.0
2016-10-13 00:00:00+09:00,5931.756371828589,5990.681103999072,5872.831639658107,5951.39794921875,30114,0.0,0.0
2016-10-14 00:00:00+09:00,5980.860153944456,5980.860153944456,5794.265173772133,5823.7275390625,44394,0.0,0.0
2016-10-17 00:00:00+09:00,5823.727413432675,5853.189778087478,5705.877954813464,5725.51953125,38359,0.0,0.0
2016-10-18 00:00:00+09:00,5725.519630393401,5823.727514276649,5617.490958121827,5804.0859375,54140,0.0,0.0
2016-10-19 00:00:00+09:00,5804.085912629987,5863.010642707449,5676.41566412882,5784.4443359375,27101,0.0,0.0
2016-10-20 00:00:00+09:00,5784.4446699354385,5843.369403415256,5656.7744140625,5656.7744140625,24392,0.0,0.0
2016-10-21 00:00:00+09:00,5646.953504582597,5715.69902550795,5558.56640625,5558.56640625,36964,0.0,0.0
2016-10-24 00:00:00+09:00,5558.56648976058,5676.415955974585,5519.283334355911,5627.31201171875,45433,0.0,0.0
2016-10-25 00:00:00+09:00,5627.311951543244,5666.595106527839,5548.7456415740535,5578.2080078125,40850,0.0,0.0
2016-10-26 00:00:00+09:00,5627.311927175353,5676.415870693462,5499.641674028268,5558.56640625,29717,0.0,0.0
2016-10-27 00:00:00+09:00,5558.566430320202,5735.34062775088,5519.283275335607,5578.2080078125,33378,0.0,0.0
2016-10-28 00:00:00+09:00,5578.208102756076,5745.161514282227,5578.208102756076,5656.7744140625,21727,0.0,0.0
2016-10-31 00:00:00+09:00,5646.953302556818,5696.057244318182,5401.43359375,5401.43359375,59536,0.0,0.0
2016-11-01 00:00:00+09:00,5332.6880875326115,5440.71675965574,5303.225722408122,5411.25439453125,34117,0.0,0.0
2016-11-02 00:00:00+09:00,5411.25421631314,5411.25421631314,5244.300819439594,5273.76318359375,25966,0.0,0.0
2016-11-03 00:00:00+09:00,5175.555340350116,5332.68795030382,5175.555340350116,5303.2255859375,12068,0.0,0.0
2016-11-04 00:00:00+09:00,5263.942544683516,5421.07515795765,5263.942544683516,5391.61279296875,2834,0.0,0.0
2016-11-07 00:00:00+09:00,5391.612927246094,5499.6416015625,5362.150561523437,5499.6416015625,16365,0.0,0.0
2016-11-08 00:00:00+09:00,5499.641564744165,5499.641564744165,5381.792102642505,5470.17919921875,17316,0.0,0.0
2016-11-09 00:00:00+09:00,5470.179338859789,5499.64170513731,5077.347788492838,5185.37646484375,48163,0.0,0.0
2016-11-10 00:00:00+09:00,5195.196965834674,5362.150365492877,5195.196965834674,5342.5087890625,18205,0.0,0.0
2016-11-11 00:00:00+09:00,5401.433531034977,5401.433531034977,5254.121707461296,5352.32958984375,22453,0.0,0.0
2016-11-14 00:00:00+09:00,5263.942408224907,5352.329500900325,5244.300832074814,5283.583984375,14159,0.0,0.0
2016-11-15 00:00:00+09:00,5332.687924750232,5391.612653200511,5224.659255924721,5283.583984375,28357,0.0,0.0
2016-11-16 00:00:00+09:00,5283.584072176032,5391.612742796731,5263.942495699541,5352.32958984375,27831,0.0,0.0
2016-11-17 00:00:00+09:00,5381.791979690356,5381.791979690356,5224.659367144653,5371.97119140625,24097,0.0,0.0
2016-11-18 00:00:00+09:00,5391.61279296875,5430.895946287284,5332.688062990949,5391.61279296875,6201,0.0,0.0
2016-11-21 00:00:00+09:00,5421.075120192308,5421.075120192308,5244.300931490385,5362.150390625,13390,0.0,0.0
2016-11-22 00:00:00+09:00,5391.612704681734,5411.254281019373,5293.404822993542,5322.8671875,26691,0.0,0.0
2016-11-23 00:00:00+09:00,5391.612653200511,5391.612653200511,5224.659255924721,5283.583984375,21270,0.0,0.0
2016-11-24 00:00:00+09:00,5283.583984375,5332.687924750232,5205.017679774628,5283.583984375,12110,0.0,0.0
2016-11-25 00:00:00+09:00,5283.584413109756,5303.225990853658,5175.555735518293,5234.48046875,10665,0.0,0.0
2016-11-28 00:00:00+09:00,5273.763234136726,5332.687963009762,5224.659293409196,5313.04638671875,13121,0.0,0.0
2016-11-29 00:00:00+09:00,5283.584047321017,5381.791929241483,5263.942470936925,5332.68798828125,13319,0.0,0.0
2016-11-30 00:00:00+09:00,5332.688013367259,5381.791954558486,5283.584072176032,5352.32958984375,12883,0.0,0.0
2016-12-01 00:00:00+09:00,5352.32948800483,5381.7918521589845,5263.9423955423645,5273.76318359375,5653,0.0,0.0
2016-12-02 00:00:00+09:00,5273.763221571181,5352.329526548033,5205.017704716435,5303.2255859375,19651,0.0,0.0
2016-12-05 00:00:00+09:00,5303.22557325487,5303.22557325487,5096.989023183847,5293.40478515625,19413,0.0,0.0
2016-12-06 00:00:00+09:00,5126.451767743644,5283.584388977166,5126.451767743644,5214.8388671875,19054,0.0,0.0
2016-12-07 00:00:00+09:00,5254.122046493902,5283.584413109756,5175.555735518293,5234.48046875,17794,0.0,0.0
2016-12-08 00:00:00+09:00,5254.121645326968,5342.508738425926,5254.121645326968,5303.2255859375,24014,0.0,0.0
2016-12-09 00:00:00+09:00,5303.2255859375,5391.612679036459,5303.2255859375,5303.2255859375,15310,0.0,0.0
2016-12-12 00:00:00+09:00,5303.225818286002,5499.641589333632,5303.225818286002,5489.82080078125,57586,0.0,0.0
2016-12-13 00:00:00+09:00,5489.8208129882805,5509.462390136719,5421.07529296875,5499.6416015625,21162,0.0,0.0
2016-12-14 00:00:00+09:00,5538.924731182796,5548.745519713262,5421.075268817204,5480.0,7653,0.0,0.0
2016-12-15 00:00:00+09:00,5480.000108506944,5568.38720703125,5421.075376157408,5568.38720703125,9282,0.0,0.0
2016-12-16 00:00:00+09:00,5568.387158463311,5568.387158463311,5430.896117513599,5529.10400390625,8874,0.0,0.0
2016-12-19 00:00:00+09:00,5588.028698730468,5588.028698730468,5499.6416015625,5499.6416015625,8128,0.0,0.0
2016-12-20 00:00:00+09:00,5440.716858019343,5558.56632064792,5430.896069466961,5489.82080078125,12337,0.0,0.0
2016-12-21 00:00:00+09:00,5548.74553209554,5597.849474857447,5480.000012228868,5489.82080078125,16715,0.0,0.0
2016-12-22 00:00:00+09:00,5489.820688920454,5538.924630681818,5391.612805397727,5401.43359375,9870,0.0,0.0
2016-12-23 00:00:00+09:00,5332.6880997367525,5450.5375605044155,5332.6880997367525,5421.0751953125,14898,0.0,0.0
2016-12-26 00:00:00+09:00,5430.896008432987,5499.641527527076,5401.43364310695,5440.716796875,69340,0.0,0.0
2016-12-27 00:00:00+09:00,5558.566308243728,5558.566308243728,5430.896057347671,5480.0,34641,0.0,0.0
2016-12-28 00:00:00+09:00,5540.0,5630.0,5530.0,5580.0,22540,100.0,0.0
2016-12-29 00:00:00+09:00,5580.0,5610.0,5530.0,5590.0,15591,0.0,0.0
2017-01-02 00:00:00+09:00,5640.0,5740.0,5590.0,5680.0,32698,0.0,0.0
2017-01-03 00:00:00+09:00,5780.0,5780.0,5690.0,5740.0,19193,0.0,0.0
2017-01-04 00:00:00+09:00,5740.0,5770.0,5700.0,5740.0,22691,0.0,0.0
2017-01-05 00:00:00+09:00,5790.0,5790.0,5700.0,5770.0,25671,0.0,0.0
2017-01-06 00:00:00+09:00,5750.0,5780.0,5690.0,5760.0,17980,0.0,0.0
2017-01-09 00:00:00+09:00,5760.0,5800.0,5700.0,5770.0,36107,0.0,0.0
2017-01-10 00:00:00+09:00,5810.0,6000.0,5750.0,5900.0,66150,0.0,0.0
2017-01-11 00:00:00+09:00,5900.0,5980.0,5850.0,5940.0,38687,0.0,0.0
2017-01-12 00:00:00+09:00,5940.0,5950.0,5800.0,5830.0,18080,0.0,0.0
2017-01-13 00:00:00+09:00,5890.0,5950.0,5810.0,5950.0,18452,0.0,0.0
2017-01-16 00:00:00+09:00,5990.0,5990.0,5810.0,5830.0,12619,0.0,0.0
2017-01-17 00:00:00+09:00,5770.0,5850.0,5750.0,5770.0,19990,0.0,0.0
2017-01-18 00:00:00+09:00,5770.0,5860.0,5730.0,5770.0,31924,0.0,0.0
2017-01-19 00:00:00+09:00,5770.0,5860.0,5750.0,5790.0,17789,0.0,0.0
2017-01-20 00:00:00+09:00,5790.0,5790.0,5640.0,5640.0,24958,0.0,0.0
2017-01-23 00:00:00+09:00,5640.0,5810.0,5640.0,5680.0,12280,0.0,0.0
2017-01-24 00:00:00+09:00,5680.0,5700.0,5520.0,5630.0,22898,0.0,0.0
2017-01-25 00:00:00+09:00,5630.0,5680.0,5530.0,5550.0,13968,0.0,0.0
2017-01-26 00:00:00+09:00,5550.0,5680.0,5550.0,5640.0,11277,0.0,0.0
2017-01-31 00:00:00+09:00,5640.0,5660.0,5560.0,5650.0,10071,0.0,0.0
2017-02-01 00:00:00+09:00,5690.0,5730.0,5580.0,5700.0,15436,0.0,0.0
2017-02-02 00:00:00+09:00,5640.0,5750.0,5630.0,5720.0,17842,0.0,0.0
2017-02-03 00:00:00+09:00,5750.0,5750.0,5610.0,5650.0,23379,0.0,0.0
2017-02-06 00:00:00+09:00,5650.0,5650.0,5550.0,5550.0,22175,0.0,0.0
2017-02-07 00:00:00+09:00,5640.0,5640.0,5490.0,5540.0,9645,0.0,0.0
2017-02-08 00:00:00+09:00,5540.0,5660.0,5480.0,5520.0,11627,0.0,0.0
2017-02-09 00:00:00+09:00,5520.0,5580.0,5490.0,5540.0,8410,0.0,0.0
2017-02-10 00:00:00+09:00,5540.0,5640.0,5450.0,5480.0,46020,0.0,0.0
2017-02-13 00:00:00+09:00,5490.0,5570.0,5430.0,5520.0,17694,0.0,0.0
2017-02-14 00:00:00+09:00,5520.0,5590.0,5490.0,5530.0,25529,0.0,0.0
2017-02-15 00:00:00+09:00,5590.0,5610.0,5500.0,5580.0,17101,0.0,0.0
2017-02-16 00:00:00+09:00,5650.0,5650.0,5520.0,5620.0,23378,0.0,0.0
2017-02-17 00:00:00+09:00,5620.0,5770.0,5550.0,5690.0,21637,0.0,0.0
2017-02-20 00:00:00+09:00,5690.0,5760.0,5640.0,5750.0,37750,0.0,0.0
2017-02-21 00:00:00+09:00,5730.0,5780.0,5640.0,5700.0,21419,0.0,0.0
2017-02-22 00:00:00+09:00,5740.0,5740.0,5640.0,5670.0,19557,0.0,0.0
2017-02-23 00:00:00+09:00,5670.0,5700.0,5520.0,5570.0,43586,0.0,0.0
2017-02-24 00:00:00+09:00,5570.0,5600.0,5470.0,5560.0,27302,0.0,0.0
2017-02-27 00:00:00+09:00,5560.0,5630.0,5480.0,5630.0,20720,0.0,0.0
2017-02-28 00:00:00+09:00,5550.0,5670.0,5550.0,5620.0,9746,0.0,0.0
2017-03-02 00:00:00+09:00,5670.0,5670.0,5570.0,5580.0,18609,0.0,0.0
2017-03-03 00:00:00+09:00,5580.0,5640.0,5490.0,5550.0,14629,0.0,0.0
2017-03-06 00:00:00+09:00,5550.0,5600.0,5460.0,5550.0,11065,0.0,0.0
2017-03-07 00:00:00+09:00,5550.0,5630.0,5520.0,5590.0,25407,0.0,0.0
2017-03-08 00:00:00+09:00,5590.0,5630.0,5530.0,5580.0,7577,0.0,0.0
2017-03-09 00:00:00+09:00,5600.0,5630.0,5510.0,5580.0,12307,0.0,0.0
2017-03-10 00:00:00+09:00,5580.0,5630.0,5440.0,5550.0,20234,0.0,0.0
2017-03-13 00:00:00+09:00,5540.0,5650.0,5540.0,5630.0,19503,0.0,0.0
2017-03-14 00:00:00+09:00,5680.0,5680.0,5550.0,5590.0,12470,0.0,0.0
2017-03-15 00:00:00+09:00,5650.0,5650.0,5500.0,5570.0,33236,0.0,0.0
2017-03-16 00:00:00+09:00,5570.0,5580.0,5510.0,5570.0,17592,0.0,0.0
2017-03-17 00:00:00+09:00,5570.0,5600.0,5510.0,5550.0,12297,0.0,0.0
2017-03-20 00:00:00+09:00,5550.0,5580.0,5520.0,5520.0,4351,0.0,0.0
2017-03-21 00:00:00+09:00,5500.0,5570.0,5490.0,5490.0,12255,0.0,0.0
2017-03-22 00:00:00+09:00,5500.0,5550.0,5480.0,5540.0,12263,0.0,0.0
2017-03-23 00:00:00+09:00,5540.0,5590.0,5380.0,5410.0,31614,0.0,0.0
2017-03-24 00:00:00+09:00,5450.0,5450.0,5310.0,5420.0,21019,0.0,0.0
2017-03-27 00:00:00+09:00,5420.0,5420.0,5310.0,5360.0,10049,0.0,0.0
2017-03-28 00:00:00+09:00,5350.0,5420.0,5330.0,5400.0,7250,0.0,0.0
2017-03-29 00:00:00+09:00,5400.0,5420.0,5340.0,5390.0,13166,0.0,0.0
2017-03-30 00:00:00+09:00,5450.0,5450.0,5340.0,5390.0,2908,0.0,0.0
2017-03-31 00:00:00+09:00,5400.0,5430.0,5360.0,5380.0,7927,0.0,0.0
2017-04-03 00:00:00+09:00,5380.0,5450.0,5370.0,5380.0,6378,0.0,0.0
2017-04-04 00:00:00+09:00,5380.0,5480.0,5300.0,5390.0,35452,0.0,0.0
2017-04-05 00:00:00+09:00,5440.0,5440.0,5330.0,5390.0,25387,0.0,0.0
2017-04-06 00:00:00+09:00,5440.0,5450.0,5340.0,5410.0,34359,0.0,0.0
2017-04-07 00:00:00+09:00,5440.0,5460.0,5390.0,5450.0,16298,0.0,0.0
2017-04-10 00:00:00+09:00,5450.0,5450.0,5340.0,5350.0,16465,0.0,0.0
2017-04-11 00:00:00+09:00,5350.0,5400.0,5290.0,5350.0,25671,0.0,0.0
2017-04-12 00:00:00+09:00,5350.0,5390.0,5330.0,5350.0,12856,0.0,0.0
2017-04-13 00:00:00+09:00,5350.0,5420.0,5340.0,5370.0,5840,0.0,0.0
2017-04-14 00:00:00+09:00,5370.0,5400.0,5300.0,5360.0,6272,0.0,0.0
2017-04-17 00:00:00+09:00,5380.0,5400.0,5290.0,5400.0,20236,0.0,0.0
2017-04-18 00:00:00+09:00,5380.0,5450.0,5380.0,5400.0,4177,0.0,0.0
2017-04-19 00:00:00+09:00,5410.0,5420.0,5360.0,5420.0,3852,0.0,0.0
2017-04-20 00:00:00+09:00,5420.0,5460.0,5400.0,5450.0,11340,0.0,0.0
2017-04-21 00:00:00+09:00,5470.0,5490.0,5400.0,5460.0,12617,0.0,0.0
2017-04-24 00:00:00+09:00,5460.0,5480.0,5430.0,5450.0,16760,0.0,0.0
2017-04-25 00:00:00+09:00,5420.0,5490.0,5400.0,5440.0,24088,0.0,0.0
2017-04-26 00:00:00+09:00,5420.0,5490.0,5420.0,5460.0,18586,0.0,0.0
2017-04-27 00:00:00+09:00,5460.0,5490.0,5400.0,5440.0,16607,0.0,0.0
2017-04-28 00:00:00+09:00,5440.0,5440.0,5400.0,5430.0,8647,0.0,0.0
2017-05-02 00:00:00+09:00,5430.0,5440.0,5390.0,5410.0,9959,0.0,0.0
2017-05-04 00:00:00+09:00,5410.0,5460.0,5400.0,5440.0,4158,0.0,0.0
2017-05-08 00:00:00+09:00,5420.0,5480.0,5410.0,5460.0,13478,0.0,0.0
2017-05-10 00:00:00+09:00,5470.0,5470.0,5400.0,5450.0,9793,0.0,0.0
2017-05-11 00:00:00+09:00,5450.0,5500.0,5410.0,5470.0,7773,0.0,0.0
2017-05-12 00:00:00+09:00,5490.0,5490.0,5390.0,5440.0,17499,0.0,0.0
2017-05-15 00:00:00+09:00,5460.0,5460.0,5340.0,5420.0,17164,0.0,0.0
2017-05-16 00:00:00+09:00,5360.0,5410.0,5290.0,5370.0,32590,0.0,0.0
2017-05-17 00:00:00+09:00,5370.0,5390.0,5290.0,5360.0,13883,0.0,0.0
2017-05-18 00:00:00+09:00,5350.0,5350.0,5260.0,5350.0,13036,0.0,0.0
2017-05-19 00:00:00+09:00,5350.0,5360.0,5290.0,5330.0,14320,0.0,0.0
2017-05-22 00:00:00+09:00,5330.0,5350.0,5290.0,5330.0,27193,0.0,0.0
2017-05-23 00:00:00+09:00,5340.0,5350.0,5310.0,5350.0,10754,0.0,0.0
2017-05-24 00:00:00+09:00,5350.0,5350.0,5310.0,5340.0,12688,0.0,0.0
2017-05-25 00:00:00+09:00,5380.0,5430.0,5330.0,5390.0,15941,0.0,0.0
2017-05-26 00:00:00+09:00,5400.0,5460.0,5360.0,5410.0,9483,0.0,0.0
2017-05-29 00:00:00+09:00,5410.0,5470.0,5350.0,5400.0,20247,0.0,0.0
2017-05-30 00:00:00+09:00,5390.0,5430.0,5370.0,5420.0,10838,0.0,0.0
2017-05-31 00:00:00+09:00,5420.0,5460.0,5380.0,5430.0,7085,0.0,0.0
2017-06-01 00:00:00+09:00,5400.0,5450.0,5370.0,5420.0,8698,0.0,0.0
2017-06-02 00:00:00+09:00,5420.0,5460.0,5410.0,5460.0,13735,0.0,0.0
2017-06-05 00:00:00+09:00,5480.0,5480.0,5380.0,5380.0,20290,0.0,0.0
2017-06-07 00:00:00+09:00,5330.0,5430.0,5330.0,5390.0,40819,0.0,0.0
2017-06-08 00:00:00+09:00,5360.0,5450.0,5360.0,5400.0,9957,0.0,0.0
2017-06-09 00:00:00+09:00,5400.0,5450.0,5340.0,5400.0,17118,0.0,0.0
2017-06-12 00:00:00+09:00,5400.0,5400.0,5340.0,5380.0,11260,0.0,0.0
2017-06-13 00:00:00+09:00,5370.0,5430.0,5350.0,5410.0,14160,0.0,0.0
2017-06-14 00:00:00+09:00,5400.0,5450.0,5400.0,5430.0,26095,0.0,0.0
2017-06-15 00:00:00+09:00,5430.0,5470.0,5410.0,5460.0,23661,0.0,0.0
2017-06-16 00:00:00+09:00,5460.0,5590.0,5450.0,5560.0,41062,0.0,0.0
2017-06-19 00:00:00+09:00,5560.0,5630.0,5500.0,5630.0,29261,0.0,0.0
2017-06-20 00:00:00+09:00,5630.0,5630.0,5530.0,5550.0,19074,0.0,0.0
2017-06-21 00:00:00+09:00,5550.0,5570.0,5470.0,5500.0,15988,0.0,0.0
2017-06-22 00:00:00+09:00,5500.0,5580.0,5440.0,5490.0,17725,0.0,0.0
2017-06-23 00:00:00+09:00,5490.0,5500.0,5430.0,5500.0,13597,0.0,0.0
2017-06-26 00:00:00+09:00,5500.0,6040.0,5500.0,5750.0,321001,0.0,0.0
2017-06-27 00:00:00+09:00,5730.0,7180.0,5630.0,6110.0,2571072,0.0,0.0
2017-06-28 00:00:00+09:00,6130.0,6690.0,6000.0,6290.0,1264642,0.0,0.0
2017-06-29 00:00:00+09:00,6280.0,6320.0,6100.0,6290.0,299558,0.0,0.0
2017-06-30 00:00:00+09:00,6220.0,6470.0,6150.0,6350.0,230680,0.0,0.0
2017-07-03 00:00:00+09:00,6350.0,6440.0,5960.0,6040.0,380676,0.0,0.0
2017-07-04 00:00:00+09:00,6050.0,6270.0,5900.0,6020.0,317997,0.0,0.0
2017-07-05 00:00:00+09:00,6020.0,6750.0,5950.0,6220.0,645281,0.0,0.0
2017-07-06 00:00:00+09:00,6150.0,6230.0,6050.0,6080.0,158977,0.0,0.0
2017-07-07 00:00:00+09:00,6020.0,6100.0,5980.0,6050.0,94233,0.0,0.0
2017-07-10 00:00:00+09:00,6140.0,6150.0,5890.0,5960.0,91787,0.0,0.0
2017-07-11 00:00:00+09:00,5960.0,6000.0,5900.0,5960.0,66178,0.0,0.0
2017-07-12 00:00:00+09:00,5960.0,6420.0,5910.0,6000.0,356952,0.0,0.0
2017-07-13 00:00:00+09:00,6050.0,6210.0,5970.0,6040.0,100075,0.0,0.0
2017-07-14 00:00:00+09:00,6040.0,6100.0,5880.0,5940.0,70537,0.0,0.0
2017-07-17 00:00:00+09:00,6000.0,6000.0,5740.0,5790.0,71423,0.0,0.0
2017-07-18 00:00:00+09:00,5850.0,5850.0,5720.0,5790.0,60967,0.0,0.0
2017-07-19 00:00:00+09:00,5830.0,5870.0,5740.0,5770.0,44644,0.0,0.0
2017-07-20 00:00:00+09:00,5720.0,5840.0,5720.0,5800.0,57177,0.0,0.0
2017-07-21 00:00:00+09:00,5800.0,5930.0,5800.0,5910.0,47379,0.0,0.0
2017-07-24 00:00:00+09:00,5930.0,5950.0,5810.0,5880.0,42787,0.0,0.0
2017-07-25 00:00:00+09:00,5830.0,5940.0,5780.0,5920.0,57870,0.0,0.0
2017-07-26 00:00:00+09:00,5920.0,5970.0,5880.0,5910.0,58086,0.0,0.0
2017-07-27 00:00:00+09:00,5930.0,5980.0,5810.0,5830.0,42526,0.0,0.0
2017-07-28 00:00:00+09:00,5770.0,5820.0,5690.0,5750.0,30583,0.0,0.0
2017-07-31 00:00:00+09:00,5680.0,5730.0,5560.0,5600.0,35540,0.0,0.0
2017-08-01 00:00:00+09:00,5600.0,5800.0,5560.0,5730.0,31940,0.0,0.0
2017-08-02 00:00:00+09:00,5820.0,5870.0,5760.0,5780.0,18659,0.0,0.0
2017-08-03 00:00:00+09:00,5720.0,5780.0,5650.0,5720.0,16293,0.0,0.0
2017-08-04 00:00:00+09:00,5720.0,5830.0,5610.0,5760.0,35066,0.0,0.0
2017-08-07 00:00:00+09:00,5820.0,5820.0,5700.0,5780.0,14504,0.0,0.0
2017-08-08 00:00:00+09:00,5710.0,5840.0,5680.0,5800.0,21255,0.0,0.0
2017-08-09 00:00:00+09:00,5790.0,5830.0,5680.0,5790.0,19519,0.0,0.0
2017-08-10 00:00:00+09:00,5690.0,5770.0,5600.0,5660.0,26177,0.0,0.0
2017-08-11 00:00:00+09:00,5660.0,5660.0,5460.0,5500.0,31458,0.0,0.0
2017-08-14 00:00:00+09:00,5500.0,5590.0,5420.0,5500.0,24882,0.0,0.0
2017-08-16 00:00:00+09:00,5420.0,5590.0,5420.0,5500.0,18563,0.0,0.0
2017-08-17 00:00:00+09:00,5560.0,5560.0,5440.0,5500.0,14430,0.0,0.0
2017-08-18 00:00:00+09:00,5540.0,5620.0,5450.0,5600.0,17820,0.0,0.0
2017-08-21 00:00:00+09:00,5620.0,5650.0,5570.0,5610.0,9224,0.0,0.0
2017-08-22 00:00:00+09:00,5640.0,5660.0,5360.0,5490.0,55623,0.0,0.0
2017-08-23 00:00:00+09:00,5580.0,5590.0,5490.0,5530.0,15213,0.0,0.0
2017-08-24 00:00:00+09:00,5530.0,5560.0,5480.0,5480.0,14302,0.0,0.0
2017-08-25 00:00:00+09:00,5480.0,5590.0,5480.0,5520.0,8464,0.0,0.0
2017-08-28 00:00:00+09:00,5520.0,5570.0,5490.0,5570.0,26625,0.0,0.0
2017-08-29 00:00:00+09:00,5520.0,5580.0,5450.0,5530.0,19814,0.0,0.0
2017-08-30 00:00:00+09:00,5530.0,5690.0,5520.0,5610.0,29174,0.0,0.0
2017-08-31 00:00:00+09:00,5610.0,5670.0,5560.0,5640.0,18413,0.0,0.0
2017-09-01 00:00:00+09:00,5640.0,5750.0,5640.0,5700.0,41175,0.0,0.0
2017-09-04 00:00:00+09:00,5500.0,5630.0,5500.0,5530.0,25025,0.0,0.0
2017-09-05 00:00:00+09:00,5540.0,5590.0,5510.0,5540.0,13770,0.0,0.0
2017-09-06 00:00:00+09:00,5500.0,5590.0,5460.0,5500.0,21701,0.0,0.0
2017-09-07 00:00:00+09:00,5450.0,5560.0,5450.0,5530.0,9504,0.0,0.0
2017-09-08 00:00:00+09:00,5530.0,5580.0,5450.0,5490.0,13219,0.0,0.0
2017-09-11 00:00:00+09:00,5490.0,5540.0,5370.0,5410.0,16862,0.0,0.0
2017-09-12 00:00:00+09:00,5410.0,5470.0,5380.0,5400.0,22280,0.0,0.0
2017-09-13 00:00:00+09:00,5400.0,5580.0,5380.0,5490.0,51217,0.0,0.0
2017-09-14 00:00:00+09:00,5540.0,5540.0,5380.0,5430.0,25217,0.0,0.0
2017-09-15 00:00:00+09:00,5430.0,5490.0,5260.0,5340.0,55097,0.0,0.0
2017-09-18 00:00:00+09:00,5290.0,5380.0,5290.0,5350.0,11237,0.0,0.0
2017-09-19 00:00:00+09:00,5310.0,5370.0,5300.0,5310.0,15842,0.0,0.0
2017-09-20 00:00:00+09:00,5300.0,5360.0,5240.0,5290.0,21410,0.0,0.0
2017-09-21 00:00:00+09:00,5250.0,5360.0,5130.0,5190.0,42068,0.0,0.0
2017-09-25 00:00:00+09:00,4960.0,5050.0,4855.0,4970.0,24887,0.0,0.0
2017-09-26 00:00:00+09:00,4965.0,4985.0,4900.0,4945.0,12928,0.0,0.0
2017-09-27 00:00:00+09:00,4935.0,4995.0,4925.0,4955.0,6953,0.0,0.0
2017-09-28 00:00:00+09:00,4955.0,4965.0,4900.0,4920.0,9200,0.0,0.0
2017-09-29 00:00:00+09:00,4920.0,5000.0,4895.0,4935.0,5551,0.0,0.0
2017-10-10 00:00:00+09:00,4935.0,5040.0,4925.0,4940.0,7908,0.0,0.0
2017-10-11 00:00:00+09:00,4910.0,5050.0,4910.0,4980.0,4715,0.0,0.0
2017-10-12 00:00:00+09:00,4980.0,5060.0,4930.0,4995.0,13584,0.0,0.0
2017-10-13 00:00:00+09:00,4925.0,5040.0,4925.0,4985.0,11019,0.0,0.0
2017-10-16 00:00:00+09:00,4985.0,5010.0,4900.0,4995.0,8340,0.0,0.0
2017-10-17 00:00:00+09:00,4995.0,4995.0,4905.0,4970.0,14250,0.0,0.0
2017-10-18 00:00:00+09:00,4965.0,4965.0,4885.0,4910.0,13000,0.0,0.0
2017-10-19 00:00:00+09:00,4910.0,4945.0,4855.0,4920.0,10225,0.0,0.0
2017-10-20 00:00:00+09:00,4900.0,4960.0,4900.0,4915.0,8757,0.0,0.0
2017-10-23 00:00:00+09:00,4950.0,4965.0,4880.0,4940.0,5106,0.0,0.0
2017-10-24 00:00:00+09:00,4940.0,4980.0,4825.0,4940.0,9841,0.0,0.0
2017-10-25 00:00:00+09:00,4905.0,4950.0,4880.0,4925.0,6854,0.0,0.0
2017-10-26 00:00:00+09:00,4925.0,4940.0,4865.0,4880.0,7688,0.0,0.0
2017-10-27 00:00:00+09:00,4890.0,4970.0,4880.0,4930.0,3425,0.0,0.0
2017-10-30 00:00:00+09:00,5000.0,5000.0,4900.0,4950.0,7047,0.0,0.0
2017-10-31 00:00:00+09:00,4970.0,4970.0,4910.0,4955.0,18606,0.0,0.0
2017-11-01 00:00:00+09:00,4960.0,5020.0,4935.0,5010.0,19962,0.0,0.0
2017-11-02 00:00:00+09:00,5010.0,5110.0,4960.0,5000.0,6854,0.0,0.0
2017-11-03 00:00:00+09:00,4935.0,5080.0,4935.0,5080.0,18402,0.0,0.0
2017-11-06 00:00:00+09:00,5080.0,5120.0,4965.0,5080.0,20633,0.0,0.0
2017-11-07 00:00:00+09:00,5180.0,5180.0,5020.0,5160.0,19174,0.0,0.0
2017-11-08 00:00:00+09:00,5100.0,5110.0,4995.0,5060.0,21164,0.0,0.0
2017-11-09 00:00:00+09:00,5060.0,5220.0,5000.0,5060.0,20654,0.0,0.0
2017-11-10 00:00:00+09:00,5060.0,5220.0,5060.0,5160.0,16315,0.0,0.0
2017-11-13 00:00:00+09:00,5100.0,5180.0,5030.0,5140.0,6550,0.0,0.0
2017-11-14 00:00:00+09:00,5180.0,5180.0,5070.0,5140.0,9540,0.0,0.0
2017-11-15 00:00:00+09:00,5100.0,5180.0,5040.0,5040.0,14137,0.0,0.0
2017-11-16 00:00:00+09:00,5040.0,5170.0,5000.0,5160.0,25290,0.0,0.0
2017-11-17 00:00:00+09:00,5200.0,5200.0,5100.0,5110.0,8030,0.0,0.0
2017-11-20 00:00:00+09:00,5110.0,5150.0,5060.0,5140.0,10068,0.0,0.0
2017-11-21 00:00:00+09:00,5190.0,5190.0,5000.0,5000.0,26326,0.0,0.0
2017-11-22 00:00:00+09:00,5050.0,5050.0,4990.0,5020.0,18293,0.0,0.0
2017-11-23 00:00:00+09:00,5000.0,5060.0,4995.0,5050.0,9473,0.0,0.0
2017-11-24 00:00:00+09:00,5050.0,5080.0,5000.0,5040.0,19055,0.0,0.0
2017-11-27 00:00:00+09:00,5000.0,5070.0,5000.0,5010.0,6406,0.0,0.0
2017-11-28 00:00:00+09:00,5050.0,5100.0,4975.0,4975.0,11854,0.0,0.0
2017-11-29 00:00:00+09:00,5030.0,5030.0,4950.0,5000.0,17459,0.0,0.0
2017-11-30 00:00:00+09:00,5050.0,5050.0,4980.0,4980.0,3308,0.0,0.0
2017-12-01 00:00:00+09:00,5030.0,5030.0,4950.0,4975.0,8946,0.0,0.0
2017-12-04 00:00:00+09:00,4975.0,4990.0,4900.0,4970.0,10863,0.0,0.0
2017-12-05 00:00:00+09:00,5000.0,5020.0,4920.0,4945.0,17048,0.0,0.0
2017-12-06 00:00:00+09:00,4990.0,4995.0,4900.0,4930.0,9873,0.0,0.0
2017-12-07 00:00:00+09:00,4930.0,4980.0,4880.0,4940.0,19013,0.0,0.0
2017-12-08 00:00:00+09:00,4940.0,4950.0,4895.0,4925.0,11114,0.0,0.0
2017-12-11 00:00:00+09:00,5070.0,5070.0,4875.0,4945.0,14885,0.0,0.0
2017-12-12 00:00:00+09:00,4885.0,4950.0,4885.0,4940.0,2887,0.0,0.0
2017-12-13 00:00:00+09:00,4985.0,4985.0,4905.0,4970.0,9470,0.0,0.0
2017-12-14 00:00:00+09:00,5000.0,5000.0,4920.0,4935.0,4734,0.0,0.0
2017-12-15 00:00:00+09:00,4905.0,4980.0,4905.0,4950.0,6619,0.0,0.0
2017-12-18 00:00:00+09:00,5000.0,5000.0,4910.0,4910.0,7359,0.0,0.0
2017-12-19 00:00:00+09:00,4975.0,4990.0,4870.0,4885.0,22591,0.0,0.0
2017-12-21 00:00:00+09:00,4900.0,4925.0,4785.0,4850.0,26357,0.0,0.0
2017-12-22 00:00:00+09:00,4880.0,4880.0,4650.0,4820.0,13987,0.0,0.0
2017-12-26 00:00:00+09:00,4820.0,4845.0,4705.0,4750.0,7053,0.0,0.0
2017-12-27 00:00:00+09:00,4750.0,4790.0,4685.0,4785.0,10976,0.0,0.0
2017-12-28 00:00:00+09:00,4800.0,4830.0,4770.0,4810.0,4695,0.0,0.0
2018-01-02 00:00:00+09:00,4805.0,4810.0,4755.0,4770.0,8192,0.0,0.0
2018-01-03 00:00:00+09:00,4725.0,4815.0,4725.0,4760.0,7054,0.0,0.0
2018-01-04 00:00:00+09:00,4760.0,4865.0,4760.0,4840.0,10239,0.0,0.0
2018-01-05 00:00:00+09:00,4875.0,4920.0,4795.0,4910.0,12613,0.0,0.0
2018-01-08 00:00:00+09:00,4870.0,4960.0,4870.0,4925.0,22941,0.0,0.0
2018-01-09 00:00:00+09:00,4875.0,5170.0,4875.0,5010.0,73205,0.0,0.0
2018-01-10 00:00:00+09:00,5010.0,5260.0,5000.0,5260.0,63628,0.0,0.0
2018-01-11 00:00:00+09:00,5200.0,5250.0,5090.0,5150.0,29152,0.0,0.0
2018-01-12 00:00:00+09:00,5060.0,5170.0,5050.0,5060.0,7991,0.0,0.0
2018-01-15 00:00:00+09:00,5060.0,5100.0,4995.0,4995.0,20395,0.0,0.0
2018-01-16 00:00:00+09:00,5000.0,5030.0,4985.0,5000.0,20501,0.0,0.0
2018-01-17 00:00:00+09:00,5000.0,5090.0,5000.0,5010.0,9349,0.0,0.0
2018-01-18 00:00:00+09:00,5010.0,5090.0,5010.0,5040.0,5467,0.0,0.0
2018-01-19 00:00:00+09:00,5040.0,5160.0,5040.0,5160.0,9993,0.0,0.0
2018-01-22 00:00:00+09:00,5150.0,5160.0,5010.0,5030.0,21576,0.0,0.0
2018-01-23 00:00:00+09:00,5030.0,5160.0,5000.0,5100.0,16548,0.0,0.0
2018-01-24 00:00:00+09:00,5100.0,5160.0,5090.0,5140.0,19156,0.0,0.0
2018-01-25 00:00:00+09:00,5140.0,5320.0,5140.0,5270.0,27414,0.0,0.0
2018-01-26 00:00:00+09:00,5220.0,5520.0,5220.0,5500.0,164976,0.0,0.0
2018-01-29 00:00:00+09:00,5500.0,5880.0,5500.0,5690.0,175974,0.0,0.0
2018-01-30 00:00:00+09:00,5850.0,5850.0,5510.0,5660.0,171496,0.0,0.0
2018-01-31 00:00:00+09:00,5580.0,5730.0,5520.0,5650.0,72536,0.0,0.0
2018-02-01 00:00:00+09:00,5610.0,5740.0,5600.0,5620.0,35769,0.0,0.0
2018-02-02 00:00:00+09:00,5580.0,5650.0,5480.0,5500.0,40054,0.0,0.0
2018-02-05 00:00:00+09:00,5450.0,5480.0,5280.0,5370.0,35882,0.0,0.0
2018-02-07 00:00:00+09:00,5350.0,5400.0,5150.0,5150.0,57943,0.0,0.0
2018-02-08 00:00:00+09:00,5150.0,5240.0,5060.0,5200.0,20272,0.0,0.0
2018-02-09 00:00:00+09:00,5090.0,5170.0,5050.0,5160.0,26904,0.0,0.0
2018-02-12 00:00:00+09:00,5160.0,5230.0,5120.0,5140.0,13466,0.0,0.0
2018-02-13 00:00:00+09:00,5140.0,5200.0,5130.0,5160.0,9288,0.0,0.0
2018-02-14 00:00:00+09:00,5160.0,5180.0,5110.0,5180.0,6949,0.0,0.0
2018-02-19 00:00:00+09:00,5240.0,5320.0,5150.0,5280.0,15951,0.0,0.0
2018-02-20 00:00:00+09:00,5300.0,5520.0,5280.0,5500.0,54275,0.0,0.0
2018-02-21 00:00:00+09:00,5520.0,5580.0,5410.0,5570.0,48570,0.0,0.0
2018-02-22 00:00:00+09:00,5570.0,7240.0,5450.0,7000.0,4003552,0.0,0.0
2018-02-23 00:00:00+09:00,6820.0,6860.0,6520.0,6520.0,1223412,0.0,0.0
2018-02-26 00:00:00+09:00,6530.0,6660.0,6440.0,6640.0,449108,0.0,0.0
2018-02-27 00:00:00+09:00,6480.0,6490.0,6170.0,6170.0,585852,0.0,0.0
2018-02-28 00:00:00+09:00,6170.0,6300.0,6100.0,6170.0,177866,0.0,0.0
2018-03-07 00:00:00+09:00,6000.0,6170.0,5960.0,6130.0,105820,0.0,0.0
2018-03-08 00:00:00+09:00,6110.0,6410.0,6080.0,6350.0,231681,0.0,0.0
2018-03-09 00:00:00+09:00,6500.0,6640.0,6220.0,6330.0,455982,0.0,0.0
2018-03-12 00:00:00+09:00,6490.0,6510.0,6300.0,6460.0,252362,0.0,0.0
2018-03-13 00:00:00+09:00,6650.0,8180.0,6580.0,7340.0,8707617,0.0,0.0
2018-03-14 00:00:00+09:00,7210.0,7230.0,6920.0,7100.0,947437,0.0,0.0
2018-03-15 00:00:00+09:00,7130.0,7340.0,6670.0,6770.0,1317006,0.0,0.0
2018-03-16 00:00:00+09:00,6730.0,7150.0,6670.0,7000.0,762081,0.0,0.0
2018-03-19 00:00:00+09:00,7150.0,8410.0,7080.0,7600.0,5517363,0.0,0.0
2018-03-20 00:00:00+09:00,7490.0,7530.0,7230.0,7270.0,477123,0.0,0.0
2018-03-21 00:00:00+09:00,7270.0,7630.0,7270.0,7300.0,509453,0.0,0.0
2018-03-22 00:00:00+09:00,7340.0,7630.0,7020.0,7040.0,294500,0.0,0.0
2018-03-23 00:00:00+09:00,6900.0,7490.0,6650.0,6740.0,452930,0.0,0.0
2018-03-26 00:00:00+09:00,6700.0,6910.0,6530.0,6790.0,167892,0.0,0.0
2018-03-27 00:00:00+09:00,6910.0,7010.0,6630.0,6890.0,168821,0.0,0.0
2018-03-28 00:00:00+09:00,6760.0,7170.0,6700.0,7050.0,278639,0.0,0.0
2018-03-29 00:00:00+09:00,7000.0,7040.0,6910.0,7030.0,111130,0.0,0.0
2018-03-30 00:00:00+09:00,7090.0,7340.0,6880.0,7220.0,315431,0.0,0.0
2018-04-02 00:00:00+09:00,7250.0,7280.0,6900.0,7010.0,193662,0.0,0.0
2018-04-03 00:00:00+09:00,6900.0,7500.0,6880.0,7320.0,480828,0.0,0.0
2018-04-04 00:00:00+09:00,7390.0,7980.0,7050.0,7050.0,1349115,0.0,0.0
2018-04-05 00:00:00+09:00,7220.0,7310.0,6780.0,6850.0,293917,0.0,0.0
2018-04-06 00:00:00+09:00,6910.0,6960.0,6430.0,6500.0,272709,0.0,0.0
2018-04-09 00:00:00+09:00,6440.0,6570.0,6260.0,6440.0,217886,0.0,0.0
2018-04-10 00:00:00+09:00,6440.0,6510.0,6140.0,6400.0,132374,0.0,0.0
2018-04-11 00:00:00+09:00,6420.0,6600.0,6260.0,6540.0,102945,0.0,0.0
2018-04-12 00:00:00+09:00,6600.0,6780.0,6480.0,6700.0,182195,0.0,0.0
2018-04-13 00:00:00+09:00,6760.0,6880.0,6700.0,6830.0,169876,0.0,0.0
2018-04-16 00:00:00+09:00,6820.0,6830.0,6660.0,6760.0,71501,0.0,0.0
2018-04-17 00:00:00+09:00,6770.0,6860.0,6660.0,6860.0,84289,0.0,0.0
2018-04-18 00:00:00+09:00,6860.0,7140.0,6800.0,7060.0,225152,0.0,0.0
2018-04-19 00:00:00+09:00,7230.0,7820.0,7100.0,7180.0,1027296,0.0,0.0
2018-04-20 00:00:00+09:00,7380.0,7480.0,7100.0,7310.0,226800,0.0,0.0
2018-04-23 00:00:00+09:00,7530.0,7740.0,7300.0,7360.0,485573,0.0,0.0
2018-04-24 00:00:00+09:00,7360.0,7550.0,6970.0,7110.0,219991,0.0,0.0
2018-04-25 00:00:00+09:00,7100.0,7250.0,6970.0,7100.0,131465,0.0,0.0
2018-04-26 00:00:00+09:00,7040.0,7180.0,6940.0,6950.0,82836,0.0,0.0
2018-04-27 00:00:00+09:00,7050.0,7750.0,6910.0,7480.0,502074,0.0,0.0
2018-04-30 00:00:00+09:00,7800.0,8740.0,7600.0,8100.0,1573624,0.0,0.0
2018-05-02 00:00:00+09:00,8200.0,8210.0,7670.0,8010.0,455180,0.0,0.0
2018-05-03 00:00:00+09:00,7900.0,7910.0,7570.0,7600.0,210769,0.0,0.0
2018-05-04 00:00:00+09:00,7600.0,7890.0,7600.0,7750.0,102420,0.0,0.0
2018-05-08 00:00:00+09:00,7700.0,7700.0,7150.0,7400.0,167822,0.0,0.0
2018-05-09 00:00:00+09:00,7290.0,7550.0,6960.0,7180.0,194143,0.0,0.0
2018-05-10 00:00:00+09:00,7350.0,7520.0,7230.0,7380.0,135785,0.0,0.0
2018-05-11 00:00:00+09:00,7400.0,7780.0,7220.0,7750.0,201353,0.0,0.0
2018-05-14 00:00:00+09:00,7740.0,8080.0,7660.0,8080.0,227911,0.0,0.0
2018-05-15 00:00:00+09:00,8120.0,8370.0,7900.0,8000.0,284933,0.0,0.0
2018-05-16 00:00:00+09:00,7450.0,7790.0,7300.0,7370.0,218345,0.0,0.0
2018-05-17 00:00:00+09:00,7300.0,7620.0,7300.0,7310.0,89562,0.0,0.0
2018-05-18 00:00:00+09:00,7320.0,9070.0,7320.0,8300.0,1226633,0.0,0.0
2018-05-21 00:00:00+09:00,8030.0,8120.0,7810.0,8030.0,355554,0.0,0.0
2018-05-23 00:00:00+09:00,7930.0,7990.0,7620.0,7770.0,210861,0.0,0.0
2018-05-24 00:00:00+09:00,7790.0,7890.0,7290.0,7410.0,186177,0.0,0.0
2018-05-25 00:00:00+09:00,6650.0,6890.0,6530.0,6550.0,310322,0.0,0.0
2018-05-28 00:00:00+09:00,7250.0,7870.0,7180.0,7650.0,390363,0.0,0.0
2018-05-29 00:00:00+09:00,7700.0,7740.0,7320.0,7530.0,154662,0.0,0.0
2018-05-30 00:00:00+09:00,7600.0,7680.0,7280.0,7530.0,142336,0.0,0.0
2018-05-31 00:00:00+09:00,7550.0,8000.0,7470.0,7730.0,240159,0.0,0.0
2018-06-01 00:00:00+09:00,8190.0,9790.0,7750.0,8860.0,3682785,0.0,0.0
2018-06-04 00:00:00+09:00,8950.0,10250.0,8800.0,9520.0,1785782,0.0,0.0
2018-06-05 00:00:00+09:00,9420.0,9570.0,8930.0,9500.0,554684,0.0,0.0
2018-06-07 00:00:00+09:00,10400.0,12350.0,10350.0,12350.0,5871759,0.0,0.0
2018-06-08 00:00:00+09:00,12100.0,12300.0,10800.0,11250.0,2148232,0.0,0.0
2018-06-11 00:00:00+09:00,10950.0,11450.0,10450.0,11250.0,1068584,0.0,0.0
2018-06-12 00:00:00+09:00,11150.0,12100.0,10600.0,11600.0,1804081,0.0,0.0
2018-06-14 00:00:00+09:00,11250.0,13200.0,11050.0,11850.0,2882256,0.0,0.0
2018-06-15 00:00:00+09:00,12050.0,14350.0,12050.0,13850.0,4427057,0.0,0.0
2018-06-18 00:00:00+09:00,14800.0,15450.0,13000.0,13500.0,3219966,0.0,0.0
2018-06-19 00:00:00+09:00,13700.0,13950.0,12100.0,12950.0,1564180,0.0,0.0
2018-06-20 00:00:00+09:00,12700.0,13950.0,12550.0,13500.0,2901580,0.0,0.0
2018-06-21 00:00:00+09:00,13500.0,13650.0,12100.0,12250.0,1146701,0.0,0.0
2018-06-22 00:00:00+09:00,11950.0,12150.0,10500.0,11300.0,2235532,0.0,0.0
2018-06-25 00:00:00+09:00,10800.0,11100.0,9800.0,9800.0,1316947,0.0,0.0
2018-06-26 00:00:00+09:00,9600.0,10150.0,9080.0,9210.0,978913,0.0,0.0
2018-06-27 00:00:00+09:00,9340.0,9440.0,8640.0,8880.0,815344,0.0,0.0
2018-06-28 00:00:00+09:00,8890.0,9340.0,8500.0,8530.0,886421,0.0,0.0
2018-06-29 00:00:00+09:00,8640.0,8920.0,8340.0,8610.0,351479,0.0,0.0
2018-07-02 00:00:00+09:00,8610.0,8610.0,7840.0,7860.0,470427,0.0,0.0
2018-07-03 00:00:00+09:00,8010.0,8250.0,7710.0,8230.0,283597,0.0,0.0
2018-07-04 00:00:00+09:00,8100.0,8580.0,7920.0,8050.0,464117,0.0,0.0
2018-07-05 00:00:00+09:00,8050.0,8050.0,7410.0,7590.0,215947,0.0,0.0
2018-07-06 00:00:00+09:00,7610.0,7890.0,7250.0,7890.0,279126,0.0,0.0
2018-07-09 00:00:00+09:00,7500.0,7570.0,6760.0,6890.0,435063,0.0,0.0
2018-07-10 00:00:00+09:00,6920.0,7260.0,6920.0,7090.0,152523,0.0,0.0
2018-07-11 00:00:00+09:00,6950.0,7410.0,6950.0,7270.0,208908,0.0,0.0
2018-07-12 00:00:00+09:00,7270.0,7540.0,7160.0,7400.0,205704,0.0,0.0
2018-07-13 00:00:00+09:00,7390.0,7750.0,7320.0,7690.0,236211,0.0,0.0
2018-07-16 00:00:00+09:00,7690.0,7750.0,7440.0,7580.0,174718,0.0,0.0
2018-07-17 00:00:00+09:00,7510.0,7650.0,7390.0,7470.0,99882,0.0,0.0
2018-07-18 00:00:00+09:00,7440.0,7500.0,7020.0,7070.0,124414,0.0,0.0
2018-07-19 00:00:00+09:00,7030.0,7190.0,6930.0,7020.0,71302,0.0,0.0
2018-07-20 00:00:00+09:00,7040.0,7140.0,6900.0,6950.0,81389,0.0,0.0
2018-07-23 00:00:00+09:00,6950.0,7000.0,6650.0,6760.0,75416,0.0,0.0
2018-07-24 00:00:00+09:00,6770.0,7390.0,6770.0,7260.0,327213,0.0,0.0
2018-07-25 00:00:00+09:00,7330.0,7460.0,7050.0,7220.0,131076,0.0,0.0
2018-07-26 00:00:00+09:00,7300.0,7740.0,7230.0,7630.0,281804,0.0,0.0
2018-07-27 00:00:00+09:00,7680.0,7890.0,7460.0,7800.0,182203,0.0,0.0
2018-07-30 00:00:00+09:00,7950.0,8150.0,7830.0,7940.0,203818,0.0,0.0
2018-07-31 00:00:00+09:00,7950.0,7980.0,7470.0,7770.0,169586,0.0,0.0
2018-08-01 00:00:00+09:00,7770.0,7840.0,7550.0,7750.0,72342,0.0,0.0
2018-08-02 00:00:00+09:00,7700.0,7820.0,7530.0,7720.0,86265,0.0,0.0
2018-08-03 00:00:00+09:00,7760.0,7760.0,7590.0,7670.0,75356,0.0,0.0
2018-08-06 00:00:00+09:00,7670.0,7780.0,7560.0,7660.0,82948,0.0,0.0
2018-08-07 00:00:00+09:00,7680.0,7760.0,7540.0,7650.0,53541,0.0,0.0
2018-08-08 00:00:00+09:00,7630.0,8100.0,7570.0,7740.0,190323,0.0,0.0
2018-08-09 00:00:00+09:00,7700.0,7800.0,7590.0,7700.0,70568,0.0,0.0
2018-08-10 00:00:00+09:00,7890.0,8000.0,7720.0,8000.0,145313,0.0,0.0
2018-08-13 00:00:00+09:00,8120.0,8400.0,7690.0,7700.0,702509,0.0,0.0
2018-08-14 00:00:00+09:00,7750.0,8040.0,7670.0,8020.0,241401,0.0,0.0
2018-08-16 00:00:00+09:00,8300.0,10200.0,8030.0,9490.0,4791099,0.0,0.0
2018-08-17 00:00:00+09:00,9260.0,9560.0,9200.0,9530.0,853602,0.0,0.0
2018-08-20 00:00:00+09:00,9560.0,9730.0,9360.0,9690.0,501134,0.0,0.0
2018-08-21 00:00:00+09:00,9690.0,9740.0,9450.0,9640.0,363507,0.0,0.0
2018-08-22 00:00:00+09:00,9610.0,9620.0,9140.0,9330.0,359723,0.0,0.0
2018-08-23 00:00:00+09:00,9340.0,10100.0,9240.0,9440.0,1319943,0.0,0.0
2018-08-24 00:00:00+09:00,9470.0,9720.0,9400.0,9700.0,345104,0.0,0.0
2018-08-27 00:00:00+09:00,8980.0,9130.0,8800.0,9020.0,524914,0.0,0.0
2018-08-28 00:00:00+09:00,9020.0,9100.0,8530.0,8550.0,285607,0.0,0.0
2018-08-29 00:00:00+09:00,8480.0,8690.0,8400.0,8530.0,113029,0.0,0.0
2018-08-30 00:00:00+09:00,8630.0,9500.0,8600.0,9170.0,831597,0.0,0.0
2018-08-31 00:00:00+09:00,9130.0,9200.0,8880.0,9160.0,198765,0.0,0.0
2018-09-03 00:00:00+09:00,9370.0,10250.0,9170.0,10050.0,1450470,0.0,0.0
2018-09-04 00:00:00+09:00,9930.0,10050.0,9600.0,9900.0,548095,0.0,0.0
2018-09-05 00:00:00+09:00,9910.0,10300.0,9670.0,9920.0,738002,0.0,0.0
2018-09-06 00:00:00+09:00,9920.0,10200.0,9540.0,9580.0,694093,0.0,0.0
2018-09-07 00:00:00+09:00,9650.0,11000.0,9620.0,10500.0,1767611,0.0,0.0
2018-09-10 00:00:00+09:00,10650.0,11600.0,10350.0,10950.0,1098617,0.0,0.0
2018-09-11 00:00:00+09:00,11300.0,11300.0,10400.0,10400.0,449063,0.0,0.0
2018-09-12 00:00:00+09:00,10950.0,13500.0,10950.0,13150.0,6192052,0.0,0.0
2018-09-13 00:00:00+09:00,12800.0,12900.0,12300.0,12750.0,1335268,0.0,0.0
2018-09-14 00:00:00+09:00,12700.0,12750.0,11950.0,12150.0,986144,0.0,0.0
2018-09-17 00:00:00+09:00,12050.0,12150.0,11550.0,11550.0,885431,0.0,0.0
2018-09-18 00:00:00+09:00,11700.0,11950.0,10850.0,10850.0,873343,0.0,0.0
2018-09-19 00:00:00+09:00,10900.0,11000.0,10000.0,10000.0,843986,0.0,0.0
2018-09-20 00:00:00+09:00,10500.0,10550.0,9460.0,9510.0,617938,0.0,0.0
2018-09-21 00:00:00+09:00,9400.0,10450.0,9400.0,10200.0,541888,0.0,0.0
2018-09-27 00:00:00+09:00,10250.0,10350.0,9670.0,9810.0,227266,0.0,0.0
2018-09-28 00:00:00+09:00,9800.0,9800.0,9320.0,9530.0,176335,0.0,0.0
2018-10-01 00:00:00+09:00,9630.0,10100.0,9480.0,9930.0,228904,0.0,0.0
2018-10-02 00:00:00+09:00,9930.0,10550.0,9890.0,10350.0,408906,0.0,0.0
2018-10-04 00:00:00+09:00,10650.0,10650.0,10050.0,10150.0,292185,0.0,0.0
2018-10-05 00:00:00+09:00,10200.0,10750.0,10200.0,10300.0,403018,0.0,0.0
2018-10-08 00:00:00+09:00,10200.0,10850.0,10050.0,10800.0,386363,0.0,0.0
2018-10-10 00:00:00+09:00,10300.0,10500.0,9190.0,9220.0,574608,0.0,0.0
2018-10-11 00:00:00+09:00,8770.0,9140.0,8370.0,8420.0,861412,0.0,0.0
2018-10-12 00:00:00+09:00,8450.0,8680.0,8400.0,8530.0,399662,0.0,0.0
2018-10-15 00:00:00+09:00,8580.0,8880.0,8200.0,8300.0,235001,0.0,0.0
2018-10-16 00:00:00+09:00,8400.0,8750.0,8350.0,8670.0,219771,0.0,0.0
2018-10-17 00:00:00+09:00,8770.0,9370.0,8680.0,9030.0,356174,0.0,0.0
2018-10-18 00:00:00+09:00,9030.0,9290.0,8900.0,9180.0,134322,0.0,0.0
2018-10-19 00:00:00+09:00,9030.0,9390.0,8950.0,9310.0,162002,0.0,0.0
2018-10-22 00:00:00+09:00,9020.0,9030.0,8550.0,8620.0,204726,0.0,0.0
2018-10-23 00:00:00+09:00,8560.0,8910.0,8400.0,8590.0,170318,0.0,0.0
2018-10-24 00:00:00+09:00,8620.0,8730.0,7900.0,8040.0,173220,0.0,0.0
2018-10-25 00:00:00+09:00,7610.0,8050.0,7560.0,7800.0,174363,0.0,0.0
2018-10-26 00:00:00+09:00,7890.0,7920.0,7120.0,7360.0,153265,0.0,0.0
2018-10-29 00:00:00+09:00,7160.0,7430.0,6380.0,6400.0,268310,0.0,0.0
2018-10-30 00:00:00+09:00,6090.0,6980.0,5910.0,6950.0,227194,0.0,0.0
2018-10-31 00:00:00+09:00,6930.0,7230.0,6810.0,7130.0,121899,0.0,0.0
2018-11-01 00:00:00+09:00,7260.0,7800.0,7260.0,7480.0,140488,0.0,0.0
2018-11-02 00:00:00+09:00,7500.0,7920.0,7500.0,7900.0,87972,0.0,0.0
2018-11-05 00:00:00+09:00,7900.0,8280.0,7670.0,8180.0,137805,0.0,0.0
2018-11-06 00:00:00+09:00,8270.0,8380.0,7990.0,8080.0,73762,0.0,0.0
2018-11-07 00:00:00+09:00,8300.0,8530.0,7520.0,7750.0,257576,0.0,0.0
2018-11-08 00:00:00+09:00,7880.0,8330.0,7850.0,8160.0,146862,0.0,0.0
2018-11-09 00:00:00+09:00,8080.0,8140.0,7830.0,8030.0,105371,0.0,0.0
2018-11-12 00:00:00+09:00,7880.0,8060.0,7780.0,7880.0,56340,0.0,0.0
2018-11-13 00:00:00+09:00,7700.0,7940.0,7530.0,7940.0,65195,0.0,0.0
2018-11-14 00:00:00+09:00,8130.0,8220.0,7900.0,7990.0,83960,0.0,0.0
2018-11-15 00:00:00+09:00,8020.0,8490.0,7940.0,8370.0,157940,0.0,0.0
2018-11-16 00:00:00+09:00,8400.0,8470.0,8300.0,8370.0,81897,0.0,0.0
2018-11-19 00:00:00+09:00,8450.0,8690.0,8380.0,8490.0,92370,0.0,0.0
2018-11-20 00:00:00+09:00,8330.0,8490.0,8290.0,8420.0,100187,0.0,0.0
2018-11-21 00:00:00+09:00,8330.0,8720.0,8280.0,8530.0,146855,0.0,0.0
2018-11-22 00:00:00+09:00,8490.0,8650.0,8290.0,8380.0,73773,0.0,0.0
2018-11-23 00:00:00+09:00,8400.0,8720.0,8080.0,8200.0,126611,0.0,0.0
2018-11-26 00:00:00+09:00,8360.0,8500.0,8290.0,8300.0,67647,0.0,0.0
2018-11-27 00:00:00+09:00,8270.0,8560.0,8170.0,8450.0,60780,0.0,0.0
2018-11-28 00:00:00+09:00,8530.0,8530.0,8350.0,8450.0,39911,0.0,0.0
2018-11-29 00:00:00+09:00,8530.0,8740.0,8490.0,8670.0,89609,0.0,0.0
2018-11-30 00:00:00+09:00,8670.0,8720.0,8520.0,8640.0,68313,0.0,0.0
2018-12-03 00:00:00+09:00,8770.0,9220.0,8640.0,9150.0,215545,0.0,0.0
2018-12-04 00:00:00+09:00,9150.0,9700.0,9100.0,9580.0,282470,0.0,0.0
2018-12-05 00:00:00+09:00,9480.0,9790.0,9350.0,9580.0,179027,0.0,0.0
2018-12-06 00:00:00+09:00,9500.0,9730.0,9150.0,9230.0,137212,0.0,0.0
2018-12-07 00:00:00+09:00,9270.0,9550.0,9270.0,9550.0,67404,0.0,0.0
2018-12-10 00:00:00+09:00,9200.0,9410.0,8930.0,9040.0,92463,0.0,0.0
2018-12-11 00:00:00+09:00,9030.0,9030.0,8680.0,8840.0,89679,0.0,0.0
2018-12-12 00:00:00+09:00,8790.0,9110.0,8750.0,8750.0,84012,0.0,0.0
2018-12-13 00:00:00+09:00,8830.0,9110.0,8750.0,9000.0,96219,0.0,0.0
2018-12-14 00:00:00+09:00,9030.0,9040.0,8660.0,8820.0,63230,0.0,0.0
2018-12-17 00:00:00+09:00,8800.0,8800.0,8250.0,8490.0,65958,0.0,0.0
2018-12-18 00:00:00+09:00,8280.0,9000.0,8210.0,8710.0,129579,0.0,0.0
2018-12-19 00:00:00+09:00,8820.0,10200.0,8820.0,9550.0,1314384,0.0,0.0
2018-12-20 00:00:00+09:00,9540.0,9770.0,9260.0,9260.0,312650,0.0,0.0
2018-12-21 00:00:00+09:00,9240.0,9800.0,9240.0,9720.0,365302,0.0,0.0
2018-12-24 00:00:00+09:00,9790.0,9880.0,9500.0,9630.0,245133,0.0,0.0
2018-12-26 00:00:00+09:00,9300.0,9580.0,9050.0,9210.0,198502,0.0,0.0
2018-12-27 00:00:00+09:00,9330.0,9610.0,9320.0,9370.0,116610,0.0,0.0
2018-12-28 00:00:00+09:00,9360.0,9550.0,9360.0,9390.0,67641,0.0,0.0
2019-01-02 00:00:00+09:00,9490.0,9490.0,8770.0,8820.0,222230,0.0,0.0
2019-01-03 00:00:00+09:00,8890.0,9070.0,8360.0,8800.0,240259,0.0,0.0
2019-01-04 00:00:00+09:00,8590.0,8790.0,7990.0,8440.0,204340,0.0,0.0
2019-01-07 00:00:00+09:00,8610.0,9040.0,8510.0,8970.0,237378,0.0,0.0
2019-01-08 00:00:00+09:00,9050.0,9370.0,8920.0,9210.0,211176,0.0,0.0
2019-01-09 00:00:00+09:00,9340.0,9340.0,9130.0,9220.0,102036,0.0,0.0
2019-01-10 00:00:00+09:00,9270.0,9350.0,9060.0,9070.0,82871,0.0,0.0
2019-01-11 00:00:00+09:00,9080.0,9740.0,9080.0,9540.0,312339,0.0,0.0
2019-01-14 00:00:00+09:00,9810.0,10300.0,9620.0,10200.0,686483,0.0,0.0
2019-01-15 00:00:00+09:00,10650.0,10800.0,9980.0,10100.0,949277,0.0,0.0
2019-01-16 00:00:00+09:00,10200.0,10500.0,10050.0,10250.0,355515,0.0,0.0
2019-01-17 00:00:00+09:00,10500.0,10500.0,9900.0,9910.0,235830,0.0,0.0
2019-01-18 00:00:00+09:00,10000.0,11450.0,10000.0,10750.0,2435115,0.0,0.0
2019-01-21 00:00:00+09:00,11000.0,11850.0,10600.0,11500.0,1157198,0.0,0.0
2019-01-22 00:00:00+09:00,11500.0,11550.0,10400.0,10400.0,763470,0.0,0.0
2019-01-23 00:00:00+09:00,10250.0,10650.0,10200.0,10400.0,233814,0.0,0.0
2019-01-24 00:00:00+09:00,10500.0,10550.0,9980.0,10100.0,299164,0.0,0.0
2019-01-25 00:00:00+09:00,10200.0,10600.0,10150.0,10250.0,302495,0.0,0.0
2019-01-28 00:00:00+09:00,10350.0,10800.0,10200.0,10600.0,340336,0.0,0.0
2019-01-29 00:00:00+09:00,10550.0,11700.0,10550.0,11000.0,1337189,0.0,0.0
2019-01-30 00:00:00+09:00,11150.0,11150.0,10450.0,10500.0,428528,0.0,0.0
2019-01-31 00:00:00+09:00,10650.0,10800.0,10100.0,10300.0,423346,0.0,0.0
2019-02-01 00:00:00+09:00,10300.0,10650.0,10100.0,10450.0,282494,0.0,0.0
2019-02-07 00:00:00+09:00,10750.0,10850.0,10350.0,10600.0,267130,0.0,0.0
2019-02-08 00:00:00+09:00,10500.0,10800.0,10400.0,10450.0,214545,0.0,0.0
2019-02-11 00:00:00+09:00,10600.0,10700.0,10300.0,10300.0,156559,0.0,0.0
2019-02-12 00:00:00+09:00,10450.0,10800.0,10400.0,10600.0,303572,0.0,0.0
2019-02-13 00:00:00+09:00,10650.0,10700.0,10450.0,10600.0,175703,0.0,0.0
2019-02-14 00:00:00+09:00,10700.0,10700.0,10100.0,10250.0,286261,0.0,0.0
2019-02-15 00:00:00+09:00,10100.0,10250.0,9980.0,10250.0,146982,0.0,0.0
2019-02-18 00:00:00+09:00,10350.0,10350.0,10100.0,10150.0,93044,0.0,0.0
2019-02-19 00:00:00+09:00,10200.0,10350.0,10050.0,10250.0,105670,0.0,0.0
2019-02-20 00:00:00+09:00,10250.0,10300.0,9930.0,9940.0,168845,0.0,0.0
2019-02-21 00:00:00+09:00,9960.0,10050.0,9640.0,9950.0,145160,0.0,0.0
2019-02-22 00:00:00+09:00,9950.0,10100.0,9850.0,10000.0,85322,0.0,0.0
2019-02-25 00:00:00+09:00,10000.0,10100.0,9800.0,9940.0,54394,0.0,0.0
2019-02-26 00:00:00+09:00,9860.0,10150.0,9850.0,9950.0,80350,0.0,0.0
2019-02-27 00:00:00+09:00,10000.0,10000.0,9870.0,9980.0,43363,0.0,0.0
2019-02-28 00:00:00+09:00,10000.0,10000.0,8500.0,8770.0,216041,0.0,0.0
2019-03-04 00:00:00+09:00,8570.0,8980.0,8390.0,8730.0,240046,0.0,0.0
2019-03-05 00:00:00+09:00,8610.0,9130.0,8610.0,9030.0,156879,0.0,0.0
2019-03-06 00:00:00+09:00,9000.0,9140.0,8920.0,8970.0,84412,0.0,0.0
2019-03-07 00:00:00+09:00,8850.0,9040.0,8620.0,8720.0,69163,0.0,0.0
2019-03-08 00:00:00+09:00,8550.0,8790.0,8510.0,8580.0,90720,0.0,0.0
2019-03-11 00:00:00+09:00,8510.0,8680.0,8300.0,8540.0,104164,0.0,0.0
2019-03-12 00:00:00+09:00,8660.0,8820.0,8500.0,8680.0,68070,0.0,0.0
2019-03-13 00:00:00+09:00,8800.0,8800.0,8370.0,8450.0,81380,0.0,0.0
2019-03-14 00:00:00+09:00,8900.0,10950.0,8900.0,10950.0,3099343,0.0,0.0
2019-03-15 00:00:00+09:00,11200.0,11400.0,10750.0,11250.0,3129339,0.0,0.0
2019-03-18 00:00:00+09:00,11200.0,11500.0,11050.0,11400.0,1135656,0.0,0.0
2019-03-19 00:00:00+09:00,11300.0,11400.0,10750.0,10900.0,764089,0.0,0.0
2019-03-20 00:00:00+09:00,10850.0,11650.0,10350.0,10500.0,1587740,0.0,0.0
2019-03-21 00:00:00+09:00,10500.0,10700.0,10300.0,10500.0,374625,0.0,0.0
2019-03-22 00:00:00+09:00,10600.0,10800.0,10350.0,10500.0,475073,0.0,0.0
2019-03-25 00:00:00+09:00,10200.0,10850.0,10050.0,10250.0,506720,0.0,0.0
2019-03-26 00:00:00+09:00,10850.0,10950.0,10250.0,10350.0,847878,0.0,0.0
2019-03-27 00:00:00+09:00,10350.0,10650.0,10250.0,10500.0,333233,0.0,0.0
2019-03-28 00:00:00+09:00,10650.0,11000.0,10200.0,10250.0,673556,0.0,0.0
2019-03-29 00:00:00+09:00,10250.0,10600.0,10250.0,10550.0,451381,0.0,0.0
2019-04-01 00:00:00+09:00,10600.0,10650.0,10350.0,10650.0,326385,0.0,0.0
2019-04-02 00:00:00+09:00,10950.0,11250.0,10700.0,10700.0,942073,0.0,0.0
2019-04-03 00:00:00+09:00,10700.0,10950.0,10600.0,10950.0,266718,0.0,0.0
2019-04-04 00:00:00+09:00,11050.0,11050.0,10450.0,10550.0,410032,0.0,0.0
2019-04-05 00:00:00+09:00,10700.0,10900.0,10550.0,10650.0,334036,0.0,0.0
2019-04-08 00:00:00+09:00,10700.0,10750.0,10400.0,10500.0,172061,0.0,0.0
2019-04-09 00:00:00+09:00,10550.0,10700.0,10200.0,10700.0,190137,0.0,0.0
2019-04-10 00:00:00+09:00,10650.0,10900.0,10550.0,10700.0,235496,0.0,0.0
2019-04-11 00:00:00+09:00,10700.0,10800.0,10550.0,10750.0,157386,0.0,0.0
2019-04-12 00:00:00+09:00,10650.0,10800.0,10400.0,10650.0,191565,0.0,0.0
2019-04-15 00:00:00+09:00,10750.0,10750.0,10500.0,10550.0,150307,0.0,0.0
2019-04-16 00:00:00+09:00,10550.0,10550.0,10300.0,10400.0,175109,0.0,0.0
2019-04-17 00:00:00+09:00,10350.0,10550.0,10300.0,10500.0,119357,0.0,0.0
2019-04-18 00:00:00+09:00,10600.0,11100.0,10500.0,11100.0,943031,0.0,0.0
2019-04-19 00:00:00+09:00,11150.0,11300.0,10850.0,11150.0,486701,0.0,0.0
2019-04-22 00:00:00+09:00,11250.0,11250.0,10900.0,11000.0,258291,0.0,0.0
2019-04-23 00:00:00+09:00,11100.0,11150.0,10550.0,10800.0,239270,0.0,0.0
2019-04-24 00:00:00+09:00,10700.0,10800.0,10350.0,10750.0,203507,0.0,0.0
2019-04-25 00:00:00+09:00,10600.0,10650.0,10300.0,10300.0,157259,0.0,0.0
2019-04-26 00:00:00+09:00,10300.0,10350.0,9670.0,9760.0,431110,0.0,0.0
2019-04-29 00:00:00+09:00,10050.0,10100.0,9860.0,9900.0,126273,0.0,0.0
2019-04-30 00:00:00+09:00,10050.0,10200.0,9980.0,10000.0,160555,0.0,0.0
2019-05-02 00:00:00+09:00,9860.0,10750.0,9860.0,10600.0,288131,0.0,0.0
2019-05-03 00:00:00+09:00,10500.0,10650.0,10350.0,10450.0,62446,0.0,0.0
2019-05-07 00:00:00+09:00,10150.0,10950.0,10100.0,10350.0,277187,0.0,0.0
2019-05-08 00:00:00+09:00,10450.0,10750.0,10350.0,10500.0,191399,0.0,0.0
2019-05-09 00:00:00+09:00,10500.0,10800.0,10250.0,10700.0,259544,0.0,0.0
2019-05-10 00:00:00+09:00,10650.0,10900.0,10350.0,10450.0,245897,0.0,0.0
2019-05-13 00:00:00+09:00,10400.0,10800.0,10150.0,10250.0,187629,0.0,0.0
2019-05-14 00:00:00+09:00,9970.0,10850.0,9910.0,10850.0,357137,0.0,0.0
2019-05-15 00:00:00+09:00,10900.0,11200.0,10750.0,11100.0,286766,0.0,0.0
2019-05-16 00:00:00+09:00,11100.0,11500.0,11000.0,11050.0,443406,0.0,0.0
2019-05-17 00:00:00+09:00,11100.0,11700.0,11000.0,11250.0,481908,0.0,0.0
2019-05-20 00:00:00+09:00,11350.0,11450.0,10800.0,10800.0,256972,0.0,0.0
2019-05-21 00:00:00+09:00,10700.0,11500.0,10700.0,11500.0,249610,0.0,0.0
2019-05-22 00:00:00+09:00,11400.0,11450.0,11150.0,11350.0,150453,0.0,0.0
2019-05-23 00:00:00+09:00,11550.0,11550.0,10850.0,10900.0,163869,0.0,0.0
2019-05-24 00:00:00+09:00,10650.0,10950.0,10400.0,10550.0,171776,0.0,0.0
2019-05-27 00:00:00+09:00,10600.0,10700.0,9960.0,10150.0,210891,0.0,0.0
2019-05-28 00:00:00+09:00,10200.0,11200.0,10150.0,10500.0,310463,0.0,0.0
2019-05-29 00:00:00+09:00,10500.0,10700.0,10250.0,10600.0,131697,0.0,0.0
2019-05-30 00:00:00+09:00,10600.0,10600.0,10300.0,10400.0,75675,0.0,0.0
2019-05-31 00:00:00+09:00,10400.0,10750.0,10350.0,10600.0,83112,0.0,0.0
2019-06-03 00:00:00+09:00,10500.0,10750.0,10450.0,10700.0,75650,0.0,0.0
2019-06-04 00:00:00+09:00,10650.0,10800.0,10600.0,10750.0,68189,0.0,0.0
2019-06-05 00:00:00+09:00,10850.0,10850.0,10500.0,10500.0,146754,0.0,0.0
2019-06-07 00:00:00+09:00,10700.0,10900.0,10550.0,10550.0,131347,0.0,0.0
2019-06-10 00:00:00+09:00,10700.0,11200.0,10550.0,11200.0,200796,0.0,0.0
2019-06-11 00:00:00+09:00,11200.0,11400.0,11000.0,11250.0,195118,0.0,0.0
2019-06-12 00:00:00+09:00,11300.0,11450.0,10900.0,11050.0,247501,0.0,0.0
2019-06-13 00:00:00+09:00,10950.0,11150.0,10650.0,10950.0,180209,0.0,0.0
2019-06-14 00:00:00+09:00,10900.0,11050.0,10550.0,10600.0,139274,0.0,0.0
2019-06-17 00:00:00+09:00,10600.0,11850.0,10600.0,11000.0,1201692,0.0,0.0
2019-06-18 00:00:00+09:00,11050.0,11100.0,10650.0,10800.0,331030,0.0,0.0
2019-06-19 00:00:00+09:00,10850.0,11000.0,10750.0,10900.0,205757,0.0,0.0
2019-06-20 00:00:00+09:00,10900.0,11050.0,10750.0,10950.0,268850,0.0,0.0
2019-06-21 00:00:00+09:00,10950.0,11000.0,10550.0,10750.0,229949,0.0,0.0
2019-06-24 00:00:00+09:00,10800.0,10850.0,10600.0,10750.0,98762,0.0,0.0
2019-06-25 00:00:00+09:00,10650.0,10750.0,10350.0,10350.0,214233,0.0,0.0
2019-06-26 00:00:00+09:00,10350.0,10550.0,10200.0,10200.0,149201,0.0,0.0
2019-06-27 00:00:00+09:00,10250.0,10650.0,10100.0,10200.0,196104,0.0,0.0
2019-06-28 00:00:00+09:00,10200.0,10550.0,9950.0,10300.0,198948,0.0,0.0
2019-07-01 00:00:00+09:00,10750.0,10800.0,10450.0,10500.0,158066,0.0,0.0
2019-07-02 00:00:00+09:00,10500.0,10750.0,10450.0,10600.0,114129,0.0,0.0
2019-07-03 00:00:00+09:00,10600.0,10850.0,10550.0,10650.0,95510,0.0,0.0
2019-07-04 00:00:00+09:00,10650.0,10700.0,10200.0,10400.0,165744,0.0,0.0
2019-07-05 00:00:00+09:00,10450.0,11050.0,10450.0,11000.0,459542,0.0,0.0
2019-07-08 00:00:00+09:00,10950.0,11000.0,10050.0,10200.0,345075,0.0,0.0
2019-07-09 00:00:00+09:00,10150.0,10400.0,9970.0,10050.0,169927,0.0,0.0
2019-07-10 00:00:00+09:00,10100.0,10350.0,10050.0,10250.0,82258,0.0,0.0
2019-07-11 00:00:00+09:00,10200.0,10600.0,10200.0,10450.0,225381,0.0,0.0
2019-07-12 00:00:00+09:00,10500.0,10600.0,10300.0,10400.0,104464,0.0,0.0
2019-07-15 00:00:00+09:00,10500.0,10550.0,10000.0,10050.0,173420,0.0,0.0
2019-07-16 00:00:00+09:00,10050.0,10200.0,9930.0,9990.0,151829,0.0,0.0
2019-07-17 00:00:00+09:00,9940.0,10000.0,9480.0,9500.0,205753,0.0,0.0
2019-07-18 00:00:00+09:00,9670.0,10100.0,9580.0,9820.0,173159,0.0,0.0
2019-07-19 00:00:00+09:00,9820.0,10250.0,9820.0,10000.0,85625,0.0,0.0
2019-07-22 00:00:00+09:00,10100.0,10900.0,9990.0,10550.0,457419,0.0,0.0
2019-07-23 00:00:00+09:00,10600.0,10800.0,10350.0,10500.0,151280,0.0,0.0
2019-07-24 00:00:00+09:00,10500.0,10700.0,10300.0,10650.0,138541,0.0,0.0
2019-07-25 00:00:00+09:00,10550.0,10600.0,10300.0,10400.0,107478,0.0,0.0
2019-07-26 00:00:00+09:00,10300.0,10400.0,9910.0,10050.0,230188,0.0,0.0
2019-07-29 00:00:00+09:00,9990.0,10250.0,9550.0,9550.0,159383,0.0,0.0
2019-07-30 00:00:00+09:00,9500.0,9940.0,9500.0,9670.0,96010,0.0,0.0
2019-07-31 00:00:00+09:00,9750.0,9840.0,9390.0,9660.0,104615,0.0,0.0
2019-08-01 00:00:00+09:00,9610.0,9750.0,9240.0,9250.0,105690,0.0,0.0
2019-08-02 00:00:00+09:00,9120.0,9350.0,8980.0,9230.0,95145,0.0,0.0
2019-08-05 00:00:00+09:00,9100.0,9230.0,8170.0,8170.0,237900,0.0,0.0
2019-08-06 00:00:00+09:00,7830.0,8500.0,7600.0,7910.0,282258,0.0,0.0
2019-08-07 00:00:00+09:00,7900.0,8380.0,7900.0,8260.0,231271,0.0,0.0
2019-08-08 00:00:00+09:00,8360.0,8630.0,8360.0,8530.0,77930,0.0,0.0
2019-08-09 00:00:00+09:00,8560.0,8760.0,8520.0,8600.0,79497,0.0,0.0
2019-08-12 00:00:00+09:00,8600.0,9150.0,8570.0,8970.0,111794,0.0,0.0
2019-08-13 00:00:00+09:00,8960.0,9230.0,8810.0,9180.0,103687,0.0,0.0
2019-08-14 00:00:00+09:00,9300.0,9350.0,9130.0,9180.0,53796,0.0,0.0
2019-08-16 00:00:00+09:00,9160.0,9160.0,8900.0,9000.0,44568,0.0,0.0
2019-08-19 00:00:00+09:00,9010.0,9690.0,9010.0,9430.0,200044,0.0,0.0
2019-08-20 00:00:00+09:00,9600.0,9600.0,9340.0,9480.0,59172,0.0,0.0
2019-08-21 00:00:00+09:00,9430.0,9560.0,9390.0,9490.0,35588,0.0,0.0
2019-08-22 00:00:00+09:00,9450.0,9530.0,9340.0,9350.0,64249,0.0,0.0
2019-08-23 00:00:00+09:00,9330.0,9400.0,9160.0,9290.0,30090,0.0,0.0
2019-08-26 00:00:00+09:00,8950.0,9100.0,8810.0,8810.0,100965,0.0,0.0
2019-08-27 00:00:00+09:00,8930.0,9320.0,8930.0,9050.0,83129,0.0,0.0
2019-08-28 00:00:00+09:00,9270.0,9350.0,9180.0,9290.0,27697,0.0,0.0
2019-08-29 00:00:00+09:00,9340.0,9340.0,9080.0,9170.0,42025,0.0,0.0
2019-08-30 00:00:00+09:00,9230.0,9480.0,9170.0,9410.0,56220,0.0,0.0
2019-09-02 00:00:00+09:00,9410.0,9530.0,9390.0,9430.0,59256,0.0,0.0
2019-09-03 00:00:00+09:00,9470.0,9570.0,9410.0,9500.0,69648,0.0,0.0
2019-09-04 00:00:00+09:00,9500.0,9620.0,9440.0,9510.0,57804,0.0,0.0
2019-09-05 00:00:00+09:00,9550.0,9970.0,9550.0,9790.0,128008,0.0,0.0
2019-09-06 00:00:00+09:00,9790.0,9830.0,9580.0,9740.0,54935,0.0,0.0
2019-09-09 00:00:00+09:00,9890.0,10100.0,9640.0,9790.0,122772,0.0,0.0
2019-09-10 00:00:00+09:00,9880.0,10300.0,9830.0,10200.0,226811,0.0,0.0
2019-09-11 00:00:00+09:00,10250.0,10450.0,10050.0,10300.0,154031,0.0,0.0
2019-09-16 00:00:00+09:00,10500.0,11100.0,10400.0,10850.0,617047,0.0,0.0
2019-09-17 00:00:00+09:00,10700.0,11050.0,10500.0,10850.0,224980,0.0,0.0
2019-09-18 00:00:00+09:00,10800.0,10900.0,10650.0,10850.0,114527,0.0,0.0
2019-09-19 00:00:00+09:00,10800.0,11050.0,10450.0,10850.0,263472,0.0,0.0
2019-09-20 00:00:00+09:00,10950.0,11000.0,10650.0,10800.0,116246,0.0,0.0
2019-09-23 00:00:00+09:00,10950.0,11300.0,10800.0,10950.0,833868,0.0,0.0
2019-09-24 00:00:00+09:00,10800.0,11050.0,10600.0,10750.0,292503,0.0,0.0
2019-09-25 00:00:00+09:00,10600.0,10750.0,10200.0,10300.0,242780,0.0,0.0
2019-09-26 00:00:00+09:00,10600.0,10650.0,10100.0,10250.0,130447,0.0,0.0
2019-09-27 00:00:00+09:00,10200.0,10400.0,10150.0,10300.0,59527,0.0,0.0
2019-09-30 00:00:00+09:00,10200.0,10400.0,9900.0,10050.0,85415,0.0,0.0
2019-10-01 00:00:00+09:00,10050.0,10250.0,10000.0,10000.0,68006,0.0,0.0
2019-10-02 00:00:00+09:00,10150.0,10250.0,9930.0,10050.0,121343,0.0,0.0
2019-10-04 00:00:00+09:00,10100.0,10150.0,9890.0,9890.0,87653,0.0,0.0
2019-10-07 00:00:00+09:00,9800.0,9870.0,9460.0,9620.0,202720,0.0,0.0
2019-10-08 00:00:00+09:00,9600.0,10050.0,9600.0,10000.0,76529,0.0,0.0
2019-10-10 00:00:00+09:00,10050.0,10050.0,9730.0,9810.0,56064,0.0,0.0
2019-10-11 00:00:00+09:00,9820.0,9950.0,9730.0,9820.0,46468,0.0,0.0
2019-10-14 00:00:00+09:00,9860.0,10350.0,9850.0,10250.0,147046,0.0,0.0
2019-10-15 00:00:00+09:00,10300.0,10350.0,10100.0,10300.0,89213,0.0,0.0
2019-10-16 00:00:00+09:00,10350.0,10400.0,10000.0,10200.0,100504,0.0,0.0
2019-10-17 00:00:00+09:00,10200.0,10300.0,10050.0,10100.0,51892,0.0,0.0
2019-10-18 00:00:00+09:00,10050.0,10250.0,9950.0,10000.0,68986,0.0,0.0
2019-10-21 00:00:00+09:00,10000.0,10350.0,9890.0,10050.0,94015,0.0,0.0
2019-10-22 00:00:00+09:00,10150.0,10250.0,9950.0,9960.0,81046,0.0,0.0
2019-10-23 00:00:00+09:00,10000.0,10000.0,9530.0,9570.0,140974,0.0,0.0
2019-10-24 00:00:00+09:00,9570.0,9710.0,9510.0,9570.0,53815,0.0,0.0
2019-10-25 00:00:00+09:00,9630.0,9630.0,9380.0,9480.0,68340,0.0,0.0
2019-10-28 00:00:00+09:00,9490.0,9730.0,9470.0,9570.0,43307,0.0,0.0
2019-10-29 00:00:00+09:00,9640.0,9680.0,9540.0,9550.0,43737,0.0,0.0
2019-10-30 00:00:00+09:00,9640.0,9640.0,9480.0,9540.0,31979,0.0,0.0
2019-10-31 00:00:00+09:00,9590.0,9630.0,9440.0,9510.0,33374,0.0,0.0
2019-11-01 00:00:00+09:00,9590.0,9590.0,9450.0,9450.0,35517,0.0,0.0
2019-11-04 00:00:00+09:00,9490.0,9730.0,9490.0,9650.0,56420,0.0,0.0
2019-11-05 00:00:00+09:00,9740.0,9800.0,9510.0,9510.0,65907,0.0,0.0
2019-11-06 00:00:00+09:00,9480.0,9620.0,9480.0,9550.0,32807,0.0,0.0
2019-11-07 00:00:00+09:00,9550.0,9570.0,9170.0,9280.0,128942,0.0,0.0
2019-11-08 00:00:00+09:00,9300.0,9450.0,9280.0,9410.0,36292,0.0,0.0
2019-11-11 00:00:00+09:00,9350.0,9480.0,9260.0,9400.0,75612,0.0,0.0
2019-11-12 00:00:00+09:00,9410.0,9620.0,9360.0,9610.0,52462,0.0,0.0
2019-11-13 00:00:00+09:00,9530.0,9700.0,9530.0,9560.0,32916,0.0,0.0
2019-11-14 00:00:00+09:00,9570.0,9670.0,9540.0,9600.0,25978,0.0,0.0
2019-11-15 00:00:00+09:00,9720.0,9800.0,9570.0,9780.0,57953,0.0,0.0
2019-11-18 00:00:00+09:00,9780.0,9830.0,9540.0,9670.0,65514,0.0,0.0
2019-11-19 00:00:00+09:00,9790.0,9790.0,9590.0,9660.0,38606,0.0,0.0
2019-11-20 00:00:00+09:00,9620.0,9900.0,9620.0,9640.0,97375,0.0,0.0
2019-11-21 00:00:00+09:00,9650.0,9750.0,9270.0,9270.0,71441,0.0,0.0
2019-11-22 00:00:00+09:00,9270.0,9330.0,8950.0,9000.0,75812,0.0,0.0
2019-11-25 00:00:00+09:00,9060.0,9180.0,9060.0,9170.0,29311,0.0,0.0
2019-11-26 00:00:00+09:00,9160.0,9320.0,9150.0,9270.0,26015,0.0,0.0
2019-11-27 00:00:00+09:00,9220.0,9300.0,9120.0,9160.0,31582,0.0,0.0
2019-11-28 00:00:00+09:00,9120.0,9190.0,9030.0,9050.0,30319,0.0,0.0
2019-11-29 00:00:00+09:00,9020.0,9130.0,8780.0,8880.0,74568,0.0,0.0
2019-12-02 00:00:00+09:00,8870.0,9180.0,8810.0,9070.0,62149,0.0,0.0
2019-12-03 00:00:00+09:00,9070.0,9250.0,8840.0,9120.0,55051,0.0,0.0
2019-12-04 00:00:00+09:00,8990.0,9190.0,8920.0,8940.0,20190,0.0,0.0
2019-12-05 00:00:00+09:00,8950.0,9020.0,8680.0,8770.0,25578,0.0,0.0
2019-12-06 00:00:00+09:00,8710.0,8940.0,8710.0,8850.0,25124,0.0,0.0
2019-12-09 00:00:00+09:00,8880.0,9090.0,8870.0,9000.0,35777,0.0,0.0
2019-12-10 00:00:00+09:00,9000.0,9100.0,8990.0,8990.0,18082,0.0,0.0
2019-12-11 00:00:00+09:00,8980.0,9090.0,8960.0,8990.0,13280,0.0,0.0
2019-12-12 00:00:00+09:00,9030.0,9120.0,9000.0,9090.0,21614,0.0,0.0
2019-12-13 00:00:00+09:00,9110.0,9310.0,9100.0,9200.0,35551,0.0,0.0
2019-12-16 00:00:00+09:00,9200.0,9280.0,9150.0,9200.0,23582,0.0,0.0
2019-12-17 00:00:00+09:00,9290.0,9290.0,9100.0,9190.0,48699,0.0,0.0
2019-12-18 00:00:00+09:00,9190.0,9220.0,9050.0,9220.0,51969,0.0,0.0
2019-12-19 00:00:00+09:00,9330.0,9340.0,9120.0,9170.0,37335,0.0,0.0
2019-12-20 00:00:00+09:00,9240.0,9340.0,9150.0,9190.0,64724,0.0,0.0
2019-12-23 00:00:00+09:00,9200.0,9220.0,9010.0,9070.0,69241,0.0,0.0
2019-12-24 00:00:00+09:00,9060.0,9170.0,9000.0,9070.0,64303,0.0,0.0
2019-12-26 00:00:00+09:00,9110.0,9330.0,9050.0,9050.0,104256,0.0,0.0
2019-12-27 00:00:00+09:00,9080.0,9310.0,9040.0,9290.0,70600,0.0,0.0
2019-12-30 00:00:00+09:00,9310.0,9640.0,9310.0,9600.0,69406,0.0,0.0
2020-01-02 00:00:00+09:00,9600.0,9710.0,9470.0,9710.0,71062,0.0,0.0
2020-01-03 00:00:00+09:00,9720.0,9720.0,9460.0,9460.0,50254,0.0,0.0
2020-01-06 00:00:00+09:00,9320.0,9990.0,9210.0,9490.0,214223,0.0,0.0
2020-01-07 00:00:00+09:00,9430.0,9590.0,9370.0,9540.0,58953,0.0,0.0
2020-01-08 00:00:00+09:00,9410.0,9590.0,9120.0,9490.0,141796,0.0,0.0
2020-01-09 00:00:00+09:00,9530.0,9740.0,9520.0,9650.0,55732,0.0,0.0
2020-01-10 00:00:00+09:00,9750.0,10150.0,9690.0,9720.0,215046,0.0,0.0
2020-01-13 00:00:00+09:00,9810.0,10000.0,9720.0,10000.0,51374,0.0,0.0
2020-01-14 00:00:00+09:00,10050.0,10100.0,9910.0,9950.0,43446,0.0,0.0
2020-01-15 00:00:00+09:00,10050.0,10150.0,9920.0,9940.0,36972,0.0,0.0
2020-01-16 00:00:00+09:00,9940.0,10100.0,9820.0,9930.0,33527,0.0,0.0
2020-01-17 00:00:00+09:00,9930.0,10100.0,9800.0,10050.0,163966,0.0,0.0
2020-01-20 00:00:00+09:00,10200.0,10300.0,9720.0,9820.0,186413,0.0,0.0
2020-01-21 00:00:00+09:00,9790.0,9940.0,9550.0,9590.0,83628,0.0,0.0
2020-01-22 00:00:00+09:00,9590.0,9750.0,9520.0,9720.0,50862,0.0,0.0
2020-01-23 00:00:00+09:00,9720.0,9720.0,9500.0,9700.0,48045,0.0,0.0
2020-01-28 00:00:00+09:00,9320.0,9450.0,9200.0,9360.0,74245,0.0,0.0
2020-01-29 00:00:00+09:00,9400.0,9540.0,9370.0,9390.0,37841,0.0,0.0
2020-01-30 00:00:00+09:00,9480.0,9480.0,9070.0,9310.0,58110,0.0,0.0
2020-01-31 00:00:00+09:00,9320.0,9320.0,9080.0,9140.0,56603,0.0,0.0
2020-02-03 00:00:00+09:00,9010.0,9130.0,8740.0,9040.0,60037,0.0,0.0
2020-02-04 00:00:00+09:00,9060.0,9500.0,9060.0,9470.0,38828,0.0,0.0
2020-02-05 00:00:00+09:00,9540.0,9590.0,9400.0,9450.0,19980,0.0,0.0
2020-02-06 00:00:00+09:00,9500.0,9550.0,9390.0,9480.0,20731,0.0,0.0
2020-02-07 00:00:00+09:00,9540.0,9630.0,9350.0,9380.0,36313,0.0,0.0
2020-02-10 00:00:00+09:00,9380.0,9880.0,9360.0,9450.0,161980,0.0,0.0
2020-02-11 00:00:00+09:00,9450.0,9610.0,9370.0,9560.0,46378,0.0,0.0
2020-02-12 00:00:00+09:00,9520.0,9630.0,9350.0,9470.0,38257,0.0,0.0
2020-02-13 00:00:00+09:00,9530.0,9640.0,9280.0,9340.0,77987,0.0,0.0
2020-02-14 00:00:00+09:00,9370.0,9440.0,9260.0,9300.0,32993,0.0,0.0
2020-02-17 00:00:00+09:00,9320.0,9320.0,9190.0,9280.0,29706,0.0,0.0
2020-02-18 00:00:00+09:00,9280.0,9360.0,9090.0,9190.0,60110,0.0,0.0
2020-02-19 00:00:00+09:00,9170.0,9260.0,8970.0,9200.0,32099,0.0,0.0
2020-02-20 00:00:00+09:00,9200.0,9210.0,8950.0,9080.0,63201,0.0,0.0
2020-02-21 00:00:00+09:00,8900.0,9040.0,8740.0,8830.0,76841,0.0,0.0
2020-02-24 00:00:00+09:00,8520.0,8600.0,8250.0,8480.0,84013,0.0,0.0
2020-02-25 00:00:00+09:00,8320.0,8610.0,8320.0,8580.0,53253,0.0,0.0
2020-02-26 00:00:00+09:00,8440.0,8560.0,8310.0,8440.0,30969,0.0,0.0
2020-02-27 00:00:00+09:00,8360.0,8450.0,7990.0,7990.0,97050,0.0,0.0
2020-02-28 00:00:00+09:00,7880.0,7920.0,7510.0,7600.0,102638,0.0,0.0
2020-03-02 00:00:00+09:00,7500.0,8040.0,7500.0,8040.0,55807,0.0,0.0
2020-03-03 00:00:00+09:00,8140.0,8290.0,8090.0,8140.0,45720,0.0,0.0
2020-03-04 00:00:00+09:00,8000.0,8340.0,7960.0,8300.0,21556,0.0,0.0
2020-03-05 00:00:00+09:00,8300.0,8430.0,8290.0,8340.0,17937,0.0,0.0
2020-03-06 00:00:00+09:00,8340.0,8410.0,8070.0,8400.0,42649,0.0,0.0
2020-03-09 00:00:00+09:00,8300.0,8300.0,7880.0,7880.0,70060,0.0,0.0
2020-03-10 00:00:00+09:00,7700.0,8000.0,7610.0,7930.0,54380,0.0,0.0
2020-03-11 00:00:00+09:00,7990.0,8080.0,7600.0,7750.0,50933,0.0,0.0
2020-03-12 00:00:00+09:00,7550.0,7670.0,7010.0,7250.0,115163,0.0,0.0
2020-03-13 00:00:00+09:00,6670.0,6960.0,5980.0,6800.0,119740,0.0,0.0
2020-03-16 00:00:00+09:00,6680.0,7010.0,6200.0,6200.0,121689,0.0,0.0
2020-03-17 00:00:00+09:00,5610.0,6350.0,5610.0,6290.0,81828,0.0,0.0
2020-03-18 00:00:00+09:00,6290.0,6460.0,5610.0,5610.0,98300,0.0,0.0
2020-03-19 00:00:00+09:00,5680.0,5760.0,4255.0,4395.0,301631,0.0,0.0
2020-03-20 00:00:00+09:00,4500.0,4940.0,4485.0,4845.0,217926,0.0,0.0
2020-03-23 00:00:00+09:00,4565.0,4610.0,4400.0,4415.0,237760,0.0,0.0
2020-03-24 00:00:00+09:00,4465.0,4745.0,4465.0,4740.0,78151,0.0,0.0
2020-03-25 00:00:00+09:00,4925.0,5340.0,4820.0,5230.0,124411,0.0,0.0
2020-03-26 00:00:00+09:00,5230.0,5370.0,5000.0,5190.0,116582,0.0,0.0
2020-03-27 00:00:00+09:00,5480.0,5590.0,5150.0,5370.0,128051,0.0,0.0
2020-03-30 00:00:00+09:00,5200.0,5590.0,5100.0,5510.0,75427,0.0,0.0
2020-03-31 00:00:00+09:00,5620.0,6340.0,5620.0,6050.0,205826,0.0,0.0
2020-04-01 00:00:00+09:00,6190.0,6350.0,5860.0,6040.0,124400,0.0,0.0
2020-04-02 00:00:00+09:00,6000.0,6090.0,5790.0,6060.0,106131,0.0,0.0
2020-04-03 00:00:00+09:00,6100.0,6280.0,6000.0,6090.0,38708,0.0,0.0
2020-04-06 00:00:00+09:00,6090.0,6300.0,6010.0,6290.0,74488,0.0,0.0
2020-04-07 00:00:00+09:00,6460.0,6610.0,6250.0,6570.0,153707,0.0,0.0
2020-04-08 00:00:00+09:00,6500.0,7010.0,6360.0,6770.0,123980,0.0,0.0
2020-04-09 00:00:00+09:00,6990.0,7070.0,6840.0,7020.0,83790,0.0,0.0
2020-04-10 00:00:00+09:00,7030.0,7050.0,6600.0,6930.0,95937,0.0,0.0
2020-04-13 00:00:00+09:00,6940.0,6970.0,6730.0,6780.0,124139,0.0,0.0
2020-04-14 00:00:00+09:00,6780.0,7050.0,6780.0,6940.0,76560,0.0,0.0
2020-04-16 00:00:00+09:00,6900.0,7180.0,6820.0,7150.0,104061,0.0,0.0
2020-04-17 00:00:00+09:00,7300.0,7600.0,7200.0,7260.0,228046,0.0,0.0
2020-04-20 00:00:00+09:00,7260.0,7740.0,7210.0,7390.0,420162,0.0,0.0
2020-04-21 00:00:00+09:00,7320.0,7630.0,6720.0,7170.0,231105,0.0,0.0
2020-04-22 00:00:00+09:00,6980.0,7270.0,6890.0,7070.0,119057,0.0,0.0
2020-04-23 00:00:00+09:00,7170.0,7500.0,7160.0,7440.0,101762,0.0,0.0
2020-04-24 00:00:00+09:00,7440.0,7440.0,7090.0,7230.0,74172,0.0,0.0
2020-04-27 00:00:00+09:00,7240.0,7370.0,7170.0,7230.0,68850,0.0,0.0
2020-04-28 00:00:00+09:00,7250.0,7280.0,7040.0,7180.0,38461,0.0,0.0
2020-04-29 00:00:00+09:00,7170.0,7380.0,7150.0,7190.0,43559,0.0,0.0
2020-05-04 00:00:00+09:00,7180.0,7330.0,7080.0,7280.0,42217,0.0,0.0
2020-05-06 00:00:00+09:00,7380.0,7380.0,7220.0,7310.0,57507,0.0,0.0
2020-05-07 00:00:00+09:00,7300.0,7940.0,7300.0,7620.0,173485,0.0,0.0
2020-05-08 00:00:00+09:00,7700.0,7760.0,7600.0,7700.0,87600,0.0,0.0
2020-05-11 00:00:00+09:00,7700.0,7870.0,7500.0,7680.0,152471,0.0,0.0
2020-05-12 00:00:00+09:00,7740.0,7820.0,7470.0,7650.0,191304,0.0,0.0
2020-05-13 00:00:00+09:00,7550.0,7640.0,7520.0,7540.0,92593,0.0,0.0
2020-05-14 00:00:00+09:00,7540.0,7590.0,7360.0,7540.0,108280,0.0,0.0
2020-05-15 00:00:00+09:00,7550.0,7590.0,7260.0,7290.0,121868,0.0,0.0
2020-05-18 00:00:00+09:00,7290.0,7370.0,7000.0,7320.0,109055,0.0,0.0
2020-05-19 00:00:00+09:00,7500.0,7500.0,7330.0,7420.0,66573,0.0,0.0
2020-05-20 00:00:00+09:00,7410.0,7590.0,7410.0,7530.0,73813,0.0,0.0
2020-05-21 00:00:00+09:00,7700.0,7850.0,7610.0,7610.0,164122,0.0,0.0
2020-05-22 00:00:00+09:00,7630.0,7750.0,7470.0,7570.0,126114,0.0,0.0
2020-05-25 00:00:00+09:00,7620.0,7760.0,7560.0,7710.0,118896,0.0,0.0
2020-05-26 00:00:00+09:00,7820.0,7840.0,7700.0,7790.0,106499,0.0,0.0
2020-05-27 00:00:00+09:00,7900.0,8140.0,7760.0,7860.0,276237,0.0,0.0
2020-05-28 00:00:00+09:00,7990.0,8110.0,7510.0,7630.0,256439,0.0,0.0
2020-05-29 00:00:00+09:00,7630.0,7780.0,7400.0,7620.0,80864,0.0,0.0
2020-06-01 00:00:00+09:00,7640.0,7860.0,7640.0,7760.0,120764,0.0,0.0
2020-06-02 00:00:00+09:00,8460.0,9300.0,8050.0,8100.0,1070361,0.0,0.0
2020-06-03 00:00:00+09:00,8200.0,8980.0,8100.0,8490.0,1016992,0.0,0.0
2020-06-04 00:00:00+09:00,8610.0,8700.0,8080.0,8100.0,493041,0.0,0.0
2020-06-05 00:00:00+09:00,8090.0,8150.0,7980.0,8010.0,210289,0.0,0.0
2020-06-08 00:00:00+09:00,8130.0,8310.0,8030.0,8200.0,287366,0.0,0.0
2020-06-09 00:00:00+09:00,8280.0,8280.0,8080.0,8120.0,149270,0.0,0.0
2020-06-10 00:00:00+09:00,8120.0,8150.0,8000.0,8040.0,73588,0.0,0.0
2020-06-11 00:00:00+09:00,8040.0,8380.0,8020.0,8040.0,314162,0.0,0.0
2020-06-12 00:00:00+09:00,7700.0,7880.0,7500.0,7850.0,175107,0.0,0.0
2020-06-15 00:00:00+09:00,7780.0,7850.0,7070.0,7100.0,193421,0.0,0.0
2020-06-16 00:00:00+09:00,7430.0,7490.0,7150.0,7390.0,110814,0.0,0.0
2020-06-17 00:00:00+09:00,7190.0,7470.0,7150.0,7280.0,124867,0.0,0.0
2020-06-18 00:00:00+09:00,7360.0,7530.0,7190.0,7530.0,125439,0.0,0.0
2020-06-19 00:00:00+09:00,7520.0,8270.0,7520.0,8260.0,517210,0.0,0.0
2020-06-22 00:00:00+09:00,8300.0,8340.0,7980.0,8320.0,256154,0.0,0.0
2020-06-23 00:00:00+09:00,8790.0,9300.0,8550.0,8950.0,1331100,0.0,0.0
2020-06-24 00:00:00+09:00,8880.0,9050.0,8600.0,8620.0,282881,0.0,0.0
2020-06-25 00:00:00+09:00,8500.0,8860.0,8340.0,8600.0,180650,0.0,0.0
2020-06-26 00:00:00+09:00,8630.0,8840.0,8530.0,8580.0,178086,0.0,0.0
2020-06-29 00:00:00+09:00,8450.0,8650.0,8310.0,8310.0,132538,0.0,0.0
2020-06-30 00:00:00+09:00,8440.0,10300.0,8270.0,8760.0,1702273,0.0,0.0
2020-07-01 00:00:00+09:00,8770.0,8780.0,8210.0,8210.0,348616,0.0,0.0
2020-07-02 00:00:00+09:00,8300.0,8460.0,8260.0,8320.0,128263,0.0,0.0
2020-07-03 00:00:00+09:00,8390.0,8410.0,8260.0,8350.0,128629,0.0,0.0
2020-07-06 00:00:00+09:00,8460.0,8770.0,8300.0,8720.0,320980,0.0,0.0
2020-07-07 00:00:00+09:00,8800.0,8820.0,8440.0,8650.0,420464,0.0,0.0
2020-07-08 00:00:00+09:00,8620.0,8740.0,8500.0,8530.0,136332,0.0,0.0
2020-07-09 00:00:00+09:00,8650.0,8800.0,8570.0,8630.0,249519,0.0,0.0
2020-07-10 00:00:00+09:00,8670.0,8690.0,8370.0,8450.0,184230,0.0,0.0
2020-07-13 00:00:00+09:00,8660.0,10300.0,8640.0,9390.0,4976145,0.0,0.0
2020-07-14 00:00:00+09:00,9600.0,9890.0,9260.0,9560.0,1534396,0.0,0.0
2020-07-15 00:00:00+09:00,9610.0,10900.0,9410.0,10200.0,2968771,0.0,0.0
2020-07-16 00:00:00+09:00,10050.0,10400.0,9830.0,10250.0,615112,0.0,0.0
2020-07-17 00:00:00+09:00,10100.0,11100.0,10050.0,10700.0,1427774,0.0,0.0
2020-07-20 00:00:00+09:00,10800.0,10900.0,10250.0,10550.0,410779,0.0,0.0
2020-07-21 00:00:00+09:00,10600.0,10600.0,10000.0,10400.0,664792,0.0,0.0
2020-07-22 00:00:00+09:00,10450.0,10550.0,10150.0,10200.0,319560,0.0,0.0
2020-07-23 00:00:00+09:00,10200.0,10300.0,9910.0,9920.0,391708,0.0,0.0
2020-07-24 00:00:00+09:00,9850.0,9920.0,9470.0,9700.0,442296,0.0,0.0
2020-07-27 00:00:00+09:00,9700.0,9830.0,9470.0,9530.0,273324,0.0,0.0
2020-07-28 00:00:00+09:00,9550.0,9650.0,9480.0,9570.0,253872,0.0,0.0
2020-07-29 00:00:00+09:00,9570.0,9650.0,9450.0,9630.0,153568,0.0,0.0
2020-07-30 00:00:00+09:00,9700.0,9730.0,9530.0,9550.0,168082,0.0,0.0
2020-07-31 00:00:00+09:00,9530.0,9600.0,9340.0,9390.0,208770,0.0,0.0
2020-08-03 00:00:00+09:00,9300.0,9400.0,9050.0,9300.0,168268,0.0,0.0
2020-08-04 00:00:00+09:00,9330.0,9700.0,9330.0,9530.0,188765,0.0,0.0
2020-08-05 00:00:00+09:00,9510.0,9530.0,9200.0,9340.0,209656,0.0,0.0
2020-08-06 00:00:00+09:00,9340.0,9390.0,9200.0,9300.0,104677,0.0,0.0
2020-08-07 00:00:00+09:00,9300.0,9370.0,9160.0,9170.0,125689,0.0,0.0
2020-08-10 00:00:00+09:00,9200.0,9850.0,9190.0,9650.0,414391,0.0,0.0
2020-08-11 00:00:00+09:00,9670.0,9760.0,9370.0,9380.0,212527,0.0,0.0
2020-08-12 00:00:00+09:00,9370.0,9470.0,9130.0,9200.0,184830,0.0,0.0
2020-08-13 00:00:00+09:00,9320.0,9950.0,9300.0,9530.0,658733,0.0,0.0
2020-08-14 00:00:00+09:00,9400.0,9540.0,9210.0,9430.0,265556,0.0,0.0
2020-08-18 00:00:00+09:00,9370.0,9390.0,8580.0,8670.0,338183,0.0,0.0
2020-08-19 00:00:00+09:00,8610.0,8940.0,8550.0,8860.0,138782,0.0,0.0
2020-08-20 00:00:00+09:00,8850.0,9170.0,8410.0,8550.0,187175,0.0,0.0
2020-08-21 00:00:00+09:00,8600.0,8750.0,8330.0,8410.0,121508,0.0,0.0
2020-08-24 00:00:00+09:00,8370.0,8650.0,8340.0,8570.0,79239,0.0,0.0
2020-08-25 00:00:00+09:00,8560.0,9020.0,8560.0,8960.0,80499,0.0,0.0
2020-08-26 00:00:00+09:00,8960.0,9050.0,8780.0,8960.0,66970,0.0,0.0
2020-08-27 00:00:00+09:00,8960.0,8960.0,8650.0,8650.0,95799,0.0,0.0
2020-08-28 00:00:00+09:00,8650.0,8950.0,8650.0,8780.0,63659,0.0,0.0
2020-08-31 00:00:00+09:00,8810.0,9500.0,8810.0,9320.0,374113,0.0,0.0
2020-09-01 00:00:00+09:00,9490.0,9740.0,9450.0,9520.0,422349,0.0,0.0
2020-09-02 00:00:00+09:00,9520.0,9580.0,9180.0,9400.0,182289,0.0,0.0
2020-09-03 00:00:00+09:00,9480.0,9480.0,9280.0,9430.0,122118,0.0,0.0
2020-09-04 00:00:00+09:00,9000.0,9390.0,9000.0,9380.0,174629,0.0,0.0
2020-09-07 00:00:00+09:00,10250.0,12150.0,9720.0,11200.0,7562151,0.0,0.0
2020-09-08 00:00:00+09:00,11300.0,11400.0,10550.0,10550.0,1203029,0.0,0.0
2020-09-09 00:00:00+09:00,10900.0,11500.0,10550.0,10900.0,1885470,0.0,0.0
2020-09-10 00:00:00+09:00,11300.0,12500.0,11100.0,11400.0,3865126,0.0,0.0
2020-09-11 00:00:00+09:00,11250.0,12200.0,11100.0,11950.0,1228969,0.0,0.0
2020-09-14 00:00:00+09:00,12150.0,12700.0,11750.0,11850.0,1096375,0.0,0.0
2020-09-15 00:00:00+09:00,12050.0,12350.0,11350.0,11400.0,810731,0.0,0.0
2020-09-16 00:00:00+09:00,11600.0,12300.0,11400.0,12250.0,1335802,0.0,0.0
2020-09-17 00:00:00+09:00,12400.0,12500.0,11850.0,12100.0,780159,0.0,0.0
2020-09-18 00:00:00+09:00,12000.0,12250.0,11650.0,11700.0,332182,0.0,0.0
2020-09-21 00:00:00+09:00,11850.0,12300.0,11400.0,11600.0,686679,0.0,0.0
2020-09-22 00:00:00+09:00,11550.0,11650.0,10800.0,11200.0,485456,0.0,0.0
2020-09-23 00:00:00+09:00,11400.0,11550.0,10700.0,11000.0,331400,0.0,0.0
2020-09-24 00:00:00+09:00,10500.0,10850.0,9980.0,10100.0,422581,0.0,0.0
2020-09-25 00:00:00+09:00,10250.0,10400.0,9890.0,10200.0,197472,0.0,0.0
2020-09-28 00:00:00+09:00,10600.0,10750.0,10400.0,10700.0,149420,0.0,0.0
2020-09-29 00:00:00+09:00,10950.0,11150.0,10700.0,11150.0,216283,0.0,0.0
2020-10-05 00:00:00+09:00,11350.0,11750.0,11150.0,11600.0,335942,0.0,0.0
2020-10-06 00:00:00+09:00,11700.0,13450.0,11500.0,12600.0,2637496,0.0,0.0
2020-10-07 00:00:00+09:00,12400.0,13750.0,12350.0,13350.0,2467573,0.0,0.0
2020-10-08 00:00:00+09:00,13350.0,13550.0,13050.0,13400.0,667992,0.0,0.0
2020-10-12 00:00:00+09:00,13850.0,14600.0,13750.0,14100.0,1427910,0.0,0.0
2020-10-13 00:00:00+09:00,14150.0,17750.0,14150.0,16650.0,4860751,0.0,0.0
2020-10-14 00:00:00+09:00,16850.0,18300.0,16700.0,17200.0,2154473,0.0,0.0
2020-10-15 00:00:00+09:00,17100.0,18050.0,16750.0,18050.0,1284141,0.0,0.0
2020-10-16 00:00:00+09:00,17800.0,17950.0,15350.0,15750.0,1591348,0.0,0.0
2020-10-19 00:00:00+09:00,15600.0,16200.0,15200.0,15350.0,727367,0.0,0.0
2020-10-20 00:00:00+09:00,15100.0,16000.0,15050.0,15550.0,656436,0.0,0.0
2020-10-21 00:00:00+09:00,15650.0,15850.0,14650.0,14900.0,570184,0.0,0.0
2020-10-22 00:00:00+09:00,14900.0,15250.0,14500.0,14750.0,366560,0.0,0.0
2020-10-23 00:00:00+09:00,14900.0,15050.0,14150.0,14400.0,308912,0.0,0.0
2020-10-26 00:00:00+09:00,14200.0,14400.0,13850.0,13850.0,342849,0.0,0.0
2020-10-27 00:00:00+09:00,13700.0,14400.0,13300.0,14400.0,485641,0.0,0.0
2020-10-28 00:00:00+09:00,14600.0,15100.0,14000.0,14500.0,1075402,0.0,0.0
2020-10-29 00:00:00+09:00,13900.0,14500.0,13750.0,14500.0,493305,0.0,0.0
2020-10-30 00:00:00+09:00,14350.0,15400.0,14350.0,14650.0,877876,0.0,0.0
2020-11-02 00:00:00+09:00,14950.0,15850.0,14650.0,15800.0,867195,0.0,0.0
2020-11-03 00:00:00+09:00,15900.0,16000.0,15400.0,15550.0,548523,0.0,0.0
2020-11-04 00:00:00+09:00,15600.0,16150.0,13900.0,14400.0,996358,0.0,0.0
2020-11-05 00:00:00+09:00,15000.0,15450.0,14600.0,15250.0,697265,0.0,0.0
2020-11-06 00:00:00+09:00,15050.0,16200.0,13200.0,13850.0,1865145,0.0,0.0
2020-11-09 00:00:00+09:00,14100.0,14350.0,13950.0,14250.0,463466,0.0,0.0
2020-11-10 00:00:00+09:00,14250.0,14400.0,13700.0,13750.0,359234,0.0,0.0
2020-11-11 00:00:00+09:00,13800.0,13850.0,12950.0,13300.0,448633,0.0,0.0
2020-11-12 00:00:00+09:00,13500.0,13550.0,12950.0,13300.0,294207,0.0,0.0
2020-11-13 00:00:00+09:00,13450.0,13500.0,12950.0,13300.0,182122,0.0,0.0
2020-11-16 00:00:00+09:00,13400.0,13850.0,13350.0,13550.0,281214,0.0,0.0
2020-11-17 00:00:00+09:00,13650.0,13650.0,13150.0,13250.0,184333,0.0,0.0
2020-11-18 00:00:00+09:00,13300.0,13450.0,13000.0,13350.0,191061,0.0,0.0
2020-11-19 00:00:00+09:00,13450.0,13450.0,13200.0,13400.0,107784,0.0,0.0
2020-11-20 00:00:00+09:00,13400.0,13800.0,13200.0,13700.0,232827,0.0,0.0
2020-11-23 00:00:00+09:00,13550.0,13850.0,13500.0,13800.0,198963,0.0,0.0
2020-11-24 00:00:00+09:00,14300.0,14650.0,14150.0,14300.0,572654,0.0,0.0
2020-11-25 00:00:00+09:00,14600.0,14600.0,13600.0,13900.0,313240,0.0,0.0
2020-11-26 00:00:00+09:00,14000.0,14000.0,13500.0,13700.0,160086,0.0,0.0
2020-11-27 00:00:00+09:00,13700.0,13950.0,13550.0,13850.0,117758,0.0,0.0
2020-11-30 00:00:00+09:00,14000.0,14000.0,13750.0,14000.0,122745,0.0,0.0
2020-12-01 00:00:00+09:00,13900.0,14050.0,13700.0,13950.0,116898,0.0,0.0
2020-12-02 00:00:00+09:00,13850.0,14200.0,13650.0,13750.0,197315,0.0,0.0
2020-12-03 00:00:00+09:00,13850.0,13950.0,13550.0,13600.0,137202,0.0,0.0
2020-12-04 00:00:00+09:00,13600.0,13700.0,13300.0,13300.0,190246,0.0,0.0
2020-12-07 00:00:00+09:00,13150.0,13400.0,13000.0,13100.0,193115,0.0,0.0
2020-12-08 00:00:00+09:00,13100.0,13600.0,13100.0,13300.0,179907,0.0,0.0
2020-12-09 00:00:00+09:00,13300.0,13650.0,13300.0,13400.0,160413,0.0,0.0
2020-12-10 00:00:00+09:00,13300.0,13700.0,13150.0,13700.0,130225,0.0,0.0
2020-12-11 00:00:00+09:00,13950.0,13950.0,13550.0,13750.0,143573,0.0,0.0
2020-12-14 00:00:00+09:00,13700.0,13750.0,13300.0,13350.0,128204,0.0,0.0
2020-12-15 00:00:00+09:00,13500.0,13900.0,13250.0,13850.0,241431,0.0,0.0
2020-12-16 00:00:00+09:00,13900.0,14700.0,13800.0,14400.0,424579,0.0,0.0
2020-12-17 00:00:00+09:00,14400.0,14650.0,14200.0,14500.0,263675,0.0,0.0
2020-12-18 00:00:00+09:00,14450.0,14550.0,14200.0,14450.0,174424,0.0,0.0
2020-12-21 00:00:00+09:00,14300.0,14400.0,13950.0,14150.0,184250,0.0,0.0
2020-12-22 00:00:00+09:00,14050.0,14350.0,13900.0,13950.0,186018,0.0,0.0
2020-12-23 00:00:00+09:00,13900.0,14150.0,13600.0,14000.0,196262,0.0,0.0
2020-12-24 00:00:00+09:00,14350.0,14350.0,13900.0,14100.0,151808,0.0,0.0
2020-12-28 00:00:00+09:00,14100.0,14100.0,13750.0,13800.0,148413,0.0,0.0
2020-12-29 00:00:00+09:00,13950.0,14400.0,13850.0,14200.0,158144,0.0,0.0
2020-12-30 00:00:00+09:00,14400.0,14800.0,14100.0,14800.0,272801,0.0,0.0
2021-01-04 00:00:00+09:00,15000.0,15250.0,14700.0,15150.0,405939,0.0,0.0
2021-01-05 00:00:00+09:00,15150.0,15800.0,14850.0,15200.0,601573,0.0,0.0
2021-01-06 00:00:00+09:00,15350.0,15350.0,14750.0,14900.0,233789,0.0,0.0
2021-01-07 00:00:00+09:00,15000.0,15600.0,14900.0,15450.0,417873,0.0,0.0
2021-01-08 00:00:00+09:00,15750.0,15750.0,15100.0,15350.0,299608,0.0,0.0
2021-01-11 00:00:00+09:00,15350.0,15400.0,14150.0,14750.0,438877,0.0,0.0
2021-01-12 00:00:00+09:00,14800.0,15000.0,14350.0,14700.0,189504,0.0,0.0
2021-01-13 00:00:00+09:00,15000.0,15800.0,14800.0,15050.0,566993,0.0,0.0
2021-01-14 00:00:00+09:00,15050.0,15350.0,15050.0,15200.0,164904,0.0,0.0
2021-01-15 00:00:00+09:00,15350.0,15350.0,14700.0,14900.0,180005,0.0,0.0
2021-01-18 00:00:00+09:00,14700.0,14800.0,14350.0,14350.0,175601,0.0,0.0
2021-01-19 00:00:00+09:00,14350.0,14800.0,14200.0,14700.0,137653,0.0,0.0
2021-01-20 00:00:00+09:00,14950.0,15000.0,14500.0,14750.0,191979,0.0,0.0
2021-01-21 00:00:00+09:00,14950.0,14950.0,14550.0,14800.0,156104,0.0,0.0
2021-01-22 00:00:00+09:00,14850.0,16350.0,14750.0,16100.0,1559493,0.0,0.0
2021-01-25 00:00:00+09:00,16000.0,16100.0,15700.0,15950.0,355085,0.0,0.0
2021-01-26 00:00:00+09:00,16100.0,16450.0,15900.0,16050.0,407317,0.0,0.0
2021-01-27 00:00:00+09:00,16250.0,16300.0,15750.0,16300.0,296274,0.0,0.0
2021-01-28 00:00:00+09:00,15850.0,16000.0,15400.0,15800.0,427862,0.0,0.0
2021-01-29 00:00:00+09:00,16000.0,16000.0,14450.0,14650.0,438497,0.0,0.0
2021-02-01 00:00:00+09:00,14400.0,14650.0,13700.0,14600.0,200543,0.0,0.0
2021-02-02 00:00:00+09:00,14700.0,14850.0,14350.0,14500.0,181265,0.0,0.0
2021-02-03 00:00:00+09:00,14600.0,14800.0,14450.0,14650.0,111717,0.0,0.0
2021-02-04 00:00:00+09:00,14500.0,15050.0,14400.0,15050.0,139921,0.0,0.0
2021-02-05 00:00:00+09:00,15250.0,15300.0,14600.0,14600.0,151970,0.0,0.0
2021-02-08 00:00:00+09:00,14550.0,14650.0,14350.0,14400.0,82969,0.0,0.0
2021-02-09 00:00:00+09:00,14350.0,14600.0,14000.0,14050.0,106819,0.0,0.0
2021-02-10 00:00:00+09:00,14150.0,14250.0,13850.0,14100.0,94867,0.0,0.0
2021-02-15 00:00:00+09:00,14100.0,14250.0,13950.0,14250.0,80322,0.0,0.0
2021-02-16 00:00:00+09:00,14250.0,14300.0,14050.0,14200.0,75600,0.0,0.0
2021-02-17 00:00:00+09:00,14250.0,14250.0,13800.0,14050.0,133571,0.0,0.0
2021-02-18 00:00:00+09:00,14050.0,14150.0,13700.0,13800.0,84286,0.0,0.0
2021-02-19 00:00:00+09:00,13700.0,13850.0,13100.0,13400.0,235355,0.0,0.0
2021-02-22 00:00:00+09:00,13400.0,13500.0,12950.0,13050.0,117561,0.0,0.0
2021-02-23 00:00:00+09:00,12800.0,12950.0,12400.0,12500.0,157742,0.0,0.0
2021-02-24 00:00:00+09:00,12450.0,12550.0,11750.0,11850.0,184637,0.0,0.0
2021-02-25 00:00:00+09:00,12100.0,12350.0,11900.0,12300.0,80674,0.0,0.0
2021-02-26 00:00:00+09:00,11900.0,12000.0,11600.0,11800.0,132346,0.0,0.0
2021-03-02 00:00:00+09:00,12300.0,12300.0,11700.0,12050.0,105429,0.0,0.0
2021-03-03 00:00:00+09:00,11800.0,13400.0,11800.0,12800.0,370997,0.0,0.0
2021-03-04 00:00:00+09:00,12750.0,13000.0,12500.0,13000.0,103947,0.0,0.0
2021-03-05 00:00:00+09:00,12550.0,13000.0,12550.0,13000.0,54939,0.0,0.0
2021-03-08 00:00:00+09:00,13100.0,13300.0,12700.0,12800.0,70334,0.0,0.0
2021-03-09 00:00:00+09:00,12800.0,12950.0,12050.0,12850.0,72271,0.0,0.0
2021-03-10 00:00:00+09:00,12800.0,13000.0,12300.0,12400.0,57565,0.0,0.0
2021-03-11 00:00:00+09:00,12450.0,12600.0,12300.0,12400.0,57842,0.0,0.0
2021-03-12 00:00:00+09:00,12450.0,12900.0,12450.0,12850.0,48820,0.0,0.0
2021-03-15 00:00:00+09:00,13000.0,13000.0,12600.0,12750.0,49383,0.0,0.0
2021-03-16 00:00:00+09:00,12750.0,13000.0,12700.0,12950.0,35989,0.0,0.0
2021-03-17 00:00:00+09:00,13000.0,13050.0,12800.0,12950.0,44449,0.0,0.0
2021-03-18 00:00:00+09:00,13200.0,13200.0,12850.0,12950.0,29885,0.0,0.0
2021-03-19 00:00:00+09:00,12850.0,13000.0,12700.0,12950.0,51769,0.0,0.0
2021-03-22 00:00:00+09:00,12950.0,12950.0,12750.0,12900.0,41854,0.0,0.0
2021-03-23 00:00:00+09:00,12950.0,12950.0,12550.0,12700.0,49780,0.0,0.0
2021-03-24 00:00:00+09:00,12550.0,12800.0,12450.0,12800.0,41820,0.0,0.0
2021-03-25 00:00:00+09:00,13050.0,13050.0,12650.0,12800.0,43292,0.0,0.0
2021-03-26 00:00:00+09:00,12850.0,13000.0,12750.0,12900.0,43938,0.0,0.0
2021-03-29 00:00:00+09:00,12900.0,13400.0,12900.0,13400.0,129660,0.0,0.0
2021-03-30 00:00:00+09:00,13400.0,13400.0,13050.0,13050.0,72498,0.0,0.0
2021-03-31 00:00:00+09:00,13050.0,13200.0,13000.0,13050.0,44872,0.0,0.0
2021-04-01 00:00:00+09:00,13050.0,13050.0,12800.0,12850.0,64657,0.0,0.0
2021-04-02 00:00:00+09:00,13000.0,13000.0,12750.0,12850.0,83279,0.0,0.0
2021-04-05 00:00:00+09:00,12800.0,12950.0,12650.0,12850.0,44898,0.0,0.0
2021-04-06 00:00:00+09:00,12850.0,12950.0,12600.0,12650.0,57954,0.0,0.0
2021-04-07 00:00:00+09:00,12750.0,12800.0,12450.0,12450.0,64407,0.0,0.0
2021-04-08 00:00:00+09:00,12500.0,12600.0,12350.0,12400.0,67621,0.0,0.0
2021-04-09 00:00:00+09:00,12450.0,12850.0,12450.0,12800.0,74786,0.0,0.0
2021-04-12 00:00:00+09:00,12800.0,12950.0,12750.0,12750.0,43691,0.0,0.0
2021-04-13 00:00:00+09:00,12750.0,13050.0,12700.0,13050.0,72846,0.0,0.0
2021-04-14 00:00:00+09:00,13050.0,13400.0,12850.0,13400.0,122238,0.0,0.0
2021-04-15 00:00:00+09:00,13400.0,13700.0,13250.0,13400.0,123216,0.0,0.0
2021-04-16 00:00:00+09:00,13350.0,13550.0,13300.0,13350.0,36711,0.0,0.0
2021-04-19 00:00:00+09:00,13250.0,13450.0,13150.0,13350.0,56125,0.0,0.0
2021-04-20 00:00:00+09:00,13250.0,13450.0,13200.0,13300.0,40227,0.0,0.0
2021-04-21 00:00:00+09:00,13300.0,13550.0,13250.0,13500.0,125644,0.0,0.0
2021-04-22 00:00:00+09:00,13650.0,14100.0,13500.0,13600.0,200625,0.0,0.0
2021-04-23 00:00:00+09:00,13550.0,13800.0,13350.0,13500.0,100453,0.0,0.0
2021-04-26 00:00:00+09:00,13500.0,13550.0,13300.0,13450.0,70438,0.0,0.0
2021-04-27 00:00:00+09:00,13450.0,13550.0,13200.0,13250.0,69920,0.0,0.0
2021-04-28 00:00:00+09:00,13250.0,13450.0,13050.0,13300.0,70521,0.0,0.0
2021-04-29 00:00:00+09:00,14000.0,14200.0,12800.0,12850.0,274920,0.0,0.0
2021-04-30 00:00:00+09:00,12950.0,13250.0,12750.0,12850.0,79266,0.0,0.0
2021-05-03 00:00:00+09:00,13000.0,13450.0,12950.0,13250.0,79964,0.0,0.0
2021-05-04 00:00:00+09:00,13100.0,13400.0,12850.0,13000.0,64388,0.0,0.0
2021-05-06 00:00:00+09:00,12950.0,13650.0,12850.0,13100.0,106018,0.0,0.0
2021-05-07 00:00:00+09:00,13400.0,13400.0,13100.0,13300.0,39740,0.0,0.0
2021-05-10 00:00:00+09:00,13350.0,13500.0,13150.0,13400.0,75543,0.0,0.0
2021-05-11 00:00:00+09:00,13250.0,13500.0,13200.0,13450.0,58343,0.0,0.0
2021-05-12 00:00:00+09:00,13450.0,13550.0,13250.0,13350.0,77433,0.0,0.0
2021-05-13 00:00:00+09:00,13300.0,13450.0,13100.0,13450.0,101225,0.0,0.0
2021-05-14 00:00:00+09:00,13600.0,13600.0,13300.0,13400.0,51685,0.0,0.0
2021-05-17 00:00:00+09:00,13350.0,13350.0,12500.0,12650.0,98273,0.0,0.0
2021-05-18 00:00:00+09:00,12550.0,12750.0,12550.0,12750.0,41113,0.0,0.0
2021-05-20 00:00:00+09:00,12700.0,12700.0,12250.0,12450.0,76383,0.0,0.0
2021-05-21 00:00:00+09:00,12600.0,12600.0,12200.0,12200.0,50366,0.0,0.0
2021-05-24 00:00:00+09:00,12050.0,12400.0,12050.0,12100.0,42451,0.0,0.0
2021-05-25 00:00:00+09:00,12100.0,12300.0,12050.0,12200.0,18808,0.0,0.0
2021-05-26 00:00:00+09:00,12100.0,13650.0,12050.0,12450.0,272205,0.0,0.0
2021-05-27 00:00:00+09:00,12550.0,12650.0,12400.0,12500.0,41921,0.0,0.0
2021-05-28 00:00:00+09:00,12550.0,12600.0,12400.0,12500.0,35886,0.0,0.0
2021-05-31 00:00:00+09:00,12600.0,12750.0,12550.0,12550.0,34193,0.0,0.0
2021-06-01 00:00:00+09:00,12700.0,12750.0,12550.0,12650.0,54700,0.0,0.0
2021-06-02 00:00:00+09:00,12650.0,12750.0,12550.0,12700.0,33276,0.0,0.0
2021-06-03 00:00:00+09:00,12650.0,12800.0,12550.0,12700.0,37951,0.0,0.0
2021-06-04 00:00:00+09:00,12550.0,12700.0,12400.0,12700.0,88728,0.0,0.0
2021-06-07 00:00:00+09:00,12800.0,13650.0,12750.0,13550.0,488405,0.0,0.0
2021-06-08 00:00:00+09:00,13500.0,13500.0,12900.0,12950.0,152095,0.0,0.0
2021-06-09 00:00:00+09:00,13000.0,13650.0,12500.0,12600.0,354304,0.0,0.0
2021-06-10 00:00:00+09:00,12500.0,12750.0,12500.0,12600.0,70884,0.0,0.0
2021-06-11 00:00:00+09:00,12600.0,13100.0,12600.0,12800.0,164167,0.0,0.0
2021-06-14 00:00:00+09:00,12900.0,13000.0,12700.0,12750.0,43250,0.0,0.0
2021-06-15 00:00:00+09:00,12700.0,12850.0,12550.0,12700.0,44601,0.0,0.0
2021-06-16 00:00:00+09:00,12600.0,12850.0,12600.0,12750.0,34914,0.0,0.0
2021-06-17 00:00:00+09:00,12750.0,12750.0,12600.0,12650.0,32904,0.0,0.0
2021-06-18 00:00:00+09:00,12650.0,12850.0,12600.0,12850.0,79377,0.0,0.0
2021-06-21 00:00:00+09:00,13100.0,13200.0,12800.0,12900.0,165802,0.0,0.0
2021-06-22 00:00:00+09:00,12950.0,12950.0,12700.0,12750.0,49259,0.0,0.0
2021-06-23 00:00:00+09:00,12800.0,12850.0,12400.0,12500.0,74380,0.0,0.0
2021-06-24 00:00:00+09:00,12500.0,12550.0,12250.0,12300.0,79171,0.0,0.0
2021-06-25 00:00:00+09:00,12300.0,12600.0,12300.0,12500.0,31846,0.0,0.0
2021-06-28 00:00:00+09:00,12500.0,12600.0,12400.0,12500.0,29026,0.0,0.0
2021-06-29 00:00:00+09:00,12450.0,12500.0,12400.0,12400.0,29929,0.0,0.0
2021-06-30 00:00:00+09:00,12400.0,12500.0,12350.0,12500.0,23624,0.0,0.0
2021-07-01 00:00:00+09:00,12500.0,12550.0,12350.0,12400.0,32281,0.0,0.0
2021-07-02 00:00:00+09:00,12400.0,12500.0,12350.0,12450.0,26834,0.0,0.0
2021-07-05 00:00:00+09:00,12450.0,12450.0,12250.0,12450.0,41724,0.0,0.0
2021-07-06 00:00:00+09:00,12400.0,12650.0,12400.0,12550.0,64442,0.0,0.0
2021-07-07 00:00:00+09:00,12550.0,12550.0,12350.0,12400.0,34253,0.0,0.0
2021-07-08 00:00:00+09:00,12450.0,12500.0,12100.0,12200.0,57045,0.0,0.0
2021-07-09 00:00:00+09:00,12100.0,12100.0,11600.0,11850.0,90786,0.0,0.0
2021-07-12 00:00:00+09:00,11950.0,12150.0,11900.0,12100.0,37437,0.0,0.0
2021-07-13 00:00:00+09:00,12100.0,12400.0,12050.0,12350.0,41001,0.0,0.0
2021-07-14 00:00:00+09:00,12350.0,12350.0,12150.0,12200.0,21723,0.0,0.0
2021-07-15 00:00:00+09:00,12300.0,12300.0,12150.0,12250.0,42918,0.0,0.0
2021-07-16 00:00:00+09:00,12250.0,12450.0,12150.0,12300.0,45020,0.0,0.0
2021-07-19 00:00:00+09:00,12300.0,12300.0,12100.0,12200.0,38280,0.0,0.0
2021-07-20 00:00:00+09:00,12350.0,12500.0,12050.0,12300.0,70079,0.0,0.0
2021-07-21 00:00:00+09:00,12500.0,12500.0,11850.0,11950.0,132668,0.0,0.0
2021-07-22 00:00:00+09:00,12100.0,12150.0,11900.0,12100.0,36127,0.0,0.0
2021-07-23 00:00:00+09:00,12200.0,12200.0,11950.0,12050.0,22942,0.0,0.0
2021-07-26 00:00:00+09:00,12050.0,12050.0,11650.0,11800.0,65415,0.0,0.0
2021-07-27 00:00:00+09:00,11700.0,11800.0,11500.0,11750.0,98117,0.0,0.0
2021-07-28 00:00:00+09:00,11600.0,11750.0,11450.0,11500.0,54356,0.0,0.0
2021-07-29 00:00:00+09:00,11500.0,11650.0,11500.0,11550.0,38644,0.0,0.0
2021-07-30 00:00:00+09:00,11650.0,11650.0,11200.0,11250.0,41405,0.0,0.0
2021-08-02 00:00:00+09:00,11250.0,11400.0,11050.0,11400.0,37784,0.0,0.0
2021-08-03 00:00:00+09:00,11400.0,11450.0,11200.0,11400.0,28419,0.0,0.0
2021-08-04 00:00:00+09:00,11400.0,11550.0,11350.0,11450.0,19849,0.0,0.0
2021-08-05 00:00:00+09:00,11450.0,11600.0,11450.0,11550.0,27540,0.0,0.0
2021-08-06 00:00:00+09:00,11550.0,11600.0,11400.0,11500.0,36197,0.0,0.0
2021-08-09 00:00:00+09:00,11500.0,11700.0,11450.0,11700.0,36509,0.0,0.0
2021-08-10 00:00:00+09:00,11750.0,11750.0,11550.0,11650.0,33984,0.0,0.0
2021-08-11 00:00:00+09:00,11650.0,11700.0,11550.0,11650.0,34510,0.0,0.0
2021-08-12 00:00:00+09:00,11650.0,11700.0,11600.0,11600.0,35752,0.0,0.0
2021-08-13 00:00:00+09:00,11600.0,11700.0,11250.0,11450.0,52016,0.0,0.0
2021-08-17 00:00:00+09:00,11400.0,11450.0,10650.0,11100.0,77940,0.0,0.0
2021-08-18 00:00:00+09:00,10800.0,11500.0,10800.0,11450.0,56796,0.0,0.0
2021-08-19 00:00:00+09:00,11200.0,11650.0,10950.0,11200.0,60726,0.0,0.0
2021-08-20 00:00:00+09:00,11200.0,11250.0,10400.0,10500.0,85721,0.0,0.0
2021-08-23 00:00:00+09:00,10350.0,10950.0,10350.0,10950.0,49945,0.0,0.0
2021-08-24 00:00:00+09:00,10950.0,11200.0,10850.0,11050.0,42808,0.0,0.0
2021-08-25 00:00:00+09:00,11100.0,11550.0,11050.0,11450.0,107385,0.0,0.0
2021-08-26 00:00:00+09:00,11400.0,11650.0,11400.0,11500.0,57035,0.0,0.0
2021-08-27 00:00:00+09:00,11600.0,12750.0,11500.0,12500.0,466193,0.0,0.0
2021-08-30 00:00:00+09:00,12800.0,13000.0,12550.0,12850.0,256511,0.0,0.0
2021-08-31 00:00:00+09:00,12850.0,13150.0,12650.0,12950.0,186066,0.0,0.0
2021-09-01 00:00:00+09:00,13050.0,13700.0,12850.0,13500.0,400323,0.0,0.0
2021-09-02 00:00:00+09:00,13400.0,13800.0,13150.0,13500.0,206889,0.0,0.0
2021-09-03 00:00:00+09:00,13650.0,14200.0,13450.0,13750.0,256899,0.0,0.0
2021-09-06 00:00:00+09:00,14050.0,14200.0,13350.0,13800.0,197525,0.0,0.0
2021-09-07 00:00:00+09:00,13800.0,14200.0,13450.0,13700.0,131317,0.0,0.0
2021-09-08 00:00:00+09:00,13700.0,13750.0,13200.0,13400.0,125282,0.0,0.0
2021-09-09 00:00:00+09:00,13400.0,13450.0,13050.0,13250.0,75719,0.0,0.0
2021-09-10 00:00:00+09:00,13100.0,13550.0,13100.0,13400.0,70722,0.0,0.0
2021-09-13 00:00:00+09:00,13250.0,13400.0,12600.0,12950.0,140353,0.0,0.0
2021-09-14 00:00:00+09:00,12950.0,13200.0,12850.0,12950.0,94025,0.0,0.0
2021-09-15 00:00:00+09:00,13050.0,14350.0,12700.0,13450.0,674561,0.0,0.0
2021-09-16 00:00:00+09:00,13400.0,14000.0,13350.0,13850.0,168153,0.0,0.0
2021-09-17 00:00:00+09:00,13900.0,14100.0,13650.0,13950.0,139213,0.0,0.0
2021-09-23 00:00:00+09:00,14050.0,14200.0,13700.0,13700.0,198479,0.0,0.0
2021-09-24 00:00:00+09:00,13900.0,13900.0,13300.0,13400.0,110541,0.0,0.0
2021-09-27 00:00:00+09:00,13400.0,13650.0,13250.0,13250.0,73341,0.0,0.0
2021-09-28 00:00:00+09:00,13250.0,13400.0,12800.0,12950.0,97147,0.0,0.0
2021-09-29 00:00:00+09:00,12550.0,13700.0,12550.0,13500.0,150204,0.0,0.0
2021-09-30 00:00:00+09:00,13500.0,13700.0,13350.0,13550.0,69970,0.0,0.0
2021-10-01 00:00:00+09:00,13250.0,13600.0,12650.0,12850.0,119555,0.0,0.0
2021-10-05 00:00:00+09:00,12600.0,12700.0,12000.0,12150.0,102385,0.0,0.0
2021-10-06 00:00:00+09:00,12100.0,12350.0,11050.0,11300.0,156265,0.0,0.0
2021-10-07 00:00:00+09:00,11350.0,12600.0,11250.0,12600.0,109504,0.0,0.0
2021-10-08 00:00:00+09:00,13200.0,13300.0,12600.0,12650.0,103232,0.0,0.0
2021-10-12 00:00:00+09:00,12650.0,13200.0,12450.0,12950.0,63119,0.0,0.0
2021-10-13 00:00:00+09:00,12900.0,13050.0,12750.0,12800.0,50347,0.0,0.0
2021-10-14 00:00:00+09:00,12850.0,13350.0,12850.0,13200.0,84801,0.0,0.0
2021-10-15 00:00:00+09:00,13200.0,13300.0,13000.0,13250.0,47076,0.0,0.0
2021-10-18 00:00:00+09:00,13150.0,13200.0,12750.0,12850.0,70595,0.0,0.0
2021-10-19 00:00:00+09:00,12750.0,13150.0,12750.0,13100.0,46759,0.0,0.0
2021-10-20 00:00:00+09:00,13100.0,13250.0,12850.0,12900.0,45780,0.0,0.0
2021-10-21 00:00:00+09:00,12850.0,12900.0,12600.0,12800.0,63820,0.0,0.0
2021-10-22 00:00:00+09:00,12650.0,13100.0,12550.0,12750.0,90476,0.0,0.0
2021-10-25 00:00:00+09:00,12650.0,12850.0,12500.0,12700.0,50603,0.0,0.0
2021-10-26 00:00:00+09:00,12700.0,12850.0,12600.0,12800.0,49260,0.0,0.0
2021-10-27 00:00:00+09:00,12800.0,13250.0,12800.0,12950.0,67237,0.0,0.0
2021-10-28 00:00:00+09:00,12950.0,13050.0,12500.0,12700.0,64511,0.0,0.0
2021-10-29 00:00:00+09:00,12700.0,12800.0,12450.0,12600.0,51404,0.0,0.0
2021-11-01 00:00:00+09:00,12500.0,12550.0,12100.0,12300.0,54534,0.0,0.0
2021-11-02 00:00:00+09:00,12300.0,12500.0,12200.0,12350.0,37149,0.0,0.0
2021-11-03 00:00:00+09:00,12300.0,12450.0,12200.0,12350.0,32699,0.0,0.0
2021-11-04 00:00:00+09:00,12350.0,12450.0,12000.0,12150.0,58769,0.0,0.0
2021-11-05 00:00:00+09:00,12100.0,12200.0,11850.0,12200.0,26197,0.0,0.0
2021-11-08 00:00:00+09:00,12150.0,12200.0,11750.0,12200.0,40946,0.0,0.0
2021-11-09 00:00:00+09:00,12200.0,12250.0,11800.0,12000.0,44466,0.0,0.0
2021-11-10 00:00:00+09:00,11800.0,11950.0,11600.0,11750.0,39283,0.0,0.0
2021-11-11 00:00:00+09:00,11650.0,11700.0,11400.0,11650.0,36662,0.0,0.0
2021-11-12 00:00:00+09:00,11900.0,11950.0,11650.0,11850.0,16435,0.0,0.0
2021-11-15 00:00:00+09:00,11850.0,12050.0,11750.0,11850.0,30642,0.0,0.0
2021-11-16 00:00:00+09:00,11800.0,11800.0,11500.0,11600.0,45910,0.0,0.0
2021-11-17 00:00:00+09:00,11500.0,11650.0,11150.0,11450.0,36326,0.0,0.0
2021-11-18 00:00:00+09:00,11450.0,11500.0,11150.0,11400.0,32305,0.0,0.0
2021-11-19 00:00:00+09:00,11200.0,11450.0,11050.0,11350.0,38788,0.0,0.0
2021-11-22 00:00:00+09:00,11150.0,11250.0,11000.0,11100.0,39724,0.0,0.0
2021-11-23 00:00:00+09:00,11100.0,11200.0,10850.0,11100.0,35800,0.0,0.0
2021-11-24 00:00:00+09:00,11000.0,11250.0,10950.0,11100.0,23207,0.0,0.0
2021-11-25 00:00:00+09:00,11100.0,11150.0,10950.0,11050.0,19052,0.0,0.0
2021-11-26 00:00:00+09:00,11050.0,11200.0,10700.0,11050.0,44942,0.0,0.0
2021-11-29 00:00:00+09:00,10800.0,10900.0,10500.0,10700.0,45304,0.0,0.0
2021-11-30 00:00:00+09:00,10650.0,10800.0,10000.0,10450.0,51036,0.0,0.0
2021-12-01 00:00:00+09:00,10350.0,10700.0,10050.0,10700.0,47261,0.0,0.0
2021-12-02 00:00:00+09:00,10600.0,11100.0,10450.0,11050.0,34597,0.0,0.0
2021-12-03 00:00:00+09:00,11050.0,11100.0,10900.0,11000.0,13501,0.0,0.0
2021-12-06 00:00:00+09:00,11100.0,11100.0,10650.0,10800.0,41415,0.0,0.0
2021-12-07 00:00:00+09:00,10900.0,10900.0,10700.0,10800.0,25279,0.0,0.0
2021-12-08 00:00:00+09:00,10800.0,11100.0,10700.0,10850.0,46607,0.0,0.0
2021-12-09 00:00:00+09:00,10850.0,11000.0,10700.0,10900.0,29238,0.0,0.0
2021-12-10 00:00:00+09:00,10900.0,10950.0,10700.0,10900.0,20470,0.0,0.0
2021-12-13 00:00:00+09:00,10900.0,11150.0,10750.0,10900.0,37496,0.0,0.0
2021-12-14 00:00:00+09:00,10900.0,11050.0,10750.0,10950.0,37749,0.0,0.0
2021-12-15 00:00:00+09:00,10850.0,11000.0,10750.0,10800.0,26373,0.0,0.0
2021-12-16 00:00:00+09:00,10750.0,10950.0,10750.0,10850.0,23001,0.0,0.0
2021-12-17 00:00:00+09:00,10750.0,10900.0,10650.0,10800.0,19449,0.0,0.0
2021-12-20 00:00:00+09:00,10800.0,10900.0,10500.0,10650.0,26269,0.0,0.0
2021-12-21 00:00:00+09:00,10500.0,10700.0,10400.0,10600.0,27962,0.0,0.0
2021-12-22 00:00:00+09:00,10600.0,10700.0,10500.0,10650.0,25503,0.0,0.0
2021-12-23 00:00:00+09:00,10850.0,10850.0,10600.0,10750.0,24255,0.0,0.0
2021-12-24 00:00:00+09:00,10750.0,11250.0,10750.0,10900.0,51728,0.0,0.0
2021-12-27 00:00:00+09:00,10900.0,11200.0,10850.0,10850.0,30683,0.0,0.0
2021-12-28 00:00:00+09:00,10800.0,10950.0,10750.0,10900.0,37073,0.0,0.0
2021-12-29 00:00:00+09:00,10900.0,11000.0,10700.0,10850.0,30789,0.0,0.0
2021-12-30 00:00:00+09:00,10950.0,10950.0,10750.0,10850.0,30600,0.0,0.0
2022-01-04 00:00:00+09:00,11000.0,11200.0,10900.0,11200.0,37936,0.0,0.0
2022-01-05 00:00:00+09:00,11250.0,11250.0,10750.0,10850.0,49630,0.0,0.0
2022-01-06 00:00:00+09:00,10700.0,11050.0,10700.0,10900.0,38963,0.0,0.0
2022-01-07 00:00:00+09:00,10900.0,11050.0,10900.0,11000.0,17969,0.0,0.0
2022-01-10 00:00:00+09:00,11000.0,11000.0,10800.0,10850.0,27196,0.0,0.0
2022-01-11 00:00:00+09:00,10800.0,11000.0,10600.0,10650.0,35639,0.0,0.0
2022-01-12 00:00:00+09:00,10700.0,10800.0,10500.0,10700.0,23215,0.0,0.0
2022-01-13 00:00:00+09:00,10750.0,10850.0,10650.0,10700.0,23577,0.0,0.0
2022-01-14 00:00:00+09:00,10700.0,10800.0,10600.0,10750.0,11582,0.0,0.0
2022-01-17 00:00:00+09:00,10750.0,10800.0,10600.0,10700.0,25597,0.0,0.0
2022-01-18 00:00:00+09:00,10600.0,10700.0,10200.0,10300.0,48078,0.0,0.0
2022-01-19 00:00:00+09:00,10000.0,10350.0,9980.0,10300.0,64883,0.0,0.0
2022-01-20 00:00:00+09:00,10200.0,10350.0,10100.0,10350.0,17261,0.0,0.0
2022-01-21 00:00:00+09:00,10400.0,10400.0,9950.0,9950.0,92687,0.0,0.0
2022-01-24 00:00:00+09:00,9900.0,9970.0,9690.0,9850.0,59901,0.0,0.0
2022-01-25 00:00:00+09:00,9710.0,9840.0,9350.0,9490.0,53237,0.0,0.0
2022-01-26 00:00:00+09:00,9370.0,9580.0,9310.0,9500.0,42791,0.0,0.0
2022-01-27 00:00:00+09:00,9400.0,9500.0,8970.0,8980.0,67542,0.0,0.0
2022-01-28 00:00:00+09:00,9100.0,9170.0,8890.0,9160.0,28287,0.0,0.0
2022-02-03 00:00:00+09:00,9380.0,9680.0,9240.0,9670.0,42221,0.0,0.0
2022-02-04 00:00:00+09:00,9670.0,9860.0,9630.0,9780.0,34670,0.0,0.0
2022-02-07 00:00:00+09:00,9780.0,9890.0,9700.0,9760.0,8748,0.0,0.0
2022-02-08 00:00:00+09:00,9790.0,9830.0,9630.0,9760.0,15268,0.0,0.0
2022-02-09 00:00:00+09:00,9880.0,9880.0,9770.0,9840.0,15814,0.0,0.0
2022-02-10 00:00:00+09:00,9830.0,10000.0,9810.0,10000.0,20012,0.0,0.0
2022-02-11 00:00:00+09:00,9990.0,9990.0,9780.0,9920.0,18705,0.0,0.0
2022-02-14 00:00:00+09:00,9710.0,9820.0,9480.0,9520.0,41649,0.0,0.0
2022-02-15 00:00:00+09:00,9490.0,10900.0,9490.0,9830.0,179885,0.0,0.0
2022-02-16 00:00:00+09:00,9860.0,10100.0,9600.0,10050.0,49689,0.0,0.0
2022-02-17 00:00:00+09:00,10050.0,10350.0,9940.0,10100.0,101218,0.0,0.0
2022-02-18 00:00:00+09:00,10100.0,10750.0,9980.0,10450.0,52160,0.0,0.0
2022-02-21 00:00:00+09:00,10300.0,10650.0,10250.0,10650.0,28623,0.0,0.0
2022-02-22 00:00:00+09:00,10400.0,10750.0,10400.0,10650.0,51939,0.0,0.0
2022-02-23 00:00:00+09:00,10600.0,11250.0,10600.0,11200.0,79207,0.0,0.0
2022-02-24 00:00:00+09:00,11100.0,11400.0,10950.0,11000.0,88465,0.0,0.0
2022-02-25 00:00:00+09:00,11150.0,11250.0,10850.0,11250.0,60398,0.0,0.0
2022-02-28 00:00:00+09:00,11150.0,11750.0,11150.0,11750.0,156651,0.0,0.0
2022-03-02 00:00:00+09:00,11750.0,11900.0,11600.0,11700.0,92965,0.0,0.0
2022-03-03 00:00:00+09:00,11700.0,11750.0,11600.0,11700.0,31503,0.0,0.0
2022-03-04 00:00:00+09:00,11700.0,11800.0,11550.0,11750.0,30049,0.0,0.0
2022-03-07 00:00:00+09:00,11700.0,11700.0,11000.0,11150.0,80433,0.0,0.0
2022-03-08 00:00:00+09:00,11050.0,11200.0,10800.0,11000.0,64700,0.0,0.0
2022-03-10 00:00:00+09:00,11250.0,11250.0,10750.0,10800.0,28748,0.0,0.0
2022-03-11 00:00:00+09:00,10900.0,11600.0,10800.0,11400.0,108665,0.0,0.0
2022-03-14 00:00:00+09:00,11600.0,11750.0,11150.0,11450.0,65496,0.0,0.0
2022-03-15 00:00:00+09:00,11400.0,11450.0,10900.0,10950.0,50631,0.0,0.0
2022-03-16 00:00:00+09:00,11100.0,11100.0,10800.0,10900.0,60835,0.0,0.0
2022-03-17 00:00:00+09:00,11000.0,11100.0,10850.0,10900.0,30110,0.0,0.0
2022-03-18 00:00:00+09:00,10900.0,11100.0,10850.0,11100.0,26515,0.0,0.0
2022-03-21 00:00:00+09:00,11000.0,11150.0,10950.0,11000.0,37344,0.0,0.0
2022-03-22 00:00:00+09:00,11000.0,11250.0,10900.0,11200.0,31940,0.0,0.0
2022-03-23 00:00:00+09:00,11200.0,11550.0,11150.0,11400.0,40001,0.0,0.0
2022-03-24 00:00:00+09:00,11400.0,11400.0,11050.0,11200.0,38443,0.0,0.0
2022-03-25 00:00:00+09:00,11100.0,11250.0,11000.0,11100.0,24579,0.0,0.0
2022-03-28 00:00:00+09:00,11100.0,11100.0,10750.0,11000.0,38072,0.0,0.0
2022-03-29 00:00:00+09:00,11000.0,11050.0,10800.0,10900.0,36548,0.0,0.0
2022-03-30 00:00:00+09:00,10950.0,11000.0,10750.0,11000.0,37532,0.0,0.0
2022-03-31 00:00:00+09:00,11050.0,11300.0,10950.0,11150.0,36561,0.0,0.0
2022-04-01 00:00:00+09:00,11150.0,11250.0,11000.0,11100.0,35929,0.0,0.0
2022-04-04 00:00:00+09:00,11250.0,11500.0,11200.0,11400.0,72857,0.0,0.0
2022-04-05 00:00:00+09:00,11650.0,11650.0,11200.0,11350.0,32817,0.0,0.0
2022-04-06 00:00:00+09:00,11550.0,12150.0,11350.0,12150.0,252552,0.0,0.0
2022-04-07 00:00:00+09:00,12100.0,12900.0,11900.0,12850.0,268110,0.0,0.0
2022-04-08 00:00:00+09:00,12750.0,12950.0,12400.0,12650.0,162223,0.0,0.0
2022-04-11 00:00:00+09:00,12450.0,12500.0,12150.0,12250.0,65793,0.0,0.0
2022-04-12 00:00:00+09:00,12200.0,12250.0,11800.0,11950.0,85943,0.0,0.0
2022-04-13 00:00:00+09:00,12000.0,12850.0,12000.0,12800.0,203698,0.0,0.0
2022-04-14 00:00:00+09:00,12850.0,13200.0,12550.0,13150.0,170847,0.0,0.0
2022-04-15 00:00:00+09:00,12800.0,13050.0,12700.0,12900.0,64417,0.0,0.0
2022-04-18 00:00:00+09:00,12900.0,13050.0,12650.0,12750.0,47891,0.0,0.0
2022-04-19 00:00:00+09:00,12750.0,13000.0,12550.0,12800.0,55636,0.0,0.0
2022-04-20 00:00:00+09:00,12800.0,13150.0,12600.0,12900.0,63794,0.0,0.0
2022-04-21 00:00:00+09:00,12900.0,12950.0,12700.0,12950.0,41341,0.0,0.0
2022-04-22 00:00:00+09:00,12900.0,12950.0,12400.0,12550.0,50969,0.0,0.0
2022-04-25 00:00:00+09:00,12250.0,12350.0,11850.0,12000.0,100269,0.0,0.0
2022-04-26 00:00:00+09:00,12000.0,12100.0,11800.0,11950.0,27654,0.0,0.0
2022-04-27 00:00:00+09:00,11750.0,11950.0,11600.0,11950.0,19687,0.0,0.0
2022-04-28 00:00:00+09:00,11900.0,12300.0,11750.0,12250.0,34780,0.0,0.0
2022-04-29 00:00:00+09:00,12150.0,12600.0,11950.0,12100.0,88980,0.0,0.0
2022-05-03 00:00:00+09:00,11800.0,12300.0,11800.0,12150.0,48455,0.0,0.0
2022-05-04 00:00:00+09:00,12250.0,12350.0,11950.0,12000.0,33388,0.0,0.0
2022-05-06 00:00:00+09:00,11900.0,12300.0,11600.0,12000.0,22798,0.0,0.0
2022-05-10 00:00:00+09:00,11500.0,11700.0,11050.0,11650.0,47266,0.0,0.0
2022-05-11 00:00:00+09:00,11500.0,11750.0,11450.0,11550.0,13115,0.0,0.0
2022-05-12 00:00:00+09:00,11450.0,12000.0,11350.0,11450.0,37383,0.0,0.0
2022-05-13 00:00:00+09:00,11650.0,11650.0,11400.0,11500.0,24376,0.0,0.0
2022-05-16 00:00:00+09:00,11600.0,11750.0,11400.0,11550.0,31118,0.0,0.0
2022-05-17 00:00:00+09:00,11050.0,12150.0,10900.0,12000.0,189126,0.0,0.0
2022-05-18 00:00:00+09:00,11950.0,12100.0,11700.0,11900.0,48631,0.0,0.0
2022-05-19 00:00:00+09:00,11550.0,11750.0,11400.0,11450.0,35793,0.0,0.0
2022-05-20 00:00:00+09:00,11450.0,11700.0,11400.0,11500.0,25852,0.0,0.0
2022-05-23 00:00:00+09:00,11650.0,11800.0,11250.0,11600.0,45622,0.0,0.0
2022-05-24 00:00:00+09:00,11550.0,11550.0,11150.0,11250.0,52558,0.0,0.0
2022-05-25 00:00:00+09:00,11250.0,11500.0,11000.0,11500.0,35400,0.0,0.0
2022-05-26 00:00:00+09:00,11500.0,11650.0,11300.0,11400.0,53527,0.0,0.0
2022-05-27 00:00:00+09:00,11700.0,11700.0,11200.0,11300.0,35808,0.0,0.0
2022-05-30 00:00:00+09:00,11300.0,11400.0,11000.0,11150.0,92208,0.0,0.0
2022-05-31 00:00:00+09:00,11200.0,11200.0,10750.0,10950.0,118709,0.0,0.0
2022-06-02 00:00:00+09:00,10850.0,11100.0,10850.0,10950.0,23530,0.0,0.0
2022-06-03 00:00:00+09:00,11050.0,11100.0,10950.0,11000.0,16880,0.0,0.0
2022-06-07 00:00:00+09:00,11150.0,11150.0,10750.0,10800.0,33810,0.0,0.0
2022-06-08 00:00:00+09:00,10800.0,11000.0,10700.0,11000.0,46741,0.0,0.0
2022-06-09 00:00:00+09:00,11000.0,11050.0,10850.0,11000.0,13246,0.0,0.0
2022-06-10 00:00:00+09:00,10900.0,10950.0,10700.0,10850.0,21144,0.0,0.0
2022-06-13 00:00:00+09:00,10800.0,10850.0,10000.0,10000.0,123789,0.0,0.0
2022-06-14 00:00:00+09:00,9750.0,10000.0,9590.0,9700.0,159242,0.0,0.0
2022-06-15 00:00:00+09:00,9630.0,9720.0,9150.0,9540.0,93391,0.0,0.0
2022-06-16 00:00:00+09:00,9650.0,9900.0,9230.0,9420.0,127566,0.0,0.0
2022-06-17 00:00:00+09:00,9050.0,9330.0,8830.0,9030.0,226563,0.0,0.0
2022-06-20 00:00:00+09:00,9110.0,9110.0,8600.0,9020.0,108432,0.0,0.0
2022-06-21 00:00:00+09:00,9020.0,9020.0,8810.0,8910.0,99386,0.0,0.0
2022-06-22 00:00:00+09:00,9020.0,9080.0,8600.0,8740.0,97955,0.0,0.0
2022-06-23 00:00:00+09:00,8800.0,8870.0,8470.0,8470.0,89423,0.0,0.0
2022-06-24 00:00:00+09:00,8400.0,8700.0,8390.0,8610.0,44289,0.0,0.0
2022-06-27 00:00:00+09:00,8700.0,8960.0,8700.0,8930.0,54299,0.0,0.0
2022-06-28 00:00:00+09:00,9000.0,9750.0,8990.0,9420.0,313585,0.0,0.0
2022-06-29 00:00:00+09:00,9340.0,10600.0,9240.0,10500.0,416978,0.0,0.0
2022-06-30 00:00:00+09:00,10500.0,10550.0,9800.0,9900.0,177827,0.0,0.0
2022-07-01 00:00:00+09:00,9850.0,9950.0,9300.0,9480.0,110089,0.0,0.0
2022-07-04 00:00:00+09:00,9480.0,9660.0,9140.0,9300.0,161637,0.0,0.0
2022-07-05 00:00:00+09:00,9450.0,9670.0,9350.0,9640.0,69823,0.0,0.0
2022-07-06 00:00:00+09:00,9820.0,9990.0,9190.0,9290.0,117570,0.0,0.0
2022-07-07 00:00:00+09:00,9310.0,9500.0,9160.0,9400.0,53847,0.0,0.0
2022-07-08 00:00:00+09:00,9500.0,9660.0,9410.0,9440.0,53447,0.0,0.0
2022-07-11 00:00:00+09:00,9460.0,9530.0,9260.0,9260.0,29916,0.0,0.0
2022-07-12 00:00:00+09:00,9200.0,9250.0,8950.0,9050.0,49771,0.0,0.0
2022-07-13 00:00:00+09:00,9000.0,9110.0,8810.0,9000.0,19697,0.0,0.0
2022-07-14 00:00:00+09:00,8960.0,9130.0,8890.0,9110.0,16620,0.0,0.0
2022-07-15 00:00:00+09:00,9050.0,9140.0,8860.0,9130.0,29673,0.0,0.0
2022-07-18 00:00:00+09:00,9130.0,9490.0,9130.0,9400.0,47084,0.0,0.0
2022-07-19 00:00:00+09:00,9300.0,9490.0,9300.0,9400.0,28043,0.0,0.0
2022-07-20 00:00:00+09:00,9570.0,9740.0,9540.0,9700.0,56886,0.0,0.0
2022-07-21 00:00:00+09:00,9790.0,9840.0,9620.0,9700.0,24208,0.0,0.0
2022-07-22 00:00:00+09:00,9660.0,9740.0,9600.0,9690.0,20408,0.0,0.0
2022-07-25 00:00:00+09:00,9700.0,9870.0,9670.0,9750.0,25003,0.0,0.0
2022-07-26 00:00:00+09:00,9800.0,9810.0,9690.0,9750.0,14011,0.0,0.0
2022-07-27 00:00:00+09:00,9700.0,9830.0,9700.0,9780.0,20190,0.0,0.0
2022-07-28 00:00:00+09:00,9880.0,9940.0,9730.0,9730.0,41963,0.0,0.0
2022-07-29 00:00:00+09:00,9900.0,9910.0,9750.0,9910.0,41751,0.0,0.0
2022-08-01 00:00:00+09:00,9940.0,10200.0,9900.0,10150.0,69344,0.0,0.0
2022-08-02 00:00:00+09:00,10150.0,10200.0,9970.0,10100.0,60030,0.0,0.0
2022-08-03 00:00:00+09:00,10100.0,10350.0,10050.0,10300.0,38829,0.0,0.0
2022-08-04 00:00:00+09:00,10300.0,10400.0,10150.0,10350.0,37667,0.0,0.0
2022-08-05 00:00:00+09:00,10400.0,10450.0,10200.0,10300.0,23216,0.0,0.0
2022-08-08 00:00:00+09:00,10200.0,10350.0,10050.0,10300.0,31574,0.0,0.0
2022-08-09 00:00:00+09:00,10300.0,10850.0,10300.0,10750.0,90733,0.0,0.0
2022-08-10 00:00:00+09:00,10800.0,11800.0,10650.0,11650.0,515080,0.0,0.0
2022-08-11 00:00:00+09:00,11900.0,12250.0,11500.0,12200.0,376365,0.0,0.0
2022-08-12 00:00:00+09:00,12200.0,12550.0,11250.0,11400.0,502378,0.0,0.0
2022-08-16 00:00:00+09:00,11650.0,12350.0,11450.0,11500.0,354264,0.0,0.0
2022-08-17 00:00:00+09:00,11600.0,11650.0,10900.0,11050.0,189792,0.0,0.0
2022-08-18 00:00:00+09:00,10900.0,11900.0,10750.0,11750.0,313926,0.0,0.0
2022-08-19 00:00:00+09:00,11600.0,12000.0,11450.0,11500.0,178698,0.0,0.0
2022-08-22 00:00:00+09:00,11400.0,11500.0,11000.0,11300.0,105044,0.0,0.0
2022-08-23 00:00:00+09:00,11200.0,11850.0,10950.0,11650.0,192129,0.0,0.0
2022-08-24 00:00:00+09:00,11750.0,11900.0,11350.0,11800.0,140177,0.0,0.0
2022-08-25 00:00:00+09:00,11850.0,11850.0,11450.0,11550.0,79739,0.0,0.0
2022-08-26 00:00:00+09:00,11650.0,11700.0,11300.0,11500.0,99295,0.0,0.0
2022-08-29 00:00:00+09:00,11000.0,11300.0,10850.0,11200.0,97830,0.0,0.0
2022-08-30 00:00:00+09:00,11250.0,11700.0,11250.0,11650.0,132760,0.0,0.0
2022-08-31 00:00:00+09:00,11550.0,11800.0,11300.0,11550.0,128063,0.0,0.0
2022-09-01 00:00:00+09:00,11650.0,12150.0,11050.0,11050.0,236400,0.0,0.0
2022-09-02 00:00:00+09:00,11050.0,11350.0,10900.0,11200.0,131986,0.0,0.0
2022-09-05 00:00:00+09:00,11000.0,11200.0,10750.0,10900.0,85091,0.0,0.0
2022-09-06 00:00:00+09:00,10800.0,12500.0,10800.0,11600.0,632286,0.0,0.0
2022-09-07 00:00:00+09:00,11600.0,11700.0,11150.0,11250.0,157896,0.0,0.0
2022-09-08 00:00:00+09:00,11300.0,11350.0,10750.0,10800.0,140064,0.0,0.0
2022-09-13 00:00:00+09:00,11000.0,11000.0,10450.0,10750.0,115440,0.0,0.0
2022-09-14 00:00:00+09:00,10450.0,10600.0,10350.0,10450.0,62302,0.0,0.0
2022-09-15 00:00:00+09:00,10500.0,10750.0,10450.0,10550.0,61250,0.0,0.0
2022-09-16 00:00:00+09:00,10450.0,11100.0,10200.0,10200.0,131665,0.0,0.0
2022-09-19 00:00:00+09:00,10350.0,10350.0,9820.0,9830.0,101825,0.0,0.0
2022-09-20 00:00:00+09:00,9950.0,10200.0,9860.0,10200.0,55350,0.0,0.0
2022-09-21 00:00:00+09:00,10150.0,10300.0,10000.0,10000.0,38921,0.0,0.0
2022-09-22 00:00:00+09:00,9900.0,10200.0,9820.0,10200.0,42706,0.0,0.0
2022-09-23 00:00:00+09:00,10200.0,10200.0,9710.0,9820.0,45977,0.0,0.0
2022-09-26 00:00:00+09:00,9710.0,9780.0,9220.0,9360.0,79404,0.0,0.0
2022-09-27 00:00:00+09:00,9210.0,9520.0,9160.0,9340.0,73948,0.0,0.0
2022-09-28 00:00:00+09:00,9240.0,9480.0,8970.0,9160.0,45753,0.0,0.0
2022-09-29 00:00:00+09:00,9220.0,9520.0,9120.0,9120.0,64566,0.0,0.0
2022-09-30 00:00:00+09:00,9100.0,10400.0,9020.0,10250.0,309647,0.0,0.0
2022-10-04 00:00:00+09:00,10300.0,10800.0,10250.0,10800.0,194328,0.0,0.0
2022-10-05 00:00:00+09:00,10950.0,11000.0,10450.0,10750.0,123850,0.0,0.0
2022-10-06 00:00:00+09:00,10750.0,11300.0,10750.0,11200.0,102342,0.0,0.0
2022-10-07 00:00:00+09:00,11200.0,11400.0,10850.0,11100.0,125993,0.0,0.0
2022-10-11 00:00:00+09:00,10850.0,11100.0,10600.0,10950.0,62220,0.0,0.0
2022-10-12 00:00:00+09:00,10850.0,11050.0,10650.0,11050.0,61145,0.0,0.0
2022-10-13 00:00:00+09:00,11000.0,11000.0,10550.0,10600.0,44385,0.0,0.0
2022-10-14 00:00:00+09:00,11000.0,11000.0,10550.0,10650.0,51364,0.0,0.0
2022-10-17 00:00:00+09:00,10500.0,10900.0,10400.0,10900.0,52882,0.0,0.0
2022-10-18 00:00:00+09:00,11000.0,11350.0,10700.0,11300.0,100556,0.0,0.0
2022-10-19 00:00:00+09:00,11200.0,11400.0,11050.0,11250.0,43983,0.0,0.0
2022-10-20 00:00:00+09:00,11200.0,11200.0,10800.0,10850.0,29544,0.0,0.0
2022-10-21 00:00:00+09:00,10700.0,11000.0,10650.0,10850.0,21630,0.0,0.0
2022-10-24 00:00:00+09:00,10950.0,11100.0,10850.0,11050.0,25276,0.0,0.0
2022-10-25 00:00:00+09:00,11200.0,11200.0,10750.0,11000.0,39335,0.0,0.0
2022-10-26 00:00:00+09:00,11000.0,11100.0,10850.0,11000.0,26568,0.0,0.0
2022-10-27 00:00:00+09:00,11000.0,11500.0,10950.0,11500.0,117064,0.0,0.0
2022-10-28 00:00:00+09:00,11450.0,11600.0,11400.0,11600.0,62364,0.0,0.0
2022-10-31 00:00:00+09:00,11900.0,12250.0,11400.0,11850.0,276287,0.0,0.0
2022-11-01 00:00:00+09:00,12000.0,13000.0,11200.0,11850.0,1179294,0.0,0.0
2022-11-02 00:00:00+09:00,11950.0,12250.0,11800.0,11950.0,177926,0.0,0.0
2022-11-03 00:00:00+09:00,11800.0,12400.0,11550.0,12400.0,161756,0.0,0.0
2022-11-04 00:00:00+09:00,12650.0,12800.0,12250.0,12500.0,219503,0.0,0.0
2022-11-07 00:00:00+09:00,12400.0,12400.0,12000.0,12150.0,113841,0.0,0.0
2022-11-08 00:00:00+09:00,12150.0,12150.0,11700.0,12000.0,128566,0.0,0.0
2022-11-09 00:00:00+09:00,12000.0,12200.0,11850.0,12000.0,68812,0.0,0.0
2022-11-10 00:00:00+09:00,12100.0,12200.0,11850.0,11950.0,68006,0.0,0.0
2022-11-11 00:00:00+09:00,12200.0,12200.0,11800.0,12000.0,112847,0.0,0.0
2022-11-14 00:00:00+09:00,12050.0,12050.0,11700.0,11750.0,66886,0.0,0.0
2022-11-15 00:00:00+09:00,11800.0,12100.0,11550.0,12050.0,179122,0.0,0.0
2022-11-16 00:00:00+09:00,12100.0,13800.0,11800.0,13200.0,1741704,0.0,0.0
2022-11-17 00:00:00+09:00,13600.0,13650.0,12600.0,12850.0,965015,0.0,0.0
2022-11-18 00:00:00+09:00,12750.0,12850.0,12350.0,12600.0,228261,0.0,0.0
2022-11-21 00:00:00+09:00,12450.0,12550.0,12000.0,12250.0,186578,0.0,0.0
2022-11-22 00:00:00+09:00,12100.0,12550.0,12100.0,12550.0,130552,0.0,0.0
2022-11-23 00:00:00+09:00,12550.0,12650.0,12400.0,12650.0,101371,0.0,0.0
2022-11-24 00:00:00+09:00,12750.0,12800.0,12450.0,12700.0,111814,0.0,0.0
2022-11-25 00:00:00+09:00,12750.0,13950.0,12650.0,13800.0,689294,0.0,0.0
2022-11-28 00:00:00+09:00,14050.0,14250.0,13500.0,13650.0,370282,0.0,0.0
2022-11-29 00:00:00+09:00,13600.0,13750.0,13300.0,13450.0,128060,0.0,0.0
2022-11-30 00:00:00+09:00,13300.0,13600.0,13050.0,13400.0,130356,0.0,0.0
2022-12-01 00:00:00+09:00,13450.0,13700.0,12900.0,13150.0,262030,0.0,0.0
2022-12-02 00:00:00+09:00,13100.0,13100.0,12500.0,12800.0,233811,0.0,0.0
2022-12-05 00:00:00+09:00,12700.0,12850.0,12250.0,12350.0,106733,0.0,0.0
2022-12-06 00:00:00+09:00,12200.0,13100.0,12100.0,12500.0,164389,0.0,0.0
2022-12-07 00:00:00+09:00,12350.0,12750.0,12250.0,12450.0,100871,0.0,0.0
2022-12-08 00:00:00+09:00,12400.0,12550.0,12000.0,12250.0,98934,0.0,0.0
2022-12-09 00:00:00+09:00,12350.0,12350.0,11750.0,12100.0,81714,0.0,0.0
2022-12-12 00:00:00+09:00,12050.0,12250.0,11950.0,12250.0,45037,0.0,0.0
2022-12-13 00:00:00+09:00,12150.0,12500.0,12100.0,12200.0,79408,0.0,0.0
2022-12-14 00:00:00+09:00,12300.0,12400.0,12100.0,12400.0,53857,0.0,0.0
2022-12-15 00:00:00+09:00,12400.0,12600.0,12300.0,12400.0,63622,0.0,0.0
2022-12-16 00:00:00+09:00,12050.0,12600.0,12050.0,12550.0,71834,0.0,0.0
2022-12-19 00:00:00+09:00,12550.0,12550.0,12050.0,12150.0,294537,0.0,0.0
2022-12-20 00:00:00+09:00,12100.0,12150.0,11600.0,11700.0,157166,0.0,0.0
2022-12-21 00:00:00+09:00,11900.0,11900.0,11250.0,11350.0,152353,0.0,0.0
2022-12-22 00:00:00+09:00,11350.0,11500.0,11150.0,11400.0,111480,0.0,0.0
2022-12-23 00:00:00+09:00,11200.0,11300.0,10750.0,11300.0,217695,0.0,0.0
2022-12-26 00:00:00+09:00,11250.0,11600.0,11050.0,11250.0,79133,0.0,0.0
2022-12-27 00:00:00+09:00,11200.0,11500.0,11150.0,11350.0,64739,0.0,0.0
2022-12-28 00:00:00+09:00,11300.0,11500.0,11150.0,11350.0,45522,0.0,0.0
2022-12-29 00:00:00+09:00,11350.0,11450.0,10900.0,11250.0,77060,0.0,0.0
2023-01-02 00:00:00+09:00,11550.0,11550.0,10950.0,11150.0,65951,0.0,0.0
2023-01-03 00:00:00+09:00,10950.0,11200.0,10600.0,11200.0,90005,0.0,0.0
2023-01-04 00:00:00+09:00,11050.0,11150.0,10650.0,10900.0,139478,0.0,0.0
2023-01-05 00:00:00+09:00,10950.0,10950.0,10400.0,10650.0,139036,0.0,0.0
2023-01-06 00:00:00+09:00,10350.0,10750.0,10350.0,10750.0,38594,0.0,0.0
2023-01-09 00:00:00+09:00,10850.0,11000.0,10750.0,10850.0,45439,0.0,0.0
2023-01-10 00:00:00+09:00,10850.0,11200.0,10750.0,11050.0,79103,0.0,0.0
2023-01-11 00:00:00+09:00,11150.0,11200.0,11000.0,11000.0,45173,0.0,0.0
2023-01-12 00:00:00+09:00,11000.0,11550.0,11000.0,11450.0,148599,0.0,0.0
2023-01-13 00:00:00+09:00,11600.0,11600.0,11250.0,11450.0,52509,0.0,0.0
2023-01-16 00:00:00+09:00,11400.0,11550.0,11300.0,11300.0,60287,0.0,0.0
2023-01-17 00:00:00+09:00,11250.0,11400.0,11150.0,11150.0,32740,0.0,0.0
2023-01-18 00:00:00+09:00,11200.0,11250.0,10900.0,11200.0,104242,0.0,0.0
2023-01-19 00:00:00+09:00,11200.0,11450.0,11000.0,11400.0,64239,0.0,0.0
2023-01-20 00:00:00+09:00,11400.0,11600.0,11200.0,11600.0,70259,0.0,0.0
2023-01-25 00:00:00+09:00,11770.0,11790.0,11450.0,11530.0,208569,0.0,0.0
2023-01-26 00:00:00+09:00,11500.0,11800.0,11440.0,11560.0,77195,0.0,0.0
2023-01-27 00:00:00+09:00,11600.0,11820.0,11540.0,11800.0,71388,0.0,0.0
2023-01-30 00:00:00+09:00,11820.0,11850.0,11490.0,11590.0,72778,0.0,0.0
2023-01-31 00:00:00+09:00,11580.0,12210.0,11540.0,12080.0,220385,0.0,0.0
2023-02-01 00:00:00+09:00,12220.0,12250.0,11860.0,12010.0,139234,0.0,0.0
2023-02-02 00:00:00+09:00,12060.0,12100.0,11880.0,11970.0,75884,0.0,0.0
2023-02-03 00:00:00+09:00,11940.0,11940.0,11700.0,11900.0,58450,0.0,0.0
2023-02-06 00:00:00+09:00,11880.0,12100.0,11660.0,11900.0,52587,0.0,0.0
2023-02-07 00:00:00+09:00,11850.0,11970.0,11840.0,11940.0,66043,0.0,0.0
2023-02-08 00:00:00+09:00,11950.0,11960.0,11880.0,11940.0,40494,0.0,0.0
2023-02-09 00:00:00+09:00,11890.0,12010.0,11850.0,12000.0,42410,0.0,0.0
2023-02-10 00:00:00+09:00,12050.0,12050.0,11100.0,11800.0,78373,0.0,0.0
2023-02-13 00:00:00+09:00,11840.0,12290.0,11680.0,12280.0,178013,0.0,0.0
2023-02-14 00:00:00+09:00,12040.0,12060.0,11380.0,11610.0,386559,0.0,0.0
2023-02-15 00:00:00+09:00,11580.0,11580.0,11290.0,11520.0,86134,0.0,0.0
2023-02-16 00:00:00+09:00,11550.0,11810.0,11520.0,11810.0,94881,0.0,0.0
2023-02-17 00:00:00+09:00,11660.0,11870.0,11650.0,11810.0,67706,0.0,0.0
2023-02-20 00:00:00+09:00,11810.0,11810.0,11650.0,11760.0,75448,0.0,0.0
2023-02-21 00:00:00+09:00,11700.0,11800.0,11610.0,11730.0,50890,0.0,0.0
2023-02-22 00:00:00+09:00,11580.0,11780.0,11450.0,11740.0,50226,0.0,0.0
2023-02-23 00:00:00+09:00,11680.0,11980.0,11670.0,11970.0,109436,0.0,0.0
2023-02-24 00:00:00+09:00,11990.0,12050.0,11870.0,11970.0,58505,0.0,0.0
2023-02-27 00:00:00+09:00,11860.0,12190.0,11860.0,12140.0,70719,0.0,0.0
2023-02-28 00:00:00+09:00,12080.0,12200.0,11850.0,12060.0,91074,0.0,0.0
2023-03-02 00:00:00+09:00,11970.0,12530.0,11970.0,12430.0,146242,0.0,0.0
2023-03-03 00:00:00+09:00,12430.0,12530.0,12300.0,12390.0,47430,0.0,0.0
2023-03-06 00:00:00+09:00,12390.0,12400.0,12090.0,12160.0,121925,0.0,0.0
2023-03-07 00:00:00+09:00,12100.0,12140.0,11860.0,12080.0,73339,0.0,0.0
2023-03-08 00:00:00+09:00,12080.0,12080.0,11800.0,11990.0,65099,0.0,0.0
2023-03-09 00:00:00+09:00,11950.0,12000.0,11800.0,11860.0,39430,0.0,0.0
2023-03-10 00:00:00+09:00,11840.0,11840.0,11380.0,11640.0,67263,0.0,0.0
2023-03-13 00:00:00+09:00,11640.0,11790.0,11320.0,11660.0,41525,0.0,0.0
2023-03-14 00:00:00+09:00,11600.0,11690.0,11130.0,11250.0,60764,0.0,0.0
2023-03-15 00:00:00+09:00,11400.0,11460.0,11150.0,11230.0,52916,0.0,0.0
2023-03-16 00:00:00+09:00,11280.0,11280.0,10850.0,11000.0,68978,0.0,0.0
2023-03-17 00:00:00+09:00,11240.0,11240.0,10870.0,10950.0,44902,0.0,0.0
2023-03-20 00:00:00+09:00,10950.0,11030.0,10830.0,10920.0,51882,0.0,0.0
2023-03-21 00:00:00+09:00,10900.0,11300.0,10870.0,11240.0,70596,0.0,0.0
2023-03-22 00:00:00+09:00,11310.0,11340.0,10800.0,10920.0,85449,0.0,0.0
2023-03-23 00:00:00+09:00,10830.0,10920.0,10680.0,10780.0,63519,0.0,0.0
2023-03-24 00:00:00+09:00,10830.0,10930.0,10710.0,10910.0,23522,0.0,0.0
2023-03-27 00:00:00+09:00,10910.0,10950.0,10740.0,10950.0,29748,0.0,0.0
2023-03-28 00:00:00+09:00,10830.0,11160.0,10830.0,11060.0,37752,0.0,0.0
2023-03-29 00:00:00+09:00,11060.0,11130.0,10970.0,11100.0,30938,0.0,0.0
2023-03-30 00:00:00+09:00,11150.0,11210.0,10990.0,11190.0,44145,0.0,0.0
2023-03-31 00:00:00+09:00,11190.0,11240.0,11080.0,11130.0,37853,0.0,0.0
2023-04-03 00:00:00+09:00,11150.0,11300.0,11130.0,11240.0,78107,0.0,0.0
2023-04-04 00:00:00+09:00,11300.0,11410.0,11200.0,11310.0,42909,0.0,0.0
2023-04-05 00:00:00+09:00,11340.0,11370.0,10950.0,11100.0,123186,0.0,0.0
2023-04-06 00:00:00+09:00,11050.0,11110.0,10970.0,11070.0,34683,0.0,0.0
2023-04-07 00:00:00+09:00,11070.0,11090.0,10830.0,10960.0,71986,0.0,0.0
2023-04-10 00:00:00+09:00,10920.0,11050.0,10660.0,11040.0,88434,0.0,0.0
2023-04-11 00:00:00+09:00,10810.0,10890.0,10580.0,10740.0,121871,0.0,0.0
2023-04-12 00:00:00+09:00,10770.0,11090.0,10700.0,11030.0,99628,0.0,0.0
2023-04-13 00:00:00+09:00,11060.0,11060.0,10810.0,11040.0,40916,0.0,0.0
2023-04-14 00:00:00+09:00,11100.0,11200.0,10900.0,11150.0,53555,0.0,0.0
2023-04-17 00:00:00+09:00,11190.0,11340.0,11090.0,11130.0,73589,0.0,0.0
2023-04-18 00:00:00+09:00,11130.0,11130.0,10850.0,10870.0,54002,0.0,0.0
2023-04-19 00:00:00+09:00,10870.0,11220.0,10860.0,11180.0,98905,0.0,0.0
2023-04-20 00:00:00+09:00,11120.0,11170.0,10880.0,10910.0,53221,0.0,0.0
2023-04-21 00:00:00+09:00,10840.0,10910.0,10600.0,10800.0,54703,0.0,0.0
2023-04-24 00:00:00+09:00,10770.0,10990.0,10750.0,10830.0,48567,0.0,0.0
2023-04-25 00:00:00+09:00,10780.0,10860.0,10600.0,10820.0,55208,0.0,0.0
2023-04-26 00:00:00+09:00,10940.0,10940.0,10650.0,10830.0,21926,0.0,0.0
2023-04-27 00:00:00+09:00,10730.0,10830.0,10670.0,10790.0,38317,0.0,0.0
2023-04-28 00:00:00+09:00,10800.0,10830.0,10600.0,10620.0,40628,0.0,0.0
2023-05-02 00:00:00+09:00,10590.0,10840.0,10590.0,10740.0,37509,0.0,0.0
2023-05-03 00:00:00+09:00,10630.0,10800.0,10620.0,10670.0,38467,0.0,0.0
2023-05-04 00:00:00+09:00,10640.0,10780.0,10620.0,10680.0,29055,0.0,0.0
2023-05-08 00:00:00+09:00,10680.0,10940.0,10670.0,10910.0,62325,0.0,0.0
2023-05-09 00:00:00+09:00,10950.0,11140.0,10950.0,10960.0,75929,0.0,0.0
2023-05-10 00:00:00+09:00,10980.0,10990.0,10800.0,10880.0,52023,0.0,0.0
2023-05-11 00:00:00+09:00,10890.0,11010.0,10850.0,10920.0,20817,0.0,0.0
2023-05-12 00:00:00+09:00,10920.0,11600.0,10850.0,11060.0,197402,0.0,0.0
2023-05-15 00:00:00+09:00,11100.0,11100.0,10830.0,10960.0,73832,0.0,0.0
2023-05-16 00:00:00+09:00,10900.0,11000.0,10540.0,10750.0,182279,0.0,0.0
2023-05-17 00:00:00+09:00,10740.0,11050.0,10620.0,11000.0,137097,0.0,0.0
2023-05-18 00:00:00+09:00,11030.0,11060.0,10820.0,10920.0,115118,0.0,0.0
2023-05-19 00:00:00+09:00,10890.0,11120.0,10890.0,11080.0,90048,0.0,0.0
2023-05-22 00:00:00+09:00,11440.0,11760.0,11120.0,11250.0,408614,0.0,0.0
2023-05-23 00:00:00+09:00,11300.0,11310.0,11030.0,11130.0,116204,0.0,0.0
2023-05-24 00:00:00+09:00,11120.0,11190.0,10960.0,10960.0,174325,0.0,0.0
2023-05-25 00:00:00+09:00,11020.0,11200.0,10930.0,11140.0,173908,0.0,0.0
2023-05-26 00:00:00+09:00,11130.0,11180.0,10700.0,10750.0,218962,0.0,0.0
2023-05-30 00:00:00+09:00,10810.0,10910.0,10760.0,10900.0,74606,0.0,0.0
2023-05-31 00:00:00+09:00,10750.0,10850.0,10470.0,10470.0,284631,0.0,0.0
2023-06-01 00:00:00+09:00,10540.0,10540.0,10320.0,10410.0,183998,0.0,0.0
2023-06-02 00:00:00+09:00,10420.0,10650.0,10420.0,10640.0,109702,0.0,0.0
2023-06-05 00:00:00+09:00,10670.0,10930.0,10640.0,10790.0,127759,0.0,0.0
2023-06-07 00:00:00+09:00,10780.0,10850.0,10720.0,10740.0,79154,0.0,0.0
2023-06-08 00:00:00+09:00,10990.0,11220.0,10920.0,11020.0,474737,0.0,0.0
2023-06-09 00:00:00+09:00,11120.0,11130.0,10910.0,10920.0,131040,0.0,0.0
2023-06-12 00:00:00+09:00,10980.0,10980.0,10750.0,10920.0,68762,0.0,0.0
2023-06-13 00:00:00+09:00,10940.0,10980.0,10840.0,10900.0,77652,0.0,0.0
2023-06-14 00:00:00+09:00,10880.0,10920.0,10680.0,10700.0,96734,0.0,0.0
2023-06-15 00:00:00+09:00,10710.0,10780.0,10610.0,10710.0,62193,0.0,0.0
2023-06-16 00:00:00+09:00,10720.0,11060.0,10720.0,11010.0,149784,0.0,0.0
2023-06-19 00:00:00+09:00,11020.0,11170.0,11000.0,11110.0,109932,0.0,0.0
2023-06-20 00:00:00+09:00,11110.0,11220.0,11060.0,11100.0,72993,0.0,0.0
2023-06-21 00:00:00+09:00,11100.0,11230.0,11070.0,11100.0,123952,0.0,0.0
2023-06-22 00:00:00+09:00,11070.0,11110.0,10950.0,11100.0,116298,0.0,0.0
2023-06-23 00:00:00+09:00,11100.0,11140.0,10930.0,10990.0,70867,0.0,0.0
2023-06-26 00:00:00+09:00,11010.0,11230.0,10960.0,11100.0,94626,0.0,0.0
2023-06-27 00:00:00+09:00,11100.0,11320.0,11060.0,11260.0,114723,0.0,0.0
2023-06-28 00:00:00+09:00,11260.0,11450.0,11170.0,11410.0,137015,0.0,0.0
2023-06-29 00:00:00+09:00,11420.0,11500.0,11280.0,11450.0,142309,0.0,0.0
2023-06-30 00:00:00+09:00,11410.0,11630.0,11350.0,11580.0,134663,0.0,0.0
2023-07-03 00:00:00+09:00,11690.0,11690.0,11400.0,11620.0,166077,0.0,0.0
2023-07-04 00:00:00+09:00,11650.0,12290.0,11600.0,12180.0,490708,0.0,0.0
2023-07-05 00:00:00+09:00,12220.0,12300.0,11930.0,12000.0,173643,0.0,0.0
2023-07-06 00:00:00+09:00,11940.0,12200.0,11910.0,12000.0,278620,0.0,0.0
2023-07-07 00:00:00+09:00,11940.0,12050.0,11510.0,11770.0,141267,0.0,0.0
2023-07-10 00:00:00+09:00,11710.0,11920.0,11630.0,11740.0,81297,0.0,0.0
2023-07-12 00:00:00+09:00,12200.0,12670.0,12060.0,12150.0,270349,0.0,0.0
2023-07-13 00:00:00+09:00,12330.0,12330.0,11830.0,11940.0,154549,0.0,0.0
2023-07-14 00:00:00+09:00,11980.0,12100.0,11780.0,11990.0,95408,0.0,0.0
2023-07-17 00:00:00+09:00,12250.0,12250.0,11780.0,12020.0,187960,0.0,0.0
2023-07-18 00:00:00+09:00,12100.0,12520.0,11970.0,12020.0,300598,0.0,0.0
2023-07-19 00:00:00+09:00,12020.0,12070.0,11740.0,11770.0,146165,0.0,0.0
2023-07-20 00:00:00+09:00,11730.0,11770.0,11510.0,11610.0,109088,0.0,0.0
2023-07-21 00:00:00+09:00,11510.0,11640.0,11480.0,11550.0,61925,0.0,0.0
2023-07-24 00:00:00+09:00,11610.0,11610.0,11210.0,11280.0,105212,0.0,0.0
2023-07-25 00:00:00+09:00,11250.0,12370.0,11250.0,11860.0,552549,0.0,0.0
2023-07-26 00:00:00+09:00,11900.0,11900.0,10820.0,11230.0,242544,0.0,0.0
2023-07-27 00:00:00+09:00,11230.0,11340.0,10950.0,10980.0,127756,0.0,0.0
2023-07-28 00:00:00+09:00,10970.0,11840.0,10970.0,11530.0,400864,0.0,0.0
2023-07-31 00:00:00+09:00,12050.0,12600.0,11520.0,11890.0,401711,0.0,0.0
2023-08-01 00:00:00+09:00,12070.0,12100.0,11640.0,11890.0,225037,0.0,0.0
2023-08-02 00:00:00+09:00,11880.0,12060.0,11500.0,11580.0,142369,0.0,0.0
2023-08-03 00:00:00+09:00,11550.0,11580.0,11040.0,11280.0,193992,0.0,0.0
2023-08-04 00:00:00+09:00,11260.0,11530.0,11200.0,11480.0,92687,0.0,0.0
2023-08-07 00:00:00+09:00,11480.0,11480.0,11220.0,11380.0,85038,0.0,0.0
2023-08-08 00:00:00+09:00,11500.0,11900.0,11350.0,11690.0,278469,0.0,0.0
2023-08-09 00:00:00+09:00,11750.0,11750.0,11370.0,11550.0,129116,0.0,0.0
2023-08-10 00:00:00+09:00,11480.0,11550.0,11330.0,11390.0,101712,0.0,0.0
2023-08-11 00:00:00+09:00,11390.0,11600.0,11260.0,11580.0,98369,0.0,0.0
2023-08-14 00:00:00+09:00,11540.0,11640.0,11360.0,11480.0,109390,0.0,0.0
2023-08-16 00:00:00+09:00,11360.0,11440.0,11080.0,11100.0,135777,0.0,0.0
2023-08-17 00:00:00+09:00,11010.0,11080.0,10780.0,10940.0,126800,0.0,0.0
2023-08-18 00:00:00+09:00,10890.0,10920.0,10680.0,10800.0,124337,0.0,0.0
2023-08-21 00:00:00+09:00,10860.0,10890.0,10670.0,10780.0,101579,0.0,0.0
2023-08-22 00:00:00+09:00,10820.0,10850.0,10650.0,10740.0,98491,0.0,0.0
2023-08-23 00:00:00+09:00,10740.0,10800.0,10620.0,10750.0,84088,0.0,0.0
2023-08-24 00:00:00+09:00,10750.0,10850.0,10690.0,10770.0,79741,0.0,0.0
2023-08-25 00:00:00+09:00,10660.0,10720.0,10550.0,10630.0,98581,0.0,0.0
2023-08-28 00:00:00+09:00,10610.0,10810.0,10600.0,10810.0,70153,0.0,0.0
2023-08-29 00:00:00+09:00,10860.0,10860.0,10760.0,10830.0,58612,0.0,0.0
2023-08-30 00:00:00+09:00,10840.0,10880.0,10750.0,10810.0,85584,0.0,0.0
2023-08-31 00:00:00+09:00,10840.0,10840.0,10500.0,10590.0,156344,0.0,0.0
2023-09-01 00:00:00+09:00,10590.0,10700.0,10550.0,10620.0,70310,0.0,0.0
2023-09-04 00:00:00+09:00,10700.0,10730.0,10580.0,10700.0,45359,0.0,0.0
2023-09-05 00:00:00+09:00,10700.0,10750.0,10610.0,10670.0,50961,0.0,0.0
2023-09-06 00:00:00+09:00,10640.0,10700.0,10520.0,10580.0,55676,0.0,0.0
2023-09-07 00:00:00+09:00,10580.0,10600.0,10450.0,10540.0,67656,0.0,0.0
2023-09-08 00:00:00+09:00,10520.0,10580.0,10440.0,10570.0,36281,0.0,0.0
2023-09-11 00:00:00+09:00,10610.0,10750.0,10580.0,10690.0,65479,0.0,0.0
2023-09-12 00:00:00+09:00,10690.0,10740.0,10540.0,10570.0,41115,0.0,0.0
2023-09-13 00:00:00+09:00,10600.0,10600.0,10300.0,10390.0,77364,0.0,0.0
2023-09-14 00:00:00+09:00,10390.0,10470.0,10340.0,10430.0,29202,0.0,0.0
2023-09-15 00:00:00+09:00,10460.0,10520.0,10430.0,10500.0,36343,0.0,0.0
2023-09-18 00:00:00+09:00,10500.0,10600.0,10380.0,10400.0,44492,0.0,0.0
2023-09-19 00:00:00+09:00,10410.0,10460.0,10230.0,10340.0,76879,0.0,0.0
2023-09-20 00:00:00+09:00,10340.0,10340.0,10210.0,10320.0,36253,0.0,0.0
2023-09-21 00:00:00+09:00,10290.0,10290.0,10010.0,10010.0,70206,0.0,0.0
2023-09-22 00:00:00+09:00,9910.0,10070.0,9900.0,9970.0,44085,0.0,0.0
2023-09-25 00:00:00+09:00,10000.0,10010.0,9840.0,9940.0,32452,0.0,0.0
2023-09-26 00:00:00+09:00,9940.0,10050.0,9800.0,9880.0,35673,0.0,0.0
2023-09-27 00:00:00+09:00,9850.0,9980.0,9810.0,9950.0,15631,0.0,0.0
2023-10-04 00:00:00+09:00,9910.0,9910.0,9360.0,9500.0,85201,0.0,0.0
2023-10-05 00:00:00+09:00,9500.0,9600.0,9390.0,9500.0,38709,0.0,0.0
2023-10-06 00:00:00+09:00,9430.0,9700.0,9430.0,9690.0,30284,0.0,0.0
2023-10-10 00:00:00+09:00,9700.0,10380.0,9660.0,9710.0,33780,0.0,0.0
2023-10-11 00:00:00+09:00,9730.0,9950.0,9720.0,9880.0,20187,0.0,0.0
2023-10-12 00:00:00+09:00,9880.0,9990.0,9860.0,9970.0,25632,0.0,0.0
2023-10-13 00:00:00+09:00,9970.0,9970.0,9840.0,9920.0,28387,0.0,0.0
2023-10-16 00:00:00+09:00,9870.0,9900.0,9600.0,9840.0,36888,0.0,0.0
2023-10-17 00:00:00+09:00,9850.0,9920.0,9640.0,9720.0,67567,0.0,0.0
2023-10-18 00:00:00+09:00,9700.0,9730.0,9600.0,9700.0,31757,0.0,0.0
2023-10-19 00:00:00+09:00,9620.0,9620.0,9320.0,9390.0,50628,0.0,0.0
2023-10-20 00:00:00+09:00,9240.0,9400.0,9030.0,9370.0,48336,0.0,0.0
2023-10-23 00:00:00+09:00,9260.0,9370.0,9160.0,9230.0,42157,0.0,0.0
2023-10-24 00:00:00+09:00,9320.0,9320.0,9050.0,9290.0,30621,0.0,0.0
2023-10-25 00:00:00+09:00,9350.0,9420.0,9280.0,9290.0,20517,0.0,0.0
2023-10-26 00:00:00+09:00,9120.0,9240.0,8830.0,9000.0,87847,0.0,0.0
2023-10-27 00:00:00+09:00,9000.0,9080.0,8870.0,9010.0,34227,0.0,0.0
2023-10-30 00:00:00+09:00,8910.0,9010.0,8870.0,8950.0,47671,0.0,0.0
2023-10-31 00:00:00+09:00,8960.0,8990.0,8740.0,8770.0,39163,0.0,0.0
2023-11-01 00:00:00+09:00,8770.0,8960.0,8720.0,8780.0,36943,0.0,0.0
2023-11-02 00:00:00+09:00,8800.0,9020.0,8800.0,8900.0,70202,0.0,0.0
2023-11-03 00:00:00+09:00,8990.0,9090.0,8930.0,9070.0,45073,0.0,0.0
2023-11-06 00:00:00+09:00,9160.0,9160.0,9010.0,9090.0,67531,0.0,0.0
2023-11-07 00:00:00+09:00,9090.0,9170.0,9010.0,9090.0,66199,0.0,0.0
2023-11-08 00:00:00+09:00,9080.0,9140.0,9040.0,9060.0,43795,0.0,0.0
2023-11-09 00:00:00+09:00,9060.0,9060.0,8900.0,9000.0,49122,0.0,0.0
2023-11-10 00:00:00+09:00,8990.0,9000.0,8800.0,8900.0,53394,0.0,0.0
2023-11-13 00:00:00+09:00,9000.0,9130.0,8840.0,8920.0,211170,0.0,0.0
2023-11-14 00:00:00+09:00,9000.0,9280.0,8970.0,9220.0,187454,0.0,0.0
2023-11-15 00:00:00+09:00,8970.0,9030.0,8890.0,8900.0,358935,0.0,0.0
2023-11-16 00:00:00+09:00,8950.0,9350.0,8880.0,9250.0,369544,0.0,0.0
2023-11-17 00:00:00+09:00,9250.0,9320.0,9100.0,9110.0,117959,0.0,0.0
2023-11-20 00:00:00+09:00,9110.0,9340.0,9100.0,9290.0,97237,0.0,0.0
2023-11-21 00:00:00+09:00,9310.0,9330.0,9220.0,9320.0,56120,0.0,0.0
2023-11-22 00:00:00+09:00,9320.0,9380.0,9230.0,9320.0,75437,0.0,0.0
2023-11-23 00:00:00+09:00,9350.0,9360.0,9100.0,9180.0,120396,0.0,0.0
2023-11-24 00:00:00+09:00,9180.0,9220.0,9140.0,9200.0,41010,0.0,0.0
2023-11-27 00:00:00+09:00,9200.0,9200.0,9100.0,9130.0,52959,0.0,0.0
2023-11-28 00:00:00+09:00,9160.0,9260.0,9090.0,9180.0,55070,0.0,0.0
2023-11-29 00:00:00+09:00,9180.0,9240.0,9130.0,9170.0,61780,0.0,0.0
2023-11-30 00:00:00+09:00,9130.0,9180.0,9080.0,9130.0,47190,0.0,0.0
2023-12-01 00:00:00+09:00,9130.0,9130.0,8920.0,8960.0,111203,0.0,0.0
2023-12-04 00:00:00+09:00,8930.0,9040.0,8870.0,8960.0,45736,0.0,0.0
2023-12-05 00:00:00+09:00,8930.0,8970.0,8790.0,8900.0,73119,0.0,0.0
2023-12-06 00:00:00+09:00,8860.0,8990.0,8860.0,8940.0,36606,0.0,0.0
2023-12-07 00:00:00+09:00,8990.0,8990.0,8840.0,8900.0,42297,0.0,0.0
2023-12-08 00:00:00+09:00,8900.0,8990.0,8900.0,8950.0,19617,0.0,0.0
2023-12-11 00:00:00+09:00,8920.0,9130.0,8910.0,9080.0,71299,0.0,0.0
2023-12-12 00:00:00+09:00,9080.0,9100.0,8930.0,9070.0,34829,0.0,0.0
2023-12-13 00:00:00+09:00,9080.0,9080.0,8910.0,8940.0,62324,0.0,0.0
2023-12-14 00:00:00+09:00,8980.0,8990.0,8910.0,8970.0,29293,0.0,0.0
2023-12-15 00:00:00+09:00,8990.0,9050.0,8930.0,8970.0,54516,0.0,0.0
2023-12-18 00:00:00+09:00,8990.0,9090.0,8960.0,9080.0,40518,0.0,0.0
2023-12-19 00:00:00+09:00,9030.0,9160.0,9030.0,9110.0,50878,0.0,0.0
2023-12-20 00:00:00+09:00,9160.0,9320.0,9110.0,9230.0,131664,0.0,0.0
2023-12-21 00:00:00+09:00,9210.0,9210.0,9090.0,9170.0,69577,0.0,0.0
2023-12-22 00:00:00+09:00,9170.0,9210.0,9080.0,9130.0,42519,0.0,0.0
2023-12-26 00:00:00+09:00,9120.0,9120.0,9010.0,9090.0,61593,0.0,0.0
2023-12-27 00:00:00+09:00,9060.0,9120.0,8980.0,9010.0,52053,0.0,0.0
2023-12-28 00:00:00+09:00,9000.0,9030.0,8970.0,9020.0,38357,0.0,0.0
2024-01-02 00:00:00+09:00,9040.0,9090.0,8960.0,9090.0,47382,0.0,0.0
2024-01-03 00:00:00+09:00,9070.0,9070.0,8940.0,8950.0,37554,0.0,0.0
2024-01-04 00:00:00+09:00,8950.0,9010.0,8840.0,8880.0,45868,0.0,0.0
2024-01-05 00:00:00+09:00,8880.0,8930.0,8840.0,8870.0,34526,0.0,0.0
2024-01-08 00:00:00+09:00,8870.0,8930.0,8850.0,8880.0,29172,0.0,0.0
2024-01-09 00:00:00+09:00,8900.0,8920.0,8860.0,8880.0,48914,0.0,0.0
2024-01-10 00:00:00+09:00,8890.0,8900.0,8810.0,8850.0,37092,0.0,0.0
2024-01-11 00:00:00+09:00,8880.0,8940.0,8850.0,8930.0,27269,0.0,0.0
2024-01-12 00:00:00+09:00,8880.0,8930.0,8780.0,8810.0,51897,0.0,0.0
2024-01-15 00:00:00+09:00,8770.0,8820.0,8750.0,8780.0,29473,0.0,0.0
2024-01-16 00:00:00+09:00,8820.0,8820.0,8670.0,8750.0,39587,0.0,0.0
2024-01-17 00:00:00+09:00,8750.0,8750.0,8400.0,8450.0,83806,0.0,0.0
2024-01-18 00:00:00+09:00,8450.0,8530.0,8340.0,8400.0,36632,0.0,0.0
2024-01-19 00:00:00+09:00,8430.0,8560.0,8350.0,8440.0,39149,0.0,0.0
2024-01-22 00:00:00+09:00,8450.0,8450.0,8310.0,8340.0,28422,0.0,0.0
2024-01-23 00:00:00+09:00,8420.0,8420.0,8300.0,8300.0,31745,0.0,0.0
2024-01-24 00:00:00+09:00,8270.0,8300.0,7980.0,8030.0,114322,0.0,0.0
2024-01-25 00:00:00+09:00,8030.0,8030.0,7740.0,7920.0,85712,0.0,0.0
2024-01-26 00:00:00+09:00,7880.0,8160.0,7870.0,8110.0,40915,0.0,0.0
2024-01-29 00:00:00+09:00,8120.0,8140.0,7950.0,8040.0,40286,0.0,0.0
2024-01-30 00:00:00+09:00,8030.0,8070.0,7960.0,8040.0,23063,0.0,0.0
2024-01-31 00:00:00+09:00,8040.0,8050.0,7930.0,8010.0,12009,0.0,0.0
2024-02-01 00:00:00+09:00,8010.0,8040.0,7900.0,8030.0,22127,0.0,0.0
2024-02-02 00:00:00+09:00,8150.0,8230.0,7980.0,8170.0,31482,0.0,0.0
2024-02-05 00:00:00+09:00,8170.0,8220.0,8080.0,8150.0,16725,0.0,0.0
2024-02-06 00:00:00+09:00,8150.0,8200.0,8050.0,8150.0,15473,0.0,0.0
2024-02-07 00:00:00+09:00,8150.0,8170.0,8100.0,8150.0,16566,0.0,0.0
2024-02-08 00:00:00+09:00,8200.0,8220.0,8120.0,8150.0,28826,0.0,0.0
2024-02-13 00:00:00+09:00,8150.0,8310.0,8150.0,8310.0,26654,0.0,0.0
2024-02-14 00:00:00+09:00,8270.0,8380.0,8250.0,8370.0,18218,0.0,0.0
2024-02-15 00:00:00+09:00,8380.0,8380.0,8240.0,8300.0,35662,0.0,0.0
2024-02-16 00:00:00+09:00,8330.0,8340.0,8250.0,8340.0,17656,0.0,0.0
2024-02-19 00:00:00+09:00,8360.0,8380.0,8290.0,8340.0,20669,0.0,0.0
2024-02-20 00:00:00+09:00,8350.0,8350.0,8190.0,8240.0,19595,0.0,0.0
2024-02-21 00:00:00+09:00,8240.0,8250.0,8170.0,8190.0,21781,0.0,0.0
2024-02-22 00:00:00+09:00,8240.0,8240.0,8140.0,8160.0,16648,0.0,0.0
2024-02-23 00:00:00+09:00,8170.0,8190.0,8040.0,8070.0,42866,0.0,0.0
2024-02-26 00:00:00+09:00,8040.0,8100.0,7990.0,8040.0,26127,0.0,0.0
2024-02-27 00:00:00+09:00,8050.0,8050.0,7940.0,7970.0,26832,0.0,0.0
2024-02-28 00:00:00+09:00,7960.0,8040.0,7940.0,8040.0,13448,0.0,0.0
2024-02-29 00:00:00+09:00,8040.0,8040.0,7950.0,8000.0,44555,0.0,0.0
2024-03-04 00:00:00+09:00,8010.0,8010.0,7930.0,8000.0,39507,0.0,0.0
2024-03-05 00:00:00+09:00,7960.0,8000.0,7870.0,7910.0,44847,0.0,0.0
2024-03-06 00:00:00+09:00,7880.0,7910.0,7800.0,7840.0,33554,0.0,0.0
2024-03-07 00:00:00+09:00,7840.0,7840.0,7690.0,7770.0,35359,0.0,0.0
2024-03-08 00:00:00+09:00,7770.0,7850.0,7740.0,7820.0,28271,0.0,0.0
2024-03-11 00:00:00+09:00,7740.0,7940.0,7740.0,7940.0,21329,0.0,0.0
2024-03-12 00:00:00+09:00,7970.0,7970.0,7840.0,7880.0,42601,0.0,0.0
2024-03-13 00:00:00+09:00,7950.0,8150.0,7890.0,8130.0,41246,0.0,0.0
2024-03-14 00:00:00+09:00,8050.0,8550.0,8050.0,8500.0,214580,0.0,0.0
2024-03-15 00:00:00+09:00,8430.0,8520.0,8250.0,8350.0,54985,0.0,0.0
2024-03-18 00:00:00+09:00,8960.0,9850.0,8620.0,8990.0,4597917,0.0,0.0
2024-03-19 00:00:00+09:00,8890.0,9070.0,8620.0,8710.0,375119,0.0,0.0
2024-03-20 00:00:00+09:00,8800.0,8820.0,8560.0,8650.0,145352,0.0,0.0
2024-03-21 00:00:00+09:00,8620.0,8710.0,8500.0,8580.0,117265,0.0,0.0
2024-03-22 00:00:00+09:00,8630.0,8640.0,8500.0,8630.0,70485,0.0,0.0
2024-03-25 00:00:00+09:00,8640.0,8660.0,8490.0,8540.0,70475,0.0,0.0
2024-03-26 00:00:00+09:00,8550.0,8560.0,8420.0,8430.0,65543,0.0,0.0
2024-03-27 00:00:00+09:00,8460.0,8480.0,8380.0,8430.0,42007,0.0,0.0
2024-03-28 00:00:00+09:00,8440.0,8610.0,8440.0,8530.0,63229,0.0,0.0
2024-03-29 00:00:00+09:00,8560.0,8590.0,8420.0,8480.0,47581,0.0,0.0
2024-04-01 00:00:00+09:00,8480.0,8610.0,8450.0,8610.0,32400,0.0,0.0
2024-04-02 00:00:00+09:00,8590.0,8650.0,8460.0,8550.0,57996,0.0,0.0
2024-04-03 00:00:00+09:00,8560.0,8580.0,8450.0,8500.0,41372,0.0,0.0
2024-04-04 00:00:00+09:00,8500.0,8600.0,8410.0,8490.0,48962,0.0,0.0
2024-04-05 00:00:00+09:00,8490.0,8490.0,8360.0,8450.0,41603,0.0,0.0
2024-04-08 00:00:00+09:00,8450.0,8480.0,8280.0,8310.0,70075,0.0,0.0
2024-04-09 00:00:00+09:00,8270.0,8390.0,8210.0,8270.0,48963,0.0,0.0
2024-04-11 00:00:00+09:00,8270.0,8270.0,8020.0,8090.0,46990,0.0,0.0
2024-04-12 00:00:00+09:00,8060.0,8130.0,8030.0,8110.0,32041,0.0,0.0
2024-04-15 00:00:00+09:00,8100.0,8110.0,7930.0,7970.0,35634,0.0,0.0
2024-04-16 00:00:00+09:00,7930.0,7970.0,7740.0,7940.0,48703,0.0,0.0
2024-04-17 00:00:00+09:00,8000.0,8030.0,7880.0,7950.0,26887,0.0,0.0
2024-04-18 00:00:00+09:00,8050.0,8140.0,7950.0,8110.0,35582,0.0,0.0
2024-04-19 00:00:00+09:00,8110.0,8130.0,7850.0,8060.0,28658,0.0,0.0
2024-04-22 00:00:00+09:00,8060.0,8150.0,7990.0,8130.0,17064,0.0,0.0
2024-04-23 00:00:00+09:00,8100.0,8310.0,8100.0,8270.0,34729,0.0,0.0
2024-04-24 00:00:00+09:00,8330.0,8370.0,8260.0,8370.0,37809,0.0,0.0
2024-04-25 00:00:00+09:00,8360.0,8390.0,8250.0,8370.0,21373,0.0,0.0
2024-04-26 00:00:00+09:00,8320.0,8380.0,8310.0,8370.0,19465,0.0,0.0
2024-04-29 00:00:00+09:00,8400.0,8450.0,8350.0,8440.0,31761,0.0,0.0
2024-04-30 00:00:00+09:00,8400.0,8450.0,8400.0,8440.0,16767,0.0,0.0
2024-05-02 00:00:00+09:00,8430.0,8440.0,8340.0,8440.0,16763,0.0,0.0
2024-05-03 00:00:00+09:00,8420.0,8570.0,8420.0,8550.0,41082,0.0,0.0
2024-05-07 00:00:00+09:00,8550.0,8710.0,8480.0,8690.0,66555,0.0,0.0
2024-05-08 00:00:00+09:00,8690.0,8960.0,8610.0,8900.0,143536,0.0,0.0
2024-05-09 00:00:00+09:00,8910.0,8990.0,8750.0,8840.0,64521,0.0,0.0
2024-05-10 00:00:00+09:00,8910.0,8910.0,8770.0,8840.0,35232,0.0,0.0
2024-05-13 00:00:00+09:00,8830.0,8940.0,8760.0,8870.0,44180,0.0,0.0
2024-05-14 00:00:00+09:00,8870.0,8940.0,8850.0,8910.0,31714,0.0,0.0
2024-05-16 00:00:00+09:00,8820.0,8870.0,8540.0,8660.0,99226,0.0,0.0
2024-05-17 00:00:00+09:00,8610.0,8660.0,8460.0,8580.0,33399,0.0,0.0
2024-05-20 00:00:00+09:00,8580.0,8600.0,8510.0,8580.0,22439,0.0,0.0
2024-05-21 00:00:00+09:00,8580.0,8680.0,8530.0,8530.0,24011,0.0,0.0
2024-05-22 00:00:00+09:00,8510.0,8870.0,8500.0,8830.0,114995,0.0,0.0
2024-05-23 00:00:00+09:00,8920.0,9170.0,8750.0,9110.0,200473,0.0,0.0
2024-05-24 00:00:00+09:00,9070.0,9070.0,8900.0,9030.0,78088,0.0,0.0
2024-05-27 00:00:00+09:00,9030.0,9210.0,8940.0,9140.0,105915,0.0,0.0
2024-05-28 00:00:00+09:00,9150.0,9170.0,9000.0,9100.0,69941,0.0,0.0
2024-05-29 00:00:00+09:00,9150.0,9160.0,8830.0,8850.0,62390,0.0,0.0
2024-05-30 00:00:00+09:00,8900.0,8900.0,8600.0,8760.0,51921,0.0,0.0
2024-05-31 00:00:00+09:00,8640.0,8810.0,8620.0,8680.0,34754,0.0,0.0
2024-06-03 00:00:00+09:00,8680.0,11030.0,8610.0,10880.0,8417380,0.0,0.0
2024-06-04 00:00:00+09:00,10600.0,11490.0,9900.0,9990.0,4770311,0.0,0.0
2024-06-05 00:00:00+09:00,10100.0,10870.0,9440.0,10670.0,5195882,0.0,0.0
2024-06-07 00:00:00+09:00,10160.0,12400.0,9580.0,10560.0,9741684,0.0,0.0
2024-06-10 00:00:00+09:00,11930.0,12200.0,11000.0,11540.0,7562874,0.0,0.0
2024-06-11 00:00:00+09:00,11540.0,11930.0,11130.0,11800.0,2685827,0.0,0.0
2024-06-12 00:00:00+09:00,11340.0,11700.0,10500.0,10690.0,1506413,0.0,0.0
2024-06-13 00:00:00+09:00,10560.0,11470.0,10470.0,10870.0,1539249,0.0,0.0
2024-06-14 00:00:00+09:00,11010.0,11030.0,10110.0,10350.0,688228,0.0,0.0
2024-06-17 00:00:00+09:00,10220.0,10530.0,9800.0,9800.0,578627,0.0,0.0
2024-06-18 00:00:00+09:00,9910.0,10900.0,9730.0,10070.0,1188123,0.0,0.0
2024-06-19 00:00:00+09:00,10030.0,10700.0,9870.0,10410.0,929715,0.0,0.0
2024-06-20 00:00:00+09:00,11410.0,12950.0,11050.0,11290.0,9729259,0.0,0.0
2024-06-21 00:00:00+09:00,11200.0,11720.0,10800.0,11070.0,1964050,0.0,0.0
2024-06-24 00:00:00+09:00,10760.0,10760.0,10270.0,10500.0,819693,0.0,0.0
2024-06-25 00:00:00+09:00,10790.0,10800.0,9920.0,9990.0,765008,0.0,0.0
2024-06-26 00:00:00+09:00,9930.0,10090.0,9790.0,9830.0,391065,0.0,0.0
2024-06-27 00:00:00+09:00,9900.0,10250.0,9580.0,9690.0,439727,0.0,0.0
2024-06-28 00:00:00+09:00,9640.0,9810.0,9600.0,9690.0,224314,0.0,0.0
2024-07-01 00:00:00+09:00,9640.0,9740.0,9310.0,9350.0,282109,0.0,0.0
2024-07-02 00:00:00+09:00,9380.0,9620.0,9010.0,9140.0,314160,0.0,0.0
2024-07-03 00:00:00+09:00,9150.0,9210.0,8750.0,8960.0,355897,0.0,0.0
2024-07-04 00:00:00+09:00,8960.0,9090.0,8840.0,8870.0,172864,0.0,0.0
2024-07-05 00:00:00+09:00,8900.0,8990.0,8730.0,8810.0,139164,0.0,0.0
2024-07-08 00:00:00+09:00,8890.0,9020.0,8780.0,8940.0,97471,0.0,0.0
2024-07-09 00:00:00+09:00,8960.0,9070.0,8880.0,9050.0,155275,0.0,0.0
2024-07-10 00:00:00+09:00,9090.0,9160.0,8890.0,8900.0,138681,0.0,0.0
2024-07-11 00:00:00+09:00,8960.0,8990.0,8710.0,8870.0,119711,0.0,0.0
2024-07-12 00:00:00+09:00,8790.0,8850.0,8550.0,8580.0,113492,0.0,0.0
2024-07-15 00:00:00+09:00,8610.0,8680.0,8490.0,8600.0,94465,0.0,0.0
2024-07-16 00:00:00+09:00,8680.0,9360.0,8480.0,8890.0,1147208,0.0,0.0
2024-07-17 00:00:00+09:00,8950.0,9390.0,8900.0,9250.0,504078,0.0,0.0
2024-07-18 00:00:00+09:00,9460.0,9900.0,9000.0,9370.0,1055850,0.0,0.0
2024-07-19 00:00:00+09:00,9400.0,9470.0,9050.0,9460.0,311389,0.0,0.0
2024-07-22 00:00:00+09:00,9450.0,9570.0,9150.0,9280.0,178236,0.0,0.0
2024-07-23 00:00:00+09:00,9270.0,9640.0,9210.0,9290.0,309306,0.0,0.0
2024-07-24 00:00:00+09:00,9200.0,9280.0,8900.0,8920.0,165158,0.0,0.0
2024-07-25 00:00:00+09:00,8810.0,8890.0,8350.0,8600.0,196195,0.0,0.0
2024-07-26 00:00:00+09:00,8610.0,9160.0,8560.0,9090.0,243668,0.0,0.0
2024-07-29 00:00:00+09:00,9860.0,10300.0,9390.0,9680.0,3888091,0.0,0.0
2024-07-30 00:00:00+09:00,9600.0,9730.0,9200.0,9290.0,428668,0.0,0.0
2024-07-31 00:00:00+09:00,9360.0,9390.0,9050.0,9160.0,243702,0.0,0.0
2024-08-01 00:00:00+09:00,9180.0,9250.0,9060.0,9180.0,171478,0.0,0.0
2024-08-02 00:00:00+09:00,8980.0,8990.0,8710.0,8750.0,228117,0.0,0.0
2024-08-05 00:00:00+09:00,8370.0,8500.0,6690.0,7270.0,481405,0.0,0.0
2024-08-06 00:00:00+09:00,7270.0,7790.0,7270.0,7660.0,300874,0.0,0.0
2024-08-07 00:00:00+09:00,7800.0,8570.0,7800.0,7980.0,412396,0.0,0.0
2024-08-08 00:00:00+09:00,7820.0,8000.0,7750.0,7880.0,118956,0.0,0.0
2024-08-09 00:00:00+09:00,8340.0,9170.0,8150.0,8750.0,1066778,0.0,0.0
2024-08-12 00:00:00+09:00,8580.0,8730.0,8500.0,8570.0,206476,0.0,0.0
2024-08-13 00:00:00+09:00,8500.0,8700.0,8260.0,8330.0,217389,0.0,0.0
2024-08-14 00:00:00+09:00,8410.0,8570.0,8290.0,8450.0,134716,0.0,0.0
2024-08-16 00:00:00+09:00,8480.0,8540.0,8290.0,8320.0,118716,0.0,0.0
2024-08-19 00:00:00+09:00,8370.0,8400.0,8100.0,8130.0,98411,0.0,0.0
2024-08-20 00:00:00+09:00,8320.0,8570.0,8290.0,8450.0,214205,0.0,0.0
2024-08-21 00:00:00+09:00,8360.0,9190.0,8260.0,8750.0,992119,0.0,0.0
2024-08-22 00:00:00+09:00,8660.0,8740.0,8450.0,8480.0,152353,0.0,0.0
2024-08-23 00:00:00+09:00,8390.0,8740.0,8320.0,8490.0,133701,0.0,0.0
2024-08-26 00:00:00+09:00,8560.0,8630.0,8300.0,8300.0,210201,0.0,0.0
2024-08-27 00:00:00+09:00,8280.0,8590.0,8240.0,8500.0,120560,0.0,0.0
2024-08-28 00:00:00+09:00,8400.0,8550.0,8270.0,8340.0,90415,0.0,0.0
2024-08-29 00:00:00+09:00,8280.0,8340.0,8090.0,8140.0,80213,0.0,0.0
2024-08-30 00:00:00+09:00,8240.0,8490.0,8090.0,8470.0,114844,0.0,0.0
2024-09-02 00:00:00+09:00,8300.0,8910.0,8300.0,8520.0,369617,0.0,0.0
2024-09-03 00:00:00+09:00,8550.0,8760.0,8350.0,8410.0,158447,0.0,0.0
2024-09-04 00:00:00+09:00,8100.0,8270.0,8000.0,8210.0,142275,0.0,0.0
2024-09-05 00:00:00+09:00,8200.0,8300.0,7880.0,7980.0,138913,0.0,0.0
2024-09-06 00:00:00+09:00,7940.0,8020.0,7570.0,7570.0,119084,0.0,0.0
2024-09-09 00:00:00+09:00,7430.0,8050.0,7420.0,7900.0,125625,0.0,0.0
2024-09-10 00:00:00+09:00,7830.0,8010.0,7770.0,7800.0,56102,0.0,0.0
2024-09-11 00:00:00+09:00,7770.0,7890.0,7600.0,7680.0,47478,0.0,0.0
2024-09-12 00:00:00+09:00,7690.0,7960.0,7690.0,7930.0,94639,0.0,0.0
2024-09-13 00:00:00+09:00,7870.0,8430.0,7870.0,8310.0,251703,0.0,0.0
2024-09-19 00:00:00+09:00,8400.0,8400.0,8130.0,8270.0,74694,0.0,0.0
2024-09-20 00:00:00+09:00,8370.0,8550.0,8240.0,8400.0,110258,0.0,0.0
2024-09-23 00:00:00+09:00,8410.0,9250.0,8310.0,8450.0,1338783,0.0,0.0
2024-09-24 00:00:00+09:00,8300.0,8550.0,8300.0,8430.0,115210,0.0,0.0
2024-09-25 00:00:00+09:00,8520.0,8590.0,8150.0,8240.0,162744,0.0,0.0
2024-09-26 00:00:00+09:00,8230.0,8390.0,8230.0,8390.0,61121,0.0,0.0
2024-09-27 00:00:00+09:00,8390.0,8440.0,8180.0,8180.0,85263,0.0,0.0
2024-09-30 00:00:00+09:00,8180.0,8260.0,8070.0,8130.0,42327,0.0,0.0
2024-10-02 00:00:00+09:00,8000.0,8140.0,7940.0,7950.0,72896,0.0,0.0
2024-10-04 00:00:00+09:00,7950.0,8100.0,7900.0,7920.0,57495,0.0,0.0
2024-10-07 00:00:00+09:00,7940.0,8140.0,7930.0,8050.0,27443,0.0,0.0
2024-10-08 00:00:00+09:00,8000.0,8120.0,7970.0,7980.0,32974,0.0,0.0
2024-10-10 00:00:00+09:00,8010.0,8090.0,7820.0,7930.0,34296,0.0,0.0
2024-10-11 00:00:00+09:00,7850.0,8000.0,7730.0,7790.0,68638,0.0,0.0
2024-10-14 00:00:00+09:00,7750.0,7970.0,7670.0,7770.0,28340,0.0,0.0
2024-10-15 00:00:00+09:00,7780.0,7930.0,7690.0,7740.0,33975,0.0,0.0
2024-10-16 00:00:00+09:00,7840.0,7840.0,7570.0,7610.0,53962,0.0,0.0
2024-10-17 00:00:00+09:00,7700.0,7730.0,7510.0,7520.0,42311,0.0,0.0
2024-10-18 00:00:00+09:00,7540.0,7570.0,7360.0,7440.0,51310,0.0,0.0
2024-10-21 00:00:00+09:00,7490.0,7950.0,7490.0,7530.0,202124,0.0,0.0
2024-10-22 00:00:00+09:00,7460.0,7600.0,7300.0,7380.0,45169,0.0,0.0
2024-10-23 00:00:00+09:00,7380.0,7490.0,7310.0,7440.0,31764,0.0,0.0
2024-10-24 00:00:00+09:00,7430.0,7500.0,7200.0,7330.0,47309,0.0,0.0
2024-10-25 00:00:00+09:00,7290.0,7450.0,7100.0,7100.0,55688,0.0,0.0
2024-10-28 00:00:00+09:00,7050.0,7290.0,7050.0,7150.0,31908,0.0,0.0
2024-10-29 00:00:00+09:00,7080.0,7250.0,7010.0,7080.0,38458,0.0,0.0
2024-10-30 00:00:00+09:00,7160.0,7230.0,7060.0,7210.0,30502,0.0,0.0
2024-10-31 00:00:00+09:00,7140.0,7250.0,7060.0,7170.0,25187,0.0,0.0
2024-11-01 00:00:00+09:00,7100.0,7210.0,7070.0,7120.0,24154,0.0,0.0
