Date,Open,High,Low,Close,Volume,Dividends,Stock Splits
2021-10-14 00:00:00+09:00,2176.666748046875,2500.0,2176.666748046875,2500.0,16142,0.0,0.0
2021-10-15 00:00:00+09:00,2533.333251953125,2566.666748046875,2533.333251953125,2563.333251953125,950,0.0,0.0
2021-10-18 00:00:00+09:00,2943.333251953125,2946.666748046875,2506.666748046875,2506.666748046875,1622,0.0,0.0
2021-10-19 00:00:00+09:00,2176.666748046875,2826.666748046875,2176.666748046875,2403.333251953125,3359,0.0,0.0
2021-10-20 00:00:00+09:00,2406.666748046875,2406.666748046875,2403.333251953125,2403.333251953125,176,0.0,0.0
2021-10-21 00:00:00+09:00,2533.333251953125,2533.333251953125,2416.666748046875,2416.666748046875,1376,0.0,0.0
2021-10-22 00:00:00+09:00,2533.333251953125,2533.333251953125,2533.333251953125,2533.333251953125,32,0.0,0.0
2021-10-25 00:00:00+09:00,2533.333251953125,2533.333251953125,2466.666748046875,2466.666748046875,59,0.0,0.0
2021-10-26 00:00:00+09:00,2533.333251953125,2533.333251953125,2533.333251953125,2533.333251953125,5,0.0,0.0
2021-10-27 00:00:00+09:00,2533.333251953125,2566.666748046875,2533.333251953125,2566.666748046875,227,0.0,0.0
2021-10-28 00:00:00+09:00,2566.666748046875,2566.666748046875,2566.666748046875,2566.666748046875,32,0.0,0.0
2021-10-29 00:00:00+09:00,2600.0,2600.0,2366.666748046875,2533.333251953125,353,0.0,0.0
2021-11-01 00:00:00+09:00,2533.333251953125,2533.333251953125,2333.333251953125,2400.0,254,0.0,0.0
2021-11-02 00:00:00+09:00,2433.333251953125,2433.333251953125,2400.0,2433.333251953125,8,0.0,0.0
2021-11-03 00:00:00+09:00,2383.333251953125,2466.666748046875,2383.333251953125,2466.666748046875,1718,0.0,0.0
2021-11-04 00:00:00+09:00,2466.666748046875,2466.666748046875,2466.666748046875,2466.666748046875,0,0.0,0.0
2021-11-05 00:00:00+09:00,2416.666748046875,2450.0,2406.666748046875,2450.0,692,0.0,0.0
2021-11-08 00:00:00+09:00,2450.0,2450.0,2450.0,2450.0,29,0.0,0.0
2021-11-09 00:00:00+09:00,2450.0,2466.666748046875,2450.0,2466.666748046875,17,0.0,0.0
2021-11-10 00:00:00+09:00,2466.666748046875,2600.0,2466.666748046875,2600.0,935,0.0,0.0
2021-11-11 00:00:00+09:00,2566.666748046875,2603.333251953125,2566.666748046875,2603.333251953125,593,0.0,0.0
2021-11-12 00:00:00+09:00,2666.666748046875,2796.666748046875,2666.666748046875,2796.666748046875,1562,0.0,0.0
2021-11-15 00:00:00+09:00,2796.666748046875,3100.0,2796.666748046875,3100.0,1079,0.0,0.0
2021-11-16 00:00:00+09:00,3200.0,3303.333251953125,3133.333251953125,3303.333251953125,395,0.0,0.0
2021-11-17 00:00:00+09:00,3330.0,3400.0,3330.0,3400.0,152,0.0,0.0
2021-11-18 00:00:00+09:00,3266.666748046875,3350.0,2933.333251953125,3263.333251953125,194,0.0,0.0
2021-11-19 00:00:00+09:00,3263.333251953125,3263.333251953125,3263.333251953125,3263.333251953125,0,0.0,0.0
2021-11-22 00:00:00+09:00,3263.333251953125,3263.333251953125,3263.333251953125,3263.333251953125,29,0.0,0.0
2021-11-23 00:00:00+09:00,3266.666748046875,3266.666748046875,3266.666748046875,3266.666748046875,5,0.0,0.0
2021-11-24 00:00:00+09:00,3266.666748046875,3266.666748046875,3266.666748046875,3266.666748046875,2,0.0,0.0
2021-11-25 00:00:00+09:00,3266.666748046875,3266.666748046875,3266.666748046875,3266.666748046875,0,0.0,0.0
2021-11-26 00:00:00+09:00,3200.0,3266.666748046875,3133.333251953125,3266.666748046875,59,0.0,0.0
2021-11-29 00:00:00+09:00,3266.666748046875,3266.666748046875,3266.666748046875,3266.666748046875,0,0.0,0.0
2021-11-30 00:00:00+09:00,3200.0,3263.333251953125,3133.333251953125,3263.333251953125,311,0.0,0.0
2021-12-01 00:00:00+09:00,3263.333251953125,3263.333251953125,3263.333251953125,3263.333251953125,0,0.0,0.0
2021-12-02 00:00:00+09:00,3250.0,3263.333251953125,3250.0,3263.333251953125,14,0.0,0.0
2021-12-03 00:00:00+09:00,3263.333251953125,3263.333251953125,3263.333251953125,3263.333251953125,23,0.0,0.0
2021-12-06 00:00:00+09:00,3136.666748046875,3260.0,3066.666748046875,3260.0,647,0.0,0.0
2021-12-07 00:00:00+09:00,3260.0,3266.666748046875,3256.666748046875,3266.666748046875,2249,0.0,0.0
2021-12-08 00:00:00+09:00,3263.333251953125,3266.666748046875,3263.333251953125,3266.666748046875,2495,0.0,0.0
2021-12-09 00:00:00+09:00,3266.666748046875,3266.666748046875,3266.666748046875,3266.666748046875,0,0.0,0.0
2021-12-10 00:00:00+09:00,3266.666748046875,3500.0,3266.666748046875,3500.0,2777,0.0,0.0
2021-12-13 00:00:00+09:00,3333.333251953125,3333.333251953125,3333.333251953125,3333.333251953125,92,0.0,0.0
2021-12-14 00:00:00+09:00,3333.333251953125,3333.333251953125,3333.333251953125,3333.333251953125,0,0.0,0.0
2021-12-15 00:00:00+09:00,3333.333251953125,3500.0,3333.333251953125,3500.0,1532,0.0,0.0
2021-12-16 00:00:00+09:00,3500.0,3500.0,3500.0,3500.0,32,0.0,0.0
2021-12-17 00:00:00+09:00,3333.333251953125,3500.0,3333.333251953125,3500.0,305,0.0,0.0
2021-12-20 00:00:00+09:00,3500.0,3500.0,3500.0,3500.0,0,0.0,0.0
2021-12-22 00:00:00+09:00,3500.0,3666.666748046875,3500.0,3666.666748046875,5,0.0,0.0
2021-12-23 00:00:00+09:00,3666.666748046875,3666.666748046875,3266.666748046875,3500.0,677,0.0,0.0
2021-12-24 00:00:00+09:00,3500.0,3500.0,3500.0,3500.0,0,0.0,0.0
2021-12-27 00:00:00+09:00,3500.0,3500.0,3300.0,3500.0,68,0.0,0.0
2021-12-28 00:00:00+09:00,3300.0,3500.0,3300.0,3500.0,35,0.0,0.0
2021-12-29 00:00:00+09:00,3650.0,3650.0,3650.0,3650.0,2,0.0,0.0
2021-12-30 00:00:00+09:00,3650.0,3650.0,3650.0,3650.0,0,0.0,0.0
2022-01-04 00:00:00+09:00,3333.333251953125,4000.0,3333.333251953125,3833.333251953125,4088,0.0,0.0
2022-01-05 00:00:00+09:00,3700.0,3750.0,3666.666748046875,3750.0,1271,0.0,0.0
2022-01-06 00:00:00+09:00,3500.0,3666.666748046875,3333.333251953125,3500.0,1097,0.0,0.0
2022-01-07 00:00:00+09:00,3666.666748046875,3666.666748046875,3500.0,3666.666748046875,38,0.0,0.0
2022-01-10 00:00:00+09:00,3833.333251953125,3833.333251953125,3833.333251953125,3833.333251953125,2,0.0,0.0
2022-01-11 00:00:00+09:00,3700.0,3833.333251953125,3700.0,3833.333251953125,32,0.0,0.0
2022-01-12 00:00:00+09:00,3666.666748046875,3816.666748046875,3500.0,3816.666748046875,35,0.0,0.0
2022-01-13 00:00:00+09:00,3550.0,3666.666748046875,3500.0,3666.666748046875,80,0.0,0.0
2022-01-14 00:00:00+09:00,3666.666748046875,3666.666748046875,3266.666748046875,3666.666748046875,6497,0.0,0.0
2022-01-17 00:00:00+09:00,3366.666748046875,3666.666748046875,3333.333251953125,3650.0,374,0.0,0.0
2022-01-18 00:00:00+09:00,3333.333251953125,3500.0,3306.666748046875,3500.0,3263,0.0,0.0
2022-01-19 00:00:00+09:00,3300.0,3500.0,3300.0,3500.0,3002,0.0,0.0
2022-01-20 00:00:00+09:00,3333.333251953125,3500.0,3283.333251953125,3500.0,3488,0.0,0.0
2022-01-21 00:00:00+09:00,3500.0,3500.0,3500.0,3500.0,0,0.0,0.0
2022-01-24 00:00:00+09:00,3333.333251953125,3500.0,3300.0,3500.0,149,0.0,0.0
2022-01-25 00:00:00+09:00,3500.0,3650.0,3333.333251953125,3650.0,11,0.0,0.0
2022-01-26 00:00:00+09:00,3333.333251953125,3500.0,3333.333251953125,3500.0,11,0.0,0.0
2022-01-27 00:00:00+09:00,3333.333251953125,3500.0,3200.0,3333.333251953125,566,0.0,0.0
2022-01-28 00:00:00+09:00,3266.666748046875,3333.333251953125,3200.0,3333.333251953125,2534,0.0,0.0
2022-02-03 00:00:00+09:00,3333.333251953125,3333.333251953125,3333.333251953125,3333.333251953125,2,0.0,0.0
2022-02-04 00:00:00+09:00,3333.333251953125,3500.0,3233.333251953125,3500.0,2036,0.0,0.0
2022-02-07 00:00:00+09:00,3333.333251953125,3500.0,3333.333251953125,3500.0,5,0.0,0.0
2022-02-08 00:00:00+09:00,3500.0,3500.0,3500.0,3500.0,2,0.0,0.0
2022-02-09 00:00:00+09:00,3266.666748046875,3500.0,3200.0,3500.0,1295,0.0,0.0
2022-02-10 00:00:00+09:00,3276.666748046875,3333.333251953125,3266.666748046875,3333.333251953125,38,0.0,0.0
2022-02-11 00:00:00+09:00,3266.666748046875,3333.333251953125,3216.666748046875,3333.333251953125,902,0.0,0.0
2022-02-14 00:00:00+09:00,3333.333251953125,3333.333251953125,3333.333251953125,3333.333251953125,0,0.0,0.0
2022-02-15 00:00:00+09:00,3200.0,3333.333251953125,3200.0,3333.333251953125,149,0.0,0.0
2022-02-16 00:00:00+09:00,3266.666748046875,3316.666748046875,3200.0,3266.666748046875,497,0.0,0.0
2022-02-17 00:00:00+09:00,3203.333251953125,3266.666748046875,3133.333251953125,3266.666748046875,950,0.0,0.0
2022-02-18 00:00:00+09:00,3210.0,3266.666748046875,3200.0,3266.666748046875,26,0.0,0.0
2022-02-21 00:00:00+09:00,3203.333251953125,3266.666748046875,3200.0,3266.666748046875,20,0.0,0.0
2022-02-22 00:00:00+09:00,3200.0,3266.666748046875,3200.0,3266.666748046875,17,0.0,0.0
2022-02-23 00:00:00+09:00,3200.0,3266.666748046875,3166.666748046875,3266.666748046875,1844,0.0,0.0
2022-02-24 00:00:00+09:00,3266.666748046875,3266.666748046875,3200.0,3266.666748046875,32,0.0,0.0
2022-02-25 00:00:00+09:00,3200.0,3266.666748046875,3200.0,3266.666748046875,17,0.0,0.0
2022-02-28 00:00:00+09:00,3266.666748046875,3266.666748046875,3266.666748046875,3266.666748046875,0,0.0,0.0
2022-03-03 00:00:00+09:00,3200.0,3333.333251953125,3200.0,3333.333251953125,8,0.0,0.0
2022-03-04 00:00:00+09:00,3290.0,3290.0,3290.0,3290.0,0,0.0,0.0
2022-03-07 00:00:00+09:00,3200.0,3266.666748046875,3200.0,3250.0,125,0.0,0.0
2022-03-08 00:00:00+09:00,3250.0,3250.0,3250.0,3250.0,0,0.0,0.0
2022-03-14 00:00:00+09:00,3263.333251953125,3263.333251953125,3263.333251953125,3263.333251953125,2,0.0,0.0
2022-03-15 00:00:00+09:00,3133.333251953125,3263.333251953125,3133.333251953125,3263.333251953125,56,0.0,0.0
2022-03-16 00:00:00+09:00,3133.333251953125,3263.333251953125,3133.333251953125,3263.333251953125,17,0.0,0.0
2022-03-17 00:00:00+09:00,3266.666748046875,3266.666748046875,3133.333251953125,3263.333251953125,47,0.0,0.0
2022-03-18 00:00:00+09:00,3133.333251953125,3263.333251953125,3066.666748046875,3133.333251953125,629,0.0,0.0
2022-03-21 00:00:00+09:00,3266.666748046875,3266.666748046875,3133.333251953125,3266.666748046875,155,0.0,0.0
2022-03-22 00:00:00+09:00,3133.333251953125,3266.666748046875,3133.333251953125,3200.0,230,0.0,0.0
2022-03-23 00:00:00+09:00,3266.666748046875,3266.666748046875,2866.666748046875,3000.0,8348,0.0,0.0
2022-03-24 00:00:00+09:00,3133.333251953125,3266.666748046875,3133.333251953125,3200.0,266,0.0,0.0
2022-03-25 00:00:00+09:00,3133.333251953125,3200.0,2866.666748046875,2933.333251953125,7538,0.0,0.0
2022-03-28 00:00:00+09:00,3066.666748046875,3193.333251953125,3066.666748046875,3133.333251953125,170,0.0,0.0
2022-03-29 00:00:00+09:00,3066.666748046875,3183.333251953125,3000.0,3133.333251953125,536,0.0,0.0
2022-03-30 00:00:00+09:00,3166.666748046875,3166.666748046875,3166.666748046875,3166.666748046875,2,0.0,0.0
2022-03-31 00:00:00+09:00,3066.666748046875,3166.666748046875,3066.666748046875,3166.666748046875,302,0.0,0.0
2022-04-01 00:00:00+09:00,3133.333251953125,3166.666748046875,3066.666748046875,3133.333251953125,140,0.0,0.0
2022-04-04 00:00:00+09:00,3066.666748046875,3200.0,3066.666748046875,3200.0,15620,0.0,0.0
2022-04-05 00:00:00+09:00,3166.666748046875,3266.666748046875,3166.666748046875,3266.666748046875,71,0.0,0.0
2022-04-06 00:00:00+09:00,3266.666748046875,3266.666748046875,3266.666748046875,3266.666748046875,2,0.0,0.0
2022-04-07 00:00:00+09:00,3200.0,3266.666748046875,3200.0,3266.666748046875,32,0.0,0.0
2022-04-08 00:00:00+09:00,3266.666748046875,3266.666748046875,3266.666748046875,3266.666748046875,0,0.0,0.0
2022-04-11 00:00:00+09:00,3200.0,3333.333251953125,3200.0,3263.333251953125,10535,0.0,0.0
2022-04-12 00:00:00+09:00,3326.666748046875,3326.666748046875,3200.0,3263.333251953125,8108,0.0,0.0
2022-04-13 00:00:00+09:00,3333.333251953125,3333.333251953125,3260.0,3260.0,185,0.0,0.0
2022-04-14 00:00:00+09:00,3260.0,3260.0,3260.0,3260.0,0,0.0,0.0
2022-04-15 00:00:00+09:00,3200.0,3333.333251953125,3200.0,3263.333251953125,1157,0.0,0.0
2022-04-18 00:00:00+09:00,3200.0,3330.0,3200.0,3266.666748046875,3017,0.0,0.0
2022-04-19 00:00:00+09:00,3263.333251953125,3263.333251953125,3263.333251953125,3263.333251953125,0,0.0,0.0
2022-04-20 00:00:00+09:00,3330.0,3330.0,3330.0,3330.0,2,0.0,0.0
2022-04-21 00:00:00+09:00,3483.333251953125,3483.333251953125,3266.666748046875,3330.0,3026,0.0,0.0
2022-04-22 00:00:00+09:00,3330.0,3330.0,3316.666748046875,3316.666748046875,92,0.0,0.0
2022-04-25 00:00:00+09:00,3330.0,3330.0,3323.333251953125,3323.333251953125,308,0.0,0.0
2022-04-26 00:00:00+09:00,3233.333251953125,3280.0,3233.333251953125,3280.0,6275,0.0,0.0
2022-04-27 00:00:00+09:00,3280.0,3280.0,3280.0,3280.0,0,0.0,0.0
2022-04-29 00:00:00+09:00,3276.666748046875,3280.0,3133.333251953125,3266.666748046875,389,0.0,0.0
2022-05-02 00:00:00+09:00,3300.0,3300.0,3153.333251953125,3153.333251953125,9737,0.0,0.0
2022-05-03 00:00:00+09:00,3200.0,3200.0,3200.0,3200.0,194,0.0,0.0
2022-05-04 00:00:00+09:00,3263.333251953125,3263.333251953125,3263.333251953125,3263.333251953125,2,0.0,0.0
2022-05-06 00:00:00+09:00,3263.333251953125,3263.333251953125,3263.333251953125,3263.333251953125,0,0.0,0.0
2022-05-10 00:00:00+09:00,3263.333251953125,3263.333251953125,3263.333251953125,3263.333251953125,2,0.0,0.0
2022-05-11 00:00:00+09:00,3263.333251953125,3266.666748046875,3263.333251953125,3266.666748046875,20,0.0,0.0
2022-05-12 00:00:00+09:00,3263.333251953125,3263.333251953125,3263.333251953125,3263.333251953125,0,0.0,0.0
2022-05-16 00:00:00+09:00,3236.666748046875,3236.666748046875,3233.333251953125,3233.333251953125,4499,0.0,0.0
2022-05-17 00:00:00+09:00,3233.333251953125,3716.666748046875,3233.333251953125,3716.666748046875,11603,0.0,0.0
2022-05-18 00:00:00+09:00,3833.333251953125,4266.66650390625,3833.333251953125,4266.66650390625,23228,0.0,0.0
2022-05-19 00:00:00+09:00,4500.0,4900.0,4333.33349609375,4650.0,38864,0.0,0.0
2022-05-20 00:00:00+09:00,4816.66650390625,4816.66650390625,4566.66650390625,4816.66650390625,401,0.0,0.0
2022-05-23 00:00:00+09:00,4950.0,4950.0,4950.0,4950.0,2,0.0,0.0
2022-05-24 00:00:00+09:00,4666.66650390625,4833.33349609375,4500.0,4666.66650390625,407,0.0,0.0
2022-05-25 00:00:00+09:00,4833.33349609375,4833.33349609375,4666.66650390625,4800.0,6308,0.0,0.0
2022-05-26 00:00:00+09:00,4666.66650390625,4666.66650390625,4116.66650390625,4666.66650390625,512,0.0,0.0
2022-05-27 00:00:00+09:00,4633.33349609375,4633.33349609375,4633.33349609375,4633.33349609375,0,0.0,0.0
2022-05-30 00:00:00+09:00,4633.33349609375,4633.33349609375,4633.33349609375,4633.33349609375,5,0.0,0.0
2022-05-31 00:00:00+09:00,4666.66650390625,4666.66650390625,4166.66650390625,4183.33349609375,62,0.0,0.0
2022-06-02 00:00:00+09:00,4200.0,4316.66650390625,4200.0,4200.0,416,0.0,0.0
2022-06-03 00:00:00+09:00,4333.33349609375,4333.33349609375,4166.66650390625,4166.66650390625,20,0.0,0.0
2022-06-07 00:00:00+09:00,4166.66650390625,4266.66650390625,4166.66650390625,4266.66650390625,14,0.0,0.0
2022-06-08 00:00:00+09:00,4300.0,4300.0,4000.0,4000.0,113,0.0,0.0
2022-06-09 00:00:00+09:00,4000.0,4000.0,3966.666748046875,3966.666748046875,26,0.0,0.0
2022-06-10 00:00:00+09:00,3966.666748046875,3966.666748046875,3933.333251953125,3950.0,38,0.0,0.0
2022-06-13 00:00:00+09:00,3950.0,3950.0,3733.333251953125,3733.333251953125,602,0.0,0.0
2022-06-14 00:00:00+09:00,4166.66650390625,4166.66650390625,3333.333251953125,3850.0,3974,0.0,0.0
2022-06-15 00:00:00+09:00,3733.333251953125,3733.333251953125,3283.333251953125,3616.666748046875,4196,0.0,0.0
2022-06-16 00:00:00+09:00,3266.666748046875,3333.333251953125,3266.666748046875,3333.333251953125,3308,0.0,0.0
2022-06-17 00:00:00+09:00,3333.333251953125,3333.333251953125,3333.333251953125,3333.333251953125,5,0.0,0.0
2022-06-20 00:00:00+09:00,3266.666748046875,3330.0,3200.0,3330.0,4715,0.0,0.0
2022-06-21 00:00:00+09:00,3333.333251953125,3500.0,3333.333251953125,3500.0,617,0.0,0.0
2022-06-22 00:00:00+09:00,3500.0,3500.0,3500.0,3500.0,0,0.0,0.0
2022-06-23 00:00:00+09:00,3333.333251953125,3666.666748046875,3333.333251953125,3633.333251953125,2282,0.0,0.0
2022-06-24 00:00:00+09:00,3330.0,3616.666748046875,3330.0,3616.666748046875,272,0.0,0.0
2022-06-27 00:00:00+09:00,3616.666748046875,3616.666748046875,3616.666748046875,3616.666748046875,2,0.0,0.0
2022-06-28 00:00:00+09:00,3616.666748046875,3616.666748046875,3383.333251953125,3616.666748046875,143,0.0,0.0
2022-06-29 00:00:00+09:00,3400.0,3600.0,3400.0,3600.0,302,0.0,0.0
2022-06-30 00:00:00+09:00,3600.0,3600.0,3600.0,3600.0,0,0.0,0.0
2022-07-01 00:00:00+09:00,3416.666748046875,3666.666748046875,3416.666748046875,3666.666748046875,32,0.0,0.0
2022-07-04 00:00:00+09:00,3516.666748046875,3750.0,3500.0,3750.0,3032,0.0,0.0
2022-07-05 00:00:00+09:00,3750.0,3816.666748046875,3750.0,3816.666748046875,5,0.0,0.0
2022-07-06 00:00:00+09:00,3816.666748046875,3816.666748046875,3816.666748046875,3816.666748046875,0,0.0,0.0
2022-07-07 00:00:00+09:00,3933.333251953125,3950.0,3900.0,3950.0,32,0.0,0.0
2022-07-08 00:00:00+09:00,3950.0,3950.0,3950.0,3950.0,0,0.0,0.0
2022-07-11 00:00:00+09:00,3983.333251953125,3983.333251953125,3983.333251953125,3983.333251953125,17,0.0,0.0
2022-07-12 00:00:00+09:00,3533.333251953125,4150.0,3533.333251953125,4150.0,1514,0.0,0.0
2022-07-13 00:00:00+09:00,4133.33349609375,4133.33349609375,4133.33349609375,4133.33349609375,0,0.0,0.0
2022-07-19 00:00:00+09:00,4333.33349609375,4333.33349609375,4333.33349609375,4333.33349609375,2312,0.0,0.0
2022-07-20 00:00:00+09:00,4333.33349609375,4333.33349609375,4333.33349609375,4333.33349609375,2,0.0,0.0
2022-07-21 00:00:00+09:00,4333.33349609375,4333.33349609375,4333.33349609375,4333.33349609375,2,0.0,0.0
2022-07-22 00:00:00+09:00,4333.33349609375,4333.33349609375,4333.33349609375,4333.33349609375,14,0.0,0.0
2022-07-25 00:00:00+09:00,4500.0,4500.0,4333.33349609375,4333.33349609375,308,0.0,0.0
2022-07-26 00:00:00+09:00,4333.33349609375,4333.33349609375,4016.666748046875,4333.33349609375,8,0.0,0.0
2022-07-27 00:00:00+09:00,4250.0,4250.0,4250.0,4250.0,2,0.0,0.0
2022-07-28 00:00:00+09:00,4250.0,4250.0,4250.0,4250.0,449,0.0,0.0
2022-07-29 00:00:00+09:00,4250.0,4250.0,4250.0,4250.0,2,0.0,0.0
2022-08-01 00:00:00+09:00,4250.0,4250.0,4250.0,4250.0,5,0.0,0.0
2022-08-02 00:00:00+09:00,4250.0,4250.0,4250.0,4250.0,0,0.0,0.0
2022-08-04 00:00:00+09:00,4250.0,4250.0,3716.666748046875,3716.666748046875,5,0.0,0.0
2022-08-05 00:00:00+09:00,3833.333251953125,4000.0,3280.0,3280.0,11,0.0,0.0
2022-08-08 00:00:00+09:00,3500.0,3533.333251953125,3500.0,3516.666748046875,902,0.0,0.0
2022-08-09 00:00:00+09:00,3633.333251953125,3650.0,3516.666748046875,3650.0,11195,0.0,0.0
2022-08-10 00:00:00+09:00,3566.666748046875,3566.666748046875,3566.666748046875,3566.666748046875,0,0.0,0.0
2022-08-11 00:00:00+09:00,3583.333251953125,3583.333251953125,3583.333251953125,3583.333251953125,59,0.0,0.0
2022-08-12 00:00:00+09:00,3583.333251953125,3583.333251953125,3583.333251953125,3583.333251953125,0,0.0,0.0
2022-08-16 00:00:00+09:00,3650.0,3650.0,3650.0,3650.0,14,0.0,0.0
2022-08-17 00:00:00+09:00,3816.666748046875,3816.666748046875,3816.666748046875,3816.666748046875,59,0.0,0.0
2022-08-18 00:00:00+09:00,3983.333251953125,3983.333251953125,3983.333251953125,3983.333251953125,89,0.0,0.0
2022-08-19 00:00:00+09:00,3700.0,3700.0,3500.0,3500.0,602,0.0,0.0
2022-08-22 00:00:00+09:00,3500.0,3500.0,3500.0,3500.0,23,0.0,0.0
2022-08-23 00:00:00+09:00,3400.0,3400.0,3400.0,3400.0,209,0.0,0.0
2022-08-24 00:00:00+09:00,3500.0,3500.0,3400.0,3433.333251953125,647,0.0,0.0
2022-08-25 00:00:00+09:00,3516.666748046875,3516.666748046875,3516.666748046875,3516.666748046875,59,0.0,0.0
2022-08-26 00:00:00+09:00,3516.666748046875,3516.666748046875,3516.666748046875,3516.666748046875,0,0.0,0.0
2022-08-29 00:00:00+09:00,4000.0,4033.333251953125,3650.0,3650.0,311,0.0,0.0
2022-08-30 00:00:00+09:00,3816.666748046875,3816.666748046875,3816.666748046875,3816.666748046875,29,0.0,0.0
2022-08-31 00:00:00+09:00,3533.333251953125,3533.333251953125,3533.333251953125,3533.333251953125,329,0.0,0.0
2022-09-01 00:00:00+09:00,3550.0,3600.0,3533.333251953125,3533.333251953125,191,0.0,0.0
2022-09-02 00:00:00+09:00,3533.333251953125,3533.333251953125,3416.666748046875,3533.333251953125,542,0.0,0.0
2022-09-05 00:00:00+09:00,3633.333251953125,3633.333251953125,3533.333251953125,3533.333251953125,191,0.0,0.0
2022-09-06 00:00:00+09:00,3533.333251953125,3550.0,3516.666748046875,3516.666748046875,2036,0.0,0.0
2022-09-07 00:00:00+09:00,3500.0,3516.666748046875,3026.666748046875,3300.0,15092,0.0,0.0
2022-09-08 00:00:00+09:00,3483.333251953125,3483.333251953125,3320.0,3320.0,1895,0.0,0.0
2022-09-13 00:00:00+09:00,3483.333251953125,3483.333251953125,3483.333251953125,3483.333251953125,1121,0.0,0.0
2022-09-14 00:00:00+09:00,3483.333251953125,3483.333251953125,3466.666748046875,3466.666748046875,5,0.0,0.0
2022-09-15 00:00:00+09:00,3433.333251953125,3650.0,3433.333251953125,3650.0,5,0.0,0.0
2022-09-16 00:00:00+09:00,3500.0,3666.666748046875,3333.333251953125,3516.666748046875,9155,0.0,0.0
2022-09-19 00:00:00+09:00,3516.666748046875,3600.0,3333.333251953125,3333.333251953125,12302,0.0,0.0
2022-09-20 00:00:00+09:00,3333.333251953125,3466.666748046875,3333.333251953125,3466.666748046875,1802,0.0,0.0
2022-09-21 00:00:00+09:00,3333.333251953125,3333.333251953125,3333.333251953125,3333.333251953125,599,0.0,0.0
2022-09-22 00:00:00+09:00,3310.0,3416.666748046875,3310.0,3416.666748046875,587,0.0,0.0
2022-09-23 00:00:00+09:00,3326.666748046875,3416.666748046875,3326.666748046875,3416.666748046875,1790,0.0,0.0
2022-09-26 00:00:00+09:00,3416.666748046875,3416.666748046875,3273.333251953125,3273.333251953125,311,0.0,0.0
2022-09-27 00:00:00+09:00,3400.0,3400.0,3400.0,3400.0,20,0.0,0.0
2022-09-28 00:00:00+09:00,3233.333251953125,3250.0,3203.333251953125,3206.666748046875,2060,0.0,0.0
2022-09-29 00:00:00+09:00,3206.666748046875,3333.333251953125,3206.666748046875,3333.333251953125,65,0.0,0.0
2022-09-30 00:00:00+09:00,3466.666748046875,3466.666748046875,3466.666748046875,3466.666748046875,5,0.0,0.0
2022-10-04 00:00:00+09:00,3333.333251953125,3466.666748046875,3266.666748046875,3466.666748046875,1229,0.0,0.0
2022-10-05 00:00:00+09:00,3466.666748046875,3466.666748046875,3333.333251953125,3333.333251953125,74,0.0,0.0
2022-10-06 00:00:00+09:00,3333.333251953125,3333.333251953125,3333.333251953125,3333.333251953125,59,0.0,0.0
2022-10-07 00:00:00+09:00,3333.333251953125,3366.666748046875,3266.666748046875,3366.666748046875,317,0.0,0.0
2022-10-11 00:00:00+09:00,3200.0,3333.333251953125,3033.333251953125,3333.333251953125,28286,0.0,0.0
2022-10-12 00:00:00+09:00,3333.333251953125,3333.333251953125,3333.333251953125,3333.333251953125,29,0.0,0.0
2022-10-13 00:00:00+09:00,3333.333251953125,3450.0,3333.333251953125,3450.0,68,0.0,0.0
2022-10-14 00:00:00+09:00,3333.333251953125,3566.666748046875,3333.333251953125,3333.333251953125,332,0.0,0.0
2022-10-17 00:00:00+09:00,3333.333251953125,3333.333251953125,3326.666748046875,3330.0,332,0.0,0.0
2022-10-18 00:00:00+09:00,3300.0,3300.0,3300.0,3300.0,89,0.0,0.0
2022-10-19 00:00:00+09:00,3650.0,3700.0,2863.333251953125,3683.333251953125,650,0.0,0.0
2022-10-20 00:00:00+09:00,3650.0,3650.0,3650.0,3650.0,0,0.0,0.0
2022-10-21 00:00:00+09:00,3833.333251953125,3833.333251953125,3136.666748046875,3683.333251953125,1232,0.0,0.0
2022-10-24 00:00:00+09:00,3500.0,3683.333251953125,3333.333251953125,3683.333251953125,1559,0.0,0.0
2022-10-25 00:00:00+09:00,3683.333251953125,3683.333251953125,3466.666748046875,3683.333251953125,245,0.0,0.0
2022-10-26 00:00:00+09:00,3683.333251953125,3816.666748046875,3650.0,3816.666748046875,908,0.0,0.0
2022-10-27 00:00:00+09:00,3816.666748046875,3983.333251953125,3816.666748046875,3983.333251953125,140,0.0,0.0
2022-10-28 00:00:00+09:00,3983.333251953125,3983.333251953125,3983.333251953125,3983.333251953125,0,0.0,0.0
2022-10-31 00:00:00+09:00,3983.333251953125,4166.66650390625,3966.666748046875,4166.66650390625,119,0.0,0.0
2022-11-01 00:00:00+09:00,4166.66650390625,4333.33349609375,4000.0,4333.33349609375,314,0.0,0.0
2022-11-02 00:00:00+09:00,4316.66650390625,4316.66650390625,4316.66650390625,4316.66650390625,0,0.0,0.0
2022-11-07 00:00:00+09:00,4500.0,4500.0,4500.0,4500.0,2,0.0,0.0
2022-11-08 00:00:00+09:00,4500.0,4500.0,4500.0,4500.0,0,0.0,0.0
2022-11-09 00:00:00+09:00,4500.0,4500.0,4333.33349609375,4433.33349609375,1535,0.0,0.0
2022-11-10 00:00:00+09:00,4433.33349609375,4433.33349609375,4433.33349609375,4433.33349609375,5,0.0,0.0
2022-11-11 00:00:00+09:00,4566.66650390625,4666.66650390625,4566.66650390625,4666.66650390625,17,0.0,0.0
2022-11-14 00:00:00+09:00,4666.66650390625,4666.66650390625,4666.66650390625,4666.66650390625,5,0.0,0.0
2022-11-15 00:00:00+09:00,4666.66650390625,4666.66650390625,4666.66650390625,4666.66650390625,0,0.0,0.0
2022-11-16 00:00:00+09:00,4666.66650390625,4666.66650390625,4033.333251953125,4666.66650390625,1877,0.0,0.0
2022-11-17 00:00:00+09:00,4666.66650390625,4666.66650390625,4666.66650390625,4666.66650390625,5,0.0,0.0
2022-11-18 00:00:00+09:00,4633.33349609375,4633.33349609375,4633.33349609375,4633.33349609375,5,0.0,0.0
2022-11-21 00:00:00+09:00,4633.33349609375,4633.33349609375,4633.33349609375,4633.33349609375,5,0.0,0.0
2022-11-22 00:00:00+09:00,4600.0,4600.0,4600.0,4600.0,0,0.0,0.0
2022-11-24 00:00:00+09:00,4600.0,4600.0,4600.0,4600.0,5,0.0,0.0
2022-11-25 00:00:00+09:00,4600.0,4600.0,4600.0,4600.0,0,0.0,0.0
2022-11-28 00:00:00+09:00,3966.666748046875,4483.33349609375,3966.666748046875,4483.33349609375,5,0.0,0.0
2022-11-29 00:00:00+09:00,3983.333251953125,4466.66650390625,3816.666748046875,4433.33349609375,1934,0.0,0.0
2022-11-30 00:00:00+09:00,4083.333251953125,4150.0,3800.0,3966.666748046875,7556,0.0,0.0
2022-12-01 00:00:00+09:00,3900.0,4166.66650390625,3900.0,3966.666748046875,1835,0.0,0.0
2022-12-02 00:00:00+09:00,3766.666748046875,3766.666748046875,3500.0,3516.666748046875,2822,0.0,0.0
2022-12-05 00:00:00+09:00,3633.333251953125,3666.666748046875,3616.666748046875,3666.666748046875,1328,0.0,0.0
2022-12-06 00:00:00+09:00,3666.666748046875,3666.666748046875,3650.0,3666.666748046875,419,0.0,0.0
2022-12-07 00:00:00+09:00,3666.666748046875,3766.666748046875,3650.0,3766.666748046875,971,0.0,0.0
2022-12-08 00:00:00+09:00,3950.0,4000.0,3733.333251953125,3916.666748046875,707,0.0,0.0
2022-12-09 00:00:00+09:00,3716.666748046875,4000.0,3683.333251953125,4000.0,2867,0.0,0.0
2022-12-12 00:00:00+09:00,4150.0,4333.33349609375,3850.0,4233.33349609375,425,0.0,0.0
2022-12-13 00:00:00+09:00,4200.0,4200.0,4200.0,4200.0,0,0.0,0.0
2022-12-14 00:00:00+09:00,4283.33349609375,4333.33349609375,3983.333251953125,4316.66650390625,275,0.0,0.0
2022-12-15 00:00:00+09:00,4333.33349609375,4333.33349609375,4333.33349609375,4333.33349609375,149,0.0,0.0
2022-12-16 00:00:00+09:00,3950.0,4333.33349609375,3950.0,4333.33349609375,245,0.0,0.0
2022-12-19 00:00:00+09:00,4000.0,4000.0,4000.0,4000.0,2,0.0,0.0
2022-12-20 00:00:00+09:00,3983.333251953125,4000.0,3983.333251953125,3983.333251953125,164,0.0,0.0
2022-12-21 00:00:00+09:00,3850.0,3850.0,3850.0,3850.0,329,0.0,0.0
2022-12-22 00:00:00+09:00,3933.333251953125,3933.333251953125,3933.333251953125,3933.333251953125,29,0.0,0.0
2022-12-23 00:00:00+09:00,4000.0,4000.0,4000.0,4000.0,653,0.0,0.0
2022-12-26 00:00:00+09:00,4000.0,4000.0,4000.0,4000.0,5,0.0,0.0
2022-12-27 00:00:00+09:00,3750.0,4000.0,3750.0,4000.0,59,0.0,0.0
2022-12-28 00:00:00+09:00,3750.0,4000.0,3750.0,4000.0,77,0.0,0.0
2022-12-29 00:00:00+09:00,3833.333251953125,4000.0,3666.666748046875,4000.0,1322,0.0,0.0
2023-01-02 00:00:00+09:00,4000.0,4000.0,3700.0,4000.0,3341,0.0,0.0
2023-01-03 00:00:00+09:00,3733.333251953125,4000.0,3733.333251953125,4000.0,857,0.0,0.0
2023-01-04 00:00:00+09:00,3800.0,3966.666748046875,3800.0,3966.666748046875,1214,0.0,0.0
2023-01-05 00:00:00+09:00,3800.0,3950.0,3800.0,3950.0,32,0.0,0.0
2023-01-06 00:00:00+09:00,3916.666748046875,3916.666748046875,3916.666748046875,3916.666748046875,59,0.0,0.0
2023-01-09 00:00:00+09:00,3916.666748046875,3916.666748046875,3916.666748046875,3916.666748046875,5,0.0,0.0
2023-01-10 00:00:00+09:00,3883.333251953125,3883.333251953125,3866.666748046875,3883.333251953125,839,0.0,0.0
2023-01-11 00:00:00+09:00,3983.333251953125,3983.333251953125,3800.0,3966.666748046875,305,0.0,0.0
2023-01-12 00:00:00+09:00,3950.0,3950.0,3950.0,3950.0,0,0.0,0.0
2023-01-16 00:00:00+09:00,3950.0,3950.0,3950.0,3950.0,29,0.0,0.0
2023-01-17 00:00:00+09:00,3933.333251953125,3933.333251953125,3933.333251953125,3933.333251953125,20,0.0,0.0
2023-01-18 00:00:00+09:00,3933.333251953125,3933.333251953125,3933.333251953125,3933.333251953125,5,0.0,0.0
2023-01-19 00:00:00+09:00,3916.666748046875,3916.666748046875,3916.666748046875,3916.666748046875,0,0.0,0.0
2023-01-25 00:00:00+09:00,3916.666748046875,3933.333251953125,3900.0,3933.333251953125,4919,0.0,0.0
2023-01-26 00:00:00+09:00,3950.0,3983.333251953125,3933.333251953125,3966.666748046875,12455,0.0,0.0
2023-01-27 00:00:00+09:00,3966.666748046875,3983.333251953125,3966.666748046875,3983.333251953125,7310,0.0,0.0
2023-01-30 00:00:00+09:00,4000.0,4000.0,3983.333251953125,3983.333251953125,6776,0.0,0.0
2023-01-31 00:00:00+09:00,4000.0,4580.0,4000.0,4580.0,10922,0.0,0.0
2023-02-01 00:00:00+09:00,4566.66650390625,5166.66650390625,4566.66650390625,5000.0,1730,0.0,0.0
2023-02-02 00:00:00+09:00,5166.66650390625,5200.0,5000.0,5166.66650390625,4181,0.0,0.0
2023-02-03 00:00:00+09:00,5333.33349609375,5933.33349609375,5333.33349609375,5746.66650390625,17489,0.0,0.0
2023-02-06 00:00:00+09:00,6000.0,6123.33349609375,5343.33349609375,6040.0,14129,0.0,0.0
2023-02-07 00:00:00+09:00,6066.66650390625,6333.33349609375,5766.66650390625,6333.33349609375,12356,0.0,0.0
2023-02-08 00:00:00+09:00,6333.33349609375,6933.33349609375,6333.33349609375,6833.33349609375,23435,0.0,0.0
2023-02-09 00:00:00+09:00,6833.33349609375,6900.0,6800.0,6850.0,6149,0.0,0.0
2023-02-10 00:00:00+09:00,6833.33349609375,7300.0,6500.0,6500.0,9326,0.0,0.0
2023-02-13 00:00:00+09:00,6533.33349609375,6650.0,6533.33349609375,6550.0,1214,0.0,0.0
2023-02-14 00:00:00+09:00,6566.66650390625,6656.66650390625,6340.0,6610.0,2435,0.0,0.0
2023-02-15 00:00:00+09:00,6610.0,6666.66650390625,6373.33349609375,6636.66650390625,2291,0.0,0.0
2023-02-16 00:00:00+09:00,6950.0,6950.0,6386.66650390625,6436.66650390625,7001,0.0,0.0
2023-02-17 00:00:00+09:00,6433.33349609375,6433.33349609375,6053.33349609375,6323.33349609375,776,0.0,0.0
2023-02-20 00:00:00+09:00,6323.33349609375,6700.0,6323.33349609375,6573.33349609375,9476,0.0,0.0
2023-02-21 00:00:00+09:00,6666.66650390625,6666.66650390625,6503.33349609375,6526.66650390625,4829,0.0,0.0
2023-02-22 00:00:00+09:00,6660.0,6660.0,6463.33349609375,6556.66650390625,4901,0.0,0.0
2023-02-23 00:00:00+09:00,6663.33349609375,6663.33349609375,6460.0,6473.33349609375,1142,0.0,0.0
2023-02-24 00:00:00+09:00,6663.33349609375,6663.33349609375,6356.66650390625,6483.33349609375,2846,0.0,0.0
2023-02-27 00:00:00+09:00,6500.0,6613.33349609375,6466.66650390625,6466.66650390625,6047,0.0,0.0
2023-02-28 00:00:00+09:00,6666.66650390625,6666.66650390625,6346.66650390625,6500.0,6251,0.0,0.0
2023-03-02 00:00:00+09:00,6630.0,6630.0,6366.66650390625,6466.66650390625,4970,0.0,0.0
2023-03-03 00:00:00+09:00,6576.66650390625,6800.0,6466.66650390625,6526.66650390625,20102,0.0,0.0
2023-03-06 00:00:00+09:00,6533.33349609375,6550.0,6443.33349609375,6526.66650390625,6152,0.0,0.0
2023-03-07 00:00:00+09:00,6656.66650390625,6656.66650390625,6443.33349609375,6443.33349609375,3668,0.0,0.0
2023-03-08 00:00:00+09:00,6566.66650390625,6766.66650390625,6436.66650390625,6593.33349609375,17201,0.0,0.0
2023-03-09 00:00:00+09:00,6660.0,6800.0,6473.33349609375,6663.33349609375,31409,0.0,0.0
2023-03-10 00:00:00+09:00,6666.66650390625,6783.33349609375,6633.33349609375,6783.33349609375,14660,0.0,0.0
2023-03-13 00:00:00+09:00,6800.0,6800.0,6666.66650390625,6783.33349609375,15674,0.0,0.0
2023-03-14 00:00:00+09:00,6783.33349609375,6783.33349609375,6666.66650390625,6733.33349609375,6974,0.0,0.0
2023-03-15 00:00:00+09:00,6766.66650390625,6766.66650390625,6666.66650390625,6733.33349609375,6068,0.0,0.0
2023-03-16 00:00:00+09:00,6750.0,7266.66650390625,6666.66650390625,7150.0,37946,0.0,0.0
2023-03-17 00:00:00+09:00,7083.33349609375,7083.33349609375,6866.66650390625,7016.66650390625,27323,0.0,0.0
2023-03-20 00:00:00+09:00,7000.0,7000.0,6866.66650390625,6883.33349609375,16298,0.0,0.0
2023-03-21 00:00:00+09:00,6766.66650390625,6900.0,6600.0,6700.0,31802,0.0,0.0
2023-03-22 00:00:00+09:00,6733.33349609375,6733.33349609375,6666.66650390625,6666.66650390625,9230,0.0,0.0
2023-03-23 00:00:00+09:00,6800.0,6800.0,6650.0,6660.0,12773,0.0,0.0
2023-03-24 00:00:00+09:00,6766.66650390625,6833.33349609375,6656.66650390625,6833.33349609375,27770,0.0,0.0
2023-03-27 00:00:00+09:00,6833.33349609375,7066.66650390625,6833.33349609375,7000.0,66254,0.0,0.0
2023-03-28 00:00:00+09:00,7000.0,7050.0,6950.0,7050.0,35375,0.0,0.0
2023-03-29 00:00:00+09:00,7050.0,7500.0,7050.0,7500.0,57611,0.0,0.0
2023-03-30 00:00:00+09:00,7566.66650390625,7950.0,7500.0,7800.0,33677,0.0,0.0
2023-03-31 00:00:00+09:00,8000.0,8633.3330078125,7833.33349609375,8350.0,35822,0.0,0.0
2023-04-03 00:00:00+09:00,8233.3330078125,8650.0,8233.3330078125,8466.6669921875,40892,0.0,0.0
2023-04-04 00:00:00+09:00,8550.0,9333.3330078125,8466.6669921875,8983.3330078125,44003,0.0,0.0
2023-04-05 00:00:00+09:00,9250.0,9633.3330078125,9183.3330078125,9550.0,28907,0.0,0.0
2023-04-06 00:00:00+09:00,9833.3330078125,9833.3330078125,8683.3330078125,8766.6669921875,29522,0.0,0.0
2023-04-07 00:00:00+09:00,9216.6669921875,9216.6669921875,7766.66650390625,8683.3330078125,55226,0.0,0.0
2023-04-10 00:00:00+09:00,8666.6669921875,8666.6669921875,8083.33349609375,8283.3330078125,14309,0.0,0.0
2023-04-11 00:00:00+09:00,8233.3330078125,8233.3330078125,7666.66650390625,7733.33349609375,39017,0.0,0.0
2023-04-12 00:00:00+09:00,7400.0,7416.66650390625,6583.33349609375,6933.33349609375,54077,0.0,0.0
2023-04-13 00:00:00+09:00,7000.0,7766.66650390625,6576.66650390625,6750.0,44120,0.0,0.0
2023-04-14 00:00:00+09:00,7150.0,7316.66650390625,6750.0,7050.0,38840,0.0,0.0
2023-04-17 00:00:00+09:00,7100.0,7250.0,6916.66650390625,7033.33349609375,22757,0.0,0.0
2023-04-18 00:00:00+09:00,7033.33349609375,7450.0,6966.66650390625,7450.0,29471,0.0,0.0
2023-04-19 00:00:00+09:00,7450.0,7450.0,7050.0,7200.0,41525,0.0,0.0
2023-04-20 00:00:00+09:00,7433.33349609375,7433.33349609375,7033.33349609375,7200.0,8810,0.0,0.0
2023-04-21 00:00:00+09:00,7316.66650390625,7433.33349609375,6866.66650390625,7066.66650390625,9842,0.0,0.0
2023-04-24 00:00:00+09:00,7083.33349609375,7166.66650390625,6883.33349609375,6950.0,21866,0.0,0.0
2023-04-25 00:00:00+09:00,7016.66650390625,7100.0,6966.66650390625,7033.33349609375,7799,0.0,0.0
2023-04-26 00:00:00+09:00,7300.0,7300.0,6590.0,6700.0,35879,0.0,0.0
2023-04-27 00:00:00+09:00,6033.33349609375,6133.33349609375,4730.0,4883.33349609375,4445936,0.0,0.0
2023-04-28 00:00:00+09:00,4933.33349609375,4936.66650390625,4366.66650390625,4690.0,1314047,0.0,0.0
2023-05-02 00:00:00+09:00,4656.66650390625,4880.0,4440.0,4643.33349609375,802469,0.0,0.0
2023-05-03 00:00:00+09:00,4663.33349609375,4920.0,4603.33349609375,4800.0,531725,0.0,0.0
2023-05-04 00:00:00+09:00,4766.66650390625,4806.66650390625,4636.66650390625,4666.66650390625,238520,0.0,0.0
2023-05-08 00:00:00+09:00,4726.66650390625,4726.66650390625,4576.66650390625,4586.66650390625,129941,0.0,0.0
2023-05-09 00:00:00+09:00,4580.0,4600.0,4413.33349609375,4450.0,162233,0.0,0.0
2023-05-10 00:00:00+09:00,4446.66650390625,4476.66650390625,4266.66650390625,4270.0,110246,0.0,0.0
2023-05-11 00:00:00+09:00,4266.66650390625,4293.33349609375,4070.0,4153.33349609375,221729,0.0,0.0
2023-05-12 00:00:00+09:00,4080.0,4120.0,4060.0,4083.333251953125,150125,0.0,0.0
2023-05-15 00:00:00+09:00,4050.0,4133.33349609375,3920.0,3960.0,156944,0.0,0.0
2023-05-16 00:00:00+09:00,3966.666748046875,3993.333251953125,3743.333251953125,3756.666748046875,191612,0.0,0.0
2023-05-17 00:00:00+09:00,3736.666748046875,4400.0,3680.0,4136.66650390625,802523,0.0,0.0
2023-05-18 00:00:00+09:00,4133.33349609375,4203.33349609375,4020.0,4073.333251953125,140516,0.0,0.0
2023-05-19 00:00:00+09:00,4073.333251953125,4533.33349609375,4040.0,4340.0,688829,0.0,0.0
2023-05-22 00:00:00+09:00,4343.33349609375,4446.66650390625,4170.0,4333.33349609375,183869,0.0,0.0
2023-05-23 00:00:00+09:00,4333.33349609375,4486.66650390625,4266.66650390625,4390.0,250151,0.0,0.0
2023-05-24 00:00:00+09:00,4333.33349609375,4333.33349609375,4183.33349609375,4226.66650390625,152054,0.0,0.0
2023-05-25 00:00:00+09:00,4226.66650390625,4383.33349609375,4203.33349609375,4266.66650390625,68648,0.0,0.0
2023-05-26 00:00:00+09:00,4226.66650390625,4263.33349609375,4070.0,4090.0,89408,0.0,0.0
2023-05-30 00:00:00+09:00,4093.333251953125,4140.0,4043.333251953125,4073.333251953125,24407,0.0,0.0
2023-05-31 00:00:00+09:00,4133.33349609375,4286.66650390625,4070.0,4266.66650390625,100934,0.0,0.0
2023-06-01 00:00:00+09:00,4303.33349609375,4416.66650390625,4206.66650390625,4383.33349609375,135950,0.0,0.0
2023-06-02 00:00:00+09:00,4386.66650390625,4483.33349609375,4266.66650390625,4440.0,196256,0.0,0.0
2023-06-05 00:00:00+09:00,4440.0,4663.33349609375,4266.66650390625,4363.33349609375,357776,0.0,0.0
2023-06-07 00:00:00+09:00,4366.66650390625,4366.66650390625,4296.66650390625,4310.0,44453,0.0,0.0
2023-06-08 00:00:00+09:00,4326.66650390625,4426.66650390625,4300.0,4413.33349609375,93128,0.0,0.0
2023-06-09 00:00:00+09:00,4433.33349609375,4613.33349609375,4413.33349609375,4563.33349609375,246653,0.0,0.0
2023-06-12 00:00:00+09:00,4590.0,4763.33349609375,4556.66650390625,4600.0,180401,0.0,0.0
2023-06-13 00:00:00+09:00,4600.0,5850.0,4476.66650390625,5666.66650390625,4984694,0.0,0.0
2023-06-14 00:00:00+09:00,5846.66650390625,6066.66650390625,5383.33349609375,5550.0,2355440,0.0,0.0
2023-06-15 00:00:00+09:00,5520.0,5520.0,5196.66650390625,5223.33349609375,620174,0.0,0.0
2023-06-16 00:00:00+09:00,5176.66650390625,5293.33349609375,5070.0,5203.33349609375,377804,0.0,0.0
2023-06-19 00:00:00+09:00,5120.0,5173.33349609375,5076.66650390625,5096.66650390625,210392,0.0,0.0
2023-06-20 00:00:00+09:00,5096.66650390625,5440.0,5023.33349609375,5400.0,407258,0.0,0.0
2023-06-21 00:00:00+09:00,5300.0,5670.0,5300.0,5426.66650390625,552884,0.0,0.0
2023-06-22 00:00:00+09:00,5426.66650390625,5633.33349609375,5303.33349609375,5350.0,240371,0.0,0.0
2023-06-23 00:00:00+09:00,5283.33349609375,5573.33349609375,5263.33349609375,5466.66650390625,416831,0.0,0.0
2023-06-26 00:00:00+09:00,5546.66650390625,5823.33349609375,5483.33349609375,5823.33349609375,1181012,0.0,0.0
2023-06-27 00:00:00+09:00,7680.0,7680.0,5700.0,5710.0,4687859,0.0,0.0
2023-06-28 00:00:00+09:00,5560.0,5730.0,5160.0,5230.0,586056,0.0,0.0
2023-06-29 00:00:00+09:00,5200.0,5290.0,4750.0,4800.0,339580,0.0,0.0
2023-06-30 00:00:00+09:00,4800.0,4970.0,4605.0,4795.0,258594,0.0,0.0
2023-07-03 00:00:00+09:00,4810.0,5000.0,4795.0,4930.0,128649,0.0,0.0
2023-07-04 00:00:00+09:00,4950.0,5000.0,4700.0,4800.0,137948,0.0,0.0
2023-07-05 00:00:00+09:00,4800.0,4800.0,4650.0,4800.0,129011,0.0,0.0
2023-07-06 00:00:00+09:00,4800.0,4955.0,4720.0,4900.0,96457,0.0,0.0
2023-07-07 00:00:00+09:00,4850.0,4910.0,4750.0,4750.0,73561,0.0,0.0
2023-07-10 00:00:00+09:00,4755.0,4755.0,4575.0,4575.0,74671,0.0,0.0
2023-07-12 00:00:00+09:00,4500.0,5610.0,4410.0,4815.0,2203399,0.0,0.0
2023-07-13 00:00:00+09:00,4840.0,4855.0,4565.0,4595.0,237310,0.0,0.0
2023-07-14 00:00:00+09:00,4510.0,4595.0,4440.0,4455.0,165500,0.0,0.0
2023-07-17 00:00:00+09:00,4440.0,5360.0,4310.0,4685.0,1170118,0.0,0.0
2023-07-18 00:00:00+09:00,4350.0,4410.0,4175.0,4185.0,672596,0.0,0.0
2023-07-19 00:00:00+09:00,4185.0,4235.0,4025.0,4080.0,167501,0.0,0.0
2023-07-20 00:00:00+09:00,3910.0,4110.0,3900.0,4035.0,385779,0.0,0.0
2023-07-21 00:00:00+09:00,4035.0,4430.0,3950.0,4230.0,364936,0.0,0.0
2023-07-24 00:00:00+09:00,4235.0,4235.0,3915.0,3950.0,336246,0.0,0.0
2023-07-25 00:00:00+09:00,3955.0,4190.0,3860.0,4020.0,230549,0.0,0.0
2023-07-26 00:00:00+09:00,4310.0,4375.0,3800.0,3845.0,451751,0.0,0.0
2023-07-27 00:00:00+09:00,3755.0,3880.0,3700.0,3740.0,164732,0.0,0.0
2023-07-28 00:00:00+09:00,3700.0,3850.0,3700.0,3760.0,127547,0.0,0.0
2023-07-31 00:00:00+09:00,3840.0,3860.0,3690.0,3760.0,179750,0.0,0.0
2023-08-01 00:00:00+09:00,3770.0,4000.0,3760.0,3925.0,176662,0.0,0.0
2023-08-02 00:00:00+09:00,3910.0,3925.0,3760.0,3780.0,111938,0.0,0.0
2023-08-03 00:00:00+09:00,3775.0,3850.0,3675.0,3780.0,126540,0.0,0.0
2023-08-04 00:00:00+09:00,3760.0,3820.0,3715.0,3780.0,65582,0.0,0.0
2023-08-07 00:00:00+09:00,3780.0,3780.0,3650.0,3660.0,181266,0.0,0.0
2023-08-08 00:00:00+09:00,3695.0,3705.0,3580.0,3610.0,107868,0.0,0.0
2023-08-09 00:00:00+09:00,3600.0,4290.0,3500.0,3640.0,1102779,0.0,0.0
2023-08-10 00:00:00+09:00,3640.0,3775.0,3620.0,3770.0,129875,0.0,0.0
2023-08-11 00:00:00+09:00,3765.0,3950.0,3720.0,3900.0,184671,0.0,0.0
2023-08-14 00:00:00+09:00,3900.0,3935.0,3815.0,3875.0,80443,0.0,0.0
2023-08-16 00:00:00+09:00,3875.0,4865.0,3750.0,4165.0,2561472,0.0,0.0
2023-08-17 00:00:00+09:00,4330.0,5410.0,4300.0,5410.0,16054590,0.0,0.0
2023-08-18 00:00:00+09:00,5620.0,5770.0,4745.0,4835.0,7439529,0.0,0.0
2023-08-21 00:00:00+09:00,5040.0,5660.0,4885.0,4895.0,7078356,0.0,0.0
2023-08-22 00:00:00+09:00,4820.0,5390.0,4565.0,4655.0,2842894,0.0,0.0
2023-08-23 00:00:00+09:00,4690.0,5330.0,4620.0,5130.0,5711535,0.0,0.0
2023-08-24 00:00:00+09:00,5300.0,5540.0,4895.0,4950.0,2905969,0.0,0.0
2023-08-25 00:00:00+09:00,4900.0,6280.0,4875.0,5640.0,11224560,0.0,0.0
2023-08-28 00:00:00+09:00,5640.0,5780.0,5280.0,5780.0,2289709,0.0,0.0
2023-08-29 00:00:00+09:00,5700.0,5810.0,5540.0,5690.0,1364496,0.0,0.0
2023-08-30 00:00:00+09:00,5590.0,5730.0,5370.0,5670.0,1403509,0.0,0.0
2023-08-31 00:00:00+09:00,5590.0,5910.0,5300.0,5330.0,1637908,0.0,0.0
2023-09-01 00:00:00+09:00,5410.0,5450.0,4910.0,4910.0,911047,0.0,0.0
2023-09-04 00:00:00+09:00,4910.0,4995.0,4770.0,4800.0,440340,0.0,0.0
2023-09-05 00:00:00+09:00,4840.0,5380.0,4780.0,5270.0,2271555,0.0,0.0
2023-09-06 00:00:00+09:00,5190.0,5410.0,5100.0,5410.0,875564,0.0,0.0
2023-09-07 00:00:00+09:00,5350.0,5480.0,5220.0,5400.0,536380,0.0,0.0
2023-09-08 00:00:00+09:00,5500.0,5790.0,5120.0,5260.0,1071300,0.0,0.0
2023-09-11 00:00:00+09:00,5340.0,5380.0,5150.0,5150.0,469397,0.0,0.0
2023-09-12 00:00:00+09:00,5180.0,5210.0,4810.0,4820.0,461937,0.0,0.0
2023-09-13 00:00:00+09:00,4875.0,6260.0,4850.0,5960.0,18220970,0.0,0.0
2023-09-14 00:00:00+09:00,5850.0,6810.0,5830.0,6390.0,16731674,0.0,0.0
2023-09-15 00:00:00+09:00,6350.0,7580.0,6310.0,6590.0,13828890,0.0,0.0
2023-09-18 00:00:00+09:00,6600.0,6630.0,6080.0,6090.0,1900290,0.0,0.0
2023-09-19 00:00:00+09:00,6090.0,6170.0,5710.0,5820.0,1228136,0.0,0.0
2023-09-20 00:00:00+09:00,5880.0,7460.0,5780.0,7280.0,17609830,0.0,0.0
2023-09-21 00:00:00+09:00,7900.0,8070.0,6560.0,6660.0,8999665,0.0,0.0
2023-09-22 00:00:00+09:00,6490.0,7300.0,6230.0,6420.0,6194950,0.0,0.0
2023-09-25 00:00:00+09:00,6350.0,6370.0,5820.0,5880.0,1404341,0.0,0.0
2023-09-26 00:00:00+09:00,5920.0,6430.0,5820.0,6000.0,4011355,0.0,0.0
2023-09-27 00:00:00+09:00,5840.0,5840.0,5410.0,5650.0,983351,0.0,0.0
2023-10-04 00:00:00+09:00,5650.0,5660.0,4990.0,4990.0,972671,0.0,0.0
2023-10-05 00:00:00+09:00,5090.0,5350.0,4935.0,5010.0,950309,0.0,0.0
2023-10-06 00:00:00+09:00,5050.0,5640.0,5050.0,5370.0,1526393,0.0,0.0
2023-10-10 00:00:00+09:00,5470.0,5580.0,5240.0,5280.0,612057,0.0,0.0
2023-10-11 00:00:00+09:00,5390.0,5840.0,5380.0,5450.0,966756,0.0,0.0
2023-10-12 00:00:00+09:00,5510.0,5690.0,5450.0,5530.0,522570,0.0,0.0
2023-10-13 00:00:00+09:00,5460.0,5460.0,5070.0,5110.0,462194,0.0,0.0
2023-10-16 00:00:00+09:00,5110.0,5110.0,4715.0,4770.0,582225,0.0,0.0
2023-10-17 00:00:00+09:00,4875.0,5140.0,4875.0,4990.0,428381,0.0,0.0
2023-10-18 00:00:00+09:00,5040.0,5080.0,4815.0,4860.0,238668,0.0,0.0
2023-10-19 00:00:00+09:00,4710.0,4785.0,4495.0,4530.0,296165,0.0,0.0
2023-10-20 00:00:00+09:00,4515.0,4515.0,4230.0,4265.0,343705,0.0,0.0
2023-10-23 00:00:00+09:00,4205.0,4465.0,4205.0,4230.0,200744,0.0,0.0
2023-10-24 00:00:00+09:00,4280.0,4450.0,4015.0,4420.0,258167,0.0,0.0
2023-10-25 00:00:00+09:00,4540.0,4540.0,4355.0,4385.0,153600,0.0,0.0
2023-10-26 00:00:00+09:00,4250.0,4285.0,4050.0,4150.0,170747,0.0,0.0
2023-10-27 00:00:00+09:00,4150.0,4295.0,4120.0,4145.0,170317,0.0,0.0
2023-10-30 00:00:00+09:00,4120.0,4370.0,4095.0,4290.0,142139,0.0,0.0
2023-10-31 00:00:00+09:00,4410.0,4430.0,4110.0,4125.0,182329,0.0,0.0
2023-11-01 00:00:00+09:00,4185.0,4400.0,4185.0,4300.0,96033,0.0,0.0
2023-11-02 00:00:00+09:00,4450.0,4815.0,4400.0,4815.0,452014,0.0,0.0
2023-11-03 00:00:00+09:00,4840.0,4845.0,4650.0,4710.0,212926,0.0,0.0
2023-11-06 00:00:00+09:00,4730.0,4795.0,4520.0,4705.0,285974,0.0,0.0
2023-11-07 00:00:00+09:00,4725.0,4725.0,4405.0,4470.0,313943,0.0,0.0
2023-11-08 00:00:00+09:00,4485.0,4615.0,4435.0,4455.0,130485,0.0,0.0
2023-11-09 00:00:00+09:00,4470.0,4545.0,4340.0,4455.0,113173,0.0,0.0
2023-11-10 00:00:00+09:00,4405.0,4410.0,4245.0,4245.0,129789,0.0,0.0
2023-11-13 00:00:00+09:00,4295.0,4390.0,4030.0,4120.0,152203,0.0,0.0
2023-11-14 00:00:00+09:00,4120.0,4500.0,4120.0,4230.0,265878,0.0,0.0
2023-11-15 00:00:00+09:00,4310.0,4375.0,4260.0,4265.0,122237,0.0,0.0
2023-11-16 00:00:00+09:00,4265.0,4320.0,4160.0,4205.0,110796,0.0,0.0
2023-11-17 00:00:00+09:00,4230.0,4235.0,4020.0,4030.0,151539,0.0,0.0
2023-11-20 00:00:00+09:00,4060.0,4270.0,4050.0,4265.0,131952,0.0,0.0
2023-11-21 00:00:00+09:00,4380.0,4800.0,4345.0,4395.0,795102,0.0,0.0
2023-11-22 00:00:00+09:00,4390.0,4475.0,4270.0,4430.0,134612,0.0,0.0
2023-11-23 00:00:00+09:00,4460.0,4585.0,4370.0,4410.0,245386,0.0,0.0
2023-11-24 00:00:00+09:00,4480.0,4585.0,4420.0,4565.0,222277,0.0,0.0
2023-11-27 00:00:00+09:00,4480.0,4495.0,4350.0,4400.0,161741,0.0,0.0
2023-11-28 00:00:00+09:00,4395.0,4455.0,4355.0,4420.0,98103,0.0,0.0
2023-11-29 00:00:00+09:00,4430.0,4540.0,4390.0,4445.0,135622,0.0,0.0
2023-11-30 00:00:00+09:00,4500.0,4585.0,4460.0,4580.0,121574,0.0,0.0
2023-12-01 00:00:00+09:00,4560.0,4725.0,4430.0,4640.0,266348,0.0,0.0
2023-12-04 00:00:00+09:00,4600.0,4610.0,4385.0,4410.0,233161,0.0,0.0
2023-12-05 00:00:00+09:00,4325.0,4325.0,4020.0,4245.0,144166,0.0,0.0
2023-12-06 00:00:00+09:00,4200.0,4270.0,4140.0,4240.0,130846,0.0,0.0
2023-12-07 00:00:00+09:00,4210.0,4355.0,4185.0,4220.0,130853,0.0,0.0
2023-12-08 00:00:00+09:00,4220.0,4300.0,4215.0,4270.0,86180,0.0,0.0
2023-12-11 00:00:00+09:00,4260.0,4415.0,4260.0,4315.0,95387,0.0,0.0
2023-12-12 00:00:00+09:00,4315.0,4390.0,4285.0,4315.0,59978,0.0,0.0
2023-12-13 00:00:00+09:00,4300.0,4330.0,4235.0,4265.0,78330,0.0,0.0
2023-12-14 00:00:00+09:00,4275.0,4345.0,4165.0,4185.0,103480,0.0,0.0
2023-12-15 00:00:00+09:00,4185.0,4230.0,4130.0,4155.0,101236,0.0,0.0
2023-12-18 00:00:00+09:00,4180.0,4200.0,4145.0,4160.0,55687,0.0,0.0
2023-12-19 00:00:00+09:00,4165.0,4265.0,4145.0,4205.0,45219,0.0,0.0
2023-12-20 00:00:00+09:00,4205.0,4290.0,4165.0,4175.0,74274,0.0,0.0
2023-12-21 00:00:00+09:00,4190.0,4225.0,4150.0,4170.0,161473,0.0,0.0
2023-12-22 00:00:00+09:00,4155.0,4225.0,4150.0,4170.0,129919,0.0,0.0
2023-12-26 00:00:00+09:00,4155.0,4225.0,4035.0,4075.0,145301,0.0,0.0
2023-12-27 00:00:00+09:00,4030.0,4115.0,4030.0,4080.0,52209,0.0,0.0
2023-12-28 00:00:00+09:00,4065.0,4135.0,4060.0,4085.0,37452,0.0,0.0
2024-01-02 00:00:00+09:00,4080.0,4140.0,4045.0,4115.0,44195,0.0,0.0
2024-01-03 00:00:00+09:00,4045.0,4160.0,4045.0,4155.0,63017,0.0,0.0
2024-01-04 00:00:00+09:00,4155.0,4155.0,4060.0,4125.0,74333,0.0,0.0
2024-01-05 00:00:00+09:00,4085.0,4245.0,4070.0,4195.0,85840,0.0,0.0
2024-01-08 00:00:00+09:00,4210.0,5000.0,4210.0,4515.0,3805877,0.0,0.0
2024-01-09 00:00:00+09:00,4610.0,4640.0,4480.0,4575.0,428828,0.0,0.0
2024-01-10 00:00:00+09:00,4570.0,4580.0,4440.0,4510.0,157691,0.0,0.0
2024-01-11 00:00:00+09:00,4515.0,4730.0,4460.0,4630.0,248904,0.0,0.0
2024-01-12 00:00:00+09:00,4625.0,4625.0,4470.0,4510.0,130126,0.0,0.0
2024-01-15 00:00:00+09:00,4510.0,4525.0,4405.0,4455.0,107626,0.0,0.0
2024-01-16 00:00:00+09:00,4405.0,4505.0,4290.0,4355.0,96101,0.0,0.0
2024-01-17 00:00:00+09:00,4325.0,4380.0,4125.0,4150.0,135267,0.0,0.0
2024-01-18 00:00:00+09:00,4130.0,4250.0,4120.0,4170.0,74204,0.0,0.0
2024-01-19 00:00:00+09:00,4220.0,4500.0,4220.0,4320.0,197640,0.0,0.0
2024-01-22 00:00:00+09:00,4340.0,4395.0,4265.0,4300.0,77896,0.0,0.0
2024-01-23 00:00:00+09:00,4275.0,4355.0,4240.0,4355.0,63124,0.0,0.0
2024-01-24 00:00:00+09:00,4380.0,4540.0,4250.0,4480.0,260457,0.0,0.0
2024-01-25 00:00:00+09:00,4420.0,4455.0,4255.0,4330.0,107723,0.0,0.0
2024-01-26 00:00:00+09:00,4375.0,4520.0,4300.0,4435.0,93834,0.0,0.0
2024-01-29 00:00:00+09:00,4435.0,4545.0,4295.0,4305.0,107171,0.0,0.0
2024-01-30 00:00:00+09:00,4280.0,4460.0,4180.0,4190.0,194629,0.0,0.0
2024-01-31 00:00:00+09:00,4170.0,4190.0,4015.0,4050.0,166758,0.0,0.0
2024-02-01 00:00:00+09:00,4010.0,4410.0,3930.0,4060.0,652723,0.0,0.0
2024-02-02 00:00:00+09:00,4110.0,4145.0,4050.0,4070.0,79932,0.0,0.0
2024-02-05 00:00:00+09:00,4165.0,4165.0,4030.0,4080.0,45380,0.0,0.0
2024-02-06 00:00:00+09:00,4080.0,4130.0,3950.0,4055.0,57146,0.0,0.0
2024-02-07 00:00:00+09:00,4055.0,4110.0,3990.0,3990.0,46889,0.0,0.0
2024-02-08 00:00:00+09:00,3995.0,4045.0,3995.0,4045.0,37182,0.0,0.0
2024-02-13 00:00:00+09:00,4090.0,4105.0,4025.0,4040.0,80765,0.0,0.0
2024-02-14 00:00:00+09:00,3940.0,4065.0,3935.0,4050.0,54912,0.0,0.0
2024-02-15 00:00:00+09:00,4050.0,4120.0,4030.0,4110.0,67166,0.0,0.0
2024-02-16 00:00:00+09:00,4180.0,5020.0,4150.0,4470.0,9152551,0.0,0.0
2024-02-19 00:00:00+09:00,4635.0,4950.0,4475.0,4530.0,2375788,0.0,0.0
2024-02-20 00:00:00+09:00,4580.0,4640.0,4420.0,4500.0,542146,0.0,0.0
2024-02-21 00:00:00+09:00,4510.0,4750.0,4300.0,4340.0,499900,0.0,0.0
2024-02-22 00:00:00+09:00,4445.0,4515.0,4280.0,4350.0,350929,0.0,0.0
2024-02-23 00:00:00+09:00,4350.0,4520.0,4220.0,4350.0,581600,0.0,0.0
2024-02-26 00:00:00+09:00,4385.0,4430.0,4210.0,4210.0,216690,0.0,0.0
2024-02-27 00:00:00+09:00,4235.0,4250.0,4120.0,4170.0,125537,0.0,0.0
2024-02-28 00:00:00+09:00,4150.0,4530.0,4150.0,4370.0,456975,0.0,0.0
2024-02-29 00:00:00+09:00,4370.0,4470.0,4290.0,4325.0,97062,0.0,0.0
2024-03-04 00:00:00+09:00,4325.0,4500.0,4260.0,4325.0,149415,0.0,0.0
2024-03-05 00:00:00+09:00,4420.0,4450.0,4200.0,4205.0,179612,0.0,0.0
2024-03-06 00:00:00+09:00,4235.0,4955.0,4235.0,4915.0,3659438,0.0,0.0
2024-03-07 00:00:00+09:00,5170.0,5200.0,4565.0,4615.0,1788268,0.0,0.0
2024-03-08 00:00:00+09:00,4575.0,4645.0,4360.0,4515.0,588229,0.0,0.0
2024-03-11 00:00:00+09:00,4515.0,5080.0,4380.0,4905.0,1679537,0.0,0.0
2024-03-12 00:00:00+09:00,4865.0,5260.0,4830.0,5080.0,1533210,0.0,0.0
2024-03-13 00:00:00+09:00,5150.0,5750.0,5060.0,5500.0,1918624,0.0,0.0
2024-03-14 00:00:00+09:00,5520.0,5660.0,5330.0,5510.0,568104,0.0,0.0
2024-03-15 00:00:00+09:00,5410.0,5630.0,5070.0,5270.0,643461,0.0,0.0
2024-03-18 00:00:00+09:00,5270.0,5350.0,5080.0,5270.0,168175,0.0,0.0
2024-03-19 00:00:00+09:00,5280.0,5450.0,4940.0,5040.0,346037,0.0,0.0
2024-03-20 00:00:00+09:00,5040.0,5150.0,4925.0,5130.0,116287,0.0,0.0
2024-03-21 00:00:00+09:00,5070.0,5320.0,5020.0,5080.0,177748,0.0,0.0
2024-03-22 00:00:00+09:00,5140.0,5150.0,5010.0,5030.0,83646,0.0,0.0
2024-03-25 00:00:00+09:00,5030.0,5130.0,4960.0,5110.0,79584,0.0,0.0
2024-03-26 00:00:00+09:00,5110.0,6120.0,5060.0,5970.0,4586307,0.0,0.0
2024-03-27 00:00:00+09:00,5880.0,6080.0,5620.0,5770.0,723244,0.0,0.0
2024-03-28 00:00:00+09:00,5830.0,5900.0,5520.0,5750.0,394684,0.0,0.0
2024-03-29 00:00:00+09:00,5700.0,5700.0,5550.0,5650.0,180219,0.0,0.0
2024-04-01 00:00:00+09:00,5550.0,5900.0,5470.0,5600.0,332184,0.0,0.0
2024-04-02 00:00:00+09:00,5600.0,5660.0,5310.0,5450.0,212178,0.0,0.0
2024-04-03 00:00:00+09:00,5450.0,6490.0,5380.0,5620.0,3962349,0.0,0.0
2024-04-04 00:00:00+09:00,5600.0,5800.0,5400.0,5670.0,672715,0.0,0.0
2024-04-05 00:00:00+09:00,5770.0,6260.0,5490.0,6030.0,2384287,0.0,0.0
2024-04-08 00:00:00+09:00,5900.0,5900.0,5580.0,5600.0,524211,0.0,0.0
2024-04-09 00:00:00+09:00,5700.0,5700.0,5140.0,5380.0,430037,0.0,0.0
2024-04-11 00:00:00+09:00,5520.0,6230.0,5250.0,5820.0,2162636,0.0,0.0
2024-04-12 00:00:00+09:00,5800.0,6150.0,5720.0,5800.0,793441,0.0,0.0
2024-04-15 00:00:00+09:00,5710.0,6250.0,5520.0,6190.0,631077,0.0,0.0
2024-04-16 00:00:00+09:00,6050.0,7170.0,5710.0,5830.0,5507871,0.0,0.0
2024-04-17 00:00:00+09:00,5950.0,6540.0,5820.0,6050.0,1578121,0.0,0.0
2024-04-18 00:00:00+09:00,6150.0,6950.0,6090.0,6760.0,2138773,0.0,0.0
2024-04-19 00:00:00+09:00,6860.0,7660.0,6530.0,6960.0,4041480,0.0,0.0
2024-04-22 00:00:00+09:00,7050.0,8500.0,7050.0,7670.0,8079283,0.0,0.0
2024-04-23 00:00:00+09:00,7600.0,7860.0,7310.0,7310.0,1438117,0.0,0.0
2024-04-24 00:00:00+09:00,7390.0,8200.0,7170.0,8000.0,2319464,0.0,0.0
2024-04-25 00:00:00+09:00,8050.0,8300.0,7650.0,7680.0,1246528,0.0,0.0
2024-04-26 00:00:00+09:00,7970.0,8440.0,7650.0,7840.0,2571086,0.0,0.0
2024-04-29 00:00:00+09:00,7800.0,8150.0,7420.0,7850.0,815157,0.0,0.0
2024-04-30 00:00:00+09:00,7850.0,9100.0,7600.0,8210.0,4630149,0.0,0.0
2024-05-02 00:00:00+09:00,8000.0,8340.0,7820.0,8210.0,601479,0.0,0.0
2024-05-03 00:00:00+09:00,8420.0,9560.0,8400.0,9130.0,5506416,0.0,0.0
2024-05-07 00:00:00+09:00,8980.0,9100.0,8690.0,8890.0,1090744,0.0,0.0
2024-05-08 00:00:00+09:00,8920.0,9360.0,8500.0,8720.0,1293154,0.0,0.0
2024-05-09 00:00:00+09:00,8580.0,8970.0,8440.0,8580.0,691280,0.0,0.0
2024-05-10 00:00:00+09:00,8580.0,8780.0,8310.0,8470.0,581716,0.0,0.0
2024-05-13 00:00:00+09:00,8470.0,9240.0,8400.0,8990.0,939682,0.0,0.0
2024-05-14 00:00:00+09:00,9030.0,11680.0,8960.0,11680.0,7222999,0.0,0.0
2024-05-16 00:00:00+09:00,11540.0,13060.0,11530.0,12300.0,11854810,0.0,0.0
2024-05-17 00:00:00+09:00,11980.0,11990.0,10810.0,11060.0,1828697,0.0,0.0
2024-05-20 00:00:00+09:00,11040.0,11280.0,10630.0,10980.0,924950,0.0,0.0
2024-05-21 00:00:00+09:00,10790.0,11010.0,10270.0,10560.0,945034,0.0,0.0
2024-05-22 00:00:00+09:00,10610.0,11010.0,10370.0,10390.0,859327,0.0,0.0
2024-05-23 00:00:00+09:00,10280.0,10390.0,9890.0,10100.0,659004,0.0,0.0
2024-05-24 00:00:00+09:00,9940.0,10590.0,9940.0,10510.0,875983,0.0,0.0
2024-05-27 00:00:00+09:00,10320.0,10630.0,10000.0,10190.0,493604,0.0,0.0
2024-05-28 00:00:00+09:00,10040.0,11200.0,9910.0,10260.0,3232960,0.0,0.0
2024-05-29 00:00:00+09:00,10100.0,10530.0,9920.0,9980.0,375492,0.0,0.0
2024-05-30 00:00:00+09:00,10150.0,11200.0,10120.0,10300.0,3836001,0.0,0.0
2024-05-31 00:00:00+09:00,10030.0,10820.0,10010.0,10700.0,829918,0.0,0.0
2024-06-03 00:00:00+09:00,10910.0,10920.0,9770.0,9770.0,711303,0.0,0.0
2024-06-04 00:00:00+09:00,9600.0,9800.0,8650.0,9200.0,1645653,0.0,0.0
2024-06-05 00:00:00+09:00,9020.0,9330.0,8920.0,9260.0,360817,0.0,0.0
2024-06-07 00:00:00+09:00,9310.0,10640.0,9310.0,10500.0,1849003,0.0,0.0
2024-06-10 00:00:00+09:00,10670.0,10770.0,9980.0,10070.0,638636,0.0,0.0
2024-06-11 00:00:00+09:00,10120.0,10860.0,10080.0,10520.0,1045175,0.0,0.0
2024-06-12 00:00:00+09:00,10440.0,10950.0,10200.0,10650.0,588804,0.0,0.0
2024-06-13 00:00:00+09:00,10840.0,11110.0,10420.0,10920.0,574249,0.0,0.0
2024-06-14 00:00:00+09:00,10920.0,11660.0,10580.0,11460.0,1124917,0.0,0.0
2024-06-17 00:00:00+09:00,11510.0,12120.0,11180.0,11580.0,751586,0.0,0.0
2024-06-18 00:00:00+09:00,11500.0,11970.0,10360.0,11290.0,1563605,0.0,0.0
2024-06-19 00:00:00+09:00,10930.0,10930.0,9990.0,10080.0,927812,0.0,0.0
2024-06-20 00:00:00+09:00,9990.0,10340.0,9800.0,10030.0,346864,0.0,0.0
2024-06-21 00:00:00+09:00,9910.0,10200.0,9470.0,9750.0,468416,0.0,0.0
2024-06-24 00:00:00+09:00,9750.0,9970.0,9300.0,9370.0,276152,0.0,0.0
2024-06-25 00:00:00+09:00,9450.0,9760.0,9110.0,9540.0,232105,0.0,0.0
2024-06-26 00:00:00+09:00,9760.0,10130.0,9430.0,9800.0,336192,0.0,0.0
2024-06-27 00:00:00+09:00,9810.0,10300.0,9500.0,9730.0,270874,0.0,0.0
2024-06-28 00:00:00+09:00,9780.0,9780.0,9340.0,9340.0,224858,0.0,0.0
2024-07-01 00:00:00+09:00,9220.0,9700.0,9220.0,9510.0,151150,0.0,0.0
2024-07-02 00:00:00+09:00,9380.0,9600.0,8840.0,9470.0,395869,0.0,0.0
2024-07-03 00:00:00+09:00,9520.0,9790.0,8970.0,9140.0,258558,0.0,0.0
2024-07-04 00:00:00+09:00,9420.0,9760.0,9140.0,9530.0,410146,0.0,0.0
2024-07-05 00:00:00+09:00,9550.0,10700.0,9330.0,10400.0,1172530,0.0,0.0
2024-07-08 00:00:00+09:00,10400.0,10740.0,10010.0,10460.0,600850,0.0,0.0
2024-07-09 00:00:00+09:00,10650.0,10690.0,10010.0,10170.0,458830,0.0,0.0
2024-07-10 00:00:00+09:00,10170.0,10500.0,9360.0,9540.0,1393681,0.0,0.0
2024-07-11 00:00:00+09:00,9470.0,9740.0,8570.0,8630.0,572597,0.0,0.0
2024-07-12 00:00:00+09:00,8800.0,9600.0,7930.0,8930.0,1594266,0.0,0.0
2024-07-15 00:00:00+09:00,8650.0,9270.0,8650.0,8860.0,274696,0.0,0.0
2024-07-16 00:00:00+09:00,8860.0,8860.0,8190.0,8720.0,383662,0.0,0.0
2024-07-17 00:00:00+09:00,8550.0,8770.0,8230.0,8230.0,205697,0.0,0.0
2024-07-18 00:00:00+09:00,8170.0,8320.0,7910.0,8290.0,232059,0.0,0.0
2024-07-19 00:00:00+09:00,8280.0,8550.0,8100.0,8410.0,163205,0.0,0.0
2024-07-22 00:00:00+09:00,8330.0,8580.0,7940.0,8050.0,328198,0.0,0.0
2024-07-23 00:00:00+09:00,8050.0,8350.0,7920.0,8350.0,180678,0.0,0.0
2024-07-24 00:00:00+09:00,8470.0,10280.0,8200.0,9000.0,4694262,0.0,0.0
2024-07-25 00:00:00+09:00,8600.0,9040.0,8330.0,8800.0,683799,0.0,0.0
2024-07-26 00:00:00+09:00,8700.0,8980.0,8270.0,8380.0,354759,0.0,0.0
2024-07-29 00:00:00+09:00,8380.0,8620.0,8260.0,8260.0,143094,0.0,0.0
2024-07-30 00:00:00+09:00,8160.0,8380.0,7460.0,7810.0,536048,0.0,0.0
2024-07-31 00:00:00+09:00,7800.0,7870.0,7490.0,7670.0,149957,0.0,0.0
2024-08-01 00:00:00+09:00,7730.0,7980.0,7540.0,7590.0,130239,0.0,0.0
2024-08-02 00:00:00+09:00,7220.0,7380.0,6760.0,6900.0,489035,0.0,0.0
2024-08-05 00:00:00+09:00,6610.0,6790.0,5570.0,6050.0,382598,0.0,0.0
2024-08-06 00:00:00+09:00,5960.0,6700.0,5960.0,6410.0,278327,0.0,0.0
2024-08-07 00:00:00+09:00,6420.0,6580.0,6300.0,6480.0,114148,0.0,0.0
2024-08-08 00:00:00+09:00,6470.0,6650.0,6150.0,6300.0,128508,0.0,0.0
2024-08-09 00:00:00+09:00,6360.0,6870.0,6360.0,6550.0,216466,0.0,0.0
2024-08-12 00:00:00+09:00,6550.0,6760.0,6500.0,6620.0,137748,0.0,0.0
2024-08-13 00:00:00+09:00,6650.0,6650.0,6320.0,6380.0,56679,0.0,0.0
2024-08-14 00:00:00+09:00,6430.0,6640.0,6420.0,6530.0,113650,0.0,0.0
2024-08-16 00:00:00+09:00,6550.0,6730.0,6280.0,6540.0,164063,0.0,0.0
2024-08-19 00:00:00+09:00,6450.0,6510.0,6120.0,6300.0,155025,0.0,0.0
2024-08-20 00:00:00+09:00,6270.0,6890.0,6270.0,6790.0,340634,0.0,0.0
2024-08-21 00:00:00+09:00,6790.0,6870.0,6370.0,6380.0,122953,0.0,0.0
2024-08-22 00:00:00+09:00,6380.0,6700.0,6290.0,6310.0,145097,0.0,0.0
2024-08-23 00:00:00+09:00,6310.0,6340.0,6080.0,6270.0,168099,0.0,0.0
2024-08-26 00:00:00+09:00,6280.0,6640.0,6150.0,6610.0,237518,0.0,0.0
2024-08-27 00:00:00+09:00,6880.0,6960.0,6360.0,6520.0,296149,0.0,0.0
2024-08-28 00:00:00+09:00,6480.0,6600.0,6310.0,6370.0,124689,0.0,0.0
2024-08-29 00:00:00+09:00,6370.0,6450.0,6170.0,6340.0,129724,0.0,0.0
2024-08-30 00:00:00+09:00,6330.0,6760.0,6270.0,6740.0,159277,0.0,0.0
2024-09-02 00:00:00+09:00,6760.0,6920.0,6460.0,6460.0,148945,0.0,0.0
2024-09-03 00:00:00+09:00,6600.0,7110.0,6480.0,6700.0,276608,0.0,0.0
2024-09-04 00:00:00+09:00,6390.0,7740.0,6290.0,6620.0,2003332,0.0,0.0
2024-09-05 00:00:00+09:00,6600.0,6930.0,6370.0,6450.0,382350,0.0,0.0
2024-09-06 00:00:00+09:00,6400.0,6520.0,5920.0,5990.0,382805,0.0,0.0
2024-09-09 00:00:00+09:00,5660.0,6130.0,5600.0,6000.0,132169,0.0,0.0
2024-09-10 00:00:00+09:00,6030.0,6280.0,5960.0,6050.0,107966,0.0,0.0
2024-09-11 00:00:00+09:00,6160.0,7480.0,6130.0,7140.0,7051631,0.0,0.0
2024-09-12 00:00:00+09:00,6710.0,8420.0,6710.0,7830.0,10735920,0.0,0.0
2024-09-13 00:00:00+09:00,7850.0,8450.0,7720.0,7800.0,5011496,0.0,0.0
2024-09-19 00:00:00+09:00,7700.0,7980.0,7510.0,7610.0,846161,0.0,0.0
2024-09-20 00:00:00+09:00,7640.0,8000.0,7520.0,7890.0,1238950,0.0,0.0
2024-09-23 00:00:00+09:00,7810.0,8090.0,7810.0,7960.0,578835,0.0,0.0
2024-09-24 00:00:00+09:00,7980.0,9590.0,7520.0,9170.0,11325150,0.0,0.0
2024-09-25 00:00:00+09:00,9200.0,9440.0,8500.0,8660.0,1875189,0.0,0.0
2024-09-26 00:00:00+09:00,8710.0,8770.0,8330.0,8600.0,596170,0.0,0.0
2024-09-27 00:00:00+09:00,8550.0,8560.0,8060.0,8140.0,674636,0.0,0.0
2024-09-30 00:00:00+09:00,8020.0,8040.0,7760.0,7870.0,334794,0.0,0.0
2024-10-02 00:00:00+09:00,7590.0,7700.0,7490.0,7650.0,223751,0.0,0.0
2024-10-04 00:00:00+09:00,7600.0,7870.0,7560.0,7790.0,361286,0.0,0.0
2024-10-07 00:00:00+09:00,7800.0,7880.0,7640.0,7700.0,218970,0.0,0.0
2024-10-08 00:00:00+09:00,7690.0,7790.0,7530.0,7600.0,211791,0.0,0.0
2024-10-10 00:00:00+09:00,7600.0,7670.0,7160.0,7200.0,316098,0.0,0.0
2024-10-11 00:00:00+09:00,7130.0,7300.0,7120.0,7180.0,151519,0.0,0.0
2024-10-14 00:00:00+09:00,7030.0,7160.0,6990.0,7120.0,105389,0.0,0.0
2024-10-15 00:00:00+09:00,7070.0,7200.0,6950.0,7110.0,131977,0.0,0.0
2024-10-16 00:00:00+09:00,7060.0,7090.0,6890.0,6960.0,92423,0.0,0.0
2024-10-17 00:00:00+09:00,6910.0,7200.0,6810.0,6810.0,152305,0.0,0.0
2024-10-18 00:00:00+09:00,6700.0,6880.0,6600.0,6670.0,112178,0.0,0.0
2024-10-21 00:00:00+09:00,6600.0,6740.0,6560.0,6650.0,60958,0.0,0.0
2024-10-22 00:00:00+09:00,6590.0,6640.0,6260.0,6440.0,156038,0.0,0.0
2024-10-23 00:00:00+09:00,6440.0,6480.0,6270.0,6390.0,95081,0.0,0.0
2024-10-24 00:00:00+09:00,6240.0,6460.0,6240.0,6400.0,60126,0.0,0.0
2024-10-25 00:00:00+09:00,6340.0,6420.0,6270.0,6420.0,54241,0.0,0.0
2024-10-28 00:00:00+09:00,6290.0,6480.0,6240.0,6420.0,79483,0.0,0.0
2024-10-29 00:00:00+09:00,6320.0,6410.0,6180.0,6410.0,78737,0.0,0.0
2024-10-30 00:00:00+09:00,6480.0,6480.0,6280.0,6420.0,69676,0.0,0.0
2024-10-31 00:00:00+09:00,6380.0,6800.0,6280.0,6470.0,230535,0.0,0.0
2024-11-01 00:00:00+09:00,6440.0,6740.0,6350.0,6570.0,185000,0.0,0.0
