Date,Open,High,Low,Close,Volume,Dividends,Stock Splits
2010-05-27 00:00:00+08:00,58.04890242866848,58.04890242866848,47.33218198029891,51.3509521484375,2013000,0.0,0.0
2010-05-28 00:00:00+08:00,50.90441592234485,50.90441592234485,45.76932133368726,47.332176208496094,1177000,0.0,0.0
2010-05-31 00:00:00+08:00,46.43912220453199,48.6717723105191,45.09953214093972,47.108917236328125,625000,0.0,0.0
2010-06-01 00:00:00+08:00,47.10892081029207,48.671776003050574,45.99259567260742,45.99259567260742,571000,0.0,0.0
2010-06-02 00:00:00+08:00,45.99258654045337,47.55544142289595,44.20646667480469,44.20646667480469,671000,0.0,0.0
2010-06-03 00:00:00+08:00,44.653002718707036,45.32279775948764,42.018474876952574,42.28639221191406,1108000,0.0,0.0
2010-06-04 00:00:00+08:00,42.286385299329226,44.20646546505829,42.286385299329226,42.688262939453125,634000,0.0,0.0
2010-06-07 00:00:00+08:00,41.080756805874735,41.75055175379661,40.05373652302656,40.81283950805664,847000,0.0,0.0
2010-06-08 00:00:00+08:00,40.81284613059549,42.42035358510119,40.81284613059549,41.97382354736328,410000,0.0,0.0
2010-06-09 00:00:00+08:00,42.33104565431046,42.33104565431046,40.63423027992006,40.67888259887695,333000,0.0,0.0
2010-06-10 00:00:00+08:00,41.52728748334635,41.52728748334635,40.768187892051024,41.214717864990234,159000,0.0,0.0
2010-06-11 00:00:00+08:00,41.97382612824433,41.97382612824433,41.12541832302476,41.17007064819336,195000,0.0,0.0
2010-06-14 00:00:00+08:00,41.52728698890247,43.49201952779259,41.482634673490864,42.643611907958984,502000,0.0,0.0
2010-06-15 00:00:00+08:00,42.64361860397014,42.64361860397014,41.750558528494324,41.97382354736328,237000,0.0,0.0
2010-06-17 00:00:00+08:00,42.42034772685784,42.42034772685784,41.61659240722656,41.61659240722656,136000,0.0,0.0
2010-06-18 00:00:00+08:00,41.616598154471426,42.33104894025514,41.616598154471426,41.97382354736328,125000,0.0,0.0
2010-06-21 00:00:00+08:00,42.42035228182546,42.64361729383507,41.97382225780625,42.01847457885742,237000,0.0,0.0
2010-06-22 00:00:00+08:00,41.97381557531883,42.01846788926109,41.70589828491211,41.70589828491211,168000,0.0,0.0
2010-06-23 00:00:00+08:00,41.571941694164366,42.286389002081386,41.527289376185834,41.83985900878906,142000,0.0,0.0
2010-06-24 00:00:00+08:00,41.88451704022146,42.86688171686481,41.88451704022146,42.33104705810547,209000,0.0,0.0
2010-06-25 00:00:00+08:00,42.19708185072587,42.19708185072587,41.61659153134791,41.66124725341797,154000,0.0,0.0
2010-06-28 00:00:00+08:00,41.66124725341797,41.66124725341797,41.66124725341797,41.66124725341797,0,0.0,0.0
2010-06-29 00:00:00+08:00,41.79520507900611,42.375695410601296,41.527287774713464,41.61659240722656,163000,0.0,0.0
2010-06-30 00:00:00+08:00,41.30402434719065,41.30402434719065,40.187699364834145,40.85749435424805,292000,0.0,0.0
2010-07-01 00:00:00+08:00,40.812847455755346,40.812847455755346,40.18770470127363,40.232357025146484,114000,0.0,0.0
2010-07-02 00:00:00+08:00,40.232351923732374,40.5895772829273,40.18769960552138,40.27700424194336,88000,0.0,0.0
2010-07-05 00:00:00+08:00,40.27700746985426,40.76819322980065,40.27700746985426,40.58958053588867,74000,0.0,0.0
2010-07-06 00:00:00+08:00,40.589583607493466,41.3040310304532,40.54493128232487,41.17007064819336,109000,0.0,0.0
2010-07-07 00:00:00+08:00,41.21471624110054,41.348673183652295,40.85749091412277,40.991451263427734,87000,0.0,0.0
2010-07-08 00:00:00+08:00,41.3486833556218,41.705908770478686,40.99146134751896,41.17007064819336,119000,0.0,0.0
2010-07-09 00:00:00+08:00,41.393331899789445,41.393331899789445,40.99145760322649,41.036109924316406,76000,0.0,0.0
2010-07-12 00:00:00+08:00,41.482639063273396,43.89390182495117,41.482639063273396,43.89390182495117,833000,0.0,0.0
2010-07-13 00:00:00+08:00,43.93855311253864,45.099530442581106,43.31341042505314,43.358062744140625,575000,0.0,0.0
2010-07-14 00:00:00+08:00,43.7152904113621,43.7152904113621,42.91153499846631,43.0008430480957,248000,0.0,0.0
2010-07-15 00:00:00+08:00,43.090142908784536,43.44736825414938,42.95618255258437,43.31340789794922,139000,0.0,0.0
2010-07-16 00:00:00+08:00,43.358066578175425,43.670639652934945,42.420354167404625,42.50965881347656,140000,0.0,0.0
2010-07-19 00:00:00+08:00,42.55431395912409,42.8668836228391,41.97382354736328,41.97382354736328,128000,0.0,0.0
2010-07-20 00:00:00+08:00,42.37569777578934,42.42035009453815,41.97382009354301,42.10778045654297,75000,0.0,0.0
2010-07-21 00:00:00+08:00,42.19708226861201,43.13479452656384,42.19708226861201,42.911529541015625,133000,0.0,0.0
2010-07-22 00:00:00+08:00,43.090143910519366,44.4297338766495,43.090143910519366,43.98320388793945,291000,0.0,0.0
2010-07-23 00:00:00+08:00,44.65299710964234,44.65299710964234,42.866877225256644,42.911529541015625,385000,0.0,0.0
2010-07-26 00:00:00+08:00,43.31340570694361,43.89389601210908,42.8222234369784,43.53667068481445,501000,0.0,0.0
2010-07-27 00:00:00+08:00,43.327176657306175,43.4700149564407,42.37493101648626,42.422542572021484,499000,6.06,0.0
2010-07-28 00:00:00+08:00,42.75583203128578,42.89866670225262,42.47015542429419,42.85105514526367,147000,0.0,0.0
2010-07-29 00:00:00+08:00,42.85105867296309,42.85105867296309,42.27971267700195,42.27971267700195,202000,0.0,0.0
2010-07-30 00:00:00+08:00,42.27971459816433,42.27971459816433,41.94642639160156,41.94642639160156,203000,0.0,0.0
2010-08-02 00:00:00+08:00,41.94642448558358,42.470158920636166,41.94642448558358,42.27971267700195,81000,0.0,0.0
2010-08-03 00:00:00+08:00,42.61299737934159,42.70822050147925,42.23209762573242,42.23209762573242,102000,0.0,0.0
2010-08-04 00:00:00+08:00,41.99403162324262,42.51776963565891,41.99403162324262,42.37493133544922,118000,0.0,0.0
2010-08-05 00:00:00+08:00,42.27971281933051,42.61299737934159,42.18448606466359,42.23209762573242,99000,0.0,0.0
2010-08-06 00:00:00+08:00,42.232095270755195,43.75569056770278,42.04164903709968,43.27956771850586,222000,0.0,0.0
2010-08-09 00:00:00+08:00,44.23181894268105,46.18392214175446,44.041369052704,46.13631057739258,678000,0.0,0.0
2010-08-10 00:00:00+08:00,47.56467543566006,49.278717041015625,46.66004125622735,49.278717041015625,918000,0.0,0.0
2010-08-11 00:00:00+08:00,49.99290397264299,52.61157989501953,48.564535287710335,52.61157989501953,1389000,0.0,0.0
2010-08-12 00:00:00+08:00,50.230965420131774,53.32576423748586,50.230965420131774,52.61157989501953,919000,0.0,0.0
2010-08-13 00:00:00+08:00,52.61157381736626,56.1824951171875,52.61157381736626,56.1824951171875,1205000,0.0,0.0
2010-08-16 00:00:00+08:00,57.134743652343744,59.99148083496093,56.65862078857422,59.515357971191406,1400000,0.0,0.0
2010-08-17 00:00:00+08:00,60.229533915617026,60.229533915617026,57.134735730229586,58.325042724609375,639000,0.0,0.0
2010-08-18 00:00:00+08:00,59.27729558944702,59.27729558944702,56.4205584526062,57.134742736816406,656000,0.0,0.0
2010-08-19 00:00:00+08:00,57.13474180640244,59.99147889672256,57.13474180640244,58.5631103515625,629000,0.0,0.0
2010-08-20 00:00:00+08:00,58.56312214827337,59.991490981158094,55.70638448250394,56.65863037109375,643000,0.0,0.0
2010-08-23 00:00:00+08:00,58.08698386845626,60.46759796142578,57.61086104986236,60.46759796142578,639000,0.0,0.0
2010-08-24 00:00:00+08:00,60.94371916118421,62.134026176051094,58.80116653442383,58.80116653442383,634000,0.0,0.0
2010-08-25 00:00:00+08:00,58.80117373996311,59.51535803639991,55.70637512207031,55.70637512207031,592000,0.0,0.0
2010-08-26 00:00:00+08:00,55.94443756237365,57.13474474455181,54.03994607088859,54.27800750732422,326000,0.0,0.0
2010-08-27 00:00:00+08:00,54.27800649847866,57.61086654663086,53.80188363445692,57.61086654663086,276000,0.0,0.0
2010-08-30 00:00:00+08:00,58.32505084266347,59.27729657070696,57.61086654663086,57.61086654663086,271000,0.0,0.0
2010-08-31 00:00:00+08:00,56.65862284121306,56.65862284121306,54.278008436120075,54.75413131713867,255000,0.0,0.0
2010-09-01 00:00:00+08:00,56.65862085065271,56.65862085065271,55.230252257779114,55.70637512207031,122000,0.0,0.0
2010-09-02 00:00:00+08:00,56.65862085065271,57.610866579235115,55.70637512207031,55.70637512207031,219000,0.0,0.0
2010-09-03 00:00:00+08:00,57.13475331538866,57.610876259683565,55.230261538209035,56.65863037109375,457000,0.0,0.0
2010-09-06 00:00:00+08:00,57.848920718396556,58.086982120529875,56.182490903463325,56.89667510986328,410000,0.0,0.0
2010-09-07 00:00:00+08:00,56.89667794271863,58.08698501264998,56.18249370075982,56.420555114746094,226000,0.0,0.0
2010-09-08 00:00:00+08:00,56.420552305596644,57.61085931626324,55.70636809919669,56.89667510986328,192000,0.0,0.0
2010-09-09 00:00:00+08:00,58.563101645076976,60.70565414428711,58.563101645076976,60.70565414428711,818000,0.0,0.0
2010-09-10 00:00:00+08:00,61.89598549413317,64.2766003208306,61.181801046123944,62.372108459472656,1036000,0.0,0.0
2010-09-13 00:00:00+08:00,62.37208923580139,63.08627346369225,60.46759796142578,60.46759796142578,518000,0.0,0.0
2010-09-14 00:00:00+08:00,60.467599913131366,61.65790699803552,60.467599913131366,61.41984558105469,151000,0.0,0.0
2010-09-15 00:00:00+08:00,61.89597129821777,61.89597129821777,58.563111305236816,59.03923416137695,345000,0.0,0.0
2010-09-16 00:00:00+08:00,59.039226921237244,59.99147251674107,58.325042724609375,58.325042724609375,246000,0.0,0.0
2010-09-17 00:00:00+08:00,58.56310412348533,59.75341111786511,58.08698132573342,58.325042724609375,218000,0.0,0.0
2010-09-20 00:00:00+08:00,58.08698132573342,59.039226921237244,57.6108585279815,58.325042724609375,148000,0.0,0.0
2010-09-21 00:00:00+08:00,59.039232222760305,59.27729364301337,58.08698654174805,58.08698654174805,123000,0.0,0.0
2010-09-23 00:00:00+08:00,58.08699071268163,61.89597371023453,58.08699071268163,61.18178939819336,326000,0.0,0.0
2010-09-24 00:00:00+08:00,59.991468608379364,61.18177552521229,59.515345841646194,60.9437141418457,197000,0.0,0.0
2010-09-27 00:00:00+08:00,61.89596641720749,61.89596641720749,59.27729091494102,60.46759796142578,199000,0.0,0.0
2010-09-28 00:00:00+08:00,59.99146997788373,60.94371553308824,59.03922442267923,60.70565414428711,136000,0.0,0.0
2010-09-29 00:00:00+08:00,60.70566513061523,60.70566513061523,59.515357971191406,59.515357971191406,147000,0.0,0.0
2010-09-30 00:00:00+08:00,59.51535074334396,59.51535074334396,58.32504372847708,58.80116653442383,183000,0.0,0.0
2010-10-01 00:00:00+08:00,59.51535371923635,61.419845038251914,59.51535371923635,60.22953796386719,245000,0.0,0.0
2010-10-04 00:00:00+08:00,59.99148322481558,61.18179043165716,59.51536034207895,59.753421783447266,191000,0.0,0.0
2010-10-05 00:00:00+08:00,59.515363241295255,59.75342469426044,59.27730178833008,59.27730178833008,83000,0.0,0.0
2010-10-06 00:00:00+08:00,60.2295422668457,60.2295422668457,59.27729653930664,59.515357971191406,84000,0.0,0.0
2010-10-07 00:00:00+08:00,59.51535701751709,59.99147987365723,59.03923416137695,59.03923416137695,83000,0.0,0.0
2010-10-08 00:00:00+08:00,58.563109382254176,59.75341648351951,57.37280228098885,58.08698654174805,237000,0.0,0.0
2010-10-11 00:00:00+08:00,58.08698501264998,58.08698501264998,55.94443228677355,56.420555114746094,149000,0.0,0.0
2010-10-12 00:00:00+08:00,56.42055027738531,56.658611670960774,55.23024330950798,55.944427490234375,110000,0.0,0.0
2010-10-13 00:00:00+08:00,56.18249798636151,56.18249798636151,55.46831368992471,55.70637512207031,53000,0.0,0.0
2010-10-14 00:00:00+08:00,55.70636809919669,57.1347365119966,55.70636809919669,56.89667510986328,78000,0.0,0.0
2010-10-15 00:00:00+08:00,55.94443228677355,56.65861652873236,55.94443228677355,56.420555114746094,50000,0.0,0.0
2010-10-18 00:00:00+08:00,57.134740797139834,57.134740797139834,55.70637227721134,56.1824951171875,31000,0.0,0.0
2010-10-19 00:00:00+08:00,55.70637032081341,56.42055455569563,55.230247497558594,55.230247497558594,43000,0.0,0.0
2010-10-20 00:00:00+08:00,55.230252257779114,56.18249798636151,54.992190825633514,55.70637512207031,57000,0.0,0.0
2010-10-21 00:00:00+08:00,56.18250742679885,58.08699920397847,56.18250742679885,56.65863037109375,104000,0.0,0.0
2010-10-22 00:00:00+08:00,56.65863037109375,57.13475331538866,56.18250742679885,56.65863037109375,51000,0.0,0.0
2010-10-25 00:00:00+08:00,57.13475331538866,57.610876259683565,56.65863037109375,56.65863037109375,44000,0.0,0.0
2010-10-26 00:00:00+08:00,56.896679499792675,60.467600807311044,56.896679499792675,59.991477966308594,335000,0.0,0.0
2010-10-27 00:00:00+08:00,58.08698844909668,59.27729558944702,57.134742736816406,57.134742736816406,179000,0.0,0.0
2010-10-28 00:00:00+08:00,57.610862184677444,57.610862184677444,55.70637087278728,56.420555114746094,121000,0.0,0.0
2010-10-29 00:00:00+08:00,55.70637509054389,57.61086654663086,55.23025222652215,57.61086654663086,81000,0.0,0.0
2010-11-01 00:00:00+08:00,57.1347365119966,57.61085931626324,56.420552305596644,56.89667510986328,41000,0.0,0.0
2010-11-02 00:00:00+08:00,56.182488883809846,56.658611670960774,55.944427490234375,55.944427490234375,51000,0.0,0.0
2010-11-03 00:00:00+08:00,55.944438519685164,56.65862284121306,54.75413131713867,54.75413131713867,103000,0.0,0.0
2010-11-04 00:00:00+08:00,54.75412704402285,55.70637273174499,54.75412704402285,55.46831130981445,47000,0.0,0.0
2010-11-05 00:00:00+08:00,56.42055941850711,56.65862085065271,55.46831368992471,55.70637512207031,33000,0.0,0.0
2010-11-08 00:00:00+08:00,55.706377079175866,56.18249996019446,54.278008436120075,54.75413131713867,77,0.0,0.0
2010-11-09 00:00:00+08:00,54.754130380195484,55.23025325306675,54.27800750732422,54.27800750732422,57000,0.0,0.0
2010-11-10 00:00:00+08:00,54.27800706256131,54.27800706256131,52.37351558668196,53.08769989013672,115000,0.0,0.0
2010-11-11 00:00:00+08:00,53.32576226128472,53.56382369995117,53.087700822618274,53.56382369995117,53000,0.0,0.0
2010-11-12 00:00:00+08:00,53.56381690665467,53.56381690665467,51.42126423038849,52.13544845581055,97000,0.0,0.0
2010-11-15 00:00:00+08:00,50.94514938637062,52.37351806075485,50.94514938637062,51.42127227783203,46000,0.0,0.0
2010-11-16 00:00:00+08:00,51.65933372356273,51.89739516929344,51.42127227783203,51.42127227783203,20000,0.0,0.0
2010-11-17 00:00:00+08:00,51.42127083633352,52.13545515350482,51.42127083633352,51.659332275390625,32000,0.0,0.0
2010-11-18 00:00:00+08:00,51.65933410506443,52.61157989501953,51.42127265757565,52.61157989501953,32000,0.0,0.0
2010-11-19 00:00:00+08:00,52.84963268123261,52.84963268123261,51.659325638862505,52.13544845581055,22000,0.0,0.0
2010-11-22 00:00:00+08:00,52.13545515350482,52.13545515350482,51.659332275390625,51.659332275390625,26000,0.0,0.0
2010-11-23 00:00:00+08:00,51.42127373273983,51.65933518520621,50.94515082780705,51.18321228027344,38000,0.0,0.0
2010-11-24 00:00:00+08:00,50.94514938637062,51.89739516929344,50.94514938637062,51.42127227783203,44000,0.0,0.0
2010-11-25 00:00:00+08:00,51.421262666776585,54.992183685302734,51.421262666776585,54.992183685302734,252000,0.0,0.0
2010-11-26 00:00:00+08:00,54.992200066061585,56.65863037109375,54.27801564961923,56.65863037109375,181000,0.0,0.0
2010-11-29 00:00:00+08:00,57.13474368260912,57.61086654663086,55.94443652255476,57.61086654663086,261000,0.0,0.0
2010-11-30 00:00:00+08:00,57.13475331538866,57.610876259683565,56.18250742679885,56.65863037109375,84000,0.0,0.0
2010-12-01 00:00:00+08:00,56.65861293247767,58.325042724609375,55.944428735849804,58.325042724609375,131000,0.0,0.0
2010-12-02 00:00:00+08:00,59.515357971191406,62.37209515380859,59.515357971191406,59.515357971191406,830000,0.0,0.0
2010-12-03 00:00:00+08:00,59.03923088948246,60.94372220849802,58.08698522997468,60.22953796386719,336000,0.0,0.0
2010-12-06 00:00:00+08:00,59.7534151341133,60.70566079362108,59.277292304359406,60.22953796386719,209000,0.0,0.0
2010-12-07 00:00:00+08:00,60.22953849615053,61.41984558105469,59.51535424520804,61.41984558105469,180000,0.0,0.0
2010-12-08 00:00:00+08:00,61.41984558105469,61.41984558105469,59.51535424520804,61.41984558105469,298000,0.0,0.0
2010-12-09 00:00:00+08:00,61.41983690857887,61.89595967531204,60.22952999174595,60.9437141418457,245000,0.0,0.0
2010-12-10 00:00:00+08:00,60.9437141418457,61.41983690857887,59.991468608379364,60.9437141418457,223000,0.0,0.0
2010-12-13 00:00:00+08:00,60.46760508615219,61.65791227288747,60.46760508615219,61.18178939819336,193000,0.0,0.0
2010-12-14 00:00:00+08:00,61.181776921889366,61.41983831069049,60.46759275548599,60.70565414428711,185000,0.0,0.0
2010-12-15 00:00:00+08:00,61.41983831069049,61.41983831069049,60.22953136668486,60.70565414428711,118000,0.0,0.0
2010-12-16 00:00:00+08:00,60.46759905959621,63.3243360230417,60.46759905959621,62.84821319580078,254000,0.0,0.0
2010-12-17 00:00:00+08:00,61.89597371023453,62.37209658492864,61.18178939819336,61.18178939819336,139000,0.0,0.0
2010-12-20 00:00:00+08:00,60.46759852111109,61.65790557861328,59.99147569811022,61.65790557861328,117000,0.0,0.0
2010-12-21 00:00:00+08:00,61.65791227288747,61.89597371023453,60.9437279608463,61.18178939819336,58000,0.0,0.0
2010-12-22 00:00:00+08:00,61.18178939819336,62.84821945962275,60.46760508615219,61.18178939819336,204,0.0,0.0
2010-12-23 00:00:00+08:00,60.94372605363985,62.37209463302204,60.94372605363985,62.134033203125,189000,0.0,0.0
2010-12-24 00:00:00+08:00,62.61015147816051,66.41913407759233,62.61015147816051,65.46688842773438,774000,0.0,0.0
2010-12-27 00:00:00+08:00,64.99076692681564,64.99076692681564,63.324337005615234,63.324337005615234,307000,0.0,0.0
2010-12-28 00:00:00+08:00,63.324336916901345,63.324336916901345,61.18178416407386,61.41984558105469,177000,0.0,0.0
2010-12-29 00:00:00+08:00,61.41985033475436,61.895973205566406,59.99148172231821,61.895973205566406,193000,0.0,0.0
2010-12-30 00:00:00+08:00,61.89596894122801,62.84821461724691,60.94372326520912,62.61015319824219,129000,0.0,0.0
2010-12-31 00:00:00+08:00,63.086274609421245,63.086274609421245,61.18178330045758,62.84821319580078,190000,0.0,0.0
2011-01-03 00:00:00+08:00,62.8482189471905,62.8482189471905,60.94372746394231,61.895973205566406,131000,0.0,0.0
2011-01-04 00:00:00+08:00,62.37208923580139,62.37208923580139,60.46759796142578,60.46759796142578,92000,0.0,0.0
2011-01-05 00:00:00+08:00,60.467591375112534,61.18177552521229,59.515345841646194,60.9437141418457,207000,0.0,0.0
2011-01-06 00:00:00+08:00,60.467591375112534,61.89595967531204,59.991468608379364,60.9437141418457,135000,0.0,0.0
2011-01-07 00:00:00+08:00,61.41983831069049,61.41983831069049,59.99146997788373,60.70565414428711,67000,0.0,0.0
2011-01-10 00:00:00+08:00,60.70566754892053,60.70566754892053,59.753421783447266,59.753421783447266,77000,0.0,0.0
2011-01-11 00:00:00+08:00,59.753419403076165,59.99148083496093,59.515357971191406,59.515357971191406,79000,0.0,0.0
2011-01-12 00:00:00+08:00,59.03922442267923,62.37208386589499,59.03922442267923,60.70565414428711,1158000,0.0,0.0
2011-01-13 00:00:00+08:00,60.94372220849802,60.94372220849802,59.99147654899024,60.22953796386719,50000,0.0,0.0
2011-01-14 00:00:00+08:00,60.2295422668457,60.2295422668457,59.039235107421874,59.515357971191406,134000,0.0,0.0
2011-01-17 00:00:00+08:00,59.99147354929071,59.99147354929071,57.1347367136102,58.80116653442383,76000,0.0,0.0
2011-01-18 00:00:00+08:00,57.134739356704905,57.134739356704905,55.94443228677355,56.420555114746094,371000,0.0,0.0
2011-01-19 00:00:00+08:00,56.65861795716367,57.610863637116,55.70637227721134,56.1824951171875,227000,0.0,0.0
2011-01-20 00:00:00+08:00,56.18250742679885,56.89669184324121,56.18250742679885,56.65863037109375,102000,0.0,0.0
2011-01-21 00:00:00+08:00,56.18249370075982,56.65861652873236,55.94443228677355,56.420555114746094,47000,0.0,0.0
2011-01-24 00:00:00+08:00,56.420555114746094,56.65861652873236,56.18249370075982,56.420555114746094,53000,0.0,0.0
2011-01-25 00:00:00+08:00,56.420556537175585,56.65861795716367,55.94443369719942,56.1824951171875,61000,0.0,0.0
2011-01-26 00:00:00+08:00,56.1824951171875,57.134740797139834,56.1824951171875,56.1824951171875,152000,0.0,0.0
2011-01-27 00:00:00+08:00,56.182488883809846,56.42055027738531,55.70636609665891,55.944427490234375,71000,0.0,0.0
2011-01-28 00:00:00+08:00,55.94443655421591,56.18249798636151,55.70637512207031,55.70637512207031,45000,0.0,0.0
2011-02-08 00:00:00+08:00,56.182488883809846,56.182488883809846,55.46830470308345,55.944427490234375,37000,0.0,0.0
2011-02-09 00:00:00+08:00,56.18249798636151,56.42055941850711,55.70637512207031,55.70637512207031,37000,0.0,0.0
2011-02-10 00:00:00+08:00,55.23025419815727,55.706377079175866,54.75413131713867,54.75413131713867,50000,0.0,0.0
2011-02-11 00:00:00+08:00,54.75413330888326,54.75413330888326,51.89739591885457,53.80188751220703,130000,0.0,0.0
2011-02-14 00:00:00+08:00,53.80188751220703,54.03994896137609,53.32576461386892,53.80188751220703,48000,0.0,0.0
2011-02-15 00:00:00+08:00,53.80188463445295,55.468314689502385,53.80188463445295,54.27800750732422,81000,0.0,0.0
2011-02-16 00:00:00+08:00,54.75413131713867,55.23025419815727,54.278008436120075,54.75413131713867,50000,0.0,0.0
2011-02-17 00:00:00+08:00,54.754122284067655,55.23024508653781,54.51606088283258,54.992183685302734,65000,0.0,0.0
2011-02-18 00:00:00+08:00,55.23025419815727,55.46831563866657,54.75413131713867,54.75413131713867,51000,0.0,0.0
2011-02-21 00:00:00+08:00,55.230247497558594,55.230247497558594,54.27800185104896,55.230247497558594,52000,0.0,0.0
2011-02-22 00:00:00+08:00,54.754136597745806,55.23025952468272,54.27801367080888,54.516075134277344,54000,0.0,0.0
2011-02-23 00:00:00+08:00,54.03994896137609,54.5160718597142,53.80188751220703,53.80188751220703,28000,0.0,0.0
2011-02-24 00:00:00+08:00,53.80188463445295,54.754130380195484,53.80188463445295,54.27800750732422,22000,0.0,0.0
2011-02-25 00:00:00+08:00,54.75413131713867,54.75413131713867,54.278008436120075,54.75413131713867,35000,0.0,0.0
2011-03-01 00:00:00+08:00,54.992200066061585,58.56312214827337,54.992200066061585,56.65863037109375,296000,0.0,0.0
2011-03-02 00:00:00+08:00,56.65862085065271,57.13474371494391,55.70637512207031,55.70637512207031,53000,0.0,0.0
2011-03-03 00:00:00+08:00,56.18249702453613,57.134742736816406,55.944435596466064,57.134742736816406,48000,0.0,0.0
2011-03-04 00:00:00+08:00,57.610862184677444,57.610862184677444,56.420555114746094,56.420555114746094,75000,0.0,0.0
2011-03-07 00:00:00+08:00,56.420555114746094,57.134739356704905,56.420555114746094,56.420555114746094,61000,0.0,0.0
2011-03-08 00:00:00+08:00,56.4205688989463,57.13475331538866,56.4205688989463,56.65863037109375,35000,0.0,0.0
2011-03-09 00:00:00+08:00,57.134740797139834,57.134740797139834,56.1824951171875,56.1824951171875,50000,0.0,0.0
2011-03-10 00:00:00+08:00,55.46831130981445,56.182495575606055,55.23024988788392,55.46831130981445,40000,0.0,0.0
2011-03-11 00:00:00+08:00,55.70637227721134,57.610863637116,55.70637227721134,56.1824951171875,75000,0.0,0.0
2011-03-14 00:00:00+08:00,56.18250537855656,56.18250537855656,54.03995220734043,54.516075134277344,73000,0.0,0.0
2011-03-15 00:00:00+08:00,53.56382230006227,54.51606802984115,50.707085110725615,51.89739227294922,153000,0.0,0.0
2011-03-16 00:00:00+08:00,51.89739271771213,53.32576132462164,51.89739271771213,53.08769989013672,45000,0.0,0.0
2011-03-17 00:00:00+08:00,52.84963979306428,55.23025419815727,52.37351691204568,54.75413131713867,41000,0.0,0.0
2011-03-18 00:00:00+08:00,55.230252257779114,55.94443655421591,54.754129393487915,55.70637512207031,43000,0.0,0.0
2011-03-21 00:00:00+08:00,55.70637512207031,56.89668228279831,55.70637512207031,55.70637512207031,46000,0.0,0.0
2011-03-22 00:00:00+08:00,55.94444595465139,56.65863037109375,54.75413859391413,56.65863037109375,62000,0.0,0.0
2011-03-23 00:00:00+08:00,56.65862085065271,56.89668228279831,55.70637512207031,55.70637512207031,30000,0.0,0.0
2011-03-24 00:00:00+08:00,55.70636609665891,56.182488883809846,55.23024330950798,55.944427490234375,35000,0.0,0.0
2011-03-25 00:00:00+08:00,56.658618419467125,56.658618419467125,55.23024988788392,55.46831130981445,35000,0.0,0.0
2011-03-28 00:00:00+08:00,54.992183685302734,55.23024508653781,54.992183685302734,54.992183685302734,31000,0.0,0.0
2011-03-29 00:00:00+08:00,54.992183685302734,55.468306487772885,54.992183685302734,54.992183685302734,6000,0.0,0.0
2011-03-30 00:00:00+08:00,55.94443415367552,56.182495575606055,55.23024988788392,55.46831130981445,19000,0.0,0.0
2011-03-31 00:00:00+08:00,55.70637512207031,55.70637512207031,54.992190825633514,55.70637512207031,21000,0.0,0.0
2011-04-01 00:00:00+08:00,55.468308909186,55.70637032081341,55.230247497558594,55.230247497558594,8000,0.0,0.0
2011-04-06 00:00:00+08:00,55.23024508653781,55.706367889007964,54.992183685302734,54.992183685302734,41000,0.0,0.0
2011-04-07 00:00:00+08:00,55.23024988788392,55.70637273174499,55.23024988788392,55.46831130981445,29000,0.0,0.0
2011-04-08 00:00:00+08:00,55.468308909186,55.70637032081341,54.99218608593119,55.230247497558594,20000,0.0,0.0
2011-04-11 00:00:00+08:00,55.23024626292628,58.08698313859488,55.23024626292628,57.372798919677734,281000,0.0,0.0
2011-04-12 00:00:00+08:00,57.61086240022079,60.70566079362108,57.61086240022079,60.22953796386719,622000,0.0,0.0
2011-04-13 00:00:00+08:00,59.99148322481558,60.94372899028885,58.08699169386906,59.753421783447266,363000,0.0,0.0
2011-04-14 00:00:00+08:00,59.753415662188864,62.61015266595885,59.753415662188864,61.41984558105469,485000,0.0,0.0
2011-04-15 00:00:00+08:00,62.61015266595885,62.848214082939684,60.70566133011219,61.41984558105469,651000,0.0,0.0
2011-04-18 00:00:00+08:00,61.89596894122801,64.03852171227052,60.94372326520912,62.61015319824219,744000,0.0,0.0
2011-04-19 00:00:00+08:00,62.372091248978016,63.324336916901345,61.18178416407386,61.41984558105469,258000,0.0,0.0
2011-04-20 00:00:00+08:00,61.41984558105469,61.895968415016355,60.22953849615053,61.41984558105469,307000,0.0,0.0
2011-04-21 00:00:00+08:00,62.37209036855987,62.84821319580078,61.18178330045758,62.84821319580078,310000,0.0,0.0
2011-04-22 00:00:00+08:00,63.32434127075646,65.70495560424355,63.32434127075646,64.5146484375,837000,0.0,0.0
2011-04-25 00:00:00+08:00,66.18107847094096,66.18107847094096,63.80046413745388,64.5146484375,363000,0.0,0.0
2011-04-26 00:00:00+08:00,64.03853883816086,64.2766003208306,62.372108459472656,62.372108459472656,284000,0.0,0.0
2011-04-27 00:00:00+08:00,63.324336916901345,63.324336916901345,61.41984558105469,61.41984558105469,177000,0.0,0.0
2011-04-28 00:00:00+08:00,61.65790557861328,63.08627404761591,61.65790557861328,61.65790557861328,144000,0.0,0.0
2011-04-29 00:00:00+08:00,61.41984416711285,62.3720898131146,61.18178275561241,61.65790557861328,118000,0.0,0.0
2011-05-03 00:00:00+08:00,61.89595967531204,62.13402105867863,60.9437141418457,60.9437141418457,113000,0.0,0.0
2011-05-04 00:00:00+08:00,60.94372746394231,62.372096076378455,60.94372746394231,61.895973205566406,112000,0.0,0.0
2011-05-05 00:00:00+08:00,62.61015468021091,66.18107604980469,62.37209325557133,66.18107604980469,700000,0.0,0.0
2011-05-06 00:00:00+08:00,67.8474946455522,70.70423126220703,67.37137187610973,70.70423126220703,1065000,0.0,0.0
2011-05-09 00:00:00+08:00,70.94229404346363,74.51321488457758,69.27586431761046,70.46617126464844,1002000,0.0,0.0
2011-05-10 00:00:00+08:00,70.46616577148437,73.56096359252929,69.75198165893555,71.41841125488281,410000,0.0,0.0
2011-05-11 00:00:00+08:00,73.79904364324679,76.41771938542651,73.79904364324679,74.75128936767578,778000,0.0,0.0
2011-05-12 00:00:00+08:00,73.79903411865234,75.22740252094884,73.32291131788685,73.79903411865234,485000,0.0,0.0
2011-05-13 00:00:00+08:00,73.79904320622467,74.75128892501466,69.51393747166969,69.75199890136719,656000,0.0,0.0
2011-05-16 00:00:00+08:00,69.75199890136719,73.08485891713218,68.79975318257719,69.75199890136719,653000,0.0,0.0
2011-05-17 00:00:00+08:00,70.22812613125505,70.70424902028051,68.08557313064048,69.0378189086914,414000,0.0,0.0
2011-05-18 00:00:00+08:00,69.51393463652013,70.46618031647246,68.5616889565678,70.22811889648438,208000,0.0,0.0
2011-05-19 00:00:00+08:00,70.22810849276456,72.13259957053445,69.99004710804333,70.70423126220703,369000,0.0,0.0
2011-05-20 00:00:00+08:00,70.46618757576778,71.4184333538187,69.0378189086914,69.0378189086914,135000,0.0,0.0
2011-05-23 00:00:00+08:00,69.03780611099735,73.79903411865234,68.08556050946636,73.79903411865234,749000,0.0,0.0
2011-05-24 00:00:00+08:00,74.98935132923692,75.70353562761062,70.70424553899483,72.13261413574219,613000,0.0,0.0
2011-05-25 00:00:00+08:00,71.41842561609604,74.75128547818053,70.46617994121476,72.84679412841797,680000,0.0,0.0
2011-05-26 00:00:00+08:00,73.79905435941197,76.65579194751824,72.60874703103435,75.46548461914062,1290000,0.0,0.0
2011-05-27 00:00:00+08:00,75.94160755049167,77.13191487886928,74.75130022211405,75.46548461914062,672000,0.0,0.0
2011-05-30 00:00:00+08:00,76.17964812247985,76.17964812247985,73.79903411865234,73.79903411865234,271000,0.0,0.0
2011-05-31 00:00:00+08:00,74.03710032732059,75.94159165406839,74.03710032732059,74.27516174316406,355000,0.0,0.0
2011-06-01 00:00:00+08:00,74.75127972018335,74.9893411205661,73.79903411865234,73.79903411865234,310000,0.0,0.0
2011-06-02 00:00:00+08:00,72.84679464358608,74.7512860068171,72.60873322318221,74.03710174560547,315000,0.0,0.0
2011-06-03 00:00:00+08:00,74.75128651872465,77.84608500516867,73.79904083058804,75.22740936279297,1000000,0.0,0.0
2011-06-07 00:00:00+08:00,74.7512860068171,76.17965452924035,74.03710174560547,74.03710174560547,422000,0.0,0.0
2011-06-08 00:00:00+08:00,75.22740884762484,75.7035316884326,74.03710174560547,74.03710174560547,338000,0.0,0.0
2011-06-09 00:00:00+08:00,74.03710267113857,74.03710267113857,72.13261128409964,72.60873413085938,358000,0.0,0.0
2011-06-10 00:00:00+08:00,72.60873605773718,73.79904320622467,69.03781461227469,69.75199890136719,494000,0.0,0.0
2011-06-13 00:00:00+08:00,68.32362892514183,70.94230459823089,68.32362892514183,69.99005889892578,312000,0.0,0.0
2011-06-14 00:00:00+08:00,70.94229404346363,71.65647821168642,69.99004848583324,70.46617126464844,275000,0.0,0.0
2011-06-15 00:00:00+08:00,71.1803744968615,73.32292757536236,70.70425159052799,72.37068176269531,338000,0.0,0.0
2011-06-16 00:00:00+08:00,71.41842938109532,72.84679796871723,70.94230651855469,70.94230651855469,234000,0.0,0.0
2011-06-17 00:00:00+08:00,71.4184382190443,72.60874552269505,69.03782361174284,69.51394653320312,264000,0.0,0.0
2011-06-20 00:00:00+08:00,70.94231195680823,70.94231195680823,68.56169746161332,68.79975891113281,218000,0.0,0.0
2011-06-21 00:00:00+08:00,69.99006468674231,70.22812613125505,68.08557313064048,69.0378189086914,225000,0.0,0.0
2011-06-22 00:00:00+08:00,69.99004302978516,72.84677947998047,69.75198165893555,71.41841125488281,223000,0.0,0.0
2011-06-23 00:00:00+08:00,71.89454986071978,73.79904124775871,71.89454986071978,72.60873413085938,231000,0.0,0.0
2011-06-24 00:00:00+08:00,72.84679888440417,74.75129035850624,72.1326145816159,73.32292175292969,193000,0.0,0.0
2011-06-27 00:00:00+08:00,73.32292175292969,74.27516748998072,72.84679888440417,73.32292175292969,75000,0.0,0.0
2011-06-28 00:00:00+08:00,73.32292175292969,74.27516748998072,73.32292175292969,73.32292175292969,78000,0.0,0.0
2011-06-29 00:00:00+08:00,74.2751626407399,74.2751626407399,72.60873270969765,72.84679412841797,31000,0.0,0.0
2011-06-30 00:00:00+08:00,72.37067270747951,73.32291840099897,72.37067270747951,72.60873413085938,31000,0.0,0.0
2011-07-01 00:00:00+08:00,73.32291696585861,73.32291696585861,72.60873270969765,72.84679412841797,67000,0.0,0.0
2011-07-04 00:00:00+08:00,73.79903836824995,73.79903836824995,72.84679271188544,73.08485412597656,42000,0.0,0.0
2011-07-05 00:00:00+08:00,72.84679555423924,73.32291840099897,72.13261128409964,72.60873413085938,94000,0.0,0.0
2011-07-06 00:00:00+08:00,72.60872711673859,75.22740252094884,72.60872711673859,73.79903411865234,414000,0.0,0.0
2011-07-07 00:00:00+08:00,74.27515691941784,74.9893411205661,73.5609727182696,73.79903411865234,124000,0.0,0.0
2011-07-08 00:00:00+08:00,73.56098318719245,73.79904462145521,72.84679888440417,73.32292175292969,70000,0.0,0.0
2011-07-11 00:00:00+08:00,72.84678584000598,73.08484723163998,71.41841749020193,71.65647888183594,138000,0.0,0.0
2011-07-12 00:00:00+08:00,70.94231529758402,71.4184382190443,69.51394653320312,69.51394653320312,128000,0.0,0.0
2011-07-13 00:00:00+08:00,69.513932690178,70.22811693014557,67.37137997027526,69.27587127685547,100000,0.0,0.0
2011-07-14 00:00:00+08:00,69.51393699645996,69.9900598526001,67.37138414382935,68.56169128417969,135000,0.0,0.0
2011-07-15 00:00:00+08:00,69.51392570701806,70.46617126464844,69.03780292820286,70.46617126464844,183000,0.0,0.0
2011-07-18 00:00:00+08:00,70.94229404346363,70.94229404346363,69.99004848583324,70.46617126464844,75000,0.0,0.0
2011-07-19 00:00:00+08:00,69.99005747649629,70.46618031647246,69.51393463652013,70.22811889648438,99000,0.0,0.0
2011-07-20 00:00:00+08:00,70.70422714233399,72.13259536743165,70.70422714233399,71.41841125488281,445000,0.0,0.0
2011-07-21 00:00:00+08:00,72.008697087377,73.00192049547874,71.51208538332612,71.76039123535156,420000,6.188591,0.0
2011-07-22 00:00:00+08:00,72.25700378417969,72.50530963910813,71.76039207432278,72.25700378417969,87000,0.0,0.0
2011-07-25 00:00:00+08:00,71.51208580280172,72.25700336324758,71.51208580280172,72.00869750976562,48000,0.0,0.0
2011-07-26 00:00:00+08:00,72.00869666205513,72.00869666205513,71.01547325981988,71.5120849609375,74000,0.0,0.0
2011-07-27 00:00:00+08:00,71.5120849609375,72.25700251261394,71.5120849609375,71.5120849609375,50000,0.0,0.0
2011-07-28 00:00:00+08:00,71.51209415801584,74.49176474793316,70.5188706280434,72.50531768798828,191000,0.0,0.0
2011-07-29 00:00:00+08:00,72.50529877568634,72.50529877568634,70.02224059843681,70.51885223388672,278000,0.0,0.0
2011-08-01 00:00:00+08:00,70.51886113927755,71.51208453560541,70.02224944111363,71.26377868652344,88000,0.0,0.0
2011-08-02 00:00:00+08:00,71.2637629475627,71.51206874180507,70.51884556483556,71.01545715332031,46000,0.0,0.0
2011-08-03 00:00:00+08:00,71.01547758919853,71.01547758919853,69.27733652932304,69.52564239501953,161000,0.0,0.0
2011-08-04 00:00:00+08:00,69.52565398039641,69.52565398039641,67.04259490966797,67.04259490966797,215000,0.0,0.0
2011-08-05 00:00:00+08:00,63.06968307495117,63.06968307495117,62.573071397195655,63.06968307495117,272000,0.0,0.0
2011-08-08 00:00:00+08:00,62.076455256978015,63.8145960041734,59.5933970466989,60.58662033081055,109000,0.0,0.0
2011-08-09 00:00:00+08:00,59.09678565466357,62.821372985839844,57.110339078036226,62.821372985839844,200000,0.0,0.0
2011-08-10 00:00:00+08:00,64.06291239970439,66.54597101984797,63.06968895164696,64.31121826171875,138000,0.0,0.0
2011-08-11 00:00:00+08:00,63.31799521813026,65.30444212693435,62.324771763728215,64.55952453613281,111000,0.0,0.0
2011-08-12 00:00:00+08:00,64.55952286720276,64.80782872438431,62.573076009750366,63.56629943847656,152000,0.0,0.0
2011-08-15 00:00:00+08:00,63.56629943847656,64.06291115283966,62.573076009750366,63.56629943847656,107000,0.0,0.0
2011-08-16 00:00:00+08:00,63.56629442986641,65.8010469684164,63.56629442986641,65.0561294555664,143000,0.0,0.0
2011-08-17 00:00:00+08:00,65.55274799053485,65.55274799053485,64.55952453613281,64.55952453613281,21000,0.0,0.0
2011-08-18 00:00:00+08:00,64.55952453613281,65.30444212693435,64.55952453613281,64.55952453613281,131000,0.0,0.0
2011-08-19 00:00:00+08:00,64.55952286720276,64.55952286720276,62.821381866931915,63.56629943847656,124000,0.0,0.0
2011-08-22 00:00:00+08:00,63.5662904520751,64.31120791831036,61.57984387544776,62.821372985839844,159000,0.0,0.0
2011-08-23 00:00:00+08:00,63.06968813647556,63.814605712890625,62.821382277670544,63.814605712890625,72000,0.0,0.0
2011-08-24 00:00:00+08:00,64.06291239970439,64.31121826171875,62.821383089632604,64.31121826171875,116000,0.0,0.0
2011-08-25 00:00:00+08:00,64.55952286720276,64.55952286720276,63.31799358129501,63.56629943847656,61000,0.0,0.0
2011-08-26 00:00:00+08:00,63.56629518995098,64.55951855229397,63.069683508779484,63.317989349365234,247000,0.0,0.0
2011-08-29 00:00:00+08:00,65.55274113079973,65.55274113079973,64.31121194271641,65.0561294555664,143000,0.0,0.0
2011-08-30 00:00:00+08:00,65.30444212693435,65.55274799053485,64.55952453613281,64.55952453613281,125000,0.0,0.0
2011-08-31 00:00:00+08:00,65.30443529318308,66.5459644812664,64.80782361794974,65.0561294555664,176000,0.0,0.0
2011-09-01 00:00:00+08:00,66.04936297971811,66.79428060730892,65.3044453521273,66.54597473144531,210000,0.0,0.0
2011-09-02 00:00:00+08:00,66.54597473144531,66.79428060730892,65.3044453521273,66.54597473144531,90000,0.0,0.0
2011-09-05 00:00:00+08:00,65.5527388301209,68.53240877694458,65.5527388301209,68.03579711914062,213000,0.0,0.0
2011-09-06 00:00:00+08:00,68.03580998662693,68.03580998662693,66.54597473144531,66.54597473144531,122000,0.0,0.0
2011-09-07 00:00:00+08:00,66.54598309552229,68.03581853795934,66.54598309552229,67.04259490966797,61000,0.0,0.0
2011-09-08 00:00:00+08:00,67.78748273849487,68.28409433364868,67.29087114334106,67.53917694091797,62000,0.0,0.0
2011-09-09 00:00:00+08:00,68.03580432933765,69.0290277502039,67.53919261890454,67.7874984741211,118000,0.0,0.0
2011-09-13 00:00:00+08:00,67.53918737652658,67.53918737652658,64.55951734520923,64.80782318115234,152000,0.0,0.0
2011-09-14 00:00:00+08:00,65.05613626333384,65.80105385413536,63.56630108173077,64.55952453613281,102000,0.0,0.0
2011-09-15 00:00:00+08:00,65.304443359375,66.29766683252139,65.304443359375,65.304443359375,82000,0.0,0.0
2011-09-16 00:00:00+08:00,66.2976700335851,67.2908935546875,65.55275239275831,67.2908935546875,121000,0.0,0.0
2011-09-19 00:00:00+08:00,67.29087505918561,67.29087505918561,65.552734375,65.552734375,92000,0.0,0.0
2011-09-20 00:00:00+08:00,65.30442476272583,67.78748273849487,65.05611896514893,67.53917694091797,87000,0.0,0.0
2011-09-21 00:00:00+08:00,67.53918633944747,69.27732716435972,67.04257467518683,68.53240966796875,152000,0.0,0.0
2011-09-22 00:00:00+08:00,68.28409433364868,68.53240013122559,67.29087114334106,67.53917694091797,102000,0.0,0.0
2011-09-23 00:00:00+08:00,65.55274113079973,65.55274113079973,63.31798859224975,65.0561294555664,142000,0.0,0.0
2011-09-26 00:00:00+08:00,64.55951855229397,65.55274191463694,63.317989349365234,63.317989349365234,208000,0.0,0.0
2011-09-27 00:00:00+08:00,64.5595277245365,67.53919823489973,64.5595277245365,66.54597473144531,220000,0.0,0.0
2011-09-28 00:00:00+08:00,67.0425876744119,69.02903471661669,66.7942817941363,67.2908935546875,129000,0.0,0.0
2011-09-29 00:00:00+08:00,67.04257380353273,68.53240877694458,67.04257380353273,68.03579711914062,90000,0.0,0.0
2011-09-30 00:00:00+08:00,69.02902726798223,72.00869750976562,67.53919214709052,72.00869750976562,502000,0.0,0.0
2011-10-03 00:00:00+08:00,71.0154670659643,71.0154670659643,68.03579711914062,68.03579711914062,240000,0.0,0.0
2011-10-04 00:00:00+08:00,67.04257380353273,68.03579711914062,66.5459621457288,68.03579711914062,261000,0.0,0.0
2011-10-05 00:00:00+08:00,67.5391944679054,67.5391944679054,63.31799481366132,64.31121826171875,632000,0.0,0.0
2011-10-06 00:00:00+08:00,64.31121826171875,65.8010534338049,64.06291239970439,64.31121826171875,267000,0.0,0.0
2011-10-07 00:00:00+08:00,66.04934599905303,66.04934599905303,64.55951112689394,65.552734375,106000,0.0,0.0
2011-10-11 00:00:00+08:00,66.54595762310606,67.0425692471591,64.80781693892045,65.552734375,134000,0.0,0.0
2011-10-12 00:00:00+08:00,65.05612275094697,66.04934599905303,65.05612275094697,65.552734375,44000,0.0,0.0
2011-10-13 00:00:00+08:00,66.29765181107955,66.29765181107955,65.552734375,65.552734375,35000,0.0,0.0
2011-10-14 00:00:00+08:00,65.05613626333384,66.04935971773588,64.55952453613281,64.55952453613281,117000,0.0,0.0
2011-10-17 00:00:00+08:00,65.05613626333384,65.55274799053485,64.3112186725323,64.55952453613281,85000,0.0,0.0
2011-10-18 00:00:00+08:00,63.81460026748307,65.0561294555664,63.06968275463308,65.0561294555664,105000,0.0,0.0
2011-10-19 00:00:00+08:00,65.55274577717205,69.0290277502039,65.55274577717205,67.7874984741211,356000,0.0,0.0
2011-10-20 00:00:00+08:00,67.78748668323863,67.78748668323863,65.05612275094697,65.552734375,150000,0.0,0.0
2011-10-21 00:00:00+08:00,65.304443359375,66.54597270080798,64.5595257545152,65.304443359375,128000,0.0,0.0
2011-10-24 00:00:00+08:00,66.04936297971811,66.54597473144531,65.3044453521273,66.54597473144531,144000,0.0,0.0
2011-10-25 00:00:00+08:00,66.5459759138607,67.5391994349631,66.5459759138607,67.2908935546875,229000,0.0,0.0
2011-10-26 00:00:00+08:00,66.7942817941363,68.0358111955143,66.5459759138607,67.2908935546875,149000,0.0,0.0
2011-10-27 00:00:00+08:00,67.78749930641868,69.2773344560103,67.53919344815341,68.28411102294922,341000,0.0,0.0
2011-10-28 00:00:00+08:00,69.27733360542047,70.02225117107014,67.7874984741211,67.7874984741211,177000,0.0,0.0
2011-10-31 00:00:00+08:00,67.78749260747476,69.52563344356385,67.78749260747476,68.78071594238281,186000,0.0,0.0
2011-11-01 00:00:00+08:00,68.5324101086558,68.78071594238281,68.03579844120176,68.78071594238281,49000,0.0,0.0
2011-11-02 00:00:00+08:00,68.03579844120176,69.02902177610983,68.03579844120176,68.78071594238281,72000,0.0,0.0
2011-11-03 00:00:00+08:00,69.27733360542047,69.27733360542047,67.7874984741211,67.7874984741211,69000,0.0,0.0
2011-11-04 00:00:00+08:00,68.53240877694458,68.78071460584654,67.78749129023865,68.03579711914062,113000,0.0,0.0
2011-11-07 00:00:00+08:00,67.78748273849487,68.03578853607178,67.53917694091797,67.53917694091797,50000,0.0,0.0
2011-11-08 00:00:00+08:00,67.53917694091797,68.03578853607178,67.29087114334106,67.53917694091797,45000,0.0,0.0
2011-11-09 00:00:00+08:00,67.53918677374774,69.77393927729086,67.53918677374774,68.78071594238281,217000,0.0,0.0
2011-11-10 00:00:00+08:00,68.03580720084054,70.27055999210903,67.53919546944755,69.52564239501953,391000,0.0,0.0
2011-11-11 00:00:00+08:00,69.27732269502782,71.2637692239175,68.28409943058297,70.27054595947266,362000,0.0,0.0
2011-11-14 00:00:00+08:00,71.26376669747489,74.98835380709902,71.26376669747489,73.00190734863281,695000,0.0,0.0
2011-11-15 00:00:00+08:00,72.50530836317274,73.49853176540799,71.26377911037869,71.5120849609375,252000,0.0,0.0
2011-11-16 00:00:00+08:00,72.25700543937036,73.74684060306872,71.51208785752118,73.25022888183594,372000,0.0,0.0
2011-11-17 00:00:00+08:00,73.00191585437672,73.74683336309484,71.26377500070107,73.49852752685547,320000,0.0,0.0
2011-11-18 00:00:00+08:00,72.25700251261394,73.00192006429036,71.01547325981988,71.5120849609375,143000,0.0,0.0
2011-11-21 00:00:00+08:00,71.51208847375224,71.51208847375224,68.78072398343532,69.0290298461914,224000,0.0,0.0
2011-11-22 00:00:00+08:00,69.02903066362653,69.77394826071603,68.53241893223354,69.52564239501953,198000,0.0,0.0
2011-11-23 00:00:00+08:00,69.02902133222939,69.77393882862036,68.28410383583844,68.53240966796875,100000,0.0,0.0
2011-11-24 00:00:00+08:00,69.02902043474852,69.02902043474852,67.53918546133669,68.03579711914062,213000,0.0,0.0
2011-11-25 00:00:00+08:00,68.5324101086558,69.02902177610983,67.78749260747476,68.78071594238281,170000,0.0,0.0
2011-11-28 00:00:00+08:00,70.27055529019559,72.00869623376933,69.77394359203166,71.26377868652344,262000,0.0,0.0
2011-11-29 00:00:00+08:00,72.75361421373155,72.75361421373155,71.01547325981988,71.5120849609375,123000,0.0,0.0
2011-11-30 00:00:00+08:00,72.00870313142475,72.25700900429173,70.51886789422286,70.76717376708984,163000,0.0,0.0
2011-12-01 00:00:00+08:00,72.00870313142475,73.00192662289268,70.76717376708984,70.76717376708984,240000,0.0,0.0
2011-12-02 00:00:00+08:00,71.5120913856908,71.5120913856908,70.51886789422286,70.76717376708984,102000,0.0,0.0
2011-12-05 00:00:00+08:00,71.01546294300269,71.01546294300269,69.77393387057256,70.0222396850586,88000,0.0,0.0
2011-12-06 00:00:00+08:00,70.02225329721574,70.51886502272791,68.53241812067924,69.0290298461914,90000,0.0,0.0
2011-12-07 00:00:00+08:00,69.27733570894749,69.52564157170357,68.78072398343532,69.0290298461914,54000,0.0,0.0
2011-12-08 00:00:00+08:00,69.02901597209672,69.77393341064453,68.53240434639818,69.77393341064453,97000,0.0,0.0
2011-12-09 00:00:00+08:00,69.0290164271145,70.51885131403064,68.53240479814245,70.0222396850586,54000,0.0,0.0
2011-12-12 00:00:00+08:00,70.51885177558387,71.76038085613992,70.27054595947266,70.27054595947266,231000,0.0,0.0
2011-12-13 00:00:00+08:00,70.02224600186912,70.51885767564124,69.27732849121094,69.27732849121094,104000,0.0,0.0
2011-12-14 00:00:00+08:00,70.0222396850586,70.27054549954461,69.27732224160052,70.0222396850586,80000,0.0,0.0
2011-12-15 00:00:00+08:00,69.525634328097,69.77394016498306,69.27732849121094,69.27732849121094,81000,0.0,0.0
2011-12-16 00:00:00+08:00,69.77394016498306,70.02224600186912,69.02902265432488,69.27732849121094,90000,0.0,0.0
2011-12-19 00:00:00+08:00,69.27733570894749,69.52564157170357,68.53241812067924,69.0290298461914,84000,0.0,0.0
2011-12-20 00:00:00+08:00,69.0290298461914,69.0290298461914,68.03580639516707,69.0290298461914,76000,0.0,0.0
2011-12-21 00:00:00+08:00,69.52562896298691,71.26376968706158,69.52562896298691,70.51885223388672,132000,0.0,0.0
2011-12-22 00:00:00+08:00,70.02224466075069,70.02224466075069,68.53240966796875,68.53240966796875,116000,0.0,0.0
2011-12-23 00:00:00+08:00,69.0290298461914,69.52564157170357,68.53241812067924,69.0290298461914,114000,0.0,0.0
2011-12-26 00:00:00+08:00,69.27732716435972,69.27732716435972,68.28410383583844,68.53240966796875,55000,0.0,0.0
2011-12-27 00:00:00+08:00,69.0290298461914,69.27733570894749,68.28411225792316,69.0290298461914,60000,0.0,0.0
2011-12-28 00:00:00+08:00,69.0290298461914,69.52564157170357,69.0290298461914,69.0290298461914,87000,0.0,0.0
2011-12-29 00:00:00+08:00,69.02902177610983,69.27732760983685,68.78071594238281,68.78071594238281,23000,0.0,0.0
2011-12-30 00:00:00+08:00,69.52564239501953,69.52564239501953,68.53241893223354,69.52564239501953,60000,0.0,0.0
2012-01-02 00:00:00+08:00,69.0290277502039,69.0290277502039,67.7874984741211,67.7874984741211,117000,0.0,0.0
2012-01-03 00:00:00+08:00,67.7875053152387,67.7875053152387,67.0425876744119,67.2908935546875,123000,0.0,0.0
2012-01-04 00:00:00+08:00,67.29087114334106,68.53240013122559,67.29087114334106,67.53917694091797,68000,0.0,0.0
2012-01-05 00:00:00+08:00,67.53920672381366,67.53920672381366,66.54598309552229,67.04259490966797,89000,0.0,0.0
2012-01-06 00:00:00+08:00,67.04258648317251,67.04258648317251,66.54597473144531,66.54597473144531,49000,0.0,0.0
2012-01-09 00:00:00+08:00,66.54596624159275,66.54596624159275,66.04935455322266,66.04935455322266,53000,0.0,0.0
2012-01-10 00:00:00+08:00,65.80105590820312,67.04258526496167,65.5527500368514,65.80105590820312,90000,0.0,0.0
2012-01-11 00:00:00+08:00,66.04936297971811,66.54597473144531,66.04936297971811,66.54597473144531,60000,0.0,0.0
2012-01-12 00:00:00+08:00,66.04935455322266,66.29766039740771,65.55274286485256,66.04935455322266,50000,0.0,0.0
2012-01-13 00:00:00+08:00,66.04934599905303,66.29765181107955,65.552734375,65.552734375,65000,0.0,0.0
2012-01-16 00:00:00+08:00,66.04935829856178,68.28411102294922,66.04935829856178,68.28411102294922,197000,0.0,0.0
2012-01-17 00:00:00+08:00,68.78072479793003,69.52564239501953,68.03580720084054,69.52564239501953,232000,0.0,0.0
2012-01-18 00:00:00+08:00,69.27733570894749,69.52564157170357,68.03580639516707,69.0290298461914,146000,0.0,0.0
2012-01-30 00:00:00+08:00,70.0222392234938,70.51885084919233,68.53240434639818,69.77393341064453,306000,0.0,0.0
2012-01-31 00:00:00+08:00,69.0290164271145,70.51885131403064,69.0290164271145,70.0222396850586,151000,0.0,0.0
2012-02-01 00:00:00+08:00,70.02224059843681,72.00868714023645,70.02224059843681,70.51885223388672,135000,0.0,0.0
2012-02-02 00:00:00+08:00,70.51885131403064,72.00868620094678,70.0222396850586,70.0222396850586,224000,0.0,0.0
2012-02-03 00:00:00+08:00,70.51886197522437,71.76039123535156,69.77394441914805,71.76039123535156,105000,0.0,0.0
2012-02-06 00:00:00+08:00,72.00869750976562,73.00192092369343,71.76039165628367,72.00869750976562,110000,0.0,0.0
2012-02-07 00:00:00+08:00,71.51208453560541,72.2570020828513,71.26377868652344,71.26377868652344,99000,0.0,0.0
2012-02-08 00:00:00+08:00,71.26377994931978,72.50530921672953,71.26377994931978,72.00869750976562,93000,0.0,0.0
2012-02-09 00:00:00+08:00,72.00869792925123,72.25700378417969,72.00869792925123,72.25700378417969,53000,0.0,0.0
2012-02-10 00:00:00+08:00,73.25021315594108,74.74004799979073,71.76037831209143,73.00190734863281,247000,0.0,0.0
2012-02-13 00:00:00+08:00,73.49854121796072,73.99515298294695,72.50531768798828,72.50531768798828,117000,0.0,0.0
2012-02-14 00:00:00+08:00,72.50530963910813,72.7536154940366,70.76716865460897,72.25700378417969,126000,0.0,0.0
2012-02-15 00:00:00+08:00,72.25700461742414,73.25022804859148,72.00869875963231,72.75361633300781,112000,0.0,0.0
2012-02-16 00:00:00+08:00,72.50530836317274,73.25022591484918,71.5120849609375,71.5120849609375,115000,0.0,0.0
2012-02-17 00:00:00+08:00,71.51208580280172,72.25700336324758,71.26377994931978,72.00869750976562,130000,0.0,0.0
2012-02-20 00:00:00+08:00,73.00191585437672,73.49852752685547,73.00191585437672,73.49852752685547,77000,0.0,0.0
2012-02-21 00:00:00+08:00,73.4985283973233,74.98836343240419,73.4985283973233,73.9951400756836,251000,0.0,0.0
2012-02-22 00:00:00+08:00,73.99513919933422,74.49175087181297,72.75361001813734,73.49852752685547,139000,0.0,0.0
2012-02-23 00:00:00+08:00,73.00190734863281,73.99513057786591,72.75360154132454,73.00190734863281,123000,0.0,0.0
2012-02-24 00:00:00+08:00,73.00192134896504,73.00192134896504,72.00869792925123,72.25700378417969,74000,0.0,0.0
2012-02-29 00:00:00+08:00,72.75361001813734,74.2434450355736,72.50530418189796,73.49852752685547,154000,0.0,0.0
2012-03-01 00:00:00+08:00,73.99514221594278,75.48497729411613,73.2502246768561,75.2366714477539,231000,0.0,0.0
2012-03-02 00:00:00+08:00,76.47819756172798,76.47819756172798,73.49852752685547,73.49852752685547,270000,0.0,0.0
2012-03-05 00:00:00+08:00,73.49853305882195,74.2434506236073,72.25700378417969,72.25700378417969,138000,0.0,0.0
2012-03-06 00:00:00+08:00,72.25701180549517,72.7536235704814,71.76040004050896,72.50531768798828,126000,0.0,0.0
2012-03-07 00:00:00+08:00,72.50529573401626,73.00190734863281,72.00868411939972,73.00190734863281,65000,0.0,0.0
2012-03-08 00:00:00+08:00,72.75361001813734,73.99513919933422,72.50530418189796,73.49852752685547,109000,0.0,0.0
2012-03-09 00:00:00+08:00,74.2434450355736,74.2434450355736,72.50530418189796,73.49852752685547,110000,0.0,0.0
2012-03-12 00:00:00+08:00,73.00192219079965,73.00192219079965,72.00869875963231,72.75361633300781,200000,0.0,0.0
2012-03-13 00:00:00+08:00,72.50530921672953,72.50530921672953,71.51208580280172,72.00869750976562,148000,0.0,0.0
2012-03-14 00:00:00+08:00,72.75361633300781,73.00192219079965,71.76039290184048,72.75361633300781,117000,0.0,0.0
2012-03-15 00:00:00+08:00,73.00192945297451,73.00192945297451,71.76040004050896,72.50531768798828,111000,0.0,0.0
2012-03-16 00:00:00+08:00,72.75361001813734,74.98836254429173,72.75361001813734,73.49852752685547,171000,0.0,0.0
2012-03-19 00:00:00+08:00,73.49853638103575,74.98837157794863,73.2502305148836,74.24345397949219,171000,0.0,0.0
2012-03-20 00:00:00+08:00,74.49174856210684,78.21633599021219,74.49174856210684,76.47819519042969,517000,0.0,0.0
2012-03-21 00:00:00+08:00,76.47820802398076,76.72651389418849,74.98837280273438,74.98837280273438,162000,0.0,0.0
2012-03-22 00:00:00+08:00,74.74005846659342,75.73328183492025,74.49175262451172,74.49175262451172,84000,0.0,0.0
2012-03-23 00:00:00+08:00,74.98835708770245,74.98835708770245,73.99513381501765,74.74005126953125,45000,0.0,0.0
2012-03-26 00:00:00+08:00,74.74005715212839,74.74005715212839,73.74683380126953,73.74683380126953,79000,0.0,0.0
2012-03-27 00:00:00+08:00,74.49175175404389,74.49175175404389,73.25022255814315,73.9951400756836,110000,0.0,0.0
2012-03-28 00:00:00+08:00,74.49174545136005,74.74005126953125,73.99513381501765,74.74005126953125,106000,0.0,0.0
2012-03-29 00:00:00+08:00,74.24345886544006,74.24345886544006,72.25701180549517,72.50531768798828,217000,0.0,0.0
2012-03-30 00:00:00+08:00,72.25699834565859,73.99513919933422,72.25699834565859,73.49852752685547,113000,0.0,0.0
2012-04-02 00:00:00+08:00,73.00191585437672,73.99513919933422,73.00191585437672,73.49852752685547,46000,0.0,0.0
2012-04-03 00:00:00+08:00,73.49854121796072,74.24345886544006,72.50531768798828,72.50531768798828,120000,0.0,0.0
2012-04-05 00:00:00+08:00,72.00869792925123,72.25700378417969,70.27055694475206,72.25700378417969,156000,0.0,0.0
2012-04-06 00:00:00+08:00,72.50530418189796,73.99513919933422,72.50530418189796,73.49852752685547,58000,0.0,0.0
2012-04-09 00:00:00+08:00,72.50530418189796,73.99513919933422,72.25699834565859,73.49852752685547,85000,0.0,0.0
2012-04-10 00:00:00+08:00,73.74684224718789,74.49175984564434,73.49853638103575,74.24345397949219,44000,0.0,0.0
2012-04-11 00:00:00+08:00,73.4985283973233,74.24344591486374,73.4985283973233,73.9951400756836,30000,0.0,0.0
2012-04-12 00:00:00+08:00,74.24344547669895,74.49175131441368,73.49852796355482,73.74683380126953,48000,0.0,0.0
2012-04-13 00:00:00+08:00,73.9951400756836,74.98836343240419,73.9951400756836,73.9951400756836,99000,0.0,0.0
2012-04-16 00:00:00+08:00,74.24344591486374,74.24344591486374,73.001916718963,73.9951400756836,53000,0.0,0.0
2012-04-17 00:00:00+08:00,73.9951400756836,73.9951400756836,73.4985283973233,73.9951400756836,26000,0.0,0.0
2012-04-18 00:00:00+08:00,73.99514646368512,73.99514646368512,73.25022888183594,73.25022888183594,32000,0.0,0.0
2012-04-19 00:00:00+08:00,73.00192219079965,73.49853390638332,72.50531047521598,72.75361633300781,29000,0.0,0.0
2012-04-20 00:00:00+08:00,72.7536154940366,73.00192134896504,72.00869792925123,72.25700378417969,33000,0.0,0.0
2012-04-23 00:00:00+08:00,71.76039038468737,72.00869623376933,71.01547283744148,71.26377868652344,67000,0.0,0.0
2012-04-24 00:00:00+08:00,71.01547450953743,72.7536154940366,71.01547450953743,72.25700378417969,49000,0.0,0.0
2012-04-25 00:00:00+08:00,72.75360154132454,73.00190734863281,72.50529573401626,73.00190734863281,9000,0.0,0.0
2012-04-26 00:00:00+08:00,72.75361507021148,72.75361507021148,72.00869750976562,72.00869750976562,2000,0.0,0.0
2012-04-27 00:00:00+08:00,72.00869750976562,72.75361507021148,72.00869750976562,72.00869750976562,20000,0.0,0.0
2012-04-30 00:00:00+08:00,72.50531768798828,72.50531768798828,71.26378827552273,72.50531768798828,12000,0.0,0.0
2012-05-02 00:00:00+08:00,72.50531047521598,73.49853390638332,72.50531047521598,72.75361633300781,47000,0.0,0.0
2012-05-03 00:00:00+08:00,72.75361001813734,73.74683336309484,72.75361001813734,73.49852752685547,47000,0.0,0.0
2012-05-04 00:00:00+08:00,73.00192464873145,74.24345397949219,73.00192464873145,74.24345397949219,77000,0.0,0.0
2012-05-07 00:00:00+08:00,73.25022255814315,74.24344591486374,73.25022255814315,73.9951400756836,52000,0.0,0.0
2012-05-08 00:00:00+08:00,73.99513919933422,73.99513919933422,73.25022169061609,73.49852752685547,22000,0.0,0.0
2012-05-09 00:00:00+08:00,73.49851896324937,73.49851896324937,72.50529573401626,73.00190734863281,37000,0.0,0.0
2012-05-10 00:00:00+08:00,73.00192945297451,73.00192945297451,72.50531768798828,72.50531768798828,28000,0.0,0.0
2012-05-11 00:00:00+08:00,72.2569861245322,72.50529191877459,71.01545715332031,71.01545715332031,93000,0.0,0.0
2012-05-14 00:00:00+08:00,71.01545715332031,71.2637629475627,70.76715135907794,71.01545715332031,34000,0.0,0.0
2012-05-15 00:00:00+08:00,71.01545715332031,71.01545715332031,70.51884556483556,71.01545715332031,68000,0.0,0.0
2012-05-16 00:00:00+08:00,71.26377868652344,71.51208453560541,70.76716698835952,71.26377868652344,44000,0.0,0.0
2012-05-17 00:00:00+08:00,71.76040004050896,72.50531768798828,71.01548239302961,72.50531768798828,61000,0.0,0.0
2012-05-18 00:00:00+08:00,71.01545715332031,71.51206874180507,71.01545715332031,71.01545715332031,54000,0.0,0.0
2012-05-21 00:00:00+08:00,71.01545715332031,71.2637629475627,71.01545715332031,71.01545715332031,21000,0.0,0.0
2012-05-22 00:00:00+08:00,71.2637811862568,73.00192219079965,71.2637811862568,72.75361633300781,91000,0.0,0.0
2012-05-23 00:00:00+08:00,72.2569861245322,72.2569861245322,71.01545715332031,71.01545715332031,50000,0.0,0.0
2012-05-24 00:00:00+08:00,71.5120849609375,71.5120849609375,70.76716740926106,71.5120849609375,53000,0.0,0.0
2012-05-25 00:00:00+08:00,71.26378551282382,71.26378551282382,70.76717376708984,70.76717376708984,30000,0.0,0.0
2012-05-28 00:00:00+08:00,70.76716698835952,71.26377868652344,70.51886113927755,71.26377868652344,33000,0.0,0.0
2012-05-29 00:00:00+08:00,71.5120849609375,72.00869666205513,71.26377911037869,71.5120849609375,52000,0.0,0.0
2012-05-30 00:00:00+08:00,71.76037453604745,71.76037453604745,71.01545715332031,71.01545715332031,13000,0.0,0.0
2012-05-31 00:00:00+08:00,71.01547325981988,72.25700251261394,71.01547325981988,71.5120849609375,30000,0.0,0.0
2012-06-01 00:00:00+08:00,71.01545715332031,71.2637629475627,71.01545715332031,71.01545715332031,33000,0.0,0.0
2012-06-04 00:00:00+08:00,70.51885677847191,70.51885677847191,68.78071594238281,68.78071594238281,79000,0.0,0.0
2012-06-05 00:00:00+08:00,69.52564157170357,70.02225329721574,68.78072398343532,69.0290298461914,43000,0.0,0.0
2012-06-06 00:00:00+08:00,69.27733652932304,69.52564239501953,69.02903066362653,69.52564239501953,25000,0.0,0.0
2012-06-07 00:00:00+08:00,70.51886789422286,70.76717376708984,69.52564440275493,70.76717376708984,38000,0.0,0.0
2012-06-08 00:00:00+08:00,70.02224985758464,71.5120849609375,70.02224985758464,71.5120849609375,33000,0.0,0.0
2012-06-11 00:00:00+08:00,71.01547758919853,71.01547758919853,69.52564239501953,69.52564239501953,50000,0.0,0.0
2012-06-12 00:00:00+08:00,70.02224059843681,70.76715805161167,70.02224059843681,70.51885223388672,52000,0.0,0.0
2012-06-13 00:00:00+08:00,69.77394826071603,70.02225412641252,69.02903066362653,69.52564239501953,147000,0.0,0.0
2012-06-14 00:00:00+08:00,69.52564239501953,69.77394826071603,69.27733652932304,69.52564239501953,57000,0.0,0.0
2012-06-15 00:00:00+08:00,69.77393478071187,70.51885223388672,69.52562896298691,70.51885223388672,82000,0.0,0.0
2012-06-18 00:00:00+08:00,69.77393478071187,71.01546386933663,69.77393478071187,70.51885223388672,18000,0.0,0.0
2012-06-19 00:00:00+08:00,70.02224059843681,70.51885223388672,70.02224059843681,70.51885223388672,53000,0.0,0.0
2012-06-20 00:00:00+08:00,70.51885131403064,70.51885131403064,70.0222396850586,70.0222396850586,18000,0.0,0.0
2012-06-21 00:00:00+08:00,70.51885177558387,70.76715759169508,70.27054595947266,70.27054595947266,58000,0.0,0.0
2012-06-22 00:00:00+08:00,69.77393387057256,70.27054549954461,69.77393387057256,70.0222396850586,26000,0.0,0.0
2012-06-25 00:00:00+08:00,70.51886238887393,72.50530921672953,70.51886238887393,72.00869750976562,87000,0.0,0.0
2012-06-26 00:00:00+08:00,72.00868033028983,72.00868033028983,71.01545715332031,71.01545715332031,4000,0.0,0.0
2012-06-27 00:00:00+08:00,71.01547325981988,71.76039081149631,70.51886155870226,71.5120849609375,47000,0.0,0.0
2012-06-28 00:00:00+08:00,71.01547409583783,72.00869750976562,71.01547409583783,72.00869750976562,99000,0.0,0.0
2012-06-29 00:00:00+08:00,71.76039081149631,72.00869666205513,71.01547325981988,71.5120849609375,10000,0.0,0.0
2012-07-02 00:00:00+08:00,72.00869666205513,72.00869666205513,71.01547325981988,71.5120849609375,32000,0.0,0.0
2012-07-03 00:00:00+08:00,71.5120849609375,72.00869666205513,71.5120849609375,71.5120849609375,29000,0.0,0.0
2012-07-04 00:00:00+08:00,71.51206874180507,72.00868033028983,71.01545715332031,71.01545715332031,28000,0.0,0.0
2012-07-05 00:00:00+08:00,71.01546089016661,73.00190734863281,71.01546089016661,73.00190734863281,59000,0.0,0.0
2012-07-06 00:00:00+08:00,71.51208621939433,72.50530963910813,71.51208621939433,72.25700378417969,76000,0.0,0.0
2012-07-09 00:00:00+08:00,72.25700251261394,72.25700251261394,71.01547325981988,71.5120849609375,42000,0.0,0.0
2012-07-10 00:00:00+08:00,72.00869666205513,72.00869666205513,71.5120849609375,71.5120849609375,23000,0.0,0.0
2012-07-11 00:00:00+08:00,71.5120849609375,71.76039081149631,71.5120849609375,71.5120849609375,18000,0.0,0.0
2012-07-12 00:00:00+08:00,71.5120849609375,71.5120849609375,71.5120849609375,71.5120849609375,17000,0.0,0.0
2012-07-13 00:00:00+08:00,71.01547325981988,72.00869666205513,70.76716740926106,71.5120849609375,98000,0.0,0.0
2012-07-16 00:00:00+08:00,71.76039081149631,72.25700251261394,71.5120849609375,71.5120849609375,19000,0.0,0.0
2012-07-17 00:00:00+08:00,71.5120849609375,72.00869666205513,71.5120849609375,71.5120849609375,38000,0.0,0.0
2012-07-18 00:00:00+08:00,71.5120849609375,71.5120849609375,71.5120849609375,71.5120849609375,18000,0.0,0.0
2012-07-19 00:00:00+08:00,71.5120849609375,72.25700251261394,71.5120849609375,71.5120849609375,59000,0.0,0.0
2012-07-20 00:00:00+08:00,71.5120849609375,72.00869666205513,71.01547325981988,71.5120849609375,148000,0.0,0.0
2012-07-23 00:00:00+08:00,71.5120849609375,72.00869666205513,71.5120849609375,71.5120849609375,64000,0.0,0.0
2012-07-24 00:00:00+08:00,71.26377868652344,72.00869623376933,71.26377868652344,71.26377868652344,96000,0.0,0.0
2012-07-25 00:00:00+08:00,71.2637629475627,71.76037453604745,70.51884556483556,71.01545715332031,188000,0.0,0.0
2012-07-26 00:00:00+08:00,70.61310517832248,71.1400686498025,69.55917823536245,70.8765869140625,116000,8.236445,0.0
2012-07-27 00:00:00+08:00,71.40353934548119,72.72094782049007,71.40353934548119,72.45746612548828,79000,0.0,0.0
2012-07-30 00:00:00+08:00,72.45747552198522,73.24792070949778,71.66703033447266,71.66703033447266,59000,0.0,0.0
2012-07-31 00:00:00+08:00,71.66702801248302,72.72095489501953,71.66702801248302,72.72095489501953,20000,0.0,0.0
2012-08-01 00:00:00+08:00,72.7209637495723,72.7209637495723,71.93051849142478,72.19400024414062,18000,0.0,0.0
2012-08-02 00:00:00+08:00,72.19400024414062,72.19400024414062,72.19400024414062,72.19400024414062,0,0.0,0.0
2012-08-03 00:00:00+08:00,72.19400024414062,72.19400024414062,71.66703673870893,72.19400024414062,19000,0.0,0.0
2012-08-06 00:00:00+08:00,72.72095665564903,72.72095665564903,71.93051147460938,71.93051147460938,15000,0.0,0.0
2012-08-07 00:00:00+08:00,72.19400024414062,72.19400024414062,71.66703673870893,72.19400024414062,10000,0.0,0.0
2012-08-08 00:00:00+08:00,72.19400024414062,72.19400024414062,72.19400024414062,72.19400024414062,9000,0.0,0.0
2012-08-09 00:00:00+08:00,72.19399087954085,73.24791775369472,72.19399087954085,72.98443603515625,45000,0.0,0.0
2012-08-10 00:00:00+08:00,72.98445066273642,73.51141420542766,72.98445066273642,73.24793243408203,11000,0.0,0.0
2012-08-13 00:00:00+08:00,73.24791121049361,73.24791121049361,72.4574661254883,72.45746612548828,21000,0.0,0.0
2012-08-14 00:00:00+08:00,72.19398443048651,73.24791121049361,72.19398443048651,72.45746612548828,15000,0.0,0.0
2012-08-15 00:00:00+08:00,72.4574661254883,72.98442951549184,72.4574661254883,72.45746612548828,13000,0.0,0.0
2012-08-16 00:00:00+08:00,72.19398443048651,72.72094782049007,72.19398443048651,72.45746612548828,11000,0.0,0.0
2012-08-17 00:00:00+08:00,72.4574731743854,72.98443661565366,72.4574731743854,72.72095489501953,12000,0.0,0.0
2012-08-20 00:00:00+08:00,72.7209637495723,72.98444550228814,72.19400024414062,72.19400024414062,8000,0.0,0.0
2012-08-21 00:00:00+08:00,72.72094782049007,72.98442951549184,72.4574661254883,72.45746612548828,11000,0.0,0.0
2012-08-22 00:00:00+08:00,72.19399145375127,72.72095489501953,72.19399145375127,72.72095489501953,7000,0.0,0.0
2012-08-23 00:00:00+08:00,72.7209637495723,72.7209637495723,72.19400024414062,72.19400024414062,16000,0.0,0.0
2012-08-24 00:00:00+08:00,71.93050973311715,72.72095489501953,71.93050973311715,72.72095489501953,93000,0.0,0.0
2012-08-27 00:00:00+08:00,72.45748199685646,72.45748199685646,72.19400024414062,72.19400024414062,11000,0.0,0.0
2012-08-28 00:00:00+08:00,72.19400024414062,72.45748199685646,71.93051849142478,72.19400024414062,12000,0.0,0.0
2012-08-29 00:00:00+08:00,71.9305120636435,71.9305120636435,71.4035486053018,71.66703033447266,44000,0.0,0.0
2012-08-30 00:00:00+08:00,72.19400024414062,72.19400024414062,71.4035549859931,72.19400024414062,23000,0.0,0.0
2012-08-31 00:00:00+08:00,72.19399379281435,72.45747552198522,71.66703033447266,71.66703033447266,21000,0.0,0.0
2012-09-03 00:00:00+08:00,71.66702104048296,72.4574661254883,71.66702104048296,72.45746612548828,33000,0.0,0.0
2012-09-04 00:00:00+08:00,72.19398443048651,72.98442951549184,72.19398443048651,72.45746612548828,72000,0.0,0.0
2012-09-05 00:00:00+08:00,72.4574661254883,72.4574661254883,71.66702104048296,72.45746612548828,31000,0.0,0.0
2012-09-06 00:00:00+08:00,72.19399145375127,72.98443661565366,72.19399145375127,72.72095489501953,52000,0.0,0.0
2012-09-07 00:00:00+08:00,72.72095489501953,72.98443661565366,72.72095489501953,72.72095489501953,25000,0.0,0.0
2012-09-10 00:00:00+08:00,72.7209688913908,73.24793243408203,72.7209688913908,73.24793243408203,15000,0.0,0.0
2012-09-11 00:00:00+08:00,73.77489597677328,73.77489597677328,73.24793243408203,73.24793243408203,155000,0.0,0.0
2012-09-12 00:00:00+08:00,73.51140475018593,74.30184996255352,73.51140475018593,74.03836822509766,47000,0.0,0.0
2012-09-13 00:00:00+08:00,74.30184173583984,74.30184173583984,73.7748783192736,74.30184173583984,38000,0.0,0.0
2012-09-14 00:00:00+08:00,74.82880515240608,74.82880515240608,74.03836002755672,74.30184173583984,46000,0.0,0.0
2012-09-17 00:00:00+08:00,74.30185056413923,74.30185056413923,73.24792360578265,73.77488708496094,25000,0.0,0.0
2012-09-18 00:00:00+08:00,73.7748783192736,74.82880515240608,73.7748783192736,74.30184173583984,52000,0.0,0.0
2012-09-19 00:00:00+08:00,73.77488002982192,73.77488002982192,73.24791660103747,73.51139831542969,11000,0.0,0.0
2012-09-20 00:00:00+08:00,73.51139831542969,73.77488002982192,73.51139831542969,73.51139831542969,11000,0.0,0.0
2012-09-21 00:00:00+08:00,73.51141420542766,73.51141420542766,72.98445066273642,73.24793243408203,18000,0.0,0.0
2012-09-24 00:00:00+08:00,73.77488002982192,73.77488002982192,73.51139831542969,73.51139831542969,9000,0.0,0.0
2012-09-25 00:00:00+08:00,73.24791121049361,73.24791121049361,72.4574661254883,72.45746612548828,47000,0.0,0.0
2012-09-26 00:00:00+08:00,73.24791121049361,73.24791121049361,72.4574661254883,72.45746612548828,7000,0.0,0.0
2012-09-27 00:00:00+08:00,72.72095317225303,74.30184345860636,72.72095317225303,73.51139831542969,72000,0.0,0.0
2012-09-28 00:00:00+08:00,72.72096012660435,73.77488708496094,72.72096012660435,73.77488708496094,7000,0.0,0.0
2012-10-01 00:00:00+08:00,73.77488708496094,73.77488708496094,73.5114053453718,73.77488708496094,14000,0.0,0.0
2012-10-02 00:00:00+08:00,73.51139831542969,73.77488002982192,73.24791660103747,73.51139831542969,20000,0.0,0.0
2012-10-03 00:00:00+08:00,73.24792360578265,73.77488708496094,73.24792360578265,73.77488708496094,9000,0.0,0.0
2012-10-04 00:00:00+08:00,73.77488708496094,74.30185056413923,73.77488708496094,73.77488708496094,22000,0.0,0.0
2012-10-05 00:00:00+08:00,73.77488708496094,74.30185056413923,73.77488708496094,73.77488708496094,64000,0.0,0.0
2012-10-08 00:00:00+08:00,73.7748847209232,74.82881164550781,73.24792125863088,74.82881164550781,59000,0.0,0.0
2012-10-09 00:00:00+08:00,73.24792933379803,74.56533813476562,73.24792933379803,74.56533813476562,29000,0.0,0.0
2012-10-11 00:00:00+08:00,74.82880515240608,74.82880515240608,73.7748783192736,74.30184173583984,49000,0.0,0.0
2012-10-12 00:00:00+08:00,74.30184173583984,74.56532344412297,74.30184173583984,74.30184173583984,23000,0.0,0.0
2012-10-15 00:00:00+08:00,74.30185056413923,74.30185056413923,73.5114053453718,73.77488708496094,12000,0.0,0.0
2012-10-16 00:00:00+08:00,73.77488708496094,73.77488708496094,73.5114053453718,73.77488708496094,14000,0.0,0.0
2012-10-17 00:00:00+08:00,74.03836882455009,74.03836882455009,73.77488708496094,73.77488708496094,5000,0.0,0.0
2012-10-18 00:00:00+08:00,73.5114053453718,73.77488708496094,73.5114053453718,73.77488708496094,4000,0.0,0.0
2012-10-19 00:00:00+08:00,73.77488002982192,73.77488002982192,73.51139831542969,73.51139831542969,17000,0.0,0.0
2012-10-22 00:00:00+08:00,73.24791660103747,73.51139831542969,72.98443488664525,73.51139831542969,28000,0.0,0.0
2012-10-23 00:00:00+08:00,73.24791660103747,73.77488002982192,72.98443488664525,73.51139831542969,8000,0.0,0.0
2012-10-24 00:00:00+08:00,73.51139831542969,73.51139831542969,72.98443488664525,73.51139831542969,22000,0.0,0.0
2012-10-25 00:00:00+08:00,73.51139831542969,73.77488002982192,73.24791660103747,73.51139831542969,28000,0.0,0.0
2012-10-26 00:00:00+08:00,73.24791833628778,73.51140005692191,72.72095489501953,72.72095489501953,24000,0.0,0.0
2012-10-29 00:00:00+08:00,72.72094782049007,72.72094782049007,72.19398443048651,72.45746612548828,10000,0.0,0.0
2012-10-30 00:00:00+08:00,72.98445066273642,74.30185951946451,72.98445066273642,73.24793243408203,43000,0.0,0.0
2012-10-31 00:00:00+08:00,73.77488708496094,73.77488708496094,73.5114053453718,73.77488708496094,17000,0.0,0.0
2012-11-01 00:00:00+08:00,73.77489597677328,74.03837774811889,72.98445066273642,73.24793243408203,9000,0.0,0.0
2012-11-02 00:00:00+08:00,73.77488708496094,73.77488708496094,73.24792360578265,73.77488708496094,19000,0.0,0.0
2012-11-05 00:00:00+08:00,73.7748864876418,74.30184996255352,73.7748864876418,74.03836822509766,15000,0.0,0.0
2012-11-06 00:00:00+08:00,73.77488708496094,74.03836882455009,73.77488708496094,73.77488708496094,18000,0.0,0.0
2012-11-07 00:00:00+08:00,73.7748847209232,75.61925683894627,73.7748847209232,74.82881164550781,135000,0.0,0.0
2012-11-08 00:00:00+08:00,74.03837461437858,74.56533813476562,74.03837461437858,74.56533813476562,21000,0.0,0.0
2012-11-09 00:00:00+08:00,74.30184173583984,74.82880515240608,73.7748783192736,74.30184173583984,32000,0.0,0.0
2012-11-12 00:00:00+08:00,73.77488708496094,74.03836882455009,73.5114053453718,73.77488708496094,31000,0.0,0.0
2012-11-13 00:00:00+08:00,73.77488002982192,74.03836174421413,73.51139831542969,73.51139831542969,21000,0.0,0.0
2012-11-14 00:00:00+08:00,73.7748783192736,74.30184173583984,73.51139661099049,74.30184173583984,21000,0.0,0.0
2012-11-15 00:00:00+08:00,74.03836002755672,74.56532344412297,74.03836002755672,74.30184173583984,25000,0.0,0.0
2012-11-16 00:00:00+08:00,74.30184996255352,74.30184996255352,74.03836822509766,74.03836822509766,28000,0.0,0.0
2012-11-19 00:00:00+08:00,74.30185056413923,74.30185056413923,73.77488708496094,73.77488708496094,16000,0.0,0.0
2012-11-20 00:00:00+08:00,74.30185637457211,74.82881989495914,74.03837461437858,74.56533813476562,26000,0.0,0.0
2012-11-21 00:00:00+08:00,74.5653317000094,74.5653317000094,73.51140475018593,74.03836822509766,38000,0.0,0.0
2012-11-22 00:00:00+08:00,74.03836645206934,75.09229337665396,74.03836645206934,74.82881164550781,66000,0.0,0.0
2012-11-23 00:00:00+08:00,74.82881164550781,75.35577510780011,74.82881164550781,74.82881164550781,35000,0.0,0.0
2012-11-26 00:00:00+08:00,75.35577510780011,75.35577510780011,74.56532991436166,74.82881164550781,22000,0.0,0.0
2012-11-27 00:00:00+08:00,74.82880515240608,74.82880515240608,74.30184173583984,74.30184173583984,13000,0.0,0.0
2012-11-28 00:00:00+08:00,74.30184173583984,74.30184173583984,74.30184173583984,74.30184173583984,14000,0.0,0.0
2012-11-29 00:00:00+08:00,74.3018481832155,75.09229337665396,74.3018481832155,74.82881164550781,39000,0.0,0.0
2012-11-30 00:00:00+08:00,74.82880515240608,74.82880515240608,74.30184173583984,74.30184173583984,9000,0.0,0.0
2012-12-03 00:00:00+08:00,74.03836882455009,74.03836882455009,73.5114053453718,73.77488708496094,41000,0.0,0.0
2012-12-04 00:00:00+08:00,73.77488002982192,73.77488002982192,73.51139831542969,73.51139831542969,12000,0.0,0.0
2012-12-05 00:00:00+08:00,73.51141109399155,74.56533813476562,73.51141109399155,74.56533813476562,33000,0.0,0.0
2012-12-06 00:00:00+08:00,74.56532344412297,74.82880515240608,74.30184173583984,74.30184173583984,29000,0.0,0.0
2012-12-07 00:00:00+08:00,74.30185056413923,74.82881404331752,73.77488708496094,73.77488708496094,56000,0.0,0.0
2012-12-10 00:00:00+08:00,73.51139661099049,74.30184173583984,73.51139661099049,74.30184173583984,51000,0.0,0.0
2012-12-11 00:00:00+08:00,74.30185215390962,76.93666960617593,74.30185215390962,76.40970611572266,145000,0.0,0.0
2012-12-12 00:00:00+08:00,76.93667792613944,77.46364147357875,75.88275083126081,76.14623260498047,31000,0.0,0.0
2012-12-13 00:00:00+08:00,75.3557872838215,76.40971437870012,75.3557872838215,76.14623260498047,46000,0.0,0.0
2012-12-14 00:00:00+08:00,75.61926088004277,76.40970611572266,75.35577913481615,76.40970611572266,25000,0.0,0.0
2012-12-17 00:00:00+08:00,75.88273620605469,76.40969965193007,75.619254483117,75.88273620605469,22000,0.0,0.0
2012-12-18 00:00:00+08:00,75.88273620605469,75.88273620605469,75.3557727601793,75.88273620605469,16000,0.0,0.0
2012-12-19 00:00:00+08:00,75.8827373798077,75.8827373798077,75.35577392578125,75.35577392578125,36000,0.0,0.0
2012-12-20 00:00:00+08:00,75.35578982704564,75.35578982704564,75.0923080444336,75.0923080444336,16000,0.0,0.0
2012-12-21 00:00:00+08:00,75.09229337665396,75.35577510780011,74.82881164550781,74.82881164550781,22000,0.0,0.0
2012-12-24 00:00:00+08:00,75.619254483117,75.88273620605469,75.619254483117,75.88273620605469,4000,0.0,0.0
2012-12-25 00:00:00+08:00,75.0923080444336,75.0923080444336,75.0923080444336,75.0923080444336,10000,0.0,0.0
2012-12-26 00:00:00+08:00,75.09229337665396,75.61925683894627,74.82881164550781,74.82881164550781,31000,0.0,0.0
2012-12-27 00:00:00+08:00,74.82881989495914,74.82881989495914,74.56533813476562,74.56533813476562,8000,0.0,0.0
2012-12-28 00:00:00+08:00,75.09229337665396,75.35577510780011,74.56532991436166,74.82881164550781,17000,0.0,0.0
2013-01-02 00:00:00+08:00,74.8288104717548,75.61925565279446,74.8288104717548,75.35577392578125,17000,0.0,0.0
2013-01-03 00:00:00+08:00,75.8827426252694,76.40970611572266,75.8827426252694,76.40970611572266,38000,0.0,0.0
2013-01-04 00:00:00+08:00,76.14621792899239,76.14621792899239,75.88273620605469,75.88273620605469,3000,0.0,0.0
2013-01-07 00:00:00+08:00,75.88273679088633,75.88273679088633,75.61925506591797,75.61925506591797,7000,0.0,0.0
2013-01-08 00:00:00+08:00,75.619254483117,76.14621792899239,75.3557727601793,75.88273620605469,63000,0.0,0.0
2013-01-09 00:00:00+08:00,75.3557727601793,75.88273620605469,75.3557727601793,75.88273620605469,6000,0.0,0.0
2013-01-10 00:00:00+08:00,75.61925506591797,75.88273679088633,75.61925506591797,75.61925506591797,5000,0.0,0.0
2013-01-11 00:00:00+08:00,75.61926905754116,76.14623260498047,75.61926905754116,76.14623260498047,42000,0.0,0.0
2013-01-14 00:00:00+08:00,75.8827426252694,76.40970611572266,75.35577913481615,76.40970611572266,19000,0.0,0.0
2013-01-15 00:00:00+08:00,75.88273620605469,75.88273620605469,75.619254483117,75.88273620605469,7000,0.0,0.0
2013-01-16 00:00:00+08:00,75.619254483117,75.88273620605469,75.619254483117,75.88273620605469,7000,0.0,0.0
2013-01-17 00:00:00+08:00,75.61925683894627,75.88273857009243,74.82881164550781,74.82881164550781,27000,0.0,0.0
2013-01-18 00:00:00+08:00,74.82882626182155,75.61927160965769,74.82882626182155,75.0923080444336,18000,0.0,0.0
2013-01-21 00:00:00+08:00,75.619254483117,75.88273620605469,75.3557727601793,75.88273620605469,12000,0.0,0.0
2013-01-22 00:00:00+08:00,75.3557872838215,76.14623260498047,75.3557872838215,76.14623260498047,7000,0.0,0.0
2013-01-23 00:00:00+08:00,75.88273679088633,75.88273679088633,75.61925506591797,75.61925506591797,13000,0.0,0.0
2013-01-24 00:00:00+08:00,75.61925506591797,75.61925506591797,75.35577334094963,75.61925506591797,21000,0.0,0.0
2013-01-25 00:00:00+08:00,75.0923080444336,75.88275339226973,75.0923080444336,75.0923080444336,11000,0.0,0.0
2013-01-28 00:00:00+08:00,75.35577392578125,75.35577392578125,75.35577392578125,75.35577392578125,10000,0.0,0.0
2013-01-29 00:00:00+08:00,75.35577392578125,75.35577392578125,74.8288104717548,75.35577392578125,26000,0.0,0.0
2013-01-30 00:00:00+08:00,75.61925506591797,75.61925506591797,75.61925506591797,75.61925506591797,4000,0.0,0.0
2013-01-31 00:00:00+08:00,75.61926905754116,76.14623260498047,75.3557872838215,76.14623260498047,24000,0.0,0.0
2013-02-01 00:00:00+08:00,76.14623010524711,77.20015716552734,76.14623010524711,77.20015716552734,106000,0.0,0.0
2013-02-04 00:00:00+08:00,77.20014775765908,79.04451988838814,77.20014775765908,77.99059295654297,92000,0.0,0.0
2013-02-05 00:00:00+08:00,77.72711241326364,77.72711241326364,76.9366672022813,77.46363067626953,22000,0.0,0.0
2013-02-06 00:00:00+08:00,77.46363893059741,77.46363893059741,76.14623010524711,77.20015716552734,32000,0.0,0.0
2013-02-18 00:00:00+08:00,77.46363067626953,78.25407588725187,77.20014893927541,77.46363067626953,140000,0.0,0.0
2013-02-19 00:00:00+08:00,77.72711520163429,80.09845091965025,77.72711520163429,79.57148742675781,215000,0.0,0.0
2013-02-20 00:00:00+08:00,79.83496917320403,80.62541441254268,79.04452393386538,79.57148742675781,59000,0.0,0.0
2013-02-21 00:00:00+08:00,79.57148803508163,79.83496978354216,79.04452453816056,79.3080062866211,87000,0.0,0.0
2013-02-22 00:00:00+08:00,79.3080056803116,79.83496917320403,78.78104218741916,79.57148742675781,31000,0.0,0.0
2013-02-25 00:00:00+08:00,80.09844732903815,82.2063012061181,80.09844732903815,81.15237426757812,104000,0.0,0.0
2013-02-26 00:00:00+08:00,80.62540378632684,81.1523672097669,80.0984403628868,80.88888549804688,25000,0.0,0.0
2013-02-27 00:00:00+08:00,81.15237885008985,82.73326934716953,80.88889710057657,82.46978759765625,71000,0.0,0.0
2013-03-01 00:00:00+08:00,82.46979396759518,83.26023927718873,81.94283042786613,82.99675750732422,93000,0.0,0.0
2013-03-04 00:00:00+08:00,83.26022981847606,83.78719329833984,82.4697845986804,83.78719329833984,108000,0.0,0.0
2013-03-05 00:00:00+08:00,83.26023101806642,83.52371276179447,83.26023101806642,83.2602310180664,118000,0.0,0.0
2013-03-06 00:00:00+08:00,83.52370806138998,83.52370806138998,81.94281768798828,81.94281768798828,70000,0.0,0.0
2013-03-07 00:00:00+08:00,82.73326934716953,82.73326934716953,81.94282409862969,82.46978759765625,56000,0.0,0.0
2013-03-08 00:00:00+08:00,82.20629941688857,82.46978114578886,81.94281768798828,81.94281768798828,33000,0.0,0.0
2013-03-11 00:00:00+08:00,82.73326934716953,82.73326934716953,81.94282409862969,82.46978759765625,28000,0.0,0.0
2013-03-12 00:00:00+08:00,82.73326287468913,82.99674460358942,81.94281768798828,81.94281768798828,85640,0.0,0.0
2013-03-13 00:00:00+08:00,82.46976688224521,82.46976688224521,81.41584014892578,81.41584014892578,35000,0.0,0.0
2013-03-14 00:00:00+08:00,81.15237192007211,82.206298828125,81.15237192007211,82.206298828125,24102,0.0,0.0
2013-03-15 00:00:00+08:00,82.20630000945062,82.46978174025014,81.15237308625252,81.67933654785156,63850,0.0,0.0
2013-03-18 00:00:00+08:00,81.94282067990771,81.94282067990771,80.0984485102635,80.62541198730469,88150,0.0,0.0
2013-03-19 00:00:00+08:00,80.62540378632684,81.1523672097669,80.62540378632684,80.88888549804688,37071,0.0,0.0
2013-03-20 00:00:00+08:00,80.88889493440327,80.88889493440327,80.09844970703125,80.09844970703125,31974,0.0,0.0
2013-03-21 00:00:00+08:00,80.62541079830814,81.15237426757812,80.36192906367314,81.15237426757812,27000,0.0,0.0
2013-03-22 00:00:00+08:00,81.15238511827256,82.99675750732422,80.88890334840805,82.99675750732422,100327,0.0,0.0
2013-03-25 00:00:00+08:00,83.78718800149905,84.5776331713245,82.73326110839842,82.73326110839844,97299,0.0,0.0
2013-03-26 00:00:00+08:00,82.7332663386123,84.5776385181355,82.7332663386123,83.78719329833984,134263,0.0,0.0
2013-03-27 00:00:00+08:00,83.78720281691778,83.78720281691778,82.73327573745969,82.99675750732422,50100,0.0,0.0
2013-03-28 00:00:00+08:00,83.78720281691778,84.0506845867823,82.99675750732422,82.99675750732422,63579,0.0,0.0
2013-03-29 00:00:00+08:00,82.99674927433836,83.52371276179447,82.73326753061029,83.2602310180664,56885,0.0,0.0
2013-04-01 00:00:00+08:00,82.73326753061029,83.26023101806642,82.73326753061029,83.2602310180664,15920,0.0,0.0
2013-04-02 00:00:00+08:00,83.26023284619608,83.26023284619608,82.46978759765625,82.46978759765625,17361,0.0,0.0
2013-04-03 00:00:00+08:00,82.20630584814296,82.73326934716953,81.67934234911641,82.46978759765625,71000,0.0,0.0
2013-04-08 00:00:00+08:00,82.2063012061181,82.2063012061181,80.88889253294313,81.15237426757812,55669,0.0,0.0
2013-04-09 00:00:00+08:00,80.88888549804688,81.67933063320694,80.62540378632684,80.88888549804688,46005,0.0,0.0
2013-04-10 00:00:00+08:00,80.88887678226607,81.41584014892578,80.88887678226607,81.41584014892578,28500,0.0,0.0
2013-04-11 00:00:00+08:00,81.67933537409856,82.206298828125,81.41585364708533,82.206298828125,36200,0.0,0.0
2013-04-12 00:00:00+08:00,82.73326228215144,82.73326228215144,81.67933537409856,82.206298828125,21290,0.0,0.0
2013-04-15 00:00:00+08:00,82.20630000945062,82.73326347104965,81.41585481705205,81.67933654785156,41200,0.0,0.0
2013-04-16 00:00:00+08:00,82.20629766184813,82.73326110839842,81.41585249202265,82.73326110839844,38500,0.0,0.0
2013-04-17 00:00:00+08:00,82.99674927433836,83.26023101806642,82.73326753061029,83.2602310180664,158736,0.0,0.0
2013-04-18 00:00:00+08:00,83.52372296651205,86.15854072570801,82.73327763875326,85.36809539794922,232798,0.0,0.0
2013-04-19 00:00:00+08:00,86.94895661766849,90.6377002317514,86.94895661766849,88.26636505126953,382996,0.0,0.0
2013-04-22 00:00:00+08:00,88.26637796947738,90.63771349701557,87.21245106834928,89.32030487060547,138067,0.0,0.0
2013-04-23 00:00:00+08:00,89.32029837316858,89.84726178539967,88.26637154870642,88.7933349609375,48401,0.0,0.0
2013-04-24 00:00:00+08:00,89.58379065472147,91.69164455247962,89.3203089175017,90.90119934082031,217748,0.0,0.0
2013-04-25 00:00:00+08:00,90.11074349151521,90.37422519763075,88.7933349609375,88.7933349609375,182750,0.0,0.0
2013-04-26 00:00:00+08:00,89.84727501287693,89.84727501287693,86.42201232910156,86.42201232910156,210853,0.0,0.0
2013-04-29 00:00:00+08:00,86.42201172617068,86.94897521230587,85.89504824003549,86.68549346923828,135300,0.0,0.0
2013-04-30 00:00:00+08:00,87.47594576748935,87.47594576748935,86.68550047440962,86.94898223876953,29500,0.0,0.0
2013-05-02 00:00:00+08:00,86.94896583097528,87.47592926025392,85.895038972418,87.4759292602539,96024,0.0,0.0
2013-05-03 00:00:00+08:00,87.47594576748935,87.47594576748935,86.42201871004971,86.94898223876953,30400,0.0,0.0
2013-05-06 00:00:00+08:00,86.94898223876953,87.73942753184926,86.42201871004971,86.94898223876953,58500,0.0,0.0
2013-05-07 00:00:00+08:00,86.94898223876953,87.47594576748935,86.68550047440962,86.94898223876953,25420,0.0,0.0
2013-05-08 00:00:00+08:00,87.4759210809931,87.7394027709961,87.21243939099011,87.7394027709961,83340,0.0,0.0
2013-05-09 00:00:00+08:00,88.00288336454932,88.52984673798974,87.47591999110891,88.26636505126953,68159,0.0,0.0
2013-05-10 00:00:00+08:00,88.26636505126953,88.26636505126953,87.73940167782912,88.26636505126953,62097,0.0,0.0
2013-05-13 00:00:00+08:00,88.26637512029605,92.21860087195108,88.00289340351904,90.63771057128906,143492,0.0,0.0
2013-05-14 00:00:00+08:00,90.63771349701557,90.63771349701557,88.79334142004141,89.32030487060547,43000,0.0,0.0
2013-05-15 00:00:00+08:00,89.32030428718117,90.6377129049862,89.32030428718117,89.58378601074219,38200,0.0,0.0
2013-05-16 00:00:00+08:00,89.58377348487056,89.58377348487056,87.47591999110891,88.26636505126953,102437,0.0,0.0
2013-05-17 00:00:00+08:00,88.00288446099908,89.05681122101105,87.7394027709961,87.7394027709961,49500,0.0,0.0
2013-05-20 00:00:00+08:00,87.73941922836073,87.73941922836073,86.6854922706627,87.21245574951172,92500,0.0,0.0
2013-05-21 00:00:00+08:00,86.94897401008721,88.00290096778524,86.94897401008721,87.21245574951172,39241,0.0,0.0
2013-05-22 00:00:00+08:00,86.94897581891315,86.94897581891315,86.15853058419577,86.42201232910156,76200,0.0,0.0
2013-05-23 00:00:00+08:00,86.42202250162761,86.42202250162761,85.10461362202963,85.36809539794922,69296,0.0,0.0
2013-05-24 00:00:00+08:00,85.36809539794922,85.89505894978842,85.10461362202963,85.36809539794922,49360,0.0,0.0
2013-05-27 00:00:00+08:00,85.63157653808594,85.89505831204927,85.36809476412259,85.63157653808594,26152,0.0,0.0
2013-05-28 00:00:00+08:00,85.63157653808594,85.89505831204927,85.10461299015925,85.63157653808594,55125,0.0,0.0
2013-05-29 00:00:00+08:00,85.63156531296468,87.21245574951172,85.36808357354018,87.21245574951172,79130,0.0,0.0
2013-05-30 00:00:00+08:00,87.21246718186597,87.21246718186597,85.63157653808594,85.63157653808594,27204,0.0,0.0
2013-05-31 00:00:00+08:00,86.94896583097528,87.47592926025392,85.36807554313937,87.4759292602539,69536,0.0,0.0
2013-06-03 00:00:00+08:00,86.94898412861954,86.94898412861954,86.15853881835938,86.15853881835938,15169,0.0,0.0
2013-06-04 00:00:00+08:00,86.15854008601261,86.68550363393929,85.63157653808594,85.63157653808594,19200,0.0,0.0
2013-06-05 00:00:00+08:00,85.63157653808594,86.15854008601261,85.63157653808594,85.63157653808594,16280,0.0,0.0
2013-06-06 00:00:00+08:00,85.36809539794922,85.89505894978842,85.10461362202963,85.36809539794922,38200,0.0,0.0
2013-06-07 00:00:00+08:00,85.36809539794922,86.15854072570801,85.10461362202963,85.36809539794922,48132,0.0,0.0
2013-06-10 00:00:00+08:00,86.15854008601261,86.15854008601261,85.63157653808594,85.63157653808594,14100,0.0,0.0
2013-06-11 00:00:00+08:00,85.89504824003549,87.47593869844106,85.89504824003549,86.68549346923828,36350,0.0,0.0
2013-06-13 00:00:00+08:00,86.15853058419577,86.42201232910156,85.10460360457257,86.42201232910156,28250,0.0,0.0
2013-06-14 00:00:00+08:00,86.42202250162761,86.42202250162761,85.36809539794922,85.36809539794922,15200,0.0,0.0
2013-06-17 00:00:00+08:00,85.89505894978842,85.89505894978842,85.36809539794922,85.36809539794922,19150,0.0,0.0
2013-06-18 00:00:00+08:00,86.4220135460602,86.4220135460602,85.63156830021208,85.89505004882812,7000,0.0,0.0
2013-06-19 00:00:00+08:00,86.42201172617068,88.00290218457624,86.42201172617068,86.68549346923828,131100,0.0,0.0
2013-06-20 00:00:00+08:00,86.68550047440962,86.94898223876953,86.1585369456898,86.94898223876953,19399,0.0,0.0
2013-06-21 00:00:00+08:00,85.89505704827265,86.68550235853283,85.3680935080992,86.15853881835938,31200,0.0,0.0
2013-06-24 00:00:00+08:00,86.15854008601261,86.68550363393929,85.36809476412259,85.63157653808594,61002,0.0,0.0
2013-06-25 00:00:00+08:00,85.63155827086054,85.89503998861704,83.5237045288086,83.5237045288086,89097,0.0,0.0
2013-06-26 00:00:00+08:00,84.31415557861328,86.15852773189545,84.05067384243011,84.31415557861328,108421,0.0,0.0
2013-06-27 00:00:00+08:00,84.57763671875,85.10460018740265,84.57763671875,84.57763671875,9100,0.0,0.0
2013-06-28 00:00:00+08:00,85.10461299015925,86.15854008601261,85.10461299015925,85.63157653808594,21095,0.0,0.0
2013-07-01 00:00:00+08:00,86.1585369456898,88.00290929620915,86.1585369456898,86.94898223876953,45420,0.0,0.0
2013-07-02 00:00:00+08:00,88.00289154052734,88.7933366741249,86.94896469573061,88.00289154052734,82894,0.0,0.0
2013-07-03 00:00:00+08:00,86.94896583097528,87.73941097489323,86.94896583097528,87.4759292602539,33263,0.0,0.0
2013-07-04 00:00:00+08:00,87.47592926025392,87.47592926025392,86.94896583097528,87.4759292602539,29251,0.0,0.0
2013-07-05 00:00:00+08:00,87.47592811812898,88.26637325172653,87.47592811812898,88.00289154052734,55500,0.0,0.0
2013-07-08 00:00:00+08:00,88.52984673798974,89.05681011143015,88.00288336454932,88.26636505126953,85880,0.0,0.0
2013-07-09 00:00:00+08:00,88.5298538208008,89.3202989442008,88.26637211300078,88.52985382080078,71600,0.0,0.0
2013-07-10 00:00:00+08:00,88.5298538208008,89.05681723640079,88.5298538208008,88.52985382080078,44206,0.0,0.0
2013-07-11 00:00:00+08:00,89.05682027062704,91.16467400484308,89.05682027062704,90.63771057128906,148100,0.0,0.0
2013-07-12 00:00:00+08:00,90.63772001294446,90.63772001294446,89.84727478027344,89.84727478027344,58000,0.0,0.0
2013-07-15 00:00:00+08:00,89.84726178539967,90.90118860986183,88.7933349609375,88.7933349609375,117974,0.0,0.0
2013-07-16 00:00:00+08:00,89.32031825550816,91.42817237363224,88.79335472597712,90.11076354980469,130221,0.0,0.0
2013-07-17 00:00:00+08:00,90.63771349701557,90.63771349701557,89.32030487060547,89.32030487060547,114116,0.0,0.0
2013-07-18 00:00:00+08:00,89.32030428718117,89.84726773430319,89.05682256362017,89.58378601074219,104609,0.0,0.0
2013-07-19 00:00:00+08:00,90.37423177173355,90.37423177173355,89.32030487060547,89.32030487060547,103220,0.0,0.0
2013-07-22 00:00:00+08:00,89.3203035765758,91.95512079122405,89.3203035765758,87.28622436523438,250736,0.0,0.0
2013-07-23 00:00:00+08:00,92.697166578706,94.36738579634034,92.697166578706,93.8106460571289,252496,8.858978,0.0
2013-07-24 00:00:00+08:00,94.36738956474258,94.36738956474258,92.97554016113281,92.97554016113281,72102,0.0,0.0
2013-07-25 00:00:00+08:00,92.97554779052734,92.97554779052734,91.86206817626953,91.86206817626953,89150,0.0,0.0
2013-07-26 00:00:00+08:00,91.86205669739327,91.86205669739327,91.3053169598333,91.58368682861328,81100,0.0,0.0
2013-07-29 00:00:00+08:00,91.58369062005019,92.69717014126661,91.3053207397461,91.3053207397461,59000,0.0,0.0
2013-07-30 00:00:00+08:00,91.58368696607985,92.97553631206891,91.58368696607985,92.6971664428711,58570,0.0,0.0
2013-07-31 00:00:00+08:00,92.69716258221362,92.69716258221362,92.14042286700513,92.41879272460938,22500,0.0,0.0
2013-08-01 00:00:00+08:00,91.86205669739327,92.41879643495322,91.5836868286133,91.58368682861328,32210,0.0,0.0
2013-08-02 00:00:00+08:00,92.41880798339844,92.97554779052734,91.58369827270508,91.86206817626953,49637,0.0,0.0
2013-08-05 00:00:00+08:00,92.41879664179105,93.25390625,92.41879664179105,93.25390625,52113,0.0,0.0
2013-08-06 00:00:00+08:00,93.25391396836706,95.75924300035304,92.69717418348128,95.48087310791016,231888,0.0,0.0
2013-08-07 00:00:00+08:00,93.25391013241378,95.20249929935974,93.25391013241378,94.08901977539062,89519,0.0,0.0
2013-08-08 00:00:00+08:00,94.08901982026941,94.92412946364459,94.08901982026941,94.64575958251953,44791,0.0,0.0
2013-08-09 00:00:00+08:00,95.75925067442952,95.75925067442952,94.08903118592204,94.92414093017578,55300,0.0,0.0
2013-08-12 00:00:00+08:00,94.92412586926726,97.42945470452652,94.92412586926726,96.59434509277344,188126,0.0,0.0
2013-08-13 00:00:00+08:00,96.59436032970177,97.42947007318622,96.31599041520695,97.1511001586914,148530,0.0,0.0
2013-08-14 00:00:00+08:00,97.42945878865333,102.16174678695936,96.31597925964014,99.65641784667969,264425,0.0,0.0
2013-08-15 00:00:00+08:00,99.65641013156163,100.21314985296699,98.26456082804819,99.09967041015625,122457,0.0,0.0
2013-08-16 00:00:00+08:00,98.26457595825195,99.09968566894531,97.9862060546875,97.9862060546875,59843,0.0,0.0
2013-08-19 00:00:00+08:00,99.09968566894531,99.09968566894531,98.26457595825195,98.5429458618164,51150,0.0,0.0
2013-08-20 00:00:00+08:00,98.26457595825195,98.5429458618164,95.20250701904297,95.75924682617188,208900,0.0,0.0
2013-08-22 00:00:00+08:00,95.20249947784953,97.15108864844879,95.20249947784953,96.31597900390625,140600,0.0,0.0
2013-08-23 00:00:00+08:00,96.31597522218907,96.8727149633578,96.31597522218907,96.59434509277344,37693,0.0,0.0
2013-08-26 00:00:00+08:00,96.8727149633578,96.8727149633578,96.31597522218907,96.59434509277344,16296,0.0,0.0
2013-08-27 00:00:00+08:00,96.59434879592985,96.59434879592985,95.20249938964844,95.20249938964844,35500,0.0,0.0
2013-08-28 00:00:00+08:00,94.64575958251953,94.92412946364459,94.08901982026941,94.64575958251953,31106,0.0,0.0
2013-08-29 00:00:00+08:00,94.64575958251953,95.20249934476965,94.64575958251953,94.64575958251953,45063,0.0,0.0
2013-08-30 00:00:00+08:00,94.64576721191406,95.75924682617188,94.36739730834961,95.75924682617188,39550,0.0,0.0
2013-09-02 00:00:00+08:00,95.75925067442952,95.75925067442952,94.64577101542453,94.92414093017578,32029,0.0,0.0
2013-09-03 00:00:00+08:00,95.20249934476965,95.20249934476965,94.08901982026941,94.64575958251953,38965,0.0,0.0
2013-09-04 00:00:00+08:00,94.92412946364459,94.92412946364459,94.36738970139447,94.64575958251953,21500,0.0,0.0
2013-09-05 00:00:00+08:00,94.64575962713587,95.20249938964844,94.36738974587959,95.20249938964844,23300,0.0,0.0
2013-09-06 00:00:00+08:00,94.92412950839216,95.759239152161,94.92412950839216,95.20249938964844,36033,0.0,0.0
2013-09-09 00:00:00+08:00,95.20250321546726,96.31598278523882,95.20250321546726,95.48087310791016,46300,0.0,0.0
2013-09-10 00:00:00+08:00,96.03761289279592,96.03761289279592,95.20250321546726,95.48087310791016,22750,0.0,0.0
2013-09-11 00:00:00+08:00,95.20251084492702,95.20251084492702,94.08903118592204,94.92414093017578,124010,0.0,0.0
2013-09-12 00:00:00+08:00,94.64575944546453,94.64575944546453,92.97554016113281,92.97554016113281,115500,0.0,0.0
2013-09-13 00:00:00+08:00,93.5322800580193,95.20249934476965,93.5322800580193,94.64575958251953,108000,0.0,0.0
2013-09-16 00:00:00+08:00,95.48087310791016,95.75924300035304,94.6457634305815,95.48087310791016,58325,0.0,0.0
2013-09-17 00:00:00+08:00,95.48086922589471,95.48086922589471,94.64575958251953,94.64575958251953,46100,0.0,0.0
2013-09-18 00:00:00+08:00,94.64575962713587,95.20249938964844,94.36738974587959,95.20249938964844,31000,0.0,0.0
2013-09-23 00:00:00+08:00,95.20249938964844,95.20249938964844,94.36738974587959,95.20249938964844,54150,0.0,0.0
2013-09-24 00:00:00+08:00,95.75924682617188,95.75924682617188,94.92413711547852,95.75924682617188,65634,0.0,0.0
2013-09-25 00:00:00+08:00,95.75925067442952,95.75925067442952,94.92414093017578,94.92414093017578,23417,0.0,0.0
2013-09-26 00:00:00+08:00,94.92412946364459,94.92412946364459,94.64575958251953,94.64575958251953,18619,0.0,0.0
2013-09-27 00:00:00+08:00,94.92412946364459,95.48086922589471,94.64575958251953,94.64575958251953,25820,0.0,0.0
2013-09-30 00:00:00+08:00,94.645763385964,94.92413327827566,94.36739349365234,94.36739349365234,22369,0.0,0.0
2013-10-01 00:00:00+08:00,95.20249934476965,95.20249934476965,94.08901982026941,94.64575958251953,84285,0.0,0.0
2013-10-02 00:00:00+08:00,95.20249934476965,95.20249934476965,94.08901982026941,94.64575958251953,59000,0.0,0.0
2013-10-03 00:00:00+08:00,94.92412946364459,95.20249934476965,94.36738970139447,94.64575958251953,51300,0.0,0.0
2013-10-04 00:00:00+08:00,94.645763385964,94.645763385964,94.36739349365234,94.36739349365234,34195,0.0,0.0
2013-10-07 00:00:00+08:00,94.36739730834961,96.31598663330078,94.36739730834961,95.75924682617188,91620,0.0,0.0
2013-10-08 00:00:00+08:00,96.31597900390625,96.31597900390625,95.48086935936371,96.31597900390625,49302,0.0,0.0
2013-10-09 00:00:00+08:00,96.03761672973633,100.76990509033203,96.03761672973633,97.4294662475586,523081,0.0,0.0
2013-10-11 00:00:00+08:00,97.42945843969869,97.98619820221126,95.20249938964844,95.20249938964844,197160,0.0,0.0
2013-10-14 00:00:00+08:00,95.75924682617188,97.15109634399414,94.64576721191406,95.75924682617188,259781,0.0,0.0
2013-10-15 00:00:00+08:00,95.7592430225317,96.87272259256115,95.7592430225317,96.03761291503906,163708,0.0,0.0
2013-10-16 00:00:00+08:00,96.87272644042969,98.5429458618164,96.59435653686523,97.9862060546875,290911,0.0,0.0
2013-10-17 00:00:00+08:00,98.5429458618164,98.82131576538086,97.70783615112305,98.5429458618164,112800,0.0,0.0
2013-10-18 00:00:00+08:00,99.09967438335894,101.04826348640252,99.09967438335894,100.49152374267578,354369,0.0,0.0
2013-10-21 00:00:00+08:00,101.32663335826588,101.88337310199262,99.65641412708568,100.49152374267578,244052,0.0,0.0
2013-10-22 00:00:00+08:00,100.49151971366969,100.49151971366969,98.54293068875089,99.09967041015625,86431,0.0,0.0
2013-10-23 00:00:00+08:00,100.21315367792694,100.21315367792694,98.54293444996149,98.82130432128906,115115,0.0,0.0
2013-10-24 00:00:00+08:00,98.54293068875089,99.09967041015625,97.70782110664283,99.09967041015625,84370,0.0,0.0
2013-10-25 00:00:00+08:00,99.09968188612575,100.76990124375708,99.09968188612575,99.9347915649414,152391,0.0,0.0
2013-10-28 00:00:00+08:00,101.04824914550781,105.50216646321614,100.49150948079426,104.38868713378906,489357,0.0,0.0
2013-10-29 00:00:00+08:00,104.11031772082872,110.23445405734805,102.99683838691611,106.05890655517578,483960,0.0,0.0
2013-10-30 00:00:00+08:00,106.89403149477806,109.1209904842526,106.33729174740942,106.61566162109375,181406,0.0,0.0
2013-10-31 00:00:00+08:00,107.72913705734979,107.72913705734979,105.22380828857422,105.22380828857422,135556,0.0,0.0
2013-11-01 00:00:00+08:00,105.78055950943924,106.33729929633103,103.5536003618721,104.94544982910156,152463,0.0,0.0
2013-11-04 00:00:00+08:00,104.38870233121571,104.66707220409894,103.83196258544922,103.83196258544922,82379,0.0,0.0
2013-11-05 00:00:00+08:00,103.55358902951505,106.05891779635816,103.55358902951505,104.66706848144531,89491,0.0,0.0
2013-11-06 00:00:00+08:00,105.50218212635647,106.61566162109375,104.66707250530352,106.61566162109375,126735,0.0,0.0
2013-11-07 00:00:00+08:00,106.61567306518555,107.17241287231445,105.22382354736328,105.78056335449219,76872,0.0,0.0
2013-11-08 00:00:00+08:00,105.78054793337559,106.05891779635816,104.11032875548018,104.66706848144531,108535,0.0,0.0
2013-11-11 00:00:00+08:00,104.66709153548531,105.22383138407831,102.44013214111328,102.44013214111328,99300,0.0,0.0
2013-11-12 00:00:00+08:00,102.44012070735943,104.38870995994506,100.7699013480003,102.71849060058594,140500,0.0,0.0
2013-11-13 00:00:00+08:00,102.44012070735943,103.27523038703899,102.44012070735943,102.71849060058594,47890,0.0,0.0
2013-11-14 00:00:00+08:00,102.71848278203286,102.71848278203286,99.65641418961454,101.04826354980469,193605,0.0,0.0
2013-11-15 00:00:00+08:00,100.76989754431887,102.16174695791443,100.76989754431887,101.88337707519531,74420,0.0,0.0
2013-11-18 00:00:00+08:00,102.16173543015572,102.16173543015572,101.60499572753906,101.60499572753906,32690,0.0,0.0
2013-11-19 00:00:00+08:00,101.60499572753906,102.16173543015572,100.76988617361408,101.60499572753906,63570,0.0,0.0
2013-11-20 00:00:00+08:00,101.88338092090638,102.71849060058594,101.88338092090638,102.71849060058594,41428,0.0,0.0
2013-11-21 00:00:00+08:00,102.71848278203286,102.71848278203286,100.76989367776666,101.04826354980469,90658,0.0,0.0
2013-11-22 00:00:00+08:00,101.04826734342629,101.60500710840384,100.49152757844872,100.7698974609375,52749,0.0,0.0
2013-11-25 00:00:00+08:00,101.60501480102539,101.60501480102539,100.76990509033203,101.32664489746094,40675,0.0,0.0
2013-11-26 00:00:00+08:00,101.32664489746094,101.32664489746094,99.65642547607422,101.32664489746094,83100,0.0,0.0
2013-11-27 00:00:00+08:00,101.32663335826588,101.32663335826588,100.49152374267578,100.49152374267578,37382,0.0,0.0
2013-11-28 00:00:00+08:00,100.49152757844872,101.04826734342629,100.21315769595995,100.7698974609375,78006,0.0,0.0
2013-11-29 00:00:00+08:00,100.76989754431887,102.16174695791443,100.21315777888064,101.88337707519531,61464,0.0,0.0
2013-12-02 00:00:00+08:00,101.88336557884739,102.44010528146404,101.60499572753906,101.60499572753906,28560,0.0,0.0
2013-12-03 00:00:00+08:00,101.04825602492241,101.88336557884739,100.76988617361408,101.60499572753906,44506,0.0,0.0
2013-12-04 00:00:00+08:00,101.04824505367795,103.55357344343855,101.04824505367795,102.99683380126953,104175,0.0,0.0
2013-12-05 00:00:00+08:00,102.99683380126953,104.3886829066921,102.99683380126953,102.99683380126953,61227,0.0,0.0
2013-12-06 00:00:00+08:00,102.9968605144326,103.55360030099709,102.44012072786809,103.27523040771484,28720,0.0,0.0
2013-12-09 00:00:00+08:00,103.27521900464129,104.1103285922799,103.27521900464129,103.5535888671875,55640,0.0,0.0
2013-12-10 00:00:00+08:00,103.5535888671875,103.5535888671875,102.44010941700269,103.5535888671875,43270,0.0,0.0
2013-12-11 00:00:00+08:00,103.27524191400279,103.55361183829929,102.44013214111328,102.44013214111328,24727,0.0,0.0
2013-12-12 00:00:00+08:00,102.44009415910051,103.55357344343855,102.161724338016,102.99683380126953,41071,0.0,0.0
2013-12-13 00:00:00+08:00,103.55357344343855,103.83194326452306,102.99683380126953,102.99683380126953,14100,0.0,0.0
2013-12-16 00:00:00+08:00,103.83194326452306,104.94542254886112,102.99683380126953,102.99683380126953,82000,0.0,0.0
2013-12-17 00:00:00+08:00,102.99686431884766,103.55360412597656,101.04827499389648,101.32664489746094,115410,0.0,0.0
2013-12-18 00:00:00+08:00,101.32664489746094,101.88338470458984,100.49153518676758,101.32664489746094,94105,0.0,0.0
2013-12-19 00:00:00+08:00,101.04827499389648,101.88338470458984,101.04827499389648,101.32664489746094,74012,0.0,0.0
2013-12-20 00:00:00+08:00,101.88337347526652,105.78055169563191,101.88337347526652,103.83196258544922,323634,0.0,0.0
2013-12-23 00:00:00+08:00,105.78054793337559,106.33728765934072,104.11032875548018,104.66706848144531,169905,0.0,0.0
2013-12-24 00:00:00+08:00,104.66707993565568,105.50218961599334,104.38871004220978,104.94544982910156,65240,0.0,0.0
2013-12-25 00:00:00+08:00,105.22381254006889,109.39936065673828,104.11033304229038,109.39936065673828,461244,0.0,0.0
2013-12-26 00:00:00+08:00,110.79120200302557,111.9046814201414,107.72913360595702,107.72913360595703,288710,0.0,0.0
2013-12-27 00:00:00+08:00,108.5642431687939,109.12098287735182,107.72913360595702,107.72913360595703,153238,0.0,0.0
2013-12-30 00:00:00+08:00,108.0074996948242,109.67771876226995,107.45076000567563,108.00749969482422,158658,0.0,0.0
2013-12-31 00:00:00+08:00,108.56424326761828,109.120982976683,107.72913370402122,108.28587341308594,120285,0.0,0.0
2014-01-02 00:00:00+08:00,109.12097104390463,109.12097104390463,105.78053315480551,106.89401245117188,103150,0.0,0.0
2014-01-03 00:00:00+08:00,106.89403149477806,107.4507712421467,106.33729174740942,106.61566162109375,50316,0.0,0.0
2014-01-06 00:00:00+08:00,107.4507712421467,107.4507712421467,106.05892187372511,106.61566162109375,49100,0.0,0.0
2014-01-07 00:00:00+08:00,106.33728790283202,106.89402763007197,105.78054817559206,106.33728790283203,47032,0.0,0.0
2014-01-08 00:00:00+08:00,106.61566162109375,106.61566162109375,106.05892187372511,106.61566162109375,37560,0.0,0.0
2014-01-09 00:00:00+08:00,106.61565409078226,107.72913350687398,105.78054452871348,107.17239379882812,106306,0.0,0.0
2014-01-10 00:00:00+08:00,107.17241287231445,107.17241287231445,105.78056335449219,105.78056335449219,27608,0.0,0.0
2014-01-13 00:00:00+08:00,105.50216646321614,105.50216646321614,104.11031730143229,104.38868713378906,104549,0.0,0.0
2014-01-14 00:00:00+08:00,103.83196258544922,104.11033245833246,102.9968529667995,103.83196258544922,91450,0.0,0.0
2014-01-15 00:00:00+08:00,104.1103400875616,104.6670798741261,102.9968605144326,103.27523040771484,60850,0.0,0.0
2014-01-16 00:00:00+08:00,104.38870998084384,104.6670798741261,103.27523040771484,103.27523040771484,114314,0.0,0.0
2014-01-17 00:00:00+08:00,103.27520362235404,103.27520362235404,102.44009415910051,102.99683380126953,47010,0.0,0.0
2014-01-20 00:00:00+08:00,103.55361183829929,103.55361183829929,102.16176221681678,102.44013214111328,39164,0.0,0.0
2014-01-21 00:00:00+08:00,102.71848663835895,102.71848663835895,100.7698974609375,100.7698974609375,113538,0.0,0.0
2014-01-22 00:00:00+08:00,101.04827122077629,102.99686047296757,100.7699013276061,102.16175079345703,104725,0.0,0.0
2014-01-23 00:00:00+08:00,102.99683797200521,104.66705696614582,102.71846813964844,104.38868713378906,166040,0.0,0.0
2014-01-24 00:00:00+08:00,104.11031730143229,104.66705696614582,103.27520780436197,104.38868713378906,85171,0.0,0.0
2014-01-27 00:00:00+08:00,103.55360030099709,103.55360030099709,102.44012072786809,103.27523040771484,130100,0.0,0.0
2014-02-05 00:00:00+08:00,96.31597566472526,101.04826348640252,96.31597566472526,100.49152374267578,249100,0.0,0.0
2014-02-06 00:00:00+08:00,100.49152757844872,100.7698974609375,99.93478781347117,100.7698974609375,57180,0.0,0.0
2014-02-07 00:00:00+08:00,101.32664489746094,101.32664489746094,100.76990509033203,101.32664489746094,40700,0.0,0.0
2014-02-10 00:00:00+08:00,101.32664489746094,102.1617546081543,101.32664489746094,101.32664489746094,40163,0.0,0.0
2014-02-11 00:00:00+08:00,102.44013214111328,102.99687198970629,101.88339229252027,102.44013214111328,27237,0.0,0.0
2014-02-12 00:00:00+08:00,102.44012451171875,102.44012451171875,100.76990509033203,101.32664489746094,88209,0.0,0.0
2014-02-13 00:00:00+08:00,100.49152766159976,101.88337707519531,100.21315777888064,101.88337707519531,78800,0.0,0.0
2014-02-14 00:00:00+08:00,102.16174687338139,102.16174687338139,100.7698974609375,100.7698974609375,89564,0.0,0.0
2014-02-17 00:00:00+08:00,102.1617430379568,102.1617430379568,100.76989367776666,101.04826354980469,83571,0.0,0.0
2014-02-18 00:00:00+08:00,101.04826348640252,101.32663335826588,100.21315387081242,100.49152374267578,83101,0.0,0.0
2014-02-19 00:00:00+08:00,100.21315393369059,101.32663342184271,99.93478406165256,101.04826354980469,90000,0.0,0.0
2014-02-20 00:00:00+08:00,101.04826348640252,101.32663335826588,100.21315387081242,100.49152374267578,84150,0.0,0.0
2014-02-21 00:00:00+08:00,101.32664489746094,101.60501480102539,100.49153518676758,101.32664489746094,99901,0.0,0.0
2014-02-24 00:00:00+08:00,101.04825960795084,101.04825960795084,100.21315002441405,100.21315002441406,60110,0.0,0.0
2014-02-25 00:00:00+08:00,101.32663722591506,101.60500710840384,100.21315769595995,100.7698974609375,57004,0.0,0.0
2014-02-26 00:00:00+08:00,100.49152757844872,101.04826734342629,100.49152757844872,100.7698974609375,32201,0.0,0.0
2014-02-27 00:00:00+08:00,101.04825602492241,101.60499572753906,100.21314647099743,101.60499572753906,107838,0.0,0.0
2014-03-03 00:00:00+08:00,102.16174687338139,102.16174687338139,100.49152757844872,100.7698974609375,63020,0.0,0.0
2014-03-04 00:00:00+08:00,101.60501480102539,102.44012451171875,101.32664489746094,101.32664489746094,100090,0.0,0.0
2014-03-05 00:00:00+08:00,102.44012078808854,105.50218961599334,101.60501110775085,104.94544982910156,219122,0.0,0.0
2014-03-06 00:00:00+08:00,106.61566918977692,106.89403908322282,104.11034014876388,104.94544982910156,188070,0.0,0.0
2014-03-07 00:00:00+08:00,105.2238084483521,107.17239749369196,104.94543858473213,106.33728790283203,215414,0.0,0.0
2014-03-10 00:00:00+08:00,106.05891787816608,106.05891787816608,104.11032883578507,105.22380828857422,70386,0.0,0.0
2014-03-11 00:00:00+08:00,105.22379705474133,106.33727638865393,104.38868755430687,106.05890655517578,97574,0.0,0.0
2014-03-12 00:00:00+08:00,104.66705696614582,106.05890612792969,104.11031730143229,104.38868713378906,73018,0.0,0.0
2014-03-13 00:00:00+08:00,104.94542722126317,106.33727638865393,104.94542722126317,106.05890655517578,187100,0.0,0.0
2014-03-14 00:00:00+08:00,105.50216646321614,105.78053629557292,104.11031730143229,104.38868713378906,96180,0.0,0.0
2014-03-17 00:00:00+08:00,104.66706848144531,105.78054793337559,104.38869861846275,104.66706848144531,93190,0.0,0.0
2014-03-18 00:00:00+08:00,104.66705738778502,106.33727638865393,104.66705738778502,106.05890655517578,161355,0.0,0.0
2014-03-19 00:00:00+08:00,104.94544982910156,106.05892940288514,104.94544982910156,104.94544982910156,108300,0.0,0.0
2014-03-20 00:00:00+08:00,104.66705696614582,104.66705696614582,103.83194746907552,104.38868713378906,42100,0.0,0.0
2014-03-21 00:00:00+08:00,104.38869861846275,105.78054793337559,104.38869861846275,104.66706848144531,119000,0.0,0.0
2014-03-24 00:00:00+08:00,104.66706848144531,105.22380820741046,102.99684930354991,104.66706848144531,53226,0.0,0.0
2014-03-25 00:00:00+08:00,104.66707993565568,104.94544982910156,104.66707993565568,104.94544982910156,69100,0.0,0.0
2014-03-26 00:00:00+08:00,104.66705696614582,105.50216646321614,104.11031730143229,104.38868713378906,40000,0.0,0.0
2014-03-27 00:00:00+08:00,104.66707220409894,104.66707220409894,103.27522283968274,103.83196258544922,85310,0.0,0.0
2014-03-28 00:00:00+08:00,103.83197015247812,104.1103400456483,101.88338090028684,102.16175079345703,141200,0.0,0.0
2014-03-31 00:00:00+08:00,102.16175070844986,102.71849049432697,98.26457220731008,99.9347915649414,521373,0.0,0.0
2014-04-01 00:00:00+08:00,100.21315769595995,101.60500710840384,99.93478781347117,100.7698974609375,161419,0.0,0.0
2014-04-02 00:00:00+08:00,100.76989348595885,100.76989348595885,98.54293451389346,99.37804412841797,350300,0.0,0.0
2014-04-03 00:00:00+08:00,99.93479537963867,99.93479537963867,97.4294662475586,98.5429458618164,800577,0.0,0.0
2014-04-07 00:00:00+08:00,98.5429458618164,99.37805557250977,97.9862060546875,98.5429458618164,337342,0.0,0.0
2014-04-08 00:00:00+08:00,99.0996780821731,99.93478772893299,98.54293831766651,99.65641784667969,152000,0.0,0.0
2014-04-09 00:00:00+08:00,99.65641013156163,100.21314985296699,98.54293068875089,99.09967041015625,334264,0.0,0.0
2014-04-10 00:00:00+08:00,99.6564103020562,101.60499933030869,99.6564103020562,100.21315002441406,244500,0.0,0.0
2014-04-11 00:00:00+08:00,100.21314985296699,100.21314985296699,98.54293068875089,99.09967041015625,140260,0.0,0.0
2014-04-14 00:00:00+08:00,100.21316528320312,100.21316528320312,97.4294662475586,98.5429458618164,266751,0.0,0.0
2014-04-15 00:00:00+08:00,98.82130819991981,100.21315761118629,98.82130819991981,99.65641784667969,68795,0.0,0.0
2014-04-16 00:00:00+08:00,100.21314985296699,100.76988957437237,98.54293068875089,99.09967041015625,221405,0.0,0.0
2014-04-17 00:00:00+08:00,99.09968566894531,99.09968566894531,97.4294662475586,97.9862060546875,492120,0.0,0.0
2014-04-18 00:00:00+08:00,99.09968566894531,99.09968566894531,97.70783615112305,97.9862060546875,145332,0.0,0.0
2014-04-21 00:00:00+08:00,99.09968182182851,99.09968182182851,97.98620225079674,98.26457214355469,148942,0.0,0.0
2014-04-22 00:00:00+08:00,98.26456082804819,99.09967041015625,98.26456082804819,99.09967041015625,98431,0.0,0.0
2014-04-23 00:00:00+08:00,99.09967041015625,99.37804027085893,98.54293068875089,99.09967041015625,167301,0.0,0.0
2014-04-24 00:00:00+08:00,97.9862060546875,98.82131576538086,97.9862060546875,98.5429458618164,74302,0.0,0.0
2014-04-25 00:00:00+08:00,98.5429458618164,98.5429458618164,96.87272644042969,97.4294662475586,194120,0.0,0.0
2014-04-28 00:00:00+08:00,97.1511001586914,97.42947007318622,95.20251075722769,97.1511001586914,114323,0.0,0.0
2014-04-29 00:00:00+08:00,97.42947007318622,97.98620990217586,96.59436032970177,97.1511001586914,95491,0.0,0.0
2014-04-30 00:00:00+08:00,97.15109634399414,97.9862060546875,96.87272644042969,97.4294662475586,52181,0.0,0.0
2014-05-02 00:00:00+08:00,98.54294203631262,98.54294203631262,97.98620225079674,98.26457214355469,40091,0.0,0.0
2014-05-05 00:00:00+08:00,98.5429458618164,98.5429458618164,97.4294662475586,97.4294662475586,70065,0.0,0.0
2014-05-06 00:00:00+08:00,97.42945470452652,97.42945470452652,96.59434509277342,96.59434509277344,111022,0.0,0.0
2014-05-07 00:00:00+08:00,96.8727149633578,96.8727149633578,96.03760535160471,96.59434509277344,69001,0.0,0.0
2014-05-08 00:00:00+08:00,96.59434132192327,96.87271118164062,96.31597146220591,96.87271118164062,55100,0.0,0.0
2014-05-09 00:00:00+08:00,96.87271118164062,96.87271118164062,96.87271118164062,96.87271118164062,19027,0.0,0.0
2014-05-12 00:00:00+08:00,97.15109634399414,97.9862060546875,96.31598663330078,97.9862060546875,83640,0.0,0.0
2014-05-13 00:00:00+08:00,98.26454910321793,98.26454910321793,97.42943962075432,97.70780944824219,32100,0.0,0.0
2014-05-14 00:00:00+08:00,97.9862060546875,97.9862060546875,97.4294662475586,97.9862060546875,37381,0.0,0.0
2014-05-15 00:00:00+08:00,98.5429458618164,98.5429458618164,97.9862060546875,97.9862060546875,36500,0.0,0.0
2014-05-16 00:00:00+08:00,97.98620990217586,97.98620990217586,96.31599041520695,97.1511001586914,48053,0.0,0.0
2014-05-19 00:00:00+08:00,96.87271118164062,97.15108104135798,96.87271118164062,96.87271118164062,43042,0.0,0.0
2014-05-20 00:00:00+08:00,96.87271876693461,96.87271876693461,96.31597900390625,96.31597900390625,56564,0.0,0.0
2014-05-21 00:00:00+08:00,96.31597522218907,96.8727149633578,96.31597522218907,96.59434509277344,18001,0.0,0.0
2014-05-22 00:00:00+08:00,96.59434132192327,96.87271118164062,96.31597146220591,96.87271118164062,18182,0.0,0.0
2014-05-23 00:00:00+08:00,97.98619096734551,99.65641013156163,97.70782110664283,99.09967041015625,99294,0.0,0.0
2014-05-26 00:00:00+08:00,99.37804406394422,99.6564139352718,97.98619470730634,98.82130432128906,68101,0.0,0.0
2014-05-27 00:00:00+08:00,98.82131576538086,98.82131576538086,98.26457595825195,98.5429458618164,38520,0.0,0.0
2014-05-28 00:00:00+08:00,98.54293068875089,99.09967041015625,98.54293068875089,99.09967041015625,55245,0.0,0.0
2014-05-29 00:00:00+08:00,99.09967041015625,99.09967041015625,98.82130054945357,99.09967041015625,26100,0.0,0.0
2014-05-30 00:00:00+08:00,99.09967057969834,100.21315002441405,98.82130071851941,100.21315002441406,90200,0.0,0.0
2014-06-03 00:00:00+08:00,100.21315367792694,100.21315367792694,98.82130432128908,98.82130432128906,42195,0.0,0.0
2014-06-04 00:00:00+08:00,97.98619096734551,99.09967041015625,97.98619096734551,99.09967041015625,16100,0.0,0.0
2014-06-05 00:00:00+08:00,98.82130819991981,99.65641784667969,98.26456843541321,99.65641784667969,60171,0.0,0.0
2014-06-06 00:00:00+08:00,99.65642167200285,99.9347915649414,99.09968188612575,99.9347915649414,76170,0.0,0.0
2014-06-09 00:00:00+08:00,99.93478772893299,99.93478772893299,99.0996780821731,99.65641784667969,47713,0.0,0.0
2014-06-10 00:00:00+08:00,99.65641784667969,99.93478772893299,99.65641784667969,99.65641784667969,57700,0.0,0.0
2014-06-11 00:00:00+08:00,99.65642167200285,99.9347915649414,99.09968188612575,99.9347915649414,47900,0.0,0.0
2014-06-12 00:00:00+08:00,99.9347915649414,100.21316145787996,99.65642167200285,99.9347915649414,24240,0.0,0.0
2014-06-13 00:00:00+08:00,99.9347915649414,100.21316145787996,99.9347915649414,99.9347915649414,40200,0.0,0.0
2014-06-16 00:00:00+08:00,99.93478399894904,100.76989361453914,99.93478399894904,100.49152374267578,105230,0.0,0.0
2014-06-17 00:00:00+08:00,99.9347915649414,100.21316145787996,99.65642167200285,99.9347915649414,29138,0.0,0.0
2014-06-18 00:00:00+08:00,99.93478016323512,100.21315002441405,99.93478016323512,100.21315002441406,38044,0.0,0.0
2014-06-19 00:00:00+08:00,100.21316145787996,100.21316145787996,99.9347915649414,99.9347915649414,18100,0.0,0.0
2014-06-20 00:00:00+08:00,99.93478016323512,100.49151988559298,99.93478016323512,100.21315002441406,69563,0.0,0.0
2014-06-23 00:00:00+08:00,99.9347915649414,100.21316145787996,99.65642167200285,99.9347915649414,125071,0.0,0.0
2014-06-24 00:00:00+08:00,99.9347915649414,100.21316145787996,99.09968188612575,99.9347915649414,61238,0.0,0.0
2014-06-25 00:00:00+08:00,100.21316145787996,100.21316145787996,99.65642167200285,99.9347915649414,16200,0.0,0.0
2014-06-26 00:00:00+08:00,99.93478016323512,100.21315002441405,99.37804044087727,100.21315002441406,67100,0.0,0.0
2014-06-27 00:00:00+08:00,99.93478387143432,99.93478387143432,99.37804412841798,99.37804412841797,51162,0.0,0.0
2014-06-30 00:00:00+08:00,99.37805177906431,99.9347915649414,99.09968188612575,99.9347915649414,68000,0.0,0.0
2014-07-01 00:00:00+08:00,99.09967041015625,99.37804027085893,98.82130054945357,99.09967041015625,66497,0.0,0.0
2014-07-02 00:00:00+08:00,99.09967419261665,99.6564139352718,98.54293444996149,98.82130432128906,53198,0.0,0.0
2014-07-03 00:00:00+08:00,98.54293451389346,99.37804412841798,97.70782489936893,99.37804412841797,65130,0.0,0.0
2014-07-04 00:00:00+08:00,99.09968566894531,99.09968566894531,98.26457595825195,98.5429458618164,33765,0.0,0.0
2014-07-07 00:00:00+08:00,98.5429458618164,98.5429458618164,97.9862060546875,98.5429458618164,18072,0.0,0.0
2014-07-08 00:00:00+08:00,98.54293451389346,99.37804412841798,98.54293451389346,99.37804412841797,9100,0.0,0.0
2014-07-09 00:00:00+08:00,99.37804027085893,99.65641013156163,99.09967041015625,99.09967041015625,21150,0.0,0.0
2014-07-10 00:00:00+08:00,99.09967419261665,99.37804406394422,98.54293444996149,98.82130432128906,32077,0.0,0.0
2014-07-11 00:00:00+08:00,98.54293444996149,99.37804406394422,98.54293444996149,98.82130432128906,31600,0.0,0.0
2014-07-14 00:00:00+08:00,99.09967057969834,100.49151988559298,99.09967057969834,100.21315002441406,67201,0.0,0.0
2014-07-15 00:00:00+08:00,100.21315761118629,100.21315761118629,99.65641784667969,99.65641784667969,90102,0.0,0.0
2014-07-16 00:00:00+08:00,99.65642167200285,100.21316145787996,99.65642167200285,99.9347915649414,63194,0.0,0.0
2014-07-17 00:00:00+08:00,99.93478772893299,100.21315761118629,99.0996780821731,99.65641784667969,56050,0.0,0.0
2014-07-18 00:00:00+08:00,99.65642167200285,99.9347915649414,99.37805177906431,99.9347915649414,31350,0.0,0.0
2014-07-21 00:00:00+08:00,99.93478406165256,101.04826354980469,99.93478406165256,101.04826354980469,203666,0.0,0.0
2014-07-22 00:00:00+08:00,101.04826734342629,101.60500710840384,100.21315769595995,100.7698974609375,326131,0.0,0.0
2014-07-23 00:00:00+08:00,100.7698974609375,100.7698974609375,100.7698974609375,100.7698974609375,0,0.0,0.0
2014-07-24 00:00:00+08:00,101.95007437894543,102.53599434664052,101.0711944274028,102.24303436279297,167310,9.014251,0.0
2014-07-25 00:00:00+08:00,102.53600311279298,102.53600311279298,101.36416307721821,102.53600311279297,53470,0.0,0.0
2014-07-28 00:00:00+08:00,102.24305509627725,102.24305509627725,101.36417496650981,101.65713500976562,28120,0.0,0.0
2014-07-29 00:00:00+08:00,102.53599320334949,102.53599320334949,101.95007324218749,101.9500732421875,47241,0.0,0.0
2014-07-30 00:00:00+08:00,101.95007437894543,102.24303436279298,101.36415441125034,102.24303436279297,23462,0.0,0.0
2014-07-31 00:00:00+08:00,101.3641532810255,101.95007324218749,101.3641532810255,101.9500732421875,17397,0.0,0.0
2014-08-01 00:00:00+08:00,101.9500851838485,101.9500851838485,101.07120513916016,101.07120513916016,23300,0.0,0.0
2014-08-04 00:00:00+08:00,101.36416515405627,101.36416515405627,101.07120513916016,101.07120513916016,20121,0.0,0.0
2014-08-05 00:00:00+08:00,101.36416292329571,101.36416292329571,100.19232288950037,100.48528289794922,38750,0.0,0.0
2014-08-06 00:00:00+08:00,100.19232609841676,100.19232609841676,98.434565991427,99.31344604492188,98500,0.0,0.0
2014-08-07 00:00:00+08:00,99.31343728691868,99.31343728691868,97.84863732693464,99.02047729492188,65185,0.0,0.0
2014-08-08 00:00:00+08:00,98.14160267512003,99.02048269907633,98.14160267512003,98.43456268310547,41013,0.0,0.0
2014-08-11 00:00:00+08:00,99.02048821323429,99.89936828613283,99.02048821323429,99.89936828613281,13520,0.0,0.0
2014-08-12 00:00:00+08:00,99.89936272303262,99.89936272303262,98.43456268310547,98.43456268310547,87200,0.0,0.0
2014-08-13 00:00:00+08:00,98.43457139917933,99.31345150095771,98.43457139917933,98.72753143310547,41458,0.0,0.0
2014-08-14 00:00:00+08:00,99.31345150095771,99.89937156880997,98.72753143310545,98.72753143310547,43500,0.0,0.0
2014-08-15 00:00:00+08:00,99.02047729492188,99.02047729492188,98.72751730292507,99.02047729492188,16600,0.0,0.0
2014-08-18 00:00:00+08:00,99.31344604492188,99.31344604492188,99.02048602709024,99.31344604492188,38703,0.0,0.0
2014-08-19 00:00:00+08:00,99.31343728691868,99.6063972789155,99.02047729492188,99.02047729492188,50435,0.0,0.0
2014-08-20 00:00:00+08:00,99.31343728691868,99.31343728691868,99.02047729492188,99.02047729492188,27254,0.0,0.0
2014-08-21 00:00:00+08:00,99.31343728691868,99.31343728691868,98.72751730292507,99.02047729492188,52500,0.0,0.0
2014-08-22 00:00:00+08:00,99.31344270706177,99.31344270706177,98.43456268310547,98.43456268310547,76800,0.0,0.0
2014-08-25 00:00:00+08:00,99.31345150095771,99.60641153488385,98.72753143310545,98.72753143310547,50500,0.0,0.0
2014-08-26 00:00:00+08:00,99.31344270706177,99.31344270706177,98.43456268310547,98.43456268310547,75015,0.0,0.0
2014-08-27 00:00:00+08:00,98.434565991427,99.31344604492188,98.434565991427,99.31344604492188,21441,0.0,0.0
2014-08-28 00:00:00+08:00,99.31345475140739,99.60641479492186,99.31345475140739,99.60641479492188,37350,0.0,0.0
2014-08-29 00:00:00+08:00,99.6064060627535,99.6064060627535,99.31344604492188,99.31344604492188,47350,0.0,0.0
2014-09-01 00:00:00+08:00,99.60640826183331,100.19232831043233,99.60640826183331,99.89936828613281,86101,0.0,0.0
2014-09-02 00:00:00+08:00,100.192323995191,101.65712405360023,100.192323995191,100.77824401855469,174154,0.0,0.0
2014-09-03 00:00:00+08:00,101.071214923254,101.65713500976562,101.071214923254,101.65713500976562,100740,0.0,0.0
2014-09-04 00:00:00+08:00,101.6571230861119,104.58672317504883,101.6571230861119,102.53600311279297,174661,0.0,0.0
2014-09-05 00:00:00+08:00,103.4148930202831,103.4148930202831,102.53601290962914,103.12193298339844,60578,0.0,0.0
2014-09-09 00:00:00+08:00,103.4148930202831,103.4148930202831,103.12193298339844,103.12193298339844,55110,0.0,0.0
2014-09-10 00:00:00+08:00,103.12191659432871,103.12191659432871,102.8289566040039,102.8289566040039,56120,0.0,0.0
2014-09-11 00:00:00+08:00,103.41488313947406,103.70784314836776,102.53600311279298,102.53600311279297,69525,0.0,0.0
2014-09-12 00:00:00+08:00,102.53600521364073,102.53600521364073,100.77824512426405,101.07120513916016,77290,0.0,0.0
2014-09-15 00:00:00+08:00,101.07120403023654,101.36416404191839,100.7782440185547,100.77824401855469,26000,0.0,0.0
2014-09-16 00:00:00+08:00,100.77824835903135,100.77824835903135,99.89936828613283,99.89936828613281,18209,0.0,0.0
2014-09-17 00:00:00+08:00,100.7782440185547,100.7782440185547,100.48528400687285,100.77824401855469,37100,0.0,0.0
2014-09-18 00:00:00+08:00,100.77824178773758,100.77824178773758,99.89936177214685,100.19232177734375,77171,0.0,0.0
2014-09-19 00:00:00+08:00,101.07120179293449,101.07120179293449,99.89936177214685,100.19232177734375,86320,0.0,0.0
2014-09-22 00:00:00+08:00,101.07120838333086,101.07120838333086,99.89936828613283,99.89936828613281,38744,0.0,0.0
2014-09-23 00:00:00+08:00,99.89937483843634,100.19233488195081,99.31345475140739,99.60641479492188,74300,0.0,0.0
2014-09-24 00:00:00+08:00,99.60641479492186,99.60641479492186,99.31345475140739,99.60641479492188,77600,0.0,0.0
2014-09-25 00:00:00+08:00,99.6063972789155,99.8993572709123,98.72751730292507,99.02047729492188,71220,0.0,0.0
2014-09-26 00:00:00+08:00,98.43455391499533,98.7275138968852,98.14159393310545,98.14159393310547,96400,0.0,0.0
2014-09-29 00:00:00+08:00,98.43455391499533,98.43455391499533,97.55567396932572,98.14159393310547,69275,0.0,0.0
2014-09-30 00:00:00+08:00,98.14159704479206,98.14159704479206,96.96975708007812,96.96975708007812,122960,0.0,0.0
2014-10-01 00:00:00+08:00,97.26272280501206,100.48528289794922,97.26272280501206,100.48528289794922,61600,0.0,0.0
2014-10-02 00:00:00+08:00,99.02048821323429,99.89936828613283,98.72752818893478,99.89936828613281,26060,0.0,0.0
2014-10-03 00:00:00+08:00,99.89936608058512,100.19232609841676,99.31344604492188,99.31344604492188,46530,0.0,0.0
2014-10-06 00:00:00+08:00,99.60640397182732,100.7782440185547,99.60640397182732,100.77824401855469,30500,0.0,0.0
2014-10-07 00:00:00+08:00,101.07120838333086,101.07120838333086,99.89936828613283,99.89936828613281,15350,0.0,0.0
2014-10-08 00:00:00+08:00,99.60640176694993,100.19232177734375,99.60640176694993,100.19232177734375,27670,0.0,0.0
2014-10-09 00:00:00+08:00,100.19231726290911,100.19231726290911,99.02047729492188,99.02047729492188,22100,0.0,0.0
2014-10-13 00:00:00+08:00,97.55567819526397,98.14159818442471,97.2627182006836,97.2627182006836,48620,0.0,0.0
2014-10-14 00:00:00+08:00,97.2627182006836,98.14159818442471,97.2627182006836,97.2627182006836,100100,0.0,0.0
2014-10-15 00:00:00+08:00,97.26271285553891,97.84863281249999,96.96975287705837,97.8486328125,43210,0.0,0.0
2014-10-16 00:00:00+08:00,97.26270411036036,97.84862401463964,96.67678420608108,97.5556640625,107300,0.0,0.0
2014-10-17 00:00:00+08:00,97.5556770624351,97.5556770624351,96.67679708889965,96.96975708007812,58300,0.0,0.0
2014-10-20 00:00:00+08:00,97.84862401463964,97.84862401463964,97.26270411036036,97.5556640625,24152,0.0,0.0
2014-10-21 00:00:00+08:00,97.84862401463964,97.84862401463964,97.26270411036036,97.5556640625,21350,0.0,0.0
2014-10-22 00:00:00+08:00,97.84862401463964,97.84862401463964,96.96974415822072,97.5556640625,26390,0.0,0.0
2014-10-23 00:00:00+08:00,97.5556770624351,97.5556770624351,96.67679708889965,96.96975708007812,61350,0.0,0.0
2014-10-24 00:00:00+08:00,96.96975708007812,97.2627170712566,96.67679708889965,96.96975708007812,26140,0.0,0.0
2014-10-27 00:00:00+08:00,96.96977348914513,96.96977348914513,95.2120132446289,95.2120132446289,47166,0.0,0.0
2014-10-28 00:00:00+08:00,95.2120099748884,96.38385009765625,95.2120099748884,96.38385009765625,46110,0.0,0.0
2014-10-29 00:00:00+08:00,97.2627170712566,97.2627170712566,96.67679708889965,96.96975708007812,34313,0.0,0.0
2014-10-30 00:00:00+08:00,96.96975909274049,96.96975909274049,95.21199910918628,95.50495910644531,79382,0.0,0.0
2014-10-31 00:00:00+08:00,96.09088897705078,96.09088897705078,95.79792894968172,96.09088897705078,35580,0.0,0.0
2014-11-03 00:00:00+08:00,96.67679909548146,96.67679909548146,95.50495910644531,95.50495910644531,54200,0.0,0.0
2014-11-04 00:00:00+08:00,96.09089336688702,96.09089336688702,95.2120132446289,95.2120132446289,53290,0.0,0.0
2014-11-05 00:00:00+08:00,95.50497000558036,96.67681012834822,95.2120099748884,96.38385009765625,101100,0.0,0.0
2014-11-06 00:00:00+08:00,96.38385009765625,96.38385009765625,95.79793003627233,96.38385009765625,18230,0.0,0.0
2014-11-07 00:00:00+08:00,96.09089006696429,96.38385009765625,95.79793003627233,96.38385009765625,7195,0.0,0.0
2014-11-10 00:00:00+08:00,96.38384357799183,96.67680358886719,96.38384357799183,96.67680358886719,40020,0.0,0.0
2014-11-11 00:00:00+08:00,96.67680358886719,96.67680358886719,96.09088356711648,96.67680358886719,30300,0.0,0.0
2014-11-12 00:00:00+08:00,96.67679708889965,97.5556770624351,96.67679708889965,96.96975708007812,33200,0.0,0.0
2014-11-13 00:00:00+08:00,97.2627170712566,97.5556770624351,96.96975708007812,96.96975708007812,10046,0.0,0.0
2014-11-14 00:00:00+08:00,96.96975708007812,96.96975708007812,96.67679708889965,96.96975708007812,15850,0.0,0.0
2014-11-17 00:00:00+08:00,96.96976359974255,97.2627236106179,96.67680358886719,96.67680358886719,16230,0.0,0.0
2014-11-18 00:00:00+08:00,97.262729086527,97.262729086527,96.09088897705078,96.09088897705078,21100,0.0,0.0
2014-11-19 00:00:00+08:00,96.38384900441983,96.96976905915794,96.09088897705078,96.09088897705078,19628,0.0,0.0
2014-11-20 00:00:00+08:00,96.96975708007812,96.96975708007812,96.96975708007812,96.96975708007812,4093,0.0,0.0
2014-11-21 00:00:00+08:00,96.96977015904018,96.96977015904018,96.09089006696429,96.38385009765625,14362,0.0,0.0
2014-11-24 00:00:00+08:00,96.67679708889965,96.96975708007812,96.38383709772116,96.96975708007812,25768,0.0,0.0
2014-11-25 00:00:00+08:00,96.96976905915794,97.262729086527,96.09088897705078,96.09088897705078,58210,0.0,0.0
2014-11-26 00:00:00+08:00,96.09087710654268,96.96975708007812,96.09087710654268,96.96975708007812,26276,0.0,0.0
2014-11-27 00:00:00+08:00,96.67680903178889,96.67680903178889,95.79792894968172,96.09088897705078,71716,0.0,0.0
2014-11-28 00:00:00+08:00,96.38384900441983,96.38384900441983,96.09088897705078,96.09088897705078,27060,0.0,0.0
2014-12-01 00:00:00+08:00,94.33312773631619,95.79792785644531,94.33312773631619,95.79792785644531,26230,0.0,0.0
2014-12-02 00:00:00+08:00,95.79792785644531,95.79792785644531,95.79792785644531,95.79792785644531,116550,0.0,0.0
2014-12-03 00:00:00+08:00,96.67680358886719,96.67680358886719,96.67680358886719,96.67680358886719,162862,0.0,0.0
2014-12-04 00:00:00+08:00,96.38385009765625,96.38385009765625,96.38385009765625,96.38385009765625,116518,0.0,0.0
2014-12-05 00:00:00+08:00,96.09088897705078,96.09088897705078,95.79792894968172,96.09088897705078,28240,0.0,0.0
2014-12-08 00:00:00+08:00,96.09088897705078,96.67680903178889,96.09088897705078,96.09088897705078,25499,0.0,0.0
2014-12-09 00:00:00+08:00,96.09088897705078,96.09088897705078,95.50496892231266,96.09088897705078,35556,0.0,0.0
2014-12-10 00:00:00+08:00,95.79793332613431,95.79793332613431,95.2120132446289,95.2120132446289,40228,0.0,0.0
2014-12-11 00:00:00+08:00,95.50495910644531,95.50495910644531,95.21199910918628,95.50495910644531,43188,0.0,0.0
2014-12-12 00:00:00+08:00,95.79792785644531,96.67680792852279,95.79792785644531,95.79792785644531,40307,0.0,0.0
2014-12-15 00:00:00+08:00,95.50497328538161,95.50497328538161,95.2120132446289,95.2120132446289,79135,0.0,0.0
2014-12-16 00:00:00+08:00,95.2120132446289,95.2120132446289,94.9190532038762,95.2120132446289,30465,0.0,0.0
2014-12-17 00:00:00+08:00,95.21199571827985,95.21199571827985,94.6260757446289,94.6260757446289,47050,0.0,0.0
2014-12-18 00:00:00+08:00,94.91905212402344,95.50497219886309,94.33313204918377,94.91905212402344,84484,0.0,0.0
2014-12-19 00:00:00+08:00,95.2120099748884,95.2120099748884,94.3331298828125,94.3331298828125,37150,0.0,0.0
2014-12-22 00:00:00+08:00,95.21199571827985,95.21199571827985,94.33311575780343,94.6260757446289,64125,0.0,0.0
2014-12-23 00:00:00+08:00,94.3331298828125,94.62608991350447,94.04016985212054,94.3331298828125,139412,0.0,0.0
2014-12-24 00:00:00+08:00,94.33311575780343,94.6260757446289,94.04015577097795,94.6260757446289,74500,0.0,0.0
2014-12-25 00:00:00+08:00,94.3331298828125,94.62608991350447,94.3331298828125,94.3331298828125,63375,0.0,0.0
2014-12-26 00:00:00+08:00,94.6260757446289,94.6260757446289,94.04015577097795,94.6260757446289,51590,0.0,0.0
2014-12-29 00:00:00+08:00,94.91903911192725,95.79791910370434,94.91903911192725,95.50495910644531,72448,0.0,0.0
2014-12-30 00:00:00+08:00,95.7979322362829,95.7979322362829,94.6260920866036,94.91905212402344,66300,0.0,0.0
2014-12-31 00:00:00+08:00,95.50495910644531,95.50495910644531,94.91903911192725,95.50495910644531,27772,0.0,0.0
2015-01-05 00:00:00+08:00,95.50497219886309,95.50497219886309,94.91905212402344,94.91905212402344,40595,0.0,0.0
2015-01-06 00:00:00+08:00,94.91905212402344,95.21201216144325,94.6260920866036,94.91905212402344,81313,0.0,0.0
2015-01-07 00:00:00+08:00,94.91903911192725,95.50495910644531,94.91903911192725,95.50495910644531,14410,0.0,0.0
2015-01-08 00:00:00+08:00,95.50496892231266,96.38384900441983,95.21200889494361,96.09088897705078,74606,0.0,0.0
2015-01-09 00:00:00+08:00,96.09088897705078,96.38384900441983,95.79792894968172,96.09088897705078,48445,0.0,0.0
2015-01-12 00:00:00+08:00,96.09089006696429,96.67681012834822,96.09089006696429,96.38385009765625,39339,0.0,0.0
2015-01-13 00:00:00+08:00,96.38383709772116,97.2627170712566,96.38383709772116,96.96975708007812,81688,0.0,0.0
2015-01-14 00:00:00+08:00,97.2627170712566,97.2627170712566,96.67679708889965,96.96975708007812,24200,0.0,0.0
2015-01-15 00:00:00+08:00,96.96977015904018,96.96977015904018,96.38385009765625,96.38385009765625,21162,0.0,0.0
2015-01-16 00:00:00+08:00,96.38383909822242,96.38383909822242,95.50495910644531,95.50495910644531,42205,0.0,0.0
2015-01-19 00:00:00+08:00,95.79791910370434,96.09087910096339,95.50495910644531,95.50495910644531,42140,0.0,0.0
2015-01-20 00:00:00+08:00,95.5049678324195,95.79792785644531,95.5049678324195,95.79792785644531,17432,0.0,0.0
2015-01-21 00:00:00+08:00,95.79792785644531,95.79792785644531,95.5049678324195,95.79792785644531,24333,0.0,0.0
2015-01-22 00:00:00+08:00,95.79791910370434,96.09087910096339,95.50495910644531,95.50495910644531,26269,0.0,0.0
2015-01-23 00:00:00+08:00,95.79791910370434,96.09087910096339,95.50495910644531,95.50495910644531,24070,0.0,0.0
2015-01-26 00:00:00+08:00,95.50495910644531,95.79791910370434,95.50495910644531,95.50495910644531,24120,0.0,0.0
2015-01-27 00:00:00+08:00,95.21200780839366,95.79792785644531,94.91904778436783,95.79792785644531,40321,0.0,0.0
2015-01-28 00:00:00+08:00,95.79791910370434,95.79791910370434,95.21199910918628,95.50495910644531,19140,0.0,0.0
2015-01-29 00:00:00+08:00,95.50495910644531,96.38383909822242,95.50495910644531,95.50495910644531,54750,0.0,0.0
2015-01-30 00:00:00+08:00,95.79792894968172,96.38384900441983,95.79792894968172,96.09088897705078,24308,0.0,0.0
2015-02-02 00:00:00+08:00,96.09088788047114,96.09088788047114,95.5049678324195,95.79792785644531,11061,0.0,0.0
2015-02-03 00:00:00+08:00,95.79792785644531,96.09088788047114,95.79792785644531,95.79792785644531,21000,0.0,0.0
2015-02-04 00:00:00+08:00,96.09088356711648,96.67680358886719,95.79792355624112,96.67680358886719,35251,0.0,0.0
2015-02-05 00:00:00+08:00,96.67681012834822,96.67681012834822,96.09089006696429,96.38385009765625,17225,0.0,0.0
2015-02-06 00:00:00+08:00,96.09088897705078,96.38384900441983,95.79792894968172,96.09088897705078,34425,0.0,0.0
2015-02-09 00:00:00+08:00,96.38383292009729,98.7275127479416,96.38383292009729,97.8486328125,170645,0.0,0.0
2015-02-10 00:00:00+08:00,97.84863818984434,98.14159818442471,96.67679821152284,97.2627182006836,25304,0.0,0.0
2015-02-11 00:00:00+08:00,97.2627182006836,97.55567819526397,96.67679821152284,97.2627182006836,52371,0.0,0.0
2015-02-12 00:00:00+08:00,96.96976359974255,96.96976359974255,96.09088356711648,96.67680358886719,23502,0.0,0.0
2015-02-13 00:00:00+08:00,96.67681012834822,96.67681012834822,96.38385009765625,96.38385009765625,27250,0.0,0.0
2015-02-24 00:00:00+08:00,96.38385009765625,96.67681012834822,96.09089006696429,96.38385009765625,29450,0.0,0.0
2015-02-25 00:00:00+08:00,96.38384790449697,96.38384790449697,95.79792785644531,95.79792785644531,39506,0.0,0.0
2015-02-26 00:00:00+08:00,96.09088788047114,96.38384790449697,95.79792785644531,95.79792785644531,39747,0.0,0.0
2015-03-02 00:00:00+08:00,95.79792894968172,96.67680903178889,95.79792894968172,96.09088897705078,28437,0.0,0.0
2015-03-03 00:00:00+08:00,96.96975708007812,96.96975708007812,96.38383709772116,96.96975708007812,19304,0.0,0.0
2015-03-04 00:00:00+08:00,96.96976359974255,96.96976359974255,96.67680358886719,96.67680358886719,38600,0.0,0.0
2015-03-05 00:00:00+08:00,96.969754005546,98.14159393310545,96.969754005546,98.14159393310547,99402,0.0,0.0
2015-03-06 00:00:00+08:00,98.14160174096537,100.19232177734375,98.14160174096537,100.19232177734375,147820,0.0,0.0
2015-03-09 00:00:00+08:00,100.19232288950037,100.77824290639805,99.60640287260271,100.48528289794922,113079,0.0,0.0
2015-03-10 00:00:00+08:00,100.48528289794922,100.77824290639805,99.02048285570505,100.48528289794922,105450,0.0,0.0
2015-03-11 00:00:00+08:00,99.60641479492186,100.77825496897977,99.60641479492186,99.60641479492188,89210,0.0,0.0
2015-03-12 00:00:00+08:00,99.89936608058512,99.89936608058512,99.02048602709024,99.31344604492188,27177,0.0,0.0
2015-03-13 00:00:00+08:00,99.02048175655611,100.19232177734375,99.02048175655611,100.19232177734375,57105,0.0,0.0
2015-03-16 00:00:00+08:00,100.19232177734375,100.19232177734375,100.19232177734375,100.19232177734375,0,0.0,0.0
2015-03-17 00:00:00+08:00,100.77824290639805,100.77824290639805,99.60640287260271,100.48528289794922,92320,0.0,0.0
2015-03-18 00:00:00+08:00,101.07120403023654,101.36416404191839,100.48528400687285,100.77824401855469,66420,0.0,0.0
2015-03-19 00:00:00+08:00,101.0711944274028,102.53599434664052,101.0711944274028,102.24303436279297,130345,0.0,0.0
2015-03-20 00:00:00+08:00,102.24304310389928,102.53600311279298,101.6571230861119,102.53600311279297,104273,0.0,0.0
2015-03-23 00:00:00+08:00,102.53599320334949,102.53599320334949,101.6571132616065,101.9500732421875,68055,0.0,0.0
2015-03-24 00:00:00+08:00,101.95007437894543,102.24303436279298,101.65711439509789,102.24303436279297,50175,0.0,0.0
2015-03-25 00:00:00+08:00,101.95008406528207,102.24304407696393,100.192323995191,100.77824401855469,46530,0.0,0.0
2015-03-26 00:00:00+08:00,100.192323995191,101.07120403023654,99.89936398350916,100.77824401855469,39413,0.0,0.0
2015-03-27 00:00:00+08:00,100.77824290639805,100.77824290639805,99.89936288105154,100.48528289794922,29200,0.0,0.0
2015-03-30 00:00:00+08:00,100.4852862054902,101.36416625976562,100.4852862054902,101.36416625976562,36603,0.0,0.0
2015-03-31 00:00:00+08:00,101.36415441125034,102.53599434664052,101.36415441125034,102.24303436279297,80343,0.0,0.0
2015-04-01 00:00:00+08:00,102.24304407696393,102.24304407696393,100.192323995191,100.77824401855469,48548,0.0,0.0
2015-04-02 00:00:00+08:00,100.7782333198635,101.95007324218749,100.7782333198635,101.9500732421875,54663,0.0,0.0
2015-04-07 00:00:00+08:00,101.65711471471894,104.58671456240536,101.65711471471894,104.29375457763672,136919,0.0,0.0
2015-04-08 00:00:00+08:00,104.2937565556279,104.2937565556279,102.53599661367912,102.8289566040039,59150,0.0,0.0
2015-04-09 00:00:00+08:00,102.82896312168667,103.41488313947406,102.53600311279298,102.53600311279297,47350,0.0,0.0
2015-04-10 00:00:00+08:00,102.8289566040039,103.41487658465351,102.53599661367912,102.8289566040039,34263,0.0,0.0
2015-04-13 00:00:00+08:00,102.82895996610998,104.00079996572377,102.53599996620653,103.70783996582031,68464,0.0,0.0
2015-04-14 00:00:00+08:00,103.70783996582033,103.70783996582033,102.53599996620653,103.70783996582031,17244,0.0,0.0
2015-04-15 00:00:00+08:00,103.12191659432871,103.12191659432871,101.95007663302952,102.8289566040039,32750,0.0,0.0
2015-04-16 00:00:00+08:00,102.8289566040039,103.12191659432871,102.24303662335431,102.8289566040039,36242,0.0,0.0
2015-04-17 00:00:00+08:00,102.53601513953305,102.53601513953305,101.65713500976562,101.65713500976562,30437,0.0,0.0
2015-04-20 00:00:00+08:00,101.6571230861119,102.53600311279298,101.07120306832451,102.53600311279297,23663,0.0,0.0
2015-04-21 00:00:00+08:00,102.53600633213286,102.82896635022466,101.07120624167382,101.36416625976562,62390,0.0,0.0
2015-04-22 00:00:00+08:00,101.07120624167382,102.24304631404105,101.07120624167382,101.36416625976562,38095,0.0,0.0
2015-04-23 00:00:00+08:00,101.36415441125034,102.24303436279298,101.36415441125034,102.24303436279297,41185,0.0,0.0
2015-04-24 00:00:00+08:00,101.95007437894543,102.24303436279298,101.65711439509789,102.24303436279297,30056,0.0,0.0
2015-04-27 00:00:00+08:00,102.24303662335431,103.41487658465351,102.24303662335431,102.8289566040039,110303,0.0,0.0
2015-04-28 00:00:00+08:00,102.53601290962914,103.12193298339844,102.53601290962914,103.12193298339844,32814,0.0,0.0
2015-04-29 00:00:00+08:00,103.12192313058037,103.12192313058037,101.9500830950056,102.53600311279297,38050,0.0,0.0
2015-04-30 00:00:00+08:00,102.53601290962914,103.70785305716775,102.24305287274447,103.12193298339844,70410,0.0,0.0
2015-05-04 00:00:00+08:00,103.12191659432871,103.41487658465351,102.8289566040039,102.8289566040039,29013,0.0,0.0
2015-05-05 00:00:00+08:00,103.12193298339844,103.12193298339844,102.82897294651379,103.12193298339844,40306,0.0,0.0
2015-05-06 00:00:00+08:00,103.12191431433561,103.12191431433561,101.95007437894543,102.24303436279297,47125,0.0,0.0
2015-05-07 00:00:00+08:00,102.24304631404105,102.24304631404105,101.36416625976562,101.36416625976562,40199,0.0,0.0
2015-05-08 00:00:00+08:00,101.65711439509789,102.24303436279298,101.65711439509789,102.24303436279297,17500,0.0,0.0
2015-05-11 00:00:00+08:00,101.65713500976562,101.95009505302143,101.36417496650981,101.65713500976562,31135,0.0,0.0
2015-05-12 00:00:00+08:00,101.95009505302143,102.24305509627725,101.65713500976562,101.65713500976562,23156,0.0,0.0
2015-05-13 00:00:00+08:00,101.95008629594923,101.95008629594923,101.36416625976562,101.36416625976562,31100,0.0,0.0
2015-05-14 00:00:00+08:00,101.36416292329571,101.36416292329571,99.60640287260271,100.48528289794922,74270,0.0,0.0
2015-05-15 00:00:00+08:00,100.48528510936792,101.07120513916016,100.19232509447181,101.07120513916016,33050,0.0,0.0
2015-05-18 00:00:00+08:00,100.7782440185547,101.07120403023654,100.48528400687285,100.77824401855469,31304,0.0,0.0
2015-05-19 00:00:00+08:00,100.77824290639805,100.77824290639805,100.48528289794922,100.48528289794922,43250,0.0,0.0
2015-05-20 00:00:00+08:00,100.77824512426405,101.9500851838485,100.77824512426405,101.07120513916016,60067,0.0,0.0
2015-05-21 00:00:00+08:00,101.07120513916016,101.36416515405627,100.19232509447181,101.07120513916016,105200,0.0,0.0
2015-05-22 00:00:00+08:00,101.07120403023654,101.36416404191839,100.7782440185547,100.77824401855469,22057,0.0,0.0
2015-05-25 00:00:00+08:00,100.778246223582,101.36416625976562,99.89936616930659,101.36416625976562,22566,0.0,0.0
2015-05-26 00:00:00+08:00,101.36417496650981,101.95009505302143,101.36417496650981,101.65713500976562,35500,0.0,0.0
2015-05-27 00:00:00+08:00,101.65712293174454,101.65712293174454,100.48528289794922,100.48528289794922,41622,0.0,0.0
2015-05-28 00:00:00+08:00,100.7782440185547,101.36416404191839,100.7782440185547,100.77824401855469,18051,0.0,0.0
2015-05-29 00:00:00+08:00,101.071214923254,101.65713500976562,100.48529483674238,101.65713500976562,38533,0.0,0.0
2015-06-01 00:00:00+08:00,101.6571132616065,101.95007324218749,100.4852733392825,101.9500732421875,41388,0.0,0.0
2015-06-02 00:00:00+08:00,100.7782333198635,101.95007324218749,100.7782333198635,101.9500732421875,25150,0.0,0.0
2015-06-03 00:00:00+08:00,101.65712405360023,101.65712405360023,100.7782440185547,100.77824401855469,31250,0.0,0.0
2015-06-04 00:00:00+08:00,101.9500884562294,101.9500884562294,99.89936828613283,99.89936828613281,61489,0.0,0.0
2015-06-05 00:00:00+08:00,99.89936177214685,100.48528178254067,99.31344176175303,100.19232177734375,40142,0.0,0.0
2015-06-08 00:00:00+08:00,99.60640826183331,100.77824835903135,99.60640826183331,99.89936828613281,8012,0.0,0.0
2015-06-09 00:00:00+08:00,99.89936608058512,99.89936608058512,99.31344604492188,99.31344604492188,45010,0.0,0.0
2015-06-10 00:00:00+08:00,99.31345475140739,99.89937483843634,99.31345475140739,99.60641479492188,50450,0.0,0.0
2015-06-11 00:00:00+08:00,99.60640826183331,100.48528833473183,99.60640826183331,99.89936828613281,25853,0.0,0.0
2015-06-12 00:00:00+08:00,100.48528178254067,100.77824178773758,99.89936177214685,100.19232177734375,10199,0.0,0.0
2015-06-15 00:00:00+08:00,100.19232831043233,100.19232831043233,99.60640826183331,99.89936828613281,19204,0.0,0.0
2015-06-16 00:00:00+08:00,99.89937483843634,100.19233488195081,99.31345475140739,99.60641479492188,27071,0.0,0.0
2015-06-17 00:00:00+08:00,99.60641479492186,99.89937483843634,99.31345475140739,99.60641479492188,29000,0.0,0.0
2015-06-18 00:00:00+08:00,101.07121501249425,101.07121501249425,99.60641479492186,99.60641479492188,24320,0.0,0.0
2015-06-22 00:00:00+08:00,100.48528289794922,100.48528289794922,99.89936288105154,100.48528289794922,26155,0.0,0.0
2015-06-23 00:00:00+08:00,100.7782440185547,100.7782440185547,99.60640397182732,100.77824401855469,23118,0.0,0.0
2015-06-24 00:00:00+08:00,100.7782440185547,100.7782440185547,99.60640397182732,100.77824401855469,19071,0.0,0.0
2015-06-25 00:00:00+08:00,100.77824290639805,100.77824290639805,100.19232288950037,100.48528289794922,21230,0.0,0.0
2015-06-26 00:00:00+08:00,100.48528611624839,100.48528611624839,99.02048602709024,99.31344604492188,87569,0.0,0.0
2015-06-29 00:00:00+08:00,99.89936608058512,99.89936608058512,97.84864595576373,99.31344604492188,62525,0.0,0.0
2015-06-30 00:00:00+08:00,99.02048602709024,99.6064060627535,98.72752600925863,99.31344604492188,29187,0.0,0.0
2015-07-01 00:00:00+08:00,99.6064060627535,99.6064060627535,98.434565991427,99.31344604492188,28322,0.0,0.0
2015-07-02 00:00:00+08:00,99.31344270706177,99.31344270706177,98.43456268310547,98.43456268310547,45130,0.0,0.0
2015-07-03 00:00:00+08:00,98.43455731092826,99.02047729492188,98.14159731893145,99.02047729492188,23111,0.0,0.0
2015-07-06 00:00:00+08:00,98.7275226910909,98.7275226910909,98.14160267512003,98.43456268310547,36226,0.0,0.0
2015-07-07 00:00:00+08:00,98.43455731092826,99.02047729492188,98.14159731893145,99.02047729492188,33347,0.0,0.0
2015-07-08 00:00:00+08:00,98.43454391891892,98.43454391891892,97.26270411036036,97.5556640625,68971,0.0,0.0
2015-07-09 00:00:00+08:00,96.96975820610322,97.55567819526397,96.67679821152284,97.2627182006836,48250,0.0,0.0
2015-07-10 00:00:00+08:00,97.2627182006836,97.2627182006836,97.2627182006836,97.2627182006836,0,0.0,0.0
2015-07-13 00:00:00+08:00,97.8486426671346,98.7275226910909,97.8486426671346,98.43456268310547,71170,0.0,0.0
2015-07-14 00:00:00+08:00,98.43456268310547,99.02048269907633,98.43456268310547,98.43456268310547,34350,0.0,0.0
2015-07-15 00:00:00+08:00,98.43455731092826,99.02047729492188,98.14159731893145,99.02047729492188,53299,0.0,0.0
2015-07-16 00:00:00+08:00,99.31345466371916,101.95009505302143,99.02049462046334,101.65713500976562,217367,0.0,0.0
2015-07-17 00:00:00+08:00,101.95009505302143,101.95009505302143,101.071214923254,101.65713500976562,105200,0.0,0.0
2015-07-20 00:00:00+08:00,101.95008294019337,102.53600295709103,100.48528289794922,100.48528289794922,181550,0.0,0.0
2015-07-21 00:00:00+08:00,100.77824290639805,100.77824290639805,100.19232288950037,100.48528289794922,77100,0.0,0.0
2015-07-22 00:00:00+08:00,101.07120291484688,101.07120291484688,100.19232288950037,100.48528289794922,46534,0.0,0.0
2015-07-23 00:00:00+08:00,100.4852949254653,100.77825496897977,99.31345475140739,99.60641479492188,88053,0.0,0.0
2015-07-24 00:00:00+08:00,99.60641479492186,99.89937483843634,98.43457462086396,99.60641479492188,78295,0.0,0.0
2015-07-27 00:00:00+08:00,98.72753143310545,99.60641153488385,98.43457139917933,98.72753143310547,108145,0.0,0.0
2015-07-28 00:00:00+08:00,97.8486426671346,99.31344270706177,97.8486426671346,98.43456268310547,86202,0.0,0.0
2015-07-29 00:00:00+08:00,98.43455391499533,99.02047387877506,97.55567396932572,98.14159393310547,96854,0.0,0.0
2015-07-30 00:00:00+08:00,98.43456268310547,98.7275226910909,98.14160267512003,98.43456268310547,98310,0.0,0.0
2015-07-31 00:00:00+08:00,98.43455276946106,98.7275127479416,97.55567283401945,97.8486328125,61300,0.0,0.0
2015-08-03 00:00:00+08:00,98.43455703597054,98.43455703597054,96.96975708007812,96.96975708007812,111268,0.0,0.0
2015-08-04 00:00:00+08:00,96.67679499653936,97.55567495105336,96.09087502686337,90.5246353149414,213486,0.0,0.0
2015-08-05 00:00:00+08:00,97.22902816628056,98.78718566894531,96.60576516521466,98.78718566894531,199781,9.256905,0.0
2015-08-06 00:00:00+08:00,98.7871869244153,99.09881842890871,98.16392391542844,98.47555541992188,69587,0.0,0.0
2015-08-07 00:00:00+08:00,98.47555416841236,99.09881716947827,97.85229116734646,98.78718566894531,66163,0.0,0.0
2015-08-10 00:00:00+08:00,98.47555416841236,99.41044867001122,98.47555416841236,98.78718566894531,74200,0.0,0.0
2015-08-11 00:00:00+08:00,99.7220687866211,100.65696318149567,99.7220687866211,99.7220687866211,91344,0.0,0.0
2015-08-12 00:00:00+08:00,99.09880585670471,99.7220687866211,98.78717439174653,99.7220687866211,69314,0.0,0.0
2015-08-13 00:00:00+08:00,100.34533171653749,100.34533171653749,99.41043732166291,99.7220687866211,83700,0.0,0.0
2015-08-14 00:00:00+08:00,100.34532808002672,100.6569595336914,99.72206517269737,100.6569595336914,85530,0.0,0.0
2015-08-17 00:00:00+08:00,100.65696383097085,104.7081729015672,99.41043796309505,103.4616470336914,255912,0.0,0.0
2015-08-18 00:00:00+08:00,103.15003588141465,103.15003588141465,102.21514129638673,102.21514129638672,48750,0.0,0.0
2015-08-19 00:00:00+08:00,102.21512050628662,102.21512050628662,98.78717439174653,99.7220687866211,158333,0.0,0.0
2015-08-20 00:00:00+08:00,100.34533171653749,100.34533171653749,99.41043732166291,99.7220687866211,43210,0.0,0.0
2015-08-21 00:00:00+08:00,99.72207891116352,99.72207891116352,98.16392142817658,99.09881591796875,62751,0.0,0.0
2015-08-24 00:00:00+08:00,98.16392128284161,98.16392128284161,95.35923781761757,97.2290267944336,141137,0.0,0.0
2015-08-25 00:00:00+08:00,95.35924403286911,96.60577009865825,95.35924403286911,95.6708755493164,181566,0.0,0.0
2015-08-26 00:00:00+08:00,95.6708755493164,95.98250706576368,94.42434948352727,95.6708755493164,136429,0.0,0.0
2015-08-27 00:00:00+08:00,95.98249298295164,96.29412445367552,95.3592300415039,95.3592300415039,125710,0.0,0.0
2015-08-28 00:00:00+08:00,95.98249958269892,99.09881450421513,95.98249958269892,97.54065704345703,172350,0.0,0.0
2015-08-31 00:00:00+08:00,97.54064540247764,97.54064540247764,96.60575103759766,96.60575103759766,49320,0.0,0.0
2015-09-01 00:00:00+08:00,97.5406582905696,97.8522897867056,96.91739529829759,97.2290267944336,15200,0.0,0.0
2015-09-02 00:00:00+08:00,96.60576380216158,97.2290267944336,95.98250080988957,97.2290267944336,27290,0.0,0.0
2015-09-03 00:00:00+08:00,97.54065843498181,99.09881591796874,96.91739544178704,99.09881591796875,75447,0.0,0.0
2015-09-04 00:00:00+08:00,98.7871869244153,99.09881842890871,97.5406609064416,98.47555541992188,32050,0.0,0.0
2015-09-07 00:00:00+08:00,98.47555541992188,98.7871869244153,98.47555541992188,98.47555541992188,36217,0.0,0.0
2015-09-08 00:00:00+08:00,99.09881716947827,99.09881716947827,98.47555416841236,98.78718566894531,61567,0.0,0.0
2015-09-09 00:00:00+08:00,99.41044616699219,100.03370915236518,99.41044616699219,99.41044616699219,104070,0.0,0.0
2015-09-10 00:00:00+08:00,99.09881467430569,99.72207765967867,98.4755516889327,99.41044616699219,81570,0.0,0.0
2015-09-11 00:00:00+08:00,99.09880585670471,100.34533171653749,99.09880585670471,99.7220687866211,108315,0.0,0.0
2015-09-14 00:00:00+08:00,100.0337104077609,100.0337104077609,98.78718442137135,99.09881591796875,49497,0.0,0.0
2015-09-15 00:00:00+08:00,99.09881969633555,99.09881969633555,98.16392517089844,98.16392517089844,56200,0.0,0.0
2015-09-16 00:00:00+08:00,99.09881716947827,99.09881716947827,98.47555416841236,98.78718566894531,36150,0.0,0.0
2015-09-17 00:00:00+08:00,99.09881467430569,99.41044616699219,98.78718318161918,99.41044616699219,48570,0.0,0.0
2015-09-18 00:00:00+08:00,99.41043732166291,99.7220687866211,99.09880585670471,99.7220687866211,55500,0.0,0.0
2015-09-21 00:00:00+08:00,99.72208017054416,99.72208017054416,98.47555416841236,98.78718566894531,25151,0.0,0.0
2015-09-22 00:00:00+08:00,98.4755516889327,99.41044616699219,98.4755516889327,99.41044616699219,15100,0.0,0.0
2015-09-23 00:00:00+08:00,98.7871869244153,98.7871869244153,98.47555541992188,98.47555541992188,26323,0.0,0.0
2015-09-24 00:00:00+08:00,98.7871869244153,98.7871869244153,98.16392391542844,98.47555541992188,37345,0.0,0.0
2015-09-25 00:00:00+08:00,98.47555541992188,98.47555541992188,98.16392391542844,98.47555541992188,22100,0.0,0.0
2015-09-29 00:00:00+08:00,98.47555541992188,98.47555541992188,98.47555541992188,98.47555541992188,0,0.0,0.0
2015-09-30 00:00:00+08:00,97.54066215394035,98.78718818785651,97.54066215394035,98.16392517089844,69356,0.0,0.0
2015-10-01 00:00:00+08:00,98.47555416841236,99.41044867001122,98.47555416841236,98.78718566894531,74280,0.0,0.0
2015-10-02 00:00:00+08:00,98.7871869244153,99.09881842890871,98.47555541992188,98.47555541992188,49376,0.0,0.0
2015-10-05 00:00:00+08:00,98.47555416841236,99.09881716947827,98.47555416841236,98.78718566894531,66208,0.0,0.0
2015-10-06 00:00:00+08:00,99.09881716947827,99.41044867001122,98.47555416841236,98.78718566894531,65340,0.0,0.0
2015-10-07 00:00:00+08:00,98.7871869244153,98.7871869244153,98.16392391542844,98.47555541992188,74163,0.0,0.0
2015-10-08 00:00:00+08:00,98.78718818785651,99.09881969633555,98.16392517089844,98.16392517089844,46400,0.0,0.0
2015-10-12 00:00:00+08:00,98.47555416841236,99.41044867001122,98.16392266787942,98.78718566894531,103463,0.0,0.0
2015-10-13 00:00:00+08:00,99.41044867001122,99.41044867001122,98.16392266787942,98.78718566894531,82464,0.0,0.0
2015-10-14 00:00:00+08:00,99.09881842890871,99.09881842890871,98.16392391542844,98.47555541992188,97318,0.0,0.0
2015-10-15 00:00:00+08:00,98.47555416841236,99.09881716947827,98.47555416841236,98.78718566894531,72469,0.0,0.0
2015-10-16 00:00:00+08:00,98.78717950856465,101.90349431956037,98.78717950856465,100.3453369140625,159312,0.0,0.0
2015-10-19 00:00:00+08:00,100.6569595336914,100.96859098735608,100.6569595336914,100.6569595336914,70286,0.0,0.0
2015-10-20 00:00:00+08:00,100.96860504150389,101.59186803558725,100.65697354446222,100.9686050415039,90322,0.0,0.0
2015-10-21 00:00:00+08:00,101.59186803558725,101.90349953262893,100.65697354446222,100.9686050415039,47312,0.0,0.0
2015-10-22 00:00:00+08:00,100.96860256078052,101.59186553955078,100.96860256078052,101.59186553955078,36456,0.0,0.0
2015-10-23 00:00:00+08:00,101.59186803558725,101.90349953262893,100.96860504150389,100.9686050415039,36208,0.0,0.0
2015-10-26 00:00:00+08:00,101.59187823970144,102.21514129638673,101.59187823970144,102.21514129638672,65071,0.0,0.0
2015-10-27 00:00:00+08:00,102.83839149709128,102.83839149709128,101.59186553955078,101.59186553955078,48549,0.0,0.0
2015-10-28 00:00:00+08:00,102.21512727416618,102.52675875975815,101.59186430298224,101.90349578857422,99307,0.0,0.0
2015-10-29 00:00:00+08:00,102.52676000770616,102.52676000770616,101.59186553955078,101.59186553955078,34379,0.0,0.0
2015-10-30 00:00:00+08:00,101.59185913085939,101.90349060058594,101.28022766113283,101.28022766113281,50356,0.0,0.0
2015-11-02 00:00:00+08:00,101.28023281739027,102.52675875975815,101.28023281739027,101.90349578857422,50268,0.0,0.0
2015-11-03 00:00:00+08:00,102.21512727416618,102.21512727416618,101.59186430298224,101.90349578857422,24735,0.0,0.0
2015-11-04 00:00:00+08:00,102.21512480854626,102.83838776469594,102.21512480854626,102.5267562866211,43371,0.0,0.0
2015-11-05 00:00:00+08:00,102.83839416503906,102.83839416503906,102.21513117009943,102.83839416503906,34405,0.0,0.0
2015-11-06 00:00:00+08:00,102.83840435307201,103.15003588141465,102.21514129638673,102.21514129638672,34527,0.0,0.0
2015-11-09 00:00:00+08:00,103.15002173094209,103.46165321653406,101.90349578857422,101.90349578857422,36318,0.0,0.0
2015-11-10 00:00:00+08:00,102.52677282472936,102.52677282472936,101.90350976804409,102.21514129638672,47337,0.0,0.0
2015-11-11 00:00:00+08:00,102.21512480854626,102.83838776469594,102.21512480854626,102.5267562866211,65280,0.0,0.0
2015-11-12 00:00:00+08:00,102.5267562866211,102.83838776469594,102.21512480854626,102.5267562866211,28800,0.0,0.0
2015-11-13 00:00:00+08:00,102.52677282472936,103.15003588141465,102.21514129638673,102.21514129638672,62166,0.0,0.0
2015-11-16 00:00:00+08:00,102.21512851832102,102.21512851832102,100.34533958201028,101.59186553955078,132450,0.0,0.0
2015-11-17 00:00:00+08:00,102.21512851832102,102.83839149709128,101.28023405016565,101.59186553955078,82308,0.0,0.0
2015-11-18 00:00:00+08:00,101.90348534835012,101.90348534835012,100.6569595336914,100.6569595336914,58521,0.0,0.0
2015-11-19 00:00:00+08:00,100.6569647216797,103.46164794921876,100.6569647216797,101.28022766113281,198750,0.0,0.0
2015-11-20 00:00:00+08:00,101.59187823970144,102.52677282472936,100.96861518301615,102.21514129638672,179331,0.0,0.0
2015-11-23 00:00:00+08:00,102.52677282472936,103.4616674097573,102.21514129638673,102.21514129638672,174830,0.0,0.0
2015-11-24 00:00:00+08:00,102.83839416503906,103.46165715997869,102.52676266756924,102.83839416503906,128400,0.0,0.0
2015-11-25 00:00:00+08:00,102.83838923105937,104.08491516113281,102.83838923105937,104.08491516113281,90008,0.0,0.0
2015-11-26 00:00:00+08:00,104.08491516113281,106.5779670212797,103.77328367861445,104.08491516113281,184235,0.0,0.0
2015-11-27 00:00:00+08:00,105.01979784086751,105.01979784086751,102.83837770767443,103.15000915527344,83265,0.0,0.0
2015-11-30 00:00:00+08:00,102.83837770767443,103.46164060287245,102.2151148124764,103.15000915527344,71225,0.0,0.0
2015-12-01 00:00:00+08:00,102.83839416503906,103.15002566250888,102.21513117009943,102.83839416503906,67400,0.0,0.0
2015-12-02 00:00:00+08:00,102.83837770767443,103.77327205047146,102.83837770767443,103.15000915527344,56500,0.0,0.0
2015-12-03 00:00:00+08:00,102.83838776469594,102.83838776469594,102.5267562866211,102.5267562866211,22100,0.0,0.0
2015-12-04 00:00:00+08:00,102.21514129638673,102.21514129638673,101.90350976804409,102.21514129638672,40150,0.0,0.0
2015-12-07 00:00:00+08:00,102.21512727416618,102.21512727416618,101.90349578857422,101.90349578857422,55152,0.0,0.0
2015-12-08 00:00:00+08:00,101.90349578857422,101.90349578857422,101.28023281739027,101.90349578857422,43377,0.0,0.0
2015-12-09 00:00:00+08:00,100.96859098735608,101.28022244102075,100.6569595336914,100.6569595336914,64372,0.0,0.0
2015-12-10 00:00:00+08:00,100.65696318149567,100.65696318149567,99.41043732166291,99.7220687866211,153348,0.0,0.0
2015-12-11 00:00:00+08:00,99.72207765967867,100.34534064505166,99.41044616699219,99.41044616699219,81415,0.0,0.0
2015-12-14 00:00:00+08:00,99.41044741456612,99.72207891116352,98.47555292477396,99.09881591796875,76315,0.0,0.0
2015-12-15 00:00:00+08:00,99.7220687866211,100.03370025157929,99.09880585670471,99.7220687866211,32508,0.0,0.0
2015-12-16 00:00:00+08:00,100.03370025157929,100.03370025157929,99.41043732166291,99.7220687866211,30443,0.0,0.0
2015-12-17 00:00:00+08:00,100.34534064505166,100.34534064505166,99.41044616699219,99.41044616699219,47355,0.0,0.0
2015-12-18 00:00:00+08:00,99.41044616699219,100.03370915236518,99.09881467430569,99.41044616699219,46314,0.0,0.0
2015-12-21 00:00:00+08:00,99.09881467430569,99.72207765967867,99.09881467430569,99.41044616699219,65302,0.0,0.0
2015-12-22 00:00:00+08:00,99.72207765967867,100.03370915236518,99.41044616699219,99.41044616699219,40514,0.0,0.0
2015-12-23 00:00:00+08:00,99.72208017054416,99.72208017054416,98.78718566894531,98.78718566894531,72100,0.0,0.0
2015-12-24 00:00:00+08:00,98.78718566894531,99.09881716947827,98.47555416841236,98.78718566894531,83466,0.0,0.0
2015-12-25 00:00:00+08:00,98.78718566894531,99.09881716947827,98.47555416841236,98.78718566894531,22466,0.0,0.0
2015-12-28 00:00:00+08:00,99.41044616699219,99.72207765967867,99.09881467430569,99.41044616699219,110263,0.0,0.0
2015-12-29 00:00:00+08:00,99.72207765967867,99.72207765967867,99.09881467430569,99.41044616699219,125468,0.0,0.0
2015-12-30 00:00:00+08:00,99.7220687866211,100.03370025157929,99.7220687866211,99.7220687866211,33324,0.0,0.0
2015-12-31 00:00:00+08:00,99.72207518010124,100.34533814997688,99.72207518010124,100.03370666503906,30305,0.0,0.0
2016-01-04 00:00:00+08:00,99.09881467430569,99.72207765967867,99.09881467430569,99.41044616699219,67207,0.0,0.0
2016-01-05 00:00:00+08:00,99.09881467430569,99.72207765967867,98.4755516889327,99.41044616699219,32500,0.0,0.0
2016-01-06 00:00:00+08:00,99.41044741456612,99.72207891116352,98.78718442137135,99.09881591796875,26115,0.0,0.0
2016-01-07 00:00:00+08:00,99.09881716947827,99.09881716947827,97.54065966681351,98.78718566894531,112301,0.0,0.0
2016-01-08 00:00:00+08:00,98.47555667937748,98.47555667937748,97.85229366241938,98.16392517089844,43021,0.0,0.0
2016-01-11 00:00:00+08:00,97.5406582905696,97.5406582905696,95.98250080988957,97.2290267944336,147209,0.0,0.0
2016-01-12 00:00:00+08:00,97.85227931629527,97.85227931629527,95.98249053955078,95.98249053955078,85100,0.0,0.0
2016-01-13 00:00:00+08:00,97.22902286862865,97.54065435218195,96.29412841796876,96.29412841796875,36579,0.0,0.0
2016-01-14 00:00:00+08:00,95.98249053955078,96.29412200234152,95.67085907676002,95.98249053955078,37491,0.0,0.0
2016-01-15 00:00:00+08:00,95.98249693441547,97.22902286862865,95.98249693441547,96.29412841796875,39518,0.0,0.0
2016-01-18 00:00:00+08:00,95.67085667271768,96.60575103759766,95.35922521775768,96.60575103759766,62710,0.0,0.0
2016-01-19 00:00:00+08:00,96.60575103759766,96.60575103759766,96.29411958263766,96.60575103759766,14650,0.0,0.0
2016-01-20 00:00:00+08:00,96.60575990152205,96.91739138507535,95.98249693441547,96.29412841796875,23800,0.0,0.0
2016-01-21 00:00:00+08:00,96.29412841796876,96.60575990152205,95.98249693441547,96.29412841796875,18141,0.0,0.0
2016-01-22 00:00:00+08:00,96.29412841796876,96.60575990152205,96.29412841796876,96.29412841796875,18395,0.0,0.0
2016-01-25 00:00:00+08:00,96.9173852714004,97.85227966308594,96.9173852714004,97.85227966308594,51185,0.0,0.0
2016-01-26 00:00:00+08:00,97.54064819919076,97.85227966308594,97.22901673529559,97.85227966308594,24921,0.0,0.0
2016-01-27 00:00:00+08:00,98.16391112698112,98.16391112698112,97.22901673529559,97.85227966308594,21321,0.0,0.0
2016-01-28 00:00:00+08:00,97.85229241093502,98.47555541992188,97.85229241093502,98.47555541992188,60519,0.0,0.0
2016-01-29 00:00:00+08:00,98.47555416841236,99.41044867001122,98.47555416841236,98.78718566894531,93416,0.0,0.0
2016-02-01 00:00:00+08:00,99.7220687866211,100.03370025157929,99.41043732166291,99.7220687866211,82417,0.0,0.0
2016-02-02 00:00:00+08:00,100.03370666503906,100.34533814997688,100.03370666503906,100.03370666503906,27050,0.0,0.0
2016-02-03 00:00:00+08:00,100.03369662636204,101.59185389468544,100.03369662636204,100.6569595336914,64300,0.0,0.0
2016-02-15 00:00:00+08:00,100.34532808002672,100.6569595336914,99.72206517269737,100.6569595336914,42300,0.0,0.0
2016-02-16 00:00:00+08:00,100.65697354446222,100.96860504150389,100.34534204742054,100.9686050415039,35251,0.0,0.0
2016-02-17 00:00:00+08:00,100.96859098735608,100.96859098735608,100.34532808002672,100.6569595336914,39360,0.0,0.0
2016-02-18 00:00:00+08:00,100.6569647216797,101.28022766113283,100.34533325195314,101.28022766113281,82385,0.0,0.0
2016-02-19 00:00:00+08:00,101.28023653854558,101.59186803558725,100.65697354446222,100.9686050415039,87371,0.0,0.0
2016-02-22 00:00:00+08:00,100.34534204742054,101.28023653854558,100.03371055037886,100.9686050415039,75370,0.0,0.0
2016-02-23 00:00:00+08:00,100.96859619140626,101.59185913085939,100.96859619140626,101.28022766113281,49300,0.0,0.0
2016-02-24 00:00:00+08:00,101.28023653854558,101.28023653854558,100.96860504150389,100.9686050415039,47710,0.0,0.0
2016-02-25 00:00:00+08:00,100.96860504150389,101.28023653854558,100.34534204742054,100.9686050415039,64655,0.0,0.0
2016-02-26 00:00:00+08:00,100.96858902208034,103.77327205047146,100.65695757448132,103.15000915527344,113819,0.0,0.0
2016-03-01 00:00:00+08:00,103.15001556672244,103.77327850066035,102.8383840997535,103.4616470336914,63982,0.0,0.0
2016-03-02 00:00:00+08:00,103.77327850066035,104.39654143459825,103.4616470336914,103.4616470336914,51878,0.0,0.0
2016-03-03 00:00:00+08:00,103.4616507208456,103.4616507208456,102.5267562866211,102.5267562866211,78050,0.0,0.0
2016-03-04 00:00:00+08:00,102.83840435307201,103.4616674097573,101.90350976804409,102.21514129638672,67228,0.0,0.0
2016-03-07 00:00:00+08:00,102.52675875975815,102.52675875975815,101.90349578857422,101.90349578857422,58452,0.0,0.0
2016-03-08 00:00:00+08:00,101.90349578857422,101.90349578857422,101.59186430298224,101.90349578857422,20308,0.0,0.0
2016-03-09 00:00:00+08:00,102.21512480854626,102.5267562866211,101.90349333047142,102.5267562866211,25640,0.0,0.0
2016-03-10 00:00:00+08:00,102.52677282472936,102.52677282472936,101.90350976804409,102.21514129638672,28827,0.0,0.0
2016-03-11 00:00:00+08:00,102.83839416503906,103.46165715997869,102.21513117009943,102.83839416503906,47808,0.0,0.0
2016-03-14 00:00:00+08:00,102.83840435307201,103.4616674097573,102.21514129638673,102.21514129638672,67306,0.0,0.0
2016-03-15 00:00:00+08:00,102.83840435307201,103.4616674097573,101.90350976804409,102.21514129638672,69171,0.0,0.0
2016-03-16 00:00:00+08:00,102.21513117009943,102.83839416503906,102.21513117009943,102.83839416503906,12874,0.0,0.0
2016-03-17 00:00:00+08:00,103.15002566250888,104.39655165238814,102.52676266756924,102.83839416503906,115781,0.0,0.0
2016-03-18 00:00:00+08:00,103.15001435609193,104.0849087460263,103.15001435609193,103.77327728271484,26879,0.0,0.0
2016-03-21 00:00:00+08:00,104.0849099676293,104.39654143459825,103.4616470336914,103.4616470336914,56839,0.0,0.0
2016-03-22 00:00:00+08:00,103.77327728271484,104.0849087460263,103.46164581940339,103.77327728271484,42442,0.0,0.0
2016-03-23 00:00:00+08:00,103.7732886574485,103.7732886574485,102.83839416503906,102.83839416503906,57433,0.0,0.0
2016-03-24 00:00:00+08:00,102.83837770767443,103.77327205047146,102.83837770767443,103.15000915527344,33335,0.0,0.0
2016-03-25 00:00:00+08:00,103.46164581940339,103.77327728271484,103.46164581940339,103.77327728271484,38302,0.0,0.0
2016-03-28 00:00:00+08:00,103.77327728271484,104.0849087460263,103.77327728271484,103.77327728271484,25586,0.0,0.0
2016-03-29 00:00:00+08:00,104.39653494566949,104.39653494566949,103.15000915527344,103.15000915527344,43428,0.0,0.0
2016-03-30 00:00:00+08:00,103.77327728271484,103.77327728271484,103.46164581940339,103.77327728271484,32310,0.0,0.0
2016-03-31 00:00:00+08:00,104.0849099676293,104.0849099676293,103.4616470336914,103.4616470336914,38500,0.0,0.0
2016-04-01 00:00:00+08:00,103.46164060287245,103.46164060287245,103.15000915527344,103.15000915527344,22000,0.0,0.0
2016-04-06 00:00:00+08:00,103.15000915527344,103.77327205047146,103.15000915527344,103.15000915527344,38081,0.0,0.0
2016-04-07 00:00:00+08:00,103.15000915527344,103.46164060287245,103.15000915527344,103.15000915527344,30390,0.0,0.0
2016-04-08 00:00:00+08:00,103.15000915527344,103.77327205047146,103.15000915527344,103.15000915527344,33300,0.0,0.0
2016-04-11 00:00:00+08:00,113.4338643678477,113.4338643678477,109.07102343062279,110.62918090820312,958744,0.0,0.0
2016-04-12 00:00:00+08:00,111.87571079104971,113.12223681657673,109.69429024637743,111.56407928466797,489773,0.0,0.0
2016-04-13 00:00:00+08:00,112.81061553955078,113.12224707419043,111.25245786635257,112.81061553955078,362439,0.0,0.0
2016-04-14 00:00:00+08:00,112.18732941016724,112.18732941016724,110.94080352783205,110.94080352783203,162647,0.0,0.0
2016-04-15 00:00:00+08:00,111.8756958259331,115.92690486698359,111.8756958259331,113.43385314941406,664628,0.0,0.0
2016-04-18 00:00:00+08:00,113.12223316992986,115.61528514061702,112.49897017725807,114.36875915527344,249785,0.0,0.0
2016-04-19 00:00:00+08:00,114.05714167810936,114.68040474738864,112.81061553955078,112.81061553955078,121903,0.0,0.0
2016-04-20 00:00:00+08:00,112.49896088075103,112.49896088075103,110.62917205724824,110.94080352783203,135552,0.0,0.0
2016-04-21 00:00:00+08:00,110.94081491789129,111.56407792304799,109.07102590242121,110.00592041015625,137207,0.0,0.0
2016-04-22 00:00:00+08:00,110.00592293155158,110.6291859509938,107.82450236350383,109.38265991210938,147282,0.0,0.0
2016-04-25 00:00:00+08:00,109.07103729248047,109.38266882760183,108.44777422223773,109.07103729248047,41333,0.0,0.0
2016-04-26 00:00:00+08:00,109.69427490234375,109.69427490234375,109.382643439553,109.69427490234375,18280,0.0,0.0
2016-04-27 00:00:00+08:00,110.31755065917969,110.62918215821692,110.00591916014245,110.31755065917969,31100,0.0,0.0
2016-04-28 00:00:00+08:00,110.62916929071599,110.62916929071599,109.07101197676225,109.69427490234375,37600,0.0,0.0
2016-04-29 00:00:00+08:00,110.00592293155158,110.00592293155158,108.44776538294605,109.38265991210938,25150,0.0,0.0
2016-05-03 00:00:00+08:00,109.07101162596244,109.07101162596244,107.8244857788086,107.8244857788086,77769,0.0,0.0
2016-05-04 00:00:00+08:00,107.82450484117335,107.82450484117335,105.95471573988134,106.88961029052734,107100,0.0,0.0
2016-05-05 00:00:00+08:00,107.20122406448144,107.51285552978516,106.57796113387398,107.51285552978516,34817,0.0,0.0
2016-05-06 00:00:00+08:00,107.82448699508889,108.44774992569633,107.20122406448144,107.51285552978516,49416,0.0,0.0
2016-05-09 00:00:00+08:00,108.13610721456593,108.44773864746092,108.13610721456593,108.44773864746094,29384,0.0,0.0
2016-05-10 00:00:00+08:00,107.82450486322529,109.38266244795398,106.88961031238807,108.7593994140625,121200,0.0,0.0
2016-05-11 00:00:00+08:00,110.31754941268706,111.87570689026738,110.00591791717099,110.62918090820312,194473,0.0,0.0
2016-05-12 00:00:00+08:00,109.07103729248047,110.00593189784459,108.44777422223773,109.07103729248047,179427,0.0,0.0
2016-05-13 00:00:00+08:00,109.69428879795569,110.31755180248953,107.82449978435419,108.1361312866211,70195,0.0,0.0
2016-05-16 00:00:00+08:00,108.44774870238551,109.07101162596244,107.8244857788086,107.8244857788086,33070,0.0,0.0
2016-05-17 00:00:00+08:00,109.07100151325093,110.00589581193594,108.13610721456593,108.44773864746094,62636,0.0,0.0
2016-05-18 00:00:00+08:00,107.82450486322529,108.7593994140625,107.82450486322529,108.7593994140625,30570,0.0,0.0
2016-05-19 00:00:00+08:00,109.07100151325093,109.07100151325093,107.20121291588092,108.44773864746094,59150,0.0,0.0
2016-05-20 00:00:00+08:00,107.51285431702013,108.13611724059704,107.20122285523166,107.8244857788086,53190,0.0,0.0
2016-05-23 00:00:00+08:00,108.13613128662111,109.07102579342187,107.82449978435419,108.1361312866211,105145,0.0,0.0
2016-05-24 00:00:00+08:00,108.13611968727999,108.75938262495885,107.20122528076172,107.20122528076172,150120,0.0,0.0
2016-05-25 00:00:00+08:00,107.8244857788086,108.13611724059704,107.20122285523166,107.8244857788086,87130,0.0,0.0
2016-05-26 00:00:00+08:00,107.82449978435419,108.13613128662111,107.51286828208727,108.1361312866211,42200,0.0,0.0
2016-05-27 00:00:00+08:00,108.13611724059704,108.13611724059704,107.8244857788086,107.8244857788086,64797,0.0,0.0
2016-05-30 00:00:00+08:00,107.82449978435419,108.44776278888803,107.82449978435419,108.1361312866211,82007,0.0,0.0
2016-05-31 00:00:00+08:00,108.44773864746092,108.44773864746092,107.51284434877591,108.44773864746094,63173,0.0,0.0
2016-06-01 00:00:00+08:00,108.44776789711676,109.07103093100824,108.13613638017102,108.7593994140625,88265,0.0,0.0
2016-06-02 00:00:00+08:00,108.7593805139715,110.31753782792524,108.7593805139715,109.69427490234375,165499,0.0,0.0
2016-06-03 00:00:00+08:00,109.6942889075779,110.00592041015625,109.07102590242121,110.00592041015625,50438,0.0,0.0
2016-06-06 00:00:00+08:00,111.25244389923525,111.56407539475131,110.62918090820311,110.62918090820312,49547,0.0,0.0
2016-06-07 00:00:00+08:00,110.62918090820311,110.62918090820311,110.62918090820311,110.62918090820312,0,0.0,0.0
2016-06-08 00:00:00+08:00,110.94080991771709,111.56407289478291,110.62917842918418,111.25244140625,46522,0.0,0.0
2016-06-13 00:00:00+08:00,110.94080352783205,112.81059235133483,110.94080352783205,110.94080352783203,154634,0.0,0.0
2016-06-14 00:00:00+08:00,111.25243499841584,111.87569793958343,110.94080352783205,110.94080352783203,81271,0.0,0.0
2016-06-15 00:00:00+08:00,110.94080991771709,111.56407289478291,110.62917842918418,111.25244140625,36598,0.0,0.0
2016-06-16 00:00:00+08:00,111.25243221629749,111.25243221629749,109.69427490234375,109.69427490234375,76353,0.0,0.0
2016-06-17 00:00:00+08:00,109.69428766110522,110.94081365725415,109.69428766110522,110.31755065917969,24201,0.0,0.0
2016-06-20 00:00:00+08:00,110.94081240371918,110.94081240371918,110.31754941268706,110.62918090820312,33270,0.0,0.0
2016-06-21 00:00:00+08:00,110.62917842918418,111.56407289478291,110.62917842918418,111.25244140625,64054,0.0,0.0
2016-06-22 00:00:00+08:00,111.25243499841584,111.25243499841584,110.94080352783205,110.94080352783203,29713,0.0,0.0
2016-06-23 00:00:00+08:00,110.94080352783205,111.25243499841584,110.94080352783205,110.94080352783203,41465,0.0,0.0
2016-06-24 00:00:00+08:00,110.94081746071491,110.94081746071491,109.07102840238827,109.38265991210938,102400,0.0,0.0
2016-06-27 00:00:00+08:00,109.382643439553,110.62916929071599,109.07101197676225,109.69427490234375,71066,0.0,0.0
2016-06-28 00:00:00+08:00,110.62918341531294,110.62918341531294,109.38265740499956,110.00592041015625,41131,0.0,0.0
2016-06-29 00:00:00+08:00,110.31754694065127,111.56407289478291,110.31754694065127,111.25244140625,51921,0.0,0.0
2016-06-30 00:00:00+08:00,111.87571079104971,111.87571079104971,110.94081627190445,111.56407928466797,78108,0.0,0.0
2016-07-01 00:00:00+08:00,112.18734868721708,113.12224325961057,111.87571716308592,111.87571716308594,156128,0.0,0.0
2016-07-04 00:00:00+08:00,111.87569945274628,112.81059387714248,111.87569945274628,112.49896240234375,71179,0.0,0.0
2016-07-05 00:00:00+08:00,112.18734868721708,112.18734868721708,111.56408563895477,111.87571716308594,63532,0.0,0.0
2016-07-06 00:00:00+08:00,111.56406646899964,111.87569793958343,110.94080352783205,110.94080352783203,91275,0.0,0.0
2016-07-07 00:00:00+08:00,111.56406797794754,112.49896240234375,111.56406797794754,112.49896240234375,80914,0.0,0.0
2016-07-08 00:00:00+08:00,112.49896240234375,112.49896240234375,112.49896240234375,112.49896240234375,0,0.0,0.0
2016-07-11 00:00:00+08:00,112.18735247027149,114.05714167810936,112.18735247027149,112.81061553955078,153373,0.0,0.0
2016-07-12 00:00:00+08:00,113.43386466626575,114.68039065160933,113.12223316992986,114.36875915527344,237993,0.0,0.0
2016-07-13 00:00:00+08:00,116.55019753048843,119.97814451667928,116.23856598628927,117.48509216308594,586465,0.0,0.0
2016-07-14 00:00:00+08:00,117.17344276898669,118.10833725916477,115.92691678208257,116.2385482788086,228734,0.0,0.0
2016-07-15 00:00:00+08:00,116.86180114746095,117.48506408691408,115.92690673828126,116.86180114746094,146646,0.0,0.0
2016-07-18 00:00:00+08:00,117.1734390258789,118.41996497296272,117.1734390258789,117.1734390258789,225817,0.0,0.0
2016-07-19 00:00:00+08:00,117.48506408691408,117.79669555664063,116.86180114746095,116.86180114746094,143183,0.0,0.0
2016-07-20 00:00:00+08:00,116.86179751441591,118.10832335456969,116.86179751441591,117.79669189453125,183276,0.0,0.0
2016-07-21 00:00:00+08:00,118.41994999590969,120.60137012741329,118.41994999590969,119.043212890625,346800,0.0,0.0
2016-07-22 00:00:00+08:00,119.04322174152364,119.3548532120512,118.41995880046855,118.7315902709961,156596,0.0,0.0
2016-07-25 00:00:00+08:00,119.04321657816568,119.6664794921875,118.10832220713297,112.18732452392578,497309,0.0,0.0
2016-07-26 00:00:00+08:00,119.51883284772028,120.506591796875,119.18957986466872,120.506591796875,295358,9.633524,0.0
2016-07-27 00:00:00+08:00,120.50658826591554,120.83584123931969,119.18957637229899,119.51882934570312,159497,0.0,0.0
2016-07-28 00:00:00+08:00,119.51882816546531,119.51882816546531,118.8603222251597,119.1895751953125,108075,0.0,0.0
2016-07-29 00:00:00+08:00,118.86032339889485,119.51882934570312,118.86032339889485,119.51882934570312,70614,0.0,0.0
2016-08-01 00:00:00+08:00,119.51882409918798,120.50658297604078,118.86031818128613,120.17733001708984,108146,0.0,0.0
2016-08-02 00:00:00+08:00,120.1773352925114,120.1773352925114,119.18957637229899,119.51882934570312,78794,0.0,0.0
2016-08-03 00:00:00+08:00,119.1895751953125,119.51882816546531,118.8603222251597,119.1895751953125,55290,0.0,0.0
2016-08-04 00:00:00+08:00,119.51882816546531,119.51882816546531,118.20181628485412,119.1895751953125,89452,0.0,0.0
2016-08-05 00:00:00+08:00,119.1895751953125,119.1895751953125,118.53106925500691,119.1895751953125,64466,0.0,0.0
2016-08-08 00:00:00+08:00,118.53106980913142,119.18957575251548,116.88480495067125,117.21405792236328,213681,0.0,0.0
2016-08-09 00:00:00+08:00,117.21407089664437,117.543323904781,115.8970588640978,116.5555648803711,98500,0.0,0.0
2016-08-10 00:00:00+08:00,116.55555197897922,117.2140579223633,116.55555197897922,117.21405792236328,92391,0.0,0.0
2016-08-11 00:00:00+08:00,117.2140584891183,117.2140584891183,114.90928767613002,115.23854064941406,218644,0.0,0.0
2016-08-12 00:00:00+08:00,115.23854064941406,115.89704659598215,114.25078172956195,115.23854064941406,122686,0.0,0.0
2016-08-15 00:00:00+08:00,115.89705542757301,115.89705542757301,114.58004343407787,115.56780242919922,138384,0.0,0.0
2016-08-16 00:00:00+08:00,115.89703649762033,115.89703649762033,114.58002471923828,114.58002471923828,119250,0.0,0.0
2016-08-17 00:00:00+08:00,114.58003881273076,114.58003881273076,113.5922798574486,114.25078582763672,120000,0.0,0.0
2016-08-18 00:00:00+08:00,113.92153107036243,116.22630193016745,113.92153107036243,115.89704895019531,72330,0.0,0.0
2016-08-19 00:00:00+08:00,116.55555254255023,116.55555254255023,115.23854064941406,115.23854064941406,67739,0.0,0.0
2016-08-22 00:00:00+08:00,114.58002471923828,115.2385306084293,114.25077177464277,114.58002471923828,64850,0.0,0.0
2016-08-23 00:00:00+08:00,114.90929643245165,115.56780242919922,114.58004343407787,115.56780242919922,49700,0.0,0.0
2016-08-24 00:00:00+08:00,116.55556682597602,116.55556682597602,114.5800487441798,114.9093017578125,54368,0.0,0.0
2016-08-25 00:00:00+08:00,114.90928767613002,115.89704659598215,114.90928767613002,115.23854064941406,38811,0.0,0.0
2016-08-26 00:00:00+08:00,115.23854064941406,115.5677936226981,114.90928767613002,115.23854064941406,26055,0.0,0.0
2016-08-29 00:00:00+08:00,115.5678077850779,115.5678077850779,114.5800487441798,114.9093017578125,58580,0.0,0.0
2016-08-30 00:00:00+08:00,114.90929179782482,115.23854478291888,113.92153284254266,114.25078582763672,58940,0.0,0.0
2016-08-31 00:00:00+08:00,114.25078582763672,114.58003881273076,113.92153284254266,114.25078582763672,52373,0.0,0.0
2016-09-01 00:00:00+08:00,114.25077700752745,114.25077700752745,113.59227108817569,113.92152404785156,80258,0.0,0.0
2016-09-02 00:00:00+08:00,115.5678031589674,115.5678031589674,113.2630321557971,113.59228515625,71800,0.0,0.0
2016-09-05 00:00:00+08:00,113.92153815670291,113.92153815670291,113.2630321557971,113.59228515625,51727,0.0,0.0
2016-09-06 00:00:00+08:00,113.92153284254266,114.90929179782482,113.26302687235456,114.25078582763672,61518,0.0,0.0
2016-09-07 00:00:00+08:00,113.5922798574486,114.58003881273076,113.5922798574486,114.25078582763672,65749,0.0,0.0
2016-09-08 00:00:00+08:00,113.92153815670291,114.2507911571558,113.2630321557971,113.59228515625,115868,0.0,0.0
2016-09-09 00:00:00+08:00,113.59227108817569,113.92152404785158,113.26301812849982,113.92152404785156,79999,0.0,0.0
2016-09-12 00:00:00+08:00,114.58002996720332,114.58002996720332,113.92152404785158,113.92152404785156,37575,0.0,0.0
2016-09-13 00:00:00+08:00,116.88480789011174,117.87256683002818,115.56779597022316,115.89704895019531,297280,0.0,0.0
2016-09-14 00:00:00+08:00,116.55556682597602,116.55556682597602,114.90930175781251,114.9093017578125,71191,0.0,0.0
2016-09-19 00:00:00+08:00,114.90929001027887,116.55555491013959,114.90929001027887,115.89704895019531,65675,0.0,0.0
2016-09-20 00:00:00+08:00,116.55556142432059,116.55556142432059,115.23854943082544,115.56780242919922,56180,0.0,0.0
2016-09-21 00:00:00+08:00,115.8970443429709,120.50658587933907,115.23853840920403,118.86032104492188,366056,0.0,0.0
2016-09-22 00:00:00+08:00,119.84808289770987,119.84808289770987,117.5433120727539,117.5433120727539,88460,0.0,0.0
2016-09-23 00:00:00+08:00,117.5433120727539,118.53107099773503,117.5433120727539,117.5433120727539,40191,0.0,0.0
2016-09-26 00:00:00+08:00,118.20182037353516,119.1895793181608,117.87256739199327,118.20182037353516,88249,0.0,0.0
2016-09-27 00:00:00+08:00,118.20182037353516,118.20182037353516,118.20182037353516,118.20182037353516,0,0.0,0.0
2016-09-28 00:00:00+08:00,118.20182037353516,118.20182037353516,118.20182037353516,118.20182037353516,0,0.0,0.0
2016-09-29 00:00:00+08:00,119.51882578531902,119.84807874891494,118.20181393093533,118.53106689453125,173499,0.0,0.0
2016-09-30 00:00:00+08:00,119.18957455057493,119.18957455057493,116.88480377197264,116.88480377197266,103742,0.0,0.0
2016-10-03 00:00:00+08:00,117.2140567403444,117.2140567403444,116.88480377197264,116.88480377197266,54543,0.0,0.0
2016-10-04 00:00:00+08:00,116.88480612276649,117.87256504774761,116.88480612276649,117.5433120727539,43030,0.0,0.0
2016-10-05 00:00:00+08:00,117.2140579223633,117.2140579223633,116.88480495067125,117.21405792236328,25280,0.0,0.0
2016-10-06 00:00:00+08:00,116.88480495067125,117.87256386574735,116.55555197897922,117.21405792236328,50164,0.0,0.0
2016-10-07 00:00:00+08:00,116.88480612276649,117.87256504774761,116.88480612276649,117.5433120727539,36583,0.0,0.0
2016-10-11 00:00:00+08:00,117.2140579223633,118.20181683743938,116.55555197897922,117.21405792236328,64835,0.0,0.0
2016-10-12 00:00:00+08:00,117.87256386574735,118.20181683743938,117.2140579223633,117.21405792236328,59339,0.0,0.0
2016-10-13 00:00:00+08:00,118.20182685212717,119.18958585089146,117.87257385253906,117.87257385253906,77400,0.0,0.0
2016-10-14 00:00:00+08:00,117.87256386574735,118.53106980913142,116.55555197897922,117.21405792236328,60339,0.0,0.0
2016-10-17 00:00:00+08:00,116.8848090671615,116.8848090671615,116.22630310058594,116.22630310058594,43572,0.0,0.0
2016-10-18 00:00:00+08:00,116.22630193016745,116.22630193016745,115.23854299025102,115.89704895019531,88000,0.0,0.0
2016-10-19 00:00:00+08:00,116.22629956926619,116.22629956926619,115.23854064941406,115.23854064941406,88320,0.0,0.0
2016-10-20 00:00:00+08:00,115.23854064941406,115.23854064941406,114.90928767613002,115.23854064941406,90450,0.0,0.0
2016-10-21 00:00:00+08:00,115.23854064941406,115.5677936226981,115.23854064941406,115.23854064941406,38460,0.0,0.0
2016-10-24 00:00:00+08:00,114.58002471923828,115.2385306084293,114.58002471923828,114.58002471923828,69619,0.0,0.0
2016-10-25 00:00:00+08:00,114.5800487441798,115.5678077850779,114.5800487441798,114.9093017578125,101715,0.0,0.0
2016-10-26 00:00:00+08:00,115.23855477144521,115.23855477144521,114.90930175781251,114.9093017578125,38678,0.0,0.0
2016-10-27 00:00:00+08:00,114.90930175781251,115.5678077850779,114.90930175781251,114.9093017578125,48768,0.0,0.0
2016-10-28 00:00:00+08:00,114.90930175781251,114.90930175781251,114.5800487441798,114.9093017578125,34115,0.0,0.0
2016-10-31 00:00:00+08:00,115.56780242919922,116.55556142432059,115.23854943082544,115.56780242919922,75095,0.0,0.0
2016-11-01 00:00:00+08:00,116.22630193016745,116.22630193016745,115.56779597022316,115.89704895019531,30310,0.0,0.0
2016-11-02 00:00:00+08:00,115.23854064941406,115.5677936226981,114.90928767613002,115.23854064941406,39660,0.0,0.0
2016-11-03 00:00:00+08:00,114.90927766383379,115.2385306084293,114.58002471923828,114.58002471923828,50870,0.0,0.0
2016-11-04 00:00:00+08:00,114.58002471923828,114.90927766383379,114.58002471923828,114.58002471923828,25001,0.0,0.0
2016-11-07 00:00:00+08:00,115.5677936226981,115.5677936226981,114.90928767613002,115.23854064941406,25569,0.0,0.0
2016-11-08 00:00:00+08:00,115.23854064941406,115.5677936226981,114.90928767613002,115.23854064941406,21920,0.0,0.0
2016-11-09 00:00:00+08:00,115.56779776801292,115.56779776801292,113.5922798574486,114.25078582763672,150152,0.0,0.0
2016-11-10 00:00:00+08:00,114.58003470284598,115.5677936226981,114.58003470284598,115.23854064941406,56938,0.0,0.0
2016-11-11 00:00:00+08:00,114.58003470284598,115.5677936226981,114.25078172956195,115.23854064941406,41260,0.0,0.0
2016-11-14 00:00:00+08:00,114.90927766383379,114.90927766383379,113.92151883004726,114.58002471923828,36480,0.0,0.0
2016-11-15 00:00:00+08:00,113.92153743733029,115.56780242919922,113.26303144058272,115.56780242919922,119426,0.0,0.0
2016-11-16 00:00:00+08:00,115.5678077850779,115.5678077850779,114.5800487441798,114.9093017578125,29249,0.0,0.0
2016-11-17 00:00:00+08:00,114.90930175781251,115.23855477144521,114.5800487441798,114.9093017578125,33200,0.0,0.0
2016-11-18 00:00:00+08:00,114.58002471923828,115.2385306084293,114.58002471923828,114.58002471923828,15052,0.0,0.0
2016-11-21 00:00:00+08:00,114.58002471923828,114.90927766383379,114.58002471923828,114.58002471923828,12452,0.0,0.0
2016-11-22 00:00:00+08:00,114.58002471923828,114.90927766383379,114.25077177464277,114.58002471923828,76999,0.0,0.0
2016-11-23 00:00:00+08:00,114.58003881273076,114.58003881273076,113.5922798574486,114.25078582763672,74811,0.0,0.0
2016-11-24 00:00:00+08:00,113.59226588545174,114.58002471923828,113.59226588545174,114.58002471923828,18475,0.0,0.0
2016-11-25 00:00:00+08:00,114.58003881273076,114.58003881273076,114.25078582763672,114.25078582763672,17704,0.0,0.0
2016-11-28 00:00:00+08:00,114.25078582763672,114.25078582763672,113.92153284254266,114.25078582763672,47402,0.0,0.0
2016-11-29 00:00:00+08:00,117.87257691291765,120.50660097801078,116.5555648803711,116.5555648803711,273150,0.0,0.0
2016-11-30 00:00:00+08:00,116.88481442269438,116.88481442269438,115.56780242919922,115.56780242919922,76322,0.0,0.0
2016-12-01 00:00:00+08:00,115.89704895019531,115.89704895019531,115.56779597022316,115.89704895019531,60266,0.0,0.0
2016-12-02 00:00:00+08:00,115.89704895019531,115.89704895019531,115.56779597022316,115.89704895019531,17641,0.0,0.0
2016-12-05 00:00:00+08:00,115.5678077850779,115.89706079871061,114.5800487441798,114.9093017578125,133615,0.0,0.0
2016-12-06 00:00:00+08:00,114.90928767613002,115.23854064941406,114.90928767613002,115.23854064941406,55904,0.0,0.0
2016-12-07 00:00:00+08:00,115.23854064941406,115.89704659598215,114.90928767613002,115.23854064941406,47290,0.0,0.0
2016-12-08 00:00:00+08:00,115.23854064941406,116.22629956926619,114.90928767613002,115.23854064941406,72120,0.0,0.0
2016-12-09 00:00:00+08:00,115.23854299025102,115.89704895019531,115.23854299025102,115.89704895019531,32805,0.0,0.0
2016-12-12 00:00:00+08:00,115.89704659598215,115.89704659598215,114.90928767613002,115.23854064941406,51999,0.0,0.0
2016-12-13 00:00:00+08:00,115.2385306084293,115.2385306084293,114.58002471923828,114.58002471923828,57201,0.0,0.0
2016-12-14 00:00:00+08:00,114.5800487441798,114.90930175781251,114.5800487441798,114.9093017578125,29320,0.0,0.0
2016-12-15 00:00:00+08:00,115.23854064941406,115.5677936226981,115.23854064941406,115.23854064941406,14239,0.0,0.0
2016-12-16 00:00:00+08:00,115.23855477144521,115.23855477144521,114.5800487441798,114.9093017578125,51543,0.0,0.0
2016-12-19 00:00:00+08:00,114.58002471923828,114.90927766383379,114.58002471923828,114.58002471923828,53922,0.0,0.0
2016-12-20 00:00:00+08:00,114.58003881273076,114.58003881273076,114.25078582763672,114.25078582763672,56973,0.0,0.0
2016-12-21 00:00:00+08:00,114.90927766383379,114.90927766383379,114.25077177464277,114.58002471923828,22179,0.0,0.0
2016-12-22 00:00:00+08:00,114.25078582763672,114.58003881273076,113.92153284254266,114.25078582763672,68060,0.0,0.0
2016-12-23 00:00:00+08:00,114.25078582763672,114.25078582763672,113.92153284254266,114.25078582763672,27015,0.0,0.0
2016-12-26 00:00:00+08:00,113.92153284254266,114.25078582763672,113.92153284254266,114.25078582763672,52300,0.0,0.0
2016-12-27 00:00:00+08:00,115.56779776801292,115.56779776801292,114.25078582763672,114.25078582763672,19485,0.0,0.0
2016-12-28 00:00:00+08:00,114.25078582763672,114.90929179782482,114.25078582763672,114.25078582763672,26020,0.0,0.0
2016-12-29 00:00:00+08:00,114.25078582763672,114.58003881273076,114.25078582763672,114.25078582763672,19031,0.0,0.0
2016-12-30 00:00:00+08:00,114.25077177464277,114.58002471923828,113.92151883004726,114.58002471923828,27786,0.0,0.0
2017-01-03 00:00:00+08:00,114.5800487441798,114.90930175781251,114.25079573054711,114.9093017578125,27207,0.0,0.0
2017-01-04 00:00:00+08:00,114.58002471923828,114.90927766383379,114.25077177464277,114.58002471923828,29300,0.0,0.0
2017-01-05 00:00:00+08:00,114.90929643245165,115.56780242919922,114.90929643245165,115.56780242919922,59200,0.0,0.0
2017-01-06 00:00:00+08:00,115.23854064941406,115.89704659598215,114.25078172956195,115.23854064941406,100100,0.0,0.0
2017-01-09 00:00:00+08:00,115.23855477144521,115.5678077850779,114.90930175781251,114.9093017578125,28020,0.0,0.0
2017-01-10 00:00:00+08:00,114.90930175781251,115.23855477144521,114.5800487441798,114.9093017578125,21600,0.0,0.0
2017-01-11 00:00:00+08:00,114.90930175781251,115.23855477144521,114.90930175781251,114.9093017578125,22080,0.0,0.0
2017-01-12 00:00:00+08:00,115.23854064941406,115.23854064941406,114.90928767613002,115.23854064941406,29127,0.0,0.0
2017-01-13 00:00:00+08:00,115.23855477144521,115.23855477144521,114.90930175781251,114.9093017578125,16400,0.0,0.0
2017-01-16 00:00:00+08:00,114.90929179782482,114.90929179782482,114.25078582763672,114.25078582763672,27007,0.0,0.0
2017-01-17 00:00:00+08:00,116.2263084259468,116.2263084259468,114.58004343407787,115.56780242919922,69044,0.0,0.0
2017-01-18 00:00:00+08:00,115.23855477144521,115.23855477144521,114.5800487441798,114.9093017578125,53671,0.0,0.0
2017-01-19 00:00:00+08:00,114.90930175781251,115.23855477144521,114.90930175781251,114.9093017578125,35200,0.0,0.0
2017-01-20 00:00:00+08:00,114.90929179782482,115.23854478291888,114.25078582763672,114.25078582763672,45056,0.0,0.0
2017-01-23 00:00:00+08:00,114.90927766383379,114.90927766383379,114.25077177464277,114.58002471923828,45021,0.0,0.0
2017-01-24 00:00:00+08:00,114.58003470284598,115.23854064941406,114.58003470284598,115.23854064941406,37252,0.0,0.0
2017-02-02 00:00:00+08:00,115.89706079871061,115.89706079871061,114.90930175781251,114.9093017578125,27565,0.0,0.0
2017-02-03 00:00:00+08:00,114.90928767613002,115.5677936226981,114.90928767613002,115.23854064941406,34200,0.0,0.0
2017-02-06 00:00:00+08:00,115.2385441507226,116.22630310058594,115.2385441507226,116.22630310058594,80356,0.0,0.0
2017-02-07 00:00:00+08:00,116.22630193016745,116.22630193016745,115.56779597022316,115.89704895019531,27488,0.0,0.0
2017-02-08 00:00:00+08:00,116.2263084259468,116.2263084259468,115.56780242919922,115.56780242919922,41164,0.0,0.0
2017-02-09 00:00:00+08:00,116.55555491013959,116.55555491013959,115.56779597022316,115.89704895019531,34954,0.0,0.0
2017-02-10 00:00:00+08:00,116.22630310058594,116.55555608387371,116.22630310058594,116.22630310058594,46747,0.0,0.0
2017-02-13 00:00:00+08:00,116.55555608387371,116.8848090671615,116.22630310058594,116.22630310058594,75146,0.0,0.0
2017-02-14 00:00:00+08:00,116.22630310058594,116.55555608387371,116.22630310058594,116.22630310058594,44485,0.0,0.0
2017-02-15 00:00:00+08:00,116.55555197897922,119.18957575251548,116.55555197897922,117.21405792236328,188281,0.0,0.0
2017-02-16 00:00:00+08:00,117.87256739199327,119.1895793181608,116.55555546582575,118.20182037353516,185709,0.0,0.0
2017-02-17 00:00:00+08:00,118.53107985171526,119.51883885047955,117.87257385253906,117.87257385253906,220076,0.0,0.0
2017-02-20 00:00:00+08:00,118.53107335507704,119.51883229970268,118.20182037353516,118.20182037353516,143104,0.0,0.0
2017-02-21 00:00:00+08:00,118.20181683743938,118.20181683743938,117.2140579223633,117.21405792236328,105072,0.0,0.0
2017-02-22 00:00:00+08:00,117.2140590977602,118.20181802274132,117.2140590977602,117.5433120727539,59466,0.0,0.0
2017-02-23 00:00:00+08:00,117.54331089405532,117.54331089405532,117.2140579223633,117.21405792236328,44977,0.0,0.0
2017-02-24 00:00:00+08:00,117.2140590977602,117.5433120727539,117.2140590977602,117.5433120727539,25999,0.0,0.0
2017-03-01 00:00:00+08:00,117.87256504774761,117.87256504774761,117.2140590977602,117.5433120727539,32524,0.0,0.0
2017-03-02 00:00:00+08:00,117.2140567403444,117.54330970871615,116.88480377197264,116.88480377197266,80606,0.0,0.0
2017-03-03 00:00:00+08:00,117.2140579223633,118.53106980913142,116.88480495067125,117.21405792236328,77844,0.0,0.0
2017-03-06 00:00:00+08:00,118.86032278082345,118.86032278082345,117.2140579223633,117.21405792236328,36898,0.0,0.0
2017-03-07 00:00:00+08:00,117.5433120727539,118.20181802274132,117.5433120727539,117.5433120727539,34295,0.0,0.0
2017-03-08 00:00:00+08:00,117.54332085295097,117.87257385253906,117.54332085295097,117.87257385253906,55750,0.0,0.0
2017-03-09 00:00:00+08:00,117.54331089405532,117.54331089405532,117.2140579223633,117.21405792236328,48137,0.0,0.0
2017-03-10 00:00:00+08:00,117.87256504774761,117.87256504774761,116.88480612276649,117.5433120727539,28062,0.0,0.0
2017-03-13 00:00:00+08:00,117.54331441045139,119.1895793181608,117.54331441045139,118.20182037353516,105328,0.0,0.0
2017-03-14 00:00:00+08:00,118.53107985171526,118.53107985171526,117.87257385253906,117.87257385253906,47592,0.0,0.0
2017-03-15 00:00:00+08:00,118.53106807803843,118.86032104492188,118.53106807803843,118.86032104492188,48300,0.0,0.0
2017-03-16 00:00:00+08:00,119.84809112548828,120.17734412308577,118.5310791350983,119.84809112548828,256500,0.0,0.0
2017-03-17 00:00:00+08:00,120.17734412308577,120.50659712068327,119.84809112548828,119.84809112548828,105728,0.0,0.0
2017-03-20 00:00:00+08:00,120.17733881382343,120.506591796875,119.84808583077185,120.506591796875,98350,0.0,0.0
2017-03-21 00:00:00+08:00,119.84808231910726,120.50658826591554,119.51882934570312,119.51882934570312,120194,0.0,0.0
2017-03-22 00:00:00+08:00,119.18957637229899,119.84808231910726,119.18957637229899,119.51882934570312,54950,0.0,0.0
2017-03-23 00:00:00+08:00,119.51882934570312,120.1773352925114,119.51882934570312,119.51882934570312,36523,0.0,0.0
2017-03-24 00:00:00+08:00,119.51882934570312,119.84808231910726,119.51882934570312,119.51882934570312,30481,0.0,0.0
2017-03-27 00:00:00+08:00,119.8480811356181,119.8480811356181,119.1895751953125,119.1895751953125,97596,0.0,0.0
2017-03-28 00:00:00+08:00,119.8480811356181,119.8480811356181,119.1895751953125,119.1895751953125,42901,0.0,0.0
2017-03-29 00:00:00+08:00,119.8480811356181,119.8480811356181,118.8603222251597,119.1895751953125,26780,0.0,0.0
2017-03-30 00:00:00+08:00,119.18957282172309,119.18957282172309,118.20181393093533,118.53106689453125,76900,0.0,0.0
2017-03-31 00:00:00+08:00,118.20181802274132,118.20181802274132,117.2140590977602,117.5433120727539,123636,0.0,0.0
2017-04-05 00:00:00+08:00,117.5433120727539,118.20181802274132,117.2140590977602,117.5433120727539,72449,0.0,0.0
2017-04-06 00:00:00+08:00,117.54331089405532,117.87256386574735,117.2140579223633,117.21405792236328,57493,0.0,0.0
2017-04-07 00:00:00+08:00,117.2140567403444,117.54330970871615,116.5555508036009,116.88480377197266,103400,0.0,0.0
2017-04-10 00:00:00+08:00,116.88480377197264,117.2140567403444,116.88480377197264,116.88480377197266,79030,0.0,0.0
2017-04-11 00:00:00+08:00,116.55555608387371,116.55555608387371,115.56779713401038,116.22630310058594,170781,0.0,0.0
2017-04-12 00:00:00+08:00,116.2263084259468,116.2263084259468,115.23854943082544,115.56780242919922,194934,0.0,0.0
2017-04-13 00:00:00+08:00,115.89705542757301,115.89705542757301,115.23854943082544,115.56780242919922,37736,0.0,0.0
2017-04-14 00:00:00+08:00,115.89703649762033,115.89703649762033,114.58002471923828,114.58002471923828,133636,0.0,0.0
2017-04-17 00:00:00+08:00,114.58002471923828,114.90927766383379,113.92151883004726,114.58002471923828,75099,0.0,0.0
2017-04-18 00:00:00+08:00,114.90927766383379,115.2385306084293,114.58002471923828,114.58002471923828,53989,0.0,0.0
2017-04-19 00:00:00+08:00,114.9092971580616,114.9092971580616,113.59228515625,113.59228515625,137960,0.0,0.0
2017-04-20 00:00:00+08:00,114.2507911571558,114.2507911571558,113.59228515625,113.59228515625,57073,0.0,0.0
2017-04-21 00:00:00+08:00,114.5800441576087,114.5800441576087,113.59228515625,113.59228515625,85527,0.0,0.0
2017-04-24 00:00:00+08:00,114.25079043570408,115.56780242919922,114.25079043570408,115.56780242919922,76223,0.0,0.0
2017-04-25 00:00:00+08:00,115.56780242919922,115.89705542757301,115.23854943082544,115.56780242919922,26395,0.0,0.0
2017-04-26 00:00:00+08:00,115.56779776801292,115.56779776801292,113.5922798574486,114.25078582763672,91733,0.0,0.0
2017-04-27 00:00:00+08:00,114.25077700752745,114.25077700752745,113.92152404785158,113.92152404785156,46300,0.0,0.0
2017-04-28 00:00:00+08:00,114.58003881273076,114.58003881273076,114.25078582763672,114.25078582763672,22700,0.0,0.0
2017-05-02 00:00:00+08:00,114.25078582763672,114.90929179782482,114.25078582763672,114.25078582763672,36667,0.0,0.0
2017-05-03 00:00:00+08:00,114.25078582763672,114.58003881273076,114.25078582763672,114.25078582763672,21650,0.0,0.0
2017-05-04 00:00:00+08:00,114.25078582763672,114.90929179782482,113.92153284254266,114.25078582763672,39899,0.0,0.0
2017-05-05 00:00:00+08:00,114.25077177464277,114.58002471923828,114.25077177464277,114.58002471923828,54970,0.0,0.0
2017-05-08 00:00:00+08:00,114.9092971580616,114.9092971580616,113.2630321557971,113.59228515625,152838,0.0,0.0
2017-05-09 00:00:00+08:00,114.25077700752745,114.25077700752745,113.26301812849982,113.92152404785156,71450,0.0,0.0
2017-05-10 00:00:00+08:00,113.26301294085623,114.58002471923828,113.26301294085623,114.58002471923828,30110,0.0,0.0
2017-05-11 00:00:00+08:00,113.5922798574486,114.58003881273076,113.26302687235456,114.25078582763672,68400,0.0,0.0
2017-05-12 00:00:00+08:00,114.25077700752745,114.25077700752745,113.92152404785158,113.92152404785156,27621,0.0,0.0
2017-05-15 00:00:00+08:00,113.92151883004726,114.58002471923828,113.92151883004726,114.58002471923828,63327,0.0,0.0
2017-05-16 00:00:00+08:00,114.90930175781251,114.90930175781251,114.5800487441798,114.9093017578125,43248,0.0,0.0
2017-05-17 00:00:00+08:00,115.23855477144521,115.23855477144521,114.5800487441798,114.9093017578125,32485,0.0,0.0
2017-05-18 00:00:00+08:00,114.25077177464277,114.58002471923828,114.25077177464277,114.58002471923828,28833,0.0,0.0
2017-05-19 00:00:00+08:00,114.58003881273076,114.58003881273076,114.25078582763672,114.25078582763672,36919,0.0,0.0
2017-05-22 00:00:00+08:00,114.25078582763672,114.25078582763672,113.92153284254266,114.25078582763672,48710,0.0,0.0
2017-05-23 00:00:00+08:00,114.25077177464277,114.58002471923828,114.25077177464277,114.58002471923828,22000,0.0,0.0
2017-05-24 00:00:00+08:00,114.58002471923828,114.58002471923828,113.92151883004726,114.58002471923828,33201,0.0,0.0
2017-05-25 00:00:00+08:00,114.25079573054711,114.90930175781251,114.25079573054711,114.9093017578125,45000,0.0,0.0
2017-05-26 00:00:00+08:00,114.5800487441798,114.90930175781251,114.25079573054711,114.9093017578125,41030,0.0,0.0
2017-05-31 00:00:00+08:00,114.90929116743482,116.22630310058594,114.90929116743482,116.22630310058594,86162,0.0,0.0
2017-06-01 00:00:00+08:00,116.22629783522915,116.88480377197264,116.22629783522915,116.88480377197266,50750,0.0,0.0
2017-06-02 00:00:00+08:00,116.55555608387371,116.55555608387371,115.89705011729816,116.22630310058594,33350,0.0,0.0
2017-06-05 00:00:00+08:00,116.2263084259468,116.2263084259468,115.23854943082544,115.56780242919922,84735,0.0,0.0
2017-06-06 00:00:00+08:00,115.56779713401038,116.22630310058594,115.56779713401038,116.22630310058594,27600,0.0,0.0
2017-06-07 00:00:00+08:00,116.22630310058594,116.55555608387371,116.22630310058594,116.22630310058594,29458,0.0,0.0
2017-06-08 00:00:00+08:00,116.5555508036009,116.88480377197264,116.5555508036009,116.88480377197266,25250,0.0,0.0
2017-06-09 00:00:00+08:00,116.88481788850773,116.88481788850773,115.8970588640978,116.5555648803711,71565,0.0,0.0
2017-06-12 00:00:00+08:00,116.22630310058594,116.22630310058594,115.89705011729816,116.22630310058594,24493,0.0,0.0
2017-06-13 00:00:00+08:00,116.22631187223445,116.5555648803711,116.22631187223445,116.5555648803711,18560,0.0,0.0
2017-06-14 00:00:00+08:00,116.55555491013959,116.88480789011174,115.56779597022316,115.89704895019531,59321,0.0,0.0
2017-06-15 00:00:00+08:00,115.89705542757301,115.89705542757301,115.56780242919922,115.56780242919922,25599,0.0,0.0
2017-06-16 00:00:00+08:00,115.56779597022316,116.22630193016745,115.56779597022316,115.89704895019531,36400,0.0,0.0
2017-06-19 00:00:00+08:00,115.89705011729816,116.22630310058594,115.89705011729816,116.22630310058594,27455,0.0,0.0
2017-06-20 00:00:00+08:00,116.22630310058594,116.8848090671615,115.89705011729816,116.22630310058594,53037,0.0,0.0
2017-06-21 00:00:00+08:00,116.55555608387371,116.55555608387371,116.22630310058594,116.22630310058594,19250,0.0,0.0
2017-06-22 00:00:00+08:00,116.55555608387371,116.55555608387371,115.89705011729816,116.22630310058594,29412,0.0,0.0
2017-06-23 00:00:00+08:00,116.22630310058594,116.55555608387371,115.89705011729816,116.22630310058594,38426,0.0,0.0
2017-06-26 00:00:00+08:00,116.55555608387371,116.55555608387371,116.22630310058594,116.22630310058594,22641,0.0,0.0
2017-06-27 00:00:00+08:00,116.5555508036009,116.88480377197264,116.5555508036009,116.88480377197266,41608,0.0,0.0
2017-06-28 00:00:00+08:00,116.88481788850773,116.88481788850773,116.5555648803711,116.5555648803711,38255,0.0,0.0
2017-06-29 00:00:00+08:00,116.5555648803711,117.543323904781,116.5555648803711,116.5555648803711,71862,0.0,0.0
2017-06-30 00:00:00+08:00,116.5555508036009,116.88480377197264,116.5555508036009,116.88480377197266,16000,0.0,0.0
2017-07-03 00:00:00+08:00,116.88480377197264,117.2140567403444,116.5555508036009,116.88480377197266,37635,0.0,0.0
2017-07-04 00:00:00+08:00,117.2140567403444,117.2140567403444,116.22629783522915,116.88480377197266,95250,0.0,0.0
2017-07-05 00:00:00+08:00,116.88481788850773,116.88481788850773,116.5555648803711,116.5555648803711,43297,0.0,0.0
2017-07-06 00:00:00+08:00,116.88481788850773,116.88481788850773,116.22631187223445,116.5555648803711,22737,0.0,0.0
2017-07-07 00:00:00+08:00,116.5555648803711,116.5555648803711,115.8970588640978,116.5555648803711,62700,0.0,0.0
2017-07-10 00:00:00+08:00,116.5555648803711,116.5555648803711,116.22631187223445,116.5555648803711,35300,0.0,0.0
2017-07-11 00:00:00+08:00,116.5555648803711,116.5555648803711,115.8970588640978,116.5555648803711,72553,0.0,0.0
2017-07-12 00:00:00+08:00,116.5555648803711,116.5555648803711,116.22631187223445,116.5555648803711,37800,0.0,0.0
2017-07-13 00:00:00+08:00,116.2262990072872,117.2140579223633,116.2262990072872,117.21405792236328,83860,0.0,0.0
2017-07-14 00:00:00+08:00,116.88480377197264,117.54330970871615,116.5555508036009,116.88480377197266,104509,0.0,0.0
2017-07-17 00:00:00+08:00,117.21406785336288,118.20182685212717,117.21406785336288,117.87257385253906,134182,0.0,0.0
2017-07-18 00:00:00+08:00,118.20181802274132,118.20181802274132,117.2140590977602,117.5433120727539,47369,0.0,0.0
2017-07-19 00:00:00+08:00,117.54331089405532,117.54331089405532,117.2140579223633,117.21405792236328,25748,0.0,0.0
2017-07-20 00:00:00+08:00,117.21406785336288,117.87257385253906,117.21406785336288,117.87257385253906,49950,0.0,0.0
2017-07-21 00:00:00+08:00,117.87256504774761,117.87256504774761,117.5433120727539,117.5433120727539,50722,0.0,0.0
2017-07-24 00:00:00+08:00,117.87256267708791,117.87256267708791,116.88480377197264,116.88480377197266,139490,0.0,0.0
2017-07-25 00:00:00+08:00,116.88479789434243,117.21405084615748,116.55554494252738,108.98272705078125,323050,0.0,0.0
2017-07-26 00:00:00+08:00,117.70383120573594,119.47115599861485,117.70383120573594,119.11769104003906,334716,11.336591,0.0
2017-07-27 00:00:00+08:00,119.47116088867188,120.17809083475869,119.47116088867188,119.47116088867188,109950,0.0,0.0
2017-07-28 00:00:00+08:00,119.82463141850062,119.82463141850062,118.7642364501953,118.76423645019531,68671,0.0,0.0
2017-07-31 00:00:00+08:00,118.7642364501953,118.7642364501953,118.4107714607602,118.76423645019531,37377,0.0,0.0
2017-08-01 00:00:00+08:00,118.7642364501953,118.7642364501953,118.4107714607602,118.76423645019531,47626,0.0,0.0
2017-08-02 00:00:00+08:00,118.7642364501953,118.7642364501953,118.4107714607602,118.76423645019531,35207,0.0,0.0
2017-08-03 00:00:00+08:00,118.7642266736059,118.7642266736059,118.05729675292967,118.05729675292969,57394,0.0,0.0
2017-08-04 00:00:00+08:00,118.05729675292967,118.41076171326779,118.05729675292967,118.05729675292969,38150,0.0,0.0
2017-08-07 00:00:00+08:00,118.05730647132509,118.7642364501953,118.05730647132509,118.76423645019531,39560,0.0,0.0
2017-08-08 00:00:00+08:00,118.76423157649253,119.11769655142257,118.4107666015625,118.4107666015625,39579,0.0,0.0
2017-08-09 00:00:00+08:00,119.11769163394402,119.11769163394402,118.05729675292967,118.05729675292969,30104,0.0,0.0
2017-08-10 00:00:00+08:00,118.05730715456669,118.41077214604742,116.99691218012447,117.70384216308594,87033,0.0,0.0
2017-08-11 00:00:00+08:00,117.70384494367852,117.70384494367852,116.9969149440168,117.35037994384766,162513,0.0,0.0
2017-08-14 00:00:00+08:00,117.70384285666726,117.70384285666726,116.64344787597658,116.64344787597656,82575,0.0,0.0
2017-08-15 00:00:00+08:00,116.64344787597658,116.64344787597658,116.289982882413,116.64344787597656,70100,0.0,0.0
2017-08-16 00:00:00+08:00,116.64344578254514,116.64344578254514,115.93651580810548,115.93651580810547,64625,0.0,0.0
2017-08-17 00:00:00+08:00,115.93651580810548,115.93651580810548,115.58305082088565,115.93651580810547,77995,0.0,0.0
2017-08-18 00:00:00+08:00,115.9365367304328,115.9365367304328,114.87614157741055,115.22960662841797,139160,0.0,0.0
2017-08-21 00:00:00+08:00,115.22960662841797,115.22960662841797,114.87614157741055,115.22960662841797,75324,0.0,0.0
2017-08-22 00:00:00+08:00,115.22957120455227,115.22957120455227,114.52264131986178,114.87610626220703,61789,0.0,0.0
2017-08-23 00:00:00+08:00,114.87612290815875,117.3503778631037,114.87612290815875,116.64344787597656,147321,0.0,0.0
2017-08-24 00:00:00+08:00,116.99691286954014,116.99691286954014,115.93651788884944,116.64344787597656,46002,0.0,0.0
2017-08-25 00:00:00+08:00,116.64344787597658,116.99691286954014,116.289982882413,116.64344787597656,34775,0.0,0.0
2017-08-28 00:00:00+08:00,116.64344994418592,117.35037994384766,116.28998494435506,117.35037994384766,26600,0.0,0.0
2017-08-29 00:00:00+08:00,116.99690187191534,118.05729675292967,116.99690187191534,118.05729675292969,44803,0.0,0.0
2017-08-30 00:00:00+08:00,118.41076171326779,118.41076171326779,117.70383179259157,118.05729675292969,28800,0.0,0.0
2017-08-31 00:00:00+08:00,118.76423157649253,118.76423157649253,118.05730162663247,118.4107666015625,27630,0.0,0.0
2017-09-01 00:00:00+08:00,118.4107714607602,118.7642364501953,118.4107714607602,118.76423645019531,35000,0.0,0.0
2017-09-04 00:00:00+08:00,118.7642266736059,118.7642266736059,117.35036683225346,118.05729675292969,63580,0.0,0.0
2017-09-05 00:00:00+08:00,118.05730715456669,118.05730715456669,116.99691218012447,117.70384216308594,21337,0.0,0.0
2017-09-06 00:00:00+08:00,117.3503771716052,117.70384216308594,116.99691218012447,117.70384216308594,27550,0.0,0.0
2017-09-07 00:00:00+08:00,117.35037994384766,117.70384494367852,117.35037994384766,117.35037994384766,21180,0.0,0.0
2017-09-08 00:00:00+08:00,117.70383179259157,118.05729675292967,117.70383179259157,118.05729675292969,17410,0.0,0.0
2017-09-11 00:00:00+08:00,118.41076171326779,118.41076171326779,117.70383179259157,118.05729675292969,27593,0.0,0.0
2017-09-12 00:00:00+08:00,118.05729675292967,118.05729675292967,117.70383179259157,118.05729675292969,48250,0.0,0.0
2017-09-13 00:00:00+08:00,117.70384494367852,117.70384494367852,117.35037994384766,117.35037994384766,16250,0.0,0.0
2017-09-14 00:00:00+08:00,117.70383665170243,118.4107666015625,117.35037167677238,118.4107666015625,71423,0.0,0.0
2017-09-15 00:00:00+08:00,118.05730162663247,118.4107666015625,117.70383665170243,118.4107666015625,21324,0.0,0.0
2017-09-18 00:00:00+08:00,118.05730715456669,118.05730715456669,117.3503771716052,117.70384216308594,33335,0.0,0.0
2017-09-19 00:00:00+08:00,117.3503771716052,118.05730715456669,117.3503771716052,117.70384216308594,26321,0.0,0.0
2017-09-20 00:00:00+08:00,118.05730715456669,118.05730715456669,117.3503771716052,117.70384216308594,48552,0.0,0.0
2017-09-21 00:00:00+08:00,117.70384216308594,117.70384216308594,117.3503771716052,117.70384216308594,31280,0.0,0.0
2017-09-22 00:00:00+08:00,117.70384494367852,117.70384494367852,116.9969149440168,117.35037994384766,36200,0.0,0.0
2017-09-25 00:00:00+08:00,117.3503778631037,117.3503778631037,115.58305289528587,116.64344787597656,112380,0.0,0.0
2017-09-26 00:00:00+08:00,115.93651788884944,116.64344787597658,115.93651788884944,116.64344787597656,34060,0.0,0.0
2017-09-27 00:00:00+08:00,116.64345831131862,116.64345831131862,116.28999328613281,116.28999328613281,30450,0.0,0.0
2017-09-28 00:00:00+08:00,116.28999328613281,116.28999328613281,115.936528260947,116.28999328613281,20275,0.0,0.0
2017-09-29 00:00:00+08:00,115.936528260947,116.28999328613281,115.936528260947,116.28999328613281,17325,0.0,0.0
2017-10-02 00:00:00+08:00,116.99690187191534,118.05729675292967,116.99690187191534,118.05729675292969,33998,0.0,0.0
2017-10-03 00:00:00+08:00,118.41076171326779,118.41076171326779,117.70383179259157,118.05729675292969,17125,0.0,0.0
2017-10-05 00:00:00+08:00,118.76423157649253,118.76423157649253,118.05730162663247,118.4107666015625,48591,0.0,0.0
2017-10-06 00:00:00+08:00,118.4107714607602,118.7642364501953,118.05730647132509,118.76423645019531,55325,0.0,0.0
2017-10-11 00:00:00+08:00,118.7642364501953,118.7642364501953,118.4107714607602,118.76423645019531,31716,0.0,0.0
2017-10-12 00:00:00+08:00,118.7642364501953,118.7642364501953,118.4107714607602,118.76423645019531,21237,0.0,0.0
2017-10-13 00:00:00+08:00,118.76423713752816,118.76423713752816,117.70384216308594,117.70384216308594,39264,0.0,0.0
2017-10-16 00:00:00+08:00,117.70383179259157,118.05729675292967,117.35036683225346,118.05729675292969,31979,0.0,0.0
2017-10-17 00:00:00+08:00,118.05729675292967,118.05729675292967,117.70383179259157,118.05729675292969,24350,0.0,0.0
2017-10-18 00:00:00+08:00,118.0573099435094,118.0573099435094,117.35037994384766,117.35037994384766,22046,0.0,0.0
2017-10-19 00:00:00+08:00,117.70384216308594,118.41077214604742,117.3503771716052,117.70384216308594,34729,0.0,0.0
2017-10-20 00:00:00+08:00,117.70384494367852,118.41077494334026,117.35037994384766,117.35037994384766,54462,0.0,0.0
2017-10-23 00:00:00+08:00,118.05729675292967,118.41076171326779,117.70383179259157,118.05729675292969,73543,0.0,0.0
2017-10-24 00:00:00+08:00,118.41076171326779,118.41076171326779,117.70383179259157,118.05729675292969,56513,0.0,0.0
2017-10-25 00:00:00+08:00,118.41077494334026,118.41077494334026,117.35037994384766,117.35037994384766,45026,0.0,0.0
2017-10-26 00:00:00+08:00,117.70384494367852,117.70384494367852,117.35037994384766,117.35037994384766,60570,0.0,0.0
2017-10-27 00:00:00+08:00,117.70384494367852,118.0573099435094,117.35037994384766,117.35037994384766,46785,0.0,0.0
2017-10-30 00:00:00+08:00,117.35036683225346,118.41076171326779,117.35036683225346,118.05729675292969,51161,0.0,0.0
2017-10-31 00:00:00+08:00,118.05729675292967,118.41076171326779,117.70383179259157,118.05729675292969,29232,0.0,0.0
2017-11-01 00:00:00+08:00,118.05730715456669,118.05730715456669,117.3503771716052,117.70384216308594,42000,0.0,0.0
2017-11-02 00:00:00+08:00,117.70384216308594,117.70384216308594,117.3503771716052,117.70384216308594,34720,0.0,0.0
2017-11-03 00:00:00+08:00,117.70384285666726,117.70384285666726,116.64344787597658,116.64344787597656,70322,0.0,0.0
2017-11-06 00:00:00+08:00,116.64344994418592,117.70384494367852,116.64344994418592,117.35037994384766,90200,0.0,0.0
2017-11-07 00:00:00+08:00,117.3503771716052,118.05730715456669,116.99691218012447,117.70384216308594,40476,0.0,0.0
2017-11-08 00:00:00+08:00,117.70384494367852,117.70384494367852,116.9969149440168,117.35037994384766,75160,0.0,0.0
2017-11-09 00:00:00+08:00,117.70384494367852,118.0573099435094,117.35037994384766,117.35037994384766,37046,0.0,0.0
2017-11-10 00:00:00+08:00,117.3503771716052,117.70384216308594,116.99691218012447,117.70384216308594,34227,0.0,0.0
2017-11-13 00:00:00+08:00,118.0573099435094,118.0573099435094,117.35037994384766,117.35037994384766,67871,0.0,0.0
2017-11-14 00:00:00+08:00,117.35037508039676,117.35037508039676,115.93651513966908,116.99691009521484,100215,0.0,0.0
2017-11-15 00:00:00+08:00,117.35037508039676,117.35037508039676,116.64344511003291,116.99691009521484,38155,0.0,0.0
2017-11-16 00:00:00+08:00,116.9969149440168,117.35037994384766,116.64344994418592,117.35037994384766,48629,0.0,0.0
2017-11-17 00:00:00+08:00,117.35037994384766,117.70384494367852,116.9969149440168,117.35037994384766,29302,0.0,0.0
2017-11-20 00:00:00+08:00,117.70383665170243,118.4107666015625,117.35037167677238,118.4107666015625,57651,0.0,0.0
2017-11-21 00:00:00+08:00,118.4107714607602,119.47116642906552,118.4107714607602,118.76423645019531,177172,0.0,0.0
2017-11-22 00:00:00+08:00,118.76422608146328,119.47115599861485,118.76422608146328,119.11769104003906,60750,0.0,0.0
2017-11-23 00:00:00+08:00,119.11770143963041,119.11770143963041,118.7642364501953,118.76423645019531,45200,0.0,0.0
2017-11-24 00:00:00+08:00,118.7642364501953,119.11770143963041,118.4107714607602,118.76423645019531,41250,0.0,0.0
2017-11-27 00:00:00+08:00,118.7642364501953,119.11770143963041,118.7642364501953,118.76423645019531,22280,0.0,0.0
2017-11-28 00:00:00+08:00,118.7642266736059,118.7642266736059,118.05729675292967,118.05729675292969,20972,0.0,0.0
2017-11-29 00:00:00+08:00,118.05730162663247,118.76423157649253,118.05730162663247,118.4107666015625,19000,0.0,0.0
2017-11-30 00:00:00+08:00,118.41077494334026,118.41077494334026,117.35037994384766,117.35037994384766,67950,0.0,0.0
2017-12-01 00:00:00+08:00,117.3503771716052,118.05730715456669,117.3503771716052,117.70384216308594,31350,0.0,0.0
2017-12-04 00:00:00+08:00,117.70383179259157,118.05729675292967,117.70383179259157,118.05729675292969,12572,0.0,0.0
2017-12-05 00:00:00+08:00,117.70384216308594,118.05730715456669,117.70384216308594,117.70384216308594,19275,0.0,0.0
2017-12-06 00:00:00+08:00,117.70384494367852,118.0573099435094,117.35037994384766,117.35037994384766,30554,0.0,0.0
2017-12-07 00:00:00+08:00,117.35037994384766,118.0573099435094,117.35037994384766,117.35037994384766,31000,0.0,0.0
2017-12-08 00:00:00+08:00,116.99691286954014,116.99691286954014,116.64344787597658,116.64344787597656,41100,0.0,0.0
2017-12-11 00:00:00+08:00,116.99691009521483,117.35037508039676,116.99691009521483,116.99691009521484,42809,0.0,0.0
2017-12-12 00:00:00+08:00,116.99691286954014,116.99691286954014,115.22958790172231,116.64344787597656,269211,0.0,0.0
2017-12-13 00:00:00+08:00,116.99691286954014,116.99691286954014,116.64344787597658,116.64344787597656,34000,0.0,0.0
2017-12-14 00:00:00+08:00,116.64344787597658,116.99691286954014,116.64344787597658,116.64344787597656,74000,0.0,0.0
2017-12-15 00:00:00+08:00,116.28999328613281,116.28999328613281,115.58306323576119,116.28999328613281,133034,0.0,0.0
2017-12-18 00:00:00+08:00,116.64344511003291,116.99691009521483,116.64344511003291,116.99691009521484,40335,0.0,0.0
2017-12-19 00:00:00+08:00,116.64344787597658,116.64344787597658,116.64344787597658,116.64344787597656,27217,0.0,0.0
2017-12-20 00:00:00+08:00,116.64344511003291,116.99691009521483,116.289980124851,116.99691009521484,39340,0.0,0.0
2017-12-21 00:00:00+08:00,116.99691286954014,117.3503778631037,116.64344787597658,116.64344787597656,53100,0.0,0.0
2017-12-22 00:00:00+08:00,116.9969149440168,117.35037994384766,116.9969149440168,117.35037994384766,12355,0.0,0.0
2017-12-25 00:00:00+08:00,117.3503778631037,117.70384285666726,116.64344787597658,116.64344787597656,61410,0.0,0.0
2017-12-26 00:00:00+08:00,116.64345831131862,116.64345831131862,116.28999328613281,116.28999328613281,23200,0.0,0.0
2017-12-27 00:00:00+08:00,116.64344511003291,117.35037508039676,116.64344511003291,116.99691009521484,46355,0.0,0.0
2017-12-28 00:00:00+08:00,116.64344511003291,117.35037508039676,116.64344511003291,116.99691009521484,62375,0.0,0.0
2017-12-29 00:00:00+08:00,116.99692333650444,117.35038836169025,116.28999328613281,116.28999328613281,144199,0.0,0.0
2018-01-02 00:00:00+08:00,116.99691218012447,117.70384216308594,116.99691218012447,117.70384216308594,41425,0.0,0.0
2018-01-03 00:00:00+08:00,117.70384216308594,118.05730715456669,117.70384216308594,117.70384216308594,46750,0.0,0.0
2018-01-04 00:00:00+08:00,117.70384494367852,117.70384494367852,116.9969149440168,117.35037994384766,96400,0.0,0.0
2018-01-05 00:00:00+08:00,117.35037508039676,117.70384006557867,116.99691009521483,116.99691009521484,39351,0.0,0.0
2018-01-08 00:00:00+08:00,116.9969149440168,117.70384494367852,116.64344994418592,117.35037994384766,132369,0.0,0.0
2018-01-09 00:00:00+08:00,117.35036683225346,118.05729675292967,116.99690187191534,118.05729675292969,43600,0.0,0.0
2018-01-10 00:00:00+08:00,118.05730715456669,118.41077214604742,117.70384216308594,117.70384216308594,55450,0.0,0.0
2018-01-11 00:00:00+08:00,117.70383665170243,118.4107666015625,117.70383665170243,118.4107666015625,38387,0.0,0.0
2018-01-12 00:00:00+08:00,118.4107714607602,119.11770143963041,118.05730647132509,118.76423645019531,89056,0.0,0.0
2018-01-15 00:00:00+08:00,119.11769591562846,119.47116088867188,119.11769591562846,119.47116088867188,100405,0.0,0.0
2018-01-16 00:00:00+08:00,119.47116088867188,119.47116088867188,119.11769591562846,119.47116088867188,48250,0.0,0.0
2018-01-17 00:00:00+08:00,119.47117816700656,120.17810821533203,119.11771314284381,120.17810821533203,60178,0.0,0.0
2018-01-18 00:00:00+08:00,120.17810541863315,120.53157043457031,120.17810541863315,120.53157043457031,65646,0.0,0.0
2018-01-19 00:00:00+08:00,120.53155580780209,120.53155580780209,119.47116088867188,119.47116088867188,73175,0.0,0.0
2018-01-22 00:00:00+08:00,119.47116088867188,119.82462586171528,119.11769591562846,119.47116088867188,49201,0.0,0.0
2018-01-23 00:00:00+08:00,119.47116088867188,119.82462586171528,119.47116088867188,119.47116088867188,41580,0.0,0.0
2018-01-24 00:00:00+08:00,119.47117335676795,119.82463836669922,119.11770834683668,119.82463836669922,43574,0.0,0.0
2018-01-25 00:00:00+08:00,119.47115599861485,119.47115599861485,118.76422608146328,119.11769104003906,32600,0.0,0.0
2018-01-26 00:00:00+08:00,119.47116088867188,119.47116088867188,119.11769591562846,119.47116088867188,25451,0.0,0.0
2018-01-29 00:00:00+08:00,119.82462586171528,119.82462586171528,119.47116088867188,119.47116088867188,50361,0.0,0.0
2018-01-30 00:00:00+08:00,119.47116088867188,119.82462586171528,119.47116088867188,119.47116088867188,29125,0.0,0.0
2018-01-31 00:00:00+08:00,119.11769104003906,119.47115599861485,119.11769104003906,119.11769104003906,22975,0.0,0.0
2018-02-01 00:00:00+08:00,119.11769591562846,119.82462586171528,119.11769591562846,119.47116088867188,15466,0.0,0.0
2018-02-02 00:00:00+08:00,119.82462586171528,119.82462586171528,119.47116088867188,119.47116088867188,23150,0.0,0.0
2018-02-05 00:00:00+08:00,119.11769591562846,119.47116088867188,118.76423094258506,119.47116088867188,57100,0.0,0.0
2018-02-06 00:00:00+08:00,118.76423713752816,118.76423713752816,116.99691218012447,117.70384216308594,150184,0.0,0.0
2018-02-07 00:00:00+08:00,118.4107666015625,118.76423157649253,117.70383665170243,118.4107666015625,54023,0.0,0.0
2018-02-08 00:00:00+08:00,118.41076171326779,118.7642266736059,117.70383179259157,118.05729675292969,66700,0.0,0.0
2018-02-09 00:00:00+08:00,118.05729675292967,118.05729675292967,118.05729675292967,118.05729675292969,0,0.0,0.0
2018-02-12 00:00:00+08:00,118.05730162663247,119.11769655142257,117.35037167677238,118.4107666015625,52424,0.0,0.0
2018-02-21 00:00:00+08:00,119.47115599861485,119.47115599861485,118.76422608146328,119.11769104003906,46270,0.0,0.0
2018-02-22 00:00:00+08:00,118.41076112288751,119.11769104003906,118.41076112288751,119.11769104003906,48000,0.0,0.0
2018-02-23 00:00:00+08:00,118.41076112288751,119.47115599861485,118.41076112288751,119.11769104003906,41500,0.0,0.0
2018-02-26 00:00:00+08:00,119.47116088867188,120.17809083475869,119.47116088867188,119.47116088867188,61500,0.0,0.0
2018-02-27 00:00:00+08:00,119.82463836669922,120.17810337663047,119.47117335676795,119.82463836669922,32288,0.0,0.0
2018-03-01 00:00:00+08:00,119.82463213454845,121.59195709228516,119.47116714300111,121.59195709228516,139104,0.0,0.0
2018-03-02 00:00:00+08:00,121.59194399442286,122.65233885483934,121.23847904095071,122.29887390136719,88944,0.0,0.0
2018-03-05 00:00:00+08:00,121.59196266932794,121.59196266932794,120.8850326538086,120.8850326538086,38324,0.0,0.0
2018-03-06 00:00:00+08:00,121.59195709228516,121.59195709228516,120.88502710919047,121.59195709228516,16415,0.0,0.0
2018-03-07 00:00:00+08:00,121.59195432801177,122.2988842950351,121.59195432801177,121.94541931152344,28351,0.0,0.0
2018-03-08 00:00:00+08:00,121.23847904095071,122.29887390136719,121.23847904095071,122.29887390136719,37423,0.0,0.0
2018-03-09 00:00:00+08:00,122.2988955142561,122.2988955142561,120.53157043457031,120.53157043457031,126160,0.0,0.0
2018-03-12 00:00:00+08:00,120.8850326538086,121.59196266932794,120.53156764604893,120.8850326538086,54240,0.0,0.0
2018-03-13 00:00:00+08:00,121.59194399442286,123.00580380831151,121.59194399442286,122.29887390136719,89681,0.0,0.0
2018-03-14 00:00:00+08:00,123.00580596923828,123.71273588860173,122.65234100955657,123.00580596923828,73076,0.0,0.0
2018-03-15 00:00:00+08:00,123.00581084418091,123.3592758178711,122.29888089680057,123.3592758178711,28779,0.0,0.0
2018-03-16 00:00:00+08:00,123.35927092892,123.35927092892,123.00580596923828,123.00580596923828,12125,0.0,0.0
2018-03-19 00:00:00+08:00,123.00582402034176,123.00582402034176,122.65235900878905,122.65235900878906,21425,0.0,0.0
2018-03-20 00:00:00+08:00,122.65234927854675,122.65234927854675,121.94541931152342,121.94541931152344,17395,0.0,0.0
2018-03-21 00:00:00+08:00,123.00582402034176,123.00582402034176,121.94542898568365,122.65235900878906,21859,0.0,0.0
2018-03-22 00:00:00+08:00,122.65234927854675,122.65234927854675,121.94541931152342,121.94541931152344,37000,0.0,0.0
2018-03-23 00:00:00+08:00,121.5919522210391,121.94541719842583,121.23848724365234,121.23848724365234,46122,0.0,0.0
2018-03-26 00:00:00+08:00,121.23848724365234,121.5919522210391,120.53155728887887,121.23848724365234,32658,0.0,0.0
2018-03-27 00:00:00+08:00,121.59195432801177,122.2988842950351,121.59195432801177,121.94541931152344,34590,0.0,0.0
2018-03-28 00:00:00+08:00,121.59196266932794,121.59196266932794,120.8850326538086,120.8850326538086,99000,0.0,0.0
2018-03-29 00:00:00+08:00,120.8850326538086,120.8850326538086,120.53156764604893,120.8850326538086,74758,0.0,0.0
2018-03-30 00:00:00+08:00,120.88503545050747,121.23850046644462,120.53157043457031,120.53157043457031,82769,0.0,0.0
2018-04-02 00:00:00+08:00,122.65234100955657,123.71273588860173,122.65234100955657,123.00580596923828,89690,0.0,0.0
2018-04-03 00:00:00+08:00,123.00582402034176,123.00582402034176,122.29889399723635,122.65235900878906,22757,0.0,0.0
2018-04-09 00:00:00+08:00,122.29889399723635,123.00582402034176,121.94542898568365,122.65235900878906,38409,0.0,0.0
2018-04-10 00:00:00+08:00,122.65233885483934,123.00580380831151,122.29887390136719,122.29887390136719,49905,0.0,0.0
2018-04-11 00:00:00+08:00,122.65234587049073,123.3592758178711,122.29888089680057,123.3592758178711,71410,0.0,0.0
2018-04-12 00:00:00+08:00,123.7127456665039,124.06621065412249,123.7127456665039,123.7127456665039,92847,0.0,0.0
2018-04-13 00:00:00+08:00,123.71274079156126,124.06620576525144,123.3592758178711,123.3592758178711,40285,0.0,0.0
2018-04-16 00:00:00+08:00,123.71273588860173,123.71273588860173,122.65234100955657,123.00580596923828,43150,0.0,0.0
2018-04-17 00:00:00+08:00,123.00580380831151,123.00580380831151,122.29887390136719,122.29887390136719,43040,0.0,0.0
2018-04-18 00:00:00+08:00,122.65235900878905,123.00582402034176,122.29889399723635,122.65235900878906,22610,0.0,0.0
2018-04-19 00:00:00+08:00,123.71273588860173,124.06620084828344,122.29887604987485,123.00580596923828,42136,0.0,0.0
2018-04-20 00:00:00+08:00,123.00580596923828,123.00580596923828,122.29887604987485,123.00580596923828,34201,0.0,0.0
2018-04-23 00:00:00+08:00,123.00582402034176,123.00582402034176,122.65235900878905,122.65235900878906,8413,0.0,0.0
2018-04-24 00:00:00+08:00,122.65235900878905,122.65235900878905,121.94542898568365,122.65235900878906,59217,0.0,0.0
2018-04-25 00:00:00+08:00,122.65234100955657,123.00580596923828,121.5919461305114,123.00580596923828,34349,0.0,0.0
2018-04-26 00:00:00+08:00,123.00582402034176,123.00582402034176,122.29889399723635,122.65235900878906,15080,0.0,0.0
2018-04-27 00:00:00+08:00,122.29889399723635,122.65235900878905,122.29889399723635,122.65235900878906,22478,0.0,0.0
2018-04-30 00:00:00+08:00,122.65234100955657,123.00580596923828,122.29887604987485,123.00580596923828,42100,0.0,0.0
2018-05-02 00:00:00+08:00,123.00580596923828,123.35927092892,122.65234100955657,123.00580596923828,38350,0.0,0.0
2018-05-03 00:00:00+08:00,123.35927092892,123.35927092892,122.29887604987485,123.00580596923828,16543,0.0,0.0
2018-05-04 00:00:00+08:00,123.71274079156126,123.71274079156126,123.00581084418091,123.3592758178711,21400,0.0,0.0
2018-05-07 00:00:00+08:00,123.71273588860173,123.71273588860173,122.65234100955657,123.00580596923828,35850,0.0,0.0
2018-05-08 00:00:00+08:00,123.00580596923828,123.00580596923828,122.65234100955657,123.00580596923828,24104,0.0,0.0
2018-05-09 00:00:00+08:00,123.35928903189446,123.35928903189446,122.29889399723635,122.65235900878906,41774,0.0,0.0
2018-05-10 00:00:00+08:00,123.00582402034176,123.00582402034176,122.65235900878905,122.65235900878906,21556,0.0,0.0
2018-05-11 00:00:00+08:00,123.00580596923828,123.00580596923828,122.65234100955657,123.00580596923828,40996,0.0,0.0
2018-05-14 00:00:00+08:00,123.00580596923828,123.00580596923828,122.65234100955657,123.00580596923828,33648,0.0,0.0
2018-05-15 00:00:00+08:00,123.00580596923828,123.00580596923828,122.65234100955657,123.00580596923828,31100,0.0,0.0
2018-05-16 00:00:00+08:00,123.00582402034176,123.00582402034176,122.29889399723635,122.65235900878906,33440,0.0,0.0
2018-05-17 00:00:00+08:00,123.00580596923828,123.00580596923828,122.29887604987485,123.00580596923828,33045,0.0,0.0
2018-05-18 00:00:00+08:00,123.35927092892,123.35927092892,122.65234100955657,123.00580596923828,36086,0.0,0.0
2018-05-21 00:00:00+08:00,123.35927092892,123.35927092892,122.65234100955657,123.00580596923828,53097,0.0,0.0
2018-05-22 00:00:00+08:00,123.00581084418091,123.3592758178711,123.00581084418091,123.3592758178711,26700,0.0,0.0
2018-05-23 00:00:00+08:00,123.35928903189446,123.35928903189446,122.65235900878905,122.65235900878906,37320,0.0,0.0
2018-05-24 00:00:00+08:00,123.3592758178711,123.3592758178711,122.65234587049073,123.3592758178711,54700,0.0,0.0
2018-05-25 00:00:00+08:00,123.35927092892,123.35927092892,123.00580596923828,123.00580596923828,39668,0.0,0.0
2018-05-28 00:00:00+08:00,123.71273588860173,123.71273588860173,122.65234100955657,123.00580596923828,63787,0.0,0.0
2018-05-29 00:00:00+08:00,123.00580596923828,123.00580596923828,122.65234100955657,123.00580596923828,24311,0.0,0.0
2018-05-30 00:00:00+08:00,123.00580596923828,123.00580596923828,122.65234100955657,123.00580596923828,26400,0.0,0.0
2018-05-31 00:00:00+08:00,123.00581084418091,123.3592758178711,123.00581084418091,123.3592758178711,39941,0.0,0.0
2018-06-01 00:00:00+08:00,123.3592758178711,123.3592758178711,123.00581084418091,123.3592758178711,28600,0.0,0.0
2018-06-04 00:00:00+08:00,123.3592758178711,123.3592758178711,123.00581084418091,123.3592758178711,60826,0.0,0.0
2018-06-05 00:00:00+08:00,123.35927092892,123.35927092892,122.65234100955657,123.00580596923828,78337,0.0,0.0
2018-06-06 00:00:00+08:00,123.00582402034176,123.00582402034176,122.29889399723635,122.65235900878906,94563,0.0,0.0
2018-06-07 00:00:00+08:00,123.35928903189446,123.35928903189446,122.29889399723635,122.65235900878906,103956,0.0,0.0
2018-06-08 00:00:00+08:00,122.65233885483934,123.00580380831151,121.94540894789503,122.29887390136719,178960,0.0,0.0
2018-06-11 00:00:00+08:00,122.29887390136719,123.00580380831151,122.29887390136719,122.29887390136719,92423,0.0,0.0
2018-06-12 00:00:00+08:00,122.29887390136719,122.65233885483934,121.94540894789503,122.29887390136719,109100,0.0,0.0
2018-06-13 00:00:00+08:00,121.94541931152342,122.2988842950351,121.94541931152342,121.94541931152344,67911,0.0,0.0
2018-06-14 00:00:00+08:00,121.94540894789503,122.65233885483934,121.94540894789503,122.29887390136719,47102,0.0,0.0
2018-06-15 00:00:00+08:00,122.65234100955657,123.00580596923828,122.65234100955657,123.00580596923828,14605,0.0,0.0
2018-06-19 00:00:00+08:00,123.00580596923828,123.35927092892,122.65234100955657,123.00580596923828,56600,0.0,0.0
2018-06-20 00:00:00+08:00,123.00582402034176,123.00582402034176,122.29889399723635,122.65235900878906,48326,0.0,0.0
2018-06-21 00:00:00+08:00,123.00582402034176,123.00582402034176,122.29889399723635,122.65235900878906,34800,0.0,0.0
2018-06-22 00:00:00+08:00,122.65234100955657,123.00580596923828,122.65234100955657,123.00580596923828,13300,0.0,0.0
2018-06-25 00:00:00+08:00,123.00582402034176,123.71275404344718,122.65235900878905,122.65235900878906,58320,0.0,0.0
2018-06-26 00:00:00+08:00,122.29887604987485,123.00580596923828,122.29887604987485,123.00580596923828,30300,0.0,0.0
2018-06-27 00:00:00+08:00,123.00580596923828,123.00580596923828,122.29887604987485,123.00580596923828,38416,0.0,0.0
2018-06-28 00:00:00+08:00,122.65234100955657,123.00580596923828,122.65234100955657,123.00580596923828,24020,0.0,0.0
2018-06-29 00:00:00+08:00,123.00581569126673,123.7127456665039,123.00581569126673,123.7127456665039,82800,0.0,0.0
2018-07-02 00:00:00+08:00,123.7127456665039,124.06621065412249,123.35928067888533,123.7127456665039,60050,0.0,0.0
2018-07-03 00:00:00+08:00,123.00580596923828,123.71273588860173,123.00580596923828,123.00580596923828,46045,0.0,0.0
2018-07-04 00:00:00+08:00,123.00580596923828,123.35927092892,122.65234100955657,123.00580596923828,51600,0.0,0.0
2018-07-05 00:00:00+08:00,123.35927092892,123.35927092892,123.00580596923828,123.00580596923828,22186,0.0,0.0
2018-07-06 00:00:00+08:00,123.35927092892,123.35927092892,122.29887604987485,123.00580596923828,76660,0.0,0.0
2018-07-09 00:00:00+08:00,123.00582402034176,123.00582402034176,122.65235900878905,122.65235900878906,28739,0.0,0.0
2018-07-10 00:00:00+08:00,122.65234587049073,123.3592758178711,122.65234587049073,123.3592758178711,28100,0.0,0.0
2018-07-11 00:00:00+08:00,123.3592758178711,123.71274079156126,123.3592758178711,123.3592758178711,46113,0.0,0.0
2018-07-12 00:00:00+08:00,123.7127456665039,123.7127456665039,123.35928067888533,123.7127456665039,62242,0.0,0.0
2018-07-13 00:00:00+08:00,123.71273529835237,124.06620025634766,123.71273529835237,124.06620025634766,36936,0.0,0.0
2018-07-16 00:00:00+08:00,124.06620025634766,124.06620025634766,123.71273529835237,124.06620025634766,28297,0.0,0.0
2018-07-17 00:00:00+08:00,124.41967157956933,126.54046143603925,124.41967157956933,126.18699645996094,257397,0.0,0.0
2018-07-18 00:00:00+08:00,126.89391972790027,129.01470947265625,126.1869898129816,129.01470947265625,365324,0.0,0.0
2018-07-19 00:00:00+08:00,129.3681827355485,129.3681827355485,127.60085783478964,127.9543228149414,208630,0.0,0.0
2018-07-20 00:00:00+08:00,127.9543228149414,128.3077877950932,127.60085783478964,127.9543228149414,86614,0.0,0.0
2018-07-23 00:00:00+08:00,127.95432491092892,129.0147198687543,127.95432491092892,128.6612548828125,205079,0.0,0.0
2018-07-24 00:00:00+08:00,128.6612548828125,128.6612548828125,128.3077898968707,128.6612548828125,169406,0.0,0.0
2018-07-25 00:00:00+08:00,128.66125176877392,129.01471674616067,127.6008568366137,121.23848724365234,289260,0.0,0.0
2018-07-26 00:00:00+08:00,129.5877108423621,131.0858346671293,129.5877108423621,130.7113037109375,253078,9.646245,0.0
2018-07-27 00:00:00+08:00,130.7113037109375,130.7113037109375,129.9622417985539,130.7113037109375,129446,0.0,0.0
2018-07-30 00:00:00+08:00,130.7113157503867,130.7113157503867,129.5877227783203,129.5877227783203,106800,0.0,0.0
2018-07-31 00:00:00+08:00,130.33679603774542,130.33679603774542,129.58773399155146,129.96226501464844,44947,0.0,0.0
2018-08-01 00:00:00+08:00,129.9622537690091,129.9622537690091,129.5877227783203,129.5877227783203,63334,0.0,0.0
2018-08-02 00:00:00+08:00,130.33678475969788,130.33678475969788,129.5877227783203,129.5877227783203,65010,0.0,0.0
2018-08-03 00:00:00+08:00,129.5877227783203,129.5877227783203,129.21319178763153,129.5877227783203,55651,0.0,0.0
2018-08-06 00:00:00+08:00,129.58773399155146,130.33679603774542,129.2132029684545,129.96226501464844,64325,0.0,0.0
2018-08-07 00:00:00+08:00,129.9622537690091,130.33678475969788,129.5877227783203,129.5877227783203,51271,0.0,0.0
2018-08-08 00:00:00+08:00,129.58773399155146,130.33679603774542,129.58773399155146,129.96226501464844,62200,0.0,0.0
2018-08-09 00:00:00+08:00,129.9622537690091,129.9622537690091,129.21319178763153,129.5877227783203,69836,0.0,0.0
2018-08-10 00:00:00+08:00,129.9622537690091,129.9622537690091,129.5877227783203,129.5877227783203,38384,0.0,0.0
2018-08-13 00:00:00+08:00,129.5877195308229,129.5877195308229,128.0895956056111,128.46412658691406,123353,0.0,0.0
2018-08-14 00:00:00+08:00,128.46413780922114,129.21319983726323,128.46413780922114,128.8386688232422,43966,0.0,0.0
2018-08-15 00:00:00+08:00,129.5877308512843,129.5877308512843,128.46413780922114,128.8386688232422,49574,0.0,0.0
2018-08-16 00:00:00+08:00,128.838657568217,129.21318854951997,128.0895956056111,128.46412658691406,49068,0.0,0.0
2018-08-17 00:00:00+08:00,128.8386688232422,129.21319983726323,128.8386688232422,128.8386688232422,18814,0.0,0.0
2018-08-20 00:00:00+08:00,128.8386688232422,129.21319983726323,128.46413780922114,128.8386688232422,30846,0.0,0.0
2018-08-21 00:00:00+08:00,128.46411862580672,129.2131805419922,128.46411862580672,129.2131805419922,42893,0.0,0.0
2018-08-22 00:00:00+08:00,128.46411862580672,129.2131805419922,128.46411862580672,129.2131805419922,31174,0.0,0.0
2018-08-23 00:00:00+08:00,129.21319983726323,129.21319983726323,128.46413780922114,128.8386688232422,21600,0.0,0.0
2018-08-24 00:00:00+08:00,128.46412658691406,128.838657568217,128.46412658691406,128.46412658691406,22128,0.0,0.0
2018-08-27 00:00:00+08:00,128.46412980625396,129.5877227783203,128.46412980625396,129.5877227783203,43526,0.0,0.0
2018-08-28 00:00:00+08:00,128.83866079694275,129.5877227783203,128.83866079694275,129.5877227783203,50924,0.0,0.0
2018-08-29 00:00:00+08:00,129.58771479814902,130.33677673339844,129.58771479814902,130.33677673339844,71603,0.0,0.0
2018-08-30 00:00:00+08:00,130.33679603774542,130.33679603774542,129.58773399155146,129.96226501464844,26936,0.0,0.0
2018-08-31 00:00:00+08:00,129.5877227783203,129.9622537690091,129.5877227783203,129.5877227783203,23714,0.0,0.0
2018-09-03 00:00:00+08:00,129.5877115000849,129.96224245817766,129.2131805419922,129.2131805419922,40100,0.0,0.0
2018-09-04 00:00:00+08:00,129.5877115000849,129.96224245817766,129.2131805419922,129.2131805419922,19051,0.0,0.0
2018-09-05 00:00:00+08:00,129.58773399155146,129.96226501464844,129.58773399155146,129.96226501464844,39800,0.0,0.0
2018-09-06 00:00:00+08:00,130.33677341627038,130.33677341627038,129.2131805419922,129.2131805419922,40009,0.0,0.0
2018-09-07 00:00:00+08:00,129.2131805419922,129.96224245817766,129.2131805419922,129.2131805419922,58335,0.0,0.0
2018-09-10 00:00:00+08:00,129.5877308512843,129.5877308512843,128.8386688232422,128.8386688232422,67502,0.0,0.0
2018-09-11 00:00:00+08:00,129.21319178763153,129.5877227783203,128.83866079694275,129.5877227783203,28862,0.0,0.0
2018-09-12 00:00:00+08:00,129.58773399155146,129.96226501464844,129.2132029684545,129.96226501464844,33899,0.0,0.0
2018-09-13 00:00:00+08:00,130.33679603774542,130.33679603774542,129.58773399155146,129.96226501464844,23551,0.0,0.0
2018-09-14 00:00:00+08:00,129.96226501464844,129.96226501464844,129.58773399155146,129.96226501464844,34835,0.0,0.0
2018-09-17 00:00:00+08:00,130.33679603774542,130.33679603774542,129.96226501464844,129.96226501464844,28892,0.0,0.0
2018-09-18 00:00:00+08:00,129.9622417985539,131.0858346671293,129.9622417985539,130.7113037109375,53802,0.0,0.0
2018-09-19 00:00:00+08:00,129.96224576577373,130.71130770102315,129.96224576577373,130.33677673339844,25800,0.0,0.0
2018-09-20 00:00:00+08:00,131.0858612060547,131.0858612060547,130.71133017403739,131.0858612060547,41320,0.0,0.0
2018-09-21 00:00:00+08:00,130.71133017403739,131.460392238072,130.71133017403739,131.0858612060547,27400,0.0,0.0
2018-09-25 00:00:00+08:00,131.4603729248047,131.4603729248047,131.08584194781093,131.4603729248047,39210,0.0,0.0
2018-09-26 00:00:00+08:00,131.46036562332108,131.46036562332108,130.7113037109375,130.7113037109375,45000,0.0,0.0
2018-09-27 00:00:00+08:00,131.0858346671293,131.0858346671293,130.7113037109375,130.7113037109375,21221,0.0,0.0
2018-09-28 00:00:00+08:00,130.71133017403739,131.0858612060547,130.71133017403739,131.0858612060547,20666,0.0,0.0
2018-10-01 00:00:00+08:00,131.0858612060547,131.460392238072,130.71133017403739,131.0858612060547,32233,0.0,0.0
2018-10-02 00:00:00+08:00,131.0858612060547,131.0858612060547,130.71133017403739,131.0858612060547,21334,0.0,0.0
2018-10-03 00:00:00+08:00,130.7113037109375,131.0858346671293,130.7113037109375,130.7113037109375,15500,0.0,0.0
2018-10-04 00:00:00+08:00,130.71130770102315,130.71130770102315,129.96224576577373,130.33677673339844,53118,0.0,0.0
2018-10-05 00:00:00+08:00,129.9622537690091,129.9622537690091,129.21319178763153,129.5877227783203,80395,0.0,0.0
2018-10-08 00:00:00+08:00,129.5877227783203,129.9622537690091,129.21319178763153,129.5877227783203,58820,0.0,0.0
2018-10-09 00:00:00+08:00,129.5877227783203,129.5877227783203,129.5877227783203,129.5877227783203,14519,0.0,0.0
2018-10-11 00:00:00+08:00,128.8386542825138,128.8386542825138,127.34053039550781,127.34053039550781,219045,0.0,0.0
2018-10-12 00:00:00+08:00,127.34054476715798,128.8386688232422,127.34054476715798,128.8386688232422,92882,0.0,0.0
2018-10-15 00:00:00+08:00,128.46412696726512,128.46412696726512,127.34053402002955,127.7150650024414,93615,0.0,0.0
2018-10-16 00:00:00+08:00,127.7150650024414,127.7150650024414,127.34053402002955,127.7150650024414,22630,0.0,0.0
2018-10-17 00:00:00+08:00,127.71506861636513,128.089599609375,127.71506861636513,128.089599609375,26641,0.0,0.0
2018-10-18 00:00:00+08:00,128.089599609375,128.089599609375,128.089599609375,128.089599609375,12465,0.0,0.0
2018-10-19 00:00:00+08:00,127.7150650024414,128.08959598485325,127.34053402002955,127.7150650024414,35886,0.0,0.0
2018-10-22 00:00:00+08:00,127.34053039550781,128.0895923390108,127.34053039550781,127.34053039550781,34639,0.0,0.0
2018-10-23 00:00:00+08:00,128.08959598485325,128.46412696726512,127.7150650024414,127.7150650024414,21897,0.0,0.0
2018-10-24 00:00:00+08:00,127.71506861636513,128.089599609375,127.34053762335526,128.089599609375,50771,0.0,0.0
2018-10-25 00:00:00+08:00,127.34051909770234,127.34051909770234,126.96598815917969,126.96598815917969,51218,0.0,0.0
2018-10-26 00:00:00+08:00,128.08958097474766,128.08958097474766,126.96598815917969,126.96598815917969,82818,0.0,0.0
2018-10-29 00:00:00+08:00,126.96599978384887,127.34053075666259,126.59146881103517,126.59146881103516,50199,0.0,0.0
2018-10-30 00:00:00+08:00,126.59145722065703,127.34051909770234,126.59145722065703,126.96598815917969,31280,0.0,0.0
2018-10-31 00:00:00+08:00,127.34053762335526,128.089599609375,127.34053762335526,128.089599609375,30479,0.0,0.0
2018-11-01 00:00:00+08:00,128.46413780922114,128.8386688232422,128.46413780922114,128.8386688232422,23484,0.0,0.0
2018-11-02 00:00:00+08:00,128.83865794967696,128.83865794967696,127.7150650024414,127.7150650024414,39021,0.0,0.0
2018-11-05 00:00:00+08:00,127.71506861636513,128.089599609375,126.96600663034539,128.089599609375,26320,0.0,0.0
2018-11-06 00:00:00+08:00,128.0895956056111,128.838657568217,127.71506462430814,128.46412658691406,27350,0.0,0.0
2018-11-07 00:00:00+08:00,128.83864892997852,130.7113037109375,128.0895870175949,130.7113037109375,99505,0.0,0.0
2018-11-08 00:00:00+08:00,131.08583866864785,131.08583866864785,129.96224576577373,130.33677673339844,45223,0.0,0.0
2018-11-09 00:00:00+08:00,130.33677673339844,130.71130770102315,129.96224576577373,130.33677673339844,26349,0.0,0.0
2018-11-12 00:00:00+08:00,129.21319178763153,129.5877227783203,128.08959881556515,129.5877227783203,60311,0.0,0.0
2018-11-13 00:00:00+08:00,128.46412980625396,129.5877227783203,128.46412980625396,129.5877227783203,14330,0.0,0.0
2018-11-14 00:00:00+08:00,129.2131805419922,129.5877115000849,128.83864958389944,129.2131805419922,12500,0.0,0.0
2018-11-15 00:00:00+08:00,129.5877115000849,129.5877115000849,129.2131805419922,129.2131805419922,15420,0.0,0.0
2018-11-16 00:00:00+08:00,129.5877227783203,129.9622537690091,129.5877227783203,129.5877227783203,30592,0.0,0.0
2018-11-19 00:00:00+08:00,129.96226501464844,130.33679603774542,129.96226501464844,129.96226501464844,12200,0.0,0.0
2018-11-20 00:00:00+08:00,129.5877227783203,129.9622537690091,129.5877227783203,129.5877227783203,27187,0.0,0.0
2018-11-21 00:00:00+08:00,129.5877227783203,129.9622537690091,129.5877227783203,129.5877227783203,14214,0.0,0.0
2018-11-22 00:00:00+08:00,129.5877227783203,129.5877227783203,129.5877227783203,129.5877227783203,11700,0.0,0.0
2018-11-23 00:00:00+08:00,129.5877115000849,129.5877115000849,128.83864958389944,129.2131805419922,19700,0.0,0.0
2018-11-26 00:00:00+08:00,129.5877227783203,130.33678475969788,129.5877227783203,129.5877227783203,15000,0.0,0.0
2018-11-27 00:00:00+08:00,129.5877227783203,130.33678475969788,129.5877227783203,129.5877227783203,13150,0.0,0.0
2018-11-28 00:00:00+08:00,129.21319178763153,129.5877227783203,129.21319178763153,129.5877227783203,10000,0.0,0.0
2018-11-29 00:00:00+08:00,129.96226501464844,129.96226501464844,129.58773399155146,129.96226501464844,15600,0.0,0.0
2018-11-30 00:00:00+08:00,130.33678475969788,130.33678475969788,129.5877227783203,129.5877227783203,15207,0.0,0.0
2018-12-03 00:00:00+08:00,129.96224576577373,130.71130770102315,129.96224576577373,130.33677673339844,27472,0.0,0.0
2018-12-04 00:00:00+08:00,130.33679603774542,130.33679603774542,129.96226501464844,129.96226501464844,20660,0.0,0.0
2018-12-05 00:00:00+08:00,129.96226501464844,130.33679603774542,129.96226501464844,129.96226501464844,24100,0.0,0.0
2018-12-06 00:00:00+08:00,129.58771479814902,130.33677673339844,129.58771479814902,130.33677673339844,17395,0.0,0.0
2018-12-07 00:00:00+08:00,131.0858346671293,131.0858346671293,130.7113037109375,130.7113037109375,16686,0.0,0.0
2018-12-10 00:00:00+08:00,130.3367727547457,130.7113037109375,130.3367727547457,130.7113037109375,13460,0.0,0.0
2018-12-11 00:00:00+08:00,130.71132706084236,130.71132706084236,129.96226501464844,129.96226501464844,15400,0.0,0.0
2018-12-12 00:00:00+08:00,129.96226501464844,130.33679603774542,129.96226501464844,129.96226501464844,11630,0.0,0.0
2018-12-13 00:00:00+08:00,130.71132213419133,131.8349151611328,130.33679112521085,131.8349151611328,107550,0.0,0.0
2018-12-14 00:00:00+08:00,132.5839803346446,134.45663542411697,132.5839803346446,132.95851135253906,121204,0.0,0.0
2018-12-17 00:00:00+08:00,132.20943813000693,132.95850010241492,132.20943813000693,132.58396911621094,31775,0.0,0.0
2018-12-18 00:00:00+08:00,131.8349151611328,132.5839771790938,131.8349151611328,131.8349151611328,14432,0.0,0.0
2018-12-19 00:00:00+08:00,132.58396585578592,132.58396585578592,131.08584194781093,131.4603729248047,28600,0.0,0.0
2018-12-20 00:00:00+08:00,131.0858346671293,131.46036562332108,130.7113037109375,130.7113037109375,27111,0.0,0.0
2018-12-21 00:00:00+08:00,130.71133017403739,131.0858612060547,130.71133017403739,131.0858612060547,27068,0.0,0.0
2018-12-24 00:00:00+08:00,131.8348965795129,131.8348965795129,129.5877108423621,130.7113037109375,144053,0.0,0.0
2018-12-25 00:00:00+08:00,130.33678475969788,130.33678475969788,128.08959881556515,129.5877227783203,166799,0.0,0.0
2018-12-26 00:00:00+08:00,129.58772358141448,129.58772358141448,126.21694464432565,128.089599609375,458674,0.0,0.0
2018-12-27 00:00:00+08:00,128.8386688232422,129.21319983726323,128.0896067952001,128.8386688232422,40900,0.0,0.0
2018-12-28 00:00:00+08:00,128.83864958389944,129.5877115000849,128.83864958389944,129.2131805419922,37160,0.0,0.0
2019-01-02 00:00:00+08:00,129.2131805419922,129.96224245817766,129.2131805419922,129.2131805419922,29572,0.0,0.0
2019-01-03 00:00:00+08:00,129.9622537690091,129.9622537690091,128.08959881556515,129.5877227783203,17100,0.0,0.0
2019-01-04 00:00:00+08:00,129.5877227783203,129.9622537690091,128.46412980625396,129.5877227783203,28751,0.0,0.0
2019-01-07 00:00:00+08:00,130.7113037109375,130.7113037109375,129.9622417985539,130.7113037109375,36166,0.0,0.0
2019-01-08 00:00:00+08:00,130.71130770102315,130.71130770102315,130.33677673339844,130.33677673339844,15462,0.0,0.0
2019-01-09 00:00:00+08:00,130.33679914202008,131.0858612060547,130.33679914202008,131.0858612060547,18400,0.0,0.0
2019-01-10 00:00:00+08:00,131.08584194781093,131.4603729248047,130.33677999382346,131.4603729248047,31427,0.0,0.0
2019-01-11 00:00:00+08:00,131.46038415215233,132.5839771790938,131.46038415215233,131.8349151611328,66375,0.0,0.0
2019-01-14 00:00:00+08:00,131.83489592554886,132.58395783421676,131.83489592554886,132.2094268798828,36893,0.0,0.0
2019-01-15 00:00:00+08:00,132.20944931675012,132.95851135253906,132.20944931675012,132.95851135253906,25732,0.0,0.0
2019-01-16 00:00:00+08:00,132.95848878855068,133.33301974288463,132.2094268798828,132.2094268798828,38121,0.0,0.0
2019-01-17 00:00:00+08:00,132.58395783421676,132.58395783421676,131.83489592554886,132.2094268798828,28504,0.0,0.0
2019-01-18 00:00:00+08:00,132.58396911621094,134.08209306102688,132.58396911621094,132.58396911621094,67507,0.0,0.0
2019-01-21 00:00:00+08:00,132.20944931675012,133.33304237043353,132.20944931675012,132.95851135253906,28600,0.0,0.0
2019-01-22 00:00:00+08:00,131.83489592554886,132.95848878855068,131.83489592554886,132.2094268798828,37000,0.0,0.0
2019-01-23 00:00:00+08:00,131.46036497121491,132.2094268798828,131.08583401688097,132.2094268798828,20734,0.0,0.0
2019-01-24 00:00:00+08:00,131.83489592554886,132.58395783421676,131.83489592554886,132.2094268798828,24565,0.0,0.0
2019-01-25 00:00:00+08:00,132.58395783421676,132.58395783421676,132.2094268798828,132.2094268798828,29702,0.0,0.0
2019-01-28 00:00:00+08:00,132.58395783421676,132.58395783421676,131.83489592554886,132.2094268798828,41030,0.0,0.0
2019-01-29 00:00:00+08:00,132.20943813000693,132.58396911621094,132.20943813000693,132.58396911621094,13105,0.0,0.0
2019-01-30 00:00:00+08:00,132.5839803346446,132.95851135253906,132.5839803346446,132.95851135253906,19904,0.0,0.0
2019-02-11 00:00:00+08:00,133.33304237043353,133.33304237043353,132.95851135253906,132.95851135253906,65860,0.0,0.0
2019-02-12 00:00:00+08:00,133.70756130111948,134.456623269193,133.70756130111948,134.08209228515625,70348,0.0,0.0
2019-02-13 00:00:00+08:00,134.83115349026676,135.95474643601898,133.70756054451454,135.58021545410156,98682,0.0,0.0
2019-02-14 00:00:00+08:00,135.58020816379124,135.58020816379124,134.83114624023438,134.83114624023438,28641,0.0,0.0
2019-02-15 00:00:00+08:00,134.8311502355719,134.8311502355719,134.08208828981873,134.4566192626953,35728,0.0,0.0
2019-02-18 00:00:00+08:00,134.83115349026676,136.32927741793637,134.83115349026676,135.58021545410156,80073,0.0,0.0
2019-02-19 00:00:00+08:00,135.95474643601898,135.95474643601898,135.58021545410156,135.58021545410156,39764,0.0,0.0
2019-02-20 00:00:00+08:00,135.2056884765625,135.58021946957237,135.2056884765625,135.2056884765625,31569,0.0,0.0
2019-02-21 00:00:00+08:00,135.58021545410156,135.58021545410156,135.20568447218415,135.58021545410156,24325,0.0,0.0
2019-02-22 00:00:00+08:00,135.58021946957237,135.58021946957237,135.2056884765625,135.2056884765625,44862,0.0,0.0
2019-02-25 00:00:00+08:00,135.58021146075458,136.3292734025267,135.58021146075458,135.95474243164062,64147,0.0,0.0
2019-02-26 00:00:00+08:00,135.95474643601898,135.95474643601898,135.58021545410156,135.58021545410156,21750,0.0,0.0
2019-02-27 00:00:00+08:00,135.58021146075458,135.95474243164062,135.2056804898685,135.95474243164062,27270,0.0,0.0
2019-03-04 00:00:00+08:00,135.95473844926437,136.703800369095,135.95473844926437,136.3292694091797,52964,0.0,0.0
2019-03-05 00:00:00+08:00,136.70380839985378,136.70380839985378,135.58021545410156,135.58021545410156,84560,0.0,0.0
2019-03-06 00:00:00+08:00,135.58020748934902,136.3292694091797,135.58020748934902,136.3292694091797,50177,0.0,0.0
2019-03-07 00:00:00+08:00,136.3292694091797,136.703800369095,136.3292694091797,136.3292694091797,30140,0.0,0.0
2019-03-08 00:00:00+08:00,135.95473844926437,136.3292694091797,135.58020748934902,136.3292694091797,17748,0.0,0.0
2019-03-11 00:00:00+08:00,138.57647705078125,140.0746011270059,138.20194603172507,138.57647705078125,232094,0.0,0.0
2019-03-12 00:00:00+08:00,139.32554626464844,139.70007730299426,138.95101522630262,139.32554626464844,60986,0.0,0.0
2019-03-13 00:00:00+08:00,139.32551177896698,140.07457367025177,139.32551177896698,139.70004272460938,60879,0.0,0.0
2019-03-14 00:00:00+08:00,140.07457367025177,140.07457367025177,138.9509808333246,139.70004272460938,63255,0.0,0.0
2019-03-15 00:00:00+08:00,139.32555033640077,139.32555033640077,138.95101928710938,138.95101928710938,51500,0.0,0.0
2019-03-18 00:00:00+08:00,138.95101928710938,139.32555033640077,138.57648823781795,138.95101928710938,64967,0.0,0.0
2019-03-19 00:00:00+08:00,139.32554626464844,139.32554626464844,138.95101522630262,139.32554626464844,28126,0.0,0.0
2019-03-20 00:00:00+08:00,139.32551177896698,139.70004272460938,138.57644988768223,139.70004272460938,34723,0.0,0.0
2019-03-21 00:00:00+08:00,139.32551177896698,140.44910461589413,139.32551177896698,139.70004272460938,69371,0.0,0.0
2019-03-22 00:00:00+08:00,140.07457367025177,140.82363556153652,139.70004272460938,139.70004272460938,49249,0.0,0.0
2019-03-25 00:00:00+08:00,139.7000692030963,140.07460021972656,138.95100716983572,140.07460021972656,84922,0.0,0.0
2019-03-26 00:00:00+08:00,140.07459619140624,141.19818920898436,140.07459619140624,140.44912719726562,42899,0.0,0.0
2019-03-27 00:00:00+08:00,141.19818115234375,141.57271213683273,141.19818115234375,141.19818115234375,59600,0.0,0.0
2019-03-28 00:00:00+08:00,141.19818115234375,141.57271213683273,141.19818115234375,141.19818115234375,80100,0.0,0.0
2019-03-29 00:00:00+08:00,141.19817715599424,141.5727081298828,141.19817715599424,141.5727081298828,32734,0.0,0.0
2019-04-01 00:00:00+08:00,141.57271213683273,141.94724312132172,140.8236501678548,141.19818115234375,63710,0.0,0.0
2019-04-02 00:00:00+08:00,141.19818516995045,141.5727161650962,140.8236541748047,140.8236541748047,40730,0.0,0.0
2019-04-03 00:00:00+08:00,140.8236541748047,141.19818516995045,140.44912317965893,140.8236541748047,27860,0.0,0.0
2019-04-08 00:00:00+08:00,140.44913123635686,140.44913123635686,139.7000692030963,140.07460021972656,69257,0.0,0.0
2019-04-09 00:00:00+08:00,140.44912719726562,140.823658203125,140.07459619140624,140.44912719726562,30001,0.0,0.0
2019-04-10 00:00:00+08:00,140.44912317965893,140.8236541748047,140.44912317965893,140.8236541748047,17964,0.0,0.0
2019-04-11 00:00:00+08:00,140.8236541748047,141.19818516995045,140.44912317965893,140.8236541748047,59202,0.0,0.0
2019-04-12 00:00:00+08:00,140.8236541748047,140.8236541748047,140.8236541748047,140.8236541748047,36365,0.0,0.0
2019-04-15 00:00:00+08:00,140.8236541748047,140.8236541748047,140.44912317965893,140.8236541748047,29283,0.0,0.0
2019-04-16 00:00:00+08:00,140.823658203125,140.823658203125,140.44912719726562,140.44912719726562,40510,0.0,0.0
2019-04-17 00:00:00+08:00,140.44912719726562,140.44912719726562,140.07459619140624,140.44912719726562,42039,0.0,0.0
2019-04-18 00:00:00+08:00,140.07460021972656,140.07460021972656,139.325538186466,140.07460021972656,83580,0.0,0.0
2019-04-19 00:00:00+08:00,139.70004272460938,140.07457367025177,139.70004272460938,139.70004272460938,45840,0.0,0.0
2019-04-22 00:00:00+08:00,140.07461243498358,140.07461243498358,138.57648823781795,138.95101928710938,91852,0.0,0.0
2019-04-23 00:00:00+08:00,139.32554626464844,139.32554626464844,138.57648418795677,139.32554626464844,20002,0.0,0.0
2019-04-24 00:00:00+08:00,139.70007730299426,139.70007730299426,138.95101522630262,139.32554626464844,41547,0.0,0.0
2019-04-25 00:00:00+08:00,139.32555033640077,139.32555033640077,138.57648823781795,138.95101928710938,57883,0.0,0.0
2019-04-26 00:00:00+08:00,138.95101928710938,139.32555033640077,138.95101928710938,138.95101928710938,11426,0.0,0.0
2019-04-29 00:00:00+08:00,138.9509808333246,140.07457367025177,138.9509808333246,139.70004272460938,69920,0.0,0.0
2019-04-30 00:00:00+08:00,139.7000692030963,140.07460021972656,139.325538186466,140.07460021972656,41585,0.0,0.0
2019-05-02 00:00:00+08:00,140.07459218451316,140.8236541748047,140.07459218451316,140.8236541748047,52565,0.0,0.0
2019-05-03 00:00:00+08:00,140.8236541748047,140.8236541748047,140.07459218451316,140.8236541748047,26149,0.0,0.0
2019-05-06 00:00:00+08:00,140.8236541748047,141.5727161650962,140.44912317965893,140.8236541748047,51150,0.0,0.0
2019-05-07 00:00:00+08:00,140.82364618210565,141.5727081298828,140.82364618210565,141.5727081298828,45855,0.0,0.0
2019-05-08 00:00:00+08:00,141.19817715599424,141.5727081298828,140.82364618210565,141.5727081298828,40200,0.0,0.0
2019-05-09 00:00:00+08:00,141.5727081298828,141.94723910377138,141.19817715599424,141.5727081298828,36410,0.0,0.0
2019-05-10 00:00:00+08:00,141.19817715599424,141.5727081298828,141.19817715599424,141.5727081298828,30200,0.0,0.0
2019-05-13 00:00:00+08:00,141.5727081298828,141.94723910377138,141.5727081298828,141.5727081298828,46490,0.0,0.0
2019-05-14 00:00:00+08:00,140.4491191833658,141.57271213683273,140.07458819887682,141.19818115234375,43800,0.0,0.0
2019-05-15 00:00:00+08:00,141.94724635074013,142.32177734375,141.1981843647204,142.32177734375,55208,0.0,0.0
2019-05-16 00:00:00+08:00,142.69633076453084,143.07086181640625,142.32179971265543,143.07086181640625,63658,0.0,0.0
2019-05-17 00:00:00+08:00,143.07086181640625,143.44539286828166,143.07086181640625,143.07086181640625,40049,0.0,0.0
2019-05-20 00:00:00+08:00,143.4453582763672,143.8198892379243,143.4453582763672,143.4453582763672,39167,0.0,0.0
2019-05-21 00:00:00+08:00,143.44537669759956,144.5689697265625,143.44537669759956,144.5689697265625,75786,0.0,0.0
2019-05-22 00:00:00+08:00,144.56896570486617,145.69255870257237,144.56896570486617,144.94349670410156,75117,0.0,0.0
2019-05-23 00:00:00+08:00,145.69256188808345,146.0670928955078,144.94349987323469,146.0670928955078,86521,0.0,0.0
2019-05-24 00:00:00+08:00,146.067081637738,146.067081637738,145.31801968062138,145.6925506591797,30600,0.0,0.0
2019-05-27 00:00:00+08:00,146.0670888759291,146.81615087016465,146.0670888759291,146.44161987304688,31919,0.0,0.0
2019-05-28 00:00:00+08:00,146.06708487685847,146.81614685058594,146.06708487685847,146.81614685058594,35296,0.0,0.0
2019-05-29 00:00:00+08:00,146.81615807142575,147.19068908691406,146.81615807142575,147.19068908691406,27112,0.0,0.0
2019-05-30 00:00:00+08:00,146.81615405397366,147.56521606445312,146.44162304873396,147.56521606445312,37175,0.0,0.0
2019-05-31 00:00:00+08:00,147.56521606445312,148.3142780749326,147.1906850592134,147.56521606445312,67561,0.0,0.0
2019-06-03 00:00:00+08:00,147.56520882431343,147.56520882431343,146.4416158637222,146.81614685058594,50884,0.0,0.0
2019-06-04 00:00:00+08:00,146.44162070104318,146.44162070104318,144.56896570486617,144.94349670410156,177187,0.0,0.0
2019-06-05 00:00:00+08:00,145.31801968062138,145.6925506591797,144.9434887020631,145.6925506591797,62604,0.0,0.0
2019-06-06 00:00:00+08:00,145.6925506591797,146.067081637738,145.6925506591797,145.6925506591797,20331,0.0,0.0
2019-06-10 00:00:00+08:00,146.4416158637222,146.81614685058594,146.06708487685847,146.81614685058594,42885,0.0,0.0
2019-06-11 00:00:00+08:00,146.81614685058594,147.56520882431343,146.4416158637222,146.81614685058594,45089,0.0,0.0
2019-06-12 00:00:00+08:00,146.81615807142575,147.19068908691406,146.06709604044906,147.19068908691406,25100,0.0,0.0
2019-06-13 00:00:00+08:00,147.19068908691406,147.19068908691406,146.4416270559374,147.19068908691406,18910,0.0,0.0
2019-06-14 00:00:00+08:00,146.81615087016465,146.81615087016465,146.0670888759291,146.44161987304688,45122,0.0,0.0
2019-06-17 00:00:00+08:00,145.69255787881133,146.44161987304688,145.69255787881133,146.44161987304688,25308,0.0,0.0
2019-06-18 00:00:00+08:00,146.4416270559374,147.19068908691406,146.06709604044906,147.19068908691406,32101,0.0,0.0
2019-06-19 00:00:00+08:00,147.19067783744967,147.56520882431343,146.81614685058594,146.81614685058594,31454,0.0,0.0
2019-06-20 00:00:00+08:00,146.81615405397366,147.56521606445312,146.81615405397366,147.56521606445312,11300,0.0,0.0
2019-06-21 00:00:00+08:00,147.93974706969286,147.93974706969286,147.1906850592134,147.56521606445312,34277,0.0,0.0
2019-06-24 00:00:00+08:00,147.56521606445312,148.3142780749326,147.56521606445312,147.56521606445312,55056,0.0,0.0
2019-06-25 00:00:00+08:00,147.56521606445312,147.93974706969286,147.1906850592134,147.56521606445312,33925,0.0,0.0
2019-06-26 00:00:00+08:00,147.93974706969286,147.93974706969286,147.56521606445312,147.56521606445312,63500,0.0,0.0
2019-06-27 00:00:00+08:00,147.56521204694917,147.9397430419922,147.19068105190615,147.9397430419922,29300,0.0,0.0
2019-06-28 00:00:00+08:00,147.9397502293815,148.68881225585938,147.56521921614257,148.68881225585938,75380,0.0,0.0
2019-07-01 00:00:00+08:00,148.68879300984904,149.06332397460938,148.68879300984904,149.06332397460938,49666,0.0,0.0
2019-07-02 00:00:00+08:00,149.06333122253417,149.81239318847656,149.06333122253417,149.81239318847656,27090,0.0,0.0
2019-07-03 00:00:00+08:00,149.81239318847656,150.18692417144777,149.43786220550538,149.81239318847656,29000,0.0,0.0
2019-07-04 00:00:00+08:00,149.81239318847656,149.81239318847656,149.43786220550538,149.81239318847656,36000,0.0,0.0
2019-07-05 00:00:00+08:00,149.81239318847656,149.81239318847656,149.43786220550538,149.81239318847656,29000,0.0,0.0
2019-07-08 00:00:00+08:00,149.81239720394737,150.18692819695724,149.06333521792763,149.4378662109375,105000,0.0,0.0
2019-07-09 00:00:00+08:00,149.43786220550538,149.81239318847656,149.43786220550538,149.81239318847656,29000,0.0,0.0
2019-07-10 00:00:00+08:00,149.43786220550538,149.81239318847656,149.06333122253417,149.81239318847656,42000,0.0,0.0
2019-07-11 00:00:00+08:00,149.81240441377025,150.56146643583912,149.81240441377025,150.1869354248047,64295,0.0,0.0
2019-07-12 00:00:00+08:00,152.05957221527467,159.55019153622416,152.05957221527467,156.17941284179688,461332,0.0,0.0
2019-07-15 00:00:00+08:00,155.8049033595597,158.42662048339844,155.05584132417718,158.42662048339844,146224,0.0,0.0
2019-07-16 00:00:00+08:00,158.4266116268985,162.92098358794527,158.4266116268985,160.67379760742188,313306,0.0,0.0
2019-07-17 00:00:00+08:00,161.0483317905002,161.79739379882812,160.67380078633627,161.79739379882812,116498,0.0,0.0
2019-07-18 00:00:00+08:00,161.79740057241943,161.79740057241943,156.55396629460955,156.92849731445312,221645,0.0,0.0
2019-07-19 00:00:00+08:00,157.67755044376148,159.9247364358341,157.67755044376148,159.17567443847656,151755,0.0,0.0
2019-07-22 00:00:00+08:00,159.1756664338659,160.67379035324348,159.1756664338659,159.9247283935547,96936,0.0,0.0
2019-07-23 00:00:00+08:00,159.9247364358341,160.29926743451287,158.42661244111903,159.17567443847656,152853,0.0,0.0
2019-07-24 00:00:00+08:00,159.17567443847656,159.17567443847656,158.05208144244025,159.17567443847656,202188,0.0,0.0
2019-07-25 00:00:00+08:00,160.2174759096763,162.58522185908038,160.2174759096763,162.1905975341797,212982,10.82,0.0
2019-07-26 00:00:00+08:00,162.9798522510117,165.7422226281475,162.9798522510117,164.558349609375,119298,0.0,0.0
2019-07-29 00:00:00+08:00,164.55834503173827,165.34759368896482,160.61210174560546,161.7959747314453,153932,0.0,0.0
2019-07-30 00:00:00+08:00,161.795976261055,161.795976261055,160.61210326402286,161.40135192871094,59268,0.0,0.0
2019-07-31 00:00:00+08:00,161.40135192871094,161.40135192871094,161.00672759636691,161.40135192871094,29506,0.0,0.0
2019-08-01 00:00:00+08:00,161.0067183883102,161.0067183883102,159.82284545898438,159.82284545898438,45548,0.0,0.0
2019-08-02 00:00:00+08:00,159.8228406666511,159.8228406666511,157.0604705810547,157.0604705810547,160989,0.0,0.0
2019-08-05 00:00:00+08:00,157.06047815220955,157.06047815220955,154.69273225041746,155.0873565673828,138421,0.0,0.0
2019-08-06 00:00:00+08:00,153.90348361648677,155.0873565673828,152.32498634862534,155.0873565673828,165493,0.0,0.0
2019-08-07 00:00:00+08:00,155.0873461532593,159.03358905792237,155.0873461532593,157.84971618652344,47773,0.0,0.0
2019-08-08 00:00:00+08:00,157.84972840873758,158.63897705078125,157.84972840873758,158.63897705078125,21015,0.0,0.0
2019-08-12 00:00:00+08:00,158.6389695526048,160.61209106445312,158.6389695526048,160.61209106445312,83652,0.0,0.0
2019-08-13 00:00:00+08:00,160.21746976875966,160.21746976875966,159.42822114920912,159.82284545898438,41663,0.0,0.0
2019-08-14 00:00:00+08:00,160.21747128326115,160.21747128326115,159.03359834274443,159.42822265625,36490,0.0,0.0
2019-08-15 00:00:00+08:00,157.84971618652344,157.84971618652344,157.06046760559082,157.84971618652344,56482,0.0,0.0
2019-08-16 00:00:00+08:00,157.84971767798402,157.84971767798402,157.0604690895941,157.45509338378906,30616,0.0,0.0
2019-08-19 00:00:00+08:00,157.45509487899702,157.84971917693937,157.0604705810547,157.0604705810547,34340,0.0,0.0
2019-08-20 00:00:00+08:00,157.06047208002892,157.06047208002892,156.6658477783203,156.6658477783203,27675,0.0,0.0
2019-08-21 00:00:00+08:00,156.271240234375,156.6658645784012,156.271240234375,156.271240234375,29822,0.0,0.0
2019-08-22 00:00:00+08:00,157.06047208002892,157.06047208002892,156.2712234766117,156.6658477783203,31060,0.0,0.0
2019-08-23 00:00:00+08:00,156.66584628311233,157.0604705810547,155.87659768722764,157.0604705810547,27065,0.0,0.0
2019-08-26 00:00:00+08:00,156.271240234375,156.271240234375,155.8766158903488,156.271240234375,34108,0.0,0.0
2019-08-27 00:00:00+08:00,156.27122198516997,157.0604705810547,155.87659768722764,157.0604705810547,20677,0.0,0.0
2019-08-28 00:00:00+08:00,157.45509189605713,157.84971618652344,157.06046760559082,157.84971618652344,24257,0.0,0.0
2019-08-29 00:00:00+08:00,157.84971618652344,158.24434047698975,157.84971618652344,157.84971618652344,14215,0.0,0.0
2019-08-30 00:00:00+08:00,157.4551132664536,157.4551132664536,156.271240234375,156.271240234375,87494,0.0,0.0
2019-09-02 00:00:00+08:00,156.27122050120417,157.45509338378906,156.27122050120417,157.45509338378906,27604,0.0,0.0
2019-09-03 00:00:00+08:00,157.45509189605713,158.24434047698975,157.45509189605713,157.84971618652344,38559,0.0,0.0
2019-09-04 00:00:00+08:00,157.84971618652344,157.84971618652344,157.06046760559082,157.84971618652344,20500,0.0,0.0
2019-09-05 00:00:00+08:00,157.84971618652344,157.84971618652344,157.45509189605713,157.84971618652344,18500,0.0,0.0
2019-09-06 00:00:00+08:00,157.84971618652344,158.63896476745606,157.84971618652344,157.84971618652344,18145,0.0,0.0
2019-09-10 00:00:00+08:00,157.84971618652344,158.24434047698975,156.6658433151245,157.84971618652344,28051,0.0,0.0
2019-09-11 00:00:00+08:00,158.24434197217897,158.24434197217897,157.45509338378906,157.45509338378906,32121,0.0,0.0
2019-09-12 00:00:00+08:00,157.84971767798402,158.63896626637393,157.45509338378906,157.45509338378906,74508,0.0,0.0
2019-09-16 00:00:00+08:00,157.84971618652344,158.24434047698975,157.45509189605713,157.84971618652344,25550,0.0,0.0
2019-09-17 00:00:00+08:00,157.84971618652344,157.84971618652344,157.45509189605713,157.84971618652344,25200,0.0,0.0
2019-09-18 00:00:00+08:00,157.06046760559082,157.84971618652344,157.06046760559082,157.84971618652344,20910,0.0,0.0
2019-09-19 00:00:00+08:00,157.84971618652344,157.84971618652344,157.84971618652344,157.84971618652344,14050,0.0,0.0
2019-09-20 00:00:00+08:00,157.84972391010803,159.82284545898438,157.84972391010803,159.82284545898438,45567,0.0,0.0
2019-09-23 00:00:00+08:00,159.82284696975557,159.82284696975557,159.42822265625,159.42822265625,15512,0.0,0.0
2019-09-24 00:00:00+08:00,159.42822722247118,159.82285154727927,158.24435424804688,158.24435424804688,27049,0.0,0.0
2019-09-25 00:00:00+08:00,158.2443527297594,159.0336013718031,158.2443527297594,158.63897705078125,22121,0.0,0.0
2019-09-26 00:00:00+08:00,159.42823026699077,161.40135192871094,159.42823026699077,161.40135192871094,57169,0.0,0.0
2019-09-27 00:00:00+08:00,162.19058827393178,162.19058827393178,159.8228424597138,160.61209106445312,49086,0.0,0.0
2019-10-01 00:00:00+08:00,160.6120940785349,160.6120940785349,159.42822114920912,159.82284545898438,41140,0.0,0.0
2019-10-02 00:00:00+08:00,158.63897705078125,159.8228500138468,158.2443527297594,158.63897705078125,30470,0.0,0.0
2019-10-03 00:00:00+08:00,158.63897402923885,159.82284696975557,158.2443497157333,159.42822265625,9206,0.0,0.0
2019-10-04 00:00:00+08:00,159.42822265625,159.42822265625,158.63897402923885,159.42822265625,10494,0.0,0.0
2019-10-07 00:00:00+08:00,159.42822114920912,160.21746976875966,159.42822114920912,159.82284545898438,18535,0.0,0.0
2019-10-08 00:00:00+08:00,159.82284545898438,159.82284545898438,159.42822114920912,159.82284545898438,14106,0.0,0.0
2019-10-09 00:00:00+08:00,159.8228439556554,160.6120925677821,159.42821964959205,160.21746826171875,18878,0.0,0.0
2019-10-14 00:00:00+08:00,161.79597169450184,164.16371762173847,161.79597169450184,162.58522033691406,62715,0.0,0.0
2019-10-15 00:00:00+08:00,163.7690887451172,164.1637130553464,162.97984012465878,163.7690887451172,76262,0.0,0.0
2019-10-16 00:00:00+08:00,164.16371919536817,166.1368408203125,164.16371919536817,166.1368408203125,80066,0.0,0.0
2019-10-17 00:00:00+08:00,166.13685297684182,168.109974746163,165.7422286229776,166.9261016845703,59061,0.0,0.0
2019-10-18 00:00:00+08:00,167.3207244873047,168.10997318771652,166.92610013709879,167.3207244873047,30531,0.0,0.0
2019-10-21 00:00:00+08:00,167.32071533203123,167.32071533203123,164.95296936035155,165.74221801757812,50687,0.0,0.0
2019-10-22 00:00:00+08:00,165.74221954709873,166.53146821160874,165.34759521484375,165.34759521484375,27500,0.0,0.0
2019-10-23 00:00:00+08:00,166.53146667480468,166.53146667480468,165.34759368896482,165.74221801757812,19650,0.0,0.0
2019-10-24 00:00:00+08:00,166.1368423461914,166.1368423461914,164.95296936035155,165.74221801757812,21600,0.0,0.0
2019-10-25 00:00:00+08:00,165.34761204331684,165.34761204331684,164.55836329848,164.95298767089844,28260,0.0,0.0
2019-10-28 00:00:00+08:00,164.95297394896582,165.34759828855664,164.16372526978415,164.558349609375,27219,0.0,0.0
2019-10-29 00:00:00+08:00,164.16372526978415,165.7422226281475,163.76910093019333,164.558349609375,31279,0.0,0.0
2019-10-30 00:00:00+08:00,164.558349609375,165.7422226281475,164.558349609375,164.558349609375,18400,0.0,0.0
2019-10-31 00:00:00+08:00,164.55833754595588,167.71533203125,164.55833754595588,167.71533203125,80567,0.0,0.0
2019-11-01 00:00:00+08:00,168.109950352382,171.66156902179853,168.109950352382,169.2938232421875,111389,0.0,0.0
2019-11-04 00:00:00+08:00,169.2938415741753,169.68846591350905,168.5045928955078,168.5045928955078,28000,0.0,0.0
2019-11-05 00:00:00+08:00,168.50458831787108,168.50458831787108,165.74221801757812,165.74221801757812,80000,0.0,0.0
2019-11-06 00:00:00+08:00,164.95297394896582,165.34759828855664,164.558349609375,164.558349609375,41000,0.0,0.0
2019-11-07 00:00:00+08:00,164.95298767089844,164.95298767089844,163.7691145536432,164.95298767089844,39000,0.0,0.0
2019-11-08 00:00:00+08:00,164.95296936035155,166.1368423461914,164.95296936035155,165.74221801757812,14227,0.0,0.0
2019-11-11 00:00:00+08:00,166.13684387935373,166.13684387935373,164.95297088258874,165.34759521484375,47000,0.0,0.0
2019-11-12 00:00:00+08:00,165.34761204331684,165.74223641573528,164.55836329848,164.95298767089844,28000,0.0,0.0
2019-11-13 00:00:00+08:00,165.74221954709873,165.74221954709873,165.34759521484375,165.34759521484375,13000,0.0,0.0
2019-11-14 00:00:00+08:00,165.34761204331684,165.34761204331684,164.55836329848,164.95298767089844,13000,0.0,0.0
2019-11-15 00:00:00+08:00,164.95296016106238,164.95296016106238,164.16371154785156,164.16371154785156,37136,0.0,0.0
2019-11-18 00:00:00+08:00,164.16371154785156,164.55833585445697,163.76908724124615,164.16371154785156,33000,0.0,0.0
2019-11-19 00:00:00+08:00,163.7690887451172,164.1637130553464,163.37446443488798,163.7690887451172,33000,0.0,0.0
2019-11-20 00:00:00+08:00,163.76908724124615,164.16371154785156,163.76908724124615,164.16371154785156,13000,0.0,0.0
2019-11-21 00:00:00+08:00,164.1637130553464,164.95296167580477,163.7690887451172,163.7690887451172,22000,0.0,0.0
2019-11-22 00:00:00+08:00,163.76908724124615,164.95296016106238,163.37446293464075,164.16371154785156,31100,0.0,0.0
2019-11-25 00:00:00+08:00,164.1637130553464,164.1637130553464,163.7690887451172,163.7690887451172,11000,0.0,0.0
2019-11-26 00:00:00+08:00,163.76909025625332,164.9529631978648,163.3744659423828,163.3744659423828,43000,0.0,0.0
2019-11-27 00:00:00+08:00,163.76908724124615,164.16371154785156,163.37446293464075,164.16371154785156,15000,0.0,0.0
2019-11-28 00:00:00+08:00,164.16372526978415,164.558349609375,163.76910093019333,164.558349609375,13000,0.0,0.0
2019-11-29 00:00:00+08:00,164.55833585445697,164.55833585445697,163.76908724124615,164.16371154785156,19335,0.0,0.0
2019-12-02 00:00:00+08:00,163.3744659423828,163.76909025625332,161.79596868690086,163.3744659423828,35000,0.0,0.0
2019-12-03 00:00:00+08:00,162.97984162851233,163.76909025625332,162.97984162851233,163.3744659423828,11000,0.0,0.0
2019-12-04 00:00:00+08:00,163.3744659423828,163.3744659423828,162.58521731464185,163.3744659423828,21000,0.0,0.0
2019-12-05 00:00:00+08:00,163.7690887451172,164.1637130553464,163.7690887451172,163.7690887451172,5000,0.0,0.0
2019-12-06 00:00:00+08:00,164.95296016106238,164.95296016106238,163.76908724124615,164.16371154785156,11550,0.0,0.0
2019-12-09 00:00:00+08:00,163.37446745717787,163.37446745717787,161.7959701870602,162.97984313964844,72000,0.0,0.0
2019-12-10 00:00:00+08:00,162.97984465812016,163.37446897932625,162.58522033691406,162.58522033691406,21000,0.0,0.0
2019-12-11 00:00:00+08:00,162.58521731464185,164.1637145701238,162.19059300077134,163.3744659423828,37000,0.0,0.0
2019-12-12 00:00:00+08:00,164.95297088258874,165.74221954709873,164.55834655033374,165.34759521484375,61000,0.0,0.0
2019-12-13 00:00:00+08:00,165.34761204331684,166.5314851605721,164.55836329848,164.95298767089844,46432,0.0,0.0
2019-12-16 00:00:00+08:00,165.34761204331684,165.34761204331684,164.55836329848,164.95298767089844,20000,0.0,0.0
2019-12-17 00:00:00+08:00,164.95297394896582,164.95297394896582,163.76910093019333,164.558349609375,30000,0.0,0.0
2019-12-18 00:00:00+08:00,163.7691145536432,164.95298767089844,163.7691145536432,164.95298767089844,10000,0.0,0.0
2019-12-19 00:00:00+08:00,163.7691145536432,164.95298767089844,163.7691145536432,164.95298767089844,10000,0.0,0.0
2019-12-20 00:00:00+08:00,164.95297088258874,165.34759521484375,164.16372221807876,165.34759521484375,16294,0.0,0.0
2019-12-23 00:00:00+08:00,164.95297088258874,165.34759521484375,164.95297088258874,165.34759521484375,18000,0.0,0.0
2019-12-24 00:00:00+08:00,165.34759521484375,165.74221954709873,165.34759521484375,165.34759521484375,13000,0.0,0.0
2019-12-25 00:00:00+08:00,164.95297088258874,165.34759521484375,164.95297088258874,165.34759521484375,12000,0.0,0.0
2019-12-26 00:00:00+08:00,165.34759368896482,165.74221801757812,165.34759368896482,165.74221801757812,15000,0.0,0.0
2019-12-27 00:00:00+08:00,165.74221649532365,166.1368408203125,165.74221649532365,166.1368408203125,20479,0.0,0.0
2019-12-30 00:00:00+08:00,166.1368423461914,166.1368423461914,165.74221801757812,165.74221801757812,13000,0.0,0.0
2019-12-31 00:00:00+08:00,164.95298767089844,165.34761204331684,164.95298767089844,164.95298767089844,18800,0.0,0.0
2020-01-02 00:00:00+08:00,166.53146667480468,166.53146667480468,165.74221801757812,165.74221801757812,12000,0.0,0.0
2020-01-03 00:00:00+08:00,166.1368423461914,166.1368423461914,165.34759368896482,165.74221801757812,25823,0.0,0.0
2020-01-06 00:00:00+08:00,165.74221801757812,166.1368423461914,165.74221801757812,165.74221801757812,23000,0.0,0.0
2020-01-07 00:00:00+08:00,168.10996244525683,168.10996244525683,165.74221649532365,166.1368408203125,9000,0.0,0.0
2020-01-08 00:00:00+08:00,165.34759368896482,165.74221801757812,164.95296936035155,165.74221801757812,10000,0.0,0.0
2020-01-09 00:00:00+08:00,165.74221954709873,165.74221954709873,165.34759521484375,165.34759521484375,12000,0.0,0.0
2020-01-10 00:00:00+08:00,165.34759521484375,165.74221954709873,165.34759521484375,165.34759521484375,15000,0.0,0.0
2020-01-13 00:00:00+08:00,165.74221801757812,165.74221801757812,165.34759368896482,165.74221801757812,23000,0.0,0.0
2020-01-14 00:00:00+08:00,166.5314590992647,168.8992049632353,166.5314590992647,167.71533203125,76000,0.0,0.0
2020-01-15 00:00:00+08:00,168.10995634191178,168.8992049632353,167.71533203125,167.71533203125,37000,0.0,0.0
2020-01-16 00:00:00+08:00,167.71532753917657,168.89920043945312,167.3207032390844,168.89920043945312,19000,0.0,0.0
2020-01-17 00:00:00+08:00,168.89919894558568,169.2938232421875,168.50457464898383,169.2938232421875,35630,0.0,0.0
2020-01-20 00:00:00+08:00,169.68844753878935,169.68844753878935,168.89919894558568,169.2938232421875,51509,0.0,0.0
2020-01-30 00:00:00+08:00,166.1368408203125,166.53146514530135,164.9529678453459,166.1368408203125,121000,0.0,0.0
2020-01-31 00:00:00+08:00,165.7422089912522,168.10995483398438,165.7422089912522,168.10995483398438,69518,0.0,0.0
2020-02-03 00:00:00+08:00,166.13683930166525,166.53146362304688,164.55834201613874,166.53146362304688,66000,0.0,0.0
2020-02-04 00:00:00+08:00,166.9261016845703,166.9261016845703,166.53147733070608,166.9261016845703,14000,0.0,0.0
2020-02-05 00:00:00+08:00,166.92610013709879,167.71534883751062,166.92610013709879,167.3207244873047,40000,0.0,0.0
2020-02-06 00:00:00+08:00,166.5314590992647,167.71533203125,166.5314590992647,167.71533203125,24000,0.0,0.0
2020-02-07 00:00:00+08:00,167.71533203125,167.71533203125,167.71533203125,167.71533203125,0,0.0,0.0
2020-02-10 00:00:00+08:00,166.92610013709879,167.3207244873047,166.13685143668698,167.3207244873047,30710,0.0,0.0
2020-02-11 00:00:00+08:00,168.10996855617407,168.89921723484156,167.71534421684035,168.5045928955078,38000,0.0,0.0
2020-02-12 00:00:00+08:00,168.89920662734914,171.26695251464844,168.89920662734914,171.26695251464844,72000,0.0,0.0
2020-02-13 00:00:00+08:00,171.66158294677734,175.21320190429685,171.66158294677734,173.63470458984375,101000,0.0,0.0
2020-02-14 00:00:00+08:00,174.4239517516413,181.52718960578056,174.4239517516413,177.97557067871094,204472,0.0,0.0
2020-02-17 00:00:00+08:00,177.97557373726553,178.3701980692772,176.39707640921884,177.1863250732422,47000,0.0,0.0
2020-02-18 00:00:00+08:00,177.18632660593306,177.97557527678353,176.7917022705078,176.7917022705078,38000,0.0,0.0
2020-02-19 00:00:00+08:00,176.7916766826923,181.1325437440977,176.7916766826923,179.55404663085938,80000,0.0,0.0
2020-02-20 00:00:00+08:00,179.55404663085938,181.52716802240727,179.1594223525498,179.55404663085938,46000,0.0,0.0
2020-02-21 00:00:00+08:00,179.55406797963076,179.55406797963076,177.58094635348098,177.97557067871094,56340,0.0,0.0
2020-02-24 00:00:00+08:00,177.97557373726553,178.3701980692772,176.7917007412305,177.1863250732422,35000,0.0,0.0
2020-02-25 00:00:00+08:00,176.39706874538112,176.39706874538112,175.21319580078125,175.21319580078125,64000,0.0,0.0
2020-02-26 00:00:00+08:00,174.42393493652344,174.42393493652344,173.24006207496333,174.42393493652344,74000,0.0,0.0
2020-02-27 00:00:00+08:00,174.42393493652344,174.81855922371014,173.63468636215003,174.42393493652344,34000,0.0,0.0
2020-03-02 00:00:00+08:00,174.02932739257812,175.21320036803783,173.63470306742488,174.02932739257812,86000,0.0,0.0
2020-03-03 00:00:00+08:00,174.42393493652344,175.60780779808354,173.63468636215003,174.42393493652344,35000,0.0,0.0
2020-03-04 00:00:00+08:00,174.42395171773137,174.42395171773137,173.63470306742488,174.02932739257812,33000,0.0,0.0
2020-03-05 00:00:00+08:00,174.02931064933674,174.81855922371014,174.02931064933674,174.42393493652344,20000,0.0,0.0
2020-03-06 00:00:00+08:00,175.21318351089684,175.21318351089684,174.02931064933674,174.42393493652344,20000,0.0,0.0
2020-03-09 00:00:00+08:00,173.63470303210195,173.63470303210195,169.2938354562994,170.0830841064453,178000,0.0,0.0
2020-03-10 00:00:00+08:00,166.92607893899222,168.89920043945312,166.53145463890004,168.89920043945312,111000,0.0,0.0
2020-03-11 00:00:00+08:00,170.87232971191406,172.84545130212092,170.4777053938727,170.87232971191406,70000,0.0,0.0
2020-03-12 00:00:00+08:00,170.08308251548152,170.08308251548152,165.74221498028362,166.53146362304688,162000,0.0,0.0
2020-03-13 00:00:00+08:00,166.53146362304688,166.53146362304688,166.53146362304688,166.53146362304688,0,0.0,0.0
2020-03-16 00:00:00+08:00,159.42821485476387,160.61208773734873,157.0604690895941,157.45509338378906,135000,0.0,0.0
2020-03-17 00:00:00+08:00,150.74648596032876,155.87660197468549,150.74648596032876,151.93035888671875,240000,0.0,0.0
2020-03-18 00:00:00+08:00,153.11424421315482,153.11424421315482,148.37875212408818,148.77337646484375,313000,0.0,0.0
2020-03-19 00:00:00+08:00,143.6432682384144,143.6432682384144,134.56690788269043,138.90777587890625,429000,0.0,0.0
2020-03-20 00:00:00+08:00,141.67013245474269,145.61637569860738,141.27550813035623,142.45938110351562,276000,0.0,0.0
2020-03-23 00:00:00+08:00,140.48623367394816,141.67010642962748,134.56686989555146,141.27548217773438,142000,0.0,0.0
2020-03-24 00:00:00+08:00,144.82711053663684,147.5894804923765,143.6432376984627,146.80023193359375,171000,0.0,0.0
2020-03-25 00:00:00+08:00,149.16799169794388,154.69273213120104,149.16799169794388,151.14111328125,216000,0.0,0.0
2020-03-26 00:00:00+08:00,152.7196090221405,152.7196090221405,146.01099570592243,151.53573608398438,131000,0.0,0.0
2020-03-27 00:00:00+08:00,153.50886689018958,155.48198857258276,151.5357452077964,153.11424255371094,150000,0.0,0.0
2020-03-30 00:00:00+08:00,149.95724936788395,153.90349277230195,149.16800068700036,152.71961975097656,82000,0.0,0.0
2020-03-31 00:00:00+08:00,153.1142364813357,154.69273376464844,153.1142364813357,154.69273376464844,51000,0.0,0.0
2020-04-01 00:00:00+08:00,153.11422284606778,154.69271998881075,153.11422284606778,154.298095703125,45000,0.0,0.0
2020-04-06 00:00:00+08:00,154.29811248779296,154.29811248779296,151.93036651611328,153.9034881591797,67000,0.0,0.0
2020-04-07 00:00:00+08:00,154.69273225041746,155.48198088434816,154.29810793345212,155.0873565673828,93000,0.0,0.0
2020-04-08 00:00:00+08:00,155.48197044372557,157.84971618652344,155.48197044372557,157.84971618652344,103000,0.0,0.0
2020-04-09 00:00:00+08:00,158.63897252965856,160.21746976875966,158.63897252965856,159.82284545898438,80000,0.0,0.0
2020-04-10 00:00:00+08:00,159.8228439556554,160.21746826171875,159.03359534352873,160.21746826171875,39000,0.0,0.0
2020-04-13 00:00:00+08:00,158.63897103746538,160.21746826171875,157.84972242533868,160.21746826171875,46000,0.0,0.0
2020-04-14 00:00:00+08:00,160.21747741699218,161.7959747314453,160.21747741699218,161.7959747314453,37000,0.0,0.0
2020-04-15 00:00:00+08:00,163.3744659423828,164.55833888399428,163.3744659423828,163.3744659423828,72000,0.0,0.0
2020-04-16 00:00:00+08:00,163.37446293464075,164.16371154785156,162.58521432142993,164.16371154785156,27000,0.0,0.0
2020-04-17 00:00:00+08:00,164.95296016106238,165.34758446766782,163.37446293464075,164.16371154785156,51000,0.0,0.0
2020-04-20 00:00:00+08:00,164.1637130553464,164.1637130553464,162.1905915042004,163.7690887451172,27000,0.0,0.0
2020-04-21 00:00:00+08:00,162.190592850789,162.97984147780014,158.63897402923885,159.42822265625,103000,0.0,0.0
2020-04-22 00:00:00+08:00,157.84972242533868,160.21746826171875,156.2712252010853,160.21746826171875,67000,0.0,0.0
2020-04-23 00:00:00+08:00,161.40135192871094,161.795976261055,160.21747893167884,161.40135192871094,3000,0.0,0.0
2020-04-24 00:00:00+08:00,161.0067153668228,161.79596397156212,160.21746676208346,160.61209106445312,7000,0.0,0.0
2020-04-27 00:00:00+08:00,161.401350402832,161.7959747314453,160.21747741699218,161.7959747314453,19000,0.0,0.0
2020-04-28 00:00:00+08:00,161.7959747314453,162.58522338867186,161.00672607421873,161.7959747314453,11000,0.0,0.0
2020-04-29 00:00:00+08:00,162.1905900148245,164.16371154785156,162.1905900148245,164.16371154785156,21000,0.0,0.0
2020-04-30 00:00:00+08:00,165.34759368896482,166.1368423461914,165.34759368896482,165.74221801757812,46000,0.0,0.0
2020-05-04 00:00:00+08:00,163.3744659423828,164.1637145701238,162.97984162851233,163.3744659423828,43000,0.0,0.0
2020-05-05 00:00:00+08:00,166.5314851605721,166.5314851605721,164.55836329848,164.95298767089844,21000,0.0,0.0
2020-05-06 00:00:00+08:00,164.95297394896582,164.95297394896582,164.558349609375,164.558349609375,11000,0.0,0.0
2020-05-07 00:00:00+08:00,164.55834503173827,165.74221801757812,164.55834503173827,165.74221801757812,12000,0.0,0.0
2020-05-08 00:00:00+08:00,165.74221498028362,166.53146362304688,164.1637176947571,166.53146362304688,41000,0.0,0.0
2020-05-11 00:00:00+08:00,167.71534883751062,167.71534883751062,166.13685143668698,167.3207244873047,27000,0.0,0.0
2020-05-12 00:00:00+08:00,167.32072603843454,167.32072603843454,165.7422286229776,166.9261016845703,34000,0.0,0.0
2020-05-13 00:00:00+08:00,165.7422104779412,168.8992049632353,165.7422104779412,167.71533203125,27000,0.0,0.0
2020-05-14 00:00:00+08:00,167.71535039229877,167.71535039229877,166.13685297684182,166.9261016845703,23000,0.0,0.0
2020-05-15 00:00:00+08:00,166.53145463890004,168.89920043945312,166.53145463890004,168.89920043945312,40000,0.0,0.0
2020-05-18 00:00:00+08:00,168.89920043945312,169.2938247395453,168.10995183926877,168.89920043945312,28000,0.0,0.0
2020-05-19 00:00:00+08:00,169.68845978137236,170.0830841064453,169.68845978137236,170.0830841064453,50000,0.0,0.0
2020-05-20 00:00:00+08:00,170.08308107583133,170.87232971191406,170.08308107583133,170.87232971191406,22000,0.0,0.0
2020-05-21 00:00:00+08:00,171.26695251464844,171.26695251464844,170.87232820009854,171.26695251464844,26000,0.0,0.0
2020-05-22 00:00:00+08:00,170.08307333972965,170.08307333972965,167.3207032390844,168.89920043945312,81000,0.0,0.0
2020-05-25 00:00:00+08:00,168.10995483398438,168.10995483398438,167.32070621974032,168.10995483398438,58000,0.0,0.0
2020-05-26 00:00:00+08:00,168.89919894558568,169.2938232421875,168.109950352382,169.2938232421875,42000,0.0,0.0
2020-05-27 00:00:00+08:00,169.68844604492188,171.26694321743278,169.29382175179416,169.68844604492188,50000,0.0,0.0
2020-05-28 00:00:00+08:00,169.2938415741753,169.2938415741753,168.10996855617407,168.5045928955078,44000,0.0,0.0
2020-05-29 00:00:00+08:00,168.50458065257354,168.50458065257354,167.71533203125,167.71533203125,36000,0.0,0.0
2020-06-01 00:00:00+08:00,167.71532605578017,169.2938232421875,167.71532605578017,169.2938232421875,28000,0.0,0.0
2020-06-02 00:00:00+08:00,169.68845978137236,170.0830841064453,169.2938354562994,170.0830841064453,17000,0.0,0.0
2020-06-03 00:00:00+08:00,170.47770843151827,170.47770843151827,168.89921113122645,170.0830841064453,55000,0.0,0.0
2020-06-04 00:00:00+08:00,170.0830841064453,170.47770843151827,169.2938354562994,170.0830841064453,19000,0.0,0.0
2020-06-05 00:00:00+08:00,169.68845826608162,170.4777069091797,169.68845826608162,170.4777069091797,21000,0.0,0.0
2020-06-08 00:00:00+08:00,170.87231892430506,170.87231892430506,168.89919745866644,169.68844604492188,46000,0.0,0.0
2020-06-09 00:00:00+08:00,169.68846884541128,173.63471230693247,169.68846884541128,171.66159057617188,52000,0.0,0.0
2020-06-10 00:00:00+08:00,171.6615768291983,171.6615768291983,170.87232820009854,171.26695251464844,19000,0.0,0.0
2020-06-11 00:00:00+08:00,170.87231892430506,170.87231892430506,169.29382175179416,169.68844604492188,25000,0.0,0.0
2020-06-12 00:00:00+08:00,167.71532753917657,168.89920043945312,166.13683033880787,168.89920043945312,75000,0.0,0.0
2020-06-15 00:00:00+08:00,168.10995483398438,168.5045791411064,166.9260819126183,168.10995483398438,56000,0.0,0.0
2020-06-16 00:00:00+08:00,169.68844903963748,170.08307333972965,168.89920043945312,168.89920043945312,22000,0.0,0.0
2020-06-17 00:00:00+08:00,169.68844753878935,169.68844753878935,168.89919894558568,169.2938232421875,23000,0.0,0.0
2020-06-18 00:00:00+08:00,169.2938232421875,169.68844753878935,168.89919894558568,169.2938232421875,20000,0.0,0.0
2020-06-19 00:00:00+08:00,169.68845978137236,170.47770843151827,169.68845978137236,170.0830841064453,30000,0.0,0.0
2020-06-22 00:00:00+08:00,170.08308258763066,170.4777069091797,170.08308258763066,170.4777069091797,21000,0.0,0.0
2020-06-23 00:00:00+08:00,170.47770843151827,170.87233275659122,169.68845978137236,170.0830841064453,24000,0.0,0.0
2020-06-24 00:00:00+08:00,170.08308258763066,170.4777069091797,170.08308258763066,170.4777069091797,11000,0.0,0.0
2020-06-29 00:00:00+08:00,170.47770388554866,171.26695251464844,169.6884552564489,171.26695251464844,26000,0.0,0.0
2020-06-30 00:00:00+08:00,172.05621031321346,174.42395632669806,172.05621031321346,172.845458984375,81000,0.0,0.0
2020-07-01 00:00:00+08:00,173.6346848877504,175.6078063069294,173.6346848877504,174.8185577392578,64000,0.0,0.0
2020-07-02 00:00:00+08:00,177.58094940525385,177.58094940525385,174.81857908117212,177.1863250732422,35000,0.0,0.0
2020-07-03 00:00:00+08:00,175.60781709816422,176.00244140625,172.8454469415639,176.00244140625,72000,0.0,0.0
2020-07-06 00:00:00+08:00,176.00244291498421,176.00244291498421,174.81856998057847,175.60781860351562,38000,0.0,0.0
2020-07-07 00:00:00+08:00,176.397054874601,176.397054874601,174.423933455422,174.8185577392578,40000,0.0,0.0
2020-07-08 00:00:00+08:00,174.8185760428846,174.8185760428846,173.24007874227163,174.02932739257812,44000,0.0,0.0
2020-07-09 00:00:00+08:00,176.39705637245697,176.39705637245697,174.42393493652344,174.42393493652344,35000,0.0,0.0
2020-07-10 00:00:00+08:00,173.63469082565135,173.63469082565135,172.05619363632724,173.2400665283203,53000,0.0,0.0
2020-07-13 00:00:00+08:00,175.21319580078125,176.0024444305145,175.21319580078125,175.21319580078125,73000,0.0,0.0
2020-07-14 00:00:00+08:00,176.00245207720715,177.1863250732422,175.2132034131838,177.1863250732422,78000,0.0,0.0
2020-07-15 00:00:00+08:00,177.58094940525385,177.58094940525385,176.7917007412305,177.1863250732422,47000,0.0,0.0
2020-07-16 00:00:00+08:00,177.58094483772211,178.3701934814453,177.58094483772211,178.3701934814453,49000,0.0,0.0
2020-07-17 00:00:00+08:00,178.3701934814453,178.3701934814453,177.9755691595837,178.3701934814453,43000,0.0,0.0
2020-07-20 00:00:00+08:00,178.37019961220878,178.37019961220878,176.3970779350826,176.7917022705078,114000,0.0,0.0
2020-07-21 00:00:00+08:00,176.7917022705078,177.5809509413583,176.3970779350826,176.7917022705078,88000,0.0,0.0
2020-07-22 00:00:00+08:00,176.79168402777776,177.5809326171875,176.39705973307292,177.5809326171875,96000,0.0,0.0
2020-07-23 00:00:00+08:00,177.1863205158605,178.3701934814453,176.7916961939989,178.3701934814453,229000,0.0,0.0
2020-07-24 00:00:00+08:00,178.64374686287834,180.30169346949438,177.8147735595703,177.8147735595703,259000,10.83,0.0
2020-07-27 00:00:00+08:00,177.81478267196192,177.81478267196192,176.15683598038186,176.98580932617188,72000,0.0,0.0
2020-07-28 00:00:00+08:00,175.74235228049275,176.15683896039957,174.91337892067912,175.32786560058594,88000,0.0,0.0
2020-07-29 00:00:00+08:00,174.9133729173544,176.57131958007812,174.49888625167344,176.57131958007812,36000,0.0,0.0
2020-07-30 00:00:00+08:00,176.57132265327687,177.40029599906688,176.57132265327687,176.98580932617188,31000,0.0,0.0
2020-07-31 00:00:00+08:00,177.4002899879633,178.22926330566406,177.4002899879633,178.22926330566406,20000,0.0,0.0
2020-08-03 00:00:00+08:00,177.814785752341,177.814785752341,176.57132571211486,177.40029907226562,30000,0.0,0.0
2020-08-04 00:00:00+08:00,178.2292724324164,178.2292724324164,177.40029907226562,177.40029907226562,14000,0.0,0.0
2020-08-05 00:00:00+08:00,178.22926021122433,178.22926021122433,177.4002869079163,177.8147735595703,24000,0.0,0.0
2020-08-06 00:00:00+08:00,178.2292724324164,178.2292724324164,176.98581239219024,177.40029907226562,30000,0.0,0.0
2020-08-07 00:00:00+08:00,176.5713136046083,177.8147735595703,176.15682695295428,177.8147735595703,20000,0.0,0.0
2020-08-10 00:00:00+08:00,178.22926021122433,178.22926021122433,177.4002869079163,177.8147735595703,18000,0.0,0.0
2020-08-11 00:00:00+08:00,177.4002869079163,177.8147735595703,176.98580025626228,177.8147735595703,13000,0.0,0.0
2020-08-12 00:00:00+08:00,176.98580932617188,177.81478267196192,176.98580932617188,176.98580932617188,17000,0.0,0.0
2020-08-13 00:00:00+08:00,176.98580025626228,177.8147735595703,176.98580025626228,177.8147735595703,39000,0.0,0.0
2020-08-14 00:00:00+08:00,177.40029599906688,177.81478267196192,176.98580932617188,176.98580932617188,29000,0.0,0.0
2020-08-17 00:00:00+08:00,177.81477957712093,177.81477957712093,176.57131958007812,176.57131958007812,26000,0.0,0.0
2020-08-18 00:00:00+08:00,176.98580932617188,176.98580932617188,176.57132265327687,176.98580932617188,13000,0.0,0.0
2020-08-19 00:00:00+08:00,177.40029907226562,177.814785752341,177.40029907226562,177.40029907226562,17000,0.0,0.0
2020-08-20 00:00:00+08:00,177.40029291144,177.40029291144,176.1568329143972,176.57131958007812,57000,0.0,0.0
2020-08-21 00:00:00+08:00,176.98580932617188,176.98580932617188,176.57132265327687,176.98580932617188,15000,0.0,0.0
2020-08-24 00:00:00+08:00,176.98580932617188,178.22926934485693,176.57132265327687,176.98580932617188,27000,0.0,0.0
2020-08-25 00:00:00+08:00,176.98581239219024,177.814785752341,176.98581239219024,177.40029907226562,24000,0.0,0.0
2020-08-26 00:00:00+08:00,177.40029907226562,178.2292724324164,177.40029907226562,177.40029907226562,26000,0.0,0.0
2020-08-27 00:00:00+08:00,177.4002869079163,177.8147735595703,177.4002869079163,177.8147735595703,27000,0.0,0.0
2020-08-28 00:00:00+08:00,177.8147766468137,178.22926330566406,177.4002899879633,178.22926330566406,76000,0.0,0.0
2020-08-31 00:00:00+08:00,178.22926638574447,180.71618638182463,178.22926638574447,178.6437530517578,80000,0.0,0.0
2020-09-01 00:00:00+08:00,178.64375612470837,179.05824279785156,178.64375612470837,179.05824279785156,27000,0.0,0.0
2020-09-02 00:00:00+08:00,179.0582397177712,179.0582397177712,178.22926638574447,178.6437530517578,30000,0.0,0.0
2020-09-03 00:00:00+08:00,179.0582397177712,179.0582397177712,178.22926638574447,178.6437530517578,15000,0.0,0.0
2020-09-04 00:00:00+08:00,176.9858033291129,178.22926330566406,176.9858033291129,178.22926330566406,23000,0.0,0.0
2020-09-07 00:00:00+08:00,178.2292724324164,178.2292724324164,176.98581239219024,177.40029907226562,40000,0.0,0.0
2020-09-08 00:00:00+08:00,177.40029599906688,177.40029599906688,176.57132265327687,176.98580932617188,42000,0.0,0.0
2020-09-09 00:00:00+08:00,176.98581239219024,177.40029907226562,176.15683903203947,177.40029907226562,21000,0.0,0.0
2020-09-10 00:00:00+08:00,177.40029907226562,177.40029907226562,176.57132571211486,177.40029907226562,17000,0.0,0.0
2020-09-11 00:00:00+08:00,177.40029907226562,177.814785752341,176.57132571211486,177.40029907226562,28000,0.0,0.0
2020-09-14 00:00:00+08:00,176.98580025626228,177.8147735595703,176.5713136046083,177.8147735595703,27000,0.0,0.0
2020-09-15 00:00:00+08:00,178.2292724324164,178.2292724324164,177.40029907226562,177.40029907226562,15000,0.0,0.0
2020-09-16 00:00:00+08:00,177.40029907226562,177.814785752341,176.98581239219024,177.40029907226562,17000,0.0,0.0
2020-09-17 00:00:00+08:00,177.40029599906688,177.40029599906688,176.98580932617188,176.98580932617188,23000,0.0,0.0
2020-09-18 00:00:00+08:00,177.4002869079163,177.8147735595703,176.98580025626228,177.8147735595703,18000,0.0,0.0
2020-09-21 00:00:00+08:00,178.22926021122433,178.22926021122433,177.4002869079163,177.8147735595703,34000,0.0,0.0
2020-09-22 00:00:00+08:00,177.40030517578126,177.40030517578126,175.7423583984375,176.15684509277344,104000,0.0,0.0
2020-09-23 00:00:00+08:00,176.57131958007812,176.57131958007812,176.1568329143972,176.57131958007812,59000,0.0,0.0
2020-09-24 00:00:00+08:00,176.57132564030638,176.57132564030638,174.91337892067912,175.32786560058594,59000,0.0,0.0
2020-09-25 00:00:00+08:00,175.32784723218583,175.32784723218583,174.0843873227377,174.91336059570312,81000,0.0,0.0
2020-09-28 00:00:00+08:00,175.32786560058594,175.32786560058594,174.91337892067912,175.32786560058594,26000,0.0,0.0
2020-09-29 00:00:00+08:00,175.32787170410157,176.15684509277344,175.32787170410157,176.15684509277344,11000,0.0,0.0
2020-09-30 00:00:00+08:00,176.15684203381807,176.15684203381807,175.7423553466797,175.7423553466797,3000,0.0,0.0
2020-10-05 00:00:00+08:00,175.7423553466797,176.15684203381807,174.4988952852645,175.7423553466797,21000,0.0,0.0
2020-10-06 00:00:00+08:00,177.40029291144,177.40029291144,175.74234624871625,176.57131958007812,41000,0.0,0.0
2020-10-07 00:00:00+08:00,175.32786865954128,176.15684203381807,175.32786865954128,175.7423553466797,20000,0.0,0.0
2020-10-08 00:00:00+08:00,175.7423553466797,175.7423553466797,175.32786865954128,175.7423553466797,16000,0.0,0.0
2020-10-12 00:00:00+08:00,175.74233386866854,175.74233386866854,174.49887395922042,174.91336059570312,62000,0.0,0.0
2020-10-13 00:00:00+08:00,174.91338806877226,175.32787477035703,174.08441466560274,174.4989013671875,33000,0.0,0.0
2020-10-14 00:00:00+08:00,174.49889224077228,175.32786560058594,174.49889224077228,175.32786560058594,22000,0.0,0.0
2020-10-15 00:00:00+08:00,174.91337892067912,175.32786560058594,174.91337892067912,175.32786560058594,17000,0.0,0.0
2020-10-16 00:00:00+08:00,174.49887395922042,174.91336059570312,174.0843873227377,174.91336059570312,22000,0.0,0.0
2020-10-19 00:00:00+08:00,174.0843873227377,174.91336059570312,174.0843873227377,174.91336059570312,59000,0.0,0.0
2020-10-20 00:00:00+08:00,174.91338806877226,174.91338806877226,174.08441466560274,174.4989013671875,18000,0.0,0.0
2020-10-21 00:00:00+08:00,176.5713136046083,178.22926021122433,176.5713136046083,177.8147735595703,83000,0.0,0.0
2020-10-22 00:00:00+08:00,177.81477957712093,177.81477957712093,176.1568329143972,176.57131958007812,28000,0.0,0.0
2020-10-23 00:00:00+08:00,176.15683598038186,177.40029599906688,176.15683598038186,176.98580932617188,37000,0.0,0.0
2020-10-26 00:00:00+08:00,176.98581239219024,177.814785752341,176.98581239219024,177.40029907226562,2104000,0.0,0.0
2020-10-27 00:00:00+08:00,177.40029305371775,178.6437530517578,177.40029305371775,178.6437530517578,1130000,0.0,0.0
2020-10-28 00:00:00+08:00,177.81478267196192,177.81478267196192,176.98580932617188,176.98580932617188,2937000,0.0,0.0
2020-10-29 00:00:00+08:00,175.3278626345918,176.98580932617188,175.3278626345918,176.98580932617188,2867000,0.0,0.0
2020-10-30 00:00:00+08:00,176.15684509277344,176.15684509277344,175.7423583984375,176.15684509277344,1258000,0.0,0.0
2020-11-02 00:00:00+08:00,176.15684509277344,176.57133178710936,174.91338500976562,176.15684509277344,1618000,0.0,0.0
2020-11-03 00:00:00+08:00,176.98581540809488,177.40030209523326,175.7423553466797,175.7423553466797,2177000,0.0,0.0
2020-11-04 00:00:00+08:00,175.7423523519641,177.40029907226562,175.7423523519641,177.40029907226562,1594000,0.0,0.0
2020-11-05 00:00:00+08:00,177.4002899879633,178.64374996451446,177.4002899879633,178.22926330566406,1021000,0.0,0.0
2020-11-06 00:00:00+08:00,178.22926638574447,178.6437530517578,177.8147797197311,178.6437530517578,1685000,0.0,0.0
2020-11-09 00:00:00+08:00,178.22926330566406,178.64374996451446,178.22926330566406,178.22926330566406,23000,0.0,0.0
2020-11-10 00:00:00+08:00,177.4002869079163,178.22926021122433,177.4002869079163,177.8147735595703,17000,0.0,0.0
2020-11-11 00:00:00+08:00,177.40029907226562,178.2292724324164,177.40029907226562,177.40029907226562,32000,0.0,0.0
2020-11-12 00:00:00+08:00,177.8147735595703,177.8147735595703,177.4002869079163,177.8147735595703,17000,0.0,0.0
2020-11-13 00:00:00+08:00,177.8147735595703,178.22926021122433,177.4002869079163,177.8147735595703,8000,0.0,0.0
2020-11-16 00:00:00+08:00,177.8147735595703,178.64374686287834,177.8147735595703,177.8147735595703,20000,0.0,0.0
2020-11-17 00:00:00+08:00,179.05823351453233,179.05823351453233,177.4002869079163,177.8147735595703,42000,0.0,0.0
2020-11-18 00:00:00+08:00,177.814785752341,177.814785752341,177.40029907226562,177.40029907226562,15000,0.0,0.0
2020-11-19 00:00:00+08:00,177.8147735595703,178.22926021122433,177.8147735595703,177.8147735595703,11000,0.0,0.0
2020-11-20 00:00:00+08:00,177.8147797197311,178.6437530517578,177.40029305371775,178.6437530517578,37000,0.0,0.0
2020-11-23 00:00:00+08:00,179.0582397177712,179.0582397177712,178.22926638574447,178.6437530517578,30000,0.0,0.0
2020-11-24 00:00:00+08:00,178.64374996451446,178.64374996451446,177.8147766468137,178.22926330566406,29000,0.0,0.0
2020-11-25 00:00:00+08:00,178.22926945156522,179.05824279785156,177.81478277842203,179.05824279785156,67000,0.0,0.0
2020-11-26 00:00:00+08:00,179.0582306401559,179.47271728515625,179.0582306401559,179.47271728515625,43000,0.0,0.0
2020-11-27 00:00:00+08:00,179.88722834511407,183.20312195516226,179.88722834511407,182.78863525390625,161000,0.0,0.0
2020-11-30 00:00:00+08:00,182.78860811579148,185.6900145938199,182.78860811579148,185.27552795410156,140000,0.0,0.0
2020-12-01 00:00:00+08:00,185.27552795410156,185.6900145938199,184.03206803494652,185.27552795410156,64000,0.0,0.0
2020-12-02 00:00:00+08:00,186.10451036088924,186.10451036088924,184.0320770606566,184.44656372070312,39000,0.0,0.0
2020-12-03 00:00:00+08:00,184.86105643570153,184.86105643570153,182.37413639396564,183.20310974121094,38000,0.0,0.0
2020-12-04 00:00:00+08:00,183.2030975824016,183.61758422851562,182.37412429017354,183.61758422851562,26000,0.0,0.0
2020-12-07 00:00:00+08:00,184.03207087462965,184.03207087462965,183.2030975824016,183.61758422851562,46000,0.0,0.0
2020-12-08 00:00:00+08:00,183.61758422851562,183.61758422851562,183.2030975824016,183.61758422851562,28000,0.0,0.0
2020-12-09 00:00:00+08:00,182.78861380818222,183.61758711343475,180.71618054505092,181.9596405029297,65000,0.0,0.0
2020-12-10 00:00:00+08:00,181.9596405029297,182.37412715555595,181.54515385030345,181.9596405029297,30000,0.0,0.0
2020-12-11 00:00:00+08:00,182.37413024902344,182.7886169086803,181.5451569297097,182.37413024902344,46000,0.0,0.0
2020-12-14 00:00:00+08:00,181.13068844888215,183.20312195516226,181.13068844888215,182.78863525390625,18000,0.0,0.0
2020-12-15 00:00:00+08:00,183.20310356833718,183.20310356833718,181.5451569297097,182.37413024902344,23000,0.0,0.0
2020-12-16 00:00:00+08:00,182.37413024902344,183.20310356833718,182.37413024902344,182.37413024902344,28000,0.0,0.0
2020-12-17 00:00:00+08:00,182.37412715555595,182.78861380818222,181.9596405029297,181.9596405029297,30000,0.0,0.0
2020-12-18 00:00:00+08:00,181.9596405029297,182.37412715555595,181.9596405029297,181.9596405029297,26000,0.0,0.0
2020-12-21 00:00:00+08:00,181.9596405029297,182.37412715555595,181.13066719767718,181.9596405029297,44000,0.0,0.0
2020-12-22 00:00:00+08:00,182.3741362896882,182.3741362896882,180.7161895961456,181.13067626953125,66000,0.0,0.0
2020-12-23 00:00:00+08:00,180.71618054505092,181.9596405029297,180.71618054505092,181.9596405029297,21000,0.0,0.0
2020-12-24 00:00:00+08:00,181.95965269602596,182.37413937642694,180.71619265482306,181.545166015625,23000,0.0,0.0
2020-12-25 00:00:00+08:00,181.545166015625,181.545166015625,180.71619265482306,181.545166015625,26000,0.0,0.0
2020-12-28 00:00:00+08:00,181.54515385030345,182.37412715555595,181.54515385030345,181.9596405029297,38000,0.0,0.0
2020-12-29 00:00:00+08:00,182.37413937642694,182.37413937642694,181.13067933522402,181.545166015625,43000,0.0,0.0
2020-12-30 00:00:00+08:00,181.54515385030345,181.9596405029297,181.13066719767718,181.9596405029297,38000,0.0,0.0
2020-12-31 00:00:00+08:00,181.95965269602596,181.95965269602596,181.13067933522402,181.545166015625,31000,0.0,0.0
2021-01-04 00:00:00+08:00,181.545166015625,181.95965269602596,181.13067933522402,181.545166015625,50000,0.0,0.0
2021-01-05 00:00:00+08:00,181.5451629429169,181.5451629429169,180.7161895961456,181.13067626953125,50000,0.0,0.0
2021-01-06 00:00:00+08:00,181.13065789598937,181.13065789598937,180.71617126464844,180.71617126464844,48000,0.0,0.0
2021-01-07 00:00:00+08:00,180.71617126464844,180.71617126464844,180.3016846333075,180.71617126464844,32000,0.0,0.0
2021-01-08 00:00:00+08:00,181.13065789598937,181.13065789598937,179.88719800196657,180.71617126464844,50000,0.0,0.0
2021-01-11 00:00:00+08:00,180.7161895961456,181.13067626953125,180.30170292275994,181.13067626953125,41000,0.0,0.0
2021-01-12 00:00:00+08:00,181.13067933522402,181.545166015625,181.13067933522402,181.545166015625,34000,0.0,0.0
2021-01-13 00:00:00+08:00,181.545166015625,181.95965269602596,181.13067933522402,181.545166015625,46000,0.0,0.0
2021-01-14 00:00:00+08:00,181.5451629429169,181.95964961630256,181.13067626953125,181.13067626953125,31000,0.0,0.0
2021-01-15 00:00:00+08:00,181.95963115867124,181.95963115867124,180.71617126464844,180.71617126464844,31000,0.0,0.0
2021-01-18 00:00:00+08:00,180.71619873046873,180.71619873046873,180.3017120361328,180.3017120361328,59000,0.0,0.0
2021-01-19 00:00:00+08:00,180.3017120361328,180.71619873046873,179.88722534179686,180.3017120361328,78000,0.0,0.0
2021-01-20 00:00:00+08:00,179.8872161441379,179.8872161441379,179.05824279785156,179.05824279785156,94000,0.0,0.0
2021-01-21 00:00:00+08:00,179.05823351453233,179.05823351453233,177.4002869079163,177.8147735595703,169000,0.0,0.0
2021-01-22 00:00:00+08:00,178.22926624280186,178.22926624280186,176.57131958007812,176.57131958007812,110000,0.0,0.0
2021-01-25 00:00:00+08:00,176.57132571211486,177.814785752341,176.57132571211486,177.40029907226562,55000,0.0,0.0
2021-01-26 00:00:00+08:00,178.22926934485693,178.64375601775194,176.98580932617188,176.98580932617188,41000,0.0,0.0
2021-01-27 00:00:00+08:00,177.40029907226562,177.814785752341,176.98581239219024,177.40029907226562,41000,0.0,0.0
2021-01-28 00:00:00+08:00,176.98580932617188,177.40029599906688,176.98580932617188,176.98580932617188,33000,0.0,0.0
2021-01-29 00:00:00+08:00,177.40029291144,177.40029291144,176.57131958007812,176.57131958007812,42000,0.0,0.0
2021-02-01 00:00:00+08:00,175.7423583984375,176.57133178710936,175.7423583984375,176.15684509277344,75000,0.0,0.0
2021-02-02 00:00:00+08:00,176.98581239219024,177.40029907226562,176.57132571211486,177.40029907226562,26000,0.0,0.0
2021-02-03 00:00:00+08:00,177.4002869079163,177.8147735595703,177.4002869079163,177.8147735595703,12000,0.0,0.0
2021-02-04 00:00:00+08:00,177.8147735595703,178.22926021122433,177.8147735595703,177.8147735595703,21000,0.0,0.0
2021-02-05 00:00:00+08:00,177.8147766468137,178.22926330566406,177.8147766468137,178.22926330566406,22000,0.0,0.0
2021-02-17 00:00:00+08:00,181.54515051015807,181.54515051015807,178.64374399515555,179.47271728515625,48000,0.0,0.0
2021-02-18 00:00:00+08:00,179.47272947099472,179.8872161441379,179.05824279785156,179.05824279785156,39000,0.0,0.0
2021-02-19 00:00:00+08:00,179.88722534179686,179.88722534179686,179.47273864746094,180.3017120361328,41000,0.0,0.0
2021-02-22 00:00:00+08:00,181.95965269602596,181.95965269602596,181.545166015625,181.545166015625,48000,0.0,0.0
2021-02-23 00:00:00+08:00,181.545166015625,181.95965269602596,181.13067933522402,181.545166015625,41000,0.0,0.0
2021-02-24 00:00:00+08:00,181.54515385030345,181.9596405029297,181.54515385030345,181.9596405029297,31000,0.0,0.0
2021-02-25 00:00:00+08:00,181.9596405029297,181.9596405029297,181.13066719767718,181.9596405029297,33000,0.0,0.0
2021-02-26 00:00:00+08:00,180.7161895961456,181.95964961630256,180.7161895961456,181.13067626953125,28000,0.0,0.0
2021-03-02 00:00:00+08:00,181.95965269602596,181.95965269602596,181.13067933522402,181.545166015625,35000,0.0,0.0
2021-03-03 00:00:00+08:00,181.5451569297097,182.37413024902344,181.1306702700528,182.37413024902344,51000,0.0,0.0
2021-03-04 00:00:00+08:00,182.37413937642694,182.7886260568279,181.545166015625,181.545166015625,35000,0.0,0.0
2021-03-05 00:00:00+08:00,181.13066719767718,181.9596405029297,180.71618054505092,181.9596405029297,21000,0.0,0.0
2021-03-08 00:00:00+08:00,181.95965269602596,181.95965269602596,180.71619265482306,181.545166015625,46000,0.0,0.0
2021-03-09 00:00:00+08:00,182.3741273622255,184.03207397460938,181.95964070912953,184.03207397460938,86000,0.0,0.0
2021-03-10 00:00:00+08:00,183.6176086564183,183.6176086564183,182.3741485526502,182.78863525390625,21000,0.0,0.0
2021-03-11 00:00:00+08:00,183.20310974121094,183.6175964148336,182.78862306758828,183.20310974121094,37000,0.0,0.0
2021-03-12 00:00:00+08:00,183.20310974121094,183.6175964148336,182.78862306758828,183.20310974121094,27000,0.0,0.0
2021-03-15 00:00:00+08:00,183.20312195516226,183.20312195516226,182.3741485526502,182.78863525390625,34000,0.0,0.0
2021-03-16 00:00:00+08:00,183.20310974121094,183.6175964148336,182.78862306758828,183.20310974121094,30000,0.0,0.0
2021-03-17 00:00:00+08:00,183.20310974121094,184.03208308845623,183.20310974121094,183.20310974121094,57000,0.0,0.0
2021-03-18 00:00:00+08:00,183.6175964148336,183.6175964148336,182.78862306758828,183.20310974121094,21000,0.0,0.0
2021-03-19 00:00:00+08:00,183.20310974121094,183.20310974121094,182.78862306758828,183.20310974121094,19000,0.0,0.0
2021-03-22 00:00:00+08:00,183.20310066841745,184.03207397460938,183.20310066841745,184.03207397460938,55000,0.0,0.0
2021-03-23 00:00:00+08:00,184.8610472808013,184.8610472808013,184.03207397460938,184.03207397460938,42000,0.0,0.0
2021-03-24 00:00:00+08:00,184.86105038074967,184.86105038074967,184.0320770606566,184.44656372070312,18000,0.0,0.0
2021-03-25 00:00:00+08:00,184.03207087462965,184.03207087462965,183.61758422851562,183.61758422851562,33000,0.0,0.0
2021-03-26 00:00:00+08:00,184.03207087462965,184.03207087462965,183.61758422851562,183.61758422851562,18000,0.0,0.0
2021-03-29 00:00:00+08:00,183.61759040061008,184.44656372070312,183.61759040061008,184.44656372070312,37000,0.0,0.0
2021-03-30 00:00:00+08:00,184.86105346679688,185.2755401337628,184.44656679983098,184.86105346679688,35000,0.0,0.0
2021-03-31 00:00:00+08:00,186.10451346769463,186.10451346769463,184.44656679983098,184.86105346679688,28000,0.0,0.0
2021-04-01 00:00:00+08:00,184.44657291684834,185.69003295898438,184.44657291684834,185.69003295898438,23000,0.0,0.0
2021-04-07 00:00:00+08:00,185.6900145938199,185.6900145938199,184.86104131438321,185.27552795410156,24000,0.0,0.0
2021-04-08 00:00:00+08:00,185.6900268007287,186.10451346769463,184.44656679983098,184.86105346679688,35000,0.0,0.0
2021-04-09 00:00:00+08:00,184.86105038074967,184.86105038074967,184.0320770606566,184.44656372070312,29000,0.0,0.0
2021-04-12 00:00:00+08:00,184.86105038074967,184.86105038074967,184.0320770606566,184.44656372070312,26000,0.0,0.0
2021-04-13 00:00:00+08:00,185.2755370407962,185.69002370084272,184.0320770606566,184.44656372070312,47000,0.0,0.0
2021-04-14 00:00:00+08:00,184.8610472808013,184.8610472808013,182.78861401532146,184.03207397460938,46000,0.0,0.0
2021-04-15 00:00:00+08:00,184.44657595492154,186.10452270507812,184.0320892673824,186.10452270507812,35000,0.0,0.0
2021-04-16 00:00:00+08:00,186.10450123353826,186.10450123353826,184.86104131438321,185.27552795410156,25000,0.0,0.0
2021-04-19 00:00:00+08:00,185.27554932999985,186.10452270507812,185.27554932999985,186.10452270507812,62000,0.0,0.0
2021-04-20 00:00:00+08:00,186.1045105319553,186.5189971923828,185.69002387152779,186.5189971923828,32000,0.0,0.0
2021-04-21 00:00:00+08:00,186.51900939261728,186.51900939261728,185.690036017539,186.10452270507812,42000,0.0,0.0
2021-04-22 00:00:00+08:00,186.10450123353826,186.10450123353826,184.86104131438321,185.27552795410156,35000,0.0,0.0
2021-04-23 00:00:00+08:00,184.86105346679688,185.6900268007287,184.86105346679688,184.86105346679688,27000,0.0,0.0
2021-04-26 00:00:00+08:00,186.51900939261728,186.51900939261728,185.27554932999985,186.10452270507812,16000,0.0,0.0
2021-04-27 00:00:00+08:00,186.1045196396964,186.51900632040844,185.69003295898438,185.69003295898438,22000,0.0,0.0
2021-04-28 00:00:00+08:00,186.10452270507812,186.10452270507812,185.690036017539,186.10452270507812,10000,0.0,0.0
2021-04-29 00:00:00+08:00,185.69003295898438,186.1045196396964,185.27554627827237,185.69003295898438,30000,0.0,0.0
2021-05-03 00:00:00+08:00,185.6900145938199,186.10450123353826,184.86104131438321,185.27552795410156,48000,0.0,0.0
2021-05-04 00:00:00+08:00,185.2755370407962,185.69002370084272,184.0320770606566,184.44656372070312,45000,0.0,0.0
2021-05-05 00:00:00+08:00,184.44656062770534,185.27553393389726,184.03207397460938,184.03207397460938,24000,0.0,0.0
2021-05-06 00:00:00+08:00,184.03207087462965,184.8610441668577,183.61758422851562,183.61758422851562,42000,0.0,0.0
2021-05-07 00:00:00+08:00,184.44656679983098,184.86105346679688,184.03208013286505,184.86105346679688,16000,0.0,0.0
2021-05-10 00:00:00+08:00,184.44656372070312,185.2755370407962,183.61759040061008,184.44656372070312,48000,0.0,0.0
2021-05-11 00:00:00+08:00,184.44658205893032,184.44658205893032,182.78863525390625,182.78863525390625,44000,0.0,0.0
2021-05-12 00:00:00+08:00,182.78863220214842,182.78863220214842,178.22927856445312,180.3017120361328,159000,0.0,0.0
2021-05-13 00:00:00+08:00,179.05823697176845,183.20310356833718,178.6437503121116,182.37413024902344,111000,0.0,0.0
2021-05-14 00:00:00+08:00,182.78861093628757,183.61758422851562,181.54515099794546,183.61758422851562,50000,0.0,0.0
2021-05-17 00:00:00+08:00,181.5451445273303,182.37411779001218,179.88719800196657,180.71617126464844,68000,0.0,0.0
2021-05-18 00:00:00+08:00,180.7161777057174,183.61758422851562,179.88720441348934,183.61758422851562,99000,0.0,0.0
2021-05-19 00:00:00+08:00,183.61759022799404,183.61759022799404,182.37413024902344,182.37413024902344,9000,0.0,0.0
2021-05-20 00:00:00+08:00,181.5451629429169,183.20310963645952,180.7161895961456,181.13067626953125,36000,0.0,0.0
2021-05-21 00:00:00+08:00,182.37412715555595,183.20310046080849,181.9596405029297,181.9596405029297,26000,0.0,0.0
2021-05-24 00:00:00+08:00,183.20310974121094,183.20310974121094,181.95964972034298,183.20310974121094,16000,0.0,0.0
2021-05-25 00:00:00+08:00,183.20310066841745,184.03207397460938,182.78861401532146,184.03207397460938,25000,0.0,0.0
2021-05-26 00:00:00+08:00,184.03208339031727,194.8087369221827,184.03208339031727,189.42041015625,260000,0.0,0.0
2021-05-27 00:00:00+08:00,189.42041005497487,189.42041005497487,186.9334900104894,187.3479766845703,69000,0.0,0.0
2021-05-28 00:00:00+08:00,189.83487841957495,189.83487841957495,187.76244524905556,189.0059051513672,37000,0.0,0.0
2021-05-31 00:00:00+08:00,189.00591732486262,189.00591732486262,187.76245734246223,188.5914306640625,29000,0.0,0.0
2021-06-01 00:00:00+08:00,189.00591732486262,189.00591732486262,187.76245734246223,188.5914306640625,22000,0.0,0.0
2021-06-02 00:00:00+08:00,189.00591134816798,190.6638579389414,188.17693805278128,189.8348846435547,49000,0.0,0.0
2021-06-03 00:00:00+08:00,189.42039799586135,189.8348846435547,189.00591134816798,189.8348846435547,14000,0.0,0.0
2021-06-04 00:00:00+08:00,189.8348875339861,189.8348875339861,188.17694091796875,188.17694091796875,23000,0.0,0.0
2021-06-07 00:00:00+08:00,188.17695003273212,189.00592338089396,186.9334900104894,187.3479766845703,25000,0.0,0.0
2021-06-08 00:00:00+08:00,187.3479766845703,189.00592338089396,186.5190033364085,187.3479766845703,28000,0.0,0.0
2021-06-09 00:00:00+08:00,187.34797360574592,189.0059202748233,186.93348693847656,186.93348693847656,27000,0.0,0.0
2021-06-10 00:00:00+08:00,188.17695003273212,189.00592338089396,187.3479766845703,187.3479766845703,17000,0.0,0.0
2021-06-11 00:00:00+08:00,189.00592338089396,189.00592338089396,187.3479766845703,187.3479766845703,26000,0.0,0.0
2021-06-15 00:00:00+08:00,187.34796760996008,188.17694091796875,187.34796760996008,188.17694091796875,7000,0.0,0.0
2021-06-16 00:00:00+08:00,188.17693805278128,189.8348846435547,188.17693805278128,189.8348846435547,38000,0.0,0.0
2021-06-17 00:00:00+08:00,189.83488773520475,190.6638610440921,189.42040108076108,190.24937438964844,49000,0.0,0.0
2021-06-18 00:00:00+08:00,190.6638579389414,190.6638579389414,189.8348846435547,189.8348846435547,13000,0.0,0.0
2021-06-21 00:00:00+08:00,188.17693188315945,189.83487841957495,188.17693188315945,189.0059051513672,20000,0.0,0.0
2021-06-22 00:00:00+08:00,189.8348968305525,189.8348968305525,189.0059234819475,189.42041015625,9000,0.0,0.0
2021-06-23 00:00:00+08:00,189.42041015625,189.8348968305525,189.42041015625,189.42041015625,8000,0.0,0.0
2021-06-24 00:00:00+08:00,190.6638641357422,190.6638641357422,189.4204041522482,190.6638641357422,26000,0.0,0.0
2021-06-25 00:00:00+08:00,190.66387017915756,190.66387017915756,189.42041015625,189.42041015625,37000,0.0,0.0
2021-06-28 00:00:00+08:00,189.42039799586135,189.8348846435547,189.42039799586135,189.8348846435547,10000,0.0,0.0
2021-06-29 00:00:00+08:00,189.8348846435547,189.8348846435547,189.42039799586135,189.8348846435547,10000,0.0,0.0
2021-06-30 00:00:00+08:00,190.24937129124805,190.6638579389414,189.00591134816798,189.8348846435547,22000,0.0,0.0
2021-07-01 00:00:00+08:00,191.07833832188658,191.49282495599044,189.0059051513672,189.0059051513672,45000,0.0,0.0
2021-07-02 00:00:00+08:00,190.66387017915756,190.66387017915756,189.42041015625,189.42041015625,18000,0.0,0.0
2021-07-05 00:00:00+08:00,189.4204041522482,191.4928374580715,189.4204041522482,190.6638641357422,60000,0.0,0.0
2021-07-06 00:00:00+08:00,190.66385198828974,191.90731189256118,190.66385198828974,191.07833862304688,24000,0.0,0.0
2021-07-07 00:00:00+08:00,191.49284068095326,193.15078735351562,191.49284068095326,193.15078735351562,38000,0.0,0.0
2021-07-08 00:00:00+08:00,193.15078117107524,194.80872779056944,192.32180786132812,192.32180786132812,51000,0.0,0.0
2021-07-09 00:00:00+08:00,191.49282278507314,195.2232024497174,191.49282278507314,194.8087158203125,49000,0.0,0.0
2021-07-12 00:00:00+08:00,195.22322695451862,198.9536070874075,195.22322695451862,196.0522003173828,49000,0.0,0.0
2021-07-13 00:00:00+08:00,195.6376953125,198.12461516816737,195.6376953125,195.6376953125,29000,0.0,0.0
2021-07-14 00:00:00+08:00,195.63771363595072,196.46668699881494,195.63771363595072,196.0522003173828,27000,0.0,0.0
2021-07-15 00:00:00+08:00,196.0521881489814,198.53910808321797,195.22321483756923,196.4666748046875,41000,0.0,0.0
2021-07-16 00:00:00+08:00,196.0521881489814,197.71013477180577,195.22321483756923,196.4666748046875,34000,0.0,0.0
2021-07-19 00:00:00+08:00,196.8811492919922,197.710122552169,196.8811492919922,196.8811492919922,23000,0.0,0.0
2021-07-20 00:00:00+08:00,196.05218195511122,196.05218195511122,194.80872202727753,195.6376953125,14000,0.0,0.0
2021-07-21 00:00:00+08:00,195.22322695451862,196.0522003173828,195.22322695451862,196.0522003173828,15000,0.0,0.0
2021-07-22 00:00:00+08:00,195.63768907912234,197.29563559674202,194.8087158203125,194.8087158203125,27000,0.0,0.0
2021-07-23 00:00:00+08:00,194.39422919090757,195.2232024497174,194.39422919090757,194.8087158203125,40000,0.0,0.0
2021-07-26 00:00:00+08:00,195.22321483756923,196.8811614603936,195.22321483756923,196.4666748046875,16000,0.0,0.0
2021-07-27 00:00:00+08:00,195.637707493614,195.637707493614,195.2232208251953,195.2232208251953,12000,0.0,0.0
2021-07-28 00:00:00+08:00,195.2232024497174,195.2232024497174,193.97974256150266,194.8087158203125,23000,0.0,0.0
2021-07-29 00:00:00+08:00,195.63770149327533,196.4666748046875,195.63770149327533,196.4666748046875,5000,0.0,0.0
2021-07-30 00:00:00+08:00,195.22321483756923,196.4666748046875,195.22321483756923,196.4666748046875,18000,0.0,0.0
2021-08-02 00:00:00+08:00,196.46668095949317,197.295654296875,196.05219429080228,197.295654296875,17000,0.0,0.0
2021-08-03 00:00:00+08:00,197.295654296875,197.295654296875,196.8811676281841,197.295654296875,9000,0.0,0.0
2021-08-04 00:00:00+08:00,196.8811492919922,197.29563592208058,196.46666266190377,196.8811492919922,12000,0.0,0.0
2021-08-05 00:00:00+08:00,197.29565137227377,198.95359802246094,197.29565137227377,198.95359802246094,51000,0.0,0.0
2021-08-06 00:00:00+08:00,198.12461853027344,198.53910517991835,198.12461853027344,198.12461853027344,6000,0.0,0.0
2021-08-09 00:00:00+08:00,198.12462142751187,198.12462142751187,196.4666748046875,196.4666748046875,25000,0.0,0.0
2021-08-10 00:00:00+08:00,196.46666859772245,196.88115524033367,195.22320866988878,195.6376953125,18000,0.0,0.0
2021-08-11 00:00:00+08:00,196.46668699881494,196.88117368024703,195.63771363595072,196.0522003173828,29000,0.0,0.0
2021-08-12 00:00:00+08:00,196.46668083045134,196.88116749887,194.80873415677664,195.2232208251953,40000,0.0,0.0
2021-08-13 00:00:00+08:00,195.63771363595072,196.46668699881494,195.22322695451862,196.0522003173828,16000,0.0,0.0
2021-08-16 00:00:00+08:00,195.63768907912234,195.63768907912234,193.15076930269282,194.8087158203125,65000,0.0,0.0
2021-08-17 00:00:00+08:00,195.63769505110747,195.63769505110747,193.5652618408203,193.5652618408203,33000,0.0,0.0
2021-08-18 00:00:00+08:00,193.56525593209773,194.8087158203125,193.56525593209773,194.8087158203125,19000,0.0,0.0
2021-08-19 00:00:00+08:00,195.63770736235918,195.63770736235918,193.15078735351562,193.15078735351562,48000,0.0,0.0
2021-08-20 00:00:00+08:00,193.1507782895341,194.39423823560404,193.1507782895341,193.97975158691406,83000,0.0,0.0
2021-08-23 00:00:00+08:00,196.1093975520869,197.84872702039812,195.67456518500913,197.4138946533203,71000,10.9488,0.0
2021-08-24 00:00:00+08:00,197.41389200399212,197.84872436523438,196.54422728150757,197.84872436523438,26000,0.0,0.0
2021-08-25 00:00:00+08:00,197.8487289860877,199.5880584716797,197.8487289860877,199.5880584716797,12000,0.0,0.0
2021-08-26 00:00:00+08:00,200.02288818359375,200.45772054921028,199.58805581797725,200.02288818359375,20000,0.0,0.0
2021-08-27 00:00:00+08:00,199.58805581797725,200.02288818359375,199.15322345236075,200.02288818359375,10000,0.0,0.0
2021-08-30 00:00:00+08:00,200.0228961969622,200.0228961969622,198.71839904785156,198.71839904785156,28000,0.0,0.0
2021-08-31 00:00:00+08:00,199.15323143088844,199.15323143088844,198.28356666481469,198.71839904785156,17000,0.0,0.0
2021-09-01 00:00:00+08:00,198.7183864325808,198.7183864325808,197.8487217217161,198.28355407714844,23000,0.0,0.0
2021-09-02 00:00:00+08:00,197.84872436523438,198.28355672647666,197.84872436523438,197.84872436523438,20000,0.0,0.0
2021-09-03 00:00:00+08:00,198.28355938747592,198.7183917545537,197.4138946533203,197.4138946533203,17000,0.0,0.0
2021-09-06 00:00:00+08:00,197.41389200399212,198.71838908771892,197.41389200399212,197.84872436523438,22000,0.0,0.0
2021-09-07 00:00:00+08:00,197.84872436523438,198.28355672647666,196.97905964274983,197.84872436523438,8000,0.0,0.0
2021-09-08 00:00:00+08:00,196.54421734336196,196.9790496826172,196.54421734336196,196.9790496826172,11000,0.0,0.0
2021-09-09 00:00:00+08:00,196.9790622862425,197.4138946533203,196.9790622862425,197.4138946533203,5000,0.0,0.0
2021-09-10 00:00:00+08:00,197.4138946533203,197.84872702039812,197.4138946533203,197.4138946533203,7000,0.0,0.0
2021-09-13 00:00:00+08:00,198.71839904785156,198.71839904785156,197.8487342817778,198.71839904785156,12000,0.0,0.0
2021-09-14 00:00:00+08:00,200.02289084307768,200.02289084307768,198.2835613574857,199.5880584716797,18000,0.0,0.0
2021-09-15 00:00:00+08:00,197.84873162815146,199.15322875976562,197.84873162815146,199.15322875976562,17000,0.0,0.0
2021-09-16 00:00:00+08:00,199.15322875976562,200.02289351417508,199.15322875976562,199.15322875976562,11000,0.0,0.0
2021-09-17 00:00:00+08:00,200.02288818359375,200.02288818359375,199.15322345236075,200.02288818359375,14000,0.0,0.0
2021-09-22 00:00:00+08:00,199.15322345236075,200.02288818359375,198.71839108674425,200.02288818359375,25000,0.0,0.0
2021-09-23 00:00:00+08:00,200.8925423457705,201.76220703125,200.8925423457705,201.76220703125,15000,0.0,0.0
2021-09-24 00:00:00+08:00,201.7622321787822,203.5015617665303,201.7622321787822,202.63189697265625,21000,0.0,0.0
2021-09-27 00:00:00+08:00,202.63189697265625,203.5015617665303,202.63189697265625,202.63189697265625,18000,0.0,0.0
2021-09-28 00:00:00+08:00,200.02290259103407,202.63189697265625,200.02290259103407,202.63189697265625,24000,0.0,0.0
2021-09-29 00:00:00+08:00,201.76221963205646,202.19705200195312,201.76221963205646,202.19705200195312,24000,0.0,0.0
2021-09-30 00:00:00+08:00,201.32739525336723,201.32739525336723,200.89256286621094,200.89256286621094,18000,0.0,0.0
2021-10-01 00:00:00+08:00,199.58806113697037,200.02289351417508,198.28356400535617,199.15322875976562,38000,0.0,0.0
2021-10-04 00:00:00+08:00,198.28355872112772,200.02288818359375,198.28355872112772,200.02288818359375,27000,0.0,0.0
2021-10-05 00:00:00+08:00,199.58805581797725,200.89255291482678,199.15322345236075,200.02288818359375,30000,0.0,0.0
2021-10-06 00:00:00+08:00,200.89256019674676,201.327392578125,200.0228954339903,201.327392578125,12000,0.0,0.0
2021-10-07 00:00:00+08:00,199.1532208159275,201.32738261522803,199.1532208159275,200.4577178955078,15000,0.0,0.0
2021-10-08 00:00:00+08:00,200.4577100030307,201.76220703125,200.4577100030307,201.76220703125,9000,0.0,0.0
2021-10-12 00:00:00+08:00,198.7183937288837,202.63188507146566,198.7183937288837,199.5880584716797,28000,0.0,0.0
2021-10-13 00:00:00+08:00,200.89255489226312,202.19705200195312,200.02289015246976,202.19705200195312,34000,0.0,0.0
2021-10-14 00:00:00+08:00,202.63189697265625,203.06672936959328,202.63189697265625,202.63189697265625,19000,0.0,0.0
2021-10-15 00:00:00+08:00,202.19706457571922,202.63189697265625,201.7622321787822,202.63189697265625,19000,0.0,0.0
2021-10-18 00:00:00+08:00,202.63189697265625,202.63189697265625,202.19706457571922,202.63189697265625,25000,0.0,0.0
2021-10-19 00:00:00+08:00,202.19706457571922,203.5015617665303,201.7622321787822,202.63189697265625,24000,0.0,0.0
2021-10-20 00:00:00+08:00,202.63187171672953,202.63187171672953,201.76220703125,201.76220703125,12000,0.0,0.0
2021-10-21 00:00:00+08:00,202.63189162555923,204.37122116740952,202.63189162555923,203.50155639648438,16000,0.0,0.0
2021-10-22 00:00:00+08:00,203.50154911164316,203.50154911164316,202.19705200195312,202.19705200195312,8000,0.0,0.0
2021-10-25 00:00:00+08:00,202.19705200195312,202.6318843718498,202.19705200195312,202.19705200195312,20000,0.0,0.0
2021-10-26 00:00:00+08:00,202.19705924009665,203.50155639648438,202.19705924009665,203.50155639648438,3000,0.0,0.0
2021-10-27 00:00:00+08:00,202.19706457571922,202.63189697265625,201.32739978184514,202.63189697265625,12000,0.0,0.0
2021-10-28 00:00:00+08:00,202.63187171672953,202.63187171672953,201.32737468851025,201.76220703125,14000,0.0,0.0
2021-10-29 00:00:00+08:00,201.7622321787822,202.63189697265625,201.32739978184514,202.63189697265625,11000,0.0,0.0
2021-11-01 00:00:00+08:00,201.3273872621598,202.19705200195312,201.3273872621598,202.19705200195312,16000,0.0,0.0
2021-11-02 00:00:00+08:00,201.76221963205646,202.6318843718498,201.76221963205646,202.19705200195312,8000,0.0,0.0
2021-11-03 00:00:00+08:00,203.06671605849218,205.24087790066017,203.06671605849218,204.80604553222656,39000,0.0,0.0
2021-11-04 00:00:00+08:00,203.93638344622673,204.3712158203125,203.93638344622673,204.3712158203125,3000,0.0,0.0
2021-11-05 00:00:00+08:00,203.50155639648438,204.37122116740952,203.06672401102182,203.50155639648438,15000,0.0,0.0
2021-11-08 00:00:00+08:00,203.50155639648438,205.24088593833469,203.50155639648438,203.50155639648438,26000,0.0,0.0
2021-11-09 00:00:00+08:00,203.50155107214096,204.3712158203125,203.06671869805518,204.3712158203125,18000,0.0,0.0
2021-11-10 00:00:00+08:00,203.93638878194696,204.8060535528721,203.50155639648438,203.50155639648438,32000,0.0,0.0
2021-11-11 00:00:00+08:00,205.24087524414062,205.24087524414062,203.5015457929191,205.24087524414062,35000,0.0,0.0
2021-11-12 00:00:00+08:00,205.24087790066017,205.24087790066017,204.80604553222656,204.80604553222656,14000,0.0,0.0
2021-11-15 00:00:00+08:00,204.80604553222656,205.67571026909377,204.37121316379296,204.80604553222656,49000,0.0,0.0
2021-11-16 00:00:00+08:00,204.37121316379296,205.24087790066017,204.37121316379296,204.80604553222656,38000,0.0,0.0
2021-11-17 00:00:00+08:00,205.24088515913436,206.1105499267578,203.06672324007573,206.1105499267578,43000,0.0,0.0
2021-11-18 00:00:00+08:00,206.11053203381988,206.5453643798828,205.24086734169407,206.5453643798828,15000,0.0,0.0
2021-11-19 00:00:00+08:00,206.98019672594572,207.41502907200862,206.5453643798828,206.5453643798828,13000,0.0,0.0
2021-11-22 00:00:00+08:00,205.24087259885374,205.6757049560547,205.24087259885374,205.6757049560547,10000,0.0,0.0
2021-11-23 00:00:00+08:00,205.24087259885374,205.6757049560547,205.24087259885374,205.6757049560547,9000,0.0,0.0
2021-11-24 00:00:00+08:00,205.67571026909377,205.67571026909377,204.37121316379296,204.80604553222656,26000,0.0,0.0
2021-11-25 00:00:00+08:00,206.1105499267578,207.415047078193,206.1105499267578,206.1105499267578,7000,0.0,0.0
2021-11-26 00:00:00+08:00,205.6757049560547,205.6757049560547,204.80604024165277,205.6757049560547,8000,0.0,0.0
2021-11-29 00:00:00+08:00,203.50154842692578,205.24087790066017,203.50154842692578,204.80604553222656,9000,0.0,0.0
2021-11-30 00:00:00+08:00,204.80605435061764,206.98021628639916,200.89256286621094,200.89256286621094,58000,0.0,0.0
2021-12-01 00:00:00+08:00,202.63189162555923,204.37122116740952,202.63189162555923,203.50155639648438,23000,0.0,0.0
2021-12-02 00:00:00+08:00,203.50154378429468,203.50154378429468,203.06671142578125,203.06671142578125,7000,0.0,0.0
2021-12-03 00:00:00+08:00,204.37122116740952,204.8060535528721,203.06672401102182,203.50155639648438,20000,0.0,0.0
2021-12-06 00:00:00+08:00,203.06672401102182,203.50155639648438,203.06672401102182,203.50155639648438,11000,0.0,0.0
2021-12-07 00:00:00+08:00,203.06671605849218,204.80604553222656,203.06671605849218,204.80604553222656,20000,0.0,0.0
2021-12-08 00:00:00+08:00,204.80604819439827,204.80604819439827,203.50155107214096,204.3712158203125,17000,0.0,0.0
2021-12-09 00:00:00+08:00,204.80604085983504,204.80604085983504,203.06671142578125,203.06671142578125,11000,0.0,0.0
2021-12-10 00:00:00+08:00,203.06672936959328,203.06672936959328,202.63189697265625,202.63189697265625,20000,0.0,0.0
2021-12-13 00:00:00+08:00,203.06671869805518,204.3712158203125,203.06671869805518,204.3712158203125,20000,0.0,0.0
2021-12-14 00:00:00+08:00,203.5015617665303,203.5015617665303,202.63189697265625,202.63189697265625,31000,0.0,0.0
2021-12-15 00:00:00+08:00,202.63189162555923,203.50155639648438,202.63189162555923,203.50155639648438,7000,0.0,0.0
2021-12-16 00:00:00+08:00,203.06672401102182,204.37122116740952,203.06672401102182,203.50155639648438,21000,0.0,0.0
2021-12-17 00:00:00+08:00,203.50155107214096,204.3712158203125,203.50155107214096,204.3712158203125,6000,0.0,0.0
2021-12-20 00:00:00+08:00,204.3712031968367,204.806035544064,203.93637084960938,203.93637084960938,8000,0.0,0.0
2021-12-21 00:00:00+08:00,203.50154378429468,203.50154378429468,202.6318790672678,203.06671142578125,18000,0.0,0.0
2021-12-22 00:00:00+08:00,203.06672401102182,203.50155639648438,202.63189162555923,203.50155639648438,10000,0.0,0.0
2021-12-23 00:00:00+08:00,203.50155639648438,203.50155639648438,203.06672401102182,203.50155639648438,9000,0.0,0.0
2021-12-24 00:00:00+08:00,203.50155639648438,203.93638878194696,203.50155639648438,203.50155639648438,4000,0.0,0.0
2021-12-27 00:00:00+08:00,202.63188369005857,206.54537500596098,202.63188369005857,204.80604553222656,17000,0.0,0.0
2021-12-28 00:00:00+08:00,203.50155639648438,204.8060535528721,203.06672401102182,203.50155639648438,15000,0.0,0.0
2021-12-29 00:00:00+08:00,203.50155639648438,203.50155639648438,203.06672401102182,203.50155639648438,12000,0.0,0.0
2021-12-30 00:00:00+08:00,203.93637084960938,205.24086789129132,203.50153850238206,203.93637084960938,20000,0.0,0.0
2022-01-03 00:00:00+08:00,203.93637614280814,203.93637614280814,202.6318790672678,203.06671142578125,14000,0.0,0.0
2022-01-04 00:00:00+08:00,203.06672401102182,203.50155639648438,202.63189162555923,203.50155639648438,27000,0.0,0.0
2022-01-05 00:00:00+08:00,203.50154378429468,203.50154378429468,203.06671142578125,203.06671142578125,15000,0.0,0.0
2022-01-06 00:00:00+08:00,201.7622143502409,203.06671142578125,201.7622143502409,203.06671142578125,15000,0.0,0.0
2022-01-07 00:00:00+08:00,203.06672401102182,203.93638878194696,203.06672401102182,203.50155639648438,18000,0.0,0.0
2022-01-10 00:00:00+08:00,204.37122116740952,204.37122116740952,202.63189162555923,203.50155639648438,13000,0.0,0.0
2022-01-11 00:00:00+08:00,203.93637084960938,204.3712031968367,203.93637084960938,203.93637084960938,17000,0.0,0.0
2022-01-12 00:00:00+08:00,203.93637084960938,203.93637084960938,203.50153850238206,203.93637084960938,10000,0.0,0.0
2022-01-13 00:00:00+08:00,203.50154378429468,203.50154378429468,203.06671142578125,203.06671142578125,14000,0.0,0.0
2022-01-14 00:00:00+08:00,203.06672936959328,203.06672936959328,202.63189697265625,202.63189697265625,16000,0.0,0.0
2022-01-17 00:00:00+08:00,203.06672401102182,204.37122116740952,202.63189162555923,203.50155639648438,21000,0.0,0.0
2022-01-18 00:00:00+08:00,204.37122116740952,204.37122116740952,203.50155639648438,203.50155639648438,12000,0.0,0.0
2022-01-19 00:00:00+08:00,203.06671142578125,203.93637614280814,202.6318790672678,203.06671142578125,15000,0.0,0.0
2022-01-20 00:00:00+08:00,203.06672401102182,203.93638878194696,203.06672401102182,203.50155639648438,16000,0.0,0.0
2022-01-21 00:00:00+08:00,203.06672401102182,203.50155639648438,202.63189162555923,203.50155639648438,19000,0.0,0.0
2022-01-24 00:00:00+08:00,202.63188632396944,204.3712158203125,202.19705394988367,204.3712158203125,30000,0.0,0.0
2022-01-25 00:00:00+08:00,205.24087790066017,205.24087790066017,203.06671605849218,204.80604553222656,16000,0.0,0.0
2022-01-26 00:00:00+08:00,204.80604288133523,205.24087524414062,203.5015457929191,205.24087524414062,17000,0.0,0.0
2022-02-07 00:00:00+08:00,205.24087524414062,206.1105399697514,204.80604288133523,205.24087524414062,22000,0.0,0.0
2022-02-08 00:00:00+08:00,206.54537500596098,206.54537500596098,204.80604553222656,204.80604553222656,18000,0.0,0.0
2022-02-09 00:00:00+08:00,205.24087790066017,205.67571026909377,204.80604553222656,204.80604553222656,7000,0.0,0.0
2022-02-10 00:00:00+08:00,205.24087790066017,205.24087790066017,204.80604553222656,204.80604553222656,11000,0.0,0.0
2022-02-11 00:00:00+08:00,205.24088515913436,206.1105499267578,205.24088515913436,206.1105499267578,25000,0.0,0.0
2022-02-14 00:00:00+08:00,205.24087259885374,206.11053731325566,204.37120788445182,205.6757049560547,32000,0.0,0.0
2022-02-15 00:00:00+08:00,205.24088056848404,205.67571294256982,203.93638344622673,204.3712158203125,68000,0.0,0.0
2022-02-16 00:00:00+08:00,205.24086789129132,205.24086789129132,203.93637084960938,203.93637084960938,45000,0.0,0.0
2022-02-17 00:00:00+08:00,203.93637084960938,204.3712031968367,203.93637084960938,203.93637084960938,28000,0.0,0.0
2022-02-18 00:00:00+08:00,204.80604819439827,205.24088056848404,204.3712158203125,204.3712158203125,15000,0.0,0.0
2022-02-21 00:00:00+08:00,204.3712158203125,205.24088056848404,204.3712158203125,204.3712158203125,5000,0.0,0.0
2022-02-22 00:00:00+08:00,205.24087524414062,206.1105399697514,204.37121051852986,205.24087524414062,19000,0.0,0.0
2022-02-23 00:00:00+08:00,205.24087524414062,205.24087524414062,204.80604288133523,205.24087524414062,8000,0.0,0.0
2022-02-24 00:00:00+08:00,205.24088593833469,206.11055070925983,203.50155639648438,203.50155639648438,31000,0.0,0.0
2022-02-25 00:00:00+08:00,203.93637614280814,204.3712085013216,203.06671142578125,203.06671142578125,29000,0.0,0.0
2022-03-01 00:00:00+08:00,203.0667134301137,205.24087524414062,203.0667134301137,205.24087524414062,22000,0.0,0.0
2022-03-02 00:00:00+08:00,205.24087524414062,205.67570760694602,203.93637815572447,205.24087524414062,24000,0.0,0.0
2022-03-03 00:00:00+08:00,203.50154842692578,205.24087790066017,203.50154842692578,204.80604553222656,35000,0.0,0.0
2022-03-04 00:00:00+08:00,205.24087790066017,205.24087790066017,204.37121316379296,204.80604553222656,12000,0.0,0.0
2022-03-07 00:00:00+08:00,204.37122116740952,204.37122116740952,203.06672401102182,203.50155639648438,43000,0.0,0.0
2022-03-08 00:00:00+08:00,203.93637084960938,204.806035544064,203.50153850238206,203.93637084960938,56000,0.0,0.0
2022-03-09 00:00:00+08:00,204.37121316379296,205.24087790066017,204.37121316379296,204.80604553222656,34000,0.0,0.0
2022-03-10 00:00:00+08:00,205.24088515913436,206.1105499267578,204.80605277532263,206.1105499267578,42000,0.0,0.0
2022-03-11 00:00:00+08:00,206.1105446054154,206.98020935058594,206.1105446054154,206.98020935058594,36000,0.0,0.0
2022-03-14 00:00:00+08:00,207.4150463104248,208.71954345703125,206.98021392822264,208.71954345703125,47000,0.0,0.0
2022-03-15 00:00:00+08:00,208.71953813861515,209.58920288085938,208.28470576749302,209.58920288085938,64000,0.0,0.0
2022-03-16 00:00:00+08:00,210.45886957376155,213.50269619982836,210.45886957376155,211.76336669921875,115000,0.0,0.0
2022-03-17 00:00:00+08:00,211.76337392378827,213.50270348373724,210.89370914381377,213.06787109375,53000,0.0,0.0
2022-03-18 00:00:00+08:00,213.50268496354101,216.98134378168425,213.0678526112731,216.11167907714844,77000,0.0,0.0
2022-03-21 00:00:00+08:00,216.5465252169926,221.76451377643818,216.5465252169926,221.32968139648438,91000,0.0,0.0
2022-03-22 00:00:00+08:00,223.93866961422003,224.80833435058594,222.63417250967117,224.80833435058594,105000,0.0,0.0
2022-03-23 00:00:00+08:00,224.80833370971678,224.80833370971678,217.4161834716797,217.4161834716797,99000,0.0,0.0
2022-03-24 00:00:00+08:00,215.67685400390624,217.4161834716797,214.80718927001953,217.4161834716797,45000,0.0,0.0
2022-03-25 00:00:00+08:00,217.41617879559917,217.41617879559917,214.80718465005197,215.67684936523438,56000,0.0,0.0
2022-03-28 00:00:00+08:00,213.9375225645123,215.6768520162563,213.5026902015763,215.2420196533203,14000,0.0,0.0
2022-03-29 00:00:00+08:00,222.1993320088991,222.1993320088991,213.93751731580892,216.11167907714844,26000,0.0,0.0
2022-03-30 00:00:00+08:00,215.67686543367347,215.67686543367347,213.06787109375,213.06787109375,54000,0.0,0.0
2022-03-31 00:00:00+08:00,213.06785056261512,215.24201230304996,212.63301821452816,213.93751525878906,61000,0.0,0.0
2022-04-01 00:00:00+08:00,214.80718465005197,215.67684936523438,213.93751993486958,215.67684936523438,26000,0.0,0.0
2022-04-06 00:00:00+08:00,215.67684936523438,215.67684936523438,214.80718465005197,215.67684936523438,21000,0.0,0.0
2022-04-07 00:00:00+08:00,215.67684465113695,215.67684465113695,213.06785056261512,213.93751525878906,37000,0.0,0.0
2022-04-08 00:00:00+08:00,213.93751525878906,214.37234760687602,213.50268291070208,213.93751525878906,17000,0.0,0.0
2022-04-11 00:00:00+08:00,214.37236826371173,214.37236826371173,213.06787109375,213.06787109375,19000,0.0,0.0
2022-04-12 00:00:00+08:00,213.06785848730667,213.50269085156648,212.63302612304688,212.63302612304688,28000,0.0,0.0
2022-04-13 00:00:00+08:00,213.06786842113115,213.50270080566406,213.06786842113115,213.50270080566406,13000,0.0,0.0
2022-04-14 00:00:00+08:00,213.5026902015763,215.2420196533203,213.5026902015763,215.2420196533203,34000,0.0,0.0
2022-04-15 00:00:00+08:00,213.50269283649894,215.67685467801115,213.50269283649894,214.80718994140625,25000,0.0,0.0
2022-04-18 00:00:00+08:00,214.37236826371173,214.80720065369897,213.06787109375,213.06787109375,25000,0.0,0.0
2022-04-19 00:00:00+08:00,213.0678604681965,215.2420223097087,213.0678604681965,214.80718994140625,19000,0.0,0.0
2022-04-20 00:00:00+08:00,214.37234760687602,214.807179954963,213.93751525878906,213.93751525878906,19000,0.0,0.0
2022-04-21 00:00:00+08:00,214.8071879443459,214.8071879443459,212.63302612304688,212.63302612304688,41000,0.0,0.0
2022-04-22 00:00:00+08:00,212.63303603659824,213.50270080566406,212.1982036520653,213.50270080566406,21000,0.0,0.0
2022-04-25 00:00:00+08:00,212.1982063137755,213.06787109375,212.1982063137755,213.06787109375,41000,0.0,0.0
2022-04-26 00:00:00+08:00,213.06787109375,213.50270348373724,213.06787109375,213.06787109375,4000,0.0,0.0
2022-04-27 00:00:00+08:00,212.19819907437116,212.19819907437116,210.89370194891396,211.76336669921875,35000,0.0,0.0
2022-04-28 00:00:00+08:00,211.76335351835422,214.807179954963,211.76335351835422,213.93751525878906,15000,0.0,0.0
2022-04-29 00:00:00+08:00,213.937533190197,213.937533190197,213.06786842113115,213.50270080566406,7000,0.0,0.0
2022-05-03 00:00:00+08:00,212.63303870376274,213.06787109375,212.63303870376274,213.06787109375,2000,0.0,0.0
2022-05-04 00:00:00+08:00,212.19819375878706,213.06785848730667,211.76336139452724,212.63302612304688,17000,0.0,0.0
2022-05-05 00:00:00+08:00,213.93752857498077,213.93752857498077,211.76336669921875,211.76336669921875,18000,0.0,0.0
2022-05-06 00:00:00+08:00,212.63303681992994,212.63303681992994,210.024042503121,210.89370727539062,48000,0.0,0.0
2022-05-09 00:00:00+08:00,210.8936999942257,210.8936999942257,207.8498733963709,209.58920288085938,61000,0.0,0.0
2022-05-10 00:00:00+08:00,208.28470576749302,209.58920288085938,206.98020865412667,209.58920288085938,31000,0.0,0.0
2022-05-11 00:00:00+08:00,209.15437050973725,209.58920288085938,207.8498733963709,209.58920288085938,24000,0.0,0.0
2022-05-12 00:00:00+08:00,209.5892089972516,209.5892089972516,205.24088515913436,206.1105499267578,78000,0.0,0.0
2022-05-13 00:00:00+08:00,205.67570893660837,211.32852968962297,204.80604420537534,210.02403259277344,46000,0.0,0.0
2022-05-16 00:00:00+08:00,212.1981964111328,214.80719062930245,211.32853167174292,212.1981964111328,59000,0.0,0.0
2022-05-17 00:00:00+08:00,212.63303073472957,214.3723602294922,212.19819836103892,214.3723602294922,41000,0.0,0.0
2022-05-18 00:00:00+08:00,214.80718994140625,215.67685467801115,213.50269283649894,214.80718994140625,28000,0.0,0.0
2022-05-19 00:00:00+08:00,214.37236826371173,214.37236826371173,211.328541533801,213.06787109375,29000,0.0,0.0
2022-05-20 00:00:00+08:00,213.06787109375,213.06787109375,213.06787109375,213.06787109375,5000,0.0,0.0
2022-05-23 00:00:00+08:00,211.76336473646995,211.76336473646995,209.58920288085938,209.58920288085938,40000,0.0,0.0
2022-05-24 00:00:00+08:00,209.58920288085938,209.58920288085938,209.58920288085938,209.58920288085938,0,0.0,0.0
2022-05-25 00:00:00+08:00,209.15436522428652,210.89369466482114,209.15436522428652,210.4588623046875,18000,0.0,0.0
2022-05-26 00:00:00+08:00,210.4588623046875,211.32852702495478,210.4588623046875,210.4588623046875,10000,0.0,0.0
2022-05-27 00:00:00+08:00,211.32852172851562,211.32852172851562,210.89368937928,211.32852172851562,5000,0.0,0.0
2022-05-30 00:00:00+08:00,212.19818586644118,213.93751525878906,211.76335351835422,213.93751525878906,26000,0.0,0.0
2022-05-31 00:00:00+08:00,213.93751525878906,213.93751525878906,213.93751525878906,213.93751525878906,0,0.0,0.0
2022-06-01 00:00:00+08:00,212.19819907437116,212.19819907437116,211.76336669921875,211.76336669921875,3000,0.0,0.0
2022-06-02 00:00:00+08:00,211.32852172851562,213.9375158239294,210.89368937928,211.32852172851562,20000,0.0,0.0
2022-06-06 00:00:00+08:00,210.89370194891396,211.76336669921875,210.02403719860916,211.76336669921875,8000,0.0,0.0
2022-06-07 00:00:00+08:00,211.32853432406637,212.19819907437116,211.32853432406637,211.76336669921875,16000,0.0,0.0
2022-06-08 00:00:00+08:00,212.19819836103892,214.80719260318284,212.19819836103892,214.3723602294922,19000,0.0,0.0
2022-06-09 00:00:00+08:00,212.63303073472957,215.2420249768735,212.63303073472957,214.3723602294922,37000,0.0,0.0
2022-06-10 00:00:00+08:00,211.76335351835422,213.93751525878906,211.76335351835422,213.93751525878906,5000,0.0,0.0
2022-06-13 00:00:00+08:00,215.2420223097087,215.67685467801115,213.0678604681965,214.80718994140625,37000,0.0,0.0
2022-06-14 00:00:00+08:00,214.80718994140625,214.80718994140625,212.1981957315916,214.80718994140625,37000,0.0,0.0
2022-06-15 00:00:00+08:00,215.24202427070938,216.98135375976562,213.06786240938908,216.98135375976562,51000,0.0,0.0
2022-06-16 00:00:00+08:00,219.1555129394531,219.1555129394531,217.4161834716797,217.4161834716797,28000,0.0,0.0
2022-06-17 00:00:00+08:00,217.41618880306382,217.41618880306382,214.80719453742705,216.54652404785156,18000,0.0,0.0
2022-06-20 00:00:00+08:00,214.80719795926285,215.24203034379576,213.50270080566406,213.50270080566406,26000,0.0,0.0
2022-06-21 00:00:00+08:00,213.50269478165313,216.98135375976562,213.50269478165313,216.98135375976562,39000,0.0,0.0
2022-06-22 00:00:00+08:00,216.9813544716361,217.41618684532676,214.3723602294922,214.3723602294922,40000,0.0,0.0
2022-06-23 00:00:00+08:00,213.937533190197,216.54652749739452,213.50270080566406,213.50270080566406,34000,0.0,0.0
2022-06-24 00:00:00+08:00,213.5026902015763,216.11168437919233,213.5026902015763,215.2420196533203,36000,0.0,0.0
2022-06-27 00:00:00+08:00,216.98136099401222,219.59035531458153,216.54652860725068,218.28585815429688,56000,0.0,0.0
2022-06-28 00:00:00+08:00,217.41618807353672,219.155517578125,216.54652332124257,219.155517578125,30000,0.0,0.0
2022-06-29 00:00:00+08:00,219.59033730963824,219.59033730963824,217.85100790520548,218.72067260742188,75000,0.0,0.0
2022-06-30 00:00:00+08:00,218.28585355827607,218.28585355827607,208.71954125094126,216.54652404785156,216000,0.0,0.0
2022-07-01 00:00:00+08:00,217.40824226006833,219.69194228380854,211.92736220309183,215.12454223632812,130000,11.943339,0.0
2022-07-04 00:00:00+08:00,213.75431957122868,216.95149956481544,213.75431957122868,214.2110595703125,32000,0.0,0.0
2022-07-05 00:00:00+08:00,214.66779956939632,214.66779956939632,214.2110595703125,214.2110595703125,7000,0.0,0.0
2022-07-06 00:00:00+08:00,214.66780693433196,215.12454694908587,211.4706268310547,211.4706268310547,38000,0.0,0.0
2022-07-07 00:00:00+08:00,213.29758221733596,215.58128224107617,212.84084221258792,215.12454223632812,35000,0.0,0.0
2022-07-08 00:00:00+08:00,216.49476030314045,221.97564031081487,216.49476030314045,219.6919403076172,31000,0.0,0.0
2022-07-11 00:00:00+08:00,219.69194559313587,221.51890563964844,219.69194559313587,221.51890563964844,18000,0.0,0.0
2022-07-12 00:00:00+08:00,219.69194427994657,221.06216430664062,219.23520427104853,221.06216430664062,13000,0.0,0.0
2022-07-13 00:00:00+08:00,221.0621656280203,221.97564565127658,221.0621656280203,221.51890563964844,13000,0.0,0.0
2022-07-14 00:00:00+08:00,221.518895747959,223.80259570412352,221.518895747959,223.34585571289062,17000,0.0,0.0
2022-07-15 00:00:00+08:00,223.80259570412352,223.80259570412352,222.8891157216577,223.34585571289062,12000,0.0,0.0
2022-07-18 00:00:00+08:00,224.25933569535644,224.25933569535644,222.4323757304248,223.34585571289062,14000,0.0,0.0
2022-07-19 00:00:00+08:00,222.43237169681754,223.34585166271822,221.9756317138672,221.9756317138672,9000,0.0,0.0
2022-07-20 00:00:00+08:00,222.88911971425622,224.71607971191406,222.88911971425622,224.71607971191406,28000,0.0,0.0
2022-07-21 00:00:00+08:00,224.71608761706986,227.45652770996094,224.71608761706986,227.45652770996094,29000,0.0,0.0
2022-07-22 00:00:00+08:00,226.5430450439453,226.5430450439453,224.2593449930991,226.5430450439453,24000,0.0,0.0
2022-07-25 00:00:00+08:00,227.91326507445305,227.91326507445305,226.5430450439453,226.5430450439453,9000,0.0,0.0
2022-07-26 00:00:00+08:00,224.71609235491073,224.71609235491073,223.3458722795759,223.8026123046875,25000,0.0,0.0
2022-07-27 00:00:00+08:00,223.80259570412352,224.71607568658933,221.97563573919192,223.34585571289062,41000,0.0,0.0
2022-07-28 00:00:00+08:00,223.34586833977355,223.34586833977355,221.51890827155455,222.43238830566406,46000,0.0,0.0
2022-07-29 00:00:00+08:00,221.51890827155455,222.43238830566406,221.51890827155455,222.43238830566406,30000,0.0,0.0
2022-08-01 00:00:00+08:00,222.4323896189205,224.259349697926,220.60542953991498,222.88912963867188,73000,0.0,0.0
2022-08-02 00:00:00+08:00,221.06216955966636,222.88912963867188,220.60542953991498,222.88912963867188,28000,0.0,0.0
2022-08-03 00:00:00+08:00,221.97563573919192,223.34585571289062,221.0621557567261,223.34585571289062,24000,0.0,0.0
2022-08-04 00:00:00+08:00,221.9756317138672,221.9756317138672,221.51889173091683,221.9756317138672,11000,0.0,0.0
2022-08-05 00:00:00+08:00,222.8891157216577,223.34585571289062,222.8891157216577,223.34585571289062,11000,0.0,0.0
2022-08-08 00:00:00+08:00,224.71609235491073,224.71609235491073,222.4323922293527,223.8026123046875,24000,0.0,0.0
2022-08-09 00:00:00+08:00,223.3458722795759,224.71609235491073,223.3458722795759,223.8026123046875,32000,0.0,0.0
2022-08-10 00:00:00+08:00,224.71609235491073,225.17283238002233,223.8026123046875,223.8026123046875,16000,0.0,0.0
2022-08-11 00:00:00+08:00,226.54304371843435,226.9997837259312,224.716083688447,226.0863037109375,26000,0.0,0.0
2022-08-12 00:00:00+08:00,226.54304371843435,226.54304371843435,225.62956370344068,226.0863037109375,15000,0.0,0.0
2022-08-15 00:00:00+08:00,226.99978505411457,226.99978505411457,225.62956502360683,226.5430450439453,26000,0.0,0.0
2022-08-16 00:00:00+08:00,228.37000774092465,228.37000774092465,226.54304767899725,227.45652770996094,19000,0.0,0.0
2022-08-17 00:00:00+08:00,227.45652770996094,227.45652770996094,226.54304767899725,227.45652770996094,6000,0.0,0.0
2022-08-18 00:00:00+08:00,226.08630766351538,227.45652770996094,226.08630766351538,227.45652770996094,13000,0.0,0.0
2022-08-19 00:00:00+08:00,227.45652902484656,227.91326904296875,227.45652902484656,227.91326904296875,15000,0.0,0.0
2022-08-22 00:00:00+08:00,227.45651513671876,228.82673510742188,227.45651513671876,228.3699951171875,20000,0.0,0.0
2022-08-23 00:00:00+08:00,227.45653080940247,234.7643711566925,227.45653080940247,233.85089111328125,66000,0.0,0.0
2022-08-24 00:00:00+08:00,234.3076316018141,240.24525189581718,234.3076316018141,239.33177185058594,78000,0.0,0.0
2022-08-25 00:00:00+08:00,240.7019792564015,242.0721992521685,239.7884992592235,240.2452392578125,39000,0.0,0.0
2022-08-26 00:00:00+08:00,240.7019919184328,240.7019919184328,239.33177185058594,239.33177185058594,31000,0.0,0.0
2022-08-29 00:00:00+08:00,237.50481176012346,240.24525189581718,236.59133171489222,239.33177185058594,22000,0.0,0.0
2022-08-30 00:00:00+08:00,239.33177053768821,241.15873061812857,238.87503051757812,238.87503051757812,9000,0.0,0.0
2022-08-31 00:00:00+08:00,238.8750245292232,242.07220458984378,238.8750245292232,242.07220458984375,59000,0.0,0.0
2022-09-01 00:00:00+08:00,242.0722128875064,251.2070133738274,242.0722128875064,250.2935333251953,123000,0.0,0.0
2022-09-02 00:00:00+08:00,252.12046850631066,252.12046850631066,246.63958875617345,247.09632873535156,29000,0.0,0.0
2022-09-05 00:00:00+08:00,246.63961661768755,246.63961661768755,245.26939652536706,246.18287658691406,17000,0.0,0.0
2022-09-06 00:00:00+08:00,246.18287052252356,250.75027071774662,246.18287052252356,249.3800506591797,58000,0.0,0.0
2022-09-07 00:00:00+08:00,249.38004336149797,253.0339634107507,247.5530833368716,252.1204833984375,42000,0.0,0.0
2022-09-08 00:00:00+08:00,252.12047670353917,253.03395669159548,248.466556751314,249.83677673339844,38000,0.0,0.0
2022-09-12 00:00:00+08:00,249.836796833102,249.836796833102,244.81265649459357,246.18287658691406,58000,0.0,0.0
2022-09-13 00:00:00+08:00,246.63959865463514,246.63959865463514,244.35589866709222,245.26937866210938,20000,0.0,0.0
2022-09-14 00:00:00+08:00,245.26938264634876,248.46656268084493,245.26938264634876,246.6396026611328,13000,0.0,0.0
2022-09-15 00:00:00+08:00,246.18285999510812,246.18285999510812,245.7261199951172,245.7261199951172,4000,0.0,0.0
2022-09-16 00:00:00+08:00,246.6396066233598,248.92330668468722,246.6396066233598,248.00982666015625,24000,0.0,0.0
2022-09-19 00:00:00+08:00,248.00982666015625,248.46656667242172,245.72612659882884,248.00982666015625,16000,0.0,0.0
2022-09-20 00:00:00+08:00,247.55308664789075,248.00982666015625,247.55308664789075,248.00982666015625,10000,0.0,0.0
2022-09-21 00:00:00+08:00,248.0098226759169,248.0098226759169,246.1828626562048,246.6396026611328,17000,0.0,0.0
2022-09-22 00:00:00+08:00,245.72613263486036,245.72613263486036,243.44243251743603,244.81265258789062,31000,0.0,0.0
2022-09-23 00:00:00+08:00,243.44242328146228,243.89916328761888,241.61546325683594,241.61546325683594,32000,0.0,0.0
2022-09-26 00:00:00+08:00,239.3317625536448,239.3317625536448,235.22110250978452,236.13458251953125,89000,0.0,0.0
2022-09-27 00:00:00+08:00,236.59133650905403,237.50481657279556,235.22111641344173,235.6778564453125,24000,0.0,0.0
2022-09-28 00:00:00+08:00,233.8508924220273,234.76437247055085,228.8267521551478,234.30763244628906,78000,0.0,0.0
2022-09-29 00:00:00+08:00,234.30763634970023,235.6778564453125,232.93741625408794,235.6778564453125,21000,0.0,0.0
2022-09-30 00:00:00+08:00,237.50480253415134,237.50480253415134,235.67784251465787,236.13458251953125,13000,0.0,0.0
2022-10-03 00:00:00+08:00,235.67783037320834,235.67783037320834,230.65369057843066,232.02391052246094,32000,0.0,0.0
2022-10-04 00:00:00+08:00,233.85087451076322,235.67783446787857,232.02391455364787,233.39413452148438,14000,0.0,0.0
2022-10-05 00:00:00+08:00,232.93740447456315,232.93740447456315,231.11044443946852,231.5671844482422,31000,0.0,0.0
2022-10-06 00:00:00+08:00,236.13459254333617,237.50481261612148,231.56719230071843,234.30763244628906,22000,0.0,0.0
2022-10-07 00:00:00+08:00,234.3076185233862,235.67783851475102,234.3076185233862,234.7643585205078,13000,0.0,0.0
2022-10-11 00:00:00+08:00,232.93740313986072,234.3076231583305,230.1969631029212,231.11044311523438,25000,0.0,0.0
2022-10-12 00:00:00+08:00,229.28347911796797,231.56717910918277,227.91325912323907,229.74021911621094,33000,0.0,0.0
2022-10-13 00:00:00+08:00,228.37000240681144,231.11044243569316,225.17282237311608,225.6295623779297,82000,0.0,0.0
2022-10-14 00:00:00+08:00,228.8267477564065,228.8267477564065,226.54304767899725,227.45652770996094,19000,0.0,0.0
2022-10-17 00:00:00+08:00,227.4565197084008,227.4565197084008,221.51889971601284,224.71607971191406,65000,0.0,0.0
2022-10-18 00:00:00+08:00,225.6295610470414,225.6295610470414,224.25934104068284,225.17282104492188,11000,0.0,0.0
2022-10-19 00:00:00+08:00,225.17283369324602,225.17283369324602,223.80261360991997,224.2593536376953,10000,0.0,0.0
2022-10-20 00:00:00+08:00,221.97564165424015,221.97564165424015,218.32172162700985,220.148681640625,69000,0.0,0.0
2022-10-21 00:00:00+08:00,220.14867219623767,220.14867219623767,216.4947523257607,216.9514923095703,93000,0.0,0.0
2022-10-24 00:00:00+08:00,217.864990234375,223.80261051329927,217.40825021291928,217.864990234375,49000,0.0,0.0
2022-10-25 00:00:00+08:00,219.2352022790605,219.2352022790605,212.84084221258792,215.12454223632812,78000,0.0,0.0
2022-10-26 00:00:00+08:00,216.49476358446023,216.49476358446023,213.29758353152516,215.58128356933594,51000,0.0,0.0
2022-10-27 00:00:00+08:00,218.32173417409263,219.23521423339844,217.86499414443972,219.23521423339844,22000,0.0,0.0
2022-10-28 00:00:00+08:00,217.86499414443972,219.23521423339844,217.86499414443972,219.23521423339844,13000,0.0,0.0
2022-10-31 00:00:00+08:00,220.14868822039028,222.8891283227188,219.2352081862808,222.43238830566406,21000,0.0,0.0
2022-11-01 00:00:00+08:00,220.14868428884458,222.43238433333468,220.14868428884458,221.06216430664062,9000,0.0,0.0
2022-11-02 00:00:00+08:00,221.51889971601284,224.71607971191406,221.0621597165984,224.71607971191406,11000,0.0,0.0
2022-11-03 00:00:00+08:00,223.34585971367068,225.62955971074297,223.34585971367068,224.71607971191406,19000,0.0,0.0
2022-11-04 00:00:00+08:00,223.80261360991997,224.71609366547068,223.80261360991997,224.2593536376953,20000,0.0,0.0
2022-11-07 00:00:00+08:00,224.2593536376953,225.17283369324602,223.80261360991997,224.2593536376953,13000,0.0,0.0
2022-11-08 00:00:00+08:00,224.2593397124996,224.71607971191406,223.80259971308513,224.71607971191406,6000,0.0,0.0
2022-11-09 00:00:00+08:00,231.11044514563775,233.39414519648398,225.17282501343757,226.5430450439453,23000,0.0,0.0
2022-11-10 00:00:00+08:00,225.62956370344068,226.0863037109375,225.62956370344068,226.0863037109375,3000,0.0,0.0
2022-11-11 00:00:00+08:00,228.37000374842174,228.37000374842174,226.0863037109375,226.0863037109375,12000,0.0,0.0
2022-11-14 00:00:00+08:00,226.08630503377609,228.3700050846223,225.62956502360683,226.5430450439453,14000,0.0,0.0
2022-11-15 00:00:00+08:00,223.8026036734533,226.54304371843435,223.8026036734533,226.0863037109375,32000,0.0,0.0
2022-11-16 00:00:00+08:00,226.0863137487967,226.0863137487967,223.34587358214463,224.2593536376953,36000,0.0,0.0
2022-11-17 00:00:00+08:00,224.71607568658933,224.71607568658933,223.34585571289062,223.34585571289062,29000,0.0,0.0
2022-11-18 00:00:00+08:00,223.8026123046875,224.25935232979913,223.8026123046875,223.8026123046875,9000,0.0,0.0
2022-11-21 00:00:00+08:00,224.25934104068284,225.17282104492188,224.25934104068284,225.17282104492188,6000,0.0,0.0
2022-11-22 00:00:00+08:00,225.17282237311608,225.6295623779297,224.25934236348883,225.6295623779297,9000,0.0,0.0
2022-11-23 00:00:00+08:00,224.71608500326835,226.5430450439453,224.71608500326835,226.5430450439453,15000,0.0,0.0
2022-11-24 00:00:00+08:00,226.54304105128043,226.54304105128043,224.25934104068284,225.17282104492188,25000,0.0,0.0
2022-11-25 00:00:00+08:00,225.62955971074297,225.62955971074297,224.71607971191406,224.71607971191406,5000,0.0,0.0
2022-11-28 00:00:00+08:00,225.17281971132851,225.17281971132851,224.71607971191406,224.71607971191406,8000,0.0,0.0
2022-11-29 00:00:00+08:00,224.25934104068284,225.17282104492188,224.25934104068284,225.17282104492188,12000,0.0,0.0
2022-11-30 00:00:00+08:00,224.2593397124996,225.17281971132851,224.2593397124996,224.71607971191406,19000,0.0,0.0
2022-12-01 00:00:00+08:00,225.6295610470414,226.0863010491609,224.71608104280236,225.17282104492188,21000,0.0,0.0
2022-12-02 00:00:00+08:00,226.08629971015745,227.91325970781529,224.71607971191406,224.71607971191406,24000,0.0,0.0
2022-12-05 00:00:00+08:00,227.45652902484656,227.91326904296875,227.45652902484656,227.91326904296875,14000,0.0,0.0
2022-12-06 00:00:00+08:00,227.4565223971842,227.4565223971842,225.6295623779297,225.6295623779297,14000,0.0,0.0
2022-12-07 00:00:00+08:00,228.3700090610909,228.3700090610909,226.5430489886022,227.91326904296875,14000,0.0,0.0
2022-12-08 00:00:00+08:00,227.91326772544278,227.91326772544278,226.54304767899725,227.45652770996094,6000,0.0,0.0
2022-12-09 00:00:00+08:00,227.45652902484656,227.91326904296875,226.99978900672437,227.91326904296875,9000,0.0,0.0
2022-12-12 00:00:00+08:00,227.45652902484656,227.91326904296875,224.71608891611348,227.91326904296875,19000,0.0,0.0
2022-12-13 00:00:00+08:00,227.45652902484656,227.91326904296875,227.45652902484656,227.91326904296875,7000,0.0,0.0
2022-12-14 00:00:00+08:00,226.5430489886022,228.3700090610909,226.08630897048002,227.91326904296875,14000,0.0,0.0
2022-12-15 00:00:00+08:00,227.45652770996094,227.45652770996094,226.54304767899725,227.45652770996094,6000,0.0,0.0
2022-12-16 00:00:00+08:00,228.36999106455136,228.36999106455136,226.99977111816406,226.99977111816406,10000,0.0,0.0
2022-12-19 00:00:00+08:00,226.99978505411457,227.4565250642838,226.5430450439453,226.5430450439453,18000,0.0,0.0
2022-12-20 00:00:00+08:00,228.36999970722974,228.36999970722974,224.2593397124996,224.71607971191406,46000,0.0,0.0
2022-12-21 00:00:00+08:00,225.17282104492188,225.17282104492188,225.17282104492188,225.17282104492188,1000,0.0,0.0
2022-12-22 00:00:00+08:00,225.62955971074297,225.62955971074297,224.71607971191406,224.71607971191406,7000,0.0,0.0
2022-12-23 00:00:00+08:00,226.08630766351538,227.91326772544278,226.08630766351538,227.45652770996094,10000,0.0,0.0
2022-12-26 00:00:00+08:00,228.3700050846223,228.3700050846223,226.5430450439453,226.5430450439453,11000,0.0,0.0
2022-12-27 00:00:00+08:00,226.54304371843435,226.9997837259312,226.0863037109375,226.0863037109375,7000,0.0,0.0
2022-12-28 00:00:00+08:00,226.5430450439453,226.5430450439453,225.17282501343757,226.5430450439453,22000,0.0,0.0
2022-12-29 00:00:00+08:00,226.54304105128043,226.54304105128043,225.17282104492188,225.17282104492188,6000,0.0,0.0
2022-12-30 00:00:00+08:00,225.6295623779297,225.6295623779297,225.6295623779297,225.6295623779297,15000,0.0,0.0
2023-01-03 00:00:00+08:00,226.08630503377609,226.5430450439453,225.17282501343757,226.5430450439453,23000,0.0,0.0
2023-01-04 00:00:00+08:00,225.6295623779297,226.54304238755694,225.6295623779297,225.6295623779297,9000,0.0,0.0
2023-01-05 00:00:00+08:00,225.6295623779297,226.08630238274333,225.6295623779297,225.6295623779297,10000,0.0,0.0
2023-01-06 00:00:00+08:00,227.45652696051158,232.4806671142578,227.45652696051158,232.4806671142578,69000,0.0,0.0
2023-01-09 00:00:00+08:00,233.85087006262043,237.50478990734888,233.85087006262043,237.0480499267578,73000,0.0,0.0
2023-01-10 00:00:00+08:00,237.50480726800404,237.50480726800404,232.4806671142578,232.4806671142578,48000,0.0,0.0
2023-01-11 00:00:00+08:00,230.65371704101562,233.85089727722772,230.19697700727104,230.65371704101562,40000,0.0,0.0
2023-01-12 00:00:00+08:00,231.56718312139097,231.56718312139097,230.65370310907778,231.11044311523438,10000,0.0,0.0
2023-01-13 00:00:00+08:00,234.76436851351866,235.6778485466452,232.02392841413908,232.93740844726562,34000,0.0,0.0
2023-01-16 00:00:00+08:00,235.22110853008195,235.22110853008195,231.56718839757582,232.93740844726562,25000,0.0,0.0
2023-01-17 00:00:00+08:00,233.85087451076322,233.85087451076322,232.93739453220556,233.39413452148438,5000,0.0,0.0
2023-01-30 00:00:00+08:00,234.764376381571,237.0480765409248,233.85089631782947,235.6778564453125,32000,0.0,0.0
2023-01-31 00:00:00+08:00,235.22110383022707,236.59132385253906,234.76436382278973,236.59132385253906,17000,0.0,0.0
2023-02-01 00:00:00+08:00,235.67784251465787,236.13458251953125,235.67784251465787,236.13458251953125,9000,0.0,0.0
2023-02-02 00:00:00+08:00,237.50481176012346,239.78851187320157,237.50481176012346,239.33177185058594,36000,0.0,0.0
2023-02-03 00:00:00+08:00,237.9615379406157,240.24523792085193,237.9615379406157,239.7884979248047,22000,0.0,0.0
2023-02-06 00:00:00+08:00,239.7884979248047,240.24523792085193,238.8750179327102,239.7884979248047,28000,0.0,0.0
2023-02-07 00:00:00+08:00,240.24524323836616,242.52894326914912,240.24524323836616,241.61546325683594,43000,0.0,0.0
2023-02-08 00:00:00+08:00,242.98568460716393,242.98568460716393,237.961544511903,242.07220458984375,72000,0.0,0.0
2023-02-09 00:00:00+08:00,242.07220722858173,242.98568725585938,238.87502713310988,242.98568725585938,45000,0.0,0.0
2023-02-10 00:00:00+08:00,241.61546192747176,242.07220193111536,239.7885019128973,241.15872192382812,87000,0.0,0.0
2023-02-13 00:00:00+08:00,242.07220193111536,242.07220193111536,241.15872192382812,241.15872192382812,17000,0.0,0.0
2023-02-14 00:00:00+08:00,241.15872325067934,242.52894326914912,241.15872325067934,241.61546325683594,16000,0.0,0.0
2023-02-15 00:00:00+08:00,242.52894459850384,242.98568460716393,241.6154645811837,242.07220458984375,48000,0.0,0.0
2023-02-16 00:00:00+08:00,244.35590596746815,244.35590596746815,240.70198587823498,242.52894592285156,46000,0.0,0.0
2023-02-17 00:00:00+08:00,240.24524455520344,242.07220458984378,240.24524455520344,242.07220458984375,6000,0.0,0.0
2023-02-20 00:00:00+08:00,241.1587245725236,242.07220458984378,240.7019845638635,242.07220458984375,32000,0.0,0.0
2023-02-21 00:00:00+08:00,241.1587245725236,242.07220458984378,241.1587245725236,242.07220458984375,20000,0.0,0.0
2023-02-22 00:00:00+08:00,242.98568460716393,243.8991646244841,242.07220458984378,242.07220458984375,28000,0.0,0.0
2023-02-23 00:00:00+08:00,244.3558933050503,244.3558933050503,242.52893335510598,243.44241333007812,18000,0.0,0.0
2023-02-24 00:00:00+08:00,243.44241867207504,245.26937866210938,242.52893867705788,245.26937866210938,37000,0.0,0.0
2023-03-01 00:00:00+08:00,244.81262883946107,247.55306871452964,244.81262883946107,247.09632873535156,39000,0.0,0.0
2023-03-02 00:00:00+08:00,247.55308664789075,248.46656667242172,246.6396066233598,248.00982666015625,45000,0.0,0.0
2023-03-03 00:00:00+08:00,249.3800466969527,249.3800466969527,247.55308664789075,248.00982666015625,29000,0.0,0.0
2023-03-06 00:00:00+08:00,248.0098127477309,250.29351268095127,248.0098127477309,248.466552734375,37000,0.0,0.0
2023-03-07 00:00:00+08:00,249.3800506591797,251.20701073726892,248.9233106396574,249.3800506591797,84000,0.0,0.0
2023-03-08 00:00:00+08:00,249.3800532765632,252.1204934224595,249.3800532765632,250.2935333251953,49000,0.0,0.0
2023-03-09 00:00:00+08:00,252.12046678269624,253.03394673480744,250.2935068784738,251.66372680664062,70000,0.0,0.0
2023-03-10 00:00:00+08:00,250.75025266759536,251.20699265423943,246.6395927877987,248.466552734375,87000,0.0,0.0
2023-03-13 00:00:00+08:00,246.63959677520137,249.83677673339844,244.3558968050606,249.83677673339844,63000,0.0,0.0
2023-03-14 00:00:00+08:00,248.92328865206395,249.38002863124206,246.63958875617345,247.09632873535156,22000,0.0,0.0
2023-03-15 00:00:00+08:00,247.55308267098886,248.0098226759169,246.6396026611328,246.6396026611328,54000,0.0,0.0
2023-03-16 00:00:00+08:00,246.63961661768755,247.55309667923453,245.72613655614055,246.18287658691406,32000,0.0,0.0
2023-03-17 00:00:00+08:00,249.38006073786323,249.38006073786323,246.6396205099746,247.5531005859375,33000,0.0,0.0
2023-03-20 00:00:00+08:00,247.55306871452964,247.55306871452964,246.63958875617345,247.09632873535156,15000,0.0,0.0
2023-03-21 00:00:00+08:00,247.55306871452964,247.55306871452964,246.63958875617345,247.09632873535156,36000,0.0,0.0
2023-03-22 00:00:00+08:00,247.09634663562528,248.92330668468722,247.09634663562528,248.00982666015625,20000,0.0,0.0
2023-03-23 00:00:00+08:00,248.0098127477309,249.38003270766313,247.55307276108684,248.466552734375,30000,0.0,0.0
2023-03-24 00:00:00+08:00,248.92329272101907,248.92329272101907,248.466552734375,248.466552734375,5000,0.0,0.0
2023-03-27 00:00:00+08:00,248.0098226759169,248.0098226759169,246.6396026611328,246.6396026611328,45000,0.0,0.0
2023-03-28 00:00:00+08:00,247.5531005859375,248.46658066190037,247.09636054795604,247.5531005859375,28000,0.0,0.0
2023-03-29 00:00:00+08:00,247.5530786496523,247.5530786496523,244.8126386646008,245.26937866210938,88000,0.0,0.0
2023-03-30 00:00:00+08:00,245.7261199951172,245.7261199951172,245.26937999512626,245.7261199951172,27000,0.0,0.0
2023-03-31 00:00:00+08:00,246.63958875617345,248.00980869370775,246.63958875617345,247.09632873535156,13000,0.0,0.0
2023-04-06 00:00:00+08:00,245.72614043401174,248.46658066190037,245.72614043401174,247.5531005859375,22000,0.0,0.0
2023-04-07 00:00:00+08:00,250.29351268095127,250.29351268095127,248.0098127477309,248.466552734375,13000,0.0,0.0
2023-04-10 00:00:00+08:00,250.29352337381113,254.86092343537703,250.29352337381113,252.1204833984375,44000,0.0,0.0
2023-04-11 00:00:00+08:00,256.23113746165376,256.68787745712905,254.40417747975246,255.31765747070312,49000,0.0,0.0
2023-04-12 00:00:00+08:00,254.40417881011962,256.68787879943847,253.94743881225585,255.77439880371094,51000,0.0,0.0
2023-04-13 00:00:00+08:00,256.68789325453565,263.0822535847198,256.68789325453565,260.7985534667969,149000,0.0,0.0
2023-04-14 00:00:00+08:00,260.7985534667969,262.16877353755063,260.7985534667969,260.7985534667969,37000,0.0,0.0
2023-04-17 00:00:00+08:00,261.71203087670943,261.71203087670943,259.4283307817992,259.88507080078125,46000,0.0,0.0
2023-04-18 00:00:00+08:00,259.42832282762544,259.42832282762544,256.6878827977562,257.1446228027344,59000,0.0,0.0
2023-04-19 00:00:00+08:00,257.1446280773775,258.9715881347656,255.31766801998938,258.9715881347656,38000,0.0,0.0
2023-04-20 00:00:00+08:00,258.05810546875,258.5148454784292,256.6878854397124,258.05810546875,31000,0.0,0.0
2023-04-21 00:00:00+08:00,258.058097443555,258.058097443555,253.49069748880183,255.31765747070312,102000,0.0,0.0
2023-04-24 00:00:00+08:00,255.77439641378012,265.3659362792969,255.3176564201841,265.3659362792969,100000,0.0,0.0
2023-04-25 00:00:00+08:00,263.08226768092106,265.36596792120685,258.5148672003495,260.3418273925781,148000,0.0,0.0
2023-04-26 00:00:00+08:00,260.3417989688304,266.2794189453125,260.3417989688304,266.2794189453125,123000,0.0,0.0
2023-04-27 00:00:00+08:00,266.7361422928748,266.7361422928748,263.0822225354382,265.8226623535156,27000,0.0,0.0
2023-04-28 00:00:00+08:00,266.279434640067,272.2170549665179,266.279434640067,271.76031494140625,84000,0.0,0.0
2023-05-02 00:00:00+08:00,273.1305236816406,274.0440036939538,270.8468236508577,273.1305236816406,44000,0.0,0.0
2023-05-03 00:00:00+08:00,273.1305177798941,276.78443775019366,273.1305177798941,276.32769775390625,40000,0.0,0.0
2023-05-04 00:00:00+08:00,273.1305120131549,281.35183177274814,272.2170320398667,279.5248718261719,86000,0.0,0.0
2023-05-05 00:00:00+08:00,280.4383684317012,282.2653284866308,279.5248884042363,279.98162841796875,80000,0.0,0.0
2023-05-08 00:00:00+08:00,280.43835663377195,290.0298965186404,279.9816166392544,286.3759765625,101000,0.0,0.0
2023-05-09 00:00:00+08:00,288.2029338378906,293.68381372070314,284.0922739257812,285.4624938964844,125000,0.0,0.0
2023-05-10 00:00:00+08:00,281.351852106563,291.85687255859375,281.351852106563,291.85687255859375,111000,0.0,0.0
2023-05-11 00:00:00+08:00,291.85685921625037,298.251219199079,286.83271922974217,287.2894592285156,160000,0.0,0.0
2023-05-12 00:00:00+08:00,286.8327186584473,293.6838186264038,281.8085786819458,292.3135986328125,86000,0.0,0.0
2023-05-15 00:00:00+08:00,292.31360461097944,292.31360461097944,288.2029445461376,289.1164245605469,35000,0.0,0.0
2023-05-16 00:00:00+08:00,292.3135959541536,297.79447587829395,291.4001159667969,291.4001159667969,75000,0.0,0.0
2023-05-17 00:00:00+08:00,290.0299072265625,291.8568672720841,288.65968719242125,290.0299072265625,43000,0.0,0.0
2023-05-18 00:00:00+08:00,289.5731698459883,290.9433898925781,286.8327297528086,290.9433898925781,57000,0.0,0.0
2023-05-19 00:00:00+08:00,293.22708395253056,295.05404397715694,292.770343946374,294.14056396484375,43000,0.0,0.0
2023-05-22 00:00:00+08:00,296.424269311222,296.424269311222,295.05404926818096,295.967529296875,17000,0.0,0.0
2023-05-23 00:00:00+08:00,295.0540544942844,299.1647146962172,295.0540544942844,297.79449462890625,41000,0.0,0.0
2023-05-24 00:00:00+08:00,297.79449462890625,301.44841480840205,296.4242745615953,297.79449462890625,36000,0.0,0.0
2023-05-25 00:00:00+08:00,297.79449462890625,299.1647146962172,295.0540544942844,297.79449462890625,18000,0.0,0.0
2023-05-26 00:00:00+08:00,299.1647146962172,299.1647146962172,296.8810145840323,297.79449462890625,33000,0.0,0.0
2023-05-29 00:00:00+08:00,297.79447264870316,297.79447264870316,295.5107727050781,295.5107727050781,27000,0.0,0.0
2023-05-30 00:00:00+08:00,295.51079624720984,295.51079624720984,287.7462158203125,287.7462158203125,81000,0.0,0.0
2023-05-31 00:00:00+08:00,287.7461960173699,291.4001159667969,286.8327160300132,291.4001159667969,78000,0.0,0.0
2023-06-01 00:00:00+08:00,292.3136239681604,292.3136239681604,289.57318374345886,290.4866638183594,12000,0.0,0.0
2023-06-02 00:00:00+08:00,290.9433759731185,292.3135959541536,290.4866359794401,291.4001159667969,27000,0.0,0.0
2023-06-05 00:00:00+08:00,291.400110575679,293.6838105018207,289.5731506347656,289.5731506347656,26000,0.0,0.0
2023-06-06 00:00:00+08:00,289.5731665076855,295.0540466308594,289.5731665076855,295.0540466308594,37000,0.0,0.0
2023-06-07 00:00:00+08:00,295.0540327163531,295.96751269380314,291.40011280655307,295.5107727050781,47000,0.0,0.0
2023-06-08 00:00:00+08:00,293.22707862854,293.22707862854,292.3135986328125,292.3135986328125,9000,0.0,0.0
2023-06-09 00:00:00+08:00,291.40012726070375,292.77034729484495,289.5731672151821,290.0299072265625,34000,0.0,0.0
2023-06-12 00:00:00+08:00,290.4866479726938,290.4866479726938,284.0922877971943,285.0057678222656,71000,0.0,0.0
2023-06-13 00:00:00+08:00,285.0057598225121,285.4624998222277,280.4383598253565,282.26531982421875,127000,0.0,0.0
2023-06-14 00:00:00+08:00,282.265341573504,284.5490417480469,282.265341573504,284.5490417480469,10000,0.0,0.0
2023-06-15 00:00:00+08:00,288.6596905888079,288.6596905888079,284.5490304380179,285.91925048828125,13000,0.0,0.0
2023-06-16 00:00:00+08:00,286.37598251834993,286.37598251834993,283.1788024902344,283.1788024902344,22000,0.0,0.0
2023-06-19 00:00:00+08:00,285.9192539505673,285.9192539505673,281.80859375,281.80859375,44000,0.0,0.0
2023-06-20 00:00:00+08:00,281.80859033749124,286.8327305217901,281.80859033749124,285.91925048828125,28000,0.0,0.0
2023-06-21 00:00:00+08:00,287.28946788494403,287.28946788494403,284.5490278097299,285.0057678222656,39000,0.0,0.0
2023-06-26 00:00:00+08:00,285.00578178295547,285.00578178295547,282.265341573504,284.5490417480469,18000,0.0,0.0
2023-06-27 00:00:00+08:00,283.63555040450905,288.6596905888079,283.63555040450905,285.91925048828125,23000,0.0,0.0
2023-06-28 00:00:00+08:00,286.37597073816727,290.48663060522233,286.37597073816727,289.5731506347656,34000,0.0,0.0
2023-06-29 00:00:00+08:00,290.9433759731185,291.4001159667969,290.4866359794401,291.4001159667969,29000,0.0,0.0
2023-06-30 00:00:00+08:00,291.4001159667969,291.4001159667969,288.6596760047267,291.4001159667969,38000,0.0,0.0
2023-07-03 00:00:00+08:00,292.836720882318,298.08298135415106,292.836720882318,297.6060485839844,41000,13.506092,0.0
2023-07-04 00:00:00+08:00,301.89845177751647,301.89845177751647,295.69832559567175,296.6521911621094,24000,0.0,0.0
2023-07-05 00:00:00+08:00,296.6521911621094,297.1291239453282,296.17525837889053,296.6521911621094,40000,0.0,0.0
2023-07-06 00:00:00+08:00,297.6060526497291,298.5599182030937,297.1291198730469,297.1291198730469,18000,0.0,0.0
2023-07-07 00:00:00+08:00,296.65221115305457,306.19086746022674,296.65221115305457,301.4215393066406,62000,0.0,0.0
2023-07-10 00:00:00+08:00,306.190852851927,308.09858402234397,304.28312168151,306.66778564453125,68000,0.0,0.0
2023-07-11 00:00:00+08:00,311.43710739159695,312.86790574102235,303.8061828613281,303.8061828613281,38000,0.0,0.0
2023-07-12 00:00:00+08:00,308.098582045837,308.5755148353817,302.37538857130136,303.3292541503906,48000,0.0,0.0
2023-07-13 00:00:00+08:00,305.23698530856916,305.23698530856916,301.8984557817567,303.3292541503906,48000,0.0,0.0
2023-07-14 00:00:00+08:00,301.4215108904294,304.7600402832031,301.4215108904294,304.7600402832031,19000,0.0,0.0
2023-07-17 00:00:00+08:00,305.23698530856916,305.23698530856916,302.37538857130136,303.3292541503906,29000,0.0,0.0
2023-07-18 00:00:00+08:00,303.8061767191214,303.8061767191214,300.4676473046256,300.944580078125,49000,0.0,0.0
2023-07-19 00:00:00+08:00,302.3754008264526,304.7600648708253,300.9446023998291,301.8984680175781,24000,0.0,0.0
2023-07-20 00:00:00+08:00,303.32927056807506,303.32927056807506,300.944606491282,301.4215393066406,14000,0.0,0.0
2023-07-21 00:00:00+08:00,300.9445841471354,308.09857584635415,300.9445841471354,307.62164306640625,63000,0.0,0.0
2023-07-24 00:00:00+08:00,310.00632944947233,310.00632944947233,306.19086693317115,308.5755310058594,27000,0.0,0.0
2023-07-25 00:00:00+08:00,306.19086693317115,309.052463820397,306.19086693317115,308.5755310058594,25000,0.0,0.0
2023-07-26 00:00:00+08:00,309.5293741861979,309.5293741861979,307.62164306640625,307.62164306640625,11000,0.0,0.0
2023-07-27 00:00:00+08:00,307.6216390036946,310.0063028719403,306.66777345639633,308.09857177734375,45000,0.0,0.0
2023-07-28 00:00:00+08:00,307.6216512297397,309.0524496075525,304.76005447411427,306.66778564453125,30000,0.0,0.0
2023-07-31 00:00:00+08:00,305.23698530856916,306.1908508876585,303.3292541503906,303.3292541503906,52000,0.0,0.0
2023-08-01 00:00:00+08:00,303.8061910313884,305.2369894192913,302.8523254394531,302.8523254394531,45000,0.0,0.0
2023-08-02 00:00:00+08:00,307.62166357040405,314.2987229347229,302.85233545303345,305.23699951171875,163000,0.0,0.0
2023-08-04 00:00:00+08:00,305.23698530856916,305.23698530856916,303.3292541503906,303.3292541503906,59000,0.0,0.0
2023-08-07 00:00:00+08:00,304.28313206195077,304.28313206195077,301.8984680175781,301.8984680175781,63000,0.0,0.0
2023-08-08 00:00:00+08:00,301.4215393066406,302.37540493735787,301.4215393066406,301.4215393066406,62000,0.0,0.0
2023-08-09 00:00:00+08:00,301.89847212199925,303.32927056807506,301.4215393066406,301.4215393066406,31000,0.0,0.0
2023-08-10 00:00:00+08:00,300.94460468750003,300.94460468750003,293.7906125,298.0830078125,142000,0.0,0.0
2023-08-11 00:00:00+08:00,296.1752665365896,299.5137961110761,294.74446814752395,295.6983337402344,100000,0.0,0.0
2023-08-14 00:00:00+08:00,295.2214050292969,295.69833783225215,294.2675394233864,295.2214050292969,42000,0.0,0.0
2023-08-15 00:00:00+08:00,294.74447222634166,295.2214050292969,294.2675394233864,295.2214050292969,36000,0.0,0.0
2023-08-16 00:00:00+08:00,294.74447938426755,308.5755310058594,294.2675465697299,308.5755310058594,51000,0.0,0.0
2023-08-17 00:00:00+08:00,303.3292664442017,304.28313206195077,300.9446023998291,301.8984680175781,39000,0.0,0.0
2023-08-18 00:00:00+08:00,300.467671875,300.467671875,297.60607500000003,298.0830078125,22000,0.0,0.0
2023-08-21 00:00:00+08:00,297.6060709115415,298.5599365234375,296.6522052996456,298.5599365234375,21000,0.0,0.0
2023-08-22 00:00:00+08:00,298.559940625,299.0368734375,297.60607500000003,298.0830078125,6000,0.0,0.0
2023-08-23 00:00:00+08:00,298.08298135415106,298.08298135415106,297.12911581381775,297.6060485839844,17000,0.0,0.0
2023-08-24 00:00:00+08:00,297.6060485839844,298.5599141243177,297.6060485839844,297.6060485839844,11000,0.0,0.0
2023-08-25 00:00:00+08:00,296.17525027348444,297.6060485839844,295.6983175033178,297.6060485839844,8000,0.0,0.0
2023-08-28 00:00:00+08:00,297.60605672854706,297.60605672854706,295.69832559567175,296.6521911621094,20000,0.0,0.0
2023-08-29 00:00:00+08:00,296.6521911621094,297.1291239453282,296.6521911621094,296.6521911621094,9000,0.0,0.0
2023-08-30 00:00:00+08:00,297.60605672854706,297.60605672854706,296.6521911621094,296.6521911621094,9000,0.0,0.0
2023-08-31 00:00:00+08:00,296.6521870963646,297.6060526497291,296.6521870963646,297.1291198730469,23000,0.0,0.0
2023-09-01 00:00:00+08:00,297.60605066362916,302.85231117212265,297.60605066362916,300.944580078125,25000,0.0,0.0
2023-09-04 00:00:00+08:00,301.4215393066406,303.32927056807506,299.9907408605648,301.4215393066406,28000,0.0,0.0
2023-09-05 00:00:00+08:00,300.4676574131228,303.3292541503906,300.4676574131228,303.3292541503906,17000,0.0,0.0
2023-09-06 00:00:00+08:00,304.2831279381592,304.2831279381592,301.4215311236938,302.3753967285156,23000,0.0,0.0
2023-09-07 00:00:00+08:00,303.32925823542075,303.32925823542075,302.8523254394531,302.8523254394531,5000,0.0,0.0
2023-09-08 00:00:00+08:00,302.8523132419885,304.2831115722656,302.37538046522945,304.2831115722656,18000,0.0,0.0
2023-09-11 00:00:00+08:00,301.8984517287609,303.8061828613281,300.9445861624773,303.8061828613281,20000,0.0,0.0
2023-09-12 00:00:00+08:00,303.3292419720144,304.7600402832031,303.3292419720144,304.7600402832031,21000,0.0,0.0
2023-09-13 00:00:00+08:00,302.8523295309265,303.32926233333745,302.3753967285156,302.3753967285156,12000,0.0,0.0
2023-09-14 00:00:00+08:00,302.3754008264526,302.3754008264526,301.8984680175781,301.8984680175781,12000,0.0,0.0
2023-09-15 00:00:00+08:00,302.37540493735787,302.37540493735787,300.944606491282,301.4215393066406,13000,0.0,0.0
2023-09-18 00:00:00+08:00,301.8984557817567,303.3292541503906,301.8984557817567,303.3292541503906,3000,0.0,0.0
2023-09-19 00:00:00+08:00,301.89847212199925,302.85233775271644,301.4215393066406,301.4215393066406,8000,0.0,0.0
2023-09-20 00:00:00+08:00,300.94459425558256,302.8523254394531,300.94459425558256,302.8523254394531,9000,0.0,0.0
2023-09-21 00:00:00+08:00,301.8984598475178,302.8523254394531,300.94459425558256,302.8523254394531,13000,0.0,0.0
2023-09-22 00:00:00+08:00,300.94459425558256,304.28312382735606,300.46766145961493,302.8523254394531,11000,0.0,0.0
2023-09-25 00:00:00+08:00,302.8523295309265,303.32926233333745,302.3753967285156,302.3753967285156,7000,0.0,0.0
2023-09-26 00:00:00+08:00,304.28312382735606,304.28312382735606,301.8984598475178,302.8523254394531,10000,0.0,0.0
2023-09-27 00:00:00+08:00,302.8523254394531,302.8523254394531,302.8523254394531,302.8523254394531,0,0.0,0.0
2023-09-28 00:00:00+08:00,302.8523295309265,303.32926233333745,302.3753967285156,302.3753967285156,11000,0.0,0.0
2023-10-02 00:00:00+08:00,301.4215270515502,303.32925823542075,301.4215270515502,302.8523254394531,21000,0.0,0.0
2023-10-03 00:00:00+08:00,302.37540493735787,302.37540493735787,301.4215393066406,301.4215393066406,16000,0.0,0.0
2023-10-04 00:00:00+08:00,302.3753967285156,302.3753967285156,300.9445983212829,302.3753967285156,17000,0.0,0.0
2023-10-05 00:00:00+08:00,302.3754008264526,302.3754008264526,300.9446023998291,301.8984680175781,14000,0.0,0.0
2023-10-06 00:00:00+08:00,302.3754008264526,302.85233363532717,301.8984680175781,301.8984680175781,9000,0.0,0.0
2023-10-11 00:00:00+08:00,300.46766551887197,302.3753967285156,299.9907327164611,302.3753967285156,31000,0.0,0.0
2023-10-12 00:00:00+08:00,301.4215393066406,301.89847212199925,300.46767367592344,301.4215393066406,8000,0.0,0.0
2023-10-13 00:00:00+08:00,301.4215393066406,301.89847212199925,300.944606491282,301.4215393066406,13000,0.0,0.0
2023-10-16 00:00:00+08:00,301.4215169270833,301.4215169270833,300.4676513671875,300.4676513671875,9000,0.0,0.0
2023-10-17 00:00:00+08:00,300.46765544266697,300.46765544266697,299.99072265625,299.99072265625,13000,0.0,0.0
2023-10-18 00:00:00+08:00,299.03686932938547,299.03686932938547,298.5599365234375,298.5599365234375,26000,0.0,0.0
2023-10-19 00:00:00+08:00,298.5599365234375,299.03686932938547,298.5599365234375,298.5599365234375,13000,0.0,0.0
2023-10-20 00:00:00+08:00,298.559940625,299.0368734375,296.65220937500004,298.0830078125,17000,0.0,0.0
2023-10-23 00:00:00+08:00,297.12912803072476,297.12912803072476,296.1752624511719,296.1752624511719,20000,0.0,0.0
2023-10-24 00:00:00+08:00,296.1752665365896,296.1752665365896,295.22140094387913,295.6983337402344,10000,0.0,0.0
2023-10-25 00:00:00+08:00,295.69832966139546,296.65219524094834,295.221396871619,296.1752624511719,12000,0.0,0.0
2023-10-26 00:00:00+08:00,296.1752624511719,296.1752624511719,295.69832966139546,296.1752624511719,6000,0.0,0.0
2023-10-27 00:00:00+08:00,299.03685507820353,299.03685507820353,296.17525837889053,296.6521911621094,14000,0.0,0.0
2023-10-30 00:00:00+08:00,296.6522052996456,298.5599365234375,295.6983396877496,298.5599365234375,11000,0.0,0.0
2023-10-31 00:00:00+08:00,297.60605672854706,298.08298951176585,296.6521911621094,296.6521911621094,11000,0.0,0.0
2023-11-01 00:00:00+08:00,298.5599222949847,298.5599222949847,296.6521911621094,296.6521911621094,14000,0.0,0.0
2023-11-02 00:00:00+08:00,296.6522052996456,298.5599365234375,296.6522052996456,298.5599365234375,7000,0.0,0.0
2023-11-03 00:00:00+08:00,301.4215251169387,301.4215251169387,298.08299556659284,299.5137939453125,16000,0.0,0.0
2023-11-06 00:00:00+08:00,299.5137898698331,299.99072265625,299.0368570834161,299.99072265625,9000,0.0,0.0
2023-11-07 00:00:00+08:00,299.9907308332087,299.9907308332087,298.0829996355412,299.036865234375,7000,0.0,0.0
2023-11-08 00:00:00+08:00,298.0830078125,298.559940625,297.1291421875,298.0830078125,19000,0.0,0.0
2023-11-09 00:00:00+08:00,297.1291421875,299.99073906250004,297.1291421875,298.0830078125,6000,0.0,0.0
2023-11-10 00:00:00+08:00,297.6060526497291,297.6060526497291,297.1291198730469,297.1291198730469,11000,0.0,0.0
2023-11-13 00:00:00+08:00,297.60605672854706,297.60605672854706,295.69832559567175,296.6521911621094,17000,0.0,0.0
2023-11-14 00:00:00+08:00,296.6521830436511,298.08298135415106,296.6521830436511,297.6060485839844,7000,0.0,0.0
2023-11-15 00:00:00+08:00,299.51380213533344,299.51380213533344,297.6060709115415,298.5599365234375,14000,0.0,0.0
2023-11-16 00:00:00+08:00,299.5137817576268,300.944580078125,298.559916210628,300.944580078125,15000,0.0,0.0
2023-11-17 00:00:00+08:00,300.9445841471354,300.9445841471354,300.4676513671875,300.4676513671875,6000,0.0,0.0
2023-11-20 00:00:00+08:00,299.51379803379183,299.51379803379183,298.5599324349581,299.036865234375,11000,0.0,0.0
2023-11-21 00:00:00+08:00,298.0829996355412,299.9907308332087,298.0829996355412,299.036865234375,8000,0.0,0.0
2023-11-22 00:00:00+08:00,299.036865234375,299.51379803379183,298.5599324349581,299.036865234375,13000,0.0,0.0
2023-11-23 00:00:00+08:00,298.5599365234375,298.5599365234375,298.08300371748953,298.5599365234375,9000,0.0,0.0
2023-11-24 00:00:00+08:00,298.5599283594994,299.99072673821905,298.5599283594994,299.5137939453125,13000,0.0,0.0
2023-11-27 00:00:00+08:00,298.559940625,298.559940625,298.0830078125,298.0830078125,29000,0.0,0.0
2023-11-28 00:00:00+08:00,297.6060627736863,299.5137939453125,297.6060627736863,299.5137939453125,6000,0.0,0.0
2023-11-29 00:00:00+08:00,299.5137939453125,299.99072673821905,298.5599283594994,299.5137939453125,10000,0.0,0.0
2023-11-30 00:00:00+08:00,298.55993051836566,299.0368633147209,295.6983337402344,295.6983337402344,115000,0.0,0.0
2023-12-01 00:00:00+08:00,295.69832966139546,297.12912803072476,295.69832966139546,296.1752624511719,48000,0.0,0.0
2023-12-04 00:00:00+08:00,296.1752665365896,296.1752665365896,295.6983337402344,295.6983337402344,42000,0.0,0.0
2023-12-05 00:00:00+08:00,295.6983460560803,295.6983460560803,294.2675476074219,294.2675476074219,53000,0.0,0.0
2023-12-06 00:00:00+08:00,295.22140094387913,297.12913212930005,294.74446814752395,295.6983337402344,9000,0.0,0.0
2023-12-07 00:00:00+08:00,295.69832559567175,297.1291239453282,295.69832559567175,296.6521911621094,8000,0.0,0.0
2023-12-08 00:00:00+08:00,296.1752624511719,297.12912803072476,295.69832966139546,296.1752624511719,51000,0.0,0.0
2023-12-11 00:00:00+08:00,295.6983194722758,295.6983194722758,293.79058837890625,293.79058837890625,86000,0.0,0.0
2023-12-12 00:00:00+08:00,293.7906147912024,295.6983460560803,292.83674915876344,294.2675476074219,21000,0.0,0.0
2023-12-13 00:00:00+08:00,294.7444763183594,295.221409127936,294.7444763183594,294.7444763183594,14000,0.0,0.0
2023-12-14 00:00:00+08:00,294.7444804236414,295.22141323986085,294.2675476074219,294.2675476074219,20000,0.0,0.0
2023-12-15 00:00:00+08:00,294.2675476074219,294.2675476074219,292.83674915876344,294.2675476074219,62000,0.0,0.0
2023-12-18 00:00:00+08:00,294.2675476074219,295.22141323986085,294.2675476074219,294.2675476074219,13000,0.0,0.0
2023-12-19 00:00:00+08:00,294.7444580078125,294.7444580078125,292.83672688802085,293.31365966796875,23000,0.0,0.0
2023-12-20 00:00:00+08:00,293.3136738174759,295.2214050292969,293.3136738174759,295.2214050292969,8000,0.0,0.0
2023-12-21 00:00:00+08:00,294.744453925591,294.744453925591,293.79058837890625,293.79058837890625,6000,0.0,0.0
2023-12-22 00:00:00+08:00,293.7906147912024,294.2675476074219,293.3136819749829,294.2675476074219,8000,0.0,0.0
2023-12-25 00:00:00+08:00,295.6983460560803,295.6983460560803,293.7906147912024,294.2675476074219,27000,0.0,0.0
2023-12-26 00:00:00+08:00,294.7444763183594,294.7444763183594,293.7906106992061,294.7444763183594,19000,0.0,0.0
2023-12-27 00:00:00+08:00,294.744453925591,294.744453925591,293.31365560556384,293.79058837890625,23000,0.0,0.0
2023-12-28 00:00:00+08:00,293.79058837890625,293.79058837890625,292.8367228322215,293.79058837890625,24000,0.0,0.0
2023-12-29 00:00:00+08:00,293.7906147912024,294.2675476074219,293.7906147912024,294.2675476074219,12000,0.0,0.0
2024-01-02 00:00:00+08:00,293.79058837890625,294.744453925591,293.31365560556384,293.79058837890625,10000,0.0,0.0
2024-01-03 00:00:00+08:00,293.79058837890625,293.79058837890625,293.31365560556384,293.79058837890625,12000,0.0,0.0
2024-01-04 00:00:00+08:00,293.31365966796875,293.79059244791665,293.31365966796875,293.31365966796875,17000,0.0,0.0
2024-01-05 00:00:00+08:00,294.7444763183594,294.7444763183594,293.7906106992061,294.7444763183594,11000,0.0,0.0
2024-01-08 00:00:00+08:00,293.31365560556384,293.79058837890625,292.8367228322215,293.79058837890625,10000,0.0,0.0
2024-01-09 00:00:00+08:00,294.26752931675617,294.26752931675617,292.83673095703125,292.83673095703125,33000,0.0,0.0
2024-01-10 00:00:00+08:00,290.92899991196265,290.92899991196265,284.25194089758975,285.6827392578125,264000,0.0,0.0
2024-01-11 00:00:00+08:00,285.6827311333325,288.5443277723976,285.6827311333325,286.6365966796875,39000,0.0,0.0
2024-01-12 00:00:00+08:00,286.1596720445534,286.1596720445534,284.72887368433067,285.6827392578125,52000,0.0,0.0
2024-01-15 00:00:00+08:00,286.1596720445534,287.11353761803525,285.2058064710716,285.6827392578125,30236,0.0,0.0
2024-01-16 00:00:00+08:00,286.1596802371231,286.1596802371231,283.77501623514706,284.7288818359375,49000,0.0,0.0
2024-01-17 00:00:00+08:00,284.72888406387614,284.72888406387614,279.00569041435097,280.9134216308594,170000,0.0,0.0
2024-01-18 00:00:00+08:00,280.4364929199219,285.6827538418932,277.574896053392,280.4364929199219,93000,0.0,0.0
2024-01-19 00:00:00+08:00,279.0056844354698,279.9595500232834,276.6210204659359,278.05181884765625,138000,0.0,0.0
2024-01-22 00:00:00+08:00,278.05182886448034,280.4364929199219,278.05182886448034,280.4364929199219,37000,0.0,0.0
2024-01-23 00:00:00+08:00,283.7750143277443,283.7750143277443,279.4826191530389,281.3903503417969,37000,0.0,0.0
2024-01-24 00:00:00+08:00,281.86728503356625,284.7288818359375,281.86728503356625,284.7288818359375,25000,0.0,0.0
2024-01-25 00:00:00+08:00,285.2058064710716,286.1596720445534,284.72887368433067,285.6827392578125,24000,0.0,0.0
2024-01-26 00:00:00+08:00,286.15966796875,287.1135335286458,286.15966796875,286.15966796875,35000,0.0,0.0
2024-01-29 00:00:00+08:00,286.1596761339883,286.1596761339883,284.72887775331833,285.205810546875,17000,0.0,0.0
2024-01-30 00:00:00+08:00,284.7288859322567,285.2058187395134,284.251953125,284.251953125,22000,0.0,0.0
2024-01-31 00:00:00+08:00,284.25195722820376,284.25195722820376,283.29809159992124,283.7750244140625,26000,0.0,0.0
2024-02-01 00:00:00+08:00,283.29809159992124,284.25195722820376,283.29809159992124,283.7750244140625,26000,0.0,0.0
2024-02-02 00:00:00+08:00,283.2980651855469,284.7288634945648,282.34419964620156,283.2980651855469,22000,0.0,0.0
2024-02-05 00:00:00+08:00,283.2980651855469,283.2980651855469,282.34419964620156,283.2980651855469,26000,0.0,0.0
2024-02-15 00:00:00+08:00,285.2058003571946,285.6827331337117,281.86727092157525,282.8211364746094,91000,0.0,0.0
2024-02-16 00:00:00+08:00,282.3442077636719,283.7750061138256,282.3442077636719,282.3442077636719,59000,0.0,0.0
2024-02-19 00:00:00+08:00,282.3442077636719,282.8211405470565,280.43647663013354,282.3442077636719,84000,0.0,0.0
2024-02-20 00:00:00+08:00,283.29809159992124,285.6827556706276,281.8672931574974,283.7750244140625,63000,0.0,0.0
2024-02-21 00:00:00+08:00,284.72887368433067,285.6827392578125,284.25194089758975,285.6827392578125,20000,0.0,0.0
2024-02-22 00:00:00+08:00,286.1596843540268,287.11354996854027,283.77502031774327,284.251953125,46000,0.0,0.0
2024-02-23 00:00:00+08:00,284.251953125,284.7288859322567,282.82115470322987,284.251953125,26000,0.0,0.0
2024-02-26 00:00:00+08:00,284.251953125,285.2058187395134,282.82115470322987,284.251953125,50000,0.0,0.0
2024-02-27 00:00:00+08:00,285.2058146363327,285.2058146363327,283.77501623514706,284.7288818359375,49000,0.0,0.0
2024-02-29 00:00:00+08:00,284.7288859322567,285.68275154677013,283.29808751048654,284.251953125,66000,0.0,0.0
2024-03-01 00:00:00+08:00,284.2519490355423,286.1596802371231,283.77501623514706,284.7288818359375,18000,0.0,0.0
2024-03-04 00:00:00+08:00,285.20581833859706,291.40594482421875,285.20581833859706,291.40594482421875,77000,0.0,0.0
2024-03-05 00:00:00+08:00,291.8828794608996,294.7444763183594,291.8828794608996,294.7444763183594,53000,0.0,0.0
2024-03-06 00:00:00+08:00,293.7905965301812,294.26752931675617,292.83673095703125,292.83673095703125,29000,0.0,0.0
2024-03-07 00:00:00+08:00,292.8367473664831,292.8367473664831,290.45208329998076,290.92901611328125,28000,0.0,0.0
2024-03-08 00:00:00+08:00,290.9289978127896,292.8367289459882,289.4981994628906,289.4981994628906,92000,0.0,0.0
2024-03-11 00:00:00+08:00,289.97513224619024,289.97513224619024,288.5443338962913,289.4981994628906,26000,0.0,0.0
2024-03-12 00:00:00+08:00,290.4520670241564,294.26752931675617,290.4520670241564,292.83673095703125,28000,0.0,0.0
2024-03-13 00:00:00+08:00,291.40594482421875,291.882877630805,289.9751464044599,291.40594482421875,33000,0.0,0.0
2024-03-14 00:00:00+08:00,294.74447222634166,298.5599346499836,294.2675394233864,295.2214050292969,86000,0.0,0.0
2024-03-15 00:00:00+08:00,295.2213866989334,295.2213866989334,292.3597900588791,293.79058837890625,28000,0.0,0.0
2024-03-18 00:00:00+08:00,293.79058837890625,293.79058837890625,293.79058837890625,293.79058837890625,0,0.0,0.0
2024-03-19 00:00:00+08:00,294.2675394233864,295.2214050292969,293.79060662043116,295.2214050292969,32000,0.0,0.0
2024-03-20 00:00:00+08:00,295.2214050292969,295.2214050292969,295.2214050292969,295.2214050292969,0,0.0,0.0
2024-03-21 00:00:00+08:00,295.69832966139546,297.12912803072476,295.221396871619,296.1752624511719,36000,0.0,0.0
2024-03-22 00:00:00+08:00,295.69832966139546,296.1752624511719,295.221396871619,296.1752624511719,24000,0.0,0.0
2024-03-25 00:00:00+08:00,296.1752624511719,296.1752624511719,296.1752624511719,296.1752624511719,0,0.0,0.0
2024-03-26 00:00:00+08:00,294.26754350878275,294.7444763183594,293.3136778896295,294.7444763183594,24000,0.0,0.0
2024-03-27 00:00:00+08:00,294.7444804236414,295.22141323986085,293.7906147912024,294.2675476074219,24000,0.0,0.0
2024-03-28 00:00:00+08:00,292.83672688802085,294.26752522786455,292.83672688802085,293.31365966796875,23000,0.0,0.0
2024-03-29 00:00:00+08:00,294.7444763183594,295.6983419375127,292.8367450800529,294.7444763183594,25000,0.0,0.0
2024-04-01 00:00:00+08:00,294.2675211522486,294.2675211522486,292.8367228322215,293.79058837890625,22000,0.0,0.0
2024-04-02 00:00:00+08:00,293.79059244791665,294.7444580078125,293.31365966796875,293.31365966796875,24000,0.0,0.0
2024-04-03 00:00:00+08:00,294.74446814752395,295.6983337402344,293.3136697584583,295.6983337402344,8000,0.0,0.0
2024-04-08 00:00:00+08:00,295.69832559567175,297.60605672854706,295.69832559567175,296.6521911621094,31000,0.0,0.0
2024-04-09 00:00:00+08:00,298.5599182030937,298.5599182030937,296.6521870963646,297.1291198730469,24000,0.0,0.0
2024-04-10 00:00:00+08:00,295.6983337402344,296.6521993329448,295.6983337402344,295.6983337402344,22000,0.0,0.0
2024-04-11 00:00:00+08:00,295.6983419375127,296.6522075566659,294.7444763183594,294.7444763183594,13000,0.0,0.0
2024-04-12 00:00:00+08:00,295.6983337402344,296.6521993329448,295.22140094387913,295.6983337402344,22000,0.0,0.0
2024-04-15 00:00:00+08:00,294.26754350878275,294.7444763183594,294.26754350878275,294.7444763183594,21000,0.0,0.0
2024-04-16 00:00:00+08:00,292.8367391349443,293.3136719348384,290.92900793536813,291.88287353515625,70000,0.0,0.0
2024-04-17 00:00:00+08:00,291.88288352632446,294.7444804236414,291.88288352632446,294.2675476074219,30000,0.0,0.0
2024-04-18 00:00:00+08:00,294.2675312920661,296.1752624511719,293.79059850228964,296.1752624511719,23000,0.0,0.0
2024-04-19 00:00:00+08:00,295.6983194722758,295.6983194722758,290.4520589655096,293.79058837890625,60000,0.0,0.0
2024-04-22 00:00:00+08:00,291.8828694528701,294.2675334189883,291.8828694528701,292.35980224609375,37000,0.0,0.0
2024-04-23 00:00:00+08:00,292.35980224609375,292.8367350393174,292.35980224609375,292.35980224609375,22000,0.0,0.0
2024-04-24 00:00:00+08:00,292.83673095703125,293.7905965301812,292.83673095703125,292.83673095703125,41000,0.0,0.0
2024-04-25 00:00:00+08:00,292.83673095703125,293.31366374360624,292.83673095703125,292.83673095703125,32000,0.0,0.0
2024-04-26 00:00:00+08:00,292.83672688802085,294.7444580078125,292.83672688802085,293.31365966796875,51000,0.0,0.0
2024-04-29 00:00:00+08:00,293.3136778896295,295.6983419375127,293.3136778896295,294.7444763183594,34000,0.0,0.0
2024-04-30 00:00:00+08:00,294.744453925591,294.744453925591,293.31365560556384,293.79058837890625,15000,0.0,0.0
2024-05-02 00:00:00+08:00,294.7444804236414,294.7444804236414,294.2675476074219,294.2675476074219,9000,0.0,0.0
2024-05-03 00:00:00+08:00,294.7444640818426,296.65219524094834,294.2675312920661,296.1752624511719,25000,0.0,0.0
2024-05-06 00:00:00+08:00,300.46764520498425,300.46764520498425,296.6521830436511,297.6060485839844,38000,0.0,0.0
2024-05-07 00:00:00+08:00,296.6521870963646,297.6060526497291,296.1752543196824,297.1291198730469,25000,0.0,0.0
2024-05-08 00:00:00+08:00,297.1291259377484,299.99072265625,295.69832757849764,299.99072265625,39000,0.0,0.0
2024-05-09 00:00:00+08:00,299.99072673821905,299.99072673821905,299.03686115240595,299.5137939453125,15000,0.0,0.0
2024-05-10 00:00:00+08:00,299.5137939453125,299.99072673821905,298.5599283594994,299.5137939453125,41000,0.0,0.0
2024-05-13 00:00:00+08:00,299.5137817576268,301.4215128516244,298.559916210628,300.944580078125,57000,0.0,0.0
2024-05-14 00:00:00+08:00,300.9445882290839,300.9445882290839,298.0829915105823,299.99072265625,27000,0.0,0.0
2024-05-15 00:00:00+08:00,300.46765544266697,300.46765544266697,298.0829915105823,299.99072265625,16000,0.0,0.0
2024-05-16 00:00:00+08:00,299.9907308332087,300.4676636326256,298.0829996355412,299.036865234375,29000,0.0,0.0
2024-05-17 00:00:00+08:00,299.03686932938547,299.51380213533344,298.08300371748953,298.5599365234375,27000,0.0,0.0
2024-05-20 00:00:00+08:00,298.559940625,299.99073906250004,298.0830078125,298.0830078125,34000,0.0,0.0
2024-05-21 00:00:00+08:00,298.0829854264114,299.0368509797759,297.1291198730469,297.1291198730469,28000,0.0,0.0
2024-05-22 00:00:00+08:00,297.1291198730469,298.0829854264114,297.1291198730469,297.1291198730469,24000,0.0,0.0
2024-05-23 00:00:00+08:00,297.12912803072476,297.12912803072476,295.69832966139546,296.1752624511719,31000,0.0,0.0
2024-05-24 00:00:00+08:00,292.8367228322215,295.6983194722758,292.8367228322215,293.79058837890625,49000,0.0,0.0
2024-05-27 00:00:00+08:00,294.26754350878275,297.12914036624255,294.26754350878275,294.7444763183594,32000,0.0,0.0
2024-05-28 00:00:00+08:00,294.74447222634166,299.51380025589407,294.2675394233864,295.2214050292969,50000,0.0,0.0
2024-05-29 00:00:00+08:00,295.22141323986085,295.22141323986085,294.2675476074219,294.2675476074219,30000,0.0,0.0
2024-05-30 00:00:00+08:00,293.79059244791665,293.79059244791665,292.3597941080729,293.31365966796875,42000,0.0,0.0
2024-05-31 00:00:00+08:00,292.8367350393174,294.2675334189883,291.8828694528701,292.35980224609375,108000,0.0,0.0
2024-06-03 00:00:00+08:00,293.3136819749829,294.7444804236414,293.3136819749829,294.2675476074219,12000,0.0,0.0
2024-06-04 00:00:00+08:00,294.26752522786455,294.26752522786455,292.3597941080729,293.31365966796875,32000,0.0,0.0
2024-06-05 00:00:00+08:00,295.2213866989334,295.2213866989334,293.79058837890625,293.79058837890625,11000,0.0,0.0
2024-06-06 00:00:00+08:00,293.31365966796875,293.79059244791665,293.31365966796875,293.31365966796875,19000,0.0,0.0
2024-06-07 00:00:00+08:00,296.65220343816264,296.65220343816264,294.74447222634166,295.2214050292969,29000,0.0,0.0
2024-06-11 00:00:00+08:00,295.221409127936,295.221409127936,294.26754350878275,294.7444763183594,21000,0.0,0.0
2024-06-12 00:00:00+08:00,294.74446814752395,297.12913212930005,294.2675353511687,295.6983337402344,37000,0.0,0.0
2024-06-13 00:00:00+08:00,296.1752624511719,296.65219524094834,294.7444640818426,296.1752624511719,51000,0.0,0.0
2024-06-14 00:00:00+08:00,296.17525837889053,296.6521911621094,295.2213928124529,296.6521911621094,24000,0.0,0.0
2024-06-17 00:00:00+08:00,295.22140094387913,296.6521993329448,295.22140094387913,295.6983337402344,20000,0.0,0.0
2024-06-18 00:00:00+08:00,296.65220937500004,298.0830078125,295.69834375,298.0830078125,39000,0.0,0.0
2024-06-19 00:00:00+08:00,299.0368734375,299.99073906250004,298.0830078125,298.0830078125,65000,0.0,0.0
2024-06-20 00:00:00+08:00,298.08299556659284,299.99072673821905,298.08299556659284,299.5137939453125,21000,0.0,0.0
2024-06-21 00:00:00+08:00,299.03686115240595,299.5137939453125,297.12912998077974,299.5137939453125,26000,0.0,0.0
2024-06-24 00:00:00+08:00,299.0368468944843,299.0368468944843,297.6060485839844,297.6060485839844,24000,0.0,0.0
2024-06-25 00:00:00+08:00,298.0829996355412,299.51379803379183,298.0829996355412,299.036865234375,10000,0.0,0.0
2024-06-26 00:00:00+08:00,299.99072673821905,299.99072673821905,299.03686115240595,299.5137939453125,29000,0.0,0.0
2024-06-27 00:00:00+08:00,299.5137939453125,299.99072673821905,299.03686115240595,299.5137939453125,53000,0.0,0.0
2024-06-28 00:00:00+08:00,299.51380213533344,299.99073494128146,298.5599365234375,298.5599365234375,43000,0.0,0.0
2024-07-01 00:00:00+08:00,298.559940625,299.0368734375,297.1291421875,298.0830078125,57000,0.0,0.0
2024-07-02 00:00:00+08:00,298.08298951176585,298.08298951176585,296.6521911621094,296.6521911621094,114000,0.0,0.0
2024-07-03 00:00:00+08:00,297.6060627736863,299.99072673821905,296.6521971878732,299.5137939453125,169000,0.0,0.0
2024-07-04 00:00:00+08:00,299.5,301.5,299.0,300.0,314000,14.486197,0.0
2024-07-05 00:00:00+08:00,300.0,301.0,299.0,299.5,141000,0.0,0.0
2024-07-08 00:00:00+08:00,299.5,301.5,297.5,298.5,163000,0.0,0.0
2024-07-09 00:00:00+08:00,298.5,300.0,295.5,300.0,149000,0.0,0.0
2024-07-10 00:00:00+08:00,300.0,300.0,297.5,298.0,33000,0.0,0.0
2024-07-11 00:00:00+08:00,298.5,298.5,297.5,298.0,98000,0.0,0.0
2024-07-12 00:00:00+08:00,298.5,298.5,296.0,297.5,100000,0.0,0.0
2024-07-15 00:00:00+08:00,297.5,297.5,294.5,296.0,130000,0.0,0.0
2024-07-16 00:00:00+08:00,296.5,298.0,295.0,295.0,47000,0.0,0.0
2024-07-17 00:00:00+08:00,295.5,295.5,294.5,294.5,61000,0.0,0.0
2024-07-18 00:00:00+08:00,294.5,296.0,293.0,296.0,88000,0.0,0.0
2024-07-19 00:00:00+08:00,295.0,295.5,294.0,295.0,72000,0.0,0.0
2024-07-22 00:00:00+08:00,294.5,294.5,292.0,293.0,128000,0.0,0.0
2024-07-23 00:00:00+08:00,292.5,293.0,292.0,293.0,69000,0.0,0.0
2024-07-26 00:00:00+08:00,291.5,295.0,291.5,293.0,151000,0.0,0.0
2024-07-29 00:00:00+08:00,293.0,296.0,293.0,295.0,70000,0.0,0.0
2024-07-30 00:00:00+08:00,295.0,295.0,291.5,293.5,117000,0.0,0.0
2024-07-31 00:00:00+08:00,294.0,294.0,292.5,292.5,45000,0.0,0.0
2024-08-01 00:00:00+08:00,293.0,295.0,293.0,294.5,75000,0.0,0.0
2024-08-02 00:00:00+08:00,294.0,294.0,290.5,291.0,150000,0.0,0.0
2024-08-05 00:00:00+08:00,290.0,290.0,280.5,282.0,369000,0.0,0.0
2024-08-06 00:00:00+08:00,284.0,286.0,280.5,283.0,137000,0.0,0.0
2024-08-07 00:00:00+08:00,287.0,289.0,286.5,287.0,83000,0.0,0.0
2024-08-08 00:00:00+08:00,287.5,289.0,287.0,289.0,79000,0.0,0.0
2024-08-09 00:00:00+08:00,290.0,292.5,290.0,292.5,63000,0.0,0.0
2024-08-12 00:00:00+08:00,292.5,295.5,292.5,295.5,99000,0.0,0.0
2024-08-13 00:00:00+08:00,294.5,295.0,293.0,294.0,50000,0.0,0.0
2024-08-14 00:00:00+08:00,293.0,294.5,292.5,294.5,53000,0.0,0.0
2024-08-15 00:00:00+08:00,294.5,294.5,291.5,292.5,48000,0.0,0.0
2024-08-16 00:00:00+08:00,293.5,294.5,292.5,294.5,68000,0.0,0.0
2024-08-19 00:00:00+08:00,294.5,295.0,293.0,295.0,31000,0.0,0.0
2024-08-20 00:00:00+08:00,293.5,296.0,293.5,295.0,71000,0.0,0.0
2024-08-21 00:00:00+08:00,295.0,296.0,291.0,294.5,68000,0.0,0.0
2024-08-22 00:00:00+08:00,294.5,294.5,293.0,293.0,21000,0.0,0.0
2024-08-23 00:00:00+08:00,292.5,292.5,290.5,292.5,51000,0.0,0.0
2024-08-26 00:00:00+08:00,293.0,293.5,292.0,292.0,25000,0.0,0.0
2024-08-27 00:00:00+08:00,292.0,293.5,291.5,293.5,35000,0.0,0.0
2024-08-28 00:00:00+08:00,293.0,294.0,293.0,294.0,25000,0.0,0.0
2024-08-29 00:00:00+08:00,294.0,294.0,293.0,293.5,12000,0.0,0.0
2024-08-30 00:00:00+08:00,293.0,296.5,291.0,296.5,148000,0.0,0.0
2024-09-02 00:00:00+08:00,296.5,297.0,293.5,295.0,86000,0.0,0.0
2024-09-03 00:00:00+08:00,296.5,296.5,293.0,294.0,44000,0.0,0.0
2024-09-04 00:00:00+08:00,293.0,293.0,290.5,293.0,107000,0.0,0.0
2024-09-05 00:00:00+08:00,292.0,292.5,288.0,289.0,93000,0.0,0.0
2024-09-06 00:00:00+08:00,289.0,290.0,287.0,288.0,80000,0.0,0.0
2024-09-09 00:00:00+08:00,288.0,289.5,287.0,289.5,32000,0.0,0.0
2024-09-10 00:00:00+08:00,289.0,290.0,287.0,289.0,57000,0.0,0.0
2024-09-11 00:00:00+08:00,289.0,291.5,287.0,288.5,90000,0.0,0.0
2024-09-12 00:00:00+08:00,290.5,290.5,288.0,290.0,45000,0.0,0.0
2024-09-13 00:00:00+08:00,290.0,290.0,288.0,290.0,32000,0.0,0.0
2024-09-16 00:00:00+08:00,288.5,289.5,288.5,289.5,31000,0.0,0.0
2024-09-18 00:00:00+08:00,289.5,290.0,287.5,287.5,88000,0.0,0.0
2024-09-19 00:00:00+08:00,289.0,289.0,286.0,286.0,90000,0.0,0.0
2024-09-20 00:00:00+08:00,287.0,288.5,286.0,287.5,85000,0.0,0.0
2024-09-23 00:00:00+08:00,287.0,289.0,287.0,288.5,32000,0.0,0.0
2024-09-24 00:00:00+08:00,288.5,288.5,287.0,288.0,36000,0.0,0.0
2024-09-25 00:00:00+08:00,288.0,289.0,287.0,289.0,59000,0.0,0.0
2024-09-26 00:00:00+08:00,289.0,289.0,287.5,288.0,47000,0.0,0.0
2024-09-27 00:00:00+08:00,288.5,289.5,287.5,287.5,63000,0.0,0.0
2024-09-30 00:00:00+08:00,287.5,287.5,284.5,285.5,99000,0.0,0.0
2024-10-01 00:00:00+08:00,285.0,286.0,284.0,286.0,108000,0.0,0.0
2024-10-04 00:00:00+08:00,288.0,288.0,285.0,285.0,35000,0.0,0.0
2024-10-07 00:00:00+08:00,285.0,286.5,284.5,284.5,57000,0.0,0.0
2024-10-08 00:00:00+08:00,286.0,286.5,285.0,286.5,46000,0.0,0.0
2024-10-09 00:00:00+08:00,287.0,287.5,284.5,285.5,98000,0.0,0.0
2024-10-11 00:00:00+08:00,285.5,287.0,285.5,285.5,95000,0.0,0.0
2024-10-14 00:00:00+08:00,286.5,286.5,284.0,284.5,106000,0.0,0.0
2024-10-15 00:00:00+08:00,286.0,286.0,284.5,285.5,31000,0.0,0.0
2024-10-16 00:00:00+08:00,284.5,286.0,284.5,285.5,59000,0.0,0.0
2024-10-17 00:00:00+08:00,285.5,286.0,284.0,285.0,48000,0.0,0.0
2024-10-18 00:00:00+08:00,285.0,285.0,284.0,284.5,58000,0.0,0.0
2024-10-21 00:00:00+08:00,285.0,286.5,284.0,284.5,72000,0.0,0.0
2024-10-22 00:00:00+08:00,284.5,285.5,284.0,285.0,31000,0.0,0.0
2024-10-23 00:00:00+08:00,285.0,285.5,284.5,284.5,39000,0.0,0.0
2024-10-24 00:00:00+08:00,284.5,285.0,284.5,285.0,19000,0.0,0.0
2024-10-25 00:00:00+08:00,285.0,285.0,283.5,284.5,47000,0.0,0.0
2024-10-28 00:00:00+08:00,284.5,284.5,283.0,283.5,86000,0.0,0.0
2024-10-29 00:00:00+08:00,282.5,282.5,276.0,280.0,244000,0.0,0.0
2024-10-30 00:00:00+08:00,282.0,282.0,279.5,279.5,48000,0.0,0.0
2024-11-01 00:00:00+08:00,279.5,282.5,279.5,282.5,40000,0.0,0.0
2024-11-04 00:00:00+08:00,282.0,283.0,280.5,283.0,29000,0.0,0.0
2024-11-05 00:00:00+08:00,281.0,284.0,281.0,284.0,36000,0.0,0.0
2024-11-06 00:00:00+08:00,283.0,284.0,282.5,282.5,37000,0.0,0.0
2024-11-07 00:00:00+08:00,283.5,284.0,283.0,284.0,61000,0.0,0.0
2024-11-08 00:00:00+08:00,285.0,286.0,284.0,285.5,119000,0.0,0.0
2024-11-11 00:00:00+08:00,282.0,285.5,281.5,282.5,98000,0.0,0.0
2024-11-12 00:00:00+08:00,282.5,283.0,280.0,280.0,99000,0.0,0.0
2024-11-13 00:00:00+08:00,280.5,280.5,278.5,278.5,106000,0.0,0.0
2024-11-14 00:00:00+08:00,281.0,281.0,275.0,277.0,156000,0.0,0.0
2024-11-15 00:00:00+08:00,277.0,278.0,276.0,277.0,75000,0.0,0.0
2024-11-18 00:00:00+08:00,277.0,277.0,274.0,275.0,102000,0.0,0.0
2024-11-19 00:00:00+08:00,274.0,275.5,274.0,275.5,58000,0.0,0.0
2024-11-20 00:00:00+08:00,276.0,276.0,274.0,275.0,80401,0.0,0.0
2024-11-21 00:00:00+08:00,275.0,275.0,274.0,274.0,42000,0.0,0.0
2024-11-22 00:00:00+08:00,275.0,278.5,275.0,277.0,95000,0.0,0.0
2024-11-25 00:00:00+08:00,277.5,281.5,277.5,281.5,76000,0.0,0.0
2024-11-26 00:00:00+08:00,278.5,281.0,278.5,279.5,26000,0.0,0.0
2024-11-27 00:00:00+08:00,280.0,280.0,277.5,278.0,51000,0.0,0.0
2024-11-28 00:00:00+08:00,277.5,277.5,275.5,277.5,60000,0.0,0.0
2024-11-29 00:00:00+08:00,277.0,279.5,275.5,279.5,51000,0.0,0.0
2024-12-02 00:00:00+08:00,280.0,280.0,277.0,279.5,56000,0.0,0.0
2024-12-03 00:00:00+08:00,279.5,280.5,278.0,279.0,78000,0.0,0.0
2024-12-04 00:00:00+08:00,280.0,282.5,279.0,281.5,51000,0.0,0.0
2024-12-05 00:00:00+08:00,281.5,281.5,280.0,281.0,30000,0.0,0.0
2024-12-06 00:00:00+08:00,279.5,282.0,279.5,282.0,53000,0.0,0.0
2024-12-09 00:00:00+08:00,281.0,285.0,281.0,285.0,69000,0.0,0.0
2024-12-10 00:00:00+08:00,285.0,285.5,284.0,285.0,57000,0.0,0.0
2024-12-11 00:00:00+08:00,285.5,285.5,284.0,285.0,43000,0.0,0.0
2024-12-12 00:00:00+08:00,286.0,286.0,284.0,284.0,31000,0.0,0.0
2024-12-13 00:00:00+08:00,286.0,286.0,284.0,284.5,23000,0.0,0.0
2024-12-16 00:00:00+08:00,284.0,284.0,282.5,283.0,78000,0.0,0.0
2024-12-17 00:00:00+08:00,282.0,282.5,280.0,281.5,33000,0.0,0.0
2024-12-18 00:00:00+08:00,281.0,283.0,281.0,282.5,15000,0.0,0.0
2024-12-19 00:00:00+08:00,284.0,284.0,281.5,283.5,25000,0.0,0.0
2024-12-20 00:00:00+08:00,283.5,284.0,282.5,283.5,14000,0.0,0.0
2024-12-23 00:00:00+08:00,284.0,284.0,282.5,284.0,37000,0.0,0.0
2024-12-24 00:00:00+08:00,283.5,285.0,283.5,284.0,15000,0.0,0.0
2024-12-25 00:00:00+08:00,285.0,285.5,284.0,285.0,40000,0.0,0.0
2024-12-26 00:00:00+08:00,283.0,285.5,283.0,285.5,17000,0.0,0.0
2024-12-27 00:00:00+08:00,285.5,286.0,283.0,284.5,34000,0.0,0.0
2024-12-30 00:00:00+08:00,283.5,285.0,283.5,284.5,14000,0.0,0.0
2024-12-31 00:00:00+08:00,284.5,286.0,283.5,286.0,38000,0.0,0.0
2025-01-02 00:00:00+08:00,286.5,287.5,286.0,286.0,71000,0.0,0.0
2025-01-03 00:00:00+08:00,286.0,286.5,285.0,285.0,17000,0.0,0.0
2025-01-06 00:00:00+08:00,285.5,287.0,285.5,286.5,39000,0.0,0.0
2025-01-07 00:00:00+08:00,287.0,287.0,285.5,286.5,16000,0.0,0.0
2025-01-08 00:00:00+08:00,286.0,287.0,286.0,286.0,15000,0.0,0.0
2025-01-09 00:00:00+08:00,288.0,291.0,287.0,289.0,129000,0.0,0.0
2025-01-10 00:00:00+08:00,289.5,289.5,285.0,288.0,43000,0.0,0.0
2025-01-13 00:00:00+08:00,286.5,287.0,283.0,283.0,54000,0.0,0.0
2025-01-14 00:00:00+08:00,284.0,285.5,284.0,284.5,25000,0.0,0.0
2025-01-15 00:00:00+08:00,284.5,285.0,284.0,284.0,19000,0.0,0.0
2025-01-16 00:00:00+08:00,285.5,285.5,284.0,285.0,23000,0.0,0.0
2025-01-17 00:00:00+08:00,284.0,287.5,284.0,286.0,29000,0.0,0.0
2025-01-20 00:00:00+08:00,285.5,288.0,285.0,286.5,33000,0.0,0.0
2025-01-21 00:00:00+08:00,287.0,288.5,286.5,287.0,27000,0.0,0.0
2025-01-22 00:00:00+08:00,287.5,288.0,286.5,287.5,31000,0.0,0.0
2025-02-03 00:00:00+08:00,285.5,288.0,285.0,288.0,73055,0.0,0.0
2025-02-04 00:00:00+08:00,288.0,289.0,287.5,287.5,30160,0.0,0.0
2025-02-05 00:00:00+08:00,287.0,288.0,287.0,287.0,28080,0.0,0.0
2025-02-06 00:00:00+08:00,287.5,288.5,287.0,288.0,36115,0.0,0.0
2025-02-07 00:00:00+08:00,290.0,290.5,288.0,289.0,22001,0.0,0.0
