Date,Open,High,Low,Close,Volume,Dividends,Stock Splits
2000-05-05 00:00:00-04:00,213.75,213.75,213.75,213.75,0,0.0,0.0
2000-05-08 00:00:00-04:00,213.75,213.75,213.75,213.75,0,0.0,0.0
2000-05-09 00:00:00-04:00,213.75,213.75,213.75,213.75,0,0.0,0.0
2000-05-10 00:00:00-04:00,213.75,213.75,213.75,213.75,0,0.0,0.0
2000-05-11 00:00:00-04:00,213.75,213.75,213.75,213.75,0,0.0,0.0
2000-05-12 00:00:00-04:00,185.625,213.75,185.625,213.75,4,0.0,0.0
2000-05-15 00:00:00-04:00,213.75,213.75,213.75,213.75,0,0.0,0.0
2000-05-16 00:00:00-04:00,213.75,213.75,213.75,213.75,0,0.0,0.0
2000-05-17 00:00:00-04:00,213.75,213.75,213.75,213.75,0,0.0,0.0
2000-05-18 00:00:00-04:00,185.625,213.75,185.625,196.875,20,0.0,0.0
2000-05-19 00:00:00-04:00,196.875,196.875,196.875,196.875,0,0.0,0.0
2000-05-22 00:00:00-04:00,196.875,196.875,196.875,196.875,0,0.0,0.0
2000-05-23 00:00:00-04:00,196.875,196.875,196.875,196.875,0,0.0,0.0
2000-05-24 00:00:00-04:00,180.0,196.875,180.0,180.0,46,0.0,0.0
2000-05-25 00:00:00-04:00,174.375,174.375,174.375,174.375,5,0.0,0.0
2000-05-26 00:00:00-04:00,174.375,174.375,174.375,174.375,0,0.0,0.0
2000-05-30 00:00:00-04:00,174.375,174.375,174.375,174.375,0,0.0,0.0
2000-05-31 00:00:00-04:00,196.875,253.125,168.75,253.125,145,0.0,0.0
2000-06-01 00:00:00-04:00,253.125,253.125,230.625,253.125,78,0.0,0.0
2000-06-02 00:00:00-04:00,253.125,450.0,241.875,450.0,55,0.0,0.0
2000-06-05 00:00:00-04:00,405.0,405.0,275.625,360.0,37,0.0,0.0
2000-06-06 00:00:00-04:00,343.125,343.125,270.0,270.0,9,0.0,0.0
2000-06-07 00:00:00-04:00,270.0,270.0,270.0,270.0,0,0.0,0.0
2000-06-08 00:00:00-04:00,286.875,315.0,270.0,270.0,34,0.0,0.0
2000-06-09 00:00:00-04:00,315.0,315.0,315.0,315.0,2,0.0,0.0
2000-06-12 00:00:00-04:00,315.0,360.0,303.75,320.625,106,0.0,0.0
2000-06-13 00:00:00-04:00,337.5,376.875,298.125,376.875,80,0.0,0.0
2000-06-14 00:00:00-04:00,376.875,382.5,360.0,360.0,44,0.0,0.0
2000-06-15 00:00:00-04:00,343.125,343.125,292.5,326.25,78,0.0,0.0
2000-06-16 00:00:00-04:00,331.875,360.0,315.0,343.125,66,0.0,0.0
2000-06-19 00:00:00-04:00,315.0,376.875,315.0,376.875,10,0.0,0.0
2000-06-20 00:00:00-04:00,393.75,393.75,303.75,348.75,98,0.0,0.0
2000-06-21 00:00:00-04:00,315.0,360.0,315.0,360.0,16,0.0,0.0
2000-06-22 00:00:00-04:00,360.0,360.0,315.0,315.0,7,0.0,0.0
2000-06-23 00:00:00-04:00,360.0,360.0,315.0,315.0,5,0.0,0.0
2000-06-26 00:00:00-04:00,337.5,337.5,315.0,337.5,98,0.0,0.0
2000-06-27 00:00:00-04:00,360.0,360.0,360.0,360.0,6,0.0,0.0
2000-06-28 00:00:00-04:00,360.0,360.0,360.0,360.0,22,0.0,0.0
2000-06-29 00:00:00-04:00,292.5,360.0,286.875,360.0,75,0.0,0.0
2000-06-30 00:00:00-04:00,360.0,360.0,303.75,303.75,4,0.0,0.0
2000-07-03 00:00:00-04:00,326.25,326.25,326.25,326.25,1,0.0,0.0
2000-07-05 00:00:00-04:00,360.0,360.0,303.75,320.625,74,0.0,0.0
2000-07-06 00:00:00-04:00,360.0,365.625,343.125,365.625,53,0.0,0.0
2000-07-07 00:00:00-04:00,337.5,371.25,337.5,365.625,26,0.0,0.0
2000-07-10 00:00:00-04:00,371.25,371.25,354.375,371.25,9,0.0,0.0
2000-07-11 00:00:00-04:00,365.625,365.625,360.0,360.0,13,0.0,0.0
2000-07-12 00:00:00-04:00,326.25,326.25,326.25,326.25,3,0.0,0.0
2000-07-13 00:00:00-04:00,354.375,365.625,354.375,360.0,8,0.0,0.0
2000-07-14 00:00:00-04:00,360.0,360.0,331.875,331.875,11,0.0,0.0
2000-07-17 00:00:00-04:00,365.625,365.625,348.75,348.75,4,0.0,0.0
2000-07-18 00:00:00-04:00,343.125,343.125,343.125,343.125,10,0.0,0.0
2000-07-19 00:00:00-04:00,343.125,343.125,343.125,343.125,0,0.0,0.0
2000-07-20 00:00:00-04:00,343.125,365.625,337.5,365.625,16,0.0,0.0
2000-07-21 00:00:00-04:00,326.25,360.0,326.25,360.0,31,0.0,0.0
2000-07-24 00:00:00-04:00,303.75,303.75,303.75,303.75,4,0.0,0.0
2000-07-25 00:00:00-04:00,303.75,303.75,303.75,303.75,0,0.0,0.0
2000-07-26 00:00:00-04:00,286.875,286.875,286.875,286.875,1,0.0,0.0
2000-07-27 00:00:00-04:00,303.75,326.25,303.75,303.75,535,0.0,0.0
2000-07-28 00:00:00-04:00,292.5,292.5,286.875,286.875,75,0.0,0.0
2000-07-31 00:00:00-04:00,292.5,292.5,292.5,292.5,5,0.0,0.0
2000-08-01 00:00:00-04:00,292.5,292.5,292.5,292.5,0,0.0,0.0
2000-08-02 00:00:00-04:00,337.5,337.5,337.5,337.5,0,0.0,0.0
2000-08-03 00:00:00-04:00,337.5,337.5,337.5,337.5,0,0.0,0.0
2000-08-04 00:00:00-04:00,337.5,337.5,326.25,326.25,21,0.0,0.0
2000-08-07 00:00:00-04:00,292.5,292.5,292.5,292.5,4,0.0,0.0
2000-08-08 00:00:00-04:00,303.75,303.75,303.75,303.75,4,0.0,0.0
2000-08-09 00:00:00-04:00,303.75,303.75,303.75,303.75,0,0.0,0.0
2000-08-10 00:00:00-04:00,326.25,326.25,298.125,298.125,146,0.0,0.0
2000-08-11 00:00:00-04:00,337.5,343.125,337.5,343.125,31,0.0,0.0
2000-08-14 00:00:00-04:00,326.25,326.25,292.5,309.375,89,0.0,0.0
2000-08-15 00:00:00-04:00,303.75,303.75,303.75,303.75,29,0.0,0.0
2000-08-16 00:00:00-04:00,298.125,315.0,292.5,315.0,43,0.0,0.0
2000-08-17 00:00:00-04:00,326.25,326.25,292.5,303.75,13,0.0,0.0
2000-08-18 00:00:00-04:00,303.75,303.75,303.75,303.75,0,0.0,0.0
2000-08-21 00:00:00-04:00,298.125,326.25,298.125,326.25,16,0.0,0.0
2000-08-22 00:00:00-04:00,326.25,326.25,326.25,326.25,0,0.0,0.0
2000-08-23 00:00:00-04:00,315.0,326.25,292.5,292.5,29,0.0,0.0
2000-08-24 00:00:00-04:00,292.5,292.5,292.5,292.5,0,0.0,0.0
2000-08-25 00:00:00-04:00,326.25,360.0,326.25,360.0,125,0.0,0.0
2000-08-28 00:00:00-04:00,371.25,371.25,348.75,371.25,13,0.0,0.0
2000-08-29 00:00:00-04:00,326.25,365.625,326.25,326.25,42,0.0,0.0
2000-08-30 00:00:00-04:00,365.625,365.625,365.625,365.625,1,0.0,0.0
2000-08-31 00:00:00-04:00,365.625,365.625,343.125,365.625,56,0.0,0.0
2000-09-01 00:00:00-04:00,365.625,365.625,365.625,365.625,13,0.0,0.0
2000-09-05 00:00:00-04:00,348.75,365.625,348.75,365.625,4,0.0,0.0
2000-09-06 00:00:00-04:00,331.875,331.875,331.875,331.875,9,0.0,0.0
2000-09-07 00:00:00-04:00,348.75,365.625,326.25,326.25,26,0.0,0.0
2000-09-08 00:00:00-04:00,365.625,371.25,343.125,371.25,136,0.0,0.0
2000-09-11 00:00:00-04:00,365.625,371.25,337.5,371.25,46,0.0,0.0
2000-09-12 00:00:00-04:00,343.125,371.25,343.125,371.25,41,0.0,0.0
2000-09-13 00:00:00-04:00,360.0,360.0,343.125,343.125,4,0.0,0.0
2000-09-14 00:00:00-04:00,365.625,365.625,315.0,331.875,30,0.0,0.0
2000-09-15 00:00:00-04:00,371.25,371.25,303.75,360.0,54,0.0,0.0
2000-09-18 00:00:00-04:00,360.0,360.0,360.0,360.0,0,0.0,0.0
2000-09-19 00:00:00-04:00,360.0,360.0,337.5,343.125,54,0.0,0.0
2000-09-20 00:00:00-04:00,360.0,360.0,331.875,354.375,140,0.0,0.0
2000-09-21 00:00:00-04:00,354.375,354.375,343.125,343.125,23,0.0,0.0
2000-09-22 00:00:00-04:00,360.0,360.0,360.0,360.0,4,0.0,0.0
2000-09-25 00:00:00-04:00,360.0,360.0,320.625,343.125,227,0.0,0.0
2000-09-26 00:00:00-04:00,348.75,348.75,348.75,348.75,30,0.0,0.0
2000-09-27 00:00:00-04:00,348.75,348.75,337.5,337.5,21,0.0,0.0
2000-09-28 00:00:00-04:00,354.375,354.375,326.25,337.5,267,0.0,0.0
2000-09-29 00:00:00-04:00,326.25,331.875,315.0,331.875,190,0.0,0.0
2000-10-02 00:00:00-04:00,331.875,331.875,331.875,331.875,41,0.0,0.0
2000-10-03 00:00:00-04:00,331.875,331.875,315.0,320.625,62,0.0,0.0
2000-10-04 00:00:00-04:00,331.875,331.875,309.375,315.0,485,0.0,0.0
2000-10-05 00:00:00-04:00,315.0,326.25,315.0,315.0,602,0.0,0.0
2000-10-06 00:00:00-04:00,315.0,315.0,298.125,298.125,176,0.0,0.0
2000-10-09 00:00:00-04:00,298.125,298.125,298.125,298.125,0,0.0,0.0
2000-10-10 00:00:00-04:00,315.0,315.0,303.75,315.0,86,0.0,0.0
2000-10-11 00:00:00-04:00,315.0,315.0,309.375,309.375,63,0.0,0.0
2000-10-12 00:00:00-04:00,315.0,315.0,281.25,286.875,341,0.0,0.0
2000-10-13 00:00:00-04:00,286.875,286.875,286.875,286.875,0,0.0,0.0
2000-10-16 00:00:00-04:00,275.625,286.875,275.625,286.875,2,0.0,0.0
2000-10-17 00:00:00-04:00,275.625,281.25,275.625,275.625,189,0.0,0.0
2000-10-18 00:00:00-04:00,286.875,286.875,270.0,275.625,94,0.0,0.0
2000-10-19 00:00:00-04:00,270.0,270.0,253.125,270.0,41,0.0,0.0
2000-10-20 00:00:00-04:00,270.0,270.0,253.125,270.0,65,0.0,0.0
2000-10-23 00:00:00-04:00,236.25,264.375,236.25,264.375,12,0.0,0.0
2000-10-24 00:00:00-04:00,264.375,264.375,253.125,253.125,6,0.0,0.0
2000-10-25 00:00:00-04:00,247.5,247.5,247.5,247.5,8,0.0,0.0
2000-10-26 00:00:00-04:00,247.5,264.375,236.25,264.375,83,0.0,0.0
2000-10-27 00:00:00-04:00,264.375,264.375,241.875,241.875,4,0.0,0.0
2000-10-30 00:00:00-05:00,236.25,236.25,236.25,236.25,11,0.0,0.0
2000-10-31 00:00:00-05:00,236.25,258.75,236.25,236.25,7,0.0,0.0
2000-11-01 00:00:00-05:00,258.75,258.75,247.5,247.5,13,0.0,0.0
2000-11-02 00:00:00-05:00,258.75,258.75,236.25,236.25,28,0.0,0.0
2000-11-03 00:00:00-05:00,236.25,236.25,236.25,236.25,0,0.0,0.0
2000-11-06 00:00:00-05:00,270.0,270.0,225.0,270.0,47,0.0,0.0
2000-11-07 00:00:00-05:00,236.25,270.0,236.25,270.0,63,0.0,0.0
2000-11-08 00:00:00-05:00,270.0,270.0,270.0,270.0,0,0.0,0.0
2000-11-09 00:00:00-05:00,286.875,286.875,258.75,264.375,148,0.0,0.0
2000-11-10 00:00:00-05:00,275.625,275.625,264.375,264.375,5,0.0,0.0
2000-11-13 00:00:00-05:00,270.0,270.0,236.25,247.5,124,0.0,0.0
2000-11-14 00:00:00-05:00,236.25,247.5,236.25,247.5,7,0.0,0.0
2000-11-15 00:00:00-05:00,247.5,247.5,236.25,247.5,46,0.0,0.0
2000-11-16 00:00:00-05:00,236.25,241.875,236.25,241.875,6,0.0,0.0
2000-11-17 00:00:00-05:00,241.875,241.875,241.875,241.875,0,0.0,0.0
2000-11-20 00:00:00-05:00,241.875,247.5,241.875,247.5,27,0.0,0.0
2000-11-21 00:00:00-05:00,241.875,241.875,241.875,241.875,8,0.0,0.0
2000-11-22 00:00:00-05:00,241.875,241.875,241.875,241.875,1,0.0,0.0
2000-11-24 00:00:00-05:00,241.875,241.875,241.875,241.875,0,0.0,0.0
2000-11-27 00:00:00-05:00,247.5,247.5,247.5,247.5,3,0.0,0.0
2000-11-28 00:00:00-05:00,247.5,247.5,241.875,241.875,81,0.0,0.0
2000-11-29 00:00:00-05:00,241.875,241.875,241.875,241.875,4,0.0,0.0
2000-11-30 00:00:00-05:00,241.875,241.875,241.875,241.875,0,0.0,0.0
2000-12-01 00:00:00-05:00,241.875,241.875,241.875,241.875,0,0.0,0.0
2000-12-04 00:00:00-05:00,241.875,241.875,241.875,241.875,0,0.0,0.0
2000-12-05 00:00:00-05:00,247.5,247.5,236.25,236.25,52,0.0,0.0
2000-12-06 00:00:00-05:00,236.25,264.375,236.25,264.375,6,0.0,0.0
2000-12-07 00:00:00-05:00,264.375,264.375,264.375,264.375,0,0.0,0.0
2000-12-08 00:00:00-05:00,230.625,230.625,230.625,230.625,29,0.0,0.0
2000-12-11 00:00:00-05:00,225.0,225.0,225.0,225.0,13,0.0,0.0
2000-12-12 00:00:00-05:00,247.5,247.5,247.5,247.5,7,0.0,0.0
2000-12-13 00:00:00-05:00,225.0,247.5,225.0,247.5,84,0.0,0.0
2000-12-14 00:00:00-05:00,213.75,213.75,213.75,213.75,3,0.0,0.0
2000-12-15 00:00:00-05:00,213.75,213.75,213.75,213.75,0,0.0,0.0
2000-12-18 00:00:00-05:00,213.75,213.75,213.75,213.75,0,0.0,0.0
2000-12-19 00:00:00-05:00,225.0,236.25,213.75,213.75,26,0.0,0.0
2000-12-20 00:00:00-05:00,219.375,219.375,219.375,219.375,3,0.0,0.0
2000-12-21 00:00:00-05:00,219.375,225.0,213.75,213.75,102,0.0,0.0
2000-12-22 00:00:00-05:00,202.5,225.0,202.5,213.75,22,0.0,0.0
2000-12-26 00:00:00-05:00,202.5,202.5,202.5,202.5,0,0.0,0.0
2000-12-27 00:00:00-05:00,202.5,202.5,191.25,191.25,51,0.0,0.0
2000-12-28 00:00:00-05:00,185.625,185.625,185.625,185.625,3,0.0,0.0
2000-12-29 00:00:00-05:00,213.75,270.0,208.125,270.0,96,0.0,0.0
2001-01-02 00:00:00-05:00,270.0,270.0,270.0,270.0,0,0.0,0.0
2001-01-03 00:00:00-05:00,270.0,270.0,236.25,236.25,1,0.0,0.0
2001-01-04 00:00:00-05:00,236.25,236.25,236.25,236.25,0,0.0,0.0
2001-01-05 00:00:00-05:00,270.0,270.0,236.25,236.25,8,0.0,0.0
2001-01-08 00:00:00-05:00,236.25,236.25,236.25,236.25,0,0.0,0.0
2001-01-09 00:00:00-05:00,236.25,247.5,236.25,236.25,31,0.0,0.0
2001-01-10 00:00:00-05:00,236.25,236.25,236.25,236.25,3,0.0,0.0
2001-01-11 00:00:00-05:00,236.25,236.25,236.25,236.25,0,0.0,0.0
2001-01-12 00:00:00-05:00,236.25,258.75,236.25,258.75,3,0.0,0.0
2001-01-16 00:00:00-05:00,236.25,236.25,236.25,236.25,1,0.0,0.0
2001-01-17 00:00:00-05:00,236.25,236.25,236.25,236.25,11,0.0,0.0
2001-01-18 00:00:00-05:00,225.0,225.0,225.0,225.0,3,0.0,0.0
2001-01-19 00:00:00-05:00,225.0,253.125,225.0,225.0,15,0.0,0.0
2001-01-22 00:00:00-05:00,225.0,225.0,225.0,225.0,14,0.0,0.0
2001-01-23 00:00:00-05:00,225.0,253.125,225.0,253.125,46,0.0,0.0
2001-01-24 00:00:00-05:00,225.0,225.0,225.0,225.0,8,0.0,0.0
2001-01-25 00:00:00-05:00,213.75,213.75,213.75,213.75,6,0.0,0.0
2001-01-26 00:00:00-05:00,213.75,213.75,213.75,213.75,6,0.0,0.0
2001-01-29 00:00:00-05:00,213.75,213.75,213.75,213.75,0,0.0,0.0
2001-01-30 00:00:00-05:00,213.75,213.75,213.75,213.75,0,0.0,0.0
2001-01-31 00:00:00-05:00,213.75,213.75,213.75,213.75,0,0.0,0.0
2001-02-01 00:00:00-05:00,247.5,247.5,247.5,247.5,1,0.0,0.0
2001-02-02 00:00:00-05:00,247.5,247.5,247.5,247.5,6,0.0,0.0
2001-02-05 00:00:00-05:00,247.5,247.5,247.5,247.5,1,0.0,0.0
2001-02-06 00:00:00-05:00,247.5,247.5,208.125,208.125,5,0.0,0.0
2001-02-07 00:00:00-05:00,208.125,208.125,208.125,208.125,0,0.0,0.0
2001-02-08 00:00:00-05:00,208.125,208.125,208.125,208.125,0,0.0,0.0
2001-02-09 00:00:00-05:00,208.125,208.125,208.125,208.125,10,0.0,0.0
2001-02-12 00:00:00-05:00,208.125,208.125,191.25,191.25,33,0.0,0.0
2001-02-13 00:00:00-05:00,191.25,202.5,191.25,196.875,12,0.0,0.0
2001-02-14 00:00:00-05:00,191.25,191.25,180.0,185.625,85,0.0,0.0
2001-02-15 00:00:00-05:00,196.875,196.875,196.875,196.875,1,0.0,0.0
2001-02-16 00:00:00-05:00,185.625,196.875,185.625,196.875,15,0.0,0.0
2001-02-20 00:00:00-05:00,196.875,196.875,196.875,196.875,0,0.0,0.0
2001-02-21 00:00:00-05:00,180.0,180.0,180.0,180.0,8,0.0,0.0
2001-02-22 00:00:00-05:00,180.0,196.875,180.0,196.875,27,0.0,0.0
2001-02-23 00:00:00-05:00,180.0,180.0,180.0,180.0,1,0.0,0.0
2001-02-26 00:00:00-05:00,180.0,180.0,180.0,180.0,0,0.0,0.0
2001-02-27 00:00:00-05:00,180.0,180.0,180.0,180.0,0,0.0,0.0
2001-02-28 00:00:00-05:00,180.0,180.0,168.75,168.75,33,0.0,0.0
2001-03-01 00:00:00-05:00,168.75,168.75,168.75,168.75,0,0.0,0.0
2001-03-02 00:00:00-05:00,168.75,168.75,168.75,168.75,0,0.0,0.0
2001-03-05 00:00:00-05:00,174.375,180.0,174.375,180.0,49,0.0,0.0
2001-03-06 00:00:00-05:00,174.375,174.375,174.375,174.375,3,0.0,0.0
2001-03-07 00:00:00-05:00,174.375,174.375,174.375,174.375,7,0.0,0.0
2001-03-08 00:00:00-05:00,174.375,174.375,174.375,174.375,0,0.0,0.0
2001-03-09 00:00:00-05:00,174.375,174.375,174.375,174.375,0,0.0,0.0
2001-03-12 00:00:00-05:00,174.375,180.0,163.125,163.125,121,0.0,0.0
2001-03-13 00:00:00-05:00,163.125,180.0,163.125,180.0,95,0.0,0.0
2001-03-14 00:00:00-05:00,180.0,180.0,180.0,180.0,0,0.0,0.0
2001-03-15 00:00:00-05:00,180.0,180.0,180.0,180.0,0,0.0,0.0
2001-03-16 00:00:00-05:00,168.75,168.75,168.75,168.75,6,0.0,0.0
2001-03-19 00:00:00-05:00,163.125,163.125,163.125,163.125,43,0.0,0.0
2001-03-20 00:00:00-05:00,163.125,163.125,163.125,163.125,0,0.0,0.0
2001-03-21 00:00:00-05:00,163.125,163.125,163.125,163.125,0,0.0,0.0
2001-03-22 00:00:00-05:00,163.125,163.125,146.25,146.25,155,0.0,0.0
2001-03-23 00:00:00-05:00,135.0,157.5,135.0,135.0,4,0.0,0.0
2001-03-26 00:00:00-05:00,135.0,135.0,135.0,135.0,0,0.0,0.0
2001-03-27 00:00:00-05:00,157.5,157.5,157.5,157.5,31,0.0,0.0
2001-03-28 00:00:00-05:00,157.5,157.5,157.5,157.5,0,0.0,0.0
2001-03-29 00:00:00-05:00,146.25,146.25,146.25,146.25,42,0.0,0.0
2001-03-30 00:00:00-05:00,157.5,157.5,140.625,140.625,104,0.0,0.0
2001-04-02 00:00:00-04:00,140.625,140.625,140.625,140.625,0,0.0,0.0
2001-04-03 00:00:00-04:00,140.625,146.25,140.625,146.25,31,0.0,0.0
2001-04-04 00:00:00-04:00,146.25,157.5,146.25,151.875,186,0.0,0.0
2001-04-05 00:00:00-04:00,146.25,146.25,146.25,146.25,111,0.0,0.0
2001-04-06 00:00:00-04:00,140.625,157.5,140.625,157.5,126,0.0,0.0
2001-04-09 00:00:00-04:00,144.0,162.0,144.0,162.0,54,0.0,0.0
2001-04-10 00:00:00-04:00,169.1999969482422,169.1999969482422,169.1999969482422,169.1999969482422,18,0.0,0.0
2001-04-11 00:00:00-04:00,172.8000030517578,172.8000030517578,172.8000030517578,172.8000030517578,7,0.0,0.0
2001-04-12 00:00:00-04:00,172.8000030517578,172.8000030517578,172.8000030517578,172.8000030517578,3,0.0,0.0
2001-04-16 00:00:00-04:00,176.39999389648438,187.1999969482422,172.8000030517578,183.60000610351562,165,0.0,0.0
2001-04-17 00:00:00-04:00,187.1999969482422,280.79998779296875,187.1999969482422,280.79998779296875,224,0.0,0.0
2001-04-18 00:00:00-04:00,288.0,360.0,288.0,306.0,497,0.0,0.0
2001-04-19 00:00:00-04:00,324.0,352.79998779296875,291.6000061035156,291.6000061035156,169,0.0,0.0
2001-04-20 00:00:00-04:00,295.20001220703125,316.79998779296875,288.0,295.20001220703125,148,0.0,0.0
2001-04-23 00:00:00-04:00,316.79998779296875,324.0,302.3999938964844,320.3999938964844,178,0.0,0.0
2001-04-24 00:00:00-04:00,324.0,342.0,324.0,327.6000061035156,131,0.0,0.0
2001-04-25 00:00:00-04:00,316.79998779296875,349.20001220703125,316.79998779296875,327.6000061035156,39,0.0,0.0
2001-04-26 00:00:00-04:00,349.20001220703125,349.20001220703125,334.79998779296875,349.20001220703125,24,0.0,0.0
2001-04-27 00:00:00-04:00,342.0,342.0,316.79998779296875,316.79998779296875,39,0.0,0.0
2001-04-30 00:00:00-04:00,324.0,352.79998779296875,324.0,352.79998779296875,35,0.0,0.0
2001-05-01 00:00:00-04:00,356.3999938964844,370.79998779296875,356.3999938964844,367.20001220703125,106,0.0,0.0
2001-05-02 00:00:00-04:00,356.3999938964844,360.0,356.3999938964844,360.0,5,0.0,0.0
2001-05-03 00:00:00-04:00,374.3999938964844,374.3999938964844,356.3999938964844,360.0,72,0.0,0.0
2001-05-04 00:00:00-04:00,363.6000061035156,378.0,360.0,360.0,6,0.0,0.0
2001-05-07 00:00:00-04:00,360.0,385.20001220703125,360.0,370.79998779296875,58,0.0,0.0
2001-05-08 00:00:00-04:00,374.3999938964844,381.6000061035156,370.79998779296875,370.79998779296875,45,0.0,0.0
2001-05-09 00:00:00-04:00,370.79998779296875,370.79998779296875,363.6000061035156,363.6000061035156,6,0.0,0.0
2001-05-10 00:00:00-04:00,360.0,360.0,360.0,360.0,1,0.0,0.0
2001-05-11 00:00:00-04:00,381.6000061035156,381.6000061035156,363.6000061035156,363.6000061035156,112,0.0,0.0
2001-05-14 00:00:00-04:00,370.79998779296875,370.79998779296875,360.0,360.0,7,0.0,0.0
2001-05-15 00:00:00-04:00,360.0,360.0,356.3999938964844,356.3999938964844,29,0.0,0.0
2001-05-16 00:00:00-04:00,345.6000061035156,352.79998779296875,345.6000061035156,352.79998779296875,1,0.0,0.0
2001-05-17 00:00:00-04:00,367.20001220703125,367.20001220703125,367.20001220703125,367.20001220703125,3,0.0,0.0
2001-05-18 00:00:00-04:00,345.6000061035156,363.6000061035156,327.6000061035156,363.6000061035156,82,0.0,0.0
2001-05-21 00:00:00-04:00,360.0,360.0,320.3999938964844,352.79998779296875,20,0.0,0.0
2001-05-22 00:00:00-04:00,320.3999938964844,338.3999938964844,320.3999938964844,324.0,71,0.0,0.0
2001-05-23 00:00:00-04:00,331.20001220703125,331.20001220703125,316.79998779296875,316.79998779296875,40,0.0,0.0
2001-05-24 00:00:00-04:00,291.6000061035156,324.0,291.6000061035156,324.0,21,0.0,0.0
2001-05-25 00:00:00-04:00,324.0,324.0,291.6000061035156,291.6000061035156,27,0.0,0.0
2001-05-29 00:00:00-04:00,298.79998779296875,306.0,295.20001220703125,295.20001220703125,34,0.0,0.0
2001-05-30 00:00:00-04:00,295.20001220703125,313.20001220703125,295.20001220703125,295.20001220703125,17,0.0,0.0
2001-05-31 00:00:00-04:00,295.20001220703125,306.0,291.6000061035156,291.6000061035156,49,0.0,0.0
2001-06-01 00:00:00-04:00,324.0,324.0,324.0,324.0,3,0.0,0.0
2001-06-04 00:00:00-04:00,324.0,324.0,324.0,324.0,7,0.0,0.0
2001-06-05 00:00:00-04:00,309.6000061035156,331.20001220703125,298.79998779296875,324.0,169,0.0,0.0
2001-06-06 00:00:00-04:00,320.3999938964844,374.3999938964844,320.3999938964844,374.3999938964844,359,0.0,0.0
2001-06-07 00:00:00-04:00,338.3999938964844,374.3999938964844,338.3999938964844,374.3999938964844,33,0.0,0.0
2001-06-08 00:00:00-04:00,370.79998779296875,378.0,360.0,378.0,69,0.0,0.0
2001-06-11 00:00:00-04:00,378.0,378.0,363.6000061035156,363.6000061035156,26,0.0,0.0
2001-06-12 00:00:00-04:00,349.20001220703125,356.3999938964844,320.3999938964844,331.20001220703125,165,0.0,0.0
2001-06-13 00:00:00-04:00,324.0,349.20001220703125,324.0,349.20001220703125,26,0.0,0.0
2001-06-14 00:00:00-04:00,331.20001220703125,331.20001220703125,331.20001220703125,331.20001220703125,4,0.0,0.0
2001-06-15 00:00:00-04:00,349.20001220703125,349.20001220703125,349.20001220703125,349.20001220703125,15,0.0,0.0
2001-06-18 00:00:00-04:00,331.20001220703125,349.20001220703125,331.20001220703125,345.6000061035156,35,0.0,0.0
2001-06-19 00:00:00-04:00,327.6000061035156,327.6000061035156,306.0,306.0,26,0.0,0.0
2001-06-20 00:00:00-04:00,334.79998779296875,334.79998779296875,320.3999938964844,320.3999938964844,5,0.0,0.0
2001-06-21 00:00:00-04:00,334.79998779296875,334.79998779296875,320.3999938964844,320.3999938964844,4,0.0,0.0
2001-06-22 00:00:00-04:00,306.0,306.0,295.20001220703125,298.79998779296875,63,0.0,0.0
2001-06-25 00:00:00-04:00,298.79998779296875,298.79998779296875,298.79998779296875,298.79998779296875,0,0.0,0.0
2001-06-26 00:00:00-04:00,291.6000061035156,291.6000061035156,288.0,288.0,7,0.0,0.0
2001-06-27 00:00:00-04:00,288.0,288.0,288.0,288.0,0,0.0,0.0
2001-06-28 00:00:00-04:00,306.0,306.0,306.0,306.0,10,0.0,0.0
2001-06-29 00:00:00-04:00,316.79998779296875,316.79998779296875,295.20001220703125,316.79998779296875,12,0.0,0.0
2001-07-02 00:00:00-04:00,295.20001220703125,295.20001220703125,295.20001220703125,295.20001220703125,15,0.0,0.0
2001-07-03 00:00:00-04:00,316.79998779296875,316.79998779296875,302.3999938964844,316.79998779296875,14,0.0,0.0
2001-07-05 00:00:00-04:00,302.3999938964844,302.3999938964844,302.3999938964844,302.3999938964844,7,0.0,0.0
2001-07-06 00:00:00-04:00,316.79998779296875,316.79998779296875,302.3999938964844,306.0,66,0.0,0.0
2001-07-09 00:00:00-04:00,288.0,313.20001220703125,288.0,313.20001220703125,43,0.0,0.0
2001-07-10 00:00:00-04:00,306.0,313.20001220703125,306.0,313.20001220703125,2,0.0,0.0
2001-07-11 00:00:00-04:00,288.0,288.0,277.20001220703125,277.20001220703125,13,0.0,0.0
2001-07-12 00:00:00-04:00,277.20001220703125,277.20001220703125,266.3999938964844,266.3999938964844,64,0.0,0.0
2001-07-13 00:00:00-04:00,259.20001220703125,259.20001220703125,237.60000610351562,237.60000610351562,65,0.0,0.0
2001-07-16 00:00:00-04:00,234.0,252.0,165.60000610351562,208.8000030517578,134,0.0,0.0
2001-07-17 00:00:00-04:00,205.1999969482422,208.8000030517578,205.1999969482422,208.8000030517578,18,0.0,0.0
2001-07-18 00:00:00-04:00,234.0,270.0,234.0,270.0,104,0.0,0.0
2001-07-19 00:00:00-04:00,237.60000610351562,280.79998779296875,237.60000610351562,280.79998779296875,24,0.0,0.0
2001-07-20 00:00:00-04:00,280.79998779296875,306.0,277.20001220703125,288.0,104,0.0,0.0
2001-07-23 00:00:00-04:00,324.0,324.0,288.0,295.20001220703125,148,0.0,0.0
2001-07-24 00:00:00-04:00,298.79998779296875,298.79998779296875,295.20001220703125,298.79998779296875,31,0.0,0.0
2001-07-25 00:00:00-04:00,277.20001220703125,277.20001220703125,270.0,270.0,18,0.0,0.0
2001-07-26 00:00:00-04:00,270.0,270.0,270.0,270.0,7,0.0,0.0
2001-07-27 00:00:00-04:00,266.3999938964844,266.3999938964844,266.3999938964844,266.3999938964844,2,0.0,0.0
2001-07-30 00:00:00-04:00,288.0,288.0,266.3999938964844,273.6000061035156,33,0.0,0.0
2001-07-31 00:00:00-04:00,255.60000610351562,266.3999938964844,234.0,262.79998779296875,77,0.0,0.0
2001-08-01 00:00:00-04:00,234.0,262.79998779296875,234.0,234.0,18,0.0,0.0
2001-08-02 00:00:00-04:00,234.0,255.60000610351562,234.0,234.0,39,0.0,0.0
2001-08-03 00:00:00-04:00,234.0,244.8000030517578,234.0,234.0,32,0.0,0.0
2001-08-06 00:00:00-04:00,234.0,234.0,234.0,234.0,0,0.0,0.0
2001-08-07 00:00:00-04:00,244.8000030517578,259.20001220703125,244.8000030517578,259.20001220703125,40,0.0,0.0
2001-08-08 00:00:00-04:00,244.8000030517578,244.8000030517578,244.8000030517578,244.8000030517578,9,0.0,0.0
2001-08-09 00:00:00-04:00,259.20001220703125,259.20001220703125,259.20001220703125,259.20001220703125,9,0.0,0.0
2001-08-10 00:00:00-04:00,259.20001220703125,259.20001220703125,244.8000030517578,252.0,30,0.0,0.0
2001-08-13 00:00:00-04:00,252.0,262.79998779296875,248.39999389648438,262.79998779296875,228,0.0,0.0
2001-08-14 00:00:00-04:00,262.79998779296875,280.79998779296875,259.20001220703125,259.20001220703125,73,0.0,0.0
2001-08-15 00:00:00-04:00,277.20001220703125,277.20001220703125,266.3999938964844,273.6000061035156,71,0.0,0.0
2001-08-16 00:00:00-04:00,284.3999938964844,295.20001220703125,284.3999938964844,295.20001220703125,73,0.0,0.0
2001-08-17 00:00:00-04:00,298.79998779296875,342.0,295.20001220703125,342.0,90,0.0,0.0
2001-08-20 00:00:00-04:00,324.0,360.0,324.0,342.0,276,0.0,0.0
2001-08-21 00:00:00-04:00,306.0,306.0,306.0,306.0,40,0.0,0.0
2001-08-22 00:00:00-04:00,306.0,309.6000061035156,288.0,291.6000061035156,81,0.0,0.0
2001-08-23 00:00:00-04:00,291.6000061035156,291.6000061035156,244.8000030517578,244.8000030517578,198,0.0,0.0
2001-08-24 00:00:00-04:00,280.79998779296875,280.79998779296875,244.8000030517578,280.79998779296875,13,0.0,0.0
2001-08-27 00:00:00-04:00,244.8000030517578,248.39999389648438,244.8000030517578,248.39999389648438,6,0.0,0.0
2001-08-28 00:00:00-04:00,248.39999389648438,248.39999389648438,248.39999389648438,248.39999389648438,0,0.0,0.0
2001-08-29 00:00:00-04:00,244.8000030517578,252.0,244.8000030517578,248.39999389648438,55,0.0,0.0
2001-08-30 00:00:00-04:00,241.1999969482422,241.1999969482422,241.1999969482422,241.1999969482422,5,0.0,0.0
2001-08-31 00:00:00-04:00,248.39999389648438,248.39999389648438,248.39999389648438,248.39999389648438,8,0.0,0.0
2001-09-04 00:00:00-04:00,241.1999969482422,248.39999389648438,241.1999969482422,241.1999969482422,22,0.0,0.0
2001-09-05 00:00:00-04:00,241.1999969482422,241.1999969482422,230.39999389648438,230.39999389648438,36,0.0,0.0
2001-09-06 00:00:00-04:00,234.0,234.0,234.0,234.0,28,0.0,0.0
2001-09-07 00:00:00-04:00,241.1999969482422,248.39999389648438,234.0,248.39999389648438,49,0.0,0.0
2001-09-10 00:00:00-04:00,244.8000030517578,244.8000030517578,244.8000030517578,244.8000030517578,65,0.0,0.0
2001-09-17 00:00:00-04:00,216.0,230.39999389648438,216.0,216.0,69,0.0,0.0
2001-09-18 00:00:00-04:00,216.0,216.0,216.0,216.0,0,0.0,0.0
2001-09-19 00:00:00-04:00,234.0,234.0,234.0,234.0,15,0.0,0.0
2001-09-20 00:00:00-04:00,230.39999389648438,230.39999389648438,230.39999389648438,230.39999389648438,3,0.0,0.0
2001-09-21 00:00:00-04:00,219.60000610351562,219.60000610351562,205.1999969482422,205.1999969482422,42,0.0,0.0
2001-09-24 00:00:00-04:00,205.1999969482422,219.60000610351562,205.1999969482422,205.1999969482422,17,0.0,0.0
2001-09-25 00:00:00-04:00,205.1999969482422,223.1999969482422,205.1999969482422,216.0,77,0.0,0.0
2001-09-26 00:00:00-04:00,216.0,216.0,216.0,216.0,0,0.0,0.0
2001-09-27 00:00:00-04:00,216.0,216.0,216.0,216.0,0,0.0,0.0
2001-09-28 00:00:00-04:00,205.1999969482422,205.1999969482422,205.1999969482422,205.1999969482422,2,0.0,0.0
2001-10-01 00:00:00-04:00,205.1999969482422,205.1999969482422,205.1999969482422,205.1999969482422,6,0.0,0.0
2001-10-02 00:00:00-04:00,208.8000030517578,208.8000030517578,205.1999969482422,205.1999969482422,16,0.0,0.0
2001-10-03 00:00:00-04:00,205.1999969482422,205.1999969482422,198.0,198.0,78,0.0,0.0
2001-10-04 00:00:00-04:00,190.8000030517578,190.8000030517578,187.1999969482422,187.1999969482422,13,0.0,0.0
2001-10-05 00:00:00-04:00,187.1999969482422,187.1999969482422,187.1999969482422,187.1999969482422,1,0.0,0.0
2001-10-08 00:00:00-04:00,187.1999969482422,187.1999969482422,187.1999969482422,187.1999969482422,0,0.0,0.0
2001-10-09 00:00:00-04:00,187.1999969482422,187.1999969482422,187.1999969482422,187.1999969482422,16,0.0,0.0
2001-10-10 00:00:00-04:00,187.1999969482422,187.1999969482422,187.1999969482422,187.1999969482422,8,0.0,0.0
2001-10-11 00:00:00-04:00,187.1999969482422,187.1999969482422,187.1999969482422,187.1999969482422,0,0.0,0.0
2001-10-12 00:00:00-04:00,183.60000610351562,183.60000610351562,183.60000610351562,183.60000610351562,14,0.0,0.0
2001-10-15 00:00:00-04:00,183.60000610351562,187.1999969482422,183.60000610351562,187.1999969482422,27,0.0,0.0
2001-10-16 00:00:00-04:00,187.1999969482422,187.1999969482422,172.8000030517578,183.60000610351562,207,0.0,0.0
2001-10-17 00:00:00-04:00,187.1999969482422,190.8000030517578,187.1999969482422,187.1999969482422,85,0.0,0.0
2001-10-18 00:00:00-04:00,187.1999969482422,216.0,187.1999969482422,216.0,9,0.0,0.0
2001-10-19 00:00:00-04:00,194.39999389648438,198.0,194.39999389648438,194.39999389648438,12,0.0,0.0
2001-10-22 00:00:00-04:00,198.0,216.0,198.0,216.0,13,0.0,0.0
2001-10-23 00:00:00-04:00,216.0,216.0,216.0,216.0,6,0.0,0.0
2001-10-24 00:00:00-04:00,212.39999389648438,212.39999389648438,212.39999389648438,212.39999389648438,12,0.0,0.0
2001-10-25 00:00:00-04:00,234.0,234.0,212.39999389648438,216.0,119,0.0,0.0
2001-10-26 00:00:00-04:00,223.1999969482422,223.1999969482422,223.1999969482422,223.1999969482422,32,0.0,0.0
2001-10-29 00:00:00-05:00,216.0,230.39999389648438,212.39999389648438,212.39999389648438,75,0.0,0.0
2001-10-30 00:00:00-05:00,212.39999389648438,212.39999389648438,212.39999389648438,212.39999389648438,2,0.0,0.0
2001-10-31 00:00:00-05:00,212.39999389648438,212.39999389648438,212.39999389648438,212.39999389648438,4,0.0,0.0
2001-11-01 00:00:00-05:00,212.39999389648438,212.39999389648438,205.1999969482422,205.1999969482422,21,0.0,0.0
2001-11-02 00:00:00-05:00,198.0,198.0,198.0,198.0,0,0.0,0.0
2001-11-05 00:00:00-05:00,216.0,237.60000610351562,198.0,198.0,21,0.0,0.0
2001-11-06 00:00:00-05:00,198.0,216.0,198.0,216.0,17,0.0,0.0
2001-11-07 00:00:00-05:00,216.0,378.0,212.39999389648438,324.0,417,0.0,0.0
2001-11-08 00:00:00-05:00,331.20001220703125,342.0,295.20001220703125,324.0,427,0.0,0.0
2001-11-09 00:00:00-05:00,324.0,324.0,309.6000061035156,324.0,55,0.0,0.0
2001-11-12 00:00:00-05:00,324.0,324.0,324.0,324.0,9,0.0,0.0
2001-11-13 00:00:00-05:00,298.79998779296875,324.0,288.0,288.0,98,0.0,0.0
2001-11-14 00:00:00-05:00,298.79998779296875,298.79998779296875,270.0,288.0,30,0.0,0.0
2001-11-15 00:00:00-05:00,277.20001220703125,277.20001220703125,262.79998779296875,277.20001220703125,19,0.0,0.0
2001-11-16 00:00:00-05:00,270.0,270.0,270.0,270.0,14,0.0,0.0
2001-11-19 00:00:00-05:00,306.0,306.0,270.0,270.0,17,0.0,0.0
2001-11-20 00:00:00-05:00,270.0,270.0,270.0,270.0,3,0.0,0.0
2001-11-21 00:00:00-05:00,270.0,270.0,270.0,270.0,0,0.0,0.0
2001-11-23 00:00:00-05:00,270.0,270.0,270.0,270.0,0,0.0,0.0
2001-11-26 00:00:00-05:00,288.0,288.0,270.0,270.0,59,0.0,0.0
2001-11-27 00:00:00-05:00,295.20001220703125,295.20001220703125,270.0,295.20001220703125,40,0.0,0.0
2001-11-28 00:00:00-05:00,277.20001220703125,288.0,273.6000061035156,273.6000061035156,16,0.0,0.0
2001-11-29 00:00:00-05:00,288.0,288.0,273.6000061035156,273.6000061035156,29,0.0,0.0
2001-11-30 00:00:00-05:00,288.0,324.0,288.0,306.0,104,0.0,0.0
2001-12-03 00:00:00-05:00,324.0,324.0,288.0,288.0,20,0.0,0.0
2001-12-04 00:00:00-05:00,306.0,306.0,288.0,288.0,49,0.0,0.0
2001-12-05 00:00:00-05:00,306.0,306.0,288.0,288.0,45,0.0,0.0
2001-12-06 00:00:00-05:00,262.79998779296875,288.0,262.79998779296875,280.79998779296875,20,0.0,0.0
2001-12-07 00:00:00-05:00,266.3999938964844,288.0,266.3999938964844,288.0,55,0.0,0.0
2001-12-10 00:00:00-05:00,288.0,298.79998779296875,280.79998779296875,298.79998779296875,68,0.0,0.0
2001-12-11 00:00:00-05:00,288.0,298.79998779296875,288.0,298.79998779296875,36,0.0,0.0
2001-12-12 00:00:00-05:00,288.0,298.79998779296875,288.0,295.20001220703125,59,0.0,0.0
2001-12-13 00:00:00-05:00,298.79998779296875,298.79998779296875,277.20001220703125,291.6000061035156,77,0.0,0.0
2001-12-14 00:00:00-05:00,277.20001220703125,324.0,270.0,324.0,34,0.0,0.0
2001-12-17 00:00:00-05:00,324.0,324.0,277.20001220703125,313.20001220703125,128,0.0,0.0
2001-12-18 00:00:00-05:00,324.0,349.20001220703125,298.79998779296875,316.79998779296875,207,0.0,0.0
2001-12-19 00:00:00-05:00,338.3999938964844,338.3999938964844,313.20001220703125,313.20001220703125,24,0.0,0.0
2001-12-20 00:00:00-05:00,309.6000061035156,316.79998779296875,280.79998779296875,302.3999938964844,159,0.0,0.0
2001-12-21 00:00:00-05:00,295.20001220703125,295.20001220703125,295.20001220703125,295.20001220703125,58,0.0,0.0
2001-12-24 00:00:00-05:00,302.3999938964844,302.3999938964844,302.3999938964844,302.3999938964844,4,0.0,0.0
2001-12-26 00:00:00-05:00,298.79998779296875,298.79998779296875,295.20001220703125,298.79998779296875,40,0.0,0.0
2001-12-27 00:00:00-05:00,298.79998779296875,298.79998779296875,277.20001220703125,280.79998779296875,76,0.0,0.0
2001-12-28 00:00:00-05:00,309.6000061035156,309.6000061035156,270.0,270.0,31,0.0,0.0
2001-12-31 00:00:00-05:00,270.0,306.0,270.0,306.0,157,0.0,0.0
2002-01-02 00:00:00-05:00,280.79998779296875,284.3999938964844,266.3999938964844,270.0,154,0.0,0.0
2002-01-03 00:00:00-05:00,266.3999938964844,273.6000061035156,252.0,262.79998779296875,138,0.0,0.0
2002-01-04 00:00:00-05:00,252.0,270.0,252.0,270.0,21,0.0,0.0
2002-01-07 00:00:00-05:00,273.6000061035156,273.6000061035156,252.0,259.20001220703125,48,0.0,0.0
2002-01-08 00:00:00-05:00,266.3999938964844,266.3999938964844,248.39999389648438,259.20001220703125,266,0.0,0.0
2002-01-09 00:00:00-05:00,244.8000030517578,259.20001220703125,237.60000610351562,259.20001220703125,114,0.0,0.0
2002-01-10 00:00:00-05:00,241.1999969482422,259.20001220703125,241.1999969482422,252.0,29,0.0,0.0
2002-01-11 00:00:00-05:00,259.20001220703125,259.20001220703125,248.39999389648438,248.39999389648438,90,0.0,0.0
2002-01-14 00:00:00-05:00,237.60000610351562,259.20001220703125,237.60000610351562,259.20001220703125,4,0.0,0.0
2002-01-15 00:00:00-05:00,259.20001220703125,259.20001220703125,259.20001220703125,259.20001220703125,9,0.0,0.0
2002-01-16 00:00:00-05:00,234.0,266.3999938964844,234.0,234.0,9,0.0,0.0
2002-01-17 00:00:00-05:00,234.0,252.0,234.0,252.0,49,0.0,0.0
2002-01-18 00:00:00-05:00,234.0,237.60000610351562,230.39999389648438,230.39999389648438,103,0.0,0.0
2002-01-22 00:00:00-05:00,230.39999389648438,252.0,226.8000030517578,234.0,43,0.0,0.0
2002-01-23 00:00:00-05:00,226.8000030517578,234.0,226.8000030517578,234.0,98,0.0,0.0
2002-01-24 00:00:00-05:00,237.60000610351562,237.60000610351562,223.1999969482422,223.1999969482422,28,0.0,0.0
2002-01-25 00:00:00-05:00,223.1999969482422,234.0,223.1999969482422,234.0,89,0.0,0.0
2002-01-28 00:00:00-05:00,237.60000610351562,237.60000610351562,237.60000610351562,237.60000610351562,17,0.0,0.0
2002-01-29 00:00:00-05:00,230.39999389648438,234.0,223.1999969482422,230.39999389648438,79,0.0,0.0
2002-01-30 00:00:00-05:00,223.1999969482422,223.1999969482422,223.1999969482422,223.1999969482422,23,0.0,0.0
2002-01-31 00:00:00-05:00,230.39999389648438,234.0,212.39999389648438,212.39999389648438,147,0.0,0.0
2002-02-01 00:00:00-05:00,219.60000610351562,226.8000030517578,219.60000610351562,226.8000030517578,10,0.0,0.0
2002-02-04 00:00:00-05:00,212.39999389648438,212.39999389648438,212.39999389648438,212.39999389648438,4,0.0,0.0
2002-02-05 00:00:00-05:00,212.39999389648438,226.8000030517578,212.39999389648438,212.39999389648438,22,0.0,0.0
2002-02-06 00:00:00-05:00,223.1999969482422,223.1999969482422,216.0,216.0,32,0.0,0.0
2002-02-07 00:00:00-05:00,212.39999389648438,216.0,201.60000610351562,201.60000610351562,111,0.0,0.0
2002-02-08 00:00:00-05:00,205.1999969482422,205.1999969482422,198.0,198.0,148,0.0,0.0
2002-02-11 00:00:00-05:00,198.0,198.0,198.0,198.0,44,0.0,0.0
2002-02-12 00:00:00-05:00,205.1999969482422,205.1999969482422,198.0,198.0,25,0.0,0.0
2002-02-13 00:00:00-05:00,198.0,198.0,198.0,198.0,47,0.0,0.0
2002-02-14 00:00:00-05:00,205.1999969482422,205.1999969482422,194.39999389648438,194.39999389648438,28,0.0,0.0
2002-02-15 00:00:00-05:00,205.1999969482422,205.1999969482422,201.60000610351562,205.1999969482422,29,0.0,0.0
2002-02-19 00:00:00-05:00,205.1999969482422,205.1999969482422,205.1999969482422,205.1999969482422,7,0.0,0.0
2002-02-20 00:00:00-05:00,205.1999969482422,205.1999969482422,205.1999969482422,205.1999969482422,0,0.0,0.0
2002-02-21 00:00:00-05:00,201.60000610351562,201.60000610351562,201.60000610351562,201.60000610351562,0,0.0,0.0
2002-02-22 00:00:00-05:00,201.60000610351562,201.60000610351562,190.8000030517578,201.60000610351562,98,0.0,0.0
2002-02-25 00:00:00-05:00,201.60000610351562,201.60000610351562,190.8000030517578,190.8000030517578,39,0.0,0.0
2002-02-26 00:00:00-05:00,194.39999389648438,216.0,194.39999389648438,198.0,9,0.0,0.0
2002-02-27 00:00:00-05:00,198.0,208.8000030517578,198.0,205.1999969482422,30,0.0,0.0
2002-02-28 00:00:00-05:00,198.0,201.60000610351562,198.0,201.60000610351562,4,0.0,0.0
2002-03-01 00:00:00-05:00,201.60000610351562,223.1999969482422,201.60000610351562,216.0,114,0.0,0.0
2002-03-04 00:00:00-05:00,208.8000030517578,208.8000030517578,208.8000030517578,208.8000030517578,3,0.0,0.0
2002-03-05 00:00:00-05:00,205.1999969482422,205.1999969482422,201.60000610351562,201.60000610351562,17,0.0,0.0
2002-03-06 00:00:00-05:00,201.60000610351562,216.0,201.60000610351562,212.39999389648438,76,0.0,0.0
2002-03-07 00:00:00-05:00,216.0,216.0,198.0,198.0,43,0.0,0.0
2002-03-08 00:00:00-05:00,194.39999389648438,201.60000610351562,190.8000030517578,194.39999389648438,73,0.0,0.0
2002-03-11 00:00:00-05:00,190.8000030517578,201.60000610351562,190.8000030517578,201.60000610351562,18,0.0,0.0
2002-03-12 00:00:00-05:00,194.39999389648438,205.1999969482422,190.8000030517578,198.0,14,0.0,0.0
2002-03-13 00:00:00-05:00,198.0,198.0,198.0,198.0,0,0.0,0.0
2002-03-14 00:00:00-05:00,198.0,198.0,198.0,198.0,0,0.0,0.0
2002-03-15 00:00:00-05:00,190.8000030517578,190.8000030517578,190.8000030517578,190.8000030517578,21,0.0,0.0
2002-03-18 00:00:00-05:00,190.8000030517578,194.39999389648438,187.1999969482422,187.1999969482422,59,0.0,0.0
2002-03-19 00:00:00-05:00,187.1999969482422,194.39999389648438,187.1999969482422,187.1999969482422,89,0.0,0.0
2002-03-20 00:00:00-05:00,187.1999969482422,190.8000030517578,187.1999969482422,190.8000030517578,65,0.0,0.0
2002-03-21 00:00:00-05:00,190.8000030517578,190.8000030517578,187.1999969482422,187.1999969482422,49,0.0,0.0
2002-03-22 00:00:00-05:00,187.1999969482422,198.0,187.1999969482422,190.8000030517578,16,0.0,0.0
2002-03-25 00:00:00-05:00,187.1999969482422,187.1999969482422,187.1999969482422,187.1999969482422,4,0.0,0.0
2002-03-26 00:00:00-05:00,198.0,198.0,198.0,198.0,1,0.0,0.0
2002-03-27 00:00:00-05:00,187.1999969482422,187.1999969482422,183.60000610351562,183.60000610351562,23,0.0,0.0
2002-03-28 00:00:00-05:00,187.1999969482422,187.1999969482422,187.1999969482422,187.1999969482422,8,0.0,0.0
2002-04-01 00:00:00-05:00,183.60000610351562,183.60000610351562,183.60000610351562,183.60000610351562,4,0.0,0.0
2002-04-02 00:00:00-05:00,183.60000610351562,183.60000610351562,183.60000610351562,183.60000610351562,4,0.0,0.0
2002-04-03 00:00:00-05:00,183.60000610351562,183.60000610351562,183.60000610351562,183.60000610351562,0,0.0,0.0
2002-04-04 00:00:00-05:00,190.8000030517578,190.8000030517578,183.60000610351562,183.60000610351562,14,0.0,0.0
2002-04-05 00:00:00-05:00,183.60000610351562,190.8000030517578,176.39999389648438,176.39999389648438,133,0.0,0.0
2002-04-08 00:00:00-04:00,176.39999389648438,176.39999389648438,176.39999389648438,176.39999389648438,0,0.0,0.0
2002-04-09 00:00:00-04:00,176.39999389648438,176.39999389648438,176.39999389648438,176.39999389648438,0,0.0,0.0
2002-04-10 00:00:00-04:00,180.0,180.0,172.8000030517578,172.8000030517578,32,0.0,0.0
2002-04-11 00:00:00-04:00,176.39999389648438,176.39999389648438,165.60000610351562,165.60000610351562,25,0.0,0.0
2002-04-12 00:00:00-04:00,165.60000610351562,169.1999969482422,165.60000610351562,169.1999969482422,4,0.0,0.0
2002-04-15 00:00:00-04:00,169.1999969482422,169.1999969482422,169.1999969482422,169.1999969482422,0,0.0,0.0
2002-04-16 00:00:00-04:00,169.1999969482422,176.39999389648438,169.1999969482422,176.39999389648438,118,0.0,0.0
2002-04-17 00:00:00-04:00,176.39999389648438,176.39999389648438,176.39999389648438,176.39999389648438,0,0.0,0.0
2002-04-18 00:00:00-04:00,165.60000610351562,165.60000610351562,165.60000610351562,165.60000610351562,3,0.0,0.0
2002-04-19 00:00:00-04:00,165.60000610351562,165.60000610351562,165.60000610351562,165.60000610351562,6,0.0,0.0
2002-04-22 00:00:00-04:00,165.60000610351562,165.60000610351562,165.60000610351562,165.60000610351562,2,0.0,0.0
2002-04-23 00:00:00-04:00,165.60000610351562,165.60000610351562,165.60000610351562,165.60000610351562,0,0.0,0.0
2002-04-24 00:00:00-04:00,194.39999389648438,252.0,187.1999969482422,216.0,529,0.0,0.0
2002-04-25 00:00:00-04:00,219.60000610351562,219.60000610351562,208.8000030517578,216.0,131,0.0,0.0
2002-04-26 00:00:00-04:00,208.8000030517578,212.39999389648438,208.8000030517578,212.39999389648438,64,0.0,0.0
2002-04-29 00:00:00-04:00,205.1999969482422,205.1999969482422,201.60000610351562,201.60000610351562,39,0.0,0.0
2002-04-30 00:00:00-04:00,201.60000610351562,201.60000610351562,198.0,198.0,31,0.0,0.0
2002-05-01 00:00:00-04:00,198.0,198.0,187.1999969482422,187.1999969482422,42,0.0,0.0
2002-05-02 00:00:00-04:00,187.1999969482422,187.1999969482422,183.60000610351562,183.60000610351562,11,0.0,0.0
2002-05-03 00:00:00-04:00,198.0,201.60000610351562,183.60000610351562,187.1999969482422,89,0.0,0.0
2002-05-06 00:00:00-04:00,190.8000030517578,190.8000030517578,172.8000030517578,172.8000030517578,21,0.0,0.0
2002-05-07 00:00:00-04:00,172.8000030517578,172.8000030517578,162.0,162.0,42,0.0,0.0
2002-05-08 00:00:00-04:00,172.8000030517578,172.8000030517578,162.0,162.0,12,0.0,0.0
2002-05-09 00:00:00-04:00,162.0,183.60000610351562,162.0,183.60000610351562,8,0.0,0.0
2002-05-10 00:00:00-04:00,183.60000610351562,183.60000610351562,183.60000610351562,183.60000610351562,0,0.0,0.0
2002-05-13 00:00:00-04:00,162.0,165.60000610351562,162.0,162.0,201,0.0,0.0
2002-05-14 00:00:00-04:00,172.8000030517578,172.8000030517578,154.8000030517578,158.39999389648438,230,0.0,0.0
2002-05-15 00:00:00-04:00,158.39999389648438,187.1999969482422,154.8000030517578,158.39999389648438,864,0.0,0.0
2002-05-16 00:00:00-04:00,154.8000030517578,162.0,154.8000030517578,158.39999389648438,62,0.0,0.0
2002-05-17 00:00:00-04:00,162.0,162.0,151.1999969482422,162.0,41,0.0,0.0
2002-05-20 00:00:00-04:00,162.0,162.0,154.8000030517578,162.0,47,0.0,0.0
2002-05-21 00:00:00-04:00,162.0,162.0,162.0,162.0,0,0.0,0.0
2002-05-22 00:00:00-04:00,151.1999969482422,154.8000030517578,133.1999969482422,133.1999969482422,312,0.0,0.0
2002-05-23 00:00:00-04:00,129.60000610351562,158.39999389648438,129.60000610351562,147.60000610351562,271,0.0,0.0
2002-05-24 00:00:00-04:00,147.60000610351562,162.0,147.60000610351562,147.60000610351562,11,0.0,0.0
2002-05-28 00:00:00-04:00,147.60000610351562,147.60000610351562,147.60000610351562,147.60000610351562,3,0.0,0.0
2002-05-29 00:00:00-04:00,147.60000610351562,158.39999389648438,147.60000610351562,154.8000030517578,45,0.0,0.0
2002-05-30 00:00:00-04:00,147.60000610351562,162.0,147.60000610351562,147.60000610351562,17,0.0,0.0
2002-05-31 00:00:00-04:00,147.60000610351562,162.0,147.60000610351562,162.0,44,0.0,0.0
2002-06-03 00:00:00-04:00,144.0,144.0,143.27999877929688,144.0,125,0.0,0.1
2002-06-04 00:00:00-04:00,144.0,144.0,144.0,144.0,42,0.0,0.0
2002-06-05 00:00:00-04:00,144.0,144.0,144.0,144.0,0,0.0,0.0
2002-06-06 00:00:00-04:00,144.0,144.0,143.27999877929688,143.27999877929688,83,0.0,0.0
2002-06-07 00:00:00-04:00,143.27999877929688,143.27999877929688,143.27999877929688,143.27999877929688,0,0.0,0.0
2002-06-10 00:00:00-04:00,144.0,162.0,133.1999969482422,162.0,111,0.0,0.0
2002-06-11 00:00:00-04:00,142.1999969482422,162.0,142.1999969482422,162.0,61,0.0,0.0
2002-06-12 00:00:00-04:00,162.0,162.0,162.0,162.0,0,0.0,0.0
2002-06-13 00:00:00-04:00,162.0,162.0,162.0,162.0,0,0.0,0.0
2002-06-14 00:00:00-04:00,158.39999389648438,158.39999389648438,158.39999389648438,158.39999389648438,6,0.0,0.0
2002-06-17 00:00:00-04:00,158.39999389648438,158.39999389648438,158.39999389648438,158.39999389648438,0,0.0,0.0
2002-06-18 00:00:00-04:00,176.39999389648438,189.0,174.60000610351562,189.0,97,0.0,0.0
2002-06-19 00:00:00-04:00,189.0,189.0,189.0,189.0,0,0.0,0.0
2002-06-20 00:00:00-04:00,201.60000610351562,216.0,201.60000610351562,216.0,28,0.0,0.0
2002-06-21 00:00:00-04:00,189.0,189.0,189.0,189.0,3,0.0,0.0
2002-06-24 00:00:00-04:00,189.0,189.0,189.0,189.0,14,0.0,0.0
2002-06-25 00:00:00-04:00,189.0,189.0,180.0,180.0,39,0.0,0.0
2002-06-26 00:00:00-04:00,189.0,189.0,180.0,180.0,19,0.0,0.0
2002-06-27 00:00:00-04:00,180.0,187.1999969482422,180.0,180.0,111,0.0,0.0
2002-06-28 00:00:00-04:00,180.0,180.0,180.0,180.0,0,0.0,0.0
2002-07-01 00:00:00-04:00,187.1999969482422,187.1999969482422,187.1999969482422,187.1999969482422,89,0.0,0.0
2002-07-02 00:00:00-04:00,187.1999969482422,187.1999969482422,187.1999969482422,187.1999969482422,0,0.0,0.0
2002-07-03 00:00:00-04:00,187.1999969482422,189.0,187.1999969482422,189.0,56,0.0,0.0
2002-07-05 00:00:00-04:00,189.0,189.0,189.0,189.0,0,0.0,0.0
2002-07-08 00:00:00-04:00,189.0,189.0,189.0,189.0,0,0.0,0.0
2002-07-09 00:00:00-04:00,187.1999969482422,189.0,180.0,180.0,275,0.0,0.0
2002-07-10 00:00:00-04:00,176.39999389648438,176.39999389648438,176.39999389648438,176.39999389648438,14,0.0,0.0
2002-07-11 00:00:00-04:00,167.39999389648438,180.0,167.39999389648438,167.39999389648438,50,0.0,0.0
2002-07-12 00:00:00-04:00,167.39999389648438,167.39999389648438,154.8000030517578,162.0,97,0.0,0.0
2002-07-15 00:00:00-04:00,154.8000030517578,154.8000030517578,154.8000030517578,154.8000030517578,19,0.0,0.0
2002-07-16 00:00:00-04:00,154.8000030517578,154.8000030517578,154.8000030517578,154.8000030517578,0,0.0,0.0
2002-07-17 00:00:00-04:00,154.8000030517578,154.8000030517578,147.60000610351562,147.60000610351562,25,0.0,0.0
2002-07-18 00:00:00-04:00,153.0,153.0,151.1999969482422,153.0,175,0.0,0.0
2002-07-19 00:00:00-04:00,153.0,153.0,151.1999969482422,151.1999969482422,36,0.0,0.0
2002-07-22 00:00:00-04:00,151.1999969482422,153.0,138.60000610351562,153.0,94,0.0,0.0
2002-07-23 00:00:00-04:00,138.60000610351562,138.60000610351562,138.60000610351562,138.60000610351562,3,0.0,0.0
2002-07-24 00:00:00-04:00,138.60000610351562,153.0,138.60000610351562,153.0,203,0.0,0.0
2002-07-25 00:00:00-04:00,140.39999389648438,151.1999969482422,140.39999389648438,150.83999633789062,94,0.0,0.0
2002-07-26 00:00:00-04:00,144.0,144.0,144.0,144.0,14,0.0,0.0
2002-07-29 00:00:00-04:00,151.1999969482422,151.1999969482422,151.1999969482422,151.1999969482422,3,0.0,0.0
2002-07-30 00:00:00-04:00,151.1999969482422,151.1999969482422,151.1999969482422,151.1999969482422,0,0.0,0.0
2002-07-31 00:00:00-04:00,151.1999969482422,151.1999969482422,151.1999969482422,151.1999969482422,0,0.0,0.0
2002-08-01 00:00:00-04:00,151.1999969482422,151.1999969482422,151.1999969482422,151.1999969482422,0,0.0,0.0
2002-08-02 00:00:00-04:00,144.0,144.0,144.0,144.0,14,0.0,0.0
2002-08-05 00:00:00-04:00,144.0,144.0,144.0,144.0,25,0.0,0.0
2002-08-06 00:00:00-04:00,144.0,144.0,144.0,144.0,0,0.0,0.0
2002-08-07 00:00:00-04:00,136.8000030517578,136.8000030517578,136.8000030517578,136.8000030517578,28,0.0,0.0
2002-08-08 00:00:00-04:00,136.8000030517578,136.8000030517578,136.8000030517578,136.8000030517578,0,0.0,0.0
2002-08-09 00:00:00-04:00,136.8000030517578,136.8000030517578,136.8000030517578,136.8000030517578,0,0.0,0.0
2002-08-12 00:00:00-04:00,136.8000030517578,136.8000030517578,136.8000030517578,136.8000030517578,0,0.0,0.0
2002-08-13 00:00:00-04:00,136.8000030517578,140.39999389648438,136.8000030517578,136.8000030517578,75,0.0,0.0
2002-08-14 00:00:00-04:00,136.8000030517578,140.39999389648438,136.8000030517578,140.39999389648438,108,0.0,0.0
2002-08-15 00:00:00-04:00,127.80000305175781,127.80000305175781,126.0,126.0,61,0.0,0.0
2002-08-16 00:00:00-04:00,126.0,126.0,126.0,126.0,6,0.0,0.0
2002-08-19 00:00:00-04:00,126.0,126.0,126.0,126.0,8,0.0,0.0
2002-08-20 00:00:00-04:00,126.0,126.0,126.0,126.0,0,0.0,0.0
2002-08-21 00:00:00-04:00,126.0,126.0,126.0,126.0,0,0.0,0.0
2002-08-22 00:00:00-04:00,126.0,126.0,126.0,126.0,14,0.0,0.0
2002-08-23 00:00:00-04:00,120.5999984741211,135.0,120.5999984741211,135.0,56,0.0,0.0
2002-08-26 00:00:00-04:00,135.0,135.0,135.0,135.0,0,0.0,0.0
2002-08-27 00:00:00-04:00,135.0,135.0,135.0,135.0,0,0.0,0.0
2002-08-28 00:00:00-04:00,135.0,135.0,135.0,135.0,0,0.0,0.0
2002-08-29 00:00:00-04:00,135.0,135.0,135.0,135.0,0,0.0,0.0
2002-08-30 00:00:00-04:00,135.0,135.0,135.0,135.0,0,0.0,0.0
2002-09-03 00:00:00-04:00,135.0,135.0,135.0,135.0,0,0.0,0.0
2002-09-04 00:00:00-04:00,129.60000610351562,129.60000610351562,129.60000610351562,129.60000610351562,56,0.0,0.0
2002-09-05 00:00:00-04:00,129.60000610351562,129.60000610351562,129.60000610351562,129.60000610351562,0,0.0,0.0
2002-09-06 00:00:00-04:00,133.1999969482422,133.1999969482422,124.19999694824219,124.19999694824219,11,0.0,0.0
2002-09-09 00:00:00-04:00,129.60000610351562,140.39999389648438,129.60000610351562,135.0,42,0.0,0.0
2002-09-10 00:00:00-04:00,140.39999389648438,151.1999969482422,136.8000030517578,151.1999969482422,50,0.0,0.0
2002-09-11 00:00:00-04:00,151.1999969482422,151.1999969482422,151.1999969482422,151.1999969482422,0,0.0,0.0
2002-09-12 00:00:00-04:00,151.1999969482422,151.1999969482422,151.1999969482422,151.1999969482422,0,0.0,0.0
2002-09-13 00:00:00-04:00,151.1999969482422,151.1999969482422,151.1999969482422,151.1999969482422,0,0.0,0.0
2002-09-16 00:00:00-04:00,151.1999969482422,151.1999969482422,151.1999969482422,151.1999969482422,0,0.0,0.0
2002-09-17 00:00:00-04:00,145.8000030517578,151.1999969482422,145.8000030517578,151.1999969482422,103,0.0,0.0
2002-09-18 00:00:00-04:00,145.8000030517578,145.8000030517578,145.8000030517578,145.8000030517578,33,0.0,0.0
2002-09-19 00:00:00-04:00,151.1999969482422,163.8000030517578,145.8000030517578,145.8000030517578,231,0.0,0.0
2002-09-20 00:00:00-04:00,145.8000030517578,145.8000030517578,145.8000030517578,145.8000030517578,0,0.0,0.0
2002-09-23 00:00:00-04:00,136.8000030517578,136.8000030517578,136.8000030517578,136.8000030517578,19,0.0,0.0
2002-09-24 00:00:00-04:00,136.8000030517578,136.8000030517578,136.8000030517578,136.8000030517578,0,0.0,0.0
2002-09-25 00:00:00-04:00,136.8000030517578,136.8000030517578,136.8000030517578,136.8000030517578,6,0.0,0.0
2002-09-26 00:00:00-04:00,136.8000030517578,136.8000030517578,136.8000030517578,136.8000030517578,0,0.0,0.0
2002-09-27 00:00:00-04:00,136.8000030517578,140.39999389648438,122.4000015258789,122.4000015258789,89,0.0,0.0
2002-09-30 00:00:00-04:00,136.8000030517578,140.39999389648438,136.8000030517578,140.39999389648438,167,0.0,0.0
2002-10-01 00:00:00-04:00,135.0,135.0,135.0,135.0,28,0.0,0.0
2002-10-02 00:00:00-04:00,135.0,135.0,135.0,135.0,0,0.0,0.0
2002-10-03 00:00:00-04:00,135.0,135.0,135.0,135.0,0,0.0,0.0
2002-10-04 00:00:00-04:00,129.60000610351562,129.60000610351562,129.60000610351562,129.60000610351562,3,0.0,0.0
2002-10-07 00:00:00-04:00,120.5999984741211,122.4000015258789,97.19999694824219,97.19999694824219,208,0.0,0.0
2002-10-08 00:00:00-04:00,84.5999984741211,90.0,84.5999984741211,89.63999938964844,100,0.0,0.0
2002-10-09 00:00:00-04:00,90.0,90.0,81.0,81.0,97,0.0,0.0
2002-10-10 00:00:00-04:00,82.80000305175781,93.5999984741211,82.80000305175781,93.5999984741211,42,0.0,0.0
2002-10-11 00:00:00-04:00,89.63999938964844,97.19999694824219,81.0,81.0,178,0.0,0.0
2002-10-14 00:00:00-04:00,97.19999694824219,97.19999694824219,97.19999694824219,97.19999694824219,14,0.0,0.0
2002-10-15 00:00:00-04:00,82.80000305175781,108.0,82.80000305175781,108.0,328,0.0,0.0
2002-10-16 00:00:00-04:00,108.0,117.0,108.0,111.5999984741211,356,0.0,0.0
2002-10-17 00:00:00-04:00,111.5999984741211,111.5999984741211,111.5999984741211,111.5999984741211,0,0.0,0.0
2002-10-18 00:00:00-04:00,104.4000015258789,104.4000015258789,104.4000015258789,104.4000015258789,8,0.0,0.0
2002-10-21 00:00:00-04:00,108.0,108.0,108.0,108.0,6,0.0,0.0
2002-10-22 00:00:00-04:00,99.0,106.19999694824219,99.0,106.19999694824219,22,0.0,0.0
2002-10-23 00:00:00-04:00,95.4000015258789,108.0,95.4000015258789,108.0,33,0.0,0.0
2002-10-24 00:00:00-04:00,95.4000015258789,106.19999694824219,95.4000015258789,106.19999694824219,94,0.0,0.0
2002-10-25 00:00:00-04:00,99.0,106.19999694824219,99.0,106.19999694824219,28,0.0,0.0
2002-10-28 00:00:00-05:00,106.19999694824219,106.19999694824219,106.19999694824219,106.19999694824219,28,0.0,0.0
2002-10-29 00:00:00-05:00,99.0,99.0,99.0,99.0,3,0.0,0.0
2002-10-30 00:00:00-05:00,99.0,99.0,99.0,99.0,0,0.0,0.0
2002-10-31 00:00:00-05:00,106.19999694824219,107.27999877929688,90.0,107.27999877929688,56,0.0,0.0
2002-11-01 00:00:00-05:00,106.19999694824219,106.19999694824219,106.19999694824219,106.19999694824219,8,0.0,0.0
2002-11-04 00:00:00-05:00,106.19999694824219,106.19999694824219,106.19999694824219,106.19999694824219,0,0.0,0.0
2002-11-05 00:00:00-05:00,104.4000015258789,104.4000015258789,104.4000015258789,104.4000015258789,6,0.0,0.0
2002-11-06 00:00:00-05:00,86.4000015258789,99.0,86.4000015258789,99.0,19,0.0,0.0
2002-11-07 00:00:00-05:00,86.4000015258789,90.0,73.80000305175781,81.0,1683,0.0,0.0
2002-11-08 00:00:00-05:00,81.0,81.0,68.76000213623047,72.0,1742,0.0,0.0
2002-11-11 00:00:00-05:00,72.0,77.4000015258789,72.0,75.5999984741211,194,0.0,0.0
2002-11-12 00:00:00-05:00,75.5999984741211,75.5999984741211,75.5999984741211,75.5999984741211,1908,0.0,0.0
2002-11-13 00:00:00-05:00,75.5999984741211,82.80000305175781,75.5999984741211,82.80000305175781,281,0.0,0.0
2002-11-14 00:00:00-05:00,72.0,77.4000015258789,72.0,77.4000015258789,56,0.0,0.0
2002-11-15 00:00:00-05:00,82.80000305175781,82.80000305175781,82.80000305175781,82.80000305175781,6,0.0,0.0
2002-11-18 00:00:00-05:00,82.80000305175781,82.80000305175781,82.80000305175781,82.80000305175781,56,0.0,0.0
2002-11-19 00:00:00-05:00,82.80000305175781,82.80000305175781,82.80000305175781,82.80000305175781,0,0.0,0.0
2002-11-20 00:00:00-05:00,79.19999694824219,82.80000305175781,77.4000015258789,79.19999694824219,222,0.0,0.0
2002-11-21 00:00:00-05:00,79.19999694824219,79.19999694824219,79.19999694824219,79.19999694824219,0,0.0,0.0
2002-11-22 00:00:00-05:00,79.19999694824219,84.5999984741211,75.5999984741211,84.5999984741211,50,0.0,0.0
2002-11-25 00:00:00-05:00,84.5999984741211,84.5999984741211,84.5999984741211,84.5999984741211,0,0.0,0.0
2002-11-26 00:00:00-05:00,84.5999984741211,84.5999984741211,84.5999984741211,84.5999984741211,0,0.0,0.0
2002-11-27 00:00:00-05:00,75.5999984741211,93.5999984741211,75.5999984741211,93.5999984741211,22,0.0,0.0
2002-11-29 00:00:00-05:00,104.4000015258789,104.4000015258789,104.4000015258789,104.4000015258789,11,0.0,0.0
2002-12-02 00:00:00-05:00,90.0,104.4000015258789,90.0,104.4000015258789,17,0.0,0.0
2002-12-03 00:00:00-05:00,104.4000015258789,104.4000015258789,104.4000015258789,104.4000015258789,0,0.0,0.0
2002-12-04 00:00:00-05:00,90.0,104.4000015258789,90.0,104.4000015258789,14,0.0,0.0
2002-12-05 00:00:00-05:00,104.4000015258789,104.4000015258789,104.4000015258789,104.4000015258789,0,0.0,0.0
2002-12-06 00:00:00-05:00,90.0,100.80000305175781,90.0,100.80000305175781,181,0.0,0.0
2002-12-09 00:00:00-05:00,91.80000305175781,99.0,91.80000305175781,93.5999984741211,67,0.0,0.0
2002-12-10 00:00:00-05:00,93.5999984741211,93.5999984741211,93.5999984741211,93.5999984741211,0,0.0,0.0
2002-12-11 00:00:00-05:00,95.4000015258789,95.4000015258789,95.4000015258789,95.4000015258789,17,0.0,0.0
2002-12-12 00:00:00-05:00,95.4000015258789,102.5999984741211,95.4000015258789,102.5999984741211,319,0.0,0.0
2002-12-13 00:00:00-05:00,95.4000015258789,100.80000305175781,90.0,100.80000305175781,167,0.0,0.0
2002-12-16 00:00:00-05:00,100.80000305175781,100.80000305175781,90.36000061035156,99.0,78,0.0,0.0
2002-12-17 00:00:00-05:00,99.0,99.0,90.0,99.0,25,0.0,0.0
2002-12-18 00:00:00-05:00,99.0,99.0,92.16000366210938,92.16000366210938,847,0.0,0.0
2002-12-19 00:00:00-05:00,99.0,99.0,99.0,99.0,42,0.0,0.0
2002-12-20 00:00:00-05:00,91.80000305175781,91.80000305175781,91.80000305175781,91.80000305175781,3,0.0,0.0
2002-12-23 00:00:00-05:00,95.4000015258789,95.4000015258789,90.0,90.0,11,0.0,0.0
2002-12-24 00:00:00-05:00,99.0,99.0,79.19999694824219,79.19999694824219,33,0.0,0.0
2002-12-26 00:00:00-05:00,79.19999694824219,108.0,79.19999694824219,108.0,167,0.0,0.0
2002-12-27 00:00:00-05:00,117.0,117.0,99.0,117.0,164,0.0,0.0
2002-12-30 00:00:00-05:00,117.0,129.60000610351562,108.0,129.60000610351562,392,0.0,0.0
2002-12-31 00:00:00-05:00,129.60000610351562,129.60000610351562,118.80000305175781,120.5999984741211,1325,0.0,0.0
2003-01-02 00:00:00-05:00,118.80000305175781,118.80000305175781,118.80000305175781,118.80000305175781,6,0.0,0.0
2003-01-03 00:00:00-05:00,115.91999816894531,118.80000305175781,115.91999816894531,118.80000305175781,1275,0.0,0.0
2003-01-06 00:00:00-05:00,118.80000305175781,129.60000610351562,104.4000015258789,104.4000015258789,3636,0.0,0.0
2003-01-07 00:00:00-05:00,99.0,109.80000305175781,90.0,99.0,536,0.0,0.0
2003-01-08 00:00:00-05:00,97.19999694824219,100.80000305175781,91.80000305175781,91.80000305175781,458,0.0,0.0
2003-01-09 00:00:00-05:00,93.5999984741211,99.0,93.5999984741211,99.0,472,0.0,0.0
2003-01-10 00:00:00-05:00,95.4000015258789,99.0,95.4000015258789,99.0,19,0.0,0.0
2003-01-13 00:00:00-05:00,95.4000015258789,99.0,93.5999984741211,99.0,89,0.0,0.0
2003-01-14 00:00:00-05:00,93.5999984741211,100.80000305175781,88.19999694824219,100.80000305175781,544,0.0,0.0
2003-01-15 00:00:00-05:00,100.80000305175781,100.80000305175781,100.80000305175781,100.80000305175781,0,0.0,0.0
2003-01-16 00:00:00-05:00,88.19999694824219,100.80000305175781,88.19999694824219,100.80000305175781,28,0.0,0.0
2003-01-17 00:00:00-05:00,93.5999984741211,99.0,88.19999694824219,99.0,28,0.0,0.0
2003-01-21 00:00:00-05:00,99.0,99.0,99.0,99.0,0,0.0,0.0
2003-01-22 00:00:00-05:00,90.0,90.0,90.0,90.0,28,0.0,0.0
2003-01-23 00:00:00-05:00,90.0,90.0,90.0,90.0,6,0.0,0.0
2003-01-24 00:00:00-05:00,99.0,99.0,99.0,99.0,8,0.0,0.0
2003-01-27 00:00:00-05:00,99.0,99.0,99.0,99.0,0,0.0,0.0
2003-01-28 00:00:00-05:00,99.0,99.0,99.0,99.0,0,0.0,0.0
2003-01-29 00:00:00-05:00,99.0,99.0,99.0,99.0,0,0.0,0.0
2003-01-30 00:00:00-05:00,93.5999984741211,93.5999984741211,93.5999984741211,93.5999984741211,14,0.0,0.0
2003-01-31 00:00:00-05:00,93.5999984741211,93.5999984741211,93.5999984741211,93.5999984741211,0,0.0,0.0
2003-02-03 00:00:00-05:00,93.5999984741211,93.5999984741211,93.5999984741211,93.5999984741211,0,0.0,0.0
2003-02-04 00:00:00-05:00,93.5999984741211,93.5999984741211,93.5999984741211,93.5999984741211,0,0.0,0.0
2003-02-05 00:00:00-05:00,90.0,90.0,90.0,90.0,28,0.0,0.0
2003-02-06 00:00:00-05:00,88.19999694824219,88.19999694824219,86.4000015258789,86.4000015258789,75,0.0,0.0
2003-02-07 00:00:00-05:00,84.5999984741211,88.19999694824219,84.5999984741211,88.19999694824219,200,0.0,0.0
2003-02-10 00:00:00-05:00,81.0,84.5999984741211,77.4000015258789,84.5999984741211,319,0.0,0.0
2003-02-11 00:00:00-05:00,81.0,81.0,81.0,81.0,6,0.0,0.0
2003-02-12 00:00:00-05:00,81.0,81.0,81.0,81.0,89,0.0,0.0
2003-02-13 00:00:00-05:00,81.0,81.0,81.0,81.0,28,0.0,0.0
2003-02-14 00:00:00-05:00,83.87999725341797,83.87999725341797,83.87999725341797,83.87999725341797,14,0.0,0.0
2003-02-18 00:00:00-05:00,86.4000015258789,86.4000015258789,86.4000015258789,86.4000015258789,14,0.0,0.0
2003-02-19 00:00:00-05:00,86.4000015258789,86.4000015258789,86.4000015258789,86.4000015258789,0,0.0,0.0
2003-02-20 00:00:00-05:00,81.0,81.0,81.0,81.0,6,0.0,0.0
2003-02-21 00:00:00-05:00,81.0,86.4000015258789,81.0,86.4000015258789,11,0.0,0.0
2003-02-24 00:00:00-05:00,86.4000015258789,86.4000015258789,86.4000015258789,86.4000015258789,0,0.0,0.0
2003-02-25 00:00:00-05:00,86.4000015258789,86.4000015258789,86.4000015258789,86.4000015258789,0,0.0,0.0
2003-02-26 00:00:00-05:00,83.5199966430664,83.5199966430664,81.0,83.5199966430664,114,0.0,0.0
2003-02-27 00:00:00-05:00,82.80000305175781,82.80000305175781,82.80000305175781,82.80000305175781,108,0.0,0.0
2003-02-28 00:00:00-05:00,75.5999984741211,84.5999984741211,75.5999984741211,84.5999984741211,25,0.0,0.0
2003-03-03 00:00:00-05:00,77.4000015258789,77.4000015258789,77.4000015258789,77.4000015258789,3,0.0,0.0
2003-03-04 00:00:00-05:00,77.4000015258789,79.19999694824219,70.19999694824219,70.19999694824219,433,0.0,0.0
2003-03-05 00:00:00-05:00,63.0,72.0,59.400001525878906,72.0,328,0.0,0.0
2003-03-06 00:00:00-05:00,72.0,72.0,72.0,72.0,28,0.0,0.0
2003-03-07 00:00:00-05:00,72.0,72.0,72.0,72.0,0,0.0,0.0
2003-03-10 00:00:00-05:00,72.0,72.0,72.0,72.0,0,0.0,0.0
2003-03-11 00:00:00-05:00,72.0,72.0,72.0,72.0,0,0.0,0.0
2003-03-12 00:00:00-05:00,72.0,72.0,72.0,72.0,0,0.0,0.0
2003-03-13 00:00:00-05:00,72.0,77.4000015258789,72.0,77.4000015258789,42,0.0,0.0
2003-03-14 00:00:00-05:00,77.4000015258789,77.4000015258789,77.4000015258789,77.4000015258789,0,0.0,0.0
2003-03-17 00:00:00-05:00,77.4000015258789,77.4000015258789,68.4000015258789,68.4000015258789,61,0.0,0.0
2003-03-18 00:00:00-05:00,77.4000015258789,82.80000305175781,73.80000305175781,81.0,617,0.0,0.0
2003-03-19 00:00:00-05:00,79.19999694824219,82.80000305175781,79.19999694824219,82.80000305175781,67,0.0,0.0
2003-03-20 00:00:00-05:00,77.4000015258789,81.0,76.31999969482422,81.0,81,0.0,0.0
2003-03-21 00:00:00-05:00,81.0,81.0,79.19999694824219,81.0,94,0.0,0.0
2003-03-24 00:00:00-05:00,81.0,81.0,79.55999755859375,81.0,317,0.0,0.0
2003-03-25 00:00:00-05:00,79.55999755859375,81.0,79.19999694824219,79.19999694824219,258,0.0,0.0
2003-03-26 00:00:00-05:00,76.31999969482422,81.72000122070312,76.31999969482422,81.72000122070312,92,0.0,0.0
2003-03-27 00:00:00-05:00,80.27999877929688,81.0,80.27999877929688,81.0,17,0.0,0.0
2003-03-28 00:00:00-05:00,81.0,81.0,81.0,81.0,0,0.0,0.0
2003-03-31 00:00:00-05:00,76.31999969482422,77.4000015258789,75.5999984741211,77.4000015258789,94,0.0,0.0
2003-04-01 00:00:00-05:00,79.19999694824219,81.72000122070312,66.5999984741211,66.5999984741211,328,0.0,0.0
2003-04-02 00:00:00-05:00,66.5999984741211,66.5999984741211,66.5999984741211,66.5999984741211,0,0.0,0.0
2003-04-03 00:00:00-05:00,66.5999984741211,66.5999984741211,66.5999984741211,66.5999984741211,0,0.0,0.0
2003-04-04 00:00:00-05:00,79.91999816894531,81.0,79.91999816894531,81.0,11,0.0,0.0
2003-04-07 00:00:00-04:00,72.0,81.0,72.0,79.19999694824219,47,0.0,0.0
2003-04-08 00:00:00-04:00,75.5999984741211,75.5999984741211,73.80000305175781,73.80000305175781,11,0.0,0.0
2003-04-09 00:00:00-04:00,72.0,72.0,72.0,72.0,11,0.0,0.0
2003-04-10 00:00:00-04:00,72.0,72.0,72.0,72.0,0,0.0,0.0
2003-04-11 00:00:00-04:00,80.63999938964844,80.63999938964844,80.63999938964844,80.63999938964844,8,0.0,0.0
2003-04-14 00:00:00-04:00,80.63999938964844,80.63999938964844,80.63999938964844,80.63999938964844,0,0.0,0.0
2003-04-15 00:00:00-04:00,73.80000305175781,73.80000305175781,73.80000305175781,73.80000305175781,3,0.0,0.0
2003-04-16 00:00:00-04:00,73.80000305175781,73.80000305175781,73.80000305175781,73.80000305175781,0,0.0,0.0
2003-04-17 00:00:00-04:00,73.80000305175781,73.80000305175781,73.80000305175781,73.80000305175781,0,0.0,0.0
2003-04-21 00:00:00-04:00,73.80000305175781,73.80000305175781,73.80000305175781,73.80000305175781,0,0.0,0.0
2003-04-22 00:00:00-04:00,73.80000305175781,73.80000305175781,73.80000305175781,73.80000305175781,0,0.0,0.0
2003-04-23 00:00:00-04:00,73.80000305175781,73.80000305175781,73.80000305175781,73.80000305175781,0,0.0,0.0
2003-04-24 00:00:00-04:00,73.80000305175781,79.19999694824219,73.80000305175781,77.4000015258789,114,0.0,0.0
2003-04-25 00:00:00-04:00,73.80000305175781,80.27999877929688,73.80000305175781,80.27999877929688,83,0.0,0.0
2003-04-28 00:00:00-04:00,73.80000305175781,73.80000305175781,73.80000305175781,73.80000305175781,3,0.0,0.0
2003-04-29 00:00:00-04:00,73.80000305175781,73.80000305175781,73.80000305175781,73.80000305175781,0,0.0,0.0
2003-04-30 00:00:00-04:00,81.0,84.5999984741211,79.19999694824219,82.80000305175781,1394,0.0,0.0
2003-05-01 00:00:00-04:00,82.08000183105469,82.08000183105469,79.19999694824219,81.0,342,0.0,0.0
2003-05-02 00:00:00-04:00,79.19999694824219,82.80000305175781,79.19999694824219,82.80000305175781,14,0.0,0.0
2003-05-05 00:00:00-04:00,73.80000305175781,84.5999984741211,73.80000305175781,81.36000061035156,728,0.0,0.0
2003-05-06 00:00:00-04:00,81.0,81.0,81.0,81.0,28,0.0,0.0
2003-05-07 00:00:00-04:00,84.5999984741211,84.5999984741211,81.0,83.87999725341797,939,0.0,0.0
2003-05-08 00:00:00-04:00,79.19999694824219,79.19999694824219,79.19999694824219,79.19999694824219,28,0.0,0.0
2003-05-09 00:00:00-04:00,79.19999694824219,79.19999694824219,79.19999694824219,79.19999694824219,0,0.0,0.0
2003-05-12 00:00:00-04:00,81.0,81.0,75.5999984741211,78.83999633789062,144,0.0,0.0
2003-05-13 00:00:00-04:00,75.5999984741211,78.12000274658203,73.80000305175781,78.12000274658203,144,0.0,0.0
2003-05-14 00:00:00-04:00,78.12000274658203,78.12000274658203,78.12000274658203,78.12000274658203,0,0.0,0.0
2003-05-15 00:00:00-04:00,78.12000274658203,78.12000274658203,78.12000274658203,78.12000274658203,0,0.0,0.0
2003-05-16 00:00:00-04:00,75.5999984741211,81.0,75.5999984741211,79.19999694824219,89,0.0,0.0
2003-05-19 00:00:00-04:00,81.36000061035156,81.36000061035156,81.36000061035156,81.36000061035156,86,0.0,0.0
2003-05-20 00:00:00-04:00,78.12000274658203,78.12000274658203,78.12000274658203,78.12000274658203,14,0.0,0.0
2003-05-21 00:00:00-04:00,81.0,81.0,79.91999816894531,81.0,194,0.0,0.0
2003-05-22 00:00:00-04:00,79.91999816894531,84.5999984741211,79.91999816894531,83.87999725341797,1228,0.0,0.0
2003-05-23 00:00:00-04:00,84.5999984741211,90.0,75.5999984741211,86.4000015258789,578,0.0,0.0
2003-05-27 00:00:00-04:00,86.4000015258789,86.4000015258789,86.4000015258789,86.4000015258789,0,0.0,0.0
2003-05-28 00:00:00-04:00,81.0,84.5999984741211,81.0,82.80000305175781,222,0.0,0.0
2003-05-29 00:00:00-04:00,82.08000183105469,82.08000183105469,82.08000183105469,82.08000183105469,83,0.0,0.0
2003-05-30 00:00:00-04:00,82.08000183105469,82.08000183105469,82.08000183105469,82.08000183105469,0,0.0,0.0
2003-06-02 00:00:00-04:00,81.0,81.0,76.31999969482422,76.31999969482422,25,0.0,0.0
2003-06-03 00:00:00-04:00,81.0,81.0,76.31999969482422,76.31999969482422,69,0.0,0.0
2003-06-04 00:00:00-04:00,76.31999969482422,111.5999984741211,76.31999969482422,99.0,1519,0.0,0.0
2003-06-05 00:00:00-04:00,108.0,108.0,81.0,81.0,47,0.0,0.0
2003-06-06 00:00:00-04:00,99.0,100.80000305175781,99.0,100.80000305175781,83,0.0,0.0
2003-06-09 00:00:00-04:00,104.4000015258789,109.80000305175781,100.80000305175781,109.08000183105469,342,0.0,0.0
2003-06-10 00:00:00-04:00,100.80000305175781,109.80000305175781,81.0,81.0,372,0.0,0.0
2003-06-11 00:00:00-04:00,82.80000305175781,82.80000305175781,82.80000305175781,82.80000305175781,8,0.0,0.0
2003-06-12 00:00:00-04:00,109.80000305175781,111.5999984741211,108.0,108.0,894,0.0,0.0
2003-06-13 00:00:00-04:00,108.0,108.0,108.0,108.0,28,0.0,0.0
2003-06-16 00:00:00-04:00,108.0,108.0,108.0,108.0,39,0.0,0.0
2003-06-17 00:00:00-04:00,108.0,108.72000122070312,100.80000305175781,100.80000305175781,250,0.0,0.0
2003-06-18 00:00:00-04:00,108.0,108.0,108.0,108.0,42,0.0,0.0
2003-06-19 00:00:00-04:00,108.0,108.0,108.0,108.0,0,0.0,0.0
2003-06-20 00:00:00-04:00,100.80000305175781,100.80000305175781,100.80000305175781,100.80000305175781,83,0.0,0.0
2003-06-23 00:00:00-04:00,95.4000015258789,97.19999694824219,95.4000015258789,97.19999694824219,28,0.0,0.0
2003-06-24 00:00:00-04:00,97.19999694824219,97.19999694824219,97.19999694824219,97.19999694824219,0,0.0,0.0
2003-06-25 00:00:00-04:00,95.4000015258789,97.19999694824219,95.4000015258789,97.19999694824219,58,0.0,0.0
2003-06-26 00:00:00-04:00,102.23999786376953,102.5999984741211,99.0,102.5999984741211,125,0.0,0.0
2003-06-27 00:00:00-04:00,100.80000305175781,102.5999984741211,100.80000305175781,102.5999984741211,339,0.0,0.0
2003-06-30 00:00:00-04:00,100.80000305175781,105.4800033569336,100.80000305175781,105.4800033569336,44,0.0,0.0
2003-07-01 00:00:00-04:00,100.80000305175781,102.5999984741211,100.80000305175781,102.5999984741211,69,0.0,0.0
2003-07-02 00:00:00-04:00,100.80000305175781,104.4000015258789,100.80000305175781,104.04000091552734,222,0.0,0.0
2003-07-03 00:00:00-04:00,102.5999984741211,102.5999984741211,102.23999786376953,102.5999984741211,278,0.0,0.0
2003-07-07 00:00:00-04:00,97.19999694824219,104.4000015258789,97.19999694824219,104.4000015258789,17,0.0,0.0
2003-07-08 00:00:00-04:00,104.4000015258789,104.4000015258789,102.5999984741211,104.4000015258789,44,0.0,0.0
2003-07-09 00:00:00-04:00,104.4000015258789,104.4000015258789,104.4000015258789,104.4000015258789,0,0.0,0.0
2003-07-10 00:00:00-04:00,97.19999694824219,97.19999694824219,97.19999694824219,97.19999694824219,14,0.0,0.0
2003-07-11 00:00:00-04:00,97.55999755859375,100.80000305175781,97.55999755859375,100.80000305175781,75,0.0,0.0
2003-07-14 00:00:00-04:00,97.55999755859375,100.80000305175781,97.19999694824219,97.19999694824219,81,0.0,0.0
2003-07-15 00:00:00-04:00,97.19999694824219,97.55999755859375,97.19999694824219,97.55999755859375,58,0.0,0.0
2003-07-16 00:00:00-04:00,97.19999694824219,97.55999755859375,95.4000015258789,97.19999694824219,683,0.0,0.0
2003-07-17 00:00:00-04:00,95.4000015258789,97.19999694824219,95.4000015258789,97.19999694824219,181,0.0,0.0
2003-07-18 00:00:00-04:00,95.4000015258789,96.12000274658203,95.4000015258789,96.12000274658203,111,0.0,0.0
2003-07-21 00:00:00-04:00,95.4000015258789,95.4000015258789,93.5999984741211,93.5999984741211,28,0.0,0.0
2003-07-22 00:00:00-04:00,91.80000305175781,91.80000305175781,91.80000305175781,91.80000305175781,25,0.0,0.0
2003-07-23 00:00:00-04:00,91.80000305175781,91.80000305175781,90.0,90.0,69,0.0,0.0
2003-07-24 00:00:00-04:00,90.0,90.0,90.0,90.0,25,0.0,0.0
2003-07-25 00:00:00-04:00,90.0,90.0,90.0,90.0,0,0.0,0.0
2003-07-28 00:00:00-04:00,90.0,90.0,90.0,90.0,0,0.0,0.0
2003-07-29 00:00:00-04:00,91.80000305175781,93.23999786376953,88.91999816894531,88.91999816894531,258,0.0,0.0
2003-07-30 00:00:00-04:00,88.91999816894531,88.91999816894531,88.91999816894531,88.91999816894531,3,0.0,0.0
2003-07-31 00:00:00-04:00,88.91999816894531,88.91999816894531,88.91999816894531,88.91999816894531,0,0.0,0.0
2003-08-01 00:00:00-04:00,93.5999984741211,93.5999984741211,93.5999984741211,93.5999984741211,17,0.0,0.0
2003-08-04 00:00:00-04:00,93.5999984741211,93.5999984741211,93.5999984741211,93.5999984741211,0,0.0,0.0
2003-08-05 00:00:00-04:00,88.19999694824219,91.80000305175781,88.19999694824219,91.80000305175781,139,0.0,0.0
2003-08-06 00:00:00-04:00,91.80000305175781,93.5999984741211,91.80000305175781,93.5999984741211,153,0.0,0.0
2003-08-07 00:00:00-04:00,95.4000015258789,111.5999984741211,95.4000015258789,99.0,494,0.0,0.0
2003-08-08 00:00:00-04:00,100.08000183105469,106.19999694824219,99.0,99.0,361,0.0,0.0
2003-08-11 00:00:00-04:00,100.80000305175781,102.5999984741211,100.80000305175781,102.5999984741211,53,0.0,0.0
2003-08-12 00:00:00-04:00,104.4000015258789,104.4000015258789,99.0,99.0,58,0.0,0.0
2003-08-13 00:00:00-04:00,104.4000015258789,106.19999694824219,100.80000305175781,100.80000305175781,97,0.0,0.0
2003-08-14 00:00:00-04:00,99.0,100.80000305175781,97.91999816894531,99.0,306,0.0,0.0
2003-08-15 00:00:00-04:00,97.91999816894531,99.0,97.91999816894531,99.0,278,0.0,0.0
2003-08-18 00:00:00-04:00,97.91999816894531,99.0,97.91999816894531,97.91999816894531,233,0.0,0.0
2003-08-19 00:00:00-04:00,104.4000015258789,111.5999984741211,100.80000305175781,100.80000305175781,922,0.0,0.0
2003-08-20 00:00:00-04:00,100.80000305175781,102.5999984741211,100.80000305175781,100.80000305175781,347,0.0,0.0
2003-08-21 00:00:00-04:00,102.5999984741211,102.5999984741211,102.5999984741211,102.5999984741211,111,0.0,0.0
2003-08-22 00:00:00-04:00,97.19999694824219,102.5999984741211,97.19999694824219,102.5999984741211,64,0.0,0.0
2003-08-25 00:00:00-04:00,102.5999984741211,102.5999984741211,102.5999984741211,102.5999984741211,31,0.0,0.0
2003-08-26 00:00:00-04:00,102.5999984741211,102.5999984741211,100.80000305175781,100.80000305175781,39,0.0,0.0
2003-08-27 00:00:00-04:00,102.5999984741211,102.5999984741211,100.80000305175781,102.5999984741211,167,0.0,0.0
2003-08-28 00:00:00-04:00,102.5999984741211,102.5999984741211,97.19999694824219,99.0,250,0.0,0.0
2003-08-29 00:00:00-04:00,99.72000122070312,99.72000122070312,99.72000122070312,99.72000122070312,14,0.0,0.0
2003-09-02 00:00:00-04:00,100.80000305175781,100.80000305175781,99.72000122070312,100.80000305175781,650,0.0,0.0
2003-09-03 00:00:00-04:00,97.19999694824219,99.0,97.19999694824219,99.0,56,0.0,0.0
2003-09-04 00:00:00-04:00,99.0,99.0,99.0,99.0,0,0.0,0.0
2003-09-05 00:00:00-04:00,97.19999694824219,97.19999694824219,97.19999694824219,97.19999694824219,8,0.0,0.0
2003-09-08 00:00:00-04:00,99.0,108.0,99.0,104.4000015258789,1053,0.0,0.0
2003-09-09 00:00:00-04:00,107.27999877929688,107.27999877929688,107.27999877929688,107.27999877929688,33,0.0,0.0
2003-09-10 00:00:00-04:00,107.27999877929688,108.0,107.27999877929688,107.63999938964844,131,0.0,0.0
2003-09-11 00:00:00-04:00,108.0,109.80000305175781,108.0,108.0,153,0.0,0.0
2003-09-12 00:00:00-04:00,108.0,109.80000305175781,104.4000015258789,109.80000305175781,636,0.0,0.0
2003-09-15 00:00:00-04:00,109.80000305175781,109.80000305175781,108.0,108.0,967,0.0,0.0
2003-09-16 00:00:00-04:00,106.55999755859375,109.80000305175781,106.19999694824219,109.80000305175781,219,0.0,0.0
2003-09-17 00:00:00-04:00,109.80000305175781,109.80000305175781,108.0,108.0,1047,0.0,0.0
2003-09-18 00:00:00-04:00,109.80000305175781,109.80000305175781,108.0,108.0,247,0.0,0.0
2003-09-19 00:00:00-04:00,106.91999816894531,113.4000015258789,106.91999816894531,108.36000061035156,531,0.0,0.0
2003-09-22 00:00:00-04:00,108.0,111.5999984741211,100.80000305175781,108.0,531,0.0,0.0
2003-09-23 00:00:00-04:00,109.80000305175781,111.5999984741211,104.4000015258789,111.5999984741211,1664,0.0,0.0
2003-09-24 00:00:00-04:00,111.5999984741211,111.5999984741211,110.16000366210938,110.16000366210938,28,0.0,0.0
2003-09-25 00:00:00-04:00,111.23999786376953,129.60000610351562,110.16000366210938,127.80000305175781,2214,0.0,0.0
2003-09-26 00:00:00-04:00,129.60000610351562,135.0,122.4000015258789,124.19999694824219,1956,0.0,0.0
2003-09-29 00:00:00-04:00,126.0,126.0,120.5999984741211,122.4000015258789,1528,0.0,0.0
2003-09-30 00:00:00-04:00,126.0,129.60000610351562,126.0,126.0,697,0.0,0.0
2003-10-01 00:00:00-04:00,129.60000610351562,135.0,126.0,129.60000610351562,700,0.0,0.0
2003-10-02 00:00:00-04:00,129.60000610351562,129.60000610351562,122.4000015258789,124.19999694824219,439,0.0,0.0
2003-10-03 00:00:00-04:00,123.4800033569336,124.19999694824219,118.80000305175781,118.80000305175781,222,0.0,0.0
2003-10-06 00:00:00-04:00,118.80000305175781,118.80000305175781,118.80000305175781,118.80000305175781,14,0.0,0.0
2003-10-07 00:00:00-04:00,117.36000061035156,124.55999755859375,115.19999694824219,117.0,1117,0.0,0.0
2003-10-08 00:00:00-04:00,117.0,120.5999984741211,117.0,118.44000244140625,664,0.0,0.0
2003-10-09 00:00:00-04:00,118.80000305175781,118.80000305175781,118.80000305175781,118.80000305175781,14,0.0,0.0
2003-10-10 00:00:00-04:00,117.72000122070312,117.72000122070312,115.55999755859375,115.55999755859375,372,0.0,0.0
2003-10-13 00:00:00-04:00,117.0,120.5999984741211,117.0,118.80000305175781,169,0.0,0.0
2003-10-14 00:00:00-04:00,122.4000015258789,122.4000015258789,120.5999984741211,120.5999984741211,167,0.0,0.0
2003-10-15 00:00:00-04:00,119.16000366210938,121.68000030517578,118.80000305175781,120.5999984741211,253,0.0,0.0
2003-10-16 00:00:00-04:00,119.87999725341797,119.87999725341797,119.87999725341797,119.87999725341797,8,0.0,0.0
2003-10-17 00:00:00-04:00,121.68000030517578,124.19999694824219,120.5999984741211,120.5999984741211,183,0.0,0.0
2003-10-20 00:00:00-04:00,124.19999694824219,125.63999938964844,121.31999969482422,122.4000015258789,561,0.0,0.0
2003-10-21 00:00:00-04:00,122.04000091552734,136.0800018310547,122.04000091552734,132.47999572753906,4822,0.0,0.0
2003-10-22 00:00:00-04:00,133.55999755859375,133.55999755859375,127.80000305175781,127.80000305175781,450,0.0,0.0
2003-10-23 00:00:00-04:00,129.60000610351562,129.60000610351562,124.19999694824219,127.80000305175781,267,0.0,0.0
2003-10-24 00:00:00-04:00,129.60000610351562,129.60000610351562,126.0,126.0,342,0.0,0.0
2003-10-27 00:00:00-05:00,124.55999755859375,125.63999938964844,119.16000366210938,121.68000030517578,639,0.0,0.0
2003-10-28 00:00:00-05:00,119.87999725341797,120.5999984741211,118.80000305175781,120.23999786376953,64,0.0,0.0
2003-10-29 00:00:00-05:00,118.80000305175781,120.5999984741211,117.0,120.5999984741211,108,0.0,0.0
2003-10-30 00:00:00-05:00,119.16000366210938,120.5999984741211,115.19999694824219,120.5999984741211,114,0.0,0.0
2003-10-31 00:00:00-05:00,118.80000305175781,118.80000305175781,117.0,118.80000305175781,25,0.0,0.0
2003-11-03 00:00:00-05:00,120.23999786376953,122.4000015258789,119.16000366210938,122.4000015258789,225,0.0,0.0
2003-11-04 00:00:00-05:00,122.4000015258789,122.4000015258789,120.5999984741211,122.4000015258789,744,0.0,0.0
2003-11-05 00:00:00-05:00,124.19999694824219,127.44000244140625,124.19999694824219,126.36000061035156,192,0.0,0.0
2003-11-06 00:00:00-05:00,126.0,135.0,126.0,128.8800048828125,2119,0.0,0.0
2003-11-07 00:00:00-05:00,131.39999389648438,160.1999969482422,129.60000610351562,159.47999572753906,4067,0.0,0.0
2003-11-10 00:00:00-05:00,162.0,162.0,138.60000610351562,144.0,3317,0.0,0.0
2003-11-11 00:00:00-05:00,140.39999389648438,147.60000610351562,136.8000030517578,140.39999389648438,1244,0.0,0.0
2003-11-12 00:00:00-05:00,142.1999969482422,151.1999969482422,142.1999969482422,147.60000610351562,2186,0.0,0.0
2003-11-13 00:00:00-05:00,145.8000030517578,147.60000610351562,140.39999389648438,147.60000610351562,1144,0.0,0.0
2003-11-14 00:00:00-05:00,147.9600067138672,147.9600067138672,144.0,144.0,2183,0.0,0.0
2003-11-17 00:00:00-05:00,142.1999969482422,145.8000030517578,138.60000610351562,144.0,1292,0.0,0.0
2003-11-18 00:00:00-05:00,142.1999969482422,145.8000030517578,136.8000030517578,138.60000610351562,1281,0.0,0.0
2003-11-19 00:00:00-05:00,136.8000030517578,138.60000610351562,135.0,136.8000030517578,403,0.0,0.0
2003-11-20 00:00:00-05:00,135.0,144.0,135.0,135.0,1036,0.0,0.0
2003-11-21 00:00:00-05:00,138.60000610351562,138.60000610351562,135.0,135.0,600,0.0,0.0
2003-11-24 00:00:00-05:00,138.60000610351562,138.60000610351562,130.32000732421875,131.0399932861328,717,0.0,0.0
2003-11-25 00:00:00-05:00,131.39999389648438,131.39999389648438,129.60000610351562,129.60000610351562,258,0.0,0.0
2003-11-26 00:00:00-05:00,129.60000610351562,138.60000610351562,128.8800048828125,138.60000610351562,400,0.0,0.0
2003-11-28 00:00:00-05:00,144.0,151.1999969482422,144.0,149.39999389648438,589,0.0,0.0
2003-12-01 00:00:00-05:00,151.1999969482422,154.8000030517578,149.39999389648438,154.8000030517578,658,0.0,0.0
2003-12-02 00:00:00-05:00,154.8000030517578,154.8000030517578,153.0,154.44000244140625,1344,0.0,0.0
2003-12-03 00:00:00-05:00,154.8000030517578,160.1999969482422,154.8000030517578,154.8000030517578,1800,0.0,0.0
2003-12-04 00:00:00-05:00,156.60000610351562,158.39999389648438,149.39999389648438,152.27999877929688,617,0.0,0.0
2003-12-05 00:00:00-05:00,150.47999572753906,153.0,149.75999450683594,151.1999969482422,494,0.0,0.0
2003-12-08 00:00:00-05:00,149.39999389648438,162.0,147.60000610351562,150.1199951171875,2447,0.0,0.0
2003-12-09 00:00:00-05:00,149.39999389648438,149.39999389648438,145.8000030517578,145.8000030517578,217,0.0,0.0
2003-12-10 00:00:00-05:00,145.8000030517578,147.24000549316406,135.36000061035156,138.60000610351562,1356,0.0,0.0
2003-12-11 00:00:00-05:00,136.8000030517578,138.60000610351562,135.0,138.24000549316406,1378,0.0,0.0
2003-12-12 00:00:00-05:00,140.39999389648438,140.39999389648438,135.0,137.52000427246094,1108,0.0,0.0
2003-12-15 00:00:00-05:00,137.16000366210938,147.60000610351562,137.16000366210938,141.47999572753906,428,0.0,0.0
2003-12-16 00:00:00-05:00,144.0,151.1999969482422,138.60000610351562,144.0,1911,0.0,0.0
2003-12-17 00:00:00-05:00,147.60000610351562,150.83999633789062,145.8000030517578,146.52000427246094,875,0.0,0.0
2003-12-18 00:00:00-05:00,150.47999572753906,150.47999572753906,144.0,144.72000122070312,3072,0.0,0.0
2003-12-19 00:00:00-05:00,147.9600067138672,149.39999389648438,145.8000030517578,146.16000366210938,2172,0.0,0.0
2003-12-22 00:00:00-05:00,148.32000732421875,153.0,148.32000732421875,152.63999938964844,183,0.0,0.0
2003-12-23 00:00:00-05:00,154.8000030517578,154.8000030517578,145.8000030517578,146.52000427246094,989,0.0,0.0
2003-12-24 00:00:00-05:00,145.8000030517578,147.60000610351562,145.8000030517578,147.60000610351562,578,0.0,0.0
2003-12-26 00:00:00-05:00,147.9600067138672,151.1999969482422,147.9600067138672,147.9600067138672,1383,0.0,0.0
2003-12-29 00:00:00-05:00,149.39999389648438,149.39999389648438,147.24000549316406,147.24000549316406,1053,0.0,0.0
2003-12-30 00:00:00-05:00,147.60000610351562,148.67999267578125,147.60000610351562,147.60000610351562,169,0.0,0.0
2003-12-31 00:00:00-05:00,147.60000610351562,149.0399932861328,145.8000030517578,149.0399932861328,333,0.0,0.0
2004-01-02 00:00:00-05:00,149.0399932861328,149.0399932861328,146.52000427246094,146.8800048828125,986,0.0,0.0
2004-01-05 00:00:00-05:00,147.60000610351562,152.63999938964844,147.60000610351562,148.67999267578125,583,0.0,0.0
2004-01-06 00:00:00-05:00,149.39999389648438,149.39999389648438,148.67999267578125,148.67999267578125,258,0.0,0.0
2004-01-07 00:00:00-05:00,149.39999389648438,162.0,149.39999389648438,154.8000030517578,4319,0.0,0.0
2004-01-08 00:00:00-05:00,160.1999969482422,169.1999969482422,156.60000610351562,166.67999267578125,7739,0.0,0.0
2004-01-09 00:00:00-05:00,172.8000030517578,174.9600067138672,165.60000610351562,165.60000610351562,5792,0.0,0.0
2004-01-12 00:00:00-05:00,166.67999267578125,173.52000427246094,164.16000366210938,171.0,3678,0.0,0.0
2004-01-13 00:00:00-05:00,169.1999969482422,176.39999389648438,169.1999969482422,173.52000427246094,3189,0.0,0.0
2004-01-14 00:00:00-05:00,176.39999389648438,178.55999755859375,172.8000030517578,174.9600067138672,2692,0.0,0.0
2004-01-15 00:00:00-05:00,176.39999389648438,190.8000030517578,174.24000549316406,190.8000030517578,4011,0.0,0.0
2004-01-16 00:00:00-05:00,192.60000610351562,212.0399932861328,190.8000030517578,205.1999969482422,9247,0.0,0.0
2004-01-20 00:00:00-05:00,206.27999877929688,221.39999389648438,203.39999389648438,208.8000030517578,10919,0.0,0.0
2004-01-21 00:00:00-05:00,210.60000610351562,210.60000610351562,199.8000030517578,208.8000030517578,4811,0.0,0.0
2004-01-22 00:00:00-05:00,216.0,216.0,199.8000030517578,204.47999572753906,10767,0.0,0.0
2004-01-23 00:00:00-05:00,203.39999389648438,205.1999969482422,200.52000427246094,204.83999633789062,2033,0.0,0.0
2004-01-26 00:00:00-05:00,204.1199951171875,207.0,201.60000610351562,205.1999969482422,983,0.0,0.0
2004-01-27 00:00:00-05:00,207.0,210.9600067138672,206.27999877929688,210.60000610351562,1978,0.0,0.0
2004-01-28 00:00:00-05:00,211.67999267578125,211.67999267578125,207.0,211.32000732421875,1039,0.0,0.0
2004-01-29 00:00:00-05:00,211.32000732421875,212.39999389648438,207.0,207.36000061035156,936,0.0,0.0
2004-01-30 00:00:00-05:00,208.0800018310547,209.52000427246094,206.63999938964844,206.63999938964844,703,0.0,0.0
2004-02-02 00:00:00-05:00,208.8000030517578,219.60000610351562,202.67999267578125,202.67999267578125,9422,0.0,0.0
2004-02-03 00:00:00-05:00,207.0,255.9600067138672,205.1999969482422,228.60000610351562,43203,0.0,0.0
2004-02-04 00:00:00-05:00,234.0,234.0,207.0,230.39999389648438,17817,0.0,0.0
2004-02-05 00:00:00-05:00,225.0,230.0399932861328,210.60000610351562,213.1199951171875,8642,0.0,0.0
2004-02-06 00:00:00-05:00,216.0,218.52000427246094,208.8000030517578,212.0399932861328,5892,0.0,0.0
2004-02-09 00:00:00-05:00,210.60000610351562,215.63999938964844,201.60000610351562,212.39999389648438,2083,0.0,0.0
2004-02-10 00:00:00-05:00,214.1999969482422,219.24000549316406,211.67999267578125,216.0,2069,0.0,0.0
2004-02-11 00:00:00-05:00,216.0,216.0,212.39999389648438,213.83999633789062,781,0.0,0.0
2004-02-12 00:00:00-05:00,215.27999877929688,247.67999267578125,210.60000610351562,213.83999633789062,1056,0.0,0.0
2004-02-13 00:00:00-05:00,216.0,217.8000030517578,209.52000427246094,212.39999389648438,1614,0.0,0.0
2004-02-17 00:00:00-05:00,211.67999267578125,214.1999969482422,205.1999969482422,208.8000030517578,2156,0.0,0.0
2004-02-18 00:00:00-05:00,209.52000427246094,210.60000610351562,198.36000061035156,203.39999389648438,1639,0.0,0.0
2004-02-19 00:00:00-05:00,199.8000030517578,204.83999633789062,192.60000610351562,199.0800018310547,2189,0.0,0.0
2004-02-20 00:00:00-05:00,199.8000030517578,201.60000610351562,188.27999877929688,194.39999389648438,2075,0.0,0.0
2004-02-23 00:00:00-05:00,192.60000610351562,193.67999267578125,180.36000061035156,183.60000610351562,1239,0.0,0.0
2004-02-24 00:00:00-05:00,185.39999389648438,187.1999969482422,169.55999755859375,177.83999633789062,1989,0.0,0.0
2004-02-25 00:00:00-05:00,180.0,181.44000244140625,176.0399932861328,179.27999877929688,1119,0.0,0.0
2004-02-26 00:00:00-05:00,179.27999877929688,184.32000732421875,179.27999877929688,182.8800048828125,1475,0.0,0.0
2004-02-27 00:00:00-05:00,187.1999969482422,192.60000610351562,185.39999389648438,187.1999969482422,1806,0.0,0.0
2004-03-01 00:00:00-05:00,190.8000030517578,201.24000549316406,189.0,199.8000030517578,2606,0.0,0.0
2004-03-02 00:00:00-05:00,200.8800048828125,210.60000610351562,200.52000427246094,210.24000549316406,2381,0.0,0.0
2004-03-03 00:00:00-05:00,210.60000610351562,214.9199981689453,207.0,207.72000122070312,847,0.0,0.0
2004-03-04 00:00:00-05:00,208.8000030517578,209.52000427246094,196.1999969482422,203.0399932861328,983,0.0,0.0
2004-03-05 00:00:00-05:00,202.32000732421875,205.55999755859375,196.9199981689453,201.24000549316406,1114,0.0,0.0
2004-03-08 00:00:00-05:00,205.9199981689453,205.9199981689453,197.27999877929688,197.63999938964844,964,0.0,0.0
2004-03-09 00:00:00-05:00,198.0,198.0,194.39999389648438,194.75999450683594,1011,0.0,0.0
2004-03-10 00:00:00-05:00,194.39999389648438,194.39999389648438,176.39999389648438,183.60000610351562,3086,0.0,0.0
2004-03-11 00:00:00-05:00,180.0,180.0,169.9199981689453,176.39999389648438,2975,0.0,0.0
2004-03-12 00:00:00-05:00,169.1999969482422,181.8000030517578,169.1999969482422,181.44000244140625,975,0.0,0.0
2004-03-15 00:00:00-05:00,181.8000030517578,183.60000610351562,166.67999267578125,166.67999267578125,692,0.0,0.0
2004-03-16 00:00:00-05:00,169.1999969482422,172.8000030517578,166.32000732421875,167.39999389648438,1642,0.0,0.0
2004-03-17 00:00:00-05:00,167.39999389648438,174.60000610351562,164.16000366210938,168.83999633789062,1406,0.0,0.0
2004-03-18 00:00:00-05:00,169.1999969482422,172.8000030517578,167.39999389648438,171.0,614,0.0,0.0
2004-03-19 00:00:00-05:00,172.8000030517578,172.8000030517578,167.75999450683594,171.0,578,0.0,0.0
2004-03-22 00:00:00-05:00,167.75999450683594,171.72000122070312,160.55999755859375,170.63999938964844,925,0.0,0.0
2004-03-23 00:00:00-05:00,171.36000061035156,171.36000061035156,163.8000030517578,167.0399932861328,1275,0.0,0.0
2004-03-24 00:00:00-05:00,165.60000610351562,165.9600067138672,153.0,154.44000244140625,2244,0.0,0.0
2004-03-25 00:00:00-05:00,153.72000122070312,162.0,149.75999450683594,154.0800018310547,2603,0.0,0.0
2004-03-26 00:00:00-05:00,156.60000610351562,159.1199951171875,153.0,154.0800018310547,956,0.0,0.0
2004-03-29 00:00:00-05:00,154.8000030517578,160.1999969482422,153.0,153.36000061035156,1853,0.0,0.0
2004-03-30 00:00:00-05:00,154.0800018310547,154.0800018310547,149.75999450683594,150.83999633789062,900,0.0,0.0
2004-03-31 00:00:00-05:00,149.39999389648438,150.47999572753906,141.1199951171875,147.9600067138672,7661,0.0,0.0
2004-04-01 00:00:00-05:00,149.39999389648438,169.1999969482422,149.39999389648438,165.9600067138672,13483,0.0,0.0
2004-04-02 00:00:00-05:00,176.39999389648438,176.39999389648438,166.67999267578125,167.39999389648438,2931,0.0,0.0
2004-04-05 00:00:00-04:00,168.1199951171875,177.1199951171875,168.1199951171875,173.8800048828125,5383,0.0,0.0
2004-04-06 00:00:00-04:00,174.60000610351562,176.0399932861328,165.9600067138672,166.67999267578125,2239,0.0,0.0
2004-04-07 00:00:00-04:00,169.1999969482422,171.72000122070312,165.24000549316406,171.0,3400,0.0,0.0
2004-04-08 00:00:00-04:00,171.72000122070312,207.0,171.72000122070312,207.0,12861,0.0,0.0
2004-04-12 00:00:00-04:00,217.8000030517578,219.60000610351562,205.1999969482422,210.60000610351562,5494,0.0,0.0
2004-04-13 00:00:00-04:00,207.0,211.32000732421875,189.0,207.0,6331,0.0,0.0
2004-04-14 00:00:00-04:00,203.39999389648438,216.0,196.1999969482422,208.44000244140625,2756,0.0,0.0
2004-04-15 00:00:00-04:00,203.0399932861328,223.55999755859375,203.0399932861328,223.1999969482422,3375,0.0,0.0
2004-04-16 00:00:00-04:00,216.0,229.67999267578125,214.1999969482422,225.0,3697,0.0,0.0
2004-04-19 00:00:00-04:00,217.8000030517578,243.0,217.8000030517578,242.27999877929688,5272,0.0,0.0
2004-04-20 00:00:00-04:00,252.0,262.44000244140625,239.39999389648438,244.8000030517578,12675,0.0,0.0
2004-04-21 00:00:00-04:00,230.39999389648438,266.3999938964844,230.39999389648438,258.4800109863281,5003,0.0,0.0
2004-04-22 00:00:00-04:00,257.3999938964844,257.3999938964844,243.0,250.9199981689453,3336,0.0,0.0
2004-04-23 00:00:00-04:00,253.8000030517578,259.20001220703125,245.52000427246094,251.63999938964844,1475,0.0,0.0
2004-04-26 00:00:00-04:00,251.63999938964844,253.44000244140625,230.39999389648438,233.27999877929688,6156,0.0,0.0
2004-04-27 00:00:00-04:00,231.1199951171875,232.1999969482422,199.8000030517578,226.8000030517578,6208,0.0,0.0
2004-04-28 00:00:00-04:00,216.0,237.60000610351562,216.0,234.0,2725,0.0,0.0
2004-04-29 00:00:00-04:00,226.8000030517578,252.0,226.8000030517578,249.83999633789062,5686,0.0,0.0
2004-04-30 00:00:00-04:00,246.60000610351562,251.63999938964844,234.36000061035156,238.67999267578125,1706,0.0,0.0
2004-05-03 00:00:00-04:00,234.0,234.0,209.8800048828125,223.1999969482422,2622,0.0,0.0
2004-05-04 00:00:00-04:00,226.8000030517578,227.8800048828125,223.1999969482422,225.0,1789,0.0,0.0
2004-05-05 00:00:00-04:00,223.1999969482422,235.44000244140625,219.60000610351562,230.75999450683594,4697,0.0,0.0
2004-05-06 00:00:00-04:00,232.1999969482422,234.0,228.9600067138672,230.75999450683594,883,0.0,0.0
2004-05-07 00:00:00-04:00,230.75999450683594,241.9199981689453,230.75999450683594,241.9199981689453,1350,0.0,0.0
2004-05-10 00:00:00-04:00,241.9199981689453,241.9199981689453,221.39999389648438,236.8800048828125,2122,0.0,0.0
2004-05-11 00:00:00-04:00,235.8000030517578,239.0399932861328,230.39999389648438,235.44000244140625,1761,0.0,0.0
2004-05-12 00:00:00-04:00,237.60000610351562,240.47999572753906,223.9199981689453,240.47999572753906,1686,0.0,0.0
2004-05-13 00:00:00-04:00,243.0,274.32000732421875,234.0,274.32000732421875,8014,0.0,0.0
2004-05-14 00:00:00-04:00,274.32000732421875,302.3999938964844,270.0,301.67999267578125,10083,0.0,0.0
2004-05-17 00:00:00-04:00,301.67999267578125,301.67999267578125,280.79998779296875,295.20001220703125,7031,0.0,0.0
2004-05-18 00:00:00-04:00,295.20001220703125,297.0,275.3999938964844,286.9200134277344,4569,0.0,0.0
2004-05-19 00:00:00-04:00,284.3999938964844,288.0,277.20001220703125,280.79998779296875,3583,0.0,0.0
2004-05-20 00:00:00-04:00,279.7200012207031,282.6000061035156,277.55999755859375,280.0799865722656,1217,0.0,0.0
2004-05-21 00:00:00-04:00,280.79998779296875,282.239990234375,277.9200134277344,279.0,1425,0.0,0.0
2004-05-24 00:00:00-04:00,277.20001220703125,280.79998779296875,270.3599853515625,271.0799865722656,1761,0.0,0.0
2004-05-25 00:00:00-04:00,270.3599853515625,271.44000244140625,257.760009765625,259.9200134277344,2150,0.0,0.0
2004-05-26 00:00:00-04:00,259.9200134277344,264.6000061035156,250.1999969482422,264.239990234375,2475,0.0,0.0
2004-05-27 00:00:00-04:00,265.32000732421875,273.6000061035156,262.79998779296875,265.67999267578125,1317,0.0,0.0
2004-05-28 00:00:00-04:00,268.20001220703125,277.20001220703125,266.760009765625,273.6000061035156,1642,0.0,0.0
2004-06-01 00:00:00-04:00,274.67999267578125,302.3999938964844,270.0,286.20001220703125,5161,0.0,0.0
2004-06-02 00:00:00-04:00,287.2799987792969,289.79998779296875,280.79998779296875,281.8800048828125,1464,0.0,0.0
2004-06-03 00:00:00-04:00,282.6000061035156,284.3999938964844,270.7200012207031,283.67999267578125,1642,0.0,0.0
2004-06-04 00:00:00-04:00,289.0799865722656,289.0799865722656,275.3999938964844,281.5199890136719,1419,0.0,0.0
2004-06-07 00:00:00-04:00,279.7200012207031,282.6000061035156,268.20001220703125,268.55999755859375,1517,0.0,0.0
2004-06-08 00:00:00-04:00,268.55999755859375,268.55999755859375,256.67999267578125,259.20001220703125,1125,0.0,0.0
2004-06-09 00:00:00-04:00,259.20001220703125,259.20001220703125,250.9199981689453,254.16000366210938,1356,0.0,0.0
2004-06-10 00:00:00-04:00,255.60000610351562,259.20001220703125,252.0,257.0400085449219,1247,0.0,0.0
2004-06-14 00:00:00-04:00,257.0400085449219,259.20001220703125,253.44000244140625,255.60000610351562,656,0.0,0.0
2004-06-15 00:00:00-04:00,253.8000030517578,266.3999938964844,253.8000030517578,264.6000061035156,1167,0.0,0.0
2004-06-16 00:00:00-04:00,270.0,279.0,270.0,272.5199890136719,1544,0.0,0.0
2004-06-17 00:00:00-04:00,270.0,280.79998779296875,270.0,279.3599853515625,522,0.0,0.0
2004-06-18 00:00:00-04:00,275.3999938964844,275.3999938964844,262.79998779296875,269.6400146484375,1764,0.0,0.0
2004-06-21 00:00:00-04:00,271.79998779296875,276.4800109863281,271.79998779296875,275.760009765625,506,0.0,0.0
2004-06-22 00:00:00-04:00,277.20001220703125,277.55999755859375,272.1600036621094,273.6000061035156,1539,0.0,0.0
2004-06-23 00:00:00-04:00,280.79998779296875,293.3999938964844,275.3999938964844,282.9599914550781,4414,0.0,0.0
2004-06-24 00:00:00-04:00,288.0,288.0,275.3999938964844,277.9200134277344,1797,0.0,0.0
2004-06-25 00:00:00-04:00,279.0,284.3999938964844,277.20001220703125,281.5199890136719,1183,0.0,0.0
2004-06-28 00:00:00-04:00,286.20001220703125,286.20001220703125,282.239990234375,283.67999267578125,967,0.0,0.0
2004-06-29 00:00:00-04:00,284.3999938964844,284.760009765625,276.1199951171875,277.55999755859375,1244,0.0,0.0
2004-06-30 00:00:00-04:00,273.6000061035156,276.8399963378906,271.79998779296875,276.8399963378906,2431,0.0,0.0
2004-07-01 00:00:00-04:00,275.3999938964844,277.20001220703125,268.20001220703125,272.8800048828125,625,0.0,0.0
2004-07-02 00:00:00-04:00,271.79998779296875,273.6000061035156,270.0,270.0,425,0.0,0.0
2004-07-06 00:00:00-04:00,271.79998779296875,271.79998779296875,252.0,259.20001220703125,1292,0.0,0.0
2004-07-07 00:00:00-04:00,261.0,262.79998779296875,244.8000030517578,252.0,2867,0.0,0.0
2004-07-08 00:00:00-04:00,252.0,258.8399963378906,235.0800018310547,246.24000549316406,2419,0.0,0.0
2004-07-09 00:00:00-04:00,252.0,252.72000122070312,240.83999633789062,247.67999267578125,817,0.0,0.0
2004-07-12 00:00:00-04:00,248.39999389648438,248.39999389648438,234.0,234.0,1019,0.0,0.0
2004-07-13 00:00:00-04:00,235.8000030517578,238.32000732421875,234.36000061035156,235.8000030517578,483,0.0,0.0
2004-07-14 00:00:00-04:00,236.52000427246094,236.52000427246094,226.8000030517578,228.24000549316406,556,0.0,0.0
2004-07-15 00:00:00-04:00,229.32000732421875,229.32000732421875,208.8000030517578,214.1999969482422,4703,0.0,0.0
2004-07-16 00:00:00-04:00,216.0,216.0,209.16000366210938,209.16000366210938,717,0.0,0.0
2004-07-19 00:00:00-04:00,209.8800048828125,209.8800048828125,200.16000366210938,204.1199951171875,1489,0.0,0.0
2004-07-20 00:00:00-04:00,205.1999969482422,207.0,198.0,204.1199951171875,1231,0.0,0.0
2004-07-21 00:00:00-04:00,205.1999969482422,219.60000610351562,204.47999572753906,214.1999969482422,1914,0.0,0.0
2004-07-22 00:00:00-04:00,214.1999969482422,215.27999877929688,205.1999969482422,209.8800048828125,411,0.0,0.0
2004-07-23 00:00:00-04:00,212.39999389648438,212.39999389648438,198.36000061035156,208.0800018310547,953,0.0,0.0
2004-07-26 00:00:00-04:00,207.0,222.47999572753906,207.0,213.1199951171875,6853,0.0,0.0
2004-07-27 00:00:00-04:00,221.39999389648438,223.1999969482422,210.60000610351562,210.60000610351562,2211,0.0,0.0
2004-07-28 00:00:00-04:00,213.1199951171875,213.1199951171875,200.52000427246094,204.1199951171875,1228,0.0,0.0
2004-07-29 00:00:00-04:00,207.0,214.55999755859375,205.1999969482422,212.39999389648438,1256,0.0,0.0
2004-07-30 00:00:00-04:00,214.1999969482422,221.39999389648438,209.52000427246094,221.39999389648438,1722,0.0,0.0
2004-08-02 00:00:00-04:00,216.0,216.0,210.60000610351562,211.67999267578125,1061,0.0,0.0
2004-08-03 00:00:00-04:00,212.39999389648438,212.39999389648438,208.44000244140625,210.24000549316406,622,0.0,0.0
2004-08-04 00:00:00-04:00,208.8000030517578,208.8000030517578,198.0,199.8000030517578,1525,0.0,0.0
2004-08-05 00:00:00-04:00,199.8000030517578,199.8000030517578,185.0399932861328,186.83999633789062,961,0.0,0.0
2004-08-06 00:00:00-04:00,186.47999572753906,186.47999572753906,167.39999389648438,178.1999969482422,2947,0.0,0.0
2004-08-09 00:00:00-04:00,180.0,181.0800018310547,168.47999572753906,180.0,1481,0.0,0.0
2004-08-10 00:00:00-04:00,186.83999633789062,186.83999633789062,162.0,176.0399932861328,2236,0.0,0.0
2004-08-11 00:00:00-04:00,176.0399932861328,176.0399932861328,157.67999267578125,171.0,2467,0.0,0.0
2004-08-12 00:00:00-04:00,171.0,174.60000610351562,170.27999877929688,174.60000610351562,853,0.0,0.0
2004-08-13 00:00:00-04:00,176.39999389648438,178.9199981689453,176.0399932861328,177.47999572753906,589,0.0,0.0
2004-08-16 00:00:00-04:00,177.83999633789062,201.60000610351562,176.39999389648438,195.47999572753906,5808,0.0,0.0
2004-08-17 00:00:00-04:00,196.1999969482422,207.0,196.1999969482422,205.1999969482422,3069,0.0,0.0
2004-08-18 00:00:00-04:00,206.27999877929688,214.1999969482422,205.1999969482422,211.67999267578125,3628,0.0,0.0
2004-08-19 00:00:00-04:00,210.60000610351562,211.32000732421875,209.16000366210938,210.60000610351562,836,0.0,0.0
2004-08-20 00:00:00-04:00,208.8000030517578,216.72000122070312,208.8000030517578,214.1999969482422,1328,0.0,0.0
2004-08-23 00:00:00-04:00,216.0,231.47999572753906,214.1999969482422,227.52000427246094,2278,0.0,0.0
2004-08-24 00:00:00-04:00,224.63999938964844,232.1999969482422,224.63999938964844,229.67999267578125,1219,0.0,0.0
2004-08-25 00:00:00-04:00,226.8000030517578,248.39999389648438,226.8000030517578,248.39999389648438,2608,0.0,0.0
2004-08-26 00:00:00-04:00,246.60000610351562,249.83999633789062,234.0,241.1999969482422,1964,0.0,0.0
2004-08-27 00:00:00-04:00,239.39999389648438,243.0,233.27999877929688,241.1999969482422,1453,0.0,0.0
2004-08-30 00:00:00-04:00,241.1999969482422,246.9600067138672,235.0800018310547,246.24000549316406,1708,0.0,0.0
2004-08-31 00:00:00-04:00,246.60000610351562,249.1199951171875,243.72000122070312,249.1199951171875,1219,0.0,0.0
2004-09-01 00:00:00-04:00,248.39999389648438,265.67999267578125,248.39999389648438,260.6400146484375,5264,0.0,0.0
2004-09-02 00:00:00-04:00,261.0,265.67999267578125,261.0,263.1600036621094,1417,0.0,0.0
2004-09-03 00:00:00-04:00,262.79998779296875,265.32000732421875,262.79998779296875,262.79998779296875,1136,0.0,0.0
2004-09-07 00:00:00-04:00,262.79998779296875,266.760009765625,259.20001220703125,262.79998779296875,914,0.0,0.0
2004-09-08 00:00:00-04:00,261.0,264.6000061035156,257.760009765625,261.0,350,0.0,0.0
2004-09-09 00:00:00-04:00,261.0,261.0,246.60000610351562,255.60000610351562,1417,0.0,0.0
2004-09-10 00:00:00-04:00,255.60000610351562,258.4800109863281,255.60000610351562,255.60000610351562,439,0.0,0.0
2004-09-13 00:00:00-04:00,255.60000610351562,270.0,252.0,270.0,7981,0.0,0.0
2004-09-14 00:00:00-04:00,270.0,284.3999938964844,270.0,282.6000061035156,8897,0.0,0.0
2004-09-15 00:00:00-04:00,288.0,307.79998779296875,287.2799987792969,296.2799987792969,13308,0.0,0.0
2004-09-16 00:00:00-04:00,298.0799865722656,313.20001220703125,295.20001220703125,313.20001220703125,8414,0.0,0.0
2004-09-17 00:00:00-04:00,316.79998779296875,333.0,316.79998779296875,320.760009765625,10169,0.0,0.0
2004-09-20 00:00:00-04:00,325.79998779296875,334.79998779296875,320.3999938964844,331.20001220703125,7264,0.0,0.0
2004-09-21 00:00:00-04:00,330.8399963378906,351.0,329.3999938964844,343.79998779296875,10697,0.0,0.0
2004-09-22 00:00:00-04:00,376.55999755859375,376.9200134277344,342.0,356.0400085449219,29606,0.0,0.0
2004-09-23 00:00:00-04:00,358.20001220703125,363.239990234375,315.0,330.1199951171875,11339,0.0,0.0
2004-09-24 00:00:00-04:00,330.1199951171875,333.0,320.0400085449219,320.0400085449219,7653,0.0,0.0
2004-09-27 00:00:00-04:00,315.0,324.0,300.239990234375,317.5199890136719,6825,0.0,0.0
2004-09-28 00:00:00-04:00,324.0,331.20001220703125,311.3999938964844,324.3599853515625,9958,0.0,0.0
2004-09-29 00:00:00-04:00,329.3999938964844,329.3999938964844,318.9599914550781,319.32000732421875,4469,0.0,0.0
2004-09-30 00:00:00-04:00,322.20001220703125,327.6000061035156,313.20001220703125,324.3599853515625,2994,0.0,0.0
2004-10-01 00:00:00-04:00,327.6000061035156,354.6000061035156,327.6000061035156,347.3999938964844,8103,0.0,0.0
2004-10-04 00:00:00-04:00,349.9200134277344,356.3999938964844,344.1600036621094,351.0,2581,0.0,0.0
2004-10-05 00:00:00-04:00,351.7200012207031,365.0400085449219,347.760009765625,356.3999938964844,3636,0.0,0.0
2004-10-06 00:00:00-04:00,354.6000061035156,359.6400146484375,351.7200012207031,359.2799987792969,1803,0.0,0.0
2004-10-07 00:00:00-04:00,358.20001220703125,367.20001220703125,353.8800048828125,362.1600036621094,4569,0.0,0.0
2004-10-08 00:00:00-04:00,360.0,370.79998779296875,349.20001220703125,349.55999755859375,6761,0.0,0.0
2004-10-11 00:00:00-04:00,349.55999755859375,353.5199890136719,338.3999938964844,352.79998779296875,5111,0.0,0.0
2004-10-12 00:00:00-04:00,353.5199890136719,356.0400085449219,349.55999755859375,353.8800048828125,1331,0.0,0.0
2004-10-13 00:00:00-04:00,352.79998779296875,356.0400085449219,352.44000244140625,354.6000061035156,992,0.0,0.0
2004-10-14 00:00:00-04:00,354.6000061035156,363.239990234375,349.20001220703125,351.0,2014,0.0,0.0
2004-10-15 00:00:00-04:00,352.0799865722656,353.8800048828125,344.1600036621094,347.3999938964844,869,0.0,0.0
2004-10-18 00:00:00-04:00,349.20001220703125,354.6000061035156,338.3999938964844,338.3999938964844,3786,0.0,0.0
2004-10-19 00:00:00-04:00,334.79998779296875,342.0,331.20001220703125,333.3599853515625,1967,0.0,0.0
2004-10-20 00:00:00-04:00,333.7200012207031,343.79998779296875,329.3999938964844,340.20001220703125,1475,0.0,0.0
2004-10-21 00:00:00-04:00,339.1199951171875,343.79998779296875,338.3999938964844,342.0,947,0.0,0.0
2004-10-22 00:00:00-04:00,342.0,342.3599853515625,340.20001220703125,340.9200134277344,350,0.0,0.0
2004-10-25 00:00:00-04:00,341.2799987792969,351.3599853515625,340.9200134277344,347.3999938964844,1158,0.0,0.0
2004-10-26 00:00:00-04:00,349.20001220703125,351.0,346.67999267578125,351.0,5867,0.0,0.0
2004-10-27 00:00:00-04:00,352.44000244140625,353.5199890136719,349.20001220703125,353.5199890136719,2931,0.0,0.0
2004-10-28 00:00:00-04:00,352.79998779296875,356.3999938964844,351.0,353.8800048828125,1867,0.0,0.0
2004-10-29 00:00:00-04:00,352.79998779296875,359.6400146484375,351.0,359.2799987792969,2381,0.0,0.0
2004-11-01 00:00:00-05:00,359.6400146484375,360.0,324.0,331.20001220703125,10936,0.0,0.0
2004-11-02 00:00:00-05:00,331.20001220703125,331.20001220703125,306.7200012207031,313.9200134277344,8192,0.0,0.0
2004-11-03 00:00:00-05:00,316.79998779296875,323.2799987792969,316.79998779296875,320.3999938964844,2028,0.0,0.0
2004-11-04 00:00:00-05:00,322.20001220703125,322.20001220703125,309.6000061035156,311.0400085449219,1211,0.0,0.0
2004-11-05 00:00:00-05:00,309.6000061035156,327.6000061035156,308.1600036621094,327.6000061035156,2028,0.0,0.0
2004-11-08 00:00:00-05:00,323.2799987792969,329.3999938964844,320.3999938964844,320.3999938964844,1036,0.0,0.0
2004-11-09 00:00:00-05:00,317.5199890136719,327.239990234375,309.6000061035156,326.1600036621094,2036,0.0,0.0
2004-11-10 00:00:00-05:00,327.6000061035156,331.20001220703125,316.79998779296875,326.1600036621094,872,0.0,0.0
2004-11-11 00:00:00-05:00,328.67999267578125,338.0400085449219,322.9200134277344,335.1600036621094,1056,0.0,0.0
2004-11-12 00:00:00-05:00,335.1600036621094,342.0,331.20001220703125,331.9200134277344,3289,0.0,0.0
2004-11-15 00:00:00-05:00,327.6000061035156,329.3999938964844,322.20001220703125,326.5199890136719,1961,0.0,0.0
2004-11-16 00:00:00-05:00,324.7200012207031,330.4800109863281,322.20001220703125,330.4800109863281,1953,0.0,0.0
2004-11-17 00:00:00-05:00,328.67999267578125,331.20001220703125,325.79998779296875,325.79998779296875,1878,0.0,0.0
2004-11-18 00:00:00-05:00,329.3999938964844,352.79998779296875,329.3999938964844,349.20001220703125,6769,0.0,0.0
2004-11-19 00:00:00-05:00,350.2799987792969,365.3999938964844,350.2799987792969,360.0,9053,0.0,0.0
2004-11-22 00:00:00-05:00,356.3999938964844,374.3999938964844,329.3999938964844,354.6000061035156,6267,0.0,0.0
2004-11-23 00:00:00-05:00,356.3999938964844,361.44000244140625,333.0,359.6400146484375,4492,0.0,0.0
2004-11-24 00:00:00-05:00,360.7200012207031,366.8399963378906,352.79998779296875,356.3999938964844,3336,0.0,0.0
2004-11-26 00:00:00-05:00,356.3999938964844,368.2799987792969,356.3999938964844,365.3999938964844,1303,0.0,0.0
2004-11-29 00:00:00-05:00,368.6400146484375,392.0400085449219,367.20001220703125,375.8399963378906,15411,0.0,0.0
2004-11-30 00:00:00-05:00,378.0,380.8800048828125,360.7200012207031,362.5199890136719,8669,0.0,0.0
2004-12-01 00:00:00-05:00,362.1600036621094,362.1600036621094,289.79998779296875,302.3999938964844,60606,0.0,0.0
2004-12-02 00:00:00-05:00,307.79998779296875,330.1199951171875,257.3999938964844,270.0,70842,0.0,0.0
2004-12-03 00:00:00-05:00,156.60000610351562,194.39999389648438,154.8000030517578,174.24000549316406,140064,0.0,0.0
2004-12-06 00:00:00-05:00,180.0,193.67999267578125,177.47999572753906,186.1199951171875,41408,0.0,0.0
2004-12-07 00:00:00-05:00,187.1999969482422,195.47999572753906,178.1999969482422,179.63999938964844,19689,0.0,0.0
2004-12-08 00:00:00-05:00,181.8000030517578,181.8000030517578,169.1999969482422,171.72000122070312,20081,0.0,0.0
2004-12-09 00:00:00-05:00,171.36000061035156,172.44000244140625,162.0,165.60000610351562,15342,0.0,0.0
2004-12-10 00:00:00-05:00,162.72000122070312,163.8000030517578,156.60000610351562,163.44000244140625,8042,0.0,0.0
2004-12-13 00:00:00-05:00,163.44000244140625,168.83999633789062,157.67999267578125,164.52000427246094,10039,0.0,0.0
2004-12-14 00:00:00-05:00,167.39999389648438,182.16000366210938,166.32000732421875,179.27999877929688,10792,0.0,0.0
2004-12-15 00:00:00-05:00,182.16000366210938,182.52000427246094,173.52000427246094,173.8800048828125,3731,0.0,0.0
2004-12-16 00:00:00-05:00,177.47999572753906,180.72000122070312,175.32000732421875,180.0,3786,0.0,0.0
2004-12-17 00:00:00-05:00,181.0800018310547,181.8000030517578,176.39999389648438,177.1199951171875,2803,0.0,0.0
2004-12-20 00:00:00-05:00,176.39999389648438,178.1999969482422,167.75999450683594,172.44000244140625,3169,0.0,0.0
2004-12-21 00:00:00-05:00,175.32000732421875,176.75999450683594,165.24000549316406,172.8000030517578,4450,0.0,0.0
2004-12-22 00:00:00-05:00,175.67999267578125,176.39999389648438,165.60000610351562,166.32000732421875,3886,0.0,0.0
2004-12-23 00:00:00-05:00,166.32000732421875,166.32000732421875,162.0,165.24000549316406,4767,0.0,0.0
2004-12-27 00:00:00-05:00,165.24000549316406,174.9600067138672,164.16000366210938,173.52000427246094,3161,0.0,0.0
2004-12-28 00:00:00-05:00,175.67999267578125,176.39999389648438,172.0800018310547,174.9600067138672,1861,0.0,0.0
2004-12-29 00:00:00-05:00,178.1999969482422,185.0399932861328,174.60000610351562,182.8800048828125,4072,0.0,0.0
2004-12-30 00:00:00-05:00,183.60000610351562,197.63999938964844,182.8800048828125,194.39999389648438,7747,0.0,0.0
2004-12-31 00:00:00-05:00,194.39999389648438,198.0,193.32000732421875,197.27999877929688,5142,0.0,0.0
2005-01-03 00:00:00-05:00,198.36000061035156,198.36000061035156,183.9600067138672,184.67999267578125,6036,0.0,0.0
2005-01-04 00:00:00-05:00,185.0399932861328,190.8000030517578,178.9199981689453,182.8800048828125,5908,0.0,0.0
2005-01-05 00:00:00-05:00,182.16000366210938,190.8000030517578,181.0800018310547,188.27999877929688,5542,0.0,0.0
2005-01-06 00:00:00-05:00,190.44000244140625,194.75999450683594,189.36000061035156,191.8800048828125,4314,0.0,0.0
2005-01-07 00:00:00-05:00,191.8800048828125,196.1999969482422,191.8800048828125,194.0399932861328,5050,0.0,0.0
2005-01-10 00:00:00-05:00,196.55999755859375,205.1999969482422,194.39999389648438,199.8000030517578,5086,0.0,0.0
2005-01-11 00:00:00-05:00,201.24000549316406,201.60000610351562,196.1999969482422,199.44000244140625,4244,0.0,0.0
2005-01-12 00:00:00-05:00,196.1999969482422,216.36000061035156,196.1999969482422,209.52000427246094,9731,0.0,0.0
2005-01-13 00:00:00-05:00,212.75999450683594,214.1999969482422,203.75999450683594,205.55999755859375,4675,0.0,0.0
2005-01-14 00:00:00-05:00,208.44000244140625,214.1999969482422,208.44000244140625,213.83999633789062,3136,0.0,0.0
2005-01-18 00:00:00-05:00,216.36000061035156,217.0800018310547,201.60000610351562,212.39999389648438,3406,0.0,0.0
2005-01-19 00:00:00-05:00,214.9199981689453,216.0,202.32000732421875,204.1199951171875,2003,0.0,0.0
2005-01-20 00:00:00-05:00,200.52000427246094,203.0399932861328,194.75999450683594,200.8800048828125,2547,0.0,0.0
2005-01-21 00:00:00-05:00,198.36000061035156,201.60000610351562,190.8000030517578,192.9600067138672,2939,0.0,0.0
2005-01-24 00:00:00-05:00,193.32000732421875,194.75999450683594,185.0399932861328,190.8000030517578,2625,0.0,0.0
2005-01-25 00:00:00-05:00,192.24000549316406,195.83999633789062,189.72000122070312,190.44000244140625,1800,0.0,0.0
2005-01-26 00:00:00-05:00,189.72000122070312,199.44000244140625,189.0,197.63999938964844,1228,0.0,0.0
2005-01-27 00:00:00-05:00,199.44000244140625,204.1199951171875,199.0800018310547,200.8800048828125,2650,0.0,0.0
2005-01-28 00:00:00-05:00,203.75999450683594,203.75999450683594,195.83999633789062,201.24000549316406,1903,0.0,0.0
2005-01-31 00:00:00-05:00,201.9600067138672,204.83999633789062,198.72000122070312,202.67999267578125,2367,0.0,0.0
2005-02-01 00:00:00-05:00,202.67999267578125,208.0800018310547,200.8800048828125,204.83999633789062,2756,0.0,0.0
2005-02-02 00:00:00-05:00,206.27999877929688,208.0800018310547,203.75999450683594,207.36000061035156,3183,0.0,0.0
2005-02-03 00:00:00-05:00,207.72000122070312,207.72000122070312,199.8000030517578,202.32000732421875,806,0.0,0.0
2005-02-04 00:00:00-05:00,202.67999267578125,203.0399932861328,196.1999969482422,197.27999877929688,1494,0.0,0.0
2005-02-07 00:00:00-05:00,199.8000030517578,200.16000366210938,190.8000030517578,194.39999389648438,1811,0.0,0.0
2005-02-08 00:00:00-05:00,194.39999389648438,198.36000061035156,189.0,196.1999969482422,1042,0.0,0.0
2005-02-09 00:00:00-05:00,199.44000244140625,200.8800048828125,191.16000366210938,191.52000427246094,1881,0.0,0.0
2005-02-10 00:00:00-05:00,191.8800048828125,197.63999938964844,191.8800048828125,192.9600067138672,425,0.0,0.0
2005-02-11 00:00:00-05:00,193.32000732421875,193.32000732421875,187.1999969482422,190.0800018310547,1078,0.0,0.0
2005-02-14 00:00:00-05:00,190.0800018310547,190.8000030517578,181.8000030517578,184.67999267578125,1989,0.0,0.0
2005-02-15 00:00:00-05:00,183.60000610351562,190.44000244140625,183.24000549316406,187.9199981689453,806,0.0,0.0
2005-02-16 00:00:00-05:00,191.16000366210938,193.67999267578125,186.83999633789062,188.27999877929688,2631,0.0,0.0
2005-02-17 00:00:00-05:00,190.44000244140625,194.39999389648438,189.0,189.36000061035156,775,0.0,0.0
2005-02-18 00:00:00-05:00,190.44000244140625,194.39999389648438,188.27999877929688,189.36000061035156,869,0.0,0.0
2005-02-22 00:00:00-05:00,190.8000030517578,190.8000030517578,186.83999633789062,186.83999633789062,994,0.0,0.0
2005-02-23 00:00:00-05:00,192.24000549316406,194.39999389648438,189.72000122070312,191.52000427246094,1486,0.0,0.0
2005-02-24 00:00:00-05:00,192.60000610351562,194.0399932861328,185.75999450683594,189.72000122070312,283,0.0,0.0
2005-02-25 00:00:00-05:00,189.72000122070312,189.72000122070312,185.39999389648438,187.9199981689453,769,0.0,0.0
2005-02-28 00:00:00-05:00,191.16000366210938,191.16000366210938,181.44000244140625,181.8000030517578,1594,0.0,0.0
2005-03-01 00:00:00-05:00,181.8000030517578,181.8000030517578,174.9600067138672,174.9600067138672,2019,0.0,0.0
2005-03-02 00:00:00-05:00,177.47999572753906,190.0800018310547,176.39999389648438,178.1999969482422,2264,0.0,0.0
2005-03-03 00:00:00-05:00,181.0800018310547,183.24000549316406,176.75999450683594,177.83999633789062,997,0.0,0.0
2005-03-04 00:00:00-05:00,187.1999969482422,187.1999969482422,178.55999755859375,178.55999755859375,1703,0.0,0.0
2005-03-07 00:00:00-05:00,178.55999755859375,178.55999755859375,162.0,165.9600067138672,6183,0.0,0.0
2005-03-08 00:00:00-05:00,168.47999572753906,171.0,166.32000732421875,169.55999755859375,5914,0.0,0.0
2005-03-09 00:00:00-05:00,169.1999969482422,169.1999969482422,165.9600067138672,167.0399932861328,1067,0.0,0.0
2005-03-10 00:00:00-05:00,165.60000610351562,167.0399932861328,160.9199981689453,163.8000030517578,2011,0.0,0.0
2005-03-11 00:00:00-05:00,162.0,162.0,156.60000610351562,158.39999389648438,2044,0.0,0.0
2005-03-14 00:00:00-05:00,158.0399932861328,158.39999389648438,151.9199981689453,151.9199981689453,1736,0.0,0.0
2005-03-15 00:00:00-05:00,149.75999450683594,157.32000732421875,149.39999389648438,153.72000122070312,2753,0.0,0.0
2005-03-16 00:00:00-05:00,153.72000122070312,161.63999938964844,153.0,153.0,2644,0.0,0.0
2005-03-17 00:00:00-05:00,153.0,167.0399932861328,153.0,159.1199951171875,889,0.0,0.0
2005-03-18 00:00:00-05:00,159.47999572753906,180.0,159.1199951171875,167.0399932861328,2939,0.0,0.0
2005-03-21 00:00:00-05:00,170.27999877929688,172.0800018310547,158.39999389648438,162.36000061035156,825,0.0,0.0
2005-03-22 00:00:00-05:00,170.63999938964844,170.63999938964844,159.83999633789062,160.9199981689453,989,0.0,0.0
2005-03-23 00:00:00-05:00,159.47999572753906,160.9199981689453,156.24000549316406,159.1199951171875,358,0.0,0.0
2005-03-24 00:00:00-05:00,155.8800048828125,159.83999633789062,154.44000244140625,154.44000244140625,1444,0.0,0.0
2005-03-28 00:00:00-05:00,157.67999267578125,157.67999267578125,148.67999267578125,148.67999267578125,956,0.0,0.0
2005-03-29 00:00:00-05:00,148.67999267578125,165.24000549316406,140.39999389648438,141.1199951171875,2025,0.0,0.0
2005-03-30 00:00:00-05:00,141.1199951171875,145.44000244140625,138.9600067138672,141.47999572753906,2872,0.0,0.0
2005-03-31 00:00:00-05:00,140.39999389648438,154.8000030517578,140.39999389648438,144.0,3278,0.0,0.0
2005-04-01 00:00:00-05:00,147.24000549316406,154.0800018310547,144.72000122070312,146.16000366210938,3469,0.0,0.0
2005-04-04 00:00:00-04:00,149.39999389648438,155.16000366210938,147.60000610351562,147.9600067138672,3708,0.0,0.0
2005-04-05 00:00:00-04:00,147.60000610351562,152.63999938964844,145.44000244140625,147.9600067138672,2553,0.0,0.0
2005-04-06 00:00:00-04:00,155.16000366210938,159.1199951171875,149.39999389648438,151.9199981689453,783,0.0,0.0
2005-04-07 00:00:00-04:00,153.0,161.63999938964844,151.9199981689453,151.9199981689453,1069,0.0,0.0
2005-04-08 00:00:00-04:00,152.27999877929688,158.0399932861328,152.27999877929688,153.72000122070312,483,0.0,0.0
2005-04-11 00:00:00-04:00,154.8000030517578,156.60000610351562,150.83999633789062,150.83999633789062,881,0.0,0.0
2005-04-12 00:00:00-04:00,148.67999267578125,151.1999969482422,146.52000427246094,148.67999267578125,656,0.0,0.0
2005-04-13 00:00:00-04:00,149.39999389648438,149.39999389648438,145.8000030517578,145.8000030517578,800,0.0,0.0
2005-04-14 00:00:00-04:00,145.8000030517578,148.67999267578125,142.9199981689453,144.72000122070312,1489,0.0,0.0
2005-04-15 00:00:00-04:00,144.72000122070312,145.44000244140625,140.39999389648438,140.75999450683594,731,0.0,0.0
2005-04-18 00:00:00-04:00,141.1199951171875,142.1999969482422,134.27999877929688,135.0,4175,0.0,0.0
2005-04-19 00:00:00-04:00,135.72000122070312,137.8800048828125,133.55999755859375,137.8800048828125,1833,0.0,0.0
2005-04-20 00:00:00-04:00,139.67999267578125,151.1999969482422,135.0,139.67999267578125,2272,0.0,0.0
2005-04-21 00:00:00-04:00,142.1999969482422,145.8000030517578,139.32000732421875,144.36000061035156,797,0.0,0.0
2005-04-22 00:00:00-04:00,146.52000427246094,153.36000061035156,146.52000427246094,153.0,2375,0.0,0.0
2005-04-25 00:00:00-04:00,155.16000366210938,157.67999267578125,145.8000030517578,146.8800048828125,678,0.0,0.0
2005-04-26 00:00:00-04:00,147.60000610351562,147.60000610351562,141.47999572753906,142.9199981689453,861,0.0,0.0
2005-04-27 00:00:00-04:00,141.1199951171875,142.9199981689453,138.60000610351562,140.0399932861328,667,0.0,0.0
2005-04-28 00:00:00-04:00,139.32000732421875,141.47999572753906,138.60000610351562,140.0399932861328,569,0.0,0.0
2005-04-29 00:00:00-04:00,141.1199951171875,142.1999969482422,137.52000427246094,140.0399932861328,347,0.0,0.0
2005-05-02 00:00:00-04:00,138.9600067138672,140.0399932861328,131.75999450683594,135.36000061035156,1011,0.0,0.0
2005-05-03 00:00:00-04:00,135.72000122070312,138.60000610351562,133.1999969482422,136.0800018310547,2678,0.0,0.0
2005-05-04 00:00:00-04:00,136.0800018310547,139.67999267578125,131.75999450683594,135.36000061035156,397,0.0,0.0
2005-05-05 00:00:00-04:00,137.52000427246094,138.60000610351562,135.36000061035156,137.52000427246094,275,0.0,0.0
2005-05-06 00:00:00-04:00,140.0399932861328,140.75999450683594,134.27999877929688,137.16000366210938,458,0.0,0.0
2005-05-09 00:00:00-04:00,136.8000030517578,137.52000427246094,132.83999633789062,135.0,1192,0.0,0.0
2005-05-10 00:00:00-04:00,133.55999755859375,137.52000427246094,133.1999969482422,135.0,831,0.0,0.0
2005-05-11 00:00:00-04:00,136.8000030517578,137.8800048828125,134.27999877929688,137.8800048828125,469,0.0,0.0
2005-05-12 00:00:00-04:00,141.1199951171875,144.0,140.39999389648438,140.75999450683594,953,0.0,0.0
2005-05-13 00:00:00-04:00,142.1999969482422,144.0,140.39999389648438,140.39999389648438,1519,0.0,0.0
2005-05-16 00:00:00-04:00,141.83999633789062,149.75999450683594,141.83999633789062,146.16000366210938,1122,0.0,0.0
2005-05-17 00:00:00-04:00,149.39999389648438,150.47999572753906,143.27999877929688,144.0,1692,0.0,0.0
2005-05-18 00:00:00-04:00,144.0,144.0,140.39999389648438,140.75999450683594,1300,0.0,0.0
2005-05-19 00:00:00-04:00,143.27999877929688,144.72000122070312,138.9600067138672,141.83999633789062,1703,0.0,0.0
2005-05-20 00:00:00-04:00,144.36000061035156,147.60000610351562,143.27999877929688,143.63999938964844,1986,0.0,0.0
2005-05-23 00:00:00-04:00,146.16000366210938,148.67999267578125,138.9600067138672,141.83999633789062,1653,0.0,0.0
2005-05-24 00:00:00-04:00,139.67999267578125,140.39999389648438,133.9199981689453,137.16000366210938,2061,0.0,0.0
2005-05-25 00:00:00-04:00,138.9600067138672,141.83999633789062,137.52000427246094,138.60000610351562,247,0.0,0.0
2005-05-26 00:00:00-04:00,138.60000610351562,139.32000732421875,131.75999450683594,132.83999633789062,2403,0.0,0.0
2005-05-27 00:00:00-04:00,133.1999969482422,137.16000366210938,131.39999389648438,132.47999572753906,981,0.0,0.0
2005-05-31 00:00:00-04:00,134.63999938964844,140.0399932861328,133.1999969482422,133.1999969482422,2214,0.0,0.0
2005-06-01 00:00:00-04:00,133.1999969482422,142.9199981689453,133.1999969482422,137.16000366210938,3644,0.0,0.0
2005-06-02 00:00:00-04:00,136.8000030517578,141.83999633789062,134.63999938964844,138.9600067138672,1272,0.0,0.0
2005-06-03 00:00:00-04:00,141.83999633789062,142.1999969482422,135.36000061035156,137.52000427246094,794,0.0,0.0
2005-06-06 00:00:00-04:00,141.1199951171875,141.47999572753906,133.1999969482422,134.27999877929688,1186,0.0,0.0
2005-06-07 00:00:00-04:00,134.63999938964844,137.52000427246094,129.9600067138672,135.0,1894,0.0,0.0
2005-06-08 00:00:00-04:00,135.72000122070312,138.9600067138672,131.39999389648438,131.75999450683594,1350,0.0,0.0
2005-06-09 00:00:00-04:00,133.1999969482422,136.0800018310547,132.47999572753906,133.1999969482422,583,0.0,0.0
2005-06-10 00:00:00-04:00,133.1999969482422,133.9199981689453,130.67999267578125,131.39999389648438,550,0.0,0.0
2005-06-13 00:00:00-04:00,132.1199951171875,135.36000061035156,130.32000732421875,130.32000732421875,703,0.0,0.0
2005-06-14 00:00:00-04:00,130.32000732421875,131.0399932861328,130.32000732421875,131.0399932861328,747,0.0,0.0
2005-06-15 00:00:00-04:00,129.9600067138672,133.9199981689453,128.8800048828125,128.8800048828125,917,0.0,0.0
2005-06-16 00:00:00-04:00,128.8800048828125,128.8800048828125,121.68000030517578,127.08000183105469,3794,0.0,0.0
2005-06-17 00:00:00-04:00,125.27999877929688,126.0,122.4000015258789,123.12000274658203,1617,0.0,0.0
2005-06-20 00:00:00-04:00,124.91999816894531,124.91999816894531,115.91999816894531,119.5199966430664,2172,0.0,0.0
2005-06-21 00:00:00-04:00,114.12000274658203,119.87999725341797,112.31999969482422,113.4000015258789,1739,0.0,0.0
2005-06-22 00:00:00-04:00,113.4000015258789,122.04000091552734,113.4000015258789,117.0,1278,0.0,0.0
2005-06-23 00:00:00-04:00,120.5999984741211,121.31999969482422,117.0,119.16000366210938,1056,0.0,0.0
2005-06-24 00:00:00-04:00,122.04000091552734,123.12000274658203,117.0,118.80000305175781,1331,0.0,0.0
2005-06-27 00:00:00-04:00,118.80000305175781,122.76000213623047,117.36000061035156,118.80000305175781,378,0.0,0.0
2005-06-28 00:00:00-04:00,117.72000122070312,122.04000091552734,117.0,121.31999969482422,797,0.0,0.0
2005-06-29 00:00:00-04:00,124.91999816894531,135.0,122.04000091552734,128.16000366210938,2789,0.0,0.0
2005-06-30 00:00:00-04:00,132.47999572753906,135.0,127.80000305175781,134.63999938964844,1833,0.0,0.0
2005-07-01 00:00:00-04:00,136.8000030517578,147.24000549316406,136.8000030517578,141.1199951171875,3622,0.0,0.0
2005-07-05 00:00:00-04:00,144.0,144.0,134.27999877929688,137.8800048828125,1717,0.0,0.0
2005-07-06 00:00:00-04:00,149.39999389648438,150.47999572753906,140.0399932861328,142.55999755859375,9167,0.0,0.0
2005-07-07 00:00:00-04:00,139.32000732421875,162.0,139.32000732421875,151.9199981689453,3586,0.0,0.0
2005-07-08 00:00:00-04:00,151.9199981689453,153.36000061035156,147.60000610351562,147.60000610351562,1992,0.0,0.0
2005-07-11 00:00:00-04:00,149.39999389648438,159.83999633789062,149.39999389648438,151.9199981689453,1906,0.0,0.0
2005-07-12 00:00:00-04:00,155.16000366210938,158.0399932861328,149.39999389648438,156.60000610351562,1133,0.0,0.0
2005-07-13 00:00:00-04:00,156.9600067138672,159.1199951171875,137.52000427246094,140.39999389648438,11258,0.0,0.0
2005-07-14 00:00:00-04:00,139.67999267578125,139.67999267578125,127.80000305175781,137.8800048828125,3617,0.0,0.0
2005-07-15 00:00:00-04:00,137.8800048828125,140.75999450683594,134.63999938964844,138.60000610351562,589,0.0,0.0
2005-07-18 00:00:00-04:00,138.60000610351562,138.9600067138672,134.27999877929688,134.27999877929688,1361,0.0,0.0
2005-07-19 00:00:00-04:00,134.27999877929688,137.8800048828125,129.60000610351562,137.8800048828125,1608,0.0,0.0
2005-07-20 00:00:00-04:00,137.8800048828125,138.9600067138672,129.9600067138672,136.44000244140625,1692,0.0,0.0
2005-07-21 00:00:00-04:00,138.9600067138672,143.63999938964844,136.8000030517578,141.47999572753906,1164,0.0,0.0
2005-07-22 00:00:00-04:00,142.55999755859375,143.63999938964844,139.32000732421875,141.47999572753906,556,0.0,0.0
2005-07-25 00:00:00-04:00,140.75999450683594,144.0,138.24000549316406,141.83999633789062,508,0.0,0.0
2005-07-26 00:00:00-04:00,139.67999267578125,140.75999450683594,135.72000122070312,140.39999389648438,831,0.0,0.0
2005-07-27 00:00:00-04:00,140.39999389648438,147.60000610351562,137.52000427246094,144.0,1658,0.0,0.0
2005-07-28 00:00:00-04:00,145.8000030517578,145.8000030517578,141.47999572753906,145.44000244140625,872,0.0,0.0
2005-07-29 00:00:00-04:00,147.24000549316406,149.39999389648438,145.44000244140625,145.44000244140625,875,0.0,0.0
2005-08-01 00:00:00-04:00,148.67999267578125,149.0399932861328,146.52000427246094,149.0399932861328,1047,0.0,0.0
2005-08-02 00:00:00-04:00,150.47999572753906,151.1999969482422,148.32000732421875,148.32000732421875,1228,0.0,0.0
2005-08-03 00:00:00-04:00,146.8800048828125,151.55999755859375,146.16000366210938,150.47999572753906,472,0.0,0.0
2005-08-04 00:00:00-04:00,150.47999572753906,153.0,150.47999572753906,152.63999938964844,1247,0.0,0.0
2005-08-05 00:00:00-04:00,155.52000427246094,155.52000427246094,144.0,151.1999969482422,858,0.0,0.0
2005-08-08 00:00:00-04:00,148.32000732421875,150.83999633789062,144.36000061035156,149.75999450683594,639,0.0,0.0
2005-08-09 00:00:00-04:00,148.32000732421875,150.47999572753906,144.0,145.44000244140625,647,0.0,0.0
2005-08-10 00:00:00-04:00,147.24000549316406,147.24000549316406,144.36000061035156,144.36000061035156,644,0.0,0.0
2005-08-11 00:00:00-04:00,146.8800048828125,146.8800048828125,144.36000061035156,146.16000366210938,514,0.0,0.0
2005-08-12 00:00:00-04:00,145.0800018310547,146.16000366210938,142.55999755859375,144.0,622,0.0,0.0
2005-08-15 00:00:00-04:00,146.16000366210938,146.16000366210938,138.60000610351562,140.75999450683594,589,0.0,0.0
2005-08-16 00:00:00-04:00,138.9600067138672,140.39999389648438,137.16000366210938,138.9600067138672,611,0.0,0.0
2005-08-17 00:00:00-04:00,137.8800048828125,141.47999572753906,136.8000030517578,138.9600067138672,517,0.0,0.0
2005-08-18 00:00:00-04:00,140.0399932861328,145.44000244140625,137.8800048828125,142.9199981689453,489,0.0,0.0
2005-08-19 00:00:00-04:00,140.39999389648438,140.39999389648438,137.52000427246094,140.0399932861328,300,0.0,0.0
2005-08-22 00:00:00-04:00,142.55999755859375,144.72000122070312,139.32000732421875,142.55999755859375,725,0.0,0.0
2005-08-23 00:00:00-04:00,143.63999938964844,143.63999938964844,140.75999450683594,143.63999938964844,292,0.0,0.0
2005-08-24 00:00:00-04:00,142.1999969482422,143.63999938964844,137.8800048828125,143.63999938964844,425,0.0,0.0
2005-08-25 00:00:00-04:00,143.27999877929688,143.27999877929688,140.75999450683594,141.1199951171875,319,0.0,0.0
2005-08-26 00:00:00-04:00,143.27999877929688,144.0,138.24000549316406,139.32000732421875,375,0.0,0.0
2005-08-29 00:00:00-04:00,138.9600067138672,146.52000427246094,135.72000122070312,142.9199981689453,1303,0.0,0.0
2005-08-30 00:00:00-04:00,144.36000061035156,144.36000061035156,136.8000030517578,141.47999572753906,428,0.0,0.0
2005-08-31 00:00:00-04:00,140.0399932861328,144.72000122070312,139.67999267578125,140.75999450683594,514,0.0,0.0
2005-09-01 00:00:00-04:00,139.32000732421875,143.27999877929688,138.24000549316406,141.1199951171875,525,0.0,0.0
2005-09-02 00:00:00-04:00,126.72000122070312,136.8000030517578,126.72000122070312,135.0,1272,0.0,0.0
2005-09-06 00:00:00-04:00,128.16000366210938,133.55999755859375,128.16000366210938,131.39999389648438,553,0.0,0.0
2005-09-07 00:00:00-04:00,129.60000610351562,132.47999572753906,123.12000274658203,127.44000244140625,922,0.0,0.0
2005-09-08 00:00:00-04:00,124.91999816894531,128.52000427246094,123.83999633789062,127.80000305175781,900,0.0,0.0
2005-09-09 00:00:00-04:00,126.0,133.1999969482422,126.0,132.1199951171875,692,0.0,0.0
2005-09-12 00:00:00-04:00,133.9199981689453,140.39999389648438,132.83999633789062,134.63999938964844,1114,0.0,0.0
2005-09-13 00:00:00-04:00,134.63999938964844,134.63999938964844,132.47999572753906,133.1999969482422,336,0.0,0.0
2005-09-14 00:00:00-04:00,155.52000427246094,155.52000427246094,140.39999389648438,142.1999969482422,2114,0.0,0.0
2005-09-15 00:00:00-04:00,144.0,144.0,128.16000366210938,140.39999389648438,1083,0.0,0.0
2005-09-16 00:00:00-04:00,138.60000610351562,139.32000732421875,133.55999755859375,136.44000244140625,425,0.0,0.0
2005-09-19 00:00:00-04:00,132.83999633789062,135.0,131.39999389648438,131.75999450683594,325,0.0,0.0
2005-09-20 00:00:00-04:00,131.75999450683594,136.44000244140625,129.9600067138672,132.1199951171875,511,0.0,0.0
2005-09-21 00:00:00-04:00,129.60000610351562,129.60000610351562,125.27999877929688,127.44000244140625,900,0.0,0.0
2005-09-22 00:00:00-04:00,126.0,126.0,119.5199966430664,122.4000015258789,1900,0.0,0.0
2005-09-23 00:00:00-04:00,122.4000015258789,124.19999694824219,118.08000183105469,120.5999984741211,1064,0.0,0.0
2005-09-26 00:00:00-04:00,124.19999694824219,124.19999694824219,120.95999908447266,122.76000213623047,1422,0.0,0.0
2005-09-27 00:00:00-04:00,122.4000015258789,125.27999877929688,117.0,118.08000183105469,933,0.0,0.0
2005-09-28 00:00:00-04:00,117.0,119.16000366210938,111.5999984741211,113.4000015258789,2264,0.0,0.0
2005-09-29 00:00:00-04:00,118.80000305175781,126.0,115.55999755859375,119.87999725341797,8264,0.0,0.0
2005-09-30 00:00:00-04:00,121.31999969482422,121.31999969482422,117.0,120.5999984741211,1594,0.0,0.0
2005-10-03 00:00:00-04:00,120.5999984741211,121.31999969482422,118.80000305175781,120.5999984741211,917,0.0,0.0
2005-10-04 00:00:00-04:00,120.5999984741211,120.5999984741211,118.44000244140625,118.44000244140625,464,0.0,0.0
2005-10-05 00:00:00-04:00,117.36000061035156,118.44000244140625,115.19999694824219,115.19999694824219,519,0.0,0.0
2005-10-06 00:00:00-04:00,100.80000305175781,124.19999694824219,100.80000305175781,115.91999816894531,2500,0.0,0.0
2005-10-07 00:00:00-04:00,122.04000091552734,122.04000091552734,113.04000091552734,114.4800033569336,1361,0.0,0.0
2005-10-10 00:00:00-04:00,116.63999938964844,117.36000061035156,113.04000091552734,113.04000091552734,653,0.0,0.0
2005-10-11 00:00:00-04:00,112.68000030517578,117.36000061035156,112.31999969482422,113.4000015258789,256,0.0,0.0
2005-10-12 00:00:00-04:00,115.19999694824219,115.19999694824219,108.36000061035156,109.08000183105469,1333,0.0,0.0
2005-10-13 00:00:00-04:00,108.0,108.0,98.63999938964844,101.16000366210938,1856,0.0,0.0
2005-10-14 00:00:00-04:00,100.80000305175781,107.63999938964844,97.91999816894531,101.16000366210938,1028,0.0,0.0
2005-10-17 00:00:00-04:00,102.5999984741211,112.31999969482422,101.16000366210938,109.08000183105469,2383,0.0,0.0
2005-10-18 00:00:00-04:00,110.5199966430664,111.23999786376953,107.63999938964844,109.08000183105469,408,0.0,0.0
2005-10-19 00:00:00-04:00,103.68000030517578,108.72000122070312,102.95999908447266,107.63999938964844,1192,0.0,0.0
2005-10-20 00:00:00-04:00,106.55999755859375,107.63999938964844,105.83999633789062,105.83999633789062,772,0.0,0.0
2005-10-21 00:00:00-04:00,107.63999938964844,108.72000122070312,103.68000030517578,105.4800033569336,478,0.0,0.0
2005-10-24 00:00:00-04:00,106.91999816894531,109.08000183105469,104.4000015258789,107.27999877929688,844,0.0,0.0
2005-10-25 00:00:00-04:00,110.5199966430664,111.5999984741211,104.4000015258789,108.0,633,0.0,0.0
2005-10-26 00:00:00-04:00,111.5999984741211,118.08000183105469,111.23999786376953,115.91999816894531,3756,0.0,0.0
2005-10-27 00:00:00-04:00,117.72000122070312,118.08000183105469,106.19999694824219,106.91999816894531,1475,0.0,0.0
2005-10-28 00:00:00-04:00,109.08000183105469,110.16000366210938,108.36000061035156,108.72000122070312,475,0.0,0.0
2005-10-31 00:00:00-05:00,101.5199966430664,111.23999786376953,101.5199966430664,109.80000305175781,1447,0.0,0.0
2005-11-01 00:00:00-05:00,109.80000305175781,109.80000305175781,103.31999969482422,106.19999694824219,2050,0.0,0.0
2005-11-02 00:00:00-05:00,108.0,112.68000030517578,106.19999694824219,110.5199966430664,2178,0.0,0.0
2005-11-03 00:00:00-05:00,111.5999984741211,118.80000305175781,110.87999725341797,117.0,3317,0.0,0.0
2005-11-04 00:00:00-05:00,118.80000305175781,120.23999786376953,117.36000061035156,120.23999786376953,669,0.0,0.0
2005-11-07 00:00:00-05:00,120.5999984741211,129.60000610351562,119.87999725341797,127.44000244140625,6239,0.0,0.0
2005-11-08 00:00:00-05:00,129.60000610351562,134.63999938964844,126.36000061035156,129.9600067138672,3517,0.0,0.0
2005-11-09 00:00:00-05:00,132.47999572753906,135.0,127.80000305175781,134.63999938964844,2050,0.0,0.0
2005-11-10 00:00:00-05:00,135.0,141.47999572753906,127.80000305175781,141.1199951171875,2108,0.0,0.0
2005-11-11 00:00:00-05:00,144.0,162.0,144.0,154.44000244140625,9131,0.0,0.0
2005-11-14 00:00:00-05:00,154.8000030517578,168.83999633789062,154.8000030517578,162.72000122070312,8867,0.0,0.0
2005-11-15 00:00:00-05:00,165.60000610351562,167.39999389648438,144.72000122070312,153.72000122070312,6858,0.0,0.0
2005-11-16 00:00:00-05:00,154.0800018310547,161.27999877929688,154.0800018310547,160.9199981689453,1197,0.0,0.0
2005-11-17 00:00:00-05:00,161.63999938964844,165.24000549316406,160.1999969482422,164.8800048828125,3244,0.0,0.0
2005-11-18 00:00:00-05:00,163.8000030517578,165.24000549316406,157.67999267578125,159.83999633789062,1756,0.0,0.0
2005-11-21 00:00:00-05:00,158.39999389648438,160.1999969482422,151.1999969482422,151.9199981689453,3317,0.0,0.0
2005-11-22 00:00:00-05:00,154.44000244140625,163.8000030517578,149.39999389648438,160.9199981689453,4150,0.0,0.0
2005-11-23 00:00:00-05:00,160.9199981689453,162.0,158.0399932861328,162.0,1064,0.0,0.0
2005-11-25 00:00:00-05:00,162.0,165.24000549316406,160.55999755859375,160.9199981689453,972,0.0,0.0
2005-11-28 00:00:00-05:00,163.0800018310547,163.44000244140625,151.9199981689453,154.8000030517578,1953,0.0,0.0
2005-11-29 00:00:00-05:00,153.0,158.39999389648438,149.39999389648438,157.32000732421875,1086,0.0,0.0
2005-11-30 00:00:00-05:00,154.8000030517578,160.9199981689453,154.8000030517578,160.55999755859375,944,0.0,0.0
2005-12-01 00:00:00-05:00,160.55999755859375,161.63999938964844,153.0,155.52000427246094,1839,0.0,0.0
2005-12-02 00:00:00-05:00,157.67999267578125,158.0399932861328,152.27999877929688,153.0,494,0.0,0.0
2005-12-05 00:00:00-05:00,153.0,155.52000427246094,153.0,154.0800018310547,1619,0.0,0.0
2005-12-06 00:00:00-05:00,153.36000061035156,154.0800018310547,153.0,153.36000061035156,800,0.0,0.0
2005-12-07 00:00:00-05:00,156.60000610351562,156.60000610351562,145.8000030517578,153.0,1747,0.0,0.0
2005-12-08 00:00:00-05:00,154.8000030517578,154.8000030517578,140.75999450683594,143.63999938964844,1833,0.0,0.0
2005-12-09 00:00:00-05:00,137.52000427246094,143.27999877929688,129.60000610351562,140.39999389648438,4817,0.0,0.0
2005-12-12 00:00:00-05:00,141.83999633789062,141.83999633789062,126.0,134.63999938964844,2356,0.0,0.0
2005-12-13 00:00:00-05:00,134.27999877929688,142.55999755859375,134.27999877929688,142.1999969482422,1733,0.0,0.0
2005-12-14 00:00:00-05:00,143.27999877929688,144.72000122070312,140.39999389648438,140.75999450683594,1306,0.0,0.0
2005-12-15 00:00:00-05:00,141.1199951171875,144.0,138.60000610351562,141.1199951171875,1281,0.0,0.0
2005-12-16 00:00:00-05:00,133.1999969482422,140.39999389648438,133.1999969482422,136.8000030517578,2025,0.0,0.0
2005-12-19 00:00:00-05:00,135.0,141.83999633789062,134.63999938964844,135.0,1656,0.0,0.0
2005-12-20 00:00:00-05:00,135.0,138.60000610351562,132.83999633789062,135.36000061035156,1622,0.0,0.0
2005-12-21 00:00:00-05:00,133.1999969482422,138.24000549316406,130.67999267578125,133.9199981689453,2908,0.0,0.0
2005-12-22 00:00:00-05:00,126.36000061035156,133.1999969482422,122.4000015258789,133.1999969482422,5444,0.0,0.0
2005-12-23 00:00:00-05:00,129.60000610351562,136.44000244140625,127.80000305175781,135.0,1769,0.0,0.0
2005-12-27 00:00:00-05:00,133.1999969482422,135.0,128.52000427246094,134.63999938964844,2728,0.0,0.0
2005-12-28 00:00:00-05:00,133.1999969482422,138.24000549316406,131.75999450683594,138.24000549316406,2069,0.0,0.0
2005-12-29 00:00:00-05:00,135.0,138.24000549316406,129.60000610351562,130.32000732421875,2633,0.0,0.0
2005-12-30 00:00:00-05:00,125.27999877929688,131.39999389648438,124.55999755859375,131.39999389648438,4444,0.0,0.0
2006-01-03 00:00:00-05:00,126.72000122070312,126.72000122070312,124.19999694824219,126.36000061035156,2633,0.0,0.0
2006-01-04 00:00:00-05:00,127.44000244140625,127.80000305175781,122.4000015258789,126.36000061035156,2006,0.0,0.0
2006-01-05 00:00:00-05:00,129.60000610351562,133.1999969482422,126.36000061035156,131.39999389648438,2308,0.0,0.0
2006-01-06 00:00:00-05:00,131.39999389648438,132.47999572753906,126.72000122070312,127.08000183105469,1033,0.0,0.0
2006-01-09 00:00:00-05:00,126.36000061035156,143.63999938964844,126.36000061035156,140.75999450683594,7517,0.0,0.0
2006-01-10 00:00:00-05:00,142.9199981689453,153.0,141.1199951171875,147.60000610351562,3669,0.0,0.0
2006-01-11 00:00:00-05:00,147.60000610351562,154.44000244140625,146.8800048828125,150.1199951171875,3681,0.0,0.0
2006-01-12 00:00:00-05:00,150.1199951171875,154.8000030517578,147.24000549316406,153.36000061035156,3842,0.0,0.0
2006-01-13 00:00:00-05:00,156.24000549316406,156.60000610351562,152.27999877929688,156.60000610351562,1431,0.0,0.0
2006-01-17 00:00:00-05:00,155.16000366210938,160.1999969482422,147.9600067138672,154.0800018310547,2122,0.0,0.0
2006-01-18 00:00:00-05:00,151.1999969482422,153.72000122070312,147.9600067138672,152.63999938964844,1283,0.0,0.0
2006-01-19 00:00:00-05:00,151.1999969482422,159.83999633789062,150.47999572753906,158.39999389648438,2044,0.0,0.0
2006-01-20 00:00:00-05:00,147.60000610351562,156.60000610351562,147.60000610351562,154.8000030517578,5439,0.0,0.0
2006-01-23 00:00:00-05:00,154.0800018310547,154.0800018310547,147.60000610351562,149.39999389648438,1167,0.0,0.0
2006-01-24 00:00:00-05:00,147.60000610351562,152.63999938964844,147.24000549316406,148.67999267578125,1594,0.0,0.0
2006-01-25 00:00:00-05:00,146.16000366210938,152.63999938964844,145.8000030517578,151.1999969482422,1883,0.0,0.0
2006-01-26 00:00:00-05:00,149.39999389648438,151.1999969482422,145.8000030517578,151.1999969482422,1203,0.0,0.0
2006-01-27 00:00:00-05:00,149.75999450683594,151.1999969482422,147.60000610351562,151.1999969482422,844,0.0,0.0
2006-01-30 00:00:00-05:00,148.32000732421875,163.8000030517578,148.32000732421875,162.0,3675,0.0,0.0
2006-01-31 00:00:00-05:00,160.1999969482422,172.8000030517578,158.0399932861328,168.83999633789062,3250,0.0,0.0
2006-02-01 00:00:00-05:00,167.39999389648438,168.83999633789062,163.44000244140625,168.83999633789062,3397,0.0,0.0
2006-02-02 00:00:00-05:00,167.39999389648438,167.39999389648438,151.1999969482422,160.1999969482422,569,0.0,0.0
2006-02-03 00:00:00-05:00,162.0,165.24000549316406,153.0,156.24000549316406,772,0.0,0.0
2006-02-06 00:00:00-05:00,153.0,164.16000366210938,153.0,160.9199981689453,911,0.0,0.0
2006-02-07 00:00:00-05:00,163.8000030517578,164.16000366210938,153.0,156.24000549316406,978,0.0,0.0
2006-02-08 00:00:00-05:00,151.9199981689453,154.8000030517578,151.9199981689453,153.36000061035156,1033,0.0,0.0
2006-02-09 00:00:00-05:00,154.8000030517578,154.8000030517578,152.27999877929688,153.0,336,0.0,0.0
2006-02-10 00:00:00-05:00,151.55999755859375,154.0800018310547,151.55999755859375,152.27999877929688,831,0.0,0.0
2006-02-13 00:00:00-05:00,152.27999877929688,154.0800018310547,151.1999969482422,152.27999877929688,469,0.0,0.0
2006-02-14 00:00:00-05:00,148.67999267578125,150.47999572753906,143.63999938964844,144.0,4397,0.0,0.0
2006-02-15 00:00:00-05:00,147.60000610351562,147.60000610351562,144.0,146.8800048828125,756,0.0,0.0
2006-02-16 00:00:00-05:00,147.60000610351562,161.63999938964844,144.36000061035156,154.0800018310547,7894,0.0,0.0
2006-02-17 00:00:00-05:00,154.8000030517578,154.8000030517578,148.32000732421875,150.47999572753906,964,0.0,0.0
2006-02-21 00:00:00-05:00,154.0800018310547,154.44000244140625,148.67999267578125,150.47999572753906,1714,0.0,0.0
2006-02-22 00:00:00-05:00,144.0,149.75999450683594,142.9199981689453,145.0800018310547,2022,0.0,0.0
2006-02-23 00:00:00-05:00,144.0,144.0,129.9600067138672,135.0,4319,0.0,0.0
2006-02-24 00:00:00-05:00,135.0,136.44000244140625,129.60000610351562,132.83999633789062,1300,0.0,0.0
2006-02-27 00:00:00-05:00,132.47999572753906,140.39999389648438,132.47999572753906,136.8000030517578,3472,0.0,0.0
2006-02-28 00:00:00-05:00,137.16000366210938,147.60000610351562,136.8000030517578,147.60000610351562,5172,0.0,0.0
2006-03-01 00:00:00-05:00,144.36000061035156,162.0,144.0,149.39999389648438,3431,0.0,0.0
2006-03-02 00:00:00-05:00,148.32000732421875,149.39999389648438,146.52000427246094,147.9600067138672,394,0.0,0.0
2006-03-03 00:00:00-05:00,149.39999389648438,149.75999450683594,147.9600067138672,149.39999389648438,525,0.0,0.0
2006-03-06 00:00:00-05:00,149.39999389648438,151.1999969482422,149.39999389648438,150.1199951171875,1692,0.0,0.0
2006-03-07 00:00:00-05:00,149.75999450683594,150.83999633789062,147.60000610351562,150.1199951171875,725,0.0,0.0
2006-03-08 00:00:00-05:00,149.39999389648438,150.83999633789062,146.16000366210938,146.8800048828125,1028,0.0,0.0
2006-03-09 00:00:00-05:00,145.8000030517578,151.1999969482422,144.0,144.0,1556,0.0,0.0
2006-03-10 00:00:00-05:00,144.0,145.8000030517578,136.8000030517578,145.8000030517578,1011,0.0,0.0
2006-03-13 00:00:00-05:00,144.0,147.60000610351562,136.8000030517578,142.1999969482422,1781,0.0,0.0
2006-03-14 00:00:00-05:00,142.55999755859375,142.55999755859375,138.60000610351562,139.32000732421875,353,0.0,0.0
2006-03-15 00:00:00-05:00,138.60000610351562,144.0,137.52000427246094,137.8800048828125,1172,0.0,0.0
2006-03-16 00:00:00-05:00,137.8800048828125,141.83999633789062,136.8000030517578,141.47999572753906,778,0.0,0.0
2006-03-17 00:00:00-05:00,140.75999450683594,142.1999969482422,135.0,138.60000610351562,858,0.0,0.0
2006-03-20 00:00:00-05:00,131.39999389648438,140.39999389648438,131.39999389648438,138.24000549316406,1342,0.0,0.0
2006-03-21 00:00:00-05:00,137.52000427246094,138.24000549316406,135.0,136.44000244140625,333,0.0,0.0
2006-03-22 00:00:00-05:00,138.24000549316406,145.44000244140625,135.36000061035156,138.9600067138672,1653,0.0,0.0
2006-03-23 00:00:00-05:00,142.1999969482422,142.1999969482422,136.8000030517578,136.8000030517578,661,0.0,0.0
2006-03-24 00:00:00-05:00,136.8000030517578,140.75999450683594,136.8000030517578,138.60000610351562,539,0.0,0.0
2006-03-27 00:00:00-05:00,138.24000549316406,142.1999969482422,135.0,137.8800048828125,789,0.0,0.0
2006-03-28 00:00:00-05:00,138.24000549316406,138.24000549316406,133.9199981689453,135.0,497,0.0,0.0
2006-03-29 00:00:00-05:00,134.27999877929688,145.8000030517578,134.27999877929688,144.0,1606,0.0,0.0
2006-03-30 00:00:00-05:00,147.24000549316406,156.60000610351562,146.8800048828125,156.60000610351562,3119,0.0,0.0
2006-03-31 00:00:00-05:00,157.67999267578125,158.75999450683594,144.36000061035156,158.39999389648438,4689,0.0,0.0
2006-04-03 00:00:00-04:00,156.60000610351562,157.67999267578125,150.47999572753906,152.63999938964844,869,0.0,0.0
2006-04-04 00:00:00-04:00,153.36000061035156,153.36000061035156,145.8000030517578,147.24000549316406,4122,0.0,0.0
2006-04-05 00:00:00-04:00,149.39999389648438,154.8000030517578,144.36000061035156,149.75999450683594,1661,0.0,0.0
2006-04-06 00:00:00-04:00,151.1999969482422,153.0,147.60000610351562,153.0,1542,0.0,0.0
2006-04-07 00:00:00-04:00,151.9199981689453,157.67999267578125,147.60000610351562,154.44000244140625,1989,0.0,0.0
2006-04-10 00:00:00-04:00,157.67999267578125,158.0399932861328,149.39999389648438,150.83999633789062,1378,0.0,0.0
2006-04-11 00:00:00-04:00,151.1999969482422,152.63999938964844,144.72000122070312,148.67999267578125,1267,0.0,0.0
2006-04-12 00:00:00-04:00,148.32000732421875,150.83999633789062,145.0800018310547,149.0399932861328,833,0.0,0.0
2006-04-13 00:00:00-04:00,148.67999267578125,150.83999633789062,145.0800018310547,145.8000030517578,997,0.0,0.0
2006-04-17 00:00:00-04:00,144.0,151.1999969482422,144.0,149.39999389648438,808,0.0,0.0
2006-04-18 00:00:00-04:00,150.47999572753906,151.1999969482422,145.8000030517578,147.60000610351562,1164,0.0,0.0
2006-04-19 00:00:00-04:00,149.39999389648438,161.27999877929688,148.32000732421875,149.39999389648438,2878,0.0,0.0
2006-04-20 00:00:00-04:00,153.0,158.39999389648438,150.47999572753906,151.1999969482422,5019,0.0,0.0
2006-04-21 00:00:00-04:00,149.39999389648438,154.8000030517578,147.9600067138672,147.9600067138672,1053,0.0,0.0
2006-04-24 00:00:00-04:00,151.1999969482422,157.67999267578125,149.39999389648438,154.0800018310547,3139,0.0,0.0
2006-04-25 00:00:00-04:00,156.60000610351562,156.60000610351562,147.60000610351562,149.0399932861328,1575,0.0,0.0
2006-04-26 00:00:00-04:00,151.1999969482422,153.0,147.60000610351562,147.60000610351562,2314,0.0,0.0
2006-04-27 00:00:00-04:00,146.8800048828125,155.52000427246094,142.9199981689453,149.75999450683594,1225,0.0,0.0
2006-04-28 00:00:00-04:00,149.39999389648438,149.75999450683594,145.8000030517578,148.32000732421875,150,0.0,0.0
2006-05-01 00:00:00-04:00,147.60000610351562,149.39999389648438,142.1999969482422,147.60000610351562,781,0.0,0.0
2006-05-02 00:00:00-04:00,147.60000610351562,150.83999633789062,146.16000366210938,148.67999267578125,394,0.0,0.0
2006-05-03 00:00:00-04:00,149.39999389648438,153.36000061035156,147.60000610351562,153.36000061035156,631,0.0,0.0
2006-05-04 00:00:00-04:00,152.27999877929688,154.8000030517578,149.75999450683594,150.83999633789062,1567,0.0,0.0
2006-05-05 00:00:00-04:00,149.39999389648438,155.16000366210938,144.72000122070312,149.39999389648438,1206,0.0,0.0
2006-05-08 00:00:00-04:00,151.1999969482422,158.39999389648438,149.39999389648438,149.75999450683594,3844,0.0,0.0
2006-05-09 00:00:00-04:00,156.24000549316406,156.24000549316406,146.16000366210938,149.39999389648438,2544,0.0,0.0
2006-05-10 00:00:00-04:00,145.8000030517578,147.9600067138672,141.83999633789062,143.63999938964844,1786,0.0,0.0
2006-05-11 00:00:00-04:00,145.8000030517578,145.8000030517578,136.8000030517578,137.52000427246094,900,0.0,0.0
2006-05-12 00:00:00-04:00,134.27999877929688,134.27999877929688,120.5999984741211,129.24000549316406,3564,0.0,0.0
2006-05-15 00:00:00-04:00,127.80000305175781,127.80000305175781,122.4000015258789,126.0,1303,0.0,0.0
2006-05-16 00:00:00-04:00,124.19999694824219,137.52000427246094,118.80000305175781,133.9199981689453,1869,0.0,0.0
2006-05-17 00:00:00-04:00,130.32000732421875,130.32000732421875,120.5999984741211,124.19999694824219,1353,0.0,0.0
2006-05-18 00:00:00-04:00,126.0,135.36000061035156,122.4000015258789,132.47999572753906,2044,0.0,0.0
2006-05-19 00:00:00-04:00,132.47999572753906,132.47999572753906,117.0,122.04000091552734,1756,0.0,0.0
2006-05-22 00:00:00-04:00,122.04000091552734,122.04000091552734,105.12000274658203,117.0,3806,0.0,0.0
2006-05-23 00:00:00-04:00,113.4000015258789,121.31999969482422,108.0,112.68000030517578,2206,0.0,0.0
2006-05-24 00:00:00-04:00,118.08000183105469,118.80000305175781,106.55999755859375,107.27999877929688,2294,0.0,0.0
2006-05-25 00:00:00-04:00,108.0,108.72000122070312,104.76000213623047,105.4800033569336,1169,0.0,0.0
2006-05-26 00:00:00-04:00,105.4800033569336,113.4000015258789,105.12000274658203,106.91999816894531,919,0.0,0.0
2006-05-30 00:00:00-04:00,108.0,109.08000183105469,102.95999908447266,106.55999755859375,1525,0.0,0.0
2006-05-31 00:00:00-04:00,113.4000015258789,117.0,106.19999694824219,117.0,1597,0.0,0.0
2006-06-01 00:00:00-04:00,113.4000015258789,113.4000015258789,109.08000183105469,110.5199966430664,722,0.0,0.0
2006-06-02 00:00:00-04:00,109.80000305175781,112.31999969482422,108.72000122070312,109.80000305175781,2311,0.0,0.0
2006-06-05 00:00:00-04:00,111.5999984741211,111.5999984741211,106.19999694824219,106.19999694824219,383,0.0,0.0
2006-06-06 00:00:00-04:00,106.55999755859375,108.72000122070312,106.55999755859375,108.0,728,0.0,0.0
2006-06-07 00:00:00-04:00,108.0,109.44000244140625,106.19999694824219,106.19999694824219,1050,0.0,0.0
2006-06-08 00:00:00-04:00,107.27999877929688,107.27999877929688,99.36000061035156,102.5999984741211,1283,0.0,0.0
2006-06-09 00:00:00-04:00,105.12000274658203,105.12000274658203,100.80000305175781,101.16000366210938,275,0.0,0.0
2006-06-12 00:00:00-04:00,99.72000122070312,101.16000366210938,86.4000015258789,88.19999694824219,4850,0.0,0.0
2006-06-13 00:00:00-04:00,86.4000015258789,86.4000015258789,73.80000305175781,73.80000305175781,7847,0.0,0.0
2006-06-14 00:00:00-04:00,76.31999969482422,81.0,74.87999725341797,79.19999694824219,2175,0.0,0.0
2006-06-15 00:00:00-04:00,81.0,81.36000061035156,79.55999755859375,79.91999816894531,1344,0.0,0.0
2006-06-16 00:00:00-04:00,80.27999877929688,81.0,77.76000213623047,79.19999694824219,1375,0.0,0.0
2006-06-19 00:00:00-04:00,82.80000305175781,86.76000213623047,80.27999877929688,81.0,1217,0.0,0.0
2006-06-20 00:00:00-04:00,79.19999694824219,81.0,77.4000015258789,79.91999816894531,844,0.0,0.0
2006-06-21 00:00:00-04:00,78.12000274658203,79.19999694824219,77.4000015258789,77.76000213623047,658,0.0,0.0
2006-06-22 00:00:00-04:00,81.0,81.0,73.80000305175781,75.5999984741211,892,0.0,0.0
2006-06-23 00:00:00-04:00,75.5999984741211,75.95999908447266,72.36000061035156,74.16000366210938,597,0.0,0.0
2006-06-26 00:00:00-04:00,74.16000366210938,74.87999725341797,67.31999969482422,71.63999938964844,4014,0.0,0.0
2006-06-27 00:00:00-04:00,71.63999938964844,72.36000061035156,68.4000015258789,68.76000213623047,1583,0.0,0.0
2006-06-28 00:00:00-04:00,67.31999969482422,99.0,67.31999969482422,83.5199966430664,27814,0.0,0.0
2006-06-29 00:00:00-04:00,77.4000015258789,93.5999984741211,75.95999908447266,86.4000015258789,9119,0.0,0.0
2006-06-30 00:00:00-04:00,92.87999725341797,92.87999725341797,84.5999984741211,84.5999984741211,1406,0.0,0.0
2006-07-03 00:00:00-04:00,83.5199966430664,87.12000274658203,81.0,87.12000274658203,378,0.0,0.0
2006-07-05 00:00:00-04:00,86.4000015258789,86.4000015258789,79.19999694824219,83.16000366210938,1833,0.0,0.0
2006-07-06 00:00:00-04:00,83.87999725341797,83.87999725341797,77.4000015258789,80.63999938964844,928,0.0,0.0
2006-07-07 00:00:00-04:00,82.44000244140625,82.80000305175781,79.91999816894531,79.91999816894531,125,0.0,0.0
2006-07-10 00:00:00-04:00,79.91999816894531,85.31999969482422,79.91999816894531,81.0,4181,0.0,0.0
2006-07-11 00:00:00-04:00,81.0,81.0,75.5999984741211,75.95999908447266,1856,0.0,0.0
2006-07-12 00:00:00-04:00,75.5999984741211,76.68000030517578,72.0,73.80000305175781,2717,0.0,0.0
2006-07-13 00:00:00-04:00,74.87999725341797,74.87999725341797,71.63999938964844,72.0,1358,0.0,0.0
2006-07-14 00:00:00-04:00,72.0,73.44000244140625,67.68000030517578,71.63999938964844,4472,0.0,0.0
2006-07-17 00:00:00-04:00,72.0,72.0,66.5999984741211,68.04000091552734,828,0.0,0.0
2006-07-18 00:00:00-04:00,68.4000015258789,74.87999725341797,68.4000015258789,70.55999755859375,839,0.0,0.0
2006-07-19 00:00:00-04:00,71.27999877929688,73.80000305175781,66.95999908447266,69.12000274658203,2817,0.0,0.0
2006-07-20 00:00:00-04:00,71.27999877929688,71.27999877929688,68.4000015258789,68.4000015258789,1400,0.0,0.0
2006-07-21 00:00:00-04:00,68.04000091552734,70.19999694824219,66.95999908447266,70.19999694824219,1825,0.0,0.0
2006-07-24 00:00:00-04:00,70.19999694824219,72.72000122070312,68.4000015258789,71.63999938964844,753,0.0,0.0
2006-07-25 00:00:00-04:00,72.0,72.0,70.19999694824219,70.19999694824219,592,0.0,0.0
2006-07-26 00:00:00-04:00,72.0,72.0,70.19999694824219,71.63999938964844,194,0.0,0.0
2006-07-27 00:00:00-04:00,70.19999694824219,71.63999938964844,69.12000274658203,69.83999633789062,983,0.0,0.0
2006-07-28 00:00:00-04:00,70.91999816894531,71.27999877929688,70.55999755859375,71.27999877929688,175,0.0,0.0
2006-07-31 00:00:00-04:00,71.27999877929688,79.19999694824219,69.4800033569336,79.19999694824219,3056,0.0,0.0
2006-08-01 00:00:00-04:00,75.5999984741211,77.4000015258789,66.95999908447266,66.95999908447266,4267,0.0,0.0
2006-08-02 00:00:00-04:00,67.31999969482422,69.83999633789062,67.31999969482422,68.4000015258789,728,0.0,0.0
2006-08-03 00:00:00-04:00,68.4000015258789,68.4000015258789,66.5999984741211,68.04000091552734,694,0.0,0.0
2006-08-04 00:00:00-04:00,64.80000305175781,71.27999877929688,64.80000305175781,69.12000274658203,1583,0.0,0.0
2006-08-07 00:00:00-04:00,71.27999877929688,72.0,68.4000015258789,70.91999816894531,886,0.0,0.0
2006-08-08 00:00:00-04:00,72.0,74.87999725341797,72.0,73.80000305175781,1431,0.0,0.0
2006-08-09 00:00:00-04:00,75.5999984741211,79.91999816894531,69.12000274658203,69.83999633789062,1236,0.0,0.0
2006-08-10 00:00:00-04:00,63.0,70.19999694824219,63.0,69.12000274658203,872,0.0,0.0
2006-08-11 00:00:00-04:00,66.95999908447266,75.5999984741211,66.95999908447266,69.12000274658203,442,0.0,0.0
2006-08-14 00:00:00-04:00,70.19999694824219,70.19999694824219,64.80000305175781,67.31999969482422,814,0.0,0.0
2006-08-15 00:00:00-04:00,66.5999984741211,72.72000122070312,65.16000366210938,72.72000122070312,1797,0.0,0.0
2006-08-16 00:00:00-04:00,70.19999694824219,75.23999786376953,69.12000274658203,73.08000183105469,1464,0.0,0.0
2006-08-17 00:00:00-04:00,72.72000122070312,75.5999984741211,71.27999877929688,75.5999984741211,1258,0.0,0.0
2006-08-18 00:00:00-04:00,75.5999984741211,77.4000015258789,73.44000244140625,75.95999908447266,417,0.0,0.0
2006-08-21 00:00:00-04:00,75.95999908447266,75.95999908447266,68.76000213623047,71.63999938964844,1181,0.0,0.0
2006-08-22 00:00:00-04:00,73.80000305175781,75.5999984741211,73.80000305175781,74.16000366210938,519,0.0,0.0
2006-08-23 00:00:00-04:00,75.5999984741211,77.04000091552734,74.16000366210938,75.5999984741211,550,0.0,0.0
2006-08-24 00:00:00-04:00,75.5999984741211,82.80000305175781,75.5999984741211,82.44000244140625,2067,0.0,0.0
2006-08-25 00:00:00-04:00,80.27999877929688,82.80000305175781,79.19999694824219,81.72000122070312,722,0.0,0.0
2006-08-28 00:00:00-04:00,79.19999694824219,81.0,78.83999633789062,80.27999877929688,583,0.0,0.0
2006-08-29 00:00:00-04:00,80.63999938964844,81.72000122070312,80.27999877929688,81.0,550,0.0,0.0
2006-08-30 00:00:00-04:00,81.0,82.44000244140625,80.27999877929688,81.0,2175,0.0,0.0
2006-08-31 00:00:00-04:00,79.19999694824219,79.91999816894531,72.0,78.4800033569336,4808,0.0,0.0
2006-09-01 00:00:00-04:00,79.19999694824219,83.87999725341797,77.4000015258789,81.0,2689,0.0,0.0
2006-09-05 00:00:00-04:00,79.19999694824219,86.04000091552734,79.19999694824219,81.0,2608,0.0,0.0
2006-09-06 00:00:00-04:00,79.19999694824219,81.0,77.4000015258789,80.63999938964844,1778,0.0,0.0
2006-09-07 00:00:00-04:00,81.0,81.0,77.4000015258789,78.4800033569336,1333,0.0,0.0
2006-09-08 00:00:00-04:00,77.4000015258789,78.4800033569336,77.04000091552734,78.4800033569336,844,0.0,0.0
2006-09-11 00:00:00-04:00,75.95999908447266,76.31999969482422,74.87999725341797,75.95999908447266,711,0.0,0.0
2006-09-12 00:00:00-04:00,74.16000366210938,77.4000015258789,72.36000061035156,74.5199966430664,1283,0.0,0.0
2006-09-13 00:00:00-04:00,74.5199966430664,75.5999984741211,74.5199966430664,74.87999725341797,622,0.0,0.0
2006-09-14 00:00:00-04:00,75.95999908447266,75.95999908447266,73.80000305175781,74.5199966430664,258,0.0,0.0
2006-09-15 00:00:00-04:00,75.5999984741211,75.5999984741211,74.16000366210938,75.23999786376953,656,0.0,0.0
2006-09-18 00:00:00-04:00,74.16000366210938,75.5999984741211,73.80000305175781,75.5999984741211,861,0.0,0.0
2006-09-19 00:00:00-04:00,75.5999984741211,77.4000015258789,74.5199966430664,76.68000030517578,1486,0.0,0.0
2006-09-20 00:00:00-04:00,76.31999969482422,77.4000015258789,73.80000305175781,74.5199966430664,944,0.0,0.0
2006-09-21 00:00:00-04:00,75.23999786376953,75.5999984741211,72.72000122070312,73.08000183105469,692,0.0,0.0
2006-09-22 00:00:00-04:00,75.5999984741211,75.5999984741211,72.0,73.44000244140625,294,0.0,0.0
2006-09-25 00:00:00-04:00,71.63999938964844,73.80000305175781,68.4000015258789,72.0,1292,0.0,0.0
2006-09-26 00:00:00-04:00,70.19999694824219,73.80000305175781,68.4000015258789,72.0,911,0.0,0.0
2006-09-27 00:00:00-04:00,72.36000061035156,72.36000061035156,54.36000061035156,61.560001373291016,38200,0.0,0.0
2006-09-28 00:00:00-04:00,64.80000305175781,64.80000305175781,57.599998474121094,57.599998474121094,34561,0.0,0.0
2006-09-29 00:00:00-04:00,60.84000015258789,70.19999694824219,57.599998474121094,69.12000274658203,10858,0.0,0.0
2006-10-02 00:00:00-04:00,63.36000061035156,69.83999633789062,58.31999969482422,66.95999908447266,1067,0.0,0.0
2006-10-03 00:00:00-04:00,69.12000274658203,69.12000274658203,62.279998779296875,63.720001220703125,4117,0.0,0.0
2006-10-04 00:00:00-04:00,64.80000305175781,67.68000030517578,64.80000305175781,67.68000030517578,1731,0.0,0.0
2006-10-05 00:00:00-04:00,69.4800033569336,69.83999633789062,62.279998779296875,63.0,3208,0.0,0.0
2006-10-06 00:00:00-04:00,63.0,68.4000015258789,59.400001525878906,63.0,5078,0.0,0.0
2006-10-09 00:00:00-04:00,61.91999816894531,62.63999938964844,59.400001525878906,62.63999938964844,1892,0.0,0.0
2006-10-10 00:00:00-04:00,63.0,63.720001220703125,61.20000076293945,63.36000061035156,1331,0.0,0.0
2006-10-11 00:00:00-04:00,63.36000061035156,70.19999694824219,61.560001373291016,64.08000183105469,8375,0.0,0.0
2006-10-12 00:00:00-04:00,66.23999786376953,68.04000091552734,64.80000305175781,67.68000030517578,3611,0.0,0.0
2006-10-13 00:00:00-04:00,67.68000030517578,75.5999984741211,66.5999984741211,72.0,7461,0.0,0.0
2006-10-16 00:00:00-04:00,75.5999984741211,77.4000015258789,71.27999877929688,73.08000183105469,5403,0.0,0.0
2006-10-17 00:00:00-04:00,76.68000030517578,76.68000030517578,67.31999969482422,69.83999633789062,3536,0.0,0.0
2006-10-18 00:00:00-04:00,73.44000244140625,73.44000244140625,65.5199966430664,69.83999633789062,6608,0.0,0.0
2006-10-19 00:00:00-04:00,70.91999816894531,75.5999984741211,69.4800033569336,72.0,6967,0.0,0.0
2006-10-20 00:00:00-04:00,73.08000183105469,74.5199966430664,71.63999938964844,74.5199966430664,3617,0.0,0.0
2006-10-23 00:00:00-04:00,75.5999984741211,75.5999984741211,71.63999938964844,72.72000122070312,3939,0.0,0.0
2006-10-24 00:00:00-04:00,73.08000183105469,73.80000305175781,70.55999755859375,71.63999938964844,3069,0.0,0.0
2006-10-25 00:00:00-04:00,73.80000305175781,75.5999984741211,72.72000122070312,73.44000244140625,2114,0.0,0.0
2006-10-26 00:00:00-04:00,72.72000122070312,76.31999969482422,72.72000122070312,75.5999984741211,3931,0.0,0.0
2006-10-27 00:00:00-04:00,75.95999908447266,78.83999633789062,73.80000305175781,77.4000015258789,6083,0.0,0.0
2006-10-30 00:00:00-05:00,74.87999725341797,75.5999984741211,57.599998474121094,60.119998931884766,20653,0.0,0.0
2006-10-31 00:00:00-05:00,61.91999816894531,66.5999984741211,61.20000076293945,66.5999984741211,4103,0.0,0.0
2006-11-01 00:00:00-05:00,67.31999969482422,68.76000213623047,61.20000076293945,62.279998779296875,3867,0.0,0.0
2006-11-02 00:00:00-05:00,62.63999938964844,64.44000244140625,59.040000915527344,59.400001525878906,5653,0.0,0.0
2006-11-03 00:00:00-05:00,61.20000076293945,62.279998779296875,59.400001525878906,60.84000015258789,4911,0.0,0.0
2006-11-06 00:00:00-05:00,60.84000015258789,60.84000015258789,57.959999084472656,59.040000915527344,2597,0.0,0.0
2006-11-07 00:00:00-05:00,59.400001525878906,61.20000076293945,57.599998474121094,59.400001525878906,3478,0.0,0.0
2006-11-08 00:00:00-05:00,64.80000305175781,64.80000305175781,59.040000915527344,60.84000015258789,14353,0.0,0.0
2006-11-09 00:00:00-05:00,61.20000076293945,64.44000244140625,60.119998931884766,60.119998931884766,3400,0.0,0.0
2006-11-10 00:00:00-05:00,61.20000076293945,61.20000076293945,59.400001525878906,59.400001525878906,2050,0.0,0.0
2006-11-13 00:00:00-05:00,60.119998931884766,61.20000076293945,59.040000915527344,59.7599983215332,2953,0.0,0.0
2006-11-14 00:00:00-05:00,59.400001525878906,61.20000076293945,57.599998474121094,57.959999084472656,4325,0.0,0.0
2006-11-15 00:00:00-05:00,57.959999084472656,59.040000915527344,54.36000061035156,55.79999923706055,6081,0.0,0.0
2006-11-16 00:00:00-05:00,56.52000045776367,57.2400016784668,53.279998779296875,56.52000045776367,8133,0.0,0.0
2006-11-17 00:00:00-05:00,55.79999923706055,64.08000183105469,55.439998626708984,60.119998931884766,13525,0.0,0.0
2006-11-20 00:00:00-05:00,61.20000076293945,62.279998779296875,58.68000030517578,59.400001525878906,8442,0.0,0.0
2006-11-21 00:00:00-05:00,64.08000183105469,64.44000244140625,61.560001373291016,63.0,6589,0.0,0.0
2006-11-22 00:00:00-05:00,63.720001220703125,73.44000244140625,62.63999938964844,73.44000244140625,9592,0.0,0.0
2006-11-24 00:00:00-05:00,73.08000183105469,79.19999694824219,70.91999816894531,77.76000213623047,14819,0.0,0.0
2006-11-27 00:00:00-05:00,78.12000274658203,86.4000015258789,77.76000213623047,81.0,18092,0.0,0.0
2006-11-28 00:00:00-05:00,81.72000122070312,85.68000030517578,79.19999694824219,79.91999816894531,10931,0.0,0.0
2006-11-29 00:00:00-05:00,79.19999694824219,82.44000244140625,76.31999969482422,82.08000183105469,4950,0.0,0.0
2006-11-30 00:00:00-05:00,82.08000183105469,96.4800033569336,82.08000183105469,91.80000305175781,14722,0.0,0.0
2006-12-01 00:00:00-05:00,91.80000305175781,97.19999694824219,91.80000305175781,95.04000091552734,7617,0.0,0.0
2006-12-04 00:00:00-05:00,102.23999786376953,102.23999786376953,94.68000030517578,97.19999694824219,8233,0.0,0.0
2006-12-05 00:00:00-05:00,100.80000305175781,101.16000366210938,97.19999694824219,97.91999816894531,4828,0.0,0.0
2006-12-06 00:00:00-05:00,99.72000122070312,99.72000122070312,97.55999755859375,99.72000122070312,4786,0.0,0.0
2006-12-07 00:00:00-05:00,99.36000061035156,105.83999633789062,99.36000061035156,102.5999984741211,13972,0.0,0.0
2006-12-08 00:00:00-05:00,104.4000015258789,111.5999984741211,102.95999908447266,108.0,16233,0.0,0.0
2006-12-11 00:00:00-05:00,109.44000244140625,116.63999938964844,108.0,110.5199966430664,17367,0.0,0.0
2006-12-12 00:00:00-05:00,112.31999969482422,115.19999694824219,100.80000305175781,106.55999755859375,9181,0.0,0.0
2006-12-13 00:00:00-05:00,107.63999938964844,108.36000061035156,96.12000274658203,102.23999786376953,13617,0.0,0.0
2006-12-14 00:00:00-05:00,100.08000183105469,101.87999725341797,90.72000122070312,93.5999984741211,8469,0.0,0.0
2006-12-15 00:00:00-05:00,93.5999984741211,93.5999984741211,84.95999908447266,90.72000122070312,16878,0.0,0.0
2006-12-18 00:00:00-05:00,126.0,132.83999633789062,109.80000305175781,113.04000091552734,83792,0.0,0.0
2006-12-19 00:00:00-05:00,112.68000030517578,113.4000015258789,99.36000061035156,107.63999938964844,22425,0.0,0.0
2006-12-20 00:00:00-05:00,108.0,108.72000122070312,93.23999786376953,101.5199966430664,14192,0.0,0.0
2006-12-21 00:00:00-05:00,103.68000030517578,104.04000091552734,94.31999969482422,99.0,14228,0.0,0.0
2006-12-22 00:00:00-05:00,95.4000015258789,99.0,93.23999786376953,95.04000091552734,5914,0.0,0.0
2006-12-26 00:00:00-05:00,96.83999633789062,100.08000183105469,95.04000091552734,96.83999633789062,6356,0.0,0.0
2006-12-27 00:00:00-05:00,96.83999633789062,97.91999816894531,94.31999969482422,96.4800033569336,4925,0.0,0.0
2006-12-28 00:00:00-05:00,110.16000366210938,110.16000366210938,98.63999938964844,100.80000305175781,11558,0.0,0.0
2006-12-29 00:00:00-05:00,99.36000061035156,100.44000244140625,95.04000091552734,99.72000122070312,7028,0.0,0.0
2007-01-03 00:00:00-05:00,102.23999786376953,102.23999786376953,99.0,100.80000305175781,6528,0.0,0.0
2007-01-04 00:00:00-05:00,100.80000305175781,101.5199966430664,99.72000122070312,100.80000305175781,1706,0.0,0.0
2007-01-05 00:00:00-05:00,102.23999786376953,102.5999984741211,99.72000122070312,100.80000305175781,2742,0.0,0.0
2007-01-08 00:00:00-05:00,100.80000305175781,106.19999694824219,100.80000305175781,105.83999633789062,7408,0.0,0.0
2007-01-09 00:00:00-05:00,106.91999816894531,107.63999938964844,102.5999984741211,106.91999816894531,3731,0.0,0.0
2007-01-10 00:00:00-05:00,104.04000091552734,105.83999633789062,100.80000305175781,104.4000015258789,5675,0.0,0.0
2007-01-11 00:00:00-05:00,106.55999755859375,106.55999755859375,102.23999786376953,102.95999908447266,4022,0.0,0.0
2007-01-12 00:00:00-05:00,102.5999984741211,102.5999984741211,97.19999694824219,100.80000305175781,1911,0.0,0.0
2007-01-16 00:00:00-05:00,100.80000305175781,101.87999725341797,95.76000213623047,97.91999816894531,9769,0.0,0.0
2007-01-17 00:00:00-05:00,97.19999694824219,102.5999984741211,91.80000305175781,102.5999984741211,4472,0.0,0.0
2007-01-18 00:00:00-05:00,102.95999908447266,102.95999908447266,97.91999816894531,102.5999984741211,2847,0.0,0.0
2007-01-19 00:00:00-05:00,102.95999908447266,104.4000015258789,99.0,100.80000305175781,3339,0.0,0.0
2007-01-22 00:00:00-05:00,101.87999725341797,103.68000030517578,100.08000183105469,102.95999908447266,3864,0.0,0.0
2007-01-23 00:00:00-05:00,102.5999984741211,105.83999633789062,101.16000366210938,104.4000015258789,3139,0.0,0.0
2007-01-24 00:00:00-05:00,104.76000213623047,108.72000122070312,104.04000091552734,108.36000061035156,4939,0.0,0.0
2007-01-25 00:00:00-05:00,108.72000122070312,114.12000274658203,102.23999786376953,113.4000015258789,7928,0.0,0.0
2007-01-26 00:00:00-05:00,115.19999694824219,117.0,109.08000183105469,116.27999877929688,5661,0.0,0.0
2007-01-29 00:00:00-05:00,113.4000015258789,124.19999694824219,113.4000015258789,122.4000015258789,13411,0.0,0.0
2007-01-30 00:00:00-05:00,122.4000015258789,128.16000366210938,115.19999694824219,125.63999938964844,13092,0.0,0.0
2007-01-31 00:00:00-05:00,128.16000366210938,133.1999969482422,124.19999694824219,124.19999694824219,8153,0.0,0.0
2007-02-01 00:00:00-05:00,127.08000183105469,131.39999389648438,126.0,128.52000427246094,7044,0.0,0.0
2007-02-02 00:00:00-05:00,129.60000610351562,130.32000732421875,125.63999938964844,128.52000427246094,4139,0.0,0.0
2007-02-05 00:00:00-05:00,132.1199951171875,132.1199951171875,126.36000061035156,127.44000244140625,4106,0.0,0.0
2007-02-06 00:00:00-05:00,128.16000366210938,128.52000427246094,126.0,128.52000427246094,3517,0.0,0.0
2007-02-07 00:00:00-05:00,131.39999389648438,132.1199951171875,126.72000122070312,127.08000183105469,4039,0.0,0.0
2007-02-08 00:00:00-05:00,127.44000244140625,129.60000610351562,123.83999633789062,128.8800048828125,4644,0.0,0.0
2007-02-09 00:00:00-05:00,129.24000549316406,129.60000610351562,126.0,128.8800048828125,3767,0.0,0.0
2007-02-12 00:00:00-05:00,123.12000274658203,126.0,121.68000030517578,124.55999755859375,2889,0.0,0.0
2007-02-13 00:00:00-05:00,125.63999938964844,129.60000610351562,124.19999694824219,128.8800048828125,2386,0.0,0.0
2007-02-14 00:00:00-05:00,128.52000427246094,128.8800048828125,126.0,128.16000366210938,2203,0.0,0.0
2007-02-15 00:00:00-05:00,126.0,129.60000610351562,126.0,129.60000610351562,2931,0.0,0.0
2007-02-16 00:00:00-05:00,129.60000610351562,129.9600067138672,128.16000366210938,129.60000610351562,2467,0.0,0.0
2007-02-20 00:00:00-05:00,129.60000610351562,131.39999389648438,129.60000610351562,131.0399932861328,7414,0.0,0.0
2007-02-21 00:00:00-05:00,131.39999389648438,132.47999572753906,129.60000610351562,132.47999572753906,3475,0.0,0.0
2007-02-22 00:00:00-05:00,132.47999572753906,150.47999572753906,132.47999572753906,145.8000030517578,10911,0.0,0.0
2007-02-23 00:00:00-05:00,145.8000030517578,158.39999389648438,145.8000030517578,153.0,13289,0.0,0.0
2007-02-26 00:00:00-05:00,156.60000610351562,165.24000549316406,156.60000610351562,159.83999633789062,20911,0.0,0.0
2007-02-27 00:00:00-05:00,158.0399932861328,158.0399932861328,145.8000030517578,156.60000610351562,11625,0.0,0.0
2007-02-28 00:00:00-05:00,156.9600067138672,159.83999633789062,152.63999938964844,157.32000732421875,4656,0.0,0.0
2007-03-01 00:00:00-05:00,158.0399932861328,167.39999389648438,156.60000610351562,164.8800048828125,7300,0.0,0.0
2007-03-02 00:00:00-05:00,167.39999389648438,169.1999969482422,154.8000030517578,161.63999938964844,6839,0.0,0.0
2007-03-05 00:00:00-05:00,161.63999938964844,161.63999938964844,153.0,158.39999389648438,6531,0.0,0.0
2007-03-06 00:00:00-05:00,158.39999389648438,165.9600067138672,156.9600067138672,165.24000549316406,6453,0.0,0.0
2007-03-07 00:00:00-05:00,168.83999633789062,170.27999877929688,160.9199981689453,164.16000366210938,6758,0.0,0.0
2007-03-08 00:00:00-05:00,162.0,168.83999633789062,160.9199981689453,168.83999633789062,6517,0.0,0.0
2007-03-09 00:00:00-05:00,168.83999633789062,168.83999633789062,160.9199981689453,163.0800018310547,6253,0.0,0.0
2007-03-12 00:00:00-04:00,163.0800018310547,165.24000549316406,158.75999450683594,165.24000549316406,7008,0.0,0.0
2007-03-13 00:00:00-04:00,161.63999938964844,163.0800018310547,156.9600067138672,163.0800018310547,5478,0.0,0.0
2007-03-14 00:00:00-04:00,160.55999755859375,160.9199981689453,150.1199951171875,158.39999389648438,6242,0.0,0.0
2007-03-15 00:00:00-04:00,155.16000366210938,158.0399932861328,151.1999969482422,155.8800048828125,3731,0.0,0.0
2007-03-16 00:00:00-04:00,154.8000030517578,157.32000732421875,145.8000030517578,155.52000427246094,4522,0.0,0.0
2007-03-19 00:00:00-04:00,158.0399932861328,161.63999938964844,154.8000030517578,159.83999633789062,2817,0.0,0.0
2007-03-20 00:00:00-04:00,157.67999267578125,161.63999938964844,157.32000732421875,158.39999389648438,2314,0.0,0.0
2007-03-21 00:00:00-04:00,158.75999450683594,171.0,155.16000366210938,168.47999572753906,9681,0.0,0.0
2007-03-22 00:00:00-04:00,169.1999969482422,170.27999877929688,163.8000030517578,165.9600067138672,5511,0.0,0.0
2007-03-23 00:00:00-04:00,168.47999572753906,171.72000122070312,165.24000549316406,168.47999572753906,4328,0.0,0.0
2007-03-26 00:00:00-04:00,169.9199981689453,171.0,164.8800048828125,165.24000549316406,4039,0.0,0.0
2007-03-27 00:00:00-04:00,165.60000610351562,166.67999267578125,162.72000122070312,165.60000610351562,2381,0.0,0.0
2007-03-28 00:00:00-04:00,165.60000610351562,182.8800048828125,163.8000030517578,179.63999938964844,9906,0.0,0.0
2007-03-29 00:00:00-04:00,179.27999877929688,199.8000030517578,179.27999877929688,195.47999572753906,21878,0.0,0.0
2007-03-30 00:00:00-04:00,201.60000610351562,225.0,200.16000366210938,214.9199981689453,22400,0.0,0.0
2007-04-02 00:00:00-04:00,212.39999389648438,221.75999450683594,190.0800018310547,210.60000610351562,22597,0.0,0.0
2007-04-03 00:00:00-04:00,208.44000244140625,208.44000244140625,198.0,203.39999389648438,7831,0.0,0.0
2007-04-04 00:00:00-04:00,198.36000061035156,213.83999633789062,198.36000061035156,210.24000549316406,7767,0.0,0.0
2007-04-05 00:00:00-04:00,210.60000610351562,211.32000732421875,201.60000610351562,208.8000030517578,7461,0.0,0.0
2007-04-09 00:00:00-04:00,208.8000030517578,216.0,203.39999389648438,210.24000549316406,5392,0.0,0.0
2007-04-10 00:00:00-04:00,210.60000610351562,230.39999389648438,210.60000610351562,229.67999267578125,17200,0.0,0.0
2007-04-11 00:00:00-04:00,230.39999389648438,234.0,216.36000061035156,221.75999450683594,12169,0.0,0.0
2007-04-12 00:00:00-04:00,222.83999633789062,222.83999633789062,216.0,221.0399932861328,6758,0.0,0.0
2007-04-13 00:00:00-04:00,221.0399932861328,221.0399932861328,216.0,220.32000732421875,4681,0.0,0.0
2007-04-16 00:00:00-04:00,221.0399932861328,236.16000366210938,218.8800048828125,236.16000366210938,13072,0.0,0.0
2007-04-17 00:00:00-04:00,237.60000610351562,254.8800048828125,237.24000549316406,244.0800018310547,25797,0.0,0.0
2007-04-18 00:00:00-04:00,241.9199981689453,246.60000610351562,223.1999969482422,235.44000244140625,12903,0.0,0.0
2007-04-19 00:00:00-04:00,234.0,234.0,228.60000610351562,231.83999633789062,3492,0.0,0.0
2007-04-20 00:00:00-04:00,232.1999969482422,232.1999969482422,227.16000366210938,231.83999633789062,3172,0.0,0.0
2007-04-23 00:00:00-04:00,231.83999633789062,251.27999877929688,219.60000610351562,236.8800048828125,9686,0.0,0.0
2007-04-24 00:00:00-04:00,244.8000030517578,244.8000030517578,231.1199951171875,236.16000366210938,3344,0.0,0.0
2007-04-25 00:00:00-04:00,236.16000366210938,246.9600067138672,229.67999267578125,234.0,5683,0.0,0.0
2007-04-26 00:00:00-04:00,234.0,241.1999969482422,231.1199951171875,240.47999572753906,2744,0.0,0.0
2007-04-27 00:00:00-04:00,240.1199951171875,242.63999938964844,233.63999938964844,242.63999938964844,3400,0.0,0.0
2007-04-30 00:00:00-04:00,241.1999969482422,257.3999938964844,240.83999633789062,252.0,12039,0.0,0.0
2007-05-01 00:00:00-04:00,248.39999389648438,251.63999938964844,241.1999969482422,246.24000549316406,3753,0.0,0.0
2007-05-02 00:00:00-04:00,246.60000610351562,248.39999389648438,232.55999755859375,243.0,6275,0.0,0.0
2007-05-03 00:00:00-04:00,243.0,248.39999389648438,243.0,245.52000427246094,4656,0.0,0.0
2007-05-04 00:00:00-04:00,247.67999267578125,248.0399932861328,241.1999969482422,243.0,2586,0.0,0.0
2007-05-07 00:00:00-04:00,245.16000366210938,267.8399963378906,244.8000030517578,261.0,18375,0.0,0.0
2007-05-08 00:00:00-04:00,259.9200134277344,277.20001220703125,252.0,276.4800109863281,12617,0.0,0.0
2007-05-09 00:00:00-04:00,276.4800109863281,288.0,271.44000244140625,272.1600036621094,10944,0.0,0.0
2007-05-10 00:00:00-04:00,270.0,270.0,261.0,264.9599914550781,7236,0.0,0.0
2007-05-11 00:00:00-04:00,263.5199890136719,277.55999755859375,263.1600036621094,263.8800048828125,4981,0.0,0.0
2007-05-14 00:00:00-04:00,267.4800109863281,270.0,234.0,266.0400085449219,16353,0.0,0.0
2007-05-15 00:00:00-04:00,262.79998779296875,266.0400085449219,239.39999389648438,247.32000732421875,12281,0.0,0.0
2007-05-16 00:00:00-04:00,247.32000732421875,247.32000732421875,222.1199951171875,238.67999267578125,12950,0.0,0.0
2007-05-17 00:00:00-04:00,237.60000610351562,246.24000549316406,234.0,245.8800048828125,7856,0.0,0.0
2007-05-18 00:00:00-04:00,243.36000061035156,255.60000610351562,243.36000061035156,254.16000366210938,5233,0.0,0.0
2007-05-21 00:00:00-04:00,254.8800048828125,254.8800048828125,243.36000061035156,250.1999969482422,7281,0.0,0.0
2007-05-22 00:00:00-04:00,250.9199981689453,250.9199981689453,247.67999267578125,249.1199951171875,1750,0.0,0.0
2007-05-23 00:00:00-04:00,249.1199951171875,252.0,234.36000061035156,239.39999389648438,8511,0.0,0.0
2007-05-24 00:00:00-04:00,237.60000610351562,246.60000610351562,236.52000427246094,246.60000610351562,4983,0.0,0.0
2007-05-25 00:00:00-04:00,228.60000610351562,234.72000122070312,223.1999969482422,234.0,20061,0.0,0.0
2007-05-29 00:00:00-04:00,234.0,241.1999969482422,228.24000549316406,240.83999633789062,12147,0.0,0.0
2007-05-30 00:00:00-04:00,243.0,248.0399932861328,235.8000030517578,245.8800048828125,4442,0.0,0.0
2007-05-31 00:00:00-04:00,248.75999450683594,251.27999877929688,243.0,245.52000427246094,2233,0.0,0.0
2007-06-01 00:00:00-04:00,245.52000427246094,247.67999267578125,241.9199981689453,245.8800048828125,3158,0.0,0.0
2007-06-04 00:00:00-04:00,248.39999389648438,248.39999389648438,236.8800048828125,244.44000244140625,3867,0.0,0.0
2007-06-05 00:00:00-04:00,244.8000030517578,245.16000366210938,234.72000122070312,242.63999938964844,1975,0.0,0.0
2007-06-06 00:00:00-04:00,242.63999938964844,242.63999938964844,236.16000366210938,241.1999969482422,1272,0.0,0.0
2007-06-07 00:00:00-04:00,241.1999969482422,241.1999969482422,235.0800018310547,237.60000610351562,1719,0.0,0.0
2007-06-08 00:00:00-04:00,234.72000122070312,243.36000061035156,234.72000122070312,242.27999877929688,3050,0.0,0.0
2007-06-11 00:00:00-04:00,243.72000122070312,244.0800018310547,237.60000610351562,244.0800018310547,2183,0.0,0.0
2007-06-12 00:00:00-04:00,249.83999633789062,251.27999877929688,243.0,244.0800018310547,5858,0.0,0.0
2007-06-13 00:00:00-04:00,250.1999969482422,250.1999969482422,244.8000030517578,246.60000610351562,3050,0.0,0.0
2007-06-14 00:00:00-04:00,248.75999450683594,248.75999450683594,244.8000030517578,247.67999267578125,2861,0.0,0.0
2007-06-15 00:00:00-04:00,248.39999389648438,248.75999450683594,239.39999389648438,243.0,2186,0.0,0.0
2007-06-18 00:00:00-04:00,243.0,244.0800018310547,237.9600067138672,239.39999389648438,2594,0.0,0.0
2007-06-19 00:00:00-04:00,237.9600067138672,239.39999389648438,232.9199981689453,238.67999267578125,3653,0.0,0.0
2007-06-20 00:00:00-04:00,239.0399932861328,239.0399932861328,233.63999938964844,235.0800018310547,2433,0.0,0.0
2007-06-21 00:00:00-04:00,237.24000549316406,241.9199981689453,230.39999389648438,235.8000030517578,3300,0.0,0.0
2007-06-22 00:00:00-04:00,236.52000427246094,236.52000427246094,223.1999969482422,233.63999938964844,3394,0.0,0.0
2007-06-25 00:00:00-04:00,228.24000549316406,229.67999267578125,223.1999969482422,228.60000610351562,3364,0.0,0.0
2007-06-26 00:00:00-04:00,222.1199951171875,228.24000549316406,216.72000122070312,226.8000030517578,6989,0.0,0.0
2007-06-27 00:00:00-04:00,221.39999389648438,234.0,216.72000122070312,228.60000610351562,5286,0.0,0.0
2007-06-28 00:00:00-04:00,231.1199951171875,231.47999572753906,219.24000549316406,228.9600067138672,1369,0.0,0.0
2007-06-29 00:00:00-04:00,229.32000732421875,229.67999267578125,225.0,228.24000549316406,1275,0.0,0.0
2007-07-02 00:00:00-04:00,228.60000610351562,228.60000610351562,225.72000122070312,228.60000610351562,2375,0.0,0.0
2007-07-03 00:00:00-04:00,226.8000030517578,228.9600067138672,223.55999755859375,226.8000030517578,1292,0.0,0.0
2007-07-05 00:00:00-04:00,221.39999389648438,226.0800018310547,220.32000732421875,226.0800018310547,2400,0.0,0.0
2007-07-06 00:00:00-04:00,226.0800018310547,226.8000030517578,219.60000610351562,223.55999755859375,1375,0.0,0.0
2007-07-09 00:00:00-04:00,219.60000610351562,226.8000030517578,218.52000427246094,224.27999877929688,1603,0.0,0.0
2007-07-10 00:00:00-04:00,219.60000610351562,226.44000244140625,217.8000030517578,226.44000244140625,2567,0.0,0.0
2007-07-11 00:00:00-04:00,226.44000244140625,239.0399932861328,226.44000244140625,232.9199981689453,3750,0.0,0.0
2007-07-12 00:00:00-04:00,239.39999389648438,241.1999969482422,235.0800018310547,240.83999633789062,3061,0.0,0.0
2007-07-13 00:00:00-04:00,241.1999969482422,241.55999755859375,234.0,239.0399932861328,1283,0.0,0.0
2007-07-16 00:00:00-04:00,240.1199951171875,240.1199951171875,231.83999633789062,238.32000732421875,1514,0.0,0.0
2007-07-17 00:00:00-04:00,240.1199951171875,240.1199951171875,235.8000030517578,239.0399932861328,911,0.0,0.0
2007-07-18 00:00:00-04:00,240.1199951171875,240.47999572753906,231.47999572753906,236.8800048828125,1747,0.0,0.0
2007-07-19 00:00:00-04:00,236.52000427246094,239.39999389648438,224.27999877929688,235.0800018310547,3053,0.0,0.0
2007-07-20 00:00:00-04:00,223.55999755859375,235.8000030517578,218.16000366210938,228.60000610351562,5606,0.0,0.0
2007-07-23 00:00:00-04:00,233.63999938964844,234.0,221.39999389648438,227.16000366210938,3131,0.0,0.0
2007-07-24 00:00:00-04:00,223.55999755859375,228.24000549316406,219.9600067138672,223.1999969482422,1622,0.0,0.0
2007-07-25 00:00:00-04:00,223.1999969482422,230.39999389648438,221.39999389648438,226.0800018310547,1222,0.0,0.0
2007-07-26 00:00:00-04:00,219.60000610351562,219.60000610351562,187.55999755859375,215.63999938964844,6611,0.0,0.0
2007-07-27 00:00:00-04:00,215.63999938964844,215.63999938964844,198.72000122070312,205.1999969482422,7156,0.0,0.0
2007-07-30 00:00:00-04:00,198.0,202.67999267578125,190.8000030517578,201.60000610351562,8417,0.0,0.0
2007-07-31 00:00:00-04:00,198.0,201.60000610351562,189.0,198.72000122070312,9681,0.0,0.0
2007-08-01 00:00:00-04:00,189.0,198.0,180.0,197.63999938964844,7625,0.0,0.0
2007-08-02 00:00:00-04:00,193.32000732421875,205.1999969482422,187.1999969482422,204.47999572753906,1875,0.0,0.0
2007-08-03 00:00:00-04:00,200.52000427246094,210.60000610351562,194.39999389648438,210.60000610351562,6378,0.0,0.0
2007-08-06 00:00:00-04:00,210.60000610351562,210.60000610351562,194.39999389648438,208.0800018310547,2569,0.0,0.0
2007-08-07 00:00:00-04:00,201.60000610351562,201.60000610351562,196.55999755859375,196.55999755859375,1369,0.0,0.0
2007-08-08 00:00:00-04:00,200.16000366210938,214.9199981689453,200.16000366210938,212.39999389648438,23842,0.0,0.0
2007-08-09 00:00:00-04:00,208.8000030517578,212.39999389648438,208.0800018310547,211.32000732421875,4914,0.0,0.0
2007-08-10 00:00:00-04:00,208.8000030517578,211.67999267578125,207.0,208.0800018310547,2297,0.0,0.0
2007-08-13 00:00:00-04:00,207.72000122070312,211.67999267578125,207.72000122070312,211.32000732421875,5297,0.0,0.0
2007-08-14 00:00:00-04:00,209.8800048828125,226.44000244140625,209.8800048828125,216.0,3983,0.0,0.0
2007-08-15 00:00:00-04:00,207.0,217.8000030517578,204.83999633789062,212.39999389648438,3867,0.0,0.0
2007-08-16 00:00:00-04:00,205.55999755859375,207.0,190.8000030517578,205.1999969482422,5767,0.0,0.0
2007-08-17 00:00:00-04:00,194.75999450683594,210.60000610351562,194.75999450683594,208.44000244140625,3306,0.0,0.0
2007-08-20 00:00:00-04:00,210.60000610351562,210.60000610351562,192.9600067138672,201.60000610351562,3019,0.0,0.0
2007-08-21 00:00:00-04:00,199.8000030517578,203.0399932861328,191.16000366210938,198.0,1717,0.0,0.0
2007-08-22 00:00:00-04:00,200.52000427246094,200.52000427246094,196.1999969482422,199.8000030517578,2342,0.0,0.0
2007-08-23 00:00:00-04:00,203.39999389648438,207.0,199.0800018310547,201.60000610351562,2864,0.0,0.0
2007-08-24 00:00:00-04:00,201.60000610351562,210.9600067138672,199.8000030517578,210.9600067138672,1697,0.0,0.0
2007-08-27 00:00:00-04:00,212.39999389648438,212.39999389648438,203.39999389648438,210.60000610351562,2403,0.0,0.0
2007-08-28 00:00:00-04:00,209.8800048828125,214.1999969482422,203.39999389648438,214.1999969482422,1672,0.0,0.0
2007-08-29 00:00:00-04:00,212.39999389648438,216.72000122070312,207.0,216.0,1897,0.0,0.0
2007-08-30 00:00:00-04:00,216.0,216.0,205.9199981689453,213.1199951171875,1356,0.0,0.0
2007-08-31 00:00:00-04:00,212.39999389648438,218.8800048828125,201.9600067138672,208.8000030517578,2522,0.0,0.0
2007-09-04 00:00:00-04:00,205.1999969482422,215.27999877929688,205.1999969482422,215.27999877929688,1492,0.0,0.0
2007-09-05 00:00:00-04:00,212.39999389648438,219.60000610351562,211.32000732421875,217.8000030517578,2853,0.0,0.0
2007-09-06 00:00:00-04:00,217.8000030517578,218.8800048828125,214.9199981689453,218.8800048828125,2775,0.0,0.0
2007-09-07 00:00:00-04:00,215.27999877929688,216.0,212.75999450683594,216.0,1367,0.0,0.0
2007-09-10 00:00:00-04:00,214.1999969482422,216.0,208.0800018310547,213.47999572753906,978,0.0,0.0
2007-09-11 00:00:00-04:00,218.16000366210938,221.0399932861328,209.8800048828125,215.63999938964844,2731,0.0,0.0
2007-09-12 00:00:00-04:00,221.39999389648438,221.39999389648438,210.24000549316406,217.8000030517578,2150,0.0,0.0
2007-09-13 00:00:00-04:00,217.8000030517578,221.39999389648438,214.1999969482422,216.0,1528,0.0,0.0
2007-09-14 00:00:00-04:00,219.24000549316406,221.39999389648438,216.0,218.52000427246094,1656,0.0,0.0
2007-09-17 00:00:00-04:00,222.47999572753906,222.47999572753906,212.39999389648438,214.1999969482422,1614,0.0,0.0
2007-09-18 00:00:00-04:00,212.75999450683594,214.1999969482422,207.72000122070312,214.1999969482422,1689,0.0,0.0
2007-09-19 00:00:00-04:00,214.1999969482422,214.1999969482422,204.83999633789062,208.0800018310547,1014,0.0,0.0
2007-09-20 00:00:00-04:00,199.44000244140625,213.1199951171875,199.44000244140625,209.52000427246094,1067,0.0,0.0
2007-09-21 00:00:00-04:00,208.44000244140625,214.1999969482422,201.60000610351562,208.8000030517578,900,0.0,0.0
2007-09-24 00:00:00-04:00,207.0,208.0800018310547,199.44000244140625,205.1999969482422,1828,0.0,0.0
2007-09-25 00:00:00-04:00,201.60000610351562,205.1999969482422,199.8000030517578,203.0399932861328,1283,0.0,0.0
2007-09-26 00:00:00-04:00,201.9600067138672,201.9600067138672,198.0,199.0800018310547,1011,0.0,0.0
2007-09-27 00:00:00-04:00,196.9199981689453,199.8000030517578,196.55999755859375,199.44000244140625,514,0.0,0.0
2007-09-28 00:00:00-04:00,198.0,210.60000610351562,198.0,208.8000030517578,3989,0.0,0.0
2007-10-01 00:00:00-04:00,208.8000030517578,208.8000030517578,200.8800048828125,201.9600067138672,1889,0.0,0.0
2007-10-02 00:00:00-04:00,204.83999633789062,204.83999633789062,194.39999389648438,198.36000061035156,2939,0.0,0.0
2007-10-03 00:00:00-04:00,196.1999969482422,198.0,187.55999755859375,192.60000610351562,1978,0.0,0.0
2007-10-04 00:00:00-04:00,195.1199951171875,203.0399932861328,194.39999389648438,202.67999267578125,1469,0.0,0.0
2007-10-05 00:00:00-04:00,200.16000366210938,215.27999877929688,200.16000366210938,214.1999969482422,3897,0.0,0.0
2007-10-08 00:00:00-04:00,216.0,216.72000122070312,212.39999389648438,216.0,2489,0.0,0.0
2007-10-09 00:00:00-04:00,216.0,219.60000610351562,203.75999450683594,206.63999938964844,3844,0.0,0.0
2007-10-10 00:00:00-04:00,211.67999267578125,214.1999969482422,205.1999969482422,213.1199951171875,1461,0.0,0.0
2007-10-11 00:00:00-04:00,215.27999877929688,216.0,205.9199981689453,208.8000030517578,1089,0.0,0.0
2007-10-12 00:00:00-04:00,210.60000610351562,214.1999969482422,207.0,213.83999633789062,1078,0.0,0.0
2007-10-15 00:00:00-04:00,211.67999267578125,211.67999267578125,201.9600067138672,204.83999633789062,2414,0.0,0.0
2007-10-16 00:00:00-04:00,203.39999389648438,204.83999633789062,198.0,200.52000427246094,1147,0.0,0.0
2007-10-17 00:00:00-04:00,200.52000427246094,203.75999450683594,198.0,198.0,1375,0.0,0.0
2007-10-18 00:00:00-04:00,198.0,204.1199951171875,198.0,203.39999389648438,539,0.0,0.0
2007-10-19 00:00:00-04:00,203.75999450683594,203.75999450683594,198.0,198.0,547,0.0,0.0
2007-10-22 00:00:00-04:00,196.1999969482422,198.0,194.39999389648438,196.1999969482422,900,0.0,0.0
2007-10-23 00:00:00-04:00,198.0,208.8000030517578,198.0,199.8000030517578,1522,0.0,0.0
2007-10-24 00:00:00-04:00,200.8800048828125,208.44000244140625,200.8800048828125,204.47999572753906,1594,0.0,0.0
2007-10-25 00:00:00-04:00,203.39999389648438,207.0,198.0,205.1999969482422,1553,0.0,0.0
2007-10-26 00:00:00-04:00,207.0,210.60000610351562,203.75999450683594,210.60000610351562,714,0.0,0.0
2007-10-29 00:00:00-04:00,212.39999389648438,217.8000030517578,201.60000610351562,217.8000030517578,2611,0.0,0.0
2007-10-30 00:00:00-04:00,213.1199951171875,213.1199951171875,200.16000366210938,208.8000030517578,4236,0.0,0.0
2007-10-31 00:00:00-04:00,205.55999755859375,215.63999938964844,199.44000244140625,215.63999938964844,4294,0.0,0.0
2007-11-01 00:00:00-04:00,212.39999389648438,212.39999389648438,203.0399932861328,207.0,1419,0.0,0.0
2007-11-02 00:00:00-04:00,205.1999969482422,205.1999969482422,198.36000061035156,203.39999389648438,839,0.0,0.0
2007-11-05 00:00:00-05:00,199.0800018310547,210.9600067138672,194.39999389648438,198.0,1506,0.0,0.0
2007-11-06 00:00:00-05:00,205.1999969482422,205.1999969482422,192.60000610351562,196.1999969482422,2047,0.0,0.0
2007-11-07 00:00:00-05:00,190.8000030517578,205.1999969482422,181.8000030517578,185.39999389648438,3264,0.0,0.0
2007-11-08 00:00:00-05:00,185.39999389648438,187.1999969482422,162.0,176.39999389648438,6394,0.0,0.0
2007-11-09 00:00:00-05:00,176.0399932861328,180.0,165.60000610351562,165.60000610351562,4172,0.0,0.0
2007-11-12 00:00:00-05:00,126.72000122070312,162.72000122070312,126.0,162.0,4964,0.0,0.0
2007-11-13 00:00:00-05:00,162.0,162.0,144.0,149.39999389648438,9861,0.0,0.0
2007-11-14 00:00:00-05:00,145.8000030517578,163.0800018310547,145.8000030517578,159.83999633789062,4389,0.0,0.0
2007-11-15 00:00:00-05:00,160.9199981689453,163.8000030517578,151.1999969482422,161.63999938964844,2394,0.0,0.0
2007-11-16 00:00:00-05:00,160.1999969482422,174.9600067138672,156.60000610351562,173.8800048828125,2147,0.0,0.0
2007-11-19 00:00:00-05:00,172.8000030517578,182.16000366210938,164.16000366210938,171.0,2431,0.0,0.0
2007-11-20 00:00:00-05:00,171.0,171.0,158.39999389648438,169.1999969482422,1347,0.0,0.0
2007-11-21 00:00:00-05:00,164.52000427246094,167.0399932861328,156.60000610351562,160.55999755859375,1361,0.0,0.0
2007-11-23 00:00:00-05:00,155.8800048828125,174.24000549316406,155.8800048828125,174.24000549316406,925,0.0,0.0
2007-11-26 00:00:00-05:00,162.0,172.44000244140625,162.0,171.36000061035156,1781,0.0,0.0
2007-11-27 00:00:00-05:00,168.47999572753906,171.0,156.9600067138672,166.32000732421875,983,0.0,0.0
2007-11-28 00:00:00-05:00,160.55999755859375,169.1999969482422,159.1199951171875,168.83999633789062,2333,0.0,0.0
2007-11-29 00:00:00-05:00,165.9600067138672,177.47999572753906,156.9600067138672,162.0,1550,0.0,0.0
2007-11-30 00:00:00-05:00,162.0,168.1199951171875,162.0,162.36000061035156,939,0.0,0.0
2007-12-03 00:00:00-05:00,160.1999969482422,163.0800018310547,153.36000061035156,156.9600067138672,558,0.0,0.0
2007-12-04 00:00:00-05:00,153.0,153.72000122070312,142.55999755859375,142.55999755859375,3108,0.0,0.0
2007-12-05 00:00:00-05:00,146.8800048828125,151.1999969482422,142.9199981689453,147.60000610351562,2828,0.0,0.0
2007-12-06 00:00:00-05:00,144.0,151.1999969482422,141.1199951171875,142.55999755859375,3181,0.0,0.0
2007-12-07 00:00:00-05:00,141.1199951171875,147.24000549316406,139.67999267578125,140.39999389648438,919,0.0,0.0
2007-12-10 00:00:00-05:00,140.39999389648438,141.1199951171875,129.9600067138672,136.8000030517578,2456,0.0,0.0
2007-12-11 00:00:00-05:00,135.36000061035156,136.8000030517578,126.72000122070312,133.55999755859375,1761,0.0,0.0
2007-12-12 00:00:00-05:00,130.67999267578125,140.0399932861328,129.24000549316406,136.44000244140625,3081,0.0,0.0
2007-12-13 00:00:00-05:00,135.0,136.44000244140625,131.39999389648438,131.39999389648438,894,0.0,0.0
2007-12-14 00:00:00-05:00,128.16000366210938,139.32000732421875,128.16000366210938,132.83999633789062,1775,0.0,0.0
2007-12-17 00:00:00-05:00,140.0399932861328,140.0399932861328,129.9600067138672,133.1999969482422,4803,0.0,0.0
2007-12-18 00:00:00-05:00,135.0,136.8000030517578,127.44000244140625,135.72000122070312,2206,0.0,0.0
2007-12-19 00:00:00-05:00,135.0,135.0,132.1199951171875,133.1999969482422,3617,0.0,0.0
2007-12-20 00:00:00-05:00,140.39999389648438,147.60000610351562,133.1999969482422,147.60000610351562,3250,0.0,0.0
2007-12-21 00:00:00-05:00,151.1999969482422,158.0399932861328,144.36000061035156,149.39999389648438,4742,0.0,0.0
2007-12-24 00:00:00-05:00,153.36000061035156,154.8000030517578,145.8000030517578,148.67999267578125,1081,0.0,0.0
2007-12-26 00:00:00-05:00,149.39999389648438,150.83999633789062,145.44000244140625,145.44000244140625,3817,0.0,0.0
2007-12-27 00:00:00-05:00,144.36000061035156,148.67999267578125,143.63999938964844,146.8800048828125,1547,0.0,0.0
2007-12-28 00:00:00-05:00,147.24000549316406,147.24000549316406,136.8000030517578,138.60000610351562,1783,0.0,0.0
2007-12-31 00:00:00-05:00,137.52000427246094,138.60000610351562,126.0,136.0800018310547,8042,0.0,0.0
2008-01-02 00:00:00-05:00,144.0,144.0,131.39999389648438,131.39999389648438,4867,0.0,0.0
2008-01-03 00:00:00-05:00,136.0800018310547,136.8000030517578,132.1199951171875,135.0,5950,0.0,0.0
2008-01-04 00:00:00-05:00,133.9199981689453,137.16000366210938,131.75999450683594,134.27999877929688,6803,0.0,0.0
2008-01-07 00:00:00-05:00,135.0,140.39999389648438,128.52000427246094,131.75999450683594,8442,0.0,0.0
2008-01-08 00:00:00-05:00,131.39999389648438,138.60000610351562,130.67999267578125,136.0800018310547,4969,0.0,0.0
2008-01-09 00:00:00-05:00,132.83999633789062,135.36000061035156,127.80000305175781,135.0,4308,0.0,0.0
2008-01-10 00:00:00-05:00,135.36000061035156,142.1999969482422,127.08000183105469,142.1999969482422,2481,0.0,0.0
2008-01-11 00:00:00-05:00,140.39999389648438,147.24000549316406,138.24000549316406,145.44000244140625,1619,0.0,0.0
2008-01-14 00:00:00-05:00,146.52000427246094,147.60000610351562,142.55999755859375,146.16000366210938,1536,0.0,0.0
2008-01-15 00:00:00-05:00,147.24000549316406,147.24000549316406,140.39999389648438,141.83999633789062,1608,0.0,0.0
2008-01-16 00:00:00-05:00,138.60000610351562,142.9199981689453,131.39999389648438,136.8000030517578,3558,0.0,0.0
2008-01-17 00:00:00-05:00,133.1999969482422,136.8000030517578,124.19999694824219,128.52000427246094,3917,0.0,0.0
2008-01-18 00:00:00-05:00,128.52000427246094,138.60000610351562,126.0,128.52000427246094,3097,0.0,0.0
2008-01-22 00:00:00-05:00,124.19999694824219,129.60000610351562,118.44000244140625,129.60000610351562,3322,0.0,0.0
2008-01-23 00:00:00-05:00,128.52000427246094,128.52000427246094,117.0,128.16000366210938,2458,0.0,0.0
2008-01-24 00:00:00-05:00,127.08000183105469,127.08000183105469,120.95999908447266,125.63999938964844,2053,0.0,0.0
2008-01-25 00:00:00-05:00,126.36000061035156,127.80000305175781,122.76000213623047,124.91999816894531,1119,0.0,0.0
2008-01-28 00:00:00-05:00,128.52000427246094,131.0399932861328,124.19999694824219,131.0399932861328,3156,0.0,0.0
2008-01-29 00:00:00-05:00,140.39999389648438,147.60000610351562,133.9199981689453,139.67999267578125,5214,0.0,0.0
2008-01-30 00:00:00-05:00,140.39999389648438,143.27999877929688,133.1999969482422,142.9199981689453,3272,0.0,0.0
2008-01-31 00:00:00-05:00,142.9199981689453,145.0800018310547,136.8000030517578,144.0,2069,0.0,0.0
2008-02-01 00:00:00-05:00,144.0,144.0,130.67999267578125,136.8000030517578,1714,0.0,0.0
2008-02-04 00:00:00-05:00,137.8800048828125,140.39999389648438,135.36000061035156,138.24000549316406,481,0.0,0.0
2008-02-05 00:00:00-05:00,137.8800048828125,137.8800048828125,129.60000610351562,131.0399932861328,900,0.0,0.0
2008-02-06 00:00:00-05:00,127.08000183105469,129.60000610351562,124.91999816894531,129.60000610351562,1728,0.0,0.0
2008-02-07 00:00:00-05:00,127.44000244140625,136.8000030517578,127.44000244140625,134.63999938964844,933,0.0,0.0
2008-02-08 00:00:00-05:00,133.1999969482422,135.0,129.9600067138672,133.1999969482422,689,0.0,0.0
2008-02-11 00:00:00-05:00,133.55999755859375,135.72000122070312,130.32000732421875,133.9199981689453,728,0.0,0.0
2008-02-12 00:00:00-05:00,133.1999969482422,135.72000122070312,129.60000610351562,133.9199981689453,1544,0.0,0.0
2008-02-13 00:00:00-05:00,136.0800018310547,137.8800048828125,130.32000732421875,132.1199951171875,1392,0.0,0.0
2008-02-14 00:00:00-05:00,132.47999572753906,132.47999572753906,128.16000366210938,129.60000610351562,669,0.0,0.0
2008-02-15 00:00:00-05:00,129.60000610351562,129.9600067138672,124.91999816894531,129.9600067138672,1119,0.0,0.0
2008-02-19 00:00:00-05:00,126.0,129.24000549316406,125.27999877929688,127.80000305175781,1328,0.0,0.0
2008-02-20 00:00:00-05:00,127.44000244140625,131.39999389648438,125.27999877929688,131.0399932861328,1106,0.0,0.0
2008-02-21 00:00:00-05:00,131.75999450683594,131.75999450683594,128.16000366210938,131.75999450683594,883,0.0,0.0
2008-02-22 00:00:00-05:00,131.0399932861328,131.0399932861328,126.36000061035156,130.32000732421875,361,0.0,0.0
2008-02-25 00:00:00-05:00,129.24000549316406,135.36000061035156,127.08000183105469,129.60000610351562,453,0.0,0.0
2008-02-26 00:00:00-05:00,128.16000366210938,131.75999450683594,124.19999694824219,131.39999389648438,1617,0.0,0.0
2008-02-27 00:00:00-05:00,129.60000610351562,133.1999969482422,126.0,129.24000549316406,2042,0.0,0.0
2008-02-28 00:00:00-05:00,129.60000610351562,130.32000732421875,124.19999694824219,128.16000366210938,1603,0.0,0.0
2008-02-29 00:00:00-05:00,124.55999755859375,127.08000183105469,122.4000015258789,124.19999694824219,556,0.0,0.0
2008-03-03 00:00:00-05:00,123.12000274658203,125.63999938964844,116.63999938964844,117.0,1622,0.0,0.0
2008-03-04 00:00:00-05:00,117.72000122070312,119.5199966430664,106.91999816894531,111.23999786376953,3022,0.0,0.0
2008-03-05 00:00:00-05:00,110.5199966430664,115.19999694824219,108.0,112.31999969482422,2506,0.0,0.0
2008-03-06 00:00:00-05:00,111.95999908447266,111.95999908447266,104.76000213623047,106.19999694824219,2256,0.0,0.0
2008-03-07 00:00:00-05:00,106.91999816894531,106.91999816894531,94.31999969482422,104.4000015258789,2394,0.0,0.0
2008-03-10 00:00:00-04:00,103.31999969482422,103.31999969482422,88.55999755859375,90.36000061035156,4894,0.0,0.0
2008-03-11 00:00:00-04:00,90.0,99.0,90.0,95.4000015258789,3819,0.0,0.0
2008-03-12 00:00:00-04:00,96.83999633789062,98.27999877929688,91.80000305175781,92.87999725341797,1628,0.0,0.0
2008-03-13 00:00:00-04:00,91.80000305175781,91.80000305175781,84.5999984741211,86.04000091552734,3500,0.0,0.0
2008-03-14 00:00:00-04:00,87.12000274658203,87.83999633789062,82.80000305175781,84.5999984741211,2144,0.0,0.0
2008-03-17 00:00:00-04:00,81.72000122070312,82.80000305175781,73.80000305175781,77.04000091552734,4097,0.0,0.0
2008-03-18 00:00:00-04:00,75.5999984741211,83.5199966430664,75.5999984741211,80.63999938964844,3606,0.0,0.0
2008-03-19 00:00:00-04:00,81.36000061035156,82.80000305175781,76.31999969482422,78.12000274658203,1778,0.0,0.0
2008-03-20 00:00:00-04:00,80.27999877929688,80.27999877929688,73.80000305175781,73.80000305175781,5231,0.0,0.0
2008-03-24 00:00:00-04:00,75.5999984741211,94.68000030517578,73.80000305175781,93.95999908447266,9897,0.0,0.0
2008-03-25 00:00:00-04:00,96.83999633789062,122.4000015258789,95.04000091552734,116.63999938964844,19061,0.0,0.0
2008-03-26 00:00:00-04:00,118.80000305175781,120.5999984741211,111.5999984741211,117.72000122070312,7331,0.0,0.0
2008-03-27 00:00:00-04:00,118.44000244140625,143.63999938964844,118.44000244140625,141.1199951171875,15183,0.0,0.0
2008-03-28 00:00:00-04:00,140.39999389648438,181.8000030517578,138.9600067138672,168.47999572753906,49506,0.0,0.0
2008-03-31 00:00:00-04:00,169.9199981689453,172.8000030517578,144.36000061035156,164.16000366210938,16753,0.0,0.0
2008-04-01 00:00:00-04:00,167.0399932861328,168.83999633789062,154.8000030517578,155.8800048828125,6389,0.0,0.0
2008-04-02 00:00:00-04:00,155.52000427246094,157.32000732421875,146.52000427246094,152.63999938964844,6144,0.0,0.0
2008-04-03 00:00:00-04:00,150.1199951171875,164.16000366210938,148.32000732421875,154.8000030517578,7900,0.0,0.0
2008-04-04 00:00:00-04:00,156.24000549316406,158.0399932861328,151.55999755859375,154.0800018310547,1292,0.0,0.0
2008-04-07 00:00:00-04:00,157.32000732421875,159.83999633789062,154.0800018310547,156.24000549316406,2211,0.0,0.0
2008-04-08 00:00:00-04:00,154.0800018310547,156.24000549316406,149.39999389648438,154.8000030517578,1381,0.0,0.0
2008-04-09 00:00:00-04:00,151.1999969482422,155.52000427246094,149.0399932861328,151.9199981689453,2150,0.0,0.0
2008-04-10 00:00:00-04:00,153.72000122070312,154.0800018310547,144.0,154.0800018310547,2375,0.0,0.0
2008-04-11 00:00:00-04:00,153.72000122070312,153.72000122070312,144.36000061035156,152.27999877929688,1294,0.0,0.0
2008-04-14 00:00:00-04:00,149.75999450683594,149.75999450683594,144.72000122070312,148.32000732421875,1483,0.0,0.0
2008-04-15 00:00:00-04:00,144.72000122070312,149.39999389648438,144.0,149.0399932861328,1092,0.0,0.0
2008-04-16 00:00:00-04:00,149.39999389648438,149.39999389648438,144.0,147.24000549316406,1581,0.0,0.0
2008-04-17 00:00:00-04:00,145.8000030517578,147.60000610351562,144.0,147.24000549316406,1872,0.0,0.0
2008-04-18 00:00:00-04:00,148.67999267578125,148.67999267578125,143.27999877929688,145.8000030517578,933,0.0,0.0
2008-04-21 00:00:00-04:00,145.8000030517578,145.8000030517578,142.1999969482422,144.0,1133,0.0,0.0
2008-04-22 00:00:00-04:00,142.1999969482422,143.63999938964844,137.16000366210938,142.55999755859375,2156,0.0,0.0
2008-04-23 00:00:00-04:00,141.83999633789062,141.83999633789062,136.8000030517578,140.75999450683594,1586,0.0,0.0
2008-04-24 00:00:00-04:00,140.39999389648438,141.47999572753906,128.16000366210938,134.63999938964844,2836,0.0,0.0
2008-04-25 00:00:00-04:00,133.1999969482422,137.52000427246094,132.47999572753906,136.0800018310547,2358,0.0,0.0
2008-04-28 00:00:00-04:00,135.0,135.0,128.52000427246094,129.9600067138672,1694,0.0,0.0
2008-04-29 00:00:00-04:00,129.60000610351562,133.55999755859375,129.60000610351562,133.1999969482422,764,0.0,0.0
2008-04-30 00:00:00-04:00,131.75999450683594,141.83999633789062,126.72000122070312,141.83999633789062,2397,0.0,0.0
2008-05-01 00:00:00-04:00,133.1999969482422,133.1999969482422,127.08000183105469,131.75999450683594,1056,0.0,0.0
2008-05-02 00:00:00-04:00,131.39999389648438,131.39999389648438,127.08000183105469,129.9600067138672,561,0.0,0.0
2008-05-05 00:00:00-04:00,130.32000732421875,133.1999969482422,127.08000183105469,133.1999969482422,1472,0.0,0.0
2008-05-06 00:00:00-04:00,133.1999969482422,133.1999969482422,129.60000610351562,132.1199951171875,947,0.0,0.0
2008-05-07 00:00:00-04:00,131.39999389648438,132.47999572753906,128.8800048828125,130.32000732421875,742,0.0,0.0
2008-05-08 00:00:00-04:00,132.1199951171875,132.1199951171875,126.36000061035156,128.52000427246094,772,0.0,0.0
2008-05-09 00:00:00-04:00,129.24000549316406,129.24000549316406,126.0,128.16000366210938,628,0.0,0.0
2008-05-12 00:00:00-04:00,129.60000610351562,131.0399932861328,126.0,130.32000732421875,1458,0.0,0.0
2008-05-13 00:00:00-04:00,129.24000549316406,133.1999969482422,127.80000305175781,132.1199951171875,1769,0.0,0.0
2008-05-14 00:00:00-04:00,130.67999267578125,133.1999969482422,129.60000610351562,133.1999969482422,1089,0.0,0.0
2008-05-15 00:00:00-04:00,131.39999389648438,143.27999877929688,131.0399932861328,143.27999877929688,3000,0.0,0.0
2008-05-16 00:00:00-04:00,144.0,151.55999755859375,141.47999572753906,151.55999755859375,5419,0.0,0.0
2008-05-19 00:00:00-04:00,152.27999877929688,152.27999877929688,145.0800018310547,148.32000732421875,4928,0.0,0.0
2008-05-20 00:00:00-04:00,146.8800048828125,149.0399932861328,141.1199951171875,144.72000122070312,1806,0.0,0.0
2008-05-21 00:00:00-04:00,143.27999877929688,146.16000366210938,140.0399932861328,144.72000122070312,1078,0.0,0.0
2008-05-22 00:00:00-04:00,144.0,145.8000030517578,140.39999389648438,145.8000030517578,761,0.0,0.0
2008-05-23 00:00:00-04:00,141.47999572753906,146.16000366210938,141.47999572753906,146.16000366210938,678,0.0,0.0
2008-05-27 00:00:00-04:00,146.8800048828125,162.0,142.1999969482422,145.44000244140625,1428,0.0,0.0
2008-05-28 00:00:00-04:00,144.72000122070312,145.8000030517578,141.47999572753906,145.0800018310547,1472,0.0,0.0
2008-05-29 00:00:00-04:00,145.8000030517578,148.32000732421875,144.0,145.8000030517578,2114,0.0,0.0
2008-05-30 00:00:00-04:00,145.0800018310547,145.8000030517578,143.63999938964844,143.63999938964844,689,0.0,0.0
2008-06-02 00:00:00-04:00,144.0,144.36000061035156,142.55999755859375,143.63999938964844,1750,0.0,0.0
2008-06-03 00:00:00-04:00,142.55999755859375,143.63999938964844,139.32000732421875,140.39999389648438,1233,0.0,0.0
2008-06-04 00:00:00-04:00,138.9600067138672,149.39999389648438,138.9600067138672,147.9600067138672,1183,0.0,0.0
2008-06-05 00:00:00-04:00,146.52000427246094,147.60000610351562,144.0,146.16000366210938,881,0.0,0.0
2008-06-06 00:00:00-04:00,146.16000366210938,146.52000427246094,139.32000732421875,145.0800018310547,642,0.0,0.0
2008-06-09 00:00:00-04:00,145.0800018310547,151.55999755859375,143.63999938964844,151.55999755859375,956,0.0,0.0
2008-06-10 00:00:00-04:00,164.16000366210938,165.60000610351562,149.39999389648438,154.0800018310547,7947,0.0,0.0
2008-06-11 00:00:00-04:00,155.16000366210938,167.75999450683594,155.16000366210938,166.67999267578125,7333,0.0,0.0
2008-06-12 00:00:00-04:00,168.1199951171875,177.83999633789062,168.1199951171875,172.8000030517578,5236,0.0,0.0
2008-06-13 00:00:00-04:00,175.67999267578125,210.60000610351562,169.1999969482422,192.9600067138672,11850,0.0,0.0
2008-06-16 00:00:00-04:00,191.52000427246094,200.16000366210938,168.83999633789062,177.47999572753906,7356,0.0,0.0
2008-06-17 00:00:00-04:00,180.0,197.27999877929688,177.47999572753906,191.52000427246094,3561,0.0,0.0
2008-06-18 00:00:00-04:00,194.0399932861328,207.36000061035156,194.0399932861328,197.63999938964844,8394,0.0,0.0
2008-06-19 00:00:00-04:00,198.0,205.9199981689453,194.75999450683594,198.0,2339,0.0,0.0
2008-06-20 00:00:00-04:00,196.1999969482422,201.24000549316406,194.0399932861328,198.0,2517,0.0,0.0
2008-06-23 00:00:00-04:00,196.9199981689453,201.60000610351562,191.52000427246094,193.67999267578125,1858,0.0,0.0
2008-06-24 00:00:00-04:00,194.39999389648438,203.39999389648438,194.39999389648438,196.9199981689453,2931,0.0,0.0
2008-06-25 00:00:00-04:00,198.0,198.0,195.47999572753906,196.55999755859375,1161,0.0,0.0
2008-06-26 00:00:00-04:00,194.75999450683594,195.47999572753906,181.8000030517578,186.1199951171875,2758,0.0,0.0
2008-06-27 00:00:00-04:00,184.67999267578125,187.9199981689453,144.36000061035156,148.32000732421875,18425,0.0,0.0
2008-06-30 00:00:00-04:00,154.8000030517578,172.8000030517578,154.8000030517578,170.63999938964844,4631,0.0,0.0
2008-07-01 00:00:00-04:00,166.32000732421875,167.0399932861328,162.36000061035156,167.0399932861328,1331,0.0,0.0
2008-07-02 00:00:00-04:00,168.47999572753906,168.47999572753906,158.39999389648438,162.72000122070312,1808,0.0,0.0
2008-07-03 00:00:00-04:00,161.63999938964844,163.44000244140625,155.8800048828125,158.0399932861328,1097,0.0,0.0
2008-07-07 00:00:00-04:00,158.0399932861328,160.1999969482422,153.0,159.83999633789062,1586,0.0,0.0
2008-07-08 00:00:00-04:00,156.9600067138672,156.9600067138672,151.55999755859375,153.0,644,0.0,0.0
2008-07-09 00:00:00-04:00,152.63999938964844,158.39999389648438,152.63999938964844,155.52000427246094,664,0.0,0.0
2008-07-10 00:00:00-04:00,159.47999572753906,160.1999969482422,155.52000427246094,159.47999572753906,1256,0.0,0.0
2008-07-11 00:00:00-04:00,156.60000610351562,160.55999755859375,156.60000610351562,160.55999755859375,386,0.0,0.0
2008-07-14 00:00:00-04:00,160.55999755859375,160.55999755859375,155.16000366210938,159.1199951171875,669,0.0,0.0
2008-07-15 00:00:00-04:00,160.1999969482422,160.1999969482422,149.0399932861328,154.8000030517578,536,0.0,0.0
2008-07-16 00:00:00-04:00,152.63999938964844,168.47999572753906,152.63999938964844,162.72000122070312,1931,0.0,0.0
2008-07-17 00:00:00-04:00,164.52000427246094,167.39999389648438,164.16000366210938,166.67999267578125,900,0.0,0.0
2008-07-18 00:00:00-04:00,170.63999938964844,178.9199981689453,160.55999755859375,176.39999389648438,2378,0.0,0.0
2008-07-21 00:00:00-04:00,174.9600067138672,183.60000610351562,169.1999969482422,174.9600067138672,3789,0.0,0.0
2008-07-22 00:00:00-04:00,174.24000549316406,184.67999267578125,171.0,184.67999267578125,1439,0.0,0.0
2008-07-23 00:00:00-04:00,186.47999572753906,187.55999755859375,181.8000030517578,185.39999389648438,2406,0.0,0.0
2008-07-24 00:00:00-04:00,188.63999938964844,188.63999938964844,180.36000061035156,184.32000732421875,1592,0.0,0.0
2008-07-25 00:00:00-04:00,191.16000366210938,196.1999969482422,185.39999389648438,193.67999267578125,2569,0.0,0.0
2008-07-28 00:00:00-04:00,197.27999877929688,203.0399932861328,193.67999267578125,199.44000244140625,6883,0.0,0.0
2008-07-29 00:00:00-04:00,201.24000549316406,201.24000549316406,196.9199981689453,199.44000244140625,3353,0.0,0.0
2008-07-30 00:00:00-04:00,200.8800048828125,200.8800048828125,194.39999389648438,199.44000244140625,1514,0.0,0.0
2008-07-31 00:00:00-04:00,196.9199981689453,203.39999389648438,193.67999267578125,201.9600067138672,2194,0.0,0.0
2008-08-01 00:00:00-04:00,196.1999969482422,205.1999969482422,196.1999969482422,204.83999633789062,1469,0.0,0.0
2008-08-04 00:00:00-04:00,203.0399932861328,206.63999938964844,197.63999938964844,202.32000732421875,2194,0.0,0.0
2008-08-05 00:00:00-04:00,205.1999969482422,205.1999969482422,198.36000061035156,204.47999572753906,2242,0.0,0.0
2008-08-06 00:00:00-04:00,208.0800018310547,208.44000244140625,199.0800018310547,201.24000549316406,3694,0.0,0.0
2008-08-07 00:00:00-04:00,198.72000122070312,205.1999969482422,198.72000122070312,201.9600067138672,3011,0.0,0.0
2008-08-08 00:00:00-04:00,202.67999267578125,204.47999572753906,199.8000030517578,203.0399932861328,1328,0.0,0.0
2008-08-11 00:00:00-04:00,206.27999877929688,206.27999877929688,194.39999389648438,198.0,3200,0.0,0.0
2008-08-12 00:00:00-04:00,198.0,201.24000549316406,190.8000030517578,190.8000030517578,3436,0.0,0.0
2008-08-13 00:00:00-04:00,190.8000030517578,191.8800048828125,182.52000427246094,184.32000732421875,2908,0.0,0.0
2008-08-14 00:00:00-04:00,187.1999969482422,190.44000244140625,182.16000366210938,187.55999755859375,2614,0.0,0.0
2008-08-15 00:00:00-04:00,187.55999755859375,188.63999938964844,185.39999389648438,187.55999755859375,750,0.0,0.0
2008-08-18 00:00:00-04:00,189.0,189.0,184.67999267578125,185.39999389648438,3625,0.0,0.0
2008-08-19 00:00:00-04:00,185.75999450683594,189.0,184.32000732421875,187.1999969482422,2131,0.0,0.0
2008-08-20 00:00:00-04:00,185.39999389648438,188.63999938964844,183.60000610351562,185.39999389648438,1267,0.0,0.0
2008-08-21 00:00:00-04:00,181.8000030517578,185.0399932861328,180.72000122070312,185.0399932861328,1656,0.0,0.0
2008-08-22 00:00:00-04:00,184.32000732421875,197.63999938964844,183.60000610351562,196.55999755859375,1344,0.0,0.0
2008-08-25 00:00:00-04:00,196.55999755859375,197.63999938964844,182.52000427246094,185.0399932861328,2194,0.0,0.0
2008-08-26 00:00:00-04:00,182.8800048828125,190.8000030517578,182.52000427246094,185.39999389648438,1050,0.0,0.0
2008-08-27 00:00:00-04:00,185.39999389648438,191.8800048828125,184.67999267578125,187.1999969482422,581,0.0,0.0
2008-08-28 00:00:00-04:00,186.47999572753906,189.72000122070312,183.9600067138672,184.67999267578125,2211,0.0,0.0
2008-08-29 00:00:00-04:00,184.67999267578125,190.44000244140625,182.8800048828125,186.1199951171875,1175,0.0,0.0
2008-09-02 00:00:00-04:00,185.75999450683594,187.9199981689453,180.0,182.16000366210938,1389,0.0,0.0
2008-09-03 00:00:00-04:00,182.16000366210938,182.16000366210938,179.63999938964844,181.8000030517578,1322,0.0,0.0
2008-09-04 00:00:00-04:00,182.16000366210938,182.52000427246094,170.63999938964844,173.52000427246094,1831,0.0,0.0
2008-09-05 00:00:00-04:00,171.0,171.72000122070312,168.47999572753906,171.36000061035156,711,0.0,0.0
2008-09-08 00:00:00-04:00,171.36000061035156,178.1999969482422,166.67999267578125,167.0399932861328,2481,0.0,0.0
2008-09-09 00:00:00-04:00,169.1999969482422,169.1999969482422,159.83999633789062,162.0,1450,0.0,0.0
2008-09-10 00:00:00-04:00,159.83999633789062,169.9199981689453,151.55999755859375,153.0,4394,0.0,0.0
2008-09-11 00:00:00-04:00,150.1199951171875,153.0,146.8800048828125,149.0399932861328,1800,0.0,0.0
2008-09-12 00:00:00-04:00,149.39999389648438,151.55999755859375,120.23999786376953,144.36000061035156,4636,0.0,0.0
2008-09-15 00:00:00-04:00,117.36000061035156,137.52000427246094,117.36000061035156,129.60000610351562,4278,0.0,0.0
2008-09-16 00:00:00-04:00,121.68000030517578,127.80000305175781,119.87999725341797,127.44000244140625,2022,0.0,0.0
2008-09-17 00:00:00-04:00,127.80000305175781,127.80000305175781,120.95999908447266,126.72000122070312,1228,0.0,0.0
2008-09-18 00:00:00-04:00,122.76000213623047,135.72000122070312,118.80000305175781,133.1999969482422,1433,0.0,0.0
2008-09-19 00:00:00-04:00,149.0399932861328,150.1199951171875,133.1999969482422,147.60000610351562,1747,0.0,0.0
2008-09-22 00:00:00-04:00,147.60000610351562,147.60000610351562,137.52000427246094,141.83999633789062,614,0.0,0.0
2008-09-23 00:00:00-04:00,140.0399932861328,153.0,137.52000427246094,144.72000122070312,1289,0.0,0.0
2008-09-24 00:00:00-04:00,146.52000427246094,146.52000427246094,135.0,138.24000549316406,928,0.0,0.0
2008-09-25 00:00:00-04:00,131.75999450683594,147.60000610351562,126.0,146.16000366210938,2417,0.0,0.0
2008-09-26 00:00:00-04:00,145.8000030517578,157.67999267578125,145.44000244140625,157.32000732421875,2533,0.0,0.0
2008-09-29 00:00:00-04:00,153.72000122070312,198.0,148.32000732421875,183.60000610351562,9572,0.0,0.0
2008-09-30 00:00:00-04:00,183.60000610351562,183.60000610351562,169.55999755859375,176.0399932861328,1842,0.0,0.0
2008-10-01 00:00:00-04:00,169.9199981689453,174.60000610351562,155.8800048828125,164.52000427246094,1322,0.0,0.0
2008-10-02 00:00:00-04:00,159.83999633789062,159.83999633789062,146.16000366210938,151.1999969482422,1511,0.0,0.0
2008-10-03 00:00:00-04:00,151.1999969482422,156.9600067138672,147.60000610351562,151.9199981689453,1219,0.0,0.0
2008-10-06 00:00:00-04:00,144.0,150.83999633789062,136.44000244140625,144.0,1739,0.0,0.0
2008-10-07 00:00:00-04:00,142.1999969482422,144.72000122070312,136.44000244140625,141.47999572753906,675,0.0,0.0
2008-10-08 00:00:00-04:00,138.24000549316406,140.39999389648438,130.32000732421875,140.39999389648438,2256,0.0,0.0
2008-10-09 00:00:00-04:00,138.9600067138672,138.9600067138672,130.67999267578125,132.1199951171875,475,0.0,0.0
2008-10-10 00:00:00-04:00,128.8800048828125,128.8800048828125,97.91999816894531,113.4000015258789,4586,0.0,0.0
2008-10-13 00:00:00-04:00,122.4000015258789,134.63999938964844,122.4000015258789,134.63999938964844,1986,0.0,0.0
2008-10-14 00:00:00-04:00,136.0800018310547,138.60000610351562,126.0,130.67999267578125,806,0.0,0.0
2008-10-15 00:00:00-04:00,126.0,126.72000122070312,108.36000061035156,110.16000366210938,1978,0.0,0.0
2008-10-16 00:00:00-04:00,115.91999816894531,115.91999816894531,108.36000061035156,114.12000274658203,717,0.0,0.0
2008-10-17 00:00:00-04:00,109.80000305175781,140.0399932861328,101.87999725341797,118.44000244140625,1647,0.0,0.0
2008-10-20 00:00:00-04:00,123.12000274658203,123.4800033569336,116.63999938964844,122.4000015258789,742,0.0,0.0
2008-10-21 00:00:00-04:00,124.55999755859375,125.27999877929688,121.68000030517578,123.83999633789062,408,0.0,0.0
2008-10-22 00:00:00-04:00,120.95999908447266,123.83999633789062,115.19999694824219,116.63999938964844,3556,0.0,0.0
2008-10-23 00:00:00-04:00,118.08000183105469,124.19999694824219,109.08000183105469,113.76000213623047,1286,0.0,0.0
2008-10-24 00:00:00-04:00,106.55999755859375,111.95999908447266,102.95999908447266,108.36000061035156,1333,0.0,0.0
2008-10-27 00:00:00-04:00,108.0,109.08000183105469,96.4800033569336,109.08000183105469,4542,0.0,0.0
2008-10-28 00:00:00-04:00,122.04000091552734,122.04000091552734,108.0,115.91999816894531,1872,0.0,0.0
2008-10-29 00:00:00-04:00,113.04000091552734,114.83999633789062,110.16000366210938,114.83999633789062,1258,0.0,0.0
2008-10-30 00:00:00-04:00,114.4800033569336,114.83999633789062,113.76000213623047,114.83999633789062,1178,0.0,0.0
2008-10-31 00:00:00-04:00,115.19999694824219,117.0,114.12000274658203,116.27999877929688,747,0.0,0.0
2008-11-03 00:00:00-05:00,117.0,118.44000244140625,113.76000213623047,115.55999755859375,675,0.0,0.0
2008-11-04 00:00:00-05:00,114.83999633789062,119.5199966430664,110.5199966430664,111.5999984741211,1228,0.0,0.0
2008-11-05 00:00:00-05:00,111.5999984741211,113.76000213623047,109.80000305175781,110.5199966430664,1161,0.0,0.0
2008-11-06 00:00:00-05:00,108.0,113.04000091552734,108.0,108.36000061035156,811,0.0,0.0
2008-11-07 00:00:00-05:00,109.80000305175781,109.80000305175781,103.31999969482422,104.04000091552734,764,0.0,0.0
2008-11-10 00:00:00-05:00,104.4000015258789,111.5999984741211,97.55999755859375,102.95999908447266,1556,0.0,0.0
2008-11-11 00:00:00-05:00,105.12000274658203,105.12000274658203,90.0,95.04000091552734,1036,0.0,0.0
2008-11-12 00:00:00-05:00,95.04000091552734,95.04000091552734,79.19999694824219,81.36000061035156,4219,0.0,0.0
2008-11-13 00:00:00-05:00,84.5999984741211,84.5999984741211,68.76000213623047,72.0,4578,0.0,0.0
2008-11-14 00:00:00-05:00,73.44000244140625,74.87999725341797,66.95999908447266,73.80000305175781,2247,0.0,0.0
2008-11-17 00:00:00-05:00,72.0,72.0,57.599998474121094,72.0,3833,0.0,0.0
2008-11-18 00:00:00-05:00,72.0,72.0,65.87999725341797,68.04000091552734,4483,0.0,0.0
2008-11-19 00:00:00-05:00,67.68000030517578,67.68000030517578,61.560001373291016,63.0,1511,0.0,0.0
2008-11-20 00:00:00-05:00,61.560001373291016,61.560001373291016,50.400001525878906,52.20000076293945,3078,0.0,0.0
2008-11-21 00:00:00-05:00,51.119998931884766,55.79999923706055,48.2400016784668,55.79999923706055,1469,0.0,0.0
2008-11-24 00:00:00-05:00,57.599998474121094,60.47999954223633,56.15999984741211,58.68000030517578,2167,0.0,0.0
2008-11-25 00:00:00-05:00,61.20000076293945,61.91999816894531,59.400001525878906,59.400001525878906,808,0.0,0.0
2008-11-26 00:00:00-05:00,59.400001525878906,61.20000076293945,58.68000030517578,61.20000076293945,769,0.0,0.0
2008-11-28 00:00:00-05:00,64.08000183105469,64.80000305175781,63.0,64.44000244140625,806,0.0,0.0
2008-12-01 00:00:00-05:00,65.5199966430664,65.5199966430664,54.0,56.880001068115234,2264,0.0,0.0
2008-12-02 00:00:00-05:00,59.7599983215332,59.7599983215332,55.08000183105469,55.79999923706055,506,0.0,0.0
2008-12-03 00:00:00-05:00,54.720001220703125,55.79999923706055,54.720001220703125,55.439998626708984,328,0.0,0.0
2008-12-04 00:00:00-05:00,57.599998474121094,60.84000015258789,57.599998474121094,59.040000915527344,1175,0.0,0.0
2008-12-05 00:00:00-05:00,60.119998931884766,60.119998931884766,58.68000030517578,60.119998931884766,508,0.0,0.0
2008-12-08 00:00:00-05:00,60.119998931884766,63.0,57.599998474121094,61.560001373291016,794,0.0,0.0
2008-12-09 00:00:00-05:00,61.91999816894531,61.91999816894531,57.599998474121094,60.84000015258789,1036,0.0,0.0
2008-12-10 00:00:00-05:00,60.84000015258789,61.91999816894531,59.400001525878906,61.20000076293945,1886,0.0,0.0
2008-12-11 00:00:00-05:00,61.20000076293945,61.20000076293945,55.439998626708984,57.2400016784668,1261,0.0,0.0
2008-12-12 00:00:00-05:00,56.880001068115234,56.880001068115234,54.720001220703125,56.880001068115234,522,0.0,0.0
2008-12-15 00:00:00-05:00,56.15999984741211,56.15999984741211,48.959999084472656,52.560001373291016,1711,0.0,0.0
2008-12-16 00:00:00-05:00,52.560001373291016,52.560001373291016,48.2400016784668,49.68000030517578,1644,0.0,0.0
2008-12-17 00:00:00-05:00,49.31999969482422,53.63999938964844,47.15999984741211,52.91999816894531,1800,0.0,0.0
2008-12-18 00:00:00-05:00,50.7599983215332,54.720001220703125,50.7599983215332,54.0,2467,0.0,0.0
2008-12-19 00:00:00-05:00,54.0,60.84000015258789,52.91999816894531,53.279998779296875,2225,0.0,0.0
2008-12-22 00:00:00-05:00,52.20000076293945,52.560001373291016,47.880001068115234,51.47999954223633,1100,0.0,0.0
2008-12-23 00:00:00-05:00,57.959999084472656,57.959999084472656,49.31999969482422,52.20000076293945,2392,0.0,0.0
2008-12-24 00:00:00-05:00,51.47999954223633,51.47999954223633,46.79999923706055,48.959999084472656,1417,0.0,0.0
2008-12-26 00:00:00-05:00,48.2400016784668,50.040000915527344,46.79999923706055,50.040000915527344,289,0.0,0.0
2008-12-29 00:00:00-05:00,48.2400016784668,48.2400016784668,39.2400016784668,41.7599983215332,5772,0.0,0.0
2008-12-30 00:00:00-05:00,43.91999816894531,43.91999816894531,29.15999984741211,30.600000381469727,26200,0.0,0.0
2008-12-31 00:00:00-05:00,35.63999938964844,37.439998626708984,32.400001525878906,36.0,7228,0.0,0.0
2009-01-02 00:00:00-05:00,38.52000045776367,42.84000015258789,37.08000183105469,42.47999954223633,6292,0.0,0.0
2009-01-05 00:00:00-05:00,45.0,48.599998474121094,43.560001373291016,45.36000061035156,8839,0.0,0.0
2009-01-06 00:00:00-05:00,48.959999084472656,49.68000030517578,45.36000061035156,48.2400016784668,3531,0.0,0.0
2009-01-07 00:00:00-05:00,46.08000183105469,55.79999923706055,45.0,55.439998626708984,5025,0.0,0.0
2009-01-08 00:00:00-05:00,54.0,55.79999923706055,54.0,54.36000061035156,1497,0.0,0.0
2009-01-09 00:00:00-05:00,52.20000076293945,55.439998626708984,52.20000076293945,54.36000061035156,1169,0.0,0.0
2009-01-12 00:00:00-05:00,56.52000045776367,56.52000045776367,54.0,54.36000061035156,1286,0.0,0.0
2009-01-13 00:00:00-05:00,52.91999816894531,57.599998474121094,52.91999816894531,55.79999923706055,892,0.0,0.0
2009-01-14 00:00:00-05:00,54.0,55.439998626708984,54.0,54.0,558,0.0,0.0
2009-01-15 00:00:00-05:00,54.0,55.08000183105469,51.84000015258789,55.08000183105469,1069,0.0,0.0
2009-01-16 00:00:00-05:00,55.439998626708984,57.2400016784668,55.439998626708984,57.2400016784668,503,0.0,0.0
2009-01-20 00:00:00-05:00,57.599998474121094,59.040000915527344,56.52000045776367,57.959999084472656,1369,0.0,0.0
2009-01-21 00:00:00-05:00,61.20000076293945,61.20000076293945,57.2400016784668,60.119998931884766,1739,0.0,0.0
2009-01-22 00:00:00-05:00,61.20000076293945,61.20000076293945,59.400001525878906,60.119998931884766,456,0.0,0.0
2009-01-23 00:00:00-05:00,61.20000076293945,61.20000076293945,59.400001525878906,59.7599983215332,603,0.0,0.0
2009-01-26 00:00:00-05:00,60.119998931884766,60.119998931884766,59.040000915527344,59.7599983215332,217,0.0,0.0
2009-01-27 00:00:00-05:00,58.31999969482422,60.119998931884766,58.31999969482422,60.119998931884766,939,0.0,0.0
2009-01-28 00:00:00-05:00,60.84000015258789,61.20000076293945,58.68000030517578,59.7599983215332,308,0.0,0.0
2009-01-29 00:00:00-05:00,60.84000015258789,60.84000015258789,54.0,57.599998474121094,1392,0.0,0.0
2009-01-30 00:00:00-05:00,56.52000045776367,57.599998474121094,54.36000061035156,57.599998474121094,953,0.0,0.0
2009-02-02 00:00:00-05:00,54.720001220703125,57.2400016784668,51.84000015258789,54.36000061035156,406,0.0,0.0
2009-02-03 00:00:00-05:00,54.0,57.599998474121094,53.63999938964844,56.15999984741211,231,0.0,0.0
2009-02-04 00:00:00-05:00,55.439998626708984,55.439998626708984,52.560001373291016,55.08000183105469,164,0.0,0.0
2009-02-05 00:00:00-05:00,53.279998779296875,61.20000076293945,53.279998779296875,61.20000076293945,1822,0.0,0.0
2009-02-06 00:00:00-05:00,61.20000076293945,66.23999786376953,60.47999954223633,64.80000305175781,1925,0.0,0.0
2009-02-09 00:00:00-05:00,66.95999908447266,83.87999725341797,66.5999984741211,77.4000015258789,4239,0.0,0.0
2009-02-10 00:00:00-05:00,77.4000015258789,82.80000305175781,77.4000015258789,80.63999938964844,1553,0.0,0.0
2009-02-11 00:00:00-05:00,80.63999938964844,80.63999938964844,69.83999633789062,74.87999725341797,1297,0.0,0.0
2009-02-12 00:00:00-05:00,75.23999786376953,77.04000091552734,72.0,76.31999969482422,1158,0.0,0.0
2009-02-13 00:00:00-05:00,78.83999633789062,79.19999694824219,75.5999984741211,76.31999969482422,439,0.0,0.0
2009-02-17 00:00:00-05:00,79.19999694824219,79.19999694824219,76.68000030517578,77.4000015258789,950,0.0,0.0
2009-02-18 00:00:00-05:00,77.4000015258789,77.4000015258789,73.80000305175781,75.5999984741211,269,0.0,0.0
2009-02-19 00:00:00-05:00,75.95999908447266,75.95999908447266,67.31999969482422,71.63999938964844,433,0.0,0.0
2009-02-20 00:00:00-05:00,70.91999816894531,70.91999816894531,63.720001220703125,69.12000274658203,503,0.0,0.0
2009-02-23 00:00:00-05:00,67.31999969482422,67.31999969482422,58.68000030517578,59.040000915527344,1622,0.0,0.0
2009-02-24 00:00:00-05:00,57.2400016784668,58.31999969482422,56.880001068115234,58.31999969482422,714,0.0,0.0
2009-02-25 00:00:00-05:00,56.880001068115234,57.2400016784668,54.36000061035156,55.08000183105469,350,0.0,0.0
2009-02-26 00:00:00-05:00,55.08000183105469,58.68000030517578,54.0,54.720001220703125,1119,0.0,0.0
2009-02-27 00:00:00-05:00,54.0,54.36000061035156,49.68000030517578,50.400001525878906,1156,0.0,0.0
2009-03-02 00:00:00-05:00,53.63999938964844,53.63999938964844,45.0,46.439998626708984,411,0.0,0.0
2009-03-03 00:00:00-05:00,48.959999084472656,48.959999084472656,42.47999954223633,47.15999984741211,1169,0.0,0.0
2009-03-04 00:00:00-05:00,47.880001068115234,49.31999969482422,47.15999984741211,48.959999084472656,514,0.0,0.0
2009-03-05 00:00:00-05:00,52.20000076293945,52.20000076293945,47.15999984741211,47.880001068115234,1100,0.0,0.0
2009-03-06 00:00:00-05:00,49.68000030517578,49.68000030517578,45.0,46.439998626708984,389,0.0,0.0
2009-03-09 00:00:00-04:00,46.08000183105469,46.08000183105469,43.560001373291016,44.63999938964844,892,0.0,0.0
2009-03-10 00:00:00-04:00,43.560001373291016,45.36000061035156,43.560001373291016,45.36000061035156,1036,0.0,0.0
2009-03-11 00:00:00-04:00,46.79999923706055,46.79999923706055,45.0,45.0,375,0.0,0.0
2009-03-12 00:00:00-04:00,45.0,45.720001220703125,43.560001373291016,45.36000061035156,519,0.0,0.0
2009-03-13 00:00:00-04:00,44.279998779296875,45.720001220703125,43.20000076293945,45.720001220703125,750,0.0,0.0
2009-03-16 00:00:00-04:00,47.52000045776367,49.68000030517578,45.36000061035156,45.720001220703125,772,0.0,0.0
2009-03-17 00:00:00-04:00,50.400001525878906,50.400001525878906,44.63999938964844,44.63999938964844,839,0.0,0.0
2009-03-18 00:00:00-04:00,46.08000183105469,48.959999084472656,42.47999954223633,42.84000015258789,950,0.0,0.0
2009-03-19 00:00:00-04:00,42.84000015258789,42.84000015258789,40.68000030517578,41.040000915527344,4361,0.0,0.0
2009-03-20 00:00:00-04:00,42.47999954223633,42.47999954223633,41.040000915527344,41.400001525878906,561,0.0,0.0
2009-03-23 00:00:00-04:00,41.7599983215332,42.84000015258789,41.040000915527344,42.47999954223633,2125,0.0,0.0
2009-03-24 00:00:00-04:00,43.20000076293945,48.2400016784668,41.7599983215332,42.84000015258789,1739,0.0,0.0
2009-03-25 00:00:00-04:00,43.560001373291016,45.36000061035156,41.040000915527344,41.400001525878906,1358,0.0,0.0
2009-03-26 00:00:00-04:00,42.84000015258789,43.560001373291016,41.040000915527344,43.560001373291016,5828,0.0,0.0
2009-03-27 00:00:00-04:00,43.20000076293945,48.2400016784668,42.47999954223633,48.2400016784668,1278,0.0,0.0
2009-03-30 00:00:00-04:00,48.2400016784668,48.2400016784668,45.0,46.08000183105469,561,0.0,0.0
2009-03-31 00:00:00-04:00,49.68000030517578,49.68000030517578,46.79999923706055,47.52000045776367,700,0.0,0.0
2009-04-01 00:00:00-04:00,46.79999923706055,47.880001068115234,46.79999923706055,46.79999923706055,175,0.0,0.0
2009-04-02 00:00:00-04:00,46.79999923706055,48.599998474121094,46.79999923706055,48.2400016784668,542,0.0,0.0
2009-04-03 00:00:00-04:00,48.599998474121094,50.400001525878906,47.15999984741211,50.400001525878906,1761,0.0,0.0
2009-04-06 00:00:00-04:00,51.47999954223633,56.15999984741211,51.47999954223633,54.720001220703125,1678,0.0,0.0
2009-04-07 00:00:00-04:00,54.720001220703125,57.2400016784668,54.0,57.2400016784668,1211,0.0,0.0
2009-04-08 00:00:00-04:00,59.040000915527344,59.400001525878906,57.599998474121094,59.400001525878906,933,0.0,0.0
2009-04-09 00:00:00-04:00,61.20000076293945,66.5999984741211,60.84000015258789,64.44000244140625,850,0.0,0.0
2009-04-13 00:00:00-04:00,63.36000061035156,66.95999908447266,63.0,66.95999908447266,1053,0.0,0.0
2009-04-14 00:00:00-04:00,67.68000030517578,77.04000091552734,67.68000030517578,74.87999725341797,3197,0.0,0.0
2009-04-15 00:00:00-04:00,73.80000305175781,77.4000015258789,73.80000305175781,77.4000015258789,1800,0.0,0.0
2009-04-16 00:00:00-04:00,69.83999633789062,74.87999725341797,64.80000305175781,72.0,1264,0.0,0.0
2009-04-17 00:00:00-04:00,72.0,77.04000091552734,72.0,77.04000091552734,706,0.0,0.0
2009-04-20 00:00:00-04:00,77.4000015258789,77.4000015258789,69.12000274658203,71.27999877929688,2194,0.0,0.0
2009-04-21 00:00:00-04:00,73.08000183105469,73.08000183105469,63.0,64.44000244140625,2386,0.0,0.0
2009-04-22 00:00:00-04:00,66.5999984741211,71.27999877929688,64.44000244140625,70.55999755859375,1000,0.0,0.0
2009-04-23 00:00:00-04:00,73.44000244140625,73.44000244140625,67.68000030517578,71.63999938964844,1169,0.0,0.0
2009-04-24 00:00:00-04:00,70.91999816894531,70.91999816894531,66.95999908447266,68.04000091552734,461,0.0,0.0
2009-04-27 00:00:00-04:00,68.4000015258789,73.80000305175781,68.4000015258789,73.80000305175781,1828,0.0,0.0
2009-04-28 00:00:00-04:00,74.87999725341797,77.4000015258789,74.87999725341797,77.4000015258789,1053,0.0,0.0
2009-04-29 00:00:00-04:00,77.4000015258789,77.4000015258789,68.76000213623047,76.31999969482422,1611,0.0,0.0
2009-04-30 00:00:00-04:00,77.4000015258789,77.4000015258789,71.63999938964844,75.23999786376953,1106,0.0,0.0
2009-05-01 00:00:00-04:00,74.87999725341797,74.87999725341797,71.27999877929688,74.5199966430664,267,0.0,0.0
2009-05-04 00:00:00-04:00,72.72000122070312,75.5999984741211,70.91999816894531,73.08000183105469,994,0.0,0.0
2009-05-05 00:00:00-04:00,74.5199966430664,75.5999984741211,72.0,75.23999786376953,656,0.0,0.0
2009-05-06 00:00:00-04:00,73.80000305175781,75.5999984741211,61.20000076293945,75.23999786376953,1400,0.0,0.0
2009-05-07 00:00:00-04:00,74.16000366210938,75.23999786376953,72.0,74.16000366210938,547,0.0,0.0
2009-05-08 00:00:00-04:00,74.16000366210938,75.5999984741211,70.19999694824219,75.5999984741211,1658,0.0,0.0
2009-05-11 00:00:00-04:00,68.04000091552734,82.44000244140625,68.04000091552734,71.27999877929688,3803,0.0,0.0
2009-05-12 00:00:00-04:00,70.91999816894531,75.5999984741211,69.83999633789062,75.5999984741211,1875,0.0,0.0
2009-05-13 00:00:00-04:00,75.5999984741211,75.5999984741211,70.55999755859375,70.55999755859375,1297,0.0,0.0
2009-05-14 00:00:00-04:00,73.08000183105469,73.08000183105469,70.19999694824219,72.36000061035156,753,0.0,0.0
2009-05-15 00:00:00-04:00,74.5199966430664,74.87999725341797,70.19999694824219,73.80000305175781,375,0.0,0.0
2009-05-18 00:00:00-04:00,72.0,73.80000305175781,70.91999816894531,73.80000305175781,647,0.0,0.0
2009-05-19 00:00:00-04:00,75.5999984741211,75.5999984741211,70.91999816894531,72.72000122070312,644,0.0,0.0
2009-05-20 00:00:00-04:00,71.27999877929688,81.0,71.27999877929688,75.5999984741211,2072,0.0,0.0
2009-05-21 00:00:00-04:00,75.5999984741211,75.5999984741211,72.36000061035156,75.5999984741211,483,0.0,0.0
2009-05-22 00:00:00-04:00,74.16000366210938,75.5999984741211,71.63999938964844,75.5999984741211,356,0.0,0.0
2009-05-26 00:00:00-04:00,73.80000305175781,74.5199966430664,71.27999877929688,74.5199966430664,1408,0.0,0.0
2009-05-27 00:00:00-04:00,72.0,73.44000244140625,72.0,73.44000244140625,669,0.0,0.0
2009-05-28 00:00:00-04:00,73.80000305175781,73.80000305175781,72.0,72.0,467,0.0,0.0
2009-05-29 00:00:00-04:00,72.0,75.5999984741211,71.27999877929688,75.5999984741211,692,0.0,0.0
2009-06-01 00:00:00-04:00,75.5999984741211,78.4800033569336,72.36000061035156,78.4800033569336,903,0.0,0.0
2009-06-02 00:00:00-04:00,73.80000305175781,95.4000015258789,72.72000122070312,90.0,13003,0.0,0.0
2009-06-03 00:00:00-04:00,93.5999984741211,93.5999984741211,84.5999984741211,93.23999786376953,1811,0.0,0.0
2009-06-04 00:00:00-04:00,96.12000274658203,96.12000274658203,82.44000244140625,83.5199966430664,2567,0.0,0.0
2009-06-05 00:00:00-04:00,82.80000305175781,88.19999694824219,82.80000305175781,86.76000213623047,997,0.0,0.0
2009-06-08 00:00:00-04:00,86.4000015258789,86.4000015258789,79.19999694824219,83.5199966430664,1078,0.0,0.0
2009-06-09 00:00:00-04:00,87.4800033569336,87.83999633789062,80.63999938964844,81.72000122070312,1411,0.0,0.0
2009-06-10 00:00:00-04:00,79.19999694824219,82.44000244140625,79.19999694824219,82.44000244140625,636,0.0,0.0
2009-06-11 00:00:00-04:00,82.44000244140625,84.23999786376953,82.44000244140625,84.23999786376953,519,0.0,0.0
2009-06-12 00:00:00-04:00,83.87999725341797,83.87999725341797,79.91999816894531,83.16000366210938,792,0.0,0.0
2009-06-15 00:00:00-04:00,83.16000366210938,86.4000015258789,83.16000366210938,86.4000015258789,858,0.0,0.0
2009-06-16 00:00:00-04:00,86.4000015258789,89.63999938964844,86.4000015258789,89.63999938964844,2661,0.0,0.0
2009-06-17 00:00:00-04:00,91.80000305175781,92.5199966430664,77.76000213623047,86.76000213623047,3317,0.0,0.0
2009-06-18 00:00:00-04:00,86.4000015258789,86.4000015258789,81.72000122070312,85.31999969482422,756,0.0,0.0
2009-06-19 00:00:00-04:00,82.80000305175781,83.5199966430664,77.76000213623047,81.0,2292,0.0,0.0
2009-06-22 00:00:00-04:00,79.91999816894531,80.63999938964844,72.0,73.80000305175781,2542,0.0,0.0
2009-06-23 00:00:00-04:00,71.63999938964844,75.5999984741211,68.04000091552734,70.91999816894531,1503,0.0,0.0
2009-06-24 00:00:00-04:00,79.19999694824219,84.5999984741211,70.19999694824219,72.0,2392,0.0,0.0
2009-06-25 00:00:00-04:00,68.04000091552734,70.91999816894531,66.5999984741211,70.91999816894531,1028,0.0,0.0
2009-06-26 00:00:00-04:00,76.68000030517578,76.68000030517578,71.27999877929688,75.95999908447266,1639,0.0,0.0
2009-06-29 00:00:00-04:00,73.80000305175781,77.4000015258789,72.0,77.4000015258789,2072,0.0,0.0
2009-06-30 00:00:00-04:00,82.80000305175781,82.80000305175781,71.63999938964844,72.0,4453,0.0,0.0
2009-07-01 00:00:00-04:00,72.0,72.0,66.95999908447266,68.4000015258789,2667,0.0,0.0
2009-07-02 00:00:00-04:00,68.4000015258789,68.4000015258789,66.5999984741211,68.4000015258789,2294,0.0,0.0
2009-07-06 00:00:00-04:00,64.80000305175781,65.5199966430664,63.0,64.80000305175781,1503,0.0,0.0
2009-07-07 00:00:00-04:00,64.80000305175781,65.87999725341797,63.0,65.87999725341797,1686,0.0,0.0
2009-07-08 00:00:00-04:00,63.36000061035156,63.720001220703125,61.20000076293945,62.279998779296875,978,0.0,0.0
2009-07-09 00:00:00-04:00,65.16000366210938,65.16000366210938,54.0,55.08000183105469,7242,0.0,0.0
2009-07-10 00:00:00-04:00,55.08000183105469,60.47999954223633,52.20000076293945,55.439998626708984,4444,0.0,0.0
2009-07-13 00:00:00-04:00,56.15999984741211,56.52000045776367,52.91999816894531,54.0,2042,0.0,0.0
2009-07-14 00:00:00-04:00,54.0,55.79999923706055,52.91999816894531,54.36000061035156,736,0.0,0.0
2009-07-15 00:00:00-04:00,54.0,55.439998626708984,52.20000076293945,55.439998626708984,3267,0.0,0.0
2009-07-16 00:00:00-04:00,54.0,64.80000305175781,54.0,55.79999923706055,2031,0.0,0.0
2009-07-17 00:00:00-04:00,55.79999923706055,59.400001525878906,55.79999923706055,58.31999969482422,3092,0.0,0.0
2009-07-20 00:00:00-04:00,58.68000030517578,59.7599983215332,57.959999084472656,58.68000030517578,561,0.0,0.0
2009-07-21 00:00:00-04:00,58.68000030517578,60.84000015258789,54.720001220703125,58.68000030517578,1953,0.0,0.0
2009-07-22 00:00:00-04:00,59.040000915527344,64.44000244140625,58.68000030517578,61.560001373291016,3903,0.0,0.0
2009-07-23 00:00:00-04:00,63.36000061035156,64.44000244140625,59.040000915527344,59.040000915527344,2406,0.0,0.0
2009-07-24 00:00:00-04:00,64.80000305175781,64.80000305175781,57.959999084472656,60.47999954223633,3742,0.0,0.0
2009-07-27 00:00:00-04:00,59.400001525878906,62.63999938964844,58.68000030517578,61.20000076293945,3114,0.0,0.0
2009-07-28 00:00:00-04:00,63.0,64.80000305175781,63.0,64.08000183105469,2228,0.0,0.0
2009-07-29 00:00:00-04:00,66.23999786376953,66.5999984741211,62.279998779296875,66.5999984741211,1864,0.0,0.0
2009-07-30 00:00:00-04:00,66.5999984741211,66.5999984741211,65.16000366210938,66.5999984741211,1053,0.0,0.0
2009-07-31 00:00:00-04:00,66.5999984741211,66.5999984741211,65.16000366210938,65.87999725341797,1164,0.0,0.0
2009-08-03 00:00:00-04:00,65.87999725341797,65.87999725341797,63.720001220703125,65.16000366210938,850,0.0,0.0
2009-08-04 00:00:00-04:00,66.5999984741211,66.5999984741211,62.279998779296875,64.80000305175781,972,0.0,0.0
2009-08-05 00:00:00-04:00,65.87999725341797,65.87999725341797,63.0,65.16000366210938,1081,0.0,0.0
2009-08-06 00:00:00-04:00,66.5999984741211,68.4000015258789,61.91999816894531,61.91999816894531,1306,0.0,0.0
2009-08-07 00:00:00-04:00,61.91999816894531,65.5199966430664,61.91999816894531,65.5199966430664,1294,0.0,0.0
2009-08-10 00:00:00-04:00,66.5999984741211,66.5999984741211,63.0,63.36000061035156,1619,0.0,0.0
2009-08-11 00:00:00-04:00,63.0,65.5199966430664,61.91999816894531,65.5199966430664,1575,0.0,0.0
2009-08-12 00:00:00-04:00,64.08000183105469,64.80000305175781,61.91999816894531,64.08000183105469,1722,0.0,0.0
2009-08-13 00:00:00-04:00,83.5199966430664,97.19999694824219,68.76000213623047,74.16000366210938,159131,0.0,0.0
2009-08-14 00:00:00-04:00,72.72000122070312,75.23999786376953,68.4000015258789,70.55999755859375,27111,0.0,0.0
2009-08-17 00:00:00-04:00,83.87999725341797,90.0,74.16000366210938,75.5999984741211,200303,0.0,0.0
2009-08-18 00:00:00-04:00,78.12000274658203,78.83999633789062,72.0,73.44000244140625,54528,0.0,0.0
2009-08-19 00:00:00-04:00,72.0,72.36000061035156,64.80000305175781,70.19999694824219,33025,0.0,0.0
2009-08-20 00:00:00-04:00,70.55999755859375,73.08000183105469,68.4000015258789,70.55999755859375,16778,0.0,0.0
2009-08-21 00:00:00-04:00,71.63999938964844,71.63999938964844,66.95999908447266,68.76000213623047,16669,0.0,0.0
2009-08-24 00:00:00-04:00,66.5999984741211,72.72000122070312,64.80000305175781,70.55999755859375,27519,0.0,0.0
2009-08-25 00:00:00-04:00,70.55999755859375,71.63999938964844,66.5999984741211,69.4800033569336,15656,0.0,0.0
2009-08-26 00:00:00-04:00,69.83999633789062,70.91999816894531,67.68000030517578,69.4800033569336,10283,0.0,0.0
2009-08-27 00:00:00-04:00,70.19999694824219,70.19999694824219,66.5999984741211,69.12000274658203,8603,0.0,0.0
2009-08-28 00:00:00-04:00,64.80000305175781,69.12000274658203,64.80000305175781,66.5999984741211,8258,0.0,0.0
2009-08-31 00:00:00-04:00,66.5999984741211,69.4800033569336,64.80000305175781,69.4800033569336,11164,0.0,0.0
2009-09-01 00:00:00-04:00,69.4800033569336,73.80000305175781,65.5199966430664,69.4800033569336,21847,0.0,0.0
2009-09-02 00:00:00-04:00,68.04000091552734,68.04000091552734,65.5199966430664,67.31999969482422,5794,0.0,0.0
2009-09-03 00:00:00-04:00,66.5999984741211,68.04000091552734,65.16000366210938,67.31999969482422,3258,0.0,0.0
2009-09-04 00:00:00-04:00,66.23999786376953,68.4000015258789,65.87999725341797,68.4000015258789,3769,0.0,0.0
2009-09-08 00:00:00-04:00,68.4000015258789,69.12000274658203,65.16000366210938,66.95999908447266,9194,0.0,0.0
2009-09-09 00:00:00-04:00,68.04000091552734,68.04000091552734,65.87999725341797,66.95999908447266,5386,0.0,0.0
2009-09-10 00:00:00-04:00,67.31999969482422,67.68000030517578,66.95999908447266,67.68000030517578,6128,0.0,0.0
2009-09-11 00:00:00-04:00,68.04000091552734,69.4800033569336,66.95999908447266,68.76000213623047,5658,0.0,0.0
2009-09-14 00:00:00-04:00,69.4800033569336,72.0,68.76000213623047,70.55999755859375,14528,0.0,0.0
2009-09-15 00:00:00-04:00,71.27999877929688,71.63999938964844,69.12000274658203,70.19999694824219,6722,0.0,0.0
2009-09-16 00:00:00-04:00,70.19999694824219,70.55999755859375,68.76000213623047,69.4800033569336,12428,0.0,0.0
2009-09-17 00:00:00-04:00,70.19999694824219,71.63999938964844,69.12000274658203,71.63999938964844,5589,0.0,0.0
2009-09-18 00:00:00-04:00,72.0,72.0,69.83999633789062,71.27999877929688,4544,0.0,0.0
2009-09-21 00:00:00-04:00,71.27999877929688,73.80000305175781,69.4800033569336,72.0,8847,0.0,0.0
2009-09-22 00:00:00-04:00,73.80000305175781,73.80000305175781,71.27999877929688,72.0,7814,0.0,0.0
2009-09-23 00:00:00-04:00,72.0,72.72000122070312,69.4800033569336,70.55999755859375,6914,0.0,0.0
2009-09-24 00:00:00-04:00,72.0,72.72000122070312,66.5999984741211,68.4000015258789,10239,0.0,0.0
2009-09-25 00:00:00-04:00,69.12000274658203,69.12000274658203,66.95999908447266,68.4000015258789,3247,0.0,0.0
2009-09-28 00:00:00-04:00,70.19999694824219,70.55999755859375,67.68000030517578,69.4800033569336,7625,0.0,0.0
2009-09-29 00:00:00-04:00,71.27999877929688,71.27999877929688,69.12000274658203,69.83999633789062,4025,0.0,0.0
2009-09-30 00:00:00-04:00,71.63999938964844,72.0,68.4000015258789,71.27999877929688,5797,0.0,0.0
2009-10-01 00:00:00-04:00,70.91999816894531,70.91999816894531,67.31999969482422,68.4000015258789,5244,0.0,0.0
2009-10-02 00:00:00-04:00,69.12000274658203,69.12000274658203,66.23999786376953,66.23999786376953,2850,0.0,0.0
2009-10-05 00:00:00-04:00,68.04000091552734,68.4000015258789,65.5199966430664,65.87999725341797,6875,0.0,0.0
2009-10-06 00:00:00-04:00,64.80000305175781,65.87999725341797,61.91999816894531,64.44000244140625,10514,0.0,0.0
2009-10-07 00:00:00-04:00,64.44000244140625,65.16000366210938,61.560001373291016,63.36000061035156,3794,0.0,0.0
2009-10-08 00:00:00-04:00,64.08000183105469,64.08000183105469,61.20000076293945,63.36000061035156,4736,0.0,0.0
2009-10-09 00:00:00-04:00,63.36000061035156,64.08000183105469,61.91999816894531,63.720001220703125,4386,0.0,0.0
2009-10-12 00:00:00-04:00,63.720001220703125,68.04000091552734,63.0,66.5999984741211,7958,0.0,0.0
2009-10-13 00:00:00-04:00,65.87999725341797,66.5999984741211,64.80000305175781,65.5199966430664,2492,0.0,0.0
2009-10-14 00:00:00-04:00,67.68000030517578,67.68000030517578,64.80000305175781,65.5199966430664,5747,0.0,0.0
2009-10-15 00:00:00-04:00,72.0,75.23999786376953,68.4000015258789,70.55999755859375,55272,0.0,0.0
2009-10-16 00:00:00-04:00,72.0,72.36000061035156,70.55999755859375,72.0,19583,0.0,0.0
2009-10-19 00:00:00-04:00,72.0,72.36000061035156,68.4000015258789,70.91999816894531,20072,0.0,0.0
2009-10-20 00:00:00-04:00,75.5999984741211,77.4000015258789,68.76000213623047,71.63999938964844,71844,0.0,0.0
2009-10-21 00:00:00-04:00,69.83999633789062,69.83999633789062,64.80000305175781,65.16000366210938,32725,0.0,0.0
2009-10-22 00:00:00-04:00,66.5999984741211,66.5999984741211,63.36000061035156,65.16000366210938,13531,0.0,0.0
2009-10-23 00:00:00-04:00,65.16000366210938,66.95999908447266,63.0,65.16000366210938,18953,0.0,0.0
2009-10-26 00:00:00-04:00,65.87999725341797,65.87999725341797,60.119998931884766,60.84000015258789,12458,0.0,0.0
2009-10-27 00:00:00-04:00,63.720001220703125,63.720001220703125,58.31999969482422,58.68000030517578,10508,0.0,0.0
2009-10-28 00:00:00-04:00,58.31999969482422,58.68000030517578,54.0,54.0,18825,0.0,0.0
2009-10-29 00:00:00-04:00,54.0,60.47999954223633,54.0,57.959999084472656,10889,0.0,0.0
2009-10-30 00:00:00-04:00,57.599998474121094,58.31999969482422,54.36000061035156,54.720001220703125,8783,0.0,0.0
2009-11-02 00:00:00-05:00,54.720001220703125,56.880001068115234,54.36000061035156,55.439998626708984,9019,0.0,0.0
2009-11-03 00:00:00-05:00,55.79999923706055,61.20000076293945,54.0,60.84000015258789,11397,0.0,0.0
2009-11-04 00:00:00-05:00,60.84000015258789,61.20000076293945,55.439998626708984,55.439998626708984,6444,0.0,0.0
2009-11-05 00:00:00-05:00,57.599998474121094,66.23999786376953,55.79999923706055,62.63999938964844,35408,0.0,0.0
2009-11-06 00:00:00-05:00,61.20000076293945,64.44000244140625,57.959999084472656,63.36000061035156,17094,0.0,0.0
2009-11-09 00:00:00-05:00,64.80000305175781,66.95999908447266,61.560001373291016,62.63999938964844,13644,0.0,0.0
2009-11-10 00:00:00-05:00,61.20000076293945,62.279998779296875,57.599998474121094,58.31999969482422,12072,0.0,0.0
2009-11-11 00:00:00-05:00,61.20000076293945,61.91999816894531,58.68000030517578,60.84000015258789,4733,0.0,0.0
2009-11-12 00:00:00-05:00,61.91999816894531,61.91999816894531,57.959999084472656,58.68000030517578,3950,0.0,0.0
2009-11-13 00:00:00-05:00,58.31999969482422,59.040000915527344,56.15999984741211,59.040000915527344,7514,0.0,0.0
2009-11-16 00:00:00-05:00,57.599998474121094,59.7599983215332,56.15999984741211,56.880001068115234,8428,0.0,0.0
2009-11-17 00:00:00-05:00,56.880001068115234,59.040000915527344,56.52000045776367,57.599998474121094,7111,0.0,0.0
2009-11-18 00:00:00-05:00,57.599998474121094,57.599998474121094,55.79999923706055,56.52000045776367,6950,0.0,0.0
2009-11-19 00:00:00-05:00,57.599998474121094,57.599998474121094,55.79999923706055,57.599998474121094,7956,0.0,0.0
2009-11-20 00:00:00-05:00,58.68000030517578,58.68000030517578,55.79999923706055,56.52000045776367,3586,0.0,0.0
2009-11-23 00:00:00-05:00,58.31999969482422,58.31999969482422,55.439998626708984,55.79999923706055,6086,0.0,0.0
2009-11-24 00:00:00-05:00,56.15999984741211,56.15999984741211,54.36000061035156,54.36000061035156,5281,0.0,0.0
2009-11-25 00:00:00-05:00,54.0,55.439998626708984,52.91999816894531,54.0,9586,0.0,0.0
2009-11-27 00:00:00-05:00,53.279998779296875,54.720001220703125,52.20000076293945,54.0,2317,0.0,0.0
2009-11-30 00:00:00-05:00,52.560001373291016,54.720001220703125,52.20000076293945,52.560001373291016,9722,0.0,0.0
2009-12-01 00:00:00-05:00,51.84000015258789,53.279998779296875,50.400001525878906,51.119998931884766,10914,0.0,0.0
2009-12-02 00:00:00-05:00,50.7599983215332,52.20000076293945,48.959999084472656,51.47999954223633,9097,0.0,0.0
2009-12-03 00:00:00-05:00,50.040000915527344,55.08000183105469,49.31999969482422,51.47999954223633,19294,0.0,0.0
2009-12-04 00:00:00-05:00,53.279998779296875,54.0,50.400001525878906,51.84000015258789,10111,0.0,0.0
2009-12-07 00:00:00-05:00,51.84000015258789,52.20000076293945,50.400001525878906,51.47999954223633,7017,0.0,0.0
2009-12-08 00:00:00-05:00,52.20000076293945,52.560001373291016,49.31999969482422,51.119998931884766,8433,0.0,0.0
2009-12-09 00:00:00-05:00,51.119998931884766,51.84000015258789,48.599998474121094,50.040000915527344,10822,0.0,0.0
2009-12-10 00:00:00-05:00,49.68000030517578,50.7599983215332,48.2400016784668,49.68000030517578,14297,0.0,0.0
2009-12-11 00:00:00-05:00,47.880001068115234,50.400001525878906,47.880001068115234,49.68000030517578,12644,0.0,0.0
2009-12-14 00:00:00-05:00,49.68000030517578,50.400001525878906,48.599998474121094,50.400001525878906,16811,0.0,0.0
2009-12-15 00:00:00-05:00,50.400001525878906,50.7599983215332,48.959999084472656,49.68000030517578,6586,0.0,0.0
2009-12-16 00:00:00-05:00,50.040000915527344,50.040000915527344,48.959999084472656,50.040000915527344,7011,0.0,0.0
2009-12-17 00:00:00-05:00,48.599998474121094,50.040000915527344,48.599998474121094,49.68000030517578,9489,0.0,0.0
2009-12-18 00:00:00-05:00,50.040000915527344,51.119998931884766,48.599998474121094,48.599998474121094,11075,0.0,0.0
2009-12-21 00:00:00-05:00,48.2400016784668,50.400001525878906,47.880001068115234,50.400001525878906,19978,0.0,0.0
2009-12-22 00:00:00-05:00,48.2400016784668,52.20000076293945,48.2400016784668,51.84000015258789,12025,0.0,0.0
2009-12-23 00:00:00-05:00,51.47999954223633,51.84000015258789,50.7599983215332,51.47999954223633,7083,0.0,0.0
2009-12-24 00:00:00-05:00,50.7599983215332,52.20000076293945,50.040000915527344,51.47999954223633,4047,0.0,0.0
2009-12-28 00:00:00-05:00,51.47999954223633,51.84000015258789,48.959999084472656,50.400001525878906,15561,0.0,0.0
2009-12-29 00:00:00-05:00,51.84000015258789,51.84000015258789,49.31999969482422,50.040000915527344,10564,0.0,0.0
2009-12-30 00:00:00-05:00,50.400001525878906,50.7599983215332,49.68000030517578,50.400001525878906,5861,0.0,0.0
2009-12-31 00:00:00-05:00,50.040000915527344,52.20000076293945,50.040000915527344,52.20000076293945,11394,0.0,0.0
2010-01-04 00:00:00-05:00,51.84000015258789,55.79999923706055,51.84000015258789,55.79999923706055,13894,0.0,0.0
2010-01-05 00:00:00-05:00,56.15999984741211,56.15999984741211,54.36000061035156,55.79999923706055,8075,0.0,0.0
2010-01-06 00:00:00-05:00,55.79999923706055,56.15999984741211,54.0,55.79999923706055,7083,0.0,0.0
2010-01-07 00:00:00-05:00,54.0,57.599998474121094,54.0,57.599998474121094,7114,0.0,0.0
2010-01-08 00:00:00-05:00,57.599998474121094,57.959999084472656,55.79999923706055,57.599998474121094,4439,0.0,0.0
2010-01-11 00:00:00-05:00,57.959999084472656,64.44000244140625,57.2400016784668,63.0,42447,0.0,0.0
2010-01-12 00:00:00-05:00,63.0,63.720001220703125,59.400001525878906,61.20000076293945,13203,0.0,0.0
2010-01-13 00:00:00-05:00,62.63999938964844,62.63999938964844,60.47999954223633,60.84000015258789,5511,0.0,0.0
2010-01-14 00:00:00-05:00,62.279998779296875,65.16000366210938,61.20000076293945,63.0,13269,0.0,0.0
2010-01-15 00:00:00-05:00,63.0,63.36000061035156,61.560001373291016,62.63999938964844,6169,0.0,0.0
2010-01-19 00:00:00-05:00,62.63999938964844,63.0,60.47999954223633,61.20000076293945,9083,0.0,0.0
2010-01-20 00:00:00-05:00,61.20000076293945,61.20000076293945,59.040000915527344,59.040000915527344,5275,0.0,0.0
2010-01-21 00:00:00-05:00,58.31999969482422,59.040000915527344,57.599998474121094,59.040000915527344,3786,0.0,0.0
2010-01-22 00:00:00-05:00,57.599998474121094,59.040000915527344,56.52000045776367,59.040000915527344,6819,0.0,0.0
2010-01-25 00:00:00-05:00,59.040000915527344,59.040000915527344,56.52000045776367,57.599998474121094,6192,0.0,0.0
2010-01-26 00:00:00-05:00,56.880001068115234,57.599998474121094,54.720001220703125,56.15999984741211,5319,0.0,0.0
2010-01-27 00:00:00-05:00,55.08000183105469,55.08000183105469,54.0,54.720001220703125,3222,0.0,0.0
2010-01-28 00:00:00-05:00,61.20000076293945,61.20000076293945,53.279998779296875,56.880001068115234,6453,0.0,0.0
2010-01-29 00:00:00-05:00,58.68000030517578,58.68000030517578,54.0,55.08000183105469,5036,0.0,0.0
2010-02-01 00:00:00-05:00,55.08000183105469,56.880001068115234,54.36000061035156,56.880001068115234,3350,0.0,0.0
2010-02-02 00:00:00-05:00,55.79999923706055,56.52000045776367,55.439998626708984,55.439998626708984,2544,0.0,0.0
2010-02-03 00:00:00-05:00,56.15999984741211,56.15999984741211,54.720001220703125,56.15999984741211,2525,0.0,0.0
2010-02-04 00:00:00-05:00,55.439998626708984,55.439998626708984,54.0,54.0,3211,0.0,0.0
2010-02-05 00:00:00-05:00,54.0,54.720001220703125,52.20000076293945,54.0,6642,0.0,0.0
2010-02-08 00:00:00-05:00,51.47999954223633,54.720001220703125,51.47999954223633,51.84000015258789,2939,0.0,0.0
2010-02-09 00:00:00-05:00,51.84000015258789,55.439998626708984,51.84000015258789,54.0,4764,0.0,0.0
2010-02-10 00:00:00-05:00,52.560001373291016,55.08000183105469,52.560001373291016,53.279998779296875,2739,0.0,0.0
2010-02-11 00:00:00-05:00,52.560001373291016,57.2400016784668,52.560001373291016,57.2400016784668,5781,0.0,0.0
2010-02-12 00:00:00-05:00,55.08000183105469,59.7599983215332,55.08000183105469,59.7599983215332,7064,0.0,0.0
2010-02-16 00:00:00-05:00,54.720001220703125,61.20000076293945,54.720001220703125,60.47999954223633,8214,0.0,0.0
2010-02-17 00:00:00-05:00,59.400001525878906,59.400001525878906,56.15999984741211,57.2400016784668,4686,0.0,0.0
2010-02-18 00:00:00-05:00,58.68000030517578,63.0,58.68000030517578,60.47999954223633,29994,0.0,0.0
2010-02-19 00:00:00-05:00,61.91999816894531,67.68000030517578,58.68000030517578,65.87999725341797,46911,0.0,0.0
2010-02-22 00:00:00-05:00,65.16000366210938,65.5199966430664,59.400001525878906,61.20000076293945,49047,0.0,0.0
2010-02-23 00:00:00-05:00,61.20000076293945,61.20000076293945,57.599998474121094,60.47999954223633,11564,0.0,0.0
2010-02-24 00:00:00-05:00,60.84000015258789,60.84000015258789,57.599998474121094,57.599998474121094,4319,0.0,0.0
2010-02-25 00:00:00-05:00,57.599998474121094,59.040000915527344,57.599998474121094,57.599998474121094,3783,0.0,0.0
2010-02-26 00:00:00-05:00,57.599998474121094,60.47999954223633,56.15999984741211,60.47999954223633,6069,0.0,0.0
2010-03-01 00:00:00-05:00,60.84000015258789,63.0,59.040000915527344,63.0,5897,0.0,0.0
2010-03-02 00:00:00-05:00,62.279998779296875,64.44000244140625,61.20000076293945,64.44000244140625,11386,0.0,0.0
2010-03-03 00:00:00-05:00,63.36000061035156,64.80000305175781,61.560001373291016,62.279998779296875,4756,0.0,0.0
2010-03-04 00:00:00-05:00,61.560001373291016,64.44000244140625,56.52000045776367,61.91999816894531,15319,0.0,0.0
2010-03-05 00:00:00-05:00,63.0,64.08000183105469,61.91999816894531,62.63999938964844,5700,0.0,0.0
2010-03-08 00:00:00-05:00,60.47999954223633,64.80000305175781,60.47999954223633,64.80000305175781,10481,0.0,0.0
2010-03-09 00:00:00-05:00,64.44000244140625,64.44000244140625,61.560001373291016,63.0,8311,0.0,0.0
2010-03-10 00:00:00-05:00,64.08000183105469,64.08000183105469,61.20000076293945,61.560001373291016,3042,0.0,0.0
2010-03-11 00:00:00-05:00,71.63999938964844,74.87999725341797,64.44000244140625,64.80000305175781,304994,0.0,0.0
2010-03-12 00:00:00-05:00,67.31999969482422,67.31999969482422,62.279998779296875,65.5199966430664,31311,0.0,0.0
2010-03-15 00:00:00-04:00,67.68000030517578,70.55999755859375,65.5199966430664,67.68000030517578,66069,0.0,0.0
2010-03-16 00:00:00-04:00,67.31999969482422,68.4000015258789,64.80000305175781,66.95999908447266,23222,0.0,0.0
2010-03-17 00:00:00-04:00,67.31999969482422,67.31999969482422,64.44000244140625,66.95999908447266,20903,0.0,0.0
2010-03-18 00:00:00-04:00,64.80000305175781,66.23999786376953,61.91999816894531,63.720001220703125,25581,0.0,0.0
2010-03-19 00:00:00-04:00,63.720001220703125,67.31999969482422,61.91999816894531,64.08000183105469,15950,0.0,0.0
2010-03-22 00:00:00-04:00,63.36000061035156,64.08000183105469,62.279998779296875,62.63999938964844,8847,0.0,0.0
2010-03-23 00:00:00-04:00,68.76000213623047,69.12000274658203,65.5199966430664,67.31999969482422,70044,0.0,0.0
2010-03-24 00:00:00-04:00,67.68000030517578,68.04000091552734,65.5199966430664,68.04000091552734,25025,0.0,0.0
2010-03-25 00:00:00-04:00,68.04000091552734,68.4000015258789,64.08000183105469,65.5199966430664,19150,0.0,0.0
2010-03-26 00:00:00-04:00,65.5199966430664,66.95999908447266,63.720001220703125,66.95999908447266,14769,0.0,0.0
2010-03-29 00:00:00-04:00,65.87999725341797,67.31999969482422,64.44000244140625,67.31999969482422,9994,0.0,0.0
2010-03-30 00:00:00-04:00,67.31999969482422,68.04000091552734,64.08000183105469,64.44000244140625,35972,0.0,0.0
2010-03-31 00:00:00-04:00,64.44000244140625,64.80000305175781,62.279998779296875,64.44000244140625,20361,0.0,0.0
2010-04-01 00:00:00-04:00,65.87999725341797,66.23999786376953,64.44000244140625,65.5199966430664,12822,0.0,0.0
2010-04-05 00:00:00-04:00,66.5999984741211,66.95999908447266,64.80000305175781,66.95999908447266,18092,0.0,0.0
2010-04-06 00:00:00-04:00,66.95999908447266,67.68000030517578,65.87999725341797,66.95999908447266,16422,0.0,0.0
2010-04-07 00:00:00-04:00,66.95999908447266,66.95999908447266,64.80000305175781,66.95999908447266,19597,0.0,0.0
2010-04-08 00:00:00-04:00,66.95999908447266,66.95999908447266,65.16000366210938,66.5999984741211,9342,0.0,0.0
2010-04-09 00:00:00-04:00,66.5999984741211,66.5999984741211,64.80000305175781,65.5199966430664,9411,0.0,0.0
2010-04-12 00:00:00-04:00,65.5199966430664,66.95999908447266,65.16000366210938,66.5999984741211,22742,0.0,0.0
2010-04-13 00:00:00-04:00,66.5999984741211,66.95999908447266,65.5199966430664,65.5199966430664,13425,0.0,0.0
2010-04-14 00:00:00-04:00,66.5999984741211,66.5999984741211,65.5199966430664,66.23999786376953,11364,0.0,0.0
2010-04-15 00:00:00-04:00,66.5999984741211,66.5999984741211,65.5199966430664,66.5999984741211,10203,0.0,0.0
2010-04-16 00:00:00-04:00,66.95999908447266,66.95999908447266,64.80000305175781,66.95999908447266,13242,0.0,0.0
2010-04-19 00:00:00-04:00,67.68000030517578,68.04000091552734,65.87999725341797,68.04000091552734,27261,0.0,0.0
2010-04-20 00:00:00-04:00,68.4000015258789,74.16000366210938,66.23999786376953,74.16000366210938,64561,0.0,0.0
2010-04-21 00:00:00-04:00,70.19999694824219,77.76000213623047,70.19999694824219,74.87999725341797,52139,0.0,0.0
2010-04-22 00:00:00-04:00,73.44000244140625,76.31999969482422,72.36000061035156,75.5999984741211,20300,0.0,0.0
2010-04-23 00:00:00-04:00,77.4000015258789,77.4000015258789,74.5199966430664,77.04000091552734,21611,0.0,0.0
2010-04-26 00:00:00-04:00,81.0,81.0,75.95999908447266,78.12000274658203,35858,0.0,0.0
2010-04-27 00:00:00-04:00,79.19999694824219,80.27999877929688,75.5999984741211,75.5999984741211,20394,0.0,0.0
2010-04-28 00:00:00-04:00,77.04000091552734,77.4000015258789,74.5199966430664,76.31999969482422,11192,0.0,0.0
2010-04-29 00:00:00-04:00,77.04000091552734,81.0,74.87999725341797,81.0,37567,0.0,0.0
2010-04-30 00:00:00-04:00,81.0,86.04000091552734,81.0,84.5999984741211,46886,0.0,0.0
2010-05-03 00:00:00-04:00,87.83999633789062,90.0,85.68000030517578,87.83999633789062,49433,0.0,0.0
2010-05-04 00:00:00-04:00,88.55999755859375,89.27999877929688,76.31999969482422,86.04000091552734,32917,0.0,0.0
2010-05-05 00:00:00-04:00,86.4000015258789,86.4000015258789,81.36000061035156,84.23999786376953,16053,0.0,0.0
2010-05-06 00:00:00-04:00,82.08000183105469,86.04000091552734,72.0,77.76000213623047,31000,0.0,0.0
2010-05-07 00:00:00-04:00,79.19999694824219,80.27999877929688,73.44000244140625,75.23999786376953,17347,0.0,0.0
2010-05-10 00:00:00-04:00,79.91999816894531,82.08000183105469,77.76000213623047,80.63999938964844,16756,0.0,0.0
2010-05-11 00:00:00-04:00,79.19999694824219,84.5999984741211,79.19999694824219,83.87999725341797,15081,0.0,0.0
2010-05-12 00:00:00-04:00,86.4000015258789,86.4000015258789,84.5999984741211,85.31999969482422,23178,0.0,0.0
2010-05-13 00:00:00-04:00,86.04000091552734,86.04000091552734,82.08000183105469,83.16000366210938,11586,0.0,0.0
2010-05-14 00:00:00-04:00,86.04000091552734,86.04000091552734,78.4800033569336,82.80000305175781,15781,0.0,0.0
2010-05-17 00:00:00-04:00,82.80000305175781,83.87999725341797,75.95999908447266,78.4800033569336,17625,0.0,0.0
2010-05-18 00:00:00-04:00,79.19999694824219,79.19999694824219,72.0,72.72000122070312,19514,0.0,0.0
2010-05-19 00:00:00-04:00,72.0,72.72000122070312,66.5999984741211,70.19999694824219,16708,0.0,0.0
2010-05-20 00:00:00-04:00,68.4000015258789,71.27999877929688,66.5999984741211,68.4000015258789,20578,0.0,0.0
2010-05-21 00:00:00-04:00,66.5999984741211,70.55999755859375,65.5199966430664,69.4800033569336,14383,0.0,0.0
2010-05-24 00:00:00-04:00,68.04000091552734,70.91999816894531,65.87999725341797,65.87999725341797,10858,0.0,0.0
2010-05-25 00:00:00-04:00,64.80000305175781,68.4000015258789,63.0,67.68000030517578,21972,0.0,0.0
2010-05-26 00:00:00-04:00,67.68000030517578,69.4800033569336,67.31999969482422,68.4000015258789,11497,0.0,0.0
2010-05-27 00:00:00-04:00,69.12000274658203,69.83999633789062,66.5999984741211,68.04000091552734,13728,0.0,0.0
2010-05-28 00:00:00-04:00,69.4800033569336,70.91999816894531,67.68000030517578,70.91999816894531,7272,0.0,0.0
2010-06-01 00:00:00-04:00,67.68000030517578,70.91999816894531,67.68000030517578,69.12000274658203,4650,0.0,0.0
2010-06-02 00:00:00-04:00,68.76000213623047,69.83999633789062,67.68000030517578,69.83999633789062,3961,0.0,0.0
2010-06-03 00:00:00-04:00,69.4800033569336,73.80000305175781,69.4800033569336,72.36000061035156,6789,0.0,0.0
2010-06-04 00:00:00-04:00,68.76000213623047,71.27999877929688,67.31999969482422,69.83999633789062,8011,0.0,0.0
2010-06-07 00:00:00-04:00,73.44000244140625,74.16000366210938,67.68000030517578,68.4000015258789,18756,0.0,0.0
2010-06-08 00:00:00-04:00,68.4000015258789,71.27999877929688,66.95999908447266,67.68000030517578,9714,0.0,0.0
2010-06-09 00:00:00-04:00,69.83999633789062,69.83999633789062,64.08000183105469,65.87999725341797,12506,0.0,0.0
2010-06-10 00:00:00-04:00,65.87999725341797,68.76000213623047,65.87999725341797,68.04000091552734,5756,0.0,0.0
2010-06-11 00:00:00-04:00,68.76000213623047,70.19999694824219,66.95999908447266,70.19999694824219,3422,0.0,0.0
2010-06-14 00:00:00-04:00,71.27999877929688,71.63999938964844,70.19999694824219,71.63999938964844,8456,0.0,0.0
2010-06-15 00:00:00-04:00,70.91999816894531,73.08000183105469,70.91999816894531,73.08000183105469,5317,0.0,0.0
2010-06-16 00:00:00-04:00,72.0,74.16000366210938,72.0,73.80000305175781,10864,0.0,0.0
2010-06-17 00:00:00-04:00,74.5199966430664,74.5199966430664,72.72000122070312,73.80000305175781,5000,0.0,0.0
2010-06-18 00:00:00-04:00,73.80000305175781,75.23999786376953,72.72000122070312,75.23999786376953,8244,0.0,0.0
2010-06-21 00:00:00-04:00,75.23999786376953,75.23999786376953,65.5199966430664,68.04000091552734,31083,0.0,0.0
2010-06-22 00:00:00-04:00,67.68000030517578,68.4000015258789,65.87999725341797,66.95999908447266,12547,0.0,0.0
2010-06-23 00:00:00-04:00,66.5999984741211,70.19999694824219,66.5999984741211,68.4000015258789,8978,0.0,0.0
2010-06-24 00:00:00-04:00,69.12000274658203,69.4800033569336,67.31999969482422,68.04000091552734,12594,0.0,0.0
2010-06-25 00:00:00-04:00,69.12000274658203,69.4800033569336,66.5999984741211,68.4000015258789,184869,0.0,0.0
2010-06-28 00:00:00-04:00,68.04000091552734,68.04000091552734,65.87999725341797,67.68000030517578,10731,0.0,0.0
2010-06-29 00:00:00-04:00,66.5999984741211,68.4000015258789,64.08000183105469,64.80000305175781,15892,0.0,0.0
2010-06-30 00:00:00-04:00,64.44000244140625,65.87999725341797,63.0,63.36000061035156,13147,0.0,0.0
2010-07-01 00:00:00-04:00,63.0,63.36000061035156,58.31999969482422,58.68000030517578,15256,0.0,0.0
2010-07-02 00:00:00-04:00,58.68000030517578,59.040000915527344,56.15999984741211,57.959999084472656,10042,0.0,0.0
2010-07-06 00:00:00-04:00,58.68000030517578,61.20000076293945,57.2400016784668,57.2400016784668,11306,0.0,0.0
2010-07-07 00:00:00-04:00,57.599998474121094,59.040000915527344,56.880001068115234,57.599998474121094,11189,0.0,0.0
2010-07-08 00:00:00-04:00,61.91999816894531,62.279998779296875,58.31999969482422,61.91999816894531,10300,0.0,0.0
2010-07-09 00:00:00-04:00,61.91999816894531,61.91999816894531,57.599998474121094,59.040000915527344,7081,0.0,0.0
2010-07-12 00:00:00-04:00,59.040000915527344,60.84000015258789,59.040000915527344,59.7599983215332,4878,0.0,0.0
2010-07-13 00:00:00-04:00,60.84000015258789,62.279998779296875,58.68000030517578,61.91999816894531,8861,0.0,0.0
2010-07-14 00:00:00-04:00,63.0,63.0,59.7599983215332,59.7599983215332,5175,0.0,0.0
2010-07-15 00:00:00-04:00,60.119998931884766,61.91999816894531,58.31999969482422,61.20000076293945,6361,0.0,0.0
2010-07-16 00:00:00-04:00,60.47999954223633,61.91999816894531,58.31999969482422,58.68000030517578,8239,0.0,0.0
2010-07-19 00:00:00-04:00,58.31999969482422,58.68000030517578,57.599998474121094,57.959999084472656,8350,0.0,0.0
2010-07-20 00:00:00-04:00,57.599998474121094,59.400001525878906,56.880001068115234,59.040000915527344,6217,0.0,0.0
2010-07-21 00:00:00-04:00,59.400001525878906,59.400001525878906,55.79999923706055,56.15999984741211,6906,0.0,0.0
2010-07-22 00:00:00-04:00,57.2400016784668,57.2400016784668,55.08000183105469,56.880001068115234,8103,0.0,0.0
2010-07-23 00:00:00-04:00,56.52000045776367,58.31999969482422,56.15999984741211,58.31999969482422,5244,0.0,0.0
2010-07-26 00:00:00-04:00,58.31999969482422,60.47999954223633,57.599998474121094,60.119998931884766,6633,0.0,0.0
2010-07-27 00:00:00-04:00,61.20000076293945,61.20000076293945,60.119998931884766,61.20000076293945,7489,0.0,0.0
2010-07-28 00:00:00-04:00,60.84000015258789,61.91999816894531,59.040000915527344,59.400001525878906,5625,0.0,0.0
2010-07-29 00:00:00-04:00,61.20000076293945,62.279998779296875,59.040000915527344,61.91999816894531,10247,0.0,0.0
2010-07-30 00:00:00-04:00,60.84000015258789,61.91999816894531,57.2400016784668,57.959999084472656,16994,0.0,0.0
2010-08-02 00:00:00-04:00,59.040000915527344,59.7599983215332,57.599998474121094,58.68000030517578,6364,0.0,0.0
2010-08-03 00:00:00-04:00,59.7599983215332,59.7599983215332,57.599998474121094,57.959999084472656,4403,0.0,0.0
2010-08-04 00:00:00-04:00,58.31999969482422,62.63999938964844,56.880001068115234,60.47999954223633,13103,0.0,0.0
2010-08-05 00:00:00-04:00,61.20000076293945,61.560001373291016,57.599998474121094,57.599998474121094,7328,0.0,0.0
2010-08-06 00:00:00-04:00,57.599998474121094,59.400001525878906,56.880001068115234,57.2400016784668,4875,0.0,0.0
2010-08-09 00:00:00-04:00,57.599998474121094,58.31999969482422,55.79999923706055,56.15999984741211,8433,0.0,0.0
2010-08-10 00:00:00-04:00,55.79999923706055,59.400001525878906,55.439998626708984,55.439998626708984,6794,0.0,0.0
2010-08-11 00:00:00-04:00,55.08000183105469,55.79999923706055,52.20000076293945,52.560001373291016,9792,0.0,0.0
2010-08-12 00:00:00-04:00,52.20000076293945,56.880001068115234,52.20000076293945,52.91999816894531,8072,0.0,0.0
2010-08-13 00:00:00-04:00,54.0,55.79999923706055,51.47999954223633,52.560001373291016,7647,0.0,0.0
2010-08-16 00:00:00-04:00,52.560001373291016,59.400001525878906,51.47999954223633,52.20000076293945,7961,0.0,0.0
2010-08-17 00:00:00-04:00,52.560001373291016,53.279998779296875,52.20000076293945,52.560001373291016,3892,0.0,0.0
2010-08-18 00:00:00-04:00,52.560001373291016,54.36000061035156,52.20000076293945,52.91999816894531,4444,0.0,0.0
2010-08-19 00:00:00-04:00,52.560001373291016,52.91999816894531,50.400001525878906,50.400001525878906,8528,0.0,0.0
2010-08-20 00:00:00-04:00,50.400001525878906,51.84000015258789,49.68000030517578,50.7599983215332,7872,0.0,0.0
2010-08-23 00:00:00-04:00,50.7599983215332,52.20000076293945,50.400001525878906,50.400001525878906,5439,0.0,0.0
2010-08-24 00:00:00-04:00,50.400001525878906,51.119998931884766,50.040000915527344,50.400001525878906,6975,0.0,0.0
2010-08-25 00:00:00-04:00,50.040000915527344,50.7599983215332,49.68000030517578,50.7599983215332,7517,0.0,0.0
2010-08-26 00:00:00-04:00,50.7599983215332,52.20000076293945,50.040000915527344,50.400001525878906,4094,0.0,0.0
2010-08-27 00:00:00-04:00,50.7599983215332,52.20000076293945,50.040000915527344,51.47999954223633,5150,0.0,0.0
2010-08-30 00:00:00-04:00,51.47999954223633,51.47999954223633,49.68000030517578,49.68000030517578,4531,0.0,0.0
2010-08-31 00:00:00-04:00,50.040000915527344,50.400001525878906,46.439998626708984,47.15999984741211,14433,0.0,0.0
2010-09-01 00:00:00-04:00,47.880001068115234,50.400001525878906,47.52000045776367,50.400001525878906,13756,0.0,0.0
2010-09-02 00:00:00-04:00,51.119998931884766,51.119998931884766,49.31999969482422,50.040000915527344,5439,0.0,0.0
2010-09-03 00:00:00-04:00,50.400001525878906,50.400001525878906,48.959999084472656,49.68000030517578,5517,0.0,0.0
2010-09-07 00:00:00-04:00,49.31999969482422,50.400001525878906,47.52000045776367,47.880001068115234,12036,0.0,0.0
2010-09-08 00:00:00-04:00,48.2400016784668,48.2400016784668,46.79999923706055,47.52000045776367,9589,0.0,0.0
2010-09-09 00:00:00-04:00,48.2400016784668,48.2400016784668,47.15999984741211,47.15999984741211,4319,0.0,0.0
2010-09-10 00:00:00-04:00,47.52000045776367,50.400001525878906,47.15999984741211,50.400001525878906,8983,0.0,0.0
2010-09-13 00:00:00-04:00,50.400001525878906,50.400001525878906,48.599998474121094,49.68000030517578,5403,0.0,0.0
2010-09-14 00:00:00-04:00,50.040000915527344,50.400001525878906,48.2400016784668,48.599998474121094,10361,0.0,0.0
2010-09-15 00:00:00-04:00,48.599998474121094,48.599998474121094,46.79999923706055,47.52000045776367,9872,0.0,0.0
2010-09-16 00:00:00-04:00,47.52000045776367,49.68000030517578,47.52000045776367,48.599998474121094,5708,0.0,0.0
2010-09-17 00:00:00-04:00,49.68000030517578,49.68000030517578,47.52000045776367,48.2400016784668,9453,0.0,0.0
2010-09-20 00:00:00-04:00,48.599998474121094,52.560001373291016,48.599998474121094,51.47999954223633,16661,0.0,0.0
2010-09-21 00:00:00-04:00,51.119998931884766,53.279998779296875,49.68000030517578,49.68000030517578,8275,0.0,0.0
2010-09-22 00:00:00-04:00,49.68000030517578,51.47999954223633,49.68000030517578,50.040000915527344,5661,0.0,0.0
2010-09-23 00:00:00-04:00,50.040000915527344,51.119998931884766,49.68000030517578,50.400001525878906,5847,0.0,0.0
2010-09-24 00:00:00-04:00,50.7599983215332,52.20000076293945,50.400001525878906,51.119998931884766,6719,0.0,0.0
2010-09-27 00:00:00-04:00,51.47999954223633,53.279998779296875,50.7599983215332,51.84000015258789,12872,0.0,0.0
2010-09-28 00:00:00-04:00,51.84000015258789,54.0,51.84000015258789,54.0,7603,0.0,0.0
2010-09-29 00:00:00-04:00,54.36000061035156,60.47999954223633,54.0,59.040000915527344,36592,0.0,0.0
2010-09-30 00:00:00-04:00,59.400001525878906,61.560001373291016,57.959999084472656,60.47999954223633,36792,0.0,0.0
2010-10-01 00:00:00-04:00,61.20000076293945,62.279998779296875,59.400001525878906,61.20000076293945,9706,0.0,0.0
2010-10-04 00:00:00-04:00,59.400001525878906,60.84000015258789,59.400001525878906,59.7599983215332,7633,0.0,0.0
2010-10-05 00:00:00-04:00,60.119998931884766,60.84000015258789,59.7599983215332,60.119998931884766,12250,0.0,0.0
2010-10-06 00:00:00-04:00,60.119998931884766,61.560001373291016,59.7599983215332,60.119998931884766,11461,0.0,0.0
2010-10-07 00:00:00-04:00,60.47999954223633,61.20000076293945,60.119998931884766,60.119998931884766,7900,0.0,0.0
2010-10-08 00:00:00-04:00,60.119998931884766,61.560001373291016,59.400001525878906,61.20000076293945,16244,0.0,0.0
2010-10-11 00:00:00-04:00,62.279998779296875,63.0,59.7599983215332,60.47999954223633,18622,0.0,0.0
2010-10-12 00:00:00-04:00,61.20000076293945,61.20000076293945,60.119998931884766,60.84000015258789,6767,0.0,0.0
2010-10-13 00:00:00-04:00,61.20000076293945,64.80000305175781,60.47999954223633,60.84000015258789,47331,0.0,0.0
2010-10-14 00:00:00-04:00,61.91999816894531,61.91999816894531,60.119998931884766,60.47999954223633,7286,0.0,0.0
2010-10-15 00:00:00-04:00,61.560001373291016,61.560001373291016,57.599998474121094,59.400001525878906,17531,0.0,0.0
2010-10-18 00:00:00-04:00,60.84000015258789,60.84000015258789,57.959999084472656,60.47999954223633,9531,0.0,0.0
2010-10-19 00:00:00-04:00,60.47999954223633,60.47999954223633,57.599998474121094,58.31999969482422,10519,0.0,0.0
2010-10-20 00:00:00-04:00,58.68000030517578,61.20000076293945,58.68000030517578,60.47999954223633,8161,0.0,0.0
2010-10-21 00:00:00-04:00,60.84000015258789,61.20000076293945,57.959999084472656,57.959999084472656,6625,0.0,0.0
2010-10-22 00:00:00-04:00,57.959999084472656,58.68000030517578,55.439998626708984,56.15999984741211,11336,0.0,0.0
2010-10-25 00:00:00-04:00,56.880001068115234,57.2400016784668,55.08000183105469,56.15999984741211,7172,0.0,0.0
2010-10-26 00:00:00-04:00,56.880001068115234,57.2400016784668,55.439998626708984,56.52000045776367,7172,0.0,0.0
2010-10-27 00:00:00-04:00,55.08000183105469,56.52000045776367,54.0,55.08000183105469,12500,0.0,0.0
2010-10-28 00:00:00-04:00,55.08000183105469,55.439998626708984,54.720001220703125,54.720001220703125,5178,0.0,0.0
2010-10-29 00:00:00-04:00,54.720001220703125,55.439998626708984,54.0,54.0,9819,0.0,0.0
2010-11-01 00:00:00-04:00,54.0,55.79999923706055,54.0,54.0,5525,0.0,0.0
2010-11-02 00:00:00-04:00,55.08000183105469,55.08000183105469,54.0,54.36000061035156,8092,0.0,0.0
2010-11-03 00:00:00-04:00,54.36000061035156,54.720001220703125,51.119998931884766,52.91999816894531,9467,0.0,0.0
2010-11-04 00:00:00-04:00,52.91999816894531,56.52000045776367,52.20000076293945,56.52000045776367,10411,0.0,0.0
2010-11-05 00:00:00-04:00,56.52000045776367,59.040000915527344,56.15999984741211,58.68000030517578,11189,0.0,0.0
2010-11-08 00:00:00-05:00,59.040000915527344,59.040000915527344,56.15999984741211,57.959999084472656,6469,0.0,0.0
2010-11-09 00:00:00-05:00,57.959999084472656,59.040000915527344,55.79999923706055,55.79999923706055,6106,0.0,0.0
2010-11-10 00:00:00-05:00,55.439998626708984,56.880001068115234,54.0,56.880001068115234,7425,0.0,0.0
2010-11-11 00:00:00-05:00,56.52000045776367,57.959999084472656,55.08000183105469,57.2400016784668,4564,0.0,0.0
2010-11-12 00:00:00-05:00,56.15999984741211,57.2400016784668,55.08000183105469,55.08000183105469,5561,0.0,0.0
2010-11-15 00:00:00-05:00,55.08000183105469,56.15999984741211,53.279998779296875,53.63999938964844,4053,0.0,0.0
2010-11-16 00:00:00-05:00,53.63999938964844,54.36000061035156,52.560001373291016,52.560001373291016,5103,0.0,0.0
2010-11-17 00:00:00-05:00,52.91999816894531,54.36000061035156,51.84000015258789,52.20000076293945,4394,0.0,0.0
2010-11-18 00:00:00-05:00,52.560001373291016,54.0,52.20000076293945,53.279998779296875,3206,0.0,0.0
2010-11-19 00:00:00-05:00,52.91999816894531,54.36000061035156,52.560001373291016,54.0,3758,0.0,0.0
2010-11-22 00:00:00-05:00,53.279998779296875,55.439998626708984,52.560001373291016,53.279998779296875,5442,0.0,0.0
2010-11-23 00:00:00-05:00,52.91999816894531,53.279998779296875,51.84000015258789,52.560001373291016,3942,0.0,0.0
2010-11-24 00:00:00-05:00,53.279998779296875,53.63999938964844,51.84000015258789,53.63999938964844,4925,0.0,0.0
2010-11-26 00:00:00-05:00,52.91999816894531,53.279998779296875,50.400001525878906,50.400001525878906,2192,0.0,0.0
2010-11-29 00:00:00-05:00,51.119998931884766,54.36000061035156,51.119998931884766,54.0,6619,0.0,0.0
2010-11-30 00:00:00-05:00,54.0,55.439998626708984,52.560001373291016,52.91999816894531,6311,0.0,0.0
2010-12-01 00:00:00-05:00,54.0,54.36000061035156,51.84000015258789,52.20000076293945,5922,0.0,0.0
2010-12-02 00:00:00-05:00,52.20000076293945,54.0,52.20000076293945,53.279998779296875,6311,0.0,0.0
2010-12-03 00:00:00-05:00,52.91999816894531,54.0,51.84000015258789,52.20000076293945,6906,0.0,0.0
2010-12-06 00:00:00-05:00,51.84000015258789,53.279998779296875,51.119998931884766,51.47999954223633,8089,0.0,0.0
2010-12-07 00:00:00-05:00,51.84000015258789,54.0,51.119998931884766,51.47999954223633,5833,0.0,0.0
2010-12-08 00:00:00-05:00,51.119998931884766,52.560001373291016,50.400001525878906,50.400001525878906,7850,0.0,0.0
2010-12-09 00:00:00-05:00,51.119998931884766,52.91999816894531,50.400001525878906,52.91999816894531,8614,0.0,0.0
2010-12-10 00:00:00-05:00,52.91999816894531,53.63999938964844,51.84000015258789,53.63999938964844,7828,0.0,0.0
2010-12-13 00:00:00-05:00,53.279998779296875,54.0,51.47999954223633,54.0,12078,0.0,0.0
2010-12-14 00:00:00-05:00,53.63999938964844,55.439998626708984,53.63999938964844,54.36000061035156,6761,0.0,0.0
2010-12-15 00:00:00-05:00,54.0,55.08000183105469,52.91999816894531,53.279998779296875,5133,0.0,0.0
2010-12-16 00:00:00-05:00,53.279998779296875,55.08000183105469,52.91999816894531,54.0,10075,0.0,0.0
2010-12-17 00:00:00-05:00,54.0,56.15999984741211,53.63999938964844,56.15999984741211,15478,0.0,0.0
2010-12-20 00:00:00-05:00,54.36000061035156,57.599998474121094,53.63999938964844,56.52000045776367,9756,0.0,0.0
2010-12-21 00:00:00-05:00,55.79999923706055,55.79999923706055,54.0,55.79999923706055,10803,0.0,0.0
2010-12-22 00:00:00-05:00,55.08000183105469,55.79999923706055,54.0,54.720001220703125,6089,0.0,0.0
2010-12-23 00:00:00-05:00,54.720001220703125,56.880001068115234,54.0,56.880001068115234,15667,0.0,0.0
2010-12-27 00:00:00-05:00,63.0,78.12000274658203,61.91999816894531,72.0,291511,0.0,0.0
2010-12-28 00:00:00-05:00,63.36000061035156,63.36000061035156,57.959999084472656,57.959999084472656,234611,0.0,0.0
2010-12-29 00:00:00-05:00,60.119998931884766,60.119998931884766,57.599998474121094,57.959999084472656,69636,0.0,0.0
2010-12-30 00:00:00-05:00,57.959999084472656,60.84000015258789,57.599998474121094,59.7599983215332,62100,0.0,0.0
2010-12-31 00:00:00-05:00,61.20000076293945,61.20000076293945,59.040000915527344,59.040000915527344,39147,0.0,0.0
2011-01-03 00:00:00-05:00,61.20000076293945,61.20000076293945,58.31999969482422,59.7599983215332,51947,0.0,0.0
2011-01-04 00:00:00-05:00,59.7599983215332,60.47999954223633,58.31999969482422,60.119998931884766,48808,0.0,0.0
2011-01-05 00:00:00-05:00,60.119998931884766,61.560001373291016,59.400001525878906,60.47999954223633,35744,0.0,0.0
2011-01-06 00:00:00-05:00,61.20000076293945,63.36000061035156,60.47999954223633,61.20000076293945,60792,0.0,0.0
2011-01-07 00:00:00-05:00,61.20000076293945,61.560001373291016,59.400001525878906,60.119998931884766,33372,0.0,0.0
2011-01-10 00:00:00-05:00,60.119998931884766,61.91999816894531,60.119998931884766,61.91999816894531,61586,0.0,0.0
2011-01-11 00:00:00-05:00,61.91999816894531,62.63999938964844,59.7599983215332,61.560001373291016,32214,0.0,0.0
2011-01-12 00:00:00-05:00,61.91999816894531,62.279998779296875,60.47999954223633,61.91999816894531,28803,0.0,0.0
2011-01-13 00:00:00-05:00,61.20000076293945,62.279998779296875,60.84000015258789,61.91999816894531,35150,0.0,0.0
2011-01-14 00:00:00-05:00,61.91999816894531,66.95999908447266,60.84000015258789,63.36000061035156,94114,0.0,0.0
2011-01-18 00:00:00-05:00,64.44000244140625,66.23999786376953,63.0,65.5199966430664,36681,0.0,0.0
2011-01-19 00:00:00-05:00,67.31999969482422,70.91999816894531,66.5999984741211,68.76000213623047,92739,0.0,0.0
2011-01-20 00:00:00-05:00,68.76000213623047,69.4800033569336,66.5999984741211,69.12000274658203,45447,0.0,0.0
2011-01-21 00:00:00-05:00,69.12000274658203,70.19999694824219,65.87999725341797,66.5999984741211,35722,0.0,0.0
2011-01-24 00:00:00-05:00,66.23999786376953,68.4000015258789,66.23999786376953,67.31999969482422,31578,0.0,0.0
2011-01-25 00:00:00-05:00,72.0,74.16000366210938,69.4800033569336,70.91999816894531,244178,0.0,0.0
2011-01-26 00:00:00-05:00,71.27999877929688,72.36000061035156,69.4800033569336,69.83999633789062,37781,0.0,0.0
2011-01-27 00:00:00-05:00,70.91999816894531,70.91999816894531,67.68000030517578,68.4000015258789,29578,0.0,0.0
2011-01-28 00:00:00-05:00,68.4000015258789,68.4000015258789,65.87999725341797,66.95999908447266,40172,0.0,0.0
2011-01-31 00:00:00-05:00,67.31999969482422,67.68000030517578,66.23999786376953,66.95999908447266,40386,0.0,0.0
2011-02-01 00:00:00-05:00,66.95999908447266,69.12000274658203,66.23999786376953,69.12000274658203,22736,0.0,0.0
2011-02-02 00:00:00-05:00,70.19999694824219,70.55999755859375,68.4000015258789,69.4800033569336,23419,0.0,0.0
2011-02-03 00:00:00-05:00,69.4800033569336,72.72000122070312,68.4000015258789,71.63999938964844,28953,0.0,0.0
2011-02-04 00:00:00-05:00,72.0,74.87999725341797,71.27999877929688,74.16000366210938,54583,0.0,0.0
2011-02-07 00:00:00-05:00,75.23999786376953,77.4000015258789,74.87999725341797,77.04000091552734,42647,0.0,0.0
2011-02-08 00:00:00-05:00,78.4800033569336,83.87999725341797,78.12000274658203,83.16000366210938,108283,0.0,0.0
2011-02-09 00:00:00-05:00,84.5999984741211,91.08000183105469,76.31999969482422,77.4000015258789,175017,0.0,0.0
2011-02-10 00:00:00-05:00,79.55999755859375,82.44000244140625,76.31999969482422,79.91999816894531,61475,0.0,0.0
2011-02-11 00:00:00-05:00,82.44000244140625,83.5199966430664,79.55999755859375,83.16000366210938,58739,0.0,0.0
2011-02-14 00:00:00-05:00,90.0,91.08000183105469,79.19999694824219,79.55999755859375,176567,0.0,0.0
2011-02-15 00:00:00-05:00,78.83999633789062,78.83999633789062,70.91999816894531,74.16000366210938,102150,0.0,0.0
2011-02-16 00:00:00-05:00,73.44000244140625,76.31999969482422,73.44000244140625,76.31999969482422,33647,0.0,0.0
2011-02-17 00:00:00-05:00,75.5999984741211,78.83999633789062,74.87999725341797,78.83999633789062,31142,0.0,0.0
2011-02-18 00:00:00-05:00,79.19999694824219,79.19999694824219,74.87999725341797,75.23999786376953,43819,0.0,0.0
2011-02-22 00:00:00-05:00,74.5199966430664,74.5199966430664,71.63999938964844,72.72000122070312,36369,0.0,0.0
2011-02-23 00:00:00-05:00,73.08000183105469,75.5999984741211,70.55999755859375,70.55999755859375,34439,0.0,0.0
2011-02-24 00:00:00-05:00,73.80000305175781,77.4000015258789,72.36000061035156,76.31999969482422,42281,0.0,0.0
2011-02-25 00:00:00-05:00,75.95999908447266,79.55999755859375,75.23999786376953,77.04000091552734,37314,0.0,0.0
2011-02-28 00:00:00-05:00,77.76000213623047,80.63999938964844,76.31999969482422,77.4000015258789,25719,0.0,0.0
2011-03-01 00:00:00-05:00,77.76000213623047,78.4800033569336,73.80000305175781,73.80000305175781,22319,0.0,0.0
2011-03-02 00:00:00-05:00,74.16000366210938,74.87999725341797,72.36000061035156,73.08000183105469,18531,0.0,0.0
2011-03-03 00:00:00-05:00,82.80000305175781,91.44000244140625,76.68000030517578,77.4000015258789,296364,0.0,0.0
2011-03-04 00:00:00-05:00,70.55999755859375,71.63999938964844,69.12000274658203,71.27999877929688,305058,0.0,0.0
2011-03-07 00:00:00-05:00,70.55999755859375,71.27999877929688,70.19999694824219,70.19999694824219,53461,0.0,0.0
2011-03-08 00:00:00-05:00,70.19999694824219,71.63999938964844,68.4000015258789,70.19999694824219,42250,0.0,0.0
2011-03-09 00:00:00-05:00,70.55999755859375,70.91999816894531,69.4800033569336,69.4800033569336,17894,0.0,0.0
2011-03-10 00:00:00-05:00,70.19999694824219,70.19999694824219,67.31999969482422,67.31999969482422,46864,0.0,0.0
2011-03-11 00:00:00-05:00,67.31999969482422,70.19999694824219,66.5999984741211,68.04000091552734,31683,0.0,0.0
2011-03-14 00:00:00-04:00,68.04000091552734,69.4800033569336,66.23999786376953,66.23999786376953,26739,0.0,0.0
2011-03-15 00:00:00-04:00,64.44000244140625,65.87999725341797,62.279998779296875,64.44000244140625,37939,0.0,0.0
2011-03-16 00:00:00-04:00,67.68000030517578,69.12000274658203,62.63999938964844,65.87999725341797,56353,0.0,0.0
2011-03-17 00:00:00-04:00,68.76000213623047,68.76000213623047,66.5999984741211,66.5999984741211,31978,0.0,0.0
2011-03-18 00:00:00-04:00,67.68000030517578,68.4000015258789,66.23999786376953,67.68000030517578,43294,0.0,0.0
2011-03-21 00:00:00-04:00,68.4000015258789,68.76000213623047,66.5999984741211,67.68000030517578,28053,0.0,0.0
2011-03-22 00:00:00-04:00,68.4000015258789,68.76000213623047,65.87999725341797,66.95999908447266,21922,0.0,0.0
2011-03-23 00:00:00-04:00,66.95999908447266,67.31999969482422,64.44000244140625,65.16000366210938,27775,0.0,0.0
2011-03-24 00:00:00-04:00,65.16000366210938,66.5999984741211,63.36000061035156,66.23999786376953,30950,0.0,0.0
2011-03-25 00:00:00-04:00,66.95999908447266,67.68000030517578,66.23999786376953,66.5999984741211,22058,0.0,0.0
2011-03-28 00:00:00-04:00,66.5999984741211,68.04000091552734,66.5999984741211,67.31999969482422,12769,0.0,0.0
2011-03-29 00:00:00-04:00,67.68000030517578,71.63999938964844,67.31999969482422,71.27999877929688,50736,0.0,0.0
2011-03-30 00:00:00-04:00,72.72000122070312,73.08000183105469,69.83999633789062,70.91999816894531,36608,0.0,0.0
2011-03-31 00:00:00-04:00,71.27999877929688,71.63999938964844,69.4800033569336,71.27999877929688,40939,0.0,0.0
2011-04-01 00:00:00-04:00,72.0,74.16000366210938,71.27999877929688,71.63999938964844,32197,0.0,0.0
2011-04-04 00:00:00-04:00,73.44000244140625,75.95999908447266,72.36000061035156,75.5999984741211,74244,0.0,0.0
2011-04-05 00:00:00-04:00,76.31999969482422,76.31999969482422,73.80000305175781,75.23999786376953,29139,0.0,0.0
2011-04-06 00:00:00-04:00,75.95999908447266,76.31999969482422,74.87999725341797,76.31999969482422,31267,0.0,0.0
2011-04-07 00:00:00-04:00,76.68000030517578,76.68000030517578,72.36000061035156,74.5199966430664,29208,0.0,0.0
2011-04-08 00:00:00-04:00,75.23999786376953,75.23999786376953,72.36000061035156,74.16000366210938,26853,0.0,0.0
2011-04-11 00:00:00-04:00,75.23999786376953,75.23999786376953,72.36000061035156,72.36000061035156,17981,0.0,0.0
2011-04-12 00:00:00-04:00,72.36000061035156,72.72000122070312,69.4800033569336,69.4800033569336,25886,0.0,0.0
2011-04-13 00:00:00-04:00,72.72000122070312,74.87999725341797,70.19999694824219,73.44000244140625,54461,0.0,0.0
2011-04-14 00:00:00-04:00,72.72000122070312,74.87999725341797,72.0,74.5199966430664,23314,0.0,0.0
2011-04-15 00:00:00-04:00,74.16000366210938,75.23999786376953,73.80000305175781,74.87999725341797,29128,0.0,0.0
2011-04-18 00:00:00-04:00,75.95999908447266,77.4000015258789,75.23999786376953,75.95999908447266,93039,0.0,0.0
2011-04-19 00:00:00-04:00,75.5999984741211,76.68000030517578,74.87999725341797,75.95999908447266,27906,0.0,0.0
2011-04-20 00:00:00-04:00,76.31999969482422,76.31999969482422,75.5999984741211,75.95999908447266,22594,0.0,0.0
2011-04-21 00:00:00-04:00,76.31999969482422,76.68000030517578,75.5999984741211,75.95999908447266,24356,0.0,0.0
2011-04-25 00:00:00-04:00,75.95999908447266,76.68000030517578,74.87999725341797,76.31999969482422,31339,0.0,0.0
2011-04-26 00:00:00-04:00,76.68000030517578,81.72000122070312,76.31999969482422,80.63999938964844,105556,0.0,0.0
2011-04-27 00:00:00-04:00,81.36000061035156,84.23999786376953,80.63999938964844,83.87999725341797,78878,0.0,0.0
2011-04-28 00:00:00-04:00,84.23999786376953,86.4000015258789,83.16000366210938,86.04000091552734,69444,0.0,0.0
2011-04-29 00:00:00-04:00,85.68000030517578,87.12000274658203,80.27999877929688,83.87999725341797,59847,0.0,0.0
2011-05-02 00:00:00-04:00,82.80000305175781,86.4000015258789,81.72000122070312,84.95999908447266,39594,0.0,0.0
2011-05-03 00:00:00-04:00,84.95999908447266,86.04000091552734,82.80000305175781,83.16000366210938,33333,0.0,0.0
2011-05-04 00:00:00-04:00,83.5199966430664,83.87999725341797,81.36000061035156,82.08000183105469,36253,0.0,0.0
2011-05-05 00:00:00-04:00,81.72000122070312,86.4000015258789,79.91999816894531,84.5999984741211,55556,0.0,0.0
2011-05-06 00:00:00-04:00,86.04000091552734,86.76000213623047,82.80000305175781,83.5199966430664,40008,0.0,0.0
2011-05-09 00:00:00-04:00,82.80000305175781,84.5999984741211,82.08000183105469,83.16000366210938,17447,0.0,0.0
2011-05-10 00:00:00-04:00,83.16000366210938,88.19999694824219,82.08000183105469,84.5999984741211,88203,0.0,0.0
2011-05-11 00:00:00-04:00,84.5999984741211,85.31999969482422,82.80000305175781,83.87999725341797,27983,0.0,0.0
2011-05-12 00:00:00-04:00,83.5199966430664,92.16000366210938,83.5199966430664,91.44000244140625,138889,0.0,0.0
2011-05-13 00:00:00-04:00,94.68000030517578,96.83999633789062,93.5999984741211,93.95999908447266,105200,0.0,0.0
2011-05-16 00:00:00-04:00,93.95999908447266,96.83999633789062,86.76000213623047,88.55999755859375,98419,0.0,0.0
2011-05-17 00:00:00-04:00,87.12000274658203,88.91999816894531,84.5999984741211,84.95999908447266,53761,0.0,0.0
2011-05-18 00:00:00-04:00,85.68000030517578,89.63999938964844,84.95999908447266,87.4800033569336,49531,0.0,0.0
2011-05-19 00:00:00-04:00,87.83999633789062,89.27999877929688,85.31999969482422,88.19999694824219,35044,0.0,0.0
2011-05-20 00:00:00-04:00,95.4000015258789,96.4800033569336,90.36000061035156,94.68000030517578,109169,0.0,0.0
2011-05-23 00:00:00-04:00,96.12000274658203,104.04000091552734,94.31999969482422,100.80000305175781,233333,0.0,0.0
2011-05-24 00:00:00-04:00,100.80000305175781,109.44000244140625,99.0,102.95999908447266,213647,0.0,0.0
2011-05-25 00:00:00-04:00,103.68000030517578,107.63999938964844,103.31999969482422,105.12000274658203,73633,0.0,0.0
2011-05-26 00:00:00-04:00,106.19999694824219,107.27999877929688,103.31999969482422,105.83999633789062,57611,0.0,0.0
2011-05-27 00:00:00-04:00,106.91999816894531,106.91999816894531,102.95999908447266,104.76000213623047,66792,0.0,0.0
2011-05-31 00:00:00-04:00,111.23999786376953,114.4800033569336,108.72000122070312,112.68000030517578,151694,0.0,0.0
2011-06-01 00:00:00-04:00,115.19999694824219,115.19999694824219,108.72000122070312,109.80000305175781,105906,0.0,0.0
2011-06-02 00:00:00-04:00,110.5199966430664,112.68000030517578,105.12000274658203,112.31999969482422,86975,0.0,0.0
2011-06-03 00:00:00-04:00,109.80000305175781,111.5999984741211,107.63999938964844,108.36000061035156,64236,0.0,0.0
2011-06-06 00:00:00-04:00,112.31999969482422,113.04000091552734,106.19999694824219,108.0,68994,0.0,0.0
2011-06-07 00:00:00-04:00,110.87999725341797,110.87999725341797,108.0,109.08000183105469,29992,0.0,0.0
2011-06-08 00:00:00-04:00,109.08000183105469,109.44000244140625,100.80000305175781,103.31999969482422,71231,0.0,0.0
2011-06-09 00:00:00-04:00,102.23999786376953,102.95999908447266,93.95999908447266,96.12000274658203,132086,0.0,0.0
2011-06-10 00:00:00-04:00,96.83999633789062,97.19999694824219,92.5199966430664,93.23999786376953,59033,0.0,0.0
2011-06-13 00:00:00-04:00,93.95999908447266,99.72000122070312,93.95999908447266,95.76000213623047,44094,0.0,0.0
2011-06-14 00:00:00-04:00,97.91999816894531,99.72000122070312,94.68000030517578,95.76000213623047,33972,0.0,0.0
2011-06-15 00:00:00-04:00,95.04000091552734,97.55999755859375,93.23999786376953,93.5999984741211,31644,0.0,0.0
2011-06-16 00:00:00-04:00,93.23999786376953,95.04000091552734,92.16000366210938,93.95999908447266,28497,0.0,0.0
2011-06-17 00:00:00-04:00,94.68000030517578,95.04000091552734,90.0,90.72000122070312,40606,0.0,0.0
2011-06-20 00:00:00-04:00,89.27999877929688,94.68000030517578,88.19999694824219,90.0,54522,0.0,0.0
2011-06-21 00:00:00-04:00,92.5199966430664,93.5999984741211,91.08000183105469,92.16000366210938,38000,0.0,0.0
2011-06-22 00:00:00-04:00,91.80000305175781,94.31999969482422,90.72000122070312,93.23999786376953,32703,0.0,0.0
2011-06-23 00:00:00-04:00,91.44000244140625,94.68000030517578,91.08000183105469,94.31999969482422,26397,0.0,0.0
2011-06-24 00:00:00-04:00,94.68000030517578,100.80000305175781,93.95999908447266,100.80000305175781,102703,0.0,0.0
2011-06-27 00:00:00-04:00,100.80000305175781,102.5999984741211,96.83999633789062,99.0,45897,0.0,0.0
2011-06-28 00:00:00-04:00,99.0,100.44000244140625,97.19999694824219,98.63999938964844,34856,0.0,0.0
2011-06-29 00:00:00-04:00,98.27999877929688,102.23999786376953,98.27999877929688,100.08000183105469,29122,0.0,0.0
2011-06-30 00:00:00-04:00,101.87999725341797,102.23999786376953,96.12000274658203,99.0,20186,0.0,0.0
2011-07-01 00:00:00-04:00,98.27999877929688,106.19999694824219,97.91999816894531,104.76000213623047,44394,0.0,0.0
2011-07-05 00:00:00-04:00,106.19999694824219,108.0,103.68000030517578,105.83999633789062,40311,0.0,0.0
2011-07-06 00:00:00-04:00,106.91999816894531,107.27999877929688,104.4000015258789,105.12000274658203,25881,0.0,0.0
2011-07-07 00:00:00-04:00,108.0,115.19999694824219,108.0,114.4800033569336,97597,0.0,0.0
2011-07-08 00:00:00-04:00,113.76000213623047,130.32000732421875,111.5999984741211,129.60000610351562,161322,0.0,0.0
2011-07-11 00:00:00-04:00,128.8800048828125,140.39999389648438,118.80000305175781,130.32000732421875,257278,0.0,0.0
2011-07-12 00:00:00-04:00,129.24000549316406,138.60000610351562,126.36000061035156,137.16000366210938,112486,0.0,0.0
2011-07-13 00:00:00-04:00,141.47999572753906,144.72000122070312,131.39999389648438,132.83999633789062,163122,0.0,0.0
2011-07-14 00:00:00-04:00,132.83999633789062,138.60000610351562,128.16000366210938,133.55999755859375,90947,0.0,0.0
2011-07-15 00:00:00-04:00,133.1999969482422,135.0,128.8800048828125,131.0399932861328,49911,0.0,0.0
2011-07-18 00:00:00-04:00,131.39999389648438,132.83999633789062,123.83999633789062,129.24000549316406,57486,0.0,0.0
2011-07-19 00:00:00-04:00,130.67999267578125,134.27999877929688,127.08000183105469,133.55999755859375,54558,0.0,0.0
2011-07-20 00:00:00-04:00,134.27999877929688,135.72000122070312,128.16000366210938,128.52000427246094,39850,0.0,0.0
2011-07-21 00:00:00-04:00,132.47999572753906,134.27999877929688,129.9600067138672,131.0399932861328,48103,0.0,0.0
2011-07-22 00:00:00-04:00,133.1999969482422,133.55999755859375,127.80000305175781,128.8800048828125,36167,0.0,0.0
2011-07-25 00:00:00-04:00,126.0,128.8800048828125,122.76000213623047,123.12000274658203,82792,0.0,0.0
2011-07-26 00:00:00-04:00,124.55999755859375,125.63999938964844,115.91999816894531,117.36000061035156,82597,0.0,0.0
2011-07-27 00:00:00-04:00,115.55999755859375,116.63999938964844,110.5199966430664,111.5999984741211,96028,0.0,0.0
2011-07-28 00:00:00-04:00,108.0,109.44000244140625,103.68000030517578,108.0,312742,0.0,0.0
2011-07-29 00:00:00-04:00,108.72000122070312,108.72000122070312,106.19999694824219,106.19999694824219,68486,0.0,0.0
2011-08-01 00:00:00-04:00,109.44000244140625,111.95999908447266,106.19999694824219,108.0,62614,0.0,0.0
2011-08-02 00:00:00-04:00,108.0,108.72000122070312,101.5199966430664,101.87999725341797,61433,0.0,0.0
2011-08-03 00:00:00-04:00,102.95999908447266,104.76000213623047,91.80000305175781,97.19999694824219,119736,0.0,0.0
2011-08-04 00:00:00-04:00,96.4800033569336,96.4800033569336,78.83999633789062,79.91999816894531,204347,0.0,0.0
2011-08-05 00:00:00-04:00,84.5999984741211,94.31999969482422,77.4000015258789,85.31999969482422,145644,0.0,0.0
2011-08-08 00:00:00-04:00,76.68000030517578,84.23999786376953,72.72000122070312,74.16000366210938,134578,0.0,0.0
2011-08-09 00:00:00-04:00,82.44000244140625,87.12000274658203,77.4000015258789,83.16000366210938,134903,0.0,0.0
2011-08-10 00:00:00-04:00,82.44000244140625,83.16000366210938,77.4000015258789,78.12000274658203,94036,0.0,0.0
2011-08-11 00:00:00-04:00,82.80000305175781,86.4000015258789,79.55999755859375,81.72000122070312,95464,0.0,0.0
2011-08-12 00:00:00-04:00,83.87999725341797,90.72000122070312,83.16000366210938,89.27999877929688,78856,0.0,0.0
2011-08-15 00:00:00-04:00,92.5199966430664,99.0,91.44000244140625,95.4000015258789,105867,0.0,0.0
2011-08-16 00:00:00-04:00,93.5999984741211,97.19999694824219,91.08000183105469,96.12000274658203,71003,0.0,0.0
2011-08-17 00:00:00-04:00,98.27999877929688,101.5199966430664,93.23999786376953,95.04000091552734,59981,0.0,0.0
2011-08-18 00:00:00-04:00,90.0,90.0,83.16000366210938,84.5999984741211,86967,0.0,0.0
2011-08-19 00:00:00-04:00,82.08000183105469,87.4800033569336,79.19999694824219,79.91999816894531,90861,0.0,0.0
2011-08-22 00:00:00-04:00,85.31999969482422,87.12000274658203,80.63999938964844,82.80000305175781,57597,0.0,0.0
2011-08-23 00:00:00-04:00,86.4000015258789,86.76000213623047,81.36000061035156,86.76000213623047,48611,0.0,0.0
2011-08-24 00:00:00-04:00,86.4000015258789,89.27999877929688,84.5999984741211,87.12000274658203,49117,0.0,0.0
2011-08-25 00:00:00-04:00,87.4800033569336,89.27999877929688,82.80000305175781,84.23999786376953,31656,0.0,0.0
2011-08-26 00:00:00-04:00,83.16000366210938,85.31999969482422,81.0,84.95999908447266,33850,0.0,0.0
2011-08-29 00:00:00-04:00,86.4000015258789,94.68000030517578,86.4000015258789,93.95999908447266,79442,0.0,0.0
2011-08-30 00:00:00-04:00,93.23999786376953,96.4800033569336,90.72000122070312,96.4800033569336,61094,0.0,0.0
2011-08-31 00:00:00-04:00,99.36000061035156,100.80000305175781,93.5999984741211,94.31999969482422,104478,0.0,0.0
2011-09-01 00:00:00-04:00,95.4000015258789,97.55999755859375,91.80000305175781,92.5199966430664,71078,0.0,0.0
2011-09-02 00:00:00-04:00,88.55999755859375,92.87999725341797,87.12000274658203,90.72000122070312,51950,0.0,0.0
2011-09-06 00:00:00-04:00,86.76000213623047,91.80000305175781,86.4000015258789,91.80000305175781,38275,0.0,0.0
2011-09-07 00:00:00-04:00,93.95999908447266,96.83999633789062,92.16000366210938,94.68000030517578,70219,0.0,0.0
2011-09-08 00:00:00-04:00,93.95999908447266,105.12000274658203,92.87999725341797,104.04000091552734,135322,0.0,0.0
2011-09-09 00:00:00-04:00,103.68000030517578,105.4800033569336,97.19999694824219,99.0,88564,0.0,0.0
2011-09-12 00:00:00-04:00,101.16000366210938,104.4000015258789,97.19999694824219,99.72000122070312,68875,0.0,0.0
2011-09-13 00:00:00-04:00,100.80000305175781,101.87999725341797,97.19999694824219,99.72000122070312,58253,0.0,0.0
2011-09-14 00:00:00-04:00,101.87999725341797,102.5999984741211,99.0,100.80000305175781,64117,0.0,0.0
2011-09-15 00:00:00-04:00,102.23999786376953,102.23999786376953,97.91999816894531,98.63999938964844,54694,0.0,0.0
2011-09-16 00:00:00-04:00,99.0,99.72000122070312,96.12000274658203,98.63999938964844,59714,0.0,0.0
2011-09-19 00:00:00-04:00,96.4800033569336,102.23999786376953,96.12000274658203,100.80000305175781,48706,0.0,0.0
2011-09-20 00:00:00-04:00,101.5199966430664,102.5999984741211,97.91999816894531,98.27999877929688,52794,0.0,0.0
2011-09-21 00:00:00-04:00,98.63999938964844,99.72000122070312,93.5999984741211,93.5999984741211,40667,0.0,0.0
2011-09-22 00:00:00-04:00,90.0,91.44000244140625,85.68000030517578,87.12000274658203,90753,0.0,0.0
2011-09-23 00:00:00-04:00,85.68000030517578,91.80000305175781,85.31999969482422,88.19999694824219,51094,0.0,0.0
2011-09-26 00:00:00-04:00,89.63999938964844,90.0,86.76000213623047,87.12000274658203,37111,0.0,0.0
2011-09-27 00:00:00-04:00,88.91999816894531,91.80000305175781,87.83999633789062,91.08000183105469,57983,0.0,0.0
2011-09-28 00:00:00-04:00,91.08000183105469,91.80000305175781,85.31999969482422,85.31999969482422,57322,0.0,0.0
2011-09-29 00:00:00-04:00,87.83999633789062,89.27999877929688,81.36000061035156,83.87999725341797,55156,0.0,0.0
2011-09-30 00:00:00-04:00,82.44000244140625,84.95999908447266,81.0,82.08000183105469,33261,0.0,0.0
2011-10-03 00:00:00-04:00,81.0,82.08000183105469,72.36000061035156,72.72000122070312,80075,0.0,0.0
2011-10-04 00:00:00-04:00,74.5199966430664,83.5199966430664,72.72000122070312,83.16000366210938,71433,0.0,0.0
2011-10-05 00:00:00-04:00,82.80000305175781,84.5999984741211,79.55999755859375,82.44000244140625,40206,0.0,0.0
2011-10-06 00:00:00-04:00,82.44000244140625,86.4000015258789,79.19999694824219,85.68000030517578,29581,0.0,0.0
2011-10-07 00:00:00-04:00,86.04000091552734,86.4000015258789,81.36000061035156,81.72000122070312,33014,0.0,0.0
2011-10-10 00:00:00-04:00,83.16000366210938,84.95999908447266,81.72000122070312,84.23999786376953,19931,0.0,0.0
2011-10-11 00:00:00-04:00,87.12000274658203,89.63999938964844,83.87999725341797,84.5999984741211,53031,0.0,0.0
2011-10-12 00:00:00-04:00,85.31999969482422,86.4000015258789,83.5199966430664,84.23999786376953,29542,0.0,0.0
2011-10-13 00:00:00-04:00,84.23999786376953,89.27999877929688,83.87999725341797,88.91999816894531,31036,0.0,0.0
2011-10-14 00:00:00-04:00,89.63999938964844,91.08000183105469,87.12000274658203,90.36000061035156,28525,0.0,0.0
2011-10-17 00:00:00-04:00,90.0,91.08000183105469,84.5999984741211,85.31999969482422,28047,0.0,0.0
2011-10-18 00:00:00-04:00,85.68000030517578,89.27999877929688,82.80000305175781,87.12000274658203,41172,0.0,0.0
2011-10-19 00:00:00-04:00,89.63999938964844,89.63999938964844,85.31999969482422,85.68000030517578,40933,0.0,0.0
2011-10-20 00:00:00-04:00,86.76000213623047,87.4800033569336,83.5199966430664,84.95999908447266,27239,0.0,0.0
2011-10-21 00:00:00-04:00,87.12000274658203,87.12000274658203,83.5199966430664,84.5999984741211,36725,0.0,0.0
2011-10-24 00:00:00-04:00,84.5999984741211,92.16000366210938,84.5999984741211,92.16000366210938,78639,0.0,0.0
2011-10-25 00:00:00-04:00,92.87999725341797,93.5999984741211,87.83999633789062,87.83999633789062,49369,0.0,0.0
2011-10-26 00:00:00-04:00,90.0,93.23999786376953,88.91999816894531,91.44000244140625,58403,0.0,0.0
2011-10-27 00:00:00-04:00,93.5999984741211,97.19999694824219,92.87999725341797,96.83999633789062,52806,0.0,0.0
2011-10-28 00:00:00-04:00,96.4800033569336,99.36000061035156,92.87999725341797,99.0,40736,0.0,0.0
2011-10-31 00:00:00-04:00,97.19999694824219,98.27999877929688,92.87999725341797,95.4000015258789,37606,0.0,0.0
2011-11-01 00:00:00-04:00,91.80000305175781,93.23999786376953,88.19999694824219,90.36000061035156,47650,0.0,0.0
2011-11-02 00:00:00-04:00,92.5199966430664,96.4800033569336,90.72000122070312,94.68000030517578,36647,0.0,0.0
2011-11-03 00:00:00-04:00,95.4000015258789,97.19999694824219,91.80000305175781,94.31999969482422,32478,0.0,0.0
2011-11-04 00:00:00-04:00,93.23999786376953,95.4000015258789,91.80000305175781,92.16000366210938,34311,0.0,0.0
2011-11-07 00:00:00-05:00,92.87999725341797,93.95999908447266,88.19999694824219,90.0,42628,0.0,0.0
2011-11-08 00:00:00-05:00,91.08000183105469,94.68000030517578,90.0,90.72000122070312,40208,0.0,0.0
2011-11-09 00:00:00-05:00,89.27999877929688,93.5999984741211,87.83999633789062,89.27999877929688,38878,0.0,0.0
2011-11-10 00:00:00-05:00,90.72000122070312,90.72000122070312,84.5999984741211,85.31999969482422,53506,0.0,0.0
2011-11-11 00:00:00-05:00,86.04000091552734,87.12000274658203,84.5999984741211,85.31999969482422,33061,0.0,0.0
2011-11-14 00:00:00-05:00,85.31999969482422,87.83999633789062,83.5199966430664,86.76000213623047,57331,0.0,0.0
2011-11-15 00:00:00-05:00,89.27999877929688,89.27999877929688,82.80000305175781,84.23999786376953,96728,0.0,0.0
2011-11-16 00:00:00-05:00,88.19999694824219,95.4000015258789,86.4000015258789,90.72000122070312,133003,0.0,0.0
2011-11-17 00:00:00-05:00,91.44000244140625,91.80000305175781,86.76000213623047,90.0,45417,0.0,0.0
2011-11-18 00:00:00-05:00,89.63999938964844,90.0,84.5999984741211,84.5999984741211,80403,0.0,0.0
2011-11-21 00:00:00-05:00,83.87999725341797,86.76000213623047,80.63999938964844,85.31999969482422,55008,0.0,0.0
2011-11-22 00:00:00-05:00,86.4000015258789,88.19999694824219,83.16000366210938,84.23999786376953,33039,0.0,0.0
2011-11-23 00:00:00-05:00,83.87999725341797,84.23999786376953,81.0,81.0,35864,0.0,0.0
2011-11-25 00:00:00-05:00,81.36000061035156,83.5199966430664,79.91999816894531,79.91999816894531,15925,0.0,0.0
2011-11-28 00:00:00-05:00,84.95999908447266,86.4000015258789,79.91999816894531,83.5199966430664,57106,0.0,0.0
2011-11-29 00:00:00-05:00,84.5999984741211,88.19999694824219,83.5199966430664,83.5199966430664,40297,0.0,0.0
2011-11-30 00:00:00-05:00,86.4000015258789,87.4800033569336,83.87999725341797,86.4000015258789,55622,0.0,0.0
2011-12-01 00:00:00-05:00,87.12000274658203,90.72000122070312,86.4000015258789,89.27999877929688,59636,0.0,0.0
2011-12-02 00:00:00-05:00,91.44000244140625,92.87999725341797,89.63999938964844,90.72000122070312,52972,0.0,0.0
2011-12-05 00:00:00-05:00,92.16000366210938,94.31999969482422,90.36000061035156,92.16000366210938,39383,0.0,0.0
2011-12-06 00:00:00-05:00,92.5199966430664,93.5999984741211,90.0,92.16000366210938,42294,0.0,0.0
2011-12-07 00:00:00-05:00,90.72000122070312,90.72000122070312,87.4800033569336,88.19999694824219,36447,0.0,0.0
2011-12-08 00:00:00-05:00,88.91999816894531,90.36000061035156,84.5999984741211,84.5999984741211,47503,0.0,0.0
2011-12-09 00:00:00-05:00,86.4000015258789,88.55999755859375,83.5199966430664,88.19999694824219,56517,0.0,0.0
2011-12-12 00:00:00-05:00,87.12000274658203,91.80000305175781,86.4000015258789,91.44000244140625,54200,0.0,0.0
2011-12-13 00:00:00-05:00,92.16000366210938,95.76000213623047,90.36000061035156,90.72000122070312,58578,0.0,0.0
2011-12-14 00:00:00-05:00,90.0,95.4000015258789,72.72000122070312,76.31999969482422,423442,0.0,0.0
2011-12-15 00:00:00-05:00,16.920000076293945,19.440000534057617,16.559999465942383,17.280000686645508,1385097,0.0,0.0
2011-12-16 00:00:00-05:00,18.0,18.0,15.479999542236328,16.200000762939453,327292,0.0,0.0
2011-12-19 00:00:00-05:00,16.200000762939453,16.920000076293945,13.680000305175781,13.680000305175781,334306,0.0,0.0
2011-12-20 00:00:00-05:00,14.399999618530273,15.479999542236328,14.039999961853027,15.119999885559082,252344,0.0,0.0
2011-12-21 00:00:00-05:00,15.119999885559082,18.360000610351562,14.399999618530273,16.200000762939453,407744,0.0,0.0
2011-12-22 00:00:00-05:00,16.920000076293945,17.280000686645508,15.479999542236328,16.200000762939453,169117,0.0,0.0
2011-12-23 00:00:00-05:00,16.559999465942383,17.639999389648438,16.200000762939453,17.280000686645508,127397,0.0,0.0
2011-12-27 00:00:00-05:00,17.280000686645508,19.799999237060547,16.920000076293945,18.719999313354492,230931,0.0,0.0
2011-12-28 00:00:00-05:00,19.079999923706055,19.440000534057617,17.639999389648438,18.0,158722,0.0,0.0
2011-12-29 00:00:00-05:00,18.0,18.360000610351562,17.639999389648438,18.360000610351562,68633,0.0,0.0
2011-12-30 00:00:00-05:00,18.360000610351562,18.360000610351562,18.0,18.0,89814,0.0,0.0
2012-01-03 00:00:00-05:00,18.0,18.719999313354492,16.920000076293945,17.280000686645508,121347,0.0,0.0
2012-01-04 00:00:00-05:00,17.639999389648438,17.639999389648438,17.280000686645508,17.280000686645508,78522,0.0,0.0
2012-01-05 00:00:00-05:00,17.280000686645508,17.639999389648438,15.84000015258789,17.280000686645508,108067,0.0,0.0
2012-01-06 00:00:00-05:00,17.280000686645508,17.639999389648438,16.559999465942383,17.639999389648438,84156,0.0,0.0
2012-01-09 00:00:00-05:00,18.0,19.440000534057617,17.280000686645508,19.440000534057617,206889,0.0,0.0
2012-01-10 00:00:00-05:00,20.520000457763672,21.600000381469727,19.799999237060547,20.520000457763672,208700,0.0,0.0
2012-01-11 00:00:00-05:00,19.440000534057617,19.799999237060547,17.280000686645508,19.079999923706055,170631,0.0,0.0
2012-01-12 00:00:00-05:00,18.360000610351562,18.719999313354492,17.639999389648438,18.719999313354492,87400,0.0,0.0
2012-01-13 00:00:00-05:00,18.360000610351562,19.799999237060547,18.360000610351562,19.440000534057617,106814,0.0,0.0
2012-01-17 00:00:00-05:00,20.8799991607666,24.1200008392334,20.520000457763672,23.760000228881836,352694,0.0,0.0
2012-01-18 00:00:00-05:00,25.559999465942383,27.0,24.1200008392334,24.1200008392334,444775,0.0,0.0
2012-01-19 00:00:00-05:00,22.68000030517578,23.760000228881836,21.959999084472656,23.040000915527344,158231,0.0,0.0
2012-01-20 00:00:00-05:00,22.31999969482422,24.84000015258789,22.31999969482422,24.479999542236328,135681,0.0,0.0
2012-01-23 00:00:00-05:00,25.559999465942383,25.559999465942383,21.959999084472656,22.68000030517578,140794,0.0,0.0
2012-01-24 00:00:00-05:00,23.760000228881836,24.1200008392334,22.31999969482422,23.760000228881836,81939,0.0,0.0
2012-01-25 00:00:00-05:00,24.479999542236328,25.559999465942383,23.040000915527344,24.479999542236328,82864,0.0,0.0
2012-01-26 00:00:00-05:00,24.84000015258789,25.200000762939453,21.959999084472656,23.399999618530273,97400,0.0,0.0
2012-01-27 00:00:00-05:00,23.760000228881836,24.479999542236328,23.040000915527344,23.399999618530273,68489,0.0,0.0
2012-01-30 00:00:00-05:00,23.399999618530273,24.1200008392334,22.31999969482422,23.399999618530273,91283,0.0,0.0
2012-01-31 00:00:00-05:00,24.1200008392334,25.200000762939453,22.68000030517578,23.399999618530273,93550,0.0,0.0
2012-02-01 00:00:00-05:00,23.760000228881836,24.479999542236328,23.040000915527344,24.1200008392334,106044,0.0,0.0
2012-02-02 00:00:00-05:00,24.84000015258789,25.200000762939453,24.1200008392334,24.84000015258789,90589,0.0,0.0
2012-02-03 00:00:00-05:00,24.84000015258789,26.639999389648438,24.1200008392334,26.639999389648438,218158,0.0,0.0
2012-02-06 00:00:00-05:00,27.360000610351562,38.15999984741211,22.68000030517578,37.79999923706055,800075,0.0,0.0
2012-02-07 00:00:00-05:00,36.720001220703125,37.08000183105469,29.8799991607666,30.959999084472656,840250,0.0,0.0
2012-02-08 00:00:00-05:00,30.239999771118164,34.20000076293945,27.360000610351562,30.239999771118164,570772,0.0,0.0
2012-02-09 00:00:00-05:00,33.119998931884766,34.91999816894531,31.31999969482422,32.400001525878906,350525,0.0,0.0
2012-02-10 00:00:00-05:00,32.040000915527344,32.7599983215332,30.600000381469727,30.600000381469727,194442,0.0,0.0
2012-02-13 00:00:00-05:00,32.400001525878906,32.400001525878906,30.239999771118164,30.600000381469727,155733,0.0,0.0
2012-02-14 00:00:00-05:00,29.8799991607666,30.239999771118164,24.479999542236328,27.360000610351562,413169,0.0,0.0
2012-02-15 00:00:00-05:00,43.20000076293945,44.279998779296875,33.47999954223633,34.91999816894531,1444333,0.0,0.0
2012-02-16 00:00:00-05:00,31.68000030517578,32.040000915527344,28.799999237060547,29.520000457763672,506908,0.0,0.0
2012-02-17 00:00:00-05:00,29.8799991607666,30.239999771118164,27.719999313354492,28.440000534057617,187147,0.0,0.0
2012-02-21 00:00:00-05:00,29.15999984741211,29.15999984741211,25.559999465942383,25.559999465942383,266650,0.0,0.0
2012-02-22 00:00:00-05:00,24.479999542236328,28.079999923706055,23.399999618530273,27.360000610351562,291108,0.0,0.0
2012-02-23 00:00:00-05:00,27.360000610351562,28.440000534057617,26.280000686645508,26.639999389648438,133911,0.0,0.0
2012-02-24 00:00:00-05:00,26.280000686645508,27.360000610351562,25.200000762939453,25.559999465942383,122669,0.0,0.0
2012-02-27 00:00:00-05:00,29.520000457763672,34.20000076293945,27.719999313354492,29.15999984741211,903486,0.0,0.0
2012-02-28 00:00:00-05:00,29.8799991607666,30.239999771118164,27.360000610351562,27.719999313354492,277564,0.0,0.0
2012-02-29 00:00:00-05:00,28.079999923706055,29.8799991607666,27.360000610351562,27.719999313354492,205206,0.0,0.0
2012-03-01 00:00:00-05:00,28.440000534057617,28.799999237060547,26.280000686645508,26.280000686645508,193975,0.0,0.0
2012-03-02 00:00:00-05:00,26.280000686645508,28.440000534057617,25.920000076293945,27.360000610351562,139611,0.0,0.0
2012-03-05 00:00:00-05:00,30.239999771118164,30.600000381469727,27.360000610351562,28.079999923706055,203403,0.0,0.0
2012-03-06 00:00:00-05:00,27.719999313354492,27.719999313354492,25.920000076293945,26.639999389648438,162381,0.0,0.0
2012-03-07 00:00:00-05:00,27.719999313354492,27.719999313354492,26.280000686645508,27.0,111061,0.0,0.0
2012-03-08 00:00:00-05:00,27.360000610351562,27.360000610351562,26.280000686645508,27.0,87672,0.0,0.0
2012-03-09 00:00:00-05:00,27.0,27.719999313354492,26.639999389648438,26.639999389648438,77639,0.0,0.0
2012-03-12 00:00:00-04:00,26.280000686645508,27.360000610351562,26.280000686645508,26.639999389648438,47206,0.0,0.0
2012-03-13 00:00:00-04:00,27.0,27.360000610351562,26.639999389648438,27.0,55736,0.0,0.0
2012-03-14 00:00:00-04:00,27.0,27.360000610351562,26.280000686645508,26.639999389648438,90481,0.0,0.0
2012-03-15 00:00:00-04:00,26.639999389648438,27.0,25.920000076293945,25.920000076293945,75878,0.0,0.0
2012-03-16 00:00:00-04:00,25.920000076293945,26.280000686645508,25.559999465942383,25.920000076293945,82342,0.0,0.0
2012-03-19 00:00:00-04:00,25.920000076293945,25.920000076293945,25.200000762939453,25.200000762939453,75594,0.0,0.0
2012-03-20 00:00:00-04:00,27.360000610351562,27.719999313354492,25.920000076293945,26.639999389648438,133603,0.0,0.0
2012-03-21 00:00:00-04:00,26.639999389648438,27.0,25.920000076293945,26.280000686645508,50892,0.0,0.0
2012-03-22 00:00:00-04:00,25.559999465942383,26.639999389648438,25.200000762939453,25.920000076293945,37203,0.0,0.0
2012-03-23 00:00:00-04:00,25.920000076293945,26.280000686645508,25.559999465942383,25.920000076293945,42742,0.0,0.0
2012-03-26 00:00:00-04:00,25.559999465942383,26.639999389648438,25.200000762939453,25.559999465942383,67025,0.0,0.0
2012-03-27 00:00:00-04:00,25.559999465942383,26.280000686645508,25.559999465942383,25.559999465942383,42628,0.0,0.0
2012-03-28 00:00:00-04:00,25.559999465942383,25.920000076293945,25.200000762939453,25.559999465942383,44556,0.0,0.0
2012-03-29 00:00:00-04:00,25.559999465942383,25.559999465942383,24.479999542236328,25.200000762939453,81025,0.0,0.0
2012-03-30 00:00:00-04:00,25.200000762939453,25.200000762939453,24.479999542236328,24.479999542236328,57975,0.0,0.0
2012-04-02 00:00:00-04:00,24.479999542236328,27.0,24.1200008392334,27.0,137739,0.0,0.0
2012-04-03 00:00:00-04:00,27.0,27.360000610351562,25.200000762939453,26.280000686645508,71794,0.0,0.0
2012-04-04 00:00:00-04:00,25.920000076293945,25.920000076293945,24.84000015258789,25.200000762939453,52144,0.0,0.0
2012-04-05 00:00:00-04:00,24.84000015258789,25.200000762939453,23.760000228881836,24.479999542236328,57081,0.0,0.0
2012-04-09 00:00:00-04:00,23.760000228881836,24.479999542236328,23.760000228881836,24.1200008392334,40108,0.0,0.0
2012-04-10 00:00:00-04:00,24.1200008392334,24.479999542236328,21.239999771118164,21.600000381469727,113342,0.0,0.0
2012-04-11 00:00:00-04:00,21.959999084472656,22.68000030517578,20.520000457763672,20.8799991607666,54625,0.0,0.0
2012-04-12 00:00:00-04:00,20.520000457763672,22.31999969482422,20.520000457763672,21.959999084472656,57253,0.0,0.0
2012-04-13 00:00:00-04:00,21.959999084472656,22.31999969482422,20.8799991607666,21.239999771118164,34603,0.0,0.0
2012-04-16 00:00:00-04:00,21.239999771118164,21.600000381469727,19.440000534057617,20.15999984741211,43347,0.0,0.0
2012-04-17 00:00:00-04:00,20.520000457763672,21.959999084472656,20.15999984741211,21.600000381469727,57997,0.0,0.0
2012-04-18 00:00:00-04:00,21.239999771118164,21.600000381469727,20.520000457763672,20.520000457763672,38164,0.0,0.0
2012-04-19 00:00:00-04:00,20.520000457763672,21.959999084472656,20.520000457763672,21.959999084472656,44508,0.0,0.0
2012-04-20 00:00:00-04:00,22.68000030517578,22.68000030517578,20.8799991607666,21.239999771118164,63125,0.0,0.0
2012-04-23 00:00:00-04:00,20.520000457763672,20.8799991607666,20.15999984741211,20.520000457763672,34700,0.0,0.0
2012-04-24 00:00:00-04:00,20.520000457763672,20.8799991607666,18.360000610351562,19.440000534057617,89042,0.0,0.0
2012-04-25 00:00:00-04:00,19.440000534057617,20.15999984741211,18.719999313354492,19.079999923706055,45025,0.0,0.0
2012-04-26 00:00:00-04:00,19.079999923706055,19.440000534057617,19.079999923706055,19.079999923706055,24928,0.0,0.0
2012-04-27 00:00:00-04:00,19.079999923706055,20.15999984741211,18.719999313354492,20.15999984741211,47464,0.0,0.0
2012-04-30 00:00:00-04:00,20.8799991607666,20.8799991607666,19.440000534057617,19.799999237060547,36700,0.0,0.0
2012-05-01 00:00:00-04:00,20.15999984741211,20.8799991607666,19.440000534057617,19.440000534057617,54167,0.0,0.0
2012-05-02 00:00:00-04:00,19.440000534057617,19.799999237060547,19.079999923706055,19.079999923706055,24769,0.0,0.0
2012-05-03 00:00:00-04:00,19.079999923706055,19.799999237060547,18.0,18.360000610351562,41492,0.0,0.0
2012-05-04 00:00:00-04:00,18.0,19.079999923706055,18.0,18.719999313354492,46942,0.0,0.0
2012-05-07 00:00:00-04:00,18.360000610351562,19.079999923706055,18.0,18.719999313354492,41214,0.0,0.0
2012-05-08 00:00:00-04:00,18.719999313354492,19.079999923706055,17.639999389648438,18.360000610351562,41456,0.0,0.0
2012-05-09 00:00:00-04:00,17.639999389648438,17.639999389648438,15.479999542236328,15.84000015258789,100497,0.0,0.0
2012-05-10 00:00:00-04:00,15.84000015258789,16.559999465942383,14.760000228881836,15.119999885559082,38417,0.0,0.0
2012-05-11 00:00:00-04:00,15.119999885559082,16.200000762939453,15.119999885559082,16.200000762939453,72772,0.0,0.0
2012-05-14 00:00:00-04:00,16.200000762939453,16.200000762939453,15.119999885559082,15.119999885559082,58392,0.0,0.0
2012-05-15 00:00:00-04:00,14.760000228881836,15.119999885559082,14.399999618530273,14.399999618530273,74444,0.0,0.0
2012-05-16 00:00:00-04:00,14.399999618530273,15.119999885559082,14.399999618530273,14.399999618530273,51728,0.0,0.0
2012-05-17 00:00:00-04:00,14.399999618530273,14.399999618530273,12.960000038146973,13.680000305175781,92158,0.0,0.0
2012-05-18 00:00:00-04:00,13.319999694824219,13.319999694824219,12.239999771118164,12.239999771118164,131475,0.0,0.0
2012-05-21 00:00:00-04:00,12.600000381469727,19.440000534057617,12.600000381469727,19.079999923706055,291197,0.0,0.0
2012-05-22 00:00:00-04:00,18.719999313354492,21.959999084472656,16.200000762939453,16.559999465942383,263775,0.0,0.0
2012-05-23 00:00:00-04:00,16.200000762939453,20.15999984741211,15.479999542236328,19.079999923706055,153231,0.0,0.0
2012-05-24 00:00:00-04:00,19.079999923706055,20.520000457763672,18.0,18.719999313354492,80436,0.0,0.0
2012-05-25 00:00:00-04:00,18.719999313354492,19.440000534057617,18.0,18.719999313354492,46072,0.0,0.0
2012-05-29 00:00:00-04:00,18.719999313354492,19.440000534057617,17.280000686645508,18.0,64575,0.0,0.0
2012-05-30 00:00:00-04:00,17.280000686645508,18.719999313354492,16.200000762939453,16.200000762939453,74072,0.0,0.0
2012-05-31 00:00:00-04:00,16.200000762939453,16.920000076293945,14.399999618530273,16.559999465942383,66322,0.0,0.0
2012-06-01 00:00:00-04:00,14.399999618530273,15.119999885559082,12.960000038146973,14.039999961853027,21908,0.0,0.0
2012-06-04 00:00:00-04:00,13.199999809265137,16.5,12.0600004196167,16.3799991607666,142500,0.0,0.16666666666666666
2012-06-05 00:00:00-04:00,16.440000534057617,20.700000762939453,16.440000534057617,16.799999237060547,403200,0.0,0.0
2012-06-06 00:00:00-04:00,16.860000610351562,18.600000381469727,16.020000457763672,16.799999237060547,231900,0.0,0.0
2012-06-07 00:00:00-04:00,16.920000076293945,17.579999923706055,15.300000190734863,15.600000381469727,132150,0.0,0.0
2012-06-08 00:00:00-04:00,15.359999656677246,16.440000534057617,14.9399995803833,15.359999656677246,75400,0.0,0.0
2012-06-11 00:00:00-04:00,15.600000381469727,16.200000762939453,13.739999771118164,14.15999984741211,144617,0.0,0.0
2012-06-12 00:00:00-04:00,14.15999984741211,14.15999984741211,12.600000381469727,13.5,111033,0.0,0.0
2012-06-13 00:00:00-04:00,13.380000114440918,13.739999771118164,12.65999984741211,12.720000267028809,59167,0.0,0.0
2012-06-14 00:00:00-04:00,12.600000381469727,13.979999542236328,12.0,13.979999542236328,172517,0.0,0.0
2012-06-15 00:00:00-04:00,14.100000381469727,16.799999237060547,14.100000381469727,16.200000762939453,362383,0.0,0.0
2012-06-18 00:00:00-04:00,15.960000038146973,16.079999923706055,14.100000381469727,14.880000114440918,146100,0.0,0.0
2012-06-19 00:00:00-04:00,14.819999694824219,16.799999237060547,14.399999618530273,16.68000030517578,161000,0.0,0.0
2012-06-20 00:00:00-04:00,16.799999237060547,17.639999389648438,15.300000190734863,15.479999542236328,146517,0.0,0.0
2012-06-21 00:00:00-04:00,15.420000076293945,16.5,15.119999885559082,16.139999389648438,106350,0.0,0.0
2012-06-22 00:00:00-04:00,16.260000228881836,16.440000534057617,15.0,15.84000015258789,488333,0.0,0.0
2012-06-25 00:00:00-04:00,15.539999961853027,15.84000015258789,15.180000305175781,15.600000381469727,45467,0.0,0.0
2012-06-26 00:00:00-04:00,15.779999732971191,15.779999732971191,15.180000305175781,15.300000190734863,33783,0.0,0.0
2012-06-27 00:00:00-04:00,15.600000381469727,16.020000457763672,14.880000114440918,15.960000038146973,59500,0.0,0.0
2012-06-28 00:00:00-04:00,15.899999618530273,16.139999389648438,15.119999885559082,15.479999542236328,38833,0.0,0.0
2012-06-29 00:00:00-04:00,15.84000015258789,15.84000015258789,15.180000305175781,15.300000190734863,39517,0.0,0.0
2012-07-02 00:00:00-04:00,15.239999771118164,15.720000267028809,13.680000305175781,14.039999961853027,135917,0.0,0.0
2012-07-03 00:00:00-04:00,13.979999542236328,14.279999732971191,13.619999885559082,13.979999542236328,46650,0.0,0.0
2012-07-05 00:00:00-04:00,14.100000381469727,14.100000381469727,12.720000267028809,13.079999923706055,262567,0.0,0.0
2012-07-06 00:00:00-04:00,13.079999923706055,13.800000190734863,12.84000015258789,12.84000015258789,104850,0.0,0.0
2012-07-09 00:00:00-04:00,13.079999923706055,13.079999923706055,12.119999885559082,12.359999656677246,195983,0.0,0.0
2012-07-10 00:00:00-04:00,12.65999984741211,13.4399995803833,12.180000305175781,12.600000381469727,227083,0.0,0.0
2012-07-11 00:00:00-04:00,12.479999542236328,12.720000267028809,12.0600004196167,12.359999656677246,92017,0.0,0.0
2012-07-12 00:00:00-04:00,12.479999542236328,12.539999961853027,11.760000228881836,12.0600004196167,116667,0.0,0.0
2012-07-13 00:00:00-04:00,12.180000305175781,12.65999984741211,11.760000228881836,12.300000190734863,129250,0.0,0.0
2012-07-16 00:00:00-04:00,12.359999656677246,12.420000076293945,11.880000114440918,12.119999885559082,48567,0.0,0.0
2012-07-17 00:00:00-04:00,12.0,12.0,9.899999618530273,10.5600004196167,301567,0.0,0.0
2012-07-18 00:00:00-04:00,10.5600004196167,10.5600004196167,9.899999618530273,9.899999618530273,108767,0.0,0.0
2012-07-19 00:00:00-04:00,9.899999618530273,10.140000343322754,9.600000381469727,9.600000381469727,105733,0.0,0.0
2012-07-20 00:00:00-04:00,9.65999984741211,9.779999732971191,9.0600004196167,9.720000267028809,161483,0.0,0.0
2012-07-23 00:00:00-04:00,9.600000381469727,9.600000381469727,9.119999885559082,9.180000305175781,57767,0.0,0.0
2012-07-24 00:00:00-04:00,9.239999771118164,9.600000381469727,9.119999885559082,9.239999771118164,87100,0.0,0.0
2012-07-25 00:00:00-04:00,9.180000305175781,9.359999656677246,9.0600004196167,9.300000190734863,81433,0.0,0.0
2012-07-26 00:00:00-04:00,9.420000076293945,9.960000038146973,8.760000228881836,9.0600004196167,122550,0.0,0.0
2012-07-27 00:00:00-04:00,9.180000305175781,9.300000190734863,8.880000114440918,9.239999771118164,64250,0.0,0.0
2012-07-30 00:00:00-04:00,9.420000076293945,9.420000076293945,8.880000114440918,9.0,42300,0.0,0.0
2012-07-31 00:00:00-04:00,9.0,9.119999885559082,8.880000114440918,8.880000114440918,30617,0.0,0.0
2012-08-01 00:00:00-04:00,9.0600004196167,9.0600004196167,8.15999984741211,8.15999984741211,65950,0.0,0.0
2012-08-02 00:00:00-04:00,7.860000133514404,8.039999961853027,7.260000228881836,7.5,149117,0.0,0.0
2012-08-03 00:00:00-04:00,7.679999828338623,7.739999771118164,7.5,7.5,60517,0.0,0.0
2012-08-06 00:00:00-04:00,7.559999942779541,9.720000267028809,7.380000114440918,9.180000305175781,205200,0.0,0.0
2012-08-07 00:00:00-04:00,9.119999885559082,9.479999542236328,8.880000114440918,9.0,227133,0.0,0.0
2012-08-08 00:00:00-04:00,8.880000114440918,8.9399995803833,7.440000057220459,7.559999942779541,202317,0.0,0.0
2012-08-09 00:00:00-04:00,7.559999942779541,7.679999828338623,7.440000057220459,7.679999828338623,103133,0.0,0.0
2012-08-10 00:00:00-04:00,8.279999732971191,8.279999732971191,7.559999942779541,8.279999732971191,72467,0.0,0.0
2012-08-13 00:00:00-04:00,8.220000267028809,8.699999809265137,8.15999984741211,8.640000343322754,106100,0.0,0.0
2012-08-14 00:00:00-04:00,8.640000343322754,9.0,8.100000381469727,8.34000015258789,50833,0.0,0.0
2012-08-15 00:00:00-04:00,8.220000267028809,8.520000457763672,8.100000381469727,8.460000038146973,35017,0.0,0.0
2012-08-16 00:00:00-04:00,8.9399995803833,9.479999542236328,8.279999732971191,9.300000190734863,202100,0.0,0.0
2012-08-17 00:00:00-04:00,9.420000076293945,9.479999542236328,8.399999618530273,8.699999809265137,203333,0.0,0.0
2012-08-20 00:00:00-04:00,8.699999809265137,9.0,8.399999618530273,8.699999809265137,101950,0.0,0.0
2012-08-21 00:00:00-04:00,8.819999694824219,8.819999694824219,8.640000343322754,8.819999694824219,59217,0.0,0.0
2012-08-22 00:00:00-04:00,8.760000228881836,8.760000228881836,8.579999923706055,8.699999809265137,34567,0.0,0.0
2012-08-23 00:00:00-04:00,8.579999923706055,9.0,8.520000457763672,9.0,73000,0.0,0.0
2012-08-24 00:00:00-04:00,9.119999885559082,9.119999885559082,8.699999809265137,8.880000114440918,35433,0.0,0.0
2012-08-27 00:00:00-04:00,9.300000190734863,9.600000381469727,8.460000038146973,9.300000190734863,293383,0.0,0.0
2012-08-28 00:00:00-04:00,9.420000076293945,9.539999961853027,9.0,9.0600004196167,89633,0.0,0.0
2012-08-29 00:00:00-04:00,9.239999771118164,9.239999771118164,8.880000114440918,8.880000114440918,28600,0.0,0.0
2012-08-30 00:00:00-04:00,9.0,9.180000305175781,8.819999694824219,8.819999694824219,46750,0.0,0.0
2012-08-31 00:00:00-04:00,9.0,9.239999771118164,8.760000228881836,8.880000114440918,61700,0.0,0.0
2012-09-04 00:00:00-04:00,9.119999885559082,10.079999923706055,9.119999885559082,9.720000267028809,451933,0.0,0.0
2012-09-05 00:00:00-04:00,9.600000381469727,9.600000381469727,8.34000015258789,8.399999618530273,297317,0.0,0.0
2012-09-06 00:00:00-04:00,8.399999618530273,8.640000343322754,8.039999961853027,8.15999984741211,139683,0.0,0.0
2012-09-07 00:00:00-04:00,8.399999618530273,8.399999618530273,8.039999961853027,8.399999618530273,73917,0.0,0.0
2012-09-10 00:00:00-04:00,8.579999923706055,8.699999809265137,8.34000015258789,8.34000015258789,66967,0.0,0.0
2012-09-11 00:00:00-04:00,8.279999732971191,8.640000343322754,8.100000381469727,8.399999618530273,94017,0.0,0.0
2012-09-12 00:00:00-04:00,8.34000015258789,8.640000343322754,8.100000381469727,8.399999618530273,51300,0.0,0.0
2012-09-13 00:00:00-04:00,8.279999732971191,8.699999809265137,8.279999732971191,8.579999923706055,76567,0.0,0.0
2012-09-14 00:00:00-04:00,8.520000457763672,9.300000190734863,8.34000015258789,9.180000305175781,204917,0.0,0.0
2012-09-17 00:00:00-04:00,9.239999771118164,11.34000015258789,9.180000305175781,11.220000267028809,618050,0.0,0.0
2012-09-18 00:00:00-04:00,11.579999923706055,13.199999809265137,11.460000038146973,12.119999885559082,930667,0.0,0.0
2012-09-19 00:00:00-04:00,12.300000190734863,12.720000267028809,10.800000190734863,11.100000381469727,405067,0.0,0.0
2012-09-20 00:00:00-04:00,11.100000381469727,11.15999984741211,10.079999923706055,10.079999923706055,294467,0.0,0.0
2012-09-21 00:00:00-04:00,10.260000228881836,11.699999809265137,10.260000228881836,11.699999809265137,355150,0.0,0.0
2012-09-24 00:00:00-04:00,11.699999809265137,11.699999809265137,10.920000076293945,11.579999923706055,198550,0.0,0.0
2012-09-25 00:00:00-04:00,11.640000343322754,12.600000381469727,11.460000038146973,11.579999923706055,412283,0.0,0.0
2012-09-26 00:00:00-04:00,11.640000343322754,11.699999809265137,10.619999885559082,10.859999656677246,170083,0.0,0.0
2012-09-27 00:00:00-04:00,11.039999961853027,11.34000015258789,10.739999771118164,11.100000381469727,96183,0.0,0.0
2012-09-28 00:00:00-04:00,11.100000381469727,11.819999694824219,11.100000381469727,11.34000015258789,177367,0.0,0.0
2012-10-01 00:00:00-04:00,11.640000343322754,11.819999694824219,10.920000076293945,11.220000267028809,97767,0.0,0.0
2012-10-02 00:00:00-04:00,11.520000457763672,11.520000457763672,10.619999885559082,10.979999542236328,95050,0.0,0.0
2012-10-03 00:00:00-04:00,11.220000267028809,11.220000267028809,10.5,10.800000190734863,63200,0.0,0.0
2012-10-04 00:00:00-04:00,11.34000015258789,11.34000015258789,8.699999809265137,9.600000381469727,444733,0.0,0.0
2012-10-05 00:00:00-04:00,9.420000076293945,9.420000076293945,8.760000228881836,9.0,246350,0.0,0.0
2012-10-08 00:00:00-04:00,9.0,9.0600004196167,8.819999694824219,9.0,57317,0.0,0.0
2012-10-09 00:00:00-04:00,9.0,9.0,8.579999923706055,8.640000343322754,88683,0.0,0.0
2012-10-10 00:00:00-04:00,8.520000457763672,8.520000457763672,8.100000381469727,8.279999732971191,149933,0.0,0.0
2012-10-11 00:00:00-04:00,8.460000038146973,8.880000114440918,8.34000015258789,8.819999694824219,87417,0.0,0.0
2012-10-12 00:00:00-04:00,8.760000228881836,8.760000228881836,8.279999732971191,8.34000015258789,45067,0.0,0.0
2012-10-15 00:00:00-04:00,8.15999984741211,8.399999618530273,7.980000019073486,8.220000267028809,102067,0.0,0.0
2012-10-16 00:00:00-04:00,8.399999618530273,8.640000343322754,8.220000267028809,8.640000343322754,86283,0.0,0.0
2012-10-17 00:00:00-04:00,8.760000228881836,9.119999885559082,8.460000038146973,8.699999809265137,108900,0.0,0.0
2012-10-18 00:00:00-04:00,8.579999923706055,8.760000228881836,8.34000015258789,8.399999618530273,34717,0.0,0.0
2012-10-19 00:00:00-04:00,8.279999732971191,8.279999732971191,7.980000019073486,8.039999961853027,89250,0.0,0.0
2012-10-22 00:00:00-04:00,8.039999961853027,8.15999984741211,7.920000076293945,7.920000076293945,28300,0.0,0.0
2012-10-23 00:00:00-04:00,7.920000076293945,7.980000019073486,7.679999828338623,7.800000190734863,42067,0.0,0.0
2012-10-24 00:00:00-04:00,7.800000190734863,8.279999732971191,7.380000114440918,7.5,136817,0.0,0.0
2012-10-25 00:00:00-04:00,7.5,7.559999942779541,7.380000114440918,7.380000114440918,59267,0.0,0.0
2012-10-26 00:00:00-04:00,7.380000114440918,8.100000381469727,7.380000114440918,7.800000190734863,112317,0.0,0.0
2012-10-31 00:00:00-04:00,7.619999885559082,7.860000133514404,7.380000114440918,7.380000114440918,62033,0.0,0.0
2012-11-01 00:00:00-04:00,7.5,7.739999771118164,7.440000057220459,7.559999942779541,47400,0.0,0.0
2012-11-02 00:00:00-04:00,7.619999885559082,7.860000133514404,7.5,7.559999942779541,35233,0.0,0.0
2012-11-05 00:00:00-05:00,7.559999942779541,7.739999771118164,7.380000114440918,7.5,29417,0.0,0.0
2012-11-06 00:00:00-05:00,7.5,7.800000190734863,7.380000114440918,7.5,31133,0.0,0.0
2012-11-07 00:00:00-05:00,7.440000057220459,7.559999942779541,7.260000228881836,7.260000228881836,48833,0.0,0.0
2012-11-08 00:00:00-05:00,7.320000171661377,7.380000114440918,6.71999979019165,6.840000152587891,81333,0.0,0.0
2012-11-09 00:00:00-05:00,6.900000095367432,7.320000171661377,6.840000152587891,7.199999809265137,46633,0.0,0.0
2012-11-12 00:00:00-05:00,7.199999809265137,7.260000228881836,6.480000019073486,7.139999866485596,48700,0.0,0.0
2012-11-13 00:00:00-05:00,7.139999866485596,7.139999866485596,6.900000095367432,7.019999980926514,18450,0.0,0.0
2012-11-14 00:00:00-05:00,6.960000038146973,7.079999923706055,6.900000095367432,7.019999980926514,29683,0.0,0.0
2012-11-15 00:00:00-05:00,7.019999980926514,7.380000114440918,6.659999847412109,7.199999809265137,75083,0.0,0.0
2012-11-16 00:00:00-05:00,7.260000228881836,7.380000114440918,6.659999847412109,7.139999866485596,56817,0.0,0.0
2012-11-19 00:00:00-05:00,7.199999809265137,7.199999809265137,6.71999979019165,7.079999923706055,33400,0.0,0.0
2012-11-20 00:00:00-05:00,6.960000038146973,7.199999809265137,6.78000020980835,7.199999809265137,28717,0.0,0.0
2012-11-21 00:00:00-05:00,7.260000228881836,7.260000228881836,6.840000152587891,7.199999809265137,58100,0.0,0.0
2012-11-23 00:00:00-05:00,7.139999866485596,7.5,6.960000038146973,7.380000114440918,33483,0.0,0.0
2012-11-26 00:00:00-05:00,7.320000171661377,7.800000190734863,7.139999866485596,7.679999828338623,72450,0.0,0.0
2012-11-27 00:00:00-05:00,7.679999828338623,8.279999732971191,7.5,7.860000133514404,110017,0.0,0.0
2012-11-28 00:00:00-05:00,7.920000076293945,8.100000381469727,7.559999942779541,7.920000076293945,47800,0.0,0.0
2012-11-29 00:00:00-05:00,7.920000076293945,8.220000267028809,7.559999942779541,8.039999961853027,58283,0.0,0.0
2012-11-30 00:00:00-05:00,8.220000267028809,8.399999618530273,7.980000019073486,8.100000381469727,87633,0.0,0.0
2012-12-03 00:00:00-05:00,8.100000381469727,9.0600004196167,8.100000381469727,8.699999809265137,194533,0.0,0.0
2012-12-04 00:00:00-05:00,8.579999923706055,8.880000114440918,8.15999984741211,8.520000457763672,70500,0.0,0.0
2012-12-05 00:00:00-05:00,8.520000457763672,8.819999694824219,8.460000038146973,8.640000343322754,44300,0.0,0.0
2012-12-06 00:00:00-05:00,8.520000457763672,9.479999542236328,8.520000457763672,9.119999885559082,166700,0.0,0.0
2012-12-07 00:00:00-05:00,9.180000305175781,9.600000381469727,9.0600004196167,9.119999885559082,99633,0.0,0.0
2012-12-10 00:00:00-05:00,9.180000305175781,10.079999923706055,9.0600004196167,9.84000015258789,142883,0.0,0.0
2012-12-11 00:00:00-05:00,9.899999618530273,10.199999809265137,9.119999885559082,9.119999885559082,147200,0.0,0.0
2012-12-12 00:00:00-05:00,9.119999885559082,9.600000381469727,9.119999885559082,9.239999771118164,71667,0.0,0.0
2012-12-13 00:00:00-05:00,9.180000305175781,9.779999732971191,9.180000305175781,9.359999656677246,59217,0.0,0.0
2012-12-14 00:00:00-05:00,9.359999656677246,9.539999961853027,9.180000305175781,9.420000076293945,39150,0.0,0.0
2012-12-17 00:00:00-05:00,9.300000190734863,9.720000267028809,9.180000305175781,9.239999771118164,63667,0.0,0.0
2012-12-18 00:00:00-05:00,9.359999656677246,9.479999542236328,9.180000305175781,9.180000305175781,49033,0.0,0.0
2012-12-19 00:00:00-05:00,9.300000190734863,9.300000190734863,7.679999828338623,7.860000133514404,337667,0.0,0.0
2012-12-20 00:00:00-05:00,7.860000133514404,8.039999961853027,7.5,7.619999885559082,129900,0.0,0.0
2012-12-21 00:00:00-05:00,7.619999885559082,8.100000381469727,7.440000057220459,7.800000190734863,125217,0.0,0.0
2012-12-24 00:00:00-05:00,7.980000019073486,8.039999961853027,7.199999809265137,7.5,46017,0.0,0.0
2012-12-26 00:00:00-05:00,7.619999885559082,7.800000190734863,7.440000057220459,7.739999771118164,50317,0.0,0.0
2012-12-27 00:00:00-05:00,7.679999828338623,7.800000190734863,7.5,7.559999942779541,34700,0.0,0.0
2012-12-28 00:00:00-05:00,7.559999942779541,7.619999885559082,7.440000057220459,7.5,45333,0.0,0.0
2012-12-31 00:00:00-05:00,7.440000057220459,7.440000057220459,7.320000171661377,7.380000114440918,66033,0.0,0.0
2013-01-02 00:00:00-05:00,7.5,7.860000133514404,7.5,7.860000133514404,81333,0.0,0.0
2013-01-03 00:00:00-05:00,7.860000133514404,7.980000019073486,7.679999828338623,7.800000190734863,63550,0.0,0.0
2013-01-04 00:00:00-05:00,7.800000190734863,7.920000076293945,7.679999828338623,7.739999771118164,45200,0.0,0.0
2013-01-07 00:00:00-05:00,7.739999771118164,7.860000133514404,7.559999942779541,7.739999771118164,77683,0.0,0.0
2013-01-08 00:00:00-05:00,7.860000133514404,8.880000114440918,7.800000190734863,8.579999923706055,254217,0.0,0.0
2013-01-09 00:00:00-05:00,8.520000457763672,8.520000457763672,8.100000381469727,8.34000015258789,74467,0.0,0.0
2013-01-10 00:00:00-05:00,8.460000038146973,8.579999923706055,8.15999984741211,8.220000267028809,62433,0.0,0.0
2013-01-11 00:00:00-05:00,8.220000267028809,8.520000457763672,8.039999961853027,8.520000457763672,71950,0.0,0.0
2013-01-14 00:00:00-05:00,8.399999618530273,8.399999618530273,8.100000381469727,8.220000267028809,42617,0.0,0.0
2013-01-15 00:00:00-05:00,8.15999984741211,8.220000267028809,8.039999961853027,8.15999984741211,51983,0.0,0.0
2013-01-16 00:00:00-05:00,8.039999961853027,8.100000381469727,7.860000133514404,7.980000019073486,50417,0.0,0.0
2013-01-17 00:00:00-05:00,7.980000019073486,8.039999961853027,7.739999771118164,7.800000190734863,58017,0.0,0.0
2013-01-18 00:00:00-05:00,7.980000019073486,7.980000019073486,7.440000057220459,7.559999942779541,167433,0.0,0.0
2013-01-22 00:00:00-05:00,7.619999885559082,7.679999828338623,7.260000228881836,7.559999942779541,98967,0.0,0.0
2013-01-23 00:00:00-05:00,7.5,7.619999885559082,7.320000171661377,7.619999885559082,111733,0.0,0.0
2013-01-24 00:00:00-05:00,7.619999885559082,7.619999885559082,7.320000171661377,7.440000057220459,50333,0.0,0.0
2013-01-25 00:00:00-05:00,7.559999942779541,7.559999942779541,7.320000171661377,7.320000171661377,48133,0.0,0.0
2013-01-28 00:00:00-05:00,7.440000057220459,7.679999828338623,7.320000171661377,7.679999828338623,70783,0.0,0.0
2013-01-29 00:00:00-05:00,7.679999828338623,8.34000015258789,7.5,8.220000267028809,250733,0.0,0.0
2013-01-30 00:00:00-05:00,8.220000267028809,9.119999885559082,8.220000267028809,8.699999809265137,317917,0.0,0.0
2013-01-31 00:00:00-05:00,8.640000343322754,8.640000343322754,7.860000133514404,8.34000015258789,131367,0.0,0.0
2013-02-01 00:00:00-05:00,8.520000457763672,8.699999809265137,8.100000381469727,8.579999923706055,66783,0.0,0.0
2013-02-04 00:00:00-05:00,8.520000457763672,8.520000457763672,8.100000381469727,8.15999984741211,72600,0.0,0.0
2013-02-05 00:00:00-05:00,8.100000381469727,8.460000038146973,7.800000190734863,8.34000015258789,87100,0.0,0.0
2013-02-06 00:00:00-05:00,8.579999923706055,8.579999923706055,8.100000381469727,8.15999984741211,35367,0.0,0.0
2013-02-07 00:00:00-05:00,8.15999984741211,8.279999732971191,7.920000076293945,7.980000019073486,56050,0.0,0.0
2013-02-08 00:00:00-05:00,8.100000381469727,8.220000267028809,7.860000133514404,8.100000381469727,36583,0.0,0.0
2013-02-11 00:00:00-05:00,8.100000381469727,8.640000343322754,8.100000381469727,8.579999923706055,132917,0.0,0.0
2013-02-12 00:00:00-05:00,8.579999923706055,8.819999694824219,8.34000015258789,8.640000343322754,106700,0.0,0.0
2013-02-13 00:00:00-05:00,8.640000343322754,8.699999809265137,8.279999732971191,8.34000015258789,32083,0.0,0.0
2013-02-14 00:00:00-05:00,8.399999618530273,8.399999618530273,8.100000381469727,8.220000267028809,28767,0.0,0.0
2013-02-15 00:00:00-05:00,8.279999732971191,8.279999732971191,8.100000381469727,8.279999732971191,44400,0.0,0.0
2013-02-19 00:00:00-05:00,8.460000038146973,8.9399995803833,8.220000267028809,8.9399995803833,82867,0.0,0.0
2013-02-20 00:00:00-05:00,9.0,9.479999542236328,8.34000015258789,8.579999923706055,111667,0.0,0.0
2013-02-21 00:00:00-05:00,8.579999923706055,9.119999885559082,8.220000267028809,8.579999923706055,67117,0.0,0.0
2013-02-22 00:00:00-05:00,8.699999809265137,8.699999809265137,8.279999732971191,8.399999618530273,32200,0.0,0.0
2013-02-25 00:00:00-05:00,8.399999618530273,8.399999618530273,7.980000019073486,8.039999961853027,60417,0.0,0.0
2013-02-26 00:00:00-05:00,8.220000267028809,8.279999732971191,7.800000190734863,7.800000190734863,50917,0.0,0.0
2013-02-27 00:00:00-05:00,7.800000190734863,8.039999961853027,7.800000190734863,7.860000133514404,22683,0.0,0.0
2013-02-28 00:00:00-05:00,7.800000190734863,8.039999961853027,7.679999828338623,7.860000133514404,32833,0.0,0.0
2013-03-01 00:00:00-05:00,8.15999984741211,8.15999984741211,7.800000190734863,7.860000133514404,38600,0.0,0.0
2013-03-04 00:00:00-05:00,7.800000190734863,7.920000076293945,7.679999828338623,7.679999828338623,30367,0.0,0.0
2013-03-05 00:00:00-05:00,7.800000190734863,7.800000190734863,7.559999942779541,7.559999942779541,49750,0.0,0.0
2013-03-06 00:00:00-05:00,7.559999942779541,7.679999828338623,7.199999809265137,7.320000171661377,79083,0.0,0.0
2013-03-07 00:00:00-05:00,7.440000057220459,7.619999885559082,7.380000114440918,7.5,41967,0.0,0.0
2013-03-08 00:00:00-05:00,7.679999828338623,8.039999961853027,7.5,7.800000190734863,93050,0.0,0.0
2013-03-11 00:00:00-04:00,7.739999771118164,7.860000133514404,7.619999885559082,7.739999771118164,34650,0.0,0.0
2013-03-12 00:00:00-04:00,7.679999828338623,7.920000076293945,7.559999942779541,7.800000190734863,26617,0.0,0.0
2013-03-13 00:00:00-04:00,7.860000133514404,7.860000133514404,7.619999885559082,7.800000190734863,16583,0.0,0.0
2013-03-14 00:00:00-04:00,7.739999771118164,7.800000190734863,7.619999885559082,7.679999828338623,25717,0.0,0.0
2013-03-15 00:00:00-04:00,7.739999771118164,7.800000190734863,7.559999942779541,7.800000190734863,29817,0.0,0.0
2013-03-18 00:00:00-04:00,7.800000190734863,7.800000190734863,7.559999942779541,7.739999771118164,25667,0.0,0.0
2013-03-19 00:00:00-04:00,7.559999942779541,7.679999828338623,7.320000171661377,7.380000114440918,79917,0.0,0.0
2013-03-20 00:00:00-04:00,7.380000114440918,7.380000114440918,7.320000171661377,7.320000171661377,19533,0.0,0.0
2013-03-21 00:00:00-04:00,7.260000228881836,7.5,7.260000228881836,7.260000228881836,43650,0.0,0.0
2013-03-22 00:00:00-04:00,7.260000228881836,7.440000057220459,7.260000228881836,7.440000057220459,33467,0.0,0.0
2013-03-25 00:00:00-04:00,7.559999942779541,7.559999942779541,7.199999809265137,7.320000171661377,25817,0.0,0.0
2013-03-26 00:00:00-04:00,7.320000171661377,7.440000057220459,7.199999809265137,7.320000171661377,23250,0.0,0.0
2013-03-27 00:00:00-04:00,7.260000228881836,7.260000228881836,6.900000095367432,7.079999923706055,42500,0.0,0.0
2013-03-28 00:00:00-04:00,7.139999866485596,7.139999866485596,6.599999904632568,7.019999980926514,41233,0.0,0.0
2013-04-01 00:00:00-04:00,6.900000095367432,7.199999809265137,6.71999979019165,7.199999809265137,36633,0.0,0.0
2013-04-02 00:00:00-04:00,7.139999866485596,7.320000171661377,7.019999980926514,7.199999809265137,13600,0.0,0.0
2013-04-03 00:00:00-04:00,7.139999866485596,7.260000228881836,6.840000152587891,6.960000038146973,14083,0.0,0.0
2013-04-04 00:00:00-04:00,6.900000095367432,7.079999923706055,6.840000152587891,7.079999923706055,10117,0.0,0.0
2013-04-05 00:00:00-04:00,6.960000038146973,7.079999923706055,6.900000095367432,6.960000038146973,14483,0.0,0.0
2013-04-08 00:00:00-04:00,6.900000095367432,7.079999923706055,6.900000095367432,7.079999923706055,15033,0.0,0.0
2013-04-09 00:00:00-04:00,7.199999809265137,7.5,7.079999923706055,7.199999809265137,24100,0.0,0.0
2013-04-10 00:00:00-04:00,7.320000171661377,7.320000171661377,7.199999809265137,7.199999809265137,8817,0.0,0.0
2013-04-11 00:00:00-04:00,7.199999809265137,7.440000057220459,7.019999980926514,7.079999923706055,26800,0.0,0.0
2013-04-12 00:00:00-04:00,7.199999809265137,7.320000171661377,7.079999923706055,7.079999923706055,10667,0.0,0.0
2013-04-15 00:00:00-04:00,7.079999923706055,7.079999923706055,6.960000038146973,6.960000038146973,19683,0.0,0.0
2013-04-16 00:00:00-04:00,6.960000038146973,6.960000038146973,6.840000152587891,6.840000152587891,24733,0.0,0.0
2013-04-17 00:00:00-04:00,6.900000095367432,7.019999980926514,6.71999979019165,6.71999979019165,24967,0.0,0.0
2013-04-18 00:00:00-04:00,6.71999979019165,6.900000095367432,6.659999847412109,6.659999847412109,18750,0.0,0.0
2013-04-19 00:00:00-04:00,6.659999847412109,7.019999980926514,6.059999942779541,6.900000095367432,70250,0.0,0.0
2013-04-22 00:00:00-04:00,6.900000095367432,7.5,6.840000152587891,7.139999866485596,43117,0.0,0.0
2013-04-23 00:00:00-04:00,7.019999980926514,7.139999866485596,6.900000095367432,7.079999923706055,12667,0.0,0.0
2013-04-24 00:00:00-04:00,7.079999923706055,7.139999866485596,6.900000095367432,6.960000038146973,8667,0.0,0.0
2013-04-25 00:00:00-04:00,6.900000095367432,7.019999980926514,6.840000152587891,6.900000095367432,9333,0.0,0.0
2013-04-26 00:00:00-04:00,7.079999923706055,7.079999923706055,6.360000133514404,6.71999979019165,50017,0.0,0.0
2013-04-29 00:00:00-04:00,6.539999961853027,7.079999923706055,6.539999961853027,6.960000038146973,28517,0.0,0.0
2013-04-30 00:00:00-04:00,7.019999980926514,7.079999923706055,6.539999961853027,6.78000020980835,35367,0.0,0.0
2013-05-01 00:00:00-04:00,6.78000020980835,6.960000038146973,6.71999979019165,6.960000038146973,38583,0.0,0.0
2013-05-02 00:00:00-04:00,6.960000038146973,7.079999923706055,6.71999979019165,6.900000095367432,18483,0.0,0.0
2013-05-03 00:00:00-04:00,6.960000038146973,7.139999866485596,6.840000152587891,7.139999866485596,43950,0.0,0.0
2013-05-06 00:00:00-04:00,7.260000228881836,7.260000228881836,6.960000038146973,7.139999866485596,18150,0.0,0.0
2013-05-07 00:00:00-04:00,7.139999866485596,7.199999809265137,6.960000038146973,7.019999980926514,19883,0.0,0.0
2013-05-08 00:00:00-04:00,6.960000038146973,7.079999923706055,6.900000095367432,6.960000038146973,13133,0.0,0.0
2013-05-09 00:00:00-04:00,6.960000038146973,7.019999980926514,6.900000095367432,6.900000095367432,9017,0.0,0.0
2013-05-10 00:00:00-04:00,6.840000152587891,6.900000095367432,6.71999979019165,6.78000020980835,33733,0.0,0.0
2013-05-13 00:00:00-04:00,6.78000020980835,6.900000095367432,6.78000020980835,6.900000095367432,19733,0.0,0.0
2013-05-14 00:00:00-04:00,7.019999980926514,7.139999866485596,6.840000152587891,6.900000095367432,26683,0.0,0.0
2013-05-15 00:00:00-04:00,6.960000038146973,7.019999980926514,6.900000095367432,6.900000095367432,26483,0.0,0.0
2013-05-16 00:00:00-04:00,6.960000038146973,7.019999980926514,6.900000095367432,6.900000095367432,15200,0.0,0.0
2013-05-17 00:00:00-04:00,6.900000095367432,7.079999923706055,6.840000152587891,6.840000152587891,22600,0.0,0.0
2013-05-20 00:00:00-04:00,6.78000020980835,6.900000095367432,6.78000020980835,6.900000095367432,12617,0.0,0.0
2013-05-21 00:00:00-04:00,6.840000152587891,6.900000095367432,6.78000020980835,6.900000095367432,31233,0.0,0.0
2013-05-22 00:00:00-04:00,6.900000095367432,6.960000038146973,6.71999979019165,6.840000152587891,29450,0.0,0.0
2013-05-23 00:00:00-04:00,6.78000020980835,6.900000095367432,6.71999979019165,6.900000095367432,18667,0.0,0.0
2013-05-24 00:00:00-04:00,6.960000038146973,7.5,6.840000152587891,7.440000057220459,141200,0.0,0.0
2013-05-28 00:00:00-04:00,7.5,8.34000015258789,7.320000171661377,8.34000015258789,140017,0.0,0.0
2013-05-29 00:00:00-04:00,8.640000343322754,8.640000343322754,7.559999942779541,7.559999942779541,94683,0.0,0.0
2013-05-30 00:00:00-04:00,7.679999828338623,7.679999828338623,7.199999809265137,7.5,40033,0.0,0.0
2013-05-31 00:00:00-04:00,7.559999942779541,7.559999942779541,7.199999809265137,7.320000171661377,18300,0.0,0.0
2013-06-03 00:00:00-04:00,7.320000171661377,7.5,7.199999809265137,7.260000228881836,15050,0.0,0.0
2013-06-04 00:00:00-04:00,7.320000171661377,7.440000057220459,7.019999980926514,7.139999866485596,24900,0.0,0.0
2013-06-05 00:00:00-04:00,7.260000228881836,7.440000057220459,7.019999980926514,7.199999809265137,19350,0.0,0.0
2013-06-06 00:00:00-04:00,7.260000228881836,7.320000171661377,7.019999980926514,7.320000171661377,25650,0.0,0.0
2013-06-07 00:00:00-04:00,7.260000228881836,7.320000171661377,6.960000038146973,7.199999809265137,29433,0.0,0.0
2013-06-10 00:00:00-04:00,7.199999809265137,7.320000171661377,7.019999980926514,7.199999809265137,20167,0.0,0.0
2013-06-11 00:00:00-04:00,7.260000228881836,7.320000171661377,7.079999923706055,7.320000171661377,19133,0.0,0.0
2013-06-12 00:00:00-04:00,7.380000114440918,8.100000381469727,7.320000171661377,7.679999828338623,101900,0.0,0.0
2013-06-13 00:00:00-04:00,7.800000190734863,7.980000019073486,7.5,7.619999885559082,34500,0.0,0.0
2013-06-14 00:00:00-04:00,7.739999771118164,7.739999771118164,7.380000114440918,7.440000057220459,26083,0.0,0.0
2013-06-17 00:00:00-04:00,7.320000171661377,7.800000190734863,7.199999809265137,7.739999771118164,64967,0.0,0.0
2013-06-18 00:00:00-04:00,7.679999828338623,7.739999771118164,7.380000114440918,7.559999942779541,61617,0.0,0.0
2013-06-19 00:00:00-04:00,7.679999828338623,7.679999828338623,7.320000171661377,7.320000171661377,16367,0.0,0.0
2013-06-20 00:00:00-04:00,7.320000171661377,7.679999828338623,7.260000228881836,7.559999942779541,59217,0.0,0.0
2013-06-21 00:00:00-04:00,7.320000171661377,7.380000114440918,6.0,6.300000190734863,287250,0.0,0.0
2013-06-24 00:00:00-04:00,6.300000190734863,6.420000076293945,5.699999809265137,5.760000228881836,96017,0.0,0.0
2013-06-25 00:00:00-04:00,5.820000171661377,6.0,5.159999847412109,5.400000095367432,84767,0.0,0.0
2013-06-26 00:00:00-04:00,5.099999904632568,5.579999923706055,4.800000190734863,5.519999980926514,88950,0.0,0.0
2013-06-27 00:00:00-04:00,6.480000019073486,6.480000019073486,5.460000038146973,5.760000228881836,80617,0.0,0.0
2013-06-28 00:00:00-04:00,5.820000171661377,6.119999885559082,5.639999866485596,6.0,53883,0.0,0.0
2013-07-01 00:00:00-04:00,5.880000114440918,5.880000114440918,5.460000038146973,5.639999866485596,26350,0.0,0.0
2013-07-02 00:00:00-04:00,5.639999866485596,5.940000057220459,5.639999866485596,5.699999809265137,9133,0.0,0.0
2013-07-03 00:00:00-04:00,5.639999866485596,5.880000114440918,5.639999866485596,5.639999866485596,6267,0.0,0.0
2013-07-05 00:00:00-04:00,5.820000171661377,5.820000171661377,5.639999866485596,5.699999809265137,11850,0.0,0.0
2013-07-08 00:00:00-04:00,5.760000228881836,5.940000057220459,5.760000228881836,5.940000057220459,21333,0.0,0.0
2013-07-09 00:00:00-04:00,5.760000228881836,6.0,5.699999809265137,5.820000171661377,12383,0.0,0.0
2013-07-10 00:00:00-04:00,5.760000228881836,6.0,5.760000228881836,6.0,13600,0.0,0.0
2013-07-11 00:00:00-04:00,6.0,6.71999979019165,5.699999809265137,6.71999979019165,108433,0.0,0.0
2013-07-12 00:00:00-04:00,6.659999847412109,6.659999847412109,6.0,6.360000133514404,45200,0.0,0.0
2013-07-15 00:00:00-04:00,6.300000190734863,6.659999847412109,6.300000190734863,6.480000019073486,28167,0.0,0.0
2013-07-16 00:00:00-04:00,6.480000019073486,6.71999979019165,6.360000133514404,6.480000019073486,28367,0.0,0.0
2013-07-17 00:00:00-04:00,6.659999847412109,6.659999847412109,6.420000076293945,6.539999961853027,9067,0.0,0.0
2013-07-18 00:00:00-04:00,6.980000019073486,7.710000038146973,6.610000133514404,7.150000095367432,96800,0.0,0.16666666666666666
2013-07-19 00:00:00-04:00,7.139999866485596,7.139999866485596,6.199999809265137,7.0,80500,0.0,0.0
2013-07-22 00:00:00-04:00,7.0,7.199999809265137,6.5,6.980000019073486,61300,0.0,0.0
2013-07-23 00:00:00-04:00,7.0,7.050000190734863,6.699999809265137,7.039999961853027,62200,0.0,0.0
2013-07-24 00:00:00-04:00,7.03000020980835,7.199999809265137,6.96999979019165,7.110000133514404,80900,0.0,0.0
2013-07-25 00:00:00-04:00,7.139999866485596,7.380000114440918,7.059999942779541,7.28000020980835,41000,0.0,0.0
2013-07-26 00:00:00-04:00,7.28000020980835,7.389999866485596,7.150000095367432,7.289999961853027,29900,0.0,0.0
2013-07-29 00:00:00-04:00,7.380000114440918,7.400000095367432,7.119999885559082,7.400000095367432,46500,0.0,0.0
2013-07-30 00:00:00-04:00,7.360000133514404,7.389999866485596,7.199999809265137,7.239999771118164,24200,0.0,0.0
2013-07-31 00:00:00-04:00,7.239999771118164,7.239999771118164,6.929999828338623,6.940000057220459,21600,0.0,0.0
2013-08-01 00:00:00-04:00,6.880000114440918,6.880000114440918,6.5,6.599999904632568,36900,0.0,0.0
2013-08-02 00:00:00-04:00,6.699999809265137,6.78000020980835,6.480000019073486,6.570000171661377,26600,0.0,0.0
2013-08-05 00:00:00-04:00,6.440000057220459,6.510000228881836,6.059999942779541,6.190000057220459,53500,0.0,0.0
2013-08-06 00:00:00-04:00,6.679999828338623,6.679999828338623,6.0,6.289999961853027,33000,0.0,0.0
2013-08-07 00:00:00-04:00,6.25,6.28000020980835,6.159999847412109,6.269999980926514,9400,0.0,0.0
2013-08-08 00:00:00-04:00,6.28000020980835,6.28000020980835,5.989999771118164,6.070000171661377,68100,0.0,0.0
2013-08-09 00:00:00-04:00,6.010000228881836,6.940000057220459,6.010000228881836,6.550000190734863,97200,0.0,0.0
2013-08-12 00:00:00-04:00,6.75,6.940000057220459,6.570000171661377,6.670000076293945,95600,0.0,0.0
2013-08-13 00:00:00-04:00,6.699999809265137,6.739999771118164,6.46999979019165,6.579999923706055,13900,0.0,0.0
2013-08-14 00:00:00-04:00,6.559999942779541,6.559999942779541,6.130000114440918,6.460000038146973,12400,0.0,0.0
2013-08-15 00:00:00-04:00,6.5,6.730000019073486,6.400000095367432,6.670000076293945,49500,0.0,0.0
2013-08-16 00:00:00-04:00,6.710000038146973,6.940000057220459,6.619999885559082,6.820000171661377,76000,0.0,0.0
2013-08-19 00:00:00-04:00,6.820000171661377,7.099999904632568,6.539999961853027,7.050000190734863,131300,0.0,0.0
2013-08-20 00:00:00-04:00,7.070000171661377,7.599999904632568,7.03000020980835,7.440000057220459,158800,0.0,0.0
2013-08-21 00:00:00-04:00,7.519999980926514,7.849999904632568,7.440000057220459,7.75,164300,0.0,0.0
2013-08-22 00:00:00-04:00,7.75,8.100000381469727,7.710000038146973,8.079999923706055,131300,0.0,0.0
2013-08-23 00:00:00-04:00,8.109999656677246,8.5,8.050000190734863,8.5,176100,0.0,0.0
2013-08-26 00:00:00-04:00,8.529999732971191,8.880000114440918,7.639999866485596,7.730000019073486,145600,0.0,0.0
2013-08-27 00:00:00-04:00,7.5,7.5,6.849999904632568,7.329999923706055,97700,0.0,0.0
2013-08-28 00:00:00-04:00,7.329999923706055,7.420000076293945,6.860000133514404,6.929999828338623,47300,0.0,0.0
2013-08-29 00:00:00-04:00,6.949999809265137,7.28000020980835,6.940000057220459,7.139999866485596,30500,0.0,0.0
2013-08-30 00:00:00-04:00,7.119999885559082,7.389999866485596,7.070000171661377,7.099999904632568,23900,0.0,0.0
2013-09-03 00:00:00-04:00,7.119999885559082,7.369999885559082,6.940000057220459,7.0,34200,0.0,0.0
2013-09-04 00:00:00-04:00,7.010000228881836,7.090000152587891,6.840000152587891,6.940000057220459,81800,0.0,0.0
2013-09-05 00:00:00-04:00,6.960000038146973,7.190000057220459,6.900000095367432,7.190000057220459,11900,0.0,0.0
2013-09-06 00:00:00-04:00,7.170000076293945,7.559999942779541,7.119999885559082,7.210000038146973,53600,0.0,0.0
2013-09-09 00:00:00-04:00,7.239999771118164,7.400000095367432,7.070000171661377,7.119999885559082,17100,0.0,0.0
2013-09-10 00:00:00-04:00,7.190000057220459,7.349999904632568,6.949999809265137,7.119999885559082,33700,0.0,0.0
2013-09-11 00:00:00-04:00,7.119999885559082,7.300000190734863,6.900000095367432,6.929999828338623,29500,0.0,0.0
2013-09-12 00:00:00-04:00,6.909999847412109,7.300000190734863,6.849999904632568,7.289999961853027,45800,0.0,0.0
2013-09-13 00:00:00-04:00,7.309999942779541,7.599999904632568,7.110000133514404,7.5,137500,0.0,0.0
2013-09-16 00:00:00-04:00,7.550000190734863,7.929999828338623,7.440000057220459,7.869999885559082,183300,0.0,0.0
2013-09-17 00:00:00-04:00,7.920000076293945,8.130000114440918,7.800000190734863,8.100000381469727,83600,0.0,0.0
2013-09-18 00:00:00-04:00,7.949999809265137,9.199999809265137,7.849999904632568,8.970000267028809,179000,0.0,0.0
2013-09-19 00:00:00-04:00,9.010000228881836,9.199999809265137,8.6899995803833,9.0,145500,0.0,0.0
2013-09-20 00:00:00-04:00,9.010000228881836,9.329999923706055,8.890000343322754,9.329999923706055,57400,0.0,0.0
2013-09-23 00:00:00-04:00,9.289999961853027,9.4399995803833,9.050000190734863,9.34000015258789,32200,0.0,0.0
2013-09-24 00:00:00-04:00,9.3100004196167,9.430000305175781,9.199999809265137,9.359999656677246,28800,0.0,0.0
2013-09-25 00:00:00-04:00,9.0600004196167,9.359999656677246,8.90999984741211,9.25,51100,0.0,0.0
2013-09-26 00:00:00-04:00,9.25,9.390000343322754,9.050000190734863,9.319999694824219,27700,0.0,0.0
2013-09-27 00:00:00-04:00,9.300000190734863,9.399999618530273,9.270000457763672,9.399999618530273,20900,0.0,0.0
2013-09-30 00:00:00-04:00,9.399999618530273,9.9399995803833,9.329999923706055,9.770000457763672,69200,0.0,0.0
2013-10-01 00:00:00-04:00,9.920000076293945,10.149999618530273,9.779999732971191,10.0,89300,0.0,0.0
2013-10-02 00:00:00-04:00,10.0600004196167,10.420000076293945,9.920000076293945,10.020000457763672,31700,0.0,0.0
2013-10-03 00:00:00-04:00,10.140000343322754,10.989999771118164,9.75,10.859999656677246,149100,0.0,0.0
2013-10-04 00:00:00-04:00,11.020000457763672,11.25,9.800000190734863,11.170000076293945,43400,0.0,0.0
2013-10-07 00:00:00-04:00,11.210000038146973,11.960000038146973,11.109999656677246,11.699999809265137,52400,0.0,0.0
2013-10-08 00:00:00-04:00,11.720000267028809,12.25,9.75,10.510000228881836,162800,0.0,0.0
2013-10-09 00:00:00-04:00,10.579999923706055,10.579999923706055,9.850000381469727,10.350000381469727,53500,0.0,0.0
2013-10-10 00:00:00-04:00,10.279999732971191,10.739999771118164,9.899999618530273,10.430000305175781,55900,0.0,0.0
2013-10-11 00:00:00-04:00,10.430000305175781,10.619999885559082,10.180000305175781,10.510000228881836,9200,0.0,0.0
2013-10-14 00:00:00-04:00,10.350000381469727,11.220000267028809,10.34000015258789,10.920000076293945,34400,0.0,0.0
2013-10-15 00:00:00-04:00,10.989999771118164,11.359999656677246,10.800000190734863,10.979999542236328,34100,0.0,0.0
2013-10-16 00:00:00-04:00,11.029999732971191,11.029999732971191,10.479999542236328,10.949999809265137,50800,0.0,0.0
2013-10-17 00:00:00-04:00,10.949999809265137,11.029999732971191,10.680000305175781,11.0,17000,0.0,0.0
2013-10-18 00:00:00-04:00,11.020000457763672,11.15999984741211,10.710000038146973,11.109999656677246,16400,0.0,0.0
2013-10-21 00:00:00-04:00,11.140000343322754,11.880000114440918,10.90999984741211,11.800000190734863,54800,0.0,0.0
2013-10-22 00:00:00-04:00,11.84000015258789,12.079999923706055,11.680000305175781,11.920000076293945,38600,0.0,0.0
2013-10-23 00:00:00-04:00,12.069999694824219,12.069999694824219,10.1899995803833,10.970000267028809,120300,0.0,0.0
2013-10-24 00:00:00-04:00,10.989999771118164,11.350000381469727,10.300000190734863,10.579999923706055,46300,0.0,0.0
2013-10-25 00:00:00-04:00,10.59000015258789,10.619999885559082,9.930000305175781,10.09000015258789,63400,0.0,0.0
2013-10-28 00:00:00-04:00,10.050000190734863,10.399999618530273,10.050000190734863,10.239999771118164,17900,0.0,0.0
2013-10-29 00:00:00-04:00,10.239999771118164,10.369999885559082,9.850000381469727,10.279999732971191,15900,0.0,0.0
2013-10-30 00:00:00-04:00,10.0,10.279999732971191,10.0,10.140000343322754,18700,0.0,0.0
2013-10-31 00:00:00-04:00,10.050000190734863,10.25,9.899999618530273,10.25,29800,0.0,0.0
2013-11-01 00:00:00-04:00,10.369999885559082,10.369999885559082,10.050000190734863,10.199999809265137,10200,0.0,0.0
2013-11-04 00:00:00-05:00,10.199999809265137,10.430000305175781,10.09000015258789,10.359999656677246,14700,0.0,0.0
2013-11-05 00:00:00-05:00,10.300000190734863,11.109999656677246,10.300000190734863,11.09000015258789,48100,0.0,0.0
2013-11-06 00:00:00-05:00,11.010000228881836,11.609999656677246,10.800000190734863,11.260000228881836,140100,0.0,0.0
2013-11-07 00:00:00-05:00,11.399999618530273,11.569999694824219,11.020000457763672,11.350000381469727,31200,0.0,0.0
2013-11-08 00:00:00-05:00,11.420000076293945,11.75,11.010000228881836,11.729999542236328,50500,0.0,0.0
2013-11-11 00:00:00-05:00,11.8100004196167,12.0,11.729999542236328,11.989999771118164,47900,0.0,0.0
2013-11-12 00:00:00-05:00,12.0,12.0,11.260000228881836,11.880000114440918,48100,0.0,0.0
2013-11-13 00:00:00-05:00,11.729999542236328,11.869999885559082,11.149999618530273,11.59000015258789,55200,0.0,0.0
2013-11-14 00:00:00-05:00,11.600000381469727,11.890000343322754,11.289999961853027,11.520000457763672,25200,0.0,0.0
2013-11-15 00:00:00-05:00,11.420000076293945,11.850000381469727,11.350000381469727,11.84000015258789,37200,0.0,0.0
2013-11-18 00:00:00-05:00,11.979999542236328,12.180000305175781,11.800000190734863,12.180000305175781,73300,0.0,0.0
2013-11-19 00:00:00-05:00,12.170000076293945,12.789999961853027,12.100000381469727,12.59000015258789,116200,0.0,0.0
2013-11-20 00:00:00-05:00,12.720000267028809,13.489999771118164,12.720000267028809,13.449999809265137,124900,0.0,0.0
2013-11-21 00:00:00-05:00,13.369999885559082,13.800000190734863,12.789999961853027,13.199999809265137,109800,0.0,0.0
2013-11-22 00:00:00-05:00,13.609999656677246,13.699999809265137,13.239999771118164,13.359999656677246,51600,0.0,0.0
2013-11-25 00:00:00-05:00,13.539999961853027,15.9399995803833,13.489999771118164,15.279999732971191,281000,0.0,0.0
2013-11-26 00:00:00-05:00,15.550000190734863,15.550000190734863,14.279999732971191,14.65999984741211,80500,0.0,0.0
2013-11-27 00:00:00-05:00,14.949999809265137,15.0,14.079999923706055,14.800000190734863,72500,0.0,0.0
2013-11-29 00:00:00-05:00,14.960000038146973,15.170000076293945,14.25,14.25,34300,0.0,0.0
2013-12-02 00:00:00-05:00,14.220000267028809,14.229999542236328,13.3100004196167,13.84000015258789,48400,0.0,0.0
2013-12-03 00:00:00-05:00,13.579999923706055,13.670000076293945,13.180000305175781,13.489999771118164,44300,0.0,0.0
2013-12-04 00:00:00-05:00,13.399999618530273,13.4399995803833,12.8100004196167,13.180000305175781,37600,0.0,0.0
2013-12-05 00:00:00-05:00,13.050000190734863,14.149999618530273,12.90999984741211,14.010000228881836,57600,0.0,0.0
2013-12-06 00:00:00-05:00,14.050000190734863,14.869999885559082,14.050000190734863,14.579999923706055,63200,0.0,0.0
2013-12-09 00:00:00-05:00,14.8100004196167,14.8100004196167,14.4399995803833,14.630000114440918,64600,0.0,0.0
2013-12-10 00:00:00-05:00,14.65999984741211,14.859999656677246,14.609999656677246,14.789999961853027,27800,0.0,0.0
2013-12-11 00:00:00-05:00,14.720000267028809,15.050000190734863,14.630000114440918,15.050000190734863,44300,0.0,0.0
2013-12-12 00:00:00-05:00,15.079999923706055,15.380000114440918,14.800000190734863,15.0,62700,0.0,0.0
2013-12-13 00:00:00-05:00,15.100000381469727,15.239999771118164,14.329999923706055,14.649999618530273,20500,0.0,0.0
2013-12-16 00:00:00-05:00,15.0,15.170000076293945,15.0,15.09000015258789,37300,0.0,0.0
2013-12-17 00:00:00-05:00,14.949999809265137,15.140000343322754,14.800000190734863,15.079999923706055,18400,0.0,0.0
2013-12-18 00:00:00-05:00,15.0,16.25,14.789999961853027,16.100000381469727,68700,0.0,0.0
2013-12-19 00:00:00-05:00,16.149999618530273,17.25,15.899999618530273,16.940000534057617,100300,0.0,0.0
2013-12-20 00:00:00-05:00,17.0,17.469999313354492,16.75,17.049999237060547,59500,0.0,0.0
2013-12-23 00:00:00-05:00,17.049999237060547,17.31999969482422,16.75,17.0,49400,0.0,0.0
2013-12-24 00:00:00-05:00,17.0,17.149999618530273,16.719999313354492,16.729999542236328,14800,0.0,0.0
2013-12-26 00:00:00-05:00,16.889999389648438,17.25,16.729999542236328,17.1200008392334,43100,0.0,0.0
2013-12-27 00:00:00-05:00,20.0,23.0,19.5,19.889999389648438,659300,0.0,0.0
2013-12-30 00:00:00-05:00,20.90999984741211,21.200000762939453,19.25,20.110000610351562,213000,0.0,0.0
2013-12-31 00:00:00-05:00,20.31999969482422,20.31999969482422,19.239999771118164,20.079999923706055,80200,0.0,0.0
2014-01-02 00:00:00-05:00,20.079999923706055,20.079999923706055,19.239999771118164,19.270000457763672,87600,0.0,0.0
2014-01-03 00:00:00-05:00,19.440000534057617,19.469999313354492,18.520000457763672,18.829999923706055,59900,0.0,0.0
2014-01-06 00:00:00-05:00,19.020000457763672,19.020000457763672,18.530000686645508,19.0,41200,0.0,0.0
2014-01-07 00:00:00-05:00,19.34000015258789,21.260000228881836,19.34000015258789,21.030000686645508,273600,0.0,0.0
2014-01-08 00:00:00-05:00,20.8799991607666,21.309999465942383,20.600000381469727,20.860000610351562,91500,0.0,0.0
2014-01-09 00:00:00-05:00,21.100000381469727,22.450000762939453,21.100000381469727,22.440000534057617,133500,0.0,0.0
2014-01-10 00:00:00-05:00,22.5,23.0,22.1299991607666,22.790000915527344,121400,0.0,0.0
2014-01-13 00:00:00-05:00,23.09000015258789,23.350000381469727,22.18000030517578,22.670000076293945,91300,0.0,0.0
2014-01-14 00:00:00-05:00,22.510000228881836,23.25,22.510000228881836,23.059999465942383,59800,0.0,0.0
2014-01-15 00:00:00-05:00,23.299999237060547,23.450000762939453,22.90999984741211,23.440000534057617,88200,0.0,0.0
2014-01-16 00:00:00-05:00,23.489999771118164,25.0,23.030000686645508,23.270000457763672,156600,0.0,0.0
2014-01-17 00:00:00-05:00,23.270000457763672,24.049999237060547,23.239999771118164,23.84000015258789,43000,0.0,0.0
2014-01-21 00:00:00-05:00,25.25,25.75,23.899999618530273,23.979999542236328,284600,0.0,0.0
2014-01-22 00:00:00-05:00,25.43000030517578,25.43000030517578,22.760000228881836,23.350000381469727,213700,0.0,0.0
2014-01-23 00:00:00-05:00,22.770000457763672,23.68000030517578,21.93000030517578,22.780000686645508,177000,0.0,0.0
2014-01-24 00:00:00-05:00,22.5,23.200000762939453,22.030000686645508,22.600000381469727,143700,0.0,0.0
2014-01-27 00:00:00-05:00,22.0,22.540000915527344,19.799999237060547,20.68000030517578,185700,0.0,0.0
2014-01-28 00:00:00-05:00,20.43000030517578,22.170000076293945,20.399999618530273,21.729999542236328,49400,0.0,0.0
2014-01-29 00:00:00-05:00,21.700000762939453,22.0,21.0,21.610000610351562,42600,0.0,0.0
2014-01-30 00:00:00-05:00,21.68000030517578,22.5,21.0,21.1200008392334,68800,0.0,0.0
2014-01-31 00:00:00-05:00,21.0,22.389999389648438,20.760000228881836,22.18000030517578,56300,0.0,0.0
2014-02-03 00:00:00-05:00,22.079999923706055,22.079999923706055,20.06999969482422,20.200000762939453,59800,0.0,0.0
2014-02-04 00:00:00-05:00,20.209999084472656,21.030000686645508,20.209999084472656,20.56999969482422,56700,0.0,0.0
2014-02-05 00:00:00-05:00,20.420000076293945,20.6299991607666,19.510000228881836,20.229999542236328,55500,0.0,0.0
2014-02-06 00:00:00-05:00,20.200000762939453,22.0,20.200000762939453,20.729999542236328,43900,0.0,0.0
2014-02-07 00:00:00-05:00,20.989999771118164,22.0,20.559999465942383,21.290000915527344,32100,0.0,0.0
2014-02-10 00:00:00-05:00,21.920000076293945,22.0,21.299999237060547,21.56999969482422,19800,0.0,0.0
2014-02-11 00:00:00-05:00,21.15999984741211,22.260000228881836,20.5,21.540000915527344,61100,0.0,0.0
2014-02-12 00:00:00-05:00,21.65999984741211,21.889999389648438,20.809999465942383,21.1200008392334,74000,0.0,0.0
2014-02-13 00:00:00-05:00,21.0,21.59000015258789,20.899999618530273,21.170000076293945,25300,0.0,0.0
2014-02-14 00:00:00-05:00,21.110000610351562,21.889999389648438,20.850000381469727,21.469999313354492,69200,0.0,0.0
2014-02-18 00:00:00-05:00,23.100000381469727,24.65999984741211,23.09000015258789,23.959999084472656,261900,0.0,0.0
2014-02-19 00:00:00-05:00,24.100000381469727,28.190000534057617,24.0,26.809999465942383,703600,0.0,0.0
2014-02-20 00:00:00-05:00,27.540000915527344,29.0,26.209999084472656,28.15999984741211,496900,0.0,0.0
2014-02-21 00:00:00-05:00,28.100000381469727,30.200000762939453,28.0,28.59000015258789,336400,0.0,0.0
2014-02-24 00:00:00-05:00,29.100000381469727,31.100000381469727,29.100000381469727,30.200000762939453,160900,0.0,0.0
2014-02-25 00:00:00-05:00,30.34000015258789,34.34000015258789,29.920000076293945,33.59000015258789,317900,0.0,0.0
2014-02-26 00:00:00-05:00,33.900001525878906,34.790000915527344,30.59000015258789,31.979999542236328,190700,0.0,0.0
2014-02-27 00:00:00-05:00,32.0,33.20000076293945,31.450000762939453,32.72999954223633,118400,0.0,0.0
2014-02-28 00:00:00-05:00,32.869998931884766,32.97999954223633,29.09000015258789,30.280000686645508,163100,0.0,0.0
2014-03-03 00:00:00-05:00,29.799999237060547,31.920000076293945,29.299999237060547,31.75,80800,0.0,0.0
2014-03-04 00:00:00-05:00,31.65999984741211,33.33000183105469,31.65999984741211,32.41999816894531,104100,0.0,0.0
2014-03-05 00:00:00-05:00,33.0,38.209999084472656,33.0,37.599998474121094,1190000,0.0,0.0
2014-03-06 00:00:00-05:00,38.72999954223633,38.7400016784668,34.5,35.150001525878906,412300,0.0,0.0
2014-03-07 00:00:00-05:00,35.59000015258789,36.45000076293945,34.56999969482422,34.7599983215332,130700,0.0,0.0
2014-03-10 00:00:00-04:00,34.93000030517578,35.029998779296875,33.5,33.70000076293945,198100,0.0,0.0
2014-03-11 00:00:00-04:00,34.20000076293945,37.790000915527344,34.20000076293945,34.61000061035156,205500,0.0,0.0
2014-03-12 00:00:00-04:00,34.58000183105469,34.7599983215332,33.18000030517578,33.279998779296875,169800,0.0,0.0
2014-03-13 00:00:00-04:00,33.279998779296875,33.939998626708984,31.0,31.18000030517578,276600,0.0,0.0
2014-03-14 00:00:00-04:00,30.8700008392334,35.4900016784668,30.520000457763672,33.38999938964844,386900,0.0,0.0
2014-03-17 00:00:00-04:00,34.619998931884766,35.68000030517578,33.41999816894531,33.540000915527344,152000,0.0,0.0
2014-03-18 00:00:00-04:00,33.86000061035156,34.599998474121094,33.540000915527344,33.79999923706055,143300,0.0,0.0
2014-03-19 00:00:00-04:00,33.63999938964844,34.20000076293945,32.0,32.540000915527344,123500,0.0,0.0
2014-03-20 00:00:00-04:00,32.5,32.720001220703125,31.200000762939453,31.600000381469727,155900,0.0,0.0
2014-03-21 00:00:00-04:00,31.579999923706055,32.029998779296875,30.600000381469727,31.09000015258789,142100,0.0,0.0
2014-03-24 00:00:00-04:00,31.040000915527344,31.040000915527344,28.059999465942383,30.40999984741211,296400,0.0,0.0
2014-03-25 00:00:00-04:00,30.479999542236328,31.559999465942383,29.1200008392334,29.760000228881836,146600,0.0,0.0
2014-03-26 00:00:00-04:00,29.6200008392334,30.3799991607666,29.100000381469727,29.969999313354492,142400,0.0,0.0
2014-03-27 00:00:00-04:00,30.0,31.56999969482422,29.700000762939453,30.829999923706055,130000,0.0,0.0
2014-03-28 00:00:00-04:00,30.8700008392334,31.5,29.030000686645508,29.389999389648438,139700,0.0,0.0
2014-03-31 00:00:00-04:00,29.399999618530273,31.600000381469727,29.399999618530273,31.350000381469727,85500,0.0,0.0
2014-04-01 00:00:00-04:00,31.360000610351562,33.13999938964844,31.360000610351562,33.0,181400,0.0,0.0
2014-04-02 00:00:00-04:00,33.7599983215332,33.7599983215332,32.099998474121094,33.0099983215332,282400,0.0,0.0
2014-04-03 00:00:00-04:00,32.810001373291016,33.209999084472656,30.1299991607666,31.020000457763672,110200,0.0,0.0
2014-04-04 00:00:00-04:00,31.110000610351562,31.610000610351562,28.530000686645508,28.81999969482422,121800,0.0,0.0
2014-04-07 00:00:00-04:00,28.68000030517578,29.100000381469727,26.510000228881836,27.0,132000,0.0,0.0
2014-04-08 00:00:00-04:00,27.0,28.3700008392334,26.600000381469727,28.020000457763672,141200,0.0,0.0
2014-04-09 00:00:00-04:00,28.329999923706055,29.479999542236328,27.510000228881836,29.100000381469727,88500,0.0,0.0
2014-04-10 00:00:00-04:00,29.100000381469727,29.100000381469727,26.350000381469727,26.68000030517578,135800,0.0,0.0
2014-04-11 00:00:00-04:00,26.260000228881836,27.5,25.0,25.920000076293945,128700,0.0,0.0
2014-04-14 00:00:00-04:00,26.110000610351562,27.219999313354492,22.06999969482422,22.799999237060547,403800,0.0,0.0
2014-04-15 00:00:00-04:00,23.079999923706055,23.079999923706055,19.899999618530273,21.6200008392334,595200,0.0,0.0
2014-04-16 00:00:00-04:00,21.709999084472656,25.280000686645508,20.329999923706055,24.790000915527344,338800,0.0,0.0
2014-04-17 00:00:00-04:00,24.889999389648438,25.729999542236328,23.700000762939453,25.549999237060547,251500,0.0,0.0
2014-04-21 00:00:00-04:00,25.600000381469727,31.010000228881836,25.559999465942383,30.829999923706055,675600,0.0,0.0
2014-04-22 00:00:00-04:00,30.190000534057617,31.239999771118164,29.799999237060547,31.0,275800,0.0,0.0
2014-04-23 00:00:00-04:00,31.0,32.43000030517578,30.200000762939453,32.369998931884766,175300,0.0,0.0
2014-04-24 00:00:00-04:00,32.439998626708984,32.970001220703125,31.010000228881836,32.72999954223633,130400,0.0,0.0
2014-04-25 00:00:00-04:00,32.33000183105469,32.45000076293945,30.170000076293945,31.239999771118164,121500,0.0,0.0
2014-04-28 00:00:00-04:00,31.09000015258789,31.81999969482422,29.510000228881836,31.229999542236328,173600,0.0,0.0
2014-04-29 00:00:00-04:00,31.09000015258789,31.700000762939453,30.520000457763672,31.219999313354492,87500,0.0,0.0
2014-04-30 00:00:00-04:00,31.299999237060547,31.299999237060547,30.149999618530273,31.110000610351562,120800,0.0,0.0
2014-05-01 00:00:00-04:00,31.200000762939453,34.619998931884766,30.649999618530273,34.36000061035156,238600,0.0,0.0
2014-05-02 00:00:00-04:00,34.27000045776367,34.47999954223633,32.060001373291016,32.34000015258789,165000,0.0,0.0
2014-05-05 00:00:00-04:00,30.100000381469727,34.08000183105469,28.5,32.41999816894531,296200,0.0,0.0
2014-05-06 00:00:00-04:00,32.5,32.849998474121094,31.0,31.270000457763672,184800,0.0,0.0
2014-05-07 00:00:00-04:00,31.290000915527344,31.790000915527344,29.700000762939453,31.139999389648438,229700,0.0,0.0
2014-05-08 00:00:00-04:00,31.0,31.770000457763672,29.510000228881836,29.719999313354492,119700,0.0,0.0
2014-05-09 00:00:00-04:00,29.440000534057617,31.299999237060547,29.0,30.739999771118164,98000,0.0,0.0
2014-05-12 00:00:00-04:00,30.84000015258789,31.200000762939453,29.90999984741211,30.360000610351562,118500,0.0,0.0
2014-05-13 00:00:00-04:00,30.489999771118164,31.079999923706055,30.1200008392334,30.489999771118164,90600,0.0,0.0
2014-05-14 00:00:00-04:00,30.239999771118164,30.989999771118164,29.690000534057617,29.889999389648438,100700,0.0,0.0
2014-05-15 00:00:00-04:00,29.0,29.0,27.5,27.950000762939453,275300,0.0,0.0
2014-05-16 00:00:00-04:00,28.139999389648438,28.139999389648438,25.989999771118164,27.209999084472656,211500,0.0,0.0
2014-05-19 00:00:00-04:00,27.079999923706055,29.600000381469727,26.799999237060547,29.239999771118164,119400,0.0,0.0
2014-05-20 00:00:00-04:00,29.239999771118164,29.8700008392334,28.100000381469727,28.59000015258789,114000,0.0,0.0
2014-05-21 00:00:00-04:00,28.65999984741211,29.639999389648438,27.700000762939453,28.3700008392334,143300,0.0,0.0
2014-05-22 00:00:00-04:00,28.440000534057617,29.899999618530273,28.110000610351562,29.610000610351562,100500,0.0,0.0
2014-05-23 00:00:00-04:00,29.899999618530273,31.149999618530273,29.65999984741211,30.729999542236328,135800,0.0,0.0
2014-05-27 00:00:00-04:00,30.700000762939453,31.780000686645508,29.510000228881836,29.950000762939453,121200,0.0,0.0
2014-05-28 00:00:00-04:00,30.049999237060547,31.299999237060547,29.459999084472656,30.90999984741211,125500,0.0,0.0
2014-05-29 00:00:00-04:00,31.219999313354492,34.25,30.829999923706055,32.7599983215332,258900,0.0,0.0
2014-05-30 00:00:00-04:00,32.9900016784668,33.099998474121094,31.579999923706055,31.850000381469727,157400,0.0,0.0
2014-06-02 00:00:00-04:00,32.06999969482422,32.2599983215332,30.329999923706055,31.5,78000,0.0,0.0
2014-06-03 00:00:00-04:00,31.579999923706055,32.7400016784668,31.270000457763672,32.380001068115234,99200,0.0,0.0
2014-06-04 00:00:00-04:00,32.18000030517578,32.380001068115234,31.579999923706055,32.08000183105469,84700,0.0,0.0
2014-06-05 00:00:00-04:00,32.209999084472656,32.70000076293945,31.700000762939453,32.400001525878906,122700,0.0,0.0
2014-06-06 00:00:00-04:00,32.400001525878906,33.91999816894531,32.400001525878906,33.41999816894531,170800,0.0,0.0
2014-06-09 00:00:00-04:00,33.16999816894531,35.0,33.040000915527344,34.56999969482422,201300,0.0,0.0
2014-06-10 00:00:00-04:00,34.400001525878906,35.7400016784668,34.150001525878906,35.47999954223633,160500,0.0,0.0
2014-06-11 00:00:00-04:00,35.2400016784668,36.25,34.7599983215332,35.61000061035156,210400,0.0,0.0
2014-06-12 00:00:00-04:00,35.56999969482422,35.619998931884766,34.0099983215332,34.369998931884766,66100,0.0,0.0
2014-06-13 00:00:00-04:00,34.130001068115234,34.66999816894531,33.119998931884766,34.20000076293945,79300,0.0,0.0
2014-06-16 00:00:00-04:00,34.349998474121094,34.560001373291016,33.0,33.7599983215332,90300,0.0,0.0
2014-06-17 00:00:00-04:00,33.630001068115234,34.58000183105469,33.02000045776367,33.93000030517578,97900,0.0,0.0
2014-06-18 00:00:00-04:00,34.02000045776367,36.15999984741211,32.7599983215332,35.810001373291016,202800,0.0,0.0
2014-06-19 00:00:00-04:00,35.810001373291016,36.38999938964844,34.689998626708984,35.470001220703125,114700,0.0,0.0
2014-06-20 00:00:00-04:00,35.65999984741211,37.59000015258789,35.47999954223633,37.31999969482422,180400,0.0,0.0
2014-06-23 00:00:00-04:00,37.099998474121094,37.7400016784668,36.040000915527344,36.54999923706055,127000,0.0,0.0
2014-06-24 00:00:00-04:00,36.650001525878906,37.22999954223633,36.02000045776367,36.189998626708984,210700,0.0,0.0
2014-06-25 00:00:00-04:00,35.90999984741211,36.630001068115234,35.75,36.130001068115234,140200,0.0,0.0
2014-06-26 00:00:00-04:00,36.15999984741211,36.29999923706055,35.810001373291016,36.11000061035156,120200,0.0,0.0
2014-06-27 00:00:00-04:00,35.9900016784668,36.470001220703125,34.279998779296875,34.900001525878906,1146500,0.0,0.0
2014-06-30 00:00:00-04:00,35.0,35.52000045776367,33.38999938964844,34.439998626708984,202600,0.0,0.0
2014-07-01 00:00:00-04:00,34.61000061035156,38.16999816894531,34.2400016784668,37.099998474121094,279400,0.0,0.0
2014-07-02 00:00:00-04:00,37.099998474121094,37.9900016784668,36.83000183105469,37.04999923706055,204300,0.0,0.0
2014-07-03 00:00:00-04:00,37.349998474121094,37.849998474121094,36.45000076293945,37.209999084472656,62600,0.0,0.0
2014-07-07 00:00:00-04:00,37.25,37.72999954223633,35.65999984741211,36.029998779296875,271200,0.0,0.0
2014-07-08 00:00:00-04:00,35.84000015258789,35.84000015258789,32.060001373291016,33.5099983215332,327900,0.0,0.0
2014-07-09 00:00:00-04:00,33.810001373291016,35.63999938964844,33.619998931884766,35.40999984741211,156700,0.0,0.0
2014-07-10 00:00:00-04:00,34.13999938964844,36.18000030517578,33.95000076293945,35.08000183105469,113700,0.0,0.0
2014-07-11 00:00:00-04:00,34.970001220703125,35.45000076293945,34.36000061035156,34.650001525878906,66100,0.0,0.0
2014-07-14 00:00:00-04:00,34.790000915527344,36.34000015258789,34.689998626708984,35.939998626708984,118400,0.0,0.0
2014-07-15 00:00:00-04:00,36.119998931884766,36.279998779296875,33.4900016784668,33.619998931884766,132000,0.0,0.0
2014-07-16 00:00:00-04:00,33.959999084472656,34.04999923706055,31.75,31.969999313354492,205300,0.0,0.0
2014-07-17 00:00:00-04:00,31.81999969482422,32.779998779296875,30.0,30.09000015258789,203000,0.0,0.0
2014-07-18 00:00:00-04:00,30.31999969482422,32.189998626708984,30.059999465942383,32.029998779296875,150800,0.0,0.0
2014-07-21 00:00:00-04:00,31.75,31.920000076293945,30.639999389648438,31.540000915527344,93600,0.0,0.0
2014-07-22 00:00:00-04:00,31.68000030517578,32.75,31.600000381469727,31.8799991607666,95300,0.0,0.0
2014-07-23 00:00:00-04:00,32.099998474121094,32.540000915527344,30.799999237060547,31.559999465942383,148400,0.0,0.0
2014-07-24 00:00:00-04:00,31.489999771118164,32.290000915527344,31.110000610351562,31.18000030517578,128600,0.0,0.0
2014-07-25 00:00:00-04:00,30.950000762939453,31.309999465942383,30.399999618530273,30.520000457763672,107900,0.0,0.0
2014-07-28 00:00:00-04:00,30.5,30.760000228881836,28.1200008392334,28.360000610351562,319800,0.0,0.0
2014-07-29 00:00:00-04:00,28.579999923706055,29.399999618530273,27.6299991607666,27.860000610351562,258400,0.0,0.0
2014-07-30 00:00:00-04:00,28.360000610351562,29.15999984741211,27.709999084472656,28.030000686645508,198700,0.0,0.0
2014-07-31 00:00:00-04:00,27.5,27.719999313354492,25.549999237060547,25.6200008392334,347800,0.0,0.0
2014-08-01 00:00:00-04:00,25.399999618530273,27.360000610351562,25.170000076293945,26.739999771118164,342200,0.0,0.0
2014-08-04 00:00:00-04:00,27.440000534057617,31.8799991607666,27.399999618530273,29.690000534057617,551800,0.0,0.0
2014-08-05 00:00:00-04:00,29.84000015258789,30.489999771118164,28.700000762939453,29.329999923706055,204200,0.0,0.0
2014-08-06 00:00:00-04:00,29.260000228881836,29.579999923706055,28.649999618530273,28.889999389648438,93600,0.0,0.0
2014-08-07 00:00:00-04:00,29.110000610351562,29.110000610351562,27.719999313354492,27.899999618530273,104200,0.0,0.0
2014-08-08 00:00:00-04:00,27.790000915527344,28.549999237060547,26.81999969482422,28.190000534057617,136000,0.0,0.0
2014-08-11 00:00:00-04:00,28.479999542236328,29.5,27.940000534057617,28.920000076293945,135200,0.0,0.0
2014-08-12 00:00:00-04:00,28.829999923706055,29.110000610351562,27.90999984741211,28.219999313354492,128900,0.0,0.0
2014-08-13 00:00:00-04:00,28.40999984741211,30.06999969482422,28.0,29.479999542236328,220800,0.0,0.0
2014-08-14 00:00:00-04:00,29.510000228881836,30.149999618530273,28.8799991607666,29.079999923706055,142500,0.0,0.0
2014-08-15 00:00:00-04:00,29.360000610351562,29.799999237060547,28.260000228881836,28.979999542236328,103100,0.0,0.0
2014-08-18 00:00:00-04:00,29.049999237060547,29.760000228881836,28.649999618530273,29.200000762939453,145000,0.0,0.0
2014-08-19 00:00:00-04:00,29.31999969482422,29.75,29.059999465942383,29.329999923706055,78700,0.0,0.0
2014-08-20 00:00:00-04:00,29.200000762939453,29.5,28.579999923706055,28.760000228881836,166400,0.0,0.0
2014-08-21 00:00:00-04:00,28.709999084472656,29.1299991607666,27.6200008392334,28.81999969482422,248300,0.0,0.0
2014-08-22 00:00:00-04:00,28.799999237060547,28.799999237060547,27.8799991607666,28.219999313354492,195000,0.0,0.0
2014-08-25 00:00:00-04:00,28.6200008392334,30.450000762939453,28.530000686645508,30.1200008392334,152200,0.0,0.0
2014-08-26 00:00:00-04:00,30.170000076293945,30.31999969482422,29.100000381469727,30.100000381469727,136200,0.0,0.0
2014-08-27 00:00:00-04:00,30.06999969482422,30.420000076293945,29.510000228881836,29.850000381469727,124900,0.0,0.0
2014-08-28 00:00:00-04:00,29.540000915527344,29.979999542236328,28.700000762939453,29.610000610351562,119200,0.0,0.0
2014-08-29 00:00:00-04:00,29.600000381469727,29.739999771118164,29.020000457763672,29.329999923706055,95000,0.0,0.0
2014-09-02 00:00:00-04:00,29.329999923706055,29.350000381469727,28.200000762939453,28.889999389648438,149200,0.0,0.0
2014-09-03 00:00:00-04:00,28.989999771118164,29.360000610351562,27.860000610351562,28.049999237060547,265000,0.0,0.0
2014-09-04 00:00:00-04:00,28.100000381469727,28.6299991607666,27.350000381469727,28.510000228881836,197600,0.0,0.0
2014-09-05 00:00:00-04:00,28.420000076293945,28.579999923706055,27.6299991607666,28.06999969482422,168400,0.0,0.0
2014-09-08 00:00:00-04:00,27.899999618530273,28.15999984741211,26.600000381469727,27.739999771118164,149700,0.0,0.0
2014-09-09 00:00:00-04:00,27.59000015258789,27.59000015258789,26.06999969482422,26.25,431900,0.0,0.0
2014-09-10 00:00:00-04:00,26.739999771118164,28.5,26.739999771118164,28.450000762939453,229000,0.0,0.0
2014-09-11 00:00:00-04:00,27.719999313354492,28.18000030517578,27.149999618530273,27.65999984741211,264900,0.0,0.0
2014-09-12 00:00:00-04:00,27.68000030517578,27.700000762939453,26.829999923706055,27.0,86700,0.0,0.0
2014-09-15 00:00:00-04:00,26.959999084472656,27.8700008392334,26.510000228881836,27.5,224400,0.0,0.0
2014-09-16 00:00:00-04:00,27.329999923706055,27.8799991607666,26.979999542236328,27.809999465942383,116300,0.0,0.0
2014-09-17 00:00:00-04:00,28.209999084472656,30.360000610351562,28.209999084472656,29.8799991607666,196200,0.0,0.0
2014-09-18 00:00:00-04:00,30.010000228881836,30.040000915527344,29.09000015258789,29.809999465942383,131200,0.0,0.0
2014-09-19 00:00:00-04:00,30.1299991607666,30.239999771118164,28.81999969482422,29.299999237060547,216000,0.0,0.0
2014-09-22 00:00:00-04:00,29.0,29.40999984741211,27.670000076293945,28.059999465942383,57300,0.0,0.0
2014-09-23 00:00:00-04:00,28.010000228881836,29.06999969482422,27.850000381469727,28.020000457763672,92300,0.0,0.0
2014-09-24 00:00:00-04:00,28.040000915527344,28.770000457763672,27.760000228881836,28.670000076293945,56300,0.0,0.0
2014-09-25 00:00:00-04:00,28.530000686645508,28.850000381469727,27.760000228881836,28.09000015258789,155200,0.0,0.0
2014-09-26 00:00:00-04:00,28.34000015258789,28.690000534057617,27.829999923706055,28.59000015258789,66800,0.0,0.0
2014-09-29 00:00:00-04:00,28.079999923706055,29.209999084472656,27.700000762939453,28.540000915527344,85400,0.0,0.0
2014-09-30 00:00:00-04:00,28.510000228881836,29.739999771118164,27.770000457763672,28.280000686645508,321400,0.0,0.0
2014-10-01 00:00:00-04:00,28.15999984741211,28.299999237060547,26.799999237060547,27.139999389648438,236100,0.0,0.0
2014-10-02 00:00:00-04:00,27.18000030517578,27.8700008392334,26.770000457763672,27.610000610351562,95500,0.0,0.0
2014-10-03 00:00:00-04:00,27.989999771118164,28.40999984741211,27.229999542236328,27.93000030517578,73500,0.0,0.0
2014-10-06 00:00:00-04:00,28.0,28.239999771118164,26.899999618530273,27.239999771118164,105500,0.0,0.0
2014-10-07 00:00:00-04:00,26.950000762939453,27.440000534057617,26.510000228881836,26.610000610351562,76600,0.0,0.0
2014-10-08 00:00:00-04:00,26.610000610351562,27.969999313354492,25.450000762939453,27.8700008392334,103400,0.0,0.0
2014-10-09 00:00:00-04:00,27.799999237060547,28.149999618530273,26.389999389648438,26.739999771118164,132600,0.0,0.0
2014-10-10 00:00:00-04:00,26.809999465942383,27.549999237060547,25.959999084472656,26.239999771118164,331800,0.0,0.0
2014-10-13 00:00:00-04:00,26.3799991607666,27.3700008392334,25.579999923706055,26.079999923706055,101000,0.0,0.0
2014-10-14 00:00:00-04:00,26.489999771118164,26.690000534057617,25.020000457763672,25.420000076293945,164700,0.0,0.0
2014-10-15 00:00:00-04:00,24.790000915527344,26.190000534057617,24.239999771118164,25.969999313354492,127400,0.0,0.0
2014-10-16 00:00:00-04:00,25.020000457763672,28.040000915527344,25.020000457763672,27.850000381469727,86400,0.0,0.0
2014-10-17 00:00:00-04:00,28.350000381469727,28.420000076293945,26.8700008392334,27.420000076293945,192300,0.0,0.0
2014-10-20 00:00:00-04:00,27.260000228881836,28.200000762939453,27.139999389648438,27.790000915527344,222600,0.0,0.0
2014-10-21 00:00:00-04:00,28.0,28.84000015258789,27.450000762939453,28.09000015258789,381200,0.0,0.0
2014-10-22 00:00:00-04:00,28.110000610351562,28.440000534057617,27.610000610351562,27.93000030517578,115900,0.0,0.0
2014-10-23 00:00:00-04:00,28.0,28.68000030517578,27.93000030517578,28.399999618530273,143800,0.0,0.0
2014-10-24 00:00:00-04:00,28.440000534057617,30.100000381469727,28.440000534057617,30.079999923706055,154100,0.0,0.0
2014-10-27 00:00:00-04:00,30.100000381469727,30.3799991607666,28.760000228881836,29.850000381469727,168100,0.0,0.0
2014-10-28 00:00:00-04:00,30.09000015258789,30.809999465942383,29.809999465942383,30.229999542236328,234900,0.0,0.0
2014-10-29 00:00:00-04:00,30.229999542236328,32.869998931884766,29.8700008392334,32.27000045776367,416700,0.0,0.0
2014-10-30 00:00:00-04:00,31.809999465942383,33.400001525878906,30.399999618530273,33.04999923706055,204000,0.0,0.0
2014-10-31 00:00:00-04:00,33.84000015258789,34.65999984741211,32.65999984741211,33.959999084472656,295000,0.0,0.0
2014-11-03 00:00:00-05:00,37.0,41.43000030517578,37.0,41.20000076293945,1543300,0.0,0.0
2014-11-04 00:00:00-05:00,40.97999954223633,44.0,40.5,43.15999984741211,819300,0.0,0.0
2014-11-05 00:00:00-05:00,43.16999816894531,45.86000061035156,43.16999816894531,44.880001068115234,430700,0.0,0.0
2014-11-06 00:00:00-05:00,44.9900016784668,45.5,43.27000045776367,44.790000915527344,403000,0.0,0.0
2014-11-07 00:00:00-05:00,44.869998931884766,46.029998779296875,44.130001068115234,46.0,329000,0.0,0.0
2014-11-10 00:00:00-05:00,46.279998779296875,49.75,46.11000061035156,48.209999084472656,531100,0.0,0.0
2014-11-11 00:00:00-05:00,48.25,49.130001068115234,47.09000015258789,48.349998474121094,306200,0.0,0.0
2014-11-12 00:00:00-05:00,48.25,53.720001220703125,48.25,52.70000076293945,557300,0.0,0.0
2014-11-13 00:00:00-05:00,52.849998474121094,53.20000076293945,50.70000076293945,51.470001220703125,387200,0.0,0.0
2014-11-14 00:00:00-05:00,51.4900016784668,54.2400016784668,50.54999923706055,53.95000076293945,225900,0.0,0.0
2014-11-17 00:00:00-05:00,54.290000915527344,56.7400016784668,52.650001525878906,52.869998931884766,387700,0.0,0.0
2014-11-18 00:00:00-05:00,53.0,56.9900016784668,52.939998626708984,55.65999984741211,259700,0.0,0.0
2014-11-19 00:00:00-05:00,55.41999816894531,56.959999084472656,54.7400016784668,55.2599983215332,187100,0.0,0.0
2014-11-20 00:00:00-05:00,55.22999954223633,56.689998626708984,54.810001373291016,55.7400016784668,176200,0.0,0.0
2014-11-21 00:00:00-05:00,56.63999938964844,56.63999938964844,54.220001220703125,55.04999923706055,182500,0.0,0.0
2014-11-24 00:00:00-05:00,55.04999923706055,55.4900016784668,54.16999816894531,55.0,263600,0.0,0.0
2014-11-25 00:00:00-05:00,55.029998779296875,56.2400016784668,54.59000015258789,55.18000030517578,184500,0.0,0.0
2014-11-26 00:00:00-05:00,55.15999984741211,55.65999984741211,53.900001525878906,55.40999984741211,186600,0.0,0.0
2014-11-28 00:00:00-05:00,55.65999984741211,56.2400016784668,53.81999969482422,54.11000061035156,70900,0.0,0.0
2014-12-01 00:00:00-05:00,53.599998474121094,54.119998931884766,50.720001220703125,53.5,296200,0.0,0.0
2014-12-02 00:00:00-05:00,52.5099983215332,60.0,52.5099983215332,58.5099983215332,378600,0.0,0.0
2014-12-03 00:00:00-05:00,59.36000061035156,61.43000030517578,57.54999923706055,60.209999084472656,260600,0.0,0.0
2014-12-04 00:00:00-05:00,58.939998626708984,58.939998626708984,50.5,53.45000076293945,1221200,0.0,0.0
2014-12-05 00:00:00-05:00,53.9900016784668,55.91999816894531,53.0099983215332,53.290000915527344,464900,0.0,0.0
2014-12-08 00:00:00-05:00,53.45000076293945,56.0,52.0099983215332,52.77000045776367,391900,0.0,0.0
2014-12-09 00:00:00-05:00,51.7400016784668,54.689998626708984,51.380001068115234,52.849998474121094,298600,0.0,0.0
2014-12-10 00:00:00-05:00,52.810001373291016,53.70000076293945,50.59000015258789,51.380001068115234,363200,0.0,0.0
2014-12-11 00:00:00-05:00,51.400001525878906,53.77000045776367,51.209999084472656,51.95000076293945,234700,0.0,0.0
2014-12-12 00:00:00-05:00,51.540000915527344,55.31999969482422,51.5,54.279998779296875,313900,0.0,0.0
2014-12-15 00:00:00-05:00,55.900001525878906,57.36000061035156,53.41999816894531,53.7599983215332,453700,0.0,0.0
2014-12-16 00:00:00-05:00,53.279998779296875,56.029998779296875,53.0,55.08000183105469,359700,0.0,0.0
2014-12-17 00:00:00-05:00,55.13999938964844,57.34000015258789,55.08000183105469,56.130001068115234,349600,0.0,0.0
2014-12-18 00:00:00-05:00,57.20000076293945,57.20000076293945,53.790000915527344,55.79999923706055,359900,0.0,0.0
2014-12-19 00:00:00-05:00,55.68000030517578,56.34000015258789,53.20000076293945,54.15999984741211,1150600,0.0,0.0
2014-12-22 00:00:00-05:00,54.09000015258789,56.27000045776367,53.529998779296875,55.81999969482422,166900,0.0,0.0
2014-12-23 00:00:00-05:00,56.099998474121094,56.16999816894531,52.0,53.45000076293945,247400,0.0,0.0
2014-12-24 00:00:00-05:00,53.47999954223633,55.79999923706055,52.04999923706055,55.2400016784668,113800,0.0,0.0
2014-12-26 00:00:00-05:00,55.310001373291016,55.939998626708984,53.93000030517578,54.540000915527344,116800,0.0,0.0
2014-12-29 00:00:00-05:00,54.540000915527344,55.15999984741211,53.400001525878906,53.959999084472656,158400,0.0,0.0
2014-12-30 00:00:00-05:00,53.58000183105469,56.16999816894531,53.400001525878906,54.36000061035156,129800,0.0,0.0
2014-12-31 00:00:00-05:00,54.630001068115234,57.970001220703125,54.439998626708984,56.38999938964844,197800,0.0,0.0
2015-01-02 00:00:00-05:00,56.599998474121094,58.22999954223633,54.599998474121094,56.9900016784668,294400,0.0,0.0
2015-01-05 00:00:00-05:00,57.0,57.75,55.52000045776367,55.97999954223633,318900,0.0,0.0
2015-01-06 00:00:00-05:00,55.959999084472656,56.5,50.709999084472656,52.209999084472656,374700,0.0,0.0
2015-01-07 00:00:00-05:00,52.61000061035156,54.43000030517578,52.25,53.41999816894531,208900,0.0,0.0
2015-01-08 00:00:00-05:00,54.209999084472656,56.5,53.08000183105469,56.130001068115234,226100,0.0,0.0
2015-01-09 00:00:00-05:00,56.06999969482422,56.56999969482422,53.880001068115234,55.95000076293945,205600,0.0,0.0
2015-01-12 00:00:00-05:00,55.9900016784668,57.59000015258789,55.11000061035156,55.880001068115234,216000,0.0,0.0
2015-01-13 00:00:00-05:00,56.5,56.779998779296875,53.720001220703125,54.40999984741211,260600,0.0,0.0
2015-01-14 00:00:00-05:00,53.689998626708984,56.29999923706055,53.06999969482422,54.7400016784668,309300,0.0,0.0
2015-01-15 00:00:00-05:00,54.689998626708984,55.599998474121094,52.72999954223633,53.470001220703125,254700,0.0,0.0
2015-01-16 00:00:00-05:00,53.310001373291016,56.43000030517578,52.59000015258789,56.209999084472656,300000,0.0,0.0
2015-01-20 00:00:00-05:00,56.20000076293945,56.529998779296875,53.439998626708984,54.93000030517578,233000,0.0,0.0
2015-01-21 00:00:00-05:00,54.810001373291016,55.290000915527344,52.79999923706055,53.33000183105469,120600,0.0,0.0
2015-01-22 00:00:00-05:00,53.619998931884766,53.619998931884766,50.70000076293945,52.81999969482422,164300,0.0,0.0
2015-01-23 00:00:00-05:00,52.810001373291016,53.83000183105469,52.47999954223633,52.7400016784668,168000,0.0,0.0
2015-01-26 00:00:00-05:00,52.75,54.119998931884766,52.119998931884766,53.83000183105469,98000,0.0,0.0
2015-01-27 00:00:00-05:00,53.220001220703125,54.31999969482422,53.02000045776367,53.689998626708984,90000,0.0,0.0
2015-01-28 00:00:00-05:00,56.0,58.959999084472656,55.84000015258789,56.849998474121094,525000,0.0,0.0
2015-01-29 00:00:00-05:00,56.83000183105469,57.93000030517578,54.689998626708984,57.79999923706055,260500,0.0,0.0
2015-01-30 00:00:00-05:00,57.40999984741211,58.36000061035156,55.869998931884766,55.970001220703125,171500,0.0,0.0
2015-02-02 00:00:00-05:00,56.369998931884766,56.529998779296875,54.290000915527344,55.5,1220800,0.0,0.0
2015-02-03 00:00:00-05:00,55.4900016784668,55.7599983215332,52.2599983215332,54.290000915527344,303500,0.0,0.0
2015-02-04 00:00:00-05:00,53.72999954223633,56.25,52.18000030517578,55.47999954223633,287400,0.0,0.0
2015-02-05 00:00:00-05:00,55.90999984741211,57.33000183105469,55.119998931884766,56.91999816894531,208400,0.0,0.0
2015-02-06 00:00:00-05:00,57.220001220703125,57.779998779296875,54.91999816894531,55.310001373291016,218300,0.0,0.0
2015-02-09 00:00:00-05:00,56.20000076293945,61.95000076293945,56.20000076293945,59.279998779296875,564000,0.0,0.0
2015-02-10 00:00:00-05:00,60.13999938964844,63.4900016784668,59.90999984741211,63.439998626708984,468100,0.0,0.0
2015-02-11 00:00:00-05:00,63.439998626708984,64.80000305175781,61.0,62.150001525878906,217100,0.0,0.0
2015-02-12 00:00:00-05:00,62.86000061035156,63.59000015258789,61.09000015258789,63.119998931884766,161700,0.0,0.0
2015-02-13 00:00:00-05:00,63.52000045776367,64.58000183105469,62.0099983215332,62.689998626708984,182200,0.0,0.0
2015-02-17 00:00:00-05:00,63.869998931884766,64.62000274658203,62.369998931884766,63.040000915527344,227900,0.0,0.0
2015-02-18 00:00:00-05:00,63.400001525878906,67.11000061035156,62.0099983215332,66.02999877929688,464700,0.0,0.0
2015-02-19 00:00:00-05:00,61.0,66.69999694824219,61.0,65.0199966430664,440400,0.0,0.0
2015-02-20 00:00:00-05:00,65.19000244140625,69.61000061035156,65.19000244140625,68.66000366210938,327700,0.0,0.0
2015-02-23 00:00:00-05:00,68.68000030517578,71.77999877929688,68.5,69.41000366210938,351900,0.0,0.0
2015-02-24 00:00:00-05:00,69.51000213623047,70.23999786376953,68.31999969482422,69.80000305175781,214000,0.0,0.0
2015-02-25 00:00:00-05:00,70.0,70.0,67.69000244140625,69.08000183105469,203800,0.0,0.0
2015-02-26 00:00:00-05:00,69.29000091552734,70.29000091552734,68.16999816894531,69.45999908447266,185300,0.0,0.0
2015-02-27 00:00:00-05:00,69.58000183105469,69.70999908447266,66.30999755859375,67.36000061035156,283800,0.0,0.0
2015-03-02 00:00:00-05:00,69.0,71.48999786376953,68.56999969482422,70.75,463000,0.0,0.0
2015-03-03 00:00:00-05:00,70.19999694824219,70.19999694824219,65.19999694824219,66.86000061035156,738700,0.0,0.0
2015-03-04 00:00:00-05:00,67.0,67.91999816894531,64.54000091552734,67.18000030517578,422000,0.0,0.0
2015-03-05 00:00:00-05:00,68.0,68.5,66.05999755859375,66.51000213623047,260100,0.0,0.0
2015-03-06 00:00:00-05:00,66.18000030517578,67.44000244140625,65.16999816894531,66.72000122070312,370100,0.0,0.0
2015-03-09 00:00:00-04:00,66.20999908447266,66.41999816894531,61.810001373291016,64.23999786376953,422000,0.0,0.0
2015-03-10 00:00:00-04:00,63.130001068115234,64.38999938964844,62.599998474121094,63.72999954223633,310600,0.0,0.0
2015-03-11 00:00:00-04:00,63.869998931884766,67.19000244140625,62.939998626708984,66.0999984741211,386900,0.0,0.0
2015-03-12 00:00:00-04:00,66.75,66.88999938964844,61.90999984741211,62.15999984741211,1304300,0.0,0.0
2015-03-13 00:00:00-04:00,61.459999084472656,63.38999938964844,60.20000076293945,60.33000183105469,645700,0.0,0.0
2015-03-16 00:00:00-04:00,60.58000183105469,63.040000915527344,60.439998626708984,62.95000076293945,409500,0.0,0.0
2015-03-17 00:00:00-04:00,62.93000030517578,63.4900016784668,61.56999969482422,62.66999816894531,254300,0.0,0.0
2015-03-18 00:00:00-04:00,62.5,63.189998626708984,61.619998931884766,62.91999816894531,220300,0.0,0.0
2015-03-19 00:00:00-04:00,62.84000015258789,67.7699966430664,62.84000015258789,67.5,582200,0.0,0.0
2015-03-20 00:00:00-04:00,68.02999877929688,68.91999816894531,64.7300033569336,65.9800033569336,919200,0.0,0.0
2015-03-23 00:00:00-04:00,66.25,67.30999755859375,64.68000030517578,66.55000305175781,245300,0.0,0.0
2015-03-24 00:00:00-04:00,66.58999633789062,68.0,65.5999984741211,65.87000274658203,183500,0.0,0.0
2015-03-25 00:00:00-04:00,65.9000015258789,66.80000305175781,60.189998626708984,60.34000015258789,406300,0.0,0.0
2015-03-26 00:00:00-04:00,59.95000076293945,61.81999969482422,57.7599983215332,60.38999938964844,340900,0.0,0.0
2015-03-27 00:00:00-04:00,60.41999816894531,62.5099983215332,60.41999816894531,61.939998626708984,309800,0.0,0.0
2015-03-30 00:00:00-04:00,62.849998474121094,64.20999908447266,62.310001373291016,62.93000030517578,184700,0.0,0.0
2015-03-31 00:00:00-04:00,62.95000076293945,63.88999938964844,61.93000030517578,62.54999923706055,182900,0.0,0.0
2015-04-01 00:00:00-04:00,62.349998474121094,63.779998779296875,60.91999816894531,63.7599983215332,157800,0.0,0.0
2015-04-02 00:00:00-04:00,63.88999938964844,65.83000183105469,63.290000915527344,64.41000366210938,179100,0.0,0.0
2015-04-06 00:00:00-04:00,64.2300033569336,66.81999969482422,63.810001373291016,65.75,211200,0.0,0.0
2015-04-07 00:00:00-04:00,65.8499984741211,67.80000305175781,65.41999816894531,65.98999786376953,209800,0.0,0.0
2015-04-08 00:00:00-04:00,65.98999786376953,69.83999633789062,65.41999816894531,69.70999908447266,307600,0.0,0.0
2015-04-09 00:00:00-04:00,69.70999908447266,70.36000061035156,67.75,69.56999969482422,182700,0.0,0.0
2015-04-10 00:00:00-04:00,67.69000244140625,69.54000091552734,67.33999633789062,68.2300033569336,178300,0.0,0.0
2015-04-13 00:00:00-04:00,68.30000305175781,69.37000274658203,67.0,67.27999877929688,204200,0.0,0.0
2015-04-14 00:00:00-04:00,67.26000213623047,67.94999694824219,65.80000305175781,67.37999725341797,123100,0.0,0.0
2015-04-15 00:00:00-04:00,67.66999816894531,68.5,66.62000274658203,67.7699966430664,94500,0.0,0.0
2015-04-16 00:00:00-04:00,67.27999877929688,70.62999725341797,67.27999877929688,68.70999908447266,181300,0.0,0.0
2015-04-17 00:00:00-04:00,67.91999816894531,68.86000061035156,66.55000305175781,67.54000091552734,131800,0.0,0.0
2015-04-20 00:00:00-04:00,67.66000366210938,68.37999725341797,65.88999938964844,68.12000274658203,109200,0.0,0.0
2015-04-21 00:00:00-04:00,68.52999877929688,70.33000183105469,68.06999969482422,68.55000305175781,182200,0.0,0.0
2015-04-22 00:00:00-04:00,68.75,70.95999908447266,67.83000183105469,69.79000091552734,206500,0.0,0.0
2015-04-23 00:00:00-04:00,69.23999786376953,72.61000061035156,68.37999725341797,71.77999877929688,237300,0.0,0.0
2015-04-24 00:00:00-04:00,71.54000091552734,72.43000030517578,69.4800033569336,70.26000213623047,190000,0.0,0.0
2015-04-27 00:00:00-04:00,70.30000305175781,70.79000091552734,65.75,66.13999938964844,203700,0.0,0.0
2015-04-28 00:00:00-04:00,66.20999908447266,68.0199966430664,64.11000061035156,66.66000366210938,174100,0.0,0.0
2015-04-29 00:00:00-04:00,66.13999938964844,66.91000366210938,62.54999923706055,62.869998931884766,289800,0.0,0.0
2015-04-30 00:00:00-04:00,62.66999816894531,63.59000015258789,59.66999816894531,60.97999954223633,346400,0.0,0.0
2015-05-01 00:00:00-04:00,61.060001373291016,63.22999954223633,60.68000030517578,63.029998779296875,227400,0.0,0.0
2015-05-04 00:00:00-04:00,62.9900016784668,64.37999725341797,61.209999084472656,61.81999969482422,234400,0.0,0.0
2015-05-05 00:00:00-04:00,59.88999938964844,59.97999954223633,52.369998931884766,55.599998474121094,960900,0.0,0.0
2015-05-06 00:00:00-04:00,55.4900016784668,56.220001220703125,51.5,52.279998779296875,573300,0.0,0.0
2015-05-07 00:00:00-04:00,52.650001525878906,53.61000061035156,50.709999084472656,53.099998474121094,462800,0.0,0.0
2015-05-08 00:00:00-04:00,53.88999938964844,55.79999923706055,52.150001525878906,52.93000030517578,398400,0.0,0.0
2015-05-11 00:00:00-04:00,53.130001068115234,53.61000061035156,52.130001068115234,52.25,202800,0.0,0.0
2015-05-12 00:00:00-04:00,52.0,53.20000076293945,50.619998931884766,52.189998626708984,273700,0.0,0.0
2015-05-13 00:00:00-04:00,53.040000915527344,53.11000061035156,51.20000076293945,51.310001373291016,223200,0.0,0.0
2015-05-14 00:00:00-04:00,51.66999816894531,52.09000015258789,49.2599983215332,51.56999969482422,383100,0.0,0.0
2015-05-15 00:00:00-04:00,51.7400016784668,52.310001373291016,50.97999954223633,52.119998931884766,166300,0.0,0.0
2015-05-18 00:00:00-04:00,52.0,53.11000061035156,51.27000045776367,52.7400016784668,208500,0.0,0.0
2015-05-19 00:00:00-04:00,53.08000183105469,54.41999816894531,51.470001220703125,52.220001220703125,344400,0.0,0.0
2015-05-20 00:00:00-04:00,51.369998931884766,52.16999816894531,50.880001068115234,51.529998779296875,208500,0.0,0.0
2015-05-21 00:00:00-04:00,51.59000015258789,52.45000076293945,51.36000061035156,52.0,129100,0.0,0.0
2015-05-22 00:00:00-04:00,52.119998931884766,53.36000061035156,51.86000061035156,53.099998474121094,135100,0.0,0.0
2015-05-26 00:00:00-04:00,52.349998474121094,53.0,50.77000045776367,51.41999816894531,187900,0.0,0.0
2015-05-27 00:00:00-04:00,51.25,51.66999816894531,50.560001373291016,50.869998931884766,159400,0.0,0.0
2015-05-28 00:00:00-04:00,50.54999923706055,51.400001525878906,49.560001373291016,50.72999954223633,214700,0.0,0.0
2015-05-29 00:00:00-04:00,50.849998474121094,50.88999938964844,49.54999923706055,50.380001068115234,318900,0.0,0.0
2015-06-01 00:00:00-04:00,49.77000045776367,50.63999938964844,48.459999084472656,49.68000030517578,414700,0.0,0.0
2015-06-02 00:00:00-04:00,49.16999816894531,50.88999938964844,47.560001373291016,49.68000030517578,819600,0.0,0.0
2015-06-03 00:00:00-04:00,50.09000015258789,54.7599983215332,49.95000076293945,53.630001068115234,394500,0.0,0.0
2015-06-04 00:00:00-04:00,54.25,55.18000030517578,53.08000183105469,54.209999084472656,280000,0.0,0.0
2015-06-05 00:00:00-04:00,54.2400016784668,55.58000183105469,53.33000183105469,55.130001068115234,285300,0.0,0.0
2015-06-08 00:00:00-04:00,55.25,56.380001068115234,54.209999084472656,54.9900016784668,287900,0.0,0.0
2015-06-09 00:00:00-04:00,55.0,55.56999969482422,53.709999084472656,54.86000061035156,237900,0.0,0.0
2015-06-10 00:00:00-04:00,55.0,55.66999816894531,54.150001525878906,55.27000045776367,136500,0.0,0.0
2015-06-11 00:00:00-04:00,55.369998931884766,56.599998474121094,55.2400016784668,55.45000076293945,154700,0.0,0.0
2015-06-12 00:00:00-04:00,55.31999969482422,57.13999938964844,54.810001373291016,55.70000076293945,222000,0.0,0.0
2015-06-15 00:00:00-04:00,56.18000030517578,58.119998931884766,55.119998931884766,57.7400016784668,318800,0.0,0.0
2015-06-16 00:00:00-04:00,57.849998474121094,59.0,57.08000183105469,58.79999923706055,255500,0.0,0.0
2015-06-17 00:00:00-04:00,59.060001373291016,59.470001220703125,57.5,57.900001525878906,223800,0.0,0.0
2015-06-18 00:00:00-04:00,58.04999923706055,61.7400016784668,58.04999923706055,60.84000015258789,395600,0.0,0.0
2015-06-19 00:00:00-04:00,60.97999954223633,62.400001525878906,59.939998626708984,61.650001525878906,327000,0.0,0.0
2015-06-22 00:00:00-04:00,62.0,62.97999954223633,61.11000061035156,61.880001068115234,228000,0.0,0.0
2015-06-23 00:00:00-04:00,62.220001220703125,64.33999633789062,61.630001068115234,63.5099983215332,375000,0.0,0.0
2015-06-24 00:00:00-04:00,63.25,64.62999725341797,62.54999923706055,63.310001373291016,401700,0.0,0.0
2015-06-25 00:00:00-04:00,65.30999755859375,65.45999908447266,63.56999969482422,64.58000183105469,356000,0.0,0.0
2015-06-26 00:00:00-04:00,65.0,65.0,62.25,62.77000045776367,460800,0.0,0.0
2015-06-29 00:00:00-04:00,62.060001373291016,62.689998626708984,60.29999923706055,61.0099983215332,295400,0.0,0.0
2015-06-30 00:00:00-04:00,61.61000061035156,62.58000183105469,60.72999954223633,62.04999923706055,215300,0.0,0.0
2015-07-01 00:00:00-04:00,62.59000015258789,63.189998626708984,61.66999816894531,62.45000076293945,236200,0.0,0.0
2015-07-02 00:00:00-04:00,62.2400016784668,62.790000915527344,60.79999923706055,61.290000915527344,174700,0.0,0.0
2015-07-06 00:00:00-04:00,60.91999816894531,62.56999969482422,60.04999923706055,61.29999923706055,202600,0.0,0.0
2015-07-07 00:00:00-04:00,61.59000015258789,61.59000015258789,59.650001525878906,60.709999084472656,282000,0.0,0.0
2015-07-08 00:00:00-04:00,59.90999984741211,60.83000183105469,58.52000045776367,58.779998779296875,360700,0.0,0.0
2015-07-09 00:00:00-04:00,59.40999984741211,61.90999984741211,58.84000015258789,60.86000061035156,223800,0.0,0.0
2015-07-10 00:00:00-04:00,62.09000015258789,62.849998474121094,61.209999084472656,62.220001220703125,178100,0.0,0.0
2015-07-13 00:00:00-04:00,64.20999908447266,68.19000244140625,63.0099983215332,67.19000244140625,523600,0.0,0.0
2015-07-14 00:00:00-04:00,67.37999725341797,68.55000305175781,66.31999969482422,67.52999877929688,263700,0.0,0.0
2015-07-15 00:00:00-04:00,68.45999908447266,69.79000091552734,65.0,65.4000015258789,440400,0.0,0.0
2015-07-16 00:00:00-04:00,66.18000030517578,69.0,65.56999969482422,67.44000244140625,335800,0.0,0.0
2015-07-17 00:00:00-04:00,67.58999633789062,70.0,67.31999969482422,69.30000305175781,325100,0.0,0.0
2015-07-20 00:00:00-04:00,69.37000274658203,69.91000366210938,68.25,68.80000305175781,256900,0.0,0.0
2015-07-21 00:00:00-04:00,68.80999755859375,71.87999725341797,68.80999755859375,71.18000030517578,388900,0.0,0.0
2015-07-22 00:00:00-04:00,70.83000183105469,71.37000274658203,69.41000366210938,70.62000274658203,173500,0.0,0.0
2015-07-23 00:00:00-04:00,70.86000061035156,72.5199966430664,69.97000122070312,70.16000366210938,269300,0.0,0.0
2015-07-24 00:00:00-04:00,69.63999938964844,70.9000015258789,67.4000015258789,68.11000061035156,295100,0.0,0.0
2015-07-27 00:00:00-04:00,68.02999877929688,71.05000305175781,66.12000274658203,69.98999786376953,463600,0.0,0.0
2015-07-28 00:00:00-04:00,71.01000213623047,73.22000122070312,68.30999755859375,71.31999969482422,524600,0.0,0.0
2015-07-29 00:00:00-04:00,71.04000091552734,72.08000183105469,68.20999908447266,69.0199966430664,436500,0.0,0.0
2015-07-30 00:00:00-04:00,68.98999786376953,71.2699966430664,67.5999984741211,70.9000015258789,323700,0.0,0.0
2015-07-31 00:00:00-04:00,71.37000274658203,73.54000091552734,70.45999908447266,71.02999877929688,351900,0.0,0.0
2015-08-03 00:00:00-04:00,71.0199966430664,71.87999725341797,68.0,68.9000015258789,372500,0.0,0.0
2015-08-04 00:00:00-04:00,65.4000015258789,67.1500015258789,59.060001373291016,59.189998626708984,987600,0.0,0.0
2015-08-05 00:00:00-04:00,59.560001373291016,60.88999938964844,57.09000015258789,59.27000045776367,451400,0.0,0.0
2015-08-06 00:00:00-04:00,59.310001373291016,60.029998779296875,55.630001068115234,55.77000045776367,402900,0.0,0.0
2015-08-07 00:00:00-04:00,55.22999954223633,57.779998779296875,53.25,54.34000015258789,411400,0.0,0.0
2015-08-10 00:00:00-04:00,54.529998779296875,56.7400016784668,53.849998474121094,54.810001373291016,215700,0.0,0.0
2015-08-11 00:00:00-04:00,54.099998474121094,55.279998779296875,52.880001068115234,54.27000045776367,185900,0.0,0.0
2015-08-12 00:00:00-04:00,53.650001525878906,57.61000061035156,52.560001373291016,56.20000076293945,311300,0.0,0.0
2015-08-13 00:00:00-04:00,55.9900016784668,57.72999954223633,55.439998626708984,55.959999084472656,251900,0.0,0.0
2015-08-14 00:00:00-04:00,56.0,56.13999938964844,53.33000183105469,54.7599983215332,270600,0.0,0.0
2015-08-17 00:00:00-04:00,54.650001525878906,57.369998931884766,53.11000061035156,56.959999084472656,302000,0.0,0.0
2015-08-18 00:00:00-04:00,56.56999969482422,57.04999923706055,55.0,55.34000015258789,296100,0.0,0.0
2015-08-19 00:00:00-04:00,55.130001068115234,55.560001373291016,53.70000076293945,54.7599983215332,132400,0.0,0.0
2015-08-20 00:00:00-04:00,54.0099983215332,54.630001068115234,50.349998474121094,50.369998931884766,283100,0.0,0.0
2015-08-21 00:00:00-04:00,49.310001373291016,51.099998474121094,48.220001220703125,49.380001068115234,431800,0.0,0.0
2015-08-24 00:00:00-04:00,45.54999923706055,50.91999816894531,43.68000030517578,48.0099983215332,353000,0.0,0.0
2015-08-25 00:00:00-04:00,50.189998626708984,50.189998626708984,47.81999969482422,47.970001220703125,182300,0.0,0.0
2015-08-26 00:00:00-04:00,49.310001373291016,50.209999084472656,47.209999084472656,50.060001373291016,229400,0.0,0.0
2015-08-27 00:00:00-04:00,50.27000045776367,51.0,49.0,50.09000015258789,237300,0.0,0.0
2015-08-28 00:00:00-04:00,49.650001525878906,52.79999923706055,49.529998779296875,52.0,211300,0.0,0.0
2015-08-31 00:00:00-04:00,51.56999969482422,52.09000015258789,48.70000076293945,48.77000045776367,199500,0.0,0.0
2015-09-01 00:00:00-04:00,47.75,52.43000030517578,46.20000076293945,50.36000061035156,361400,0.0,0.0
2015-09-02 00:00:00-04:00,50.9900016784668,51.65999984741211,49.41999816894531,51.599998474121094,204800,0.0,0.0
2015-09-03 00:00:00-04:00,52.2400016784668,53.9900016784668,51.060001373291016,51.77000045776367,357500,0.0,0.0
2015-09-04 00:00:00-04:00,50.9900016784668,53.02000045776367,50.25,51.790000915527344,118300,0.0,0.0
2015-09-08 00:00:00-04:00,53.0099983215332,54.040000915527344,51.77000045776367,53.95000076293945,171600,0.0,0.0
2015-09-09 00:00:00-04:00,54.04999923706055,54.439998626708984,51.52000045776367,51.66999816894531,121600,0.0,0.0
2015-09-10 00:00:00-04:00,51.59000015258789,52.97999954223633,51.38999938964844,51.959999084472656,129000,0.0,0.0
2015-09-11 00:00:00-04:00,52.15999984741211,52.77000045776367,51.209999084472656,52.66999816894531,145400,0.0,0.0
2015-09-14 00:00:00-04:00,52.81999969482422,53.83000183105469,51.79999923706055,53.470001220703125,159200,0.0,0.0
2015-09-15 00:00:00-04:00,53.47999954223633,53.95000076293945,52.52000045776367,53.310001373291016,156500,0.0,0.0
2015-09-16 00:00:00-04:00,53.290000915527344,54.650001525878906,51.400001525878906,54.06999969482422,191600,0.0,0.0
2015-09-17 00:00:00-04:00,54.72999954223633,55.75,53.650001525878906,55.54999923706055,235900,0.0,0.0
2015-09-18 00:00:00-04:00,54.54999923706055,55.25,52.66999816894531,53.06999969482422,770800,0.0,0.0
2015-09-21 00:00:00-04:00,54.099998474121094,58.70000076293945,52.27000045776367,55.400001525878906,835000,0.0,0.0
2015-09-22 00:00:00-04:00,54.43000030517578,55.04999923706055,46.060001373291016,46.65999984741211,1263500,0.0,0.0
2015-09-23 00:00:00-04:00,47.349998474121094,48.47999954223633,44.0099983215332,44.88999938964844,596200,0.0,0.0
2015-09-24 00:00:00-04:00,44.5099983215332,46.59000015258789,43.599998474121094,46.20000076293945,394600,0.0,0.0
2015-09-25 00:00:00-04:00,46.599998474121094,47.54999923706055,41.529998779296875,43.209999084472656,996500,0.0,0.0
2015-09-28 00:00:00-04:00,44.310001373291016,46.0,38.79999923706055,39.61000061035156,760200,0.0,0.0
2015-09-29 00:00:00-04:00,39.65999984741211,40.79999923706055,37.20000076293945,37.540000915527344,566100,0.0,0.0
2015-09-30 00:00:00-04:00,38.5099983215332,40.0,37.810001373291016,39.5099983215332,522500,0.0,0.0
2015-10-01 00:00:00-04:00,39.869998931884766,43.43000030517578,39.0099983215332,43.130001068115234,441200,0.0,0.0
2015-10-02 00:00:00-04:00,42.150001525878906,44.38999938964844,40.779998779296875,43.619998931884766,364800,0.0,0.0
2015-10-05 00:00:00-04:00,48.279998779296875,50.06999969482422,45.7400016784668,48.18000030517578,962300,0.0,0.0
2015-10-06 00:00:00-04:00,47.9900016784668,48.310001373291016,41.47999954223633,43.54999923706055,550600,0.0,0.0
2015-10-07 00:00:00-04:00,43.900001525878906,46.029998779296875,42.77000045776367,45.33000183105469,268200,0.0,0.0
2015-10-08 00:00:00-04:00,45.06999969482422,46.349998474121094,44.0,45.849998474121094,420400,0.0,0.0
2015-10-09 00:00:00-04:00,44.900001525878906,45.459999084472656,41.560001373291016,42.66999816894531,842400,0.0,0.0
2015-10-12 00:00:00-04:00,43.11000061035156,43.45000076293945,40.33000183105469,40.52000045776367,448600,0.0,0.0
2015-10-13 00:00:00-04:00,40.90999984741211,42.279998779296875,38.0,38.11000061035156,539400,0.0,0.0
2015-10-14 00:00:00-04:00,38.349998474121094,39.72999954223633,38.0099983215332,38.81999969482422,377500,0.0,0.0
2015-10-15 00:00:00-04:00,38.75,41.33000183105469,38.630001068115234,41.029998779296875,290500,0.0,0.0
2015-10-16 00:00:00-04:00,41.189998626708984,42.5,40.06999969482422,41.369998931884766,293900,0.0,0.0
2015-10-19 00:00:00-04:00,41.619998931884766,42.88999938964844,40.02000045776367,41.849998474121094,296600,0.0,0.0
2015-10-20 00:00:00-04:00,41.560001373291016,42.220001220703125,39.68000030517578,40.34000015258789,489100,0.0,0.0
2015-10-21 00:00:00-04:00,40.79999923706055,40.79999923706055,38.0,39.439998626708984,553700,0.0,0.0
2015-10-22 00:00:00-04:00,39.470001220703125,40.18000030517578,36.150001525878906,37.34000015258789,558200,0.0,0.0
2015-10-23 00:00:00-04:00,38.459999084472656,42.34000015258789,37.45000076293945,41.7599983215332,568900,0.0,0.0
2015-10-26 00:00:00-04:00,41.849998474121094,42.849998474121094,40.720001220703125,41.349998474121094,277700,0.0,0.0
2015-10-27 00:00:00-04:00,41.349998474121094,42.119998931884766,39.52000045776367,41.47999954223633,423500,0.0,0.0
2015-10-28 00:00:00-04:00,41.2599983215332,44.150001525878906,40.779998779296875,44.09000015258789,386400,0.0,0.0
2015-10-29 00:00:00-04:00,43.810001373291016,44.97999954223633,42.779998779296875,43.13999938964844,315200,0.0,0.0
2015-10-30 00:00:00-04:00,43.0,43.5,41.36000061035156,41.84000015258789,394300,0.0,0.0
2015-11-02 00:00:00-05:00,42.119998931884766,44.959999084472656,41.88999938964844,44.77000045776367,480200,0.0,0.0
2015-11-03 00:00:00-05:00,41.02000045776367,42.4900016784668,38.0099983215332,39.900001525878906,1064600,0.0,0.0
2015-11-04 00:00:00-05:00,40.06999969482422,43.630001068115234,40.06999969482422,42.810001373291016,433000,0.0,0.0
2015-11-05 00:00:00-05:00,42.61000061035156,43.06999969482422,39.9900016784668,40.97999954223633,230200,0.0,0.0
2015-11-06 00:00:00-05:00,41.130001068115234,43.0,39.790000915527344,42.66999816894531,193500,0.0,0.0
2015-11-09 00:00:00-05:00,42.13999938964844,43.25,41.599998474121094,42.380001068115234,259700,0.0,0.0
2015-11-10 00:00:00-05:00,42.11000061035156,43.08000183105469,40.88999938964844,42.84000015258789,264500,0.0,0.0
2015-11-11 00:00:00-05:00,42.810001373291016,43.20000076293945,39.25,39.56999969482422,534200,0.0,0.0
2015-11-12 00:00:00-05:00,39.77000045776367,41.90999984741211,39.189998626708984,40.33000183105469,281300,0.0,0.0
2015-11-13 00:00:00-05:00,41.13999938964844,44.0,40.79999923706055,42.77000045776367,419600,0.0,0.0
2015-11-16 00:00:00-05:00,42.58000183105469,43.11000061035156,39.63999938964844,41.25,356200,0.0,0.0
2015-11-17 00:00:00-05:00,41.09000015258789,43.7599983215332,40.40999984741211,43.060001373291016,567800,0.0,0.0
2015-11-18 00:00:00-05:00,43.0,43.900001525878906,42.560001373291016,43.40999984741211,301600,0.0,0.0
2015-11-19 00:00:00-05:00,43.56999969482422,43.70000076293945,41.130001068115234,41.650001525878906,211300,0.0,0.0
2015-11-20 00:00:00-05:00,41.86000061035156,43.029998779296875,41.40999984741211,42.369998931884766,316600,0.0,0.0
2015-11-23 00:00:00-05:00,42.08000183105469,43.36000061035156,42.08000183105469,42.869998931884766,236000,0.0,0.0
2015-11-24 00:00:00-05:00,42.34000015258789,43.279998779296875,41.83000183105469,43.18000030517578,118300,0.0,0.0
2015-11-25 00:00:00-05:00,43.349998474121094,44.0,43.0099983215332,43.84000015258789,112500,0.0,0.0
2015-11-27 00:00:00-05:00,43.90999984741211,44.220001220703125,43.0099983215332,44.06999969482422,35000,0.0,0.0
2015-11-30 00:00:00-05:00,44.060001373291016,44.16999816894531,43.0,43.81999969482422,153600,0.0,0.0
2015-12-01 00:00:00-05:00,43.95000076293945,44.040000915527344,42.720001220703125,43.970001220703125,276000,0.0,0.0
2015-12-02 00:00:00-05:00,44.04999923706055,45.47999954223633,43.25,43.68000030517578,272300,0.0,0.0
2015-12-03 00:00:00-05:00,44.119998931884766,44.119998931884766,41.58000183105469,42.220001220703125,299900,0.0,0.0
2015-12-04 00:00:00-05:00,42.459999084472656,44.33000183105469,41.72999954223633,44.06999969482422,326900,0.0,0.0
2015-12-07 00:00:00-05:00,43.20000076293945,43.41999816894531,40.880001068115234,41.15999984741211,471300,0.0,0.0
2015-12-08 00:00:00-05:00,40.83000183105469,43.83000183105469,40.15999984741211,43.470001220703125,327300,0.0,0.0
2015-12-09 00:00:00-05:00,43.150001525878906,43.61000061035156,41.869998931884766,42.65999984741211,317100,0.0,0.0
2015-12-10 00:00:00-05:00,42.79999923706055,45.58000183105469,42.5099983215332,44.939998626708984,394500,0.0,0.0
2015-12-11 00:00:00-05:00,44.220001220703125,44.36000061035156,41.52000045776367,42.61000061035156,309500,0.0,0.0
2015-12-14 00:00:00-05:00,43.0,43.7599983215332,40.27000045776367,42.4900016784668,304000,0.0,0.0
2015-12-15 00:00:00-05:00,43.119998931884766,45.560001373291016,42.4900016784668,44.25,301500,0.0,0.0
2015-12-16 00:00:00-05:00,45.0,45.88999938964844,43.709999084472656,45.16999816894531,251700,0.0,0.0
2015-12-17 00:00:00-05:00,46.0,46.0,43.09000015258789,43.4900016784668,223300,0.0,0.0
2015-12-18 00:00:00-05:00,43.2400016784668,44.70000076293945,43.06999969482422,44.22999954223633,568900,0.0,0.0
2015-12-21 00:00:00-05:00,44.5,45.970001220703125,43.2400016784668,45.31999969482422,193400,0.0,0.0
2015-12-22 00:00:00-05:00,45.36000061035156,45.91999816894531,44.72999954223633,45.290000915527344,255400,0.0,0.0
2015-12-23 00:00:00-05:00,45.619998931884766,49.34000015258789,45.290000915527344,48.209999084472656,334000,0.0,0.0
2015-12-24 00:00:00-05:00,48.290000915527344,48.900001525878906,46.400001525878906,47.47999954223633,118700,0.0,0.0
2015-12-28 00:00:00-05:00,47.16999816894531,47.34000015258789,45.45000076293945,46.720001220703125,233500,0.0,0.0
2015-12-29 00:00:00-05:00,47.060001373291016,48.810001373291016,46.720001220703125,48.0099983215332,117500,0.0,0.0
2015-12-30 00:00:00-05:00,47.790000915527344,47.790000915527344,46.650001525878906,46.86000061035156,108200,0.0,0.0
2015-12-31 00:00:00-05:00,46.779998779296875,47.09000015258789,44.65999984741211,45.130001068115234,233400,0.0,0.0
2016-01-04 00:00:00-05:00,44.52000045776367,44.66999816894531,43.02000045776367,44.06999969482422,210600,0.0,0.0
2016-01-05 00:00:00-05:00,44.79999923706055,46.0099983215332,43.90999984741211,44.54999923706055,213400,0.0,0.0
2016-01-06 00:00:00-05:00,44.0,44.5099983215332,42.13999938964844,42.470001220703125,169200,0.0,0.0
2016-01-07 00:00:00-05:00,41.83000183105469,42.349998474121094,39.959999084472656,40.09000015258789,231800,0.0,0.0
2016-01-08 00:00:00-05:00,40.540000915527344,41.400001525878906,38.349998474121094,39.06999969482422,264000,0.0,0.0
2016-01-11 00:00:00-05:00,39.560001373291016,39.58000183105469,36.5,37.290000915527344,288500,0.0,0.0
2016-01-12 00:00:00-05:00,37.65999984741211,39.310001373291016,37.5,39.060001373291016,210800,0.0,0.0
2016-01-13 00:00:00-05:00,39.349998474121094,39.84000015258789,35.93000030517578,36.380001068115234,229500,0.0,0.0
2016-01-14 00:00:00-05:00,36.5,38.650001525878906,34.689998626708984,37.9900016784668,187300,0.0,0.0
2016-01-15 00:00:00-05:00,36.61000061035156,38.099998474121094,34.130001068115234,35.66999816894531,242100,0.0,0.0
2016-01-19 00:00:00-05:00,36.290000915527344,36.689998626708984,33.02000045776367,33.880001068115234,228800,0.0,0.0
2016-01-20 00:00:00-05:00,33.11000061035156,35.70000076293945,31.84000015258789,34.86000061035156,245800,0.0,0.0
2016-01-21 00:00:00-05:00,34.9900016784668,36.04999923706055,33.709999084472656,34.83000183105469,146200,0.0,0.0
2016-01-22 00:00:00-05:00,35.65999984741211,37.209999084472656,35.09000015258789,35.459999084472656,138600,0.0,0.0
2016-01-25 00:00:00-05:00,35.5,35.880001068115234,34.720001220703125,34.97999954223633,129800,0.0,0.0
2016-01-26 00:00:00-05:00,34.83000183105469,35.2599983215332,33.59000015258789,34.68000030517578,166600,0.0,0.0
2016-01-27 00:00:00-05:00,34.439998626708984,34.7599983215332,32.369998931884766,32.68000030517578,236400,0.0,0.0
2016-01-28 00:00:00-05:00,33.06999969482422,33.650001525878906,30.93000030517578,31.5,234800,0.0,0.0
2016-01-29 00:00:00-05:00,31.790000915527344,32.400001525878906,30.549999237060547,32.0099983215332,240400,0.0,0.0
2016-02-01 00:00:00-05:00,31.8799991607666,33.9900016784668,31.360000610351562,33.220001220703125,195300,0.0,0.0
2016-02-02 00:00:00-05:00,32.43000030517578,32.7599983215332,30.81999969482422,31.049999237060547,202400,0.0,0.0
2016-02-03 00:00:00-05:00,31.229999542236328,32.0099983215332,30.030000686645508,31.75,182100,0.0,0.0
2016-02-04 00:00:00-05:00,31.5,33.33000183105469,31.170000076293945,32.189998626708984,123200,0.0,0.0
2016-02-05 00:00:00-05:00,31.989999771118164,32.16999816894531,30.18000030517578,30.610000610351562,186300,0.0,0.0
2016-02-08 00:00:00-05:00,30.139999389648438,30.280000686645508,27.530000686645508,28.09000015258789,202500,0.0,0.0
2016-02-09 00:00:00-05:00,27.420000076293945,29.719999313354492,26.799999237060547,28.940000534057617,148600,0.0,0.0
2016-02-10 00:00:00-05:00,29.360000610351562,30.389999389648438,28.6200008392334,28.809999465942383,205000,0.0,0.0
2016-02-11 00:00:00-05:00,28.06999969482422,29.030000686645508,27.0,28.469999313354492,146000,0.0,0.0
2016-02-12 00:00:00-05:00,29.290000915527344,29.290000915527344,27.809999465942383,29.010000228881836,106000,0.0,0.0
2016-02-16 00:00:00-05:00,29.420000076293945,30.399999618530273,29.420000076293945,29.670000076293945,197700,0.0,0.0
2016-02-17 00:00:00-05:00,30.0,31.010000228881836,29.739999771118164,30.860000610351562,230800,0.0,0.0
2016-02-18 00:00:00-05:00,31.350000381469727,31.90999984741211,30.25,30.290000915527344,277000,0.0,0.0
2016-02-19 00:00:00-05:00,30.110000610351562,30.950000762939453,30.0,30.440000534057617,142800,0.0,0.0
2016-02-22 00:00:00-05:00,31.010000228881836,31.610000610351562,30.520000457763672,31.399999618530273,227400,0.0,0.0
2016-02-23 00:00:00-05:00,31.700000762939453,36.54999923706055,31.6299991607666,34.33000183105469,598400,0.0,0.0
2016-02-24 00:00:00-05:00,33.459999084472656,34.7400016784668,32.0,34.2599983215332,380100,0.0,0.0
2016-02-25 00:00:00-05:00,34.22999954223633,34.900001525878906,33.099998474121094,33.65999984741211,170600,0.0,0.0
2016-02-26 00:00:00-05:00,33.959999084472656,34.7599983215332,33.529998779296875,33.939998626708984,124500,0.0,0.0
2016-02-29 00:00:00-05:00,33.619998931884766,33.90999984741211,32.540000915527344,33.060001373291016,150400,0.0,0.0
2016-03-01 00:00:00-05:00,33.38999938964844,34.27000045776367,32.56999969482422,34.2599983215332,120300,0.0,0.0
2016-03-02 00:00:00-05:00,34.16999816894531,35.779998779296875,33.43000030517578,35.540000915527344,323500,0.0,0.0
2016-03-03 00:00:00-05:00,35.43000030517578,35.66999816894531,34.4900016784668,35.45000076293945,208300,0.0,0.0
2016-03-04 00:00:00-05:00,35.45000076293945,36.45000076293945,34.56999969482422,35.20000076293945,174800,0.0,0.0
2016-03-07 00:00:00-05:00,35.04999923706055,36.70000076293945,34.70000076293945,36.369998931884766,178200,0.0,0.0
2016-03-08 00:00:00-05:00,36.06999969482422,36.400001525878906,34.72999954223633,34.84000015258789,168800,0.0,0.0
2016-03-09 00:00:00-05:00,35.119998931884766,35.34000015258789,33.869998931884766,34.709999084472656,231800,0.0,0.0
2016-03-10 00:00:00-05:00,34.9900016784668,35.75,33.45000076293945,34.08000183105469,224100,0.0,0.0
2016-03-11 00:00:00-05:00,34.7599983215332,36.27000045776367,34.22999954223633,36.15999984741211,225400,0.0,0.0
2016-03-14 00:00:00-04:00,36.18000030517578,36.790000915527344,35.060001373291016,35.2400016784668,185900,0.0,0.0
2016-03-15 00:00:00-04:00,34.779998779296875,34.86000061035156,32.54999923706055,33.209999084472656,286600,0.0,0.0
2016-03-16 00:00:00-04:00,33.040000915527344,33.88999938964844,30.809999465942383,31.469999313354492,234900,0.0,0.0
2016-03-17 00:00:00-04:00,31.34000015258789,32.0,30.149999618530273,31.600000381469727,297400,0.0,0.0
2016-03-18 00:00:00-04:00,31.75,32.790000915527344,31.0,32.040000915527344,695900,0.0,0.0
2016-03-21 00:00:00-04:00,31.799999237060547,34.099998474121094,31.799999237060547,33.25,227700,0.0,0.0
2016-03-22 00:00:00-04:00,32.91999816894531,34.9900016784668,32.91999816894531,34.68000030517578,152500,0.0,0.0
2016-03-23 00:00:00-04:00,34.130001068115234,34.97999954223633,32.880001068115234,32.9900016784668,235600,0.0,0.0
2016-03-24 00:00:00-04:00,32.68000030517578,33.25,32.099998474121094,32.54999923706055,209600,0.0,0.0
2016-03-28 00:00:00-04:00,32.79999923706055,32.79999923706055,31.350000381469727,31.549999237060547,308700,0.0,0.0
2016-03-29 00:00:00-04:00,31.530000686645508,32.5099983215332,30.600000381469727,32.400001525878906,232900,0.0,0.0
2016-03-30 00:00:00-04:00,32.709999084472656,33.91999816894531,31.600000381469727,32.33000183105469,219800,0.0,0.0
2016-03-31 00:00:00-04:00,32.540000915527344,34.08000183105469,32.400001525878906,33.65999984741211,259500,0.0,0.0
2016-04-01 00:00:00-04:00,33.36000061035156,34.220001220703125,32.459999084472656,33.939998626708984,196800,0.0,0.0
2016-04-04 00:00:00-04:00,36.709999084472656,39.2400016784668,36.630001068115234,36.90999984741211,820100,0.0,0.0
2016-04-05 00:00:00-04:00,36.56999969482422,37.540000915527344,35.869998931884766,36.31999969482422,217800,0.0,0.0
2016-04-06 00:00:00-04:00,36.529998779296875,41.439998626708984,36.4900016784668,40.970001220703125,392200,0.0,0.0
2016-04-07 00:00:00-04:00,40.7400016784668,41.869998931884766,40.099998474121094,40.59000015258789,497600,0.0,0.0
2016-04-08 00:00:00-04:00,41.38999938964844,41.40999984741211,40.0,40.56999969482422,201600,0.0,0.0
2016-04-11 00:00:00-04:00,41.029998779296875,41.13999938964844,40.060001373291016,40.41999816894531,152900,0.0,0.0
2016-04-12 00:00:00-04:00,40.290000915527344,41.0,39.790000915527344,40.27000045776367,159100,0.0,0.0
2016-04-13 00:00:00-04:00,40.91999816894531,42.91999816894531,40.66999816894531,42.849998474121094,362700,0.0,0.0
2016-04-14 00:00:00-04:00,42.70000076293945,43.65999984741211,42.31999969482422,43.099998474121094,152100,0.0,0.0
2016-04-15 00:00:00-04:00,42.900001525878906,43.5,42.349998474121094,43.25,135900,0.0,0.0
2016-04-18 00:00:00-04:00,42.90999984741211,45.04999923706055,42.45000076293945,44.7599983215332,181200,0.0,0.0
2016-04-19 00:00:00-04:00,44.709999084472656,46.54999923706055,44.290000915527344,46.31999969482422,252400,0.0,0.0
2016-04-20 00:00:00-04:00,46.16999816894531,47.2400016784668,45.86000061035156,47.0099983215332,214100,0.0,0.0
2016-04-21 00:00:00-04:00,47.0099983215332,49.349998474121094,46.279998779296875,48.58000183105469,198600,0.0,0.0
2016-04-22 00:00:00-04:00,48.529998779296875,49.52000045776367,47.849998474121094,48.2400016784668,201400,0.0,0.0
2016-04-25 00:00:00-04:00,47.959999084472656,49.02000045776367,46.88999938964844,47.77000045776367,134200,0.0,0.0
2016-04-26 00:00:00-04:00,47.790000915527344,49.099998474121094,46.959999084472656,47.720001220703125,210600,0.0,0.0
2016-04-27 00:00:00-04:00,47.369998931884766,47.709999084472656,45.40999984741211,47.290000915527344,206300,0.0,0.0
2016-04-28 00:00:00-04:00,46.959999084472656,47.79999923706055,46.459999084472656,46.65999984741211,149700,0.0,0.0
2016-04-29 00:00:00-04:00,46.54999923706055,46.65999984741211,44.849998474121094,45.470001220703125,229400,0.0,0.0
2016-05-02 00:00:00-04:00,45.59000015258789,46.279998779296875,44.4900016784668,46.11000061035156,195200,0.0,0.0
2016-05-03 00:00:00-04:00,45.709999084472656,46.439998626708984,45.0,45.84000015258789,216300,0.0,0.0
2016-05-04 00:00:00-04:00,45.2400016784668,45.72999954223633,43.45000076293945,43.68000030517578,249300,0.0,0.0
2016-05-05 00:00:00-04:00,44.97999954223633,47.56999969482422,42.369998931884766,46.66999816894531,440400,0.0,0.0
2016-05-06 00:00:00-04:00,46.15999984741211,47.63999938964844,45.720001220703125,46.4900016784668,318400,0.0,0.0
2016-05-09 00:00:00-04:00,46.58000183105469,47.400001525878906,45.150001525878906,45.41999816894531,172200,0.0,0.0
2016-05-10 00:00:00-04:00,45.619998931884766,46.650001525878906,44.75,46.13999938964844,148400,0.0,0.0
2016-05-11 00:00:00-04:00,46.0099983215332,47.0099983215332,45.099998474121094,45.20000076293945,128400,0.0,0.0
2016-05-12 00:00:00-04:00,45.56999969482422,45.56999969482422,43.41999816894531,44.130001068115234,165400,0.0,0.0
2016-05-13 00:00:00-04:00,44.0099983215332,46.279998779296875,44.0099983215332,45.5,197800,0.0,0.0
2016-05-16 00:00:00-04:00,45.95000076293945,46.41999816894531,44.709999084472656,45.9900016784668,160500,0.0,0.0
2016-05-17 00:00:00-04:00,46.5,47.290000915527344,45.15999984741211,46.36000061035156,220700,0.0,0.0
2016-05-18 00:00:00-04:00,46.029998779296875,48.349998474121094,45.79999923706055,47.900001525878906,163100,0.0,0.0
2016-05-19 00:00:00-04:00,47.61000061035156,48.599998474121094,46.41999816894531,47.689998626708984,158600,0.0,0.0
2016-05-20 00:00:00-04:00,47.97999954223633,49.939998626708984,47.5,49.540000915527344,151200,0.0,0.0
2016-05-23 00:00:00-04:00,49.709999084472656,50.900001525878906,49.040000915527344,49.20000076293945,181400,0.0,0.0
2016-05-24 00:00:00-04:00,49.689998626708984,50.52000045776367,48.70000076293945,50.09000015258789,177100,0.0,0.0
2016-05-25 00:00:00-04:00,50.38999938964844,52.25,50.0,52.04999923706055,209400,0.0,0.0
2016-05-26 00:00:00-04:00,52.0,52.31999969482422,51.029998779296875,51.650001525878906,124000,0.0,0.0
2016-05-27 00:00:00-04:00,51.79999923706055,52.880001068115234,51.220001220703125,52.279998779296875,111700,0.0,0.0
2016-05-31 00:00:00-04:00,53.0099983215332,54.65999984741211,52.630001068115234,54.150001525878906,242100,0.0,0.0
2016-06-01 00:00:00-04:00,54.189998626708984,56.060001373291016,53.84000015258789,54.75,403300,0.0,0.0
2016-06-02 00:00:00-04:00,54.439998626708984,56.65999984741211,54.060001373291016,56.150001525878906,189800,0.0,0.0
2016-06-03 00:00:00-04:00,56.22999954223633,56.52000045776367,53.20000076293945,54.56999969482422,207000,0.0,0.0
2016-06-06 00:00:00-04:00,55.029998779296875,56.2599983215332,53.93000030517578,55.7599983215332,176500,0.0,0.0
2016-06-07 00:00:00-04:00,55.25,56.400001525878906,54.5,55.52000045776367,138800,0.0,0.0
2016-06-08 00:00:00-04:00,55.630001068115234,56.060001373291016,54.959999084472656,55.79999923706055,148800,0.0,0.0
2016-06-09 00:00:00-04:00,55.439998626708984,56.119998931884766,53.560001373291016,53.689998626708984,218300,0.0,0.0
2016-06-10 00:00:00-04:00,53.06999969482422,53.5,51.439998626708984,52.04999923706055,216000,0.0,0.0
2016-06-13 00:00:00-04:00,51.970001220703125,55.709999084472656,51.54999923706055,53.189998626708984,266300,0.0,0.0
2016-06-14 00:00:00-04:00,52.95000076293945,55.029998779296875,52.869998931884766,54.810001373291016,217900,0.0,0.0
2016-06-15 00:00:00-04:00,55.119998931884766,56.38999938964844,54.9900016784668,55.4900016784668,158200,0.0,0.0
2016-06-16 00:00:00-04:00,55.150001525878906,56.290000915527344,54.099998474121094,56.0099983215332,217500,0.0,0.0
2016-06-17 00:00:00-04:00,56.04999923706055,56.04999923706055,52.52000045776367,52.84000015258789,505700,0.0,0.0
2016-06-20 00:00:00-04:00,53.810001373291016,54.029998779296875,52.54999923706055,53.09000015258789,171700,0.0,0.0
2016-06-21 00:00:00-04:00,53.16999816894531,53.16999816894531,50.560001373291016,51.36000061035156,199900,0.0,0.0
2016-06-22 00:00:00-04:00,51.38999938964844,54.41999816894531,50.630001068115234,52.790000915527344,211400,0.0,0.0
2016-06-23 00:00:00-04:00,54.060001373291016,56.86000061035156,54.060001373291016,56.27000045776367,340300,0.0,0.0
2016-06-24 00:00:00-04:00,53.459999084472656,55.880001068115234,51.900001525878906,54.34000015258789,353300,0.0,0.0
2016-06-27 00:00:00-04:00,53.470001220703125,54.560001373291016,52.27000045776367,52.54999923706055,153600,0.0,0.0
2016-06-28 00:00:00-04:00,53.439998626708984,57.54999923706055,53.439998626708984,57.0,388900,0.0,0.0
2016-06-29 00:00:00-04:00,57.779998779296875,57.90999984741211,55.91999816894531,56.18000030517578,318600,0.0,0.0
2016-06-30 00:00:00-04:00,56.209999084472656,56.849998474121094,54.54999923706055,55.81999969482422,301100,0.0,0.0
2016-07-01 00:00:00-04:00,55.75,58.310001373291016,55.75,57.310001373291016,271100,0.0,0.0
2016-07-05 00:00:00-04:00,57.38999938964844,57.880001068115234,55.66999816894531,56.88999938964844,194300,0.0,0.0
2016-07-06 00:00:00-04:00,56.34000015258789,57.900001525878906,56.34000015258789,57.529998779296875,171400,0.0,0.0
2016-07-07 00:00:00-04:00,57.880001068115234,58.38999938964844,57.02000045776367,58.119998931884766,124000,0.0,0.0
2016-07-08 00:00:00-04:00,56.90999984741211,57.790000915527344,55.77000045776367,56.5099983215332,239800,0.0,0.0
2016-07-11 00:00:00-04:00,56.68000030517578,57.0,55.290000915527344,55.380001068115234,173300,0.0,0.0
2016-07-12 00:00:00-04:00,55.70000076293945,56.5099983215332,55.58000183105469,55.72999954223633,151100,0.0,0.0
2016-07-13 00:00:00-04:00,56.029998779296875,56.43000030517578,54.220001220703125,54.2599983215332,123300,0.0,0.0
2016-07-14 00:00:00-04:00,54.90999984741211,54.90999984741211,53.79999923706055,54.189998626708984,130900,0.0,0.0
2016-07-15 00:00:00-04:00,54.310001373291016,55.5,54.029998779296875,54.90999984741211,89000,0.0,0.0
2016-07-18 00:00:00-04:00,55.08000183105469,57.93000030517578,54.380001068115234,56.0099983215332,297000,0.0,0.0
2016-07-19 00:00:00-04:00,57.959999084472656,61.45000076293945,56.209999084472656,56.400001525878906,941400,0.0,0.0
2016-07-20 00:00:00-04:00,56.66999816894531,58.65999984741211,55.70000076293945,58.56999969482422,358600,0.0,0.0
2016-07-21 00:00:00-04:00,59.040000915527344,59.16999816894531,57.599998474121094,58.2400016784668,149500,0.0,0.0
2016-07-22 00:00:00-04:00,58.310001373291016,58.970001220703125,57.65999984741211,58.720001220703125,100200,0.0,0.0
2016-07-25 00:00:00-04:00,58.9900016784668,59.2400016784668,57.88999938964844,58.689998626708984,143700,0.0,0.0
2016-07-26 00:00:00-04:00,58.689998626708984,59.66999816894531,58.29999923706055,59.4900016784668,142100,0.0,0.0
2016-07-27 00:00:00-04:00,60.0,61.650001525878906,59.709999084472656,60.189998626708984,244900,0.0,0.0
2016-07-28 00:00:00-04:00,60.06999969482422,60.560001373291016,58.7599983215332,59.61000061035156,145200,0.0,0.0
2016-07-29 00:00:00-04:00,59.59000015258789,61.04999923706055,59.06999969482422,60.599998474121094,123500,0.0,0.0
2016-08-01 00:00:00-04:00,60.5099983215332,61.45000076293945,59.119998931884766,61.060001373291016,197600,0.0,0.0
2016-08-02 00:00:00-04:00,61.08000183105469,62.0,59.95000076293945,61.02000045776367,186700,0.0,0.0
2016-08-03 00:00:00-04:00,60.97999954223633,62.72999954223633,60.63999938964844,62.099998474121094,288000,0.0,0.0
2016-08-04 00:00:00-04:00,65.66000366210938,69.01000213623047,64.0199966430664,66.38999938964844,887500,0.0,0.0
2016-08-05 00:00:00-04:00,68.0,70.33000183105469,66.70999908447266,68.27999877929688,616900,0.0,0.0
2016-08-08 00:00:00-04:00,67.83000183105469,69.11000061035156,66.31999969482422,67.0,341200,0.0,0.0
2016-08-09 00:00:00-04:00,67.66000366210938,70.79000091552734,67.37999725341797,69.94999694824219,319500,0.0,0.0
2016-08-10 00:00:00-04:00,70.0,70.0,67.51000213623047,68.7300033569336,240400,0.0,0.0
2016-08-11 00:00:00-04:00,69.26000213623047,69.63999938964844,68.20999908447266,69.0999984741211,122000,0.0,0.0
2016-08-12 00:00:00-04:00,68.8499984741211,69.70999908447266,68.0,69.58000183105469,173100,0.0,0.0
2016-08-15 00:00:00-04:00,69.95999908447266,70.91999816894531,69.72000122070312,69.79000091552734,164300,0.0,0.0
2016-08-16 00:00:00-04:00,69.47000122070312,70.06999969482422,68.36000061035156,69.29000091552734,132900,0.0,0.0
2016-08-17 00:00:00-04:00,69.04000091552734,69.25,68.05000305175781,68.68000030517578,129200,0.0,0.0
2016-08-18 00:00:00-04:00,68.75,69.36000061035156,67.8499984741211,68.98999786376953,111000,0.0,0.0
2016-08-19 00:00:00-04:00,68.58000183105469,68.72000122070312,67.5199966430664,67.98999786376953,168100,0.0,0.0
2016-08-22 00:00:00-04:00,67.80000305175781,68.5,66.69000244140625,67.43000030517578,214700,0.0,0.0
2016-08-23 00:00:00-04:00,67.58999633789062,68.52999877929688,67.1500015258789,67.20999908447266,177200,0.0,0.0
2016-08-24 00:00:00-04:00,66.98999786376953,68.4000015258789,64.16999816894531,64.70999908447266,156300,0.0,0.0
2016-08-25 00:00:00-04:00,64.73999786376953,66.79000091552734,61.810001373291016,62.869998931884766,252200,0.0,0.0
2016-08-26 00:00:00-04:00,62.88999938964844,64.31999969482422,62.31999969482422,63.16999816894531,147100,0.0,0.0
2016-08-29 00:00:00-04:00,63.189998626708984,63.22999954223633,61.20000076293945,62.099998474121094,158400,0.0,0.0
2016-08-30 00:00:00-04:00,62.13999938964844,62.349998474121094,60.61000061035156,60.86000061035156,216400,0.0,0.0
2016-08-31 00:00:00-04:00,60.75,61.0,58.959999084472656,59.7400016784668,246400,0.0,0.0
2016-09-01 00:00:00-04:00,59.630001068115234,63.0,59.61000061035156,61.41999816894531,570200,0.0,0.0
2016-09-02 00:00:00-04:00,61.54999923706055,62.459999084472656,59.20000076293945,59.86000061035156,207500,0.0,0.0
2016-09-06 00:00:00-04:00,60.04999923706055,61.779998779296875,59.7599983215332,61.54999923706055,260500,0.0,0.0
2016-09-07 00:00:00-04:00,61.29999923706055,62.54999923706055,60.0099983215332,60.709999084472656,176000,0.0,0.0
2016-09-08 00:00:00-04:00,60.470001220703125,62.25,60.2400016784668,61.77000045776367,156700,0.0,0.0
2016-09-09 00:00:00-04:00,61.09000015258789,61.650001525878906,59.650001525878906,60.130001068115234,227800,0.0,0.0
2016-09-12 00:00:00-04:00,59.7400016784668,62.41999816894531,59.5,62.13999938964844,165600,0.0,0.0
2016-09-13 00:00:00-04:00,61.900001525878906,61.900001525878906,60.060001373291016,61.189998626708984,128800,0.0,0.0
2016-09-14 00:00:00-04:00,61.58000183105469,63.25,61.43000030517578,61.849998474121094,182100,0.0,0.0
2016-09-15 00:00:00-04:00,62.13999938964844,64.02999877929688,61.86000061035156,63.79999923706055,154900,0.0,0.0
2016-09-16 00:00:00-04:00,63.459999084472656,64.5,62.5,64.30000305175781,330900,0.0,0.0
2016-09-19 00:00:00-04:00,64.44999694824219,65.26000213623047,63.43000030517578,63.75,120500,0.0,0.0
2016-09-20 00:00:00-04:00,62.9900016784668,65.91000366210938,62.63999938964844,64.83999633789062,219300,0.0,0.0
2016-09-21 00:00:00-04:00,65.05000305175781,66.0,63.029998779296875,65.12000274658203,155200,0.0,0.0
2016-09-22 00:00:00-04:00,65.4800033569336,67.1500015258789,64.81999969482422,66.80999755859375,263000,0.0,0.0
2016-09-23 00:00:00-04:00,66.33999633789062,66.9800033569336,65.63999938964844,66.63999938964844,120400,0.0,0.0
2016-09-26 00:00:00-04:00,66.05000305175781,66.62999725341797,65.11000061035156,65.36000061035156,111600,0.0,0.0
2016-09-27 00:00:00-04:00,65.19999694824219,69.0,65.19999694824219,68.26000213623047,306000,0.0,0.0
2016-09-28 00:00:00-04:00,68.55999755859375,68.55999755859375,66.7699966430664,67.66000366210938,146200,0.0,0.0
2016-09-29 00:00:00-04:00,67.7699966430664,68.0,65.61000061035156,66.18000030517578,188500,0.0,0.0
2016-09-30 00:00:00-04:00,66.41000366210938,67.48999786376953,66.11000061035156,66.3499984741211,132700,0.0,0.0
2016-10-03 00:00:00-04:00,66.23999786376953,67.1500015258789,65.36000061035156,67.08999633789062,112500,0.0,0.0
2016-10-04 00:00:00-04:00,67.25,68.62000274658203,66.91000366210938,67.86000061035156,147600,0.0,0.0
2016-10-05 00:00:00-04:00,67.86000061035156,69.8499984741211,67.56999969482422,68.95999908447266,285600,0.0,0.0
2016-10-06 00:00:00-04:00,68.38999938964844,68.80999755859375,67.5199966430664,68.4800033569336,157200,0.0,0.0
2016-10-07 00:00:00-04:00,68.55999755859375,68.6500015258789,66.56999969482422,67.77999877929688,128600,0.0,0.0
2016-10-10 00:00:00-04:00,68.41999816894531,69.70999908447266,67.4000015258789,68.77999877929688,189900,0.0,0.0
2016-10-11 00:00:00-04:00,68.45999908447266,69.30000305175781,67.30999755859375,67.93000030517578,134300,0.0,0.0
2016-10-12 00:00:00-04:00,68.01000213623047,68.61000061035156,66.2699966430664,66.73999786376953,151800,0.0,0.0
2016-10-13 00:00:00-04:00,65.95999908447266,66.94000244140625,64.23999786376953,66.41999816894531,93100,0.0,0.0
2016-10-14 00:00:00-04:00,66.91000366210938,67.66999816894531,64.62000274658203,64.77999877929688,136600,0.0,0.0
2016-10-17 00:00:00-04:00,64.83999633789062,65.55000305175781,63.380001068115234,64.87000274658203,121300,0.0,0.0
2016-10-18 00:00:00-04:00,65.68000030517578,66.55000305175781,65.0999984741211,65.76000213623047,106200,0.0,0.0
2016-10-19 00:00:00-04:00,65.66999816894531,66.62000274658203,65.30999755859375,65.91000366210938,122900,0.0,0.0
2016-10-20 00:00:00-04:00,65.5,67.16999816894531,65.5,66.7699966430664,76300,0.0,0.0
2016-10-21 00:00:00-04:00,66.73999786376953,67.26000213623047,66.27999877929688,66.33000183105469,73000,0.0,0.0
2016-10-24 00:00:00-04:00,66.5,67.4000015258789,65.52999877929688,65.66000366210938,139700,0.0,0.0
2016-10-25 00:00:00-04:00,65.8499984741211,66.94999694824219,65.73999786376953,66.36000061035156,146900,0.0,0.0
2016-10-26 00:00:00-04:00,66.3499984741211,66.94000244140625,65.94000244140625,66.41999816894531,90000,0.0,0.0
2016-10-27 00:00:00-04:00,66.77999877929688,67.0999984741211,65.58999633789062,65.7699966430664,125700,0.0,0.0
2016-10-28 00:00:00-04:00,65.48999786376953,65.6500015258789,60.220001220703125,60.31999969482422,295200,0.0,0.0
2016-10-31 00:00:00-04:00,60.290000915527344,60.88999938964844,58.779998779296875,59.70000076293945,232100,0.0,0.0
2016-11-01 00:00:00-04:00,59.79999923706055,62.88999938964844,59.689998626708984,62.619998931884766,280700,0.0,0.0
2016-11-02 00:00:00-04:00,62.4900016784668,62.88999938964844,61.0,61.97999954223633,217100,0.0,0.0
2016-11-03 00:00:00-04:00,54.75,60.79999923706055,47.25,47.5099983215332,846300,0.0,0.0
2016-11-04 00:00:00-04:00,47.529998779296875,51.439998626708984,47.529998779296875,50.29999923706055,434300,0.0,0.0
2016-11-07 00:00:00-05:00,51.22999954223633,53.04999923706055,51.220001220703125,52.84000015258789,260500,0.0,0.0
2016-11-08 00:00:00-05:00,52.34000015258789,53.36000061035156,50.68000030517578,50.81999969482422,165800,0.0,0.0
2016-11-09 00:00:00-05:00,52.91999816894531,55.5099983215332,52.91999816894531,55.27000045776367,279600,0.0,0.0
2016-11-10 00:00:00-05:00,56.650001525878906,58.45000076293945,56.130001068115234,56.5099983215332,310800,0.0,0.0
2016-11-11 00:00:00-05:00,56.060001373291016,58.470001220703125,55.400001525878906,57.56999969482422,240000,0.0,0.0
2016-11-14 00:00:00-05:00,57.97999954223633,60.15999984741211,57.630001068115234,59.93000030517578,197000,0.0,0.0
2016-11-15 00:00:00-05:00,59.79999923706055,59.79999923706055,57.529998779296875,58.56999969482422,190300,0.0,0.0
2016-11-16 00:00:00-05:00,58.209999084472656,59.470001220703125,57.400001525878906,57.68000030517578,138100,0.0,0.0
2016-11-17 00:00:00-05:00,57.77000045776367,59.369998931884766,57.439998626708984,58.4900016784668,118000,0.0,0.0
2016-11-18 00:00:00-05:00,58.43000030517578,58.59000015258789,57.41999816894531,57.9900016784668,116400,0.0,0.0
2016-11-21 00:00:00-05:00,57.880001068115234,58.47999954223633,57.33000183105469,57.66999816894531,84900,0.0,0.0
2016-11-22 00:00:00-05:00,58.09000015258789,58.349998474121094,55.959999084472656,56.81999969482422,105500,0.0,0.0
2016-11-23 00:00:00-05:00,56.04999923706055,57.9900016784668,55.439998626708984,57.959999084472656,86100,0.0,0.0
2016-11-25 00:00:00-05:00,57.650001525878906,60.040000915527344,57.189998626708984,59.939998626708984,74000,0.0,0.0
2016-11-28 00:00:00-05:00,59.54999923706055,59.54999923706055,58.25,58.5,86200,0.0,0.0
2016-11-29 00:00:00-05:00,58.130001068115234,59.439998626708984,57.93000030517578,58.36000061035156,121600,0.0,0.0
2016-11-30 00:00:00-05:00,58.72999954223633,59.560001373291016,58.540000915527344,58.93000030517578,157600,0.0,0.0
2016-12-01 00:00:00-05:00,59.11000061035156,59.650001525878906,58.0,58.540000915527344,239500,0.0,0.0
2016-12-02 00:00:00-05:00,58.2400016784668,62.099998474121094,57.52000045776367,60.650001525878906,212800,0.0,0.0
2016-12-05 00:00:00-05:00,61.84000015258789,61.84000015258789,58.849998474121094,59.880001068115234,123500,0.0,0.0
2016-12-06 00:00:00-05:00,60.209999084472656,60.97999954223633,59.16999816894531,60.11000061035156,92800,0.0,0.0
2016-12-07 00:00:00-05:00,59.2599983215332,60.290000915527344,57.70000076293945,58.97999954223633,129800,0.0,0.0
2016-12-08 00:00:00-05:00,58.709999084472656,58.79999923706055,56.459999084472656,57.56999969482422,159300,0.0,0.0
2016-12-09 00:00:00-05:00,58.13999938964844,60.349998474121094,56.099998474121094,59.2599983215332,162300,0.0,0.0
2016-12-12 00:00:00-05:00,59.86000061035156,61.43000030517578,58.540000915527344,59.220001220703125,111300,0.0,0.0
2016-12-13 00:00:00-05:00,59.720001220703125,61.22999954223633,59.43000030517578,59.84000015258789,91900,0.0,0.0
2016-12-14 00:00:00-05:00,59.720001220703125,60.9900016784668,58.029998779296875,58.560001373291016,145900,0.0,0.0
2016-12-15 00:00:00-05:00,58.59000015258789,59.689998626708984,58.5099983215332,58.790000915527344,91000,0.0,0.0
2016-12-16 00:00:00-05:00,59.099998474121094,61.54999923706055,58.81999969482422,59.68000030517578,323400,0.0,0.0
2016-12-19 00:00:00-05:00,59.93000030517578,61.91999816894531,58.86000061035156,60.720001220703125,232000,0.0,0.0
2016-12-20 00:00:00-05:00,61.290000915527344,63.2599983215332,61.0,62.40999984741211,168500,0.0,0.0
2016-12-21 00:00:00-05:00,62.709999084472656,63.2599983215332,61.91999816894531,62.65999984741211,103700,0.0,0.0
2016-12-22 00:00:00-05:00,62.470001220703125,62.540000915527344,61.70000076293945,62.5,75500,0.0,0.0
2016-12-23 00:00:00-05:00,62.2599983215332,63.959999084472656,61.97999954223633,63.2599983215332,100200,0.0,0.0
2016-12-27 00:00:00-05:00,62.9900016784668,63.95000076293945,62.9900016784668,63.04999923706055,50900,0.0,0.0
2016-12-28 00:00:00-05:00,63.0099983215332,63.5,60.41999816894531,60.630001068115234,61100,0.0,0.0
2016-12-29 00:00:00-05:00,60.689998626708984,61.86000061035156,59.689998626708984,60.27000045776367,68700,0.0,0.0
2016-12-30 00:00:00-05:00,60.29999923706055,61.689998626708984,59.77000045776367,60.619998931884766,55600,0.0,0.0
2017-01-03 00:00:00-05:00,60.72999954223633,61.93000030517578,59.33000183105469,61.27000045776367,149500,0.0,0.0
2017-01-04 00:00:00-05:00,61.13999938964844,63.36000061035156,60.63999938964844,62.81999969482422,149800,0.0,0.0
2017-01-05 00:00:00-05:00,62.63999938964844,62.91999816894531,61.599998474121094,62.630001068115234,89300,0.0,0.0
2017-01-06 00:00:00-05:00,62.36000061035156,62.869998931884766,60.650001525878906,60.84000015258789,79600,0.0,0.0
2017-01-09 00:00:00-05:00,61.34000015258789,62.900001525878906,60.54999923706055,62.119998931884766,118600,0.0,0.0
2017-01-10 00:00:00-05:00,62.5,62.84000015258789,60.959999084472656,61.18000030517578,75000,0.0,0.0
2017-01-11 00:00:00-05:00,61.400001525878906,61.7599983215332,57.79999923706055,59.290000915527344,196200,0.0,0.0
2017-01-12 00:00:00-05:00,59.20000076293945,60.2599983215332,58.310001373291016,59.5099983215332,92500,0.0,0.0
2017-01-13 00:00:00-05:00,59.470001220703125,60.650001525878906,59.369998931884766,59.4900016784668,236500,0.0,0.0
2017-01-17 00:00:00-05:00,59.130001068115234,59.130001068115234,57.52000045776367,58.130001068115234,118000,0.0,0.0
2017-01-18 00:00:00-05:00,58.209999084472656,59.27000045776367,57.97999954223633,58.20000076293945,83700,0.0,0.0
2017-01-19 00:00:00-05:00,58.040000915527344,58.689998626708984,56.25,56.810001373291016,124800,0.0,0.0
2017-01-20 00:00:00-05:00,56.91999816894531,58.20000076293945,55.59000015258789,56.2400016784668,111000,0.0,0.0
2017-01-23 00:00:00-05:00,55.90999984741211,56.790000915527344,55.31999969482422,56.099998474121094,109600,0.0,0.0
2017-01-24 00:00:00-05:00,56.040000915527344,56.2599983215332,55.029998779296875,55.63999938964844,86000,0.0,0.0
2017-01-25 00:00:00-05:00,55.97999954223633,58.56999969482422,55.41999816894531,58.45000076293945,110700,0.0,0.0
2017-01-26 00:00:00-05:00,58.54999923706055,59.060001373291016,57.099998474121094,57.689998626708984,87900,0.0,0.0
2017-01-27 00:00:00-05:00,57.61000061035156,58.86000061035156,57.52000045776367,58.7599983215332,99700,0.0,0.0
2017-01-30 00:00:00-05:00,58.75,58.93000030517578,57.5,58.220001220703125,104700,0.0,0.0
2017-01-31 00:00:00-05:00,57.540000915527344,60.79999923706055,57.5,60.45000076293945,213700,0.0,0.0
2017-02-01 00:00:00-05:00,60.349998474121094,63.040000915527344,60.119998931884766,61.47999954223633,211100,0.0,0.0
2017-02-02 00:00:00-05:00,61.43000030517578,62.459999084472656,60.18000030517578,61.400001525878906,103600,0.0,0.0
2017-02-03 00:00:00-05:00,61.400001525878906,62.27000045776367,60.869998931884766,61.75,81700,0.0,0.0
2017-02-06 00:00:00-05:00,61.709999084472656,62.540000915527344,61.54999923706055,62.18000030517578,74800,0.0,0.0
2017-02-07 00:00:00-05:00,62.18000030517578,62.2599983215332,61.45000076293945,62.15999984741211,55300,0.0,0.0
2017-02-08 00:00:00-05:00,61.599998474121094,62.529998779296875,61.34000015258789,62.06999969482422,48300,0.0,0.0
2017-02-09 00:00:00-05:00,62.209999084472656,64.52999877929688,62.209999084472656,63.529998779296875,86900,0.0,0.0
2017-02-10 00:00:00-05:00,63.77000045776367,64.0999984741211,63.060001373291016,63.29999923706055,53600,0.0,0.0
2017-02-13 00:00:00-05:00,63.06999969482422,64.36000061035156,62.13999938964844,62.61000061035156,164200,0.0,0.0
2017-02-14 00:00:00-05:00,62.86000061035156,64.68000030517578,62.040000915527344,64.11000061035156,118300,0.0,0.0
2017-02-15 00:00:00-05:00,63.75,65.54000091552734,63.470001220703125,64.81999969482422,140800,0.0,0.0
2017-02-16 00:00:00-05:00,64.88999938964844,65.80999755859375,63.77000045776367,65.55000305175781,131800,0.0,0.0
2017-02-17 00:00:00-05:00,64.97000122070312,65.5,64.16000366210938,65.26000213623047,91200,0.0,0.0
2017-02-21 00:00:00-05:00,65.27999877929688,65.73999786376953,62.099998474121094,63.04999923706055,146100,0.0,0.0
2017-02-22 00:00:00-05:00,62.040000915527344,62.060001373291016,59.29999923706055,59.619998931884766,265900,0.0,0.0
2017-02-23 00:00:00-05:00,59.630001068115234,60.58000183105469,58.63999938964844,59.529998779296875,148200,0.0,0.0
2017-02-24 00:00:00-05:00,59.22999954223633,60.310001373291016,58.45000076293945,59.06999969482422,149300,0.0,0.0
2017-02-27 00:00:00-05:00,59.06999969482422,60.90999984741211,59.0,60.04999923706055,209700,0.0,0.0
2017-02-28 00:00:00-05:00,59.810001373291016,60.38999938964844,58.209999084472656,59.06999969482422,207900,0.0,0.0
2017-03-01 00:00:00-05:00,59.54999923706055,60.81999969482422,58.9900016784668,59.79999923706055,301800,0.0,0.0
2017-03-02 00:00:00-05:00,55.79999923706055,55.79999923706055,50.06999969482422,52.54999923706055,971700,0.0,0.0
2017-03-03 00:00:00-05:00,52.0099983215332,53.7599983215332,49.79999923706055,50.06999969482422,695100,0.0,0.0
2017-03-06 00:00:00-05:00,49.939998626708984,51.33000183105469,49.599998474121094,50.72999954223633,201100,0.0,0.0
2017-03-07 00:00:00-05:00,50.040000915527344,51.220001220703125,48.5,49.02000045776367,235300,0.0,0.0
2017-03-08 00:00:00-05:00,49.27000045776367,50.349998474121094,49.2599983215332,49.45000076293945,141300,0.0,0.0
2017-03-09 00:00:00-05:00,49.59000015258789,50.060001373291016,48.61000061035156,48.68000030517578,150600,0.0,0.0
2017-03-10 00:00:00-05:00,49.20000076293945,49.439998626708984,48.5,48.939998626708984,98500,0.0,0.0
2017-03-13 00:00:00-04:00,49.130001068115234,49.790000915527344,48.09000015258789,48.189998626708984,179800,0.0,0.0
2017-03-14 00:00:00-04:00,47.970001220703125,47.970001220703125,46.290000915527344,46.95000076293945,212300,0.0,0.0
2017-03-15 00:00:00-04:00,46.91999816894531,47.84000015258789,46.7599983215332,47.04999923706055,196400,0.0,0.0
2017-03-16 00:00:00-04:00,47.150001525878906,47.849998474121094,46.040000915527344,46.25,183600,0.0,0.0
2017-03-17 00:00:00-04:00,45.939998626708984,46.86000061035156,45.5099983215332,45.81999969482422,150700,0.0,0.0
2017-03-20 00:00:00-04:00,45.79999923706055,46.36000061035156,44.86000061035156,45.25,194000,0.0,0.0
2017-03-21 00:00:00-04:00,45.2599983215332,45.810001373291016,43.709999084472656,45.0099983215332,178200,0.0,0.0
2017-03-22 00:00:00-04:00,45.0,45.70000076293945,44.349998474121094,45.38999938964844,153500,0.0,0.0
2017-03-23 00:00:00-04:00,45.439998626708984,45.86000061035156,45.02000045776367,45.540000915527344,109700,0.0,0.0
2017-03-24 00:00:00-04:00,45.61000061035156,46.13999938964844,45.560001373291016,45.9900016784668,92500,0.0,0.0
2017-03-27 00:00:00-04:00,45.58000183105469,48.77000045776367,45.58000183105469,48.5,204200,0.0,0.0
2017-03-28 00:00:00-04:00,48.689998626708984,48.95000076293945,48.0,48.900001525878906,142000,0.0,0.0
2017-03-29 00:00:00-04:00,49.0,50.79999923706055,48.849998474121094,49.349998474121094,264600,0.0,0.0
2017-03-30 00:00:00-04:00,49.439998626708984,50.36000061035156,49.11000061035156,49.650001525878906,137000,0.0,0.0
2017-03-31 00:00:00-04:00,49.59000015258789,50.220001220703125,49.369998931884766,49.5099983215332,141600,0.0,0.0
2017-04-03 00:00:00-04:00,49.689998626708984,49.810001373291016,48.08000183105469,48.33000183105469,210500,0.0,0.0
2017-04-04 00:00:00-04:00,48.310001373291016,48.68000030517578,47.689998626708984,48.34000015258789,111100,0.0,0.0
2017-04-05 00:00:00-04:00,48.70000076293945,49.56999969482422,47.79999923706055,48.4900016784668,133400,0.0,0.0
2017-04-06 00:00:00-04:00,48.599998474121094,49.9900016784668,48.33000183105469,49.880001068115234,134900,0.0,0.0
2017-04-07 00:00:00-04:00,49.560001373291016,51.25,49.5,51.2400016784668,109200,0.0,0.0
2017-04-10 00:00:00-04:00,51.31999969482422,52.209999084472656,51.029998779296875,51.15999984741211,132500,0.0,0.0
2017-04-11 00:00:00-04:00,51.279998779296875,52.02000045776367,50.54999923706055,50.88999938964844,139500,0.0,0.0
2017-04-12 00:00:00-04:00,50.86000061035156,50.93000030517578,49.68000030517578,50.54999923706055,89000,0.0,0.0
2017-04-13 00:00:00-04:00,50.689998626708984,51.95000076293945,50.04999923706055,51.220001220703125,116100,0.0,0.0
2017-04-17 00:00:00-04:00,51.060001373291016,51.56999969482422,50.06999969482422,50.61000061035156,103200,0.0,0.0
2017-04-18 00:00:00-04:00,50.2599983215332,50.5,49.2599983215332,50.31999969482422,131900,0.0,0.0
2017-04-19 00:00:00-04:00,50.689998626708984,51.470001220703125,50.470001220703125,50.58000183105469,70500,0.0,0.0
2017-04-20 00:00:00-04:00,50.95000076293945,51.20000076293945,50.349998474121094,50.70000076293945,54900,0.0,0.0
2017-04-21 00:00:00-04:00,50.70000076293945,50.70000076293945,50.0,50.41999816894531,81100,0.0,0.0
2017-04-24 00:00:00-04:00,50.81999969482422,51.86000061035156,50.43000030517578,50.810001373291016,106500,0.0,0.0
2017-04-25 00:00:00-04:00,50.959999084472656,52.18000030517578,50.959999084472656,51.90999984741211,74700,0.0,0.0
2017-04-26 00:00:00-04:00,51.70000076293945,53.189998626708984,51.70000076293945,53.11000061035156,242100,0.0,0.0
2017-04-27 00:00:00-04:00,52.90999984741211,55.060001373291016,52.25,54.84000015258789,155200,0.0,0.0
2017-04-28 00:00:00-04:00,54.900001525878906,54.900001525878906,53.849998474121094,54.119998931884766,66600,0.0,0.0
2017-05-01 00:00:00-04:00,54.290000915527344,54.790000915527344,53.66999816894531,54.380001068115234,117700,0.0,0.0
2017-05-02 00:00:00-04:00,54.619998931884766,54.77000045776367,53.119998931884766,54.16999816894531,83300,0.0,0.0
2017-05-03 00:00:00-04:00,53.810001373291016,53.810001373291016,48.630001068115234,48.9900016784668,300600,0.0,0.0
2017-05-04 00:00:00-04:00,52.900001525878906,52.900001525878906,49.18000030517578,50.09000015258789,262200,0.0,0.0
2017-05-05 00:00:00-04:00,50.0,50.0,47.119998931884766,48.02000045776367,300200,0.0,0.0
2017-05-08 00:00:00-04:00,47.7599983215332,48.130001068115234,46.97999954223633,48.029998779296875,184600,0.0,0.0
2017-05-09 00:00:00-04:00,48.470001220703125,49.66999816894531,48.189998626708984,49.31999969482422,140400,0.0,0.0
2017-05-10 00:00:00-04:00,49.25,50.2400016784668,48.119998931884766,50.09000015258789,98000,0.0,0.0
2017-05-11 00:00:00-04:00,50.13999938964844,50.45000076293945,49.150001525878906,49.66999816894531,109500,0.0,0.0
2017-05-12 00:00:00-04:00,49.619998931884766,49.619998931884766,48.54999923706055,49.15999984741211,118000,0.0,0.0
2017-05-15 00:00:00-04:00,49.02000045776367,49.560001373291016,48.63999938964844,48.9900016784668,86800,0.0,0.0
2017-05-16 00:00:00-04:00,49.15999984741211,49.279998779296875,48.540000915527344,49.209999084472656,135900,0.0,0.0
2017-05-17 00:00:00-04:00,48.869998931884766,49.18000030517578,47.77000045776367,48.02000045776367,119000,0.0,0.0
2017-05-18 00:00:00-04:00,47.86000061035156,48.470001220703125,46.540000915527344,47.88999938964844,125800,0.0,0.0
2017-05-19 00:00:00-04:00,47.7599983215332,48.95000076293945,47.5099983215332,47.68000030517578,106600,0.0,0.0
2017-05-22 00:00:00-04:00,47.630001068115234,47.650001525878906,46.54999923706055,47.0099983215332,124300,0.0,0.0
2017-05-23 00:00:00-04:00,47.0099983215332,47.40999984741211,46.11000061035156,46.9900016784668,128700,0.0,0.0
2017-05-24 00:00:00-04:00,46.91999816894531,47.2400016784668,46.20000076293945,46.810001373291016,87400,0.0,0.0
2017-05-25 00:00:00-04:00,46.810001373291016,47.529998779296875,46.31999969482422,47.400001525878906,109900,0.0,0.0
2017-05-26 00:00:00-04:00,47.16999816894531,47.38999938964844,45.65999984741211,45.970001220703125,162500,0.0,0.0
2017-05-30 00:00:00-04:00,45.86000061035156,45.90999984741211,43.9900016784668,44.06999969482422,157200,0.0,0.0
2017-05-31 00:00:00-04:00,44.18000030517578,44.56999969482422,43.11000061035156,43.689998626708984,325800,0.0,0.0
2017-06-01 00:00:00-04:00,43.720001220703125,44.61000061035156,43.720001220703125,44.220001220703125,135100,0.0,0.0
2017-06-02 00:00:00-04:00,44.560001373291016,45.0099983215332,43.36000061035156,43.93000030517578,103600,0.0,0.0
2017-06-05 00:00:00-04:00,43.9900016784668,44.36000061035156,42.560001373291016,44.09000015258789,135500,0.0,0.0
2017-06-06 00:00:00-04:00,43.81999969482422,44.22999954223633,43.310001373291016,43.88999938964844,70200,0.0,0.0
2017-06-07 00:00:00-04:00,43.83000183105469,44.0,43.189998626708984,43.45000076293945,135800,0.0,0.0
2017-06-08 00:00:00-04:00,43.36000061035156,45.15999984741211,43.16999816894531,45.15999984741211,160300,0.0,0.0
2017-06-09 00:00:00-04:00,45.0099983215332,46.2599983215332,44.47999954223633,45.65999984741211,94300,0.0,0.0
2017-06-12 00:00:00-04:00,45.650001525878906,46.349998474121094,45.09000015258789,45.43000030517578,130100,0.0,0.0
2017-06-13 00:00:00-04:00,45.59000015258789,45.720001220703125,44.5,45.470001220703125,146300,0.0,0.0
2017-06-14 00:00:00-04:00,45.650001525878906,45.68000030517578,44.90999984741211,45.06999969482422,51400,0.0,0.0
2017-06-15 00:00:00-04:00,44.900001525878906,45.939998626708984,44.720001220703125,45.119998931884766,80400,0.0,0.0
2017-06-16 00:00:00-04:00,44.84000015258789,45.56999969482422,44.619998931884766,45.279998779296875,96500,0.0,0.0
2017-06-19 00:00:00-04:00,45.68000030517578,46.41999816894531,45.650001525878906,45.9900016784668,118400,0.0,0.0
2017-06-20 00:00:00-04:00,45.849998474121094,46.29999923706055,44.61000061035156,45.790000915527344,88000,0.0,0.0
2017-06-21 00:00:00-04:00,45.95000076293945,47.119998931884766,45.59000015258789,46.439998626708984,135100,0.0,0.0
2017-06-22 00:00:00-04:00,46.5099983215332,47.369998931884766,45.72999954223633,47.0099983215332,127500,0.0,0.0
2017-06-23 00:00:00-04:00,46.970001220703125,47.68000030517578,46.47999954223633,47.4900016784668,118400,0.0,0.0
2017-06-26 00:00:00-04:00,47.5099983215332,48.84000015258789,47.369998931884766,48.18000030517578,152200,0.0,0.0
2017-06-27 00:00:00-04:00,47.959999084472656,48.97999954223633,46.790000915527344,47.13999938964844,87700,0.0,0.0
2017-06-28 00:00:00-04:00,47.13999938964844,47.9900016784668,46.83000183105469,47.150001525878906,158500,0.0,0.0
2017-06-29 00:00:00-04:00,47.2599983215332,47.79999923706055,46.27000045776367,47.220001220703125,135700,0.0,0.0
2017-06-30 00:00:00-04:00,47.2400016784668,47.689998626708984,46.61000061035156,46.79999923706055,117100,0.0,0.0
2017-07-03 00:00:00-04:00,46.810001373291016,47.310001373291016,46.79999923706055,47.060001373291016,39900,0.0,0.0
2017-07-05 00:00:00-04:00,47.18000030517578,47.400001525878906,46.43000030517578,47.0,173500,0.0,0.0
2017-07-06 00:00:00-04:00,46.720001220703125,47.220001220703125,46.27000045776367,46.97999954223633,99300,0.0,0.0
2017-07-07 00:00:00-04:00,47.130001068115234,47.72999954223633,46.560001373291016,47.68000030517578,161900,0.0,0.0
2017-07-10 00:00:00-04:00,47.66999816894531,47.66999816894531,46.27000045776367,46.70000076293945,102700,0.0,0.0
2017-07-11 00:00:00-04:00,46.869998931884766,47.58000183105469,46.709999084472656,47.369998931884766,75400,0.0,0.0
2017-07-12 00:00:00-04:00,47.36000061035156,48.75,47.209999084472656,48.119998931884766,99300,0.0,0.0
2017-07-13 00:00:00-04:00,48.11000061035156,48.4900016784668,47.08000183105469,47.93000030517578,94200,0.0,0.0
2017-07-14 00:00:00-04:00,47.84000015258789,48.58000183105469,47.5,47.52000045776367,64400,0.0,0.0
2017-07-17 00:00:00-04:00,47.959999084472656,49.099998474121094,47.45000076293945,47.619998931884766,128400,0.0,0.0
2017-07-18 00:00:00-04:00,47.43000030517578,48.04999923706055,47.20000076293945,47.529998779296875,55200,0.0,0.0
2017-07-19 00:00:00-04:00,47.810001373291016,48.5,47.400001525878906,48.34000015258789,96500,0.0,0.0
2017-07-20 00:00:00-04:00,48.349998474121094,48.83000183105469,48.029998779296875,48.38999938964844,40600,0.0,0.0
2017-07-21 00:00:00-04:00,48.779998779296875,48.83000183105469,47.97999954223633,48.540000915527344,64100,0.0,0.0
2017-07-24 00:00:00-04:00,48.29999923706055,48.880001068115234,47.709999084472656,48.75,66900,0.0,0.0
2017-07-25 00:00:00-04:00,49.029998779296875,50.41999816894531,48.7599983215332,49.560001373291016,122200,0.0,0.0
2017-07-26 00:00:00-04:00,49.63999938964844,49.63999938964844,48.27000045776367,48.54999923706055,90500,0.0,0.0
2017-07-27 00:00:00-04:00,48.4900016784668,48.61000061035156,47.2400016784668,48.209999084472656,84000,0.0,0.0
2017-07-28 00:00:00-04:00,47.95000076293945,49.06999969482422,47.709999084472656,48.63999938964844,80400,0.0,0.0
2017-07-31 00:00:00-04:00,49.380001068115234,49.5,48.040000915527344,48.72999954223633,130000,0.0,0.0
2017-08-01 00:00:00-04:00,48.95000076293945,48.97999954223633,46.25,46.939998626708984,164700,0.0,0.0
2017-08-02 00:00:00-04:00,46.95000076293945,47.27000045776367,44.91999816894531,45.16999816894531,135400,0.0,0.0
2017-08-03 00:00:00-04:00,48.5,48.5,42.7599983215332,43.63999938964844,496800,0.0,0.0
2017-08-04 00:00:00-04:00,43.72999954223633,44.869998931884766,42.97999954223633,43.86000061035156,146900,0.0,0.0
2017-08-07 00:00:00-04:00,43.869998931884766,44.38999938964844,43.2400016784668,44.02000045776367,92400,0.0,0.0
2017-08-08 00:00:00-04:00,44.13999938964844,44.810001373291016,43.040000915527344,43.459999084472656,105100,0.0,0.0
2017-08-09 00:00:00-04:00,43.2400016784668,43.97999954223633,42.22999954223633,43.47999954223633,195300,0.0,0.0
2017-08-10 00:00:00-04:00,43.529998779296875,44.2599983215332,42.9900016784668,44.060001373291016,91200,0.0,0.0
2017-08-11 00:00:00-04:00,44.02000045776367,44.4900016784668,43.4900016784668,44.0099983215332,69000,0.0,0.0
2017-08-14 00:00:00-04:00,44.43000030517578,44.439998626708984,43.209999084472656,43.83000183105469,111400,0.0,0.0
2017-08-15 00:00:00-04:00,44.060001373291016,44.400001525878906,43.84000015258789,44.029998779296875,62200,0.0,0.0
2017-08-16 00:00:00-04:00,44.09000015258789,44.79999923706055,44.060001373291016,44.65999984741211,50100,0.0,0.0
2017-08-17 00:00:00-04:00,44.61000061035156,46.119998931884766,44.599998474121094,45.7599983215332,152300,0.0,0.0
2017-08-18 00:00:00-04:00,45.38999938964844,46.880001068115234,45.38999938964844,46.15999984741211,68700,0.0,0.0
2017-08-21 00:00:00-04:00,46.02000045776367,46.95000076293945,45.5,46.02000045776367,50800,0.0,0.0
2017-08-22 00:00:00-04:00,46.20000076293945,46.630001068115234,45.70000076293945,45.90999984741211,64800,0.0,0.0
2017-08-23 00:00:00-04:00,46.06999969482422,46.06999969482422,44.970001220703125,45.31999969482422,74300,0.0,0.0
2017-08-24 00:00:00-04:00,45.33000183105469,46.77000045776367,45.33000183105469,46.470001220703125,76600,0.0,0.0
2017-08-25 00:00:00-04:00,46.47999954223633,46.47999954223633,45.61000061035156,46.16999816894531,86700,0.0,0.0
2017-08-28 00:00:00-04:00,46.41999816894531,47.220001220703125,45.56999969482422,45.939998626708984,132400,0.0,0.0
2017-08-29 00:00:00-04:00,45.56999969482422,46.84000015258789,45.56999969482422,46.2599983215332,70400,0.0,0.0
2017-08-30 00:00:00-04:00,46.36000061035156,46.790000915527344,45.66999816894531,45.720001220703125,53300,0.0,0.0
2017-08-31 00:00:00-04:00,45.90999984741211,48.5099983215332,45.90999984741211,48.0,148900,0.0,0.0
2017-09-01 00:00:00-04:00,48.310001373291016,48.97999954223633,47.5099983215332,48.029998779296875,58300,0.0,0.0
2017-09-05 00:00:00-04:00,47.79999923706055,49.439998626708984,47.79999923706055,48.939998626708984,106100,0.0,0.0
2017-09-06 00:00:00-04:00,48.709999084472656,49.529998779296875,48.27000045776367,49.099998474121094,64900,0.0,0.0
2017-09-07 00:00:00-04:00,49.369998931884766,50.0,48.209999084472656,49.2599983215332,140900,0.0,0.0
2017-09-08 00:00:00-04:00,49.900001525878906,50.099998474121094,48.86000061035156,49.95000076293945,91700,0.0,0.0
2017-09-11 00:00:00-04:00,50.11000061035156,51.33000183105469,49.849998474121094,51.150001525878906,79900,0.0,0.0
2017-09-12 00:00:00-04:00,51.40999984741211,51.90999984741211,50.75,51.15999984741211,106800,0.0,0.0
2017-09-13 00:00:00-04:00,50.790000915527344,51.939998626708984,50.54999923706055,50.83000183105469,140400,0.0,0.0
2017-09-14 00:00:00-04:00,50.84000015258789,51.380001068115234,49.90999984741211,50.060001373291016,127800,0.0,0.0
2017-09-15 00:00:00-04:00,50.25,50.38999938964844,49.5099983215332,50.09000015258789,214200,0.0,0.0
2017-09-18 00:00:00-04:00,50.0,51.40999984741211,49.650001525878906,49.83000183105469,75800,0.0,0.0
2017-09-19 00:00:00-04:00,49.81999969482422,50.72999954223633,49.81999969482422,50.349998474121094,84500,0.0,0.0
2017-09-20 00:00:00-04:00,50.13999938964844,50.79999923706055,49.25,50.79999923706055,64200,0.0,0.0
2017-09-21 00:00:00-04:00,50.72999954223633,51.27000045776367,49.7400016784668,50.91999816894531,51900,0.0,0.0
2017-09-22 00:00:00-04:00,51.029998779296875,51.040000915527344,49.75,50.040000915527344,57900,0.0,0.0
2017-09-25 00:00:00-04:00,50.0,50.630001068115234,49.88999938964844,50.18000030517578,146000,0.0,0.0
2017-09-26 00:00:00-04:00,50.08000183105469,50.58000183105469,49.70000076293945,49.77000045776367,118700,0.0,0.0
2017-09-27 00:00:00-04:00,49.7599983215332,51.79999923706055,49.7599983215332,51.43000030517578,76500,0.0,0.0
2017-09-28 00:00:00-04:00,51.380001068115234,51.869998931884766,50.95000076293945,51.54999923706055,75400,0.0,0.0
2017-09-29 00:00:00-04:00,51.31999969482422,52.66999816894531,51.150001525878906,52.4900016784668,90100,0.0,0.0
2017-10-02 00:00:00-04:00,52.77000045776367,54.34000015258789,52.36000061035156,54.34000015258789,99600,0.0,0.0
2017-10-03 00:00:00-04:00,54.400001525878906,54.400001525878906,52.779998779296875,53.34000015258789,96400,0.0,0.0
2017-10-04 00:00:00-04:00,53.79999923706055,53.9900016784668,53.06999969482422,53.29999923706055,56100,0.0,0.0
2017-10-05 00:00:00-04:00,53.2400016784668,53.41999816894531,52.2400016784668,53.369998931884766,54000,0.0,0.0
2017-10-06 00:00:00-04:00,53.36000061035156,53.66999816894531,53.0099983215332,53.63999938964844,41900,0.0,0.0
2017-10-09 00:00:00-04:00,53.880001068115234,53.880001068115234,53.0,53.5,74000,0.0,0.0
2017-10-10 00:00:00-04:00,53.58000183105469,54.09000015258789,53.13999938964844,53.900001525878906,68500,0.0,0.0
2017-10-11 00:00:00-04:00,54.130001068115234,54.54999923706055,53.52000045776367,54.31999969482422,51300,0.0,0.0
2017-10-12 00:00:00-04:00,54.310001373291016,54.56999969482422,53.81999969482422,54.22999954223633,84600,0.0,0.0
2017-10-13 00:00:00-04:00,54.220001220703125,65.0,53.0,60.11000061035156,451300,0.0,0.0
2017-10-16 00:00:00-04:00,61.0,61.0,56.68000030517578,57.54999923706055,359700,0.0,0.0
2017-10-17 00:00:00-04:00,57.54999923706055,58.43000030517578,57.02000045776367,57.59000015258789,94700,0.0,0.0
2017-10-18 00:00:00-04:00,57.599998474121094,58.79999923706055,56.119998931884766,58.68000030517578,75100,0.0,0.0
2017-10-19 00:00:00-04:00,58.52000045776367,59.33000183105469,56.779998779296875,59.02000045776367,122500,0.0,0.0
2017-10-20 00:00:00-04:00,59.45000076293945,59.4900016784668,58.130001068115234,59.09000015258789,56500,0.0,0.0
2017-10-23 00:00:00-04:00,58.869998931884766,59.310001373291016,58.380001068115234,58.84000015258789,116100,0.0,0.0
2017-10-24 00:00:00-04:00,58.83000183105469,60.34000015258789,58.08000183105469,60.040000915527344,114900,0.0,0.0
2017-10-25 00:00:00-04:00,59.83000183105469,59.93000030517578,58.43000030517578,59.650001525878906,168900,0.0,0.0
2017-10-26 00:00:00-04:00,59.45000076293945,60.25,57.779998779296875,57.93000030517578,79300,0.0,0.0
2017-10-27 00:00:00-04:00,57.970001220703125,58.0,57.13999938964844,57.84000015258789,54400,0.0,0.0
2017-10-30 00:00:00-04:00,57.52000045776367,58.83000183105469,57.369998931884766,58.560001373291016,94900,0.0,0.0
2017-10-31 00:00:00-04:00,58.7400016784668,59.369998931884766,57.060001373291016,58.08000183105469,82800,0.0,0.0
2017-11-01 00:00:00-04:00,58.0,59.06999969482422,57.18000030517578,57.540000915527344,92100,0.0,0.0
2017-11-02 00:00:00-04:00,55.279998779296875,59.93000030517578,55.279998779296875,59.58000183105469,275600,0.0,0.0
2017-11-03 00:00:00-04:00,60.0,62.349998474121094,59.43000030517578,61.970001220703125,355600,0.0,0.0
2017-11-06 00:00:00-05:00,62.040000915527344,63.97999954223633,61.560001373291016,63.5099983215332,173600,0.0,0.0
2017-11-07 00:00:00-05:00,63.65999984741211,63.65999984741211,59.099998474121094,59.939998626708984,294800,0.0,0.0
2017-11-08 00:00:00-05:00,59.59000015258789,61.5099983215332,58.189998626708984,60.400001525878906,186200,0.0,0.0
2017-11-09 00:00:00-05:00,60.18000030517578,61.11000061035156,59.04999923706055,60.86000061035156,115500,0.0,0.0
2017-11-10 00:00:00-05:00,60.70000076293945,62.81999969482422,60.70000076293945,61.900001525878906,111000,0.0,0.0
2017-11-13 00:00:00-05:00,61.900001525878906,62.970001220703125,60.810001373291016,61.83000183105469,75500,0.0,0.0
2017-11-14 00:00:00-05:00,61.56999969482422,64.08000183105469,60.779998779296875,64.05999755859375,158700,0.0,0.0
2017-11-15 00:00:00-05:00,63.54999923706055,63.619998931884766,62.4900016784668,62.810001373291016,81500,0.0,0.0
2017-11-16 00:00:00-05:00,62.79999923706055,63.29999923706055,61.90999984741211,62.939998626708984,188900,0.0,0.0
2017-11-17 00:00:00-05:00,62.63999938964844,64.06999969482422,62.369998931884766,63.75,60500,0.0,0.0
2017-11-20 00:00:00-05:00,63.470001220703125,64.5,62.790000915527344,64.11000061035156,94600,0.0,0.0
2017-11-21 00:00:00-05:00,64.44999694824219,64.4800033569336,63.18000030517578,63.72999954223633,92500,0.0,0.0
2017-11-22 00:00:00-05:00,63.63999938964844,63.939998626708984,63.220001220703125,63.349998474121094,83600,0.0,0.0
2017-11-24 00:00:00-05:00,63.70000076293945,74.69999694824219,63.70000076293945,74.55999755859375,380500,0.0,0.0
2017-11-27 00:00:00-05:00,74.37000274658203,74.5,66.2300033569336,66.68000030517578,486900,0.0,0.0
2017-11-28 00:00:00-05:00,67.38999938964844,71.80000305175781,67.0999984741211,70.30999755859375,657600,0.0,0.0
2017-11-29 00:00:00-05:00,69.91000366210938,71.52999877929688,69.29000091552734,71.0199966430664,169400,0.0,0.0
2017-11-30 00:00:00-05:00,71.0199966430664,71.20999908447266,69.97000122070312,71.11000061035156,94200,0.0,0.0
2017-12-01 00:00:00-05:00,70.94999694824219,71.93000030517578,69.05000305175781,70.66999816894531,126400,0.0,0.0
2017-12-04 00:00:00-05:00,71.38999938964844,72.0,69.22000122070312,69.25,141400,0.0,0.0
2017-12-05 00:00:00-05:00,69.26000213623047,69.94000244140625,68.5,68.9000015258789,85800,0.0,0.0
2017-12-06 00:00:00-05:00,68.87000274658203,69.68000030517578,67.22000122070312,67.62000274658203,92000,0.0,0.0
2017-12-07 00:00:00-05:00,67.62000274658203,68.80000305175781,66.66999816894531,67.29000091552734,133200,0.0,0.0
2017-12-08 00:00:00-05:00,67.83000183105469,70.69999694824219,67.31999969482422,69.43000030517578,121400,0.0,0.0
2017-12-11 00:00:00-05:00,69.69999694824219,69.87999725341797,67.69000244140625,67.94000244140625,106500,0.0,0.0
2017-12-12 00:00:00-05:00,68.0,68.43000030517578,67.41000366210938,67.95999908447266,69900,0.0,0.0
2017-12-13 00:00:00-05:00,67.97000122070312,68.4000015258789,67.0199966430664,67.83999633789062,124200,0.0,0.0
2017-12-14 00:00:00-05:00,67.79000091552734,68.20999908447266,66.04000091552734,66.25,87500,0.0,0.0
2017-12-15 00:00:00-05:00,66.0,67.6500015258789,65.0999984741211,66.2699966430664,246900,0.0,0.0
2017-12-18 00:00:00-05:00,66.37999725341797,68.19000244140625,66.0,66.26000213623047,203500,0.0,0.0
2017-12-19 00:00:00-05:00,66.2300033569336,67.88999938964844,65.26000213623047,65.47000122070312,77700,0.0,0.0
2017-12-20 00:00:00-05:00,65.7300033569336,65.98999786376953,63.279998779296875,63.4900016784668,123500,0.0,0.0
2017-12-21 00:00:00-05:00,63.599998474121094,65.22000122070312,63.15999984741211,63.58000183105469,125900,0.0,0.0
2017-12-22 00:00:00-05:00,63.34000015258789,64.26000213623047,62.54999923706055,63.380001068115234,163100,0.0,0.0
2017-12-26 00:00:00-05:00,63.20000076293945,64.86000061035156,62.58000183105469,63.720001220703125,109200,0.0,0.0
2017-12-27 00:00:00-05:00,63.95000076293945,64.97000122070312,63.130001068115234,63.22999954223633,65900,0.0,0.0
2017-12-28 00:00:00-05:00,62.95000076293945,63.95000076293945,61.91999816894531,63.61000061035156,89500,0.0,0.0
2017-12-29 00:00:00-05:00,63.529998779296875,65.97000122070312,63.529998779296875,64.44999694824219,84000,0.0,0.0
2018-01-02 00:00:00-05:00,65.16000366210938,68.83000183105469,64.63999938964844,68.7300033569336,180900,0.0,0.0
2018-01-03 00:00:00-05:00,68.77999877929688,70.93000030517578,66.75,70.62999725341797,142300,0.0,0.0
2018-01-04 00:00:00-05:00,70.8499984741211,73.4000015258789,70.0199966430664,72.41000366210938,172700,0.0,0.0
2018-01-05 00:00:00-05:00,72.0999984741211,72.0999984741211,68.9800033569336,69.41000366210938,193400,0.0,0.0
2018-01-08 00:00:00-05:00,69.5,69.68000030517578,67.55000305175781,68.83000183105469,100900,0.0,0.0
2018-01-09 00:00:00-05:00,68.93000030517578,69.41999816894531,67.94999694824219,68.45999908447266,55800,0.0,0.0
2018-01-10 00:00:00-05:00,68.37000274658203,69.0199966430664,67.2300033569336,68.63999938964844,66800,0.0,0.0
2018-01-11 00:00:00-05:00,69.0,71.1500015258789,69.0,71.05999755859375,70500,0.0,0.0
2018-01-12 00:00:00-05:00,71.41999816894531,73.25,70.5999984741211,72.30000305175781,95100,0.0,0.0
2018-01-16 00:00:00-05:00,71.94000244140625,73.48999786376953,70.11000061035156,70.31999969482422,74600,0.0,0.0
2018-01-17 00:00:00-05:00,70.81999969482422,72.44000244140625,68.55000305175781,70.98999786376953,89600,0.0,0.0
2018-01-18 00:00:00-05:00,70.75,70.75,68.7699966430664,69.73999786376953,91400,0.0,0.0
2018-01-19 00:00:00-05:00,69.81999969482422,70.33999633789062,68.75,69.94000244140625,90600,0.0,0.0
2018-01-22 00:00:00-05:00,70.41999816894531,70.55000305175781,68.72000122070312,70.4800033569336,149600,0.0,0.0
2018-01-23 00:00:00-05:00,70.18000030517578,72.8499984741211,69.94999694824219,70.9000015258789,149800,0.0,0.0
2018-01-24 00:00:00-05:00,70.7699966430664,71.12999725341797,68.56999969482422,69.43000030517578,114700,0.0,0.0
2018-01-25 00:00:00-05:00,69.83000183105469,69.9000015258789,67.55000305175781,67.95999908447266,121400,0.0,0.0
2018-01-26 00:00:00-05:00,68.27999877929688,69.02999877929688,67.58999633789062,68.31999969482422,55300,0.0,0.0
2018-01-29 00:00:00-05:00,68.2300033569336,70.94999694824219,68.2300033569336,69.80000305175781,120100,0.0,0.0
2018-01-30 00:00:00-05:00,68.80999755859375,69.3499984741211,66.04000091552734,67.47000122070312,98900,0.0,0.0
2018-01-31 00:00:00-05:00,67.45999908447266,68.5,66.05999755859375,67.16000366210938,134200,0.0,0.0
2018-02-01 00:00:00-05:00,67.1500015258789,67.83999633789062,66.02999877929688,66.94000244140625,78000,0.0,0.0
2018-02-02 00:00:00-05:00,66.23999786376953,66.23999786376953,60.4900016784668,60.869998931884766,191000,0.0,0.0
2018-02-05 00:00:00-05:00,60.220001220703125,61.91999816894531,58.2599983215332,58.5099983215332,249100,0.0,0.0
2018-02-06 00:00:00-05:00,57.060001373291016,61.43000030517578,56.91999816894531,58.689998626708984,194800,0.0,0.0
2018-02-07 00:00:00-05:00,58.2400016784668,60.22999954223633,57.689998626708984,59.310001373291016,93100,0.0,0.0
2018-02-08 00:00:00-05:00,59.25,59.5,57.849998474121094,58.029998779296875,143500,0.0,0.0
2018-02-09 00:00:00-05:00,58.7400016784668,58.880001068115234,56.060001373291016,58.0099983215332,133900,0.0,0.0
2018-02-12 00:00:00-05:00,58.459999084472656,58.939998626708984,56.77000045776367,58.40999984741211,92000,0.0,0.0
2018-02-13 00:00:00-05:00,57.939998626708984,59.15999984741211,57.56999969482422,58.5099983215332,51900,0.0,0.0
2018-02-14 00:00:00-05:00,57.93000030517578,59.720001220703125,57.66999816894531,58.91999816894531,111600,0.0,0.0
2018-02-15 00:00:00-05:00,59.43000030517578,59.880001068115234,58.130001068115234,59.720001220703125,72000,0.0,0.0
2018-02-16 00:00:00-05:00,59.459999084472656,59.7400016784668,58.7599983215332,59.220001220703125,56800,0.0,0.0
2018-02-20 00:00:00-05:00,58.75,59.029998779296875,57.279998779296875,57.7400016784668,64700,0.0,0.0
2018-02-21 00:00:00-05:00,57.95000076293945,59.790000915527344,57.66999816894531,57.939998626708984,77300,0.0,0.0
2018-02-22 00:00:00-05:00,58.5,59.59000015258789,57.25,57.63999938964844,188500,0.0,0.0
2018-02-23 00:00:00-05:00,57.439998626708984,57.959999084472656,56.04999923706055,56.97999954223633,172400,0.0,0.0
2018-02-26 00:00:00-05:00,57.130001068115234,58.810001373291016,56.2400016784668,57.54999923706055,228000,0.0,0.0
2018-02-27 00:00:00-05:00,60.040000915527344,63.54999923706055,57.95000076293945,60.400001525878906,783600,0.0,0.0
2018-02-28 00:00:00-05:00,60.9900016784668,64.80000305175781,60.9900016784668,64.06999969482422,229000,0.0,0.0
2018-03-01 00:00:00-05:00,64.11000061035156,64.11000061035156,59.380001068115234,61.02000045776367,252800,0.0,0.0
2018-03-02 00:00:00-05:00,60.5099983215332,63.70000076293945,60.209999084472656,62.689998626708984,174400,0.0,0.0
2018-03-05 00:00:00-05:00,62.52000045776367,64.41999816894531,61.459999084472656,63.869998931884766,206100,0.0,0.0
2018-03-06 00:00:00-05:00,64.23999786376953,64.69999694824219,61.400001525878906,63.5,230200,0.0,0.0
2018-03-07 00:00:00-05:00,62.97999954223633,64.29000091552734,61.970001220703125,64.16000366210938,147000,0.0,0.0
2018-03-08 00:00:00-05:00,64.26000213623047,64.2699966430664,62.18000030517578,62.95000076293945,141100,0.0,0.0
2018-03-09 00:00:00-05:00,63.310001373291016,63.33000183105469,62.52000045776367,62.880001068115234,154800,0.0,0.0
2018-03-12 00:00:00-04:00,62.83000183105469,63.540000915527344,62.38999938964844,62.75,103300,0.0,0.0
2018-03-13 00:00:00-04:00,62.83000183105469,63.20000076293945,61.08000183105469,62.459999084472656,177700,0.0,0.0
2018-03-14 00:00:00-04:00,62.83000183105469,63.119998931884766,61.54999923706055,62.040000915527344,109000,0.0,0.0
2018-03-15 00:00:00-04:00,62.150001525878906,62.900001525878906,59.2599983215332,59.75,165600,0.0,0.0
2018-03-16 00:00:00-04:00,59.779998779296875,62.310001373291016,59.650001525878906,61.84000015258789,230800,0.0,0.0
2018-03-19 00:00:00-04:00,61.439998626708984,61.439998626708984,60.04999923706055,60.29999923706055,88300,0.0,0.0
2018-03-20 00:00:00-04:00,60.41999816894531,60.75,58.439998626708984,59.369998931884766,51400,0.0,0.0
2018-03-21 00:00:00-04:00,59.470001220703125,60.9900016784668,59.40999984741211,60.5099983215332,69900,0.0,0.0
2018-03-22 00:00:00-04:00,59.91999816894531,61.88999938964844,58.75,59.59000015258789,99500,0.0,0.0
2018-03-23 00:00:00-04:00,59.560001373291016,60.650001525878906,58.459999084472656,58.63999938964844,90600,0.0,0.0
2018-03-26 00:00:00-04:00,59.16999816894531,60.75,57.189998626708984,59.06999969482422,77900,0.0,0.0
2018-03-27 00:00:00-04:00,59.06999969482422,59.06999969482422,57.22999954223633,57.68000030517578,113900,0.0,0.0
2018-03-28 00:00:00-04:00,57.68000030517578,58.5099983215332,57.2599983215332,58.09000015258789,102800,0.0,0.0
2018-03-29 00:00:00-04:00,58.290000915527344,58.709999084472656,57.599998474121094,58.220001220703125,60000,0.0,0.0
2018-04-02 00:00:00-04:00,57.959999084472656,58.209999084472656,56.06999969482422,56.380001068115234,77800,0.0,0.0
2018-04-03 00:00:00-04:00,56.72999954223633,58.290000915527344,56.25,57.310001373291016,61700,0.0,0.0
2018-04-04 00:00:00-04:00,56.900001525878906,59.959999084472656,56.58000183105469,59.310001373291016,87600,0.0,0.0
2018-04-05 00:00:00-04:00,59.61000061035156,60.790000915527344,59.0,59.56999969482422,56300,0.0,0.0
2018-04-06 00:00:00-04:00,59.060001373291016,59.47999954223633,56.4900016784668,57.060001373291016,54100,0.0,0.0
2018-04-09 00:00:00-04:00,57.529998779296875,58.7599983215332,57.040000915527344,57.650001525878906,72700,0.0,0.0
2018-04-10 00:00:00-04:00,58.349998474121094,59.41999816894531,57.810001373291016,59.310001373291016,51700,0.0,0.0
2018-04-11 00:00:00-04:00,59.060001373291016,60.7400016784668,58.540000915527344,60.40999984741211,91900,0.0,0.0
2018-04-12 00:00:00-04:00,60.88999938964844,61.31999969482422,59.58000183105469,60.5,47900,0.0,0.0
2018-04-13 00:00:00-04:00,60.61000061035156,60.7400016784668,59.02000045776367,59.52000045776367,35900,0.0,0.0
2018-04-16 00:00:00-04:00,59.869998931884766,60.310001373291016,58.470001220703125,60.209999084472656,34800,0.0,0.0
2018-04-17 00:00:00-04:00,60.52000045776367,61.599998474121094,59.58000183105469,61.13999938964844,44500,0.0,0.0
2018-04-18 00:00:00-04:00,61.279998779296875,62.7400016784668,61.16999816894531,61.630001068115234,100300,0.0,0.0
2018-04-19 00:00:00-04:00,61.31999969482422,62.47999954223633,59.790000915527344,60.63999938964844,104800,0.0,0.0
2018-04-20 00:00:00-04:00,60.22999954223633,60.29999923706055,59.040000915527344,59.970001220703125,44600,0.0,0.0
2018-04-23 00:00:00-04:00,60.099998474121094,61.290000915527344,57.560001373291016,58.720001220703125,80100,0.0,0.0
2018-04-24 00:00:00-04:00,58.900001525878906,59.720001220703125,57.310001373291016,58.040000915527344,56800,0.0,0.0
2018-04-25 00:00:00-04:00,58.029998779296875,58.849998474121094,56.540000915527344,58.40999984741211,57500,0.0,0.0
2018-04-26 00:00:00-04:00,58.40999984741211,59.150001525878906,57.560001373291016,58.68000030517578,72500,0.0,0.0
2018-04-27 00:00:00-04:00,58.689998626708984,58.779998779296875,57.45000076293945,57.970001220703125,47600,0.0,0.0
2018-04-30 00:00:00-04:00,58.22999954223633,59.4900016784668,57.959999084472656,59.349998474121094,77500,0.0,0.0
2018-05-01 00:00:00-04:00,59.2400016784668,59.709999084472656,58.290000915527344,59.099998474121094,45400,0.0,0.0
2018-05-02 00:00:00-04:00,59.34000015258789,60.310001373291016,58.459999084472656,59.34000015258789,95500,0.0,0.0
2018-05-03 00:00:00-04:00,59.16999816894531,60.2599983215332,57.66999816894531,58.349998474121094,46200,0.0,0.0
2018-05-04 00:00:00-04:00,58.130001068115234,61.290000915527344,58.130001068115234,59.38999938964844,37200,0.0,0.0
2018-05-07 00:00:00-04:00,59.40999984741211,61.209999084472656,58.709999084472656,59.65999984741211,106600,0.0,0.0
2018-05-08 00:00:00-04:00,56.25,61.439998626708984,56.25,61.11000061035156,69300,0.0,0.0
2018-05-09 00:00:00-04:00,61.790000915527344,62.40999984741211,57.459999084472656,62.0,137900,0.0,0.0
2018-05-10 00:00:00-04:00,62.38999938964844,62.970001220703125,60.130001068115234,61.290000915527344,89500,0.0,0.0
2018-05-11 00:00:00-04:00,61.54999923706055,62.38999938964844,61.150001525878906,61.959999084472656,112200,0.0,0.0
2018-05-14 00:00:00-04:00,61.88999938964844,62.91999816894531,60.56999969482422,61.31999969482422,102800,0.0,0.0
2018-05-15 00:00:00-04:00,61.08000183105469,62.16999816894531,60.4900016784668,61.970001220703125,76200,0.0,0.0
2018-05-16 00:00:00-04:00,62.130001068115234,63.209999084472656,61.849998474121094,62.9900016784668,98900,0.0,0.0
2018-05-17 00:00:00-04:00,62.81999969482422,64.98999786376953,62.38999938964844,64.61000061035156,84200,0.0,0.0
2018-05-18 00:00:00-04:00,64.91000366210938,64.91000366210938,64.05000305175781,64.43000030517578,65400,0.0,0.0
2018-05-21 00:00:00-04:00,64.62000274658203,64.81999969482422,63.33000183105469,63.83000183105469,40400,0.0,0.0
2018-05-22 00:00:00-04:00,63.84000015258789,63.84000015258789,61.31999969482422,61.68000030517578,94100,0.0,0.0
2018-05-23 00:00:00-04:00,61.59000015258789,62.779998779296875,61.59000015258789,62.45000076293945,65600,0.0,0.0
2018-05-24 00:00:00-04:00,62.5,63.22999954223633,61.84000015258789,62.939998626708984,55100,0.0,0.0
2018-05-25 00:00:00-04:00,62.84000015258789,63.36000061035156,61.66999816894531,62.27000045776367,82400,0.0,0.0
2018-05-29 00:00:00-04:00,61.93000030517578,63.900001525878906,61.130001068115234,62.08000183105469,116700,0.0,0.0
2018-05-30 00:00:00-04:00,62.2400016784668,64.2300033569336,62.2400016784668,62.95000076293945,140800,0.0,0.0
2018-05-31 00:00:00-04:00,62.959999084472656,63.41999816894531,62.27000045776367,63.290000915527344,52800,0.0,0.0
2018-06-01 00:00:00-04:00,63.529998779296875,64.1500015258789,62.630001068115234,62.959999084472656,88700,0.0,0.0
2018-06-04 00:00:00-04:00,63.189998626708984,63.7400016784668,62.25,63.459999084472656,93800,0.0,0.0
2018-06-05 00:00:00-04:00,63.380001068115234,64.0,62.369998931884766,63.560001373291016,101100,0.0,0.0
2018-06-06 00:00:00-04:00,63.70000076293945,66.75,63.58000183105469,65.86000061035156,155000,0.0,0.0
2018-06-07 00:00:00-04:00,65.69000244140625,67.0,64.4000015258789,65.38999938964844,59300,0.0,0.0
2018-06-08 00:00:00-04:00,65.19999694824219,66.69000244140625,64.76000213623047,66.0999984741211,66200,0.0,0.0
2018-06-11 00:00:00-04:00,66.08999633789062,67.61000061035156,65.52999877929688,66.38999938964844,64300,0.0,0.0
2018-06-12 00:00:00-04:00,67.13999938964844,67.70999908447266,66.55000305175781,67.22000122070312,79900,0.0,0.0
2018-06-13 00:00:00-04:00,67.47000122070312,67.58000183105469,64.2699966430664,66.23999786376953,113900,0.0,0.0
2018-06-14 00:00:00-04:00,66.33000183105469,67.0999984741211,65.41000366210938,66.33999633789062,72400,0.0,0.0
2018-06-15 00:00:00-04:00,66.0999984741211,67.47000122070312,66.0999984741211,67.38999938964844,110900,0.0,0.0
2018-06-18 00:00:00-04:00,67.37000274658203,67.5199966430664,65.69000244140625,66.9800033569336,50400,0.0,0.0
2018-06-19 00:00:00-04:00,66.56999969482422,67.7300033569336,66.33000183105469,67.19999694824219,59500,0.0,0.0
2018-06-20 00:00:00-04:00,67.4800033569336,68.08999633789062,67.23999786376953,67.95999908447266,78800,0.0,0.0
2018-06-21 00:00:00-04:00,67.97000122070312,68.16000366210938,66.87000274658203,67.58000183105469,68100,0.0,0.0
2018-06-22 00:00:00-04:00,67.80000305175781,68.19000244140625,66.83999633789062,68.08000183105469,99300,0.0,0.0
2018-06-25 00:00:00-04:00,67.73999786376953,68.30000305175781,67.13999938964844,67.91000366210938,95600,0.0,0.0
2018-06-26 00:00:00-04:00,67.94000244140625,68.58000183105469,66.7699966430664,67.72000122070312,55800,0.0,0.0
2018-06-27 00:00:00-04:00,67.80000305175781,68.58000183105469,65.7300033569336,66.06999969482422,108300,0.0,0.0
2018-06-28 00:00:00-04:00,65.87999725341797,68.31999969482422,65.55999755859375,67.47000122070312,83900,0.0,0.0
2018-06-29 00:00:00-04:00,67.83000183105469,67.83000183105469,66.11000061035156,66.80000305175781,39500,0.0,0.0
2018-07-02 00:00:00-04:00,66.61000061035156,67.95999908447266,65.86000061035156,67.9000015258789,97400,0.0,0.0
2018-07-03 00:00:00-04:00,67.87000274658203,68.5,67.3499984741211,67.9000015258789,44900,0.0,0.0
2018-07-05 00:00:00-04:00,68.33000183105469,68.62000274658203,67.55999755859375,68.13999938964844,103200,0.0,0.0
2018-07-06 00:00:00-04:00,68.19000244140625,72.80999755859375,68.19000244140625,71.0,290000,0.0,0.0
2018-07-09 00:00:00-04:00,71.19999694824219,72.45999908447266,70.47000122070312,71.33999633789062,78700,0.0,0.0
2018-07-10 00:00:00-04:00,71.33999633789062,72.12000274658203,70.0,71.16000366210938,151100,0.0,0.0
2018-07-11 00:00:00-04:00,70.93000030517578,71.63999938964844,70.56999969482422,71.1500015258789,92400,0.0,0.0
2018-07-12 00:00:00-04:00,71.55999755859375,71.95999908447266,70.79000091552734,71.27999877929688,62300,0.0,0.0
2018-07-13 00:00:00-04:00,71.44999694824219,71.69999694824219,70.44999694824219,70.87999725341797,48100,0.0,0.0
2018-07-16 00:00:00-04:00,70.88999938964844,71.0999984741211,69.02999877929688,70.30999755859375,71600,0.0,0.0
2018-07-17 00:00:00-04:00,70.22000122070312,70.9000015258789,69.25,70.06999969482422,60900,0.0,0.0
2018-07-18 00:00:00-04:00,69.98999786376953,71.19000244140625,69.37999725341797,70.86000061035156,56400,0.0,0.0
2018-07-19 00:00:00-04:00,70.8499984741211,70.8499984741211,69.88999938964844,70.55999755859375,37600,0.0,0.0
2018-07-20 00:00:00-04:00,70.75,71.19000244140625,69.41999816894531,70.48999786376953,63200,0.0,0.0
2018-07-23 00:00:00-04:00,69.02999877929688,70.98999786376953,68.76000213623047,70.27999877929688,55200,0.0,0.0
2018-07-24 00:00:00-04:00,70.66000366210938,71.19000244140625,70.01000213623047,70.98999786376953,75800,0.0,0.0
2018-07-25 00:00:00-04:00,70.72000122070312,71.97000122070312,70.47000122070312,71.23999786376953,152200,0.0,0.0
2018-07-26 00:00:00-04:00,71.22000122070312,71.75,70.25,70.7300033569336,34600,0.0,0.0
2018-07-27 00:00:00-04:00,70.73999786376953,70.9800033569336,66.6500015258789,68.08000183105469,98700,0.0,0.0
2018-07-30 00:00:00-04:00,68.22000122070312,69.47000122070312,66.5,67.41000366210938,109600,0.0,0.0
2018-07-31 00:00:00-04:00,67.80999755859375,69.2300033569336,66.63999938964844,66.94999694824219,139100,0.0,0.0
2018-08-01 00:00:00-04:00,66.95999908447266,68.5,66.0999984741211,66.0999984741211,97400,0.0,0.0
2018-08-02 00:00:00-04:00,65.51000213623047,67.06999969482422,65.5,65.95999908447266,81600,0.0,0.0
2018-08-03 00:00:00-04:00,65.8499984741211,67.2699966430664,64.63999938964844,65.02999877929688,58800,0.0,0.0
2018-08-06 00:00:00-04:00,64.77999877929688,65.83000183105469,64.30999755859375,65.62000274658203,55500,0.0,0.0
2018-08-07 00:00:00-04:00,64.77999877929688,64.77999877929688,49.7599983215332,56.439998626708984,927500,0.0,0.0
2018-08-08 00:00:00-04:00,55.599998474121094,57.38999938964844,54.560001373291016,57.060001373291016,294900,0.0,0.0
2018-08-09 00:00:00-04:00,56.88999938964844,57.279998779296875,55.9900016784668,56.709999084472656,86900,0.0,0.0
2018-08-10 00:00:00-04:00,56.310001373291016,57.650001525878906,56.2400016784668,57.040000915527344,70100,0.0,0.0
2018-08-13 00:00:00-04:00,56.939998626708984,57.439998626708984,56.599998474121094,57.22999954223633,63200,0.0,0.0
2018-08-14 00:00:00-04:00,57.29999923706055,57.81999969482422,56.79999923706055,57.150001525878906,68600,0.0,0.0
2018-08-15 00:00:00-04:00,56.849998474121094,56.849998474121094,54.79999923706055,56.0,138000,0.0,0.0
2018-08-16 00:00:00-04:00,56.279998779296875,57.22999954223633,55.40999984741211,55.81999969482422,96100,0.0,0.0
2018-08-17 00:00:00-04:00,55.77000045776367,56.470001220703125,55.029998779296875,56.40999984741211,76200,0.0,0.0
2018-08-20 00:00:00-04:00,56.279998779296875,56.630001068115234,55.619998931884766,56.130001068115234,68800,0.0,0.0
2018-08-21 00:00:00-04:00,56.16999816894531,57.09000015258789,55.66999816894531,56.709999084472656,80400,0.0,0.0
2018-08-22 00:00:00-04:00,56.709999084472656,57.439998626708984,56.08000183105469,57.33000183105469,67500,0.0,0.0
2018-08-23 00:00:00-04:00,57.40999984741211,58.310001373291016,56.75,57.29999923706055,81400,0.0,0.0
2018-08-24 00:00:00-04:00,57.290000915527344,57.97999954223633,56.90999984741211,57.310001373291016,37500,0.0,0.0
2018-08-27 00:00:00-04:00,57.47999954223633,58.25,56.93000030517578,57.29999923706055,89400,0.0,0.0
2018-08-28 00:00:00-04:00,57.290000915527344,57.56999969482422,57.0,57.220001220703125,32900,0.0,0.0
2018-08-29 00:00:00-04:00,57.220001220703125,57.779998779296875,56.77000045776367,57.7599983215332,44200,0.0,0.0
2018-08-30 00:00:00-04:00,57.70000076293945,57.70000076293945,56.2400016784668,57.290000915527344,58600,0.0,0.0
2018-08-31 00:00:00-04:00,57.029998779296875,58.34000015258789,56.689998626708984,58.20000076293945,90700,0.0,0.0
2018-09-04 00:00:00-04:00,58.09000015258789,58.4900016784668,56.619998931884766,57.47999954223633,71500,0.0,0.0
2018-09-05 00:00:00-04:00,57.4900016784668,58.88999938964844,56.95000076293945,57.91999816894531,99800,0.0,0.0
2018-09-06 00:00:00-04:00,57.9900016784668,57.9900016784668,56.15999984741211,56.599998474121094,150400,0.0,0.0
2018-09-07 00:00:00-04:00,56.45000076293945,56.56999969482422,54.560001373291016,56.150001525878906,114400,0.0,0.0
2018-09-10 00:00:00-04:00,56.2400016784668,56.790000915527344,54.45000076293945,55.2599983215332,73400,0.0,0.0
2018-09-11 00:00:00-04:00,55.18000030517578,55.66999816894531,54.47999954223633,55.38999938964844,71000,0.0,0.0
2018-09-12 00:00:00-04:00,55.27000045776367,55.33000183105469,53.27000045776367,54.400001525878906,70800,0.0,0.0
2018-09-13 00:00:00-04:00,54.63999938964844,55.04999923706055,53.619998931884766,54.06999969482422,64100,0.0,0.0
2018-09-14 00:00:00-04:00,54.029998779296875,54.27000045776367,53.25,53.619998931884766,86400,0.0,0.0
2018-09-17 00:00:00-04:00,53.63999938964844,54.31999969482422,52.0,53.0,73400,0.0,0.0
2018-09-18 00:00:00-04:00,52.939998626708984,54.18000030517578,52.709999084472656,53.529998779296875,46000,0.0,0.0
2018-09-19 00:00:00-04:00,53.540000915527344,54.31999969482422,52.88999938964844,53.31999969482422,64400,0.0,0.0
2018-09-20 00:00:00-04:00,53.459999084472656,54.5,52.779998779296875,54.31999969482422,72000,0.0,0.0
2018-09-21 00:00:00-04:00,54.380001068115234,54.849998474121094,52.91999816894531,52.95000076293945,251600,0.0,0.0
2018-09-24 00:00:00-04:00,52.83000183105469,53.689998626708984,52.2599983215332,53.560001373291016,37300,0.0,0.0
2018-09-25 00:00:00-04:00,53.70000076293945,54.5,53.279998779296875,53.31999969482422,57300,0.0,0.0
2018-09-26 00:00:00-04:00,53.45000076293945,54.130001068115234,52.31999969482422,54.04999923706055,60000,0.0,0.0
2018-09-27 00:00:00-04:00,53.65999984741211,57.2400016784668,52.4900016784668,55.970001220703125,139000,0.0,0.0
2018-09-28 00:00:00-04:00,55.93000030517578,56.86000061035156,55.2400016784668,56.540000915527344,76600,0.0,0.0
2018-10-01 00:00:00-04:00,57.0,57.029998779296875,55.619998931884766,56.13999938964844,92500,0.0,0.0
2018-10-02 00:00:00-04:00,55.97999954223633,57.150001525878906,55.369998931884766,55.5099983215332,48700,0.0,0.0
2018-10-03 00:00:00-04:00,55.630001068115234,56.43000030517578,55.2599983215332,56.31999969482422,39300,0.0,0.0
2018-10-04 00:00:00-04:00,56.16999816894531,56.970001220703125,54.220001220703125,55.959999084472656,106000,0.0,0.0
2018-10-05 00:00:00-04:00,55.959999084472656,56.060001373291016,54.09000015258789,54.9900016784668,53400,0.0,0.0
2018-10-08 00:00:00-04:00,54.95000076293945,55.9900016784668,53.779998779296875,54.7599983215332,37100,0.0,0.0
2018-10-09 00:00:00-04:00,54.72999954223633,56.38999938964844,54.540000915527344,55.5,69000,0.0,0.0
2018-10-10 00:00:00-04:00,55.5,55.72999954223633,54.27000045776367,54.380001068115234,67500,0.0,0.0
2018-10-11 00:00:00-04:00,54.22999954223633,55.40999984741211,53.43000030517578,53.97999954223633,56600,0.0,0.0
2018-10-12 00:00:00-04:00,54.869998931884766,55.369998931884766,54.0,54.380001068115234,45500,0.0,0.0
2018-10-15 00:00:00-04:00,54.310001373291016,55.0,53.61000061035156,54.56999969482422,61000,0.0,0.0
2018-10-16 00:00:00-04:00,54.83000183105469,56.45000076293945,53.93000030517578,56.27000045776367,61600,0.0,0.0
2018-10-17 00:00:00-04:00,56.130001068115234,56.790000915527344,55.02000045776367,56.439998626708984,61900,0.0,0.0
2018-10-18 00:00:00-04:00,56.2400016784668,57.630001068115234,55.33000183105469,55.939998626708984,50400,0.0,0.0
2018-10-19 00:00:00-04:00,55.97999954223633,56.279998779296875,54.59000015258789,55.0,37700,0.0,0.0
2018-10-22 00:00:00-04:00,55.20000076293945,55.459999084472656,52.79999923706055,54.939998626708984,74700,0.0,0.0
2018-10-23 00:00:00-04:00,54.25,56.439998626708984,53.869998931884766,55.630001068115234,56400,0.0,0.0
2018-10-24 00:00:00-04:00,55.619998931884766,55.900001525878906,52.630001068115234,53.099998474121094,76500,0.0,0.0
2018-10-25 00:00:00-04:00,53.2400016784668,55.18000030517578,51.34000015258789,51.68000030517578,176100,0.0,0.0
2018-10-26 00:00:00-04:00,51.040000915527344,52.970001220703125,50.869998931884766,51.540000915527344,96500,0.0,0.0
2018-10-29 00:00:00-04:00,52.0099983215332,52.84000015258789,50.08000183105469,50.13999938964844,79800,0.0,0.0
2018-10-30 00:00:00-04:00,50.130001068115234,51.130001068115234,50.11000061035156,50.599998474121094,63900,0.0,0.0
2018-10-31 00:00:00-04:00,51.08000183105469,51.72999954223633,48.5099983215332,48.529998779296875,95600,0.0,0.0
2018-11-01 00:00:00-04:00,48.790000915527344,52.65999984741211,48.790000915527344,52.099998474121094,59400,0.0,0.0
2018-11-02 00:00:00-04:00,52.2400016784668,52.97999954223633,51.040000915527344,51.90999984741211,37400,0.0,0.0
2018-11-05 00:00:00-05:00,51.91999816894531,53.09000015258789,50.38999938964844,51.58000183105469,59700,0.0,0.0
2018-11-06 00:00:00-05:00,55.0,55.0,48.400001525878906,53.52000045776367,118800,0.0,0.0
2018-11-07 00:00:00-05:00,53.880001068115234,55.7599983215332,52.66999816894531,55.27000045776367,103800,0.0,0.0
2018-11-08 00:00:00-05:00,55.22999954223633,55.939998626708984,53.349998474121094,54.040000915527344,37300,0.0,0.0
2018-11-09 00:00:00-05:00,53.86000061035156,55.119998931884766,52.52000045776367,52.65999984741211,78600,0.0,0.0
2018-11-12 00:00:00-05:00,52.66999816894531,53.58000183105469,51.689998626708984,52.470001220703125,54000,0.0,0.0
2018-11-13 00:00:00-05:00,52.630001068115234,53.63999938964844,51.75,51.75,59200,0.0,0.0
2018-11-14 00:00:00-05:00,52.150001525878906,53.06999969482422,51.20000076293945,52.099998474121094,57400,0.0,0.0
2018-11-15 00:00:00-05:00,51.88999938964844,52.75,50.529998779296875,51.9900016784668,54800,0.0,0.0
2018-11-16 00:00:00-05:00,51.939998626708984,53.2400016784668,51.0099983215332,52.93000030517578,98100,0.0,0.0
2018-11-19 00:00:00-05:00,52.90999984741211,53.97999954223633,52.209999084472656,53.560001373291016,40900,0.0,0.0
2018-11-20 00:00:00-05:00,53.02000045776367,54.369998931884766,52.77000045776367,53.459999084472656,89600,0.0,0.0
2018-11-21 00:00:00-05:00,53.68000030517578,55.38999938964844,53.41999816894531,55.119998931884766,56100,0.0,0.0
2018-11-23 00:00:00-05:00,54.75,55.900001525878906,53.41999816894531,55.279998779296875,25700,0.0,0.0
2018-11-26 00:00:00-05:00,55.36000061035156,55.83000183105469,53.470001220703125,54.209999084472656,68200,0.0,0.0
2018-11-27 00:00:00-05:00,54.0099983215332,55.2400016784668,53.61000061035156,54.9900016784668,43700,0.0,0.0
2018-11-28 00:00:00-05:00,54.939998626708984,56.060001373291016,53.34000015258789,55.689998626708984,65500,0.0,0.0
2018-11-29 00:00:00-05:00,55.33000183105469,55.70000076293945,53.810001373291016,54.220001220703125,54200,0.0,0.0
2018-11-30 00:00:00-05:00,54.20000076293945,56.0,54.20000076293945,55.59000015258789,58600,0.0,0.0
2018-12-03 00:00:00-05:00,56.31999969482422,57.630001068115234,53.88999938964844,55.349998474121094,40100,0.0,0.0
2018-12-04 00:00:00-05:00,55.34000015258789,55.34000015258789,52.63999938964844,52.84000015258789,80100,0.0,0.0
2018-12-06 00:00:00-05:00,52.209999084472656,54.209999084472656,51.349998474121094,51.47999954223633,198200,0.0,0.0
2018-12-07 00:00:00-05:00,51.4900016784668,54.84000015258789,51.45000076293945,53.5,107900,0.0,0.0
2018-12-10 00:00:00-05:00,53.33000183105469,55.40999984741211,51.04999923706055,54.91999816894531,81200,0.0,0.0
2018-12-11 00:00:00-05:00,55.459999084472656,55.459999084472656,52.93000030517578,54.5099983215332,58700,0.0,0.0
2018-12-12 00:00:00-05:00,54.970001220703125,55.209999084472656,53.7400016784668,54.459999084472656,43100,0.0,0.0
2018-12-13 00:00:00-05:00,54.540000915527344,56.34000015258789,54.25,55.130001068115234,80200,0.0,0.0
2018-12-14 00:00:00-05:00,54.7599983215332,54.90999984741211,52.439998626708984,53.040000915527344,129400,0.0,0.0
2018-12-17 00:00:00-05:00,52.56999969482422,53.560001373291016,50.5099983215332,50.959999084472656,110200,0.0,0.0
2018-12-18 00:00:00-05:00,51.2599983215332,51.33000183105469,47.720001220703125,47.900001525878906,79200,0.0,0.0
2018-12-19 00:00:00-05:00,48.130001068115234,48.45000076293945,44.79999923706055,45.470001220703125,125800,0.0,0.0
2018-12-20 00:00:00-05:00,45.369998931884766,46.029998779296875,43.650001525878906,43.7400016784668,108900,0.0,0.0
2018-12-21 00:00:00-05:00,43.90999984741211,44.16999816894531,41.0,41.16999816894531,218300,0.0,0.0
2018-12-24 00:00:00-05:00,40.56999969482422,42.540000915527344,36.91999816894531,41.7599983215332,48600,0.0,0.0
2018-12-26 00:00:00-05:00,42.0,43.11000061035156,41.13999938964844,43.04999923706055,86900,0.0,0.0
2018-12-27 00:00:00-05:00,42.459999084472656,43.970001220703125,42.0,42.959999084472656,92900,0.0,0.0
2018-12-28 00:00:00-05:00,42.869998931884766,44.79999923706055,41.58000183105469,43.869998931884766,69100,0.0,0.0
2018-12-31 00:00:00-05:00,43.689998626708984,45.189998626708984,41.709999084472656,45.02000045776367,111500,0.0,0.0
2019-01-02 00:00:00-05:00,44.41999816894531,45.83000183105469,44.400001525878906,45.83000183105469,73400,0.0,0.0
2019-01-03 00:00:00-05:00,45.97999954223633,47.06999969482422,45.13999938964844,46.709999084472656,114200,0.0,0.0
2019-01-04 00:00:00-05:00,47.27000045776367,48.880001068115234,47.13999938964844,48.81999969482422,41700,0.0,0.0
2019-01-07 00:00:00-05:00,49.11000061035156,50.650001525878906,47.77000045776367,50.560001373291016,112700,0.0,0.0
2019-01-08 00:00:00-05:00,50.93000030517578,52.900001525878906,50.900001525878906,51.58000183105469,102600,0.0,0.0
2019-01-09 00:00:00-05:00,51.65999984741211,53.27000045776367,51.65999984741211,52.650001525878906,62100,0.0,0.0
2019-01-10 00:00:00-05:00,52.369998931884766,52.90999984741211,51.59000015258789,52.52000045776367,42400,0.0,0.0
2019-01-11 00:00:00-05:00,52.5,53.34000015258789,52.119998931884766,53.0,49900,0.0,0.0
2019-01-14 00:00:00-05:00,52.95000076293945,54.04999923706055,52.72999954223633,53.0,59300,0.0,0.0
2019-01-15 00:00:00-05:00,53.0099983215332,53.93000030517578,52.380001068115234,53.16999816894531,34400,0.0,0.0
2019-01-16 00:00:00-05:00,53.20000076293945,54.630001068115234,53.20000076293945,54.099998474121094,89000,0.0,0.0
2019-01-17 00:00:00-05:00,53.77000045776367,55.060001373291016,53.7599983215332,54.029998779296875,80900,0.0,0.0
2019-01-18 00:00:00-05:00,54.18000030517578,54.880001068115234,53.16999816894531,54.66999816894531,49000,0.0,0.0
2019-01-22 00:00:00-05:00,54.5,54.5,52.70000076293945,52.900001525878906,68200,0.0,0.0
2019-01-23 00:00:00-05:00,52.88999938964844,53.88999938964844,51.88999938964844,53.630001068115234,69800,0.0,0.0
2019-01-24 00:00:00-05:00,53.630001068115234,53.810001373291016,52.709999084472656,53.189998626708984,31500,0.0,0.0
2019-01-25 00:00:00-05:00,53.4900016784668,54.52000045776367,52.86000061035156,53.5099983215332,35500,0.0,0.0
2019-01-28 00:00:00-05:00,53.040000915527344,53.849998474121094,52.599998474121094,52.939998626708984,29700,0.0,0.0
2019-01-29 00:00:00-05:00,52.099998474121094,53.5,52.099998474121094,52.689998626708984,21300,0.0,0.0
2019-01-30 00:00:00-05:00,52.790000915527344,54.650001525878906,52.790000915527344,54.22999954223633,63000,0.0,0.0
2019-01-31 00:00:00-05:00,54.2400016784668,55.7599983215332,53.40999984741211,53.7400016784668,64000,0.0,0.0
2019-02-01 00:00:00-05:00,53.630001068115234,54.65999984741211,53.54999923706055,54.220001220703125,63100,0.0,0.0
2019-02-04 00:00:00-05:00,54.150001525878906,56.439998626708984,53.61000061035156,56.41999816894531,72900,0.0,0.0
2019-02-05 00:00:00-05:00,56.540000915527344,57.56999969482422,56.540000915527344,57.2400016784668,83300,0.0,0.0
2019-02-06 00:00:00-05:00,57.2400016784668,57.779998779296875,56.720001220703125,57.27000045776367,35300,0.0,0.0
2019-02-07 00:00:00-05:00,57.02000045776367,57.40999984741211,54.720001220703125,55.540000915527344,62000,0.0,0.0
2019-02-08 00:00:00-05:00,55.36000061035156,56.08000183105469,54.83000183105469,55.86000061035156,44000,0.0,0.0
2019-02-11 00:00:00-05:00,55.9900016784668,56.369998931884766,55.369998931884766,56.290000915527344,34100,0.0,0.0
2019-02-12 00:00:00-05:00,56.380001068115234,58.040000915527344,56.04999923706055,57.9900016784668,87900,0.0,0.0
2019-02-13 00:00:00-05:00,57.84000015258789,59.099998474121094,56.77000045776367,58.619998931884766,45900,0.0,0.0
2019-02-14 00:00:00-05:00,58.41999816894531,59.93000030517578,58.22999954223633,58.84000015258789,76600,0.0,0.0
2019-02-15 00:00:00-05:00,59.04999923706055,60.91999816894531,58.88999938964844,60.900001525878906,83100,0.0,0.0
2019-02-19 00:00:00-05:00,60.43000030517578,61.349998474121094,59.79999923706055,60.72999954223633,80300,0.0,0.0
2019-02-20 00:00:00-05:00,60.7400016784668,61.189998626708984,58.540000915527344,60.849998474121094,86700,0.0,0.0
2019-02-21 00:00:00-05:00,60.54999923706055,61.7599983215332,59.630001068115234,60.58000183105469,78200,0.0,0.0
2019-02-22 00:00:00-05:00,60.59000015258789,61.22999954223633,59.84000015258789,60.36000061035156,67700,0.0,0.0
2019-02-25 00:00:00-05:00,60.56999969482422,60.88999938964844,59.619998931884766,60.779998779296875,46900,0.0,0.0
2019-02-26 00:00:00-05:00,60.790000915527344,61.099998474121094,59.86000061035156,61.099998474121094,95800,0.0,0.0
2019-02-27 00:00:00-05:00,64.58000183105469,65.0,60.4900016784668,64.70999908447266,179500,0.0,0.0
2019-02-28 00:00:00-05:00,64.70999908447266,67.58000183105469,64.44000244140625,65.79000091552734,207400,0.0,0.0
2019-03-01 00:00:00-05:00,66.08000183105469,66.95999908447266,63.630001068115234,64.30999755859375,89400,0.0,0.0
2019-03-04 00:00:00-05:00,64.33999633789062,65.66999816894531,63.599998474121094,64.5199966430664,80000,0.0,0.0
2019-03-05 00:00:00-05:00,64.55000305175781,65.94999694824219,64.0199966430664,65.12999725341797,67700,0.0,0.0
2019-03-06 00:00:00-05:00,64.7699966430664,65.20999908447266,62.650001525878906,64.04000091552734,112000,0.0,0.0
2019-03-07 00:00:00-05:00,64.04000091552734,64.22000122070312,63.11000061035156,63.5,45200,0.0,0.0
2019-03-08 00:00:00-05:00,63.040000915527344,64.1500015258789,62.060001373291016,63.83000183105469,35800,0.0,0.0
2019-03-11 00:00:00-04:00,63.84000015258789,65.83999633789062,63.720001220703125,65.2300033569336,108200,0.0,0.0
2019-03-12 00:00:00-04:00,65.2300033569336,65.68000030517578,63.630001068115234,64.20999908447266,74900,0.0,0.0
2019-03-13 00:00:00-04:00,64.45999908447266,64.86000061035156,63.97999954223633,64.30999755859375,40900,0.0,0.0
2019-03-14 00:00:00-04:00,64.30999755859375,64.80000305175781,63.61000061035156,63.7400016784668,23600,0.0,0.0
2019-03-15 00:00:00-04:00,63.88999938964844,64.51000213623047,63.209999084472656,63.4900016784668,92300,0.0,0.0
2019-03-18 00:00:00-04:00,63.25,64.0199966430664,62.66999816894531,63.38999938964844,62500,0.0,0.0
2019-03-19 00:00:00-04:00,63.4900016784668,64.3499984741211,63.0099983215332,63.310001373291016,45400,0.0,0.0
2019-03-20 00:00:00-04:00,63.20000076293945,65.94000244140625,63.20000076293945,64.44999694824219,79500,0.0,0.0
2019-03-21 00:00:00-04:00,64.0199966430664,66.51000213623047,64.0199966430664,64.41999816894531,52300,0.0,0.0
2019-03-22 00:00:00-04:00,64.08000183105469,66.91999816894531,63.52000045776367,65.97000122070312,159400,0.0,0.0
2019-03-25 00:00:00-04:00,65.97000122070312,66.80999755859375,65.41999816894531,66.63999938964844,63700,0.0,0.0
2019-03-26 00:00:00-04:00,66.94000244140625,69.8499984741211,66.94000244140625,68.01000213623047,142600,0.0,0.0
2019-03-27 00:00:00-04:00,67.72000122070312,67.9000015258789,66.0,66.38999938964844,138400,0.0,0.0
2019-03-28 00:00:00-04:00,66.7699966430664,68.80000305175781,66.55999755859375,67.76000213623047,111900,0.0,0.0
2019-03-29 00:00:00-04:00,68.3499984741211,71.0,68.3499984741211,70.54000091552734,230300,0.0,0.0
2019-04-01 00:00:00-04:00,71.06999969482422,71.38999938964844,69.86000061035156,70.18000030517578,92200,0.0,0.0
2019-04-02 00:00:00-04:00,70.29000091552734,70.63999938964844,68.2699966430664,69.54000091552734,102600,0.0,0.0
2019-04-03 00:00:00-04:00,70.16000366210938,70.4800033569336,69.45999908447266,69.86000061035156,64700,0.0,0.0
2019-04-04 00:00:00-04:00,69.83999633789062,71.25,69.58999633789062,70.4800033569336,82800,0.0,0.0
2019-04-05 00:00:00-04:00,70.31999969482422,71.36000061035156,70.0,70.5,71600,0.0,0.0
2019-04-08 00:00:00-04:00,70.52999877929688,70.79000091552734,69.55000305175781,69.83999633789062,87300,0.0,0.0
2019-04-09 00:00:00-04:00,69.72000122070312,70.04000091552734,68.94000244140625,69.08999633789062,111600,0.0,0.0
2019-04-10 00:00:00-04:00,69.5,70.4000015258789,68.88999938964844,69.1500015258789,48000,0.0,0.0
2019-04-11 00:00:00-04:00,69.36000061035156,69.36000061035156,67.30999755859375,68.2699966430664,63100,0.0,0.0
2019-04-12 00:00:00-04:00,68.5999984741211,69.5,67.91999816894531,69.29000091552734,71700,0.0,0.0
2019-04-15 00:00:00-04:00,69.36000061035156,70.5999984741211,67.62000274658203,68.44999694824219,82300,0.0,0.0
2019-04-16 00:00:00-04:00,68.68000030517578,69.55000305175781,67.9000015258789,68.5999984741211,67600,0.0,0.0
2019-04-17 00:00:00-04:00,68.9800033569336,69.0999984741211,64.79000091552734,69.0,176300,0.0,0.0
2019-04-18 00:00:00-04:00,69.08999633789062,70.75,68.23999786376953,68.87999725341797,108100,0.0,0.0
2019-04-22 00:00:00-04:00,68.33999633789062,69.58999633789062,67.5199966430664,68.80999755859375,65800,0.0,0.0
2019-04-23 00:00:00-04:00,68.63999938964844,70.3499984741211,68.06999969482422,69.63999938964844,86700,0.0,0.0
2019-04-24 00:00:00-04:00,69.54000091552734,70.58999633789062,69.01000213623047,70.0,88300,0.0,0.0
2019-04-25 00:00:00-04:00,69.7699966430664,70.47000122070312,68.36000061035156,69.66000366210938,80200,0.0,0.0
2019-04-26 00:00:00-04:00,69.79000091552734,71.55000305175781,68.54000091552734,70.7699966430664,118700,0.0,0.0
2019-04-29 00:00:00-04:00,70.44999694824219,71.66999816894531,69.76000213623047,70.9000015258789,83500,0.0,0.0
2019-04-30 00:00:00-04:00,70.87000274658203,71.0,69.4000015258789,70.9800033569336,148800,0.0,0.0
2019-05-01 00:00:00-04:00,71.0,71.0,69.16000366210938,70.23999786376953,108500,0.0,0.0
2019-05-02 00:00:00-04:00,69.55000305175781,70.97000122070312,69.55000305175781,70.61000061035156,54900,0.0,0.0
2019-05-03 00:00:00-04:00,71.01000213623047,72.44999694824219,70.56999969482422,71.43000030517578,82600,0.0,0.0
2019-05-06 00:00:00-04:00,70.66000366210938,72.79000091552734,70.52999877929688,72.69000244140625,97000,0.0,0.0
2019-05-07 00:00:00-04:00,72.16000366210938,72.77999877929688,69.9000015258789,70.76000213623047,116100,0.0,0.0
2019-05-08 00:00:00-04:00,70.94999694824219,71.51000213623047,69.3499984741211,71.0,148700,0.0,0.0
2019-05-09 00:00:00-04:00,73.1500015258789,73.5,68.30999755859375,73.16999816894531,253600,0.0,0.0
2019-05-10 00:00:00-04:00,66.0999984741211,74.0,66.0,73.19000244140625,176900,0.0,0.0
2019-05-13 00:00:00-04:00,72.44000244140625,72.44000244140625,69.19000244140625,70.55000305175781,253700,0.0,0.0
2019-05-14 00:00:00-04:00,70.5199966430664,70.9000015258789,69.6500015258789,69.7699966430664,118700,0.0,0.0
2019-05-15 00:00:00-04:00,69.29000091552734,69.7300033569336,68.4800033569336,69.13999938964844,145400,0.0,0.0
2019-05-16 00:00:00-04:00,69.70999908447266,71.41999816894531,69.58000183105469,70.37999725341797,160200,0.0,0.0
2019-05-17 00:00:00-04:00,69.91999816894531,71.44999694824219,69.36000061035156,69.91999816894531,125300,0.0,0.0
2019-05-20 00:00:00-04:00,69.45999908447266,70.13999938964844,68.69000244140625,69.26000213623047,79800,0.0,0.0
2019-05-21 00:00:00-04:00,69.54000091552734,70.12999725341797,68.77999877929688,69.22000122070312,131300,0.0,0.0
2019-05-22 00:00:00-04:00,69.2300033569336,69.94999694824219,67.86000061035156,69.56999969482422,74000,0.0,0.0
2019-05-23 00:00:00-04:00,69.16000366210938,70.08999633789062,67.73999786376953,68.43000030517578,137500,0.0,0.0
2019-05-24 00:00:00-04:00,68.80000305175781,69.51000213623047,67.83000183105469,68.47000122070312,97400,0.0,0.0
2019-05-28 00:00:00-04:00,68.5999984741211,69.69000244140625,68.33999633789062,68.3499984741211,79200,0.0,0.0
2019-05-29 00:00:00-04:00,67.9000015258789,68.1500015258789,66.66000366210938,67.9800033569336,101400,0.0,0.0
2019-05-30 00:00:00-04:00,68.41999816894531,69.05000305175781,67.5,67.7699966430664,125900,0.0,0.0
2019-05-31 00:00:00-04:00,67.6500015258789,72.25,67.44000244140625,69.66000366210938,234500,0.0,0.0
2019-06-03 00:00:00-04:00,69.66000366210938,71.5,68.87000274658203,70.52999877929688,183000,0.0,0.0
2019-06-04 00:00:00-04:00,71.12999725341797,72.43000030517578,70.98999786376953,71.55000305175781,419800,0.0,0.0
2019-06-05 00:00:00-04:00,71.93000030517578,72.18000030517578,70.7699966430664,71.12000274658203,135900,0.0,0.0
2019-06-06 00:00:00-04:00,71.05000305175781,71.47000122070312,69.48999786376953,69.97000122070312,120200,0.0,0.0
2019-06-07 00:00:00-04:00,70.33000183105469,71.66000366210938,69.80000305175781,70.7699966430664,193900,0.0,0.0
2019-06-10 00:00:00-04:00,71.08999633789062,71.5999984741211,70.2699966430664,70.51000213623047,118600,0.0,0.0
2019-06-11 00:00:00-04:00,70.72000122070312,71.05000305175781,68.87999725341797,69.68000030517578,167200,0.0,0.0
2019-06-12 00:00:00-04:00,69.38999938964844,71.54000091552734,69.38999938964844,70.83000183105469,97500,0.0,0.0
2019-06-13 00:00:00-04:00,70.91000366210938,72.25,70.91000366210938,71.25,99800,0.0,0.0
2019-06-14 00:00:00-04:00,71.33999633789062,71.62999725341797,69.91000366210938,70.54000091552734,116700,0.0,0.0
2019-06-17 00:00:00-04:00,70.68000030517578,73.87000274658203,70.68000030517578,72.5,139300,0.0,0.0
2019-06-18 00:00:00-04:00,73.0,74.81999969482422,72.41000366210938,73.95999908447266,204600,0.0,0.0
2019-06-19 00:00:00-04:00,74.4800033569336,74.70999908447266,73.66999816894531,74.38999938964844,175100,0.0,0.0
2019-06-20 00:00:00-04:00,74.48999786376953,78.3499984741211,74.48999786376953,77.63999938964844,316100,0.0,0.0
2019-06-21 00:00:00-04:00,77.55999755859375,77.5999984741211,75.30999755859375,77.05000305175781,178600,0.0,0.0
2019-06-24 00:00:00-04:00,76.83999633789062,77.58999633789062,76.08999633789062,76.88999938964844,145900,0.0,0.0
2019-06-25 00:00:00-04:00,77.06999969482422,78.55000305175781,76.38999938964844,77.94000244140625,180500,0.0,0.0
2019-06-26 00:00:00-04:00,78.06999969482422,80.30000305175781,77.06999969482422,78.41999816894531,200100,0.0,0.0
2019-06-27 00:00:00-04:00,78.58000183105469,80.26000213623047,78.47000122070312,79.47000122070312,136200,0.0,0.0
2019-06-28 00:00:00-04:00,79.62000274658203,83.33000183105469,79.06999969482422,82.19999694824219,363700,0.0,0.0
2019-07-01 00:00:00-04:00,83.0,83.7699966430664,80.06999969482422,82.70999908447266,250700,0.0,0.0
2019-07-02 00:00:00-04:00,83.43000030517578,84.0999984741211,82.54000091552734,83.94000244140625,181100,0.0,0.0
2019-07-03 00:00:00-04:00,84.0999984741211,84.0999984741211,82.97000122070312,83.55999755859375,62700,0.0,0.0
2019-07-05 00:00:00-04:00,83.29000091552734,83.72000122070312,82.22000122070312,83.43000030517578,95500,0.0,0.0
2019-07-08 00:00:00-04:00,83.5,83.5999984741211,81.5,82.73999786376953,217600,0.0,0.0
2019-07-09 00:00:00-04:00,82.30999755859375,83.27999877929688,81.51000213623047,82.20999908447266,189100,0.0,0.0
2019-07-10 00:00:00-04:00,82.33999633789062,82.4800033569336,80.2300033569336,80.98999786376953,104700,0.0,0.0
2019-07-11 00:00:00-04:00,81.18000030517578,81.63999938964844,78.97000122070312,79.87999725341797,159900,0.0,0.0
2019-07-12 00:00:00-04:00,79.86000061035156,82.48999786376953,79.43000030517578,81.36000061035156,281400,0.0,0.0
2019-07-15 00:00:00-04:00,81.94000244140625,82.54000091552734,79.48999786376953,80.80000305175781,102600,0.0,0.0
2019-07-16 00:00:00-04:00,80.80000305175781,81.58000183105469,80.1500015258789,81.0,69900,0.0,0.0
2019-07-17 00:00:00-04:00,81.0199966430664,81.47000122070312,79.66000366210938,80.80000305175781,72200,0.0,0.0
2019-07-18 00:00:00-04:00,80.77999877929688,81.87999725341797,80.31999969482422,81.0,62000,0.0,0.0
2019-07-19 00:00:00-04:00,80.80999755859375,81.38999938964844,79.83999633789062,80.75,80900,0.0,0.0
2019-07-22 00:00:00-04:00,80.97000122070312,81.87999725341797,80.25,81.25,127500,0.0,0.0
2019-07-23 00:00:00-04:00,81.36000061035156,81.5999984741211,80.26000213623047,81.41000366210938,97700,0.0,0.0
2019-07-24 00:00:00-04:00,81.30999755859375,84.06999969482422,80.43000030517578,83.16000366210938,100000,0.0,0.0
2019-07-25 00:00:00-04:00,83.16999816894531,83.44000244140625,81.7300033569336,82.55999755859375,123800,0.0,0.0
2019-07-26 00:00:00-04:00,82.5999984741211,85.1500015258789,82.58000183105469,84.26000213623047,101400,0.0,0.0
2019-07-29 00:00:00-04:00,84.55999755859375,85.2300033569336,82.95999908447266,84.73999786376953,106600,0.0,0.0
2019-07-30 00:00:00-04:00,84.11000061035156,85.83999633789062,83.86000061035156,85.38999938964844,131200,0.0,0.0
2019-07-31 00:00:00-04:00,85.37999725341797,86.95999908447266,84.1500015258789,84.58999633789062,179600,0.0,0.0
2019-08-01 00:00:00-04:00,84.69999694824219,85.37999725341797,83.0999984741211,84.4800033569336,101800,0.0,0.0
2019-08-02 00:00:00-04:00,83.77999877929688,85.0999984741211,83.12000274658203,84.33000183105469,81300,0.0,0.0
2019-08-05 00:00:00-04:00,82.91999816894531,83.47000122070312,80.55999755859375,82.54000091552734,117500,0.0,0.0
2019-08-06 00:00:00-04:00,82.79000091552734,84.16000366210938,81.48999786376953,82.55999755859375,149000,0.0,0.0
2019-08-07 00:00:00-04:00,76.52999877929688,76.52999877929688,63.72999954223633,72.62000274658203,506600,0.0,0.0
2019-08-08 00:00:00-04:00,71.20999908447266,74.05999755859375,69.06999969482422,73.66999816894531,171200,0.0,0.0
2019-08-09 00:00:00-04:00,73.36000061035156,73.48999786376953,70.83000183105469,71.52999877929688,170100,0.0,0.0
2019-08-12 00:00:00-04:00,71.22000122070312,72.63999938964844,70.58000183105469,71.27999877929688,152200,0.0,0.0
2019-08-13 00:00:00-04:00,71.16999816894531,73.44999694824219,70.77999877929688,72.05000305175781,228100,0.0,0.0
2019-08-14 00:00:00-04:00,71.44000244140625,72.3499984741211,67.93000030517578,70.30999755859375,187100,0.0,0.0
2019-08-15 00:00:00-04:00,70.3499984741211,70.80999755859375,66.45999908447266,67.08999633789062,292200,0.0,0.0
2019-08-16 00:00:00-04:00,66.88999938964844,68.70999908447266,66.69999694824219,68.54000091552734,161100,0.0,0.0
2019-08-19 00:00:00-04:00,68.97000122070312,69.05000305175781,67.41000366210938,67.54000091552734,209500,0.0,0.0
2019-08-20 00:00:00-04:00,67.44000244140625,68.87999725341797,67.2300033569336,67.36000061035156,126700,0.0,0.0
2019-08-21 00:00:00-04:00,67.77999877929688,68.75,66.81999969482422,67.06999969482422,133100,0.0,0.0
2019-08-22 00:00:00-04:00,67.27999877929688,67.68000030517578,66.08999633789062,66.3499984741211,151500,0.0,0.0
2019-08-23 00:00:00-04:00,66.16000366210938,67.08000183105469,64.37999725341797,64.69999694824219,171200,0.0,0.0
2019-08-26 00:00:00-04:00,65.13999938964844,66.37000274658203,64.7300033569336,65.55999755859375,180100,0.0,0.0
2019-08-27 00:00:00-04:00,65.91000366210938,66.0999984741211,64.45999908447266,65.0,189500,0.0,0.0
2019-08-28 00:00:00-04:00,64.87000274658203,66.80999755859375,64.5999984741211,65.83999633789062,114400,0.0,0.0
2019-08-29 00:00:00-04:00,66.2699966430664,66.69999694824219,65.83000183105469,66.04000091552734,74300,0.0,0.0
2019-08-30 00:00:00-04:00,66.04000091552734,66.44999694824219,65.02999877929688,65.5,91000,0.0,0.0
2019-09-03 00:00:00-04:00,65.08000183105469,65.94999694824219,64.36000061035156,64.87000274658203,132300,0.0,0.0
2019-09-04 00:00:00-04:00,65.33000183105469,65.55999755859375,64.51000213623047,64.80000305175781,99200,0.0,0.0
2019-09-05 00:00:00-04:00,65.08999633789062,66.44000244140625,64.26000213623047,65.08999633789062,116000,0.0,0.0
2019-09-06 00:00:00-04:00,65.2300033569336,66.51000213623047,64.91999816894531,65.2300033569336,105800,0.0,0.0
2019-09-09 00:00:00-04:00,65.25,69.08999633789062,64.9800033569336,66.62999725341797,277200,0.0,0.0
2019-09-10 00:00:00-04:00,66.69000244140625,69.55999755859375,66.0999984741211,69.04000091552734,229200,0.0,0.0
2019-09-11 00:00:00-04:00,69.1500015258789,70.0,67.29000091552734,69.63999938964844,288600,0.0,0.0
2019-09-12 00:00:00-04:00,70.1500015258789,73.63999938964844,69.06999969482422,72.4800033569336,272900,0.0,0.0
2019-09-13 00:00:00-04:00,73.05999755859375,77.45999908447266,71.56999969482422,76.52999877929688,319200,0.0,0.0
2019-09-16 00:00:00-04:00,76.13999938964844,77.23999786376953,71.91000366210938,72.86000061035156,372800,0.0,0.0
2019-09-17 00:00:00-04:00,72.86000061035156,74.95999908447266,72.25,73.93000030517578,131600,0.0,0.0
2019-09-18 00:00:00-04:00,73.8499984741211,74.23999786376953,70.45999908447266,73.08999633789062,189100,0.0,0.0
2019-09-19 00:00:00-04:00,73.19999694824219,74.33999633789062,72.08000183105469,72.69000244140625,108300,0.0,0.0
2019-09-20 00:00:00-04:00,72.61000061035156,74.05000305175781,71.9800033569336,72.41999816894531,272200,0.0,0.0
2019-09-23 00:00:00-04:00,72.27999877929688,72.87999725341797,70.94999694824219,72.25,131400,0.0,0.0
2019-09-24 00:00:00-04:00,72.63999938964844,73.08999633789062,70.94999694824219,72.12999725341797,87800,0.0,0.0
2019-09-25 00:00:00-04:00,71.80000305175781,73.29000091552734,71.12999725341797,72.4000015258789,72000,0.0,0.0
2019-09-26 00:00:00-04:00,72.33999633789062,73.0,71.7300033569336,72.70999908447266,114800,0.0,0.0
2019-09-27 00:00:00-04:00,72.91000366210938,74.29000091552734,71.83999633789062,72.37000274658203,92400,0.0,0.0
2019-09-30 00:00:00-04:00,72.45999908447266,74.26000213623047,72.45999908447266,72.87999725341797,115900,0.0,0.0
2019-10-01 00:00:00-04:00,72.55000305175781,74.44000244140625,72.0999984741211,72.37999725341797,100300,0.0,0.0
2019-10-02 00:00:00-04:00,72.06999969482422,73.58000183105469,71.4000015258789,72.7300033569336,102700,0.0,0.0
2019-10-03 00:00:00-04:00,72.68000030517578,73.76000213623047,71.12000274658203,73.12000274658203,140100,0.0,0.0
2019-10-04 00:00:00-04:00,73.19000244140625,74.0999984741211,71.94000244140625,73.4000015258789,61100,0.0,0.0
2019-10-07 00:00:00-04:00,73.95999908447266,74.33000183105469,72.8499984741211,73.44000244140625,114900,0.0,0.0
2019-10-08 00:00:00-04:00,72.80000305175781,73.80000305175781,71.66000366210938,72.80999755859375,185600,0.0,0.0
2019-10-09 00:00:00-04:00,73.4000015258789,73.70999908447266,70.25,71.51000213623047,150700,0.0,0.0
2019-10-10 00:00:00-04:00,71.68000030517578,72.5,70.86000061035156,71.30999755859375,108900,0.0,0.0
2019-10-11 00:00:00-04:00,71.72000122070312,72.79000091552734,70.55000305175781,71.55999755859375,118800,0.0,0.0
2019-10-14 00:00:00-04:00,71.30000305175781,71.43000030517578,69.12999725341797,71.05999755859375,102600,0.0,0.0
2019-10-15 00:00:00-04:00,71.30000305175781,74.0,69.58999633789062,71.88999938964844,189400,0.0,0.0
2019-10-16 00:00:00-04:00,72.1500015258789,73.98999786376953,71.38999938964844,72.38999938964844,202000,0.0,0.0
2019-10-17 00:00:00-04:00,72.83999633789062,73.55000305175781,71.75,73.38999938964844,178300,0.0,0.0
2019-10-18 00:00:00-04:00,73.4000015258789,75.2699966430664,73.4000015258789,74.58999633789062,141200,0.0,0.0
2019-10-21 00:00:00-04:00,75.0199966430664,76.0,74.12999725341797,75.87999725341797,170900,0.0,0.0
2019-10-22 00:00:00-04:00,76.29000091552734,78.41999816894531,76.01000213623047,78.12999725341797,107000,0.0,0.0
2019-10-23 00:00:00-04:00,78.08999633789062,79.1500015258789,77.87000274658203,78.19999694824219,126700,0.0,0.0
2019-10-24 00:00:00-04:00,78.19000244140625,78.87000274658203,77.12000274658203,77.62999725341797,176200,0.0,0.0
2019-10-25 00:00:00-04:00,77.36000061035156,79.19000244140625,77.36000061035156,78.06999969482422,142500,0.0,0.0
2019-10-28 00:00:00-04:00,78.44000244140625,80.08999633789062,78.08999633789062,78.7300033569336,194300,0.0,0.0
2019-10-29 00:00:00-04:00,78.6500015258789,79.30000305175781,77.80999755859375,78.43000030517578,168300,0.0,0.0
2019-10-30 00:00:00-04:00,78.44000244140625,78.86000061035156,77.29000091552734,78.11000061035156,202800,0.0,0.0
2019-10-31 00:00:00-04:00,78.08000183105469,79.0,77.31999969482422,78.11000061035156,287200,0.0,0.0
2019-11-01 00:00:00-04:00,78.44999694824219,79.48999786376953,77.94999694824219,78.4800033569336,192600,0.0,0.0
2019-11-04 00:00:00-05:00,78.9800033569336,80.87000274658203,78.62000274658203,79.83000183105469,186800,0.0,0.0
2019-11-05 00:00:00-05:00,79.81999969482422,80.16000366210938,78.69999694824219,78.91000366210938,222400,0.0,0.0
2019-11-06 00:00:00-05:00,68.51000213623047,75.75,59.630001068115234,60.16999816894531,1526900,0.0,0.0
2019-11-07 00:00:00-05:00,59.529998779296875,61.709999084472656,57.029998779296875,61.43000030517578,529900,0.0,0.0
2019-11-08 00:00:00-05:00,61.25,61.88999938964844,57.15999984741211,57.380001068115234,389000,0.0,0.0
2019-11-11 00:00:00-05:00,58.29999923706055,58.630001068115234,55.619998931884766,57.36000061035156,379600,0.0,0.0
2019-11-12 00:00:00-05:00,57.58000183105469,59.06999969482422,57.22999954223633,57.95000076293945,232700,0.0,0.0
2019-11-13 00:00:00-05:00,57.439998626708984,57.439998626708984,56.0,56.720001220703125,117700,0.0,0.0
2019-11-14 00:00:00-05:00,56.86000061035156,56.869998931884766,55.52000045776367,55.650001525878906,67700,0.0,0.0
2019-11-15 00:00:00-05:00,56.029998779296875,56.029998779296875,54.630001068115234,55.7400016784668,173600,0.0,0.0
2019-11-18 00:00:00-05:00,55.43000030517578,56.18000030517578,54.9900016784668,56.08000183105469,79100,0.0,0.0
2019-11-19 00:00:00-05:00,56.060001373291016,57.4900016784668,55.95000076293945,56.560001373291016,75200,0.0,0.0
2019-11-20 00:00:00-05:00,56.70000076293945,58.20000076293945,56.40999984741211,57.060001373291016,109700,0.0,0.0
2019-11-21 00:00:00-05:00,58.0,58.13999938964844,57.15999984741211,57.38999938964844,157500,0.0,0.0
2019-11-22 00:00:00-05:00,57.41999816894531,57.93000030517578,56.939998626708984,57.619998931884766,67900,0.0,0.0
2019-11-25 00:00:00-05:00,57.779998779296875,60.70000076293945,57.779998779296875,59.27000045776367,147700,0.0,0.0
2019-11-26 00:00:00-05:00,59.40999984741211,60.209999084472656,58.43000030517578,58.68000030517578,90700,0.0,0.0
2019-11-27 00:00:00-05:00,58.68000030517578,60.5,58.68000030517578,59.939998626708984,94300,0.0,0.0
2019-11-29 00:00:00-05:00,60.40999984741211,62.119998931884766,60.099998474121094,61.619998931884766,110800,0.0,0.0
2019-12-02 00:00:00-05:00,61.83000183105469,61.83000183105469,59.72999954223633,60.04999923706055,136900,0.0,0.0
2019-12-03 00:00:00-05:00,59.59000015258789,60.93000030517578,58.5099983215332,59.529998779296875,409300,0.0,0.0
2019-12-04 00:00:00-05:00,59.75,60.20000076293945,58.83000183105469,60.08000183105469,130500,0.0,0.0
2019-12-05 00:00:00-05:00,59.970001220703125,60.2599983215332,58.63999938964844,58.689998626708984,113500,0.0,0.0
2019-12-06 00:00:00-05:00,58.70000076293945,60.0,58.70000076293945,59.40999984741211,116500,0.0,0.0
2019-12-09 00:00:00-05:00,59.63999938964844,61.2400016784668,59.25,61.08000183105469,157900,0.0,0.0
2019-12-10 00:00:00-05:00,61.13999938964844,62.33000183105469,60.939998626708984,61.290000915527344,88600,0.0,0.0
2019-12-11 00:00:00-05:00,61.5,61.560001373291016,60.27000045776367,60.4900016784668,63500,0.0,0.0
2019-12-12 00:00:00-05:00,60.34000015258789,62.119998931884766,59.869998931884766,61.959999084472656,146100,0.0,0.0
2019-12-13 00:00:00-05:00,61.880001068115234,62.0,60.619998931884766,61.09000015258789,61000,0.0,0.0
2019-12-16 00:00:00-05:00,61.29999923706055,63.619998931884766,61.29999923706055,62.97999954223633,108800,0.0,0.0
2019-12-17 00:00:00-05:00,62.810001373291016,64.22000122070312,62.439998626708984,63.279998779296875,119700,0.0,0.0
2019-12-18 00:00:00-05:00,63.2400016784668,64.23999786376953,62.5,64.01000213623047,86100,0.0,0.0
2019-12-19 00:00:00-05:00,63.81999969482422,65.0,63.75,64.98999786376953,75400,0.0,0.0
2019-12-20 00:00:00-05:00,65.0,65.0,63.56999969482422,63.810001373291016,182000,0.0,0.0
2019-12-23 00:00:00-05:00,64.0199966430664,64.9000015258789,63.58000183105469,63.84000015258789,67600,0.0,0.0
2019-12-24 00:00:00-05:00,63.869998931884766,64.5999984741211,63.56999969482422,64.5999984741211,28800,0.0,0.0
2019-12-26 00:00:00-05:00,64.72000122070312,64.72000122070312,63.130001068115234,63.5,71100,0.0,0.0
2019-12-27 00:00:00-05:00,63.86000061035156,63.86000061035156,61.04999923706055,61.33000183105469,74900,0.0,0.0
2019-12-30 00:00:00-05:00,61.45000076293945,61.56999969482422,60.5099983215332,61.189998626708984,59700,0.0,0.0
2019-12-31 00:00:00-05:00,61.060001373291016,62.13999938964844,60.650001525878906,61.66999816894531,55700,0.0,0.0
2020-01-02 00:00:00-05:00,62.20000076293945,62.20000076293945,59.59000015258789,60.06999969482422,101000,0.0,0.0
2020-01-03 00:00:00-05:00,59.529998779296875,60.58000183105469,59.4900016784668,60.150001525878906,64800,0.0,0.0
2020-01-06 00:00:00-05:00,59.5099983215332,59.52000045776367,57.619998931884766,57.7599983215332,90100,0.0,0.0
2020-01-07 00:00:00-05:00,57.7599983215332,58.45000076293945,54.290000915527344,54.81999969482422,127600,0.0,0.0
2020-01-08 00:00:00-05:00,54.95000076293945,55.38999938964844,53.54999923706055,53.70000076293945,138500,0.0,0.0
2020-01-09 00:00:00-05:00,54.11000061035156,55.97999954223633,53.86000061035156,55.599998474121094,143400,0.0,0.0
2020-01-10 00:00:00-05:00,55.900001525878906,58.459999084472656,55.83000183105469,57.06999969482422,111800,0.0,0.0
2020-01-13 00:00:00-05:00,57.66999816894531,58.290000915527344,56.599998474121094,56.689998626708984,62600,0.0,0.0
2020-01-14 00:00:00-05:00,54.689998626708984,58.150001525878906,54.689998626708984,57.959999084472656,90800,0.0,0.0
2020-01-15 00:00:00-05:00,57.849998474121094,59.70000076293945,57.619998931884766,59.54999923706055,69500,0.0,0.0
2020-01-16 00:00:00-05:00,60.0099983215332,61.599998474121094,59.81999969482422,61.150001525878906,72600,0.0,0.0
2020-01-17 00:00:00-05:00,61.58000183105469,61.720001220703125,60.599998474121094,61.27000045776367,83200,0.0,0.0
2020-01-21 00:00:00-05:00,61.209999084472656,61.93000030517578,60.400001525878906,60.79999923706055,54600,0.0,0.0
2020-01-22 00:00:00-05:00,60.79999923706055,62.15999984741211,59.779998779296875,61.939998626708984,57300,0.0,0.0
2020-01-23 00:00:00-05:00,61.779998779296875,62.34000015258789,60.72999954223633,61.65999984741211,95300,0.0,0.0
2020-01-24 00:00:00-05:00,61.650001525878906,61.81999969482422,60.75,61.5,85800,0.0,0.0
2020-01-27 00:00:00-05:00,60.5,61.5,60.029998779296875,60.88999938964844,80000,0.0,0.0
2020-01-28 00:00:00-05:00,61.189998626708984,61.689998626708984,60.75,61.36000061035156,40300,0.0,0.0
2020-01-29 00:00:00-05:00,61.36000061035156,62.27000045776367,61.06999969482422,61.40999984741211,64900,0.0,0.0
2020-01-30 00:00:00-05:00,60.84000015258789,61.459999084472656,60.84000015258789,61.2400016784668,39200,0.0,0.0
2020-01-31 00:00:00-05:00,60.939998626708984,62.369998931884766,60.939998626708984,62.0,59600,0.0,0.0
2020-02-03 00:00:00-05:00,62.68000030517578,62.95000076293945,61.630001068115234,62.540000915527344,67200,0.0,0.0
2020-02-04 00:00:00-05:00,63.13999938964844,64.08000183105469,62.150001525878906,62.369998931884766,55800,0.0,0.0
2020-02-05 00:00:00-05:00,62.72999954223633,63.65999984741211,62.689998626708984,63.040000915527344,93000,0.0,0.0
2020-02-06 00:00:00-05:00,63.400001525878906,68.19000244140625,63.369998931884766,67.13999938964844,128500,0.0,0.0
2020-02-07 00:00:00-05:00,66.66000366210938,66.66000366210938,64.45999908447266,64.88999938964844,64700,0.0,0.0
2020-02-10 00:00:00-05:00,64.86000061035156,66.68000030517578,64.86000061035156,66.01000213623047,51900,0.0,0.0
2020-02-11 00:00:00-05:00,66.55000305175781,66.55000305175781,65.4000015258789,65.63999938964844,47800,0.0,0.0
2020-02-12 00:00:00-05:00,65.97000122070312,66.8499984741211,65.08000183105469,65.6500015258789,77200,0.0,0.0
2020-02-13 00:00:00-05:00,65.3499984741211,65.94999694824219,64.73999786376953,65.47000122070312,30600,0.0,0.0
2020-02-14 00:00:00-05:00,65.44000244140625,66.37999725341797,65.20999908447266,65.66000366210938,31500,0.0,0.0
2020-02-18 00:00:00-05:00,65.38999938964844,65.69000244140625,64.36000061035156,64.79000091552734,53700,0.0,0.0
2020-02-19 00:00:00-05:00,64.87000274658203,64.87000274658203,62.77000045776367,62.79999923706055,72500,0.0,0.0
2020-02-20 00:00:00-05:00,62.540000915527344,62.61000061035156,60.220001220703125,60.90999984741211,44100,0.0,0.0
2020-02-21 00:00:00-05:00,60.90999984741211,62.439998626708984,60.65999984741211,61.439998626708984,41900,0.0,0.0
2020-02-24 00:00:00-05:00,60.0099983215332,61.34000015258789,58.0,58.72999954223633,76700,0.0,0.0
2020-02-25 00:00:00-05:00,59.04999923706055,59.04999923706055,57.529998779296875,57.709999084472656,67200,0.0,0.0
2020-02-26 00:00:00-05:00,57.91999816894531,59.5,57.63999938964844,59.33000183105469,60900,0.0,0.0
2020-02-27 00:00:00-05:00,56.93000030517578,56.93000030517578,47.099998474121094,48.25,194200,0.0,0.0
2020-02-28 00:00:00-05:00,46.349998474121094,48.59000015258789,45.0,48.0099983215332,215800,0.0,0.0
2020-03-02 00:00:00-05:00,48.45000076293945,48.45000076293945,43.29999923706055,44.2599983215332,203800,0.0,0.0
2020-03-03 00:00:00-05:00,43.38999938964844,45.79999923706055,43.0,44.959999084472656,237700,0.0,0.0
2020-03-04 00:00:00-05:00,45.38999938964844,46.970001220703125,44.27000045776367,46.72999954223633,150100,0.0,0.0
2020-03-05 00:00:00-05:00,45.900001525878906,45.900001525878906,42.54999923706055,43.29999923706055,112700,0.0,0.0
2020-03-06 00:00:00-05:00,43.11000061035156,44.54999923706055,41.560001373291016,42.91999816894531,185700,0.0,0.0
2020-03-09 00:00:00-04:00,40.43000030517578,41.84000015258789,39.029998779296875,40.16999816894531,117800,0.0,0.0
2020-03-10 00:00:00-04:00,40.95000076293945,41.459999084472656,38.15999984741211,40.119998931884766,93400,0.0,0.0
2020-03-11 00:00:00-04:00,39.04999923706055,39.40999984741211,37.20000076293945,38.29999923706055,90300,0.0,0.0
2020-03-12 00:00:00-04:00,35.72999954223633,35.83000183105469,32.869998931884766,35.0099983215332,148300,0.0,0.0
2020-03-13 00:00:00-04:00,35.2599983215332,36.90999984741211,32.279998779296875,35.939998626708984,187700,0.0,0.0
2020-03-16 00:00:00-04:00,32.22999954223633,33.2400016784668,28.280000686645508,30.350000381469727,133300,0.0,0.0
2020-03-17 00:00:00-04:00,30.59000015258789,40.939998626708984,28.850000381469727,40.939998626708984,155800,0.0,0.0
2020-03-18 00:00:00-04:00,38.18000030517578,40.52000045776367,35.959999084472656,38.400001525878906,146000,0.0,0.0
2020-03-19 00:00:00-04:00,38.38999938964844,42.54999923706055,38.0,41.97999954223633,126000,0.0,0.0
2020-03-20 00:00:00-04:00,42.060001373291016,44.099998474121094,36.689998626708984,36.95000076293945,178800,0.0,0.0
2020-03-23 00:00:00-04:00,37.310001373291016,40.40999984741211,34.02000045776367,35.060001373291016,179200,0.0,0.0
2020-03-24 00:00:00-04:00,37.61000061035156,45.20000076293945,36.599998474121094,43.54999923706055,103800,0.0,0.0
2020-03-25 00:00:00-04:00,43.849998474121094,44.369998931884766,38.869998931884766,39.93000030517578,116600,0.0,0.0
2020-03-26 00:00:00-04:00,40.5,44.54999923706055,39.20000076293945,40.66999816894531,109500,0.0,0.0
2020-03-27 00:00:00-04:00,39.31999969482422,41.0099983215332,36.90999984741211,37.7599983215332,93100,0.0,0.0
2020-03-30 00:00:00-04:00,38.06999969482422,41.38999938964844,37.709999084472656,40.54999923706055,96300,0.0,0.0
2020-03-31 00:00:00-04:00,40.060001373291016,41.939998626708984,38.93000030517578,40.7400016784668,113600,0.0,0.0
2020-04-01 00:00:00-04:00,40.2400016784668,40.650001525878906,37.09000015258789,37.77000045776367,71900,0.0,0.0
2020-04-02 00:00:00-04:00,37.599998474121094,38.959999084472656,36.16999816894531,38.7400016784668,48600,0.0,0.0
2020-04-03 00:00:00-04:00,38.79999923706055,41.16999816894531,36.79999923706055,38.220001220703125,42500,0.0,0.0
2020-04-06 00:00:00-04:00,40.0,43.529998779296875,38.38999938964844,43.220001220703125,92300,0.0,0.0
2020-04-07 00:00:00-04:00,45.15999984741211,45.15999984741211,43.54999923706055,43.93000030517578,62000,0.0,0.0
2020-04-08 00:00:00-04:00,45.369998931884766,45.369998931884766,43.0099983215332,44.16999816894531,81900,0.0,0.0
2020-04-09 00:00:00-04:00,44.939998626708984,47.2400016784668,44.939998626708984,47.209999084472656,54200,0.0,0.0
2020-04-13 00:00:00-04:00,48.0,50.540000915527344,45.47999954223633,50.099998474121094,74400,0.0,0.0
2020-04-14 00:00:00-04:00,50.15999984741211,52.220001220703125,45.150001525878906,45.599998474121094,172600,0.0,0.0
2020-04-15 00:00:00-04:00,43.540000915527344,44.2400016784668,41.970001220703125,42.869998931884766,138000,0.0,0.0
2020-04-16 00:00:00-04:00,43.61000061035156,44.209999084472656,42.0,42.779998779296875,77900,0.0,0.0
2020-04-17 00:00:00-04:00,44.56999969482422,45.20000076293945,42.79999923706055,43.130001068115234,49300,0.0,0.0
2020-04-20 00:00:00-04:00,43.0,44.959999084472656,42.5099983215332,43.63999938964844,55200,0.0,0.0
2020-04-21 00:00:00-04:00,42.34000015258789,42.34000015258789,40.72999954223633,41.83000183105469,42400,0.0,0.0
2020-04-22 00:00:00-04:00,42.43000030517578,42.43000030517578,41.59000015258789,41.83000183105469,38600,0.0,0.0
2020-04-23 00:00:00-04:00,42.18000030517578,43.41999816894531,41.43000030517578,41.91999816894531,46600,0.0,0.0
2020-04-24 00:00:00-04:00,42.119998931884766,43.2599983215332,41.5099983215332,41.77000045776367,97500,0.0,0.0
2020-04-27 00:00:00-04:00,42.54999923706055,46.11000061035156,41.09000015258789,45.5099983215332,91200,0.0,0.0
2020-04-28 00:00:00-04:00,46.779998779296875,48.45000076293945,43.0,45.900001525878906,54300,0.0,0.0
2020-04-29 00:00:00-04:00,44.84000015258789,44.84000015258789,40.70000076293945,42.0,299400,0.0,0.0
2020-04-30 00:00:00-04:00,40.90999984741211,42.7599983215332,39.5,40.0099983215332,90900,0.0,0.0
2020-05-01 00:00:00-04:00,39.220001220703125,39.459999084472656,37.9900016784668,38.790000915527344,84600,0.0,0.0
2020-05-04 00:00:00-04:00,38.75,40.619998931884766,38.439998626708984,38.970001220703125,88100,0.0,0.0
2020-05-05 00:00:00-04:00,39.599998474121094,40.779998779296875,37.56999969482422,38.209999084472656,84500,0.0,0.0
2020-05-06 00:00:00-04:00,38.08000183105469,38.689998626708984,36.400001525878906,36.959999084472656,98600,0.0,0.0
2020-05-07 00:00:00-04:00,40.619998931884766,40.619998931884766,33.380001068115234,34.060001373291016,307000,0.0,0.0
2020-05-08 00:00:00-04:00,33.97999954223633,35.880001068115234,33.97999954223633,34.380001068115234,209500,0.0,0.0
2020-05-11 00:00:00-04:00,33.880001068115234,34.810001373291016,32.81999969482422,34.79999923706055,125600,0.0,0.0
2020-05-12 00:00:00-04:00,34.790000915527344,35.439998626708984,32.34000015258789,32.5,160500,0.0,0.0
2020-05-13 00:00:00-04:00,32.2599983215332,32.65999984741211,30.639999389648438,31.170000076293945,136000,0.0,0.0
2020-05-14 00:00:00-04:00,30.610000610351562,30.610000610351562,29.360000610351562,30.229999542236328,69200,0.0,0.0
2020-05-15 00:00:00-04:00,29.959999084472656,31.739999771118164,29.559999465942383,31.020000457763672,85900,0.0,0.0
2020-05-18 00:00:00-04:00,32.189998626708984,34.709999084472656,31.829999923706055,32.9900016784668,162200,0.0,0.0
2020-05-19 00:00:00-04:00,33.060001373291016,33.529998779296875,31.149999618530273,31.149999618530273,107500,0.0,0.0
2020-05-20 00:00:00-04:00,31.59000015258789,31.59000015258789,29.670000076293945,31.5,108700,0.0,0.0
2020-05-21 00:00:00-04:00,31.649999618530273,32.20000076293945,31.020000457763672,31.68000030517578,83900,0.0,0.0
2020-05-22 00:00:00-04:00,31.75,31.75,30.780000686645508,31.56999969482422,71400,0.0,0.0
2020-05-26 00:00:00-04:00,32.18000030517578,32.7599983215332,31.270000457763672,31.389999389648438,184400,0.0,0.0
2020-05-27 00:00:00-04:00,31.989999771118164,32.13999938964844,30.799999237060547,31.610000610351562,132100,0.0,0.0
2020-05-28 00:00:00-04:00,32.13999938964844,32.90999984741211,31.3799991607666,31.790000915527344,133100,0.0,0.0
2020-05-29 00:00:00-04:00,31.040000915527344,31.200000762939453,30.0,31.059999465942383,177500,0.0,0.0
2020-06-01 00:00:00-04:00,30.940000534057617,32.08000183105469,30.709999084472656,31.329999923706055,149700,0.0,0.0
2020-06-02 00:00:00-04:00,31.56999969482422,31.790000915527344,29.690000534057617,30.280000686645508,459600,0.0,0.0
2020-06-03 00:00:00-04:00,30.559999465942383,31.760000228881836,29.93000030517578,30.079999923706055,242000,0.0,0.0
2020-06-04 00:00:00-04:00,29.8700008392334,31.989999771118164,29.700000762939453,31.010000228881836,165700,0.0,0.0
2020-06-05 00:00:00-04:00,32.040000915527344,32.90999984741211,31.549999237060547,32.16999816894531,235300,0.0,0.0
2020-06-08 00:00:00-04:00,32.849998474121094,35.439998626708984,32.5,34.880001068115234,181600,0.0,0.0
2020-06-09 00:00:00-04:00,34.75,34.75,33.060001373291016,33.5,221900,0.0,0.0
2020-06-10 00:00:00-04:00,33.630001068115234,36.59000015258789,33.040000915527344,34.75,184800,0.0,0.0
2020-06-11 00:00:00-04:00,33.43000030517578,33.70000076293945,30.739999771118164,31.309999465942383,188200,0.0,0.0
2020-06-12 00:00:00-04:00,32.22999954223633,32.95000076293945,30.100000381469727,31.309999465942383,170500,0.0,0.0
2020-06-15 00:00:00-04:00,30.260000228881836,31.3700008392334,30.110000610351562,31.200000762939453,115100,0.0,0.0
2020-06-16 00:00:00-04:00,32.41999816894531,32.70000076293945,30.850000381469727,31.59000015258789,158300,0.0,0.0
2020-06-17 00:00:00-04:00,31.5,31.5,30.440000534057617,30.479999542236328,90200,0.0,0.0
2020-06-18 00:00:00-04:00,30.25,30.43000030517578,29.3799991607666,30.15999984741211,122900,0.0,0.0
2020-06-19 00:00:00-04:00,30.639999389648438,30.639999389648438,29.510000228881836,29.93000030517578,207000,0.0,0.0
2020-06-22 00:00:00-04:00,29.979999542236328,30.850000381469727,29.639999389648438,30.56999969482422,135100,0.0,0.0
2020-06-23 00:00:00-04:00,31.06999969482422,31.989999771118164,30.020000457763672,30.809999465942383,169500,0.0,0.0
2020-06-24 00:00:00-04:00,30.260000228881836,30.709999084472656,29.93000030517578,30.079999923706055,118300,0.0,0.0
2020-06-25 00:00:00-04:00,30.010000228881836,31.540000915527344,29.700000762939453,31.489999771118164,116300,0.0,0.0
2020-06-26 00:00:00-04:00,31.0,31.010000228881836,29.809999465942383,30.469999313354492,271300,0.0,0.0
2020-06-29 00:00:00-04:00,30.889999389648438,31.209999084472656,30.0,31.200000762939453,145000,0.0,0.0
2020-06-30 00:00:00-04:00,30.889999389648438,32.47999954223633,30.889999389648438,32.34000015258789,96000,0.0,0.0
2020-07-01 00:00:00-04:00,32.349998474121094,32.88999938964844,31.56999969482422,31.8799991607666,97000,0.0,0.0
2020-07-02 00:00:00-04:00,32.27000045776367,32.27000045776367,30.6200008392334,30.889999389648438,106600,0.0,0.0
2020-07-06 00:00:00-04:00,31.739999771118164,31.790000915527344,30.899999618530273,31.34000015258789,61000,0.0,0.0
2020-07-07 00:00:00-04:00,31.020000457763672,31.489999771118164,30.540000915527344,30.6299991607666,62800,0.0,0.0
2020-07-08 00:00:00-04:00,30.829999923706055,30.829999923706055,28.59000015258789,29.06999969482422,111700,0.0,0.0
2020-07-09 00:00:00-04:00,29.049999237060547,29.049999237060547,26.3799991607666,26.3799991607666,213100,0.0,0.0
2020-07-10 00:00:00-04:00,26.329999923706055,27.440000534057617,25.229999542236328,27.229999542236328,94200,0.0,0.0
2020-07-13 00:00:00-04:00,27.670000076293945,29.010000228881836,27.5,27.899999618530273,119900,0.0,0.0
2020-07-14 00:00:00-04:00,27.940000534057617,28.469999313354492,27.549999237060547,28.469999313354492,74400,0.0,0.0
2020-07-15 00:00:00-04:00,29.06999969482422,30.040000915527344,28.989999771118164,29.559999465942383,80400,0.0,0.0
2020-07-16 00:00:00-04:00,29.389999389648438,29.920000076293945,29.09000015258789,29.760000228881836,73100,0.0,0.0
2020-07-17 00:00:00-04:00,29.809999465942383,30.639999389648438,29.760000228881836,30.030000686645508,115100,0.0,0.0
2020-07-20 00:00:00-04:00,30.010000228881836,30.1299991607666,29.239999771118164,29.3799991607666,90500,0.0,0.0
2020-07-21 00:00:00-04:00,29.760000228881836,30.299999237060547,29.450000762939453,29.59000015258789,164300,0.0,0.0
2020-07-22 00:00:00-04:00,29.459999084472656,29.860000610351562,28.520000457763672,28.84000015258789,79600,0.0,0.0
2020-07-23 00:00:00-04:00,28.639999389648438,28.639999389648438,27.549999237060547,28.139999389648438,71800,0.0,0.0
2020-07-24 00:00:00-04:00,27.969999313354492,28.149999618530273,26.3700008392334,26.510000228881836,124600,0.0,0.0
2020-07-27 00:00:00-04:00,26.639999389648438,28.389999389648438,26.229999542236328,28.3700008392334,88500,0.0,0.0
2020-07-28 00:00:00-04:00,28.219999313354492,29.059999465942383,27.709999084472656,28.649999618530273,73200,0.0,0.0
2020-07-29 00:00:00-04:00,28.639999389648438,29.790000915527344,28.40999984741211,29.579999923706055,95800,0.0,0.0
2020-07-30 00:00:00-04:00,29.110000610351562,30.350000381469727,29.110000610351562,30.299999237060547,85000,0.0,0.0
2020-07-31 00:00:00-04:00,30.149999618530273,30.149999618530273,28.809999465942383,29.610000610351562,97800,0.0,0.0
2020-08-03 00:00:00-04:00,29.559999465942383,29.860000610351562,28.420000076293945,29.860000610351562,88900,0.0,0.0
2020-08-04 00:00:00-04:00,29.670000076293945,31.309999465942383,29.43000030517578,30.84000015258789,101500,0.0,0.0
2020-08-05 00:00:00-04:00,30.920000076293945,31.290000915527344,29.709999084472656,31.0,245600,0.0,0.0
2020-08-06 00:00:00-04:00,30.510000228881836,31.420000076293945,29.229999542236328,29.5,119300,0.0,0.0
2020-08-07 00:00:00-04:00,29.219999313354492,30.600000381469727,29.040000915527344,30.3700008392334,73400,0.0,0.0
2020-08-10 00:00:00-04:00,30.469999313354492,33.38999938964844,30.399999618530273,33.06999969482422,108100,0.0,0.0
2020-08-11 00:00:00-04:00,33.29999923706055,34.22999954223633,30.850000381469727,31.209999084472656,111500,0.0,0.0
2020-08-12 00:00:00-04:00,31.780000686645508,31.959999084472656,31.299999237060547,31.6299991607666,89700,0.0,0.0
2020-08-13 00:00:00-04:00,32.72999954223633,34.08000183105469,32.04999923706055,33.099998474121094,122300,0.0,0.0
2020-08-14 00:00:00-04:00,32.84000015258789,33.06999969482422,31.90999984741211,32.400001525878906,66300,0.0,0.0
2020-08-17 00:00:00-04:00,32.029998779296875,32.029998779296875,30.68000030517578,31.649999618530273,124800,0.0,0.0
2020-08-18 00:00:00-04:00,31.700000762939453,31.8700008392334,31.270000457763672,31.559999465942383,71900,0.0,0.0
2020-08-19 00:00:00-04:00,31.56999969482422,32.34000015258789,31.219999313354492,32.029998779296875,51300,0.0,0.0
2020-08-20 00:00:00-04:00,31.559999465942383,32.0,31.290000915527344,31.920000076293945,60200,0.0,0.0
2020-08-21 00:00:00-04:00,31.600000381469727,31.6200008392334,30.690000534057617,31.239999771118164,49500,0.0,0.0
2020-08-24 00:00:00-04:00,31.510000228881836,32.15999984741211,30.90999984741211,32.0099983215332,71900,0.0,0.0
2020-08-25 00:00:00-04:00,32.29999923706055,32.29999923706055,31.540000915527344,32.0,65000,0.0,0.0
2020-08-26 00:00:00-04:00,31.8700008392334,31.93000030517578,30.459999084472656,31.270000457763672,57700,0.0,0.0
2020-08-27 00:00:00-04:00,31.450000762939453,31.6299991607666,30.950000762939453,31.110000610351562,39100,0.0,0.0
2020-08-28 00:00:00-04:00,31.200000762939453,31.469999313354492,30.639999389648438,31.260000228881836,76600,0.0,0.0
2020-08-31 00:00:00-04:00,31.049999237060547,31.860000610351562,30.920000076293945,31.360000610351562,69600,0.0,0.0
2020-09-01 00:00:00-04:00,31.280000686645508,31.280000686645508,29.979999542236328,30.559999465942383,90600,0.0,0.0
2020-09-02 00:00:00-04:00,30.520000457763672,31.459999084472656,29.81999969482422,31.280000686645508,83400,0.0,0.0
2020-09-03 00:00:00-04:00,31.15999984741211,31.540000915527344,29.84000015258789,29.93000030517578,78000,0.0,0.0
2020-09-04 00:00:00-04:00,30.329999923706055,30.329999923706055,28.139999389648438,29.149999618530273,53900,0.0,0.0
2020-09-08 00:00:00-04:00,28.81999969482422,29.6200008392334,28.579999923706055,29.0,68300,0.0,0.0
2020-09-09 00:00:00-04:00,29.360000610351562,29.360000610351562,28.049999237060547,28.639999389648438,57600,0.0,0.0
2020-09-10 00:00:00-04:00,28.81999969482422,28.81999969482422,27.68000030517578,27.68000030517578,72000,0.0,0.0
2020-09-11 00:00:00-04:00,28.010000228881836,28.049999237060547,27.450000762939453,27.6200008392334,50000,0.0,0.0
2020-09-14 00:00:00-04:00,28.040000915527344,28.579999923706055,27.5,28.40999984741211,107600,0.0,0.0
2020-09-15 00:00:00-04:00,28.700000762939453,28.950000762939453,28.299999237060547,28.350000381469727,61900,0.0,0.0
2020-09-16 00:00:00-04:00,28.469999313354492,29.670000076293945,28.450000762939453,29.489999771118164,58700,0.0,0.0
2020-09-17 00:00:00-04:00,29.1299991607666,30.010000228881836,29.1299991607666,29.84000015258789,45400,0.0,0.0
2020-09-18 00:00:00-04:00,30.25,30.479999542236328,29.790000915527344,30.360000610351562,166000,0.0,0.0
2020-09-21 00:00:00-04:00,29.489999771118164,29.489999771118164,27.520000457763672,28.229999542236328,88300,0.0,0.0
2020-09-22 00:00:00-04:00,28.459999084472656,28.670000076293945,27.700000762939453,28.290000915527344,67700,0.0,0.0
2020-09-23 00:00:00-04:00,28.360000610351562,28.889999389648438,27.309999465942383,28.1299991607666,105100,0.0,0.0
2020-09-24 00:00:00-04:00,27.850000381469727,27.850000381469727,26.719999313354492,26.860000610351562,69000,0.0,0.0
2020-09-25 00:00:00-04:00,26.6200008392334,27.68000030517578,26.6200008392334,27.25,59800,0.0,0.0
2020-09-28 00:00:00-04:00,27.549999237060547,28.239999771118164,27.549999237060547,27.719999313354492,55300,0.0,0.0
2020-09-29 00:00:00-04:00,27.639999389648438,28.520000457763672,27.639999389648438,28.239999771118164,69400,0.0,0.0
2020-09-30 00:00:00-04:00,28.34000015258789,29.020000457763672,28.149999618530273,28.209999084472656,61300,0.0,0.0
2020-10-01 00:00:00-04:00,28.450000762939453,28.700000762939453,28.209999084472656,28.389999389648438,57500,0.0,0.0
2020-10-02 00:00:00-04:00,27.90999984741211,28.959999084472656,27.600000381469727,28.59000015258789,68300,0.0,0.0
2020-10-05 00:00:00-04:00,28.8799991607666,29.399999618530273,28.770000457763672,29.1299991607666,47400,0.0,0.0
2020-10-06 00:00:00-04:00,29.239999771118164,29.639999389648438,28.65999984741211,29.030000686645508,63600,0.0,0.0
2020-10-07 00:00:00-04:00,29.110000610351562,29.329999923706055,28.020000457763672,29.139999389648438,85200,0.0,0.0
2020-10-08 00:00:00-04:00,29.5,30.329999923706055,29.5,30.190000534057617,67600,0.0,0.0
2020-10-09 00:00:00-04:00,30.5,31.229999542236328,30.350000381469727,30.780000686645508,35400,0.0,0.0
2020-10-12 00:00:00-04:00,30.719999313354492,30.719999313354492,30.079999923706055,30.559999465942383,55200,0.0,0.0
2020-10-13 00:00:00-04:00,29.59000015258789,30.260000228881836,28.809999465942383,28.989999771118164,39100,0.0,0.0
2020-10-14 00:00:00-04:00,28.84000015258789,29.3700008392334,28.84000015258789,29.0,35100,0.0,0.0
2020-10-15 00:00:00-04:00,28.5,29.420000076293945,28.1299991607666,29.209999084472656,57000,0.0,0.0
2020-10-16 00:00:00-04:00,29.139999389648438,30.5,29.139999389648438,29.790000915527344,45100,0.0,0.0
2020-10-19 00:00:00-04:00,29.600000381469727,30.200000762939453,28.899999618530273,29.0,35000,0.0,0.0
2020-10-20 00:00:00-04:00,29.270000457763672,29.270000457763672,27.610000610351562,27.950000762939453,79600,0.0,0.0
2020-10-21 00:00:00-04:00,27.899999618530273,28.010000228881836,27.25,27.290000915527344,41900,0.0,0.0
2020-10-22 00:00:00-04:00,27.479999542236328,27.93000030517578,26.780000686645508,27.719999313354492,54300,0.0,0.0
2020-10-23 00:00:00-04:00,27.68000030517578,29.209999084472656,27.68000030517578,28.950000762939453,49800,0.0,0.0
2020-10-26 00:00:00-04:00,28.59000015258789,28.65999984741211,28.06999969482422,28.510000228881836,35200,0.0,0.0
2020-10-27 00:00:00-04:00,28.469999313354492,28.469999313354492,27.540000915527344,27.790000915527344,70600,0.0,0.0
2020-10-28 00:00:00-04:00,27.239999771118164,27.809999465942383,26.6200008392334,27.31999969482422,57200,0.0,0.0
2020-10-29 00:00:00-04:00,27.110000610351562,27.110000610351562,26.0,26.31999969482422,61600,0.0,0.0
2020-10-30 00:00:00-04:00,26.06999969482422,26.360000610351562,25.0,25.489999771118164,52500,0.0,0.0
2020-11-02 00:00:00-05:00,25.950000762939453,27.559999465942383,25.799999237060547,27.5,67400,0.0,0.0
2020-11-03 00:00:00-05:00,27.84000015258789,28.399999618530273,27.3700008392334,28.110000610351562,105500,0.0,0.0
2020-11-04 00:00:00-05:00,27.8700008392334,28.610000610351562,27.059999465942383,28.170000076293945,87200,0.0,0.0
2020-11-05 00:00:00-05:00,28.190000534057617,29.0,26.0,26.65999984741211,158600,0.0,0.0
2020-11-06 00:00:00-05:00,26.799999237060547,27.219999313354492,23.549999237060547,23.690000534057617,185700,0.0,0.0
2020-11-09 00:00:00-05:00,25.959999084472656,26.360000610351562,24.790000915527344,25.209999084472656,113500,0.0,0.0
2020-11-10 00:00:00-05:00,25.25,27.389999389648438,25.25,27.18000030517578,132200,0.0,0.0
2020-11-11 00:00:00-05:00,27.31999969482422,27.31999969482422,26.25,27.219999313354492,60100,0.0,0.0
2020-11-12 00:00:00-05:00,27.010000228881836,27.010000228881836,26.020000457763672,26.209999084472656,65600,0.0,0.0
2020-11-13 00:00:00-05:00,26.760000228881836,28.0,26.549999237060547,27.799999237060547,77900,0.0,0.0
2020-11-16 00:00:00-05:00,28.030000686645508,28.780000686645508,27.899999618530273,28.760000228881836,78100,0.0,0.0
2020-11-17 00:00:00-05:00,28.239999771118164,29.5,28.190000534057617,28.81999969482422,58500,0.0,0.0
2020-11-18 00:00:00-05:00,28.93000030517578,29.139999389648438,28.1200008392334,28.149999618530273,46200,0.0,0.0
2020-11-19 00:00:00-05:00,28.010000228881836,28.010000228881836,27.15999984741211,27.860000610351562,34100,0.0,0.0
2020-11-20 00:00:00-05:00,27.579999923706055,28.100000381469727,27.239999771118164,28.020000457763672,44400,0.0,0.0
2020-11-23 00:00:00-05:00,28.290000915527344,28.770000457763672,27.790000915527344,28.219999313354492,42600,0.0,0.0
2020-11-24 00:00:00-05:00,28.799999237060547,30.110000610351562,28.520000457763672,29.190000534057617,80100,0.0,0.0
2020-11-25 00:00:00-05:00,29.06999969482422,29.510000228881836,28.5,29.260000228881836,29000,0.0,0.0
2020-11-27 00:00:00-05:00,29.260000228881836,29.670000076293945,28.780000686645508,29.479999542236328,44600,0.0,0.0
2020-11-30 00:00:00-05:00,29.309999465942383,30.229999542236328,28.969999313354492,29.559999465942383,69900,0.0,0.0
2020-12-01 00:00:00-05:00,29.68000030517578,30.010000228881836,27.06999969482422,28.200000762939453,119400,0.0,0.0
2020-12-02 00:00:00-05:00,27.84000015258789,28.489999771118164,27.459999084472656,28.309999465942383,113900,0.0,0.0
2020-12-03 00:00:00-05:00,28.40999984741211,28.6299991607666,27.579999923706055,28.25,47100,0.0,0.0
2020-12-04 00:00:00-05:00,28.239999771118164,29.479999542236328,28.239999771118164,29.329999923706055,38400,0.0,0.0
2020-12-07 00:00:00-05:00,28.93000030517578,29.889999389648438,28.8799991607666,29.649999618530273,59300,0.0,0.0
2020-12-08 00:00:00-05:00,29.40999984741211,31.489999771118164,29.40999984741211,31.34000015258789,54900,0.0,0.0
2020-12-09 00:00:00-05:00,31.329999923706055,31.739999771118164,30.280000686645508,30.56999969482422,81300,0.0,0.0
2020-12-10 00:00:00-05:00,30.3700008392334,30.43000030517578,29.149999618530273,29.700000762939453,32700,0.0,0.0
2020-12-11 00:00:00-05:00,29.450000762939453,30.309999465942383,29.139999389648438,29.93000030517578,36300,0.0,0.0
2020-12-14 00:00:00-05:00,30.209999084472656,31.049999237060547,29.780000686645508,29.950000762939453,51400,0.0,0.0
2020-12-15 00:00:00-05:00,30.149999618530273,30.950000762939453,29.280000686645508,30.93000030517578,70800,0.0,0.0
2020-12-16 00:00:00-05:00,30.959999084472656,31.219999313354492,30.079999923706055,30.760000228881836,62700,0.0,0.0
2020-12-17 00:00:00-05:00,31.030000686645508,31.700000762939453,30.0,31.469999313354492,46100,0.0,0.0
2020-12-18 00:00:00-05:00,30.479999542236328,32.88999938964844,30.479999542236328,31.170000076293945,294700,0.0,0.0
2020-12-21 00:00:00-05:00,30.389999389648438,30.770000457763672,29.0,29.610000610351562,93900,0.0,0.0
2020-12-22 00:00:00-05:00,29.610000610351562,29.610000610351562,28.979999542236328,29.1200008392334,79300,0.0,0.0
2020-12-23 00:00:00-05:00,29.450000762939453,29.450000762939453,28.15999984741211,28.350000381469727,112600,0.0,0.0
2020-12-24 00:00:00-05:00,28.350000381469727,28.780000686645508,27.969999313354492,28.0,90200,0.0,0.0
2020-12-28 00:00:00-05:00,28.0,28.920000076293945,27.8700008392334,28.040000915527344,190100,0.0,0.0
2020-12-29 00:00:00-05:00,28.030000686645508,28.549999237060547,27.649999618530273,28.229999542236328,72300,0.0,0.0
2020-12-30 00:00:00-05:00,28.100000381469727,29.0,28.100000381469727,28.639999389648438,73900,0.0,0.0
2020-12-31 00:00:00-05:00,28.65999984741211,29.270000457763672,28.0,29.040000915527344,65200,0.0,0.0
2021-01-04 00:00:00-05:00,28.649999618530273,30.34000015258789,28.649999618530273,30.219999313354492,102900,0.0,0.0
2021-01-05 00:00:00-05:00,30.34000015258789,31.90999984741211,30.34000015258789,31.34000015258789,81500,0.0,0.0
2021-01-06 00:00:00-05:00,31.559999465942383,32.650001525878906,31.15999984741211,31.510000228881836,132800,0.0,0.0
2021-01-07 00:00:00-05:00,31.5,32.150001525878906,31.170000076293945,31.729999542236328,37500,0.0,0.0
2021-01-08 00:00:00-05:00,31.84000015258789,31.940000534057617,29.65999984741211,31.309999465942383,77400,0.0,0.0
2021-01-11 00:00:00-05:00,30.860000610351562,32.06999969482422,30.049999237060547,31.579999923706055,31200,0.0,0.0
2021-01-12 00:00:00-05:00,31.68000030517578,32.290000915527344,31.489999771118164,31.959999084472656,33200,0.0,0.0
2021-01-13 00:00:00-05:00,31.100000381469727,32.16999816894531,31.100000381469727,31.809999465942383,48300,0.0,0.0
2021-01-14 00:00:00-05:00,32.04999923706055,32.720001220703125,31.93000030517578,32.099998474121094,40700,0.0,0.0
2021-01-15 00:00:00-05:00,31.8700008392334,32.439998626708984,31.5,32.130001068115234,47600,0.0,0.0
2021-01-19 00:00:00-05:00,32.5,32.900001525878906,31.829999923706055,32.34000015258789,45600,0.0,0.0
2021-01-20 00:00:00-05:00,32.27000045776367,32.52000045776367,31.780000686645508,32.119998931884766,57700,0.0,0.0
2021-01-21 00:00:00-05:00,31.600000381469727,32.369998931884766,31.5,31.760000228881836,57700,0.0,0.0
2021-01-22 00:00:00-05:00,31.530000686645508,32.2400016784668,31.200000762939453,32.09000015258789,52000,0.0,0.0
2021-01-25 00:00:00-05:00,32.02000045776367,32.81999969482422,31.649999618530273,32.13999938964844,51800,0.0,0.0
2021-01-26 00:00:00-05:00,32.41999816894531,32.41999816894531,31.860000610351562,32.060001373291016,32900,0.0,0.0
2021-01-27 00:00:00-05:00,31.309999465942383,31.5,30.3799991607666,30.829999923706055,59900,0.0,0.0
2021-01-28 00:00:00-05:00,31.260000228881836,31.260000228881836,29.299999237060547,29.520000457763672,77600,0.0,0.0
2021-01-29 00:00:00-05:00,29.899999618530273,29.899999618530273,27.920000076293945,28.540000915527344,72400,0.0,0.0
2021-02-01 00:00:00-05:00,28.399999618530273,30.0,28.149999618530273,29.959999084472656,53300,0.0,0.0
2021-02-02 00:00:00-05:00,30.65999984741211,31.25,30.270000457763672,30.889999389648438,60600,0.0,0.0
2021-02-03 00:00:00-05:00,30.950000762939453,31.489999771118164,29.770000457763672,30.360000610351562,41300,0.0,0.0
2021-02-04 00:00:00-05:00,30.59000015258789,30.65999984741211,29.84000015258789,30.459999084472656,41300,0.0,0.0
2021-02-05 00:00:00-05:00,31.049999237060547,31.049999237060547,29.860000610351562,30.709999084472656,32700,0.0,0.0
2021-02-08 00:00:00-05:00,31.309999465942383,31.670000076293945,31.040000915527344,31.3799991607666,34000,0.0,0.0
2021-02-09 00:00:00-05:00,31.3700008392334,31.989999771118164,31.209999084472656,31.799999237060547,41400,0.0,0.0
2021-02-10 00:00:00-05:00,31.850000381469727,32.25,31.290000915527344,31.809999465942383,43500,0.0,0.0
2021-02-11 00:00:00-05:00,31.920000076293945,32.099998474121094,31.100000381469727,31.260000228881836,38800,0.0,0.0
2021-02-12 00:00:00-05:00,31.010000228881836,31.639999389648438,30.020000457763672,31.489999771118164,50700,0.0,0.0
2021-02-16 00:00:00-05:00,32.27000045776367,32.880001068115234,31.0,31.68000030517578,46600,0.0,0.0
2021-02-17 00:00:00-05:00,31.600000381469727,31.75,30.1200008392334,31.0,60800,0.0,0.0
2021-02-18 00:00:00-05:00,30.989999771118164,31.799999237060547,29.649999618530273,30.170000076293945,67000,0.0,0.0
2021-02-19 00:00:00-05:00,30.200000762939453,30.700000762939453,29.959999084472656,30.239999771118164,31900,0.0,0.0
2021-02-22 00:00:00-05:00,30.200000762939453,30.739999771118164,29.940000534057617,30.200000762939453,34100,0.0,0.0
2021-02-23 00:00:00-05:00,30.040000915527344,31.1200008392334,28.690000534057617,29.1299991607666,58500,0.0,0.0
2021-02-24 00:00:00-05:00,29.420000076293945,29.790000915527344,28.889999389648438,29.780000686645508,73700,0.0,0.0
2021-02-25 00:00:00-05:00,29.780000686645508,30.350000381469727,29.049999237060547,29.600000381469727,55900,0.0,0.0
2021-02-26 00:00:00-05:00,29.84000015258789,30.15999984741211,28.690000534057617,29.100000381469727,79300,0.0,0.0
2021-03-01 00:00:00-05:00,29.760000228881836,30.760000228881836,29.020000457763672,30.049999237060547,44000,0.0,0.0
2021-03-02 00:00:00-05:00,30.09000015258789,30.360000610351562,29.34000015258789,29.56999969482422,30500,0.0,0.0
2021-03-03 00:00:00-05:00,29.559999465942383,29.809999465942383,29.100000381469727,29.229999542236328,36300,0.0,0.0
2021-03-04 00:00:00-05:00,30.420000076293945,30.420000076293945,28.260000228881836,28.399999618530273,52800,0.0,0.0
2021-03-05 00:00:00-05:00,28.739999771118164,29.610000610351562,28.0,29.5,51100,0.0,0.0
2021-03-08 00:00:00-05:00,29.889999389648438,30.559999465942383,29.309999465942383,30.34000015258789,43700,0.0,0.0
2021-03-09 00:00:00-05:00,30.8799991607666,31.110000610351562,29.030000686645508,29.959999084472656,63800,0.0,0.0
2021-03-10 00:00:00-05:00,29.68000030517578,31.850000381469727,29.40999984741211,31.579999923706055,63100,0.0,0.0
2021-03-11 00:00:00-05:00,31.739999771118164,32.880001068115234,31.6299991607666,31.860000610351562,63200,0.0,0.0
2021-03-12 00:00:00-05:00,32.189998626708984,32.47999954223633,31.75,32.34000015258789,44000,0.0,0.0
2021-03-15 00:00:00-04:00,32.380001068115234,33.279998779296875,32.119998931884766,33.0099983215332,52100,0.0,0.0
2021-03-16 00:00:00-04:00,33.040000915527344,33.25,32.13999938964844,33.0,41600,0.0,0.0
2021-03-17 00:00:00-04:00,32.439998626708984,33.540000915527344,32.439998626708984,32.970001220703125,44300,0.0,0.0
2021-03-18 00:00:00-04:00,33.38999938964844,35.13999938964844,32.91999816894531,33.0,97900,0.0,0.0
2021-03-19 00:00:00-04:00,32.959999084472656,34.5,32.959999084472656,34.33000183105469,128100,0.0,0.0
2021-03-22 00:00:00-04:00,34.310001373291016,35.0,33.349998474121094,33.70000076293945,40300,0.0,0.0
2021-03-23 00:00:00-04:00,33.290000915527344,33.7400016784668,32.0099983215332,32.0099983215332,51900,0.0,0.0
2021-03-24 00:00:00-04:00,32.33000183105469,32.70000076293945,31.0,31.06999969482422,94800,0.0,0.0
2021-03-25 00:00:00-04:00,32.560001373291016,32.560001373291016,30.950000762939453,31.40999984741211,60400,0.0,0.0
2021-03-26 00:00:00-04:00,32.11000061035156,32.79999923706055,31.729999542236328,32.68000030517578,45400,0.0,0.0
2021-03-29 00:00:00-04:00,32.470001220703125,33.380001068115234,32.27000045776367,32.65999984741211,62700,0.0,0.0
2021-03-30 00:00:00-04:00,32.56999969482422,33.56999969482422,32.29999923706055,32.939998626708984,46400,0.0,0.0
2021-03-31 00:00:00-04:00,33.13999938964844,36.38999938964844,33.13999938964844,36.13999938964844,161000,0.0,0.0
2021-04-01 00:00:00-04:00,36.13999938964844,36.7599983215332,33.709999084472656,34.029998779296875,74100,0.0,0.0
2021-04-05 00:00:00-04:00,34.380001068115234,34.599998474121094,32.7400016784668,33.7400016784668,94800,0.0,0.0
2021-04-06 00:00:00-04:00,33.7400016784668,34.099998474121094,33.400001525878906,33.689998626708984,44200,0.0,0.0
2021-04-07 00:00:00-04:00,33.61000061035156,33.61000061035156,32.0099983215332,32.130001068115234,86900,0.0,0.0
2021-04-08 00:00:00-04:00,32.41999816894531,32.72999954223633,31.3799991607666,31.959999084472656,66900,0.0,0.0
2021-04-09 00:00:00-04:00,32.040000915527344,32.31999969482422,31.530000686645508,31.860000610351562,27500,0.0,0.0
2021-04-12 00:00:00-04:00,32.25,32.459999084472656,31.350000381469727,32.38999938964844,52800,0.0,0.0
2021-04-13 00:00:00-04:00,32.16999816894531,33.25,31.690000534057617,33.029998779296875,49800,0.0,0.0
2021-04-14 00:00:00-04:00,33.119998931884766,34.20000076293945,32.630001068115234,33.70000076293945,45300,0.0,0.0
2021-04-15 00:00:00-04:00,33.93000030517578,34.97999954223633,33.93000030517578,34.7599983215332,39300,0.0,0.0
2021-04-16 00:00:00-04:00,35.130001068115234,35.130001068115234,33.84000015258789,34.18000030517578,29900,0.0,0.0
2021-04-19 00:00:00-04:00,34.25,34.689998626708984,33.41999816894531,34.029998779296875,60000,0.0,0.0
2021-04-20 00:00:00-04:00,33.959999084472656,34.90999984741211,32.04999923706055,33.0099983215332,65700,0.0,0.0
2021-04-21 00:00:00-04:00,32.88999938964844,34.43000030517578,32.88999938964844,34.18000030517578,33800,0.0,0.0
2021-04-22 00:00:00-04:00,34.220001220703125,35.0,33.720001220703125,33.9900016784668,38900,0.0,0.0
2021-04-23 00:00:00-04:00,33.9900016784668,34.27000045776367,32.88999938964844,32.95000076293945,43300,0.0,0.0
2021-04-26 00:00:00-04:00,32.22999954223633,33.79999923706055,32.22999954223633,32.810001373291016,80700,0.0,0.0
2021-04-27 00:00:00-04:00,33.130001068115234,33.45000076293945,32.34000015258789,32.47999954223633,68600,0.0,0.0
2021-04-28 00:00:00-04:00,32.2400016784668,33.2599983215332,32.2400016784668,33.06999969482422,32300,0.0,0.0
2021-04-29 00:00:00-04:00,32.4900016784668,33.81999969482422,32.4900016784668,33.349998474121094,31200,0.0,0.0
2021-04-30 00:00:00-04:00,33.0099983215332,33.540000915527344,32.43000030517578,33.279998779296875,58500,0.0,0.0
2021-05-03 00:00:00-04:00,33.529998779296875,34.709999084472656,32.90999984741211,34.459999084472656,68000,0.0,0.0
2021-05-04 00:00:00-04:00,34.2400016784668,34.90999984741211,33.68000030517578,34.20000076293945,23300,0.0,0.0
2021-05-05 00:00:00-04:00,34.279998779296875,35.130001068115234,33.22999954223633,35.060001373291016,34500,0.0,0.0
2021-05-06 00:00:00-04:00,34.79999923706055,35.13999938964844,34.06999969482422,35.0,61900,0.0,0.0
2021-05-07 00:00:00-04:00,35.0,40.0,34.04999923706055,38.599998474121094,123300,0.0,0.0
2021-05-10 00:00:00-04:00,39.22999954223633,39.65999984741211,32.45000076293945,32.900001525878906,203600,0.0,0.0
2021-05-11 00:00:00-04:00,32.529998779296875,34.11000061035156,31.040000915527344,33.220001220703125,111600,0.0,0.0
2021-05-12 00:00:00-04:00,33.31999969482422,34.38999938964844,32.56999969482422,33.560001373291016,55300,0.0,0.0
2021-05-13 00:00:00-04:00,33.689998626708984,34.189998626708984,32.540000915527344,33.529998779296875,65600,0.0,0.0
2021-05-14 00:00:00-04:00,33.68000030517578,35.43000030517578,32.90999984741211,35.060001373291016,37900,0.0,0.0
2021-05-17 00:00:00-04:00,35.08000183105469,37.0099983215332,35.0,36.779998779296875,91100,0.0,0.0
2021-05-18 00:00:00-04:00,36.66999816894531,36.7599983215332,35.61000061035156,35.7599983215332,26200,0.0,0.0
2021-05-19 00:00:00-04:00,35.119998931884766,36.09000015258789,34.16999816894531,34.369998931884766,44000,0.0,0.0
2021-05-20 00:00:00-04:00,34.279998779296875,34.880001068115234,33.65999984741211,34.83000183105469,30200,0.0,0.0
2021-05-21 00:00:00-04:00,35.209999084472656,36.459999084472656,34.95000076293945,35.380001068115234,45200,0.0,0.0
2021-05-24 00:00:00-04:00,35.59000015258789,35.72999954223633,34.529998779296875,34.900001525878906,27700,0.0,0.0
2021-05-25 00:00:00-04:00,35.02000045776367,35.22999954223633,33.540000915527344,33.650001525878906,82000,0.0,0.0
2021-05-26 00:00:00-04:00,33.75,34.16999816894531,33.16999816894531,33.689998626708984,19200,0.0,0.0
2021-05-27 00:00:00-04:00,33.75,34.619998931884766,33.369998931884766,33.880001068115234,104500,0.0,0.0
2021-05-28 00:00:00-04:00,34.0,34.77000045776367,33.56999969482422,34.349998474121094,27600,0.0,0.0
2021-06-01 00:00:00-04:00,34.810001373291016,35.88999938964844,34.02000045776367,35.310001373291016,57200,0.0,0.0
2021-06-02 00:00:00-04:00,36.349998474121094,36.349998474121094,34.369998931884766,34.93000030517578,33300,0.0,0.0
2021-06-03 00:00:00-04:00,35.09000015258789,35.2400016784668,33.93000030517578,34.290000915527344,52100,0.0,0.0
2021-06-04 00:00:00-04:00,34.4900016784668,34.93000030517578,33.849998474121094,34.380001068115234,55000,0.0,0.0
2021-06-07 00:00:00-04:00,34.47999954223633,35.619998931884766,34.279998779296875,34.95000076293945,34500,0.0,0.0
2021-06-08 00:00:00-04:00,35.06999969482422,35.22999954223633,34.7400016784668,35.09000015258789,32400,0.0,0.0
2021-06-09 00:00:00-04:00,35.09000015258789,35.209999084472656,34.5099983215332,35.0099983215332,29900,0.0,0.0
2021-06-10 00:00:00-04:00,35.27000045776367,35.720001220703125,35.13999938964844,35.209999084472656,26300,0.0,0.0
2021-06-11 00:00:00-04:00,35.59000015258789,35.59000015258789,34.5,34.849998474121094,35800,0.0,0.0
2021-06-14 00:00:00-04:00,34.970001220703125,35.9900016784668,34.40999984741211,34.63999938964844,48400,0.0,0.0
2021-06-15 00:00:00-04:00,34.900001525878906,34.900001525878906,33.16999816894531,34.2400016784668,57900,0.0,0.0
2021-06-16 00:00:00-04:00,34.13999938964844,34.36000061035156,33.470001220703125,34.189998626708984,43400,0.0,0.0
2021-06-17 00:00:00-04:00,34.08000183105469,34.150001525878906,33.220001220703125,33.720001220703125,47900,0.0,0.0
2021-06-18 00:00:00-04:00,33.04999923706055,33.88999938964844,32.54999923706055,32.970001220703125,209800,0.0,0.0
2021-06-21 00:00:00-04:00,33.150001525878906,33.83000183105469,32.849998474121094,33.619998931884766,46800,0.0,0.0
2021-06-22 00:00:00-04:00,33.459999084472656,33.459999084472656,32.849998474121094,33.15999984741211,55400,0.0,0.0
2021-06-23 00:00:00-04:00,33.40999984741211,33.439998626708984,32.59000015258789,32.880001068115234,43200,0.0,0.0
2021-06-24 00:00:00-04:00,33.18000030517578,33.91999816894531,33.0099983215332,33.619998931884766,62300,0.0,0.0
2021-06-25 00:00:00-04:00,33.77000045776367,34.02000045776367,32.880001068115234,33.040000915527344,245400,0.0,0.0
2021-06-28 00:00:00-04:00,33.15999984741211,33.36000061035156,32.900001525878906,33.029998779296875,39100,0.0,0.0
2021-06-29 00:00:00-04:00,33.15999984741211,35.650001525878906,32.540000915527344,33.130001068115234,73500,0.0,0.0
2021-06-30 00:00:00-04:00,33.0,35.439998626708984,32.97999954223633,35.04999923706055,124300,0.0,0.0
2021-07-01 00:00:00-04:00,34.7400016784668,36.0,34.7400016784668,35.9900016784668,49300,0.0,0.0
2021-07-02 00:00:00-04:00,36.11000061035156,36.11000061035156,34.849998474121094,35.040000915527344,36100,0.0,0.0
2021-07-06 00:00:00-04:00,35.77000045776367,36.36000061035156,33.099998474121094,33.61000061035156,83300,0.0,0.0
2021-07-07 00:00:00-04:00,33.54999923706055,33.849998474121094,32.959999084472656,33.29999923706055,53300,0.0,0.0
2021-07-08 00:00:00-04:00,32.779998779296875,33.31999969482422,32.0,33.13999938964844,42300,0.0,0.0
2021-07-09 00:00:00-04:00,33.599998474121094,34.91999816894531,33.29999923706055,33.34000015258789,22100,0.0,0.0
2021-07-12 00:00:00-04:00,33.13999938964844,34.65999984741211,32.880001068115234,34.119998931884766,64800,0.0,0.0
2021-07-13 00:00:00-04:00,33.849998474121094,34.220001220703125,33.02000045776367,33.58000183105469,56000,0.0,0.0
2021-07-14 00:00:00-04:00,33.880001068115234,33.880001068115234,33.02000045776367,33.11000061035156,38600,0.0,0.0
2021-07-15 00:00:00-04:00,32.81999969482422,33.13999938964844,32.54999923706055,32.97999954223633,51300,0.0,0.0
2021-07-16 00:00:00-04:00,33.349998474121094,33.349998474121094,32.310001373291016,32.75,66600,0.0,0.0
2021-07-19 00:00:00-04:00,32.06999969482422,32.9900016784668,32.0,32.689998626708984,58600,0.0,0.0
2021-07-20 00:00:00-04:00,32.72999954223633,33.619998931884766,32.4900016784668,33.189998626708984,55100,0.0,0.0
2021-07-21 00:00:00-04:00,33.56999969482422,33.97999954223633,33.310001373291016,33.630001068115234,26100,0.0,0.0
2021-07-22 00:00:00-04:00,33.43000030517578,33.70000076293945,32.58000183105469,33.27000045776367,48900,0.0,0.0
2021-07-23 00:00:00-04:00,33.38999938964844,33.41999816894531,32.61000061035156,33.130001068115234,31700,0.0,0.0
2021-07-26 00:00:00-04:00,33.380001068115234,34.0,33.2599983215332,33.279998779296875,35700,0.0,0.0
2021-07-27 00:00:00-04:00,33.349998474121094,33.349998474121094,32.45000076293945,32.70000076293945,27900,0.0,0.0
2021-07-28 00:00:00-04:00,32.79999923706055,34.040000915527344,32.41999816894531,33.36000061035156,33900,0.0,0.0
2021-07-29 00:00:00-04:00,34.689998626708984,34.689998626708984,31.489999771118164,33.040000915527344,112400,0.0,0.0
2021-07-30 00:00:00-04:00,33.0,34.189998626708984,29.700000762939453,33.93000030517578,137400,0.0,0.0
2021-08-02 00:00:00-04:00,34.0099983215332,34.09000015258789,33.099998474121094,33.369998931884766,46000,0.0,0.0
2021-08-03 00:00:00-04:00,33.369998931884766,34.20000076293945,33.0,34.0099983215332,51500,0.0,0.0
2021-08-04 00:00:00-04:00,33.630001068115234,33.65999984741211,32.2599983215332,32.66999816894531,50800,0.0,0.0
2021-08-05 00:00:00-04:00,32.720001220703125,33.349998474121094,32.099998474121094,33.34000015258789,30800,0.0,0.0
2021-08-06 00:00:00-04:00,32.93000030517578,33.599998474121094,32.25,33.060001373291016,44500,0.0,0.0
2021-08-09 00:00:00-04:00,32.599998474121094,32.720001220703125,30.299999237060547,30.700000762939453,100000,0.0,0.0
2021-08-10 00:00:00-04:00,30.920000076293945,30.959999084472656,30.100000381469727,30.540000915527344,76600,0.0,0.0
2021-08-11 00:00:00-04:00,30.450000762939453,30.639999389648438,30.0,30.510000228881836,42300,0.0,0.0
2021-08-12 00:00:00-04:00,30.360000610351562,30.670000076293945,30.110000610351562,30.260000228881836,33200,0.0,0.0
2021-08-13 00:00:00-04:00,30.450000762939453,30.739999771118164,29.969999313354492,30.049999237060547,40600,0.0,0.0
2021-08-16 00:00:00-04:00,29.790000915527344,30.350000381469727,29.219999313354492,29.25,61600,0.0,0.0
2021-08-17 00:00:00-04:00,29.030000686645508,29.219999313354492,28.170000076293945,28.5,39300,0.0,0.0
2021-08-18 00:00:00-04:00,28.459999084472656,29.030000686645508,27.389999389648438,27.860000610351562,51400,0.0,0.0
2021-08-19 00:00:00-04:00,27.6299991607666,27.899999618530273,26.100000381469727,26.479999542236328,120700,0.0,0.0
2021-08-20 00:00:00-04:00,26.350000381469727,28.299999237060547,26.149999618530273,27.959999084472656,56500,0.0,0.0
2021-08-23 00:00:00-04:00,28.350000381469727,30.0,28.350000381469727,29.389999389648438,50000,0.0,0.0
2021-08-24 00:00:00-04:00,29.799999237060547,29.799999237060547,28.8799991607666,29.0,66200,0.0,0.0
2021-08-25 00:00:00-04:00,29.110000610351562,29.360000610351562,27.700000762939453,28.06999969482422,44300,0.0,0.0
2021-08-26 00:00:00-04:00,28.93000030517578,28.940000534057617,27.479999542236328,27.479999542236328,38000,0.0,0.0
2021-08-27 00:00:00-04:00,27.68000030517578,28.360000610351562,27.68000030517578,27.959999084472656,45500,0.0,0.0
2021-08-30 00:00:00-04:00,28.0,28.25,27.209999084472656,27.399999618530273,30100,0.0,0.0
2021-08-31 00:00:00-04:00,28.75,30.989999771118164,28.75,30.329999923706055,127900,0.0,0.0
2021-09-01 00:00:00-04:00,30.110000610351562,30.979999542236328,29.200000762939453,30.68000030517578,115800,0.0,0.0
2021-09-02 00:00:00-04:00,30.780000686645508,31.139999389648438,28.809999465942383,30.649999618530273,46300,0.0,0.0
2021-09-03 00:00:00-04:00,30.719999313354492,30.719999313354492,29.420000076293945,29.5,35900,0.0,0.0
2021-09-07 00:00:00-04:00,29.40999984741211,29.610000610351562,28.510000228881836,28.59000015258789,38900,0.0,0.0
2021-09-08 00:00:00-04:00,28.579999923706055,28.65999984741211,28.020000457763672,28.200000762939453,31300,0.0,0.0
2021-09-09 00:00:00-04:00,28.149999618530273,28.760000228881836,27.770000457763672,28.479999542236328,40300,0.0,0.0
2021-09-10 00:00:00-04:00,28.65999984741211,28.65999984741211,27.389999389648438,27.440000534057617,27700,0.0,0.0
2021-09-13 00:00:00-04:00,27.65999984741211,28.34000015258789,27.219999313354492,28.219999313354492,35000,0.0,0.0
2021-09-14 00:00:00-04:00,28.420000076293945,28.420000076293945,27.149999618530273,27.469999313354492,51500,0.0,0.0
2021-09-15 00:00:00-04:00,27.469999313354492,27.8700008392334,26.790000915527344,27.389999389648438,49500,0.0,0.0
2021-09-16 00:00:00-04:00,27.350000381469727,27.979999542236328,26.56999969482422,27.979999542236328,47800,0.0,0.0
2021-09-17 00:00:00-04:00,28.15999984741211,29.350000381469727,27.770000457763672,28.889999389648438,298600,0.0,0.0
2021-09-20 00:00:00-04:00,28.360000610351562,29.489999771118164,28.360000610351562,29.299999237060547,65300,0.0,0.0
2021-09-21 00:00:00-04:00,29.579999923706055,30.68000030517578,29.239999771118164,30.100000381469727,50700,0.0,0.0
2021-09-22 00:00:00-04:00,30.260000228881836,30.760000228881836,30.079999923706055,30.09000015258789,32900,0.0,0.0
2021-09-23 00:00:00-04:00,30.34000015258789,31.979999542236328,30.34000015258789,31.799999237060547,54400,0.0,0.0
2021-09-24 00:00:00-04:00,31.360000610351562,32.16999816894531,30.709999084472656,31.950000762939453,88000,0.0,0.0
2021-09-27 00:00:00-04:00,32.04999923706055,32.77000045776367,31.6200008392334,31.860000610351562,53700,0.0,0.0
2021-09-28 00:00:00-04:00,31.8799991607666,33.20000076293945,31.6200008392334,32.79999923706055,77200,0.0,0.0
2021-09-29 00:00:00-04:00,33.0,34.0,31.90999984741211,33.97999954223633,58400,0.0,0.0
2021-09-30 00:00:00-04:00,34.0,34.220001220703125,32.70000076293945,32.81999969482422,40800,0.0,0.0
2021-10-01 00:00:00-04:00,32.86000061035156,34.0,32.29999923706055,33.58000183105469,78400,0.0,0.0
2021-10-04 00:00:00-04:00,33.52000045776367,33.650001525878906,32.13999938964844,32.970001220703125,39200,0.0,0.0
2021-10-05 00:00:00-04:00,33.189998626708984,33.709999084472656,33.04999923706055,33.310001373291016,40600,0.0,0.0
2021-10-06 00:00:00-04:00,33.11000061035156,34.5,33.11000061035156,34.27000045776367,57900,0.0,0.0
2021-10-07 00:00:00-04:00,34.5,35.900001525878906,34.38999938964844,35.599998474121094,66700,0.0,0.0
2021-10-08 00:00:00-04:00,35.7400016784668,37.41999816894531,35.7400016784668,37.15999984741211,70400,0.0,0.0
2021-10-11 00:00:00-04:00,37.16999816894531,38.29999923706055,36.68000030517578,37.31999969482422,55700,0.0,0.0
2021-10-12 00:00:00-04:00,37.189998626708984,37.97999954223633,35.040000915527344,36.7599983215332,33000,0.0,0.0
2021-10-13 00:00:00-04:00,36.560001373291016,38.36000061035156,36.47999954223633,38.15999984741211,47000,0.0,0.0
2021-10-14 00:00:00-04:00,38.5,38.88999938964844,37.189998626708984,37.720001220703125,69000,0.0,0.0
2021-10-15 00:00:00-04:00,38.279998779296875,38.75,37.689998626708984,38.540000915527344,57600,0.0,0.0
2021-10-18 00:00:00-04:00,38.66999816894531,39.369998931884766,37.650001525878906,37.77000045776367,54000,0.0,0.0
2021-10-19 00:00:00-04:00,37.7599983215332,38.130001068115234,37.060001373291016,38.029998779296875,42000,0.0,0.0
2021-10-20 00:00:00-04:00,38.13999938964844,38.47999954223633,37.72999954223633,37.86000061035156,25500,0.0,0.0
2021-10-21 00:00:00-04:00,37.90999984741211,38.130001068115234,37.47999954223633,37.81999969482422,45100,0.0,0.0
2021-10-22 00:00:00-04:00,37.630001068115234,37.630001068115234,36.18000030517578,36.86000061035156,63800,0.0,0.0
2021-10-25 00:00:00-04:00,36.88999938964844,38.150001525878906,36.529998779296875,38.08000183105469,49900,0.0,0.0
2021-10-26 00:00:00-04:00,38.16999816894531,39.38999938964844,37.5099983215332,38.540000915527344,94300,0.0,0.0
2021-10-27 00:00:00-04:00,38.4900016784668,38.619998931884766,36.25,37.060001373291016,58800,0.0,0.0
2021-10-28 00:00:00-04:00,37.45000076293945,38.68000030517578,37.45000076293945,38.68000030517578,62600,0.0,0.0
2021-10-29 00:00:00-04:00,38.86000061035156,39.45000076293945,37.209999084472656,37.380001068115234,83700,0.0,0.0
2021-11-01 00:00:00-04:00,42.459999084472656,60.22999954223633,42.11000061035156,55.88999938964844,4244200,0.0,0.0
2021-11-02 00:00:00-04:00,55.41999816894531,57.040000915527344,52.4900016784668,56.849998474121094,508500,0.0,0.0
2021-11-03 00:00:00-04:00,55.81999969482422,58.900001525878906,55.81999969482422,56.65999984741211,284200,0.0,0.0
2021-11-04 00:00:00-04:00,52.380001068115234,52.4900016784668,49.4900016784668,50.0,1477300,0.0,0.0
2021-11-05 00:00:00-04:00,51.040000915527344,51.70000076293945,49.9900016784668,50.02000045776367,222100,0.0,0.0
2021-11-08 00:00:00-05:00,50.0099983215332,50.93000030517578,49.27000045776367,50.08000183105469,261500,0.0,0.0
2021-11-09 00:00:00-05:00,50.0,50.61000061035156,47.68000030517578,48.560001373291016,263500,0.0,0.0
2021-11-10 00:00:00-05:00,47.5,48.689998626708984,45.58000183105469,45.88999938964844,330100,0.0,0.0
2021-11-11 00:00:00-05:00,46.5,47.470001220703125,44.5,45.31999969482422,401500,0.0,0.0
2021-11-12 00:00:00-05:00,45.959999084472656,46.02000045776367,44.279998779296875,45.560001373291016,192600,0.0,0.0
2021-11-15 00:00:00-05:00,45.880001068115234,45.880001068115234,44.040000915527344,45.0099983215332,187100,0.0,0.0
2021-11-16 00:00:00-05:00,45.15999984741211,45.290000915527344,43.779998779296875,44.630001068115234,93800,0.0,0.0
2021-11-17 00:00:00-05:00,44.540000915527344,44.540000915527344,42.7599983215332,43.709999084472656,186000,0.0,0.0
2021-11-18 00:00:00-05:00,44.220001220703125,45.47999954223633,42.83000183105469,43.349998474121094,86600,0.0,0.0
2021-11-19 00:00:00-05:00,43.0099983215332,43.86000061035156,42.77000045776367,43.540000915527344,73400,0.0,0.0
2021-11-22 00:00:00-05:00,43.7599983215332,45.11000061035156,43.290000915527344,44.540000915527344,108400,0.0,0.0
2021-11-23 00:00:00-05:00,44.099998474121094,45.29999923706055,43.900001525878906,45.0099983215332,82100,0.0,0.0
2021-11-24 00:00:00-05:00,44.599998474121094,44.689998626708984,42.02000045776367,42.029998779296875,142900,0.0,0.0
2021-11-26 00:00:00-05:00,41.31999969482422,41.47999954223633,39.540000915527344,40.77000045776367,147800,0.0,0.0
2021-11-29 00:00:00-05:00,41.439998626708984,42.34000015258789,40.06999969482422,41.93000030517578,204300,0.0,0.0
2021-11-30 00:00:00-05:00,41.290000915527344,42.130001068115234,40.43000030517578,41.13999938964844,134400,0.0,0.0
2021-12-01 00:00:00-05:00,41.90999984741211,42.93000030517578,40.349998474121094,40.43000030517578,123100,0.0,0.0
2021-12-02 00:00:00-05:00,40.27000045776367,41.41999816894531,39.2400016784668,41.0,156000,0.0,0.0
2021-12-03 00:00:00-05:00,41.119998931884766,41.650001525878906,39.189998626708984,39.54999923706055,112800,0.0,0.0
2021-12-06 00:00:00-05:00,39.7400016784668,40.56999969482422,38.959999084472656,40.150001525878906,120700,0.0,0.0
2021-12-07 00:00:00-05:00,40.7599983215332,42.4900016784668,40.4900016784668,41.869998931884766,125700,0.0,0.0
2021-12-08 00:00:00-05:00,42.369998931884766,43.70000076293945,39.29999923706055,43.58000183105469,106100,0.0,0.0
2021-12-09 00:00:00-05:00,43.5099983215332,44.380001068115234,42.95000076293945,43.08000183105469,150500,0.0,0.0
2021-12-10 00:00:00-05:00,43.790000915527344,44.709999084472656,41.93000030517578,43.720001220703125,130500,0.0,0.0
2021-12-13 00:00:00-05:00,43.88999938964844,44.220001220703125,42.58000183105469,43.439998626708984,120500,0.0,0.0
2021-12-14 00:00:00-05:00,43.59000015258789,45.349998474121094,42.84000015258789,45.150001525878906,160200,0.0,0.0
2021-12-15 00:00:00-05:00,45.45000076293945,47.04999923706055,44.70000076293945,46.86000061035156,116700,0.0,0.0
2021-12-16 00:00:00-05:00,47.09000015258789,48.040000915527344,46.59000015258789,46.77000045776367,343800,0.0,0.0
2021-12-17 00:00:00-05:00,46.86000061035156,48.220001220703125,45.650001525878906,46.84000015258789,630200,0.0,0.0
2021-12-20 00:00:00-05:00,45.9900016784668,48.11000061035156,44.529998779296875,46.97999954223633,175600,0.0,0.0
2021-12-21 00:00:00-05:00,47.81999969482422,48.0,45.75,47.97999954223633,160900,0.0,0.0
2021-12-22 00:00:00-05:00,47.599998474121094,50.150001525878906,47.119998931884766,49.220001220703125,232900,0.0,0.0
2021-12-23 00:00:00-05:00,49.790000915527344,51.689998626708984,49.2400016784668,50.900001525878906,92400,0.0,0.0
2021-12-27 00:00:00-05:00,50.72999954223633,51.06999969482422,49.31999969482422,49.790000915527344,113300,0.0,0.0
2021-12-28 00:00:00-05:00,50.09000015258789,50.93000030517578,48.310001373291016,48.540000915527344,189800,0.0,0.0
2021-12-29 00:00:00-05:00,48.599998474121094,49.38999938964844,46.959999084472656,47.27000045776367,99600,0.0,0.0
2021-12-30 00:00:00-05:00,47.52000045776367,48.68000030517578,46.59000015258789,46.880001068115234,94400,0.0,0.0
2021-12-31 00:00:00-05:00,46.900001525878906,47.22999954223633,45.060001373291016,46.08000183105469,138300,0.0,0.0
2022-01-03 00:00:00-05:00,46.619998931884766,48.2599983215332,45.95000076293945,47.150001525878906,82100,0.0,0.0
2022-01-04 00:00:00-05:00,47.029998779296875,47.029998779296875,45.79999923706055,46.18000030517578,91200,0.0,0.0
2022-01-05 00:00:00-05:00,46.06999969482422,46.77000045776367,44.470001220703125,44.630001068115234,104100,0.0,0.0
2022-01-06 00:00:00-05:00,44.849998474121094,45.529998779296875,43.630001068115234,44.709999084472656,53100,0.0,0.0
2022-01-07 00:00:00-05:00,44.709999084472656,44.91999816894531,43.650001525878906,43.869998931884766,55000,0.0,0.0
2022-01-10 00:00:00-05:00,43.720001220703125,43.720001220703125,42.380001068115234,43.470001220703125,72600,0.0,0.0
2022-01-11 00:00:00-05:00,43.63999938964844,45.04999923706055,42.95000076293945,44.88999938964844,83700,0.0,0.0
2022-01-12 00:00:00-05:00,45.0,45.02000045776367,43.02000045776367,43.08000183105469,68800,0.0,0.0
2022-01-13 00:00:00-05:00,43.529998779296875,43.95000076293945,42.15999984741211,42.40999984741211,53100,0.0,0.0
2022-01-14 00:00:00-05:00,42.119998931884766,43.119998931884766,42.0099983215332,43.029998779296875,58300,0.0,0.0
2022-01-18 00:00:00-05:00,43.04999923706055,43.04999923706055,41.43000030517578,41.93000030517578,47300,0.0,0.0
2022-01-19 00:00:00-05:00,42.439998626708984,42.439998626708984,41.25,41.38999938964844,45900,0.0,0.0
2022-01-20 00:00:00-05:00,41.29999923706055,42.09000015258789,40.43000030517578,40.54999923706055,50600,0.0,0.0
2022-01-21 00:00:00-05:00,40.5099983215332,41.900001525878906,40.5099983215332,41.0,162800,0.0,0.0
2022-01-24 00:00:00-05:00,41.5099983215332,41.810001373291016,39.72999954223633,41.61000061035156,183300,0.0,0.0
2022-01-25 00:00:00-05:00,41.130001068115234,41.58000183105469,40.130001068115234,41.34000015258789,91100,0.0,0.0
2022-01-26 00:00:00-05:00,41.75,42.40999984741211,40.72999954223633,41.0,115700,0.0,0.0
2022-01-27 00:00:00-05:00,41.290000915527344,41.88999938964844,40.29999923706055,40.45000076293945,102900,0.0,0.0
2022-01-28 00:00:00-05:00,40.290000915527344,40.79999923706055,38.459999084472656,39.36000061035156,106800,0.0,0.0
2022-01-31 00:00:00-05:00,39.27000045776367,40.41999816894531,38.880001068115234,40.41999816894531,68900,0.0,0.0
2022-02-01 00:00:00-05:00,40.52000045776367,41.099998474121094,38.34000015258789,39.349998474121094,118500,0.0,0.0
2022-02-02 00:00:00-05:00,39.189998626708984,39.220001220703125,38.09000015258789,38.810001373291016,78100,0.0,0.0
2022-02-03 00:00:00-05:00,38.54999923706055,38.709999084472656,37.5,38.13999938964844,90600,0.0,0.0
2022-02-04 00:00:00-05:00,38.25,38.70000076293945,36.97999954223633,38.369998931884766,118500,0.0,0.0
2022-02-07 00:00:00-05:00,38.369998931884766,40.220001220703125,38.369998931884766,39.4900016784668,117200,0.0,0.0
2022-02-08 00:00:00-05:00,39.52000045776367,39.959999084472656,38.59000015258789,39.45000076293945,96200,0.0,0.0
2022-02-09 00:00:00-05:00,39.599998474121094,40.029998779296875,38.439998626708984,39.0,111900,0.0,0.0
2022-02-10 00:00:00-05:00,38.77000045776367,39.9900016784668,38.0099983215332,39.189998626708984,161600,0.0,0.0
2022-02-11 00:00:00-05:00,39.2400016784668,40.16999816894531,39.099998474121094,39.31999969482422,73700,0.0,0.0
2022-02-14 00:00:00-05:00,39.45000076293945,39.790000915527344,38.650001525878906,38.9900016784668,64800,0.0,0.0
2022-02-15 00:00:00-05:00,39.4900016784668,40.33000183105469,39.20000076293945,40.25,41400,0.0,0.0
2022-02-16 00:00:00-05:00,40.189998626708984,40.59000015258789,39.470001220703125,39.70000076293945,44600,0.0,0.0
2022-02-17 00:00:00-05:00,39.27000045776367,39.27000045776367,38.0,38.279998779296875,75400,0.0,0.0
2022-02-18 00:00:00-05:00,38.04999923706055,38.290000915527344,37.290000915527344,37.40999984741211,62300,0.0,0.0
2022-02-22 00:00:00-05:00,37.119998931884766,37.40999984741211,36.04999923706055,36.38999938964844,106500,0.0,0.0
2022-02-23 00:00:00-05:00,37.220001220703125,37.220001220703125,35.630001068115234,35.900001525878906,69400,0.0,0.0
2022-02-24 00:00:00-05:00,35.02000045776367,36.58000183105469,34.93000030517578,36.45000076293945,119200,0.0,0.0
2022-02-25 00:00:00-05:00,37.77000045776367,37.95000076293945,36.099998474121094,37.470001220703125,76100,0.0,0.0
2022-02-28 00:00:00-05:00,37.06999969482422,39.08000183105469,36.4900016784668,37.45000076293945,92300,0.0,0.0
2022-03-01 00:00:00-05:00,37.43000030517578,37.900001525878906,36.220001220703125,36.900001525878906,96200,0.0,0.0
2022-03-02 00:00:00-05:00,37.13999938964844,38.7599983215332,36.40999984741211,37.70000076293945,120200,0.0,0.0
2022-03-03 00:00:00-05:00,37.9900016784668,37.9900016784668,36.36000061035156,36.65999984741211,107100,0.0,0.0
2022-03-04 00:00:00-05:00,36.189998626708984,36.970001220703125,35.880001068115234,36.27000045776367,90700,0.0,0.0
2022-03-07 00:00:00-05:00,36.970001220703125,37.7400016784668,35.369998931884766,35.93000030517578,136000,0.0,0.0
2022-03-08 00:00:00-05:00,36.27000045776367,38.38999938964844,35.880001068115234,36.91999816894531,89800,0.0,0.0
2022-03-09 00:00:00-05:00,37.41999816894531,38.02000045776367,36.70000076293945,37.470001220703125,63400,0.0,0.0
2022-03-10 00:00:00-05:00,37.29999923706055,37.63999938964844,36.27000045776367,37.209999084472656,68100,0.0,0.0
2022-03-11 00:00:00-05:00,37.27000045776367,37.70000076293945,36.22999954223633,36.310001373291016,61600,0.0,0.0
2022-03-14 00:00:00-04:00,36.45000076293945,36.79999923706055,35.29999923706055,35.65999984741211,86900,0.0,0.0
2022-03-15 00:00:00-04:00,33.04999923706055,33.36000061035156,24.40999984741211,29.010000228881836,1093100,0.0,0.0
2022-03-16 00:00:00-04:00,28.059999465942383,29.0,25.329999923706055,26.90999984741211,497200,0.0,0.0
2022-03-17 00:00:00-04:00,26.790000915527344,28.5,26.0,28.31999969482422,314700,0.0,0.0
2022-03-18 00:00:00-04:00,27.809999465942383,28.489999771118164,26.81999969482422,27.239999771118164,708500,0.0,0.0
2022-03-21 00:00:00-04:00,27.34000015258789,28.690000534057617,26.68000030517578,26.920000076293945,168700,0.0,0.0
2022-03-22 00:00:00-04:00,28.020000457763672,28.06999969482422,27.040000915527344,27.479999542236328,106100,0.0,0.0
2022-03-23 00:00:00-04:00,28.420000076293945,28.690000534057617,26.940000534057617,27.030000686645508,184900,0.0,0.0
2022-03-24 00:00:00-04:00,27.5,28.389999389648438,27.5,27.950000762939453,146700,0.0,0.0
2022-03-25 00:00:00-04:00,27.940000534057617,28.59000015258789,27.56999969482422,27.969999313354492,81900,0.0,0.0
2022-03-28 00:00:00-04:00,27.81999969482422,28.420000076293945,27.43000030517578,28.170000076293945,239700,0.0,0.0
2022-03-29 00:00:00-04:00,28.100000381469727,29.139999389648438,28.100000381469727,28.8700008392334,249700,0.0,0.0
2022-03-30 00:00:00-04:00,28.829999923706055,29.760000228881836,28.670000076293945,28.81999969482422,175800,0.0,0.0
2022-03-31 00:00:00-04:00,28.850000381469727,29.65999984741211,27.68000030517578,28.110000610351562,106200,0.0,0.0
2022-04-01 00:00:00-04:00,28.489999771118164,28.729999542236328,27.959999084472656,28.68000030517578,100700,0.0,0.0
2022-04-04 00:00:00-04:00,28.799999237060547,29.469999313354492,28.5,29.170000076293945,58500,0.0,0.0
2022-04-05 00:00:00-04:00,29.079999923706055,29.549999237060547,28.799999237060547,29.170000076293945,120600,0.0,0.0
2022-04-06 00:00:00-04:00,29.260000228881836,29.809999465942383,29.1299991607666,29.690000534057617,90000,0.0,0.0
2022-04-07 00:00:00-04:00,29.8700008392334,30.18000030517578,29.479999542236328,30.040000915527344,85300,0.0,0.0
2022-04-08 00:00:00-04:00,30.299999237060547,30.299999237060547,29.809999465942383,29.90999984741211,45200,0.0,0.0
2022-04-11 00:00:00-04:00,29.549999237060547,30.100000381469727,28.760000228881836,29.600000381469727,145000,0.0,0.0
2022-04-12 00:00:00-04:00,29.56999969482422,30.31999969482422,29.299999237060547,29.65999984741211,96600,0.0,0.0
2022-04-13 00:00:00-04:00,29.709999084472656,31.600000381469727,29.709999084472656,31.209999084472656,84900,0.0,0.0
2022-04-14 00:00:00-04:00,31.18000030517578,32.5,31.18000030517578,32.15999984741211,83100,0.0,0.0
2022-04-18 00:00:00-04:00,32.29999923706055,32.459999084472656,30.790000915527344,31.200000762939453,127700,0.0,0.0
2022-04-19 00:00:00-04:00,31.170000076293945,33.349998474121094,31.020000457763672,32.9900016784668,95000,0.0,0.0
2022-04-20 00:00:00-04:00,32.9900016784668,33.93000030517578,32.47999954223633,32.790000915527344,102500,0.0,0.0
2022-04-21 00:00:00-04:00,32.9900016784668,33.93000030517578,32.65999984741211,33.459999084472656,141600,0.0,0.0
2022-04-22 00:00:00-04:00,33.310001373291016,33.75,31.81999969482422,32.290000915527344,80700,0.0,0.0
2022-04-25 00:00:00-04:00,31.90999984741211,32.0,30.940000534057617,31.8799991607666,74200,0.0,0.0
2022-04-26 00:00:00-04:00,31.8700008392334,31.8700008392334,30.56999969482422,30.90999984741211,99500,0.0,0.0
2022-04-27 00:00:00-04:00,30.959999084472656,31.0,29.579999923706055,30.270000457763672,147500,0.0,0.0
2022-04-28 00:00:00-04:00,30.420000076293945,30.75,28.770000457763672,30.010000228881836,104800,0.0,0.0
2022-04-29 00:00:00-04:00,29.940000534057617,30.059999465942383,29.200000762939453,29.510000228881836,87700,0.0,0.0
2022-05-02 00:00:00-04:00,29.299999237060547,30.3799991607666,29.030000686645508,30.15999984741211,102800,0.0,0.0
2022-05-03 00:00:00-04:00,30.3799991607666,30.3799991607666,28.770000457763672,29.5,96300,0.0,0.0
2022-05-04 00:00:00-04:00,29.829999923706055,29.829999923706055,27.700000762939453,28.799999237060547,93800,0.0,0.0
2022-05-05 00:00:00-04:00,28.440000534057617,28.790000915527344,28.06999969482422,28.280000686645508,76200,0.0,0.0
2022-05-06 00:00:00-04:00,28.329999923706055,28.610000610351562,26.229999542236328,27.420000076293945,120200,0.0,0.0
2022-05-09 00:00:00-04:00,27.139999389648438,27.440000534057617,25.610000610351562,26.1200008392334,138100,0.0,0.0
2022-05-10 00:00:00-04:00,26.139999389648438,26.5,22.729999542236328,25.280000686645508,227500,0.0,0.0
2022-05-11 00:00:00-04:00,25.6299991607666,26.600000381469727,24.09000015258789,24.59000015258789,176400,0.0,0.0
2022-05-12 00:00:00-04:00,24.25,25.989999771118164,24.149999618530273,25.010000228881836,90200,0.0,0.0
2022-05-13 00:00:00-04:00,25.25,26.719999313354492,24.479999542236328,26.469999313354492,105300,0.0,0.0
2022-05-16 00:00:00-04:00,26.6200008392334,28.969999313354492,26.100000381469727,28.770000457763672,161100,0.0,0.0
2022-05-17 00:00:00-04:00,29.25,29.90999984741211,28.190000534057617,29.729999542236328,93300,0.0,0.0
2022-05-18 00:00:00-04:00,29.40999984741211,30.0,29.1200008392334,29.18000030517578,137900,0.0,0.0
2022-05-19 00:00:00-04:00,28.790000915527344,30.329999923706055,28.790000915527344,29.920000076293945,96800,0.0,0.0
2022-05-20 00:00:00-04:00,30.219999313354492,31.280000686645508,30.079999923706055,30.860000610351562,106500,0.0,0.0
2022-05-23 00:00:00-04:00,31.06999969482422,31.479999542236328,30.350000381469727,31.0,83600,0.0,0.0
2022-05-24 00:00:00-04:00,30.899999618530273,30.899999618530273,27.8799991607666,28.709999084472656,177500,0.0,0.0
2022-05-25 00:00:00-04:00,28.68000030517578,29.920000076293945,27.809999465942383,29.81999969482422,140000,0.0,0.0
2022-05-26 00:00:00-04:00,29.959999084472656,30.84000015258789,29.649999618530273,30.520000457763672,99300,0.0,0.0
2022-05-27 00:00:00-04:00,30.579999923706055,31.200000762939453,30.540000915527344,31.0,67100,0.0,0.0
2022-05-31 00:00:00-04:00,30.959999084472656,30.959999084472656,29.690000534057617,30.25,81400,0.0,0.0
2022-06-01 00:00:00-04:00,30.3700008392334,30.81999969482422,29.559999465942383,30.520000457763672,80000,0.0,0.0
2022-06-02 00:00:00-04:00,30.850000381469727,30.850000381469727,28.209999084472656,29.510000228881836,93200,0.0,0.0
2022-06-03 00:00:00-04:00,29.5,30.559999465942383,28.209999084472656,29.239999771118164,56700,0.0,0.0
2022-06-06 00:00:00-04:00,29.579999923706055,30.0,28.049999237060547,28.700000762939453,71100,0.0,0.0
2022-06-07 00:00:00-04:00,28.280000686645508,28.899999618530273,28.270000457763672,28.6299991607666,65100,0.0,0.0
2022-06-08 00:00:00-04:00,28.889999389648438,29.09000015258789,28.350000381469727,28.40999984741211,43400,0.0,0.0
2022-06-09 00:00:00-04:00,28.459999084472656,28.65999984741211,27.75,27.93000030517578,61400,0.0,0.0
2022-06-10 00:00:00-04:00,27.459999084472656,27.719999313354492,27.139999389648438,27.479999542236328,60300,0.0,0.0
2022-06-13 00:00:00-04:00,26.850000381469727,26.850000381469727,23.860000610351562,23.940000534057617,262400,0.0,0.0
2022-06-14 00:00:00-04:00,22.809999465942383,23.940000534057617,22.809999465942383,23.290000915527344,136700,0.0,0.0
2022-06-15 00:00:00-04:00,23.030000686645508,23.899999618530273,22.68000030517578,23.770000457763672,159500,0.0,0.0
2022-06-16 00:00:00-04:00,23.360000610351562,23.520000457763672,22.309999465942383,23.09000015258789,168200,0.0,0.0
2022-06-17 00:00:00-04:00,23.15999984741211,24.809999465942383,23.15999984741211,24.3799991607666,147000,0.0,0.0
2022-06-21 00:00:00-04:00,24.600000381469727,25.799999237060547,24.479999542236328,25.030000686645508,96500,0.0,0.0
2022-06-22 00:00:00-04:00,26.010000228881836,26.459999084472656,25.549999237060547,25.780000686645508,95100,0.0,0.0
2022-06-23 00:00:00-04:00,25.65999984741211,27.31999969482422,23.09000015258789,27.219999313354492,58200,0.0,0.0
2022-06-24 00:00:00-04:00,27.440000534057617,29.850000381469727,26.989999771118164,28.90999984741211,347800,0.0,0.0
2022-06-27 00:00:00-04:00,28.280000686645508,30.399999618530273,28.280000686645508,30.18000030517578,109700,0.0,0.0
2022-06-28 00:00:00-04:00,30.270000457763672,30.8799991607666,28.729999542236328,28.959999084472656,144600,0.0,0.0
2022-06-29 00:00:00-04:00,28.850000381469727,29.18000030517578,27.59000015258789,27.860000610351562,76700,0.0,0.0
2022-06-30 00:00:00-04:00,27.59000015258789,29.780000686645508,27.59000015258789,29.670000076293945,143600,0.0,0.0
2022-07-01 00:00:00-04:00,29.440000534057617,31.8700008392334,29.09000015258789,31.540000915527344,106300,0.0,0.0
2022-07-05 00:00:00-04:00,31.040000915527344,32.130001068115234,29.489999771118164,31.950000762939453,217600,0.0,0.0
2022-07-06 00:00:00-04:00,31.93000030517578,33.060001373291016,31.170000076293945,31.81999969482422,71600,0.0,0.0
2022-07-07 00:00:00-04:00,32.189998626708984,32.189998626708984,30.329999923706055,31.360000610351562,107300,0.0,0.0
2022-07-08 00:00:00-04:00,30.860000610351562,31.809999465942383,30.81999969482422,31.450000762939453,40600,0.0,0.0
2022-07-11 00:00:00-04:00,31.200000762939453,31.579999923706055,30.219999313354492,30.600000381469727,107100,0.0,0.0
2022-07-12 00:00:00-04:00,30.579999923706055,31.479999542236328,29.399999618530273,29.829999923706055,139400,0.0,0.0
2022-07-13 00:00:00-04:00,29.350000381469727,31.110000610351562,29.290000915527344,30.950000762939453,73200,0.0,0.0
2022-07-14 00:00:00-04:00,30.31999969482422,31.0,29.959999084472656,30.6299991607666,52600,0.0,0.0
2022-07-15 00:00:00-04:00,30.93000030517578,31.75,30.219999313354492,31.350000381469727,71300,0.0,0.0
2022-07-18 00:00:00-04:00,31.510000228881836,32.66999816894531,30.770000457763672,30.989999771118164,78300,0.0,0.0
2022-07-19 00:00:00-04:00,31.59000015258789,32.869998931884766,30.459999084472656,31.670000076293945,87400,0.0,0.0
2022-07-20 00:00:00-04:00,31.790000915527344,32.900001525878906,31.790000915527344,32.630001068115234,59800,0.0,0.0
2022-07-21 00:00:00-04:00,32.68000030517578,32.68000030517578,31.5,31.670000076293945,54300,0.0,0.0
2022-07-22 00:00:00-04:00,31.649999618530273,31.770000457763672,31.1200008392334,31.75,68900,0.0,0.0
2022-07-25 00:00:00-04:00,32.0,34.400001525878906,32.0,33.630001068115234,127300,0.0,0.0
2022-07-26 00:00:00-04:00,33.40999984741211,33.849998474121094,32.7400016784668,33.45000076293945,44200,0.0,0.0
2022-07-27 00:00:00-04:00,33.52000045776367,34.540000915527344,33.52000045776367,34.18000030517578,38500,0.0,0.0
2022-07-28 00:00:00-04:00,34.59000015258789,35.5099983215332,34.22999954223633,34.38999938964844,50700,0.0,0.0
2022-07-29 00:00:00-04:00,34.189998626708984,34.36000061035156,33.599998474121094,34.25,41700,0.0,0.0
2022-08-01 00:00:00-04:00,34.33000183105469,34.7400016784668,33.04999923706055,33.77000045776367,72600,0.0,0.0
2022-08-02 00:00:00-04:00,33.880001068115234,34.86000061035156,33.13999938964844,33.36000061035156,51800,0.0,0.0
2022-08-03 00:00:00-04:00,33.41999816894531,33.41999816894531,32.13999938964844,32.90999984741211,88200,0.0,0.0
2022-08-04 00:00:00-04:00,33.16999816894531,34.77000045776367,33.16999816894531,34.31999969482422,62800,0.0,0.0
2022-08-05 00:00:00-04:00,33.90999984741211,35.0099983215332,33.220001220703125,34.619998931884766,53700,0.0,0.0
2022-08-08 00:00:00-04:00,38.04999923706055,38.04999923706055,33.619998931884766,34.869998931884766,106900,0.0,0.0
2022-08-09 00:00:00-04:00,34.97999954223633,35.09000015258789,33.77000045776367,34.0,103100,0.0,0.0
2022-08-10 00:00:00-04:00,34.56999969482422,35.459999084472656,33.790000915527344,34.970001220703125,122400,0.0,0.0
2022-08-11 00:00:00-04:00,35.33000183105469,35.47999954223633,34.81999969482422,35.38999938964844,96800,0.0,0.0
2022-08-12 00:00:00-04:00,35.459999084472656,37.959999084472656,35.18000030517578,37.470001220703125,91700,0.0,0.0
2022-08-15 00:00:00-04:00,36.97999954223633,38.189998626708984,36.72999954223633,37.84000015258789,107200,0.0,0.0
2022-08-16 00:00:00-04:00,39.9900016784668,39.9900016784668,36.7599983215332,38.0099983215332,102300,0.0,0.0
2022-08-17 00:00:00-04:00,37.22999954223633,37.77000045776367,35.790000915527344,35.869998931884766,81100,0.0,0.0
2022-08-18 00:00:00-04:00,35.810001373291016,35.9900016784668,34.59000015258789,35.84000015258789,39700,0.0,0.0
2022-08-19 00:00:00-04:00,35.380001068115234,36.13999938964844,35.040000915527344,35.79999923706055,52200,0.0,0.0
2022-08-22 00:00:00-04:00,35.459999084472656,35.720001220703125,34.630001068115234,35.33000183105469,57500,0.0,0.0
2022-08-23 00:00:00-04:00,35.43000030517578,36.150001525878906,35.22999954223633,35.779998779296875,32500,0.0,0.0
2022-08-24 00:00:00-04:00,35.560001373291016,37.65999984741211,35.560001373291016,36.47999954223633,59100,0.0,0.0
2022-08-25 00:00:00-04:00,36.439998626708984,38.029998779296875,35.7400016784668,37.779998779296875,78100,0.0,0.0
2022-08-26 00:00:00-04:00,37.68000030517578,38.599998474121094,37.31999969482422,38.0,73100,0.0,0.0
2022-08-29 00:00:00-04:00,37.130001068115234,37.97999954223633,36.220001220703125,37.18000030517578,70400,0.0,0.0
2022-08-30 00:00:00-04:00,37.02000045776367,37.09000015258789,35.77000045776367,36.029998779296875,89000,0.0,0.0
2022-08-31 00:00:00-04:00,36.09000015258789,37.060001373291016,35.290000915527344,36.88999938964844,55000,0.0,0.0
2022-09-01 00:00:00-04:00,36.65999984741211,37.349998474121094,35.91999816894531,37.0,63200,0.0,0.0
2022-09-02 00:00:00-04:00,37.439998626708984,37.439998626708984,35.650001525878906,36.56999969482422,41900,0.0,0.0
2022-09-06 00:00:00-04:00,36.43000030517578,36.43000030517578,34.25,34.939998626708984,125000,0.0,0.0
2022-09-07 00:00:00-04:00,35.45000076293945,37.22999954223633,34.900001525878906,37.130001068115234,79600,0.0,0.0
2022-09-08 00:00:00-04:00,36.720001220703125,38.0,36.61000061035156,37.61000061035156,57800,0.0,0.0
2022-09-09 00:00:00-04:00,37.79999923706055,38.119998931884766,36.65999984741211,37.09000015258789,54300,0.0,0.0
2022-09-12 00:00:00-04:00,36.709999084472656,37.439998626708984,36.13999938964844,36.41999816894531,75700,0.0,0.0
2022-09-13 00:00:00-04:00,35.689998626708984,36.47999954223633,34.779998779296875,36.060001373291016,78300,0.0,0.0
2022-09-14 00:00:00-04:00,35.939998626708984,36.810001373291016,35.619998931884766,36.459999084472656,59100,0.0,0.0
2022-09-15 00:00:00-04:00,36.119998931884766,37.060001373291016,35.9900016784668,36.41999816894531,77200,0.0,0.0
2022-09-16 00:00:00-04:00,35.90999984741211,36.209999084472656,34.86000061035156,35.79999923706055,334300,0.0,0.0
2022-09-19 00:00:00-04:00,35.369998931884766,35.65999984741211,34.38999938964844,34.650001525878906,47100,0.0,0.0
2022-09-20 00:00:00-04:00,34.45000076293945,35.4900016784668,33.709999084472656,35.31999969482422,70300,0.0,0.0
2022-09-21 00:00:00-04:00,35.470001220703125,36.13999938964844,33.400001525878906,33.459999084472656,47900,0.0,0.0
2022-09-22 00:00:00-04:00,33.720001220703125,33.720001220703125,32.25,33.279998779296875,46600,0.0,0.0
2022-09-23 00:00:00-04:00,32.720001220703125,32.720001220703125,31.079999923706055,31.709999084472656,61300,0.0,0.0
2022-09-26 00:00:00-04:00,31.530000686645508,32.040000915527344,30.860000610351562,31.219999313354492,55000,0.0,0.0
2022-09-27 00:00:00-04:00,31.399999618530273,32.279998779296875,30.530000686645508,31.100000381469727,55400,0.0,0.0
2022-09-28 00:00:00-04:00,31.889999389648438,32.70000076293945,30.959999084472656,32.189998626708984,65000,0.0,0.0
2022-09-29 00:00:00-04:00,31.850000381469727,33.04999923706055,31.09000015258789,31.6299991607666,105800,0.0,0.0
2022-09-30 00:00:00-04:00,31.479999542236328,33.689998626708984,31.479999542236328,32.13999938964844,103800,0.0,0.0
2022-10-03 00:00:00-04:00,32.36000061035156,32.84000015258789,31.670000076293945,31.899999618530273,42100,0.0,0.0
2022-10-04 00:00:00-04:00,32.130001068115234,33.65999984741211,31.68000030517578,32.959999084472656,63400,0.0,0.0
2022-10-05 00:00:00-04:00,32.41999816894531,32.9900016784668,31.969999313354492,32.84000015258789,33600,0.0,0.0
2022-10-06 00:00:00-04:00,32.54999923706055,33.83000183105469,32.33000183105469,33.4900016784668,44600,0.0,0.0
2022-10-07 00:00:00-04:00,33.18000030517578,33.439998626708984,32.09000015258789,32.2599983215332,47400,0.0,0.0
2022-10-10 00:00:00-04:00,32.29999923706055,32.599998474121094,31.940000534057617,32.11000061035156,25400,0.0,0.0
2022-10-11 00:00:00-04:00,32.560001373291016,33.189998626708984,31.209999084472656,32.959999084472656,56200,0.0,0.0
2022-10-12 00:00:00-04:00,33.02000045776367,33.099998474121094,32.29999923706055,32.459999084472656,36000,0.0,0.0
2022-10-13 00:00:00-04:00,31.940000534057617,33.900001525878906,31.809999465942383,33.75,60500,0.0,0.0
2022-10-14 00:00:00-04:00,33.970001220703125,34.11000061035156,32.900001525878906,33.220001220703125,33800,0.0,0.0
2022-10-17 00:00:00-04:00,33.77000045776367,34.95000076293945,33.720001220703125,34.709999084472656,39000,0.0,0.0
2022-10-18 00:00:00-04:00,35.20000076293945,35.90999984741211,34.5,35.34000015258789,47700,0.0,0.0
2022-10-19 00:00:00-04:00,35.2599983215332,35.369998931884766,34.790000915527344,35.20000076293945,63800,0.0,0.0
2022-10-20 00:00:00-04:00,35.02000045776367,35.31999969482422,34.33000183105469,34.88999938964844,38000,0.0,0.0
2022-10-21 00:00:00-04:00,35.20000076293945,36.41999816894531,34.869998931884766,36.119998931884766,44900,0.0,0.0
2022-10-24 00:00:00-04:00,35.959999084472656,37.15999984741211,35.959999084472656,36.91999816894531,25400,0.0,0.0
2022-10-25 00:00:00-04:00,36.779998779296875,37.9900016784668,36.56999969482422,36.61000061035156,48700,0.0,0.0
2022-10-26 00:00:00-04:00,37.04999923706055,38.380001068115234,37.04999923706055,37.77000045776367,44100,0.0,0.0
2022-10-27 00:00:00-04:00,37.91999816894531,38.970001220703125,36.290000915527344,38.040000915527344,36700,0.0,0.0
2022-10-28 00:00:00-04:00,38.45000076293945,39.15999984741211,37.7400016784668,38.93000030517578,55100,0.0,0.0
2022-10-31 00:00:00-04:00,38.75,39.029998779296875,36.77000045776367,38.59000015258789,63400,0.0,0.0
2022-11-01 00:00:00-04:00,38.970001220703125,39.45000076293945,38.380001068115234,38.9900016784668,35900,0.0,0.0
2022-11-02 00:00:00-04:00,38.83000183105469,39.5,37.9900016784668,38.150001525878906,39800,0.0,0.0
2022-11-03 00:00:00-04:00,37.709999084472656,38.59000015258789,37.29999923706055,38.08000183105469,42300,0.0,0.0
2022-11-04 00:00:00-04:00,38.380001068115234,38.939998626708984,37.900001525878906,38.34000015258789,30600,0.0,0.0
2022-11-07 00:00:00-05:00,38.25,39.0,37.650001525878906,38.2400016784668,50500,0.0,0.0
2022-11-08 00:00:00-05:00,38.060001373291016,38.58000183105469,36.58000183105469,38.2599983215332,91500,0.0,0.0
2022-11-09 00:00:00-05:00,39.040000915527344,39.459999084472656,32.15999984741211,34.7400016784668,211600,0.0,0.0
2022-11-10 00:00:00-05:00,35.97999954223633,36.7599983215332,35.560001373291016,36.290000915527344,146400,0.0,0.0
2022-11-11 00:00:00-05:00,36.119998931884766,38.220001220703125,35.349998474121094,37.599998474121094,82500,0.0,0.0
2022-11-14 00:00:00-05:00,37.650001525878906,37.7400016784668,36.34000015258789,36.47999954223633,83300,0.0,0.0
2022-11-15 00:00:00-05:00,36.70000076293945,37.27000045776367,35.650001525878906,36.599998474121094,59300,0.0,0.0
2022-11-16 00:00:00-05:00,37.38999938964844,38.40999984741211,36.7400016784668,37.86000061035156,77300,0.0,0.0
2022-11-17 00:00:00-05:00,37.2400016784668,39.75,37.13999938964844,39.689998626708984,69900,0.0,0.0
2022-11-18 00:00:00-05:00,40.0,40.75,39.04999923706055,39.560001373291016,53500,0.0,0.0
2022-11-21 00:00:00-05:00,39.59000015258789,39.95000076293945,37.810001373291016,38.58000183105469,93400,0.0,0.0
2022-11-22 00:00:00-05:00,38.68000030517578,40.279998779296875,38.40999984741211,40.16999816894531,57800,0.0,0.0
2022-11-23 00:00:00-05:00,39.66999816894531,40.869998931884766,39.150001525878906,40.189998626708984,43000,0.0,0.0
2022-11-25 00:00:00-05:00,39.95000076293945,41.65999984741211,39.4900016784668,41.65999984741211,48900,0.0,0.0
2022-11-28 00:00:00-05:00,41.459999084472656,41.5,39.43000030517578,40.0099983215332,46500,0.0,0.0
2022-11-29 00:00:00-05:00,39.77000045776367,41.66999816894531,39.77000045776367,40.65999984741211,54400,0.0,0.0
2022-11-30 00:00:00-05:00,40.84000015258789,42.09000015258789,40.2400016784668,41.95000076293945,71300,0.0,0.0
2022-12-01 00:00:00-05:00,41.79999923706055,42.33000183105469,37.52000045776367,38.849998474121094,146500,0.0,0.0
2022-12-02 00:00:00-05:00,37.790000915527344,39.81999969482422,37.790000915527344,38.83000183105469,64000,0.0,0.0
2022-12-05 00:00:00-05:00,39.22999954223633,39.22999954223633,37.45000076293945,38.0,68700,0.0,0.0
2022-12-06 00:00:00-05:00,37.529998779296875,37.68000030517578,36.36000061035156,37.310001373291016,38200,0.0,0.0
2022-12-07 00:00:00-05:00,37.279998779296875,38.060001373291016,37.099998474121094,37.650001525878906,79200,0.0,0.0
2022-12-08 00:00:00-05:00,37.72999954223633,40.18000030517578,36.79999923706055,39.59000015258789,88400,0.0,0.0
2022-12-09 00:00:00-05:00,39.56999969482422,39.900001525878906,38.130001068115234,39.5,55500,0.0,0.0
2022-12-12 00:00:00-05:00,39.650001525878906,40.75,39.06999969482422,40.0,88800,0.0,0.0
2022-12-13 00:00:00-05:00,41.27000045776367,41.81999969482422,39.95000076293945,40.099998474121094,116000,0.0,0.0
2022-12-14 00:00:00-05:00,40.310001373291016,41.33000183105469,39.79999923706055,40.65999984741211,79600,0.0,0.0
2022-12-15 00:00:00-05:00,40.4900016784668,40.900001525878906,39.150001525878906,39.2400016784668,84600,0.0,0.0
2022-12-16 00:00:00-05:00,38.709999084472656,39.52000045776367,37.4900016784668,38.06999969482422,200800,0.0,0.0
2022-12-19 00:00:00-05:00,38.0,38.720001220703125,37.20000076293945,38.11000061035156,80100,0.0,0.0
2022-12-20 00:00:00-05:00,38.27000045776367,39.58000183105469,37.959999084472656,39.27000045776367,72900,0.0,0.0
2022-12-21 00:00:00-05:00,39.75,40.97999954223633,39.529998779296875,39.68000030517578,45000,0.0,0.0
2022-12-22 00:00:00-05:00,39.41999816894531,40.29999923706055,39.029998779296875,39.56999969482422,44100,0.0,0.0
2022-12-23 00:00:00-05:00,39.540000915527344,40.0,38.81999969482422,39.45000076293945,43200,0.0,0.0
2022-12-27 00:00:00-05:00,39.439998626708984,39.83000183105469,38.41999816894531,38.86000061035156,49000,0.0,0.0
2022-12-28 00:00:00-05:00,38.88999938964844,39.900001525878906,38.88999938964844,39.18000030517578,24000,0.0,0.0
2022-12-29 00:00:00-05:00,39.0,41.68000030517578,38.5,40.93000030517578,85800,0.0,0.0
2022-12-30 00:00:00-05:00,40.650001525878906,41.560001373291016,39.56999969482422,40.22999954223633,69200,0.0,0.0
2023-01-03 00:00:00-05:00,40.849998474121094,41.290000915527344,39.43000030517578,40.040000915527344,44600,0.0,0.0
2023-01-04 00:00:00-05:00,40.099998474121094,40.400001525878906,38.88999938964844,39.349998474121094,63300,0.0,0.0
2023-01-05 00:00:00-05:00,39.22999954223633,40.56999969482422,39.0,39.83000183105469,101000,0.0,0.0
2023-01-06 00:00:00-05:00,40.470001220703125,44.86000061035156,40.099998474121094,43.91999816894531,226200,0.0,0.0
2023-01-09 00:00:00-05:00,43.91999816894531,44.0,41.119998931884766,42.25,80700,0.0,0.0
2023-01-10 00:00:00-05:00,41.91999816894531,42.41999816894531,40.869998931884766,42.2599983215332,78900,0.0,0.0
2023-01-11 00:00:00-05:00,42.25,42.95000076293945,40.790000915527344,41.209999084472656,70800,0.0,0.0
2023-01-12 00:00:00-05:00,41.099998474121094,43.08000183105469,41.099998474121094,43.0,83800,0.0,0.0
2023-01-13 00:00:00-05:00,42.349998474121094,44.220001220703125,42.349998474121094,43.95000076293945,77700,0.0,0.0
2023-01-17 00:00:00-05:00,43.93000030517578,43.93000030517578,41.84000015258789,41.849998474121094,48400,0.0,0.0
2023-01-18 00:00:00-05:00,42.349998474121094,42.95000076293945,41.220001220703125,41.63999938964844,62700,0.0,0.0
2023-01-19 00:00:00-05:00,41.41999816894531,41.720001220703125,40.970001220703125,41.630001068115234,67400,0.0,0.0
2023-01-20 00:00:00-05:00,42.13999938964844,42.15999984741211,41.349998474121094,42.02000045776367,72500,0.0,0.0
2023-01-23 00:00:00-05:00,41.91999816894531,43.34000015258789,40.959999084472656,42.97999954223633,67800,0.0,0.0
2023-01-24 00:00:00-05:00,41.88999938964844,43.88999938964844,41.88999938964844,43.529998779296875,30100,0.0,0.0
2023-01-25 00:00:00-05:00,43.29999923706055,43.7400016784668,42.7400016784668,43.599998474121094,19600,0.0,0.0
2023-01-26 00:00:00-05:00,43.810001373291016,44.31999969482422,42.97999954223633,43.529998779296875,39500,0.0,0.0
2023-01-27 00:00:00-05:00,43.130001068115234,43.790000915527344,42.79999923706055,43.61000061035156,32800,0.0,0.0
2023-01-30 00:00:00-05:00,43.470001220703125,43.95000076293945,42.09000015258789,42.75,44300,0.0,0.0
2023-01-31 00:00:00-05:00,42.77000045776367,44.7400016784668,42.77000045776367,44.72999954223633,73000,0.0,0.0
2023-02-01 00:00:00-05:00,44.91999816894531,45.5,43.38999938964844,44.310001373291016,68200,0.0,0.0
2023-02-02 00:00:00-05:00,44.220001220703125,45.349998474121094,44.0,45.209999084472656,54700,0.0,0.0
2023-02-03 00:00:00-05:00,44.81999969482422,45.5,44.09000015258789,44.66999816894531,70500,0.0,0.0
2023-02-06 00:00:00-05:00,44.68000030517578,45.09000015258789,44.0,45.08000183105469,57300,0.0,0.0
2023-02-07 00:00:00-05:00,44.810001373291016,45.9900016784668,44.27000045776367,45.720001220703125,52000,0.0,0.0
2023-02-08 00:00:00-05:00,45.41999816894531,45.650001525878906,44.650001525878906,44.849998474121094,53800,0.0,0.0
2023-02-09 00:00:00-05:00,44.959999084472656,45.09000015258789,44.2400016784668,44.529998779296875,43200,0.0,0.0
2023-02-10 00:00:00-05:00,44.220001220703125,45.15999984741211,44.119998931884766,45.0,30200,0.0,0.0
2023-02-13 00:00:00-05:00,44.95000076293945,45.630001068115234,44.599998474121094,45.08000183105469,45600,0.0,0.0
2023-02-14 00:00:00-05:00,44.970001220703125,45.630001068115234,44.720001220703125,45.0,48800,0.0,0.0
2023-02-15 00:00:00-05:00,44.810001373291016,45.33000183105469,44.25,45.040000915527344,44900,0.0,0.0
2023-02-16 00:00:00-05:00,44.540000915527344,44.790000915527344,42.58000183105469,42.81999969482422,65100,0.0,0.0
2023-02-17 00:00:00-05:00,43.040000915527344,43.7400016784668,42.66999816894531,43.08000183105469,37500,0.0,0.0
2023-02-21 00:00:00-05:00,43.08000183105469,43.08000183105469,40.040000915527344,40.220001220703125,67700,0.0,0.0
2023-02-22 00:00:00-05:00,40.20000076293945,41.849998474121094,40.0,41.0099983215332,68600,0.0,0.0
2023-02-23 00:00:00-05:00,41.459999084472656,41.88999938964844,40.709999084472656,41.220001220703125,64800,0.0,0.0
2023-02-24 00:00:00-05:00,40.709999084472656,41.349998474121094,40.08000183105469,41.130001068115234,54900,0.0,0.0
2023-02-27 00:00:00-05:00,41.38999938964844,42.70000076293945,41.22999954223633,41.83000183105469,44300,0.0,0.0
2023-02-28 00:00:00-05:00,41.540000915527344,42.209999084472656,41.25,41.84000015258789,64000,0.0,0.0
2023-03-01 00:00:00-05:00,43.18000030517578,44.02000045776367,42.5,43.81999969482422,47300,0.0,0.0
2023-03-02 00:00:00-05:00,44.15999984741211,44.790000915527344,43.5099983215332,44.400001525878906,47800,0.0,0.0
2023-03-03 00:00:00-05:00,44.599998474121094,45.70000076293945,44.310001373291016,45.459999084472656,61300,0.0,0.0
2023-03-06 00:00:00-05:00,45.52000045776367,45.70000076293945,43.7599983215332,44.43000030517578,66300,0.0,0.0
2023-03-07 00:00:00-05:00,44.5099983215332,44.810001373291016,43.11000061035156,44.22999954223633,109800,0.0,0.0
2023-03-08 00:00:00-05:00,44.209999084472656,44.72999954223633,42.689998626708984,43.130001068115234,125700,0.0,0.0
2023-03-09 00:00:00-05:00,43.58000183105469,44.0099983215332,42.61000061035156,43.16999816894531,182700,0.0,0.0
2023-03-10 00:00:00-05:00,43.06999969482422,43.130001068115234,38.58000183105469,40.86000061035156,125500,0.0,0.0
2023-03-13 00:00:00-04:00,40.84000015258789,41.599998474121094,40.29999923706055,41.0099983215332,89400,0.0,0.0
2023-03-14 00:00:00-04:00,41.939998626708984,41.939998626708984,39.310001373291016,40.540000915527344,178800,0.0,0.0
2023-03-15 00:00:00-04:00,39.63999938964844,40.18000030517578,38.220001220703125,40.0099983215332,77200,0.0,0.0
2023-03-16 00:00:00-04:00,39.47999954223633,40.22999954223633,38.88999938964844,39.75,49900,0.0,0.0
2023-03-17 00:00:00-04:00,39.36000061035156,39.849998474121094,39.029998779296875,39.349998474121094,140800,0.0,0.0
2023-03-20 00:00:00-04:00,39.650001525878906,40.04999923706055,39.20000076293945,39.349998474121094,47400,0.0,0.0
2023-03-21 00:00:00-04:00,39.9900016784668,40.630001068115234,39.61000061035156,39.849998474121094,78300,0.0,0.0
2023-03-22 00:00:00-04:00,39.79999923706055,40.02000045776367,38.5099983215332,38.7599983215332,50000,0.0,0.0
2023-03-23 00:00:00-04:00,38.7599983215332,39.47999954223633,37.52000045776367,37.81999969482422,64300,0.0,0.0
2023-03-24 00:00:00-04:00,37.4900016784668,37.880001068115234,36.540000915527344,37.61000061035156,60300,0.0,0.0
2023-03-27 00:00:00-04:00,38.09000015258789,39.34000015258789,38.09000015258789,38.380001068115234,69200,0.0,0.0
2023-03-28 00:00:00-04:00,38.5,39.97999954223633,37.27000045776367,38.619998931884766,74000,0.0,0.0
2023-03-29 00:00:00-04:00,38.970001220703125,39.43000030517578,38.290000915527344,39.33000183105469,58700,0.0,0.0
2023-03-30 00:00:00-04:00,39.65999984741211,39.79999923706055,38.810001373291016,39.529998779296875,63500,0.0,0.0
2023-03-31 00:00:00-04:00,39.83000183105469,40.099998474121094,39.04999923706055,39.720001220703125,78500,0.0,0.0
2023-04-03 00:00:00-04:00,39.369998931884766,40.150001525878906,38.33000183105469,38.81999969482422,89500,0.0,0.0
2023-04-04 00:00:00-04:00,39.20000076293945,39.2599983215332,37.27000045776367,37.720001220703125,61200,0.0,0.0
2023-04-05 00:00:00-04:00,37.650001525878906,38.56999969482422,37.11000061035156,38.380001068115234,35700,0.0,0.0
2023-04-06 00:00:00-04:00,38.34000015258789,38.470001220703125,38.0,38.15999984741211,24700,0.0,0.0
2023-04-10 00:00:00-04:00,38.0099983215332,38.86000061035156,37.90999984741211,38.5,38900,0.0,0.0
2023-04-11 00:00:00-04:00,38.29999923706055,39.20000076293945,38.2599983215332,38.630001068115234,30700,0.0,0.0
2023-04-12 00:00:00-04:00,39.0,39.29999923706055,37.59000015258789,37.97999954223633,39200,0.0,0.0
2023-04-13 00:00:00-04:00,38.22999954223633,39.189998626708984,37.70000076293945,38.939998626708984,42500,0.0,0.0
2023-04-14 00:00:00-04:00,39.0099983215332,39.29999923706055,38.0,38.41999816894531,57600,0.0,0.0
2023-04-17 00:00:00-04:00,38.779998779296875,38.86000061035156,37.849998474121094,38.70000076293945,76500,0.0,0.0
2023-04-18 00:00:00-04:00,38.959999084472656,39.08000183105469,37.7400016784668,37.9900016784668,63400,0.0,0.0
2023-04-19 00:00:00-04:00,37.900001525878906,39.52000045776367,37.599998474121094,39.2599983215332,48900,0.0,0.0
2023-04-20 00:00:00-04:00,38.9900016784668,40.029998779296875,38.689998626708984,39.599998474121094,39400,0.0,0.0
2023-04-21 00:00:00-04:00,39.630001068115234,40.18000030517578,39.22999954223633,39.52000045776367,78800,0.0,0.0
2023-04-24 00:00:00-04:00,40.529998779296875,40.66999816894531,38.599998474121094,38.709999084472656,29100,0.0,0.0
2023-04-25 00:00:00-04:00,38.349998474121094,38.849998474121094,37.02000045776367,37.58000183105469,36100,0.0,0.0
2023-04-26 00:00:00-04:00,37.31999969482422,37.7599983215332,36.9900016784668,37.61000061035156,44800,0.0,0.0
2023-04-27 00:00:00-04:00,37.66999816894531,38.02000045776367,37.060001373291016,37.290000915527344,30300,0.0,0.0
2023-04-28 00:00:00-04:00,37.119998931884766,38.29999923706055,37.060001373291016,37.720001220703125,43900,0.0,0.0
2023-05-01 00:00:00-04:00,37.7400016784668,38.790000915527344,37.400001525878906,38.119998931884766,33300,0.0,0.0
2023-05-02 00:00:00-04:00,37.86000061035156,38.689998626708984,37.619998931884766,37.9900016784668,58800,0.0,0.0
2023-05-03 00:00:00-04:00,38.029998779296875,38.619998931884766,37.75,38.31999969482422,41400,0.0,0.0
2023-05-04 00:00:00-04:00,38.02000045776367,38.290000915527344,37.63999938964844,38.040000915527344,35800,0.0,0.0
2023-05-05 00:00:00-04:00,38.34000015258789,39.47999954223633,37.869998931884766,39.13999938964844,51000,0.0,0.0
2023-05-08 00:00:00-04:00,48.470001220703125,52.22999954223633,42.400001525878906,42.58000183105469,405700,0.0,0.0
2023-05-09 00:00:00-04:00,43.83000183105469,46.06999969482422,42.959999084472656,44.40999984741211,159200,0.0,0.0
2023-05-10 00:00:00-04:00,44.40999984741211,45.0,42.709999084472656,43.779998779296875,128900,0.0,0.0
2023-05-11 00:00:00-04:00,43.650001525878906,44.63999938964844,43.43000030517578,43.95000076293945,53300,0.0,0.0
2023-05-12 00:00:00-04:00,40.61000061035156,41.97999954223633,38.90999984741211,41.66999816894531,1192000,0.0,0.0
2023-05-15 00:00:00-04:00,41.91999816894531,43.279998779296875,40.0,40.880001068115234,235700,0.0,0.0
2023-05-16 00:00:00-04:00,40.54999923706055,44.939998626708984,40.54999923706055,44.279998779296875,240500,0.0,0.0
2023-05-17 00:00:00-04:00,44.540000915527344,45.18000030517578,43.31999969482422,44.5,206500,0.0,0.0
2023-05-18 00:00:00-04:00,44.540000915527344,46.4900016784668,44.06999969482422,46.40999984741211,153500,0.0,0.0
2023-05-19 00:00:00-04:00,45.970001220703125,46.959999084472656,45.5,45.970001220703125,117500,0.0,0.0
2023-05-22 00:00:00-04:00,46.060001373291016,46.5,45.02000045776367,46.290000915527344,114600,0.0,0.0
2023-05-23 00:00:00-04:00,46.290000915527344,46.86000061035156,45.959999084472656,46.68000030517578,216300,0.0,0.0
2023-05-24 00:00:00-04:00,46.27000045776367,46.939998626708984,45.61000061035156,46.65999984741211,164600,0.0,0.0
2023-05-25 00:00:00-04:00,46.630001068115234,46.630001068115234,45.220001220703125,46.150001525878906,102500,0.0,0.0
2023-05-26 00:00:00-04:00,46.08000183105469,46.95000076293945,45.93000030517578,46.150001525878906,74600,0.0,0.0
2023-05-30 00:00:00-04:00,46.20000076293945,46.70000076293945,44.880001068115234,44.95000076293945,63800,0.0,0.0
2023-05-31 00:00:00-04:00,44.810001373291016,45.70000076293945,44.27000045776367,45.13999938964844,90000,0.0,0.0
2023-06-01 00:00:00-04:00,45.060001373291016,46.689998626708984,44.65999984741211,46.41999816894531,148600,0.0,0.0
2023-06-02 00:00:00-04:00,46.790000915527344,48.040000915527344,46.130001068115234,48.0,165700,0.0,0.0
2023-06-05 00:00:00-04:00,47.7400016784668,48.95000076293945,47.439998626708984,48.400001525878906,121400,0.0,0.0
2023-06-06 00:00:00-04:00,48.52000045776367,49.31999969482422,48.52000045776367,48.95000076293945,147000,0.0,0.0
2023-06-07 00:00:00-04:00,49.20000076293945,49.869998931884766,48.650001525878906,49.400001525878906,121300,0.0,0.0
2023-06-08 00:00:00-04:00,49.209999084472656,49.880001068115234,48.959999084472656,49.86000061035156,68000,0.0,0.0
2023-06-09 00:00:00-04:00,49.689998626708984,49.9900016784668,49.209999084472656,49.4900016784668,52400,0.0,0.0
2023-06-12 00:00:00-04:00,49.75,50.279998779296875,49.31999969482422,49.650001525878906,94700,0.0,0.0
2023-06-13 00:00:00-04:00,49.56999969482422,50.650001525878906,49.5099983215332,49.66999816894531,92500,0.0,0.0
2023-06-14 00:00:00-04:00,49.79999923706055,49.84000015258789,49.099998474121094,49.66999816894531,101700,0.0,0.0
2023-06-15 00:00:00-04:00,49.5,51.25,49.470001220703125,50.709999084472656,133500,0.0,0.0
2023-06-16 00:00:00-04:00,51.16999816894531,52.0,50.70000076293945,51.349998474121094,535200,0.0,0.0
2023-06-20 00:00:00-04:00,51.130001068115234,52.79999923706055,50.630001068115234,52.66999816894531,163300,0.0,0.0
2023-06-21 00:00:00-04:00,52.560001373291016,52.66999816894531,51.0,52.119998931884766,103300,0.0,0.0
2023-06-22 00:00:00-04:00,51.84000015258789,51.84000015258789,50.810001373291016,51.540000915527344,148600,0.0,0.0
2023-06-23 00:00:00-04:00,51.099998474121094,52.08000183105469,50.939998626708984,51.72999954223633,510000,0.0,0.0
2023-06-26 00:00:00-04:00,51.41999816894531,53.5,51.33000183105469,53.16999816894531,163400,0.0,0.0
2023-06-27 00:00:00-04:00,53.5,53.849998474121094,52.43000030517578,53.349998474121094,104900,0.0,0.0
2023-06-28 00:00:00-04:00,53.31999969482422,53.86000061035156,52.7400016784668,53.150001525878906,105500,0.0,0.0
2023-06-29 00:00:00-04:00,53.08000183105469,54.0,52.869998931884766,53.5099983215332,64500,0.0,0.0
2023-06-30 00:00:00-04:00,53.84000015258789,54.619998931884766,53.400001525878906,53.83000183105469,127400,0.0,0.0
2023-07-03 00:00:00-04:00,53.52000045776367,54.29999923706055,52.7599983215332,54.02000045776367,103600,0.0,0.0
2023-07-05 00:00:00-04:00,53.90999984741211,54.369998931884766,53.2599983215332,53.459999084472656,69600,0.0,0.0
2023-07-06 00:00:00-04:00,53.22999954223633,53.56999969482422,52.22999954223633,53.5,83200,0.0,0.0
2023-07-07 00:00:00-04:00,53.40999984741211,53.93000030517578,51.97999954223633,52.029998779296875,106800,0.0,0.0
2023-07-10 00:00:00-04:00,52.0099983215332,52.189998626708984,50.650001525878906,51.130001068115234,124800,0.0,0.0
2023-07-11 00:00:00-04:00,51.13999938964844,51.529998779296875,50.369998931884766,51.29999923706055,114000,0.0,0.0
2023-07-12 00:00:00-04:00,51.61000061035156,51.880001068115234,51.060001373291016,51.119998931884766,61800,0.0,0.0
2023-07-13 00:00:00-04:00,51.2400016784668,51.34000015258789,50.470001220703125,50.54999923706055,55500,0.0,0.0
2023-07-14 00:00:00-04:00,50.52000045776367,50.869998931884766,49.97999954223633,50.279998779296875,92600,0.0,0.0
2023-07-17 00:00:00-04:00,50.349998474121094,51.75,49.77000045776367,51.34000015258789,102400,0.0,0.0
2023-07-18 00:00:00-04:00,51.619998931884766,52.5099983215332,51.45000076293945,51.88999938964844,80200,0.0,0.0
2023-07-19 00:00:00-04:00,51.7599983215332,52.279998779296875,50.95000076293945,51.5,69300,0.0,0.0
2023-07-20 00:00:00-04:00,51.4900016784668,52.08000183105469,51.0,51.68000030517578,68500,0.0,0.0
2023-07-21 00:00:00-04:00,52.099998474121094,53.5,52.099998474121094,52.189998626708984,82400,0.0,0.0
2023-07-24 00:00:00-04:00,52.40999984741211,53.599998474121094,52.40999984741211,52.790000915527344,77400,0.0,0.0
2023-07-25 00:00:00-04:00,52.810001373291016,53.2599983215332,52.529998779296875,52.7599983215332,78800,0.0,0.0
2023-07-26 00:00:00-04:00,52.68000030517578,52.939998626708984,51.88999938964844,52.189998626708984,59700,0.0,0.0
2023-07-27 00:00:00-04:00,52.56999969482422,52.66999816894531,51.27000045776367,51.540000915527344,55500,0.0,0.0
2023-07-28 00:00:00-04:00,51.790000915527344,52.65999984741211,51.75,52.36000061035156,49500,0.0,0.0
2023-07-31 00:00:00-04:00,52.59000015258789,53.5099983215332,52.02000045776367,52.54999923706055,65500,0.0,0.0
2023-08-01 00:00:00-04:00,52.33000183105469,52.58000183105469,50.52000045776367,50.779998779296875,104000,0.0,0.0
2023-08-02 00:00:00-04:00,50.45000076293945,51.43000030517578,50.130001068115234,51.130001068115234,67900,0.0,0.0
2023-08-03 00:00:00-04:00,51.099998474121094,52.97999954223633,50.869998931884766,52.18000030517578,90500,0.0,0.0
2023-08-04 00:00:00-04:00,52.45000076293945,53.83000183105469,52.09000015258789,53.77000045776367,80300,0.0,0.0
2023-08-07 00:00:00-04:00,53.56999969482422,54.650001525878906,52.790000915527344,53.77000045776367,73800,0.0,0.0
2023-08-08 00:00:00-04:00,53.59000015258789,56.470001220703125,53.279998779296875,55.93000030517578,148500,0.0,0.0
2023-08-09 00:00:00-04:00,61.04999923706055,63.099998474121094,58.0,61.08000183105469,346400,0.0,0.0
2023-08-10 00:00:00-04:00,61.83000183105469,62.5,58.38999938964844,60.619998931884766,132100,0.0,0.0
2023-08-11 00:00:00-04:00,60.56999969482422,62.91999816894531,57.75,62.650001525878906,295400,0.0,0.0
2023-08-14 00:00:00-04:00,62.58000183105469,62.58000183105469,60.119998931884766,61.099998474121094,175700,0.0,0.0
2023-08-15 00:00:00-04:00,60.97999954223633,62.61000061035156,60.25,61.88999938964844,165400,0.0,0.0
2023-08-16 00:00:00-04:00,61.61000061035156,61.77000045776367,59.290000915527344,59.400001525878906,464400,0.0,0.0
2023-08-17 00:00:00-04:00,59.310001373291016,62.2599983215332,59.310001373291016,59.939998626708984,359200,0.0,0.0
2023-08-18 00:00:00-04:00,59.619998931884766,60.029998779296875,58.349998474121094,59.689998626708984,281300,0.0,0.0
2023-08-21 00:00:00-04:00,58.900001525878906,62.0,58.900001525878906,61.209999084472656,480400,0.0,0.0
2023-08-22 00:00:00-04:00,61.59000015258789,62.869998931884766,61.029998779296875,62.5,188700,0.0,0.0
2023-08-23 00:00:00-04:00,62.86000061035156,64.08999633789062,62.16999816894531,63.79999923706055,254200,0.0,0.0
2023-08-24 00:00:00-04:00,63.84000015258789,64.55999755859375,62.7400016784668,63.349998474121094,144000,0.0,0.0
2023-08-25 00:00:00-04:00,63.5,64.0999984741211,62.650001525878906,63.810001373291016,120000,0.0,0.0
2023-08-28 00:00:00-04:00,64.26000213623047,64.8499984741211,62.56999969482422,62.75,168000,0.0,0.0
2023-08-29 00:00:00-04:00,62.720001220703125,63.91999816894531,62.5,63.54999923706055,397600,0.0,0.0
2023-08-30 00:00:00-04:00,63.5,64.7300033569336,63.08000183105469,64.61000061035156,244200,0.0,0.0
2023-08-31 00:00:00-04:00,64.55999755859375,64.80999755859375,63.5,64.38999938964844,246600,0.0,0.0
2023-09-01 00:00:00-04:00,64.5,65.88999938964844,64.0999984741211,64.58000183105469,190100,0.0,0.0
2023-09-05 00:00:00-04:00,64.56999969482422,64.83999633789062,62.529998779296875,62.81999969482422,173900,0.0,0.0
2023-09-06 00:00:00-04:00,63.0,63.7400016784668,61.380001068115234,61.88999938964844,107600,0.0,0.0
2023-09-07 00:00:00-04:00,62.040000915527344,62.869998931884766,61.31999969482422,62.689998626708984,203800,0.0,0.0
2023-09-08 00:00:00-04:00,62.86000061035156,63.72999954223633,61.79999923706055,61.939998626708984,122200,0.0,0.0
2023-09-11 00:00:00-04:00,62.060001373291016,62.540000915527344,61.560001373291016,62.13999938964844,126500,0.0,0.0
2023-09-12 00:00:00-04:00,62.93000030517578,63.58000183105469,61.45000076293945,61.90999984741211,137600,0.0,0.0
2023-09-13 00:00:00-04:00,61.970001220703125,63.33000183105469,61.90999984741211,62.81999969482422,138500,0.0,0.0
2023-09-14 00:00:00-04:00,62.880001068115234,65.18000030517578,62.880001068115234,63.61000061035156,188300,0.0,0.0
2023-09-15 00:00:00-04:00,63.5,64.20999908447266,61.97999954223633,62.38999938964844,778100,0.0,0.0
2023-09-18 00:00:00-04:00,62.22999954223633,62.9900016784668,61.22999954223633,61.43000030517578,118600,0.0,0.0
2023-09-19 00:00:00-04:00,61.689998626708984,62.25,60.54999923706055,61.08000183105469,129800,0.0,0.0
2023-09-20 00:00:00-04:00,61.41999816894531,61.70000076293945,60.439998626708984,60.529998779296875,82900,0.0,0.0
2023-09-21 00:00:00-04:00,60.459999084472656,60.529998779296875,58.91999816894531,59.33000183105469,151300,0.0,0.0
2023-09-22 00:00:00-04:00,59.400001525878906,59.7599983215332,58.349998474121094,58.52000045776367,106600,0.0,0.0
2023-09-25 00:00:00-04:00,58.709999084472656,58.90999984741211,57.540000915527344,58.189998626708984,98500,0.0,0.0
2023-09-26 00:00:00-04:00,58.04999923706055,58.869998931884766,57.599998474121094,58.59000015258789,95700,0.0,0.0
2023-09-27 00:00:00-04:00,58.720001220703125,60.599998474121094,58.720001220703125,60.22999954223633,93400,0.0,0.0
2023-09-28 00:00:00-04:00,60.099998474121094,60.66999816894531,58.7400016784668,58.88999938964844,103900,0.0,0.0
2023-09-29 00:00:00-04:00,59.060001373291016,59.279998779296875,57.95000076293945,58.060001373291016,149400,0.0,0.0
2023-10-02 00:00:00-04:00,57.65999984741211,57.65999984741211,55.900001525878906,56.869998931884766,230400,0.0,0.0
2023-10-03 00:00:00-04:00,56.56999969482422,56.970001220703125,55.54999923706055,56.5,81000,0.0,0.0
2023-10-04 00:00:00-04:00,56.400001525878906,58.13999938964844,56.279998779296875,57.4900016784668,92500,0.0,0.0
2023-10-05 00:00:00-04:00,57.56999969482422,59.0099983215332,57.56999969482422,58.630001068115234,103100,0.0,0.0
2023-10-06 00:00:00-04:00,58.5099983215332,59.4900016784668,57.68000030517578,58.38999938964844,104400,0.0,0.0
2023-10-09 00:00:00-04:00,58.529998779296875,59.5,58.0,58.06999969482422,94400,0.0,0.0
2023-10-10 00:00:00-04:00,58.0,59.13999938964844,58.0,59.13999938964844,205400,0.0,0.0
2023-10-11 00:00:00-04:00,59.119998931884766,60.2599983215332,58.83000183105469,60.22999954223633,115700,0.0,0.0
2023-10-12 00:00:00-04:00,59.880001068115234,60.66999816894531,57.290000915527344,57.939998626708984,154100,0.0,0.0
2023-10-13 00:00:00-04:00,58.0,58.93000030517578,57.20000076293945,57.65999984741211,193400,0.0,0.0
2023-10-16 00:00:00-04:00,57.75,58.97999954223633,57.75,58.58000183105469,145900,0.0,0.0
2023-10-17 00:00:00-04:00,58.38999938964844,59.59000015258789,58.029998779296875,58.36000061035156,144100,0.0,0.0
2023-10-18 00:00:00-04:00,57.779998779296875,58.52000045776367,57.040000915527344,57.38999938964844,115400,0.0,0.0
2023-10-19 00:00:00-04:00,57.209999084472656,59.0,56.5,57.310001373291016,170600,0.0,0.0
2023-10-20 00:00:00-04:00,57.63999938964844,58.81999969482422,57.20000076293945,57.439998626708984,100900,0.0,0.0
2023-10-23 00:00:00-04:00,57.11000061035156,57.88999938964844,56.61000061035156,56.86000061035156,127900,0.0,0.0
2023-10-24 00:00:00-04:00,57.029998779296875,58.31999969482422,56.529998779296875,58.08000183105469,75900,0.0,0.0
2023-10-25 00:00:00-04:00,57.7400016784668,59.119998931884766,57.54999923706055,58.9900016784668,95500,0.0,0.0
2023-10-26 00:00:00-04:00,58.9900016784668,61.59000015258789,58.9900016784668,60.47999954223633,278700,0.0,0.0
2023-10-27 00:00:00-04:00,60.279998779296875,60.279998779296875,58.400001525878906,58.880001068115234,177500,0.0,0.0
2023-10-30 00:00:00-04:00,59.52000045776367,60.5,58.72999954223633,60.5,83600,0.0,0.0
2023-10-31 00:00:00-04:00,60.43000030517578,62.119998931884766,59.900001525878906,61.7400016784668,108600,0.0,0.0
2023-11-01 00:00:00-04:00,61.5099983215332,62.5099983215332,60.95000076293945,61.65999984741211,109800,0.0,0.0
2023-11-02 00:00:00-04:00,62.060001373291016,63.150001525878906,61.540000915527344,62.560001373291016,126800,0.0,0.0
2023-11-03 00:00:00-04:00,63.33000183105469,65.5,62.810001373291016,65.43000030517578,201600,0.0,0.0
2023-11-06 00:00:00-05:00,65.81999969482422,65.81999969482422,62.7400016784668,62.95000076293945,129800,0.0,0.0
2023-11-07 00:00:00-05:00,62.95000076293945,64.25,62.880001068115234,63.63999938964844,133500,0.0,0.0
2023-11-08 00:00:00-05:00,60.9900016784668,60.9900016784668,52.08000183105469,54.31999969482422,962200,0.0,0.0
2023-11-09 00:00:00-05:00,54.970001220703125,55.099998474121094,51.33000183105469,52.25,269800,0.0,0.0
2023-11-10 00:00:00-05:00,52.279998779296875,53.400001525878906,51.09000015258789,52.15999984741211,237300,0.0,0.0
2023-11-13 00:00:00-05:00,52.029998779296875,52.7400016784668,51.29999923706055,51.650001525878906,182100,0.0,0.0
2023-11-14 00:00:00-05:00,52.72999954223633,54.09000015258789,51.77000045776367,53.220001220703125,277600,0.0,0.0
2023-11-15 00:00:00-05:00,52.959999084472656,54.290000915527344,52.25,52.29999923706055,154400,0.0,0.0
2023-11-16 00:00:00-05:00,52.16999816894531,52.720001220703125,51.130001068115234,51.25,97700,0.0,0.0
2023-11-17 00:00:00-05:00,51.43000030517578,52.02000045776367,50.56999969482422,51.38999938964844,167200,0.0,0.0
2023-11-20 00:00:00-05:00,51.36000061035156,52.220001220703125,51.0,51.29999923706055,211900,0.0,0.0
2023-11-21 00:00:00-05:00,51.31999969482422,52.13999938964844,50.77000045776367,51.810001373291016,131000,0.0,0.0
2023-11-22 00:00:00-05:00,52.29999923706055,53.5,51.0099983215332,51.709999084472656,140900,0.0,0.0
2023-11-24 00:00:00-05:00,51.65999984741211,52.40999984741211,51.459999084472656,51.849998474121094,79500,0.0,0.0
2023-11-27 00:00:00-05:00,51.65999984741211,52.27000045776367,51.09000015258789,51.09000015258789,232600,0.0,0.0
2023-11-28 00:00:00-05:00,51.06999969482422,51.5,49.720001220703125,50.31999969482422,142400,0.0,0.0
2023-11-29 00:00:00-05:00,50.529998779296875,51.220001220703125,49.20000076293945,49.27000045776367,80000,0.0,0.0
2023-11-30 00:00:00-05:00,49.47999954223633,50.380001068115234,49.25,49.810001373291016,208800,0.0,0.0
2023-12-01 00:00:00-05:00,49.61000061035156,51.09000015258789,49.61000061035156,50.56999969482422,160800,0.0,0.0
2023-12-04 00:00:00-05:00,50.40999984741211,51.5,49.900001525878906,50.06999969482422,188500,0.0,0.0
2023-12-05 00:00:00-05:00,50.11000061035156,50.2599983215332,49.08000183105469,49.959999084472656,153800,0.0,0.0
2023-12-06 00:00:00-05:00,50.18000030517578,50.5099983215332,48.38999938964844,48.720001220703125,133000,0.0,0.0
2023-12-07 00:00:00-05:00,48.84000015258789,49.400001525878906,48.41999816894531,48.72999954223633,129600,0.0,0.0
2023-12-08 00:00:00-05:00,48.470001220703125,49.130001068115234,48.20000076293945,48.939998626708984,205200,0.0,0.0
2023-12-11 00:00:00-05:00,49.209999084472656,50.650001525878906,48.560001373291016,50.29999923706055,134700,0.0,0.0
2023-12-12 00:00:00-05:00,50.27000045776367,51.650001525878906,49.279998779296875,51.599998474121094,126400,0.0,0.0
2023-12-13 00:00:00-05:00,51.88999938964844,52.70000076293945,51.2400016784668,52.59000015258789,233200,0.0,0.0
2023-12-14 00:00:00-05:00,53.119998931884766,53.9900016784668,51.95000076293945,52.900001525878906,209200,0.0,0.0
2023-12-15 00:00:00-05:00,52.900001525878906,53.20000076293945,51.790000915527344,52.90999984741211,545300,0.0,0.0
2023-12-18 00:00:00-05:00,52.880001068115234,53.310001373291016,51.880001068115234,52.45000076293945,150400,0.0,0.0
2023-12-19 00:00:00-05:00,52.790000915527344,53.5,52.41999816894531,52.7400016784668,238400,0.0,0.0
2023-12-20 00:00:00-05:00,52.52000045776367,52.779998779296875,52.09000015258789,52.33000183105469,198800,0.0,0.0
2023-12-21 00:00:00-05:00,52.86000061035156,53.5,52.470001220703125,53.130001068115234,104500,0.0,0.0
2023-12-22 00:00:00-05:00,53.119998931884766,53.7599983215332,52.0,53.43000030517578,201800,0.0,0.0
2023-12-26 00:00:00-05:00,53.95000076293945,55.38999938964844,53.45000076293945,55.310001373291016,111100,0.0,0.0
2023-12-27 00:00:00-05:00,55.369998931884766,55.59000015258789,54.540000915527344,55.119998931884766,106400,0.0,0.0
2023-12-28 00:00:00-05:00,55.20000076293945,55.52000045776367,54.66999816894531,54.81999969482422,54000,0.0,0.0
2023-12-29 00:00:00-05:00,54.689998626708984,55.52000045776367,54.279998779296875,55.13999938964844,241400,0.0,0.0
2024-01-02 00:00:00-05:00,54.810001373291016,57.25,54.349998474121094,57.189998626708984,163100,0.0,0.0
2024-01-03 00:00:00-05:00,56.70000076293945,57.34000015258789,55.0099983215332,56.18000030517578,221200,0.0,0.0
2024-01-04 00:00:00-05:00,56.38999938964844,56.9900016784668,55.52000045776367,56.130001068115234,159600,0.0,0.0
2024-01-05 00:00:00-05:00,55.59000015258789,57.439998626708984,55.15999984741211,56.77000045776367,143000,0.0,0.0
2024-01-08 00:00:00-05:00,56.5,56.90999984741211,56.0,56.81999969482422,81900,0.0,0.0
2024-01-09 00:00:00-05:00,56.560001373291016,56.810001373291016,55.380001068115234,55.77000045776367,142700,0.0,0.0
2024-01-10 00:00:00-05:00,55.77000045776367,56.88999938964844,55.209999084472656,56.599998474121094,100000,0.0,0.0
2024-01-11 00:00:00-05:00,56.130001068115234,56.900001525878906,54.9900016784668,55.790000915527344,101400,0.0,0.0
2024-01-12 00:00:00-05:00,56.43000030517578,57.22999954223633,55.810001373291016,56.7400016784668,68900,0.0,0.0
2024-01-16 00:00:00-05:00,56.709999084472656,56.709999084472656,53.470001220703125,55.40999984741211,86000,0.0,0.0
2024-01-17 00:00:00-05:00,54.75,55.61000061035156,54.59000015258789,55.599998474121094,111700,0.0,0.0
2024-01-18 00:00:00-05:00,55.29999923706055,55.849998474121094,54.70000076293945,55.59000015258789,81700,0.0,0.0
2024-01-19 00:00:00-05:00,55.790000915527344,55.91999816894531,55.02000045776367,55.40999984741211,67400,0.0,0.0
2024-01-22 00:00:00-05:00,55.72999954223633,56.2599983215332,55.54999923706055,56.16999816894531,79100,0.0,0.0
2024-01-23 00:00:00-05:00,56.209999084472656,57.150001525878906,55.72999954223633,56.619998931884766,104800,0.0,0.0
2024-01-24 00:00:00-05:00,56.849998474121094,56.849998474121094,55.18000030517578,55.20000076293945,81900,0.0,0.0
2024-01-25 00:00:00-05:00,55.869998931884766,56.529998779296875,53.900001525878906,54.29999923706055,90300,0.0,0.0
2024-01-26 00:00:00-05:00,54.849998474121094,54.880001068115234,53.9900016784668,54.63999938964844,74700,0.0,0.0
2024-01-29 00:00:00-05:00,54.38999938964844,55.18000030517578,53.689998626708984,55.02000045776367,96100,0.0,0.0
2024-01-30 00:00:00-05:00,54.95000076293945,54.95000076293945,53.70000076293945,54.20000076293945,114100,0.0,0.0
2024-01-31 00:00:00-05:00,54.529998779296875,56.81999969482422,54.5,55.81999969482422,90200,0.0,0.0
2024-02-01 00:00:00-05:00,55.66999816894531,56.5099983215332,54.38999938964844,56.5099983215332,123800,0.0,0.0
2024-02-02 00:00:00-05:00,55.790000915527344,55.869998931884766,54.84000015258789,55.41999816894531,83700,0.0,0.0
2024-02-05 00:00:00-05:00,55.08000183105469,56.33000183105469,55.02000045776367,56.040000915527344,105500,0.0,0.0
2024-02-06 00:00:00-05:00,55.70000076293945,57.25,55.470001220703125,56.869998931884766,60300,0.0,0.0
2024-02-07 00:00:00-05:00,56.68000030517578,56.70000076293945,55.88999938964844,56.029998779296875,47900,0.0,0.0
2024-02-08 00:00:00-05:00,55.9900016784668,56.540000915527344,55.22999954223633,55.90999984741211,54100,0.0,0.0
2024-02-09 00:00:00-05:00,56.11000061035156,56.5099983215332,55.43000030517578,56.5099983215332,59500,0.0,0.0
2024-02-12 00:00:00-05:00,56.36000061035156,57.2599983215332,56.11000061035156,57.029998779296875,63000,0.0,0.0
2024-02-13 00:00:00-05:00,56.040000915527344,57.20000076293945,54.619998931884766,55.02000045776367,80200,0.0,0.0
2024-02-14 00:00:00-05:00,55.43000030517578,56.689998626708984,55.400001525878906,56.099998474121094,59700,0.0,0.0
2024-02-15 00:00:00-05:00,56.31999969482422,57.56999969482422,56.31999969482422,57.54999923706055,85000,0.0,0.0
2024-02-16 00:00:00-05:00,57.97999954223633,59.720001220703125,57.630001068115234,59.720001220703125,78900,0.0,0.0
2024-02-20 00:00:00-05:00,59.630001068115234,60.31999969482422,57.970001220703125,58.369998931884766,92200,0.0,0.0
2024-02-21 00:00:00-05:00,58.41999816894531,58.41999816894531,57.290000915527344,57.630001068115234,76100,0.0,0.0
2024-02-22 00:00:00-05:00,57.38999938964844,58.59000015258789,57.04999923706055,58.150001525878906,78000,0.0,0.0
2024-02-23 00:00:00-05:00,58.099998474121094,59.25,57.58000183105469,59.130001068115234,73700,0.0,0.0
2024-02-26 00:00:00-05:00,59.130001068115234,61.47999954223633,59.130001068115234,60.25,144000,0.0,0.0
2024-02-27 00:00:00-05:00,60.130001068115234,60.810001373291016,59.560001373291016,59.939998626708984,102200,0.0,0.0
2024-02-28 00:00:00-05:00,59.61000061035156,60.81999969482422,58.959999084472656,60.279998779296875,114900,0.0,0.0
2024-02-29 00:00:00-05:00,64.5,70.5,63.66999816894531,67.66999816894531,804700,0.0,0.0
2024-03-01 00:00:00-05:00,68.23999786376953,69.20999908447266,65.79000091552734,67.16999816894531,226800,0.0,0.0
2024-03-04 00:00:00-05:00,67.0,67.75,64.9800033569336,66.41999816894531,215400,0.0,0.0
2024-03-05 00:00:00-05:00,66.58999633789062,66.77999877929688,64.44999694824219,65.33999633789062,132300,0.0,0.0
2024-03-06 00:00:00-05:00,66.04000091552734,66.25,64.70999908447266,65.80999755859375,160800,0.0,0.0
2024-03-07 00:00:00-05:00,66.56999969482422,67.12999725341797,65.52999877929688,66.70999908447266,195300,0.0,0.0
2024-03-08 00:00:00-05:00,67.18000030517578,67.91000366210938,66.41999816894531,67.41999816894531,176900,0.0,0.0
2024-03-11 00:00:00-04:00,66.20999908447266,66.76000213623047,65.08000183105469,66.12999725341797,268300,0.0,0.0
2024-03-12 00:00:00-04:00,65.75,67.3499984741211,65.5,66.54000091552734,228200,0.0,0.0
2024-03-13 00:00:00-04:00,66.54000091552734,67.9800033569336,65.68000030517578,66.2300033569336,178700,0.0,0.0
2024-03-14 00:00:00-04:00,65.91999816894531,66.79000091552734,65.5,66.05000305175781,107400,0.0,0.0
2024-03-15 00:00:00-04:00,65.88999938964844,67.33999633789062,65.5,66.0,332100,0.0,0.0
2024-03-18 00:00:00-04:00,66.04000091552734,67.88999938964844,65.81999969482422,67.62000274658203,209000,0.0,0.0
2024-03-19 00:00:00-04:00,67.1500015258789,68.66999816894531,67.13999938964844,67.87000274658203,212200,0.0,0.0
2024-03-20 00:00:00-04:00,67.58000183105469,68.93000030517578,67.58000183105469,68.16000366210938,112700,0.0,0.0
2024-03-21 00:00:00-04:00,68.58000183105469,69.45999908447266,68.33000183105469,69.31999969482422,188300,0.0,0.0
2024-03-22 00:00:00-04:00,69.93000030517578,70.45999908447266,69.36000061035156,69.58000183105469,145900,0.0,0.0
2024-03-25 00:00:00-04:00,70.80999755859375,70.80999755859375,69.0,69.5999984741211,117900,0.0,0.0
2024-03-26 00:00:00-04:00,69.62999725341797,70.20999908447266,69.0999984741211,69.55000305175781,90400,0.0,0.0
2024-03-27 00:00:00-04:00,69.8499984741211,70.30999755859375,69.48999786376953,69.69000244140625,110800,0.0,0.0
2024-03-28 00:00:00-04:00,69.69000244140625,70.05000305175781,69.0,69.12999725341797,252200,0.0,0.0
2024-04-01 00:00:00-04:00,69.0199966430664,69.0199966430664,66.5,67.87000274658203,203900,0.0,0.0
2024-04-02 00:00:00-04:00,67.4800033569336,67.4800033569336,66.47000122070312,66.72000122070312,173600,0.0,0.0
2024-04-03 00:00:00-04:00,66.58999633789062,67.3499984741211,66.47000122070312,67.23999786376953,177300,0.0,0.0
2024-04-04 00:00:00-04:00,67.68000030517578,68.31999969482422,66.94000244140625,67.94000244140625,160100,0.0,0.0
2024-04-05 00:00:00-04:00,68.0,68.4000015258789,67.30999755859375,67.6500015258789,203200,0.0,0.0
2024-04-08 00:00:00-04:00,68.38999938964844,68.38999938964844,67.1500015258789,67.58999633789062,117700,0.0,0.0
2024-04-09 00:00:00-04:00,67.37000274658203,67.5999984741211,66.75,67.05000305175781,152800,0.0,0.0
2024-04-10 00:00:00-04:00,66.0999984741211,67.0999984741211,65.5199966430664,66.95999908447266,171000,0.0,0.0
2024-04-11 00:00:00-04:00,67.41999816894531,68.12000274658203,66.63999938964844,68.11000061035156,136600,0.0,0.0
2024-04-12 00:00:00-04:00,67.79000091552734,68.16999816894531,66.41000366210938,66.87999725341797,95000,0.0,0.0
2024-04-15 00:00:00-04:00,66.83000183105469,67.30999755859375,65.6500015258789,66.30000305175781,111900,0.0,0.0
2024-04-16 00:00:00-04:00,66.0999984741211,66.58000183105469,65.5199966430664,65.55999755859375,99000,0.0,0.0
2024-04-17 00:00:00-04:00,65.55999755859375,66.05999755859375,65.0199966430664,65.4800033569336,123200,0.0,0.0
2024-04-18 00:00:00-04:00,65.30000305175781,65.97000122070312,64.43000030517578,64.58000183105469,184200,0.0,0.0
2024-04-19 00:00:00-04:00,64.19999694824219,65.77999877929688,64.19999694824219,65.4800033569336,207300,0.0,0.0
2024-04-22 00:00:00-04:00,65.9800033569336,66.37000274658203,65.18000030517578,65.62000274658203,95300,0.0,0.0
2024-04-23 00:00:00-04:00,65.9000015258789,66.9000015258789,65.51000213623047,66.13999938964844,85900,0.0,0.0
2024-04-24 00:00:00-04:00,66.02999877929688,66.19000244140625,65.1500015258789,65.43000030517578,83400,0.0,0.0
2024-04-25 00:00:00-04:00,65.05000305175781,65.27999877929688,64.29000091552734,64.94999694824219,82900,0.0,0.0
2024-04-26 00:00:00-04:00,64.83000183105469,65.5999984741211,64.68000030517578,65.36000061035156,67200,0.0,0.0
2024-04-29 00:00:00-04:00,65.33999633789062,65.75,65.01000213623047,65.5,75500,0.0,0.0
2024-04-30 00:00:00-04:00,65.4800033569336,66.5,64.91999816894531,66.0,114000,0.0,0.0
2024-05-01 00:00:00-04:00,65.91000366210938,67.30000305175781,65.68000030517578,66.5199966430664,124800,0.0,0.0
2024-05-02 00:00:00-04:00,66.95999908447266,67.87000274658203,66.77999877929688,67.11000061035156,126700,0.0,0.0
2024-05-03 00:00:00-04:00,67.72000122070312,67.93000030517578,66.6500015258789,67.25,108700,0.0,0.0
2024-05-06 00:00:00-04:00,67.38999938964844,67.9000015258789,67.02999877929688,67.36000061035156,116800,0.0,0.0
2024-05-07 00:00:00-04:00,67.41999816894531,67.73999786376953,66.69999694824219,66.72000122070312,149600,0.0,0.0
2024-05-08 00:00:00-04:00,66.61000061035156,67.37999725341797,65.27999877929688,65.62000274658203,161300,0.0,0.0
2024-05-09 00:00:00-04:00,65.94000244140625,66.70999908447266,65.5,65.87999725341797,187700,0.0,0.0
2024-05-10 00:00:00-04:00,70.0,70.0,64.05000305175781,68.05000305175781,305700,0.0,0.0
2024-05-13 00:00:00-04:00,67.69000244140625,69.5999984741211,67.23999786376953,67.33999633789062,140100,0.0,0.0
2024-05-14 00:00:00-04:00,67.5,67.97000122070312,65.43000030517578,66.02999877929688,155500,0.0,0.0
2024-05-15 00:00:00-04:00,66.12999725341797,66.56999969482422,64.5999984741211,64.81999969482422,150900,0.0,0.0
2024-05-16 00:00:00-04:00,64.9000015258789,64.9000015258789,63.22999954223633,63.77000045776367,132100,0.0,0.0
2024-05-17 00:00:00-04:00,63.86000061035156,64.51000213623047,61.279998779296875,61.43000030517578,153400,0.0,0.0
2024-05-20 00:00:00-04:00,61.5,62.47999954223633,61.31999969482422,61.72999954223633,140900,0.0,0.0
2024-05-21 00:00:00-04:00,61.61000061035156,62.459999084472656,61.13999938964844,61.709999084472656,89200,0.0,0.0
2024-05-22 00:00:00-04:00,61.599998474121094,62.70000076293945,61.369998931884766,61.65999984741211,98600,0.0,0.0
2024-05-23 00:00:00-04:00,61.61000061035156,61.779998779296875,59.439998626708984,60.36000061035156,116100,0.0,0.0
2024-05-24 00:00:00-04:00,60.18000030517578,61.88999938964844,60.029998779296875,61.31999969482422,93900,0.0,0.0
2024-05-28 00:00:00-04:00,61.720001220703125,63.5,61.66999816894531,63.22999954223633,158200,0.0,0.0
2024-05-29 00:00:00-04:00,62.58000183105469,63.70000076293945,61.7400016784668,63.08000183105469,154100,0.0,0.0
2024-05-30 00:00:00-04:00,63.459999084472656,64.11000061035156,62.790000915527344,63.459999084472656,70200,0.0,0.0
2024-05-31 00:00:00-04:00,63.619998931884766,64.95999908447266,63.11000061035156,64.9000015258789,175100,0.0,0.0
2024-06-03 00:00:00-04:00,64.91000366210938,65.48999786376953,63.290000915527344,63.439998626708984,202200,0.0,0.0
2024-06-04 00:00:00-04:00,63.099998474121094,64.88999938964844,62.27000045776367,64.76000213623047,128400,0.0,0.0
2024-06-05 00:00:00-04:00,64.91000366210938,67.2699966430664,64.36000061035156,67.0,196400,0.0,0.0
2024-06-06 00:00:00-04:00,66.61000061035156,69.08999633789062,66.61000061035156,68.81999969482422,222900,0.0,0.0
2024-06-07 00:00:00-04:00,68.55999755859375,68.68000030517578,66.5199966430664,66.73999786376953,303900,0.0,0.0
2024-06-10 00:00:00-04:00,65.68000030517578,65.80000305175781,64.18000030517578,64.9800033569336,196600,0.0,0.0
2024-06-11 00:00:00-04:00,64.5999984741211,65.16999816894531,63.4900016784668,64.93000030517578,143500,0.0,0.0
2024-06-12 00:00:00-04:00,65.73999786376953,66.51000213623047,63.43000030517578,64.20999908447266,133800,0.0,0.0
2024-06-13 00:00:00-04:00,63.79999923706055,64.58000183105469,62.56999969482422,63.2400016784668,135700,0.0,0.0
2024-06-14 00:00:00-04:00,62.72999954223633,63.119998931884766,62.04999923706055,62.619998931884766,91800,0.0,0.0
2024-06-17 00:00:00-04:00,62.54999923706055,62.66999816894531,60.689998626708984,61.779998779296875,108900,0.0,0.0
2024-06-18 00:00:00-04:00,61.81999969482422,62.36000061035156,60.33000183105469,60.7400016784668,156900,0.0,0.0
2024-06-20 00:00:00-04:00,60.189998626708984,60.72999954223633,59.29999923706055,59.38999938964844,169000,0.0,0.0
2024-06-21 00:00:00-04:00,59.47999954223633,59.869998931884766,58.43000030517578,58.529998779296875,325400,0.0,0.0
2024-06-24 00:00:00-04:00,58.939998626708984,62.95000076293945,58.7599983215332,62.81999969482422,236500,0.0,0.0
2024-06-25 00:00:00-04:00,62.83000183105469,64.94999694824219,62.83000183105469,64.19000244140625,235600,0.0,0.0
2024-06-26 00:00:00-04:00,65.29000091552734,65.79000091552734,63.2400016784668,65.48999786376953,224000,0.0,0.0
2024-06-27 00:00:00-04:00,65.7300033569336,65.9000015258789,62.599998474121094,63.09000015258789,158900,0.0,0.0
2024-06-28 00:00:00-04:00,63.5099983215332,64.69000244140625,62.86000061035156,63.68000030517578,675500,0.0,0.0
2024-07-01 00:00:00-04:00,63.5,64.16000366210938,62.79999923706055,63.439998626708984,150900,0.0,0.0
2024-07-02 00:00:00-04:00,63.029998779296875,63.599998474121094,62.40999984741211,62.63999938964844,104900,0.0,0.0
2024-07-03 00:00:00-04:00,62.380001068115234,62.40999984741211,60.63999938964844,60.81999969482422,81900,0.0,0.0
2024-07-05 00:00:00-04:00,60.959999084472656,61.56999969482422,60.560001373291016,61.439998626708984,129300,0.0,0.0
2024-07-08 00:00:00-04:00,61.689998626708984,62.45000076293945,61.290000915527344,62.36000061035156,106800,0.0,0.0
2024-07-09 00:00:00-04:00,62.54999923706055,62.70000076293945,61.2599983215332,61.34000015258789,111200,0.0,0.0
2024-07-10 00:00:00-04:00,61.7400016784668,62.65999984741211,61.58000183105469,62.380001068115234,73300,0.0,0.0
2024-07-11 00:00:00-04:00,63.279998779296875,64.43000030517578,63.209999084472656,64.25,106300,0.0,0.0
2024-07-12 00:00:00-04:00,64.91000366210938,65.25,63.380001068115234,63.5,153500,0.0,0.0
2024-07-15 00:00:00-04:00,63.16999816894531,64.3499984741211,62.470001220703125,63.220001220703125,151900,0.0,0.0
2024-07-16 00:00:00-04:00,63.689998626708984,64.94000244140625,63.25,64.2300033569336,304100,0.0,0.0
2024-07-17 00:00:00-04:00,63.79999923706055,64.19999694824219,62.33000183105469,62.97999954223633,191100,0.0,0.0
2024-07-18 00:00:00-04:00,62.91999816894531,64.01000213623047,61.02000045776367,61.349998474121094,125200,0.0,0.0
2024-07-19 00:00:00-04:00,61.4900016784668,62.400001525878906,61.16999816894531,62.189998626708984,131600,0.0,0.0
2024-07-22 00:00:00-04:00,62.5,62.5,61.060001373291016,62.06999969482422,120200,0.0,0.0
2024-07-23 00:00:00-04:00,62.099998474121094,65.11000061035156,62.0,64.7300033569336,292500,0.0,0.0
2024-07-24 00:00:00-04:00,64.30999755859375,64.69999694824219,63.06999969482422,63.2599983215332,144300,0.0,0.0
2024-07-25 00:00:00-04:00,63.58000183105469,63.58000183105469,61.5,62.029998779296875,138200,0.0,0.0
2024-07-26 00:00:00-04:00,62.63999938964844,63.38999938964844,61.720001220703125,63.25,179300,0.0,0.0
2024-07-29 00:00:00-04:00,63.45000076293945,64.0199966430664,62.720001220703125,63.529998779296875,109700,0.0,0.0
2024-07-30 00:00:00-04:00,64.08999633789062,64.73999786376953,63.439998626708984,64.37999725341797,233400,0.0,0.0
2024-07-31 00:00:00-04:00,64.5199966430664,66.51000213623047,64.41000366210938,65.72000122070312,194700,0.0,0.0
2024-08-01 00:00:00-04:00,65.86000061035156,65.87999725341797,63.369998931884766,63.849998474121094,123700,0.0,0.0
2024-08-02 00:00:00-04:00,62.52000045776367,62.779998779296875,60.61000061035156,61.0099983215332,145400,0.0,0.0
2024-08-05 00:00:00-04:00,59.27000045776367,60.130001068115234,58.18000030517578,59.15999984741211,182400,0.0,0.0
2024-08-06 00:00:00-04:00,60.79999923706055,65.69000244140625,59.900001525878906,63.290000915527344,286700,0.0,0.0
2024-08-07 00:00:00-04:00,53.5099983215332,58.599998474121094,52.77000045776367,57.0099983215332,1630200,0.0,0.0
2024-08-08 00:00:00-04:00,56.95000076293945,57.45000076293945,56.16999816894531,56.43000030517578,2134100,0.0,0.0
2024-08-09 00:00:00-04:00,56.43000030517578,58.9900016784668,56.08000183105469,57.900001525878906,743300,0.0,0.0
2024-08-12 00:00:00-04:00,57.900001525878906,59.70000076293945,57.18000030517578,59.68000030517578,574200,0.0,0.0
2024-08-13 00:00:00-04:00,59.619998931884766,59.84000015258789,58.81999969482422,58.95000076293945,122000,0.0,0.0
2024-08-14 00:00:00-04:00,59.22999954223633,59.81999969482422,58.209999084472656,59.20000076293945,312300,0.0,0.0
2024-08-15 00:00:00-04:00,60.13999938964844,61.189998626708984,58.84000015258789,61.099998474121094,184100,0.0,0.0
2024-08-16 00:00:00-04:00,60.880001068115234,61.189998626708984,59.63999938964844,60.02000045776367,175900,0.0,0.0
2024-08-19 00:00:00-04:00,60.16999816894531,61.58000183105469,59.560001373291016,61.22999954223633,230200,0.0,0.0
2024-08-20 00:00:00-04:00,61.06999969482422,61.47999954223633,59.88999938964844,61.189998626708984,214000,0.0,0.0
2024-08-21 00:00:00-04:00,61.5,61.5,60.29999923706055,61.349998474121094,224800,0.0,0.0
2024-08-22 00:00:00-04:00,61.06999969482422,61.20000076293945,59.70000076293945,60.52000045776367,152900,0.0,0.0
2024-08-23 00:00:00-04:00,61.0099983215332,62.0,60.34000015258789,61.68000030517578,102300,0.0,0.0
2024-08-26 00:00:00-04:00,62.349998474121094,63.540000915527344,61.34000015258789,63.290000915527344,391100,0.0,0.0
2024-08-27 00:00:00-04:00,63.380001068115234,63.61000061035156,61.90999984741211,63.25,367100,0.0,0.0
2024-08-28 00:00:00-04:00,63.380001068115234,63.779998779296875,61.900001525878906,62.720001220703125,519800,0.0,0.0
2024-08-29 00:00:00-04:00,63.349998474121094,63.5099983215332,62.029998779296875,62.45000076293945,509700,0.0,0.0
2024-08-30 00:00:00-04:00,62.81999969482422,64.20999908447266,62.349998474121094,63.75,365600,0.0,0.0
2024-09-03 00:00:00-04:00,63.43000030517578,63.599998474121094,61.81999969482422,63.029998779296875,487000,0.0,0.0
2024-09-04 00:00:00-04:00,62.959999084472656,63.41999816894531,62.2599983215332,62.939998626708984,334600,0.0,0.0
2024-09-05 00:00:00-04:00,63.099998474121094,63.720001220703125,60.5099983215332,60.7599983215332,405700,0.0,0.0
2024-09-06 00:00:00-04:00,60.79999923706055,61.650001525878906,60.060001373291016,60.5099983215332,409900,0.0,0.0
2024-09-09 00:00:00-04:00,60.22999954223633,60.29999923706055,57.83000183105469,58.47999954223633,529400,0.0,0.0
2024-09-10 00:00:00-04:00,58.58000183105469,58.810001373291016,54.540000915527344,55.47999954223633,616600,0.0,0.0
2024-09-11 00:00:00-04:00,53.5099983215332,55.560001373291016,52.529998779296875,54.31999969482422,657200,0.0,0.0
2024-09-12 00:00:00-04:00,54.5,56.220001220703125,54.41999816894531,56.150001525878906,532600,0.0,0.0
2024-09-13 00:00:00-04:00,56.81999969482422,58.779998779296875,56.279998779296875,58.5099983215332,662700,0.0,0.0
2024-09-16 00:00:00-04:00,58.66999816894531,59.060001373291016,55.91999816894531,56.20000076293945,374200,0.0,0.0
2024-09-17 00:00:00-04:00,57.04999923706055,61.72999954223633,57.0,60.060001373291016,552100,0.0,0.0
2024-09-18 00:00:00-04:00,60.459999084472656,62.88999938964844,60.349998474121094,61.04999923706055,364500,0.0,0.0
2024-09-19 00:00:00-04:00,62.060001373291016,62.11000061035156,60.09000015258789,60.380001068115234,225000,0.0,0.0
2024-09-20 00:00:00-04:00,60.459999084472656,61.16999816894531,59.29999923706055,59.65999984741211,1287200,0.0,0.0
2024-09-23 00:00:00-04:00,59.45000076293945,60.540000915527344,59.45000076293945,60.08000183105469,477600,0.0,0.0
2024-09-24 00:00:00-04:00,60.11000061035156,60.91999816894531,58.5099983215332,58.52000045776367,150400,0.0,0.0
2024-09-25 00:00:00-04:00,58.54999923706055,58.83000183105469,57.099998474121094,57.279998779296875,297500,0.0,0.0
2024-09-26 00:00:00-04:00,58.0099983215332,58.58000183105469,57.439998626708984,58.29999923706055,165200,0.0,0.0
2024-09-27 00:00:00-04:00,58.58000183105469,59.08000183105469,58.0,58.779998779296875,184600,0.0,0.0
2024-09-30 00:00:00-04:00,58.70000076293945,60.189998626708984,58.70000076293945,59.65999984741211,263200,0.0,0.0
2024-10-01 00:00:00-04:00,59.68000030517578,59.68000030517578,58.560001373291016,59.47999954223633,217500,0.0,0.0
2024-10-02 00:00:00-04:00,59.40999984741211,59.68000030517578,57.04999923706055,57.5,197700,0.0,0.0
2024-10-03 00:00:00-04:00,57.27000045776367,57.689998626708984,56.619998931884766,56.790000915527344,115700,0.0,0.0
2024-10-04 00:00:00-04:00,57.61000061035156,58.29999923706055,57.439998626708984,57.83000183105469,74400,0.0,0.0
2024-10-07 00:00:00-04:00,57.70000076293945,57.77000045776367,55.66999816894531,55.84000015258789,220800,0.0,0.0
2024-10-08 00:00:00-04:00,56.060001373291016,57.099998474121094,55.61000061035156,56.790000915527344,405000,0.0,0.0
2024-10-09 00:00:00-04:00,56.7599983215332,57.7400016784668,56.65999984741211,56.72999954223633,222900,0.0,0.0
2024-10-10 00:00:00-04:00,56.220001220703125,56.220001220703125,54.93000030517578,55.099998474121094,132600,0.0,0.0
2024-10-11 00:00:00-04:00,56.099998474121094,57.459999084472656,55.95000076293945,57.13999938964844,114600,0.0,0.0
2024-10-14 00:00:00-04:00,57.189998626708984,58.70000076293945,57.189998626708984,58.5,207200,0.0,0.0
2024-10-15 00:00:00-04:00,58.5099983215332,59.43000030517578,57.75,58.599998474121094,165000,0.0,0.0
2024-10-16 00:00:00-04:00,58.790000915527344,59.939998626708984,58.58000183105469,59.65999984741211,136000,0.0,0.0
2024-10-17 00:00:00-04:00,60.13999938964844,60.70000076293945,59.06999969482422,60.119998931884766,138700,0.0,0.0
2024-10-18 00:00:00-04:00,60.209999084472656,60.63999938964844,59.38999938964844,60.310001373291016,140500,0.0,0.0
2024-10-21 00:00:00-04:00,60.310001373291016,60.349998474121094,59.18000030517578,59.279998779296875,128500,0.0,0.0
2024-10-22 00:00:00-04:00,58.95000076293945,60.13999938964844,58.279998779296875,60.08000183105469,322600,0.0,0.0
2024-10-23 00:00:00-04:00,60.06999969482422,60.06999969482422,58.400001525878906,59.040000915527344,295300,0.0,0.0
2024-10-24 00:00:00-04:00,59.16999816894531,59.81999969482422,58.439998626708984,59.279998779296875,156500,0.0,0.0
2024-10-25 00:00:00-04:00,60.689998626708984,61.150001525878906,58.15999984741211,58.31999969482422,155500,0.0,0.0
2024-10-28 00:00:00-04:00,58.5,59.93000030517578,57.880001068115234,57.970001220703125,191300,0.0,0.0
2024-10-29 00:00:00-04:00,57.38999938964844,59.25,57.119998931884766,59.0099983215332,156900,0.0,0.0
2024-10-30 00:00:00-04:00,58.619998931884766,60.439998626708984,58.13999938964844,58.5099983215332,140000,0.0,0.0
2024-10-31 00:00:00-04:00,58.15999984741211,58.470001220703125,57.119998931884766,57.25,110700,0.0,0.0
2024-11-01 00:00:00-04:00,57.45000076293945,58.93000030517578,57.45000076293945,58.189998626708984,241100,0.0,0.0
2024-11-04 00:00:00-05:00,58.04999923706055,58.04999923706055,55.79999923706055,56.0099983215332,783900,0.0,0.0
2024-11-05 00:00:00-05:00,55.599998474121094,57.68000030517578,55.54999923706055,57.310001373291016,165300,0.0,0.0
2024-11-06 00:00:00-05:00,59.040000915527344,60.13999938964844,57.709999084472656,58.400001525878906,364700,0.0,0.0
2024-11-07 00:00:00-05:00,58.83000183105469,59.91999816894531,57.95000076293945,58.380001068115234,381300,0.0,0.0
2024-11-08 00:00:00-05:00,61.58000183105469,62.27000045776367,57.79999923706055,61.439998626708984,348400,0.0,0.0
2024-11-11 00:00:00-05:00,61.529998779296875,62.33000183105469,59.560001373291016,61.7400016784668,324700,0.0,0.0
2024-11-12 00:00:00-05:00,61.65999984741211,62.90999984741211,60.720001220703125,61.0,299900,0.0,0.0
2024-11-13 00:00:00-05:00,61.36000061035156,63.22999954223633,59.58000183105469,59.83000183105469,445500,0.0,0.0
2024-11-14 00:00:00-05:00,59.79999923706055,59.90999984741211,58.0099983215332,58.90999984741211,255600,0.0,0.0
2024-11-15 00:00:00-05:00,59.0,59.31999969482422,56.02000045776367,56.58000183105469,293100,0.0,0.0
2024-11-18 00:00:00-05:00,56.72999954223633,57.20000076293945,54.849998474121094,55.25,234000,0.0,0.0
2024-11-19 00:00:00-05:00,54.459999084472656,56.0099983215332,53.93000030517578,55.689998626708984,216200,0.0,0.0
2024-11-20 00:00:00-05:00,55.36000061035156,56.2400016784668,54.47999954223633,55.099998474121094,365200,0.0,0.0
2024-11-21 00:00:00-05:00,55.599998474121094,56.380001068115234,54.75,55.86000061035156,181900,0.0,0.0
2024-11-22 00:00:00-05:00,56.45000076293945,57.13999938964844,55.9900016784668,56.90999984741211,131800,0.0,0.0
2024-11-25 00:00:00-05:00,57.369998931884766,59.16999816894531,57.369998931884766,58.63999938964844,356400,0.0,0.0
2024-11-26 00:00:00-05:00,58.13999938964844,58.83000183105469,56.59000015258789,57.86000061035156,196900,0.0,0.0
2024-11-27 00:00:00-05:00,57.790000915527344,59.560001373291016,57.5,59.38999938964844,228700,0.0,0.0
2024-11-29 00:00:00-05:00,59.33000183105469,59.33000183105469,56.709999084472656,57.22999954223633,224900,0.0,0.0
2024-12-02 00:00:00-05:00,57.18000030517578,58.540000915527344,56.29999923706055,57.869998931884766,357500,0.0,0.0
2024-12-03 00:00:00-05:00,57.88999938964844,58.11000061035156,56.130001068115234,56.869998931884766,247700,0.0,0.0
2024-12-04 00:00:00-05:00,56.599998474121094,57.66999816894531,56.20000076293945,56.86000061035156,213700,0.0,0.0
2024-12-05 00:00:00-05:00,56.709999084472656,57.08000183105469,55.79999923706055,55.9900016784668,300800,0.0,0.0
2024-12-06 00:00:00-05:00,56.09000015258789,57.47999954223633,55.970001220703125,56.970001220703125,403200,0.0,0.0
2024-12-09 00:00:00-05:00,57.220001220703125,58.79999923706055,56.33000183105469,58.029998779296875,276100,0.0,0.0
2024-12-10 00:00:00-05:00,58.40999984741211,59.34000015258789,57.25,59.15999984741211,243200,0.0,0.0
2024-12-11 00:00:00-05:00,59.970001220703125,60.90999984741211,58.47999954223633,59.16999816894531,254400,0.0,0.0
2024-12-12 00:00:00-05:00,59.11000061035156,59.689998626708984,56.540000915527344,56.560001373291016,292300,0.0,0.0
2024-12-13 00:00:00-05:00,56.2400016784668,56.849998474121094,55.65999984741211,56.59000015258789,229600,0.0,0.0
2024-12-16 00:00:00-05:00,56.310001373291016,57.33000183105469,55.45000076293945,56.36000061035156,315300,0.0,0.0
2024-12-17 00:00:00-05:00,56.209999084472656,56.900001525878906,55.290000915527344,55.83000183105469,217700,0.0,0.0
2024-12-18 00:00:00-05:00,55.97999954223633,56.25,53.72999954223633,53.880001068115234,198800,0.0,0.0
2024-12-19 00:00:00-05:00,54.119998931884766,54.779998779296875,52.5,54.2599983215332,393400,0.0,0.0
2024-12-20 00:00:00-05:00,53.689998626708984,54.560001373291016,53.0,53.349998474121094,1066300,0.0,0.0
2024-12-23 00:00:00-05:00,53.38999938964844,54.400001525878906,52.790000915527344,54.209999084472656,164200,0.0,0.0
2024-12-24 00:00:00-05:00,54.06999969482422,54.33000183105469,53.33000183105469,54.15999984741211,43800,0.0,0.0
2024-12-26 00:00:00-05:00,54.0,55.58000183105469,52.88999938964844,55.5,248000,0.0,0.0
2024-12-27 00:00:00-05:00,55.209999084472656,55.369998931884766,53.66999816894531,54.40999984741211,248900,0.0,0.0
2024-12-30 00:00:00-05:00,54.0099983215332,54.45000076293945,53.150001525878906,54.209999084472656,150600,0.0,0.0
2024-12-31 00:00:00-05:00,54.599998474121094,55.380001068115234,54.209999084472656,55.279998779296875,246100,0.0,0.0
2025-01-02 00:00:00-05:00,55.599998474121094,56.630001068115234,54.959999084472656,55.439998626708984,156400,0.0,0.0
2025-01-03 00:00:00-05:00,55.439998626708984,55.88999938964844,54.650001525878906,55.5,101800,0.0,0.0
