Date,Open,High,Low,Close,Volume,Dividends,Stock Splits,Capital Gains
2016-06-03 00:00:00-04:00,24.96651247003563,25.044654846191406,24.898138123781976,25.044654846191406,11300,0.0,0.0,0.0
2016-06-06 00:00:00-04:00,24.976279923288313,25.04465426796335,24.90790557861328,24.90790557861328,6200,0.0,0.0,0.0
2016-06-07 00:00:00-04:00,25.015352249145508,25.015352249145508,25.015352249145508,25.015352249145508,100,0.0,0.0,0.0
2016-06-08 00:00:00-04:00,25.015352249145508,25.015352249145508,25.015352249145508,25.015352249145508,0,0.0,0.0,0.0
2016-06-09 00:00:00-04:00,24.5953369140625,24.5953369140625,24.5953369140625,24.5953369140625,100,0.0,0.0,0.0
2016-06-10 00:00:00-04:00,24.185086289784085,24.185086289784085,24.165550231933594,24.165550231933594,900,0.0,0.0,0.0
2016-06-13 00:00:00-04:00,24.0288028717041,24.0288028717041,24.0288028717041,24.0288028717041,1300,0.0,0.0,0.0
2016-06-14 00:00:00-04:00,23.472037355188306,23.472037355188306,23.45250129699707,23.45250129699707,1500,0.0,0.0,0.0
2016-06-15 00:00:00-04:00,23.843213743568406,23.877400914730053,23.774839401245117,23.774839401245117,14800,0.0,0.0,0.0
2016-06-16 00:00:00-04:00,23.423200804352007,23.53064727783203,23.423200804352007,23.53064727783203,600,0.0,0.0,0.0
2016-06-17 00:00:00-04:00,23.911590576171875,23.911590576171875,23.911590576171875,23.911590576171875,19000,0.0,0.0,0.0
2016-06-20 00:00:00-04:00,23.911590576171875,23.911590576171875,23.911590576171875,23.911590576171875,0,0.0,0.0,0.0
2016-06-21 00:00:00-04:00,26.45121914799007,26.45121914799007,24.253462750255462,24.272998809814453,4100,0.0,0.0,0.0
2016-06-22 00:00:00-04:00,24.478118599020863,24.478118599020863,24.409744262695312,24.409744262695312,116000,0.0,0.0,0.0
2016-06-23 00:00:00-04:00,24.800455710257214,24.800455710257214,24.751617431640625,24.751617431640625,75300,0.0,0.0,0.0
2016-06-24 00:00:00-04:00,23.196589172551317,23.455852203086817,23.196589172551317,23.330623626708984,1200,0.04055,0.0,0.0
2016-06-27 00:00:00-04:00,23.382474630457732,23.48030962711351,23.190719604492188,23.190719604492188,1100,0.0,0.0,0.0
2016-06-28 00:00:00-04:00,24.174932135082862,24.174932135082862,23.53900751962331,23.764028549194336,4800,0.0,0.0,0.0
2016-06-29 00:00:00-04:00,24.145580291748047,24.145580291748047,24.145580291748047,24.145580291748047,3600,0.0,0.0,0.0
2016-06-30 00:00:00-04:00,24.351036189655453,24.380387247274324,24.12112610280642,24.370603561401367,19900,0.0,0.0,0.0
2016-07-01 00:00:00-04:00,24.370603561401367,24.370603561401367,24.370603561401367,24.370603561401367,0,0.0,0.0,0.0
2016-07-05 00:00:00-04:00,24.370603561401367,24.370603561401367,24.370603561401367,24.370603561401367,0,0.0,0.0,0.0
2016-07-06 00:00:00-04:00,24.56627433080472,24.56627433080472,24.194501719956225,24.34125328063965,2000,0.0,0.0,0.0
2016-07-07 00:00:00-04:00,24.34125328063965,24.34125328063965,24.34125328063965,24.34125328063965,0,0.0,0.0,0.0
2016-07-08 00:00:00-04:00,24.34125328063965,24.34125328063965,24.34125328063965,24.34125328063965,23600,0.0,0.0,0.0
2016-07-11 00:00:00-04:00,24.34125328063965,24.34125328063965,24.34125328063965,24.34125328063965,0,0.0,0.0,0.0
2016-07-12 00:00:00-04:00,24.34125328063965,24.34125328063965,24.34125328063965,24.34125328063965,0,0.0,0.0,0.0
2016-07-13 00:00:00-04:00,25.143499449800057,25.16306495666504,25.143499449800057,25.16306495666504,200,0.0,0.0,0.0
2016-07-14 00:00:00-04:00,25.16306495666504,25.16306495666504,25.16306495666504,25.16306495666504,0,0.0,0.0,0.0
2016-07-15 00:00:00-04:00,25.16306495666504,25.16306495666504,25.16306495666504,25.16306495666504,0,0.0,0.0,0.0
2016-07-18 00:00:00-04:00,25.143497467041016,25.143497467041016,25.143497467041016,25.143497467041016,10100,0.0,0.0,0.0
2016-07-19 00:00:00-04:00,25.143498361936203,25.143498361936203,25.13371467590332,25.13371467590332,7800,0.0,0.0,0.0
2016-07-20 00:00:00-04:00,25.36851871269,25.36851871269,25.34895133972168,25.34895133972168,10200,0.0,0.0,0.0
2016-07-21 00:00:00-04:00,25.143497467041016,25.143497467041016,25.143497467041016,25.143497467041016,2000,0.0,0.0,0.0
2016-07-22 00:00:00-04:00,25.143497467041016,25.143497467041016,25.143497467041016,25.143497467041016,0,0.0,0.0,0.0
2016-07-25 00:00:00-04:00,25.647790089059463,25.68703779788771,25.6281681060791,25.6281681060791,5500,0.07397,0.0,0.0
2016-07-26 00:00:00-04:00,25.6281681060791,25.6281681060791,25.6281681060791,25.6281681060791,0,0.0,0.0,0.0
2016-07-27 00:00:00-04:00,25.6281681060791,25.6281681060791,25.6281681060791,25.6281681060791,0,0.0,0.0,0.0
2016-07-28 00:00:00-04:00,25.6281681060791,25.6281681060791,25.6281681060791,25.6281681060791,0,0.0,0.0,0.0
2016-07-29 00:00:00-04:00,25.6281681060791,25.6281681060791,25.6281681060791,25.6281681060791,0,0.0,0.0,0.0
2016-08-01 00:00:00-04:00,25.6281681060791,25.6281681060791,25.6281681060791,25.6281681060791,0,0.0,0.0,0.0
2016-08-02 00:00:00-04:00,25.6281681060791,25.6281681060791,25.6281681060791,25.6281681060791,0,0.0,0.0,0.0
2016-08-03 00:00:00-04:00,25.029653549194336,25.029653549194336,25.029653549194336,25.029653549194336,200,0.0,0.0,0.0
2016-08-04 00:00:00-04:00,25.029653549194336,25.029653549194336,25.029653549194336,25.029653549194336,0,0.0,0.0,0.0
2016-08-05 00:00:00-04:00,25.323999404907227,25.323999404907227,25.323999404907227,25.323999404907227,100,0.0,0.0,0.0
2016-08-08 00:00:00-04:00,25.265133435627632,25.301437377929688,25.265133435627632,25.301437377929688,300,0.0,0.0,0.0
2016-08-09 00:00:00-04:00,25.471179436205073,25.48099136352539,25.461369380318537,25.48099136352539,66900,0.0,0.0,0.0
2016-08-10 00:00:00-04:00,25.48099136352539,25.48099136352539,25.48099136352539,25.48099136352539,0,0.0,0.0,0.0
2016-08-11 00:00:00-04:00,25.667415618896484,25.667415618896484,25.667415618896484,25.667415618896484,2900,0.0,0.0,0.0
2016-08-12 00:00:00-04:00,25.657603164970975,25.677227020263672,25.657603164970975,25.677227020263672,1200,0.0,0.0,0.0
2016-08-15 00:00:00-04:00,25.677227020263672,25.677227020263672,25.677227020263672,25.677227020263672,0,0.0,0.0,0.0
2016-08-16 00:00:00-04:00,25.468236923217773,25.468236923217773,25.468236923217773,25.468236923217773,100,0.0,0.0,0.0
2016-08-17 00:00:00-04:00,25.468236923217773,25.468236923217773,25.468236923217773,25.468236923217773,0,0.0,0.0,0.0
2016-08-18 00:00:00-04:00,25.468236923217773,25.468236923217773,25.468236923217773,25.468236923217773,0,0.0,0.0,0.0
2016-08-19 00:00:00-04:00,25.216075897216797,25.216075897216797,25.216075897216797,25.216075897216797,3100,0.0,0.0,0.0
2016-08-22 00:00:00-04:00,25.265132046645164,25.265132046645164,25.245508193969727,25.245508193969727,4300,0.0,0.0,0.0
2016-08-23 00:00:00-04:00,25.441743850708008,25.441743850708008,25.441743850708008,25.441743850708008,6100,0.0,0.0,0.0
2016-08-24 00:00:00-04:00,25.343626525539122,25.426044464111328,25.343626525539122,25.426044464111328,1800,0.0,0.0,0.0
2016-08-25 00:00:00-04:00,25.424269950014352,25.424269950014352,25.414419174194336,25.414419174194336,200,0.1022,0.0,0.0
2016-08-26 00:00:00-04:00,25.453821048567445,25.463671823911866,25.42426872253418,25.42426872253418,600,0.0,0.0,0.0
2016-08-29 00:00:00-04:00,25.36713865613023,25.404570853558145,25.36713865613023,25.39472007751465,37000,0.0,0.0,0.0
2016-08-30 00:00:00-04:00,25.43412208557129,25.43412208557129,25.43412208557129,25.43412208557129,2100,0.0,0.0,0.0
2016-08-31 00:00:00-04:00,25.276513606491392,25.32576560974121,25.276513606491392,25.32576560974121,5400,0.0,0.0,0.0
2016-09-01 00:00:00-04:00,25.39472007751465,25.39472007751465,25.39472007751465,25.39472007751465,2000,0.0,0.0,0.0
2016-09-02 00:00:00-04:00,25.581877128145386,25.6705322265625,25.581877128145386,25.6705322265625,7200,0.0,0.0,0.0
2016-09-06 00:00:00-04:00,25.6705322265625,25.6705322265625,25.6705322265625,25.6705322265625,0,0.0,0.0,0.0
2016-09-07 00:00:00-04:00,25.631132125854492,25.631132125854492,25.631132125854492,25.631132125854492,100,0.0,0.0,0.0
2016-09-08 00:00:00-04:00,25.582866668701172,25.582866668701172,25.582866668701172,25.582866668701172,400,0.0,0.0,0.0
2016-09-09 00:00:00-04:00,25.168155670166016,25.168155670166016,25.168155670166016,25.168155670166016,3000,0.0,0.0,0.0
2016-09-12 00:00:00-04:00,25.168155670166016,25.168155670166016,25.168155670166016,25.168155670166016,0,0.0,0.0,0.0
2016-09-13 00:00:00-04:00,25.05980115159606,25.05980115159606,24.912043268959554,24.921892166137695,37300,0.0,0.0,0.0
2016-09-14 00:00:00-04:00,24.93174294215925,24.93174294215925,24.921892166137695,24.921892166137695,3600,0.0,0.0,0.0
2016-09-15 00:00:00-04:00,25.010549125274718,25.067682878897138,25.010549125274718,25.059803009033203,8200,0.0,0.0,0.0
2016-09-16 00:00:00-04:00,25.059803009033203,25.059803009033203,25.059803009033203,25.059803009033203,0,0.0,0.0,0.0
2016-09-19 00:00:00-04:00,25.059803009033203,25.059803009033203,25.059803009033203,25.059803009033203,0,0.0,0.0,0.0
2016-09-20 00:00:00-04:00,25.059803009033203,25.059803009033203,25.059803009033203,25.059803009033203,0,0.0,0.0,0.0
2016-09-21 00:00:00-04:00,25.26666259765625,25.26666259765625,25.256811821328203,25.26666259765625,6500,0.0,0.0,0.0
2016-09-22 00:00:00-04:00,25.709937765042756,25.709937765042756,25.483375549316406,25.483375549316406,64300,0.0,0.0,0.0
2016-09-23 00:00:00-04:00,25.484357099881247,25.484357099881247,25.380926780230347,25.38486671447754,18700,0.0,0.0,0.0
2016-09-26 00:00:00-04:00,25.402442932128906,25.402442932128906,25.402442932128906,25.402442932128906,0,0.01783,0.0,0.0
2016-09-27 00:00:00-04:00,25.24669746901353,25.491161346435547,25.24669746901353,25.491161346435547,6000,0.0,0.0,0.0
2016-09-28 00:00:00-04:00,25.501018524169922,25.501018524169922,25.501018524169922,25.501018524169922,100,0.0,0.0,0.0
2016-09-29 00:00:00-04:00,25.599592208862305,25.599592208862305,25.599592208862305,25.599592208862305,100,0.0,0.0,0.0
2016-09-30 00:00:00-04:00,25.599592208862305,25.599592208862305,25.599592208862305,25.599592208862305,0,0.0,0.0,0.0
2016-10-03 00:00:00-04:00,25.520732879638672,25.520732879638672,25.520732879638672,25.520732879638672,2000,0.0,0.0,0.0
2016-10-04 00:00:00-04:00,25.624235153198242,25.624235153198242,25.624235153198242,25.624235153198242,200,0.0,0.0,0.0
2016-10-05 00:00:00-04:00,25.624235153198242,25.624235153198242,25.624235153198242,25.624235153198242,0,0.0,0.0,0.0
2016-10-06 00:00:00-04:00,25.624235153198242,25.624235153198242,25.624235153198242,25.624235153198242,17700,0.0,0.0,0.0
2016-10-07 00:00:00-04:00,25.624235153198242,25.624235153198242,25.624235153198242,25.624235153198242,0,0.0,0.0,0.0
2016-10-10 00:00:00-04:00,25.624235153198242,25.624235153198242,25.624235153198242,25.624235153198242,0,0.0,0.0,0.0
2016-10-11 00:00:00-04:00,25.353156485453123,25.353156485453123,25.34428596496582,25.34428596496582,400,0.0,0.0,0.0
2016-10-12 00:00:00-04:00,25.34428596496582,25.34428596496582,25.34428596496582,25.34428596496582,0,0.0,0.0,0.0
2016-10-13 00:00:00-04:00,25.34428596496582,25.34428596496582,25.34428596496582,25.34428596496582,0,0.0,0.0,0.0
2016-10-14 00:00:00-04:00,25.343299865722656,25.343299865722656,25.343299865722656,25.343299865722656,1600,0.0,0.0,0.0
2016-10-17 00:00:00-04:00,25.343299865722656,25.343299865722656,25.343299865722656,25.343299865722656,0,0.0,0.0,0.0
2016-10-18 00:00:00-04:00,25.31372798076062,25.34428596496582,25.31372798076062,25.34428596496582,800,0.0,0.0,0.0
2016-10-19 00:00:00-04:00,25.34428596496582,25.34428596496582,25.34428596496582,25.34428596496582,0,0.0,0.0,0.0
2016-10-20 00:00:00-04:00,25.46158790588379,25.46158790588379,25.46158790588379,25.46158790588379,100,0.0,0.0,0.0
2016-10-21 00:00:00-04:00,25.46158790588379,25.46158790588379,25.46158790588379,25.46158790588379,0,0.0,0.0,0.0
2016-10-24 00:00:00-04:00,25.46158790588379,25.46158790588379,25.46158790588379,25.46158790588379,1800,0.0,0.0,0.0
2016-10-25 00:00:00-04:00,25.4798023879824,25.588395718951418,25.400825933535987,25.430442810058594,9000,0.03845,0.0,0.0
2016-10-26 00:00:00-04:00,25.430442810058594,25.430442810058594,25.430442810058594,25.430442810058594,0,0.0,0.0,0.0
2016-10-27 00:00:00-04:00,25.469928741455078,25.469928741455078,25.469928741455078,25.469928741455078,200,0.0,0.0,0.0
2016-10-28 00:00:00-04:00,25.377132163609634,25.377132163609634,25.252744674682617,25.252744674682617,200,0.0,0.0,0.0
2016-10-31 00:00:00-04:00,25.351466751939988,25.351466751939988,25.338632583618164,25.338632583618164,700,0.0,0.0,0.0
2016-11-01 00:00:00-04:00,25.338632583618164,25.338632583618164,25.338632583618164,25.338632583618164,0,0.0,0.0,0.0
2016-11-02 00:00:00-04:00,24.946710296666495,25.371209419989732,24.917093421918217,24.926965713500977,42200,0.0,0.0,0.0
2016-11-03 00:00:00-04:00,24.897346996020456,24.907219286872536,24.798627853393555,24.798627853393555,14000,0.0,0.0,0.0
2016-11-04 00:00:00-04:00,24.56170026847439,24.591317145407302,24.522212982177734,24.522212982177734,19700,0.0,0.0,0.0
2016-11-07 00:00:00-05:00,24.828245452231602,24.857862327900314,24.828245452231602,24.847990036010742,8400,0.0,0.0,0.0
2016-11-08 00:00:00-05:00,24.877607345581055,24.926966922942665,24.877607345581055,24.877607345581055,6600,0.0,0.0,0.0
2016-11-09 00:00:00-05:00,24.946710801509607,25.094791412353516,24.936838509727064,25.094791412353516,3300,0.0,0.0,0.0
2016-11-10 00:00:00-05:00,24.71965340226806,24.791719436645508,24.71965340226806,24.791719436645508,2100,0.0,0.0,0.0
2016-11-11 00:00:00-05:00,24.791719436645508,24.791719436645508,24.791719436645508,24.791719436645508,0,0.0,0.0,0.0
2016-11-14 00:00:00-05:00,24.423490524291992,24.423490524291992,24.423490524291992,24.423490524291992,400,0.0,0.0,0.0
2016-11-15 00:00:00-05:00,24.423490524291992,24.423490524291992,24.423490524291992,24.423490524291992,0,0.0,0.0,0.0
2016-11-16 00:00:00-05:00,24.423490524291992,24.423490524291992,24.423490524291992,24.423490524291992,5600,0.0,0.0,0.0
2016-11-17 00:00:00-05:00,24.956585193838496,24.976327896118164,24.956585193838496,24.976327896118164,400,0.0,0.0,0.0
2016-11-18 00:00:00-05:00,24.83811774412117,24.857862327900314,24.828245452231602,24.847990036010742,3600,0.0,0.0,0.0
2016-11-21 00:00:00-05:00,24.901300285763153,24.901300285763153,24.891427993774414,24.891427993774414,4600,0.0,0.0,0.0
2016-11-22 00:00:00-05:00,24.88747787475586,24.88747787475586,24.88747787475586,24.88747787475586,200,0.0,0.0,0.0
2016-11-23 00:00:00-05:00,25.112702043449946,25.112702043449946,25.0434103871717,25.05133056640625,62000,0.06753,0.0,0.0
2016-11-25 00:00:00-05:00,25.05133056640625,25.05133056640625,25.05133056640625,25.05133056640625,0,0.0,0.0,0.0
2016-11-28 00:00:00-05:00,25.181991182558097,25.181991182558097,25.112701416015625,25.112701416015625,24900,0.0,0.0,0.0
2016-11-29 00:00:00-05:00,25.271077445640806,25.271077445640806,25.251279830932617,25.251279830932617,8800,0.0,0.0,0.0
2016-11-30 00:00:00-05:00,25.290874168885118,25.300772976629258,25.280977249145508,25.280977249145508,8500,0.0,0.0,0.0
2016-12-01 00:00:00-05:00,25.013715080679727,25.053308423614737,24.97411984974019,24.99391746520996,13000,0.0,0.0,0.0
2016-12-02 00:00:00-05:00,24.97411860769958,25.102801213848757,24.9147276522485,25.013713836669922,15700,0.0,0.0,0.0
2016-12-05 00:00:00-05:00,25.09389422817899,25.261180877685547,25.023615144140482,25.261180877685547,10300,0.0,0.0,0.0
2016-12-06 00:00:00-05:00,25.261180877685547,25.261180877685547,25.261180877685547,25.261180877685547,0,0.0,0.0,0.0
2016-12-07 00:00:00-05:00,25.261180877685547,25.261180877685547,25.261180877685547,25.261180877685547,0,0.0,0.0,0.0
2016-12-08 00:00:00-05:00,25.488847732543945,25.498746540748208,25.488847732543945,25.488847732543945,1400,0.0,0.0,0.0
2016-12-09 00:00:00-05:00,25.538340879931514,25.538340879931514,25.518545150756836,25.518545150756836,300,0.0,0.0,0.0
2016-12-12 00:00:00-05:00,25.52547264099121,25.52547264099121,25.52547264099121,25.52547264099121,1100,0.0,0.0,0.0
2016-12-13 00:00:00-05:00,25.587832353287588,25.86895244738885,25.587832353287588,25.785802841186523,4700,0.0,0.0,0.0
2016-12-14 00:00:00-05:00,25.785802841186523,25.785802841186523,25.785802841186523,25.785802841186523,0,0.0,0.0,0.0
2016-12-15 00:00:00-05:00,25.577932921599924,25.577932921599924,25.251279830932617,25.251279830932617,1000,0.0,0.0,0.0
2016-12-16 00:00:00-05:00,25.934284210205078,25.934284210205078,25.934284210205078,25.934284210205078,400,0.0,0.0,0.0
2016-12-19 00:00:00-05:00,25.934284210205078,25.934284210205078,25.934284210205078,25.934284210205078,0,0.0,0.0,0.0
2016-12-20 00:00:00-05:00,25.934284210205078,25.934284210205078,25.934284210205078,25.934284210205078,0,0.0,0.0,0.0
2016-12-21 00:00:00-05:00,23.2745361328125,23.2745361328125,23.2745361328125,23.2745361328125,1000,0.0,0.0,0.0
2016-12-22 00:00:00-05:00,23.2745361328125,23.2745361328125,23.2745361328125,23.2745361328125,0,0.0,0.0,0.0
2016-12-23 00:00:00-05:00,23.51760849753032,23.52855169133234,23.51760849753032,23.527557373046875,500,0.11833,0.0,0.0
2016-12-27 00:00:00-05:00,23.527557373046875,23.527557373046875,23.527557373046875,23.527557373046875,0,0.0,0.0,0.0
2016-12-28 00:00:00-05:00,23.44896404909231,23.44896404909231,23.389272689819336,23.389272689819336,3000,0.0,0.0,0.0
2016-12-29 00:00:00-05:00,23.373353958129883,23.373353958129883,23.373353958129883,23.373353958129883,300,0.0,0.0,0.0
2016-12-30 00:00:00-05:00,23.373353958129883,23.373353958129883,23.373353958129883,23.373353958129883,0,0.0,0.0,0.0
2017-01-03 00:00:00-05:00,23.71757801006289,23.71757801006289,23.637988898521233,23.647937774658203,11800,0.0,0.0,0.0
2017-01-04 00:00:00-05:00,23.736479400283123,23.736479400283123,23.657886505126953,23.657886505126953,11600,0.0,0.0,0.0
2017-01-05 00:00:00-05:00,23.747425079345703,23.747425079345703,23.747425079345703,23.747425079345703,1900,0.0,0.0,0.0
2017-01-06 00:00:00-05:00,23.81706486794128,23.81706486794128,23.77726936340332,23.77726936340332,1500,0.0,0.0,0.0
2017-01-09 00:00:00-05:00,23.777268636595178,23.82701301574707,23.777268636595178,23.82701301574707,1100,0.0,0.0,0.0
2017-01-10 00:00:00-05:00,23.767320196302745,23.79716682434082,23.767320196302745,23.79716682434082,2300,0.0,0.0,0.0
2017-01-11 00:00:00-05:00,23.75737220205956,23.75737220205956,23.72454261779785,23.72454261779785,1300,0.0,0.0,0.0
2017-01-12 00:00:00-05:00,23.58824393055321,23.58824393055321,23.558399200439453,23.558399200439453,600,0.0,0.0,0.0
2017-01-13 00:00:00-05:00,23.773288875585333,23.773288875585333,23.73747444152832,23.73747444152832,600,0.0,0.0,0.0
2017-01-17 00:00:00-05:00,23.73747444152832,23.73747444152832,23.73747444152832,23.73747444152832,0,0.0,0.0,0.0
2017-01-18 00:00:00-05:00,23.448964489208528,23.488759994506836,23.429066736559374,23.488759994506836,3300,0.0,0.0,0.0
2017-01-19 00:00:00-05:00,23.59222543639432,23.59222543639432,23.528553009033203,23.528553009033203,900,0.0,0.0,0.0
2017-01-20 00:00:00-05:00,23.529547618843125,23.529547618843125,23.501691524513227,23.508655548095703,800,0.0,0.0,0.0
2017-01-23 00:00:00-05:00,23.508655548095703,23.508655548095703,23.508655548095703,23.508655548095703,0,0.0,0.0,0.0
2017-01-24 00:00:00-05:00,23.269886320285956,23.379322052001953,23.269886320285956,23.379322052001953,3200,0.0,0.0,0.0
2017-01-25 00:00:00-05:00,23.430002212524414,23.430002212524414,23.430002212524414,23.430002212524414,0,0.05083,0.0,0.0
2017-01-26 00:00:00-05:00,23.58354377746582,23.58354377746582,23.58354377746582,23.58354377746582,600,0.0,0.0,0.0
2017-01-27 00:00:00-05:00,23.659317438462754,23.659317438462754,23.589526244514605,23.62242889404297,2800,0.0,0.0,0.0
2017-01-30 00:00:00-05:00,23.43997323102043,23.46988455747882,23.423023669527414,23.442964553833008,3000,0.0,0.0,0.0
2017-01-31 00:00:00-05:00,23.35024010383965,23.379153053616097,23.28044891357422,23.28044891357422,13400,0.0,0.0,0.0
2017-02-01 00:00:00-05:00,23.35024070739746,23.35024070739746,23.35024070739746,23.35024070739746,4100,0.0,0.0,0.0
2017-02-02 00:00:00-05:00,23.25053839681235,23.368186950683594,23.210658530274443,23.368186950683594,11500,0.0,0.0,0.0
2017-02-03 00:00:00-05:00,23.549645613747533,23.549645613747533,23.420031770616873,23.430002212524414,3900,0.0,0.0,0.0
2017-02-06 00:00:00-05:00,23.360210418701172,23.360210418701172,23.360210418701172,23.360210418701172,800,0.0,0.0,0.0
2017-02-07 00:00:00-05:00,23.33030008536211,23.40906524658203,23.30039066080655,23.40906524658203,8000,0.0,0.0,0.0
2017-02-08 00:00:00-05:00,23.40906524658203,23.40906524658203,23.40906524658203,23.40906524658203,0,0.0,0.0,0.0
2017-02-09 00:00:00-05:00,23.566593746567694,23.57955551147461,23.566593746567694,23.57955551147461,400,0.0,0.0,0.0
2017-02-10 00:00:00-05:00,23.759018699955803,23.759018699955803,23.6194363194569,23.660314559936523,500,0.0,0.0,0.0
2017-02-13 00:00:00-05:00,23.8786620733584,23.8786620733584,23.749048233032227,23.749048233032227,2400,0.0,0.0,0.0
2017-02-14 00:00:00-05:00,23.749048233032227,23.749048233032227,23.749048233032227,23.749048233032227,15600,0.0,0.0,0.0
2017-02-15 00:00:00-05:00,23.81385607263358,23.918542861938477,23.81385607263358,23.918542861938477,4600,0.0,0.0,0.0
2017-02-16 00:00:00-05:00,23.918542861938477,23.918542861938477,23.918542861938477,23.918542861938477,0,0.0,0.0,0.0
2017-02-17 00:00:00-05:00,23.918542861938477,23.918542861938477,23.918542861938477,23.918542861938477,0,0.0,0.0,0.0
2017-02-21 00:00:00-05:00,24.048156002119253,24.058124542236328,24.048156002119253,24.058124542236328,200,0.0,0.0,0.0
2017-02-22 00:00:00-05:00,24.06709861755371,24.06709861755371,24.06709861755371,24.06709861755371,300,0.0,0.0,0.0
2017-02-23 00:00:00-05:00,24.06709861755371,24.06709861755371,24.06709861755371,24.06709861755371,0,0.0,0.0,0.0
2017-02-24 00:00:00-05:00,24.06709861755371,24.06709861755371,24.06709861755371,24.06709861755371,0,0.0,0.0,0.0
2017-02-27 00:00:00-05:00,23.988333925042607,23.99830436706543,23.985342602269025,23.99830436706543,700,0.0,0.0,0.0
2017-02-28 00:00:00-05:00,23.99830436706543,23.99830436706543,23.99830436706543,23.99830436706543,0,0.0,0.0,0.0
2017-03-01 00:00:00-05:00,24.347262575625525,24.347262575625525,24.30040168762207,24.30040168762207,1900,0.0,0.0,0.0
2017-03-02 00:00:00-05:00,24.30040168762207,24.30040168762207,24.30040168762207,24.30040168762207,0,0.0,0.0,0.0
2017-03-03 00:00:00-05:00,24.337291717529297,24.337291717529297,24.337291717529297,24.337291717529297,700,0.0,0.0,0.0
2017-03-06 00:00:00-05:00,24.17776915266412,24.197710037231445,24.17776915266412,24.197710037231445,400,0.0,0.0,0.0
2017-03-07 00:00:00-05:00,24.197710037231445,24.197710037231445,24.197710037231445,24.197710037231445,0,0.0,0.0,0.0
2017-03-08 00:00:00-05:00,24.32333437027641,24.32333437027641,24.304391860961914,24.304391860961914,400,0.0,0.0,0.0
2017-03-09 00:00:00-05:00,24.267499923706055,24.267499923706055,24.267499923706055,24.267499923706055,500,0.0,0.0,0.0
2017-03-10 00:00:00-05:00,24.55663660257092,24.55663660257092,24.5386905670166,24.5386905670166,500,0.0,0.0,0.0
2017-03-13 00:00:00-04:00,24.576576177948866,24.576576177948866,24.53569793701172,24.53569793701172,600,0.0,0.0,0.0
2017-03-14 00:00:00-04:00,24.53569793701172,24.53569793701172,24.53569793701172,24.53569793701172,0,0.0,0.0,0.0
2017-03-15 00:00:00-04:00,24.43699452318526,24.452945709228516,24.43699452318526,24.452945709228516,200,0.0,0.0,0.0
2017-03-16 00:00:00-04:00,24.616457866635205,24.616457866635205,24.510772705078125,24.510772705078125,900,0.0,0.0,0.0
2017-03-17 00:00:00-04:00,24.510772705078125,24.510772705078125,24.510772705078125,24.510772705078125,0,0.0,0.0,0.0
2017-03-20 00:00:00-04:00,24.616458892822266,24.616458892822266,24.616458892822266,24.616458892822266,200,0.0,0.0,0.0
2017-03-21 00:00:00-04:00,24.435997009277344,24.435997009277344,24.435997009277344,24.435997009277344,3400,0.0,0.0,0.0
2017-03-22 00:00:00-04:00,24.37418221695495,24.38714208007466,24.277471021237243,24.378170013427734,3800,0.0,0.0,0.0
2017-03-23 00:00:00-04:00,24.434999465942383,24.434999465942383,24.434999465942383,24.434999465942383,300,0.0,0.0,0.0
2017-03-24 00:00:00-04:00,24.6200008392334,24.6200008392334,24.59000015258789,24.6200008392334,1000,0.073,0.0,0.0
2017-03-27 00:00:00-04:00,24.562999725341797,24.66699981689453,24.562999725341797,24.66699981689453,3000,0.0,0.0,0.0
2017-03-28 00:00:00-04:00,24.700000762939453,24.700000762939453,24.700000762939453,24.700000762939453,18900,0.0,0.0,0.0
2017-03-29 00:00:00-04:00,24.700000762939453,24.700000762939453,24.700000762939453,24.700000762939453,0,0.0,0.0,0.0
2017-03-30 00:00:00-04:00,24.9060001373291,24.920000076293945,24.9060001373291,24.920000076293945,1800,0.0,0.0,0.0
2017-03-31 00:00:00-04:00,24.920000076293945,24.920000076293945,24.920000076293945,24.920000076293945,0,0.0,0.0,0.0
2017-04-03 00:00:00-04:00,24.742000579833984,24.760000228881836,24.742000579833984,24.760000228881836,28100,0.0,0.0,0.0
2017-04-04 00:00:00-04:00,24.889999389648438,24.920000076293945,24.889999389648438,24.920000076293945,700,0.0,0.0,0.0
2017-04-05 00:00:00-04:00,24.920000076293945,24.920000076293945,24.920000076293945,24.920000076293945,0,0.0,0.0,0.0
2017-04-06 00:00:00-04:00,24.816999435424805,24.899999618530273,24.791000366210938,24.834999084472656,5700,0.0,0.0,0.0
2017-04-07 00:00:00-04:00,24.959999084472656,25.229000091552734,24.959999084472656,25.229000091552734,7000,0.0,0.0,0.0
2017-04-10 00:00:00-04:00,24.940000534057617,24.940000534057617,24.89900016784668,24.940000534057617,6600,0.0,0.0,0.0
2017-04-11 00:00:00-04:00,24.844999313354492,24.844999313354492,24.844999313354492,24.844999313354492,200,0.0,0.0,0.0
2017-04-12 00:00:00-04:00,24.96299934387207,24.989999771118164,24.8700008392334,24.8700008392334,3700,0.0,0.0,0.0
2017-04-13 00:00:00-04:00,24.8799991607666,24.889999389648438,24.829999923706055,24.889999389648438,7100,0.0,0.0,0.0
2017-04-17 00:00:00-04:00,24.83099937438965,24.860000610351562,24.83099937438965,24.850000381469727,1500,0.0,0.0,0.0
2017-04-18 00:00:00-04:00,24.5049991607666,24.520000457763672,24.5,24.5,12300,0.0,0.0,0.0
2017-04-19 00:00:00-04:00,24.5,24.5,24.5,24.5,5900,0.0,0.0,0.0
2017-04-20 00:00:00-04:00,24.642000198364258,24.65999984741211,24.6299991607666,24.65999984741211,600,0.0,0.0,0.0
2017-04-21 00:00:00-04:00,24.57699966430664,24.57699966430664,24.549999237060547,24.549999237060547,800,0.0,0.0,0.0
2017-04-24 00:00:00-04:00,25.03499984741211,25.059999465942383,25.030000686645508,25.059999465942383,2200,0.0,0.0,0.0
2017-04-25 00:00:00-04:00,25.11400032043457,25.11400032043457,25.11400032043457,25.11400032043457,100,0.0,0.0,0.0
2017-04-26 00:00:00-04:00,25.148000717163086,25.148000717163086,25.07200050354004,25.07200050354004,1000,0.0,0.0,0.0
2017-04-27 00:00:00-04:00,25.09600067138672,25.09600067138672,25.09600067138672,25.09600067138672,300,0.0,0.0,0.0
2017-04-28 00:00:00-04:00,25.09600067138672,25.09600067138672,25.09600067138672,25.09600067138672,0,0.0,0.0,0.0
2017-05-01 00:00:00-04:00,25.190000534057617,25.229999542236328,25.15999984741211,25.229999542236328,900,0.0,0.0,0.0
2017-05-02 00:00:00-04:00,25.229999542236328,25.229999542236328,25.229999542236328,25.229999542236328,1100,0.0,0.0,0.0
2017-05-03 00:00:00-04:00,25.229000091552734,25.229000091552734,25.229000091552734,25.229000091552734,200,0.0,0.0,0.0
2017-05-04 00:00:00-04:00,25.229000091552734,25.229000091552734,25.229000091552734,25.229000091552734,0,0.0,0.0,0.0
2017-05-05 00:00:00-04:00,25.229000091552734,25.229000091552734,25.229000091552734,25.229000091552734,0,0.0,0.0,0.0
2017-05-08 00:00:00-04:00,25.229000091552734,25.229000091552734,25.229000091552734,25.229000091552734,0,0.0,0.0,0.0
2017-05-09 00:00:00-04:00,25.229000091552734,25.229000091552734,25.229000091552734,25.229000091552734,0,0.0,0.0,0.0
2017-05-10 00:00:00-04:00,25.66200065612793,25.68000030517578,25.63599967956543,25.63599967956543,2000,0.0,0.0,0.0
2017-05-11 00:00:00-04:00,25.63599967956543,25.63599967956543,25.63599967956543,25.63599967956543,0,0.0,0.0,0.0
2017-05-12 00:00:00-04:00,25.649999618530273,25.649999618530273,25.649999618530273,25.649999618530273,100,0.0,0.0,0.0
2017-05-15 00:00:00-04:00,25.71500015258789,25.71500015258789,25.71500015258789,25.71500015258789,200,0.0,0.0,0.0
2017-05-16 00:00:00-04:00,25.790000915527344,25.790000915527344,25.731000900268555,25.731000900268555,800,0.0,0.0,0.0
2017-05-17 00:00:00-04:00,25.65999984741211,25.65999984741211,25.420000076293945,25.420000076293945,1300,0.0,0.0,0.0
2017-05-18 00:00:00-04:00,25.420000076293945,25.420000076293945,25.420000076293945,25.420000076293945,0,0.0,0.0,0.0
2017-05-19 00:00:00-04:00,25.47800064086914,25.513999938964844,25.47800064086914,25.513999938964844,400,0.0,0.0,0.0
2017-05-22 00:00:00-04:00,25.513999938964844,25.513999938964844,25.513999938964844,25.513999938964844,0,0.0,0.0,0.0
2017-05-23 00:00:00-04:00,25.670000076293945,25.670000076293945,24.239999771118164,25.6200008392334,14600,0.0,0.0,0.0
2017-05-24 00:00:00-04:00,25.593000411987305,25.639999389648438,25.593000411987305,25.639999389648438,500,0.0,0.0,0.0
2017-05-25 00:00:00-04:00,25.700000762939453,25.700000762939453,25.700000762939453,25.700000762939453,200,0.0,0.0,0.0
2017-05-26 00:00:00-04:00,25.670000076293945,25.670000076293945,25.670000076293945,25.670000076293945,200,0.0,0.0,0.0
2017-05-30 00:00:00-04:00,25.739999771118164,25.760000228881836,25.739999771118164,25.760000228881836,500,0.0,0.0,0.0
2017-05-31 00:00:00-04:00,25.738000869750977,25.738000869750977,25.738000869750977,25.738000869750977,100,0.0,0.0,0.0
2017-06-01 00:00:00-04:00,25.75,25.829999923706055,25.75,25.829999923706055,5200,0.0,0.0,0.0
2017-06-02 00:00:00-04:00,25.979999542236328,25.979999542236328,25.979999542236328,25.979999542236328,700,0.0,0.0,0.0
2017-06-05 00:00:00-04:00,25.850000381469727,25.850000381469727,25.850000381469727,25.850000381469727,200,0.0,0.0,0.0
2017-06-06 00:00:00-04:00,25.670000076293945,25.670000076293945,25.670000076293945,25.670000076293945,600,0.0,0.0,0.0
2017-06-07 00:00:00-04:00,25.690000534057617,25.690000534057617,25.579999923706055,25.639999389648438,2100,0.0,0.0,0.0
2017-06-08 00:00:00-04:00,25.700000762939453,25.700000762939453,25.479999542236328,25.639999389648438,8200,0.0,0.0,0.0
2017-06-09 00:00:00-04:00,25.59000015258789,25.59000015258789,25.59000015258789,25.59000015258789,600,0.0,0.0,0.0
2017-06-12 00:00:00-04:00,25.559999465942383,25.579999923706055,25.420000076293945,25.579999923706055,13300,0.0,0.0,0.0
2017-06-13 00:00:00-04:00,25.72599983215332,25.75,25.64900016784668,25.75,2300,0.0,0.0,0.0
2017-06-14 00:00:00-04:00,25.827999114990234,25.827999114990234,25.827999114990234,25.827999114990234,1000,0.0,0.0,0.0
2017-06-15 00:00:00-04:00,25.450000762939453,25.450000762939453,25.450000762939453,25.450000762939453,500,0.0,0.0,0.0
2017-06-16 00:00:00-04:00,25.450000762939453,25.450000762939453,25.450000762939453,25.450000762939453,0,0.0,0.0,0.0
2017-06-19 00:00:00-04:00,25.799999237060547,25.989999771118164,25.790000915527344,25.989999771118164,8800,0.0,0.0,0.0
2017-06-20 00:00:00-04:00,24.690000534057617,24.690000534057617,24.43000030517578,24.520000457763672,8500,0.0,0.0,0.0
2017-06-21 00:00:00-04:00,24.450000762939453,24.450000762939453,24.40999984741211,24.450000762939453,600,0.0,0.0,0.0
2017-06-22 00:00:00-04:00,24.459999084472656,24.469999313354492,24.420000076293945,24.450000762939453,1200,0.0,0.0,0.0
2017-06-23 00:00:00-04:00,24.459999084472656,24.459999084472656,24.459999084472656,24.459999084472656,400,0.0,0.0,0.0
2017-06-26 00:00:00-04:00,24.459999084472656,24.459999084472656,24.459999084472656,24.459999084472656,0,0.0,0.0,0.0
2017-06-27 00:00:00-04:00,24.365999221801758,24.365999221801758,24.280000686645508,24.309999465942383,5600,0.0,0.0,0.0
2017-06-28 00:00:00-04:00,24.510000228881836,24.510000228881836,24.309999465942383,24.389999389648438,400,0.0,0.0,0.0
2017-06-29 00:00:00-04:00,24.389999389648438,24.389999389648438,24.389999389648438,24.389999389648438,0,0.0,0.0,0.0
2017-06-30 00:00:00-04:00,24.149999618530273,24.149999618530273,24.149999618530273,24.149999618530273,600,0.0,0.0,0.0
2017-07-03 00:00:00-04:00,24.190000534057617,24.190000534057617,24.190000534057617,24.190000534057617,1000,0.0,0.0,0.0
2017-07-05 00:00:00-04:00,24.190000534057617,24.190000534057617,24.190000534057617,24.190000534057617,0,0.0,0.0,0.0
2017-07-06 00:00:00-04:00,24.100000381469727,24.100000381469727,24.06399917602539,24.06399917602539,2500,0.0,0.0,0.0
2017-07-07 00:00:00-04:00,24.176000595092773,24.176000595092773,24.176000595092773,24.176000595092773,500,0.0,0.0,0.0
2017-07-10 00:00:00-04:00,24.176000595092773,24.176000595092773,24.176000595092773,24.176000595092773,0,0.0,0.0,0.0
2017-07-11 00:00:00-04:00,24.18000030517578,24.18000030517578,24.18000030517578,24.18000030517578,600,0.0,0.0,0.0
2017-07-12 00:00:00-04:00,24.275999069213867,24.290000915527344,24.275999069213867,24.290000915527344,1500,0.0,0.0,0.0
2017-07-13 00:00:00-04:00,24.34000015258789,24.3799991607666,24.309999465942383,24.3799991607666,13900,0.0,0.0,0.0
2017-07-14 00:00:00-04:00,24.270000457763672,24.40999984741211,24.270000457763672,24.40999984741211,1300,0.0,0.0,0.0
2017-07-17 00:00:00-04:00,24.40999984741211,24.40999984741211,24.350000381469727,24.350000381469727,1700,0.0,0.0,0.0
2017-07-18 00:00:00-04:00,24.201000213623047,24.25,24.149999618530273,24.25,7900,0.0,0.0,0.0
2017-07-19 00:00:00-04:00,24.40999984741211,24.43000030517578,24.40999984741211,24.43000030517578,1600,0.0,0.0,0.0
2017-07-20 00:00:00-04:00,24.389999389648438,24.459999084472656,24.389999389648438,24.459999084472656,2300,0.0,0.0,0.0
2017-07-21 00:00:00-04:00,24.34000015258789,24.34000015258789,24.34000015258789,24.34000015258789,100,0.0,0.0,0.0
2017-07-24 00:00:00-04:00,24.200000762939453,24.209999084472656,24.200000762939453,24.209999084472656,900,0.0,0.0,0.0
2017-07-25 00:00:00-04:00,24.299999237060547,24.299999237060547,24.280000686645508,24.290000915527344,1100,0.0,0.0,0.0
2017-07-26 00:00:00-04:00,24.298999786376953,24.298999786376953,24.29800033569336,24.29800033569336,1800,0.0,0.0,0.0
2017-07-27 00:00:00-04:00,24.270000457763672,24.270000457763672,24.270000457763672,24.270000457763672,200,0.0,0.0,0.0
2017-07-28 00:00:00-04:00,24.15999984741211,24.15999984741211,24.09000015258789,24.149999618530273,4900,0.0,0.0,0.0
2017-07-31 00:00:00-04:00,24.200000762939453,24.200000762939453,24.020000457763672,24.100000381469727,8100,0.0,0.0,0.0
2017-08-01 00:00:00-04:00,24.22100067138672,24.288999557495117,24.22100067138672,24.280000686645508,800,0.0,0.0,0.0
2017-08-02 00:00:00-04:00,24.31999969482422,24.31999969482422,24.31999969482422,24.31999969482422,100,0.0,0.0,0.0
2017-08-03 00:00:00-04:00,24.31999969482422,24.31999969482422,24.31999969482422,24.31999969482422,100,0.0,0.0,0.0
2017-08-04 00:00:00-04:00,24.3700008392334,24.45599937438965,24.3700008392334,24.45599937438965,1600,0.0,0.0,0.0
2017-08-07 00:00:00-04:00,24.4060001373291,24.4060001373291,24.4060001373291,24.4060001373291,300,0.0,0.0,0.0
2017-08-08 00:00:00-04:00,24.4060001373291,24.459999084472656,24.3700008392334,24.3700008392334,3400,0.0,0.0,0.0
2017-08-09 00:00:00-04:00,24.336999893188477,24.399999618530273,24.31999969482422,24.399999618530273,3100,0.0,0.0,0.0
2017-08-10 00:00:00-04:00,24.270000457763672,24.270000457763672,24.06999969482422,24.06999969482422,1800,0.0,0.0,0.0
2017-08-11 00:00:00-04:00,24.049999237060547,24.049999237060547,24.010000228881836,24.010000228881836,2200,0.0,0.0,0.0
2017-08-14 00:00:00-04:00,24.239999771118164,24.260000228881836,24.239999771118164,24.260000228881836,600,0.0,0.0,0.0
2017-08-15 00:00:00-04:00,24.3799991607666,24.3799991607666,24.329999923706055,24.360000610351562,3700,0.0,0.0,0.0
2017-08-16 00:00:00-04:00,24.40999984741211,24.420000076293945,24.3799991607666,24.3799991607666,2000,0.0,0.0,0.0
2017-08-17 00:00:00-04:00,24.3700008392334,24.3700008392334,24.18000030517578,24.18000030517578,1100,0.0,0.0,0.0
2017-08-18 00:00:00-04:00,24.149999618530273,24.149999618530273,24.079999923706055,24.149999618530273,11800,0.0,0.0,0.0
2017-08-21 00:00:00-04:00,24.170000076293945,24.170000076293945,24.09000015258789,24.149999618530273,1700,0.0,0.0,0.0
2017-08-22 00:00:00-04:00,24.280000686645508,24.371999740600586,24.280000686645508,24.34000015258789,1400,0.0,0.0,0.0
2017-08-23 00:00:00-04:00,24.290000915527344,24.299999237060547,24.236000061035156,24.299999237060547,2300,0.0,0.0,0.0
2017-08-24 00:00:00-04:00,24.325000762939453,24.325000762939453,24.2549991607666,24.2549991607666,2100,0.0,0.0,0.0
2017-08-25 00:00:00-04:00,24.329999923706055,24.329999923706055,24.239999771118164,24.239999771118164,2800,0.0,0.0,0.0
2017-08-28 00:00:00-04:00,24.260000228881836,24.260000228881836,24.190000534057617,24.190000534057617,800,0.0,0.0,0.0
2017-08-29 00:00:00-04:00,23.969999313354492,24.149999618530273,23.969999313354492,24.149999618530273,3200,0.0,0.0,0.0
2017-08-30 00:00:00-04:00,24.190000534057617,24.190000534057617,24.163000106811523,24.163000106811523,600,0.0,0.0,0.0
2017-08-31 00:00:00-04:00,24.8799991607666,24.8799991607666,24.309999465942383,24.360000610351562,8800,0.0,0.0,0.0
2017-09-01 00:00:00-04:00,24.389999389648438,24.489999771118164,24.389999389648438,24.479999542236328,1300,0.0,0.0,0.0
2017-09-05 00:00:00-04:00,24.170000076293945,24.170000076293945,24.170000076293945,24.170000076293945,200,0.0,0.0,0.0
2017-09-06 00:00:00-04:00,24.1200008392334,24.209999084472656,24.10099983215332,24.209999084472656,1800,0.0,0.0,0.0
2017-09-07 00:00:00-04:00,24.209999084472656,24.209999084472656,24.20400047302246,24.209999084472656,1200,0.0,0.0,0.0
2017-09-08 00:00:00-04:00,24.06999969482422,24.15999984741211,24.06999969482422,24.139999389648438,400,0.0,0.0,0.0
2017-09-11 00:00:00-04:00,24.399999618530273,24.479999542236328,24.399999618530273,24.479999542236328,4700,0.0,0.0,0.0
2017-09-12 00:00:00-04:00,24.43899917602539,24.5,24.43899917602539,24.5,1200,0.0,0.0,0.0
2017-09-13 00:00:00-04:00,24.469999313354492,24.469999313354492,24.440000534057617,24.440000534057617,500,0.0,0.0,0.0
2017-09-14 00:00:00-04:00,24.3700008392334,24.3700008392334,24.350000381469727,24.350000381469727,700,0.0,0.0,0.0
2017-09-15 00:00:00-04:00,24.299999237060547,24.299999237060547,24.290000915527344,24.290000915527344,500,0.0,0.0,0.0
2017-09-18 00:00:00-04:00,24.360000610351562,24.360000610351562,24.280000686645508,24.31999969482422,2400,0.0,0.0,0.0
2017-09-19 00:00:00-04:00,24.489999771118164,24.489999771118164,24.489999771118164,24.489999771118164,100,0.0,0.0,0.0
2017-09-20 00:00:00-04:00,24.45599937438965,24.489999771118164,24.45400047302246,24.489999771118164,2900,0.0,0.0,0.0
2017-09-21 00:00:00-04:00,24.309999465942383,24.309999465942383,24.309999465942383,24.309999465942383,6900,0.0,0.0,0.0
2017-09-22 00:00:00-04:00,24.416000366210938,24.469999313354492,24.416000366210938,24.440000534057617,4100,0.0,0.0,0.0
2017-09-25 00:00:00-04:00,24.3799991607666,24.3799991607666,24.350000381469727,24.350000381469727,1300,0.0,0.0,0.0
2017-09-26 00:00:00-04:00,24.26099967956543,24.280000686645508,24.260000228881836,24.280000686645508,900,0.0,0.0,0.0
2017-09-27 00:00:00-04:00,24.420000076293945,24.450000762939453,24.41900062561035,24.44300079345703,4500,0.0,0.0,0.0
2017-09-28 00:00:00-04:00,24.639999389648438,24.639999389648438,24.475000381469727,24.610000610351562,5400,0.0,0.0,0.0
2017-09-29 00:00:00-04:00,24.600000381469727,24.600000381469727,24.600000381469727,24.600000381469727,300,0.0,0.0,0.0
2017-10-02 00:00:00-04:00,24.59000015258789,24.670000076293945,24.56999969482422,24.670000076293945,3800,0.0,0.0,0.0
2017-10-03 00:00:00-04:00,24.670000076293945,24.739999771118164,24.670000076293945,24.709999084472656,7800,0.0,0.0,0.0
2017-10-04 00:00:00-04:00,24.684999465942383,24.70199966430664,24.679000854492188,24.679000854492188,1700,0.0,0.0,0.0
2017-10-05 00:00:00-04:00,24.530000686645508,24.618999481201172,24.530000686645508,24.593000411987305,8500,0.0,0.0,0.0
2017-10-06 00:00:00-04:00,24.709999084472656,24.739999771118164,24.56999969482422,24.739999771118164,8700,0.0,0.0,0.0
2017-10-09 00:00:00-04:00,24.8700008392334,24.8700008392334,24.860000610351562,24.8700008392334,2500,0.0,0.0,0.0
2017-10-10 00:00:00-04:00,25.030000686645508,25.030000686645508,25.030000686645508,25.030000686645508,2100,0.0,0.0,0.0
2017-10-11 00:00:00-04:00,24.90999984741211,24.959999084472656,24.90999984741211,24.959999084472656,1100,0.0,0.0,0.0
2017-10-12 00:00:00-04:00,25.1299991607666,25.1299991607666,24.989999771118164,25.079999923706055,3700,0.0,0.0,0.0
2017-10-13 00:00:00-04:00,25.06999969482422,25.149999618530273,25.06999969482422,25.139999389648438,2400,0.0,0.0,0.0
2017-10-16 00:00:00-04:00,25.020000457763672,25.030000686645508,25.0049991607666,25.030000686645508,1400,0.0,0.0,0.0
2017-10-17 00:00:00-04:00,25.200000762939453,25.200000762939453,25.0,25.100000381469727,8100,0.0,0.0,0.0
2017-10-18 00:00:00-04:00,25.170000076293945,25.23900032043457,25.110000610351562,25.15999984741211,3600,0.0,0.0,0.0
2017-10-19 00:00:00-04:00,25.200000762939453,25.200000762939453,25.09000015258789,25.09000015258789,17000,0.0,0.0,0.0
2017-10-20 00:00:00-04:00,25.040000915527344,25.079999923706055,25.030000686645508,25.079999923706055,2900,0.0,0.0,0.0
2017-10-23 00:00:00-04:00,25.128999710083008,25.128999710083008,25.06999969482422,25.06999969482422,5600,0.0,0.0,0.0
2017-10-24 00:00:00-04:00,25.099000930786133,25.099000930786133,25.03499984741211,25.03499984741211,400,0.0,0.0,0.0
2017-10-25 00:00:00-04:00,25.03499984741211,25.03499984741211,25.03499984741211,25.03499984741211,0,0.0,0.0,0.0
2017-10-26 00:00:00-04:00,25.049999237060547,25.049999237060547,24.989999771118164,25.010000228881836,2000,0.0,0.0,0.0
2017-10-27 00:00:00-04:00,25.121000289916992,25.190000534057617,25.121000289916992,25.190000534057617,14700,0.0,0.0,0.0
2017-10-30 00:00:00-04:00,25.29199981689453,25.329999923706055,25.25,25.25,8900,0.0,0.0,0.0
2017-10-31 00:00:00-04:00,25.13800048828125,25.139999389648438,25.135000228881836,25.139999389648438,1700,0.0,0.0,0.0
2017-11-01 00:00:00-04:00,25.190000534057617,25.25,25.190000534057617,25.25,7100,0.0,0.0,0.0
2017-11-02 00:00:00-04:00,25.15999984741211,25.200000762939453,25.110000610351562,25.200000762939453,15300,0.0,0.0,0.0
2017-11-03 00:00:00-04:00,25.1560001373291,25.209999084472656,25.1200008392334,25.209999084472656,1400,0.0,0.0,0.0
2017-11-06 00:00:00-05:00,25.270000457763672,25.329999923706055,25.25200080871582,25.277000427246094,3300,0.0,0.0,0.0
2017-11-07 00:00:00-05:00,25.309999465942383,25.31999969482422,25.2450008392334,25.30900001525879,1900,0.0,0.0,0.0
2017-11-08 00:00:00-05:00,25.507999420166016,25.540000915527344,25.3700008392334,25.3700008392334,2300,0.0,0.0,0.0
2017-11-09 00:00:00-05:00,25.350000381469727,25.360000610351562,25.149999618530273,25.149999618530273,10100,0.0,0.0,0.0
2017-11-10 00:00:00-05:00,25.309999465942383,25.309999465942383,25.200000762939453,25.200000762939453,11600,0.0,0.0,0.0
2017-11-13 00:00:00-05:00,25.1299991607666,25.149999618530273,25.100000381469727,25.100000381469727,2200,0.0,0.0,0.0
2017-11-14 00:00:00-05:00,25.139999389648438,25.139999389648438,24.899999618530273,24.959999084472656,2800,0.0,0.0,0.0
2017-11-15 00:00:00-05:00,25.010000228881836,25.010000228881836,24.98900032043457,24.98900032043457,600,0.0,0.0,0.0
2017-11-16 00:00:00-05:00,25.149999618530273,25.260000228881836,25.049999237060547,25.260000228881836,18200,0.0,0.0,0.0
2017-11-17 00:00:00-05:00,25.260000228881836,25.260000228881836,25.260000228881836,25.260000228881836,18600,0.0,0.0,0.0
2017-11-20 00:00:00-05:00,25.2189998626709,25.229000091552734,25.2189998626709,25.229000091552734,1700,0.0,0.0,0.0
2017-11-21 00:00:00-05:00,25.489999771118164,25.73200035095215,25.350000381469727,25.59000015258789,19400,0.0,0.0,0.0
2017-11-22 00:00:00-05:00,25.733999252319336,25.733999252319336,25.350000381469727,25.350000381469727,1500,0.0,0.0,0.0
2017-11-24 00:00:00-05:00,25.273000717163086,25.399999618530273,25.273000717163086,25.399999618530273,1000,0.0,0.0,0.0
2017-11-27 00:00:00-05:00,25.260000228881836,25.260000228881836,25.10300064086914,25.139999389648438,1900,0.0,0.0,0.0
2017-11-28 00:00:00-05:00,25.149999618530273,25.165000915527344,25.149999618530273,25.149999618530273,3200,0.0,0.0,0.0
2017-11-29 00:00:00-05:00,25.209999084472656,25.209999084472656,25.135000228881836,25.15999984741211,2400,0.0,0.0,0.0
2017-11-30 00:00:00-05:00,25.6200008392334,25.6200008392334,25.260000228881836,25.260000228881836,2500,0.0,0.0,0.0
2017-12-01 00:00:00-05:00,25.260000228881836,25.260000228881836,25.260000228881836,25.260000228881836,0,0.0,0.0,0.0
2017-12-04 00:00:00-05:00,28.15999984741211,28.15999984741211,25.170000076293945,25.450000762939453,4200,0.0,0.0,0.0
2017-12-05 00:00:00-05:00,25.260000228881836,25.360000610351562,25.09000015258789,25.344999313354492,1100,0.0,0.0,0.0
2017-12-06 00:00:00-05:00,25.15999984741211,25.209999084472656,25.15999984741211,25.190000534057617,1400,0.0,0.0,0.0
2017-12-07 00:00:00-05:00,25.20800018310547,25.20800018310547,25.20800018310547,25.20800018310547,200,0.0,0.0,0.0
2017-12-08 00:00:00-05:00,25.389999389648438,25.389999389648438,25.31999969482422,25.31999969482422,5200,0.0,0.0,0.0
2017-12-11 00:00:00-05:00,25.485000610351562,25.538999557495117,25.3799991607666,25.3799991607666,6400,0.0,0.0,0.0
2017-12-12 00:00:00-05:00,25.5,25.5,25.3700008392334,25.3700008392334,900,0.0,0.0,0.0
2017-12-13 00:00:00-05:00,25.84000015258789,25.84000015258789,25.645000457763672,25.645000457763672,2100,0.0,0.0,0.0
2017-12-14 00:00:00-05:00,25.513999938964844,25.513999938964844,25.209999084472656,25.209999084472656,600,0.0,0.0,0.0
2017-12-15 00:00:00-05:00,25.325000762939453,25.3799991607666,25.239999771118164,25.239999771118164,2800,0.0,0.0,0.0
2017-12-18 00:00:00-05:00,25.5,25.56999969482422,25.389999389648438,25.389999389648438,3900,0.0,0.0,0.0
2017-12-19 00:00:00-05:00,25.6299991607666,25.6299991607666,25.350000381469727,25.350000381469727,2900,0.0,0.0,0.0
2017-12-20 00:00:00-05:00,25.31999969482422,25.31999969482422,25.25,25.259000778198242,2200,0.0,0.0,0.0
2017-12-21 00:00:00-05:00,25.290000915527344,25.80900001525879,25.280000686645508,25.299999237060547,9100,0.0,0.0,0.0
2017-12-22 00:00:00-05:00,25.260000228881836,25.420000076293945,25.260000228881836,25.420000076293945,300,0.0,0.0,0.0
2017-12-26 00:00:00-05:00,25.489999771118164,25.489999771118164,25.360000610351562,25.389999389648438,3300,0.0,0.0,0.0
2017-12-27 00:00:00-05:00,25.347999572753906,25.347999572753906,25.347999572753906,25.347999572753906,300,0.0,0.0,0.0
2017-12-28 00:00:00-05:00,25.41900062561035,25.420000076293945,25.360000610351562,25.360000610351562,3100,0.0,0.0,0.0
2017-12-29 00:00:00-05:00,25.420000076293945,25.440000534057617,25.290000915527344,25.340999603271484,1700,0.0,0.0,0.0
2018-01-02 00:00:00-05:00,25.226999282836914,25.229000091552734,25.226999282836914,25.229000091552734,1500,0.0,0.0,0.0
2018-01-03 00:00:00-05:00,25.6200008392334,25.6200008392334,25.549999237060547,25.552000045776367,4100,0.0,0.0,0.0
2018-01-04 00:00:00-05:00,25.673999786376953,25.673999786376953,25.60300064086914,25.60300064086914,400,0.0,0.0,0.0
2018-01-05 00:00:00-05:00,25.826000213623047,25.849000930786133,25.795000076293945,25.795000076293945,1300,0.0,0.0,0.0
2018-01-08 00:00:00-05:00,25.719999313354492,25.899999618530273,25.545000076293945,25.850000381469727,2700,0.0,0.0,0.0
2018-01-09 00:00:00-05:00,25.9689998626709,25.9689998626709,25.90999984741211,25.90999984741211,2800,0.0,0.0,0.0
2018-01-10 00:00:00-05:00,25.729000091552734,25.827999114990234,25.6200008392334,25.6200008392334,4800,0.0,0.0,0.0
2018-01-11 00:00:00-05:00,25.674999237060547,25.829999923706055,25.649999618530273,25.829999923706055,1200,0.0,0.0,0.0
2018-01-12 00:00:00-05:00,25.746000289916992,25.746000289916992,25.610000610351562,25.652999877929688,1100,0.0,0.0,0.0
2018-01-16 00:00:00-05:00,25.850000381469727,25.850000381469727,25.56999969482422,25.56999969482422,2100,0.0,0.0,0.0
2018-01-17 00:00:00-05:00,25.523000717163086,25.729999542236328,25.523000717163086,25.729999542236328,900,0.0,0.0,0.0
2018-01-18 00:00:00-05:00,25.610000610351562,25.670000076293945,25.610000610351562,25.639999389648438,1400,0.0,0.0,0.0
2018-01-19 00:00:00-05:00,25.600000381469727,25.690000534057617,25.209999084472656,25.520000457763672,26000,0.0,0.0,0.0
2018-01-22 00:00:00-05:00,25.56999969482422,25.649999618530273,25.56100082397461,25.6299991607666,2100,0.0,0.0,0.0
2018-01-23 00:00:00-05:00,25.649999618530273,25.700000762939453,25.6200008392334,25.700000762939453,900,0.0,0.0,0.0
2018-01-24 00:00:00-05:00,25.739999771118164,25.739999771118164,25.450000762939453,25.450000762939453,2300,0.0,0.0,0.0
2018-01-25 00:00:00-05:00,25.420000076293945,25.420000076293945,25.389999389648438,25.389999389648438,500,0.0,0.0,0.0
2018-01-26 00:00:00-05:00,25.440000534057617,25.530000686645508,25.22100067138672,25.420000076293945,35100,0.0,0.0,0.0
2018-01-29 00:00:00-05:00,25.31999969482422,25.360000610351562,25.25,25.329999923706055,16100,0.0,0.0,0.0
2018-01-30 00:00:00-05:00,25.350000381469727,25.350000381469727,25.350000381469727,25.350000381469727,400,0.0,0.0,0.0
2018-01-31 00:00:00-05:00,25.149999618530273,25.149999618530273,25.149999618530273,25.149999618530273,200,0.0,0.0,0.0
2018-02-01 00:00:00-05:00,25.100000381469727,25.100000381469727,25.0,25.0,500,0.0,0.0,0.0
2018-02-02 00:00:00-05:00,25.170000076293945,25.170000076293945,24.958999633789062,24.958999633789062,1500,0.0,0.0,0.0
2018-02-05 00:00:00-05:00,24.59000015258789,25.1299991607666,23.920000076293945,23.920000076293945,12500,0.0,0.0,0.0
2018-02-06 00:00:00-05:00,23.920000076293945,23.920000076293945,23.920000076293945,23.920000076293945,0,0.0,0.0,0.0
2018-02-07 00:00:00-05:00,24.1299991607666,24.322999954223633,24.1299991607666,24.322999954223633,7600,0.0,0.0,0.0
2018-02-08 00:00:00-05:00,24.170000076293945,24.170000076293945,23.899999618530273,23.899999618530273,2200,0.0,0.0,0.0
2018-02-09 00:00:00-05:00,23.989999771118164,23.989999771118164,23.989999771118164,23.989999771118164,200,0.0,0.0,0.0
2018-02-12 00:00:00-05:00,23.959999084472656,24.100000381469727,23.959999084472656,24.100000381469727,400,0.0,0.0,0.0
2018-02-13 00:00:00-05:00,24.0,24.0,23.885000228881836,23.940000534057617,1500,0.0,0.0,0.0
2018-02-14 00:00:00-05:00,23.940000534057617,23.940000534057617,23.940000534057617,23.940000534057617,0,0.0,0.0,0.0
2018-02-15 00:00:00-05:00,24.170000076293945,24.18000030517578,24.170000076293945,24.18000030517578,1500,0.0,0.0,0.0
2018-02-16 00:00:00-05:00,24.3700008392334,24.3700008392334,24.3700008392334,24.3700008392334,200,0.0,0.0,0.0
2018-02-20 00:00:00-05:00,24.3700008392334,24.3700008392334,24.3700008392334,24.3700008392334,200,0.0,0.0,0.0
2018-02-21 00:00:00-05:00,24.459999084472656,24.459999084472656,24.43000030517578,24.43000030517578,300,0.0,0.0,0.0
2018-02-22 00:00:00-05:00,24.406999588012695,24.406999588012695,24.34000015258789,24.3700008392334,1300,0.0,0.0,0.0
2018-02-23 00:00:00-05:00,24.639999389648438,24.729999542236328,24.56999969482422,24.729999542236328,600,0.0,0.0,0.0
2018-02-26 00:00:00-05:00,24.75,24.760000228881836,24.700000762939453,24.760000228881836,1200,0.0,0.0,0.0
2018-02-27 00:00:00-05:00,24.700000762939453,24.780000686645508,24.700000762939453,24.700000762939453,700,0.0,0.0,0.0
2018-02-28 00:00:00-05:00,24.510000228881836,24.6299991607666,24.510000228881836,24.600000381469727,2400,0.0,0.0,0.0
2018-03-01 00:00:00-05:00,24.25,24.25,24.239999771118164,24.239999771118164,2000,0.0,0.0,0.0
2018-03-02 00:00:00-05:00,23.770000457763672,23.770000457763672,23.610000610351562,23.610000610351562,400,0.0,0.0,0.0
2018-03-05 00:00:00-05:00,23.850000381469727,24.15999984741211,23.850000381469727,24.15999984741211,1400,0.0,0.0,0.0
2018-03-06 00:00:00-05:00,24.299999237060547,24.299999237060547,24.079999923706055,24.229999542236328,700,0.0,0.0,0.0
2018-03-07 00:00:00-05:00,24.229999542236328,24.229999542236328,24.229999542236328,24.229999542236328,0,0.0,0.0,0.0
2018-03-08 00:00:00-05:00,24.420000076293945,24.489999771118164,24.420000076293945,24.489999771118164,200,0.0,0.0,0.0
2018-03-09 00:00:00-05:00,24.43000030517578,24.450000762939453,24.40999984741211,24.43000030517578,4000,0.0,0.0,0.0
2018-03-12 00:00:00-04:00,24.40999984741211,24.489999771118164,24.364999771118164,24.489999771118164,1000,0.0,0.0,0.0
2018-03-13 00:00:00-04:00,24.489999771118164,24.489999771118164,24.184999465942383,24.184999465942383,1000,0.0,0.0,0.0
2018-03-14 00:00:00-04:00,24.3799991607666,24.420000076293945,24.309999465942383,24.329999923706055,1700,0.0,0.0,0.0
2018-03-15 00:00:00-04:00,24.329999923706055,24.329999923706055,24.329999923706055,24.329999923706055,0,0.0,0.0,0.0
2018-03-16 00:00:00-04:00,24.5,24.549999237060547,24.450000762939453,24.485000610351562,4700,0.0,0.0,0.0
2018-03-19 00:00:00-04:00,24.059999465942383,24.100000381469727,24.049999237060547,24.100000381469727,2900,0.0,0.0,0.0
2018-03-20 00:00:00-04:00,24.450000762939453,24.450000762939453,24.360000610351562,24.360000610351562,600,0.0,0.0,0.0
2018-03-21 00:00:00-04:00,24.059999465942383,24.190000534057617,24.0,24.040000915527344,2600,0.0,0.0,0.0
2018-03-22 00:00:00-04:00,23.799999237060547,23.799999237060547,23.799999237060547,23.799999237060547,500,0.0,0.0,0.0
2018-03-23 00:00:00-04:00,23.729999542236328,23.729999542236328,23.729999542236328,23.729999542236328,400,0.0,0.0,0.0
2018-03-26 00:00:00-04:00,23.58099937438965,23.690000534057617,23.58099937438965,23.68199920654297,2700,0.0,0.0,0.0
2018-03-27 00:00:00-04:00,24.040000915527344,24.110000610351562,23.76300048828125,23.920000076293945,2200,0.0,0.0,0.0
2018-03-28 00:00:00-04:00,24.280000686645508,24.280000686645508,23.632999420166016,24.270000457763672,3200,0.0,0.0,0.0
2018-03-29 00:00:00-04:00,24.235000610351562,24.360000610351562,24.235000610351562,24.299999237060547,1100,0.0,0.0,0.0
2018-04-02 00:00:00-04:00,24.100000381469727,24.31999969482422,23.829999923706055,23.829999923706055,3400,0.0,0.0,0.0
2018-04-03 00:00:00-04:00,24.149999618530273,24.149999618530273,23.579999923706055,24.1200008392334,92900,0.0,0.0,0.0
2018-04-04 00:00:00-04:00,23.75,24.06999969482422,23.75,24.06999969482422,9300,0.0,0.0,0.0
2018-04-05 00:00:00-04:00,24.34000015258789,24.34000015258789,24.34000015258789,24.34000015258789,200,0.0,0.0,0.0
2018-04-06 00:00:00-04:00,24.239999771118164,24.239999771118164,24.174999237060547,24.209999084472656,1100,0.0,0.0,0.0
2018-04-09 00:00:00-04:00,24.329999923706055,24.3799991607666,24.329999923706055,24.3700008392334,23000,0.0,0.0,0.0
2018-04-10 00:00:00-04:00,24.399999618530273,24.540000915527344,24.399999618530273,24.540000915527344,1400,0.0,0.0,0.0
2018-04-11 00:00:00-04:00,24.40999984741211,24.40999984741211,24.40999984741211,24.40999984741211,100,0.0,0.0,0.0
2018-04-12 00:00:00-04:00,24.40999984741211,24.40999984741211,24.40999984741211,24.40999984741211,0,0.0,0.0,0.0
2018-04-13 00:00:00-04:00,24.440000534057617,24.440000534057617,24.389999389648438,24.41900062561035,9300,0.0,0.0,0.0
2018-04-16 00:00:00-04:00,24.420000076293945,24.420000076293945,24.420000076293945,24.420000076293945,200,0.0,0.0,0.0
2018-04-17 00:00:00-04:00,24.56999969482422,24.579999923706055,24.56999969482422,24.579999923706055,500,0.0,0.0,0.0
2018-04-18 00:00:00-04:00,24.56999969482422,24.579999923706055,24.5,24.579999923706055,600,0.0,0.0,0.0
2018-04-19 00:00:00-04:00,24.545000076293945,24.579999923706055,24.545000076293945,24.579999923706055,400,0.0,0.0,0.0
2018-04-20 00:00:00-04:00,24.579999923706055,24.770000457763672,24.520000457763672,24.520000457763672,1800,0.0,0.0,0.0
2018-04-23 00:00:00-04:00,24.520000457763672,24.520999908447266,24.520000457763672,24.520999908447266,1000,0.0,0.0,0.0
2018-04-24 00:00:00-04:00,24.399999618530273,24.450000762939453,24.389999389648438,24.450000762939453,900,0.0,0.0,0.0
2018-04-25 00:00:00-04:00,24.569000244140625,24.582000732421875,24.569000244140625,24.582000732421875,300,0.0,0.0,0.0
2018-04-26 00:00:00-04:00,24.579999923706055,24.6200008392334,24.575000762939453,24.6200008392334,1700,0.0,0.0,0.0
2018-04-27 00:00:00-04:00,25.049999237060547,25.049999237060547,25.049999237060547,25.049999237060547,300,0.0,0.0,0.0
2018-04-30 00:00:00-04:00,25.049999237060547,25.049999237060547,25.049999237060547,25.049999237060547,0,0.0,0.0,0.0
2018-05-01 00:00:00-04:00,24.899999618530273,26.030000686645508,24.899999618530273,25.06999969482422,5900,0.0,0.0,0.0
2018-05-02 00:00:00-04:00,25.06999969482422,25.06999969482422,25.06999969482422,25.06999969482422,0,0.0,0.0,0.0
2018-05-03 00:00:00-04:00,25.049999237060547,25.049999237060547,25.020000457763672,25.020000457763672,1400,0.0,0.0,0.0
2018-05-04 00:00:00-04:00,25.079999923706055,25.079999923706055,25.079999923706055,25.079999923706055,300,0.0,0.0,0.0
2018-05-07 00:00:00-04:00,25.079999923706055,25.18400001525879,25.079999923706055,25.18400001525879,1500,0.0,0.0,0.0
2018-05-08 00:00:00-04:00,24.93000030517578,25.1299991607666,24.93000030517578,25.1299991607666,600,0.0,0.0,0.0
2018-05-09 00:00:00-04:00,25.1299991607666,25.1299991607666,25.1299991607666,25.1299991607666,0,0.0,0.0,0.0
2018-05-10 00:00:00-04:00,25.424999237060547,25.424999237060547,25.415000915527344,25.415000915527344,400,0.0,0.0,0.0
2018-05-11 00:00:00-04:00,25.415000915527344,25.415000915527344,25.415000915527344,25.415000915527344,0,0.0,0.0,0.0
2018-05-14 00:00:00-04:00,25.3700008392334,25.3700008392334,25.3700008392334,25.3700008392334,100,0.0,0.0,0.0
2018-05-15 00:00:00-04:00,25.3700008392334,25.3700008392334,25.3700008392334,25.3700008392334,0,0.0,0.0,0.0
2018-05-16 00:00:00-04:00,25.1299991607666,25.3799991607666,25.1299991607666,25.299999237060547,22800,0.0,0.0,0.0
2018-05-17 00:00:00-04:00,25.450000762939453,25.450000762939453,25.299999237060547,25.299999237060547,33900,0.0,0.0,0.0
2018-05-18 00:00:00-04:00,25.329999923706055,25.399999618530273,25.239999771118164,25.239999771118164,67900,0.0,0.0,0.0
2018-05-21 00:00:00-04:00,25.239999771118164,25.239999771118164,25.239999771118164,25.239999771118164,0,0.0,0.0,0.0
2018-05-22 00:00:00-04:00,25.239999771118164,25.239999771118164,25.239999771118164,25.239999771118164,0,0.0,0.0,0.0
2018-05-23 00:00:00-04:00,25.610000610351562,25.709999084472656,25.540000915527344,25.709999084472656,16300,0.0,0.0,0.0
2018-05-24 00:00:00-04:00,25.649999618530273,25.649999618530273,25.520000457763672,25.520000457763672,1100,0.0,0.0,0.0
2018-05-25 00:00:00-04:00,25.520000457763672,25.520000457763672,25.520000457763672,25.520000457763672,0,0.0,0.0,0.0
2018-05-29 00:00:00-04:00,24.719999313354492,25.25,24.719999313354492,25.200000762939453,800,0.0,0.0,0.0
2018-05-30 00:00:00-04:00,25.200000762939453,25.200000762939453,25.200000762939453,25.200000762939453,0,0.0,0.0,0.0
2018-05-31 00:00:00-04:00,25.200000762939453,25.200000762939453,25.200000762939453,25.200000762939453,0,0.0,0.0,0.0
2018-06-01 00:00:00-04:00,25.200000762939453,25.200000762939453,25.200000762939453,25.200000762939453,0,0.0,0.0,0.0
2018-06-04 00:00:00-04:00,25.200000762939453,25.200000762939453,25.200000762939453,25.200000762939453,0,0.0,0.0,0.0
2018-06-05 00:00:00-04:00,25.200000762939453,25.200000762939453,25.200000762939453,25.200000762939453,0,0.0,0.0,0.0
2018-06-06 00:00:00-04:00,25.549999237060547,25.549999237060547,25.549999237060547,25.549999237060547,200,0.0,0.0,0.0
2018-06-07 00:00:00-04:00,25.510000228881836,25.510000228881836,25.43000030517578,25.43000030517578,700,0.0,0.0,0.0
2018-06-08 00:00:00-04:00,25.506999969482422,25.506999969482422,25.506999969482422,25.506999969482422,100,0.0,0.0,0.0
2018-06-11 00:00:00-04:00,25.506999969482422,25.506999969482422,25.506999969482422,25.506999969482422,0,0.0,0.0,0.0
2018-06-12 00:00:00-04:00,25.506999969482422,25.506999969482422,25.506999969482422,25.506999969482422,0,0.0,0.0,0.0
2018-06-13 00:00:00-04:00,25.43000030517578,25.43400001525879,25.350000381469727,25.43400001525879,2800,0.0,0.0,0.0
2018-06-14 00:00:00-04:00,25.43400001525879,25.43400001525879,25.43400001525879,25.43400001525879,0,0.0,0.0,0.0
2018-06-15 00:00:00-04:00,25.530000686645508,25.59000015258789,25.5,25.511999130249023,900,0.0,0.0,0.0
2018-06-18 00:00:00-04:00,25.530000686645508,25.530000686645508,25.530000686645508,25.530000686645508,200,0.0,0.0,0.0
2018-06-19 00:00:00-04:00,24.829999923706055,25.209999084472656,24.829999923706055,25.209999084472656,600,0.0,0.0,0.0
2018-06-20 00:00:00-04:00,25.209999084472656,25.209999084472656,25.209999084472656,25.209999084472656,0,0.0,0.0,0.0
2018-06-21 00:00:00-04:00,25.016000747680664,25.030000686645508,24.899999618530273,24.899999618530273,800,0.0,0.0,0.0
2018-06-22 00:00:00-04:00,25.059999465942383,25.059999465942383,25.059999465942383,25.059999465942383,100,0.0,0.0,0.0
2018-06-25 00:00:00-04:00,24.80299949645996,24.80299949645996,24.760000228881836,24.760000228881836,400,0.0,0.0,0.0
2018-06-26 00:00:00-04:00,24.600000381469727,24.600000381469727,24.600000381469727,24.600000381469727,200,0.0,0.0,0.0
2018-06-27 00:00:00-04:00,24.8799991607666,24.8799991607666,24.8700008392334,24.8700008392334,300,0.0,0.0,0.0
2018-06-28 00:00:00-04:00,24.8700008392334,24.8700008392334,24.8700008392334,24.8700008392334,100,0.0,0.0,0.0
2018-06-29 00:00:00-04:00,24.959999084472656,24.959999084472656,24.92300033569336,24.92300033569336,600,0.0,0.0,0.0
2018-07-02 00:00:00-04:00,24.92300033569336,24.92300033569336,24.92300033569336,24.92300033569336,100,0.0,0.0,0.0
2018-07-03 00:00:00-04:00,24.700000762939453,24.700000762939453,24.700000762939453,24.700000762939453,200,0.0,0.0,0.0
2018-07-05 00:00:00-04:00,24.700000762939453,24.700000762939453,24.700000762939453,24.700000762939453,0,0.0,0.0,0.0
2018-07-06 00:00:00-04:00,24.950000762939453,24.950000762939453,24.950000762939453,24.950000762939453,600,0.0,0.0,0.0
2018-07-09 00:00:00-04:00,24.950000762939453,24.950000762939453,24.950000762939453,24.950000762939453,0,0.0,0.0,0.0
2018-07-10 00:00:00-04:00,25.051000595092773,25.051000595092773,25.030000686645508,25.030000686645508,1800,0.0,0.0,0.0
2018-07-11 00:00:00-04:00,25.030000686645508,25.030000686645508,25.030000686645508,25.030000686645508,0,0.0,0.0,0.0
2018-07-12 00:00:00-04:00,25.030000686645508,25.030000686645508,25.030000686645508,25.030000686645508,0,0.0,0.0,0.0
2018-07-13 00:00:00-04:00,25.260000228881836,25.30500030517578,25.149999618530273,25.204999923706055,700,0.0,0.0,0.0
2018-07-16 00:00:00-04:00,25.200000762939453,25.200000762939453,25.200000762939453,25.200000762939453,200,0.0,0.0,0.0
2018-07-17 00:00:00-04:00,25.190000534057617,25.239999771118164,25.190000534057617,25.239999771118164,600,0.0,0.0,0.0
2018-07-18 00:00:00-04:00,25.299999237060547,25.299999237060547,25.299999237060547,25.299999237060547,3200,0.0,0.0,0.0
2018-07-19 00:00:00-04:00,25.299999237060547,25.299999237060547,25.299999237060547,25.299999237060547,1700,0.0,0.0,0.0
2018-07-20 00:00:00-04:00,25.299999237060547,25.299999237060547,25.299999237060547,25.299999237060547,700,0.0,0.0,0.0
2018-07-23 00:00:00-04:00,25.299999237060547,25.299999237060547,25.299999237060547,25.299999237060547,0,0.0,0.0,0.0
2018-07-24 00:00:00-04:00,25.600000381469727,25.68000030517578,25.5,25.5,1200,0.0,0.0,0.0
2018-07-25 00:00:00-04:00,25.5,25.5,25.5,25.5,300,0.0,0.0,0.0
2018-07-26 00:00:00-04:00,25.533000946044922,25.533000946044922,25.5,25.5,500,0.0,0.0,0.0
2018-07-27 00:00:00-04:00,25.600000381469727,25.600000381469727,25.549999237060547,25.549999237060547,400,0.0,0.0,0.0
2018-07-30 00:00:00-04:00,25.6200008392334,25.6299991607666,25.545000076293945,25.6299991607666,900,0.0,0.0,0.0
2018-07-31 00:00:00-04:00,25.621999740600586,25.621999740600586,25.530000686645508,25.549999237060547,7500,0.0,0.0,0.0
2018-08-01 00:00:00-04:00,25.479999542236328,25.479999542236328,25.479999542236328,25.479999542236328,200,0.0,0.0,0.0
2018-08-02 00:00:00-04:00,25.31999969482422,25.31999969482422,25.31999969482422,25.31999969482422,400,0.0,0.0,0.0
2018-08-03 00:00:00-04:00,25.329999923706055,25.329999923706055,25.329999923706055,25.329999923706055,1000,0.0,0.0,0.0
2018-08-06 00:00:00-04:00,25.329999923706055,25.329999923706055,25.329999923706055,25.329999923706055,0,0.0,0.0,0.0
2018-08-07 00:00:00-04:00,25.329999923706055,25.329999923706055,25.329999923706055,25.329999923706055,0,0.0,0.0,0.0
2018-08-08 00:00:00-04:00,25.329999923706055,25.329999923706055,25.329999923706055,25.329999923706055,0,0.0,0.0,0.0
2018-08-09 00:00:00-04:00,25.479999542236328,25.559999465942383,25.479999542236328,25.489999771118164,1900,0.0,0.0,0.0
2018-08-10 00:00:00-04:00,25.395999908447266,25.395999908447266,25.280000686645508,25.280000686645508,800,0.0,0.0,0.0
2018-08-13 00:00:00-04:00,25.280000686645508,25.280000686645508,25.280000686645508,25.280000686645508,100,0.0,0.0,0.0
2018-08-14 00:00:00-04:00,25.399999618530273,25.399999618530273,25.399999618530273,25.399999618530273,300,0.0,0.0,0.0
2018-08-15 00:00:00-04:00,25.399999618530273,25.399999618530273,25.399999618530273,25.399999618530273,0,0.0,0.0,0.0
2018-08-16 00:00:00-04:00,25.399999618530273,25.399999618530273,25.399999618530273,25.399999618530273,0,0.0,0.0,0.0
2018-08-17 00:00:00-04:00,25.360000610351562,25.360000610351562,25.360000610351562,25.360000610351562,200,0.0,0.0,0.0
2018-08-20 00:00:00-04:00,25.360000610351562,25.360000610351562,25.360000610351562,25.360000610351562,0,0.0,0.0,0.0
2018-08-21 00:00:00-04:00,25.389999389648438,25.389999389648438,25.389999389648438,25.389999389648438,100,0.0,0.0,0.0
2018-08-22 00:00:00-04:00,25.389999389648438,25.389999389648438,25.389999389648438,25.389999389648438,0,0.0,0.0,0.0
2018-08-23 00:00:00-04:00,25.389999389648438,25.389999389648438,25.389999389648438,25.389999389648438,0,0.0,0.0,0.0
2018-08-24 00:00:00-04:00,25.229999542236328,25.299999237060547,25.200000762939453,25.299999237060547,1400,0.0,0.0,0.0
2018-08-27 00:00:00-04:00,25.43000030517578,25.5,25.43000030517578,25.5,500,0.0,0.0,0.0
2018-08-28 00:00:00-04:00,25.510000228881836,25.525999069213867,25.5,25.513999938964844,900,0.0,0.0,0.0
2018-08-29 00:00:00-04:00,25.513999938964844,25.513999938964844,25.513999938964844,25.513999938964844,0,0.0,0.0,0.0
2018-08-30 00:00:00-04:00,25.513999938964844,25.513999938964844,25.513999938964844,25.513999938964844,0,0.0,0.0,0.0
2018-08-31 00:00:00-04:00,25.43000030517578,25.43000030517578,25.43000030517578,25.43000030517578,200,0.0,0.0,0.0
2018-09-04 00:00:00-04:00,25.06999969482422,25.15999984741211,25.06999969482422,25.15999984741211,2100,0.0,0.0,0.0
2018-09-05 00:00:00-04:00,24.84000015258789,24.84000015258789,24.790000915527344,24.790000915527344,200,0.0,0.0,0.0
2018-09-06 00:00:00-04:00,24.790000915527344,24.790000915527344,24.790000915527344,24.790000915527344,0,0.0,0.0,0.0
2018-09-07 00:00:00-04:00,24.3700008392334,24.549999237060547,24.3700008392334,24.549999237060547,1700,0.0,0.0,0.0
2018-09-10 00:00:00-04:00,24.700000762939453,24.700000762939453,24.639999389648438,24.639999389648438,400,0.0,0.0,0.0
2018-09-11 00:00:00-04:00,24.639999389648438,24.639999389648438,24.639999389648438,24.639999389648438,0,0.0,0.0,0.0
2018-09-12 00:00:00-04:00,24.780000686645508,24.81800079345703,24.780000686645508,24.81800079345703,200,0.0,0.0,0.0
2018-09-13 00:00:00-04:00,24.81800079345703,24.81800079345703,24.81800079345703,24.81800079345703,0,0.0,0.0,0.0
2018-09-14 00:00:00-04:00,24.81800079345703,24.81800079345703,24.81800079345703,24.81800079345703,0,0.0,0.0,0.0
2018-09-17 00:00:00-04:00,24.81800079345703,24.81800079345703,24.81800079345703,24.81800079345703,0,0.0,0.0,0.0
2018-09-18 00:00:00-04:00,25.139999389648438,25.170000076293945,25.139999389648438,25.170000076293945,400,0.0,0.0,0.0
2018-09-19 00:00:00-04:00,25.170000076293945,25.170000076293945,25.170000076293945,25.170000076293945,0,0.0,0.0,0.0
2018-09-20 00:00:00-04:00,25.22100067138672,25.22100067138672,25.209999084472656,25.209999084472656,200,0.0,0.0,0.0
2018-09-21 00:00:00-04:00,25.209999084472656,25.209999084472656,25.209999084472656,25.209999084472656,0,0.0,0.0,0.0
2018-09-24 00:00:00-04:00,25.256999969482422,25.256999969482422,25.209999084472656,25.239999771118164,1100,0.0,0.0,0.0
2018-09-25 00:00:00-04:00,25.3700008392334,25.38800048828125,25.3700008392334,25.38800048828125,300,0.0,0.0,0.0
2018-09-26 00:00:00-04:00,25.360000610351562,25.360000610351562,25.360000610351562,25.360000610351562,100,0.0,0.0,0.0
2018-09-27 00:00:00-04:00,25.3799991607666,25.44300079345703,25.3799991607666,25.44300079345703,900,0.0,0.0,0.0
2018-09-28 00:00:00-04:00,25.44300079345703,25.44300079345703,25.44300079345703,25.44300079345703,0,0.0,0.0,0.0
2018-10-01 00:00:00-04:00,25.44300079345703,25.44300079345703,25.44300079345703,25.44300079345703,0,0.0,0.0,0.0
2018-10-02 00:00:00-04:00,25.360000610351562,25.360000610351562,25.360000610351562,25.360000610351562,100,0.0,0.0,0.0
2018-10-03 00:00:00-04:00,25.440000534057617,25.440000534057617,25.440000534057617,25.440000534057617,100,0.0,0.0,0.0
2018-10-04 00:00:00-04:00,25.0,25.0,25.0,25.0,300,0.0,0.0,0.0
2018-10-05 00:00:00-04:00,24.8799991607666,24.90999984741211,24.8799991607666,24.90999984741211,300,0.0,0.0,0.0
2018-10-08 00:00:00-04:00,24.90999984741211,24.90999984741211,24.90999984741211,24.90999984741211,0,0.0,0.0,0.0
2018-10-09 00:00:00-04:00,24.600000381469727,24.614999771118164,24.600000381469727,24.614999771118164,200,0.0,0.0,0.0
2018-10-10 00:00:00-04:00,24.614999771118164,24.614999771118164,24.614999771118164,24.614999771118164,0,0.0,0.0,0.0
2018-10-11 00:00:00-04:00,23.770000457763672,23.770000457763672,23.770000457763672,23.770000457763672,300,0.0,0.0,0.0
2018-10-12 00:00:00-04:00,23.850000381469727,23.899999618530273,23.850000381469727,23.899999618530273,500,0.0,0.0,0.0
2018-10-15 00:00:00-04:00,23.84000015258789,23.889999389648438,23.84000015258789,23.889999389648438,2400,0.0,0.0,0.0
2018-10-16 00:00:00-04:00,24.139999389648438,24.229999542236328,24.139999389648438,24.229999542236328,1800,0.0,0.0,0.0
2018-10-17 00:00:00-04:00,24.15999984741211,24.270000457763672,24.15999984741211,24.270000457763672,1000,0.0,0.0,0.0
2018-10-18 00:00:00-04:00,24.270000457763672,24.270000457763672,24.270000457763672,24.270000457763672,0,0.0,0.0,0.0
2018-10-19 00:00:00-04:00,24.15999984741211,24.15999984741211,24.1200008392334,24.1200008392334,1100,0.0,0.0,0.0
2018-10-22 00:00:00-04:00,24.1200008392334,24.1200008392334,24.1200008392334,24.1200008392334,0,0.0,0.0,0.0
2018-10-23 00:00:00-04:00,24.1200008392334,24.1200008392334,24.1200008392334,24.1200008392334,0,0.0,0.0,0.0
2018-10-24 00:00:00-04:00,23.53499984741211,23.53499984741211,23.53499984741211,23.53499984741211,200,0.0,0.0,0.0
2018-10-25 00:00:00-04:00,23.719999313354492,23.719999313354492,23.719999313354492,23.719999313354492,100,0.0,0.0,0.0
2018-10-26 00:00:00-04:00,23.395000457763672,23.395000457763672,23.395000457763672,23.395000457763672,100,0.0,0.0,0.0
2018-10-29 00:00:00-04:00,23.59000015258789,23.590999603271484,23.440000534057617,23.489999771118164,1300,0.0,0.0,0.0
2018-10-30 00:00:00-04:00,23.84000015258789,23.84000015258789,23.84000015258789,23.84000015258789,200,0.0,0.0,0.0
2018-10-31 00:00:00-04:00,23.84000015258789,23.84000015258789,23.84000015258789,23.84000015258789,0,0.0,0.0,0.0
2018-11-01 00:00:00-04:00,23.84000015258789,23.84000015258789,23.84000015258789,23.84000015258789,100,0.0,0.0,0.0
2018-11-02 00:00:00-04:00,24.09000015258789,24.09000015258789,24.09000015258789,24.09000015258789,500,0.0,0.0,0.0
2018-11-05 00:00:00-05:00,24.299999237060547,24.299999237060547,24.299999237060547,24.299999237060547,1100,0.0,0.0,0.0
2018-11-06 00:00:00-05:00,24.040000915527344,24.040000915527344,24.040000915527344,24.040000915527344,200,0.0,0.0,0.0
2018-11-07 00:00:00-05:00,24.229000091552734,24.350000381469727,24.229000091552734,24.350000381469727,3400,0.0,0.0,0.0
2018-11-08 00:00:00-05:00,24.440000534057617,24.440000534057617,24.350000381469727,24.350000381469727,1600,0.0,0.0,0.0
2018-11-09 00:00:00-05:00,24.299999237060547,24.299999237060547,24.299999237060547,24.299999237060547,300,0.0,0.0,0.0
2018-11-12 00:00:00-05:00,24.229999542236328,24.229999542236328,24.229999542236328,24.229999542236328,400,0.0,0.0,0.0
2018-11-13 00:00:00-05:00,24.128000259399414,24.170000076293945,24.128000259399414,24.170000076293945,1000,0.0,0.0,0.0
2018-11-14 00:00:00-05:00,24.260000228881836,24.260000228881836,24.10700035095215,24.110000610351562,7000,0.0,0.0,0.0
2018-11-15 00:00:00-05:00,24.06999969482422,25.1299991607666,24.06999969482422,24.40999984741211,18800,0.0,0.0,0.0
2018-11-16 00:00:00-05:00,24.290000915527344,24.290000915527344,24.290000915527344,24.290000915527344,300,0.0,0.0,0.0
2018-11-19 00:00:00-05:00,24.25,24.56999969482422,24.18000030517578,24.18000030517578,24300,0.0,0.0,0.0
2018-11-20 00:00:00-05:00,23.969999313354492,24.06999969482422,23.850000381469727,23.850000381469727,48400,0.0,0.0,0.0
2018-11-21 00:00:00-05:00,24.25,24.309999465942383,24.08099937438965,24.190000534057617,26300,0.0,0.0,0.0
2018-11-23 00:00:00-05:00,24.309999465942383,24.309999465942383,24.190000534057617,24.190000534057617,3900,0.0,0.0,0.0
2018-11-26 00:00:00-05:00,24.459999084472656,24.469999313354492,24.43000030517578,24.469999313354492,3900,0.0,0.0,0.0
2018-11-27 00:00:00-05:00,24.309999465942383,24.46500015258789,24.25,24.440000534057617,2700,0.0,0.0,0.0
2018-11-28 00:00:00-05:00,24.489999771118164,24.739999771118164,24.43000030517578,24.639999389648438,8800,0.0,0.0,0.0
2018-11-29 00:00:00-05:00,24.6200008392334,24.6200008392334,24.520000457763672,24.520000457763672,500,0.0,0.0,0.0
2018-11-30 00:00:00-05:00,24.350000381469727,24.399999618530273,24.350000381469727,24.399999618530273,700,0.0,0.0,0.0
2018-12-03 00:00:00-05:00,24.799999237060547,24.799999237060547,24.65999984741211,24.65999984741211,600,0.0,0.0,0.0
2018-12-04 00:00:00-05:00,24.56999969482422,24.56999969482422,24.049999237060547,24.049999237060547,3000,0.0,0.0,0.0
2018-12-06 00:00:00-05:00,23.81999969482422,23.93000030517578,23.770000457763672,23.93000030517578,1100,0.0,0.0,0.0
2018-12-07 00:00:00-05:00,23.913000106811523,23.913000106811523,23.770000457763672,23.770000457763672,1000,0.0,0.0,0.0
2018-12-10 00:00:00-05:00,23.80500030517578,23.80500030517578,23.750999450683594,23.750999450683594,1100,0.0,0.0,0.0
2018-12-11 00:00:00-05:00,24.0049991607666,24.0049991607666,23.8700008392334,23.8700008392334,1100,0.0,0.0,0.0
2018-12-12 00:00:00-05:00,24.20199966430664,24.25,24.20199966430664,24.235000610351562,400,0.0,0.0,0.0
2018-12-13 00:00:00-05:00,24.079999923706055,24.079999923706055,24.079999923706055,24.079999923706055,200,0.0,0.0,0.0
2018-12-14 00:00:00-05:00,23.90399932861328,23.924999237060547,23.8700008392334,23.8700008392334,600,0.0,0.0,0.0
2018-12-17 00:00:00-05:00,23.799999237060547,23.799999237060547,23.54599952697754,23.55500030517578,19500,0.0,0.0,0.0
2018-12-18 00:00:00-05:00,23.600000381469727,23.607999801635742,23.420000076293945,23.520000457763672,4300,0.0,0.0,0.0
2018-12-19 00:00:00-05:00,23.59000015258789,23.634000778198242,23.280000686645508,23.3799991607666,28000,0.0,0.0,0.0
2018-12-20 00:00:00-05:00,22.469999313354492,22.469999313354492,22.270000457763672,22.270000457763672,29200,0.0,0.0,0.0
2018-12-21 00:00:00-05:00,22.329999923706055,22.329999923706055,21.809999465942383,21.950000762939453,13300,0.0,0.0,0.0
2018-12-24 00:00:00-05:00,21.66900062561035,21.66900062561035,21.66900062561035,21.66900062561035,100,0.0,0.0,0.0
2018-12-26 00:00:00-05:00,21.81999969482422,22.239999771118164,21.81999969482422,22.239999771118164,1000,0.0,0.0,0.0
2018-12-27 00:00:00-05:00,21.990999221801758,22.05299949645996,21.990999221801758,22.05299949645996,1400,0.0,0.0,0.0
2018-12-28 00:00:00-05:00,22.65999984741211,22.65999984741211,22.2450008392334,22.329999923706055,3600,0.0,0.0,0.0
2018-12-31 00:00:00-05:00,22.37299919128418,22.391000747680664,22.37299919128418,22.385000228881836,700,0.0,0.0,0.0
2019-01-02 00:00:00-05:00,22.219999313354492,22.229999542236328,22.200000762939453,22.22100067138672,3700,0.0,0.0,0.0
2019-01-03 00:00:00-05:00,22.239999771118164,22.30900001525879,22.152000427246094,22.152000427246094,600,0.0,0.0,0.0
2019-01-04 00:00:00-05:00,22.405000686645508,22.700000762939453,22.405000686645508,22.700000762939453,1200,0.0,0.0,0.0
2019-01-07 00:00:00-05:00,22.709999084472656,22.709999084472656,22.709999084472656,22.709999084472656,300,0.0,0.0,0.0
2019-01-08 00:00:00-05:00,22.815000534057617,22.815000534057617,22.770000457763672,22.799999237060547,900,0.0,0.0,0.0
2019-01-09 00:00:00-05:00,22.799999237060547,22.799999237060547,22.799999237060547,22.799999237060547,0,0.0,0.0,0.0
2019-01-10 00:00:00-05:00,22.920000076293945,23.139999389648438,22.90999984741211,23.139999389648438,3000,0.0,0.0,0.0
2019-01-11 00:00:00-05:00,22.91699981689453,22.979999542236328,22.91699981689453,22.979999542236328,300,0.0,0.0,0.0
2019-01-14 00:00:00-05:00,22.809999465942383,22.809999465942383,22.809999465942383,22.809999465942383,200,0.0,0.0,0.0
2019-01-15 00:00:00-05:00,22.899999618530273,22.90999984741211,22.899999618530273,22.90999984741211,700,0.0,0.0,0.0
2019-01-16 00:00:00-05:00,22.809999465942383,23.020000457763672,22.809999465942383,23.020000457763672,1300,0.0,0.0,0.0
2019-01-17 00:00:00-05:00,22.979999542236328,23.1299991607666,22.979999542236328,23.1299991607666,3300,0.0,0.0,0.0
2019-01-18 00:00:00-05:00,23.56999969482422,23.56999969482422,23.329999923706055,23.360000610351562,1100,0.0,0.0,0.0
2019-01-22 00:00:00-05:00,23.25,23.25,23.0,23.059999465942383,2000,0.0,0.0,0.0
2019-01-23 00:00:00-05:00,23.149999618530273,23.149999618530273,23.139999389648438,23.139999389648438,500,0.0,0.0,0.0
2019-01-24 00:00:00-05:00,23.18000030517578,23.18000030517578,23.18000030517578,23.18000030517578,300,0.0,0.0,0.0
2019-01-25 00:00:00-05:00,23.299999237060547,23.299999237060547,23.28499984741211,23.28499984741211,800,0.0,0.0,0.0
2019-01-28 00:00:00-05:00,23.170000076293945,23.170000076293945,23.170000076293945,23.170000076293945,200,0.0,0.0,0.0
2019-01-29 00:00:00-05:00,23.288000106811523,23.31999969482422,23.288000106811523,23.31999969482422,400,0.0,0.0,0.0
2019-01-30 00:00:00-05:00,23.440000534057617,23.764999389648438,23.43400001525879,23.549999237060547,25300,0.0,0.0,0.0
2019-01-31 00:00:00-05:00,23.68000030517578,23.68000030517578,23.56999969482422,23.56999969482422,1400,0.0,0.0,0.0
2019-02-01 00:00:00-05:00,23.634000778198242,23.634000778198242,23.6299991607666,23.6299991607666,600,0.0,0.0,0.0
2019-02-04 00:00:00-05:00,23.81999969482422,23.81999969482422,23.639999389648438,23.799999237060547,2600,0.0,0.0,0.0
2019-02-05 00:00:00-05:00,24.06999969482422,24.07699966430664,24.06999969482422,24.07699966430664,300,0.0,0.0,0.0
2019-02-06 00:00:00-05:00,24.170000076293945,24.170000076293945,23.937999725341797,23.937999725341797,1200,0.0,0.0,0.0
2019-02-07 00:00:00-05:00,23.770000457763672,23.770000457763672,23.738000869750977,23.759000778198242,300,0.0,0.0,0.0
2019-02-08 00:00:00-05:00,23.6299991607666,23.756000518798828,23.6299991607666,23.756000518798828,700,0.0,0.0,0.0
2019-02-11 00:00:00-05:00,23.780000686645508,23.809999465942383,23.75200080871582,23.809999465942383,3000,0.0,0.0,0.0
2019-02-12 00:00:00-05:00,23.979999542236328,24.084999084472656,23.979999542236328,24.045000076293945,2000,0.0,0.0,0.0
2019-02-13 00:00:00-05:00,24.05299949645996,24.054000854492188,24.045000076293945,24.045000076293945,900,0.0,0.0,0.0
2019-02-14 00:00:00-05:00,24.06999969482422,24.06999969482422,24.06999969482422,24.06999969482422,100,0.0,0.0,0.0
2019-02-15 00:00:00-05:00,24.174999237060547,24.290000915527344,24.174999237060547,24.219999313354492,2800,0.0,0.0,0.0
2019-02-19 00:00:00-05:00,24.219999313354492,24.405000686645508,24.219999313354492,24.33300018310547,600,0.0,0.0,0.0
2019-02-20 00:00:00-05:00,24.375,24.434999465942383,24.375,24.389999389648438,900,0.0,0.0,0.0
2019-02-21 00:00:00-05:00,24.319000244140625,24.329999923706055,24.319000244140625,24.329999923706055,200,0.0,0.0,0.0
2019-02-22 00:00:00-05:00,24.450000762939453,24.450000762939453,24.450000762939453,24.450000762939453,400,0.0,0.0,0.0
2019-02-25 00:00:00-05:00,24.538999557495117,24.538999557495117,24.459999084472656,24.459999084472656,3300,0.0,0.0,0.0
2019-02-26 00:00:00-05:00,24.424999237060547,24.424999237060547,24.424999237060547,24.424999237060547,0,0.0,0.0,0.0
2019-02-27 00:00:00-05:00,24.399999618530273,24.399999618530273,24.31999969482422,24.334999084472656,1200,0.0,0.0,0.0
2019-02-28 00:00:00-05:00,24.31999969482422,24.329999923706055,24.309999465942383,24.329999923706055,500,0.0,0.0,0.0
2019-03-01 00:00:00-05:00,24.549999237060547,24.549999237060547,24.454999923706055,24.485000610351562,1600,0.0,0.0,0.0
2019-03-04 00:00:00-05:00,24.510000228881836,24.510000228881836,24.39900016784668,24.39900016784668,700,0.0,0.0,0.0
2019-03-05 00:00:00-05:00,24.479999542236328,24.510000228881836,24.479999542236328,24.510000228881836,100,0.0,0.0,0.0
2019-03-06 00:00:00-05:00,24.52899932861328,24.52899932861328,24.459999084472656,24.459999084472656,1100,0.0,0.0,0.0
2019-03-07 00:00:00-05:00,24.43000030517578,24.43000030517578,24.309999465942383,24.349000930786133,2500,0.0,0.0,0.0
2019-03-08 00:00:00-05:00,24.28499984741211,24.28499984741211,24.28499984741211,24.28499984741211,100,0.0,0.0,0.0
2019-03-11 00:00:00-04:00,24.420000076293945,24.420000076293945,24.399999618530273,24.399999618530273,900,0.0,0.0,0.0
2019-03-12 00:00:00-04:00,24.43000030517578,24.437999725341797,24.3799991607666,24.3799991607666,1400,0.0,0.0,0.0
2019-03-13 00:00:00-04:00,24.520000457763672,24.520000457763672,24.440000534057617,24.440000534057617,1000,0.0,0.0,0.0
2019-03-14 00:00:00-04:00,24.499000549316406,24.5,24.489999771118164,24.5,300,0.0,0.0,0.0
2019-03-15 00:00:00-04:00,24.660999298095703,24.715999603271484,24.639999389648438,24.65999984741211,1900,0.0,0.0,0.0
2019-03-18 00:00:00-04:00,24.75,24.75,24.746999740600586,24.746999740600586,100,0.0,0.0,0.0
2019-03-19 00:00:00-04:00,24.860000610351562,24.860000610351562,24.75,24.75,1600,0.0,0.0,0.0
2019-03-20 00:00:00-04:00,24.709999084472656,24.75,24.655000686645508,24.739999771118164,6600,0.0,0.0,0.0
2019-03-21 00:00:00-04:00,24.8799991607666,24.90999984741211,24.84000015258789,24.84000015258789,600,0.0,0.0,0.0
2019-03-22 00:00:00-04:00,24.469999313354492,24.469999313354492,24.469999313354492,24.469999313354492,300,0.0,0.0,0.0
2019-03-25 00:00:00-04:00,24.479999542236328,24.479999542236328,24.459999084472656,24.459999084472656,1900,0.0,0.0,0.0
2019-03-26 00:00:00-04:00,24.649999618530273,24.649999618530273,24.610000610351562,24.610000610351562,200,0.0,0.0,0.0
2019-03-27 00:00:00-04:00,24.670000076293945,24.670000076293945,24.579999923706055,24.65999984741211,11900,0.0,0.0,0.0
2019-03-28 00:00:00-04:00,24.733999252319336,24.733999252319336,24.709999084472656,24.729999542236328,1400,0.0,0.0,0.0
2019-03-29 00:00:00-04:00,24.841999053955078,24.841999053955078,24.841999053955078,24.841999053955078,100,0.0,0.0,0.0
2019-04-01 00:00:00-04:00,24.850000381469727,25.030000686645508,24.850000381469727,25.030000686645508,900,0.0,0.0,0.0
2019-04-02 00:00:00-04:00,25.132999420166016,25.15999984741211,25.1200008392334,25.125,1400,0.0,0.0,0.0
2019-04-03 00:00:00-04:00,25.22599983215332,25.239999771118164,25.200000762939453,25.200000762939453,900,0.0,0.0,0.0
2019-04-04 00:00:00-04:00,25.165000915527344,25.200000762939453,25.165000915527344,25.177000045776367,1200,0.0,0.0,0.0
2019-04-05 00:00:00-04:00,25.170000076293945,25.170000076293945,25.170000076293945,25.170000076293945,100,0.0,0.0,0.0
2019-04-08 00:00:00-04:00,25.209999084472656,25.209999084472656,25.18899917602539,25.18899917602539,200,0.0,0.0,0.0
2019-04-09 00:00:00-04:00,25.027999877929688,25.027999877929688,24.989999771118164,24.989999771118164,1100,0.0,0.0,0.0
2019-04-10 00:00:00-04:00,25.059999465942383,25.059999465942383,24.989999771118164,25.0049991607666,1000,0.0,0.0,0.0
2019-04-11 00:00:00-04:00,25.059999465942383,25.059999465942383,25.040000915527344,25.040000915527344,900,0.0,0.0,0.0
2019-04-12 00:00:00-04:00,25.06999969482422,25.06999969482422,25.06999969482422,25.06999969482422,1500,0.0,0.0,0.0
2019-04-15 00:00:00-04:00,25.059999465942383,25.125,25.045000076293945,25.045000076293945,1200,0.0,0.0,0.0
2019-04-16 00:00:00-04:00,25.06999969482422,25.27899932861328,25.06999969482422,25.107999801635742,4800,0.0,0.0,0.0
2019-04-17 00:00:00-04:00,25.1200008392334,25.170000076293945,25.100000381469727,25.170000076293945,900,0.0,0.0,0.0
2019-04-18 00:00:00-04:00,25.165000915527344,25.165000915527344,25.165000915527344,25.165000915527344,100,0.0,0.0,0.0
2019-04-22 00:00:00-04:00,25.260000228881836,25.260000228881836,25.110000610351562,25.172000885009766,2000,0.0,0.0,0.0
2019-04-23 00:00:00-04:00,25.200000762939453,25.268999099731445,25.200000762939453,25.246000289916992,1400,0.0,0.0,0.0
2019-04-24 00:00:00-04:00,25.18000030517578,25.229999542236328,25.110000610351562,25.18000030517578,3800,0.0,0.0,0.0
2019-04-25 00:00:00-04:00,25.1200008392334,25.1299991607666,25.1200008392334,25.1299991607666,300,0.0,0.0,0.0
2019-04-26 00:00:00-04:00,25.207000732421875,25.249000549316406,25.207000732421875,25.249000549316406,700,0.0,0.0,0.0
2019-04-29 00:00:00-04:00,25.22100067138672,25.25,25.209999084472656,25.25,400,0.0,0.0,0.0
2019-04-30 00:00:00-04:00,25.18000030517578,25.18000030517578,25.18000030517578,25.18000030517578,100,0.0,0.0,0.0
2019-05-01 00:00:00-04:00,25.420000076293945,25.420000076293945,25.1299991607666,25.1299991607666,3300,0.0,0.0,0.0
2019-05-02 00:00:00-04:00,25.030000686645508,25.059999465942383,25.0049991607666,25.0049991607666,600,0.0,0.0,0.0
2019-05-03 00:00:00-04:00,25.290000915527344,25.290000915527344,25.23699951171875,25.257999420166016,1000,0.0,0.0,0.0
2019-05-06 00:00:00-04:00,25.055999755859375,25.055999755859375,25.055999755859375,25.055999755859375,200,0.0,0.0,0.0
2019-05-07 00:00:00-04:00,25.014999389648438,25.051000595092773,24.739999771118164,24.739999771118164,3400,0.0,0.0,0.0
2019-05-08 00:00:00-04:00,24.770000457763672,24.790000915527344,24.739999771118164,24.739999771118164,1000,0.0,0.0,0.0
2019-05-09 00:00:00-04:00,24.584999084472656,24.690000534057617,24.540000915527344,24.690000534057617,1800,0.0,0.0,0.0
2019-05-10 00:00:00-04:00,24.770000457763672,24.79400062561035,24.6200008392334,24.79400062561035,1500,0.0,0.0,0.0
2019-05-13 00:00:00-04:00,24.32699966430664,24.32699966430664,24.32699966430664,24.32699966430664,100,0.0,0.0,0.0
2019-05-14 00:00:00-04:00,24.600000381469727,24.709999084472656,24.59000015258789,24.631000518798828,1700,0.0,0.0,0.0
2019-05-15 00:00:00-04:00,24.7549991607666,24.7549991607666,24.7549991607666,24.7549991607666,100,0.0,0.0,0.0
2019-05-16 00:00:00-04:00,25.030000686645508,25.030000686645508,24.969999313354492,24.969999313354492,400,0.0,0.0,0.0
2019-05-17 00:00:00-04:00,24.94300079345703,24.950000762939453,24.90999984741211,24.90999984741211,1200,0.0,0.0,0.0
2019-05-20 00:00:00-04:00,24.920000076293945,24.920000076293945,24.920000076293945,24.920000076293945,200,0.0,0.0,0.0
2019-05-21 00:00:00-04:00,25.000999450683594,25.049999237060547,25.000999450683594,25.049999237060547,500,0.0,0.0,0.0
2019-05-22 00:00:00-04:00,25.010000228881836,25.1200008392334,24.996000289916992,25.040000915527344,1200,0.0,0.0,0.0
2019-05-23 00:00:00-04:00,24.850000381469727,24.850000381469727,24.790000915527344,24.799999237060547,3100,0.0,0.0,0.0
2019-05-24 00:00:00-04:00,24.920000076293945,24.920000076293945,24.920000076293945,24.920000076293945,200,0.0,0.0,0.0
2019-05-28 00:00:00-04:00,24.84000015258789,24.84000015258789,24.84000015258789,24.84000015258789,300,0.0,0.0,0.0
2019-05-29 00:00:00-04:00,24.704999923706055,24.704999923706055,24.704999923706055,24.704999923706055,200,0.0,0.0,0.0
2019-05-30 00:00:00-04:00,24.770999908447266,24.770999908447266,24.770999908447266,24.770999908447266,100,0.0,0.0,0.0
2019-05-31 00:00:00-04:00,24.450000762939453,24.450000762939453,24.450000762939453,24.450000762939453,200,0.0,0.0,0.0
2019-06-03 00:00:00-04:00,24.54599952697754,24.54599952697754,24.54599952697754,24.54599952697754,0,0.0,0.0,0.0
2019-06-04 00:00:00-04:00,24.719999313354492,24.719999313354492,24.719999313354492,24.719999313354492,0,0.0,0.0,0.0
2019-06-05 00:00:00-04:00,24.6200008392334,24.700000762939453,24.610000610351562,24.700000762939453,5000,0.0,0.0,0.0
2019-06-06 00:00:00-04:00,24.812999725341797,24.860000610351562,24.812999725341797,24.860000610351562,500,0.0,0.0,0.0
2019-06-07 00:00:00-04:00,25.03499984741211,25.03499984741211,25.03499984741211,25.03499984741211,0,0.0,0.0,0.0
2019-06-10 00:00:00-04:00,25.18000030517578,25.20599937438965,25.1200008392334,25.165000915527344,1200,0.0,0.0,0.0
2019-06-11 00:00:00-04:00,25.18000030517578,25.18000030517578,25.1200008392334,25.1200008392334,600,0.0,0.0,0.0
2019-06-12 00:00:00-04:00,25.170000076293945,25.170000076293945,25.100000381469727,25.100000381469727,900,0.0,0.0,0.0
2019-06-13 00:00:00-04:00,25.111000061035156,25.111000061035156,25.059999465942383,25.059999465942383,700,0.0,0.0,0.0
2019-06-14 00:00:00-04:00,25.020000457763672,25.030000686645508,25.020000457763672,25.030000686645508,400,0.0,0.0,0.0
2019-06-17 00:00:00-04:00,25.05900001525879,25.08099937438965,25.027000427246094,25.04199981689453,600,0.0,0.0,0.0
2019-06-18 00:00:00-04:00,25.350000381469727,25.350000381469727,25.30699920654297,25.30699920654297,700,0.0,0.0,0.0
2019-06-19 00:00:00-04:00,25.280000686645508,25.32200050354004,25.280000686645508,25.32200050354004,500,0.0,0.0,0.0
2019-06-20 00:00:00-04:00,25.489999771118164,25.489999771118164,25.3700008392334,25.38800048828125,1100,0.0,0.0,0.0
2019-06-21 00:00:00-04:00,25.510000228881836,25.54199981689453,25.3700008392334,25.3700008392334,1300,0.0,0.0,0.0
2019-06-24 00:00:00-04:00,25.32699966430664,25.32699966430664,25.299999237060547,25.31999969482422,300,0.0,0.0,0.0
2019-06-25 00:00:00-04:00,25.152999877929688,25.152999877929688,25.152999877929688,25.152999877929688,0,0.0,0.0,0.0
2019-06-26 00:00:00-04:00,25.155000686645508,25.155000686645508,25.155000686645508,25.155000686645508,0,0.0,0.0,0.0
2019-06-27 00:00:00-04:00,25.290000915527344,25.290000915527344,25.266000747680664,25.266000747680664,8800,0.0,0.0,0.0
2019-06-28 00:00:00-04:00,25.316999435424805,25.316999435424805,25.316999435424805,25.316999435424805,0,0.0,0.0,0.0
2019-07-01 00:00:00-04:00,25.569000244140625,25.569000244140625,25.569000244140625,25.569000244140625,100,0.0,0.0,0.0
2019-07-02 00:00:00-04:00,25.700000762939453,25.700000762939453,25.700000762939453,25.700000762939453,100,0.0,0.0,0.0
2019-07-03 00:00:00-04:00,25.923999786376953,25.959999084472656,25.915000915527344,25.915000915527344,2100,0.0,0.0,0.0
2019-07-05 00:00:00-04:00,25.760000228881836,25.760000228881836,25.74799919128418,25.74799919128418,300,0.0,0.0,0.0
2019-07-08 00:00:00-04:00,25.68000030517578,25.68000030517578,25.635000228881836,25.635000228881836,700,0.0,0.0,0.0
2019-07-09 00:00:00-04:00,25.56999969482422,25.59000015258789,25.56999969482422,25.59000015258789,3300,0.0,0.0,0.0
2019-07-10 00:00:00-04:00,25.760000228881836,25.760000228881836,25.649999618530273,25.649999618530273,500,0.0,0.0,0.0
2019-07-11 00:00:00-04:00,25.663000106811523,25.663000106811523,25.663000106811523,25.663000106811523,100,0.0,0.0,0.0
2019-07-12 00:00:00-04:00,25.625,25.649999618530273,25.565000534057617,25.565000534057617,4400,0.0,0.0,0.0
2019-07-15 00:00:00-04:00,25.690000534057617,25.700000762939453,25.6299991607666,25.6299991607666,3300,0.0,0.0,0.0
2019-07-16 00:00:00-04:00,25.75,25.75,25.75,25.75,300,0.0,0.0,0.0
2019-07-17 00:00:00-04:00,25.68000030517578,25.68000030517578,25.649999618530273,25.649999618530273,800,0.0,0.0,0.0
2019-07-18 00:00:00-04:00,25.600000381469727,25.6299991607666,25.600000381469727,25.6299991607666,400,0.0,0.0,0.0
2019-07-19 00:00:00-04:00,25.739999771118164,25.739999771118164,25.65999984741211,25.65999984741211,600,0.0,0.0,0.0
2019-07-22 00:00:00-04:00,25.635000228881836,25.68000030517578,25.635000228881836,25.674999237060547,5800,0.0,0.0,0.0
2019-07-23 00:00:00-04:00,25.83799934387207,25.860000610351562,25.83799934387207,25.860000610351562,1400,0.0,0.0,0.0
2019-07-24 00:00:00-04:00,25.8799991607666,25.8799991607666,25.854999542236328,25.854999542236328,400,0.0,0.0,0.0
2019-07-25 00:00:00-04:00,25.770000457763672,25.770000457763672,25.690000534057617,25.690000534057617,500,0.0,0.0,0.0
2019-07-26 00:00:00-04:00,25.81999969482422,25.81999969482422,25.777999877929688,25.777999877929688,800,0.0,0.0,0.0
2019-07-29 00:00:00-04:00,25.875999450683594,25.959999084472656,25.8700008392334,25.92099952697754,1200,0.0,0.0,0.0
2019-07-30 00:00:00-04:00,25.684999465942383,25.684999465942383,25.66699981689453,25.66699981689453,400,0.0,0.0,0.0
2019-07-31 00:00:00-04:00,25.58799934387207,25.58799934387207,25.48699951171875,25.499000549316406,700,0.0,0.0,0.0
2019-08-01 00:00:00-04:00,25.665000915527344,25.700000762939453,25.360000610351562,25.360000610351562,800,0.0,0.0,0.0
2019-08-02 00:00:00-04:00,25.190000534057617,25.190000534057617,25.190000534057617,25.190000534057617,300,0.0,0.0,0.0
2019-08-05 00:00:00-04:00,24.534000396728516,24.534000396728516,24.534000396728516,24.534000396728516,2400,0.0,0.0,0.0
2019-08-06 00:00:00-04:00,24.60300064086914,24.60300064086914,24.60300064086914,24.60300064086914,1800,0.0,0.0,0.0
2019-08-07 00:00:00-04:00,24.75,24.788999557495117,24.75,24.7549991607666,1100,0.0,0.0,0.0
2019-08-08 00:00:00-04:00,24.97100067138672,24.97100067138672,24.97100067138672,24.97100067138672,3500,0.0,0.0,0.0
2019-08-09 00:00:00-04:00,24.75,24.829999923706055,24.75,24.829999923706055,600,0.0,0.0,0.0
2019-08-12 00:00:00-04:00,24.809999465942383,24.809999465942383,24.656999588012695,24.656999588012695,700,0.0,0.0,0.0
2019-08-13 00:00:00-04:00,24.850000381469727,24.920000076293945,24.850000381469727,24.920000076293945,800,0.0,0.0,0.0
2019-08-14 00:00:00-04:00,24.579999923706055,24.579999923706055,24.389999389648438,24.389999389648438,9600,0.0,0.0,0.0
2019-08-15 00:00:00-04:00,24.413000106811523,24.426000595092773,24.413000106811523,24.426000595092773,100,0.0,0.0,0.0
2019-08-16 00:00:00-04:00,24.66900062561035,24.746000289916992,24.660999298095703,24.746000289916992,600,0.0,0.0,0.0
2019-08-19 00:00:00-04:00,24.934999465942383,24.934999465942383,24.933000564575195,24.933000564575195,200,0.0,0.0,0.0
2019-08-20 00:00:00-04:00,24.799999237060547,24.799999237060547,24.799999237060547,24.799999237060547,100,0.0,0.0,0.0
2019-08-21 00:00:00-04:00,25.079999923706055,25.079999923706055,25.023000717163086,25.023000717163086,500,0.0,0.0,0.0
2019-08-22 00:00:00-04:00,24.989999771118164,25.010000228881836,24.965999603271484,24.965999603271484,400,0.0,0.0,0.0
2019-08-23 00:00:00-04:00,24.999000549316406,24.999000549316406,24.719999313354492,24.719999313354492,1500,0.0,0.0,0.0
2019-08-26 00:00:00-04:00,25.010000228881836,25.010000228881836,24.881000518798828,24.881000518798828,400,0.0,0.0,0.0
2019-08-27 00:00:00-04:00,24.889999389648438,24.889999389648438,24.889999389648438,24.889999389648438,300,0.0,0.0,0.0
2019-08-28 00:00:00-04:00,25.0,25.018999099731445,24.959999084472656,25.018999099731445,1300,0.0,0.0,0.0
2019-08-29 00:00:00-04:00,25.260000228881836,25.3799991607666,25.260000228881836,25.309999465942383,3000,0.0,0.0,0.0
2019-08-30 00:00:00-04:00,25.510000228881836,25.510000228881836,25.427000045776367,25.430999755859375,2000,0.0,0.0,0.0
2019-09-03 00:00:00-04:00,25.459999084472656,25.468000411987305,25.440000534057617,25.440000534057617,700,0.0,0.0,0.0
2019-09-04 00:00:00-04:00,25.709999084472656,25.73699951171875,25.635000228881836,25.735000610351562,3200,0.0,0.0,0.0
2019-09-05 00:00:00-04:00,25.719999313354492,25.799999237060547,25.719999313354492,25.760000228881836,4100,0.0,0.0,0.0
2019-09-06 00:00:00-04:00,25.889999389648438,26.040000915527344,25.8799991607666,25.8799991607666,2500,0.0,0.0,0.0
2019-09-09 00:00:00-04:00,25.885000228881836,25.902000427246094,25.84000015258789,25.84000015258789,1000,0.0,0.0,0.0
2019-09-10 00:00:00-04:00,25.8700008392334,25.985000610351562,25.829999923706055,25.985000610351562,4100,0.0,0.0,0.0
2019-09-11 00:00:00-04:00,26.18000030517578,26.18000030517578,26.016000747680664,26.065000534057617,6600,0.0,0.0,0.0
2019-09-12 00:00:00-04:00,26.190000534057617,26.190000534057617,26.190000534057617,26.190000534057617,200,0.0,0.0,0.0
2019-09-13 00:00:00-04:00,26.266000747680664,26.280000686645508,26.233999252319336,26.233999252319336,600,0.0,0.0,0.0
2019-09-16 00:00:00-04:00,26.079999923706055,26.079999923706055,26.059999465942383,26.059999465942383,800,0.0,0.0,0.0
2019-09-17 00:00:00-04:00,26.1299991607666,26.15999984741211,26.091999053955078,26.15999984741211,75700,0.0,0.0,0.0
2019-09-18 00:00:00-04:00,26.18000030517578,26.18000030517578,26.040000915527344,26.1299991607666,1600,0.0,0.0,0.0
2019-09-19 00:00:00-04:00,26.290000915527344,26.290000915527344,26.18000030517578,26.18000030517578,400,0.0,0.0,0.0
2019-09-20 00:00:00-04:00,26.149999618530273,26.149999618530273,26.149999618530273,26.149999618530273,300,0.0,0.0,0.0
2019-09-23 00:00:00-04:00,26.131999969482422,26.131999969482422,26.1299991607666,26.1299991607666,100,0.0,0.0,0.0
2019-09-24 00:00:00-04:00,26.059999465942383,26.077999114990234,25.979999542236328,25.979999542236328,5600,0.0,0.0,0.0
2019-09-25 00:00:00-04:00,26.030000686645508,26.059999465942383,26.010000228881836,26.059999465942383,900,0.0,0.0,0.0
2019-09-26 00:00:00-04:00,26.190000534057617,26.190000534057617,26.190000534057617,26.190000534057617,300,0.0,0.0,0.0
2019-09-27 00:00:00-04:00,26.04199981689453,26.110000610351562,26.04199981689453,26.110000610351562,1000,0.0,0.0,0.0
2019-09-30 00:00:00-04:00,26.190000534057617,26.200000762939453,26.1299991607666,26.18000030517578,1700,0.0,0.0,0.0
2019-10-01 00:00:00-04:00,26.25,26.25,25.945999145507812,25.979999542236328,2100,0.0,0.0,0.0
2019-10-02 00:00:00-04:00,25.474000930786133,25.518999099731445,25.389999389648438,25.489999771118164,2000,0.0,0.0,0.0
2019-10-03 00:00:00-04:00,25.424999237060547,25.59000015258789,25.3700008392334,25.59000015258789,3900,0.0,0.0,0.0
2019-10-04 00:00:00-04:00,25.55900001525879,25.739999771118164,25.55900001525879,25.739999771118164,1100,0.0,0.0,0.0
2019-10-07 00:00:00-04:00,25.81999969482422,25.81999969482422,25.760000228881836,25.760000228881836,2000,0.0,0.0,0.0
2019-10-08 00:00:00-04:00,25.663999557495117,25.663999557495117,25.572999954223633,25.572999954223633,600,0.0,0.0,0.0
2019-10-09 00:00:00-04:00,25.639999389648438,25.780000686645508,25.639999389648438,25.726999282836914,1200,0.0,0.0,0.0
2019-10-10 00:00:00-04:00,25.84000015258789,25.84000015258789,25.739999771118164,25.780000686645508,1800,0.0,0.0,0.0
2019-10-11 00:00:00-04:00,25.981000900268555,26.15999984741211,25.981000900268555,26.09000015258789,4500,0.0,0.0,0.0
2019-10-14 00:00:00-04:00,26.128999710083008,26.1299991607666,26.100000381469727,26.100000381469727,600,0.0,0.0,0.0
2019-10-15 00:00:00-04:00,26.239999771118164,26.280000686645508,26.224000930786133,26.260000228881836,1600,0.0,0.0,0.0
2019-10-16 00:00:00-04:00,26.23900032043457,26.299999237060547,26.23900032043457,26.2450008392334,1000,0.0,0.0,0.0
2019-10-17 00:00:00-04:00,26.399999618530273,26.399999618530273,26.240999221801758,26.240999221801758,1900,0.0,0.0,0.0
2019-10-18 00:00:00-04:00,26.100000381469727,26.100000381469727,26.100000381469727,26.100000381469727,0,0.0,0.0,0.0
2019-10-21 00:00:00-04:00,26.190000534057617,26.270000457763672,26.190000534057617,26.239999771118164,2000,0.0,0.0,0.0
2019-10-22 00:00:00-04:00,26.29199981689453,26.315000534057617,26.29199981689453,26.315000534057617,1600,0.0,0.0,0.0
2019-10-23 00:00:00-04:00,26.329999923706055,26.329999923706055,26.329999923706055,26.329999923706055,0,0.0,0.0,0.0
2019-10-24 00:00:00-04:00,26.474000930786133,26.506000518798828,26.474000930786133,26.5,800,0.0,0.0,0.0
2019-10-25 00:00:00-04:00,26.46500015258789,26.55699920654297,26.46500015258789,26.55699920654297,400,0.0,0.0,0.0
2019-10-28 00:00:00-04:00,26.667999267578125,26.700000762939453,26.650999069213867,26.650999069213867,1900,0.0,0.0,0.0
2019-10-29 00:00:00-04:00,26.649999618530273,26.670000076293945,26.649999618530273,26.658000946044922,1300,0.0,0.0,0.0
2019-10-30 00:00:00-04:00,26.7189998626709,26.7189998626709,26.7189998626709,26.7189998626709,0,0.0,0.0,0.0
2019-10-31 00:00:00-04:00,26.56800079345703,26.56800079345703,26.56800079345703,26.56800079345703,0,0.0,0.0,0.0
2019-11-01 00:00:00-04:00,26.7549991607666,26.76799964904785,26.725000381469727,26.725000381469727,3200,0.0,0.0,0.0
2019-11-04 00:00:00-05:00,26.959999084472656,26.959999084472656,26.878000259399414,26.899999618530273,700,0.0,0.0,0.0
2019-11-05 00:00:00-05:00,26.940000534057617,26.940000534057617,26.878999710083008,26.878999710083008,300,0.0,0.0,0.0
2019-11-06 00:00:00-05:00,26.915000915527344,26.915000915527344,26.915000915527344,26.915000915527344,0,0.0,0.0,0.0
2019-11-07 00:00:00-05:00,27.047000885009766,27.048999786376953,27.047000885009766,27.048999786376953,400,0.0,0.0,0.0
2019-11-08 00:00:00-05:00,27.049999237060547,27.049999237060547,27.045000076293945,27.045000076293945,1000,0.0,0.0,0.0
2019-11-11 00:00:00-05:00,26.979999542236328,27.041000366210938,26.95599937438965,27.041000366210938,4500,0.0,0.0,0.0
2019-11-12 00:00:00-05:00,27.09000015258789,27.09000015258789,27.059999465942383,27.059999465942383,900,0.0,0.0,0.0
2019-11-13 00:00:00-05:00,26.94099998474121,27.0,26.937000274658203,26.937000274658203,21200,0.0,0.0,0.0
2019-11-14 00:00:00-05:00,26.899999618530273,26.940000534057617,26.700000762939453,26.850000381469727,25200,0.0,0.0,0.0
2019-11-15 00:00:00-05:00,26.920000076293945,27.040000915527344,26.902999877929688,27.01300048828125,3500,0.0,0.0,0.0
2019-11-18 00:00:00-05:00,26.982999801635742,26.982999801635742,26.97800064086914,26.97800064086914,500,0.0,0.0,0.0
2019-11-19 00:00:00-05:00,27.170000076293945,27.170000076293945,26.940000534057617,26.940000534057617,1300,0.0,0.0,0.0
2019-11-20 00:00:00-05:00,26.67799949645996,26.694000244140625,26.67799949645996,26.694000244140625,900,0.0,0.0,0.0
2019-11-21 00:00:00-05:00,26.729999542236328,26.770000457763672,26.707000732421875,26.707000732421875,2600,0.0,0.0,0.0
2019-11-22 00:00:00-05:00,26.826000213623047,26.826000213623047,26.826000213623047,26.826000213623047,0,0.0,0.0,0.0
2019-11-25 00:00:00-05:00,26.996999740600586,27.049999237060547,26.969999313354492,27.049999237060547,5900,0.0,0.0,0.0
2019-11-26 00:00:00-05:00,27.086999893188477,27.086999893188477,27.072999954223633,27.072999954223633,300,0.0,0.0,0.0
2019-11-27 00:00:00-05:00,27.209999084472656,27.209999084472656,27.209999084472656,27.209999084472656,300,0.0,0.0,0.0
2019-11-29 00:00:00-05:00,27.018999099731445,27.018999099731445,27.018999099731445,27.018999099731445,100,0.0,0.0,0.0
2019-12-02 00:00:00-05:00,26.790000915527344,26.790000915527344,26.790000915527344,26.790000915527344,300,0.0,0.0,0.0
2019-12-03 00:00:00-05:00,26.549999237060547,26.59000015258789,26.450000762939453,26.57900047302246,1800,0.0,0.0,0.0
2019-12-04 00:00:00-05:00,26.739999771118164,26.75,26.670000076293945,26.75,1600,0.0,0.0,0.0
2019-12-05 00:00:00-05:00,26.700000762939453,26.700000762939453,26.700000762939453,26.700000762939453,200,0.0,0.0,0.0
2019-12-06 00:00:00-05:00,26.950000762939453,26.950000762939453,26.950000762939453,26.950000762939453,100,0.0,0.0,0.0
2019-12-09 00:00:00-05:00,26.843000411987305,26.850000381469727,26.843000411987305,26.850000381469727,1800,0.0,0.0,0.0
2019-12-10 00:00:00-05:00,26.90999984741211,26.90999984741211,26.864999771118164,26.864999771118164,900,0.0,0.0,0.0
2019-12-11 00:00:00-05:00,26.711999893188477,26.711999893188477,26.711999893188477,26.711999893188477,0,0.0,0.0,0.0
2019-12-12 00:00:00-05:00,26.70800018310547,26.81999969482422,26.70800018310547,26.81999969482422,400,0.0,0.0,0.0
2019-12-13 00:00:00-05:00,27.027999877929688,27.027999877929688,26.97800064086914,27.010000228881836,1500,0.0,0.0,0.0
2019-12-16 00:00:00-05:00,27.350000381469727,27.360000610351562,27.329999923706055,27.329999923706055,2300,0.0,0.0,0.0
2019-12-17 00:00:00-05:00,27.270000457763672,27.327999114990234,27.270000457763672,27.292999267578125,700,0.0,0.0,0.0
2019-12-18 00:00:00-05:00,27.219999313354492,27.257999420166016,27.219999313354492,27.257999420166016,10000,0.0,0.0,0.0
2019-12-19 00:00:00-05:00,27.31999969482422,27.31999969482422,27.270000457763672,27.270000457763672,300,0.0,0.0,0.0
2019-12-20 00:00:00-05:00,27.360000610351562,27.360000610351562,27.304000854492188,27.304000854492188,1000,0.0,0.0,0.0
2019-12-23 00:00:00-05:00,27.29199981689453,27.325000762939453,27.29199981689453,27.325000762939453,400,0.0,0.0,0.0
2019-12-24 00:00:00-05:00,27.285999298095703,27.285999298095703,27.285999298095703,27.285999298095703,100,0.0,0.0,0.0
2019-12-26 00:00:00-05:00,27.299999237060547,27.3799991607666,27.299999237060547,27.3799991607666,400,0.0,0.0,0.0
2019-12-27 00:00:00-05:00,27.384000778198242,27.389999389648438,27.384000778198242,27.38800048828125,1400,0.0,0.0,0.0
2019-12-30 00:00:00-05:00,27.15999984741211,27.30900001525879,27.15999984741211,27.15999984741211,1000,0.0,0.0,0.0
2019-12-31 00:00:00-05:00,27.020000457763672,27.07200050354004,26.982999801635742,27.07200050354004,900,0.0,0.0,0.0
2020-01-02 00:00:00-05:00,27.350000381469727,27.350000381469727,27.350000381469727,27.350000381469727,100,0.0,0.0,0.0
2020-01-03 00:00:00-05:00,27.239999771118164,27.239999771118164,27.145000457763672,27.145000457763672,3600,0.0,0.0,0.0
2020-01-06 00:00:00-05:00,27.10099983215332,27.15999984741211,27.10099983215332,27.15999984741211,500,0.0,0.0,0.0
2020-01-07 00:00:00-05:00,27.232999801635742,27.25,27.200000762939453,27.239999771118164,2500,0.0,0.0,0.0
2020-01-08 00:00:00-05:00,27.450000762939453,27.450000762939453,27.3799991607666,27.3799991607666,1100,0.0,0.0,0.0
2020-01-09 00:00:00-05:00,27.450000762939453,27.479999542236328,27.450000762939453,27.479999542236328,1100,0.0,0.0,0.0
2020-01-10 00:00:00-05:00,27.5,27.5,27.39299964904785,27.469999313354492,3900,0.0,0.0,0.0
2020-01-13 00:00:00-05:00,27.57200050354004,27.57200050354004,27.57200050354004,27.57200050354004,0,0.0,0.0,0.0
2020-01-14 00:00:00-05:00,27.618999481201172,27.618999481201172,27.584999084472656,27.586999893188477,19100,0.0,0.0,0.0
2020-01-15 00:00:00-05:00,27.665000915527344,27.665000915527344,27.665000915527344,27.665000915527344,100,0.0,0.0,0.0
2020-01-16 00:00:00-05:00,27.690000534057617,27.799999237060547,27.690000534057617,27.766000747680664,2200,0.0,0.0,0.0
2020-01-17 00:00:00-05:00,27.895000457763672,27.93000030517578,27.892000198364258,27.93000030517578,600,0.0,0.0,0.0
2020-01-21 00:00:00-05:00,27.80299949645996,27.80299949645996,27.759000778198242,27.759000778198242,400,0.0,0.0,0.0
2020-01-22 00:00:00-05:00,27.959999084472656,27.959999084472656,27.777999877929688,27.777999877929688,300,0.0,0.0,0.0
2020-01-23 00:00:00-05:00,27.639999389648438,27.860000610351562,27.639999389648438,27.860000610351562,11300,0.0,0.0,0.0
2020-01-24 00:00:00-05:00,27.684999465942383,27.684999465942383,27.684999465942383,27.684999465942383,100,0.0,0.0,0.0
2020-01-27 00:00:00-05:00,27.280000686645508,27.280000686645508,27.218000411987305,27.218000411987305,300,0.0,0.0,0.0
2020-01-28 00:00:00-05:00,27.405000686645508,27.482999801635742,27.405000686645508,27.482999801635742,300,0.0,0.0,0.0
2020-01-29 00:00:00-05:00,27.520000457763672,27.520000457763672,27.474000930786133,27.474000930786133,1000,0.0,0.0,0.0
2020-01-30 00:00:00-05:00,27.43000030517578,27.479999542236328,27.43000030517578,27.479999542236328,400,0.0,0.0,0.0
2020-01-31 00:00:00-05:00,27.010000228881836,27.010000228881836,26.972000122070312,26.972000122070312,400,0.0,0.0,0.0
2020-02-03 00:00:00-05:00,27.31999969482422,27.31999969482422,27.15999984741211,27.15999984741211,3500,0.0,0.0,0.0
2020-02-04 00:00:00-05:00,27.47800064086914,27.479999542236328,27.47800064086914,27.479999542236328,1000,0.0,0.0,0.0
2020-02-05 00:00:00-05:00,27.729000091552734,27.75,27.729000091552734,27.75,500,0.0,0.0,0.0
2020-02-06 00:00:00-05:00,27.875,27.875,27.875,27.875,100,0.0,0.0,0.0
2020-02-07 00:00:00-05:00,27.687000274658203,27.691999435424805,27.684999465942383,27.684999465942383,800,0.0,0.0,0.0
2020-02-10 00:00:00-05:00,27.520000457763672,27.73200035095215,27.520000457763672,27.73200035095215,600,0.0,0.0,0.0
2020-02-11 00:00:00-05:00,27.80500030517578,27.809999465942383,27.80500030517578,27.809999465942383,300,0.0,0.0,0.0
2020-02-12 00:00:00-05:00,27.93000030517578,27.940000534057617,27.93000030517578,27.940000534057617,1100,0.0,0.0,0.0
2020-02-13 00:00:00-05:00,27.83099937438965,27.83099937438965,27.825000762939453,27.825000762939453,600,0.0,0.0,0.0
2020-02-14 00:00:00-05:00,27.81999969482422,27.868000030517578,27.81999969482422,27.868000030517578,700,0.0,0.0,0.0
2020-02-18 00:00:00-05:00,27.809999465942383,27.86400032043457,27.809999465942383,27.85099983215332,1700,0.0,0.0,0.0
2020-02-19 00:00:00-05:00,28.051000595092773,28.051000595092773,28.0049991607666,28.0049991607666,1100,0.0,0.0,0.0
2020-02-20 00:00:00-05:00,28.000999450683594,28.000999450683594,27.8700008392334,27.92300033569336,500,0.0,0.0,0.0
2020-02-21 00:00:00-05:00,27.75,27.836999893188477,27.75,27.836999893188477,200,0.0,0.0,0.0
2020-02-24 00:00:00-05:00,26.920000076293945,26.920000076293945,26.780000686645508,26.780000686645508,1300,0.0,0.0,0.0
2020-02-25 00:00:00-05:00,26.989999771118164,26.989999771118164,26.363000869750977,26.363000869750977,300,0.0,0.0,0.0
2020-02-26 00:00:00-05:00,26.649999618530273,26.674999237060547,26.416000366210938,26.416000366210938,1000,0.0,0.0,0.0
2020-02-27 00:00:00-05:00,25.934999465942383,25.934999465942383,25.56999969482422,25.56999969482422,500,0.0,0.0,0.0
2020-02-28 00:00:00-05:00,25.270000457763672,25.270000457763672,25.270000457763672,25.270000457763672,500,0.0,0.0,0.0
2020-03-02 00:00:00-05:00,25.174999237060547,25.582000732421875,25.117000579833984,25.582000732421875,1300,0.0,0.0,0.0
2020-03-03 00:00:00-05:00,25.645000457763672,25.645000457763672,25.222999572753906,25.222999572753906,900,0.0,0.0,0.0
2020-03-04 00:00:00-05:00,26.03700065612793,26.03700065612793,26.03700065612793,26.03700065612793,100,0.0,0.0,0.0
2020-03-05 00:00:00-05:00,25.290000915527344,25.290000915527344,25.229000091552734,25.229999542236328,500,0.0,0.0,0.0
2020-03-06 00:00:00-05:00,24.69099998474121,24.709999084472656,24.555999755859375,24.709999084472656,1500,0.0,0.0,0.0
2020-03-09 00:00:00-04:00,22.889999389648438,23.010000228881836,22.711000442504883,22.711000442504883,900,0.0,0.0,0.0
2020-03-10 00:00:00-04:00,22.899999618530273,23.690000534057617,22.899999618530273,23.690000534057617,600,0.0,0.0,0.0
2020-03-11 00:00:00-04:00,22.59000015258789,22.59000015258789,22.579999923706055,22.579999923706055,500,0.0,0.0,0.0
2020-03-12 00:00:00-04:00,20.5,20.729999542236328,20.069000244140625,20.229999542236328,40900,0.0,0.0,0.0
2020-03-13 00:00:00-04:00,21.511999130249023,21.96500015258789,21.010000228881836,21.93600082397461,17300,0.0,0.0,0.0
2020-03-16 00:00:00-04:00,18.030000686645508,21.280000686645508,18.030000686645508,20.23200035095215,70400,0.0,0.0,0.0
2020-03-17 00:00:00-04:00,20.450000762939453,21.15999984741211,20.450000762939453,21.142000198364258,2300,0.0,0.0,0.0
2020-03-18 00:00:00-04:00,20.719999313354492,20.780000686645508,20.270000457763672,20.760000228881836,2000,0.0,0.0,0.0
2020-03-19 00:00:00-04:00,20.93000030517578,21.770000457763672,20.93000030517578,21.399999618530273,4400,0.0,0.0,0.0
2020-03-20 00:00:00-04:00,21.760000228881836,21.760000228881836,21.110000610351562,21.110000610351562,1600,0.0,0.0,0.0
2020-03-23 00:00:00-04:00,20.65999984741211,21.139999389648438,20.65999984741211,20.81999969482422,5500,0.0,0.0,0.0
2020-03-24 00:00:00-04:00,22.05699920654297,22.05699920654297,22.05699920654297,22.05699920654297,0,0.0,0.0,0.0
2020-03-25 00:00:00-04:00,22.920000076293945,22.920000076293945,22.48699951171875,22.48699951171875,400,0.0,0.0,0.0
2020-03-26 00:00:00-04:00,23.09000015258789,23.09000015258789,22.885000228881836,22.969999313354492,700,0.0,0.0,0.0
2020-03-27 00:00:00-04:00,22.06999969482422,22.350000381469727,21.940000534057617,21.97100067138672,4400,0.0,0.0,0.0
2020-03-30 00:00:00-04:00,22.617000579833984,22.732999801635742,22.617000579833984,22.732999801635742,300,0.0,0.0,0.0
2020-03-31 00:00:00-04:00,22.683000564575195,22.683000564575195,22.496000289916992,22.496000289916992,600,0.0,0.0,0.0
2020-04-01 00:00:00-04:00,21.940000534057617,22.389999389648438,21.940000534057617,22.327999114990234,6500,0.0,0.0,0.0
2020-04-02 00:00:00-04:00,22.290000915527344,22.290000915527344,22.259000778198242,22.259000778198242,100,0.0,0.0,0.0
2020-04-03 00:00:00-04:00,21.948999404907227,22.010000228881836,21.84000015258789,22.010000228881836,1700,0.0,0.0,0.0
2020-04-06 00:00:00-04:00,22.788000106811523,23.101999282836914,22.788000106811523,23.101999282836914,1100,0.0,0.0,0.0
2020-04-07 00:00:00-04:00,23.43000030517578,23.43000030517578,22.8799991607666,22.885000228881836,2900,0.0,0.0,0.0
2020-04-08 00:00:00-04:00,22.9689998626709,22.9689998626709,22.9689998626709,22.9689998626709,600,0.0,0.0,0.0
2020-04-09 00:00:00-04:00,23.489999771118164,23.489999771118164,23.40999984741211,23.440000534057617,300,0.0,0.0,0.0
2020-04-13 00:00:00-04:00,23.152999877929688,23.152999877929688,23.07200050354004,23.07200050354004,1100,0.0,0.0,0.0
2020-04-14 00:00:00-04:00,23.350000381469727,23.3700008392334,23.350000381469727,23.3700008392334,400,0.0,0.0,0.0
2020-04-15 00:00:00-04:00,22.81999969482422,22.81999969482422,22.81999969482422,22.81999969482422,300,0.0,0.0,0.0
2020-04-16 00:00:00-04:00,22.84000015258789,22.930999755859375,22.84000015258789,22.930999755859375,200,0.0,0.0,0.0
2020-04-17 00:00:00-04:00,23.299999237060547,23.459999084472656,23.299999237060547,23.459999084472656,500,0.0,0.0,0.0
2020-04-20 00:00:00-04:00,23.049999237060547,23.049999237060547,23.049999237060547,23.049999237060547,300,0.0,0.0,0.0
2020-04-21 00:00:00-04:00,22.64699935913086,22.649999618530273,22.617000579833984,22.649999618530273,1200,0.0,0.0,0.0
2020-04-22 00:00:00-04:00,23.139999389648438,23.139999389648438,23.139999389648438,23.139999389648438,300,0.0,0.0,0.0
2020-04-23 00:00:00-04:00,23.049999237060547,23.06999969482422,23.000999450683594,23.06999969482422,700,0.0,0.0,0.0
2020-04-24 00:00:00-04:00,23.239999771118164,23.239999771118164,23.239999771118164,23.239999771118164,400,0.0,0.0,0.0
2020-04-27 00:00:00-04:00,23.260000228881836,23.40999984741211,23.260000228881836,23.40999984741211,1100,0.0,0.0,0.0
2020-04-28 00:00:00-04:00,23.554000854492188,23.554000854492188,23.510000228881836,23.510000228881836,1700,0.0,0.0,0.0
2020-04-29 00:00:00-04:00,24.040000915527344,24.040000915527344,23.959999084472656,23.959999084472656,800,0.0,0.0,0.0
2020-04-30 00:00:00-04:00,23.299999237060547,23.299999237060547,23.219999313354492,23.290000915527344,800,0.0,0.0,0.0
2020-05-01 00:00:00-04:00,23.170000076293945,23.170000076293945,22.739999771118164,22.84000015258789,1900,0.0,0.0,0.0
2020-05-04 00:00:00-04:00,22.860000610351562,23.040000915527344,22.850000381469727,23.040000915527344,2000,0.0,0.0,0.0
2020-05-05 00:00:00-04:00,23.235000610351562,23.235000610351562,23.155000686645508,23.155000686645508,3100,0.0,0.0,0.0
2020-05-06 00:00:00-04:00,23.017000198364258,23.033000946044922,23.017000198364258,23.033000946044922,800,0.0,0.0,0.0
2020-05-07 00:00:00-04:00,23.033000946044922,23.033000946044922,23.033000946044922,23.033000946044922,0,0.0,0.0,0.0
2020-05-08 00:00:00-04:00,23.639999389648438,23.639999389648438,23.450000762939453,23.545000076293945,2600,0.0,0.0,0.0
2020-05-11 00:00:00-04:00,23.610000610351562,23.610000610351562,23.610000610351562,23.610000610351562,300,0.0,0.0,0.0
2020-05-12 00:00:00-04:00,23.406999588012695,23.406999588012695,23.406999588012695,23.406999588012695,0,0.0,0.0,0.0
2020-05-13 00:00:00-04:00,23.26799964904785,23.26799964904785,23.26799964904785,23.26799964904785,0,0.0,0.0,0.0
2020-05-14 00:00:00-04:00,23.020000457763672,23.15999984741211,23.0,23.15999984741211,1700,0.0,0.0,0.0
2020-05-15 00:00:00-04:00,23.229999542236328,23.229999542236328,23.229999542236328,23.229999542236328,100,0.0,0.0,0.0
2020-05-18 00:00:00-04:00,23.937000274658203,23.944000244140625,23.937000274658203,23.944000244140625,200,0.0,0.0,0.0
2020-05-19 00:00:00-04:00,23.59000015258789,23.719999313354492,23.54599952697754,23.54599952697754,1000,0.0,0.0,0.0
2020-05-20 00:00:00-04:00,23.934999465942383,23.934999465942383,23.934999465942383,23.934999465942383,100,0.0,0.0,0.0
2020-05-21 00:00:00-04:00,23.749000549316406,23.749000549316406,23.64900016784668,23.64900016784668,100,0.0,0.0,0.0
2020-05-22 00:00:00-04:00,23.670000076293945,23.760000228881836,23.670000076293945,23.72100067138672,3800,0.0,0.0,0.0
2020-05-26 00:00:00-04:00,24.260000228881836,24.298999786376953,24.14299964904785,24.14299964904785,1500,0.0,0.0,0.0
2020-05-27 00:00:00-04:00,24.45199966430664,24.45199966430664,24.45199966430664,24.45199966430664,0,0.0,0.0,0.0
2020-05-28 00:00:00-04:00,24.72100067138672,24.72100067138672,24.676000595092773,24.676000595092773,500,0.0,0.0,0.0
2020-05-29 00:00:00-04:00,24.489999771118164,24.489999771118164,24.489999771118164,24.489999771118164,300,0.0,0.0,0.0
2020-06-01 00:00:00-04:00,24.780000686645508,24.780000686645508,24.780000686645508,24.780000686645508,1600,0.0,0.0,0.0
2020-06-02 00:00:00-04:00,24.799999237060547,24.90399932861328,24.799999237060547,24.90399932861328,1200,0.0,0.0,0.0
2020-06-03 00:00:00-04:00,25.229999542236328,25.26099967956543,25.229999542236328,25.26099967956543,200,0.0,0.0,0.0
2020-06-04 00:00:00-04:00,25.165000915527344,25.165000915527344,25.07900047302246,25.07900047302246,700,0.0,0.0,0.0
2020-06-05 00:00:00-04:00,25.459999084472656,25.459999084472656,25.3799991607666,25.389999389648438,1400,0.0,0.0,0.0
2020-06-08 00:00:00-04:00,25.43199920654297,25.608999252319336,25.416000366210938,25.608999252319336,3300,0.0,0.0,0.0
2020-06-09 00:00:00-04:00,25.27400016784668,25.27400016784668,25.22599983215332,25.22599983215332,1200,0.0,0.0,0.0
2020-06-10 00:00:00-04:00,25.204999923706055,25.204999923706055,25.202999114990234,25.202999114990234,300,0.0,0.0,0.0
2020-06-11 00:00:00-04:00,23.989999771118164,23.989999771118164,23.304000854492188,23.304000854492188,4200,0.0,0.0,0.0
2020-06-12 00:00:00-04:00,23.760000228881836,23.760000228881836,23.760000228881836,23.760000228881836,300,0.0,0.0,0.0
2020-06-15 00:00:00-04:00,23.600000381469727,23.684999465942383,23.600000381469727,23.684999465942383,200,0.0,0.0,0.0
2020-06-16 00:00:00-04:00,24.0,24.0,23.988000869750977,23.988000869750977,400,0.0,0.0,0.0
2020-06-17 00:00:00-04:00,24.309999465942383,24.309999465942383,24.142000198364258,24.142000198364258,400,0.0,0.0,0.0
2020-06-18 00:00:00-04:00,24.100000381469727,24.1299991607666,24.02899932861328,24.055999755859375,1800,0.0,0.0,0.0
2020-06-19 00:00:00-04:00,24.041000366210938,24.041000366210938,24.041000366210938,24.041000366210938,100,0.0,0.0,0.0
2020-06-22 00:00:00-04:00,24.180999755859375,24.180999755859375,24.179000854492188,24.18000030517578,800,0.0,0.0,0.0
2020-06-23 00:00:00-04:00,24.336999893188477,24.3700008392334,24.270000457763672,24.270000457763672,700,0.0,0.0,0.0
2020-06-24 00:00:00-04:00,23.700000762939453,23.729999542236328,23.700000762939453,23.729999542236328,1800,0.0,0.0,0.0
2020-06-25 00:00:00-04:00,23.780000686645508,23.959999084472656,23.670000076293945,23.959999084472656,7800,0.0,0.0,0.0
2020-06-26 00:00:00-04:00,23.799999237060547,23.799999237060547,23.670000076293945,23.711999893188477,900,0.0,0.0,0.0
2020-06-29 00:00:00-04:00,23.719999313354492,23.93000030517578,23.719999313354492,23.93000030517578,1800,0.0,0.0,0.0
2020-06-30 00:00:00-04:00,23.760000228881836,23.809999465942383,23.760000228881836,23.809999465942383,600,0.0,0.0,0.0
2020-07-01 00:00:00-04:00,23.84000015258789,23.84000015258789,23.84000015258789,23.84000015258789,300,0.0,0.0,0.0
2020-07-02 00:00:00-04:00,24.049999237060547,24.049999237060547,24.049999237060547,24.049999237060547,300,0.0,0.0,0.0
2020-07-06 00:00:00-04:00,24.15999984741211,24.239999771118164,24.14699935913086,24.239999771118164,1400,0.0,0.0,0.0
2020-07-07 00:00:00-04:00,23.96299934387207,24.06999969482422,23.950000762939453,23.950000762939453,1000,0.0,0.0,0.0
2020-07-08 00:00:00-04:00,23.940000534057617,24.079999923706055,23.940000534057617,24.079999923706055,1200,0.0,0.0,0.0
2020-07-09 00:00:00-04:00,24.049999237060547,24.049999237060547,23.8700008392334,23.8700008392334,1400,0.0,0.0,0.0
2020-07-10 00:00:00-04:00,23.899999618530273,24.079999923706055,23.899999618530273,24.079999923706055,500,0.0,0.0,0.0
2020-07-13 00:00:00-04:00,24.110000610351562,24.110000610351562,23.8799991607666,23.8799991607666,400,0.0,0.0,0.0
2020-07-14 00:00:00-04:00,24.100000381469727,24.239999771118164,24.100000381469727,24.239999771118164,1900,0.0,0.0,0.0
2020-07-15 00:00:00-04:00,24.579999923706055,24.809999465942383,24.554000854492188,24.554000854492188,7100,0.0,0.0,0.0
2020-07-16 00:00:00-04:00,24.402999877929688,24.402999877929688,24.402999877929688,24.402999877929688,0,0.0,0.0,0.0
2020-07-17 00:00:00-04:00,24.520000457763672,24.520000457763672,24.520000457763672,24.520000457763672,300,0.0,0.0,0.0
2020-07-20 00:00:00-04:00,24.59000015258789,24.65999984741211,24.565000534057617,24.579999923706055,2100,0.0,0.0,0.0
2020-07-21 00:00:00-04:00,24.670000076293945,24.700000762939453,24.5,24.5,2500,0.0,0.0,0.0
2020-07-22 00:00:00-04:00,24.406999588012695,24.406999588012695,24.3799991607666,24.3799991607666,800,0.0,0.0,0.0
2020-07-23 00:00:00-04:00,24.200000762939453,24.200000762939453,24.200000762939453,24.200000762939453,100,0.0,0.0,0.0
2020-07-24 00:00:00-04:00,24.18000030517578,24.18000030517578,23.440000534057617,24.020000457763672,12400,0.0,0.0,0.0
2020-07-27 00:00:00-04:00,24.18000030517578,24.18000030517578,24.1299991607666,24.174999237060547,6000,0.0,0.0,0.0
2020-07-28 00:00:00-04:00,24.1200008392334,24.1200008392334,24.040000915527344,24.040000915527344,2100,0.0,0.0,0.0
2020-07-29 00:00:00-04:00,24.190000534057617,24.190000534057617,24.190000534057617,24.190000534057617,500,0.0,0.0,0.0
2020-07-30 00:00:00-04:00,23.610000610351562,23.81999969482422,23.610000610351562,23.81999969482422,700,0.0,0.0,0.0
2020-07-31 00:00:00-04:00,23.40999984741211,23.40999984741211,23.25,23.389999389648438,500,0.0,0.0,0.0
2020-08-03 00:00:00-04:00,23.8700008392334,23.8700008392334,23.77899932861328,23.8700008392334,2300,0.0,0.0,0.0
2020-08-04 00:00:00-04:00,23.8700008392334,23.8799991607666,23.815000534057617,23.8799991607666,1400,0.0,0.0,0.0
2020-08-05 00:00:00-04:00,24.0,24.030000686645508,23.92300033569336,23.92300033569336,1700,0.0,0.0,0.0
2020-08-06 00:00:00-04:00,23.8700008392334,23.89699935913086,23.829999923706055,23.89699935913086,800,0.0,0.0,0.0
2020-08-07 00:00:00-04:00,23.850000381469727,23.850000381469727,23.81999969482422,23.829999923706055,2000,0.0,0.0,0.0
2020-08-10 00:00:00-04:00,23.959999084472656,24.0,23.950000762939453,23.985000610351562,6000,0.0,0.0,0.0
2020-08-11 00:00:00-04:00,24.270000457763672,24.30500030517578,24.110000610351562,24.110000610351562,8800,0.0,0.0,0.0
2020-08-12 00:00:00-04:00,24.51099967956543,24.59000015258789,24.51099967956543,24.59000015258789,100,0.0,0.0,0.0
2020-08-13 00:00:00-04:00,24.59000015258789,24.59000015258789,24.395000457763672,24.395000457763672,3300,0.0,0.0,0.0
2020-08-14 00:00:00-04:00,24.290000915527344,24.290000915527344,24.239999771118164,24.239999771118164,800,0.0,0.0,0.0
2020-08-17 00:00:00-04:00,24.420000076293945,24.479999542236328,24.420000076293945,24.430999755859375,1000,0.0,0.0,0.0
2020-08-18 00:00:00-04:00,24.360000610351562,24.5,24.350000381469727,24.350000381469727,3100,0.0,0.0,0.0
2020-08-19 00:00:00-04:00,24.482999801635742,24.482999801635742,24.381000518798828,24.381000518798828,200,0.0,0.0,0.0
2020-08-20 00:00:00-04:00,24.290000915527344,24.299999237060547,24.257999420166016,24.257999420166016,3500,0.0,0.0,0.0
2020-08-21 00:00:00-04:00,24.209999084472656,24.25,24.110000610351562,24.20400047302246,55000,0.0,0.0,0.0
2020-08-24 00:00:00-04:00,24.510000228881836,24.520000457763672,24.43400001525879,24.5,2300,0.0,0.0,0.0
2020-08-25 00:00:00-04:00,24.280000686645508,24.31800079345703,24.280000686645508,24.31800079345703,1700,0.0,0.0,0.0
2020-08-26 00:00:00-04:00,24.371999740600586,24.43199920654297,24.35099983215332,24.43199920654297,800,0.0,0.0,0.0
2020-08-27 00:00:00-04:00,24.559999465942383,24.559999465942383,24.25200080871582,24.25200080871582,2100,0.0,0.0,0.0
2020-08-28 00:00:00-04:00,24.09000015258789,24.165000915527344,24.09000015258789,24.165000915527344,900,0.0,0.0,0.0
2020-08-31 00:00:00-04:00,24.0,24.030000686645508,23.965999603271484,23.965999603271484,4700,0.0,0.0,0.0
2020-09-01 00:00:00-04:00,23.969999313354492,23.969999313354492,23.92799949645996,23.941999435424805,1100,0.0,0.0,0.0
2020-09-02 00:00:00-04:00,24.268999099731445,24.375999450683594,24.26099967956543,24.375999450683594,1200,0.0,0.0,0.0
2020-09-03 00:00:00-04:00,23.90999984741211,23.90999984741211,23.8799991607666,23.8799991607666,200,0.0,0.0,0.0
2020-09-04 00:00:00-04:00,24.030000686645508,24.030000686645508,23.844999313354492,23.93000030517578,1500,0.0,0.0,0.0
2020-09-08 00:00:00-04:00,23.950000762939453,24.0,23.950000762939453,23.950000762939453,600,0.0,0.0,0.0
2020-09-09 00:00:00-04:00,24.319000244140625,24.31999969482422,24.27899932861328,24.280000686645508,2200,0.0,0.0,0.0
2020-09-10 00:00:00-04:00,24.200000762939453,24.200000762939453,24.149999618530273,24.155000686645508,1200,0.0,0.0,0.0
2020-09-11 00:00:00-04:00,24.280000686645508,24.339000701904297,24.280000686645508,24.320999145507812,600,0.0,0.0,0.0
2020-09-14 00:00:00-04:00,24.40999984741211,24.40999984741211,24.299999237060547,24.299999237060547,600,0.0,0.0,0.0
2020-09-15 00:00:00-04:00,24.6299991607666,24.6299991607666,24.510000228881836,24.510000228881836,4100,0.0,0.0,0.0
2020-09-16 00:00:00-04:00,24.6200008392334,24.639999389648438,24.604999542236328,24.604999542236328,1700,0.0,0.0,0.0
2020-09-17 00:00:00-04:00,24.468000411987305,24.468000411987305,24.3799991607666,24.424999237060547,4500,0.0,0.0,0.0
2020-09-18 00:00:00-04:00,24.299999237060547,24.299999237060547,24.253999710083008,24.253999710083008,600,0.0,0.0,0.0
2020-09-21 00:00:00-04:00,23.79400062561035,23.79400062561035,23.79400062561035,23.79400062561035,200,0.0,0.0,0.0
2020-09-22 00:00:00-04:00,23.920000076293945,23.96500015258789,23.790000915527344,23.96500015258789,1500,0.0,0.0,0.0
2020-09-23 00:00:00-04:00,23.94300079345703,23.94300079345703,23.94300079345703,23.94300079345703,100,0.0,0.0,0.0
2020-09-24 00:00:00-04:00,23.98699951171875,23.98699951171875,23.98699951171875,23.98699951171875,100,0.0,0.0,0.0
2020-09-25 00:00:00-04:00,24.097000122070312,24.097000122070312,24.097000122070312,24.097000122070312,0,0.0,0.0,0.0
2020-09-28 00:00:00-04:00,24.261999130249023,24.325000762939453,24.261999130249023,24.325000762939453,1800,0.0,0.0,0.0
2020-09-29 00:00:00-04:00,24.15999984741211,24.27899932861328,24.15999984741211,24.229999542236328,900,0.0,0.0,0.0
2020-09-30 00:00:00-04:00,24.190000534057617,24.190000534057617,24.142000198364258,24.142000198364258,3800,0.0,0.0,0.0
2020-10-01 00:00:00-04:00,24.049999237060547,24.18000030517578,24.049999237060547,24.14900016784668,2900,0.0,0.0,0.0
2020-10-02 00:00:00-04:00,24.059999465942383,24.200000762939453,24.059999465942383,24.165000915527344,2300,0.0,0.0,0.0
2020-10-05 00:00:00-04:00,24.290000915527344,24.364999771118164,24.260000228881836,24.364999771118164,2600,0.0,0.0,0.0
2020-10-06 00:00:00-04:00,24.3700008392334,24.3700008392334,24.200000762939453,24.200000762939453,7200,0.0,0.0,0.0
2020-10-07 00:00:00-04:00,24.420000076293945,24.420000076293945,24.340999603271484,24.3799991607666,2900,0.0,0.0,0.0
2020-10-08 00:00:00-04:00,24.350000381469727,24.520000457763672,24.350000381469727,24.489999771118164,1500,0.0,0.0,0.0
2020-10-09 00:00:00-04:00,24.614999771118164,24.614999771118164,24.562999725341797,24.562999725341797,100,0.0,0.0,0.0
2020-10-12 00:00:00-04:00,24.611000061035156,24.611000061035156,24.611000061035156,24.611000061035156,100,0.0,0.0,0.0
2020-10-13 00:00:00-04:00,24.5,24.562999725341797,24.5,24.562999725341797,600,0.0,0.0,0.0
2020-10-14 00:00:00-04:00,24.56999969482422,24.56999969482422,24.524999618530273,24.524999618530273,200,0.0,0.0,0.0
2020-10-15 00:00:00-04:00,24.200000762939453,24.350000381469727,24.200000762939453,24.288999557495117,4200,0.0,0.0,0.0
2020-10-16 00:00:00-04:00,24.464000701904297,24.464000701904297,24.464000701904297,24.464000701904297,100,0.0,0.0,0.0
2020-10-19 00:00:00-04:00,24.450000762939453,24.450000762939453,24.229999542236328,24.229999542236328,500,0.0,0.0,0.0
2020-10-20 00:00:00-04:00,24.31999969482422,24.339000701904297,24.31999969482422,24.339000701904297,100,0.0,0.0,0.0
2020-10-21 00:00:00-04:00,24.260000228881836,24.260000228881836,24.104000091552734,24.104000091552734,200,0.0,0.0,0.0
2020-10-22 00:00:00-04:00,24.110000610351562,24.11400032043457,24.110000610351562,24.11400032043457,500,0.0,0.0,0.0
2020-10-23 00:00:00-04:00,24.128999710083008,24.219999313354492,24.128999710083008,24.202999114990234,1800,0.0,0.0,0.0
2020-10-26 00:00:00-04:00,23.920000076293945,23.920000076293945,23.520000457763672,23.82900047302246,8800,0.0,0.0,0.0
2020-10-27 00:00:00-04:00,23.784000396728516,23.784000396728516,23.691999435424805,23.691999435424805,3900,0.0,0.0,0.0
2020-10-28 00:00:00-04:00,23.31100082397461,23.31100082397461,23.142000198364258,23.142000198364258,400,0.0,0.0,0.0
2020-10-29 00:00:00-04:00,23.344999313354492,23.3799991607666,23.344999313354492,23.350000381469727,800,0.0,0.0,0.0
2020-10-30 00:00:00-04:00,23.100000381469727,23.219999313354492,23.100000381469727,23.219999313354492,900,0.0,0.0,0.0
2020-11-02 00:00:00-05:00,23.40999984741211,23.47800064086914,23.40999984741211,23.47800064086914,1800,0.0,0.0,0.0
2020-11-03 00:00:00-05:00,23.948999404907227,23.948999404907227,23.948999404907227,23.948999404907227,100,0.0,0.0,0.0
2020-11-04 00:00:00-05:00,24.097999572753906,24.31999969482422,24.097999572753906,24.1299991607666,12000,0.0,0.0,0.0
2020-11-05 00:00:00-05:00,24.6200008392334,24.6200008392334,24.459999084472656,24.459999084472656,1800,0.0,0.0,0.0
2020-11-06 00:00:00-05:00,24.5,24.5,24.45599937438965,24.45599937438965,1300,0.0,0.0,0.0
2020-11-09 00:00:00-05:00,25.700000762939453,25.700000762939453,25.170000076293945,25.170000076293945,900,0.0,0.0,0.0
2020-11-10 00:00:00-05:00,25.399999618530273,25.399999618530273,25.30699920654297,25.30699920654297,6700,0.0,0.0,0.0
2020-11-11 00:00:00-05:00,25.54400062561035,25.610000610351562,25.54400062561035,25.54599952697754,5600,0.0,0.0,0.0
2020-11-12 00:00:00-05:00,25.520000457763672,25.549999237060547,25.32699966430664,25.32699966430664,3700,0.0,0.0,0.0
2020-11-13 00:00:00-05:00,25.458999633789062,25.55699920654297,25.43000030517578,25.51799964904785,3600,0.0,0.0,0.0
2020-11-16 00:00:00-05:00,25.75,25.760000228881836,25.7189998626709,25.7189998626709,4200,0.0,0.0,0.0
2020-11-17 00:00:00-05:00,25.690000534057617,25.690000534057617,25.631000518798828,25.631000518798828,300,0.0,0.0,0.0
2020-11-18 00:00:00-05:00,25.690000534057617,25.690000534057617,25.51099967956543,25.51099967956543,1700,0.0,0.0,0.0
2020-11-19 00:00:00-05:00,25.540000915527344,25.600000381469727,25.520000457763672,25.600000381469727,6900,0.0,0.0,0.0
2020-11-20 00:00:00-05:00,25.700000762939453,25.709999084472656,25.65999984741211,25.667999267578125,1300,0.0,0.0,0.0
2020-11-23 00:00:00-05:00,25.65999984741211,25.65999984741211,25.65999984741211,25.65999984741211,400,0.0,0.0,0.0
2020-11-24 00:00:00-05:00,25.729999542236328,26.000999450683594,25.68000030517578,26.000999450683594,5000,0.0,0.0,0.0
2020-11-25 00:00:00-05:00,25.93000030517578,25.950000762939453,25.93000030517578,25.950000762939453,300,0.0,0.0,0.0
2020-11-27 00:00:00-05:00,25.989999771118164,26.052000045776367,25.989999771118164,26.052000045776367,300,0.0,0.0,0.0
2020-11-30 00:00:00-05:00,25.857999801635742,25.857999801635742,25.64299964904785,25.64299964904785,1600,0.0,0.0,0.0
2020-12-01 00:00:00-05:00,25.889999389648438,25.899999618530273,25.858999252319336,25.858999252319336,600,0.0,0.0,0.0
2020-12-02 00:00:00-05:00,25.899999618530273,25.940000534057617,25.899999618530273,25.899999618530273,2200,0.0,0.0,0.0
2020-12-03 00:00:00-05:00,25.899999618530273,25.969999313354492,25.884000778198242,25.884000778198242,300,0.0,0.0,0.0
2020-12-04 00:00:00-05:00,25.969999313354492,26.049999237060547,25.950000762939453,26.049999237060547,7900,0.0,0.0,0.0
2020-12-07 00:00:00-05:00,26.139999389648438,26.139999389648438,25.940000534057617,25.989999771118164,1300,0.0,0.0,0.0
2020-12-08 00:00:00-05:00,26.059999465942383,26.110000610351562,26.059999465942383,26.110000610351562,600,0.0,0.0,0.0
2020-12-09 00:00:00-05:00,26.139999389648438,26.229999542236328,26.139999389648438,26.229999542236328,700,0.0,0.0,0.0
2020-12-10 00:00:00-05:00,26.209999084472656,26.23200035095215,26.209999084472656,26.22800064086914,500,0.0,0.0,0.0
2020-12-11 00:00:00-05:00,26.25,26.288999557495117,26.200000762939453,26.256000518798828,1700,0.0,0.0,0.0
2020-12-14 00:00:00-05:00,25.229999542236328,25.229999542236328,25.038999557495117,25.038999557495117,200,0.0,0.0,0.0
2020-12-15 00:00:00-05:00,25.1200008392334,25.18000030517578,25.100000381469727,25.149999618530273,3600,0.0,0.0,0.0
2020-12-16 00:00:00-05:00,25.211000442504883,25.224000930786133,25.211000442504883,25.224000930786133,600,0.0,0.0,0.0
2020-12-17 00:00:00-05:00,25.299999237060547,25.299999237060547,25.299999237060547,25.299999237060547,100,0.0,0.0,0.0
2020-12-18 00:00:00-05:00,25.285999298095703,25.285999298095703,25.285999298095703,25.285999298095703,400,0.0,0.0,0.0
2020-12-21 00:00:00-05:00,24.950000762939453,25.079999923706055,24.950000762939453,25.02899932861328,2700,0.0,0.0,0.0
2020-12-22 00:00:00-05:00,25.079999923706055,25.100000381469727,25.0310001373291,25.100000381469727,900,0.0,0.0,0.0
2020-12-23 00:00:00-05:00,25.079999923706055,25.170000076293945,25.06999969482422,25.170000076293945,4800,0.0,0.0,0.0
2020-12-24 00:00:00-05:00,25.125999450683594,25.131999969482422,25.125999450683594,25.131999969482422,600,0.0,0.0,0.0
2020-12-28 00:00:00-05:00,25.3700008392334,25.375,25.329999923706055,25.375,1400,0.0,0.0,0.0
2020-12-29 00:00:00-05:00,25.6200008392334,25.6299991607666,25.516000747680664,25.516000747680664,800,0.0,0.0,0.0
2020-12-30 00:00:00-05:00,25.530000686645508,25.530000686645508,25.420000076293945,25.485000610351562,1300,0.0,0.0,0.0
2020-12-31 00:00:00-05:00,25.28499984741211,25.299999237060547,25.28499984741211,25.299999237060547,300,0.0,0.0,0.0
2021-01-04 00:00:00-05:00,25.8700008392334,25.8700008392334,25.530000686645508,25.530000686645508,1600,0.0,0.0,0.0
2021-01-05 00:00:00-05:00,25.700000762939453,25.768999099731445,25.68400001525879,25.68400001525879,700,0.0,0.0,0.0
2021-01-06 00:00:00-05:00,25.969999313354492,26.059999465942383,25.964000701904297,25.979999542236328,2600,0.0,0.0,0.0
2021-01-07 00:00:00-05:00,26.040000915527344,26.070999145507812,25.959999084472656,26.070999145507812,6400,0.0,0.0,0.0
2021-01-08 00:00:00-05:00,26.229999542236328,26.36199951171875,26.229999542236328,26.36199951171875,800,0.0,0.0,0.0
2021-01-11 00:00:00-05:00,26.190000534057617,26.200000762939453,26.156999588012695,26.172000885009766,3900,0.0,0.0,0.0
2021-01-12 00:00:00-05:00,26.09000015258789,26.104999542236328,26.040000915527344,26.104999542236328,1800,0.0,0.0,0.0
2021-01-13 00:00:00-05:00,26.149999618530273,26.200000762939453,26.149999618530273,26.158000946044922,4100,0.0,0.0,0.0
2021-01-14 00:00:00-05:00,26.31999969482422,26.360000610351562,26.270000457763672,26.270000457763672,2500,0.0,0.0,0.0
2021-01-15 00:00:00-05:00,26.139999389648438,26.139999389648438,25.969999313354492,26.06100082397461,6800,0.0,0.0,0.0
2021-01-19 00:00:00-05:00,26.030000686645508,26.059999465942383,26.0,26.059999465942383,8200,0.0,0.0,0.0
2021-01-20 00:00:00-05:00,26.110000610351562,26.208999633789062,26.079999923706055,26.208999633789062,2200,0.0,0.0,0.0
2021-01-21 00:00:00-05:00,26.299999237060547,26.299999237060547,26.06999969482422,26.08300018310547,2000,0.0,0.0,0.0
2021-01-22 00:00:00-05:00,26.04800033569336,26.090999603271484,26.04800033569336,26.090999603271484,3800,0.0,0.0,0.0
2021-01-25 00:00:00-05:00,26.1299991607666,26.219999313354492,26.066999435424805,26.219999313354492,8600,0.0,0.0,0.0
2021-01-26 00:00:00-05:00,26.118999481201172,26.187999725341797,26.118999481201172,26.17099952697754,3100,0.0,0.0,0.0
2021-01-27 00:00:00-05:00,25.799999237060547,25.81999969482422,25.670000076293945,25.670000076293945,2200,0.0,0.0,0.0
2021-01-28 00:00:00-05:00,25.670000076293945,25.81999969482422,25.670000076293945,25.722999572753906,800,0.0,0.0,0.0
2021-01-29 00:00:00-05:00,25.479999542236328,25.479999542236328,25.020000457763672,25.204999923706055,2500,0.0,0.0,0.0
2021-02-01 00:00:00-05:00,25.579999923706055,25.579999923706055,25.395999908447266,25.542999267578125,6300,0.0,0.0,0.0
2021-02-02 00:00:00-05:00,25.636999130249023,25.709999084472656,25.636999130249023,25.687999725341797,1700,0.0,0.0,0.0
2021-02-03 00:00:00-05:00,25.639999389648438,26.3799991607666,25.631000518798828,25.7549991607666,17900,0.0,0.0,0.0
2021-02-04 00:00:00-05:00,25.579999923706055,25.68000030517578,25.57200050354004,25.68000030517578,10000,0.0,0.0,0.0
2021-02-05 00:00:00-05:00,25.757999420166016,25.860000610351562,25.757999420166016,25.81999969482422,5300,0.0,0.0,0.0
2021-02-08 00:00:00-05:00,26.059999465942383,26.09000015258789,25.959999084472656,25.959999084472656,9000,0.0,0.0,0.0
2021-02-09 00:00:00-05:00,26.059999465942383,26.06999969482422,25.93000030517578,25.940000534057617,3900,0.0,0.0,0.0
2021-02-10 00:00:00-05:00,25.829999923706055,25.89699935913086,25.829999923706055,25.89699935913086,500,0.0,0.0,0.0
2021-02-11 00:00:00-05:00,25.8700008392334,26.042999267578125,25.8700008392334,26.006000518798828,2300,0.0,0.0,0.0
2021-02-12 00:00:00-05:00,26.15999984741211,26.260000228881836,26.104999542236328,26.256000518798828,2300,0.0,0.0,0.0
2021-02-16 00:00:00-05:00,26.530000686645508,26.530000686645508,26.450000762939453,26.5,2200,0.0,0.0,0.0
2021-02-17 00:00:00-05:00,26.332000732421875,26.350000381469727,26.288999557495117,26.347999572753906,1600,0.0,0.0,0.0
2021-02-18 00:00:00-05:00,26.200000762939453,26.200000762939453,26.100000381469727,26.187000274658203,1000,0.0,0.0,0.0
2021-02-19 00:00:00-05:00,26.16900062561035,26.16900062561035,26.16900062561035,26.16900062561035,200,0.0,0.0,0.0
2021-02-22 00:00:00-05:00,26.139999389648438,26.139999389648438,26.0,26.0,1000,0.0,0.0,0.0
2021-02-23 00:00:00-05:00,26.018999099731445,26.079999923706055,26.018999099731445,26.055999755859375,1300,0.0,0.0,0.0
2021-02-24 00:00:00-05:00,25.959999084472656,26.149999618530273,25.829999923706055,26.09600067138672,12400,0.0,0.0,0.0
2021-02-25 00:00:00-05:00,26.100000381469727,26.113000869750977,25.610000610351562,25.840999603271484,6900,0.0,0.0,0.0
2021-02-26 00:00:00-05:00,25.599000930786133,25.607999801635742,25.599000930786133,25.607999801635742,600,0.0,0.0,0.0
2021-03-01 00:00:00-05:00,25.940000534057617,26.059999465942383,25.940000534057617,26.059999465942383,1800,0.0,0.0,0.0
2021-03-02 00:00:00-05:00,26.059999465942383,26.11400032043457,25.93000030517578,25.93000030517578,2900,0.0,0.0,0.0
2021-03-03 00:00:00-05:00,25.93000030517578,25.93000030517578,25.790000915527344,25.790000915527344,900,0.0,0.0,0.0
2021-03-04 00:00:00-05:00,25.799999237060547,25.889999389648438,25.62299919128418,25.66699981689453,2700,0.0,0.0,0.0
2021-03-05 00:00:00-05:00,25.6200008392334,25.950000762939453,25.6200008392334,25.950000762939453,600,0.0,0.0,0.0
2021-03-08 00:00:00-05:00,25.920000076293945,25.993999481201172,25.84000015258789,25.993999481201172,6000,0.0,0.0,0.0
2021-03-09 00:00:00-05:00,26.0,26.149999618530273,26.0,26.09000015258789,400,0.0,0.0,0.0
2021-03-10 00:00:00-05:00,26.100000381469727,26.100000381469727,26.06999969482422,26.06999969482422,700,0.0,0.0,0.0
2021-03-11 00:00:00-05:00,26.219999313354492,26.280000686645508,26.110000610351562,26.110000610351562,2000,0.0,0.0,0.0
2021-03-12 00:00:00-05:00,26.299999237060547,26.299999237060547,26.22800064086914,26.277000427246094,2900,0.0,0.0,0.0
2021-03-15 00:00:00-04:00,26.270000457763672,26.3700008392334,26.270000457763672,26.368000030517578,2300,0.0,0.0,0.0
2021-03-16 00:00:00-04:00,26.530000686645508,26.55900001525879,26.530000686645508,26.530000686645508,1500,0.0,0.0,0.0
2021-03-17 00:00:00-04:00,26.31999969482422,26.549999237060547,26.31999969482422,26.479000091552734,13600,0.0,0.0,0.0
2021-03-18 00:00:00-04:00,26.299999237060547,26.299999237060547,26.299999237060547,26.299999237060547,300,0.0,0.0,0.0
2021-03-19 00:00:00-04:00,26.40399932861328,26.510000228881836,26.350000381469727,26.40399932861328,3700,0.0,0.0,0.0
2021-03-22 00:00:00-04:00,26.424999237060547,26.424999237060547,26.3700008392334,26.3700008392334,300,0.0,0.0,0.0
2021-03-23 00:00:00-04:00,26.469999313354492,26.469999313354492,26.309999465942383,26.309999465942383,500,0.0,0.0,0.0
2021-03-24 00:00:00-04:00,26.3700008392334,26.448999404907227,26.274999618530273,26.312000274658203,1400,0.0,0.0,0.0
2021-03-25 00:00:00-04:00,26.43000030517578,26.461000442504883,26.43000030517578,26.461000442504883,400,0.0,0.0,0.0
2021-03-26 00:00:00-04:00,26.645000457763672,26.819000244140625,26.645000457763672,26.819000244140625,1200,0.0,0.0,0.0
2021-03-29 00:00:00-04:00,26.860000610351562,26.860000610351562,26.860000610351562,26.860000610351562,100,0.0,0.0,0.0
2021-03-30 00:00:00-04:00,26.860000610351562,26.860000610351562,26.79199981689453,26.80699920654297,400,0.0,0.0,0.0
2021-03-31 00:00:00-04:00,26.7549991607666,26.799999237060547,26.75,26.75,4500,0.0,0.0,0.0
2021-04-01 00:00:00-04:00,26.851999282836914,27.0,26.851999282836914,27.0,1000,0.0,0.0,0.0
2021-04-05 00:00:00-04:00,27.200000762939453,27.299999237060547,27.18000030517578,27.256999969482422,1400,0.0,0.0,0.0
2021-04-06 00:00:00-04:00,27.06999969482422,27.079999923706055,27.010000228881836,27.010000228881836,2200,0.0,0.0,0.0
2021-04-07 00:00:00-04:00,27.100000381469727,27.139999389648438,27.06999969482422,27.06999969482422,1800,0.0,0.0,0.0
2021-04-08 00:00:00-04:00,27.149999618530273,27.200000762939453,27.149999618530273,27.200000762939453,600,0.0,0.0,0.0
2021-04-09 00:00:00-04:00,27.253999710083008,27.299999237060547,27.229999542236328,27.299999237060547,2300,0.0,0.0,0.0
2021-04-12 00:00:00-04:00,27.06599998474121,27.121000289916992,27.06599998474121,27.121000289916992,7600,0.0,0.0,0.0
2021-04-13 00:00:00-04:00,27.1299991607666,27.149999618530273,27.1299991607666,27.149999618530273,600,0.0,0.0,0.0
2021-04-14 00:00:00-04:00,27.233999252319336,27.239999771118164,27.170000076293945,27.170000076293945,900,0.0,0.0,0.0
2021-04-15 00:00:00-04:00,27.354999542236328,27.440000534057617,27.354999542236328,27.42300033569336,1600,0.0,0.0,0.0
2021-04-16 00:00:00-04:00,27.493999481201172,27.6200008392334,27.493999481201172,27.579999923706055,7700,0.0,0.0,0.0
2021-04-19 00:00:00-04:00,27.530000686645508,27.540000915527344,27.440000534057617,27.440000534057617,4600,0.0,0.0,0.0
2021-04-20 00:00:00-04:00,27.209999084472656,27.209999084472656,27.059999465942383,27.06999969482422,2600,0.0,0.0,0.0
2021-04-21 00:00:00-04:00,26.899999618530273,27.31999969482422,26.899999618530273,27.280000686645508,3300,0.0,0.0,0.0
2021-04-22 00:00:00-04:00,27.459999084472656,27.459999084472656,27.270000457763672,27.270000457763672,1700,0.0,0.0,0.0
2021-04-23 00:00:00-04:00,27.409000396728516,27.479999542236328,27.3799991607666,27.3799991607666,2500,0.0,0.0,0.0
2021-04-26 00:00:00-04:00,27.450000762939453,27.469999313354492,27.3799991607666,27.3799991607666,8400,0.0,0.0,0.0
2021-04-27 00:00:00-04:00,27.280000686645508,27.290000915527344,27.209999084472656,27.209999084472656,2000,0.0,0.0,0.0
2021-04-28 00:00:00-04:00,27.3700008392334,27.3700008392334,27.239999771118164,27.239999771118164,6700,0.0,0.0,0.0
2021-04-29 00:00:00-04:00,27.469999313354492,27.469999313354492,27.229999542236328,27.333999633789062,20700,0.0,0.0,0.0
2021-04-30 00:00:00-04:00,27.280000686645508,27.309999465942383,27.190000534057617,27.190000534057617,3500,0.0,0.0,0.0
2021-05-03 00:00:00-04:00,27.329999923706055,27.43000030517578,27.329999923706055,27.399999618530273,7000,0.0,0.0,0.0
2021-05-04 00:00:00-04:00,27.270000457763672,27.270000457763672,27.170000076293945,27.170000076293945,6100,0.0,0.0,0.0
2021-05-05 00:00:00-04:00,27.469999313354492,27.584999084472656,27.450000762939453,27.549999237060547,4300,0.0,0.0,0.0
2021-05-06 00:00:00-04:00,27.520000457763672,27.649999618530273,27.469999313354492,27.649999618530273,3300,0.0,0.0,0.0
2021-05-07 00:00:00-04:00,27.809999465942383,27.809999465942383,27.760000228881836,27.770000457763672,7300,0.0,0.0,0.0
2021-05-10 00:00:00-04:00,27.8700008392334,27.889999389648438,27.68000030517578,27.68000030517578,3200,0.0,0.0,0.0
2021-05-11 00:00:00-04:00,27.299999237060547,27.40999984741211,27.299999237060547,27.3700008392334,1800,0.0,0.0,0.0
2021-05-12 00:00:00-04:00,27.399999618530273,27.399999618530273,26.8799991607666,27.121999740600586,14000,0.0,0.0,0.0
2021-05-13 00:00:00-04:00,26.899999618530273,27.23900032043457,26.899999618530273,27.235000610351562,3500,0.0,0.0,0.0
2021-05-14 00:00:00-04:00,27.440000534057617,27.59000015258789,27.3799991607666,27.583999633789062,11900,0.0,0.0,0.0
2021-05-17 00:00:00-04:00,27.43000030517578,27.466999053955078,27.399999618530273,27.466999053955078,1400,0.0,0.0,0.0
2021-05-18 00:00:00-04:00,27.579999923706055,27.579999923706055,27.525999069213867,27.525999069213867,2700,0.0,0.0,0.0
2021-05-19 00:00:00-04:00,27.299999237060547,27.3700008392334,27.06999969482422,27.32200050354004,1400,0.0,0.0,0.0
2021-05-20 00:00:00-04:00,27.493999481201172,27.493999481201172,27.493999481201172,27.493999481201172,800,0.0,0.0,0.0
2021-05-21 00:00:00-04:00,27.586000442504883,27.7189998626709,27.586000442504883,27.61400032043457,1700,0.0,0.0,0.0
2021-05-24 00:00:00-04:00,27.68000030517578,27.760000228881836,27.590999603271484,27.599000930786133,9100,0.0,0.0,0.0
2021-05-25 00:00:00-04:00,27.770000457763672,27.770000457763672,27.590999603271484,27.590999603271484,200,0.0,0.0,0.0
2021-05-26 00:00:00-04:00,27.700000762939453,27.709999084472656,27.61400032043457,27.61400032043457,1300,0.0,0.0,0.0
2021-05-27 00:00:00-04:00,27.719999313354492,27.719999313354492,27.639999389648438,27.66699981689453,1900,0.0,0.0,0.0
2021-05-28 00:00:00-04:00,27.809999465942383,27.850000381469727,27.809999465942383,27.81999969482422,1800,0.0,0.0,0.0
2021-06-01 00:00:00-04:00,28.079999923706055,28.079999923706055,27.809999465942383,27.809999465942383,2100,0.0,0.0,0.0
2021-06-02 00:00:00-04:00,27.909000396728516,27.950000762939453,27.899999618530273,27.899999618530273,1900,0.0,0.0,0.0
2021-06-03 00:00:00-04:00,27.899999618530273,27.9689998626709,27.780000686645508,27.902000427246094,6900,0.0,0.0,0.0
2021-06-04 00:00:00-04:00,28.100000381469727,28.18000030517578,28.075000762939453,28.18000030517578,2500,0.0,0.0,0.0
2021-06-07 00:00:00-04:00,28.229999542236328,28.229999542236328,28.149999618530273,28.149999618530273,1200,0.0,0.0,0.0
2021-06-08 00:00:00-04:00,28.079999923706055,28.229999542236328,28.079999923706055,28.158000946044922,4500,0.0,0.0,0.0
2021-06-09 00:00:00-04:00,28.139999389648438,28.139999389648438,28.09000015258789,28.09000015258789,2000,0.0,0.0,0.0
2021-06-10 00:00:00-04:00,27.961000442504883,28.100000381469727,27.961000442504883,28.014999389648438,1300,0.0,0.0,0.0
2021-06-11 00:00:00-04:00,28.190000534057617,28.190000534057617,28.059999465942383,28.15399932861328,1500,0.0,0.0,0.0
2021-06-14 00:00:00-04:00,28.18000030517578,28.200000762939453,28.1200008392334,28.18600082397461,3800,0.0,0.0,0.0
2021-06-15 00:00:00-04:00,28.239999771118164,28.280000686645508,28.23699951171875,28.23699951171875,2200,0.0,0.0,0.0
2021-06-16 00:00:00-04:00,28.32900047302246,28.32900047302246,28.259000778198242,28.259000778198242,300,0.0,0.0,0.0
2021-06-17 00:00:00-04:00,28.190000534057617,28.190000534057617,28.1200008392334,28.180999755859375,2200,0.0,0.0,0.0
2021-06-18 00:00:00-04:00,27.969999313354492,27.969999313354492,27.80900001525879,27.832000732421875,2900,0.0,0.0,0.0
2021-06-21 00:00:00-04:00,27.93000030517578,28.09000015258789,27.910999298095703,28.051000595092773,800,0.0,0.0,0.0
2021-06-22 00:00:00-04:00,28.031999588012695,28.079999923706055,28.031999588012695,28.079999923706055,1500,0.0,0.0,0.0
2021-06-23 00:00:00-04:00,28.059999465942383,28.059999465942383,27.908000946044922,27.908000946044922,500,0.0,0.0,0.0
2021-06-24 00:00:00-04:00,28.149999618530273,28.149999618530273,28.149999618530273,28.149999618530273,300,0.0,0.0,0.0
2021-06-25 00:00:00-04:00,28.17099952697754,28.260000228881836,28.17099952697754,28.239999771118164,2000,0.0,0.0,0.0
2021-06-28 00:00:00-04:00,28.156999588012695,28.229999542236328,28.149999618530273,28.149999618530273,3600,0.0,0.0,0.0
2021-06-29 00:00:00-04:00,28.110000610351562,28.231000900268555,28.110000610351562,28.231000900268555,2600,0.0,0.0,0.0
2021-06-30 00:00:00-04:00,28.06999969482422,28.06999969482422,28.06999969482422,28.06999969482422,600,0.0,0.0,0.0
2021-07-01 00:00:00-04:00,28.16200065612793,28.176000595092773,28.16200065612793,28.176000595092773,700,0.0,0.0,0.0
2021-07-02 00:00:00-04:00,28.270000457763672,28.270000457763672,28.219999313354492,28.219999313354492,1200,0.0,0.0,0.0
2021-07-06 00:00:00-04:00,28.299999237060547,28.299999237060547,28.100000381469727,28.110000610351562,3500,0.0,0.0,0.0
2021-07-07 00:00:00-04:00,28.295000076293945,28.3700008392334,28.219999313354492,28.316999435424805,4400,0.0,0.0,0.0
2021-07-08 00:00:00-04:00,27.981000900268555,28.06999969482422,27.920000076293945,27.920000076293945,900,0.0,0.0,0.0
2021-07-09 00:00:00-04:00,28.229999542236328,28.27400016784668,28.229999542236328,28.27400016784668,300,0.0,0.0,0.0
2021-07-12 00:00:00-04:00,28.45199966430664,28.45199966430664,28.45199966430664,28.45199966430664,100,0.0,0.0,0.0
2021-07-13 00:00:00-04:00,28.459999084472656,28.52899932861328,28.459999084472656,28.459999084472656,2300,0.0,0.0,0.0
2021-07-14 00:00:00-04:00,28.59000015258789,28.59000015258789,28.469999313354492,28.493000030517578,1600,0.0,0.0,0.0
2021-07-15 00:00:00-04:00,28.250999450683594,28.349000930786133,28.250999450683594,28.349000930786133,200,0.0,0.0,0.0
2021-07-16 00:00:00-04:00,28.231000900268555,28.299999237060547,28.231000900268555,28.233999252319336,600,0.0,0.0,0.0
2021-07-19 00:00:00-04:00,27.760000228881836,27.850000381469727,26.290000915527344,27.788999557495117,12300,0.0,0.0,0.0
2021-07-20 00:00:00-04:00,28.059999465942383,28.059999465942383,28.059999465942383,28.059999465942383,200,0.0,0.0,0.0
2021-07-21 00:00:00-04:00,28.290000915527344,28.360000610351562,28.270000457763672,28.360000610351562,3300,0.0,0.0,0.0
2021-07-22 00:00:00-04:00,28.249000549316406,28.29599952697754,28.235000610351562,28.29599952697754,1000,0.0,0.0,0.0
2021-07-23 00:00:00-04:00,28.559999465942383,28.579999923706055,28.53499984741211,28.579999923706055,1700,0.0,0.0,0.0
2021-07-26 00:00:00-04:00,28.551000595092773,28.551000595092773,28.551000595092773,28.551000595092773,1200,0.0,0.0,0.0
2021-07-27 00:00:00-04:00,28.34000015258789,28.415000915527344,28.34000015258789,28.415000915527344,600,0.0,0.0,0.0
2021-07-28 00:00:00-04:00,28.43000030517578,28.45400047302246,28.415000915527344,28.45400047302246,1500,0.0,0.0,0.0
2021-07-29 00:00:00-04:00,28.575000762939453,28.639999389648438,28.575000762939453,28.639999389648438,2500,0.0,0.0,0.0
2021-07-30 00:00:00-04:00,28.437000274658203,28.437000274658203,28.43400001525879,28.43400001525879,300,0.0,0.0,0.0
2021-08-02 00:00:00-04:00,28.58300018310547,28.58300018310547,28.58300018310547,28.58300018310547,500,0.0,0.0,0.0
2021-08-03 00:00:00-04:00,28.75,28.77899932861328,28.6200008392334,28.73900032043457,3200,0.0,0.0,0.0
2021-08-04 00:00:00-04:00,28.770000457763672,28.770000457763672,28.7189998626709,28.760000228881836,3400,0.0,0.0,0.0
2021-08-05 00:00:00-04:00,28.740999221801758,28.740999221801758,28.740999221801758,28.740999221801758,100,0.0,0.0,0.0
2021-08-06 00:00:00-04:00,28.6299991607666,28.64699935913086,28.56999969482422,28.636999130249023,8200,0.0,0.0,0.0
2021-08-09 00:00:00-04:00,28.64699935913086,28.77899932861328,28.639999389648438,28.735000610351562,2500,0.0,0.0,0.0
2021-08-10 00:00:00-04:00,28.700000762939453,28.812000274658203,28.700000762939453,28.798999786376953,2400,0.0,0.0,0.0
2021-08-11 00:00:00-04:00,28.861000061035156,29.018999099731445,28.861000061035156,28.959999084472656,800,0.0,0.0,0.0
2021-08-12 00:00:00-04:00,28.899999618530273,29.010000228881836,28.899999618530273,28.965999603271484,3800,0.0,0.0,0.0
2021-08-13 00:00:00-04:00,28.951000213623047,29.01099967956543,28.951000213623047,29.01099967956543,300,0.0,0.0,0.0
2021-08-16 00:00:00-04:00,28.690000534057617,28.90999984741211,28.690000534057617,28.898000717163086,2700,0.0,0.0,0.0
2021-08-17 00:00:00-04:00,28.770000457763672,28.780000686645508,28.770000457763672,28.774999618530273,1000,0.0,0.0,0.0
2021-08-18 00:00:00-04:00,28.75,28.75,28.604999542236328,28.604999542236328,400,0.0,0.0,0.0
2021-08-19 00:00:00-04:00,28.514999389648438,28.514999389648438,28.514999389648438,28.514999389648438,100,0.0,0.0,0.0
2021-08-20 00:00:00-04:00,28.709999084472656,28.709999084472656,28.683000564575195,28.683000564575195,200,0.0,0.0,0.0
2021-08-23 00:00:00-04:00,28.711000442504883,28.739999771118164,28.709999084472656,28.739999771118164,1600,0.0,0.0,0.0
2021-08-24 00:00:00-04:00,28.770000457763672,28.770000457763672,28.739999771118164,28.740999221801758,600,0.0,0.0,0.0
2021-08-25 00:00:00-04:00,28.631999969482422,28.69499969482422,28.631999969482422,28.68899917602539,800,0.0,0.0,0.0
2021-08-26 00:00:00-04:00,28.632999420166016,28.632999420166016,28.632999420166016,28.632999420166016,100,0.0,0.0,0.0
2021-08-27 00:00:00-04:00,28.67099952697754,28.709999084472656,28.67099952697754,28.709999084472656,1500,0.0,0.0,0.0
2021-08-30 00:00:00-04:00,28.777000427246094,28.860000610351562,28.777000427246094,28.860000610351562,1000,0.0,0.0,0.0
2021-08-31 00:00:00-04:00,28.68000030517578,28.716999053955078,28.68000030517578,28.716999053955078,600,0.0,0.0,0.0
2021-09-01 00:00:00-04:00,28.719999313354492,28.860000610351562,28.719999313354492,28.860000610351562,2200,0.0,0.0,0.0
2021-09-02 00:00:00-04:00,28.979999542236328,28.979999542236328,28.81100082397461,28.86199951171875,500,0.0,0.0,0.0
2021-09-03 00:00:00-04:00,29.027000427246094,29.027000427246094,29.027000427246094,29.027000427246094,100,0.0,0.0,0.0
2021-09-07 00:00:00-04:00,29.09000015258789,29.170000076293945,29.09000015258789,29.170000076293945,600,0.0,0.0,0.0
2021-09-08 00:00:00-04:00,29.0,29.010000228881836,28.889999389648438,29.010000228881836,700,0.0,0.0,0.0
2021-09-09 00:00:00-04:00,28.76799964904785,28.889999389648438,28.76799964904785,28.889999389648438,600,0.0,0.0,0.0
2021-09-10 00:00:00-04:00,28.844999313354492,28.844999313354492,28.829999923706055,28.829999923706055,600,0.0,0.0,0.0
2021-09-13 00:00:00-04:00,28.93000030517578,29.040000915527344,28.93000030517578,29.040000915527344,1100,0.0,0.0,0.0
2021-09-14 00:00:00-04:00,28.860000610351562,28.940000534057617,28.860000610351562,28.878999710083008,300,0.0,0.0,0.0
2021-09-15 00:00:00-04:00,28.856000900268555,28.924999237060547,28.850000381469727,28.924999237060547,1000,0.0,0.0,0.0
2021-09-16 00:00:00-04:00,28.780000686645508,28.950000762939453,28.732999801635742,28.950000762939453,3200,0.0,0.0,0.0
2021-09-17 00:00:00-04:00,28.649999618530273,28.649999618530273,28.649999618530273,28.649999618530273,300,0.0,0.0,0.0
2021-09-20 00:00:00-04:00,28.148000717163086,28.148000717163086,28.148000717163086,28.148000717163086,600,0.0,0.0,0.0
2021-09-21 00:00:00-04:00,28.415000915527344,28.415000915527344,28.354999542236328,28.354999542236328,200,0.0,0.0,0.0
2021-09-22 00:00:00-04:00,28.420000076293945,28.56999969482422,28.389999389648438,28.489999771118164,8300,0.0,0.0,0.0
2021-09-23 00:00:00-04:00,28.549999237060547,28.65999984741211,28.542999267578125,28.65999984741211,1600,0.0,0.0,0.0
2021-09-24 00:00:00-04:00,28.450000762939453,28.450000762939453,28.450000762939453,28.450000762939453,300,0.0,0.0,0.0
2021-09-27 00:00:00-04:00,28.34000015258789,28.34000015258789,28.34000015258789,28.34000015258789,300,0.0,0.0,0.0
2021-09-28 00:00:00-04:00,27.711000442504883,27.711000442504883,27.711000442504883,27.711000442504883,600,0.0,0.0,0.0
2021-09-29 00:00:00-04:00,27.90999984741211,27.90999984741211,27.90999984741211,27.90999984741211,100,0.0,0.0,0.0
2021-09-30 00:00:00-04:00,27.756000518798828,27.756000518798828,27.665000915527344,27.665000915527344,700,0.0,0.0,0.0
2021-10-01 00:00:00-04:00,27.594999313354492,27.594999313354492,27.594999313354492,27.594999313354492,600,0.0,0.0,0.0
2021-10-04 00:00:00-04:00,27.15999984741211,27.229999542236328,27.15999984741211,27.229999542236328,1700,0.0,0.0,0.0
2021-10-05 00:00:00-04:00,27.31999969482422,27.3799991607666,27.31999969482422,27.3799991607666,6000,0.0,0.0,0.0
2021-10-06 00:00:00-04:00,26.97100067138672,27.288999557495117,26.97100067138672,27.288999557495117,400,0.0,0.0,0.0
2021-10-07 00:00:00-04:00,27.520000457763672,27.559999465942383,27.520000457763672,27.559999465942383,700,0.0,0.0,0.0
2021-10-08 00:00:00-04:00,27.524999618530273,27.579999923706055,27.524999618530273,27.56999969482422,700,0.0,0.0,0.0
2021-10-11 00:00:00-04:00,27.559999465942383,27.559999465942383,27.559999465942383,27.559999465942383,300,0.0,0.0,0.0
2021-10-12 00:00:00-04:00,27.64299964904785,27.643999099731445,27.64299964904785,27.643999099731445,600,0.0,0.0,0.0
2021-10-13 00:00:00-04:00,27.797000885009766,27.797000885009766,27.792999267578125,27.792999267578125,500,0.0,0.0,0.0
2021-10-14 00:00:00-04:00,28.06999969482422,28.073999404907227,28.020999908447266,28.073999404907227,3200,0.0,0.0,0.0
2021-10-15 00:00:00-04:00,28.290000915527344,28.290000915527344,28.28499984741211,28.28499984741211,200,0.0,0.0,0.0
2021-10-18 00:00:00-04:00,28.1200008392334,28.198999404907227,28.1200008392334,28.14699935913086,1900,0.0,0.0,0.0
2021-10-19 00:00:00-04:00,28.31999969482422,28.31999969482422,28.312000274658203,28.312000274658203,200,0.0,0.0,0.0
2021-10-20 00:00:00-04:00,28.200000762939453,28.297000885009766,28.200000762939453,28.297000885009766,300,0.0,0.0,0.0
2021-10-21 00:00:00-04:00,28.18000030517578,28.18000030517578,28.100000381469727,28.177000045776367,500,0.0,0.0,0.0
2021-10-22 00:00:00-04:00,28.389999389648438,28.389999389648438,28.334999084472656,28.334999084472656,400,0.0,0.0,0.0
2021-10-25 00:00:00-04:00,28.285999298095703,28.285999298095703,28.285999298095703,28.285999298095703,100,0.0,0.0,0.0
2021-10-26 00:00:00-04:00,28.389999389648438,28.389999389648438,28.3799991607666,28.3799991607666,200,0.0,0.0,0.0
2021-10-27 00:00:00-04:00,28.329999923706055,28.363000869750977,28.256999969482422,28.256999969482422,2100,0.0,0.0,0.0
2021-10-28 00:00:00-04:00,28.395000457763672,28.395000457763672,28.395000457763672,28.395000457763672,0,0.0,0.0,0.0
2021-10-29 00:00:00-04:00,28.280000686645508,28.40999984741211,28.204999923706055,28.40999984741211,1400,0.0,0.0,0.0
2021-11-01 00:00:00-04:00,28.700000762939453,28.700000762939453,28.520000457763672,28.601999282836914,500,0.0,0.0,0.0
2021-11-02 00:00:00-04:00,28.56399917602539,28.56399917602539,28.56399917602539,28.56399917602539,100,0.0,0.0,0.0
2021-11-03 00:00:00-04:00,28.784000396728516,28.784000396728516,28.784000396728516,28.784000396728516,100,0.0,0.0,0.0
2021-11-04 00:00:00-04:00,28.929000854492188,28.93000030517578,28.84000015258789,28.93000030517578,1900,0.0,0.0,0.0
2021-11-05 00:00:00-04:00,28.934999465942383,28.934999465942383,28.84000015258789,28.913999557495117,300,0.0,0.0,0.0
2021-11-08 00:00:00-05:00,28.84000015258789,28.84000015258789,28.84000015258789,28.84000015258789,100,0.0,0.0,0.0
2021-11-09 00:00:00-05:00,28.701000213623047,28.799999237060547,28.701000213623047,28.76099967956543,600,0.0,0.0,0.0
2021-11-10 00:00:00-05:00,28.65999984741211,28.65999984741211,28.65999984741211,28.65999984741211,400,0.0,0.0,0.0
2021-11-11 00:00:00-05:00,29.0,29.0,29.0,29.0,100,0.0,0.0,0.0
2021-11-12 00:00:00-05:00,29.059999465942383,29.12700080871582,29.059999465942383,29.12700080871582,1500,0.0,0.0,0.0
2021-11-15 00:00:00-05:00,29.1200008392334,29.131000518798828,29.09000015258789,29.131000518798828,1000,0.0,0.0,0.0
2021-11-16 00:00:00-05:00,29.10099983215332,29.149999618530273,29.10099983215332,29.149999618530273,500,0.0,0.0,0.0
2021-11-17 00:00:00-05:00,29.139999389648438,29.15399932861328,29.100000381469727,29.15399932861328,800,0.0,0.0,0.0
2021-11-18 00:00:00-05:00,29.18000030517578,29.18000030517578,29.15399932861328,29.15399932861328,3500,0.0,0.0,0.0
2021-11-19 00:00:00-05:00,29.170000076293945,29.190000534057617,29.170000076293945,29.190000534057617,400,0.0,0.0,0.0
2021-11-22 00:00:00-05:00,29.280000686645508,29.280000686645508,29.14299964904785,29.14299964904785,400,0.0,0.0,0.0
2021-11-23 00:00:00-05:00,29.110000610351562,29.219999313354492,29.09000015258789,29.219999313354492,1300,0.0,0.0,0.0
2021-11-24 00:00:00-05:00,29.079999923706055,29.079999923706055,29.079999923706055,29.079999923706055,300,0.0,0.0,0.0
2021-11-26 00:00:00-05:00,28.610000610351562,28.610000610351562,28.360000610351562,28.360000610351562,500,0.0,0.0,0.0
2021-11-29 00:00:00-05:00,28.610000610351562,28.739999771118164,28.610000610351562,28.6200008392334,19800,0.0,0.0,0.0
2021-11-30 00:00:00-05:00,28.3700008392334,28.3700008392334,28.309999465942383,28.309999465942383,7100,0.0,0.0,0.0
2021-12-01 00:00:00-05:00,28.520000457763672,28.65999984741211,28.110000610351562,28.110000610351562,11000,0.0,0.0,0.0
2021-12-02 00:00:00-05:00,28.4689998626709,28.4689998626709,28.350000381469727,28.3799991607666,1900,0.0,0.0,0.0
2021-12-03 00:00:00-05:00,28.268999099731445,28.285999298095703,28.268999099731445,28.285999298095703,1700,0.0,0.0,0.0
2021-12-06 00:00:00-05:00,28.649999618530273,28.649999618530273,28.56800079345703,28.56800079345703,300,0.0,0.0,0.0
2021-12-07 00:00:00-05:00,29.030000686645508,29.18000030517578,29.030000686645508,29.152000427246094,2600,0.0,0.0,0.0
2021-12-08 00:00:00-05:00,29.229000091552734,29.229000091552734,29.1200008392334,29.15999984741211,900,0.0,0.0,0.0
2021-12-09 00:00:00-05:00,29.135000228881836,29.15999984741211,29.040000915527344,29.040000915527344,2200,0.0,0.0,0.0
2021-12-10 00:00:00-05:00,29.101999282836914,29.101999282836914,29.101999282836914,29.101999282836914,100,0.0,0.0,0.0
2021-12-13 00:00:00-05:00,28.459999084472656,28.459999084472656,28.350000381469727,28.350000381469727,3200,0.0,0.0,0.0
2021-12-14 00:00:00-05:00,28.17300033569336,28.209999084472656,28.17300033569336,28.209999084472656,400,0.0,0.0,0.0
2021-12-15 00:00:00-05:00,28.450000762939453,28.579999923706055,28.211000442504883,28.56599998474121,8800,0.0,0.0,0.0
2021-12-16 00:00:00-05:00,28.511999130249023,28.51799964904785,28.459999084472656,28.51799964904785,500,0.0,0.0,0.0
2021-12-17 00:00:00-05:00,28.3700008392334,28.3700008392334,28.229999542236328,28.238000869750977,1000,0.0,0.0,0.0
2021-12-20 00:00:00-05:00,28.049999237060547,28.19099998474121,27.989999771118164,28.19099998474121,4800,0.0,0.0,0.0
2021-12-21 00:00:00-05:00,28.19499969482422,28.448999404907227,28.19499969482422,28.448999404907227,600,0.0,0.0,0.0
2021-12-22 00:00:00-05:00,28.260000228881836,28.6299991607666,28.260000228881836,28.520000457763672,4200,0.0,0.0,0.0
2021-12-23 00:00:00-05:00,28.479999542236328,28.739999771118164,28.479999542236328,28.70599937438965,2700,0.0,0.0,0.0
2021-12-27 00:00:00-05:00,28.850000381469727,28.884000778198242,28.790000915527344,28.805999755859375,1200,0.0,0.0,0.0
2021-12-28 00:00:00-05:00,28.94300079345703,28.94300079345703,28.94300079345703,28.94300079345703,100,0.0,0.0,0.0
2021-12-29 00:00:00-05:00,28.899999618530273,28.93000030517578,28.864999771118164,28.891000747680664,700,0.0,0.0,0.0
2021-12-30 00:00:00-05:00,28.820999145507812,28.820999145507812,28.820999145507812,28.820999145507812,100,0.0,0.0,0.0
2021-12-31 00:00:00-05:00,28.89900016784668,28.89900016784668,28.775999069213867,28.775999069213867,100,0.0,0.0,0.0
2022-01-03 00:00:00-05:00,28.92099952697754,29.00200080871582,28.920000076293945,28.961000442504883,2400,0.0,0.0,0.0
2022-01-04 00:00:00-05:00,29.020000457763672,29.049999237060547,29.020000457763672,29.049999237060547,500,0.0,0.0,0.0
2022-01-05 00:00:00-05:00,29.049999237060547,29.100000381469727,28.85099983215332,28.85099983215332,2500,0.0,0.0,0.0
2022-01-06 00:00:00-05:00,28.711999893188477,28.711999893188477,28.711999893188477,28.711999893188477,100,0.0,0.0,0.0
2022-01-07 00:00:00-05:00,28.641000747680664,28.759000778198242,28.639999389648438,28.759000778198242,1400,0.0,0.0,0.0
2022-01-10 00:00:00-05:00,28.374000549316406,28.54800033569336,28.374000549316406,28.54800033569336,1200,0.0,0.0,0.0
2022-01-11 00:00:00-05:00,28.549999237060547,28.724000930786133,28.549999237060547,28.724000930786133,2900,0.0,0.0,0.0
2022-01-12 00:00:00-05:00,28.850000381469727,28.899999618530273,28.850000381469727,28.850000381469727,800,0.0,0.0,0.0
2022-01-13 00:00:00-05:00,28.809999465942383,28.809999465942383,28.559999465942383,28.559999465942383,900,0.0,0.0,0.0
2022-01-14 00:00:00-05:00,28.350000381469727,28.56999969482422,28.350000381469727,28.56999969482422,500,0.0,0.0,0.0
2022-01-18 00:00:00-05:00,28.5,28.5,28.3700008392334,28.375,3100,0.0,0.0,0.0
2022-01-19 00:00:00-05:00,28.520000457763672,28.520000457763672,28.461000442504883,28.461000442504883,300,0.0,0.0,0.0
2022-01-20 00:00:00-05:00,28.58300018310547,28.58300018310547,28.290000915527344,28.290000915527344,700,0.0,0.0,0.0
2022-01-21 00:00:00-05:00,28.100000381469727,28.100000381469727,27.93000030517578,27.93000030517578,500,0.0,0.0,0.0
2022-01-24 00:00:00-05:00,27.538999557495117,27.704999923706055,27.280000686645508,27.704999923706055,5400,0.0,0.0,0.0
2022-01-25 00:00:00-05:00,27.420000076293945,27.606000900268555,27.420000076293945,27.606000900268555,2300,0.0,0.0,0.0
2022-01-26 00:00:00-05:00,27.690000534057617,27.760000228881836,27.549999237060547,27.549999237060547,900,0.0,0.0,0.0
2022-01-27 00:00:00-05:00,27.649999618530273,27.719999313354492,27.6299991607666,27.6299991607666,1200,0.0,0.0,0.0
2022-01-28 00:00:00-05:00,27.7189998626709,27.7189998626709,27.7189998626709,27.7189998626709,200,0.0,0.0,0.0
2022-01-31 00:00:00-05:00,27.8700008392334,27.940000534057617,27.8700008392334,27.940000534057617,200,0.0,0.0,0.0
2022-02-01 00:00:00-05:00,27.972000122070312,28.100000381469727,27.972000122070312,28.073999404907227,1800,0.0,0.0,0.0
2022-02-02 00:00:00-05:00,28.270000457763672,28.270000457763672,28.226999282836914,28.2549991607666,1200,0.0,0.0,0.0
2022-02-03 00:00:00-05:00,27.979999542236328,27.98200035095215,27.829999923706055,27.84000015258789,1000,0.0,0.0,0.0
2022-02-04 00:00:00-05:00,27.399999618530273,27.969999313354492,27.3799991607666,27.922000885009766,1100,0.0,0.0,0.0
2022-02-07 00:00:00-05:00,28.052000045776367,28.052000045776367,28.052000045776367,28.052000045776367,0,0.0,0.0,0.0
2022-02-08 00:00:00-05:00,28.239999771118164,28.239999771118164,28.209999084472656,28.209999084472656,700,0.0,0.0,0.0
2022-02-09 00:00:00-05:00,28.440000534057617,28.549999237060547,28.440000534057617,28.513999938964844,3800,0.0,0.0,0.0
2022-02-10 00:00:00-05:00,28.219999313354492,28.3799991607666,28.149999618530273,28.209999084472656,700,0.0,0.0,0.0
2022-02-11 00:00:00-05:00,28.0,28.0,28.0,28.0,200,0.0,0.0,0.0
2022-02-14 00:00:00-05:00,27.739999771118164,27.895999908447266,27.729999542236328,27.895999908447266,3400,0.0,0.0,0.0
2022-02-15 00:00:00-05:00,28.124000549316406,28.200000762939453,28.124000549316406,28.200000762939453,1200,0.0,0.0,0.0
2022-02-16 00:00:00-05:00,28.170000076293945,28.31599998474121,28.170000076293945,28.31599998474121,200,0.0,0.0,0.0
2022-02-17 00:00:00-05:00,27.9950008392334,28.01099967956543,27.922000885009766,27.922000885009766,500,0.0,0.0,0.0
2022-02-18 00:00:00-05:00,27.790000915527344,27.82699966430664,27.790000915527344,27.82699966430664,600,0.0,0.0,0.0
2022-02-22 00:00:00-05:00,27.610000610351562,27.63800048828125,27.610000610351562,27.63800048828125,300,0.0,0.0,0.0
2022-02-23 00:00:00-05:00,27.760000228881836,27.760000228881836,27.527000427246094,27.527000427246094,300,0.0,0.0,0.0
2022-02-24 00:00:00-05:00,26.950000762939453,27.30699920654297,26.950000762939453,27.30699920654297,1100,0.0,0.0,0.0
2022-02-25 00:00:00-05:00,27.459999084472656,27.871000289916992,27.459999084472656,27.871000289916992,3200,0.0,0.0,0.0
2022-02-28 00:00:00-05:00,27.729999542236328,27.729999542236328,27.690000534057617,27.690000534057617,400,0.0,0.0,0.0
2022-03-01 00:00:00-05:00,27.40999984741211,27.40999984741211,27.400999069213867,27.400999069213867,600,0.0,0.0,0.0
2022-03-02 00:00:00-05:00,27.670000076293945,27.8799991607666,27.670000076293945,27.79400062561035,400,0.0,0.0,0.0
2022-03-03 00:00:00-05:00,27.523000717163086,27.523000717163086,27.523000717163086,27.523000717163086,100,0.0,0.0,0.0
2022-03-04 00:00:00-05:00,26.950000762939453,27.048999786376953,26.920000076293945,27.048999786376953,2200,0.0,0.0,0.0
2022-03-07 00:00:00-05:00,26.56999969482422,26.56999969482422,26.290000915527344,26.45599937438965,900,0.0,0.0,0.0
2022-03-08 00:00:00-05:00,26.354000091552734,26.709999084472656,26.239999771118164,26.375,3300,0.0,0.0,0.0
2022-03-09 00:00:00-05:00,27.040000915527344,27.040000915527344,27.031999588012695,27.031999588012695,200,0.0,0.0,0.0
2022-03-10 00:00:00-05:00,26.889999389648438,26.92099952697754,26.889999389648438,26.92099952697754,1000,0.0,0.0,0.0
2022-03-11 00:00:00-05:00,26.709999084472656,26.709999084472656,26.709999084472656,26.709999084472656,400,0.0,0.0,0.0
2022-03-14 00:00:00-04:00,27.018999099731445,27.018999099731445,26.8799991607666,26.8799991607666,600,0.0,0.0,0.0
2022-03-15 00:00:00-04:00,26.969999313354492,27.149999618530273,26.959999084472656,27.149999618530273,1400,0.0,0.0,0.0
2022-03-16 00:00:00-04:00,27.6299991607666,27.75,27.59000015258789,27.75,2600,0.0,0.0,0.0
2022-03-17 00:00:00-04:00,27.700000762939453,27.8799991607666,27.700000762939453,27.8799991607666,1900,0.0,0.0,0.0
2022-03-18 00:00:00-04:00,28.15999984741211,28.520000457763672,28.15999984741211,28.219999313354492,3700,0.0,0.0,0.0
2022-03-21 00:00:00-04:00,28.184999465942383,28.239999771118164,28.184999465942383,28.239999771118164,500,0.0,0.0,0.0
2022-03-22 00:00:00-04:00,28.309999465942383,28.399999618530273,28.309999465942383,28.399999618530273,3900,0.0,0.0,0.0
2022-03-23 00:00:00-04:00,28.31999969482422,28.31999969482422,28.200000762939453,28.200000762939453,500,0.0,0.0,0.0
2022-03-24 00:00:00-04:00,28.510000228881836,28.510000228881836,28.3799991607666,28.459999084472656,1800,0.0,0.0,0.0
2022-03-25 00:00:00-04:00,28.570999145507812,28.597999572753906,28.540000915527344,28.597999572753906,1500,0.0,0.0,0.0
2022-03-28 00:00:00-04:00,28.454999923706055,28.55299949645996,28.454999923706055,28.55299949645996,100,0.0,0.0,0.0
2022-03-29 00:00:00-04:00,28.84000015258789,28.93000030517578,28.809999465942383,28.93000030517578,800,0.0,0.0,0.0
2022-03-30 00:00:00-04:00,28.8700008392334,28.8700008392334,28.739999771118164,28.770000457763672,700,0.0,0.0,0.0
2022-03-31 00:00:00-04:00,28.700000762939453,28.700000762939453,28.499000549316406,28.499000549316406,1700,0.0,0.0,0.0
2022-04-01 00:00:00-04:00,28.780000686645508,28.780000686645508,28.65999984741211,28.74799919128418,800,0.0,0.0,0.0
2022-04-04 00:00:00-04:00,28.979999542236328,29.040000915527344,28.979999542236328,29.025999069213867,4400,0.0,0.0,0.0
2022-04-05 00:00:00-04:00,28.804000854492188,28.82900047302246,28.7810001373291,28.7810001373291,900,0.0,0.0,0.0
2022-04-06 00:00:00-04:00,28.549999237060547,28.700000762939453,28.549999237060547,28.659000396728516,3800,0.0,0.0,0.0
2022-04-07 00:00:00-04:00,28.559999465942383,28.854999542236328,28.559999465942383,28.850000381469727,1600,0.0,0.0,0.0
2022-04-08 00:00:00-04:00,28.864999771118164,28.930999755859375,28.850000381469727,28.850000381469727,1400,0.0,0.0,0.0
2022-04-11 00:00:00-04:00,28.8700008392334,28.8700008392334,28.559999465942383,28.559999465942383,1600,0.0,0.0,0.0
2022-04-12 00:00:00-04:00,28.639999389648438,28.6560001373291,28.5,28.5,1400,0.0,0.0,0.0
2022-04-13 00:00:00-04:00,28.670000076293945,28.729999542236328,28.670000076293945,28.729999542236328,1600,0.0,0.0,0.0
2022-04-14 00:00:00-04:00,28.920000076293945,28.920000076293945,28.760000228881836,28.760000228881836,1100,0.0,0.0,0.0
2022-04-18 00:00:00-04:00,28.829999923706055,28.899999618530273,28.733999252319336,28.733999252319336,1000,0.0,0.0,0.0
2022-04-19 00:00:00-04:00,28.729999542236328,28.854000091552734,28.729999542236328,28.854000091552734,900,0.0,0.0,0.0
2022-04-20 00:00:00-04:00,28.860000610351562,28.969999313354492,28.860000610351562,28.8700008392334,8300,0.0,0.0,0.0
2022-04-21 00:00:00-04:00,28.725000381469727,28.725000381469727,28.489999771118164,28.489999771118164,3400,0.0,0.0,0.0
2022-04-22 00:00:00-04:00,28.56999969482422,28.56999969482422,28.260000228881836,28.260000228881836,1200,0.0,0.0,0.0
2022-04-25 00:00:00-04:00,28.079999923706055,28.118999481201172,27.959999084472656,28.118999481201172,3200,0.0,0.0,0.0
2022-04-26 00:00:00-04:00,28.0,28.0,27.649999618530273,27.649999618530273,2600,0.0,0.0,0.0
2022-04-27 00:00:00-04:00,28.020000457763672,28.020000457763672,28.020000457763672,28.020000457763672,400,0.0,0.0,0.0
2022-04-28 00:00:00-04:00,28.450000762939453,28.510000228881836,28.450000762939453,28.510000228881836,2800,0.0,0.0,0.0
2022-04-29 00:00:00-04:00,28.719999313354492,28.719999313354492,28.149999618530273,28.149999618530273,4800,0.0,0.0,0.0
2022-05-02 00:00:00-04:00,28.0,28.1299991607666,27.90999984741211,28.118999481201172,2100,0.0,0.0,0.0
2022-05-03 00:00:00-04:00,28.239999771118164,28.3700008392334,28.239999771118164,28.291000366210938,2600,0.0,0.0,0.0
2022-05-04 00:00:00-04:00,28.030000686645508,28.43000030517578,28.030000686645508,28.43000030517578,2900,0.0,0.0,0.0
2022-05-05 00:00:00-04:00,27.979999542236328,27.979999542236328,27.760000228881836,27.878000259399414,3700,0.0,0.0,0.0
2022-05-06 00:00:00-04:00,27.739999771118164,27.780000686645508,27.649999618530273,27.729999542236328,11500,0.0,0.0,0.0
2022-05-09 00:00:00-04:00,27.299999237060547,27.299999237060547,27.118000030517578,27.118000030517578,2800,0.0,0.0,0.0
2022-05-10 00:00:00-04:00,27.65999984741211,27.65999984741211,27.200000762939453,27.327999114990234,2300,0.0,0.0,0.0
2022-05-11 00:00:00-04:00,27.489999771118164,27.530000686645508,27.110000610351562,27.110000610351562,1000,0.0,0.0,0.0
2022-05-12 00:00:00-04:00,27.110000610351562,27.459999084472656,27.010000228881836,27.22800064086914,29500,0.0,0.0,0.0
2022-05-13 00:00:00-04:00,27.450000762939453,27.8799991607666,27.450000762939453,27.781999588012695,21900,0.0,0.0,0.0
2022-05-16 00:00:00-04:00,27.739999771118164,27.93000030517578,27.729999542236328,27.729999542236328,4000,0.0,0.0,0.0
2022-05-17 00:00:00-04:00,28.0,28.15999984741211,27.93000030517578,28.049999237060547,22000,0.0,0.0,0.0
2022-05-18 00:00:00-04:00,27.899999618530273,27.899999618530273,27.530000686645508,27.530000686645508,19000,0.0,0.0,0.0
2022-05-19 00:00:00-04:00,27.34000015258789,27.610000610351562,27.34000015258789,27.43000030517578,13400,0.0,0.0,0.0
2022-05-20 00:00:00-04:00,27.860000610351562,27.8700008392334,27.53499984741211,27.8700008392334,22900,0.0,0.0,0.0
2022-05-23 00:00:00-04:00,27.93000030517578,28.190000534057617,27.889999389648438,28.06999969482422,29200,0.0,0.0,0.0
2022-05-24 00:00:00-04:00,28.0,28.009000778198242,27.854000091552734,27.940000534057617,6700,0.0,0.0,0.0
2022-05-25 00:00:00-04:00,27.951000213623047,28.020000457763672,27.950000762939453,28.000999450683594,4600,0.0,0.0,0.0
2022-05-26 00:00:00-04:00,28.149999618530273,28.219999313354492,28.149999618530273,28.17099952697754,1700,0.0,0.0,0.0
2022-05-27 00:00:00-04:00,28.360000610351562,28.389999389648438,28.288999557495117,28.358999252319336,3000,0.0,0.0,0.0
2022-05-31 00:00:00-04:00,28.31999969482422,28.3700008392334,28.270000457763672,28.270000457763672,3300,0.0,0.0,0.0
2022-06-01 00:00:00-04:00,28.399999618530273,28.450000762939453,28.256999969482422,28.256999969482422,5100,0.0,0.0,0.0
2022-06-02 00:00:00-04:00,28.479999542236328,28.6299991607666,28.469999313354492,28.586000442504883,9800,0.0,0.0,0.0
2022-06-03 00:00:00-04:00,28.350000381469727,28.420000076293945,28.280000686645508,28.367000579833984,6900,0.0,0.0,0.0
2022-06-06 00:00:00-04:00,28.61199951171875,28.61199951171875,28.510000228881836,28.54199981689453,4100,0.0,0.0,0.0
2022-06-07 00:00:00-04:00,28.450000762939453,28.75,28.450000762939453,28.600000381469727,13700,0.0,0.0,0.0
2022-06-08 00:00:00-04:00,28.56999969482422,28.579999923706055,28.489999771118164,28.51300048828125,7500,0.0,0.0,0.0
2022-06-09 00:00:00-04:00,28.479999542236328,28.48900032043457,28.143999099731445,28.143999099731445,8600,0.0,0.0,0.0
2022-06-10 00:00:00-04:00,27.690000534057617,27.860000610351562,27.690000534057617,27.820999145507812,3300,0.0,0.0,0.0
2022-06-13 00:00:00-04:00,27.350000381469727,27.367000579833984,27.18000030517578,27.18000030517578,23300,0.0,0.0,0.0
2022-06-14 00:00:00-04:00,27.209999084472656,27.209999084472656,27.0049991607666,27.04400062561035,5300,0.0,0.0,0.0
2022-06-15 00:00:00-04:00,27.25,27.25,27.1299991607666,27.219999313354492,5900,0.0,0.0,0.0
2022-06-16 00:00:00-04:00,26.610000610351562,26.690000534057617,26.43000030517578,26.43000030517578,6100,0.0,0.0,0.0
2022-06-17 00:00:00-04:00,25.510000228881836,25.510000228881836,25.18199920654297,25.18199920654297,2600,0.0,0.0,0.0
2022-06-21 00:00:00-04:00,25.6299991607666,25.770000457763672,25.3700008392334,25.649999618530273,18600,0.0,0.0,0.0
2022-06-22 00:00:00-04:00,25.65999984741211,25.700000762939453,25.440000534057617,25.440000534057617,56300,0.0,0.0,0.0
2022-06-23 00:00:00-04:00,25.420000076293945,25.420000076293945,25.197999954223633,25.309999465942383,7100,0.0,0.0,0.0
2022-06-24 00:00:00-04:00,25.6200008392334,26.040000915527344,25.6200008392334,26.040000915527344,18300,0.0,0.0,0.0
2022-06-27 00:00:00-04:00,25.969999313354492,26.079999923706055,25.889999389648438,25.889999389648438,14000,0.0,0.0,0.0
2022-06-28 00:00:00-04:00,26.229999542236328,26.309999465942383,25.889999389648438,25.889999389648438,7300,0.0,0.0,0.0
2022-06-29 00:00:00-04:00,26.076000213623047,26.09000015258789,25.959999084472656,26.01300048828125,8200,0.0,0.0,0.0
2022-06-30 00:00:00-04:00,25.600000381469727,25.829999923706055,25.538000106811523,25.690000534057617,6900,0.0,0.0,0.0
2022-07-01 00:00:00-04:00,25.760000228881836,25.780000686645508,25.469999313354492,25.766000747680664,7700,0.0,0.0,0.0
2022-07-05 00:00:00-04:00,25.389999389648438,25.520000457763672,25.309999465942383,25.489999771118164,6600,0.0,0.0,0.0
2022-07-06 00:00:00-04:00,25.520000457763672,25.639999389648438,25.489999771118164,25.590999603271484,12000,0.0,0.0,0.0
2022-07-07 00:00:00-04:00,25.690000534057617,25.979999542236328,25.690000534057617,25.926000595092773,8000,0.0,0.0,0.0
2022-07-08 00:00:00-04:00,25.799999237060547,25.989999771118164,25.690000534057617,25.87299919128418,36900,0.0,0.0,0.0
2022-07-11 00:00:00-04:00,25.8799991607666,25.8799991607666,25.739999771118164,25.739999771118164,2700,0.0,0.0,0.0
2022-07-12 00:00:00-04:00,25.850000381469727,25.989999771118164,25.790000915527344,25.790000915527344,3700,0.0,0.0,0.0
2022-07-13 00:00:00-04:00,25.6200008392334,25.799999237060547,25.600000381469727,25.76300048828125,6500,0.0,0.0,0.0
2022-07-14 00:00:00-04:00,25.420000076293945,25.600000381469727,25.329999923706055,25.53700065612793,6500,0.0,0.0,0.0
2022-07-15 00:00:00-04:00,26.799999237060547,26.799999237060547,25.760000228881836,25.858999252319336,13400,0.0,0.0,0.0
2022-07-18 00:00:00-04:00,26.010000228881836,26.149999618530273,25.8700008392334,25.8700008392334,14700,0.0,0.0,0.0
2022-07-19 00:00:00-04:00,26.280000686645508,26.299999237060547,26.194000244140625,26.270999908447266,3900,0.0,0.0,0.0
2022-07-20 00:00:00-04:00,26.211000442504883,26.25,26.18000030517578,26.22599983215332,6700,0.0,0.0,0.0
2022-07-21 00:00:00-04:00,26.290000915527344,26.40999984741211,26.2450008392334,26.405000686645508,9800,0.0,0.0,0.0
2022-07-22 00:00:00-04:00,26.43000030517578,26.8700008392334,26.209999084472656,26.209999084472656,8600,0.0,0.0,0.0
2022-07-25 00:00:00-04:00,26.3799991607666,26.43400001525879,26.309999465942383,26.358999252319336,8700,0.0,0.0,0.0
2022-07-26 00:00:00-04:00,26.25,26.299999237060547,26.25,26.29599952697754,3100,0.0,0.0,0.0
2022-07-27 00:00:00-04:00,26.389999389648438,26.600000381469727,26.332000732421875,26.600000381469727,6500,0.0,0.0,0.0
2022-07-28 00:00:00-04:00,26.549999237060547,26.780000686645508,26.43000030517578,26.6299991607666,13300,0.0,0.0,0.0
2022-07-29 00:00:00-04:00,26.6299991607666,26.889999389648438,26.59000015258789,26.790000915527344,8700,0.0,0.0,0.0
2022-08-01 00:00:00-04:00,26.729999542236328,26.8700008392334,26.729999542236328,26.770000457763672,1400,0.0,0.0,0.0
2022-08-02 00:00:00-04:00,26.8799991607666,26.8799991607666,26.32699966430664,26.32699966430664,3100,0.0,0.0,0.0
2022-08-03 00:00:00-04:00,26.395000457763672,26.510000228881836,26.395000457763672,26.5,900,0.0,0.0,0.0
2022-08-04 00:00:00-04:00,26.579999923706055,26.8799991607666,26.527000427246094,26.663999557495117,4800,0.0,0.0,0.0
2022-08-05 00:00:00-04:00,26.440000534057617,26.6299991607666,26.375,26.61199951171875,7300,0.0,0.0,0.0
2022-08-08 00:00:00-04:00,26.850000381469727,26.885000228881836,26.660999298095703,26.69099998474121,5200,0.0,0.0,0.0
2022-08-09 00:00:00-04:00,26.510000228881836,26.649999618530273,26.510000228881836,26.559999465942383,9900,0.0,0.0,0.0
2022-08-10 00:00:00-04:00,27.1299991607666,27.299999237060547,27.100000381469727,27.1200008392334,16900,0.0,0.0,0.0
2022-08-11 00:00:00-04:00,27.280000686645508,27.354999542236328,27.110000610351562,27.110000610351562,4900,0.0,0.0,0.0
2022-08-12 00:00:00-04:00,27.15999984741211,27.350000381469727,27.15999984741211,27.280000686645508,13100,0.0,0.0,0.0
2022-08-15 00:00:00-04:00,27.06999969482422,27.889999389648438,27.0,27.079999923706055,16300,0.0,0.0,0.0
2022-08-16 00:00:00-04:00,27.0,27.209999084472656,27.0,27.118000030517578,16000,0.0,0.0,0.0
2022-08-17 00:00:00-04:00,26.90999984741211,27.049999237060547,26.808000564575195,26.915000915527344,5000,0.0,0.0,0.0
2022-08-18 00:00:00-04:00,26.959999084472656,26.959999084472656,26.739999771118164,26.770000457763672,5900,0.0,0.0,0.0
2022-08-19 00:00:00-04:00,26.56999969482422,26.579999923706055,26.320999145507812,26.42099952697754,16800,0.0,0.0,0.0
2022-08-22 00:00:00-04:00,26.219999313354492,26.219999313354492,25.96500015258789,25.976999282836914,25200,0.0,0.0,0.0
2022-08-23 00:00:00-04:00,25.979999542236328,26.270000457763672,25.979999542236328,26.0,2600,0.0,0.0,0.0
2022-08-24 00:00:00-04:00,25.969999313354492,26.030000686645508,25.93000030517578,26.02400016784668,28800,0.0,0.0,0.0
2022-08-25 00:00:00-04:00,26.1200008392334,26.191999435424805,26.020000457763672,26.191999435424805,32000,0.0,0.0,0.0
2022-08-26 00:00:00-04:00,25.924999237060547,25.93000030517578,25.615999221801758,25.618000030517578,8300,0.0,0.0,0.0
2022-08-29 00:00:00-04:00,25.510000228881836,25.674999237060547,25.510000228881836,25.59000015258789,4500,0.0,0.0,0.0
2022-08-30 00:00:00-04:00,25.809999465942383,25.809999465942383,25.360000610351562,25.420000076293945,6000,0.0,0.0,0.0
2022-08-31 00:00:00-04:00,25.415000915527344,25.450000762939453,25.260000228881836,25.30699920654297,20800,0.0,0.0,0.0
2022-09-01 00:00:00-04:00,24.950000762939453,24.950000762939453,24.190000534057617,24.3700008392334,28700,0.0,0.0,0.0
2022-09-02 00:00:00-04:00,24.709999084472656,24.770000457763672,24.277000427246094,24.277000427246094,11500,0.0,0.0,0.0
2022-09-06 00:00:00-04:00,24.280000686645508,24.399999618530273,24.190000534057617,24.209999084472656,18300,0.0,0.0,0.0
2022-09-07 00:00:00-04:00,24.079999923706055,24.415000915527344,24.049999237060547,24.415000915527344,15500,0.0,0.0,0.0
2022-09-08 00:00:00-04:00,24.229999542236328,24.5,24.170000076293945,24.445999145507812,42000,0.0,0.0,0.0
2022-09-09 00:00:00-04:00,24.959999084472656,25.062000274658203,24.937999725341797,25.062000274658203,30200,0.0,0.0,0.0
2022-09-12 00:00:00-04:00,25.459999084472656,25.499000549316406,25.31999969482422,25.322999954223633,24000,0.0,0.0,0.0
2022-09-13 00:00:00-04:00,24.950000762939453,25.989999771118164,24.481000900268555,24.481000900268555,18800,0.0,0.0,0.0
2022-09-14 00:00:00-04:00,24.6299991607666,24.639999389648438,24.485000610351562,24.541000366210938,4800,0.0,0.0,0.0
2022-09-15 00:00:00-04:00,24.469999313354492,24.559999465942383,24.3700008392334,24.381000518798828,4200,0.0,0.0,0.0
2022-09-16 00:00:00-04:00,24.1200008392334,24.350000381469727,24.04400062561035,24.30299949645996,29400,0.0,0.0,0.0
2022-09-19 00:00:00-04:00,24.06999969482422,24.399999618530273,24.06999969482422,24.361000061035156,23600,0.0,0.0,0.0
2022-09-20 00:00:00-04:00,23.99799919128418,24.059999465942383,23.801000595092773,23.95599937438965,9800,0.0,0.0,0.0
2022-09-21 00:00:00-04:00,24.010000228881836,24.030000686645508,23.610000610351562,23.628999710083008,9100,0.0,0.0,0.0
2022-09-22 00:00:00-04:00,23.780000686645508,23.780000686645508,23.489999771118164,23.621999740600586,5500,0.0,0.0,0.0
2022-09-23 00:00:00-04:00,23.09000015258789,23.09000015258789,22.709999084472656,22.854999542236328,23400,0.0,0.0,0.0
2022-09-26 00:00:00-04:00,22.6299991607666,22.731000900268555,22.309999465942383,22.493999481201172,228400,0.0,0.0,0.0
2022-09-27 00:00:00-04:00,22.549999237060547,22.6299991607666,22.18000030517578,22.332000732421875,23400,0.0,0.0,0.0
2022-09-28 00:00:00-04:00,22.290000915527344,22.81800079345703,22.290000915527344,22.770000457763672,84100,0.0,0.0,0.0
2022-09-29 00:00:00-04:00,22.260000228881836,22.479999542236328,22.209999084472656,22.479999542236328,19800,0.0,0.0,0.0
2022-09-30 00:00:00-04:00,22.389999389648438,22.530000686645508,22.280000686645508,22.280000686645508,14600,0.0,0.0,0.0
2022-10-03 00:00:00-04:00,22.670000076293945,22.90999984741211,22.670000076293945,22.82900047302246,10000,0.0,0.0,0.0
2022-10-04 00:00:00-04:00,23.47800064086914,23.750999450683594,23.47800064086914,23.750999450683594,20000,0.0,0.0,0.0
2022-10-05 00:00:00-04:00,23.389999389648438,23.579999923706055,23.13800048828125,23.46500015258789,35700,0.0,0.0,0.0
2022-10-06 00:00:00-04:00,23.25,23.25,23.0,23.0,34900,0.0,0.0,0.0
2022-10-07 00:00:00-04:00,22.979999542236328,22.979999542236328,22.648000717163086,22.70199966430664,9200,0.0,0.0,0.0
2022-10-10 00:00:00-04:00,22.6299991607666,22.676000595092773,22.357999801635742,22.58799934387207,71900,0.0,0.0,0.0
2022-10-11 00:00:00-04:00,22.440000534057617,22.575000762939453,22.280000686645508,22.350000381469727,17400,0.0,0.0,0.0
2022-10-12 00:00:00-04:00,22.149999618530273,22.31999969482422,22.149999618530273,22.22800064086914,14100,0.0,0.0,0.0
2022-10-13 00:00:00-04:00,21.8799991607666,22.73699951171875,21.850000381469727,22.687999725341797,37600,0.0,0.0,0.0
2022-10-14 00:00:00-04:00,22.559999465942383,22.559999465942383,22.280000686645508,22.305999755859375,30100,0.0,0.0,0.0
2022-10-17 00:00:00-04:00,22.8799991607666,22.920000076293945,22.809999465942383,22.882999420166016,4800,0.0,0.0,0.0
2022-10-18 00:00:00-04:00,23.260000228881836,23.260000228881836,22.8700008392334,22.996000289916992,13600,0.0,0.0,0.0
2022-10-19 00:00:00-04:00,22.729999542236328,22.860000610351562,22.645000457763672,22.73699951171875,12600,0.0,0.0,0.0
2022-10-20 00:00:00-04:00,22.889999389648438,22.996000289916992,22.6299991607666,22.731000900268555,21000,0.0,0.0,0.0
2022-10-21 00:00:00-04:00,22.59000015258789,23.176000595092773,22.540000915527344,23.176000595092773,9400,0.0,0.0,0.0
2022-10-24 00:00:00-04:00,23.149999618530273,23.229999542236328,23.0,23.180999755859375,17500,0.0,0.0,0.0
2022-10-25 00:00:00-04:00,23.420000076293945,23.72100067138672,23.34000015258789,23.687000274658203,18900,0.0,0.0,0.0
2022-10-26 00:00:00-04:00,23.785999298095703,24.073999404907227,23.785999298095703,23.922000885009766,13100,0.0,0.0,0.0
2022-10-27 00:00:00-04:00,23.889999389648438,24.020000457763672,23.707000732421875,23.707000732421875,23000,0.0,0.0,0.0
2022-10-28 00:00:00-04:00,23.649999618530273,23.90999984741211,23.649999618530273,23.899999618530273,20000,0.0,0.0,0.0
2022-10-31 00:00:00-04:00,23.729999542236328,23.7450008392334,23.6200008392334,23.700000762939453,25700,0.0,0.0,0.0
2022-11-01 00:00:00-04:00,24.15399932861328,24.18000030517578,23.860000610351562,23.969999313354492,37300,0.0,0.0,0.0
2022-11-02 00:00:00-04:00,24.030000686645508,24.150999069213867,23.479999542236328,23.5,26100,0.0,0.0,0.0
2022-11-03 00:00:00-04:00,23.31999969482422,23.450000762939453,23.104999542236328,23.3439998626709,5200,0.0,0.0,0.0
2022-11-04 00:00:00-04:00,23.350000381469727,24.334999084472656,23.350000381469727,24.334999084472656,19700,0.0,0.0,0.0
2022-11-07 00:00:00-05:00,24.510000228881836,24.510000228881836,24.309999465942383,24.46299934387207,12100,0.0,0.0,0.0
2022-11-08 00:00:00-05:00,24.649999618530273,24.940000534057617,24.56999969482422,24.709999084472656,39600,0.0,0.0,0.0
2022-11-09 00:00:00-05:00,24.59000015258789,24.690000534057617,24.3799991607666,24.389999389648438,29500,0.0,0.0,0.0
2022-11-10 00:00:00-05:00,25.239999771118164,25.743999481201172,25.239999771118164,25.743999481201172,13800,0.0,0.0,0.0
2022-11-11 00:00:00-05:00,26.1299991607666,26.31999969482422,26.00200080871582,26.256000518798828,10200,0.0,0.0,0.0
2022-11-14 00:00:00-05:00,26.030000686645508,26.3799991607666,26.030000686645508,26.079999923706055,39800,0.0,0.0,0.0
2022-11-15 00:00:00-05:00,26.520000457763672,26.520000457763672,24.285999298095703,26.15999984741211,89600,0.0,0.0,0.0
2022-11-16 00:00:00-05:00,26.290000915527344,26.290000915527344,26.014999389648438,26.125999450683594,20900,0.0,0.0,0.0
2022-11-17 00:00:00-05:00,25.889999389648438,26.110000610351562,25.829999923706055,26.09000015258789,16200,0.0,0.0,0.0
2022-11-18 00:00:00-05:00,26.143999099731445,26.239999771118164,26.09000015258789,26.170000076293945,11300,0.0,0.0,0.0
2022-11-21 00:00:00-05:00,26.049999237060547,26.09000015258789,25.90999984741211,26.03700065612793,12000,0.0,0.0,0.0
2022-11-22 00:00:00-05:00,26.239999771118164,26.399999618530273,26.239999771118164,26.398000717163086,18600,0.0,0.0,0.0
2022-11-23 00:00:00-05:00,26.5,26.667999267578125,26.459999084472656,26.607999801635742,7300,0.0,0.0,0.0
2022-11-25 00:00:00-05:00,26.739999771118164,26.81999969482422,26.739999771118164,26.780000686645508,2100,0.0,0.0,0.0
2022-11-28 00:00:00-05:00,26.677000045776367,26.735000610351562,26.440000534057617,26.5310001373291,14200,0.0,0.0,0.0
2022-11-29 00:00:00-05:00,26.61400032043457,26.722999572753906,26.5,26.55900001525879,17400,0.0,0.0,0.0
2022-11-30 00:00:00-05:00,26.6200008392334,27.049999237060547,26.479999542236328,27.038000106811523,575300,0.0,0.0,0.0
2022-12-01 00:00:00-05:00,27.309999465942383,27.339000701904297,27.170000076293945,27.299999237060547,48500,0.0,0.0,0.0
2022-12-02 00:00:00-05:00,27.040000915527344,27.312999725341797,27.030000686645508,27.236000061035156,27200,0.0,0.0,0.0
2022-12-05 00:00:00-05:00,27.209999084472656,27.209999084472656,26.850000381469727,26.899999618530273,20500,0.0,0.0,0.0
2022-12-06 00:00:00-05:00,26.899999618530273,26.899999618530273,26.709999084472656,26.809999465942383,21200,0.0,0.0,0.0
2022-12-07 00:00:00-05:00,26.8700008392334,26.899999618530273,26.790000915527344,26.809999465942383,21900,0.0,0.0,0.0
2022-12-08 00:00:00-05:00,26.75,26.950000762939453,26.75,26.90999984741211,27800,0.0,0.0,0.0
2022-12-09 00:00:00-05:00,27.059999465942383,27.1200008392334,26.937000274658203,26.937000274658203,22800,0.0,0.0,0.0
2022-12-12 00:00:00-05:00,26.959999084472656,26.969999313354492,26.81999969482422,26.969999313354492,11400,0.0,0.0,0.0
2022-12-13 00:00:00-05:00,27.639999389648438,27.722000122070312,27.270000457763672,27.378000259399414,73500,0.0,0.0,0.0
2022-12-14 00:00:00-05:00,27.489999771118164,27.530000686645508,27.139999389648438,27.384000778198242,65400,0.0,0.0,0.0
2022-12-15 00:00:00-05:00,27.030000686645508,27.030000686645508,26.520000457763672,26.652000427246094,153300,0.0,0.0,0.0
2022-12-16 00:00:00-05:00,26.34000015258789,26.565000534057617,26.34000015258789,26.540000915527344,222400,0.0,0.0,0.0
2022-12-19 00:00:00-05:00,26.709999084472656,26.709999084472656,26.389999389648438,26.399999618530273,144900,0.0,0.0,0.0
2022-12-20 00:00:00-05:00,26.479999542236328,26.656999588012695,26.469999313354492,26.530000686645508,62900,0.0,0.0,0.0
2022-12-21 00:00:00-05:00,26.725000381469727,26.8700008392334,26.711000442504883,26.825000762939453,207800,0.0,0.0,0.0
2022-12-22 00:00:00-05:00,26.625,26.625,26.3799991607666,26.610000610351562,240500,0.0,0.0,0.0
2022-12-23 00:00:00-05:00,26.5,26.700000762939453,26.5,26.690000534057617,132400,0.0,0.0,0.0
2022-12-27 00:00:00-05:00,26.780000686645508,26.809999465942383,26.690000534057617,26.770000457763672,84500,0.0,0.0,0.0
2022-12-28 00:00:00-05:00,26.90999984741211,26.90999984741211,26.469999313354492,26.479999542236328,25600,0.0,0.0,0.0
2022-12-29 00:00:00-05:00,26.790000915527344,26.989999771118164,26.75,26.899999618530273,311700,0.0,0.0,0.0
2022-12-30 00:00:00-05:00,26.81999969482422,26.81999969482422,26.59000015258789,26.697999954223633,90200,0.0,0.0,0.0
2023-01-03 00:00:00-05:00,26.899999618530273,27.065000534057617,26.739999771118164,26.854999542236328,24400,0.0,0.0,0.0
2023-01-04 00:00:00-05:00,27.15999984741211,27.32900047302246,27.059999465942383,27.201000213623047,81300,0.0,0.0,0.0
2023-01-05 00:00:00-05:00,27.040000915527344,27.09000015258789,26.950000762939453,27.0,92100,0.0,0.0,0.0
2023-01-06 00:00:00-05:00,27.15999984741211,27.68000030517578,27.059999465942383,27.645000457763672,62000,0.0,0.0,0.0
2023-01-09 00:00:00-05:00,27.889999389648438,28.030000686645508,27.75,27.75,79500,0.0,0.0,0.0
2023-01-10 00:00:00-05:00,27.799999237060547,27.8700008392334,27.68000030517578,27.8700008392334,32300,0.0,0.0,0.0
2023-01-11 00:00:00-05:00,28.049999237060547,28.049999237060547,27.8700008392334,27.979999542236328,51100,0.0,0.0,0.0
2023-01-12 00:00:00-05:00,28.3700008392334,28.520000457763672,28.100000381469727,28.469999313354492,40100,0.0,0.0,0.0
2023-01-13 00:00:00-05:00,28.399999618530273,28.6200008392334,28.389999389648438,28.6200008392334,34800,0.0,0.0,0.0
2023-01-17 00:00:00-05:00,28.65999984741211,28.770000457763672,28.62299919128418,28.709999084472656,169300,0.0,0.0,0.0
2023-01-18 00:00:00-05:00,29.0,29.049999237060547,28.540000915527344,28.559999465942383,47800,0.0,0.0,0.0
2023-01-19 00:00:00-05:00,28.549999237060547,28.60099983215332,28.399999618530273,28.559999465942383,98300,0.0,0.0,0.0
2023-01-20 00:00:00-05:00,28.530000686645508,28.799999237060547,28.459999084472656,28.739999771118164,229700,0.0,0.0,0.0
2023-01-23 00:00:00-05:00,28.760000228881836,28.950000762939453,28.700000762939453,28.8799991607666,134600,0.0,0.0,0.0
2023-01-24 00:00:00-05:00,28.8700008392334,28.940000534057617,28.700000762939453,28.899999618530273,106500,0.0,0.0,0.0
2023-01-25 00:00:00-05:00,28.850000381469727,29.1200008392334,28.760000228881836,29.049999237060547,101600,0.0,0.0,0.0
2023-01-26 00:00:00-05:00,29.149999618530273,29.149999618530273,28.84000015258789,29.049999237060547,99100,0.0,0.0,0.0
2023-01-27 00:00:00-05:00,28.889999389648438,29.100000381469727,28.760000228881836,29.0,220500,0.0,0.0,0.0
2023-01-30 00:00:00-05:00,28.989999771118164,29.040000915527344,28.84600067138672,28.850000381469727,111000,0.0,0.0,0.0
2023-01-31 00:00:00-05:00,28.850000381469727,29.01300048828125,28.700000762939453,28.989999771118164,88700,0.0,0.0,0.0
2023-02-01 00:00:00-05:00,29.020000457763672,29.420000076293945,28.799999237060547,29.239999771118164,79900,0.0,0.0,0.0
2023-02-02 00:00:00-05:00,29.31999969482422,29.360000610351562,29.0,29.190000534057617,214100,0.0,0.0,0.0
2023-02-03 00:00:00-05:00,29.190000534057617,29.190000534057617,28.809999465942383,28.90999984741211,192000,0.0,0.0,0.0
2023-02-06 00:00:00-05:00,28.739999771118164,28.739999771118164,28.459999084472656,28.579999923706055,116500,0.0,0.0,0.0
2023-02-07 00:00:00-05:00,28.520000457763672,28.8799991607666,28.420000076293945,28.81999969482422,337000,0.0,0.0,0.0
2023-02-08 00:00:00-05:00,28.799999237060547,28.799999237060547,28.591999053955078,28.639999389648438,201000,0.0,0.0,0.0
2023-02-09 00:00:00-05:00,29.06999969482422,29.149999618530273,28.65999984741211,28.73200035095215,119100,0.0,0.0,0.0
2023-02-10 00:00:00-05:00,28.639999389648438,28.649999618530273,28.500999450683594,28.6299991607666,94500,0.0,0.0,0.0
2023-02-13 00:00:00-05:00,28.6299991607666,28.899999618530273,28.520000457763672,28.850000381469727,47700,0.0,0.0,0.0
2023-02-14 00:00:00-05:00,28.8799991607666,29.059999465942383,28.69499969482422,28.92799949645996,248500,0.0,0.0,0.0
2023-02-15 00:00:00-05:00,28.649999618530273,28.93000030517578,28.56999969482422,28.770000457763672,398900,0.0,0.0,0.0
2023-02-16 00:00:00-05:00,28.579999923706055,28.888999938964844,28.520000457763672,28.709999084472656,77700,0.0,0.0,0.0
2023-02-17 00:00:00-05:00,28.610000610351562,28.804000854492188,28.510000228881836,28.739999771118164,47200,0.0,0.0,0.0
2023-02-21 00:00:00-05:00,28.65999984741211,28.700000762939453,28.440000534057617,28.440000534057617,57200,0.0,0.0,0.0
2023-02-22 00:00:00-05:00,28.43000030517578,28.459999084472656,28.216999053955078,28.25,56600,0.0,0.0,0.0
2023-02-23 00:00:00-05:00,28.440000534057617,28.440000534057617,28.19499969482422,28.40999984741211,76200,0.0,0.0,0.0
2023-02-24 00:00:00-05:00,28.020000457763672,28.049999237060547,27.85099983215332,27.920000076293945,67800,0.0,0.0,0.0
2023-02-27 00:00:00-05:00,28.280000686645508,28.389999389648438,28.15999984741211,28.25,71500,0.0,0.0,0.0
2023-02-28 00:00:00-05:00,28.239999771118164,28.239999771118164,28.030000686645508,28.040000915527344,50900,0.0,0.0,0.0
2023-03-01 00:00:00-05:00,28.34000015258789,28.34000015258789,28.079999923706055,28.170000076293945,140700,0.0,0.0,0.0
2023-03-02 00:00:00-05:00,28.030000686645508,28.25,27.979999542236328,28.211000442504883,60700,0.0,0.0,0.0
2023-03-03 00:00:00-05:00,28.3799991607666,28.648000717163086,28.31999969482422,28.579999923706055,187600,0.0,0.0,0.0
2023-03-06 00:00:00-05:00,28.6200008392334,28.690000534057617,28.554000854492188,28.610000610351562,92100,0.0,0.0,0.0
2023-03-07 00:00:00-05:00,28.540000915527344,28.540000915527344,28.049999237060547,28.09000015258789,136700,0.0,0.0,0.0
2023-03-08 00:00:00-05:00,28.09000015258789,28.304000854492188,28.09000015258789,28.25,61600,0.0,0.0,0.0
2023-03-09 00:00:00-05:00,28.3799991607666,28.410999298095703,27.989999771118164,28.010000228881836,41300,0.0,0.0,0.0
2023-03-10 00:00:00-05:00,28.09000015258789,28.1200008392334,27.719999313354492,27.75,86700,0.0,0.0,0.0
2023-03-13 00:00:00-04:00,27.5,27.77400016784668,27.34000015258789,27.520000457763672,56600,0.0,0.0,0.0
2023-03-14 00:00:00-04:00,27.850000381469727,27.889999389648438,27.701000213623047,27.885000228881836,297500,0.0,0.0,0.0
2023-03-15 00:00:00-04:00,26.93000030517578,27.049999237060547,26.700000762939453,27.0,120300,0.0,0.0,0.0
2023-03-16 00:00:00-04:00,26.792999267578125,27.399999618530273,26.76099967956543,27.399999618530273,40800,0.0,0.0,0.0
2023-03-17 00:00:00-04:00,27.079999923706055,27.110000610351562,26.899999618530273,27.010000228881836,78800,0.0,0.0,0.0
2023-03-20 00:00:00-04:00,27.399999618530273,27.562999725341797,27.34000015258789,27.5,24400,0.0,0.0,0.0
2023-03-21 00:00:00-04:00,27.920000076293945,27.920000076293945,27.71500015258789,27.83799934387207,28700,0.0,0.0,0.0
2023-03-22 00:00:00-04:00,27.829999923706055,28.170000076293945,27.724000930786133,27.739999771118164,63300,0.0,0.0,0.0
2023-03-23 00:00:00-04:00,27.979999542236328,28.1200008392334,27.639999389648438,27.760000228881836,47300,0.0,0.0,0.0
2023-03-24 00:00:00-04:00,27.579999923706055,27.711999893188477,27.440000534057617,27.65999984741211,426500,0.0,0.0,0.0
2023-03-27 00:00:00-04:00,27.8799991607666,27.940000534057617,27.760000228881836,27.920000076293945,64600,0.0,0.0,0.0
2023-03-28 00:00:00-04:00,27.8799991607666,27.979999542236328,27.8799991607666,27.93899917602539,25600,0.0,0.0,0.0
2023-03-29 00:00:00-04:00,28.290000915527344,28.290000915527344,28.170000076293945,28.270000457763672,57400,0.0,0.0,0.0
2023-03-30 00:00:00-04:00,28.56999969482422,28.645000457763672,28.461000442504883,28.6200008392334,69300,0.0,0.0,0.0
2023-03-31 00:00:00-04:00,28.649999618530273,28.780000686645508,28.649999618530273,28.75,404900,0.0,0.0,0.0
2023-04-03 00:00:00-04:00,28.780000686645508,29.0,28.780000686645508,29.0,38100,0.0,0.0,0.0
2023-04-04 00:00:00-04:00,29.040000915527344,29.100000381469727,28.886999130249023,28.959999084472656,298700,0.0,0.0,0.0
2023-04-05 00:00:00-04:00,28.889999389648438,28.889999389648438,28.729999542236328,28.799999237060547,61000,0.0,0.0,0.0
2023-04-06 00:00:00-04:00,28.860000610351562,29.020000457763672,28.780000686645508,28.90999984741211,94200,0.0,0.0,0.0
2023-04-10 00:00:00-04:00,28.850000381469727,28.959999084472656,28.736000061035156,28.959999084472656,94000,0.0,0.0,0.0
2023-04-11 00:00:00-04:00,29.1299991607666,29.139999389648438,28.989999771118164,29.030000686645508,73100,0.0,0.0,0.0
2023-04-12 00:00:00-04:00,29.43000030517578,29.43000030517578,29.170000076293945,29.20199966430664,46900,0.0,0.0,0.0
2023-04-13 00:00:00-04:00,29.540000915527344,29.6299991607666,29.420000076293945,29.600000381469727,48200,0.0,0.0,0.0
2023-04-14 00:00:00-04:00,29.649999618530273,29.649999618530273,29.350000381469727,29.479999542236328,92500,0.0,0.0,0.0
2023-04-17 00:00:00-04:00,29.469999313354492,29.469999313354492,29.280000686645508,29.40999984741211,70700,0.0,0.0,0.0
2023-04-18 00:00:00-04:00,29.639999389648438,29.639999389648438,29.459999084472656,29.540000915527344,56100,0.0,0.0,0.0
2023-04-19 00:00:00-04:00,29.479999542236328,29.5,29.40999984741211,29.450000762939453,86200,0.0,0.0,0.0
2023-04-20 00:00:00-04:00,29.489999771118164,29.548999786376953,29.378000259399414,29.479999542236328,82200,0.0,0.0,0.0
2023-04-21 00:00:00-04:00,29.479999542236328,29.600000381469727,29.329999923706055,29.59000015258789,52300,0.0,0.0,0.0
2023-04-24 00:00:00-04:00,29.649999618530273,29.65999984741211,29.540000915527344,29.638999938964844,53900,0.0,0.0,0.0
2023-04-25 00:00:00-04:00,29.56999969482422,29.56999969482422,29.253999710083008,29.280000686645508,244100,0.0,0.0,0.0
2023-04-26 00:00:00-04:00,29.520000457763672,29.520000457763672,29.229999542236328,29.25,125900,0.0,0.0,0.0
2023-04-27 00:00:00-04:00,29.479999542236328,29.6299991607666,29.360000610351562,29.6299991607666,48000,0.0,0.0,0.0
2023-04-28 00:00:00-04:00,29.440000534057617,29.600000381469727,29.350000381469727,29.600000381469727,76500,0.0,0.0,0.0
2023-05-01 00:00:00-04:00,29.719999313354492,29.719999313354492,29.520000457763672,29.530000686645508,234000,0.0,0.0,0.0
2023-05-02 00:00:00-04:00,29.34000015258789,29.34000015258789,29.049999237060547,29.239999771118164,372600,0.0,0.0,0.0
2023-05-03 00:00:00-04:00,29.360000610351562,29.510000228881836,29.25,29.350000381469727,50900,0.0,0.0,0.0
2023-05-04 00:00:00-04:00,29.290000915527344,29.39900016784668,29.135000228881836,29.260000228881836,331800,0.0,0.0,0.0
2023-05-05 00:00:00-04:00,29.450000762939453,29.767000198364258,29.424999237060547,29.690000534057617,290400,0.0,0.0,0.0
2023-05-08 00:00:00-04:00,29.920000076293945,29.920000076293945,29.700000762939453,29.700000762939453,149600,0.0,0.0,0.0
2023-05-09 00:00:00-04:00,29.59000015258789,29.7549991607666,29.489999771118164,29.649999618530273,123300,0.0,0.0,0.0
2023-05-10 00:00:00-04:00,29.770000457763672,29.770000457763672,29.3700008392334,29.551000595092773,157500,0.0,0.0,0.0
2023-05-11 00:00:00-04:00,29.399999618530273,29.415000915527344,29.209999084472656,29.389999389648438,60600,0.0,0.0,0.0
2023-05-12 00:00:00-04:00,29.520000457763672,29.520000457763672,29.270000457763672,29.3799991607666,105500,0.0,0.0,0.0
2023-05-15 00:00:00-04:00,29.510000228881836,29.649999618530273,29.427000045776367,29.559999465942383,116000,0.0,0.0,0.0
2023-05-16 00:00:00-04:00,29.549999237060547,29.549999237060547,29.260000228881836,29.329999923706055,165200,0.0,0.0,0.0
2023-05-17 00:00:00-04:00,29.399999618530273,29.459999084472656,29.200000762939453,29.440000534057617,93900,0.0,0.0,0.0
2023-05-18 00:00:00-04:00,29.40999984741211,29.40999984741211,29.18000030517578,29.3799991607666,84800,0.0,0.0,0.0
2023-05-19 00:00:00-04:00,29.450000762939453,29.58799934387207,29.40999984741211,29.549999237060547,288800,0.0,0.0,0.0
2023-05-22 00:00:00-04:00,29.540000915527344,29.604999542236328,29.465999603271484,29.510000228881836,275700,0.0,0.0,0.0
2023-05-23 00:00:00-04:00,29.350000381469727,29.360000610351562,29.149999618530273,29.170000076293945,132300,0.0,0.0,0.0
2023-05-24 00:00:00-04:00,28.959999084472656,28.959999084472656,28.700000762939453,28.729999542236328,179800,0.0,0.0,0.0
2023-05-25 00:00:00-04:00,28.790000915527344,28.790000915527344,28.56999969482422,28.700000762939453,77000,0.0,0.0,0.0
2023-05-26 00:00:00-04:00,28.8700008392334,28.989999771118164,28.84000015258789,28.969999313354492,112800,0.0,0.0,0.0
2023-05-30 00:00:00-04:00,28.959999084472656,28.959999084472656,28.615999221801758,28.729999542236328,70300,0.0,0.0,0.0
2023-05-31 00:00:00-04:00,28.510000228881836,28.510000228881836,28.219999313354492,28.43000030517578,65800,0.0,0.0,0.0
2023-06-01 00:00:00-04:00,28.56999969482422,28.84000015258789,28.450000762939453,28.81999969482422,80200,0.0,0.0,0.0
2023-06-02 00:00:00-04:00,29.209999084472656,29.229999542236328,29.100000381469727,29.209999084472656,146900,0.0,0.0,0.0
2023-06-05 00:00:00-04:00,29.239999771118164,29.239999771118164,29.040000915527344,29.079999923706055,80600,0.0,0.0,0.0
2023-06-06 00:00:00-04:00,29.200000762939453,29.290000915527344,29.059999465942383,29.260000228881836,100300,0.0,0.0,0.0
2023-06-07 00:00:00-04:00,29.170000076293945,29.249000549316406,29.0,29.0,71500,0.0,0.0,0.0
2023-06-08 00:00:00-04:00,29.229999542236328,29.3700008392334,29.14699935913086,29.3700008392334,63200,0.0,0.0,0.0
2023-06-09 00:00:00-04:00,29.360000610351562,29.360000610351562,29.224000930786133,29.299999237060547,131500,0.0,0.0,0.0
2023-06-12 00:00:00-04:00,29.420000076293945,29.459999084472656,29.299999237060547,29.40999984741211,89000,0.0,0.0,0.0
2023-06-13 00:00:00-04:00,29.75,29.75,29.59000015258789,29.641000747680664,297600,0.0,0.0,0.0
2023-06-14 00:00:00-04:00,29.90999984741211,29.979999542236328,29.68000030517578,29.809999465942383,274300,0.0,0.0,0.0
2023-06-15 00:00:00-04:00,29.940000534057617,30.170000076293945,29.836000442504883,30.139999389648438,105600,0.0,0.0,0.0
2023-06-16 00:00:00-04:00,30.5,30.5,29.530000686645508,29.6299991607666,149400,0.0,0.0,0.0
2023-06-20 00:00:00-04:00,30.610000610351562,30.610000610351562,29.209999084472656,29.3700008392334,142700,0.0,0.0,0.0
2023-06-21 00:00:00-04:00,29.3700008392334,29.385000228881836,29.1200008392334,29.329999923706055,142500,0.0,0.0,0.0
2023-06-22 00:00:00-04:00,29.149999618530273,29.15999984741211,29.059999465942383,29.100000381469727,325400,0.0,0.0,0.0
2023-06-23 00:00:00-04:00,28.709999084472656,28.81999969482422,28.530000686645508,28.690000534057617,203300,0.0,0.0,0.0
2023-06-26 00:00:00-04:00,28.75,28.780000686645508,28.6299991607666,28.75,86300,0.0,0.0,0.0
2023-06-27 00:00:00-04:00,28.850000381469727,29.038000106811523,28.729999542236328,28.959999084472656,79600,0.0,0.0,0.0
2023-06-28 00:00:00-04:00,28.969999313354492,29.020000457763672,28.827999114990234,28.920000076293945,145800,0.0,0.0,0.0
2023-06-29 00:00:00-04:00,28.90999984741211,28.940000534057617,28.799999237060547,28.940000534057617,81200,0.0,0.0,0.0
2023-06-30 00:00:00-04:00,29.229999542236328,29.299999237060547,29.152999877929688,29.229999542236328,112500,0.0,0.0,0.0
2023-07-03 00:00:00-04:00,29.280000686645508,29.360000610351562,29.195999145507812,29.290000915527344,69700,0.0,0.0,0.0
2023-07-05 00:00:00-04:00,29.209999084472656,29.209999084472656,28.90999984741211,28.979999542236328,151100,0.0,0.0,0.0
2023-07-06 00:00:00-04:00,28.59000015258789,28.59000015258789,28.200000762939453,28.450000762939453,134800,0.0,0.0,0.0
2023-07-07 00:00:00-04:00,28.530000686645508,28.82900047302246,28.450000762939453,28.700000762939453,115900,0.0,0.0,0.0
2023-07-10 00:00:00-04:00,28.6200008392334,28.759000778198242,28.60700035095215,28.729999542236328,174000,0.0,0.0,0.0
2023-07-11 00:00:00-04:00,28.8799991607666,29.038999557495117,28.770000457763672,28.989999771118164,114400,0.0,0.0,0.0
2023-07-12 00:00:00-04:00,29.399999618530273,29.600000381469727,29.367000579833984,29.530000686645508,77500,0.0,0.0,0.0
2023-07-13 00:00:00-04:00,29.969999313354492,30.1299991607666,29.719999313354492,30.040000915527344,160800,0.0,0.0,0.0
2023-07-14 00:00:00-04:00,30.06999969482422,30.131000518798828,29.834999084472656,29.899999618530273,79300,0.0,0.0,0.0
2023-07-17 00:00:00-04:00,29.829999923706055,29.93000030517578,29.690000534057617,29.8799991607666,98500,0.0,0.0,0.0
2023-07-18 00:00:00-04:00,29.950000762939453,30.1299991607666,29.899999618530273,30.040000915527344,101700,0.0,0.0,0.0
2023-07-19 00:00:00-04:00,30.1200008392334,30.15999984741211,29.959999084472656,30.059999465942383,134200,0.0,0.0,0.0
2023-07-20 00:00:00-04:00,30.059999465942383,30.149999618530273,29.899999618530273,29.93000030517578,40200,0.0,0.0,0.0
2023-07-21 00:00:00-04:00,30.020000457763672,30.020000457763672,29.850000381469727,29.969999313354492,114600,0.0,0.0,0.0
2023-07-24 00:00:00-04:00,29.899999618530273,30.0,29.8700008392334,29.933000564575195,129500,0.0,0.0,0.0
2023-07-25 00:00:00-04:00,29.920000076293945,30.049999237060547,29.920000076293945,30.010000228881836,59000,0.0,0.0,0.0
2023-07-26 00:00:00-04:00,29.950000762939453,30.15999984741211,29.809999465942383,30.049999237060547,116200,0.0,0.0,0.0
2023-07-27 00:00:00-04:00,30.31999969482422,30.31999969482422,29.959999084472656,30.020000457763672,114800,0.0,0.0,0.0
2023-07-28 00:00:00-04:00,30.239999771118164,30.308000564575195,30.110000610351562,30.190000534057617,133900,0.0,0.0,0.0
2023-07-31 00:00:00-04:00,30.209999084472656,30.329999923706055,30.149999618530273,30.18000030517578,91200,0.0,0.0,0.0
2023-08-01 00:00:00-04:00,29.8700008392334,29.979000091552734,29.719999313354492,29.809999465942383,98800,0.0,0.0,0.0
2023-08-02 00:00:00-04:00,29.479999542236328,29.479999542236328,29.200000762939453,29.260000228881836,114300,0.0,0.0,0.0
2023-08-03 00:00:00-04:00,29.040000915527344,29.329999923706055,29.02899932861328,29.190000534057617,83200,0.0,0.0,0.0
2023-08-04 00:00:00-04:00,29.360000610351562,29.59000015258789,29.219999313354492,29.229999542236328,337000,0.0,0.0,0.0
2023-08-07 00:00:00-04:00,29.450000762939453,29.506000518798828,29.34000015258789,29.450000762939453,95300,0.0,0.0,0.0
2023-08-08 00:00:00-04:00,29.149999618530273,29.285999298095703,29.059999465942383,29.260000228881836,121400,0.0,0.0,0.0
2023-08-09 00:00:00-04:00,29.34000015258789,29.3799991607666,29.200000762939453,29.299999237060547,76200,0.0,0.0,0.0
2023-08-10 00:00:00-04:00,29.579999923706055,29.733999252319336,29.329999923706055,29.329999923706055,79300,0.0,0.0,0.0
2023-08-11 00:00:00-04:00,29.18000030517578,29.261999130249023,29.079999923706055,29.139999389648438,51200,0.0,0.0,0.0
2023-08-14 00:00:00-04:00,28.920000076293945,29.094999313354492,28.801000595092773,29.040000915527344,55300,0.0,0.0,0.0
2023-08-15 00:00:00-04:00,28.899999618530273,28.899999618530273,28.639999389648438,28.700000762939453,79600,0.0,0.0,0.0
2023-08-16 00:00:00-04:00,28.610000610351562,28.749000549316406,28.450000762939453,28.479999542236328,155100,0.0,0.0,0.0
2023-08-17 00:00:00-04:00,28.56999969482422,28.56999969482422,28.229999542236328,28.290000915527344,220200,0.0,0.0,0.0
2023-08-18 00:00:00-04:00,28.139999389648438,28.322999954223633,28.100000381469727,28.25,247900,0.0,0.0,0.0
2023-08-21 00:00:00-04:00,28.450000762939453,28.479999542236328,28.219999313354492,28.3700008392334,105500,0.0,0.0,0.0
2023-08-22 00:00:00-04:00,28.549999237060547,28.549999237060547,28.256999969482422,28.360000610351562,249200,0.0,0.0,0.0
2023-08-23 00:00:00-04:00,28.459999084472656,28.65999984741211,28.409000396728516,28.56999969482422,128200,0.0,0.0,0.0
2023-08-24 00:00:00-04:00,28.25,28.549999237060547,28.200000762939453,28.200000762939453,336100,0.0,0.0,0.0
2023-08-25 00:00:00-04:00,28.43000030517578,28.485000610351562,28.18199920654297,28.360000610351562,80400,0.0,0.0,0.0
2023-08-28 00:00:00-04:00,28.579999923706055,28.670000076293945,28.540000915527344,28.670000076293945,98800,0.0,0.0,0.0
2023-08-29 00:00:00-04:00,28.65999984741211,29.040000915527344,28.559999465942383,29.040000915527344,67700,0.0,0.0,0.0
2023-08-30 00:00:00-04:00,29.100000381469727,29.170000076293945,28.934999465942383,29.030000686645508,98700,0.0,0.0,0.0
2023-08-31 00:00:00-04:00,29.06999969482422,29.06999969482422,28.809999465942383,28.899999618530273,89900,0.0,0.0,0.0
2023-09-01 00:00:00-04:00,29.1299991607666,29.1299991607666,28.79800033569336,28.8799991607666,60900,0.0,0.0,0.0
2023-09-05 00:00:00-04:00,28.899999618530273,28.899999618530273,28.65999984741211,28.709999084472656,75200,0.0,0.0,0.0
2023-09-06 00:00:00-04:00,28.75,28.75,28.5,28.6299991607666,61700,0.0,0.0,0.0
2023-09-07 00:00:00-04:00,28.59000015258789,28.59000015258789,28.43000030517578,28.489999771118164,60300,0.0,0.0,0.0
2023-09-08 00:00:00-04:00,28.549999237060547,28.576000213623047,28.40999984741211,28.450000762939453,83000,0.0,0.0,0.0
2023-09-11 00:00:00-04:00,28.770000457763672,28.850000381469727,28.670000076293945,28.760000228881836,113700,0.0,0.0,0.0
2023-09-12 00:00:00-04:00,28.760000228881836,28.860000610351562,28.67099952697754,28.770000457763672,58700,0.0,0.0,0.0
2023-09-13 00:00:00-04:00,28.75,28.770000457763672,28.579999923706055,28.68000030517578,65900,0.0,0.0,0.0
2023-09-14 00:00:00-04:00,28.989999771118164,29.09000015258789,28.8700008392334,29.020000457763672,87300,0.0,0.0,0.0
2023-09-15 00:00:00-04:00,29.0,29.020000457763672,28.790000915527344,28.790000915527344,71300,0.0,0.0,0.0
2023-09-18 00:00:00-04:00,28.65999984741211,28.770000457763672,28.600000381469727,28.729999542236328,68000,0.0,0.0,0.0
2023-09-19 00:00:00-04:00,28.709999084472656,28.860000610351562,28.690000534057617,28.81999969482422,64800,0.0,0.0,0.0
2023-09-20 00:00:00-04:00,28.979999542236328,29.1299991607666,28.719999313354492,28.799999237060547,45100,0.0,0.0,0.0
2023-09-21 00:00:00-04:00,28.479999542236328,28.53499984741211,28.295000076293945,28.299999237060547,50500,0.0,0.0,0.0
2023-09-22 00:00:00-04:00,28.5,28.56999969482422,28.309999465942383,28.360000610351562,76400,0.0,0.0,0.0
2023-09-25 00:00:00-04:00,28.170000076293945,28.25,28.010000228881836,28.170000076293945,81200,0.0,0.0,0.0
2023-09-26 00:00:00-04:00,28.020000457763672,28.06999969482422,27.81999969482422,27.829999923706055,96900,0.0,0.0,0.0
2023-09-27 00:00:00-04:00,28.040000915527344,28.104999542236328,27.58799934387207,27.729999542236328,208300,0.0,0.0,0.0
2023-09-28 00:00:00-04:00,27.860000610351562,28.038000106811523,27.792999267578125,28.030000686645508,99900,0.0,0.0,0.0
2023-09-29 00:00:00-04:00,28.299999237060547,28.299999237060547,27.8700008392334,27.90999984741211,108100,0.0,0.0,0.0
2023-10-02 00:00:00-04:00,27.809999465942383,27.809999465942383,27.469999313354492,27.510000228881836,56500,0.0,0.0,0.0
2023-10-03 00:00:00-04:00,27.329999923706055,27.350000381469727,27.10099983215332,27.170000076293945,97000,0.0,0.0,0.0
2023-10-04 00:00:00-04:00,27.219999313354492,27.280000686645508,26.989999771118164,27.190000534057617,184500,0.0,0.0,0.0
2023-10-05 00:00:00-04:00,27.34000015258789,27.520000457763672,27.25,27.389999389648438,100300,0.0,0.0,0.0
2023-10-06 00:00:00-04:00,27.459999084472656,27.84000015258789,27.260000228881836,27.729999542236328,65700,0.0,0.0,0.0
2023-10-09 00:00:00-04:00,27.549999237060547,27.770000457763672,27.469999313354492,27.760000228881836,91900,0.0,0.0,0.0
2023-10-10 00:00:00-04:00,28.049999237060547,28.235000610351562,27.979999542236328,28.06999969482422,46000,0.0,0.0,0.0
2023-10-11 00:00:00-04:00,28.309999465942383,28.339000701904297,28.075000762939453,28.219999313354492,88300,0.0,0.0,0.0
2023-10-12 00:00:00-04:00,28.280000686645508,28.280000686645508,27.889999389648438,28.0,73300,0.0,0.0,0.0
2023-10-13 00:00:00-04:00,27.950000762939453,28.010000228881836,27.670000076293945,27.799999237060547,63800,0.0,0.0,0.0
2023-10-16 00:00:00-04:00,27.8799991607666,28.011999130249023,27.783000946044922,28.010000228881836,57200,0.0,0.0,0.0
2023-10-17 00:00:00-04:00,27.760000228881836,28.132999420166016,27.719999313354492,27.950000762939453,98500,0.0,0.0,0.0
2023-10-18 00:00:00-04:00,27.84000015258789,27.84000015258789,27.5,27.540000915527344,83200,0.0,0.0,0.0
2023-10-19 00:00:00-04:00,27.5,27.540000915527344,27.18000030517578,27.290000915527344,109900,0.0,0.0,0.0
2023-10-20 00:00:00-04:00,27.18000030517578,27.201000213623047,27.010000228881836,27.049999237060547,460800,0.0,0.0,0.0
2023-10-23 00:00:00-04:00,26.950000762939453,27.184999465942383,26.68000030517578,27.020000457763672,68800,0.0,0.0,0.0
2023-10-24 00:00:00-04:00,27.040000915527344,27.219999313354492,27.01300048828125,27.219999313354492,121700,0.0,0.0,0.0
2023-10-25 00:00:00-04:00,27.100000381469727,27.200000762939453,26.899999618530273,27.020000457763672,92500,0.0,0.0,0.0
2023-10-26 00:00:00-04:00,26.959999084472656,26.959999084472656,26.709999084472656,26.860000610351562,124700,0.0,0.0,0.0
2023-10-27 00:00:00-04:00,27.020000457763672,27.020000457763672,26.600000381469727,26.670000076293945,146200,0.0,0.0,0.0
2023-10-30 00:00:00-04:00,27.09000015258789,27.09000015258789,26.861000061035156,27.049999237060547,201000,0.0,0.0,0.0
2023-10-31 00:00:00-04:00,27.09000015258789,27.1299991607666,26.93000030517578,27.1299991607666,124600,0.0,0.0,0.0
2023-11-01 00:00:00-04:00,27.229999542236328,27.368999481201172,27.10099983215332,27.34000015258789,252500,0.0,0.0,0.0
2023-11-02 00:00:00-04:00,27.889999389648438,27.950000762939453,27.719999313354492,27.950000762939453,169800,0.0,0.0,0.0
2023-11-03 00:00:00-04:00,28.170000076293945,28.290000915527344,28.100000381469727,28.18000030517578,116800,0.0,0.0,0.0
2023-11-06 00:00:00-05:00,28.190000534057617,28.190000534057617,27.959999084472656,28.06999969482422,148900,0.0,0.0,0.0
2023-11-07 00:00:00-05:00,27.93000030517578,27.93000030517578,27.770000457763672,27.899999618530273,155200,0.0,0.0,0.0
2023-11-08 00:00:00-05:00,27.889999389648438,27.94099998474121,27.733999252319336,27.850000381469727,124400,0.0,0.0,0.0
2023-11-09 00:00:00-05:00,28.110000610351562,28.1299991607666,27.77899932861328,27.809999465942383,185600,0.0,0.0,0.0
2023-11-10 00:00:00-05:00,27.90999984741211,27.979999542236328,27.6299991607666,27.969999313354492,60800,0.0,0.0,0.0
2023-11-13 00:00:00-05:00,27.969999313354492,28.086000442504883,27.820999145507812,28.06999969482422,81400,0.0,0.0,0.0
2023-11-14 00:00:00-05:00,28.489999771118164,28.799999237060547,28.489999771118164,28.739999771118164,340900,0.0,0.0,0.0
2023-11-15 00:00:00-05:00,28.829999923706055,28.860000610351562,28.708999633789062,28.729999542236328,69800,0.0,0.0,0.0
2023-11-16 00:00:00-05:00,28.649999618530273,28.809999465942383,28.6200008392334,28.709999084472656,104100,0.0,0.0,0.0
2023-11-17 00:00:00-05:00,28.979999542236328,29.083999633789062,28.923999786376953,29.06999969482422,123600,0.0,0.0,0.0
2023-11-20 00:00:00-05:00,29.06999969482422,29.219999313354492,29.010000228881836,29.200000762939453,121500,0.0,0.0,0.0
2023-11-21 00:00:00-05:00,29.260000228881836,29.260000228881836,29.0,29.06999969482422,81000,0.0,0.0,0.0
2023-11-22 00:00:00-05:00,28.8700008392334,29.135000228881836,28.8700008392334,29.100000381469727,82400,0.0,0.0,0.0
2023-11-24 00:00:00-05:00,29.200000762939453,29.3799991607666,29.200000762939453,29.3799991607666,85300,0.0,0.0,0.0
2023-11-27 00:00:00-05:00,29.31999969482422,29.31999969482422,29.190000534057617,29.270000457763672,84700,0.0,0.0,0.0
2023-11-28 00:00:00-05:00,29.239999771118164,29.3700008392334,29.15999984741211,29.290000915527344,70700,0.0,0.0,0.0
2023-11-29 00:00:00-05:00,29.420000076293945,29.440000534057617,29.283000946044922,29.34000015258789,61400,0.0,0.0,0.0
2023-11-30 00:00:00-05:00,29.3700008392334,29.40999984741211,29.231000900268555,29.34000015258789,110900,0.0,0.0,0.0
2023-12-01 00:00:00-05:00,29.350000381469727,29.679000854492188,29.309999465942383,29.670000076293945,107400,0.0,0.0,0.0
2023-12-04 00:00:00-05:00,29.389999389648438,29.452999114990234,29.329999923706055,29.40999984741211,131900,0.0,0.0,0.0
2023-12-05 00:00:00-05:00,29.3700008392334,29.420000076293945,29.280000686645508,29.31999969482422,80600,0.0,0.0,0.0
2023-12-06 00:00:00-05:00,29.610000610351562,29.649999618530273,29.381000518798828,29.440000534057617,102100,0.0,0.0,0.0
2023-12-07 00:00:00-05:00,29.579999923706055,29.65999984741211,29.3700008392334,29.610000610351562,51500,0.0,0.0,0.0
2023-12-08 00:00:00-05:00,29.510000228881836,29.670000076293945,29.469999313354492,29.670000076293945,89600,0.0,0.0,0.0
2023-12-11 00:00:00-05:00,29.540000915527344,29.70400047302246,29.540000915527344,29.65999984741211,70100,0.0,0.0,0.0
2023-12-12 00:00:00-05:00,29.610000610351562,29.760000228881836,29.530000686645508,29.760000228881836,313600,0.0,0.0,0.0
2023-12-13 00:00:00-05:00,29.81999969482422,30.260000228881836,29.639999389648438,30.260000228881836,317200,0.0,0.0,0.0
2023-12-14 00:00:00-05:00,30.350000381469727,30.604999542236328,30.270000457763672,30.440000534057617,137500,0.0,0.0,0.0
2023-12-15 00:00:00-05:00,30.260000228881836,30.260000228881836,29.860000610351562,29.920000076293945,149100,0.0,0.0,0.0
2023-12-18 00:00:00-05:00,30.079999923706055,30.079999923706055,29.899999618530273,29.969999313354492,81400,0.0,0.0,0.0
2023-12-19 00:00:00-05:00,30.260000228881836,30.260000228881836,30.1299991607666,30.190000534057617,111800,0.0,0.0,0.0
2023-12-20 00:00:00-05:00,30.239999771118164,30.260000228881836,29.8799991607666,29.899999618530273,194800,0.0,0.0,0.0
2023-12-21 00:00:00-05:00,30.479999542236328,30.479999542236328,30.184999465942383,30.378999710083008,487300,0.0,0.0,0.0
2023-12-22 00:00:00-05:00,30.600000381469727,30.600000381469727,30.360000610351562,30.489999771118164,78900,0.0,0.0,0.0
2023-12-26 00:00:00-05:00,30.540000915527344,30.655000686645508,30.479999542236328,30.6299991607666,78500,0.0,0.0,0.0
2023-12-27 00:00:00-05:00,30.700000762939453,30.773000717163086,30.600000381469727,30.75,80900,0.0,0.0,0.0
2023-12-28 00:00:00-05:00,30.809999465942383,30.850000381469727,30.639999389648438,30.709999084472656,81000,0.0,0.0,0.0
2023-12-29 00:00:00-05:00,30.700000762939453,30.829999923706055,30.6299991607666,30.739999771118164,430800,0.0,0.0,0.0
2024-01-02 00:00:00-05:00,30.56999969482422,30.56999969482422,30.37700080871582,30.420000076293945,98300,0.0,0.0,0.0
2024-01-03 00:00:00-05:00,30.25,30.31100082397461,30.049999237060547,30.270000457763672,105400,0.0,0.0,0.0
2024-01-04 00:00:00-05:00,30.31999969482422,30.489999771118164,30.295000076293945,30.389999389648438,92400,0.0,0.0,0.0
2024-01-05 00:00:00-05:00,30.420000076293945,30.6299991607666,30.326000213623047,30.440000534057617,162000,0.0,0.0,0.0
2024-01-08 00:00:00-05:00,30.5,30.690000534057617,30.405000686645508,30.690000534057617,144300,0.0,0.0,0.0
2024-01-09 00:00:00-05:00,30.440000534057617,30.440000534057617,30.299999237060547,30.40999984741211,263600,0.0,0.0,0.0
2024-01-10 00:00:00-05:00,30.510000228881836,30.56599998474121,30.40999984741211,30.559999465942383,65300,0.0,0.0,0.0
2024-01-11 00:00:00-05:00,30.65999984741211,30.65999984741211,30.209999084472656,30.510000228881836,119300,0.0,0.0,0.0
2024-01-12 00:00:00-05:00,30.610000610351562,30.719999313354492,30.510000228881836,30.59000015258789,107900,0.0,0.0,0.0
2024-01-16 00:00:00-05:00,30.260000228881836,30.26799964904785,30.020000457763672,30.100000381469727,138200,0.0,0.0,0.0
2024-01-17 00:00:00-05:00,29.760000228881836,29.809999465942383,29.59000015258789,29.809999465942383,104800,0.0,0.0,0.0
2024-01-18 00:00:00-05:00,29.940000534057617,30.040000915527344,29.82200050354004,30.040000915527344,100500,0.0,0.0,0.0
2024-01-19 00:00:00-05:00,30.030000686645508,30.149999618530273,29.844999313354492,30.149999618530273,260600,0.0,0.0,0.0
2024-01-22 00:00:00-05:00,30.190000534057617,30.270000457763672,30.12700080871582,30.209999084472656,626300,0.0,0.0,0.0
2024-01-23 00:00:00-05:00,30.15999984741211,30.163999557495117,30.0,30.15999984741211,140000,0.0,0.0,0.0
2024-01-24 00:00:00-05:00,30.559999465942383,30.589000701904297,30.360000610351562,30.450000762939453,116700,0.0,0.0,0.0
2024-01-25 00:00:00-05:00,30.510000228881836,30.510000228881836,30.329999923706055,30.489999771118164,184500,0.0,0.0,0.0
2024-01-26 00:00:00-05:00,30.639999389648438,30.670000076293945,30.56100082397461,30.6200008392334,120800,0.0,0.0,0.0
2024-01-29 00:00:00-05:00,30.559999465942383,30.768999099731445,30.5,30.75,108900,0.0,0.0,0.0
2024-01-30 00:00:00-05:00,30.75,30.75,30.559999465942383,30.739999771118164,133900,0.0,0.0,0.0
2024-01-31 00:00:00-05:00,30.899999618530273,30.947999954223633,30.51300048828125,30.579999923706055,125600,0.0,0.0,0.0
2024-02-01 00:00:00-05:00,30.610000610351562,30.84000015258789,30.5,30.84000015258789,285500,0.0,0.0,0.0
2024-02-02 00:00:00-05:00,30.75,30.75,30.40999984741211,30.59000015258789,142800,0.0,0.0,0.0
2024-02-05 00:00:00-05:00,30.360000610351562,30.410999298095703,30.170000076293945,30.360000610351562,192700,0.0,0.0,0.0
2024-02-06 00:00:00-05:00,30.389999389648438,30.559999465942383,30.350000381469727,30.559999465942383,276300,0.0,0.0,0.0
2024-02-07 00:00:00-05:00,30.579999923706055,30.579999923706055,30.434999465942383,30.520000457763672,190400,0.0,0.0,0.0
2024-02-08 00:00:00-05:00,30.6200008392334,30.6200008392334,30.350000381469727,30.450000762939453,189600,0.0,0.0,0.0
2024-02-09 00:00:00-05:00,30.459999084472656,30.530000686645508,30.329999923706055,30.520000457763672,324800,0.0,0.0,0.0
2024-02-12 00:00:00-05:00,30.56999969482422,30.649999618530273,30.280000686645508,30.610000610351562,142400,0.0,0.0,0.0
2024-02-13 00:00:00-05:00,30.389999389648438,30.389999389648438,30.017000198364258,30.190000534057617,134000,0.0,0.0,0.0
2024-02-14 00:00:00-05:00,30.3799991607666,30.5,30.312000274658203,30.479999542236328,175400,0.0,0.0,0.0
2024-02-15 00:00:00-05:00,30.649999618530273,30.8700008392334,30.649999618530273,30.8700008392334,112900,0.0,0.0,0.0
2024-02-16 00:00:00-05:00,30.8700008392334,31.030000686645508,30.75,30.90999984741211,201600,0.0,0.0,0.0
2024-02-20 00:00:00-05:00,31.100000381469727,31.100000381469727,30.863000869750977,31.0,108100,0.0,0.0,0.0
2024-02-21 00:00:00-05:00,30.940000534057617,31.030000686645508,30.868999481201172,31.030000686645508,128900,0.0,0.0,0.0
2024-02-22 00:00:00-05:00,31.290000915527344,31.350000381469727,31.190000534057617,31.329999923706055,257700,0.0,0.0,0.0
2024-02-23 00:00:00-05:00,31.40999984741211,31.479999542236328,31.31999969482422,31.3700008392334,120900,0.0,0.0,0.0
2024-02-26 00:00:00-05:00,31.3799991607666,31.3799991607666,31.209999084472656,31.290000915527344,187600,0.0,0.0,0.0
2024-02-27 00:00:00-05:00,31.360000610351562,31.389999389648438,31.295000076293945,31.3700008392334,166400,0.0,0.0,0.0
2024-02-28 00:00:00-05:00,31.170000076293945,31.209999084472656,31.110000610351562,31.15999984741211,105100,0.0,0.0,0.0
2024-02-29 00:00:00-05:00,31.389999389648438,31.43000030517578,31.115999221801758,31.270000457763672,150100,0.0,0.0,0.0
2024-03-01 00:00:00-05:00,31.440000534057617,31.56999969482422,31.2450008392334,31.549999237060547,223500,0.0,0.0,0.0
2024-03-04 00:00:00-05:00,31.6200008392334,31.6200008392334,31.391000747680664,31.450000762939453,127600,0.0,0.0,0.0
2024-03-05 00:00:00-05:00,31.510000228881836,31.610000610351562,31.323999404907227,31.520000457763672,123900,0.0,0.0,0.0
2024-03-06 00:00:00-05:00,31.780000686645508,31.8799991607666,31.691999435424805,31.850000381469727,142800,0.0,0.0,0.0
2024-03-07 00:00:00-05:00,32.02000045776367,32.20000076293945,31.989999771118164,32.20000076293945,177300,0.0,0.0,0.0
2024-03-08 00:00:00-05:00,32.33000183105469,32.33000183105469,31.969999313354492,32.060001373291016,241500,0.0,0.0,0.0
2024-03-11 00:00:00-04:00,31.799999237060547,31.8799991607666,31.704999923706055,31.850000381469727,284400,0.0,0.0,0.0
2024-03-12 00:00:00-04:00,31.920000076293945,32.11000061035156,31.753999710083008,32.11000061035156,137300,0.0,0.0,0.0
2024-03-13 00:00:00-04:00,32.08000183105469,32.14899826049805,32.0,32.11000061035156,127700,0.0,0.0,0.0
2024-03-14 00:00:00-04:00,32.0099983215332,32.130001068115234,31.649999618530273,31.770000457763672,176400,0.0,0.0,0.0
2024-03-15 00:00:00-04:00,31.860000610351562,31.8799991607666,31.68000030517578,31.790000915527344,61900,0.0,0.0,0.0
2024-03-18 00:00:00-04:00,31.799999237060547,31.8799991607666,31.719999313354492,31.760000228881836,177600,0.0,0.0,0.0
2024-03-19 00:00:00-04:00,31.760000228881836,31.860000610351562,31.648000717163086,31.829999923706055,135400,0.0,0.0,0.0
2024-03-20 00:00:00-04:00,31.829999923706055,32.189998626708984,31.764999389648438,32.189998626708984,198900,0.0,0.0,0.0
2024-03-21 00:00:00-04:00,32.16999816894531,32.220001220703125,32.08000183105469,32.13999938964844,66200,0.0,0.0,0.0
2024-03-22 00:00:00-04:00,32.11000061035156,32.11000061035156,31.968000411987305,32.02000045776367,109400,0.0,0.0,0.0
2024-03-25 00:00:00-04:00,31.950000762939453,32.06999969482422,31.93000030517578,31.959999084472656,111700,0.0,0.0,0.0
2024-03-26 00:00:00-04:00,32.13999938964844,32.13999938964844,31.989999771118164,31.989999771118164,140300,0.0,0.0,0.0
2024-03-27 00:00:00-04:00,32.11000061035156,32.22999954223633,32.02000045776367,32.22999954223633,127300,0.0,0.0,0.0
2024-03-28 00:00:00-04:00,32.22999954223633,32.22999954223633,32.099998474121094,32.189998626708984,322200,0.0,0.0,0.0
2024-04-01 00:00:00-04:00,32.119998931884766,32.16400146484375,31.899999618530273,32.040000915527344,119700,0.0,0.0,0.0
2024-04-02 00:00:00-04:00,31.829999923706055,31.889999389648438,31.716999053955078,31.81999969482422,98800,0.0,0.0,0.0
2024-04-03 00:00:00-04:00,31.780000686645508,32.099998474121094,31.777999877929688,31.969999313354492,171600,0.0,0.0,0.0
2024-04-04 00:00:00-04:00,32.290000915527344,32.290000915527344,31.709999084472656,31.770000457763672,98800,0.0,0.0,0.0
2024-04-05 00:00:00-04:00,31.739999771118164,31.878999710083008,31.610000610351562,31.799999237060547,137700,0.0,0.0,0.0
2024-04-08 00:00:00-04:00,32.02000045776367,32.071998596191406,31.940000534057617,32.04999923706055,104800,0.0,0.0,0.0
2024-04-09 00:00:00-04:00,32.31999969482422,32.31999969482422,31.850000381469727,32.040000915527344,138600,0.0,0.0,0.0
2024-04-10 00:00:00-04:00,31.649999618530273,31.68899917602539,31.440000534057617,31.610000610351562,114700,0.0,0.0,0.0
2024-04-11 00:00:00-04:00,31.729999542236328,31.790000915527344,31.299999237060547,31.690000534057617,117800,0.0,0.0,0.0
2024-04-12 00:00:00-04:00,31.399999618530273,31.44499969482422,31.110000610351562,31.190000534057617,79000,0.0,0.0,0.0
2024-04-15 00:00:00-04:00,31.510000228881836,31.510000228881836,31.01799964904785,31.06999969482422,112900,0.0,0.0,0.0
2024-04-16 00:00:00-04:00,30.809999465942383,30.829999923706055,30.6299991607666,30.739999771118164,159400,0.0,0.0,0.0
2024-04-17 00:00:00-04:00,30.920000076293945,30.989999771118164,30.625,30.790000915527344,105100,0.0,0.0,0.0
2024-04-18 00:00:00-04:00,30.809999465942383,30.889999389648438,30.6200008392334,30.68000030517578,217700,0.0,0.0,0.0
2024-04-19 00:00:00-04:00,30.729999542236328,30.802000045776367,30.618000030517578,30.709999084472656,85500,0.0,0.0,0.0
2024-04-22 00:00:00-04:00,30.8799991607666,31.170000076293945,30.829999923706055,31.1200008392334,190800,0.0,0.0,0.0
2024-04-23 00:00:00-04:00,31.149999618530273,31.44499969482422,31.110000610351562,31.440000534057617,147400,0.0,0.0,0.0
2024-04-24 00:00:00-04:00,31.399999618530273,31.399999618530273,31.15999984741211,31.280000686645508,106800,0.0,0.0,0.0
2024-04-25 00:00:00-04:00,31.079999923706055,31.229999542236328,30.84000015258789,31.229999542236328,189500,0.0,0.0,0.0
2024-04-26 00:00:00-04:00,31.31999969482422,31.440000534057617,31.238000869750977,31.420000076293945,115300,0.0,0.0,0.0
2024-04-29 00:00:00-04:00,31.540000915527344,31.610000610351562,31.459999084472656,31.610000610351562,90600,0.0,0.0,0.0
2024-04-30 00:00:00-04:00,31.489999771118164,31.540000915527344,31.139999389648438,31.170000076293945,160100,0.0,0.0,0.0
2024-05-01 00:00:00-04:00,31.270000457763672,31.5,31.024999618530273,31.15999984741211,103100,0.0,0.0,0.0
2024-05-02 00:00:00-04:00,31.450000762939453,31.56999969482422,31.260000228881836,31.559999465942383,228500,0.0,0.0,0.0
2024-05-03 00:00:00-04:00,31.8700008392334,31.959999084472656,31.655000686645508,31.84000015258789,76000,0.0,0.0,0.0
2024-05-06 00:00:00-04:00,32.0099983215332,32.08000183105469,31.91900062561035,32.029998779296875,75900,0.0,0.0,0.0
2024-05-07 00:00:00-04:00,32.20000076293945,32.22999954223633,32.08000183105469,32.16999816894531,63800,0.0,0.0,0.0
2024-05-08 00:00:00-04:00,31.989999771118164,32.119998931884766,31.95199966430664,32.119998931884766,125700,0.0,0.0,0.0
2024-05-09 00:00:00-04:00,32.119998931884766,32.34000015258789,32.119998931884766,32.34000015258789,147800,0.0,0.0,0.0
2024-05-10 00:00:00-04:00,32.5,32.5,32.34000015258789,32.439998626708984,131900,0.0,0.0,0.0
2024-05-13 00:00:00-04:00,32.529998779296875,32.54999923706055,32.38999938964844,32.47999954223633,73900,0.0,0.0,0.0
2024-05-14 00:00:00-04:00,32.619998931884766,32.720001220703125,32.56999969482422,32.689998626708984,124400,0.0,0.0,0.0
2024-05-15 00:00:00-04:00,32.90999984741211,33.040000915527344,32.77000045776367,33.040000915527344,132400,0.0,0.0,0.0
2024-05-16 00:00:00-04:00,32.9900016784668,33.01900100708008,32.880001068115234,32.900001525878906,105600,0.0,0.0,0.0
2024-05-17 00:00:00-04:00,32.959999084472656,33.060001373291016,32.875,33.029998779296875,88900,0.0,0.0,0.0
2024-05-20 00:00:00-04:00,32.970001220703125,33.09000015258789,32.970001220703125,32.9900016784668,114200,0.0,0.0,0.0
2024-05-21 00:00:00-04:00,32.91999816894531,32.97999954223633,32.79999923706055,32.9379997253418,73900,0.0,0.0,0.0
2024-05-22 00:00:00-04:00,32.7400016784668,32.75899887084961,32.512001037597656,32.58000183105469,96400,0.0,0.0,0.0
2024-05-23 00:00:00-04:00,32.88999938964844,32.88999938964844,32.310001373291016,32.400001525878906,93700,0.0,0.0,0.0
2024-05-24 00:00:00-04:00,32.65999984741211,32.71200180053711,32.525001525878906,32.689998626708984,79600,0.0,0.0,0.0
2024-05-28 00:00:00-04:00,32.810001373291016,32.810001373291016,32.534000396728516,32.65999984741211,70900,0.0,0.0,0.0
2024-05-29 00:00:00-04:00,32.27000045776367,32.290000915527344,32.132999420166016,32.18000030517578,91400,0.0,0.0,0.0
2024-05-30 00:00:00-04:00,32.380001068115234,32.4900016784668,32.31999969482422,32.439998626708984,131800,0.0,0.0,0.0
2024-05-31 00:00:00-04:00,32.650001525878906,32.72999954223633,32.4640007019043,32.709999084472656,90100,0.0,0.0,0.0
2024-06-03 00:00:00-04:00,32.939998626708984,32.939998626708984,32.72800064086914,32.84000015258789,248800,0.0,0.0,0.0
2024-06-04 00:00:00-04:00,32.79999923706055,32.900001525878906,32.66999816894531,32.779998779296875,154100,0.0,0.0,0.0
2024-06-05 00:00:00-04:00,32.97999954223633,33.040000915527344,32.77000045776367,32.97999954223633,243000,0.0,0.0,0.0
2024-06-06 00:00:00-04:00,33.08000183105469,33.150001525878906,32.91999816894531,33.099998474121094,459900,0.0,0.0,0.0
2024-06-07 00:00:00-04:00,32.9900016784668,32.9900016784668,32.66999816894531,32.66999816894531,160300,0.0,0.0,0.0
2024-06-10 00:00:00-04:00,32.52000045776367,32.790000915527344,32.459999084472656,32.790000915527344,144600,0.0,0.0,0.0
2024-06-11 00:00:00-04:00,32.400001525878906,32.400001525878906,32.099998474121094,32.2599983215332,137800,0.0,0.0,0.0
2024-06-12 00:00:00-04:00,32.849998474121094,32.970001220703125,32.61000061035156,32.630001068115234,113800,0.0,0.0,0.0
2024-06-13 00:00:00-04:00,32.45000076293945,32.45000076293945,32.099998474121094,32.22999954223633,69300,0.0,0.0,0.0
2024-06-14 00:00:00-04:00,31.850000381469727,31.90999984741211,31.718000411987305,31.85300064086914,83400,0.0,0.0,0.0
2024-06-17 00:00:00-04:00,31.850000381469727,32.06999969482422,31.709999084472656,32.06999969482422,112200,0.0,0.0,0.0
2024-06-18 00:00:00-04:00,32.04999923706055,32.16999816894531,32.03499984741211,32.13999938964844,108500,0.0,0.0,0.0
2024-06-20 00:00:00-04:00,32.20000076293945,32.28900146484375,32.09000015258789,32.2400016784668,168000,0.0,0.0,0.0
2024-06-21 00:00:00-04:00,31.1299991607666,31.200000762939453,31.040000915527344,31.149999618530273,108100,0.0,0.0,0.0
2024-06-24 00:00:00-04:00,31.40999984741211,31.5,31.360000610351562,31.440000534057617,137600,0.0,0.0,0.0
2024-06-25 00:00:00-04:00,31.40999984741211,31.540000915527344,31.34000015258789,31.5,175000,0.0,0.0,0.0
2024-06-26 00:00:00-04:00,31.219999313354492,31.273000717163086,31.1200008392334,31.219999313354492,114700,0.0,0.0,0.0
2024-06-27 00:00:00-04:00,31.299999237060547,31.375,31.149999618530273,31.25,249300,0.0,0.0,0.0
2024-06-28 00:00:00-04:00,31.280000686645508,31.360000610351562,31.139999389648438,31.260000228881836,223100,0.0,0.0,0.0
2024-07-01 00:00:00-04:00,31.510000228881836,31.584999084472656,31.25,31.329999923706055,170300,0.0,0.0,0.0
2024-07-02 00:00:00-04:00,31.260000228881836,31.4689998626709,31.170000076293945,31.40999984741211,137700,0.0,0.0,0.0
2024-07-03 00:00:00-04:00,31.690000534057617,31.84000015258789,31.6200008392334,31.829999923706055,76600,0.0,0.0,0.0
2024-07-05 00:00:00-04:00,32.02000045776367,32.040000915527344,31.770000457763672,32.040000915527344,127800,0.0,0.0,0.0
2024-07-08 00:00:00-04:00,31.979999542236328,32.04999923706055,31.739999771118164,31.739999771118164,147700,0.0,0.0,0.0
2024-07-09 00:00:00-04:00,31.799999237060547,31.80900001525879,31.600000381469727,31.739999771118164,341400,0.0,0.0,0.0
2024-07-10 00:00:00-04:00,32.02000045776367,32.21900177001953,31.945999145507812,32.20000076293945,99600,0.0,0.0,0.0
2024-07-11 00:00:00-04:00,32.439998626708984,32.4900016784668,32.209999084472656,32.310001373291016,110700,0.0,0.0,0.0
2024-07-12 00:00:00-04:00,32.4900016784668,32.779998779296875,32.4900016784668,32.630001068115234,88500,0.0,0.0,0.0
2024-07-15 00:00:00-04:00,32.54999923706055,32.56999969482422,32.2599983215332,32.349998474121094,143300,0.0,0.0,0.0
2024-07-16 00:00:00-04:00,32.279998779296875,32.5,32.150001525878906,32.470001220703125,322200,0.0,0.0,0.0
2024-07-17 00:00:00-04:00,32.400001525878906,32.459999084472656,32.209999084472656,32.334999084472656,170800,0.0,0.0,0.0
2024-07-18 00:00:00-04:00,32.369998931884766,32.40999984741211,31.93000030517578,31.979999542236328,390200,0.0,0.0,0.0
2024-07-19 00:00:00-04:00,31.940000534057617,31.940000534057617,31.76099967956543,31.829999923706055,250600,0.0,0.0,0.0
2024-07-22 00:00:00-04:00,32.189998626708984,32.19900131225586,31.969999313354492,32.130001068115234,123900,0.0,0.0,0.0
2024-07-23 00:00:00-04:00,32.02000045776367,32.040000915527344,31.892000198364258,31.979999542236328,349800,0.0,0.0,0.0
2024-07-24 00:00:00-04:00,31.950000762939453,31.950000762939453,31.520000457763672,31.6200008392334,96800,0.0,0.0,0.0
2024-07-25 00:00:00-04:00,31.459999084472656,31.709999084472656,31.299999237060547,31.43000030517578,127300,0.0,0.0,0.0
2024-07-26 00:00:00-04:00,31.639999389648438,31.829999923706055,31.600000381469727,31.799999237060547,118300,0.0,0.0,0.0
2024-07-29 00:00:00-04:00,31.68000030517578,31.719999313354492,31.507999420166016,31.6200008392334,113800,0.0,0.0,0.0
2024-07-30 00:00:00-04:00,31.719999313354492,31.798999786376953,31.559999465942383,31.760000228881836,95000,0.0,0.0,0.0
2024-07-31 00:00:00-04:00,32.130001068115234,32.28900146484375,32.0099983215332,32.18000030517578,124200,0.0,0.0,0.0
2024-08-01 00:00:00-04:00,31.729999542236328,31.780000686645508,31.09000015258789,31.290000915527344,410700,0.0,0.0,0.0
2024-08-02 00:00:00-04:00,30.950000762939453,30.950000762939453,30.579999923706055,30.829999923706055,159500,0.0,0.0,0.0
2024-08-05 00:00:00-04:00,29.790000915527344,30.635000228881836,29.530000686645508,30.110000610351562,182600,0.0,0.0,0.0
2024-08-06 00:00:00-04:00,29.90999984741211,30.309999465942383,29.770000457763672,30.18000030517578,192400,0.0,0.0,0.0
2024-08-07 00:00:00-04:00,30.780000686645508,30.84000015258789,30.280000686645508,30.360000610351562,168700,0.0,0.0,0.0
2024-08-08 00:00:00-04:00,30.670000076293945,31.040000915527344,30.513999938964844,30.8799991607666,106300,0.0,0.0,0.0
2024-08-09 00:00:00-04:00,30.780000686645508,30.959999084472656,30.71299934387207,30.959999084472656,101800,0.0,0.0,0.0
2024-08-12 00:00:00-04:00,31.0,31.010000228881836,30.860000610351562,30.920000076293945,108100,0.0,0.0,0.0
2024-08-13 00:00:00-04:00,31.139999389648438,31.5,31.110000610351562,31.5,144300,0.0,0.0,0.0
2024-08-14 00:00:00-04:00,31.510000228881836,31.600000381469727,31.45800018310547,31.56999969482422,105800,0.0,0.0,0.0
2024-08-15 00:00:00-04:00,32.0,32.0,31.81999969482422,31.979999542236328,89300,0.0,0.0,0.0
2024-08-16 00:00:00-04:00,31.989999771118164,32.16999816894531,31.959999084472656,32.13999938964844,114200,0.0,0.0,0.0
2024-08-19 00:00:00-04:00,32.400001525878906,32.619998931884766,32.3650016784668,32.619998931884766,135600,0.0,0.0,0.0
2024-08-20 00:00:00-04:00,32.630001068115234,32.630001068115234,32.400001525878906,32.5099983215332,210600,0.0,0.0,0.0
2024-08-21 00:00:00-04:00,32.83000183105469,32.83000183105469,32.571998596191406,32.83000183105469,331300,0.0,0.0,0.0
2024-08-22 00:00:00-04:00,32.95000076293945,32.95000076293945,32.5,32.529998779296875,109300,0.0,0.0,0.0
2024-08-23 00:00:00-04:00,32.77000045776367,33.15999984741211,32.76499938964844,33.13999938964844,96000,0.0,0.0,0.0
2024-08-26 00:00:00-04:00,33.11000061035156,33.11000061035156,32.94599914550781,33.02000045776367,80100,0.0,0.0,0.0
2024-08-27 00:00:00-04:00,33.060001373291016,33.209999084472656,33.03799819946289,33.18000030517578,104200,0.0,0.0,0.0
2024-08-28 00:00:00-04:00,33.08000183105469,33.16899871826172,32.880001068115234,32.9900016784668,250400,0.0,0.0,0.0
2024-08-29 00:00:00-04:00,33.150001525878906,33.26900100708008,33.04999923706055,33.15999984741211,111900,0.0,0.0,0.0
2024-08-30 00:00:00-04:00,33.209999084472656,33.26900100708008,33.0,33.17499923706055,90100,0.0,0.0,0.0
2024-09-03 00:00:00-04:00,33.099998474121094,33.099998474121094,32.54999923706055,32.650001525878906,108200,0.0,0.0,0.0
2024-09-04 00:00:00-04:00,32.65999984741211,32.65999984741211,32.380001068115234,32.58000183105469,149300,0.0,0.0,0.0
2024-09-05 00:00:00-04:00,32.58000183105469,32.81999969482422,32.45800018310547,32.61000061035156,108000,0.0,0.0,0.0
2024-09-06 00:00:00-04:00,32.4900016784668,32.4900016784668,31.8700008392334,31.979999542236328,493000,0.0,0.0,0.0
2024-09-09 00:00:00-04:00,32.22999954223633,32.400001525878906,32.183998107910156,32.29999923706055,96800,0.0,0.0,0.0
2024-09-10 00:00:00-04:00,32.189998626708984,32.189998626708984,31.854999542236328,32.150001525878906,74400,0.0,0.0,0.0
2024-09-11 00:00:00-04:00,32.150001525878906,32.31999969482422,31.780000686645508,32.27000045776367,114800,0.0,0.0,0.0
2024-09-12 00:00:00-04:00,32.279998779296875,32.560001373291016,32.189998626708984,32.540000915527344,70200,0.0,0.0,0.0
2024-09-13 00:00:00-04:00,32.59000015258789,32.72999954223633,32.52000045776367,32.619998931884766,130000,0.0,0.0,0.0
2024-09-16 00:00:00-04:00,32.75,32.948001861572266,32.66999816894531,32.849998474121094,98500,0.0,0.0,0.0
2024-09-17 00:00:00-04:00,32.849998474121094,32.902000427246094,32.599998474121094,32.7400016784668,147700,0.0,0.0,0.0
2024-09-18 00:00:00-04:00,32.7599983215332,33.10900115966797,32.540000915527344,32.630001068115234,208600,0.0,0.0,0.0
2024-09-19 00:00:00-04:00,33.119998931884766,33.27000045776367,32.959999084472656,33.189998626708984,145900,0.0,0.0,0.0
2024-09-20 00:00:00-04:00,32.79999923706055,32.80500030517578,32.560001373291016,32.65999984741211,165900,0.0,0.0,0.0
2024-09-23 00:00:00-04:00,32.7400016784668,32.86899948120117,32.689998626708984,32.834999084472656,175400,0.0,0.0,0.0
2024-09-24 00:00:00-04:00,32.88999938964844,33.060001373291016,32.810001373291016,33.060001373291016,104900,0.0,0.0,0.0
2024-09-25 00:00:00-04:00,33.04999923706055,33.099998474121094,32.790000915527344,32.83000183105469,108400,0.0,0.0,0.0
2024-09-26 00:00:00-04:00,33.41999816894531,33.59000015258789,33.31999969482422,33.540000915527344,124400,0.0,0.0,0.0
2024-09-27 00:00:00-04:00,33.7400016784668,33.7400016784668,33.27000045776367,33.38999938964844,224400,0.0,0.0,0.0
2024-09-30 00:00:00-04:00,33.34000015258789,33.38999938964844,33.00199890136719,33.15999984741211,422200,0.0,0.0,0.0
2024-10-01 00:00:00-04:00,33.18000030517578,33.189998626708984,32.75,32.939998626708984,110500,0.0,0.0,0.0
2024-10-02 00:00:00-04:00,32.849998474121094,32.970001220703125,32.68000030517578,32.88999938964844,83400,0.0,0.0,0.0
2024-10-03 00:00:00-04:00,32.599998474121094,32.974998474121094,32.43000030517578,32.63999938964844,132100,0.0,0.0,0.0
2024-10-04 00:00:00-04:00,32.720001220703125,32.75,32.52000045776367,32.75,127700,0.0,0.0,0.0
2024-10-07 00:00:00-04:00,32.65999984741211,32.66999816894531,32.42499923706055,32.560001373291016,138300,0.0,0.0,0.0
2024-10-08 00:00:00-04:00,32.45000076293945,32.47999954223633,32.34000015258789,32.400001525878906,123100,0.0,0.0,0.0
2024-10-09 00:00:00-04:00,32.27000045776367,32.5,32.2599983215332,32.459999084472656,157100,0.0,0.0,0.0
2024-10-10 00:00:00-04:00,32.380001068115234,32.459999084472656,32.28499984741211,32.45000076293945,124200,0.0,0.0,0.0
2024-10-11 00:00:00-04:00,32.5,32.650001525878906,32.45399856567383,32.58000183105469,103400,0.0,0.0,0.0
2024-10-14 00:00:00-04:00,32.54999923706055,32.70000076293945,32.42100143432617,32.65999984741211,76000,0.0,0.0,0.0
2024-10-15 00:00:00-04:00,32.54999923706055,32.59000015258789,32.09000015258789,32.18000030517578,120400,0.0,0.0,0.0
2024-10-16 00:00:00-04:00,32.209999084472656,32.28900146484375,32.150001525878906,32.18000030517578,166200,0.0,0.0,0.0
2024-10-17 00:00:00-04:00,32.29999923706055,32.29999923706055,32.119998931884766,32.15999984741211,117500,0.0,0.0,0.0
2024-10-18 00:00:00-04:00,32.33000183105469,32.40999984741211,32.1879997253418,32.3849983215332,85100,0.0,0.0,0.0
2024-10-21 00:00:00-04:00,32.25,32.2599983215332,31.959999084472656,32.06999969482422,162300,0.0,0.0,0.0
2024-10-22 00:00:00-04:00,31.799999237060547,31.920000076293945,31.760000228881836,31.829999923706055,607400,0.0,0.0,0.0
2024-10-23 00:00:00-04:00,31.610000610351562,31.670000076293945,31.399999618530273,31.549999237060547,121500,0.0,0.0,0.0
2024-10-24 00:00:00-04:00,31.799999237060547,31.81999969482422,31.559999465942383,31.760000228881836,82800,0.0,0.0,0.0
2024-10-25 00:00:00-04:00,31.84000015258789,31.8700008392334,31.540000915527344,31.670000076293945,126400,0.0,0.0,0.0
2024-10-28 00:00:00-04:00,31.790000915527344,31.950000762939453,31.729999542236328,31.920000076293945,99600,0.0,0.0,0.0
2024-10-29 00:00:00-04:00,31.780000686645508,31.881000518798828,31.68000030517578,31.729999542236328,151000,0.0,0.0,0.0
2024-10-30 00:00:00-04:00,31.530000686645508,31.75,31.527000427246094,31.610000610351562,93300,0.0,0.0,0.0
2024-10-31 00:00:00-04:00,31.43000030517578,31.43899917602539,31.1200008392334,31.360000610351562,244400,0.0,0.0,0.0
2024-11-01 00:00:00-04:00,31.639999389648438,31.65999984741211,31.389999389648438,31.459999084472656,112800,0.0,0.0,0.0
2024-11-04 00:00:00-05:00,31.610000610351562,31.729999542236328,31.450000762939453,31.4950008392334,152900,0.0,0.0,0.0
2024-11-05 00:00:00-05:00,31.6200008392334,31.84000015258789,31.584999084472656,31.81999969482422,133600,0.0,0.0,0.0
2024-11-06 00:00:00-05:00,31.229999542236328,31.34000015258789,31.010000228881836,31.25,189900,0.0,0.0,0.0
2024-11-07 00:00:00-05:00,31.479999542236328,31.770000457763672,31.479999542236328,31.690000534057617,231500,0.0,0.0,0.0
2024-11-08 00:00:00-05:00,31.280000686645508,31.319000244140625,31.059999465942383,31.219999313354492,199700,0.0,0.0,0.0
2024-11-11 00:00:00-05:00,31.280000686645508,31.325000762939453,31.15999984741211,31.25,129000,0.0,0.0,0.0
2024-11-12 00:00:00-05:00,30.959999084472656,30.959999084472656,30.479999542236328,30.709999084472656,381400,0.0,0.0,0.0
2024-11-13 00:00:00-05:00,30.540000915527344,30.540000915527344,30.290000915527344,30.5,157500,0.0,0.0,0.0
2024-11-14 00:00:00-05:00,30.709999084472656,30.809999465942383,30.5049991607666,30.549999237060547,220800,0.0,0.0,0.0
2024-11-15 00:00:00-05:00,30.540000915527344,30.56999969482422,30.420000076293945,30.520000457763672,127700,0.0,0.0,0.0
2024-11-18 00:00:00-05:00,30.489999771118164,30.770000457763672,30.489999771118164,30.75,131000,0.0,0.0,0.0
2024-11-19 00:00:00-05:00,30.520000457763672,30.68000030517578,30.3700008392334,30.56999969482422,417200,0.0,0.0,0.0
2024-11-20 00:00:00-05:00,30.479999542236328,30.530000686645508,30.2810001373291,30.530000686645508,141800,0.0,0.0,0.0
2024-11-21 00:00:00-05:00,30.479999542236328,30.56999969482422,30.356000900268555,30.489999771118164,157600,0.0,0.0,0.0
2024-11-22 00:00:00-05:00,30.440000534057617,30.70800018310547,30.440000534057617,30.579999923706055,146700,0.0,0.0,0.0
2024-11-25 00:00:00-05:00,30.809999465942383,30.889999389648438,30.670000076293945,30.709999084472656,130200,0.0,0.0,0.0
2024-11-26 00:00:00-05:00,30.709999084472656,30.709999084472656,30.469999313354492,30.530000686645508,91700,0.0,0.0,0.0
2024-11-27 00:00:00-05:00,30.68000030517578,30.81999969482422,30.56999969482422,30.670000076293945,243600,0.0,0.0,0.0
2024-11-29 00:00:00-05:00,30.90999984741211,31.1200008392334,30.790000915527344,31.079999923706055,39800,0.0,0.0,0.0
2024-12-02 00:00:00-05:00,31.1200008392334,31.280000686645508,30.950000762939453,31.25,105500,0.0,0.0,0.0
2024-12-03 00:00:00-05:00,31.420000076293945,31.5,31.290000915527344,31.375,160400,0.0,0.0,0.0
2024-12-04 00:00:00-05:00,31.479999542236328,31.479999542236328,31.301000595092773,31.34000015258789,135500,0.0,0.0,0.0
2024-12-05 00:00:00-05:00,31.559999465942383,31.649999618530273,31.43000030517578,31.59000015258789,110500,0.0,0.0,0.0
2024-12-06 00:00:00-05:00,31.670000076293945,31.670000076293945,31.450000762939453,31.549999237060547,110500,0.0,0.0,0.0
2024-12-09 00:00:00-05:00,31.739999771118164,31.799999237060547,31.56999969482422,31.59000015258789,707400,0.0,0.0,0.0
2024-12-10 00:00:00-05:00,31.559999465942383,31.582000732421875,31.350000381469727,31.3799991607666,198100,0.0,0.0,0.0
2024-12-11 00:00:00-05:00,31.479999542236328,31.549999237060547,31.3799991607666,31.510000228881836,117100,0.0,0.0,0.0
2024-12-12 00:00:00-05:00,31.309999465942383,31.459999084472656,31.165000915527344,31.170000076293945,284900,0.0,0.0,0.0
2024-12-13 00:00:00-05:00,31.239999771118164,31.270000457763672,31.06999969482422,31.139999389648438,139600,0.0,0.0,0.0
2024-12-16 00:00:00-05:00,31.010000228881836,31.1200008392334,30.958999633789062,30.969999313354492,125900,0.0,0.0,0.0
2024-12-17 00:00:00-05:00,30.969999313354492,31.06999969482422,30.878999710083008,30.93000030517578,138500,0.0,0.0,0.0
2024-12-18 00:00:00-05:00,30.90999984741211,31.040000915527344,30.176000595092773,30.18000030517578,191000,0.0,0.0,0.0
2024-12-19 00:00:00-05:00,30.3700008392334,30.3700008392334,30.110000610351562,30.149999618530273,333900,0.0,0.0,0.0
2024-12-20 00:00:00-05:00,29.549999237060547,30.025999069213867,29.510000228881836,29.809999465942383,290000,0.0,0.0,0.0
2024-12-23 00:00:00-05:00,29.799999237060547,30.01099967956543,29.690000534057617,29.979999542236328,233200,0.0,0.0,0.0
2024-12-24 00:00:00-05:00,29.969999313354492,30.084999084472656,29.93000030517578,30.084999084472656,72400,0.0,0.0,0.0
2024-12-26 00:00:00-05:00,30.149999618530273,30.270999908447266,30.030000686645508,30.219999313354492,122600,0.0,0.0,0.0
2024-12-27 00:00:00-05:00,30.170000076293945,30.239999771118164,30.079999923706055,30.170000076293945,102300,0.0,0.0,0.0
2024-12-30 00:00:00-05:00,30.059999465942383,30.139999389648438,29.899999618530273,30.010000228881836,474500,0.0,0.0,0.0
2024-12-31 00:00:00-05:00,30.18000030517578,30.18000030517578,29.920000076293945,30.010000228881836,154900,0.0,0.0,0.0
2025-01-02 00:00:00-05:00,30.020000457763672,30.079999923706055,29.804000854492188,29.860000610351562,128000,0.0,0.0,0.0
2025-01-03 00:00:00-05:00,30.0,30.059999465942383,29.8799991607666,30.0,99500,0.0,0.0,0.0
