Date,Open,High,Low,Close,Volume,Dividends,Stock Splits,Capital Gains
2007-05-10 00:00:00-04:00,12.898319600257796,12.898319600257796,12.80812072753906,12.808120727539062,20500,0.0,0.0,0.0
2007-05-11 00:00:00-04:00,12.79523622961463,12.859662415901528,12.788793365215794,12.84677791595459,22000,0.0,0.0,0.0
2007-05-14 00:00:00-04:00,12.904763020262159,12.924090385437012,12.898320155586948,12.924090385437012,14000,0.0,0.0,0.0
2007-05-15 00:00:00-04:00,12.97563551866627,13.01429271697998,12.97563551866627,13.01429271697998,5200,0.0,0.0,0.0
2007-05-16 00:00:00-04:00,12.917647563297574,12.917647563297574,12.898320198059082,12.898320198059082,4000,0.0,0.0,0.0
2007-05-17 00:00:00-04:00,12.917647520761799,12.924090385437012,12.917647520761799,12.924090385437012,4000,0.0,0.0,0.0
2007-05-18 00:00:00-04:00,12.975636219046674,12.975636219046674,12.936980247497559,12.936980247497559,10400,0.0,0.0,0.0
2007-05-21 00:00:00-04:00,13.033621460818779,13.059392929077148,13.033621460818779,13.059392929077148,35000,0.0,0.0,0.0
2007-05-22 00:00:00-04:00,13.07871342341075,13.11737060546875,13.065828924908681,13.11737060546875,12200,0.0,0.0,0.0
2007-05-23 00:00:00-04:00,13.085160678601733,13.085160678601733,12.969191551208496,12.969191551208496,2500,0.0,0.0,0.0
2007-05-24 00:00:00-04:00,12.969191551208496,12.969191551208496,12.969191551208496,12.969191551208496,0,0.0,0.0,0.0
2007-05-25 00:00:00-04:00,12.969191551208496,12.969191551208496,12.969191551208496,12.969191551208496,0,0.0,0.0,0.0
2007-05-29 00:00:00-04:00,12.969191551208496,12.969191551208496,12.969191551208496,12.969191551208496,0,0.0,0.0,0.0
2007-05-30 00:00:00-04:00,12.730807304382324,12.730807304382324,12.730807304382324,12.730807304382324,2000,0.0,0.0,0.0
2007-05-31 00:00:00-04:00,12.730807304382324,12.730807304382324,12.730807304382324,12.730807304382324,0,0.0,0.0,0.0
2007-06-01 00:00:00-04:00,12.730807304382324,12.730807304382324,12.730807304382324,12.730807304382324,0,0.0,0.0,0.0
2007-06-04 00:00:00-04:00,12.730807304382324,12.730807304382324,12.730807304382324,12.730807304382324,0,0.0,0.0,0.0
2007-06-05 00:00:00-04:00,12.743690490722656,12.743690490722656,12.743690490722656,12.743690490722656,1000,0.0,0.0,0.0
2007-06-06 00:00:00-04:00,12.743690490722656,12.743690490722656,12.743690490722656,12.743690490722656,0,0.0,0.0,0.0
2007-06-07 00:00:00-04:00,12.743690490722656,12.743690490722656,12.743690490722656,12.743690490722656,0,0.0,0.0,0.0
2007-06-08 00:00:00-04:00,12.743690490722656,12.743690490722656,12.743690490722656,12.743690490722656,0,0.0,0.0,0.0
2007-06-11 00:00:00-04:00,12.743690490722656,12.743690490722656,12.743690490722656,12.743690490722656,0,0.0,0.0,0.0
2007-06-12 00:00:00-04:00,12.743690490722656,12.743690490722656,12.743690490722656,12.743690490722656,0,0.0,0.0,0.0
2007-06-13 00:00:00-04:00,12.743690490722656,12.743690490722656,12.743690490722656,12.743690490722656,0,0.0,0.0,0.0
2007-06-14 00:00:00-04:00,12.743690490722656,12.743690490722656,12.743690490722656,12.743690490722656,0,0.0,0.0,0.0
2007-06-15 00:00:00-04:00,12.505314191119668,12.518199920654297,12.505314191119668,12.518199920654297,500,0.0,0.0,0.0
2007-06-18 00:00:00-04:00,12.466657796528853,12.466657796528853,12.434443473815918,12.434443473815918,400,0.0,0.0,0.0
2007-06-19 00:00:00-04:00,12.39578751541116,12.447329202901093,12.3764589217834,12.434443473815918,2000,0.0,0.0,0.0
2007-06-20 00:00:00-04:00,12.434443473815918,12.434443473815918,12.434443473815918,12.434443473815918,0,0.0,0.0,0.0
2007-06-21 00:00:00-04:00,12.434443473815918,12.434443473815918,12.434443473815918,12.434443473815918,0,0.0,0.0,0.0
2007-06-22 00:00:00-04:00,12.434443473815918,12.434443473815918,12.434443473815918,12.434443473815918,0,0.0,0.0,0.0
2007-06-25 00:00:00-04:00,12.434443473815918,12.434443473815918,12.434443473815918,12.434443473815918,0,0.0,0.0,0.0
2007-06-26 00:00:00-04:00,12.196063399773838,12.215390764186003,12.13807884883587,12.144521713256836,900,0.0,0.0,0.0
2007-06-27 00:00:00-04:00,12.144521713256836,12.144521713256836,12.144521713256836,12.144521713256836,0,0.0,0.0,0.0
2007-06-28 00:00:00-04:00,12.144521713256836,12.144521713256836,12.144521713256836,12.144521713256836,0,0.0,0.0,0.0
2007-06-29 00:00:00-04:00,12.312034498733976,12.312034498733976,12.241164207458496,12.241164207458496,700,0.0,0.0,0.0
2007-07-02 00:00:00-04:00,12.241164207458496,12.241164207458496,12.241164207458496,12.241164207458496,0,0.0,0.0,0.0
2007-07-03 00:00:00-04:00,12.241164207458496,12.241164207458496,12.241164207458496,12.241164207458496,0,0.0,0.0,0.0
2007-07-05 00:00:00-04:00,12.415117263793945,12.415117263793945,12.415117263793945,12.415117263793945,800,0.0,0.0,0.0
2007-07-06 00:00:00-04:00,12.505311965942383,12.505311965942383,12.505311965942383,12.505311965942383,400,0.0,0.0,0.0
2007-07-09 00:00:00-04:00,12.473101457177929,12.473101457177929,12.466658592224121,12.466658592224121,300,0.0,0.0,0.0
2007-07-10 00:00:00-04:00,12.466658592224121,12.466658592224121,12.466658592224121,12.466658592224121,0,0.0,0.0,0.0
2007-07-11 00:00:00-04:00,12.402231216430664,12.402231216430664,12.376459756522143,12.402231216430664,1900,0.0,0.0,0.0
2007-07-12 00:00:00-04:00,12.55041217803955,12.55041217803955,12.55041217803955,12.55041217803955,400,0.0,0.0,0.0
2007-07-13 00:00:00-04:00,12.55041217803955,12.55041217803955,12.55041217803955,12.55041217803955,0,0.0,0.0,0.0
2007-07-16 00:00:00-04:00,12.55041217803955,12.55041217803955,12.55041217803955,12.55041217803955,0,0.0,0.0,0.0
2007-07-17 00:00:00-04:00,12.55041217803955,12.55041217803955,12.55041217803955,12.55041217803955,0,0.0,0.0,0.0
2007-07-18 00:00:00-04:00,12.505311965942383,12.505311965942383,12.505311965942383,12.505311965942383,2100,0.0,0.0,0.0
2007-07-19 00:00:00-04:00,12.505311965942383,12.505311965942383,12.505311965942383,12.505311965942383,0,0.0,0.0,0.0
2007-07-20 00:00:00-04:00,12.505311965942383,12.505311965942383,12.505311965942383,12.505311965942383,0,0.0,0.0,0.0
2007-07-23 00:00:00-04:00,12.698593139648438,12.698593139648438,12.666380049936786,12.698593139648438,6000,0.0,0.0,0.0
2007-07-24 00:00:00-04:00,12.698593139648438,12.698593139648438,12.698593139648438,12.698593139648438,0,0.0,0.0,0.0
2007-07-25 00:00:00-04:00,12.698593139648438,12.698593139648438,12.698593139648438,12.698593139648438,0,0.0,0.0,0.0
2007-07-26 00:00:00-04:00,12.215388579421017,12.215388579421017,11.98345164600261,12.002779006958008,1200,0.0,0.0,0.0
2007-07-27 00:00:00-04:00,12.04143603487937,12.047878898066845,12.034993171691895,12.034993171691895,1500,0.0,0.0,0.0
2007-07-30 00:00:00-04:00,12.034993171691895,12.034993171691895,12.034993171691895,12.034993171691895,0,0.0,0.0,0.0
2007-07-31 00:00:00-04:00,12.034993171691895,12.034993171691895,12.034993171691895,12.034993171691895,0,0.0,0.0,0.0
2007-08-01 00:00:00-04:00,11.899698257446289,11.899698257446289,11.899698257446289,11.899698257446289,200,0.0,0.0,0.0
2007-08-02 00:00:00-04:00,11.899698257446289,11.899698257446289,11.899698257446289,11.899698257446289,0,0.0,0.0,0.0
2007-08-03 00:00:00-04:00,12.20895096757115,12.20895096757115,11.886815071105957,11.886815071105957,900,0.0,0.0,0.0
2007-08-06 00:00:00-04:00,11.886815071105957,11.886815071105957,11.886815071105957,11.886815071105957,0,0.0,0.0,0.0
2007-08-07 00:00:00-04:00,11.938354256889326,12.022109031677246,11.938354256889326,12.022109031677246,1300,0.0,0.0,0.0
2007-08-08 00:00:00-04:00,12.022109031677246,12.022109031677246,12.022109031677246,12.022109031677246,0,0.0,0.0,0.0
2007-08-09 00:00:00-04:00,11.803061485290527,11.803061485290527,11.803061485290527,11.803061485290527,200,0.0,0.0,0.0
2007-08-10 00:00:00-04:00,11.803061485290527,11.803061485290527,11.803061485290527,11.803061485290527,0,0.0,0.0,0.0
2007-08-13 00:00:00-04:00,11.803061485290527,11.803061485290527,11.803061485290527,11.803061485290527,0,0.0,0.0,0.0
2007-08-14 00:00:00-04:00,11.69353262695895,11.69353262695895,11.674205259914887,11.680646896362305,2000,0.0,0.0,0.0
2007-08-15 00:00:00-04:00,11.680646896362305,11.680646896362305,11.680646896362305,11.680646896362305,0,0.0,0.0,0.0
2007-08-16 00:00:00-04:00,11.680646896362305,11.680646896362305,11.680646896362305,11.680646896362305,0,0.0,0.0,0.0
2007-08-17 00:00:00-04:00,11.680646896362305,11.680646896362305,11.680646896362305,11.680646896362305,0,0.0,0.0,0.0
2007-08-20 00:00:00-04:00,11.641984309998534,11.65487003326416,11.635541448365721,11.65487003326416,5000,0.0,0.0,0.0
2007-08-21 00:00:00-04:00,11.65487003326416,11.65487003326416,11.65487003326416,11.65487003326416,0,0.0,0.0,0.0
2007-08-22 00:00:00-04:00,11.65487003326416,11.65487003326416,11.65487003326416,11.65487003326416,0,0.0,0.0,0.0
2007-08-23 00:00:00-04:00,11.65487003326416,11.65487003326416,11.65487003326416,11.65487003326416,0,0.0,0.0,0.0
2007-08-24 00:00:00-04:00,11.65487003326416,11.65487003326416,11.65487003326416,11.65487003326416,0,0.0,0.0,0.0
2007-08-27 00:00:00-04:00,11.65487003326416,11.65487003326416,11.65487003326416,11.65487003326416,0,0.0,0.0,0.0
2007-08-28 00:00:00-04:00,11.65487003326416,11.65487003326416,11.65487003326416,11.65487003326416,0,0.0,0.0,0.0
2007-08-29 00:00:00-04:00,11.65487003326416,11.65487003326416,11.65487003326416,11.65487003326416,0,0.0,0.0,0.0
2007-08-30 00:00:00-04:00,11.65487003326416,11.65487003326416,11.65487003326416,11.65487003326416,0,0.0,0.0,0.0
2007-08-31 00:00:00-04:00,11.951241493225098,11.951241493225098,11.951241493225098,11.951241493225098,100,0.0,0.0,0.0
2007-09-04 00:00:00-04:00,11.951241493225098,11.951241493225098,11.951241493225098,11.951241493225098,0,0.0,0.0,0.0
2007-09-05 00:00:00-04:00,11.951241493225098,11.951241493225098,11.951241493225098,11.951241493225098,0,0.0,0.0,0.0
2007-09-06 00:00:00-04:00,11.951241493225098,11.951241493225098,11.951241493225098,11.951241493225098,0,0.0,0.0,0.0
2007-09-07 00:00:00-04:00,11.951241493225098,11.951241493225098,11.951241493225098,11.951241493225098,0,0.0,0.0,0.0
2007-09-10 00:00:00-04:00,12.002784511415872,12.002784511415872,11.938358306884764,11.938358306884766,10000,0.0,0.0,0.0
2007-09-11 00:00:00-04:00,12.034993171691895,12.034993171691895,12.034993171691895,12.034993171691895,200,0.0,0.0,0.0
2007-09-12 00:00:00-04:00,12.034993171691895,12.034993171691895,12.034993171691895,12.034993171691895,0,0.0,0.0,0.0
2007-09-13 00:00:00-04:00,12.034993171691895,12.034993171691895,12.034993171691895,12.034993171691895,0,0.0,0.0,0.0
2007-09-14 00:00:00-04:00,12.034993171691895,12.034993171691895,12.034993171691895,12.034993171691895,0,0.0,0.0,0.0
2007-09-17 00:00:00-04:00,12.034993171691895,12.034993171691895,12.034993171691895,12.034993171691895,0,0.0,0.0,0.0
2007-09-18 00:00:00-04:00,12.447331428527832,12.447331428527832,12.447331428527832,12.447331428527832,100,0.0,0.0,0.0
2007-09-19 00:00:00-04:00,12.447331428527832,12.447331428527832,12.447331428527832,12.447331428527832,0,0.0,0.0,0.0
2007-09-20 00:00:00-04:00,12.447331428527832,12.447331428527832,12.447331428527832,12.447331428527832,0,0.0,0.0,0.0
2007-09-21 00:00:00-04:00,12.447331428527832,12.447331428527832,12.447331428527832,12.447331428527832,0,0.0,0.0,0.0
2007-09-24 00:00:00-04:00,12.447331428527832,12.447331428527832,12.447331428527832,12.447331428527832,0,0.0,0.0,0.0
2007-09-25 00:00:00-04:00,12.447331428527832,12.447331428527832,12.447331428527832,12.447331428527832,0,0.0,0.0,0.0
2007-09-26 00:00:00-04:00,12.344247136557309,12.382903099060059,12.344247136557309,12.382903099060059,500,0.0,0.0,0.0
2007-09-27 00:00:00-04:00,12.382903099060059,12.382903099060059,12.382903099060059,12.382903099060059,0,0.0,0.0,0.0
2007-09-28 00:00:00-04:00,12.382903099060059,12.382903099060059,12.382903099060059,12.382903099060059,0,0.0,0.0,0.0
2007-10-01 00:00:00-04:00,12.595512390136719,12.595512390136719,12.595512390136719,12.595512390136719,200,0.0,0.0,0.0
2007-10-02 00:00:00-04:00,12.595512390136719,12.595512390136719,12.595512390136719,12.595512390136719,0,0.0,0.0,0.0
2007-10-03 00:00:00-04:00,12.595512390136719,12.595512390136719,12.595512390136719,12.595512390136719,0,0.0,0.0,0.0
2007-10-04 00:00:00-04:00,12.473099228920676,12.473099228920676,12.453770637512207,12.453770637512207,200,0.0,0.0,0.0
2007-10-05 00:00:00-04:00,12.453770637512207,12.453770637512207,12.453770637512207,12.453770637512207,0,0.0,0.0,0.0
2007-10-08 00:00:00-04:00,12.453770637512207,12.453770637512207,12.453770637512207,12.453770637512207,0,0.0,0.0,0.0
2007-10-09 00:00:00-04:00,12.453770637512207,12.453770637512207,12.453770637512207,12.453770637512207,0,0.0,0.0,0.0
2007-10-10 00:00:00-04:00,12.453770637512207,12.453770637512207,12.453770637512207,12.453770637512207,0,0.0,0.0,0.0
2007-10-11 00:00:00-04:00,12.453770637512207,12.453770637512207,12.453770637512207,12.453770637512207,0,0.0,0.0,0.0
2007-10-12 00:00:00-04:00,12.453770637512207,12.453770637512207,12.453770637512207,12.453770637512207,0,0.0,0.0,0.0
2007-10-15 00:00:00-04:00,12.453770637512207,12.453770637512207,12.453770637512207,12.453770637512207,0,0.0,0.0,0.0
2007-10-16 00:00:00-04:00,12.453770637512207,12.453770637512207,12.453770637512207,12.453770637512207,0,0.0,0.0,0.0
2007-10-17 00:00:00-04:00,12.453770637512207,12.453770637512207,12.453770637512207,12.453770637512207,0,0.0,0.0,0.0
2007-10-18 00:00:00-04:00,12.453770637512207,12.453770637512207,12.453770637512207,12.453770637512207,0,0.0,0.0,0.0
2007-10-19 00:00:00-04:00,12.208948135375977,12.208948135375977,12.208948135375977,12.208948135375977,400,0.0,0.0,0.0
2007-10-22 00:00:00-04:00,12.208948135375977,12.208948135375977,12.208948135375977,12.208948135375977,0,0.0,0.0,0.0
2007-10-23 00:00:00-04:00,12.208948135375977,12.208948135375977,12.208948135375977,12.208948135375977,0,0.0,0.0,0.0
2007-10-24 00:00:00-04:00,12.208948135375977,12.208948135375977,12.208948135375977,12.208948135375977,0,0.0,0.0,0.0
2007-10-25 00:00:00-04:00,12.221834384650725,12.221834384650725,12.202507019042969,12.202507019042969,300,0.0,0.0,0.0
2007-10-26 00:00:00-04:00,12.202507019042969,12.202507019042969,12.202507019042969,12.202507019042969,0,0.0,0.0,0.0
2007-10-29 00:00:00-04:00,12.202507019042969,12.202507019042969,12.202507019042969,12.202507019042969,0,0.0,0.0,0.0
2007-10-30 00:00:00-04:00,12.202507019042969,12.202507019042969,12.202507019042969,12.202507019042969,0,0.0,0.0,0.0
2007-10-31 00:00:00-04:00,12.202507019042969,12.202507019042969,12.202507019042969,12.202507019042969,0,0.0,0.0,0.0
2007-11-01 00:00:00-04:00,12.202507019042969,12.202507019042969,12.202507019042969,12.202507019042969,0,0.0,0.0,0.0
2007-11-02 00:00:00-04:00,12.202507019042969,12.202507019042969,12.202507019042969,12.202507019042969,0,0.0,0.0,0.0
2007-11-05 00:00:00-05:00,12.202507019042969,12.202507019042969,12.202507019042969,12.202507019042969,0,0.0,0.0,0.0
2007-11-06 00:00:00-05:00,12.440886497497559,12.440886497497559,12.440886497497559,12.440886497497559,500,0.0,0.0,0.0
2007-11-07 00:00:00-05:00,12.408673286437988,12.408673286437988,12.408673286437988,12.408673286437988,1000,0.0,0.0,0.0
2007-11-08 00:00:00-05:00,12.408673286437988,12.408673286437988,12.408673286437988,12.408673286437988,200,0.0,0.0,0.0
2007-11-09 00:00:00-05:00,12.408673286437988,12.408673286437988,12.408673286437988,12.408673286437988,0,0.0,0.0,0.0
2007-11-12 00:00:00-05:00,12.247608883502846,12.247608883502846,12.170295715332031,12.170295715332031,1100,0.0,0.0,0.0
2007-11-13 00:00:00-05:00,12.131633758544922,12.131633758544922,12.131633758544922,12.131633758544922,300,0.0,0.0,0.0
2007-11-14 00:00:00-05:00,12.131633758544922,12.131633758544922,12.131633758544922,12.131633758544922,0,0.0,0.0,0.0
2007-11-15 00:00:00-05:00,12.131633758544922,12.131633758544922,12.131633758544922,12.131633758544922,0,0.0,0.0,0.0
2007-11-16 00:00:00-05:00,12.112308502197266,12.112308502197266,12.112308502197266,12.112308502197266,500,0.0,0.0,0.0
2007-11-19 00:00:00-05:00,12.112308502197266,12.112308502197266,12.112308502197266,12.112308502197266,0,0.0,0.0,0.0
2007-11-20 00:00:00-05:00,12.112308502197266,12.112308502197266,12.112308502197266,12.112308502197266,0,0.0,0.0,0.0
2007-11-21 00:00:00-05:00,12.112308502197266,12.112308502197266,12.112308502197266,12.112308502197266,0,0.0,0.0,0.0
2007-11-23 00:00:00-05:00,12.112308502197266,12.112308502197266,12.112308502197266,12.112308502197266,0,0.0,0.0,0.0
2007-11-26 00:00:00-05:00,12.24760913848877,12.24760913848877,12.24760913848877,12.24760913848877,300,0.0,0.0,0.0
2007-11-27 00:00:00-05:00,12.24760913848877,12.24760913848877,12.24760913848877,12.24760913848877,0,0.0,0.0,0.0
2007-11-28 00:00:00-05:00,12.24116627193614,12.24760913848877,12.24116627193614,12.24760913848877,500,0.0,0.0,0.0
2007-11-29 00:00:00-05:00,12.24760913848877,12.24760913848877,12.24760913848877,12.24760913848877,0,0.0,0.0,0.0
2007-11-30 00:00:00-05:00,12.312032540344537,12.312032540344537,12.30558967590332,12.30558967590332,500,0.0,0.0,0.0
2007-12-03 00:00:00-05:00,12.30558967590332,12.30558967590332,12.30558967590332,12.30558967590332,0,0.0,0.0,0.0
2007-12-04 00:00:00-05:00,12.30558967590332,12.30558967590332,12.30558967590332,12.30558967590332,0,0.0,0.0,0.0
2007-12-05 00:00:00-05:00,12.30558967590332,12.30558967590332,12.30558967590332,12.30558967590332,0,0.0,0.0,0.0
2007-12-06 00:00:00-05:00,12.51175416819191,12.582624435424805,12.51175416819191,12.582624435424805,400,0.0,0.0,0.0
2007-12-07 00:00:00-05:00,12.67927074432373,12.67927074432373,12.67927074432373,12.67927074432373,100,0.0,0.0,0.0
2007-12-10 00:00:00-05:00,12.685709953308105,12.685709953308105,12.685709953308105,12.685709953308105,100,0.0,0.0,0.0
2007-12-11 00:00:00-05:00,12.67927074432373,12.67927074432373,12.67927074432373,12.67927074432373,400,0.0,0.0,0.0
2007-12-12 00:00:00-05:00,12.492430686950684,12.498873552865712,12.492430686950684,12.492430686950684,2400,0.0,0.0,0.0
2007-12-13 00:00:00-05:00,12.492430686950684,12.492430686950684,12.492430686950684,12.492430686950684,0,0.0,0.0,0.0
2007-12-14 00:00:00-05:00,12.492430686950684,12.492430686950684,12.492430686950684,12.492430686950684,0,0.0,0.0,0.0
2007-12-17 00:00:00-05:00,12.273379060597216,12.273379060597216,12.234723091125488,12.234723091125488,1400,0.0,0.0,0.0
2007-12-18 00:00:00-05:00,12.234723091125488,12.234723091125488,12.234723091125488,12.234723091125488,0,0.0,0.0,0.0
2007-12-19 00:00:00-05:00,12.305590427620361,12.324917793273926,12.305590427620361,12.324917793273926,1300,0.0,0.0,0.0
2007-12-20 00:00:00-05:00,12.324917793273926,12.324917793273926,12.324917793273926,12.324917793273926,0,0.0,0.0,0.0
2007-12-21 00:00:00-05:00,12.445948600769043,12.445948600769043,12.445948600769043,12.445948600769043,200,0.8,0.0,0.0
2007-12-24 00:00:00-05:00,12.47284412384033,12.47284412384033,12.47284412384033,12.472844123840332,100,0.0,0.0,0.0
2007-12-26 00:00:00-05:00,12.51318848001583,12.51318848001583,12.47284412384033,12.472844123840332,6600,0.0,0.0,0.0
2007-12-27 00:00:00-05:00,12.392158568211174,12.392158568211174,12.371986389160154,12.371986389160156,2600,0.0,0.0,0.0
2007-12-28 00:00:00-05:00,12.378711700439453,12.378711700439453,12.378711700439453,12.378711700439453,500,0.0,0.0,0.0
2007-12-31 00:00:00-05:00,12.33836555480957,12.33836555480957,12.33836555480957,12.33836555480957,200,0.0,0.0,0.0
2008-01-02 00:00:00-05:00,12.163543644618573,12.1837158203125,12.163543644618573,12.1837158203125,600,0.0,0.0,0.0
2008-01-03 00:00:00-05:00,12.1837158203125,12.1837158203125,12.1837158203125,12.1837158203125,0,0.0,0.0,0.0
2008-01-04 00:00:00-05:00,12.049239814715682,12.049239814715682,12.042515754699707,12.042515754699707,400,0.0,0.0,0.0
2008-01-07 00:00:00-05:00,12.069413324539312,12.17027167092462,12.069413324539312,12.129928588867188,1600,0.0,0.0,0.0
2008-01-08 00:00:00-05:00,12.257677598535675,12.257677598535675,12.170267404308005,12.17699146270752,500,0.0,0.0,0.0
2008-01-09 00:00:00-05:00,12.055963011054091,12.123202323913574,12.042514891985551,12.123202323913574,1300,0.0,0.0,0.0
2008-01-10 00:00:00-05:00,12.129926383447843,12.176993517704515,12.123202323913574,12.123202323913574,1300,0.0,0.0,0.0
2008-01-11 00:00:00-05:00,12.163547610167806,12.163547610167806,12.116480467353558,12.129928588867188,900,0.0,0.0,0.0
2008-01-14 00:00:00-05:00,12.123202592812893,12.143373489379883,12.123202592812893,12.143373489379883,1000,0.0,0.0,0.0
2008-01-15 00:00:00-05:00,12.022343635559082,12.022343635559082,12.022343635559082,12.022343635559082,1800,0.0,0.0,0.0
2008-01-16 00:00:00-05:00,11.941657216935003,11.94838127683696,11.887866020202637,11.887866020202637,3700,0.0,0.0,0.0
2008-01-17 00:00:00-05:00,11.813899726762477,11.813899726762477,11.544943809509277,11.544943809509277,1500,0.0,0.0,0.0
2008-01-18 00:00:00-05:00,11.423919249768996,11.457539558410645,11.423919249768996,11.457539558410645,1800,0.0,0.0,0.0
2008-01-22 00:00:00-05:00,10.75824747048258,11.033927459315054,10.68428474996996,10.96668815612793,21400,0.0,0.0,0.0
2008-01-23 00:00:00-05:00,10.859107035643003,11.2020263671875,10.818763962074,11.2020263671875,2400,0.0,0.0,0.0
2008-01-24 00:00:00-05:00,11.107891496968229,11.128062391413609,11.040652189689691,11.074271202087402,2400,0.0,0.0,0.0
2008-01-25 00:00:00-05:00,11.06755011518656,11.080998236750244,10.926348686218262,10.926348686218262,6300,0.0,0.0,0.0
2008-01-28 00:00:00-05:00,11.094442563085646,11.094442563085646,10.986860192345276,11.020479202270508,7200,0.0,0.0,0.0
2008-01-29 00:00:00-05:00,11.242371652983497,11.242371652983497,11.181856389480457,11.208752632141113,2100,0.0,0.0,0.0
2008-01-30 00:00:00-05:00,11.202026874357422,11.343229561966643,11.202026874357422,11.249094009399414,2800,0.0,0.0,0.0
2008-01-31 00:00:00-05:00,11.107891171187957,11.329779980961234,11.107891171187957,11.31633186340332,1700,0.0,0.0,0.0
2008-02-01 00:00:00-05:00,11.4373601100222,11.444084167480469,11.410463880189115,11.444084167480469,1900,0.0,0.0,0.0
2008-02-04 00:00:00-05:00,11.477708057437303,11.652529778311582,11.477708057437303,11.632357597351074,6800,0.0,0.0,0.0
2008-02-05 00:00:00-05:00,11.376850143034265,11.376850143034265,11.255819617712078,11.262543678283691,4300,0.0,0.0,0.0
2008-02-06 00:00:00-05:00,11.309607486973821,11.370122731801679,11.195301055908203,11.195301055908203,62000,0.0,0.0,0.0
2008-02-07 00:00:00-05:00,11.080997467041016,11.080997467041016,11.080997467041016,11.080997467041016,100,0.0,0.0,0.0
2008-02-08 00:00:00-05:00,11.134785134737465,11.134785134737465,11.08771800994873,11.08771800994873,4000,0.0,0.0,0.0
2008-02-11 00:00:00-05:00,11.087720127592112,11.128063201904297,11.047377053279927,11.128063201904297,1300,0.0,0.0,0.0
2008-02-12 00:00:00-05:00,11.22220075347144,11.22220075347144,11.208752632141113,11.208752632141113,2800,0.0,0.0,0.0
2008-02-13 00:00:00-05:00,11.296159744262695,11.296159744262695,11.296159744262695,11.296159744262695,300,0.0,0.0,0.0
2008-02-14 00:00:00-05:00,11.26926496126148,11.28271307909008,11.228921890258789,11.228921890258789,1800,0.0,0.0,0.0
2008-02-15 00:00:00-05:00,11.222200096343206,11.222200096343206,11.208751975800348,11.215476036071777,1600,0.0,0.0,0.0
2008-02-19 00:00:00-05:00,11.215476036071777,11.215476036071777,11.215476036071777,11.215476036071777,0,0.0,0.0,0.0
2008-02-20 00:00:00-05:00,11.121336859883208,11.175128035883974,11.121336859883208,11.154955863952637,800,0.0,0.0,0.0
2008-02-21 00:00:00-05:00,11.255815897567983,11.255815897567983,10.980135917663574,10.980135917663574,2200,0.0,0.0,0.0
2008-02-22 00:00:00-05:00,11.033928130713525,11.074271202087402,10.919621693084947,11.074271202087402,6200,0.0,0.0,0.0
2008-02-25 00:00:00-05:00,11.087716496958217,11.19529884821872,11.087716496958217,11.18857479095459,17500,0.0,0.0,0.0
2008-02-26 00:00:00-05:00,11.168406615209848,11.249092757017978,11.148234438516265,11.242368698120117,13400,0.0,0.0,0.0
2008-02-27 00:00:00-05:00,11.242368698120117,11.242368698120117,11.242368698120117,11.242368698120117,0,0.0,0.0,0.0
2008-02-28 00:00:00-05:00,11.047373170662956,11.067544059488354,11.013752885149364,11.03392505645752,9400,0.0,0.0,0.0
2008-02-29 00:00:00-05:00,10.84565904066549,10.84565904066549,10.691009521484375,10.691009521484375,800,0.0,0.0,0.0
2008-03-03 00:00:00-05:00,10.657389853857842,10.697732925415039,10.657389853857842,10.697732925415039,2200,0.0,0.0,0.0
2008-03-04 00:00:00-05:00,10.731351852416992,10.731351852416992,10.731351852416992,10.731351852416992,1800,0.0,0.0,0.0
2008-03-05 00:00:00-05:00,10.805316925048828,10.805316925048828,10.738078248622408,10.805316925048828,1200,0.0,0.0,0.0
2008-03-06 00:00:00-05:00,10.590152740478516,10.590152740478516,10.590152740478516,10.590152740478516,100,0.0,0.0,0.0
2008-03-07 00:00:00-05:00,11.168408183441288,11.168408183441288,10.448949811384939,10.56325626373291,4100,0.0,0.0,0.0
2008-03-10 00:00:00-04:00,10.4960174710596,10.4960174710596,10.489294052124023,10.489294052124023,300,0.0,0.0,0.0
2008-03-11 00:00:00-04:00,10.57670307633242,10.691009521484375,10.53636000230326,10.691009521484375,900,0.0,0.0,0.0
2008-03-12 00:00:00-04:00,11.000310070505222,11.000310070505222,10.610322952270508,10.610322952270508,3700,0.0,0.0,0.0
2008-03-13 00:00:00-04:00,10.422052036237437,10.556529998779297,10.422052036237437,10.556529998779297,3400,0.0,0.0,0.0
2008-03-14 00:00:00-04:00,10.469120315225435,10.469120315225435,10.36153793334961,10.36153793334961,1700,0.0,0.0,0.0
2008-03-17 00:00:00-04:00,10.28757725424844,10.307748794555664,10.146375189614457,10.307748794555664,2000,0.0,0.0,0.0
2008-03-18 00:00:00-04:00,10.428780555725098,10.428780555725098,10.428780555725098,10.428780555725098,600,0.0,0.0,0.0
2008-03-19 00:00:00-04:00,10.939795984308706,10.939795984308706,10.435503005981445,10.435503005981445,6800,0.0,0.0,0.0
2008-03-20 00:00:00-04:00,10.381710128179881,10.482569098517398,10.354814531004866,10.469120979309082,2100,0.0,0.0,0.0
2008-03-24 00:00:00-04:00,10.4960174710596,10.4960174710596,10.442226272124948,10.489294052124023,1300,0.0,0.0,0.0
2008-03-25 00:00:00-04:00,10.576704177593404,10.576704177593404,10.522912979125977,10.522912979125977,1300,0.0,0.0,0.0
2008-03-26 00:00:00-04:00,10.496018346655083,10.53636206984245,10.482570866420446,10.516190528869629,5600,0.0,0.0,0.0
2008-03-27 00:00:00-04:00,10.637223347183076,10.637223347183076,10.569984644997874,10.603604316711426,5100,0.0,0.0,0.0
2008-03-28 00:00:00-04:00,10.57670426946158,10.59015238981608,10.489294052124023,10.489294052124023,1700,0.0,0.0,0.0
2008-03-31 00:00:00-04:00,10.32119372464142,10.556529998779297,10.32119372464142,10.556529998779297,5600,0.0,0.0,0.0
2008-04-01 00:00:00-04:00,10.677562490164632,10.791868298852478,10.677562490164632,10.758249282836914,6700,0.0,0.0,0.0
2008-04-02 00:00:00-04:00,10.791870286506292,10.892729918095885,10.791870286506292,10.83893871307373,8100,0.0,0.0,0.0
2008-04-03 00:00:00-04:00,10.946518351995262,10.946518351995262,10.798591613769531,10.798591613769531,1500,0.0,0.0,0.0
2008-04-04 00:00:00-04:00,10.892727911865677,10.892727911865677,10.758249282836914,10.758249282836914,4000,0.0,0.0,0.0
2008-04-07 00:00:00-04:00,10.711179623868542,11.168405315864085,10.711179623868542,10.879277229309082,6500,0.0,0.0,0.0
2008-04-08 00:00:00-04:00,10.838932690624961,10.838932690624961,10.832208633422852,10.832208633422852,1700,0.0,0.0,0.0
2008-04-09 00:00:00-04:00,10.959965187984102,10.959965187984102,10.798591613769531,10.798591613769531,3300,0.0,0.0,0.0
2008-04-10 00:00:00-04:00,10.785145880843551,10.785145880843551,10.717905922848063,10.74480152130127,5100,0.0,0.0,0.0
2008-04-11 00:00:00-04:00,10.744800055978956,10.751524114985676,10.69100886640832,10.697732925415039,14000,0.0,0.0,0.0
2008-04-14 00:00:00-04:00,10.697733595167495,10.704457654595188,10.684286117553711,10.684286117553711,2700,0.0,0.0,0.0
2008-04-15 00:00:00-04:00,10.717904985688977,10.76497275979778,10.717904985688977,10.738077163696289,2100,0.0,0.0,0.0
2008-04-16 00:00:00-04:00,10.892726966284345,10.986861228942871,10.825487657606907,10.986861228942871,2300,0.0,0.0,0.0
2008-04-17 00:00:00-04:00,11.094443609833514,11.094443609833514,10.583426659361388,10.986861228942871,2800,0.0,0.0,0.0
2008-04-18 00:00:00-04:00,11.430641003792408,11.430641003792408,11.020482298555763,11.047378540039062,14500,0.0,0.0,0.0
2008-04-21 00:00:00-04:00,11.161682918510952,11.161682918510952,10.946518156729665,10.986861228942871,5000,0.0,0.0,0.0
2008-04-22 00:00:00-04:00,10.926347287921429,10.926347287921429,10.838937073910706,10.859107971191406,4100,0.0,0.0,0.0
2008-04-23 00:00:00-04:00,10.912896400193123,10.966687583437187,10.892725508028455,10.93979263305664,4300,0.0,0.0,0.0
2008-04-24 00:00:00-04:00,10.99358397848912,11.0003080368042,10.872553493783666,11.0003080368042,2800,0.0,0.0,0.0
2008-04-25 00:00:00-04:00,10.953241563064658,11.09444294863726,10.933069386918687,10.993584632873535,5300,0.0,0.0,0.0
2008-04-28 00:00:00-04:00,11.000311195186455,11.027206153685798,10.986863074695105,11.007035255432129,5600,0.0,0.0,0.0
2008-04-29 00:00:00-04:00,11.013754926926845,11.013754926926845,10.966687800965067,10.980135917663574,3900,0.0,0.0,0.0
2008-04-30 00:00:00-04:00,10.986861228942871,11.060824596736367,10.973413110710755,10.986861228942871,5800,0.0,0.0,0.0
2008-05-01 00:00:00-04:00,11.013758720301665,11.208752632141113,11.013758720301665,11.208752632141113,9400,0.0,0.0,0.0
2008-05-02 00:00:00-04:00,11.2625392096134,11.323054448263688,11.2625392096134,11.26926326751709,4000,0.0,0.0,0.0
2008-05-05 00:00:00-04:00,11.161684836383705,11.215476036071777,11.161684836383705,11.215476036071777,1700,0.0,0.0,0.0
2008-05-06 00:00:00-04:00,11.188578103265774,11.255817413330078,11.101167897920396,11.255817413330078,4300,0.0,0.0,0.0
2008-05-07 00:00:00-04:00,11.222200313120995,11.222200313120995,11.141512870788574,11.141512870788574,1000,0.0,0.0,0.0
2008-05-08 00:00:00-04:00,11.10116824652391,11.18185439514828,11.10116824652391,11.128063201904297,3400,0.0,0.0,0.0
2008-05-09 00:00:00-04:00,11.101169576424203,11.215476036071777,11.101169576424203,11.215476036071777,700,0.0,0.0,0.0
2008-05-12 00:00:00-04:00,11.222197689421096,11.282712936401367,11.222197689421096,11.282712936401367,7700,0.0,0.0,0.0
2008-05-13 00:00:00-04:00,11.289436910770569,11.31633186340332,11.262540675654739,11.31633186340332,7200,0.0,0.0,0.0
2008-05-14 00:00:00-04:00,11.390295243047683,11.430638313293457,11.390295243047683,11.430638313293457,2300,0.0,0.0,0.0
2008-05-15 00:00:00-04:00,11.403747064584008,11.464262337655333,11.323060888811337,11.457539558410645,5400,0.0,0.0,0.0
2008-05-16 00:00:00-04:00,11.497880125935943,11.558395385742188,11.464259824663941,11.558395385742188,2800,0.0,0.0,0.0
2008-05-19 00:00:00-04:00,11.558395385742188,11.578566284022028,11.524775084470186,11.558395385742188,5400,0.0,0.0,0.0
2008-05-20 00:00:00-04:00,11.558395901122761,11.59201492141045,11.491156578063965,11.491156578063965,4800,0.0,0.0,0.0
2008-05-21 00:00:00-04:00,11.800451304112094,11.800451304112094,11.52477133576981,11.538219451904297,8200,0.0,0.0,0.0
2008-05-22 00:00:00-04:00,11.59873846478523,11.60546252503963,11.518051024215785,11.558395385742188,2900,0.0,0.0,0.0
2008-05-23 00:00:00-04:00,11.544943260079295,11.544943260079295,11.383569717407227,11.383569717407227,14000,0.0,0.0,0.0
2008-05-27 00:00:00-04:00,11.430637658820972,11.437361717224121,11.39029459088508,11.437361717224121,800,0.0,0.0,0.0
2008-05-28 00:00:00-04:00,11.430636052563928,11.45080822493874,11.417187937647386,11.444084167480469,2000,0.0,0.0,0.0
2008-05-29 00:00:00-04:00,11.491154379681456,11.598736763000488,11.491154379681456,11.598736763000488,500,0.0,0.0,0.0
2008-05-30 00:00:00-04:00,11.625634168058983,11.625634168058983,11.491155534158006,11.524774551391602,2300,0.0,0.0,0.0
2008-06-02 00:00:00-04:00,11.477704785160013,11.477704785160013,11.430637658820972,11.437361717224121,1800,0.0,0.0,0.0
2008-06-03 00:00:00-04:00,11.50459940212208,11.50459940212208,11.4373601100222,11.444084167480469,3600,0.0,0.0,0.0
2008-06-04 00:00:00-04:00,11.4171873300572,11.571836795918946,11.4171873300572,11.56511402130127,2400,0.0,0.0,0.0
2008-06-05 00:00:00-04:00,11.83407386255369,11.83407386255369,11.59201285567154,11.659252166748047,4800,0.0,0.0,0.0
2008-06-06 00:00:00-04:00,12.788866127663725,13.030925807370924,11.504600524902346,11.504600524902344,28100,0.0,0.0,0.0
2008-06-09 00:00:00-04:00,11.538223204978985,11.578566284022028,11.4575370468929,11.558395385742188,23600,0.0,0.0,0.0
2008-06-10 00:00:00-04:00,11.477704509575233,11.544943809509277,11.46425639309183,11.544943809509277,900,0.0,0.0,0.0
2008-06-11 00:00:00-04:00,11.699597549041362,11.699597549041362,11.403745291415152,11.417193412780762,11800,0.0,0.0,0.0
2008-06-12 00:00:00-04:00,11.457533208330547,11.457533208330547,11.329778671264648,11.329778671264648,4400,0.0,0.0,0.0
2008-06-13 00:00:00-04:00,11.329784950539667,11.464262337655333,11.329784950539667,11.457539558410645,4200,0.0,0.0,0.0
2008-06-16 00:00:00-04:00,11.437366125142193,11.477709208626157,11.356678675690764,11.450814247131348,7900,0.0,0.0,0.0
2008-06-17 00:00:00-04:00,11.497877476846416,11.511325594256794,11.464257183320466,11.484429359436035,3300,0.0,0.0,0.0
2008-06-18 00:00:00-04:00,11.430638071130613,11.437362129776304,11.370122825802454,11.403741836547852,5700,0.0,0.0,0.0
2008-06-19 00:00:00-04:00,11.417187937647386,11.464255057372455,11.417187937647386,11.444084167480469,2900,0.0,0.0,0.0
2008-06-20 00:00:00-04:00,11.370124397616955,11.383572516767414,11.24236983065406,11.289438247680664,2700,0.0,0.0,0.0
2008-06-23 00:00:00-04:00,11.370653514143855,11.864736485870568,11.330044396926784,11.343581199645996,20800,0.11,0.0,0.0
2008-06-24 00:00:00-04:00,11.343581119412665,11.370653433719044,11.309739112854004,11.309739112854004,8000,0.0,0.0,0.0
2008-06-25 00:00:00-04:00,11.316510096777662,11.472180780592991,11.316510096777662,11.357120513916016,16700,0.0,0.0,0.0
2008-06-26 00:00:00-04:00,11.34357854253197,11.34357854253197,11.133763313293457,11.133763313293457,5100,0.0,0.0,0.0
2008-06-27 00:00:00-04:00,11.09315747348631,11.154071805546982,11.005170822143555,11.005170822143555,2400,0.0,0.0,0.0
2008-06-30 00:00:00-04:00,11.03901031968916,11.255594013688553,11.03901031968916,11.214984893798828,6700,0.0,0.0,0.0
2008-07-01 00:00:00-04:00,11.187914727411279,11.275901385903483,11.187914727411279,11.242060661315918,3700,0.0,0.0,0.0
2008-07-02 00:00:00-04:00,11.302972760870144,11.302972760870144,11.167607307434082,11.167607307434082,700,0.0,0.0,0.0
2008-07-03 00:00:00-04:00,11.09315711924451,11.09315711924451,11.018707275390625,11.018707275390625,1600,0.0,0.0,0.0
2008-07-07 00:00:00-04:00,11.072855424096945,11.09992774794453,10.957795143127441,10.957795143127441,4800,0.0,0.0,0.0
2008-07-08 00:00:00-04:00,11.018705610821192,11.059314727783203,10.957791289907899,11.059314727783203,10500,0.0,0.0,0.0
2008-07-09 00:00:00-04:00,11.194683074951172,11.208218590154477,11.18114626880698,11.194683074951172,1800,0.0,0.0,0.0
2008-07-10 00:00:00-04:00,11.147304835187187,11.194683659164403,11.086390495300293,11.086390495300293,7100,0.0,0.0,0.0
2008-07-11 00:00:00-04:00,11.309742644571918,11.309742644571918,10.991635429227772,11.086390495300293,7300,0.0,0.0,0.0
2008-07-14 00:00:00-04:00,10.991633666032303,11.025475677730205,10.971328459013563,11.018707275390625,12100,0.0,0.0,0.0
2008-07-15 00:00:00-04:00,10.917182922363281,10.917182922363281,10.917182922363281,10.917182922363281,400,0.0,0.0,0.0
2008-07-16 00:00:00-04:00,10.903645244589528,10.903645244589528,10.768279801689557,10.80212116241455,3500,0.0,0.0,0.0
2008-07-17 00:00:00-04:00,10.842734994631385,10.842734994631385,10.741210874345281,10.76828384399414,4700,0.0,0.0,0.0
2008-07-18 00:00:00-04:00,10.876575417796175,10.89011222497652,10.7412105733452,10.829197883605957,6700,0.0,0.0,0.0
2008-07-21 00:00:00-04:00,10.84950131801684,10.957793175847288,10.84950131801684,10.910415649414062,5600,0.0,0.0,0.0
2008-07-22 00:00:00-04:00,10.991637229919434,11.03224636618312,10.937491284587463,10.991637229919434,3700,0.0,0.0,0.0
2008-07-23 00:00:00-04:00,11.451876809606647,11.451876809606647,10.903649028401393,10.964563369750977,35300,0.0,0.0,0.0
2008-07-24 00:00:00-04:00,10.957794844291463,11.36389001845846,10.84273456645983,10.883343696594238,8900,0.0,0.0,0.0
2008-07-25 00:00:00-04:00,10.788588409863156,10.842734994631385,9.820729260813572,10.76828384399414,34700,0.0,0.0,0.0
2008-07-28 00:00:00-04:00,10.863038736426963,10.863038736426963,10.72767453587875,10.775052070617676,3000,0.0,0.0,0.0
2008-07-29 00:00:00-04:00,10.808893318305934,10.829197883605957,10.761515138645223,10.829197883605957,6700,0.0,0.0,0.0
2008-07-30 00:00:00-04:00,10.917183054492991,10.99840259552002,10.829196401742788,10.99840259552002,5600,0.0,0.0,0.0
2008-07-31 00:00:00-04:00,10.971329512659821,11.011939930597377,10.937488788652729,10.978097915649414,5600,0.0,0.0,0.0
2008-08-01 00:00:00-04:00,10.917180756127095,10.917180756127095,10.781816604167663,10.80212116241455,7100,0.0,0.0,0.0
2008-08-04 00:00:00-04:00,10.808894710737802,10.808894710737802,10.714138984680176,10.714138984680176,2400,0.0,0.0,0.0
2008-08-05 00:00:00-04:00,10.673528473854958,10.910417435747036,10.673528473854958,10.829197883605957,8800,0.0,0.0,0.0
2008-08-06 00:00:00-04:00,10.896879254316495,11.011939518956726,10.890110851579914,10.944256782531738,21200,0.0,0.0,0.0
2008-08-07 00:00:00-04:00,10.795353056858595,10.917181055147042,10.795353056858595,10.815657615661621,7300,0.0,0.0,0.0
2008-08-08 00:00:00-04:00,10.49078384637609,11.005170822143555,10.484015443820372,11.005170822143555,9900,0.0,0.0,0.0
2008-08-11 00:00:00-04:00,10.97132722699629,11.147301795242194,10.97132722699629,11.079620361328125,13600,0.0,0.0,0.0
2008-08-12 00:00:00-04:00,11.032243567564796,11.066085581650592,10.964562121274884,11.025476455688477,21500,0.0,0.0,0.0
2008-08-13 00:00:00-04:00,11.005170822143555,11.011939224699272,10.91041576824508,11.005170822143555,54800,0.0,0.0,0.0
2008-08-14 00:00:00-04:00,10.978096119429091,10.978096119429091,10.869804271195909,10.9239501953125,7200,0.0,0.0,0.0
2008-08-15 00:00:00-04:00,10.971328984864073,11.005170998184006,10.937488262484951,10.99840259552002,6700,0.0,0.0,0.0
2008-08-18 00:00:00-04:00,11.208214279466896,11.208214279466896,10.96455831728614,11.039008140563965,7700,0.0,0.0,0.0
2008-08-19 00:00:00-04:00,10.964558878163857,10.978094388853785,10.896876160952385,10.903644561767578,12400,0.0,0.0,0.0
2008-08-20 00:00:00-04:00,10.896876232197227,10.95779054899177,10.896876232197227,10.951022148132324,10600,0.0,0.0,0.0
2008-08-21 00:00:00-04:00,10.957794966163135,10.97133048239783,10.910417431989234,10.964563369750977,9300,0.0,0.0,0.0
2008-08-22 00:00:00-04:00,11.039011970381955,11.039011970381955,10.991634441602681,11.025476455688477,6500,0.0,0.0,0.0
2008-08-25 00:00:00-04:00,11.039015825394488,11.05255263575609,10.863041163517517,10.890114784240723,110000,0.0,0.0,0.0
2008-08-26 00:00:00-04:00,10.951026722580998,10.984867450073663,10.930721511520796,10.971330642700195,109000,0.0,0.0,0.0
2008-08-27 00:00:00-04:00,10.96456310646746,11.11346410900156,10.96456310646746,11.086390495300293,38100,0.0,0.0,0.0
2008-08-28 00:00:00-04:00,11.120230198231933,11.201448440551758,11.106693394198402,11.201448440551758,46900,0.0,0.0,0.0
2008-08-29 00:00:00-04:00,11.174375754896499,11.194680960277134,11.066083908081055,11.066083908081055,33800,0.0,0.0,0.0
2008-09-02 00:00:00-04:00,11.160840923545802,11.201450050542487,10.978097915649414,10.978097915649414,58800,0.0,0.0,0.0
2008-09-03 00:00:00-04:00,10.951026739430292,10.991635870672175,10.896880800794115,10.957795143127441,23700,0.0,0.0,0.0
2008-09-04 00:00:00-04:00,10.876575417796175,10.917184548396222,10.768283542235395,10.829197883605957,11400,0.0,0.0,0.0
2008-09-05 00:00:00-04:00,10.301273821475094,10.727673530578613,10.301273821475094,10.727673530578613,9700,0.0,0.0,0.0
2008-09-08 00:00:00-04:00,11.066085628092237,11.066085628092237,10.849501900797554,10.937488555908203,12900,0.0,0.0,0.0
2008-09-09 00:00:00-04:00,10.937488307182331,10.944256709873978,10.761513710021973,10.761513710021973,9000,0.0,0.0,0.0
2008-09-10 00:00:00-04:00,10.747976311343429,10.822426795959473,10.747976311343429,10.822426795959473,25900,0.0,0.0,0.0
2008-09-11 00:00:00-04:00,11.133766289208408,11.133766289208408,10.626147143457004,10.842731475830078,19800,0.0,0.0,0.0
2008-09-12 00:00:00-04:00,11.343585099824548,11.343585099824548,10.788588261451888,10.971330642700195,13500,0.0,0.0,0.0
2008-09-15 00:00:00-04:00,10.707366817922424,10.808890912769169,10.612611770629883,10.612611770629883,11500,0.0,0.0,0.0
2008-09-16 00:00:00-04:00,10.111762234034265,10.599076271057129,10.111762234034265,10.599076271057129,15000,0.0,0.0,0.0
2008-09-17 00:00:00-04:00,10.423100877880325,10.497552013381856,10.267431495414176,10.308040618896484,14500,0.0,0.0,0.0
2008-09-18 00:00:00-04:00,10.937490822802824,11.140537786489709,10.05085052132312,10.592309951782227,6200,0.0,0.0,0.0
2008-09-19 00:00:00-04:00,11.688765193263064,11.932421255668599,10.003470866008424,10.78858757019043,21600,0.0,0.0,0.0
2008-09-22 00:00:00-04:00,10.788587280030697,10.79535568310172,10.490784645080566,10.490784645080566,28100,0.0,0.0,0.0
2008-09-23 00:00:00-04:00,10.544931003245603,10.55846780993264,10.368956389136951,10.375724792480469,22000,0.0,0.0,0.0
2008-09-24 00:00:00-04:00,11.025476237264298,11.025476237264298,10.159140057943391,10.402796745300293,22300,0.0,0.0,0.0
2008-09-25 00:00:00-04:00,10.355419346584762,10.605844439747369,10.355419346584762,10.558466911315918,34300,0.0,0.0,0.0
2008-09-26 00:00:00-04:00,10.436637648172672,10.558466309157453,10.416333086498668,10.544929504394531,6600,0.0,0.0,0.0
2008-09-29 00:00:00-04:00,10.41633353652693,10.41633353652693,9.78011788553081,10.044079780578613,18500,0.0,0.0,0.0
2008-09-30 00:00:00-04:00,9.536460029962807,10.199747919438243,9.536460029962807,10.179443359375,10400,0.0,0.0,0.0
2008-10-01 00:00:00-04:00,10.186216086730164,10.308044144313445,10.125301735203225,10.29450798034668,38100,0.0,0.0,0.0
2008-10-02 00:00:00-04:00,10.301272596651287,10.301272596651287,10.010237755485434,10.057615280151367,10800,0.0,0.0,0.0
2008-10-03 00:00:00-04:00,10.605842753262008,10.605842753262008,9.901945114135742,9.901945114135742,18900,0.0,0.0,0.0
2008-10-06 00:00:00-04:00,9.57030387921713,9.705668723911543,8.940856544549995,9.3131103515625,14300,0.0,0.0,0.0
2008-10-07 00:00:00-04:00,9.346950013215563,9.346950013215563,8.920550346374512,8.920550346374512,3900,0.0,0.0,0.0
2008-10-08 00:00:00-04:00,8.588905820977587,9.27249897557798,8.426468035370677,8.656588554382324,52300,0.0,0.0,0.0
2008-10-09 00:00:00-04:00,8.913781785451283,8.913781785451283,8.020373344421387,8.020373344421387,15800,0.0,0.0,0.0
2008-10-10 00:00:00-04:00,7.898544359741971,8.121896460775675,6.78178385457345,7.79702091217041,23800,0.0,0.0,0.0
2008-10-13 00:00:00-04:00,8.040676475072868,8.676891326904297,8.040676475072868,8.676891326904297,25600,0.0,0.0,0.0
2008-10-14 00:00:00-04:00,9.313113336223172,9.313113336223172,8.243729752216197,8.724275588989258,15400,0.0,0.0,0.0
2008-10-15 00:00:00-04:00,8.358785126315164,8.385858087923483,8.155737591517608,8.216651916503906,12200,0.0,0.0,0.0
2008-10-16 00:00:00-04:00,8.135434440441358,8.223421096801758,7.6954979312872105,8.223421096801758,10500,0.0,0.0,0.0
2008-10-17 00:00:00-04:00,7.918850634307455,8.62274845412433,7.918850634307455,8.311408996582031,90500,0.0,0.0,0.0
2008-10-20 00:00:00-04:00,8.487382893326528,9.110061755619162,8.385859432386162,8.846099853515625,7000,0.0,0.0,0.0
2008-10-21 00:00:00-04:00,8.79195518422945,8.873174093739662,8.55506685952563,8.710736274719238,10800,0.0,0.0,0.0
2008-10-22 00:00:00-04:00,8.385863247247718,8.534764304968304,7.945926543607672,8.230193138122559,28900,0.0,0.0,0.0
2008-10-23 00:00:00-04:00,8.33847952655466,8.500917933990753,7.945921279068827,8.094822883605957,32700,0.0,0.0,0.0
2008-10-24 00:00:00-04:00,8.907013257437775,8.907013257437775,6.964526378568503,8.074519157409668,15400,0.0,0.0,0.0
2008-10-27 00:00:00-04:00,8.128666287889295,8.128666287889295,7.817326843155478,7.966228485107422,11300,0.0,0.0,0.0
2008-10-28 00:00:00-04:00,8.3452529206923,8.379094302715592,7.790256579204751,8.372325897216797,29400,0.0,0.0,0.0
2008-10-29 00:00:00-04:00,8.52122289309346,8.758111145718845,8.514454491326083,8.52799129486084,20300,0.0,0.0,0.0
2008-10-30 00:00:00-04:00,8.98823259026253,8.98823259026253,8.440004898675847,8.70396614074707,36400,0.0,0.0,0.0
2008-10-31 00:00:00-04:00,8.527993135026419,8.859637147546108,8.527993135026419,8.6295166015625,19300,0.0,0.0,0.0
2008-11-03 00:00:00-05:00,9.150669247674442,9.150669247674442,8.758110371005095,8.832561492919922,29200,0.0,0.0,0.0
2008-11-04 00:00:00-05:00,9.482316474271853,9.482316474271853,8.879942114548484,9.008539199829102,26000,0.0,0.0,0.0
2008-11-05 00:00:00-05:00,9.07622069173353,9.07622069173353,8.663357785776613,8.785185813903809,37300,0.0,0.0,0.0
2008-11-06 00:00:00-05:00,8.744576631686646,8.764881195335843,8.318176922230899,8.45354175567627,47500,0.0,0.0,0.0
2008-11-07 00:00:00-05:00,8.629512885442113,8.670122641851073,8.507684261685414,8.575366973876953,28800,0.0,0.0,0.0
2008-11-10 00:00:00-05:00,8.791951941128678,8.791951941128678,8.487380981445312,8.487380981445312,14800,0.0,0.0,0.0
2008-11-11 00:00:00-05:00,8.36555232482814,8.636282568330289,8.34524776634332,8.412930488586426,10500,0.0,0.0,0.0
2008-11-12 00:00:00-05:00,8.385859543228767,8.385859543228767,8.148970603942871,8.148970603942871,22800,0.0,0.0,0.0
2008-11-13 00:00:00-05:00,8.433236435358447,8.643052392475951,8.027141325988609,8.582138061523438,57000,0.0,0.0,0.0
2008-11-14 00:00:00-05:00,8.027141141143177,8.974696159362793,8.027141141143177,8.974696159362793,5100,0.0,0.0,0.0
2008-11-17 00:00:00-05:00,8.433236378773373,8.95439109864844,8.433236378773373,8.609210968017578,26600,0.0,0.0,0.0
2008-11-18 00:00:00-05:00,8.250492374194426,8.676891990179726,8.23695621655235,8.426466941833496,10900,0.0,0.0,0.0
2008-11-19 00:00:00-05:00,8.5482973378287,8.676893766368877,8.223421096801758,8.223421096801758,166900,0.0,0.0,0.0
2008-11-20 00:00:00-05:00,8.013604387771764,8.196346717398654,7.59397315979004,7.593973159790039,27500,0.0,0.0,0.0
2008-11-21 00:00:00-05:00,7.458610897044076,8.128667410129879,7.458610897044076,8.108362197875977,20400,0.0,0.0,0.0
2008-11-24 00:00:00-05:00,8.176044095255014,8.541529486598616,8.14897112720995,8.473847389221191,9300,0.0,0.0,0.0
2008-11-25 00:00:00-05:00,8.236957733522082,8.920550925304603,8.236957733522082,8.588906288146973,37800,0.0,0.0,0.0
2008-11-26 00:00:00-05:00,8.419698546970066,8.819025202518338,8.412930790878798,8.73780632019043,14600,0.0,0.0,0.0
2008-11-28 00:00:00-05:00,8.771646897211912,8.893475532531738,8.703964178596399,8.893475532531738,10100,0.0,0.0,0.0
2008-12-01 00:00:00-05:00,8.426468676026936,8.737808111512875,8.358786582946777,8.358786582946777,12300,0.0,0.0,0.0
2008-12-02 00:00:00-05:00,8.866405122404272,8.866405122404272,8.331713557174943,8.385859489440918,31200,0.0,0.0,0.0
2008-12-03 00:00:00-05:00,8.446772543885512,8.77841716091083,8.446772543885512,8.758111953735352,28200,0.0,0.0,0.0
2008-12-04 00:00:00-05:00,8.791955233686943,8.791955233686943,8.236959026176548,8.352019309997559,20200,0.0,0.0,0.0
2008-12-05 00:00:00-05:00,8.27756559323038,8.52799129486084,8.115127823635204,8.52799129486084,10000,0.0,0.0,0.0
2008-12-08 00:00:00-05:00,8.697200061820705,8.791955132961489,8.615980507313589,8.663358688354492,38500,0.0,0.0,0.0
2008-12-09 00:00:00-05:00,8.961159168207233,8.961159168207233,8.460309028625488,8.460309028625488,15700,0.0,0.0,0.0
2008-12-10 00:00:00-05:00,8.994997579325442,9.069448041957386,8.60243942095676,8.771645545959473,21800,0.0,0.0,0.0
2008-12-11 00:00:00-05:00,8.819023023759433,8.940851639888418,8.643049144925513,8.697195053100586,20200,0.0,0.0,0.0
2008-12-12 00:00:00-05:00,8.561833860224807,8.683662536444471,8.514456328570697,8.6295166015625,14200,0.0,0.0,0.0
2008-12-15 00:00:00-05:00,9.12359880266761,9.12359880266761,8.42646937762277,8.541529655456543,18300,0.0,0.0,0.0
2008-12-16 00:00:00-05:00,8.798724949922935,8.81226175967179,8.582141157706198,8.805493354797363,10900,0.0,0.0,0.0
2008-12-17 00:00:00-05:00,8.77164875248744,8.77164875248744,8.588905760856061,8.609210968017578,45700,0.0,0.0,0.0
2008-12-18 00:00:00-05:00,8.595672995779005,8.724270041787712,8.494149555641847,8.717501640319824,26900,0.0,0.0,0.0
2008-12-19 00:00:00-05:00,8.521225912706376,9.637986781250587,8.521225912706376,8.59567642211914,48500,0.0,0.0,0.0
2008-12-22 00:00:00-05:00,9.123597908755755,9.123597908755755,8.5076874497974,8.561833381652832,7700,0.0,0.0,0.0
2008-12-23 00:00:00-05:00,8.859200050956439,8.859200050956439,8.467747223455719,8.508953094482422,87600,0.183,0.0,0.0
2008-12-24 00:00:00-05:00,8.529554022841669,8.5432888738491,8.522686269865465,8.536421775817871,5900,0.0,0.0,0.0
2008-12-26 00:00:00-05:00,8.605101625730127,8.618837138522249,8.55016088445223,8.5913667678833,10400,0.0,0.0,0.0
2008-12-29 00:00:00-05:00,8.756182918247935,8.756182918247935,8.426538699228596,8.56389045715332,18400,0.0,0.0,0.0
2008-12-30 00:00:00-05:00,8.591366647775741,8.714982986450195,8.591366647775741,8.714982986450195,15600,0.0,0.0,0.0
2008-12-31 00:00:00-05:00,8.062559716598486,8.900406837463379,8.062559716598486,8.900406837463379,17400,0.0,0.0,0.0
2009-01-02 00:00:00-05:00,8.934741561893405,9.1751070022583,8.934741561893405,9.1751070022583,16000,0.0,0.0,0.0
2009-01-05 00:00:00-05:00,9.312462973774743,9.312462973774743,9.065229031983316,9.085831642150879,9200,0.0,0.0,0.0
2009-01-06 00:00:00-05:00,9.181978988001601,9.257522334669,9.058362007141113,9.058362007141113,7400,0.0,0.0,0.0
2009-01-07 00:00:00-05:00,8.996553443118422,9.017156053278372,8.87293647226839,8.900406837463379,23700,0.0,0.0,0.0
2009-01-08 00:00:00-05:00,8.893537965222166,9.05149303645991,8.893537965222166,9.044625282287598,8200,0.0,0.0,0.0
2009-01-09 00:00:00-05:00,8.88666820526123,8.914138560805124,8.817992643873966,8.88666820526123,8600,0.0,0.0,0.0
2009-01-12 00:00:00-05:00,8.708110092354639,8.797388900030073,8.708110092354639,8.735580444335938,4600,0.0,0.0,0.0
2009-01-13 00:00:00-05:00,8.660039556318766,8.72871578809933,8.632569194595558,8.66690731048584,8700,0.0,0.0,0.0
2009-01-14 00:00:00-05:00,8.550156888266777,8.550156888266777,8.385334741467922,8.454010963439941,11800,0.0,0.0,0.0
2009-01-15 00:00:00-05:00,8.37846698828172,8.46774581486735,8.213644841482866,8.454010963439941,85100,0.0,0.0,0.0
2009-01-16 00:00:00-05:00,8.577628849419355,8.673775447163157,8.529555878020012,8.646305084228516,12200,0.0,0.0,0.0
2009-01-20 00:00:00-05:00,8.58449656196495,8.59136431640135,8.37846851348877,8.37846851348877,6600,0.0,0.0,0.0
2009-01-21 00:00:00-05:00,8.440275505960537,8.543289184570312,8.371599283590689,8.543289184570312,4100,0.0,0.0,0.0
2009-01-22 00:00:00-05:00,8.467748737966037,8.611968329936428,8.419675758957645,8.529557228088379,17300,0.0,0.0,0.0
2009-01-23 00:00:00-05:00,8.36473137198353,8.605096817016602,8.36473137198353,8.605096817016602,4100,0.0,0.0,0.0
2009-01-26 00:00:00-05:00,8.666906809519801,8.845464477872179,7.705443549837084,8.817994117736816,6700,0.0,0.0,0.0
2009-01-27 00:00:00-05:00,8.817996592868862,8.886672185011362,8.728717733632903,8.83859920501709,9100,0.0,0.0,0.0
2009-01-28 00:00:00-05:00,8.87980578355508,8.955349137344538,8.831732144829713,8.907276153564453,33400,0.0,0.0,0.0
2009-01-29 00:00:00-05:00,8.797391018028446,8.934742811002794,8.749317399278665,8.776787757873535,5600,0.0,0.0,0.0
2009-01-30 00:00:00-05:00,9.216318191128325,9.216318191128325,8.577631255091179,8.5913667678833,5400,0.0,0.0,0.0
2009-02-02 00:00:00-05:00,8.488349631812442,8.66690731048584,8.488349631812442,8.66690731048584,3000,0.0,0.0,0.0
2009-02-03 00:00:00-05:00,8.598231240980875,8.756185648102432,8.57076022588664,8.721847534179688,19500,0.0,0.0,0.0
2009-02-04 00:00:00-05:00,8.742452621459961,8.845466992461276,8.742452621459961,8.742452621459961,3300,0.0,0.0,0.0
2009-02-05 00:00:00-05:00,8.694375487651277,8.859197616577148,8.694375487651277,8.859197616577148,5100,0.0,0.0,0.0
2009-02-06 00:00:00-05:00,8.838596570304714,9.017154235550072,8.838596570304714,8.962213516235352,3700,0.0,0.0,0.0
2009-02-09 00:00:00-05:00,8.955345613894023,8.962213367430593,8.852331930625578,8.914139747619629,16700,0.0,0.0,0.0
2009-02-10 00:00:00-05:00,8.914139620525255,8.9484777327735,8.65317153930664,8.65317153930664,4600,0.0,0.0,0.0
2009-02-11 00:00:00-05:00,8.653173080747708,8.673775689788712,8.522688361949367,8.577629089355469,2800,0.0,0.0,0.0
2009-02-12 00:00:00-05:00,8.426541782525474,8.508952867434772,8.385335912598284,8.48148250579834,3600,0.0,0.0,0.0
2009-02-13 00:00:00-05:00,8.660038372868096,8.673773879325196,8.591362805417582,8.639435768127441,302900,0.0,0.0,0.0
2009-02-17 00:00:00-05:00,8.309793227583397,8.309793227583397,8.110632926506364,8.199911117553711,2900,0.0,0.0,0.0
2009-02-18 00:00:00-05:00,8.000750735894414,8.014486245114208,7.8840015273066735,7.938942909240723,18000,0.0,0.0,0.0
2009-02-19 00:00:00-05:00,7.993883130071849,7.993883130071849,7.82906030459623,7.856530666351318,38700,0.0,0.0,0.0
2009-02-20 00:00:00-05:00,7.760383852768162,7.801589063282738,7.588693947419066,7.732913494110107,11300,0.0,0.0,0.0
2009-02-23 00:00:00-05:00,7.801588327659343,7.801588327659343,7.499414410913167,7.513149261474609,23500,0.0,0.0,0.0
2009-02-24 00:00:00-05:00,7.602429958882864,7.7809876448683335,7.540621478738269,7.760385036468506,16300,0.0,0.0,0.0
2009-02-25 00:00:00-05:00,7.712309493352443,7.787853463616931,7.629898425291596,7.71917724609375,20200,0.0,0.0,0.0
2009-02-26 00:00:00-05:00,7.849663698738124,7.86339855237342,7.623033046722413,7.623033046722412,10000,0.0,0.0,0.0
2009-02-27 00:00:00-05:00,7.520018815196562,7.719179108121481,7.465078089903144,7.588695049285889,18400,0.0,0.0,0.0
2009-03-02 00:00:00-05:00,7.3964004333400855,7.417003035802209,7.135431734021784,7.149166584014893,15800,0.0,0.0,0.0
2009-03-03 00:00:00-05:00,7.224713301012772,7.224713301012772,6.915670871734619,6.915670871734619,21000,0.0,0.0,0.0
2009-03-04 00:00:00-05:00,7.018683836764333,7.238446716133144,7.018683836764333,7.142300128936768,12700,0.0,0.0,0.0
2009-03-05 00:00:00-05:00,7.025551522116984,7.039287030696869,6.82639123232434,6.8675971031188965,18200,0.0,0.0,0.0
2009-03-06 00:00:00-05:00,6.9980822254776776,6.9980822254776776,6.723378561502722,6.888200759887695,31300,0.0,0.0,0.0
2009-03-09 00:00:00-04:00,6.798921970083638,6.881333725005862,6.270117248161455,6.778319358825684,48400,0.0,0.0,0.0
2009-03-10 00:00:00-04:00,6.881331833004446,7.05988883972168,6.881331833004446,7.05988883972168,20000,0.0,0.0,0.0
2009-03-11 00:00:00-04:00,7.101094625012103,7.128564983805486,7.053021660859937,7.08049201965332,6100,0.0,0.0,0.0
2009-03-12 00:00:00-04:00,7.04615676585611,7.259051969134264,7.018686395918758,7.252184867858887,16500,0.0,0.0,0.0
2009-03-13 00:00:00-04:00,7.368931686521872,7.389534950256348,7.293388350997503,7.389534950256348,8000,0.0,0.0,0.0
2009-03-16 00:00:00-04:00,7.547489312219851,7.602430038491442,7.451343368717127,7.458210468292236,11500,0.0,0.0,0.0
2009-03-17 00:00:00-04:00,7.430741550769889,7.629901885986329,7.430741550769889,7.629901885986328,5100,0.0,0.0,0.0
2009-03-18 00:00:00-04:00,7.588695670347104,7.835928954401136,7.499416820702413,7.8221940994262695,9000,0.0,0.0,0.0
2009-03-19 00:00:00-04:00,7.774120412299067,8.103765443551037,7.774120412299067,7.932075500488281,19500,0.0,0.0,0.0
2009-03-20 00:00:00-04:00,7.808454881110146,7.993880247297214,7.808454881110146,7.897733688354492,2800,0.0,0.0,0.0
2009-03-23 00:00:00-04:00,7.780987625792452,8.103764879675618,7.780987625792452,8.09689712524414,5800,0.0,0.0,0.0
2009-03-24 00:00:00-04:00,8.344129913032871,8.344129913032871,8.05569079285911,8.138102531433105,11100,0.0,0.0,0.0
2009-03-25 00:00:00-04:00,8.165576293560711,8.220517038862512,7.966415928105344,8.000753402709961,3400,0.0,0.0,0.0
2009-03-26 00:00:00-04:00,8.158705212144095,8.241116296515845,8.055690865470599,8.213645935058594,10700,0.0,0.0,0.0
2009-03-27 00:00:00-04:00,8.110634763752591,8.144972235035892,8.083164393758778,8.124369621276855,8900,0.0,0.0,0.0
2009-03-30 00:00:00-04:00,8.000750011745641,8.000750011745641,7.794722631657309,7.870265960693359,12800,0.0,0.0,0.0
2009-03-31 00:00:00-04:00,7.959545836426291,8.062559539913739,7.945810326657216,7.987016201019287,3400,0.0,0.0,0.0
2009-04-01 00:00:00-04:00,8.000753740818322,8.090032619442972,7.973283367006536,8.076297760009766,7500,0.0,0.0,0.0
2009-04-02 00:00:00-04:00,8.199909097649986,8.296055674637513,8.199909097649986,8.234247207641602,2400,0.0,0.0,0.0
2009-04-03 00:00:00-04:00,8.206778855302536,8.29605770111084,8.206778855302536,8.29605770111084,4200,0.0,0.0,0.0
2009-04-06 00:00:00-04:00,8.193045707303664,8.254854202270508,8.172442439017871,8.254854202270508,4500,0.0,0.0,0.0
2009-04-07 00:00:00-04:00,8.103765141769745,8.193043987431084,8.083162532754093,8.11063289642334,3200,0.0,0.0,0.0
2009-04-08 00:00:00-04:00,8.144973058529425,8.17931118822975,8.117502685758236,8.158708572387695,5700,0.0,0.0,0.0
2009-04-09 00:00:00-04:00,8.316660431907525,8.316660431907525,8.179308611324501,8.261719703674316,15500,0.0,0.0,0.0
2009-04-13 00:00:00-04:00,8.522688886437512,8.522688886437512,8.13123601584266,8.241117477416992,22800,0.0,0.0,0.0
2009-04-14 00:00:00-04:00,8.186175727862091,8.186175727862091,8.131235003912286,8.165573120117188,6500,0.0,0.0,0.0
2009-04-15 00:00:00-04:00,8.138102947245642,8.206778526306152,8.110632584632416,8.206778526306152,14800,0.0,0.0,0.0
2009-04-16 00:00:00-04:00,8.392202988023204,8.392202988023204,8.206777570764777,8.302924156188965,8200,0.0,0.0,0.0
2009-04-17 00:00:00-04:00,8.330395353019473,8.337263107299805,8.275454628667012,8.337263107299805,5500,0.0,0.0,0.0
2009-04-20 00:00:00-04:00,8.117505407110924,8.144975789091422,8.014491638420452,8.035094261169434,4700,0.0,0.0,0.0
2009-04-21 00:00:00-04:00,8.055691514139712,8.124367750785398,8.04882441443125,8.11063289642334,5500,0.0,0.0,0.0
2009-04-22 00:00:00-04:00,8.007616253731179,8.186173894041106,8.007616253731179,8.144968032836914,5800,0.0,0.0,0.0
2009-04-23 00:00:00-04:00,8.07629475788077,8.07629475788077,7.973280403170147,8.028221130371094,12300,0.0,0.0,0.0
2009-04-24 00:00:00-04:00,8.028219453842688,8.096895675974821,8.028219453842688,8.055689811706543,28300,0.0,0.0,0.0
2009-04-27 00:00:00-04:00,8.000748533444384,8.186173927196847,8.000748533444384,8.131233215332031,9800,0.0,0.0,0.0
2009-04-28 00:00:00-04:00,8.110634763752591,8.193045873734025,8.103767007517817,8.124369621276855,4700,0.0,0.0,0.0
2009-04-29 00:00:00-04:00,8.19991280845366,8.309794941142087,8.19991280845366,8.254854202270508,22700,0.0,0.0,0.0
2009-04-30 00:00:00-04:00,8.35099849552151,8.426542487551071,8.309793277091877,8.371601104736328,47000,0.0,0.0,0.0
2009-05-01 00:00:00-04:00,8.357865550961852,8.495217359144014,8.309792581834365,8.48148250579834,7800,0.0,0.0,0.0
2009-05-04 00:00:00-04:00,8.646304702929704,8.66690731048584,8.646304702929704,8.66690731048584,600,0.0,0.0,0.0
2009-05-05 00:00:00-04:00,8.701244206648903,8.756184922393814,8.646303490903993,8.749317169189453,16900,0.0,0.0,0.0
2009-05-06 00:00:00-04:00,8.866068428431669,8.866068428431669,8.783657335531148,8.797392845153809,5400,0.0,0.0,0.0
2009-05-07 00:00:00-04:00,9.092698826885318,9.092698826885318,8.78365707397461,8.78365707397461,4200,0.0,0.0,0.0
2009-05-08 00:00:00-04:00,8.989682782973297,9.147637168063575,8.989682782973297,9.10643196105957,3700,0.0,0.0,0.0
2009-05-11 00:00:00-04:00,9.037760000309449,9.065230369567871,9.02402514315287,9.065230369567871,7000,0.0,0.0,0.0
2009-05-12 00:00:00-04:00,9.09956531452215,9.09956531452215,8.804258456996756,8.962213516235352,3000,0.0,0.0,0.0
2009-05-13 00:00:00-04:00,8.831731032208552,8.893539520679331,8.687511444091797,8.687511444091797,15600,0.0,0.0,0.0
2009-05-14 00:00:00-04:00,8.694377174030501,8.721847534179688,8.63256869995857,8.721847534179688,4600,0.0,0.0,0.0
2009-05-15 00:00:00-04:00,8.618832846697384,8.639435450681018,8.50208366588183,8.536421775817871,5800,0.0,0.0,0.0
2009-05-18 00:00:00-04:00,8.632568014898892,8.660038372868096,8.58449505218903,8.639435768127441,4100,0.0,0.0,0.0
2009-05-19 00:00:00-04:00,8.790525090342479,8.838598064131496,8.783657335531148,8.797392845153809,20700,0.0,0.0,0.0
2009-05-20 00:00:00-04:00,8.907272453414384,8.907272453414384,8.824861377620463,8.872934341430664,2800,0.0,0.0,0.0
2009-05-21 00:00:00-04:00,8.646304134176326,8.65317188789164,8.55015754699707,8.55015754699707,1700,0.0,0.0,0.0
2009-05-22 00:00:00-04:00,8.605097049670055,8.666905514475207,8.605097049670055,8.632567405700684,1900,0.0,0.0,0.0
2009-05-26 00:00:00-04:00,8.783652812760685,8.85919611195205,8.783652812760685,8.824858665466309,2400,0.0,0.0,0.0
2009-05-27 00:00:00-04:00,8.831728475063274,8.893536945637985,8.776787757873535,8.776787757873535,3800,0.0,0.0,0.0
2009-05-28 00:00:00-04:00,8.728714456285582,8.893536601476525,8.72184670316638,8.879801750183105,5300,0.0,0.0,0.0
2009-05-29 00:00:00-04:00,8.89353631016981,8.975947380065918,8.879801459326275,8.975947380065918,2200,0.0,0.0,0.0
2009-06-01 00:00:00-04:00,9.051493319923189,9.257520711983965,9.051493319923189,9.243785858154297,21100,0.0,0.0,0.0
2009-06-02 00:00:00-04:00,9.230049741792236,9.243785249662842,9.195712282005847,9.236917495727539,4500,0.0,0.0,0.0
2009-06-03 00:00:00-04:00,9.044627259572525,9.044627259572525,8.866069541727661,8.934745788574219,6400,0.0,0.0,0.0
2009-06-04 00:00:00-04:00,9.03775835951903,9.092699088061476,9.0171557500519,9.078964233398438,6000,0.0,0.0,0.0
2009-06-05 00:00:00-04:00,9.147640165537144,9.181978285922272,9.024023849073918,9.072096824645996,6200,0.0,0.0,0.0
2009-06-08 00:00:00-04:00,9.010284767419485,9.017152519763284,8.907271102042118,9.003417015075684,3900,0.0,0.0,0.0
2009-06-09 00:00:00-04:00,9.010287093472435,9.017154847589183,8.948478616311867,8.96908187866211,2000,0.0,0.0,0.0
2009-06-10 00:00:00-04:00,9.037758926108681,9.106435168564719,9.037758926108681,9.099567413330078,6500,0.0,0.0,0.0
2009-06-11 00:00:00-04:00,9.223181465061181,9.346797745386322,9.223181465061181,9.30559253692627,1900,0.0,0.0,0.0
2009-06-12 00:00:00-04:00,9.284988964536256,9.415472984313965,9.24378310542782,9.415472984313965,24200,0.0,0.0,0.0
2009-06-15 00:00:00-04:00,9.26438897200945,9.26438897200945,9.11330229691145,9.18884563446045,7600,0.0,0.0,0.0
2009-06-16 00:00:00-04:00,9.250655853271173,9.250655853271173,9.065230369567871,9.065230369567871,3900,0.0,0.0,0.0
2009-06-17 00:00:00-04:00,9.07209506862288,9.07209506862288,8.989683988617422,9.024022102355957,2700,0.0,0.0,0.0
2009-06-18 00:00:00-04:00,9.01715513388866,9.195712816922915,9.01715513388866,9.168242454528809,95200,0.0,0.0,0.0
2009-06-19 00:00:00-04:00,9.230050909417587,9.230050909417587,9.058360968986161,9.078964233398438,6200,0.0,0.0,0.0
2009-06-22 00:00:00-04:00,8.996550638748667,9.024020995380702,8.948477023433883,8.975947380065918,15100,0.0,0.0,0.0
2009-06-23 00:00:00-04:00,8.921158940926409,8.935208331893394,8.843889300343491,8.879012107849121,14200,0.292,0.0,0.0
2009-06-24 00:00:00-04:00,8.970330095277346,8.984378814697266,8.949256011279832,8.984378814697266,1300,0.0,0.0,0.0
2009-06-25 00:00:00-04:00,9.075697755923171,9.117844583724589,9.05462434202246,9.089746475219727,4700,0.0,0.0,0.0
2009-06-26 00:00:00-04:00,9.06164952533353,9.110821723937988,9.054625499743038,9.110821723937988,2700,0.0,0.0,0.0
2009-06-29 00:00:00-04:00,9.13189222064007,9.272382736206055,9.13189222064007,9.272382736206055,1900,0.0,0.0,0.0
2009-06-30 00:00:00-04:00,9.433949205233727,9.433949205233727,9.131894034341443,9.209163665771484,12800,0.0,0.0,0.0
2009-07-01 00:00:00-04:00,9.286432197578112,9.30750560760498,9.286432197578112,9.30750560760498,1700,0.0,0.0,0.0
2009-07-02 00:00:00-04:00,9.040574000965885,9.040574000965885,8.97032907205543,8.9773530960083,6400,0.0,0.0,0.0
2009-07-06 00:00:00-04:00,8.921157980101162,8.94925608909708,8.907109260559082,8.907109260559082,5600,0.0,0.0,0.0
2009-07-07 00:00:00-04:00,8.864960523995606,8.864960523995606,8.745543409963256,8.766616821289062,4700,0.0,0.0,0.0
2009-07-08 00:00:00-04:00,8.78066524032169,8.822812728236336,8.605051935515256,8.682321548461914,17800,0.0,0.0,0.0
2009-07-09 00:00:00-04:00,8.710421702971422,8.73149578685047,8.682323594377776,8.724471092224121,1900,0.0,0.0,0.0
2009-07-10 00:00:00-04:00,8.682321548461914,8.72446903637656,8.626125344516783,8.682321548461914,4400,0.0,0.0,0.0
2009-07-13 00:00:00-04:00,8.710421696417313,8.808765411376953,8.612078651369423,8.808765411376953,2600,0.0,0.0,0.0
2009-07-14 00:00:00-04:00,8.90008626499986,8.907110961067907,8.879012846707612,8.88603687286377,1400,0.0,0.0,0.0
2009-07-15 00:00:00-04:00,9.047597969210264,9.167015075683594,9.047597969210264,9.167015075683594,7300,0.0,0.0,0.0
2009-07-16 00:00:00-04:00,9.082723663533596,9.202140808105469,9.082723663533596,9.202140808105469,3100,0.0,0.0,0.0
2009-07-17 00:00:00-04:00,9.124868393548246,9.188089299031994,9.124868393548246,9.152966499328613,2700,0.0,0.0,0.0
2009-07-20 00:00:00-04:00,9.159992210468426,9.24428653717041,9.159992210468426,9.24428653717041,16300,0.0,0.0,0.0
2009-07-21 00:00:00-04:00,9.307507444638269,9.307507444638269,9.209163728583292,9.300482749938965,7800,0.0,0.0,0.0
2009-07-22 00:00:00-04:00,9.272385522409417,9.321557720066684,9.2513121062202,9.293458938598633,8000,0.0,0.0,0.0
2009-07-23 00:00:00-04:00,9.363706511393293,9.595516147706222,9.363706511393293,9.560393333435059,18700,0.0,0.0,0.0
2009-07-24 00:00:00-04:00,9.50419639689943,9.68683448169628,9.50419639689943,9.672785758972168,8600,0.0,0.0,0.0
2009-07-27 00:00:00-04:00,9.616586012624389,9.728979110717773,9.616586012624389,9.728979110717773,15300,0.0,0.0,0.0
2009-07-28 00:00:00-04:00,9.588488792433287,9.588488792433287,9.532292573144774,9.581464767456055,900,0.0,0.0,0.0
2009-07-29 00:00:00-04:00,9.546343743089672,9.567417161774612,9.42692658735517,9.511220932006836,5400,0.0,0.0,0.0
2009-07-30 00:00:00-04:00,9.707905704299332,9.721955093756646,9.644684791564941,9.644684791564941,2700,0.0,0.0,0.0
2009-07-31 00:00:00-04:00,9.69385698739341,9.69385698739341,9.560390467159626,9.616586685180664,14100,0.0,0.0,0.0
2009-08-03 00:00:00-04:00,9.700882766916745,9.71493148803711,9.616587760547214,9.71493148803711,2000,0.0,0.0,0.0
2009-08-04 00:00:00-04:00,9.728981989692443,9.728981989692443,9.65171167001813,9.672785758972168,1900,0.0,0.0,0.0
2009-08-05 00:00:00-04:00,9.736003815953305,9.736003815953305,9.54634174761025,9.616586685180664,5200,0.0,0.0,0.0
2009-08-06 00:00:00-04:00,9.595511439199848,9.62360954284668,9.588486745810233,9.62360954284668,3300,0.0,0.0,0.0
2009-08-07 00:00:00-04:00,9.630637151579414,9.743029600189674,9.630637151579414,9.71493148803711,2200,0.0,0.0,0.0
2009-08-10 00:00:00-04:00,9.623612376194162,9.806250438625987,9.623612376194162,9.764102935791016,62400,0.0,0.0,0.0
2009-08-11 00:00:00-04:00,9.644686827967838,9.700883727750886,9.623613409244136,9.686834335327148,4000,0.0,0.0,0.0
2009-08-12 00:00:00-04:00,9.764103897768704,9.778153290068477,9.736005783081055,9.736005783081055,8000,0.0,0.0,0.0
2009-08-13 00:00:00-04:00,9.771125722621212,9.785175110792498,9.700880791499884,9.707904815673828,11500,0.0,0.0,0.0
2009-08-14 00:00:00-04:00,9.693858065661468,9.778152402069258,9.658735258013596,9.743029594421387,6600,0.0,0.0,0.0
2009-08-17 00:00:00-04:00,9.553368413901786,9.595515251159668,9.553368413901786,9.595515251159668,4600,0.0,0.0,0.0
2009-08-18 00:00:00-04:00,9.54634174761025,9.623611379911233,9.54634174761025,9.616586685180664,3600,0.0,0.0,0.0
2009-08-19 00:00:00-04:00,9.609563809555292,9.69385814666748,9.595514418414007,9.69385814666748,5700,0.0,0.0,0.0
2009-08-20 00:00:00-04:00,9.644684119016281,9.75707721710205,9.637660094689188,9.75707721710205,11500,0.0,0.0,0.0
2009-08-21 00:00:00-04:00,9.806250480062138,9.91161823272705,9.799225784574656,9.91161823272705,2600,0.0,0.0,0.0
2009-08-24 00:00:00-04:00,9.953765805513484,9.953765805513484,9.911618302204975,9.9186429977417,1300,0.0,0.0,0.0
2009-08-25 00:00:00-04:00,9.939714432257585,9.953763820529296,9.88351821899414,9.88351821899414,3500,0.0,0.0,0.0
2009-08-26 00:00:00-04:00,9.799224914192422,9.93971546190433,9.799224914192422,9.890543937683105,4700,0.0,0.0,0.0
2009-08-27 00:00:00-04:00,9.86946575439668,9.904588541832403,9.806244870994671,9.862441062927246,7800,0.0,0.0,0.0
2009-08-28 00:00:00-04:00,9.827324046332608,9.869471549987793,9.792201238271929,9.869471549987793,12500,0.0,0.0,0.0
2009-08-31 00:00:00-04:00,9.862447634131426,9.862447634131426,9.72195706069318,9.736005783081055,4000,0.0,0.0,0.0
2009-09-01 00:00:00-04:00,9.757077900145015,9.764101924963825,9.602537965631285,9.616586685180664,6100,0.0,0.0,0.0
2009-09-02 00:00:00-04:00,9.511220854862449,9.560392388032453,9.511220854862449,9.532294273376465,1500,0.0,0.0,0.0
2009-09-03 00:00:00-04:00,9.511218212168222,9.553365707397461,9.490144799509459,9.553365707397461,8300,0.0,0.0,0.0
2009-09-04 00:00:00-04:00,9.595514286286255,9.651710510253906,9.581465565250259,9.651710510253906,2900,0.0,0.0,0.0
2009-09-08 00:00:00-04:00,9.743027828624436,9.75707721710205,9.679806920298601,9.75707721710205,7300,0.0,0.0,0.0
2009-09-09 00:00:00-04:00,9.743029727101188,9.799225952138324,9.743029727101188,9.785177230834961,33300,0.0,0.0,0.0
2009-09-10 00:00:00-04:00,9.743030718202904,9.876497268676758,9.743030718202904,9.876497268676758,11800,0.0,0.0,0.0
2009-09-11 00:00:00-04:00,9.883519242819567,9.897568632546644,9.841372413461881,9.890543937683105,8600,0.0,0.0,0.0
2009-09-14 00:00:00-04:00,9.939712606411144,10.002933502197266,9.925663890631773,10.002933502197266,13500,0.0,0.0,0.0
2009-09-15 00:00:00-04:00,10.016984796593759,10.08722972869873,10.009960102409748,10.08722972869873,6400,0.0,0.0,0.0
2009-09-16 00:00:00-04:00,10.108305032065003,10.262844303307201,10.09425564200019,10.22772216796875,18800,0.0,0.0,0.0
2009-09-17 00:00:00-04:00,10.234745170078613,10.234745170078613,10.15045084785072,10.16450023651123,7300,0.0,0.0,0.0
2009-09-18 00:00:00-04:00,10.199624882536089,10.199624882536089,10.122354570754794,10.157477378845215,5000,0.0,0.0,0.0
2009-09-21 00:00:00-04:00,10.1364039619557,10.17855079573473,10.07318304137531,10.157477378845215,7100,0.0,0.0,0.0
2009-09-22 00:00:00-04:00,10.220696451329825,10.220696451329825,10.15045084785072,10.16450023651123,22400,0.0,0.0,0.0
2009-09-23 00:00:00-04:00,10.206648990644405,10.255821190332803,10.108305931091309,10.108305931091309,14800,0.0,0.0,0.0
2009-09-24 00:00:00-04:00,10.031032705051613,10.066155503223815,10.016983987729727,10.045082092285156,19800,0.0,0.0,0.0
2009-09-25 00:00:00-04:00,10.066157347642537,10.066157347642537,10.009961128234863,10.009961128234863,7900,0.0,0.0,0.0
2009-09-28 00:00:00-04:00,10.066158420771389,10.157477454522105,10.066158420771389,10.136404037475586,2700,0.0,0.0,0.0
2009-09-29 00:00:00-04:00,10.213672774086135,10.269868994500797,10.143427163611909,10.255820274353027,7500,0.0,0.0,0.0
2009-09-30 00:00:00-04:00,10.21367257436445,10.21367257436445,10.1083048306253,10.15045166015625,6500,0.0,0.0,0.0
2009-10-01 00:00:00-04:00,10.073181978267971,10.073181978267971,9.9256667357862,9.94674015045166,6700,0.0,0.0,0.0
2009-10-02 00:00:00-04:00,9.771127758469188,9.84137337413813,9.728980924997295,9.834348678588867,13400,0.0,0.0,0.0
2009-10-05 00:00:00-04:00,9.86946876953389,10.016983985900879,9.84839535859908,10.016983985900879,16100,0.0,0.0,0.0
2009-10-06 00:00:00-04:00,10.094254494352374,10.108303882819866,10.009960173282558,10.066156387329102,54300,0.0,0.0,0.0
2009-10-07 00:00:00-04:00,10.009960173282558,10.066156387329102,10.009960173282558,10.066156387329102,3300,0.0,0.0,0.0
2009-10-08 00:00:00-04:00,10.136404043808172,10.136404043808172,10.073183122717268,10.108305931091309,30300,0.0,0.0,0.0
2009-10-09 00:00:00-04:00,10.129379341822796,10.143428063216527,10.101281229123487,10.136404037475586,13500,0.0,0.0,0.0
2009-10-12 00:00:00-04:00,10.192598272161659,10.234745098023017,10.16450016495018,10.18557357788086,13400,0.0,0.0,0.0
2009-10-13 00:00:00-04:00,10.192600186935636,10.192600186935636,10.1364039619557,10.157477378845215,3100,0.0,0.0,0.0
2009-10-14 00:00:00-04:00,10.248797279047315,10.248797279047315,10.164502934445421,10.234747886657715,4100,0.0,0.0,0.0
2009-10-15 00:00:00-04:00,10.20664792936879,10.326065063476562,10.20664792936879,10.326065063476562,16700,0.0,0.0,0.0
2009-10-16 00:00:00-04:00,10.248795571724013,10.326065207258935,10.220697461537515,10.312016487121582,24900,0.0,0.0,0.0
2009-10-19 00:00:00-04:00,10.283917350387018,10.445481300354004,10.283917350387018,10.445481300354004,9300,0.0,0.0,0.0
2009-10-20 00:00:00-04:00,10.396307937286219,10.396307937286219,10.290939550846312,10.34011173248291,9100,0.0,0.0,0.0
2009-10-21 00:00:00-04:00,10.368212707494576,10.431433622892145,10.297967097072437,10.312016487121582,10400,0.0,0.0,0.0
2009-10-22 00:00:00-04:00,10.312016273494644,10.319040298461914,10.241770664527733,10.319040298461914,8900,0.0,0.0,0.0
2009-10-23 00:00:00-04:00,10.304990773557718,10.304990773557718,10.15045084785072,10.16450023651123,7600,0.0,0.0,0.0
2009-10-26 00:00:00-04:00,10.192599176265693,10.283918200281109,9.974838323627122,10.009961128234863,3000,0.0,0.0,0.0
2009-10-27 00:00:00-04:00,10.073180053444846,10.073180053444846,9.384775496769047,10.03103256225586,15300,0.0,0.0,0.0
2009-10-28 00:00:00-04:00,10.009962047849383,10.009962047849383,9.834348678588867,9.834348678588867,12400,0.0,0.0,0.0
2009-10-29 00:00:00-04:00,9.855421196481394,9.967813635371709,9.855421196481394,9.953764915466309,27300,0.0,0.0,0.0
2009-10-30 00:00:00-04:00,9.953765770396778,9.953765770396778,9.743029594421387,9.743029594421387,6600,0.0,0.0,0.0
2009-11-02 00:00:00-05:00,9.71493245026272,9.771128680133865,9.609564686732302,9.686834335327148,10300,0.0,0.0,0.0
2009-11-03 00:00:00-05:00,9.651710562501655,9.743029594421387,9.651710562501655,9.743029594421387,4700,0.0,0.0,0.0
2009-11-04 00:00:00-05:00,9.757078910245045,9.862446662464729,9.757078910245045,9.764102935791016,2900,0.0,0.0,0.0
2009-11-05 00:00:00-05:00,9.834347712353503,9.94674015045166,9.834347712353503,9.94674015045166,5700,0.0,0.0,0.0
2009-11-06 00:00:00-05:00,9.99591167464166,10.045083868743433,9.911617346068043,9.94674015045166,30200,0.0,0.0,0.0
2009-11-09 00:00:00-05:00,9.967812677160802,10.122352600734873,9.967812677160802,10.094254493713379,8500,0.0,0.0,0.0
2009-11-10 00:00:00-05:00,10.185576498738495,10.220699310302734,10.178551802443266,10.220699310302734,11100,0.0,0.0,0.0
2009-11-11 00:00:00-05:00,10.220696451329825,10.255819253069378,10.157475542180975,10.16450023651123,18300,0.0,0.0,0.0
2009-11-12 00:00:00-05:00,10.220695413234505,10.220695413234505,10.024008681346498,10.045082092285156,21500,0.0,0.0,0.0
2009-11-13 00:00:00-05:00,10.073182102531185,10.15747643214466,10.009961187843132,10.101280212402344,5400,0.0,0.0,0.0
2009-11-16 00:00:00-05:00,10.262842178344727,10.283916259078472,10.248793461100547,10.262842178344727,3400,0.0,0.0,0.0
2009-11-17 00:00:00-05:00,10.269867896215517,10.297966003417969,10.227721070367702,10.297966003417969,15800,0.0,0.0,0.0
2009-11-18 00:00:00-05:00,10.262846001525013,10.27689539391461,10.199625745507518,10.234747886657715,9500,0.0,0.0,0.0
2009-11-19 00:00:00-05:00,10.206645125787286,10.206645125787286,9.988885002166798,10.024007797241211,81800,0.0,0.0,0.0
2009-11-20 00:00:00-05:00,10.052109705657582,10.108305931091309,10.009962201626363,10.108305931091309,39300,0.0,0.0,0.0
2009-11-23 00:00:00-05:00,10.206648896021715,10.522752828633886,10.19260017474945,10.21367359161377,64400,0.0,0.0,0.0
2009-11-24 00:00:00-05:00,10.21367359161377,10.241771704070144,10.19260017474945,10.21367359161377,6500,0.0,0.0,0.0
2009-11-25 00:00:00-05:00,10.269867824383525,10.354162145401283,10.241769717377604,10.347137451171875,13400,0.0,0.0,0.0
2009-11-27 00:00:00-05:00,10.122355571905247,10.255822121866974,10.122355571905247,10.220699310302734,2100,0.0,0.0,0.0
2009-11-30 00:00:00-05:00,10.227721960859856,10.227721960859856,10.150451656891672,10.178549766540527,19200,0.0,0.0,0.0
2009-12-01 00:00:00-05:00,10.269866952182763,10.410357475280762,10.269866952182763,10.410357475280762,17900,0.0,0.0,0.0
2009-12-02 00:00:00-05:00,10.452507085072831,10.508703305698617,10.438457694960489,10.487629890441895,5300,0.0,0.0,0.0
2009-12-03 00:00:00-05:00,10.56490130044389,10.62109753050647,10.501680374145508,10.501680374145508,27400,0.0,0.0,0.0
2009-12-04 00:00:00-05:00,10.677291884962028,10.677291884962028,10.44548230919631,10.564899444580078,153400,0.0,0.0,0.0
2009-12-07 00:00:00-05:00,10.487628788539457,10.71943834174326,10.487628788539457,10.670266151428223,17800,0.0,0.0,0.0
2009-12-08 00:00:00-05:00,10.656220523005334,10.656220523005334,10.550852757323966,10.607048988342285,17000,0.0,0.0,0.0
2009-12-09 00:00:00-05:00,10.62811741742516,10.663240212798875,10.536798417418145,10.614068031311035,69300,0.0,0.0,0.0
2009-12-10 00:00:00-05:00,10.712415833716177,10.754563338314968,10.642170216022148,10.726465225219727,80300,0.0,0.0,0.0
2009-12-11 00:00:00-05:00,10.775638467476812,10.888030937712445,10.726466929226714,10.881006240844727,31700,0.0,0.0,0.0
2009-12-14 00:00:00-05:00,11.007446226095539,11.028519643189977,10.895053775042737,10.972323417663574,83000,0.0,0.0,0.0
2009-12-15 00:00:00-05:00,10.902075768103643,10.937197897917034,10.881001686321587,10.930173873901367,303700,0.0,0.0,0.0
2009-12-16 00:00:00-05:00,10.958275657523584,10.979349076466633,10.91612814972558,10.944226264953613,39800,0.0,0.0,0.0
2009-12-17 00:00:00-05:00,10.888029236999122,10.923152045939556,10.845881732288229,10.902078628540039,23800,0.0,0.0,0.0
2009-12-18 00:00:00-05:00,10.979347233130236,10.979347233130236,10.86695479108781,10.951249122619629,127600,0.0,0.0,0.0
2009-12-21 00:00:00-05:00,11.077691021202762,11.112813157117472,10.986371994018555,10.986371994018555,80400,0.0,0.0,0.0
2009-12-22 00:00:00-05:00,11.124629822070549,11.124629822070549,10.96864441814241,11.011185646057129,28200,0.145,0.0,0.0
2009-12-23 00:00:00-05:00,11.039547647926687,11.06790869439084,10.968645369856649,10.9970064163208,105200,0.0,0.0,0.0
2009-12-24 00:00:00-05:00,11.074999267049007,11.124630929952449,11.074999267049007,11.110450744628906,6600,0.0,0.0,0.0
2009-12-28 00:00:00-05:00,11.138811927420697,11.138811927420697,11.096270018569399,11.131721496582031,10500,0.0,0.0,0.0
2009-12-29 00:00:00-05:00,11.160082543755996,11.17426340543333,11.103360449408067,11.131721496582031,8600,0.0,0.0,0.0
2009-12-30 00:00:00-05:00,11.131721360704567,11.15299197678023,11.067908836296889,11.110450744628906,27400,0.0,0.0,0.0
2009-12-31 00:00:00-05:00,11.12463077913548,11.12463077913548,10.919013023376465,10.919013023376465,14100,0.0,0.0,0.0
2010-01-04 00:00:00-05:00,10.926102788546201,11.082088872573843,10.869380699114448,11.02536678314209,27000,0.0,0.0,0.0
2010-01-05 00:00:00-05:00,11.011187007434144,11.011187007434144,10.890652386472333,10.95446491241455,286000,0.0,0.0,0.0
2010-01-06 00:00:00-05:00,10.95446232997435,10.997004229300435,10.926101289150477,10.968643188476562,15300,0.0,0.0,0.0
2010-01-07 00:00:00-05:00,10.961553155928293,10.961553155928293,10.883560459885194,10.926101684570312,15900,0.0,0.0,0.0
2010-01-08 00:00:00-05:00,10.904832703537235,10.904832703537235,10.833929750214537,10.883562088012695,26600,0.0,0.0,0.0
2010-01-11 00:00:00-05:00,10.926102238982791,10.989914755429018,10.926102238982791,10.982824325561523,8900,0.0,0.0,0.0
2010-01-12 00:00:00-05:00,10.91192626953125,10.9544675128041,10.904835836925486,10.91192626953125,16400,0.0,0.0,0.0
2010-01-13 00:00:00-05:00,10.954462747593704,11.032456119968124,10.954462747593704,11.018275260925293,18200,0.0,0.0,0.0
2010-01-14 00:00:00-05:00,10.989914755429018,11.02536622858588,10.982824325561523,10.982824325561523,12500,0.0,0.0,0.0
2010-01-15 00:00:00-05:00,10.954462726420582,10.954462726420582,10.819747946676943,10.926101684570312,10700,0.0,0.0,0.0
2010-01-19 00:00:00-05:00,10.933193355844168,11.03245735168457,10.926102925531143,11.03245735168457,14000,0.0,0.0,0.0
2010-01-20 00:00:00-05:00,10.97573333876314,10.97573333876314,10.848108988527214,10.926101684570312,20600,0.0,0.0,0.0
2010-01-21 00:00:00-05:00,10.911921881511255,10.982824150514308,10.734665194732726,10.777206420898438,24900,0.0,0.0,0.0
2010-01-22 00:00:00-05:00,10.770119285926276,10.770119285926276,10.529050686151756,10.536140441894531,15100,0.0,0.0,0.0
2010-01-25 00:00:00-05:00,10.607040543382668,10.649582447251081,10.607040543382668,10.628311157226562,10700,0.0,0.0,0.0
2010-01-26 00:00:00-05:00,10.62122045001972,10.64958216931221,10.536137320684064,10.599949836730957,18300,0.0,0.0,0.0
2010-01-27 00:00:00-05:00,10.536140859854799,10.536140859854799,10.465238566348763,10.479418754577637,13700,0.0,0.0,0.0
2010-01-28 00:00:00-05:00,10.486504554748535,10.514865594859653,10.394331005342272,10.486504554748535,19600,0.0,0.0,0.0
2010-01-29 00:00:00-05:00,10.507778724534194,10.52905001895704,10.35179328918457,10.35179328918457,8400,0.0,0.0,0.0
2010-02-01 00:00:00-05:00,10.380151353575684,10.451053619384766,10.351790312015938,10.451053619384766,11300,0.0,0.0,0.0
2010-02-02 00:00:00-05:00,10.472328043689771,10.557411193847656,10.394334648909465,10.557411193847656,5200,0.0,0.0,0.0
2010-02-03 00:00:00-05:00,10.514865594859653,10.514865594859653,10.451053085564507,10.486504554748535,10300,0.0,0.0,0.0
2010-02-04 00:00:00-05:00,10.380154483821487,10.380154483821487,10.188716888427734,10.188716888427734,16200,0.0,0.0,0.0
2010-02-05 00:00:00-05:00,10.096541953094183,10.153264045715332,9.997278629097512,10.153264045715332,28700,0.0,0.0,0.0
2010-02-08 00:00:00-05:00,10.13908659279399,10.202899133233293,10.117815971374512,10.117815971374512,6000,0.0,0.0,0.0
2010-02-09 00:00:00-05:00,10.16744708545635,10.2383493783341,10.139086033069086,10.18162727355957,9700,0.0,0.0,0.0
2010-02-10 00:00:00-05:00,10.202897071247527,10.202897071247527,10.05400139904097,10.110723495483398,14700,0.0,0.0,0.0
2010-02-11 00:00:00-05:00,10.061091287223963,10.231258254985905,10.061091287223963,10.224167823791504,5000,0.0,0.0,0.0
2010-02-12 00:00:00-05:00,10.181627830130742,10.195808695189973,10.12490572225554,10.131996154785156,15200,0.0,0.0,0.0
2010-02-16 00:00:00-05:00,10.309248803968922,10.380151748657227,10.309248803968922,10.380151748657227,26100,0.0,0.0,0.0
2010-02-17 00:00:00-05:00,10.458144446869888,10.458144446869888,10.358880459542378,10.380151748657227,12200,0.0,0.0,0.0
2010-02-18 00:00:00-05:00,10.422694617343888,10.458146095275879,10.41560418652135,10.458146095275879,15600,0.0,0.0,0.0
2010-02-19 00:00:00-05:00,10.486507415155414,10.621222223384276,10.436875750468051,10.59286117553711,30200,0.0,0.0,0.0
2010-02-22 00:00:00-05:00,10.592862132915606,10.628313614973834,10.578681945800781,10.578681945800781,8900,0.0,0.0,0.0
2010-02-23 00:00:00-05:00,10.52195752209631,10.54322813616312,10.422693529483478,10.436874389648438,7400,0.0,0.0,0.0
2010-02-24 00:00:00-05:00,10.451053897222575,10.465234756469727,10.365970770281429,10.465234756469727,22900,0.0,0.0,0.0
2010-02-25 00:00:00-05:00,10.35179206465161,10.45105538882646,10.302159726383502,10.443964958190918,15000,0.0,0.0,0.0
2010-02-26 00:00:00-05:00,10.422693793261242,10.436874653785093,10.373062133789062,10.373062133789062,8100,0.0,0.0,0.0
2010-03-01 00:00:00-05:00,10.443963882228998,10.521957258823525,10.436874128504542,10.514866828918457,5200,0.0,0.0,0.0
2010-03-02 00:00:00-05:00,10.578681264039421,10.614132743812917,10.564500401657728,10.60704231262207,11100,0.0,0.0,0.0
2010-03-03 00:00:00-05:00,10.59995160654408,10.670854564252355,10.585771420710856,10.59286117553711,14300,0.0,0.0,0.0
2010-03-04 00:00:00-05:00,10.578681945800781,10.592862132915606,10.521959844979929,10.578681945800781,15100,0.0,0.0,0.0
2010-03-05 00:00:00-05:00,10.670853614807129,10.685033799378663,10.614131524159676,10.670853614807129,29400,0.0,0.0,0.0
2010-03-08 00:00:00-05:00,10.699214119708301,10.727575163599496,10.692123689690346,10.720484733581543,25700,0.0,0.0,0.0
2010-03-09 00:00:00-05:00,10.713395118713379,10.75593702587737,10.692124503221722,10.713395118713379,96500,0.0,0.0,0.0
2010-03-10 00:00:00-05:00,10.734667774689362,10.763028824342962,10.713396480313591,10.748847961425781,21600,0.0,0.0,0.0
2010-03-11 00:00:00-05:00,10.741758886196163,10.791391236491995,10.741758886196163,10.784300804138184,18600,0.0,0.0,0.0
2010-03-12 00:00:00-05:00,10.855202952994935,10.855202952994935,10.763029367920398,10.791390419006348,9000,0.0,0.0,0.0
2010-03-15 00:00:00-04:00,10.791390419006348,10.812661038275612,10.734668316834448,10.791390419006348,16700,0.0,0.0,0.0
2010-03-16 00:00:00-04:00,10.848110611351348,10.897742272968829,10.81265913469,10.883562088012695,32900,0.0,0.0,0.0
2010-03-17 00:00:00-04:00,10.926103864904755,10.968645774259803,10.911923679240212,10.95446491241455,8200,0.0,0.0,0.0
2010-03-18 00:00:00-04:00,10.968646595221573,11.0253686944866,10.890653201596592,10.933195114135742,12200,0.0,0.0,0.0
2010-03-19 00:00:00-04:00,10.897743225097656,10.975735939622254,10.848111559143886,10.897743225097656,17600,0.0,0.0,0.0
2010-03-22 00:00:00-04:00,10.855201041919752,10.883562088012695,10.82683999582681,10.883562088012695,10600,0.0,0.0,0.0
2010-03-23 00:00:00-04:00,10.926102914717575,10.947373529454948,10.87647125493682,10.94028377532959,20400,0.0,0.0,0.0
2010-03-24 00:00:00-04:00,10.954466704628246,10.954466704628246,10.81975187596177,10.826842308044434,42000,0.0,0.0,0.0
2010-03-25 00:00:00-04:00,10.86938121007378,10.86938121007378,10.713395118713379,10.713395118713379,16000,0.0,0.0,0.0
2010-03-26 00:00:00-04:00,10.74175752996719,10.784299442537971,10.713396480313591,10.748847961425781,58600,0.0,0.0,0.0
2010-03-29 00:00:00-04:00,10.777206438833518,10.876470427019703,10.777206438833518,10.869379997253418,36600,0.0,0.0,0.0
2010-03-30 00:00:00-04:00,10.869382176526825,10.919013842480595,10.869382176526825,10.897743225097656,6200,0.0,0.0,0.0
2010-03-31 00:00:00-04:00,10.876472338046968,10.919013571758091,10.826840673323751,10.855201721191406,15100,0.0,0.0,0.0
2010-04-01 00:00:00-04:00,10.961553850456767,11.004095754017932,10.940283236766494,10.989914894104004,19700,0.0,0.0,0.0
2010-04-05 00:00:00-04:00,11.039549144089117,11.067910194396973,11.025368957025579,11.067910194396973,13500,0.0,0.0,0.0
2010-04-06 00:00:00-04:00,11.039546170346918,11.145900587488075,11.039546170346918,11.138810157775879,7900,0.0,0.0,0.0
2010-04-07 00:00:00-04:00,11.145901392229725,11.145901392229725,11.004096168650342,11.02536678314209,41100,0.0,0.0,0.0
2010-04-08 00:00:00-04:00,11.046636981398478,11.046636981398478,10.93319280680953,10.989914894104004,15600,0.0,0.0,0.0
2010-04-09 00:00:00-04:00,10.989913824523684,11.060816764831543,10.96864321290355,11.060816764831543,17300,0.0,0.0,0.0
2010-04-12 00:00:00-04:00,11.188444002738315,11.195534433837956,11.145902768501921,11.167173385620117,26600,0.0,0.0,0.0
2010-04-13 00:00:00-04:00,11.138811791456686,11.138811791456686,11.074999267049007,11.110450744628906,17800,0.0,0.0,0.0
2010-04-14 00:00:00-04:00,11.152990341019677,11.152990341019677,11.074997642727304,11.138810157775879,20000,0.0,0.0,0.0
2010-04-15 00:00:00-04:00,11.131721360704567,11.15299197678023,11.067908836296889,11.110450744628906,22600,0.0,0.0,0.0
2010-04-16 00:00:00-04:00,11.117539788321473,11.117539788321473,10.96155371213965,10.982824325561523,41500,0.0,0.0,0.0
2010-04-19 00:00:00-04:00,10.997009413292693,11.00409984588623,10.911926250712856,11.00409984588623,38400,0.0,0.0,0.0
2010-04-20 00:00:00-04:00,11.082089697801125,11.110450744628906,11.039547789469108,11.110450744628906,7500,0.0,0.0,0.0
2010-04-21 00:00:00-04:00,11.110447743900599,11.13171835423146,11.067905847058368,11.103357315063477,29700,0.0,0.0,0.0
2010-04-22 00:00:00-04:00,11.046638355060136,11.131721496582031,11.025367738724839,11.131721496582031,29700,0.0,0.0,0.0
2010-04-23 00:00:00-04:00,11.145902364305158,11.209714889526367,11.103360455430783,11.209714889526367,7900,0.0,0.0,0.0
2010-04-26 00:00:00-04:00,11.209714477216183,11.216804231617223,11.174263000488281,11.174263000488281,4300,0.0,0.0,0.0
2010-04-27 00:00:00-04:00,11.11045363006581,11.202627225239185,11.00409984588623,11.00409984588623,4500,0.0,0.0,0.0
2010-04-28 00:00:00-04:00,11.025371120648073,11.110454288268384,11.025371120648073,11.096273422241211,15200,0.0,0.0,0.0
2010-04-29 00:00:00-04:00,11.152990756523481,11.216803273949386,11.14590100272775,11.18844223022461,13000,0.0,0.0,0.0
2010-04-30 00:00:00-04:00,11.181352476428879,11.280615791375293,11.181352476428879,11.18844223022461,9300,0.0,0.0,0.0
2010-05-03 00:00:00-04:00,11.230983476766323,11.323157032523843,11.188441575578015,11.308976173400879,10000,0.0,0.0,0.0
2010-05-04 00:00:00-04:00,11.16008006984588,11.202621969266705,11.039545477030854,11.060816764831543,21400,0.0,0.0,0.0
2010-05-05 00:00:00-04:00,10.989916390846973,11.082089964298989,10.933194295827382,10.95446491241455,13500,0.0,0.0,0.0
2010-05-06 00:00:00-04:00,10.911921987142298,10.954463213719823,4.438507642183941,10.599949836730957,29400,0.0,0.0,0.0
2010-05-07 00:00:00-04:00,10.479416435187943,10.677944435899008,10.380153111013092,10.443964958190918,39600,0.0,0.0,0.0
2010-05-10 00:00:00-04:00,10.876471648331652,10.876471648331652,10.71339512629835,10.80556869506836,11600,0.0,0.0,0.0
2010-05-11 00:00:00-04:00,10.777205907834622,10.926101544687427,10.777205907834622,10.904830932617188,9800,0.0,0.0,0.0
2010-05-12 00:00:00-04:00,10.911921131129484,11.060816764831543,10.890649843328795,11.060816764831543,35800,0.0,0.0,0.0
2010-05-13 00:00:00-04:00,11.053730007333433,11.174264640187008,11.004098338339881,11.067910194396973,16200,0.0,0.0,0.0
2010-05-14 00:00:00-04:00,10.98282678194745,10.98282678194745,10.855202396691519,10.933195114135742,13300,0.0,0.0,0.0
2010-05-17 00:00:00-04:00,10.975732941547117,10.982823370798224,10.833927737427752,10.968643188476562,5900,0.0,0.0,0.0
2010-05-18 00:00:00-04:00,11.053730859628809,11.0891823442923,10.841022627828695,10.848113059997559,10500,0.0,0.0,0.0
2010-05-19 00:00:00-04:00,10.812657753887652,10.812657753887652,10.64958192872357,10.755935668945312,18900,0.0,0.0,0.0
2010-05-20 00:00:00-04:00,10.578681686915488,10.578681686915488,10.344702857710288,10.35179328918457,19000,0.0,0.0,0.0
2010-05-21 00:00:00-04:00,10.181625642496758,10.394333839416504,10.153264594652839,10.394333839416504,186900,0.0,0.0,0.0
2010-05-24 00:00:00-04:00,10.337611068265401,10.514867774753052,10.337611068265401,10.422694206237793,33400,0.0,0.0,0.0
2010-05-25 00:00:00-04:00,10.167444514760964,10.29506955632587,10.039819473196058,10.287979125976562,32100,0.0,0.0,0.0
2010-05-26 00:00:00-04:00,10.39433274839419,10.47232612891407,10.316340044054957,10.373062133789062,32000,0.0,0.0,0.0
2010-05-27 00:00:00-04:00,10.46523923342899,10.564502585900899,10.46523923342899,10.543231964111328,48600,0.0,0.0,0.0
2010-05-28 00:00:00-04:00,10.642493930114204,10.713396214397969,10.59286158731675,10.61413288116455,11900,0.0,0.0,0.0
2010-06-01 00:00:00-04:00,10.507774710472347,10.614129113415974,10.344698905944824,10.344698905944824,7400,0.0,0.0,0.0
2010-06-02 00:00:00-04:00,10.373065765237913,10.564502716064453,10.373065765237913,10.564502716064453,6200,0.0,0.0,0.0
2010-06-03 00:00:00-04:00,10.571589888467868,10.713395118713379,10.571589888467868,10.713395118713379,19000,0.0,0.0,0.0
2010-06-04 00:00:00-04:00,10.550316751244905,10.59285797206004,10.358879229035256,10.36596965789795,18100,0.0,0.0,0.0
2010-06-07 00:00:00-04:00,10.451055796723084,10.521958753484421,10.387243270874023,10.387243270874023,12900,0.0,0.0,0.0
2010-06-08 00:00:00-04:00,10.351792337660607,10.465236526098417,10.344701906838068,10.458146095275879,16700,0.0,0.0,0.0
2010-06-09 00:00:00-04:00,10.52196026872,10.599952991444397,10.422696250195559,10.429786682128906,50000,0.0,0.0,0.0
2010-06-10 00:00:00-04:00,10.656672215781194,10.720484733581543,10.614130988034711,10.720484733581543,16100,0.0,0.0,0.0
2010-06-11 00:00:00-04:00,10.677945679454684,10.7063067291191,10.649584629790267,10.6566743850708,6800,0.0,0.0,0.0
2010-06-14 00:00:00-04:00,10.819748323244747,10.87647040891943,10.777206420898438,10.777206420898438,7800,0.0,0.0,0.0
2010-06-15 00:00:00-04:00,10.85520360450241,10.975737571716309,10.85520360450241,10.975737571716309,9200,0.0,0.0,0.0
2010-06-16 00:00:00-04:00,10.947373539264111,11.08208901047637,10.947373539264111,11.046637535095215,43300,0.0,0.0,0.0
2010-06-17 00:00:00-04:00,11.046639579361827,11.053730010986328,10.982827047102873,11.053730010986328,4600,0.0,0.0,0.0
2010-06-18 00:00:00-04:00,11.110454288268384,11.110454288268384,11.067912366367775,11.096273422241211,12300,0.0,0.0,0.0
2010-06-21 00:00:00-04:00,11.23807384282515,11.23807384282515,10.98282378949879,11.018275260925293,16700,0.0,0.0,0.0
2010-06-22 00:00:00-04:00,11.04922821249384,11.063624243720442,10.754101677905737,10.775696754455566,39000,0.233,0.0,0.0
2010-06-23 00:00:00-04:00,10.811689592422738,10.811689592422738,10.646130744746149,10.710914611816406,15100,0.0,0.0,0.0
2010-06-24 00:00:00-04:00,10.739706941307984,10.739706941307984,10.595743179321289,10.595743179321289,2600,0.0,0.0,0.0
2010-06-25 00:00:00-04:00,10.581347989878937,10.674924620319194,10.581347989878937,10.624537467956543,10200,0.0,0.0,0.0
2010-06-28 00:00:00-04:00,10.667724162949321,10.718111991882324,10.602940301802127,10.718111991882324,5000,0.0,0.0,0.0
2010-06-29 00:00:00-04:00,10.509363051520388,10.55255182919235,10.415786451266817,10.42298412322998,24000,0.0,0.0,0.0
2010-06-30 00:00:00-04:00,10.422986165681236,10.530959503965695,10.343806266784668,10.343806266784668,18900,0.0,0.0,0.0
2010-07-01 00:00:00-04:00,10.329409039202961,10.329409039202961,10.235832431432453,10.293417930603027,18300,0.0,0.0,0.0
2010-07-02 00:00:00-04:00,10.329413062566074,10.351007461547852,10.271827540965623,10.351007461547852,4000,0.0,0.0,0.0
2010-07-06 00:00:00-04:00,10.379796981811523,10.42298576629169,10.329409837760211,10.379796981811523,14800,0.0,0.0,0.0
2010-07-07 00:00:00-04:00,10.379798380541912,10.638933181762695,10.379798380541912,10.638933181762695,10000,0.0,0.0,0.0
2010-07-08 00:00:00-04:00,10.804492628854586,10.818888664245605,10.732510392479044,10.818888664245605,25400,0.0,0.0,0.0
2010-07-09 00:00:00-04:00,10.869275093078613,10.883671126600515,10.797292866048931,10.869275093078613,16100,0.0,0.0,0.0
2010-07-12 00:00:00-04:00,10.883669460232959,10.92685892713283,10.854876711124138,10.919660568237305,10800,0.0,0.0,0.0
2010-07-13 00:00:00-04:00,11.034834282996066,11.034834282996066,10.95565437505994,11.006041526794434,10500,0.0,0.0,0.0
2010-07-14 00:00:00-04:00,10.984444987520874,11.01323773810327,10.898066735773684,10.955652236938477,23200,0.0,0.0,0.0
2010-07-15 00:00:00-04:00,10.991648291762022,11.020441055297852,10.869278875116347,11.020441055297852,13900,0.0,0.0,0.0
2010-07-16 00:00:00-04:00,10.898067714849592,10.905265388286834,10.775698342262483,10.790094375610352,2700,0.0,0.0,0.0
2010-07-19 00:00:00-04:00,10.862076070028424,10.934057606190754,10.818886599152346,10.905264854431152,7400,0.0,0.0,0.0
2010-07-20 00:00:00-04:00,10.81888826824709,11.013239887463206,10.790095512045458,11.006041526794434,16500,0.0,0.0,0.0
2010-07-21 00:00:00-04:00,10.998842754395229,11.027635509519035,10.876473373500698,10.890870094299316,12500,0.0,0.0,0.0
2010-07-22 00:00:00-04:00,11.034833688581713,11.157203067465336,11.034833688581713,11.135608673095703,5000,0.0,0.0,0.0
2010-07-23 00:00:00-04:00,11.17159814176722,11.207588564921878,11.09241756329101,11.17879581451416,46600,0.0,0.0,0.0
2010-07-26 00:00:00-04:00,11.22198752643096,11.315564155578613,11.22198752643096,11.315564155578613,16900,0.0,0.0,0.0
2010-07-27 00:00:00-04:00,11.337156168381847,11.416336059570312,11.329957809235628,11.416336059570312,8100,0.0,0.0,0.0
2010-07-28 00:00:00-04:00,11.409140784726267,11.409140784726267,11.315564155578613,11.315564155578613,7300,0.0,0.0,0.0
2010-07-29 00:00:00-04:00,11.365949035400979,11.365949035400979,11.114011954478467,11.17879581451416,8000,0.0,0.0,0.0
2010-07-30 00:00:00-04:00,10.99884391493984,11.15720442806692,10.99884391493984,11.099618911743164,139600,0.0,0.0,0.0
2010-08-02 00:00:00-04:00,11.301165606504153,11.308363965999028,11.23638174399696,11.293967247009277,20600,0.0,0.0,0.0
2010-08-03 00:00:00-04:00,11.28677124875509,11.322761678623156,11.22918573719805,11.243581771850586,8200,0.0,0.0,0.0
2010-08-04 00:00:00-04:00,11.2003888189811,11.272370338439941,11.178793745317575,11.272370338439941,32100,0.0,0.0,0.0
2010-08-05 00:00:00-04:00,11.200391293944287,11.301165580749512,10.97724695542508,11.301165580749512,25600,0.0,0.0,0.0
2010-08-06 00:00:00-04:00,11.243580844405258,11.243580844405258,11.135608190760472,11.236382484436035,17900,0.0,0.0,0.0
2010-08-09 00:00:00-04:00,11.27957121449287,11.301165606504153,11.257976822481588,11.293967247009277,10600,0.0,0.0,0.0
2010-08-10 00:00:00-04:00,11.150004747247253,11.32995963607877,11.12841035280003,11.279572486877441,17100,0.0,0.0,0.0
2010-08-11 00:00:00-04:00,11.078026582369507,11.114017021934067,10.998845967790755,11.020441055297852,16600,0.0,0.0,0.0
2010-08-12 00:00:00-04:00,10.919659811924648,11.006038053268412,10.898065423207015,10.984443664550781,15000,0.0,0.0,0.0
2010-08-13 00:00:00-04:00,10.926859596674413,11.114012134112837,10.926859596674413,11.085219383239746,4400,0.0,0.0,0.0
2010-08-16 00:00:00-04:00,10.998840891305827,11.078021469339,10.998840891305827,11.034832000732422,5700,0.0,0.0,0.0
2010-08-17 00:00:00-04:00,11.157202902008283,11.257977885027817,11.150004541834013,11.221986770629883,12300,0.0,0.0,0.0
2010-08-18 00:00:00-04:00,11.157205525411856,11.193196648272416,11.121214402551297,11.171602249145508,8000,0.0,0.0,0.0
2010-08-19 00:00:00-04:00,11.142806305817455,11.142806305817455,10.94125702400605,10.991644859313965,18600,0.0,0.0,0.0
2010-08-20 00:00:00-04:00,10.912460577866813,10.962847709655762,10.876469475243342,10.962847709655762,29200,0.0,0.0,0.0
2010-08-23 00:00:00-04:00,11.078018573467979,11.078018573467979,10.984441988009728,11.042027473449707,6400,0.0,0.0,0.0
2010-08-24 00:00:00-04:00,10.898068314446824,11.006040973153192,10.869275559693564,10.970049858093262,11000,0.0,0.0,0.0
2010-08-25 00:00:00-04:00,10.905263095130733,10.998839694871455,10.833281570580882,10.984443664550781,6300,0.0,0.0,0.0
2010-08-26 00:00:00-04:00,11.0204360973672,11.042030488685667,10.934057159146686,10.955652236938477,35600,0.0,0.0,0.0
2010-08-27 00:00:00-04:00,10.926863893438638,11.121214866638184,10.926863893438638,11.121214866638184,9100,0.0,0.0,0.0
2010-08-30 00:00:00-04:00,11.09961660655161,11.09961660655161,10.97724723815918,10.97724723815918,3500,0.0,0.0,0.0
2010-08-31 00:00:00-04:00,10.898067341276638,11.042031102187332,10.876472262285013,10.97724723815918,5600,0.0,0.0,0.0
2010-09-01 00:00:00-04:00,11.106812225858734,11.272370338439941,11.106812225858734,11.272370338439941,146100,0.0,0.0,0.0
2010-09-02 00:00:00-04:00,11.301167434260456,11.329960190423314,11.23638356127566,11.315564155578613,26200,0.0,0.0,0.0
2010-09-03 00:00:00-04:00,11.394742594533623,11.423535346984863,11.32276037016884,11.423535346984863,22900,0.0,0.0,0.0
2010-09-07 00:00:00-04:00,11.337159184120098,11.409141421783273,11.329960823059082,11.329960823059082,6300,0.0,0.0,0.0
2010-09-08 00:00:00-04:00,11.358751057777674,11.387543809152683,11.301165555027657,11.308363914489746,11000,0.0,0.0,0.0
2010-09-09 00:00:00-04:00,11.394741668604969,11.437931137008967,11.387543309458751,11.416336059570312,23300,0.0,0.0,0.0
2010-09-10 00:00:00-04:00,11.437930499341109,11.437930499341109,11.373146643583485,11.401939392089844,2800,0.0,0.0,0.0
2010-09-13 00:00:00-04:00,11.46672410300945,11.50991288575327,11.437931352355795,11.473921775817871,14500,0.0,0.0,0.0
2010-09-14 00:00:00-04:00,11.409136680930363,11.488316560279348,11.409136680930363,11.481118202209473,6200,0.0,0.0,0.0
2010-09-15 00:00:00-04:00,11.394741668604969,11.437931137008967,11.380345636785844,11.416336059570312,120100,0.0,0.0,0.0
2010-09-16 00:00:00-04:00,11.365949097379646,11.38034581589867,11.301165236990686,11.322759628295898,25500,0.0,0.0,0.0
2010-09-17 00:00:00-04:00,11.373147405438575,11.373147405438575,11.30116518611416,11.337156295776367,12300,0.0,0.0,0.0
2010-09-20 00:00:00-04:00,11.344355606629968,11.5099137639014,11.344355606629968,11.49551773071289,13400,0.0,0.0,0.0
2010-09-21 00:00:00-04:00,11.553101668497089,11.553101668497089,11.45232738444596,11.473921775817871,187800,0.0,0.0,0.0
2010-09-22 00:00:00-04:00,11.481118202209473,11.553099723488582,11.452325456403187,11.481118202209473,70300,0.0,0.0,0.0
2010-09-23 00:00:00-04:00,11.445128221874981,11.495516046837343,11.387542724609375,11.387542724609375,8100,0.0,0.0,0.0
2010-09-24 00:00:00-04:00,11.553099535413361,11.589091325176812,11.545902550407066,11.581892967224121,16400,0.0,0.0,0.0
2010-09-27 00:00:00-04:00,11.596290882865189,11.675470082643756,11.574695806772922,11.632281303405762,14500,0.0,0.0,0.0
2010-09-28 00:00:00-04:00,11.704264717894592,11.704264717894592,11.56749863450908,11.682669639587402,19100,0.0,0.0,0.0
2010-09-29 00:00:00-04:00,11.610689056363473,11.675472927478914,11.610689056363473,11.639482498168945,16500,0.0,0.0,0.0
2010-09-30 00:00:00-04:00,11.769049223350475,11.769049223350475,11.596292706287409,11.653878211975098,29900,0.0,0.0,0.0
2010-10-01 00:00:00-04:00,11.725861887711707,11.75465395764351,11.668275001954251,11.747455596923828,7400,0.0,0.0,0.0
2010-10-04 00:00:00-04:00,11.812238035839481,11.812238035839481,11.625084798698573,11.646679878234863,15900,0.0,0.0,0.0
2010-10-05 00:00:00-04:00,11.769044226531957,11.81223299422425,11.733052442666569,11.805034637451172,20100,0.0,0.0,0.0
2010-10-06 00:00:00-04:00,11.790644048091517,11.790644048091517,11.704266467841492,11.725861549377441,24100,0.0,0.0,0.0
2010-10-07 00:00:00-04:00,11.819436845115245,11.819436845115245,11.682670748745101,11.754652976989746,17200,0.0,0.0,0.0
2010-10-08 00:00:00-04:00,11.761851597311717,11.81223874631362,11.711464448309814,11.797842025756836,13400,0.0,0.0,0.0
2010-10-11 00:00:00-04:00,11.776248344374256,11.833833853784164,11.776248344374256,11.790643692016602,23300,0.0,0.0,0.0
2010-10-12 00:00:00-04:00,11.704266671561884,11.797842613952643,11.704266671561884,11.783447265625,8300,0.0,0.0,0.0
2010-10-13 00:00:00-04:00,11.920211639519867,11.920211639519867,11.790643897848966,11.84822940826416,87300,0.0,0.0,0.0
2010-10-14 00:00:00-04:00,11.7978424086035,11.805040769115482,11.689869746817527,11.725861549377441,20700,0.0,0.0,0.0
2010-10-15 00:00:00-04:00,11.776243256727827,11.790638598151006,11.71865777219636,11.761846542358398,11900,0.0,0.0,0.0
2010-10-18 00:00:00-04:00,11.797840017157696,11.833831812422002,11.77624631294572,11.82663345336914,15600,0.0,0.0,0.0
2010-10-19 00:00:00-04:00,11.740253127054139,11.812235336109886,11.653875574544399,11.711461067199707,9500,0.0,0.0,0.0
2010-10-20 00:00:00-04:00,11.790643586057922,11.891419256329753,11.769049878315037,11.819437026977539,15600,0.0,0.0,0.0
2010-10-21 00:00:00-04:00,11.8626207970519,11.884215868606043,11.689864343457504,11.761846542358398,14400,0.0,0.0,0.0
2010-10-22 00:00:00-04:00,11.833834319502506,11.833834319502506,11.661077784473981,11.697068214416504,35500,0.0,0.0,0.0
2010-10-25 00:00:00-04:00,11.812235336109886,11.812235336109886,11.711461067199707,11.711461067199707,90200,0.0,0.0,0.0
2010-10-26 00:00:00-04:00,11.689869853838621,11.733058644359028,11.646681063318214,11.697068214416504,11800,0.0,0.0,0.0
2010-10-27 00:00:00-04:00,11.639481492316488,11.653878211975098,11.545905560429025,11.653878211975098,8300,0.0,0.0,0.0
2010-10-28 00:00:00-04:00,11.747455365514796,11.761852086670563,11.63948270274033,11.697068214416504,14700,0.0,0.0,0.0
2010-10-29 00:00:00-04:00,11.661075224338427,11.740254427417927,11.661075224338427,11.73305606842041,7700,0.0,0.0,0.0
2010-11-01 00:00:00-04:00,11.776246965222496,11.797840670630531,11.653877600439133,11.675471305847168,12000,0.0,0.0,0.0
2010-11-02 00:00:00-04:00,11.769049825625732,11.833833694458008,11.769049825625732,11.833833694458008,7400,0.0,0.0,0.0
2010-11-03 00:00:00-04:00,11.877016832235775,11.877016832235775,11.733052442666569,11.805034637451172,9600,0.0,0.0,0.0
2010-11-04 00:00:00-04:00,11.977795626655684,11.977795626655684,11.920210123563942,11.970597267150879,161800,0.0,0.0,0.0
2010-11-05 00:00:00-04:00,11.963400280592767,11.999390705170097,11.941805202078354,11.970597267150879,18300,0.0,0.0,0.0
2010-11-08 00:00:00-05:00,11.891416769082538,11.956200624654448,11.891416769082538,11.949002265930176,15400,0.0,0.0,0.0
2010-11-09 00:00:00-05:00,12.042578681681588,12.042578681681588,11.84103012084961,11.84103012084961,12300,0.0,0.0,0.0
2010-11-10 00:00:00-05:00,11.884221103580675,11.884221103580675,11.76905008378515,11.877022743225098,7600,0.0,0.0,0.0
2010-11-11 00:00:00-05:00,11.819437259829696,11.869824409484863,11.790643818342826,11.869824409484863,11600,0.0,0.0,0.0
2010-11-12 00:00:00-05:00,11.848229559240494,11.848229559240494,11.72586154937744,11.725861549377441,5600,0.0,0.0,0.0
2010-11-15 00:00:00-05:00,11.805038376210558,11.841030171474863,11.790641658104837,11.82663345336914,11600,0.0,0.0,0.0
2010-11-16 00:00:00-05:00,11.668270516763613,11.668270516763613,11.509910760643615,11.581892967224121,59100,0.0,0.0,0.0
2010-11-17 00:00:00-05:00,11.639479662103183,11.653876379498028,11.581894165470343,11.632281303405762,36200,0.0,0.0,0.0
2010-11-18 00:00:00-05:00,11.76184950441048,11.769047863407996,11.682668928384384,11.73305606842041,22200,0.0,0.0,0.0
2010-11-19 00:00:00-05:00,11.769047863407996,11.769047863407996,11.646678506343394,11.73305606842041,13200,0.0,0.0,0.0
2010-11-22 00:00:00-05:00,11.661075224338427,11.75465114541296,11.625083429350841,11.73305606842041,20600,0.0,0.0,0.0
2010-11-23 00:00:00-05:00,11.661076702734695,11.661076702734695,11.567499396849795,11.617886543273926,5700,0.0,0.0,0.0
2010-11-24 00:00:00-05:00,11.653877447023941,11.718661308288574,11.653877447023941,11.718661308288574,8700,0.0,0.0,0.0
2010-11-26 00:00:00-05:00,11.639481518389433,11.711463743896976,11.639481518389433,11.646679878234863,18000,0.0,0.0,0.0
2010-11-29 00:00:00-05:00,11.56750093248769,11.603492736816406,11.502717057642952,11.603492736816406,45800,0.0,0.0,0.0
2010-11-30 00:00:00-05:00,11.531507441634066,11.574696222422979,11.502714005810397,11.545904159545898,45200,0.0,0.0,0.0
2010-12-01 00:00:00-05:00,11.70426564701627,11.70426564701627,11.632283419891472,11.689868927001953,94900,0.0,0.0,0.0
2010-12-02 00:00:00-05:00,11.740251470804255,11.761846542358398,11.661072287664895,11.761846542358398,19400,0.0,0.0,0.0
2010-12-03 00:00:00-05:00,11.754653237033324,11.826635466870403,11.718662808588205,11.797842025756836,25700,0.0,0.0,0.0
2010-12-06 00:00:00-05:00,11.790644253315367,11.805040974589916,11.7546538230759,11.783447265625,16900,0.0,0.0,0.0
2010-12-07 00:00:00-05:00,11.862626622544893,11.862626622544893,11.733058875484465,11.747455596923828,56300,0.0,0.0,0.0
2010-12-08 00:00:00-05:00,11.805036977909666,11.805036977909666,11.682667634398832,11.711461067199707,24000,0.0,0.0,0.0
2010-12-09 00:00:00-05:00,11.790638598151006,11.790638598151006,11.71865777219636,11.761846542358398,19600,0.0,0.0,0.0
2010-12-10 00:00:00-05:00,11.797840017157696,11.841030171474863,11.797840017157696,11.82663345336914,42600,0.0,0.0,0.0
2010-12-13 00:00:00-05:00,11.956203334189592,11.956203334189592,11.86982438286952,11.877022743225098,25600,0.0,0.0,0.0
2010-12-14 00:00:00-05:00,11.913011525283029,11.94180496272513,11.905814538869167,11.920209884643555,10700,0.0,0.0,0.0
2010-12-15 00:00:00-05:00,11.877020593792562,11.934606093268844,11.81943509431628,11.82663345336914,61900,0.0,0.0,0.0
2010-12-16 00:00:00-05:00,11.819436519142364,11.927409172058105,11.776247732565421,11.927409172058105,81800,0.0,0.0,0.0
2010-12-17 00:00:00-05:00,11.898618030019348,11.934608459472656,11.84822950665909,11.934608459472656,12500,0.0,0.0,0.0
2010-12-20 00:00:00-05:00,11.963401128657505,12.020986635831383,11.949004408627339,11.999391555786133,21200,0.0,0.0,0.0
2010-12-21 00:00:00-05:00,12.065734385090103,12.065734385090103,11.992830754680405,12.029282569885254,6500,0.211,0.0,0.0
2010-12-22 00:00:00-05:00,12.073021538372638,12.102184094549614,12.029279094654388,12.094893455505371,16200,0.0,0.0,0.0
2010-12-23 00:00:00-05:00,12.080315589904785,12.102187513215972,12.065734307697328,12.080315589904785,14300,0.0,0.0,0.0
2010-12-27 00:00:00-05:00,12.087605476379395,12.09489611702797,12.014700460441174,12.087605476379395,7800,0.0,0.0,0.0
2010-12-28 00:00:00-05:00,12.058445057141206,12.094896872112242,12.051154416037477,12.080315589904785,8600,0.0,0.0,0.0
2010-12-29 00:00:00-05:00,12.080315589904785,12.102187513215972,12.065734307697328,12.080315589904785,9300,0.0,0.0,0.0
2010-12-30 00:00:00-05:00,12.13134868708328,12.13134868708328,12.058445057141206,12.080315589904785,18100,0.0,0.0,0.0
2010-12-31 00:00:00-05:00,12.109476915298034,12.116767555655796,12.051153182983398,12.051153182983398,9600,0.0,0.0,0.0
2011-01-03 00:00:00-05:00,12.189671516418457,12.21154343809872,12.13134778248526,12.189671516418457,19000,0.0,0.0,0.0
2011-01-04 00:00:00-05:00,12.277157982995947,12.284448623657227,12.18238104494683,12.284448623657227,14300,0.0,0.0,0.0
2011-01-05 00:00:00-05:00,12.277157982995947,12.313609795754825,12.24070617023707,12.284448623657227,15900,0.0,0.0,0.0
2011-01-06 00:00:00-05:00,12.291739974300118,12.291739974300118,12.138639292665054,12.167801856994629,24200,0.0,0.0,0.0
2011-01-07 00:00:00-05:00,12.2407080327127,12.25528792570613,12.160512363784031,12.247997283935547,12900,0.0,0.0,0.0
2011-01-10 00:00:00-05:00,12.277156629542606,12.277156629542606,12.160509172916573,12.269865989685059,20300,0.0,0.0,0.0
2011-01-11 00:00:00-05:00,12.335480559098503,12.335480559098503,12.233414380522444,12.277156829833984,36000,0.0,0.0,0.0
2011-01-12 00:00:00-05:00,12.328187190616585,12.386510906972752,12.306315275527867,12.335477828979492,22700,0.0,0.0,0.0
2011-01-13 00:00:00-05:00,12.3792238964769,12.3792238964769,12.291738991577782,12.328190803527832,22800,0.0,0.0,0.0
2011-01-14 00:00:00-05:00,12.342772565121214,12.386515019273986,12.291739470185057,12.364643096923828,20300,0.0,0.0,0.0
2011-01-18 00:00:00-05:00,12.437551422935709,12.437551422935709,12.350066491356804,12.415680885314941,8300,0.0,0.0,0.0
2011-01-19 00:00:00-05:00,12.422969101237879,12.422969101237879,12.291740338956858,12.3427734375,23800,0.0,0.0,0.0
2011-01-20 00:00:00-05:00,12.371933937072754,12.415677782477974,12.350063404917712,12.371933937072754,19100,0.0,0.0,0.0
2011-01-21 00:00:00-05:00,12.48858393464081,12.48858393464081,12.364645795370214,12.393808364868164,55200,0.0,0.0,0.0
2011-01-24 00:00:00-05:00,12.452127456665039,12.488579264357954,12.422966288620172,12.452127456665039,44400,0.0,0.0,0.0
2011-01-25 00:00:00-05:00,12.430255537720893,12.473999375609186,12.393803730027978,12.452127456665039,8100,0.0,0.0,0.0
2011-01-26 00:00:00-05:00,12.576068159784631,12.576068159784631,12.444839399977521,12.495872497558594,10000,0.0,0.0,0.0
2011-01-27 00:00:00-05:00,12.539615911260805,12.576067725259923,12.459420251805666,12.568777084350586,28100,0.0,0.0,0.0
2011-01-28 00:00:00-05:00,12.561489256525222,12.561489256525222,12.350066184997559,12.350066184997559,23300,0.0,0.0,0.0
2011-01-31 00:00:00-05:00,12.371936995541438,12.408390209057393,12.350066457979775,12.379227638244629,12600,0.0,0.0,0.0
2011-02-01 00:00:00-05:00,12.437548602194386,12.52503490447998,12.415678069533687,12.52503490447998,24400,0.0,0.0,0.0
2011-02-02 00:00:00-05:00,12.488583487452635,12.503164771679488,12.452131667433303,12.466712951660156,13900,0.0,0.0,0.0
2011-02-03 00:00:00-05:00,12.481293360029872,12.488582611083984,12.393807051355783,12.488582611083984,18600,0.0,0.0,0.0
2011-02-04 00:00:00-05:00,12.48128845369525,12.48128845369525,12.379220901939796,12.430253982543945,14800,0.0,0.0,0.0
2011-02-07 00:00:00-05:00,12.503164489581827,12.52503641542863,12.466712670384926,12.510455131530762,7900,0.0,0.0,0.0
2011-02-08 00:00:00-05:00,12.517744263410547,12.52503490447998,12.488581699132816,12.52503490447998,24800,0.0,0.0,0.0
2011-02-09 00:00:00-05:00,12.525035062203559,12.525035062203559,12.452130041138762,12.495872497558594,20900,0.0,0.0,0.0
2011-02-10 00:00:00-05:00,12.488581699132816,12.539616186618845,12.488581699132816,12.52503490447998,86200,0.0,0.0,0.0
2011-02-11 00:00:00-05:00,12.481292448610983,12.554196078210111,12.481292448610983,12.52503490447998,12500,0.0,0.0,0.0
2011-02-14 00:00:00-05:00,12.568777596957366,12.568777596957366,12.41567830325997,12.444839477539062,20200,0.0,0.0,0.0
2011-02-15 00:00:00-05:00,12.488581021061117,12.510452943081873,12.430257286219963,12.481291770935059,21400,0.0,0.0,0.0
2011-02-16 00:00:00-05:00,12.53961798224662,12.53961798224662,12.408389205300544,12.466712951660156,23800,0.0,0.0,0.0
2011-02-17 00:00:00-05:00,12.510454655945953,12.510454655945953,12.452130913119424,12.474002838134766,28600,0.0,0.0,0.0
2011-02-18 00:00:00-05:00,12.532325703364801,12.532325703364801,12.452130041138762,12.495872497558594,40300,0.0,0.0,0.0
2011-02-22 00:00:00-05:00,12.393807212741674,12.466712239161463,12.350064753108889,12.386516571044922,15200,0.0,0.0,0.0
2011-02-23 00:00:00-05:00,12.40109492833951,12.40109492833951,12.277156829833984,12.277156829833984,5900,0.0,0.0,0.0
2011-02-24 00:00:00-05:00,12.299033130775078,12.306322382800662,12.211546810441293,12.262579917907715,15800,0.0,0.0,0.0
2011-02-25 00:00:00-05:00,12.364640287337428,12.401093482971191,12.291736677164362,12.401093482971191,21200,0.0,0.0,0.0
2011-02-28 00:00:00-05:00,12.466711364509308,12.568777560007518,12.466711364509308,12.532325744628906,16000,0.0,0.0,0.0
2011-03-01 00:00:00-05:00,12.561488803448519,12.597942014843904,12.408389487231396,12.42297077178955,20700,0.0,0.0,0.0
2011-03-02 00:00:00-05:00,12.474001842840456,12.474001842840456,12.37922489921723,12.437548637390137,8500,0.0,0.0,0.0
2011-03-03 00:00:00-05:00,12.561486443441249,12.576067725259923,12.525034629442132,12.568777084350586,12600,0.0,0.0,0.0
2011-03-04 00:00:00-05:00,12.554195396575858,12.554195396575858,12.386514832725977,12.481291770935059,11900,0.0,0.0,0.0
2011-03-07 00:00:00-05:00,12.933302014960839,12.933302014960839,12.474002718428055,12.488582611083984,11700,0.0,0.0,0.0
2011-03-08 00:00:00-05:00,12.561486962050822,12.663554548447904,12.49587258170542,12.641682624816895,15000,0.0,0.0,0.0
2011-03-09 00:00:00-05:00,12.685424926433983,12.743748664855957,12.634391829133207,12.743748664855957,16600,0.0,0.0,0.0
2011-03-10 00:00:00-05:00,12.692714997393153,12.692714997393153,12.56148624420166,12.56148624420166,12400,0.0,0.0,0.0
2011-03-11 00:00:00-05:00,12.55419572712775,12.656263308697856,12.503162631616478,12.619810104370117,31600,0.0,0.0,0.0
2011-03-14 00:00:00-04:00,12.568777560007518,12.568777560007518,12.422968907945451,12.532325744628906,17500,0.0,0.0,0.0
2011-03-15 00:00:00-04:00,12.240709598527731,12.38651828094782,12.204256385011774,12.379227638244629,42600,0.0,0.0,0.0
2011-03-16 00:00:00-04:00,12.342772187085293,12.342772187085293,12.094895970232324,12.189671516418457,15400,0.0,0.0,0.0
2011-03-17 00:00:00-04:00,12.379226054710555,12.379226054710555,12.160512363784031,12.247997283935547,25700,0.0,0.0,0.0
2011-03-18 00:00:00-04:00,12.335481717738665,12.386514811820103,12.269867342334667,12.284448623657227,23000,0.0,0.0,0.0
2011-03-21 00:00:00-04:00,12.415678104667549,12.488581734472978,12.415678104667549,12.437548637390137,10800,0.0,0.0,0.0
2011-03-22 00:00:00-04:00,12.437552089518965,12.488585200766401,12.393809621385161,12.459424018859863,25000,0.0,0.0,0.0
2011-03-23 00:00:00-04:00,12.422966288620172,12.466708735961136,12.357351922335061,12.452127456665039,12300,0.0,0.0,0.0
2011-03-24 00:00:00-04:00,12.481293954282794,12.546906950727664,12.415679567290153,12.510455131530762,126600,0.0,0.0,0.0
2011-03-25 00:00:00-04:00,12.539615631103516,12.605230007274042,12.51045306811771,12.539615631103516,31000,0.0,0.0,0.0
2011-03-28 00:00:00-04:00,12.539614631184335,12.612518251740378,12.488580150028707,12.503161430358887,11400,0.0,0.0,0.0
2011-03-29 00:00:00-04:00,12.437545548071615,12.612516719129857,12.437545548071615,12.60522747039795,75200,0.0,0.0,0.0
2011-03-30 00:00:00-04:00,12.692713913052824,12.81665201486257,12.678132632711106,12.787490844726562,17300,0.0,0.0,0.0
2011-03-31 00:00:00-04:00,12.729166030883789,12.794780403459269,12.714586140737264,12.729166030883789,44200,0.0,0.0,0.0
2011-04-01 00:00:00-04:00,12.823942467984647,12.867684917824349,12.809361187855611,12.853103637695312,23300,0.0,0.0,0.0
2011-04-04 00:00:00-04:00,12.926009882579514,12.926009882579514,12.80207177073805,12.809362411499023,14200,0.0,0.0,0.0
2011-04-05 00:00:00-04:00,12.867685105511153,12.867685105511153,12.780200204555703,12.787490844726562,25400,0.0,0.0,0.0
2011-04-06 00:00:00-04:00,12.809363286925857,12.874977667711342,12.809363286925857,12.860396385192871,18700,0.0,0.0,0.0
2011-04-07 00:00:00-04:00,12.882267428561216,12.882267428561216,12.772910598241697,12.809362411499023,8000,0.0,0.0,0.0
2011-04-08 00:00:00-04:00,12.882268867990412,12.882268867990412,12.72187892497009,12.77291202545166,20600,0.0,0.0,0.0
2011-04-11 00:00:00-04:00,12.831235528020539,12.831235528020539,12.627101739356611,12.656264305114746,26800,0.0,0.0,0.0
2011-04-12 00:00:00-04:00,12.634388989456182,12.634388989456182,12.539613457277365,12.583355903625488,60200,0.0,0.0,0.0
2011-04-13 00:00:00-04:00,12.670841686746487,12.685422966736304,12.612517957334608,12.634389877319336,15700,0.0,0.0,0.0
2011-04-14 00:00:00-04:00,12.619806229849239,12.678129948319567,12.546901234124547,12.670839309692383,7700,0.0,0.0,0.0
2011-04-15 00:00:00-04:00,12.736455213826867,12.809360218406985,12.678131488272232,12.78019905090332,22300,0.0,0.0,0.0
2011-04-18 00:00:00-04:00,12.619809067850415,12.663552909450829,12.554194695997241,12.597938537597656,29800,0.0,0.0,0.0
2011-04-19 00:00:00-04:00,12.648971157309155,12.648971157309155,12.590647427897277,12.634389877319336,6800,0.0,0.0,0.0
2011-04-20 00:00:00-04:00,12.802071571350098,12.845815415234643,12.743747836718224,12.802071571350098,16700,0.0,0.0,0.0
2011-04-21 00:00:00-04:00,12.823944569444329,12.860396385192871,12.809363286925857,12.860396385192871,15700,0.0,0.0,0.0
2011-04-25 00:00:00-04:00,12.911426727453142,12.911426727453142,12.81665119240865,12.845813751220703,8500,0.0,0.0,0.0
2011-04-26 00:00:00-04:00,12.904139443611177,12.984333711463313,12.904139443611177,12.955172538757324,22000,0.0,0.0,0.0
2011-04-27 00:00:00-04:00,13.006205957085616,13.035367130516212,12.99891531609107,13.020787239074707,11600,0.0,0.0,0.0
2011-04-28 00:00:00-04:00,13.049947158790472,13.181175902989906,13.049947158790472,13.15201473236084,24100,0.0,0.0,0.0
2011-04-29 00:00:00-04:00,13.181175985798918,13.195757266478783,13.137433534306783,13.173885345458984,16000,0.0,0.0,0.0
2011-05-02 00:00:00-04:00,13.217629551797113,13.305115856944012,13.181177735805367,13.203049659729004,47000,0.0,0.0,0.0
2011-05-03 00:00:00-04:00,13.26866340637207,13.363438957746515,13.246791483494471,13.26866340637207,10000,0.0,0.0,0.0
2011-05-04 00:00:00-04:00,13.232211112976074,13.261373678821517,13.188468654755587,13.232211112976074,32000,0.0,0.0,0.0
2011-05-05 00:00:00-04:00,13.166594021172754,13.224917750315093,13.07910912273294,13.130142211914062,54000,0.0,0.0,0.0
2011-05-06 00:00:00-04:00,13.407182821086261,13.407182821086261,13.159306564629778,13.195759773254395,25300,0.0,0.0,0.0
2011-05-09 00:00:00-04:00,13.195759019548456,13.290534575463683,13.173887095622952,13.27595329284668,9400,0.0,0.0,0.0
2011-05-10 00:00:00-04:00,13.290534618868431,13.523829579311798,13.290534618868431,13.509249687194824,9800,0.0,0.0,0.0
2011-05-11 00:00:00-04:00,13.538414152238685,13.538414152238685,13.378024175590953,13.399894714355469,214500,0.0,0.0,0.0
2011-05-12 00:00:00-04:00,13.443632192477937,13.560279645686427,13.378017826229746,13.55298900604248,49000,0.0,0.0,0.0
2011-05-13 00:00:00-04:00,13.611310619110146,13.611310619110146,13.385306387430592,13.458209991455078,52300,0.0,0.0,0.0
2011-05-16 00:00:00-04:00,13.465506276130652,13.531120659702864,13.421763817265076,13.436345100402832,47400,0.0,0.0,0.0
2011-05-17 00:00:00-04:00,13.378020686637388,13.472796241178374,13.3707300454346,13.465505599975586,83000,0.0,0.0,0.0
2011-05-18 00:00:00-04:00,13.494664192199707,13.494664192199707,13.407177914068274,13.494664192199707,218400,0.0,0.0,0.0
2011-05-19 00:00:00-04:00,13.54569727504837,13.54569727504837,13.414468553124827,13.494664192199707,47900,0.0,0.0,0.0
2011-05-20 00:00:00-04:00,13.501959244464649,13.567573626872933,13.414472937737713,13.51654052734375,42500,0.0,0.0,0.0
2011-05-23 00:00:00-04:00,13.378017289633515,13.429050374546861,13.319693565368652,13.319693565368652,54700,0.0,0.0,0.0
2011-05-24 00:00:00-04:00,13.378018331738284,13.414470140788076,13.326985242849625,13.341565132141113,59500,0.0,0.0,0.0
2011-05-25 00:00:00-04:00,13.305113522664689,13.370727892376415,13.224917872895377,13.348855972290039,23400,0.0,0.0,0.0
2011-05-26 00:00:00-04:00,13.297822181008737,13.39988835493175,13.24678909404723,13.392599105834961,10600,0.0,0.0,0.0
2011-05-27 00:00:00-04:00,13.472797476329768,13.472797476329768,13.399892448165774,13.421764373779297,38800,0.0,0.0,0.0
2011-05-31 00:00:00-04:00,13.552990586975726,13.552990586975726,13.43634312016051,13.48737621307373,184100,0.0,0.0,0.0
2011-06-01 00:00:00-04:00,13.501960890427549,13.501960890427549,13.341569540300197,13.363441467285156,39200,0.0,0.0,0.0
2011-06-02 00:00:00-04:00,13.4071811356569,13.4071811356569,13.224919287089309,13.312405586242676,16900,0.0,0.0,0.0
2011-06-03 00:00:00-04:00,13.152014814986648,13.254080998650782,13.122852253626919,13.173885345458984,42000,0.0,0.0,0.0
2011-06-06 00:00:00-04:00,13.159300720159708,13.159300720159708,13.04265328546328,13.049943923950195,64100,0.0,0.0,0.0
2011-06-07 00:00:00-04:00,13.195755688616272,13.195755688616272,13.049945680347554,13.079108238220215,34600,0.0,0.0,0.0
2011-06-08 00:00:00-04:00,13.064526959283885,13.108269405545581,12.991621955149526,13.079108238220215,34200,0.0,0.0,0.0
2011-06-09 00:00:00-04:00,13.122850885721663,13.130141525301632,13.028075352276716,13.08639907836914,12100,0.0,0.0,0.0
2011-06-10 00:00:00-04:00,13.064530252350375,13.064530252350375,12.991625229839459,13.006206512451172,27200,0.0,0.0,0.0
2011-06-13 00:00:00-04:00,12.969754696469536,13.049948969738663,12.955173413857825,13.006206512451172,413500,0.0,0.0,0.0
2011-06-14 00:00:00-04:00,13.115562714258283,13.130143996162158,13.049948336238426,13.071820259094238,164800,0.0,0.0,0.0
2011-06-15 00:00:00-04:00,13.035367524773031,13.049948807203135,12.867686948469718,12.911429405212402,31200,0.0,0.0,0.0
2011-06-16 00:00:00-04:00,12.911425978528396,13.042654704476059,12.911425978528396,13.013493537902832,29400,0.0,0.0,0.0
2011-06-17 00:00:00-04:00,13.115561085085309,13.14472364527058,13.071818635354811,13.100979804992676,14100,0.0,0.0,0.0
2011-06-20 00:00:00-04:00,13.086400360261122,13.173885262695777,13.064528439378732,13.15201473236084,36800,0.0,0.0,0.0
2011-06-21 00:00:00-04:00,13.258020615566586,13.272743906959237,13.169682271301031,13.221212387084961,49600,0.174,0.0,0.0
2011-06-22 00:00:00-04:00,13.162319198633499,13.228572598627325,13.110789088436123,13.147597312927246,57300,0.0,0.0,0.0
2011-06-23 00:00:00-04:00,13.073982471734114,13.073982471734114,12.926752379656099,13.066620826721191,33000,0.0,0.0,0.0
2011-06-24 00:00:00-04:00,13.169682029695254,13.184405320817797,13.073983445579369,13.096068382263184,54200,0.0,0.0,0.0
2011-06-27 00:00:00-04:00,13.066621574688718,13.206490029760246,13.066621574688718,13.191766738891602,36700,0.0,0.0,0.0
2011-06-28 00:00:00-04:00,13.22857238768917,13.294825786626541,13.19176556787515,13.287464141845703,17800,0.0,0.0,0.0
2011-06-29 00:00:00-04:00,13.353721638218726,13.375806579337752,13.302191513031605,13.33899974822998,224900,0.0,0.0,0.0
2011-06-30 00:00:00-04:00,13.397888416879786,13.40524865812388,13.302188431623202,13.39052677154541,178000,0.0,0.0,0.0
2011-07-01 00:00:00-04:00,13.40524800022774,13.581924671401307,13.397887759344867,13.574563026428223,40700,0.0,0.0,0.0
2011-07-05 00:00:00-04:00,13.574568276886074,13.574568276886074,13.478868259310746,13.515676498413086,79600,0.0,0.0,0.0
2011-07-06 00:00:00-04:00,13.471502559819353,13.559840903005691,13.456780672696905,13.537755966186523,67400,0.0,0.0,0.0
2011-07-07 00:00:00-04:00,13.640815454312925,13.640815454312925,13.515670306875554,13.58928394317627,291200,0.0,0.0,0.0
2011-07-08 00:00:00-04:00,13.500951761142064,13.545120239257812,13.449421635991923,13.545120239257812,43100,0.0,0.0,0.0
2011-07-11 00:00:00-04:00,13.39788862664464,13.39788862664464,13.302188639889724,13.309550285339355,53100,0.0,0.0,0.0
2011-07-12 00:00:00-04:00,13.265384909166185,13.412613640209969,13.250661614834618,13.37580680847168,36900,0.0,0.0,0.0
2011-07-13 00:00:00-04:00,13.419975057485196,13.464144939723248,13.324276454150631,13.33899974822998,48300,0.0,0.0,0.0
2011-07-14 00:00:00-04:00,13.390528176415447,13.412611710645187,13.228574770248402,13.258021354675293,36800,0.0,0.0,0.0
2011-07-15 00:00:00-04:00,13.3021881527484,13.30954979792844,13.221211459858207,13.29482650756836,38800,0.0,0.0,0.0
2011-07-18 00:00:00-04:00,13.287463624822076,13.287463624822076,13.073981550845179,13.14023494720459,50600,0.0,0.0,0.0
2011-07-19 00:00:00-04:00,13.199129823060098,13.258021588863711,13.140238057256486,13.250659942626953,36200,0.0,0.0,0.0
2011-07-20 00:00:00-04:00,13.280102972798057,13.346354963013852,13.25065639573319,13.316909790039062,29700,0.0,0.0,0.0
2011-07-21 00:00:00-04:00,13.375801596792995,13.523031674561437,13.375801596792995,13.478861808776855,44900,0.0,0.0,0.0
2011-07-22 00:00:00-04:00,13.508311975424212,13.508311975424212,13.412611978218091,13.442058563232422,23800,0.0,0.0,0.0
2011-07-25 00:00:00-04:00,13.316910542505575,13.471500868560955,13.316910542505575,13.397887229919434,18200,0.0,0.0,0.0
2011-07-26 00:00:00-04:00,13.397889822000423,13.405250064016432,13.316913118920054,13.346358299255371,28600,0.0,0.0,0.0
2011-07-27 00:00:00-04:00,13.280102692658854,13.302186220901582,13.206487655639648,13.206487655639648,45200,0.0,0.0,0.0
2011-07-28 00:00:00-04:00,13.199128611940338,13.228573790095103,13.096068382263184,13.096068382263184,9400,0.0,0.0,0.0
2011-07-29 00:00:00-04:00,13.022451866126794,13.110788794746295,12.904668358574016,13.007728576660156,35600,0.0,0.0,0.0
2011-08-01 00:00:00-04:00,13.110790246506536,13.147598474248914,12.941476611162559,13.022453308105469,375500,0.0,0.0,0.0
2011-08-02 00:00:00-04:00,12.889945900250433,12.889945900250433,12.617570643915538,12.624932289123535,275900,0.0,0.0,0.0
2011-08-03 00:00:00-04:00,12.624934198018149,12.669102671854171,12.367282193142174,12.580765724182129,700100,0.0,0.0,0.0
2011-08-04 00:00:00-04:00,12.470344268162165,12.470344268162165,12.013932009127958,12.050740242004395,89400,0.0,0.0,0.0
2011-08-05 00:00:00-04:00,12.17588566271057,12.17588566271057,11.75628092633636,12.043378829956055,79900,0.0,0.0,0.0
2011-08-08 00:00:00-04:00,11.763636821307935,11.84461349636214,11.182080319036247,11.277779579162598,114900,0.0,0.0,0.0
2011-08-09 00:00:00-04:00,11.425011963067574,11.726832389831543,11.115829891249577,11.726832389831543,29300,0.0,0.0,0.0
2011-08-10 00:00:00-04:00,11.631131358931963,11.851975762983805,11.520708805883539,11.528070449829102,305800,0.0,0.0,0.0
2011-08-11 00:00:00-04:00,11.579603328454814,12.161160702716646,11.579603328454814,12.153799057006836,47300,0.0,0.0,0.0
2011-08-12 00:00:00-04:00,12.153796378796883,12.153796378796883,11.977121132964644,12.028651237487793,64600,0.0,0.0,0.0
2011-08-15 00:00:00-04:00,12.124352066402727,12.448257446289062,12.124352066402727,12.448257446289062,133200,0.0,0.0,0.0
2011-08-16 00:00:00-04:00,12.315750632568326,12.440895797209135,12.271582163898131,12.404088973999023,80500,0.0,0.0,0.0
2011-08-17 00:00:00-04:00,12.521870821568822,12.58812421777475,12.440894136408216,12.485062599182129,146900,0.0,0.0,0.0
2011-08-18 00:00:00-04:00,12.264218318841813,12.308386779590364,12.10226636003709,12.220049858093262,51500,0.0,0.0,0.0
2011-08-19 00:00:00-04:00,12.072823540619735,12.249498842686503,12.072823540619735,12.102270126342773,29300,0.0,0.0,0.0
2011-08-22 00:00:00-04:00,12.308391091374542,12.337837678249121,11.977125413578795,12.043378829956055,59000,0.0,0.0,0.0
2011-08-23 00:00:00-04:00,12.065460737456435,12.330474367194606,12.021292267196857,12.315751075744629,35000,0.0,0.0,0.0
2011-08-24 00:00:00-04:00,12.30102925413029,12.595489501953125,12.30102925413029,12.595489501953125,108500,0.0,0.0,0.0
2011-08-25 00:00:00-04:00,12.654380515038945,12.654380515038945,12.33047510423026,12.396728515625,33200,0.0,0.0,0.0
2011-08-26 00:00:00-04:00,12.242135335938485,12.470342128342223,12.094906641967656,12.426172256469727,20400,0.0,0.0,0.0
2011-08-29 00:00:00-04:00,12.573401496307998,12.75007675946783,12.573401496307998,12.735353469848633,35500,0.0,0.0,0.0
2011-08-30 00:00:00-04:00,12.683824077852906,12.823692528967914,12.632293965360601,12.742715835571289,146900,0.0,0.0,0.0
2011-08-31 00:00:00-04:00,12.889946196857677,12.889946196857677,12.786885969754726,12.853137969970703,52600,0.0,0.0,0.0
2011-09-01 00:00:00-04:00,12.912032817019627,12.956201290954306,12.757441052112549,12.772164344787598,94100,0.0,0.0,0.0
2011-09-02 00:00:00-04:00,12.580767403717722,12.647020825361835,12.521875629377472,12.543960571289062,48800,0.0,0.0,0.0
2011-09-06 00:00:00-04:00,12.161161454706116,12.396728515625,12.161161454706116,12.396728515625,61200,0.0,0.0,0.0
2011-09-07 00:00:00-04:00,12.580763103552965,12.617569923400879,12.485063125404109,12.617569923400879,51100,0.0,0.0,0.0
2011-09-08 00:00:00-04:00,12.595487808763524,12.713271330423016,12.558679580688477,12.558679580688477,80900,0.0,0.0,0.0
2011-09-09 00:00:00-04:00,12.514511037863622,12.514511037863622,12.197967298722032,12.249497413635254,28700,0.0,0.0,0.0
2011-09-12 00:00:00-04:00,12.212690843775498,12.330474367194606,12.116990853441001,12.315751075744629,31800,0.0,0.0,0.0
2011-09-13 00:00:00-04:00,12.308388739656953,12.477703773654305,12.271581917186815,12.426172256469727,16000,0.0,0.0,0.0
2011-09-14 00:00:00-04:00,12.492424785122449,12.683823337558742,12.359919391057485,12.602848052978516,66100,0.0,0.0,0.0
2011-09-15 00:00:00-04:00,12.705908294700416,12.742715114658232,12.62493160588501,12.735353469848633,120400,0.0,0.0,0.0
2011-09-16 00:00:00-04:00,12.74271657489563,13.10342878736031,12.74271657489563,12.779524803161621,49100,0.0,0.0,0.0
2011-09-19 00:00:00-04:00,12.624930880831498,12.73535273845356,12.588124062987509,12.683822631835938,66500,0.0,0.0,0.0
2011-09-20 00:00:00-04:00,12.757438681657005,13.007728994264603,12.720631860898916,12.786885261535645,29900,0.0,0.0,0.0
2011-09-21 00:00:00-04:00,12.823692960894533,12.831054606368568,12.477704048156738,12.477704048156738,18300,0.0,0.0,0.0
2011-09-22 00:00:00-04:00,12.153798341283032,12.286305148075732,12.043376470319208,12.190605163574219,65000,0.0,0.0,0.0
2011-09-23 00:00:00-04:00,12.13907438461078,12.308388004403746,12.13907438461078,12.286304473876953,52200,0.0,0.0,0.0
2011-09-26 00:00:00-04:00,12.382001670483483,12.426170130709751,12.271579817872793,12.41880989074707,63200,0.0,0.0,0.0
2011-09-27 00:00:00-04:00,12.59548806022325,12.676463355424305,12.492426423645895,12.536596298217773,26200,0.0,0.0,0.0
2011-09-28 00:00:00-04:00,12.588128315430179,12.610211851960655,12.323114644339888,12.345199584960938,71800,0.0,0.0,0.0
2011-09-29 00:00:00-04:00,12.440893698617138,12.558677197929555,12.396725237397497,12.529232025146484,165400,0.0,0.0,0.0
2011-09-30 00:00:00-04:00,12.455619303037889,12.514511063644367,12.359920718586235,12.367280960083008,175500,0.0,0.0,0.0
2011-10-03 00:00:00-04:00,12.293667451944641,12.396727683153287,11.932953834533691,11.932953834533691,171800,0.0,0.0,0.0
2011-10-04 00:00:00-04:00,11.859342815546775,11.925596237182617,11.623775016169851,11.925596237182617,316700,0.0,0.0,0.0
2011-10-05 00:00:00-04:00,11.925592715094055,12.116989872081007,11.925592715094055,12.10962963104248,60700,0.0,0.0,0.0
2011-10-06 00:00:00-04:00,12.131714144890978,12.315751075744629,12.072822383181423,12.315751075744629,46000,0.0,0.0,0.0
2011-10-07 00:00:00-04:00,12.34519425652056,12.411447645696803,12.153795732688074,12.168519020080566,27800,0.0,0.0,0.0
2011-10-10 00:00:00-04:00,12.352558863460757,12.448257446289062,12.330473927074086,12.448257446289062,81700,0.0,0.0,0.0
2011-10-11 00:00:00-04:00,12.35256123183462,12.389368062112462,12.315752997466207,12.345199584960938,69700,0.0,0.0,0.0
2011-10-12 00:00:00-04:00,12.45561695098877,12.551315517369241,12.39672520150308,12.45561695098877,263000,0.0,0.0,0.0
2011-10-13 00:00:00-04:00,12.345200306356725,12.558682461806134,12.345200306356725,12.543960571289062,105700,0.0,0.0,0.0
2011-10-14 00:00:00-04:00,12.676465034484863,12.68382668122193,12.602851375295295,12.676465034484863,47800,0.0,0.0,0.0
2011-10-17 00:00:00-04:00,12.654380783302475,12.669102671854171,12.551319138897805,12.580765724182129,128700,0.0,0.0,0.0
2011-10-18 00:00:00-04:00,12.551318459579411,12.801608804587774,12.551318459579411,12.764801979064941,33400,0.0,0.0,0.0
2011-10-19 00:00:00-04:00,12.698549755181261,12.882586708154903,12.683826461961646,12.713273048400879,77100,0.0,0.0,0.0
2011-10-20 00:00:00-04:00,12.794245948063594,12.794245948063594,12.595487143320458,12.742715835571289,144900,0.0,0.0,0.0
2011-10-21 00:00:00-04:00,12.86786460672767,12.985648155212402,12.86786460672767,12.985648155212402,299800,0.0,0.0,0.0
2011-10-24 00:00:00-04:00,12.978284367671623,13.051899424357385,12.948839187451572,13.037176132202148,254300,0.0,0.0,0.0
2011-10-25 00:00:00-04:00,12.94883989592192,12.993008370713799,12.808971420975388,12.838418006896973,190000,0.0,0.0,0.0
2011-10-26 00:00:00-04:00,12.926755675267781,12.970925556606206,12.816333780102868,12.889948844909668,85100,0.0,0.0,0.0
2011-10-27 00:00:00-04:00,13.177044382611143,13.2285745002159,12.99300744597107,13.162321090698242,302500,0.0,0.0,0.0
2011-10-28 00:00:00-04:00,13.073983445579369,13.110790269295405,12.978283457373164,13.096068382263184,261200,0.0,0.0,0.0
2011-10-31 00:00:00-04:00,12.919391882520028,13.029815163434662,12.897308349609377,12.897308349609375,248300,0.0,0.0,0.0
2011-11-01 00:00:00-04:00,12.727994621653036,12.742716508792721,12.41145088065928,12.558679580688477,447900,0.0,0.0,0.0
2011-11-02 00:00:00-04:00,12.794243620104465,12.926750401883304,12.727991633305049,12.87522029876709,6143700,0.0,0.0,0.0
2011-11-03 00:00:00-04:00,13.022452360733874,13.096067406772882,12.91203049372047,13.066620826721191,2861500,0.0,0.0,0.0
2011-11-04 00:00:00-04:00,12.970921989241685,13.007728809476898,12.801606965525215,13.000367164611816,1463900,0.0,0.0,0.0
2011-11-07 00:00:00-05:00,13.096070039270638,13.096070039270638,12.882586503253286,13.07398509979248,759700,0.0,0.0,0.0
2011-11-08 00:00:00-05:00,13.147600405134305,13.191768880821519,12.993008634093272,13.184407234191895,845400,0.0,0.0,0.0
2011-11-09 00:00:00-05:00,13.01509136009281,13.044536537512101,12.816331147174017,12.853137969970703,751300,0.0,0.0,0.0
2011-11-10 00:00:00-05:00,13.04453537318511,13.066620307346039,12.882583401608771,12.97828197479248,229500,0.0,0.0,0.0
2011-11-11 00:00:00-05:00,13.110790043204354,13.213851675194569,13.110790043204354,13.191766738891602,292600,0.0,0.0,0.0
2011-11-14 00:00:00-05:00,13.199129537728908,13.199129537728908,12.978284367671623,13.037176132202148,265500,0.0,0.0,0.0
2011-11-15 00:00:00-05:00,13.007728376138168,13.118150237255408,12.948836623269631,13.088705062866211,258000,0.0,0.0,0.0
2011-11-16 00:00:00-05:00,12.993006214154667,13.110789730110485,12.912030924491457,12.934114456176758,452600,0.0,0.0,0.0
2011-11-17 00:00:00-05:00,12.948838681079835,12.978283860148416,12.750078457028039,12.86050033569336,398800,0.0,0.0,0.0
2011-11-18 00:00:00-05:00,12.91939043829417,12.941475372826348,12.838415153189894,12.882583618164062,176000,0.0,0.0,0.0
2011-11-21 00:00:00-05:00,12.75744127267424,12.75744127267424,12.558681030396144,12.691187858581543,336900,0.0,0.0,0.0
2011-11-22 00:00:00-05:00,12.705909684808006,12.705909684808006,12.49242617424372,12.558679580688477,269800,0.0,0.0,0.0
2011-11-23 00:00:00-05:00,12.418812947577164,12.455619772810538,12.256859546733416,12.308389663696289,292700,0.0,0.0,0.0
2011-11-25 00:00:00-05:00,12.205329661767927,12.411451537627737,12.205329661767927,12.30102825164795,70500,0.0,0.0,0.0
2011-11-28 00:00:00-05:00,12.55867836493583,12.624931764966872,12.433533209776103,12.492424964904785,1277900,0.0,0.0,0.0
2011-11-29 00:00:00-05:00,12.558681494872896,12.720634914907262,12.543959605489311,12.676465034484863,482300,0.0,0.0,0.0
2011-11-30 00:00:00-05:00,13.000367431944744,13.110789299011229,12.956198965936194,13.11078929901123,329900,0.0,0.0,0.0
2011-12-01 00:00:00-05:00,13.103427647695588,13.169681048721673,13.029814005746797,13.066620826721191,197000,0.0,0.0,0.0
2011-12-02 00:00:00-05:00,13.103426623397649,13.103426623397649,12.912029484384092,12.919389724731445,243400,0.0,0.0,0.0
2011-12-05 00:00:00-05:00,13.132872543924723,13.154957476131885,12.993004114792768,13.059257507324219,191400,0.0,0.0,0.0
2011-12-06 00:00:00-05:00,13.066622247926068,13.096068831180547,12.99300719388024,13.051898956298828,132800,0.0,0.0,0.0
2011-12-07 00:00:00-05:00,13.00036690895341,13.00036690895341,12.86786011216815,12.97828197479248,270100,0.0,0.0,0.0
2011-12-08 00:00:00-05:00,12.9635629221085,12.9635629221085,12.669102685314272,12.698549270629883,106300,0.0,0.0,0.0
2011-12-09 00:00:00-05:00,12.779526949744755,12.904672138689143,12.669103650489266,12.889948844909668,233200,0.0,0.0,0.0
2011-12-12 00:00:00-05:00,12.81633015866404,12.81633015866404,12.62493160588501,12.735353469848633,304400,0.0,0.0,0.0
2011-12-13 00:00:00-05:00,12.831056818728845,12.91939377146791,12.691188338786352,12.750080108642578,240600,0.0,0.0,0.0
2011-12-14 00:00:00-05:00,12.735357777297352,12.757442719195884,12.57340574898008,12.588129043579102,420900,0.0,0.0,0.0
2011-12-15 00:00:00-05:00,12.72063492575974,12.764803402129273,12.67646504529966,12.750080108642578,135400,0.0,0.0,0.0
2011-12-16 00:00:00-05:00,12.786887637462646,12.853139646319429,12.71327257817787,12.772164344787598,188400,0.0,0.0,0.0
2011-12-19 00:00:00-05:00,12.764801723110285,12.87522360155504,12.617571615790368,12.654379844665527,165000,0.0,0.0,0.0
2011-12-20 00:00:00-05:00,12.831053292656762,12.9930052642331,12.801606713775522,12.97828197479248,115500,0.0,0.0,0.0
2011-12-21 00:00:00-05:00,13.019131246894403,13.137959480285645,12.959717130198783,13.137959480285645,260400,0.155,0.0,0.0
2011-12-22 00:00:00-05:00,13.189949035644531,13.212229864630393,13.130534908226767,13.189949035644531,125500,0.0,0.0,0.0
2011-12-23 00:00:00-05:00,13.189947520546738,13.30134881959058,13.182520578404567,13.279067993164062,119800,0.0,0.0,0.0
2011-12-27 00:00:00-05:00,13.197373852413696,13.368189264151667,13.197373852413696,13.3533353805542,135700,0.0,0.0,0.0
2011-12-28 00:00:00-05:00,13.338479102056532,13.345906042521772,13.197371482849121,13.197371482849121,171300,0.0,0.0,0.0
2011-12-29 00:00:00-05:00,13.212227736011165,13.360762322352933,13.212227736011165,13.3533353805542,147000,0.0,0.0,0.0
2011-12-30 00:00:00-05:00,13.435027513508448,13.435027513508448,13.308772362428146,13.31619930267334,156400,0.0,0.0,0.0
2012-01-03 00:00:00-05:00,13.435031300718629,13.48701848054569,13.204801754394044,13.249361991882324,1139600,0.0,0.0,0.0
2012-01-04 00:00:00-05:00,13.249359184957065,13.256786125722423,13.160237312316895,13.160237312316895,474100,0.0,0.0,0.0
2012-01-05 00:00:00-05:00,13.123103622575874,13.189944670870098,13.041408693206472,13.175090789794922,197100,0.0,0.0,0.0
2012-01-06 00:00:00-05:00,13.197371533688795,13.197371533688795,13.085970259369146,13.10824966430664,307600,0.0,0.0,0.0
2012-01-09 00:00:00-05:00,13.18252121438859,13.18252121438859,13.033985197467842,13.100826263427734,120200,0.0,0.0,0.0
2012-01-10 00:00:00-05:00,13.241931838089148,13.241931838089148,13.167663849257336,13.175090789794922,168600,0.0,0.0,0.0
2012-01-11 00:00:00-05:00,13.085971556145932,13.189945900275246,13.085971556145932,13.18251895904541,1667300,0.0,0.0,0.0
2012-01-12 00:00:00-05:00,13.241933216374047,13.241933216374047,13.145385812424413,13.212226867675781,615300,0.0,0.0,0.0
2012-01-13 00:00:00-05:00,13.108252315816785,13.19737420322633,13.056265138388028,13.1676664352417,440800,0.0,0.0,0.0
2012-01-17 00:00:00-05:00,13.249359256059375,13.30134642515175,13.100823273043344,13.123104095458984,208800,0.0,0.0,0.0
2012-01-18 00:00:00-05:00,13.167663849257336,13.175090789794924,13.063689514819236,13.175090789794922,310200,0.0,0.0,0.0
2012-01-19 00:00:00-05:00,13.21222754587538,13.227080012714804,13.019131311520034,13.048837661743164,452900,0.0,0.0,0.0
2012-01-20 00:00:00-05:00,13.01170436982818,13.130532603809273,12.996850486444472,13.048837661743164,309600,0.0,0.0,0.0
2012-01-23 00:00:00-05:00,13.145387313514435,13.160239781287485,13.04141153983683,13.07111930847168,232400,0.0,0.0,0.0
2012-01-24 00:00:00-05:00,13.100824435057637,13.100824435057637,12.930009031019134,12.959716796875,240700,0.0,0.0,0.0
2012-01-25 00:00:00-05:00,12.989422736702258,13.212226723964754,12.870594510113271,13.18251895904541,238000,0.0,0.0,0.0
2012-01-26 00:00:00-05:00,13.219651215889321,13.24193203783818,13.078543593178798,13.115676879882812,384800,0.0,0.0,0.0
2012-01-27 00:00:00-05:00,13.085973264174001,13.085973264174001,12.967143605530744,12.9819974899292,261800,0.0,0.0,0.0
2012-01-30 00:00:00-05:00,12.900304521258382,12.907730047236967,12.833463455095558,12.892877578735352,168100,0.0,0.0,0.0
2012-01-31 00:00:00-05:00,12.915153228201719,12.974567334537063,12.83345971733064,12.907726287841797,111100,0.0,0.0,0.0
2012-02-01 00:00:00-05:00,13.004279136657715,13.019133021992948,12.885450887064792,13.004279136657715,252400,0.0,0.0,0.0
2012-02-02 00:00:00-05:00,13.056261404284573,13.056261404284573,12.967139542363968,13.026555061340332,275200,0.0,0.0,0.0
2012-02-03 00:00:00-05:00,13.100825778728145,13.152812957763672,13.04883859969262,13.152812957763672,346500,0.0,0.0,0.0
2012-02-06 00:00:00-05:00,13.078543867171822,13.123104095458984,13.056263044756182,13.123104095458984,200100,0.0,0.0,0.0
2012-02-07 00:00:00-05:00,13.093397223250072,13.241933216374047,13.056263933241183,13.212226867675781,361700,0.0,0.0,0.0
2012-02-08 00:00:00-05:00,13.227082334076433,13.227082334076433,13.115681022236192,13.189949035644531,177200,0.0,0.0,0.0
2012-02-09 00:00:00-05:00,13.21965142189564,13.21965142189564,13.071116856220831,13.160237312316895,304700,0.0,0.0,0.0
2012-02-10 00:00:00-05:00,13.078545844021896,13.093398311333187,13.026558667071548,13.085972785949707,128600,0.0,0.0,0.0
2012-02-13 00:00:00-05:00,13.123107090929178,13.204802041890034,13.056266024969286,13.100826263427734,483100,0.0,0.0,0.0
2012-02-14 00:00:00-05:00,13.063691960166272,13.093398311333187,12.996850899360302,13.085972785949707,181400,0.0,0.0,0.0
2012-02-15 00:00:00-05:00,13.115680148428698,13.137960975930142,13.056266024969286,13.100826263427734,141700,0.0,0.0,0.0
2012-02-16 00:00:00-05:00,13.137957112604134,13.316199430568723,13.137957112604134,13.29391860961914,96000,0.0,0.0,0.0
2012-02-17 00:00:00-05:00,13.360762596130371,13.375616480032214,13.30877541901826,13.360762596130371,192800,0.0,0.0,0.0
2012-02-21 00:00:00-05:00,13.360761991088413,13.420176107460877,13.30877481633054,13.331055641174316,125000,0.0,0.0,0.0
2012-02-22 00:00:00-05:00,13.279068266445217,13.368190157441026,13.256788856104563,13.286495208740234,129100,0.0,0.0,0.0
2012-02-23 00:00:00-05:00,13.264212411604174,13.323626518249512,13.212225245357507,13.323626518249512,205000,0.0,0.0,0.0
2012-02-24 00:00:00-05:00,13.338480415267501,13.338480415267501,13.241933012802116,13.27164077758789,239000,0.0,0.0,0.0
2012-02-27 00:00:00-05:00,13.21965177145786,13.249359535304837,13.123104372043475,13.234505653381348,328800,0.0,0.0,0.0
2012-02-28 00:00:00-05:00,13.234505303426353,13.234505303426353,13.10082320273815,13.160237312316895,172700,0.0,0.0,0.0
2012-02-29 00:00:00-05:00,13.130531032067148,13.145384913672826,12.981995049098595,13.019129753112793,8541700,0.0,0.0,0.0
2012-03-01 00:00:00-05:00,13.137956942174393,13.137956942174393,12.996847911078929,13.056262016296387,3274600,0.0,0.0,0.0
2012-03-02 00:00:00-05:00,13.033982276916506,13.078543921934372,13.019129811788005,13.033982276916504,1141700,0.0,0.0,0.0
2012-03-05 00:00:00-05:00,12.989420361980105,13.056261404284573,12.907725439931545,13.026555061340332,808300,0.0,0.0,0.0
2012-03-06 00:00:00-05:00,12.930010874806056,12.944864759852116,12.848315923597173,12.892877578735352,487700,0.0,0.0,0.0
2012-03-07 00:00:00-05:00,12.900302135370259,12.959716248021516,12.840888022719,12.944862365722656,573200,0.0,0.0,0.0
2012-03-08 00:00:00-05:00,12.98942204844276,13.071116981098061,12.944861819969015,13.033982276916504,291900,0.0,0.0,0.0
2012-03-09 00:00:00-05:00,13.041411873200705,13.182520944734522,13.026559405047996,13.145387649536133,279000,0.0,0.0,0.0
2012-03-12 00:00:00-04:00,13.13795872821059,13.219652248650393,13.13795872821059,13.18251895904541,115500,0.0,0.0,0.0
2012-03-13 00:00:00-04:00,13.24193497151453,13.286495208740234,13.197374734288825,13.286495208740234,139600,0.0,0.0,0.0
2012-03-14 00:00:00-04:00,13.279068633805966,13.30134946130741,13.078546852470732,13.100826263427734,119500,0.0,0.0,0.0
2012-03-15 00:00:00-04:00,13.100823547192634,13.137958251995787,13.048836377012371,13.130531311035156,177500,0.0,0.0,0.0
2012-03-16 00:00:00-04:00,13.115677084268862,13.16766425308225,13.093396261972792,13.160237312316895,100200,0.0,0.0,0.0
2012-03-19 00:00:00-04:00,13.13053000195421,13.167663286511118,13.048835076076204,13.056262016296387,105000,0.0,0.0,0.0
2012-03-20 00:00:00-04:00,12.99684730185215,13.056261404284573,12.989420361980105,13.026555061340332,72700,0.0,0.0,0.0
2012-03-21 00:00:00-04:00,13.056265424154255,13.10825260272087,13.011705187746353,13.07111930847168,117100,0.0,0.0,0.0
2012-03-22 00:00:00-04:00,13.011702812309952,13.048836099780033,12.974568108295756,13.019129753112793,174800,0.0,0.0,0.0
2012-03-23 00:00:00-04:00,13.019129811788005,13.06369004026175,12.996848989279071,13.033982276916504,119600,0.0,0.0,0.0
2012-03-26 00:00:00-04:00,13.093399053096213,13.167667060037402,13.071119642594944,13.145387649536133,167300,0.0,0.0,0.0
2012-03-27 00:00:00-04:00,13.152812957763672,13.17509378444078,13.137960489856656,13.152812957763672,157200,0.0,0.0,0.0
2012-03-28 00:00:00-04:00,13.152808789533285,13.152808789533285,12.98199342210806,13.026555061340332,113000,0.0,0.0,0.0
2012-03-29 00:00:00-04:00,13.004278245587638,13.078546250630394,12.892876946295695,13.07111930847168,55100,0.0,0.0,0.0
2012-03-30 00:00:00-04:00,13.108249939233191,13.145384642481293,13.08597053382842,13.115676879882812,63000,0.0,0.0,0.0
2012-04-02 00:00:00-04:00,13.130530965799576,13.234505303426353,13.108250143503506,13.160237312316895,852000,0.0,0.0,0.0
2012-04-03 00:00:00-04:00,13.152810371551537,13.175091193847607,13.071116856220831,13.160237312316895,199300,0.0,0.0,0.0
2012-04-04 00:00:00-04:00,13.078543867171822,13.145384917874624,13.078543867171822,13.123104095458984,69000,0.0,0.0,0.0
2012-04-05 00:00:00-04:00,13.085971486570234,13.10082395240674,12.959716319422686,13.011703491210938,94100,0.0,0.0,0.0
2012-04-09 00:00:00-04:00,12.878023693689292,12.922583932283027,12.848315923597173,12.892877578735352,81400,0.0,0.0,0.0
2012-04-10 00:00:00-04:00,12.870598089966167,12.870598089966167,12.662647927323684,12.707209587097168,174000,0.0,0.0,0.0
2012-04-11 00:00:00-04:00,12.766620361753882,12.79632671058456,12.744339537722706,12.759193420410156,138800,0.0,0.0,0.0
2012-04-12 00:00:00-04:00,12.75919314488506,12.878021370730213,12.75919314488506,12.855740547180176,87800,0.0,0.0,0.0
2012-04-13 00:00:00-04:00,12.81118086846163,12.87802192544671,12.766620635986328,12.766620635986328,46000,0.0,0.0,0.0
2012-04-16 00:00:00-04:00,12.840885162353516,12.87059150378983,12.78146964639315,12.840885162353516,970800,0.0,0.0,0.0
2012-04-17 00:00:00-04:00,12.915156426680536,12.996851374327655,12.840889837777027,12.9819974899292,161700,0.0,0.0,0.0
2012-04-18 00:00:00-04:00,12.937438637171496,12.937438637171496,12.855743680785622,12.863170623779297,80900,0.0,0.0,0.0
2012-04-19 00:00:00-04:00,12.84831517573657,12.892876828280952,12.751767761645796,12.781474113464355,91200,0.0,0.0,0.0
2012-04-20 00:00:00-04:00,12.848315301514369,12.952291075258099,12.848315301514369,12.915156364440918,185400,0.0,0.0,0.0
2012-04-23 00:00:00-04:00,12.796328683292362,12.848315864168665,12.751768444904735,12.82603645324707,110500,0.0,0.0,0.0
2012-04-24 00:00:00-04:00,12.82603414042014,12.944862365722656,12.82603414042014,12.944862365722656,60500,0.0,0.0,0.0
2012-04-25 00:00:00-04:00,13.019131725143737,13.093398311333187,12.996850899360302,13.085972785949707,63900,0.0,0.0,0.0
2012-04-26 00:00:00-04:00,13.033982218174355,13.071116922188551,12.959715643234194,13.019129753112793,72700,0.0,0.0,0.0
2012-04-27 00:00:00-04:00,13.063692092895508,13.078545976902047,12.98942408940715,13.063692092895508,63900,0.0,0.0,0.0
2012-04-30 00:00:00-04:00,13.03398167591219,13.123103545294343,13.004275330480842,13.10824966430664,82000,0.0,0.0,0.0
2012-05-01 00:00:00-04:00,13.10082320273815,13.21965142189564,13.10082320273815,13.160237312316895,66300,0.0,0.0,0.0
2012-05-02 00:00:00-04:00,13.085969777177118,13.100822241073478,13.04140813585602,13.056262016296387,99000,0.0,0.0,0.0
2012-05-03 00:00:00-04:00,13.152808789533285,13.152808789533285,13.026555061340332,13.026555061340332,81000,0.0,0.0,0.0
2012-05-04 00:00:00-04:00,13.019130360672776,13.033982826427454,12.907727659975507,12.944862365722656,70900,0.0,0.0,0.0
2012-05-07 00:00:00-04:00,12.885450636212322,12.930010874806056,12.833463455095558,12.892877578735352,710000,0.0,0.0,0.0
2012-05-08 00:00:00-04:00,12.826034745876644,12.900302744332604,12.774047571920747,12.87059497833252,433500,0.0,0.0,0.0
2012-05-09 00:00:00-04:00,12.788896585888196,12.900299261770014,12.74433636546179,12.840885162353516,121000,0.0,0.0,0.0
2012-05-10 00:00:00-04:00,12.937437931628574,13.01170594097057,12.907730161273992,12.974571228027344,65100,0.0,0.0,0.0
2012-05-11 00:00:00-04:00,12.907728940232587,13.078545770523638,12.907728940232587,12.967143058776855,82000,0.0,0.0,0.0
2012-05-14 00:00:00-04:00,12.878023147583008,12.922583384287119,12.818609026462733,12.878023147583008,632500,0.0,0.0,0.0
2012-05-15 00:00:00-04:00,12.870598196773907,12.878025140131122,12.74434299279048,12.78890323638916,89000,0.0,0.0,0.0
2012-05-16 00:00:00-04:00,12.826036803341688,12.863170100254214,12.729487964897961,12.744341850280762,141100,0.0,0.0,0.0
2012-05-17 00:00:00-04:00,12.699780887555557,12.699780887555557,12.573525702079632,12.580952644348145,324000,0.0,0.0,0.0
2012-05-18 00:00:00-04:00,12.647791718222182,12.647791718222182,12.50668267041127,12.51410961151123,123700,0.0,0.0,0.0
2012-05-21 00:00:00-04:00,12.536390237782946,12.62551212310791,12.484403061570179,12.62551212310791,153900,0.0,0.0,0.0
2012-05-22 00:00:00-04:00,12.655219409367689,12.72948599168056,12.640365526287411,12.677498817443848,98600,0.0,0.0,0.0
2012-05-23 00:00:00-04:00,12.573523853817072,12.61065714315678,12.48440197623991,12.595803260803223,83000,0.0,0.0,0.0
2012-05-24 00:00:00-04:00,12.640368053037415,12.677501351616622,12.588380868408708,12.655221939086914,50400,0.0,0.0,0.0
2012-05-25 00:00:00-04:00,12.692355155944824,12.736915397261875,12.670074327014033,12.692355155944824,40900,0.0,0.0,0.0
2012-05-29 00:00:00-04:00,12.74434163620417,12.818609645326159,12.74434163620417,12.803755760192871,79800,0.0,0.0,0.0
2012-05-30 00:00:00-04:00,12.736915479270078,12.766623251369076,12.625514166987916,12.655221939086914,50800,0.0,0.0,0.0
2012-05-31 00:00:00-04:00,12.677498612539406,12.8186076664328,12.603230614882659,12.736912727355957,104100,0.0,0.0,0.0
2012-06-01 00:00:00-04:00,12.506681246680897,12.677496622902268,12.484400425917407,12.566095352172852,70600,0.0,0.0,0.0
2012-06-04 00:00:00-04:00,12.588377952575682,12.60323041864038,12.521536897379802,12.588377952575684,157300,0.0,0.0,0.0
2012-06-05 00:00:00-04:00,12.573527440865899,12.729489000439317,12.573527440865899,12.707209587097168,109200,0.0,0.0,0.0
2012-06-06 00:00:00-04:00,12.76661982778131,12.907727457777503,12.751765945715135,12.900301933288574,117300,0.0,0.0,0.0
2012-06-07 00:00:00-04:00,13.01913241364014,13.026559355960714,12.92258358001709,12.92258358001709,92400,0.0,0.0,0.0
2012-06-08 00:00:00-04:00,12.855743116394326,13.026559964660565,12.855743116394326,13.004279136657715,31800,0.0,0.0,0.0
2012-06-11 00:00:00-04:00,13.078546258947762,13.100825668893695,12.900303896658423,12.915156364440918,649300,0.0,0.0,0.0
2012-06-12 00:00:00-04:00,12.93001112652602,13.004279136657715,12.863170059061941,13.004279136657715,73500,0.0,0.0,0.0
2012-06-13 00:00:00-04:00,12.922582089555167,13.03398337842618,12.90030268170751,12.959716796875,52300,0.0,0.0,0.0
2012-06-14 00:00:00-04:00,12.981994030638562,13.093395300853295,12.981994030638562,13.056262016296387,73600,0.0,0.0,0.0
2012-06-15 00:00:00-04:00,13.093395860425522,13.175090789794924,13.071116455356824,13.175090789794922,42200,0.0,0.0,0.0
2012-06-18 00:00:00-04:00,13.137957649389604,13.21965116312116,13.137957649389604,13.204798698425293,101200,0.0,0.0,0.0
2012-06-19 00:00:00-04:00,13.256787574109238,13.323628631756142,13.212227341192724,13.264214515686035,119600,0.0,0.0,0.0
2012-06-20 00:00:00-04:00,13.249359533316946,13.256786474277577,13.093396606232005,13.130531311035156,74000,0.0,0.0,0.0
2012-06-21 00:00:00-04:00,13.152452480831316,13.167570588653078,12.948362350463867,12.948362350463867,40900,0.309,0.0,0.0
2012-06-22 00:00:00-04:00,12.978597901988788,13.039068888439404,12.955920741416541,13.001275062561035,60100,0.0,0.0,0.0
2012-06-25 00:00:00-04:00,12.903011322021484,12.933247542007887,12.827422213797798,12.903011322021484,50800,0.0,0.0,0.0
2012-06-26 00:00:00-04:00,12.918127320223695,12.978598308568683,12.86521538563959,12.940804481506348,458100,0.0,0.0,0.0
2012-06-27 00:00:00-04:00,12.986157783839893,13.122217872467937,12.986157783839893,13.099540710449219,75800,0.0,0.0,0.0
2012-06-28 00:00:00-04:00,13.091981967692737,13.175130121996007,13.008833813389465,13.167571067810059,61100,0.0,0.0,0.0
2012-06-29 00:00:00-04:00,13.379219462261874,13.38677707425515,13.273394151708947,13.318748474121094,104100,0.0,0.0,0.0
2012-07-02 00:00:00-04:00,13.311189127039693,13.477483980326586,13.311189127039693,13.469924926757812,916300,0.0,0.0,0.0
2012-07-03 00:00:00-04:00,13.485042341472685,13.500160447833958,13.432130410950204,13.49260139465332,54800,0.0,0.0,0.0
2012-07-05 00:00:00-04:00,13.462367937015697,13.462367937015697,13.371662163768997,13.386778831481934,56700,0.0,0.0,0.0
2012-07-06 00:00:00-04:00,13.280957030762048,13.333868980407715,13.258281304766761,13.333868980407715,54300,0.0,0.0,0.0
2012-07-09 00:00:00-04:00,13.288511711344976,13.296070764768702,13.205363565426003,13.25827693939209,1141400,0.0,0.0,0.0
2012-07-10 00:00:00-04:00,13.303630568838317,13.356542504047892,13.23560052592826,13.280953407287598,96000,0.0,0.0,0.0
2012-07-11 00:00:00-04:00,13.348987092232903,13.348987092232903,13.280957030762048,13.333868980407715,123200,0.0,0.0,0.0
2012-07-12 00:00:00-04:00,13.273394353437357,13.318748676538796,13.205364310527301,13.280953407287598,82400,0.0,0.0,0.0
2012-07-13 00:00:00-04:00,13.356542210072298,13.454807024478416,13.356542210072298,13.447249412536621,35900,0.0,0.0,0.0
2012-07-16 00:00:00-04:00,13.42456962447252,13.462363443754022,13.36409864857704,13.439687728881836,224300,0.0,0.0,0.0
2012-07-17 00:00:00-04:00,13.454809030291287,13.583310078589518,13.417015197979808,13.537957191467285,70900,0.0,0.0,0.0
2012-07-18 00:00:00-04:00,13.530394876337228,13.62866112345624,13.530394876337228,13.598424911499023,44900,0.0,0.0,0.0
2012-07-19 00:00:00-04:00,13.61354443501529,13.61354443501529,13.522837231440512,13.583308219909668,25900,0.0,0.0,0.0
2012-07-20 00:00:00-04:00,13.537957471533128,13.621105634429249,13.537957471533128,13.575751304626465,52500,0.0,0.0,0.0
2012-07-23 00:00:00-04:00,13.492603274736007,13.492603274736007,13.409455119904973,13.462367057800293,37200,0.0,0.0,0.0
2012-07-24 00:00:00-04:00,13.447249504138012,13.447249504138012,13.250718432244955,13.318748474121094,170300,0.0,0.0,0.0
2012-07-25 00:00:00-04:00,13.258278794187138,13.26583640692613,13.182689691117194,13.197806358337402,70800,0.0,0.0,0.0
2012-07-26 00:00:00-04:00,13.318748348882364,13.651338059658208,13.318748348882364,13.621103286743164,59200,0.0,0.0,0.0
2012-07-27 00:00:00-04:00,13.749608860659542,13.908344714855339,13.734490748333501,13.8781099319458,75200,0.0,0.0,0.0
2012-07-30 00:00:00-04:00,13.885666406793074,13.961254070886605,13.870548297277457,13.915901184082031,45100,0.0,0.0,0.0
2012-07-31 00:00:00-04:00,13.923459464943946,13.946136627956925,13.840311308971884,13.862988471984863,57400,0.0,0.0,0.0
2012-08-01 00:00:00-04:00,13.900787588095994,14.07464302049119,13.893228530883789,13.893228530883789,955700,0.0,0.0,0.0
2012-08-02 00:00:00-04:00,13.817636182733663,13.832752850317759,13.651339863628277,13.749606132507324,46600,0.0,0.0,0.0
2012-08-03 00:00:00-04:00,13.666462992929803,13.90834706403148,13.666462992929803,13.817641258239746,59800,0.0,0.0,0.0
2012-08-06 00:00:00-04:00,13.870544433593748,13.908338255112927,13.832749170332697,13.87054443359375,41300,0.0,0.0,0.0
2012-08-07 00:00:00-04:00,13.742047517567265,13.81763662487551,13.70425224304199,13.704252243041992,61500,0.0,0.0,0.0
2012-08-08 00:00:00-04:00,13.749611183024552,13.817641258239746,13.704256838385895,13.817641258239746,34400,0.0,0.0,0.0
2012-08-09 00:00:00-04:00,13.847871133004032,13.961254070886605,13.847871133004032,13.915901184082031,28100,0.0,0.0,0.0
2012-08-10 00:00:00-04:00,13.93858080728204,14.021727540801422,13.93858080728204,14.006610870361328,51500,0.0,0.0,0.0
2012-08-13 00:00:00-04:00,14.02172369382481,14.02172369382481,13.931017929099996,13.976370811462402,26600,0.0,0.0,0.0
2012-08-14 00:00:00-04:00,13.999046325683594,14.02928109645221,13.94613439553204,13.999046325683594,43100,0.0,0.0,0.0
2012-08-15 00:00:00-04:00,13.999052572196545,14.074641695459636,13.983934459195405,14.059523582458496,47900,0.0,0.0,0.0
2012-08-16 00:00:00-04:00,14.006605378811239,14.059517308962795,13.976369166300657,13.999046325683594,48800,0.0,0.0,0.0
2012-08-17 00:00:00-04:00,13.991493515695975,14.074641695459636,13.991493515695975,14.059523582458496,39200,0.0,0.0,0.0
2012-08-20 00:00:00-04:00,14.06707928659501,14.06707928659501,13.991490181345766,14.044402122497559,63800,0.0,0.0,0.0
2012-08-21 00:00:00-04:00,14.0595171049947,14.172900016780556,14.006605175610764,14.021721839904785,37000,0.0,0.0,0.0
2012-08-22 00:00:00-04:00,13.983931678712796,13.983931678712796,13.840312517243571,13.885666847229004,63100,0.0,0.0,0.0
2012-08-23 00:00:00-04:00,13.86298906897047,13.86298906897047,13.73448802318097,13.749606132507324,27700,0.0,0.0,0.0
2012-08-24 00:00:00-04:00,13.704249069765313,13.855427249375854,13.704249069765313,13.840309143066406,16700,0.0,0.0,0.0
2012-08-27 00:00:00-04:00,13.862994161135614,13.878112276015164,13.794964085920418,13.817641258239746,39800,0.0,0.0,0.0
2012-08-28 00:00:00-04:00,13.83275793137651,13.870553218575388,13.802523143360194,13.817641258239746,37600,0.0,0.0,0.0
2012-08-29 00:00:00-04:00,13.840311282106189,13.870547499398137,13.802517452233449,13.832752227783203,164800,0.0,0.0,0.0
2012-08-30 00:00:00-04:00,13.802515722138178,13.802515722138178,13.726926630125323,13.779838562011719,19800,0.0,0.0,0.0
2012-08-31 00:00:00-04:00,13.84787173337533,13.84787173337533,13.749606900748125,13.802518844604492,43400,0.0,0.0,0.0
2012-09-04 00:00:00-04:00,13.764723409010173,13.908342570479398,13.742047685759779,13.885666847229004,260300,0.0,0.0,0.0
2012-09-05 00:00:00-04:00,13.915900410606286,13.923459464943946,13.840311308971884,13.862988471984863,642800,0.0,0.0,0.0
2012-09-06 00:00:00-04:00,13.908335675575016,14.089748580356327,13.908335675575016,14.067072868347168,122400,0.0,0.0,0.0
2012-09-07 00:00:00-04:00,14.082195954251048,14.082195954251048,14.01416734544322,14.044402122497559,52800,0.0,0.0,0.0
2012-09-10 00:00:00-04:00,14.074635211030667,14.082192822306705,14.014164228628747,14.021721839904785,37000,0.0,0.0,0.0
2012-09-11 00:00:00-04:00,14.014168320316024,14.089755989081137,14.014168320316024,14.074639320373535,11200,0.0,0.0,0.0
2012-09-12 00:00:00-04:00,14.104872961277149,14.127550125122069,14.05196102071458,14.12755012512207,28500,0.0,0.0,0.0
2012-09-13 00:00:00-04:00,14.127551656718689,14.256052715619806,14.08219732411189,14.233375549316406,78800,0.0,0.0,0.0
2012-09-14 00:00:00-04:00,14.24849340424,14.308964404887085,14.188022403592914,14.210698127746582,37100,0.0,0.0,0.0
2012-09-17 00:00:00-04:00,14.21069754357316,14.233374708536996,14.082196492262726,14.104873657226562,37300,0.0,0.0,0.0
2012-09-18 00:00:00-04:00,14.03684147583333,14.11998962635162,14.03684147583333,14.112430572509766,83000,0.0,0.0,0.0
2012-09-19 00:00:00-04:00,14.142667330436467,14.218256437718507,14.082196332959295,14.188021659851074,66100,0.0,0.0,0.0
2012-09-20 00:00:00-04:00,14.142659150201705,14.293837277323068,14.119983440352529,14.271160125732422,30500,0.0,0.0,0.0
2012-09-21 00:00:00-04:00,14.34675724126881,14.437464456798448,14.34675724126881,14.414787292480469,51300,0.0,0.0,0.0
2012-09-24 00:00:00-04:00,14.354314221833258,14.497933358276175,14.354314221833258,14.467697143554688,19100,0.0,0.0,0.0
2012-09-25 00:00:00-04:00,14.535729235895253,14.535729235895253,14.369434356689453,14.369434356689453,44700,0.0,0.0,0.0
2012-09-26 00:00:00-04:00,14.376995064933476,14.392113176166085,14.339199786851959,14.346758842468262,22300,0.0,0.0,0.0
2012-09-27 00:00:00-04:00,14.376989885321303,14.44501991961635,14.331635567963323,14.407224655151367,19300,0.0,0.0,0.0
2012-09-28 00:00:00-04:00,14.376991994276977,14.429903930547663,14.308961950002628,14.384551048278809,26100,0.0,0.0,0.0
2012-10-01 00:00:00-04:00,14.42990595846027,14.42990595846027,14.248492962147768,14.256052017211914,64000,0.0,0.0,0.0
2012-10-02 00:00:00-04:00,14.293845094846539,14.52817002247323,14.293845094846539,14.452582359313965,48600,0.0,0.0,0.0
2012-10-03 00:00:00-04:00,14.44501991961635,14.460136583660422,14.376989885321303,14.407224655151367,38200,0.0,0.0,0.0
2012-10-04 00:00:00-04:00,14.467699125479427,14.550847285611878,14.445023403074046,14.543288230895996,19100,0.0,0.0,0.0
2012-10-05 00:00:00-04:00,14.588639436086263,14.626434705309718,14.513051781123556,14.535727500915527,27700,0.0,0.0,0.0
2012-10-08 00:00:00-04:00,14.513051290130633,14.55084511633338,14.490374129363754,14.520608901977539,27200,0.0,0.0,0.0
2012-10-09 00:00:00-04:00,14.543286238616332,14.573522453337818,14.445021424255645,14.467697143554688,39600,0.0,0.0,0.0
2012-10-10 00:00:00-04:00,14.452582566343768,14.50549450801011,14.369434405586789,14.414787292480469,43300,0.0,0.0,0.0
2012-10-11 00:00:00-04:00,14.429905427110528,14.505494533226251,14.376993485352207,14.445023536682129,40800,0.0,0.0,0.0
2012-10-12 00:00:00-04:00,14.445020090777355,14.445020090777355,14.331635737780822,14.354312896728516,21500,0.0,0.0,0.0
2012-10-15 00:00:00-04:00,14.339197699158671,14.39966869354248,14.308962922837882,14.39966869354248,43400,0.0,0.0,0.0
2012-10-16 00:00:00-04:00,14.429903316894901,14.47525619723506,14.414785209534159,14.467697143554688,65300,0.0,0.0,0.0
2012-10-17 00:00:00-04:00,14.460138972214956,14.633994333987808,14.460138972214956,14.626435279846191,24500,0.0,0.0,0.0
2012-10-18 00:00:00-04:00,14.581082191235936,14.679347010207703,14.581082191235936,14.649110794067383,32700,0.0,0.0,0.0
2012-10-19 00:00:00-04:00,14.633992275561994,14.656667993055104,14.497932203635512,14.505491256713867,17400,0.0,0.0,0.0
2012-10-22 00:00:00-04:00,14.445023462416554,14.482817294408965,14.339198137701704,14.369434356689453,247900,0.0,0.0,0.0
2012-10-23 00:00:00-04:00,14.271169384746331,14.271169384746331,14.142668325845216,14.233375549316406,71100,0.0,0.0,0.0
2012-10-24 00:00:00-04:00,14.233373358421042,14.278726242304417,14.18046142026674,14.195579528808594,33300,0.0,0.0,0.0
2012-10-25 00:00:00-04:00,14.240934348941316,14.240934348941316,14.119992347647145,14.210698127746582,67300,0.0,0.0,0.0
2012-10-26 00:00:00-04:00,14.21069575758576,14.248491027775412,14.142665712986526,14.225813865661621,48700,0.0,0.0,0.0
2012-10-31 00:00:00-04:00,14.24849067364091,14.354314544057493,14.240931619790853,14.331637382507324,1540800,0.0,0.0,0.0
2012-11-01 00:00:00-04:00,14.384557426288774,14.384557426288774,14.210701990644662,14.286291122436523,291500,0.0,0.0,0.0
2012-11-02 00:00:00-04:00,14.324078145900945,14.324078145900945,14.17289996952919,14.180459022521973,87800,0.0,0.0,0.0
2012-11-05 00:00:00-05:00,14.036845652984049,14.044404709075362,13.999051814270015,14.006610870361328,83400,0.0,0.0,0.0
2012-11-06 00:00:00-05:00,14.05196117719671,14.119991227746803,13.999049236044916,14.044402122497559,13500,0.0,0.0,0.0
2012-11-07 00:00:00-05:00,13.96125080453398,13.96125080453398,13.537953929326532,13.598424911499023,347000,0.0,0.0,0.0
2012-11-08 00:00:00-05:00,13.658896794729753,13.711808727403469,13.515277661942504,13.553072929382324,65900,0.0,0.0,0.0
2012-11-09 00:00:00-05:00,13.59086809629272,13.59086809629272,13.401896065671044,13.462367057800293,42100,0.0,0.0,0.0
2012-11-12 00:00:00-05:00,13.485043153597932,13.485043153597932,13.371660232543945,13.371660232543945,43400,0.0,0.0,0.0
2012-11-13 00:00:00-05:00,13.311189936249065,13.500161961730205,13.288512774164158,13.348983764648438,66600,0.0,0.0,0.0
2012-11-14 00:00:00-05:00,13.371662223782955,13.371662223782955,13.19780684775233,13.21292495727539,118400,0.0,0.0,0.0
2012-11-15 00:00:00-05:00,13.220483470873152,13.24316063422948,13.069306707057622,13.152453422546387,184500,0.0,0.0,0.0
2012-11-16 00:00:00-05:00,13.160010971463324,13.303630106138606,13.084421877332014,13.29607105255127,48500,0.0,0.0,0.0
2012-11-19 00:00:00-05:00,13.311185836791992,13.386773470311951,13.250714864931009,13.311185836791992,3949400,0.0,0.0,0.0
2012-11-20 00:00:00-05:00,13.318744888492327,13.386773470311951,13.212919606429335,13.311185836791992,656600,0.0,0.0,0.0
2012-11-21 00:00:00-05:00,13.348982985920571,13.348982985920571,13.212922904832624,13.29607105255127,160800,0.0,0.0,0.0
2012-11-23 00:00:00-05:00,13.280957030762048,13.364105204058093,13.273397974849454,13.333868980407715,246500,0.0,0.0,0.0
2012-11-26 00:00:00-05:00,13.303633798186747,13.43969391703434,13.303633798186747,13.424575805664062,116600,0.0,0.0,0.0
2012-11-27 00:00:00-05:00,13.469925131846148,13.507720400265478,13.417013197801156,13.447249412536621,79600,0.0,0.0,0.0
2012-11-28 00:00:00-05:00,13.394335145047021,13.500160447833958,13.341423214524543,13.49260139465332,51100,0.0,0.0,0.0
2012-11-29 00:00:00-05:00,13.530395768918432,13.575748648104183,13.492601943220645,13.553072929382324,43600,0.0,0.0,0.0
2012-11-30 00:00:00-05:00,13.575751861969952,13.681577194112053,13.575751861969952,13.666459083557129,71900,0.0,0.0,0.0
2012-12-03 00:00:00-05:00,13.696691218446297,13.742044094838286,13.583306864853403,13.643777847290039,68500,0.0,0.0,0.0
2012-12-04 00:00:00-05:00,13.636220611980644,13.636220611980644,13.553072468184522,13.568190574645996,42500,0.0,0.0,0.0
2012-12-05 00:00:00-05:00,13.560636160220536,13.75716728622286,13.560636160220536,13.696696281433105,44800,0.0,0.0,0.0
2012-12-06 00:00:00-05:00,13.696693445239163,13.757164437507102,13.689134390987897,13.711810111999512,22100,0.0,0.0,0.0
2012-12-07 00:00:00-05:00,13.772282320094263,13.772282320094263,13.69669465439304,13.734488487243652,24700,0.0,0.0,0.0
2012-12-10 00:00:00-05:00,13.734489208234407,13.772283043069002,13.711812042288221,13.742048263549805,28000,0.0,0.0,0.0
2012-12-11 00:00:00-05:00,13.779836425091661,13.825190738311223,13.757160710223669,13.787395477294922,28500,0.0,0.0,0.0
2012-12-12 00:00:00-05:00,13.847866453179215,13.885661714195516,13.787395477294922,13.787395477294922,24400,0.0,0.0,0.0
2012-12-13 00:00:00-05:00,13.787399964080953,13.817636182733663,13.711810859191438,13.749606132507324,82800,0.0,0.0,0.0
2012-12-14 00:00:00-05:00,13.734487042878644,13.794958034125672,13.719368934631348,13.719368934631348,56800,0.0,0.0,0.0
2012-12-17 00:00:00-05:00,13.80251900756124,13.968813896179197,13.80251900756124,13.9688138961792,3968500,0.0,0.0,0.0
2012-12-18 00:00:00-05:00,14.104872393244207,14.104872393244207,13.855429367964668,14.036842346191406,220600,0.0,0.0,0.0
2012-12-19 00:00:00-05:00,14.021727540801422,14.044404709075362,13.93858080728204,14.006610870361328,203300,0.0,0.0,0.0
2012-12-20 00:00:00-05:00,14.059513817096912,14.067072868347168,13.999042848836474,14.067072868347168,101700,0.0,0.0,0.0
2012-12-21 00:00:00-05:00,14.102315448880374,14.132956705462998,13.887831035968599,13.964432716369629,142300,0.246,0.0,0.0
2012-12-24 00:00:00-05:00,14.03337529816478,14.03337529816478,13.857192440720716,13.895492553710938,208000,0.0,0.0,0.0
2012-12-26 00:00:00-05:00,13.910811366055299,13.91847167986375,13.742288845435777,13.765268325805664,553800,0.0,0.0,0.0
2012-12-27 00:00:00-05:00,13.77292782942765,13.803569082858994,13.589084692005716,13.734627723693848,196800,0.0,0.0,0.0
2012-12-28 00:00:00-05:00,13.673350596758672,13.703990397916206,13.589088586727806,13.604409217834473,41700,0.0,0.0,0.0
2012-12-31 00:00:00-05:00,13.573761648219437,13.795906312873399,13.497161450391978,13.77292537689209,521700,0.0,0.0,0.0
2013-01-02 00:00:00-05:00,13.98741300469402,14.04103374015054,13.918471641662645,13.995073318481445,2125800,0.0,0.0,0.0
2013-01-03 00:00:00-05:00,13.979748743530145,14.094650495786505,13.972088431905714,14.02570915222168,151300,0.0,0.0,0.0
2013-01-04 00:00:00-05:00,14.041031461270437,14.140612602233887,14.041031461270437,14.140612602233887,79800,0.0,0.0,0.0
2013-01-07 00:00:00-05:00,14.086994161819636,14.086994161819636,13.972092377119166,13.995073318481445,55200,0.0,0.0,0.0
2013-01-08 00:00:00-05:00,13.964429428446952,13.972089740788988,13.857187977768811,13.880168914794922,63400,0.0,0.0,0.0
2013-01-09 00:00:00-05:00,13.90314769744873,13.910808009408765,13.849526974783599,13.90314769744873,52500,0.0,0.0,0.0
2013-01-10 00:00:00-05:00,13.910811829214575,13.972092880667065,13.895491201087575,13.949111938476562,158800,0.0,0.0,0.0
2013-01-11 00:00:00-05:00,13.918471486853365,13.96443190801126,13.895490545746693,13.933792114257812,63600,0.0,0.0,0.0
2013-01-14 00:00:00-05:00,13.926132051936372,13.933792365776872,13.880171629948844,13.910811424255371,62900,0.0,0.0,0.0
2013-01-15 00:00:00-05:00,13.864851002267843,13.910811424255371,13.834209746905842,13.910811424255371,38200,0.0,0.0,0.0
2013-01-16 00:00:00-05:00,13.872510206040005,13.880170519267532,13.818889474502669,13.849529266357422,37100,0.0,0.0,0.0
2013-01-17 00:00:00-05:00,13.85719218741583,13.949113041334337,13.85719218741583,13.918473243713379,113700,0.0,0.0,0.0
2013-01-18 00:00:00-05:00,13.872507302898214,14.03336946384611,13.872507302898214,14.02570915222168,38600,0.0,0.0,0.0
2013-01-22 00:00:00-05:00,14.086996118596588,14.20955823410917,14.03337537569179,14.186578750610352,63800,0.0,0.0,0.0
2013-01-23 00:00:00-05:00,14.209556876228818,14.209556876228818,14.117636028906267,14.19423770904541,96200,0.0,0.0,0.0
2013-01-24 00:00:00-05:00,14.217215689296584,14.286157048037442,14.209555375985893,14.232536315917969,46800,0.0,0.0,0.0
2013-01-25 00:00:00-05:00,14.316795733182323,14.316795733182323,14.148271792687089,14.263175010681152,53200,0.0,0.0,0.0
2013-01-28 00:00:00-05:00,14.247859952645836,14.316801325951749,14.186578894268989,14.29382038116455,288300,0.0,0.0,0.0
2013-01-29 00:00:00-05:00,14.293815379941758,14.39339797812126,14.278494755444118,14.362756729125977,88100,0.0,0.0,0.0
2013-01-30 00:00:00-05:00,14.347439214055473,14.431701205998888,14.339778900146483,14.339778900146484,35200,0.0,0.0,0.0
2013-01-31 00:00:00-05:00,14.355096583365818,14.424037933349608,14.339775958690488,14.42403793334961,79500,0.0,0.0,0.0
2013-02-01 00:00:00-05:00,14.447020932022136,14.48532103812088,14.439360618591309,14.439360618591309,68200,0.0,0.0,0.0
2013-02-04 00:00:00-05:00,14.4010566753462,14.431697924013884,14.34743595123291,14.34743595123291,159300,0.0,0.0,0.0
2013-02-05 00:00:00-05:00,14.316795902877377,14.45467859726047,14.286154654767746,14.324456214904785,92200,0.0,0.0,0.0
2013-02-06 00:00:00-05:00,14.286158462229253,14.385741084070595,14.2631789810778,14.370420455932617,33600,0.0,0.0,0.0
2013-02-07 00:00:00-05:00,14.416377621011945,14.439358558024937,14.339775958690488,14.42403793334961,44300,0.0,0.0,0.0
2013-02-08 00:00:00-05:00,14.416383335164214,14.470004081726074,14.416383335164214,14.470004081726074,33000,0.0,0.0,0.0
2013-02-11 00:00:00-05:00,14.4776611328125,14.500642073752813,14.431700711987313,14.4776611328125,34600,0.0,0.0,0.0
2013-02-12 00:00:00-05:00,14.416382131764784,14.500644132788706,14.408721817030278,14.4929838180542,27200,0.0,0.0,0.0
2013-02-13 00:00:00-05:00,14.46234130859375,14.59256372570906,14.439361827432855,14.46234130859375,70300,0.0,0.0,0.0
2013-02-14 00:00:00-05:00,14.30147933959961,14.316799968004581,14.255518915440236,14.30147933959961,164100,0.0,0.0,0.0
2013-02-15 00:00:00-05:00,14.378083195586752,15.06749550648908,14.270840241584514,14.2785005569458,52900,0.0,0.0,0.0
2013-02-19 00:00:00-05:00,14.309138212378024,14.447020932022136,14.309138212378024,14.439360618591309,27900,0.0,0.0,0.0
2013-02-20 00:00:00-05:00,14.508305524249357,14.508305524249357,14.316802024841309,14.316802024841309,79300,0.0,0.0,0.0
2013-02-21 00:00:00-05:00,14.217213139061483,14.309135421245712,14.217213139061483,14.263175010681152,38300,0.0,0.0,0.0
2013-02-22 00:00:00-05:00,14.355098330968874,14.408719062805176,14.316798225673049,14.408719062805176,84400,0.0,0.0,0.0
2013-02-25 00:00:00-05:00,14.416376693898027,14.492978351293246,14.20189380645752,14.20189380645752,53000,0.0,0.0,0.0
2013-02-26 00:00:00-05:00,14.163592184290923,14.232533529534745,14.102311150858093,14.148271560668945,44500,0.0,0.0,0.0
2013-02-27 00:00:00-05:00,14.171252728496924,14.293814797372487,14.117632005995752,14.263175010681152,30300,0.0,0.0,0.0
2013-02-28 00:00:00-05:00,14.27849905204171,14.355100736525253,14.232538625773826,14.270838737487793,35600,0.0,0.0,0.0
2013-03-01 00:00:00-05:00,14.155938433276754,14.293821187668371,14.148278117915467,14.2785005569458,62900,0.0,0.0,0.0
2013-03-04 00:00:00-05:00,14.240196554026033,14.424039689345651,14.240196554026033,14.408719062805176,38900,0.0,0.0,0.0
2013-03-05 00:00:00-05:00,14.454680442810059,14.515961485798458,14.454680442810059,14.454680442810059,176900,0.0,0.0,0.0
2013-03-06 00:00:00-05:00,14.485320233776601,14.515961485798458,14.431699503793665,14.454680442810059,60400,0.0,0.0,0.0
2013-03-07 00:00:00-05:00,14.447021339280854,14.53128186728446,14.447021339280854,14.4776611328125,47800,0.0,0.0,0.0
2013-03-08 00:00:00-05:00,14.500645887911077,14.554266636487098,14.447025139335055,14.523625373840332,49400,0.0,0.0,0.0
2013-03-11 00:00:00-04:00,14.531284480120151,14.577246370265073,14.508304996103389,14.546605110168457,41600,0.0,0.0,0.0
2013-03-12 00:00:00-04:00,14.61553866199327,14.61553866199327,14.48531629838996,14.53127670288086,36900,0.0,0.0,0.0
2013-03-13 00:00:00-04:00,14.57724365423234,14.57724365423234,14.515962606512698,14.561923027038574,34500,0.0,0.0,0.0
2013-03-14 00:00:00-04:00,14.61554457121474,14.630865199257638,14.55426352009865,14.59256362915039,28100,0.0,0.0,0.0
2013-03-15 00:00:00-04:00,14.515963313177112,14.692146151316068,14.50830299920731,14.676825523376465,40100,0.0,0.0,0.0
2013-03-18 00:00:00-04:00,14.745762884474951,14.745762884474951,14.584900717950763,14.615540504455566,38400,0.0,0.0,0.0
2013-03-19 00:00:00-04:00,14.638521440125492,14.638521440125492,14.55425947039086,14.615540504455566,16900,0.0,0.0,0.0
2013-03-20 00:00:00-04:00,14.745766891622006,14.745766891622006,14.653844585017605,14.722785949707031,45200,0.0,0.0,0.0
2013-03-21 00:00:00-04:00,14.800643660077586,14.800643660077586,14.623343172507859,14.631052017211914,171200,0.121,0.0,0.0
2013-03-22 00:00:00-04:00,14.623343467712402,14.669596536870463,14.60021840344519,14.623343467712402,50800,0.0,0.0,0.0
2013-03-25 00:00:00-04:00,14.700432661485651,14.72355919955006,14.569385219744746,14.615636825561523,36100,0.0,0.0,0.0
2013-03-26 00:00:00-04:00,14.700430936877728,14.723557472229004,14.661888181604132,14.723557472229004,41000,0.0,0.0,0.0
2013-03-27 00:00:00-04:00,14.685015508121248,14.738977432250977,14.654181593216354,14.738977432250977,57800,0.0,0.0,0.0
2013-03-28 00:00:00-04:00,14.816060261906374,14.92398262023926,14.73897475349809,14.923982620239258,63400,0.0,0.0,0.0
2013-04-01 00:00:00-04:00,14.97793915864456,14.97793915864456,14.800640183038565,14.862309455871582,228600,0.0,0.0,0.0
2013-04-02 00:00:00-04:00,14.87773007389316,14.962525900497727,14.84689616350815,14.885438919067383,58500,0.0,0.0,0.0
2013-04-03 00:00:00-04:00,14.90856456756592,14.94710732083195,14.862312969584323,14.908564567565918,61700,0.0,0.0,0.0
2013-04-04 00:00:00-04:00,14.97023434023746,15.047321319580078,14.947107805341123,15.047321319580078,55700,0.0,0.0,0.0
2013-04-05 00:00:00-04:00,14.985654275913364,15.1089928732203,14.9548188914306,15.10128402709961,64400,0.0,0.0,0.0
2013-04-08 00:00:00-04:00,15.116695118868023,15.201489448547362,15.055025847141495,15.201489448547363,25500,0.0,0.0,0.0
2013-04-09 00:00:00-04:00,15.178367320003064,15.232327759389154,15.170658475760522,15.186076164245605,43300,0.0,0.0,0.0
2013-04-10 00:00:00-04:00,15.263161208247451,15.386499771805322,15.263161208247451,15.363374710083008,22000,0.0,0.0,0.0
2013-04-11 00:00:00-04:00,15.378790857022615,15.432751289382942,15.378790857022615,15.417333602905273,56500,0.0,0.0,0.0
2013-04-12 00:00:00-04:00,15.340254884589191,15.448177277618198,15.340254884589191,15.425050735473633,38100,0.0,0.0,0.0
2013-04-15 00:00:00-04:00,15.309417194541025,15.36337764260848,15.108991622924805,15.108991622924805,31800,0.0,0.0,0.0
2013-04-16 00:00:00-04:00,15.170659551677673,15.309415817260742,15.155241862099153,15.309415817260742,37100,0.0,0.0,0.0
2013-04-17 00:00:00-04:00,15.209198291302105,15.24774250507582,15.085859747849051,15.201489448547363,53600,0.0,0.0,0.0
2013-04-18 00:00:00-04:00,15.201495225102866,15.27087336594777,15.178370158362547,15.263164520263672,34000,0.0,0.0,0.0
2013-04-19 00:00:00-04:00,15.28628620846812,15.417333602905273,15.28628620846812,15.417333602905273,48500,0.0,0.0,0.0
2013-04-22 00:00:00-04:00,15.417333602905273,15.455876348787934,15.301703894945787,15.417333602905273,41000,0.0,0.0,0.0
2013-04-23 00:00:00-04:00,15.463591575622559,15.463591575622559,15.378797205614054,15.463591575622559,47600,0.0,0.0,0.0
2013-04-24 00:00:00-04:00,15.40962804288945,15.53296662036667,15.40962804288945,15.494423866271973,25100,0.0,0.0,0.0
2013-04-25 00:00:00-04:00,15.525253443861153,15.679427357848288,15.517544601130655,15.57150650024414,33000,0.0,0.0,0.0
2013-04-26 00:00:00-04:00,15.6177656123244,15.6177656123244,15.517552078847672,15.525260925292969,32600,0.0,0.0,0.0
2013-04-29 00:00:00-04:00,15.579214319077431,15.70255433598823,15.579214319077431,15.68713665008545,59100,0.0,0.0,0.0
2013-04-30 00:00:00-04:00,15.679433939158695,15.764229774475098,15.640891179639619,15.764229774475098,36700,0.0,0.0,0.0
2013-05-01 00:00:00-04:00,15.694847036628042,15.795059064229086,15.625468913553627,15.633177757263184,364000,0.0,0.0,0.0
2013-05-02 00:00:00-04:00,15.633177685551093,15.664011589936282,15.594633467180117,15.64859390258789,130300,0.0,0.0,0.0
2013-05-03 00:00:00-04:00,15.787349259064696,15.787349259064696,15.648593021366167,15.671719551086426,31400,0.0,0.0,0.0
2013-05-06 00:00:00-04:00,15.579221740772972,15.579221740772972,15.509845061783407,15.540678977966309,36500,0.0,0.0,0.0
2013-05-07 00:00:00-04:00,15.571505336660966,15.648590817582898,15.509836069736641,15.640883445739746,211900,0.0,0.0,0.0
2013-05-08 00:00:00-04:00,15.640883587464664,15.656299801601959,15.532961266635713,15.586921691894531,65100,0.0,0.0,0.0
2013-05-09 00:00:00-04:00,15.625472725879305,15.64089041706005,15.378795548235216,15.394211769104004,74500,0.0,0.0,0.0
2013-05-10 00:00:00-04:00,15.401922337130339,15.48671817779541,15.386504644225393,15.48671817779541,43500,0.0,0.0,0.0
2013-05-13 00:00:00-04:00,15.43275260925293,15.455877670635669,15.40191723366043,15.43275260925293,187800,0.0,0.0,0.0
2013-05-14 00:00:00-04:00,15.417339489626016,15.594638540881819,15.417339489626016,15.563804626464844,50200,0.0,0.0,0.0
2013-05-15 00:00:00-04:00,15.556084899989484,15.771926560879768,15.556084899989484,15.702549934387207,86800,0.0,0.0,0.0
2013-05-16 00:00:00-04:00,15.671720433610476,15.717972025344057,15.625468841876897,15.64859390258789,29100,0.0,0.0,0.0
2013-05-17 00:00:00-04:00,15.679428975381295,15.841310278487637,15.679428975381295,15.833602905273438,62500,0.0,0.0,0.0
2013-05-20 00:00:00-04:00,15.833601584691415,15.879853171676876,15.802766213160147,15.818183898925781,36800,0.0,0.0,0.0
2013-05-21 00:00:00-04:00,15.864445665005077,15.90298843383789,15.787358657027061,15.90298843383789,30700,0.0,0.0,0.0
2013-05-22 00:00:00-04:00,15.949235244972618,16.0109045330264,15.602344580725209,15.625471115112305,67500,0.0,0.0,0.0
2013-05-23 00:00:00-04:00,15.432750271718003,15.602340400854722,15.363372157454933,15.57150650024414,27700,0.0,0.0,0.0
2013-05-24 00:00:00-04:00,15.45587385806013,15.548378491707421,15.425039960385213,15.471291542053223,36800,0.0,0.0,0.0
2013-05-28 00:00:00-04:00,15.494420787817171,15.548381220953537,15.317121801708675,15.38649845123291,38300,0.0,0.0,0.0
2013-05-29 00:00:00-04:00,15.270873332337723,15.270873332337723,15.008778460903148,15.124409675598145,563000,0.0,0.0,0.0
2013-05-30 00:00:00-04:00,15.278581619262697,15.455880652186924,15.27087277387748,15.278581619262695,273900,0.0,0.0,0.0
2013-05-31 00:00:00-04:00,15.209201157004474,15.417335539664753,15.162949562072754,15.162949562072754,247600,0.0,0.0,0.0
2013-06-03 00:00:00-04:00,15.186075504979659,15.24774478593107,15.062736943076834,15.178366661071777,215800,0.0,0.0,0.0
2013-06-04 00:00:00-04:00,15.170661511464882,15.201495424293327,15.024196382171791,15.093574523925781,55000,0.0,0.0,0.0
2013-06-05 00:00:00-04:00,15.039610795588477,15.055028483798134,14.94710613664221,14.977941513061523,60500,0.0,0.0,0.0
2013-06-06 00:00:00-04:00,14.947105685288559,15.155240058898926,14.947105685288559,15.155240058898926,35000,0.0,0.0,0.0
2013-06-07 00:00:00-04:00,15.155241146052834,15.28628856065499,15.108989549814348,15.240036964416504,47000,0.0,0.0,0.0
2013-06-10 00:00:00-04:00,15.232328119991466,15.28628856065499,15.193783897866284,15.240036964416504,54300,0.0,0.0,0.0
2013-06-11 00:00:00-04:00,15.147531873658282,15.270870440350665,15.147531873658282,15.162949562072754,36800,0.0,0.0,0.0
2013-06-12 00:00:00-04:00,15.23232948706728,15.247747177301067,15.031903924963675,15.039612770080566,87300,0.0,0.0,0.0
2013-06-13 00:00:00-04:00,15.016488049118827,15.309418317707001,15.016488049118827,15.294000625610352,125600,0.0,0.0,0.0
2013-06-14 00:00:00-04:00,15.224618973994145,15.386500292778136,15.224618973994145,15.324831008911133,45400,0.0,0.0,0.0
2013-06-17 00:00:00-04:00,15.425045177016617,15.440462866223855,15.2785800701714,15.332540512084961,190900,0.0,0.0,0.0
2013-06-18 00:00:00-04:00,15.340246640828447,15.448168975860609,15.340246640828447,15.417333602905273,80800,0.0,0.0,0.0
2013-06-19 00:00:00-04:00,15.355665588637248,15.425043713174038,15.14753121502688,15.155240058898926,30800,0.0,0.0,0.0
2013-06-20 00:00:00-04:00,15.031905256213037,15.031905256213037,14.723558775789016,14.777519226074219,80900,0.0,0.0,0.0
2013-06-21 00:00:00-04:00,14.824425442732355,14.94170848830534,14.636774657657805,14.886977195739746,80400,0.27,0.0,0.0
2013-06-24 00:00:00-04:00,14.738426655086412,14.902620609542673,14.668057391371851,14.824432373046875,197800,0.0,0.0,0.0
2013-06-25 00:00:00-04:00,14.894798675589618,15.082451002399797,14.855705310771992,15.051175117492676,25400,0.0,0.0,0.0
2013-06-26 00:00:00-04:00,15.223190104199107,15.262284965709778,15.12154644690432,15.215371131896973,129500,0.0,0.0,0.0
2013-06-27 00:00:00-04:00,15.30137505071522,15.410837656810637,15.30137505071522,15.32483196258545,28000,0.0,0.0,0.0
2013-06-28 00:00:00-04:00,15.348287585243595,15.528120929317717,15.332651135107037,15.473389625549316,133500,0.0,0.0,0.0
2013-07-01 00:00:00-04:00,15.637580810895905,15.637580810895905,15.176272057669204,15.199728965759277,4170500,0.0,0.0,0.0
2013-07-02 00:00:00-04:00,15.246641497510838,15.332648670358923,15.144997877039778,15.207548141479492,482600,0.0,0.0,0.0
2013-07-03 00:00:00-04:00,15.160636358584712,15.223186631416052,15.105905056271808,15.176274299621582,171800,0.0,0.0,0.0
2013-07-05 00:00:00-04:00,15.121542792741536,15.184093064726683,15.004261219183899,15.168455123901367,57100,0.0,0.0,0.0
2013-07-08 00:00:00-04:00,15.199733711523567,15.379565589081382,15.184095767914265,15.340472221374512,122100,0.0,0.0,0.0
2013-07-09 00:00:00-04:00,15.403017453952046,15.465567716563069,15.356103638506859,15.43429183959961,39900,0.0,0.0,0.0
2013-07-10 00:00:00-04:00,15.41865384935063,15.520298957824707,15.410834880136017,15.520298957824707,58200,0.0,0.0,0.0
2013-07-11 00:00:00-04:00,15.637585010719487,15.754866600036621,15.637585010719487,15.754866600036621,139200,0.0,0.0,0.0
2013-07-12 00:00:00-04:00,15.715773641132403,15.77832392314291,15.676678782803112,15.77050495147705,31200,0.0,0.0,0.0
2013-07-15 00:00:00-04:00,15.825235342946788,16.12235028373231,15.825235342946788,16.106712341308594,4655100,0.0,0.0,0.0
2013-07-16 00:00:00-04:00,16.06761817356825,16.098894059755505,15.997248920963257,16.04416275024414,435700,0.0,0.0,0.0
2013-07-17 00:00:00-04:00,16.11453501988325,16.11453501988325,15.973796488323577,16.012889862060547,107400,0.0,0.0,0.0
2013-07-18 00:00:00-04:00,16.091072152013737,16.161441391778204,16.051978792729507,16.145803451538086,70300,0.0,0.0,0.0
2013-07-19 00:00:00-04:00,16.122349598412296,16.184899874132036,16.122349598412296,16.169261932373047,84600,0.0,0.0,0.0
2013-07-22 00:00:00-04:00,16.192718103978,16.247450902670476,16.153624739085366,16.16144371032715,730300,0.0,0.0,0.0
2013-07-23 00:00:00-04:00,16.17708436575278,16.231815682307573,16.145808475540598,16.208358764648438,67700,0.0,0.0,0.0
2013-07-24 00:00:00-04:00,16.255268508502496,16.255268508502496,15.93469667978192,15.989429473876953,133800,0.0,0.0,0.0
2013-07-25 00:00:00-04:00,16.020710395351074,16.051986290439945,15.965979070262309,16.036348342895508,61700,0.0,0.0,0.0
2013-07-26 00:00:00-04:00,16.051985180909142,16.08325958251953,15.926884591834268,16.08325958251953,27200,0.0,0.0,0.0
2013-07-29 00:00:00-04:00,16.083253454635933,16.122348305899205,16.051979064941406,16.051979064941406,108000,0.0,0.0,0.0
2013-07-30 00:00:00-04:00,16.09889377851836,16.200537424218624,16.083255835697916,16.122350692749023,37100,0.0,0.0,0.0
2013-07-31 00:00:00-04:00,16.067617416381836,16.169262550384058,16.03634302298472,16.067617416381836,45100,0.0,0.0,0.0
2013-08-01 00:00:00-04:00,16.31000483192358,16.38819157920923,16.22399762032944,16.349098205566406,221500,0.0,0.0,0.0
2013-08-02 00:00:00-04:00,16.341276576821347,16.364733491984836,16.270907322647254,16.356914520263672,40700,0.0,0.0,0.0
2013-08-05 00:00:00-04:00,16.364733899788092,16.396008296135722,16.310002587692438,16.3725528717041,42600,0.0,0.0,0.0
2013-08-06 00:00:00-04:00,16.427279871733006,16.427279871733006,16.286541396820706,16.30217933654785,41300,0.0,0.0,0.0
2013-08-07 00:00:00-04:00,16.27872398788424,16.364731173314556,16.247449596747135,16.34127426147461,36800,0.0,0.0,0.0
2013-08-08 00:00:00-04:00,16.356907718339404,16.419457974781178,16.28653849342794,16.403820037841797,2041100,0.0,0.0,0.0
2013-08-09 00:00:00-04:00,16.474195358758582,16.474195358758582,16.33345685685768,16.36473274230957,48800,0.0,0.0,0.0
2013-08-12 00:00:00-04:00,16.278722015441506,16.30999789410517,16.255266597759736,16.286540985107422,111300,0.0,0.0,0.0
2013-08-13 00:00:00-04:00,16.333456260335563,16.333456260335563,16.16144337058124,16.184900283813477,103700,0.0,0.0,0.0
2013-08-14 00:00:00-04:00,16.145806858334677,16.169263773644307,16.05980115149878,16.130168914794922,72100,0.0,0.0,0.0
2013-08-15 00:00:00-04:00,16.106709598572266,16.106709598572266,15.895601885749457,15.93469524383545,107900,0.0,0.0,0.0
2013-08-16 00:00:00-04:00,15.95815579750857,15.95815579750857,15.692316726134829,15.77050495147705,124100,0.0,0.0,0.0
2013-08-19 00:00:00-04:00,15.747045928438482,15.786140781534185,15.60630743992627,15.62194538116455,72700,0.0,0.0,0.0
2013-08-20 00:00:00-04:00,15.621946662323118,15.801778527362917,15.590672268597897,15.739228248596191,95500,0.0,0.0,0.0
2013-08-21 00:00:00-04:00,15.684493329169126,15.707950237548452,15.551573830984813,15.590668678283691,74200,0.0,0.0,0.0
2013-08-22 00:00:00-04:00,15.69231414794922,16.732213347595255,15.199730944460514,15.692314147949219,2213100,0.0,0.0,0.0
2013-08-23 00:00:00-04:00,15.692316176479812,15.801778793334961,15.653222810836205,15.801778793334961,149800,0.0,0.0,0.0
2013-08-26 00:00:00-04:00,15.793961602307823,15.840873940201966,15.692316463668122,15.707954406738281,867100,0.0,0.0,0.0
2013-08-27 00:00:00-04:00,15.59849397237821,15.70013763393631,15.551580136597662,15.629768371582031,129100,0.0,0.0,0.0
2013-08-28 00:00:00-04:00,15.676681529217618,15.707957421360305,15.59067580845846,15.66104507446289,174900,0.0,0.0,0.0
2013-08-29 00:00:00-04:00,15.676679007526944,15.69231695108283,15.59849227238028,15.637585639953613,70200,0.0,0.0,0.0
2013-08-30 00:00:00-04:00,15.661044566868197,15.668863539650447,15.504668093856354,15.535943984985352,153300,0.0,0.0,0.0
2013-09-03 00:00:00-04:00,15.590676865982754,15.692320539707802,15.34829315938575,15.379569053649902,110500,0.0,0.0,0.0
2013-09-04 00:00:00-04:00,15.442115921803927,15.442115921803927,15.309196383330681,15.410840034484863,56500,0.0,0.0,0.0
2013-09-05 00:00:00-04:00,15.36392764547208,15.426477928592902,15.324834277765211,15.340472221374512,71800,0.0,0.0,0.0
2013-09-06 00:00:00-04:00,15.567214911552806,15.567214911552806,15.371745109558104,15.371745109558105,75200,0.0,0.0,0.0
2013-09-09 00:00:00-04:00,15.504664965724908,15.504664965724908,15.34828852426267,15.48902702331543,67400,0.0,0.0,0.0
2013-09-10 00:00:00-04:00,15.582852158555182,15.582852158555182,15.481207030914723,15.575033187866211,77000,0.0,0.0,0.0
2013-09-11 00:00:00-04:00,15.543756210035445,15.637582360376776,15.457750521148299,15.481205940246582,485300,0.0,0.0,0.0
2013-09-12 00:00:00-04:00,15.528120311223914,15.567213671983474,15.449932098388672,15.449932098388672,165100,0.0,0.0,0.0
2013-09-13 00:00:00-04:00,15.457748360447308,15.582848882538348,15.457748360447308,15.559391975402832,155000,0.0,0.0,0.0
2013-09-16 00:00:00-04:00,15.700138288494985,15.79396447265127,15.496849465586875,15.512487411499023,3131600,0.0,0.0,0.0
2013-09-17 00:00:00-04:00,15.520302286225158,15.621945925181292,15.520302286225158,15.606307983398438,532000,0.0,0.0,0.0
2013-09-18 00:00:00-04:00,15.645404024976953,15.989431313722354,15.551577858476819,15.950336456298828,58400,0.0,0.0,0.0
2013-09-19 00:00:00-04:00,16.00506736229972,16.00506736229972,15.879966804327651,15.919061660766602,19500,0.0,0.0,0.0
2013-09-20 00:00:00-04:00,15.947602358891627,15.947602358891627,15.701887725405369,15.725666999816895,100300,0.276,0.0,0.0
2013-09-23 00:00:00-04:00,15.693956297900556,16.011007141745388,15.686031387433855,15.979301452636719,9004500,0.0,0.0,0.0
2013-09-24 00:00:00-04:00,15.979296595839488,16.034780023105387,15.915886748705601,15.963443756103516,419000,0.0,0.0,0.0
2013-09-25 00:00:00-04:00,15.987225411771796,15.987225411771796,15.892109870910645,15.892109870910645,135000,0.0,0.0,0.0
2013-09-26 00:00:00-04:00,15.931742582705644,15.931742582705644,15.860406302296594,15.915889739990234,76300,0.0,0.0,0.0
2013-09-27 00:00:00-04:00,15.836629662025057,15.884188198050747,15.781146215138959,15.812851905822754,67200,0.0,0.0,0.0
2013-09-30 00:00:00-04:00,15.74151112405318,15.78906813470488,15.65432201134997,15.773215293884277,151100,0.0,0.0,0.0
2013-10-01 00:00:00-04:00,15.80492110351955,15.939667227965685,15.80492110351955,15.868330955505371,108100,0.0,0.0,0.0
2013-10-02 00:00:00-04:00,15.804924037043325,15.915890920662346,15.73358775134241,15.884186744689941,92200,0.0,0.0,0.0
2013-10-03 00:00:00-04:00,15.725663702895549,15.80492642250541,15.693958010327352,15.733590126037598,54000,0.0,0.0,0.0
2013-10-04 00:00:00-04:00,15.804923112303426,15.804923112303426,15.72566040929444,15.7415132522583,56700,0.0,0.0,0.0
2013-10-07 00:00:00-04:00,15.725661336256016,15.773218356140568,15.646398628574826,15.662251472473145,133200,0.0,0.0,0.0
2013-10-08 00:00:00-04:00,15.693957123337075,15.77321983846717,15.662252944371366,15.67017936706543,96600,0.0,0.0,0.0
2013-10-09 00:00:00-04:00,15.709814150209212,15.868339622664156,15.709814150209212,15.725666999816895,97300,0.0,0.0,0.0
2013-10-10 00:00:00-04:00,15.852479482304595,16.04270905467502,15.757363940214256,16.00307846069336,123400,0.0,0.0,0.0
2013-10-11 00:00:00-04:00,16.04270900259326,16.11404528097686,15.987225566474958,16.06648826599121,247600,0.0,0.0,0.0
2013-10-14 00:00:00-04:00,16.003080719468223,16.08234343042943,15.796998275693268,15.979301452636719,4097800,0.0,0.0,0.0
2013-10-15 00:00:00-04:00,16.003078972078853,16.003078972078853,15.757364443747832,15.789070129394531,3014200,0.0,0.0,0.0
2013-10-16 00:00:00-04:00,15.804921400910938,15.915888266021588,15.804921400910938,15.90796184539795,79800,0.0,0.0,0.0
2013-10-17 00:00:00-04:00,15.876257742510514,16.20915985107422,15.868331321853026,16.20915985107422,50000,0.0,0.0,0.0
2013-10-18 00:00:00-04:00,16.24879039446997,16.304273827098047,16.18538054120786,16.27256965637207,80600,0.0,0.0,0.0
2013-10-21 00:00:00-04:00,16.25671686320899,16.29634745468627,16.161601327129294,16.20915985107422,21800,0.0,0.0,0.0
2013-10-22 00:00:00-04:00,16.209162228720608,16.446948836084424,16.209162228720608,16.41524314880371,108000,0.0,0.0,0.0
2013-10-23 00:00:00-04:00,16.391464233398438,16.51035752865371,16.367684969623273,16.391464233398438,156300,0.0,0.0,0.0
2013-10-24 00:00:00-04:00,16.38353868058968,16.391465102268228,16.320128818971654,16.375612258911133,75700,0.0,0.0,0.0
2013-10-25 00:00:00-04:00,16.367689950420385,16.60547812510173,16.351837103079482,16.573772430419922,36800,0.0,0.0,0.0
2013-10-28 00:00:00-04:00,16.589625277760824,16.621329460631898,16.54206824754885,16.573772430419922,129100,0.0,0.0,0.0
2013-10-29 00:00:00-04:00,16.55791958307902,16.62925588430235,16.54206824754885,16.573772430419922,219700,0.0,0.0,0.0
2013-10-30 00:00:00-04:00,16.64510908929306,16.708518968208413,16.51036290762159,16.54999351501465,29800,0.0,0.0,0.0
2013-10-31 00:00:00-04:00,16.510359329219956,16.597548460760514,16.32805615582646,16.518285751342773,33200,0.0,0.0,0.0
2013-11-01 00:00:00-04:00,16.526209917318,16.581693352792723,16.45487363976186,16.542062759399414,70800,0.0,0.0,0.0
2013-11-04 00:00:00-05:00,16.54998640610205,16.573765667410157,16.44694596405383,16.557912826538086,64200,0.0,0.0,0.0
2013-11-05 00:00:00-05:00,16.518285459553788,16.645105187657776,16.478654861450195,16.478654861450195,37800,0.0,0.0,0.0
2013-11-06 00:00:00-05:00,16.534139856535187,16.63718032836914,16.510360588353247,16.63718032836914,23400,0.0,0.0,0.0
2013-11-07 00:00:00-05:00,16.653033436921795,16.653033436921795,16.375614684325193,16.383541107177734,47200,0.0,0.0,0.0
2013-11-08 00:00:00-05:00,16.312201879813813,16.391464582274445,16.137825143848662,16.367685317993164,35400,0.0,0.0,0.0
2013-11-11 00:00:00-05:00,16.35975642499768,16.46279837617242,16.343905096348553,16.423166275024414,18300,0.0,0.0,0.0
2013-11-12 00:00:00-05:00,16.35976476991326,16.367691194186033,16.20124081989034,16.24087142944336,27200,0.0,0.0,0.0
2013-11-13 00:00:00-05:00,16.20123763206977,16.343910217285156,16.121974916748936,16.343910217285156,31300,0.0,0.0,0.0
2013-11-14 00:00:00-05:00,16.3835448417092,16.49451176331786,16.367691992390558,16.44695472717285,33900,0.0,0.0,0.0
2013-11-15 00:00:00-05:00,16.446949980354766,16.526212692260742,16.415244290868184,16.526212692260742,17000,0.0,0.0,0.0
2013-11-18 00:00:00-05:00,16.55791605765738,16.55791605765738,16.462802017484595,16.478654861450195,32300,0.0,0.0,0.0
2013-11-19 00:00:00-05:00,16.510354211320074,16.510354211320074,16.35182884162448,16.39938735961914,23900,0.0,0.0,0.0
2013-11-20 00:00:00-05:00,16.41524472848317,16.446950418814996,16.20916378856839,16.21708869934082,47600,0.0,0.0,0.0
2013-11-21 00:00:00-05:00,16.24879207433115,16.343907619962796,16.24879207433115,16.304275512695312,15300,0.0,0.0,0.0
2013-11-22 00:00:00-05:00,16.312200247732083,16.312200247732083,16.232937553201904,16.27256965637207,49600,0.0,0.0,0.0
2013-11-25 00:00:00-05:00,16.32012741659191,16.32012741659191,16.15367559926624,16.161602020263672,23500,0.0,0.0,0.0
2013-11-26 00:00:00-05:00,16.137821581447497,16.137821581447497,16.04270605712929,16.05063247680664,22700,0.0,0.0,0.0
2013-11-27 00:00:00-05:00,16.169529419623693,16.169529419623693,15.97137341812877,16.018930435180664,28500,0.0,0.0,0.0
2013-11-29 00:00:00-05:00,16.018929791199874,16.10611891213183,16.00307846069336,16.00307846069336,9300,0.0,0.0,0.0
2013-12-02 00:00:00-05:00,16.07441456651115,16.121971581139967,15.939668431887654,15.971372604370117,72300,0.0,0.0,0.0
2013-12-03 00:00:00-05:00,15.963446996651736,16.018930435180664,15.9555205751747,16.018930435180664,20100,0.0,0.0,0.0
2013-12-04 00:00:00-05:00,15.923812785589014,16.058558896483987,15.923812785589014,16.05063247680664,18500,0.0,0.0,0.0
2013-12-05 00:00:00-05:00,16.018934197437336,16.018934197437336,15.931746564333425,15.947599411010742,37800,0.0,0.0,0.0
2013-12-06 00:00:00-05:00,16.003078357195633,16.161602243907296,16.003078357195633,16.129898071289062,15400,0.0,0.0,0.0
2013-12-09 00:00:00-05:00,16.14575427830896,16.14575427830896,16.050638717011505,16.058565139770508,22600,0.0,0.0,0.0
2013-12-10 00:00:00-05:00,16.082340688446184,16.082340688446184,15.892109609848838,15.931741714477539,42400,0.0,0.0,0.0
2013-12-11 00:00:00-05:00,15.947602358891627,15.947602358891627,15.709814150209212,15.725666999816895,30900,0.0,0.0,0.0
2013-12-12 00:00:00-05:00,15.74943754446348,15.820772304535977,15.733584703642878,15.773215293884277,30600,0.0,0.0,0.0
2013-12-13 00:00:00-05:00,15.85247755105247,15.85247755105247,15.717731431396121,15.78114128112793,25200,0.0,0.0,0.0
2013-12-16 00:00:00-05:00,15.868332119553033,15.931741976190388,15.860405698497084,15.892109870910645,31600,0.0,0.0,0.0
2013-12-17 00:00:00-05:00,15.947593948516145,15.947593948516145,15.87625767471354,15.90796184539795,39800,0.0,0.0,0.0
2013-12-18 00:00:00-05:00,15.932745835778574,16.044666290283203,15.75686909321206,16.044666290283203,17700,0.171,0.0,0.0
2013-12-19 00:00:00-05:00,15.876786619676697,15.972718008275471,15.820826388860423,15.9567289352417,206400,0.0,0.0,0.0
2013-12-20 00:00:00-05:00,15.980715779340366,16.116619878030995,15.932750075332565,16.076648712158203,34200,0.0,0.0,0.0
2013-12-23 00:00:00-05:00,16.13260222367119,16.156584303268485,16.084636539674992,16.100624084472656,15300,0.0,0.0,0.0
2013-12-24 00:00:00-05:00,16.148595886273867,16.196561583912523,16.068652040341416,16.180572509765625,20100,0.0,0.0,0.0
2013-12-26 00:00:00-05:00,16.188567582127813,16.188567582127813,16.100629196214154,16.12461280822754,22800,0.0,0.0,0.0
2013-12-27 00:00:00-05:00,16.180572509765625,16.188567046839076,16.140601349200416,16.180572509765625,15200,0.0,0.0,0.0
2013-12-30 00:00:00-05:00,16.21255195653698,16.260517658017253,16.15659019254081,16.204557418823242,36700,0.0,0.0,0.0
2013-12-31 00:00:00-05:00,16.228538666740736,16.228538666740736,16.164583893144993,16.21255111694336,30500,0.0,0.0,0.0
2014-01-02 00:00:00-05:00,16.18057088483383,16.18057088483383,15.980712052474518,15.988706588745117,63400,0.0,0.0,0.0
2014-01-03 00:00:00-05:00,16.00469447419246,16.00469447419246,15.884779488631532,15.972716331481934,19500,0.0,0.0,0.0
2014-01-06 00:00:00-05:00,15.972715727065578,16.004693868566033,15.94873364574195,15.996699333190918,25400,0.0,0.0,0.0
2014-01-07 00:00:00-05:00,15.99670242827904,16.140601043269577,15.99670242827904,16.132606506347656,34300,0.0,0.0,0.0
2014-01-08 00:00:00-05:00,16.092636263625977,16.13260895430101,16.03667602148317,16.076648712158203,19700,0.0,0.0,0.0
2014-01-09 00:00:00-05:00,16.132608798687897,16.132608798687897,16.04467040485331,16.092636108398438,52200,0.0,0.0,0.0
2014-01-10 00:00:00-05:00,16.244525302833868,16.3244691390285,16.22853623063457,16.268508911132812,29300,0.0,0.0,0.0
2014-01-13 00:00:00-05:00,16.292493517914973,16.292493517914973,16.09263465887636,16.12461280822754,21600,0.0,0.0,0.0
2014-01-14 00:00:00-05:00,16.116619410907827,16.212552340945148,16.116619410907827,16.16458511352539,12900,0.0,0.0,0.0
2014-01-15 00:00:00-05:00,16.164583435618727,16.22054519513287,16.164583435618727,16.180572509765625,35400,0.0,0.0,0.0
2014-01-16 00:00:00-05:00,16.188560447398775,16.292486337383032,16.17257137976999,16.276498794555664,26200,0.0,0.0,0.0
2014-01-17 00:00:00-05:00,16.316476285482928,16.324470822406973,16.23653244104449,16.252521514892578,64200,0.0,0.0,0.0
2014-01-21 00:00:00-05:00,16.388426360447927,16.452381134033203,16.308482512265815,16.452381134033203,37800,0.0,0.0,0.0
2014-01-22 00:00:00-05:00,16.500349044799805,16.500349044799805,16.436394262641755,16.500349044799805,33400,0.0,0.0,0.0
2014-01-23 00:00:00-05:00,16.50833815021528,16.50833815021528,16.3404574741014,16.428394317626953,30500,0.0,0.0,0.0
2014-01-24 00:00:00-05:00,16.364438984364185,16.396417126202174,16.244524002075195,16.244524002075195,35200,0.0,0.0,0.0
2014-01-27 00:00:00-05:00,16.220542757013316,16.29249053025577,16.204553685269744,16.236530303955078,43500,0.0,0.0,0.0
2014-01-28 00:00:00-05:00,16.22054519717009,16.300487518310547,16.204556123021185,16.300487518310547,20500,0.0,0.0,0.0
2014-01-29 00:00:00-05:00,16.26850844744222,16.32446867374291,16.220542757013316,16.236530303955078,82700,0.0,0.0,0.0
2014-01-30 00:00:00-05:00,16.340462781207233,16.484361421641704,16.340462781207233,16.468372344970703,34800,0.0,0.0,0.0
2014-01-31 00:00:00-05:00,16.420397777097538,16.57228934908405,16.420397777097538,16.564294815063477,43400,0.0,0.0,0.0
2014-02-03 00:00:00-05:00,16.50833889491486,16.636248422905535,16.252519838933516,16.268508911132812,249300,0.0,0.0,0.0
2014-02-04 00:00:00-05:00,16.292490994629908,16.300485530729556,16.180570538838534,16.268508911132812,37400,0.0,0.0,0.0
2014-02-05 00:00:00-05:00,16.21255065805942,16.23653274447773,16.164583435618727,16.180572509765625,32300,0.0,0.0,0.0
2014-02-06 00:00:00-05:00,16.236532217244854,16.356447219848633,16.22054466841914,16.356447219848633,47600,0.0,0.0,0.0
2014-02-07 00:00:00-05:00,16.428394549512117,16.452378157067674,16.348452240597194,16.44438362121582,43500,0.0,0.0,0.0
2014-02-10 00:00:00-05:00,16.3644432770686,16.51633644104004,16.3644432770686,16.51633644104004,44800,0.0,0.0,0.0
2014-02-11 00:00:00-05:00,16.58828111057895,16.692207020118023,16.500342746875482,16.644241333007812,106400,0.0,0.0,0.0
2014-02-12 00:00:00-05:00,16.71619216507117,16.71619216507117,16.644242865380903,16.684215545654297,74200,0.0,0.0,0.0
2014-02-13 00:00:00-05:00,16.65224262001986,16.900067216172364,16.65224262001986,16.892072677612305,187100,0.0,0.0,0.0
2014-02-14 00:00:00-05:00,16.844098483089713,16.98799705505371,16.844098483089713,16.98799705505371,34600,0.0,0.0,0.0
2014-02-18 00:00:00-05:00,17.019978718742223,17.091926494826122,17.019978718742223,17.05994987487793,38300,0.0,0.0,0.0
2014-02-19 00:00:00-05:00,17.027971714712322,17.09992101553295,16.916051257792176,16.940034866333008,56400,0.0,0.0,0.0
2014-02-20 00:00:00-05:00,16.94003458922241,17.147887952103883,16.94003458922241,17.131898880004883,218700,0.0,0.0,0.0
2014-02-21 00:00:00-05:00,17.139890670776367,17.243816573170484,17.139890670776367,17.139890670776367,49300,0.0,0.0,0.0
2014-02-24 00:00:00-05:00,17.16387610782423,17.28379262801567,17.1079158782959,17.1079158782959,50000,0.0,0.0,0.0
2014-02-25 00:00:00-05:00,17.099924241859316,17.187862631632264,17.051958540529597,17.08393669128418,34200,0.0,0.0,0.0
2014-02-26 00:00:00-05:00,17.13189699541209,17.13989153058215,16.900060049885322,16.924043655395508,40300,0.0,0.0,0.0
2014-02-27 00:00:00-05:00,16.892064764809955,17.011981262235643,16.892064764809955,16.964014053344727,66800,0.0,0.0,0.0
2014-02-28 00:00:00-05:00,16.93203897094626,17.083932096574685,16.93203897094626,17.00398826599121,62800,0.0,0.0,0.0
2014-03-03 00:00:00-05:00,16.948034357060912,17.067949385217005,16.948034357060912,16.980010986328125,311000,0.0,0.0,0.0
2014-03-04 00:00:00-05:00,17.09992157256267,17.147888791206864,17.06794495160179,17.123905181884766,70900,0.0,0.0,0.0
2014-03-05 00:00:00-05:00,17.139890161549214,17.139890161549214,16.9720079859907,16.98799705505371,47400,0.0,0.0,0.0
2014-03-06 00:00:00-05:00,16.97201653841056,16.98001107697062,16.87608512529451,16.892072677612305,75500,0.0,0.0,0.0
2014-03-07 00:00:00-05:00,16.892069931123565,16.90006446838379,16.74817283484578,16.90006446838379,66100,0.0,0.0,0.0
2014-03-10 00:00:00-04:00,16.836105346679688,16.884072557852065,16.828110811484294,16.836105346679688,73000,0.0,0.0,0.0
2014-03-11 00:00:00-04:00,16.852097317723274,16.892068475778576,16.79613708652507,16.81212615966797,49700,0.0,0.0,0.0
2014-03-12 00:00:00-04:00,16.748174415653786,16.972015380859375,16.748174415653786,16.972015380859375,45200,0.0,0.0,0.0
2014-03-13 00:00:00-04:00,16.964017044712733,17.115910183381665,16.964017044712733,17.09192657470703,52600,0.0,0.0,0.0
2014-03-14 00:00:00-04:00,17.091931591977048,17.22783569809034,17.091931591977048,17.203853607177734,39900,0.0,0.0,0.0
2014-03-17 00:00:00-04:00,17.259807296782082,17.331756591796875,17.243818225711742,17.331756591796875,24200,0.0,0.0,0.0
2014-03-18 00:00:00-04:00,17.331753424647175,17.46765745430692,17.30776982242435,17.427684783935547,23500,0.0,0.0,0.0
2014-03-19 00:00:00-04:00,17.459672742261038,17.459672742261038,17.14789336197855,17.203853607177734,50200,0.0,0.0,0.0
2014-03-20 00:00:00-04:00,17.131900714908085,17.235826645078834,17.051956870652585,17.219839096069336,102000,0.0,0.0,0.0
2014-03-21 00:00:00-04:00,17.291785291422176,17.54760587451867,17.291785291422176,17.387718200683594,22800,0.0,0.0,0.0
2014-03-24 00:00:00-04:00,17.371727769676756,17.451671600341797,17.363733234130077,17.451671600341797,27000,0.0,0.0,0.0
2014-03-25 00:00:00-04:00,17.494991851570457,17.494991851570457,17.390712424059505,17.470928192138672,30600,0.074,0.0,0.0
2014-03-26 00:00:00-04:00,17.462900284135163,17.478943738072687,17.39070627140427,17.406749725341797,16800,0.0,0.0,0.0
2014-03-27 00:00:00-04:00,17.382686030082443,17.551137720859607,17.374664302428087,17.54311752319336,21800,0.0,0.0,0.0
2014-03-28 00:00:00-04:00,17.607290470980008,17.615310668945312,17.51905299348,17.615310668945312,36800,0.0,0.0,0.0
2014-03-31 00:00:00-04:00,17.743660441302843,17.863983325414377,17.663444675232327,17.83991813659668,165700,0.0,0.0,0.0
2014-04-01 00:00:00-04:00,17.880025008567376,17.880025008567376,17.679486378305228,17.78376579284668,863300,0.0,0.0,0.0
2014-04-02 00:00:00-04:00,17.807826414252723,17.839911791275675,17.703545496455266,17.7998046875,81600,0.0,0.0,0.0
2014-04-03 00:00:00-04:00,17.759703521773716,17.863984483421795,17.759703521773716,17.8559627532959,68300,0.0,0.0,0.0
2014-04-04 00:00:00-04:00,17.88804947592258,18.040459299687324,17.831898890848382,17.847942352294922,50400,0.0,0.0,0.0
2014-04-07 00:00:00-04:00,17.880024425626992,17.912109809828927,17.759700027401962,17.77574348449707,141500,0.0,0.0,0.0
2014-04-08 00:00:00-04:00,17.83991694410276,17.992326736450195,17.70355060989472,17.992326736450195,315500,0.0,0.0,0.0
2014-04-09 00:00:00-04:00,17.9923282367033,18.00837169618044,17.783767853466014,17.960241317749023,38600,0.0,0.0,0.0
2014-04-10 00:00:00-04:00,18.016391597961032,18.072543705202328,17.77574582973796,17.83991813659668,70800,0.0,0.0,0.0
2014-04-11 00:00:00-04:00,18.449548651492496,18.449548651492496,17.687501464761784,17.79178237915039,34900,0.0,0.0,0.0
2014-04-14 00:00:00-04:00,17.80783071006006,17.952217236475814,17.80783071006006,17.896066665649414,73400,0.0,0.0,0.0
2014-04-15 00:00:00-04:00,17.928158511697948,18.12067546319407,17.920136780803684,18.112653732299805,317800,0.0,0.0,0.0
2014-04-16 00:00:00-04:00,18.128696549517418,18.281106371111978,18.12067481890837,18.27308464050293,67200,0.0,0.0,0.0
2014-04-17 00:00:00-04:00,18.265062246460833,18.321212828695963,18.136717621355213,18.152759552001953,89000,0.0,0.0,0.0
2014-04-21 00:00:00-04:00,18.249013162650428,18.249013162650428,18.024409372929767,18.096603393554688,472500,0.0,0.0,0.0
2014-04-22 00:00:00-04:00,18.07253944732467,18.17681884765625,18.056495991892696,18.17681884765625,101900,0.0,0.0,0.0
2014-04-23 00:00:00-04:00,18.168798746908564,18.240992772829106,18.08858299255371,18.08858299255371,137800,0.0,0.0,0.0
2014-04-24 00:00:00-04:00,18.12067528836626,18.176825874095634,18.056502971820024,18.13671875,42000,0.0,0.0,0.0
2014-04-25 00:00:00-04:00,18.216929640078597,18.232973098754883,18.13671540667404,18.232973098754883,43100,0.0,0.0,0.0
2014-04-28 00:00:00-04:00,18.232976763189896,18.313192542704527,18.128697320812996,18.289127349853516,73400,0.0,0.0,0.0
2014-04-29 00:00:00-04:00,18.401430028084093,18.401430028084093,18.224955007394737,18.257041931152344,80000,0.0,0.0,0.0
2014-04-30 00:00:00-04:00,18.2570339250702,18.449550793227043,18.2570339250702,18.425485610961914,238200,0.0,0.0,0.0
2014-05-01 00:00:00-04:00,18.489663733444807,18.626030082658442,18.40944949389794,18.53779411315918,701100,0.0,0.0,0.0
2014-05-02 00:00:00-04:00,18.529773900037764,18.529773900037764,18.208912325619224,18.27308464050293,104600,0.0,0.0,0.0
2014-05-05 00:00:00-04:00,18.337254041970947,18.43351173400879,18.20088770326031,18.43351173400879,98300,0.0,0.0,0.0
2014-05-06 00:00:00-04:00,18.425491620761896,18.425491620761896,18.2971470001288,18.313190460205078,58500,0.0,0.0,0.0
2014-05-07 00:00:00-04:00,18.369342015993837,18.58592414855957,18.353298555065564,18.58592414855957,91300,0.0,0.0,0.0
2014-05-08 00:00:00-04:00,18.593940415339755,18.674156166421696,18.44153064128288,18.473617553710938,132500,0.0,0.0,0.0
2014-05-09 00:00:00-04:00,18.425488535298214,18.489660834868708,18.289122207462373,18.297143936157227,369000,0.0,0.0,0.0
2014-05-12 00:00:00-04:00,18.35329597885015,18.35329597885015,18.200887711390745,18.232973098754883,124700,0.0,0.0,0.0
2014-05-13 00:00:00-04:00,18.257035796031712,18.297142907262334,18.184841771826022,18.22494888305664,98800,0.0,0.0,0.0
2014-05-14 00:00:00-04:00,18.22494990789188,18.37735969311742,18.22494990789188,18.297143936157227,50700,0.0,0.0,0.0
2014-05-15 00:00:00-04:00,18.409451759023494,18.409451759023494,18.19286961362587,18.257041931152344,78700,0.0,0.0,0.0
2014-05-16 00:00:00-04:00,18.345276800779022,18.345276800779022,18.200888724631266,18.30516815185547,33200,0.0,0.0,0.0
2014-05-19 00:00:00-04:00,18.192862431219094,18.20890588676406,18.1126466834824,18.120668411254883,208600,0.0,0.0,0.0
2014-05-20 00:00:00-04:00,18.13671599705325,18.16880138546182,17.984306194644233,18.040456771850586,94400,0.0,0.0,0.0
2014-05-21 00:00:00-04:00,18.104628497588788,18.112650226930594,17.98430561743858,18.032434463500977,86000,0.0,0.0,0.0
2014-05-22 00:00:00-04:00,18.144733466780423,18.216925956248062,18.048474264176708,18.17681884765625,58500,0.0,0.0,0.0
2014-05-23 00:00:00-04:00,18.192862303088223,18.216925956248062,18.136711739064438,18.17681884765625,39200,0.0,0.0,0.0
2014-05-27 00:00:00-04:00,18.297149055860615,18.32923597961822,18.232976738334138,18.257041931152344,39800,0.0,0.0,0.0
2014-05-28 00:00:00-04:00,18.329226906942985,18.369334011798877,18.24901116724322,18.353290557861328,43900,0.0,0.0,0.0
2014-05-29 00:00:00-04:00,18.41746783412374,18.41746783412374,18.321210144391884,18.369338989257812,38600,0.0,0.0,0.0
2014-05-30 00:00:00-04:00,18.369340440889275,18.513728516885678,18.369340440889275,18.505706787109375,58700,0.0,0.0,0.0
2014-06-02 00:00:00-04:00,18.553831774804685,18.553831774804685,18.433508913175867,18.473617553710938,1014900,0.0,0.0,0.0
2014-06-03 00:00:00-04:00,18.481639862060547,18.52174697386661,18.42548776354852,18.481639862060547,148300,0.0,0.0,0.0
2014-06-04 00:00:00-04:00,18.257036057977167,18.489660060431163,18.257036057977167,18.481639862060547,49100,0.0,0.0,0.0
2014-06-05 00:00:00-04:00,18.457574990279067,18.62602669870968,18.457574990279067,18.60196304321289,65500,0.0,0.0,0.0
2014-06-06 00:00:00-04:00,18.70624279199787,18.70624279199787,18.537791080520588,18.5538330078125,61100,0.0,0.0,0.0
2014-06-09 00:00:00-04:00,18.545811576685868,18.553831774804685,18.433508913175867,18.473617553710938,84000,0.0,0.0,0.0
2014-06-10 00:00:00-04:00,18.44955516124454,18.481642078528104,18.361317668703162,18.401426315307617,222700,0.0,0.0,0.0
2014-06-11 00:00:00-04:00,18.353294023930562,18.353294023930562,18.200885772705078,18.200885772705078,61800,0.0,0.0,0.0
2014-06-12 00:00:00-04:00,18.14473520330745,18.200885772705078,18.032432534523927,18.200885772705078,71300,0.0,0.0,0.0
2014-06-13 00:00:00-04:00,18.168802379495702,18.337255650319495,18.144738719369848,18.313190460205078,39300,0.0,0.0,0.0
2014-06-16 00:00:00-04:00,18.321213026547138,18.46560111384736,18.313191296142833,18.40945053100586,11530400,0.0,0.0,0.0
2014-06-17 00:00:00-04:00,18.36933827431683,18.449554032630285,18.33725288898445,18.41746711730957,160700,0.0,0.0,0.0
2014-06-18 00:00:00-04:00,18.44955343924862,18.7784366607666,18.44955343924862,18.7784366607666,1334300,0.0,0.0,0.0
2014-06-19 00:00:00-04:00,18.7623915834241,18.874694243748614,18.7623915834241,18.86667251586914,599700,0.0,0.0,0.0
2014-06-20 00:00:00-04:00,18.898762613292657,18.914806073055008,18.778439725052102,18.794483184814453,258500,0.0,0.0,0.0
2014-06-23 00:00:00-04:00,18.874693828333964,18.930844392266323,18.762391170481127,18.834585189819336,215400,0.0,0.0,0.0
2014-06-24 00:00:00-04:00,18.849076134374766,18.921510793755985,18.81688227016625,18.832979202270508,160300,0.078,0.0,0.0
2014-06-25 00:00:00-04:00,18.816885152037187,18.945659093505483,18.816885152037187,18.937610626220703,402500,0.0,0.0,0.0
2014-06-26 00:00:00-04:00,18.961753300763107,18.969801767541835,18.881270168063878,18.953704833984375,269000,0.0,0.0,0.0
2014-06-27 00:00:00-04:00,18.9054154638196,19.042236328125,18.9054154638196,19.042236328125,123200,0.0,0.0,0.0
2014-06-30 00:00:00-04:00,19.05028350651313,19.21929669123715,19.018089641753527,19.203201293945312,592300,0.0,0.0,0.0
2014-07-01 00:00:00-04:00,19.267590170982558,19.267590170982558,19.034189224243164,19.034189224243164,887900,0.0,0.0,0.0
2014-07-02 00:00:00-04:00,19.0341885576145,19.0341885576145,18.728354485968275,18.776643753051758,191800,0.0,0.0,0.0
2014-07-03 00:00:00-04:00,18.736402342842766,18.736402342842766,18.60762994475489,18.672016143798828,84800,0.0,0.0,0.0
2014-07-07 00:00:00-04:00,18.66396350103121,18.792735870306682,18.66396350103121,18.728349685668945,1732600,0.0,0.0,0.0
2014-07-08 00:00:00-04:00,18.728355570643007,18.80883871050217,18.72030710314827,18.792741775512695,172000,0.0,0.0,0.0
2014-07-09 00:00:00-04:00,18.82492874392759,18.82492874392759,18.66396404518414,18.736398696899414,226800,0.0,0.0,0.0
2014-07-10 00:00:00-04:00,18.655913233655532,18.849071768907056,18.631767841091246,18.824926376342773,307600,0.0,0.0,0.0
2014-07-11 00:00:00-04:00,18.816880278727254,18.865171069929286,18.7122533012984,18.736398696899414,55500,0.0,0.0,0.0
2014-07-14 00:00:00-04:00,18.752491804625667,18.784685661499744,18.607624053955078,18.607624053955078,200900,0.0,0.0,0.0
2014-07-15 00:00:00-04:00,18.62372180704386,18.688107993862552,18.57543255070179,18.64786720275879,85500,0.0,0.0,0.0
2014-07-16 00:00:00-04:00,18.704209462102536,18.7524987301599,18.58348552441505,18.720306396484375,161500,0.0,0.0,0.0
2014-07-17 00:00:00-04:00,18.712260184080705,18.736405588562935,18.51105308532715,18.51105308532715,169000,0.0,0.0,0.0
2014-07-18 00:00:00-04:00,18.583481195673812,18.71225357055664,18.519095008232398,18.71225357055664,110200,0.0,0.0,0.0
2014-07-21 00:00:00-04:00,18.67201816593806,18.67201816593806,18.559341154092436,18.583486557006836,1783300,0.0,0.0,0.0
2014-07-22 00:00:00-04:00,18.631775827747393,18.64787276302366,18.575438089368703,18.583486557006836,177200,0.0,0.0,0.0
2014-07-23 00:00:00-04:00,18.591529846191406,18.591529846191406,18.543240588901256,18.591529846191406,197900,0.0,0.0,0.0
2014-07-24 00:00:00-04:00,18.583481015940098,18.64786720275879,18.551287154986863,18.64786720275879,87400,0.0,0.0,0.0
2014-07-25 00:00:00-04:00,18.6156758174667,18.623724283775356,18.470808029174805,18.470808029174805,90500,0.0,0.0,0.0
2014-07-28 00:00:00-04:00,18.503001311219716,18.712256840746154,18.446663579248764,18.704208374023438,4224900,0.0,0.0,0.0
2014-07-29 00:00:00-04:00,19.04223554113835,19.106621737262966,18.77664229023832,18.816883087158203,348100,0.0,0.0,0.0
2014-07-30 00:00:00-04:00,18.800786262423507,18.800786262423507,18.430564511491593,18.486902236938477,165700,0.0,0.0,0.0
2014-07-31 00:00:00-04:00,18.422516808887842,18.430565275011944,18.164972033268313,18.189117431640625,370800,0.0,0.0,0.0
2014-08-01 00:00:00-04:00,18.11667842724776,18.269596176760288,18.060340712976714,18.18106460571289,684500,0.0,0.0,0.0
2014-08-04 00:00:00-04:00,18.189117454321874,18.189117454321874,17.770606425874295,17.947668075561523,16373000,0.0,0.0,0.0
2014-08-05 00:00:00-04:00,17.891325470127523,18.15691863979559,17.891325470127523,17.987905502319336,664100,0.0,0.0,0.0
2014-08-06 00:00:00-04:00,17.93157777378621,17.93157777378621,17.67403138957366,17.690128326416016,1511300,0.0,0.0,0.0
2014-08-07 00:00:00-04:00,17.73841249087131,17.87523179750393,17.706218629248703,17.794750213623047,704700,0.0,0.0,0.0
2014-08-08 00:00:00-04:00,17.834991443627995,18.02815001284455,17.810846046817982,18.02010154724121,327600,0.0,0.0,0.0
2014-08-11 00:00:00-04:00,18.07644063796586,18.09253757038947,17.99595904602373,18.012054443359375,71200,0.0,0.0,0.0
2014-08-12 00:00:00-04:00,17.971812288709035,18.068392340861237,17.971812288709035,18.02010154724121,130600,0.0,0.0,0.0
2014-08-13 00:00:00-04:00,18.068394695136767,18.14887629148103,17.8993799656201,18.116683959960938,113700,0.0,0.0,0.0
2014-08-14 00:00:00-04:00,18.11668131921857,18.245453696704807,18.11668131921857,18.22935676574707,44200,0.0,0.0,0.0
2014-08-15 00:00:00-04:00,18.269602264063675,18.366180796396872,18.2132629959332,18.309843063354492,54900,0.0,0.0,0.0
2014-08-18 00:00:00-04:00,18.35008331685434,18.366180250127133,18.2615532540301,18.301794052124023,90300,0.0,0.0,0.0
2014-08-19 00:00:00-04:00,18.317892404200443,18.454713277440447,18.317892404200443,18.446664810180664,118400,0.0,0.0,0.0
2014-08-20 00:00:00-04:00,18.414464603277104,18.527141571044922,18.414464603277104,18.527141571044922,209400,0.0,0.0,0.0
2014-08-21 00:00:00-04:00,18.51104382961152,18.631767721482777,18.49494690133867,18.543237686157227,95600,0.0,0.0,0.0
2014-08-22 00:00:00-04:00,18.559333079342508,18.575430007615363,18.4225122591984,18.543237686157227,44200,0.0,0.0,0.0
2014-08-25 00:00:00-04:00,18.583476668430592,18.688103621876106,18.56737974171977,18.639814376831055,712000,0.0,0.0,0.0
2014-08-26 00:00:00-04:00,18.631772200173838,18.696158393654784,18.462759017944336,18.462759017944336,428300,0.0,0.0,0.0
2014-08-27 00:00:00-04:00,18.478858068731668,18.70421055801678,18.478858068731668,18.680065155029297,87500,0.0,0.0,0.0
2014-08-28 00:00:00-04:00,18.65591981779899,18.79274068710896,18.623725949684584,18.776643753051758,70400,0.0,0.0,0.0
2014-08-29 00:00:00-04:00,18.792738851694395,18.9295597076416,18.760544986724245,18.9295597076416,30400,0.0,0.0,0.0
2014-09-02 00:00:00-04:00,18.937610023447533,18.937610023447533,18.680063683796668,18.776643753051758,282500,0.0,0.0,0.0
2014-09-03 00:00:00-04:00,18.824931552667046,18.913463147992193,18.824931552667046,18.87322235107422,141500,0.0,0.0,0.0
2014-09-04 00:00:00-04:00,18.85712023309515,18.905409483136136,18.784685590489882,18.824926376342773,274800,0.0,0.0,0.0
2014-09-05 00:00:00-04:00,18.865173315626983,19.058331898165257,18.865173315626983,19.050283432006836,85600,0.0,0.0,0.0
2014-09-08 00:00:00-04:00,19.01809130404305,19.034188237829817,18.889318903925126,18.985898971557617,46200,0.0,0.0,0.0
2014-09-09 00:00:00-04:00,18.84103023023255,18.88931949802352,18.74445169465061,18.752498626708984,28700,0.0,0.0,0.0
2014-09-10 00:00:00-04:00,18.744450809609265,18.744450809609265,18.60762994475489,18.672016143798828,26300,0.0,0.0,0.0
2014-09-11 00:00:00-04:00,18.655918363505954,18.889317748788606,18.655918363505954,18.87322235107422,439200,0.0,0.0,0.0
2014-09-12 00:00:00-04:00,18.81688045711954,18.81688045711954,18.50299798676946,18.559335708618164,70900,0.0,0.0,0.0
2014-09-15 00:00:00-04:00,18.623721895743508,18.623721895743508,18.527143382599387,18.559335708618164,28600,0.0,0.0,0.0
2014-09-16 00:00:00-04:00,18.511048699383196,18.79273887791314,18.511048699383196,18.744449615478516,29500,0.0,0.0,0.0
2014-09-17 00:00:00-04:00,18.768591022612995,18.841025674328268,18.67201251038448,18.736398696899414,52400,0.0,0.0,0.0
2014-09-18 00:00:00-04:00,18.776642045612725,18.776642045612725,18.62372425615101,18.65591812133789,39300,0.0,0.0,0.0
2014-09-19 00:00:00-04:00,18.728350231699075,18.752494092212316,18.66396404518414,18.736398696899414,38600,0.0,0.0,0.0
2014-09-22 00:00:00-04:00,18.768588733062703,18.768588733062703,18.59152712551804,18.607624053955078,49500,0.0,0.0,0.0
2014-09-23 00:00:00-04:00,18.57678580311663,18.649827026421736,18.479398537338273,18.495630264282227,78800,0.192,0.0,0.0
2014-09-24 00:00:00-04:00,18.487513155456934,18.49562901838221,18.373892622445638,18.438817977905273,70800,0.0,0.0,0.0
2014-09-25 00:00:00-04:00,18.45504865895556,18.46316452142137,18.284620191000986,18.292736053466797,105700,0.0,0.0,0.0
2014-09-26 00:00:00-04:00,18.292735600228507,18.34954508813913,18.162883351935356,18.30084991455078,64300,0.0,0.0,0.0
2014-09-29 00:00:00-04:00,18.284624974579213,18.365780524584064,18.16288855368615,18.341434478759766,76800,0.0,0.0,0.0
2014-09-30 00:00:00-04:00,18.382011605314517,18.495632157610412,18.284624329566995,18.365779876708984,398700,0.0,0.0,0.0
2014-10-01 00:00:00-04:00,18.317084097856753,18.45505067899199,18.252158738966212,18.284622192382812,82900,0.0,0.0,0.0
2014-10-02 00:00:00-04:00,18.24404544970159,18.341434275749524,18.138542307097303,18.227813720703125,124600,0.0,0.0,0.0
2014-10-03 00:00:00-04:00,18.284624974579213,18.373896389173126,18.171004418275217,18.341434478759766,67300,0.0,0.0,0.0
2014-10-06 00:00:00-04:00,18.398239967073067,18.446933596035976,18.28462098351209,18.357662200927734,109200,0.0,0.0,0.0
2014-10-07 00:00:00-04:00,18.29273805573696,18.479398269054442,18.27650632902866,18.284622192382812,49100,0.0,0.0,0.0
2014-10-08 00:00:00-04:00,18.308970142938673,18.63359697122888,18.268392369880956,18.617366790771484,88000,0.0,0.0,0.0
2014-10-09 00:00:00-04:00,18.58490401895504,18.698524574001443,18.219699404146766,18.227813720703125,153700,0.0,0.0,0.0
2014-10-10 00:00:00-04:00,18.244047261789717,18.41447733731583,18.227815531179033,18.235931396484375,102100,0.0,0.0,0.0
2014-10-13 00:00:00-04:00,18.203467483442402,18.471284817325163,18.203467483442402,18.24404525756836,296000,0.0,0.0,0.0
2014-10-14 00:00:00-04:00,18.32519968331202,18.641710609610747,18.268390188637134,18.511859893798828,263800,0.0,0.0,0.0
2014-10-15 00:00:00-04:00,18.51186416335369,18.593021266439777,17.992461180311505,18.373897552490234,202900,0.0,0.0,0.0
2014-10-16 00:00:00-04:00,18.073609529715007,18.406352098060395,18.016800049452467,18.34954261779785,109600,0.0,0.0,0.0
2014-10-17 00:00:00-04:00,18.503744865430676,18.503744865430676,18.30896878292477,18.471282958984375,71000,0.0,0.0,0.0
2014-10-20 00:00:00-04:00,18.487510445737247,18.739095967775555,18.487510445737247,18.71474838256836,146800,0.0,0.0,0.0
2014-10-21 00:00:00-04:00,18.75533639688817,18.917649063116237,18.71475706937385,18.88518714904785,148200,0.0,0.0,0.0
2014-10-22 00:00:00-04:00,18.901417100346958,19.11242339178136,18.901417100346958,18.974456787109375,1288200,0.0,0.0,0.0
2014-10-23 00:00:00-04:00,19.079963106113336,19.096194836973442,18.9501123551186,18.99880599975586,235500,0.0,0.0,0.0
2014-10-24 00:00:00-04:00,19.03126539940899,19.136768531594797,18.99068608092005,19.12053680419922,93800,0.0,0.0,0.0
2014-10-27 00:00:00-04:00,19.112420465386087,19.201693415899804,19.088074422840663,19.161115646362305,67500,0.0,0.0,0.0
2014-10-28 00:00:00-04:00,19.23415722736452,19.3640079498291,19.120536684250975,19.3640079498291,202700,0.0,0.0,0.0
2014-10-29 00:00:00-04:00,19.364010988485997,19.453282406724934,19.112423819781206,19.29908561706543,127100,0.0,0.0,0.0
2014-10-30 00:00:00-04:00,19.290967753481194,19.648056485326244,19.290967753481194,19.639942169189453,834700,0.0,0.0,0.0
2014-10-31 00:00:00-04:00,19.802251760037883,19.802251760037883,19.566897929714255,19.704864501953125,221000,0.0,0.0,0.0
2014-11-03 00:00:00-05:00,19.74544783657384,19.85095098724234,19.704870058918956,19.81848907470703,1356900,0.0,0.0,0.0
2014-11-04 00:00:00-05:00,19.78602307879363,19.818486535111976,19.607478712871103,19.639942169189453,228200,0.0,0.0,0.0
2014-11-05 00:00:00-05:00,19.648060432847952,19.96457300377168,19.648060432847952,19.956457138061523,400700,0.0,0.0,0.0
2014-11-06 00:00:00-05:00,19.948334715909027,19.948334715909027,19.493857221115586,19.55878257751465,590200,0.0,0.0,0.0
2014-11-07 00:00:00-05:00,19.575020147085873,19.777912139892578,19.518209088827824,19.777912139892578,64100,0.0,0.0,0.0
2014-11-10 00:00:00-05:00,19.81037301645091,19.867182523791094,19.696754001770536,19.834720611572266,133500,0.0,0.0,0.0
2014-11-11 00:00:00-05:00,19.883415295057116,19.883415295057116,19.729216947099964,19.777912139892578,125700,0.0,0.0,0.0
2014-11-12 00:00:00-05:00,19.850947188739358,19.850947188739358,19.445163298065772,19.5831298828125,194600,0.0,0.0,0.0
2014-11-13 00:00:00-05:00,19.639941264586646,19.688634898878576,19.428933452064655,19.453279495239258,367000,0.0,0.0,0.0
2014-11-14 00:00:00-05:00,19.49385745240441,19.49385745240441,19.396468642679025,19.437047958374023,106700,0.0,0.0,0.0
2014-11-17 00:00:00-05:00,19.40459269905708,19.623716452503277,19.38836096592552,19.6156005859375,237500,0.0,0.0,0.0
2014-11-18 00:00:00-05:00,19.648057553269684,19.75356224409608,19.599363914088283,19.68052101135254,116200,0.0,0.0,0.0
2014-11-19 00:00:00-05:00,19.680525970520456,19.688641837086234,19.53444346822299,19.6156005859375,446000,0.0,0.0,0.0
2014-11-20 00:00:00-05:00,19.55878429421842,19.639941383826176,19.534436702953272,19.575016021728516,129600,0.0,0.0,0.0
2014-11-21 00:00:00-05:00,19.721096683893297,19.75356013851579,19.542552327297717,19.69675064086914,207100,0.0,0.0,0.0
2014-11-24 00:00:00-05:00,19.753560959101936,19.753560959101936,19.51009123109006,19.526321411132812,133700,0.0,0.0,0.0
2014-11-25 00:00:00-05:00,19.56690520673091,19.56690520673091,19.388359253935917,19.50197982788086,48800,0.0,0.0,0.0
2014-11-26 00:00:00-05:00,19.49386198830955,19.67240637508408,19.49386198830955,19.607481002807617,296300,0.0,0.0,0.0
2014-11-28 00:00:00-05:00,19.648053704986534,19.859061497368295,19.648053704986534,19.786020278930664,34800,0.0,0.0,0.0
2014-12-01 00:00:00-05:00,19.672401839481513,19.90775722718531,19.615592345330285,19.769790649414062,2756500,0.0,0.0,0.0
2014-12-02 00:00:00-05:00,19.786024774488247,19.899645333397135,19.737331133780394,19.859066009521484,1906500,0.0,0.0,0.0
2014-12-03 00:00:00-05:00,19.859066852361916,19.859066852361916,19.737331971454267,19.81848907470703,116800,0.0,0.0,0.0
2014-12-04 00:00:00-05:00,19.850948333740234,19.923989562109906,19.769792789278632,19.850948333740234,104900,0.0,0.0,0.0
2014-12-05 00:00:00-05:00,19.761669251386095,19.7860152860934,19.672396329613477,19.75355339050293,59200,0.0,0.0,0.0
2014-12-08 00:00:00-05:00,19.72109995293377,19.956455394132085,19.72109995293377,19.842836380004883,60000,0.0,0.0,0.0
2014-12-09 00:00:00-05:00,19.75356068129815,19.92398917892109,19.704867045969134,19.883411407470703,90500,0.0,0.0,0.0
2014-12-10 00:00:00-05:00,19.85906351344157,19.932104739294278,19.575016021728516,19.575016021728516,80800,0.0,0.0,0.0
2014-12-11 00:00:00-05:00,19.615590546104603,19.883407813925494,19.615590546104603,19.761672973632812,192200,0.0,0.0,0.0
2014-12-12 00:00:00-05:00,19.66428730776125,19.753560260582052,19.43704931577043,19.453279495239258,257800,0.0,0.0,0.0
2014-12-15 00:00:00-05:00,19.56690231062338,19.56690231062338,19.22604373512548,19.32343101501465,92600,0.0,0.0,0.0
2014-12-16 00:00:00-05:00,19.290966724949936,19.63994112205202,19.250387406715557,19.3640079498291,142100,0.0,0.0,0.0
2014-12-17 00:00:00-05:00,19.355898673541343,19.769798572737542,19.339666940723472,19.745450973510742,101200,0.0,0.0,0.0
2014-12-18 00:00:00-05:00,19.87529607956099,20.086303902267236,19.76979294217927,20.070072174072266,68500,0.0,0.0,0.0
2014-12-19 00:00:00-05:00,20.151225059580483,20.240497998070072,20.021374357018793,20.10253143310547,89100,0.0,0.0,0.0
2014-12-22 00:00:00-05:00,20.021376852376946,20.183691024780273,20.021376852376946,20.183691024780273,91800,0.0,0.0,0.0
2014-12-23 00:00:00-05:00,20.189414899179006,20.320249376025313,20.189414899179006,20.213945388793945,62000,0.187,0.0,0.0
2014-12-24 00:00:00-05:00,20.181238817428678,20.532857080921964,20.181238817428678,20.516502380371094,78000,0.0,0.0,0.0
2014-12-26 00:00:00-05:00,20.49196898579933,20.778169987991802,20.49196898579933,20.720930099487305,37000,0.0,0.0,0.0
2014-12-29 00:00:00-05:00,20.720933430336785,21.11343692289321,20.720933430336785,21.072551727294922,8867400,0.0,0.0,0.0
2014-12-30 00:00:00-05:00,21.097078829471137,21.097078829471137,20.696398050269668,20.720930099487305,6794900,0.0,0.0,0.0
2014-12-31 00:00:00-05:00,20.78634749959781,20.78634749959781,20.328426828325938,20.34477996826172,2609400,0.0,0.0,0.0
2015-01-02 00:00:00-05:00,20.45108577779025,20.45108577779025,20.21394729139238,20.42655372619629,4574300,0.0,0.0,0.0
2015-01-05 00:00:00-05:00,20.361133080497385,20.361133080497385,20.017692213900904,20.074932098388672,862800,0.0,0.0,0.0
2015-01-06 00:00:00-05:00,20.074935728398128,20.38566881419065,20.00951848291604,20.0258731842041,322700,0.0,0.0,0.0
2015-01-07 00:00:00-05:00,20.107645123343293,20.263011666180596,20.034050527245107,20.238479614257812,344600,0.0,0.0,0.0
2015-01-08 00:00:00-05:00,20.402022688205452,20.524679823552017,20.344781236018296,20.434730529785156,384600,0.0,0.0,0.0
2015-01-09 00:00:00-05:00,20.475619479513835,20.475619479513835,20.17306372415258,20.246658325195312,752900,0.0,0.0,0.0
2015-01-12 00:00:00-05:00,20.23030008831723,20.28753997697874,20.091288261709284,20.213945388793945,279500,0.0,0.0,0.0
2015-01-13 00:00:00-05:00,20.352959040522926,20.557388123885897,20.148529957159955,20.295719146728516,319800,0.0,0.0,0.0
2015-01-14 00:00:00-05:00,20.20576940004683,20.45926258072251,20.156706857842224,20.434730529785156,337600,0.0,0.0,0.0
2015-01-15 00:00:00-05:00,20.524682819140704,20.565568017000075,20.410201457727872,20.47562026977539,299100,0.0,0.0,0.0
2015-01-16 00:00:00-05:00,20.565564116051537,20.7291079958081,20.46743903593362,20.712753295898438,643500,0.0,0.0,0.0
2015-01-20 00:00:00-05:00,20.769995282909345,20.794527335250663,20.57374354318936,20.761817932128906,4187800,0.0,0.0,0.0
2015-01-21 00:00:00-05:00,20.696397980059498,21.031661519879915,20.62280339232624,21.015308380126953,367100,0.0,0.0,0.0
2015-01-22 00:00:00-05:00,21.04801493746573,21.097077473076638,20.778168652100906,20.925357818603516,372600,0.0,0.0,0.0
2015-01-23 00:00:00-05:00,20.90900366558788,21.015307648465985,20.900826316161105,20.91718101501465,428800,0.0,0.0,0.0
2015-01-26 00:00:00-05:00,21.023484995358576,21.023484995358576,20.74546289260585,20.974422454833984,387300,0.0,0.0,0.0
2015-01-27 00:00:00-05:00,20.998955132746875,21.031662974184474,20.876297997933232,20.941715240478516,291000,0.0,0.0,0.0
2015-01-28 00:00:00-05:00,21.015308178377953,21.121610604266603,20.663689942510164,20.69639778137207,319000,0.0,0.0,0.0
2015-01-29 00:00:00-05:00,20.696395252894657,20.84358440896606,20.483788867421502,20.786344528198242,339200,0.0,0.0,0.0
2015-01-30 00:00:00-05:00,20.69640051126061,20.81088186155247,20.491971422481786,20.50014877319336,436800,0.0,0.0,0.0
2015-02-02 00:00:00-05:00,20.59009779723961,20.720932287542677,20.361136659374168,20.688222885131836,940000,0.0,0.0,0.0
2015-02-03 00:00:00-05:00,20.704574608928365,20.974420901332124,20.65551207203766,20.91718101501465,287200,0.0,0.0,0.0
2015-02-04 00:00:00-05:00,20.835410425880845,20.93353706566879,20.68004545574914,20.712753295898438,333200,0.0,0.0,0.0
2015-02-05 00:00:00-05:00,20.810884462019047,20.998958872875946,20.7618203516187,20.966249465942383,262300,0.0,0.0,0.0
2015-02-06 00:00:00-05:00,20.941718224665085,20.941718224665085,20.27936679488043,20.36931610107422,595400,0.0,0.0,0.0
2015-02-09 00:00:00-05:00,20.263011385434286,20.467440469614605,20.18941679035576,20.271188735961914,358900,0.0,0.0,0.0
2015-02-10 00:00:00-05:00,20.295721750243718,20.57374546405558,20.263013903738383,20.549213409423828,283200,0.0,0.0,0.0
2015-02-11 00:00:00-05:00,20.491971432013564,20.491971432013564,20.246657149232934,20.28754234313965,415200,0.0,0.0,0.0
2015-02-12 00:00:00-05:00,20.361136754531405,20.361136754531405,20.205770211694105,20.238479614257812,325500,0.0,0.0,0.0
2015-02-13 00:00:00-05:00,20.222123455284514,20.230300805335986,19.968631842369092,20.09946632385254,301900,0.0,0.0,0.0
2015-02-17 00:00:00-05:00,20.06675938947592,20.148529774343064,19.944100692834972,20.03404998779297,12424400,0.0,0.0,0.0
2015-02-18 00:00:00-05:00,20.001336008256754,20.25482913427043,19.968628173730004,20.230297088623047,6878400,0.0,0.0,0.0
2015-02-19 00:00:00-05:00,20.20577148912401,20.29572079219074,20.074936989938,20.11582374572754,647000,0.0,0.0,0.0
2015-02-20 00:00:00-05:00,20.132179260253906,20.148532403559216,19.90321809760607,20.132179260253906,215200,0.0,0.0,0.0
2015-02-23 00:00:00-05:00,20.115817403388228,20.156702586616774,20.050400174420695,20.14852523803711,153700,0.0,0.0,0.0
2015-02-24 00:00:00-05:00,20.132177358558,20.361136939907873,20.115822657127243,20.28754234313965,121100,0.0,0.0,0.0
2015-02-25 00:00:00-05:00,20.26301093205204,20.303896124105247,20.17306163793086,20.197593688964844,165800,0.0,0.0,0.0
2015-02-26 00:00:00-05:00,20.222123164709682,20.222123164709682,19.90321431563499,19.91956901550293,172300,0.0,0.0,0.0
2015-02-27 00:00:00-05:00,19.976813721702904,19.993168425513897,19.89504176231833,19.9849910736084,500700,0.0,0.0,0.0
2015-03-02 00:00:00-05:00,19.98498790858871,19.98498790858871,19.5679523854766,19.682432174682617,2044400,0.0,0.0,0.0
2015-03-03 00:00:00-05:00,19.625192449106503,19.796912134394503,19.60066039706386,19.78873634338379,465900,0.0,0.0,0.0
2015-03-04 00:00:00-05:00,19.731495899495815,19.731495899495815,19.56795355651014,19.64154815673828,260600,0.0,0.0,0.0
2015-03-05 00:00:00-05:00,19.674253640575245,19.82144282336896,19.674253640575245,19.78055763244629,154600,0.0,0.0,0.0
2015-03-06 00:00:00-05:00,19.617012991390762,19.617012991390762,19.240864258492824,19.3144588470459,194800,0.0,0.0,0.0
2015-03-09 00:00:00-04:00,19.338988711863045,19.445292696191267,19.330811362324727,19.347166061401367,291100,0.0,0.0,0.0
2015-03-10 00:00:00-04:00,19.240863807505754,19.371698281940144,19.183622360229492,19.183622360229492,109500,0.0,0.0,0.0
2015-03-11 00:00:00-04:00,19.21633348247061,19.22451083281505,19.05278959492197,19.13456153869629,441000,0.0,0.0,0.0
2015-03-12 00:00:00-04:00,19.20815685867097,19.44529534861921,19.20815685867097,19.38805389404297,281200,0.0,0.0,0.0
2015-03-13 00:00:00-04:00,19.355346879247772,19.355346879247772,19.036437988457337,19.191802978515625,94900,0.0,0.0,0.0
2015-03-16 00:00:00-04:00,19.298108494508053,19.510714958256173,19.298108494508053,19.461650848388672,95100,0.0,0.0,0.0
2015-03-17 00:00:00-04:00,19.379880451283537,19.527068101874992,19.379880451283537,19.461650848388672,80700,0.0,0.0,0.0
2015-03-18 00:00:00-04:00,19.44529871147871,19.976814118531095,19.42894400734284,19.87051010131836,213500,0.0,0.0,0.0
2015-03-19 00:00:00-04:00,19.81326227622058,19.903211553340487,19.657897328047767,19.69060516357422,115500,0.0,0.0,0.0
2015-03-20 00:00:00-04:00,19.788733535599768,19.903213309548462,19.715138949584194,19.854150772094727,91000,0.0,0.0,0.0
2015-03-23 00:00:00-04:00,19.87051010131836,19.976814118531095,19.862334308920854,19.87051010131836,100100,0.0,0.0,0.0
2015-03-24 00:00:00-04:00,19.870504714010384,19.935921953147464,19.657899856567383,19.657899856567383,45300,0.0,0.0,0.0
2015-03-25 00:00:00-04:00,19.707519890783907,19.748869490534197,19.42633819580078,19.42633819580078,54800,0.27,0.0,0.0
2015-03-26 00:00:00-04:00,19.393261012628454,19.509041166859905,19.31056022644043,19.31056022644043,45700,0.0,0.0,0.0
2015-03-27 00:00:00-04:00,19.294017715478645,19.43460856393018,19.294017715478645,19.36844825744629,115700,0.0,0.0,0.0
2015-03-30 00:00:00-04:00,19.426339965556846,19.657901846457882,19.41806972937614,19.583471298217773,91800,0.0,0.0,0.0
2015-03-31 00:00:00-04:00,19.500768501603694,19.674440288705657,19.46768913768043,19.55038833618164,150400,0.0,0.0,0.0
2015-04-01 00:00:00-04:00,19.542118129174863,19.575199070532168,19.3932586252253,19.558658599853516,1942400,0.0,0.0,0.0
2015-04-02 00:00:00-04:00,19.558664232889797,19.78195591920291,19.558664232889797,19.7406063079834,1041600,0.0,0.0,0.0
2015-04-06 00:00:00-04:00,19.798490247366917,20.071401697883864,19.781949777060177,20.00524139404297,110000,0.0,0.0,0.0
2015-04-07 00:00:00-04:00,20.013515594740362,20.013515594740362,19.848114013671875,19.848114013671875,62800,0.0,0.0,0.0
2015-04-08 00:00:00-04:00,19.897730221281662,19.897730221281662,19.707519541979075,19.806760787963867,64400,0.0,0.0,0.0
2015-04-09 00:00:00-04:00,19.81503332441499,19.81503332441499,19.641363081680343,19.724063873291016,71200,0.0,0.0,0.0
2015-04-10 00:00:00-04:00,19.77367974451898,19.906000353556596,19.72405991047639,19.872920989990234,76100,0.0,0.0,0.0
2015-04-13 00:00:00-04:00,19.864652963210496,19.864652963210496,19.66617202758789,19.66617202758789,80100,0.0,0.0,0.0
2015-04-14 00:00:00-04:00,19.724061829384187,19.806762612424986,19.69098088521337,19.781951904296875,45200,0.0,0.0,0.0
2015-04-15 00:00:00-04:00,19.815031134694028,19.947353333080272,19.815031134694028,19.839841842651367,70400,0.0,0.0,0.0
2015-04-16 00:00:00-04:00,19.823303426497713,19.823303426497713,19.566932393895954,19.68271255493164,48100,0.0,0.0,0.0
2015-04-17 00:00:00-04:00,19.63309113791576,19.72406215851728,19.533851458519788,19.583471298217773,99500,0.0,0.0,0.0
2015-04-20 00:00:00-04:00,19.699252959499514,19.988704938459517,19.699252959499514,19.864654541015625,111600,0.0,0.0,0.0
2015-04-21 00:00:00-04:00,19.914276567969228,19.996977367794816,19.699255119377327,19.7406063079834,100700,0.0,0.0,0.0
2015-04-22 00:00:00-04:00,19.68271064917067,19.815031271081452,19.633090810300683,19.781951904296875,122100,0.0,0.0,0.0
2015-04-23 00:00:00-04:00,19.75714303981424,19.947355331773682,19.75714303981424,19.864654541015625,63300,0.0,0.0,0.0
2015-04-24 00:00:00-04:00,19.86465409201603,20.129295354551026,19.86465409201603,20.030054092407227,60800,0.0,0.0,0.0
2015-04-27 00:00:00-04:00,20.07967412032253,20.129293959261787,19.765411459806,19.79022216796875,49900,0.0,0.0,0.0
2015-04-28 00:00:00-04:00,19.798493942551357,19.98043441772461,19.724063389665396,19.98043441772461,40200,0.0,0.0,0.0
2015-04-29 00:00:00-04:00,19.881194705282155,19.996974864109998,19.781953442439463,19.972164154052734,47300,0.0,0.0,0.0
2015-04-30 00:00:00-04:00,19.914268753643256,19.914268753643256,19.58346726153342,19.707517623901367,102300,0.0,0.0,0.0
2015-05-01 00:00:00-04:00,19.74060232902949,19.82330153479951,19.608280129547733,19.79022216796875,46500,0.0,0.0,0.0
2015-05-04 00:00:00-04:00,19.78195338893693,20.096214495213847,19.78195338893693,19.955623626708984,74100,0.0,0.0,0.0
2015-05-05 00:00:00-04:00,19.963894625236534,19.963894625236534,19.467693025588083,19.475961685180664,319000,0.0,0.0,0.0
2015-05-06 00:00:00-04:00,19.459417423604943,19.558657085219473,19.12861434519389,19.294015884399414,164700,0.0,0.0,0.0
2015-05-07 00:00:00-04:00,19.294019588217424,19.45942115917462,19.294019588217424,19.360179901123047,28500,0.0,0.0,0.0
2015-05-08 00:00:00-04:00,19.542120254954924,19.60828056748031,19.451150811098938,19.52558135986328,32700,0.0,0.0,0.0
2015-05-11 00:00:00-04:00,19.48422638250393,19.600008089905,19.40152561361344,19.434606552124023,95100,0.0,0.0,0.0
2015-05-12 00:00:00-04:00,19.327098657413657,19.393258963897548,19.203046702543496,19.36844825744629,70700,0.0,0.0,0.0
2015-05-13 00:00:00-04:00,19.418070091264557,19.467691509273582,19.153428838094918,19.194778442382812,332000,0.0,0.0,0.0
2015-05-14 00:00:00-04:00,19.31882654838359,19.393257083132937,19.252666248315947,19.37671661376953,342300,0.0,0.0,0.0
2015-05-15 00:00:00-04:00,19.41806786618275,19.633089254090734,19.384988502020196,19.591739654541016,35400,0.0,0.0,0.0
2015-05-18 00:00:00-04:00,19.566932393895954,19.715793502305488,19.5338530239085,19.68271255493164,140100,0.0,0.0,0.0
2015-05-19 00:00:00-04:00,19.624820846800105,19.690981158674305,19.591741479556134,19.66617202758789,87000,0.0,0.0,0.0
2015-05-20 00:00:00-04:00,19.682712715497324,19.823303588210294,19.657903582150944,19.73233413696289,51100,0.0,0.0,0.0
2015-05-21 00:00:00-04:00,19.773685681481698,19.806766632366557,19.67444598360024,19.7406063079834,63100,0.0,0.0,0.0
2015-05-22 00:00:00-04:00,19.6165525398122,19.715793806076412,19.583473169315074,19.6744441986084,62800,0.0,0.0,0.0
2015-05-26 00:00:00-04:00,19.58347135350194,19.58347135350194,19.40979954798932,19.500770568847656,117700,0.0,0.0,0.0
2015-05-27 00:00:00-04:00,19.517307000907085,19.66616806699127,19.509036766415083,19.62481689453125,74900,0.0,0.0,0.0
2015-05-28 00:00:00-04:00,19.60000785575974,19.682707046276317,19.542116214057803,19.649627685546875,86300,0.0,0.0,0.0
2015-05-29 00:00:00-04:00,19.641363036756562,19.67444398427973,19.52558287519828,19.6082820892334,56000,0.0,0.0,0.0
2015-06-01 00:00:00-04:00,19.657899988620482,19.715790059028077,19.591739682813788,19.60000991821289,34000,0.0,0.0,0.0
2015-06-02 00:00:00-04:00,19.55038870593046,19.55038870593046,19.285747479994892,19.36844825744629,119400,0.0,0.0,0.0
2015-06-03 00:00:00-04:00,19.376718866344465,19.376718866344465,19.10380739966579,19.186508178710938,278800,0.0,0.0,0.0
2015-06-04 00:00:00-04:00,19.17823596217452,19.252666497888708,19.054185595112866,19.070724487304688,96700,0.0,0.0,0.0
2015-06-05 00:00:00-04:00,18.905326759547094,18.97148706829691,18.83916645079728,18.880516052246094,69600,0.0,0.0,0.0
2015-06-08 00:00:00-04:00,18.880514129897005,18.905324834671863,18.781272888183594,18.781272888183594,64100,0.0,0.0,0.0
2015-06-09 00:00:00-04:00,18.806087662114024,18.830898372257284,18.756467819213867,18.756467819213867,136700,0.0,0.0,0.0
2015-06-10 00:00:00-04:00,18.897052646485538,18.979753409800818,18.855701476134964,18.863971710205078,95200,0.0,0.0,0.0
2015-06-11 00:00:00-04:00,18.921863699702765,19.021104941272295,18.897054572349898,18.963214874267578,101700,0.0,0.0,0.0
2015-06-12 00:00:00-04:00,18.921863727135744,18.930133962060697,18.773004230644663,18.781272888183594,68700,0.0,0.0,0.0
2015-06-15 00:00:00-04:00,18.723381254687954,18.78954155116655,18.624141598663,18.6903018951416,100500,0.0,0.0,0.0
2015-06-16 00:00:00-04:00,18.648952284156394,18.781272888183594,18.648952284156394,18.781272888183594,57400,0.0,0.0,0.0
2015-06-17 00:00:00-04:00,18.764735906280468,18.913596995314094,18.731654963212467,18.880516052246094,59800,0.0,0.0,0.0
2015-06-18 00:00:00-04:00,18.90533032668285,19.161701374288253,18.90533032668285,19.11208152770996,56400,0.0,0.0,0.0
2015-06-19 00:00:00-04:00,19.095537235654206,19.2774776883271,19.004566220624675,19.012836456298828,33200,0.0,0.0,0.0
2015-06-22 00:00:00-04:00,19.078996764305895,19.10380747132836,18.963216619640068,19.012836456298828,60200,0.0,0.0,0.0
2015-06-23 00:00:00-04:00,19.012836861939363,19.012836861939363,18.82262616953415,18.83916664123535,64100,0.0,0.0,0.0
2015-06-24 00:00:00-04:00,18.85667480275064,18.85667480275064,18.673275540102885,18.681612014770508,93300,0.181,0.0,0.0
2015-06-25 00:00:00-04:00,18.70661796491141,18.70661796491141,18.498210906982422,18.498210906982422,179600,0.0,0.0,0.0
2015-06-26 00:00:00-04:00,18.473201702519468,18.614918567160533,18.43152092645667,18.59824562072754,62700,0.0,0.0,0.0
2015-06-29 00:00:00-04:00,18.523220938680126,18.723291547277427,18.38150405883789,18.38150405883789,123600,0.0,0.0,0.0
2015-06-30 00:00:00-04:00,18.50654906671083,18.50654906671083,18.298141989788498,18.33982276916504,99200,0.0,0.0,0.0
2015-07-01 00:00:00-04:00,18.406511306762695,18.406511306762695,18.348157584901102,18.406511306762695,682800,0.0,0.0,0.0
2015-07-02 00:00:00-04:00,18.473201702519468,18.631591513593527,18.473201702519468,18.59824562072754,95200,0.0,0.0,0.0
2015-07-06 00:00:00-04:00,18.51488360389135,18.614919698549677,18.48153929901843,18.581575393676758,57100,0.0,0.0,0.0
2015-07-07 00:00:00-04:00,18.681608896264336,19.04840577031077,18.681608896264336,19.006723403930664,68500,0.0,0.0,0.0
2015-07-08 00:00:00-04:00,18.923361935913604,19.01505996232089,18.8066528995466,18.84833526611328,43500,0.0,0.0,0.0
2015-07-09 00:00:00-04:00,18.940038347052933,18.95671129812912,18.623260226706034,18.648269653320312,46200,0.0,0.0,0.0
2015-07-10 00:00:00-04:00,18.689947103989258,18.890017711121455,18.648266323760826,18.781646728515625,65600,0.0,0.0,0.0
2015-07-13 00:00:00-04:00,18.839998509529796,18.839998509529796,18.71495459174927,18.81498908996582,47900,0.0,0.0,0.0
2015-07-14 00:00:00-04:00,18.798319409152892,18.898355514766966,18.764975100628174,18.806655883789062,47700,0.0,0.0,0.0
2015-07-15 00:00:00-04:00,18.814989372859937,18.84833526611328,18.6899454531993,18.84833526611328,49800,0.0,0.0,0.0
2015-07-16 00:00:00-04:00,18.873338688318583,19.181781768798828,18.873338688318583,19.181781768798828,22300,0.0,0.0,0.0
2015-07-17 00:00:00-04:00,19.14010685713361,19.14010685713361,18.981718609619353,18.990055084228516,20600,0.0,0.0,0.0
2015-07-20 00:00:00-04:00,18.990052683834378,18.990052683834378,18.814989919210248,18.856672286987305,30500,0.0,0.0,0.0
2015-07-21 00:00:00-04:00,18.823329175211104,18.823329175211104,18.598249126003154,18.65660285949707,28600,0.0,0.0,0.0
2015-07-22 00:00:00-04:00,18.62325363964742,18.806651266557207,18.62325363964742,18.731624603271484,31400,0.0,0.0,0.0
2015-07-23 00:00:00-04:00,18.731627996060556,18.731627996060556,18.414849930381454,18.473203659057617,37100,0.0,0.0,0.0
2015-07-24 00:00:00-04:00,18.489877461716876,18.514885295150986,18.398177832405338,18.423187255859375,15900,0.0,0.0,0.0
2015-07-27 00:00:00-04:00,18.456532815560532,18.706622297003,18.456532815560532,18.631595611572266,125100,0.0,0.0,0.0
2015-07-28 00:00:00-04:00,18.664936858377125,18.748300005176006,18.589910185260113,18.73996353149414,20300,0.0,0.0,0.0
2015-07-29 00:00:00-04:00,18.62325497670103,18.81498908996582,18.62325497670103,18.81498908996582,21100,0.0,0.0,0.0
2015-07-30 00:00:00-04:00,18.789976626106288,19.01505498659057,18.789976626106288,18.956701278686523,111800,0.0,0.0,0.0
2015-07-31 00:00:00-04:00,19.065076759893056,19.3401739896851,19.065076759893056,19.223464965820312,41100,0.0,0.0,0.0
2015-08-03 00:00:00-04:00,19.265152523744426,19.340179205742405,19.190125841746443,19.273488998413086,385200,0.0,0.0,0.0
2015-08-04 00:00:00-04:00,19.265144350489862,19.265144350489862,18.940028336422714,18.956701278686523,30200,0.0,0.0,0.0
2015-08-05 00:00:00-04:00,19.023393630981445,19.131766178057557,19.01505715889717,19.023393630981445,24900,0.0,0.0,0.0
2015-08-06 00:00:00-04:00,18.998388539098418,19.065078735351562,18.77330853048667,19.065078735351562,24600,0.0,0.0,0.0
2015-08-07 00:00:00-04:00,19.056740028094914,19.315164309528974,18.973376895046005,19.24847412109375,25900,0.0,0.0,0.0
2015-08-10 00:00:00-04:00,19.281818420301605,19.356845081043673,19.198456877272207,19.24847412109375,55200,0.0,0.0,0.0
2015-08-11 00:00:00-04:00,19.21513309220284,19.38185940047294,19.18178878456077,19.29849624633789,62900,0.0,0.0,0.0
2015-08-12 00:00:00-04:00,19.256809722789484,19.615270065679947,19.256809722789484,19.60693359375,54300,0.0,0.0,0.0
2015-08-13 00:00:00-04:00,19.548586666495183,19.61527687506662,19.423541134156242,19.565258026123047,52900,0.0,0.0,0.0
2015-08-14 00:00:00-04:00,19.540248202804925,19.79033606198811,19.540248202804925,19.781999588012695,1599400,0.0,0.0,0.0
2015-08-17 00:00:00-04:00,19.76532580828267,19.982069352462855,19.731981503804054,19.890371322631836,954200,0.0,0.0,0.0
2015-08-18 00:00:00-04:00,19.84869416425266,19.865367115878048,19.748659634540694,19.790340423583984,148600,0.0,0.0,0.0
2015-08-19 00:00:00-04:00,19.715302595707435,19.90703666104376,19.640275945789867,19.857019424438477,84100,0.0,0.0,0.0
2015-08-20 00:00:00-04:00,19.756991267098364,19.882035193594977,19.61527439306359,19.648618698120117,200500,0.0,0.0,0.0
2015-08-21 00:00:00-04:00,19.565254829550206,19.581927776474036,19.34851128959961,19.356847763061523,511500,0.0,0.0,0.0
2015-08-24 00:00:00-04:00,19.081748760015202,19.31516522561885,18.7232883839173,18.798315048217773,1876300,0.0,0.0,0.0
2015-08-25 00:00:00-04:00,19.048404061101618,19.165111496454383,18.256456661157564,18.28980255126953,947300,0.0,0.0,0.0
2015-08-26 00:00:00-04:00,18.45653203937794,18.606585403928975,18.21478063317236,18.556568145751953,267100,0.0,0.0,0.0
2015-08-27 00:00:00-04:00,18.689945995918585,18.865007170522965,18.581575019737745,18.856672286987305,459400,0.0,0.0,0.0
2015-08-28 00:00:00-04:00,18.831662319486608,18.923361935913604,18.656599559945956,18.84833526611328,551000,0.0,0.0,0.0
2015-08-31 00:00:00-04:00,18.814989154297386,18.814989154297386,18.46486522930297,18.59824562072754,1569600,0.0,0.0,0.0
2015-09-01 00:00:00-04:00,18.356494690513554,18.3981754675595,18.006370757260555,18.10640525817871,2385200,0.0,0.0,0.0
2015-09-02 00:00:00-04:00,18.281473522057123,18.356500215336663,17.998039700783355,18.131420135498047,525700,0.0,0.0,0.0
2015-09-03 00:00:00-04:00,18.156427309172916,18.364834411293735,18.156427309172916,18.281471252441406,307700,0.0,0.0,0.0
2015-09-04 00:00:00-04:00,18.131412807726875,18.1397492802799,17.906332818853848,17.981359481811523,127900,0.0,0.0,0.0
2015-09-08 00:00:00-04:00,18.24812095412928,18.414847231644078,18.239784481251576,18.398174285888672,166500,0.0,0.0,0.0
2015-09-09 00:00:00-04:00,18.481543575634518,18.481543575634518,18.18977328788706,18.21478271484375,203200,0.0,0.0,0.0
2015-09-10 00:00:00-04:00,18.189773014223096,18.373172295772633,18.14809222660918,18.18143653869629,136100,0.0,0.0,0.0
2015-09-11 00:00:00-04:00,18.15642105212084,18.306472778320312,18.098065748020566,18.306472778320312,126500,0.0,0.0,0.0
2015-09-14 00:00:00-04:00,18.323146558158022,18.414846164479005,18.306473613368837,18.348155975341797,76700,0.0,0.0,0.0
2015-09-15 00:00:00-04:00,18.348159727605864,18.50654955545534,18.2898059989297,18.473203659057617,39400,0.0,0.0,0.0
2015-09-16 00:00:00-04:00,18.523223025941185,18.681612871852742,18.5148865508911,18.631595611572266,29800,0.0,0.0,0.0
2015-09-17 00:00:00-04:00,18.623251744414418,19.065075206576232,18.623251744414418,18.823322296142578,59300,0.0,0.0,0.0
2015-09-18 00:00:00-04:00,18.698286056518555,18.881683739861018,18.65660368074523,18.698286056518555,51800,0.0,0.0,0.0
2015-09-21 00:00:00-04:00,18.756634306702505,18.90668763555926,18.71495353313989,18.764970779418945,240700,0.0,0.0,0.0
2015-09-22 00:00:00-04:00,18.648264243094438,18.70661796491141,18.43985718516545,18.498210906982422,91100,0.0,0.0,0.0
2015-09-23 00:00:00-04:00,18.51333364605343,18.59733115234191,18.504933574994634,18.538532257080078,66500,0.168,0.0,0.0
2015-09-24 00:00:00-04:00,18.504929582352066,18.681326230078028,18.49652951310568,18.656126022338867,37600,0.0,0.0,0.0
2015-09-25 00:00:00-04:00,18.740130836009246,18.966927968478824,18.647733250378952,18.78213119506836,48700,0.0,0.0,0.0
2015-09-28 00:00:00-04:00,18.723332843406354,18.82413050380333,18.622533580859447,18.639333724975586,42900,0.0,0.0,0.0
2015-09-29 00:00:00-04:00,18.681324731100187,18.748523677529892,18.572127043957884,18.64772605895996,29700,0.0,0.0,0.0
2015-09-30 00:00:00-04:00,18.748530578606978,19.017326463265885,18.74013050694266,19.008926391601562,116400,0.0,0.0,0.0
2015-10-01 00:00:00-04:00,19.076119040379854,19.076119040379854,18.68972548478232,18.82412338256836,676100,0.0,0.0,0.0
2015-10-02 00:00:00-04:00,18.849326583071555,19.09292221069336,18.790527693719728,19.09292221069336,168600,0.0,0.0,0.0
2015-10-05 00:00:00-04:00,19.176920282983684,19.403717360171868,19.151720073690722,19.378517150878906,105000,0.0,0.0,0.0
2015-10-06 00:00:00-04:00,19.361720407397677,19.361720407397677,19.185323717855418,19.286121368408203,69200,0.0,0.0,0.0
2015-10-07 00:00:00-04:00,19.344919525237618,19.420518555075315,19.269320495399924,19.319719314575195,75400,0.0,0.0,0.0
2015-10-08 00:00:00-04:00,19.29451995876778,19.63051637388831,19.27772141973147,19.605316162109375,113000,0.0,0.0,0.0
2015-10-09 00:00:00-04:00,19.62211480285959,19.62211480285959,19.437316468244262,19.470916748046875,131800,0.0,0.0,0.0
2015-10-12 00:00:00-04:00,19.521316528320312,19.622115770549676,19.47931777864535,19.521316528320312,115200,0.0,0.0,0.0
2015-10-13 00:00:00-04:00,19.445717817314016,19.622116093581983,19.445717817314016,19.496116638183594,52300,0.0,0.0,0.0
2015-10-14 00:00:00-04:00,19.554919459376794,19.63891697010798,19.454120203489623,19.487720489501953,38600,0.0,0.0,0.0
2015-10-15 00:00:00-04:00,19.538119509257225,19.815315462996242,19.45412039554695,19.79851531982422,32500,0.0,0.0,0.0
2015-10-16 00:00:00-04:00,19.857312521379853,19.916111415305984,19.68931591046944,19.781713485717773,105800,0.0,0.0,0.0
2015-10-19 00:00:00-04:00,19.706116134527935,19.79851531982422,19.63051869455351,19.79851531982422,102600,0.0,0.0,0.0
2015-10-20 00:00:00-04:00,19.764913254359435,19.9749102016351,19.73131297376354,19.890911102294922,48700,0.0,0.0,0.0
2015-10-21 00:00:00-04:00,19.941308411068217,19.991707225996265,19.739711549206593,19.756511688232422,25300,0.0,0.0,0.0
2015-10-22 00:00:00-04:00,19.806917040274268,20.05051433009779,19.806917040274268,20.0421142578125,300200,0.0,0.0,0.0
2015-10-23 00:00:00-04:00,20.067307643426428,20.067307643426428,19.66411389169557,19.672513961791992,172400,0.0,0.0,0.0
2015-10-26 00:00:00-04:00,19.67251512470355,19.67251512470355,19.479318307514,19.605316162109375,72500,0.0,0.0,0.0
2015-10-27 00:00:00-04:00,19.571715442999448,19.571715442999448,19.361718489309972,19.412118911743164,50300,0.0,0.0,0.0
2015-10-28 00:00:00-04:00,19.420520782470703,19.54651864593473,19.193723666945605,19.420520782470703,71100,0.0,0.0,0.0
2015-10-29 00:00:00-04:00,19.344925364267258,19.344925364267258,19.134928351810753,19.311325073242188,49300,0.0,0.0,0.0
2015-10-30 00:00:00-04:00,19.35332254975227,19.529719244867547,19.311322192236858,19.487720489501953,323400,0.0,0.0,0.0
2015-11-02 00:00:00-05:00,19.496117166812674,19.596916413434588,19.353320770835275,19.580116271972656,690200,0.0,0.0,0.0
2015-11-03 00:00:00-05:00,19.496116317225574,19.554916809779968,19.41211881787564,19.521316528320312,314100,0.0,0.0,0.0
2015-11-04 00:00:00-05:00,19.571717049016137,19.739715266613167,19.55491850897623,19.638916015625,62600,0.0,0.0,0.0
2015-11-05 00:00:00-05:00,19.605317542074623,19.61371761325886,19.403720640102232,19.420520782470703,128800,0.0,0.0,0.0
2015-11-06 00:00:00-05:00,19.134926200415524,19.160124813701113,18.630933106755304,18.78213119506836,68700,0.0,0.0,0.0
2015-11-09 00:00:00-05:00,18.731729598851476,18.882927677758133,18.68133077326585,18.849328994750977,162900,0.0,0.0,0.0
2015-11-10 00:00:00-05:00,18.83252769705279,19.059324801501855,18.83252769705279,19.017324447631836,109100,0.0,0.0,0.0
2015-11-11 00:00:00-05:00,19.12652642171448,19.143326565595586,18.958528187203235,19.08452606201172,47700,0.0,0.0,0.0
2015-11-12 00:00:00-05:00,18.992125512826256,19.076123014831165,18.81572723388672,18.81572723388672,45200,0.0,0.0,0.0
2015-11-13 00:00:00-05:00,18.798926974968722,18.93332650206464,18.69812933233384,18.723329544067383,384000,0.0,0.0,0.0
2015-11-16 00:00:00-05:00,18.849324909530168,19.076120376586914,18.79052602539881,19.076120376586914,213400,0.0,0.0,0.0
2015-11-17 00:00:00-05:00,19.042528205824258,19.12652732705592,18.681333106033087,18.714933395385742,94100,0.0,0.0,0.0
2015-11-18 00:00:00-05:00,18.681329513303464,18.950125367830903,18.647730832562367,18.9249267578125,42100,0.0,0.0,0.0
2015-11-19 00:00:00-05:00,18.924922762082062,19.076119196718498,18.924922762082062,19.04252052307129,34000,0.0,0.0,0.0
2015-11-20 00:00:00-05:00,19.092922944526098,19.210522329899238,19.000525372914616,19.059324264526367,46300,0.0,0.0,0.0
2015-11-23 00:00:00-05:00,19.101320560961554,19.134920838794017,18.950122515014325,18.975322723388672,40000,0.0,0.0,0.0
2015-11-24 00:00:00-05:00,18.866127001221116,19.02572514689998,18.832528319164883,18.99212646484375,28400,0.0,0.0,0.0
2015-11-25 00:00:00-05:00,18.958528001319728,18.958528001319728,18.824130055888432,18.874528884887695,91300,0.0,0.0,0.0
2015-11-27 00:00:00-05:00,18.882917404174805,18.933317804488986,18.882917404174805,18.882917404174805,17200,0.0,0.0,0.0
2015-11-30 00:00:00-05:00,18.908126097402757,19.017323809501292,18.874525815434207,18.94172477722168,456600,0.0,0.0,0.0
2015-12-01 00:00:00-05:00,18.924925612852356,19.118122421336817,18.91652554263787,19.09292221069336,886300,0.0,0.0,0.0
2015-12-02 00:00:00-05:00,19.067726388585406,19.067726388585406,18.597332000732422,18.597332000732422,667900,0.0,0.0,0.0
2015-12-03 00:00:00-05:00,18.614133215218008,18.62253328714359,18.404136223528138,18.43773651123047,291100,0.0,0.0,0.0
2015-12-04 00:00:00-05:00,18.479735479713337,18.605733355735943,18.429336649734278,18.5217342376709,95300,0.0,0.0,0.0
2015-12-07 00:00:00-05:00,18.488133111152926,18.563732147216797,18.370535322675668,18.563732147216797,725100,0.0,0.0,0.0
2015-12-08 00:00:00-05:00,18.446129902690725,18.538529066284266,18.370532480472644,18.513330459594727,73400,0.0,0.0,0.0
2015-12-09 00:00:00-05:00,18.47133540769184,18.748531375801544,18.446135191627352,18.5217342376709,104300,0.0,0.0,0.0
2015-12-10 00:00:00-05:00,18.530129288832388,18.530129288832388,18.25293339583073,18.261333465576172,105900,0.0,0.0,0.0
2015-12-11 00:00:00-05:00,18.143734507358545,18.320131154033096,18.093335694330015,18.101734161376953,55000,0.0,0.0,0.0
2015-12-14 00:00:00-05:00,18.110136337071108,18.16053675811139,17.83294042994781,17.98413848876953,736700,0.0,0.0,0.0
2015-12-15 00:00:00-05:00,18.06813960315922,18.286536645572202,18.051339460939047,18.202537536621094,116700,0.0,0.0,0.0
2015-12-16 00:00:00-05:00,18.269739707395726,18.69813379624094,18.269739707395726,18.67293357849121,90800,0.0,0.0,0.0
2015-12-17 00:00:00-05:00,18.689732555174075,18.756931529488703,18.563734678602888,18.639333724975586,65100,0.0,0.0,0.0
2015-12-18 00:00:00-05:00,18.572131688682767,18.588930227879413,18.37893326749955,18.479732513427734,73200,0.0,0.0,0.0
2015-12-21 00:00:00-05:00,18.572131376783993,18.63933033889103,18.479732203080708,18.605730056762695,38000,0.0,0.0,0.0
2015-12-22 00:00:00-05:00,18.65613014649291,18.79052968199629,18.45453324646245,18.756929397583008,901900,0.0,0.0,0.0
2015-12-23 00:00:00-05:00,18.913263877011403,19.185152403810292,18.89627043894061,19.1596622467041,37100,0.254,0.0,0.0
2015-12-24 00:00:00-05:00,19.08319835108876,19.19365410664627,19.08319835108876,19.142675399780273,30200,0.0,0.0,0.0
2015-12-28 00:00:00-05:00,19.083196842275797,19.193652589100125,18.989736157174917,19.185155868530273,33800,0.0,0.0,0.0
2015-12-29 00:00:00-05:00,19.244631493751122,19.329597079756915,19.236134773092168,19.2871150970459,322700,0.0,0.0,0.0
2015-12-30 00:00:00-05:00,19.295609994770857,19.31260343591056,19.17665914796042,19.185155868530273,74500,0.0,0.0,0.0
2015-12-31 00:00:00-05:00,19.142670325516733,19.151167044506103,18.870780179607284,19.023717880249023,73400,0.0,0.0,0.0
2016-01-04 00:00:00-05:00,18.904770808246482,18.95574951171875,18.751833077245916,18.95574951171875,564800,0.0,0.0,0.0
2016-01-05 00:00:00-05:00,18.947245812268918,19.14266707467067,18.683854050661996,19.100183486938477,227500,0.0,0.0,0.0
2016-01-06 00:00:00-05:00,18.9642391204834,19.032211239816977,18.870776848681043,18.9642391204834,102000,0.0,0.0,0.0
2016-01-07 00:00:00-05:00,18.70935097950088,18.921764133344666,18.692357538253273,18.751832962036133,73700,0.0,0.0,0.0
2016-01-08 00:00:00-05:00,18.819804586795982,18.92176361088259,18.70935046290389,18.743335723876953,280900,0.0,0.0,0.0
2016-01-11 00:00:00-05:00,18.76882131121967,18.836793437185197,18.641373777607228,18.72633934020996,240000,0.0,0.0,0.0
2016-01-12 00:00:00-05:00,18.768825885998417,18.768825885998417,18.428965173331967,18.505434036254883,47500,0.0,0.0,0.0
2016-01-13 00:00:00-05:00,18.564906227511244,18.658366894364555,18.29301770469538,18.318506240844727,68300,0.0,0.0,0.0
2016-01-14 00:00:00-05:00,18.352496816219965,18.862288709561806,18.293021392437105,18.751832962036133,1771500,0.0,0.0,0.0
2016-01-15 00:00:00-05:00,18.513931591976718,18.513931591976718,18.157077422430074,18.420469284057617,622600,0.0,0.0,0.0
2016-01-19 00:00:00-05:00,18.556410753770358,18.658368146376127,18.496935337986404,18.607389450073242,225500,0.0,0.0,0.0
2016-01-20 00:00:00-05:00,18.445957672816974,18.445957672816974,17.77473294315523,18.14858055114746,129700,0.0,0.0,0.0
2016-01-21 00:00:00-05:00,18.199559292934325,18.38648228703044,18.046621561135787,18.216552734375,135900,0.0,0.0,0.0
2016-01-22 00:00:00-05:00,18.386482162079947,18.64987564086914,18.352496900013325,18.64987564086914,235800,0.0,0.0,0.0
2016-01-25 00:00:00-05:00,18.58189696551517,18.58189696551517,18.284518329173544,18.301511764526367,81300,0.0,0.0,0.0
2016-01-26 00:00:00-05:00,18.37798390946699,18.658369185625283,18.37798390946699,18.6243839263916,51500,0.0,0.0,0.0
2016-01-27 00:00:00-05:00,18.56490321124526,18.828294972356566,18.51392452664572,18.666860580444336,38800,0.0,0.0,0.0
2016-01-28 00:00:00-05:00,18.726341396948236,19.01522174859233,18.726341396948236,18.93025779724121,70000,0.0,0.0,0.0
2016-01-29 00:00:00-05:00,19.07469963565252,19.431553757256086,19.07469963565252,19.414560317993164,375500,0.0,0.0,0.0
2016-02-01 00:00:00-05:00,19.46554010407947,19.79690408532479,19.44854666386595,19.737428665161133,1805400,0.0,0.0,0.0
2016-02-02 00:00:00-05:00,19.635466435144533,19.745920528195754,19.44854187994257,19.720430374145508,826500,0.0,0.0,0.0
2016-02-03 00:00:00-05:00,19.822390403029043,20.23871988405187,19.822390403029043,20.170747756958008,15805800,0.0,0.0,0.0
2016-02-04 00:00:00-05:00,20.264204815179752,20.383155601781848,20.145252407994736,20.17923927307129,6472600,0.0,0.0,0.0
2016-02-05 00:00:00-05:00,20.128265729038244,20.289698517570802,19.94134116461457,20.10277557373047,48303600,0.0,0.0,0.0
2016-02-08 00:00:00-05:00,19.983827280471413,20.16225352840856,19.61847644450464,19.74592399597168,2346800,0.0,0.0,0.0
2016-02-09 00:00:00-05:00,19.618477124517074,19.873372236286283,19.575995146083404,19.788408279418945,2925400,0.0,0.0,0.0
2016-02-10 00:00:00-05:00,19.88186826694766,19.88186826694766,19.516517430980887,19.74592399597168,1619800,0.0,0.0,0.0
2016-02-11 00:00:00-05:00,19.65246326802175,19.73742884929836,19.397568144775605,19.44005012512207,1323700,0.0,0.0,0.0
2016-02-12 00:00:00-05:00,19.50802330468717,19.50802330468717,19.253128167869708,19.45704460144043,1807800,0.0,0.0,0.0
2016-02-16 00:00:00-05:00,19.609980545172153,19.677952683503037,19.457042828781756,19.660959243774414,538300,0.0,0.0,0.0
2016-02-17 00:00:00-05:00,19.74592399597168,19.830889570477552,19.584489566468875,19.74592399597168,684200,0.0,0.0,0.0
2016-02-18 00:00:00-05:00,19.78841069056038,20.119774700352494,19.74592708636665,20.034809112548828,560600,0.0,0.0,0.0
2016-02-19 00:00:00-05:00,19.983829376459983,20.05180151907718,19.694947365190977,19.7799129486084,1380400,0.0,0.0,0.0
2016-02-22 00:00:00-05:00,19.93284456061905,20.085782252177083,19.89036258877886,20.068790435791016,908000,0.0,0.0,0.0
2016-02-23 00:00:00-05:00,20.026312589652793,20.170753604171555,19.992327326545688,20.136768341064453,705300,0.0,0.0,0.0
2016-02-24 00:00:00-05:00,20.07728529748261,20.42564426892376,20.07728529748261,20.40015411376953,643700,0.0,0.0,0.0
2016-02-25 00:00:00-05:00,20.485119675489692,20.570083618164062,20.36616723869558,20.570083618164062,525400,0.0,0.0,0.0
2016-02-26 00:00:00-05:00,20.52759653719136,20.52759653719136,20.153749124263875,20.17923927307129,727800,0.0,0.0,0.0
2016-02-29 00:00:00-05:00,20.09427896713755,20.400154350199973,20.06029371378803,20.238719940185547,648500,0.0,0.0,0.0
2016-03-01 00:00:00-05:00,20.417152679901506,20.417152679901506,20.119773944058917,20.255718231201172,604600,0.0,0.0,0.0
2016-03-02 00:00:00-05:00,20.179249174868698,20.553096771240234,19.966836025659553,20.553096771240234,357500,0.0,0.0,0.0
2016-03-03 00:00:00-05:00,20.570084246999613,20.71452522277832,20.391658017228885,20.71452522277832,607100,0.0,0.0,0.0
2016-03-04 00:00:00-05:00,20.62955984101909,21.02889586597305,20.60406968686248,20.918441772460938,456700,0.0,0.0,0.0
2016-03-07 00:00:00-05:00,20.90144988602902,21.215820374352226,20.892953167346857,21.113862991333008,1119100,0.0,0.0,0.0
2016-03-08 00:00:00-05:00,21.08837405358043,21.122360930272546,20.9439330688059,21.071380615234375,466200,0.0,0.0,0.0
2016-03-09 00:00:00-05:00,21.09687094128156,21.249808646450827,21.028898807937825,21.10536766052246,1163900,0.0,0.0,0.0
2016-03-10 00:00:00-05:00,21.08837810832134,21.24981256248153,20.98642069980822,21.241315841674805,845700,0.0,0.0,0.0
2016-03-11 00:00:00-05:00,21.385754668033886,21.521698945876814,21.33477596898869,21.402748107910156,638600,0.0,0.0,0.0
2016-03-14 00:00:00-04:00,21.343269750983836,21.419736978733948,21.27529762141887,21.385751724243164,796600,0.0,0.0,0.0
2016-03-15 00:00:00-04:00,21.29229267743152,21.3432729977981,21.207327097404193,21.30928611755371,261000,0.0,0.0,0.0
2016-03-16 00:00:00-04:00,21.28379765913898,21.632155106579013,21.173343530680537,21.606666564941406,920300,0.0,0.0,0.0
2016-03-17 00:00:00-04:00,21.649148499681374,21.82757639366478,21.521700930026807,21.776596069335938,1019200,0.0,0.0,0.0
2016-03-18 00:00:00-04:00,21.793584888306135,21.8530603001578,21.691627502441406,21.691627502441406,1050500,0.0,0.0,0.0
2016-03-21 00:00:00-04:00,21.683133395245854,21.75110553420403,21.5471891173295,21.640649795532227,607500,0.0,0.0,0.0
2016-03-22 00:00:00-04:00,21.623653411865234,21.77658947680136,21.57267310296991,21.623653411865234,625100,0.0,0.0,0.0
2016-03-23 00:00:00-04:00,21.62706844615938,21.73806334376344,21.507535228967633,21.63560676574707,1404600,0.124,0.0,0.0
2016-03-24 00:00:00-04:00,21.592917261690836,21.73806381225586,21.46484409363326,21.73806381225586,1397000,0.0,0.0,0.0
2016-03-28 00:00:00-04:00,21.763681990092007,21.80637359526397,21.61853378954377,21.729530334472656,2024900,0.0,0.0,0.0
2016-03-29 00:00:00-04:00,21.703913085039474,22.13081932067871,21.64414647261287,22.13081932067871,1696800,0.0,0.0,0.0
2016-03-30 00:00:00-04:00,22.15643692029713,22.17351193408291,22.045440373839217,22.079593658447266,4635700,0.0,0.0,0.0
2016-03-31 00:00:00-04:00,22.122282181988968,22.216202079971186,22.071053886961455,22.182048797607422,704100,0.0,0.0,0.0
2016-04-01 00:00:00-04:00,22.11374837651366,22.293049888496377,21.97713847620229,22.28451156616211,896800,0.0,0.0,0.0
2016-04-04 00:00:00-04:00,22.327196535601782,22.327196535601782,22.10520509031577,22.156435012817383,766400,0.0,0.0,0.0
2016-04-05 00:00:00-04:00,22.10520804256926,22.10520804256926,21.67830173581578,21.686840057373047,829600,0.0,0.0,0.0
2016-04-06 00:00:00-04:00,21.695374719899576,21.74660301208496,21.584379815411562,21.74660301208496,489500,0.0,0.0,0.0
2016-04-07 00:00:00-04:00,21.67830070768278,21.76368229068776,21.55876746858675,21.618534088134766,438000,0.0,0.0,0.0
2016-04-08 00:00:00-04:00,21.686837851887766,21.80637271301487,21.64414787696119,21.720991134643555,586100,0.0,0.0,0.0
2016-04-11 00:00:00-04:00,21.772219726567137,21.840524664490147,21.584381554408395,21.609994888305664,356900,0.0,0.0,0.0
2016-04-12 00:00:00-04:00,21.63560868734084,21.806371837225264,21.60145540595672,21.789295196533203,2987200,0.0,0.0,0.0
2016-04-13 00:00:00-04:00,21.857601892952108,21.857601892952108,21.60145714747498,21.729530334472656,1792500,0.0,0.0,0.0
2016-04-14 00:00:00-04:00,21.695376172576715,21.77221943025908,21.669761210509876,21.720991134643555,432300,0.0,0.0,0.0
2016-04-15 00:00:00-04:00,21.729531507725635,21.90029305207884,21.686839900248604,21.857603073120117,322400,0.0,0.0,0.0
2016-04-18 00:00:00-04:00,21.8234455644888,21.95151710510254,21.755140634260275,21.95151710510254,301000,0.0,0.0,0.0
2016-04-19 00:00:00-04:00,21.968597111989354,22.096668672233044,21.942983777051563,22.079593658447266,490700,0.0,0.0,0.0
2016-04-20 00:00:00-04:00,22.11374500991101,22.11374500991101,21.71245369240387,21.729530334472656,1094300,0.0,0.0,0.0
2016-04-21 00:00:00-04:00,21.6783002500765,21.71245353396485,21.251393972581376,21.285547256469727,443300,0.0,0.0,0.0
2016-04-22 00:00:00-04:00,21.35385599819797,21.473389256056002,21.285551046776455,21.439237594604492,457800,0.0,0.0,0.0
2016-04-25 00:00:00-04:00,21.379469359181225,21.48192596435547,21.336777749926647,21.48192596435547,894600,0.0,0.0,0.0
2016-04-26 00:00:00-04:00,21.507537990855575,21.584381248494644,21.439233053900644,21.490461349487305,391400,0.0,0.0,0.0
2016-04-27 00:00:00-04:00,21.53314887755746,21.823445233758807,21.498997227219753,21.75514030456543,350800,0.0,0.0,0.0
2016-04-28 00:00:00-04:00,21.52461475901447,21.763682872111552,21.46484813786977,21.661226272583008,372700,0.0,0.0,0.0
2016-04-29 00:00:00-04:00,21.558768044536176,21.678301286825572,21.413619838105497,21.661226272583008,530200,0.0,0.0,0.0
2016-05-02 00:00:00-04:00,21.720992313177206,21.831987231119545,21.601457445564403,21.772220611572266,1230300,0.0,0.0,0.0
2016-05-03 00:00:00-04:00,21.78929710348442,21.78929710348442,21.59292060389356,21.712453842163086,423700,0.0,0.0,0.0
2016-05-04 00:00:00-04:00,21.652688392170603,21.968598147088613,21.644150070616288,21.840526580810547,340100,0.0,0.0,0.0
2016-05-05 00:00:00-04:00,21.78929725401024,21.92590713541007,21.661225693762677,21.695377349853516,310600,0.0,0.0,0.0
2016-05-06 00:00:00-04:00,21.669761505423526,21.669761505423526,21.43069503695207,21.609994888305664,249300,0.0,0.0,0.0
2016-05-09 00:00:00-04:00,21.6270729870613,21.71245457234728,21.575844687297028,21.661226272583008,451800,0.0,0.0,0.0
2016-05-10 00:00:00-04:00,21.72099348617788,21.866141696567542,21.66122686340302,21.823450088500977,463700,0.0,0.0,0.0
2016-05-11 00:00:00-04:00,21.81491073855979,21.883215679728156,21.76368243981308,21.831987380981445,1447400,0.0,0.0,0.0
2016-05-12 00:00:00-04:00,21.840524527739834,21.977134402730506,21.823447886236462,21.934444427490234,429100,0.0,0.0,0.0
2016-05-13 00:00:00-04:00,21.934441909969085,21.934441909969085,21.720988801230433,21.73806381225586,736100,0.0,0.0,0.0
2016-05-16 00:00:00-04:00,21.695376176594124,21.797834396362305,21.686837855903597,21.797834396362305,241800,0.0,0.0,0.0
2016-05-17 00:00:00-04:00,21.712455029664458,21.789298295188516,21.430696932249017,21.533153533935547,368000,0.0,0.0,0.0
2016-05-18 00:00:00-04:00,21.43069456604077,21.567304438884975,21.10624489664718,21.200164794921875,572000,0.0,0.0,0.0
2016-05-19 00:00:00-04:00,21.080632884214236,21.319699362412305,21.003789622359644,21.311161041259766,438700,0.0,0.0,0.0
2016-05-20 00:00:00-04:00,21.34531520230721,21.464848446314267,21.27701025880056,21.396543502807617,271400,0.0,0.0,0.0
2016-05-23 00:00:00-04:00,21.388003849597606,21.413618812512073,21.200165673779487,21.208703994750977,592400,0.0,0.0,0.0
2016-05-24 00:00:00-04:00,21.234318091300718,21.464846234052473,21.234318091300718,21.430694580078125,330300,0.0,0.0,0.0
2016-05-25 00:00:00-04:00,21.405080795288086,21.43923407965869,21.29408587812009,21.405080795288086,285100,0.0,0.0,0.0
2016-05-26 00:00:00-04:00,21.370929288790386,21.644149051591732,21.370929288790386,21.618534088134766,547400,0.0,0.0,0.0
2016-05-27 00:00:00-04:00,21.644150078105028,21.695378378930315,21.533153526378864,21.686840057373047,278400,0.0,0.0,0.0
2016-05-31 00:00:00-04:00,21.678301878111313,21.866141696567542,21.669763556497998,21.823450088500977,316400,0.0,0.0,0.0
2016-06-01 00:00:00-04:00,21.772219434290722,21.857601012677847,21.71245281797518,21.797834396362305,845300,0.0,0.0,0.0
2016-06-02 00:00:00-04:00,21.729531657641108,21.840526580810547,21.661226713724915,21.840526580810547,479000,0.0,0.0,0.0
2016-06-03 00:00:00-04:00,21.960054121066225,22.14789388943017,21.960054121066225,22.0710506439209,661400,0.0,0.0,0.0
2016-06-06 00:00:00-04:00,22.11374810379346,22.190591375335735,22.011291494082723,22.088134765625,392300,0.0,0.0,0.0
2016-06-07 00:00:00-04:00,22.11374253267664,22.23327738524934,22.05397592064931,22.14789581298828,474600,0.0,0.0,0.0
2016-06-08 00:00:00-04:00,22.147894945448215,22.250351525333798,22.147894945448215,22.21619987487793,446900,0.0,0.0,0.0
2016-06-09 00:00:00-04:00,22.207664643019548,22.369889483666064,22.19058800115819,22.344274520874023,355400,0.0,0.0,0.0
2016-06-10 00:00:00-04:00,22.275968695589643,22.31012034943527,22.113743861398024,22.182048797607422,413200,0.0,0.0,0.0
2016-06-13 00:00:00-04:00,22.147901392709336,22.233282986480585,22.07105812116706,22.088134765625,381800,0.0,0.0,0.0
2016-06-14 00:00:00-04:00,22.062515116749196,22.164971704716216,22.019825143182622,22.156435012817383,512200,0.0,0.0,0.0
2016-06-15 00:00:00-04:00,22.147895068101825,22.182046718746825,22.028360219549366,22.04543685913086,348700,0.0,0.0,0.0
2016-06-16 00:00:00-04:00,21.977133988979237,22.207663759380246,21.977133988979237,22.182048797607422,552900,0.0,0.0,0.0
2016-06-17 00:00:00-04:00,22.199129971337882,22.28451156616211,22.09667173184512,22.28451156616211,620800,0.0,0.0,0.0
2016-06-20 00:00:00-04:00,22.301588210830648,22.41258314413921,22.22474493834069,22.28451156616211,520800,0.0,0.0,0.0
2016-06-21 00:00:00-04:00,22.310124303924006,22.583345725708458,22.20766769570846,22.472349166870117,378200,0.0,0.0,0.0
2016-06-22 00:00:00-04:00,22.462035263482335,22.51359429156915,22.350327313920605,22.36751365661621,420100,0.168,0.0,0.0
2016-06-23 00:00:00-04:00,22.384697127413315,22.547964096069336,22.384697127413315,22.547964096069336,571500,0.0,0.0,0.0
2016-06-24 00:00:00-04:00,22.24721104193583,22.530779142344777,22.109723577433304,22.307361602783203,1799100,0.0,0.0,0.0
2016-06-27 00:00:00-04:00,22.23002711054601,22.367514579825887,22.101131173988705,22.324548721313477,872300,0.0,0.0,0.0
2016-06-28 00:00:00-04:00,22.41047741149361,22.56515121459961,22.307360996429672,22.56515121459961,880200,0.0,0.0,0.0
2016-06-29 00:00:00-04:00,22.68545018405962,22.814344461444684,22.68545018405962,22.78856658935547,1435100,0.0,0.0,0.0
2016-06-30 00:00:00-04:00,22.857308538885697,23.226806640625,22.77137848097291,23.226806640625,2212700,0.0,0.0,0.0
2016-07-01 00:00:00-04:00,23.26118278503418,23.398670252274243,23.054951584174084,23.26118278503418,1310700,0.0,0.0,0.0
2016-07-05 00:00:00-04:00,23.243995311587316,23.32133221302164,23.19243792362437,23.27836799621582,786500,0.0,0.0,0.0
2016-07-06 00:00:00-04:00,23.235403368597424,23.355704484710586,23.097914271494087,23.338518142700195,991600,0.0,0.0,0.0
2016-07-07 00:00:00-04:00,23.304144694217136,23.37288841618912,23.003390295972352,23.072134017944336,588100,0.0,0.0,0.0
2016-07-08 00:00:00-04:00,23.089320294008832,23.372888351227584,22.934646510256858,23.347108840942383,829200,0.0,0.0,0.0
2016-07-11 00:00:00-04:00,23.34711188743577,23.441635131835938,23.209624425933608,23.441635131835938,624900,0.0,0.0,0.0
2016-07-12 00:00:00-04:00,23.372891960049774,23.47600673915248,23.29555505623281,23.321332931518555,750700,0.0,0.0,0.0
2016-07-13 00:00:00-04:00,23.312738944756,23.553342819213867,23.312738944756,23.553342819213867,487700,0.0,0.0,0.0
2016-07-14 00:00:00-04:00,23.40725802174711,23.536152287665,23.390071682563523,23.476001739501953,454900,0.0,0.0,0.0
2016-07-15 00:00:00-04:00,23.476003454241102,23.596304559354255,23.433039242123442,23.561933517456055,475500,0.0,0.0,0.0
2016-07-18 00:00:00-04:00,23.450226339245972,23.476004211756507,23.38148097527205,23.467411041259766,527700,0.0,0.0,0.0
2016-07-19 00:00:00-04:00,23.441635692444866,23.467413567730613,23.28696188481094,23.321332931518555,202000,0.0,0.0,0.0
2016-07-20 00:00:00-04:00,23.28696132002192,23.347111879536286,23.209624418080644,23.329925537109375,302000,0.0,0.0,0.0
2016-07-21 00:00:00-04:00,23.243995615650014,23.390076249272468,23.20103139828217,23.38148307800293,419800,0.0,0.0,0.0
2016-07-22 00:00:00-04:00,23.34711081584716,23.708015795470427,23.34711081584716,23.673643112182617,618000,0.0,0.0,0.0
2016-07-25 00:00:00-04:00,23.673641226751755,23.80253713983569,23.665049695593805,23.785350799560547,317000,0.0,0.0,0.0
2016-07-26 00:00:00-04:00,23.750979443728582,23.768165784962296,23.59630565058458,23.682235717773438,311500,0.0,0.0,0.0
2016-07-27 00:00:00-04:00,23.656459069567514,23.656459069567514,23.218217179298847,23.39007568359375,453000,0.0,0.0,0.0
2016-07-28 00:00:00-04:00,23.355703721357177,23.467411662814104,23.31273786773549,23.433040618896484,245800,0.0,0.0,0.0
2016-07-29 00:00:00-04:00,23.40725861043856,23.665048787737263,23.40725861043856,23.579118728637695,535600,0.0,0.0,0.0
2016-08-01 00:00:00-04:00,23.544748149848246,23.622085046039178,23.458818083082804,23.49319076538086,782200,0.0,0.0,0.0
2016-08-02 00:00:00-04:00,23.381485047788157,23.407264563768575,23.149475959884285,23.24399757385254,431100,0.0,0.0,0.0
2016-08-03 00:00:00-04:00,23.20962142944336,23.252585640998433,23.123691367353597,23.20962142944336,237800,0.0,0.0,0.0
2016-08-04 00:00:00-04:00,23.149471090684006,23.278365365514862,23.149471090684006,23.235401153564453,384500,0.0,0.0,0.0
2016-08-05 00:00:00-04:00,23.23540018786101,23.23540018786101,23.046353729585203,23.054946899414062,293100,0.0,0.0,0.0
2016-08-08 00:00:00-04:00,23.080729661782026,23.20962394942152,23.05495014866221,23.06354331970215,351800,0.0,0.0,0.0
2016-08-09 00:00:00-04:00,23.123690619065385,23.132283788894245,23.020575859078182,23.054946899414062,789400,0.0,0.0,0.0
2016-08-10 00:00:00-04:00,23.089322621348458,23.115100495252385,22.986206208793426,23.037763595581055,490300,0.0,0.0,0.0
2016-08-11 00:00:00-04:00,23.063540069242922,23.089319578729505,22.960423670276157,23.054946899414062,862800,0.0,0.0,0.0
2016-08-12 00:00:00-04:00,23.115096720849248,23.16665409921821,23.00338879455325,23.011981964111328,624600,0.0,0.0,0.0
2016-08-15 00:00:00-04:00,23.029172808725065,23.080731839830143,22.83153477309544,22.84012794494629,403700,0.0,0.0,0.0
2016-08-16 00:00:00-04:00,22.822939008134366,22.822939008134366,22.530777754320333,22.547964096069336,832900,0.0,0.0,0.0
2016-08-17 00:00:00-04:00,22.530775815746516,22.711229110625133,22.333137819577246,22.685449600219727,913300,0.0,0.0,0.0
2016-08-18 00:00:00-04:00,22.67685604957995,22.874495681412558,22.651078178586697,22.857309341430664,277800,0.0,0.0,0.0
2016-08-19 00:00:00-04:00,22.754195079899766,22.771381421497544,22.504999682650958,22.633893966674805,907700,0.0,0.0,0.0
2016-08-22 00:00:00-04:00,22.625302288561134,22.754196581088674,22.57374489934609,22.694046020507812,266900,0.0,0.0,0.0
2016-08-23 00:00:00-04:00,22.73700698205092,22.840123384692934,22.685449600219727,22.685449600219727,466900,0.0,0.0,0.0
2016-08-24 00:00:00-04:00,22.694045301693453,22.711231643880723,22.573744184342164,22.651081085205078,468600,0.0,0.0,0.0
2016-08-25 00:00:00-04:00,22.616705878118257,22.728415450895405,22.616705878118257,22.685449600219727,318800,0.0,0.0,0.0
2016-08-26 00:00:00-04:00,22.676859778251192,22.82294041415761,22.255804213339722,22.307361602783203,636300,0.0,0.0,0.0
2016-08-29 00:00:00-04:00,22.376105441719144,22.573743453534973,22.376105441719144,22.49640655517578,333700,0.0,0.0,0.0
2016-08-30 00:00:00-04:00,22.50500204910576,22.565152612043214,22.307362377908515,22.324548721313477,268600,0.0,0.0,0.0
2016-08-31 00:00:00-04:00,22.23002373605093,22.384695886276777,22.221430565652884,22.3761043548584,642200,0.0,0.0,0.0
2016-09-01 00:00:00-04:00,22.333140608663236,22.4018843393498,22.25580370676837,22.290176391601562,1043300,0.0,0.0,0.0
2016-09-02 00:00:00-04:00,22.376105244963398,22.59952112828127,22.36751207422352,22.58233642578125,933500,0.0,0.0,0.0
2016-09-06 00:00:00-04:00,22.642490117214038,22.788570762059805,22.599524257565307,22.75419807434082,408700,0.0,0.0,0.0
2016-09-07 00:00:00-04:00,22.737014957943252,22.87450408935547,22.685457558026293,22.87450408935547,280200,0.0,0.0,0.0
2016-09-08 00:00:00-04:00,22.779972261521685,22.977610252735207,22.779972261521685,22.943239212036133,467100,0.0,0.0,0.0
2016-09-09 00:00:00-04:00,22.771382498195187,22.78856884060559,22.161282093444424,22.178466796875,510400,0.0,0.0,0.0
2016-09-12 00:00:00-04:00,22.09253642767641,22.599522049128836,22.049572211206126,22.539371490478516,646400,0.0,0.0,0.0
2016-09-13 00:00:00-04:00,22.444850606365648,22.444850606365648,21.989422357865685,22.118316650390625,742000,0.0,0.0,0.0
2016-09-14 00:00:00-04:00,22.20425069759358,22.341738186081827,22.07535638200837,22.169878005981445,424400,0.0,0.0,0.0
2016-09-15 00:00:00-04:00,22.161280011846223,22.427661738267012,22.10972098945794,22.3761043548584,307600,0.0,0.0,0.0
2016-09-16 00:00:00-04:00,22.34173260418873,22.4792200583269,22.22143149156277,22.444849014282227,324500,0.0,0.0,0.0
2016-09-19 00:00:00-04:00,22.54796374282174,22.59952112828127,22.4620336744027,22.58233642578125,319500,0.0,0.0,0.0
2016-09-20 00:00:00-04:00,22.676859571208603,22.719825427835772,22.393291473388672,22.393291473388672,501200,0.0,0.0,0.0
2016-09-21 00:00:00-04:00,22.468500531389488,22.82294769839892,22.41663065665761,22.814302444458008,391300,0.157,0.0,0.0
2016-09-22 00:00:00-04:00,22.918044050302044,23.09958943796387,22.831593159023917,23.06501007080078,289500,0.0,0.0,0.0
2016-09-23 00:00:00-04:00,23.047720712346493,23.14281686238704,22.961269816756328,23.056365966796875,241000,0.0,0.0,0.0
2016-09-26 00:00:00-04:00,23.021787643432617,23.125529060065297,22.952627248648792,23.021787643432617,257200,0.0,0.0,0.0
2016-09-27 00:00:00-04:00,23.056364608062765,23.151460752499204,22.788368331548863,22.814302444458008,337600,0.0,0.0,0.0
2016-09-28 00:00:00-04:00,22.83159828186035,22.848888793778254,22.598181317710594,22.83159828186035,278700,0.0,0.0,0.0
2016-09-29 00:00:00-04:00,22.779725451443877,22.805659567055574,22.485793382477084,22.546308517456055,460700,0.0,0.0,0.0
2016-09-30 00:00:00-04:00,22.650052473540168,22.67598659206804,22.407990257491726,22.416635513305664,429200,0.0,0.0,0.0
2016-10-03 00:00:00-04:00,22.42528057577153,22.42528057577153,22.09676745333005,22.20915412902832,1085800,0.0,0.0,0.0
2016-10-04 00:00:00-04:00,22.209151969510714,22.209151969510714,21.785544372953378,21.889284133911133,1043800,0.0,0.0,0.0
2016-10-05 00:00:00-04:00,21.949800718466886,22.027606368779,21.794189417842656,21.83741569519043,463600,0.0,0.0,0.0
2016-10-06 00:00:00-04:00,21.794184488917278,21.87199012163304,21.681799491057568,21.80282974243164,451300,0.0,0.0,0.0
2016-10-07 00:00:00-04:00,21.88928369885907,22.05354024084363,21.70773829633435,21.794187545776367,728000,0.0,0.0,0.0
2016-10-10 00:00:00-04:00,21.863350551284544,22.02760545162544,21.768254393992795,22.01031494140625,289400,0.0,0.0,0.0
2016-10-11 00:00:00-04:00,21.93250947094231,21.93250947094231,21.73367191459696,21.78554344177246,502800,0.0,0.0,0.0
2016-10-12 00:00:00-04:00,21.776900622006508,21.949800785181484,21.776900622006508,21.90657615661621,344700,0.0,0.0,0.0
2016-10-13 00:00:00-04:00,21.8892865276089,22.148639256192283,21.828771385613628,22.053543090820312,443000,0.0,0.0,0.0
2016-10-14 00:00:00-04:00,21.958443519152556,22.217796207503945,21.958443519152556,22.0362491607666,319800,0.0,0.0,0.0
2016-10-17 00:00:00-04:00,22.044895637208555,22.14863704808219,22.036250382226267,22.096765518188477,200000,0.0,0.0,0.0
2016-10-18 00:00:00-04:00,22.24372832611785,22.338824468204866,22.12269807176241,22.33017921447754,309400,0.0,0.0,0.0
2016-10-19 00:00:00-04:00,22.32153816917563,22.36476444596198,22.226442009159516,22.31289291381836,202100,0.0,0.0,0.0
2016-10-20 00:00:00-04:00,22.32153885982932,22.364765137953142,22.209153834535204,22.252378463745117,224700,0.0,0.0,0.0
2016-10-21 00:00:00-04:00,22.174571164115257,22.243731555059753,22.018959872261696,22.096765518188477,151800,0.0,0.0,0.0
2016-10-24 00:00:00-04:00,22.20050474457919,22.32153500459449,22.148634868703155,22.29560089111328,170400,0.0,0.0,0.0
2016-10-25 00:00:00-04:00,22.269668974994644,22.295604741868935,22.209153834535204,22.252378463745117,441400,0.0,0.0,0.0
2016-10-26 00:00:00-04:00,22.191861059629584,22.269666703402073,22.11405541585709,22.2264404296875,268100,0.0,0.0,0.0
2016-10-27 00:00:00-04:00,22.17456877462806,22.48579132479846,22.03624800764424,22.40798568725586,546100,0.0,0.0,0.0
2016-10-28 00:00:00-04:00,22.416631803732535,22.606822453424016,22.399341294965947,22.44256591796875,682800,0.0,0.0,0.0
2016-10-31 00:00:00-04:00,22.451214684580947,22.736501528204776,22.451214684580947,22.641407012939453,269400,0.0,0.0,0.0
2016-11-01 00:00:00-04:00,22.632760593528857,22.632760593528857,22.17457195657601,22.217798233032227,733400,0.0,0.0,0.0
2016-11-02 00:00:00-04:00,22.174570509193444,22.174570509193444,21.759608175782308,21.794187545776367,674100,0.0,0.0,0.0
2016-11-03 00:00:00-04:00,21.768256782578963,21.90657758168254,21.7077416390854,21.742321014404297,515200,0.0,0.0,0.0
2016-11-04 00:00:00-04:00,21.854705674012607,22.001671715588962,21.716384887695312,21.716384887695312,453300,0.0,0.0,0.0
2016-11-07 00:00:00-05:00,21.871992307319413,22.122699737548828,21.77689780698556,22.122699737548828,474700,0.0,0.0,0.0
2016-11-08 00:00:00-05:00,22.131342937183586,22.442563821338968,22.131342937183586,22.347469329833984,462700,0.0,0.0,0.0
2016-11-09 00:00:00-05:00,22.070829391479492,22.21779541496201,21.88063709702351,22.070829391479492,692900,0.0,0.0,0.0
2016-11-10 00:00:00-05:00,22.053537642382082,22.053537642382082,21.517543454861,21.647220611572266,1536200,0.0,0.0,0.0
2016-11-11 00:00:00-05:00,21.64722452872558,21.854705708529213,21.560773624912272,21.673158645629883,2379200,0.0,0.0,0.0
2016-11-14 00:00:00-05:00,21.595350418335958,21.776897459556313,21.52619003332669,21.733671188354492,565200,0.0,0.0,0.0
2016-11-15 00:00:00-05:00,21.828767220768988,22.070829391479492,21.820121966574295,22.070829391479492,933700,0.0,0.0,0.0
2016-11-16 00:00:00-05:00,22.053543027033943,22.114058168854182,21.828771322477373,21.98438262939453,414900,0.0,0.0,0.0
2016-11-17 00:00:00-05:00,21.9497985529666,22.13134560208862,21.9497985529666,21.993024826049805,424200,0.0,0.0,0.0
2016-11-18 00:00:00-05:00,22.03624945021929,22.088119329005416,21.932509692647038,21.993024826049805,595600,0.0,0.0,0.0
2016-11-21 00:00:00-05:00,22.079474484563896,22.30424449633127,22.053538722169066,22.29560089111328,239700,0.0,0.0,0.0
2016-11-22 00:00:00-05:00,22.330184144691994,22.416635052138922,22.261023748517236,22.364765167236328,375500,0.0,0.0,0.0
2016-11-23 00:00:00-05:00,22.217798233032227,22.304247488116975,22.191862467158497,22.217798233032227,649600,0.0,0.0,0.0
2016-11-25 00:00:00-05:00,22.32153683831005,22.58953314275139,22.32153683831005,22.546308517456055,156700,0.0,0.0,0.0
2016-11-28 00:00:00-05:00,22.554952245792755,22.892108917236328,22.520371228765903,22.892108917236328,1604700,0.0,0.0,0.0
2016-11-29 00:00:00-05:00,22.822948924361746,22.952624442613924,22.822948924361746,22.874818801879883,667800,0.0,0.0,0.0
2016-11-30 00:00:00-05:00,22.6759853254616,22.753790974527135,22.243732452392578,22.243732452392578,381600,0.0,0.0,0.0
2016-12-01 00:00:00-05:00,22.148635789847617,22.200505667880883,21.949798234378328,22.07947540283203,597300,0.0,0.0,0.0
2016-12-02 00:00:00-05:00,22.17457317019523,22.34747498765537,22.15728265866643,22.2783145904541,227400,0.0,0.0,0.0
2016-12-05 00:00:00-05:00,22.269669004153318,22.373408773958502,22.14863872307597,22.364765167236328,436100,0.0,0.0,0.0
2016-12-06 00:00:00-05:00,22.43392382468949,22.546308841420455,22.30424664911266,22.459857940673828,705200,0.0,0.0,0.0
2016-12-07 00:00:00-05:00,22.537663513237412,22.86617660522461,22.537663513237412,22.86617660522461,745000,0.0,0.0,0.0
2016-12-08 00:00:00-05:00,22.797017036586347,23.004498215836726,22.69327562250424,22.94398307800293,328700,0.0,0.0,0.0
2016-12-09 00:00:00-05:00,22.9266937829668,23.04772406505084,22.900758015842825,23.004499435424805,294700,0.0,0.0,0.0
2016-12-12 00:00:00-05:00,22.961269816756328,23.12552635348627,22.961269816756328,23.056365966796875,268700,0.0,0.0,0.0
2016-12-13 00:00:00-05:00,23.160109852311958,23.307074246970988,23.116883575429426,23.289785385131836,377200,0.0,0.0,0.0
2016-12-14 00:00:00-05:00,23.358943601113,23.497264376411593,22.94398127521723,22.96991539001465,536800,0.0,0.0,0.0
2016-12-15 00:00:00-05:00,22.94397836151498,23.160104751586914,22.84023696875851,23.160104751586914,239400,0.0,0.0,0.0
2016-12-16 00:00:00-05:00,23.229267693779946,23.376233721202954,23.186041421647484,23.307071685791016,357800,0.0,0.0,0.0
2016-12-19 00:00:00-05:00,23.376233765980647,23.436748898168332,23.29842812490686,23.419458389282227,227100,0.0,0.0,0.0
2016-12-20 00:00:00-05:00,23.402165217121873,23.514551863177754,23.38487471020351,23.410810470581055,378200,0.0,0.0,0.0
2016-12-21 00:00:00-05:00,23.42913860002396,23.498946021769626,23.32442663523536,23.333152770996094,270900,0.251,0.0,0.0
2016-12-22 00:00:00-05:00,23.306975879354177,23.44659239626491,23.298251407366312,23.41168785095215,212900,0.0,0.0,0.0
2016-12-23 00:00:00-05:00,23.437862123645445,23.481491133246468,23.385505314916177,23.455312728881836,165900,0.0,0.0,0.0
2016-12-27 00:00:00-05:00,23.368056517469032,23.58620491103052,23.368056517469032,23.507671356201172,204000,0.0,0.0,0.0
2016-12-28 00:00:00-05:00,23.53384731366344,23.53384731366344,23.27206991585303,23.28079605102539,215000,0.0,0.0,0.0
2016-12-29 00:00:00-05:00,23.341878111079197,23.53384809825085,23.341878111079197,23.507671356201172,518400,0.0,0.0,0.0
2016-12-30 00:00:00-05:00,23.56002539706461,23.56002539706461,23.263343462621034,23.324424743652344,307200,0.0,0.0,0.0
2017-01-03 00:00:00-05:00,23.39423673056237,23.55130386352539,23.31570316408086,23.55130386352539,593300,0.0,0.0,0.0
2017-01-04 00:00:00-05:00,23.58620605014247,23.760723774816014,23.551301506603615,23.66473960876465,2031100,0.0,0.0,0.0
2017-01-05 00:00:00-05:00,23.690914549317057,23.690914549317057,23.51639683792345,23.603654861450195,1038600,0.0,0.0,0.0
2017-01-06 00:00:00-05:00,23.54257348833001,23.69091445782879,23.525121217956013,23.6560115814209,275000,0.0,0.0,0.0
2017-01-09 00:00:00-05:00,23.699638218462045,23.699638218462045,23.359327301966598,23.368053436279297,327800,0.0,0.0,0.0
2017-01-10 00:00:00-05:00,23.368055328603713,23.411684339360292,23.27206950773115,23.376781463623047,283500,0.0,0.0,0.0
2017-01-11 00:00:00-05:00,23.368056517469032,23.516397491664453,23.368056517469032,23.507671356201172,300100,0.0,0.0,0.0
2017-01-12 00:00:00-05:00,23.507669478394767,23.516395613160995,23.31569784221776,23.490217208862305,298000,0.0,0.0,0.0
2017-01-13 00:00:00-05:00,23.48149299621582,23.56875268668089,23.385507170270227,23.48149299621582,370200,0.0,0.0,0.0
2017-01-17 00:00:00-05:00,23.52512309894947,23.760723774816014,23.52512309894947,23.66473960876465,231700,0.0,0.0,0.0
2017-01-18 00:00:00-05:00,23.664737777487673,23.71709292440425,23.586204224942747,23.62110710144043,284000,0.0,0.0,0.0
2017-01-19 00:00:00-05:00,23.594929161717037,23.62983203644193,23.429135929838722,23.490217208862305,401500,0.0,0.0,0.0
2017-01-20 00:00:00-05:00,23.542573959566102,23.64728591956594,23.46404040565126,23.525121688842773,253700,0.0,0.0,0.0
2017-01-23 00:00:00-05:00,23.59493109312246,23.603655564262823,23.42041171219232,23.48149299621582,181400,0.0,0.0,0.0
2017-01-24 00:00:00-05:00,23.4378662109375,23.507673637076763,23.402961665697706,23.4378662109375,188700,0.0,0.0,0.0
2017-01-25 00:00:00-05:00,23.455312728881836,23.472764998458256,23.368054709679786,23.455312728881836,232700,0.0,0.0,0.0
2017-01-26 00:00:00-05:00,23.45531416332069,23.594930664130462,23.45531416332069,23.586204528808594,240000,0.0,0.0,0.0
2017-01-27 00:00:00-05:00,23.629833924006753,23.656012330396592,23.46404067888478,23.507671356201172,178700,0.0,0.0,0.0
2017-01-30 00:00:00-05:00,23.49894369106705,23.533846566307993,23.28952144660125,23.429136276245117,188700,0.0,0.0,0.0
2017-01-31 00:00:00-05:00,23.46403739247925,23.76944543355749,23.46403739247925,23.760719299316406,332500,0.0,0.0,0.0
2017-02-01 00:00:00-05:00,23.708367556982246,23.804353383054533,23.35933045900142,23.464040756225586,726300,0.0,0.0,0.0
2017-02-02 00:00:00-05:00,23.490222880274427,23.52512576342617,23.368060292732675,23.516401290893555,323900,0.0,0.0,0.0
2017-02-03 00:00:00-05:00,23.62983706939222,23.68219222480077,23.542577367484387,23.612384796142578,170100,0.0,0.0,0.0
2017-02-06 00:00:00-05:00,23.638562353045344,23.638562353045344,23.42914007462755,23.4378662109375,178700,0.0,0.0,0.0
2017-02-07 00:00:00-05:00,23.455312728881836,23.481491133246468,23.385505314916177,23.455312728881836,158500,0.0,0.0,0.0
2017-02-08 00:00:00-05:00,23.46404029864256,23.612381270434067,23.46404029864256,23.586204528808594,228400,0.0,0.0,0.0
2017-02-09 00:00:00-05:00,23.58620463637443,23.603655242757615,23.455314270289595,23.525121688842773,410300,0.0,0.0,0.0
2017-02-10 00:00:00-05:00,23.525120841571177,23.73454475402832,23.490217965721705,23.73454475402832,287400,0.0,0.0,0.0
2017-02-13 00:00:00-05:00,23.66474115787928,23.734548585186403,23.629836612055545,23.72582244873047,455600,0.0,0.0,0.0
2017-02-14 00:00:00-05:00,23.734549044549695,23.743273516834137,23.490222212075842,23.612384796142578,359400,0.0,0.0,0.0
2017-02-15 00:00:00-05:00,23.52512349996135,23.58620645219557,23.394234788139983,23.57748031616211,266800,0.0,0.0,0.0
2017-02-16 00:00:00-05:00,23.586207320011628,23.751998917726592,23.586207320011628,23.74327278137207,276000,0.0,0.0,0.0
2017-02-17 00:00:00-05:00,23.74327265088048,23.88288916744521,23.58620719038326,23.813081741333008,390600,0.0,0.0,0.0
2017-02-21 00:00:00-05:00,23.804354128883407,24.109760558972898,23.76072345005618,24.092309951782227,666200,0.0,0.0,0.0
2017-02-22 00:00:00-05:00,24.08358885665661,24.214477591852567,24.031233695446343,24.18829917907715,396800,0.0,0.0,0.0
2017-02-23 00:00:00-05:00,24.231925576881224,24.388992697044557,24.08358459276477,24.31045913696289,315400,0.0,0.0,0.0
2017-02-24 00:00:00-05:00,24.327910969035706,24.432622942527725,24.310460360404,24.415170669555664,257400,0.0,0.0,0.0
2017-02-27 00:00:00-05:00,24.37154240430204,24.37154240430204,24.24937981840472,24.275556564331055,197500,0.0,0.0,0.0
2017-02-28 00:00:00-05:00,24.223192174663193,24.319177978046003,24.205739907804542,24.249370574951172,205000,0.0,0.0,0.0
2017-03-01 00:00:00-05:00,24.092311469243032,24.29300761146852,24.057406923982782,24.17084503173828,1005500,0.0,0.0,0.0
2017-03-02 00:00:00-05:00,24.15339622286658,24.32791398117389,24.092314924241993,24.223203659057617,323800,0.0,0.0,0.0
2017-03-03 00:00:00-05:00,24.21447597681011,24.21447597681011,24.039956565295117,24.162120819091797,227900,0.0,0.0,0.0
2017-03-06 00:00:00-05:00,24.15339356012328,24.15339356012328,23.970148020110503,24.00505256652832,184600,0.0,0.0,0.0
2017-03-07 00:00:00-05:00,23.926516008445443,23.987597292695547,23.813079575458133,23.82180404663086,262200,0.0,0.0,0.0
2017-03-08 00:00:00-05:00,23.69964106739579,23.708367202757454,23.49894494709792,23.525121688842773,344100,0.0,0.0,0.0
2017-03-09 00:00:00-05:00,23.516399028268157,23.664740012156443,23.516399028268157,23.57748031616211,329300,0.0,0.0,0.0
2017-03-10 00:00:00-05:00,23.638558601603638,23.81307797142572,23.638558601603638,23.78689956665039,221100,0.0,0.0,0.0
2017-03-13 00:00:00-04:00,23.760724616367405,23.856710450158616,23.725821735932612,23.847984313964844,241100,0.0,0.0,0.0
2017-03-14 00:00:00-04:00,23.81308187220826,23.81308187220826,23.673465354876207,23.74327278137207,191800,0.0,0.0,0.0
2017-03-15 00:00:00-04:00,23.882887398948753,24.214472232343223,23.847982856307123,24.118486404418945,404000,0.0,0.0,0.0
2017-03-16 00:00:00-04:00,24.11848909729652,24.11848909729652,23.935245220989025,23.961421966552734,200900,0.0,0.0,0.0
2017-03-17 00:00:00-04:00,24.02249871201292,24.170839667768668,24.005046443255782,24.101032257080078,265000,0.0,0.0,0.0
2017-03-20 00:00:00-04:00,24.127213606561284,24.127213606561284,23.882888454630915,23.935243606567383,108100,0.0,0.0,0.0
2017-03-21 00:00:00-04:00,23.952695155303523,24.13593901371745,23.865435461817746,24.066131591796875,210200,0.0,0.0,0.0
2017-03-22 00:00:00-04:00,24.031227172729135,24.118485196281902,23.917789079166354,23.996322631835938,345500,0.0,0.0,0.0
2017-03-23 00:00:00-04:00,23.99632102430055,24.136752907289278,23.882219073072143,23.917327880859375,345400,0.16,0.0,0.0
2017-03-24 00:00:00-04:00,23.926109348828785,24.14553441438215,23.899777738293437,24.057764053344727,1269700,0.0,0.0,0.0
2017-03-27 00:00:00-04:00,24.075317759266643,24.075317759266643,23.85589270010319,23.95244026184082,420600,0.0,0.0,0.0
2017-03-28 00:00:00-04:00,23.952439846536613,23.969992578664282,23.855892286472994,23.943662643432617,212800,0.0,0.0,0.0
2017-03-29 00:00:00-04:00,23.961215726254743,24.013878945649484,23.829561025928577,23.99632453918457,260000,0.0,0.0,0.0
2017-03-30 00:00:00-04:00,23.961212574533373,23.978766978689283,23.86466669983613,23.969989776611328,192100,0.0,0.0,0.0
2017-03-31 00:00:00-04:00,23.987549174526205,24.127981088848514,23.89100160564944,24.040210723876953,150300,0.0,0.0,0.0
2017-04-03 00:00:00-04:00,24.048985732519917,24.066540138727902,23.820783474057016,23.943662643432617,529700,0.0,0.0,0.0
2017-04-04 00:00:00-04:00,23.926110996927324,24.12798166936255,23.89977938457818,24.09287452697754,267500,0.0,0.0,0.0
2017-04-05 00:00:00-04:00,24.066538980268778,24.206970875012267,24.048984574905784,24.180639266967773,277000,0.0,0.0,0.0
2017-04-06 00:00:00-04:00,24.11919640983462,24.1367508122045,24.005096142590286,24.084089279174805,191000,0.0,0.0,0.0
2017-04-07 00:00:00-04:00,24.12797606585425,24.198192008397758,23.969989776611328,23.969989776611328,163100,0.0,0.0,0.0
2017-04-10 00:00:00-04:00,23.99632637843141,24.075319539497766,23.94366482908066,24.040210723876953,156800,0.0,0.0,0.0
2017-04-11 00:00:00-04:00,24.03143327108962,24.101649227523584,23.96121731465566,24.075319290161133,206200,0.0,0.0,0.0
2017-04-12 00:00:00-04:00,24.06654211649716,24.23330564101691,23.969994548499336,24.206974029541016,276400,0.0,0.0,0.0
2017-04-13 00:00:00-04:00,24.215749114160147,24.215749114160147,24.02265566914325,24.031431198120117,226000,0.0,0.0,0.0
2017-04-17 00:00:00-04:00,24.11042241989855,24.24207878112793,24.101645217544583,24.24207878112793,143700,0.0,0.0,0.0
2017-04-18 00:00:00-04:00,24.206972952139502,24.28596610897091,24.17186581248131,24.22452735900879,271600,0.0,0.0,0.0
2017-04-19 00:00:00-04:00,24.233301352060604,24.268408487067866,24.022653519776547,24.066537857055664,198500,0.0,0.0,0.0
2017-04-20 00:00:00-04:00,24.048985604234463,24.075317213405985,23.847114956160393,24.031431198120117,151900,0.0,0.0,0.0
2017-04-21 00:00:00-04:00,24.01388053754147,24.136758042780794,24.01388053754147,24.075319290161133,152600,0.0,0.0,0.0
2017-04-24 00:00:00-04:00,24.14553486316372,24.198196411132812,24.022657359875698,24.198196411132812,81800,0.0,0.0,0.0
2017-04-25 00:00:00-04:00,24.171865746993795,24.29474324658513,24.171865746993795,24.26841163635254,278600,0.0,0.0,0.0
2017-04-26 00:00:00-04:00,24.25085180673591,24.356176550033958,24.180635869230542,24.18941307067871,111400,0.0,0.0,0.0
2017-04-27 00:00:00-04:00,24.20697146138603,24.338626156637137,24.198194258491917,24.23330307006836,102300,0.0,0.0,0.0
2017-04-28 00:00:00-04:00,24.206972017031756,24.206972017031756,24.048985709471907,24.11920166015625,219800,0.0,0.0,0.0
2017-05-01 00:00:00-04:00,24.18941648442749,24.18941648442749,23.97876864218356,24.00510025024414,548400,0.0,0.0,0.0
2017-05-02 00:00:00-04:00,23.99632405997173,24.05776280729164,23.92610810959465,24.031431198120117,173800,0.0,0.0,0.0
2017-05-03 00:00:00-04:00,23.917331870158534,23.917331870158534,23.618913650512695,23.618913650512695,175100,0.0,0.0,0.0
2017-05-04 00:00:00-04:00,23.56625165106488,23.575028854306943,23.33804938901231,23.47848129272461,207600,0.0,0.0,0.0
2017-05-05 00:00:00-04:00,23.53113794968011,23.689124227056077,23.53113794968011,23.67156982421875,500000,0.0,0.0,0.0
2017-05-08 00:00:00-04:00,23.697905110709236,23.794452667236328,23.56625041713246,23.794452667236328,536300,0.0,0.0,0.0
2017-05-09 00:00:00-04:00,23.72423681051841,23.72423681051841,23.513588965167425,23.539918899536133,462800,0.0,0.0,0.0
2017-05-10 00:00:00-04:00,23.618914826379296,23.72423959847216,23.496037320671338,23.689130783081055,691700,0.0,0.0,0.0
2017-05-11 00:00:00-04:00,23.66279799348634,23.70668401054036,23.55747490071744,23.618913650512695,133300,0.0,0.0,0.0
2017-05-12 00:00:00-04:00,23.697905417815935,23.75934416400928,23.67157380912724,23.7154598236084,107700,0.0,0.0,0.0
2017-05-15 00:00:00-04:00,23.733016996520295,23.891001644831643,23.733016996520295,23.86467170715332,423800,0.0,0.0,0.0
2017-05-16 00:00:00-04:00,23.864671678246996,23.891001615893426,23.715462559955505,23.733016967773438,123300,0.0,0.0,0.0
2017-05-17 00:00:00-04:00,23.680347025637413,23.803226171418718,23.610131088368096,23.67156982421875,102900,0.0,0.0,0.0
2017-05-18 00:00:00-04:00,23.689131293201253,23.82956320962882,23.522367764663336,23.78567886352539,183500,0.0,0.0,0.0
2017-05-19 00:00:00-04:00,23.820785401787735,24.11042643133789,23.71546230417702,24.075319290161133,307100,0.0,0.0,0.0
2017-05-22 00:00:00-04:00,24.075315284562844,24.303517523525546,24.066538082208876,24.24207878112793,150300,0.0,0.0,0.0
2017-05-23 00:00:00-04:00,24.29473984442694,24.408840124629172,24.268408237881744,24.277185440063477,165900,0.0,0.0,0.0
2017-05-24 00:00:00-04:00,24.29474227440006,24.391289833975712,24.29474227440006,24.373735427856445,111700,0.0,0.0,0.0
2017-05-25 00:00:00-04:00,24.373735469278717,24.540497305454213,24.32984945390597,24.505390167236328,126600,0.0,0.0,0.0
2017-05-26 00:00:00-04:00,24.505390413603312,24.505390413603312,24.443951665544102,24.47028160095215,63600,0.0,0.0,0.0
2017-05-30 00:00:00-04:00,24.44395183393881,24.58438373735025,24.400065817822522,24.51416778564453,167900,0.0,0.0,0.0
2017-05-31 00:00:00-04:00,24.531720808267227,24.637043892844407,24.443950455066076,24.610713958740234,203000,0.0,0.0,0.0
2017-06-01 00:00:00-04:00,24.62826825991639,24.874024929728026,24.55805230769597,24.86524772644043,512400,0.0,0.0,0.0
2017-06-02 00:00:00-04:00,25.00567896585998,25.014456168914144,24.830139927017537,24.891578674316406,305700,0.0,0.0,0.0
2017-06-05 00:00:00-04:00,24.900355771384874,24.970571721439043,24.786253806246656,24.803808212280273,153600,0.0,0.0,0.0
2017-06-06 00:00:00-04:00,24.768695471213857,24.812581479336366,24.716033935546875,24.716033935546875,70700,0.0,0.0,0.0
2017-06-07 00:00:00-04:00,24.742367206963987,24.79502874617803,24.698481195885496,24.751144409179688,554700,0.0,0.0,0.0
2017-06-08 00:00:00-04:00,24.75114585422997,24.75114585422997,24.48783479462653,24.610713958740234,202300,0.0,0.0,0.0
2017-06-09 00:00:00-04:00,24.584381935172356,24.663375084310676,24.514165988613872,24.60193634033203,130100,0.0,0.0,0.0
2017-06-12 00:00:00-04:00,24.619490254889804,24.803808169766267,24.584383116963043,24.67215347290039,134900,0.0,0.0,0.0
2017-06-13 00:00:00-04:00,24.67215351518874,24.8301398213307,24.65459910915512,24.803808212280273,111800,0.0,0.0,0.0
2017-06-14 00:00:00-04:00,24.926685042609734,25.014455396360383,24.75114600918869,24.83013916015625,138800,0.0,0.0,0.0
2017-06-15 00:00:00-04:00,24.75114564234956,24.961793483780934,24.75114564234956,24.95301628112793,69800,0.0,0.0,0.0
2017-06-16 00:00:00-04:00,24.970572944522,25.093450444615385,24.87402538068841,25.005680084228516,220600,0.0,0.0,0.0
2017-06-19 00:00:00-04:00,25.023233371968313,25.023233371968313,24.821362723963368,24.891578674316406,130600,0.0,0.0,0.0
2017-06-20 00:00:00-04:00,24.882801365351256,24.882801365351256,24.724815059209295,24.803808212280273,117000,0.0,0.0,0.0
2017-06-21 00:00:00-04:00,24.83013918867541,24.83013918867541,24.54927372153469,24.619489669799805,100900,0.0,0.0,0.0
2017-06-22 00:00:00-04:00,24.548771834919613,24.725571481740342,24.52225112915039,24.52225112915039,114600,0.2,0.0,0.0
2017-06-23 00:00:00-04:00,24.53993318306637,24.628333855231894,24.486893454208086,24.513412475585938,149600,0.0,0.0,0.0
2017-06-26 00:00:00-04:00,24.56645408024723,24.725573268050784,24.557613844352154,24.628334045410156,112400,0.0,0.0,0.0
2017-06-27 00:00:00-04:00,24.557612093974416,24.64601107441921,24.407331466674805,24.407331466674805,141300,0.0,0.0,0.0
2017-06-28 00:00:00-04:00,24.495727060571713,24.522247762700133,24.301246969936685,24.310087203979492,95100,0.0,0.0,0.0
2017-06-29 00:00:00-04:00,24.186328024804954,24.212847041626297,23.956486991106978,24.053726196289062,165900,0.0,0.0,0.0
2017-06-30 00:00:00-04:00,24.124448896557507,24.239368574289173,24.018367767333984,24.018367767333984,127500,0.0,0.0,0.0
2017-07-03 00:00:00-04:00,24.071410660304036,24.14213086040299,23.974171438982076,24.000690460205078,1286700,0.0,0.0,0.0
2017-07-05 00:00:00-04:00,23.991849097909927,24.00068933327003,23.815049449015323,23.912288665771484,1143800,0.0,0.0,0.0
2017-07-06 00:00:00-04:00,23.797369505104218,23.841568996780705,23.74432977787193,23.753170013427734,262200,0.0,0.0,0.0
2017-07-07 00:00:00-04:00,23.717812556647164,23.894613921539943,23.717812556647164,23.744333267211914,167300,0.0,0.0,0.0
2017-07-10 00:00:00-04:00,23.779692676654943,23.82389386120486,23.63825225830078,23.63825225830078,443900,0.0,0.0,0.0
2017-07-11 00:00:00-04:00,23.682449946936686,23.71780920325423,23.567528570173952,23.6470890045166,1387100,0.0,0.0,0.0
2017-07-12 00:00:00-04:00,23.806213239093555,23.876933447830112,23.717812556647164,23.744333267211914,1408800,0.0,0.0,0.0
2017-07-13 00:00:00-04:00,23.726642770482098,23.779682483102864,23.638242125379442,23.673603057861328,125800,0.0,0.0,0.0
2017-07-14 00:00:00-04:00,23.815047891642354,23.894608318577983,23.770846717732347,23.80620765686035,89000,0.0,0.0,0.0
2017-07-17 00:00:00-04:00,23.823886702699188,23.885766656372844,23.779685531430662,23.87692642211914,134900,0.0,0.0,0.0
2017-07-18 00:00:00-04:00,23.921133226248692,23.921133226248692,23.823893991910964,23.868093490600586,76600,0.0,0.0,0.0
2017-07-19 00:00:00-04:00,23.929973453848532,24.036054611206055,23.885773955176195,24.036054611206055,301600,0.0,0.0,0.0
2017-07-20 00:00:00-04:00,24.089091144893334,24.212851073607855,24.036051416316052,24.168651580810547,224800,0.0,0.0,0.0
2017-07-21 00:00:00-04:00,24.168650947473484,24.32777181513816,24.133290005280212,24.318931579589844,276200,0.0,0.0,0.0
2017-07-24 00:00:00-04:00,24.336609453517596,24.380808940439753,24.13328742980957,24.13328742980957,117000,0.0,0.0,0.0
2017-07-25 00:00:00-04:00,24.124448881307014,24.195169072043875,24.115608646702114,24.13328742980957,108700,0.0,0.0,0.0
2017-07-26 00:00:00-04:00,24.177487065541868,24.318927438022296,24.177487065541868,24.310087203979492,150100,0.0,0.0,0.0
2017-07-27 00:00:00-04:00,24.336612994533503,24.46921316069586,24.318932522751165,24.460372924804688,145100,0.0,0.0,0.0
2017-07-28 00:00:00-04:00,24.42501103396461,24.42501103396461,24.274730401848252,24.318931579589844,54100,0.0,0.0,0.0
2017-07-31 00:00:00-04:00,24.310094789638352,24.469215679856067,24.25705505493337,24.42501449584961,106900,0.0,0.0,0.0
2017-08-01 00:00:00-04:00,24.504570207035535,24.64601059632646,24.504570207035535,24.619491577148438,235700,0.0,0.0,0.0
2017-08-02 00:00:00-04:00,24.539931147409487,24.64601059632646,24.45153048257705,24.619491577148438,518900,0.0,0.0,0.0
2017-08-03 00:00:00-04:00,24.628332417398255,24.628332417398255,24.460371318699803,24.584131240844727,105600,0.0,0.0,0.0
2017-08-04 00:00:00-04:00,24.504571309012423,24.575291506838187,24.398491855325027,24.539932250976562,219000,0.0,0.0,0.0
2017-08-07 00:00:00-04:00,24.584132865934784,24.64601283109771,24.539933372562007,24.628334045410156,104800,0.0,0.0,0.0
2017-08-08 00:00:00-04:00,24.62833055698306,24.681370278738214,24.61949032234014,24.637170791625977,120100,0.0,0.0,0.0
2017-08-09 00:00:00-04:00,24.68137024384352,24.84933132961679,24.451529201759666,24.469209671020508,383600,0.0,0.0,0.0
2017-08-10 00:00:00-04:00,24.469209671020508,24.53992986196151,24.363128541557824,24.469209671020508,184900,0.0,0.0,0.0
2017-08-11 00:00:00-04:00,24.442689088074474,24.442689088074474,24.3012487054926,24.363128662109375,88100,0.0,0.0,0.0
2017-08-14 00:00:00-04:00,24.398491855325027,24.575291506838187,24.398491855325027,24.539932250976562,157200,0.0,0.0,0.0
2017-08-15 00:00:00-04:00,24.4515312578021,24.5752911808298,24.4515312578021,24.531091690063477,181100,0.0,0.0,0.0
2017-08-16 00:00:00-04:00,24.513414988446538,24.654855403969346,24.50457475171352,24.646015167236328,300900,0.0,0.0,0.0
2017-08-17 00:00:00-04:00,24.628331807688788,24.63717204278064,24.318930323883677,24.336610794067383,135600,0.0,0.0,0.0
2017-08-18 00:00:00-04:00,24.371971324088076,24.592972154645423,24.31893159686302,24.486892700195312,80800,0.0,0.0,0.0
2017-08-21 00:00:00-04:00,24.513411219315948,24.5752911808298,24.460371493175863,24.531091690063477,161500,0.0,0.0,0.0
2017-08-22 00:00:00-04:00,24.531089492141287,24.699050576988927,24.531089492141287,24.690210342407227,111400,0.0,0.0,0.0
2017-08-23 00:00:00-04:00,24.646010726142386,24.822812056738513,24.637172177104784,24.79629135131836,192600,0.0,0.0,0.0
2017-08-24 00:00:00-04:00,24.822809387613756,24.999610699198946,24.716728263442185,24.7697696685791,96900,0.0,0.0,0.0
2017-08-25 00:00:00-04:00,24.84933439160352,24.94657361231545,24.80513321300486,24.84049415588379,99500,0.0,0.0,0.0
2017-08-28 00:00:00-04:00,24.88469635003497,24.937736084009163,24.796295669342822,24.92005729675293,214400,0.0,0.0,0.0
2017-08-29 00:00:00-04:00,24.90237253428704,24.973092729439585,24.813971868820744,24.849332809448242,74900,0.0,0.0,0.0
2017-08-30 00:00:00-04:00,24.849335504766714,24.849335504766714,24.743254357480428,24.760934829711914,119900,0.0,0.0,0.0
2017-08-31 00:00:00-04:00,24.805131155698003,24.84933233063067,24.769771901854288,24.77861213684082,91400,0.0,0.0,0.0
2017-09-01 00:00:00-04:00,24.805134324187996,24.875854527011306,24.72557388524894,24.760934829711914,207900,0.0,0.0,0.0
2017-09-05 00:00:00-04:00,24.813975170637338,24.82281540697052,24.663694525178613,24.725574493408203,104600,0.0,0.0,0.0
2017-09-06 00:00:00-04:00,24.760933079944902,24.884693004614366,24.539932250976562,24.539932250976562,162500,0.0,0.0,0.0
2017-09-07 00:00:00-04:00,24.58413189158149,24.707893503104835,24.531092164415785,24.6018123626709,101900,0.0,0.0,0.0
2017-09-08 00:00:00-04:00,24.575293422332145,24.716733829008096,24.504573218994167,24.707895278930664,99000,0.0,0.0,0.0
2017-09-11 00:00:00-04:00,24.72557163117339,24.88469249454545,24.72557163117339,24.86701202392578,439700,0.0,0.0,0.0
2017-09-12 00:00:00-04:00,24.849328450598993,24.849328450598993,24.557607486003047,24.610647201538086,152500,0.0,0.0,0.0
2017-09-13 00:00:00-04:00,24.601809818272095,24.601809818272095,24.469209671020508,24.469209671020508,96200,0.0,0.0,0.0
2017-09-14 00:00:00-04:00,24.451526368830812,24.610647201538086,24.425005668012215,24.610647201538086,81600,0.0,0.0,0.0
2017-09-15 00:00:00-04:00,24.619493631475972,24.681373596191406,24.548773430929398,24.681373596191406,328400,0.0,0.0,0.0
2017-09-18 00:00:00-04:00,24.663693291993805,24.663693291993805,24.327772758642332,24.460372924804688,123800,0.0,0.0,0.0
2017-09-19 00:00:00-04:00,24.469213810504925,24.531093777283814,24.433852866001196,24.47805404663086,232000,0.0,0.0,0.0
2017-09-20 00:00:00-04:00,24.539931142872693,24.539931142872693,24.283569383516262,24.336610794067383,161300,0.0,0.0,0.0
2017-09-21 00:00:00-04:00,24.273457564010492,24.4335595546543,24.273457564010492,24.300140380859375,102400,0.169,0.0,0.0
2017-09-22 00:00:00-04:00,24.37129752473995,24.37129752473995,24.16672134399414,24.16672134399414,94200,0.0,0.0,0.0
2017-09-25 00:00:00-04:00,24.184514570851924,24.43356328084529,24.184514570851924,24.415775299072266,226000,0.0,0.0,0.0
2017-09-26 00:00:00-04:00,24.389086475003502,24.469138316656384,24.326824308499432,24.362401962280273,158500,0.0,0.0,0.0
2017-09-27 00:00:00-04:00,24.228982727586317,24.326824244129128,23.962144387127307,24.05998420715332,117500,0.0,0.0,0.0
2017-09-28 00:00:00-04:00,24.042198741909736,24.175617926086716,23.944357215138698,24.14893341064453,83800,0.0,0.0,0.0
2017-09-29 00:00:00-04:00,24.148933723189586,24.148933723189586,24.015514537285842,24.03330421447754,89300,0.0,0.0,0.0
2017-10-02 00:00:00-04:00,24.068878626618297,24.211192631926625,24.042195810945962,24.14003562927246,2306400,0.0,0.0,0.0
2017-10-03 00:00:00-04:00,24.175619288100755,24.193408966064453,23.997725901497915,24.193408966064453,891100,0.0,0.0,0.0
2017-10-04 00:00:00-04:00,24.211195762863714,24.326826967452874,24.13114391246106,24.31793212890625,360900,0.0,0.0,0.0
2017-10-05 00:00:00-04:00,24.326825766614785,24.389087936850757,24.237879082056153,24.29124641418457,138200,0.0,0.0,0.0
2017-10-06 00:00:00-04:00,24.16672162759697,24.220088958740234,24.13114227582355,24.220088958740234,136600,0.0,0.0,0.0
2017-10-09 00:00:00-04:00,24.24677276611328,24.30903493338582,24.20229857769231,24.24677276611328,584200,0.0,0.0,0.0
2017-10-10 00:00:00-04:00,24.291244420958424,24.42466358859017,24.264561605342134,24.406875610351562,371100,0.0,0.0,0.0
2017-10-11 00:00:00-04:00,24.34461492615268,24.558085946652664,24.34461492615268,24.486928939819336,546100,0.0,0.0,0.0
2017-10-12 00:00:00-04:00,24.451352526253455,24.54029921961229,24.451352526253455,24.495826721191406,386400,0.0,0.0,0.0
2017-10-13 00:00:00-04:00,24.56698071199164,24.56698071199164,24.326825178444842,24.35350799560547,97900,0.0,0.0,0.0
2017-10-16 00:00:00-04:00,24.362402428970665,24.362402428970665,24.15782625039075,24.264562606811523,433200,0.0,0.0,0.0
2017-10-17 00:00:00-04:00,24.246773050644773,24.371297386651122,24.21119369949048,24.300140380859375,365400,0.0,0.0,0.0
2017-10-18 00:00:00-04:00,24.264567844752158,24.282355827564782,24.16672630495534,24.211198806762695,196500,0.0,0.0,0.0
2017-10-19 00:00:00-04:00,24.264565989282364,24.3535109860956,24.228986633343414,24.34461784362793,108000,0.0,0.0,0.0
2017-10-20 00:00:00-04:00,24.309037732491948,24.406879261767397,24.309037732491948,24.389089584350586,104200,0.0,0.0,0.0
2017-10-23 00:00:00-04:00,24.4335610437943,24.4335610437943,24.326826376859994,24.38019371032715,306100,0.0,0.0,0.0
2017-10-24 00:00:00-04:00,24.37130110334695,24.43356328084529,24.335723443283797,24.415775299072266,119600,0.0,0.0,0.0
2017-10-25 00:00:00-04:00,24.317931093050554,24.32682593121829,24.068880713904605,24.309036254882812,531600,0.0,0.0,0.0
2017-10-26 00:00:00-04:00,24.362404788906773,24.504718813575582,24.335721969604492,24.335721969604492,326300,0.0,0.0,0.0
2017-10-27 00:00:00-04:00,24.335721215190677,24.415773063649876,24.228984851739426,24.38019371032715,269800,0.0,0.0,0.0
2017-10-30 00:00:00-04:00,24.33572015548698,24.371297810743535,24.14893195171026,24.220088958740234,151800,0.0,0.0,0.0
2017-10-31 00:00:00-04:00,24.28235218520658,24.406878225319197,24.202300336747378,24.38019371032715,110500,0.0,0.0,0.0
2017-11-01 00:00:00-04:00,24.478033593763097,24.478033593763097,24.10445889151392,24.113353729248047,226600,0.0,0.0,0.0
2017-11-02 00:00:00-04:00,24.157830917532717,24.211198257794923,24.042201397545075,24.104463577270508,694300,0.0,0.0,0.0
2017-11-03 00:00:00-04:00,24.095561401852507,24.25566507041232,24.095561401852507,24.15782356262207,117200,0.0,0.0,0.0
2017-11-06 00:00:00-05:00,24.131143733683075,24.20230074501193,24.042198741909736,24.14893341064453,87200,0.0,0.0,0.0
2017-11-07 00:00:00-05:00,24.157827117947058,24.31793081006945,24.140037441818595,24.25566864013672,123800,0.0,0.0,0.0
2017-11-08 00:00:00-05:00,24.220091623459027,24.309038316161715,23.997725739960835,24.17561912536621,8318200,0.0,0.0,0.0
2017-11-09 00:00:00-05:00,23.95325177489671,24.175617644776526,23.95325177489671,24.095565795898438,3315900,0.0,0.0,0.0
2017-11-10 00:00:00-05:00,23.97103922467818,24.09556355735681,23.94435471202556,24.05998420715332,28270200,0.0,0.0,0.0
2017-11-13 00:00:00-05:00,24.03330175124308,24.26456244148167,23.9977224005063,24.24677276611328,1000200,0.0,0.0,0.0
2017-11-14 00:00:00-05:00,24.13114348886167,24.415773227806362,24.13114348886167,24.39798355102539,706300,0.0,0.0,0.0
2017-11-15 00:00:00-05:00,24.389091816289167,24.415776334856385,24.228988097920194,24.273462295532227,789100,0.0,0.0,0.0
2017-11-16 00:00:00-05:00,24.2734596326901,24.371299463669025,24.255669955596847,24.31793212890625,1121600,0.0,0.0,0.0
2017-11-17 00:00:00-05:00,24.291247004512744,24.344616034455044,24.228984832763672,24.228984832763672,429000,0.0,0.0,0.0
2017-11-20 00:00:00-05:00,24.237880098934845,24.2556697758963,24.104460914757862,24.14893341064453,313600,0.0,0.0,0.0
2017-11-21 00:00:00-05:00,24.19340880321016,24.220091623459027,24.140039769678314,24.17561912536621,216900,0.0,0.0,0.0
2017-11-22 00:00:00-05:00,24.175617499338312,24.237879671087388,24.104460489265524,24.228984832763672,298200,0.0,0.0,0.0
2017-11-24 00:00:00-05:00,24.264564186058536,24.30014184283646,24.193407175985747,24.228984832763672,175100,0.0,0.0,0.0
2017-11-27 00:00:00-05:00,24.237879082056153,24.335720604722336,24.211194567733493,24.29124641418457,89200,0.0,0.0,0.0
2017-11-28 00:00:00-05:00,24.309032485378637,24.478030991325927,24.309032485378637,24.460241317749023,119400,0.0,0.0,0.0
2017-11-29 00:00:00-05:00,24.406873583317118,24.620344573102116,24.406873583317118,24.540292739868164,192200,0.0,0.0,0.0
2017-11-30 00:00:00-05:00,24.57587541122648,24.655927260816547,24.50471840009275,24.56698226928711,209500,0.0,0.0,0.0
2017-12-01 00:00:00-05:00,24.593666557020764,24.70040292835478,24.3801955108698,24.495826721191406,388400,0.0,0.0,0.0
2017-12-04 00:00:00-05:00,24.566980453290785,24.647030600446563,24.433559582825193,24.45134925842285,233300,0.0,0.0,0.0
2017-12-05 00:00:00-05:00,24.433561772188774,24.433561772188774,24.015514537285842,24.03330421447754,163300,0.0,0.0,0.0
2017-12-06 00:00:00-05:00,24.0421984438932,24.122250292710493,23.90877756485307,23.94435691833496,236400,0.0,0.0,0.0
2017-12-07 00:00:00-05:00,23.935459919509203,24.04219627380371,23.873197753052743,24.04219627380371,90600,0.0,0.0,0.0
2017-12-08 00:00:00-05:00,24.07777424314723,24.24677276611328,24.03330175124308,24.24677276611328,66600,0.0,0.0,0.0
2017-12-11 00:00:00-05:00,24.282354682696358,24.478037753063894,24.2378821829858,24.46914291381836,140500,0.0,0.0,0.0
2017-12-12 00:00:00-05:00,24.424663639889122,24.442453314681853,24.14003562927246,24.14003562927246,374400,0.0,0.0,0.0
2017-12-13 00:00:00-05:00,24.228983512350098,24.255668025867013,24.140036830477225,24.16672134399414,97200,0.0,0.0,0.0
2017-12-14 00:00:00-05:00,24.140038555641357,24.17561790953992,23.997724533081055,23.997724533081055,113700,0.0,0.0,0.0
2017-12-15 00:00:00-05:00,24.086671237796406,24.2556697758963,24.086671237796406,24.14893341064453,55700,0.0,0.0,0.0
2017-12-18 00:00:00-05:00,24.19340732153098,24.309036827401027,24.068881280766757,24.095565795898438,106500,0.0,0.0,0.0
2017-12-19 00:00:00-05:00,24.11335321292686,24.11335321292686,23.73088368113309,23.739778518676758,99800,0.0,0.0,0.0
2017-12-20 00:00:00-05:00,23.77535822754807,23.82872725742346,23.606361389160156,23.606361389160156,61700,0.0,0.0,0.0
2017-12-21 00:00:00-05:00,23.4642373139216,23.4642373139216,23.301290945681206,23.328449249267578,101200,0.463,0.0,0.0
2017-12-22 00:00:00-05:00,23.346551811648304,23.518549199206856,23.346551811648304,23.48233985900879,76400,0.0,0.0,0.0
2017-12-26 00:00:00-05:00,23.50044778314145,23.590973739455105,23.40087078517153,23.409923553466797,38400,0.0,0.0,0.0
2017-12-27 00:00:00-05:00,23.464235360425963,23.52760300354629,23.400867717305633,23.428024291992188,49900,0.0,0.0,0.0
2017-12-28 00:00:00-05:00,23.45518532279049,23.581920623779297,23.418975976781823,23.581920623779297,47600,0.0,0.0,0.0
2017-12-29 00:00:00-05:00,23.627182298613995,23.63623506594601,23.527603584600627,23.55476188659668,83400,0.0,0.0,0.0
2018-01-02 00:00:00-05:00,23.581915674602122,23.581915674602122,23.37370723049216,23.500442504882812,234500,0.0,0.0,0.0
2018-01-03 00:00:00-05:00,23.67243964068117,23.790123865655357,23.50044054929346,23.536651611328125,312700,0.0,0.0,0.0
2018-01-04 00:00:00-05:00,23.518549541151152,23.572866142196034,23.328446617410243,23.373708724975586,249400,0.0,0.0,0.0
2018-01-05 00:00:00-05:00,23.437078713858366,23.437078713858366,23.274132347679227,23.400869369506836,268400,0.0,0.0,0.0
2018-01-08 00:00:00-05:00,23.40992272084176,23.590972900390625,23.400869952868476,23.590972900390625,48800,0.0,0.0,0.0
2018-01-09 00:00:00-05:00,23.590972114127187,23.590972114127187,23.32844875820734,23.337501525878906,100700,0.0,0.0,0.0
2018-01-10 00:00:00-05:00,23.256028854053678,23.256028854053678,23.05687141418457,23.05687141418457,181000,0.0,0.0,0.0
2018-01-11 00:00:00-05:00,23.084029660130813,23.2107649567208,23.038767547531222,23.093082427978516,291200,0.0,0.0,0.0
2018-01-12 00:00:00-05:00,23.020660400390625,23.16550122253717,22.98444933153459,23.020660400390625,219700,0.0,0.0,0.0
2018-01-16 00:00:00-05:00,23.093080463441577,23.120238764674315,22.839608165185663,22.85771369934082,160800,0.0,0.0,0.0
2018-01-17 00:00:00-05:00,22.912030387054283,23.05687121847205,22.875821042519295,22.99350357055664,148400,0.0,0.0,0.0
2018-01-18 00:00:00-05:00,23.029715673365775,23.029715673365775,22.803401648307727,22.875822067260742,72600,0.0,0.0,0.0
2018-01-19 00:00:00-05:00,22.89392257402936,22.975394016643705,22.812449404776412,22.930131912231445,124000,0.0,0.0,0.0
2018-01-22 00:00:00-05:00,22.95729637145996,23.102137216413603,22.939190834180987,22.95729637145996,118600,0.0,0.0,0.0
2018-01-23 00:00:00-05:00,23.020661873937062,23.14739716976788,22.99350357055664,22.99350357055664,153900,0.0,0.0,0.0
2018-01-24 00:00:00-05:00,23.029715626417254,23.047819436139363,22.975399017333984,22.975399017333984,69900,0.0,0.0,0.0
2018-01-25 00:00:00-05:00,23.038764837752357,23.27412986755371,23.038764837752357,23.27412986755371,186100,0.0,0.0,0.0
2018-01-26 00:00:00-05:00,23.310343222864212,23.346554293550472,23.084029210991744,23.337501525878906,119000,0.0,0.0,0.0
2018-01-29 00:00:00-05:00,23.256028854053678,23.274132663155388,23.05687141418457,23.05687141418457,78000,0.0,0.0,0.0
2018-01-30 00:00:00-05:00,23.002552315274222,23.102131016947517,22.921079146021274,22.930131912231445,98500,0.0,0.0,0.0
2018-01-31 00:00:00-05:00,23.020666305949298,23.111192274673478,22.866772677109967,23.084033966064453,123600,0.0,0.0,0.0
2018-02-01 00:00:00-05:00,23.074975920327628,23.21981674651209,22.812452570357856,22.839609146118164,90100,0.0,0.0,0.0
2018-02-02 00:00:00-05:00,22.767188429336898,22.81245226606505,22.568032727649488,22.577085494995117,309000,0.0,0.0,0.0
2018-02-05 00:00:00-05:00,22.54992889767078,22.694769732872796,22.00677490234375,22.00677490234375,139000,0.0,0.0,0.0
2018-02-06 00:00:00-05:00,21.789510673548353,21.92529872217456,21.373093760876156,21.825721740722656,151000,0.0,0.0,0.0
2018-02-07 00:00:00-05:00,21.88908938163897,22.187823779272115,21.825721740722656,21.825721740722656,63200,0.0,0.0,0.0
2018-02-08 00:00:00-05:00,21.771406509261894,21.843826921526627,21.327831268310547,21.327831268310547,130900,0.0,0.0,0.0
2018-02-09 00:00:00-05:00,21.445516873851656,21.861933839053176,21.23730666461196,21.708040237426758,112000,0.0,0.0,0.0
2018-02-12 00:00:00-05:00,21.825725315399183,21.96151338626513,21.58130575185708,21.861934661865234,122000,0.0,0.0,0.0
2018-02-13 00:00:00-05:00,21.86193718345936,22.033936347269044,21.653728669007176,21.952463150024414,95800,0.0,0.0,0.0
2018-02-14 00:00:00-05:00,21.825723844674403,22.03393232108134,21.735197894650856,21.88909149169922,66500,0.0,0.0,0.0
2018-02-15 00:00:00-05:00,22.088245849088604,22.450347900390625,22.033930973052993,22.450347900390625,59900,0.0,0.0,0.0
2018-02-16 00:00:00-05:00,22.45034847879511,22.65855867446697,22.35982425861645,22.577085494995117,138100,0.0,0.0,0.0
2018-02-20 00:00:00-05:00,22.522766423778684,22.56803025554864,22.278348638775455,22.35076904296875,53900,0.0,0.0,0.0
2018-02-21 00:00:00-05:00,22.423194099452257,22.423194099452257,21.997722625732422,21.997722625732422,89100,0.0,0.0,0.0
2018-02-22 00:00:00-05:00,22.079192337459457,22.31455909452883,22.079192337459457,22.16066551208496,42000,0.0,0.0,0.0
2018-02-23 00:00:00-05:00,22.27835075662135,22.75813533252219,22.27835075662135,22.749082565307617,44700,0.0,0.0,0.0
2018-02-26 00:00:00-05:00,22.83055888662288,22.83055888662288,22.60424485501887,22.69477081298828,86000,0.0,0.0,0.0
2018-02-27 00:00:00-05:00,22.730976596643213,22.82150080690586,22.35076904296875,22.35076904296875,50100,0.0,0.0,0.0
2018-02-28 00:00:00-05:00,22.396033406543584,22.486559352573607,22.24213981628418,22.24213981628418,48000,0.0,0.0,0.0
2018-03-01 00:00:00-05:00,22.28740692138672,22.586141378452336,22.18782819348516,22.28740692138672,49700,0.0,0.0,0.0
2018-03-02 00:00:00-05:00,22.224032092064107,22.36887290078577,22.151611687703273,22.314558029174805,51900,0.0,0.0,0.0
2018-03-05 00:00:00-05:00,22.31456100657062,22.812452863793055,22.23308782496402,22.767189025878906,45700,0.0,0.0,0.0
2018-03-06 00:00:00-05:00,22.785292684061755,22.785292684061755,22.55897869305067,22.66761016845703,31900,0.0,0.0,0.0
2018-03-07 00:00:00-05:00,22.604245458084886,22.64950930159672,22.486562918232284,22.549930572509766,40800,0.0,0.0,0.0
2018-03-08 00:00:00-05:00,22.604240800597395,22.685713975492487,22.57708422672485,22.66761016845703,147500,0.0,0.0,0.0
2018-03-09 00:00:00-05:00,22.64950463478285,22.676661208655396,22.56803145988776,22.66761016845703,205500,0.0,0.0,0.0
2018-03-12 00:00:00-04:00,22.703821379437965,22.785294561044566,22.685715844272305,22.767189025878906,56200,0.0,0.0,0.0
2018-03-13 00:00:00-04:00,22.84866191358455,22.884872983450087,22.65855897670701,22.839609146118164,36000,0.0,0.0,0.0
2018-03-14 00:00:00-04:00,22.9120263798111,23.065919952106825,22.848658742978497,22.930131912231445,176500,0.0,0.0,0.0
2018-03-15 00:00:00-04:00,22.975400432555773,23.1292940478265,22.893928967190412,22.984453201293945,29400,0.0,0.0,0.0
2018-03-16 00:00:00-04:00,23.002555694842673,23.210764168351115,23.002555694842673,23.1745548248291,23200,0.0,0.0,0.0
2018-03-19 00:00:00-04:00,23.15645266030065,23.15645266030065,22.812456076896012,22.912033081054688,27800,0.0,0.0,0.0
2018-03-20 00:00:00-04:00,22.948237572768054,22.948237572768054,22.72192359616608,22.758132934570312,39200,0.0,0.0,0.0
2018-03-21 00:00:00-04:00,22.749080452308508,22.948237859253236,22.640450709101053,22.685712814331055,56400,0.0,0.0,0.0
2018-03-22 00:00:00-04:00,22.666606932277034,23.021483003057398,22.657507323337416,22.721202850341797,38800,0.129,0.0,0.0
2018-03-23 00:00:00-04:00,22.739404008706927,22.839497980011377,22.348129468778353,22.402727127075195,56000,0.0,0.0,0.0
2018-03-26 00:00:00-04:00,22.511917870798047,22.657508147984977,22.430023122933775,22.63930892944336,89700,0.0,0.0,0.0
2018-03-27 00:00:00-04:00,22.712103470386957,23.066981280318164,22.602911633156555,22.83039665222168,42700,0.0,0.0,0.0
2018-03-28 00:00:00-04:00,22.92139141507294,23.012385771433717,22.830397058712162,22.948688507080078,67700,0.0,0.0,0.0
2018-03-29 00:00:00-04:00,23.003287088708376,23.130678151400403,22.94868943134917,23.076082229614258,60600,0.0,0.0,0.0
2018-04-02 00:00:00-04:00,23.04878556018046,23.13977992873057,22.721206527629352,22.821300506591797,661100,0.0,0.0,0.0
2018-04-03 00:00:00-04:00,22.903187230237126,23.09427377514284,22.766696593079814,23.0214786529541,664300,0.0,0.0,0.0
2018-04-04 00:00:00-04:00,22.921392338242626,23.094279713160933,22.83039797821701,23.076082229614258,533800,0.0,0.0,0.0
2018-04-05 00:00:00-04:00,23.0487848659826,23.32176622783788,22.93049340533149,23.276269912719727,107900,0.0,0.0,0.0
2018-04-06 00:00:00-04:00,23.2398710234742,23.303566552882284,22.96688795170284,23.05788230895996,142900,0.0,0.0,0.0
2018-04-09 00:00:00-04:00,23.1033793227208,23.294467652331903,23.05788301049452,23.076082229614258,200400,0.0,0.0,0.0
2018-04-10 00:00:00-04:00,23.157975036411383,23.449155575595878,23.003285158023004,23.339962005615234,144500,0.0,0.0,0.0
2018-04-11 00:00:00-04:00,23.32176466824418,23.358163106363175,23.20347321550356,23.285367965698242,155300,0.0,0.0,0.0
2018-04-12 00:00:00-04:00,23.28536312581553,23.349058643711547,22.985083016039532,23.048778533935547,109200,0.0,0.0,0.0
2018-04-13 00:00:00-04:00,23.08517925882155,23.203470698731653,23.066980041736038,23.112476348876953,76500,0.0,0.0,0.0
2018-04-16 00:00:00-04:00,23.194373505002094,23.449157364006737,23.194373505002094,23.4400577545166,52400,0.0,0.0,0.0
2018-04-17 00:00:00-04:00,23.476452488580925,23.713037108769463,23.44005578924502,23.649341583251953,114200,0.0,0.0,0.0
2018-04-18 00:00:00-04:00,23.658440455755475,23.794931111270262,23.57654571533203,23.57654571533203,142400,0.0,0.0,0.0
2018-04-19 00:00:00-04:00,23.56744919398823,23.612947242168183,23.44005813023052,23.503753662109375,25700,0.0,0.0,0.0
2018-04-20 00:00:00-04:00,23.531048785127155,23.540148393330053,23.349060092214785,23.403656005859375,29800,0.0,0.0,0.0
2018-04-23 00:00:00-04:00,23.403660171061414,23.44005861035092,23.339964637877888,23.41275978088379,304000,0.0,0.0,0.0
2018-04-24 00:00:00-04:00,23.521950650952725,23.694839746496474,23.44915551634055,23.54924774169922,32600,0.0,0.0,0.0
2018-04-25 00:00:00-04:00,23.49465237538977,23.631143039040566,23.40365802109826,23.612945556640625,45400,0.0,0.0,0.0
2018-04-26 00:00:00-04:00,23.57654702863565,23.776733218836956,23.540150328404938,23.767635345458984,28800,0.0,0.0,0.0
2018-04-27 00:00:00-04:00,23.849533147703447,24.131615875150686,23.813136440158402,24.058820724487305,27100,0.0,0.0,0.0
2018-04-30 00:00:00-04:00,23.931418969446707,23.931418969446707,23.59474217423583,23.60384178161621,60400,0.0,0.0,0.0
2018-05-01 00:00:00-04:00,23.649342857581527,23.649342857581527,23.367261914130133,23.421857833862305,164100,0.0,0.0,0.0
2018-05-02 00:00:00-04:00,23.521947221582597,23.521947221582597,23.294462242138998,23.349058151245117,180400,0.0,0.0,0.0
2018-05-03 00:00:00-04:00,23.349061464950815,23.421856599280968,23.103377235746713,23.385459899902344,171000,0.0,0.0,0.0
2018-05-04 00:00:00-04:00,23.421857417114442,23.685740873008466,23.421857417114442,23.62204360961914,75900,0.0,0.0,0.0
2018-05-07 00:00:00-04:00,23.64024347625916,23.676641913480157,23.49465319852119,23.531051635742188,30100,0.0,0.0,0.0
2018-05-08 00:00:00-04:00,23.485551621265635,23.485551621265635,23.048780824650525,23.112476348876953,46600,0.0,0.0,0.0
2018-05-09 00:00:00-04:00,23.121577458088154,23.130677067221505,22.921391263873353,22.994186401367188,77100,0.0,0.0,0.0
2018-05-10 00:00:00-04:00,23.139772386694446,23.349058151245117,23.13067277924798,23.349058151245117,81900,0.0,0.0,0.0
2018-05-11 00:00:00-04:00,23.412755614062274,23.44915404687387,23.38545852502638,23.403656005859375,68200,0.0,0.0,0.0
2018-05-14 00:00:00-04:00,23.503752525728796,23.503752525728796,23.248968674958817,23.312665939331055,83800,0.0,0.0,0.0
2018-05-15 00:00:00-04:00,23.23077249871219,23.23077249871219,23.06698299511752,23.13977813720703,215800,0.0,0.0,0.0
2018-05-16 00:00:00-04:00,23.112472989583182,23.15797102568403,22.966882745205698,23.0214786529541,54200,0.0,0.0,0.0
2018-05-17 00:00:00-04:00,23.076080918239178,23.08518052728193,22.85769550793201,22.884992599487305,170400,0.0,0.0,0.0
2018-05-18 00:00:00-04:00,22.9668880498218,23.003286487109353,22.784901070103086,22.9031925201416,37000,0.0,0.0,0.0
2018-05-21 00:00:00-04:00,22.948688706060675,23.048782672482712,22.875893567455467,23.003286361694336,238500,0.0,0.0,0.0
2018-05-22 00:00:00-04:00,23.039680514202253,23.185270775305202,23.039680514202253,23.094276428222656,42700,0.0,0.0,0.0
2018-05-23 00:00:00-04:00,23.139774004607524,23.20346952561364,23.048779659353304,23.185270309448242,67800,0.0,0.0,0.0
2018-05-24 00:00:00-04:00,23.230771370795434,23.330863601575583,23.157976232240326,23.32176399230957,29900,0.0,0.0,0.0
2018-05-25 00:00:00-04:00,23.312666794287487,23.33996388730368,23.267168746638745,23.285367965698242,45600,0.0,0.0,0.0
2018-05-29 00:00:00-04:00,23.276267654299303,23.39455910347298,23.14887659587027,23.267168045043945,34600,0.0,0.0,0.0
2018-05-30 00:00:00-04:00,23.267169018292854,23.56744919398823,23.23077231532197,23.503753662109375,76600,0.0,0.0,0.0
2018-05-31 00:00:00-04:00,23.5219533631792,23.540152582823954,23.36726346734502,23.41275978088379,170100,0.0,0.0,0.0
2018-06-01 00:00:00-04:00,23.40365483909712,23.40365483909712,23.139773156659786,23.212568283081055,158900,0.0,0.0,0.0
2018-06-04 00:00:00-04:00,23.267167990173505,23.358162346939515,23.130677322810993,23.157976150512695,32600,0.0,0.0,0.0
2018-06-05 00:00:00-04:00,23.167075008488833,23.176174618109354,22.985088022797612,23.03058433532715,142000,0.0,0.0,0.0
2018-06-06 00:00:00-04:00,23.03968013850371,23.03968013850371,22.73030040481166,22.766698837280273,125000,0.0,0.0,0.0
2018-06-07 00:00:00-04:00,22.78489812151401,23.048779815407826,22.78489812151401,22.875890731811523,40400,0.0,0.0,0.0
2018-06-08 00:00:00-04:00,22.84859519687957,22.91229072264887,22.75760084482076,22.866792678833008,99500,0.0,0.0,0.0
2018-06-11 00:00:00-04:00,22.8485956399235,22.8485956399235,22.703005368035505,22.721202850341797,47500,0.0,0.0,0.0
2018-06-12 00:00:00-04:00,22.775799944070187,22.985085737817577,22.775799944070187,22.966886520385742,40300,0.0,0.0,0.0
2018-06-13 00:00:00-04:00,23.003284185459794,23.048780491943976,22.83039509678879,22.839494705200195,25900,0.0,0.0,0.0
2018-06-14 00:00:00-04:00,22.921391517150273,23.176173633407497,22.921391517150273,23.157976150512695,31200,0.0,0.0,0.0
2018-06-15 00:00:00-04:00,23.11247780997467,23.276267302952807,23.003285971704567,23.258068084716797,101000,0.0,0.0,0.0
2018-06-18 00:00:00-04:00,23.248967974068226,23.32176310986894,23.17617283826751,23.294466018676758,46700,0.0,0.0,0.0
2018-06-19 00:00:00-04:00,23.239866928182884,23.485549393238436,23.239866928182884,23.46735191345215,127700,0.0,0.0,0.0
2018-06-20 00:00:00-04:00,23.531051436497133,23.531051436497133,23.38546115999192,23.47645378112793,46200,0.0,0.0,0.0
2018-06-21 00:00:00-04:00,23.48378850125683,23.602948247423143,23.401292619944513,23.456289291381836,26000,0.188,0.0,0.0
2018-06-22 00:00:00-04:00,23.529619167224293,23.712943739531777,23.48378889830377,23.648778915405273,27800,0.0,0.0,0.0
2018-06-25 00:00:00-04:00,23.63961291997392,23.877932402823856,23.63961291997392,23.84126853942871,102500,0.0,0.0,0.0
2018-06-26 00:00:00-04:00,23.667108799938386,23.923762819815277,23.667108799938386,23.850433349609375,45700,0.0,0.0,0.0
2018-06-27 00:00:00-04:00,23.841267401055678,23.96959353928026,23.83210099856642,23.923763275146484,202000,0.0,0.0,0.0
2018-06-28 00:00:00-04:00,23.969597176442093,24.070425870811224,23.905434097593655,23.978763580322266,130000,0.0,0.0,0.0
2018-06-29 00:00:00-04:00,23.997095108032227,24.107088452101504,23.877933612259046,23.997095108032227,270200,0.0,0.0,0.0
2018-07-02 00:00:00-04:00,24.015425652986586,24.107086181640625,23.896264168436307,24.107086181640625,926300,0.0,0.0,0.0
2018-07-03 00:00:00-04:00,24.107085675041397,24.336240488485945,24.08875461868332,24.207914352416992,117700,0.0,0.0,0.0
2018-07-05 00:00:00-04:00,24.253746461929595,24.39124075911211,24.14375312215872,24.3820743560791,438000,0.0,0.0,0.0
2018-07-06 00:00:00-04:00,24.400407697275945,24.65705999457843,24.400407697275945,24.63872718811035,54700,0.0,0.0,0.0
2018-07-09 00:00:00-04:00,24.629560939161266,24.629560939161266,24.11625288115234,24.17125129699707,369400,0.0,0.0,0.0
2018-07-10 00:00:00-04:00,24.10709162051803,24.4004113226503,24.070427750447067,24.336246490478516,62100,0.0,0.0,0.0
2018-07-11 00:00:00-04:00,24.253746211554027,24.290411823307554,24.125420067041865,24.198749542236328,123000,0.0,0.0,0.0
2018-07-12 00:00:00-04:00,24.24458135881023,24.31791083340547,24.17125188421499,24.308744430541992,60100,0.0,0.0,0.0
2018-07-13 00:00:00-04:00,24.299576767589226,24.317909572365508,24.162084228392096,24.272077560424805,75200,0.0,0.0,0.0
2018-07-16 00:00:00-04:00,24.253746841688415,24.253746841688415,24.13458709701876,24.217082977294922,75400,0.0,0.0,0.0
2018-07-17 00:00:00-04:00,24.253744475169885,24.290410084298436,24.14375114440918,24.14375114440918,348400,0.0,0.0,0.0
2018-07-18 00:00:00-04:00,24.162087504561775,24.162087504561775,23.95126371767364,24.01542854309082,67800,0.0,0.0,0.0
2018-07-19 00:00:00-04:00,24.042924545906853,24.2079163046224,24.042924545906853,24.088756561279297,65700,0.0,0.0,0.0
2018-07-20 00:00:00-04:00,24.061254864214625,24.061254864214625,23.777103391536148,23.896263122558594,106700,0.0,0.0,0.0
2018-07-23 00:00:00-04:00,23.92376588392464,23.92376588392464,23.69461104164244,23.767940521240234,55200,0.0,0.0,0.0
2018-07-24 00:00:00-04:00,23.832102786190617,23.841269189367438,23.502119265075628,23.804603576660156,109200,0.0,0.0,0.0
2018-07-25 00:00:00-04:00,23.813767284316864,23.905429557397028,23.74043781551522,23.777103424072266,68700,0.0,0.0,0.0
2018-07-26 00:00:00-04:00,23.877931538479785,24.125419163610584,23.868766884197193,24.05208969116211,45600,0.0,0.0,0.0
2018-07-27 00:00:00-04:00,24.088757393631745,24.217083544483465,23.951263091076125,23.997095108032227,48500,0.0,0.0,0.0
2018-07-30 00:00:00-04:00,23.98792933219774,24.10708908277562,23.969596524935692,24.01542854309082,61400,0.0,0.0,0.0
2018-07-31 00:00:00-04:00,24.125425148322574,24.20792104383065,24.02459644307649,24.180421829223633,158000,0.0,0.0,0.0
2018-08-01 00:00:00-04:00,24.143752482352713,24.143752482352713,23.868767391899976,23.951261520385742,260400,0.0,0.0,0.0
2018-08-02 00:00:00-04:00,23.987932571913436,24.180421829223633,23.94210229588138,24.180421829223633,203300,0.0,0.0,0.0
2018-08-03 00:00:00-04:00,24.20791588270985,24.49206737981611,24.189583076880393,24.372907638549805,41900,0.0,0.0,0.0
2018-08-06 00:00:00-04:00,24.418738378569667,24.822051373079674,24.418738378569667,24.80371856689453,244600,0.0,0.0,0.0
2018-08-07 00:00:00-04:00,24.822052498231564,24.822052498231564,24.647894328203595,24.776222229003906,76000,0.0,0.0,0.0
2018-08-08 00:00:00-04:00,24.748720484027317,24.812883553700345,24.67539101178492,24.75788688659668,79800,0.0,0.0,0.0
2018-08-09 00:00:00-04:00,24.840382668031165,25.087870291536113,24.77621959859933,25.051204681396484,79400,0.0,0.0,0.0
2018-08-10 00:00:00-04:00,25.042039736374303,25.09703640647218,24.95037745400276,24.977876663208008,80500,0.0,0.0,0.0
2018-08-13 00:00:00-04:00,25.005375378694954,25.042039241932088,24.932045903908094,25.023706436157227,37000,0.0,0.0,0.0
2018-08-14 00:00:00-04:00,25.02370574922854,25.25286057018599,24.941209873818856,25.17953109741211,45000,0.0,0.0,0.0
2018-08-15 00:00:00-04:00,25.20702885337397,25.353687790474062,25.17036324494273,25.252859115600586,55000,0.0,0.0,0.0
2018-08-16 00:00:00-04:00,25.307858834592395,25.64700698852539,25.280359626849506,25.64700698852539,65000,0.0,0.0,0.0
2018-08-17 00:00:00-04:00,25.647008067766787,25.85783009106287,25.582844995312552,25.738670349121094,249800,0.0,0.0,0.0
2018-08-20 00:00:00-04:00,25.811999824542017,25.811999824542017,25.67450727666686,25.738670349121094,45400,0.0,0.0,0.0
2018-08-21 00:00:00-04:00,25.757001105588127,25.766167507825454,25.628673222578016,25.67450523376465,83400,0.0,0.0,0.0
2018-08-22 00:00:00-04:00,25.65617573473813,25.674508541574717,25.298694742988154,25.362857818603516,60400,0.0,0.0,0.0
2018-08-23 00:00:00-04:00,25.35369206679659,25.43618795136875,25.298695393186062,25.32619285583496,310000,0.0,0.0,0.0
2018-08-24 00:00:00-04:00,25.344524203580104,25.42702008340142,25.271194726884783,25.399520874023438,34800,0.0,0.0,0.0
2018-08-27 00:00:00-04:00,25.454518685288953,25.454518685288953,25.262027720862275,25.317026138305664,37100,0.0,0.0,0.0
2018-08-28 00:00:00-04:00,25.307857528247446,25.33535498625844,25.20702885337397,25.252859115600586,42600,0.0,0.0,0.0
2018-08-29 00:00:00-04:00,25.298691252519184,25.372020721435547,25.25285924175118,25.372020721435547,99400,0.0,0.0,0.0
2018-08-30 00:00:00-04:00,25.408683949617902,25.436183155394577,25.27119141735933,25.353687286376953,38900,0.0,0.0,0.0
2018-08-31 00:00:00-04:00,25.353690833344366,25.381190042968164,25.14286880449984,25.225364685058594,136400,0.0,0.0,0.0
2018-09-04 00:00:00-04:00,25.234529495239258,25.362855635423944,25.21619668998072,25.234529495239258,174600,0.0,0.0,0.0
2018-09-05 00:00:00-04:00,25.23453004134685,25.50951513292579,25.22536363851921,25.491182327270508,55700,0.0,0.0,0.0
2018-09-06 00:00:00-04:00,25.51868102520541,25.65617356824409,25.472850760296694,25.592010498046875,200700,0.0,0.0,0.0
2018-09-07 00:00:00-04:00,25.482016618628045,25.4911830217054,25.307860205096187,25.335357666015625,63300,0.0,0.0,0.0
2018-09-10 00:00:00-04:00,25.372023705376144,25.518682660457063,25.372023705376144,25.463685989379883,34200,0.0,0.0,0.0
2018-09-11 00:00:00-04:00,25.53701510624084,25.628675640637333,25.509515896934317,25.573678970336914,97300,0.0,0.0,0.0
2018-09-12 00:00:00-04:00,25.6195121931562,25.76617115307698,25.6195121931562,25.72950553894043,39900,0.0,0.0,0.0
2018-09-13 00:00:00-04:00,25.830333528795112,25.885330200195312,25.64700895971089,25.885330200195312,77100,0.0,0.0,0.0
2018-09-14 00:00:00-04:00,25.868777510419264,25.868777510419264,25.648070049813775,25.859582901000977,71700,0.092,0.0,0.0
2018-09-17 00:00:00-04:00,25.81360021335287,25.91475845381283,25.767620151703934,25.850385665893555,57500,0.0,0.0,0.0
2018-09-18 00:00:00-04:00,25.905564555898128,25.905564555898128,25.758426239787283,25.877975463867188,82300,0.0,0.0,0.0
2018-09-19 00:00:00-04:00,25.887166203777287,25.887166203777287,25.335396761222405,25.427358627319336,38700,0.0,0.0,0.0
2018-09-20 00:00:00-04:00,25.45494865919862,25.537714166358548,25.27102492017061,25.51932144165039,45600,0.0,0.0,0.0
2018-09-21 00:00:00-04:00,25.482540024828772,25.703249248200176,25.482540024828772,25.583698272705078,178700,0.0,0.0,0.0
2018-09-24 00:00:00-04:00,25.556108899031923,25.556108899031923,25.390577871706157,25.41816520690918,57600,0.0,0.0,0.0
2018-09-25 00:00:00-04:00,25.2894188067235,25.2894188067235,25.05951499938965,25.05951499938965,58600,0.0,0.0,0.0
2018-09-26 00:00:00-04:00,25.105495899638157,25.105495899638157,24.80202293395996,24.80202293395996,265700,0.0,0.0,0.0
2018-09-27 00:00:00-04:00,24.884789345914793,25.114693169242976,24.83880928285995,25.077909469604492,301300,0.0,0.0,0.0
2018-09-28 00:00:00-04:00,25.151479358901085,25.35379409790039,25.151479358901085,25.35379409790039,505300,0.0,0.0,0.0
2018-10-01 00:00:00-04:00,25.317007064819336,25.381379848117508,25.22504519409618,25.317007064819336,967700,0.0,0.0,0.0
2018-10-02 00:00:00-04:00,25.35379443955133,25.629680091752057,25.35379443955133,25.583698272705078,567700,0.0,0.0,0.0
2018-10-03 00:00:00-04:00,25.620480245641733,25.675656666971555,25.298614572168617,25.381380081176758,374800,0.0,0.0,0.0
2018-10-04 00:00:00-04:00,25.372183152038694,25.51932144165039,25.197455775364762,25.51932144165039,205700,0.0,0.0,0.0
2018-10-05 00:00:00-04:00,25.546914852158753,25.77681868783828,25.546914852158753,25.730836868286133,103900,0.0,0.0,0.0
2018-10-08 00:00:00-04:00,25.795205977496153,25.951540633591204,25.684853134386003,25.896364212036133,176300,0.0,0.0,0.0
2018-10-09 00:00:00-04:00,25.896365313622436,26.08948542832041,25.8687762246579,25.969934463500977,100900,0.0,0.0,0.0
2018-10-10 00:00:00-04:00,25.942346931849084,26.218232575975122,25.740032196044922,25.740032196044922,164000,0.0,0.0,0.0
2018-10-11 00:00:00-04:00,25.77681598241019,25.83199240605461,25.133084608460074,25.188261032104492,307900,0.0,0.0,0.0
2018-10-12 00:00:00-04:00,25.298614024921655,25.436555952275725,25.087102952710296,25.335397720336914,93000,0.0,0.0,0.0
2018-10-15 00:00:00-04:00,25.362987194040198,25.574498269475736,25.353790831539506,25.39977264404297,77200,0.0,0.0,0.0
2018-10-16 00:00:00-04:00,25.418166102613267,25.758424532331723,25.33540058603383,25.69405174255371,155900,0.0,0.0,0.0
2018-10-17 00:00:00-04:00,25.694052613948532,25.767621769622302,25.5377179388884,25.703248977661133,107800,0.0,0.0,0.0
2018-10-18 00:00:00-04:00,25.694048485803005,25.877970468424007,25.58369389300901,25.721635818481445,105400,0.0,0.0,0.0
2018-10-19 00:00:00-04:00,25.70324724408799,26.19983857288622,25.70324724408799,26.11707305908203,109500,0.0,0.0,0.0
2018-10-22 00:00:00-04:00,26.153856938845713,26.16305330138509,25.90556041236297,25.914756774902344,102700,0.0,0.0,0.0
2018-10-23 00:00:00-04:00,25.868776387247852,26.06189650315962,25.730834449611958,25.951541900634766,216600,0.0,0.0,0.0
2018-10-24 00:00:00-04:00,25.98832887271956,26.117074454839024,25.813601472680997,25.905563354492188,525200,0.0,0.0,0.0
2018-10-25 00:00:00-04:00,25.89636488109109,25.89636488109109,25.50093004933856,25.657264709472656,316900,0.0,0.0,0.0
2018-10-26 00:00:00-04:00,25.638874496650015,25.684856315329544,24.921575665519672,25.087106704711914,228800,0.0,0.0,0.0
2018-10-29 00:00:00-04:00,25.16987343166855,25.556111956968714,25.1146952466063,25.326208114624023,431400,0.0,0.0,0.0
2018-10-30 00:00:00-04:00,25.39058221926301,25.592896979510222,25.35379676065777,25.46415138244629,523800,0.0,0.0,0.0
2018-10-31 00:00:00-04:00,25.65726835624342,25.65726835624342,25.326208017278002,25.408971786499023,387700,0.0,0.0,0.0
2018-11-01 00:00:00-04:00,25.50092928639584,25.528518374074157,25.271025484490302,25.381380081176758,1634000,0.0,0.0,0.0
2018-11-02 00:00:00-04:00,25.491732120344505,25.546910293961936,25.261828325685464,25.45494842529297,1460900,0.0,0.0,0.0
2018-11-05 00:00:00-05:00,25.48254030478575,25.822798753363358,25.48254030478575,25.730836868286133,300400,0.0,0.0,0.0
2018-11-06 00:00:00-05:00,25.730837147756343,25.914760919908442,25.694053445742174,25.877975463867188,259400,0.0,0.0,0.0
2018-11-07 00:00:00-05:00,26.04350088911149,26.264208315660113,25.923951690824335,26.22742462158203,394200,0.0,0.0,0.0
2018-11-08 00:00:00-05:00,26.22742629684169,26.282602718496527,26.05269891523675,26.163053512573242,110800,0.0,0.0,0.0
2018-11-09 00:00:00-05:00,25.988330027268752,26.153861071077326,25.923957233349217,26.061899185180664,278300,0.0,0.0,0.0
2018-11-12 00:00:00-05:00,25.951542998645962,26.291801429635953,25.951542998645962,26.02511215209961,575400,0.0,0.0,0.0
2018-11-13 00:00:00-05:00,26.107873357723662,26.190638860945096,25.942342351280796,26.080286026000977,441900,0.0,0.0,0.0
2018-11-14 00:00:00-05:00,26.117072049473627,26.117072049473627,25.841188183475786,25.942344665527344,183400,0.0,0.0,0.0
2018-11-15 00:00:00-05:00,25.831994303264253,25.831994303264253,25.583697747588108,25.804405212402344,387700,0.0,0.0,0.0
2018-11-16 00:00:00-05:00,25.997521079319487,26.153855727192617,25.90555921221293,26.107873916625977,147200,0.0,0.0,0.0
2018-11-19 00:00:00-05:00,26.089484365691188,26.264209993269308,26.05269891523675,26.163053512573242,290600,0.0,0.0,0.0
2018-11-20 00:00:00-05:00,26.17224807383831,26.3193881213632,25.85038415307804,25.896364212036133,719300,0.0,0.0,0.0
2018-11-21 00:00:00-05:00,25.868778818888437,25.896367910619723,25.703249530581914,25.730836868286133,104900,0.0,0.0,0.0
2018-11-23 00:00:00-05:00,25.73083544212959,25.776817259133146,25.59289349917285,25.69405174255371,44300,0.0,0.0,0.0
2018-11-26 00:00:00-05:00,25.740032481405013,25.923956246194727,25.740032481405013,25.887170791625977,129600,0.0,0.0,0.0
2018-11-27 00:00:00-05:00,25.89636355522287,26.13546371459961,25.85038349743098,26.13546371459961,251900,0.0,0.0,0.0
2018-11-28 00:00:00-05:00,26.135465850525428,26.29180051543182,26.006720274964955,26.199838638305664,265500,0.0,0.0,0.0
2018-11-29 00:00:00-05:00,26.153855167305952,26.153855167305952,25.923951381474566,26.080286026000977,134400,0.0,0.0,0.0
2018-11-30 00:00:00-05:00,26.10787861598926,26.420547968015352,26.10787861598926,26.383764266967773,408200,0.0,0.0,0.0
2018-12-03 00:00:00-05:00,26.49411637276838,26.540098190307617,26.181447029609547,26.540098190307617,501800,0.0,0.0,0.0
2018-12-04 00:00:00-05:00,26.549291958228626,26.742410310932257,26.273406342046098,26.328582763671875,371100,0.0,0.0,0.0
2018-12-06 00:00:00-05:00,26.31019179248116,26.33777912628064,25.8135987357687,26.328582763671875,170200,0.0,0.0,0.0
2018-12-07 00:00:00-05:00,26.365369960322425,26.53090099018993,26.227428020108484,26.34697723388672,340900,0.0,0.0,0.0
2018-12-10 00:00:00-05:00,26.32858498824755,26.392959531948094,25.841190006989308,26.31019401550293,224900,0.0,0.0,0.0
2018-12-11 00:00:00-05:00,26.466525644092215,26.54009478869874,26.328581963181563,26.402151107788086,524600,0.0,0.0,0.0
2018-12-12 00:00:00-05:00,26.484919402594745,26.60447037143132,26.3929592776767,26.41135025024414,517700,0.0,0.0,0.0
2018-12-13 00:00:00-05:00,26.438933693449943,26.58607196672615,26.429737332116858,26.494110107421875,194300,0.0,0.0,0.0
2018-12-14 00:00:00-05:00,26.494117124137546,26.494117124137546,26.319391474614232,26.383764266967773,178900,0.0,0.0,0.0
2018-12-17 00:00:00-05:00,26.438939404007975,26.448135767327386,25.51932412039031,25.62967872619629,300300,0.0,0.0,0.0
2018-12-18 00:00:00-05:00,25.771566353482445,25.827207957180402,25.382071589967367,25.49335479736328,144600,0.233,0.0,0.0
2018-12-19 00:00:00-05:00,25.539723463851885,25.817933242326262,25.317153518494827,25.465532302856445,281100,0.0,0.0,0.0
2018-12-20 00:00:00-05:00,25.419168172981955,25.66955807013202,25.066768952737878,25.3820743560791,315100,0.0,0.0,0.0
2018-12-21 00:00:00-05:00,25.493355631359652,25.90139819906109,25.001849770973493,25.10386085510254,279800,0.0,0.0,0.0
2018-12-24 00:00:00-05:00,25.020397742050125,25.020397742050125,24.046661678823845,24.083755493164062,183500,0.0,0.0,0.0
2018-12-26 00:00:00-05:00,24.148671589698424,24.593807953029305,23.73135514356655,24.575260162353516,809000,0.0,0.0,0.0
2018-12-27 00:00:00-05:00,24.49179762463787,24.7421875,24.07448116570098,24.7421875,363500,0.0,0.0,0.0
2018-12-28 00:00:00-05:00,24.77000433071554,24.99257426028388,24.65872113474588,24.723636627197266,353500,0.0,0.0,0.0
2018-12-31 00:00:00-05:00,24.834928512573242,24.8442024096241,24.584538598645175,24.834928512573242,494300,0.0,0.0,0.0
2019-01-02 00:00:00-05:00,24.67727198897958,24.6865458845981,24.3805144044459,24.649450302124023,813200,0.0,0.0,0.0
2019-01-03 00:00:00-05:00,24.640173345812762,24.9462047879511,24.640173345812762,24.723636627197266,380500,0.0,0.0,0.0
2019-01-04 00:00:00-05:00,24.779282382480933,25.22442054748535,24.667999167840932,25.22442054748535,471200,0.0,0.0,0.0
2019-01-07 00:00:00-05:00,25.029670790570247,25.187323476012747,24.89056589607738,25.076040267944336,207900,0.0,0.0,0.0
2019-01-08 00:00:00-05:00,25.08531119048255,25.30788113356518,24.98330188278551,25.28933334350586,250500,0.0,0.0,0.0
2019-01-09 00:00:00-05:00,25.307883023360635,25.31715515026805,25.066767041028637,25.10386085510254,516400,0.0,0.0,0.0
2019-01-10 00:00:00-05:00,25.140959014987125,25.41916883991006,25.06676961042001,25.409894943237305,515600,0.0,0.0,0.0
2019-01-11 00:00:00-05:00,25.363524227259074,25.437713623046875,25.205871540108152,25.437713623046875,238000,0.0,0.0,0.0
2019-01-14 00:00:00-05:00,25.03894426641331,25.03894426641331,24.603081799289765,24.714365005493164,243800,0.0,0.0,0.0
2019-01-15 00:00:00-05:00,24.593812495696028,24.95548563660435,24.575264701594318,24.834928512573242,221000,0.0,0.0,0.0
2019-01-16 00:00:00-05:00,24.807106453972025,24.872021963551465,24.732917047479102,24.844202041625977,389500,0.0,0.0,0.0
2019-01-17 00:00:00-05:00,24.853471087298395,24.918388357641508,24.74218787576828,24.825651168823242,117300,0.0,0.0,0.0
2019-01-18 00:00:00-05:00,24.918387205260412,25.05749209764736,24.918387205260412,24.992576599121094,107000,0.0,0.0,0.0
2019-01-22 00:00:00-05:00,24.96475527912759,25.09458627808358,24.797828698290065,24.98330307006836,236500,0.0,0.0,0.0
2019-01-23 00:00:00-05:00,25.038940791318623,25.26150894165039,25.020393003254036,25.26150894165039,171000,0.0,0.0,0.0
2019-01-24 00:00:00-05:00,25.19659795364401,25.632460438142658,25.01112357749175,25.56754493713379,693400,0.0,0.0,0.0
2019-01-25 00:00:00-05:00,25.474807784346297,25.586092763954756,25.224419675653063,25.242965698242188,123600,0.0,0.0,0.0
2019-01-28 00:00:00-05:00,25.187324147787262,25.252239649027654,25.038945353862147,25.10386085510254,211300,0.0,0.0,0.0
2019-01-29 00:00:00-05:00,25.15022608937902,25.22441547382143,25.0574889166224,25.15949821472168,46300,0.0,0.0,0.0
2019-01-30 00:00:00-05:00,25.150228743248835,25.298607527790686,24.94620658789281,25.23369026184082,142500,0.0,0.0,0.0
2019-01-31 00:00:00-05:00,25.23368984176568,25.74374345285004,25.168774345711125,25.706647872924805,129200,0.0,0.0,0.0
2019-02-01 00:00:00-05:00,25.63245964050293,25.75301851189473,25.521176433326318,25.63245964050293,280400,0.0,0.0,0.0
2019-02-04 00:00:00-05:00,25.632458970003817,25.632458970003817,25.372796980840885,25.604639053344727,705100,0.0,0.0,0.0
2019-02-05 00:00:00-05:00,25.576818519047162,25.632460123684336,25.400618040745613,25.437713623046875,137100,0.0,0.0,0.0
2019-02-06 00:00:00-05:00,25.46553085817274,25.46553085817274,25.242962694256818,25.270784378051758,69600,0.0,0.0,0.0
2019-02-07 00:00:00-05:00,25.307880665103728,25.502627150677906,25.168774011048363,25.484079360961914,60300,0.0,0.0,0.0
2019-02-08 00:00:00-05:00,25.42844011305678,25.613914489746094,25.391344530193017,25.613914489746094,114800,0.0,0.0,0.0
2019-02-11 00:00:00-05:00,25.61391325256632,25.697374772349008,25.558269880958314,25.641733169555664,99500,0.0,0.0,0.0
2019-02-12 00:00:00-05:00,25.771568231944638,25.892125343546606,25.66028324762259,25.817935943603516,106700,0.0,0.0,0.0
2019-02-13 00:00:00-05:00,25.827207488948535,25.864301301136454,25.706648619504815,25.780838012695312,275300,0.0,0.0,0.0
2019-02-14 00:00:00-05:00,25.706648743944374,25.799385928085076,25.613913328618338,25.68810272216797,121700,0.0,0.0,0.0
2019-02-15 00:00:00-05:00,25.77156293418007,25.994131088256836,25.76228903999173,25.994131088256836,88800,0.0,0.0,0.0
2019-02-19 00:00:00-05:00,26.040501706181974,26.300165466087076,25.96631231318261,26.244522094726562,97800,0.0,0.0,0.0
2019-02-20 00:00:00-05:00,26.225978352168692,26.392903174312313,26.133241160656805,26.327987670898438,82000,0.0,0.0,0.0
2019-02-21 00:00:00-05:00,26.28161808149661,26.54128184541166,26.207428687351552,26.513460159301758,41400,0.0,0.0,0.0
2019-02-22 00:00:00-05:00,26.615473589916064,26.615473589916064,26.383631491637406,26.457820892333984,545300,0.0,0.0,0.0
2019-02-25 00:00:00-05:00,26.541283002635062,26.541283002635062,26.25379754007549,26.346534729003906,97300,0.0,0.0,0.0
2019-02-26 00:00:00-05:00,26.346533972874933,26.346533972874933,26.15178747364764,26.179607391357422,74400,0.0,0.0,0.0
2019-02-27 00:00:00-05:00,26.188882094276096,26.253797596019893,26.133240488326383,26.207429885864258,77700,0.0,0.0,0.0
2019-02-28 00:00:00-05:00,26.188880492180704,26.32798538295268,26.077597287088985,26.244522094726562,143700,0.0,0.0,0.0
2019-03-01 00:00:00-05:00,26.28161965876097,26.392902872249767,26.114693069712988,26.2908935546875,260700,0.0,0.0,0.0
2019-03-04 00:00:00-05:00,26.365082207917094,26.4763654182598,25.929217955766404,26.216703414916992,130800,0.0,0.0,0.0
2019-03-05 00:00:00-05:00,26.170334293919353,26.188882085501298,26.086871000615368,26.11469268798828,166700,0.0,0.0,0.0
2019-03-06 00:00:00-05:00,26.12396627147346,26.14251406283367,25.919945872955374,25.984861373901367,56200,0.0,0.0,0.0
2019-03-07 00:00:00-05:00,25.994135215419544,26.225977300494876,25.994135215419544,26.123966217041016,165000,0.0,0.0,0.0
2019-03-08 00:00:00-05:00,26.15178871154785,26.15178871154785,25.99413601807598,26.15178871154785,219300,0.0,0.0,0.0
2019-03-11 00:00:00-04:00,26.198155869929273,26.40217627001913,26.198155869929273,26.392902374267578,71800,0.0,0.0,0.0
2019-03-12 00:00:00-04:00,26.4392707651567,26.57837565807685,26.4392707651567,26.513460159301758,85600,0.0,0.0,0.0
2019-03-13 00:00:00-04:00,26.513459061502026,26.587648452575245,26.448543565414784,26.54128074645996,164500,0.0,0.0,0.0
2019-03-14 00:00:00-04:00,26.55055360526548,26.661838579353404,26.476364212145082,26.522733688354492,58400,0.0,0.0,0.0
2019-03-15 00:00:00-04:00,26.59692383975288,26.73602873471767,26.550554362221476,26.689661026000977,225800,0.0,0.0,0.0
2019-03-18 00:00:00-04:00,26.70820587212389,26.73602755741763,26.578374878382387,26.671112060546875,117500,0.0,0.0,0.0
2019-03-19 00:00:00-04:00,26.698933389492538,26.698933389492538,26.30016474967781,26.355806350708008,42300,0.0,0.0,0.0
2019-03-20 00:00:00-04:00,26.374354140656276,26.587648418617537,26.30016474967781,26.355806350708008,91600,0.0,0.0,0.0
2019-03-21 00:00:00-04:00,26.320379160308562,26.66535126573439,26.320379160308562,26.618732452392578,138600,0.152,0.0,0.0
2019-03-22 00:00:00-04:00,26.67467229239069,26.851818429942067,26.66534853067866,26.711965560913086,108700,0.0,0.0,0.0
2019-03-25 00:00:00-04:00,26.75858310106765,26.75858310106765,26.628052221612382,26.702640533447266,62800,0.0,0.0,0.0
2019-03-26 00:00:00-04:00,26.79587773502478,26.954378128051758,26.78655397327899,26.954378128051758,97600,0.0,0.0,0.0
2019-03-27 00:00:00-04:00,26.991672593750636,26.991672593750636,26.646700529888527,26.665348052978516,83700,0.0,0.0,0.0
2019-03-28 00:00:00-04:00,26.749260408668903,26.749260408668903,26.15255211182039,26.227140426635742,194100,0.0,0.0,0.0
2019-03-29 00:00:00-04:00,26.283082782014844,26.366994857788086,26.171199421541964,26.366994857788086,74300,0.0,0.0,0.0
2019-04-01 00:00:00-04:00,26.38564061962503,26.38564061962503,26.21781824629592,26.33902359008789,173700,0.0,0.0,0.0
2019-04-02 00:00:00-04:00,26.339024562132252,26.339024562132252,26.17120040428389,26.217819213867188,100200,0.0,0.0,0.0
2019-04-03 00:00:00-04:00,26.264436721801758,26.35767256433475,26.16187711718289,26.264436721801758,78600,0.0,0.0,0.0
2019-04-04 00:00:00-04:00,26.38564063669077,26.38564063669077,26.18984697851733,26.311052322387695,89500,0.0,0.0,0.0
2019-04-05 00:00:00-04:00,26.329700745753573,26.497524903254796,26.311053221958826,26.488201141357422,117400,0.0,0.0,0.0
2019-04-08 00:00:00-04:00,26.469553801013657,26.469553801013657,26.28308389675108,26.40428924560547,106300,0.0,0.0,0.0
2019-04-09 00:00:00-04:00,26.41361427307129,26.460231306788963,26.329702189718798,26.41361427307129,187000,0.0,0.0,0.0
2019-04-10 00:00:00-04:00,26.497521728103216,26.64669834393412,26.46022668498272,26.47887420654297,130400,0.0,0.0,0.0
2019-04-11 00:00:00-04:00,26.525495348833804,26.609407424926758,26.45090703434292,26.609407424926758,46300,0.0,0.0,0.0
2019-04-12 00:00:00-04:00,26.581436798942537,26.628053829782612,26.450907689929746,26.572113037109375,64200,0.0,0.0,0.0
2019-04-15 00:00:00-04:00,26.5814374596165,26.637378253680126,26.49752537935817,26.534818649291992,32000,0.0,0.0,0.0
2019-04-16 00:00:00-04:00,26.572112740980987,26.590760264439496,26.385641063047323,26.44158363342285,143500,0.0,0.0,0.0
2019-04-17 00:00:00-04:00,26.329699726382128,26.329699726382128,26.09661102294922,26.09661102294922,105900,0.0,0.0,0.0
2019-04-18 00:00:00-04:00,26.143233290399078,26.329703210827226,26.077966951007014,26.236467361450195,106600,0.0,0.0,0.0
2019-04-22 00:00:00-04:00,26.236466343957602,26.432261797888696,26.19917307264863,26.41361427307129,95900,0.0,0.0,0.0
2019-04-23 00:00:00-04:00,26.460230039051666,26.460230039051666,26.2551126108651,26.40428924560547,142500,0.0,0.0,0.0
2019-04-24 00:00:00-04:00,26.432259591471276,26.460229098036805,26.180523362427337,26.283082962036133,4327900,0.0,0.0,0.0
2019-04-25 00:00:00-04:00,26.273760465343358,26.450908388198428,26.087288780408993,26.292407989501953,2678400,0.0,0.0,0.0
2019-04-26 00:00:00-04:00,26.450907132051324,26.51617168518122,26.255111694335938,26.255111694335938,32883700,0.0,0.0,0.0
2019-04-29 00:00:00-04:00,26.273762412531376,26.31105568528664,26.143233290399078,26.236467361450195,676100,0.0,0.0,0.0
2019-04-30 00:00:00-04:00,26.217820430989867,26.48820242582205,26.180525381591863,26.469554901123047,787000,0.0,0.0,0.0
2019-05-01 00:00:00-04:00,26.422936953825012,26.562789827578836,26.311053587826493,26.320377349853516,1239700,0.0,0.0,0.0
2019-05-02 00:00:00-04:00,26.283085362980746,26.4042907185967,26.180525754003185,26.30173110961914,935100,0.0,0.0,0.0
2019-05-03 00:00:00-04:00,26.39496495575031,26.637377426936652,26.329700401647397,26.628053665161133,623900,0.0,0.0,0.0
2019-05-06 00:00:00-04:00,26.47887518395954,26.525493989581,26.27375777420192,26.32969856262207,378400,0.0,0.0,0.0
2019-05-07 00:00:00-04:00,26.217819689698153,26.329701278077117,26.14323137133692,26.264436721801758,377300,0.0,0.0,0.0
2019-05-08 00:00:00-04:00,26.199170484019604,26.199170484019604,25.891493468236014,25.910140991210938,320000,0.0,0.0,0.0
2019-05-09 00:00:00-04:00,25.85419888202579,26.003375511826516,25.714346013878323,25.984729766845703,404300,0.0,0.0,0.0
2019-05-10 00:00:00-04:00,25.91946337175299,26.29240672366654,25.863522580296234,26.283082962036133,557900,0.0,0.0,0.0
2019-05-13 00:00:00-04:00,26.14323155576899,26.245789382785585,26.00337690181998,26.180524826049805,466200,0.0,0.0,0.0
2019-05-14 00:00:00-04:00,26.245790026649857,26.301730822606327,26.143232197117303,26.171201705932617,434400,0.0,0.0,0.0
2019-05-15 00:00:00-04:00,26.161877943552234,26.236466264269474,26.059320114019677,26.171201705932617,226000,0.0,0.0,0.0
2019-05-16 00:00:00-04:00,26.199170885688154,26.460229098036805,26.199170885688154,26.283082962036133,243400,0.0,0.0,0.0
2019-05-17 00:00:00-04:00,26.208494467808155,26.488200201501826,26.180523183108512,26.366994857788086,222800,0.0,0.0,0.0
2019-05-20 00:00:00-04:00,26.82384954946771,27.066262024663605,26.544142026552866,26.730613708496094,847600,0.0,0.0,0.0
2019-05-21 00:00:00-04:00,26.777228813039706,26.926405436529848,26.674670995843748,26.758583068847656,139200,0.0,0.0,0.0
2019-05-22 00:00:00-04:00,26.69332219449522,26.69332219449522,26.525499792520534,26.600088119506836,484400,0.0,0.0,0.0
2019-05-23 00:00:00-04:00,26.57211287283374,26.721289504590608,26.506848318730825,26.628053665161133,172400,0.0,0.0,0.0
2019-05-24 00:00:00-04:00,26.758584647245495,26.907761279535062,26.73993712362787,26.870466232299805,340900,0.0,0.0,0.0
2019-05-28 00:00:00-04:00,26.90775831080097,26.90775831080097,26.450904702528135,26.47887420654297,282800,0.0,0.0,0.0
2019-05-29 00:00:00-04:00,26.506848719980614,26.506848719980614,26.143230896859667,26.217819213867188,262200,0.0,0.0,0.0
2019-05-30 00:00:00-04:00,26.217819066951257,26.25511233608316,26.105935702904056,26.24578857421875,146300,0.0,0.0,0.0
2019-05-31 00:00:00-04:00,26.096611350033395,26.11525887333991,25.94743472023267,25.984729766845703,349600,0.0,0.0,0.0
2019-06-03 00:00:00-04:00,26.02202377026885,26.26443624512473,25.891494660087126,26.217819213867188,460200,0.0,0.0,0.0
2019-06-04 00:00:00-04:00,26.320377166273293,26.432260531491448,26.02202389679256,26.40428924560547,89800,0.0,0.0,0.0
2019-06-05 00:00:00-04:00,26.478879808439775,26.833175679737494,26.478879808439775,26.805204391479492,358700,0.0,0.0,0.0
2019-06-06 00:00:00-04:00,26.86114210847518,27.094230815576935,26.851818346792022,27.03829002380371,252400,0.0,0.0,0.0
2019-06-07 00:00:00-04:00,27.159496179887856,27.271379545100324,26.963702513673248,26.973026275634766,103400,0.0,0.0,0.0
2019-06-10 00:00:00-04:00,26.963701940154696,26.963701940154696,26.62805362998231,26.683996200561523,104900,0.0,0.0,0.0
2019-06-11 00:00:00-04:00,26.74926113950663,26.767906884975627,26.366995793343065,26.488201141357422,141500,0.0,0.0,0.0
2019-06-12 00:00:00-04:00,26.553463257098066,26.7865519481435,26.544139496057177,26.73993492126465,164500,0.0,0.0,0.0
2019-06-13 00:00:00-04:00,26.805204221695487,26.88911630761208,26.702644610391665,26.86114501953125,125900,0.0,0.0,0.0
2019-06-14 00:00:00-04:00,26.8798420834108,27.1883758516458,26.833095245272414,27.020084381103516,329700,0.08,0.0,0.0
2019-06-17 00:00:00-04:00,27.05748126870081,27.09487837977855,26.898539534246176,27.010732650756836,359900,0.0,0.0,0.0
2019-06-18 00:00:00-04:00,27.291220944352727,27.553006090297632,27.244472323092882,27.43146324157715,160800,0.0,0.0,0.0
2019-06-19 00:00:00-04:00,27.45016241237376,27.70259783151286,27.37536640239226,27.60910415649414,549900,0.0,0.0,0.0
2019-06-20 00:00:00-04:00,27.786744234782546,27.796093959165077,27.450163073399377,27.683900833129883,180700,0.0,0.0,0.0
2019-06-21 00:00:00-04:00,27.59040535847416,27.59040535847416,27.328618425729925,27.47821044921875,103700,0.0,0.0,0.0
2019-06-24 00:00:00-04:00,27.534308053392632,27.571705166618134,27.356666861558267,27.384716033935547,134600,0.0,0.0,0.0
2019-06-25 00:00:00-04:00,27.375368112128736,27.394065778333722,27.113581169204735,27.169677734375,85200,0.0,0.0,0.0
2019-06-26 00:00:00-04:00,27.141628350804986,27.141628350804986,26.51521110534668,26.51521110534668,86700,0.0,0.0,0.0
2019-06-27 00:00:00-04:00,26.63675745689085,26.758302102322286,26.590010613741995,26.70220375061035,401500,0.0,0.0,0.0
2019-06-28 00:00:00-04:00,26.748947888229587,26.87049072998686,26.69284954593165,26.84244155883789,223800,0.0,0.0,0.0
2019-07-01 00:00:00-04:00,26.95463773137135,26.97333717968588,26.636754243134437,26.758298873901367,573600,0.0,0.0,0.0
2019-07-02 00:00:00-04:00,26.833093381435535,27.26316996892359,26.833093381435535,27.225772857666016,278800,0.0,0.0,0.0
2019-07-03 00:00:00-04:00,27.291220649327332,27.52495840326712,27.291220649327332,27.403413772583008,159300,0.0,0.0,0.0
2019-07-05 00:00:00-04:00,27.28186959480509,27.46885871887207,27.132277582240526,27.46885871887207,139700,0.0,0.0,0.0
2019-07-08 00:00:00-04:00,27.440814677435146,27.468862068662936,27.281872921792882,27.412765502929688,183800,0.0,0.0,0.0
2019-07-09 00:00:00-04:00,27.36601800012097,27.36601800012097,27.216425972932086,27.337968826293945,106400,0.0,0.0,0.0
2019-07-10 00:00:00-04:00,27.478208442567038,27.56235417254429,27.43146160736966,27.46885871887207,89500,0.0,0.0,0.0
2019-07-11 00:00:00-04:00,27.43146257385897,27.506258582776532,27.17902537503313,27.356666564941406,199800,0.0,0.0,0.0
2019-07-12 00:00:00-04:00,27.43146257385897,27.43146257385897,27.244471659926308,27.356666564941406,331600,0.0,0.0,0.0
2019-07-15 00:00:00-04:00,27.39406318136836,27.39406318136836,27.244471166243912,27.309917449951172,174500,0.0,0.0,0.0
2019-07-16 00:00:00-04:00,27.263174350591722,27.328620643268923,27.160329157368846,27.291223526000977,154100,0.0,0.0,0.0
2019-07-17 00:00:00-04:00,27.32861471332757,27.403410714911466,27.272518157958984,27.272518157958984,82700,0.0,0.0,0.0
2019-07-18 00:00:00-04:00,27.29121827784143,27.347314834594727,27.076178207611925,27.347314834594727,144300,0.0,0.0,0.0
2019-07-19 00:00:00-04:00,27.328614796094282,27.431459967312616,27.05747995826051,27.066829681396484,61300,0.0,0.0,0.0
2019-07-22 00:00:00-04:00,27.160327360605184,27.160327360605184,26.84244386010712,26.87984275817871,212100,0.0,0.0,0.0
2019-07-23 00:00:00-04:00,26.945286761333072,26.945286761333072,26.67415190641908,26.833093643188477,275200,0.0,0.0,0.0
2019-07-24 00:00:00-04:00,26.917239549860845,27.08552922818077,26.870490930929638,27.07617950439453,120000,0.0,0.0,0.0
2019-07-25 00:00:00-04:00,27.048133553953086,27.16967640307942,26.935938645832373,27.020084381103516,102300,0.0,0.0,0.0
2019-07-26 00:00:00-04:00,27.0481323398197,27.328616922614774,27.0481323398197,27.300569534301758,61200,0.0,0.0,0.0
2019-07-29 00:00:00-04:00,27.319267173806136,27.347316345371027,27.12292832268436,27.309917449951172,49800,0.0,0.0,0.0
2019-07-30 00:00:00-04:00,27.23512012510016,27.337965299252932,27.085528117211073,27.150976181030273,81500,0.0,0.0,0.0
2019-07-31 00:00:00-04:00,27.150980186901307,27.272523042514667,26.88919324283251,26.9639892578125,187000,0.0,0.0,0.0
2019-08-01 00:00:00-04:00,27.02943525234003,27.141630165221567,26.926590064138427,26.93593978881836,182000,0.0,0.0,0.0
2019-08-02 00:00:00-04:00,26.851791853572987,26.851791853572987,26.309520349436795,26.477811813354492,235400,0.0,0.0,0.0
2019-08-05 00:00:00-04:00,26.39366615774773,26.440414777458713,25.916840936360718,26.06643295288086,330400,0.0,0.0,0.0
2019-08-06 00:00:00-04:00,26.10383214222645,26.346919617624938,25.813997829868743,26.309520721435547,146900,0.0,0.0,0.0
2019-08-07 00:00:00-04:00,26.225374519155608,26.412365430202552,25.972939107502974,26.2534236907959,159100,0.0,0.0,0.0
2019-08-08 00:00:00-04:00,26.281474013535767,26.62740489586327,26.206678002496506,26.590007781982422,182100,0.0,0.0,0.0
2019-08-09 00:00:00-04:00,26.561956396998607,26.5806558440205,26.328218659057207,26.3469181060791,241600,0.0,0.0,0.0
2019-08-12 00:00:00-04:00,26.30017022871697,26.365618295135565,26.15992793866063,26.225374221801758,155400,0.0,0.0,0.0
2019-08-13 00:00:00-04:00,26.253424653251887,26.440415571153956,26.187978366969432,26.35626983642578,208500,0.0,0.0,0.0
2019-08-14 00:00:00-04:00,26.318868248243255,26.32821797151004,25.96358768049235,26.057083129882812,127700,0.0,0.0,0.0
2019-08-15 00:00:00-04:00,26.029041078280645,26.300175994055515,26.029041078280645,26.216032028198242,296600,0.0,0.0,0.0
2019-08-16 00:00:00-04:00,26.23472473353216,26.543258494233864,26.23472473353216,26.51521110534668,99800,0.0,0.0,0.0
2019-08-19 00:00:00-04:00,26.580658917379907,26.75830011807262,26.53391029441992,26.683504104614258,539900,0.0,0.0,0.0
2019-08-20 00:00:00-04:00,26.73024958275224,26.73024958275224,26.52456100203821,26.543258666992188,100100,0.0,0.0,0.0
2019-08-21 00:00:00-04:00,26.580655489931054,26.73959722094499,26.533906872999076,26.730247497558594,128300,0.0,0.0,0.0
2019-08-22 00:00:00-04:00,26.711548249730562,26.805043701013467,26.599355134813003,26.748947143554688,112500,0.0,0.0,0.0
2019-08-23 00:00:00-04:00,26.739599412609344,26.88919143249793,26.253424456332663,26.337570190429688,49300,0.0,0.0,0.0
2019-08-26 00:00:00-04:00,26.4591120946186,26.655452728271484,26.403015534979556,26.655452728271484,77300,0.0,0.0,0.0
2019-08-27 00:00:00-04:00,26.720899584976117,26.814395041898617,26.505861282348633,26.505861282348633,104500,0.0,0.0,0.0
2019-08-28 00:00:00-04:00,26.524561764949702,26.64610461539533,26.515212040565025,26.627405166625977,115400,0.0,0.0,0.0
2019-08-29 00:00:00-04:00,26.739598164513264,26.851791282554213,26.69284954593165,26.84244155883789,153200,0.0,0.0,0.0
2019-08-30 00:00:00-04:00,26.935938079292743,27.029433536880603,26.870491793964504,26.95463752746582,141100,0.0,0.0,0.0
2019-09-03 00:00:00-04:00,26.94528959293749,27.160327911376953,26.83309646300283,27.160327911376953,1089300,0.0,0.0,0.0
2019-09-04 00:00:00-04:00,27.253820245289837,27.30991680381492,27.122927680972158,27.225772857666016,1415200,0.0,0.0,0.0
2019-09-05 00:00:00-04:00,27.207073012667976,27.300568464361305,27.122927284471725,27.188373565673828,123100,0.0,0.0,0.0
2019-09-06 00:00:00-04:00,27.272519592988253,27.319266427708914,27.16032469307025,27.21642303466797,126800,0.0,0.0,0.0
2019-09-09 00:00:00-04:00,27.300570948399113,27.309918889469326,27.207075488198775,27.253822326660156,159500,0.0,0.0,0.0
2019-09-10 00:00:00-04:00,27.263170147415156,27.46885871887207,27.160324970047974,27.46885871887207,160600,0.0,0.0,0.0
2019-09-11 00:00:00-04:00,27.431463055335367,27.852191727429716,27.366016769293477,27.833492279052734,688800,0.0,0.0,0.0
2019-09-12 00:00:00-04:00,27.917640097365243,27.97373666340593,27.786745732233396,27.861541748046875,201200,0.0,0.0,0.0
2019-09-13 00:00:00-04:00,27.768044755676794,27.86153842684056,27.637150406148074,27.693248748779297,1982300,0.0,0.0,0.0
2019-09-16 00:00:00-04:00,27.75869550334961,27.796092615794763,27.59975376308333,27.749345779418945,114400,0.0,0.0,0.0
2019-09-17 00:00:00-04:00,27.721294801781976,27.86153708505114,27.67454796845138,27.75869369506836,248700,0.0,0.0,0.0
2019-09-18 00:00:00-04:00,27.77739373656839,27.852191529544893,27.627801717170456,27.81479263305664,145800,0.0,0.0,0.0
2019-09-19 00:00:00-04:00,27.852191998414938,27.973734847492764,27.805443377017646,27.87088966369629,248600,0.0,0.0,0.0
2019-09-20 00:00:00-04:00,27.91763704466878,27.98308332843954,27.852190760898022,27.9456844329834,98800,0.0,0.0,0.0
2019-09-23 00:00:00-04:00,27.880238346884067,28.076578982865893,27.880238346884067,27.964384078979492,575600,0.0,0.0,0.0
2019-09-24 00:00:00-04:00,28.048530208007346,28.19812222645452,27.964384474721122,28.00178337097168,278300,0.0,0.0,0.0
2019-09-25 00:00:00-04:00,27.997066627486642,28.07255578112442,27.921577473848863,28.044246673583984,138900,0.275,0.0,0.0
2019-09-26 00:00:00-04:00,28.091425758611926,28.110298495117373,27.959318402877006,28.006500244140625,44300,0.0,0.0,0.0
2019-09-27 00:00:00-04:00,28.07255576077942,28.07255576077942,27.73285366975391,27.92157745361328,70000,0.0,0.0,0.0
2019-09-30 00:00:00-04:00,27.931013238005697,28.034809697132154,27.902704131078472,27.978193283081055,108500,0.0,0.0,0.0
2019-10-01 00:00:00-04:00,28.006501754716354,28.006501754716354,27.704545153555525,27.789470672607422,534500,0.0,0.0,0.0
2019-10-02 00:00:00-04:00,27.7045450723683,27.7045450723683,27.19499195955015,27.27048110961914,274900,0.0,0.0,0.0
2019-10-03 00:00:00-04:00,27.28935432434082,27.28935432434082,27.07232323907231,27.28935432434082,184200,0.0,0.0,0.0
2019-10-04 00:00:00-04:00,27.31766324308106,27.66679989092761,27.31766324308106,27.638492584228516,107100,0.0,0.0,0.0
2019-10-07 00:00:00-04:00,27.600746021512542,27.685671537870686,27.53469324207915,27.553565979003906,93400,0.0,0.0,0.0
2019-10-08 00:00:00-04:00,27.506385889993606,27.506385889993606,27.289354800934767,27.3082275390625,166800,0.0,0.0,0.0
2019-10-09 00:00:00-04:00,27.430896737286037,27.430896737286037,27.2138656482272,27.3082275390625,182200,0.0,0.0,0.0
2019-10-10 00:00:00-04:00,27.289356359260577,27.40259099468974,27.22330357184501,27.336536407470703,98200,0.0,0.0,0.0
2019-10-11 00:00:00-04:00,27.44033396950181,27.713983281551652,27.289355659337563,27.544132232666016,152400,0.0,0.0,0.0
2019-10-14 00:00:00-04:00,27.563002195344836,27.600747671450726,27.374280214225482,27.383716583251953,192200,0.0,0.0,0.0
2019-10-15 00:00:00-04:00,27.440333604519704,27.50638638936257,27.364844450441655,27.449769973754883,134300,0.0,0.0,0.0
2019-10-16 00:00:00-04:00,27.43089485168457,27.468640325345415,27.364842072581343,27.43089485168457,98600,0.0,0.0,0.0
2019-10-17 00:00:00-04:00,27.440329926819217,27.506382702809336,27.317660742809448,27.496946334838867,67500,0.0,0.0,0.0
2019-10-18 00:00:00-04:00,27.44976928106006,27.638493061394435,27.440332912063006,27.58187484741211,109700,0.0,0.0,0.0
2019-10-21 00:00:00-04:00,27.619618920666543,27.72341537475586,27.619618920666543,27.72341537475586,90600,0.0,0.0,0.0
2019-10-22 00:00:00-04:00,27.742286682128906,27.902701339058286,27.685670273743,27.742286682128906,109700,0.0,0.0,0.0
2019-10-23 00:00:00-04:00,27.78003385415575,27.92157578368326,27.78003385415575,27.893266677856445,94200,0.0,0.0,0.0
2019-10-24 00:00:00-04:00,27.921575650784114,27.921575650784114,27.8083410278191,27.846086502075195,96500,0.0,0.0,0.0
2019-10-25 00:00:00-04:00,27.846087217195034,27.93101273664896,27.770598066547468,27.836650848388672,123100,0.0,0.0,0.0
2019-10-28 00:00:00-04:00,27.77059721734488,27.98762829384458,27.704544437523516,27.72341537475586,117100,0.0,0.0,0.0
2019-10-29 00:00:00-04:00,27.685673951759796,27.74229036766714,27.57243932014169,27.695110321044922,288500,0.0,0.0,0.0
2019-10-30 00:00:00-04:00,27.713981547810295,27.95931993662666,27.713981547810295,27.912139892578125,72700,0.0,0.0,0.0
2019-10-31 00:00:00-04:00,27.91213941507432,27.91213941507432,27.742288379719998,27.893266677856445,161000,0.0,0.0,0.0
2019-11-01 00:00:00-04:00,27.912139973762155,27.912139973762155,27.676236153226707,27.71398162841797,120500,0.0,0.0,0.0
2019-11-04 00:00:00-05:00,27.76116177946568,27.855523668003755,27.572438002389536,27.638492584228516,105300,0.0,0.0,0.0
2019-11-05 00:00:00-05:00,27.572435478799452,27.629053686622264,27.46863903073062,27.496946334838867,215300,0.0,0.0,0.0
2019-11-06 00:00:00-05:00,27.51582275859775,27.61018465114616,27.41202449681416,27.449769973754883,261800,0.0,0.0,0.0
2019-11-07 00:00:00-05:00,27.43089734540039,27.525259238327596,27.2610462980921,27.37428092956543,97100,0.0,0.0,0.0
2019-11-08 00:00:00-05:00,27.32709680593588,27.32709680593588,27.147811204098446,27.279916763305664,126900,0.0,0.0,0.0
2019-11-11 00:00:00-05:00,27.213864777280374,27.24217388356598,27.053450107935248,27.072322845458984,300200,0.0,0.0,0.0
2019-11-12 00:00:00-05:00,27.07232488103536,27.119504928588867,27.044015772621186,27.119504928588867,184100,0.0,0.0,0.0
2019-11-13 00:00:00-05:00,27.119501995633513,27.393151281298532,27.119501995633513,27.355405807495117,104300,0.0,0.0,0.0
2019-11-14 00:00:00-05:00,27.364842279882662,27.412022322512883,27.251607657845575,27.279916763305664,76500,0.0,0.0,0.0
2019-11-15 00:00:00-05:00,27.289351838027184,27.355404614499285,27.138373549004328,27.34596824645996,111400,0.0,0.0,0.0
2019-11-18 00:00:00-05:00,27.36484456029237,27.496950130508413,27.336535452473182,27.37428092956543,146800,0.0,0.0,0.0
2019-11-19 00:00:00-05:00,27.3365339973847,27.3365339973847,27.194992065429688,27.194992065429688,107800,0.0,0.0,0.0
2019-11-20 00:00:00-05:00,27.166685235273526,27.261045325029208,27.081759714650733,27.213865280151367,89400,0.0,0.0,0.0
2019-11-21 00:00:00-05:00,27.176120628584076,27.21386610547374,27.072324166744288,27.12894058227539,78000,0.0,0.0,0.0
2019-11-22 00:00:00-05:00,27.19499050190302,27.232735974816016,27.062884946313954,27.166683197021484,464600,0.0,0.0,0.0
2019-11-25 00:00:00-05:00,27.21386443041437,27.223300799055966,27.072322500397064,27.100629806518555,204200,0.0,0.0,0.0
2019-11-26 00:00:00-05:00,27.12894058227539,27.16668605916506,27.034578689854623,27.12894058227539,62200,0.0,0.0,0.0
2019-11-27 00:00:00-05:00,27.119502809481162,27.27048110961914,27.119502809481162,27.27048110961914,89900,0.0,0.0,0.0
2019-11-29 00:00:00-05:00,27.261043279697553,27.2893523843823,27.166683197021484,27.166683197021484,80700,0.0,0.0,0.0
2019-12-02 00:00:00-05:00,27.12893696703149,27.12893696703149,26.949649575304484,26.97795867919922,353600,0.0,0.0,0.0
2019-12-03 00:00:00-05:00,26.940212152983587,27.034574029136515,26.883595747213064,27.015701293945312,144400,0.0,0.0,0.0
2019-12-04 00:00:00-05:00,27.015706664207013,27.17612134561377,27.015706664207013,27.119504928588867,111800,0.0,0.0,0.0
2019-12-05 00:00:00-05:00,27.110067476316832,27.110067476316832,27.00627101588415,27.034578323364258,78600,0.0,0.0,0.0
2019-12-06 00:00:00-05:00,26.987396982426024,27.223300799055966,26.987396982426024,27.100629806518555,170300,0.0,0.0,0.0
2019-12-09 00:00:00-05:00,27.110065051675885,27.110065051675885,26.874161244822172,26.893033981323242,101300,0.0,0.0,0.0
2019-12-10 00:00:00-05:00,26.930782797831288,26.940217367449925,26.82698453399188,26.874164581298828,79500,0.0,0.0,0.0
2019-12-11 00:00:00-05:00,26.864724163010198,26.99683151520552,26.864724163010198,26.902469635009766,86900,0.0,0.0,0.0
2019-12-12 00:00:00-05:00,27.00627064721285,27.0817597991349,26.8364196054374,26.940216064453125,153100,0.0,0.0,0.0
2019-12-13 00:00:00-05:00,26.974395558067062,27.14530015005799,26.926922865166095,27.126310348510742,2114500,0.176,0.0,0.0
2019-12-16 00:00:00-05:00,27.126310296228063,27.411151885986328,27.126310296228063,27.411151885986328,115400,0.0,0.0,0.0
2019-12-17 00:00:00-05:00,27.439638378832225,27.544080489882024,27.4206485748291,27.4206485748291,594300,0.0,0.0,0.0
2019-12-18 00:00:00-05:00,27.46811952435632,27.58205471167176,27.392162129156983,27.544076919555664,101800,0.0,0.0,0.0
2019-12-19 00:00:00-05:00,27.553570890929844,27.667506074402187,27.496601488226585,27.610538482666016,86300,0.0,0.0,0.0
2019-12-20 00:00:00-05:00,27.629529518733012,27.895379499364573,27.629529518733012,27.800434112548828,86200,0.0,0.0,0.0
2019-12-23 00:00:00-05:00,27.809930053117323,27.828918044610052,27.55357315280952,27.582056045532227,65800,0.0,0.0,0.0
2019-12-24 00:00:00-05:00,27.629529215525817,27.629529215525817,27.525087118014042,27.544076919555664,44000,0.0,0.0,0.0
2019-12-26 00:00:00-05:00,27.55357193968541,27.62952933521379,27.477614544157028,27.534582138061523,79200,0.0,0.0,0.0
2019-12-27 00:00:00-05:00,27.59155094676221,27.59155094676221,27.534583350349553,27.582056045532227,63800,0.0,0.0,0.0
2019-12-30 00:00:00-05:00,27.55357112851518,27.591548919677734,27.30670914757371,27.591548919677734,83400,0.0,0.0,0.0
2019-12-31 00:00:00-05:00,27.572560859004618,27.771948336773658,27.50609655544784,27.73396873474121,69500,0.0,0.0,0.0
2020-01-02 00:00:00-05:00,27.838410490276388,27.838410490276388,27.36367633645594,27.48710823059082,489000,0.0,0.0,0.0
2020-01-03 00:00:00-05:00,27.430140397062242,27.54407739732112,27.430140397062242,27.5060977935791,146300,0.0,0.0,0.0
2020-01-06 00:00:00-05:00,27.458623529413444,27.55357072237095,27.287718944283352,27.48710823059082,367800,0.0,0.0,0.0
2020-01-07 00:00:00-05:00,27.487107034152373,27.487107034152373,27.335192256419628,27.430137634277344,284700,0.0,0.0,0.0
2020-01-08 00:00:00-05:00,27.43963599110635,27.56306789541855,27.382668395021533,27.45862579345703,183500,0.0,0.0,0.0
2020-01-09 00:00:00-05:00,27.44913019893325,27.54407739732112,27.439635297997746,27.5060977935791,147900,0.0,0.0,0.0
2020-01-10 00:00:00-05:00,27.51559135900873,27.610538552788213,27.46811866760254,27.46811866760254,299700,0.0,0.0,0.0
2020-01-13 00:00:00-05:00,27.468118597842043,27.667506074402187,27.468118597842043,27.610538482666016,126900,0.0,0.0,0.0
2020-01-14 00:00:00-05:00,27.55357445788123,27.639026762031268,27.477617055410896,27.629531860351562,130000,0.0,0.0,0.0
2020-01-15 00:00:00-05:00,27.639026825419506,27.95235133769913,27.544079619372003,27.895381927490234,106000,0.0,0.0,0.0
2020-01-16 00:00:00-05:00,27.895381361795106,28.11376047456601,27.895381361795106,28.075780868530273,81200,0.0,0.0,0.0
2020-01-17 00:00:00-05:00,28.12325027346173,28.19920766078439,28.009313286994253,28.17072296142578,112900,0.0,0.0,0.0
2020-01-21 00:00:00-05:00,28.170727150641902,28.341631750274534,28.085274850825584,28.284664154052734,220500,0.0,0.0,0.0
2020-01-22 00:00:00-05:00,28.303651451278935,28.44607134382392,28.303651451278935,28.332136154174805,138700,0.0,0.0,0.0
2020-01-23 00:00:00-05:00,28.28466290938791,28.531523085808388,28.28466290938791,28.512535095214844,74600,0.0,0.0,0.0
2020-01-24 00:00:00-05:00,28.531523280971076,28.569502884352264,28.294156192740147,28.360620498657227,164700,0.0,0.0,0.0
2020-01-27 00:00:00-05:00,28.246682738906365,28.28466234126491,28.13274574279785,28.13274574279785,178800,0.0,0.0,0.0
2020-01-28 00:00:00-05:00,28.170727269903775,28.389104565484544,28.161232368665406,28.275169372558594,92000,0.0,0.0,0.0
2020-01-29 00:00:00-05:00,28.265676010318984,28.265676010318984,28.113761204168156,28.16123390197754,52500,0.0,0.0,0.0
2020-01-30 00:00:00-05:00,28.08527451762691,28.322641611863435,28.047296724252014,28.303651809692383,84200,0.0,0.0,0.0
2020-01-31 00:00:00-05:00,28.199210785535616,28.3511255770146,28.094768687281128,28.218198776245117,127200,0.0,0.0,0.0
2020-02-03 00:00:00-05:00,28.341631414034488,28.36062121620554,28.246684214146434,28.303651809692383,128500,0.0,0.0,0.0
2020-02-04 00:00:00-05:00,28.294157603878432,28.417589510056153,28.22769510561378,28.256179809570312,202000,0.0,0.0,0.0
2020-02-05 00:00:00-05:00,28.322641986478178,28.503041487554846,28.31314708526707,28.41758918762207,77700,0.0,0.0,0.0
2020-02-06 00:00:00-05:00,28.474556783921507,28.550514182643173,28.408094286410957,28.41758918762207,214800,0.0,0.0,0.0
2020-02-07 00:00:00-05:00,28.408093712121367,28.531523803436134,28.408093712121367,28.45556640625,180500,0.0,0.0,0.0
2020-02-10 00:00:00-05:00,28.493548378154877,28.493548378154877,28.341633571158415,28.427085876464844,197300,0.0,0.0,0.0
2020-02-11 00:00:00-05:00,29.272108861365076,29.537960648618633,29.272108861365076,29.49048614501953,268300,0.0,0.0,0.0
2020-02-12 00:00:00-05:00,29.462004227078157,29.642401913812602,29.433519523977726,29.556949615478516,148800,0.0,0.0,0.0
2020-02-13 00:00:00-05:00,29.48098918770309,29.794313645731066,29.48098918770309,29.784820556640625,117300,0.0,0.0,0.0
2020-02-14 00:00:00-05:00,29.7468433818734,29.87976837158203,29.7468433818734,29.87976837158203,81300,0.0,0.0,0.0
2020-02-18 00:00:00-05:00,29.870274499026895,30.24056840033946,29.870274499026895,30.22157859802246,757200,0.0,0.0,0.0
2020-02-19 00:00:00-05:00,30.269050555622243,30.288040357476728,30.136125564575195,30.136125564575195,226500,0.0,0.0,0.0
2020-02-20 00:00:00-05:00,30.107640504170845,30.18359971068654,29.974715514702698,30.164609909057617,61200,0.0,0.0,0.0
2020-02-21 00:00:00-05:00,30.231074061751702,30.231074061751702,30.031684755647234,30.041179656982422,66600,0.0,0.0,0.0
2020-02-24 00:00:00-05:00,29.746845089247614,29.879770086585715,29.623414993286133,29.623414993286133,114400,0.0,0.0,0.0
2020-02-25 00:00:00-05:00,29.61391846790533,29.642401359505932,28.892322301559638,28.911312103271484,142400,0.0,0.0,0.0
2020-02-26 00:00:00-05:00,28.901816633072347,29.13918371689299,28.512534760483863,28.531522750854492,632900,0.0,0.0,0.0
2020-02-27 00:00:00-05:00,28.2561807178859,28.389105718688178,27.35418498424019,27.363679885864258,386600,0.0,0.0,0.0
2020-02-28 00:00:00-05:00,26.77500861651079,26.77500861651079,25.98694994602526,26.537641525268555,784700,0.0,0.0,0.0
2020-03-02 00:00:00-05:00,26.632587590565166,27.87639248421513,26.566125093081187,27.866897583007812,417400,0.0,0.0,0.0
2020-03-03 00:00:00-05:00,27.83841240407459,28.332136392621837,27.240248125964534,27.344688415527344,173300,0.0,0.0,0.0
2020-03-04 00:00:00-05:00,27.67700142582759,28.70242714862262,27.67700142582759,28.68343734741211,161500,0.0,0.0,0.0
2020-03-05 00:00:00-05:00,28.180220438049,28.332135226585613,27.724476072439153,27.980831146240234,181200,0.0,0.0,0.0
2020-03-06 00:00:00-05:00,27.28771904262484,27.876390192309206,26.860459389226893,27.752958297729492,271700,0.0,0.0,0.0
2020-03-09 00:00:00-04:00,26.16734722421324,26.79399619046241,25.49322556484135,25.87301254272461,259400,0.0,0.0,0.0
2020-03-10 00:00:00-04:00,26.52814628933778,26.651576378399657,25.464740937174398,26.556629180908203,665500,0.0,0.0,0.0
2020-03-11 00:00:00-04:00,25.910993107125627,25.977455604349625,25.008997416598454,25.388784408569336,374200,0.0,0.0,0.0
2020-03-12 00:00:00-04:00,23.803170384954598,24.325379045172276,22.65431459221648,22.891681671142578,644000,0.0,0.0,0.0
2020-03-13 00:00:00-04:00,24.078519496813904,24.24942410065048,22.60684237230681,24.23992919921875,2388500,0.0,0.0,0.0
2020-03-16 00:00:00-04:00,21.344048696931065,23.44237475343627,20.736389514687882,21.676362991333008,763300,0.0,0.0,0.0
2020-03-17 00:00:00-04:00,22.084632546912545,23.936094617800645,21.885243265174637,23.91710662841797,809700,0.0,0.0,0.0
2020-03-18 00:00:00-04:00,22.284022112371595,22.910671095080545,21.173144041029875,22.369474411010742,746700,0.0,0.0,0.0
2020-03-19 00:00:00-04:00,22.12261472663083,22.606843865836144,21.628892496333894,22.06564712524414,530400,0.0,0.0,0.0
2020-03-20 00:00:00-04:00,22.28402314893659,22.28402314893659,20.451550620907202,20.50851821899414,1207100,0.0,0.0,0.0
2020-03-23 00:00:00-04:00,20.48003124170558,20.48003124170558,19.31218565020434,19.701467514038086,529600,0.0,0.0,0.0
2020-03-24 00:00:00-04:00,20.631947949007795,21.562426548704558,20.461043346825274,21.49596405029297,279100,0.0,0.0,0.0
2020-03-25 00:00:00-04:00,21.581414792448303,22.83471270329832,21.07819773455778,21.885244369506836,341300,0.0,0.0,0.0
2020-03-26 00:00:00-04:00,22.2670498021516,23.721537349487456,22.190497922036073,23.587570190429688,459200,0.179,0.0,0.0
2020-03-27 00:00:00-04:00,22.802910155385355,24.152138017012856,22.73592749667401,23.424894332885742,2772200,0.0,0.0,0.0
2020-03-30 00:00:00-04:00,23.616278744315945,24.161711139400673,23.41532891051897,24.094728469848633,308100,0.0,0.0,0.0
2020-03-31 00:00:00-04:00,23.989466613729604,23.989466613729604,23.34834397084548,23.491878509521484,425300,0.0,0.0,0.0
2020-04-01 00:00:00-04:00,22.74549904550593,22.831620137022973,22.037393712586372,22.34360122680664,1128600,0.0,0.0,0.0
2020-04-02 00:00:00-04:00,22.601965658702575,23.061276953552238,22.36274079782577,22.802913665771484,418300,0.0,0.0,0.0
2020-04-03 00:00:00-04:00,22.668946797668912,22.72636024936475,21.941703050672352,22.066099166870117,312000,0.0,0.0,0.0
2020-04-06 00:00:00-04:00,22.82205104894118,23.826794688616896,22.82205104894118,23.644983291625977,661700,0.0,0.0,0.0
2020-04-07 00:00:00-04:00,24.343521101962853,24.573176737577313,23.64498315701885,23.673690795898438,388300,0.0,0.0,0.0
2020-04-08 00:00:00-04:00,23.903346212740747,25.214299173991666,23.673690579228175,25.051626205444336,512400,0.0,0.0,0.0
2020-04-09 00:00:00-04:00,25.501367738740566,26.57309583171695,25.501367738740566,26.14249038696289,555800,0.0,0.0,0.0
2020-04-13 00:00:00-04:00,26.065939331072197,26.065939331072197,25.070764908188977,25.329126358032227,1119000,0.0,0.0,0.0
2020-04-14 00:00:00-04:00,25.79800570202782,25.960678665177223,25.48222898828376,25.87455940246582,202800,0.0,0.0,0.0
2020-04-15 00:00:00-04:00,25.223865547576743,25.223865547576743,24.745415908663013,24.86981201171875,121800,0.0,0.0,0.0
2020-04-16 00:00:00-04:00,24.879381311023497,24.99421002782852,24.573173833064157,24.85067367553711,180800,0.0,0.0,0.0
2020-04-17 00:00:00-04:00,25.443954483207975,25.90326574437896,25.271712303983676,25.77886962890625,273700,0.0,0.0,0.0
2020-04-20 00:00:00-04:00,25.434384948567626,25.45352337382605,24.726279640272086,24.831539154052734,300300,0.0,0.0,0.0
2020-04-21 00:00:00-04:00,24.372226446977837,24.659297354830567,24.133001603004256,24.429641723632812,233200,0.0,0.0,0.0
2020-04-22 00:00:00-04:00,24.85067634100259,25.214299128936624,24.582745681620384,25.061195373535156,159600,0.0,0.0,0.0
2020-04-23 00:00:00-04:00,25.262142771523173,25.2812811967816,24.745418065530508,24.831539154052734,218600,0.0,0.0,0.0
2020-04-24 00:00:00-04:00,24.93679717198645,25.223868079231572,24.60188202610416,25.099470138549805,698800,0.0,0.0,0.0
2020-04-27 00:00:00-04:00,25.329126365400285,25.750162610851426,25.290851338617866,25.66404151916504,216200,0.0,0.0,0.0
2020-04-28 00:00:00-04:00,25.998955694371777,26.400853498734552,25.740592429036987,25.83628273010254,112500,0.0,0.0,0.0
2020-04-29 00:00:00-04:00,26.41042208387693,26.41042208387693,25.855420541051675,25.95111083984375,125500,0.0,0.0,0.0
2020-04-30 00:00:00-04:00,25.664038522776714,25.664038522776714,25.032485140906992,25.1760196685791,546800,0.0,0.0,0.0
2020-05-01 00:00:00-04:00,24.783694954914854,24.783694954914854,24.36265869326635,24.506195068359375,205300,0.0,0.0,0.0
2020-05-04 00:00:00-04:00,24.439210062167195,24.611450410548578,24.17127758945063,24.582744598388672,162600,0.0,0.0,0.0
2020-05-05 00:00:00-04:00,24.87938562146513,25.070766240917358,24.735851069446387,24.764556884765625,299300,0.0,0.0,0.0
2020-05-06 00:00:00-04:00,24.85067698587492,24.85067698587492,23.95119285583496,23.95119285583496,154300,0.0,0.0,0.0
2020-05-07 00:00:00-04:00,24.324383360712563,24.582746642478885,24.190418025785196,24.21912384033203,230900,0.0,0.0,0.0
2020-05-08 00:00:00-04:00,24.659296155042266,25.070763158679576,24.58274428170095,24.975072860717773,776700,0.0,0.0,0.0
2020-05-11 00:00:00-04:00,24.76455528351059,24.841107161313527,24.3148132295609,24.716711044311523,132800,0.0,0.0,0.0
2020-05-12 00:00:00-04:00,24.821970815631136,24.821970815631136,24.333951905197832,24.343521118164062,139800,0.0,0.0,0.0
2020-05-13 00:00:00-04:00,24.199985307792225,24.199985307792225,23.644981935633457,23.884206771850586,323300,0.0,0.0,0.0
2020-05-14 00:00:00-04:00,23.664122249023343,24.228693053561244,23.214380178095187,24.21912384033203,120900,0.0,0.0,0.0
2020-05-15 00:00:00-04:00,24.075589111801236,24.075589111801236,23.644983645416797,23.9224853515625,117600,0.0,0.0,0.0
2020-05-18 00:00:00-04:00,24.563606397990757,25.37697121086608,24.53489876042786,25.214298248291016,169200,0.0,0.0,0.0
2020-05-19 00:00:00-04:00,25.02291994457872,25.223869775679393,24.812402725219727,24.812402725219727,185000,0.0,0.0,0.0
2020-05-20 00:00:00-04:00,25.080332018920448,25.271712626084625,24.955935901862247,25.051626205444336,136600,0.0,0.0,0.0
2020-05-21 00:00:00-04:00,25.00378156345582,25.156887152981216,24.783695130295627,24.802833557128906,300200,0.0,0.0,0.0
2020-05-22 00:00:00-04:00,24.764553840173683,24.984642073028017,24.72627881607334,24.975072860717773,295600,0.0,0.0,0.0
2020-05-26 00:00:00-04:00,25.51093726630977,25.778869749146246,25.338695086282087,25.415246963500977,132900,0.0,0.0,0.0
2020-05-27 00:00:00-04:00,25.80757445094577,25.874558937625633,25.348263207413403,25.616195678710938,187700,0.0,0.0,0.0
2020-05-28 00:00:00-04:00,25.9606789521247,26.305163307340646,25.826713625158806,26.15205955505371,101500,0.0,0.0,0.0
2020-05-29 00:00:00-04:00,26.046800085335246,26.257319113944206,25.769300218269837,26.14249038696289,492500,0.0,0.0,0.0
2020-06-01 00:00:00-04:00,26.18076760207096,26.56352698876834,26.008525421771957,26.419992446899414,606900,0.0,0.0,0.0
2020-06-02 00:00:00-04:00,26.47740683255562,26.630510592634998,26.343441498771362,26.592235565185547,213100,0.0,0.0,0.0
2020-06-03 00:00:00-04:00,26.82189041864221,27.175942169013943,26.82189041864221,27.061115264892578,520300,0.0,0.0,0.0
2020-06-04 00:00:00-04:00,26.927146705693453,26.97499276753288,26.343439352377555,26.630508422851562,561100,0.0,0.0,0.0
2020-06-05 00:00:00-04:00,26.984562646111183,27.702237165155196,26.984562646111183,27.185510635375977,689400,0.0,0.0,0.0
2020-06-08 00:00:00-04:00,27.27163255637192,28.084997401151508,27.27163255637192,28.037151336669922,489900,0.0,0.0,0.0
2020-06-09 00:00:00-04:00,27.72137539651485,27.72137539651485,27.032408474740297,27.233356475830078,512100,0.0,0.0,0.0
2020-06-10 00:00:00-04:00,27.214218207266633,27.252493232449776,26.726199316481964,26.860164642333984,4181400,0.0,0.0,0.0
2020-06-11 00:00:00-04:00,26.22861156942409,26.22861156942409,25.281281412728422,25.463092803955078,2270000,0.0,0.0,0.0
2020-06-12 00:00:00-04:00,26.037230343438825,26.075507193368168,25.109038634340212,25.558780670166016,19680100,0.0,0.0,0.0
2020-06-15 00:00:00-04:00,25.022918719418946,25.864991205907458,24.764555445714013,25.6927490234375,669400,0.0,0.0,0.0
2020-06-16 00:00:00-04:00,26.40085260795873,26.601800590789708,25.87455870756659,25.9893856048584,528300,0.0,0.0,0.0
2020-06-17 00:00:00-04:00,26.07550757019608,26.07550757019608,25.635334740491494,25.83628273010254,475700,0.0,0.0,0.0
2020-06-18 00:00:00-04:00,25.664040730406946,25.903265572152186,25.5779196413674,25.798006057739258,256700,0.0,0.0,0.0
2020-06-19 00:00:00-04:00,25.979817358759927,26.104215298116525,25.156885147094727,25.156885147094727,220100,0.0,0.0,0.0
2020-06-22 00:00:00-04:00,25.156885821791583,25.463093334357563,24.936797575136634,25.367403030395508,426200,0.0,0.0,0.0
2020-06-23 00:00:00-04:00,25.61619459551841,25.61619459551841,25.061193076766802,25.128175735473633,297500,0.0,0.0,0.0
2020-06-24 00:00:00-04:00,24.917662292987742,24.97507574834674,24.525331843468877,24.802833557128906,228900,0.0,0.0,0.0
2020-06-25 00:00:00-04:00,24.762894381423816,24.762894381423816,24.344009562026116,24.714187622070312,254200,0.459,0.0,0.0
2020-06-26 00:00:00-04:00,24.616769494964853,24.79211678191649,24.217368167149925,24.392715454101562,203300,0.0,0.0,0.0
2020-06-29 00:00:00-04:00,24.597287491554074,24.996688842773438,24.4121984713654,24.996688842773438,105900,0.0,0.0,0.0
2020-06-30 00:00:00-04:00,24.996685715558186,25.19151643433442,24.87004704898404,25.113584518432617,170700,0.0,0.0,0.0
2020-07-01 00:00:00-04:00,25.08436064823052,25.61040250125819,25.08436064823052,25.51298713684082,445500,0.0,0.0,0.0
2020-07-02 00:00:00-04:00,25.707816203096,25.883163488771775,25.493503886183138,25.551952362060547,476400,0.0,0.0,0.0
2020-07-06 00:00:00-04:00,25.844198261033753,25.94161176740759,25.318156408006082,25.51298713684082,134700,0.0,0.0,0.0
2020-07-07 00:00:00-04:00,25.288932920791005,25.415573460357272,25.18177768505454,25.30841636657715,104800,0.0,0.0,0.0
2020-07-08 00:00:00-04:00,25.279191829366223,25.503245870904525,25.20125990804666,25.42531394958496,84000,0.0,0.0,0.0
2020-07-09 00:00:00-04:00,25.347384586011408,25.347384586011408,24.665478812123013,25.025915145874023,181700,0.0,0.0,0.0
2020-07-10 00:00:00-04:00,25.113586694106502,25.542211339677902,25.113586694106502,25.503246307373047,116000,0.0,0.0,0.0
2020-07-13 00:00:00-04:00,25.522732278305405,25.87342503592844,25.46428193699841,25.620145797729492,148400,0.0,0.0,0.0
2020-07-14 00:00:00-04:00,25.600662704955603,25.980580610916764,25.600662704955603,25.86368179321289,115600,0.0,0.0,0.0
2020-07-15 00:00:00-04:00,26.1656686552676,26.350755810831817,25.84419924112959,25.853940963745117,92900,0.0,0.0,0.0
2020-07-16 00:00:00-04:00,25.79548979153303,26.165667806744217,25.79548979153303,26.048768997192383,85400,0.0,0.0,0.0
2020-07-17 00:00:00-04:00,26.155927792053802,26.574812588066724,26.155927792053802,26.526103973388672,104600,0.0,0.0,0.0
2020-07-20 00:00:00-04:00,26.448171228119495,26.457912950753137,26.000063135233653,26.03902816772461,57300,0.0,0.0,0.0
2020-07-21 00:00:00-04:00,26.126702341974898,26.467655208876007,26.116960619144166,26.30204963684082,97600,0.0,0.0,0.0
2020-07-22 00:00:00-04:00,26.165668729822563,26.76964066935739,26.08773680671989,26.72093391418457,89700,0.0,0.0,0.0
2020-07-23 00:00:00-04:00,26.71119129901679,26.91576189355946,26.623517656200345,26.730674743652344,114800,0.0,0.0,0.0
2020-07-24 00:00:00-04:00,26.750158148117624,26.97421406056567,26.438430444938728,26.54558753967285,100600,0.0,0.0,0.0
2020-07-27 00:00:00-04:00,26.623518495419184,26.623518495419184,26.06825331210783,26.204633712768555,58000,0.0,0.0,0.0
2020-07-28 00:00:00-04:00,26.107218417365846,26.759898970702174,26.107218417365846,26.555328369140625,84600,0.0,0.0,0.0
2020-07-29 00:00:00-04:00,26.652743016298725,26.798865136037186,26.487137451783518,26.76963996887207,58100,0.0,0.0,0.0
2020-07-30 00:00:00-04:00,26.496878982156343,26.750156330244348,26.34101514115901,26.730674743652344,61300,0.0,0.0,0.0
2020-07-31 00:00:00-04:00,26.623520173644653,26.84757423400879,26.40920783651944,26.84757423400879,46600,0.0,0.0,0.0
2020-08-03 00:00:00-04:00,26.76964057130814,26.76964057130814,26.399464402437186,26.535844802856445,65700,0.0,0.0,0.0
2020-08-04 00:00:00-04:00,26.496879435218432,26.837830431952696,26.496879435218432,26.643001556396484,92200,0.0,0.0,0.0
2020-08-05 00:00:00-04:00,26.740417874005626,26.740417874005626,26.224117712238595,26.30204963684082,157300,0.0,0.0,0.0
2020-08-06 00:00:00-04:00,26.321531835058916,26.59429262921807,26.24359991415008,26.584552764892578,108700,0.0,0.0,0.0
2020-08-07 00:00:00-04:00,26.516361408096348,27.13981864986412,26.516361408096348,27.05214500427246,44600,0.0,0.0,0.0
2020-08-10 00:00:00-04:00,27.169039018864662,27.285937819681372,27.08136538276298,27.208005905151367,55600,0.0,0.0,0.0
2020-08-11 00:00:00-04:00,27.334646736930367,27.38335534865098,26.691707926566707,26.75015640258789,85200,0.0,0.0,0.0
2020-08-12 00:00:00-04:00,26.8086083981863,27.178784579987827,26.8086083981863,27.042404174804688,52200,0.0,0.0,0.0
2020-08-13 00:00:00-04:00,26.935247230009214,26.983955845019178,26.71119317509441,26.896282196044922,85900,0.0,0.0,0.0
2020-08-14 00:00:00-04:00,26.662484617577892,26.944987133383233,26.662484617577892,26.75015640258789,58700,0.0,0.0,0.0
2020-08-17 00:00:00-04:00,26.779382076937562,26.886539166709376,26.643001677623317,26.662485122680664,86300,0.0,0.0,0.0
2020-08-18 00:00:00-04:00,26.62351779632522,26.68196627249596,26.457912232138494,26.584552764892578,55700,0.0,0.0,0.0
2020-08-19 00:00:00-04:00,26.62351844828128,26.652743616104093,26.49687977046963,26.535844802856445,28300,0.0,0.0,0.0
2020-08-20 00:00:00-04:00,26.409206293691977,26.46765477166725,26.224117279052734,26.224117279052734,47000,0.0,0.0,0.0
2020-08-21 00:00:00-04:00,26.243601618590194,26.243601618590194,26.029287428639183,26.21437644958496,68300,0.0,0.0,0.0
2020-08-24 00:00:00-04:00,26.29230819706502,26.526103973388672,26.12670262324697,26.526103973388672,49400,0.0,0.0,0.0
2020-08-25 00:00:00-04:00,26.49687743330389,26.49687743330389,26.23385652022922,26.29230499267578,34300,0.0,0.0,0.0
2020-08-26 00:00:00-04:00,26.25334088377124,26.25334088377124,25.84419784622009,25.951353073120117,55300,0.0,0.0,0.0
2020-08-27 00:00:00-04:00,25.970838208371983,26.253342593238717,25.951354762923874,26.07799530029297,34800,0.0,0.0,0.0
2020-08-28 00:00:00-04:00,26.155927078407647,26.233859001722546,25.912389585793132,26.224117279052734,56400,0.0,0.0,0.0
2020-08-31 00:00:00-04:00,26.155927198948152,26.36049780182618,26.155927198948152,26.243600845336914,86000,0.0,0.0,0.0
2020-09-01 00:00:00-04:00,26.175410816874994,26.175410816874994,25.844199674566667,25.931873321533203,121200,0.0,0.0,0.0
2020-09-02 00:00:00-04:00,26.019544889993618,26.6819671689976,25.902647933724456,26.574811935424805,91900,0.0,0.0,0.0
2020-09-03 00:00:00-04:00,26.613778046302148,26.857315549446263,26.029287667147525,26.25334358215332,62200,0.0,0.0,0.0
2020-09-04 00:00:00-04:00,26.29230774782948,26.321532916136963,25.805232757633206,26.09747886657715,46500,0.0,0.0,0.0
2020-09-08 00:00:00-04:00,26.07799271439753,26.07799271439753,25.64936624725984,25.795488357543945,133700,0.0,0.0,0.0
2020-09-09 00:00:00-04:00,25.951354762923874,26.341016239711593,25.951354762923874,26.07799530029297,74900,0.0,0.0,0.0
2020-09-10 00:00:00-04:00,26.029288896659523,26.029288896659523,25.620145797729492,25.620145797729492,170300,0.0,0.0,0.0
2020-09-11 00:00:00-04:00,25.68833517626256,25.707816763283848,25.45453755157125,25.649368286132812,95900,0.0,0.0,0.0
2020-09-14 00:00:00-04:00,25.82471742795788,26.068254934606244,25.82471742795788,25.980581283569336,40200,0.0,0.0,0.0
2020-09-15 00:00:00-04:00,26.097479671083253,26.33127545061944,25.805233553130247,25.90264892578125,94000,0.0,0.0,0.0
2020-09-16 00:00:00-04:00,25.883165568039242,26.292308648135812,25.883165568039242,26.087738037109375,36300,0.0,0.0,0.0
2020-09-17 00:00:00-04:00,25.951353893866713,25.990320783458014,25.77600660679298,25.922130584716797,33800,0.0,0.0,0.0
2020-09-18 00:00:00-04:00,25.980580476063157,25.980580476063157,25.454538586191685,25.493505477905273,78800,0.0,0.0,0.0
2020-09-21 00:00:00-04:00,25.32789918460479,25.32789918460479,24.879791090891946,25.191518783569336,90000,0.0,0.0,0.0
2020-09-22 00:00:00-04:00,25.172035505488157,25.522730091101746,25.172035505488157,25.396089553833008,111700,0.0,0.0,0.0
2020-09-23 00:00:00-04:00,25.512987189014368,25.512987189014368,25.016170501708984,25.016170501708984,29800,0.0,0.0,0.0
2020-09-24 00:00:00-04:00,24.992564231104524,25.415500488917793,24.81552097192551,25.258129119873047,66100,0.246,0.0,0.0
2020-09-25 00:00:00-04:00,25.179444548548872,25.681066513061523,25.179444548548872,25.681066513061523,31900,0.0,0.0,0.0
2020-09-28 00:00:00-04:00,25.779422940845986,25.93679619728758,25.690903180868915,25.710573196411133,27000,0.0,0.0,0.0
2020-09-29 00:00:00-04:00,25.799093423536355,25.956464795369197,25.602380146752665,25.730243682861328,104200,0.0,0.0,0.0
2020-09-30 00:00:00-04:00,25.88761510109819,26.15317999504767,25.88761510109819,26.0351505279541,83600,0.0,0.0,0.0
2020-10-01 00:00:00-04:00,26.0941670273099,26.23186651327511,25.956465665329894,26.14334487915039,148700,0.0,0.0,0.0
2020-10-02 00:00:00-04:00,25.88761416674855,26.644965040226165,25.858108208051153,26.526935577392578,121100,0.0,0.0,0.0
2020-10-05 00:00:00-04:00,26.576117924709397,26.85151690514244,26.487596287851677,26.78266716003418,59300,0.0,0.0,0.0
2020-10-06 00:00:00-04:00,26.762994829602544,27.392482223163164,26.762994829602544,27.067903518676758,53900,0.0,0.0,0.0
2020-10-07 00:00:00-04:00,27.126915733307698,27.264615213228414,26.9498724728298,27.156423568725586,37600,0.0,0.0,0.0
2020-10-08 00:00:00-04:00,27.23510856484653,27.677714828829753,27.23510856484653,27.658044815063477,136600,0.0,0.0,0.0
2020-10-09 00:00:00-04:00,27.864593441880157,27.864593441880157,27.46132908995153,27.5596866607666,26500,0.0,0.0,0.0
2020-10-12 00:00:00-04:00,27.540017323053853,27.83508818682351,27.540017323053853,27.736732482910156,25000,0.0,0.0,0.0
2020-10-13 00:00:00-04:00,27.589193595984273,27.648209266172373,27.36297248830731,27.599029541015625,43200,0.0,0.0,0.0
2020-10-14 00:00:00-04:00,27.608865486046973,27.78590874458188,27.51050791174817,27.599029541015625,18600,0.0,0.0,0.0
2020-10-15 00:00:00-04:00,27.412153036471157,27.825253360117067,27.39248114581784,27.707223892211914,39200,0.0,0.0,0.0
2020-10-16 00:00:00-04:00,27.825253005021633,27.962952485808085,27.628537853028366,27.84492301940918,53500,0.0,0.0,0.0
2020-10-19 00:00:00-04:00,27.83508735497698,27.90393897207943,27.599030295812817,27.628538131713867,75900,0.0,0.0,0.0
2020-10-20 00:00:00-04:00,27.766237584713206,27.972788683774027,27.687551898407833,27.854759216308594,43300,0.0,0.0,0.0
2020-10-21 00:00:00-04:00,27.746565368561928,27.992458369882815,27.746565368561928,27.766237258911133,36800,0.0,0.0,0.0
2020-10-22 00:00:00-04:00,27.825253797942768,28.18917440068162,27.638374585825243,28.179338455200195,73600,0.0,0.0,0.0
2020-10-23 00:00:00-04:00,28.2776969307692,28.39572640427459,28.208847186230567,28.36621856689453,65200,0.0,0.0,0.0
2020-10-26 00:00:00-04:00,28.080981627235793,28.248188952861295,27.913774301610292,28.208847045898438,90700,0.0,0.0,0.0
2020-10-27 00:00:00-04:00,28.199010958296814,28.317040430621283,28.051475524902344,28.051475524902344,40300,0.0,0.0,0.0
2020-10-28 00:00:00-04:00,27.608866117454237,27.854759120817405,27.008886588923392,27.018722534179688,70000,0.0,0.0,0.0
2020-10-29 00:00:00-04:00,26.940035025902553,27.353135318650892,26.566278511518153,27.0974063873291,80700,0.0,0.0,0.0
2020-10-30 00:00:00-04:00,26.920368194580078,27.048231737346462,26.674475178786018,26.920368194580078,57500,0.0,0.0,0.0
2020-11-02 00:00:00-05:00,27.195766269740183,27.4908390045166,27.00888705864993,27.4908390045166,72200,0.0,0.0,0.0
2020-11-03 00:00:00-05:00,27.835086503079882,28.12032328001608,27.835086503079882,27.972787857055664,25300,0.0,0.0,0.0
2020-11-04 00:00:00-05:00,27.844922615477948,28.336708612312318,27.677715301513672,27.677715301513672,28200,0.0,0.0,0.0
2020-11-05 00:00:00-05:00,27.953118524953982,28.3268750890559,27.894104725572596,27.92361068725586,49900,0.0,0.0,0.0
2020-11-06 00:00:00-05:00,27.943281862034038,28.071147279430033,27.60886721409579,27.66788101196289,33600,0.0,0.0,0.0
2020-11-09 00:00:00-05:00,28.52358893490777,29.28093984997473,28.52358893490777,28.553096771240234,96500,0.0,0.0,0.0
2020-11-10 00:00:00-05:00,28.612108852017812,29.330115942249158,28.612108852017812,29.241594314575195,101000,0.0,0.0,0.0
2020-11-11 00:00:00-05:00,29.41863868560937,29.41863868560937,29.054718092272388,29.133403778076172,64000,0.0,0.0,0.0
2020-11-12 00:00:00-05:00,29.015374695412465,29.015374695412465,28.35638136457776,28.54326057434082,56400,0.0,0.0,0.0
2020-11-13 00:00:00-05:00,28.69079626312981,29.084224700927734,28.69079626312981,29.084224700927734,73500,0.0,0.0,0.0
2020-11-16 00:00:00-05:00,29.349788917452827,29.46781650804023,29.10389591504522,29.3596248626709,54100,0.0,0.0,0.0
2020-11-17 00:00:00-05:00,29.17274687494874,29.17274687494874,28.86784006450263,28.877676010131836,27700,0.0,0.0,0.0
2020-11-18 00:00:00-05:00,28.995702578364902,29.06455231931525,28.30720329284668,28.30720329284668,46300,0.0,0.0,0.0
2020-11-19 00:00:00-05:00,28.29736803206278,28.29736803206278,27.89410364587195,28.031803131103516,36200,0.0,0.0,0.0
2020-11-20 00:00:00-05:00,27.992461003253002,28.130162372636864,27.91377531046861,28.021968841552734,79700,0.0,0.0,0.0
2020-11-23 00:00:00-05:00,28.15966401286823,28.307201305707412,28.110486165931576,28.228515625,93700,0.0,0.0,0.0
2020-11-24 00:00:00-05:00,28.464575750045697,28.79899039827543,28.464575750045697,28.730138778686523,46000,0.0,0.0,0.0
2020-11-25 00:00:00-05:00,28.671123756302595,28.739973496936308,28.45473858916597,28.680959701538086,67300,0.0,0.0,0.0
2020-11-27 00:00:00-05:00,28.50391664499277,28.58260233142971,28.287531476294863,28.385889053344727,19200,0.0,0.0,0.0
2020-11-30 00:00:00-05:00,28.287531939672043,28.287531939672043,27.83508782823709,27.874431610107422,33800,0.0,0.0,0.0
2020-12-01 00:00:00-05:00,28.06131006614988,28.376052808576063,28.06131006614988,28.07114601135254,74100,0.0,0.0,0.0
2020-12-02 00:00:00-05:00,27.982625921821242,28.208847045898438,27.766238867473636,28.208847045898438,21400,0.0,0.0,0.0
2020-12-03 00:00:00-05:00,28.041638321420297,28.2285175292122,27.972788580658737,28.002294540405273,24700,0.0,0.0,0.0
2020-12-04 00:00:00-05:00,28.021968841552734,28.169504281021613,27.854761509884035,28.021968841552734,35000,0.0,0.0,0.0
2020-12-07 00:00:00-05:00,27.95311744296908,28.179338561853736,27.943281497450428,28.031803131103516,21500,0.0,0.0,0.0
2020-12-08 00:00:00-05:00,27.854758863220624,28.071145904828526,27.854758863220624,27.99245834350586,53600,0.0,0.0,0.0
2020-12-09 00:00:00-05:00,28.01213048565903,28.031802376166542,27.864595058882152,28.002294540405273,30400,0.0,0.0,0.0
2020-12-10 00:00:00-05:00,27.933444902613967,27.933444902613967,27.70722378898786,27.854759216308594,37900,0.0,0.0,0.0
2020-12-11 00:00:00-05:00,27.726895354227445,27.864594834642432,27.726895354227445,27.766237258911133,26300,0.0,0.0,0.0
2020-12-14 00:00:00-05:00,27.933443178646318,28.1498302096424,27.5596866607666,27.5596866607666,57400,0.0,0.0,0.0
2020-12-15 00:00:00-05:00,27.68755147854522,28.189173424640753,27.63837362885564,28.139995574951172,199500,0.0,0.0,0.0
2020-12-16 00:00:00-05:00,28.208843986426512,28.287529667832967,27.77607180068369,27.785907745361328,92600,0.0,0.0,0.0
2020-12-17 00:00:00-05:00,27.894102096557617,28.07114535403033,27.894102096557617,27.894102096557617,104700,0.0,0.0,0.0
2020-12-18 00:00:00-05:00,27.894104009813923,28.021967551195107,27.579361253169644,27.66788101196289,35800,0.0,0.0,0.0
2020-12-21 00:00:00-05:00,27.412151829259358,27.412151829259358,26.940035854445146,27.20560073852539,54700,0.0,0.0,0.0
2020-12-22 00:00:00-05:00,27.185930074330187,27.294123597021482,27.097408442312723,27.254779815673828,32000,0.0,0.0,0.0
2020-12-23 00:00:00-05:00,27.471166460789817,27.58919405108356,27.31379508972168,27.31379508972168,18000,0.0,0.0,0.0
2020-12-24 00:00:00-05:00,27.315780923721203,27.474535761016142,27.196713849496525,27.45469093322754,18000,0.242,0.0,0.0
2020-12-28 00:00:00-05:00,27.593600068830153,27.811889382577565,27.543989893436766,27.623367309570312,40300,0.0,0.0,0.0
2020-12-29 00:00:00-05:00,27.702744009682377,27.782121423764288,27.48445659408383,27.543989181518555,52600,0.0,0.0,0.0
2020-12-30 00:00:00-05:00,27.54399021737902,27.82181212336731,27.54399021737902,27.71266746520996,98100,0.0,0.0,0.0
2020-12-31 00:00:00-05:00,27.752354933981128,28.16908684230275,27.682899931345336,28.159164428710938,32700,0.0,0.0,0.0
2021-01-04 00:00:00-05:00,28.21870012695647,28.21870012695647,27.424924037948646,27.4943790435791,176300,0.0,0.0,0.0
2021-01-05 00:00:00-05:00,27.484456979124523,27.633289396049804,27.286012494886243,27.534067153930664,48700,0.0,0.0,0.0
2021-01-06 00:00:00-05:00,27.63328899883616,28.298075551219533,27.63328899883616,28.17900848388672,106500,0.0,0.0,0.0
2021-01-07 00:00:00-05:00,28.298075107975436,28.298075107975436,27.643210979169435,27.653133392333984,45500,0.0,0.0,0.0
2021-01-08 00:00:00-05:00,27.692822923019882,27.89126741398482,27.64321274653211,27.851577758789062,214900,0.0,0.0,0.0
2021-01-11 00:00:00-05:00,27.672976290817793,27.861498355689932,27.573755944312587,27.702743530273438,121100,0.0,0.0,0.0
2021-01-12 00:00:00-05:00,27.682898703969677,27.801965769285445,27.434844052693055,27.702743530273438,245700,0.0,0.0,0.0
2021-01-13 00:00:00-05:00,27.682899624653945,28.129398768804357,27.682899624653945,28.069866180419922,77900,0.0,0.0,0.0
2021-01-14 00:00:00-05:00,28.129398925651387,28.129398925651387,27.782122021876553,27.82181167602539,41800,0.0,0.0,0.0
2021-01-15 00:00:00-05:00,27.692822701750046,28.238542208782853,27.68290028803039,28.198854446411133,67700,0.0,0.0,0.0
2021-01-19 00:00:00-05:00,28.317921229388222,28.317921229388222,28.05994415283203,28.05994415283203,83700,0.0,0.0,0.0
2021-01-20 00:00:00-05:00,28.030176105126866,28.17900852010405,27.95079869097191,28.129398345947266,94000,0.0,0.0,0.0
2021-01-21 00:00:00-05:00,28.09963275203855,28.179010170843465,27.881345323451757,27.94087791442871,31200,0.0,0.0,0.0
2021-01-22 00:00:00-05:00,27.85157765852162,28.06986697629858,27.74243299963314,28.000410079956055,82300,0.0,0.0,0.0
2021-01-25 00:00:00-05:00,27.95080010173816,28.397299261712785,27.95080010173816,28.28815460205078,34700,0.0,0.0,0.0
2021-01-26 00:00:00-05:00,28.30799920535067,28.30799920535067,27.990487642714772,28.05002212524414,83100,0.0,0.0,0.0
2021-01-27 00:00:00-05:00,27.772198621649117,27.970643100329223,27.48445620932045,27.553911209106445,53400,0.0,0.0,0.0
2021-01-28 00:00:00-05:00,27.66305571997878,28.188932297010158,27.66305571997878,27.80196762084961,38600,0.0,0.0,0.0
2021-01-29 00:00:00-05:00,27.722588412602292,27.93095341169248,27.524143934177236,27.6035213470459,33700,0.0,0.0,0.0
2021-02-01 00:00:00-05:00,27.69282330716637,27.94087797806002,27.524146055258413,27.841655731201172,59400,0.0,0.0,0.0
2021-02-02 00:00:00-05:00,27.980567530974994,28.337764968844386,27.87142287058068,27.990488052368164,27300,0.0,0.0,0.0
2021-02-03 00:00:00-05:00,27.960722394313276,28.010332570758898,27.841655321334095,27.90118980407715,24900,0.0,0.0,0.0
2021-02-04 00:00:00-05:00,27.901188899565483,28.129398731828218,27.881344072627805,28.119476318359375,61000,0.0,0.0,0.0
2021-02-05 00:00:00-05:00,28.258387360550163,28.377454434045706,28.238542532883084,28.28815460205078,25800,0.0,0.0,0.0
2021-02-08 00:00:00-05:00,28.317921191463807,28.317921191463807,28.000409633622795,28.109554290771484,35800,0.0,0.0,0.0
2021-02-09 00:00:00-05:00,28.17900848388672,28.24846348461968,27.97064348168783,28.17900848388672,96200,0.0,0.0,0.0
2021-02-10 00:00:00-05:00,28.30799975257045,28.436987348863706,28.198855091663653,28.37745475769043,35800,0.0,0.0,0.0
2021-02-11 00:00:00-05:00,28.377452943848336,28.44690794452886,28.188930875924886,28.228620529174805,44800,0.0,0.0,0.0
2021-02-12 00:00:00-05:00,28.13932075927999,28.238541107593555,28.020253691794142,28.129398345947266,30400,0.0,0.0,0.0
2021-02-16 00:00:00-05:00,28.16908771755633,28.16908771755633,27.92103304757431,27.990488052368164,57900,0.0,0.0,0.0
2021-02-17 00:00:00-05:00,27.980567506813916,28.04010009765625,27.87142284651385,28.04010009765625,42200,0.0,0.0,0.0
2021-02-18 00:00:00-05:00,28.030176452930746,28.228620937033885,28.030176452930746,28.169086456298828,119700,0.0,0.0,0.0
2021-02-19 00:00:00-05:00,28.198854219438825,28.198854219438825,27.940877142324908,27.960721969604492,25100,0.0,0.0,0.0
2021-02-22 00:00:00-05:00,27.930953838604516,27.930953838604516,27.305856939272825,27.543989181518555,36500,0.0,0.0,0.0
2021-02-23 00:00:00-05:00,27.58367864637094,27.91111073625028,27.524146055258413,27.841655731201172,55800,0.0,0.0,0.0
2021-02-24 00:00:00-05:00,27.811888957158406,27.881343958649495,27.633289300463122,27.682899475097656,45200,0.0,0.0,0.0
2021-02-25 00:00:00-05:00,27.702744885174884,27.782122301765366,27.325702629496814,27.37531280517578,36000,0.0,0.0,0.0
2021-02-26 00:00:00-05:00,27.266167930054774,27.266167930054774,26.502159118652344,26.502159118652344,86300,0.0,0.0,0.0
2021-03-01 00:00:00-05:00,26.928813104022243,27.325702071375176,26.928813104022243,27.047880172729492,81600,0.0,0.0,0.0
2021-03-02 00:00:00-05:00,27.067723529702494,27.107411288778458,26.77997923324808,26.93873405456543,62300,0.0,0.0,0.0
2021-03-03 00:00:00-05:00,26.958582351443646,26.958582351443646,26.58154007539507,26.899049758911133,110500,0.0,0.0,0.0
2021-03-04 00:00:00-05:00,26.87920254605678,27.474534096089847,26.87920254605678,27.057802200317383,107900,0.0,0.0,0.0
2021-03-05 00:00:00-05:00,27.325702435212325,27.792044517802374,27.186790537786468,27.672977447509766,66700,0.0,0.0,0.0
2021-03-08 00:00:00-05:00,27.692821943878222,28.35760850484674,27.692821943878222,28.218698501586914,60100,0.0,0.0,0.0
2021-03-09 00:00:00-05:00,28.30799904333678,28.45683146379457,28.24846456114814,28.298076629638672,58700,0.0,0.0,0.0
2021-03-10 00:00:00-05:00,28.278232025776,28.625508937927265,28.278232025776,28.536209106445312,47400,0.0,0.0,0.0
2021-03-11 00:00:00-05:00,28.51636323896058,28.665195655167256,28.367530822753906,28.367530822753906,59200,0.0,0.0,0.0
2021-03-12 00:00:00-05:00,28.31792078343707,28.823950622455254,28.31792078343707,28.75449562072754,54600,0.0,0.0,0.0
2021-03-15 00:00:00-04:00,29.072004916811373,29.34982681274414,28.96286215511126,29.34982681274414,89000,0.0,0.0,0.0
2021-03-16 00:00:00-04:00,29.27044943475502,29.35974926239719,29.200994433812625,29.300216674804688,64000,0.0,0.0,0.0
2021-03-17 00:00:00-04:00,29.081927694948817,29.10177252187298,28.72473027284815,28.75449562072754,44600,0.0,0.0,0.0
2021-03-18 00:00:00-04:00,28.744573955957744,28.903328790472333,28.6850413661415,28.784263610839844,31300,0.0,0.0,0.0
2021-03-19 00:00:00-04:00,28.76441830063658,29.14146244566086,28.585818641678436,28.943017959594727,60200,0.0,0.0,0.0
2021-03-22 00:00:00-04:00,28.883484773749927,28.883484773749927,28.52628546321702,28.66519546508789,82200,0.0,0.0,0.0
2021-03-23 00:00:00-04:00,28.61558517633377,28.952939658818828,28.575895523097017,28.86363983154297,51400,0.0,0.0,0.0
2021-03-24 00:00:00-04:00,28.794185121049885,29.2109170217011,28.794185121049885,29.00255012512207,108500,0.0,0.0,0.0
2021-03-25 00:00:00-04:00,29.039348107191636,29.427201796975346,28.959788327316648,29.377477645874023,105700,0.067,0.0,0.0
2021-03-26 00:00:00-04:00,29.397365849727805,29.516706466674805,29.278027129635557,29.516706466674805,32500,0.0,0.0,0.0
2021-03-29 00:00:00-04:00,29.427201730393215,29.90456040856306,29.427201730393215,29.765331268310547,85000,0.0,0.0,0.0
2021-03-30 00:00:00-04:00,29.725549584081715,29.725549584081715,29.39736526507284,29.536596298217773,69000,0.0,0.0,0.0
2021-03-31 00:00:00-04:00,29.626101849608364,29.65593558117935,29.47692560433444,29.6459903717041,87000,0.0,0.0,0.0
2021-04-01 00:00:00-04:00,29.566430592756895,29.665880790654594,29.357586884341007,29.6459903717041,304400,0.0,0.0,0.0
2021-04-05 00:00:00-04:00,29.685770588804033,30.113405103022938,29.685770588804033,29.924449920654297,44200,0.0,0.0,0.0
2021-04-06 00:00:00-04:00,29.70566215813656,30.023901279598835,29.70566215813656,30.01395606994629,69200,0.0,0.0,0.0
2021-04-07 00:00:00-04:00,30.03384678342467,30.093516145069596,29.88467053403015,30.004011154174805,25200,0.0,0.0,0.0
2021-04-08 00:00:00-04:00,30.053733847419338,30.053733847419338,29.894614292852495,29.924449920654297,23800,0.0,0.0,0.0
2021-04-09 00:00:00-04:00,29.964229449031453,29.984119867956412,29.83494551972872,29.904560089111328,36500,0.0,0.0,0.0
2021-04-12 00:00:00-04:00,30.01395533715064,30.16312968458712,29.924450349317805,29.97417449951172,14500,0.0,0.0,0.0
2021-04-13 00:00:00-04:00,29.874726743556852,30.262580433330832,29.725550496547065,30.212854385375977,54000,0.0,0.0,0.0
2021-04-14 00:00:00-04:00,30.1531847174422,30.35208511352539,30.1531847174422,30.35208511352539,25000,0.0,0.0,0.0
2021-04-15 00:00:00-04:00,30.381918940025653,30.670324325561523,30.352085208318332,30.670324325561523,38300,0.0,0.0,0.0
2021-04-16 00:00:00-04:00,30.72004888814937,30.96867343893557,30.72004888814937,30.849334716796875,18600,0.0,0.0,0.0
2021-04-19 00:00:00-04:00,30.88911381945096,30.88911381945096,30.710103838455712,30.779720306396484,26000,0.0,0.0,0.0
2021-04-20 00:00:00-04:00,30.76977518462175,31.157628879983285,30.650434564665613,31.097959518432617,23800,0.0,0.0,0.0
2021-04-21 00:00:00-04:00,31.127793268181954,31.127793268181954,30.87916871525125,30.968673706054688,53400,0.0,0.0,0.0
2021-04-22 00:00:00-04:00,30.97861926869202,30.97861926869202,30.690215770371513,30.70016098022461,20200,0.0,0.0,0.0
2021-04-23 00:00:00-04:00,30.73993816038428,30.749883369667195,30.56092818700128,30.630542755126953,16400,0.0,0.0,0.0
2021-04-26 00:00:00-04:00,30.62059932818228,30.62059932818228,30.42169893697731,30.44158935546875,24700,0.0,0.0,0.0
2021-04-27 00:00:00-04:00,30.38191915471293,30.38191915471293,30.1631302342759,30.212854385375977,104000,0.0,0.0,0.0
2021-04-28 00:00:00-04:00,30.26258073824538,30.26258073824538,30.073625547822644,30.202911376953125,29500,0.0,0.0,0.0
2021-04-29 00:00:00-04:00,30.222799696964522,30.531095504760742,30.222799696964522,30.531095504760742,10600,0.0,0.0,0.0
2021-04-30 00:00:00-04:00,30.580819762898468,30.729994114078234,30.461479143841782,30.720048904418945,9400,0.0,0.0,0.0
2021-05-03 00:00:00-04:00,30.74988407988252,31.078068406379696,30.74988407988252,30.79960823059082,26700,0.0,0.0,0.0
2021-05-04 00:00:00-04:00,30.809554332973498,30.83938996237598,30.610655827521384,30.769775390625,19900,0.0,0.0,0.0
2021-05-05 00:00:00-04:00,30.769774861263734,30.769774861263734,30.212854503127488,30.401809692382812,34100,0.0,0.0,0.0
2021-05-06 00:00:00-04:00,30.481369430412002,30.66037940979004,30.282470928656792,30.66037940979004,15800,0.0,0.0,0.0
2021-05-07 00:00:00-04:00,30.640488964416505,30.899058723646977,30.640488964416505,30.789663314819336,17200,0.0,0.0,0.0
2021-05-10 00:00:00-04:00,30.94878443720745,31.286912075934012,30.94878443720745,31.058177947998047,33300,0.0,0.0,0.0
2021-05-11 00:00:00-04:00,31.0183990713668,31.0183990713668,30.491314347898538,30.670324325561523,27900,0.0,0.0,0.0
2021-05-12 00:00:00-04:00,30.62060058076799,30.63054389356575,29.964230021683566,30.01395606994629,26600,0.0,0.0,0.0
2021-05-13 00:00:00-04:00,29.964230068288376,30.68026998954697,29.964230068288376,30.59076499938965,23100,0.0,0.0,0.0
2021-05-14 00:00:00-04:00,30.600709304830772,30.909003208010162,30.600709304830772,30.7498836517334,8600,0.0,0.0,0.0
2021-05-17 00:00:00-04:00,30.710104045262348,30.73993967458074,30.451536178588867,30.451536178588867,36300,0.0,0.0,0.0
2021-05-18 00:00:00-04:00,30.441590077483042,30.521149856481088,30.38191882059344,30.481369018554688,20500,0.0,0.0,0.0
2021-05-19 00:00:00-04:00,30.342139745279727,30.43164473336338,30.093515199903973,30.42169952392578,36500,0.0,0.0,0.0
2021-05-20 00:00:00-04:00,30.471423650371396,30.720048195552245,30.471423650371396,30.550983428955078,18700,0.0,0.0,0.0
2021-05-21 00:00:00-04:00,30.550983841744767,30.73993902975461,30.511204900342825,30.72999382019043,14000,0.0,0.0,0.0
2021-05-24 00:00:00-04:00,30.799607507767018,30.819497926325443,30.700159208684326,30.759828567504883,15100,0.0,0.0,0.0
2021-05-25 00:00:00-04:00,30.73993939468036,30.73993939468036,30.31230486261794,30.332195281982422,39100,0.0,0.0,0.0
2021-05-26 00:00:00-04:00,30.35208511352539,30.44159010207735,30.2824705439527,30.35208511352539,14800,0.0,0.0,0.0
2021-05-27 00:00:00-04:00,30.391864966376975,30.391864966376975,30.18302125139365,30.19296646118164,21300,0.0,0.0,0.0
2021-05-28 00:00:00-04:00,30.332194988168,30.411754768000478,30.27252562750733,30.342140197753906,12600,0.0,0.0,0.0
2021-06-01 00:00:00-04:00,30.411754928581825,30.4913147088344,30.163130378185684,30.272525787353516,44000,0.0,0.0,0.0
2021-06-02 00:00:00-04:00,30.27252546839295,30.550983747915645,30.262580258859316,30.411754608154297,16100,0.0,0.0,0.0
2021-06-03 00:00:00-04:00,30.282471060538935,30.729994114078234,30.252635431561067,30.720048904418945,15200,0.0,0.0,0.0
2021-06-04 00:00:00-04:00,30.78966304610034,30.78966304610034,30.610654965292117,30.670324325561523,33000,0.0,0.0,0.0
2021-06-07 00:00:00-04:00,30.729993526492784,30.739938735961914,30.67032416653277,30.739938735961914,11500,0.0,0.0,0.0
2021-06-08 00:00:00-04:00,30.749884694276975,30.749884694276975,30.451535990356515,30.650434494018555,24700,0.0,0.0,0.0
2021-06-09 00:00:00-04:00,30.749884357665103,30.968673278354757,30.69021499690516,30.918949127197266,14300,0.0,0.0,0.0
2021-06-10 00:00:00-04:00,31.008454820889675,31.09795981248942,30.958728771748248,31.088014602661133,105100,0.0,0.0,0.0
2021-06-11 00:00:00-04:00,31.09795817592577,31.207351684570312,31.00845318903632,31.207351684570312,10200,0.0,0.0,0.0
2021-06-14 00:00:00-04:00,31.167573047941982,31.306802185858075,31.05817764137663,31.19740867614746,20600,0.0,0.0,0.0
2021-06-15 00:00:00-04:00,31.14768377505253,31.42614395798392,31.14768377505253,31.28691291809082,68200,0.0,0.0,0.0
2021-06-16 00:00:00-04:00,31.316747445541356,31.316747445541356,30.749883786710285,30.809553146362305,66900,0.0,0.0,0.0
2021-06-17 00:00:00-04:00,30.789663619247513,30.948785077685905,30.690215315898865,30.779720306396484,12500,0.0,0.0,0.0
2021-06-18 00:00:00-04:00,30.620599995571858,30.620599995571858,29.85483593865368,29.904560089111328,26500,0.0,0.0,0.0
2021-06-21 00:00:00-04:00,29.99406603093508,30.352085995546858,29.9741756113778,30.322250366210938,27500,0.0,0.0,0.0
2021-06-22 00:00:00-04:00,30.302358809433525,30.302358809433525,30.10346031188965,30.10346031188965,14900,0.0,0.0,0.0
2021-06-23 00:00:00-04:00,30.12335136077785,30.12335136077785,29.81505555332603,29.825000762939453,13300,0.0,0.0,0.0
2021-06-24 00:00:00-04:00,29.8799991607666,29.940000534057617,29.729999542236328,29.90999984741211,19600,0.165,0.0,0.0
2021-06-25 00:00:00-04:00,29.90999984741211,30.290000915527344,29.899999618530273,30.270000457763672,30500,0.0,0.0,0.0
2021-06-28 00:00:00-04:00,30.389999389648438,30.40999984741211,30.25,30.360000610351562,14800,0.0,0.0,0.0
2021-06-29 00:00:00-04:00,30.34000015258789,30.459999084472656,29.860000610351562,29.90999984741211,21400,0.0,0.0,0.0
2021-06-30 00:00:00-04:00,29.899999618530273,29.969999313354492,29.780000686645508,29.93000030517578,45400,0.0,0.0,0.0
2021-07-01 00:00:00-04:00,29.940000534057617,30.350000381469727,29.920000076293945,30.239999771118164,279800,0.0,0.0,0.0
2021-07-02 00:00:00-04:00,30.329999923706055,30.329999923706055,30.1299991607666,30.290000915527344,14300,0.0,0.0,0.0
2021-07-06 00:00:00-04:00,30.280000686645508,30.290000915527344,29.8799991607666,30.260000228881836,14200,0.0,0.0,0.0
2021-07-07 00:00:00-04:00,30.219999313354492,30.469999313354492,30.170000076293945,30.469999313354492,39200,0.0,0.0,0.0
2021-07-08 00:00:00-04:00,30.399999618530273,30.440000534057617,30.290000915527344,30.309999465942383,12500,0.0,0.0,0.0
2021-07-09 00:00:00-04:00,30.25,30.510000228881836,30.229999542236328,30.5,9600,0.0,0.0,0.0
2021-07-12 00:00:00-04:00,30.389999389648438,30.600000381469727,30.389999389648438,30.549999237060547,13700,0.0,0.0,0.0
2021-07-13 00:00:00-04:00,30.5,30.520000457763672,30.190000534057617,30.239999771118164,15600,0.0,0.0,0.0
2021-07-14 00:00:00-04:00,30.350000381469727,30.56999969482422,30.15999984741211,30.459999084472656,12900,0.0,0.0,0.0
2021-07-15 00:00:00-04:00,30.440000534057617,30.799999237060547,30.440000534057617,30.780000686645508,33700,0.0,0.0,0.0
2021-07-16 00:00:00-04:00,30.8700008392334,31.18000030517578,30.8700008392334,31.040000915527344,26900,0.0,0.0,0.0
2021-07-19 00:00:00-04:00,30.90999984741211,31.030000686645508,30.1200008392334,30.40999984741211,20500,0.0,0.0,0.0
2021-07-20 00:00:00-04:00,30.450000762939453,30.860000610351562,30.450000762939453,30.68000030517578,8200,0.0,0.0,0.0
2021-07-21 00:00:00-04:00,30.649999618530273,30.75,30.350000381469727,30.3700008392334,19300,0.0,0.0,0.0
2021-07-22 00:00:00-04:00,30.440000534057617,30.489999771118164,30.280000686645508,30.3700008392334,27000,0.0,0.0,0.0
2021-07-23 00:00:00-04:00,30.469999313354492,30.770000457763672,30.440000534057617,30.760000228881836,17300,0.0,0.0,0.0
2021-07-26 00:00:00-04:00,30.75,30.780000686645508,30.65999984741211,30.760000228881836,20700,0.0,0.0,0.0
2021-07-27 00:00:00-04:00,30.809999465942383,31.31999969482422,30.75,31.270000457763672,25400,0.0,0.0,0.0
2021-07-28 00:00:00-04:00,31.040000915527344,31.139999389648438,30.860000610351562,31.079999923706055,243800,0.0,0.0,0.0
2021-07-29 00:00:00-04:00,31.100000381469727,31.209999084472656,31.010000228881836,31.139999389648438,28000,0.0,0.0,0.0
2021-07-30 00:00:00-04:00,31.290000915527344,31.350000381469727,30.790000915527344,30.81999969482422,27000,0.0,0.0,0.0
2021-08-02 00:00:00-04:00,31.0,31.170000076293945,30.93000030517578,31.030000686645508,56900,0.0,0.0,0.0
2021-08-03 00:00:00-04:00,31.1200008392334,31.270000457763672,31.020000457763672,31.200000762939453,48800,0.0,0.0,0.0
2021-08-04 00:00:00-04:00,31.049999237060547,31.049999237060547,30.719999313354492,31.010000228881836,45400,0.0,0.0,0.0
2021-08-05 00:00:00-04:00,31.1200008392334,31.3700008392334,31.040000915527344,31.350000381469727,52900,0.0,0.0,0.0
2021-08-06 00:00:00-04:00,31.31999969482422,31.6299991607666,31.31999969482422,31.420000076293945,27200,0.0,0.0,0.0
2021-08-09 00:00:00-04:00,31.389999389648438,31.469999313354492,31.270000457763672,31.469999313354492,21700,0.0,0.0,0.0
2021-08-10 00:00:00-04:00,31.40999984741211,31.559999465942383,31.3700008392334,31.489999771118164,71900,0.0,0.0,0.0
2021-08-11 00:00:00-04:00,31.510000228881836,31.75,31.510000228881836,31.709999084472656,36900,0.0,0.0,0.0
2021-08-12 00:00:00-04:00,31.709999084472656,31.799999237060547,31.6299991607666,31.700000762939453,17800,0.0,0.0,0.0
2021-08-13 00:00:00-04:00,31.739999771118164,31.940000534057617,31.690000534057617,31.899999618530273,24900,0.0,0.0,0.0
2021-08-16 00:00:00-04:00,31.93000030517578,32.279998779296875,31.93000030517578,32.0099983215332,45100,0.0,0.0,0.0
2021-08-17 00:00:00-04:00,31.979999542236328,32.02000045776367,31.719999313354492,32.02000045776367,53400,0.0,0.0,0.0
2021-08-18 00:00:00-04:00,31.920000076293945,32.0,31.75,31.850000381469727,25200,0.0,0.0,0.0
2021-08-19 00:00:00-04:00,31.809999465942383,32.15999984741211,31.809999465942383,31.860000610351562,16600,0.0,0.0,0.0
2021-08-20 00:00:00-04:00,31.860000610351562,32.220001220703125,31.75,32.20000076293945,33800,0.0,0.0,0.0
2021-08-23 00:00:00-04:00,32.13999938964844,32.18000030517578,31.799999237060547,31.8700008392334,21200,0.0,0.0,0.0
2021-08-24 00:00:00-04:00,31.860000610351562,31.860000610351562,31.56999969482422,31.700000762939453,33300,0.0,0.0,0.0
2021-08-25 00:00:00-04:00,31.700000762939453,31.84000015258789,31.540000915527344,31.75,29800,0.0,0.0,0.0
2021-08-26 00:00:00-04:00,31.690000534057617,31.729999542236328,31.56999969482422,31.6200008392334,14500,0.0,0.0,0.0
2021-08-27 00:00:00-04:00,31.770000457763672,31.829999923706055,31.6200008392334,31.700000762939453,26900,0.0,0.0,0.0
2021-08-30 00:00:00-04:00,31.670000076293945,31.739999771118164,31.6200008392334,31.690000534057617,23400,0.0,0.0,0.0
2021-08-31 00:00:00-04:00,31.649999618530273,31.829999923706055,31.59000015258789,31.690000534057617,72100,0.0,0.0,0.0
2021-09-01 00:00:00-04:00,31.719999313354492,32.130001068115234,31.719999313354492,32.04999923706055,142200,0.0,0.0,0.0
2021-09-02 00:00:00-04:00,32.060001373291016,32.27000045776367,32.060001373291016,32.2599983215332,12600,0.0,0.0,0.0
2021-09-03 00:00:00-04:00,32.209999084472656,32.209999084472656,32.0,32.0,13100,0.0,0.0,0.0
2021-09-07 00:00:00-04:00,32.0,32.0,31.530000686645508,31.530000686645508,62400,0.0,0.0,0.0
2021-09-08 00:00:00-04:00,31.5,32.16999816894531,31.5,32.08000183105469,30600,0.0,0.0,0.0
2021-09-09 00:00:00-04:00,32.02000045776367,32.060001373291016,31.84000015258789,31.84000015258789,34100,0.0,0.0,0.0
2021-09-10 00:00:00-04:00,31.8700008392334,31.8700008392334,31.360000610351562,31.360000610351562,23400,0.0,0.0,0.0
2021-09-13 00:00:00-04:00,31.520000457763672,31.649999618530273,31.309999465942383,31.360000610351562,36300,0.0,0.0,0.0
2021-09-14 00:00:00-04:00,31.510000228881836,31.510000228881836,31.100000381469727,31.149999618530273,23500,0.0,0.0,0.0
2021-09-15 00:00:00-04:00,31.139999389648438,31.309999465942383,31.020000457763672,31.09000015258789,27900,0.0,0.0,0.0
2021-09-16 00:00:00-04:00,31.139999389648438,31.139999389648438,30.81999969482422,30.81999969482422,10200,0.0,0.0,0.0
2021-09-17 00:00:00-04:00,30.81999969482422,30.81999969482422,30.510000228881836,30.510000228881836,16200,0.0,0.0,0.0
2021-09-20 00:00:00-04:00,30.31999969482422,30.610000610351562,30.110000610351562,30.40999984741211,111300,0.0,0.0,0.0
2021-09-21 00:00:00-04:00,30.469999313354492,30.65999984741211,30.299999237060547,30.329999923706055,43000,0.0,0.0,0.0
2021-09-22 00:00:00-04:00,30.3799991607666,30.530000686645508,30.260000228881836,30.329999923706055,20900,0.0,0.0,0.0
2021-09-23 00:00:00-04:00,30.170000076293945,30.3700008392334,30.040000915527344,30.06999969482422,16600,0.0,0.0,0.0
2021-09-24 00:00:00-04:00,30.06999969482422,30.15999984741211,30.040000915527344,30.079999923706055,15800,0.0,0.0,0.0
2021-09-27 00:00:00-04:00,30.079999923706055,30.420000076293945,29.860000610351562,29.889999389648438,14200,0.0,0.0,0.0
2021-09-28 00:00:00-04:00,29.84000015258789,29.889999389648438,29.479999542236328,29.530000686645508,68400,0.0,0.0,0.0
2021-09-29 00:00:00-04:00,29.549999237060547,30.09000015258789,29.549999237060547,29.940000534057617,56000,0.0,0.0,0.0
2021-09-30 00:00:00-04:00,30.040000915527344,30.040000915527344,29.600000381469727,29.600000381469727,34200,0.0,0.0,0.0
2021-10-01 00:00:00-04:00,29.709999084472656,29.84000015258789,29.540000915527344,29.610000610351562,302800,0.0,0.0,0.0
2021-10-04 00:00:00-04:00,29.829999923706055,30.18000030517578,29.719999313354492,30.06999969482422,46200,0.0,0.0,0.0
2021-10-05 00:00:00-04:00,30.09000015258789,30.200000762939453,29.959999084472656,30.010000228881836,40800,0.0,0.0,0.0
2021-10-06 00:00:00-04:00,29.850000381469727,30.360000610351562,29.700000762939453,30.34000015258789,71900,0.0,0.0,0.0
2021-10-07 00:00:00-04:00,30.309999465942383,30.540000915527344,30.190000534057617,30.219999313354492,14000,0.0,0.0,0.0
2021-10-08 00:00:00-04:00,30.1200008392334,30.170000076293945,30.030000686645508,30.059999465942383,12300,0.0,0.0,0.0
2021-10-11 00:00:00-04:00,29.940000534057617,30.030000686645508,29.760000228881836,29.770000457763672,15900,0.0,0.0,0.0
2021-10-12 00:00:00-04:00,29.860000610351562,30.020000457763672,29.829999923706055,29.93000030517578,146200,0.0,0.0,0.0
2021-10-13 00:00:00-04:00,29.979999542236328,30.25,29.809999465942383,30.219999313354492,27800,0.0,0.0,0.0
2021-10-14 00:00:00-04:00,30.3700008392334,30.649999618530273,30.3700008392334,30.610000610351562,91000,0.0,0.0,0.0
2021-10-15 00:00:00-04:00,30.68000030517578,30.809999465942383,30.549999237060547,30.549999237060547,17000,0.0,0.0,0.0
2021-10-18 00:00:00-04:00,30.360000610351562,30.3700008392334,30.18000030517578,30.229999542236328,43500,0.0,0.0,0.0
2021-10-19 00:00:00-04:00,30.399999618530273,30.549999237060547,30.389999389648438,30.530000686645508,20200,0.0,0.0,0.0
2021-10-20 00:00:00-04:00,30.610000610351562,31.09000015258789,30.610000610351562,30.979999542236328,15100,0.0,0.0,0.0
2021-10-21 00:00:00-04:00,31.0,31.030000686645508,30.860000610351562,30.899999618530273,26300,0.0,0.0,0.0
2021-10-22 00:00:00-04:00,30.969999313354492,31.139999389648438,30.969999313354492,31.100000381469727,15000,0.0,0.0,0.0
2021-10-25 00:00:00-04:00,31.1200008392334,31.18000030517578,30.93000030517578,30.989999771118164,23900,0.0,0.0,0.0
2021-10-26 00:00:00-04:00,31.06999969482422,31.229999542236328,30.940000534057617,31.020000457763672,18500,0.0,0.0,0.0
2021-10-27 00:00:00-04:00,31.09000015258789,31.09000015258789,30.760000228881836,30.760000228881836,17300,0.0,0.0,0.0
2021-10-28 00:00:00-04:00,30.780000686645508,30.920000076293945,30.75,30.920000076293945,16100,0.0,0.0,0.0
2021-10-29 00:00:00-04:00,30.920000076293945,31.079999923706055,30.65999984741211,30.799999237060547,17600,0.0,0.0,0.0
2021-11-01 00:00:00-04:00,30.780000686645508,31.059999465942383,30.719999313354492,30.989999771118164,52700,0.0,0.0,0.0
2021-11-02 00:00:00-04:00,31.030000686645508,31.030000686645508,30.719999313354492,30.950000762939453,30100,0.0,0.0,0.0
2021-11-03 00:00:00-04:00,30.90999984741211,30.989999771118164,30.709999084472656,30.889999389648438,16700,0.0,0.0,0.0
2021-11-04 00:00:00-04:00,30.739999771118164,30.81999969482422,30.40999984741211,30.6299991607666,33400,0.0,0.0,0.0
2021-11-05 00:00:00-04:00,30.690000534057617,31.079999923706055,30.690000534057617,30.90999984741211,31300,0.0,0.0,0.0
2021-11-08 00:00:00-05:00,30.81999969482422,30.81999969482422,30.360000610351562,30.489999771118164,23200,0.0,0.0,0.0
2021-11-09 00:00:00-05:00,30.56999969482422,30.670000076293945,30.479999542236328,30.610000610351562,25600,0.0,0.0,0.0
2021-11-10 00:00:00-05:00,30.56999969482422,30.8799991607666,30.56999969482422,30.8700008392334,36700,0.0,0.0,0.0
2021-11-11 00:00:00-05:00,30.829999923706055,30.84000015258789,30.649999618530273,30.770000457763672,26900,0.0,0.0,0.0
2021-11-12 00:00:00-05:00,30.760000228881836,30.809999465942383,30.610000610351562,30.739999771118164,18300,0.0,0.0,0.0
2021-11-15 00:00:00-05:00,30.850000381469727,31.15999984741211,30.850000381469727,31.149999618530273,39600,0.0,0.0,0.0
2021-11-16 00:00:00-05:00,31.170000076293945,31.25,31.020000457763672,31.030000686645508,16500,0.0,0.0,0.0
2021-11-17 00:00:00-05:00,30.979999542236328,31.06999969482422,30.860000610351562,31.059999465942383,16100,0.0,0.0,0.0
2021-11-18 00:00:00-05:00,31.020000457763672,31.020000457763672,30.709999084472656,30.790000915527344,21500,0.0,0.0,0.0
2021-11-19 00:00:00-05:00,30.780000686645508,31.06999969482422,30.780000686645508,31.020000457763672,17600,0.0,0.0,0.0
2021-11-22 00:00:00-05:00,30.979999542236328,31.399999618530273,30.979999542236328,31.280000686645508,23700,0.0,0.0,0.0
2021-11-23 00:00:00-05:00,31.290000915527344,31.450000762939453,31.200000762939453,31.31999969482422,24800,0.0,0.0,0.0
2021-11-24 00:00:00-05:00,31.290000915527344,31.399999618530273,31.260000228881836,31.31999969482422,11600,0.0,0.0,0.0
2021-11-26 00:00:00-05:00,30.969999313354492,31.059999465942383,30.719999313354492,30.780000686645508,20900,0.0,0.0,0.0
2021-11-29 00:00:00-05:00,30.989999771118164,31.200000762939453,30.850000381469727,31.139999389648438,25400,0.0,0.0,0.0
2021-11-30 00:00:00-05:00,30.93000030517578,30.93000030517578,30.15999984741211,30.15999984741211,11700,0.0,0.0,0.0
2021-12-01 00:00:00-05:00,30.299999237060547,30.8700008392334,30.09000015258789,30.110000610351562,184100,0.0,0.0,0.0
2021-12-02 00:00:00-05:00,30.270000457763672,30.790000915527344,30.260000228881836,30.530000686645508,63100,0.0,0.0,0.0
2021-12-03 00:00:00-05:00,30.670000076293945,30.860000610351562,30.459999084472656,30.860000610351562,41500,0.0,0.0,0.0
2021-12-06 00:00:00-05:00,31.110000610351562,31.639999389648438,31.110000610351562,31.450000762939453,14100,0.0,0.0,0.0
2021-12-07 00:00:00-05:00,31.510000228881836,31.639999389648438,31.440000534057617,31.56999969482422,9700,0.0,0.0,0.0
2021-12-08 00:00:00-05:00,31.670000076293945,31.729999542236328,31.479999542236328,31.600000381469727,21800,0.0,0.0,0.0
2021-12-09 00:00:00-05:00,31.610000610351562,31.649999618530273,31.389999389648438,31.5,9000,0.0,0.0,0.0
2021-12-10 00:00:00-05:00,31.670000076293945,31.719999313354492,31.579999923706055,31.65999984741211,19800,0.0,0.0,0.0
2021-12-13 00:00:00-05:00,31.770000457763672,32.04999923706055,31.75,31.90999984741211,8500,0.0,0.0,0.0
2021-12-14 00:00:00-05:00,31.889999389648438,31.969999313354492,31.729999542236328,31.790000915527344,9400,0.0,0.0,0.0
2021-12-15 00:00:00-05:00,31.959999084472656,32.25,31.829999923706055,32.2400016784668,64000,0.0,0.0,0.0
2021-12-16 00:00:00-05:00,32.2400016784668,32.56999969482422,32.20000076293945,32.34000015258789,43500,0.0,0.0,0.0
2021-12-17 00:00:00-05:00,32.22999954223633,32.310001373291016,31.809999465942383,31.8799991607666,27500,0.0,0.0,0.0
2021-12-20 00:00:00-05:00,31.610000610351562,31.920000076293945,31.350000381469727,31.889999389648438,88800,0.0,0.0,0.0
2021-12-21 00:00:00-05:00,32.06999969482422,32.13999938964844,31.81999969482422,31.920000076293945,28300,0.0,0.0,0.0
2021-12-22 00:00:00-05:00,31.920000076293945,32.13999938964844,31.889999389648438,32.119998931884766,35500,0.0,0.0,0.0
2021-12-23 00:00:00-05:00,31.950000762939453,32.029998779296875,31.899999618530273,31.899999618530273,24800,0.0,0.0,0.0
2021-12-27 00:00:00-05:00,31.950000762939453,32.06999969482422,31.829999923706055,32.060001373291016,7200,0.0,0.0,0.0
2021-12-28 00:00:00-05:00,32.040000915527344,32.36000061035156,32.040000915527344,32.34000015258789,154700,0.0,0.0,0.0
2021-12-29 00:00:00-05:00,32.38999938964844,32.560001373291016,32.34000015258789,32.560001373291016,16700,0.0,0.0,0.0
2021-12-30 00:00:00-05:00,32.599998474121094,32.66999816894531,32.45000076293945,32.619998931884766,8700,0.0,0.0,0.0
2021-12-31 00:00:00-05:00,32.56999969482422,32.81999969482422,32.4900016784668,32.689998626708984,122600,0.0,0.0,0.0
2022-01-03 00:00:00-05:00,32.619998931884766,32.619998931884766,32.119998931884766,32.45000076293945,83700,0.0,0.0,0.0
2022-01-04 00:00:00-05:00,32.58000183105469,32.83000183105469,32.470001220703125,32.5,79400,0.0,0.0,0.0
2022-01-05 00:00:00-05:00,32.529998779296875,32.7400016784668,32.369998931884766,32.369998931884766,30000,0.0,0.0,0.0
2022-01-06 00:00:00-05:00,32.31999969482422,32.4900016784668,32.22999954223633,32.2400016784668,28100,0.0,0.0,0.0
2022-01-07 00:00:00-05:00,32.2400016784668,32.59000015258789,32.13999938964844,32.459999084472656,34900,0.0,0.0,0.0
2022-01-10 00:00:00-05:00,32.470001220703125,32.5099983215332,32.220001220703125,32.33000183105469,21400,0.0,0.0,0.0
2022-01-11 00:00:00-05:00,32.310001373291016,32.310001373291016,31.889999389648438,32.08000183105469,44200,0.0,0.0,0.0
2022-01-12 00:00:00-05:00,32.08000183105469,32.22999954223633,32.06999969482422,32.189998626708984,118400,0.0,0.0,0.0
2022-01-13 00:00:00-05:00,32.099998474121094,32.439998626708984,32.099998474121094,32.33000183105469,31000,0.0,0.0,0.0
2022-01-14 00:00:00-05:00,32.31999969482422,32.34000015258789,32.11000061035156,32.310001373291016,54700,0.0,0.0,0.0
2022-01-18 00:00:00-05:00,32.189998626708984,32.189998626708984,31.739999771118164,31.920000076293945,95200,0.0,0.0,0.0
2022-01-19 00:00:00-05:00,31.899999618530273,32.189998626708984,31.889999389648438,31.90999984741211,55800,0.0,0.0,0.0
2022-01-20 00:00:00-05:00,31.90999984741211,32.27000045776367,31.75,31.75,55700,0.0,0.0,0.0
2022-01-21 00:00:00-05:00,31.790000915527344,31.979999542236328,31.59000015258789,31.65999984741211,34300,0.0,0.0,0.0
2022-01-24 00:00:00-05:00,31.610000610351562,31.610000610351562,30.690000534057617,31.40999984741211,70800,0.0,0.0,0.0
2022-01-25 00:00:00-05:00,31.260000228881836,31.510000228881836,30.969999313354492,31.299999237060547,74200,0.0,0.0,0.0
2022-01-26 00:00:00-05:00,31.3799991607666,31.709999084472656,30.979999542236328,31.18000030517578,38300,0.0,0.0,0.0
2022-01-27 00:00:00-05:00,31.420000076293945,31.739999771118164,31.200000762939453,31.329999923706055,31200,0.0,0.0,0.0
2022-01-28 00:00:00-05:00,31.290000915527344,31.84000015258789,31.219999313354492,31.84000015258789,19400,0.0,0.0,0.0
2022-01-31 00:00:00-05:00,31.75,32.15999984741211,31.690000534057617,32.15999984741211,99600,0.0,0.0,0.0
2022-02-01 00:00:00-05:00,32.060001373291016,32.11000061035156,31.6299991607666,31.809999465942383,107800,0.0,0.0,0.0
2022-02-02 00:00:00-05:00,31.709999084472656,32.22999954223633,31.709999084472656,32.209999084472656,23200,0.0,0.0,0.0
2022-02-03 00:00:00-05:00,32.02000045776367,32.18000030517578,31.959999084472656,32.0099983215332,46200,0.0,0.0,0.0
2022-02-04 00:00:00-05:00,31.84000015258789,31.959999084472656,31.459999084472656,31.709999084472656,64900,0.0,0.0,0.0
2022-02-07 00:00:00-05:00,31.68000030517578,31.829999923706055,31.559999465942383,31.670000076293945,42300,0.0,0.0,0.0
2022-02-08 00:00:00-05:00,31.780000686645508,31.8700008392334,31.65999984741211,31.709999084472656,52200,0.0,0.0,0.0
2022-02-09 00:00:00-05:00,31.8799991607666,32.04999923706055,31.81999969482422,31.889999389648438,47000,0.0,0.0,0.0
2022-02-10 00:00:00-05:00,31.649999618530273,31.75,30.989999771118164,31.059999465942383,1117200,0.0,0.0,0.0
2022-02-11 00:00:00-05:00,31.239999771118164,31.399999618530273,30.93000030517578,31.0,67100,0.0,0.0,0.0
2022-02-14 00:00:00-05:00,31.059999465942383,31.059999465942383,30.40999984741211,30.709999084472656,97800,0.0,0.0,0.0
2022-02-15 00:00:00-05:00,30.84000015258789,30.950000762939453,30.450000762939453,30.56999969482422,173500,0.0,0.0,0.0
2022-02-16 00:00:00-05:00,30.56999969482422,30.790000915527344,30.43000030517578,30.670000076293945,89900,0.0,0.0,0.0
2022-02-17 00:00:00-05:00,30.610000610351562,30.809999465942383,30.360000610351562,30.68000030517578,49500,0.0,0.0,0.0
2022-02-18 00:00:00-05:00,30.56999969482422,30.84000015258789,30.5,30.610000610351562,37900,0.0,0.0,0.0
2022-02-22 00:00:00-05:00,30.670000076293945,30.780000686645508,30.440000534057617,30.56999969482422,35300,0.0,0.0,0.0
2022-02-23 00:00:00-05:00,30.649999618530273,30.690000534057617,30.1299991607666,30.139999389648438,48700,0.0,0.0,0.0
2022-02-24 00:00:00-05:00,29.90999984741211,30.31999969482422,29.719999313354492,30.290000915527344,98100,0.0,0.0,0.0
2022-02-25 00:00:00-05:00,30.520000457763672,31.270000457763672,30.520000457763672,31.239999771118164,21800,0.0,0.0,0.0
2022-02-28 00:00:00-05:00,31.110000610351562,31.34000015258789,31.0,31.31999969482422,19800,0.0,0.0,0.0
2022-03-01 00:00:00-05:00,31.40999984741211,31.459999084472656,30.760000228881836,30.989999771118164,51700,0.0,0.0,0.0
2022-03-02 00:00:00-05:00,31.229999542236328,31.59000015258789,31.229999542236328,31.489999771118164,27300,0.0,0.0,0.0
2022-03-03 00:00:00-05:00,31.59000015258789,32.099998474121094,31.59000015258789,32.0,39800,0.0,0.0,0.0
2022-03-04 00:00:00-05:00,31.84000015258789,32.540000915527344,31.84000015258789,32.540000915527344,26500,0.0,0.0,0.0
2022-03-07 00:00:00-05:00,32.470001220703125,32.65999984741211,32.31999969482422,32.529998779296875,58200,0.0,0.0,0.0
2022-03-08 00:00:00-05:00,32.63999938964844,32.650001525878906,32.16999816894531,32.16999816894531,769500,0.0,0.0,0.0
2022-03-09 00:00:00-05:00,32.40999984741211,32.41999816894531,32.119998931884766,32.13999938964844,78700,0.0,0.0,0.0
2022-03-10 00:00:00-05:00,31.979999542236328,32.380001068115234,31.969999313354492,32.349998474121094,70100,0.0,0.0,0.0
2022-03-11 00:00:00-05:00,32.41999816894531,32.61000061035156,32.220001220703125,32.2599983215332,16700,0.0,0.0,0.0
2022-03-14 00:00:00-04:00,32.45000076293945,32.52000045776367,32.060001373291016,32.27000045776367,68700,0.0,0.0,0.0
2022-03-15 00:00:00-04:00,32.45000076293945,32.630001068115234,32.2599983215332,32.599998474121094,15700,0.0,0.0,0.0
2022-03-16 00:00:00-04:00,32.619998931884766,32.630001068115234,32.2400016784668,32.619998931884766,91500,0.0,0.0,0.0
2022-03-17 00:00:00-04:00,32.630001068115234,32.869998931884766,32.560001373291016,32.68000030517578,167700,0.0,0.0,0.0
2022-03-18 00:00:00-04:00,32.560001373291016,32.560001373291016,32.2599983215332,32.38999938964844,24500,0.0,0.0,0.0
2022-03-21 00:00:00-04:00,32.529998779296875,32.77000045776367,32.52000045776367,32.599998474121094,36300,0.0,0.0,0.0
2022-03-22 00:00:00-04:00,32.63999938964844,32.65999984741211,32.41999816894531,32.540000915527344,46500,0.0,0.0,0.0
2022-03-23 00:00:00-04:00,32.459999084472656,32.689998626708984,32.369998931884766,32.560001373291016,58500,0.0,0.0,0.0
2022-03-24 00:00:00-04:00,32.599998474121094,32.849998474121094,32.58000183105469,32.81999969482422,57000,0.0,0.0,0.0
2022-03-25 00:00:00-04:00,32.779998779296875,33.290000915527344,32.779998779296875,33.290000915527344,71200,0.0,0.0,0.0
2022-03-28 00:00:00-04:00,33.29999923706055,33.41999816894531,33.279998779296875,33.41999816894531,26600,0.0,0.0,0.0
2022-03-29 00:00:00-04:00,33.61000061035156,33.83000183105469,33.459999084472656,33.810001373291016,52100,0.0,0.0,0.0
2022-03-30 00:00:00-04:00,33.84000015258789,34.029998779296875,33.7400016784668,34.0099983215332,44600,0.0,0.0,0.0
2022-03-31 00:00:00-04:00,34.029998779296875,34.279998779296875,33.9900016784668,34.0099983215332,180500,0.0,0.0,0.0
2022-04-01 00:00:00-04:00,33.970001220703125,34.5,33.869998931884766,34.5,393600,0.0,0.0,0.0
2022-04-04 00:00:00-04:00,34.41999816894531,34.41999816894531,33.880001068115234,34.150001525878906,43100,0.0,0.0,0.0
2022-04-05 00:00:00-04:00,34.18000030517578,34.61000061035156,34.18000030517578,34.290000915527344,45200,0.0,0.0,0.0
2022-04-06 00:00:00-04:00,34.34000015258789,34.970001220703125,34.34000015258789,34.970001220703125,29100,0.0,0.0,0.0
2022-04-07 00:00:00-04:00,35.0,35.0,34.599998474121094,34.84000015258789,256100,0.0,0.0,0.0
2022-04-08 00:00:00-04:00,35.0,35.130001068115234,34.810001373291016,35.0,67800,0.0,0.0,0.0
2022-04-11 00:00:00-04:00,35.0099983215332,35.0099983215332,34.56999969482422,34.61000061035156,31600,0.0,0.0,0.0
2022-04-12 00:00:00-04:00,34.66999816894531,34.939998626708984,34.599998474121094,34.7599983215332,39700,0.0,0.0,0.0
2022-04-13 00:00:00-04:00,34.70000076293945,34.7400016784668,34.470001220703125,34.68000030517578,155900,0.0,0.0,0.0
2022-04-14 00:00:00-04:00,34.709999084472656,34.88999938964844,34.61000061035156,34.68000030517578,71700,0.0,0.0,0.0
2022-04-18 00:00:00-04:00,34.75,34.84000015258789,34.45000076293945,34.599998474121094,140300,0.0,0.0,0.0
2022-04-19 00:00:00-04:00,34.720001220703125,34.880001068115234,34.689998626708984,34.849998474121094,25800,0.0,0.0,0.0
2022-04-20 00:00:00-04:00,35.099998474121094,35.369998931884766,35.099998474121094,35.25,39700,0.0,0.0,0.0
2022-04-21 00:00:00-04:00,35.36000061035156,35.380001068115234,34.939998626708984,34.959999084472656,105800,0.0,0.0,0.0
2022-04-22 00:00:00-04:00,34.86000061035156,34.86000061035156,34.33000183105469,34.349998474121094,110900,0.0,0.0,0.0
2022-04-25 00:00:00-04:00,34.470001220703125,34.470001220703125,33.540000915527344,34.040000915527344,161000,0.0,0.0,0.0
2022-04-26 00:00:00-04:00,34.099998474121094,34.369998931884766,33.810001373291016,33.810001373291016,125600,0.0,0.0,0.0
2022-04-27 00:00:00-04:00,33.81999969482422,34.119998931884766,33.59000015258789,33.70000076293945,119500,0.0,0.0,0.0
2022-04-28 00:00:00-04:00,33.810001373291016,34.060001373291016,33.689998626708984,33.97999954223633,83400,0.0,0.0,0.0
2022-04-29 00:00:00-04:00,33.849998474121094,33.849998474121094,32.970001220703125,32.9900016784668,161900,0.0,0.0,0.0
2022-05-02 00:00:00-04:00,32.91999816894531,33.22999954223633,32.34000015258789,32.7400016784668,358400,0.0,0.0,0.0
2022-05-03 00:00:00-04:00,32.79999923706055,33.43000030517578,32.79999923706055,32.970001220703125,70600,0.0,0.0,0.0
2022-05-04 00:00:00-04:00,33.130001068115234,33.720001220703125,33.06999969482422,33.66999816894531,107700,0.0,0.0,0.0
2022-05-05 00:00:00-04:00,33.4900016784668,33.77000045776367,33.029998779296875,33.290000915527344,156200,0.0,0.0,0.0
2022-05-06 00:00:00-04:00,33.29999923706055,33.630001068115234,33.16999816894531,33.59000015258789,184500,0.0,0.0,0.0
2022-05-09 00:00:00-04:00,33.41999816894531,33.619998931884766,33.099998474121094,33.29999923706055,83600,0.0,0.0,0.0
2022-05-10 00:00:00-04:00,33.43000030517578,33.7400016784668,32.56999969482422,32.939998626708984,125200,0.0,0.0,0.0
2022-05-11 00:00:00-04:00,32.95000076293945,33.70000076293945,32.95000076293945,33.18000030517578,834700,0.0,0.0,0.0
2022-05-12 00:00:00-04:00,33.13999938964844,33.13999938964844,32.52000045776367,32.91999816894531,848600,0.0,0.0,0.0
2022-05-13 00:00:00-04:00,33.13999938964844,33.380001068115234,32.880001068115234,33.31999969482422,255900,0.0,0.0,0.0
2022-05-16 00:00:00-04:00,33.5,33.630001068115234,33.20000076293945,33.4900016784668,242200,0.0,0.0,0.0
2022-05-17 00:00:00-04:00,33.400001525878906,33.880001068115234,33.25,33.880001068115234,219000,0.0,0.0,0.0
2022-05-18 00:00:00-04:00,33.880001068115234,34.060001373291016,33.560001373291016,33.650001525878906,474800,0.0,0.0,0.0
2022-05-19 00:00:00-04:00,33.41999816894531,33.86000061035156,33.209999084472656,33.709999084472656,214800,0.0,0.0,0.0
2022-05-20 00:00:00-04:00,33.84000015258789,33.84000015258789,33.310001373291016,33.7599983215332,88800,0.0,0.0,0.0
2022-05-23 00:00:00-04:00,34.060001373291016,34.310001373291016,33.88999938964844,34.130001068115234,115600,0.0,0.0,0.0
2022-05-24 00:00:00-04:00,34.11000061035156,34.63999938964844,33.79999923706055,34.58000183105469,280700,0.0,0.0,0.0
2022-05-25 00:00:00-04:00,34.650001525878906,34.7400016784668,34.4900016784668,34.720001220703125,101900,0.0,0.0,0.0
2022-05-26 00:00:00-04:00,34.91999816894531,35.0099983215332,34.810001373291016,34.83000183105469,152700,0.0,0.0,0.0
2022-05-27 00:00:00-04:00,34.810001373291016,35.2400016784668,34.79999923706055,35.2400016784668,365000,0.0,0.0,0.0
2022-05-31 00:00:00-04:00,35.02000045776367,35.09000015258789,34.65999984741211,34.880001068115234,117700,0.0,0.0,0.0
2022-06-01 00:00:00-04:00,34.880001068115234,34.90999984741211,34.47999954223633,34.790000915527344,102700,0.0,0.0,0.0
2022-06-02 00:00:00-04:00,34.880001068115234,34.9900016784668,34.290000915527344,34.970001220703125,295300,0.0,0.0,0.0
2022-06-03 00:00:00-04:00,34.880001068115234,34.970001220703125,34.72999954223633,34.779998779296875,108700,0.0,0.0,0.0
2022-06-06 00:00:00-04:00,35.02000045776367,35.099998474121094,34.84000015258789,34.91999816894531,239700,0.0,0.0,0.0
2022-06-07 00:00:00-04:00,34.83000183105469,35.16999816894531,34.65999984741211,35.15999984741211,90700,0.0,0.0,0.0
2022-06-08 00:00:00-04:00,35.060001373291016,35.060001373291016,34.459999084472656,34.47999954223633,113700,0.0,0.0,0.0
2022-06-09 00:00:00-04:00,34.470001220703125,34.56999969482422,33.72999954223633,33.72999954223633,104800,0.0,0.0,0.0
2022-06-10 00:00:00-04:00,33.40999984741211,33.689998626708984,33.27000045776367,33.45000076293945,132300,0.0,0.0,0.0
2022-06-13 00:00:00-04:00,32.959999084472656,33.09000015258789,31.729999542236328,31.84000015258789,246700,0.0,0.0,0.0
2022-06-14 00:00:00-04:00,31.90999984741211,31.90999984741211,30.670000076293945,30.989999771118164,223300,0.0,0.0,0.0
2022-06-15 00:00:00-04:00,31.219999313354492,31.520000457763672,30.75,31.09000015258789,210800,0.0,0.0,0.0
2022-06-16 00:00:00-04:00,30.75,30.75,30.309999465942383,30.440000534057617,371600,0.0,0.0,0.0
2022-06-17 00:00:00-04:00,30.489999771118164,30.739999771118164,29.860000610351562,30.139999389648438,266100,0.0,0.0,0.0
2022-06-21 00:00:00-04:00,30.239999771118164,30.739999771118164,30.209999084472656,30.579999923706055,252800,0.0,0.0,0.0
2022-06-22 00:00:00-04:00,30.43000030517578,30.959999084472656,30.43000030517578,30.739999771118164,84000,0.0,0.0,0.0
2022-06-23 00:00:00-04:00,30.8799991607666,31.329999923706055,30.8799991607666,31.270000457763672,122900,0.0,0.0,0.0
2022-06-24 00:00:00-04:00,31.350000381469727,31.940000534057617,31.25,31.850000381469727,89500,0.0,0.0,0.0
2022-06-27 00:00:00-04:00,31.860000610351562,32.209999084472656,31.809999465942383,32.15999984741211,50800,0.0,0.0,0.0
2022-06-28 00:00:00-04:00,32.290000915527344,32.5,32.08000183105469,32.119998931884766,72500,0.0,0.0,0.0
2022-06-29 00:00:00-04:00,32.150001525878906,32.189998626708984,31.860000610351562,32.099998474121094,157200,0.0,0.0,0.0
2022-06-30 00:00:00-04:00,31.899999618530273,32.54999923706055,31.809999465942383,32.310001373291016,135800,0.0,0.0,0.0
2022-07-01 00:00:00-04:00,32.38999938964844,33.13999938964844,32.369998931884766,33.11000061035156,280900,0.0,0.0,0.0
2022-07-05 00:00:00-04:00,32.880001068115234,32.880001068115234,31.299999237060547,31.81999969482422,154600,0.0,0.0,0.0
2022-07-06 00:00:00-04:00,31.8700008392334,32.400001525878906,31.65999984741211,32.119998931884766,341000,0.0,0.0,0.0
2022-07-07 00:00:00-04:00,32.27000045776367,32.380001068115234,32.099998474121094,32.11000061035156,120400,0.0,0.0,0.0
2022-07-08 00:00:00-04:00,32.09000015258789,32.189998626708984,31.93000030517578,32.040000915527344,61100,0.0,0.0,0.0
2022-07-11 00:00:00-04:00,31.950000762939453,32.220001220703125,31.850000381469727,32.13999938964844,60200,0.0,0.0,0.0
2022-07-12 00:00:00-04:00,32.04999923706055,32.38999938964844,31.940000534057617,32.06999969482422,136400,0.0,0.0,0.0
2022-07-13 00:00:00-04:00,31.809999465942383,32.15999984741211,31.690000534057617,31.889999389648438,186100,0.0,0.0,0.0
2022-07-14 00:00:00-04:00,31.450000762939453,31.90999984741211,31.360000610351562,31.889999389648438,90000,0.0,0.0,0.0
2022-07-15 00:00:00-04:00,32.09000015258789,32.09000015258789,31.610000610351562,32.060001373291016,62900,0.0,0.0,0.0
2022-07-18 00:00:00-04:00,32.13999938964844,32.16999816894531,31.760000228881836,31.760000228881836,44100,0.0,0.0,0.0
2022-07-19 00:00:00-04:00,31.989999771118164,32.22999954223633,31.989999771118164,32.16999816894531,45800,0.0,0.0,0.0
2022-07-20 00:00:00-04:00,32.13999938964844,32.150001525878906,31.75,31.8700008392334,69800,0.0,0.0,0.0
2022-07-21 00:00:00-04:00,31.850000381469727,31.90999984741211,31.610000610351562,31.90999984741211,58600,0.0,0.0,0.0
2022-07-22 00:00:00-04:00,32.060001373291016,32.20000076293945,31.920000076293945,32.099998474121094,66700,0.0,0.0,0.0
2022-07-25 00:00:00-04:00,32.150001525878906,32.52000045776367,32.150001525878906,32.5,38800,0.0,0.0,0.0
2022-07-26 00:00:00-04:00,32.529998779296875,32.790000915527344,32.529998779296875,32.77000045776367,44900,0.0,0.0,0.0
2022-07-27 00:00:00-04:00,32.86000061035156,33.029998779296875,32.650001525878906,32.959999084472656,65500,0.0,0.0,0.0
2022-07-28 00:00:00-04:00,33.349998474121094,34.0,33.290000915527344,33.959999084472656,97000,0.0,0.0,0.0
2022-07-29 00:00:00-04:00,33.95000076293945,34.400001525878906,33.95000076293945,34.33000183105469,104100,0.0,0.0,0.0
2022-08-01 00:00:00-04:00,34.2400016784668,34.290000915527344,33.970001220703125,34.279998779296875,250500,0.0,0.0,0.0
2022-08-02 00:00:00-04:00,34.33000183105469,34.5,34.150001525878906,34.15999984741211,91800,0.0,0.0,0.0
2022-08-03 00:00:00-04:00,34.20000076293945,34.52000045776367,33.810001373291016,34.459999084472656,192000,0.0,0.0,0.0
2022-08-04 00:00:00-04:00,34.47999954223633,34.65999984741211,34.400001525878906,34.41999816894531,813000,0.0,0.0,0.0
2022-08-05 00:00:00-04:00,34.29999923706055,34.40999984741211,34.04999923706055,34.279998779296875,127000,0.0,0.0,0.0
2022-08-08 00:00:00-04:00,34.52000045776367,34.66999816894531,34.31999969482422,34.41999816894531,102300,0.0,0.0,0.0
2022-08-09 00:00:00-04:00,34.369998931884766,34.650001525878906,34.369998931884766,34.63999938964844,128600,0.0,0.0,0.0
2022-08-10 00:00:00-04:00,34.84000015258789,34.880001068115234,34.630001068115234,34.849998474121094,244900,0.0,0.0,0.0
2022-08-11 00:00:00-04:00,34.91999816894531,35.189998626708984,34.869998931884766,34.970001220703125,84900,0.0,0.0,0.0
2022-08-12 00:00:00-04:00,35.150001525878906,35.630001068115234,35.150001525878906,35.619998931884766,97600,0.0,0.0,0.0
2022-08-15 00:00:00-04:00,35.56999969482422,35.91999816894531,35.529998779296875,35.90999984741211,278700,0.0,0.0,0.0
2022-08-16 00:00:00-04:00,35.83000183105469,36.099998474121094,35.83000183105469,36.029998779296875,129800,0.0,0.0,0.0
2022-08-17 00:00:00-04:00,35.900001525878906,36.029998779296875,35.779998779296875,35.93000030517578,90600,0.0,0.0,0.0
2022-08-18 00:00:00-04:00,35.959999084472656,36.150001525878906,35.95000076293945,36.060001373291016,34700,0.0,0.0,0.0
2022-08-19 00:00:00-04:00,35.970001220703125,36.08000183105469,35.84000015258789,35.939998626708984,78300,0.0,0.0,0.0
2022-08-22 00:00:00-04:00,35.689998626708984,35.689998626708984,35.31999969482422,35.38999938964844,80500,0.0,0.0,0.0
2022-08-23 00:00:00-04:00,35.41999816894531,35.41999816894531,35.119998931884766,35.209999084472656,54200,0.0,0.0,0.0
2022-08-24 00:00:00-04:00,35.209999084472656,35.45000076293945,35.18000030517578,35.439998626708984,64900,0.0,0.0,0.0
2022-08-25 00:00:00-04:00,35.529998779296875,35.779998779296875,35.439998626708984,35.779998779296875,127900,0.0,0.0,0.0
2022-08-26 00:00:00-04:00,35.81999969482422,35.81999969482422,35.189998626708984,35.189998626708984,48000,0.0,0.0,0.0
2022-08-29 00:00:00-04:00,35.060001373291016,35.470001220703125,34.849998474121094,35.27000045776367,52900,0.0,0.0,0.0
2022-08-30 00:00:00-04:00,35.2599983215332,35.2599983215332,34.66999816894531,34.77000045776367,343800,0.0,0.0,0.0
2022-08-31 00:00:00-04:00,34.790000915527344,34.93000030517578,34.599998474121094,34.619998931884766,123200,0.0,0.0,0.0
2022-09-01 00:00:00-04:00,34.560001373291016,34.91999816894531,34.439998626708984,34.90999984741211,103300,0.0,0.0,0.0
2022-09-02 00:00:00-04:00,35.08000183105469,35.349998474121094,34.599998474121094,34.66999816894531,86200,0.0,0.0,0.0
2022-09-06 00:00:00-04:00,34.7400016784668,34.90999984741211,34.40999984741211,34.459999084472656,215200,0.0,0.0,0.0
2022-09-07 00:00:00-04:00,34.47999954223633,35.5,34.47999954223633,35.5,99900,0.0,0.0,0.0
2022-09-08 00:00:00-04:00,35.400001525878906,35.689998626708984,35.29999923706055,35.540000915527344,78100,0.0,0.0,0.0
2022-09-09 00:00:00-04:00,35.7599983215332,35.880001068115234,35.56999969482422,35.7400016784668,90000,0.0,0.0,0.0
2022-09-12 00:00:00-04:00,35.79999923706055,36.130001068115234,35.790000915527344,36.099998474121094,84900,0.0,0.0,0.0
2022-09-13 00:00:00-04:00,35.619998931884766,35.81999969482422,34.970001220703125,35.130001068115234,122000,0.0,0.0,0.0
2022-09-14 00:00:00-04:00,35.25,35.58000183105469,35.22999954223633,35.459999084472656,215800,0.0,0.0,0.0
2022-09-15 00:00:00-04:00,35.25,35.25,34.79999923706055,34.869998931884766,83100,0.0,0.0,0.0
2022-09-16 00:00:00-04:00,34.630001068115234,34.83000183105469,34.54999923706055,34.63999938964844,492500,0.0,0.0,0.0
2022-09-19 00:00:00-04:00,34.459999084472656,35.099998474121094,34.459999084472656,35.08000183105469,318200,0.0,0.0,0.0
2022-09-20 00:00:00-04:00,34.84000015258789,34.91999816894531,34.34000015258789,34.540000915527344,271800,0.0,0.0,0.0
2022-09-21 00:00:00-04:00,34.7599983215332,35.0,34.11000061035156,34.11000061035156,293800,0.0,0.0,0.0
2022-09-22 00:00:00-04:00,34.02000045776367,34.02000045776367,33.72999954223633,33.86000061035156,221700,0.0,0.0,0.0
2022-09-23 00:00:00-04:00,33.29999923706055,33.33000183105469,32.75,33.130001068115234,282900,0.0,0.0,0.0
2022-09-26 00:00:00-04:00,33.029998779296875,33.029998779296875,32.13999938964844,32.38999938964844,544800,0.0,0.0,0.0
2022-09-27 00:00:00-04:00,32.540000915527344,32.630001068115234,31.670000076293945,31.790000915527344,214800,0.0,0.0,0.0
2022-09-28 00:00:00-04:00,32.04999923706055,32.400001525878906,31.770000457763672,32.22999954223633,290400,0.0,0.0,0.0
2022-09-29 00:00:00-04:00,32.040000915527344,32.040000915527344,31.0,31.09000015258789,182500,0.0,0.0,0.0
2022-09-30 00:00:00-04:00,31.200000762939453,31.200000762939453,30.5,30.549999237060547,403900,0.0,0.0,0.0
2022-10-03 00:00:00-04:00,30.899999618530273,31.6200008392334,30.899999618530273,31.450000762939453,538900,0.0,0.0,0.0
2022-10-04 00:00:00-04:00,31.709999084472656,32.369998931884766,31.709999084472656,32.369998931884766,349600,0.0,0.0,0.0
2022-10-05 00:00:00-04:00,31.889999389648438,32.08000183105469,31.440000534057617,31.8700008392334,213900,0.0,0.0,0.0
2022-10-06 00:00:00-04:00,31.790000915527344,31.790000915527344,30.889999389648438,30.93000030517578,217200,0.0,0.0,0.0
2022-10-07 00:00:00-04:00,30.84000015258789,30.84000015258789,30.1299991607666,30.329999923706055,396200,0.0,0.0,0.0
2022-10-10 00:00:00-04:00,30.40999984741211,30.639999389648438,30.31999969482422,30.34000015258789,233500,0.0,0.0,0.0
2022-10-11 00:00:00-04:00,30.25,30.709999084472656,30.15999984741211,30.3700008392334,126900,0.0,0.0,0.0
2022-10-12 00:00:00-04:00,30.31999969482422,30.31999969482422,29.510000228881836,29.520000457763672,153400,0.0,0.0,0.0
2022-10-13 00:00:00-04:00,29.06999969482422,30.40999984741211,29.0,30.290000915527344,417700,0.0,0.0,0.0
2022-10-14 00:00:00-04:00,30.530000686645508,30.739999771118164,29.709999084472656,29.84000015258789,145800,0.0,0.0,0.0
2022-10-17 00:00:00-04:00,30.239999771118164,30.700000762939453,30.239999771118164,30.40999984741211,119500,0.0,0.0,0.0
2022-10-18 00:00:00-04:00,30.920000076293945,31.049999237060547,30.729999542236328,30.989999771118164,102100,0.0,0.0,0.0
2022-10-19 00:00:00-04:00,30.790000915527344,30.860000610351562,30.440000534057617,30.670000076293945,96000,0.0,0.0,0.0
2022-10-20 00:00:00-04:00,30.690000534057617,30.690000534057617,29.90999984741211,30.040000915527344,103600,0.0,0.0,0.0
2022-10-21 00:00:00-04:00,30.149999618530273,30.709999084472656,29.920000076293945,30.59000015258789,137800,0.0,0.0,0.0
2022-10-24 00:00:00-04:00,30.75,30.979999542236328,30.540000915527344,30.760000228881836,69200,0.0,0.0,0.0
2022-10-25 00:00:00-04:00,30.780000686645508,31.43000030517578,30.780000686645508,31.329999923706055,118800,0.0,0.0,0.0
2022-10-26 00:00:00-04:00,31.459999084472656,31.540000915527344,31.15999984741211,31.270000457763672,100300,0.0,0.0,0.0
2022-10-27 00:00:00-04:00,31.459999084472656,31.850000381469727,31.459999084472656,31.520000457763672,93500,0.0,0.0,0.0
2022-10-28 00:00:00-04:00,31.559999465942383,32.209999084472656,31.559999465942383,32.18000030517578,60300,0.0,0.0,0.0
2022-10-31 00:00:00-04:00,32.060001373291016,32.2400016784668,31.93000030517578,32.060001373291016,149000,0.0,0.0,0.0
2022-11-01 00:00:00-04:00,32.290000915527344,32.290000915527344,31.969999313354492,32.13999938964844,228800,0.0,0.0,0.0
2022-11-02 00:00:00-04:00,32.029998779296875,32.650001525878906,31.75,31.760000228881836,318100,0.0,0.0,0.0
2022-11-03 00:00:00-04:00,31.489999771118164,32.18000030517578,31.34000015258789,31.889999389648438,610800,0.0,0.0,0.0
2022-11-04 00:00:00-04:00,32.150001525878906,32.22999954223633,31.56999969482422,32.060001373291016,179400,0.0,0.0,0.0
2022-11-07 00:00:00-05:00,32.08000183105469,32.08000183105469,31.34000015258789,31.729999542236328,262200,0.0,0.0,0.0
2022-11-08 00:00:00-05:00,31.799999237060547,32.130001068115234,31.690000534057617,31.979999542236328,200300,0.0,0.0,0.0
2022-11-09 00:00:00-05:00,31.860000610351562,32.13999938964844,31.6299991607666,31.68000030517578,104900,0.0,0.0,0.0
2022-11-10 00:00:00-05:00,32.4900016784668,33.130001068115234,32.22999954223633,33.09000015258789,85700,0.0,0.0,0.0
2022-11-11 00:00:00-05:00,33.11000061035156,33.11000061035156,32.52000045776367,32.7400016784668,76900,0.0,0.0,0.0
2022-11-14 00:00:00-05:00,32.720001220703125,32.83000183105469,32.33000183105469,32.34000015258789,1631900,0.0,0.0,0.0
2022-11-15 00:00:00-05:00,32.63999938964844,32.84000015258789,32.2599983215332,32.59000015258789,117300,0.0,0.0,0.0
2022-11-16 00:00:00-05:00,32.59000015258789,32.97999954223633,32.59000015258789,32.77000045776367,68800,0.0,0.0,0.0
2022-11-17 00:00:00-05:00,32.459999084472656,32.470001220703125,32.16999816894531,32.369998931884766,68100,0.0,0.0,0.0
2022-11-18 00:00:00-05:00,32.58000183105469,33.09000015258789,32.58000183105469,33.06999969482422,58100,0.0,0.0,0.0
2022-11-21 00:00:00-05:00,33.02000045776367,33.380001068115234,33.02000045776367,33.310001373291016,147900,0.0,0.0,0.0
2022-11-22 00:00:00-05:00,33.5,33.75,33.40999984741211,33.630001068115234,227500,0.0,0.0,0.0
2022-11-23 00:00:00-05:00,33.529998779296875,33.83000183105469,33.470001220703125,33.81999969482422,58400,0.0,0.0,0.0
2022-11-25 00:00:00-05:00,33.90999984741211,34.130001068115234,33.90999984741211,34.0,13100,0.0,0.0,0.0
2022-11-28 00:00:00-05:00,33.900001525878906,33.900001525878906,33.619998931884766,33.7599983215332,152600,0.0,0.0,0.0
2022-11-29 00:00:00-05:00,33.65999984741211,33.66999816894531,33.439998626708984,33.61000061035156,65000,0.0,0.0,0.0
2022-11-30 00:00:00-05:00,33.630001068115234,34.43000030517578,33.54999923706055,34.400001525878906,122100,0.0,0.0,0.0
2022-12-01 00:00:00-05:00,34.529998779296875,34.869998931884766,34.22999954223633,34.29999923706055,157000,0.0,0.0,0.0
2022-12-02 00:00:00-05:00,33.970001220703125,34.22999954223633,33.849998474121094,34.150001525878906,40200,0.0,0.0,0.0
2022-12-05 00:00:00-05:00,33.88999938964844,34.0099983215332,33.790000915527344,33.88999938964844,46500,0.0,0.0,0.0
2022-12-06 00:00:00-05:00,33.720001220703125,33.88999938964844,33.470001220703125,33.79999923706055,55400,0.0,0.0,0.0
2022-12-07 00:00:00-05:00,33.779998779296875,33.95000076293945,33.529998779296875,33.619998931884766,54900,0.0,0.0,0.0
2022-12-08 00:00:00-05:00,33.66999816894531,33.880001068115234,33.56999969482422,33.77000045776367,56500,0.0,0.0,0.0
2022-12-09 00:00:00-05:00,33.709999084472656,33.959999084472656,33.709999084472656,33.75,57300,0.0,0.0,0.0
2022-12-12 00:00:00-05:00,33.88999938964844,34.349998474121094,33.77000045776367,34.349998474121094,138900,0.0,0.0,0.0
2022-12-13 00:00:00-05:00,34.81999969482422,34.97999954223633,34.13999938964844,34.439998626708984,79200,0.0,0.0,0.0
2022-12-14 00:00:00-05:00,34.61000061035156,34.86000061035156,34.2400016784668,34.43000030517578,83400,0.0,0.0,0.0
2022-12-15 00:00:00-05:00,34.220001220703125,34.25,33.79999923706055,33.93000030517578,43000,0.0,0.0,0.0
2022-12-16 00:00:00-05:00,33.63999938964844,33.65999984741211,33.040000915527344,33.40999984741211,51800,0.0,0.0,0.0
2022-12-19 00:00:00-05:00,33.31999969482422,33.54999923706055,33.0099983215332,33.189998626708984,57500,0.0,0.0,0.0
2022-12-20 00:00:00-05:00,33.150001525878906,33.36000061035156,33.06999969482422,33.22999954223633,68500,0.0,0.0,0.0
2022-12-21 00:00:00-05:00,33.41999816894531,33.72999954223633,33.349998474121094,33.709999084472656,157300,0.0,0.0,0.0
2022-12-22 00:00:00-05:00,33.599998474121094,33.630001068115234,32.93000030517578,33.40999984741211,27500,0.0,0.0,0.0
2022-12-23 00:00:00-05:00,33.04999923706055,33.5,33.04999923706055,33.5,105400,0.0,0.0,0.0
2022-12-27 00:00:00-05:00,33.529998779296875,33.7599983215332,33.38999938964844,33.709999084472656,55900,0.0,0.0,0.0
2022-12-28 00:00:00-05:00,33.72999954223633,33.86000061035156,33.33000183105469,33.349998474121094,42300,0.0,0.0,0.0
2022-12-29 00:00:00-05:00,33.52000045776367,33.77000045776367,33.47999954223633,33.619998931884766,180400,0.0,0.0,0.0
2022-12-30 00:00:00-05:00,33.56999969482422,33.599998474121094,32.9900016784668,33.209999084472656,87300,0.0,0.0,0.0
2023-01-03 00:00:00-05:00,33.36000061035156,33.36000061035156,32.72999954223633,33.060001373291016,58100,0.0,0.0,0.0
2023-01-04 00:00:00-05:00,33.20000076293945,33.59000015258789,33.13999938964844,33.34000015258789,94300,0.0,0.0,0.0
2023-01-05 00:00:00-05:00,33.08000183105469,33.08000183105469,32.47999954223633,32.560001373291016,248000,0.0,0.0,0.0
2023-01-06 00:00:00-05:00,32.939998626708984,33.41999816894531,32.900001525878906,33.31999969482422,161400,0.0,0.0,0.0
2023-01-09 00:00:00-05:00,33.29999923706055,33.84000015258789,33.29999923706055,33.58000183105469,91700,0.0,0.0,0.0
2023-01-10 00:00:00-05:00,33.459999084472656,33.560001373291016,33.150001525878906,33.560001373291016,43400,0.0,0.0,0.0
2023-01-11 00:00:00-05:00,33.63999938964844,33.97999954223633,33.63999938964844,33.970001220703125,48200,0.0,0.0,0.0
2023-01-12 00:00:00-05:00,34.09000015258789,34.13999938964844,33.880001068115234,33.93000030517578,58100,0.0,0.0,0.0
2023-01-13 00:00:00-05:00,33.75,33.84000015258789,33.5099983215332,33.75,38200,0.0,0.0,0.0
2023-01-17 00:00:00-05:00,33.72999954223633,33.9900016784668,33.65999984741211,33.66999816894531,62500,0.0,0.0,0.0
2023-01-18 00:00:00-05:00,33.83000183105469,33.83000183105469,32.95000076293945,32.959999084472656,48000,0.0,0.0,0.0
2023-01-19 00:00:00-05:00,32.84000015258789,32.869998931884766,32.560001373291016,32.59000015258789,90500,0.0,0.0,0.0
2023-01-20 00:00:00-05:00,32.619998931884766,32.939998626708984,32.310001373291016,32.939998626708984,60700,0.0,0.0,0.0
2023-01-23 00:00:00-05:00,32.91999816894531,33.310001373291016,32.88999938964844,33.02000045776367,70600,0.0,0.0,0.0
2023-01-24 00:00:00-05:00,32.9900016784668,33.27000045776367,32.689998626708984,33.16999816894531,100800,0.0,0.0,0.0
2023-01-25 00:00:00-05:00,32.86000061035156,33.119998931884766,32.75,33.08000183105469,48400,0.0,0.0,0.0
2023-01-26 00:00:00-05:00,33.189998626708984,33.189998626708984,32.959999084472656,33.18000030517578,197100,0.0,0.0,0.0
2023-01-27 00:00:00-05:00,33.119998931884766,33.38999938964844,33.08000183105469,33.25,57000,0.0,0.0,0.0
2023-01-30 00:00:00-05:00,33.099998474121094,33.400001525878906,33.06999969482422,33.06999969482422,76700,0.0,0.0,0.0
2023-01-31 00:00:00-05:00,33.189998626708984,33.529998779296875,32.93000030517578,33.52000045776367,115200,0.0,0.0,0.0
2023-02-01 00:00:00-05:00,33.400001525878906,33.90999984741211,33.16999816894531,33.70000076293945,238600,0.0,0.0,0.0
2023-02-02 00:00:00-05:00,33.86000061035156,34.189998626708984,33.68000030517578,33.849998474121094,713800,0.0,0.0,0.0
2023-02-03 00:00:00-05:00,33.650001525878906,33.650001525878906,32.91999816894531,33.22999954223633,77900,0.0,0.0,0.0
2023-02-06 00:00:00-05:00,33.09000015258789,33.27000045776367,32.86000061035156,33.27000045776367,152200,0.0,0.0,0.0
2023-02-07 00:00:00-05:00,33.150001525878906,33.33000183105469,32.779998779296875,33.22999954223633,105200,0.0,0.0,0.0
2023-02-08 00:00:00-05:00,33.09000015258789,33.09000015258789,32.68000030517578,32.7400016784668,96100,0.0,0.0,0.0
2023-02-09 00:00:00-05:00,32.83000183105469,32.900001525878906,32.220001220703125,32.279998779296875,87400,0.0,0.0,0.0
2023-02-10 00:00:00-05:00,32.220001220703125,32.84000015258789,32.220001220703125,32.81999969482422,159200,0.0,0.0,0.0
2023-02-13 00:00:00-05:00,32.810001373291016,33.099998474121094,32.810001373291016,33.060001373291016,227100,0.0,0.0,0.0
2023-02-14 00:00:00-05:00,32.9900016784668,33.189998626708984,32.689998626708984,32.849998474121094,72600,0.0,0.0,0.0
2023-02-15 00:00:00-05:00,32.68000030517578,33.16999816894531,32.65999984741211,33.150001525878906,27900,0.0,0.0,0.0
2023-02-16 00:00:00-05:00,32.869998931884766,33.029998779296875,32.599998474121094,32.849998474121094,161900,0.0,0.0,0.0
2023-02-17 00:00:00-05:00,32.84000015258789,33.29999923706055,32.84000015258789,33.209999084472656,41900,0.0,0.0,0.0
2023-02-21 00:00:00-05:00,32.959999084472656,32.959999084472656,32.619998931884766,32.619998931884766,52200,0.0,0.0,0.0
2023-02-22 00:00:00-05:00,32.59000015258789,32.93000030517578,32.5,32.56999969482422,64800,0.0,0.0,0.0
2023-02-23 00:00:00-05:00,32.650001525878906,32.720001220703125,32.349998474121094,32.470001220703125,77200,0.0,0.0,0.0
2023-02-24 00:00:00-05:00,32.16999816894531,32.45000076293945,32.06999969482422,32.369998931884766,91600,0.0,0.0,0.0
2023-02-27 00:00:00-05:00,32.47999954223633,32.880001068115234,32.20000076293945,32.25,73900,0.0,0.0,0.0
2023-02-28 00:00:00-05:00,32.11000061035156,32.400001525878906,31.84000015258789,31.84000015258789,169200,0.0,0.0,0.0
2023-03-01 00:00:00-05:00,31.709999084472656,31.709999084472656,31.329999923706055,31.489999771118164,96600,0.0,0.0,0.0
2023-03-02 00:00:00-05:00,31.299999237060547,31.889999389648438,31.299999237060547,31.850000381469727,85600,0.0,0.0,0.0
2023-03-03 00:00:00-05:00,31.969999313354492,32.310001373291016,31.709999084472656,32.310001373291016,86100,0.0,0.0,0.0
2023-03-06 00:00:00-05:00,32.38999938964844,32.720001220703125,32.38999938964844,32.54999923706055,161100,0.0,0.0,0.0
2023-03-07 00:00:00-05:00,32.63999938964844,32.81999969482422,32.119998931884766,32.25,51800,0.0,0.0,0.0
2023-03-08 00:00:00-05:00,32.22999954223633,32.47999954223633,32.13999938964844,32.439998626708984,78700,0.0,0.0,0.0
2023-03-09 00:00:00-05:00,32.52000045776367,32.720001220703125,32.0099983215332,32.040000915527344,84500,0.0,0.0,0.0
2023-03-10 00:00:00-05:00,32.099998474121094,32.099998474121094,31.149999618530273,31.270000457763672,42900,0.0,0.0,0.0
2023-03-13 00:00:00-04:00,31.170000076293945,32.20000076293945,31.170000076293945,31.559999465942383,232600,0.0,0.0,0.0
2023-03-14 00:00:00-04:00,31.959999084472656,32.349998474121094,31.829999923706055,32.099998474121094,66600,0.0,0.0,0.0
2023-03-15 00:00:00-04:00,31.799999237060547,32.279998779296875,31.75,32.150001525878906,64200,0.0,0.0,0.0
2023-03-16 00:00:00-04:00,31.989999771118164,32.4900016784668,31.979999542236328,32.43000030517578,78500,0.0,0.0,0.0
2023-03-17 00:00:00-04:00,32.36000061035156,32.36000061035156,31.860000610351562,32.040000915527344,74500,0.0,0.0,0.0
2023-03-20 00:00:00-04:00,32.150001525878906,32.58000183105469,32.150001525878906,32.43000030517578,157100,0.0,0.0,0.0
2023-03-21 00:00:00-04:00,32.56999969482422,32.56999969482422,31.700000762939453,32.0099983215332,42100,0.0,0.0,0.0
2023-03-22 00:00:00-04:00,32.029998779296875,32.029998779296875,31.219999313354492,31.219999313354492,160600,0.0,0.0,0.0
2023-03-23 00:00:00-04:00,31.329999923706055,31.479999542236328,30.65999984741211,30.81999969482422,112400,0.0,0.0,0.0
2023-03-24 00:00:00-04:00,30.56999969482422,31.450000762939453,30.56999969482422,31.450000762939453,56400,0.0,0.0,0.0
2023-03-27 00:00:00-04:00,31.610000610351562,31.780000686645508,31.520000457763672,31.579999923706055,38400,0.0,0.0,0.0
2023-03-28 00:00:00-04:00,31.549999237060547,32.02000045776367,31.549999237060547,31.729999542236328,29100,0.0,0.0,0.0
2023-03-29 00:00:00-04:00,31.899999618530273,32.220001220703125,31.899999618530273,32.189998626708984,58200,0.0,0.0,0.0
2023-03-30 00:00:00-04:00,32.369998931884766,32.59000015258789,32.29999923706055,32.40999984741211,35000,0.0,0.0,0.0
2023-03-31 00:00:00-04:00,32.54999923706055,32.83000183105469,32.47999954223633,32.83000183105469,50600,0.0,0.0,0.0
2023-04-03 00:00:00-04:00,32.72999954223633,32.790000915527344,32.5099983215332,32.529998779296875,148000,0.0,0.0,0.0
2023-04-04 00:00:00-04:00,32.540000915527344,32.560001373291016,32.380001068115234,32.529998779296875,50200,0.0,0.0,0.0
2023-04-05 00:00:00-04:00,32.540000915527344,33.290000915527344,32.540000915527344,33.2599983215332,102300,0.0,0.0,0.0
2023-04-06 00:00:00-04:00,33.369998931884766,33.47999954223633,33.150001525878906,33.34000015258789,90900,0.0,0.0,0.0
2023-04-10 00:00:00-04:00,33.27000045776367,33.38999938964844,33.02000045776367,33.38999938964844,154900,0.0,0.0,0.0
2023-04-11 00:00:00-04:00,33.40999984741211,33.63999938964844,33.369998931884766,33.529998779296875,134300,0.0,0.0,0.0
2023-04-12 00:00:00-04:00,33.63999938964844,33.709999084472656,33.369998931884766,33.470001220703125,149300,0.0,0.0,0.0
2023-04-13 00:00:00-04:00,33.45000076293945,33.560001373291016,32.91999816894531,33.459999084472656,244200,0.0,0.0,0.0
2023-04-14 00:00:00-04:00,33.33000183105469,33.33000183105469,32.939998626708984,33.09000015258789,66100,0.0,0.0,0.0
2023-04-17 00:00:00-04:00,33.130001068115234,33.36000061035156,33.0099983215332,33.31999969482422,257000,0.0,0.0,0.0
2023-04-18 00:00:00-04:00,33.400001525878906,33.400001525878906,32.95000076293945,33.119998931884766,196000,0.0,0.0,0.0
2023-04-19 00:00:00-04:00,33.11000061035156,33.31999969482422,33.11000061035156,33.310001373291016,50100,0.0,0.0,0.0
2023-04-20 00:00:00-04:00,33.279998779296875,33.369998931884766,33.18000030517578,33.29999923706055,32800,0.0,0.0,0.0
2023-04-21 00:00:00-04:00,33.43000030517578,33.529998779296875,33.220001220703125,33.40999984741211,57900,0.0,0.0,0.0
2023-04-24 00:00:00-04:00,33.43000030517578,33.650001525878906,33.43000030517578,33.61000061035156,62400,0.0,0.0,0.0
2023-04-25 00:00:00-04:00,33.5099983215332,33.72999954223633,33.47999954223633,33.54999923706055,65400,0.0,0.0,0.0
2023-04-26 00:00:00-04:00,33.369998931884766,33.369998931884766,32.779998779296875,32.79999923706055,35700,0.0,0.0,0.0
2023-04-27 00:00:00-04:00,32.880001068115234,33.29999923706055,32.880001068115234,33.29999923706055,25600,0.0,0.0,0.0
2023-04-28 00:00:00-04:00,33.2599983215332,33.40999984741211,33.13999938964844,33.29999923706055,30200,0.0,0.0,0.0
2023-05-01 00:00:00-04:00,33.2400016784668,33.56999969482422,33.2400016784668,33.29999923706055,137800,0.0,0.0,0.0
2023-05-02 00:00:00-04:00,33.220001220703125,33.220001220703125,32.540000915527344,32.7400016784668,220400,0.0,0.0,0.0
2023-05-03 00:00:00-04:00,32.83000183105469,33.189998626708984,32.689998626708984,32.75,102700,0.0,0.0,0.0
2023-05-04 00:00:00-04:00,32.65999984741211,32.720001220703125,32.349998474121094,32.560001373291016,161800,0.0,0.0,0.0
2023-05-05 00:00:00-04:00,32.630001068115234,33.02000045776367,32.630001068115234,32.959999084472656,36900,0.0,0.0,0.0
2023-05-08 00:00:00-04:00,32.959999084472656,33.08000183105469,32.75,32.81999969482422,233000,0.0,0.0,0.0
2023-05-09 00:00:00-04:00,32.709999084472656,32.900001525878906,32.58000183105469,32.810001373291016,100700,0.0,0.0,0.0
2023-05-10 00:00:00-04:00,33.060001373291016,33.18000030517578,32.79999923706055,33.119998931884766,316700,0.0,0.0,0.0
2023-05-11 00:00:00-04:00,33.0099983215332,33.06999969482422,32.58000183105469,32.70000076293945,52500,0.0,0.0,0.0
2023-05-12 00:00:00-04:00,32.84000015258789,33.040000915527344,32.63999938964844,32.810001373291016,34900,0.0,0.0,0.0
2023-05-15 00:00:00-04:00,33.0,33.0,32.400001525878906,32.529998779296875,60100,0.0,0.0,0.0
2023-05-16 00:00:00-04:00,32.470001220703125,32.470001220703125,31.829999923706055,31.829999923706055,56500,0.0,0.0,0.0
2023-05-17 00:00:00-04:00,31.920000076293945,31.93000030517578,31.649999618530273,31.860000610351562,139500,0.0,0.0,0.0
2023-05-18 00:00:00-04:00,31.770000457763672,31.770000457763672,31.459999084472656,31.690000534057617,128400,0.0,0.0,0.0
2023-05-19 00:00:00-04:00,31.90999984741211,31.950000762939453,31.579999923706055,31.600000381469727,20900,0.0,0.0,0.0
2023-05-22 00:00:00-04:00,31.65999984741211,31.809999465942383,31.530000686645508,31.729999542236328,29000,0.0,0.0,0.0
2023-05-23 00:00:00-04:00,31.6200008392334,32.029998779296875,31.6200008392334,31.700000762939453,59400,0.0,0.0,0.0
2023-05-24 00:00:00-04:00,31.610000610351562,31.639999389648438,31.3799991607666,31.450000762939453,40600,0.0,0.0,0.0
2023-05-25 00:00:00-04:00,31.350000381469727,31.350000381469727,30.84000015258789,31.059999465942383,52800,0.0,0.0,0.0
2023-05-26 00:00:00-04:00,31.020000457763672,31.09000015258789,30.760000228881836,31.09000015258789,105700,0.0,0.0,0.0
2023-05-30 00:00:00-04:00,31.18000030517578,31.280000686645508,31.06999969482422,31.100000381469727,209600,0.0,0.0,0.0
2023-05-31 00:00:00-04:00,31.049999237060547,31.389999389648438,30.850000381469727,31.290000915527344,94500,0.0,0.0,0.0
2023-06-01 00:00:00-04:00,31.389999389648438,31.389999389648438,31.020000457763672,31.1299991607666,62100,0.0,0.0,0.0
2023-06-02 00:00:00-04:00,31.170000076293945,31.68000030517578,31.059999465942383,31.59000015258789,36900,0.0,0.0,0.0
2023-06-05 00:00:00-04:00,31.639999389648438,31.950000762939453,31.549999237060547,31.690000534057617,320800,0.0,0.0,0.0
2023-06-06 00:00:00-04:00,31.81999969482422,31.889999389648438,31.649999618530273,31.75,36300,0.0,0.0,0.0
2023-06-07 00:00:00-04:00,31.84000015258789,32.349998474121094,31.68000030517578,32.31999969482422,83100,0.0,0.0,0.0
2023-06-08 00:00:00-04:00,32.290000915527344,32.31999969482422,32.0,32.310001373291016,149300,0.0,0.0,0.0
2023-06-09 00:00:00-04:00,32.22999954223633,32.279998779296875,32.099998474121094,32.099998474121094,75700,0.0,0.0,0.0
2023-06-12 00:00:00-04:00,32.18000030517578,32.22999954223633,31.979999542236328,32.119998931884766,174700,0.0,0.0,0.0
2023-06-13 00:00:00-04:00,32.0,32.18000030517578,31.940000534057617,32.099998474121094,74000,0.0,0.0,0.0
2023-06-14 00:00:00-04:00,32.15999984741211,32.400001525878906,32.0,32.040000915527344,62000,0.0,0.0,0.0
2023-06-15 00:00:00-04:00,32.130001068115234,32.41999816894531,32.099998474121094,32.380001068115234,49300,0.0,0.0,0.0
2023-06-16 00:00:00-04:00,32.40999984741211,32.61000061035156,32.34000015258789,32.36000061035156,40800,0.0,0.0,0.0
2023-06-20 00:00:00-04:00,32.310001373291016,32.310001373291016,31.90999984741211,31.959999084472656,220100,0.0,0.0,0.0
2023-06-21 00:00:00-04:00,31.920000076293945,32.18000030517578,31.559999465942383,32.119998931884766,132200,0.0,0.0,0.0
2023-06-22 00:00:00-04:00,32.15999984741211,32.29999923706055,31.790000915527344,31.899999618530273,65100,0.0,0.0,0.0
2023-06-23 00:00:00-04:00,31.90999984741211,31.989999771118164,31.34000015258789,31.360000610351562,142800,0.0,0.0,0.0
2023-06-26 00:00:00-04:00,31.40999984741211,31.899999618530273,31.40999984741211,31.81999969482422,68300,0.0,0.0,0.0
2023-06-27 00:00:00-04:00,31.729999542236328,31.93000030517578,31.65999984741211,31.8700008392334,830100,0.0,0.0,0.0
2023-06-28 00:00:00-04:00,31.780000686645508,31.780000686645508,31.329999923706055,31.389999389648438,552900,0.0,0.0,0.0
2023-06-29 00:00:00-04:00,31.329999923706055,31.600000381469727,31.18000030517578,31.5,340500,0.0,0.0,0.0
2023-06-30 00:00:00-04:00,31.610000610351562,31.850000381469727,31.530000686645508,31.790000915527344,129500,0.0,0.0,0.0
2023-07-03 00:00:00-04:00,31.729999542236328,32.0099983215332,31.690000534057617,31.959999084472656,203400,0.0,0.0,0.0
2023-07-05 00:00:00-04:00,31.850000381469727,32.52000045776367,31.850000381469727,32.310001373291016,54700,0.0,0.0,0.0
2023-07-06 00:00:00-04:00,32.040000915527344,32.040000915527344,31.75,31.93000030517578,81100,0.0,0.0,0.0
2023-07-07 00:00:00-04:00,31.81999969482422,32.0099983215332,31.729999542236328,31.75,110000,0.0,0.0,0.0
2023-07-10 00:00:00-04:00,31.739999771118164,31.809999465942383,31.469999313354492,31.68000030517578,115200,0.0,0.0,0.0
2023-07-11 00:00:00-04:00,31.770000457763672,32.099998474121094,31.68000030517578,32.099998474121094,68000,0.0,0.0,0.0
2023-07-12 00:00:00-04:00,32.279998779296875,32.599998474121094,32.2599983215332,32.540000915527344,83300,0.0,0.0,0.0
2023-07-13 00:00:00-04:00,32.56999969482422,32.720001220703125,32.47999954223633,32.720001220703125,170200,0.0,0.0,0.0
2023-07-14 00:00:00-04:00,32.70000076293945,32.70000076293945,32.36000061035156,32.4900016784668,59000,0.0,0.0,0.0
2023-07-17 00:00:00-04:00,32.439998626708984,32.540000915527344,32.20000076293945,32.33000183105469,114900,0.0,0.0,0.0
2023-07-18 00:00:00-04:00,32.369998931884766,32.68000030517578,31.979999542236328,32.220001220703125,48200,0.0,0.0,0.0
2023-07-19 00:00:00-04:00,32.310001373291016,32.790000915527344,32.310001373291016,32.630001068115234,121600,0.0,0.0,0.0
2023-07-20 00:00:00-04:00,32.66999816894531,33.09000015258789,32.5,33.040000915527344,57600,0.0,0.0,0.0
2023-07-21 00:00:00-04:00,33.20000076293945,33.4900016784668,33.15999984741211,33.41999816894531,197100,0.0,0.0,0.0
2023-07-24 00:00:00-04:00,33.40999984741211,33.459999084472656,33.150001525878906,33.2599983215332,40800,0.0,0.0,0.0
2023-07-25 00:00:00-04:00,33.2400016784668,33.400001525878906,33.220001220703125,33.279998779296875,74400,0.0,0.0,0.0
2023-07-26 00:00:00-04:00,33.15999984741211,33.540000915527344,33.15999984741211,33.290000915527344,52100,0.0,0.0,0.0
2023-07-27 00:00:00-04:00,33.27000045776367,33.27000045776367,32.4900016784668,32.58000183105469,61300,0.0,0.0,0.0
2023-07-28 00:00:00-04:00,32.720001220703125,32.84000015258789,32.349998474121094,32.529998779296875,70300,0.0,0.0,0.0
2023-07-31 00:00:00-04:00,32.70000076293945,32.83000183105469,32.43000030517578,32.54999923706055,221500,0.0,0.0,0.0
2023-08-01 00:00:00-04:00,32.5099983215332,32.689998626708984,32.15999984741211,32.209999084472656,70200,0.0,0.0,0.0
2023-08-02 00:00:00-04:00,32.08000183105469,32.209999084472656,31.950000762939453,32.11000061035156,85000,0.0,0.0,0.0
2023-08-03 00:00:00-04:00,32.130001068115234,32.25,31.510000228881836,31.510000228881836,156900,0.0,0.0,0.0
2023-08-04 00:00:00-04:00,31.709999084472656,31.799999237060547,31.020000457763672,31.18000030517578,208100,0.0,0.0,0.0
2023-08-07 00:00:00-04:00,31.299999237060547,31.440000534057617,31.219999313354492,31.229999542236328,49200,0.0,0.0,0.0
2023-08-08 00:00:00-04:00,31.149999618530273,31.260000228881836,30.889999389648438,31.260000228881836,59000,0.0,0.0,0.0
2023-08-09 00:00:00-04:00,31.350000381469727,31.700000762939453,31.350000381469727,31.5,53400,0.0,0.0,0.0
2023-08-10 00:00:00-04:00,31.6299991607666,31.760000228881836,31.270000457763672,31.34000015258789,38800,0.0,0.0,0.0
2023-08-11 00:00:00-04:00,31.290000915527344,31.5,31.290000915527344,31.43000030517578,46700,0.0,0.0,0.0
2023-08-14 00:00:00-04:00,31.219999313354492,31.219999313354492,30.8799991607666,31.0,127800,0.0,0.0,0.0
2023-08-15 00:00:00-04:00,30.81999969482422,30.81999969482422,30.3700008392334,30.3799991607666,61100,0.0,0.0,0.0
2023-08-16 00:00:00-04:00,30.399999618530273,30.600000381469727,30.399999618530273,30.43000030517578,159300,0.0,0.0,0.0
2023-08-17 00:00:00-04:00,30.43000030517578,30.610000610351562,30.239999771118164,30.270000457763672,51700,0.0,0.0,0.0
2023-08-18 00:00:00-04:00,30.280000686645508,30.479999542236328,30.280000686645508,30.40999984741211,60400,0.0,0.0,0.0
2023-08-21 00:00:00-04:00,30.389999389648438,30.389999389648438,30.030000686645508,30.229999542236328,56700,0.0,0.0,0.0
2023-08-22 00:00:00-04:00,30.299999237060547,30.329999923706055,30.09000015258789,30.260000228881836,48300,0.0,0.0,0.0
2023-08-23 00:00:00-04:00,30.34000015258789,30.440000534057617,30.219999313354492,30.440000534057617,52800,0.0,0.0,0.0
2023-08-24 00:00:00-04:00,30.3799991607666,30.739999771118164,30.280000686645508,30.280000686645508,39600,0.0,0.0,0.0
2023-08-25 00:00:00-04:00,30.290000915527344,30.59000015258789,30.290000915527344,30.450000762939453,107200,0.0,0.0,0.0
2023-08-28 00:00:00-04:00,30.59000015258789,30.770000457763672,30.469999313354492,30.520000457763672,78700,0.0,0.0,0.0
2023-08-29 00:00:00-04:00,30.559999465942383,30.84000015258789,30.510000228881836,30.780000686645508,917800,0.0,0.0,0.0
2023-08-30 00:00:00-04:00,30.739999771118164,30.889999389648438,30.56999969482422,30.65999984741211,54600,0.0,0.0,0.0
2023-08-31 00:00:00-04:00,30.780000686645508,30.829999923706055,30.469999313354492,30.469999313354492,38600,0.0,0.0,0.0
2023-09-01 00:00:00-04:00,30.6200008392334,30.68000030517578,30.139999389648438,30.309999465942383,36000,0.0,0.0,0.0
2023-09-05 00:00:00-04:00,30.309999465942383,30.309999465942383,29.719999313354492,29.799999237060547,47100,0.0,0.0,0.0
2023-09-06 00:00:00-04:00,29.850000381469727,29.850000381469727,29.700000762939453,29.799999237060547,34300,0.0,0.0,0.0
2023-09-07 00:00:00-04:00,29.850000381469727,30.290000915527344,29.850000381469727,30.1299991607666,78900,0.0,0.0,0.0
2023-09-08 00:00:00-04:00,30.15999984741211,30.389999389648438,30.110000610351562,30.3700008392334,53300,0.0,0.0,0.0
2023-09-11 00:00:00-04:00,30.31999969482422,30.549999237060547,30.31999969482422,30.350000381469727,48300,0.0,0.0,0.0
2023-09-12 00:00:00-04:00,30.34000015258789,30.56999969482422,30.299999237060547,30.5,48500,0.0,0.0,0.0
2023-09-13 00:00:00-04:00,30.520000457763672,30.8799991607666,30.520000457763672,30.790000915527344,55200,0.0,0.0,0.0
2023-09-14 00:00:00-04:00,30.969999313354492,31.270000457763672,30.969999313354492,31.270000457763672,30900,0.0,0.0,0.0
2023-09-15 00:00:00-04:00,31.40999984741211,31.43000030517578,31.149999618530273,31.149999618530273,24200,0.0,0.0,0.0
2023-09-18 00:00:00-04:00,31.18000030517578,31.229999542236328,30.940000534057617,31.15999984741211,118600,0.0,0.0,0.0
2023-09-19 00:00:00-04:00,31.149999618530273,31.290000915527344,30.989999771118164,30.989999771118164,54000,0.0,0.0,0.0
2023-09-20 00:00:00-04:00,31.049999237060547,31.299999237060547,30.959999084472656,30.969999313354492,46900,0.0,0.0,0.0
2023-09-21 00:00:00-04:00,30.899999618530273,30.950000762939453,30.610000610351562,30.6200008392334,179200,0.0,0.0,0.0
2023-09-22 00:00:00-04:00,30.329999923706055,30.3799991607666,30.15999984741211,30.219999313354492,252600,0.0,0.0,0.0
2023-09-25 00:00:00-04:00,30.049999237060547,30.200000762939453,29.93000030517578,30.170000076293945,32000,0.0,0.0,0.0
2023-09-26 00:00:00-04:00,30.049999237060547,30.049999237060547,29.31999969482422,29.350000381469727,58000,0.0,0.0,0.0
2023-09-27 00:00:00-04:00,29.389999389648438,29.40999984741211,28.940000534057617,28.979999542236328,73500,0.0,0.0,0.0
2023-09-28 00:00:00-04:00,29.09000015258789,29.139999389648438,28.479999542236328,28.549999237060547,41800,0.0,0.0,0.0
2023-09-29 00:00:00-04:00,28.790000915527344,28.969999313354492,28.399999618530273,28.559999465942383,541100,0.0,0.0,0.0
2023-10-02 00:00:00-04:00,28.479999542236328,28.479999542236328,27.18000030517578,27.350000381469727,78700,0.0,0.0,0.0
2023-10-03 00:00:00-04:00,27.139999389648438,27.610000610351562,26.780000686645508,27.540000915527344,411800,0.0,0.0,0.0
2023-10-04 00:00:00-04:00,27.59000015258789,27.65999984741211,27.1200008392334,27.610000610351562,103900,0.0,0.0,0.0
2023-10-05 00:00:00-04:00,27.549999237060547,27.700000762939453,27.329999923706055,27.540000915527344,128100,0.0,0.0,0.0
2023-10-06 00:00:00-04:00,27.31999969482422,28.06999969482422,26.90999984741211,28.0,198900,0.0,0.0,0.0
2023-10-09 00:00:00-04:00,27.950000762939453,28.360000610351562,27.920000076293945,28.34000015258789,123500,0.0,0.0,0.0
2023-10-10 00:00:00-04:00,28.469999313354492,28.920000076293945,28.469999313354492,28.899999618530273,98900,0.0,0.0,0.0
2023-10-11 00:00:00-04:00,28.989999771118164,29.270000457763672,28.8700008392334,29.229999542236328,99500,0.0,0.0,0.0
2023-10-12 00:00:00-04:00,29.200000762939453,29.209999084472656,28.5,28.719999313354492,361000,0.0,0.0,0.0
2023-10-13 00:00:00-04:00,28.90999984741211,29.079999923706055,28.770000457763672,28.889999389648438,65300,0.0,0.0,0.0
2023-10-16 00:00:00-04:00,28.90999984741211,29.34000015258789,28.770000457763672,29.25,142400,0.0,0.0,0.0
2023-10-17 00:00:00-04:00,28.979999542236328,29.479999542236328,28.979999542236328,29.309999465942383,120500,0.0,0.0,0.0
2023-10-18 00:00:00-04:00,29.219999313354492,29.219999313354492,28.760000228881836,28.940000534057617,95000,0.0,0.0,0.0
2023-10-19 00:00:00-04:00,28.860000610351562,29.06999969482422,28.56999969482422,28.610000610351562,102400,0.0,0.0,0.0
2023-10-20 00:00:00-04:00,28.469999313354492,28.739999771118164,28.290000915527344,28.290000915527344,110900,0.0,0.0,0.0
2023-10-23 00:00:00-04:00,28.079999923706055,28.420000076293945,27.809999465942383,28.0,120700,0.0,0.0,0.0
2023-10-24 00:00:00-04:00,28.350000381469727,28.639999389648438,28.309999465942383,28.530000686645508,183000,0.0,0.0,0.0
2023-10-25 00:00:00-04:00,28.399999618530273,28.600000381469727,28.270000457763672,28.530000686645508,49300,0.0,0.0,0.0
2023-10-26 00:00:00-04:00,28.6299991607666,29.0,28.6299991607666,28.84000015258789,291700,0.0,0.0,0.0
2023-10-27 00:00:00-04:00,28.719999313354492,28.75,28.1200008392334,28.18000030517578,69900,0.0,0.0,0.0
2023-10-30 00:00:00-04:00,28.309999465942383,28.59000015258789,28.100000381469727,28.31999969482422,68300,0.0,0.0,0.0
2023-10-31 00:00:00-04:00,28.43000030517578,28.65999984741211,28.34000015258789,28.610000610351562,37900,0.0,0.0,0.0
2023-11-01 00:00:00-04:00,28.450000762939453,29.09000015258789,28.3799991607666,29.0,38800,0.0,0.0,0.0
2023-11-02 00:00:00-04:00,28.979999542236328,29.799999237060547,28.979999542236328,29.690000534057617,94900,0.0,0.0,0.0
2023-11-03 00:00:00-04:00,30.1200008392334,30.229999542236328,29.90999984741211,29.90999984741211,172800,0.0,0.0,0.0
2023-11-06 00:00:00-05:00,29.90999984741211,29.90999984741211,29.649999618530273,29.670000076293945,62500,0.0,0.0,0.0
2023-11-07 00:00:00-05:00,29.649999618530273,29.729999542236328,29.520000457763672,29.540000915527344,84700,0.0,0.0,0.0
2023-11-08 00:00:00-05:00,29.280000686645508,29.280000686645508,28.969999313354492,29.239999771118164,71800,0.0,0.0,0.0
2023-11-09 00:00:00-05:00,29.350000381469727,29.469999313354492,28.989999771118164,29.020000457763672,82600,0.0,0.0,0.0
2023-11-10 00:00:00-05:00,29.0,29.0,28.65999984741211,28.790000915527344,126300,0.0,0.0,0.0
2023-11-13 00:00:00-05:00,28.709999084472656,28.709999084472656,28.450000762939453,28.479999542236328,72300,0.0,0.0,0.0
2023-11-14 00:00:00-05:00,29.1200008392334,29.81999969482422,29.1200008392334,29.790000915527344,79700,0.0,0.0,0.0
2023-11-15 00:00:00-05:00,29.889999389648438,30.270000457763672,29.860000610351562,29.90999984741211,58700,0.0,0.0,0.0
2023-11-16 00:00:00-05:00,30.1299991607666,30.190000534057617,29.959999084472656,30.049999237060547,55500,0.0,0.0,0.0
2023-11-17 00:00:00-05:00,30.219999313354492,30.219999313354492,29.959999084472656,30.1200008392334,50100,0.0,0.0,0.0
2023-11-20 00:00:00-05:00,30.030000686645508,30.149999618530273,29.770000457763672,30.030000686645508,87500,0.0,0.0,0.0
2023-11-21 00:00:00-05:00,30.030000686645508,30.030000686645508,29.75,29.940000534057617,69400,0.0,0.0,0.0
2023-11-22 00:00:00-05:00,30.040000915527344,30.1299991607666,29.940000534057617,30.1299991607666,48900,0.0,0.0,0.0
2023-11-24 00:00:00-05:00,30.049999237060547,30.190000534057617,30.049999237060547,30.139999389648438,22400,0.0,0.0,0.0
2023-11-27 00:00:00-05:00,30.18000030517578,30.18000030517578,29.889999389648438,30.149999618530273,114600,0.0,0.0,0.0
2023-11-28 00:00:00-05:00,30.229999542236328,30.510000228881836,30.1200008392334,30.3700008392334,93100,0.0,0.0,0.0
2023-11-29 00:00:00-05:00,30.450000762939453,30.6200008392334,30.15999984741211,30.219999313354492,52000,0.0,0.0,0.0
2023-11-30 00:00:00-05:00,30.299999237060547,30.399999618530273,30.110000610351562,30.309999465942383,69500,0.0,0.0,0.0
2023-12-01 00:00:00-05:00,30.280000686645508,31.010000228881836,30.219999313354492,31.010000228881836,56100,0.0,0.0,0.0
2023-12-04 00:00:00-05:00,30.959999084472656,31.200000762939453,30.93000030517578,31.030000686645508,83000,0.0,0.0,0.0
2023-12-05 00:00:00-05:00,30.959999084472656,30.959999084472656,30.65999984741211,30.719999313354492,42400,0.0,0.0,0.0
2023-12-06 00:00:00-05:00,30.850000381469727,31.100000381469727,30.850000381469727,31.030000686645508,61100,0.0,0.0,0.0
2023-12-07 00:00:00-05:00,31.010000228881836,31.260000228881836,30.920000076293945,31.049999237060547,130700,0.0,0.0,0.0
2023-12-08 00:00:00-05:00,30.959999084472656,31.0,30.709999084472656,30.860000610351562,51200,0.0,0.0,0.0
2023-12-11 00:00:00-05:00,30.770000457763672,31.010000228881836,30.75,31.010000228881836,36600,0.0,0.0,0.0
2023-12-12 00:00:00-05:00,31.0,31.0,30.68000030517578,30.81999969482422,24500,0.0,0.0,0.0
2023-12-13 00:00:00-05:00,30.81999969482422,32.130001068115234,30.760000228881836,32.11000061035156,60900,0.0,0.0,0.0
2023-12-14 00:00:00-05:00,32.5,32.77000045776367,32.119998931884766,32.16999816894531,52900,0.0,0.0,0.0
2023-12-15 00:00:00-05:00,32.130001068115234,32.130001068115234,31.489999771118164,31.68000030517578,50800,0.0,0.0,0.0
2023-12-18 00:00:00-05:00,31.700000762939453,31.84000015258789,31.399999618530273,31.510000228881836,57600,0.0,0.0,0.0
2023-12-19 00:00:00-05:00,31.760000228881836,31.889999389648438,31.729999542236328,31.8799991607666,40200,0.0,0.0,0.0
2023-12-20 00:00:00-05:00,31.84000015258789,31.93000030517578,31.25,31.25,41400,0.0,0.0,0.0
2023-12-21 00:00:00-05:00,31.389999389648438,31.670000076293945,31.329999923706055,31.510000228881836,41500,0.0,0.0,0.0
2023-12-22 00:00:00-05:00,31.360000610351562,31.610000610351562,31.290000915527344,31.3700008392334,54200,0.0,0.0,0.0
2023-12-26 00:00:00-05:00,31.420000076293945,31.709999084472656,31.420000076293945,31.610000610351562,69800,0.0,0.0,0.0
2023-12-27 00:00:00-05:00,31.639999389648438,31.68000030517578,31.469999313354492,31.549999237060547,46400,0.0,0.0,0.0
2023-12-28 00:00:00-05:00,31.459999084472656,31.799999237060547,31.459999084472656,31.790000915527344,23600,0.0,0.0,0.0
2023-12-29 00:00:00-05:00,31.709999084472656,31.709999084472656,31.489999771118164,31.68000030517578,56300,0.0,0.0,0.0
2024-01-02 00:00:00-05:00,31.510000228881836,32.290000915527344,31.510000228881836,32.11000061035156,98600,0.0,0.0,0.0
2024-01-03 00:00:00-05:00,31.940000534057617,32.119998931884766,31.770000457763672,32.029998779296875,114800,0.0,0.0,0.0
2024-01-04 00:00:00-05:00,32.06999969482422,32.06999969482422,31.770000457763672,31.780000686645508,41100,0.0,0.0,0.0
2024-01-05 00:00:00-05:00,31.780000686645508,32.11000061035156,31.739999771118164,31.940000534057617,85000,0.0,0.0,0.0
2024-01-08 00:00:00-05:00,31.899999618530273,32.22999954223633,31.829999923706055,32.220001220703125,38600,0.0,0.0,0.0
2024-01-09 00:00:00-05:00,32.0099983215332,32.119998931884766,31.940000534057617,32.0,27900,0.0,0.0,0.0
2024-01-10 00:00:00-05:00,32.040000915527344,32.040000915527344,31.84000015258789,31.889999389648438,44100,0.0,0.0,0.0
2024-01-11 00:00:00-05:00,31.780000686645508,31.780000686645508,31.059999465942383,31.139999389648438,58200,0.0,0.0,0.0
2024-01-12 00:00:00-05:00,31.31999969482422,31.420000076293945,31.1299991607666,31.209999084472656,53600,0.0,0.0,0.0
2024-01-16 00:00:00-05:00,31.020000457763672,31.09000015258789,30.739999771118164,30.829999923706055,34300,0.0,0.0,0.0
2024-01-17 00:00:00-05:00,30.670000076293945,30.90999984741211,30.25,30.450000762939453,44700,0.0,0.0,0.0
2024-01-18 00:00:00-05:00,30.420000076293945,30.420000076293945,29.989999771118164,30.15999984741211,130000,0.0,0.0,0.0
2024-01-19 00:00:00-05:00,30.15999984741211,30.200000762939453,29.93000030517578,30.100000381469727,88000,0.0,0.0,0.0
2024-01-22 00:00:00-05:00,30.149999618530273,30.360000610351562,29.920000076293945,30.010000228881836,202400,0.0,0.0,0.0
2024-01-23 00:00:00-05:00,30.030000686645508,30.139999389648438,29.920000076293945,30.049999237060547,69400,0.0,0.0,0.0
2024-01-24 00:00:00-05:00,30.229999542236328,30.299999237060547,29.56999969482422,29.579999923706055,110300,0.0,0.0,0.0
2024-01-25 00:00:00-05:00,29.889999389648438,30.139999389648438,29.739999771118164,30.139999389648438,111500,0.0,0.0,0.0
2024-01-26 00:00:00-05:00,30.219999313354492,30.31999969482422,30.1200008392334,30.209999084472656,58100,0.0,0.0,0.0
2024-01-29 00:00:00-05:00,30.209999084472656,30.469999313354492,30.049999237060547,30.360000610351562,75800,0.0,0.0,0.0
2024-01-30 00:00:00-05:00,30.329999923706055,30.5,30.06999969482422,30.34000015258789,72800,0.0,0.0,0.0
2024-01-31 00:00:00-05:00,30.489999771118164,30.639999389648438,30.079999923706055,30.15999984741211,118200,0.0,0.0,0.0
2024-02-01 00:00:00-05:00,30.170000076293945,30.780000686645508,30.059999465942383,30.780000686645508,111700,0.0,0.0,0.0
2024-02-02 00:00:00-05:00,30.440000534057617,30.579999923706055,30.049999237060547,30.360000610351562,90300,0.0,0.0,0.0
2024-02-05 00:00:00-05:00,30.0,30.0,29.68000030517578,29.68000030517578,61300,0.0,0.0,0.0
2024-02-06 00:00:00-05:00,29.65999984741211,29.899999618530273,29.65999984741211,29.809999465942383,51300,0.0,0.0,0.0
2024-02-07 00:00:00-05:00,29.940000534057617,29.940000534057617,29.719999313354492,29.790000915527344,45500,0.0,0.0,0.0
2024-02-08 00:00:00-05:00,29.739999771118164,29.739999771118164,29.399999618530273,29.610000610351562,140700,0.0,0.0,0.0
2024-02-09 00:00:00-05:00,29.56999969482422,29.760000228881836,29.549999237060547,29.739999771118164,92100,0.0,0.0,0.0
2024-02-12 00:00:00-05:00,29.729999542236328,30.18000030517578,29.700000762939453,30.1299991607666,45900,0.0,0.0,0.0
2024-02-13 00:00:00-05:00,29.920000076293945,30.0,29.290000915527344,29.670000076293945,41600,0.0,0.0,0.0
2024-02-14 00:00:00-05:00,29.829999923706055,29.829999923706055,29.6299991607666,29.75,36800,0.0,0.0,0.0
2024-02-15 00:00:00-05:00,29.90999984741211,30.3700008392334,29.90999984741211,30.3700008392334,110000,0.0,0.0,0.0
2024-02-16 00:00:00-05:00,30.200000762939453,30.5,30.1200008392334,30.350000381469727,99400,0.0,0.0,0.0
2024-02-20 00:00:00-05:00,30.31999969482422,30.690000534057617,30.260000228881836,30.3799991607666,197300,0.0,0.0,0.0
2024-02-21 00:00:00-05:00,30.559999465942383,30.829999923706055,30.450000762939453,30.75,173300,0.0,0.0,0.0
2024-02-22 00:00:00-05:00,30.610000610351562,30.639999389648438,30.280000686645508,30.540000915527344,209900,0.0,0.0,0.0
2024-02-23 00:00:00-05:00,30.549999237060547,30.790000915527344,30.479999542236328,30.700000762939453,142800,0.0,0.0,0.0
2024-02-26 00:00:00-05:00,30.59000015258789,30.59000015258789,30.020000457763672,30.110000610351562,166500,0.0,0.0,0.0
2024-02-27 00:00:00-05:00,30.219999313354492,30.540000915527344,30.170000076293945,30.540000915527344,129900,0.0,0.0,0.0
2024-02-28 00:00:00-05:00,30.440000534057617,30.600000381469727,30.389999389648438,30.459999084472656,48500,0.0,0.0,0.0
2024-02-29 00:00:00-05:00,30.610000610351562,30.84000015258789,30.420000076293945,30.530000686645508,188900,0.0,0.0,0.0
2024-03-01 00:00:00-05:00,30.450000762939453,30.450000762939453,30.09000015258789,30.399999618530273,102900,0.0,0.0,0.0
2024-03-04 00:00:00-05:00,30.270000457763672,30.93000030517578,30.270000457763672,30.8799991607666,64000,0.0,0.0,0.0
2024-03-05 00:00:00-05:00,30.950000762939453,31.3799991607666,30.739999771118164,30.850000381469727,55500,0.0,0.0,0.0
2024-03-06 00:00:00-05:00,30.989999771118164,31.260000228881836,30.989999771118164,31.170000076293945,59400,0.0,0.0,0.0
2024-03-07 00:00:00-05:00,31.469999313354492,31.649999618530273,31.469999313354492,31.6299991607666,53500,0.0,0.0,0.0
2024-03-08 00:00:00-05:00,31.559999465942383,31.719999313354492,31.43000030517578,31.639999389648438,59200,0.0,0.0,0.0
2024-03-11 00:00:00-04:00,31.6299991607666,31.75,31.579999923706055,31.75,49000,0.0,0.0,0.0
2024-03-12 00:00:00-04:00,31.639999389648438,31.649999618530273,31.31999969482422,31.510000228881836,53800,0.0,0.0,0.0
2024-03-13 00:00:00-04:00,31.709999084472656,31.790000915527344,31.489999771118164,31.5,38500,0.0,0.0,0.0
2024-03-14 00:00:00-04:00,31.5,31.5,31.09000015258789,31.280000686645508,62400,0.0,0.0,0.0
2024-03-15 00:00:00-04:00,31.299999237060547,31.450000762939453,31.18000030517578,31.299999237060547,38200,0.0,0.0,0.0
2024-03-18 00:00:00-04:00,31.290000915527344,31.549999237060547,31.18000030517578,31.389999389648438,32500,0.0,0.0,0.0
2024-03-19 00:00:00-04:00,31.450000762939453,31.649999618530273,31.43000030517578,31.610000610351562,29600,0.0,0.0,0.0
2024-03-20 00:00:00-04:00,31.56999969482422,31.84000015258789,31.549999237060547,31.739999771118164,43000,0.0,0.0,0.0
2024-03-21 00:00:00-04:00,31.65999984741211,31.860000610351562,31.65999984741211,31.690000534057617,61500,0.0,0.0,0.0
2024-03-22 00:00:00-04:00,31.770000457763672,31.81999969482422,31.579999923706055,31.65999984741211,36400,0.0,0.0,0.0
2024-03-25 00:00:00-04:00,31.719999313354492,31.770000457763672,31.6299991607666,31.709999084472656,48500,0.0,0.0,0.0
2024-03-26 00:00:00-04:00,31.739999771118164,31.780000686645508,31.3700008392334,31.3700008392334,43500,0.0,0.0,0.0
2024-03-27 00:00:00-04:00,31.559999465942383,32.16999816894531,31.559999465942383,32.16999816894531,145600,0.0,0.0,0.0
2024-03-28 00:00:00-04:00,32.18000030517578,32.4900016784668,32.11000061035156,32.459999084472656,43800,0.0,0.0,0.0
2024-04-01 00:00:00-04:00,32.5099983215332,32.5099983215332,32.15999984741211,32.290000915527344,24300,0.0,0.0,0.0
2024-04-02 00:00:00-04:00,32.13999938964844,32.470001220703125,32.13999938964844,32.34000015258789,28700,0.0,0.0,0.0
2024-04-03 00:00:00-04:00,32.209999084472656,32.33000183105469,32.150001525878906,32.2599983215332,66900,0.0,0.0,0.0
2024-04-04 00:00:00-04:00,32.45000076293945,32.45000076293945,31.950000762939453,32.13999938964844,45200,0.0,0.0,0.0
2024-04-05 00:00:00-04:00,32.0099983215332,32.189998626708984,31.860000610351562,32.15999984741211,40300,0.0,0.0,0.0
2024-04-08 00:00:00-04:00,32.290000915527344,32.459999084472656,32.16999816894531,32.380001068115234,31700,0.0,0.0,0.0
2024-04-09 00:00:00-04:00,32.58000183105469,32.58000183105469,32.38999938964844,32.4900016784668,88200,0.0,0.0,0.0
2024-04-10 00:00:00-04:00,32.0099983215332,32.0099983215332,31.700000762939453,31.850000381469727,53700,0.0,0.0,0.0
2024-04-11 00:00:00-04:00,31.989999771118164,32.06999969482422,31.610000610351562,31.829999923706055,33800,0.0,0.0,0.0
2024-04-12 00:00:00-04:00,31.989999771118164,31.989999771118164,31.469999313354492,31.549999237060547,57700,0.0,0.0,0.0
2024-04-15 00:00:00-04:00,31.68000030517578,31.850000381469727,31.25,31.3799991607666,40600,0.0,0.0,0.0
2024-04-16 00:00:00-04:00,31.31999969482422,31.31999969482422,30.739999771118164,30.780000686645508,76200,0.0,0.0,0.0
2024-04-17 00:00:00-04:00,30.979999542236328,31.399999618530273,30.889999389648438,31.360000610351562,92600,0.0,0.0,0.0
2024-04-18 00:00:00-04:00,31.440000534057617,31.6299991607666,31.329999923706055,31.579999923706055,27200,0.0,0.0,0.0
2024-04-19 00:00:00-04:00,31.579999923706055,32.20000076293945,31.579999923706055,32.15999984741211,60200,0.0,0.0,0.0
2024-04-22 00:00:00-04:00,32.150001525878906,32.540000915527344,32.040000915527344,32.400001525878906,43500,0.0,0.0,0.0
2024-04-23 00:00:00-04:00,32.38999938964844,32.650001525878906,32.38999938964844,32.5099983215332,24800,0.0,0.0,0.0
2024-04-24 00:00:00-04:00,32.33000183105469,32.77000045776367,32.20000076293945,32.7400016784668,13700,0.0,0.0,0.0
2024-04-25 00:00:00-04:00,32.529998779296875,32.779998779296875,32.40999984741211,32.709999084472656,28400,0.0,0.0,0.0
2024-04-26 00:00:00-04:00,32.709999084472656,32.709999084472656,32.34000015258789,32.34000015258789,15100,0.0,0.0,0.0
2024-04-29 00:00:00-04:00,32.41999816894531,32.81999969482422,32.41999816894531,32.779998779296875,26500,0.0,0.0,0.0
2024-04-30 00:00:00-04:00,32.630001068115234,32.84000015258789,32.540000915527344,32.63999938964844,28900,0.0,0.0,0.0
2024-05-01 00:00:00-04:00,32.599998474121094,33.27000045776367,32.599998474121094,32.97999954223633,35700,0.0,0.0,0.0
2024-05-02 00:00:00-04:00,33.15999984741211,33.290000915527344,32.9900016784668,33.20000076293945,28100,0.0,0.0,0.0
2024-05-03 00:00:00-04:00,33.4900016784668,33.540000915527344,33.209999084472656,33.439998626708984,26400,0.0,0.0,0.0
2024-05-06 00:00:00-04:00,33.54999923706055,33.619998931884766,33.36000061035156,33.61000061035156,90600,0.0,0.0,0.0
2024-05-07 00:00:00-04:00,33.70000076293945,33.86000061035156,33.65999984741211,33.86000061035156,38800,0.0,0.0,0.0
2024-05-08 00:00:00-04:00,33.7400016784668,34.130001068115234,33.689998626708984,34.060001373291016,36500,0.0,0.0,0.0
2024-05-09 00:00:00-04:00,34.119998931884766,34.560001373291016,34.119998931884766,34.540000915527344,26900,0.0,0.0,0.0
2024-05-10 00:00:00-04:00,34.689998626708984,34.689998626708984,34.470001220703125,34.54999923706055,18800,0.0,0.0,0.0
2024-05-13 00:00:00-04:00,34.83000183105469,34.849998474121094,34.560001373291016,34.61000061035156,77100,0.0,0.0,0.0
2024-05-14 00:00:00-04:00,34.77000045776367,34.810001373291016,34.540000915527344,34.66999816894531,99800,0.0,0.0,0.0
2024-05-15 00:00:00-04:00,34.9900016784668,35.189998626708984,34.97999954223633,35.08000183105469,103700,0.0,0.0,0.0
2024-05-16 00:00:00-04:00,35.11000061035156,35.27000045776367,35.029998779296875,35.09000015258789,155300,0.0,0.0,0.0
2024-05-17 00:00:00-04:00,35.02000045776367,35.119998931884766,34.90999984741211,35.040000915527344,77500,0.0,0.0,0.0
2024-05-20 00:00:00-04:00,35.02000045776367,35.02000045776367,34.86000061035156,34.91999816894531,62000,0.0,0.0,0.0
2024-05-21 00:00:00-04:00,34.93000030517578,35.13999938964844,34.869998931884766,35.11000061035156,38400,0.0,0.0,0.0
2024-05-22 00:00:00-04:00,34.9900016784668,35.060001373291016,34.7400016784668,34.7599983215332,87800,0.0,0.0,0.0
2024-05-23 00:00:00-04:00,34.709999084472656,34.709999084472656,34.099998474121094,34.099998474121094,39400,0.0,0.0,0.0
2024-05-24 00:00:00-04:00,34.150001525878906,34.34000015258789,34.150001525878906,34.310001373291016,44300,0.0,0.0,0.0
2024-05-28 00:00:00-04:00,34.380001068115234,34.54999923706055,34.18000030517578,34.209999084472656,61300,0.0,0.0,0.0
2024-05-29 00:00:00-04:00,33.970001220703125,33.970001220703125,33.689998626708984,33.77000045776367,195200,0.0,0.0,0.0
2024-05-30 00:00:00-04:00,33.90999984741211,34.2599983215332,33.880001068115234,34.2599983215332,68000,0.0,0.0,0.0
2024-05-31 00:00:00-04:00,34.36000061035156,34.970001220703125,34.31999969482422,34.970001220703125,38900,0.0,0.0,0.0
2024-06-03 00:00:00-04:00,34.83000183105469,34.93000030517578,34.59000015258789,34.599998474121094,141900,0.0,0.0,0.0
2024-06-04 00:00:00-04:00,34.5099983215332,34.75,34.29999923706055,34.630001068115234,75900,0.0,0.0,0.0
2024-06-05 00:00:00-04:00,34.619998931884766,34.619998931884766,34.380001068115234,34.459999084472656,21500,0.0,0.0,0.0
2024-06-06 00:00:00-04:00,34.36000061035156,34.4900016784668,34.02000045776367,34.040000915527344,50900,0.0,0.0,0.0
2024-06-07 00:00:00-04:00,33.93000030517578,33.959999084472656,33.75,33.75,29200,0.0,0.0,0.0
2024-06-10 00:00:00-04:00,33.70000076293945,34.029998779296875,33.70000076293945,33.959999084472656,23500,0.0,0.0,0.0
2024-06-11 00:00:00-04:00,33.77000045776367,34.0099983215332,33.77000045776367,33.9900016784668,33200,0.0,0.0,0.0
2024-06-12 00:00:00-04:00,34.02000045776367,34.02000045776367,33.65999984741211,33.75,56600,0.0,0.0,0.0
2024-06-13 00:00:00-04:00,33.72999954223633,33.779998779296875,33.349998474121094,33.65999984741211,77300,0.0,0.0,0.0
2024-06-14 00:00:00-04:00,33.470001220703125,33.560001373291016,33.31999969482422,33.560001373291016,47600,0.0,0.0,0.0
2024-06-17 00:00:00-04:00,33.529998779296875,33.529998779296875,33.2400016784668,33.279998779296875,49100,0.0,0.0,0.0
2024-06-18 00:00:00-04:00,33.15999984741211,33.34000015258789,33.15999984741211,33.310001373291016,35100,0.0,0.0,0.0
2024-06-20 00:00:00-04:00,33.290000915527344,33.54999923706055,33.279998779296875,33.45000076293945,71000,0.0,0.0,0.0
2024-06-21 00:00:00-04:00,33.56999969482422,33.61000061035156,33.29999923706055,33.34000015258789,181600,0.0,0.0,0.0
2024-06-24 00:00:00-04:00,33.36000061035156,33.86000061035156,33.36000061035156,33.779998779296875,48500,0.0,0.0,0.0
2024-06-25 00:00:00-04:00,33.72999954223633,33.72999954223633,33.31999969482422,33.38999938964844,177500,0.0,0.0,0.0
2024-06-26 00:00:00-04:00,33.2599983215332,33.36000061035156,33.11000061035156,33.33000183105469,20400,0.0,0.0,0.0
2024-06-27 00:00:00-04:00,33.130001068115234,33.27000045776367,33.04999923706055,33.25,35100,0.0,0.0,0.0
2024-06-28 00:00:00-04:00,33.27000045776367,33.34000015258789,32.91999816894531,33.06999969482422,28200,0.0,0.0,0.0
2024-07-01 00:00:00-04:00,33.2400016784668,33.34000015258789,32.66999816894531,32.720001220703125,182000,0.0,0.0,0.0
2024-07-02 00:00:00-04:00,32.779998779296875,32.900001525878906,32.7400016784668,32.84000015258789,33400,0.0,0.0,0.0
2024-07-03 00:00:00-04:00,32.849998474121094,33.209999084472656,32.849998474121094,32.939998626708984,48500,0.0,0.0,0.0
2024-07-05 00:00:00-04:00,32.97999954223633,33.09000015258789,32.84000015258789,32.90999984741211,176600,0.0,0.0,0.0
2024-07-08 00:00:00-04:00,32.95000076293945,33.02000045776367,32.849998474121094,32.959999084472656,26100,0.0,0.0,0.0
2024-07-09 00:00:00-04:00,32.95000076293945,33.310001373291016,32.93000030517578,33.06999969482422,36300,0.0,0.0,0.0
2024-07-10 00:00:00-04:00,33.16999816894531,33.400001525878906,33.0,33.400001525878906,34600,0.0,0.0,0.0
2024-07-11 00:00:00-04:00,33.560001373291016,34.04999923706055,33.560001373291016,34.02000045776367,93500,0.0,0.0,0.0
2024-07-12 00:00:00-04:00,34.130001068115234,34.40999984741211,34.09000015258789,34.22999954223633,30300,0.0,0.0,0.0
2024-07-15 00:00:00-04:00,34.0099983215332,34.0099983215332,33.5099983215332,33.54999923706055,24000,0.0,0.0,0.0
2024-07-16 00:00:00-04:00,33.7400016784668,33.91999816894531,33.68000030517578,33.900001525878906,34000,0.0,0.0,0.0
2024-07-17 00:00:00-04:00,33.84000015258789,34.31999969482422,33.77000045776367,33.900001525878906,36100,0.0,0.0,0.0
2024-07-18 00:00:00-04:00,33.970001220703125,34.150001525878906,33.790000915527344,33.849998474121094,39000,0.0,0.0,0.0
2024-07-19 00:00:00-04:00,33.86000061035156,33.86000061035156,33.630001068115234,33.79999923706055,30100,0.0,0.0,0.0
2024-07-22 00:00:00-04:00,33.88999938964844,34.130001068115234,33.88999938964844,34.119998931884766,20500,0.0,0.0,0.0
2024-07-23 00:00:00-04:00,34.060001373291016,34.099998474121094,33.93000030517578,33.93000030517578,26100,0.0,0.0,0.0
2024-07-24 00:00:00-04:00,34.060001373291016,34.279998779296875,33.97999954223633,34.099998474121094,38900,0.0,0.0,0.0
2024-07-25 00:00:00-04:00,34.25,34.38999938964844,33.79999923706055,33.959999084472656,40400,0.0,0.0,0.0
2024-07-26 00:00:00-04:00,34.130001068115234,34.29999923706055,34.099998474121094,34.209999084472656,228600,0.0,0.0,0.0
2024-07-29 00:00:00-04:00,34.2400016784668,34.41999816894531,34.130001068115234,34.34000015258789,90700,0.0,0.0,0.0
2024-07-30 00:00:00-04:00,34.380001068115234,34.5099983215332,34.290000915527344,34.5099983215332,27300,0.0,0.0,0.0
2024-07-31 00:00:00-04:00,34.9900016784668,34.9900016784668,34.650001525878906,34.849998474121094,36900,0.0,0.0,0.0
2024-08-01 00:00:00-04:00,34.95000076293945,35.439998626708984,34.95000076293945,35.400001525878906,37300,0.0,0.0,0.0
2024-08-02 00:00:00-04:00,35.619998931884766,35.75,34.91999816894531,35.33000183105469,33800,0.0,0.0,0.0
2024-08-05 00:00:00-04:00,35.130001068115234,35.130001068115234,34.40999984741211,34.40999984741211,167100,0.0,0.0,0.0
2024-08-06 00:00:00-04:00,34.45000076293945,35.13999938964844,34.45000076293945,34.790000915527344,337700,0.0,0.0,0.0
2024-08-07 00:00:00-04:00,34.9900016784668,35.310001373291016,34.84000015258789,34.90999984741211,65000,0.0,0.0,0.0
2024-08-08 00:00:00-04:00,34.90999984741211,35.25,34.810001373291016,35.130001068115234,78500,0.0,0.0,0.0
2024-08-09 00:00:00-04:00,35.16999816894531,35.220001220703125,34.630001068115234,35.209999084472656,123000,0.0,0.0,0.0
2024-08-12 00:00:00-04:00,35.220001220703125,35.220001220703125,34.95000076293945,35.15999984741211,43100,0.0,0.0,0.0
2024-08-13 00:00:00-04:00,35.27000045776367,35.41999816894531,35.189998626708984,35.400001525878906,35800,0.0,0.0,0.0
2024-08-14 00:00:00-04:00,35.36000061035156,35.61000061035156,35.220001220703125,35.5,43500,0.0,0.0,0.0
2024-08-15 00:00:00-04:00,35.400001525878906,35.619998931884766,35.209999084472656,35.529998779296875,48500,0.0,0.0,0.0
2024-08-16 00:00:00-04:00,35.5099983215332,35.65999984741211,35.43000030517578,35.58000183105469,21900,0.0,0.0,0.0
2024-08-19 00:00:00-04:00,35.630001068115234,35.79999923706055,35.599998474121094,35.75,41900,0.0,0.0,0.0
2024-08-20 00:00:00-04:00,35.75,35.849998474121094,35.61000061035156,35.65999984741211,26900,0.0,0.0,0.0
2024-08-21 00:00:00-04:00,35.720001220703125,35.959999084472656,35.720001220703125,35.869998931884766,41300,0.0,0.0,0.0
2024-08-22 00:00:00-04:00,35.880001068115234,35.91999816894531,35.75,35.83000183105469,25300,0.0,0.0,0.0
2024-08-23 00:00:00-04:00,35.97999954223633,36.099998474121094,35.86000061035156,36.0,30900,0.0,0.0,0.0
2024-08-26 00:00:00-04:00,36.130001068115234,36.34000015258789,36.130001068115234,36.18000030517578,210800,0.0,0.0,0.0
2024-08-27 00:00:00-04:00,36.11000061035156,36.18000030517578,35.93000030517578,35.970001220703125,184900,0.0,0.0,0.0
2024-08-28 00:00:00-04:00,35.959999084472656,36.18000030517578,35.90999984741211,35.93000030517578,49900,0.0,0.0,0.0
2024-08-29 00:00:00-04:00,36.04999923706055,36.13999938964844,35.84000015258789,36.119998931884766,30200,0.0,0.0,0.0
2024-08-30 00:00:00-04:00,36.189998626708984,36.38999938964844,36.040000915527344,36.369998931884766,11700,0.0,0.0,0.0
2024-09-03 00:00:00-04:00,36.290000915527344,36.34000015258789,36.130001068115234,36.15999984741211,21800,0.0,0.0,0.0
2024-09-04 00:00:00-04:00,36.38999938964844,36.650001525878906,36.349998474121094,36.439998626708984,64600,0.0,0.0,0.0
2024-09-05 00:00:00-04:00,36.619998931884766,36.619998931884766,36.2599983215332,36.33000183105469,46600,0.0,0.0,0.0
2024-09-06 00:00:00-04:00,36.349998474121094,36.369998931884766,35.939998626708984,35.95000076293945,15300,0.0,0.0,0.0
2024-09-09 00:00:00-04:00,36.060001373291016,36.2599983215332,35.900001525878906,36.2599983215332,142300,0.0,0.0,0.0
2024-09-10 00:00:00-04:00,36.27000045776367,36.58000183105469,36.2400016784668,36.43000030517578,48600,0.0,0.0,0.0
2024-09-11 00:00:00-04:00,36.38999938964844,36.58000183105469,36.06999969482422,36.58000183105469,62500,0.0,0.0,0.0
2024-09-12 00:00:00-04:00,36.61000061035156,36.68000030517578,36.4900016784668,36.630001068115234,30500,0.0,0.0,0.0
2024-09-13 00:00:00-04:00,36.790000915527344,37.18000030517578,36.689998626708984,37.18000030517578,22300,0.0,0.0,0.0
2024-09-16 00:00:00-04:00,37.310001373291016,37.599998474121094,37.27000045776367,37.529998779296875,23200,0.0,0.0,0.0
2024-09-17 00:00:00-04:00,37.599998474121094,37.70000076293945,37.369998931884766,37.45000076293945,29200,0.0,0.0,0.0
2024-09-18 00:00:00-04:00,37.470001220703125,37.47999954223633,37.20000076293945,37.25,98900,0.0,0.0,0.0
2024-09-19 00:00:00-04:00,37.310001373291016,37.310001373291016,36.90999984741211,37.130001068115234,40600,0.0,0.0,0.0
2024-09-20 00:00:00-04:00,37.41999816894531,38.02000045776367,37.41999816894531,38.02000045776367,37100,0.0,0.0,0.0
2024-09-23 00:00:00-04:00,38.18000030517578,38.369998931884766,38.09000015258789,38.31999969482422,49900,0.0,0.0,0.0
2024-09-24 00:00:00-04:00,38.25,38.54999923706055,38.11000061035156,38.13999938964844,63500,0.0,0.0,0.0
2024-09-25 00:00:00-04:00,38.29999923706055,38.4900016784668,38.150001525878906,38.380001068115234,158900,0.0,0.0,0.0
2024-09-26 00:00:00-04:00,38.130001068115234,38.209999084472656,37.83000183105469,37.959999084472656,71500,0.0,0.0,0.0
2024-09-27 00:00:00-04:00,38.060001373291016,38.38999938964844,38.060001373291016,38.310001373291016,167000,0.0,0.0,0.0
2024-09-30 00:00:00-04:00,38.38999938964844,38.5099983215332,38.09000015258789,38.47999954223633,60800,0.0,0.0,0.0
2024-10-01 00:00:00-04:00,38.43000030517578,38.7400016784668,38.25,38.720001220703125,82900,0.0,0.0,0.0
2024-10-02 00:00:00-04:00,38.4900016784668,38.810001373291016,38.459999084472656,38.66999816894531,43700,0.0,0.0,0.0
2024-10-03 00:00:00-04:00,38.77000045776367,38.86000061035156,38.61000061035156,38.689998626708984,52700,0.0,0.0,0.0
2024-10-04 00:00:00-04:00,38.54999923706055,38.7400016784668,38.40999984741211,38.709999084472656,98000,0.0,0.0,0.0
2024-10-07 00:00:00-04:00,38.650001525878906,38.650001525878906,37.939998626708984,38.09000015258789,40800,0.0,0.0,0.0
2024-10-08 00:00:00-04:00,38.150001525878906,38.22999954223633,38.0099983215332,38.02000045776367,68600,0.0,0.0,0.0
2024-10-09 00:00:00-04:00,37.93000030517578,37.97999954223633,37.52000045776367,37.70000076293945,67900,0.0,0.0,0.0
2024-10-10 00:00:00-04:00,37.70000076293945,37.849998474121094,37.52000045776367,37.52000045776367,36400,0.0,0.0,0.0
2024-10-11 00:00:00-04:00,37.40999984741211,37.88999938964844,37.40999984741211,37.88999938964844,31100,0.0,0.0,0.0
2024-10-14 00:00:00-04:00,37.93000030517578,38.33000183105469,37.93000030517578,38.31999969482422,128800,0.0,0.0,0.0
2024-10-15 00:00:00-04:00,38.5099983215332,38.720001220703125,38.41999816894531,38.4900016784668,33900,0.0,0.0,0.0
2024-10-16 00:00:00-04:00,38.65999984741211,39.150001525878906,38.63999938964844,39.130001068115234,73300,0.0,0.0,0.0
2024-10-17 00:00:00-04:00,39.20000076293945,39.27000045776367,38.689998626708984,38.689998626708984,48400,0.0,0.0,0.0
2024-10-18 00:00:00-04:00,38.66999816894531,38.970001220703125,38.65999984741211,38.95000076293945,27500,0.0,0.0,0.0
2024-10-21 00:00:00-04:00,38.9900016784668,38.9900016784668,38.650001525878906,38.79999923706055,171700,0.0,0.0,0.0
2024-10-22 00:00:00-04:00,38.650001525878906,38.709999084472656,38.369998931884766,38.650001525878906,25600,0.0,0.0,0.0
2024-10-23 00:00:00-04:00,38.58000183105469,38.95000076293945,38.58000183105469,38.93000030517578,18600,0.0,0.0,0.0
2024-10-24 00:00:00-04:00,39.029998779296875,39.040000915527344,38.720001220703125,38.84000015258789,22400,0.0,0.0,0.0
2024-10-25 00:00:00-04:00,38.97999954223633,38.97999954223633,38.31999969482422,38.33000183105469,45600,0.0,0.0,0.0
2024-10-28 00:00:00-04:00,38.459999084472656,38.65999984741211,38.459999084472656,38.56999969482422,186200,0.0,0.0,0.0
2024-10-29 00:00:00-04:00,38.400001525878906,38.400001525878906,37.970001220703125,37.9900016784668,42900,0.0,0.0,0.0
2024-10-30 00:00:00-04:00,38.0,38.119998931884766,37.869998931884766,37.91999816894531,37200,0.0,0.0,0.0
2024-10-31 00:00:00-04:00,38.0099983215332,38.529998779296875,38.0099983215332,38.33000183105469,44300,0.0,0.0,0.0
2024-11-01 00:00:00-04:00,38.380001068115234,38.38999938964844,37.4900016784668,37.529998779296875,36800,0.0,0.0,0.0
2024-11-04 00:00:00-05:00,37.310001373291016,37.45000076293945,37.13999938964844,37.31999969482422,25600,0.0,0.0,0.0
2024-11-05 00:00:00-05:00,37.34000015258789,37.9900016784668,37.34000015258789,37.9900016784668,24400,0.0,0.0,0.0
2024-11-06 00:00:00-05:00,37.810001373291016,38.22999954223633,37.810001373291016,38.130001068115234,169100,0.0,0.0,0.0
2024-11-07 00:00:00-05:00,38.38999938964844,38.4900016784668,38.060001373291016,38.220001220703125,70600,0.0,0.0,0.0
2024-11-08 00:00:00-05:00,38.38999938964844,38.88999938964844,38.38999938964844,38.84000015258789,30300,0.0,0.0,0.0
2024-11-11 00:00:00-05:00,38.939998626708984,39.279998779296875,38.939998626708984,39.18000030517578,98000,0.0,0.0,0.0
2024-11-12 00:00:00-05:00,39.099998474121094,39.18000030517578,38.68000030517578,38.849998474121094,92100,0.0,0.0,0.0
2024-11-13 00:00:00-05:00,39.0,39.04999923706055,38.630001068115234,38.7400016784668,25700,0.0,0.0,0.0
2024-11-14 00:00:00-05:00,38.810001373291016,38.810001373291016,38.41999816894531,38.459999084472656,14100,0.0,0.0,0.0
2024-11-15 00:00:00-05:00,38.63999938964844,38.9900016784668,38.529998779296875,38.97999954223633,148000,0.0,0.0,0.0
2024-11-18 00:00:00-05:00,38.970001220703125,39.45000076293945,38.970001220703125,39.29999923706055,31300,0.0,0.0,0.0
2024-11-19 00:00:00-05:00,39.119998931884766,39.52000045776367,38.9900016784668,39.5,40200,0.0,0.0,0.0
2024-11-20 00:00:00-05:00,39.54999923706055,39.61000061035156,39.380001068115234,39.599998474121094,34100,0.0,0.0,0.0
2024-11-21 00:00:00-05:00,39.72999954223633,40.380001068115234,39.56999969482422,40.380001068115234,49800,0.0,0.0,0.0
2024-11-22 00:00:00-05:00,40.5,40.59000015258789,40.38999938964844,40.40999984741211,52100,0.0,0.0,0.0
2024-11-25 00:00:00-05:00,40.709999084472656,40.83000183105469,40.34000015258789,40.5099983215332,252900,0.0,0.0,0.0
2024-11-26 00:00:00-05:00,40.59000015258789,41.119998931884766,40.56999969482422,41.119998931884766,28900,0.0,0.0,0.0
2024-11-27 00:00:00-05:00,41.27000045776367,41.290000915527344,40.9900016784668,41.040000915527344,22500,0.0,0.0,0.0
2024-11-29 00:00:00-05:00,41.150001525878906,41.2400016784668,41.04999923706055,41.06999969482422,22100,0.0,0.0,0.0
2024-12-02 00:00:00-05:00,41.029998779296875,41.029998779296875,40.22999954223633,40.22999954223633,34300,0.0,0.0,0.0
2024-12-03 00:00:00-05:00,40.40999984741211,40.58000183105469,40.029998779296875,40.04999923706055,87900,0.0,0.0,0.0
2024-12-04 00:00:00-05:00,40.11000061035156,40.209999084472656,39.95000076293945,40.08000183105469,82000,0.0,0.0,0.0
2024-12-05 00:00:00-05:00,40.09000015258789,40.33000183105469,40.060001373291016,40.06999969482422,73400,0.0,0.0,0.0
2024-12-06 00:00:00-05:00,40.11000061035156,40.16999816894531,39.58000183105469,39.63999938964844,26700,0.0,0.0,0.0
2024-12-09 00:00:00-05:00,39.65999984741211,39.65999984741211,39.18000030517578,39.20000076293945,29200,0.0,0.0,0.0
2024-12-10 00:00:00-05:00,39.150001525878906,39.150001525878906,38.70000076293945,38.95000076293945,64200,0.0,0.0,0.0
2024-12-11 00:00:00-05:00,39.11000061035156,39.11000061035156,38.810001373291016,38.880001068115234,107400,0.0,0.0,0.0
2024-12-12 00:00:00-05:00,39.0,39.130001068115234,38.849998474121094,38.849998474121094,114900,0.0,0.0,0.0
2024-12-13 00:00:00-05:00,38.650001525878906,38.70000076293945,38.52000045776367,38.54999923706055,133800,0.0,0.0,0.0
2024-12-16 00:00:00-05:00,38.540000915527344,38.68000030517578,38.34000015258789,38.34000015258789,46600,0.0,0.0,0.0
2024-12-17 00:00:00-05:00,38.13999938964844,38.25,37.90999984741211,38.029998779296875,77800,0.0,0.0,0.0
2024-12-18 00:00:00-05:00,38.040000915527344,38.099998474121094,37.13999938964844,37.150001525878906,35100,0.0,0.0,0.0
2024-12-19 00:00:00-05:00,37.209999084472656,37.779998779296875,37.209999084472656,37.41999816894531,69900,0.0,0.0,0.0
2024-12-20 00:00:00-05:00,37.349998474121094,37.939998626708984,37.349998474121094,37.84000015258789,73700,0.0,0.0,0.0
2024-12-23 00:00:00-05:00,37.709999084472656,37.97999954223633,37.43000030517578,37.959999084472656,35400,0.0,0.0,0.0
2024-12-24 00:00:00-05:00,37.939998626708984,38.220001220703125,37.939998626708984,38.20000076293945,26200,0.0,0.0,0.0
2024-12-26 00:00:00-05:00,38.119998931884766,38.290000915527344,38.08000183105469,38.16999816894531,43700,0.0,0.0,0.0
2024-12-27 00:00:00-05:00,37.97999954223633,38.16999816894531,37.86000061035156,38.0,49300,0.0,0.0,0.0
2024-12-30 00:00:00-05:00,37.810001373291016,37.9900016784668,37.56999969482422,37.93000030517578,333100,0.0,0.0,0.0
2024-12-31 00:00:00-05:00,38.029998779296875,38.11000061035156,37.72999954223633,37.83000183105469,47100,0.0,0.0,0.0
2025-01-02 00:00:00-05:00,38.130001068115234,38.290000915527344,37.90999984741211,38.13999938964844,74700,0.0,0.0,0.0
2025-01-03 00:00:00-05:00,38.33000183105469,38.779998779296875,38.279998779296875,38.65999984741211,72600,0.0,0.0,0.0
