Date,Open,High,Low,Close,Volume,Dividends,Stock Splits
2013-05-09 00:00:00-04:00,43.7599983215332,44.33000183105469,42.0,42.11000061035156,19153400,0.0,0.0
2013-05-10 00:00:00-04:00,42.2599983215332,42.970001220703125,41.779998779296875,42.38999938964844,2969700,0.0,0.0
2013-05-13 00:00:00-04:00,42.29999923706055,43.369998931884766,42.29999923706055,43.31999969482422,1053100,0.0,0.0
2013-05-14 00:00:00-04:00,44.2400016784668,44.75,43.900001525878906,44.43000030517578,2049800,0.0,0.0
2013-05-15 00:00:00-04:00,45.20000076293945,45.7400016784668,44.849998474121094,45.5,2380500,0.0,0.0
2013-05-16 00:00:00-04:00,46.279998779296875,46.5,45.599998474121094,45.849998474121094,1244600,0.0,0.0
2013-05-17 00:00:00-04:00,46.130001068115234,46.209999084472656,45.349998474121094,45.52000045776367,920100,0.0,0.0
2013-05-20 00:00:00-04:00,45.45000076293945,45.72999954223633,45.2599983215332,45.380001068115234,535800,0.0,0.0
2013-05-21 00:00:00-04:00,45.0,45.29999923706055,44.40999984741211,45.04999923706055,668900,0.0,0.0
2013-05-22 00:00:00-04:00,45.13999938964844,45.380001068115234,44.11000061035156,44.650001525878906,913200,0.0,0.0
2013-05-23 00:00:00-04:00,44.029998779296875,45.150001525878906,44.0099983215332,45.0,881600,0.0,0.0
2013-05-24 00:00:00-04:00,44.970001220703125,45.099998474121094,44.84000015258789,45.029998779296875,387200,0.0,0.0
2013-05-28 00:00:00-04:00,45.72999954223633,45.810001373291016,44.04999923706055,45.43000030517578,719500,0.0,0.0
2013-05-29 00:00:00-04:00,45.43000030517578,45.650001525878906,44.130001068115234,44.470001220703125,311100,0.0,0.0
2013-05-30 00:00:00-04:00,44.5,44.5,44.0099983215332,44.25,298500,0.0,0.0
2013-05-31 00:00:00-04:00,44.119998931884766,44.45000076293945,44.040000915527344,44.040000915527344,155000,0.0,0.0
2013-06-03 00:00:00-04:00,44.02000045776367,44.58000183105469,43.79999923706055,44.58000183105469,394000,0.0,0.0
2013-06-04 00:00:00-04:00,44.47999954223633,44.70000076293945,43.060001373291016,43.189998626708984,576800,0.0,0.0
2013-06-05 00:00:00-04:00,43.0,43.189998626708984,42.709999084472656,42.849998474121094,967700,0.0,0.0
2013-06-06 00:00:00-04:00,42.709999084472656,43.2599983215332,42.68000030517578,43.22999954223633,531100,0.0,0.0
2013-06-07 00:00:00-04:00,43.40999984741211,43.7599983215332,42.720001220703125,42.970001220703125,471600,0.0,0.0
2013-06-10 00:00:00-04:00,43.029998779296875,43.63999938964844,42.959999084472656,43.63999938964844,808400,0.0,0.0
2013-06-11 00:00:00-04:00,43.209999084472656,44.900001525878906,43.029998779296875,43.95000076293945,329900,0.0,0.0
2013-06-12 00:00:00-04:00,43.75,44.040000915527344,42.88999938964844,43.0,531500,0.0,0.0
2013-06-13 00:00:00-04:00,42.849998474121094,43.09000015258789,42.529998779296875,42.900001525878906,500100,0.0,0.0
2013-06-14 00:00:00-04:00,43.0,43.20000076293945,42.790000915527344,43.09000015258789,265300,0.0,0.0
2013-06-17 00:00:00-04:00,43.29999923706055,43.619998931884766,42.54999923706055,43.529998779296875,472100,0.0,0.0
2013-06-18 00:00:00-04:00,44.0,44.25,43.650001525878906,43.88999938964844,534600,0.0,0.0
2013-06-19 00:00:00-04:00,43.65999984741211,44.189998626708984,43.0099983215332,43.790000915527344,343100,0.0,0.0
2013-06-20 00:00:00-04:00,43.310001373291016,43.72999954223633,42.5,43.34000015258789,322800,0.0,0.0
2013-06-21 00:00:00-04:00,43.40999984741211,44.279998779296875,42.59000015258789,44.189998626708984,655700,0.0,0.0
2013-06-24 00:00:00-04:00,43.56999969482422,43.849998474121094,42.310001373291016,43.31999969482422,347900,0.0,0.0
2013-06-25 00:00:00-04:00,43.540000915527344,43.7400016784668,42.63999938964844,43.0,214700,0.0,0.0
2013-06-26 00:00:00-04:00,43.2400016784668,43.290000915527344,42.02000045776367,42.02000045776367,753300,0.0,0.0
2013-06-27 00:00:00-04:00,42.16999816894531,42.709999084472656,41.5,42.33000183105469,675800,0.0,0.0
2013-06-28 00:00:00-04:00,42.290000915527344,42.959999084472656,42.2599983215332,42.560001373291016,1400900,0.0,0.0
2013-07-01 00:00:00-04:00,42.560001373291016,43.2599983215332,42.279998779296875,42.95000076293945,355000,0.0,0.0
2013-07-02 00:00:00-04:00,43.0099983215332,43.5,42.5,43.060001373291016,256100,0.0,0.0
2013-07-03 00:00:00-04:00,42.9900016784668,43.83000183105469,42.25,43.619998931884766,493900,0.0,0.0
2013-07-05 00:00:00-04:00,43.97999954223633,44.0,42.95000076293945,43.2400016784668,197500,0.0,0.0
2013-07-08 00:00:00-04:00,43.060001373291016,44.25,42.90999984741211,43.93000030517578,233700,0.0,0.0
2013-07-09 00:00:00-04:00,44.08000183105469,44.31999969482422,43.349998474121094,43.689998626708984,115000,0.0,0.0
2013-07-10 00:00:00-04:00,43.900001525878906,44.15999984741211,43.279998779296875,43.61000061035156,131300,0.0,0.0
2013-07-11 00:00:00-04:00,43.709999084472656,43.84000015258789,43.040000915527344,43.27000045776367,337400,0.0,0.0
2013-07-12 00:00:00-04:00,43.189998626708984,43.560001373291016,43.0099983215332,43.5,211500,0.0,0.0
2013-07-15 00:00:00-04:00,43.599998474121094,43.849998474121094,43.20000076293945,43.650001525878906,215400,0.0,0.0
2013-07-16 00:00:00-04:00,43.650001525878906,43.900001525878906,42.81999969482422,43.7400016784668,381900,0.0,0.0
2013-07-17 00:00:00-04:00,43.65999984741211,44.34000015258789,43.02000045776367,43.83000183105469,540300,0.0,0.0
2013-07-18 00:00:00-04:00,43.880001068115234,44.099998474121094,43.66999816894531,44.040000915527344,93700,0.0,0.0
2013-07-19 00:00:00-04:00,43.90999984741211,44.2400016784668,43.220001220703125,44.06999969482422,135200,0.0,0.0
2013-07-22 00:00:00-04:00,44.0,44.59000015258789,43.59000015258789,44.56999969482422,129300,0.0,0.0
2013-07-23 00:00:00-04:00,44.5,44.599998474121094,43.75,44.31999969482422,244800,0.0,0.0
2013-07-24 00:00:00-04:00,44.29999923706055,44.29999923706055,43.209999084472656,43.52000045776367,187200,0.0,0.0
2013-07-25 00:00:00-04:00,43.38999938964844,43.75,43.220001220703125,43.47999954223633,217400,0.0,0.0
2013-07-26 00:00:00-04:00,43.22999954223633,43.619998931884766,43.15999984741211,43.27000045776367,222700,0.0,0.0
2013-07-29 00:00:00-04:00,43.0099983215332,43.720001220703125,43.0099983215332,43.470001220703125,37000,0.0,0.0
2013-07-30 00:00:00-04:00,43.40999984741211,43.45000076293945,43.0,43.38999938964844,250400,0.0,0.0
2013-07-31 00:00:00-04:00,43.439998626708984,45.47999954223633,43.150001525878906,44.849998474121094,733500,0.0,0.0
2013-08-01 00:00:00-04:00,46.709999084472656,47.5,45.5,46.290000915527344,1155000,0.0,0.0
2013-08-02 00:00:00-04:00,46.4900016784668,46.91999816894531,45.15999984741211,45.220001220703125,498200,0.0,0.0
2013-08-05 00:00:00-04:00,44.869998931884766,45.41999816894531,44.400001525878906,45.33000183105469,323800,0.0,0.0
2013-08-06 00:00:00-04:00,45.09000015258789,46.0,45.040000915527344,45.95000076293945,368500,0.0,0.0
2013-08-07 00:00:00-04:00,45.900001525878906,45.900001525878906,44.369998931884766,45.540000915527344,292100,0.0,0.0
2013-08-08 00:00:00-04:00,45.630001068115234,45.75,45.13999938964844,45.380001068115234,171800,0.0,0.0
2013-08-09 00:00:00-04:00,45.310001373291016,45.650001525878906,44.869998931884766,45.63999938964844,119700,0.0,0.0
2013-08-12 00:00:00-04:00,45.439998626708984,45.720001220703125,45.20000076293945,45.58000183105469,231400,0.0,0.0
2013-08-13 00:00:00-04:00,45.52000045776367,45.650001525878906,45.099998474121094,45.380001068115234,217800,0.0,0.0
2013-08-14 00:00:00-04:00,45.25,45.45000076293945,45.029998779296875,45.29999923706055,250600,0.0,0.0
2013-08-15 00:00:00-04:00,45.0,45.09000015258789,44.599998474121094,44.75,177600,0.0,0.0
2013-08-16 00:00:00-04:00,44.70000076293945,44.70000076293945,44.0099983215332,44.15999984741211,236400,0.0,0.0
2013-08-19 00:00:00-04:00,44.599998474121094,45.0,44.13999938964844,44.31999969482422,314300,0.0,0.0
2013-08-20 00:00:00-04:00,44.41999816894531,44.45000076293945,43.56999969482422,44.290000915527344,322700,0.0,0.0
2013-08-21 00:00:00-04:00,44.209999084472656,44.209999084472656,43.68000030517578,44.0,193400,0.0,0.0
2013-08-22 00:00:00-04:00,44.0,44.209999084472656,43.65999984741211,43.65999984741211,120800,0.0,0.0
2013-08-23 00:00:00-04:00,43.65999984741211,43.79999923706055,43.5,43.529998779296875,116000,0.0,0.0
2013-08-26 00:00:00-04:00,43.54999923706055,43.869998931884766,43.349998474121094,43.43000030517578,156200,0.0,0.0
2013-08-27 00:00:00-04:00,43.220001220703125,43.459999084472656,42.779998779296875,43.119998931884766,226000,0.0,0.0
2013-08-28 00:00:00-04:00,43.04999923706055,44.25,43.04999923706055,43.97999954223633,216000,0.0,0.0
2013-08-29 00:00:00-04:00,44.0,44.220001220703125,43.61000061035156,43.900001525878906,170400,0.0,0.0
2013-08-30 00:00:00-04:00,43.88999938964844,43.88999938964844,42.790000915527344,43.2599983215332,205000,0.0,0.0
2013-09-03 00:00:00-04:00,43.47999954223633,43.599998474121094,42.95000076293945,43.099998474121094,193400,0.0,0.0
2013-09-04 00:00:00-04:00,43.04999923706055,43.65999984741211,42.77000045776367,43.22999954223633,339100,0.0,0.0
2013-09-05 00:00:00-04:00,43.209999084472656,43.38999938964844,43.0,43.189998626708984,62700,0.0,0.0
2013-09-06 00:00:00-04:00,43.13999938964844,43.4900016784668,42.70000076293945,42.81999969482422,194100,0.0,0.0
2013-09-09 00:00:00-04:00,42.81999969482422,43.310001373291016,42.709999084472656,43.150001525878906,249700,0.0,0.0
2013-09-10 00:00:00-04:00,43.150001525878906,43.79999923706055,42.869998931884766,43.77000045776367,421700,0.0,0.0
2013-09-11 00:00:00-04:00,43.77000045776367,44.63999938964844,43.0099983215332,43.72999954223633,444200,0.0,0.0
2013-09-12 00:00:00-04:00,43.810001373291016,45.13999938964844,43.52000045776367,44.470001220703125,506500,0.0,0.0
2013-09-13 00:00:00-04:00,44.439998626708984,44.56999969482422,43.810001373291016,44.369998931884766,167000,0.0,0.0
2013-09-16 00:00:00-04:00,44.540000915527344,44.79999923706055,43.970001220703125,44.45000076293945,224400,0.0,0.0
2013-09-17 00:00:00-04:00,44.939998626708984,45.7400016784668,44.34000015258789,44.77000045776367,284500,0.0,0.0
2013-09-18 00:00:00-04:00,44.79999923706055,45.529998779296875,44.16999816894531,45.09000015258789,214700,0.0,0.0
2013-09-19 00:00:00-04:00,45.0099983215332,45.0099983215332,43.849998474121094,44.0,483100,0.0,0.0
2013-09-20 00:00:00-04:00,43.939998626708984,44.86000061035156,43.869998931884766,44.720001220703125,669900,0.0,0.0
2013-09-23 00:00:00-04:00,44.72999954223633,45.0,43.31999969482422,44.86000061035156,456400,0.0,0.0
2013-09-24 00:00:00-04:00,45.0,45.20000076293945,44.650001525878906,44.7599983215332,505000,0.0,0.0
2013-09-25 00:00:00-04:00,44.810001373291016,45.09000015258789,44.5,44.689998626708984,174400,0.0,0.0
2013-09-26 00:00:00-04:00,44.65999984741211,45.310001373291016,44.61000061035156,45.099998474121094,230500,0.0,0.0
2013-09-27 00:00:00-04:00,44.90999984741211,45.06999969482422,44.45000076293945,44.93000030517578,276400,0.0,0.0
2013-09-30 00:00:00-04:00,44.56999969482422,45.11000061035156,44.0099983215332,44.880001068115234,203900,0.0,0.0
2013-10-01 00:00:00-04:00,44.810001373291016,45.5,44.2599983215332,44.66999816894531,543600,0.0,0.0
2013-10-02 00:00:00-04:00,44.400001525878906,44.790000915527344,43.93000030517578,44.040000915527344,318000,0.0,0.0
2013-10-03 00:00:00-04:00,43.970001220703125,44.06999969482422,43.060001373291016,43.25,257300,0.0,0.0
2013-10-04 00:00:00-04:00,43.09000015258789,44.16999816894531,42.970001220703125,43.97999954223633,330200,0.0,0.0
2013-10-07 00:00:00-04:00,43.7400016784668,44.130001068115234,42.5,42.54999923706055,499300,0.0,0.0
2013-10-08 00:00:00-04:00,42.529998779296875,42.84000015258789,41.099998474121094,41.58000183105469,1117700,0.0,0.0
2013-10-09 00:00:00-04:00,42.38999938964844,43.18000030517578,41.95000076293945,42.220001220703125,508900,0.0,0.0
2013-10-10 00:00:00-04:00,42.689998626708984,42.81999969482422,42.130001068115234,42.56999969482422,234600,0.0,0.0
2013-10-11 00:00:00-04:00,42.43000030517578,42.619998931884766,42.0,42.22999954223633,312900,0.0,0.0
2013-10-14 00:00:00-04:00,42.09000015258789,42.349998474121094,41.720001220703125,42.02000045776367,396800,0.0,0.0
2013-10-15 00:00:00-04:00,42.04999923706055,42.70000076293945,41.81999969482422,41.9900016784668,153100,0.0,0.0
2013-10-16 00:00:00-04:00,42.06999969482422,43.25,42.06999969482422,43.119998931884766,310400,0.0,0.0
2013-10-17 00:00:00-04:00,42.91999816894531,43.900001525878906,42.900001525878906,43.529998779296875,264300,0.0,0.0
2013-10-18 00:00:00-04:00,43.65999984741211,43.95000076293945,43.52000045776367,43.93000030517578,181500,0.0,0.0
2013-10-21 00:00:00-04:00,43.849998474121094,43.9900016784668,43.599998474121094,43.97999954223633,248000,0.0,0.0
2013-10-22 00:00:00-04:00,43.9900016784668,44.13999938964844,43.58000183105469,44.11000061035156,288600,0.0,0.0
2013-10-23 00:00:00-04:00,44.040000915527344,44.040000915527344,43.540000915527344,43.810001373291016,81500,0.0,0.0
2013-10-24 00:00:00-04:00,43.7599983215332,44.54999923706055,43.7599983215332,44.54999923706055,273600,0.0,0.0
2013-10-25 00:00:00-04:00,44.52000045776367,44.52000045776367,43.9900016784668,44.310001373291016,175900,0.0,0.0
2013-10-28 00:00:00-04:00,44.38999938964844,44.54999923706055,43.88999938964844,43.900001525878906,184400,0.0,0.0
2013-10-29 00:00:00-04:00,43.88999938964844,44.11000061035156,43.619998931884766,43.77000045776367,187000,0.0,0.0
2013-10-30 00:00:00-04:00,43.720001220703125,44.0099983215332,42.77000045776367,43.380001068115234,654000,0.0,0.0
2013-10-31 00:00:00-04:00,43.75,44.209999084472656,40.099998474121094,41.9900016784668,1466600,0.0,0.0
2013-11-01 00:00:00-04:00,42.75,44.18000030517578,42.470001220703125,43.43000030517578,1490100,0.0,0.0
2013-11-04 00:00:00-05:00,43.689998626708984,44.29999923706055,43.68000030517578,44.20000076293945,336100,0.0,0.0
2013-11-05 00:00:00-05:00,44.13999938964844,44.349998474121094,43.650001525878906,44.09000015258789,325600,0.0,0.0
2013-11-06 00:00:00-05:00,44.08000183105469,44.27000045776367,43.59000015258789,44.0,307300,0.0,0.0
2013-11-07 00:00:00-05:00,44.0099983215332,44.189998626708984,43.79999923706055,44.04999923706055,482100,0.0,0.0
2013-11-08 00:00:00-05:00,43.95000076293945,44.2400016784668,43.529998779296875,44.09000015258789,338700,0.0,0.0
2013-11-11 00:00:00-05:00,44.099998474121094,44.41999816894531,43.619998931884766,43.97999954223633,253700,0.0,0.0
2013-11-12 00:00:00-05:00,44.0,44.380001068115234,43.20000076293945,44.13999938964844,361700,0.0,0.0
2013-11-13 00:00:00-05:00,43.93000030517578,44.41999816894531,43.54999923706055,44.369998931884766,261000,0.0,0.0
2013-11-14 00:00:00-05:00,44.29999923706055,44.29999923706055,43.77000045776367,43.970001220703125,354400,0.0,0.0
2013-11-15 00:00:00-05:00,44.0,44.209999084472656,43.849998474121094,43.97999954223633,320100,0.0,0.0
2013-11-18 00:00:00-05:00,43.63999938964844,43.63999938964844,42.689998626708984,43.310001373291016,1040500,0.0,0.0
2013-11-19 00:00:00-05:00,42.959999084472656,43.2400016784668,42.65999984741211,42.86000061035156,682900,0.0,0.0
2013-11-20 00:00:00-05:00,42.5099983215332,43.22999954223633,42.5,42.880001068115234,926400,0.0,0.0
2013-11-21 00:00:00-05:00,42.75,43.2599983215332,42.20000076293945,43.25,896300,0.0,0.0
2013-11-22 00:00:00-05:00,43.189998626708984,43.45000076293945,42.95000076293945,43.11000061035156,359800,0.0,0.0
2013-11-25 00:00:00-05:00,43.0,43.400001525878906,42.689998626708984,42.70000076293945,446200,0.0,0.0
2013-11-26 00:00:00-05:00,42.79999923706055,43.36000061035156,42.75,43.0,423100,0.0,0.0
2013-11-27 00:00:00-05:00,43.11000061035156,43.47999954223633,42.7599983215332,42.9900016784668,266700,0.0,0.0
2013-11-29 00:00:00-05:00,43.2400016784668,43.5,43.040000915527344,43.189998626708984,101300,0.0,0.0
2013-12-02 00:00:00-05:00,43.29999923706055,43.38999938964844,42.630001068115234,42.790000915527344,397300,0.0,0.0
2013-12-03 00:00:00-05:00,42.470001220703125,42.75,42.29999923706055,42.349998474121094,480000,0.0,0.0
2013-12-04 00:00:00-05:00,42.29999923706055,42.310001373291016,41.790000915527344,41.939998626708984,420100,0.0,0.0
2013-12-05 00:00:00-05:00,41.88999938964844,42.060001373291016,41.43000030517578,41.869998931884766,419900,0.0,0.0
2013-12-06 00:00:00-05:00,41.959999084472656,42.18000030517578,41.63999938964844,42.029998779296875,381800,0.0,0.0
2013-12-09 00:00:00-05:00,42.099998474121094,42.970001220703125,42.02000045776367,42.7400016784668,428400,0.0,0.0
2013-12-10 00:00:00-05:00,43.22999954223633,44.52000045776367,43.22999954223633,43.72999954223633,1564200,0.0,0.0
2013-12-11 00:00:00-05:00,44.150001525878906,44.27000045776367,43.470001220703125,43.77000045776367,727000,0.0,0.0
2013-12-12 00:00:00-05:00,43.63999938964844,45.2400016784668,43.63999938964844,45.06999969482422,1052600,0.0,0.0
2013-12-13 00:00:00-05:00,45.0,45.2599983215332,44.349998474121094,44.970001220703125,579100,0.0,0.0
2013-12-16 00:00:00-05:00,44.970001220703125,45.599998474121094,44.36000061035156,45.150001525878906,600800,0.0,0.0
2013-12-17 00:00:00-05:00,45.380001068115234,45.54999923706055,44.7400016784668,45.220001220703125,714600,0.0,0.0
2013-12-18 00:00:00-05:00,45.349998474121094,45.7400016784668,44.7599983215332,45.68000030517578,781400,0.0,0.0
2013-12-19 00:00:00-05:00,45.349998474121094,45.79999923706055,45.029998779296875,45.15999984741211,441400,0.0,0.0
2013-12-20 00:00:00-05:00,44.68000030517578,46.279998779296875,43.81999969482422,45.41999816894531,1581600,0.0,0.0
2013-12-23 00:00:00-05:00,45.91999816894531,46.54999923706055,45.81999969482422,46.20000076293945,398700,0.0,0.0
2013-12-24 00:00:00-05:00,46.36000061035156,46.70000076293945,45.939998626708984,46.400001525878906,154200,0.0,0.0
2013-12-26 00:00:00-05:00,46.5099983215332,46.75,46.11000061035156,46.47999954223633,272500,0.0,0.0
2013-12-27 00:00:00-05:00,46.470001220703125,46.58000183105469,46.09000015258789,46.400001525878906,130600,0.0,0.0
2013-12-30 00:00:00-05:00,46.400001525878906,46.689998626708984,46.0,46.45000076293945,167700,0.0,0.0
2013-12-31 00:00:00-05:00,46.58000183105469,46.58000183105469,45.959999084472656,46.34000015258789,215600,0.0,0.0
2014-01-02 00:00:00-05:00,46.11000061035156,46.59000015258789,45.63999938964844,45.79999923706055,274600,0.0,0.0
2014-01-03 00:00:00-05:00,45.939998626708984,46.540000915527344,45.65999984741211,46.290000915527344,261400,0.0,0.0
2014-01-06 00:00:00-05:00,46.459999084472656,46.54999923706055,45.9900016784668,46.029998779296875,240900,0.0,0.0
2014-01-07 00:00:00-05:00,46.5,47.47999954223633,46.47999954223633,46.790000915527344,556800,0.0,0.0
2014-01-08 00:00:00-05:00,46.810001373291016,47.70000076293945,46.779998779296875,47.41999816894531,384000,0.0,0.0
2014-01-09 00:00:00-05:00,47.5,47.900001525878906,47.5,47.84000015258789,285400,0.0,0.0
2014-01-10 00:00:00-05:00,47.959999084472656,48.7599983215332,47.84000015258789,48.61000061035156,522300,0.0,0.0
2014-01-13 00:00:00-05:00,48.65999984741211,49.93000030517578,48.47999954223633,49.15999984741211,687800,0.0,0.0
2014-01-14 00:00:00-05:00,49.31999969482422,49.650001525878906,48.88999938964844,49.0,221200,0.0,0.0
2014-01-15 00:00:00-05:00,49.34000015258789,49.72999954223633,49.029998779296875,49.5,410500,0.0,0.0
2014-01-16 00:00:00-05:00,49.43000030517578,50.0,49.189998626708984,49.779998779296875,368900,0.0,0.0
2014-01-17 00:00:00-05:00,49.88999938964844,50.4900016784668,48.15999984741211,48.97999954223633,763900,0.0,0.0
2014-01-21 00:00:00-05:00,51.95000076293945,52.0,47.65999984741211,48.150001525878906,988300,0.0,0.0
2014-01-22 00:00:00-05:00,48.13999938964844,48.81999969482422,47.68000030517578,48.0099983215332,426200,0.0,0.0
2014-01-23 00:00:00-05:00,48.0099983215332,48.04999923706055,47.459999084472656,47.7400016784668,312100,0.0,0.0
2014-01-24 00:00:00-05:00,47.45000076293945,47.79999923706055,46.0,46.209999084472656,815100,0.0,0.0
2014-01-27 00:00:00-05:00,46.29999923706055,46.790000915527344,45.25,46.540000915527344,437100,0.0,0.0
2014-01-28 00:00:00-05:00,46.79999923706055,47.81999969482422,46.439998626708984,47.29999923706055,361400,0.0,0.0
2014-01-29 00:00:00-05:00,47.06999969482422,47.349998474121094,46.22999954223633,46.43000030517578,277300,0.0,0.0
2014-01-30 00:00:00-05:00,46.790000915527344,47.959999084472656,46.5,47.70000076293945,321800,0.0,0.0
2014-01-31 00:00:00-05:00,47.22999954223633,47.70000076293945,46.83000183105469,47.630001068115234,228000,0.0,0.0
2014-02-03 00:00:00-05:00,47.220001220703125,47.65999984741211,45.849998474121094,46.43000030517578,455300,0.0,0.0
2014-02-04 00:00:00-05:00,46.77000045776367,47.08000183105469,46.380001068115234,46.61000061035156,226300,0.0,0.0
2014-02-05 00:00:00-05:00,46.58000183105469,48.38999938964844,46.34000015258789,48.369998931884766,607000,0.0,0.0
2014-02-06 00:00:00-05:00,48.7400016784668,49.5099983215332,48.290000915527344,49.0,864900,0.0,0.0
2014-02-07 00:00:00-05:00,49.099998474121094,49.40999984741211,47.869998931884766,48.22999954223633,468700,0.0,0.0
2014-02-10 00:00:00-05:00,48.099998474121094,48.95000076293945,47.97999954223633,48.61000061035156,356900,0.0,0.0
2014-02-11 00:00:00-05:00,48.72999954223633,49.290000915527344,48.150001525878906,49.150001525878906,375000,0.0,0.0
2014-02-12 00:00:00-05:00,49.04999923706055,49.58000183105469,48.88999938964844,49.439998626708984,431500,0.0,0.0
2014-02-13 00:00:00-05:00,50.0,52.2400016784668,49.849998474121094,52.20000076293945,1732600,0.0,0.0
2014-02-14 00:00:00-05:00,52.20000076293945,53.16999816894531,51.86000061035156,53.150001525878906,1273800,0.0,0.0
2014-02-18 00:00:00-05:00,53.0,54.310001373291016,52.849998474121094,53.77000045776367,743100,0.0,0.0
2014-02-19 00:00:00-05:00,53.68000030517578,55.0,53.279998779296875,54.939998626708984,742700,0.0,0.0
2014-02-20 00:00:00-05:00,54.47999954223633,54.95000076293945,53.959999084472656,54.540000915527344,750000,0.0,0.0
2014-02-21 00:00:00-05:00,54.790000915527344,54.86000061035156,53.869998931884766,53.93000030517578,572400,0.0,0.0
2014-02-24 00:00:00-05:00,54.0,54.0,53.0,53.630001068115234,414500,0.0,0.0
2014-02-25 00:00:00-05:00,53.52000045776367,53.75,52.70000076293945,53.2599983215332,266700,0.0,0.0
2014-02-26 00:00:00-05:00,53.400001525878906,53.650001525878906,52.900001525878906,53.619998931884766,260800,0.0,0.0
2014-02-27 00:00:00-05:00,53.290000915527344,54.40999984741211,53.08000183105469,53.5,345100,0.0,0.0
2014-02-28 00:00:00-05:00,53.5099983215332,54.56999969482422,53.349998474121094,54.150001525878906,398900,0.0,0.0
2014-03-03 00:00:00-05:00,53.599998474121094,53.599998474121094,52.06999969482422,52.869998931884766,477700,0.0,0.0
2014-03-04 00:00:00-05:00,53.09000015258789,54.400001525878906,53.09000015258789,54.060001373291016,314100,0.0,0.0
2014-03-05 00:00:00-05:00,54.31999969482422,54.779998779296875,53.70000076293945,54.119998931884766,535500,0.0,0.0
2014-03-06 00:00:00-05:00,54.52000045776367,55.0,53.81999969482422,54.47999954223633,556500,0.0,0.0
2014-03-07 00:00:00-05:00,54.58000183105469,54.77000045776367,53.970001220703125,54.11000061035156,290000,0.0,0.0
2014-03-10 00:00:00-04:00,53.939998626708984,54.36000061035156,53.11000061035156,54.29999923706055,723500,0.0,0.0
2014-03-11 00:00:00-04:00,54.18000030517578,54.29999923706055,52.7599983215332,52.810001373291016,926900,0.0,0.0
2014-03-12 00:00:00-04:00,52.099998474121094,54.08000183105469,51.779998779296875,52.81999969482422,1528900,0.0,0.0
2014-03-13 00:00:00-04:00,51.59000015258789,52.0,50.40999984741211,51.2400016784668,12618800,0.0,0.0
2014-03-14 00:00:00-04:00,51.06999969482422,52.27000045776367,51.0,52.16999816894531,1911000,0.0,0.0
2014-03-17 00:00:00-04:00,52.209999084472656,52.68000030517578,52.20000076293945,52.45000076293945,1349200,0.0,0.0
2014-03-18 00:00:00-04:00,52.54999923706055,53.33000183105469,52.47999954223633,52.959999084472656,824700,0.0,0.0
2014-03-19 00:00:00-04:00,53.0,53.66999816894531,52.45000076293945,52.720001220703125,738300,0.0,0.0
2014-03-20 00:00:00-04:00,52.40999984741211,53.16999816894531,52.349998474121094,52.91999816894531,1087700,0.0,0.0
2014-03-21 00:00:00-04:00,53.02000045776367,53.02000045776367,50.06999969482422,51.02000045776367,2305000,0.0,0.0
2014-03-24 00:00:00-04:00,51.33000183105469,51.72999954223633,50.220001220703125,50.439998626708984,542700,0.0,0.0
2014-03-25 00:00:00-04:00,50.47999954223633,51.27000045776367,49.65999984741211,49.79999923706055,886800,0.0,0.0
2014-03-26 00:00:00-04:00,50.06999969482422,50.47999954223633,49.810001373291016,50.0099983215332,692500,0.0,0.0
2014-03-27 00:00:00-04:00,50.060001373291016,50.4900016784668,49.779998779296875,50.060001373291016,292200,0.0,0.0
2014-03-28 00:00:00-04:00,50.130001068115234,50.54999923706055,49.900001525878906,49.970001220703125,463400,0.0,0.0
2014-03-31 00:00:00-04:00,50.29999923706055,51.09000015258789,49.650001525878906,50.77000045776367,449500,0.0,0.0
2014-04-01 00:00:00-04:00,50.29999923706055,51.439998626708984,49.689998626708984,51.11000061035156,841800,0.0,0.0
2014-04-02 00:00:00-04:00,51.0,51.5,50.5099983215332,51.06999969482422,732100,0.0,0.0
2014-04-03 00:00:00-04:00,51.34000015258789,51.5,50.689998626708984,50.939998626708984,425900,0.0,0.0
2014-04-04 00:00:00-04:00,51.220001220703125,51.220001220703125,49.83000183105469,50.11000061035156,729200,0.0,0.0
2014-04-07 00:00:00-04:00,49.939998626708984,50.310001373291016,49.20000076293945,49.709999084472656,634600,0.0,0.0
2014-04-08 00:00:00-04:00,49.56999969482422,51.150001525878906,49.4900016784668,51.04999923706055,592900,0.0,0.0
2014-04-09 00:00:00-04:00,51.06999969482422,51.560001373291016,51.0,51.34000015258789,800900,0.0,0.0
2014-04-10 00:00:00-04:00,51.34000015258789,51.869998931884766,51.34000015258789,51.400001525878906,927100,0.0,0.0
2014-04-11 00:00:00-04:00,51.0,51.0,50.060001373291016,50.279998779296875,666900,0.0,0.0
2014-04-14 00:00:00-04:00,50.84000015258789,51.20000076293945,50.119998931884766,50.54999923706055,544300,0.0,0.0
2014-04-15 00:00:00-04:00,50.79999923706055,51.06999969482422,49.689998626708984,50.66999816894531,526500,0.0,0.0
2014-04-16 00:00:00-04:00,50.880001068115234,51.209999084472656,50.56999969482422,50.599998474121094,384600,0.0,0.0
2014-04-17 00:00:00-04:00,50.630001068115234,50.7400016784668,50.16999816894531,50.220001220703125,236400,0.0,0.0
2014-04-21 00:00:00-04:00,50.369998931884766,50.75,50.25,50.68000030517578,542800,0.0,0.0
2014-04-22 00:00:00-04:00,50.75,50.75,49.900001525878906,49.95000076293945,745400,0.0,0.0
2014-04-23 00:00:00-04:00,49.91999816894531,50.2400016784668,49.15999984741211,49.470001220703125,430500,0.0,0.0
2014-04-24 00:00:00-04:00,49.91999816894531,50.349998474121094,49.0099983215332,49.939998626708984,382100,0.0,0.0
2014-04-25 00:00:00-04:00,49.900001525878906,50.04999923706055,49.29999923706055,49.38999938964844,397300,0.0,0.0
2014-04-28 00:00:00-04:00,49.5099983215332,49.91999816894531,46.41999816894531,47.52000045776367,1326800,0.0,0.0
2014-04-29 00:00:00-04:00,47.5,47.68000030517578,46.95000076293945,47.58000183105469,866700,0.0,0.0
2014-04-30 00:00:00-04:00,47.619998931884766,47.93000030517578,46.27000045776367,47.130001068115234,1390700,0.0,0.0
2014-05-01 00:00:00-04:00,49.9900016784668,49.9900016784668,48.31999969482422,48.7599983215332,1786300,0.0,0.0
2014-05-02 00:00:00-04:00,49.16999816894531,49.779998779296875,47.029998779296875,47.31999969482422,1399500,0.0,0.0
2014-05-05 00:00:00-04:00,47.2400016784668,47.40999984741211,46.86000061035156,46.9900016784668,616000,0.0,0.0
2014-05-06 00:00:00-04:00,46.939998626708984,47.400001525878906,46.650001525878906,46.75,596100,0.0,0.0
2014-05-07 00:00:00-04:00,46.630001068115234,47.400001525878906,46.27000045776367,47.349998474121094,644000,0.0,0.0
2014-05-08 00:00:00-04:00,47.2400016784668,47.75,46.79999923706055,46.9900016784668,497100,0.0,0.0
2014-05-09 00:00:00-04:00,46.900001525878906,47.869998931884766,46.65999984741211,47.540000915527344,520500,0.0,0.0
2014-05-12 00:00:00-04:00,47.72999954223633,48.040000915527344,47.4900016784668,47.869998931884766,729400,0.0,0.0
2014-05-13 00:00:00-04:00,47.939998626708984,47.939998626708984,47.02000045776367,47.5,496500,0.0,0.0
2014-05-14 00:00:00-04:00,47.4900016784668,48.25,47.27000045776367,47.7599983215332,574600,0.0,0.0
2014-05-15 00:00:00-04:00,47.90999984741211,49.25,47.90999984741211,49.220001220703125,882300,0.0,0.0
2014-05-16 00:00:00-04:00,49.0099983215332,49.7400016784668,48.93000030517578,49.599998474121094,777900,0.0,0.0
2014-05-19 00:00:00-04:00,49.5,50.209999084472656,49.2400016784668,49.810001373291016,631200,0.0,0.0
2014-05-20 00:00:00-04:00,49.709999084472656,50.43000030517578,49.619998931884766,50.400001525878906,915100,0.0,0.0
2014-05-21 00:00:00-04:00,50.47999954223633,51.06999969482422,50.130001068115234,50.63999938964844,669000,0.0,0.0
2014-05-22 00:00:00-04:00,50.40999984741211,51.060001373291016,49.9900016784668,50.88999938964844,418700,0.0,0.0
2014-05-23 00:00:00-04:00,50.709999084472656,51.2400016784668,50.65999984741211,51.2400016784668,300800,0.0,0.0
2014-05-27 00:00:00-04:00,51.220001220703125,51.599998474121094,51.15999984741211,51.2599983215332,459800,0.0,0.0
2014-05-28 00:00:00-04:00,51.189998626708984,51.5,50.849998474121094,50.869998931884766,597400,0.0,0.0
2014-05-29 00:00:00-04:00,51.04999923706055,51.20000076293945,50.529998779296875,50.869998931884766,493200,0.0,0.0
2014-05-30 00:00:00-04:00,51.130001068115234,51.75,50.060001373291016,50.97999954223633,2637600,0.0,0.0
2014-06-02 00:00:00-04:00,50.900001525878906,51.34000015258789,50.54999923706055,51.099998474121094,380400,0.0,0.0
2014-06-03 00:00:00-04:00,51.0,51.849998474121094,50.880001068115234,51.439998626708984,452500,0.0,0.0
2014-06-04 00:00:00-04:00,51.2400016784668,52.79999923706055,51.029998779296875,52.630001068115234,1229600,0.0,0.0
2014-06-05 00:00:00-04:00,52.900001525878906,53.0,52.459999084472656,52.810001373291016,535100,0.0,0.0
2014-06-06 00:00:00-04:00,53.0,53.08000183105469,52.41999816894531,52.9900016784668,462500,0.0,0.0
2014-06-09 00:00:00-04:00,52.93000030517578,53.220001220703125,52.880001068115234,52.97999954223633,452900,0.0,0.0
2014-06-10 00:00:00-04:00,52.68000030517578,52.93000030517578,52.470001220703125,52.66999816894531,345100,0.0,0.0
2014-06-11 00:00:00-04:00,52.5,52.650001525878906,52.29999923706055,52.34000015258789,260100,0.0,0.0
2014-06-12 00:00:00-04:00,52.279998779296875,52.459999084472656,51.869998931884766,52.13999938964844,243900,0.0,0.0
2014-06-13 00:00:00-04:00,52.09000015258789,52.09000015258789,51.5,51.61000061035156,308300,0.0,0.0
2014-06-16 00:00:00-04:00,51.5,51.97999954223633,51.0,51.04999923706055,653200,0.0,0.0
2014-06-17 00:00:00-04:00,51.0,51.77000045776367,50.79999923706055,51.25,681600,0.0,0.0
2014-06-18 00:00:00-04:00,51.310001373291016,51.439998626708984,51.02000045776367,51.25,378100,0.0,0.0
2014-06-19 00:00:00-04:00,51.41999816894531,52.97999954223633,51.08000183105469,52.93000030517578,684900,0.0,0.0
2014-06-20 00:00:00-04:00,52.849998474121094,53.529998779296875,52.77000045776367,53.33000183105469,537100,0.0,0.0
2014-06-23 00:00:00-04:00,53.2400016784668,53.54999923706055,52.81999969482422,52.95000076293945,382700,0.0,0.0
2014-06-24 00:00:00-04:00,52.70000076293945,53.279998779296875,52.41999816894531,52.880001068115234,618000,0.0,0.0
2014-06-25 00:00:00-04:00,52.65999984741211,52.97999954223633,52.33000183105469,52.689998626708984,557500,0.0,0.0
2014-06-26 00:00:00-04:00,52.58000183105469,52.58000183105469,51.81999969482422,52.279998779296875,475900,0.0,0.0
2014-06-27 00:00:00-04:00,52.25,52.459999084472656,51.54999923706055,51.91999816894531,1900900,0.0,0.0
2014-06-30 00:00:00-04:00,52.02000045776367,53.5,51.91999816894531,53.290000915527344,512900,0.0,0.0
2014-07-01 00:00:00-04:00,53.29999923706055,53.84000015258789,53.029998779296875,53.560001373291016,487600,0.0,0.0
2014-07-02 00:00:00-04:00,53.630001068115234,54.45000076293945,53.189998626708984,54.41999816894531,679900,0.0,0.0
2014-07-03 00:00:00-04:00,54.400001525878906,55.0,53.4900016784668,54.959999084472656,1152200,0.0,0.0
2014-07-07 00:00:00-04:00,54.470001220703125,55.470001220703125,54.439998626708984,55.29999923706055,902200,0.0,0.0
2014-07-08 00:00:00-04:00,55.040000915527344,55.040000915527344,54.29999923706055,54.91999816894531,645700,0.0,0.0
2014-07-09 00:00:00-04:00,54.970001220703125,55.16999816894531,54.849998474121094,55.04999923706055,615700,0.0,0.0
2014-07-10 00:00:00-04:00,54.630001068115234,55.68000030517578,54.18000030517578,55.54999923706055,433700,0.0,0.0
2014-07-11 00:00:00-04:00,55.40999984741211,55.650001525878906,55.150001525878906,55.38999938964844,379200,0.0,0.0
2014-07-14 00:00:00-04:00,55.400001525878906,55.400001525878906,54.709999084472656,55.02000045776367,536600,0.0,0.0
2014-07-15 00:00:00-04:00,55.189998626708984,55.540000915527344,55.040000915527344,55.099998474121094,515300,0.0,0.0
2014-07-16 00:00:00-04:00,55.400001525878906,55.400001525878906,54.720001220703125,54.900001525878906,403700,0.0,0.0
2014-07-17 00:00:00-04:00,54.77000045776367,55.130001068115234,54.380001068115234,54.47999954223633,256400,0.0,0.0
2014-07-18 00:00:00-04:00,54.68000030517578,55.279998779296875,54.650001525878906,55.209999084472656,246500,0.0,0.0
2014-07-21 00:00:00-04:00,55.130001068115234,55.43000030517578,54.709999084472656,55.27000045776367,301100,0.0,0.0
2014-07-22 00:00:00-04:00,55.34000015258789,55.650001525878906,54.45000076293945,54.970001220703125,363100,0.0,0.0
2014-07-23 00:00:00-04:00,54.959999084472656,55.29999923706055,54.880001068115234,55.0,304700,0.0,0.0
2014-07-24 00:00:00-04:00,55.0,55.15999984741211,54.560001373291016,54.84000015258789,305000,0.0,0.0
2014-07-25 00:00:00-04:00,54.75,55.2599983215332,54.45000076293945,54.9900016784668,199300,0.0,0.0
2014-07-28 00:00:00-04:00,54.77000045776367,55.27000045776367,54.439998626708984,54.79999923706055,336100,0.0,0.0
2014-07-29 00:00:00-04:00,54.86000061035156,56.36000061035156,54.43000030517578,55.939998626708984,619600,0.0,0.0
2014-07-30 00:00:00-04:00,56.279998779296875,57.33000183105469,55.43000030517578,56.81999969482422,1027000,0.0,0.0
2014-07-31 00:00:00-04:00,54.849998474121094,55.2400016784668,53.41999816894531,54.93000030517578,1113400,0.0,0.0
2014-08-01 00:00:00-04:00,55.52000045776367,56.310001373291016,54.869998931884766,55.040000915527344,543000,0.0,0.0
2014-08-04 00:00:00-04:00,55.22999954223633,55.40999984741211,54.65999984741211,55.40999984741211,518600,0.0,0.0
2014-08-05 00:00:00-04:00,55.099998474121094,55.61000061035156,54.790000915527344,55.529998779296875,397400,0.0,0.0
2014-08-06 00:00:00-04:00,55.2400016784668,55.5,54.81999969482422,55.060001373291016,367600,0.0,0.0
2014-08-07 00:00:00-04:00,55.459999084472656,55.83000183105469,54.9900016784668,55.7599983215332,529500,0.0,0.0
2014-08-08 00:00:00-04:00,55.869998931884766,56.040000915527344,55.20000076293945,55.849998474121094,385700,0.0,0.0
2014-08-11 00:00:00-04:00,55.849998474121094,56.5099983215332,55.75,55.939998626708984,337800,0.0,0.0
2014-08-12 00:00:00-04:00,55.88999938964844,56.310001373291016,55.29999923706055,56.099998474121094,435600,0.0,0.0
2014-08-13 00:00:00-04:00,56.130001068115234,56.5,55.849998474121094,56.38999938964844,263900,0.0,0.0
2014-08-14 00:00:00-04:00,56.86000061035156,57.2400016784668,56.599998474121094,57.16999816894531,332200,0.0,0.0
2014-08-15 00:00:00-04:00,57.16999816894531,57.16999816894531,56.529998779296875,57.02000045776367,323600,0.0,0.0
2014-08-18 00:00:00-04:00,57.31999969482422,57.650001525878906,56.7599983215332,57.08000183105469,463500,0.0,0.0
2014-08-19 00:00:00-04:00,56.650001525878906,56.86000061035156,55.63999938964844,56.130001068115234,728700,0.0,0.0
2014-08-20 00:00:00-04:00,55.9900016784668,56.36000061035156,55.77000045776367,56.04999923706055,310200,0.0,0.0
2014-08-21 00:00:00-04:00,56.08000183105469,56.38999938964844,55.849998474121094,56.34000015258789,310000,0.0,0.0
2014-08-22 00:00:00-04:00,56.310001373291016,56.4900016784668,55.66999816894531,55.7400016784668,253600,0.0,0.0
2014-08-25 00:00:00-04:00,55.900001525878906,56.08000183105469,55.2599983215332,55.4900016784668,446900,0.0,0.0
2014-08-26 00:00:00-04:00,55.720001220703125,56.09000015258789,55.189998626708984,55.849998474121094,361000,0.0,0.0
2014-08-27 00:00:00-04:00,56.0,56.88999938964844,55.93000030517578,56.7599983215332,321400,0.0,0.0
2014-08-28 00:00:00-04:00,56.68000030517578,57.0,56.27000045776367,56.36000061035156,206900,0.0,0.0
2014-08-29 00:00:00-04:00,56.599998474121094,56.72999954223633,55.849998474121094,56.119998931884766,348000,0.0,0.0
2014-09-02 00:00:00-04:00,56.31999969482422,56.36000061035156,55.7599983215332,55.880001068115234,367900,0.0,0.0
2014-09-03 00:00:00-04:00,55.939998626708984,56.47999954223633,55.880001068115234,55.97999954223633,774300,0.0,0.0
2014-09-04 00:00:00-04:00,56.0,56.619998931884766,55.709999084472656,56.27000045776367,853500,0.0,0.0
2014-09-05 00:00:00-04:00,55.970001220703125,56.119998931884766,55.349998474121094,55.689998626708984,511900,0.0,0.0
2014-09-08 00:00:00-04:00,56.09000015258789,56.25,55.880001068115234,55.959999084472656,496100,0.0,0.0
2014-09-09 00:00:00-04:00,56.119998931884766,56.290000915527344,55.36000061035156,55.540000915527344,537400,0.0,0.0
2014-09-10 00:00:00-04:00,55.81999969482422,56.869998931884766,55.38999938964844,56.5,614300,0.0,0.0
2014-09-11 00:00:00-04:00,56.439998626708984,58.88999938964844,56.439998626708984,58.66999816894531,962900,0.0,0.0
2014-09-12 00:00:00-04:00,58.66999816894531,58.77000045776367,57.16999816894531,57.56999969482422,659000,0.0,0.0
2014-09-15 00:00:00-04:00,57.68000030517578,57.95000076293945,57.11000061035156,57.25,467900,0.0,0.0
2014-09-16 00:00:00-04:00,57.36000061035156,57.849998474121094,56.619998931884766,57.15999984741211,527500,0.0,0.0
2014-09-17 00:00:00-04:00,57.290000915527344,57.47999954223633,56.11000061035156,56.220001220703125,595000,0.0,0.0
2014-09-18 00:00:00-04:00,56.43000030517578,57.22999954223633,56.13999938964844,57.0,533100,0.0,0.0
2014-09-19 00:00:00-04:00,57.36000061035156,57.5,56.93000030517578,57.31999969482422,1176200,0.0,0.0
2014-09-22 00:00:00-04:00,57.31999969482422,57.4900016784668,56.279998779296875,56.290000915527344,454700,0.0,0.0
2014-09-23 00:00:00-04:00,56.40999984741211,56.72999954223633,55.540000915527344,55.7599983215332,443700,0.0,0.0
2014-09-24 00:00:00-04:00,55.970001220703125,57.0099983215332,55.61000061035156,56.97999954223633,414500,0.0,0.0
2014-09-25 00:00:00-04:00,56.91999816894531,56.970001220703125,55.59000015258789,55.83000183105469,342700,0.0,0.0
2014-09-26 00:00:00-04:00,56.189998626708984,56.97999954223633,55.59000015258789,56.91999816894531,553700,0.0,0.0
2014-09-29 00:00:00-04:00,56.58000183105469,57.72999954223633,56.310001373291016,57.20000076293945,542400,0.0,0.0
2014-09-30 00:00:00-04:00,57.40999984741211,57.529998779296875,55.709999084472656,55.779998779296875,553200,0.0,0.0
2014-10-01 00:00:00-04:00,56.2599983215332,56.5,54.08000183105469,54.560001373291016,959700,0.0,0.0
2014-10-02 00:00:00-04:00,54.75,55.18000030517578,54.34000015258789,54.56999969482422,820000,0.0,0.0
2014-10-03 00:00:00-04:00,54.810001373291016,56.54999923706055,54.77000045776367,56.189998626708984,961600,0.0,0.0
2014-10-06 00:00:00-04:00,56.45000076293945,57.130001068115234,55.189998626708984,55.380001068115234,483000,0.0,0.0
2014-10-07 00:00:00-04:00,55.130001068115234,55.220001220703125,54.5,54.599998474121094,320700,0.0,0.0
2014-10-08 00:00:00-04:00,54.63999938964844,55.31999969482422,53.75,55.29999923706055,402600,0.0,0.0
2014-10-09 00:00:00-04:00,55.08000183105469,55.52000045776367,54.189998626708984,54.63999938964844,408800,0.0,0.0
2014-10-10 00:00:00-04:00,53.54999923706055,55.529998779296875,53.130001068115234,53.20000076293945,527200,0.0,0.0
2014-10-13 00:00:00-04:00,53.400001525878906,53.630001068115234,52.4900016784668,52.599998474121094,404600,0.0,0.0
2014-10-14 00:00:00-04:00,52.959999084472656,53.599998474121094,52.060001373291016,52.90999984741211,415600,0.0,0.0
2014-10-15 00:00:00-04:00,52.5,53.040000915527344,51.09000015258789,52.540000915527344,517400,0.0,0.0
2014-10-16 00:00:00-04:00,52.63999938964844,54.29999923706055,52.439998626708984,54.11000061035156,802900,0.0,0.0
2014-10-17 00:00:00-04:00,54.7400016784668,55.83000183105469,54.61000061035156,55.29999923706055,2055900,0.0,0.0
2014-10-20 00:00:00-04:00,55.040000915527344,55.40999984741211,54.2599983215332,54.779998779296875,372500,0.0,0.0
2014-10-21 00:00:00-04:00,55.279998779296875,56.7400016784668,55.06999969482422,56.5,522500,0.0,0.0
2014-10-22 00:00:00-04:00,56.52000045776367,57.0,56.150001525878906,56.54999923706055,315400,0.0,0.0
2014-10-23 00:00:00-04:00,57.0,57.459999084472656,56.79999923706055,56.9900016784668,343400,0.0,0.0
2014-10-24 00:00:00-04:00,56.939998626708984,58.529998779296875,56.869998931884766,57.560001373291016,591900,0.0,0.0
2014-10-27 00:00:00-04:00,57.689998626708984,57.959999084472656,57.33000183105469,57.529998779296875,297100,0.0,0.0
2014-10-28 00:00:00-04:00,57.93000030517578,57.939998626708984,57.18000030517578,57.7400016784668,341900,0.0,0.0
2014-10-29 00:00:00-04:00,58.0,58.0,57.27000045776367,57.9900016784668,427300,0.0,0.0
2014-10-30 00:00:00-04:00,57.75,57.75,55.2599983215332,56.29999923706055,1309400,0.0,0.0
2014-10-31 00:00:00-04:00,56.33000183105469,58.54999923706055,56.150001525878906,58.540000915527344,1094300,0.0,0.0
2014-11-03 00:00:00-05:00,59.0,60.709999084472656,58.40999984741211,59.650001525878906,1558200,0.0,0.0
2014-11-04 00:00:00-05:00,59.5,59.900001525878906,58.720001220703125,58.849998474121094,826100,0.0,0.0
2014-11-05 00:00:00-05:00,57.27000045776367,57.4900016784668,56.63999938964844,57.060001373291016,4117100,0.0,0.0
2014-11-06 00:00:00-05:00,57.060001373291016,58.04999923706055,57.060001373291016,57.95000076293945,1435500,0.0,0.0
2014-11-07 00:00:00-05:00,58.029998779296875,58.119998931884766,56.970001220703125,57.209999084472656,903100,0.0,0.0
2014-11-10 00:00:00-05:00,57.68000030517578,57.88999938964844,57.04999923706055,57.220001220703125,494100,0.0,0.0
2014-11-11 00:00:00-05:00,57.2400016784668,57.4900016784668,56.41999816894531,56.810001373291016,520100,0.0,0.0
2014-11-12 00:00:00-05:00,56.709999084472656,56.88999938964844,56.02000045776367,56.40999984741211,647800,0.0,0.0
2014-11-13 00:00:00-05:00,56.529998779296875,56.790000915527344,56.27000045776367,56.38999938964844,533300,0.0,0.0
2014-11-14 00:00:00-05:00,56.470001220703125,56.63999938964844,54.77000045776367,55.83000183105469,1095900,0.0,0.0
2014-11-17 00:00:00-05:00,55.56999969482422,56.58000183105469,55.369998931884766,56.43000030517578,1064300,0.0,0.0
2014-11-18 00:00:00-05:00,56.470001220703125,57.4900016784668,56.290000915527344,57.33000183105469,882800,0.0,0.0
2014-11-19 00:00:00-05:00,57.40999984741211,57.83000183105469,57.290000915527344,57.720001220703125,831200,0.0,0.0
2014-11-20 00:00:00-05:00,57.31999969482422,58.20000076293945,57.16999816894531,57.75,1180500,0.0,0.0
2014-11-21 00:00:00-05:00,58.27000045776367,58.540000915527344,57.790000915527344,57.86000061035156,908500,0.0,0.0
2014-11-24 00:00:00-05:00,58.0,58.189998626708984,57.33000183105469,57.59000015258789,714600,0.0,0.0
2014-11-25 00:00:00-05:00,57.849998474121094,58.029998779296875,57.209999084472656,57.75,691200,0.0,0.0
2014-11-26 00:00:00-05:00,57.650001525878906,58.20000076293945,57.27000045776367,57.959999084472656,365000,0.0,0.0
2014-11-28 00:00:00-05:00,58.06999969482422,58.16999816894531,57.54999923706055,57.81999969482422,230000,0.0,0.0
2014-12-01 00:00:00-05:00,57.31999969482422,57.70000076293945,56.119998931884766,56.75,591200,0.0,0.0
2014-12-02 00:00:00-05:00,57.02000045776367,57.83000183105469,56.91999816894531,57.540000915527344,417700,0.0,0.0
2014-12-03 00:00:00-05:00,57.779998779296875,58.45000076293945,57.45000076293945,58.25,696300,0.0,0.0
2014-12-04 00:00:00-05:00,58.0,58.31999969482422,57.0,57.400001525878906,402600,0.0,0.0
2014-12-05 00:00:00-05:00,57.68000030517578,58.0,56.900001525878906,57.369998931884766,329500,0.0,0.0
2014-12-08 00:00:00-05:00,57.16999816894531,57.630001068115234,56.439998626708984,57.0,320800,0.0,0.0
2014-12-09 00:00:00-05:00,57.619998931884766,58.099998474121094,57.119998931884766,57.790000915527344,1140800,0.0,0.0
2014-12-10 00:00:00-05:00,58.4900016784668,58.4900016784668,57.150001525878906,57.209999084472656,541600,0.0,0.0
2014-12-11 00:00:00-05:00,57.36000061035156,58.040000915527344,57.11000061035156,57.47999954223633,1232500,0.0,0.0
2014-12-12 00:00:00-05:00,57.0,58.18000030517578,57.0,57.369998931884766,1658200,0.0,0.0
2014-12-15 00:00:00-05:00,57.810001373291016,58.25,56.779998779296875,57.04999923706055,1104300,0.0,0.0
2014-12-16 00:00:00-05:00,56.790000915527344,57.66999816894531,56.790000915527344,57.16999816894531,1148000,0.0,0.0
2014-12-17 00:00:00-05:00,57.16999816894531,58.29999923706055,57.11000061035156,57.540000915527344,1751600,0.0,0.0
2014-12-18 00:00:00-05:00,58.56999969482422,59.4900016784668,57.43000030517578,59.380001068115234,1267300,0.0,0.0
2014-12-19 00:00:00-05:00,60.0,60.47999954223633,59.58000183105469,60.38999938964844,1326400,0.0,0.0
2014-12-22 00:00:00-05:00,60.279998779296875,60.650001525878906,59.77000045776367,60.09000015258789,396600,0.0,0.0
2014-12-23 00:00:00-05:00,60.650001525878906,60.650001525878906,59.11000061035156,59.470001220703125,462100,0.0,0.0
2014-12-24 00:00:00-05:00,59.41999816894531,60.0,59.18000030517578,59.47999954223633,221700,0.0,0.0
2014-12-26 00:00:00-05:00,59.560001373291016,60.790000915527344,59.380001068115234,60.65999984741211,457800,0.0,0.0
2014-12-29 00:00:00-05:00,60.619998931884766,60.619998931884766,59.560001373291016,59.95000076293945,318700,0.0,0.0
2014-12-30 00:00:00-05:00,59.95000076293945,60.25,59.47999954223633,59.689998626708984,261400,0.0,0.0
2014-12-31 00:00:00-05:00,59.650001525878906,60.119998931884766,58.79999923706055,58.869998931884766,377900,0.0,0.0
2015-01-02 00:00:00-05:00,59.13999938964844,59.86000061035156,58.779998779296875,59.11000061035156,458400,0.0,0.0
2015-01-05 00:00:00-05:00,58.459999084472656,59.380001068115234,58.130001068115234,58.40999984741211,638300,0.0,0.0
2015-01-06 00:00:00-05:00,58.630001068115234,58.630001068115234,56.459999084472656,57.06999969482422,966000,0.0,0.0
2015-01-07 00:00:00-05:00,57.81999969482422,58.20000076293945,57.5,57.77000045776367,737700,0.0,0.0
2015-01-08 00:00:00-05:00,58.439998626708984,59.2400016784668,58.16999816894531,59.20000076293945,436100,0.0,0.0
2015-01-09 00:00:00-05:00,59.33000183105469,59.75,58.459999084472656,58.81999969482422,454400,0.0,0.0
2015-01-12 00:00:00-05:00,59.060001373291016,59.459999084472656,58.63999938964844,59.060001373291016,388800,0.0,0.0
2015-01-13 00:00:00-05:00,59.439998626708984,60.0,58.90999984741211,59.4900016784668,612200,0.0,0.0
2015-01-14 00:00:00-05:00,59.040000915527344,59.47999954223633,58.630001068115234,59.099998474121094,354600,0.0,0.0
2015-01-15 00:00:00-05:00,59.2400016784668,60.5,58.959999084472656,59.040000915527344,557800,0.0,0.0
2015-01-16 00:00:00-05:00,58.58000183105469,59.97999954223633,58.54999923706055,59.58000183105469,967200,0.0,0.0
2015-01-20 00:00:00-05:00,60.0,60.099998474121094,59.369998931884766,59.95000076293945,573500,0.0,0.0
2015-01-21 00:00:00-05:00,59.86000061035156,60.63999938964844,59.58000183105469,59.779998779296875,552500,0.0,0.0
2015-01-22 00:00:00-05:00,60.08000183105469,60.72999954223633,59.2400016784668,60.540000915527344,430600,0.0,0.0
2015-01-23 00:00:00-05:00,60.529998779296875,61.709999084472656,60.529998779296875,60.970001220703125,645500,0.0,0.0
2015-01-26 00:00:00-05:00,60.790000915527344,62.220001220703125,60.54999923706055,61.959999084472656,733000,0.0,0.0
2015-01-27 00:00:00-05:00,61.349998474121094,62.130001068115234,60.86000061035156,61.900001525878906,409900,0.0,0.0
2015-01-28 00:00:00-05:00,62.25,62.72999954223633,61.439998626708984,61.65999984741211,472900,0.0,0.0
2015-01-29 00:00:00-05:00,61.650001525878906,61.810001373291016,60.599998474121094,61.7599983215332,364300,0.0,0.0
2015-01-30 00:00:00-05:00,61.599998474121094,61.599998474121094,60.31999969482422,60.5,487500,0.0,0.0
2015-02-02 00:00:00-05:00,60.310001373291016,60.650001525878906,59.56999969482422,60.560001373291016,559800,0.0,0.0
2015-02-03 00:00:00-05:00,60.61000061035156,60.810001373291016,59.7400016784668,60.27000045776367,550400,0.0,0.0
2015-02-04 00:00:00-05:00,59.959999084472656,61.0,59.779998779296875,60.75,487800,0.0,0.0
2015-02-05 00:00:00-05:00,60.849998474121094,61.310001373291016,60.599998474121094,61.209999084472656,305100,0.0,0.0
2015-02-06 00:00:00-05:00,61.220001220703125,61.63999938964844,60.290000915527344,60.459999084472656,289900,0.0,0.0
2015-02-09 00:00:00-05:00,60.36000061035156,60.5099983215332,59.0,59.2400016784668,405400,0.0,0.0
2015-02-10 00:00:00-05:00,59.61000061035156,60.22999954223633,58.79999923706055,60.11000061035156,712100,0.0,0.0
2015-02-11 00:00:00-05:00,60.209999084472656,61.13999938964844,59.72999954223633,60.68000030517578,770800,0.0,0.0
2015-02-12 00:00:00-05:00,63.349998474121094,64.0,62.7599983215332,63.25,1192700,0.0,0.0
2015-02-13 00:00:00-05:00,64.0199966430664,64.19000244140625,63.209999084472656,63.310001373291016,596400,0.0,0.0
2015-02-17 00:00:00-05:00,63.310001373291016,64.12999725341797,62.52000045776367,64.01000213623047,1371200,0.0,0.0
2015-02-18 00:00:00-05:00,64.5999984741211,64.62999725341797,63.72999954223633,64.61000061035156,463200,0.0,0.0
2015-02-19 00:00:00-05:00,64.44000244140625,65.19999694824219,63.90999984741211,64.5199966430664,567900,0.0,0.0
2015-02-20 00:00:00-05:00,64.23999786376953,65.1500015258789,63.540000915527344,65.1500015258789,587200,0.0,0.0
2015-02-23 00:00:00-05:00,65.0999984741211,66.27999877929688,64.9000015258789,64.98999786376953,582300,0.0,0.0
2015-02-24 00:00:00-05:00,65.19999694824219,65.30000305175781,64.30000305175781,64.48999786376953,506300,0.0,0.0
2015-02-25 00:00:00-05:00,64.66000366210938,65.33999633789062,64.30999755859375,65.02999877929688,428000,0.0,0.0
2015-02-26 00:00:00-05:00,64.9000015258789,65.30999755859375,64.75,64.94999694824219,317900,0.0,0.0
2015-02-27 00:00:00-05:00,64.91000366210938,65.36000061035156,64.56999969482422,64.9800033569336,317000,0.0,0.0
2015-03-02 00:00:00-05:00,64.9800033569336,65.9000015258789,64.58999633789062,65.54000091552734,530900,0.0,0.0
2015-03-03 00:00:00-05:00,65.55999755859375,65.63999938964844,65.02999877929688,65.54000091552734,438200,0.0,0.0
2015-03-04 00:00:00-05:00,65.38999938964844,65.4000015258789,64.5999984741211,64.93000030517578,368300,0.0,0.0
2015-03-05 00:00:00-05:00,65.16000366210938,65.98999786376953,64.9800033569336,65.69999694824219,413000,0.0,0.0
2015-03-06 00:00:00-05:00,65.5999984741211,65.98999786376953,64.87000274658203,65.30000305175781,277600,0.0,0.0
2015-03-09 00:00:00-04:00,65.44999694824219,65.7699966430664,64.87999725341797,65.33999633789062,277200,0.0,0.0
2015-03-10 00:00:00-04:00,65.0,65.0,64.0,64.44000244140625,494200,0.0,0.0
2015-03-11 00:00:00-04:00,64.77999877929688,65.27999877929688,64.58000183105469,64.9800033569336,455800,0.0,0.0
2015-03-12 00:00:00-04:00,65.08000183105469,65.7699966430664,65.08000183105469,65.33999633789062,473000,0.0,0.0
2015-03-13 00:00:00-04:00,65.37000274658203,66.13999938964844,65.02999877929688,66.05000305175781,512200,0.0,0.0
2015-03-16 00:00:00-04:00,66.30000305175781,66.9000015258789,66.12000274658203,66.56999969482422,443100,0.0,0.0
2015-03-17 00:00:00-04:00,66.33999633789062,66.83999633789062,65.77999877929688,66.80000305175781,355800,0.0,0.0
2015-03-18 00:00:00-04:00,66.80999755859375,66.97000122070312,66.2300033569336,66.75,310200,0.0,0.0
2015-03-19 00:00:00-04:00,66.66999816894531,66.88999938964844,66.31999969482422,66.87000274658203,310600,0.0,0.0
2015-03-20 00:00:00-04:00,67.44999694824219,67.58999633789062,66.79000091552734,67.25,882900,0.0,0.0
2015-03-23 00:00:00-04:00,67.29000091552734,68.0,67.0,67.97000122070312,624600,0.0,0.0
2015-03-24 00:00:00-04:00,67.98999786376953,68.5199966430664,67.38999938964844,67.44999694824219,665900,0.0,0.0
2015-03-25 00:00:00-04:00,67.69000244140625,67.91000366210938,66.25,66.30999755859375,534200,0.0,0.0
2015-03-26 00:00:00-04:00,64.7699966430664,66.5999984741211,63.619998931884766,66.29000091552734,981800,0.0,0.0
2015-03-27 00:00:00-04:00,66.30000305175781,67.37000274658203,66.25,67.26000213623047,600100,0.0,0.0
2015-03-30 00:00:00-04:00,67.95999908447266,68.19999694824219,67.56999969482422,68.0,425900,0.0,0.0
2015-03-31 00:00:00-04:00,68.9000015258789,69.97000122070312,66.83999633789062,66.97000122070312,1052100,0.0,0.0
2015-04-01 00:00:00-04:00,66.45999908447266,67.93000030517578,66.1500015258789,67.87000274658203,789800,0.0,0.0
2015-04-02 00:00:00-04:00,67.87999725341797,67.9800033569336,66.2300033569336,66.38999938964844,469600,0.0,0.0
2015-04-06 00:00:00-04:00,65.97000122070312,66.87999725341797,65.7699966430664,66.45999908447266,532600,0.0,0.0
2015-04-07 00:00:00-04:00,66.44999694824219,67.33999633789062,66.08000183105469,66.19999694824219,546400,0.0,0.0
2015-04-08 00:00:00-04:00,66.13999938964844,67.29000091552734,66.08000183105469,67.16999816894531,438000,0.0,0.0
2015-04-09 00:00:00-04:00,67.08999633789062,67.43000030517578,66.70999908447266,67.41000366210938,557700,0.0,0.0
2015-04-10 00:00:00-04:00,67.43000030517578,67.7699966430664,67.12999725341797,67.62999725341797,389300,0.0,0.0
2015-04-13 00:00:00-04:00,67.58000183105469,67.98999786376953,67.27999877929688,67.87000274658203,326600,0.0,0.0
2015-04-14 00:00:00-04:00,67.9000015258789,67.9000015258789,67.08000183105469,67.20999908447266,270700,0.0,0.0
2015-04-15 00:00:00-04:00,67.5,67.7699966430664,67.04000091552734,67.16000366210938,289300,0.0,0.0
2015-04-16 00:00:00-04:00,67.1500015258789,67.72000122070312,66.87000274658203,67.4800033569336,302800,0.0,0.0
2015-04-17 00:00:00-04:00,66.94999694824219,67.45999908447266,66.23999786376953,66.69000244140625,556100,0.0,0.0
2015-04-20 00:00:00-04:00,67.0999984741211,67.0999984741211,66.45999908447266,66.48999786376953,255200,0.0,0.0
2015-04-21 00:00:00-04:00,66.75,66.95999908447266,66.29000091552734,66.69999694824219,257300,0.0,0.0
2015-04-22 00:00:00-04:00,66.7300033569336,66.87999725341797,65.98999786376953,66.44999694824219,575400,0.0,0.0
2015-04-23 00:00:00-04:00,66.79000091552734,67.73999786376953,66.4800033569336,67.69000244140625,733300,0.0,0.0
2015-04-24 00:00:00-04:00,68.5,70.0,67.80999755859375,69.08999633789062,951000,0.0,0.0
2015-04-27 00:00:00-04:00,69.08999633789062,69.33000183105469,68.62999725341797,68.9000015258789,865600,0.0,0.0
2015-04-28 00:00:00-04:00,69.05999755859375,69.9800033569336,68.23999786376953,69.30999755859375,1151700,0.0,0.0
2015-04-29 00:00:00-04:00,64.51000213623047,68.83000183105469,64.25,68.47000122070312,1577900,0.0,0.0
2015-04-30 00:00:00-04:00,68.11000061035156,68.2300033569336,65.58000183105469,65.87999725341797,970900,0.0,0.0
2015-05-01 00:00:00-04:00,65.94000244140625,67.4800033569336,65.5199966430664,67.30000305175781,1176200,0.0,0.0
2015-05-04 00:00:00-04:00,67.27999877929688,68.5199966430664,66.0199966430664,66.2300033569336,1078000,0.0,0.0
2015-05-05 00:00:00-04:00,66.19999694824219,66.20999908447266,64.52999877929688,64.58999633789062,665400,0.0,0.0
2015-05-06 00:00:00-04:00,65.06999969482422,65.1500015258789,64.26000213623047,64.9000015258789,552400,0.0,0.0
2015-05-07 00:00:00-04:00,65.19000244140625,65.75,64.68000030517578,64.86000061035156,730900,0.0,0.0
2015-05-08 00:00:00-04:00,65.51000213623047,65.91000366210938,64.62000274658203,64.8499984741211,916400,0.0,0.0
2015-05-11 00:00:00-04:00,64.69999694824219,65.08000183105469,64.36000061035156,64.36000061035156,1071300,0.0,0.0
2015-05-12 00:00:00-04:00,64.01000213623047,64.91999816894531,63.630001068115234,64.47000122070312,925500,0.0,0.0
2015-05-13 00:00:00-04:00,64.91999816894531,65.70999908447266,64.5999984741211,65.4800033569336,789800,0.0,0.0
2015-05-14 00:00:00-04:00,65.69999694824219,66.16000366210938,64.66000366210938,65.66999816894531,3189500,0.0,0.0
2015-05-15 00:00:00-04:00,66.08999633789062,67.19000244140625,65.8499984741211,67.13999938964844,1572200,0.0,0.0
2015-05-18 00:00:00-04:00,67.5,67.94000244140625,66.87999725341797,67.52999877929688,1012800,0.0,0.0
2015-05-19 00:00:00-04:00,67.9000015258789,68.62999725341797,67.63999938964844,68.37000274658203,839700,0.0,0.0
2015-05-20 00:00:00-04:00,68.72000122070312,69.08999633789062,67.68000030517578,68.80999755859375,731500,0.0,0.0
2015-05-21 00:00:00-04:00,68.91999816894531,68.98999786376953,68.29000091552734,68.70999908447266,675100,0.0,0.0
2015-05-22 00:00:00-04:00,68.52999877929688,69.93000030517578,68.4800033569336,69.69999694824219,991800,0.0,0.0
2015-05-26 00:00:00-04:00,70.19000244140625,70.62999725341797,69.16000366210938,69.2699966430664,1311000,0.0,0.0
2015-05-27 00:00:00-04:00,69.62999725341797,70.55999755859375,69.38999938964844,70.5199966430664,833700,0.0,0.0
2015-05-28 00:00:00-04:00,70.18000030517578,70.7699966430664,69.9000015258789,70.58999633789062,475800,0.0,0.0
2015-05-29 00:00:00-04:00,70.63999938964844,70.79000091552734,69.44000244140625,69.70999908447266,1109800,0.0,0.0
2015-06-01 00:00:00-04:00,69.70999908447266,70.25,69.56999969482422,70.04000091552734,522300,0.0,0.0
2015-06-02 00:00:00-04:00,69.94999694824219,70.05000305175781,68.7699966430664,69.68000030517578,833900,0.0,0.0
2015-06-03 00:00:00-04:00,70.13999938964844,70.20999908447266,69.45999908447266,69.63999938964844,381500,0.0,0.0
2015-06-04 00:00:00-04:00,69.3499984741211,70.19000244140625,69.20999908447266,69.66999816894531,364900,0.0,0.0
2015-06-05 00:00:00-04:00,69.63999938964844,70.06999969482422,68.9800033569336,69.70999908447266,595400,0.0,0.0
2015-06-08 00:00:00-04:00,69.87999725341797,70.33999633789062,69.36000061035156,69.44999694824219,270700,0.0,0.0
2015-06-09 00:00:00-04:00,69.29000091552734,69.72000122070312,68.2300033569336,69.43000030517578,372100,0.0,0.0
2015-06-10 00:00:00-04:00,69.55000305175781,69.91000366210938,69.08000183105469,69.41999816894531,613100,0.0,0.0
2015-06-11 00:00:00-04:00,69.70999908447266,69.88999938964844,69.16999816894531,69.86000061035156,513300,0.0,0.0
2015-06-12 00:00:00-04:00,69.47000122070312,70.69999694824219,68.77999877929688,70.02999877929688,398700,0.0,0.0
2015-06-15 00:00:00-04:00,69.7699966430664,69.95999908447266,69.05999755859375,69.69000244140625,400800,0.0,0.0
2015-06-16 00:00:00-04:00,69.73999786376953,70.63999938964844,69.54000091552734,70.58000183105469,422600,0.0,0.0
2015-06-17 00:00:00-04:00,70.93000030517578,70.93000030517578,70.08000183105469,70.77999877929688,466800,0.0,0.0
2015-06-18 00:00:00-04:00,70.72000122070312,71.54000091552734,70.48999786376953,71.11000061035156,414400,0.0,0.0
2015-06-19 00:00:00-04:00,71.4000015258789,71.91000366210938,70.69999694824219,71.8499984741211,669800,0.0,0.0
2015-06-22 00:00:00-04:00,72.16000366210938,72.7300033569336,71.5999984741211,72.72000122070312,702400,0.0,0.0
2015-06-23 00:00:00-04:00,72.62999725341797,73.5199966430664,72.4800033569336,73.51000213623047,1005700,0.0,0.0
2015-06-24 00:00:00-04:00,73.2699966430664,73.76000213623047,72.73999786376953,72.9000015258789,1131000,0.0,0.0
2015-06-25 00:00:00-04:00,73.44000244140625,73.62000274658203,72.69999694824219,73.48999786376953,862600,0.0,0.0
2015-06-26 00:00:00-04:00,73.44999694824219,73.81999969482422,72.83000183105469,73.25,1974600,0.0,0.0
2015-06-29 00:00:00-04:00,72.86000061035156,73.23999786376953,71.87999725341797,72.08000183105469,689500,0.0,0.0
2015-06-30 00:00:00-04:00,72.41000366210938,72.95999908447266,71.94000244140625,72.61000061035156,1069600,0.0,0.0
2015-07-01 00:00:00-04:00,72.75,73.44000244140625,72.41999816894531,72.97000122070312,627900,0.0,0.0
2015-07-02 00:00:00-04:00,72.05999755859375,73.0999984741211,72.05999755859375,72.80000305175781,428800,0.0,0.0
2015-07-06 00:00:00-04:00,72.4800033569336,72.91000366210938,71.98999786376953,72.62000274658203,702400,0.0,0.0
2015-07-07 00:00:00-04:00,72.9000015258789,72.9000015258789,71.9000015258789,72.86000061035156,595300,0.0,0.0
2015-07-08 00:00:00-04:00,72.5,72.69999694824219,71.45999908447266,71.66999816894531,589800,0.0,0.0
2015-07-09 00:00:00-04:00,72.58999633789062,72.6500015258789,71.94000244140625,72.16000366210938,389100,0.0,0.0
2015-07-10 00:00:00-04:00,74.61000061035156,74.97000122070312,73.69999694824219,74.16999816894531,507000,0.0,0.0
2015-07-13 00:00:00-04:00,74.94999694824219,75.30000305175781,74.05999755859375,75.23999786376953,673400,0.0,0.0
2015-07-14 00:00:00-04:00,75.44999694824219,76.12000274658203,75.08000183105469,76.06999969482422,489800,0.0,0.0
2015-07-15 00:00:00-04:00,76.27999877929688,76.27999877929688,75.5999984741211,75.93000030517578,525800,0.0,0.0
2015-07-16 00:00:00-04:00,76.44000244140625,77.16999816894531,75.86000061035156,76.72000122070312,490500,0.0,0.0
2015-07-17 00:00:00-04:00,76.75,76.91000366210938,76.1500015258789,76.86000061035156,407000,0.0,0.0
2015-07-20 00:00:00-04:00,77.20999908447266,77.20999908447266,76.13999938964844,76.41000366210938,530600,0.0,0.0
2015-07-21 00:00:00-04:00,76.06999969482422,76.16999816894531,74.44000244140625,75.29000091552734,538700,0.0,0.0
2015-07-22 00:00:00-04:00,75.5999984741211,76.3499984741211,75.01000213623047,76.2300033569336,499100,0.0,0.0
2015-07-23 00:00:00-04:00,76.43000030517578,76.43000030517578,75.3499984741211,75.63999938964844,378600,0.0,0.0
2015-07-24 00:00:00-04:00,75.55999755859375,75.75,74.80000305175781,74.94000244140625,386400,0.0,0.0
2015-07-27 00:00:00-04:00,74.62999725341797,75.18000030517578,74.33000183105469,74.58000183105469,454500,0.0,0.0
2015-07-28 00:00:00-04:00,74.75,76.80000305175781,74.44999694824219,76.75,875300,0.0,0.0
2015-07-29 00:00:00-04:00,78.25,80.44999694824219,77.56999969482422,79.0999984741211,1134500,0.0,0.0
2015-07-30 00:00:00-04:00,79.11000061035156,79.33000183105469,78.37000274658203,78.75,572400,0.0,0.0
2015-07-31 00:00:00-04:00,76.97000122070312,77.44000244140625,76.5,76.72000122070312,4645600,0.0,0.0
2015-08-03 00:00:00-04:00,76.72000122070312,77.41000366210938,75.11000061035156,77.11000061035156,1768200,0.0,0.0
2015-08-04 00:00:00-04:00,77.2699966430664,77.97000122070312,77.2300033569336,77.48999786376953,1373700,0.0,0.0
2015-08-05 00:00:00-04:00,77.8499984741211,77.94999694824219,77.12000274658203,77.31999969482422,1147700,0.0,0.0
2015-08-06 00:00:00-04:00,77.44000244140625,77.55000305175781,75.20999908447266,76.0,1118600,0.0,0.0
2015-08-07 00:00:00-04:00,75.93000030517578,75.98999786376953,74.63999938964844,75.29000091552734,1569400,0.0,0.0
2015-08-10 00:00:00-04:00,76.2300033569336,76.44000244140625,75.81999969482422,76.13999938964844,727100,0.0,0.0
2015-08-11 00:00:00-04:00,75.81999969482422,75.83000183105469,74.9800033569336,75.37999725341797,700100,0.0,0.0
2015-08-12 00:00:00-04:00,75.0999984741211,75.3499984741211,73.69000244140625,75.04000091552734,1410500,0.0,0.0
2015-08-13 00:00:00-04:00,75.1500015258789,75.56999969482422,74.81999969482422,75.0,566600,0.0,0.0
2015-08-14 00:00:00-04:00,74.94000244140625,75.33000183105469,74.41999816894531,75.08000183105469,376300,0.0,0.0
2015-08-17 00:00:00-04:00,74.75,76.2300033569336,74.44000244140625,76.16999816894531,649200,0.0,0.0
2015-08-18 00:00:00-04:00,76.16000366210938,76.91999816894531,75.86000061035156,76.02999877929688,330700,0.0,0.0
2015-08-19 00:00:00-04:00,75.79000091552734,76.26000213623047,75.33999633789062,75.69000244140625,361700,0.0,0.0
2015-08-20 00:00:00-04:00,75.23999786376953,75.88999938964844,74.02999877929688,74.04000091552734,552000,0.0,0.0
2015-08-21 00:00:00-04:00,73.31999969482422,74.0999984741211,72.63999938964844,72.94000244140625,691400,0.0,0.0
2015-08-24 00:00:00-04:00,69.5199966430664,73.0999984741211,67.47000122070312,70.23999786376953,1205200,0.0,0.0
2015-08-25 00:00:00-04:00,71.75,72.9800033569336,70.62000274658203,71.01000213623047,988700,0.0,0.0
2015-08-26 00:00:00-04:00,72.43000030517578,74.29000091552734,71.33999633789062,73.31999969482422,594700,0.0,0.0
2015-08-27 00:00:00-04:00,73.79000091552734,74.76000213623047,73.05999755859375,74.19999694824219,629700,0.0,0.0
2015-08-28 00:00:00-04:00,74.4800033569336,75.27999877929688,73.69000244140625,75.23999786376953,1020400,0.0,0.0
2015-08-31 00:00:00-04:00,74.95999908447266,75.0,73.91999816894531,74.51000213623047,1250000,0.0,0.0
2015-09-01 00:00:00-04:00,73.16000366210938,73.37000274658203,71.48999786376953,71.9000015258789,707600,0.0,0.0
2015-09-02 00:00:00-04:00,72.43000030517578,74.01000213623047,71.83999633789062,73.83999633789062,1014700,0.0,0.0
2015-09-03 00:00:00-04:00,73.75,74.80999755859375,73.73999786376953,74.33999633789062,801800,0.0,0.0
2015-09-04 00:00:00-04:00,73.26000213623047,73.75,72.33999633789062,72.77999877929688,518300,0.0,0.0
2015-09-08 00:00:00-04:00,74.05000305175781,74.55999755859375,73.26000213623047,74.3499984741211,666500,0.0,0.0
2015-09-09 00:00:00-04:00,74.56999969482422,75.0,73.55000305175781,73.98999786376953,586400,0.0,0.0
2015-09-10 00:00:00-04:00,73.8499984741211,74.44999694824219,73.44000244140625,74.41999816894531,617800,0.0,0.0
2015-09-11 00:00:00-04:00,74.1500015258789,76.33000183105469,73.98999786376953,75.88999938964844,826200,0.0,0.0
2015-09-14 00:00:00-04:00,75.77999877929688,75.86000061035156,74.81999969482422,75.61000061035156,488000,0.0,0.0
2015-09-15 00:00:00-04:00,75.98999786376953,77.16000366210938,75.4000015258789,76.94000244140625,448000,0.0,0.0
2015-09-16 00:00:00-04:00,76.93000030517578,77.62999725341797,76.54000091552734,77.44000244140625,643200,0.0,0.0
2015-09-17 00:00:00-04:00,77.43000030517578,78.83999633789062,77.08000183105469,78.44000244140625,639900,0.0,0.0
2015-09-18 00:00:00-04:00,77.73999786376953,78.73999786376953,77.37000274658203,77.56999969482422,1132500,0.0,0.0
2015-09-21 00:00:00-04:00,78.3499984741211,78.51000213623047,76.23999786376953,76.6500015258789,650600,0.0,0.0
2015-09-22 00:00:00-04:00,75.63999938964844,76.12999725341797,75.20999908447266,75.56999969482422,446700,0.0,0.0
2015-09-23 00:00:00-04:00,75.88999938964844,76.48999786376953,75.44000244140625,76.01000213623047,388400,0.0,0.0
2015-09-24 00:00:00-04:00,75.20999908447266,75.38999938964844,73.95999908447266,75.19999694824219,547100,0.0,0.0
2015-09-25 00:00:00-04:00,75.76000213623047,75.83999633789062,72.5199966430664,73.36000061035156,893500,0.0,0.0
2015-09-28 00:00:00-04:00,73.18000030517578,73.2300033569336,68.66999816894531,69.05999755859375,1060700,0.0,0.0
2015-09-29 00:00:00-04:00,68.7699966430664,69.97000122070312,67.83000183105469,68.86000061035156,1024000,0.0,0.0
2015-09-30 00:00:00-04:00,69.79000091552734,70.43000030517578,68.75,69.56999969482422,867000,0.0,0.0
2015-10-01 00:00:00-04:00,69.16999816894531,69.9800033569336,68.4000015258789,69.61000061035156,847600,0.0,0.0
2015-10-02 00:00:00-04:00,68.6500015258789,71.37999725341797,68.6500015258789,71.33000183105469,695200,0.0,0.0
2015-10-05 00:00:00-04:00,71.51000213623047,72.13999938964844,70.18000030517578,70.66999816894531,586700,0.0,0.0
2015-10-06 00:00:00-04:00,70.2699966430664,70.58999633789062,66.08000183105469,66.37000274658203,1417300,0.0,0.0
2015-10-07 00:00:00-04:00,66.66000366210938,67.97000122070312,65.41999816894531,67.7699966430664,1254200,0.0,0.0
2015-10-08 00:00:00-04:00,67.5,68.12000274658203,66.25,67.9800033569336,756800,0.0,0.0
2015-10-09 00:00:00-04:00,67.80999755859375,70.11000061035156,67.80999755859375,69.83000183105469,766100,0.0,0.0
2015-10-12 00:00:00-04:00,69.81999969482422,70.33999633789062,68.9000015258789,70.08999633789062,432000,0.0,0.0
2015-10-13 00:00:00-04:00,69.95999908447266,71.0,69.62999725341797,69.87999725341797,615800,0.0,0.0
2015-10-14 00:00:00-04:00,69.5999984741211,70.6500015258789,69.08000183105469,69.2300033569336,503200,0.0,0.0
2015-10-15 00:00:00-04:00,68.94999694824219,70.66000366210938,68.58000183105469,70.62999725341797,658800,0.0,0.0
2015-10-16 00:00:00-04:00,71.11000061035156,71.87999725341797,70.87000274658203,71.56999969482422,1150100,0.0,0.0
2015-10-19 00:00:00-04:00,71.62999725341797,72.68000030517578,70.7300033569336,71.75,380200,0.0,0.0
2015-10-20 00:00:00-04:00,71.80999755859375,72.06999969482422,69.91999816894531,70.18000030517578,438000,0.0,0.0
2015-10-21 00:00:00-04:00,70.16999816894531,70.81999969482422,67.5199966430664,68.79000091552734,1017200,0.0,0.0
2015-10-22 00:00:00-04:00,69.08999633789062,69.68000030517578,66.76000213623047,67.69000244140625,1107400,0.0,0.0
2015-10-23 00:00:00-04:00,68.44000244140625,68.88999938964844,67.44999694824219,68.2699966430664,909100,0.0,0.0
2015-10-26 00:00:00-04:00,68.20999908447266,69.48999786376953,68.01000213623047,69.13999938964844,538100,0.0,0.0
2015-10-27 00:00:00-04:00,69.16000366210938,69.61000061035156,67.45999908447266,68.76000213623047,947600,0.0,0.0
2015-10-28 00:00:00-04:00,68.44999694824219,68.7300033569336,65.19999694824219,66.98999786376953,1935600,0.0,0.0
2015-10-29 00:00:00-04:00,66.98999786376953,67.98999786376953,64.1500015258789,64.47000122070312,2021100,0.0,0.0
2015-10-30 00:00:00-04:00,64.5999984741211,64.73999786376953,63.619998931884766,63.650001525878906,1302300,0.0,0.0
2015-11-02 00:00:00-05:00,64.0,66.16999816894531,63.970001220703125,66.05000305175781,1544000,0.0,0.0
2015-11-03 00:00:00-05:00,65.63999938964844,66.41000366210938,65.16999816894531,65.2699966430664,1003200,0.0,0.0
2015-11-04 00:00:00-05:00,65.27999877929688,66.27999877929688,64.94999694824219,65.81999969482422,1387000,0.0,0.0
2015-11-05 00:00:00-05:00,65.94000244140625,66.31999969482422,65.22000122070312,65.88999938964844,911900,0.0,0.0
2015-11-06 00:00:00-05:00,65.8499984741211,66.19000244140625,64.9000015258789,66.08999633789062,840500,0.0,0.0
2015-11-09 00:00:00-05:00,66.04000091552734,67.33999633789062,65.69999694824219,67.05999755859375,933100,0.0,0.0
2015-11-10 00:00:00-05:00,66.69000244140625,67.62000274658203,66.66000366210938,67.26000213623047,582500,0.0,0.0
2015-11-11 00:00:00-05:00,67.30000305175781,68.11000061035156,66.52999877929688,66.58000183105469,574300,0.0,0.0
2015-11-12 00:00:00-05:00,66.38999938964844,67.41000366210938,65.4000015258789,66.80000305175781,1365700,0.0,0.0
2015-11-13 00:00:00-05:00,66.87999725341797,67.66000366210938,65.70999908447266,66.70999908447266,994300,0.0,0.0
2015-11-16 00:00:00-05:00,66.55999755859375,67.48999786376953,66.11000061035156,67.19000244140625,690600,0.0,0.0
2015-11-17 00:00:00-05:00,67.26000213623047,68.86000061035156,66.94999694824219,68.58000183105469,657900,0.0,0.0
2015-11-18 00:00:00-05:00,68.52999877929688,69.80000305175781,68.16000366210938,69.7300033569336,875400,0.0,0.0
2015-11-19 00:00:00-05:00,69.52999877929688,69.91000366210938,68.66000366210938,69.06999969482422,1218400,0.0,0.0
2015-11-20 00:00:00-05:00,69.2300033569336,69.66999816894531,68.58999633789062,68.7300033569336,786400,0.0,0.0
2015-11-23 00:00:00-05:00,68.7699966430664,69.44000244140625,68.38999938964844,69.23999786376953,906600,0.0,0.0
2015-11-24 00:00:00-05:00,68.73999786376953,69.58000183105469,68.52999877929688,69.16000366210938,600900,0.0,0.0
2015-11-25 00:00:00-05:00,69.18000030517578,70.0199966430664,68.48999786376953,68.51000213623047,706900,0.0,0.0
2015-11-27 00:00:00-05:00,68.80999755859375,69.98999786376953,68.12000274658203,69.26000213623047,340000,0.0,0.0
2015-11-30 00:00:00-05:00,69.51000213623047,69.55999755859375,67.91999816894531,67.98999786376953,778500,0.0,0.0
2015-12-01 00:00:00-05:00,68.33999633789062,69.08999633789062,67.7300033569336,68.94000244140625,593700,0.0,0.0
2015-12-02 00:00:00-05:00,68.55000305175781,68.76000213623047,66.58999633789062,66.75,1195600,0.0,0.0
2015-12-03 00:00:00-05:00,67.19999694824219,67.51000213623047,65.76000213623047,65.77999877929688,901600,0.0,0.0
2015-12-04 00:00:00-05:00,65.91000366210938,68.06999969482422,65.91000366210938,68.0199966430664,848600,0.0,0.0
2015-12-07 00:00:00-05:00,67.73999786376953,68.0199966430664,66.95999908447266,67.41000366210938,890100,0.0,0.0
2015-12-08 00:00:00-05:00,66.6500015258789,67.61000061035156,65.88999938964844,67.52999877929688,1064400,0.0,0.0
2015-12-09 00:00:00-05:00,67.3499984741211,67.80999755859375,66.11000061035156,66.69000244140625,636300,0.0,0.0
2015-12-10 00:00:00-05:00,66.33000183105469,68.05000305175781,65.91999816894531,67.91999816894531,752000,0.0,0.0
2015-12-11 00:00:00-05:00,67.22000122070312,67.98999786376953,66.6500015258789,67.3499984741211,956700,0.0,0.0
2015-12-14 00:00:00-05:00,67.1500015258789,68.36000061035156,67.02999877929688,68.13999938964844,1100800,0.0,0.0
2015-12-15 00:00:00-05:00,68.5,69.4800033569336,67.9800033569336,68.93000030517578,1002400,0.0,0.0
2015-12-16 00:00:00-05:00,69.2300033569336,69.54000091552734,68.02999877929688,68.7300033569336,630300,0.0,0.0
2015-12-17 00:00:00-05:00,70.0,70.73999786376953,69.6500015258789,69.86000061035156,1153700,0.0,0.0
2015-12-18 00:00:00-05:00,69.27999877929688,69.9000015258789,69.01000213623047,69.5199966430664,1204600,0.0,0.0
2015-12-21 00:00:00-05:00,69.91000366210938,70.23999786376953,69.26000213623047,69.73999786376953,649000,0.0,0.0
2015-12-22 00:00:00-05:00,70.30000305175781,70.30000305175781,68.58999633789062,69.29000091552734,360300,0.0,0.0
2015-12-23 00:00:00-05:00,69.58000183105469,70.52999877929688,69.01000213623047,70.04000091552734,858600,0.0,0.0
2015-12-24 00:00:00-05:00,69.95999908447266,70.16000366210938,69.29000091552734,69.62999725341797,170900,0.0,0.0
2015-12-28 00:00:00-05:00,69.58000183105469,69.93000030517578,69.05000305175781,69.58000183105469,269100,0.0,0.0
2015-12-29 00:00:00-05:00,70.18000030517578,70.62000274658203,69.80999755859375,70.45999908447266,535300,0.0,0.0
2015-12-30 00:00:00-05:00,70.2300033569336,70.5199966430664,69.5,69.58999633789062,372300,0.0,0.0
2015-12-31 00:00:00-05:00,69.6500015258789,69.6500015258789,68.63999938964844,68.66000366210938,675600,0.0,0.0
2016-01-04 00:00:00-05:00,67.86000061035156,67.91999816894531,66.51000213623047,67.04000091552734,976600,0.0,0.0
2016-01-05 00:00:00-05:00,66.98999786376953,67.81999969482422,66.80000305175781,67.11000061035156,767400,0.0,0.0
2016-01-06 00:00:00-05:00,66.44999694824219,67.69000244140625,66.11000061035156,66.73999786376953,1792300,0.0,0.0
2016-01-07 00:00:00-05:00,65.94000244140625,66.4800033569336,65.11000061035156,65.18000030517578,790400,0.0,0.0
2016-01-08 00:00:00-05:00,65.4000015258789,65.97000122070312,64.66000366210938,65.0999984741211,774600,0.0,0.0
2016-01-11 00:00:00-05:00,65.13999938964844,65.58999633789062,63.95000076293945,64.56999969482422,1424500,0.0,0.0
2016-01-12 00:00:00-05:00,64.94999694824219,65.86000061035156,64.16000366210938,65.13999938964844,523700,0.0,0.0
2016-01-13 00:00:00-05:00,65.80000305175781,66.20999908447266,63.5099983215332,63.7599983215332,851300,0.0,0.0
2016-01-14 00:00:00-05:00,63.7400016784668,64.70999908447266,62.529998779296875,63.959999084472656,1393900,0.0,0.0
2016-01-15 00:00:00-05:00,62.29999923706055,63.52000045776367,62.02000045776367,63.34000015258789,966700,0.0,0.0
2016-01-19 00:00:00-05:00,63.9900016784668,64.76000213623047,62.84000015258789,63.36000061035156,623500,0.0,0.0
2016-01-20 00:00:00-05:00,62.5099983215332,63.81999969482422,60.560001373291016,63.25,933800,0.0,0.0
2016-01-21 00:00:00-05:00,63.43000030517578,64.06999969482422,61.599998474121094,62.470001220703125,974000,0.0,0.0
2016-01-22 00:00:00-05:00,63.09000015258789,63.66999816894531,62.34000015258789,63.61000061035156,850800,0.0,0.0
2016-01-25 00:00:00-05:00,63.38999938964844,64.0,62.650001525878906,63.0,925200,0.0,0.0
2016-01-26 00:00:00-05:00,62.970001220703125,63.880001068115234,62.29999923706055,63.5,1286000,0.0,0.0
2016-01-27 00:00:00-05:00,63.31999969482422,63.540000915527344,61.63999938964844,61.93000030517578,736900,0.0,0.0
2016-01-28 00:00:00-05:00,62.150001525878906,62.65999984741211,59.88999938964844,60.43000030517578,961300,0.0,0.0
2016-01-29 00:00:00-05:00,60.75,61.060001373291016,60.099998474121094,60.83000183105469,1248900,0.0,0.0
2016-02-01 00:00:00-05:00,60.86000061035156,61.599998474121094,60.02000045776367,60.529998779296875,1381000,0.0,0.0
2016-02-02 00:00:00-05:00,60.220001220703125,60.40999984741211,58.20000076293945,58.279998779296875,1229200,0.0,0.0
2016-02-03 00:00:00-05:00,58.52000045776367,59.4900016784668,56.65999984741211,58.54999923706055,1324200,0.0,0.0
2016-02-04 00:00:00-05:00,58.22999954223633,59.72999954223633,57.20000076293945,59.529998779296875,1673000,0.0,0.0
2016-02-05 00:00:00-05:00,59.529998779296875,59.529998779296875,56.79999923706055,57.5,1773700,0.0,0.0
2016-02-08 00:00:00-05:00,56.869998931884766,57.29999923706055,55.38999938964844,55.90999984741211,1076600,0.0,0.0
2016-02-09 00:00:00-05:00,55.11000061035156,57.130001068115234,55.0099983215332,56.70000076293945,872100,0.0,0.0
2016-02-10 00:00:00-05:00,56.93000030517578,60.36000061035156,56.599998474121094,58.349998474121094,1531100,0.0,0.0
2016-02-11 00:00:00-05:00,59.04999923706055,60.83000183105469,57.720001220703125,59.0,2039200,0.0,0.0
2016-02-12 00:00:00-05:00,60.95000076293945,62.470001220703125,60.060001373291016,60.43000030517578,1669200,0.0,0.0
2016-02-16 00:00:00-05:00,61.130001068115234,62.47999954223633,60.22999954223633,61.790000915527344,1218000,0.0,0.0
2016-02-17 00:00:00-05:00,62.029998779296875,63.72999954223633,61.97999954223633,63.16999816894531,716500,0.0,0.0
2016-02-18 00:00:00-05:00,63.29999923706055,63.72999954223633,62.45000076293945,62.72999954223633,648100,0.0,0.0
2016-02-19 00:00:00-05:00,62.310001373291016,63.58000183105469,61.40999984741211,63.43000030517578,779100,0.0,0.0
2016-02-22 00:00:00-05:00,64.0,64.8499984741211,62.25,62.5,843300,0.0,0.0
2016-02-23 00:00:00-05:00,62.369998931884766,62.939998626708984,61.619998931884766,61.650001525878906,656600,0.0,0.0
2016-02-24 00:00:00-05:00,61.15999984741211,62.380001068115234,60.95000076293945,62.099998474121094,947100,0.0,0.0
2016-02-25 00:00:00-05:00,62.4900016784668,63.18000030517578,62.08000183105469,62.86000061035156,625700,0.0,0.0
2016-02-26 00:00:00-05:00,62.900001525878906,63.540000915527344,62.7599983215332,63.349998474121094,563900,0.0,0.0
2016-02-29 00:00:00-05:00,63.2599983215332,63.630001068115234,62.4900016784668,62.709999084472656,800200,0.0,0.0
2016-03-01 00:00:00-05:00,62.91999816894531,65.44999694824219,62.810001373291016,65.36000061035156,1175400,0.0,0.0
2016-03-02 00:00:00-05:00,65.0,65.4800033569336,64.56999969482422,65.44000244140625,836900,0.0,0.0
2016-03-03 00:00:00-05:00,65.29000091552734,65.48999786376953,64.05000305175781,64.66999816894531,969400,0.0,0.0
2016-03-04 00:00:00-05:00,64.72000122070312,66.0,64.2699966430664,65.44000244140625,779400,0.0,0.0
2016-03-07 00:00:00-05:00,65.30999755859375,65.45999908447266,64.55999755859375,65.31999969482422,606700,0.0,0.0
2016-03-08 00:00:00-05:00,65.08999633789062,66.12999725341797,64.76000213623047,65.6500015258789,917800,0.0,0.0
2016-03-09 00:00:00-05:00,65.75,66.08000183105469,64.79000091552734,65.51000213623047,792100,0.0,0.0
2016-03-10 00:00:00-05:00,65.69999694824219,66.22000122070312,65.01000213623047,65.27999877929688,551900,0.0,0.0
2016-03-11 00:00:00-05:00,65.88999938964844,67.55000305175781,65.31999969482422,67.4000015258789,708600,0.0,0.0
2016-03-14 00:00:00-04:00,67.01000213623047,67.33000183105469,66.05000305175781,66.83000183105469,563000,0.0,0.0
2016-03-15 00:00:00-04:00,66.30999755859375,66.4800033569336,64.94999694824219,65.4000015258789,1067900,0.0,0.0
2016-03-16 00:00:00-04:00,65.25,65.88999938964844,64.30000305175781,65.02999877929688,648400,0.0,0.0
2016-03-17 00:00:00-04:00,65.0,65.0,63.849998474121094,64.6500015258789,625500,0.0,0.0
2016-03-18 00:00:00-04:00,64.69999694824219,65.05000305175781,64.2300033569336,64.87999725341797,721200,0.0,0.0
2016-03-21 00:00:00-04:00,64.81999969482422,64.95999908447266,64.19000244140625,64.5999984741211,1037400,0.0,0.0
2016-03-22 00:00:00-04:00,64.16999816894531,65.75,64.0199966430664,65.30000305175781,707900,0.0,0.0
2016-03-23 00:00:00-04:00,65.30000305175781,65.83000183105469,64.38999938964844,64.54000091552734,600500,0.0,0.0
2016-03-24 00:00:00-04:00,64.26000213623047,64.91999816894531,63.65999984741211,64.2300033569336,482400,0.0,0.0
2016-03-28 00:00:00-04:00,63.65999984741211,64.48999786376953,63.47999954223633,63.77000045776367,690700,0.0,0.0
2016-03-29 00:00:00-04:00,63.959999084472656,65.0999984741211,63.4900016784668,65.06999969482422,431000,0.0,0.0
2016-03-30 00:00:00-04:00,65.48999786376953,65.77999877929688,64.29000091552734,64.69999694824219,367700,0.0,0.0
2016-03-31 00:00:00-04:00,64.61000061035156,65.45999908447266,64.5999984741211,65.0999984741211,759700,0.0,0.0
2016-04-01 00:00:00-04:00,64.62000274658203,67.5199966430664,64.4800033569336,67.5199966430664,640500,0.0,0.0
2016-04-04 00:00:00-04:00,67.48999786376953,69.41000366210938,67.16000366210938,68.41999816894531,905000,0.0,0.0
2016-04-05 00:00:00-04:00,68.0,69.08000183105469,67.41000366210938,67.69000244140625,773100,0.0,0.0
2016-04-06 00:00:00-04:00,67.58000183105469,70.2699966430664,67.58000183105469,70.19000244140625,628200,0.0,0.0
2016-04-07 00:00:00-04:00,69.94000244140625,70.69999694824219,69.41999816894531,70.16000366210938,887900,0.0,0.0
2016-04-08 00:00:00-04:00,70.55000305175781,71.12999725341797,70.19999694824219,70.83000183105469,906400,0.0,0.0
2016-04-11 00:00:00-04:00,71.2300033569336,71.44000244140625,70.05000305175781,70.3499984741211,1282900,0.0,0.0
2016-04-12 00:00:00-04:00,70.13999938964844,70.44000244140625,69.16999816894531,69.4000015258789,599800,0.0,0.0
2016-04-13 00:00:00-04:00,69.87999725341797,70.13999938964844,69.52999877929688,70.0,651100,0.0,0.0
2016-04-14 00:00:00-04:00,69.98999786376953,70.2699966430664,69.3499984741211,69.66999816894531,822300,0.0,0.0
2016-04-15 00:00:00-04:00,69.5999984741211,70.3499984741211,68.91999816894531,70.08999633789062,779300,0.0,0.0
2016-04-18 00:00:00-04:00,69.69000244140625,70.02999877929688,69.3499984741211,69.83000183105469,546000,0.0,0.0
2016-04-19 00:00:00-04:00,70.08999633789062,70.08999633789062,69.38999938964844,69.73999786376953,483100,0.0,0.0
2016-04-20 00:00:00-04:00,69.7300033569336,70.20999908447266,69.36000061035156,69.72000122070312,390700,0.0,0.0
2016-04-21 00:00:00-04:00,70.08999633789062,70.69000244140625,69.70999908447266,70.02999877929688,683100,0.0,0.0
2016-04-22 00:00:00-04:00,69.87999725341797,70.52999877929688,69.36000061035156,70.04000091552734,377000,0.0,0.0
2016-04-25 00:00:00-04:00,70.0999984741211,70.79000091552734,69.62000274658203,70.0,363500,0.0,0.0
2016-04-26 00:00:00-04:00,70.05999755859375,70.26000213623047,68.94999694824219,70.08000183105469,918900,0.0,0.0
2016-04-27 00:00:00-04:00,70.0199966430664,70.33999633789062,69.44000244140625,69.81999969482422,518800,0.0,0.0
2016-04-28 00:00:00-04:00,69.44999694824219,70.7699966430664,68.4800033569336,69.9800033569336,912800,0.0,0.0
2016-04-29 00:00:00-04:00,70.0,70.16999816894531,68.66000366210938,69.06999969482422,815600,0.0,0.0
2016-05-02 00:00:00-04:00,69.47000122070312,69.66999816894531,68.12999725341797,69.0999984741211,1485700,0.0,0.0
2016-05-03 00:00:00-04:00,69.0999984741211,69.0999984741211,62.95000076293945,67.45999908447266,9204500,0.0,0.0
2016-05-04 00:00:00-04:00,65.06999969482422,66.0,64.33999633789062,65.02999877929688,4320100,0.0,0.0
2016-05-05 00:00:00-04:00,65.0199966430664,65.37000274658203,64.31999969482422,64.5199966430664,1128600,0.0,0.0
2016-05-06 00:00:00-04:00,64.44000244140625,66.26000213623047,63.939998626708984,65.95999908447266,1559400,0.0,0.0
2016-05-09 00:00:00-04:00,65.93000030517578,67.33999633789062,65.83999633789062,67.02999877929688,1425200,0.0,0.0
2016-05-10 00:00:00-04:00,67.63999938964844,68.0,66.9000015258789,67.6500015258789,1050500,0.0,0.0
2016-05-11 00:00:00-04:00,67.8499984741211,67.87000274658203,65.8499984741211,65.94999694824219,1037500,0.0,0.0
2016-05-12 00:00:00-04:00,65.56999969482422,65.95999908447266,64.66999816894531,65.30999755859375,1903000,0.0,0.0
2016-05-13 00:00:00-04:00,65.30999755859375,66.05000305175781,65.02999877929688,65.73999786376953,1284300,0.0,0.0
2016-05-16 00:00:00-04:00,65.75,66.04000091552734,65.37000274658203,65.58000183105469,736200,0.0,0.0
2016-05-17 00:00:00-04:00,65.51000213623047,65.77999877929688,65.16999816894531,65.58000183105469,1838700,0.0,0.0
2016-05-18 00:00:00-04:00,65.51000213623047,65.9000015258789,65.01000213623047,65.8499984741211,1232300,0.0,0.0
2016-05-19 00:00:00-04:00,65.41000366210938,66.0,64.51000213623047,64.91999816894531,1489700,0.0,0.0
2016-05-20 00:00:00-04:00,65.12000274658203,66.83999633789062,64.77999877929688,66.55000305175781,1614500,0.0,0.0
2016-05-23 00:00:00-04:00,66.37999725341797,66.83999633789062,65.87999725341797,65.97000122070312,1542700,0.0,0.0
2016-05-24 00:00:00-04:00,66.0999984741211,67.02999877929688,65.52999877929688,66.91999816894531,1141600,0.0,0.0
2016-05-25 00:00:00-04:00,67.0,67.0999984741211,66.48999786376953,67.05999755859375,1169200,0.0,0.0
2016-05-26 00:00:00-04:00,66.83999633789062,66.9000015258789,66.51000213623047,66.73999786376953,863400,0.0,0.0
2016-05-27 00:00:00-04:00,66.58000183105469,67.06999969482422,66.5,66.69999694824219,804200,0.0,0.0
2016-05-31 00:00:00-04:00,66.83000183105469,67.94999694824219,66.63999938964844,67.88999938964844,1849300,0.0,0.0
2016-06-01 00:00:00-04:00,67.63999938964844,67.98999786376953,67.30999755859375,67.86000061035156,1017100,0.0,0.0
2016-06-02 00:00:00-04:00,67.51000213623047,67.94999694824219,67.11000061035156,67.83000183105469,1058900,0.0,0.0
2016-06-03 00:00:00-04:00,67.62999725341797,67.73999786376953,66.66000366210938,67.22000122070312,561100,0.0,0.0
2016-06-06 00:00:00-04:00,67.45999908447266,67.54000091552734,66.72000122070312,67.20999908447266,801400,0.0,0.0
2016-06-07 00:00:00-04:00,67.13999938964844,67.33999633789062,66.76000213623047,67.23999786376953,1143900,0.0,0.0
2016-06-08 00:00:00-04:00,66.81999969482422,66.97000122070312,66.62999725341797,66.80000305175781,1793200,0.0,0.0
2016-06-09 00:00:00-04:00,66.44000244140625,66.7699966430664,66.16000366210938,66.54000091552734,1569200,0.0,0.0
2016-06-10 00:00:00-04:00,65.91999816894531,66.47000122070312,65.31999969482422,65.56999969482422,1861300,0.0,0.0
2016-06-13 00:00:00-04:00,65.08999633789062,66.08000183105469,65.08999633789062,65.4000015258789,1529900,0.0,0.0
2016-06-14 00:00:00-04:00,65.16000366210938,65.4800033569336,64.81999969482422,65.16999816894531,1137400,0.0,0.0
2016-06-15 00:00:00-04:00,65.13999938964844,65.5199966430664,64.9800033569336,65.0999984741211,1006500,0.0,0.0
2016-06-16 00:00:00-04:00,65.04000091552734,65.04000091552734,64.5999984741211,64.87000274658203,862400,0.0,0.0
2016-06-17 00:00:00-04:00,64.6500015258789,64.98999786376953,63.36000061035156,63.400001525878906,1960800,0.0,0.0
2016-06-20 00:00:00-04:00,64.33000183105469,64.56999969482422,63.650001525878906,63.689998626708984,1065200,0.0,0.0
2016-06-21 00:00:00-04:00,64.01000213623047,64.0999984741211,63.65999984741211,63.83000183105469,967200,0.0,0.0
2016-06-22 00:00:00-04:00,63.70000076293945,64.56999969482422,63.65999984741211,63.91999816894531,952100,0.0,0.0
2016-06-23 00:00:00-04:00,64.48999786376953,65.0199966430664,64.02999877929688,65.0199966430664,818400,0.0,0.0
2016-06-24 00:00:00-04:00,62.88999938964844,64.19999694824219,62.88999938964844,63.31999969482422,1378200,0.0,0.0
2016-06-27 00:00:00-04:00,62.779998779296875,62.83000183105469,61.209999084472656,61.31999969482422,1196900,0.0,0.0
2016-06-28 00:00:00-04:00,61.91999816894531,62.52000045776367,61.779998779296875,62.400001525878906,1042000,0.0,0.0
2016-06-29 00:00:00-04:00,62.81999969482422,63.709999084472656,62.2599983215332,63.4900016784668,1590900,0.0,0.0
2016-06-30 00:00:00-04:00,63.52000045776367,65.36000061035156,63.40999984741211,65.31999969482422,1664600,0.0,0.0
2016-07-01 00:00:00-04:00,65.13999938964844,66.94000244140625,65.01000213623047,66.86000061035156,2058800,0.0,0.0
2016-07-05 00:00:00-04:00,67.18000030517578,67.5,66.76000213623047,67.2300033569336,1748100,0.0,0.0
2016-07-06 00:00:00-04:00,66.87999725341797,68.37000274658203,66.8499984741211,68.30999755859375,1851500,0.0,0.0
2016-07-07 00:00:00-04:00,68.4000015258789,68.98999786376953,68.06999969482422,68.98999786376953,1311200,0.0,0.0
2016-07-08 00:00:00-04:00,69.22000122070312,71.43000030517578,68.91000366210938,71.41000366210938,1997200,0.0,0.0
2016-07-11 00:00:00-04:00,71.76000213623047,71.94000244140625,70.80999755859375,70.81999969482422,1216200,0.0,0.0
2016-07-12 00:00:00-04:00,71.41999816894531,71.70999908447266,70.93000030517578,71.05999755859375,1760400,0.0,0.0
2016-07-13 00:00:00-04:00,71.41999816894531,71.77999877929688,71.0199966430664,71.05999755859375,752100,0.0,0.0
2016-07-14 00:00:00-04:00,71.52999877929688,72.9000015258789,71.33000183105469,72.81999969482422,1065900,0.0,0.0
2016-07-15 00:00:00-04:00,72.88999938964844,73.1500015258789,71.62000274658203,71.66999816894531,1033100,0.0,0.0
2016-07-18 00:00:00-04:00,71.58000183105469,72.43000030517578,71.58000183105469,72.37000274658203,555300,0.0,0.0
2016-07-19 00:00:00-04:00,72.08000183105469,72.55999755859375,71.86000061035156,72.13999938964844,1585400,0.0,0.0
2016-07-20 00:00:00-04:00,72.13999938964844,73.31999969482422,72.04000091552734,73.22000122070312,1011100,0.0,0.0
2016-07-21 00:00:00-04:00,73.38999938964844,73.66000366210938,72.69000244140625,72.88999938964844,1141700,0.0,0.0
2016-07-22 00:00:00-04:00,72.98999786376953,74.23999786376953,72.7699966430664,74.02999877929688,923000,0.0,0.0
2016-07-25 00:00:00-04:00,73.88999938964844,74.22000122070312,73.86000061035156,74.08000183105469,1137300,0.0,0.0
2016-07-26 00:00:00-04:00,74.2300033569336,75.80000305175781,73.68000030517578,75.44999694824219,1324600,0.0,0.0
2016-07-27 00:00:00-04:00,74.19999694824219,75.91000366210938,72.0199966430664,75.0,3661800,0.0,0.0
2016-07-28 00:00:00-04:00,75.55000305175781,78.30000305175781,75.12999725341797,77.91999816894531,2169700,0.0,0.0
2016-07-29 00:00:00-04:00,76.2300033569336,78.36000061035156,76.0999984741211,77.63999938964844,3242500,0.0,0.0
2016-08-01 00:00:00-04:00,77.88999938964844,78.86000061035156,77.75,78.61000061035156,1807300,0.0,0.0
2016-08-02 00:00:00-04:00,77.97000122070312,78.26000213623047,77.12000274658203,77.55999755859375,1188700,0.0,0.0
2016-08-03 00:00:00-04:00,77.66000366210938,77.8499984741211,76.86000061035156,77.04000091552734,1119700,0.0,0.0
2016-08-04 00:00:00-04:00,77.04000091552734,77.81999969482422,77.04000091552734,77.37999725341797,585500,0.0,0.0
2016-08-05 00:00:00-04:00,77.7699966430664,78.30999755859375,77.48999786376953,77.77999877929688,606000,0.0,0.0
2016-08-08 00:00:00-04:00,77.2699966430664,77.55999755859375,76.30000305175781,76.55999755859375,1042000,0.0,0.0
2016-08-09 00:00:00-04:00,76.77999877929688,77.02999877929688,76.16000366210938,76.4800033569336,1036600,0.0,0.0
2016-08-10 00:00:00-04:00,76.5,76.95999908447266,75.94000244140625,76.80999755859375,1117800,0.0,0.0
2016-08-11 00:00:00-04:00,76.9800033569336,77.1500015258789,76.27999877929688,76.75,1111900,0.0,0.0
2016-08-12 00:00:00-04:00,76.63999938964844,76.80999755859375,76.08000183105469,76.4000015258789,803500,0.0,0.0
2016-08-15 00:00:00-04:00,76.4000015258789,76.70999908447266,76.19000244140625,76.51000213623047,613100,0.0,0.0
2016-08-16 00:00:00-04:00,76.44000244140625,76.62999725341797,75.97000122070312,76.11000061035156,501400,0.0,0.0
2016-08-17 00:00:00-04:00,76.12000274658203,76.44000244140625,74.93000030517578,75.30000305175781,718500,0.0,0.0
2016-08-18 00:00:00-04:00,74.18000030517578,75.66999816894531,73.8499984741211,75.26000213623047,740200,0.0,0.0
2016-08-19 00:00:00-04:00,75.12000274658203,75.12999725341797,74.44999694824219,75.05000305175781,760900,0.0,0.0
2016-08-22 00:00:00-04:00,75.08999633789062,76.58999633789062,75.08999633789062,76.58999633789062,638000,0.0,0.0
2016-08-23 00:00:00-04:00,76.83999633789062,76.95999908447266,75.94999694824219,76.01000213623047,723400,0.0,0.0
2016-08-24 00:00:00-04:00,76.01000213623047,76.2300033569336,75.30000305175781,75.41000366210938,1188700,0.0,0.0
2016-08-25 00:00:00-04:00,75.36000061035156,76.11000061035156,75.11000061035156,75.68000030517578,748400,0.0,0.0
2016-08-26 00:00:00-04:00,75.63999938964844,75.9000015258789,75.1500015258789,75.69000244140625,581600,0.0,0.0
2016-08-29 00:00:00-04:00,75.52999877929688,77.80999755859375,75.02999877929688,77.41999816894531,1200500,0.0,0.0
2016-08-30 00:00:00-04:00,77.23999786376953,77.72000122070312,76.88999938964844,77.13999938964844,878700,0.0,0.0
2016-08-31 00:00:00-04:00,76.94000244140625,77.5,76.58000183105469,77.30000305175781,672300,0.0,0.0
2016-09-01 00:00:00-04:00,77.45999908447266,77.54000091552734,77.05999755859375,77.41999816894531,720000,0.0,0.0
2016-09-02 00:00:00-04:00,77.45999908447266,77.77999877929688,76.8499984741211,76.95999908447266,359700,0.0,0.0
2016-09-06 00:00:00-04:00,77.0199966430664,77.20999908447266,76.38999938964844,76.54000091552734,435100,0.0,0.0
2016-09-07 00:00:00-04:00,76.18000030517578,77.75,75.66999816894531,77.69000244140625,652000,0.0,0.0
2016-09-08 00:00:00-04:00,77.61000061035156,78.01000213623047,77.33999633789062,77.8499984741211,661800,0.0,0.0
2016-09-09 00:00:00-04:00,77.05999755859375,77.56999969482422,76.5,77.06999969482422,926400,0.0,0.0
2016-09-12 00:00:00-04:00,76.41000366210938,77.83000183105469,76.3499984741211,77.73999786376953,792300,0.0,0.0
2016-09-13 00:00:00-04:00,77.2300033569336,77.86000061035156,76.4800033569336,77.52999877929688,1020000,0.0,0.0
2016-09-14 00:00:00-04:00,77.58999633789062,78.55999755859375,77.51000213623047,77.9000015258789,1380600,0.0,0.0
2016-09-15 00:00:00-04:00,77.69000244140625,78.16999816894531,77.33000183105469,77.8499984741211,954200,0.0,0.0
2016-09-16 00:00:00-04:00,77.6500015258789,77.88999938964844,77.05999755859375,77.30999755859375,1251600,0.0,0.0
2016-09-19 00:00:00-04:00,77.5999984741211,77.94999694824219,77.19000244140625,77.37999725341797,891600,0.0,0.0
2016-09-20 00:00:00-04:00,77.25,78.06999969482422,77.2300033569336,77.47000122070312,833600,0.0,0.0
2016-09-21 00:00:00-04:00,77.6500015258789,78.16000366210938,77.16000366210938,78.0,455000,0.0,0.0
2016-09-22 00:00:00-04:00,78.38999938964844,78.58000183105469,78.0199966430664,78.12999725341797,585800,0.0,0.0
2016-09-23 00:00:00-04:00,77.8499984741211,79.77999877929688,77.30000305175781,79.41000366210938,1200800,0.0,0.0
2016-09-26 00:00:00-04:00,79.19999694824219,79.3499984741211,78.41999816894531,78.9800033569336,625300,0.0,0.0
2016-09-27 00:00:00-04:00,78.9800033569336,79.7300033569336,78.87999725341797,79.69999694824219,465900,0.0,0.0
2016-09-28 00:00:00-04:00,79.8499984741211,79.93000030517578,79.01000213623047,79.56999969482422,614200,0.0,0.0
2016-09-29 00:00:00-04:00,79.41000366210938,80.48999786376953,78.91999816894531,79.05999755859375,991000,0.0,0.0
2016-09-30 00:00:00-04:00,79.18000030517578,81.26000213623047,79.01000213623047,81.05999755859375,2438200,0.0,0.0
2016-10-03 00:00:00-04:00,80.87000274658203,81.05999755859375,79.47000122070312,80.19999694824219,2113000,0.0,0.0
2016-10-04 00:00:00-04:00,80.19999694824219,80.77999877929688,78.61000061035156,78.79000091552734,1564200,0.0,0.0
2016-10-05 00:00:00-04:00,79.37999725341797,81.44999694824219,79.20999908447266,80.54000091552734,2266200,0.0,0.0
2016-10-06 00:00:00-04:00,80.63999938964844,80.63999938964844,78.48999786376953,79.2699966430664,1940900,0.0,0.0
2016-10-07 00:00:00-04:00,79.06999969482422,79.69000244140625,78.5199966430664,79.45999908447266,1348200,0.0,0.0
2016-10-10 00:00:00-04:00,80.04000091552734,80.04000091552734,78.9800033569336,79.80999755859375,1225800,0.0,0.0
2016-10-11 00:00:00-04:00,79.30000305175781,79.58999633789062,76.52999877929688,77.2300033569336,1100600,0.0,0.0
2016-10-12 00:00:00-04:00,77.0999984741211,77.33999633789062,75.58999633789062,75.88999938964844,1162300,0.0,0.0
2016-10-13 00:00:00-04:00,75.55999755859375,76.05000305175781,74.83000183105469,75.69999694824219,1340800,0.0,0.0
2016-10-14 00:00:00-04:00,75.51000213623047,76.56999969482422,75.2699966430664,75.33999633789062,706800,0.0,0.0
2016-10-17 00:00:00-04:00,75.37000274658203,75.73999786376953,75.08999633789062,75.27999877929688,815200,0.0,0.0
2016-10-18 00:00:00-04:00,75.91000366210938,76.69000244140625,75.66000366210938,76.33000183105469,911400,0.0,0.0
2016-10-19 00:00:00-04:00,74.98999786376953,76.02999877929688,74.98999786376953,75.20999908447266,1158200,0.0,0.0
2016-10-20 00:00:00-04:00,75.0,75.41999816894531,74.36000061035156,74.41999816894531,2417800,0.0,0.0
2016-10-21 00:00:00-04:00,74.29000091552734,74.68000030517578,73.87999725341797,74.0199966430664,1849600,0.0,0.0
2016-10-24 00:00:00-04:00,74.4000015258789,74.56999969482422,73.9000015258789,74.54000091552734,2339600,0.0,0.0
2016-10-25 00:00:00-04:00,74.31999969482422,74.77999877929688,74.0,74.43000030517578,1624200,0.0,0.0
2016-10-26 00:00:00-04:00,74.45999908447266,74.45999908447266,73.11000061035156,73.12000274658203,2196200,0.0,0.0
2016-10-27 00:00:00-04:00,72.41999816894531,72.44000244140625,71.16999816894531,72.0999984741211,2295600,0.0,0.0
2016-10-28 00:00:00-04:00,71.80999755859375,72.2699966430664,71.30999755859375,71.7699966430664,1451100,0.0,0.0
2016-10-31 00:00:00-04:00,72.08999633789062,72.33000183105469,71.55000305175781,71.73999786376953,1457400,0.0,0.0
2016-11-01 00:00:00-04:00,71.94000244140625,72.44000244140625,71.19000244140625,71.66000366210938,1734100,0.0,0.0
2016-11-02 00:00:00-04:00,70.87999725341797,73.98999786376953,70.0999984741211,72.36000061035156,2333900,0.0,0.0
2016-11-03 00:00:00-04:00,72.43000030517578,73.62000274658203,72.16000366210938,72.20999908447266,1826600,0.0,0.0
2016-11-04 00:00:00-04:00,72.41999816894531,73.22000122070312,72.2300033569336,72.58999633789062,1728800,0.0,0.0
2016-11-07 00:00:00-05:00,73.54000091552734,74.69999694824219,73.02999877929688,74.58999633789062,2666600,0.0,0.0
2016-11-08 00:00:00-05:00,74.2699966430664,76.30999755859375,74.19999694824219,75.94000244140625,2252100,0.0,0.0
2016-11-09 00:00:00-05:00,77.54000091552734,79.51000213623047,76.5199966430664,77.68000030517578,2051300,0.0,0.0
2016-11-10 00:00:00-05:00,78.0999984741211,78.47000122070312,77.0,78.33999633789062,1747200,0.0,0.0
2016-11-11 00:00:00-05:00,77.88999938964844,78.66999816894531,76.94000244140625,77.12999725341797,1890500,0.0,0.0
2016-11-14 00:00:00-05:00,77.38999938964844,77.94999694824219,76.33000183105469,76.88999938964844,1382500,0.0,0.0
2016-11-15 00:00:00-05:00,76.9800033569336,78.63999938964844,76.51000213623047,77.94000244140625,1744700,0.0,0.0
2016-11-16 00:00:00-05:00,77.8499984741211,78.05000305175781,77.1500015258789,77.30999755859375,1646200,0.0,0.0
2016-11-17 00:00:00-05:00,77.37999725341797,79.70999908447266,77.12999725341797,79.4800033569336,1523800,0.0,0.0
2016-11-18 00:00:00-05:00,79.55000305175781,80.0199966430664,78.86000061035156,79.87999725341797,1866500,0.0,0.0
2016-11-21 00:00:00-05:00,79.9800033569336,80.44000244140625,79.3499984741211,80.0199966430664,1879000,0.0,0.0
2016-11-22 00:00:00-05:00,80.06999969482422,80.55000305175781,79.6500015258789,80.19999694824219,1376600,0.0,0.0
2016-11-23 00:00:00-05:00,79.2699966430664,80.12000274658203,77.0,79.87000274658203,2045400,0.0,0.0
2016-11-25 00:00:00-05:00,79.91000366210938,81.05999755859375,79.55000305175781,80.56999969482422,549400,0.0,0.0
2016-11-28 00:00:00-05:00,80.62999725341797,80.83999633789062,79.69000244140625,79.81999969482422,1515400,0.0,0.0
2016-11-29 00:00:00-05:00,80.0199966430664,81.1500015258789,79.54000091552734,80.93000030517578,1737800,0.0,0.0
2016-11-30 00:00:00-05:00,81.18000030517578,81.18000030517578,76.5,76.83000183105469,4811100,0.0,0.0
2016-12-01 00:00:00-05:00,75.5999984741211,76.12000274658203,72.7300033569336,73.0,5998100,0.0,0.0
2016-12-02 00:00:00-05:00,72.45999908447266,75.05000305175781,71.9000015258789,74.02999877929688,2486600,0.0,0.0
2016-12-05 00:00:00-05:00,74.7300033569336,75.91999816894531,74.56999969482422,75.69999694824219,1718200,0.0,0.0
2016-12-06 00:00:00-05:00,75.9800033569336,78.0199966430664,75.4800033569336,77.58000183105469,2461100,0.0,0.0
2016-12-07 00:00:00-05:00,77.55000305175781,77.55000305175781,75.83000183105469,76.93000030517578,3079700,0.0,0.0
2016-12-08 00:00:00-05:00,77.08000183105469,77.80000305175781,76.2699966430664,77.54000091552734,1826900,0.0,0.0
2016-12-09 00:00:00-05:00,77.87000274658203,78.68000030517578,77.87000274658203,78.33999633789062,1905400,0.0,0.0
2016-12-12 00:00:00-05:00,78.0,80.12000274658203,78.0,79.41000366210938,1930800,0.0,0.0
2016-12-13 00:00:00-05:00,80.04000091552734,80.23999786376953,78.93000030517578,79.31999969482422,1358400,0.0,0.0
2016-12-14 00:00:00-05:00,79.20999908447266,80.0199966430664,78.20999908447266,79.38999938964844,1983200,0.0,0.0
2016-12-15 00:00:00-05:00,79.4000015258789,80.9800033569336,78.94999694824219,80.54000091552734,2450800,0.0,0.0
2016-12-16 00:00:00-05:00,78.27999877929688,79.83000183105469,77.8499984741211,77.87999725341797,2614700,0.0,0.0
2016-12-19 00:00:00-05:00,78.1500015258789,78.36000061035156,76.4000015258789,76.68000030517578,1059100,0.0,0.0
2016-12-20 00:00:00-05:00,77.12999725341797,77.25,76.33999633789062,76.88999938964844,919600,0.0,0.0
2016-12-21 00:00:00-05:00,77.47000122070312,77.62999725341797,75.4000015258789,75.44000244140625,1105500,0.0,0.0
2016-12-22 00:00:00-05:00,75.62999725341797,75.91999816894531,74.7300033569336,74.94999694824219,1742800,0.0,0.0
2016-12-23 00:00:00-05:00,74.83999633789062,76.2699966430664,74.83999633789062,76.22000122070312,623300,0.0,0.0
2016-12-27 00:00:00-05:00,76.33000183105469,76.66000366210938,75.56999969482422,75.8499984741211,1177400,0.0,0.0
2016-12-28 00:00:00-05:00,76.23999786376953,76.30000305175781,75.80999755859375,75.95999908447266,807800,0.0,0.0
2016-12-29 00:00:00-05:00,75.83999633789062,76.36000061035156,75.7300033569336,75.87999725341797,549500,0.0,0.0
2016-12-30 00:00:00-05:00,75.88999938964844,76.20999908447266,75.51000213623047,76.05000305175781,848600,0.0,0.0
2017-01-03 00:00:00-05:00,76.70999908447266,77.41999816894531,76.47000122070312,76.93000030517578,1413000,0.0,0.0
2017-01-04 00:00:00-05:00,77.38999938964844,77.58999633789062,76.58999633789062,77.27999877929688,1138600,0.0,0.0
2017-01-05 00:00:00-05:00,77.0199966430664,77.52999877929688,76.73999786376953,77.0,651900,0.0,0.0
2017-01-06 00:00:00-05:00,77.05999755859375,78.43000030517578,77.05999755859375,77.81999969482422,569300,0.0,0.0
2017-01-09 00:00:00-05:00,78.08000183105469,78.58000183105469,77.80999755859375,77.98999786376953,638000,0.0,0.0
2017-01-10 00:00:00-05:00,77.72000122070312,78.33999633789062,77.33999633789062,77.87999725341797,1163900,0.0,0.0
2017-01-11 00:00:00-05:00,77.8499984741211,77.94999694824219,75.69999694824219,76.9800033569336,1784600,0.0,0.0
2017-01-12 00:00:00-05:00,76.91000366210938,77.51000213623047,76.43000030517578,77.19000244140625,1207700,0.0,0.0
2017-01-13 00:00:00-05:00,77.2300033569336,77.95999908447266,76.9800033569336,77.16000366210938,654100,0.0,0.0
2017-01-17 00:00:00-05:00,77.1500015258789,77.1500015258789,76.22000122070312,76.79000091552734,1015000,0.0,0.0
2017-01-18 00:00:00-05:00,77.0999984741211,77.23999786376953,75.05000305175781,75.58999633789062,1983000,0.0,0.0
2017-01-19 00:00:00-05:00,75.48999786376953,76.76000213623047,75.31999969482422,76.06999969482422,1523200,0.0,0.0
2017-01-20 00:00:00-05:00,75.79000091552734,76.25,75.79000091552734,76.0999984741211,839400,0.0,0.0
2017-01-23 00:00:00-05:00,75.88999938964844,76.23999786376953,75.11000061035156,75.8499984741211,952200,0.0,0.0
2017-01-24 00:00:00-05:00,76.16000366210938,76.18000030517578,74.80000305175781,75.3499984741211,1547200,0.0,0.0
2017-01-25 00:00:00-05:00,75.79000091552734,76.11000061035156,75.41000366210938,75.52999877929688,964400,0.0,0.0
2017-01-26 00:00:00-05:00,75.5,76.19999694824219,75.38999938964844,75.54000091552734,1026300,0.0,0.0
2017-01-27 00:00:00-05:00,75.73999786376953,76.48999786376953,75.45999908447266,76.36000061035156,1027400,0.0,0.0
2017-01-30 00:00:00-05:00,76.11000061035156,76.11000061035156,74.86000061035156,75.3499984741211,671900,0.0,0.0
2017-01-31 00:00:00-05:00,75.16000366210938,78.52999877929688,74.91999816894531,78.48999786376953,1145600,0.0,0.0
2017-02-01 00:00:00-05:00,78.27999877929688,79.0199966430664,77.9800033569336,78.55999755859375,1046100,0.0,0.0
2017-02-02 00:00:00-05:00,77.9000015258789,78.25,76.86000061035156,78.20999908447266,666800,0.0,0.0
2017-02-03 00:00:00-05:00,76.52999877929688,78.08000183105469,76.5,77.62000274658203,1033700,0.0,0.0
2017-02-06 00:00:00-05:00,77.80999755859375,78.62000274658203,77.55000305175781,77.75,961100,0.0,0.0
2017-02-07 00:00:00-05:00,78.16000366210938,78.37999725341797,77.54000091552734,77.98999786376953,1019400,0.0,0.0
2017-02-08 00:00:00-05:00,77.58000183105469,78.2300033569336,76.58000183105469,78.12999725341797,1176000,0.0,0.0
2017-02-09 00:00:00-05:00,78.04000091552734,79.13999938964844,77.95999908447266,78.8499984741211,1187100,0.0,0.0
2017-02-10 00:00:00-05:00,79.0999984741211,79.73999786376953,78.66999816894531,79.55999755859375,1011400,0.0,0.0
2017-02-13 00:00:00-05:00,79.5,80.8499984741211,79.44999694824219,80.0,1924500,0.0,0.0
2017-02-14 00:00:00-05:00,79.30000305175781,83.04000091552734,77.5999984741211,82.30000305175781,3615800,0.0,0.0
2017-02-15 00:00:00-05:00,81.36000061035156,81.36000061035156,77.55999755859375,77.8499984741211,3810500,0.0,0.0
2017-02-16 00:00:00-05:00,77.86000061035156,78.08000183105469,76.26000213623047,76.87000274658203,1616600,0.0,0.0
2017-02-17 00:00:00-05:00,77.62999725341797,77.95999908447266,76.02999877929688,76.75,1470600,0.0,0.0
2017-02-21 00:00:00-05:00,76.61000061035156,77.26000213623047,75.94000244140625,76.25,1226100,0.0,0.0
2017-02-22 00:00:00-05:00,76.33999633789062,77.48999786376953,76.05999755859375,77.3499984741211,1626300,0.0,0.0
2017-02-23 00:00:00-05:00,77.52999877929688,78.4000015258789,77.37000274658203,78.12000274658203,1954200,0.0,0.0
2017-02-24 00:00:00-05:00,78.51000213623047,79.37000274658203,77.38999938964844,77.63999938964844,1861800,0.0,0.0
2017-02-27 00:00:00-05:00,77.63999938964844,79.68000030517578,77.0,79.47000122070312,1563200,0.0,0.0
2017-02-28 00:00:00-05:00,79.0,79.0,77.3499984741211,77.38999938964844,1959700,0.0,0.0
2017-03-01 00:00:00-05:00,77.51000213623047,78.20999908447266,76.75,77.0999984741211,2035100,0.0,0.0
2017-03-02 00:00:00-05:00,76.87000274658203,77.1500015258789,76.51000213623047,76.77999877929688,1376900,0.0,0.0
2017-03-03 00:00:00-05:00,76.9000015258789,78.2300033569336,76.51000213623047,77.8499984741211,1219000,0.0,0.0
2017-03-06 00:00:00-05:00,77.41999816894531,78.56999969482422,77.08999633789062,77.9000015258789,1549700,0.0,0.0
2017-03-07 00:00:00-05:00,77.63999938964844,78.05999755859375,77.41000366210938,77.4800033569336,1340700,0.0,0.0
2017-03-08 00:00:00-05:00,77.25,79.81999969482422,76.9000015258789,79.12999725341797,1974300,0.0,0.0
2017-03-09 00:00:00-05:00,79.4000015258789,80.01000213623047,79.0199966430664,79.80000305175781,1947500,0.0,0.0
2017-03-10 00:00:00-05:00,80.02999877929688,80.97000122070312,79.79000091552734,80.69999694824219,2378800,0.0,0.0
2017-03-13 00:00:00-04:00,80.69999694824219,81.0999984741211,80.18000030517578,80.54000091552734,2418400,0.0,0.0
2017-03-14 00:00:00-04:00,80.16000366210938,80.70999908447266,79.55999755859375,79.62999725341797,2170100,0.0,0.0
2017-03-15 00:00:00-04:00,79.73999786376953,81.2300033569336,79.55999755859375,80.83999633789062,1525500,0.0,0.0
2017-03-16 00:00:00-04:00,80.58000183105469,80.81999969482422,79.91999816894531,80.41000366210938,1289300,0.0,0.0
2017-03-17 00:00:00-04:00,81.0,81.98999786376953,80.23999786376953,81.51000213623047,3547600,0.0,0.0
2017-03-20 00:00:00-04:00,81.37999725341797,81.5,79.12999725341797,80.0,1995700,0.0,0.0
2017-03-21 00:00:00-04:00,79.70999908447266,79.97000122070312,77.72000122070312,77.91999816894531,1378800,0.0,0.0
2017-03-22 00:00:00-04:00,77.8499984741211,77.98999786376953,76.80000305175781,77.52999877929688,1891800,0.0,0.0
2017-03-23 00:00:00-04:00,77.80999755859375,78.58999633789062,77.33000183105469,77.47000122070312,1005300,0.0,0.0
2017-03-24 00:00:00-04:00,77.86000061035156,78.5,77.5199966430664,77.98999786376953,699400,0.0,0.0
2017-03-27 00:00:00-04:00,77.73999786376953,78.80000305175781,77.16000366210938,78.69999694824219,991100,0.0,0.0
2017-03-28 00:00:00-04:00,78.69999694824219,78.97000122070312,77.97000122070312,78.69999694824219,1476400,0.0,0.0
2017-03-29 00:00:00-04:00,78.79000091552734,80.37999725341797,78.55999755859375,80.1500015258789,1634000,0.0,0.0
2017-03-30 00:00:00-04:00,79.91000366210938,80.51000213623047,79.75,79.93000030517578,922700,0.0,0.0
2017-03-31 00:00:00-04:00,80.37000274658203,80.91999816894531,80.06999969482422,80.52999877929688,967400,0.0,0.0
2017-04-03 00:00:00-04:00,80.38999938964844,80.75,79.69000244140625,80.0199966430664,1502900,0.0,0.0
2017-04-04 00:00:00-04:00,79.97000122070312,80.33000183105469,78.54000091552734,78.8499984741211,772800,0.0,0.0
2017-04-05 00:00:00-04:00,78.94000244140625,79.26000213623047,78.06999969482422,78.2300033569336,1143600,0.0,0.0
2017-04-06 00:00:00-04:00,78.79000091552734,79.36000061035156,78.11000061035156,79.33000183105469,998200,0.0,0.0
2017-04-07 00:00:00-04:00,79.19999694824219,79.62000274658203,78.75,79.19000244140625,795600,0.0,0.0
2017-04-10 00:00:00-04:00,78.94999694824219,79.37000274658203,78.68000030517578,78.8499984741211,678300,0.0,0.0
2017-04-11 00:00:00-04:00,79.02999877929688,79.33999633789062,78.08999633789062,78.76000213623047,676000,0.0,0.0
2017-04-12 00:00:00-04:00,78.98999786376953,79.25,78.44000244140625,78.66999816894531,748400,0.0,0.0
2017-04-13 00:00:00-04:00,78.8499984741211,79.23999786376953,78.30000305175781,78.94999694824219,748500,0.0,0.0
2017-04-17 00:00:00-04:00,79.0,79.5199966430664,78.70999908447266,79.4800033569336,513400,0.0,0.0
2017-04-18 00:00:00-04:00,79.16000366210938,80.05999755859375,79.08000183105469,79.98999786376953,1224700,0.0,0.0
2017-04-19 00:00:00-04:00,80.5,81.83000183105469,80.19999694824219,81.30000305175781,2451900,0.0,0.0
2017-04-20 00:00:00-04:00,81.5,82.98999786376953,81.06999969482422,82.87999725341797,1848600,0.0,0.0
2017-04-21 00:00:00-04:00,82.91000366210938,83.0,82.25,82.25,1781500,0.0,0.0
2017-04-24 00:00:00-04:00,83.0,83.97000122070312,82.66000366210938,82.75,1109400,0.0,0.0
2017-04-25 00:00:00-04:00,82.58999633789062,83.19000244140625,81.43000030517578,82.6500015258789,2069900,0.0,0.0
2017-04-26 00:00:00-04:00,82.66000366210938,83.48999786376953,82.37000274658203,83.0199966430664,1394400,0.0,0.0
2017-04-27 00:00:00-04:00,83.30000305175781,84.0999984741211,83.08000183105469,83.68000030517578,1065000,0.0,0.0
2017-04-28 00:00:00-04:00,83.62000274658203,84.48999786376953,83.56999969482422,84.27999877929688,1003000,0.0,0.0
2017-05-01 00:00:00-04:00,84.75,85.25,84.19999694824219,84.58999633789062,1335500,0.0,0.0
2017-05-02 00:00:00-04:00,84.66000366210938,85.58999633789062,84.16999816894531,85.33999633789062,1304200,0.0,0.0
2017-05-03 00:00:00-04:00,85.0,85.0,81.62000274658203,82.63999938964844,1747100,0.0,0.0
2017-05-04 00:00:00-04:00,83.0999984741211,83.45999908447266,81.81999969482422,82.19999694824219,1740700,0.0,0.0
2017-05-05 00:00:00-04:00,82.48999786376953,83.45999908447266,81.95999908447266,83.30000305175781,1186200,0.0,0.0
2017-05-08 00:00:00-04:00,82.66000366210938,83.87999725341797,82.30999755859375,83.63999938964844,1593400,0.0,0.0
2017-05-09 00:00:00-04:00,83.79000091552734,84.63999938964844,83.58999633789062,84.2699966430664,1330700,0.0,0.0
2017-05-10 00:00:00-04:00,84.01000213623047,84.70999908447266,83.30999755859375,83.80000305175781,1391500,0.0,0.0
2017-05-11 00:00:00-04:00,83.87000274658203,83.88999938964844,82.94999694824219,83.45999908447266,1192700,0.0,0.0
2017-05-12 00:00:00-04:00,83.16000366210938,83.81999969482422,82.86000061035156,82.88999938964844,589200,0.0,0.0
2017-05-15 00:00:00-04:00,83.0,83.91000366210938,82.81999969482422,83.62000274658203,817800,0.0,0.0
2017-05-16 00:00:00-04:00,82.0999984741211,83.4000015258789,82.0,83.19000244140625,1106200,0.0,0.0
2017-05-17 00:00:00-04:00,82.80999755859375,83.0,81.73999786376953,82.22000122070312,1078200,0.0,0.0
2017-05-18 00:00:00-04:00,82.29000091552734,83.38999938964844,82.0999984741211,83.08999633789062,647900,0.0,0.0
2017-05-19 00:00:00-04:00,83.41999816894531,83.76000213623047,82.94000244140625,83.05000305175781,1122300,0.0,0.0
2017-05-22 00:00:00-04:00,83.31999969482422,83.55999755859375,82.83000183105469,83.54000091552734,555800,0.0,0.0
2017-05-23 00:00:00-04:00,84.0,84.0,83.16000366210938,83.80000305175781,767600,0.0,0.0
2017-05-24 00:00:00-04:00,83.9800033569336,84.30999755859375,83.23999786376953,84.22000122070312,610700,0.0,0.0
2017-05-25 00:00:00-04:00,84.19999694824219,85.51000213623047,83.9000015258789,84.69999694824219,2407000,0.0,0.0
2017-05-26 00:00:00-04:00,84.93000030517578,86.11000061035156,84.5999984741211,86.0199966430664,1374400,0.0,0.0
2017-05-30 00:00:00-04:00,85.72000122070312,86.37999725341797,85.2300033569336,85.5,884000,0.0,0.0
2017-05-31 00:00:00-04:00,85.63999938964844,86.51000213623047,85.58999633789062,86.44000244140625,1502900,0.0,0.0
2017-06-01 00:00:00-04:00,86.80999755859375,87.5199966430664,86.30999755859375,87.12999725341797,1148400,0.0,0.0
2017-06-02 00:00:00-04:00,87.5,88.43000030517578,87.23999786376953,87.93000030517578,1080700,0.0,0.0
2017-06-05 00:00:00-04:00,88.22000122070312,88.37999725341797,87.26000213623047,87.29000091552734,897900,0.0,0.0
2017-06-06 00:00:00-04:00,87.04000091552734,87.70999908447266,86.54000091552734,87.08999633789062,659600,0.0,0.0
2017-06-07 00:00:00-04:00,87.01000213623047,87.9000015258789,86.9800033569336,87.56999969482422,758500,0.0,0.0
2017-06-08 00:00:00-04:00,88.0,88.0199966430664,87.4000015258789,87.80000305175781,943400,0.0,0.0
2017-06-09 00:00:00-04:00,87.66000366210938,88.05999755859375,86.0999984741211,86.1500015258789,1041800,0.0,0.0
2017-06-12 00:00:00-04:00,86.1500015258789,86.2699966430664,84.30000305175781,85.58999633789062,1550400,0.0,0.0
2017-06-13 00:00:00-04:00,85.94999694824219,87.0999984741211,85.83000183105469,86.7300033569336,974700,0.0,0.0
2017-06-14 00:00:00-04:00,86.6500015258789,87.16999816894531,85.83000183105469,86.3499984741211,565300,0.0,0.0
2017-06-15 00:00:00-04:00,85.97000122070312,86.91000366210938,85.80000305175781,86.62999725341797,826100,0.0,0.0
2017-06-16 00:00:00-04:00,86.9000015258789,87.30999755859375,86.37999725341797,87.12999725341797,1524600,0.0,0.0
2017-06-19 00:00:00-04:00,87.0999984741211,88.36000061035156,87.0999984741211,87.87000274658203,744100,0.0,0.0
2017-06-20 00:00:00-04:00,88.05999755859375,88.69999694824219,87.55000305175781,88.38999938964844,897300,0.0,0.0
2017-06-21 00:00:00-04:00,88.80000305175781,90.43000030517578,88.16999816894531,89.77999877929688,1292000,0.0,0.0
2017-06-22 00:00:00-04:00,91.66999816894531,91.80999755859375,89.83000183105469,90.87999725341797,2837400,0.0,0.0
2017-06-23 00:00:00-04:00,90.7699966430664,91.1500015258789,90.20999908447266,91.08000183105469,2552800,0.0,0.0
2017-06-26 00:00:00-04:00,91.18000030517578,91.5999984741211,90.12000274658203,90.18000030517578,769400,0.0,0.0
2017-06-27 00:00:00-04:00,90.2300033569336,90.75,89.37000274658203,89.47000122070312,712100,0.0,0.0
2017-06-28 00:00:00-04:00,89.9000015258789,90.80000305175781,89.05999755859375,90.58999633789062,715900,0.0,0.0
2017-06-29 00:00:00-04:00,90.75,90.75,88.33999633789062,89.41999816894531,867600,0.0,0.0
2017-06-30 00:00:00-04:00,89.61000061035156,89.76000213623047,89.08999633789062,89.5,718800,0.0,0.0
2017-07-03 00:00:00-04:00,89.5999984741211,89.5999984741211,88.1500015258789,88.2300033569336,532100,0.0,0.0
2017-07-05 00:00:00-04:00,88.4800033569336,89.36000061035156,88.16000366210938,89.16000366210938,634500,0.0,0.0
2017-07-06 00:00:00-04:00,88.68000030517578,88.68000030517578,87.63999938964844,87.86000061035156,723700,0.0,0.0
2017-07-07 00:00:00-04:00,88.94999694824219,89.94000244140625,88.0,88.8499984741211,954200,0.0,0.0
2017-07-10 00:00:00-04:00,88.9800033569336,89.05000305175781,88.05000305175781,88.2699966430664,598200,0.0,0.0
2017-07-11 00:00:00-04:00,88.2699966430664,88.69000244140625,87.80000305175781,88.12000274658203,606700,0.0,0.0
2017-07-12 00:00:00-04:00,88.68000030517578,89.41000366210938,88.37999725341797,88.91000366210938,551300,0.0,0.0
2017-07-13 00:00:00-04:00,89.2300033569336,89.72000122070312,88.38999938964844,89.22000122070312,634400,0.0,0.0
2017-07-14 00:00:00-04:00,89.26000213623047,89.56999969482422,88.83000183105469,89.37999725341797,464500,0.0,0.0
2017-07-17 00:00:00-04:00,89.87999725341797,90.80999755859375,89.61000061035156,90.08000183105469,958300,0.0,0.0
2017-07-18 00:00:00-04:00,89.94000244140625,90.16999816894531,89.37999725341797,90.06999969482422,641900,0.0,0.0
2017-07-19 00:00:00-04:00,90.38999938964844,91.19000244140625,90.25,90.95999908447266,649600,0.0,0.0
2017-07-20 00:00:00-04:00,90.88999938964844,90.94000244140625,89.88999938964844,90.30000305175781,760100,0.0,0.0
2017-07-21 00:00:00-04:00,90.4000015258789,91.4800033569336,90.4000015258789,91.1500015258789,753200,0.0,0.0
2017-07-24 00:00:00-04:00,91.73999786376953,91.88999938964844,91.05999755859375,91.72000122070312,915900,0.0,0.0
2017-07-25 00:00:00-04:00,91.69999694824219,91.94999694824219,90.06999969482422,90.5199966430664,860500,0.0,0.0
2017-07-26 00:00:00-04:00,90.81999969482422,91.87999725341797,90.7699966430664,91.69999694824219,840500,0.0,0.0
2017-07-27 00:00:00-04:00,91.95999908447266,92.54000091552734,91.38999938964844,91.58999633789062,967200,0.0,0.0
2017-07-28 00:00:00-04:00,91.16000366210938,91.87999725341797,90.0,90.6500015258789,1015400,0.0,0.0
2017-07-31 00:00:00-04:00,90.83999633789062,91.61000061035156,90.51000213623047,90.55000305175781,890700,0.0,0.0
2017-08-01 00:00:00-04:00,90.62000274658203,91.33999633789062,90.19999694824219,91.29000091552734,1039400,0.0,0.0
2017-08-02 00:00:00-04:00,91.80999755859375,92.54000091552734,90.9000015258789,91.62000274658203,1451200,0.0,0.0
2017-08-03 00:00:00-04:00,90.25,93.41999816894531,90.25,91.0999984741211,1584600,0.0,0.0
2017-08-04 00:00:00-04:00,92.6500015258789,93.52999877929688,90.02999877929688,90.41999816894531,1263900,0.0,0.0
2017-08-07 00:00:00-04:00,90.62000274658203,91.31999969482422,89.94999694824219,91.19000244140625,1055900,0.0,0.0
2017-08-08 00:00:00-04:00,91.16999816894531,91.26000213623047,90.08999633789062,90.66999816894531,980300,0.0,0.0
2017-08-09 00:00:00-04:00,90.05999755859375,90.91000366210938,90.0,90.0999984741211,1320500,0.0,0.0
2017-08-10 00:00:00-04:00,89.87999725341797,90.33000183105469,87.44999694824219,87.56999969482422,1364200,0.0,0.0
2017-08-11 00:00:00-04:00,87.69999694824219,89.20999908447266,87.68000030517578,88.91000366210938,1006500,0.0,0.0
2017-08-14 00:00:00-04:00,89.43000030517578,90.55000305175781,89.26000213623047,89.98999786376953,1208300,0.0,0.0
2017-08-15 00:00:00-04:00,90.04000091552734,92.19999694824219,89.76000213623047,91.52999877929688,1679400,0.0,0.0
2017-08-16 00:00:00-04:00,91.66999816894531,93.05000305175781,91.58000183105469,92.58999633789062,1271400,0.0,0.0
2017-08-17 00:00:00-04:00,92.20999908447266,93.12999725341797,91.66999816894531,91.69999694824219,1255200,0.0,0.0
2017-08-18 00:00:00-04:00,91.52999877929688,92.22000122070312,90.55999755859375,91.55000305175781,1191700,0.0,0.0
2017-08-21 00:00:00-04:00,91.55000305175781,93.08000183105469,91.55000305175781,93.08000183105469,1154300,0.0,0.0
2017-08-22 00:00:00-04:00,93.30000305175781,94.83000183105469,93.19000244140625,94.7300033569336,1055700,0.0,0.0
2017-08-23 00:00:00-04:00,94.30000305175781,94.93000030517578,93.76000213623047,94.11000061035156,676400,0.0,0.0
2017-08-24 00:00:00-04:00,94.55000305175781,95.44999694824219,94.18000030517578,95.11000061035156,1461600,0.0,0.0
2017-08-25 00:00:00-04:00,98.3499984741211,99.94999694824219,97.87999725341797,98.81999969482422,9833600,0.0,0.0
2017-08-28 00:00:00-04:00,97.45999908447266,98.73999786376953,95.06999969482422,95.55000305175781,34428200,0.0,0.0
2017-08-29 00:00:00-04:00,95.41000366210938,97.33000183105469,95.25,96.0,3382300,0.0,0.0
2017-08-30 00:00:00-04:00,95.87000274658203,97.06999969482422,95.44000244140625,95.79000091552734,1909200,0.0,0.0
2017-08-31 00:00:00-04:00,95.95999908447266,96.41000366210938,94.77999877929688,96.02999877929688,1835700,0.0,0.0
2017-09-01 00:00:00-04:00,96.05000305175781,96.7300033569336,95.29000091552734,95.68000030517578,1270000,0.0,0.0
2017-09-05 00:00:00-04:00,95.5,97.01000213623047,95.48999786376953,96.94999694824219,2303200,0.0,0.0
2017-09-06 00:00:00-04:00,97.58999633789062,97.58999633789062,95.91999816894531,96.25,1565600,0.0,0.0
2017-09-07 00:00:00-04:00,96.69000244140625,97.37000274658203,95.8499984741211,96.73999786376953,1061900,0.0,0.0
2017-09-08 00:00:00-04:00,96.4800033569336,97.13999938964844,96.23999786376953,97.0,834700,0.0,0.0
2017-09-11 00:00:00-04:00,97.5,97.51000213623047,96.30000305175781,96.94000244140625,1334300,0.0,0.0
2017-09-12 00:00:00-04:00,96.87999725341797,97.5999984741211,96.37000274658203,97.5199966430664,888500,0.0,0.0
2017-09-13 00:00:00-04:00,97.56999969482422,97.56999969482422,96.31999969482422,96.56999969482422,1002600,0.0,0.0
2017-09-14 00:00:00-04:00,95.94999694824219,96.19000244140625,95.1500015258789,95.44999694824219,1327000,0.0,0.0
2017-09-15 00:00:00-04:00,94.94000244140625,95.04000091552734,93.8499984741211,94.47000122070312,5759600,0.0,0.0
2017-09-18 00:00:00-04:00,94.5199966430664,95.3499984741211,94.36000061035156,95.06999969482422,2055900,0.0,0.0
2017-09-19 00:00:00-04:00,95.5,95.52999877929688,94.56999969482422,95.0,1086200,0.0,0.0
2017-09-20 00:00:00-04:00,94.93000030517578,95.18000030517578,94.1500015258789,94.63999938964844,1510200,0.0,0.0
2017-09-21 00:00:00-04:00,94.41000366210938,94.52999877929688,93.88999938964844,94.22000122070312,921300,0.0,0.0
2017-09-22 00:00:00-04:00,93.83999633789062,94.69999694824219,93.79000091552734,94.69999694824219,1149100,0.0,0.0
2017-09-25 00:00:00-04:00,94.55999755859375,94.97000122070312,94.20999908447266,94.94999694824219,1133200,0.0,0.0
2017-09-26 00:00:00-04:00,94.87999725341797,95.2699966430664,93.9800033569336,94.08000183105469,1617700,0.0,0.0
2017-09-27 00:00:00-04:00,94.22000122070312,95.55000305175781,94.0999984741211,95.20999908447266,1892100,0.0,0.0
2017-09-28 00:00:00-04:00,95.0,95.18000030517578,94.41999816894531,94.95999908447266,755100,0.0,0.0
2017-09-29 00:00:00-04:00,95.0,95.23999786376953,94.43000030517578,95.06999969482422,1027200,0.0,0.0
2017-10-02 00:00:00-04:00,95.16999816894531,95.48999786376953,94.27999877929688,95.0,1226600,0.0,0.0
2017-10-03 00:00:00-04:00,95.0,95.30000305175781,94.5,95.0999984741211,967200,0.0,0.0
2017-10-04 00:00:00-04:00,94.94999694824219,95.37999725341797,94.76000213623047,95.25,854900,0.0,0.0
2017-10-05 00:00:00-04:00,95.4800033569336,95.79000091552734,94.94999694824219,95.5999984741211,1257200,0.0,0.0
2017-10-06 00:00:00-04:00,95.70999908447266,95.8499984741211,95.41000366210938,95.69999694824219,1546700,0.0,0.0
2017-10-09 00:00:00-04:00,95.5999984741211,95.9800033569336,95.2699966430664,95.79000091552734,727600,0.0,0.0
2017-10-10 00:00:00-04:00,95.9000015258789,96.33999633789062,95.23999786376953,96.19999694824219,1605500,0.0,0.0
2017-10-11 00:00:00-04:00,96.48999786376953,97.94000244140625,96.43000030517578,97.76000213623047,2483200,0.0,0.0
2017-10-12 00:00:00-04:00,97.62999725341797,98.72000122070312,97.61000061035156,98.44999694824219,1055900,0.0,0.0
2017-10-13 00:00:00-04:00,98.5,100.0,98.0199966430664,99.8499984741211,1584100,0.0,0.0
2017-10-16 00:00:00-04:00,100.0999984741211,100.56999969482422,99.02999877929688,99.33000183105469,1198100,0.0,0.0
2017-10-17 00:00:00-04:00,99.26000213623047,99.91999816894531,99.06999969482422,99.66999816894531,1137600,0.0,0.0
2017-10-18 00:00:00-04:00,99.86000061035156,101.87000274658203,99.66999816894531,100.93000030517578,1689400,0.0,0.0
2017-10-19 00:00:00-04:00,100.0999984741211,102.08999633789062,100.0999984741211,101.81999969482422,1472400,0.0,0.0
2017-10-20 00:00:00-04:00,102.23999786376953,103.37999725341797,101.87000274658203,103.02999877929688,1919800,0.0,0.0
2017-10-23 00:00:00-04:00,103.18000030517578,103.27999877929688,102.1500015258789,102.16000366210938,1483400,0.0,0.0
2017-10-24 00:00:00-04:00,102.5199966430664,102.75,101.55999755859375,102.33000183105469,1220200,0.0,0.0
2017-10-25 00:00:00-04:00,101.88999938964844,102.9800033569336,101.3499984741211,101.5,1443800,0.0,0.0
2017-10-26 00:00:00-04:00,101.58999633789062,106.6500015258789,100.0,105.5,3207000,0.0,0.0
2017-10-27 00:00:00-04:00,107.05999755859375,108.43000030517578,105.30999755859375,107.66000366210938,2775300,0.0,0.0
2017-10-30 00:00:00-04:00,107.45999908447266,108.62999725341797,106.69000244140625,107.16999816894531,1021300,0.0,0.0
2017-10-31 00:00:00-04:00,107.13999938964844,108.80999755859375,107.13999938964844,108.0999984741211,1389400,0.0,0.0
2017-11-01 00:00:00-04:00,108.25,109.0,107.58999633789062,108.43000030517578,813500,0.0,0.0
2017-11-02 00:00:00-04:00,108.4000015258789,108.5199966430664,107.08000183105469,107.30000305175781,963500,0.0,0.0
2017-11-03 00:00:00-04:00,107.12000274658203,108.37999725341797,106.4800033569336,108.0199966430664,1059100,0.0,0.0
2017-11-06 00:00:00-05:00,107.0,109.29000091552734,106.88999938964844,108.55999755859375,954100,0.0,0.0
2017-11-07 00:00:00-05:00,108.88999938964844,110.66999816894531,108.12999725341797,108.19000244140625,1162000,0.0,0.0
2017-11-08 00:00:00-05:00,108.5199966430664,108.81999969482422,103.81999969482422,104.72000122070312,3088700,0.0,0.0
2017-11-09 00:00:00-05:00,103.55000305175781,103.7699966430664,101.5,103.51000213623047,2696500,0.0,0.0
2017-11-10 00:00:00-05:00,103.69999694824219,104.61000061035156,103.56999969482422,104.05000305175781,1138200,0.0,0.0
2017-11-13 00:00:00-05:00,101.9800033569336,103.87000274658203,101.18000030517578,102.91000366210938,1532500,0.0,0.0
2017-11-14 00:00:00-05:00,102.58000183105469,103.66000366210938,101.62000274658203,103.4800033569336,1299700,0.0,0.0
2017-11-15 00:00:00-05:00,102.66999816894531,104.37999725341797,100.9000015258789,103.83999633789062,599900,0.0,0.0
2017-11-16 00:00:00-05:00,104.55000305175781,104.83999633789062,103.44000244140625,104.44000244140625,934800,0.0,0.0
2017-11-17 00:00:00-05:00,103.7300033569336,105.54000091552734,103.7300033569336,104.45999908447266,690200,0.0,0.0
2017-11-20 00:00:00-05:00,104.44000244140625,104.98999786376953,103.87000274658203,103.9000015258789,1126700,0.0,0.0
2017-11-21 00:00:00-05:00,103.87999725341797,105.0,103.37000274658203,104.36000061035156,1210500,0.0,0.0
2017-11-22 00:00:00-05:00,104.20999908447266,106.0,103.91999816894531,103.94999694824219,922500,0.0,0.0
2017-11-24 00:00:00-05:00,103.94999694824219,105.55999755859375,103.94999694824219,104.2699966430664,483600,0.0,0.0
2017-11-27 00:00:00-05:00,104.2699966430664,104.72000122070312,102.27999877929688,102.55000305175781,1146300,0.0,0.0
2017-11-28 00:00:00-05:00,102.0,102.80000305175781,101.58999633789062,101.7300033569336,6276500,0.0,0.0
2017-11-29 00:00:00-05:00,101.7300033569336,102.44999694824219,100.72000122070312,101.30999755859375,1711500,0.0,0.0
2017-11-30 00:00:00-05:00,101.9000015258789,103.16999816894531,101.83000183105469,102.01000213623047,2777500,0.0,0.0
2017-12-01 00:00:00-05:00,102.43000030517578,102.7699966430664,100.5,102.2699966430664,1668200,0.0,0.0
2017-12-04 00:00:00-05:00,102.63999938964844,103.26000213623047,101.19999694824219,101.2699966430664,1363800,0.0,0.0
2017-12-05 00:00:00-05:00,101.1500015258789,102.55000305175781,100.87000274658203,101.0,1012100,0.0,0.0
2017-12-06 00:00:00-05:00,100.93000030517578,101.95999908447266,100.41000366210938,101.01000213623047,919900,0.0,0.0
2017-12-07 00:00:00-05:00,101.0999984741211,101.5,100.83000183105469,100.91999816894531,1060600,0.0,0.0
2017-12-08 00:00:00-05:00,101.05999755859375,101.86000061035156,100.6500015258789,101.3499984741211,709100,0.0,0.0
2017-12-11 00:00:00-05:00,101.93000030517578,102.22000122070312,100.94000244140625,101.68000030517578,1020700,0.0,0.0
2017-12-12 00:00:00-05:00,101.68000030517578,101.83000183105469,100.86000061035156,101.6500015258789,795000,0.0,0.0
2017-12-13 00:00:00-05:00,101.83000183105469,103.27999877929688,101.30000305175781,102.22000122070312,1265400,0.0,0.0
2017-12-14 00:00:00-05:00,102.51000213623047,103.13999938964844,101.45999908447266,101.47000122070312,966900,0.0,0.0
2017-12-15 00:00:00-05:00,101.80000305175781,102.22000122070312,101.2699966430664,102.05999755859375,2710200,0.0,0.0
2017-12-18 00:00:00-05:00,102.54000091552734,103.0999984741211,101.76000213623047,102.4800033569336,1073700,0.0,0.0
2017-12-19 00:00:00-05:00,102.54000091552734,102.86000061035156,101.11000061035156,101.26000213623047,1269400,0.0,0.0
2017-12-20 00:00:00-05:00,101.2300033569336,101.5999984741211,100.27999877929688,100.31999969482422,1481500,0.0,0.0
2017-12-21 00:00:00-05:00,100.7300033569336,100.80000305175781,99.87999725341797,100.13999938964844,1288700,0.0,0.0
2017-12-22 00:00:00-05:00,99.77999877929688,100.0199966430664,98.51000213623047,99.37999725341797,960500,0.0,0.0
2017-12-26 00:00:00-05:00,99.55999755859375,99.7300033569336,98.30000305175781,98.3499984741211,722400,0.0,0.0
2017-12-27 00:00:00-05:00,98.29000091552734,99.3499984741211,98.01000213623047,98.54000091552734,1305100,0.0,0.0
2017-12-28 00:00:00-05:00,98.87999725341797,98.87999725341797,97.44999694824219,98.30999755859375,1245000,0.0,0.0
2017-12-29 00:00:00-05:00,98.68000030517578,98.86000061035156,97.87000274658203,97.9000015258789,839800,0.0,0.0
2018-01-02 00:00:00-05:00,98.5199966430664,100.47000122070312,97.56999969482422,99.76000213623047,1348900,0.0,0.0
2018-01-03 00:00:00-05:00,99.76000213623047,100.16000366210938,99.08000183105469,99.5199966430664,738300,0.0,0.0
2018-01-04 00:00:00-05:00,99.44999694824219,100.12000274658203,97.1500015258789,97.27999877929688,1795600,0.0,0.0
2018-01-05 00:00:00-05:00,97.44000244140625,98.83000183105469,97.33999633789062,98.55999755859375,1381600,0.0,0.0
2018-01-08 00:00:00-05:00,98.4800033569336,98.79000091552734,98.12999725341797,98.5999984741211,830400,0.0,0.0
2018-01-09 00:00:00-05:00,98.95999908447266,99.0,98.05000305175781,98.54000091552734,1159800,0.0,0.0
2018-01-10 00:00:00-05:00,98.37000274658203,99.0,97.19999694824219,98.87000274658203,775700,0.0,0.0
2018-01-11 00:00:00-05:00,99.2699966430664,100.05999755859375,98.44999694824219,99.86000061035156,1588600,0.0,0.0
2018-01-12 00:00:00-05:00,99.93000030517578,100.68000030517578,99.45999908447266,100.04000091552734,742000,0.0,0.0
2018-01-16 00:00:00-05:00,100.43000030517578,101.01000213623047,99.8499984741211,99.93000030517578,957500,0.0,0.0
2018-01-17 00:00:00-05:00,100.5,100.58000183105469,99.56999969482422,100.22000122070312,975100,0.0,0.0
2018-01-18 00:00:00-05:00,100.37000274658203,100.73999786376953,99.73999786376953,99.91999816894531,795200,0.0,0.0
2018-01-19 00:00:00-05:00,100.33999633789062,103.05000305175781,100.33999633789062,103.0,1351900,0.0,0.0
2018-01-22 00:00:00-05:00,102.76000213623047,104.02999877929688,102.4800033569336,102.83999633789062,1683000,0.0,0.0
2018-01-23 00:00:00-05:00,102.95999908447266,104.06999969482422,102.5999984741211,103.20999908447266,952900,0.0,0.0
2018-01-24 00:00:00-05:00,103.20999908447266,103.83999633789062,103.11000061035156,103.5,865800,0.0,0.0
2018-01-25 00:00:00-05:00,103.5,105.0999984741211,103.5,104.58000183105469,815000,0.0,0.0
2018-01-26 00:00:00-05:00,105.0,106.12999725341797,104.68000030517578,106.01000213623047,1779200,0.0,0.0
2018-01-29 00:00:00-05:00,105.04000091552734,106.33000183105469,104.33999633789062,105.58000183105469,871400,0.0,0.0
2018-01-30 00:00:00-05:00,105.30000305175781,106.22000122070312,103.63999938964844,104.37000274658203,779900,0.0,0.0
2018-01-31 00:00:00-05:00,104.58999633789062,104.97000122070312,101.86000061035156,102.19000244140625,1517800,0.0,0.0
2018-02-01 00:00:00-05:00,102.12000274658203,104.18000030517578,101.37999725341797,104.12000274658203,1111900,0.0,0.0
2018-02-02 00:00:00-05:00,103.33000183105469,103.33000183105469,100.5,100.54000091552734,827700,0.0,0.0
2018-02-05 00:00:00-05:00,100.31999969482422,100.98999786376953,95.95999908447266,96.75,1319900,0.0,0.0
2018-02-06 00:00:00-05:00,95.20999908447266,98.47000122070312,93.0999984741211,98.05999755859375,1760600,0.0,0.0
2018-02-07 00:00:00-05:00,98.19000244140625,100.25,98.16000366210938,98.20999908447266,904900,0.0,0.0
2018-02-08 00:00:00-05:00,98.29000091552734,98.91000366210938,95.22000122070312,95.2300033569336,945300,0.0,0.0
2018-02-09 00:00:00-05:00,96.26000213623047,96.87999725341797,94.12000274658203,96.05000305175781,1194800,0.0,0.0
2018-02-12 00:00:00-05:00,96.9000015258789,99.44000244140625,95.94999694824219,98.62999725341797,1258300,0.0,0.0
2018-02-13 00:00:00-05:00,98.0999984741211,101.2300033569336,97.7699966430664,100.05999755859375,1440600,0.0,0.0
2018-02-14 00:00:00-05:00,100.9800033569336,108.37999725341797,100.0,104.68000030517578,2273000,0.0,0.0
2018-02-15 00:00:00-05:00,105.51000213623047,106.2699966430664,99.77999877929688,101.56999969482422,1869300,0.0,0.0
2018-02-16 00:00:00-05:00,101.38999938964844,102.5,101.16000366210938,101.72000122070312,1266900,0.0,0.0
2018-02-20 00:00:00-05:00,101.58000183105469,102.06999969482422,99.77999877929688,100.26000213623047,1301500,0.0,0.0
2018-02-21 00:00:00-05:00,100.63999938964844,101.48999786376953,99.7300033569336,99.76000213623047,1367100,0.0,0.0
2018-02-22 00:00:00-05:00,100.0199966430664,100.75,97.81999969482422,98.37999725341797,1351800,0.0,0.0
2018-02-23 00:00:00-05:00,98.87000274658203,99.93000030517578,98.20999908447266,99.77999877929688,1403800,0.0,0.0
2018-02-26 00:00:00-05:00,100.0,100.75,98.51000213623047,99.97000122070312,1658900,0.0,0.0
2018-02-27 00:00:00-05:00,99.97000122070312,100.9000015258789,98.70999908447266,99.56999969482422,1146300,0.0,0.0
2018-02-28 00:00:00-05:00,99.86000061035156,100.22000122070312,98.29000091552734,98.33000183105469,1821100,0.0,0.0
2018-03-01 00:00:00-05:00,98.43000030517578,98.87000274658203,96.7300033569336,97.19999694824219,1237500,0.0,0.0
2018-03-02 00:00:00-05:00,96.94000244140625,99.5199966430664,96.23999786376953,98.16999816894531,989900,0.0,0.0
2018-03-05 00:00:00-05:00,98.02999877929688,100.1500015258789,96.94000244140625,99.69000244140625,833100,0.0,0.0
2018-03-06 00:00:00-05:00,99.91999816894531,100.76000213623047,99.62999725341797,100.66000366210938,620600,0.0,0.0
2018-03-07 00:00:00-05:00,100.73999786376953,102.33000183105469,100.33000183105469,101.93000030517578,773900,0.0,0.0
2018-03-08 00:00:00-05:00,102.2699966430664,103.75,101.7699966430664,103.25,1063900,0.0,0.0
2018-03-09 00:00:00-05:00,103.77999877929688,105.66000366210938,102.9800033569336,105.5999984741211,955200,0.0,0.0
2018-03-12 00:00:00-04:00,105.95999908447266,106.80999755859375,105.44999694824219,105.93000030517578,1014900,0.0,0.0
2018-03-13 00:00:00-04:00,106.12000274658203,106.73999786376953,105.0999984741211,105.68000030517578,767200,0.0,0.0
2018-03-14 00:00:00-04:00,106.08000183105469,106.31999969482422,104.37000274658203,104.83999633789062,1111400,0.0,0.0
2018-03-15 00:00:00-04:00,105.31999969482422,106.5,105.01000213623047,105.33999633789062,716600,0.0,0.0
2018-03-16 00:00:00-04:00,105.2699966430664,106.0,104.93000030517578,105.69000244140625,928100,0.0,0.0
2018-03-19 00:00:00-04:00,105.45999908447266,105.5,103.94999694824219,104.76000213623047,579000,0.0,0.0
2018-03-20 00:00:00-04:00,104.56999969482422,105.08999633789062,104.08000183105469,104.80999755859375,566300,0.0,0.0
2018-03-21 00:00:00-04:00,105.0,105.68000030517578,104.08999633789062,104.11000061035156,704800,0.0,0.0
2018-03-22 00:00:00-04:00,103.2699966430664,104.18000030517578,101.58999633789062,101.87999725341797,680300,0.0,0.0
2018-03-23 00:00:00-04:00,102.05999755859375,102.05999755859375,99.55999755859375,99.72000122070312,919900,0.0,0.0
2018-03-26 00:00:00-04:00,101.05000305175781,101.80000305175781,99.04000091552734,101.66000366210938,797000,0.0,0.0
2018-03-27 00:00:00-04:00,102.19000244140625,102.19000244140625,99.45999908447266,100.05999755859375,1037100,0.0,0.0
2018-03-28 00:00:00-04:00,100.08999633789062,100.08999633789062,97.58999633789062,98.62000274658203,1203400,0.0,0.0
2018-03-29 00:00:00-04:00,99.0199966430664,99.04000091552734,96.45999908447266,98.11000061035156,2042900,0.0,0.0
2018-04-02 00:00:00-04:00,98.18000030517578,99.56999969482422,94.76000213623047,95.69999694824219,1063700,0.0,0.0
2018-04-03 00:00:00-04:00,95.83999633789062,96.48999786376953,94.66999816894531,95.72000122070312,1525000,0.0,0.0
2018-04-04 00:00:00-04:00,95.58000183105469,97.02999877929688,94.6500015258789,96.83000183105469,630300,0.0,0.0
2018-04-05 00:00:00-04:00,97.5999984741211,97.5999984741211,96.16999816894531,97.0,845200,0.0,0.0
2018-04-06 00:00:00-04:00,96.54000091552734,96.95999908447266,94.26000213623047,94.8499984741211,964800,0.0,0.0
2018-04-09 00:00:00-04:00,94.8499984741211,96.69999694824219,94.55000305175781,95.4800033569336,542400,0.0,0.0
2018-04-10 00:00:00-04:00,96.30999755859375,97.51000213623047,95.44000244140625,96.61000061035156,665800,0.0,0.0
2018-04-11 00:00:00-04:00,95.91000366210938,96.69999694824219,95.75,95.9800033569336,865400,0.0,0.0
2018-04-12 00:00:00-04:00,96.23999786376953,97.0,96.08999633789062,96.12000274658203,561100,0.0,0.0
2018-04-13 00:00:00-04:00,98.5,98.5,96.8499984741211,97.70999908447266,894600,0.0,0.0
2018-04-16 00:00:00-04:00,98.33999633789062,98.33999633789062,97.41999816894531,98.04000091552734,710100,0.0,0.0
2018-04-17 00:00:00-04:00,98.56999969482422,99.05999755859375,97.80000305175781,98.80000305175781,663000,0.0,0.0
2018-04-18 00:00:00-04:00,98.87999725341797,100.30000305175781,98.80999755859375,99.25,844600,0.0,0.0
2018-04-19 00:00:00-04:00,99.20999908447266,100.0999984741211,97.52999877929688,98.06999969482422,569700,0.0,0.0
2018-04-20 00:00:00-04:00,98.37999725341797,98.44999694824219,97.0199966430664,97.2699966430664,603900,0.0,0.0
2018-04-23 00:00:00-04:00,97.44000244140625,99.08000183105469,97.12000274658203,98.01000213623047,1104900,0.0,0.0
2018-04-24 00:00:00-04:00,97.83999633789062,98.3499984741211,95.91000366210938,96.73999786376953,864900,0.0,0.0
2018-04-25 00:00:00-04:00,96.55999755859375,96.98999786376953,95.0999984741211,96.48999786376953,557900,0.0,0.0
2018-04-26 00:00:00-04:00,96.91999816894531,97.1500015258789,96.1500015258789,96.5,1037100,0.0,0.0
2018-04-27 00:00:00-04:00,96.4000015258789,97.0,95.86000061035156,96.44999694824219,936900,0.0,0.0
2018-04-30 00:00:00-04:00,96.80000305175781,97.29000091552734,95.75,95.76000213623047,1097700,0.0,0.0
2018-05-01 00:00:00-04:00,95.63999938964844,98.80999755859375,95.52999877929688,97.98999786376953,1392800,0.0,0.0
2018-05-02 00:00:00-04:00,97.61000061035156,99.23999786376953,95.55999755859375,96.91000366210938,1581200,0.0,0.0
2018-05-03 00:00:00-04:00,96.8499984741211,97.72000122070312,95.75,97.30000305175781,950200,0.0,0.0
2018-05-04 00:00:00-04:00,96.43000030517578,99.38999938964844,96.36000061035156,99.0199966430664,951700,0.0,0.0
2018-05-07 00:00:00-04:00,99.22000122070312,99.68000030517578,97.94000244140625,98.16999816894531,1037100,0.0,0.0
2018-05-08 00:00:00-04:00,97.6500015258789,99.04000091552734,97.6500015258789,98.25,708900,0.0,0.0
2018-05-09 00:00:00-04:00,98.52999877929688,99.41999816894531,97.66000366210938,99.38999938964844,579300,0.0,0.0
2018-05-10 00:00:00-04:00,99.5999984741211,100.95999908447266,98.91999816894531,100.93000030517578,793700,0.0,0.0
2018-05-11 00:00:00-04:00,100.55000305175781,103.25,100.55000305175781,103.0199966430664,904800,0.0,0.0
2018-05-14 00:00:00-04:00,103.11000061035156,103.87999725341797,102.43000030517578,102.88999938964844,784000,0.0,0.0
2018-05-15 00:00:00-04:00,102.45999908447266,103.97000122070312,101.62999725341797,102.0999984741211,1220900,0.0,0.0
2018-05-16 00:00:00-04:00,101.3499984741211,101.77999877929688,91.56999969482422,99.12999725341797,10720400,0.0,0.0
2018-05-17 00:00:00-04:00,99.3499984741211,99.3499984741211,97.4000015258789,97.83000183105469,2271300,0.0,0.0
2018-05-18 00:00:00-04:00,99.83999633789062,102.06999969482422,99.69000244140625,101.62999725341797,4200300,0.0,0.0
2018-05-21 00:00:00-04:00,101.70999908447266,103.37000274658203,101.41999816894531,102.20999908447266,1434900,0.0,0.0
2018-05-22 00:00:00-04:00,102.1500015258789,103.05000305175781,101.63999938964844,102.62999725341797,1387100,0.0,0.0
2018-05-23 00:00:00-04:00,101.80999755859375,103.1500015258789,101.54000091552734,102.44000244140625,1882600,0.0,0.0
2018-05-24 00:00:00-04:00,102.66000366210938,103.29000091552734,101.6500015258789,101.76000213623047,1223500,0.0,0.0
2018-05-25 00:00:00-04:00,101.76000213623047,101.98999786376953,100.08999633789062,100.5,1128700,0.0,0.0
2018-05-29 00:00:00-04:00,100.18000030517578,100.43000030517578,98.25,99.18000030517578,1240600,0.0,0.0
2018-05-30 00:00:00-04:00,99.87999725341797,100.87000274658203,99.73999786376953,100.4800033569336,968900,0.0,0.0
2018-05-31 00:00:00-04:00,100.58000183105469,100.58000183105469,98.56999969482422,98.93000030517578,1818800,0.0,0.0
2018-06-01 00:00:00-04:00,99.45999908447266,100.58000183105469,98.5999984741211,100.48999786376953,669600,0.0,0.0
2018-06-04 00:00:00-04:00,100.41000366210938,101.27999877929688,99.83999633789062,101.23999786376953,750300,0.0,0.0
2018-06-05 00:00:00-04:00,101.36000061035156,101.91999816894531,100.44000244140625,101.87999725341797,756800,0.0,0.0
2018-06-06 00:00:00-04:00,101.80000305175781,103.86000061035156,101.48999786376953,103.69000244140625,722400,0.0,0.0
2018-06-07 00:00:00-04:00,103.80000305175781,103.94999694824219,102.4800033569336,103.16999816894531,569800,0.0,0.0
2018-06-08 00:00:00-04:00,103.27999877929688,104.91000366210938,103.27999877929688,104.5999984741211,1090900,0.0,0.0
2018-06-11 00:00:00-04:00,104.52999877929688,104.66999816894531,103.83000183105469,104.16999816894531,636400,0.0,0.0
2018-06-12 00:00:00-04:00,104.16000366210938,105.2300033569336,104.16000366210938,104.94999694824219,705600,0.0,0.0
2018-06-13 00:00:00-04:00,103.0,103.62000274658203,102.29000091552734,103.36000061035156,4309700,0.0,0.0
2018-06-14 00:00:00-04:00,103.7699966430664,103.9000015258789,102.7300033569336,103.16000366210938,1751300,0.0,0.0
2018-06-15 00:00:00-04:00,102.62999725341797,103.4000015258789,101.80999755859375,103.27999877929688,2575700,0.0,0.0
2018-06-18 00:00:00-04:00,104.0,105.44999694824219,103.48999786376953,104.87999725341797,3648100,0.0,0.0
2018-06-19 00:00:00-04:00,104.5,106.0,104.30999755859375,105.94999694824219,2742700,0.0,0.0
2018-06-20 00:00:00-04:00,105.83000183105469,106.98999786376953,105.54000091552734,105.61000061035156,1278100,0.0,0.0
2018-06-21 00:00:00-04:00,105.94999694824219,105.94999694824219,104.5999984741211,104.7300033569336,984100,0.0,0.0
2018-06-22 00:00:00-04:00,105.22000122070312,105.22000122070312,103.23999786376953,103.83999633789062,4965900,0.0,0.0
2018-06-25 00:00:00-04:00,103.69999694824219,103.69999694824219,100.72000122070312,100.80999755859375,1757900,0.0,0.0
2018-06-26 00:00:00-04:00,100.95999908447266,101.23999786376953,99.97000122070312,100.69999694824219,1264900,0.0,0.0
2018-06-27 00:00:00-04:00,100.88999938964844,101.20999908447266,98.56999969482422,98.69999694824219,1139900,0.0,0.0
2018-06-28 00:00:00-04:00,98.33999633789062,99.30999755859375,97.6500015258789,99.19000244140625,1734500,0.0,0.0
2018-06-29 00:00:00-04:00,99.76000213623047,100.58999633789062,99.43000030517578,99.81999969482422,1833500,0.0,0.0
2018-07-02 00:00:00-04:00,99.41999816894531,99.44999694824219,98.16999816894531,99.30000305175781,1634600,0.0,0.0
2018-07-03 00:00:00-04:00,101.0,101.4000015258789,100.0,100.61000061035156,926100,0.0,0.0
2018-07-05 00:00:00-04:00,101.44000244140625,101.44000244140625,99.6500015258789,100.4000015258789,963100,0.0,0.0
2018-07-06 00:00:00-04:00,100.62999725341797,101.87999725341797,100.44999694824219,101.70999908447266,985600,0.0,0.0
2018-07-09 00:00:00-04:00,102.11000061035156,102.95999908447266,101.94000244140625,102.75,1053900,0.0,0.0
2018-07-10 00:00:00-04:00,103.2300033569336,103.98999786376953,103.06999969482422,103.91999816894531,887900,0.0,0.0
2018-07-11 00:00:00-04:00,103.3499984741211,104.55000305175781,103.25,104.20999908447266,1242900,0.0,0.0
2018-07-12 00:00:00-04:00,105.04000091552734,106.97000122070312,104.75,106.9000015258789,1188600,0.0,0.0
2018-07-13 00:00:00-04:00,106.73999786376953,107.70999908447266,106.04000091552734,107.2699966430664,1258800,0.0,0.0
2018-07-16 00:00:00-04:00,107.7300033569336,108.05000305175781,107.06999969482422,107.69000244140625,1482500,0.0,0.0
2018-07-17 00:00:00-04:00,107.5199966430664,109.23999786376953,107.37999725341797,109.0,1029500,0.0,0.0
2018-07-18 00:00:00-04:00,108.83000183105469,109.68000030517578,108.38999938964844,109.68000030517578,1384100,0.0,0.0
2018-07-19 00:00:00-04:00,109.48999786376953,110.79000091552734,109.18000030517578,110.25,1282000,0.0,0.0
2018-07-20 00:00:00-04:00,110.08000183105469,111.16999816894531,110.02999877929688,111.11000061035156,1363800,0.0,0.0
2018-07-23 00:00:00-04:00,111.36000061035156,112.1500015258789,111.12000274658203,111.37000274658203,1925600,0.0,0.0
2018-07-24 00:00:00-04:00,113.16999816894531,120.91000366210938,113.16999816894531,118.37999725341797,3575700,0.0,0.0
2018-07-25 00:00:00-04:00,119.55000305175781,125.3499984741211,118.97000122070312,125.23999786376953,3035000,0.0,0.0
2018-07-26 00:00:00-04:00,124.5999984741211,124.5999984741211,120.91999816894531,122.02999877929688,2457700,0.0,0.0
2018-07-27 00:00:00-04:00,121.87999725341797,121.88999938964844,119.63999938964844,120.44999694824219,807800,0.0,0.0
2018-07-30 00:00:00-04:00,120.7300033569336,121.81999969482422,120.12000274658203,120.91999816894531,1109100,0.0,0.0
2018-07-31 00:00:00-04:00,121.4800033569336,123.16999816894531,121.25,121.94000244140625,1221100,0.0,0.0
2018-08-01 00:00:00-04:00,122.19999694824219,122.95999908447266,121.80000305175781,122.05999755859375,861200,0.0,0.0
2018-08-02 00:00:00-04:00,121.93000030517578,124.68000030517578,121.93000030517578,124.36000061035156,1321000,0.0,0.0
2018-08-03 00:00:00-04:00,124.43000030517578,124.43000030517578,122.51000213623047,123.13999938964844,742500,0.0,0.0
2018-08-06 00:00:00-04:00,123.06999969482422,123.31999969482422,121.73999786376953,122.16000366210938,1299900,0.0,0.0
2018-08-07 00:00:00-04:00,122.5999984741211,123.25,121.95999908447266,122.86000061035156,650200,0.0,0.0
2018-08-08 00:00:00-04:00,122.81999969482422,123.5199966430664,121.91000366210938,121.9800033569336,437400,0.0,0.0
2018-08-09 00:00:00-04:00,122.19999694824219,122.95999908447266,121.55999755859375,121.69999694824219,588900,0.0,0.0
2018-08-10 00:00:00-04:00,120.79000091552734,122.02999877929688,120.41999816894531,121.1500015258789,482400,0.0,0.0
2018-08-13 00:00:00-04:00,121.62000274658203,122.44999694824219,120.48999786376953,120.80000305175781,589900,0.0,0.0
2018-08-14 00:00:00-04:00,120.93000030517578,121.93000030517578,120.0999984741211,121.19999694824219,837900,0.0,0.0
2018-08-15 00:00:00-04:00,120.88999938964844,120.9000015258789,119.58999633789062,120.19999694824219,1110900,0.0,0.0
2018-08-16 00:00:00-04:00,120.47000122070312,121.98999786376953,119.87000274658203,121.02999877929688,487100,0.0,0.0
2018-08-17 00:00:00-04:00,121.0,121.5,119.73999786376953,120.27999877929688,833900,0.0,0.0
2018-08-20 00:00:00-04:00,120.9000015258789,121.30000305175781,119.52999877929688,120.30000305175781,1405400,0.0,0.0
2018-08-21 00:00:00-04:00,120.76000213623047,124.0,120.76000213623047,122.5199966430664,1900000,0.0,0.0
2018-08-22 00:00:00-04:00,122.27999877929688,124.0999984741211,121.69000244140625,123.86000061035156,1122100,0.0,0.0
2018-08-23 00:00:00-04:00,124.12999725341797,125.44999694824219,123.80999755859375,124.38999938964844,884900,0.0,0.0
2018-08-24 00:00:00-04:00,124.5,126.33000183105469,124.4800033569336,125.41999816894531,1011300,0.0,0.0
2018-08-27 00:00:00-04:00,126.44000244140625,126.94000244140625,125.19999694824219,126.41999816894531,852700,0.0,0.0
2018-08-28 00:00:00-04:00,126.25,126.94999694824219,126.08000183105469,126.55999755859375,466100,0.0,0.0
2018-08-29 00:00:00-04:00,126.55999755859375,126.8499984741211,126.12999725341797,126.19000244140625,676100,0.0,0.0
2018-08-30 00:00:00-04:00,126.33999633789062,126.44999694824219,125.30999755859375,125.91000366210938,459000,0.0,0.0
2018-08-31 00:00:00-04:00,125.88999938964844,127.27999877929688,125.88999938964844,127.08999633789062,736700,0.0,0.0
2018-09-04 00:00:00-04:00,126.9000015258789,128.10000610351562,125.95999908447266,128.0399932861328,810700,0.0,0.0
2018-09-05 00:00:00-04:00,128.02999877929688,128.39999389648438,125.5,125.94999694824219,1301700,0.0,0.0
2018-09-06 00:00:00-04:00,126.05999755859375,127.05000305175781,125.31999969482422,126.87999725341797,1066200,0.0,0.0
2018-09-07 00:00:00-04:00,126.31999969482422,127.72000122070312,126.23999786376953,127.0199966430664,1014500,0.0,0.0
2018-09-10 00:00:00-04:00,127.72000122070312,128.2100067138672,126.75,127.91999816894531,529200,0.0,0.0
2018-09-11 00:00:00-04:00,127.5999984741211,127.5999984741211,123.36000061035156,124.98999786376953,2235900,0.0,0.0
2018-09-12 00:00:00-04:00,124.6500015258789,125.33999633789062,122.27999877929688,125.1500015258789,1268300,0.0,0.0
2018-09-13 00:00:00-04:00,125.83000183105469,127.31999969482422,124.48999786376953,126.51000213623047,1167700,0.0,0.0
2018-09-14 00:00:00-04:00,126.30999755859375,127.9800033569336,125.73999786376953,126.58999633789062,560200,0.0,0.0
2018-09-17 00:00:00-04:00,126.4000015258789,126.4000015258789,124.91999816894531,125.06999969482422,1272700,0.0,0.0
2018-09-18 00:00:00-04:00,125.22000122070312,127.66000366210938,124.63999938964844,125.55000305175781,1513400,0.0,0.0
2018-09-19 00:00:00-04:00,125.66000366210938,126.0,124.94000244140625,125.2300033569336,747600,0.0,0.0
2018-09-20 00:00:00-04:00,125.76000213623047,127.3499984741211,125.31999969482422,127.16999816894531,1254300,0.0,0.0
2018-09-21 00:00:00-04:00,127.70999908447266,128.3699951171875,126.37999725341797,127.58000183105469,2623400,0.0,0.0
2018-09-24 00:00:00-04:00,127.23999786376953,128.72999572753906,126.9000015258789,128.55999755859375,807100,0.0,0.0
2018-09-25 00:00:00-04:00,129.0,130.42999267578125,128.58999633789062,129.82000732421875,1150600,0.0,0.0
2018-09-26 00:00:00-04:00,130.47000122070312,131.4199981689453,129.83999633789062,129.92999267578125,1387100,0.0,0.0
2018-09-27 00:00:00-04:00,130.0,130.8699951171875,129.50999450683594,130.77000427246094,826700,0.0,0.0
2018-09-28 00:00:00-04:00,130.57000732421875,131.7100067138672,129.47999572753906,129.74000549316406,1106600,0.0,0.0
2018-10-01 00:00:00-04:00,130.27999877929688,130.52000427246094,128.80999755859375,130.07000732421875,1538700,0.0,0.0
2018-10-02 00:00:00-04:00,130.24000549316406,130.86000061035156,129.0800018310547,130.1999969482422,967900,0.0,0.0
2018-10-03 00:00:00-04:00,130.77000427246094,132.24000549316406,129.6699981689453,130.35000610351562,993700,0.0,0.0
2018-10-04 00:00:00-04:00,129.72999572753906,130.1999969482422,126.7300033569336,127.0,939400,0.0,0.0
2018-10-05 00:00:00-04:00,126.88999938964844,129.0399932861328,126.56999969482422,127.79000091552734,1072400,0.0,0.0
2018-10-08 00:00:00-04:00,127.87999725341797,127.87999725341797,125.43000030517578,126.44000244140625,821900,0.0,0.0
2018-10-09 00:00:00-04:00,126.33999633789062,128.44000244140625,125.8499984741211,127.37999725341797,945000,0.0,0.0
2018-10-10 00:00:00-04:00,127.30999755859375,127.76000213623047,122.5999984741211,122.80999755859375,879100,0.0,0.0
2018-10-11 00:00:00-04:00,122.56999969482422,124.91999816894531,121.0,122.58000183105469,1625300,0.0,0.0
2018-10-12 00:00:00-04:00,124.33999633789062,126.19000244140625,123.5,124.79000091552734,817800,0.0,0.0
2018-10-15 00:00:00-04:00,124.4800033569336,125.37999725341797,123.69999694824219,124.26000213623047,675900,0.0,0.0
2018-10-16 00:00:00-04:00,125.16999816894531,129.74000549316406,125.16999816894531,129.61000061035156,930400,0.0,0.0
2018-10-17 00:00:00-04:00,129.19000244140625,129.8000030517578,128.1199951171875,129.3800048828125,699900,0.0,0.0
2018-10-18 00:00:00-04:00,129.47999572753906,129.85000610351562,126.76000213623047,128.4199981689453,807500,0.0,0.0
2018-10-19 00:00:00-04:00,128.75,130.22000122070312,126.5,126.88999938964844,1574000,0.0,0.0
2018-10-22 00:00:00-04:00,130.25999450683594,135.47999572753906,124.43000030517578,126.44999694824219,2807000,0.0,0.0
2018-10-23 00:00:00-04:00,124.47000122070312,124.47000122070312,115.33000183105469,122.4800033569336,2968100,0.0,0.0
2018-10-24 00:00:00-04:00,122.25,123.70999908447266,115.0,115.23999786376953,1954600,0.0,0.0
2018-10-25 00:00:00-04:00,116.45999908447266,121.16000366210938,115.8499984741211,119.91999816894531,1809400,0.0,0.0
2018-10-26 00:00:00-04:00,118.5,121.05000305175781,117.58999633789062,120.19000244140625,2385800,0.0,0.0
2018-10-29 00:00:00-04:00,119.68000030517578,123.55999755859375,118.61000061035156,120.80999755859375,1969400,0.0,0.0
2018-10-30 00:00:00-04:00,121.26000213623047,122.36000061035156,118.54000091552734,119.83000183105469,1433800,0.0,0.0
2018-10-31 00:00:00-04:00,120.88999938964844,124.86000061035156,120.88999938964844,122.93000030517578,1391600,0.0,0.0
2018-11-01 00:00:00-04:00,123.33000183105469,123.77999877929688,121.44999694824219,122.23999786376953,1050600,0.0,0.0
2018-11-02 00:00:00-04:00,122.9000015258789,123.55000305175781,120.41999816894531,121.70999908447266,1135800,0.0,0.0
2018-11-05 00:00:00-05:00,122.30999755859375,122.30999755859375,120.80000305175781,121.66999816894531,1847700,0.0,0.0
2018-11-06 00:00:00-05:00,121.77999877929688,122.87999725341797,121.30999755859375,122.37000274658203,858900,0.0,0.0
2018-11-07 00:00:00-05:00,123.7699966430664,126.7699966430664,123.44999694824219,126.62000274658203,943700,0.0,0.0
2018-11-08 00:00:00-05:00,125.91000366210938,126.83000183105469,125.29000091552734,125.69000244140625,780100,0.0,0.0
2018-11-09 00:00:00-05:00,125.20999908447266,126.02999877929688,122.7699966430664,124.16999816894531,656500,0.0,0.0
2018-11-12 00:00:00-05:00,123.66999816894531,123.91000366210938,120.2699966430664,121.12000274658203,712500,0.0,0.0
2018-11-13 00:00:00-05:00,121.48999786376953,122.80999755859375,119.54000091552734,119.66000366210938,1230000,0.0,0.0
2018-11-14 00:00:00-05:00,120.37000274658203,122.56999969482422,117.22000122070312,117.41000366210938,1433500,0.0,0.0
2018-11-15 00:00:00-05:00,117.19999694824219,119.4000015258789,115.38999938964844,119.12999725341797,1325100,0.0,0.0
2018-11-16 00:00:00-05:00,118.58000183105469,120.45999908447266,117.69000244140625,119.38999938964844,1730700,0.0,0.0
2018-11-19 00:00:00-05:00,119.55999755859375,120.2699966430664,114.86000061035156,115.44000244140625,1407100,0.0,0.0
2018-11-20 00:00:00-05:00,114.33000183105469,117.05999755859375,113.12000274658203,115.8499984741211,1266200,0.0,0.0
2018-11-21 00:00:00-05:00,116.61000061035156,118.12999725341797,116.05000305175781,116.20999908447266,1174600,0.0,0.0
2018-11-23 00:00:00-05:00,115.66999816894531,119.01000213623047,115.1500015258789,117.7300033569336,286400,0.0,0.0
2018-11-26 00:00:00-05:00,118.77999877929688,119.91999816894531,118.13999938964844,119.58000183105469,1010100,0.0,0.0
2018-11-27 00:00:00-05:00,118.87999725341797,120.30000305175781,118.48999786376953,120.06999969482422,1164900,0.0,0.0
2018-11-28 00:00:00-05:00,120.41000366210938,124.20999908447266,120.02999877929688,124.18000030517578,1511000,0.0,0.0
2018-11-29 00:00:00-05:00,123.6500015258789,126.12000274658203,123.6500015258789,124.94999694824219,1029800,0.0,0.0
2018-11-30 00:00:00-05:00,123.63999938964844,125.25,121.81999969482422,125.06999969482422,2966400,0.0,0.0
2018-12-03 00:00:00-05:00,128.63999938964844,129.00999450683594,126.8499984741211,127.37999725341797,2208800,0.0,0.0
2018-12-04 00:00:00-05:00,127.19000244140625,127.88999938964844,123.04000091552734,123.1500015258789,2852200,0.0,0.0
2018-12-06 00:00:00-05:00,121.3499984741211,121.86000061035156,118.3499984741211,121.8499984741211,1716500,0.0,0.0
2018-12-07 00:00:00-05:00,121.04000091552734,121.80999755859375,117.05000305175781,117.9800033569336,1535200,0.0,0.0
2018-12-10 00:00:00-05:00,118.5999984741211,119.33999633789062,115.7300033569336,119.12000274658203,1402800,0.0,0.0
2018-12-11 00:00:00-05:00,120.11000061035156,122.33999633789062,120.11000061035156,121.5,1875400,0.0,0.0
2018-12-12 00:00:00-05:00,122.5199966430664,125.02999877929688,122.0999984741211,122.33999633789062,1517900,0.0,0.0
2018-12-13 00:00:00-05:00,122.7300033569336,123.81999969482422,119.61000061035156,121.5,978600,0.0,0.0
2018-12-14 00:00:00-05:00,120.70999908447266,120.70999908447266,117.5999984741211,118.0199966430664,1429300,0.0,0.0
2018-12-17 00:00:00-05:00,117.5,118.04000091552734,114.91999816894531,115.66000366210938,2106100,0.0,0.0
2018-12-18 00:00:00-05:00,116.23999786376953,116.98999786376953,114.05999755859375,115.45999908447266,1988900,0.0,0.0
2018-12-19 00:00:00-05:00,115.27999877929688,116.56999969482422,111.62000274658203,113.79000091552734,1714500,0.0,0.0
2018-12-20 00:00:00-05:00,113.08000183105469,114.0,109.5199966430664,110.19999694824219,2029100,0.0,0.0
2018-12-21 00:00:00-05:00,110.12999725341797,111.20999908447266,107.58999633789062,108.22000122070312,2710700,0.0,0.0
2018-12-24 00:00:00-05:00,107.41999816894531,107.80000305175781,104.9000015258789,105.69999694824219,876300,0.0,0.0
2018-12-26 00:00:00-05:00,105.77999877929688,111.44999694824219,105.5199966430664,111.19000244140625,1253000,0.0,0.0
2018-12-27 00:00:00-05:00,109.31999969482422,112.44000244140625,107.94999694824219,112.37999725341797,997700,0.0,0.0
2018-12-28 00:00:00-05:00,112.80000305175781,115.27999877929688,111.94999694824219,113.91000366210938,1280500,0.0,0.0
2018-12-31 00:00:00-05:00,114.61000061035156,116.19000244140625,114.3499984741211,116.16999816894531,991400,0.0,0.0
2019-01-02 00:00:00-05:00,114.41000366210938,115.76000213623047,112.37999725341797,114.30999755859375,1155700,0.0,0.0
2019-01-03 00:00:00-05:00,112.75,113.16999816894531,107.79000091552734,109.95999908447266,2178900,0.0,0.0
2019-01-04 00:00:00-05:00,111.20999908447266,115.98999786376953,110.52999877929688,115.06999969482422,1402400,0.0,0.0
2019-01-07 00:00:00-05:00,115.26000213623047,118.63999938964844,114.75,117.19999694824219,1170800,0.0,0.0
2019-01-08 00:00:00-05:00,118.29000091552734,119.69999694824219,116.95999908447266,119.62999725341797,1286800,0.0,0.0
2019-01-09 00:00:00-05:00,120.0,122.55000305175781,120.0,122.16000366210938,1609300,0.0,0.0
2019-01-10 00:00:00-05:00,121.56999969482422,123.43000030517578,120.30000305175781,123.36000061035156,1032400,0.0,0.0
2019-01-11 00:00:00-05:00,123.41999816894531,123.41999816894531,121.11000061035156,122.80999755859375,1136000,0.0,0.0
2019-01-14 00:00:00-05:00,121.72000122070312,122.1500015258789,121.16999816894531,121.48999786376953,919600,0.0,0.0
2019-01-15 00:00:00-05:00,121.56999969482422,122.97000122070312,121.20999908447266,122.87999725341797,1332500,0.0,0.0
2019-01-16 00:00:00-05:00,123.58999633789062,125.81999969482422,123.51000213623047,124.73999786376953,1491400,0.0,0.0
2019-01-17 00:00:00-05:00,124.13999938964844,124.73999786376953,122.55000305175781,124.08999633789062,1268500,0.0,0.0
2019-01-18 00:00:00-05:00,126.41000366210938,127.61000061035156,124.91000366210938,127.19000244140625,2140100,0.0,0.0
2019-01-22 00:00:00-05:00,126.1500015258789,126.7300033569336,124.44999694824219,124.86000061035156,1314300,0.0,0.0
2019-01-23 00:00:00-05:00,125.62000274658203,126.54000091552734,123.69999694824219,126.12999725341797,989700,0.0,0.0
2019-01-24 00:00:00-05:00,125.83999633789062,125.9800033569336,123.91000366210938,125.11000061035156,1363800,0.0,0.0
2019-01-25 00:00:00-05:00,125.1500015258789,126.75,125.1500015258789,125.9800033569336,1004400,0.0,0.0
2019-01-28 00:00:00-05:00,124.70999908447266,125.1500015258789,123.56999969482422,124.69000244140625,888200,0.0,0.0
2019-01-29 00:00:00-05:00,124.9000015258789,125.33999633789062,123.87000274658203,124.88999938964844,659800,0.0,0.0
2019-01-30 00:00:00-05:00,124.72000122070312,127.98999786376953,124.55000305175781,127.55999755859375,530500,0.0,0.0
2019-01-31 00:00:00-05:00,127.19000244140625,129.08999633789062,126.5,129.00999450683594,941500,0.0,0.0
2019-02-01 00:00:00-05:00,129.1300048828125,130.0,128.16000366210938,129.55999755859375,1076800,0.0,0.0
2019-02-04 00:00:00-05:00,129.3699951171875,129.9600067138672,128.47000122070312,129.02000427246094,1158100,0.0,0.0
2019-02-05 00:00:00-05:00,128.92999267578125,130.63999938964844,128.92999267578125,130.08999633789062,952500,0.0,0.0
2019-02-06 00:00:00-05:00,129.92999267578125,131.08999633789062,129.5,130.66000366210938,638200,0.0,0.0
2019-02-07 00:00:00-05:00,139.64999389648438,139.64999389648438,128.49000549316406,129.64999389648438,919500,0.0,0.0
2019-02-08 00:00:00-05:00,128.64999389648438,129.22000122070312,128.22999572753906,128.80999755859375,935400,0.0,0.0
2019-02-11 00:00:00-05:00,128.6999969482422,129.97000122070312,128.6999969482422,129.10000610351562,794900,0.0,0.0
2019-02-12 00:00:00-05:00,129.77999877929688,131.8300018310547,128.89999389648438,131.66000366210938,1647100,0.0,0.0
2019-02-13 00:00:00-05:00,132.2899932861328,132.3699951171875,130.17999267578125,131.82000732421875,1245500,0.0,0.0
2019-02-14 00:00:00-05:00,135.0,143.4199981689453,135.0,141.1300048828125,3219600,0.0,0.0
2019-02-15 00:00:00-05:00,142.80999755859375,143.36000061035156,140.1699981689453,141.85000610351562,1754500,0.0,0.0
2019-02-19 00:00:00-05:00,141.32000732421875,142.6699981689453,140.6699981689453,141.49000549316406,1080300,0.0,0.0
2019-02-20 00:00:00-05:00,141.67999267578125,141.67999267578125,139.89999389648438,141.19000244140625,1058400,0.0,0.0
2019-02-21 00:00:00-05:00,141.19000244140625,142.85000610351562,140.8300018310547,142.02000427246094,1550000,0.0,0.0
2019-02-22 00:00:00-05:00,141.6999969482422,143.0800018310547,141.14999389648438,142.4600067138672,1050600,0.0,0.0
2019-02-25 00:00:00-05:00,143.2899932861328,143.66000366210938,141.6699981689453,141.77000427246094,1362400,0.0,0.0
2019-02-26 00:00:00-05:00,141.6300048828125,142.13999938964844,140.3800048828125,140.99000549316406,1351900,0.0,0.0
2019-02-27 00:00:00-05:00,140.5,142.08999633789062,140.25,141.63999938964844,1051400,0.0,0.0
2019-02-28 00:00:00-05:00,141.3000030517578,141.38999938964844,140.0500030517578,140.10000610351562,1263300,0.0,0.0
2019-03-01 00:00:00-05:00,140.89999389648438,143.9199981689453,140.89999389648438,143.35000610351562,1375600,0.0,0.0
2019-03-04 00:00:00-05:00,143.63999938964844,144.77000427246094,139.8000030517578,141.49000549316406,973900,0.0,0.0
2019-03-05 00:00:00-05:00,141.69000244140625,143.4499969482422,141.2899932861328,141.49000549316406,1425400,0.0,0.0
2019-03-06 00:00:00-05:00,140.4199981689453,141.83999633789062,138.83999633789062,139.19000244140625,2776900,0.0,0.0
2019-03-07 00:00:00-05:00,139.16000366210938,139.16000366210938,137.13999938964844,137.85000610351562,2836400,0.0,0.0
2019-03-08 00:00:00-05:00,136.77999877929688,137.7899932861328,136.22000122070312,137.42999267578125,799500,0.0,0.0
2019-03-11 00:00:00-04:00,137.67999267578125,139.60000610351562,137.35000610351562,139.41000366210938,1423400,0.0,0.0
2019-03-12 00:00:00-04:00,140.0500030517578,140.25,138.80999755859375,139.85000610351562,1880500,0.0,0.0
2019-03-13 00:00:00-04:00,140.72000122070312,142.27999877929688,140.7100067138672,141.5500030517578,1093200,0.0,0.0
2019-03-14 00:00:00-04:00,141.58999633789062,142.47000122070312,140.8300018310547,140.97999572753906,712700,0.0,0.0
2019-03-15 00:00:00-04:00,140.66000366210938,142.42999267578125,140.66000366210938,141.52999877929688,1939000,0.0,0.0
2019-03-18 00:00:00-04:00,140.0500030517578,143.11000061035156,140.0500030517578,143.0800018310547,1435500,0.0,0.0
2019-03-19 00:00:00-04:00,143.61000061035156,145.16000366210938,143.30999755859375,144.4499969482422,1128200,0.0,0.0
2019-03-20 00:00:00-04:00,144.66000366210938,144.6699981689453,142.80999755859375,143.25,1432900,0.0,0.0
2019-03-21 00:00:00-04:00,141.42999267578125,144.5500030517578,140.32000732421875,144.25999450683594,1604500,0.0,0.0
2019-03-22 00:00:00-04:00,143.33999633789062,144.47999572753906,141.57000732421875,141.64999389648438,1016100,0.0,0.0
2019-03-25 00:00:00-04:00,141.5500030517578,142.14999389648438,139.75999450683594,141.58999633789062,1217800,0.0,0.0
2019-03-26 00:00:00-04:00,142.9600067138672,143.97999572753906,142.5800018310547,143.66000366210938,700800,0.0,0.0
2019-03-27 00:00:00-04:00,143.3000030517578,143.80999755859375,139.8699951171875,141.14999389648438,1102400,0.0,0.0
2019-03-28 00:00:00-04:00,141.8000030517578,142.25,140.24000549316406,141.83999633789062,760400,0.0,0.0
2019-03-29 00:00:00-04:00,142.67999267578125,144.27999877929688,142.08999633789062,143.85000610351562,1059500,0.0,0.0
2019-04-01 00:00:00-04:00,145.25,145.60000610351562,144.27999877929688,144.30999755859375,984900,0.0,0.0
2019-04-02 00:00:00-04:00,144.24000549316406,144.97000122070312,143.83999633789062,144.3000030517578,771600,0.0,0.0
2019-04-03 00:00:00-04:00,145.25999450683594,145.72000122070312,144.0399932861328,144.39999389648438,1865000,0.0,0.0
2019-04-04 00:00:00-04:00,144.83999633789062,144.83999633789062,140.8800048828125,142.22999572753906,1738000,0.0,0.0
2019-04-05 00:00:00-04:00,142.75,144.66000366210938,142.2100067138672,144.25999450683594,1398900,0.0,0.0
2019-04-08 00:00:00-04:00,144.3300018310547,144.3300018310547,141.88999938964844,144.0399932861328,757400,0.0,0.0
2019-04-09 00:00:00-04:00,143.75999450683594,145.22000122070312,143.49000549316406,144.2899932861328,973300,0.0,0.0
2019-04-10 00:00:00-04:00,144.8699951171875,146.10000610351562,144.38999938964844,144.80999755859375,1256100,0.0,0.0
2019-04-11 00:00:00-04:00,144.85000610351562,144.85000610351562,142.74000549316406,143.17999267578125,909400,0.0,0.0
2019-04-12 00:00:00-04:00,143.89999389648438,144.64999389648438,142.35000610351562,142.52000427246094,814300,0.0,0.0
2019-04-15 00:00:00-04:00,142.5,143.14999389648438,140.5399932861328,141.0800018310547,966500,0.0,0.0
2019-04-16 00:00:00-04:00,142.39999389648438,142.47999572753906,135.6999969482422,136.2899932861328,1243000,0.0,0.0
2019-04-17 00:00:00-04:00,137.36000061035156,137.36000061035156,131.33999633789062,132.30999755859375,2170300,0.0,0.0
2019-04-18 00:00:00-04:00,132.39999389648438,134.64999389648438,131.02999877929688,133.00999450683594,1190700,0.0,0.0
2019-04-22 00:00:00-04:00,132.86000061035156,134.58999633789062,132.2100067138672,134.3699951171875,1144800,0.0,0.0
2019-04-23 00:00:00-04:00,133.9199981689453,138.10000610351562,132.82000732421875,137.02000427246094,1195200,0.0,0.0
2019-04-24 00:00:00-04:00,137.0,137.85000610351562,134.60000610351562,135.7899932861328,1240800,0.0,0.0
2019-04-25 00:00:00-04:00,135.8000030517578,137.9499969482422,134.99000549316406,137.36000061035156,1212400,0.0,0.0
2019-04-26 00:00:00-04:00,137.3800048828125,138.7899932861328,136.25999450683594,138.6999969482422,930000,0.0,0.0
2019-04-29 00:00:00-04:00,139.42999267578125,140.0,137.72999572753906,139.08999633789062,844400,0.0,0.0
2019-04-30 00:00:00-04:00,139.27999877929688,140.25999450683594,138.6699981689453,138.89999389648438,1127300,0.0,0.0
2019-05-01 00:00:00-04:00,137.2100067138672,137.99000549316406,134.1300048828125,134.99000549316406,1773700,0.0,0.0
2019-05-02 00:00:00-04:00,134.41000366210938,136.2100067138672,132.72999572753906,136.13999938964844,1417100,0.0,0.0
2019-05-03 00:00:00-04:00,137.25,139.1199951171875,136.36000061035156,138.83999633789062,1597500,0.0,0.0
2019-05-06 00:00:00-04:00,136.8699951171875,138.80999755859375,136.75,138.77000427246094,1189400,0.0,0.0
2019-05-07 00:00:00-04:00,137.5,138.80999755859375,133.1699981689453,134.3699951171875,1124900,0.0,0.0
2019-05-08 00:00:00-04:00,134.74000549316406,135.1300048828125,132.83999633789062,133.22000122070312,1140400,0.0,0.0
2019-05-09 00:00:00-04:00,131.9600067138672,134.0500030517578,131.35000610351562,133.13999938964844,1337500,0.0,0.0
2019-05-10 00:00:00-04:00,132.4600067138672,134.50999450683594,130.83999633789062,134.16000366210938,1648600,0.0,0.0
2019-05-13 00:00:00-04:00,131.4499969482422,133.4499969482422,130.77000427246094,132.27999877929688,1446400,0.0,0.0
2019-05-14 00:00:00-04:00,133.0,135.1699981689453,133.0,134.5500030517578,1036400,0.0,0.0
2019-05-15 00:00:00-04:00,133.52999877929688,136.49000549316406,132.7899932861328,135.27000427246094,997300,0.0,0.0
2019-05-16 00:00:00-04:00,136.02000427246094,136.58999633789062,134.47000122070312,135.24000549316406,787200,0.0,0.0
2019-05-17 00:00:00-04:00,133.52999877929688,135.47999572753906,133.08999633789062,133.6699981689453,1372500,0.0,0.0
2019-05-20 00:00:00-04:00,133.3300018310547,135.07000732421875,132.75999450683594,133.6699981689453,1022200,0.0,0.0
2019-05-21 00:00:00-04:00,134.6999969482422,135.47999572753906,134.17999267578125,134.57000732421875,699900,0.0,0.0
2019-05-22 00:00:00-04:00,134.2899932861328,135.25999450683594,133.25999450683594,134.82000732421875,1246600,0.0,0.0
2019-05-23 00:00:00-04:00,133.91000366210938,134.4600067138672,132.17999267578125,134.44000244140625,1355000,0.0,0.0
2019-05-24 00:00:00-04:00,135.44000244140625,137.6199951171875,135.44000244140625,136.3800048828125,984100,0.0,0.0
2019-05-28 00:00:00-04:00,137.89999389648438,139.02999877929688,136.47000122070312,136.61000061035156,1418500,0.0,0.0
2019-05-29 00:00:00-04:00,135.77999877929688,136.72000122070312,134.77000427246094,135.32000732421875,924700,0.0,0.0
2019-05-30 00:00:00-04:00,135.63999938964844,136.97000122070312,135.1300048828125,136.1300048828125,546000,0.0,0.0
2019-05-31 00:00:00-04:00,134.92999267578125,136.9600067138672,134.38999938964844,135.85000610351562,972200,0.0,0.0
2019-06-03 00:00:00-04:00,136.32000732421875,138.0,132.80999755859375,132.9499969482422,2051600,0.0,0.0
2019-06-04 00:00:00-04:00,133.42999267578125,135.74000549316406,131.8699951171875,135.57000732421875,1838300,0.0,0.0
2019-06-05 00:00:00-04:00,136.92999267578125,138.63999938964844,136.08999633789062,138.1699981689453,1283500,0.0,0.0
2019-06-06 00:00:00-04:00,138.75,140.36000061035156,137.14999389648438,137.41000366210938,871500,0.0,0.0
2019-06-07 00:00:00-04:00,138.44000244140625,139.1699981689453,136.88999938964844,138.74000549316406,889900,0.0,0.0
2019-06-10 00:00:00-04:00,139.63999938964844,140.4199981689453,138.1999969482422,139.72000122070312,1270400,0.0,0.0
2019-06-11 00:00:00-04:00,140.4600067138672,141.32000732421875,138.63999938964844,139.42999267578125,1243100,0.0,0.0
2019-06-12 00:00:00-04:00,139.44000244140625,140.22999572753906,137.7899932861328,139.89999389648438,1142600,0.0,0.0
2019-06-13 00:00:00-04:00,140.32000732421875,141.50999450683594,139.58999633789062,141.0800018310547,1574500,0.0,0.0
2019-06-14 00:00:00-04:00,141.39999389648438,143.8300018310547,140.64999389648438,141.3000030517578,1090400,0.0,0.0
2019-06-17 00:00:00-04:00,141.47999572753906,142.6699981689453,140.97999572753906,141.4499969482422,942000,0.0,0.0
2019-06-18 00:00:00-04:00,143.02999877929688,146.5,142.27000427246094,145.66000366210938,2138700,0.0,0.0
2019-06-19 00:00:00-04:00,145.66000366210938,155.1300048828125,145.66000366210938,154.24000549316406,4014000,0.0,0.0
2019-06-20 00:00:00-04:00,156.8800048828125,159.5399932861328,153.0800018310547,154.52000427246094,1865800,0.0,0.0
2019-06-21 00:00:00-04:00,155.75999450683594,158.99000549316406,154.52999877929688,158.6699981689453,2799400,0.0,0.0
2019-06-24 00:00:00-04:00,157.67999267578125,159.00999450683594,155.60000610351562,157.42999267578125,1428500,0.0,0.0
2019-06-25 00:00:00-04:00,158.3000030517578,158.50999450683594,153.3800048828125,154.13999938964844,1623900,0.0,0.0
2019-06-26 00:00:00-04:00,154.1999969482422,156.2100067138672,152.94000244140625,155.6300048828125,1521000,0.0,0.0
2019-06-27 00:00:00-04:00,156.17999267578125,157.5800018310547,155.8000030517578,156.6300048828125,657700,0.0,0.0
2019-06-28 00:00:00-04:00,156.82000732421875,160.91000366210938,156.1199951171875,160.89999389648438,3479000,0.0,0.0
2019-07-01 00:00:00-04:00,162.1199951171875,164.1300048828125,158.8000030517578,160.6999969482422,1194900,0.0,0.0
2019-07-02 00:00:00-04:00,160.50999450683594,161.0,157.55999755859375,160.88999938964844,1100800,0.0,0.0
2019-07-03 00:00:00-04:00,161.36000061035156,161.8699951171875,160.58999633789062,161.4600067138672,794200,0.0,0.0
2019-07-05 00:00:00-04:00,160.9600067138672,161.17999267578125,158.72999572753906,160.89999389648438,814200,0.0,0.0
2019-07-08 00:00:00-04:00,160.52000427246094,160.52000427246094,158.5800018310547,159.13999938964844,1358900,0.0,0.0
2019-07-09 00:00:00-04:00,158.44000244140625,159.57000732421875,157.66000366210938,158.5399932861328,1455900,0.0,0.0
2019-07-10 00:00:00-04:00,159.27000427246094,159.99000549316406,158.32000732421875,159.35000610351562,1380200,0.0,0.0
2019-07-11 00:00:00-04:00,159.27999877929688,159.33999633789062,157.24000549316406,159.24000549316406,1046900,0.0,0.0
2019-07-12 00:00:00-04:00,158.50999450683594,159.13999938964844,156.3699951171875,157.36000061035156,783500,0.0,0.0
2019-07-15 00:00:00-04:00,158.19000244140625,158.8699951171875,157.41000366210938,158.39999389648438,586100,0.0,0.0
2019-07-16 00:00:00-04:00,159.38999938964844,159.99000549316406,156.4499969482422,156.57000732421875,715300,0.0,0.0
2019-07-17 00:00:00-04:00,156.3800048828125,157.55999755859375,155.85000610351562,156.02000427246094,861400,0.0,0.0
2019-07-18 00:00:00-04:00,156.02000427246094,157.58999633789062,154.3800048828125,157.27999877929688,1042600,0.0,0.0
2019-07-19 00:00:00-04:00,157.74000549316406,158.02000427246094,155.3000030517578,155.85000610351562,1020100,0.0,0.0
2019-07-22 00:00:00-04:00,156.0800018310547,158.13999938964844,156.02999877929688,156.27000427246094,890700,0.0,0.0
2019-07-23 00:00:00-04:00,156.80999755859375,157.16000366210938,155.1699981689453,156.75999450683594,1041100,0.0,0.0
2019-07-24 00:00:00-04:00,156.72000122070312,162.6199951171875,154.1999969482422,160.61000061035156,1946800,0.0,0.0
2019-07-25 00:00:00-04:00,160.75,161.8800048828125,159.82000732421875,160.08999633789062,1527900,0.0,0.0
2019-07-26 00:00:00-04:00,160.8300018310547,161.44000244140625,158.63999938964844,159.8800048828125,657300,0.0,0.0
2019-07-29 00:00:00-04:00,159.5800018310547,160.1300048828125,158.10000610351562,159.3000030517578,734100,0.0,0.0
2019-07-30 00:00:00-04:00,158.38999938964844,161.05999755859375,157.10000610351562,160.52999877929688,1054500,0.0,0.0
2019-07-31 00:00:00-04:00,160.27999877929688,161.50999450683594,157.9199981689453,159.1699981689453,1030400,0.0,0.0
2019-08-01 00:00:00-04:00,159.72999572753906,160.8800048828125,157.27999877929688,158.2100067138672,760600,0.0,0.0
2019-08-02 00:00:00-04:00,157.97000122070312,157.97000122070312,155.6699981689453,157.0800018310547,1057600,0.0,0.0
2019-08-05 00:00:00-04:00,155.1699981689453,155.1699981689453,150.6699981689453,151.8000030517578,1478400,0.0,0.0
2019-08-06 00:00:00-04:00,152.66000366210938,154.80999755859375,151.85000610351562,154.4499969482422,833400,0.0,0.0
2019-08-07 00:00:00-04:00,152.99000549316406,155.74000549316406,151.27000427246094,155.25,1114300,0.0,0.0
2019-08-08 00:00:00-04:00,156.25999450683594,158.5800018310547,155.42999267578125,158.10000610351562,941500,0.0,0.0
2019-08-09 00:00:00-04:00,157.2100067138672,157.42999267578125,154.89999389648438,156.0,2073900,0.0,0.0
2019-08-12 00:00:00-04:00,155.2100067138672,155.69000244140625,153.55999755859375,155.41000366210938,1000600,0.0,0.0
2019-08-13 00:00:00-04:00,153.74000549316406,157.60000610351562,153.74000549316406,157.0800018310547,813700,0.0,0.0
2019-08-14 00:00:00-04:00,154.9600067138672,156.60000610351562,150.22000122070312,151.2100067138672,1437300,0.0,0.0
2019-08-15 00:00:00-04:00,152.0,153.86000061035156,150.5800018310547,152.14999389648438,1206400,0.0,0.0
2019-08-16 00:00:00-04:00,153.8699951171875,156.91000366210938,153.1999969482422,155.2100067138672,863400,0.0,0.0
2019-08-19 00:00:00-04:00,156.66000366210938,157.5399932861328,155.9499969482422,156.72000122070312,833900,0.0,0.0
2019-08-20 00:00:00-04:00,156.9199981689453,157.11000061035156,154.77000427246094,154.82000732421875,585200,0.0,0.0
2019-08-21 00:00:00-04:00,155.88999938964844,157.4600067138672,154.55999755859375,157.19000244140625,717400,0.0,0.0
2019-08-22 00:00:00-04:00,158.49000549316406,158.74000549316406,155.47000122070312,156.5500030517578,791000,0.0,0.0
2019-08-23 00:00:00-04:00,157.8000030517578,158.99000549316406,152.3699951171875,153.14999389648438,1065700,0.0,0.0
2019-08-26 00:00:00-04:00,154.16000366210938,155.19000244140625,152.83999633789062,155.1199951171875,690900,0.0,0.0
2019-08-27 00:00:00-04:00,155.6699981689453,155.75,152.75999450683594,153.66000366210938,975200,0.0,0.0
2019-08-28 00:00:00-04:00,153.3300018310547,154.14999389648438,151.72000122070312,153.4600067138672,832200,0.0,0.0
2019-08-29 00:00:00-04:00,155.08999633789062,156.52000427246094,154.4600067138672,155.97999572753906,528300,0.0,0.0
2019-08-30 00:00:00-04:00,156.74000549316406,156.74000549316406,153.44000244140625,155.14999389648438,788100,0.0,0.0
2019-09-03 00:00:00-04:00,153.77999877929688,155.1300048828125,153.0,153.91000366210938,737000,0.0,0.0
2019-09-04 00:00:00-04:00,155.3699951171875,155.3699951171875,151.2899932861328,151.4600067138672,1234800,0.0,0.0
2019-09-05 00:00:00-04:00,152.97000122070312,154.52000427246094,151.3300018310547,154.0800018310547,1442900,0.0,0.0
2019-09-06 00:00:00-04:00,154.1699981689453,155.72000122070312,152.75,154.07000732421875,998100,0.0,0.0
2019-09-09 00:00:00-04:00,154.89999389648438,154.89999389648438,151.6699981689453,151.8699951171875,1947800,0.0,0.0
2019-09-10 00:00:00-04:00,150.17999267578125,150.77999877929688,146.52000427246094,150.41000366210938,2097100,0.0,0.0
2019-09-11 00:00:00-04:00,150.0,152.22999572753906,148.7899932861328,150.22999572753906,1597100,0.0,0.0
2019-09-12 00:00:00-04:00,150.72000122070312,151.82000732421875,149.91000366210938,150.72999572753906,1670200,0.0,0.0
2019-09-13 00:00:00-04:00,149.72000122070312,152.50999450683594,147.30999755859375,151.35000610351562,1467200,0.0,0.0
2019-09-16 00:00:00-04:00,150.66000366210938,152.83999633789062,149.75999450683594,150.83999633789062,1773000,0.0,0.0
2019-09-17 00:00:00-04:00,151.10000610351562,153.47000122070312,149.94000244140625,152.94000244140625,1900600,0.0,0.0
2019-09-18 00:00:00-04:00,152.5399932861328,153.72999572753906,151.38999938964844,153.44000244140625,1460500,0.0,0.0
2019-09-19 00:00:00-04:00,153.3000030517578,155.2899932861328,153.13999938964844,153.9199981689453,1122400,0.0,0.0
2019-09-20 00:00:00-04:00,154.77000427246094,157.32000732421875,154.60000610351562,155.60000610351562,5361600,0.0,0.0
2019-09-23 00:00:00-04:00,155.1300048828125,157.72999572753906,154.25999450683594,157.33999633789062,1731900,0.0,0.0
2019-09-24 00:00:00-04:00,157.80999755859375,158.25,154.7100067138672,155.4199981689453,1595900,0.0,0.0
2019-09-25 00:00:00-04:00,154.92999267578125,155.16000366210938,151.08999633789062,154.64999389648438,1640800,0.0,0.0
2019-09-26 00:00:00-04:00,155.07000732421875,155.07000732421875,151.5,151.83999633789062,1167100,0.0,0.0
2019-09-27 00:00:00-04:00,152.47000122070312,154.42999267578125,146.66000366210938,148.25,1636700,0.0,0.0
2019-09-30 00:00:00-04:00,148.10000610351562,150.25,147.16000366210938,149.3800048828125,1030700,0.0,0.0
2019-10-01 00:00:00-04:00,149.8699951171875,151.08999633789062,143.9199981689453,145.02999877929688,1634000,0.0,0.0
2019-10-02 00:00:00-04:00,143.7899932861328,144.32000732421875,140.55999755859375,143.24000549316406,1837100,0.0,0.0
2019-10-03 00:00:00-04:00,143.2100067138672,147.57000732421875,141.6999969482422,147.52000427246094,1786500,0.0,0.0
2019-10-04 00:00:00-04:00,147.7899932861328,149.91000366210938,147.64999389648438,149.3000030517578,949100,0.0,0.0
2019-10-07 00:00:00-04:00,148.41000366210938,150.1199951171875,147.72999572753906,148.6999969482422,927100,0.0,0.0
2019-10-08 00:00:00-04:00,147.0,147.0,143.47000122070312,144.52999877929688,864700,0.0,0.0
2019-10-09 00:00:00-04:00,145.9499969482422,146.6300048828125,144.8800048828125,145.5800018310547,743700,0.0,0.0
2019-10-10 00:00:00-04:00,145.5,146.8000030517578,144.47000122070312,144.88999938964844,778600,0.0,0.0
2019-10-11 00:00:00-04:00,146.72999572753906,148.97000122070312,145.89999389648438,145.97999572753906,749700,0.0,0.0
2019-10-14 00:00:00-04:00,146.27999877929688,147.92999267578125,145.85000610351562,146.36000061035156,709500,0.0,0.0
2019-10-15 00:00:00-04:00,147.2100067138672,148.69000244140625,146.22999572753906,146.55999755859375,927500,0.0,0.0
2019-10-16 00:00:00-04:00,145.63999938964844,147.47000122070312,144.30999755859375,144.8300018310547,1330200,0.0,0.0
2019-10-17 00:00:00-04:00,145.64999389648438,146.07000732421875,142.99000549316406,143.35000610351562,1100500,0.0,0.0
2019-10-18 00:00:00-04:00,144.0,145.0500030517578,143.0,143.49000549316406,1460200,0.0,0.0
2019-10-21 00:00:00-04:00,144.64999389648438,144.91000366210938,142.0399932861328,143.13999938964844,1010800,0.0,0.0
2019-10-22 00:00:00-04:00,143.50999450683594,145.4199981689453,142.77999877929688,142.86000061035156,1070700,0.0,0.0
2019-10-23 00:00:00-04:00,143.13999938964844,144.08999633789062,142.6999969482422,143.47999572753906,1190200,0.0,0.0
2019-10-24 00:00:00-04:00,143.6999969482422,146.75,143.5399932861328,145.1699981689453,1022300,0.0,0.0
2019-10-25 00:00:00-04:00,144.8699951171875,148.57000732421875,143.9499969482422,147.50999450683594,1173400,0.0,0.0
2019-10-28 00:00:00-04:00,147.4499969482422,148.8000030517578,147.3699951171875,147.75,1070200,0.0,0.0
2019-10-29 00:00:00-04:00,146.72999572753906,150.27000427246094,146.72999572753906,150.08999633789062,2090700,0.0,0.0
2019-10-30 00:00:00-04:00,147.88999938964844,147.88999938964844,139.02000427246094,145.74000549316406,3323300,0.0,0.0
2019-10-31 00:00:00-04:00,145.72000122070312,148.0399932861328,143.42999267578125,144.4199981689453,1036400,0.0,0.0
2019-11-01 00:00:00-04:00,145.75999450683594,147.5800018310547,145.10000610351562,146.74000549316406,945700,0.0,0.0
2019-11-04 00:00:00-05:00,147.75999450683594,147.75999450683594,145.63999938964844,146.5,924200,0.0,0.0
2019-11-05 00:00:00-05:00,146.25999450683594,146.6999969482422,139.77999877929688,139.88999938964844,1676700,0.0,0.0
2019-11-06 00:00:00-05:00,139.67999267578125,140.5399932861328,136.27999877929688,138.0399932861328,2460000,0.0,0.0
2019-11-07 00:00:00-05:00,138.5800018310547,139.27000427246094,137.13999938964844,137.83999633789062,1627600,0.0,0.0
2019-11-08 00:00:00-05:00,137.3800048828125,138.99000549316406,136.8699951171875,137.58999633789062,1451100,0.0,0.0
2019-11-11 00:00:00-05:00,136.72999572753906,140.52000427246094,136.72999572753906,140.52000427246094,1737500,0.0,0.0
2019-11-12 00:00:00-05:00,139.89999389648438,143.38999938964844,139.89999389648438,142.94000244140625,1340500,0.0,0.0
2019-11-13 00:00:00-05:00,142.27999877929688,144.05999755859375,142.17999267578125,143.57000732421875,855900,0.0,0.0
2019-11-14 00:00:00-05:00,143.75,145.91000366210938,142.94000244140625,145.6999969482422,717400,0.0,0.0
2019-11-15 00:00:00-05:00,145.52999877929688,146.60000610351562,144.63999938964844,146.5,907300,0.0,0.0
2019-11-18 00:00:00-05:00,146.24000549316406,146.24000549316406,141.6999969482422,142.1199951171875,1533900,0.0,0.0
2019-11-19 00:00:00-05:00,142.32000732421875,143.75,142.0,142.86000061035156,797800,0.0,0.0
2019-11-20 00:00:00-05:00,142.41000366210938,143.5399932861328,141.77999877929688,142.36000061035156,1905700,0.0,0.0
2019-11-21 00:00:00-05:00,142.50999450683594,144.36000061035156,141.80999755859375,143.47999572753906,1072200,0.0,0.0
2019-11-22 00:00:00-05:00,144.10000610351562,144.69000244140625,143.11000061035156,143.74000549316406,1116200,0.0,0.0
2019-11-25 00:00:00-05:00,144.42999267578125,146.50999450683594,143.5399932861328,146.49000549316406,1621000,0.0,0.0
2019-11-26 00:00:00-05:00,146.05999755859375,148.3699951171875,145.7100067138672,147.9600067138672,1506500,0.0,0.0
2019-11-27 00:00:00-05:00,148.07000732421875,148.94000244140625,146.8300018310547,147.52000427246094,1595000,0.0,0.0
2019-11-29 00:00:00-05:00,147.13999938964844,147.39999389648438,145.8000030517578,145.97999572753906,715700,0.0,0.0
2019-12-02 00:00:00-05:00,145.99000549316406,146.25999450683594,143.77999877929688,143.94000244140625,1037300,0.0,0.0
2019-12-03 00:00:00-05:00,143.74000549316406,144.77000427246094,142.69000244140625,143.33999633789062,1283200,0.0,0.0
2019-12-04 00:00:00-05:00,143.89999389648438,146.16000366210938,143.8000030517578,145.13999938964844,697000,0.0,0.0
2019-12-05 00:00:00-05:00,145.2899932861328,145.8800048828125,143.32000732421875,145.35000610351562,1290300,0.0,0.0
2019-12-06 00:00:00-05:00,146.32000732421875,148.89999389648438,145.97000122070312,148.49000549316406,1099400,0.0,0.0
2019-12-09 00:00:00-05:00,148.22999572753906,148.94000244140625,146.27999877929688,146.39999389648438,1412400,0.0,0.0
2019-12-10 00:00:00-05:00,146.6999969482422,146.97999572753906,145.02000427246094,146.1199951171875,1609500,0.0,0.0
2019-12-11 00:00:00-05:00,146.2899932861328,146.2899932861328,143.42999267578125,143.83999633789062,1331700,0.0,0.0
2019-12-12 00:00:00-05:00,143.47000122070312,146.0399932861328,143.0500030517578,145.2899932861328,1121500,0.0,0.0
2019-12-13 00:00:00-05:00,145.25999450683594,146.77999877929688,144.4199981689453,144.85000610351562,1162900,0.0,0.0
2019-12-16 00:00:00-05:00,145.94000244140625,147.13999938964844,145.1199951171875,146.52999877929688,1289500,0.0,0.0
2019-12-17 00:00:00-05:00,147.0500030517578,148.08999633789062,144.89999389648438,147.99000549316406,1482500,0.0,0.0
2019-12-18 00:00:00-05:00,148.0500030517578,148.32000732421875,145.8000030517578,147.16000366210938,2005400,0.0,0.0
2019-12-19 00:00:00-05:00,147.08999633789062,149.80999755859375,146.47999572753906,149.69000244140625,1638100,0.0,0.0
2019-12-20 00:00:00-05:00,150.86000061035156,156.0800018310547,150.0,155.9499969482422,3610200,0.0,0.0
2019-12-23 00:00:00-05:00,156.0,156.42999267578125,153.24000549316406,154.8699951171875,2124700,0.0,0.0
2019-12-24 00:00:00-05:00,155.02999877929688,155.1199951171875,154.0399932861328,154.6999969482422,483400,0.0,0.0
2019-12-26 00:00:00-05:00,155.0,155.0,153.4499969482422,154.13999938964844,1307300,0.0,0.0
2019-12-27 00:00:00-05:00,154.64999389648438,155.17999267578125,154.25,154.44000244140625,873900,0.0,0.0
2019-12-30 00:00:00-05:00,154.47000122070312,154.5,152.2100067138672,153.4499969482422,897900,0.0,0.0
2019-12-31 00:00:00-05:00,153.30999755859375,154.67999267578125,153.05999755859375,154.50999450683594,760900,0.0,0.0
2020-01-02 00:00:00-05:00,155.22999572753906,156.72999572753906,153.57000732421875,156.41000366210938,1925900,0.0,0.0
2020-01-03 00:00:00-05:00,153.97000122070312,154.9499969482422,153.72999572753906,154.19000244140625,1047200,0.0,0.0
2020-01-06 00:00:00-05:00,153.1199951171875,155.08999633789062,152.1699981689453,155.0,1539200,0.0,0.0
2020-01-07 00:00:00-05:00,155.77999877929688,157.89999389648438,155.3800048828125,156.8000030517578,1052900,0.0,0.0
2020-01-08 00:00:00-05:00,157.07000732421875,159.25,156.82000732421875,157.60000610351562,1182100,0.0,0.0
2020-01-09 00:00:00-05:00,158.2899932861328,159.83999633789062,158.0800018310547,159.5,850400,0.0,0.0
2020-01-10 00:00:00-05:00,160.1999969482422,160.86000061035156,158.97000122070312,159.3000030517578,876400,0.0,0.0
2020-01-13 00:00:00-05:00,159.6300048828125,159.6300048828125,157.57000732421875,158.14999389648438,1885100,0.0,0.0
2020-01-14 00:00:00-05:00,157.49000549316406,159.08999633789062,156.75999450683594,158.92999267578125,1089500,0.0,0.0
2020-01-15 00:00:00-05:00,158.86000061035156,160.58999633789062,158.2899932861328,159.3699951171875,950000,0.0,0.0
2020-01-16 00:00:00-05:00,160.4499969482422,161.10000610351562,159.8000030517578,160.97000122070312,750700,0.0,0.0
2020-01-17 00:00:00-05:00,161.4499969482422,161.69000244140625,159.38999938964844,161.50999450683594,777400,0.0,0.0
2020-01-21 00:00:00-05:00,161.08999633789062,161.86000061035156,160.25999450683594,160.85000610351562,979900,0.0,0.0
2020-01-22 00:00:00-05:00,161.07000732421875,162.13999938964844,160.44000244140625,160.5,733800,0.0,0.0
2020-01-23 00:00:00-05:00,160.32000732421875,161.02999877929688,159.2899932861328,160.91000366210938,811700,0.0,0.0
2020-01-24 00:00:00-05:00,161.6199951171875,162.13999938964844,157.77999877929688,158.10000610351562,821400,0.0,0.0
2020-01-27 00:00:00-05:00,156.13999938964844,158.17999267578125,155.83999633789062,157.16000366210938,754900,0.0,0.0
2020-01-28 00:00:00-05:00,157.86000061035156,159.57000732421875,156.74000549316406,158.6699981689453,854600,0.0,0.0
2020-01-29 00:00:00-05:00,158.85000610351562,160.32000732421875,158.41000366210938,158.5,821100,0.0,0.0
2020-01-30 00:00:00-05:00,157.13999938964844,158.13999938964844,155.6199951171875,157.0,1595000,0.0,0.0
2020-01-31 00:00:00-05:00,156.6300048828125,157.19000244140625,154.4499969482422,155.25,1143200,0.0,0.0
2020-02-03 00:00:00-05:00,156.60000610351562,157.22000122070312,154.94000244140625,155.25,1786100,0.0,0.0
2020-02-04 00:00:00-05:00,157.1199951171875,157.58999633789062,155.6199951171875,157.0399932861328,3384300,0.0,0.0
2020-02-05 00:00:00-05:00,159.05999755859375,161.5500030517578,158.3800048828125,159.75999450683594,1373300,0.0,0.0
2020-02-06 00:00:00-05:00,160.63999938964844,161.25,159.7899932861328,160.52999877929688,976600,0.0,0.0
2020-02-07 00:00:00-05:00,160.30999755859375,160.61000061035156,156.97999572753906,157.0,1193000,0.0,0.0
2020-02-10 00:00:00-05:00,157.0,160.13999938964844,156.52000427246094,159.92999267578125,1303800,0.0,0.0
2020-02-11 00:00:00-05:00,160.99000549316406,163.50999450683594,160.2100067138672,161.6999969482422,1582600,0.0,0.0
2020-02-12 00:00:00-05:00,164.85000610351562,169.13999938964844,160.0,166.11000061035156,2302400,0.0,0.0
2020-02-13 00:00:00-05:00,164.8000030517578,166.02999877929688,162.63999938964844,165.7899932861328,1440000,0.0,0.0
2020-02-14 00:00:00-05:00,165.3000030517578,165.5,162.1699981689453,164.32000732421875,2967400,0.0,0.0
2020-02-18 00:00:00-05:00,164.91000366210938,165.74000549316406,162.61000061035156,165.4199981689453,1436200,0.0,0.0
2020-02-19 00:00:00-05:00,166.27999877929688,166.27999877929688,164.1300048828125,164.38999938964844,1070700,0.0,0.0
2020-02-20 00:00:00-05:00,163.5,164.3300018310547,162.1699981689453,164.13999938964844,1574300,0.0,0.0
2020-02-21 00:00:00-05:00,163.47999572753906,164.35000610351562,161.57000732421875,163.42999267578125,967900,0.0,0.0
2020-02-24 00:00:00-05:00,159.4199981689453,160.25999450683594,156.6300048828125,158.0800018310547,1313100,0.0,0.0
2020-02-25 00:00:00-05:00,158.92999267578125,159.10000610351562,149.5,150.05999755859375,2918800,0.0,0.0
2020-02-26 00:00:00-05:00,151.3699951171875,154.3699951171875,148.94000244140625,149.38999938964844,1667800,0.0,0.0
2020-02-27 00:00:00-05:00,147.19000244140625,148.74000549316406,142.6300048828125,142.74000549316406,3406900,0.0,0.0
2020-02-28 00:00:00-05:00,138.91000366210938,141.24000549316406,136.22999572753906,139.49000549316406,3112200,0.0,0.0
2020-03-02 00:00:00-05:00,140.72999572753906,147.22999572753906,139.30999755859375,147.0800018310547,2504900,0.0,0.0
2020-03-03 00:00:00-05:00,147.44000244140625,150.25,139.52999877929688,141.36000061035156,1557200,0.0,0.0
2020-03-04 00:00:00-05:00,144.86000061035156,148.4499969482422,144.5,147.88999938964844,1228700,0.0,0.0
2020-03-05 00:00:00-05:00,143.83999633789062,144.77999877929688,136.50999450683594,138.2100067138672,2215000,0.0,0.0
2020-03-06 00:00:00-05:00,136.3000030517578,138.3000030517578,131.38999938964844,136.0500030517578,2110600,0.0,0.0
2020-03-09 00:00:00-04:00,129.4600067138672,131.13999938964844,122.97000122070312,124.0,2760800,0.0,0.0
2020-03-10 00:00:00-04:00,128.17999267578125,131.13999938964844,122.7699966430664,130.82000732421875,2721800,0.0,0.0
2020-03-11 00:00:00-04:00,126.62999725341797,128.24000549316406,123.26000213623047,125.41999816894531,2113000,0.0,0.0
2020-03-12 00:00:00-04:00,116.72000122070312,117.36000061035156,110.3499984741211,113.01000213623047,2911000,0.0,0.0
2020-03-13 00:00:00-04:00,119.79000091552734,120.5999984741211,111.08000183105469,118.70999908447266,2244600,0.0,0.0
2020-03-16 00:00:00-04:00,99.16000366210938,106.25,94.19999694824219,102.36000061035156,5128900,0.0,0.0
2020-03-17 00:00:00-04:00,104.08999633789062,110.54000091552734,101.05000305175781,107.69000244140625,3699900,0.0,0.0
2020-03-18 00:00:00-04:00,100.44000244140625,100.98999786376953,81.79000091552734,89.87999725341797,4695600,0.0,0.0
2020-03-19 00:00:00-04:00,88.83000183105469,104.83000183105469,82.0,90.62000274658203,3712000,0.0,0.0
2020-03-20 00:00:00-04:00,91.79000091552734,99.7300033569336,89.56999969482422,91.66999816894531,2987800,0.0,0.0
2020-03-23 00:00:00-04:00,92.0,92.0,82.02999877929688,84.0,2741900,0.0,0.0
2020-03-24 00:00:00-04:00,89.47000122070312,97.08999633789062,88.08000183105469,96.91000366210938,2750400,0.0,0.0
2020-03-25 00:00:00-04:00,97.2300033569336,111.62999725341797,94.16000366210938,104.87999725341797,3646400,0.0,0.0
2020-03-26 00:00:00-04:00,106.94000244140625,116.37000274658203,106.48999786376953,110.55000305175781,2865300,0.0,0.0
2020-03-27 00:00:00-04:00,105.72000122070312,108.44999694824219,100.88999938964844,107.13999938964844,3063700,0.0,0.0
2020-03-30 00:00:00-04:00,106.95999908447266,114.75,105.02999877929688,112.9800033569336,1627200,0.0,0.0
2020-03-31 00:00:00-04:00,111.80000305175781,113.61000061035156,105.20999908447266,107.86000061035156,2853200,0.0,0.0
2020-04-01 00:00:00-04:00,102.0199966430664,104.20999908447266,98.01000213623047,100.04000091552734,2084300,0.0,0.0
2020-04-02 00:00:00-04:00,100.45999908447266,105.4000015258789,99.06999969482422,104.77999877929688,1708600,0.0,0.0
2020-04-03 00:00:00-04:00,104.55000305175781,108.62999725341797,101.0,102.72000122070312,2687700,0.0,0.0
2020-04-06 00:00:00-04:00,109.56999969482422,119.08999633789062,108.30000305175781,117.13999938964844,2062200,0.0,0.0
2020-04-07 00:00:00-04:00,124.22000122070312,124.98999786376953,116.91000366210938,119.68000030517578,2148600,0.0,0.0
2020-04-08 00:00:00-04:00,120.73999786376953,129.5,117.56999969482422,127.87000274658203,1634400,0.0,0.0
2020-04-09 00:00:00-04:00,128.3000030517578,132.17999267578125,127.69999694824219,128.52999877929688,1522900,0.0,0.0
2020-04-13 00:00:00-04:00,127.4000015258789,127.68000030517578,121.33999633789062,124.79000091552734,1980800,0.0,0.0
2020-04-14 00:00:00-04:00,127.22000122070312,129.0,125.45999908447266,126.48999786376953,1415000,0.0,0.0
2020-04-15 00:00:00-04:00,123.38999938964844,124.54000091552734,121.22000122070312,124.0199966430664,1327500,0.0,0.0
2020-04-16 00:00:00-04:00,124.77999877929688,125.79000091552734,122.16000366210938,124.45999908447266,973300,0.0,0.0
2020-04-17 00:00:00-04:00,128.02999877929688,131.75999450683594,127.72000122070312,131.57000732421875,1486300,0.0,0.0
2020-04-20 00:00:00-04:00,128.72000122070312,131.25,127.41000366210938,127.51000213623047,1180100,0.0,0.0
2020-04-21 00:00:00-04:00,124.26000213623047,125.68000030517578,121.36000061035156,122.0,1077200,0.0,0.0
2020-04-22 00:00:00-04:00,124.97000122070312,126.58000183105469,122.22000122070312,125.55000305175781,634300,0.0,0.0
2020-04-23 00:00:00-04:00,126.7699966430664,131.74000549316406,126.01000213623047,127.66999816894531,822600,0.0,0.0
2020-04-24 00:00:00-04:00,128.05999755859375,129.6300048828125,126.3499984741211,128.86000061035156,767600,0.0,0.0
2020-04-27 00:00:00-04:00,130.0,132.49000549316406,129.89999389648438,131.8800048828125,1276200,0.0,0.0
2020-04-28 00:00:00-04:00,138.5,147.41000366210938,130.4600067138672,135.8800048828125,2205000,0.0,0.0
2020-04-29 00:00:00-04:00,139.72000122070312,143.4499969482422,138.1699981689453,143.10000610351562,1428100,0.0,0.0
2020-04-30 00:00:00-04:00,141.38999938964844,143.66000366210938,140.1699981689453,142.58999633789062,1790500,0.0,0.0
2020-05-01 00:00:00-04:00,139.0500030517578,140.77999877929688,135.32000732421875,136.52000427246094,1204800,0.0,0.0
2020-05-04 00:00:00-04:00,135.10000610351562,135.77000427246094,131.39999389648438,134.05999755859375,1070600,0.0,0.0
2020-05-05 00:00:00-04:00,135.97000122070312,137.2100067138672,134.77000427246094,135.49000549316406,924400,0.0,0.0
2020-05-06 00:00:00-04:00,135.99000549316406,137.36000061035156,133.86000061035156,134.00999450683594,728300,0.0,0.0
2020-05-07 00:00:00-04:00,136.6699981689453,137.47000122070312,135.25,135.52000427246094,868900,0.0,0.0
2020-05-08 00:00:00-04:00,138.05999755859375,139.35000610351562,136.85000610351562,137.64999389648438,677900,0.0,0.0
2020-05-11 00:00:00-04:00,136.5399932861328,139.0500030517578,135.33999633789062,138.64999389648438,814800,0.0,0.0
2020-05-12 00:00:00-04:00,139.0,139.39999389648438,134.6999969482422,134.8000030517578,678400,0.0,0.0
2020-05-13 00:00:00-04:00,135.02000427246094,136.5500030517578,131.4199981689453,132.47000122070312,1174900,0.0,0.0
2020-05-14 00:00:00-04:00,130.58999633789062,132.97000122070312,128.52000427246094,132.3699951171875,1224800,0.0,0.0
2020-05-15 00:00:00-04:00,131.8699951171875,134.35000610351562,130.72000122070312,134.1999969482422,1133700,0.0,0.0
2020-05-18 00:00:00-04:00,138.60000610351562,140.85000610351562,138.0,138.55999755859375,850300,0.0,0.0
2020-05-19 00:00:00-04:00,138.10000610351562,141.8000030517578,137.72999572753906,140.86000061035156,2707600,0.0,0.0
2020-05-20 00:00:00-04:00,142.1999969482422,145.72999572753906,141.63999938964844,145.4199981689453,1245100,0.0,0.0
2020-05-21 00:00:00-04:00,145.1999969482422,146.3800048828125,142.4499969482422,143.1999969482422,1326400,0.0,0.0
2020-05-22 00:00:00-04:00,143.44000244140625,144.02000427246094,141.75999450683594,142.89999389648438,682900,0.0,0.0
2020-05-26 00:00:00-04:00,146.6199951171875,147.4199981689453,143.05999755859375,143.5,1468700,0.0,0.0
2020-05-27 00:00:00-04:00,145.6999969482422,147.1699981689453,141.8699951171875,146.82000732421875,1016000,0.0,0.0
2020-05-28 00:00:00-04:00,147.99000549316406,149.27999877929688,145.7100067138672,146.1999969482422,942700,0.0,0.0
2020-05-29 00:00:00-04:00,146.69000244140625,150.35000610351562,146.16000366210938,149.52000427246094,2904500,0.0,0.0
2020-06-01 00:00:00-04:00,149.10000610351562,150.00999450683594,147.00999450683594,149.41000366210938,884800,0.0,0.0
2020-06-02 00:00:00-04:00,149.85000610351562,151.75,148.38999938964844,151.52999877929688,1200000,0.0,0.0
2020-06-03 00:00:00-04:00,151.8300018310547,154.6300048828125,151.19000244140625,153.05999755859375,1234300,0.0,0.0
2020-06-04 00:00:00-04:00,151.22000122070312,152.74000549316406,150.1999969482422,151.2100067138672,1086900,0.0,0.0
2020-06-05 00:00:00-04:00,154.6300048828125,156.22999572753906,148.8000030517578,149.5800018310547,1731000,0.0,0.0
2020-06-08 00:00:00-04:00,148.6199951171875,151.3800048828125,148.42999267578125,150.0,1376100,0.0,0.0
2020-06-09 00:00:00-04:00,148.63999938964844,149.55999755859375,146.60000610351562,146.8000030517578,815000,0.0,0.0
2020-06-10 00:00:00-04:00,147.27000427246094,148.8000030517578,144.66000366210938,147.19000244140625,1210900,0.0,0.0
2020-06-11 00:00:00-04:00,143.57000732421875,143.83999633789062,138.22000122070312,138.63999938964844,1491200,0.0,0.0
2020-06-12 00:00:00-04:00,142.58999633789062,143.58999633789062,134.92999267578125,138.82000732421875,990200,0.0,0.0
2020-06-15 00:00:00-04:00,135.2100067138672,140.25999450683594,135.19000244140625,139.57000732421875,1277700,0.0,0.0
2020-06-16 00:00:00-04:00,143.63999938964844,144.4600067138672,139.57000732421875,141.0399932861328,1297200,0.0,0.0
2020-06-17 00:00:00-04:00,141.5,141.5,138.0399932861328,138.9199981689453,1322900,0.0,0.0
2020-06-18 00:00:00-04:00,138.02000427246094,139.25,136.89999389648438,138.1199951171875,1162000,0.0,0.0
2020-06-19 00:00:00-04:00,141.1699981689453,141.30999755859375,136.05999755859375,136.0800018310547,2453200,0.0,0.0
2020-06-22 00:00:00-04:00,135.8300018310547,137.91000366210938,133.92999267578125,137.52999877929688,1477100,0.0,0.0
2020-06-23 00:00:00-04:00,139.19000244140625,142.02000427246094,136.85000610351562,140.1699981689453,2006000,0.0,0.0
2020-06-24 00:00:00-04:00,139.10000610351562,139.77999877929688,134.3800048828125,136.47000122070312,1476900,0.0,0.0
2020-06-25 00:00:00-04:00,136.02999877929688,137.97000122070312,133.17999267578125,137.8000030517578,1229300,0.0,0.0
2020-06-26 00:00:00-04:00,136.8800048828125,139.05999755859375,135.47000122070312,135.99000549316406,1712300,0.0,0.0
2020-06-29 00:00:00-04:00,136.94000244140625,137.7100067138672,135.6300048828125,137.52000427246094,562400,0.0,0.0
2020-06-30 00:00:00-04:00,137.0,142.55999755859375,137.0,141.8800048828125,883500,0.0,0.0
2020-07-01 00:00:00-04:00,141.97999572753906,142.67999267578125,139.39999389648438,141.52999877929688,1426800,0.0,0.0
2020-07-02 00:00:00-04:00,143.22000122070312,144.0,140.8699951171875,141.52000427246094,777200,0.0,0.0
2020-07-06 00:00:00-04:00,143.3000030517578,144.02999877929688,141.72000122070312,143.63999938964844,1171800,0.0,0.0
2020-07-07 00:00:00-04:00,142.55999755859375,144.44000244140625,141.74000549316406,141.94000244140625,817900,0.0,0.0
2020-07-08 00:00:00-04:00,142.55999755859375,144.4199981689453,142.30999755859375,144.1699981689453,783700,0.0,0.0
2020-07-09 00:00:00-04:00,143.97000122070312,145.9499969482422,142.72000122070312,144.99000549316406,742800,0.0,0.0
2020-07-10 00:00:00-04:00,145.02999877929688,145.30999755859375,141.38999938964844,142.67999267578125,761900,0.0,0.0
2020-07-13 00:00:00-04:00,144.22000122070312,146.35000610351562,141.14999389648438,141.27999877929688,816100,0.0,0.0
2020-07-14 00:00:00-04:00,141.8000030517578,147.99000549316406,140.60000610351562,147.77999877929688,1320300,0.0,0.0
2020-07-15 00:00:00-04:00,150.0,152.88999938964844,149.25999450683594,152.3699951171875,1004200,0.0,0.0
2020-07-16 00:00:00-04:00,151.85000610351562,151.85000610351562,148.16000366210938,149.67999267578125,940800,0.0,0.0
2020-07-17 00:00:00-04:00,150.94000244140625,155.07000732421875,149.91000366210938,154.0500030517578,968700,0.0,0.0
2020-07-20 00:00:00-04:00,153.6199951171875,155.57000732421875,153.02999877929688,155.1999969482422,945900,0.0,0.0
2020-07-21 00:00:00-04:00,156.19000244140625,159.24000549316406,155.9199981689453,156.9499969482422,1443700,0.0,0.0
2020-07-22 00:00:00-04:00,160.05999755859375,166.16000366210938,160.0,164.2899932861328,1836700,0.0,0.0
2020-07-23 00:00:00-04:00,164.6999969482422,164.99000549316406,160.5500030517578,161.47999572753906,1937900,0.0,0.0
2020-07-24 00:00:00-04:00,160.57000732421875,161.0,156.4600067138672,157.8800048828125,1071900,0.0,0.0
2020-07-27 00:00:00-04:00,158.4199981689453,163.5500030517578,158.00999450683594,162.27999877929688,1047700,0.0,0.0
2020-07-28 00:00:00-04:00,158.75,160.92999267578125,157.72000122070312,158.64999389648438,1677600,0.0,0.0
2020-07-29 00:00:00-04:00,159.64999389648438,160.8800048828125,159.02000427246094,160.05999755859375,1170800,0.0,0.0
2020-07-30 00:00:00-04:00,158.0,159.08999633789062,156.1699981689453,158.25999450683594,893100,0.0,0.0
2020-07-31 00:00:00-04:00,158.0,158.6300048828125,155.7100067138672,158.38999938964844,1014000,0.0,0.0
2020-08-03 00:00:00-04:00,159.07000732421875,161.97000122070312,158.4600067138672,161.17999267578125,743800,0.0,0.0
2020-08-04 00:00:00-04:00,160.11000061035156,160.83999633789062,159.0,160.14999389648438,890000,0.0,0.0
2020-08-05 00:00:00-04:00,161.5,161.82000732421875,159.6699981689453,160.75,721500,0.0,0.0
2020-08-06 00:00:00-04:00,161.0,161.67999267578125,159.49000549316406,161.0399932861328,1150900,0.0,0.0
2020-08-07 00:00:00-04:00,160.0500030517578,161.0399932861328,159.00999450683594,160.5399932861328,680900,0.0,0.0
2020-08-10 00:00:00-04:00,160.85000610351562,160.92999267578125,158.97000122070312,159.63999938964844,794200,0.0,0.0
2020-08-11 00:00:00-04:00,160.41000366210938,161.9600067138672,158.97000122070312,159.30999755859375,718300,0.0,0.0
2020-08-12 00:00:00-04:00,160.22000122070312,163.3800048828125,159.9199981689453,162.8699951171875,785800,0.0,0.0
2020-08-13 00:00:00-04:00,162.22000122070312,165.02000427246094,162.22000122070312,163.75,682300,0.0,0.0
2020-08-14 00:00:00-04:00,162.64999389648438,162.8800048828125,160.47999572753906,161.22999572753906,560300,0.0,0.0
2020-08-17 00:00:00-04:00,161.82000732421875,163.25999450683594,161.14999389648438,161.5,489300,0.0,0.0
2020-08-18 00:00:00-04:00,161.80999755859375,161.80999755859375,159.42999267578125,160.52999877929688,529700,0.0,0.0
2020-08-19 00:00:00-04:00,160.6699981689453,161.67999267578125,159.08999633789062,160.16000366210938,396800,0.0,0.0
2020-08-20 00:00:00-04:00,158.9499969482422,158.9499969482422,157.42999267578125,157.9600067138672,651100,0.0,0.0
2020-08-21 00:00:00-04:00,158.52000427246094,158.6999969482422,156.33999633789062,157.57000732421875,661200,0.0,0.0
2020-08-24 00:00:00-04:00,158.42999267578125,158.52999877929688,155.08999633789062,156.24000549316406,990100,0.0,0.0
2020-08-25 00:00:00-04:00,156.91000366210938,157.7899932861328,154.5800018310547,156.94000244140625,1149200,0.0,0.0
2020-08-26 00:00:00-04:00,156.66000366210938,159.14999389648438,156.66000366210938,158.52000427246094,745700,0.0,0.0
2020-08-27 00:00:00-04:00,158.39999389648438,159.94000244140625,156.52000427246094,158.5,917900,0.0,0.0
2020-08-28 00:00:00-04:00,158.5,161.25,157.82000732421875,161.22000122070312,684800,0.0,0.0
2020-08-31 00:00:00-04:00,160.63999938964844,164.8800048828125,160.25,163.75,1304100,0.0,0.0
2020-09-01 00:00:00-04:00,164.0,165.8800048828125,163.0,165.1300048828125,959200,0.0,0.0
2020-09-02 00:00:00-04:00,165.52000427246094,170.50999450683594,164.64999389648438,169.75,972300,0.0,0.0
2020-09-03 00:00:00-04:00,169.9600067138672,169.99000549316406,163.1300048828125,164.8000030517578,796900,0.0,0.0
2020-09-04 00:00:00-04:00,165.5399932861328,165.7100067138672,157.17999267578125,160.2100067138672,1152500,0.0,0.0
2020-09-08 00:00:00-04:00,158.6199951171875,161.55999755859375,157.1999969482422,157.7899932861328,1041100,0.0,0.0
2020-09-09 00:00:00-04:00,160.74000549316406,163.17999267578125,159.42999267578125,161.05999755859375,974700,0.0,0.0
2020-09-10 00:00:00-04:00,162.0,163.74000549316406,159.5,159.6699981689453,923500,0.0,0.0
2020-09-11 00:00:00-04:00,160.9600067138672,161.6300048828125,158.13999938964844,159.52999877929688,545600,0.0,0.0
2020-09-14 00:00:00-04:00,161.61000061035156,163.11000061035156,160.67999267578125,161.64999389648438,766000,0.0,0.0
2020-09-15 00:00:00-04:00,162.72999572753906,165.75,162.72999572753906,164.7100067138672,1242500,0.0,0.0
2020-09-16 00:00:00-04:00,165.60000610351562,165.91000366210938,162.0,162.00999450683594,1268000,0.0,0.0
2020-09-17 00:00:00-04:00,160.7899932861328,161.30999755859375,158.58999633789062,160.5,1019700,0.0,0.0
2020-09-18 00:00:00-04:00,160.3800048828125,160.8800048828125,156.72000122070312,157.1199951171875,3615900,0.0,0.0
2020-09-21 00:00:00-04:00,154.6199951171875,154.9199981689453,150.61000061035156,154.0800018310547,1251200,0.0,0.0
2020-09-22 00:00:00-04:00,153.77000427246094,154.44000244140625,152.5,153.3000030517578,1157700,0.0,0.0
2020-09-23 00:00:00-04:00,153.35000610351562,153.77000427246094,148.8699951171875,148.9600067138672,809900,0.0,0.0
2020-09-24 00:00:00-04:00,149.75,149.75,146.0,148.07000732421875,1081000,0.0,0.0
2020-09-25 00:00:00-04:00,147.32000732421875,152.52999877929688,146.02999877929688,151.3000030517578,1792700,0.0,0.0
2020-09-28 00:00:00-04:00,153.5,156.99000549316406,153.5,155.30999755859375,910600,0.0,0.0
2020-09-29 00:00:00-04:00,155.25,158.0500030517578,154.61000061035156,154.77999877929688,858600,0.0,0.0
2020-09-30 00:00:00-04:00,155.44000244140625,158.97000122070312,155.0,157.6300048828125,778700,0.0,0.0
2020-10-01 00:00:00-04:00,159.16000366210938,160.8000030517578,157.47999572753906,158.3300018310547,799000,0.0,0.0
2020-10-02 00:00:00-04:00,156.41000366210938,158.3800048828125,155.80999755859375,156.8300018310547,561700,0.0,0.0
2020-10-05 00:00:00-04:00,158.60000610351562,161.64999389648438,157.80999755859375,160.6199951171875,560300,0.0,0.0
2020-10-06 00:00:00-04:00,161.14999389648438,162.9199981689453,159.39999389648438,159.39999389648438,472900,0.0,0.0
2020-10-07 00:00:00-04:00,160.32000732421875,164.72000122070312,160.32000732421875,164.19000244140625,579800,0.0,0.0
2020-10-08 00:00:00-04:00,164.57000732421875,166.11000061035156,163.8300018310547,164.49000549316406,561100,0.0,0.0
2020-10-09 00:00:00-04:00,165.3800048828125,167.5399932861328,164.97000122070312,166.75999450683594,926500,0.0,0.0
2020-10-12 00:00:00-04:00,167.94000244140625,171.8800048828125,166.49000549316406,170.4600067138672,923100,0.0,0.0
2020-10-13 00:00:00-04:00,169.5,170.99000549316406,166.57000732421875,166.58999633789062,815100,0.0,0.0
2020-10-14 00:00:00-04:00,167.3699951171875,168.1300048828125,164.2899932861328,165.88999938964844,771500,0.0,0.0
2020-10-15 00:00:00-04:00,163.52999877929688,164.19000244140625,161.35000610351562,162.0,1173600,0.0,0.0
2020-10-16 00:00:00-04:00,163.3300018310547,166.38999938964844,163.3300018310547,164.55999755859375,1047500,0.0,0.0
2020-10-19 00:00:00-04:00,164.77000427246094,166.5,163.07000732421875,164.0500030517578,1361000,0.0,0.0
2020-10-20 00:00:00-04:00,172.16000366210938,176.0,171.83999633789062,173.5,2158900,0.0,0.0
2020-10-21 00:00:00-04:00,173.89999389648438,174.72000122070312,169.0800018310547,169.25,918300,0.0,0.0
2020-10-22 00:00:00-04:00,169.8699951171875,171.97999572753906,167.49000549316406,169.39999389648438,946100,0.0,0.0
2020-10-23 00:00:00-04:00,170.77000427246094,170.77000427246094,166.52999877929688,167.47000122070312,760600,0.0,0.0
2020-10-26 00:00:00-04:00,165.3300018310547,165.7100067138672,159.80999755859375,162.1699981689453,1301300,0.0,0.0
2020-10-27 00:00:00-04:00,162.6199951171875,162.74000549316406,158.5800018310547,159.13999938964844,1216800,0.0,0.0
2020-10-28 00:00:00-04:00,155.75,158.63999938964844,155.22000122070312,155.7100067138672,1400200,0.0,0.0
2020-10-29 00:00:00-04:00,156.4199981689453,157.75,153.5500030517578,154.64999389648438,1226200,0.0,0.0
2020-10-30 00:00:00-04:00,153.94000244140625,155.00999450683594,150.66000366210938,153.99000549316406,1009700,0.0,0.0
2020-11-02 00:00:00-05:00,156.2100067138672,157.57000732421875,154.24000549316406,155.1300048828125,787900,0.0,0.0
2020-11-03 00:00:00-05:00,157.66000366210938,160.9499969482422,157.08999633789062,160.13999938964844,765500,0.0,0.0
2020-11-04 00:00:00-05:00,162.0399932861328,174.2100067138672,162.0399932861328,170.89999389648438,1583500,0.0,0.0
2020-11-05 00:00:00-05:00,173.6699981689453,176.16000366210938,171.25999450683594,171.7100067138672,1007100,0.0,0.0
2020-11-06 00:00:00-05:00,171.99000549316406,173.3300018310547,169.86000061035156,171.44000244140625,759500,0.0,0.0
2020-11-09 00:00:00-05:00,180.1300048828125,180.77000427246094,173.30999755859375,173.66000366210938,1276300,0.0,0.0
2020-11-10 00:00:00-05:00,172.75999450683594,173.41000366210938,165.49000549316406,166.0,1272400,0.0,0.0
2020-11-11 00:00:00-05:00,168.00999450683594,169.7100067138672,165.5800018310547,167.8800048828125,885000,0.0,0.0
2020-11-12 00:00:00-05:00,167.80999755859375,169.64999389648438,166.67999267578125,167.8000030517578,746000,0.0,0.0
2020-11-13 00:00:00-05:00,168.97999572753906,174.52000427246094,168.97000122070312,173.92999267578125,745400,0.0,0.0
2020-11-16 00:00:00-05:00,175.0,175.3800048828125,171.88999938964844,173.74000549316406,620000,0.0,0.0
2020-11-17 00:00:00-05:00,171.77999877929688,172.39999389648438,168.91000366210938,172.2100067138672,613100,0.0,0.0
2020-11-18 00:00:00-05:00,172.32000732421875,173.52999877929688,168.8699951171875,169.07000732421875,837100,0.0,0.0
2020-11-19 00:00:00-05:00,168.35000610351562,169.85000610351562,167.00999450683594,169.5500030517578,714000,0.0,0.0
2020-11-20 00:00:00-05:00,169.75,171.0800018310547,168.13999938964844,169.77000427246094,606000,0.0,0.0
2020-11-23 00:00:00-05:00,170.8000030517578,171.4199981689453,169.30999755859375,170.55999755859375,682700,0.0,0.0
2020-11-24 00:00:00-05:00,173.0500030517578,173.82000732421875,170.77999877929688,172.0,742800,0.0,0.0
2020-11-25 00:00:00-05:00,171.99000549316406,171.99000549316406,169.33999633789062,169.8699951171875,817100,0.0,0.0
2020-11-27 00:00:00-05:00,170.47999572753906,170.88999938964844,168.02999877929688,168.80999755859375,591800,0.0,0.0
2020-11-30 00:00:00-05:00,169.61000061035156,170.4199981689453,167.74000549316406,168.99000549316406,1644000,0.0,0.0
2020-12-01 00:00:00-05:00,170.6199951171875,173.77000427246094,170.30999755859375,171.22999572753906,1635700,0.0,0.0
2020-12-02 00:00:00-05:00,170.3000030517578,170.80999755859375,168.30999755859375,170.0399932861328,1050700,0.0,0.0
2020-12-03 00:00:00-05:00,170.5,171.0,167.19000244140625,167.6300048828125,1560100,0.0,0.0
2020-12-04 00:00:00-05:00,167.89999389648438,170.61000061035156,165.82000732421875,170.61000061035156,1496000,0.0,0.0
2020-12-07 00:00:00-05:00,170.69000244140625,172.13999938964844,169.13999938964844,170.07000732421875,1660200,0.0,0.0
2020-12-08 00:00:00-05:00,169.44000244140625,171.4499969482422,168.3800048828125,171.2899932861328,1579900,0.0,0.0
2020-12-09 00:00:00-05:00,171.17999267578125,171.5,168.38999938964844,168.5,1086100,0.0,0.0
2020-12-10 00:00:00-05:00,168.39999389648438,169.97999572753906,167.42999267578125,168.47000122070312,866300,0.0,0.0
2020-12-11 00:00:00-05:00,167.39999389648438,168.58999633789062,165.52000427246094,167.80999755859375,1069200,0.0,0.0
2020-12-14 00:00:00-05:00,169.0800018310547,172.25,166.91000366210938,167.3000030517578,1091000,0.0,0.0
2020-12-15 00:00:00-05:00,168.72000122070312,173.33999633789062,167.6699981689453,172.4199981689453,1490600,0.0,0.0
2020-12-16 00:00:00-05:00,172.4199981689453,175.4600067138672,171.07000732421875,174.69000244140625,1124500,0.0,0.0
2020-12-17 00:00:00-05:00,175.72999572753906,179.22000122070312,175.0,178.9499969482422,1884400,0.0,0.0
2020-12-18 00:00:00-05:00,179.5800018310547,180.99000549316406,177.66000366210938,180.38999938964844,1901500,0.0,0.0
2020-12-21 00:00:00-05:00,177.30999755859375,177.97000122070312,173.8699951171875,176.75,1396700,0.0,0.0
2020-12-22 00:00:00-05:00,177.3699951171875,177.3699951171875,174.61000061035156,176.97999572753906,856400,0.0,0.0
2020-12-23 00:00:00-05:00,177.83999633789062,178.99000549316406,174.89999389648438,175.5500030517578,894700,0.0,0.0
2020-12-24 00:00:00-05:00,175.91000366210938,176.4600067138672,174.94000244140625,175.94000244140625,261800,0.0,0.0
2020-12-28 00:00:00-05:00,177.5,177.5,173.8300018310547,175.32000732421875,560700,0.0,0.0
2020-12-29 00:00:00-05:00,177.49000549316406,177.52000427246094,174.30999755859375,174.8300018310547,441500,0.0,0.0
2020-12-30 00:00:00-05:00,175.5500030517578,178.5800018310547,175.1999969482422,177.52000427246094,871900,0.0,0.0
2020-12-31 00:00:00-05:00,178.0399932861328,179.3699951171875,175.38999938964844,179.1699981689453,528800,0.0,0.0
2021-01-04 00:00:00-05:00,178.44000244140625,179.80999755859375,174.27999877929688,176.60000610351562,1046500,0.0,0.0
2021-01-05 00:00:00-05:00,175.72999572753906,180.3300018310547,175.72999572753906,179.33999633789062,775100,0.0,0.0
2021-01-06 00:00:00-05:00,177.1300048828125,187.0500030517578,177.0,186.25,1123800,0.0,0.0
2021-01-07 00:00:00-05:00,187.8000030517578,189.80999755859375,187.32000732421875,188.05999755859375,741300,0.0,0.0
2021-01-08 00:00:00-05:00,188.0,192.0,187.52999877929688,191.0800018310547,805500,0.0,0.0
2021-01-11 00:00:00-05:00,190.07000732421875,192.07000732421875,188.27000427246094,191.44000244140625,617100,0.0,0.0
2021-01-12 00:00:00-05:00,191.0,192.33999633789062,187.94000244140625,189.4199981689453,607700,0.0,0.0
2021-01-13 00:00:00-05:00,189.0399932861328,191.3699951171875,188.9600067138672,189.36000061035156,529200,0.0,0.0
2021-01-14 00:00:00-05:00,189.3800048828125,190.5500030517578,187.6999969482422,188.11000061035156,568200,0.0,0.0
2021-01-15 00:00:00-05:00,187.9199981689453,188.75,185.61000061035156,187.7899932861328,1028200,0.0,0.0
2021-01-19 00:00:00-05:00,191.5,191.5,186.47000122070312,188.97000122070312,948300,0.0,0.0
2021-01-20 00:00:00-05:00,189.02999877929688,191.27000427246094,188.02999877929688,190.5399932861328,684100,0.0,0.0
2021-01-21 00:00:00-05:00,189.64999389648438,191.27000427246094,187.6300048828125,187.69000244140625,1154500,0.0,0.0
2021-01-22 00:00:00-05:00,186.99000549316406,187.41000366210938,185.1300048828125,185.58999633789062,824000,0.0,0.0
2021-01-25 00:00:00-05:00,185.75,186.44000244140625,179.52999877929688,183.02000427246094,930600,0.0,0.0
2021-01-26 00:00:00-05:00,184.47999572753906,184.67999267578125,180.05999755859375,180.33999633789062,755100,0.0,0.0
2021-01-27 00:00:00-05:00,176.1199951171875,176.85000610351562,170.0,173.0,1574200,0.0,0.0
2021-01-28 00:00:00-05:00,175.94000244140625,180.33999633789062,174.91000366210938,178.66000366210938,1028400,0.0,0.0
2021-01-29 00:00:00-05:00,178.0500030517578,181.75,176.50999450683594,177.8000030517578,881200,0.0,0.0
2021-02-01 00:00:00-05:00,180.17999267578125,182.1999969482422,178.8300018310547,180.44000244140625,1251600,0.0,0.0
2021-02-02 00:00:00-05:00,183.14999389648438,187.33999633789062,182.25,184.41000366210938,953400,0.0,0.0
2021-02-03 00:00:00-05:00,183.91000366210938,185.5,182.35000610351562,182.99000549316406,724800,0.0,0.0
2021-02-04 00:00:00-05:00,183.36000061035156,185.97000122070312,182.02999877929688,184.32000732421875,654500,0.0,0.0
2021-02-05 00:00:00-05:00,186.02999877929688,187.0,184.8300018310547,186.10000610351562,932300,0.0,0.0
2021-02-08 00:00:00-05:00,187.47000122070312,189.0800018310547,186.4199981689453,186.91000366210938,1344100,0.0,0.0
2021-02-09 00:00:00-05:00,185.63999938964844,187.13999938964844,183.7899932861328,183.82000732421875,1127700,0.0,0.0
2021-02-10 00:00:00-05:00,195.75,199.99000549316406,189.58999633789062,190.0500030517578,2085400,0.0,0.0
2021-02-11 00:00:00-05:00,191.66000366210938,196.97000122070312,191.30999755859375,192.85000610351562,1051900,0.0,0.0
2021-02-12 00:00:00-05:00,191.57000732421875,193.22000122070312,188.89999389648438,192.66000366210938,755400,0.0,0.0
2021-02-16 00:00:00-05:00,192.66000366210938,193.16000366210938,189.6699981689453,190.5,1060900,0.0,0.0
2021-02-17 00:00:00-05:00,188.50999450683594,191.6699981689453,188.22000122070312,188.92999267578125,586700,0.0,0.0
2021-02-18 00:00:00-05:00,188.0,189.02999877929688,185.3800048828125,187.7100067138672,713200,0.0,0.0
2021-02-19 00:00:00-05:00,188.39999389648438,189.4499969482422,185.97000122070312,188.6999969482422,788600,0.0,0.0
2021-02-22 00:00:00-05:00,187.4499969482422,190.7899932861328,186.38999938964844,190.13999938964844,788100,0.0,0.0
2021-02-23 00:00:00-05:00,190.6699981689453,192.80999755859375,189.88999938964844,191.0500030517578,1262200,0.0,0.0
2021-02-24 00:00:00-05:00,191.17999267578125,197.35000610351562,191.17999267578125,194.58999633789062,1350300,0.0,0.0
2021-02-25 00:00:00-05:00,194.0500030517578,195.0,190.67999267578125,192.5500030517578,1118900,0.0,0.0
2021-02-26 00:00:00-05:00,193.82000732421875,195.27000427246094,189.38999938964844,192.7899932861328,1383200,0.0,0.0
2021-03-01 00:00:00-05:00,194.97999572753906,196.72000122070312,192.5500030517578,194.38999938964844,823900,0.0,0.0
2021-03-02 00:00:00-05:00,194.3300018310547,194.7899932861328,190.1199951171875,192.74000549316406,609600,0.0,0.0
2021-03-03 00:00:00-05:00,191.1699981689453,192.44000244140625,188.61000061035156,190.58999633789062,638300,0.0,0.0
2021-03-04 00:00:00-05:00,189.7100067138672,191.25999450683594,183.91000366210938,186.5800018310547,857500,0.0,0.0
2021-03-05 00:00:00-05:00,187.8699951171875,189.9199981689453,181.1300048828125,188.77999877929688,1216600,0.0,0.0
2021-03-08 00:00:00-05:00,191.47000122070312,194.9499969482422,187.6199951171875,187.8000030517578,917500,0.0,0.0
2021-03-09 00:00:00-05:00,190.05999755859375,192.8000030517578,188.80999755859375,189.38999938964844,862700,0.0,0.0
2021-03-10 00:00:00-05:00,190.24000549316406,191.7899932861328,189.5399932861328,189.74000549316406,677000,0.0,0.0
2021-03-11 00:00:00-05:00,191.36000061035156,191.8300018310547,189.0800018310547,189.3699951171875,677500,0.0,0.0
2021-03-12 00:00:00-05:00,188.13999938964844,189.22000122070312,185.25,186.80999755859375,886700,0.0,0.0
2021-03-15 00:00:00-04:00,186.02999877929688,190.72000122070312,185.83999633789062,190.64999389648438,808700,0.0,0.0
2021-03-16 00:00:00-04:00,191.77000427246094,192.7899932861328,187.33999633789062,189.38999938964844,846500,0.0,0.0
2021-03-17 00:00:00-04:00,188.69000244140625,191.10000610351562,187.61000061035156,189.7100067138672,726800,0.0,0.0
2021-03-18 00:00:00-04:00,188.52999877929688,190.0500030517578,185.72999572753906,186.5,771800,0.0,0.0
2021-03-19 00:00:00-04:00,187.08999633789062,189.6199951171875,185.77999877929688,188.3300018310547,1090600,0.0,0.0
2021-03-22 00:00:00-04:00,188.3000030517578,191.05999755859375,187.13999938964844,189.72999572753906,878100,0.0,0.0
2021-03-23 00:00:00-04:00,189.52999877929688,189.77000427246094,186.3699951171875,186.99000549316406,800300,0.0,0.0
2021-03-24 00:00:00-04:00,187.25999450683594,189.22999572753906,185.5500030517578,186.11000061035156,585000,0.0,0.0
2021-03-25 00:00:00-04:00,186.2899932861328,187.0399932861328,184.30999755859375,186.5500030517578,900900,0.0,0.0
2021-03-26 00:00:00-04:00,187.85000610351562,193.16000366210938,186.64999389648438,192.86000061035156,605000,0.0,0.0
2021-03-29 00:00:00-04:00,191.0399932861328,192.22999572753906,189.6999969482422,191.0,595200,0.0,0.0
2021-03-30 00:00:00-04:00,189.6999969482422,191.74000549316406,189.14999389648438,190.7899932861328,758800,0.0,0.0
2021-03-31 00:00:00-04:00,192.13999938964844,195.05999755859375,190.85000610351562,193.13999938964844,862500,0.0,0.0
2021-04-01 00:00:00-04:00,195.02999877929688,199.30999755859375,191.83999633789062,198.05999755859375,1003000,0.0,0.0
2021-04-05 00:00:00-04:00,199.0,201.30999755859375,199.0,200.3699951171875,604800,0.0,0.0
2021-04-06 00:00:00-04:00,200.3000030517578,203.7899932861328,200.1999969482422,203.57000732421875,850400,0.0,0.0
2021-04-07 00:00:00-04:00,203.42999267578125,203.44000244140625,200.07000732421875,201.60000610351562,639700,0.0,0.0
2021-04-08 00:00:00-04:00,202.4600067138672,204.91000366210938,202.4600067138672,204.33999633789062,641900,0.0,0.0
2021-04-09 00:00:00-04:00,205.67999267578125,207.7899932861328,204.66000366210938,207.66000366210938,567100,0.0,0.0
2021-04-12 00:00:00-04:00,207.89999389648438,208.47999572753906,205.77999877929688,208.2100067138672,929400,0.0,0.0
2021-04-13 00:00:00-04:00,208.08999633789062,208.83999633789062,206.69000244140625,207.49000549316406,505900,0.0,0.0
2021-04-14 00:00:00-04:00,208.6199951171875,211.11000061035156,207.86000061035156,208.89999389648438,814500,0.0,0.0
2021-04-15 00:00:00-04:00,210.75,217.6300048828125,210.75,214.1300048828125,1129700,0.0,0.0
2021-04-16 00:00:00-04:00,216.0,216.91000366210938,214.80999755859375,215.55999755859375,1414000,0.0,0.0
2021-04-19 00:00:00-04:00,215.7100067138672,218.3300018310547,214.9600067138672,216.22000122070312,1205800,0.0,0.0
2021-04-20 00:00:00-04:00,215.8699951171875,219.60000610351562,215.8699951171875,217.1199951171875,1854700,0.0,0.0
2021-04-21 00:00:00-04:00,216.5,220.5500030517578,215.22000122070312,219.0,986300,0.0,0.0
2021-04-22 00:00:00-04:00,225.9499969482422,235.50999450683594,223.60000610351562,225.94000244140625,1829500,0.0,0.0
2021-04-23 00:00:00-04:00,226.39999389648438,232.91000366210938,226.39999389648438,232.3000030517578,1594700,0.0,0.0
2021-04-26 00:00:00-04:00,233.08999633789062,235.19000244140625,232.17999267578125,233.4199981689453,1291800,0.0,0.0
2021-04-27 00:00:00-04:00,233.32000732421875,234.66000366210938,231.69000244140625,234.41000366210938,1339900,0.0,0.0
2021-04-28 00:00:00-04:00,233.77000427246094,237.2899932861328,232.75,236.02000427246094,1165500,0.0,0.0
2021-04-29 00:00:00-04:00,237.0,237.47000122070312,232.1199951171875,235.4499969482422,1045300,0.0,0.0
2021-04-30 00:00:00-04:00,235.11000061035156,236.9199981689453,232.58999633789062,234.69000244140625,774100,0.0,0.0
2021-05-03 00:00:00-04:00,236.0,236.6199951171875,231.72999572753906,233.9600067138672,793200,0.0,0.0
2021-05-04 00:00:00-04:00,232.0,233.6699981689453,229.47000122070312,232.69000244140625,1069200,0.0,0.0
2021-05-05 00:00:00-04:00,233.5500030517578,234.75,230.05999755859375,231.94000244140625,1250700,0.0,0.0
2021-05-06 00:00:00-04:00,231.3300018310547,231.74000549316406,229.35000610351562,231.22000122070312,1250400,0.0,0.0
2021-05-07 00:00:00-04:00,232.0,236.2100067138672,231.86000061035156,234.38999938964844,953200,0.0,0.0
2021-05-10 00:00:00-04:00,234.9600067138672,235.86000061035156,231.27999877929688,231.49000549316406,1024100,0.0,0.0
2021-05-11 00:00:00-04:00,229.30999755859375,233.3000030517578,227.39999389648438,232.07000732421875,1131900,0.0,0.0
2021-05-12 00:00:00-04:00,229.86000061035156,231.75999450683594,227.58999633789062,228.0,775200,0.0,0.0
2021-05-13 00:00:00-04:00,229.07000732421875,230.97000122070312,228.19000244140625,229.66000366210938,968700,0.0,0.0
2021-05-14 00:00:00-04:00,231.0800018310547,234.80999755859375,229.36000061035156,234.0399932861328,785400,0.0,0.0
2021-05-17 00:00:00-04:00,234.64999389648438,235.5399932861328,231.22000122070312,231.47999572753906,565900,0.0,0.0
2021-05-18 00:00:00-04:00,232.14999389648438,232.2899932861328,229.52999877929688,230.5800018310547,1046100,0.0,0.0
2021-05-19 00:00:00-04:00,228.1199951171875,232.72000122070312,226.9499969482422,232.6999969482422,941200,0.0,0.0
2021-05-20 00:00:00-04:00,232.38999938964844,237.83999633789062,232.02999877929688,236.74000549316406,656800,0.0,0.0
2021-05-21 00:00:00-04:00,237.35000610351562,240.82000732421875,237.35000610351562,238.9600067138672,1002500,0.0,0.0
2021-05-24 00:00:00-04:00,241.1300048828125,243.94000244140625,239.91000366210938,242.5800018310547,738000,0.0,0.0
2021-05-25 00:00:00-04:00,243.44000244140625,244.9499969482422,241.22999572753906,242.1300048828125,827500,0.0,0.0
2021-05-26 00:00:00-04:00,243.19000244140625,243.69000244140625,237.6300048828125,239.60000610351562,664700,0.0,0.0
2021-05-27 00:00:00-04:00,239.9499969482422,240.89999389648438,237.27999877929688,237.4600067138672,2468100,0.0,0.0
2021-05-28 00:00:00-04:00,239.5500030517578,240.5800018310547,238.02000427246094,240.16000366210938,1282800,0.0,0.0
2021-06-01 00:00:00-04:00,241.39999389648438,242.00999450683594,234.75999450683594,237.25,847800,0.0,0.0
2021-06-02 00:00:00-04:00,238.3800048828125,239.5,234.91000366210938,235.0,945000,0.0,0.0
2021-06-03 00:00:00-04:00,233.3800048828125,234.83999633789062,230.9600067138672,233.33999633789062,1490100,0.0,0.0
2021-06-04 00:00:00-04:00,235.58999633789062,236.42999267578125,233.4499969482422,233.83999633789062,919500,0.0,0.0
2021-06-07 00:00:00-04:00,233.57000732421875,235.22000122070312,232.5800018310547,233.1999969482422,1608600,0.0,0.0
2021-06-08 00:00:00-04:00,234.0500030517578,235.72000122070312,231.07000732421875,234.82000732421875,777100,0.0,0.0
2021-06-09 00:00:00-04:00,235.1999969482422,239.85000610351562,234.64999389648438,239.3800048828125,1049900,0.0,0.0
2021-06-10 00:00:00-04:00,239.9499969482422,244.3800048828125,239.9199981689453,242.8000030517578,799800,0.0,0.0
2021-06-11 00:00:00-04:00,243.0,243.5399932861328,240.47999572753906,243.44000244140625,1090300,0.0,0.0
2021-06-14 00:00:00-04:00,243.41000366210938,245.50999450683594,242.3000030517578,244.47000122070312,726700,0.0,0.0
2021-06-15 00:00:00-04:00,245.2100067138672,247.47999572753906,244.17999267578125,246.77000427246094,950100,0.0,0.0
2021-06-16 00:00:00-04:00,248.74000549316406,248.74000549316406,243.77000427246094,244.22999572753906,998100,0.0,0.0
2021-06-17 00:00:00-04:00,243.86000061035156,247.05999755859375,243.1199951171875,246.3000030517578,1136100,0.0,0.0
2021-06-18 00:00:00-04:00,244.64999389648438,247.05999755859375,238.99000549316406,239.66000366210938,4072000,0.0,0.0
2021-06-21 00:00:00-04:00,241.11000061035156,244.27999877929688,239.10000610351562,243.4499969482422,1065500,0.0,0.0
2021-06-22 00:00:00-04:00,243.4199981689453,244.9499969482422,241.91000366210938,243.97999572753906,1050000,0.0,0.0
2021-06-23 00:00:00-04:00,243.08999633789062,244.63999938964844,241.5800018310547,242.30999755859375,984800,0.0,0.0
2021-06-24 00:00:00-04:00,243.5800018310547,244.82000732421875,240.80999755859375,240.88999938964844,925100,0.0,0.0
2021-06-25 00:00:00-04:00,241.92999267578125,245.77000427246094,240.88999938964844,245.33999633789062,1840500,0.0,0.0
2021-06-28 00:00:00-04:00,245.92999267578125,246.74000549316406,242.16000366210938,243.38999938964844,631200,0.0,0.0
2021-06-29 00:00:00-04:00,243.13999938964844,245.6199951171875,242.5800018310547,244.08999633789062,547400,0.0,0.0
2021-06-30 00:00:00-04:00,243.33999633789062,243.99000549316406,240.3300018310547,242.32000732421875,1051500,0.0,0.0
2021-07-01 00:00:00-04:00,242.72999572753906,247.35000610351562,242.4600067138672,247.13999938964844,910400,0.0,0.0
2021-07-02 00:00:00-04:00,247.41000366210938,249.4499969482422,246.14999389648438,249.14999389648438,538700,0.0,0.0
2021-07-06 00:00:00-04:00,249.63999938964844,251.57000732421875,247.83999633789062,250.9499969482422,1113800,0.0,0.0
2021-07-07 00:00:00-04:00,251.6699981689453,254.0500030517578,248.97999572753906,253.94000244140625,830500,0.0,0.0
2021-07-08 00:00:00-04:00,250.0,250.61000061035156,247.91000366210938,248.80999755859375,750100,0.0,0.0
2021-07-09 00:00:00-04:00,249.6999969482422,251.30999755859375,248.57000732421875,251.16000366210938,470600,0.0,0.0
2021-07-12 00:00:00-04:00,251.6300048828125,252.41000366210938,248.11000061035156,248.6199951171875,765700,0.0,0.0
2021-07-13 00:00:00-04:00,248.99000549316406,250.0500030517578,246.5,249.6300048828125,734800,0.0,0.0
2021-07-14 00:00:00-04:00,249.63999938964844,250.4600067138672,245.30999755859375,246.0,681500,0.0,0.0
2021-07-15 00:00:00-04:00,245.6300048828125,247.22000122070312,243.91000366210938,246.5,717800,0.0,0.0
2021-07-16 00:00:00-04:00,247.3000030517578,249.77999877929688,245.66000366210938,247.6999969482422,501300,0.0,0.0
2021-07-19 00:00:00-04:00,244.22999572753906,245.14999389648438,239.8300018310547,241.69000244140625,906400,0.0,0.0
2021-07-20 00:00:00-04:00,242.9199981689453,247.69000244140625,241.47999572753906,247.07000732421875,1123800,0.0,0.0
2021-07-21 00:00:00-04:00,247.8800048828125,247.8800048828125,241.32000732421875,243.02999877929688,1139800,0.0,0.0
2021-07-22 00:00:00-04:00,244.16000366210938,246.88999938964844,243.42999267578125,244.91000366210938,714300,0.0,0.0
2021-07-23 00:00:00-04:00,246.00999450683594,249.91000366210938,245.27999877929688,249.0800018310547,839100,0.0,0.0
2021-07-26 00:00:00-04:00,248.0500030517578,249.85000610351562,243.92999267578125,247.2899932861328,1293900,0.0,0.0
2021-07-27 00:00:00-04:00,243.6300048828125,247.1999969482422,238.1699981689453,243.17999267578125,1556800,0.0,0.0
2021-07-28 00:00:00-04:00,244.16000366210938,246.27999877929688,242.02000427246094,245.3699951171875,1168900,0.0,0.0
2021-07-29 00:00:00-04:00,246.82000732421875,250.1999969482422,246.52000427246094,248.7100067138672,585800,0.0,0.0
2021-07-30 00:00:00-04:00,248.9199981689453,249.91000366210938,247.1300048828125,247.6999969482422,967000,0.0,0.0
2021-08-02 00:00:00-04:00,248.42999267578125,249.42999267578125,246.3000030517578,247.3000030517578,807000,0.0,0.0
2021-08-03 00:00:00-04:00,248.19000244140625,250.74000549316406,247.77999877929688,249.97999572753906,1049900,0.0,0.0
2021-08-04 00:00:00-04:00,249.99000549316406,252.1300048828125,246.8000030517578,249.86000061035156,727700,0.0,0.0
2021-08-05 00:00:00-04:00,250.89999389648438,251.85000610351562,247.27000427246094,248.41000366210938,508800,0.0,0.0
2021-08-06 00:00:00-04:00,247.82000732421875,249.80999755859375,244.80999755859375,248.9600067138672,670900,0.0,0.0
2021-08-09 00:00:00-04:00,249.08999633789062,249.8300018310547,245.3800048828125,247.66000366210938,541900,0.0,0.0
2021-08-10 00:00:00-04:00,247.4600067138672,249.91000366210938,245.72000122070312,247.38999938964844,543700,0.0,0.0
2021-08-11 00:00:00-04:00,247.6300048828125,248.44000244140625,244.2100067138672,244.5500030517578,530700,0.0,0.0
2021-08-12 00:00:00-04:00,244.97000122070312,247.14999389648438,243.69000244140625,246.25,553700,0.0,0.0
2021-08-13 00:00:00-04:00,246.60000610351562,248.25999450683594,245.99000549316406,248.13999938964844,265600,0.0,0.0
2021-08-16 00:00:00-04:00,248.39999389648438,255.4499969482422,248.22999572753906,255.2899932861328,677600,0.0,0.0
2021-08-17 00:00:00-04:00,254.6199951171875,257.29998779296875,253.07000732421875,257.0400085449219,860000,0.0,0.0
2021-08-18 00:00:00-04:00,256.9200134277344,259.0799865722656,254.8800048828125,255.0,801900,0.0,0.0
2021-08-19 00:00:00-04:00,253.2100067138672,257.2699890136719,252.8300018310547,256.6600036621094,865700,0.0,0.0
2021-08-20 00:00:00-04:00,256.4700012207031,257.9700012207031,253.30999755859375,254.6999969482422,555600,0.0,0.0
2021-08-23 00:00:00-04:00,256.8800048828125,257.7300109863281,253.80999755859375,254.3800048828125,707200,0.0,0.0
2021-08-24 00:00:00-04:00,255.25999450683594,257.260009765625,253.57000732421875,256.8599853515625,675300,0.0,0.0
2021-08-25 00:00:00-04:00,257.9700012207031,259.29998779296875,255.63999938964844,258.7099914550781,383400,0.0,0.0
2021-08-26 00:00:00-04:00,258.6400146484375,259.7799987792969,256.3999938964844,258.489990234375,442600,0.0,0.0
2021-08-27 00:00:00-04:00,259.4200134277344,263.6099853515625,259.0199890136719,259.54998779296875,459100,0.0,0.0
2021-08-30 00:00:00-04:00,259.0799865722656,261.75,259.0799865722656,261.6000061035156,509000,0.0,0.0
2021-08-31 00:00:00-04:00,261.6000061035156,262.25,258.25,259.7300109863281,638800,0.0,0.0
2021-09-01 00:00:00-04:00,260.010009765625,263.04998779296875,258.4800109863281,262.2300109863281,514500,0.0,0.0
2021-09-02 00:00:00-04:00,263.6600036621094,265.3399963378906,262.760009765625,265.2300109863281,476800,0.0,0.0
2021-09-03 00:00:00-04:00,264.7200012207031,264.80999755859375,262.55999755859375,263.2200012207031,509700,0.0,0.0
2021-09-07 00:00:00-04:00,261.92999267578125,265.1000061035156,259.44000244140625,264.45001220703125,474500,0.0,0.0
2021-09-08 00:00:00-04:00,264.29998779296875,265.29998779296875,261.6300048828125,261.9100036621094,611800,0.0,0.0
2021-09-09 00:00:00-04:00,262.0,263.8500061035156,260.8699951171875,261.2799987792969,480800,0.0,0.0
2021-09-10 00:00:00-04:00,262.3900146484375,263.94000244140625,259.2900085449219,260.5,455600,0.0,0.0
2021-09-13 00:00:00-04:00,262.1400146484375,262.5400085449219,253.1699981689453,255.57000732421875,672500,0.0,0.0
2021-09-14 00:00:00-04:00,257.4599914550781,259.6499938964844,256.0,257.54998779296875,711200,0.0,0.0
2021-09-15 00:00:00-04:00,257.07000732421875,259.1000061035156,255.88999938964844,258.54998779296875,531400,0.0,0.0
2021-09-16 00:00:00-04:00,258.6000061035156,259.2799987792969,256.69000244140625,257.8500061035156,508500,0.0,0.0
2021-09-17 00:00:00-04:00,257.6300048828125,259.0299987792969,254.82000732421875,256.3299865722656,929100,0.0,0.0
2021-09-20 00:00:00-04:00,252.80999755859375,255.22000122070312,249.8300018310547,253.1699981689453,488200,0.0,0.0
2021-09-21 00:00:00-04:00,254.9199981689453,258.4800109863281,253.9499969482422,256.260009765625,619800,0.0,0.0
2021-09-22 00:00:00-04:00,257.1499938964844,261.3599853515625,255.61000061035156,259.75,545500,0.0,0.0
2021-09-23 00:00:00-04:00,261.05999755859375,264.010009765625,258.57000732421875,262.2699890136719,748100,0.0,0.0
2021-09-24 00:00:00-04:00,261.9100036621094,263.5199890136719,259.0400085449219,261.6099853515625,715900,0.0,0.0
2021-09-27 00:00:00-04:00,260.2699890136719,260.6000061035156,246.8000030517578,248.13999938964844,1242300,0.0,0.0
2021-09-28 00:00:00-04:00,245.0800018310547,245.25999450683594,237.4499969482422,241.58999633789062,1403900,0.0,0.0
2021-09-29 00:00:00-04:00,244.52000427246094,245.10000610351562,241.97000122070312,242.91000366210938,758400,0.0,0.0
2021-09-30 00:00:00-04:00,244.08999633789062,245.47999572753906,239.1300048828125,239.5399932861328,867200,0.0,0.0
2021-10-01 00:00:00-04:00,239.74000549316406,242.97999572753906,234.10000610351562,241.5500030517578,674600,0.0,0.0
2021-10-04 00:00:00-04:00,241.49000549316406,243.2899932861328,234.77000427246094,238.57000732421875,901700,0.0,0.0
2021-10-05 00:00:00-04:00,240.27000427246094,243.47000122070312,237.72000122070312,239.36000061035156,649100,0.0,0.0
2021-10-06 00:00:00-04:00,237.8800048828125,239.86000061035156,235.99000549316406,239.39999389648438,539900,0.0,0.0
2021-10-07 00:00:00-04:00,240.67999267578125,246.17999267578125,240.27999877929688,243.82000732421875,528900,0.0,0.0
2021-10-08 00:00:00-04:00,244.35000610351562,244.4499969482422,241.5800018310547,242.22999572753906,548600,0.0,0.0
2021-10-11 00:00:00-04:00,241.1699981689453,244.77999877929688,240.08999633789062,240.27999877929688,318000,0.0,0.0
2021-10-12 00:00:00-04:00,242.22000122070312,242.27000427246094,237.57000732421875,238.3699951171875,309800,0.0,0.0
2021-10-13 00:00:00-04:00,239.94000244140625,243.64999389648438,239.27999877929688,241.50999450683594,751000,0.0,0.0
2021-10-14 00:00:00-04:00,244.07000732421875,247.25,244.02000427246094,246.82000732421875,534800,0.0,0.0
2021-10-15 00:00:00-04:00,248.30999755859375,250.30999755859375,246.57000732421875,248.85000610351562,567300,0.0,0.0
2021-10-18 00:00:00-04:00,248.3000030517578,249.61000061035156,246.17999267578125,248.4600067138672,550000,0.0,0.0
2021-10-19 00:00:00-04:00,250.58999633789062,252.97000122070312,248.89999389648438,249.02000427246094,616200,0.0,0.0
2021-10-20 00:00:00-04:00,249.8000030517578,253.64999389648438,249.74000549316406,251.52000427246094,768000,0.0,0.0
2021-10-21 00:00:00-04:00,250.0,255.72000122070312,241.3000030517578,254.83999633789062,1308300,0.0,0.0
2021-10-22 00:00:00-04:00,256.0,260.1199951171875,254.8699951171875,256.8900146484375,987600,0.0,0.0
2021-10-25 00:00:00-04:00,256.7900085449219,258.30999755859375,255.22000122070312,257.25,701100,0.0,0.0
2021-10-26 00:00:00-04:00,258.3399963378906,258.80999755859375,255.75999450683594,256.0899963378906,566300,0.0,0.0
2021-10-27 00:00:00-04:00,257.45001220703125,257.45001220703125,254.0399932861328,254.2899932861328,548500,0.0,0.0
2021-10-28 00:00:00-04:00,254.3800048828125,258.07000732421875,253.67999267578125,257.19000244140625,487300,0.0,0.0
2021-10-29 00:00:00-04:00,256.92999267578125,261.9599914550781,255.7100067138672,261.4200134277344,677000,0.0,0.0
2021-11-01 00:00:00-04:00,261.82000732421875,263.69000244140625,257.1700134277344,258.8900146484375,553100,0.0,0.0
2021-11-02 00:00:00-04:00,259.8399963378906,259.989990234375,255.88999938964844,257.8299865722656,591400,0.0,0.0
2021-11-03 00:00:00-04:00,257.4700012207031,257.4700012207031,248.16000366210938,254.60000610351562,1021800,0.0,0.0
2021-11-04 00:00:00-04:00,254.6199951171875,254.89999389648438,251.6699981689453,253.86000061035156,808300,0.0,0.0
2021-11-05 00:00:00-04:00,252.0500030517578,252.5800018310547,245.11000061035156,247.19000244140625,1402500,0.0,0.0
2021-11-08 00:00:00-05:00,248.57000732421875,251.6300048828125,246.8300018310547,251.5,684000,0.0,0.0
2021-11-09 00:00:00-05:00,252.16000366210938,254.6199951171875,249.72000122070312,251.8000030517578,688200,0.0,0.0
2021-11-10 00:00:00-05:00,250.4499969482422,255.77999877929688,250.4499969482422,252.1199951171875,570900,0.0,0.0
2021-11-11 00:00:00-05:00,253.1999969482422,254.1199951171875,249.8800048828125,252.5800018310547,680900,0.0,0.0
2021-11-12 00:00:00-05:00,254.61000061035156,256.57000732421875,251.64999389648438,254.67999267578125,867800,0.0,0.0
2021-11-15 00:00:00-05:00,254.91000366210938,256.6000061035156,250.89999389648438,251.80999755859375,956200,0.0,0.0
2021-11-16 00:00:00-05:00,252.17999267578125,268.5199890136719,251.3000030517578,267.5400085449219,1264000,0.0,0.0
2021-11-17 00:00:00-05:00,269.0,269.0,263.510009765625,264.45001220703125,920100,0.0,0.0
2021-11-18 00:00:00-05:00,267.2300109863281,271.32000732421875,266.010009765625,266.6000061035156,1225100,0.0,0.0
2021-11-19 00:00:00-05:00,268.9700012207031,272.25,267.67999267578125,268.1700134277344,942900,0.0,0.0
2021-11-22 00:00:00-05:00,269.1099853515625,269.6000061035156,266.1099853515625,267.489990234375,779900,0.0,0.0
2021-11-23 00:00:00-05:00,264.8599853515625,265.5799865722656,261.70001220703125,265.2699890136719,692900,0.0,0.0
2021-11-24 00:00:00-05:00,264.1099853515625,266.1099853515625,261.6199951171875,265.3599853515625,526600,0.0,0.0
2021-11-26 00:00:00-05:00,262.5199890136719,269.1300048828125,261.489990234375,262.05999755859375,745400,0.0,0.0
2021-11-29 00:00:00-05:00,263.5400085449219,270.80999755859375,262.5400085449219,266.69000244140625,1341400,0.0,0.0
2021-11-30 00:00:00-05:00,264.5799865722656,265.3500061035156,257.739990234375,259.1300048828125,1972800,0.0,0.0
2021-12-01 00:00:00-05:00,260.45001220703125,267.0199890136719,259.1199951171875,259.25,1090200,0.0,0.0
2021-12-02 00:00:00-05:00,258.3999938964844,263.4200134277344,257.5299987792969,262.7300109863281,1115800,0.0,0.0
2021-12-03 00:00:00-05:00,265.1099853515625,266.5,258.3299865722656,261.67999267578125,864100,0.0,0.0
2021-12-06 00:00:00-05:00,262.54998779296875,264.9800109863281,259.239990234375,263.1000061035156,766300,0.0,0.0
2021-12-07 00:00:00-05:00,267.4800109863281,271.29998779296875,265.19000244140625,270.29998779296875,1086100,0.0,0.0
2021-12-08 00:00:00-05:00,270.79998779296875,272.92999267578125,268.3500061035156,272.19000244140625,888400,0.0,0.0
2021-12-09 00:00:00-05:00,271.32000732421875,272.79998779296875,269.1300048828125,269.1600036621094,563900,0.0,0.0
2021-12-10 00:00:00-05:00,269.5799865722656,271.9700012207031,267.2900085449219,270.32000732421875,713400,0.0,0.0
2021-12-13 00:00:00-05:00,270.5199890136719,272.0,268.42999267578125,269.739990234375,800700,0.0,0.0
2021-12-14 00:00:00-05:00,268.2699890136719,269.2200012207031,259.8900146484375,262.6499938964844,790000,0.0,0.0
2021-12-15 00:00:00-05:00,263.9200134277344,268.7699890136719,261.3800048828125,268.1000061035156,836400,0.0,0.0
2021-12-16 00:00:00-05:00,269.0,271.54998779296875,265.6199951171875,266.45001220703125,906200,0.0,0.0
2021-12-17 00:00:00-05:00,264.25,269.6700134277344,261.5199890136719,267.42999267578125,1242200,0.0,0.0
2021-12-20 00:00:00-05:00,266.5799865722656,266.5799865722656,260.5799865722656,264.8800048828125,794700,0.0,0.0
2021-12-21 00:00:00-05:00,265.8800048828125,268.8299865722656,262.44000244140625,268.6300048828125,722200,0.0,0.0
2021-12-22 00:00:00-05:00,269.44000244140625,277.3299865722656,269.44000244140625,276.760009765625,926900,0.0,0.0
2021-12-23 00:00:00-05:00,277.6400146484375,279.67999267578125,276.8800048828125,278.010009765625,500300,0.0,0.0
2021-12-27 00:00:00-05:00,281.1700134277344,283.57000732421875,279.1099853515625,282.05999755859375,489400,0.0,0.0
2021-12-28 00:00:00-05:00,283.0899963378906,283.5299987792969,279.6400146484375,280.6099853515625,420100,0.0,0.0
2021-12-29 00:00:00-05:00,279.4800109863281,282.8999938964844,279.1600036621094,282.239990234375,477400,0.0,0.0
2021-12-30 00:00:00-05:00,282.70001220703125,285.6099853515625,281.9100036621094,282.6099853515625,459600,0.0,0.0
2021-12-31 00:00:00-05:00,281.5799865722656,284.4100036621094,281.5799865722656,282.1400146484375,441600,0.0,0.0
2022-01-03 00:00:00-05:00,282.1000061035156,282.5199890136719,268.54998779296875,273.5799865722656,928000,0.0,0.0
2022-01-04 00:00:00-05:00,272.6199951171875,272.6199951171875,264.0299987792969,268.1700134277344,1112000,0.0,0.0
2022-01-05 00:00:00-05:00,267.80999755859375,269.1199951171875,261.25,261.6099853515625,1195400,0.0,0.0
2022-01-06 00:00:00-05:00,260.0,265.760009765625,257.1499938964844,262.510009765625,798100,0.0,0.0
2022-01-07 00:00:00-05:00,262.19000244140625,262.6400146484375,254.86000061035156,256.9100036621094,1364900,0.0,0.0
2022-01-10 00:00:00-05:00,253.4199981689453,257.3900146484375,250.3699951171875,257.2300109863281,978900,0.0,0.0
2022-01-11 00:00:00-05:00,257.4599914550781,261.17999267578125,255.02999877929688,260.2900085449219,667700,0.0,0.0
2022-01-12 00:00:00-05:00,261.0799865722656,263.95001220703125,260.239990234375,260.8500061035156,629300,0.0,0.0
2022-01-13 00:00:00-05:00,259.8900146484375,260.20001220703125,251.64999389648438,252.07000732421875,575000,0.0,0.0
2022-01-14 00:00:00-05:00,250.4199981689453,252.8800048828125,241.52000427246094,247.33999633789062,1217100,0.0,0.0
2022-01-18 00:00:00-05:00,243.17999267578125,245.5800018310547,240.50999450683594,242.32000732421875,846200,0.0,0.0
2022-01-19 00:00:00-05:00,244.27999877929688,246.32000732421875,239.89999389648438,240.27999877929688,715700,0.0,0.0
2022-01-20 00:00:00-05:00,241.50999450683594,249.50999450683594,239.85000610351562,244.39999389648438,1762300,0.0,0.0
2022-01-21 00:00:00-05:00,245.0,248.25,239.9199981689453,240.9499969482422,1108100,0.0,0.0
2022-01-24 00:00:00-05:00,239.0,244.30999755859375,233.0,243.6999969482422,1346100,0.0,0.0
2022-01-25 00:00:00-05:00,237.7100067138672,239.6199951171875,233.00999450683594,236.22999572753906,874800,0.0,0.0
2022-01-26 00:00:00-05:00,238.14999389648438,239.0399932861328,230.05999755859375,232.63999938964844,1141100,0.0,0.0
2022-01-27 00:00:00-05:00,236.08999633789062,237.16000366210938,230.2100067138672,232.0,679000,0.0,0.0
2022-01-28 00:00:00-05:00,233.05999755859375,238.99000549316406,229.7899932861328,238.82000732421875,819800,0.0,0.0
2022-01-31 00:00:00-05:00,238.92999267578125,245.6999969482422,238.92999267578125,244.89999389648438,1106500,0.0,0.0
2022-02-01 00:00:00-05:00,247.25999450683594,248.4600067138672,242.19000244140625,247.10000610351562,1028700,0.0,0.0
2022-02-02 00:00:00-05:00,247.64999389648438,255.72000122070312,246.41000366210938,254.4499969482422,1033200,0.0,0.0
2022-02-03 00:00:00-05:00,250.0,251.75,248.4199981689453,250.19000244140625,797800,0.0,0.0
2022-02-04 00:00:00-05:00,248.52999877929688,253.49000549316406,246.4600067138672,249.88999938964844,762800,0.0,0.0
2022-02-07 00:00:00-05:00,249.88999938964844,250.5500030517578,244.91000366210938,245.9199981689453,697500,0.0,0.0
2022-02-08 00:00:00-05:00,243.3800048828125,248.33999633789062,242.33999633789062,247.3699951171875,1135700,0.0,0.0
2022-02-09 00:00:00-05:00,251.19000244140625,255.8000030517578,250.52000427246094,255.57000732421875,1119600,0.0,0.0
2022-02-10 00:00:00-05:00,249.72000122070312,256.6199951171875,248.94000244140625,250.42999267578125,1457800,0.0,0.0
2022-02-11 00:00:00-05:00,250.38999938964844,253.5800018310547,243.60000610351562,244.27999877929688,1398200,0.0,0.0
2022-02-14 00:00:00-05:00,243.52000427246094,245.0800018310547,238.17999267578125,239.89999389648438,1347900,0.0,0.0
2022-02-15 00:00:00-05:00,245.00999450683594,245.00999450683594,224.8800048828125,228.63999938964844,3098100,0.0,0.0
2022-02-16 00:00:00-05:00,228.4199981689453,234.38999938964844,223.8000030517578,232.17999267578125,2573700,0.0,0.0
2022-02-17 00:00:00-05:00,232.38999938964844,233.80999755859375,226.11000061035156,226.36000061035156,1561100,0.0,0.0
2022-02-18 00:00:00-05:00,227.3699951171875,230.49000549316406,224.64999389648438,228.27000427246094,1288500,0.0,0.0
2022-02-22 00:00:00-05:00,226.8300018310547,230.22000122070312,222.97999572753906,226.4600067138672,1624600,0.0,0.0
2022-02-23 00:00:00-05:00,227.99000549316406,230.0,222.97999572753906,223.0800018310547,1172700,0.0,0.0
2022-02-24 00:00:00-05:00,218.86000061035156,229.44000244140625,216.3699951171875,228.47000122070312,2053000,0.0,0.0
2022-02-25 00:00:00-05:00,229.4199981689453,234.3800048828125,227.85000610351562,233.99000549316406,1257600,0.0,0.0
2022-02-28 00:00:00-05:00,231.3699951171875,233.02999877929688,227.7100067138672,230.1199951171875,1275700,0.0,0.0
2022-03-01 00:00:00-05:00,231.10000610351562,232.47999572753906,226.3000030517578,227.8300018310547,1077800,0.0,0.0
2022-03-02 00:00:00-05:00,228.55999755859375,235.13999938964844,226.7899932861328,232.3699951171875,912900,0.0,0.0
2022-03-03 00:00:00-05:00,233.99000549316406,235.6999969482422,231.6699981689453,233.3699951171875,923800,0.0,0.0
2022-03-04 00:00:00-05:00,231.6199951171875,231.8300018310547,225.75,227.0,1146600,0.0,0.0
2022-03-07 00:00:00-05:00,223.8699951171875,224.67999267578125,215.4199981689453,216.66000366210938,1388800,0.0,0.0
2022-03-08 00:00:00-05:00,214.89999389648438,216.99000549316406,208.61000061035156,210.55999755859375,2040700,0.0,0.0
2022-03-09 00:00:00-05:00,216.30999755859375,221.0800018310547,215.02999877929688,219.2100067138672,1440100,0.0,0.0
2022-03-10 00:00:00-05:00,215.74000549316406,218.33999633789062,214.5399932861328,216.94000244140625,795300,0.0,0.0
2022-03-11 00:00:00-05:00,219.3000030517578,219.92999267578125,213.32000732421875,213.61000061035156,572500,0.0,0.0
2022-03-14 00:00:00-04:00,215.0500030517578,218.8000030517578,209.94000244140625,211.08999633789062,994400,0.0,0.0
2022-03-15 00:00:00-04:00,214.1999969482422,216.2100067138672,213.07000732421875,215.00999450683594,748200,0.0,0.0
2022-03-16 00:00:00-04:00,218.85000610351562,223.64999389648438,215.0399932861328,220.27000427246094,1280500,0.0,0.0
2022-03-17 00:00:00-04:00,219.5500030517578,223.25,218.6699981689453,223.24000549316406,909500,0.0,0.0
2022-03-18 00:00:00-04:00,223.32000732421875,228.24000549316406,221.97000122070312,227.66000366210938,1368000,0.0,0.0
2022-03-21 00:00:00-04:00,224.77999877929688,229.99000549316406,224.77999877929688,226.97000122070312,1255100,0.0,0.0
2022-03-22 00:00:00-04:00,226.6699981689453,231.2100067138672,226.4199981689453,228.92999267578125,964100,0.0,0.0
2022-03-23 00:00:00-04:00,226.99000549316406,227.9199981689453,219.02000427246094,220.30999755859375,849100,0.0,0.0
2022-03-24 00:00:00-04:00,220.88999938964844,224.64999389648438,219.19000244140625,224.6199951171875,664000,0.0,0.0
2022-03-25 00:00:00-04:00,225.8000030517578,226.97999572753906,219.9499969482422,224.75999450683594,704600,0.0,0.0
2022-03-28 00:00:00-04:00,225.41000366210938,226.7100067138672,223.82000732421875,226.69000244140625,562600,0.0,0.0
2022-03-29 00:00:00-04:00,231.39999389648438,234.7100067138672,230.2899932861328,233.58999633789062,994500,0.0,0.0
2022-03-30 00:00:00-04:00,232.60000610351562,235.0,229.9499969482422,231.32000732421875,1108400,0.0,0.0
2022-03-31 00:00:00-04:00,231.6699981689453,235.17999267578125,230.25999450683594,231.2100067138672,1191800,0.0,0.0
2022-04-01 00:00:00-04:00,232.9199981689453,240.5800018310547,232.6199951171875,240.30999755859375,1399600,0.0,0.0
2022-04-04 00:00:00-04:00,240.3699951171875,241.7100067138672,237.0800018310547,238.5,1262200,0.0,0.0
2022-04-05 00:00:00-04:00,237.55999755859375,241.5500030517578,236.08999633789062,238.36000061035156,950500,0.0,0.0
2022-04-06 00:00:00-04:00,236.47000122070312,241.39999389648438,234.42999267578125,240.3000030517578,947700,0.0,0.0
2022-04-07 00:00:00-04:00,239.9600067138672,251.60000610351562,239.39999389648438,249.27999877929688,1396200,0.0,0.0
2022-04-08 00:00:00-04:00,248.50999450683594,254.94000244140625,248.50999450683594,252.2899932861328,1501800,0.0,0.0
2022-04-11 00:00:00-04:00,249.30999755859375,251.7899932861328,242.57000732421875,242.97999572753906,1015800,0.0,0.0
2022-04-12 00:00:00-04:00,243.8800048828125,246.35000610351562,235.3000030517578,237.6699981689453,1237700,0.0,0.0
2022-04-13 00:00:00-04:00,236.6300048828125,239.9499969482422,236.0800018310547,239.30999755859375,897200,0.0,0.0
2022-04-14 00:00:00-04:00,240.1199951171875,241.64999389648438,235.27000427246094,238.47999572753906,931200,0.0,0.0
2022-04-18 00:00:00-04:00,238.8300018310547,239.16000366210938,232.52000427246094,234.38999938964844,653900,0.0,0.0
2022-04-19 00:00:00-04:00,233.77000427246094,238.57000732421875,233.77000427246094,237.8699951171875,687100,0.0,0.0
2022-04-20 00:00:00-04:00,239.6999969482422,245.1999969482422,238.6300048828125,242.77000427246094,765100,0.0,0.0
2022-04-21 00:00:00-04:00,245.22999572753906,245.3699951171875,235.38999938964844,236.1699981689453,733800,0.0,0.0
2022-04-22 00:00:00-04:00,234.00999450683594,234.42999267578125,227.92999267578125,228.16000366210938,1010700,0.0,0.0
2022-04-25 00:00:00-04:00,223.4499969482422,223.4499969482422,216.13999938964844,219.86000061035156,1480100,0.0,0.0
2022-04-26 00:00:00-04:00,217.99000549316406,218.7899932861328,205.02999877929688,206.72999572753906,2123400,0.0,0.0
2022-04-27 00:00:00-04:00,215.0,218.0,204.5,210.24000549316406,2570400,0.0,0.0
2022-04-28 00:00:00-04:00,212.52999877929688,220.52000427246094,209.0800018310547,219.39999389648438,2299700,0.0,0.0
2022-04-29 00:00:00-04:00,222.32000732421875,228.2899932861328,217.52999877929688,217.99000549316406,1818400,0.0,0.0
2022-05-02 00:00:00-04:00,215.52000427246094,218.1999969482422,211.3000030517578,217.05999755859375,1327500,0.0,0.0
2022-05-03 00:00:00-04:00,217.2899932861328,220.5399932861328,214.85000610351562,215.1999969482422,1093500,0.0,0.0
2022-05-04 00:00:00-04:00,214.72999572753906,223.72999572753906,212.00999450683594,222.7899932861328,1282800,0.0,0.0
2022-05-05 00:00:00-04:00,221.32000732421875,222.33999633789062,213.10000610351562,215.32000732421875,859100,0.0,0.0
2022-05-06 00:00:00-04:00,213.8300018310547,214.72000122070312,210.0500030517578,213.82000732421875,936200,0.0,0.0
2022-05-09 00:00:00-04:00,210.63999938964844,212.0399932861328,203.1999969482422,204.07000732421875,1239700,0.0,0.0
2022-05-10 00:00:00-04:00,207.02999877929688,208.6699981689453,199.6699981689453,203.2100067138672,1309200,0.0,0.0
2022-05-11 00:00:00-04:00,203.0500030517578,208.11000061035156,200.4499969482422,200.9600067138672,1097900,0.0,0.0
2022-05-12 00:00:00-04:00,198.99000549316406,205.13999938964844,198.11000061035156,202.52999877929688,1067000,0.0,0.0
2022-05-13 00:00:00-04:00,205.63999938964844,211.22000122070312,204.2899932861328,208.7100067138672,695400,0.0,0.0
2022-05-16 00:00:00-04:00,206.60000610351562,209.47999572753906,203.85000610351562,206.4499969482422,619200,0.0,0.0
2022-05-17 00:00:00-04:00,209.05999755859375,211.14999389648438,204.5,206.69000244140625,1025200,0.0,0.0
2022-05-18 00:00:00-04:00,204.11000061035156,205.74000549316406,195.80999755859375,197.25999450683594,1217500,0.0,0.0
2022-05-19 00:00:00-04:00,196.1999969482422,203.3699951171875,195.57000732421875,201.74000549316406,1398600,0.0,0.0
2022-05-20 00:00:00-04:00,204.5,204.66000366210938,197.52999877929688,201.8300018310547,861500,0.0,0.0
2022-05-23 00:00:00-04:00,203.89999389648438,204.24000549316406,199.4199981689453,203.38999938964844,723100,0.0,0.0
2022-05-24 00:00:00-04:00,204.39999389648438,204.39999389648438,199.6300048828125,201.99000549316406,779800,0.0,0.0
2022-05-25 00:00:00-04:00,201.89999389648438,205.30999755859375,199.69000244140625,203.33999633789062,866700,0.0,0.0
2022-05-26 00:00:00-04:00,203.63999938964844,208.67999267578125,203.63999938964844,207.72999572753906,850100,0.0,0.0
2022-05-27 00:00:00-04:00,208.80999755859375,220.72999572753906,208.58999633789062,220.5,1713100,0.0,0.0
2022-05-31 00:00:00-04:00,216.6199951171875,217.74000549316406,212.22000122070312,215.25,1604300,0.0,0.0
2022-06-01 00:00:00-04:00,216.0500030517578,217.02000427246094,208.3000030517578,210.11000061035156,910500,0.0,0.0
2022-06-02 00:00:00-04:00,210.25,220.3000030517578,209.47999572753906,220.05999755859375,871500,0.0,0.0
2022-06-03 00:00:00-04:00,217.1999969482422,221.1699981689453,216.38999938964844,219.44000244140625,987200,0.0,0.0
2022-06-06 00:00:00-04:00,221.30999755859375,223.1999969482422,219.30999755859375,220.7899932861328,585200,0.0,0.0
2022-06-07 00:00:00-04:00,219.1199951171875,225.75,219.1199951171875,225.22999572753906,761500,0.0,0.0
2022-06-08 00:00:00-04:00,222.0,224.72999572753906,218.94000244140625,220.7100067138672,636000,0.0,0.0
2022-06-09 00:00:00-04:00,219.00999450683594,220.3000030517578,216.32000732421875,216.64999389648438,800700,0.0,0.0
2022-06-10 00:00:00-04:00,213.11000061035156,214.41000366210938,207.0500030517578,207.3699951171875,959700,0.0,0.0
2022-06-13 00:00:00-04:00,200.22000122070312,203.9199981689453,199.08999633789062,200.3000030517578,1219800,0.0,0.0
2022-06-14 00:00:00-04:00,199.7100067138672,202.0,195.75999450683594,200.8800048828125,1182700,0.0,0.0
2022-06-15 00:00:00-04:00,204.10000610351562,205.9499969482422,198.85000610351562,202.1300048828125,1234000,0.0,0.0
2022-06-16 00:00:00-04:00,198.08999633789062,198.5,194.6699981689453,196.4499969482422,1535900,0.0,0.0
2022-06-17 00:00:00-04:00,195.9600067138672,200.75999450683594,194.85000610351562,196.9499969482422,1785700,0.0,0.0
2022-06-21 00:00:00-04:00,200.1300048828125,202.57000732421875,197.35000610351562,198.77000427246094,1543900,0.0,0.0
2022-06-22 00:00:00-04:00,196.8300018310547,204.16000366210938,196.19000244140625,201.74000549316406,1620900,0.0,0.0
2022-06-23 00:00:00-04:00,202.52000427246094,212.52999877929688,202.52000427246094,211.5399932861328,1418800,0.0,0.0
2022-06-24 00:00:00-04:00,214.1300048828125,215.2899932861328,212.24000549316406,213.8000030517578,2735800,0.0,0.0
2022-06-27 00:00:00-04:00,214.0500030517578,216.99000549316406,212.27000427246094,216.50999450683594,746300,0.0,0.0
2022-06-28 00:00:00-04:00,216.2100067138672,217.6199951171875,210.72999572753906,212.2100067138672,747300,0.0,0.0
2022-06-29 00:00:00-04:00,212.05999755859375,215.52999877929688,210.39999389648438,214.11000061035156,1143200,0.0,0.0
2022-06-30 00:00:00-04:00,211.27000427246094,220.27999877929688,211.27000427246094,216.99000549316406,1811600,0.0,0.0
2022-07-01 00:00:00-04:00,217.25999450683594,218.22000122070312,211.5,215.0500030517578,856300,0.0,0.0
2022-07-05 00:00:00-04:00,211.67999267578125,215.41000366210938,208.27999877929688,215.30999755859375,775300,0.0,0.0
2022-07-06 00:00:00-04:00,216.07000732421875,218.8699951171875,214.88999938964844,216.0,758400,0.0,0.0
2022-07-07 00:00:00-04:00,214.3300018310547,219.02999877929688,214.3300018310547,218.85000610351562,809300,0.0,0.0
2022-07-08 00:00:00-04:00,217.4600067138672,221.61000061035156,216.75999450683594,219.33999633789062,580900,0.0,0.0
2022-07-11 00:00:00-04:00,217.35000610351562,219.67999267578125,216.47999572753906,217.39999389648438,517500,0.0,0.0
2022-07-12 00:00:00-04:00,217.17999267578125,219.8000030517578,211.94000244140625,213.52999877929688,613200,0.0,0.0
2022-07-13 00:00:00-04:00,209.3699951171875,213.92999267578125,208.3800048828125,211.8300018310547,533100,0.0,0.0
2022-07-14 00:00:00-04:00,209.0,212.42999267578125,206.25999450683594,212.0,877100,0.0,0.0
2022-07-15 00:00:00-04:00,216.00999450683594,219.1300048828125,214.07000732421875,219.0800018310547,1016700,0.0,0.0
2022-07-18 00:00:00-04:00,220.24000549316406,220.38999938964844,212.1300048828125,212.8699951171875,863600,0.0,0.0
2022-07-19 00:00:00-04:00,216.0500030517578,221.19000244140625,214.88999938964844,220.5,1076400,0.0,0.0
2022-07-20 00:00:00-04:00,220.97999572753906,222.6199951171875,219.27999877929688,220.60000610351562,1089700,0.0,0.0
2022-07-21 00:00:00-04:00,219.0,227.4199981689453,215.38999938964844,225.6300048828125,1639500,0.0,0.0
2022-07-22 00:00:00-04:00,227.1300048828125,227.1300048828125,220.05999755859375,221.74000549316406,839900,0.0,0.0
2022-07-25 00:00:00-04:00,221.47999572753906,223.1699981689453,219.1999969482422,221.6199951171875,747800,0.0,0.0
2022-07-26 00:00:00-04:00,221.30999755859375,221.6699981689453,215.11000061035156,219.67999267578125,995900,0.0,0.0
2022-07-27 00:00:00-04:00,219.44000244140625,226.86000061035156,218.6699981689453,225.1300048828125,907800,0.0,0.0
2022-07-28 00:00:00-04:00,226.52999877929688,236.27000427246094,225.2100067138672,236.00999450683594,1315300,0.0,0.0
2022-07-29 00:00:00-04:00,235.99000549316406,240.82000732421875,234.75,240.27000427246094,2125200,0.0,0.0
2022-08-01 00:00:00-04:00,238.92999267578125,241.86000061035156,237.19000244140625,238.3699951171875,1415100,0.0,0.0
2022-08-02 00:00:00-04:00,236.00999450683594,237.50999450683594,229.6300048828125,233.41000366210938,989800,0.0,0.0
2022-08-03 00:00:00-04:00,233.94000244140625,234.69000244140625,228.58999633789062,233.2100067138672,864100,0.0,0.0
2022-08-04 00:00:00-04:00,233.19000244140625,236.0,232.24000549316406,234.33999633789062,637700,0.0,0.0
2022-08-05 00:00:00-04:00,232.0399932861328,234.97999572753906,230.2899932861328,234.74000549316406,678100,0.0,0.0
2022-08-08 00:00:00-04:00,236.02999877929688,237.4199981689453,233.22999572753906,233.66000366210938,498300,0.0,0.0
2022-08-09 00:00:00-04:00,234.11000061035156,235.41000366210938,231.49000549316406,232.60000610351562,562300,0.0,0.0
2022-08-10 00:00:00-04:00,236.88999938964844,240.0399932861328,236.86000061035156,239.69000244140625,572700,0.0,0.0
2022-08-11 00:00:00-04:00,241.44000244140625,244.6999969482422,240.00999450683594,242.0,1995200,0.0,0.0
2022-08-12 00:00:00-04:00,242.1999969482422,246.02999877929688,240.82000732421875,245.80999755859375,878900,0.0,0.0
2022-08-15 00:00:00-04:00,244.75,249.11000061035156,244.27000427246094,248.25999450683594,959600,0.0,0.0
2022-08-16 00:00:00-04:00,246.02000427246094,246.64999389648438,243.02000427246094,244.7100067138672,884900,0.0,0.0
2022-08-17 00:00:00-04:00,242.52999877929688,244.16000366210938,239.8699951171875,240.6199951171875,521100,0.0,0.0
2022-08-18 00:00:00-04:00,241.02000427246094,241.8699951171875,237.2899932861328,238.82000732421875,422200,0.0,0.0
2022-08-19 00:00:00-04:00,237.9199981689453,239.47999572753906,236.30999755859375,239.02000427246094,573500,0.0,0.0
2022-08-22 00:00:00-04:00,234.9199981689453,236.86000061035156,231.16000366210938,231.57000732421875,702100,0.0,0.0
2022-08-23 00:00:00-04:00,230.33999633789062,231.7899932861328,228.3800048828125,229.24000549316406,806000,0.0,0.0
2022-08-24 00:00:00-04:00,230.19000244140625,232.19000244140625,229.07000732421875,231.8300018310547,467600,0.0,0.0
2022-08-25 00:00:00-04:00,234.97999572753906,234.97999572753906,231.0399932861328,234.72999572753906,536200,0.0,0.0
2022-08-26 00:00:00-04:00,235.0,235.0,219.6199951171875,219.6699981689453,857700,0.0,0.0
2022-08-29 00:00:00-04:00,218.49000549316406,220.61000061035156,216.85000610351562,218.2100067138672,712300,0.0,0.0
2022-08-30 00:00:00-04:00,218.80999755859375,219.02999877929688,214.63999938964844,215.99000549316406,613200,0.0,0.0
2022-08-31 00:00:00-04:00,217.2899932861328,218.88999938964844,211.8300018310547,212.66000366210938,1116600,0.0,0.0
2022-09-01 00:00:00-04:00,211.72000122070312,211.75999450683594,207.30999755859375,211.6199951171875,921900,0.0,0.0
2022-09-02 00:00:00-04:00,214.10000610351562,214.10000610351562,206.5,207.25999450683594,862800,0.0,0.0
2022-09-06 00:00:00-04:00,207.47000122070312,210.52000427246094,206.2100067138672,209.66000366210938,891200,0.0,0.0
2022-09-07 00:00:00-04:00,209.44000244140625,215.64999389648438,206.7899932861328,215.13999938964844,757500,0.0,0.0
2022-09-08 00:00:00-04:00,214.07000732421875,221.3300018310547,212.67999267578125,221.1199951171875,932800,0.0,0.0
2022-09-09 00:00:00-04:00,221.13999938964844,224.64999389648438,219.33999633789062,223.1699981689453,623800,0.0,0.0
2022-09-12 00:00:00-04:00,224.41000366210938,227.6300048828125,223.5500030517578,226.74000549316406,563100,0.0,0.0
2022-09-13 00:00:00-04:00,219.88999938964844,221.22000122070312,212.05999755859375,212.50999450683594,1169100,0.0,0.0
2022-09-14 00:00:00-04:00,213.7100067138672,214.42999267578125,207.0800018310547,209.1300048828125,864100,0.0,0.0
2022-09-15 00:00:00-04:00,209.69000244140625,211.13999938964844,206.47999572753906,207.3699951171875,762200,0.0,0.0
2022-09-16 00:00:00-04:00,205.7100067138672,205.7100067138672,201.66000366210938,205.0399932861328,1516100,0.0,0.0
2022-09-19 00:00:00-04:00,203.33999633789062,203.97999572753906,200.50999450683594,203.6999969482422,916100,0.0,0.0
2022-09-20 00:00:00-04:00,201.89999389648438,202.5,197.77999877929688,199.66000366210938,740400,0.0,0.0
2022-09-21 00:00:00-04:00,201.4499969482422,203.42999267578125,195.32000732421875,195.52000427246094,733400,0.0,0.0
2022-09-22 00:00:00-04:00,194.32000732421875,194.36000061035156,190.4600067138672,190.6199951171875,956300,0.0,0.0
2022-09-23 00:00:00-04:00,188.77999877929688,191.2100067138672,186.24000549316406,189.42999267578125,1244200,0.0,0.0
2022-09-26 00:00:00-04:00,188.30999755859375,190.58999633789062,185.92999267578125,186.0800018310547,1262600,0.0,0.0
2022-09-27 00:00:00-04:00,188.00999450683594,190.0,182.02999877929688,182.88999938964844,1968600,0.0,0.0
2022-09-28 00:00:00-04:00,185.00999450683594,186.75999450683594,182.58999633789062,185.69000244140625,1652700,0.0,0.0
2022-09-29 00:00:00-04:00,183.83999633789062,183.83999633789062,180.16000366210938,181.61000061035156,1649000,0.0,0.0
2022-09-30 00:00:00-04:00,182.4600067138672,187.5,180.5800018310547,181.13999938964844,2043300,0.0,0.0
2022-10-03 00:00:00-04:00,184.24000549316406,187.9600067138672,181.05999755859375,186.1999969482422,1036000,0.0,0.0
2022-10-04 00:00:00-04:00,189.97000122070312,193.22000122070312,189.66000366210938,193.10000610351562,1072900,0.0,0.0
2022-10-05 00:00:00-04:00,190.10000610351562,193.92999267578125,187.24000549316406,192.49000549316406,952700,0.0,0.0
2022-10-06 00:00:00-04:00,191.27999877929688,192.30999755859375,187.1699981689453,187.5399932861328,1082500,0.0,0.0
2022-10-07 00:00:00-04:00,184.61000061035156,184.8800048828125,178.77999877929688,180.33999633789062,1200500,0.0,0.0
2022-10-10 00:00:00-04:00,180.8800048828125,180.9600067138672,174.41000366210938,175.91000366210938,946200,0.0,0.0
2022-10-11 00:00:00-04:00,174.25999450683594,175.0399932861328,170.3300018310547,172.4499969482422,1373100,0.0,0.0
2022-10-12 00:00:00-04:00,173.8300018310547,174.25,171.83999633789062,171.86000061035156,864700,0.0,0.0
2022-10-13 00:00:00-04:00,167.1300048828125,178.19000244140625,165.75,176.2100067138672,1266200,0.0,0.0
2022-10-14 00:00:00-04:00,177.9199981689453,179.17999267578125,172.83999633789062,173.41000366210938,1018500,0.0,0.0
2022-10-17 00:00:00-04:00,176.72000122070312,181.94000244140625,176.27999877929688,181.17999267578125,1093600,0.0,0.0
2022-10-18 00:00:00-04:00,185.27000427246094,187.88999938964844,182.49000549316406,184.3300018310547,962400,0.0,0.0
2022-10-19 00:00:00-04:00,181.38999938964844,181.94000244140625,176.5,178.38999938964844,967100,0.0,0.0
2022-10-20 00:00:00-04:00,178.80999755859375,180.4199981689453,174.27999877929688,174.5800018310547,1045400,0.0,0.0
2022-10-21 00:00:00-04:00,173.80999755859375,178.36000061035156,171.24000549316406,178.14999389648438,1409800,0.0,0.0
2022-10-24 00:00:00-04:00,180.00999450683594,181.5800018310547,176.77000427246094,179.55999755859375,1156100,0.0,0.0
2022-10-25 00:00:00-04:00,188.42999267578125,197.8300018310547,188.42999267578125,197.64999389648438,2616500,0.0,0.0
2022-10-26 00:00:00-04:00,192.5500030517578,204.67999267578125,188.6199951171875,202.10000610351562,2410000,0.0,0.0
2022-10-27 00:00:00-04:00,202.0,205.88999938964844,199.80999755859375,200.4199981689453,1804000,0.0,0.0
2022-10-28 00:00:00-04:00,201.32000732421875,208.9600067138672,200.5500030517578,208.16000366210938,1579900,0.0,0.0
2022-10-31 00:00:00-04:00,206.02999877929688,210.0800018310547,205.9499969482422,209.6699981689453,1813000,0.0,0.0
2022-11-01 00:00:00-04:00,211.36000061035156,213.5,206.74000549316406,209.38999938964844,881900,0.0,0.0
2022-11-02 00:00:00-04:00,208.44000244140625,212.50999450683594,204.25,204.35000610351562,1040300,0.0,0.0
2022-11-03 00:00:00-04:00,201.3000030517578,205.75999450683594,198.07000732421875,203.86000061035156,918900,0.0,0.0
2022-11-04 00:00:00-04:00,205.72999572753906,206.86000061035156,200.4199981689453,204.10000610351562,1096800,0.0,0.0
2022-11-07 00:00:00-05:00,205.05999755859375,208.1300048828125,203.00999450683594,207.99000549316406,738300,0.0,0.0
2022-11-08 00:00:00-05:00,208.64999389648438,211.9199981689453,206.58999633789062,207.9199981689453,636400,0.0,0.0
2022-11-09 00:00:00-05:00,206.47000122070312,208.8699951171875,203.9600067138672,204.30999755859375,577200,0.0,0.0
2022-11-10 00:00:00-05:00,214.6699981689453,222.82000732421875,213.4199981689453,222.5800018310547,799700,0.0,0.0
2022-11-11 00:00:00-05:00,222.5,228.97999572753906,222.4499969482422,226.52999877929688,1011100,0.0,0.0
2022-11-14 00:00:00-05:00,224.9499969482422,227.3800048828125,222.3000030517578,222.36000061035156,828300,0.0,0.0
2022-11-15 00:00:00-05:00,226.7899932861328,227.99000549316406,222.24000549316406,224.30999755859375,809400,0.0,0.0
2022-11-16 00:00:00-05:00,223.72000122070312,225.4499969482422,220.50999450683594,224.02000427246094,592600,0.0,0.0
2022-11-17 00:00:00-05:00,221.0,221.0,209.44000244140625,211.4199981689453,1497400,0.0,0.0
2022-11-18 00:00:00-05:00,215.36000061035156,215.36000061035156,209.89999389648438,213.77999877929688,891800,0.0,0.0
2022-11-21 00:00:00-05:00,212.6699981689453,215.69000244140625,210.8800048828125,214.89999389648438,755200,0.0,0.0
2022-11-22 00:00:00-05:00,217.07000732421875,217.10000610351562,212.75,215.89999389648438,1038200,0.0,0.0
2022-11-23 00:00:00-05:00,216.77000427246094,219.4600067138672,215.4499969482422,217.72000122070312,318600,0.0,0.0
2022-11-25 00:00:00-05:00,218.60000610351562,220.42999267578125,217.8300018310547,219.97999572753906,253500,0.0,0.0
2022-11-28 00:00:00-05:00,220.27999877929688,222.05999755859375,213.5,214.4499969482422,901600,0.0,0.0
2022-11-29 00:00:00-05:00,213.86000061035156,215.69000244140625,209.7100067138672,212.5,1682000,0.0,0.0
2022-11-30 00:00:00-05:00,214.5800018310547,218.25999450683594,207.41000366210938,218.02000427246094,2027500,0.0,0.0
2022-12-01 00:00:00-05:00,220.9499969482422,222.8699951171875,218.3000030517578,220.5500030517578,846100,0.0,0.0
2022-12-02 00:00:00-05:00,216.1300048828125,219.0399932861328,214.08999633789062,217.72999572753906,880500,0.0,0.0
2022-12-05 00:00:00-05:00,214.24000549316406,215.1699981689453,209.64999389648438,211.92999267578125,987800,0.0,0.0
2022-12-06 00:00:00-05:00,211.4600067138672,214.47000122070312,207.0500030517578,209.8699951171875,867000,0.0,0.0
2022-12-07 00:00:00-05:00,208.3300018310547,211.64999389648438,205.7899932861328,207.69000244140625,1298500,0.0,0.0
2022-12-08 00:00:00-05:00,208.13999938964844,211.25999450683594,206.3800048828125,210.41000366210938,1124000,0.0,0.0
2022-12-09 00:00:00-05:00,209.69000244140625,212.16000366210938,208.19000244140625,208.52999877929688,791500,0.0,0.0
2022-12-12 00:00:00-05:00,209.6300048828125,213.47000122070312,207.97000122070312,213.13999938964844,772100,0.0,0.0
2022-12-13 00:00:00-05:00,221.0,223.13999938964844,214.58999633789062,216.8000030517578,1136600,0.0,0.0
2022-12-14 00:00:00-05:00,215.82000732421875,218.27999877929688,212.44000244140625,214.2100067138672,1347400,0.0,0.0
2022-12-15 00:00:00-05:00,210.55999755859375,212.39999389648438,206.99000549316406,208.41000366210938,1087900,0.0,0.0
2022-12-16 00:00:00-05:00,205.5,207.16000366210938,202.75,203.77999877929688,1346100,0.0,0.0
2022-12-19 00:00:00-05:00,203.27000427246094,203.27000427246094,199.2100067138672,199.83999633789062,816000,0.0,0.0
2022-12-20 00:00:00-05:00,199.07000732421875,202.44000244140625,197.14999389648438,201.3800048828125,967100,0.0,0.0
2022-12-21 00:00:00-05:00,203.27999877929688,205.82000732421875,202.07000732421875,204.5500030517578,811600,0.0,0.0
2022-12-22 00:00:00-05:00,202.0500030517578,204.19000244140625,199.77000427246094,203.13999938964844,592800,0.0,0.0
2022-12-23 00:00:00-05:00,202.3800048828125,204.50999450683594,201.5800018310547,203.83999633789062,368300,0.0,0.0
2022-12-27 00:00:00-05:00,203.72999572753906,204.67999267578125,201.0500030517578,202.94000244140625,493400,0.0,0.0
2022-12-28 00:00:00-05:00,203.63999938964844,206.41000366210938,201.86000061035156,201.8699951171875,346200,0.0,0.0
2022-12-29 00:00:00-05:00,204.36000061035156,208.85000610351562,203.6699981689453,207.80999755859375,456300,0.0,0.0
2022-12-30 00:00:00-05:00,205.97000122070312,205.97000122070312,202.07000732421875,204.88999938964844,514500,0.0,0.0
2023-01-03 00:00:00-05:00,208.0399932861328,209.97999572753906,202.91000366210938,203.86000061035156,754900,0.0,0.0
2023-01-04 00:00:00-05:00,205.8699951171875,208.13999938964844,205.02999877929688,207.77999877929688,860900,0.0,0.0
2023-01-05 00:00:00-05:00,204.97000122070312,209.19000244140625,201.64999389648438,207.0500030517578,1278300,0.0,0.0
2023-01-06 00:00:00-05:00,208.88999938964844,209.63999938964844,201.0500030517578,205.36000061035156,875700,0.0,0.0
2023-01-09 00:00:00-05:00,208.5,210.19000244140625,206.77999877929688,208.49000549316406,840200,0.0,0.0
2023-01-10 00:00:00-05:00,208.22999572753906,217.44000244140625,207.8000030517578,215.50999450683594,934400,0.0,0.0
2023-01-11 00:00:00-05:00,217.5,224.11000061035156,216.83999633789062,221.52999877929688,1071600,0.0,0.0
2023-01-12 00:00:00-05:00,221.41000366210938,223.52999877929688,218.22999572753906,219.5,675900,0.0,0.0
2023-01-13 00:00:00-05:00,217.6699981689453,222.2899932861328,216.97999572753906,222.13999938964844,554000,0.0,0.0
2023-01-17 00:00:00-05:00,221.3300018310547,223.4199981689453,220.5500030517578,221.5399932861328,606900,0.0,0.0
2023-01-18 00:00:00-05:00,222.4499969482422,224.8300018310547,220.4199981689453,220.5500030517578,738000,0.0,0.0
2023-01-19 00:00:00-05:00,218.7899932861328,223.10000610351562,218.16000366210938,222.2899932861328,837400,0.0,0.0
2023-01-20 00:00:00-05:00,221.97000122070312,224.33999633789062,220.14999389648438,223.61000061035156,786300,0.0,0.0
2023-01-23 00:00:00-05:00,224.1699981689453,229.27999877929688,222.89999389648438,228.75,840100,0.0,0.0
2023-01-24 00:00:00-05:00,225.0,229.1699981689453,224.8699951171875,225.77999877929688,723700,0.0,0.0
2023-01-25 00:00:00-05:00,223.42999267578125,226.66000366210938,221.91000366210938,226.5,392400,0.0,0.0
2023-01-26 00:00:00-05:00,229.10000610351562,229.8800048828125,225.0800018310547,228.52000427246094,580400,0.0,0.0
2023-01-27 00:00:00-05:00,227.35000610351562,230.86000061035156,226.58999633789062,229.47000122070312,616400,0.0,0.0
2023-01-30 00:00:00-05:00,227.3800048828125,229.4600067138672,225.5399932861328,226.27999877929688,634400,0.0,0.0
2023-01-31 00:00:00-05:00,226.88999938964844,229.63999938964844,225.67999267578125,229.41000366210938,535100,0.0,0.0
2023-02-01 00:00:00-05:00,229.94000244140625,234.72999572753906,228.47000122070312,233.49000549316406,575400,0.0,0.0
2023-02-02 00:00:00-05:00,236.05999755859375,241.86000061035156,235.7899932861328,240.64999389648438,1249100,0.0,0.0
2023-02-03 00:00:00-05:00,237.02000427246094,240.36000061035156,236.14999389648438,237.17999267578125,680700,0.0,0.0
2023-02-06 00:00:00-05:00,234.52000427246094,236.3300018310547,231.22999572753906,232.30999755859375,793900,0.0,0.0
2023-02-07 00:00:00-05:00,230.47000122070312,236.36000061035156,229.60000610351562,235.83999633789062,714400,0.0,0.0
2023-02-08 00:00:00-05:00,235.0,236.83999633789062,233.8300018310547,235.50999450683594,706200,0.0,0.0
2023-02-09 00:00:00-05:00,237.33999633789062,237.9600067138672,229.49000549316406,230.30999755859375,953800,0.0,0.0
2023-02-10 00:00:00-05:00,228.55999755859375,230.0,222.32000732421875,222.83999633789062,2008200,0.0,0.0
2023-02-13 00:00:00-05:00,223.52000427246094,232.58999633789062,222.36000061035156,232.11000061035156,1521600,0.0,0.0
2023-02-14 00:00:00-05:00,230.0,230.89999389648438,225.8800048828125,227.07000732421875,1151200,0.0,0.0
2023-02-15 00:00:00-05:00,225.19000244140625,227.75,224.3000030517578,227.02999877929688,841900,0.0,0.0
2023-02-16 00:00:00-05:00,222.13999938964844,226.22000122070312,220.2100067138672,224.0,787800,0.0,0.0
2023-02-17 00:00:00-05:00,222.41000366210938,223.24000549316406,216.4499969482422,219.72999572753906,1032000,0.0,0.0
2023-02-21 00:00:00-05:00,216.67999267578125,218.3300018310547,211.66000366210938,212.97999572753906,977000,0.0,0.0
2023-02-22 00:00:00-05:00,212.50999450683594,212.99000549316406,209.55999755859375,210.99000549316406,1037200,0.0,0.0
2023-02-23 00:00:00-05:00,212.77000427246094,213.74000549316406,209.77000427246094,213.3699951171875,642800,0.0,0.0
2023-02-24 00:00:00-05:00,211.6999969482422,211.6999969482422,206.75,209.5399932861328,543500,0.0,0.0
2023-02-27 00:00:00-05:00,211.97000122070312,212.9600067138672,208.2899932861328,208.8800048828125,727900,0.0,0.0
2023-02-28 00:00:00-05:00,207.86000061035156,210.1699981689453,207.44000244140625,208.47000122070312,843100,0.0,0.0
2023-03-01 00:00:00-05:00,207.55999755859375,211.92999267578125,207.55999755859375,210.77000427246094,867100,0.0,0.0
2023-03-02 00:00:00-05:00,208.77999877929688,217.07000732421875,208.27000427246094,215.8300018310547,797100,0.0,0.0
2023-03-03 00:00:00-05:00,217.72000122070312,221.07000732421875,216.02000427246094,220.82000732421875,964000,0.0,0.0
2023-03-06 00:00:00-05:00,220.77999877929688,223.97999572753906,219.52999877929688,219.57000732421875,750500,0.0,0.0
2023-03-07 00:00:00-05:00,219.6300048828125,219.97000122070312,212.02999877929688,212.58999633789062,446500,0.0,0.0
2023-03-08 00:00:00-05:00,212.0500030517578,213.0500030517578,210.41000366210938,211.60000610351562,588400,0.0,0.0
2023-03-09 00:00:00-05:00,212.6300048828125,214.10000610351562,202.6300048828125,202.92999267578125,1273300,0.0,0.0
2023-03-10 00:00:00-05:00,202.36000061035156,202.36000061035156,192.72999572753906,197.25999450683594,2650200,0.0,0.0
2023-03-13 00:00:00-04:00,196.47999572753906,199.2899932861328,190.91000366210938,198.1199951171875,2152300,0.0,0.0
2023-03-14 00:00:00-04:00,201.97999572753906,205.7899932861328,197.82000732421875,200.7100067138672,1227700,0.0,0.0
2023-03-15 00:00:00-04:00,196.38999938964844,197.0399932861328,188.92999267578125,195.27000427246094,1804600,0.0,0.0
2023-03-16 00:00:00-04:00,192.7899932861328,197.13999938964844,189.50999450683594,196.42999267578125,1125100,0.0,0.0
2023-03-17 00:00:00-04:00,196.42999267578125,196.77999877929688,190.41000366210938,190.88999938964844,1638400,0.0,0.0
2023-03-20 00:00:00-04:00,191.5800018310547,193.02999877929688,189.17999267578125,191.80999755859375,1357400,0.0,0.0
2023-03-21 00:00:00-04:00,194.44000244140625,197.25999450683594,193.89999389648438,196.75999450683594,1071400,0.0,0.0
2023-03-22 00:00:00-04:00,196.49000549316406,196.8699951171875,189.83999633789062,190.00999450683594,983700,0.0,0.0
2023-03-23 00:00:00-04:00,191.27000427246094,194.2100067138672,185.74000549316406,188.0,2267600,0.0,0.0
2023-03-24 00:00:00-04:00,186.6199951171875,188.72999572753906,183.14999389648438,188.35000610351562,1560200,0.0,0.0
2023-03-27 00:00:00-04:00,191.10000610351562,192.38999938964844,189.2100067138672,190.91000366210938,746900,0.0,0.0
2023-03-28 00:00:00-04:00,189.42999267578125,191.02000427246094,188.61000061035156,189.8699951171875,718500,0.0,0.0
2023-03-29 00:00:00-04:00,193.0,193.47000122070312,190.91000366210938,192.91000366210938,843100,0.0,0.0
2023-03-30 00:00:00-04:00,194.9199981689453,197.10000610351562,193.58999633789062,194.9499969482422,1241300,0.0,0.0
2023-03-31 00:00:00-04:00,196.42999267578125,198.88999938964844,194.91000366210938,198.88999938964844,972400,0.0,0.0
2023-04-03 00:00:00-04:00,197.6999969482422,200.11000061035156,196.85000610351562,199.92999267578125,1268600,0.0,0.0
2023-04-04 00:00:00-04:00,200.57000732421875,201.69000244140625,195.7100067138672,196.6999969482422,669100,0.0,0.0
2023-04-05 00:00:00-04:00,195.07000732421875,198.1199951171875,193.92999267578125,197.08999633789062,838000,0.0,0.0
2023-04-06 00:00:00-04:00,197.0,197.0,194.1199951171875,195.8300018310547,632500,0.0,0.0
2023-04-10 00:00:00-04:00,194.97999572753906,196.9199981689453,193.9600067138672,196.88999938964844,589100,0.0,0.0
2023-04-11 00:00:00-04:00,198.0,201.36000061035156,197.1999969482422,199.69000244140625,730700,0.0,0.0
2023-04-12 00:00:00-04:00,202.27000427246094,203.02999877929688,197.2899932861328,197.99000549316406,800300,0.0,0.0
2023-04-13 00:00:00-04:00,199.47999572753906,203.6699981689453,197.69000244140625,202.75,803700,0.0,0.0
2023-04-14 00:00:00-04:00,202.38999938964844,203.32000732421875,198.55999755859375,200.35000610351562,453000,0.0,0.0
2023-04-17 00:00:00-04:00,200.74000549316406,203.13999938964844,199.74000549316406,202.6199951171875,698500,0.0,0.0
2023-04-18 00:00:00-04:00,204.0,204.41000366210938,200.64999389648438,202.72999572753906,733700,0.0,0.0
2023-04-19 00:00:00-04:00,201.11000061035156,202.61000061035156,200.1300048828125,201.86000061035156,705300,0.0,0.0
2023-04-20 00:00:00-04:00,199.72999572753906,200.47999572753906,196.7899932861328,198.58999633789062,916400,0.0,0.0
2023-04-21 00:00:00-04:00,199.60000610351562,202.50999450683594,199.60000610351562,202.30999755859375,663500,0.0,0.0
2023-04-24 00:00:00-04:00,202.7100067138672,203.6699981689453,200.83999633789062,202.99000549316406,963500,0.0,0.0
2023-04-25 00:00:00-04:00,202.6699981689453,208.8000030517578,191.55999755859375,191.7100067138672,2008700,0.0,0.0
2023-04-26 00:00:00-04:00,190.1300048828125,192.07000732421875,188.25,189.97999572753906,2386800,0.0,0.0
2023-04-27 00:00:00-04:00,189.5,191.3699951171875,177.0,183.66000366210938,3621400,0.0,0.0
2023-04-28 00:00:00-04:00,183.0399932861328,191.61000061035156,183.0399932861328,188.22999572753906,1802500,0.0,0.0
2023-05-01 00:00:00-04:00,188.75,192.42999267578125,187.02999877929688,190.0,1706800,0.0,0.0
2023-05-02 00:00:00-04:00,189.14999389648438,189.74000549316406,183.99000549316406,185.60000610351562,1356500,0.0,0.0
2023-05-03 00:00:00-04:00,187.07000732421875,189.4199981689453,185.36000061035156,187.02000427246094,1292500,0.0,0.0
2023-05-04 00:00:00-04:00,186.50999450683594,187.57000732421875,183.74000549316406,184.39999389648438,1340100,0.0,0.0
2023-05-05 00:00:00-04:00,187.0,189.92999267578125,184.92999267578125,188.52000427246094,960600,0.0,0.0
2023-05-08 00:00:00-04:00,189.02999877929688,190.08999633789062,185.3699951171875,189.82000732421875,1178400,0.0,0.0
2023-05-09 00:00:00-04:00,187.3300018310547,188.91000366210938,185.55999755859375,186.00999450683594,1286400,0.0,0.0
2023-05-10 00:00:00-04:00,189.1300048828125,189.9499969482422,187.0399932861328,188.0800018310547,958600,0.0,0.0
2023-05-11 00:00:00-04:00,187.1699981689453,190.2100067138672,185.6300048828125,189.8699951171875,1217900,0.0,0.0
2023-05-12 00:00:00-04:00,190.36000061035156,191.1199951171875,187.1300048828125,188.17999267578125,1051000,0.0,0.0
2023-05-15 00:00:00-04:00,188.22000122070312,192.3800048828125,187.13999938964844,191.47000122070312,1305000,0.0,0.0
2023-05-16 00:00:00-04:00,190.97999572753906,191.33999633789062,187.9600067138672,191.2100067138672,1114400,0.0,0.0
2023-05-17 00:00:00-04:00,192.82000732421875,193.67999267578125,188.25,193.0500030517578,1262900,0.0,0.0
2023-05-18 00:00:00-04:00,193.24000549316406,196.11000061035156,192.1300048828125,195.4499969482422,1244400,0.0,0.0
2023-05-19 00:00:00-04:00,195.9199981689453,200.02000427246094,195.9199981689453,199.44000244140625,1531500,0.0,0.0
2023-05-22 00:00:00-04:00,199.50999450683594,202.47000122070312,199.25,201.77000427246094,1437600,0.0,0.0
2023-05-23 00:00:00-04:00,201.0500030517578,206.3000030517578,200.3300018310547,201.77999877929688,1759800,0.0,0.0
2023-05-24 00:00:00-04:00,195.0,199.6999969482422,193.17999267578125,198.02999877929688,1540800,0.0,0.0
2023-05-25 00:00:00-04:00,198.49000549316406,200.2100067138672,195.36000061035156,197.47000122070312,1147600,0.0,0.0
2023-05-26 00:00:00-04:00,197.9499969482422,200.0500030517578,197.05999755859375,199.4499969482422,750200,0.0,0.0
2023-05-30 00:00:00-04:00,199.74000549316406,202.5,198.2100067138672,198.64999389648438,870000,0.0,0.0
2023-05-31 00:00:00-04:00,197.3300018310547,199.02000427246094,193.5399932861328,196.91000366210938,1447600,0.0,0.0
2023-06-01 00:00:00-04:00,197.39999389648438,199.7100067138672,196.42999267578125,198.97000122070312,786600,0.0,0.0
2023-06-02 00:00:00-04:00,202.0,203.69000244140625,199.6300048828125,201.3699951171875,1052600,0.0,0.0
2023-06-05 00:00:00-04:00,201.22999572753906,204.17999267578125,200.25999450683594,204.00999450683594,891200,0.0,0.0
2023-06-06 00:00:00-04:00,205.14999389648438,206.3699951171875,203.75,205.47999572753906,1001600,0.0,0.0
2023-06-07 00:00:00-04:00,206.64999389648438,208.9199981689453,205.11000061035156,208.57000732421875,920700,0.0,0.0
2023-06-08 00:00:00-04:00,208.25999450683594,208.32000732421875,205.08999633789062,206.19000244140625,791000,0.0,0.0
2023-06-09 00:00:00-04:00,207.25,207.57000732421875,203.7899932861328,206.58999633789062,984700,0.0,0.0
2023-06-12 00:00:00-04:00,206.83999633789062,213.6199951171875,206.25999450683594,211.89999389648438,1002400,0.0,0.0
2023-06-13 00:00:00-04:00,212.08999633789062,215.3800048828125,211.69000244140625,215.1300048828125,1183700,0.0,0.0
2023-06-14 00:00:00-04:00,215.52999877929688,216.1699981689453,212.02000427246094,212.72000122070312,1253600,0.0,0.0
2023-06-15 00:00:00-04:00,211.5800018310547,217.63999938964844,211.5800018310547,216.77999877929688,835800,0.0,0.0
2023-06-16 00:00:00-04:00,219.4199981689453,220.02999877929688,215.74000549316406,216.02000427246094,1182600,0.0,0.0
2023-06-20 00:00:00-04:00,211.14999389648438,215.8000030517578,208.2100067138672,214.92999267578125,1517700,0.0,0.0
2023-06-21 00:00:00-04:00,214.16000366210938,215.9600067138672,212.77000427246094,213.8300018310547,1272500,0.0,0.0
2023-06-22 00:00:00-04:00,213.60000610351562,214.7899932861328,211.6699981689453,213.6199951171875,1194500,0.0,0.0
2023-06-23 00:00:00-04:00,211.5800018310547,215.1999969482422,210.8000030517578,214.05999755859375,1361500,0.0,0.0
2023-06-26 00:00:00-04:00,213.2899932861328,216.0500030517578,213.27000427246094,213.82000732421875,712300,0.0,0.0
2023-06-27 00:00:00-04:00,214.0,215.0800018310547,210.94000244140625,214.66000366210938,699900,0.0,0.0
2023-06-28 00:00:00-04:00,214.5800018310547,219.72999572753906,212.72999572753906,219.22000122070312,1063300,0.0,0.0
2023-06-29 00:00:00-04:00,218.89999389648438,221.91000366210938,217.8699951171875,221.4199981689453,869800,0.0,0.0
2023-06-30 00:00:00-04:00,223.4600067138672,225.39999389648438,222.11000061035156,224.77000427246094,1092500,0.0,0.0
2023-07-03 00:00:00-04:00,223.80999755859375,224.38999938964844,220.13999938964844,221.07000732421875,462000,0.0,0.0
2023-07-05 00:00:00-04:00,220.42999267578125,221.75999450683594,218.10000610351562,220.89999389648438,979600,0.0,0.0
2023-07-06 00:00:00-04:00,218.10000610351562,219.63999938964844,215.5800018310547,217.64999389648438,1206800,0.0,0.0
2023-07-07 00:00:00-04:00,216.13999938964844,218.02000427246094,216.00999450683594,216.80999755859375,966300,0.0,0.0
2023-07-10 00:00:00-04:00,216.69000244140625,220.6999969482422,215.75999450683594,219.42999267578125,997200,0.0,0.0
2023-07-11 00:00:00-04:00,218.7899932861328,219.8300018310547,214.6199951171875,216.27000427246094,1423800,0.0,0.0
2023-07-12 00:00:00-04:00,219.1300048828125,220.77000427246094,217.00999450683594,219.00999450683594,894300,0.0,0.0
2023-07-13 00:00:00-04:00,219.47000122070312,220.0800018310547,217.80999755859375,219.6300048828125,1287800,0.0,0.0
2023-07-14 00:00:00-04:00,219.8699951171875,221.8000030517578,218.9600067138672,221.10000610351562,687800,0.0,0.0
2023-07-17 00:00:00-04:00,220.55999755859375,222.47999572753906,219.2899932861328,221.3699951171875,712800,0.0,0.0
2023-07-18 00:00:00-04:00,221.5399932861328,224.57000732421875,220.22999572753906,224.22999572753906,873900,0.0,0.0
2023-07-19 00:00:00-04:00,224.67999267578125,227.13999938964844,224.13999938964844,225.4600067138672,763500,0.0,0.0
2023-07-20 00:00:00-04:00,226.02000427246094,227.22999572753906,224.16000366210938,226.3699951171875,650200,0.0,0.0
2023-07-21 00:00:00-04:00,226.6199951171875,229.60000610351562,224.82000732421875,228.25999450683594,1078400,0.0,0.0
2023-07-24 00:00:00-04:00,227.92999267578125,229.55999755859375,226.5800018310547,228.16000366210938,1220800,0.0,0.0
2023-07-25 00:00:00-04:00,225.77000427246094,233.8800048828125,225.77000427246094,231.57000732421875,841900,0.0,0.0
2023-07-26 00:00:00-04:00,230.5800018310547,232.02999877929688,228.66000366210938,231.9600067138672,684700,0.0,0.0
2023-07-27 00:00:00-04:00,232.94000244140625,233.3300018310547,224.32000732421875,224.55999755859375,1215000,0.0,0.0
2023-07-28 00:00:00-04:00,227.00999450683594,227.00999450683594,222.67999267578125,226.14999389648438,872200,0.0,0.0
2023-07-31 00:00:00-04:00,225.75999450683594,226.97999572753906,222.91000366210938,223.75999450683594,1262000,0.0,0.0
2023-08-01 00:00:00-04:00,220.6199951171875,222.25999450683594,214.8800048828125,219.1300048828125,2059600,0.0,0.0
2023-08-02 00:00:00-04:00,217.00999450683594,220.58999633789062,216.11000061035156,219.08999633789062,1119600,0.0,0.0
2023-08-03 00:00:00-04:00,217.77000427246094,217.77000427246094,214.02000427246094,216.2899932861328,766000,0.0,0.0
2023-08-04 00:00:00-04:00,216.02999877929688,220.25999450683594,215.58999633789062,216.92999267578125,738700,0.0,0.0
2023-08-07 00:00:00-04:00,217.30999755859375,219.61000061035156,216.75,219.3000030517578,739300,0.0,0.0
2023-08-08 00:00:00-04:00,218.1699981689453,219.25999450683594,213.5,218.86000061035156,869200,0.0,0.0
2023-08-09 00:00:00-04:00,218.30999755859375,219.85000610351562,217.4199981689453,218.67999267578125,661900,0.0,0.0
2023-08-10 00:00:00-04:00,219.47999572753906,224.3000030517578,219.00999450683594,221.77999877929688,775800,0.0,0.0
2023-08-11 00:00:00-04:00,220.1300048828125,221.1300048828125,218.52000427246094,219.83999633789062,687900,0.0,0.0
2023-08-14 00:00:00-04:00,218.7100067138672,220.66000366210938,218.52000427246094,220.1199951171875,736900,0.0,0.0
2023-08-15 00:00:00-04:00,219.3300018310547,220.42999267578125,216.69000244140625,217.66000366210938,885100,0.0,0.0
2023-08-16 00:00:00-04:00,216.22000122070312,217.69000244140625,215.14999389648438,215.1999969482422,737600,0.0,0.0
2023-08-17 00:00:00-04:00,215.52999877929688,215.77999877929688,213.33999633789062,214.2100067138672,611200,0.0,0.0
2023-08-18 00:00:00-04:00,212.30999755859375,215.0500030517578,210.02999877929688,213.97999572753906,1077800,0.0,0.0
2023-08-21 00:00:00-04:00,214.3300018310547,215.22000122070312,212.07000732421875,214.36000061035156,860700,0.0,0.0
2023-08-22 00:00:00-04:00,215.1300048828125,215.72000122070312,212.35000610351562,214.02000427246094,828200,0.0,0.0
2023-08-23 00:00:00-04:00,215.86000061035156,216.77000427246094,214.8000030517578,216.13999938964844,474800,0.0,0.0
2023-08-24 00:00:00-04:00,216.72999572753906,218.77999877929688,215.10000610351562,215.50999450683594,605000,0.0,0.0
2023-08-25 00:00:00-04:00,216.22000122070312,219.27000427246094,216.0399932861328,219.00999450683594,552300,0.0,0.0
2023-08-28 00:00:00-04:00,221.05999755859375,222.63999938964844,220.22999572753906,221.7899932861328,765900,0.0,0.0
2023-08-29 00:00:00-04:00,221.72999572753906,225.72999572753906,221.72999572753906,225.13999938964844,489600,0.0,0.0
2023-08-30 00:00:00-04:00,225.52000427246094,227.13999938964844,224.19000244140625,224.5500030517578,864000,0.0,0.0
2023-08-31 00:00:00-04:00,225.38999938964844,226.47000122070312,221.75,222.6300048828125,849300,0.0,0.0
2023-09-01 00:00:00-04:00,224.97000122070312,225.69000244140625,223.4199981689453,224.3300018310547,682700,0.0,0.0
2023-09-05 00:00:00-04:00,224.27999877929688,224.27999877929688,220.8000030517578,220.88999938964844,746400,0.0,0.0
2023-09-06 00:00:00-04:00,220.41000366210938,220.85000610351562,216.7899932861328,218.82000732421875,860000,0.0,0.0
2023-09-07 00:00:00-04:00,219.0800018310547,221.97999572753906,218.0800018310547,219.0,1028300,0.0,0.0
2023-09-08 00:00:00-04:00,218.38999938964844,218.38999938964844,211.94000244140625,213.52999877929688,1302600,0.0,0.0
2023-09-11 00:00:00-04:00,214.44000244140625,216.5800018310547,212.97000122070312,215.3300018310547,976300,0.0,0.0
2023-09-12 00:00:00-04:00,214.8000030517578,219.27999877929688,213.55999755859375,216.77000427246094,995500,0.0,0.0
2023-09-13 00:00:00-04:00,215.97999572753906,217.99000549316406,214.7899932861328,216.60000610351562,937900,0.0,0.0
2023-09-14 00:00:00-04:00,218.3699951171875,218.75,211.24000549316406,212.9600067138672,1344500,0.0,0.0
2023-09-15 00:00:00-04:00,212.17999267578125,216.52999877929688,210.69000244140625,211.7100067138672,2027200,0.0,0.0
2023-09-18 00:00:00-04:00,210.85000610351562,211.58999633789062,209.2100067138672,209.35000610351562,871300,0.0,0.0
2023-09-19 00:00:00-04:00,208.2100067138672,210.3300018310547,207.72000122070312,208.8800048828125,1013900,0.0,0.0
2023-09-20 00:00:00-04:00,209.91000366210938,209.91000366210938,205.08999633789062,205.4199981689453,967800,0.0,0.0
2023-09-21 00:00:00-04:00,204.0800018310547,205.25,197.63999938964844,199.17999267578125,1595500,0.0,0.0
2023-09-22 00:00:00-04:00,199.1699981689453,201.24000549316406,195.9600067138672,198.75,1090200,0.0,0.0
2023-09-25 00:00:00-04:00,198.0399932861328,202.50999450683594,197.5,202.38999938964844,1068600,0.0,0.0
2023-09-26 00:00:00-04:00,202.24000549316406,205.13999938964844,200.61000061035156,200.97999572753906,1782100,0.0,0.0
2023-09-27 00:00:00-04:00,201.38999938964844,204.44000244140625,201.38999938964844,202.2100067138672,1061400,0.0,0.0
2023-09-28 00:00:00-04:00,201.97000122070312,202.02000427246094,197.22999572753906,197.6999969482422,1978300,0.0,0.0
2023-09-29 00:00:00-04:00,199.27999877929688,201.10000610351562,195.6999969482422,196.75,1489500,0.0,0.0
2023-10-02 00:00:00-04:00,196.24000549316406,196.72000122070312,191.6300048828125,193.8800048828125,1117900,0.0,0.0
2023-10-03 00:00:00-04:00,192.55999755859375,194.24000549316406,189.97999572753906,190.72999572753906,849500,0.0,0.0
2023-10-04 00:00:00-04:00,192.22999572753906,196.99000549316406,190.47999572753906,196.42999267578125,1697100,0.0,0.0
2023-10-05 00:00:00-04:00,196.1999969482422,198.2899932861328,193.94000244140625,197.82000732421875,1101600,0.0,0.0
2023-10-06 00:00:00-04:00,196.8800048828125,200.13999938964844,196.57000732421875,198.63999938964844,876800,0.0,0.0
2023-10-09 00:00:00-04:00,197.07000732421875,200.5399932861328,196.72999572753906,199.5399932861328,803600,0.0,0.0
2023-10-10 00:00:00-04:00,199.36000061035156,203.91000366210938,198.82000732421875,201.50999450683594,1051600,0.0,0.0
2023-10-11 00:00:00-04:00,201.6199951171875,204.75,201.6199951171875,204.55999755859375,872000,0.0,0.0
2023-10-12 00:00:00-04:00,204.08999633789062,204.60000610351562,196.39999389648438,197.61000061035156,1081900,0.0,0.0
2023-10-13 00:00:00-04:00,197.14999389648438,200.58999633789062,197.14999389648438,199.36000061035156,1144100,0.0,0.0
2023-10-16 00:00:00-04:00,200.72999572753906,201.9199981689453,197.00999450683594,198.97999572753906,955300,0.0,0.0
2023-10-17 00:00:00-04:00,196.8800048828125,200.3000030517578,196.35000610351562,199.0,1130300,0.0,0.0
2023-10-18 00:00:00-04:00,197.30999755859375,199.08999633789062,188.7899932861328,188.9499969482422,1575500,0.0,0.0
2023-10-19 00:00:00-04:00,189.27000427246094,190.8699951171875,186.0500030517578,186.75,1631800,0.0,0.0
2023-10-20 00:00:00-04:00,186.55999755859375,187.4499969482422,184.24000549316406,184.36000061035156,1626400,0.0,0.0
2023-10-23 00:00:00-04:00,183.67999267578125,185.8800048828125,182.7899932861328,183.7100067138672,1037100,0.0,0.0
2023-10-24 00:00:00-04:00,183.47999572753906,187.33999633789062,183.0399932861328,186.69000244140625,1239500,0.0,0.0
2023-10-25 00:00:00-04:00,183.6699981689453,186.0,178.42999267578125,181.22000122070312,1507200,0.0,0.0
2023-10-26 00:00:00-04:00,181.22000122070312,186.5800018310547,181.22000122070312,184.4199981689453,1515200,0.0,0.0
2023-10-27 00:00:00-04:00,185.10000610351562,186.00999450683594,179.10000610351562,179.94000244140625,933500,0.0,0.0
2023-10-30 00:00:00-04:00,181.16000366210938,181.1699981689453,173.33999633789062,177.16000366210938,1572000,0.0,0.0
2023-10-31 00:00:00-04:00,178.27999877929688,181.39999389648438,177.52000427246094,180.8300018310547,1533900,0.0,0.0
2023-11-01 00:00:00-04:00,169.9499969482422,181.05999755859375,167.4199981689453,180.00999450683594,2652100,0.0,0.0
2023-11-02 00:00:00-04:00,181.02999877929688,191.52999877929688,181.02999877929688,190.4600067138672,4531200,0.0,0.0
2023-11-03 00:00:00-04:00,194.1300048828125,199.8300018310547,192.4199981689453,197.1999969482422,3691600,0.0,0.0
2023-11-06 00:00:00-05:00,196.6699981689453,200.64999389648438,195.19000244140625,198.39999389648438,1906400,0.0,0.0
2023-11-07 00:00:00-05:00,198.22000122070312,201.38999938964844,196.35000610351562,200.0800018310547,1612600,0.0,0.0
2023-11-08 00:00:00-05:00,200.14999389648438,201.3000030517578,198.30999755859375,199.75999450683594,1089600,0.0,0.0
2023-11-09 00:00:00-05:00,201.00999450683594,201.00999450683594,191.77999877929688,191.91000366210938,1613300,0.0,0.0
2023-11-10 00:00:00-05:00,192.91000366210938,196.74000549316406,190.1999969482422,195.97999572753906,1045900,0.0,0.0
2023-11-13 00:00:00-05:00,194.6699981689453,194.80999755859375,191.4499969482422,193.6699981689453,767300,0.0,0.0
2023-11-14 00:00:00-05:00,198.27000427246094,202.5800018310547,197.3699951171875,200.47999572753906,1400400,0.0,0.0
2023-11-15 00:00:00-05:00,200.5800018310547,206.91000366210938,200.1999969482422,205.8300018310547,1284200,0.0,0.0
2023-11-16 00:00:00-05:00,205.4600067138672,206.41000366210938,202.0,204.7899932861328,1274400,0.0,0.0
2023-11-17 00:00:00-05:00,206.14999389648438,206.82000732421875,203.38999938964844,204.7899932861328,693600,0.0,0.0
2023-11-20 00:00:00-05:00,204.3800048828125,206.5500030517578,201.55999755859375,205.2899932861328,1335100,0.0,0.0
2023-11-21 00:00:00-05:00,205.66000366210938,209.42999267578125,204.8300018310547,207.4499969482422,1290700,0.0,0.0
2023-11-22 00:00:00-05:00,208.82000732421875,212.36000061035156,207.67999267578125,209.52000427246094,1000000,0.0,0.0
2023-11-24 00:00:00-05:00,209.47000122070312,212.02000427246094,208.14999389648438,212.00999450683594,427900,0.0,0.0
2023-11-27 00:00:00-05:00,210.77000427246094,213.85000610351562,210.67999267578125,210.72999572753906,1783200,0.0,0.0
2023-11-28 00:00:00-05:00,209.8800048828125,213.64999389648438,209.1199951171875,211.0,1204800,0.0,0.0
2023-11-29 00:00:00-05:00,212.77999877929688,216.25,212.0,213.80999755859375,1204500,0.0,0.0
2023-11-30 00:00:00-05:00,213.97000122070312,214.92999267578125,210.64999389648438,214.10000610351562,1854500,0.0,0.0
2023-12-01 00:00:00-05:00,214.0,217.25999450683594,211.99000549316406,216.91000366210938,1195400,0.0,0.0
2023-12-04 00:00:00-05:00,215.94000244140625,217.36000061035156,214.41000366210938,216.27000427246094,1336600,0.0,0.0
2023-12-05 00:00:00-05:00,214.8699951171875,215.39999389648438,212.75,214.30999755859375,1435600,0.0,0.0
2023-12-06 00:00:00-05:00,216.07000732421875,218.75,215.05999755859375,215.58999633789062,1110400,0.0,0.0
2023-12-07 00:00:00-05:00,216.22000122070312,216.30999755859375,213.05999755859375,214.99000549316406,773600,0.0,0.0
2023-12-08 00:00:00-05:00,214.38999938964844,216.22000122070312,213.3699951171875,215.27999877929688,603900,0.0,0.0
2023-12-11 00:00:00-05:00,215.86000061035156,217.5399932861328,214.91000366210938,216.30999755859375,726500,0.0,0.0
2023-12-12 00:00:00-05:00,217.02000427246094,218.1199951171875,215.6699981689453,217.42999267578125,1119300,0.0,0.0
2023-12-13 00:00:00-05:00,217.89999389648438,226.39999389648438,217.10000610351562,225.9499969482422,1593800,0.0,0.0
2023-12-14 00:00:00-05:00,226.72999572753906,234.9199981689453,226.72999572753906,230.5500030517578,1501700,0.0,0.0
2023-12-15 00:00:00-05:00,228.02999877929688,229.72000122070312,225.66000366210938,226.72000122070312,1655000,0.0,0.0
2023-12-18 00:00:00-05:00,227.6999969482422,227.6999969482422,224.50999450683594,225.97000122070312,955000,0.0,0.0
2023-12-19 00:00:00-05:00,227.55999755859375,230.3699951171875,226.08999633789062,228.86000061035156,1194900,0.0,0.0
2023-12-20 00:00:00-05:00,229.0,230.88999938964844,224.86000061035156,225.0,1163500,0.0,0.0
2023-12-21 00:00:00-05:00,226.33999633789062,229.41000366210938,224.89999389648438,229.3300018310547,835400,0.0,0.0
2023-12-22 00:00:00-05:00,230.38999938964844,231.42999267578125,227.47999572753906,229.3800048828125,621600,0.0,0.0
2023-12-26 00:00:00-05:00,229.24000549316406,231.13999938964844,228.5399932861328,231.02999877929688,408800,0.0,0.0
2023-12-27 00:00:00-05:00,231.3300018310547,232.61000061035156,229.58999633789062,231.9199981689453,574100,0.0,0.0
2023-12-28 00:00:00-05:00,232.44000244140625,233.97999572753906,230.67999267578125,232.72999572753906,511600,0.0,0.0
2023-12-29 00:00:00-05:00,231.1300048828125,232.99000549316406,229.05999755859375,231.3800048828125,517200,0.0,0.0
2024-01-02 00:00:00-05:00,229.66000366210938,232.67999267578125,227.72000122070312,230.38999938964844,812300,0.0,0.0
2024-01-03 00:00:00-05:00,228.8800048828125,230.4199981689453,219.9600067138672,220.00999450683594,1201400,0.0,0.0
2024-01-04 00:00:00-05:00,219.11000061035156,221.4499969482422,217.75999450683594,220.0800018310547,839700,0.0,0.0
2024-01-05 00:00:00-05:00,218.58999633789062,222.02999877929688,216.58999633789062,220.52000427246094,558000,0.0,0.0
2024-01-08 00:00:00-05:00,220.47999572753906,224.35000610351562,219.1699981689453,224.05999755859375,603100,0.0,0.0
2024-01-09 00:00:00-05:00,221.55999755859375,227.9499969482422,220.41000366210938,221.75,649600,0.0,0.0
2024-01-10 00:00:00-05:00,221.91000366210938,221.91000366210938,213.00999450683594,217.1300048828125,1590500,0.0,0.0
2024-01-11 00:00:00-05:00,215.97000122070312,217.02000427246094,208.66000366210938,213.9499969482422,2036000,0.0,0.0
2024-01-12 00:00:00-05:00,215.9199981689453,216.82000732421875,211.67999267578125,213.85000610351562,1053600,0.0,0.0
2024-01-16 00:00:00-05:00,211.42999267578125,213.32000732421875,209.4199981689453,212.6999969482422,767700,0.0,0.0
2024-01-17 00:00:00-05:00,210.6199951171875,212.2100067138672,209.3699951171875,210.91000366210938,996900,0.0,0.0
2024-01-18 00:00:00-05:00,208.82000732421875,213.7100067138672,207.30999755859375,213.19000244140625,1008500,0.0,0.0
2024-01-19 00:00:00-05:00,213.36000061035156,215.61000061035156,212.25,215.38999938964844,1370100,0.0,0.0
2024-01-22 00:00:00-05:00,216.3699951171875,219.32000732421875,215.82000732421875,217.75,1047400,0.0,0.0
2024-01-23 00:00:00-05:00,216.1999969482422,218.1999969482422,211.82000732421875,213.52999877929688,980800,0.0,0.0
2024-01-24 00:00:00-05:00,214.5800018310547,217.13999938964844,212.5,212.8800048828125,1219400,0.0,0.0
2024-01-25 00:00:00-05:00,214.8000030517578,215.75,212.66000366210938,215.5,849800,0.0,0.0
2024-01-26 00:00:00-05:00,216.99000549316406,219.47000122070312,215.74000549316406,216.08999633789062,1040300,0.0,0.0
2024-01-29 00:00:00-05:00,215.58999633789062,218.2100067138672,214.5399932861328,218.02000427246094,611800,0.0,0.0
2024-01-30 00:00:00-05:00,217.89999389648438,220.6300048828125,216.75999450683594,217.0800018310547,665100,0.0,0.0
2024-01-31 00:00:00-05:00,216.1300048828125,217.39999389648438,207.91000366210938,208.22999572753906,1716700,0.0,0.0
2024-02-01 00:00:00-05:00,207.89999389648438,211.57000732421875,205.3800048828125,211.3000030517578,921000,0.0,0.0
2024-02-02 00:00:00-05:00,209.55999755859375,212.0800018310547,208.47000122070312,210.75,586500,0.0,0.0
2024-02-05 00:00:00-05:00,210.05999755859375,212.38999938964844,208.0500030517578,210.7100067138672,1162200,0.0,0.0
2024-02-06 00:00:00-05:00,210.0,215.5800018310547,209.1300048828125,215.41000366210938,1239300,0.0,0.0
2024-02-07 00:00:00-05:00,216.0,216.32000732421875,212.8000030517578,214.33999633789062,965500,0.0,0.0
2024-02-08 00:00:00-05:00,213.5399932861328,217.27999877929688,212.1199951171875,217.0,984200,0.0,0.0
2024-02-09 00:00:00-05:00,217.5500030517578,222.2100067138672,216.17999267578125,218.1999969482422,1143900,0.0,0.0
2024-02-12 00:00:00-05:00,217.38999938964844,219.91000366210938,217.0800018310547,217.8800048828125,1034300,0.0,0.0
2024-02-13 00:00:00-05:00,214.77999877929688,217.1699981689453,212.89999389648438,215.27000427246094,1353800,0.0,0.0
2024-02-14 00:00:00-05:00,223.0,243.82000732421875,223.0,243.47000122070312,2798200,0.0,0.0
2024-02-15 00:00:00-05:00,241.9499969482422,243.61000061035156,238.07000732421875,241.47000122070312,1677700,0.0,0.0
2024-02-16 00:00:00-05:00,241.42999267578125,241.9499969482422,237.89999389648438,238.60000610351562,1021400,0.0,0.0
2024-02-20 00:00:00-05:00,236.67999267578125,237.7899932861328,234.1199951171875,234.75999450683594,1015300,0.0,0.0
2024-02-21 00:00:00-05:00,234.74000549316406,237.72999572753906,230.7100067138672,237.27999877929688,1186100,0.0,0.0
2024-02-22 00:00:00-05:00,238.47000122070312,250.0,238.4199981689453,247.3300018310547,1936600,0.0,0.0
2024-02-23 00:00:00-05:00,248.67999267578125,251.0,245.8300018310547,247.25999450683594,973700,0.0,0.0
2024-02-26 00:00:00-05:00,247.58999633789062,248.9199981689453,246.3800048828125,247.47999572753906,618400,0.0,0.0
2024-02-27 00:00:00-05:00,248.10000610351562,249.61000061035156,245.6999969482422,248.83999633789062,629500,0.0,0.0
2024-02-28 00:00:00-05:00,248.5500030517578,252.50999450683594,248.5500030517578,250.30999755859375,975000,0.0,0.0
2024-02-29 00:00:00-05:00,250.02000427246094,250.0500030517578,246.19000244140625,247.16000366210938,1393600,0.0,0.0
2024-03-01 00:00:00-05:00,246.47999572753906,252.9499969482422,244.0,252.4499969482422,1144500,0.0,0.0
2024-03-04 00:00:00-05:00,251.0500030517578,253.3300018310547,250.00999450683594,251.55999755859375,642100,0.0,0.0
2024-03-05 00:00:00-05:00,250.0,251.25,247.08999633789062,250.1999969482422,655800,0.0,0.0
2024-03-06 00:00:00-05:00,251.4499969482422,257.25,251.07000732421875,252.97000122070312,843600,0.0,0.0
2024-03-07 00:00:00-05:00,255.27000427246094,259.5299987792969,254.30999755859375,258.5899963378906,872400,0.0,0.0
2024-03-08 00:00:00-05:00,259.6400146484375,261.7300109863281,257.1700134277344,257.17999267578125,842800,0.0,0.0
2024-03-11 00:00:00-04:00,256.239990234375,259.1600036621094,254.47999572753906,258.5799865722656,994000,0.0,0.0
2024-03-12 00:00:00-04:00,258.0,261.6600036621094,256.489990234375,259.1000061035156,839100,0.0,0.0
2024-03-13 00:00:00-04:00,259.6700134277344,261.7200012207031,255.4199981689453,255.64999389648438,813000,0.0,0.0
2024-03-14 00:00:00-04:00,255.11000061035156,256.760009765625,252.0500030517578,254.25999450683594,989200,0.0,0.0
2024-03-15 00:00:00-04:00,250.5800018310547,255.07000732421875,250.5800018310547,252.7100067138672,1139800,0.0,0.0
2024-03-18 00:00:00-04:00,253.97999572753906,254.9600067138672,252.1699981689453,253.8699951171875,734300,0.0,0.0
2024-03-19 00:00:00-04:00,253.32000732421875,256.3399963378906,251.9499969482422,254.16000366210938,797600,0.0,0.0
2024-03-20 00:00:00-04:00,254.19000244140625,255.35000610351562,251.22000122070312,252.72000122070312,1242500,0.0,0.0
2024-03-21 00:00:00-04:00,254.1300048828125,256.2900085449219,252.30999755859375,254.55999755859375,1122200,0.0,0.0
2024-03-22 00:00:00-04:00,254.8000030517578,254.8000030517578,251.19000244140625,252.41000366210938,646300,0.0,0.0
2024-03-25 00:00:00-04:00,254.10000610351562,254.5399932861328,248.1300048828125,248.8800048828125,688400,0.0,0.0
2024-03-26 00:00:00-04:00,249.85000610351562,250.3699951171875,247.47999572753906,247.74000549316406,880400,0.0,0.0
2024-03-27 00:00:00-04:00,250.32000732421875,252.6999969482422,249.0500030517578,252.57000732421875,747000,0.0,0.0
2024-03-28 00:00:00-04:00,252.7100067138672,253.77000427246094,247.9600067138672,252.88999938964844,771400,0.0,0.0
2024-04-01 00:00:00-04:00,253.3300018310547,253.83999633789062,247.60000610351562,248.8699951171875,633300,0.0,0.0
2024-04-02 00:00:00-04:00,246.7100067138672,247.30999755859375,242.3000030517578,245.50999450683594,997500,0.0,0.0
2024-04-03 00:00:00-04:00,245.0500030517578,246.0,241.9499969482422,242.97999572753906,880200,0.0,0.0
2024-04-04 00:00:00-04:00,245.0800018310547,246.0399932861328,238.30999755859375,238.52999877929688,939800,0.0,0.0
2024-04-05 00:00:00-04:00,239.02000427246094,241.94000244140625,238.02999877929688,241.4499969482422,556600,0.0,0.0
2024-04-08 00:00:00-04:00,241.47999572753906,242.97000122070312,239.5800018310547,241.5,495400,0.0,0.0
2024-04-09 00:00:00-04:00,244.35000610351562,247.00999450683594,244.25,245.3300018310547,548700,0.0,0.0
2024-04-10 00:00:00-04:00,239.05999755859375,241.75999450683594,236.52999877929688,239.41000366210938,534600,0.0,0.0
2024-04-11 00:00:00-04:00,240.33999633789062,242.0500030517578,236.8699951171875,238.02000427246094,658400,0.0,0.0
2024-04-12 00:00:00-04:00,235.35000610351562,236.92999267578125,232.86000061035156,234.22999572753906,932300,0.0,0.0
2024-04-15 00:00:00-04:00,236.92999267578125,236.92999267578125,230.13999938964844,231.16000366210938,609500,0.0,0.0
2024-04-16 00:00:00-04:00,232.32000732421875,232.5800018310547,228.75999450683594,229.13999938964844,921000,0.0,0.0
2024-04-17 00:00:00-04:00,230.55999755859375,231.5800018310547,226.8800048828125,227.25,705900,0.0,0.0
2024-04-18 00:00:00-04:00,225.19000244140625,230.52000427246094,222.7100067138672,227.1699981689453,631200,0.0,0.0
2024-04-19 00:00:00-04:00,227.5399932861328,229.85000610351562,225.5399932861328,228.08999633789062,756500,0.0,0.0
2024-04-22 00:00:00-04:00,230.36000061035156,232.97999572753906,228.0,231.33999633789062,737100,0.0,0.0
2024-04-23 00:00:00-04:00,235.9499969482422,239.9199981689453,232.1199951171875,238.6199951171875,1112800,0.0,0.0
2024-04-24 00:00:00-04:00,238.3000030517578,244.27000427246094,237.6999969482422,240.83999633789062,1505700,0.0,0.0
2024-04-25 00:00:00-04:00,239.32000732421875,239.88999938964844,232.4199981689453,233.97999572753906,1061400,0.0,0.0
2024-04-26 00:00:00-04:00,233.10000610351562,236.92999267578125,233.10000610351562,234.8800048828125,697600,0.0,0.0
2024-04-29 00:00:00-04:00,236.5500030517578,237.82000732421875,234.27000427246094,235.47999572753906,740100,0.0,0.0
2024-04-30 00:00:00-04:00,234.1699981689453,235.99000549316406,231.4600067138672,231.77000427246094,674200,0.0,0.0
2024-05-01 00:00:00-04:00,231.91000366210938,237.55999755859375,229.5800018310547,232.94000244140625,1025500,0.0,0.0
2024-05-02 00:00:00-04:00,227.69000244140625,232.8800048828125,221.3300018310547,222.13999938964844,1697700,0.0,0.0
2024-05-03 00:00:00-04:00,223.52999877929688,227.55999755859375,222.97999572753906,223.3699951171875,1052900,0.0,0.0
2024-05-06 00:00:00-04:00,224.97000122070312,227.24000549316406,224.44000244140625,227.0399932861328,684900,0.0,0.0
2024-05-07 00:00:00-04:00,228.1999969482422,230.27999877929688,226.9499969482422,229.13999938964844,849900,0.0,0.0
2024-05-08 00:00:00-04:00,228.66000366210938,229.8300018310547,226.88999938964844,227.8800048828125,579500,0.0,0.0
2024-05-09 00:00:00-04:00,228.1999969482422,229.5399932861328,227.3000030517578,229.1999969482422,643700,0.0,0.0
2024-05-10 00:00:00-04:00,230.9199981689453,234.74000549316406,230.05999755859375,234.0800018310547,1262000,0.0,0.0
2024-05-13 00:00:00-04:00,234.1699981689453,236.16000366210938,229.00999450683594,229.0399932861328,867400,0.0,0.0
2024-05-14 00:00:00-04:00,230.58999633789062,231.63999938964844,228.42999267578125,231.13999938964844,699600,0.0,0.0
2024-05-15 00:00:00-04:00,233.7100067138672,235.7899932861328,231.80999755859375,233.69000244140625,963400,0.0,0.0
2024-05-16 00:00:00-04:00,233.07000732421875,236.72000122070312,232.10000610351562,235.0,1009000,0.0,0.0
2024-05-17 00:00:00-04:00,235.0,235.7899932861328,231.05999755859375,231.17999267578125,723900,0.0,0.0
2024-05-20 00:00:00-04:00,231.25,231.88999938964844,229.4499969482422,230.08999633789062,701400,0.0,0.0
2024-05-21 00:00:00-04:00,229.27000427246094,229.58999633789062,226.75,229.3800048828125,1060600,0.0,0.0
2024-05-22 00:00:00-04:00,229.3800048828125,230.85000610351562,225.25999450683594,226.02999877929688,1155700,0.0,0.0
2024-05-23 00:00:00-04:00,226.82000732421875,229.4199981689453,223.36000061035156,227.08999633789062,788100,0.0,0.0
2024-05-24 00:00:00-04:00,227.4600067138672,229.9199981689453,226.92999267578125,229.60000610351562,751300,0.0,0.0
2024-05-28 00:00:00-04:00,229.7899932861328,230.41000366210938,224.8800048828125,226.7100067138672,1160200,0.0,0.0
2024-05-29 00:00:00-04:00,224.6300048828125,225.57000732421875,222.8699951171875,225.0,1411600,0.0,0.0
2024-05-30 00:00:00-04:00,223.52999877929688,225.6300048828125,221.77000427246094,222.4499969482422,1150100,0.0,0.0
2024-05-31 00:00:00-04:00,222.80999755859375,223.5500030517578,216.64999389648438,219.08999633789062,3504000,0.0,0.0
2024-06-03 00:00:00-04:00,220.86000061035156,222.1699981689453,214.80999755859375,216.47000122070312,1393200,0.0,0.0
2024-06-04 00:00:00-04:00,216.1699981689453,217.35000610351562,212.33999633789062,217.17999267578125,1153700,0.0,0.0
2024-06-05 00:00:00-04:00,217.58999633789062,219.47999572753906,215.4499969482422,218.89999389648438,1164800,0.0,0.0
2024-06-06 00:00:00-04:00,221.1199951171875,221.1199951171875,217.72999572753906,220.49000549316406,1146700,0.0,0.0
2024-06-07 00:00:00-04:00,218.77999877929688,220.22999572753906,215.72000122070312,219.22999572753906,1305300,0.0,0.0
2024-06-10 00:00:00-04:00,216.89999389648438,216.9600067138672,213.9199981689453,215.8300018310547,1670200,0.0,0.0
2024-06-11 00:00:00-04:00,214.27999877929688,215.74000549316406,212.52000427246094,215.50999450683594,1613700,0.0,0.0
2024-06-12 00:00:00-04:00,218.5800018310547,220.47999572753906,215.57000732421875,217.4600067138672,1233600,0.0,0.0
2024-06-13 00:00:00-04:00,216.24000549316406,217.67999267578125,212.97000122070312,213.9600067138672,904400,0.0,0.0
2024-06-14 00:00:00-04:00,212.8000030517578,213.3800048828125,210.7899932861328,212.75,845000,0.0,0.0
2024-06-17 00:00:00-04:00,211.8300018310547,213.74000549316406,209.75999450683594,213.32000732421875,1014200,0.0,0.0
2024-06-18 00:00:00-04:00,214.0399932861328,216.25,212.14999389648438,212.8300018310547,1099400,0.0,0.0
2024-06-20 00:00:00-04:00,210.52000427246094,214.27999877929688,209.61000061035156,214.19000244140625,975200,0.0,0.0
2024-06-21 00:00:00-04:00,215.30999755859375,217.14999389648438,213.89999389648438,216.25,1590600,0.0,0.0
2024-06-24 00:00:00-04:00,217.22999572753906,218.50999450683594,213.4600067138672,214.08999633789062,1464300,0.0,0.0
2024-06-25 00:00:00-04:00,213.47999572753906,215.16000366210938,209.8699951171875,211.4199981689453,1449800,0.0,0.0
2024-06-26 00:00:00-04:00,210.97000122070312,211.89999389648438,208.85000610351562,211.17999267578125,1658100,0.0,0.0
2024-06-27 00:00:00-04:00,210.47999572753906,213.08999633789062,209.08999633789062,212.75,1014400,0.0,0.0
2024-06-28 00:00:00-04:00,213.4499969482422,214.77000427246094,209.58999633789062,211.44000244140625,5448200,0.0,0.0
2024-07-01 00:00:00-04:00,212.63999938964844,214.75999450683594,208.02999877929688,208.49000549316406,1125300,0.0,0.0
2024-07-02 00:00:00-04:00,208.2899932861328,209.9199981689453,206.9499969482422,207.47000122070312,936400,0.0,0.0
2024-07-03 00:00:00-04:00,208.42999267578125,208.58999633789062,206.38999938964844,206.80999755859375,929700,0.0,0.0
2024-07-05 00:00:00-04:00,207.4199981689453,208.5,205.05999755859375,208.10000610351562,1108800,0.0,0.0
2024-07-08 00:00:00-04:00,208.55999755859375,209.6199951171875,207.07000732421875,208.94000244140625,1287100,0.0,0.0
2024-07-09 00:00:00-04:00,209.3300018310547,213.3000030517578,208.86000061035156,213.0500030517578,1123300,0.0,0.0
2024-07-10 00:00:00-04:00,213.25999450683594,213.89999389648438,209.07000732421875,211.97999572753906,888200,0.0,0.0
2024-07-11 00:00:00-04:00,215.0,219.85000610351562,214.02000427246094,219.44000244140625,1124700,0.0,0.0
2024-07-12 00:00:00-04:00,220.8000030517578,224.97000122070312,218.44000244140625,224.1699981689453,1362200,0.0,0.0
2024-07-15 00:00:00-04:00,224.0500030517578,227.25999450683594,223.9499969482422,225.88999938964844,1056500,0.0,0.0
2024-07-16 00:00:00-04:00,227.8300018310547,234.3300018310547,227.3699951171875,232.97000122070312,1315000,0.0,0.0
2024-07-17 00:00:00-04:00,231.77999877929688,237.41000366210938,230.0,230.2899932861328,1025100,0.0,0.0
2024-07-18 00:00:00-04:00,228.4499969482422,231.3000030517578,223.6699981689453,224.85000610351562,874000,0.0,0.0
2024-07-19 00:00:00-04:00,226.0399932861328,226.52999877929688,222.00999450683594,224.57000732421875,1093500,0.0,0.0
2024-07-22 00:00:00-04:00,239.86000061035156,246.41000366210938,230.27000427246094,245.22999572753906,2496300,0.0,0.0
2024-07-23 00:00:00-04:00,242.0,243.1699981689453,238.5800018310547,238.7899932861328,1918100,0.0,0.0
2024-07-24 00:00:00-04:00,238.0399932861328,240.91000366210938,236.32000732421875,238.75,1339300,0.0,0.0
2024-07-25 00:00:00-04:00,237.0399932861328,239.07000732421875,230.8800048828125,232.2899932861328,1967800,0.0,0.0
2024-07-26 00:00:00-04:00,235.5800018310547,239.9499969482422,233.99000549316406,239.6699981689453,1195200,0.0,0.0
2024-07-29 00:00:00-04:00,239.0,239.0,235.02000427246094,237.25,948600,0.0,0.0
2024-07-30 00:00:00-04:00,239.11000061035156,246.27000427246094,238.5800018310547,245.57000732421875,1309300,0.0,0.0
2024-07-31 00:00:00-04:00,246.4199981689453,249.39999389648438,245.72000122070312,246.22999572753906,1287400,0.0,0.0
2024-08-01 00:00:00-04:00,246.6999969482422,249.97000122070312,246.52999877929688,248.36000061035156,975000,0.0,0.0
2024-08-02 00:00:00-04:00,245.19000244140625,246.58999633789062,236.88999938964844,241.77999877929688,1141400,0.0,0.0
2024-08-05 00:00:00-04:00,234.8800048828125,237.5,231.3699951171875,233.64999389648438,1195300,0.0,0.0
2024-08-06 00:00:00-04:00,236.27000427246094,241.11000061035156,233.85000610351562,237.25999450683594,921700,0.0,0.0
2024-08-07 00:00:00-04:00,240.30999755859375,240.30999755859375,229.49000549316406,229.6199951171875,1431900,0.0,0.0
2024-08-08 00:00:00-04:00,229.66000366210938,236.2899932861328,229.1699981689453,236.07000732421875,635200,0.0,0.0
2024-08-09 00:00:00-04:00,236.25999450683594,238.00999450683594,234.61000061035156,237.47000122070312,552600,0.0,0.0
2024-08-12 00:00:00-04:00,235.82000732421875,236.7899932861328,230.80999755859375,231.4600067138672,761200,0.0,0.0
2024-08-13 00:00:00-04:00,233.02000427246094,239.17999267578125,232.61000061035156,238.44000244140625,964200,0.0,0.0
2024-08-14 00:00:00-04:00,239.4600067138672,240.47000122070312,236.02000427246094,236.2100067138672,517600,0.0,0.0
2024-08-15 00:00:00-04:00,238.89999389648438,241.25999450683594,238.24000549316406,240.91000366210938,837400,0.0,0.0
2024-08-16 00:00:00-04:00,239.8800048828125,241.0,238.1699981689453,239.6300048828125,438400,0.0,0.0
2024-08-19 00:00:00-04:00,240.2100067138672,243.47999572753906,238.64999389648438,243.11000061035156,797600,0.0,0.0
2024-08-20 00:00:00-04:00,243.11000061035156,247.39999389648438,241.8699951171875,246.94000244140625,1197100,0.0,0.0
2024-08-21 00:00:00-04:00,247.5500030517578,248.2100067138672,245.49000549316406,247.0,717400,0.0,0.0
2024-08-22 00:00:00-04:00,248.67999267578125,248.67999267578125,244.24000549316406,244.9600067138672,523900,0.0,0.0
2024-08-23 00:00:00-04:00,247.85000610351562,249.85000610351562,245.82000732421875,248.92999267578125,557500,0.0,0.0
2024-08-26 00:00:00-04:00,249.44000244140625,249.97000122070312,246.97000122070312,247.86000061035156,407800,0.0,0.0
2024-08-27 00:00:00-04:00,247.17999267578125,248.88999938964844,245.55999755859375,248.60000610351562,911600,0.0,0.0
2024-08-28 00:00:00-04:00,248.47000122070312,250.77999877929688,246.1300048828125,247.5500030517578,727000,0.0,0.0
2024-08-29 00:00:00-04:00,249.2100067138672,252.8800048828125,248.1699981689453,250.7899932861328,754100,0.0,0.0
2024-08-30 00:00:00-04:00,251.00999450683594,251.9600067138672,246.85000610351562,251.5500030517578,1194400,0.0,0.0
2024-09-03 00:00:00-04:00,249.02999877929688,252.69000244140625,247.0399932861328,248.80999755859375,1229900,0.0,0.0
2024-09-04 00:00:00-04:00,249.32000732421875,250.4600067138672,246.41000366210938,248.83999633789062,1059800,0.0,0.0
2024-09-05 00:00:00-04:00,249.5399932861328,249.5399932861328,244.39999389648438,248.13999938964844,786400,0.0,0.0
2024-09-06 00:00:00-04:00,248.1999969482422,249.44000244140625,241.9499969482422,243.07000732421875,919800,0.0,0.0
2024-09-09 00:00:00-04:00,244.88999938964844,245.57000732421875,238.97999572753906,240.8699951171875,2118900,0.0,0.0
2024-09-10 00:00:00-04:00,240.86000061035156,244.6300048828125,230.4600067138672,235.1999969482422,2371400,0.0,0.0
2024-09-11 00:00:00-04:00,234.47000122070312,237.74000549316406,230.24000549316406,237.3000030517578,1227500,0.0,0.0
2024-09-12 00:00:00-04:00,237.32000732421875,239.74000549316406,234.5,238.39999389648438,1406500,0.0,0.0
2024-09-13 00:00:00-04:00,238.97000122070312,240.6199951171875,237.19000244140625,238.6999969482422,1144700,0.0,0.0
2024-09-16 00:00:00-04:00,240.6999969482422,242.0399932861328,237.8000030517578,239.3800048828125,1031700,0.0,0.0
2024-09-17 00:00:00-04:00,242.10000610351562,243.88999938964844,238.11000061035156,239.97999572753906,1427200,0.0,0.0
2024-09-18 00:00:00-04:00,240.85000610351562,246.36000061035156,238.82000732421875,242.6699981689453,1584200,0.0,0.0
2024-09-19 00:00:00-04:00,247.4499969482422,248.02999877929688,243.64999389648438,244.6199951171875,1168500,0.0,0.0
2024-09-20 00:00:00-04:00,242.0,243.3300018310547,239.02000427246094,242.1199951171875,3159500,0.0,0.0
2024-09-23 00:00:00-04:00,244.60000610351562,245.1999969482422,240.27999877929688,240.72999572753906,742100,0.0,0.0
2024-09-24 00:00:00-04:00,241.36000061035156,241.8800048828125,237.35000610351562,239.57000732421875,1053800,0.0,0.0
2024-09-25 00:00:00-04:00,238.55999755859375,238.55999755859375,230.0,231.7100067138672,1302100,0.0,0.0
2024-09-26 00:00:00-04:00,234.77000427246094,236.99000549316406,233.2100067138672,236.22999572753906,718100,0.0,0.0
2024-09-27 00:00:00-04:00,237.02000427246094,237.25999450683594,233.3699951171875,234.7899932861328,858500,0.0,0.0
2024-09-30 00:00:00-04:00,233.61000061035156,237.3000030517578,233.61000061035156,236.97000122070312,724000,0.0,0.0
2024-10-01 00:00:00-04:00,236.27999877929688,237.1300048828125,231.05999755859375,231.3699951171875,803600,0.0,0.0
2024-10-02 00:00:00-04:00,229.94000244140625,233.91000366210938,228.1999969482422,231.75999450683594,795600,0.0,0.0
2024-10-03 00:00:00-04:00,230.7899932861328,230.7899932861328,226.82000732421875,227.39999389648438,854300,0.0,0.0
2024-10-04 00:00:00-04:00,230.8800048828125,231.05999755859375,228.00999450683594,229.83999633789062,591200,0.0,0.0
2024-10-07 00:00:00-04:00,227.24000549316406,227.47999572753906,224.41000366210938,225.36000061035156,975700,0.0,0.0
2024-10-08 00:00:00-04:00,225.0500030517578,227.7899932861328,225.0500030517578,226.72000122070312,885100,0.0,0.0
2024-10-09 00:00:00-04:00,227.52000427246094,229.8800048828125,226.60000610351562,228.7899932861328,673900,0.0,0.0
2024-10-10 00:00:00-04:00,227.0,232.85000610351562,226.14999389648438,230.25,718700,0.0,0.0
2024-10-11 00:00:00-04:00,229.97000122070312,232.49000549316406,228.9600067138672,229.25999450683594,971300,0.0,0.0
2024-10-14 00:00:00-04:00,229.27999877929688,233.57000732421875,228.66000366210938,233.22000122070312,711700,0.0,0.0
2024-10-15 00:00:00-04:00,233.8000030517578,237.33999633789062,231.83999633789062,232.97999572753906,1087500,0.0,0.0
2024-10-16 00:00:00-04:00,231.3699951171875,233.72000122070312,229.8000030517578,233.05999755859375,870100,0.0,0.0
2024-10-17 00:00:00-04:00,235.5399932861328,236.4499969482422,232.88999938964844,233.88999938964844,914600,0.0,0.0
2024-10-18 00:00:00-04:00,235.0800018310547,237.2100067138672,232.0500030517578,236.69000244140625,810900,0.0,0.0
2024-10-21 00:00:00-04:00,235.02999877929688,235.32000732421875,230.16000366210938,231.19000244140625,846200,0.0,0.0
2024-10-22 00:00:00-04:00,228.0399932861328,230.14999389648438,223.0,228.3000030517578,953800,0.0,0.0
2024-10-23 00:00:00-04:00,228.7899932861328,231.33999633789062,225.92999267578125,228.30999755859375,865500,0.0,0.0
2024-10-24 00:00:00-04:00,223.97000122070312,224.32000732421875,209.1699981689453,211.7100067138672,2286500,0.0,0.0
2024-10-25 00:00:00-04:00,213.25,217.50999450683594,213.0,214.6300048828125,1012700,0.0,0.0
2024-10-28 00:00:00-04:00,217.4499969482422,218.60000610351562,215.0,217.5399932861328,1073300,0.0,0.0
2024-10-29 00:00:00-04:00,216.41000366210938,217.5,215.02000427246094,216.33999633789062,1579200,0.0,0.0
2024-10-30 00:00:00-04:00,215.44000244140625,219.10000610351562,214.2100067138672,216.0399932861328,1409900,0.0,0.0
2024-10-31 00:00:00-04:00,200.3000030517578,211.4199981689453,200.3000030517578,205.82000732421875,3271600,0.0,0.0
2024-11-01 00:00:00-04:00,205.94000244140625,210.27999877929688,205.94000244140625,209.16000366210938,1791900,0.0,0.0
2024-11-04 00:00:00-05:00,203.25,211.0,203.0,210.19000244140625,2098700,0.0,0.0
2024-11-05 00:00:00-05:00,208.97999572753906,213.7899932861328,207.9499969482422,212.8699951171875,1125600,0.0,0.0
2024-11-06 00:00:00-05:00,222.00999450683594,222.00999450683594,213.08999633789062,221.25,2064200,0.0,0.0
2024-11-07 00:00:00-05:00,222.0399932861328,225.91000366210938,217.08999633789062,217.67999267578125,1774600,0.0,0.0
2024-11-08 00:00:00-05:00,217.47000122070312,222.0399932861328,216.74000549316406,219.22999572753906,1418400,0.0,0.0
2024-11-11 00:00:00-05:00,219.5500030517578,221.5399932861328,216.91000366210938,216.99000549316406,1729700,0.0,0.0
2024-11-12 00:00:00-05:00,217.5399932861328,219.8300018310547,213.39999389648438,213.57000732421875,2045600,0.0,0.0
2024-11-13 00:00:00-05:00,214.44000244140625,217.41000366210938,203.3000030517578,211.50999450683594,3191000,0.0,0.0
2024-11-14 00:00:00-05:00,211.0399932861328,212.27000427246094,202.1699981689453,202.94000244140625,3287700,0.0,0.0
2024-11-15 00:00:00-05:00,202.02000427246094,202.02000427246094,189.6300048828125,192.67999267578125,4579100,0.0,0.0
2024-11-18 00:00:00-05:00,191.41000366210938,194.35000610351562,187.6199951171875,191.0399932861328,3144500,0.0,0.0
2024-11-19 00:00:00-05:00,189.0500030517578,194.47999572753906,189.0500030517578,191.3300018310547,3035600,0.0,0.0
2024-11-20 00:00:00-05:00,191.35000610351562,194.4600067138672,190.1699981689453,194.3800048828125,2639700,0.0,0.0
2024-11-21 00:00:00-05:00,195.1699981689453,197.92999267578125,191.82000732421875,197.60000610351562,1858500,0.0,0.0
2024-11-22 00:00:00-05:00,197.02999877929688,203.02000427246094,196.3300018310547,201.82000732421875,1887800,0.0,0.0
2024-11-25 00:00:00-05:00,203.47999572753906,206.9600067138672,203.13999938964844,204.02000427246094,2222200,0.0,0.0
2024-11-26 00:00:00-05:00,201.10000610351562,202.32000732421875,198.47999572753906,201.22999572753906,1370000,0.0,0.0
2024-11-27 00:00:00-05:00,202.05999755859375,204.3000030517578,200.8000030517578,201.42999267578125,822700,0.0,0.0
2024-11-29 00:00:00-05:00,202.33999633789062,202.66000366210938,200.3800048828125,200.83999633789062,513700,0.0,0.0
2024-12-02 00:00:00-05:00,201.5500030517578,203.3000030517578,198.9499969482422,201.7899932861328,1869600,0.0,0.0
2024-12-03 00:00:00-05:00,201.4499969482422,202.3699951171875,198.1999969482422,200.5800018310547,1609000,0.0,0.0
2024-12-04 00:00:00-05:00,201.39999389648438,204.42999267578125,199.02000427246094,203.1699981689453,1042200,0.0,0.0
2024-12-05 00:00:00-05:00,202.69000244140625,203.3300018310547,198.5399932861328,199.92999267578125,1287500,0.0,0.0
2024-12-06 00:00:00-05:00,201.4199981689453,203.2899932861328,199.02000427246094,202.6300048828125,1388100,0.0,0.0
2024-12-09 00:00:00-05:00,202.58999633789062,209.9600067138672,201.5800018310547,206.44000244140625,1749000,0.0,0.0
2024-12-10 00:00:00-05:00,206.52999877929688,210.02000427246094,202.7100067138672,203.1999969482422,1791700,0.0,0.0
2024-12-11 00:00:00-05:00,203.89999389648438,205.36000061035156,200.0800018310547,201.07000732421875,1457800,0.0,0.0
2024-12-12 00:00:00-05:00,199.64999389648438,202.32000732421875,199.27000427246094,200.3699951171875,1156300,0.0,0.0
2024-12-13 00:00:00-05:00,200.00999450683594,200.94000244140625,198.0,199.05999755859375,1161500,0.0,0.0
2024-12-16 00:00:00-05:00,199.36000061035156,200.61000061035156,196.69000244140625,197.08999633789062,1804700,0.0,0.0
2024-12-17 00:00:00-05:00,196.10000610351562,201.0,196.00999450683594,196.63999938964844,1652300,0.0,0.0
2024-12-18 00:00:00-05:00,197.0,198.77999877929688,190.8000030517578,190.97000122070312,1751100,0.0,0.0
2024-12-19 00:00:00-05:00,190.57000732421875,193.1999969482422,188.8699951171875,191.52000427246094,2016300,0.0,0.0
2024-12-20 00:00:00-05:00,191.80999755859375,200.13999938964844,191.44000244140625,197.27000427246094,3346300,0.0,0.0
2024-12-23 00:00:00-05:00,197.1999969482422,199.44000244140625,195.3699951171875,199.11000061035156,1315000,0.0,0.0
2024-12-24 00:00:00-05:00,198.02000427246094,200.1199951171875,196.22000122070312,199.99000549316406,398000,0.0,0.0
2024-12-26 00:00:00-05:00,198.44000244140625,200.6300048828125,198.1699981689453,200.25,680000,0.0,0.0
2024-12-27 00:00:00-05:00,198.86000061035156,201.42999267578125,198.25,199.38999938964844,503100,0.0,0.0
2024-12-30 00:00:00-05:00,197.0500030517578,198.35000610351562,194.6300048828125,197.4499969482422,610500,0.0,0.0
2024-12-31 00:00:00-05:00,198.33999633789062,199.27000427246094,195.4499969482422,196.50999450683594,718900,0.0,0.0
2025-01-02 00:00:00-05:00,198.82000732421875,198.94000244140625,194.2899932861328,195.1199951171875,702800,0.0,0.0
2025-01-03 00:00:00-05:00,195.3800048828125,198.14999389648438,193.5,197.38999938964844,849600,0.0,0.0
