Date,Open,High,Low,Close,Volume,Dividends,Stock Splits
2010-02-22 00:00:00-05:00,29.971858978271484,29.971858978271484,29.971858978271484,29.971858978271484,0,0.0,0.0
2010-02-23 00:00:00-05:00,29.971858978271484,29.971858978271484,29.971858978271484,29.971858978271484,0,0.0,0.0
2010-02-24 00:00:00-05:00,29.971858978271484,29.971858978271484,29.971858978271484,29.971858978271484,0,0.0,0.0
2010-02-25 00:00:00-05:00,30.95578765869141,30.95578765869141,30.95578765869141,30.955787658691406,90,0.0,0.0
2010-02-26 00:00:00-05:00,30.95578765869141,30.95578765869141,30.95578765869141,30.955787658691406,0,0.0,0.0
2010-03-01 00:00:00-05:00,30.95578765869141,30.95578765869141,30.95578765869141,30.955787658691406,0,0.0,0.0
2010-03-02 00:00:00-05:00,30.95578765869141,30.95578765869141,30.95578765869141,30.955787658691406,0,0.0,0.0
2010-03-03 00:00:00-05:00,30.95578765869141,30.95578765869141,30.95578765869141,30.955787658691406,0,0.0,0.0
2010-03-04 00:00:00-05:00,30.95578765869141,30.95578765869141,30.95578765869141,30.955787658691406,0,0.0,0.0
2010-03-05 00:00:00-05:00,30.95578765869141,30.95578765869141,30.95578765869141,30.955787658691406,0,0.0,0.0
2010-03-08 00:00:00-05:00,30.95578765869141,30.95578765869141,30.95578765869141,30.955787658691406,0,0.0,0.0
2010-03-09 00:00:00-05:00,30.95578765869141,30.95578765869141,30.95578765869141,30.955787658691406,0,0.0,0.0
2010-03-10 00:00:00-05:00,30.95578765869141,30.95578765869141,30.95578765869141,30.955787658691406,0,0.0,0.0
2010-03-11 00:00:00-05:00,30.95578765869141,30.95578765869141,30.95578765869141,30.955787658691406,0,0.0,0.0
2010-03-12 00:00:00-05:00,30.95578765869141,30.95578765869141,30.95578765869141,30.955787658691406,0,0.0,0.0
2010-03-15 00:00:00-04:00,30.95578765869141,30.95578765869141,30.95578765869141,30.955787658691406,0,0.0,0.0
2010-03-16 00:00:00-04:00,30.95578765869141,30.95578765869141,30.95578765869141,30.955787658691406,0,0.0,0.0
2010-03-17 00:00:00-04:00,30.95578765869141,30.95578765869141,30.95578765869141,30.955787658691406,0,0.0,0.0
2010-03-18 00:00:00-04:00,30.95578765869141,30.95578765869141,30.95578765869141,30.955787658691406,0,0.0,0.0
2010-03-19 00:00:00-04:00,30.95578765869141,30.95578765869141,30.95578765869141,30.955787658691406,0,0.0,0.0
2010-03-22 00:00:00-04:00,30.95578765869141,30.95578765869141,30.95578765869141,30.955787658691406,0,0.0,0.0
2010-03-23 00:00:00-04:00,30.95578765869141,30.95578765869141,30.95578765869141,30.955787658691406,0,0.0,0.0
2010-03-24 00:00:00-04:00,30.95578765869141,30.95578765869141,30.95578765869141,30.955787658691406,0,0.0,0.0
2010-03-25 00:00:00-04:00,32.0153923034668,32.0153923034668,32.0153923034668,32.0153923034668,50,0.0,0.0
2010-03-26 00:00:00-04:00,32.0153923034668,32.0153923034668,32.0153923034668,32.0153923034668,0,0.0,0.0
2010-03-29 00:00:00-04:00,29.971858978271484,29.971858978271484,29.971858978271484,29.971858978271484,250,0.0,0.0
2010-03-30 00:00:00-04:00,29.971858978271484,29.971858978271484,29.971858978271484,29.971858978271484,0,0.0,0.0
2010-03-31 00:00:00-04:00,29.971858978271484,29.971858978271484,29.971858978271484,29.971858978271484,0,0.0,0.0
2010-04-01 00:00:00-04:00,29.971858978271484,29.971858978271484,29.971858978271484,29.971858978271484,0,0.0,0.0
2010-04-05 00:00:00-04:00,29.971858978271484,29.971858978271484,29.971858978271484,29.971858978271484,0,0.0,0.0
2010-04-06 00:00:00-04:00,29.971858978271484,29.971858978271484,29.971858978271484,29.971858978271484,0,0.0,0.0
2010-04-07 00:00:00-04:00,29.971858978271484,29.971858978271484,29.971858978271484,29.971858978271484,0,0.0,0.0
2010-04-08 00:00:00-04:00,29.971858978271484,29.971858978271484,29.971858978271484,29.971858978271484,0,0.0,0.0
2010-04-09 00:00:00-04:00,29.971858978271484,29.971858978271484,29.971858978271484,29.971858978271484,0,0.0,0.0
2010-04-12 00:00:00-04:00,29.971858978271484,29.971858978271484,29.971858978271484,29.971858978271484,0,0.0,0.0
2010-04-13 00:00:00-04:00,30.198925018310547,30.198925018310547,30.198925018310547,30.198925018310547,30,0.0,0.0
2010-04-14 00:00:00-04:00,30.198925018310547,30.198925018310547,30.198925018310547,30.198925018310547,0,0.0,0.0
2010-04-15 00:00:00-04:00,28.760883331298828,28.760883331298828,28.760883331298828,28.760883331298828,50,0.0,0.0
2010-04-16 00:00:00-04:00,28.760883331298828,28.760883331298828,28.760883331298828,28.760883331298828,0,0.0,0.0
2010-04-19 00:00:00-04:00,28.760883331298828,28.760883331298828,28.760883331298828,28.760883331298828,0,0.0,0.0
2010-04-20 00:00:00-04:00,28.760883331298828,28.760883331298828,28.760883331298828,28.760883331298828,0,0.0,0.0
2010-04-21 00:00:00-04:00,28.760883331298828,28.760883331298828,28.760883331298828,28.760883331298828,0,0.0,0.0
2010-04-22 00:00:00-04:00,28.760883331298828,28.760883331298828,28.760883331298828,28.760883331298828,0,0.0,0.0
2010-04-23 00:00:00-04:00,28.912246704101562,28.912246704101562,28.912246704101562,28.912246704101562,150,0.0,0.0
2010-04-26 00:00:00-04:00,29.593427658081055,29.593427658081055,29.593427658081055,29.593427658081055,120,0.0,0.0
2010-04-27 00:00:00-04:00,29.366369247436523,29.366369247436523,29.366369247436523,29.366369247436523,100,0.0,0.0
2010-04-28 00:00:00-04:00,29.366369247436523,29.366369247436523,29.366369247436523,29.366369247436523,0,0.0,0.0
2010-04-29 00:00:00-04:00,29.366369247436523,29.366369247436523,29.366369247436523,29.366369247436523,40,0.0,0.0
2010-04-30 00:00:00-04:00,29.366369247436523,29.366369247436523,29.366369247436523,29.366369247436523,0,0.0,0.0
2010-05-03 00:00:00-04:00,29.366369247436523,29.366369247436523,29.366369247436523,29.366369247436523,0,0.0,0.0
2010-05-04 00:00:00-04:00,29.366369247436523,29.366369247436523,29.366369247436523,29.366369247436523,0,0.0,0.0
2010-05-05 00:00:00-04:00,29.29067993164062,29.29067993164062,29.29067993164062,29.290679931640625,60,0.0,0.0
2010-05-06 00:00:00-04:00,29.29067993164062,29.29067993164062,29.29067993164062,29.290679931640625,0,0.0,0.0
2010-05-07 00:00:00-04:00,29.29067993164062,29.29067993164062,29.29067993164062,29.290679931640625,0,0.0,0.0
2010-05-10 00:00:00-04:00,29.29067993164062,29.29067993164062,29.29067993164062,29.290679931640625,0,0.0,0.0
2010-05-11 00:00:00-04:00,29.517738342285156,29.517738342285156,29.517738342285156,29.517738342285156,100,0.0,0.0
2010-05-12 00:00:00-04:00,29.517738342285156,29.517738342285156,29.517738342285156,29.517738342285156,0,0.0,0.0
2010-05-13 00:00:00-04:00,31.334224700927734,31.334224700927734,31.334224700927734,31.334224700927734,190,0.0,0.0
2010-05-14 00:00:00-04:00,31.334224700927734,31.334224700927734,31.334224700927734,31.334224700927734,0,0.0,0.0
2010-05-17 00:00:00-04:00,31.334224700927734,31.334224700927734,31.334224700927734,31.334224700927734,0,0.0,0.0
2010-05-18 00:00:00-04:00,31.334224700927734,31.334224700927734,31.334224700927734,31.334224700927734,0,0.0,0.0
2010-05-19 00:00:00-04:00,31.334224700927734,31.334224700927734,31.334224700927734,31.334224700927734,0,0.0,0.0
2010-05-20 00:00:00-04:00,31.334224700927734,31.334224700927734,31.334224700927734,31.334224700927734,0,0.0,0.0
2010-05-21 00:00:00-04:00,26.86871337890625,26.86871337890625,26.86871337890625,26.86871337890625,1000,0.0,0.0
2010-05-24 00:00:00-04:00,26.86871337890625,26.86871337890625,26.86871337890625,26.86871337890625,0,0.0,0.0
2010-05-25 00:00:00-04:00,25.506359100341797,25.506359100341797,25.506359100341797,25.506359100341797,320,0.0,0.0
2010-05-26 00:00:00-04:00,25.506359100341797,25.506359100341797,25.506359100341797,25.506359100341797,30,0.0,0.0
2010-05-27 00:00:00-04:00,25.506359100341797,25.506359100341797,25.506359100341797,25.506359100341797,0,0.0,0.0
2010-05-28 00:00:00-04:00,25.506359100341797,25.506359100341797,25.506359100341797,25.506359100341797,0,0.0,0.0
2010-06-01 00:00:00-04:00,25.506359100341797,25.506359100341797,25.506359100341797,25.506359100341797,0,0.0,0.0
2010-06-02 00:00:00-04:00,25.506359100341797,25.506359100341797,25.506359100341797,25.506359100341797,0,0.0,0.0
2010-06-03 00:00:00-04:00,25.506359100341797,25.506359100341797,25.506359100341797,25.506359100341797,0,0.0,0.0
2010-06-04 00:00:00-04:00,25.506359100341797,25.506359100341797,25.506359100341797,25.506359100341797,0,0.0,0.0
2010-06-07 00:00:00-04:00,25.733413696289062,25.733413696289062,25.733413696289062,25.733413696289062,100,0.0,0.0
2010-06-08 00:00:00-04:00,25.96047592163086,25.96047592163086,25.96047592163086,25.96047592163086,70,0.0,0.0
2010-06-09 00:00:00-04:00,25.96047592163086,25.96047592163086,25.96047592163086,25.96047592163086,0,0.0,0.0
2010-06-10 00:00:00-04:00,25.96047592163086,25.96047592163086,25.96047592163086,25.96047592163086,0,0.0,0.0
2010-06-11 00:00:00-04:00,25.506358389053013,25.657732009887695,25.506358389053013,25.657732009887695,400,0.0,0.0
2010-06-14 00:00:00-04:00,25.657732009887695,25.657732009887695,25.657732009887695,25.657732009887695,0,0.0,0.0
2010-06-15 00:00:00-04:00,25.43067169189453,25.43067169189453,25.43067169189453,25.43067169189453,130,0.0,0.0
2010-06-16 00:00:00-04:00,25.43067169189453,25.43067169189453,25.43067169189453,25.43067169189453,0,0.0,0.0
2010-06-17 00:00:00-04:00,25.43067169189453,25.43067169189453,25.43067169189453,25.43067169189453,0,0.0,0.0
2010-06-18 00:00:00-04:00,26.187532424926758,26.187532424926758,26.187532424926758,26.187532424926758,100,0.0,0.0
2010-06-21 00:00:00-04:00,26.187532424926758,26.187532424926758,26.187532424926758,26.187532424926758,0,0.0,0.0
2010-06-22 00:00:00-04:00,26.263220670490018,26.263220670490018,26.187532424926758,26.187532424926758,120,0.0,0.0
2010-06-23 00:00:00-04:00,26.187532424926758,26.187532424926758,26.187532424926758,26.187532424926758,0,0.0,0.0
2010-06-24 00:00:00-04:00,26.187532424926758,26.187532424926758,26.187532424926758,26.187532424926758,0,0.0,0.0
2010-06-25 00:00:00-04:00,26.187532424926758,26.187532424926758,26.187532424926758,26.187532424926758,0,0.0,0.0
2010-06-28 00:00:00-04:00,26.187532424926758,26.187532424926758,26.187532424926758,26.187532424926758,0,0.0,0.0
2010-06-29 00:00:00-04:00,26.187532424926758,26.187532424926758,26.187532424926758,26.187532424926758,0,0.0,0.0
2010-06-30 00:00:00-04:00,24.825176239013672,24.825176239013672,24.825176239013672,24.825176239013672,30,0.0,0.0
2010-07-01 00:00:00-04:00,24.825176239013672,24.825176239013672,24.825176239013672,24.825176239013672,0,0.0,0.0
2010-07-02 00:00:00-04:00,24.825176239013672,24.825176239013672,24.825176239013672,24.825176239013672,480,0.0,0.0
2010-07-06 00:00:00-04:00,24.825176239013672,24.825176239013672,24.825176239013672,24.825176239013672,0,0.0,0.0
2010-07-07 00:00:00-04:00,24.825176239013672,24.825176239013672,24.825176239013672,24.825176239013672,0,0.0,0.0
2010-07-08 00:00:00-04:00,24.825176239013672,24.825176239013672,24.825176239013672,24.825176239013672,0,0.0,0.0
2010-07-09 00:00:00-04:00,24.67380688767407,24.67380688767407,24.522436141967773,24.522436141967773,320,0.0,0.0
2010-07-12 00:00:00-04:00,24.522436141967773,24.522436141967773,24.522436141967773,24.522436141967773,0,0.0,0.0
2010-07-13 00:00:00-04:00,24.219687221207703,24.219687221207703,24.068313598632812,24.068313598632812,800,0.0,0.0
2010-07-14 00:00:00-04:00,25.052244186401367,25.052244186401367,25.052244186401367,25.052244186401367,11400,0.0,0.0
2010-07-15 00:00:00-04:00,25.1279239654541,25.1279239654541,25.1279239654541,25.1279239654541,6100,0.0,0.0
2010-07-16 00:00:00-04:00,25.1279239654541,25.1279239654541,25.1279239654541,25.1279239654541,0,0.0,0.0
2010-07-19 00:00:00-04:00,24.59811782836914,24.59811782836914,24.59811782836914,24.59811782836914,900,0.0,0.0
2010-07-20 00:00:00-04:00,24.673804392851622,24.749492645263672,24.673804392851622,24.749492645263672,850,0.0,0.0
2010-07-21 00:00:00-04:00,24.749492645263672,24.749492645263672,24.749492645263672,24.749492645263672,0,0.0,0.0
2010-07-22 00:00:00-04:00,24.749492645263672,24.749492645263672,24.749492645263672,24.749492645263672,0,0.0,0.0
2010-07-23 00:00:00-04:00,24.5224363968852,24.67380714416504,24.5224363968852,24.67380714416504,570,0.0,0.0
2010-07-26 00:00:00-04:00,24.67380714416504,24.67380714416504,24.67380714416504,24.67380714416504,0,0.0,0.0
2010-07-27 00:00:00-04:00,24.59811782836914,24.59811782836914,24.59811782836914,24.59811782836914,1310,0.0,0.0
2010-07-28 00:00:00-04:00,23.84125518798828,23.84125518798828,23.84125518798828,23.84125518798828,1260,0.0,0.0
2010-07-29 00:00:00-04:00,24.825176239013672,24.825176239013672,24.825176239013672,24.825176239013672,600,0.0,0.0
2010-07-30 00:00:00-04:00,24.825176239013672,24.825176239013672,24.825176239013672,24.825176239013672,0,0.0,0.0
2010-08-02 00:00:00-04:00,24.825176239013672,24.825176239013672,24.825176239013672,24.825176239013672,0,0.0,0.0
2010-08-03 00:00:00-04:00,24.825176239013672,24.825176239013672,24.825176239013672,24.825176239013672,0,0.0,0.0
2010-08-04 00:00:00-04:00,24.825176239013672,24.825176239013672,24.825176239013672,24.825176239013672,0,0.0,0.0
2010-08-05 00:00:00-04:00,24.825176239013672,24.825176239013672,24.825176239013672,24.825176239013672,0,0.0,0.0
2010-08-06 00:00:00-04:00,24.825176239013672,24.825176239013672,24.825176239013672,24.825176239013672,0,0.0,0.0
2010-08-09 00:00:00-04:00,24.825176239013672,24.825176239013672,24.825176239013672,24.825176239013672,0,0.0,0.0
2010-08-10 00:00:00-04:00,26.565963745117188,26.565963745117188,26.565963745117188,26.565963745117188,310,0.0,0.0
2010-08-11 00:00:00-04:00,26.565963745117188,26.565963745117188,26.565963745117188,26.565963745117188,0,0.0,0.0
2010-08-12 00:00:00-04:00,26.565963745117188,26.565963745117188,26.565963745117188,26.565963745117188,0,0.0,0.0
2010-08-13 00:00:00-04:00,26.565963745117188,26.565963745117188,26.565963745117188,26.565963745117188,0,0.0,0.0
2010-08-16 00:00:00-04:00,26.565963745117188,26.565963745117188,26.565963745117188,26.565963745117188,0,0.0,0.0
2010-08-17 00:00:00-04:00,26.565963745117188,26.565963745117188,26.565963745117188,26.565963745117188,0,0.0,0.0
2010-08-18 00:00:00-04:00,26.565963745117188,26.565963745117188,26.565963745117188,26.565963745117188,0,0.0,0.0
2010-08-19 00:00:00-04:00,26.565963745117188,26.565963745117188,26.565963745117188,26.565963745117188,0,0.0,0.0
2010-08-20 00:00:00-04:00,26.565963745117188,26.565963745117188,26.565963745117188,26.565963745117188,0,0.0,0.0
2010-08-23 00:00:00-04:00,26.565963745117188,26.565963745117188,26.565963745117188,26.565963745117188,0,0.0,0.0
2010-08-24 00:00:00-04:00,26.111849345733763,26.111849345733763,25.279298782348633,25.279298782348633,1280,0.0,0.0
2010-08-25 00:00:00-04:00,25.279298782348633,25.279298782348633,25.279298782348633,25.279298782348633,0,0.0,0.0
2010-08-26 00:00:00-04:00,27.701263427734375,27.701263427734375,27.701263427734375,27.701263427734375,20,0.0,0.0
2010-08-27 00:00:00-04:00,27.701263427734375,27.701263427734375,27.701263427734375,27.701263427734375,0,0.0,0.0
2010-08-30 00:00:00-04:00,27.701263427734375,27.701263427734375,27.701263427734375,27.701263427734375,0,0.0,0.0
2010-08-31 00:00:00-04:00,27.701263427734375,27.701263427734375,27.701263427734375,27.701263427734375,0,0.0,0.0
2010-09-01 00:00:00-04:00,27.701263427734375,27.701263427734375,27.701263427734375,27.701263427734375,0,0.0,0.0
2010-09-02 00:00:00-04:00,27.701263427734375,27.701263427734375,27.701263427734375,27.701263427734375,0,0.0,0.0
2010-09-03 00:00:00-04:00,27.701263427734375,27.701263427734375,27.701263427734375,27.701263427734375,0,0.0,0.0
2010-09-07 00:00:00-04:00,27.701263427734375,27.701263427734375,27.701263427734375,27.701263427734375,0,0.0,0.0
2010-09-08 00:00:00-04:00,29.820491790771488,29.820491790771488,29.820491790771488,29.820491790771484,400,0.0,0.0
2010-09-09 00:00:00-04:00,31.18284954567612,31.18284954567612,30.350296020507812,30.350296020507812,150,0.0,0.0
2010-09-10 00:00:00-04:00,29.820492388443053,30.198925018310547,29.59343050075309,30.198925018310547,310,0.0,0.0
2010-09-13 00:00:00-04:00,30.198925018310547,30.198925018310547,30.198925018310547,30.198925018310547,0,0.0,0.0
2010-09-14 00:00:00-04:00,30.198925018310547,30.198925018310547,30.198925018310547,30.198925018310547,0,0.0,0.0
2010-09-15 00:00:00-04:00,30.198925018310547,30.198925018310547,30.198925018310547,30.198925018310547,0,0.0,0.0
2010-09-16 00:00:00-04:00,30.198925018310547,30.198925018310547,30.198925018310547,30.198925018310547,0,0.0,0.0
2010-09-17 00:00:00-04:00,30.198925018310547,30.198925018310547,30.198925018310547,30.198925018310547,0,0.0,0.0
2010-09-20 00:00:00-04:00,32.39383316040039,32.39383316040039,32.39383316040039,32.39383316040039,400,0.0,0.0
2010-09-21 00:00:00-04:00,32.620887756347656,32.620887756347656,32.620887756347656,32.620887756347656,10,0.0,0.0
2010-09-22 00:00:00-04:00,34.36168254492997,34.36168254492997,34.134620666503906,34.134620666503906,180,0.0,0.0
2010-09-23 00:00:00-04:00,36.17815722667509,36.405216217041016,36.17815722667509,36.405216217041016,120,0.0,0.0
2010-09-24 00:00:00-04:00,36.405216217041016,36.405216217041016,36.405216217041016,36.405216217041016,0,0.0,0.0
2010-09-27 00:00:00-04:00,38.297396732555036,38.373085021972656,38.297396732555036,38.373085021972656,100,0.0,0.0
2010-09-28 00:00:00-04:00,38.373085021972656,38.373085021972656,38.373085021972656,38.373085021972656,0,0.0,0.0
2010-09-29 00:00:00-04:00,38.373085021972656,38.373085021972656,38.373085021972656,38.373085021972656,0,0.0,0.0
2010-09-30 00:00:00-04:00,38.373085021972656,38.373085021972656,38.373085021972656,38.373085021972656,0,0.0,0.0
2010-10-01 00:00:00-04:00,38.373085021972656,38.373085021972656,38.373085021972656,38.373085021972656,0,0.0,0.0
2010-10-04 00:00:00-04:00,38.373085021972656,38.373085021972656,38.373085021972656,38.373085021972656,0,0.0,0.0
2010-10-05 00:00:00-04:00,38.60012756951965,38.97856019275024,38.22169494628906,38.22169494628906,1440,0.0,0.0
2010-10-06 00:00:00-04:00,39.50837891726038,40.18955612182617,39.50837891726038,40.18955612182617,600,0.0,0.0
2010-10-07 00:00:00-04:00,40.265232937366584,40.49229194090122,39.58405303955078,39.58405303955078,600,0.0,0.0
2010-10-08 00:00:00-04:00,39.58405303955078,39.58405303955078,39.58405303955078,39.58405303955078,0,0.0,0.0
2010-10-11 00:00:00-04:00,39.58405303955078,39.58405303955078,39.58405303955078,39.58405303955078,0,0.0,0.0
2010-10-12 00:00:00-04:00,39.58405303955078,39.58405303955078,39.58405303955078,39.58405303955078,0,0.0,0.0
2010-10-13 00:00:00-04:00,39.58405303955078,39.58405303955078,39.58405303955078,39.58405303955078,0,0.0,0.0
2010-10-14 00:00:00-04:00,46.3958287742474,46.3958287742474,44.95778685619545,45.10915756225586,170,0.0,0.0
2010-10-15 00:00:00-04:00,44.27661895751953,44.27661895751953,44.27661895751953,44.27661895751953,20,0.0,0.0
2010-10-18 00:00:00-04:00,44.73073196411133,44.73073196411133,44.73073196411133,44.73073196411133,450,0.0,0.0
2010-10-19 00:00:00-04:00,42.61151955935591,42.61151955935591,41.778968811035156,41.778968811035156,600,0.0,0.0
2010-10-20 00:00:00-04:00,41.778968811035156,41.778968811035156,41.778968811035156,41.778968811035156,0,0.0,0.0
2010-10-21 00:00:00-04:00,42.83856964111328,42.83856964111328,42.83856964111328,42.83856964111328,200,0.0,0.0
2010-10-22 00:00:00-04:00,42.83856964111328,42.83856964111328,42.83856964111328,42.83856964111328,0,0.0,0.0
2010-10-25 00:00:00-04:00,42.83856964111328,42.83856964111328,42.83856964111328,42.83856964111328,0,0.0,0.0
2010-10-26 00:00:00-04:00,41.77895671309682,41.77895671309682,41.4005241394043,41.4005241394043,1250,0.0,0.0
2010-10-27 00:00:00-04:00,38.82718656601564,38.82718656601564,38.22169494628906,38.22169494628906,600,0.0,0.0
2010-10-28 00:00:00-04:00,38.22169494628906,38.22169494628906,38.22169494628906,38.22169494628906,0,0.0,0.0
2010-10-29 00:00:00-04:00,41.02209482576067,42.23307800292969,41.02209482576067,42.23307800292969,20,0.0,0.0
2010-11-01 00:00:00-04:00,42.23307800292969,42.23307800292969,42.23307800292969,42.23307800292969,0,0.0,0.0
2010-11-02 00:00:00-04:00,42.23307800292969,42.23307800292969,42.23307800292969,42.23307800292969,0,0.0,0.0
2010-11-03 00:00:00-04:00,42.23307800292969,42.23307800292969,42.23307800292969,42.23307800292969,0,0.0,0.0
2010-11-04 00:00:00-04:00,46.09309005737305,46.09309005737305,46.09309005737305,46.09309005737305,70,0.0,0.0
2010-11-05 00:00:00-04:00,48.59074020385742,48.59074020385742,48.59074020385742,48.59074020385742,100,0.0,0.0
2010-11-08 00:00:00-05:00,48.59074020385742,48.59074020385742,48.59074020385742,48.59074020385742,0,0.0,0.0
2010-11-09 00:00:00-05:00,51.92094664148096,52.22369384765625,51.0883961553159,52.22369384765625,1430,0.0,0.0
2010-11-10 00:00:00-05:00,50.48290044148042,51.466827392578125,50.48290044148042,51.466827392578125,350,0.0,0.0
2010-11-11 00:00:00-05:00,50.93702697753906,50.93702697753906,50.93702697753906,50.93702697753906,10,0.0,0.0
2010-11-12 00:00:00-05:00,51.920958701153246,51.920958701153246,49.95311006557597,50.180171966552734,250,0.0,0.0
2010-11-15 00:00:00-05:00,50.1801702000042,50.1801702000042,49.04487228393555,49.04487228393555,290,0.0,0.0
2010-11-16 00:00:00-05:00,44.57936300258439,44.65504837036133,44.57936300258439,44.65504837036133,170,0.0,0.0
2010-11-17 00:00:00-05:00,44.200931567268306,44.80642318725586,44.200931567268306,44.80642318725586,150,0.0,0.0
2010-11-18 00:00:00-05:00,44.80642318725586,44.80642318725586,44.80642318725586,44.80642318725586,0,0.0,0.0
2010-11-19 00:00:00-05:00,50.02879333496094,50.02879333496094,50.02879333496094,50.02879333496094,200,0.0,0.0
2010-11-22 00:00:00-05:00,50.10446645526383,53.96448301893567,50.10446645526383,53.813106536865234,260,0.0,0.0
2010-11-23 00:00:00-05:00,54.11586462384761,54.11586462384761,53.43468475341797,53.43468475341797,70,0.0,0.0
2010-11-24 00:00:00-05:00,52.22369384765625,52.22369384765625,52.22369384765625,52.22369384765625,100,0.0,0.0
2010-11-26 00:00:00-05:00,52.07232666015625,52.07232666015625,52.07232666015625,52.07232666015625,20,0.0,0.0
2010-11-29 00:00:00-05:00,52.07232666015625,52.07232666015625,52.07232666015625,52.07232666015625,0,0.0,0.0
2010-11-30 00:00:00-05:00,52.67782211303711,52.67782211303711,52.67782211303711,52.67782211303711,30,0.0,0.0
2010-12-01 00:00:00-05:00,52.148013199477084,52.753501892089844,52.148013199477084,52.753501892089844,30,0.0,0.0
2010-12-02 00:00:00-05:00,52.98056207134455,52.98056207134455,52.904876708984375,52.904876708984375,30,0.0,0.0
2010-12-03 00:00:00-05:00,52.904876708984375,52.904876708984375,52.904876708984375,52.904876708984375,20,0.0,0.0
2010-12-06 00:00:00-05:00,53.586055755615234,53.586055755615234,53.586055755615234,53.586055755615234,180,0.0,0.0
2010-12-07 00:00:00-05:00,53.8131085886028,53.8887939453125,53.8131085886028,53.8887939453125,50,0.0,0.0
2010-12-08 00:00:00-05:00,53.13193343555812,53.28330993652344,53.13193343555812,53.28330993652344,200,0.0,0.0
2010-12-09 00:00:00-05:00,53.96449279785156,53.96449279785156,53.96449279785156,53.96449279785156,50,0.0,0.0
2010-12-10 00:00:00-05:00,53.96449279785156,53.96449279785156,53.96449279785156,53.96449279785156,0,0.0,0.0
2010-12-13 00:00:00-05:00,53.96449279785156,53.96449279785156,53.96449279785156,53.96449279785156,0,0.0,0.0
2010-12-14 00:00:00-05:00,53.96449279785156,53.96449279785156,53.96449279785156,53.96449279785156,0,0.0,0.0
2010-12-15 00:00:00-05:00,53.96449279785156,53.96449279785156,53.96449279785156,53.96449279785156,0,0.0,0.0
2010-12-16 00:00:00-05:00,55.93232727050781,55.93232727050781,55.93232727050781,55.93232727050781,60,0.0,0.0
2010-12-17 00:00:00-05:00,55.93232727050781,55.93232727050781,55.93232727050781,55.93232727050781,0,0.0,0.0
2010-12-20 00:00:00-05:00,55.93232727050781,55.93232727050781,55.93232727050781,55.93232727050781,0,0.0,0.0
2010-12-21 00:00:00-05:00,58.95979241307709,58.95979241307709,58.58135986328124,58.58135986328125,90,0.0,0.0
2010-12-22 00:00:00-05:00,59.111164093017585,59.111164093017585,59.111164093017585,59.11116409301758,30,0.0,0.0
2010-12-23 00:00:00-05:00,59.56528854370118,59.56528854370118,59.56528854370118,59.56528854370117,190,0.0,0.0
2010-12-27 00:00:00-05:00,59.56528854370118,59.56528854370118,59.56528854370118,59.56528854370117,0,0.0,0.0
2010-12-28 00:00:00-05:00,59.56528854370118,59.56528854370118,59.56528854370118,59.56528854370117,0,0.0,0.0
2010-12-29 00:00:00-05:00,60.54923428164458,63.273948669433594,60.54923428164458,63.273948669433594,400,0.0,0.0
2010-12-30 00:00:00-05:00,63.198246002197266,63.198246002197266,63.198246002197266,63.198246002197266,20,0.0,0.0
2010-12-31 00:00:00-05:00,63.198246002197266,63.198246002197266,63.198246002197266,63.198246002197266,0,0.0,0.0
2011-01-03 00:00:00-05:00,63.198246002197266,63.198246002197266,63.198246002197266,63.198246002197266,0,0.0,0.0
2011-01-04 00:00:00-05:00,61.30606460571289,61.30606460571289,61.30606460571289,61.30606460571289,100,0.0,0.0
2011-01-05 00:00:00-05:00,63.42530822753906,63.42530822753906,63.42530822753906,63.42530822753906,20,0.0,0.0
2011-01-06 00:00:00-05:00,63.42530822753906,63.42530822753906,63.42530822753906,63.42530822753906,0,0.0,0.0
2011-01-07 00:00:00-05:00,63.42530822753906,63.42530822753906,63.42530822753906,63.42530822753906,0,0.0,0.0
2011-01-10 00:00:00-05:00,61.68452269960504,65.16610196702922,61.68452269960504,64.25786590576172,390,0.0,0.0
2011-01-11 00:00:00-05:00,70.16141404821677,70.16141404821677,69.40454871533666,69.48023986816406,160,0.0,0.0
2011-01-12 00:00:00-05:00,69.48023986816406,69.48023986816406,69.48023986816406,69.48023986816406,0,0.0,0.0
2011-01-13 00:00:00-05:00,69.48023986816406,69.48023986816406,69.48023986816406,69.48023986816406,0,0.0,0.0
2011-01-14 00:00:00-05:00,72.6590576171875,72.6590576171875,72.6590576171875,72.6590576171875,50,0.0,0.0
2011-01-18 00:00:00-05:00,69.63159356298281,69.63159356298281,69.555908203125,69.555908203125,90,0.0,0.0
2011-01-19 00:00:00-05:00,65.9986671447029,66.3014144897461,65.4688636216963,66.3014144897461,140,0.0,0.0
2011-01-20 00:00:00-05:00,66.3014144897461,66.3014144897461,66.3014144897461,66.3014144897461,0,0.0,0.0
2011-01-21 00:00:00-05:00,66.3014144897461,66.3014144897461,66.3014144897461,66.3014144897461,0,0.0,0.0
2011-01-24 00:00:00-05:00,64.56060791015625,64.56060791015625,64.56060791015625,64.56060791015625,10,0.0,0.0
2011-01-25 00:00:00-05:00,63.72804969829995,63.72804969829995,62.89549910486068,63.42530822753906,90,0.0,0.0
2011-01-26 00:00:00-05:00,63.42530822753906,63.42530822753906,63.42530822753906,63.42530822753906,0,0.0,0.0
2011-01-27 00:00:00-05:00,63.42530822753906,63.42530822753906,63.42530822753906,63.42530822753906,0,0.0,0.0
2011-01-28 00:00:00-05:00,63.42530822753906,63.42530822753906,63.42530822753906,63.42530822753906,0,0.0,0.0
2011-01-31 00:00:00-05:00,63.42530822753906,63.42530822753906,63.42530822753906,63.42530822753906,0,0.0,0.0
2011-02-01 00:00:00-05:00,64.63629150390625,64.63629150390625,64.63629150390625,64.63629150390625,30,0.0,0.0
2011-02-02 00:00:00-05:00,63.50099359522928,63.50099359522928,63.42530822753906,63.42530822753906,30,0.0,0.0
2011-02-03 00:00:00-05:00,63.80372689367447,64.18215942382812,63.80372689367447,64.18215942382812,290,0.0,0.0
2011-02-04 00:00:00-05:00,64.71198272705078,64.71198272705078,64.63629735243025,64.71198272705078,300,0.0,0.0
2011-02-07 00:00:00-05:00,68.87475354992112,68.87475354992112,68.34495006315325,68.57200622558594,330,0.0,0.0
2011-02-08 00:00:00-05:00,68.57200622558594,68.57200622558594,68.57200622558594,68.57200622558594,0,0.0,0.0
2011-02-09 00:00:00-05:00,65.77158459771715,65.77158459771715,65.24177551269531,65.24177551269531,110,0.0,0.0
2011-02-10 00:00:00-05:00,65.31747436523438,65.31747436523438,65.31747436523438,65.31747436523438,10,0.0,0.0
2011-02-11 00:00:00-05:00,66.15003025993505,66.22571563720703,65.92296835369497,66.22571563720703,260,0.0,0.0
2011-02-14 00:00:00-05:00,66.22571563720703,66.22571563720703,66.22571563720703,66.22571563720703,0,0.0,0.0
2011-02-15 00:00:00-05:00,68.11787999021473,68.26925074708996,68.11787999021473,68.19356536865234,300,0.0,0.0
2011-02-16 00:00:00-05:00,68.26923334260798,69.17747497558594,68.26923334260798,69.17747497558594,100,0.0,0.0
2011-02-17 00:00:00-05:00,70.84256989263466,71.14531707763672,70.84256989263466,71.14531707763672,150,0.0,0.0
2011-02-18 00:00:00-05:00,71.06963172499177,71.14531707763672,71.06963172499177,71.14531707763672,350,0.0,0.0
2011-02-22 00:00:00-05:00,71.06964111328125,71.06964111328125,71.06964111328125,71.06964111328125,50,0.0,0.0
2011-02-23 00:00:00-05:00,71.06964111328125,71.06964111328125,71.06964111328125,71.06964111328125,0,0.0,0.0
2011-02-24 00:00:00-05:00,71.06964111328125,71.06964111328125,71.06964111328125,71.06964111328125,0,0.0,0.0
2011-02-25 00:00:00-05:00,68.64767456054688,68.64767456054688,68.64767456054688,68.64767456054688,20,0.0,0.0
2011-02-28 00:00:00-05:00,67.89080047607422,67.89080047607422,67.89080047607422,67.89080047607422,280,0.0,0.0
2011-03-01 00:00:00-05:00,70.1614092501805,70.1614092501805,70.08572387695312,70.08572387695312,400,0.0,0.0
2011-03-02 00:00:00-05:00,71.82651342134494,71.9021987915039,71.82651342134494,71.9021987915039,160,0.0,0.0
2011-03-03 00:00:00-05:00,71.14533881730931,71.14533881730931,70.38847351074219,70.38847351074219,260,0.0,0.0
2011-03-04 00:00:00-05:00,71.59944152832031,71.59944152832031,71.59944152832031,71.59944152832031,10,0.0,0.0
2011-03-07 00:00:00-05:00,71.59944152832031,71.59944152832031,71.59944152832031,71.59944152832031,0,0.0,0.0
2011-03-08 00:00:00-05:00,71.59944152832031,71.59944152832031,71.59944152832031,71.59944152832031,0,0.0,0.0
2011-03-09 00:00:00-05:00,68.34492838093622,68.34492838093622,68.11786651611328,68.11786651611328,130,0.0,0.0
2011-03-10 00:00:00-05:00,68.11786651611328,68.11786651611328,68.11786651611328,68.11786651611328,0,0.0,0.0
2011-03-11 00:00:00-05:00,66.67981764962616,66.67981764962616,65.8472671508789,65.8472671508789,300,0.0,0.0
2011-03-14 00:00:00-04:00,64.78764861004602,64.78764861004602,64.48490142822266,64.48490142822266,820,0.0,0.0
2011-03-15 00:00:00-04:00,62.89550756604674,62.89550756604674,61.68452419682218,62.744136810302734,280,0.0,0.0
2011-03-16 00:00:00-04:00,64.10646057128906,64.10646057128906,64.10646057128906,64.10646057128906,10,0.0,0.0
2011-03-17 00:00:00-04:00,64.10646057128906,64.10646057128906,64.10646057128906,64.10646057128906,0,0.0,0.0
2011-03-18 00:00:00-04:00,68.4206113174256,69.32884719565477,67.81511688232422,67.81511688232422,1010,0.0,0.0
2011-03-21 00:00:00-04:00,67.81511688232422,67.81511688232422,67.81511688232422,67.81511688232422,0,0.0,0.0
2011-03-22 00:00:00-04:00,70.46414947509766,70.46414947509766,70.46414947509766,70.46414947509766,490,0.0,0.0
2011-03-23 00:00:00-04:00,70.46414947509766,70.46414947509766,70.46414947509766,70.46414947509766,0,0.0,0.0
2011-03-24 00:00:00-04:00,73.34023461592619,73.34023461592619,73.2645492553711,73.2645492553711,170,0.0,0.0
2011-03-25 00:00:00-04:00,70.99396514892578,70.99396514892578,70.99396514892578,70.99396514892578,100,0.0,0.0
2011-03-28 00:00:00-04:00,70.69123077392578,70.69123077392578,70.69123077392578,70.69123077392578,10,0.0,0.0
2011-03-29 00:00:00-04:00,70.69123077392578,70.69123077392578,70.69123077392578,70.69123077392578,0,0.0,0.0
2011-03-30 00:00:00-04:00,70.69123077392578,70.69123077392578,70.69123077392578,70.69123077392578,0,0.0,0.0
2011-03-31 00:00:00-04:00,71.37238544958116,71.59944152832031,71.37238544958116,71.59944152832031,200,0.0,0.0
2011-04-01 00:00:00-04:00,70.99396514892578,70.99396514892578,70.99396514892578,70.99396514892578,80,0.0,0.0
2011-04-04 00:00:00-04:00,70.76689910888672,70.76689910888672,70.76689910888672,70.76689910888672,200,0.0,0.0
2011-04-05 00:00:00-04:00,72.96182476801165,73.18888092041016,72.96182476801165,73.18888092041016,70,0.0,0.0
2011-04-06 00:00:00-04:00,74.02141440976781,74.02141440976781,73.2645492553711,73.2645492553711,720,0.0,0.0
2011-04-07 00:00:00-04:00,72.43199920654297,72.43199920654297,72.43199920654297,72.43199920654297,200,0.0,0.0
2011-04-08 00:00:00-04:00,73.18886980930819,73.64299359401213,73.18886980930819,73.41593170166016,530,0.0,0.0
2011-04-11 00:00:00-04:00,73.18885812039312,73.2645492553711,73.18885812039312,73.2645492553711,20,0.0,0.0
2011-04-12 00:00:00-04:00,71.75083923339844,71.75083923339844,71.75083923339844,71.75083923339844,100,0.0,0.0
2011-04-13 00:00:00-04:00,71.75083923339844,71.75083923339844,71.75083923339844,71.75083923339844,0,0.0,0.0
2011-04-14 00:00:00-04:00,72.73474298065412,72.73474298065412,72.6590576171875,72.6590576171875,300,0.0,0.0
2011-04-15 00:00:00-04:00,72.81043243408203,72.81043243408203,72.81043243408203,72.81043243408203,20,0.0,0.0
2011-04-18 00:00:00-04:00,72.81043243408203,72.81043243408203,72.81043243408203,72.81043243408203,0,0.0,0.0
2011-04-19 00:00:00-04:00,73.56730651855469,73.56730651855469,73.56730651855469,73.56730651855469,10,0.0,0.0
2011-04-20 00:00:00-04:00,73.8700497119403,73.8700497119403,73.2645609563747,73.41593170166016,130,0.0,0.0
2011-04-21 00:00:00-04:00,73.34024632901743,73.41593170166016,73.34024632901743,73.41593170166016,20,0.0,0.0
2011-04-25 00:00:00-04:00,73.41593170166016,73.41593170166016,73.41593170166016,73.41593170166016,0,0.0,0.0
2011-04-26 00:00:00-04:00,72.88613008661522,73.34024810791016,72.88613008661522,73.34024810791016,100,0.0,0.0
2011-04-27 00:00:00-04:00,73.49160766601562,73.49160766601562,73.49160766601562,73.49160766601562,60,0.0,0.0
2011-04-28 00:00:00-04:00,73.26457207896766,73.26457207896766,73.18888092041016,73.18888092041016,510,0.0,0.0
2011-04-29 00:00:00-04:00,73.18888092041016,73.18888092041016,73.18888092041016,73.18888092041016,0,0.0,0.0
2011-05-02 00:00:00-04:00,72.81042508516519,74.32415538443617,72.81042508516519,74.09709930419922,550,0.0,0.0
2011-05-03 00:00:00-04:00,74.02142333984375,74.02142333984375,74.02142333984375,74.02142333984375,100,0.0,0.0
2011-05-04 00:00:00-04:00,74.02142333984375,74.02142333984375,74.02142333984375,74.02142333984375,0,0.0,0.0
2011-05-05 00:00:00-04:00,74.02142333984375,74.02142333984375,74.02142333984375,74.02142333984375,0,0.0,0.0
2011-05-06 00:00:00-04:00,70.84258270263672,70.84258270263672,70.84258270263672,70.84258270263672,60,0.0,0.0
2011-05-09 00:00:00-04:00,70.61551666259766,70.61551666259766,70.61551666259766,70.61551666259766,10,0.0,0.0
2011-05-10 00:00:00-04:00,72.81043074462946,72.96180725097656,72.81043074462946,72.96180725097656,100,0.0,0.0
2011-05-11 00:00:00-04:00,72.88611602783203,72.88611602783203,72.88611602783203,72.88611602783203,120,0.0,0.0
2011-05-12 00:00:00-04:00,69.10177601857306,69.10177601857306,69.02608489990234,69.02608489990234,170,0.0,0.0
2011-05-13 00:00:00-04:00,66.1500244140625,66.1500244140625,66.1500244140625,66.1500244140625,10,0.0,0.0
2011-05-16 00:00:00-04:00,66.67982482910156,66.67982482910156,66.67982482910156,66.67982482910156,150,0.0,0.0
2011-05-17 00:00:00-04:00,62.97118937138088,62.97118937138088,62.895503997802734,62.895503997802734,20,0.0,0.0
2011-05-18 00:00:00-04:00,62.9711806124949,65.62020874023438,62.895495249444096,65.62020874023438,110,0.0,0.0
2011-05-19 00:00:00-04:00,64.78766632080078,64.78766632080078,64.78766632080078,64.78766632080078,50,0.0,0.0
2011-05-20 00:00:00-04:00,64.78766632080078,64.78766632080078,64.78766632080078,64.78766632080078,0,0.0,0.0
2011-05-23 00:00:00-04:00,64.78766632080078,64.78766632080078,64.78766632080078,64.78766632080078,0,0.0,0.0
2011-05-24 00:00:00-04:00,64.33354187011719,64.33354187011719,64.33354187011719,64.33354187011719,100,0.0,0.0
2011-05-25 00:00:00-04:00,64.33354187011719,64.33354187011719,64.33354187011719,64.33354187011719,0,0.0,0.0
2011-05-26 00:00:00-04:00,64.33354187011719,64.33354187011719,64.33354187011719,64.33354187011719,0,0.0,0.0
2011-05-27 00:00:00-04:00,64.33354187011719,64.33354187011719,64.33354187011719,64.33354187011719,0,0.0,0.0
2011-05-31 00:00:00-04:00,70.38847351074219,70.46415888651408,70.23710275919838,70.38847351074219,600,0.0,0.0
2011-06-01 00:00:00-04:00,70.38847351074219,70.38847351074219,70.38847351074219,70.38847351074219,0,0.0,0.0
2011-06-02 00:00:00-04:00,70.38847351074219,70.38847351074219,70.38847351074219,70.38847351074219,0,0.0,0.0
2011-06-03 00:00:00-04:00,70.38847351074219,70.38847351074219,70.38847351074219,70.38847351074219,0,0.0,0.0
2011-06-06 00:00:00-04:00,70.38847351074219,70.38847351074219,70.38847351074219,70.38847351074219,0,0.0,0.0
2011-06-07 00:00:00-04:00,70.38847351074219,70.38847351074219,70.38847351074219,70.38847351074219,0,0.0,0.0
2011-06-08 00:00:00-04:00,70.38847351074219,70.38847351074219,70.38847351074219,70.38847351074219,0,0.0,0.0
2011-06-09 00:00:00-04:00,62.97118937138088,62.97118937138088,62.895503997802734,62.895503997802734,110,0.0,0.0
2011-06-10 00:00:00-04:00,63.87941224482077,64.18215942382812,63.42529436352082,64.18215942382812,660,0.0,0.0
2011-06-13 00:00:00-04:00,64.18215942382812,64.18215942382812,64.18215942382812,64.18215942382812,0,0.0,0.0
2011-06-14 00:00:00-04:00,64.18215942382812,64.18215942382812,64.18215942382812,64.18215942382812,0,0.0,0.0
2011-06-15 00:00:00-04:00,61.30606460571289,61.30606460571289,61.30606460571289,61.30606460571289,50,0.0,0.0
2011-06-16 00:00:00-04:00,61.30606460571289,61.30606460571289,61.30606460571289,61.30606460571289,0,0.0,0.0
2011-06-17 00:00:00-04:00,56.15940324222712,57.673133850097656,56.15940324222712,57.673133850097656,110,0.0,0.0
2011-06-20 00:00:00-04:00,57.14332962036133,57.14332962036133,57.14332962036133,57.14332962036133,20,0.0,0.0
2011-06-21 00:00:00-04:00,57.14332962036133,57.14332962036133,57.14332962036133,57.14332962036133,0,0.0,0.0
2011-06-22 00:00:00-04:00,57.14332962036133,57.14332962036133,57.14332962036133,57.14332962036133,0,0.0,0.0
2011-06-23 00:00:00-04:00,57.0676383972168,57.0676383972168,57.0676383972168,57.0676383972168,40,0.0,0.0
2011-06-24 00:00:00-04:00,58.42999267578125,58.42999267578125,58.42999267578125,58.42999267578125,100,0.0,0.0
2011-06-27 00:00:00-04:00,58.051551818847656,58.051551818847656,58.051551818847656,58.051551818847656,60,0.0,0.0
2011-06-28 00:00:00-04:00,58.051551818847656,58.051551818847656,58.051551818847656,58.051551818847656,0,0.0,0.0
2011-06-29 00:00:00-04:00,58.051551818847656,58.051551818847656,58.051551818847656,58.051551818847656,0,0.0,0.0
2011-06-30 00:00:00-04:00,58.505675889195594,58.505675889195594,58.27861404418945,58.27861404418945,60,0.0,0.0
2011-07-01 00:00:00-04:00,58.27861404418945,58.27861404418945,58.27861404418945,58.27861404418945,0,0.0,0.0
2011-07-05 00:00:00-04:00,58.27861404418945,58.27861404418945,58.27861404418945,58.27861404418945,0,0.0,0.0
2011-07-06 00:00:00-04:00,58.27861404418945,58.27861404418945,58.27861404418945,58.27861404418945,0,0.0,0.0
2011-07-07 00:00:00-04:00,64.560606136134,64.863347607223,64.560606136134,64.63629150390625,600,0.0,0.0
2011-07-08 00:00:00-04:00,64.71197864986019,64.78766401971214,63.955113402493396,64.56060791015625,600,0.0,0.0
2011-07-11 00:00:00-04:00,63.50100375538611,63.50100375538611,61.23040771484375,61.23040771484375,40,0.0,0.0
2011-07-12 00:00:00-04:00,62.138633728027344,62.138633728027344,62.138633728027344,62.138633728027344,100,0.0,0.0
2011-07-13 00:00:00-04:00,62.138633728027344,62.138633728027344,62.138633728027344,62.138633728027344,0,0.0,0.0
2011-07-14 00:00:00-04:00,66.83121366450564,67.28533172607422,66.83121366450564,67.28533172607422,350,0.0,0.0
2011-07-15 00:00:00-04:00,67.28533172607422,67.28533172607422,67.28533172607422,67.28533172607422,0,0.0,0.0
2011-07-18 00:00:00-04:00,68.04218229292232,68.19355302239228,67.36100246146111,67.66374969482422,700,0.0,0.0
2011-07-19 00:00:00-04:00,71.5994626950652,72.65907536569989,71.14534462891447,71.75083923339844,920,0.0,0.0
2011-07-20 00:00:00-04:00,72.58337161527503,72.58337161527503,72.28062438964844,72.28062438964844,200,0.0,0.0
2011-07-21 00:00:00-04:00,73.94572280961843,74.09709930419922,73.94572280961843,74.09709930419922,800,0.0,0.0
2011-07-22 00:00:00-04:00,74.09709930419922,74.09709930419922,74.09709930419922,74.09709930419922,0,0.0,0.0
2011-07-25 00:00:00-04:00,74.09709930419922,74.09709930419922,74.09709930419922,74.09709930419922,0,0.0,0.0
2011-07-26 00:00:00-04:00,70.99394637234681,71.14531707763672,70.99394637234681,71.14531707763672,40,0.0,0.0
2011-07-27 00:00:00-04:00,71.14531707763672,71.14531707763672,71.14531707763672,71.14531707763672,0,0.0,0.0
2011-07-28 00:00:00-04:00,71.14531707763672,71.14531707763672,71.14531707763672,71.14531707763672,0,0.0,0.0
2011-07-29 00:00:00-04:00,71.14531707763672,71.14531707763672,71.14531707763672,71.14531707763672,0,0.0,0.0
2011-08-01 00:00:00-04:00,71.14531707763672,71.14531707763672,71.14531707763672,71.14531707763672,0,0.0,0.0
2011-08-02 00:00:00-04:00,71.14531707763672,71.14531707763672,71.14531707763672,71.14531707763672,0,0.0,0.0
2011-08-03 00:00:00-04:00,71.14531707763672,71.14531707763672,71.14531707763672,71.14531707763672,0,0.0,0.0
2011-08-04 00:00:00-04:00,66.22571563720703,66.22571563720703,66.22571563720703,66.22571563720703,80,0.0,0.0
2011-08-05 00:00:00-04:00,65.54452979757889,65.54452979757889,64.86334991455078,64.86334991455078,380,0.0,0.0
2011-08-08 00:00:00-04:00,63.19825485195892,63.19825485195892,62.74413681030274,62.744136810302734,190,0.0,0.0
2011-08-09 00:00:00-04:00,62.97117996215821,62.97117996215821,62.97117996215821,62.9711799621582,20,0.0,0.0
2011-08-10 00:00:00-04:00,71.06966348066584,71.14534886712887,70.69123077392578,70.69123077392578,330,0.0,0.0
2011-08-11 00:00:00-04:00,70.69123077392578,70.69123077392578,70.69123077392578,70.69123077392578,0,0.0,0.0
2011-08-12 00:00:00-04:00,70.69123077392578,70.69123077392578,70.69123077392578,70.69123077392578,0,0.0,0.0
2011-08-15 00:00:00-04:00,67.43668365478516,67.43668365478516,67.43668365478516,67.43668365478516,10,0.0,0.0
2011-08-16 00:00:00-04:00,67.43668365478516,67.43668365478516,67.43668365478516,67.43668365478516,0,0.0,0.0
2011-08-17 00:00:00-04:00,67.43668365478516,67.43668365478516,67.43668365478516,67.43668365478516,0,0.0,0.0
2011-08-18 00:00:00-04:00,63.57668719306349,63.57668719306349,62.51707458496094,62.51707458496094,320,0.0,0.0
2011-08-19 00:00:00-04:00,62.51707458496094,62.51707458496094,62.51707458496094,62.51707458496094,0,0.0,0.0
2011-08-22 00:00:00-04:00,62.062975279678255,63.95513916015625,62.062975279678255,63.95513916015625,570,0.0,0.0
2011-08-23 00:00:00-04:00,63.95513916015625,63.95513916015625,63.95513916015625,63.95513916015625,0,0.0,0.0
2011-08-24 00:00:00-04:00,63.95513916015625,63.95513916015625,63.95513916015625,63.95513916015625,0,0.0,0.0
2011-08-25 00:00:00-04:00,63.95513916015625,63.95513916015625,63.95513916015625,63.95513916015625,0,0.0,0.0
2011-08-26 00:00:00-04:00,63.95513916015625,63.95513916015625,63.95513916015625,63.95513916015625,0,0.0,0.0
2011-08-29 00:00:00-04:00,63.95513916015625,63.95513916015625,63.95513916015625,63.95513916015625,0,0.0,0.0
2011-08-30 00:00:00-04:00,63.95513916015625,63.95513916015625,63.95513916015625,63.95513916015625,0,0.0,0.0
2011-08-31 00:00:00-04:00,63.95513916015625,63.95513916015625,63.95513916015625,63.95513916015625,0,0.0,0.0
2011-09-01 00:00:00-04:00,63.95513916015625,63.95513916015625,63.95513916015625,63.95513916015625,0,0.0,0.0
2011-09-02 00:00:00-04:00,63.95513916015625,63.95513916015625,63.95513916015625,63.95513916015625,0,0.0,0.0
2011-09-06 00:00:00-04:00,63.95513916015625,63.95513916015625,63.95513916015625,63.95513916015625,0,0.0,0.0
2011-09-07 00:00:00-04:00,63.95513916015625,63.95513916015625,63.95513916015625,63.95513916015625,0,0.0,0.0
2011-09-08 00:00:00-04:00,66.4527716708199,66.4527716708199,66.1500244140625,66.1500244140625,130,0.0,0.0
2011-09-09 00:00:00-04:00,66.1500244140625,66.1500244140625,66.1500244140625,66.1500244140625,0,0.0,0.0
2011-09-12 00:00:00-04:00,66.1500244140625,66.1500244140625,66.1500244140625,66.1500244140625,0,0.0,0.0
2011-09-13 00:00:00-04:00,60.39782892132284,61.30606460571289,60.39782892132284,61.30606460571289,260,0.0,0.0
2011-09-14 00:00:00-04:00,61.30606460571289,61.30606460571289,61.30606460571289,61.30606460571289,0,0.0,0.0
2011-09-15 00:00:00-04:00,61.30606460571289,61.30606460571289,61.30606460571289,61.30606460571289,0,0.0,0.0
2011-09-16 00:00:00-04:00,61.30606460571289,61.30606460571289,61.30606460571289,61.30606460571289,0,0.0,0.0
2011-09-19 00:00:00-04:00,61.30606460571289,61.30606460571289,61.30606460571289,61.30606460571289,0,0.0,0.0
2011-09-20 00:00:00-04:00,61.30606460571289,61.30606460571289,61.30606460571289,61.30606460571289,0,0.0,0.0
2011-09-21 00:00:00-04:00,61.00333989608093,61.07902526855469,61.00333989608093,61.07902526855469,80,0.0,0.0
2011-09-22 00:00:00-04:00,54.569971232412364,54.64565658569336,54.569971232412364,54.64565658569336,60,0.0,0.0
2011-09-23 00:00:00-04:00,50.78565925910426,51.9966425552237,49.877423230620636,51.69390106201172,720,0.0,0.0
2011-09-26 00:00:00-04:00,51.69390106201172,51.69390106201172,51.69390106201172,51.69390106201172,0,0.0,0.0
2011-09-27 00:00:00-04:00,54.72134605160533,54.79703140258789,54.72134605160533,54.79703140258789,400,0.0,0.0
2011-09-28 00:00:00-04:00,54.56997939520033,54.56997939520033,51.542518615722656,51.542518615722656,50,0.0,0.0
2011-09-29 00:00:00-04:00,50.407230809776436,50.407230809776436,49.423309326171875,49.423309326171875,50,0.0,0.0
2011-09-30 00:00:00-04:00,46.69858192065616,48.51505661010742,46.69858192065616,48.51505661010742,100,0.0,0.0
2011-10-03 00:00:00-04:00,44.88210855704988,44.88210855704988,44.80642318725586,44.80642318725586,480,0.0,0.0
2011-10-04 00:00:00-04:00,41.249160425417216,42.308773040771484,41.097786782193445,42.308773040771484,440,0.0,0.0
2011-10-05 00:00:00-04:00,42.308773040771484,42.308773040771484,42.308773040771484,42.308773040771484,0,0.0,0.0
2011-10-06 00:00:00-04:00,46.92565155029297,46.92565155029297,46.92565155029297,46.92565155029297,200,0.0,0.0
2011-10-07 00:00:00-04:00,46.92565155029297,46.92565155029297,46.92565155029297,46.92565155029297,0,0.0,0.0
2011-10-10 00:00:00-04:00,46.92565155029297,46.92565155029297,46.92565155029297,46.92565155029297,0,0.0,0.0
2011-10-11 00:00:00-04:00,48.96917456066736,49.27192178584833,48.51505661010742,48.51505661010742,70,0.0,0.0
2011-10-12 00:00:00-04:00,48.51505661010742,48.51505661010742,48.51505661010742,48.51505661010742,0,0.0,0.0
2011-10-13 00:00:00-04:00,51.012718200683594,51.012718200683594,51.012718200683594,51.012718200683594,70,0.0,0.0
2011-10-14 00:00:00-04:00,51.012718200683594,51.012718200683594,51.012718200683594,51.012718200683594,0,0.0,0.0
2011-10-17 00:00:00-04:00,51.012718200683594,51.012718200683594,51.012718200683594,51.012718200683594,0,0.0,0.0
2011-10-18 00:00:00-04:00,51.012718200683594,51.012718200683594,51.012718200683594,51.012718200683594,100,0.0,0.0
2011-10-19 00:00:00-04:00,51.31546401977539,51.31546401977539,51.31546401977539,51.31546401977539,60,0.0,0.0
2011-10-20 00:00:00-04:00,49.801726914018936,49.801726914018936,49.423294356235886,49.57466506958008,870,0.0,0.0
2011-10-21 00:00:00-04:00,50.93703426918928,51.01271964024723,50.7099723815918,50.7099723815918,280,0.0,0.0
2011-10-24 00:00:00-04:00,51.845259226846096,53.35898942325036,51.845259226846096,53.207618713378906,180,0.0,0.0
2011-10-25 00:00:00-04:00,53.813106536865234,53.813106536865234,53.813106536865234,53.813106536865234,100,0.0,0.0
2011-10-26 00:00:00-04:00,53.813106536865234,53.813106536865234,53.813106536865234,53.813106536865234,0,0.0,0.0
2011-10-27 00:00:00-04:00,56.386459350585945,56.386459350585945,56.386459350585945,56.38645935058594,20,0.0,0.0
2011-10-28 00:00:00-04:00,56.386459350585945,56.386459350585945,56.386459350585945,56.38645935058594,0,0.0,0.0
2011-10-31 00:00:00-04:00,54.41860910182921,55.25115966796875,54.41860910182921,55.25115966796875,230,0.0,0.0
2011-11-01 00:00:00-04:00,55.25115966796875,55.25115966796875,55.25115966796875,55.25115966796875,0,0.0,0.0
2011-11-02 00:00:00-04:00,53.20761871337891,53.20761871337891,53.20761871337891,53.207618713378906,30,0.0,0.0
2011-11-03 00:00:00-04:00,56.083717866718395,57.673133850097656,56.083717866718395,57.673133850097656,100,0.0,0.0
2011-11-04 00:00:00-04:00,57.673133850097656,57.673133850097656,57.673133850097656,57.673133850097656,0,0.0,0.0
2011-11-07 00:00:00-05:00,57.673133850097656,57.673133850097656,57.673133850097656,57.673133850097656,0,0.0,0.0
2011-11-08 00:00:00-05:00,55.17548627538574,55.62960433959961,55.17548627538574,55.62960433959961,60,0.0,0.0
2011-11-09 00:00:00-05:00,55.62960433959961,55.62960433959961,55.62960433959961,55.62960433959961,0,0.0,0.0
2011-11-10 00:00:00-05:00,55.62960433959961,55.62960433959961,55.62960433959961,55.62960433959961,0,0.0,0.0
2011-11-11 00:00:00-05:00,55.62960433959961,55.62960433959961,55.62960433959961,55.62960433959961,0,0.0,0.0
2011-11-14 00:00:00-05:00,55.62960433959961,55.62960433959961,55.62960433959961,55.62960433959961,0,0.0,0.0
2011-11-15 00:00:00-05:00,54.56998062133789,54.56998062133789,54.56998062133789,54.56998062133789,20,0.0,0.0
2011-11-16 00:00:00-05:00,54.56998062133789,54.56998062133789,54.56998062133789,54.56998062133789,0,0.0,0.0
2011-11-17 00:00:00-05:00,54.56998062133789,54.56998062133789,54.56998062133789,54.56998062133789,0,0.0,0.0
2011-11-18 00:00:00-05:00,54.56998062133789,54.56998062133789,54.56998062133789,54.56998062133789,0,0.0,0.0
2011-11-21 00:00:00-05:00,54.56998062133789,54.56998062133789,54.56998062133789,54.56998062133789,0,0.0,0.0
2011-11-22 00:00:00-05:00,52.375063507745246,52.375063507745246,51.61819839477539,51.61819839477539,430,0.0,0.0
2011-11-23 00:00:00-05:00,51.61819839477539,51.61819839477539,51.61819839477539,51.61819839477539,0,0.0,0.0
2011-11-25 00:00:00-05:00,51.61819839477539,51.61819839477539,51.61819839477539,51.61819839477539,0,0.0,0.0
2011-11-28 00:00:00-05:00,51.61819839477539,51.61819839477539,51.61819839477539,51.61819839477539,0,0.0,0.0
2011-11-29 00:00:00-05:00,51.61819839477539,51.61819839477539,51.61819839477539,51.61819839477539,0,0.0,0.0
2011-11-30 00:00:00-05:00,51.61819839477539,51.61819839477539,51.61819839477539,51.61819839477539,0,0.0,0.0
2011-12-01 00:00:00-05:00,51.61819839477539,51.61819839477539,51.61819839477539,51.61819839477539,0,0.0,0.0
2011-12-02 00:00:00-05:00,52.82920455932617,52.82920455932617,52.82920455932617,52.82920455932617,530,0.0,0.0
2011-12-05 00:00:00-05:00,52.82920455932617,52.82920455932617,52.82920455932617,52.82920455932617,0,0.0,0.0
2011-12-06 00:00:00-05:00,52.82920455932617,52.82920455932617,52.82920455932617,52.82920455932617,0,0.0,0.0
2011-12-07 00:00:00-05:00,52.82920455932617,52.82920455932617,52.82920455932617,52.82920455932617,0,0.0,0.0
2011-12-08 00:00:00-05:00,52.8291913466242,52.904876708984375,52.8291913466242,52.904876708984375,200,0.0,0.0
2011-12-09 00:00:00-05:00,52.904876708984375,52.904876708984375,52.904876708984375,52.904876708984375,0,0.0,0.0
2011-12-12 00:00:00-05:00,52.904876708984375,52.904876708984375,52.904876708984375,52.904876708984375,0,0.0,0.0
2011-12-13 00:00:00-05:00,52.904876708984375,52.904876708984375,52.904876708984375,52.904876708984375,0,0.0,0.0
2011-12-14 00:00:00-05:00,44.80642318725586,44.80642318725586,44.80642318725586,44.80642318725586,10,0.0,0.0
2011-12-15 00:00:00-05:00,44.80642318725586,44.80642318725586,44.80642318725586,44.80642318725586,0,0.0,0.0
2011-12-16 00:00:00-05:00,43.97386309047335,43.97386309047335,40.41659927368164,40.41659927368164,70,0.0,0.0
2011-12-19 00:00:00-05:00,40.41659927368164,40.41659927368164,40.41659927368164,40.41659927368164,0,0.0,0.0
2011-12-20 00:00:00-05:00,40.41659927368164,40.41659927368164,40.41659927368164,40.41659927368164,0,0.0,0.0
2011-12-21 00:00:00-05:00,40.41659927368164,40.41659927368164,40.41659927368164,40.41659927368164,0,0.0,0.0
2011-12-22 00:00:00-05:00,40.41659927368164,40.41659927368164,40.41659927368164,40.41659927368164,0,0.0,0.0
2011-12-23 00:00:00-05:00,40.41659927368164,40.41659927368164,40.41659927368164,40.41659927368164,0,0.0,0.0
2011-12-27 00:00:00-05:00,45.18486022949219,45.18486022949219,45.18486022949219,45.18486022949219,150,0.0,0.0
2011-12-28 00:00:00-05:00,45.18486022949219,45.18486022949219,45.18486022949219,45.18486022949219,0,0.0,0.0
2011-12-29 00:00:00-05:00,45.18486022949219,45.18486022949219,45.18486022949219,45.18486022949219,0,0.0,0.0
2011-12-30 00:00:00-05:00,45.18486022949219,45.18486022949219,45.18486022949219,45.18486022949219,0,0.0,0.0
2012-01-03 00:00:00-05:00,45.18486022949219,45.18486022949219,45.18486022949219,45.18486022949219,0,0.0,0.0
2012-01-04 00:00:00-05:00,45.18486022949219,45.18486022949219,45.18486022949219,45.18486022949219,0,0.0,0.0
2012-01-05 00:00:00-05:00,45.18486022949219,45.18486022949219,45.18486022949219,45.18486022949219,0,0.0,0.0
2012-01-06 00:00:00-05:00,45.18486022949219,45.18486022949219,45.18486022949219,45.18486022949219,0,0.0,0.0
2012-01-09 00:00:00-05:00,45.18486022949219,45.18486022949219,45.18486022949219,45.18486022949219,0,0.0,0.0
2012-01-10 00:00:00-05:00,47.152705550037055,47.152705550037055,46.16878128051758,46.16878128051758,70,0.0,0.0
2012-01-11 00:00:00-05:00,46.16878128051758,46.16878128051758,46.16878128051758,46.16878128051758,0,0.0,0.0
2012-01-12 00:00:00-05:00,46.16878128051758,46.16878128051758,46.16878128051758,46.16878128051758,0,0.0,0.0
2012-01-13 00:00:00-05:00,46.16878128051758,46.16878128051758,46.16878128051758,46.16878128051758,0,0.0,0.0
2012-01-17 00:00:00-05:00,46.16878128051758,46.16878128051758,46.16878128051758,46.16878128051758,0,0.0,0.0
2012-01-18 00:00:00-05:00,46.16878128051758,46.16878128051758,46.16878128051758,46.16878128051758,0,0.0,0.0
2012-01-19 00:00:00-05:00,46.16878128051758,46.16878128051758,46.16878128051758,46.16878128051758,0,0.0,0.0
2012-01-20 00:00:00-05:00,46.16878128051758,46.16878128051758,46.16878128051758,46.16878128051758,0,0.0,0.0
2012-01-23 00:00:00-05:00,46.16878128051758,46.16878128051758,46.16878128051758,46.16878128051758,0,0.0,0.0
2012-01-24 00:00:00-05:00,45.260544400464305,45.63897705078125,45.260544400464305,45.63897705078125,300,0.0,0.0
2012-01-25 00:00:00-05:00,45.63897705078125,45.63897705078125,45.63897705078125,45.63897705078125,0,0.0,0.0
2012-01-26 00:00:00-05:00,45.63897705078125,45.63897705078125,45.63897705078125,45.63897705078125,0,0.0,0.0
2012-01-27 00:00:00-05:00,48.74212087747278,48.817806243896484,48.74212087747278,48.817806243896484,100,0.0,0.0
2012-01-30 00:00:00-05:00,48.817806243896484,48.817806243896484,48.817806243896484,48.817806243896484,0,0.0,0.0
2012-01-31 00:00:00-05:00,48.817806243896484,48.817806243896484,48.817806243896484,48.817806243896484,0,0.0,0.0
2012-02-01 00:00:00-05:00,48.817806243896484,48.817806243896484,48.817806243896484,48.817806243896484,0,0.0,0.0
2012-02-02 00:00:00-05:00,48.817806243896484,48.817806243896484,48.817806243896484,48.817806243896484,0,0.0,0.0
2012-02-03 00:00:00-05:00,48.817806243896484,48.817806243896484,48.817806243896484,48.817806243896484,0,0.0,0.0
2012-02-06 00:00:00-05:00,48.817806243896484,48.817806243896484,48.817806243896484,48.817806243896484,0,0.0,0.0
2012-02-07 00:00:00-05:00,55.175472259521484,55.175472259521484,55.175472259521484,55.175472259521484,150,0.0,0.0
2012-02-08 00:00:00-05:00,55.175472259521484,55.175472259521484,55.175472259521484,55.175472259521484,0,0.0,0.0
2012-02-09 00:00:00-05:00,55.175472259521484,55.175472259521484,55.175472259521484,55.175472259521484,0,0.0,0.0
2012-02-10 00:00:00-05:00,55.175472259521484,55.175472259521484,55.175472259521484,55.175472259521484,0,0.0,0.0
2012-02-13 00:00:00-05:00,54.56998062133789,54.56998062133789,54.56998062133789,54.56998062133789,50,0.0,0.0
2012-02-14 00:00:00-05:00,54.56998062133789,54.56998062133789,54.56998062133789,54.56998062133789,0,0.0,0.0
2012-02-15 00:00:00-05:00,54.11585998535156,54.11585998535156,54.11585998535156,54.11585998535156,20,0.0,0.0
2012-02-16 00:00:00-05:00,54.11585998535156,54.11585998535156,54.11585998535156,54.11585998535156,0,0.0,0.0
2012-02-17 00:00:00-05:00,54.11585998535156,54.11585998535156,54.11585998535156,54.11585998535156,0,0.0,0.0
2012-02-21 00:00:00-05:00,54.11585998535156,54.11585998535156,54.11585998535156,54.11585998535156,0,0.0,0.0
2012-02-22 00:00:00-05:00,54.11585998535156,54.11585998535156,54.11585998535156,54.11585998535156,0,0.0,0.0
2012-02-23 00:00:00-05:00,54.11585998535156,54.11585998535156,54.11585998535156,54.11585998535156,0,0.0,0.0
2012-02-24 00:00:00-05:00,54.56998062133789,54.56998062133789,54.56998062133789,54.56998062133789,70,0.0,0.0
2012-02-27 00:00:00-05:00,54.56998062133789,54.56998062133789,54.56998062133789,54.56998062133789,0,0.0,0.0
2012-02-28 00:00:00-05:00,53.586055755615234,53.586055755615234,53.586055755615234,53.586055755615234,150,0.0,0.0
2012-02-29 00:00:00-05:00,53.586055755615234,53.586055755615234,53.586055755615234,53.586055755615234,0,0.0,0.0
2012-03-01 00:00:00-05:00,50.93703426918928,50.93703426918928,50.7099723815918,50.7099723815918,50,0.0,0.0
2012-03-02 00:00:00-05:00,50.7099723815918,50.7099723815918,50.7099723815918,50.7099723815918,0,0.0,0.0
2012-03-05 00:00:00-05:00,50.7099723815918,50.7099723815918,50.7099723815918,50.7099723815918,0,0.0,0.0
2012-03-06 00:00:00-05:00,49.04487402024341,49.04487402024341,48.28800582885742,48.28800582885742,650,0.0,0.0
2012-03-07 00:00:00-05:00,48.28800582885742,48.28800582885742,48.28800582885742,48.28800582885742,0,0.0,0.0
2012-03-08 00:00:00-05:00,48.28800582885742,48.28800582885742,48.28800582885742,48.28800582885742,0,0.0,0.0
2012-03-09 00:00:00-05:00,48.28800582885742,48.28800582885742,48.28800582885742,48.28800582885742,0,0.0,0.0
2012-03-12 00:00:00-04:00,48.28800582885742,48.28800582885742,48.28800582885742,48.28800582885742,0,0.0,0.0
2012-03-13 00:00:00-04:00,48.28800582885742,48.28800582885742,48.28800582885742,48.28800582885742,0,0.0,0.0
2012-03-14 00:00:00-04:00,45.33623504638672,45.33623504638672,45.33623504638672,45.33623504638672,50,0.0,0.0
2012-03-15 00:00:00-04:00,45.33623504638672,45.33623504638672,45.33623504638672,45.33623504638672,0,0.0,0.0
2012-03-16 00:00:00-04:00,47.985260009765625,47.985260009765625,47.985260009765625,47.985260009765625,20,0.0,0.0
2012-03-19 00:00:00-04:00,47.985260009765625,47.985260009765625,47.985260009765625,47.985260009765625,0,0.0,0.0
2012-03-20 00:00:00-04:00,45.63897705078125,45.63897705078125,45.63897705078125,45.63897705078125,500,0.0,0.0
2012-03-21 00:00:00-04:00,45.63897705078125,45.63897705078125,45.63897705078125,45.63897705078125,0,0.0,0.0
2012-03-22 00:00:00-04:00,45.56328582763672,45.56328582763672,45.56328582763672,45.56328582763672,440,0.0,0.0
2012-03-23 00:00:00-04:00,45.56328582763672,45.56328582763672,45.56328582763672,45.56328582763672,0,0.0,0.0
2012-03-26 00:00:00-04:00,45.56328582763672,45.56328582763672,45.56328582763672,45.56328582763672,0,0.0,0.0
2012-03-27 00:00:00-04:00,45.56328582763672,45.56328582763672,45.56328582763672,45.56328582763672,0,0.0,0.0
2012-03-28 00:00:00-04:00,45.56328582763672,45.56328582763672,45.56328582763672,45.56328582763672,0,0.0,0.0
2012-03-29 00:00:00-04:00,45.56328582763672,45.56328582763672,45.56328582763672,45.56328582763672,0,0.0,0.0
2012-03-30 00:00:00-04:00,45.56328582763672,45.56328582763672,45.56328582763672,45.56328582763672,0,0.0,0.0
2012-04-02 00:00:00-04:00,46.92565155029297,46.92565155029297,46.92565155029297,46.92565155029297,20,0.0,0.0
2012-04-03 00:00:00-04:00,46.92565155029297,46.92565155029297,46.92565155029297,46.92565155029297,0,0.0,0.0
2012-04-04 00:00:00-04:00,46.92565155029297,46.92565155029297,46.92565155029297,46.92565155029297,0,0.0,0.0
2012-04-05 00:00:00-04:00,46.92565155029297,46.92565155029297,46.92565155029297,46.92565155029297,0,0.0,0.0
2012-04-09 00:00:00-04:00,46.92565155029297,46.92565155029297,46.92565155029297,46.92565155029297,0,0.0,0.0
2012-04-10 00:00:00-04:00,46.92565155029297,46.92565155029297,46.92565155029297,46.92565155029297,0,0.0,0.0
2012-04-11 00:00:00-04:00,35.57266734969477,35.57266734969477,35.11854934692383,35.11854934692383,250,0.0,0.0
2012-04-12 00:00:00-04:00,35.11854934692383,35.11854934692383,35.11854934692383,35.11854934692383,0,0.0,0.0
2012-04-13 00:00:00-04:00,35.11854934692383,35.11854934692383,35.11854934692383,35.11854934692383,0,0.0,0.0
2012-04-16 00:00:00-04:00,35.04285924407741,35.04285924407741,33.98324966430664,33.98324966430664,540,0.0,0.0
2012-04-17 00:00:00-04:00,34.891483306884766,34.891483306884766,34.891483306884766,34.891483306884766,850,0.0,0.0
2012-04-18 00:00:00-04:00,34.51306216243813,34.51306216243813,34.28600311279297,34.28600311279297,1010,0.0,0.0
2012-04-19 00:00:00-04:00,34.51304244995117,34.51304244995117,34.51304244995117,34.51304244995117,150,0.0,0.0
2012-04-20 00:00:00-04:00,36.17815399169922,36.17815399169922,36.17815399169922,36.17815399169922,150,0.0,0.0
2012-04-23 00:00:00-04:00,36.17815399169922,36.17815399169922,36.17815399169922,36.17815399169922,0,0.0,0.0
2012-04-24 00:00:00-04:00,36.17815399169922,36.17815399169922,36.17815399169922,36.17815399169922,0,0.0,0.0
2012-04-25 00:00:00-04:00,36.17815399169922,36.17815399169922,36.17815399169922,36.17815399169922,0,0.0,0.0
2012-04-26 00:00:00-04:00,36.17815399169922,36.17815399169922,36.17815399169922,36.17815399169922,0,0.0,0.0
2012-04-27 00:00:00-04:00,36.17815399169922,36.17815399169922,36.17815399169922,36.17815399169922,0,0.0,0.0
2012-04-30 00:00:00-04:00,33.98324966430664,34.13462039912268,33.604817052843146,33.98324966430664,550,0.0,0.0
2012-05-01 00:00:00-04:00,33.98324966430664,33.98324966430664,33.98324966430664,33.98324966430664,0,0.0,0.0
2012-05-02 00:00:00-04:00,35.72404098510742,35.72404098510742,35.72404098510742,35.72404098510742,2000,0.0,0.0
2012-05-03 00:00:00-04:00,35.194236755371094,35.194236755371094,35.194236755371094,35.194236755371094,140,0.0,0.0
2012-05-04 00:00:00-04:00,35.194236755371094,35.194236755371094,35.194236755371094,35.194236755371094,0,0.0,0.0
2012-05-07 00:00:00-04:00,35.194236755371094,35.194236755371094,35.194236755371094,35.194236755371094,0,0.0,0.0
2012-05-08 00:00:00-04:00,35.194236755371094,35.194236755371094,35.194236755371094,35.194236755371094,0,0.0,0.0
2012-05-09 00:00:00-04:00,35.194236755371094,35.194236755371094,35.194236755371094,35.194236755371094,0,0.0,0.0
2012-05-10 00:00:00-04:00,35.194236755371094,35.194236755371094,35.194236755371094,35.194236755371094,0,0.0,0.0
2012-05-11 00:00:00-04:00,34.815799151690484,37.9189453125,34.815799151690484,37.9189453125,210,0.0,0.0
2012-05-14 00:00:00-04:00,37.9189453125,37.9189453125,37.9189453125,37.9189453125,0,0.0,0.0
2012-05-15 00:00:00-04:00,35.26992156964622,35.26992156964622,34.21031188964844,34.21031188964844,300,0.0,0.0
2012-05-16 00:00:00-04:00,34.21031188964844,34.21031188964844,34.21031188964844,34.21031188964844,0,0.0,0.0
2012-05-17 00:00:00-04:00,34.21031188964844,34.21031188964844,34.21031188964844,34.21031188964844,0,0.0,0.0
2012-05-18 00:00:00-04:00,35.57265853881836,35.57265853881836,35.57265853881836,35.57265853881836,100,0.0,0.0
2012-05-21 00:00:00-04:00,35.57265853881836,35.57265853881836,35.57265853881836,35.57265853881836,0,0.0,0.0
2012-05-22 00:00:00-04:00,35.57265853881836,35.57265853881836,35.57265853881836,35.57265853881836,0,0.0,0.0
2012-05-23 00:00:00-04:00,35.57265853881836,35.57265853881836,35.57265853881836,35.57265853881836,0,0.0,0.0
2012-05-24 00:00:00-04:00,37.46482849121094,37.46482849121094,37.46482849121094,37.46482849121094,10,0.0,0.0
2012-05-25 00:00:00-04:00,37.46482849121094,37.46482849121094,37.46482849121094,37.46482849121094,0,0.0,0.0
2012-05-29 00:00:00-04:00,37.46482849121094,37.46482849121094,37.46482849121094,37.46482849121094,0,0.0,0.0
2012-05-30 00:00:00-04:00,37.46482849121094,37.46482849121094,37.46482849121094,37.46482849121094,0,0.0,0.0
2012-05-31 00:00:00-04:00,37.010711669921875,37.010711669921875,37.010711669921875,37.010711669921875,50,0.0,0.0
2012-06-01 00:00:00-04:00,37.010711669921875,37.010711669921875,37.010711669921875,37.010711669921875,0,0.0,0.0
2012-06-04 00:00:00-04:00,37.010711669921875,37.010711669921875,37.010711669921875,37.010711669921875,0,0.0,0.0
2012-06-05 00:00:00-04:00,37.84326349710947,37.84326349710947,37.767578125,37.767578125,1500,0.0,0.0
2012-06-06 00:00:00-04:00,42.83856964111328,42.83856964111328,42.83856964111328,42.83856964111328,130,0.0,0.0
2012-06-07 00:00:00-04:00,42.83856964111328,42.83856964111328,42.83856964111328,42.83856964111328,0,0.0,0.0
2012-06-08 00:00:00-04:00,42.83856964111328,42.83856964111328,42.83856964111328,42.83856964111328,0,0.0,0.0
2012-06-11 00:00:00-04:00,41.0220947265625,41.0220947265625,41.0220947265625,41.0220947265625,100,0.0,0.0
2012-06-12 00:00:00-04:00,41.0220947265625,41.0220947265625,41.0220947265625,41.0220947265625,0,0.0,0.0
2012-06-13 00:00:00-04:00,40.492286682128906,40.492286682128906,40.492286682128906,40.492286682128906,80,0.0,0.0
2012-06-14 00:00:00-04:00,40.492286682128906,40.492286682128906,40.492286682128906,40.492286682128906,0,0.0,0.0
2012-06-15 00:00:00-04:00,40.492286682128906,40.492286682128906,40.492286682128906,40.492286682128906,0,0.0,0.0
2012-06-18 00:00:00-04:00,40.492286682128906,40.492286682128906,40.492286682128906,40.492286682128906,0,0.0,0.0
2012-06-19 00:00:00-04:00,40.492286682128906,40.492286682128906,40.492286682128906,40.492286682128906,0,0.0,0.0
2012-06-20 00:00:00-04:00,40.492286682128906,40.492286682128906,40.492286682128906,40.492286682128906,0,0.0,0.0
2012-06-21 00:00:00-04:00,40.492286682128906,40.492286682128906,40.492286682128906,40.492286682128906,0,0.0,0.0
2012-06-22 00:00:00-04:00,40.492286682128906,40.492286682128906,40.492286682128906,40.492286682128906,0,0.0,0.0
2012-06-25 00:00:00-04:00,40.492286682128906,40.492286682128906,40.492286682128906,40.492286682128906,0,0.0,0.0
2012-06-26 00:00:00-04:00,40.492286682128906,40.492286682128906,40.492286682128906,40.492286682128906,0,0.0,0.0
2012-06-27 00:00:00-04:00,40.492286682128906,40.492286682128906,40.492286682128906,40.492286682128906,0,0.0,0.0
2012-06-28 00:00:00-04:00,40.492286682128906,40.492286682128906,40.492286682128906,40.492286682128906,0,0.0,0.0
2012-06-29 00:00:00-04:00,40.492286682128906,40.492286682128906,40.492286682128906,40.492286682128906,0,0.0,0.0
2012-07-02 00:00:00-04:00,40.492286682128906,40.492286682128906,40.492286682128906,40.492286682128906,0,0.0,0.0
2012-07-03 00:00:00-04:00,40.492286682128906,40.492286682128906,40.492286682128906,40.492286682128906,0,0.0,0.0
2012-07-05 00:00:00-04:00,40.492286682128906,40.492286682128906,40.492286682128906,40.492286682128906,0,0.0,0.0
2012-07-06 00:00:00-04:00,36.102466750957376,36.102466750957376,35.648345947265625,35.648345947265625,110,0.0,0.0
2012-07-09 00:00:00-04:00,35.648345947265625,35.648345947265625,35.648345947265625,35.648345947265625,0,0.0,0.0
2012-07-10 00:00:00-04:00,35.648345947265625,35.648345947265625,35.648345947265625,35.648345947265625,0,0.0,0.0
2012-07-11 00:00:00-04:00,35.648345947265625,35.648345947265625,35.648345947265625,35.648345947265625,0,0.0,0.0
2012-07-12 00:00:00-04:00,35.648345947265625,35.648345947265625,35.648345947265625,35.648345947265625,0,0.0,0.0
2012-07-13 00:00:00-04:00,35.648345947265625,35.648345947265625,35.648345947265625,35.648345947265625,0,0.0,0.0
2012-07-16 00:00:00-04:00,35.648345947265625,35.648345947265625,35.648345947265625,35.648345947265625,0,0.0,0.0
2012-07-17 00:00:00-04:00,35.648345947265625,35.648345947265625,35.648345947265625,35.648345947265625,0,0.0,0.0
2012-07-18 00:00:00-04:00,35.648345947265625,35.648345947265625,35.648345947265625,35.648345947265625,0,0.0,0.0
2012-07-19 00:00:00-04:00,35.648345947265625,35.648345947265625,35.648345947265625,35.648345947265625,0,0.0,0.0
2012-07-20 00:00:00-04:00,35.648345947265625,35.648345947265625,35.648345947265625,35.648345947265625,0,0.0,0.0
2012-07-23 00:00:00-04:00,34.891483306884766,34.891483306884766,34.891483306884766,34.891483306884766,50,0.0,0.0
2012-07-24 00:00:00-04:00,34.891483306884766,34.891483306884766,34.891483306884766,34.891483306884766,0,0.0,0.0
2012-07-25 00:00:00-04:00,34.891483306884766,34.891483306884766,34.891483306884766,34.891483306884766,0,0.0,0.0
2012-07-26 00:00:00-04:00,34.891483306884766,34.891483306884766,34.891483306884766,34.891483306884766,0,0.0,0.0
2012-07-27 00:00:00-04:00,34.891483306884766,34.891483306884766,34.891483306884766,34.891483306884766,0,0.0,0.0
2012-07-30 00:00:00-04:00,34.891483306884766,34.891483306884766,34.891483306884766,34.891483306884766,0,0.0,0.0
2012-07-31 00:00:00-04:00,34.891483306884766,34.891483306884766,34.891483306884766,34.891483306884766,0,0.0,0.0
2012-08-01 00:00:00-04:00,34.891483306884766,34.891483306884766,34.891483306884766,34.891483306884766,0,0.0,0.0
2012-08-02 00:00:00-04:00,34.891483306884766,34.891483306884766,34.891483306884766,34.891483306884766,0,0.0,0.0
2012-08-03 00:00:00-04:00,34.891483306884766,34.891483306884766,34.891483306884766,34.891483306884766,0,0.0,0.0
2012-08-06 00:00:00-04:00,34.891483306884766,34.891483306884766,34.891483306884766,34.891483306884766,0,0.0,0.0
2012-08-07 00:00:00-04:00,34.891483306884766,34.891483306884766,34.891483306884766,34.891483306884766,0,0.0,0.0
2012-08-08 00:00:00-04:00,34.891483306884766,34.891483306884766,34.891483306884766,34.891483306884766,0,0.0,0.0
2012-08-09 00:00:00-04:00,34.891483306884766,34.891483306884766,34.891483306884766,34.891483306884766,1750,0.0,0.0
2012-08-10 00:00:00-04:00,34.891483306884766,34.891483306884766,34.891483306884766,34.891483306884766,0,0.0,0.0
2012-08-13 00:00:00-04:00,34.36168670654297,34.36168670654297,34.36168670654297,34.36168670654297,50,0.0,0.0
2012-08-14 00:00:00-04:00,34.36168670654297,34.36168670654297,34.36168670654297,34.36168670654297,0,0.0,0.0
2012-08-15 00:00:00-04:00,34.36168670654297,34.36168670654297,34.36168670654297,34.36168670654297,0,0.0,0.0
2012-08-16 00:00:00-04:00,32.84795379638672,32.84795379638672,32.84795379638672,32.84795379638672,50,0.0,0.0
2012-08-17 00:00:00-04:00,32.84795379638672,32.84795379638672,32.84795379638672,32.84795379638672,0,0.0,0.0
2012-08-20 00:00:00-04:00,33.15070724487305,33.15070724487305,33.15070724487305,33.15070724487305,10,0.0,0.0
2012-08-21 00:00:00-04:00,33.15070724487305,33.15070724487305,33.15070724487305,33.15070724487305,0,0.0,0.0
2012-08-22 00:00:00-04:00,33.15070724487305,33.15070724487305,33.15070724487305,33.15070724487305,0,0.0,0.0
2012-08-23 00:00:00-04:00,33.15070724487305,33.15070724487305,33.15070724487305,33.15070724487305,0,0.0,0.0
2012-08-24 00:00:00-04:00,33.15070724487305,33.15070724487305,33.15070724487305,33.15070724487305,0,0.0,0.0
2012-08-27 00:00:00-04:00,33.907557227625325,33.907557227625325,33.68049826619438,33.75618362426758,70,0.0,0.0
2012-08-28 00:00:00-04:00,33.604819922157965,33.604819922157965,33.37775802612305,33.37775802612305,160,0.0,0.0
2012-08-29 00:00:00-04:00,33.37775802612305,33.37775802612305,33.37775802612305,33.37775802612305,0,0.0,0.0
2012-08-30 00:00:00-04:00,33.37775802612305,33.37775802612305,33.37775802612305,33.37775802612305,0,0.0,0.0
2012-08-31 00:00:00-04:00,32.166770935058594,32.166770935058594,32.166770935058594,32.166770935058594,10,0.0,0.0
2012-09-04 00:00:00-04:00,32.166770935058594,32.166770935058594,32.166770935058594,32.166770935058594,0,0.0,0.0
2012-09-05 00:00:00-04:00,32.166770935058594,32.166770935058594,32.166770935058594,32.166770935058594,0,0.0,0.0
2012-09-06 00:00:00-04:00,33.22638702392578,33.22638702392578,33.22638702392578,33.22638702392578,40,0.0,0.0
2012-09-07 00:00:00-04:00,33.90755844116211,33.90755844116211,33.90755844116211,33.90755844116211,1210,0.0,0.0
2012-09-10 00:00:00-04:00,33.90755844116211,33.90755844116211,33.90755844116211,33.90755844116211,0,0.0,0.0
2012-09-11 00:00:00-04:00,33.90755844116211,33.90755844116211,33.90755844116211,33.90755844116211,0,0.0,0.0
2012-09-12 00:00:00-04:00,34.8157958984375,34.8157958984375,34.8157958984375,34.8157958984375,50,0.0,0.0
2012-09-13 00:00:00-04:00,34.96717383590588,37.61620211306221,34.8914855813744,37.46482849121094,270,0.0,0.0
2012-09-14 00:00:00-04:00,38.600128173828125,38.600128173828125,38.600128173828125,38.600128173828125,100,0.0,0.0
2012-09-17 00:00:00-04:00,38.600128173828125,38.600128173828125,38.600128173828125,38.600128173828125,0,0.0,0.0
2012-09-18 00:00:00-04:00,38.14599609375,38.14599609375,38.14599609375,38.14599609375,100,0.0,0.0
2012-09-19 00:00:00-04:00,38.448753356933594,38.448753356933594,38.448753356933594,38.448753356933594,10,0.0,0.0
2012-09-20 00:00:00-04:00,36.17815399169922,36.17815399169922,36.17815399169922,36.17815399169922,10,0.0,0.0
2012-09-21 00:00:00-04:00,36.17815399169922,36.17815399169922,36.17815399169922,36.17815399169922,0,0.0,0.0
2012-09-24 00:00:00-04:00,36.17815399169922,36.17815399169922,36.17815399169922,36.17815399169922,0,0.0,0.0
2012-09-25 00:00:00-04:00,36.17815399169922,36.17815399169922,36.17815399169922,36.17815399169922,0,0.0,0.0
2012-09-26 00:00:00-04:00,36.17815399169922,36.17815399169922,36.17815399169922,36.17815399169922,0,0.0,0.0
2012-09-27 00:00:00-04:00,36.17815399169922,36.17815399169922,36.17815399169922,36.17815399169922,0,0.0,0.0
2012-09-28 00:00:00-04:00,36.17815399169922,36.17815399169922,36.17815399169922,36.17815399169922,0,0.0,0.0
2012-10-01 00:00:00-04:00,36.17815399169922,36.17815399169922,36.17815399169922,36.17815399169922,0,0.0,0.0
2012-10-02 00:00:00-04:00,36.17815399169922,36.17815399169922,36.17815399169922,36.17815399169922,0,0.0,0.0
2012-10-03 00:00:00-04:00,36.17815399169922,36.17815399169922,36.17815399169922,36.17815399169922,0,0.0,0.0
2012-10-04 00:00:00-04:00,36.17815399169922,36.17815399169922,36.17815399169922,36.17815399169922,0,0.0,0.0
2012-10-05 00:00:00-04:00,36.17815399169922,36.17815399169922,36.17815399169922,36.17815399169922,0,0.0,0.0
2012-10-08 00:00:00-04:00,36.17815399169922,36.17815399169922,36.17815399169922,36.17815399169922,0,0.0,0.0
2012-10-09 00:00:00-04:00,36.17815399169922,36.17815399169922,36.17815399169922,36.17815399169922,0,0.0,0.0
2012-10-10 00:00:00-04:00,36.17815399169922,36.17815399169922,36.17815399169922,36.17815399169922,0,0.0,0.0
2012-10-11 00:00:00-04:00,36.17815399169922,36.17815399169922,36.17815399169922,36.17815399169922,0,0.0,0.0
2012-10-12 00:00:00-04:00,36.17815399169922,36.17815399169922,36.17815399169922,36.17815399169922,0,0.0,0.0
2012-10-15 00:00:00-04:00,36.17815399169922,36.17815399169922,36.17815399169922,36.17815399169922,0,0.0,0.0
2012-10-16 00:00:00-04:00,36.17815399169922,36.17815399169922,36.17815399169922,36.17815399169922,0,0.0,0.0
2012-10-17 00:00:00-04:00,36.17815399169922,36.17815399169922,36.17815399169922,36.17815399169922,0,0.0,0.0
2012-10-18 00:00:00-04:00,36.17815399169922,36.17815399169922,36.17815399169922,36.17815399169922,0,0.0,0.0
2012-10-19 00:00:00-04:00,36.17815399169922,36.17815399169922,36.17815399169922,36.17815399169922,0,0.0,0.0
2012-10-22 00:00:00-04:00,36.17815399169922,36.17815399169922,36.17815399169922,36.17815399169922,0,0.0,0.0
2012-10-23 00:00:00-04:00,36.17815399169922,36.17815399169922,36.17815399169922,36.17815399169922,0,0.0,0.0
2012-10-24 00:00:00-04:00,36.17815399169922,36.17815399169922,36.17815399169922,36.17815399169922,0,0.0,0.0
2012-10-25 00:00:00-04:00,36.17815399169922,36.17815399169922,36.17815399169922,36.17815399169922,0,0.0,0.0
2012-10-26 00:00:00-04:00,36.17815399169922,36.17815399169922,36.17815399169922,36.17815399169922,0,0.0,0.0
2012-10-31 00:00:00-04:00,36.17815399169922,36.17815399169922,36.17815399169922,36.17815399169922,0,0.0,0.0
2012-11-01 00:00:00-04:00,32.77226257324219,32.77226257324219,32.77226257324219,32.77226257324219,20,0.0,0.0
2012-11-02 00:00:00-04:00,32.77226257324219,32.77226257324219,32.77226257324219,32.77226257324219,0,0.0,0.0
2012-11-05 00:00:00-05:00,32.77226257324219,32.77226257324219,32.77226257324219,32.77226257324219,0,0.0,0.0
2012-11-06 00:00:00-05:00,32.77226257324219,32.77226257324219,32.77226257324219,32.77226257324219,0,0.0,0.0
2012-11-07 00:00:00-05:00,32.77226257324219,32.77226257324219,32.77226257324219,32.77226257324219,0,0.0,0.0
2012-11-08 00:00:00-05:00,32.77226257324219,32.77226257324219,32.77226257324219,32.77226257324219,0,0.0,0.0
2012-11-09 00:00:00-05:00,32.69656753540039,32.69656753540039,32.69656753540039,32.69656753540039,100,0.0,0.0
2012-11-12 00:00:00-05:00,32.69656753540039,32.69656753540039,32.69656753540039,32.69656753540039,0,0.0,0.0
2012-11-13 00:00:00-05:00,32.620887756347656,32.620887756347656,32.620887756347656,32.620887756347656,10,0.0,0.0
2012-11-14 00:00:00-05:00,32.77226257324219,32.77226257324219,32.77226257324219,32.77226257324219,10,0.0,0.0
2012-11-15 00:00:00-05:00,31.485589981079105,31.485589981079105,31.485589981079105,31.4855899810791,10,0.0,0.0
2012-11-16 00:00:00-05:00,31.485589981079105,31.485589981079105,31.485589981079105,31.4855899810791,0,0.0,0.0
2012-11-19 00:00:00-05:00,31.485589981079105,31.485589981079105,31.485589981079105,31.4855899810791,0,0.0,0.0
2012-11-20 00:00:00-05:00,31.485589981079105,31.485589981079105,31.485589981079105,31.4855899810791,0,0.0,0.0
2012-11-21 00:00:00-05:00,29.74480127292984,29.74480127292984,29.593427658081055,29.593427658081055,70,0.0,0.0
2012-11-23 00:00:00-05:00,29.44205284118652,29.44205284118652,29.44205284118652,29.442052841186523,50,0.0,0.0
2012-11-26 00:00:00-05:00,29.744802474975582,29.744802474975582,29.744802474975582,29.744802474975586,10,0.0,0.0
2012-11-27 00:00:00-05:00,29.063621665233544,29.139307022094727,29.063621665233544,29.139307022094727,20,0.0,0.0
2012-11-28 00:00:00-05:00,29.139307022094727,29.139307022094727,29.139307022094727,29.139307022094727,0,0.0,0.0
2012-11-29 00:00:00-05:00,29.063627243041992,29.063627243041992,29.063627243041992,29.063627243041992,670,0.0,0.0
2012-11-30 00:00:00-05:00,29.063627243041992,29.063627243041992,29.063627243041992,29.063627243041992,0,0.0,0.0
2012-12-03 00:00:00-05:00,29.063627243041992,29.063627243041992,29.063627243041992,29.063627243041992,0,0.0,0.0
2012-12-04 00:00:00-05:00,27.852637601036566,27.852637601036566,27.474205017089844,27.474205017089844,70,0.0,0.0
2012-12-05 00:00:00-05:00,27.474205017089844,27.474205017089844,27.474205017089844,27.474205017089844,0,0.0,0.0
2012-12-06 00:00:00-05:00,26.111846923828125,26.111846923828125,26.111846923828125,26.111846923828125,300,0.0,0.0
2012-12-07 00:00:00-05:00,26.111846923828125,26.111846923828125,26.111846923828125,26.111846923828125,0,0.0,0.0
2012-12-10 00:00:00-05:00,25.657732009887695,25.657732009887695,25.657732009887695,25.657732009887695,50,0.0,0.0
2012-12-11 00:00:00-05:00,25.657732009887695,25.657732009887695,25.657732009887695,25.657732009887695,0,0.0,0.0
2012-12-12 00:00:00-05:00,26.86871337890625,26.86871337890625,26.86871337890625,26.86871337890625,300,0.0,0.0
2012-12-13 00:00:00-05:00,26.86871337890625,26.86871337890625,26.86871337890625,26.86871337890625,0,0.0,0.0
2012-12-14 00:00:00-05:00,26.86871337890625,26.86871337890625,26.86871337890625,26.86871337890625,0,0.0,0.0
2012-12-17 00:00:00-05:00,26.490287660952344,26.490287660952344,26.414602279663086,26.414602279663086,320,0.0,0.0
2012-12-18 00:00:00-05:00,26.414602279663086,26.414602279663086,26.414602279663086,26.414602279663086,0,0.0,0.0
2012-12-19 00:00:00-05:00,27.92832374572754,27.92832374572754,27.92832374572754,27.92832374572754,320,0.0,0.0
2012-12-20 00:00:00-05:00,27.92832374572754,27.92832374572754,27.92832374572754,27.92832374572754,0,0.0,0.0
2012-12-21 00:00:00-05:00,27.92832374572754,27.92832374572754,27.92832374572754,27.92832374572754,0,0.0,0.0
2012-12-24 00:00:00-05:00,27.92832374572754,27.92832374572754,27.92832374572754,27.92832374572754,0,0.0,0.0
2012-12-26 00:00:00-05:00,27.92832374572754,27.92832374572754,27.92832374572754,27.92832374572754,0,0.0,0.0
2012-12-27 00:00:00-05:00,29.517738194493067,29.517738194493067,28.306755218321403,29.442052841186523,590,0.0,0.0
2012-12-28 00:00:00-05:00,29.366369247436523,29.517742865213275,29.366369247436523,29.366369247436523,300,0.0,0.0
2012-12-31 00:00:00-05:00,28.53381622143523,28.53381622143523,28.458127975463867,28.458127975463867,800,0.0,0.0
2013-01-02 00:00:00-05:00,30.123234991557908,30.35029397870603,30.123234991557908,30.274608612060547,90,0.0,0.0
2013-01-03 00:00:00-05:00,30.274608612060547,30.274608612060547,30.274608612060547,30.274608612060547,0,0.0,0.0
2013-01-04 00:00:00-05:00,30.653032302856445,30.653032302856445,30.653032302856445,30.653032302856445,100,0.0,0.0
2013-01-07 00:00:00-05:00,30.350296020507812,30.350296020507812,30.350296020507812,30.350296020507812,200,0.0,0.0
2013-01-08 00:00:00-05:00,30.350296020507812,30.350296020507812,30.350296020507812,30.350296020507812,10,0.0,0.0
2013-01-09 00:00:00-05:00,30.350296020507812,30.350296020507812,30.350296020507812,30.350296020507812,0,0.0,0.0
2013-01-10 00:00:00-05:00,30.350296020507812,30.350296020507812,30.350296020507812,30.350296020507812,0,0.0,0.0
2013-01-11 00:00:00-05:00,29.290679394017506,29.517738342285156,29.290679394017506,29.517738342285156,180,0.0,0.0
2013-01-14 00:00:00-05:00,29.517738342285156,29.517738342285156,29.517738342285156,29.517738342285156,0,0.0,0.0
2013-01-15 00:00:00-05:00,29.517738342285156,29.517738342285156,29.517738342285156,29.517738342285156,0,0.0,0.0
2013-01-16 00:00:00-05:00,29.517738342285156,29.517738342285156,29.517738342285156,29.517738342285156,0,0.0,0.0
2013-01-17 00:00:00-05:00,29.517738342285156,29.517738342285156,29.517738342285156,29.517738342285156,0,0.0,0.0
2013-01-18 00:00:00-05:00,29.517738342285156,29.517738342285156,29.517738342285156,29.517738342285156,0,0.0,0.0
2013-01-22 00:00:00-05:00,29.517738342285156,29.517738342285156,29.517738342285156,29.517738342285156,0,0.0,0.0
2013-01-23 00:00:00-05:00,29.517738342285156,29.517738342285156,29.517738342285156,29.517738342285156,0,0.0,0.0
2013-01-24 00:00:00-05:00,29.517738342285156,29.517738342285156,29.517738342285156,29.517738342285156,0,0.0,0.0
2013-01-25 00:00:00-05:00,29.517738342285156,29.517738342285156,29.517738342285156,29.517738342285156,0,0.0,0.0
2013-01-28 00:00:00-05:00,29.517738342285156,29.517738342285156,29.517738342285156,29.517738342285156,0,0.0,0.0
2013-01-29 00:00:00-05:00,29.517738342285156,29.517738342285156,29.517738342285156,29.517738342285156,0,0.0,0.0
2013-01-30 00:00:00-05:00,29.517738342285156,29.517738342285156,29.517738342285156,29.517738342285156,0,0.0,0.0
2013-01-31 00:00:00-05:00,29.517738342285156,29.517738342285156,29.517738342285156,29.517738342285156,0,0.0,0.0
2013-02-01 00:00:00-05:00,29.517738342285156,29.517738342285156,29.517738342285156,29.517738342285156,0,0.0,0.0
2013-02-04 00:00:00-05:00,30.50166130065918,30.50166130065918,30.50166130065918,30.50166130065918,600,0.0,0.0
2013-02-05 00:00:00-05:00,30.50166130065918,30.50166130065918,30.50166130065918,30.50166130065918,0,0.0,0.0
2013-02-06 00:00:00-05:00,30.80441093444824,30.80441093444824,30.80441093444824,30.804410934448242,50,0.0,0.0
2013-02-07 00:00:00-05:00,30.80441093444824,30.80441093444824,30.80441093444824,30.804410934448242,0,0.0,0.0
2013-02-08 00:00:00-05:00,30.80441093444824,30.80441093444824,30.80441093444824,30.804410934448242,0,0.0,0.0
2013-02-11 00:00:00-05:00,30.80441093444824,30.80441093444824,30.80441093444824,30.804410934448242,0,0.0,0.0
2013-02-12 00:00:00-05:00,30.80441093444824,30.80441093444824,30.80441093444824,30.804410934448242,0,0.0,0.0
2013-02-13 00:00:00-05:00,29.139307022094727,29.139307022094727,29.139307022094727,29.139307022094727,50,0.0,0.0
2013-02-14 00:00:00-05:00,29.139307022094727,29.139307022094727,29.139307022094727,29.139307022094727,0,0.0,0.0
2013-02-15 00:00:00-05:00,29.139307022094727,29.139307022094727,29.139307022094727,29.139307022094727,0,0.0,0.0
2013-02-19 00:00:00-05:00,28.382445578082958,28.5338191986084,28.07969833703207,28.5338191986084,220,0.0,0.0
2013-02-20 00:00:00-05:00,28.5338191986084,28.5338191986084,28.5338191986084,28.5338191986084,0,0.0,0.0
2013-02-21 00:00:00-05:00,28.5338191986084,28.5338191986084,28.5338191986084,28.5338191986084,0,0.0,0.0
2013-02-22 00:00:00-05:00,28.5338191986084,28.5338191986084,28.5338191986084,28.5338191986084,0,0.0,0.0
2013-02-25 00:00:00-05:00,27.398515701293945,27.398515701293945,27.398515701293945,27.398515701293945,20,0.0,0.0
2013-02-26 00:00:00-05:00,27.398515701293945,27.398515701293945,27.398515701293945,27.398515701293945,0,0.0,0.0
2013-02-27 00:00:00-05:00,27.398515701293945,27.398515701293945,27.398515701293945,27.398515701293945,0,0.0,0.0
2013-02-28 00:00:00-05:00,27.398515701293945,27.398515701293945,27.398515701293945,27.398515701293945,0,0.0,0.0
2013-03-01 00:00:00-05:00,27.398515701293945,27.398515701293945,27.398515701293945,27.398515701293945,0,0.0,0.0
2013-03-04 00:00:00-05:00,27.398515701293945,27.398515701293945,27.398515701293945,27.398515701293945,0,0.0,0.0
2013-03-05 00:00:00-05:00,27.398515701293945,27.398515701293945,27.398515701293945,27.398515701293945,0,0.0,0.0
2013-03-06 00:00:00-05:00,26.036164037992616,26.036164037992616,25.884790420532227,25.884790420532227,410,0.0,0.0
2013-03-07 00:00:00-05:00,27.020084535563605,27.020084535563605,25.960472245066516,26.565963745117188,180,0.0,0.0
2013-03-08 00:00:00-05:00,26.64165489624497,26.64165489624497,26.036163330078125,26.036163330078125,240,0.0,0.0
2013-03-11 00:00:00-04:00,26.338911056518555,26.414599316529493,25.5820457796806,26.338911056518555,510,0.0,0.0
2013-03-12 00:00:00-04:00,26.111846923828125,26.111846923828125,26.111846923828125,26.111846923828125,40,0.0,0.0
2013-03-13 00:00:00-04:00,26.111846923828125,26.111846923828125,26.111846923828125,26.111846923828125,0,0.0,0.0
2013-03-14 00:00:00-04:00,26.111846923828125,26.111846923828125,26.111846923828125,26.111846923828125,0,0.0,0.0
2013-03-15 00:00:00-04:00,26.111846923828125,26.111846923828125,26.111846923828125,26.111846923828125,0,0.0,0.0
2013-03-18 00:00:00-04:00,25.65772834030213,25.733413696289062,25.58204009710393,25.733413696289062,340,0.0,0.0
2013-03-19 00:00:00-04:00,25.884790420532227,25.884790420532227,25.884790420532227,25.884790420532227,110,0.0,0.0
2013-03-20 00:00:00-04:00,25.43067169189453,25.43067169189453,25.27930094900461,25.43067169189453,620,0.0,0.0
2013-03-21 00:00:00-04:00,25.96047592163086,25.96047592163086,25.96047592163086,25.96047592163086,300,0.0,0.0
2013-03-22 00:00:00-04:00,25.884790556110048,25.96047592163086,25.884790556110048,25.96047592163086,150,0.0,0.0
2013-03-25 00:00:00-04:00,25.96047592163086,25.96047592163086,25.96047592163086,25.96047592163086,0,0.0,0.0
2013-03-26 00:00:00-04:00,25.96047592163086,25.96047592163086,25.96047592163086,25.96047592163086,0,0.0,0.0
2013-03-27 00:00:00-04:00,25.96047592163086,25.96047592163086,25.96047592163086,25.96047592163086,0,0.0,0.0
2013-03-28 00:00:00-04:00,25.96047592163086,25.96047592163086,25.96047592163086,25.96047592163086,0,0.0,0.0
2013-04-01 00:00:00-04:00,26.036163330078125,26.036163330078125,26.036163330078125,26.036163330078125,150,0.0,0.0
2013-04-02 00:00:00-04:00,25.657730740322403,26.111848693144655,25.657730740322403,26.036163330078125,150,0.0,0.0
2013-04-03 00:00:00-04:00,24.976556470317227,25.052241850190896,23.462825775146484,23.462825775146484,500,0.0,0.0
2013-04-04 00:00:00-04:00,23.311445236206055,23.311445236206055,23.311445236206055,23.311445236206055,50,0.0,0.0
2013-04-05 00:00:00-04:00,23.462824416094435,24.446748733520508,23.462824416094435,24.446748733520508,60,0.0,0.0
2013-04-08 00:00:00-04:00,23.53851318359375,23.53851318359375,23.53851318359375,23.53851318359375,20,0.0,0.0
2013-04-09 00:00:00-04:00,24.446748733520508,24.446748733520508,24.446748733520508,24.446748733520508,250,0.0,0.0
2013-04-10 00:00:00-04:00,24.446748733520508,24.446748733520508,24.446748733520508,24.446748733520508,0,0.0,0.0
2013-04-11 00:00:00-04:00,25.506359100341797,25.506359100341797,25.506359100341797,25.506359100341797,150,0.0,0.0
2013-04-12 00:00:00-04:00,23.53850425018192,23.53850425018192,22.55457878112793,22.55457878112793,370,0.0,0.0
2013-04-15 00:00:00-04:00,22.55457878112793,22.55457878112793,22.55457878112793,22.55457878112793,0,0.0,0.0
2013-04-16 00:00:00-04:00,22.55457878112793,22.55457878112793,22.55457878112793,22.55457878112793,0,0.0,0.0
2013-04-17 00:00:00-04:00,19.905555725097656,19.905555725097656,19.905555725097656,19.905555725097656,1620,0.0,0.0
2013-04-18 00:00:00-04:00,19.905555725097656,19.905555725097656,19.905555725097656,19.905555725097656,0,0.0,0.0
2013-04-19 00:00:00-04:00,19.527122497558594,19.527122497558594,19.527122497558594,19.527122497558594,10,0.0,0.0
2013-04-22 00:00:00-04:00,20.359673854989587,20.359673854989587,19.9055544403864,20.283987045288086,330,0.0,0.0
2013-04-23 00:00:00-04:00,19.527124279376576,19.527124279376576,19.451438903808594,19.451438903808594,750,0.0,0.0
2013-04-24 00:00:00-04:00,20.738107681274414,20.738107681274414,20.738107681274414,20.738107681274414,300,0.0,0.0
2013-04-25 00:00:00-04:00,22.251837373797866,22.327524185180664,22.251837373797866,22.327524185180664,2100,0.0,0.0
2013-04-26 00:00:00-04:00,22.705954901984924,22.705954901984924,22.47889593040737,22.630268096923828,1630,0.0,0.0
2013-04-29 00:00:00-04:00,23.387138221343662,23.614198684692383,23.387138221343662,23.614198684692383,640,0.0,0.0
2013-04-30 00:00:00-04:00,23.689880985801445,24.068313598632812,23.689880985801445,24.068313598632812,80,0.0,0.0
2013-05-01 00:00:00-04:00,22.327522320285176,22.705954901984924,22.327522320285176,22.630268096923828,2110,0.0,0.0
2013-05-02 00:00:00-04:00,23.084384913972816,23.235758507244373,22.478893428097724,22.55457878112793,680,0.0,0.0
2013-05-03 00:00:00-04:00,22.705956104748036,22.78164291381836,22.705956104748036,22.78164291381836,930,0.0,0.0
2013-05-06 00:00:00-04:00,22.70595932006836,22.70595932006836,22.70595932006836,22.70595932006836,110,0.0,0.0
2013-05-07 00:00:00-04:00,22.78164613985646,22.78164613985646,22.554585680492167,22.70595932006836,500,0.0,0.0
2013-05-08 00:00:00-04:00,22.705957403621706,22.705957403621706,22.25183796682809,22.40321159362793,1780,0.0,0.0
2013-05-09 00:00:00-04:00,20.81379437184814,21.49497280802381,19.451437499496805,20.965167999267578,750,0.0,0.0
2013-05-10 00:00:00-04:00,22.251840930288676,23.689884801979662,22.251840930288676,23.462825775146484,1390,0.0,0.0
2013-05-13 00:00:00-04:00,23.84125518798828,23.84125518798828,23.84125518798828,23.84125518798828,930,0.0,0.0
2013-05-14 00:00:00-04:00,23.84125518798828,23.84125518798828,23.84125518798828,23.84125518798828,0,0.0,0.0
2013-05-15 00:00:00-04:00,23.84125518798828,23.84125518798828,23.84125518798828,23.84125518798828,0,0.0,0.0
2013-05-16 00:00:00-04:00,23.84125518798828,23.84125518798828,23.84125518798828,23.84125518798828,0,0.0,0.0
2013-05-17 00:00:00-04:00,23.462820065384424,23.462820065384424,22.25183551522408,22.630268096923828,1660,0.0,0.0
2013-05-20 00:00:00-04:00,22.630268096923828,22.630268096923828,22.630268096923828,22.630268096923828,0,0.0,0.0
2013-05-21 00:00:00-04:00,22.85732854112346,23.765565872192383,22.85732854112346,23.765565872192383,450,0.0,0.0
2013-05-22 00:00:00-04:00,23.916944525551305,23.916944525551305,23.311451400227423,23.614198684692383,890,0.0,0.0
2013-05-23 00:00:00-04:00,23.689884062202584,23.689884062202584,23.614198684692383,23.614198684692383,830,0.0,0.0
2013-05-24 00:00:00-04:00,23.38713264465332,23.38713264465332,23.38713264465332,23.38713264465332,300,0.0,0.0
2013-05-28 00:00:00-04:00,23.160078048706055,23.160078048706055,23.160078048706055,23.160078048706055,1170,0.0,0.0
2013-05-29 00:00:00-04:00,22.78164291381836,22.78164291381836,22.78164291381836,22.78164291381836,1000,0.0,0.0
2013-05-30 00:00:00-04:00,22.78164725104087,23.462825775146484,22.63027360408136,23.462825775146484,670,0.0,0.0
2013-05-31 00:00:00-04:00,23.462825775146484,23.462825775146484,23.462825775146484,23.462825775146484,0,0.0,0.0
2013-06-03 00:00:00-04:00,23.538505494043168,23.538505494043168,23.235759735107422,23.235759735107422,820,0.0,0.0
2013-06-04 00:00:00-04:00,23.23576561497903,23.23576561497903,22.70595932006836,22.70595932006836,380,0.0,0.0
2013-06-05 00:00:00-04:00,22.70595932006836,22.70595932006836,22.70595932006836,22.70595932006836,0,0.0,0.0
2013-06-06 00:00:00-04:00,22.40321031207256,23.008701897423517,22.251836693931914,22.78164291381836,2930,0.0,0.0
2013-06-07 00:00:00-04:00,22.78164291381836,22.78164291381836,22.78164291381836,22.78164291381836,0,0.0,0.0
2013-06-10 00:00:00-04:00,23.160072934472073,23.235759735107422,23.084386133836723,23.235759735107422,100,0.0,0.0
2013-06-11 00:00:00-04:00,23.311445841584693,23.46281944772195,23.311445841584693,23.38713264465332,900,0.0,0.0
2013-06-12 00:00:00-04:00,23.235759735107422,23.235759735107422,23.235759735107422,23.235759735107422,250,0.0,0.0
2013-06-13 00:00:00-04:00,23.53851318359375,23.53851318359375,23.53851318359375,23.53851318359375,70,0.0,0.0
2013-06-14 00:00:00-04:00,23.53851318359375,23.53851318359375,23.53851318359375,23.53851318359375,0,0.0,0.0
2013-06-17 00:00:00-04:00,23.53851318359375,23.53851318359375,23.53851318359375,23.53851318359375,0,0.0,0.0
2013-06-18 00:00:00-04:00,22.78164613985646,22.78164613985646,22.403213484521984,22.70595932006836,1630,0.0,0.0
2013-06-19 00:00:00-04:00,22.781644217021622,22.781644217021622,22.32752478022801,22.40321159362793,1200,0.0,0.0
2013-06-20 00:00:00-04:00,21.343598717960685,21.419284081304856,21.267911911010742,21.267911911010742,580,0.0,0.0
2013-06-21 00:00:00-04:00,21.267911911010742,21.267911911010742,21.267911911010742,21.267911911010742,0,0.0,0.0
2013-06-24 00:00:00-04:00,20.056932979159885,20.435365676879883,19.82987393797036,20.435365676879883,830,0.0,0.0
2013-06-25 00:00:00-04:00,20.435365676879883,20.435365676879883,20.435365676879883,20.435365676879883,0,0.0,0.0
2013-06-26 00:00:00-04:00,20.20829963684082,20.20829963684082,20.20829963684082,20.20829963684082,400,0.0,0.0
2013-06-27 00:00:00-04:00,20.586732870542285,20.586732870542285,19.754180908203125,19.754180908203125,280,0.0,0.0
2013-06-28 00:00:00-04:00,19.754180908203125,19.754180908203125,19.754180908203125,19.754180908203125,0,0.0,0.0
2013-07-01 00:00:00-04:00,19.754180908203125,19.754180908203125,19.754180908203125,19.754180908203125,0,0.0,0.0
2013-07-02 00:00:00-04:00,20.05692922897727,20.359675041825557,20.05692922897727,20.13261604309082,4410,0.0,0.0
2013-07-03 00:00:00-04:00,20.35967374469826,20.51104736328125,20.35967374469826,20.51104736328125,150,0.0,0.0
2013-07-05 00:00:00-04:00,19.754182934361662,19.754182934361662,19.14868987982602,19.527122497558594,550,0.0,0.0
2013-07-08 00:00:00-04:00,19.527122497558594,19.527122497558594,19.527122497558594,19.527122497558594,0,0.0,0.0
2013-07-09 00:00:00-04:00,19.224376678466797,19.37575030289488,19.224376678466797,19.224376678466797,1280,0.0,0.0
2013-07-10 00:00:00-04:00,19.224376678466797,19.224376678466797,19.224376678466797,19.224376678466797,0,0.0,0.0
2013-07-11 00:00:00-04:00,20.51104736328125,20.51104736328125,20.51104736328125,20.51104736328125,520,0.0,0.0
2013-07-12 00:00:00-04:00,20.35967637465955,20.35967637465955,20.056930541992188,20.056930541992188,320,0.0,0.0
2013-07-15 00:00:00-04:00,20.056930541992188,20.056930541992188,20.056930541992188,20.056930541992188,0,0.0,0.0
2013-07-16 00:00:00-04:00,19.527122483717086,19.527122483717086,19.148689866252756,19.224376678466797,1100,0.0,0.0
2013-07-17 00:00:00-04:00,19.30006293449283,19.30006293449283,17.710645698225196,18.013391494750977,1150,0.0,0.0
2013-07-18 00:00:00-04:00,18.013393432082026,18.089080250255005,17.02946912665124,17.10515594482422,1220,0.0,0.0
2013-07-19 00:00:00-04:00,16.423981393521256,16.651040458697324,16.423981393521256,16.575353622436523,870,0.0,0.0
2013-07-22 00:00:00-04:00,17.029465976245003,17.483585357666016,16.802407007337358,17.483585357666016,2480,0.0,0.0
2013-07-23 00:00:00-04:00,17.332211147674926,17.40789794921875,17.332211147674926,17.40789794921875,570,0.0,0.0
2013-07-24 00:00:00-04:00,17.40789794921875,17.40789794921875,17.40789794921875,17.40789794921875,0,0.0,0.0
2013-07-25 00:00:00-04:00,18.013390823713994,18.467510223388672,18.013390823713994,18.467510223388672,960,0.0,0.0
2013-07-26 00:00:00-04:00,18.08907699584961,18.08907699584961,18.08907699584961,18.08907699584961,300,0.0,0.0
2013-07-29 00:00:00-04:00,17.7863325082581,18.013391494750977,17.7863325082581,18.013391494750977,1540,0.0,0.0
2013-07-30 00:00:00-04:00,18.16476180705618,18.16476180705618,17.78632926940918,17.78632926940918,720,0.0,0.0
2013-07-31 00:00:00-04:00,17.862013791840727,19.072998046875,17.786327005225075,19.072998046875,300,0.0,0.0
2013-08-01 00:00:00-04:00,18.921632766723633,19.224378602270008,18.921632766723633,18.921632766723633,1790,0.0,0.0
2013-08-02 00:00:00-04:00,18.013390191293443,18.16476380040578,18.013390191293443,18.08907699584961,440,0.0,0.0
2013-08-05 00:00:00-04:00,18.08907699584961,18.08907699584961,18.08907699584961,18.08907699584961,0,0.0,0.0
2013-08-06 00:00:00-04:00,17.71065088760897,17.71065088760897,17.332218170166016,17.332218170166016,1310,0.0,0.0
2013-08-07 00:00:00-04:00,17.786333674847384,18.01339267623285,17.559274673461914,17.559274673461914,760,0.0,0.0
2013-08-08 00:00:00-04:00,17.937707880006332,18.997318993124356,17.937707880006332,18.845945358276367,4570,0.0,0.0
2013-08-09 00:00:00-04:00,18.770259857177734,18.770259857177734,18.618887655320247,18.770259857177734,1750,0.0,0.0
2013-08-12 00:00:00-04:00,18.921625882166918,19.829864501953125,18.921625882166918,19.829864501953125,3160,0.0,0.0
2013-08-13 00:00:00-04:00,19.678500281439888,20.435365676879883,19.678500281439888,20.435365676879883,370,0.0,0.0
2013-08-14 00:00:00-04:00,19.829870345173678,19.829870345173678,19.300064086914062,19.300064086914062,2550,0.0,0.0
2013-08-15 00:00:00-04:00,19.37575030289488,19.527122483717086,18.31613926271593,19.224376678466797,12810,0.0,0.0
2013-08-16 00:00:00-04:00,19.527121191451986,19.602807998657227,19.073003235432086,19.602807998657227,10020,0.0,0.0
2013-08-19 00:00:00-04:00,19.754182934361662,20.13261555209424,19.527122497558594,19.527122497558594,8430,0.0,0.0
2013-08-20 00:00:00-04:00,19.527123086964803,19.60280990151702,19.300064086914062,19.300064086914062,5890,0.0,0.0
2013-08-21 00:00:00-04:00,19.148691627112644,19.602811098550564,19.07300625154466,19.451438903808594,5060,0.0,0.0
2013-08-22 00:00:00-04:00,19.451438903808594,19.678497917724552,19.375752084634605,19.451438903808594,2210,0.0,0.0
2013-08-23 00:00:00-04:00,19.375748329285848,20.056926682615803,19.375748329285848,19.754180908203125,3130,0.0,0.0
2013-08-26 00:00:00-04:00,19.90555439205183,19.98124120156955,19.45143642215715,19.678495407104492,3460,0.0,0.0
2013-08-27 00:00:00-04:00,19.905552428631957,20.43535859939179,19.905552428631957,20.20829963684082,2950,0.0,0.0
2013-08-28 00:00:00-04:00,19.829864501953125,20.056923435096934,19.678490917453594,19.829864501953125,1280,0.0,0.0
2013-08-29 00:00:00-04:00,19.527121191451986,19.602807998657227,19.375749020647277,19.602807998657227,1070,0.0,0.0
2013-08-30 00:00:00-04:00,19.527121788069053,19.678495407104492,19.45143642215715,19.678495407104492,2040,0.0,0.0
2013-09-03 00:00:00-04:00,19.905553783872417,20.0569273982829,19.602807998657227,19.602807998657227,1380,0.0,0.0
2013-09-04 00:00:00-04:00,19.678493466080983,20.20829963684082,19.678493466080983,20.20829963684082,2930,0.0,0.0
2013-09-05 00:00:00-04:00,19.829867712707728,19.981239878111204,19.678494103698526,19.754180908203125,1580,0.0,0.0
2013-09-06 00:00:00-04:00,19.981242414863726,20.13261604309082,19.905555600750176,20.13261604309082,3660,0.0,0.0
2013-09-09 00:00:00-04:00,20.056930541992188,20.511050012796233,20.056930541992188,20.056930541992188,3110,0.0,0.0
2013-09-10 00:00:00-04:00,20.056930541992188,20.056930541992188,19.82987152839317,20.056930541992188,2970,0.0,0.0
2013-09-11 00:00:00-04:00,19.829871556072526,19.829871556072526,19.451438903808594,19.451438903808594,2010,0.0,0.0
2013-09-12 00:00:00-04:00,19.22437017650092,19.30005696311657,18.618878770786473,19.072998046875,4290,0.0,0.0
2013-09-13 00:00:00-04:00,19.148686608191934,19.224373407528216,18.997314453125,18.997314453125,890,0.0,0.0
2013-09-16 00:00:00-04:00,19.602812020015165,19.602812020015165,18.770259857177734,18.770259857177734,2720,0.0,0.0
2013-09-17 00:00:00-04:00,19.0730045111642,19.527122497558594,18.921630886628822,19.527122497558594,4570,0.0,0.0
2013-09-18 00:00:00-04:00,19.602807293326048,20.586732864379883,19.602807293326048,20.586732864379883,3100,0.0,0.0
2013-09-19 00:00:00-04:00,20.435361983596223,20.435361983596223,19.754183539530864,19.905555725097656,1400,0.0,0.0
2013-09-20 00:00:00-04:00,19.7541822409691,20.435360640256487,19.7541822409691,19.98124122619629,2990,0.0,0.0
2013-09-23 00:00:00-04:00,20.056928035807292,20.28398702103448,19.98124122619629,19.98124122619629,1390,0.0,0.0
2013-09-24 00:00:00-04:00,20.132614845418296,20.2083016550293,19.98124122619629,19.98124122619629,1310,0.0,0.0
2013-09-25 00:00:00-04:00,19.98124372292385,20.056930541992188,19.98124372292385,20.056930541992188,5080,0.0,0.0
2013-09-26 00:00:00-04:00,20.13261736106053,20.13261736106053,19.90555690385551,20.056930541992188,810,0.0,0.0
2013-09-27 00:00:00-04:00,19.98124615089465,20.66242471806941,19.98124615089465,20.435365676879883,2690,0.0,0.0
2013-09-30 00:00:00-04:00,20.586734172572747,20.662419538258426,20.283986935406766,20.51104736328125,570,0.0,0.0
2013-10-01 00:00:00-04:00,20.05692922897727,20.20830285720437,20.05692922897727,20.13261604309082,430,0.0,0.0
2013-10-02 00:00:00-04:00,19.905553073606605,19.905553073606605,19.678494103698526,19.754180908203125,690,0.0,0.0
2013-10-03 00:00:00-04:00,19.82986902613993,19.82986902613993,19.678495407104492,19.678495407104492,380,0.0,0.0
2013-10-04 00:00:00-04:00,19.754180908203125,19.905553073606605,19.754180908203125,19.754180908203125,560,0.0,0.0
2013-10-07 00:00:00-04:00,19.678494103698526,19.981239878111204,19.678494103698526,19.754180908203125,3350,0.0,0.0
2013-10-08 00:00:00-04:00,19.678490917453594,19.829864501953125,19.678490917453594,19.829864501953125,770,0.0,0.0
2013-10-09 00:00:00-04:00,18.99731713796705,19.67849554105151,18.013391494750977,18.013391494750977,1560,0.0,0.0
2013-10-10 00:00:00-04:00,18.164768044019443,18.84594655694896,18.164768044019443,18.6945743560791,1610,0.0,0.0
2013-10-11 00:00:00-04:00,18.845945946935537,18.997319586511733,18.845945946935537,18.921632766723633,1200,0.0,0.0
2013-10-14 00:00:00-04:00,18.921632766723633,18.921632766723633,18.921632766723633,18.921632766723633,0,0.0,0.0
2013-10-15 00:00:00-04:00,18.921629623063346,18.921629623063346,18.31613805256763,18.467510223388672,2770,0.0,0.0
2013-10-16 00:00:00-04:00,18.46751271476236,18.845945358276367,18.46751271476236,18.845945358276367,170,0.0,0.0
2013-10-17 00:00:00-04:00,19.14869178248191,19.224378602270008,18.921632766723633,18.921632766723633,1980,0.0,0.0
2013-10-18 00:00:00-04:00,18.921633502641296,19.148692527230562,18.770259857177734,18.770259857177734,240,0.0,0.0
2013-10-21 00:00:00-04:00,18.845945365388836,18.997319000293956,18.54319953918457,18.54319953918457,1940,0.0,0.0
2013-10-22 00:00:00-04:00,19.072998046875,19.072998046875,18.845937687028044,19.072998046875,960,0.0,0.0
2013-10-23 00:00:00-04:00,18.770259857177734,18.845946679909513,18.618887655320247,18.770259857177734,2410,0.0,0.0
2013-10-24 00:00:00-04:00,18.6945743560791,18.99732020142488,18.618887533841143,18.6945743560791,5780,0.0,0.0
2013-10-25 00:00:00-04:00,18.618886931177258,18.921632766723633,18.618886931177258,18.921632766723633,1330,0.0,0.0
2013-10-28 00:00:00-04:00,18.921624473643696,19.072998046875,18.845937687028044,19.072998046875,980,0.0,0.0
2013-10-29 00:00:00-04:00,18.77025912714744,18.921632766723633,18.694573750965358,18.921632766723633,360,0.0,0.0
2013-10-30 00:00:00-04:00,18.921633502641296,18.997320325373074,18.694574478052026,18.770259857177734,1750,0.0,0.0
2013-10-31 00:00:00-04:00,18.845945946935537,19.07300640629983,18.77025912714744,18.921632766723633,530,0.0,0.0
2013-11-01 00:00:00-04:00,18.845946679909513,19.148692527230562,18.543200832588468,18.770259857177734,3160,0.0,0.0
2013-11-04 00:00:00-05:00,18.770250900412396,19.072998046875,18.770250900412396,19.072998046875,3930,0.0,0.0
2013-11-05 00:00:00-05:00,18.921633900379632,19.37575340270996,18.770260251734154,19.37575340270996,4690,0.0,0.0
2013-11-06 00:00:00-05:00,19.073003841681714,19.98124122619629,19.073003841681714,19.98124122619629,1940,0.0,0.0
2013-11-07 00:00:00-05:00,19.75418635569169,21.040856612664026,19.75418635569169,20.889484405517578,3200,0.0,0.0
2013-11-08 00:00:00-05:00,20.81379584546359,20.81379584546359,20.056930541992188,20.056930541992188,1330,0.0,0.0
2013-11-11 00:00:00-05:00,20.66242218017578,20.738108999144668,20.208304153574467,20.66242218017578,810,0.0,0.0
2013-11-12 00:00:00-05:00,20.662423929388726,21.873408804590902,20.511051722242282,20.889484405517578,1420,0.0,0.0
2013-11-13 00:00:00-05:00,20.889478638701938,21.192224413023993,20.056926676611994,20.586732864379883,4280,0.0,0.0
2013-11-14 00:00:00-05:00,20.889479319866798,21.267911911010742,20.889479319866798,21.267911911010742,1660,0.0,0.0
2013-11-15 00:00:00-05:00,20.965170030278966,21.192229049798676,20.965170030278966,21.040855407714844,1070,0.0,0.0
2013-11-18 00:00:00-05:00,21.040856612664026,21.116543438040306,20.662423929388726,20.889484405517578,1000,0.0,0.0
2013-11-19 00:00:00-05:00,20.662418225256104,20.662418225256104,20.208300285575884,20.586732864379883,2020,0.0,0.0
2013-11-20 00:00:00-05:00,20.586739333410353,21.040857415789407,20.208306635690356,20.435365676879883,5700,0.0,0.0
2013-11-21 00:00:00-05:00,20.586734284094092,20.889480079294277,20.283987045288086,20.283987045288086,2090,0.0,0.0
2013-11-22 00:00:00-05:00,20.20829963684082,20.43535859939179,19.678493466080983,20.20829963684082,2360,0.0,0.0
2013-11-25 00:00:00-05:00,19.98123923068417,20.359671797339576,19.98123923068417,20.20829963684082,1040,0.0,0.0
2013-11-26 00:00:00-05:00,19.82987035411722,19.98124253968401,19.67849672494451,19.905555725097656,4920,0.0,0.0
2013-11-27 00:00:00-05:00,20.0569273982829,20.0569273982829,19.602807998657227,19.602807998657227,610,0.0,0.0
2013-11-29 00:00:00-05:00,18.997319432370674,19.451438903808594,18.845945794022697,19.451438903808594,770,0.0,0.0
2013-12-02 00:00:00-05:00,18.84594707605689,19.37575340270996,18.84594707605689,19.37575340270996,740,0.0,0.0
2013-12-03 00:00:00-05:00,19.300062215524612,19.300062215524612,18.467510223388672,18.467510223388672,2160,0.0,0.0
2013-12-04 00:00:00-05:00,18.46751271476236,18.845945358276367,17.937707880006332,18.845945358276367,1650,0.0,0.0
2013-12-05 00:00:00-05:00,18.845945946935537,18.921632766723633,18.467513291601065,18.921632766723633,1360,0.0,0.0
2013-12-06 00:00:00-05:00,18.391824077875718,18.543197697748653,17.559273499392074,17.71064567565918,3010,0.0,0.0
2013-12-09 00:00:00-05:00,17.634958865722712,17.71064567565918,16.7267214773026,17.71064567565918,3320,0.0,0.0
2013-12-10 00:00:00-05:00,17.862018652892953,18.54319703060208,17.029466660757013,18.467510223388672,5260,0.0,0.0
2013-12-11 00:00:00-05:00,18.618884507685117,18.618884507685117,17.559273499392074,17.71064567565918,2180,0.0,0.0
2013-12-12 00:00:00-05:00,17.634958888192294,18.013391494750977,16.878093675074926,18.013391494750977,3960,0.0,0.0
2013-12-13 00:00:00-05:00,18.31614053043286,18.54319953918457,18.31614053043286,18.54319953918457,360,0.0,0.0
2013-12-16 00:00:00-05:00,17.862021636294006,18.618886947631836,17.862021636294006,18.618886947631836,1370,0.0,0.0
2013-12-17 00:00:00-05:00,18.164764404296875,18.46751018898067,17.86201861961308,18.164764404296875,3120,0.0,0.0
2013-12-18 00:00:00-05:00,18.31613539955721,18.31613539955721,17.407896731762175,17.78632926940918,1450,0.0,0.0
2013-12-19 00:00:00-05:00,17.559274673461914,17.786333674847384,17.10515522708505,17.559274673461914,4900,0.0,0.0
2013-12-20 00:00:00-05:00,17.25652625964621,18.08907828173568,17.029467273442638,17.71064567565918,4930,0.0,0.0
2013-12-23 00:00:00-05:00,18.16476380040578,18.46750957502473,17.71064441667449,18.08907699584961,2710,0.0,0.0
2013-12-24 00:00:00-05:00,18.240451245354222,19.073003237490163,18.164764438140814,18.467510223388672,3650,0.0,0.0
2013-12-26 00:00:00-05:00,18.24045443236952,18.391826629638672,18.24045443236952,18.391826629638672,630,0.0,0.0
2013-12-27 00:00:00-05:00,18.39182277046856,18.92162895875602,18.013390191293443,18.08907699584961,4730,0.0,0.0
2013-12-30 00:00:00-05:00,18.08907690136033,18.391822674397872,17.483585355285243,18.316137313842773,4610,0.0,0.0
2013-12-31 00:00:00-05:00,18.921629587809242,18.921629587809242,17.710645005468297,18.164764404296875,5600,0.0,0.0
2014-01-02 00:00:00-05:00,18.240451211369265,18.240451211369265,18.08907759722448,18.164764404296875,3520,0.0,0.0
2014-01-03 00:00:00-05:00,18.543199532186353,18.997318993124356,18.543199532186353,18.845945358276367,4550,0.0,0.0
2014-01-06 00:00:00-05:00,18.921632766723633,19.300065422058108,18.77025912714744,18.921632766723633,1690,0.0,0.0
2014-01-07 00:00:00-05:00,18.845945365388836,18.845945365388836,18.54319953918457,18.54319953918457,780,0.0,0.0
2014-01-08 00:00:00-05:00,18.54319703060208,18.694570645028897,18.391823416175264,18.467510223388672,2750,0.0,0.0
2014-01-09 00:00:00-05:00,18.164763705521143,18.316137313842773,18.164763705521143,18.316137313842773,1420,0.0,0.0
2014-01-10 00:00:00-05:00,18.31614053043286,18.61888635663713,18.31614053043286,18.54319953918457,280,0.0,0.0
2014-01-13 00:00:00-05:00,18.77025912714744,18.921632766723633,18.618886931177258,18.921632766723633,1960,0.0,0.0
2014-01-14 00:00:00-05:00,18.921632613196685,19.451438903808594,18.921632613196685,19.451438903808594,1700,0.0,0.0
2014-01-15 00:00:00-05:00,19.224379754064483,19.451440227032702,19.224379754064483,19.37575340270996,1230,0.0,0.0
2014-01-16 00:00:00-05:00,19.148691600384105,20.056930541992188,18.997319405853425,20.056930541992188,2270,0.0,0.0
2014-01-17 00:00:00-05:00,20.20830274938219,21.949092246676223,20.20830274938219,20.965167999267578,6430,0.0,0.0
2014-01-21 00:00:00-05:00,20.586732311284603,21.49496960984953,19.75418037156249,20.813791275024414,3490,0.0,0.0
2014-01-22 00:00:00-05:00,20.51104744986749,20.51104744986749,19.98124122619629,19.98124122619629,840,0.0,0.0
2014-01-23 00:00:00-05:00,20.359677275965527,22.024781594757798,20.359677275965527,21.949094772338867,8710,0.0,0.0
2014-01-24 00:00:00-05:00,21.949096467759873,21.949096467759873,20.435365676879883,20.435365676879883,6940,0.0,0.0
2014-01-27 00:00:00-05:00,20.813793219052826,21.192225823035606,19.45143642215715,19.678495407104492,6970,0.0,0.0
2014-01-28 00:00:00-05:00,19.602811098550564,19.75418473689854,19.375752084634605,19.451438903808594,1590,0.0,0.0
2014-01-29 00:00:00-05:00,19.829869746629353,20.20830236436193,19.375750316629087,19.527122497558594,6830,0.0,0.0
2014-01-30 00:00:00-05:00,19.75418090228994,20.586732864379883,18.770255331236104,20.586732864379883,4590,0.0,0.0
2014-01-31 00:00:00-05:00,20.28398699603461,20.28398699603461,19.678495407104492,19.678495407104492,430,0.0,0.0
2014-02-03 00:00:00-05:00,20.20830418012887,20.511050012796233,20.056930541992188,20.056930541992188,790,0.0,0.0
2014-02-04 00:00:00-05:00,19.905555725097656,19.905555725097656,19.905555725097656,19.905555725097656,20,0.0,0.0
2014-02-05 00:00:00-05:00,19.678494103698526,19.905553073606605,19.678494103698526,19.754180908203125,670,0.0,0.0
2014-02-06 00:00:00-05:00,20.056928649631892,20.43536126566268,20.056928649631892,20.35967445373535,660,0.0,0.0
2014-02-07 00:00:00-05:00,20.662417670127418,20.813791275024414,20.511045508836105,20.813791275024414,860,0.0,0.0
2014-02-10 00:00:00-05:00,20.813793231271084,21.41928482055664,20.813793231271084,21.41928482055664,1040,0.0,0.0
2014-02-11 00:00:00-05:00,21.49497472434246,21.570661544799805,21.11654206566176,21.570661544799805,1130,0.0,0.0
2014-02-12 00:00:00-05:00,21.57065703041377,21.949089609894713,21.419283421179102,21.722030639648438,2440,0.0,0.0
2014-02-13 00:00:00-05:00,21.343602527033795,21.64634836525715,21.343602527033795,21.570661544799805,1990,0.0,0.0
2014-02-14 00:00:00-05:00,22.251834351579536,23.61419244061848,22.10046219297898,23.311445236206055,9450,0.0,0.0
2014-02-18 00:00:00-05:00,23.99262752460686,24.598119109869003,23.91694071554764,24.21968650817871,3200,0.0,0.0
2014-02-19 00:00:00-05:00,23.841254638413254,24.0683136289558,22.327524185180664,22.327524185180664,2880,0.0,0.0
2014-02-20 00:00:00-05:00,23.31144509213712,23.46281869340782,22.630266773630282,23.235759735107422,920,0.0,0.0
2014-02-21 00:00:00-05:00,23.61419244061848,23.61419244061848,23.084386276502393,23.311445236206055,1760,0.0,0.0
2014-02-24 00:00:00-05:00,23.84125518798828,24.673805801573003,23.76556837486079,23.84125518798828,3680,0.0,0.0
2014-02-25 00:00:00-05:00,23.765569700282878,23.765569700282878,23.084391231357458,23.160078048706055,970,0.0,0.0
2014-02-26 00:00:00-05:00,23.38713895166673,23.689884801979662,23.23576674831331,23.462825775146484,1850,0.0,0.0
2014-02-27 00:00:00-05:00,23.311452707511695,23.614200008954437,23.311452707511695,23.53851318359375,230,0.0,0.0
2014-02-28 00:00:00-05:00,23.46282009516941,23.765565872192383,23.38713329001223,23.765565872192383,970,0.0,0.0
2014-03-03 00:00:00-05:00,23.84125460837633,24.219687221207703,23.84125460837633,24.068313598632812,280,0.0,0.0
2014-03-04 00:00:00-05:00,24.14399969911949,24.522433744415594,23.689880288369977,24.21968650817871,3070,0.0,0.0
2014-03-05 00:00:00-05:00,24.06831297410551,24.06831297410551,23.61419500537605,23.68988037109375,420,0.0,0.0
2014-03-06 00:00:00-05:00,24.068314183764862,24.144000996892352,23.84125518798828,23.84125518798828,880,0.0,0.0
2014-03-07 00:00:00-05:00,23.84125460837633,24.068313598632812,23.84125460837633,24.068313598632812,3230,0.0,0.0
2014-03-10 00:00:00-04:00,24.371061325073242,24.446746694249505,24.21968769950896,24.371061325073242,470,0.0,0.0
2014-03-11 00:00:00-04:00,24.371060843782594,24.371060843782594,24.068313598632812,24.068313598632812,280,0.0,0.0
2014-03-12 00:00:00-04:00,24.143999618419542,24.825178010464107,24.143999618419542,24.749492645263672,1070,0.0,0.0
2014-03-13 00:00:00-04:00,24.598119551256588,25.657732009887695,24.598119551256588,25.657732009887695,7040,0.0,0.0
2014-03-14 00:00:00-04:00,25.733417376699197,25.733417376699197,25.430670135029832,25.657732009887695,1030,0.0,0.0
2014-03-17 00:00:00-04:00,25.65772834030213,25.809099052275997,25.58204009710393,25.733413696289062,2580,0.0,0.0
2014-03-18 00:00:00-04:00,25.58204249004434,26.111848693144655,25.58204249004434,26.036163330078125,2010,0.0,0.0
2014-03-19 00:00:00-04:00,25.506361313648284,25.506361313648284,24.219689719839415,24.446748733520508,710,0.0,0.0
2014-03-20 00:00:00-04:00,23.53850996498437,23.992629411446966,22.933016888498933,23.916942596435547,1080,0.0,0.0
2014-03-21 00:00:00-04:00,23.765568309412533,25.58204460144043,23.765568309412533,25.58204460144043,2280,0.0,0.0
2014-03-24 00:00:00-04:00,24.143997938454667,24.749490923167954,24.143997938454667,24.29537010192871,2320,0.0,0.0
2014-03-25 00:00:00-04:00,24.219687593700673,24.900867462158207,24.219687593700673,24.900867462158203,1460,0.0,0.0
2014-03-26 00:00:00-04:00,24.446748136033346,24.67380714416504,24.295374501541577,24.67380714416504,2630,0.0,0.0
2014-03-27 00:00:00-04:00,24.29537306868522,24.598120319813788,24.14400088672682,24.371061325073242,1880,0.0,0.0
2014-03-28 00:00:00-04:00,24.295370058781174,24.825176239013672,24.219684698981418,24.825176239013672,600,0.0,0.0
2014-03-31 00:00:00-04:00,24.90086504883366,25.12792402057631,24.143998441278104,24.59811782836914,2160,0.0,0.0
2014-04-01 00:00:00-04:00,24.446746694249505,24.52243495063753,24.371061325073242,24.371061325073242,1320,0.0,0.0
2014-04-02 00:00:00-04:00,24.068311649215357,24.143998454372532,23.765565872192383,23.765565872192383,1020,0.0,0.0
2014-04-03 00:00:00-04:00,23.462822668964268,23.462822668964268,22.93301641835175,23.008703231811523,1740,0.0,0.0
2014-04-04 00:00:00-04:00,22.98579390131256,23.902170181274414,22.98579390131256,23.902170181274414,3330,0.27,0.0
2014-04-07 00:00:00-04:00,23.596712274933722,23.596712274933722,23.29125350389601,23.367618560791016,760,0.0,0.0
2014-04-08 00:00:00-04:00,23.29125010151481,23.29125010151481,21.840320058630503,21.916685104370117,2090,0.0,0.0
2014-04-09 00:00:00-04:00,22.069416046142578,22.527604911930982,21.91668739524128,22.069416046142578,1280,0.0,0.0
2014-04-10 00:00:00-04:00,22.451241080217148,22.60397119597371,22.069417247368072,22.374876022338867,650,0.0,0.0
2014-04-11 00:00:00-04:00,22.298512587600772,22.298512587600772,21.993052353805478,22.145782470703125,1160,0.0,0.0
2014-04-14 00:00:00-04:00,22.145780716125635,22.60396957397461,22.145780716125635,22.60396957397461,860,0.0,0.0
2014-04-15 00:00:00-04:00,22.22215095940132,22.22215095940132,21.534868240356445,21.534868240356445,1960,0.0,0.0
2014-04-16 00:00:00-04:00,21.993050611328567,22.60396957397461,21.763956910675194,22.60396957397461,1520,0.0,0.0
2014-04-17 00:00:00-04:00,22.298509462714843,22.75669683611328,22.298509462714843,22.527603149414062,320,0.0,0.0
2014-04-21 00:00:00-04:00,22.374873053919824,22.603968197161183,22.298509462714843,22.527603149414062,300,0.0,0.0
2014-04-22 00:00:00-04:00,22.374876189507255,22.374876189507255,22.145782470703125,22.145782470703125,320,0.0,0.0
2014-04-23 00:00:00-04:00,22.8330678813797,22.8330678813797,22.29851531982422,22.29851531982422,460,0.0,0.0
2014-04-24 00:00:00-04:00,22.298512587600772,22.527606306404902,22.145782470703125,22.145782470703125,4440,0.0,0.0
2014-04-25 00:00:00-04:00,22.145782470703125,22.145782470703125,22.145782470703125,22.145782470703125,0,0.0,0.0
2014-04-28 00:00:00-04:00,22.145780030532,22.298510130600814,22.069414980497587,22.222145080566406,900,0.0,0.0
2014-04-29 00:00:00-04:00,22.374874416779008,23.062158431823587,22.374874416779008,22.60396957397461,760,0.0,0.0
2014-04-30 00:00:00-04:00,22.527604521576077,22.60396957397461,22.2985108209227,22.60396957397461,3920,0.0,0.0
2014-05-01 00:00:00-04:00,22.527604521576077,23.367617184875495,22.527604521576077,22.60396957397461,1110,0.0,0.0
2014-05-02 00:00:00-04:00,22.833060815644778,23.520343300130943,22.68033218383789,22.68033218383789,4580,0.0,0.0
2014-05-05 00:00:00-04:00,22.603967139663414,22.68033218383789,22.527602095488938,22.68033218383789,320,0.0,0.0
2014-05-06 00:00:00-04:00,22.68033447835228,22.909428177510495,22.68033447835228,22.83306312561035,230,0.0,0.0
2014-05-07 00:00:00-04:00,23.214887080078427,23.214887080078427,22.60396957397461,22.60396957397461,460,0.0,0.0
2014-05-08 00:00:00-04:00,22.45124053955078,22.756699307165576,22.374875483511506,22.45124053955078,500,0.0,0.0
2014-05-09 00:00:00-04:00,22.374878931087487,22.374878931087487,22.22215025201843,22.29851531982422,1140,0.0,0.0
2014-05-12 00:00:00-04:00,22.29851531982422,22.90943294918549,22.29851531982422,22.29851531982422,1220,0.0,0.0
2014-05-13 00:00:00-04:00,22.7566957714703,22.7566957714703,22.68033218383789,22.68033218383789,590,0.0,0.0
2014-05-14 00:00:00-04:00,22.909423557010026,23.44397735595703,22.909423557010026,23.44397735595703,2020,0.0,0.0
2014-05-15 00:00:00-04:00,23.06216158318663,23.06216158318663,22.90943145751953,22.90943145751953,140,0.0,0.0
2014-05-16 00:00:00-04:00,22.7566957714703,22.7566957714703,22.68033218383789,22.68033218383789,270,0.0,0.0
2014-05-19 00:00:00-04:00,22.603970651629325,22.603970651629325,22.374875483511506,22.45124053955078,460,0.0,0.0
2014-05-20 00:00:00-04:00,22.527604521576077,22.680334626373146,22.527604521576077,22.60396957397461,540,0.0,0.0
2014-05-21 00:00:00-04:00,22.8198299407959,22.8198299407959,22.8198299407959,22.8198299407959,0,0.28,0.0
2014-05-22 00:00:00-04:00,22.357266233880495,22.89692497253418,22.357266233880495,22.89692497253418,2450,0.0,0.0
2014-05-23 00:00:00-04:00,22.58854866027832,22.58854866027832,22.58854866027832,22.58854866027832,10,0.0,0.0
2014-05-27 00:00:00-04:00,22.665643907002895,22.974019724492017,22.35726808951377,22.434362411499023,5710,0.0,0.0
2014-05-28 00:00:00-04:00,22.357271707250586,22.357271707250586,22.12599017432195,22.203083038330078,4020,0.0,0.0
2014-05-29 00:00:00-04:00,21.817605056667333,22.1259822845459,21.74051222014929,22.1259822845459,1300,0.0,0.0
2014-05-30 00:00:00-04:00,22.125986594009902,22.434362411499023,21.971797950039395,22.434362411499023,2010,0.0,0.0
2014-06-02 00:00:00-04:00,22.66563858224242,22.742732886116173,22.203074229451442,22.280168533325195,640,0.0,0.0
2014-06-03 00:00:00-04:00,22.51145793933919,22.51145793933919,22.20308063487956,22.357269287109375,290,0.0,0.0
2014-06-04 00:00:00-04:00,22.357271707250586,22.43436604171084,22.203083038330078,22.203083038330078,1880,0.0,0.0
2014-06-05 00:00:00-04:00,22.35726808951377,22.434362411499023,22.280173767528517,22.434362411499023,370,0.0,0.0
2014-06-06 00:00:00-04:00,22.125985688207173,22.58854866027832,22.125985688207173,22.58854866027832,640,0.0,0.0
2014-06-09 00:00:00-04:00,22.74273729793659,22.819831616765722,22.58854866027832,22.58854866027832,580,0.0,0.0
2014-06-10 00:00:00-04:00,22.819833047417315,23.0511145479527,22.665644400092447,22.742738723754883,1190,0.0,0.0
2014-06-11 00:00:00-04:00,22.81983422760277,23.128210067749023,22.81983422760277,23.128210067749023,350,0.0,0.0
2014-06-12 00:00:00-04:00,23.128210067749023,23.128210067749023,22.742739899953207,23.128210067749023,400,0.0,0.0
2014-06-13 00:00:00-04:00,23.05111249001845,23.97624135047109,23.05111249001845,23.899147033691406,4080,0.0,0.0
2014-06-16 00:00:00-04:00,24.0533378114069,24.0533378114069,22.974020221182656,23.205303192138672,560,0.0,0.0
2014-06-17 00:00:00-04:00,22.819833530578467,23.051115036010742,22.819833530578467,23.051115036010742,840,0.0,0.0
2014-06-18 00:00:00-04:00,23.128208149088753,23.128208149088753,22.5885493707626,22.6656436920166,980,0.0,0.0
2014-06-19 00:00:00-04:00,22.43436108566363,23.89914723500933,22.43436108566363,23.667865753173828,2040,0.0,0.0
2014-06-20 00:00:00-04:00,23.82205291758023,23.89914723500933,23.51367711831563,23.667865753173828,2700,0.0,0.0
2014-06-23 00:00:00-04:00,23.66786865580241,23.66786865580241,23.3594913482666,23.3594913482666,340,0.0,0.0
2014-06-24 00:00:00-04:00,23.359488248653452,23.667865515270115,23.28239540245107,23.436582565307617,1930,0.0,0.0
2014-06-25 00:00:00-04:00,21.586329710852098,21.89470555548815,21.509235382080078,21.509235382080078,9740,0.0,0.0
2014-06-26 00:00:00-04:00,21.663423329071854,21.663423329071854,21.27795316830706,21.432140350341797,1500,0.0,0.0
2014-06-27 00:00:00-04:00,21.50923228146244,21.586326599121094,21.355045116596944,21.586326599121094,1580,0.0,0.0
2014-06-30 00:00:00-04:00,21.355044645903842,21.894701916716034,21.355044645903842,21.740514755249023,2570,0.0,0.0
2014-07-01 00:00:00-04:00,21.74051644768425,21.971797943115234,21.355046308331353,21.971797943115234,680,0.0,0.0
2014-07-02 00:00:00-04:00,21.89470602476033,21.97180035518472,21.586330173514813,21.817611694335938,12770,0.0,0.0
2014-07-03 00:00:00-04:00,21.817611694335938,21.817611694335938,21.663424503939204,21.817611694335938,310,0.0,0.0
2014-07-07 00:00:00-04:00,21.586329211220395,21.74051786519562,21.432140557245173,21.663423538208008,2030,0.0,0.0
2014-07-08 00:00:00-04:00,21.509235843090423,21.817611694335938,21.35504865269369,21.817611694335938,7020,0.0,0.0
2014-07-09 00:00:00-04:00,21.817610721731253,21.817610721731253,21.432140557245173,21.663423538208008,500,0.0,0.0
2014-07-10 00:00:00-04:00,21.817610721731253,21.971799375706475,21.509234884232786,21.663423538208008,1940,0.0,0.0
2014-07-11 00:00:00-04:00,21.432134796118902,21.432134796118902,21.046664735250207,21.20085334777832,1310,0.0,0.0
2014-07-14 00:00:00-04:00,20.969573072685375,21.200854533966154,20.969573072685375,21.123760223388672,1690,0.0,0.0
2014-07-15 00:00:00-04:00,20.969577582918287,20.969577582918287,20.429918763255277,20.73829460144043,12110,0.0,0.0
2014-07-16 00:00:00-04:00,20.738294120213947,20.738294120213947,20.42991828918457,20.42991828918457,12760,0.0,0.0
2014-07-17 00:00:00-04:00,20.507012614554903,20.89248277095461,20.42991828918457,20.42991828918457,810,0.0,0.0
2014-07-18 00:00:00-04:00,20.42991828918457,20.584106939925235,20.42991828918457,20.42991828918457,620,0.0,0.0
2014-07-21 00:00:00-04:00,20.507014021999634,20.738295543532075,20.42991969133814,20.584108352661133,380,0.0,0.0
2014-07-22 00:00:00-04:00,20.661203384399414,20.661203384399414,20.429921838558876,20.661203384399414,1730,0.0,0.0
2014-07-23 00:00:00-04:00,21.586329002828503,21.586329002828503,21.432140350341797,21.432140350341797,200,0.0,0.0
2014-07-24 00:00:00-04:00,21.277950286865234,21.43213744802008,21.200855971061927,21.277950286865234,4010,0.0,0.0
2014-07-25 00:00:00-04:00,21.663420439289634,21.740514755249023,21.355044645903842,21.740514755249023,6130,0.0,0.0
2014-07-28 00:00:00-04:00,21.663423329071854,21.663423329071854,21.27795316830706,21.432140350341797,270,0.0,0.0
2014-07-29 00:00:00-04:00,21.432134796118902,21.50922910238296,21.20085334777832,21.20085334777832,660,0.0,0.0
2014-07-30 00:00:00-04:00,20.969573072685375,21.200854533966154,20.969573072685375,21.123760223388672,640,0.0,0.0
2014-07-31 00:00:00-04:00,21.200859811570908,21.200859811570908,20.584108114324206,20.81538963317871,1170,0.0,0.0
2014-08-01 00:00:00-04:00,21.200854533966154,21.200854533966154,20.89247876210789,21.123760223388672,540,0.0,0.0
2014-08-04 00:00:00-04:00,20.73829460144043,20.73829460144043,20.73829460144043,20.73829460144043,140,0.0,0.0
2014-08-05 00:00:00-04:00,20.738295303409863,20.892483962947555,20.738295303409863,20.81538963317871,1280,0.0,0.0
2014-08-06 00:00:00-04:00,20.50701309041456,20.73829460144043,20.429918763255277,20.73829460144043,2280,0.0,0.0
2014-08-07 00:00:00-04:00,20.815386531937005,20.892480850219727,20.584105047540653,20.892480850219727,140,0.0,0.0
2014-08-08 00:00:00-04:00,20.738294805552435,20.96957778930664,20.661200477634367,20.96957778930664,390,0.0,0.0
2014-08-11 00:00:00-04:00,20.66119699483822,21.046667098999023,20.66119699483822,21.046667098999023,2400,0.0,0.0
2014-08-12 00:00:00-04:00,20.738291309760733,21.200855728844044,20.738291309760733,21.046667098999023,5080,0.0,0.0
2014-08-13 00:00:00-04:00,21.123760223388672,21.123760223388672,21.046665912811186,21.123760223388672,320,0.0,0.0
2014-08-14 00:00:00-04:00,21.333989457329764,21.333989457329764,20.944683074951172,20.944683074951172,740,0.27,0.0
2014-08-15 00:00:00-04:00,20.8668212890625,20.944682861762892,20.8668212890625,20.8668212890625,80,0.0,0.0
2014-08-18 00:00:00-04:00,20.944680479646543,20.944680479646543,20.555374145507812,20.555374145507812,510,0.0,0.0
2014-08-19 00:00:00-04:00,20.477517898444113,20.477517898444113,19.854628196129433,20.243934631347656,2470,0.0,0.0
2014-08-20 00:00:00-04:00,20.01034592863405,20.477512335925724,19.932484365723507,20.32179069519043,3210,0.0,0.0
2014-08-21 00:00:00-04:00,19.932489780190316,20.477517898444113,19.932489780190316,20.243934631347656,6330,0.0,0.0
2014-08-22 00:00:00-04:00,20.166073047286773,20.477517898444113,20.08821146322589,20.243934631347656,420,0.0,0.0
2014-08-25 00:00:00-04:00,20.39965523677529,21.100406435119414,20.39965523677529,21.022544860839844,5270,0.0,0.0
2014-08-26 00:00:00-04:00,21.100407309272256,21.100407309272256,20.477516174316406,20.477516174316406,470,0.0,0.0
2014-08-27 00:00:00-04:00,20.944688449597002,21.100411636543182,20.633243560791016,20.633243560791016,5840,0.0,0.0
2014-08-28 00:00:00-04:00,20.8668212890625,20.8668212890625,20.71109962874769,20.8668212890625,1780,0.0,0.0
2014-08-29 00:00:00-04:00,20.788961201448082,21.022544434463285,20.555376483346905,20.8668212890625,5760,0.0,0.0
2014-09-02 00:00:00-04:00,20.39965225810097,20.39965225810097,20.32179069519043,20.32179069519043,1080,0.0,0.0
2014-09-03 00:00:00-04:00,20.321794504391995,20.555377751821645,20.243932926886757,20.477516174316406,980,0.0,0.0
2014-09-04 00:00:00-04:00,20.555379482504996,20.711102650626763,20.243934631347656,20.243934631347656,1640,0.0,0.0
2014-09-05 00:00:00-04:00,20.477520373844836,20.633243560791016,20.24393707851194,20.633243560791016,8660,0.0,0.0
2014-09-08 00:00:00-04:00,20.55537492558163,20.55537492558163,19.854623794555664,19.854623794555664,1400,0.0,0.0
2014-09-09 00:00:00-04:00,19.62103990067495,19.854623107910157,19.465316772460938,19.465316772460938,3570,0.0,0.0
2014-09-10 00:00:00-04:00,19.387461079171768,19.7767675325089,19.387461079171768,19.69890594482422,1880,0.0,0.0
2014-09-11 00:00:00-04:00,19.621040794907962,19.932485580444336,19.46531765959684,19.932485580444336,10300,0.0,0.0
2014-09-12 00:00:00-04:00,19.621045842225804,19.7767675325089,19.621045842225804,19.69890594482422,880,0.0,0.0
2014-09-15 00:00:00-04:00,19.543175714752437,20.1660651738731,19.543175714752437,20.010343551635742,880,0.0,0.0
2014-09-16 00:00:00-04:00,19.854628196129433,20.243934631347656,19.77676661206855,20.243934631347656,3990,0.0,0.0
2014-09-17 00:00:00-04:00,20.166064983100693,20.166064983100693,20.01034336233647,20.08820343017578,2130,0.0,0.0
2014-09-18 00:00:00-04:00,20.088203620211615,20.088203620211615,19.07600787786913,20.010343551635742,1600,0.0,0.0
2014-09-19 00:00:00-04:00,20.010346168765075,20.555374145507812,19.621039834626345,20.555374145507812,1920,0.0,0.0
2014-09-22 00:00:00-04:00,19.4653219106246,19.4653219106246,18.842432203519095,19.07601547241211,10720,0.0,0.0
2014-09-23 00:00:00-04:00,18.998153704828635,19.076015288738684,18.842432022094727,18.842432022094727,2410,0.0,0.0
2014-09-24 00:00:00-04:00,18.686708854274627,18.920292120918585,18.53098568645453,18.842432022094727,3010,0.0,0.0
2014-09-25 00:00:00-04:00,18.453125372785944,18.920291900634766,18.453125372785944,18.920291900634766,5830,0.0,0.0
2014-09-26 00:00:00-04:00,18.608842537455494,19.77676154380315,18.608842537455494,19.465316772460938,6040,0.0,0.0
2014-09-29 00:00:00-04:00,19.698905028007665,20.243934631347656,19.621044929032976,20.243934631347656,9150,0.0,0.0
2014-09-30 00:00:00-04:00,20.243928978333287,20.243928978333287,19.07600999881406,19.309593200683594,7270,0.0,0.0
2014-10-01 00:00:00-04:00,19.23173457642906,20.0103472882669,18.842428220510136,18.998149871826172,6830,0.0,0.0
2014-10-02 00:00:00-04:00,19.076015066641823,19.076015066641823,18.920291900634766,18.920291900634766,16480,0.0,0.0
2014-10-03 00:00:00-04:00,18.76456768869542,19.07601249361479,18.141676593770697,18.530982971191406,7350,0.0,0.0
2014-10-06 00:00:00-04:00,18.68670367230765,19.387454763002033,18.530980547670776,19.309593200683594,5390,0.0,0.0
2014-10-07 00:00:00-04:00,19.465318639227686,19.465318639227686,18.14167637772582,18.297399520874023,5530,0.0,0.0
2014-10-08 00:00:00-04:00,18.686702728271484,18.84242584504136,18.219534863047556,18.686702728271484,1960,0.0,0.0
2014-10-09 00:00:00-04:00,18.842429261196752,18.998150921113453,18.453122883776043,18.530982971191406,840,0.0,0.0
2014-10-10 00:00:00-04:00,18.375261092448127,18.530982750510375,17.363063632156713,18.297399520874023,5180,0.0,0.0
2014-10-13 00:00:00-04:00,18.14167503293235,18.686704508463542,17.51878547668457,17.51878547668457,870,0.0,0.0
2014-10-14 00:00:00-04:00,18.141677226261113,18.453123527124706,17.285204354144305,17.596649169921875,4970,0.0,0.0
2014-10-15 00:00:00-04:00,17.752370184176787,17.83023175653701,17.12948057546692,17.20734214782715,3210,0.0,0.0
2014-10-16 00:00:00-04:00,17.129480201028027,18.21953773498535,17.129480201028027,18.21953773498535,2540,0.0,0.0
2014-10-17 00:00:00-04:00,18.3752586994038,18.68670346005422,17.985952377319336,17.985952377319336,1240,0.0,0.0
2014-10-20 00:00:00-04:00,18.141681671142578,18.219543265435295,17.90809837335082,18.141681671142578,2060,0.0,0.0
2014-10-21 00:00:00-04:00,18.219538372503354,18.453123092651367,18.141676799120685,18.453123092651367,1280,0.0,0.0
2014-10-22 00:00:00-04:00,18.06382156193625,18.37526645402073,17.985959967643534,18.141681671142578,1820,0.0,0.0
2014-10-23 00:00:00-04:00,18.375261519268697,18.60884475433072,18.375261519268697,18.453123092651367,810,0.0,0.0
2014-10-24 00:00:00-04:00,18.14167637772582,18.453122664022228,17.98595471966357,18.297399520874023,11350,0.0,0.0
2014-10-27 00:00:00-04:00,18.063815636281305,18.063815636281305,17.518786140110183,17.908092498779297,5970,0.0,0.0
2014-10-28 00:00:00-04:00,17.9859540675303,17.9859540675303,17.830230930028293,17.908092498779297,1550,0.0,0.0
2014-10-29 00:00:00-04:00,18.14167503293235,18.375259730339653,17.51878547668457,17.51878547668457,2260,0.0,0.0
2014-10-30 00:00:00-04:00,17.518782832405783,17.518782832405783,17.12947654724121,17.12947654724121,2970,0.0,0.0
2014-10-31 00:00:00-04:00,17.36305815920648,17.36305815920648,15.961556252979097,16.350862503051758,2570,0.0,0.0
2014-11-03 00:00:00-05:00,16.350867797810032,16.506590942299756,15.883699849426838,16.195144653320312,5260,0.0,0.0
2014-11-04 00:00:00-05:00,16.350870895385743,16.42873248238102,15.494396408610193,15.572257995605469,7590,0.0,0.0
2014-11-05 00:00:00-05:00,15.338673633097235,16.039424896240234,15.027227307179329,16.039424896240234,4510,0.0,0.0
2014-11-06 00:00:00-05:00,16.039425084464213,16.273008346557617,15.105089065918273,16.273008346557617,3890,0.0,0.0
2014-11-07 00:00:00-05:00,16.506588681455913,17.129478203928084,16.42872711987545,16.89589500427246,240,0.0,0.0
2014-11-10 00:00:00-05:00,17.129480580196656,17.752370189078512,17.129480580196656,17.36306381225586,1910,0.0,0.0
2014-11-11 00:00:00-05:00,17.51878547668457,17.51878547668457,17.12947913275825,17.51878547668457,2210,0.0,0.0
2014-11-12 00:00:00-05:00,17.674505940505863,17.674505940505863,16.895893370176715,17.12947654724121,4100,0.0,0.0
2014-11-13 00:00:00-05:00,17.207345566404996,17.28520715423396,17.05162239074707,17.05162239074707,1490,0.0,0.0
2014-11-14 00:00:00-05:00,17.51878471148311,18.063814163208008,17.51878471148311,18.063814163208008,1300,0.0,0.0
2014-11-17 00:00:00-05:00,17.908092280693428,18.219537066818745,17.830230712890625,17.830230712890625,5370,0.0,0.0
2014-11-18 00:00:00-05:00,18.06381077333264,18.06381077333264,17.440919876098633,17.440919876098633,2180,0.0,0.0
2014-11-19 00:00:00-05:00,17.653711459812595,18.284202067465838,17.496089935302734,17.496089935302734,2480,0.27,0.0
2014-11-20 00:00:00-05:00,18.126580758528274,18.126580758528274,17.338468551635742,17.338468551635742,900,0.0,0.0
2014-11-21 00:00:00-05:00,18.126582693145572,18.126582693145572,17.57490348815918,17.57490348815918,2550,0.0,0.0
2014-11-24 00:00:00-05:00,18.20539053498213,18.284202048758726,17.732522955527156,17.968955993652344,12050,0.0,0.0
2014-11-25 00:00:00-05:00,18.126581229774335,18.284204276532545,17.81133663946269,17.890148162841797,1750,0.0,0.0
2014-11-26 00:00:00-05:00,17.49609346162247,17.732526547642408,17.180847342656016,17.57490348815918,3850,0.0,0.0
2014-11-28 00:00:00-05:00,17.0232237808935,17.180845318602632,16.55035616135665,16.707979202270508,1130,0.0,0.0
2014-12-01 00:00:00-05:00,16.70797716023873,16.70797716023873,16.313921109319935,16.629165649414062,3240,0.0,0.0
2014-12-02 00:00:00-05:00,16.313928202459408,16.313928202459408,15.762248890026406,15.998682022094727,1150,0.0,0.0
2014-12-03 00:00:00-05:00,16.235114571057963,16.235114571057963,15.604623794555664,15.604623794555664,4730,0.0,0.0
2014-12-04 00:00:00-05:00,16.07749367213728,16.07749367213728,15.683437447314283,15.762248992919922,7420,0.0,0.0
2014-12-05 00:00:00-05:00,15.762241642649581,16.23510919256997,15.604618624941285,16.15629768371582,4330,0.0,0.0
2014-12-08 00:00:00-05:00,15.919866413693192,16.23511098062476,15.604620343556956,16.07748794555664,1560,0.0,0.0
2014-12-09 00:00:00-05:00,16.07748644601088,16.707977024272882,15.919864928848774,16.55035400390625,1610,0.0,0.0
2014-12-10 00:00:00-05:00,16.47154797132858,16.550359507720636,16.077491792573326,16.392736434936523,11520,0.0,0.0
2014-12-11 00:00:00-05:00,16.23511098062476,16.55035554755633,15.368187294159448,16.07748794555664,5120,0.0,0.0
2014-12-12 00:00:00-05:00,15.84105315150373,16.15629768371582,15.762241642649581,16.15629768371582,2670,0.0,0.0
2014-12-15 00:00:00-05:00,15.762248992919922,16.07749367213728,15.604625901708642,15.762248992919922,3240,0.0,0.0
2014-12-16 00:00:00-05:00,15.841060538525563,15.841060538525563,15.604625901708642,15.762248992919922,2680,0.0,0.0
2014-12-17 00:00:00-05:00,15.919870222994241,16.47154797132858,15.76224715021013,16.392736434936523,1540,0.0,0.0
2014-12-18 00:00:00-05:00,16.550357881891088,16.944414021936115,16.550357881891088,16.865602493286133,1140,0.0,0.0
2014-12-19 00:00:00-05:00,16.865602493286133,16.944414021936115,16.550357881891088,16.865602493286133,1650,0.0,0.0
2014-12-22 00:00:00-05:00,16.550361533833218,16.707984625913713,16.392738441752723,16.47154998779297,710,0.0,0.0
2014-12-23 00:00:00-05:00,16.392736434936523,16.47154797132858,15.919870222994241,16.392736434936523,2400,0.0,0.0
2014-12-24 00:00:00-05:00,16.629173079873464,16.629173079873464,16.392738441752723,16.47154998779297,260,0.0,0.0
2014-12-26 00:00:00-05:00,16.15629768371582,16.392730707073763,16.15629768371582,16.15629768371582,610,0.0,0.0
2014-12-29 00:00:00-05:00,16.313926401749494,16.62917104411269,16.156303328965382,16.392736434936523,1300,0.0,0.0
2014-12-30 00:00:00-05:00,16.550354138589395,16.865598678683526,16.392731116940062,16.629165649414062,1220,0.0,0.0
2014-12-31 00:00:00-05:00,16.62917104411269,16.94441568647589,16.23511486535744,16.392736434936523,3550,0.0,0.0
2015-01-02 00:00:00-05:00,16.55035400390625,16.707977024272882,16.156297956194194,16.55035400390625,2320,0.0,0.0
2015-01-05 00:00:00-05:00,16.865600459576314,17.18084503295813,16.707978924487758,16.786788940429688,6530,0.0,0.0
2015-01-06 00:00:00-05:00,17.023225550586098,17.023225550586098,16.62916941054107,16.865602493286133,2300,0.0,0.0
2015-01-07 00:00:00-05:00,16.865600459576314,16.865600459576314,16.550355886194502,16.786788940429688,380,0.0,0.0
2015-01-08 00:00:00-05:00,16.865600459576314,16.944411978722943,16.629167405341132,16.786788940429688,950,0.0,0.0
2015-01-09 00:00:00-05:00,16.62916404925551,17.417276075256204,16.62916404925551,17.02322006225586,4870,0.0,0.0
2015-01-12 00:00:00-05:00,16.944412448189475,17.496091594296143,16.550356344743207,17.338468551635742,3200,0.0,0.0
2015-01-13 00:00:00-05:00,18.126581313780065,18.520637429297025,18.126581313780065,18.205392837524414,1040,0.0,0.0
2015-01-14 00:00:00-05:00,18.67826056040135,18.757070581293714,18.52063751220703,18.52063751220703,10630,0.0,0.0
2015-01-15 00:00:00-05:00,18.599451177401647,18.993507340044882,18.284206547928054,18.67826271057129,4900,0.0,0.0
2015-01-16 00:00:00-05:00,18.83588622254735,19.4663770499328,18.757074681223532,19.308753967285156,4180,0.0,0.0
2015-01-20 00:00:00-05:00,18.599451177401647,18.67826271057129,18.047771948419136,18.67826271057129,2990,0.0,0.0
2015-01-21 00:00:00-05:00,18.52063734346508,18.52063734346508,17.890148162841797,17.890148162841797,1740,0.0,0.0
2015-01-22 00:00:00-05:00,18.126583099365234,18.363016190683677,18.126583099365234,18.126583099365234,1960,0.0,0.0
2015-01-23 00:00:00-05:00,18.04776945779546,18.126580980088974,17.732524871826172,17.732524871826172,1320,0.0,0.0
2015-01-26 00:00:00-05:00,17.96895793550195,17.96895793550195,17.732524871826172,17.732524871826172,2140,0.0,0.0
2015-01-27 00:00:00-05:00,17.732522973669827,17.732522973669827,17.338466907588273,17.496089935302734,11280,0.0,0.0
2015-01-28 00:00:00-05:00,17.732526723377923,17.732526723377923,17.417282104492188,17.417282104492188,360,0.0,0.0
2015-01-29 00:00:00-05:00,17.496097268847855,17.496097268847855,17.102041037596372,17.259662628173828,670,0.0,0.0
2015-01-30 00:00:00-05:00,17.259662628173828,17.33847417506517,17.180851081282487,17.259662628173828,1410,0.0,0.0
2015-02-02 00:00:00-05:00,17.496091594296143,17.653713133751808,17.338468551635742,17.338468551635742,1390,0.0,0.0
2015-02-03 00:00:00-05:00,17.65371334953266,17.81133639411968,17.574901827239145,17.732524871826172,8870,0.0,0.0
2015-02-04 00:00:00-05:00,17.653711459812595,17.653711459812595,17.338466907588273,17.496089935302734,2310,0.0,0.0
2015-02-05 00:00:00-05:00,17.732525116083586,17.890148162841797,17.732525116083586,17.890148162841797,1580,0.0,0.0
2015-02-06 00:00:00-05:00,17.890149425226497,17.890149425226497,17.18084716796875,17.18084716796875,7930,0.0,0.0
2015-02-09 00:00:00-05:00,17.259659043446863,17.890149784423247,17.259659043446863,17.417282104492188,2990,0.0,0.0
2015-02-10 00:00:00-05:00,17.49609328372992,17.65371483840562,17.102037142233343,17.18084716796875,170,0.0,0.0
2015-02-11 00:00:00-05:00,17.18084503295813,17.18084503295813,16.707978924487758,16.786788940429688,2920,0.0,0.0
2015-02-12 00:00:00-05:00,17.10203875926,17.10203875926,16.077491792573326,16.392736434936523,4910,0.0,0.0
2015-02-13 00:00:00-05:00,16.31391957255851,16.31391957255851,15.604617545156874,15.841052055358887,2620,0.0,0.0
2015-02-17 00:00:00-05:00,15.841060538525563,15.99868212653164,15.525815859308205,15.762248992919922,13600,0.0,0.0
2015-02-18 00:00:00-05:00,15.762248890026406,15.998682022094725,15.447004212866917,15.998682022094727,4350,0.0,0.0
2015-02-19 00:00:00-05:00,15.76224686448249,15.841058399445902,15.525813762797252,15.604623794555664,1460,0.0,0.0
2015-02-20 00:00:00-05:00,15.841052055358887,16.0774850623565,15.525807544960601,15.841052055358887,4110,0.0,0.0
2015-02-23 00:00:00-05:00,15.683437447314283,15.841060538525563,15.604625901708642,15.762248992919922,610,0.0,0.0
2015-02-24 00:00:00-05:00,15.604623794555664,15.919869934409315,15.604623794555664,15.604623794555664,2100,0.0,0.0
2015-02-25 00:00:00-05:00,15.604617545156874,15.841052055358887,15.604617545156874,15.841052055358887,660,0.0,0.0
2015-02-26 00:00:00-05:00,15.762246194355527,15.762246194355527,15.525813102722168,15.525813102722168,2740,0.0,0.0
2015-02-27 00:00:00-05:00,15.76224686448249,15.76224686448249,15.525813762797252,15.604623794555664,2850,0.0,0.0
2015-03-02 00:00:00-05:00,15.76224686448249,15.76224686448249,15.44700222783384,15.604623794555664,8440,0.0,0.0
2015-03-03 00:00:00-05:00,15.919869934409315,15.919869934409315,15.604623794555664,15.604623794555664,300,0.0,0.0
2015-03-04 00:00:00-05:00,15.762248992919922,15.762248992919922,15.683437447314283,15.762248992919922,3640,0.0,0.0
2015-03-05 00:00:00-05:00,15.762242036751806,17.259654729602318,15.762242036751806,16.629165649414062,1190,0.0,0.0
2015-03-06 00:00:00-05:00,16.156305112277067,16.313928202459408,15.919871980208748,15.998682022094727,1560,0.0,0.0
2015-03-09 00:00:00-04:00,16.235116657368238,16.235116657368238,15.919871980208748,15.998682022094727,880,0.0,0.0
2015-03-10 00:00:00-04:00,15.841060538525563,15.99868212653164,15.762248992919922,15.762248992919922,570,0.0,0.0
2015-03-11 00:00:00-04:00,15.762246194355527,15.762246194355527,15.447001571109404,15.525813102722168,720,0.0,0.0
2015-03-12 00:00:00-04:00,15.956635433279855,16.036418914794922,15.956635433279855,16.036418914794922,630,0.24,0.0
2015-03-13 00:00:00-04:00,16.036428541310215,16.036428541310215,15.876861482493496,15.956645011901855,1410,0.0,0.0
2015-03-16 00:00:00-04:00,15.797077953085136,15.956645011901855,15.797077953085136,15.956645011901855,940,0.0,0.0
2015-03-17 00:00:00-04:00,15.956635433279855,16.036418914794922,15.956635433279855,16.036418914794922,350,0.0,0.0
2015-03-18 00:00:00-04:00,15.95664248749841,16.19599151611328,15.797075453925821,16.19599151611328,1500,0.0,0.0
2015-03-19 00:00:00-04:00,15.876856608061832,16.195989105972583,15.876856608061832,16.116207122802734,1130,0.0,0.0
2015-03-20 00:00:00-04:00,16.27577174653382,17.711870193481445,16.27577174653382,17.711870193481445,1570,0.0,0.0
2015-03-23 00:00:00-04:00,17.312954192784787,17.63208667339618,16.834254710995843,16.993820190429688,2230,0.0,0.0
2015-03-24 00:00:00-04:00,16.914041852849593,17.153390884399414,16.754474817320357,17.153390884399414,3110,0.0,0.0
2015-03-25 00:00:00-04:00,17.23316665239144,17.3927320944199,17.23316665239144,17.312950134277344,1580,0.0,0.0
2015-03-26 00:00:00-04:00,17.153383170505535,17.3927320944199,17.153383170505535,17.312950134277344,690,0.0,0.0
2015-03-27 00:00:00-04:00,17.073603179117526,17.073603179117526,16.914037704467773,16.914037704467773,280,0.0,0.0
2015-03-30 00:00:00-04:00,16.993821873991894,17.1533888909776,16.594905853271484,16.594905853271484,1750,0.0,0.0
2015-03-31 00:00:00-04:00,16.914038721499903,17.233171211732333,16.83425521850586,16.83425521850586,2220,0.0,0.0
2015-04-01 00:00:00-04:00,16.914041852849593,17.233174402164032,16.834258335084975,17.153390884399414,2300,0.0,0.0
2015-04-02 00:00:00-04:00,17.153390004762134,17.153390004762134,17.073606491088867,17.073606491088867,170,0.0,0.0
2015-04-06 00:00:00-04:00,17.312957032108663,17.392739024037976,17.073606491088867,17.073606491088867,1130,0.0,0.0
2015-04-07 00:00:00-04:00,17.073598785634136,17.233165740966797,17.073598785634136,17.233165740966797,500,0.0,0.0
2015-04-08 00:00:00-04:00,17.312957032108663,17.392739024037976,16.914040985486288,17.073606491088867,2510,0.0,0.0
2015-04-09 00:00:00-04:00,16.993820190429688,17.233170692196012,16.914038211584618,16.993820190429688,3250,0.0,0.0
2015-04-10 00:00:00-04:00,16.99382173431132,16.99382173431132,16.754472732543945,16.754472732543945,1430,0.0,0.0
2015-04-13 00:00:00-04:00,16.754472732543945,16.834256240381016,16.67468922470687,16.754472732543945,1400,0.0,0.0
2015-04-14 00:00:00-04:00,16.75447375930848,16.75447375930848,16.67469024658203,16.67469024658203,960,0.0,0.0
2015-04-15 00:00:00-04:00,16.515122728273433,16.83425521850586,16.515122728273433,16.83425521850586,970,0.0,0.0
2015-04-16 00:00:00-04:00,16.914037704467773,16.914037704467773,16.914037704467773,16.914037704467773,610,0.0,0.0
2015-04-17 00:00:00-04:00,17.153387191607237,17.233170692196012,16.993820190429688,16.993820190429688,1190,0.0,0.0
2015-04-20 00:00:00-04:00,17.312949218633126,17.312949218633126,17.233165740966797,17.233165740966797,1630,0.0,0.0
2015-04-21 00:00:00-04:00,17.073605382484747,17.23317239947045,16.594905853271484,16.594905853271484,5040,0.0,0.0
2015-04-22 00:00:00-04:00,16.674688212517772,16.914038721499903,16.59490470952373,16.83425521850586,960,0.0,0.0
2015-04-23 00:00:00-04:00,16.914041852849593,17.233174402164032,16.914041852849593,17.153390884399414,1040,0.0,0.0
2015-04-24 00:00:00-04:00,16.914033352044743,17.233165740966797,16.914033352044743,17.233165740966797,670,0.0,0.0
2015-04-27 00:00:00-04:00,17.07360628847033,17.23317331392322,16.67469024658203,16.67469024658203,1320,0.0,0.0
2015-04-28 00:00:00-04:00,16.914041852849593,17.233174402164032,16.754474817320357,17.153390884399414,930,0.0,0.0
2015-04-29 00:00:00-04:00,17.153383170505535,17.312950134277344,17.153383170505535,17.312950134277344,3950,0.0,0.0
2015-04-30 00:00:00-04:00,17.23316665239144,17.3927320944199,17.153383170505535,17.312950134277344,4470,0.0,0.0
2015-05-01 00:00:00-04:00,17.153387191607237,17.312954192784787,16.993820190429688,16.993820190429688,1020,0.0,0.0
2015-05-04 00:00:00-04:00,17.073607366634796,17.31295791992865,16.99382384887018,17.153390884399414,2580,0.0,0.0
2015-05-05 00:00:00-04:00,17.312958252082563,17.39274024963379,17.233174732787276,17.39274024963379,1810,0.0,0.0
2015-05-06 00:00:00-04:00,17.392735650160688,17.552302646554097,16.914037704467773,16.914037704467773,3080,0.0,0.0
2015-05-07 00:00:00-04:00,16.834254710995843,17.153387191607237,16.834254710995843,16.993820190429688,990,0.0,0.0
2015-05-08 00:00:00-04:00,17.073607366634796,17.31295791992865,17.073607366634796,17.153390884399414,1210,0.0,0.0
2015-05-11 00:00:00-04:00,16.9938207027502,17.073604205744243,16.674688212517772,16.83425521850586,2320,0.0,0.0
2015-05-12 00:00:00-04:00,16.754470708074365,16.914037704467773,16.754470708074365,16.914037704467773,830,0.0,0.0
2015-05-13 00:00:00-04:00,16.834258658054903,17.472523768929076,16.834258658054903,17.39274024963379,3200,0.0,0.0
2015-05-14 00:00:00-04:00,17.31295367370764,17.31295367370764,16.83425420627107,16.914037704467773,310,0.0,0.0
2015-05-15 00:00:00-04:00,16.834258335084975,17.153390884399414,16.834258335084975,17.153390884399414,510,0.0,0.0
2015-05-18 00:00:00-04:00,17.312955765659613,17.312955765659613,16.754472732543945,16.754472732543945,450,0.0,0.0
2015-05-19 00:00:00-04:00,16.75447121040707,16.993820190429688,16.75447121040707,16.993820190429688,4280,0.0,0.0
2015-05-20 00:00:00-04:00,17.195650134769426,17.437843322753906,17.195650134769426,17.437843322753906,2050,0.25,0.0
2015-05-21 00:00:00-04:00,17.437842355390494,17.437842355390494,17.114919662475586,17.114919662475586,940,0.0,0.0
2015-05-22 00:00:00-04:00,17.357112884521484,17.518575015653134,17.19565075338983,17.357112884521484,1410,0.0,0.0
2015-05-26 00:00:00-04:00,17.27638023902461,17.357111297207553,17.114919662475586,17.114919662475586,440,0.0,0.0
2015-05-27 00:00:00-04:00,17.114918988671327,17.114918988671327,16.711265253465086,16.95345687866211,10340,0.0,0.0
2015-05-28 00:00:00-04:00,16.791991247527157,16.87272228560321,16.549799673115473,16.711261749267578,3620,0.0,0.0
2015-05-29 00:00:00-04:00,16.630534454413148,16.630534454413148,16.226880712994465,16.469072341918945,3600,0.0,0.0
2015-06-01 00:00:00-04:00,16.388339063589694,16.388339063589694,16.226878512804625,16.30760955810547,2060,0.0,0.0
2015-06-02 00:00:00-04:00,16.226879506965815,16.791993779060952,16.226879506965815,16.63053321838379,2300,0.0,0.0
2015-06-03 00:00:00-04:00,16.630531916730945,16.630531916730945,16.549800872802734,16.549800872802734,1550,0.0,0.0
2015-06-04 00:00:00-04:00,16.469072341918945,16.469072341918945,16.469072341918945,16.469072341918945,20,0.0,0.0
2015-06-05 00:00:00-04:00,16.388341285671842,16.711265510660247,16.307611769241564,16.469072341918945,730,0.0,0.0
2015-06-08 00:00:00-04:00,16.54980239868164,16.54980239868164,16.146148681640625,16.146148681640625,1220,0.0,0.0
2015-06-09 00:00:00-04:00,16.146147192978276,16.549800872802734,16.06541614905007,16.549800872802734,4450,0.0,0.0
2015-06-10 00:00:00-04:00,16.226881655285162,16.8727270631324,16.14615059435003,16.791996002197266,3060,0.0,0.0
2015-06-11 00:00:00-04:00,16.549800872802734,16.549800872802734,16.307609280834697,16.549800872802734,1350,0.0,0.0
2015-06-12 00:00:00-04:00,16.1461559031127,16.388347625732422,16.1461559031127,16.388347625732422,90,0.0,0.0
2015-06-15 00:00:00-04:00,16.307610784383723,16.38834029593854,16.065417630269074,16.146148681640625,1510,0.0,0.0
2015-06-16 00:00:00-04:00,16.22688102722168,16.22688102722168,16.22688102722168,16.22688102722168,900,0.0,0.0
2015-06-17 00:00:00-04:00,16.065418911600826,16.22688102722168,16.065418911600826,16.22688102722168,1810,0.0,0.0
2015-06-18 00:00:00-04:00,16.469069828874524,16.872723508698982,16.469069828874524,16.549800872802734,860,0.0,0.0
2015-06-19 00:00:00-04:00,16.63053321838379,16.791993779060952,16.549802168136853,16.63053321838379,630,0.0,0.0
2015-06-22 00:00:00-04:00,16.549804359208782,16.95345812406753,16.388342237338517,16.791996002197266,1460,0.0,0.0
2015-06-23 00:00:00-04:00,16.872728643619613,17.276382446289062,16.872728643619613,17.276382446289062,2910,0.0,0.0
2015-06-24 00:00:00-04:00,17.114919662475586,17.27638023902461,17.034188604292645,17.114919662475586,1580,0.0,0.0
2015-06-25 00:00:00-04:00,16.791992106264104,17.59929944867712,16.630531561671436,17.518569946289062,1150,0.0,0.0
2015-06-26 00:00:00-04:00,17.03418731689453,17.03418731689453,16.791994160650013,17.03418731689453,1960,0.0,0.0
2015-06-29 00:00:00-04:00,16.953456115722656,17.034187167094206,16.146148681640625,16.146148681640625,1010,0.0,0.0
2015-06-30 00:00:00-04:00,15.984687853790398,16.79199535226096,15.903958335796824,16.22688102722168,3100,0.0,0.0
2015-07-01 00:00:00-04:00,15.903956389712027,16.307610089554295,15.903956389712027,15.984685897827148,330,0.0,0.0
2015-07-02 00:00:00-04:00,16.307611769241564,16.549803398166045,16.307611769241564,16.469072341918945,1110,0.0,0.0
2015-07-06 00:00:00-04:00,15.903958335796824,16.711265834267387,15.903958335796824,16.22688102722168,2810,0.0,0.0
2015-07-07 00:00:00-04:00,16.307611091588452,16.307611091588452,15.74249526115862,15.90395736694336,9900,0.0,0.0
2015-07-08 00:00:00-04:00,15.581033155373879,16.146148985803713,15.581033155373879,15.90395736694336,2770,0.0,0.0
2015-07-09 00:00:00-04:00,15.984684254866666,16.146146334134613,15.74249267578125,15.74249267578125,1280,0.0,0.0
2015-07-10 00:00:00-04:00,16.065418243408203,16.146149297860866,15.742495565414345,16.065418243408203,2140,0.0,0.0
2015-07-13 00:00:00-04:00,15.823223715415224,16.06541529450064,15.661761636147276,15.74249267578125,1810,0.0,0.0
2015-07-14 00:00:00-04:00,15.66176508173004,15.903958253914377,15.177380277178216,15.338842391967773,2690,0.0,0.0
2015-07-15 00:00:00-04:00,15.338844303020384,15.338844303020384,14.612267775577564,14.773728370666504,3130,0.0,0.0
2015-07-16 00:00:00-04:00,14.45080400361555,14.612266120230329,13.320573806762695,13.320573806762695,14510,0.0,0.0
2015-07-17 00:00:00-04:00,13.320572922351502,14.450803044163429,13.1591108164569,13.966418266296387,19970,0.0,0.0
2015-07-20 00:00:00-04:00,13.72422532524861,13.72422532524861,13.401302684382555,13.482033729553223,1940,0.0,0.0
2015-07-21 00:00:00-04:00,13.40130487802723,13.6434965133667,13.078382184302317,13.6434965133667,5870,0.0,0.0
2015-07-22 00:00:00-04:00,13.482038177825194,13.885691997043708,13.239844962403813,13.401307106018066,4720,0.0,0.0
2015-07-23 00:00:00-04:00,13.482034207095953,13.643494763339717,12.836187362670898,12.836187362670898,11140,0.0,0.0
2015-07-24 00:00:00-04:00,12.674726088819845,13.159110069274902,12.674726088819845,13.159110069274902,3120,0.0,0.0
2015-07-27 00:00:00-04:00,12.99765003947925,13.23984165457459,12.432534217834473,12.432534217834473,3770,0.0,0.0
2015-07-28 00:00:00-04:00,12.5939979533415,13.078382786127122,12.5939979533415,12.91692066192627,8310,0.0,0.0
2015-07-29 00:00:00-04:00,12.75545849684923,12.916919840878528,12.432535038882216,12.674727439880371,3150,0.0,0.0
2015-07-30 00:00:00-04:00,12.836187201547006,12.91691824856386,12.674725877421622,12.755456924438477,6900,0.0,0.0
2015-07-31 00:00:00-04:00,13.239841063005308,13.239841063005308,12.836187362670898,12.836187362670898,960,0.0,0.0
2015-08-03 00:00:00-04:00,12.916918410701113,12.916918410701113,12.836187362670898,12.836187362670898,580,0.0,0.0
2015-08-04 00:00:00-04:00,12.91692066192627,13.078382786127122,12.91692066192627,12.91692066192627,2200,0.0,0.0
2015-08-05 00:00:00-04:00,12.916918410701113,13.159110014975091,12.836187362670898,12.836187362670898,1540,0.0,0.0
2015-08-06 00:00:00-04:00,13.159110093411543,13.239841141922966,12.916918487693952,13.078380584716797,6770,0.0,0.0
2015-08-07 00:00:00-04:00,12.997649192810059,13.239840792128996,12.83618710005301,12.997649192810059,1850,0.0,0.0
2015-08-10 00:00:00-04:00,12.997653248152561,13.885691955756235,12.997653248152561,13.72422981262207,4420,0.0,0.0
2015-08-11 00:00:00-04:00,13.804956349251972,13.966416899529124,13.482033708881056,13.562763214111328,6250,0.0,0.0
2015-08-12 00:00:00-04:00,13.401307066170856,13.885691955756235,13.401307066170856,13.72422981262207,2770,0.0,0.0
2015-08-13 00:00:00-04:00,13.482035923377472,13.643496500175388,13.239842748455306,13.320573806762695,6030,0.0,0.0
2015-08-14 00:00:00-04:00,13.239842761256341,13.724227571752143,13.239842761256341,13.6434965133667,1510,0.0,0.0
2015-08-17 00:00:00-04:00,13.562767669487906,13.72422981262207,13.401307066170856,13.72422981262207,1910,0.0,0.0
2015-08-18 00:00:00-04:00,13.585102687641644,13.74877768331484,13.175912857055664,13.175912857055664,4180,0.23,0.0
2015-08-19 00:00:00-04:00,13.175915666135552,13.503267288208008,13.094077370383523,13.503267288208008,1350,0.0,0.0
2015-08-20 00:00:00-04:00,13.503266279552053,14.23980776443142,13.503266279552053,14.15796947479248,3520,0.0,0.0
2015-08-21 00:00:00-04:00,14.321646733386686,14.567160053013355,13.830618533197734,13.994295120239258,5600,0.0,0.0
2015-08-24 00:00:00-04:00,13.4214249132718,13.912452977609771,13.094073390691548,13.74877643585205,3700,0.0,0.0
2015-08-25 00:00:00-04:00,13.994295292366768,15.058188438415527,13.50326708613825,15.058188438415527,3480,0.0,0.0
2015-08-26 00:00:00-04:00,14.73083424624738,14.73083424624738,13.339588165283203,13.339588165283203,4600,0.0,0.0
2015-08-27 00:00:00-04:00,13.748777718798976,14.485320664502943,13.748777718798976,13.830615997314453,910,0.0,0.0
2015-08-28 00:00:00-04:00,14.076133413760019,14.076133413760019,13.912456826718495,13.994295120239258,2140,0.0,0.0
2015-08-31 00:00:00-04:00,13.91245430957642,14.076130867004395,13.91245430957642,14.076130867004395,2110,0.0,0.0
2015-09-01 00:00:00-04:00,14.157969826531959,14.157969826531959,13.912456512451172,13.912456512451172,1620,0.0,0.0
2015-09-02 00:00:00-04:00,14.239805828956511,14.321644107471988,13.830615997314453,13.830615997314453,4320,0.0,0.0
2015-09-03 00:00:00-04:00,14.157968854385167,14.567158723713472,14.157968854385167,14.485321998596191,2650,0.0,0.0
2015-09-04 00:00:00-04:00,14.32164542649068,14.648997009766228,13.99429384321513,14.485321998596191,3080,0.0,0.0
2015-09-08 00:00:00-04:00,14.567158392552908,15.058186536771245,14.157968532526866,14.7308349609375,15340,0.0,0.0
2015-09-09 00:00:00-04:00,15.14002549307687,15.221863780902224,14.321645736694336,14.321645736694336,5790,0.0,0.0
2015-09-10 00:00:00-04:00,14.321645736694336,14.321645736694336,14.23980744886898,14.321645736694336,950,0.0,0.0
2015-09-11 00:00:00-04:00,14.239807765195756,14.485322634125753,14.076132746844637,14.403484344482422,970,0.0,0.0
2015-09-14 00:00:00-04:00,14.485322993220453,14.485322993220453,13.912456512451172,13.912456512451172,2150,0.0,0.0
2015-09-15 00:00:00-04:00,14.32164277106888,14.567156022770273,13.74877643585205,13.74877643585205,790,0.0,0.0
2015-09-16 00:00:00-04:00,13.748779587533328,14.15796947479248,13.748779587533328,14.15796947479248,2010,0.0,0.0
2015-09-17 00:00:00-04:00,14.23980744886898,14.485322312345046,14.157969161043626,14.321645736694336,5370,0.0,0.0
2015-09-18 00:00:00-04:00,14.485322993220453,14.97634962138203,13.83061822077905,13.912456512451172,5000,0.0,0.0
2015-09-21 00:00:00-04:00,14.157970146345162,14.321646733386686,13.830618533197734,13.994295120239258,4440,0.0,0.0
2015-09-22 00:00:00-04:00,14.076128546928828,14.076128546928828,13.666938781738281,13.666938781738281,2290,0.0,0.0
2015-09-23 00:00:00-04:00,13.830613751253452,13.912452016478577,13.585100516513156,13.666938781738281,510,0.0,0.0
2015-09-24 00:00:00-04:00,13.421426474179889,13.91245459562429,13.421426474179889,13.585103034973145,6370,0.0,0.0
2015-09-25 00:00:00-04:00,13.503262963859799,14.2398042678833,13.503262963859799,14.2398042678833,1540,0.0,0.0
2015-09-28 00:00:00-04:00,13.994295120239258,14.485323320428211,13.912456826718495,13.994295120239258,1870,0.0,0.0
2015-09-29 00:00:00-04:00,14.15796947479248,14.485322633348238,14.15796947479248,14.15796947479248,3640,0.0,0.0
2015-09-30 00:00:00-04:00,14.157969475552424,14.648997652476874,14.157969475552424,14.403484344482422,1830,0.0,0.0
2015-10-01 00:00:00-04:00,14.485323498595287,15.058188438415527,14.403485204067927,15.058188438415527,2320,0.0,0.0
2015-10-02 00:00:00-04:00,15.058186536771245,15.058186536771245,14.567158392552908,14.7308349609375,2470,0.0,0.0
2015-10-05 00:00:00-04:00,15.140024185180664,15.221862465936283,14.976347623669426,15.140024185180664,1190,0.0,0.0
2015-10-06 00:00:00-04:00,15.303697322010665,15.549210548400879,15.303697322010665,15.549210548400879,2680,0.0,0.0
2015-10-07 00:00:00-04:00,15.958403587341309,15.958403587341309,15.385537193165174,15.958403587341309,2910,0.0,0.0
2015-10-08 00:00:00-04:00,15.95840515592961,16.367595031722676,15.95840515592961,16.20391845703125,3040,0.0,0.0
2015-10-09 00:00:00-04:00,16.367597184272004,16.940463710095806,16.285758886163503,16.858625411987305,2690,0.0,0.0
2015-10-12 00:00:00-04:00,16.8586199258345,16.8586199258345,16.367591857910156,16.367591857910156,1220,0.0,0.0
2015-10-13 00:00:00-04:00,16.367593797781616,17.10413520649471,16.28575551660563,16.940460205078125,2060,0.0,0.0
2015-10-14 00:00:00-04:00,16.940460185372174,17.18597346767915,16.858621904291386,17.022296905517578,7530,0.0,0.0
2015-10-15 00:00:00-04:00,17.26780925272148,17.349647521972656,17.022294444967955,17.349647521972656,1660,0.0,0.0
2015-10-16 00:00:00-04:00,17.022298208617386,17.104136495963097,16.20391845703125,16.20391845703125,1980,0.0,0.0
2015-10-19 00:00:00-04:00,16.12208298066356,16.613109620939102,16.12208298066356,16.531272888183594,2730,0.0,0.0
2015-10-20 00:00:00-04:00,16.776782989501953,16.858621267491465,16.613106433522926,16.776782989501953,900,0.0,0.0
2015-10-21 00:00:00-04:00,16.613109620939102,16.776786208321365,16.531272888183594,16.531272888183594,340,0.0,0.0
2015-10-22 00:00:00-04:00,16.531271931687286,16.531271931687286,16.285757064819336,16.285757064819336,5580,0.0,0.0
2015-10-23 00:00:00-04:00,16.61311123004394,16.694949531661727,16.44943618774414,16.44943618774414,570,0.0,0.0
2015-10-26 00:00:00-04:00,16.6949462890625,16.6949462890625,16.6949462890625,16.6949462890625,300,0.0,0.0
2015-10-27 00:00:00-04:00,16.531272888183594,16.613109620939102,16.449434594492462,16.531272888183594,340,0.0,0.0
2015-10-28 00:00:00-04:00,16.776786208321365,16.776786208321365,16.531272888183594,16.531272888183594,390,0.0,0.0
2015-10-29 00:00:00-04:00,16.449433642731304,16.613108659707738,16.122082047842902,16.285757064819336,650,0.0,0.0
2015-10-30 00:00:00-04:00,16.449433642731304,16.449433642731304,16.04024375888692,16.285757064819336,1070,0.0,0.0
2015-11-02 00:00:00-05:00,15.876566886901855,16.36759505060717,15.876566886901855,15.876566886901855,2440,0.0,0.0
2015-11-03 00:00:00-05:00,16.44943331906839,16.613108332824318,16.20391845703125,16.20391845703125,3250,0.0,0.0
2015-11-04 00:00:00-05:00,15.958401960003393,16.367591753849634,15.79472541809082,15.79472541809082,390,0.0,0.0
2015-11-05 00:00:00-05:00,15.794725369851605,15.958401911264286,15.385535577255085,15.467373847961426,1530,0.0,0.0
2015-11-06 00:00:00-05:00,15.221862465936283,15.467375747267765,15.140024185180664,15.140024185180664,730,0.0,0.0
2015-11-09 00:00:00-05:00,15.140022372310911,16.04024023095968,15.140022372310911,15.79472541809082,620,0.0,0.0
2015-11-10 00:00:00-05:00,16.122077600486932,16.122077600486932,15.794724534964987,16.040239334106445,4670,0.0,0.0
2015-11-11 00:00:00-05:00,16.2857580071102,16.531272888183594,16.12208298066356,16.531272888183594,4480,0.0,0.0
2015-11-12 00:00:00-05:00,15.467373628234192,15.467373628234192,14.076129289730945,14.2398042678833,14600,0.0,0.0
2015-11-13 00:00:00-05:00,14.485322312345046,14.485322312345046,14.076132434153779,14.321645736694336,9070,0.0,0.0
2015-11-16 00:00:00-05:00,14.321643569658743,15.058184926768423,14.239805294216495,14.812671661376953,2970,0.0,0.0
2015-11-17 00:00:00-05:00,14.32164540222877,14.730835270863878,14.32164540222877,14.567158699035645,700,0.0,0.0
2015-11-18 00:00:00-05:00,14.426209211838659,15.08948416195225,14.426209211838659,14.840755462646484,3050,0.23,0.0
2015-11-19 00:00:00-05:00,14.592030233615986,15.669849992690397,14.592030233615986,15.006576538085938,1440,0.0,0.0
2015-11-20 00:00:00-05:00,14.757850030510753,14.757850030510753,14.426213253232659,14.592032432556152,660,0.0,0.0
2015-11-23 00:00:00-05:00,14.592033193877961,14.592033193877961,13.59712122876645,13.680030822753906,6460,0.0,0.0
2015-11-24 00:00:00-05:00,14.094576237430513,14.094576237430513,13.265483517581659,13.51421070098877,4450,0.0,0.0
2015-11-25 00:00:00-05:00,13.680031406064197,13.680031406064197,13.016756997936302,13.099666595458984,3940,0.0,0.0
2015-11-27 00:00:00-05:00,13.016757203982706,13.099666802817792,12.85093879699707,12.85093879699707,1290,0.0,0.0
2015-11-30 00:00:00-05:00,12.933848191098141,13.182575402297145,12.768028996052776,13.099666595458984,4990,0.0,0.0
2015-12-01 00:00:00-05:00,12.933845221822663,13.34839153289795,12.768026064845076,13.34839153289795,2300,0.0,0.0
2015-12-02 00:00:00-05:00,13.016755882010521,13.26548386257061,12.933847082280126,13.182574272155762,4630,0.0,0.0
2015-12-03 00:00:00-05:00,13.016755863491971,13.431303024291992,13.016755863491971,13.431303024291992,440,0.0,0.0
2015-12-04 00:00:00-05:00,13.34839153289795,13.431301111386741,13.016754009627116,13.34839153289795,2200,0.0,0.0
2015-12-07 00:00:00-05:00,12.768027655442676,13.099665220027793,12.35348129272461,12.35348129272461,6590,0.0,0.0
2015-12-08 00:00:00-05:00,12.270573806287267,12.602210615639143,12.021845803931098,12.104755401611328,5390,0.0,0.0
2015-12-09 00:00:00-05:00,12.021844518823931,12.602209268492338,12.021844518823931,12.35348129272461,5190,0.0,0.0
2015-12-10 00:00:00-05:00,12.436390881541998,12.850937244260065,12.35348129272461,12.35348129272461,4410,0.0,0.0
2015-12-11 00:00:00-05:00,12.602209087604601,12.685118675231934,12.43639070303436,12.685118675231934,1640,0.0,0.0
2015-12-14 00:00:00-05:00,12.519300290661695,13.016755444372412,12.43639070303436,12.685118675231934,3690,0.0,0.0
2015-12-15 00:00:00-05:00,12.850937059802174,13.099665031999745,12.353481115407028,12.685118675231934,7610,0.0,0.0
2015-12-16 00:00:00-05:00,12.768026359218894,13.099663890135812,12.602207989102615,12.933845520019531,6830,0.0,0.0
2015-12-17 00:00:00-05:00,12.933846647429506,12.933846647429506,12.685118675231934,12.685118675231934,1190,0.0,0.0
2015-12-18 00:00:00-05:00,12.519299505523424,12.933845836293282,12.436389923095703,12.436389923095703,7000,0.0,0.0
2015-12-21 00:00:00-05:00,12.519300290661695,12.685118675231934,12.519300290661695,12.685118675231934,220,0.0,0.0
2015-12-22 00:00:00-05:00,12.602209087604601,12.685118675231934,12.602209087604601,12.685118675231934,2120,0.0,0.0
2015-12-23 00:00:00-05:00,12.850935118461095,13.099663053084301,12.519298399419693,12.60220718383789,12390,0.0,0.0
2015-12-24 00:00:00-05:00,12.933845520019531,12.933845520019531,12.933845520019531,12.933845520019531,1720,0.0,0.0
2015-12-28 00:00:00-05:00,12.768029198161987,13.182575610968343,12.768029198161987,12.85093879699707,1260,0.0,0.0
2015-12-29 00:00:00-05:00,12.519298952376932,14.4262113571167,12.353479794847958,14.4262113571167,20330,0.0,0.0
2015-12-30 00:00:00-05:00,13.762939120740844,14.260395056453179,13.762939120740844,14.011666297912598,2740,0.0,0.0
2015-12-31 00:00:00-05:00,14.17748546390587,14.343303054822961,14.09457587776291,14.260395050048828,2160,0.0,0.0
2016-01-04 00:00:00-05:00,14.177486071104275,14.509122848510742,14.177486071104275,14.509122848510742,390,0.0,0.0
2016-01-05 00:00:00-05:00,14.177486419677734,14.592032796970248,14.094576827945446,14.177486419677734,2070,0.0,0.0
2016-01-06 00:00:00-05:00,13.59712122876645,13.680030822753906,13.59712122876645,13.680030822753906,80,0.0,0.0
2016-01-07 00:00:00-05:00,13.680028265484442,13.680028265484442,13.34839153289795,13.34839153289795,1180,0.0,0.0
2016-01-08 00:00:00-05:00,13.182574018160743,13.34839319579552,12.35348129272461,12.35348129272461,5320,0.0,0.0
2016-01-11 00:00:00-05:00,12.353480667923458,12.768027009675043,11.938934326171875,11.938934326171875,3320,0.0,0.0
2016-01-12 00:00:00-05:00,11.93893353054096,12.0218431096398,11.69020637461313,11.856024742126465,1700,0.0,0.0
2016-01-13 00:00:00-05:00,11.856024207966415,11.856024207966415,11.192749977111816,11.192749977111816,4020,0.0,0.0
2016-01-14 00:00:00-05:00,11.3585680606393,11.607295989990234,10.778203419276647,11.607295989990234,5170,0.0,0.0
2016-01-15 00:00:00-05:00,11.690205422851355,11.690205422851355,10.446566581726074,10.446566581726074,7220,0.0,0.0
2016-01-19 00:00:00-05:00,10.363657799122395,10.529476165771484,9.866201908490783,10.529476165771484,10940,0.0,0.0
2016-01-20 00:00:00-05:00,9.866201779975153,10.944022335181225,9.866201779975153,10.861113548278809,6720,0.0,0.0
2016-01-21 00:00:00-05:00,10.944023735136179,11.607298068622947,10.944023735136179,11.441479682922363,1900,0.0,0.0
2016-01-22 00:00:00-05:00,11.441480049733018,11.441480049733018,10.944024085998535,10.944024085998535,3080,0.0,0.0
2016-01-25 00:00:00-05:00,10.944022972392933,10.944022972392933,9.7832935627014,9.866202354431152,5570,0.0,0.0
2016-01-26 00:00:00-05:00,10.11493031117481,11.109841346740723,9.949111937027887,11.109841346740723,2260,0.0,0.0
2016-01-27 00:00:00-05:00,11.026932056403096,11.026932056403096,10.529476165771484,10.529476165771484,1250,0.0,0.0
2016-01-28 00:00:00-05:00,10.529478817305831,10.778206825256348,10.197842000494838,10.778206825256348,2830,0.0,0.0
2016-01-29 00:00:00-05:00,11.109841346740723,11.109841346740723,10.778204598446877,11.109841346740723,2270,0.0,0.0
2016-02-01 00:00:00-05:00,11.192752067865777,11.275661658716343,10.695296104131293,10.944024085998535,1760,0.0,0.0
2016-02-02 00:00:00-05:00,10.6123878534494,10.69529665790833,10.363659858703613,10.363659858703613,670,0.0,0.0
2016-02-03 00:00:00-05:00,10.861113257026672,11.192749977111816,10.861113257026672,11.192749977111816,1160,0.0,0.0
2016-02-04 00:00:00-05:00,11.524389266967773,11.690208454669916,11.358570869950116,11.524389266967773,2570,0.0,0.0
2016-02-05 00:00:00-05:00,11.441479682922363,11.441479682922363,11.19275170902927,11.441479682922363,1620,0.0,0.0
2016-02-08 00:00:00-05:00,11.275662841157379,11.358571650017858,10.695297225711329,10.778206825256348,1680,0.0,0.0
2016-02-09 00:00:00-05:00,10.778204116550027,10.778204116550027,10.529476171108158,10.612385749816895,8390,0.0,0.0
2016-02-10 00:00:00-05:00,10.363659858703613,10.446569453847042,10.363659858703613,10.363659858703613,460,0.0,0.0
2016-02-11 00:00:00-05:00,10.446569453847042,10.529478258305971,10.280750263560186,10.363659858703613,9240,0.0,0.0
2016-02-12 00:00:00-05:00,10.695297225711329,11.026934833206864,10.695297225711329,10.778206825256348,5100,0.0,0.0
2016-02-16 00:00:00-05:00,11.192750423052185,11.441478368367992,10.529476165771484,10.529476165771484,1700,0.0,0.0
2016-02-17 00:00:00-05:00,10.612386224299954,11.109841346740723,10.529476641884305,11.109841346740723,6870,0.0,0.0
2016-02-18 00:00:00-05:00,11.19274970463344,11.69020556333531,11.19274970463344,11.607295989990234,1380,0.0,0.0
2016-02-19 00:00:00-05:00,11.856025531661512,12.021843910217285,11.69020715310574,12.021843910217285,3280,0.0,0.0
2016-02-22 00:00:00-05:00,11.938934165334992,12.43639008500911,11.938934165334992,12.2705717086792,1720,0.0,0.0
2016-02-23 00:00:00-05:00,12.021843910217285,12.270571873393143,11.773115947041427,12.021843910217285,1420,0.0,0.0
2016-02-24 00:00:00-05:00,12.187662459286788,12.187662459286788,11.773116111755371,11.773116111755371,730,0.0,0.0
2016-02-25 00:00:00-05:00,12.270572668299199,12.270572668299199,12.021844689010369,12.187663078308105,1200,0.0,0.0
2016-02-26 00:00:00-05:00,11.856025531661512,12.021843910217285,11.856025531661512,12.021843910217285,580,0.0,0.0
2016-02-29 00:00:00-05:00,12.10475349483737,12.10475349483737,11.9389343255972,12.021843910217285,1000,0.0,0.0
2016-03-01 00:00:00-05:00,12.021844689010369,12.187663078308105,11.856026299712633,12.187663078308105,550,0.0,0.0
2016-03-02 00:00:00-05:00,12.18766212517205,12.43639008500911,12.18766212517205,12.2705717086792,780,0.0,0.0
2016-03-03 00:00:00-05:00,12.35347975376979,13.431301111386741,12.35347975376979,13.34839153289795,7090,0.0,0.0
2016-03-04 00:00:00-05:00,13.514209108506856,13.845847422462027,13.34839153289795,13.34839153289795,6050,0.0,0.0
2016-03-07 00:00:00-05:00,13.348393433995097,13.597120623516878,13.265483843698203,13.431303024291992,3610,0.0,0.0
2016-03-08 00:00:00-05:00,13.182572370398475,13.348391527306603,13.182572370398475,13.265481948852539,2520,0.0,0.0
2016-03-09 00:00:00-05:00,13.265481948852539,13.597118681300117,13.016754004174686,13.265481948852539,2020,0.0,0.0
2016-03-10 00:00:00-05:00,13.514209108506856,13.514209108506856,13.34839153289795,13.34839153289795,1280,0.0,0.0
2016-03-11 00:00:00-05:00,13.762937238207982,14.094573956197737,13.68002766336839,13.928754806518555,920,0.0,0.0
2016-03-14 00:00:00-04:00,14.011666649171854,14.177485825689171,13.431302694098976,13.51421070098877,2110,0.0,0.0
2016-03-15 00:00:00-04:00,13.265483513471173,13.928757056597185,13.09966512768967,13.59712028503418,3740,0.0,0.0
2016-03-16 00:00:00-04:00,13.597119946321017,14.094575881958008,13.597119946321017,14.094575881958008,3240,0.0,0.0
2016-03-17 00:00:00-04:00,14.92366502908174,14.92366502908174,14.592028344709169,14.840755462646484,3530,0.0,0.0
2016-03-18 00:00:00-04:00,14.949943336151087,15.201909645248431,14.781967398705396,15.117920875549316,1270,0.23,0.0
2016-03-21 00:00:00-04:00,15.117919612575221,15.957804035496068,15.117919612575221,15.537861824035645,17220,0.0,0.0
2016-03-22 00:00:00-04:00,15.53786409744167,16.125783920288086,15.53786409744167,16.125783920288086,1530,0.0,0.0
2016-03-23 00:00:00-04:00,15.789829254150389,15.87381803142886,15.033933462549527,15.78982925415039,2130,0.0,0.0
2016-03-24 00:00:00-04:00,15.117921826805159,15.70584164973975,15.117921826805159,15.62185287475586,370,0.0,0.0
2016-03-28 00:00:00-04:00,15.11791666378078,15.705836285930872,15.033927917480469,15.033927917480469,1480,0.0,0.0
2016-03-29 00:00:00-04:00,14.949943542480469,15.20190985505529,14.781967602716483,14.949943542480469,4060,0.0,0.0
2016-03-30 00:00:00-04:00,15.285897989831803,16.293758392333984,14.94994292037858,16.293758392333984,7320,0.0,0.0
2016-03-31 00:00:00-04:00,16.461734576709283,16.461734576709283,15.873814855345522,16.209768295288086,820,0.0,0.0
2016-04-01 00:00:00-04:00,15.957802772521973,16.04179152855728,15.705838106368327,15.957802772521973,4090,0.0,0.0
2016-04-04 00:00:00-04:00,15.957804035496068,16.041792798178633,15.453873061353079,15.537861824035645,860,0.0,0.0
2016-04-05 00:00:00-04:00,15.537860215159021,15.957802383136292,15.537860215159021,15.87381362915039,1100,0.0,0.0
2016-04-06 00:00:00-04:00,16.041792376292985,16.461734576709283,15.873814855345522,16.209768295288086,4150,0.0,0.0
2016-04-07 00:00:00-04:00,16.461733706781544,16.461733706781544,15.705838106368327,15.957802772521973,400,0.0,0.0
2016-04-08 00:00:00-04:00,16.125781890780974,16.37774658203125,16.04179312638007,16.37774658203125,1560,0.0,0.0
2016-04-11 00:00:00-04:00,16.88167938560268,17.217632877455188,16.377748346847618,17.133644104003906,6200,0.0,0.0
2016-04-12 00:00:00-04:00,17.301621657554538,17.637575149536133,16.71370184512229,17.637575149536133,4670,0.0,0.0
2016-04-13 00:00:00-04:00,17.217632877455188,17.72156391621025,17.133644104003906,17.133644104003906,2020,0.0,0.0
2016-04-14 00:00:00-04:00,17.049650975013233,17.46959313303772,16.965663824970097,17.217628479003906,910,0.0,0.0
2016-04-15 00:00:00-04:00,17.469597602569028,17.637575149536133,16.965668165572943,17.637575149536133,4510,0.0,0.0
2016-04-18 00:00:00-04:00,17.301621657554538,17.889539868034177,17.301621657554538,17.637575149536133,4560,0.0,0.0
2016-04-19 00:00:00-04:00,17.889536112811108,18.309478290125476,17.805548958910055,18.141502380371094,5820,0.0,0.0
2016-04-20 00:00:00-04:00,18.141502380371094,18.141502380371094,17.973524868664438,18.141502380371094,170,0.0,0.0
2016-04-21 00:00:00-04:00,17.553585184797164,17.721562720364652,17.301620483398438,17.301620483398438,3520,0.0,0.0
2016-04-22 00:00:00-04:00,17.3016191157251,17.973526000976562,17.3016191157251,17.973526000976562,980,0.0,0.0
2016-04-25 00:00:00-04:00,17.973529239270192,18.05751801554699,17.553586959838867,17.553586959838867,4630,0.0,0.0
2016-04-26 00:00:00-04:00,17.721562630542774,18.05751609802246,17.385609163063087,18.05751609802246,1250,0.0,0.0
2016-04-27 00:00:00-04:00,18.309479637498562,18.309479637498562,17.973526191315106,18.225492477416992,1210,0.0,0.0
2016-04-28 00:00:00-04:00,18.225492477416992,18.393468399532527,18.057514953349067,18.225492477416992,1920,0.0,0.0
2016-04-29 00:00:00-04:00,18.057515968795776,18.477458200628234,18.057515968795776,18.309480667114258,5050,0.0,0.0
2016-05-02 00:00:00-04:00,18.393472136302094,18.393472136302094,17.385611592997417,17.4695987701416,3760,0.0,0.0
2016-05-03 00:00:00-04:00,17.217631629425355,17.38560916415197,16.293758392333984,16.293758392333984,2500,0.0,0.0
2016-05-04 00:00:00-04:00,16.125781890780974,16.545724110833056,16.125781890780974,16.37774658203125,2340,0.0,0.0
2016-05-05 00:00:00-04:00,16.37774790787701,16.54572545027729,16.12578319622916,16.46173667907715,2200,0.0,0.0
2016-05-06 00:00:00-04:00,16.545728311224355,17.385612964546347,16.37775073977882,17.049657821655273,5190,0.0,0.0
2016-05-09 00:00:00-04:00,17.04965548362304,17.385610580444336,16.88167953716502,17.385610580444336,1490,0.0,0.0
2016-05-10 00:00:00-04:00,17.637575736115664,17.637575736115664,17.301622232961137,17.553586959838867,1860,0.0,0.0
2016-05-11 00:00:00-04:00,17.469595036061776,17.973526000976562,17.385607876869628,17.973526000976562,3880,0.0,0.0
2016-05-12 00:00:00-04:00,17.721559524536133,17.721559524536133,17.469593266623395,17.721559524536133,1920,0.0,0.0
2016-05-13 00:00:00-04:00,17.973528634611476,17.973528634611476,16.461737120298896,17.133644104003906,8880,0.0,0.0
2016-05-16 00:00:00-04:00,17.301618669659458,17.889536778608846,17.133641151701156,17.80554962158203,4360,0.0,0.0
2016-05-17 00:00:00-04:00,17.889536778608846,17.889536778608846,17.553583344644576,17.80554962158203,2900,0.0,0.0
2016-05-18 00:00:00-04:00,17.385610738999574,17.385610738999574,15.957806370345498,16.125783920288086,8140,0.0,0.0
2016-05-19 00:00:00-04:00,16.209771538590058,16.545726647703937,15.789829254150389,15.78982925415039,2390,0.0,0.0
2016-05-20 00:00:00-04:00,16.240478515625,16.325507521613346,15.985391497659963,16.240478515625,820,0.23,0.0
2016-05-23 00:00:00-04:00,15.985392795143094,16.15545082092285,15.985392795143094,16.15545082092285,430,0.0,0.0
2016-05-24 00:00:00-04:00,16.155456098038126,16.155456098038126,15.900370597839357,15.900370597839355,780,0.0,0.0
2016-05-25 00:00:00-04:00,16.325507521613346,16.325507521613346,15.900364113465013,16.240478515625,3280,0.0,0.0
2016-05-26 00:00:00-04:00,16.24047983381273,16.410536237798958,15.985392795143094,16.15545082092285,740,0.0,0.0
2016-05-27 00:00:00-04:00,15.900364113465013,16.325507521613346,15.900364113465013,16.240478515625,1620,0.0,0.0
2016-05-31 00:00:00-04:00,16.240481141638142,16.665624618530273,16.070423102163826,16.665624618530273,1790,0.0,0.0
2016-06-01 00:00:00-04:00,16.665624033230415,16.665624033230415,16.410536982977646,16.580595016479492,1840,0.0,0.0
2016-06-02 00:00:00-04:00,16.32550652601965,16.410533905029297,16.32550652601965,16.410533905029297,1280,0.0,0.0
2016-06-03 00:00:00-04:00,16.495567321777344,16.495567321777344,16.41053829821171,16.495567321777344,3400,0.0,0.0
2016-06-06 00:00:00-04:00,16.495567321777344,16.580596345342975,16.240481872874174,16.495567321777344,1250,0.0,0.0
2016-06-07 00:00:00-04:00,16.495568652241143,17.345855712890625,16.410539621817424,17.345855712890625,2430,0.0,0.0
2016-06-08 00:00:00-04:00,17.941057975660584,18.196143454686645,17.600943463027868,17.770999908447266,760,0.0,0.0
2016-06-09 00:00:00-04:00,18.111109372055775,18.281167391860237,17.856023964142558,18.196138381958008,750,0.0,0.0
2016-06-10 00:00:00-04:00,18.196142574564103,18.196142574564103,17.600942611694336,17.600942611694336,3330,0.0,0.0
2016-06-13 00:00:00-04:00,18.19614319113054,18.28117222350562,16.58059806317952,16.750656127929688,1940,0.0,0.0
2016-06-14 00:00:00-04:00,16.580595598793117,16.75065363826743,16.580595598793117,16.665624618530273,920,0.0,0.0
2016-06-15 00:00:00-04:00,16.495564284873016,16.92070770263672,16.495564284873016,16.92070770263672,2300,0.0,0.0
2016-06-16 00:00:00-04:00,17.09076795268007,17.260824368940415,16.325510025024414,16.325510025024414,7770,0.0,0.0
2016-06-17 00:00:00-04:00,16.49556599972857,16.665624033230415,16.49556599972857,16.580595016479492,1080,0.0,0.0
2016-06-20 00:00:00-04:00,16.58059806317952,17.09077063563613,16.58059806317952,16.750656127929688,460,0.0,0.0
2016-06-21 00:00:00-04:00,16.920709914626084,16.920709914626084,16.155451986970423,16.325510025024414,4630,0.0,0.0
2016-06-22 00:00:00-04:00,16.07042296794343,16.325510025024414,15.900366551683087,16.325510025024414,2180,0.0,0.0
2016-06-23 00:00:00-04:00,16.24047983381273,16.410536237798958,16.15545082092285,16.15545082092285,3350,0.0,0.0
2016-06-24 00:00:00-04:00,16.155456098038126,16.495570638901167,15.560254435182255,15.900370597839355,4620,0.0,0.0
2016-06-27 00:00:00-04:00,15.560249982122377,15.645278998452897,15.050079127726438,15.47522258758545,3900,0.0,0.0
2016-06-28 00:00:00-04:00,15.815336227416992,15.900365239426545,15.645278203397886,15.815336227416992,1130,0.0,0.0
2016-06-29 00:00:00-04:00,16.15544831120422,16.495562688134076,16.070419311523438,16.070419311523438,1860,0.0,0.0
2016-06-30 00:00:00-04:00,16.410539998429346,16.750656127929688,16.240483555473077,16.750656127929688,3830,0.0,0.0
2016-07-01 00:00:00-04:00,16.580595016479492,16.580595016479492,16.580595016479492,16.580595016479492,2200,0.0,0.0
2016-07-05 00:00:00-04:00,16.920708293805365,17.260822715540417,16.665622882952448,17.0057373046875,6500,0.0,0.0
2016-07-06 00:00:00-04:00,17.430879513167547,17.430879513167547,16.750650717468602,16.835678100585938,3620,0.0,0.0
2016-07-07 00:00:00-04:00,17.090767495191425,17.51591095715244,16.580595016479492,16.580595016479492,1780,0.0,0.0
2016-07-08 00:00:00-04:00,16.750654342630174,17.430883285543654,16.750654342630174,17.090768814086914,710,0.0,0.0
2016-07-11 00:00:00-04:00,17.34585322170318,17.430882239915153,16.92070975243696,17.26082420349121,2370,0.0,0.0
2016-07-12 00:00:00-04:00,17.175799273837047,17.856028273639083,17.175799273837047,17.345855712890625,2400,0.0,0.0
2016-07-13 00:00:00-04:00,16.92071076746168,17.345854262231036,16.92071076746168,17.090768814086914,1630,0.0,0.0
2016-07-14 00:00:00-04:00,17.43088514334257,17.43088514334257,16.750656127929688,16.750656127929688,4900,0.0,0.0
2016-07-15 00:00:00-04:00,17.090766315569635,17.430880737304687,17.0057373046875,17.0057373046875,5950,0.0,0.0
2016-07-18 00:00:00-04:00,17.005739790774296,17.175797837399532,16.92071076746168,17.090768814086914,950,0.0,0.0
2016-07-19 00:00:00-04:00,17.090765115318074,17.090765115318074,16.750650717468602,16.835678100585938,1050,0.0,0.0
2016-07-20 00:00:00-04:00,16.495567321777344,16.750654392474242,16.495567321777344,16.495567321777344,1970,0.0,0.0
2016-07-21 00:00:00-04:00,16.495564284873016,16.92070770263672,16.495564284873016,16.92070770263672,1410,0.0,0.0
2016-07-22 00:00:00-04:00,16.580596345342975,16.580596345342975,16.240481872874174,16.495567321777344,2070,0.0,0.0
2016-07-25 00:00:00-04:00,16.325509591240706,16.58059501975019,15.985393524169922,15.985393524169922,2990,0.0,0.0
2016-07-26 00:00:00-04:00,16.07042180803297,16.24047983381273,15.985392795143094,16.15545082092285,340,0.0,0.0
2016-07-27 00:00:00-04:00,16.15545082092285,16.24047983381273,15.815336391156865,16.15545082092285,1440,0.0,0.0
2016-07-28 00:00:00-04:00,16.495567321777344,16.495567321777344,16.240481872874174,16.495567321777344,3930,0.0,0.0
2016-07-29 00:00:00-04:00,16.495562688134076,16.66562068749564,16.070419311523438,16.070419311523438,3740,0.0,0.0
2016-08-01 00:00:00-04:00,16.155452849308542,16.495567321777344,16.155452849308542,16.495567321777344,1710,0.0,0.0
2016-08-02 00:00:00-04:00,16.32550652601965,17.005735288856595,16.240477525216708,16.410533905029297,3180,0.0,0.0
2016-08-03 00:00:00-04:00,16.155452121900986,16.665624618530273,16.155452121900986,16.665624618530273,1160,0.0,0.0
2016-08-04 00:00:00-04:00,16.66562403017079,17.175796508789062,16.580595013435477,17.175796508789062,2260,0.0,0.0
2016-08-05 00:00:00-04:00,16.66562536890861,16.66562536890861,16.495567321777344,16.495567321777344,1750,0.0,0.0
2016-08-08 00:00:00-04:00,16.325512587848163,16.750656127929688,16.325512587848163,16.750656127929688,2500,0.0,0.0
2016-08-09 00:00:00-04:00,16.580595598793117,16.665624618530273,16.240481141638142,16.665624618530273,1450,0.0,0.0
2016-08-10 00:00:00-04:00,16.580595460311752,16.580595460311752,16.24048100599742,16.325510025024414,180,0.0,0.0
2016-08-11 00:00:00-04:00,16.41053742225776,16.41053742225776,16.24048100599742,16.325510025024414,1170,0.0,0.0
2016-08-12 00:00:00-04:00,16.49556644128476,16.665624479338746,16.155451986970423,16.325510025024414,9150,0.0,0.0
2016-08-15 00:00:00-04:00,16.580595016479492,17.005738478440506,16.49556599972857,16.580595016479492,8920,0.0,0.0
2016-08-16 00:00:00-04:00,16.665620907438125,16.920706288053655,16.240477525216708,16.410533905029297,4930,0.0,0.0
2016-08-17 00:00:00-04:00,16.49556391179664,16.665621923773333,16.240478515625,16.240478515625,3800,0.0,0.0
2016-08-18 00:00:00-04:00,16.495567321777344,16.920710817811777,16.495567321777344,16.495567321777344,6710,0.0,0.0
2016-08-19 00:00:00-04:00,16.435333251953125,16.435333251953125,16.435333251953125,16.435333251953125,410,0.23,0.0
2016-08-22 00:00:00-04:00,16.091135614205168,16.26323232953663,15.919037257622142,16.177183151245117,3520,0.0,0.0
2016-08-23 00:00:00-04:00,16.349281506660656,16.779525756835938,16.091135613056114,16.779525756835938,1600,0.0,0.0
2016-08-24 00:00:00-04:00,16.779528731504005,17.037674670872555,16.435333598595317,16.693479537963867,4500,0.0,0.0
2016-08-25 00:00:00-04:00,16.349279822681794,16.693474859119554,16.349279822681794,16.607425689697266,5450,0.0,0.0
2016-08-26 00:00:00-04:00,16.607425689697266,16.607425689697266,16.177181483837217,16.607425689697266,1700,0.0,0.0
2016-08-29 00:00:00-04:00,16.435330294583615,16.779525358298407,16.435330294583615,16.521379470825195,1250,0.0,0.0
2016-08-30 00:00:00-04:00,16.521385134518695,16.521385134518695,15.746943924109935,16.091140747070312,5520,0.0,0.0
2016-08-31 00:00:00-04:00,16.091137145544053,16.091137145544053,15.574843667912637,15.919038772583008,2940,0.0,0.0
2016-09-01 00:00:00-04:00,16.177188311558318,16.177188311558318,15.746943924109935,16.091140747070312,2770,0.0,0.0
2016-09-02 00:00:00-04:00,16.091135230868826,16.521379470825195,16.091135230868826,16.521379470825195,590,0.0,0.0
2016-09-06 00:00:00-04:00,16.521381592972734,16.60742913901547,16.177184843794844,16.34928321838379,4590,0.0,0.0
2016-09-07 00:00:00-04:00,16.60742700581525,16.60742700581525,16.263231942100457,16.521379470825195,1960,0.0,0.0
2016-09-08 00:00:00-04:00,16.4353359287786,16.4353359287786,16.091140747070312,16.091140747070312,2030,0.0,0.0
2016-09-09 00:00:00-04:00,15.919037718023532,16.00508689880371,15.919037718023532,16.00508689880371,1180,0.0,0.0
2016-09-12 00:00:00-04:00,16.09113607958389,16.263232799892634,15.660891816934605,16.00508689880371,1310,0.0,0.0
2016-09-13 00:00:00-04:00,15.919037530824491,16.00508671059278,15.488793273234641,15.57484245300293,4090,0.0,0.0
2016-09-14 00:00:00-04:00,15.488791876987474,15.91903609579268,15.488791876987474,15.74693775177002,4200,0.0,0.0
2016-09-15 00:00:00-04:00,15.574844697167611,15.574844697167611,15.316697120666504,15.316697120666504,6190,0.0,0.0
2016-09-16 00:00:00-04:00,15.488792980267672,15.488792980267672,15.058548730815792,15.230647087097168,3790,0.0,0.0
2016-09-19 00:00:00-04:00,15.402743802126984,15.402743802126984,15.14459790895648,15.230647087097168,1970,0.0,0.0
2016-09-20 00:00:00-04:00,15.14459790895648,15.402743802126984,15.14459790895648,15.230647087097168,4360,0.0,0.0
2016-09-21 00:00:00-04:00,15.316697120666504,15.574844697167611,15.144600377584261,15.316697120666504,13700,0.0,0.0
2016-09-22 00:00:00-04:00,15.144598195413078,15.660891632771218,15.144598195413078,15.57484245300293,1680,0.0,0.0
2016-09-23 00:00:00-04:00,15.488792980267672,15.488792980267672,15.23064708709717,15.230647087097168,2920,0.0,0.0
2016-09-26 00:00:00-04:00,15.144599225548518,15.660892698024933,15.058550039927164,15.488794326782227,2170,0.0,0.0
2016-09-27 00:00:00-04:00,15.316699545905697,15.316699545905697,15.144602775573732,15.14460277557373,4770,0.0,0.0
2016-09-28 00:00:00-04:00,15.058553569781704,15.316699545905697,15.058553569781704,15.14460277557373,1240,0.0,0.0
2016-09-29 00:00:00-04:00,15.402742704976143,15.83298692378135,15.230646002204926,15.74693775177002,980,0.0,0.0
2016-09-30 00:00:00-04:00,15.488796004041903,15.91904033748751,15.402746809102405,15.660894393920898,2180,0.0,0.0
2016-10-03 00:00:00-04:00,15.574845562888454,15.574845562888454,14.886453628540039,14.886453628540039,4050,0.0,0.0
2016-10-04 00:00:00-04:00,14.800404621381446,14.800404621381446,14.1980619430542,14.1980619430542,5420,0.0,0.0
2016-10-05 00:00:00-04:00,13.939915347227469,14.542256355285645,13.767816978495603,14.542256355285645,8440,0.0,0.0
2016-10-06 00:00:00-04:00,14.628308460179824,14.628308460179824,13.939918130319223,14.025965690612793,5120,0.0,0.0
2016-10-07 00:00:00-04:00,14.025963704577888,14.714355578216246,13.767817777745863,14.62830638885498,8280,0.0,0.0
2016-10-10 00:00:00-04:00,13.767817574087738,15.058550471658464,13.767817574087738,14.80040454864502,3980,0.0,0.0
2016-10-11 00:00:00-04:00,14.628306244358873,14.714355432870159,14.112012754542913,14.1980619430542,2140,0.0,0.0
2016-10-12 00:00:00-04:00,14.19806125907359,14.542256355285645,13.939915347227469,14.542256355285645,2200,0.0,0.0
2016-10-13 00:00:00-04:00,14.542255974359028,14.542255974359028,14.11201170505106,14.284110069274902,3650,0.0,0.0
2016-10-14 00:00:00-04:00,14.284111131565487,14.628306244358873,14.1980619430542,14.1980619430542,1310,0.0,0.0
2016-10-17 00:00:00-04:00,14.112012074707657,14.542256355285645,14.112012074707657,14.542256355285645,700,0.0,0.0
2016-10-18 00:00:00-04:00,14.542257199493713,14.714355578216246,14.456208010132446,14.62830638885498,5010,0.0,0.0
2016-10-19 00:00:00-04:00,14.456206689418138,14.54225587091798,14.370159149169922,14.370159149169922,3560,0.0,0.0
2016-10-20 00:00:00-04:00,14.370159251386823,14.370159251386823,14.198060887162981,14.284110069274902,1180,0.0,0.0
2016-10-21 00:00:00-04:00,13.853866830260813,14.284111131565487,13.853866830260813,14.1980619430542,1290,0.0,0.0
2016-10-24 00:00:00-04:00,14.025965690612793,14.198064093703946,13.76781972722807,14.025965690612793,8350,0.0,0.0
2016-10-25 00:00:00-04:00,14.19806125907359,14.628305539651578,14.19806125907359,14.542256355285645,1340,0.0,0.0
2016-10-26 00:00:00-04:00,14.62830275028332,14.62830275028332,14.198058551745575,14.456204414367676,47340,0.0,0.0
2016-10-27 00:00:00-04:00,14.714354724017511,14.800403908383444,14.456207170919711,14.542256355285645,26880,0.0,0.0
2016-10-28 00:00:00-04:00,14.456206689418138,14.800403415417506,14.370159149169922,14.370159149169922,13540,0.0,0.0
2016-10-31 00:00:00-04:00,14.370159149169922,14.88645095566572,14.28410996767008,14.370159149169922,11290,0.0,0.0
2016-11-01 00:00:00-04:00,14.800403908383444,14.886451451497699,14.370159627805457,14.542256355285645,14680,0.0,0.0
2016-11-02 00:00:00-04:00,14.800403735100991,14.800403735100991,14.025962726126389,14.112011909484863,8100,0.0,0.0
2016-11-03 00:00:00-04:00,14.025962890341724,14.714354724017511,13.853866162861536,14.542256355285645,4910,0.0,0.0
2016-11-04 00:00:00-04:00,14.37015688766122,14.714351918241142,14.198058551745575,14.456204414367676,8400,0.0,0.0
2016-11-07 00:00:00-05:00,14.542256355285645,14.886451451497699,14.370159627805457,14.542256355285645,17400,0.0,0.0
2016-11-08 00:00:00-05:00,14.542253582325497,14.62830275028332,14.37015688766122,14.456204414367676,19160,0.0,0.0
2016-11-09 00:00:00-05:00,14.800404621381446,14.800404621381446,13.9399160187721,14.1980619430542,7120,0.0,0.0
2016-11-10 00:00:00-05:00,14.284110069274902,14.456206792247107,13.853865799966933,14.284110069274902,9090,0.0,0.0
2016-11-11 00:00:00-05:00,14.198063037622202,14.714356567240658,12.649183269392772,13.16547679901123,20980,0.0,0.0
2016-11-14 00:00:00-05:00,13.423622180624863,14.456207492210334,12.993377890484654,13.939915657043457,10470,0.0,0.0
2016-11-15 00:00:00-05:00,14.112011909484863,14.456207001667096,13.853866000661103,14.112011909484863,8120,0.0,0.0
2016-11-16 00:00:00-05:00,14.284107719703398,14.62830275028332,13.76781435320783,14.456204414367676,9360,0.0,0.0
2016-11-17 00:00:00-05:00,14.822410230527058,15.258363472601383,14.560838950494318,14.909601211547852,4530,0.22,0.0
2016-11-18 00:00:00-05:00,14.909597729456436,15.258359909057617,14.822406768798828,14.822406768798828,2470,0.0,0.0
2016-11-21 00:00:00-05:00,15.607122757607659,15.607122757607659,15.171169598663147,15.51993179321289,10340,0.0,0.0
2016-11-22 00:00:00-05:00,15.955890290005884,16.043081283569336,15.519936985218513,16.043081283569336,14680,0.0,0.0
2016-11-23 00:00:00-05:00,15.432747654684942,16.217463270696236,15.432747654684942,16.043081283569336,10770,0.0,0.0
2016-11-25 00:00:00-05:00,16.13026980864696,17.176558245230506,16.13026980864696,17.00217628479004,17440,0.0,0.0
2016-11-28 00:00:00-05:00,16.827794324349572,17.263747562421113,16.391841086278035,17.00217628479004,10880,0.0,0.0
2016-11-29 00:00:00-05:00,17.00217407781443,17.26374532149212,16.130267714849587,16.653411865234375,8290,0.0,0.0
2016-11-30 00:00:00-05:00,17.17655708712302,17.17655708712302,16.30465066976712,16.3918399810791,5710,0.0,0.0
2016-12-01 00:00:00-05:00,16.479034588356708,16.74060756904706,15.955890290005884,16.043081283569336,11450,0.0,0.0
2016-12-02 00:00:00-05:00,16.30465066976712,16.566221929762087,16.043077746742643,16.3918399810791,8250,0.0,0.0
2016-12-05 00:00:00-05:00,16.21746253967285,16.479033845542652,15.868700244169847,16.21746253967285,5710,0.0,0.0
2016-12-06 00:00:00-05:00,16.740606443192863,16.740606443192863,15.781508904556752,16.30465316772461,7700,0.0,0.0
2016-12-07 00:00:00-05:00,16.30465210854881,17.002176638773822,15.955888180406646,16.91498565673828,10290,0.0,0.0
2016-12-08 00:00:00-05:00,17.176554057105164,17.35093431199721,16.566219007409952,17.08936309814453,8530,0.0,0.0
2016-12-09 00:00:00-05:00,16.91498565673828,17.350938903886327,16.653414373661317,16.91498565673828,5230,0.0,0.0
2016-12-12 00:00:00-05:00,17.002178342718828,17.263749652010265,16.566225051879883,16.566225051879883,7710,0.0,0.0
2016-12-13 00:00:00-05:00,16.653416575483607,16.91498789314408,16.043081283569336,16.043081283569336,8220,0.0,0.0
2016-12-14 00:00:00-05:00,16.217463270696236,16.304654264259685,15.781509965908864,16.043081283569336,2990,0.0,0.0
2016-12-15 00:00:00-05:00,15.781508804836651,16.04308010325288,15.345555532123095,15.694317817687988,14090,0.0,0.0
2016-12-16 00:00:00-05:00,15.607121113186233,15.694312068394252,15.2583589553833,15.2583589553833,2540,0.0,0.0
2016-12-19 00:00:00-05:00,15.17117020498031,15.694314349227092,14.73521702861289,14.996789932250977,6520,0.0,0.0
2016-12-20 00:00:00-05:00,14.735216439718634,15.607122757607659,14.560836173958425,15.51993179321289,8330,0.0,0.0
2016-12-21 00:00:00-05:00,15.694310889501972,16.21745491842451,15.432739706555216,15.95588207244873,2980,0.0,0.0
2016-12-22 00:00:00-05:00,15.868696554074676,16.217458768476767,15.781505584716797,15.781505584716797,2830,0.0,0.0
2016-12-23 00:00:00-05:00,15.955885860403134,15.955885860403134,15.432743370314705,15.781505584716797,2100,0.0,0.0
2016-12-27 00:00:00-05:00,16.479034588356708,16.479034588356708,15.694318972345414,16.043081283569336,2910,0.0,0.0
2016-12-28 00:00:00-05:00,15.607127978781962,16.217463270696236,15.607127978781962,16.043081283569336,4260,0.0,0.0
2016-12-29 00:00:00-05:00,16.043080560406448,16.391842855909452,15.43274695903364,16.21746253967285,11510,0.0,0.0
2016-12-30 00:00:00-05:00,16.043077746742643,16.65341290410358,15.95588677240115,16.3918399810791,4690,0.0,0.0
2017-01-03 00:00:00-05:00,16.391842855909452,16.479033845542652,15.955889570773245,16.21746253967285,3370,0.0,0.0
2017-01-04 00:00:00-05:00,16.479032409590236,17.002176638773822,16.21746112651327,16.91498565673828,5970,0.0,0.0
2017-01-05 00:00:00-05:00,17.002175848241098,17.525320053100586,17.002175848241098,17.525320053100586,4790,0.0,0.0
2017-01-06 00:00:00-05:00,17.43813013551231,17.525321118795805,17.089367865408,17.263748168945312,1670,0.0,0.0
2017-01-09 00:00:00-05:00,17.35093590444134,17.35093590444134,16.740602461759817,17.176555633544922,1450,0.0,0.0
2017-01-10 00:00:00-05:00,17.26374532149212,17.26374532149212,16.391838958527277,16.653411865234375,5710,0.0,0.0
2017-01-11 00:00:00-05:00,16.391839636621594,16.740603526658653,16.13026838212328,16.47903060913086,2640,0.0,0.0
2017-01-12 00:00:00-05:00,17.002175138440034,17.263746398435,16.217459695425628,16.3918399810791,2190,0.0,0.0
2017-01-13 00:00:00-05:00,16.217463270696236,16.391843594793258,15.694318972345414,16.043081283569336,5530,0.0,0.0
2017-01-17 00:00:00-05:00,15.868697248127386,16.130268504612,15.519933355441914,15.607124328613281,5340,0.0,0.0
2017-01-18 00:00:00-05:00,15.955889216926192,16.30465316772461,15.955889216926192,16.30465316772461,2370,0.0,0.0
2017-01-19 00:00:00-05:00,16.304651346900304,16.304651346900304,15.60712518622957,15.868698120117188,1060,0.0,0.0
2017-01-20 00:00:00-05:00,15.86869565079196,15.86869565079196,15.258360563057913,15.51993179321289,6220,0.0,0.0
2017-01-23 00:00:00-05:00,15.17117112578593,16.130268504612,15.17117112578593,15.607124328613281,2220,0.0,0.0
2017-01-24 00:00:00-05:00,16.217460985550133,16.39184128507583,16.13027000427246,16.13027000427246,2840,0.0,0.0
2017-01-25 00:00:00-05:00,16.304651966827805,16.304651966827805,15.781507742191417,16.13027000427246,3710,0.0,0.0
2017-01-26 00:00:00-05:00,16.13026779911889,16.13026779911889,15.69431461535892,15.781505584716797,1750,0.0,0.0
2017-01-27 00:00:00-05:00,15.868698209085702,15.868698209085702,15.432744979858398,15.432744979858398,2970,0.0,0.0
2017-01-30 00:00:00-05:00,15.432744979858398,15.694316252182944,15.25836302295564,15.432744979858398,2320,0.0,0.0
2017-01-31 00:00:00-05:00,15.432745332248935,15.781507590988479,15.258363371364347,15.34555435180664,2870,0.0,0.0
2017-02-01 00:00:00-05:00,15.25835780923803,15.95588207244873,15.171166860579437,15.95588207244873,5850,0.0,0.0
2017-02-02 00:00:00-05:00,16.130272277132786,16.130272277132786,15.694318972345414,16.043081283569336,7840,0.0,0.0
2017-02-03 00:00:00-05:00,16.130272277132786,16.391843594793258,15.694318972345414,16.043081283569336,9160,0.0,0.0
2017-02-06 00:00:00-05:00,15.868700959472314,16.043081283569336,15.345556661121492,16.043081283569336,6030,0.0,0.0
2017-02-07 00:00:00-05:00,15.868696554074676,15.955885860403134,15.519932676643165,15.781505584716797,1950,0.0,0.0
2017-02-08 00:00:00-05:00,15.781503023602273,15.868693978810292,15.2583589553833,15.2583589553833,10150,0.0,0.0
2017-02-09 00:00:00-05:00,15.607126830539325,15.694317817687988,15.171173557825771,15.694317817687988,2700,0.0,0.0
2017-02-10 00:00:00-05:00,15.69431616419211,15.868698120117188,15.60712518622957,15.868698120117188,2330,0.0,0.0
2017-02-13 00:00:00-05:00,15.868698209085702,15.868698209085702,15.432744979858398,15.432744979858398,6680,0.0,0.0
2017-02-14 00:00:00-05:00,15.25836302295564,15.519934295280185,15.171172044504262,15.432744979858398,7650,0.0,0.0
2017-02-15 00:00:00-05:00,15.171169598663147,15.607122757607659,15.171169598663147,15.51993179321289,1980,0.0,0.0
2017-02-16 00:00:00-05:00,15.519934295280185,15.519934295280185,15.25836302295564,15.432744979858398,940,0.0,0.0
2017-02-17 00:00:00-05:00,15.432745332248935,15.519934649661598,15.258363371364347,15.34555435180664,2210,0.0,0.0
2017-02-21 00:00:00-05:00,15.43274086579934,15.607121113186233,15.171168000175282,15.2583589553833,10320,0.0,0.0
2017-02-22 00:00:00-05:00,15.258360563057913,15.51993179321289,15.171169598663147,15.51993179321289,3780,0.0,0.0
2017-02-23 00:00:00-05:00,15.25836302295564,15.607125273731565,15.25836302295564,15.432744979858398,1280,0.0,0.0
2017-02-24 00:00:00-05:00,15.34555400140702,15.694316252182944,15.25836302295564,15.432744979858398,5270,0.0,0.0
2017-02-27 00:00:00-05:00,15.69431536651075,15.69431536651075,15.171171188354492,15.171171188354492,3410,0.0,0.0
2017-02-28 00:00:00-05:00,15.258363472601383,15.345554453622176,14.822410230527058,14.909601211547852,10500,0.0,0.0
2017-03-01 00:00:00-05:00,14.909598964371614,15.083979237100948,14.73521702861289,14.996789932250977,5020,0.0,0.0
2017-03-02 00:00:00-05:00,15.0839779877424,15.0839779877424,14.822406768798828,14.822406768798828,1340,0.0,0.0
2017-03-03 00:00:00-05:00,14.82240584237235,15.2583589553833,14.64802393195631,15.2583589553833,3150,0.0,0.0
2017-03-06 00:00:00-05:00,15.17117249158059,15.17117249158059,14.822410230527058,14.909601211547852,3610,0.0,0.0
2017-03-07 00:00:00-05:00,14.822407996492252,14.996789932250977,14.822407996492252,14.996789932250977,1970,0.0,0.0
2017-03-08 00:00:00-05:00,15.191096233668073,15.191096233668073,14.749494618556518,15.102775573730469,4160,0.22,0.0
2017-03-09 00:00:00-05:00,14.926132117327116,15.102773411917875,14.749492507312592,14.837811470031738,4680,0.0,0.0
2017-03-10 00:00:00-05:00,15.102772882580698,15.721014022827148,14.926131594181042,15.721014022827148,8340,0.0,0.0
2017-03-13 00:00:00-04:00,15.809333649639614,15.809333649639614,15.456052780151367,15.456052780151367,2440,0.0,0.0
2017-03-14 00:00:00-04:00,15.544374152115138,15.897655038272633,15.01445198059082,15.01445198059082,1310,0.0,0.0
2017-03-15 00:00:00-04:00,15.191093526780527,15.721014022827148,15.191093526780527,15.721014022827148,1580,0.0,0.0
2017-03-16 00:00:00-04:00,15.809334667026976,15.809334667026976,15.456053774803838,15.721014022827148,2920,0.0,0.0
2017-03-17 00:00:00-04:00,15.456056736830513,15.809337696757055,15.367736075704753,15.632698059082031,3690,0.0,0.0
2017-03-20 00:00:00-04:00,15.632697987687731,15.721016963833643,15.456056666242931,15.544377326965332,2440,0.0,0.0
2017-03-21 00:00:00-04:00,15.544377326965332,15.632697987687731,15.36773600552053,15.544377326965332,1960,0.0,0.0
2017-03-22 00:00:00-04:00,15.367736749286484,15.544378079280351,15.191097103869186,15.27941608428955,2960,0.0,0.0
2017-03-23 00:00:00-04:00,15.456055563478483,15.544376217899348,15.191095284792256,15.367734909057617,2900,0.0,0.0
2017-03-24 00:00:00-04:00,15.27941336319024,15.367734012458214,14.92613245069461,15.191094398498535,2480,0.0,0.0
2017-03-27 00:00:00-04:00,15.191095284792256,15.456055563478483,15.014453975950525,15.367734909057617,2320,0.0,0.0
2017-03-28 00:00:00-04:00,15.367735868966811,15.456056528904417,15.014454913792862,15.102775573730469,2450,0.0,0.0
2017-03-29 00:00:00-04:00,15.01445198059082,15.10277262327423,14.92613133790741,15.01445198059082,1730,0.0,0.0
2017-03-30 00:00:00-04:00,14.926132117327116,15.014452764622495,14.837811470031738,14.837811470031738,1770,0.0,0.0
2017-03-31 00:00:00-04:00,14.749493598937988,15.014453875857878,14.661172945105905,14.749493598937988,5300,0.0,0.0
2017-04-03 00:00:00-04:00,14.57285213470459,14.926133061660948,14.307891860631406,14.57285213470459,7480,0.0,0.0
2017-04-04 00:00:00-04:00,14.837812327611726,14.926132980011767,14.307891782364138,14.48453140258789,3990,0.0,0.0
2017-04-05 00:00:00-04:00,14.572854870420812,14.749496209347484,14.307894546607459,14.39621353149414,3190,0.0,0.0
2017-04-06 00:00:00-04:00,14.396209768085598,14.396209768085598,14.21957015991211,14.21957015991211,3200,0.0,0.0
2017-04-07 00:00:00-04:00,14.39621353149414,14.572854870420812,14.307894546607459,14.39621353149414,2350,0.0,0.0
2017-04-10 00:00:00-04:00,14.484532281607358,14.484532281607358,14.131251335144043,14.131251335144043,4780,0.0,0.0
2017-04-11 00:00:00-04:00,14.21957313449358,14.837814419294519,14.131252469642996,14.661174774169922,7420,0.0,0.0
2017-04-12 00:00:00-04:00,14.661172945105905,14.926133222025795,14.661172945105905,14.749493598937988,6830,0.0,0.0
2017-04-13 00:00:00-04:00,14.749493598937988,15.102774529689961,14.661172945105905,14.749493598937988,4670,0.0,0.0
2017-04-17 00:00:00-04:00,14.837810695224,15.367732866748316,14.837810695224,15.01445198059082,4860,0.0,0.0
2017-04-18 00:00:00-04:00,15.014454913792862,15.191096233668073,14.926134253855256,15.102775573730469,3130,0.0,0.0
2017-04-19 00:00:00-04:00,14.484533444468758,15.102776413846266,14.484533444468758,14.661174774169922,1950,0.0,0.0
2017-04-20 00:00:00-04:00,14.749493359788016,14.749493359788016,14.48453140258789,14.48453140258789,1080,0.0,0.0
2017-04-21 00:00:00-04:00,14.661171860017213,15.191094059213253,14.661171860017213,14.837811470031738,8920,0.0,0.0
2017-04-24 00:00:00-04:00,15.191094398498535,15.191094398498535,14.661172187466954,15.191094398498535,4880,0.0,0.0
2017-04-25 00:00:00-04:00,15.10277374923056,15.367734012458214,14.837811801426634,15.191094398498535,5160,0.0,0.0
2017-04-26 00:00:00-04:00,15.279414152777768,15.279414152777768,14.661172945105905,14.749493598937988,6040,0.0,0.0
2017-04-27 00:00:00-04:00,14.837812568193714,14.837812568193714,14.749493598937988,14.749493598937988,3470,0.0,0.0
2017-04-28 00:00:00-04:00,14.749495418294998,15.279416037500729,14.749495418294998,14.926135063171387,3750,0.0,0.0
2017-05-01 00:00:00-04:00,15.19109326595764,15.279412224064906,14.661171094433325,15.01445198059082,2470,0.0,0.0
2017-05-02 00:00:00-04:00,15.01445198059082,15.01445198059082,14.749491737116735,15.01445198059082,1860,0.0,0.0
2017-05-03 00:00:00-04:00,14.837811470031738,14.926132117327116,14.749492507312592,14.837811470031738,3200,0.0,0.0
2017-05-04 00:00:00-04:00,14.837811470031738,15.014452764622495,14.749492507312592,14.837811470031738,4740,0.0,0.0
2017-05-05 00:00:00-04:00,14.749492507312592,14.837811470031738,14.749492507312592,14.837811470031738,3380,0.0,0.0
2017-05-08 00:00:00-04:00,14.749492507312592,14.926132117327116,14.661171860017213,14.837811470031738,2190,0.0,0.0
2017-05-09 00:00:00-04:00,14.926132117327116,14.926132117327116,14.572851212721835,14.837811470031738,4310,0.0,0.0
2017-05-10 00:00:00-04:00,14.837810695224,15.01445198059082,14.749491737116735,15.01445198059082,6960,0.0,0.0
2017-05-11 00:00:00-04:00,15.014453099962585,15.191094398498535,14.837811801426634,15.191094398498535,2630,0.0,0.0
2017-05-12 00:00:00-04:00,15.36773600552053,15.544377326965332,15.19109636865222,15.544377326965332,2950,0.0,0.0
2017-05-15 00:00:00-04:00,15.279416084289549,15.367736749286484,15.01445577387532,15.27941608428955,2110,0.0,0.0
2017-05-16 00:00:00-04:00,15.456055563478483,15.544376217899348,15.279414254636752,15.367734909057617,2270,0.0,0.0
2017-05-17 00:00:00-04:00,15.367733130604009,15.809334667026976,15.367733130604009,15.721014022827148,1980,0.0,0.0
2017-05-18 00:00:00-04:00,15.721014022827148,15.721014022827148,15.279412486404182,15.721014022827148,3300,0.0,0.0
2017-05-19 00:00:00-04:00,15.809336888806424,16.074298858642578,15.721016232194373,16.074298858642578,9870,0.0,0.0
2017-05-22 00:00:00-04:00,15.985979138745696,16.780861725678314,15.985979138745696,16.33926010131836,8040,0.0,0.0
2017-05-23 00:00:00-04:00,16.339254174540127,16.339254174540127,15.985973340113897,16.162612915039062,2380,0.0,0.0
2017-05-24 00:00:00-04:00,16.339259151266347,16.604219436645508,16.16261783796263,16.604219436645508,2640,0.0,0.0
2017-05-25 00:00:00-04:00,16.604220402103728,16.69254106389102,16.33926010131836,16.33926010131836,1190,0.0,0.0
2017-05-26 00:00:00-04:00,16.427580640060874,16.515901301186634,15.632698059082033,15.632698059082031,7810,0.0,0.0
2017-05-30 00:00:00-04:00,15.809337696757055,15.809337696757055,15.279415414578995,15.632698059082031,5420,0.0,0.0
2017-05-31 00:00:00-04:00,15.721014924953845,15.721014924953845,14.74949283673493,15.191094398498535,11700,0.0,0.0
2017-06-01 00:00:00-04:00,15.014455047207418,15.544377326965332,14.92613438648502,15.544377326965332,2220,0.0,0.0
2017-06-02 00:00:00-04:00,15.632698059082033,15.809337696757055,15.456056736830513,15.632698059082031,2400,0.0,0.0
2017-06-05 00:00:00-04:00,15.456052780151367,15.721013011123537,15.456052780151367,15.456052780151367,2930,0.0,0.0
2017-06-06 00:00:00-04:00,15.191095284792256,15.544376217899348,15.191095284792256,15.367734909057617,4420,0.0,0.0
2017-06-07 00:00:00-04:00,15.36773214163529,15.456052780151367,15.1910925491792,15.456052780151367,2800,0.0,0.0
2017-06-08 00:00:00-04:00,15.279414254636752,15.544376217899348,15.191095284792256,15.367734909057617,2620,0.0,0.0
2017-06-09 00:00:00-04:00,15.27941336319024,15.63269596026214,15.191094398498535,15.191094398498535,2490,0.0,0.0
2017-06-12 00:00:00-04:00,14.837811801426634,15.367734012458214,14.837811801426634,15.191094398498535,5300,0.0,0.0
2017-06-13 00:00:00-04:00,15.191094398498535,15.45605466172619,15.191094398498535,15.191094398498535,1150,0.0,0.0
2017-06-14 00:00:00-04:00,15.279412224064906,15.456053509431726,14.837810695224,15.01445198059082,5270,0.0,0.0
2017-06-15 00:00:00-04:00,14.837812327611726,15.10277428481185,14.39621075018785,14.48453140258789,4920,0.0,0.0
2017-06-16 00:00:00-04:00,14.484531466708836,14.661172772290884,14.307891845703125,14.307891845703125,2500,0.0,0.0
2017-06-19 00:00:00-04:00,14.572854870420812,14.661175539884148,14.131253207680787,14.39621353149414,2360,0.0,0.0
2017-06-20 00:00:00-04:00,14.21957266553987,14.21957266553987,12.718126466326545,13.07140827178955,22070,0.0,0.0
2017-06-21 00:00:00-04:00,13.159728525439727,14.661174774169922,13.159728525439727,14.661174774169922,36320,0.0,0.0
2017-06-22 00:00:00-04:00,15.456057414283418,16.162619365105744,15.102776438872253,15.27941608428955,24550,0.0,0.0
2017-06-23 00:00:00-04:00,15.279416084289549,15.456057414283418,15.01445577387532,15.27941608428955,5480,0.0,0.0
2017-06-26 00:00:00-04:00,15.544376217899348,15.544376217899348,15.191095284792256,15.367734909057617,4540,0.0,0.0
2017-06-27 00:00:00-04:00,15.36773214163529,15.544373418667446,15.279411503119212,15.456052780151367,5080,0.0,0.0
2017-06-28 00:00:00-04:00,15.367733130604009,15.809334667026976,15.367733130604009,15.721014022827148,5890,0.0,0.0
2017-06-29 00:00:00-04:00,15.721016963833643,15.897658285278442,15.456056666242931,15.544377326965332,5330,0.0,0.0
2017-06-30 00:00:00-04:00,15.456056666242931,15.721016963833643,15.456056666242931,15.544377326965332,3010,0.0,0.0
2017-07-03 00:00:00-04:00,15.985979968127342,16.162619616289803,15.544378320856291,15.897659301757812,3160,0.0,0.0
2017-07-05 00:00:00-04:00,15.367733130604009,15.721014022827148,15.367733130604009,15.721014022827148,2820,0.0,0.0
2017-07-06 00:00:00-04:00,15.721016963833643,15.809337624556044,15.456056666242931,15.544377326965332,4760,0.0,0.0
2017-07-07 00:00:00-04:00,15.632698059082033,15.632698059082033,15.279415414578995,15.632698059082031,6990,0.0,0.0
2017-07-10 00:00:00-04:00,15.544377397956273,15.632698059082033,15.279415414578995,15.632698059082031,7410,0.0,0.0
2017-07-11 00:00:00-04:00,15.456053774803838,15.721014022827148,15.456053774803838,15.721014022827148,2040,0.0,0.0
2017-07-12 00:00:00-04:00,15.80933666229248,16.074298628332297,15.721016006945876,15.80933666229248,6290,0.0,0.0
2017-07-13 00:00:00-04:00,16.162619616289803,16.162619616289803,15.721017969018753,15.897659301757812,580,0.0,0.0
2017-07-14 00:00:00-04:00,15.721016006945876,16.074298628332297,15.721016006945876,15.80933666229248,8450,0.0,0.0
2017-07-17 00:00:00-04:00,15.897659301757812,16.074300634496872,15.63269898722582,15.897659301757812,3930,0.0,0.0
2017-07-18 00:00:00-04:00,15.809335870999645,15.985977172851562,15.809335870999645,15.985977172851562,1890,0.0,0.0
2017-07-19 00:00:00-04:00,15.985978202030527,16.074298858642578,15.897657545418475,16.074298858642578,2090,0.0,0.0
2017-07-20 00:00:00-04:00,16.25093848729027,16.25093848729027,15.897657545418475,16.074298858642578,2300,0.0,0.0
2017-07-21 00:00:00-04:00,15.985978202030527,16.16261783067822,15.985978202030527,16.074298858642578,1080,0.0,0.0
2017-07-24 00:00:00-04:00,15.985979968127342,16.162619616289803,15.809338635388283,15.897659301757812,2920,0.0,0.0
2017-07-25 00:00:00-04:00,15.985981883938916,16.25094223022461,15.985981883938916,16.25094223022461,2240,0.0,0.0
2017-07-26 00:00:00-04:00,15.721011450862303,16.162612915039062,15.721011450862303,16.162612915039062,5060,0.0,0.0
2017-07-27 00:00:00-04:00,16.074298858642578,16.074298858642578,15.897657545418475,16.074298858642578,2200,0.0,0.0
2017-07-28 00:00:00-04:00,16.162618777743774,16.33926010131836,16.162618777743774,16.33926010131836,3820,0.0,0.0
2017-07-31 00:00:00-04:00,16.339254174540127,16.692535008966356,16.074293969864428,16.162612915039062,2160,0.0,0.0
2017-08-01 00:00:00-04:00,16.427574804290657,16.427574804290657,15.985973340113897,16.162612915039062,1600,0.0,0.0
2017-08-02 00:00:00-04:00,16.162619616289803,16.162619616289803,15.721017969018753,15.897659301757812,2290,0.0,0.0
2017-08-03 00:00:00-04:00,15.985977972985692,16.074298628332297,15.80933666229248,15.80933666229248,1940,0.0,0.0
2017-08-04 00:00:00-04:00,15.897659301757812,16.074300634496872,15.809338635388283,15.897659301757812,1320,0.0,0.0
2017-08-07 00:00:00-04:00,16.07429782377752,16.250937441053136,15.632696253724031,15.985977172851562,3010,0.0,0.0
2017-08-08 00:00:00-04:00,15.985979019008573,15.985979019008573,15.632698059082033,15.632698059082031,1910,0.0,0.0
2017-08-09 00:00:00-04:00,15.80933666229248,15.897657317639087,15.721016006945876,15.80933666229248,810,0.0,0.0
2017-08-10 00:00:00-04:00,15.809337624556044,15.897658285278442,15.544377326965332,15.544377326965332,2610,0.0,0.0
2017-08-11 00:00:00-04:00,15.632694057183524,15.897654288155692,15.36773214163529,15.456052780151367,4230,0.0,0.0
2017-08-14 00:00:00-04:00,15.544375310994166,15.63269596026214,15.014453099962585,15.191094398498535,3300,0.0,0.0
2017-08-15 00:00:00-04:00,15.191096233668073,15.191096233668073,14.926134253855256,15.102775573730469,6150,0.0,0.0
2017-08-16 00:00:00-04:00,14.83781359391765,15.102775573730467,14.83781359391765,15.102775573730469,2120,0.0,0.0
2017-08-17 00:00:00-04:00,15.22818447741716,15.407340272338699,15.13860657995639,15.31776237487793,3010,0.24,0.0
2017-08-18 00:00:00-04:00,15.407340272338699,15.496916461243185,15.13860657995639,15.31776237487793,4090,0.0,0.0
2017-08-21 00:00:00-04:00,15.31776025731769,15.40733814239502,15.138604487163033,15.40733814239502,1890,0.0,0.0
2017-08-22 00:00:00-04:00,15.586494817065354,15.586494817065354,14.959452933512738,15.138607025146484,3170,0.0,0.0
2017-08-23 00:00:00-04:00,15.049026602085702,15.496914318916302,15.049026602085702,15.40733814239502,6150,0.0,0.0
2017-08-24 00:00:00-04:00,15.31776237487793,15.496916461243185,15.22818447741716,15.31776237487793,4470,0.0,0.0
2017-08-25 00:00:00-04:00,15.317760586009696,15.765648312451173,15.317760586009696,15.586492538452148,1720,0.0,0.0
2017-08-28 00:00:00-04:00,15.67607008907096,16.03437992082423,15.228182372240362,15.40733814239502,6100,0.0,0.0
2017-08-29 00:00:00-04:00,15.496916461243185,15.496916461243185,15.22818447741716,15.31776237487793,1420,0.0,0.0
2017-08-30 00:00:00-04:00,15.228182258069277,15.31776014247501,14.959450313408116,15.049026489257812,2550,0.0,0.0
2017-08-31 00:00:00-04:00,15.049029125051444,15.317762825336567,15.049029125051444,15.138607025146484,3130,0.0,0.0
2017-09-01 00:00:00-04:00,15.407339922383908,15.765649795532228,15.138606236105487,15.765649795532227,3530,0.0,0.0
2017-09-05 00:00:00-04:00,15.676070849100748,16.213536477066857,15.676070849100748,16.123958587646484,6900,0.0,0.0
2017-09-06 00:00:00-04:00,15.765649887170882,16.30311555429553,15.765649887170882,16.034381866455078,2040,0.0,0.0
2017-09-07 00:00:00-04:00,16.034380276190067,16.392690115884463,16.034380276190067,16.30311393737793,1870,0.0,0.0
2017-09-08 00:00:00-04:00,16.123957425871843,16.21353530883789,16.0343795429058,16.21353530883789,1030,0.0,0.0
2017-09-11 00:00:00-04:00,16.21353603889265,16.21353603889265,15.586492538452148,15.586492538452148,1750,0.0,0.0
2017-09-12 00:00:00-04:00,15.67607353413636,15.855229343663346,15.407341528402307,15.496917724609375,3260,0.0,0.0
2017-09-13 00:00:00-04:00,15.407341528402307,15.586495629372868,15.317763623638815,15.496917724609375,5570,0.0,0.0
2017-09-14 00:00:00-04:00,15.40733814239502,15.496914318916302,15.40733814239502,15.40733814239502,3740,0.0,0.0
2017-09-15 00:00:00-04:00,15.407338473009208,15.586492538452148,15.407338473009208,15.586492538452148,2750,0.0,0.0
2017-09-18 00:00:00-04:00,15.676072256164723,15.765650153625494,15.22818447741716,15.31776237487793,1860,0.0,0.0
2017-09-19 00:00:00-04:00,15.228185718875322,15.496917724609375,15.228185718875322,15.496917724609375,1190,0.0,0.0
2017-09-20 00:00:00-04:00,15.496916461243185,15.676072256164723,15.22818447741716,15.31776237487793,1830,0.0,0.0
2017-09-21 00:00:00-04:00,15.31776237487793,15.31776237487793,15.22818447741716,15.31776237487793,810,0.0,0.0
2017-09-22 00:00:00-04:00,15.31775851497254,15.765646180857376,15.228180640084402,15.676068305969238,500,0.0,0.0
2017-09-25 00:00:00-04:00,15.676068305969238,15.676068305969238,15.496912556192962,15.676068305969238,820,0.0,0.0
2017-09-26 00:00:00-04:00,15.676071900106086,15.944803877828264,15.676071900106086,15.765649795532227,3680,0.0,0.0
2017-09-27 00:00:00-04:00,15.765646434743116,15.855224311073792,15.228180885314941,15.228180885314941,1300,0.0,0.0
2017-09-28 00:00:00-04:00,15.138603008984266,15.317758761645617,15.138603008984266,15.228180885314941,430,0.0,0.0
2017-09-29 00:00:00-04:00,15.138603008984266,15.407336637976293,15.04902513265359,15.228180885314941,2430,0.0,0.0
2017-10-02 00:00:00-04:00,15.049029909348336,15.586495629372868,14.959453713141269,15.496917724609375,5230,0.0,0.0
2017-10-03 00:00:00-04:00,15.676068305969238,15.676068305969238,15.496912556192962,15.676068305969238,440,0.0,0.0
2017-10-04 00:00:00-04:00,15.586490582416422,16.12395612840786,15.586490582416422,15.94480037689209,2500,0.0,0.0
2017-10-05 00:00:00-04:00,15.855224209690077,16.12395612840786,15.855224209690077,15.94480037689209,1060,0.0,0.0
2017-10-06 00:00:00-04:00,16.213537932373058,16.213537932373058,15.31776237487793,15.31776237487793,7450,0.0,0.0
2017-10-09 00:00:00-04:00,15.049029909348336,15.765651438899853,15.049029909348336,15.496917724609375,1100,0.0,0.0
2017-10-10 00:00:00-04:00,15.67607042545166,15.67607042545166,15.407338473009208,15.586492538452148,1600,0.0,0.0
2017-10-11 00:00:00-04:00,15.138602765196264,15.676068305969238,15.138602765196264,15.676068305969238,3690,0.0,0.0
2017-10-12 00:00:00-04:00,15.317758761645617,15.496912805751087,15.228180885314941,15.228180885314941,2040,0.0,0.0
2017-10-13 00:00:00-04:00,15.58649220399363,15.58649220399363,15.228182372240362,15.40733814239502,450,0.0,0.0
2017-10-16 00:00:00-04:00,15.138603008984266,15.496912805751087,15.138603008984266,15.228180885314941,1290,0.0,0.0
2017-10-17 00:00:00-04:00,14.959450425564421,15.496914318916302,14.959450425564421,15.40733814239502,4100,0.0,0.0
2017-10-18 00:00:00-04:00,15.22818447741716,15.496916461243185,15.22818447741716,15.31776237487793,4040,0.0,0.0
2017-10-19 00:00:00-04:00,15.228180885314941,15.407336637976293,15.138603008984266,15.228180885314941,3880,0.0,0.0
2017-10-20 00:00:00-04:00,15.049026489257812,15.31776014247501,15.049026489257812,15.049026489257812,9080,0.0,0.0
2017-10-23 00:00:00-04:00,14.869873782853546,15.04902785942034,14.780295890292052,14.959451675415039,4110,0.0,0.0
2017-10-24 00:00:00-04:00,14.869873782853546,15.138605751981833,14.869873782853546,14.959451675415039,2170,0.0,0.0
2017-10-25 00:00:00-04:00,15.228183110555012,15.228183110555012,14.780295372009277,14.780295372009277,9540,0.0,0.0
2017-10-26 00:00:00-04:00,14.780294544596652,15.049026489257812,14.690716660190919,15.049026489257812,7870,0.0,0.0
2017-10-27 00:00:00-04:00,14.780295372009277,14.780295372009277,14.690717482588903,14.780295372009277,1430,0.0,0.0
2017-10-30 00:00:00-04:00,14.601141333132576,15.138607025146484,14.601141333132576,15.138607025146484,5060,0.0,0.0
2017-10-31 00:00:00-04:00,14.780294628382766,15.049026574567307,14.690716743469238,14.690716743469238,2440,0.0,0.0
2017-11-01 00:00:00-04:00,14.690717997730559,14.959451675415039,14.601140105169065,14.959451675415039,690,0.0,0.0
2017-11-02 00:00:00-04:00,14.869872429002383,15.049026489257812,14.780294544596652,15.049026489257812,940,0.0,0.0
2017-11-03 00:00:00-04:00,15.138603008984266,15.228180885314941,14.690715335886766,15.228180885314941,1810,0.0,0.0
2017-11-06 00:00:00-05:00,15.138603008984266,15.228180885314941,15.04902513265359,15.228180885314941,2720,0.0,0.0
2017-11-07 00:00:00-05:00,15.138603008984266,15.228180885314941,15.138603008984266,15.228180885314941,750,0.0,0.0
2017-11-08 00:00:00-05:00,15.228184925241525,15.407340725431608,15.138607025146484,15.138607025146484,830,0.0,0.0
2017-11-09 00:00:00-05:00,15.496912706658538,16.034378252649976,15.496912706658538,15.94480037689209,6530,0.0,0.0
2017-11-10 00:00:00-05:00,16.123958587646484,16.30311436648723,15.765648738521122,16.123958587646484,2910,0.0,0.0
2017-11-13 00:00:00-05:00,16.39269054735147,16.39269054735147,15.944802808805736,16.123958587646484,7940,0.0,0.0
2017-11-14 00:00:00-05:00,16.034378096965934,16.123955971854073,15.5864904310811,15.676068305969238,15620,0.0,0.0
2017-11-15 00:00:00-05:00,15.67607042545166,15.765648312451173,15.496914651452636,15.586492538452148,3160,0.0,0.0
2017-11-16 00:00:00-05:00,15.895318859092354,15.895318859092354,15.71365737915039,15.71365737915039,720,0.24,0.0
2017-11-17 00:00:00-05:00,15.804483503171337,15.9861449300562,15.804483503171337,15.89531421661377,1080,0.0,0.0
2017-11-20 00:00:00-05:00,15.89531421661377,15.9861449300562,15.713652789728906,15.89531421661377,5030,0.0,0.0
2017-11-21 00:00:00-05:00,15.713652789728906,16.07697564349863,15.713652789728906,15.89531421661377,2500,0.0,0.0
2017-11-22 00:00:00-05:00,15.986149849426807,16.076980590820312,15.8953191080333,16.076980590820312,810,0.0,0.0
2017-11-24 00:00:00-05:00,15.89531421661377,15.9861449300562,15.89531421661377,15.89531421661377,340,0.0,0.0
2017-11-27 00:00:00-05:00,15.895316044934942,15.986146768824963,15.53199488182682,15.804485321044922,6710,0.0,0.0
2017-11-28 00:00:00-05:00,15.713657625246286,16.076980590820312,15.53199787491157,16.076980590820312,3990,0.0,0.0
2017-11-29 00:00:00-05:00,16.167808573026957,16.167808573026957,15.895318098603203,15.986148834228516,2440,0.0,0.0
2017-11-30 00:00:00-05:00,15.986147061442654,16.349468231201172,15.986147061442654,16.349468231201172,5410,0.0,0.0
2017-12-01 00:00:00-05:00,16.440298070074903,17.076109649747917,16.349467349421072,16.621957778930664,8120,0.0,0.0
2017-12-04 00:00:00-05:00,16.62195883098692,16.803620283792505,16.531129837036133,16.531129837036133,6290,0.0,0.0
2017-12-05 00:00:00-05:00,16.62195957129884,16.62195957129884,16.076978653513635,16.258638381958008,5030,0.0,0.0
2017-12-06 00:00:00-05:00,16.076977786995283,16.62195867540706,16.076977786995283,16.349468231201172,8340,0.0,0.0
2017-12-07 00:00:00-05:00,15.895318098603203,16.258639308652267,15.80448736297789,15.986148834228516,5890,0.0,0.0
2017-12-08 00:00:00-05:00,15.8953191080333,16.349471082548536,15.8953191080333,16.076980590820312,8450,0.0,0.0
2017-12-11 00:00:00-05:00,15.89531421661377,16.258635337931732,15.89531421661377,15.89531421661377,3380,0.0,0.0
2017-12-12 00:00:00-05:00,16.44029879941628,16.44029879941628,15.89531618376812,16.16780662536621,2170,0.0,0.0
2017-12-13 00:00:00-05:00,15.622826733724573,16.258638381958008,15.531996003276344,16.258638381958008,4060,0.0,0.0
2017-12-14 00:00:00-05:00,15.804486462168946,16.62195957129884,15.804486462168946,16.258638381958008,1300,0.0,0.0
2017-12-15 00:00:00-05:00,15.986148834228516,16.167808573026957,15.62282762417945,15.986148834228516,8190,0.0,0.0
2017-12-18 00:00:00-05:00,15.895316044934942,16.16780648415304,15.7136545971549,15.804485321044922,3700,0.0,0.0
2017-12-19 00:00:00-05:00,15.80448736297789,16.167808573026957,15.80448736297789,15.986148834228516,2080,0.0,0.0
2017-12-20 00:00:00-05:00,16.531130573302697,16.531130573302697,15.986147923065406,16.258638381958008,3940,0.0,0.0
2017-12-21 00:00:00-05:00,16.349468231201172,16.4402989567538,16.167806780095916,16.349468231201172,7870,0.0,0.0
2017-12-22 00:00:00-05:00,15.622825049094228,16.621957778930664,15.622825049094228,16.621957778930664,5360,0.0,0.0
2017-12-26 00:00:00-05:00,16.349468384230548,16.62195883098692,16.349468384230548,16.531129837036133,850,0.0,0.0
2017-12-27 00:00:00-05:00,16.167808755423213,16.894452916171122,16.167808755423213,16.712791442871094,4170,0.0,0.0
2017-12-28 00:00:00-05:00,16.803621292114258,16.985282755820663,16.803621292114258,16.803621292114258,2140,0.0,0.0
2017-12-29 00:00:00-05:00,16.985283101866326,17.711925506591797,16.712790900755163,17.711925506591797,15230,0.0,0.0
2018-01-02 00:00:00-05:00,17.98441505432129,18.438566967131948,17.711924599615717,17.98441505432129,14350,0.0,0.0
2018-01-03 00:00:00-05:00,17.711923755629343,18.256906371523716,17.711923755629343,17.893585205078125,4010,0.0,0.0
2018-01-04 00:00:00-05:00,18.075243874413676,18.256905313333164,17.711922729026586,17.802753448486328,4240,0.0,0.0
2018-01-05 00:00:00-05:00,17.89358432449626,18.256905473062034,17.89358432449626,18.166074752807617,2420,0.0,0.0
2018-01-08 00:00:00-05:00,18.256904426309163,18.529394838997383,18.07524299621582,18.07524299621582,3490,0.0,0.0
2018-01-09 00:00:00-05:00,18.25690724147892,18.347737970531465,17.893586057720807,17.98441505432129,1200,0.0,0.0
2018-01-10 00:00:00-05:00,18.438566967131948,18.529397696184493,17.802755328668262,17.98441505432129,4840,0.0,0.0
2018-01-11 00:00:00-05:00,17.893585205078125,18.166075646799325,17.893585205078125,17.893585205078125,5710,0.0,0.0
2018-01-12 00:00:00-05:00,18.07524299621582,18.529394838997383,17.8027525835276,18.07524299621582,4330,0.0,0.0
2018-01-16 00:00:00-05:00,21.07264755433301,23.70672806551166,20.800155391654727,22.16261100769043,194250,0.0,0.0
2018-01-17 00:00:00-05:00,21.980951880439225,22.253442317881483,21.07264811236243,21.345138549804688,51070,0.0,0.0
2018-01-18 00:00:00-05:00,21.072649104343675,21.799291460030545,20.800156921622072,21.617630004882812,32280,0.0,0.0
2018-01-19 00:00:00-05:00,21.43597297562737,22.07178468363042,20.80015953517207,21.163480758666992,53050,0.0,0.0
2018-01-22 00:00:00-05:00,21.25430897395942,22.98008587998417,21.072649250008,21.799291610717773,45560,0.0,0.0
2018-01-23 00:00:00-05:00,21.617630301275852,22.25344367055834,21.254309118451026,21.980953216552734,24250,0.0,0.0
2018-01-24 00:00:00-05:00,21.980955888403145,22.25344637553078,21.617632928963275,21.708463668823242,29380,0.0,0.0
2018-01-25 00:00:00-05:00,22.0717822129199,22.25344367055834,21.708461030095073,21.980953216552734,26890,0.0,0.0
2018-01-26 00:00:00-05:00,22.07178028679767,22.34427244947595,21.799289856571292,22.16261100769043,14100,0.0,0.0
2018-01-29 00:00:00-05:00,22.0717822129199,22.34427439937756,21.799291758914293,21.980953216552734,17030,0.0,0.0
2018-01-30 00:00:00-05:00,21.617631169902786,22.253444564733158,21.617631169902786,21.89012336730957,13450,0.0,0.0
2018-01-31 00:00:00-05:00,22.071780871285345,22.253442317881483,21.16347710320855,21.345138549804688,19530,0.0,0.0
2018-02-01 00:00:00-05:00,21.526802136726072,22.16261379812491,21.163479207410024,22.0717830657959,7800,0.0,0.0
2018-02-02 00:00:00-05:00,21.617631062554047,21.79929252658981,21.435971330970403,21.52680206298828,8950,0.0,0.0
2018-02-05 00:00:00-05:00,21.526800905288436,21.526800905288436,20.89098754780909,21.072649002075195,24300,0.0,0.0
2018-02-06 00:00:00-05:00,20.890989303588867,21.345141244971234,20.618498831740315,20.890989303588867,27750,0.0,0.0
2018-02-07 00:00:00-05:00,20.981815338134766,21.345136463361197,20.709323194876106,20.981815338134766,16550,0.0,0.0
2018-02-08 00:00:00-05:00,21.345141244971234,21.345141244971234,20.890989303588867,20.890989303588867,18740,0.0,0.0
2018-02-09 00:00:00-05:00,20.981819037800587,21.345140227090432,20.436836387639776,20.618497848510742,27260,0.0,0.0
2018-02-12 00:00:00-05:00,20.89098754780909,21.34513945102233,20.800156820676037,21.072649002075195,18170,0.0,0.0
2018-02-13 00:00:00-05:00,20.890988671315235,21.52680206298828,20.890988671315235,21.52680206298828,10430,0.0,0.0
2018-02-14 00:00:00-05:00,21.43597318169561,21.980955888403145,21.43597318169561,21.708463668823242,11700,0.0,0.0
2018-02-15 00:00:00-05:00,21.61762772807697,22.79842359726972,21.61762772807697,22.616762161254883,13380,0.0,0.0
2018-02-16 00:00:00-05:00,22.525934994988834,22.980086924181773,21.43597140439706,22.0717830657959,15970,0.0,0.0
2018-02-20 00:00:00-05:00,22.07178468363042,22.525936646112136,21.072651752132447,21.163480758666992,8720,0.0,0.0
2018-02-21 00:00:00-05:00,20.527666371728902,21.526800905288436,20.527666371728902,21.072649002075195,4710,0.0,0.0
2018-02-22 00:00:00-05:00,21.254308723889277,21.617629899969465,20.800156820676037,21.072649002075195,4790,0.0,0.0
2018-02-23 00:00:00-05:00,21.435969273102756,21.435969273102756,20.800155942468223,21.345138549804688,11630,0.0,0.0
2018-02-26 00:00:00-05:00,22.162612039162106,22.525933207190604,21.526800428225233,22.253442764282227,60130,0.0,0.0
2018-02-27 00:00:00-05:00,22.344273644367128,22.798425540665434,22.162612192867005,22.435104370117188,68410,0.0,0.0
2018-02-28 00:00:00-05:00,22.70759893610026,23.797564378014,22.43510844184798,23.343412399291992,175250,0.0,0.0
2018-03-01 00:00:00-05:00,23.706728281355772,24.615032033649467,23.525066837916267,24.43337059020996,81360,0.0,0.0
2018-03-02 00:00:00-05:00,23.979218714063112,24.97835318807656,23.706728281355772,24.43337059020996,50190,0.0,0.0
2018-03-05 00:00:00-05:00,24.61503341019196,25.069185311736266,22.707595077215455,23.161746978759766,145830,0.0,0.0
2018-03-06 00:00:00-05:00,23.16174759131855,23.34340904972148,22.25344376420802,22.52593421936035,66980,0.0,0.0
2018-03-07 00:00:00-05:00,22.525933363415252,22.98008525971356,22.162612192867005,22.435104370117188,33170,0.0,0.0
2018-03-08 00:00:00-05:00,22.344275297202085,22.889257959563526,21.799292634840644,21.89012336730957,28650,0.0,0.0
2018-03-09 00:00:00-05:00,22.101044930716796,22.926394793452047,22.00933900171397,22.467866897583008,55630,0.23,0.0
2018-03-12 00:00:00-04:00,22.46786758663656,22.92639549656792,22.009339676705203,22.101045608520508,32280,0.0,0.0
2018-03-13 00:00:00-04:00,22.101045691944062,22.46786767144474,21.092283936458326,21.27569580078125,105910,0.0,0.0
2018-03-14 00:00:00-04:00,21.092284440994263,22.651280077595402,21.092284440994263,22.009340286254883,73600,0.0,0.0
2018-03-15 00:00:00-04:00,22.101046220609987,22.651280077595402,21.91763435189978,22.009340286254883,31090,0.0,0.0
2018-03-16 00:00:00-04:00,22.192750843447392,22.192750843447392,21.550811090043375,21.917633056640625,39350,0.0,0.0
2018-03-19 00:00:00-04:00,22.467869421972516,22.559575361279016,21.917635535278823,22.376163482666016,41690,0.0,0.0
2018-03-20 00:00:00-04:00,21.917632420181665,22.651278081217175,21.275694434563782,21.459104537963867,83590,0.0,0.0
2018-03-21 00:00:00-04:00,22.009338985576214,22.28445502323787,21.642517018978964,21.917633056640625,22460,0.0,0.0
2018-03-22 00:00:00-04:00,21.734227478378475,22.009343573387632,21.55081558227539,21.55081558227539,24870,0.0,0.0
2018-03-23 00:00:00-04:00,21.64251769858915,22.559573518451867,21.64251769858915,22.101045608520508,50760,0.0,0.0
2018-03-26 00:00:00-04:00,22.376161654821257,22.92639549656792,22.101045608520508,22.101045608520508,76020,0.0,0.0
2018-03-27 00:00:00-04:00,22.55957288391217,23.109806710182244,21.64251708984375,21.64251708984375,44490,0.0,0.0
2018-03-28 00:00:00-04:00,21.734222947914557,22.28445502323787,21.642517018978964,21.917633056640625,14040,0.0,0.0
2018-03-29 00:00:00-04:00,22.009340963778506,22.28445702616763,21.825929089422242,22.192752838134766,19340,0.0,0.0
2018-04-02 00:00:00-04:00,22.467869421972516,22.74298549074671,22.192753353198324,22.376163482666016,40880,0.0,0.0
2018-04-03 00:00:00-04:00,22.651278755588667,22.74298293544639,22.284455039577345,22.467866897583008,16120,0.0,0.0
2018-04-04 00:00:00-04:00,22.651281300585516,22.74298549074671,22.101047413891823,22.376163482666016,33890,0.0,0.0
2018-04-05 00:00:00-04:00,22.55957282658584,22.55957282658584,22.284455039577345,22.467866897583008,11630,0.0,0.0
2018-04-06 00:00:00-04:00,22.376163482666016,22.834691430053212,22.376163482666016,22.376163482666016,13870,0.0,0.0
2018-04-09 00:00:00-04:00,22.742983632129775,22.92639549575387,22.467867585838793,22.65127944946289,38460,0.0,0.0
2018-04-10 00:00:00-04:00,22.834690680338223,23.384924548966485,22.834690680338223,23.2932186126709,58080,0.0,0.0
2018-04-11 00:00:00-04:00,23.293221396239367,25.58586133187603,23.20151544898481,25.310745239257812,80690,0.0,0.0
2018-04-12 00:00:00-04:00,26.227801213512475,30.171142952294804,25.219039292003256,25.310745239257812,115910,0.0,0.0
2018-04-13 00:00:00-04:00,25.402444131165446,25.67756014737216,24.760504427823154,25.219032287597656,73080,0.0,0.0
2018-04-16 00:00:00-04:00,25.494151553104327,25.585857486576398,24.760507583618164,24.760507583618164,45550,0.0,0.0
2018-04-17 00:00:00-04:00,24.760509389227753,26.044387304025314,24.760509389227753,25.860977172851562,28900,0.0,0.0
2018-04-18 00:00:00-04:00,25.860972666208323,26.04438276542025,24.852210998535156,24.852210998535156,41870,0.0,0.0
2018-04-19 00:00:00-04:00,25.127327697696114,25.31073955098571,24.393683782827857,24.485389709472656,16480,0.0,0.0
2018-04-20 00:00:00-04:00,24.30198087413221,25.035624880108276,24.30198087413221,24.577096939086914,12930,0.0,0.0
2018-04-23 00:00:00-04:00,24.94391692271363,25.035621097747082,24.301977202609336,24.852210998535156,11920,0.0,0.0
2018-04-24 00:00:00-04:00,25.219036012252587,25.494152069091797,24.85221402008523,25.494152069091797,14530,0.0,0.0
2018-04-25 00:00:00-04:00,25.21903619432348,25.86097599710981,24.577096391537147,24.943920135498047,22240,0.0,0.0
2018-04-26 00:00:00-04:00,24.668801650146097,25.127329568361247,24.668801650146097,24.760507583618164,14040,0.0,0.0
2018-04-27 00:00:00-04:00,24.66880033542407,25.219034157786616,24.118566513061523,24.118566513061523,19760,0.0,0.0
2018-04-30 00:00:00-04:00,24.301977761615085,24.393683687903025,24.21027183532715,24.21027183532715,17150,0.0,0.0
2018-05-01 00:00:00-04:00,24.210276385916867,24.48539421649212,23.843454360961914,23.843454360961914,19100,0.0,0.0
2018-05-02 00:00:00-04:00,23.843454360961914,24.30198232944195,23.568338279532046,23.843454360961914,24280,0.0,0.0
2018-05-03 00:00:00-04:00,24.57709518887008,24.668801120372724,23.56833518977647,24.02686309814453,13670,0.0,0.0
2018-05-04 00:00:00-04:00,24.577097080092305,24.577097080092305,23.293219187695595,23.751747131347656,18980,0.0,0.0
2018-05-07 00:00:00-04:00,23.6600431799162,23.843455072439294,23.018105054376253,23.201515197753906,26520,0.0,0.0
2018-05-08 00:00:00-04:00,23.293219330957072,23.293219330957072,22.742985445361413,22.9263973236084,39450,0.0,0.0
2018-05-09 00:00:00-04:00,22.834690772542256,23.201512770060532,22.651280648355744,23.018102645874023,17840,0.0,0.0
2018-05-10 00:00:00-04:00,23.109808489224978,23.384924548966485,22.926396616633806,23.2932186126709,11460,0.0,0.0
2018-05-11 00:00:00-04:00,22.834690628505264,24.393686294555664,22.834690628505264,24.393686294555664,18260,0.0,0.0
2018-05-14 00:00:00-04:00,24.393687639806053,24.760509655239797,23.843453742082765,23.93515968322754,8490,0.0,0.0
2018-05-15 00:00:00-04:00,23.75174276638672,23.843448688092995,23.293214907000316,23.56833267211914,15340,0.0,0.0
2018-05-16 00:00:00-04:00,23.660039987454166,23.93515778911701,23.201512067161293,23.384923934936523,9080,0.0,0.0
2018-05-17 00:00:00-04:00,22.579821556407335,23.78284591389922,22.48728094966715,23.412683486938477,11730,0.23,0.0
2018-05-18 00:00:00-04:00,23.41268708389078,23.41268708389078,23.04252636512654,23.135066986083984,11620,0.0,0.0
2018-05-21 00:00:00-04:00,23.042522430419922,23.41268308597608,22.949981825264576,23.042522430419922,13640,0.0,0.0
2018-05-22 00:00:00-04:00,23.505224101799364,23.505224101799364,22.949982226231686,23.320144653320312,14970,0.0,0.0
2018-05-23 00:00:00-04:00,23.227604302765567,23.59776496887207,23.13506369497262,23.59776496887207,4030,0.0,0.0
2018-05-24 00:00:00-04:00,24.060465969054512,24.060465969054512,23.22760403852337,23.412683486938477,8660,0.0,0.0
2018-05-25 00:00:00-04:00,23.042522430419922,23.41268308597608,22.764902380019112,23.042522430419922,19370,0.0,0.0
2018-05-29 00:00:00-04:00,22.764907519520715,23.135068258645923,22.302206154347797,22.394746780395508,33310,0.0,0.0
2018-05-30 00:00:00-04:00,22.20966361747282,22.857446179008637,22.20966361747282,22.48728370666504,12740,0.0,0.0
2018-05-31 00:00:00-04:00,22.487283602327658,22.579824219984182,22.209663514423553,22.302204132080078,13910,0.0,0.0
2018-06-01 00:00:00-04:00,22.394741597741664,23.13506290466485,22.30220099310996,22.85744285583496,10790,0.0,0.0
2018-06-04 00:00:00-04:00,23.042525543201343,23.135066160857868,22.302204132080078,22.302204132080078,18540,0.0,0.0
2018-06-05 00:00:00-04:00,22.302206154347797,22.487285641377586,22.302206154347797,22.394746780395508,9530,0.0,0.0
2018-06-06 00:00:00-04:00,22.48728154628558,22.857443983067242,22.11712087456923,22.20966148376465,24180,0.0,0.0
2018-06-07 00:00:00-04:00,22.117122999386922,22.579824324750938,22.117122999386922,22.48728370666504,8660,0.0,0.0
2018-06-08 00:00:00-04:00,22.117122999386922,22.48728370666504,22.117122999386922,22.48728370666504,10230,0.0,0.0
2018-06-11 00:00:00-04:00,22.487283829042322,22.85744630340037,22.394744975518304,22.579824447631836,10020,0.0,0.0
2018-06-12 00:00:00-04:00,22.20966198979592,22.857444503857774,22.20966198979592,22.67236328125,8900,0.0,0.0
2018-06-13 00:00:00-04:00,22.949981825264576,23.13506303557527,22.672361774863766,23.042522430419922,9870,0.0,0.0
2018-06-14 00:00:00-04:00,23.59776611782708,23.59776611782708,22.857444749568458,22.949983596801758,10600,0.0,0.0
2018-06-15 00:00:00-04:00,22.76490568481086,22.85744630340037,22.394744975518304,22.579824447631836,12570,0.0,0.0
2018-06-18 00:00:00-04:00,22.579826267425297,22.579826267425297,22.209665528300086,22.394746780395508,10150,0.0,0.0
2018-06-19 00:00:00-04:00,22.11712087456923,22.302202092960062,22.11712087456923,22.20966148376465,13090,0.0,0.0
2018-06-20 00:00:00-04:00,22.20966121800723,22.394742434183406,22.024580001831055,22.024580001831055,15860,0.0,0.0
2018-06-21 00:00:00-04:00,21.932041158808257,22.117120609919144,21.65441933454399,22.024580001831055,23130,0.0,0.0
2018-06-22 00:00:00-04:00,22.024580134153783,22.20966135144192,21.932041290575015,22.11712074279785,11360,0.0,0.0
2018-06-25 00:00:00-04:00,21.932044747436635,22.302205475291206,21.746963500976562,21.746963500976562,21530,0.0,0.0
2018-06-26 00:00:00-04:00,21.654422877746523,21.932044747436635,21.561882254516487,21.746963500976562,19360,0.0,0.0
2018-06-27 00:00:00-04:00,21.74696518720259,21.839505817608085,21.469345061051822,21.5618839263916,13450,0.0,0.0
2018-06-28 00:00:00-04:00,21.5618839263916,21.74696518720259,21.469345061051822,21.5618839263916,12040,0.0,0.0
2018-06-29 00:00:00-04:00,21.932040635053,21.932040635053,21.284258158971255,21.46933937072754,19940,0.0,0.0
2018-07-02 00:00:00-04:00,21.376799275345018,22.579821885294294,21.376799275345018,22.024580001831055,10270,0.0,0.0
2018-07-03 00:00:00-04:00,21.46933937072754,21.746959423296715,21.376798764849397,21.46933937072754,11290,0.0,0.0
2018-07-05 00:00:00-04:00,21.469343626857754,22.579825822344162,21.37680300263415,21.932044982910156,12580,0.0,0.0
2018-07-06 00:00:00-04:00,21.654418680575528,21.654418680575528,21.284258024467402,21.376798629760742,22740,0.0,0.0
2018-07-09 00:00:00-04:00,21.376799275345018,22.024580001831055,21.099177451080752,22.024580001831055,15440,0.0,0.0
2018-07-10 00:00:00-04:00,21.932041290575015,22.394742568730056,21.932041290575015,22.11712074279785,11310,0.0,0.0
2018-07-11 00:00:00-04:00,22.11712594375885,22.302207204569843,21.5618839263916,21.5618839263916,14680,0.0,0.0
2018-07-12 00:00:00-04:00,21.654420852661133,22.02458154589889,21.376800773999168,21.654420852661133,16010,0.0,0.0
2018-07-13 00:00:00-04:00,21.561878726455905,22.20966121800723,21.376799275345018,22.024580001831055,7090,0.0,0.0
2018-07-16 00:00:00-04:00,22.024580001831055,22.30220182609532,22.024580001831055,22.024580001831055,17540,0.0,0.0
2018-07-17 00:00:00-04:00,21.932043426519446,22.302204132080078,21.746962191206396,22.302204132080078,7520,0.0,0.0
2018-07-18 00:00:00-04:00,22.11712446629176,22.30220571473896,21.654423110239357,21.932044982910156,7720,0.0,0.0
2018-07-19 00:00:00-04:00,21.65441946464281,22.11712074279785,21.65441946464281,22.11712074279785,3340,0.0,0.0
2018-07-20 00:00:00-04:00,22.20966121800723,22.487281277206208,21.932041158808257,22.024580001831055,8950,0.0,0.0
2018-07-23 00:00:00-04:00,22.024581800823107,22.024581800823107,21.561880487654005,21.839502334594727,10700,0.0,0.0
2018-07-24 00:00:00-04:00,21.74695928586887,21.83949989116221,21.284258024467402,21.376798629760742,12160,0.0,0.0
2018-07-25 00:00:00-04:00,21.46933937072754,21.654418817418573,21.284258158971255,21.46933937072754,9010,0.0,0.0
2018-07-26 00:00:00-04:00,21.284258024467402,21.561878075282188,21.19171741917406,21.376798629760742,15650,0.0,0.0
2018-07-27 00:00:00-04:00,21.37680028005074,21.561879739860327,21.0991784427383,21.19171905517578,20280,0.0,0.0
2018-07-30 00:00:00-04:00,21.19172316983534,21.93204644801358,21.006643674090064,21.5618839263916,25810,0.0,0.0
2018-07-31 00:00:00-04:00,21.654418680575528,21.83949989116221,21.19171741917406,21.376798629760742,20790,0.0,0.0
2018-08-01 00:00:00-04:00,21.469343396352027,21.746963500976562,21.284262149891955,21.746963500976562,8650,0.0,0.0
2018-08-02 00:00:00-04:00,21.746960202852883,22.48728154628558,21.46934014033195,22.20966148376465,15400,0.0,0.0
2018-08-03 00:00:00-04:00,22.117122999386922,22.764905560922738,21.839502910194703,22.48728370666504,12690,0.0,0.0
2018-08-06 00:00:00-04:00,22.764907070791363,23.042527178396565,21.839504358686558,21.932044982910156,22500,0.0,0.0
2018-08-07 00:00:00-04:00,22.302202601099804,22.764903892553885,22.024580767188144,22.67236328125,22670,0.0,0.0
2018-08-08 00:00:00-04:00,22.024583605601094,22.764906826375814,21.746963500976562,21.746963500976562,13230,0.0,0.0
2018-08-09 00:00:00-04:00,21.746961467236925,22.02458154589889,21.376800773999168,21.654420852661133,12800,0.0,0.0
2018-08-10 00:00:00-04:00,21.469339235054083,21.74695928586887,21.376798629760742,21.376798629760742,11700,0.0,0.0
2018-08-13 00:00:00-04:00,21.56187987006611,21.654420483062417,21.191719183146272,21.284259796142578,20230,0.0,0.0
2018-08-14 00:00:00-04:00,21.83950170905503,21.83950170905503,21.191719183146272,21.284259796142578,21060,0.0,0.0
2018-08-15 00:00:00-04:00,21.099178314208984,21.191718926082736,19.80361504317253,21.099178314208984,50700,0.0,0.0
2018-08-16 00:00:00-04:00,21.099178314208984,21.65442022038614,20.636477019905584,21.099178314208984,22730,0.0,0.0
2018-08-17 00:00:00-04:00,21.37680028005074,21.37680028005074,20.821558370491232,21.19171905517578,31750,0.0,0.0
2018-08-20 00:00:00-04:00,21.19172217190654,22.579826267425297,21.19172217190654,22.394746780395508,64960,0.0,0.0
2018-08-21 00:00:00-04:00,22.579821556407335,23.505224093678663,22.48728094966715,23.412683486938477,51480,0.0,0.0
2018-08-22 00:00:00-04:00,23.505225896146378,24.89332980849831,23.135065205865608,23.22760581970215,102890,0.0,0.0
2018-08-23 00:00:00-04:00,23.32014822799887,23.87538842361246,22.672365646362305,23.135066986083984,45660,0.0,0.0
2018-08-24 00:00:00-04:00,23.320144645263557,23.875384755574142,23.042522825042997,23.412683486938477,18630,0.0,0.0
2018-08-27 00:00:00-04:00,23.505225896146378,24.06046781410023,23.042524592029064,23.22760581970215,69270,0.0,0.0
2018-08-28 00:00:00-04:00,23.597768325805664,24.153010286484786,23.04252636512654,23.135066986083984,30030,0.0,0.0
2018-08-29 00:00:00-04:00,23.505227356110034,23.505227356110034,22.672365309980975,22.76490592956543,18590,0.0,0.0
2018-08-30 00:00:00-04:00,22.672365309980975,22.949985403668826,22.48728407081207,22.76490592956543,11060,0.0,0.0
2018-08-31 00:00:00-04:00,22.76490592956543,23.13506664283773,22.394745216293128,22.76490592956543,14190,0.0,0.0
2018-09-04 00:00:00-04:00,22.85744769501496,23.320149051067364,21.746963734462955,21.932044982910156,45680,0.0,0.0
2018-09-05 00:00:00-04:00,21.746962292108805,22.672364942836836,21.746962292108805,22.48728370666504,51770,0.0,0.0
2018-09-06 00:00:00-04:00,22.394744975518304,22.672365066221346,22.20966373833928,22.579824447631836,52330,0.0,0.0
2018-09-07 00:00:00-04:00,22.57982202095289,22.57982202095289,22.024580134153783,22.11712074279785,20040,0.0,0.0
2018-09-10 00:00:00-04:00,22.117120081744037,22.117120081744037,21.376798764849397,21.46933937072754,27660,0.0,0.0
2018-09-11 00:00:00-04:00,21.561882486015755,22.024583842068157,21.284262378410553,21.932044982910156,26940,0.0,0.0
2018-09-12 00:00:00-04:00,21.932041421243714,22.302202092960062,21.746960202852883,22.20966148376465,7450,0.0,0.0
2018-09-13 00:00:00-04:00,22.20966135144192,22.394742568730056,21.74696007328688,22.11712074279785,8360,0.0,0.0
2018-09-14 00:00:00-04:00,22.20966135144192,22.20966135144192,21.74696007328688,22.11712074279785,13840,0.0,0.0
2018-09-17 00:00:00-04:00,22.11712446629176,22.209665090515358,21.746963734462955,21.932044982910156,10120,0.0,0.0
2018-09-18 00:00:00-04:00,21.932042696388514,22.30220338962627,21.46934138857496,21.654420852661133,15740,0.0,0.0
2018-09-19 00:00:00-04:00,21.654424556797096,21.839505817608085,21.469345061051822,21.5618839263916,27810,0.0,0.0
2018-09-20 00:00:00-04:00,21.654418817418573,21.839500029174857,21.376798764849397,21.46933937072754,19680,0.0,0.0
2018-09-21 00:00:00-04:00,21.74696518720259,21.74696518720259,21.376804430646327,21.5618839263916,11770,0.0,0.0
2018-09-24 00:00:00-04:00,21.56187821154043,21.56187821154043,21.284258158971255,21.46933937072754,11170,0.0,0.0
2018-09-25 00:00:00-04:00,21.654424556797096,21.839505817608085,21.19172316983534,21.5618839263916,11710,0.0,0.0
2018-09-26 00:00:00-04:00,21.469339235054083,21.654418680575528,21.284258024467402,21.376798629760742,19910,0.0,0.0
2018-09-27 00:00:00-04:00,21.284258024467402,21.469339235054083,21.284258024467402,21.376798629760742,18730,0.0,0.0
2018-09-28 00:00:00-04:00,21.284263800240833,21.5618839263916,21.284263800240833,21.5618839263916,4910,0.0,0.0
2018-10-01 00:00:00-04:00,21.654422877746523,21.8395041242066,21.561882254516487,21.746963500976562,11660,0.0,0.0
2018-10-02 00:00:00-04:00,21.469343396352027,22.024583605601094,21.469343396352027,21.746963500976562,18090,0.0,0.0
2018-10-03 00:00:00-04:00,21.839505817608085,21.93204644801358,21.5618839263916,21.5618839263916,27490,0.0,0.0
2018-10-04 00:00:00-04:00,22.30220129350032,22.30220129350032,21.46933937072754,21.46933937072754,41830,0.0,0.0
2018-10-05 00:00:00-04:00,21.746959423296715,21.932040635053,21.284258158971255,21.46933937072754,47800,0.0,0.0
2018-10-08 00:00:00-04:00,21.83950302904672,22.672365066221346,21.83950302904672,22.579824447631836,42740,0.0,0.0
2018-10-09 00:00:00-04:00,22.487280740191355,22.67236195194764,21.46933937072754,21.46933937072754,23660,0.0,0.0
2018-10-10 00:00:00-04:00,21.561878075282188,21.93204049645555,21.284258024467402,21.376798629760742,51630,0.0,0.0
2018-10-11 00:00:00-04:00,21.469340012419973,22.394742568730056,21.376799403775905,22.11712074279785,50340,0.0,0.0
2018-10-12 00:00:00-04:00,22.302202092960062,22.48728154628558,21.932041421243714,22.20966148376465,39840,0.0,0.0
2018-10-15 00:00:00-04:00,22.394743453140475,23.135064821399098,22.302202840841804,22.949983596801758,31470,0.0,0.0
2018-10-16 00:00:00-04:00,22.949982827197346,23.135064045588173,22.024580265373817,22.20966148376465,29840,0.0,0.0
2018-10-17 00:00:00-04:00,22.0245822791105,22.394744749736603,21.746962191206396,22.302204132080078,21050,0.0,0.0
2018-10-18 00:00:00-04:00,22.20966373833928,22.579824447631836,22.20966373833928,22.579824447631836,13780,0.0,0.0
2018-10-19 00:00:00-04:00,22.579824324750938,22.672364942836836,22.30220423555872,22.48728370666504,9290,0.0,0.0
2018-10-22 00:00:00-04:00,22.394742434183406,22.672362493382384,21.74695994263208,22.024580001831055,13170,0.0,0.0
2018-10-23 00:00:00-04:00,22.11712446629176,22.11712446629176,21.561882486015755,21.932044982910156,17160,0.0,0.0
2018-10-24 00:00:00-04:00,22.117119941976995,22.302201152563672,21.284258024467402,21.376798629760742,17970,0.0,0.0
2018-10-25 00:00:00-04:00,21.376798629760742,21.74695928586887,21.284258024467402,21.376798629760742,20950,0.0,0.0
2018-10-26 00:00:00-04:00,21.191719183146272,21.56187987006611,21.191719183146272,21.284259796142578,36000,0.0,0.0
2018-10-29 00:00:00-04:00,21.284259796142578,21.83950170905503,21.099178570149967,21.284259796142578,21380,0.0,0.0
2018-10-30 00:00:00-04:00,21.006639467400593,21.28425953795649,21.006639467400593,21.099178314208984,24290,0.0,0.0
2018-10-31 00:00:00-04:00,20.91409885552684,21.28425953795649,20.91409885552684,21.099178314208984,10680,0.0,0.0
2018-11-01 00:00:00-04:00,21.19172316983534,21.654424556797096,21.19172316983534,21.5618839263916,14530,0.0,0.0
2018-11-02 00:00:00-04:00,22.20966068762218,22.20966068762218,21.284258158971255,21.46933937072754,5340,0.0,0.0
2018-11-05 00:00:00-05:00,21.561880487654005,22.024581800823107,21.284260405778717,21.839502334594727,6880,0.0,0.0
2018-11-06 00:00:00-05:00,21.09917694721497,21.746959423296715,21.09917694721497,21.46933937072754,19810,0.0,0.0
2018-11-07 00:00:00-05:00,21.74696518720259,21.839505817608085,21.376804430646327,21.5618839263916,14170,0.0,0.0
2018-11-08 00:00:00-05:00,21.191717553093113,21.839500029174857,21.191717553093113,21.46933937072754,11110,0.0,0.0
2018-11-09 00:00:00-05:00,21.284260405778717,22.30220364776383,21.284260405778717,21.839502334594727,50560,0.0,0.0
2018-11-12 00:00:00-05:00,21.561879489019667,22.024580780758846,20.821558128263117,20.914098739624023,35610,0.0,0.0
2018-11-13 00:00:00-05:00,20.729017126340956,21.006638955192926,19.803614560298367,20.636476516723633,54290,0.0,0.0
2018-11-14 00:00:00-05:00,20.821562922278115,20.821562922278115,19.711078860396977,19.896160125732422,42860,0.0,0.0
2018-11-15 00:00:00-05:00,20.081241391067863,20.729022289610395,19.711078860396977,19.896160125732422,38730,0.0,0.0
2018-11-16 00:00:00-05:00,20.017756593933427,20.485461195586783,19.830675823762963,19.92421531677246,28430,0.23,0.0
2018-11-19 00:00:00-05:00,20.11130246452263,20.11130246452263,19.55005645751953,19.55005645751953,32510,0.0,0.0
2018-11-20 00:00:00-05:00,19.643596256879125,19.924218346888132,18.89526949408728,19.362974166870117,26770,0.0,0.0
2018-11-21 00:00:00-05:00,19.269434346093917,20.017761165996802,18.988810450516432,19.55005645751953,39000,0.0,0.0
2018-11-23 00:00:00-05:00,19.643595022186684,19.830677593201493,19.362972949816097,19.456512451171875,5440,0.0,0.0
2018-11-26 00:00:00-05:00,19.550053172909063,19.550053172909063,18.70818519592285,18.70818519592285,26930,0.0,0.0
2018-11-27 00:00:00-05:00,18.70818740028564,18.988809497629212,18.2404827152785,18.52110481262207,28180,0.0,0.0
2018-11-28 00:00:00-05:00,18.24048343620071,18.521105544635365,17.117991434158387,18.146942138671875,124070,0.0,0.0
2018-11-29 00:00:00-05:00,18.146940938592657,18.614645611155105,17.67923626603021,17.772777557373047,28980,0.0,0.0
2018-11-30 00:00:00-05:00,17.77277892213628,19.64359775604536,17.492156810710664,19.55005645751953,86360,0.0,0.0
2018-12-03 00:00:00-05:00,19.92421531677246,20.485461195586783,19.26942994494864,19.92421531677246,58110,0.0,0.0
2018-12-04 00:00:00-05:00,20.20484037976888,20.298381662631318,19.643594466745828,19.830677032470703,20300,0.0,0.0
2018-12-06 00:00:00-05:00,19.175891066081686,19.737137015090024,18.70818640593335,19.08234977722168,28610,0.0,0.0
2018-12-07 00:00:00-05:00,19.17588996887207,19.643594602259192,18.988807401856587,19.17588996887207,12400,0.0,0.0
2018-12-10 00:00:00-05:00,19.456515024218177,19.64359761997391,18.240483504261487,18.614646911621094,27310,0.0,0.0
2018-12-11 00:00:00-05:00,18.52110442174345,18.801728297316377,18.14694103846462,18.240482330322266,19300,0.0,0.0
2018-12-12 00:00:00-05:00,18.240482330322266,18.614645713601092,18.14694103846462,18.240482330322266,22930,0.0,0.0
2018-12-13 00:00:00-05:00,18.334023223157992,18.334023223157992,17.866318558200653,17.95985984802246,24470,0.0,0.0
2018-12-14 00:00:00-05:00,17.866318558200653,18.146940643514373,17.772777268378842,17.95985984802246,18890,0.0,0.0
2018-12-17 00:00:00-05:00,17.866316499751292,17.95985777879584,17.305070609635518,17.49215316772461,26280,0.0,0.0
2018-12-18 00:00:00-05:00,17.398610690967335,17.679232724631575,16.930906112092682,17.585691452026367,35430,0.0,0.0
2018-12-19 00:00:00-05:00,17.585691452026367,17.95985654244719,17.398610690967335,17.585691452026367,36600,0.0,0.0
2018-12-20 00:00:00-05:00,17.58569293439418,17.679234214884353,17.117988316094852,17.305070877075195,29670,0.0,0.0
2018-12-21 00:00:00-05:00,16.74382456031008,17.492153001399423,16.55674378815136,17.02444839477539,60390,0.0,0.0
2018-12-24 00:00:00-05:00,16.930911219647086,17.3986159396144,16.65028731717555,16.837369918823242,36190,0.0,0.0
2018-12-26 00:00:00-05:00,16.837365838465185,17.305070445089218,16.369661231841153,17.02444839477539,35410,0.0,0.0
2018-12-27 00:00:00-05:00,17.02444839477539,17.305070445089218,16.74382456031008,17.02444839477539,19050,0.0,0.0
2018-12-28 00:00:00-05:00,16.837365998564287,17.772775220706748,16.74382471951974,17.49215316772461,41060,0.0,0.0
2018-12-31 00:00:00-05:00,17.305069418362127,17.77277399723678,17.305069418362127,17.585691452026367,26830,0.0,0.0
2019-01-02 00:00:00-05:00,17.585695995717067,17.959861182812535,17.117991295999573,17.211532592773438,12500,0.0,0.0
2019-01-03 00:00:00-05:00,17.866319886038667,18.33402458575616,16.83736918982981,17.211532592773438,23650,0.0,0.0
2019-01-04 00:00:00-05:00,17.77277836080065,18.146941758934513,17.39861496266679,17.86631965637207,16870,0.0,0.0
2019-01-07 00:00:00-05:00,18.053396224975586,18.240478772197143,17.86631546190543,18.053396224975586,14020,0.0,0.0
2019-01-08 00:00:00-05:00,18.334023521278333,18.334023521278333,17.58569497468737,17.772777557373047,14630,0.0,0.0
2019-01-09 00:00:00-05:00,17.77277418829465,18.334020045807918,17.77277418829465,18.053396224975586,22840,0.0,0.0
2019-01-10 00:00:00-05:00,18.14694103846462,18.240482330322266,17.959860238901083,18.240482330322266,11600,0.0,0.0
2019-01-11 00:00:00-05:00,18.240482040231694,18.521104127189954,17.95985995327343,18.42756462097168,29470,0.0,0.0
2019-01-14 00:00:00-05:00,18.427563808216973,18.801727169042614,18.14693994948402,18.334022521972656,12850,0.0,0.0
2019-01-15 00:00:00-05:00,17.959856735516205,18.240478772197143,17.86631546190543,18.053396224975586,10730,0.0,0.0
2019-01-16 00:00:00-05:00,17.772777557373047,18.146940938592657,17.58569497468737,17.772777557373047,11290,0.0,0.0
2019-01-17 00:00:00-05:00,17.77277836080065,18.053400463363094,17.492156258238207,17.86631965637207,14650,0.0,0.0
2019-01-18 00:00:00-05:00,17.866315269841987,18.05339603090102,17.49215196357254,17.585691452026367,16520,0.0,0.0
2019-01-22 00:00:00-05:00,17.866319886038667,18.05340069543456,17.117991295999573,17.211532592773438,23890,0.0,0.0
2019-01-23 00:00:00-05:00,17.305069418362127,17.77277399723678,17.117986873151715,17.585691452026367,11750,0.0,0.0
2019-01-24 00:00:00-05:00,17.585695995717067,17.585695995717067,16.83736918982981,17.211532592773438,14160,0.0,0.0
2019-01-25 00:00:00-05:00,17.492156555551826,17.772778662883994,17.211532664067814,17.679237365722656,12640,0.0,0.0
2019-01-28 00:00:00-05:00,17.772778662883994,18.1469420673775,17.211532664067814,17.679237365722656,21390,0.0,0.0
2019-01-29 00:00:00-05:00,17.58569576965781,18.146941758934513,17.58569576965781,17.86631965637207,19010,0.0,0.0
2019-01-30 00:00:00-05:00,18.053399353692562,18.24048193333618,17.585694688735224,17.95985984802246,19260,0.0,0.0
2019-01-31 00:00:00-05:00,17.95985995327343,18.42756462097168,17.86631866290344,18.42756462097168,37910,0.0,0.0
2019-02-01 00:00:00-05:00,18.240481235728335,18.521103310309655,18.14693994948402,18.334022521972656,29940,0.0,0.0
2019-02-04 00:00:00-05:00,18.52110431981227,18.52110431981227,17.772777557373047,17.772777557373047,17220,0.0,0.0
2019-02-05 00:00:00-05:00,17.86631965637207,17.95986095194349,17.492156258238207,17.86631965637207,28000,0.0,0.0
2019-02-06 00:00:00-05:00,17.67923626603021,17.95986014005872,17.58569497468737,17.772777557373047,7340,0.0,0.0
2019-02-07 00:00:00-05:00,17.21153040629267,17.7727763314857,17.21153040629267,17.39861297607422,17190,0.0,0.0
2019-02-08 00:00:00-05:00,17.30506922216652,17.398610493711203,17.02444719168382,17.11798667907715,17580,0.0,0.0
2019-02-11 00:00:00-05:00,17.11798788877901,17.398611723244322,16.837365838465185,17.02444839477539,25070,0.0,0.0
2019-02-12 00:00:00-05:00,17.024451783377543,17.211532592773438,16.83736918982981,17.211532592773438,15470,0.0,0.0
2019-02-13 00:00:00-05:00,17.211527950621832,17.398610493711203,16.743823377049765,17.11798667907715,24790,0.0,0.0
2019-02-14 00:00:00-05:00,17.117988316094852,17.49215343805554,17.02444881975621,17.305070877075195,17120,0.0,0.0
2019-02-15 00:00:00-05:00,17.67923706522923,18.146941758934513,17.39861496266679,17.86631965637207,17280,0.0,0.0
2019-02-19 00:00:00-05:00,18.240482040231694,18.521104127189954,17.492155285575183,18.42756462097168,29500,0.0,0.0
2019-02-20 00:00:00-05:00,18.52110236077753,19.456511606961275,18.33402158203171,18.895267486572266,24760,0.0,0.0
2019-02-21 00:00:00-05:00,18.614646911621094,19.36297551049217,18.42756610001722,18.614646911621094,13100,0.0,0.0
2019-02-22 00:00:00-05:00,18.52110382821334,19.26943235494169,18.52110382821334,19.08234977722168,16890,0.0,0.0
2019-02-25 00:00:00-05:00,19.082348685364327,19.26943125237981,18.80172661899269,19.17588996887207,14220,0.0,0.0
2019-02-26 00:00:00-05:00,18.80172500407883,19.17588832182065,18.708183728605515,18.988805770874023,13800,0.0,0.0
2019-02-27 00:00:00-05:00,18.70818519592285,18.80172647873278,18.521102630302995,18.70818519592285,9620,0.0,0.0
2019-02-28 00:00:00-05:00,18.614645713601092,18.801728297316377,17.959860238901083,18.240482330322266,18130,0.0,0.0
2019-03-01 00:00:00-05:00,18.24048193333618,18.24048193333618,17.772777268378842,17.95985984802246,13260,0.0,0.0
2019-03-04 00:00:00-05:00,17.86631996004533,18.240483364538836,17.492156555551826,17.679237365722656,19650,0.0,0.0
2019-03-05 00:00:00-05:00,18.146939293401545,20.111299096906443,18.053398010539105,19.830677032470703,70180,0.0,0.0
2019-03-06 00:00:00-05:00,20.48546328376638,21.04670921979114,19.8306778451972,20.391921997070312,107240,0.0,0.0
2019-03-07 00:00:00-05:00,20.579005386474563,20.953168763943758,19.830678631536173,20.485464096069336,153010,0.0,0.0
2019-03-08 00:00:00-05:00,20.766084933853232,21.23378953340712,20.485461103630023,20.579002380371094,103490,0.0,0.0
2019-03-11 00:00:00-04:00,20.859626888218106,21.7014966940906,20.859626888218106,21.32733154296875,156290,0.0,0.0
2019-03-12 00:00:00-04:00,21.42087283074921,21.98211877328032,21.233792039339953,21.32733154296875,120940,0.0,0.0
2019-03-13 00:00:00-04:00,21.982118482175082,22.075659768716793,21.233791758144672,21.514413833618164,66400,0.0,0.0
2019-03-14 00:00:00-04:00,21.98211542794834,22.07565670149329,21.420869570830018,21.607952117919922,102590,0.0,0.0
2019-03-15 00:00:00-04:00,21.6079563238117,21.98211970666934,21.6079563238117,21.888578414916992,54510,0.0,0.0
2019-03-18 00:00:00-04:00,21.982120513916016,22.543366500888915,21.51441582213057,21.982120513916016,108800,0.0,0.0
2019-03-19 00:00:00-04:00,22.16920310429092,22.73044730711201,21.982120513916016,21.982120513916016,56910,0.0,0.0
2019-03-20 00:00:00-04:00,22.075658404150825,22.449821743037816,21.888575842631564,22.262739181518555,40180,0.0,0.0
2019-03-21 00:00:00-04:00,22.07566180910347,22.356283910514012,21.701498412505472,21.982120513916016,38270,0.0,0.0
2019-03-22 00:00:00-04:00,21.795032880858432,21.98211542794834,21.140247534346553,21.607952117919922,50900,0.0,0.0
2019-03-25 00:00:00-04:00,21.514414118529675,22.07566006106078,21.04670946377903,21.32733154296875,38110,0.0,0.0
2019-03-26 00:00:00-04:00,21.327332350644856,21.888578314430614,21.046710260827847,21.420873641967773,26700,0.0,0.0
2019-03-27 00:00:00-04:00,21.7014966940906,21.88857748549986,21.140250751559492,21.32733154296875,16000,0.0,0.0
2019-03-28 00:00:00-04:00,21.32733154296875,21.607955406310136,21.04670946377903,21.32733154296875,19150,0.0,0.0
2019-03-29 00:00:00-04:00,21.233793258666992,21.42087406081916,21.04671067236306,21.233793258666992,21300,0.0,0.0
2019-04-01 00:00:00-04:00,21.327331954688784,21.327331954688784,20.95316858049545,21.14025115966797,36050,0.0,0.0
2019-04-02 00:00:00-04:00,20.953167898519535,21.514413833618164,20.953167898519535,21.514413833618164,15450,0.0,0.0
2019-04-03 00:00:00-04:00,21.888573358604596,21.888573358604596,20.579000929041324,20.859622955322266,39350,0.0,0.0
2019-04-04 00:00:00-04:00,20.859622955322266,20.953164225466356,20.579000929041324,20.859622955322266,36470,0.0,0.0
2019-04-05 00:00:00-04:00,20.859626340500323,21.701496124267578,20.485462983354665,21.701496124267578,39050,0.0,0.0
2019-04-08 00:00:00-04:00,21.795034408569336,22.35628030502788,21.607953632517503,21.795034408569336,67000,0.0,0.0
2019-04-09 00:00:00-04:00,21.70149640670159,22.169201055258505,21.420872547076453,21.514413833618164,42370,0.0,0.0
2019-04-10 00:00:00-04:00,21.701496124267578,22.169200766737557,21.51441355361894,21.701496124267578,21530,0.0,0.0
2019-04-11 00:00:00-04:00,21.51441084437497,21.701493391464876,20.859623713711695,21.607952117919922,27470,0.0,0.0
2019-04-12 00:00:00-04:00,20.859627678182015,21.982119605753528,20.859627678182015,21.420873641967773,16680,0.0,0.0
2019-04-15 00:00:00-04:00,21.607956647123093,21.982120035579193,21.140251965515024,21.233793258666992,18100,0.0,0.0
2019-04-16 00:00:00-04:00,21.14025417830934,21.327335000043643,20.95317157242308,21.04671287536621,29800,0.0,0.0
2019-04-17 00:00:00-04:00,21.701500211816164,21.701500211816164,20.95317157242308,21.04671287536621,20920,0.0,0.0
2019-04-18 00:00:00-04:00,20.95317157242308,21.327335000043643,20.85963026947995,21.04671287536621,20380,0.0,0.0
2019-04-22 00:00:00-04:00,21.04670987008171,21.514414533861302,20.76608778547463,21.14025115966797,29240,0.0,0.0
2019-04-23 00:00:00-04:00,20.859624162426204,21.32732875606044,20.672543395463375,20.766084671020508,30470,0.0,0.0
2019-04-24 00:00:00-04:00,20.672542199185415,21.327327521891387,20.672542199185415,20.859622955322266,16530,0.0,0.0
2019-04-25 00:00:00-04:00,20.672542199185415,21.327327521891387,20.672542199185415,20.859622955322266,16100,0.0,0.0
2019-04-26 00:00:00-04:00,20.672549447745645,21.14025417830934,20.579008144802515,21.04671287536621,23910,0.0,0.0
2019-04-29 00:00:00-04:00,20.95317157242308,21.514417605929903,20.672549447745645,21.04671287536621,18960,0.0,0.0
2019-04-30 00:00:00-04:00,21.23379548125247,21.607958908873034,20.766090750688775,21.04671287536621,14880,0.0,0.0
2019-05-01 00:00:00-04:00,21.046713991620095,21.046713991620095,20.766091852059315,20.95317268371582,9560,0.0,0.0
2019-05-02 00:00:00-04:00,20.953165703183913,20.953165703183913,20.579002380371094,20.579002380371094,19900,0.0,0.0
2019-05-03 00:00:00-04:00,21.233788035898627,21.233788035898627,20.579000929041324,20.859622955322266,14850,0.0,0.0
2019-05-06 00:00:00-04:00,20.766091852059315,20.95317268371582,20.672550544155037,20.95317268371582,10310,0.0,0.0
2019-05-07 00:00:00-04:00,20.672544479370117,21.233790377988832,20.672544479370117,20.672544479370117,12450,0.0,0.0
2019-05-08 00:00:00-04:00,20.859624162426204,21.046706713540473,20.391919568791973,20.766084671020508,16130,0.0,0.0
2019-05-09 00:00:00-04:00,20.57900211990624,21.140247989097606,20.57900211990624,20.766084671020508,24950,0.0,0.0
2019-05-10 00:00:00-04:00,20.95316858049545,21.420873244275043,20.76608778547463,21.14025115966797,18640,0.0,0.0
2019-05-13 00:00:00-04:00,21.23379660742865,21.701501362797988,20.95317268371582,20.95317268371582,34880,0.0,0.0
2019-05-14 00:00:00-04:00,21.046710260827847,21.420873641967773,20.859627678182015,21.420873641967773,26020,0.0,0.0
2019-05-15 00:00:00-04:00,21.32733154296875,21.514414118529675,21.233792039339953,21.32733154296875,14990,0.0,0.0
2019-05-16 00:00:00-04:00,21.327332350644856,21.514414933290688,21.046710260827847,21.420873641967773,21370,0.0,0.0
2019-05-17 00:00:00-04:00,21.534210416961884,22.00645188927647,21.25086625415643,21.817556381225586,22610,0.22,0.0
2019-05-20 00:00:00-04:00,21.723106728196438,22.573140979008144,21.628658077782212,22.289796829223633,23990,0.0,0.0
2019-05-21 00:00:00-04:00,21.912005035980155,22.38424650829474,21.723107726471017,21.817556381225586,34230,0.0,0.0
2019-05-22 00:00:00-04:00,21.912006087490955,22.195350263893495,21.25086727394058,21.34531593322754,15690,0.0,0.0
2019-05-23 00:00:00-04:00,21.250866709272522,21.628659534923486,20.684176570066928,21.43976402282715,22740,0.0,0.0
2019-05-24 00:00:00-04:00,21.43976402282715,21.534210878146173,21.250866709272522,21.43976402282715,18810,0.0,0.0
2019-05-28 00:00:00-04:00,21.34531593322754,21.53421145034312,21.25086727394058,21.34531593322754,20520,0.0,0.0
2019-05-29 00:00:00-04:00,21.345315366049835,21.534210878146173,21.250866709272522,21.43976402282715,20410,0.0,0.0
2019-05-30 00:00:00-04:00,21.345315366049835,21.817556848478112,20.96752254039887,21.43976402282715,15340,0.0,0.0
2019-05-31 00:00:00-04:00,21.628659534923486,21.628659534923486,20.77862522684424,21.43976402282715,33430,0.0,0.0
2019-06-03 00:00:00-04:00,21.817555597400478,22.10089975002641,21.345314142051805,21.628658294677734,38240,0.0,0.0
2019-06-04 00:00:00-04:00,21.25086570605358,22.006451321685535,21.25086570605358,21.912004470825195,8620,0.0,0.0
2019-06-05 00:00:00-04:00,22.100896411487284,22.19534504858134,21.250862280556603,21.53420639038086,20600,0.0,0.0
2019-06-06 00:00:00-04:00,21.628659534923486,22.195349674129076,21.43976402282715,21.43976402282715,22540,0.0,0.0
2019-06-07 00:00:00-04:00,21.534210878146173,22.28979833090639,21.43976402282715,21.43976402282715,20030,0.0,0.0
2019-06-10 00:00:00-04:00,21.628659634414202,22.19534977622654,21.53421097720243,21.723108291625977,25020,0.0,0.0
2019-06-11 00:00:00-04:00,21.81755230166303,21.81755230166303,21.53420639038086,21.53420639038086,15990,0.0,0.0
2019-06-12 00:00:00-04:00,21.723106946039106,22.195348401387783,21.53420964331636,21.628658294677734,25960,0.0,0.0
2019-06-13 00:00:00-04:00,21.723107726471017,22.00645188927647,21.723107726471017,21.817556381225586,35220,0.0,0.0
2019-06-14 00:00:00-04:00,22.006454467773438,22.19535179941568,21.81755893758966,22.006454467773438,31750,0.0,0.0
2019-06-17 00:00:00-04:00,22.100900650024414,22.66759077981135,21.91200514106761,22.100900650024414,19820,0.0,0.0
2019-06-18 00:00:00-04:00,22.289795476959664,22.38424412164394,22.006449542906847,22.19534683227539,23000,0.0,0.0
2019-06-19 00:00:00-04:00,22.195348178809404,22.478692328593915,21.817555378610667,22.289796829223633,15860,0.0,0.0
2019-06-20 00:00:00-04:00,22.57314109802246,22.85648705075905,22.100899644919654,22.57314109802246,40860,0.0,0.0
2019-06-21 00:00:00-04:00,22.573140979008144,22.856486930250828,22.10089952839518,22.289796829223633,26880,0.0,0.0
2019-06-24 00:00:00-04:00,22.19534819875431,23.895416701905415,22.10089954825521,23.517623901367188,164880,0.0,0.0
2019-06-25 00:00:00-04:00,24.273213098554432,25.501040241448248,23.70652295511948,24.462108612060547,139660,0.0,0.0
2019-06-26 00:00:00-04:00,24.745454116222398,25.21769559323841,24.462108149137826,24.839900970458984,84210,0.0,0.0
2019-06-27 00:00:00-04:00,24.83990054033186,25.12324650251002,23.706522095993947,23.989866256713867,70770,0.0,0.0
2019-06-28 00:00:00-04:00,24.839901440531083,24.839901440531083,24.08431578359001,24.462108612060547,60950,0.0,0.0
2019-07-01 00:00:00-04:00,24.74545016821503,26.16217437323212,23.612070083618164,25.501035690307617,73900,0.0,0.0
2019-07-02 00:00:00-04:00,24.839900406508047,25.501039179903657,24.74545355441573,24.934349060058594,74180,0.0,0.0
2019-07-03 00:00:00-04:00,26.067727113952618,26.256622603756473,25.123244260559105,25.59548568725586,32720,0.0,0.0
2019-07-05 00:00:00-04:00,25.028797713609144,25.595487833454204,24.55655624731463,24.934349060058594,44170,0.0,0.0
2019-07-08 00:00:00-04:00,25.028797713609144,25.21769502071024,24.65100490086518,24.934349060058594,24380,0.0,0.0
2019-07-09 00:00:00-04:00,24.839900970458984,25.123246937543556,24.65100546052754,24.839900970458984,23660,0.0,0.0
2019-07-10 00:00:00-04:00,24.83990201941916,24.934350679102476,24.27321366423597,24.367660522460938,46920,0.0,0.0
2019-07-11 00:00:00-04:00,24.556556804832685,24.93434962615384,24.273212639206385,24.839900970458984,22730,0.0,0.0
2019-07-12 00:00:00-04:00,24.839898740001434,25.406588821827306,24.745451894245548,25.217693328857422,54510,0.0,0.0
2019-07-15 00:00:00-04:00,25.31214141845703,26.06772883184062,24.745453110242092,25.31214141845703,27460,0.0,0.0
2019-07-16 00:00:00-04:00,25.31213840905548,25.97327709197998,24.65100152758896,25.501035690307617,32680,0.0,0.0
2019-07-17 00:00:00-04:00,25.50103872216748,25.973280179985395,25.028797264349564,25.31214141845703,29040,0.0,0.0
2019-07-18 00:00:00-04:00,25.217694009984708,25.501038157821686,24.934348060689572,25.40658950805664,22030,0.0,0.0
2019-07-19 00:00:00-04:00,25.501038499311967,25.97327995300293,25.31214119725231,25.97327995300293,37950,0.0,0.0
2019-07-22 00:00:00-04:00,26.539968798489095,28.334485877079153,25.97327872065589,28.0511417388916,109420,0.0,0.0
2019-07-23 00:00:00-04:00,28.0511409400615,28.334485070180083,27.201104946789663,27.86224365234375,47280,0.0,0.0
2019-07-24 00:00:00-04:00,28.334488374678017,28.334488374678017,27.767798246892802,27.956695556640625,28360,0.0,0.0
2019-07-25 00:00:00-04:00,28.051142063713453,28.334486205182024,27.39000333167596,27.67334747314453,18990,0.0,0.0
2019-07-26 00:00:00-04:00,27.86224476842899,28.145588909897565,27.484451979318187,27.67334747314453,13470,0.0,0.0
2019-07-29 00:00:00-04:00,27.86224476842899,28.334486205182024,27.39000333167596,27.67334747314453,35230,0.0,0.0
2019-07-30 00:00:00-04:00,27.578902738603237,28.051144211514536,27.578902738603237,27.956695556640625,30600,0.0,0.0
2019-07-31 00:00:00-04:00,27.956692296202625,28.0511409400615,27.48445087836629,27.86224365234375,30080,0.0,0.0
2019-08-01 00:00:00-04:00,27.767796120786763,28.145588909897565,27.484451979318187,27.67334747314453,25170,0.0,0.0
2019-08-02 00:00:00-04:00,27.673346364625996,28.240036426321208,27.390002234507413,27.86224365234375,12200,0.0,0.0
2019-08-05 00:00:00-04:00,28.334485209791072,28.334485209791072,27.484451013788952,28.145587921142578,33910,0.0,0.0
2019-08-06 00:00:00-04:00,28.145588909897565,28.334486205182024,27.484451979318187,27.67334747314453,32000,0.0,0.0
2019-08-07 00:00:00-04:00,27.390005428855414,28.334488374678017,27.390005428855414,27.956695556640625,55250,0.0,0.0
2019-08-08 00:00:00-04:00,27.956694432291666,28.240038584059743,27.01221152445383,27.201107025146484,41130,0.0,0.0
2019-08-09 00:00:00-04:00,27.3900032724653,27.767796060759405,26.16217626014493,26.445520401000977,42630,0.0,0.0
2019-08-12 00:00:00-04:00,26.351072982112633,27.767797355360177,25.595487370297224,27.484453201293945,38090,0.0,0.0
2019-08-13 00:00:00-04:00,27.390003204345703,27.76779599170023,27.201105909939386,27.390003204345703,26820,0.0,0.0
2019-08-14 00:00:00-04:00,27.295554557142545,27.67334734449707,26.63441762963665,27.390003204345703,33800,0.0,0.0
2019-08-15 00:00:00-04:00,26.728865336336074,27.39000408659579,26.067728387534522,26.634418487548828,47320,0.0,0.0
2019-08-16 00:00:00-04:00,26.853437368528137,27.139111499913227,25.9964113418292,26.091636657714844,43680,0.23,0.0
2019-08-19 00:00:00-04:00,26.09163290695914,26.758208206064463,25.901184118837314,26.28208351135254,28600,0.0,0.0
2019-08-20 00:00:00-04:00,26.853435415527827,26.853435415527827,26.186860069078957,26.4725341796875,11660,0.0,0.0
2019-08-21 00:00:00-04:00,26.472534238583815,27.13910958651569,26.37731074568358,27.04388427734375,19050,0.0,0.0
2019-08-22 00:00:00-04:00,27.139109577451432,27.329560195731702,26.377310736873756,26.66298484802246,26040,0.0,0.0
2019-08-23 00:00:00-04:00,26.186861071670265,27.234335877791427,25.996410446458498,27.139110565185547,30120,0.0,0.0
2019-08-26 00:00:00-04:00,26.662984856927697,27.520009006931744,26.662984856927697,27.04388427734375,53160,0.0,0.0
2019-08-27 00:00:00-04:00,26.472533311009638,27.043883329749974,26.377309821445948,26.758209228515625,46480,0.0,0.0
2019-08-28 00:00:00-04:00,26.853434534350956,26.948658023914643,26.186859209775292,26.758209228515625,35740,0.0,0.0
2019-08-29 00:00:00-04:00,25.9964094821819,26.853435447573677,25.901185989379883,25.901185989379883,39670,0.0,0.0
2019-08-30 00:00:00-04:00,25.805960706923646,27.04388427734375,25.805960706923646,27.04388427734375,15640,0.0,0.0
2019-09-03 00:00:00-04:00,26.948658101730683,27.710458734341422,26.662983999671432,27.329559326171875,28680,0.0,0.0
2019-09-04 00:00:00-04:00,27.5200080194394,27.710458630949393,26.377309799194336,26.377309799194336,34050,0.0,0.0
2019-09-05 00:00:00-04:00,26.282084239611297,26.377309544446625,24.377585407991226,24.663259506225586,114900,0.0,0.0
2019-09-06 00:00:00-04:00,24.568034201390258,24.85371011589624,24.377585407991226,24.663259506225586,30310,0.0,0.0
2019-09-09 00:00:00-04:00,24.377589146709674,25.139388069683893,24.18713850783017,25.04416275024414,32740,0.0,0.0
2019-09-10 00:00:00-04:00,24.663261461082257,25.044160894342752,23.90146259456126,24.47281265258789,23540,0.0,0.0
2019-09-11 00:00:00-04:00,24.568035125732422,24.75848574256855,24.28236101674992,24.568035125732422,13170,0.0,0.0
2019-09-12 00:00:00-04:00,24.663259479562196,25.329834796417238,24.282360076904297,24.282360076904297,34200,0.0,0.0
2019-09-13 00:00:00-04:00,23.996686946727124,24.758485782765064,23.996686946727124,24.377586364746094,20330,0.0,0.0
2019-09-16 00:00:00-04:00,24.56803417482982,24.94893539375934,23.901460674246398,24.282360076904297,21770,0.0,0.0
2019-09-17 00:00:00-04:00,24.091909440563693,24.187134745189844,23.806235342956857,23.901460647583008,21680,0.0,0.0
2019-09-18 00:00:00-04:00,24.568034147422832,24.568034147422832,23.711010038330706,23.901460647583008,22070,0.0,0.0
2019-09-19 00:00:00-04:00,23.711011021009128,24.6632604741924,23.711011021009128,24.377586364746094,12280,0.0,0.0
2019-09-20 00:00:00-04:00,24.377586325167986,24.75848574256855,24.28236101674992,24.568035125732422,13990,0.0,0.0
2019-09-23 00:00:00-04:00,24.663261371878093,25.139386115799567,23.901462508112434,24.09191131591797,20900,0.0,0.0
2019-09-24 00:00:00-04:00,23.99668592457251,24.282360021850337,23.234885304712275,23.52056121826172,43300,0.0,0.0
2019-09-25 00:00:00-04:00,23.330113392659694,23.806238155775198,22.758763313666723,23.234888076782227,28910,0.0,0.0
2019-09-26 00:00:00-04:00,22.853986804404116,23.711010946314932,22.758761496131427,23.425336837768555,16660,0.0,0.0
2019-09-27 00:00:00-04:00,23.330110609228758,23.615784706506584,22.853985902917966,23.52056121826172,13550,0.0,0.0
2019-09-30 00:00:00-04:00,23.71101080948877,23.71101080948877,22.092187843281366,22.282636642456055,51820,0.0,0.0
2019-10-01 00:00:00-04:00,22.377862016359963,23.425336771869446,21.80651198460282,22.853986740112305,34590,0.0,0.0
2019-10-02 00:00:00-04:00,22.663538941983145,23.425339684468707,22.663538941983145,23.330114364624023,16040,0.0,0.0
2019-10-03 00:00:00-04:00,23.234884169821502,23.234884169821502,22.09218602025282,22.473085403442383,39570,0.0,0.0
2019-10-04 00:00:00-04:00,22.473088283873192,23.044438340024634,21.90173822772175,22.9492130279541,41760,0.0,0.0
2019-10-07 00:00:00-04:00,22.853986792005216,23.330111516838656,22.75876148378419,23.044437408447266,25210,0.0,0.0
2019-10-08 00:00:00-04:00,22.758763313666723,23.71101283989773,22.758763313666723,23.234888076782227,25040,0.0,0.0
2019-10-09 00:00:00-04:00,23.330110489648593,23.330110489648593,23.044436393835007,23.139659881591797,15430,0.0,0.0
2019-10-10 00:00:00-04:00,22.47308638593623,23.330110489648593,22.47308638593623,23.139659881591797,18490,0.0,0.0
2019-10-11 00:00:00-04:00,23.139660900396606,23.425336825059684,22.853986792005216,23.044437408447266,1710,0.0,0.0
2019-10-14 00:00:00-04:00,20.663816316178302,22.473090128977933,20.663816316178302,22.187414169311523,23870,0.0,0.0
2019-10-15 00:00:00-04:00,22.092187843281366,22.66353605707711,21.71128661238863,22.282636642456055,20880,0.0,0.0
2019-10-16 00:00:00-04:00,21.806512875206106,22.568313554085684,21.71128756331219,22.37786293029785,19740,0.0,0.0
2019-10-17 00:00:00-04:00,22.568315448866738,22.568315448866738,21.806514706028217,22.187414169311523,28340,0.0,0.0
2019-10-18 00:00:00-04:00,22.473088286550933,23.139661838580572,22.282637662387174,22.568313598632812,34030,0.0,0.0
2019-10-21 00:00:00-04:00,22.853987718606692,22.949213030688572,22.473088286550933,22.568313598632812,11610,0.0,0.0
2019-10-22 00:00:00-04:00,22.47308725790242,22.66353605707711,22.18741133473287,22.282636642456055,24290,0.0,0.0
2019-10-23 00:00:00-04:00,22.282639489200328,22.568315448866738,22.187414169311523,22.187414169311523,10250,0.0,0.0
2019-10-24 00:00:00-04:00,22.187413288655673,22.377863920873974,21.616065024544444,22.09218978881836,22150,0.0,0.0
2019-10-25 00:00:00-04:00,22.187411349124275,22.85398668734724,21.996962549826055,22.663536071777344,20310,0.0,0.0
2019-10-28 00:00:00-04:00,22.66353605707711,22.66353605707711,21.996962535558183,22.282636642456055,27000,0.0,0.0
2019-10-29 00:00:00-04:00,22.37786480908913,22.37786480908913,21.996965345805826,22.187414169311523,13780,0.0,0.0
2019-10-30 00:00:00-04:00,22.09218978881836,22.282638604764823,21.90173915660006,22.09218978881836,11700,0.0,0.0
2019-10-31 00:00:00-04:00,22.09218689727348,22.18741038464743,21.806510986336836,21.99696159362793,17830,0.0,0.0
2019-11-01 00:00:00-04:00,22.66353602611556,22.66353602611556,21.425612476220387,21.520837783813477,27750,0.0,0.0
2019-11-04 00:00:00-05:00,21.52083963517912,21.80651376626231,20.66381542565772,20.7590389251709,43720,0.0,0.0
2019-11-05 00:00:00-05:00,20.47336483001709,20.759038961601618,18.85453990764654,19.99724006652832,212160,0.0,0.0
2019-11-06 00:00:00-05:00,19.902011934714757,20.473361933317467,19.61633784354919,20.09246253967285,41780,0.0,0.0
2019-11-07 00:00:00-05:00,19.997239089593656,20.092464400893686,19.330663726765167,19.521114349365234,42910,0.0,0.0
2019-11-08 00:00:00-05:00,19.42588820290607,20.75903705497647,19.140214097559436,20.568588256835938,53200,0.0,0.0
2019-11-11 00:00:00-05:00,20.759037000045808,21.139938227862302,20.187688790864392,20.378137588500977,28150,0.0,0.0
2019-11-12 00:00:00-05:00,20.759038961601618,20.759038961601618,19.80678943462408,19.99724006652832,25060,0.0,0.0
2019-11-13 00:00:00-05:00,20.28291132835937,20.28291132835937,19.902011934714757,20.09246253967285,12090,0.0,0.0
2019-11-14 00:00:00-05:00,19.997238213260644,20.473362932623992,19.521113493897296,20.18768882751465,19410,0.0,0.0
2019-11-15 00:00:00-05:00,20.697914716568448,20.794184454581693,20.120298124681522,20.312837600708008,12050,0.23,0.0
2019-11-18 00:00:00-05:00,19.638951525503884,20.69791498499811,19.638951525503884,20.120298385620117,26970,0.0,0.0
2019-11-19 00:00:00-05:00,19.446414865819037,20.69791603088379,19.446414865819037,20.69791603088379,28820,0.0,0.0
2019-11-20 00:00:00-05:00,20.794186841752058,20.98672450368932,19.927762772552544,20.024030685424805,23970,0.0,0.0
2019-11-21 00:00:00-05:00,20.120298385620117,20.40910760340539,20.02402864635836,20.120298385620117,18180,0.0,0.0
2019-11-22 00:00:00-05:00,20.216569900512695,20.31283964822987,20.120300152795522,20.216569900512695,16450,0.0,0.0
2019-11-25 00:00:00-05:00,19.831493023487543,20.50537759455706,19.831493023487543,20.024030685424805,23610,0.0,0.0
2019-11-26 00:00:00-05:00,20.02402965819191,21.082993171196588,20.02402965819191,20.69791603088379,18720,0.0,0.0
2019-11-27 00:00:00-05:00,21.179262915322948,21.179262915322948,20.60164628675743,20.69791603088379,23360,0.0,0.0
2019-11-29 00:00:00-05:00,20.12029940231827,20.89045551913651,20.02402965819191,20.69791603088379,13730,0.0,0.0
2019-12-02 00:00:00-05:00,20.12029940231827,20.79418577501015,20.02402965819191,20.69791603088379,10920,0.0,0.0
2019-12-03 00:00:00-05:00,20.409110021882885,21.275534105524766,20.409110021882885,20.986724853515625,47330,0.0,0.0
2019-12-04 00:00:00-05:00,20.50537536303965,21.564338815126437,20.50537536303965,21.468069076538086,16580,0.0,0.0
2019-12-05 00:00:00-05:00,21.949416248539176,22.52703285217285,21.756878604789662,22.52703285217285,20860,0.0,0.0
2019-12-06 00:00:00-05:00,21.66061006123011,22.334496442056558,21.66061006123011,21.756879806518555,31460,0.0,0.0
2019-12-09 00:00:00-05:00,22.045687206191225,22.141956951479667,21.756879806518555,21.756879806518555,21610,0.0,0.0
2019-12-10 00:00:00-05:00,20.98672580477239,21.75688200884588,20.98672580477239,21.564342498779297,12780,0.0,0.0
2019-12-11 00:00:00-05:00,21.75688238157737,21.75688238157737,21.17926567767493,21.37180519104004,34400,0.0,0.0
2019-12-12 00:00:00-05:00,21.564342498779297,22.141959192786203,21.468072743746003,21.564342498779297,17090,0.0,0.0
2019-12-13 00:00:00-05:00,21.660608553714788,22.238225149052358,21.179261696965572,21.468069076538086,16680,0.0,0.0
2019-12-16 00:00:00-05:00,22.04568514307975,22.33449435191732,21.660608034155487,21.853147506713867,27140,0.0,0.0
2019-12-17 00:00:00-05:00,22.2382268381858,22.52703423969506,21.66061019897461,21.66061019897461,25290,0.0,0.0
2019-12-18 00:00:00-05:00,22.334496584086445,22.334496584086445,21.275533051564707,21.66061019897461,12480,0.0,0.0
2019-12-19 00:00:00-05:00,21.949417600483866,21.949417600483866,21.564340453073964,21.66061019897461,19800,0.0,0.0
2019-12-20 00:00:00-05:00,22.04568943775291,22.04568943775291,21.37180482490556,21.564342498779297,12400,0.0,0.0
2019-12-23 00:00:00-05:00,21.46807133740837,21.660610834862016,21.17926392742064,21.27553367614746,25560,0.0,0.0
2019-12-24 00:00:00-05:00,21.17926229501772,21.37180177763128,21.082992553710938,21.082992553710938,28460,0.0,0.0
2019-12-26 00:00:00-05:00,21.08299555980568,21.660612253812587,21.08299555980568,21.564342498779297,28870,0.0,0.0
2019-12-27 00:00:00-05:00,21.082993559763416,22.04568734638451,21.082993559763416,21.66061019897461,20220,0.0,0.0
2019-12-30 00:00:00-05:00,22.238228947819493,22.238228947819493,21.564342498779297,21.564342498779297,26640,0.0,0.0
2019-12-31 00:00:00-05:00,21.9494167108929,22.334495678888562,21.564339579089843,22.23822593688965,33770,0.0,0.0
2020-01-02 00:00:00-05:00,22.334495951321355,22.334495951321355,21.94941697862856,22.045686721801758,71330,0.0,0.0
2020-01-03 00:00:00-05:00,21.94942011096129,22.527036816237725,21.66061267641952,22.430767059326172,48020,0.0,0.0
2020-01-06 00:00:00-05:00,22.43076439123885,22.912111282348633,22.43076439123885,22.912111282348633,26470,0.0,0.0
2020-01-07 00:00:00-05:00,23.29719126461606,23.5859986772068,22.912112266238076,23.489728927612305,31000,0.0,0.0
2020-01-08 00:00:00-05:00,24.163615660326723,24.163615660326723,21.949418734941624,22.141958236694336,50280,0.0,0.0
2020-01-09 00:00:00-05:00,22.4307641234509,23.104650497436523,21.853149329969106,23.104650497436523,18330,0.0,0.0
2020-01-10 00:00:00-05:00,23.2009220123291,23.778538686084435,23.10465226067108,23.2009220123291,26360,0.0,0.0
2020-01-13 00:00:00-05:00,23.200920518730104,23.5859976643794,22.81584337308081,22.912111282348633,14630,0.0,0.0
2020-01-14 00:00:00-05:00,22.912109708765744,23.20091892531206,22.430762850714423,22.719572067260742,26650,0.0,0.0
2020-01-15 00:00:00-05:00,22.430764872017576,22.9121117734445,22.33449696068636,22.62330436706543,24200,0.0,0.0
2020-01-16 00:00:00-05:00,22.430765365230204,22.719574614152386,22.2382277021415,22.334497451782227,17250,0.0,0.0
2020-01-17 00:00:00-05:00,21.756879063087673,22.430763584694873,21.756879063087673,22.23822593688965,18880,0.0,0.0
2020-01-21 00:00:00-05:00,22.238228736008878,24.06734671944839,21.9494194736598,23.97107696533203,30580,0.0,0.0
2020-01-22 00:00:00-05:00,23.682268934426414,24.06734610486571,22.815844841889806,23.2009220123291,28100,0.0,0.0
2020-01-23 00:00:00-05:00,22.527033603270084,23.48972736269353,22.527033603270084,23.297189712524414,16300,0.0,0.0
2020-01-24 00:00:00-05:00,23.297190477673915,23.489728134166544,22.719573835810664,22.81584358215332,21050,0.0,0.0
2020-01-27 00:00:00-05:00,22.33449595310097,23.585997105874398,22.33449595310097,23.297189712524414,26670,0.0,0.0
2020-01-28 00:00:00-05:00,23.297188935748608,23.971073443160762,22.334495208423338,22.52703285217285,22810,0.0,0.0
2020-01-29 00:00:00-05:00,23.20092073133126,23.297190477673915,22.430764596782694,22.81584358215332,10800,0.0,0.0
2020-01-30 00:00:00-05:00,23.489727638488603,23.585997382799786,22.815843100695627,23.104650497436523,18340,0.0,0.0
2020-01-31 00:00:00-05:00,23.104650773269615,23.393458173458416,22.81584337308081,22.912111282348633,19600,0.0,0.0
2020-02-03 00:00:00-05:00,22.815844656636056,22.91211257131964,22.141958236694336,22.141958236694336,45610,0.0,0.0
2020-02-04 00:00:00-05:00,22.238225209209425,22.912109708765744,21.853148090006876,22.719572067260742,56890,0.0,0.0
2020-02-05 00:00:00-05:00,23.200918456349672,23.297188193252534,22.04568528590033,23.008378982543945,29060,0.0,0.0
2020-02-06 00:00:00-05:00,23.29718998605889,23.393457894177423,23.008380753125344,23.104650497436523,19910,0.0,0.0
2020-02-07 00:00:00-05:00,22.815844363793115,23.200921526163274,22.14195795250077,22.334497451782227,25640,0.0,0.0
2020-02-10 00:00:00-05:00,22.430765365230204,22.815844363793115,21.94941845321932,22.334497451782227,30930,0.0,0.0
2020-02-11 00:00:00-05:00,22.14195795250077,22.719574614152386,22.14195795250077,22.334497451782227,25360,0.0,0.0
2020-02-12 00:00:00-05:00,22.141956601793947,22.430763996905508,21.75687946291432,21.949417114257812,37270,0.0,0.0
2020-02-13 00:00:00-05:00,22.04568685802588,22.04568685802588,21.66060971914625,21.949417114257812,40720,0.0,0.0
2020-02-14 00:00:00-05:00,22.04568771811458,22.815843862113283,21.66061056421158,22.62330436706543,35190,0.0,0.0
2020-02-18 00:00:00-05:00,23.10465226067108,23.297191763987122,21.853150997695177,23.2009220123291,47040,0.0,0.0
2020-02-19 00:00:00-05:00,22.62330314646601,23.393457412719727,22.62330314646601,23.393457412719727,35910,0.0,0.0
2020-02-20 00:00:00-05:00,23.29719126461606,23.5859986772068,22.430765354458348,23.489728927612305,17790,0.0,0.0
2020-02-21 00:00:00-05:00,23.200919238205532,24.1636129672913,23.200919238205532,23.778535842895508,28120,0.0,0.0
2020-02-24 00:00:00-05:00,23.585998045582866,24.452422096345327,23.393458551550005,23.874805450439453,34940,0.0,0.0
2020-02-25 00:00:00-05:00,24.163612152993288,24.163612152993288,23.008378982543945,23.008378982543945,26730,0.0,0.0
2020-02-26 00:00:00-05:00,22.912109708765744,23.20091892531206,22.62330232841197,22.719572067260742,18170,0.0,0.0
2020-02-27 00:00:00-05:00,22.62330356864042,22.62330356864042,20.69791603088379,20.69791603088379,57580,0.0,0.0
2020-02-28 00:00:00-05:00,20.409110194330868,20.505378109621233,19.157607097435488,19.7352237701416,172200,0.0,0.0
2020-03-02 00:00:00-05:00,19.542684267175304,20.409110194330868,19.542684267175304,19.7352237701416,38860,0.0,0.0
2020-03-03 00:00:00-05:00,19.735223485044635,20.794187063675828,19.44641607096011,19.927762985229492,55340,0.0,0.0
2020-03-04 00:00:00-05:00,20.794187063675828,20.794187063675828,19.54268398485978,19.927762985229492,21270,0.0,0.0
2020-03-05 00:00:00-05:00,20.024029117195127,20.31283834177134,19.638951987286106,19.831491470336914,37720,0.0,0.0
2020-03-06 00:00:00-05:00,19.55902656482158,20.240185567408844,18.87786570622029,19.46171760559082,123010,0.22,0.0
2020-03-09 00:00:00-04:00,19.46172064283156,19.46172064283156,17.904782620202173,18.87786865234375,87300,0.0,0.0
2020-03-10 00:00:00-04:00,19.267099866383568,19.46171778665574,17.71016392826234,18.29401397705078,71500,0.0,0.0
2020-03-11 00:00:00-04:00,18.294016262690704,18.48863420727829,16.737080130047108,17.126314163208008,73610,0.0,0.0
2020-03-12 00:00:00-04:00,15.374758164790165,17.029004090873617,14.01243728071603,14.304363250732422,193910,0.0,0.0
2020-03-13 00:00:00-04:00,13.62320379236477,15.180141739837874,13.23396976950005,14.693598747253418,119560,0.0,0.0
2020-03-16 00:00:00-04:00,12.942043416211927,16.055918293614543,12.942043416211927,15.082832336425781,97340,0.0,0.0
2020-03-17 00:00:00-04:00,14.693598768677118,18.294015805443074,14.30436381723777,16.834386825561523,62580,0.0,0.0
2020-03-18 00:00:00-04:00,16.834386316959883,17.22362218464672,14.207055346158732,15.082832336425781,67040,0.0,0.0
2020-03-19 00:00:00-04:00,14.790905841807309,15.763992692670199,14.01243691792123,15.374757766723633,50680,0.0,0.0
2020-03-20 00:00:00-04:00,14.596289220748814,17.22362202288926,14.304363250732422,14.304363250732422,58710,0.0,0.0
2020-03-23 00:00:00-04:00,13.6232035239611,14.790906497556346,13.52589455615854,14.498980522155762,60570,0.0,0.0
2020-03-24 00:00:00-04:00,15.277450498677352,16.83438759122631,14.596290462686735,15.958610534667969,55260,0.0,0.0
2020-03-25 00:00:00-04:00,16.542460724867084,18.39132361114941,15.861299834966914,17.418237686157227,61900,0.0,0.0
2020-03-26 00:00:00-04:00,17.41823823856796,18.97517613913578,16.445152282714844,16.445152282714844,49610,0.0,0.0
2020-03-27 00:00:00-04:00,17.029004835428797,17.223622775953675,15.277449866754697,15.472066879272461,28370,0.0,0.0
2020-03-30 00:00:00-04:00,15.569375184589287,16.0559181591077,15.082832210070872,15.6666841506958,30260,0.0,0.0
2020-03-31 00:00:00-04:00,15.082832350185425,16.639770254310626,15.082832350185425,15.763993263244629,20230,0.0,0.0
2020-04-01 00:00:00-04:00,15.374758323209786,15.763993263244629,15.180141317195908,15.763993263244629,16420,0.0,0.0
2020-04-02 00:00:00-04:00,15.763991143988097,16.54245906338907,15.180139276430404,16.250534057617188,17510,0.0,0.0
2020-04-03 00:00:00-04:00,15.08283206820488,15.95860904289782,14.888215065829456,15.569375038146973,43460,0.0,0.0
2020-04-06 00:00:00-04:00,17.41823593671865,17.515544890647252,15.666682190059493,16.250534057617188,46940,0.0,0.0
2020-04-07 00:00:00-04:00,16.25053620515272,18.196708116858954,16.153227238364575,16.445152282714844,41870,0.0,0.0
2020-04-08 00:00:00-04:00,17.418238500603536,18.196708390605636,16.73707943486767,18.002090454101562,44990,0.0,0.0
2020-04-09 00:00:00-04:00,19.36441166841454,19.36441166841454,18.00209159461919,18.87786865234375,59470,0.0,0.0
2020-04-13 00:00:00-04:00,19.36441027698438,20.629423141479492,18.196708235928334,20.629423141479492,50470,0.0,0.0
2020-04-14 00:00:00-04:00,21.01865833138415,21.89443537518885,20.53211532304662,21.50520133972168,49280,0.0,0.0
2020-04-15 00:00:00-04:00,21.60250935154475,21.69981646407185,19.948262454385176,20.824039459228516,33820,0.0,0.0
2020-04-16 00:00:00-04:00,20.53211297508519,21.50519888048246,20.337495051600108,21.115964889526367,40830,0.0,0.0
2020-04-17 00:00:00-04:00,21.894434401154463,21.894434401154463,20.72673049068721,20.824039459228516,50610,0.0,0.0
2020-04-20 00:00:00-04:00,20.53211387275353,21.7971248626709,20.53211387275353,21.7971248626709,43030,0.0,0.0
2020-04-21 00:00:00-04:00,21.21327218388307,22.867518980173603,20.92134715207372,22.575593948364258,43880,0.0,0.0
2020-04-22 00:00:00-04:00,22.867521650411195,23.35406466424973,22.67290370247006,23.159446716308594,37780,0.0,0.0
2020-04-23 00:00:00-04:00,23.45137174725946,24.813691704956184,23.354062781135234,24.521766662597656,45170,0.0,0.0
2020-04-24 00:00:00-04:00,25.300235670440053,25.300235670440053,23.256754725855508,23.840606689453125,38880,0.0,0.0
2020-04-27 00:00:00-04:00,23.159444192904356,24.327148041292013,23.159444192904356,24.03522300720215,28890,0.0,0.0
2020-04-28 00:00:00-04:00,25.786776923769533,25.786776923769533,23.354062119640332,24.03522300720215,41620,0.0,0.0
2020-04-29 00:00:00-04:00,24.3271487303492,24.61907377270773,23.645987823493762,24.521766662597656,43830,0.0,0.0
2020-04-30 00:00:00-04:00,24.716383706842436,24.91100164671305,23.54868163566143,23.840606689453125,25760,0.0,0.0
2020-05-01 00:00:00-04:00,23.15944524326262,23.84060616171736,22.86752019593298,23.451372146606445,58080,0.0,0.0
2020-05-04 00:00:00-04:00,23.062137988537568,23.743297046755742,22.86752005418142,23.354063034057617,27940,0.0,0.0
2020-05-05 00:00:00-04:00,22.575594216258278,24.327148139927406,22.283667324970683,24.132530212402344,23240,0.0,0.0
2020-05-06 00:00:00-04:00,22.770213424603103,24.424460468413557,22.770213424603103,23.74329948425293,27510,0.0,0.0
2020-05-07 00:00:00-04:00,23.743296117098183,24.229839077924023,23.159444192904356,24.03522300720215,45430,0.0,0.0
2020-05-08 00:00:00-04:00,22.380978187974343,24.61907526436607,22.380978187974343,24.229841232299805,52520,0.0,0.0
2020-05-11 00:00:00-04:00,25.008311152446606,25.008311152446606,23.548682140187406,24.229841232299805,25740,0.0,0.0
2020-05-12 00:00:00-04:00,24.22983961896711,24.911000521738988,24.03522354389953,24.424457550048828,20160,0.0,0.0
2020-05-13 00:00:00-04:00,24.132530653426247,24.619073625116407,23.840605612817807,24.424457550048828,35600,0.0,0.0
2020-05-14 00:00:00-04:00,23.159446862388627,24.716384887695312,23.159446862388627,24.716384887695312,27990,0.0,0.0
2020-05-15 00:00:00-04:00,24.736834413118064,24.931613382788647,23.470776682909037,24.44466781616211,52570,0.021,0.0
2020-05-18 00:00:00-04:00,24.639447346289767,25.126392960703008,22.594277251794257,24.931615829467773,47250,0.0,0.0
2020-05-19 00:00:00-04:00,24.834223601208304,26.3924497673039,23.373386918784284,25.223779678344727,82670,0.0,0.0
2020-05-20 00:00:00-04:00,26.782008117099977,26.782008117099977,25.418560802648535,25.808116912841797,31460,0.0,0.0
2020-05-21 00:00:00-04:00,25.223779678344727,26.782005844440327,24.736834117536723,25.223779678344727,26310,0.0,0.0
2020-05-22 00:00:00-04:00,26.00289342062052,26.00289342062052,24.736833861113784,25.321168899536133,21520,0.0,0.0
2020-05-26 00:00:00-04:00,26.782008117099977,26.782008117099977,25.418560802648535,25.808116912841797,29390,0.0,0.0
2020-05-27 00:00:00-04:00,25.710724437288963,26.197669982910156,24.639443865412375,26.197669982910156,28300,0.0,0.0
2020-05-28 00:00:00-04:00,27.65850676505343,28.924566304848568,24.912134170532227,24.912134170532227,5900,0.0,0.1
2020-05-29 00:00:00-04:00,26.197672642722083,28.447360771785625,26.197672642722083,27.268953323364258,141800,0.0,0.0
2020-06-01 00:00:00-04:00,30.34644742708535,34.125146047341374,28.145453252925897,32.96621322631836,455400,0.0,0.0
2020-06-02 00:00:00-04:00,33.58950709025632,34.310184454194506,32.284492812614324,32.44031524658203,176400,0.0,0.0
2020-06-03 00:00:00-04:00,32.56691658236511,33.8037587075475,30.677569212731196,31.242427825927734,106300,0.0,0.0
2020-06-04 00:00:00-04:00,31.787807970164916,32.0702373079816,30.239320823470116,31.086606979370117,98600,0.0,0.0
2020-06-05 00:00:00-04:00,31.164514741375836,31.222949543951795,28.564225468340297,28.681093215942383,226500,0.0,0.0
2020-06-08 00:00:00-04:00,27.950676558628135,30.68731015147091,27.950676558628135,28.94404411315918,89800,0.0,0.0
2020-06-09 00:00:00-04:00,29.70368003786609,30.90156570505657,29.070651162667456,29.362817764282227,66000,0.0,0.0
2020-06-10 00:00:00-04:00,31.096344351798468,31.096344351798468,29.440728673206813,30.229581832885742,63200,0.0,0.0
2020-06-11 00:00:00-04:00,31.20347311499757,31.20347311499757,28.009109497070312,28.009109497070312,100600,0.0,0.0
2020-06-12 00:00:00-04:00,28.612920643795334,29.440728477590877,27.268951698818395,28.194149017333984,41100,0.0,0.0
2020-06-15 00:00:00-04:00,28.164932557172207,29.19725667163091,26.489840422621295,29.002479553222656,89400,0.0,0.0
2020-06-16 00:00:00-04:00,29.479683855535704,29.801067842192047,27.960412411751317,28.242841720581055,38300,0.0,0.0
2020-06-17 00:00:00-04:00,27.0741740844138,29.49916475935674,27.0741740844138,28.89535140991211,30500,0.0,0.0
2020-06-18 00:00:00-04:00,29.012217140863587,29.216733382920086,28.28179880629059,28.729787826538086,23300,0.0,0.0
2020-06-19 00:00:00-04:00,28.535009391016146,29.421250171489724,28.48631557749339,28.875871658325195,35500,0.0,0.0
2020-06-22 00:00:00-04:00,29.002478615506124,30.07375737598959,27.736419027812147,29.810808181762695,47100,0.0,0.0
2020-06-23 00:00:00-04:00,29.81080706263831,31.018431799568845,29.81080706263831,30.628875732421875,45600,0.0,0.0
2020-06-24 00:00:00-04:00,31.778069556464043,31.778069556464043,30.609399422715178,31.135299682617188,39700,0.0,0.0
2020-06-25 00:00:00-04:00,29.129081687804316,33.141511846707225,29.129081687804316,32.9759521484375,131600,0.0,0.0
2020-06-26 00:00:00-04:00,33.62846094939293,33.62846094939293,31.515118891345008,32.820133209228516,55300,0.0,0.0
2020-06-29 00:00:00-04:00,35.5470289178116,37.933063108739525,32.138409706514594,32.43057632446289,124900,0.0,0.0
2020-06-30 00:00:00-04:00,33.02465032049811,35.157470703125,32.284494645896565,35.157470703125,263500,0.0,0.0
2020-07-01 00:00:00-04:00,36.03397141738488,38.95564477555122,35.28407480964355,37.670108795166016,195400,0.0,0.0
2020-07-02 00:00:00-04:00,38.46870013051607,38.91668916446266,36.287182336571966,36.861778259277344,154100,0.0,0.0
2020-07-06 00:00:00-04:00,37.4948114696806,37.68959045410156,35.54702905567122,37.68959045410156,121400,0.0,0.0
2020-07-07 00:00:00-04:00,36.881253288981206,37.47532742817711,35.76128080247214,37.34872055053711,61500,0.0,0.0
2020-07-08 00:00:00-04:00,37.49480769488137,37.54350150730932,36.569610398351365,36.92021179199219,67800,0.0,0.0
2020-07-09 00:00:00-04:00,36.959173730466084,37.49481317566988,35.70285312464424,37.01760482788086,88700,0.0,0.0
2020-07-10 00:00:00-04:00,37.17342679073744,37.17342679073744,34.183580985715025,36.53065872192383,138100,0.0,0.0
2020-07-13 00:00:00-04:00,37.19290338668507,37.44611717775309,36.267709723836745,36.52091979980469,98900,0.0,0.0
2020-07-14 00:00:00-04:00,36.072926920391986,37.41689395177561,36.04370766137952,37.3779411315918,52500,0.0,0.0
2020-07-15 00:00:00-04:00,37.7285414672008,37.9038384408905,36.53065218877416,36.99812316894531,47300,0.0,0.0
2020-07-16 00:00:00-04:00,36.88125570926736,37.300029188473836,35.576241458621546,36.1313591003418,78700,0.0,0.0
2020-07-17 00:00:00-04:00,36.03397325585817,37.202643401770864,35.87815081740981,36.73517608642578,58200,0.0,0.0
2020-07-20 00:00:00-04:00,37.290292745162155,37.621415882280196,37.07603550493875,37.54350280761719,55700,0.0,0.0
2020-07-21 00:00:00-04:00,38.00122892841143,38.059663728403784,37.397417522221765,37.63114929199219,51800,0.0,0.0
2020-07-22 00:00:00-04:00,37.592197462734106,38.81930241042986,37.436375025021945,38.18627166748047,103400,0.0,0.0
2020-07-23 00:00:00-04:00,38.85825824307682,38.85825824307682,37.00786357813034,37.28055191040039,76400,0.0,0.0
2020-07-24 00:00:00-04:00,38.95564516129032,38.95564516129032,37.1052505300891,37.73828125,64900,0.0,0.0
2020-07-27 00:00:00-04:00,37.98175378697345,41.39037271657363,37.98175378697345,40.13405227661133,363600,0.0,0.0
2020-07-28 00:00:00-04:00,40.504130855928686,40.68916882684556,39.67632490986407,39.84188461303711,54400,0.0,0.0
2020-07-29 00:00:00-04:00,40.17300811829956,40.29961500229425,37.114990640195266,37.86488723754883,119400,0.0,0.0
2020-07-30 00:00:00-04:00,37.981751896148026,38.137574319425674,35.83919078975565,37.0662956237793,98900,0.0,0.0
2020-07-31 00:00:00-04:00,37.56298557152161,37.56298557152161,36.56961604128893,37.17342758178711,71800,0.0,0.0
2020-08-03 00:00:00-04:00,37.6603697369899,39.53997999111694,37.62141691369036,39.199119567871094,62200,0.0,0.0
2020-08-04 00:00:00-04:00,38.76086444659925,38.97512167416773,37.319506086365074,38.41026306152344,123000,0.0,0.0
2020-08-05 00:00:00-04:00,38.94590934675102,39.11146906165403,38.06940581167637,38.78034591674805,56300,0.0,0.0
2020-08-06 00:00:00-04:00,39.520504959709655,39.59841432046776,37.767497903902964,38.6245231628418,58900,0.0,0.0
2020-08-07 00:00:00-04:00,39.033557931909286,39.033557931909286,36.45274497396436,36.81308364868164,84700,0.0,0.0
2020-08-10 00:00:00-04:00,36.910476575967024,38.83878063353381,36.910476575967024,37.59219741821289,103100,0.0,0.0
2020-08-11 00:00:00-04:00,37.59219526962031,38.410263948658354,36.87151793040807,37.00786209106445,87500,0.0,0.0
2020-08-12 00:00:00-04:00,37.3876830474123,39.19912129678536,37.20264505450328,38.61478805541992,70500,0.0,0.0
2020-08-13 00:00:00-04:00,38.95564290140572,40.192485009337304,38.8095577544856,40.14379119873047,92600,0.0,0.0
2020-08-14 00:00:00-04:00,40.290698163489864,40.56491659980892,38.72373033317245,39.27216720581055,56800,0.23,0.0
2020-08-17 00:00:00-04:00,39.232992323001795,42.72929201892592,39.232992323001795,41.52468490600586,220600,0.0,0.0
2020-08-18 00:00:00-04:00,41.57365537894916,42.092712768954875,39.752052952809734,40.34946060180664,110900,0.0,0.0
2020-08-19 00:00:00-04:00,39.95771726158385,40.15358917548273,39.115470646980896,39.85978317260742,92400,0.0,0.0
2020-08-20 00:00:00-04:00,39.88915769433591,40.26131391089432,39.321133324168855,39.75204849243164,33400,0.0,0.0
2020-08-21 00:00:00-04:00,39.76184131341925,39.771636962890625,38.204665546631716,39.771636962890625,68500,0.0,0.0
2020-08-24 00:00:00-04:00,39.80101848536544,40.43760123968536,39.19381894502446,39.565975189208984,58100,0.0,0.0
2020-08-25 00:00:00-04:00,39.89895755338127,40.506157112714796,39.69328999287903,40.42780685424805,35400,0.0,0.0
2020-08-26 00:00:00-04:00,40.49635698396288,41.08397264964156,40.28090126889835,40.82933807373047,37800,0.0,0.0
2020-08-27 00:00:00-04:00,41.31901909241411,41.514890995978504,40.31028383258434,41.23087692260742,50800,0.0,0.0
2020-08-28 00:00:00-04:00,41.73035205385165,42.37672674508563,40.839138407817735,41.514892578125,41500,0.0,0.0
2020-08-31 00:00:00-04:00,41.62261895054156,42.16126386035943,41.37778001553837,41.6911735534668,48100,0.0,0.0
2020-09-01 00:00:00-04:00,42.01436144609521,42.533418776802655,41.42674577862974,42.327754974365234,29900,0.0,0.0
2020-09-02 00:00:00-04:00,42.32775611111795,42.43548583984375,41.03500683829966,42.43548583984375,38500,0.0,0.0
2020-09-03 00:00:00-04:00,42.112298158644094,42.25920301869209,40.71181910705073,41.05459213256836,70400,0.0,0.0
2020-09-04 00:00:00-04:00,41.30922789659764,41.30922789659764,38.4886821496926,40.16337966918945,106400,0.0,0.0
2020-09-08 00:00:00-04:00,39.477832989313164,39.92833575322726,37.86189445168961,39.06650161743164,65900,0.0,0.0
2020-09-09 00:00:00-04:00,39.17423448780433,39.66391241890188,38.958775002618644,39.13505935668945,39800,0.0,0.0
2020-09-10 00:00:00-04:00,39.17422816217356,39.81081086418709,38.234047582908325,38.33198165893555,31800,0.0,0.0
2020-09-11 00:00:00-04:00,38.33198617599474,38.723729998157964,37.450568180046446,37.930450439453125,53300,0.0,0.0
2020-09-14 00:00:00-04:00,37.930448177127715,39.59535371810076,37.91086061359324,39.046913146972656,43400,0.0,0.0
2020-09-15 00:00:00-04:00,39.51700396260911,40.114411582138935,38.52785627528381,39.05670928955078,32000,0.0,0.0
2020-09-16 00:00:00-04:00,39.17422957538923,39.23299226469275,37.55829111102616,37.695404052734375,64400,0.0,0.0
2020-09-17 00:00:00-04:00,37.215518495230015,37.68560880685628,36.77480766059736,37.03923416137695,81500,0.0,0.0
2020-09-18 00:00:00-04:00,37.29386694872837,38.2144599642435,36.50058748467206,36.83356857299805,48500,0.0,0.0
2020-09-21 00:00:00-04:00,36.23616225880556,36.549555795681734,35.18825191938602,35.53102493286133,146900,0.0,0.0
2020-09-22 00:00:00-04:00,35.501648826351804,35.90318456708787,34.83568656328524,35.35474395751953,69500,0.0,0.0
2020-09-23 00:00:00-04:00,35.03155915760453,35.28619003445965,33.464587558059094,33.533145904541016,105600,0.0,0.0
2020-09-24 00:00:00-04:00,33.288307023585695,34.63981540825826,32.59296152996728,34.28724670410156,76200,0.0,0.0
2020-09-25 00:00:00-04:00,34.29703995019132,34.326419428162566,33.49396850744677,33.650665283203125,40500,0.0,0.0
2020-09-28 00:00:00-04:00,33.6702528471659,34.013025876649856,33.298096603764876,33.650665283203125,53800,0.0,0.0
2020-09-29 00:00:00-04:00,33.49396737201901,34.23827609764356,33.15119061820917,33.20995330810547,46200,0.0,0.0
2020-09-30 00:00:00-04:00,33.151189497930254,33.601695966686464,32.87697109290561,33.435203552246094,38700,0.0,0.0
2020-10-01 00:00:00-04:00,33.42541363971229,33.846536921748466,33.10222444077698,33.39603042602539,42600,0.0,0.0
2020-10-02 00:00:00-04:00,33.170780211783054,33.35686020653782,32.201220052797645,32.504817962646484,84200,0.0,0.0
2020-10-05 00:00:00-04:00,32.31874190469698,34.06199406041733,32.14245755906841,33.75839614868164,108100,0.0,0.0
2020-10-06 00:00:00-04:00,33.964059272806985,33.98364683702241,32.41667532330119,32.9944953918457,110200,0.0,0.0
2020-10-07 00:00:00-04:00,33.05326040101963,33.05326040101963,32.4264732459813,32.54399490356445,82000,0.0,0.0
2020-10-08 00:00:00-04:00,32.5439901958428,33.15118969745715,31.60380959928919,32.857383728027344,79100,0.0,0.0
2020-10-09 00:00:00-04:00,33.24912844008696,33.76818579177833,33.17077818687922,33.54293441772461,75600,0.0,0.0
2020-10-12 00:00:00-04:00,33.58211018554295,34.17951780184892,33.307888030025566,33.640869140625,43300,0.0,0.0
2020-10-13 00:00:00-04:00,33.33727218573254,33.60169869891263,32.82800672360191,33.49396896362305,42100,0.0,0.0
2020-10-14 00:00:00-04:00,33.738805645234024,34.13054569566136,33.219744567898,33.9444694519043,51700,0.0,0.0
2020-10-15 00:00:00-04:00,33.37644680733295,34.67898805327742,33.102224648229516,34.483116149902344,43500,0.0,0.0
2020-10-16 00:00:00-04:00,34.492912566772276,34.963002903757165,33.023878862714795,33.24913024902344,58900,0.0,0.0
2020-10-19 00:00:00-04:00,33.249129690509804,33.59190272132034,31.917205223453134,31.946584701538086,60600,0.0,0.0
2020-10-20 00:00:00-04:00,32.3089473800973,32.465644148446835,31.946583067833163,32.20121765136719,44800,0.0,0.0
2020-10-21 00:00:00-04:00,32.12286579394983,32.72027336091131,32.12286579394983,32.41667175292969,42800,0.0,0.0
2020-10-22 00:00:00-04:00,32.318740571307444,33.29809634619555,32.122868669140665,33.06304931640625,44100,0.0,0.0
2020-10-23 00:00:00-04:00,33.02387595909742,33.24912732560088,32.81820841929376,32.935733795166016,37100,0.0,0.0
2020-10-26 00:00:00-04:00,32.955325190887685,33.21974797749168,31.887827186198876,32.1032829284668,54500,0.0,0.0
2020-10-27 00:00:00-04:00,32.30894491645679,32.769239536915464,32.064106001083644,32.563575744628906,32300,0.0,0.0
2020-10-28 00:00:00-04:00,32.07390206283977,32.07390206283977,30.86929489169395,30.947643280029297,172400,0.0,0.0
2020-10-29 00:00:00-04:00,30.888882253404123,30.996610119176374,29.41005479878658,29.527576446533203,338400,0.0,0.0
2020-10-30 00:00:00-04:00,28.98893142578584,29.321912540012352,28.009575646995593,29.2337703704834,385700,0.0,0.0
2020-11-02 00:00:00-05:00,29.233770697972265,29.429640735140786,28.146685173585777,28.949756622314453,291500,0.0,0.0
2020-11-03 00:00:00-05:00,28.988932197424585,29.566752271729303,28.97913841521924,29.126041412353516,118000,0.0,0.0
2020-11-04 00:00:00-05:00,28.890994793202157,29.03789778296285,27.980193641523854,28.303380966186523,78100,0.0,0.0
2020-11-05 00:00:00-05:00,28.75388590827557,30.085808480775842,28.215239115802863,29.85076332092285,178400,0.0,0.0
2020-11-06 00:00:00-05:00,29.674478665104285,30.614661162384223,29.674478665104285,29.801795959472656,83500,0.0,0.0
2020-11-09 00:00:00-05:00,29.302323828728806,29.75282657270494,28.41111025436486,28.793058395385742,127300,0.0,0.0
2020-11-10 00:00:00-05:00,28.75388672338563,29.175010013883327,28.695124030776928,28.74409294128418,48900,0.0,0.0
2020-11-11 00:00:00-05:00,28.7440917131832,29.292530411621655,28.577601160517776,28.675537109375,66900,0.0,0.0
2020-11-12 00:00:00-05:00,28.949756304970116,29.194595249726564,28.655950318451538,28.734298706054688,87200,0.0,0.0
2020-11-13 00:00:00-05:00,31.310002708594933,31.339384053615426,28.969343059841844,29.50798797607422,143900,0.0,0.0
2020-11-16 00:00:00-05:00,29.38067258098006,29.684272341284455,28.744091715320064,28.84202766418457,123300,0.0,0.0
2020-11-17 00:00:00-05:00,28.842029962650606,29.30232653063081,28.64615804931226,29.184803009033203,92800,0.0,0.0
2020-11-18 00:00:00-05:00,29.302324195483028,29.713653686335665,28.79305875576589,28.84202766418457,52800,0.0,0.0
2020-11-19 00:00:00-05:00,28.460077428295662,29.20438801869498,28.460077428295662,28.92037582397461,86100,0.0,0.0
2020-11-20 00:00:00-05:00,29.1376727828203,29.335217080679424,28.900620755742576,29.16730499267578,46800,0.25,0.0
2020-11-23 00:00:00-05:00,29.246324102341276,29.246324102341276,28.752465211772446,28.94013023376465,72700,0.0,0.0
2020-11-24 00:00:00-05:00,28.95988323037087,29.36484734459699,28.633936458337114,29.216690063476562,134200,0.0,0.0
2020-11-25 00:00:00-05:00,29.216691445590897,30.29330396134297,29.20681404185934,30.036497116088867,88800,0.0,0.0
2020-11-27 00:00:00-05:00,30.046375565139005,30.303182419327463,29.67104362989261,30.12539291381836,34500,0.0,0.0
2020-11-30 00:00:00-05:00,30.026618560604206,30.214285456461063,29.36484760735093,30.04637336730957,60200,0.0,0.0
2020-12-01 00:00:00-05:00,30.461215846479146,30.619250537247947,29.868584814135083,30.234041213989258,56200,0.0,0.0
2020-12-02 00:00:00-05:00,30.056252507325862,30.411831512879722,29.71055090569541,30.19453239440918,51400,0.0,0.0
2020-12-03 00:00:00-05:00,30.125390648107313,30.431582615721048,29.69079432109546,30.09575843811035,63900,0.0,0.0
2020-12-04 00:00:00-05:00,29.957479310822272,30.184653941398448,29.700672469505772,30.105636596679688,58700,0.0,0.0
2020-12-07 00:00:00-05:00,29.957479644686302,30.006864779215118,29.513005898238475,29.809322357177734,125300,0.0,0.0
2020-12-08 00:00:00-05:00,29.77968896045986,29.93772364536663,29.394479651489867,29.49325180053711,64400,0.0,0.0
2020-12-09 00:00:00-05:00,29.453742748458208,29.848829468251736,29.196935909611895,29.325340270996094,104400,0.0,0.0
2020-12-10 00:00:00-05:00,29.226569035971238,30.224164212163895,29.226569035971238,29.51300621032715,67500,0.0,0.0
2020-12-11 00:00:00-05:00,29.36484754159522,29.829076078521485,29.098163303436138,29.394479751586914,54300,0.0,0.0
2020-12-14 00:00:00-05:00,29.57226904530322,29.79944366861601,29.1376727212842,29.216690063476562,85000,0.0,0.0
2020-12-15 00:00:00-05:00,29.236445562775366,29.572269746030923,28.940129109591126,29.27595329284668,129200,0.0,0.0
2020-12-16 00:00:00-05:00,29.27595417102228,29.937725153885843,29.236446439765874,29.51300621032715,49800,0.0,0.0
2020-12-17 00:00:00-05:00,29.86858364097186,30.322934772027974,29.671041227230887,29.917970657348633,79300,0.0,0.0
2020-12-18 00:00:00-05:00,29.96735559130052,30.04637293305791,29.582146285723507,29.74018096923828,58800,0.0,0.0
2020-12-21 00:00:00-05:00,29.671040085122176,29.671040085122176,29.11791682652558,29.177181243896484,70500,0.0,0.0
2020-12-22 00:00:00-05:00,29.137673743272437,29.41423539260698,28.554920117693218,28.979639053344727,69700,0.0,0.0
2020-12-23 00:00:00-05:00,28.979639389918137,29.295708773444428,28.337623219140095,28.683324813842773,72700,0.0,0.0
2020-12-24 00:00:00-05:00,28.752463936405935,28.811726473147296,28.54504223192806,28.72283172607422,29700,0.0,0.0
2020-12-28 00:00:00-05:00,28.712954021720606,28.84135838122364,27.85364065424916,27.942535400390625,120500,0.0,0.0
2020-12-29 00:00:00-05:00,28.00179950555508,28.643815687278618,27.893149946644794,28.23885154724121,103500,0.0,0.0
2020-12-30 00:00:00-05:00,28.149954796037687,28.84135794810567,28.149954796037687,28.337621688842773,74600,0.0,0.0
2020-12-31 00:00:00-05:00,28.63393783569336,28.940129815927033,28.120324144776013,28.63393783569336,107500,0.0,0.0
2021-01-04 00:00:00-05:00,29.246322732208522,30.066128376789614,29.068533238505285,29.84882926940918,119500,0.0,0.0
2021-01-05 00:00:00-05:00,29.85870692859395,30.22416332255017,29.73030445088733,29.97723388671875,79200,0.0,0.0
2021-01-06 00:00:00-05:00,30.0760054769439,30.520477322798186,29.927846311070425,30.145145416259766,73400,0.0,0.0
2021-01-07 00:00:00-05:00,30.16490097839619,30.372320801538724,29.878461926716955,30.1550235748291,134100,0.0,0.0
2021-01-08 00:00:00-05:00,30.00686500957865,30.1155145670827,29.453743586136675,29.937725067138672,127900,0.0,0.0
2021-01-11 00:00:00-05:00,29.572269746030923,29.73030443416035,29.177183025707354,29.27595329284668,55800,0.0,0.0
2021-01-12 00:00:00-05:00,29.285831792264755,29.29570919613273,28.67344782382742,28.989517211914062,66600,0.0,0.0
2021-01-13 00:00:00-05:00,28.98951500309195,29.206812219864272,28.52528647627915,28.53516387939453,41300,0.0,0.0
2021-01-14 00:00:00-05:00,28.525287882575135,29.0487789699663,28.436395017998326,28.6536922454834,66100,0.0,0.0
2021-01-15 00:00:00-05:00,28.515412362894907,28.851234665763794,28.21909590659115,28.6536922454834,72700,0.0,0.0
2021-01-19 00:00:00-05:00,28.663568893598054,28.95988345816972,28.604304473546076,28.643814086914062,63800,0.0,0.0
2021-01-20 00:00:00-05:00,28.811726502804024,29.601899939909096,28.564797068218432,29.048778533935547,98000,0.0,0.0
2021-01-21 00:00:00-05:00,29.27595365034915,29.394480609854654,28.782094772933426,29.305585861206055,44000,0.0,0.0
2021-01-22 00:00:00-05:00,29.108041429099856,29.167305850553927,28.742586916410268,29.078411102294922,38200,0.0,0.0
2021-01-25 00:00:00-05:00,28.97963911678367,29.029024251023397,27.93265882274014,28.930253982543945,80800,0.0,0.0
2021-01-26 00:00:00-05:00,28.930251823283637,29.285828907899194,28.900619614598185,29.177181243896484,36800,0.0,0.0
2021-01-27 00:00:00-05:00,28.969760623418473,28.969760623418473,28.159832395251872,28.515411376953125,129100,0.0,0.0
2021-01-28 00:00:00-05:00,28.10057018954075,28.979638366932264,28.10057018954075,28.545042037963867,102800,0.0,0.0
2021-01-29 00:00:00-05:00,28.693198315096627,29.404356261923372,27.685727696962072,28.03142738342285,96700,0.0,0.0
2021-02-01 00:00:00-05:00,29.38460128767029,30.806915289260722,29.12779446211077,30.056249618530273,235800,0.0,0.0
2021-02-02 00:00:00-05:00,30.125390584637834,31.755126336518178,29.562391783336064,31.597089767456055,195500,0.0,0.0
2021-02-03 00:00:00-05:00,32.120581474833166,32.19959693504421,30.87605689179475,31.379793167114258,114000,0.0,0.0
2021-02-04 00:00:00-05:00,31.389670984653563,31.458810926191756,30.135268981562575,30.65876007080078,163400,0.0,0.0
2021-02-05 00:00:00-05:00,30.668636401692176,31.182250100878125,30.224164529795313,30.94519805908203,53300,0.0,0.0
2021-02-08 00:00:00-05:00,30.708144804278632,32.04156225121985,30.668635190245546,31.705738067626953,225400,0.0,0.0
2021-02-09 00:00:00-05:00,32.002056582254056,32.59468572465557,31.80451227883882,31.93291664123535,116600,0.0,0.0
2021-02-10 00:00:00-05:00,32.12058059846521,32.58480913101333,31.26126535603085,31.84402084350586,78100,0.0,0.0
2021-02-11 00:00:00-05:00,31.992176117182385,31.992176117182385,31.211880103650195,31.942790985107422,67700,0.0,0.0
2021-02-12 00:00:00-05:00,31.942792288735507,32.23910686112234,31.458810815745224,32.160091400146484,68700,0.0,0.0
2021-02-16 00:00:00-05:00,32.673705826939525,33.019405541277955,32.12058251615374,32.16996765136719,101500,0.0,0.0
2021-02-17 00:00:00-05:00,32.1995994222272,32.367513410892585,31.15262094453334,32.23910903930664,94100,0.0,0.0
2021-02-18 00:00:00-05:00,32.19959693950802,32.19959693950802,31.01433677734671,31.705738067626953,64900,0.0,0.0
2021-02-19 00:00:00-05:00,31.853894429477627,32.66382260656707,31.834139624201804,32.2193489074707,91900,0.0,0.0
2021-02-22 00:00:00-05:00,32.79222710900217,34.125644444630744,32.66382275803582,33.621910095214844,192100,0.0,0.0
2021-02-23 00:00:00-05:00,33.80957929252872,33.96761398724723,32.594686870409326,33.27621078491211,173800,0.0,0.0
2021-02-24 00:00:00-05:00,34.14540139351366,36.05169690093588,33.59227811203433,35.95292663574219,251900,0.0,0.0
2021-02-25 00:00:00-05:00,36.05169911860978,36.545558010645536,35.320786300545365,35.330665588378906,234600,0.0,0.0
2021-02-26 00:00:00-05:00,35.538084788167694,35.538084788167694,33.03916004451761,34.52073669433594,302200,0.0,0.0
2021-03-01 00:00:00-05:00,36.54555473871212,37.266588204388675,35.83439679214062,36.89125442504883,364600,0.0,0.0
2021-03-02 00:00:00-05:00,37.306101974817814,37.72094164466193,36.5455588122592,37.29622268676758,202900,0.0,0.0
2021-03-03 00:00:00-05:00,37.53327495339606,37.92836356530635,36.56531199884452,37.424625396728516,222100,0.0,0.0
2021-03-04 00:00:00-05:00,37.07892437490457,37.967868068475134,36.87150455652251,37.2567138671875,259500,0.0,0.0
2021-03-05 00:00:00-05:00,37.50529118576994,38.410111126164445,37.137394571215296,38.260963439941406,216600,0.25,0.0
2021-03-08 00:00:00-05:00,38.33056571743438,41.224001323049684,38.28085108501155,40.76662063598633,419600,0.0,0.0
2021-03-09 00:00:00-05:00,41.3035484134695,42.39728551576263,40.56775894599317,41.760929107666016,277900,0.0,0.0
2021-03-10 00:00:00-05:00,41.66149953236268,43.640169987055415,41.66149953236268,43.42142105102539,184500,0.0,0.0
2021-03-11 00:00:00-05:00,43.50096641448481,43.89869105318198,41.97967668848718,43.83903121948242,292400,0.0,0.0
2021-03-12 00:00:00-05:00,43.83903148990008,45.24100535012983,43.48108007146129,44.46544647216797,249000,0.0,0.0
2021-03-15 00:00:00-04:00,44.68419048863896,45.54924099246354,43.998119482521055,45.5194091796875,245200,0.0,0.0
2021-03-16 00:00:00-04:00,45.897249069178706,45.897249069178706,43.43136611732139,44.82339859008789,189500,0.0,0.0
2021-03-17 00:00:00-04:00,44.25664081570187,44.962602273163185,43.709772255796246,44.783626556396484,174700,0.0,0.0
2021-03-18 00:00:00-04:00,44.445561163095206,44.604650265620165,42.82483832344615,43.15296173095703,170600,0.0,0.0
2021-03-19 00:00:00-04:00,42.884495969649066,43.58051218002706,42.30779563182686,42.844722747802734,131400,0.0,0.0
2021-03-22 00:00:00-04:00,42.83478273530626,43.341878054937794,42.02939203508561,42.417171478271484,111400,0.0,0.0
2021-03-23 00:00:00-04:00,42.188479355553156,42.188479355553156,39.971173464111665,40.06066131591797,194000,0.0,0.0
2021-03-24 00:00:00-04:00,40.388781597567764,40.846166066237416,39.2751579284668,39.2751579284668,126700,0.0,0.0
2021-03-25 00:00:00-04:00,39.25527360856308,39.275160220794916,37.654437357243204,37.803585052490234,298600,0.0,0.0
2021-03-26 00:00:00-04:00,37.30643112607745,38.43994147242099,37.30643112607745,38.3106803894043,161700,0.0,0.0
2021-03-29 00:00:00-04:00,38.310677551626135,38.63880093967502,36.89876232458506,37.51523208618164,152000,0.0,0.0
2021-03-30 00:00:00-04:00,36.98825185958027,37.61466685155161,36.83910416859264,37.07773971557617,116900,0.0,0.0
2021-03-31 00:00:00-04:00,37.714093980557855,38.00244414387577,37.157280264459445,37.783695220947266,112400,0.0,0.0
2021-04-01 00:00:00-04:00,38.36039892364035,39.792200871497876,37.89307301733992,39.70271301269531,135900,0.0,0.0
2021-04-05 00:00:00-04:00,40.28935241699219,40.488214735124046,38.96692122545107,40.28935241699219,154700,0.0,0.0
2021-04-06 00:00:00-04:00,40.279408871380326,41.214060667141375,40.02089050226596,40.488216400146484,76700,0.0,0.0
2021-04-07 00:00:00-04:00,40.11037581238869,40.81633342262492,39.62316333351755,40.31917953491211,57500,0.0,0.0
2021-04-08 00:00:00-04:00,40.36889546153656,40.88593597652065,40.26946619799408,40.65724563598633,49000,0.0,0.0
2021-04-09 00:00:00-04:00,40.657247041841636,40.86605077829087,40.12031989698641,40.22969436645508,59000,0.0,0.0
2021-04-12 00:00:00-04:00,40.209807596076374,40.25952602235422,39.712653677165015,39.981117248535156,58000,0.0,0.0
2021-04-13 00:00:00-04:00,39.85185789991605,39.91151393959136,39.18566971067057,39.41436004638672,51200,0.0,0.0
2021-04-14 00:00:00-04:00,39.1856695963406,39.49390637470211,38.78794496574403,39.036521911621094,45900,0.0,0.0
2021-04-15 00:00:00-04:00,39.16578250978809,39.97117317012109,39.02658002866506,39.43424606323242,56600,0.0,0.0
2021-04-16 00:00:00-04:00,39.88168670118999,40.92570913877954,39.44418883908839,40.78650665283203,58800,0.0,0.0
2021-04-19 00:00:00-04:00,40.816336904091614,41.06491386915062,40.368897608388714,40.4583854675293,42600,0.0,0.0
2021-04-20 00:00:00-04:00,40.26946818745038,40.478271926995205,39.58339713195305,39.70271301269531,47700,0.0,0.0
2021-04-21 00:00:00-04:00,40.040774434481754,42.04927658912406,40.040774434481754,41.85041427612305,97600,0.0,0.0
2021-04-22 00:00:00-04:00,41.95979190031729,42.58620690593758,41.15440117880549,41.99956512451172,74400,0.0,0.0
2021-04-23 00:00:00-04:00,42.287910866457466,42.85466602706114,42.287910866457466,42.65580749511719,44400,0.0,0.0
2021-04-26 00:00:00-04:00,42.88449801084545,43.59045566379527,42.52654658315726,43.41147994995117,90600,0.0,0.0
2021-04-27 00:00:00-04:00,43.56062554521153,43.958346384507095,42.91432396600434,43.4810791015625,77000,0.0,0.0
2021-04-28 00:00:00-04:00,43.26233078203458,44.76373768663681,43.26233078203458,44.60464859008789,124500,0.0,0.0
2021-04-29 00:00:00-04:00,44.714025376222246,45.10180483212814,44.2964141054889,44.65436553955078,123800,0.0,0.0
2021-04-30 00:00:00-04:00,44.535049878729694,45.09185985180772,43.898693456364256,44.773681640625,75500,0.0,0.0
2021-05-03 00:00:00-04:00,44.97254073479689,45.63872892420032,44.60464791577352,45.39015197753906,99900,0.0,0.0
2021-05-04 00:00:00-04:00,45.63872857599333,45.63872857599333,44.246696168117715,44.89299774169922,68300,0.0,0.0
2021-05-05 00:00:00-04:00,44.63447559507335,45.30066377939401,44.336184019952334,44.89299774169922,59000,0.0,0.0
2021-05-06 00:00:00-04:00,45.04214493034728,45.469697610082775,44.316300653652554,45.29072189331055,62100,0.0,0.0
2021-05-07 00:00:00-04:00,44.73391018284237,47.199793104313535,44.73391018284237,45.85747528076172,79200,0.0,0.0
2021-05-10 00:00:00-04:00,46.265141310894094,46.265141310894094,45.241005477574,45.350379943847656,80700,0.0,0.0
2021-05-11 00:00:00-04:00,44.8532257328054,45.61884319853676,44.067721655797264,45.360321044921875,100300,0.0,0.0
2021-05-12 00:00:00-04:00,44.97254201418809,45.539297165260315,44.187037930076315,44.58476257324219,58800,0.0,0.0
2021-05-13 00:00:00-04:00,44.44556085727852,44.81345369315173,42.23819625607253,43.66999816894531,268500,0.0,0.0
2021-05-14 00:00:00-04:00,43.95000076293945,45.56999969482422,43.77000045776367,45.439998626708984,54200,0.25,0.0
2021-05-17 00:00:00-04:00,45.65999984741211,46.13999938964844,45.18000030517578,45.630001068115234,97100,0.0,0.0
2021-05-18 00:00:00-04:00,45.88999938964844,46.40999984741211,45.459999084472656,45.880001068115234,73300,0.0,0.0
2021-05-19 00:00:00-04:00,45.22999954223633,45.84000015258789,44.29999923706055,45.599998474121094,111300,0.0,0.0
2021-05-20 00:00:00-04:00,45.880001068115234,46.290000915527344,45.599998474121094,45.91999816894531,57700,0.0,0.0
2021-05-21 00:00:00-04:00,45.97999954223633,46.04999923706055,45.43000030517578,45.72999954223633,105700,0.0,0.0
2021-05-24 00:00:00-04:00,45.65999984741211,46.41999816894531,45.119998931884766,46.25,40100,0.0,0.0
2021-05-25 00:00:00-04:00,46.47999954223633,47.22999954223633,45.720001220703125,45.95000076293945,67800,0.0,0.0
2021-05-26 00:00:00-04:00,46.08000183105469,46.79999923706055,45.77000045776367,46.060001373291016,45200,0.0,0.0
2021-05-27 00:00:00-04:00,46.27000045776367,46.83000183105469,46.16999816894531,46.560001373291016,50200,0.0,0.0
2021-05-28 00:00:00-04:00,46.59000015258789,47.060001373291016,46.220001220703125,46.43000030517578,53100,0.0,0.0
2021-06-01 00:00:00-04:00,47.029998779296875,47.25,46.31999969482422,46.43000030517578,37600,0.0,0.0
2021-06-02 00:00:00-04:00,46.75,47.88999938964844,46.29999923706055,46.560001373291016,95000,0.0,0.0
2021-06-03 00:00:00-04:00,46.18000030517578,46.18000030517578,45.209999084472656,45.470001220703125,68000,0.0,0.0
2021-06-04 00:00:00-04:00,45.56999969482422,45.810001373291016,44.93000030517578,45.34000015258789,33500,0.0,0.0
2021-06-07 00:00:00-04:00,44.95000076293945,45.560001373291016,44.11000061035156,44.189998626708984,50900,0.0,0.0
2021-06-08 00:00:00-04:00,44.0,44.63999938964844,43.400001525878906,43.959999084472656,58300,0.0,0.0
2021-06-09 00:00:00-04:00,44.31999969482422,44.349998474121094,43.59000015258789,43.86000061035156,60200,0.0,0.0
2021-06-10 00:00:00-04:00,44.06999969482422,44.130001068115234,43.61000061035156,43.90999984741211,33500,0.0,0.0
2021-06-11 00:00:00-04:00,44.11000061035156,44.5099983215332,43.41999816894531,43.88999938964844,97800,0.0,0.0
2021-06-14 00:00:00-04:00,43.970001220703125,44.0,42.41999816894531,42.599998474121094,73100,0.0,0.0
2021-06-15 00:00:00-04:00,42.349998474121094,42.65999984741211,41.34000015258789,42.13999938964844,109500,0.0,0.0
2021-06-16 00:00:00-04:00,42.02000045776367,42.560001373291016,41.52000045776367,41.650001525878906,76500,0.0,0.0
2021-06-17 00:00:00-04:00,40.7400016784668,40.7400016784668,39.119998931884766,39.9900016784668,195800,0.0,0.0
2021-06-18 00:00:00-04:00,39.5,40.209999084472656,39.18000030517578,39.18000030517578,109600,0.0,0.0
2021-06-21 00:00:00-04:00,39.369998931884766,39.88999938964844,39.11000061035156,39.20000076293945,87100,0.0,0.0
2021-06-22 00:00:00-04:00,39.150001525878906,39.470001220703125,38.58000183105469,39.2599983215332,62600,0.0,0.0
2021-06-23 00:00:00-04:00,39.290000915527344,39.900001525878906,39.13999938964844,39.18000030517578,32100,0.0,0.0
2021-06-24 00:00:00-04:00,39.09000015258789,39.43000030517578,38.880001068115234,38.939998626708984,46200,0.0,0.0
2021-06-25 00:00:00-04:00,38.970001220703125,39.970001220703125,38.970001220703125,39.33000183105469,47400,0.0,0.0
2021-06-28 00:00:00-04:00,39.189998626708984,39.189998626708984,38.650001525878906,38.869998931884766,64600,0.0,0.0
2021-06-29 00:00:00-04:00,38.720001220703125,39.0099983215332,38.5,38.689998626708984,41400,0.0,0.0
2021-06-30 00:00:00-04:00,38.5,39.59000015258789,38.2599983215332,39.33000183105469,55700,0.0,0.0
2021-07-01 00:00:00-04:00,39.72999954223633,39.7599983215332,39.08000183105469,39.5099983215332,40600,0.0,0.0
2021-07-02 00:00:00-04:00,39.61000061035156,39.61000061035156,39.029998779296875,39.220001220703125,48800,0.0,0.0
2021-07-06 00:00:00-04:00,39.43000030517578,39.63999938964844,39.04999923706055,39.13999938964844,58700,0.0,0.0
2021-07-07 00:00:00-04:00,39.349998474121094,39.61000061035156,38.47999954223633,38.70000076293945,59400,0.0,0.0
2021-07-08 00:00:00-04:00,38.2599983215332,38.380001068115234,37.689998626708984,37.88999938964844,67700,0.0,0.0
2021-07-09 00:00:00-04:00,37.88999938964844,38.7599983215332,37.869998931884766,37.95000076293945,55200,0.0,0.0
2021-07-12 00:00:00-04:00,37.900001525878906,38.45000076293945,37.630001068115234,37.84000015258789,44900,0.0,0.0
2021-07-13 00:00:00-04:00,37.83000183105469,37.95000076293945,37.11000061035156,37.52000045776367,65800,0.0,0.0
2021-07-14 00:00:00-04:00,37.560001373291016,37.95000076293945,37.18000030517578,37.56999969482422,59400,0.0,0.0
2021-07-15 00:00:00-04:00,37.290000915527344,37.7599983215332,36.93000030517578,37.220001220703125,125600,0.0,0.0
2021-07-16 00:00:00-04:00,37.220001220703125,37.400001525878906,36.7599983215332,36.81999969482422,60300,0.0,0.0
2021-07-19 00:00:00-04:00,36.77000045776367,36.900001525878906,35.0099983215332,35.470001220703125,194100,0.0,0.0
2021-07-20 00:00:00-04:00,35.18000030517578,35.84000015258789,34.709999084472656,35.0,157400,0.0,0.0
2021-07-21 00:00:00-04:00,35.0099983215332,37.54999923706055,35.0099983215332,37.380001068115234,107700,0.0,0.0
2021-07-22 00:00:00-04:00,37.54999923706055,37.72999954223633,36.54999923706055,36.59000015258789,50200,0.0,0.0
2021-07-23 00:00:00-04:00,36.790000915527344,36.84000015258789,35.95000076293945,36.040000915527344,46600,0.0,0.0
2021-07-26 00:00:00-04:00,36.099998474121094,36.4900016784668,35.70000076293945,36.34000015258789,44700,0.0,0.0
2021-07-27 00:00:00-04:00,36.29999923706055,36.38999938964844,35.36000061035156,35.709999084472656,60600,0.0,0.0
2021-07-28 00:00:00-04:00,35.97999954223633,36.34000015258789,35.61000061035156,35.939998626708984,49200,0.0,0.0
2021-07-29 00:00:00-04:00,36.25,37.2400016784668,36.25,37.0,62200,0.0,0.0
2021-07-30 00:00:00-04:00,36.93000030517578,37.529998779296875,36.380001068115234,36.79999923706055,56000,0.0,0.0
2021-08-02 00:00:00-04:00,36.97999954223633,37.470001220703125,36.099998474121094,36.13999938964844,61700,0.0,0.0
2021-08-03 00:00:00-04:00,36.06999969482422,36.2599983215332,35.279998779296875,35.880001068115234,79600,0.0,0.0
2021-08-04 00:00:00-04:00,35.79999923706055,36.099998474121094,35.43000030517578,35.939998626708984,80300,0.0,0.0
2021-08-05 00:00:00-04:00,35.68000030517578,36.720001220703125,35.68000030517578,36.0,63800,0.0,0.0
2021-08-06 00:00:00-04:00,36.04999923706055,37.81999969482422,36.04999923706055,36.52000045776367,82500,0.0,0.0
2021-08-09 00:00:00-04:00,36.52000045776367,37.40999984741211,36.08000183105469,36.790000915527344,87400,0.0,0.0
2021-08-10 00:00:00-04:00,36.59000015258789,37.0,36.16999816894531,36.84000015258789,71000,0.0,0.0
2021-08-11 00:00:00-04:00,36.79999923706055,37.650001525878906,36.5099983215332,36.56999969482422,56100,0.0,0.0
2021-08-12 00:00:00-04:00,36.599998474121094,36.650001525878906,36.06999969482422,36.52000045776367,52600,0.0,0.0
2021-08-13 00:00:00-04:00,36.09000015258789,36.4900016784668,36.09000015258789,36.369998931884766,50100,0.0,0.0
2021-08-16 00:00:00-04:00,36.13999938964844,36.290000915527344,35.720001220703125,36.09000015258789,99600,0.0,0.0
2021-08-17 00:00:00-04:00,35.630001068115234,35.630001068115234,34.56999969482422,34.7400016784668,154400,0.0,0.0
2021-08-18 00:00:00-04:00,34.70000076293945,34.900001525878906,34.25,34.25,69500,0.0,0.0
2021-08-19 00:00:00-04:00,33.97999954223633,34.369998931884766,33.58000183105469,33.779998779296875,126300,0.0,0.0
2021-08-20 00:00:00-04:00,33.4900016784668,34.310001373291016,32.58000183105469,33.20000076293945,374200,0.0,0.0
2021-08-23 00:00:00-04:00,33.150001525878906,34.439998626708984,32.56999969482422,33.7400016784668,232800,0.0,0.0
2021-08-24 00:00:00-04:00,33.70000076293945,35.13999938964844,33.59000015258789,33.9900016784668,215400,0.0,0.0
2021-08-25 00:00:00-04:00,33.9900016784668,34.689998626708984,33.70000076293945,34.380001068115234,105500,0.0,0.0
2021-08-26 00:00:00-04:00,34.27000045776367,34.70000076293945,33.4900016784668,33.86000061035156,105100,0.0,0.0
2021-08-27 00:00:00-04:00,34.0,34.630001068115234,33.790000915527344,33.81999969482422,105100,0.0,0.0
2021-08-30 00:00:00-04:00,33.7599983215332,33.81999969482422,33.33000183105469,33.5,80600,0.0,0.0
2021-08-31 00:00:00-04:00,33.68000030517578,33.95000076293945,33.369998931884766,33.58000183105469,50700,0.0,0.0
2021-09-01 00:00:00-04:00,34.09000015258789,34.41999816894531,33.7400016784668,34.13999938964844,77800,0.0,0.0
2021-09-02 00:00:00-04:00,34.099998474121094,36.04999923706055,34.099998474121094,35.83000183105469,254900,0.0,0.0
2021-09-03 00:00:00-04:00,36.119998931884766,37.400001525878906,35.84000015258789,36.77000045776367,168400,0.0,0.0
2021-09-07 00:00:00-04:00,36.59000015258789,37.459999084472656,36.58000183105469,37.290000915527344,92400,0.0,0.0
2021-09-08 00:00:00-04:00,37.099998474121094,37.43000030517578,36.70000076293945,37.22999954223633,67400,0.0,0.0
2021-09-09 00:00:00-04:00,37.06999969482422,37.650001525878906,37.06999969482422,37.349998474121094,60500,0.0,0.0
2021-09-10 00:00:00-04:00,37.52000045776367,39.08000183105469,37.400001525878906,38.58000183105469,219900,0.0,0.0
2021-09-13 00:00:00-04:00,39.040000915527344,39.45000076293945,38.150001525878906,38.81999969482422,122800,0.0,0.0
2021-09-14 00:00:00-04:00,39.0,39.0,37.849998474121094,38.54999923706055,76700,0.0,0.0
2021-09-15 00:00:00-04:00,38.56999969482422,38.91999816894531,38.099998474121094,38.779998779296875,75000,0.0,0.0
2021-09-16 00:00:00-04:00,38.70000076293945,38.7599983215332,38.0,38.45000076293945,92900,0.0,0.0
2021-09-17 00:00:00-04:00,38.41999816894531,38.83000183105469,38.08000183105469,38.290000915527344,74200,0.0,0.0
2021-09-20 00:00:00-04:00,37.65999984741211,38.41999816894531,37.22999954223633,38.279998779296875,204800,0.0,0.0
2021-09-21 00:00:00-04:00,38.650001525878906,38.9900016784668,38.099998474121094,38.220001220703125,112700,0.0,0.0
2021-09-22 00:00:00-04:00,38.34000015258789,38.959999084472656,38.25,38.380001068115234,71000,0.0,0.0
2021-09-23 00:00:00-04:00,38.560001373291016,38.81999969482422,38.02000045776367,38.11000061035156,35400,0.0,0.0
2021-09-24 00:00:00-04:00,37.84000015258789,38.08000183105469,37.459999084472656,37.599998474121094,62700,0.0,0.0
2021-09-27 00:00:00-04:00,37.470001220703125,37.900001525878906,37.029998779296875,37.40999984741211,82900,0.0,0.0
2021-09-28 00:00:00-04:00,37.34000015258789,37.470001220703125,36.65999984741211,37.08000183105469,106200,0.0,0.0
2021-09-29 00:00:00-04:00,37.040000915527344,37.650001525878906,36.880001068115234,36.97999954223633,97000,0.0,0.0
2021-09-30 00:00:00-04:00,36.900001525878906,37.52000045776367,36.630001068115234,36.689998626708984,63400,0.0,0.0
2021-10-01 00:00:00-04:00,36.75,36.959999084472656,35.869998931884766,36.650001525878906,73800,0.0,0.0
2021-10-04 00:00:00-04:00,36.56999969482422,37.11000061035156,35.79999923706055,36.380001068115234,71000,0.0,0.0
2021-10-05 00:00:00-04:00,36.380001068115234,36.689998626708984,36.119998931884766,36.22999954223633,60100,0.0,0.0
2021-10-06 00:00:00-04:00,36.029998779296875,36.56999969482422,35.86000061035156,36.22999954223633,59100,0.0,0.0
2021-10-07 00:00:00-04:00,36.38999938964844,36.7400016784668,35.630001068115234,35.630001068115234,88900,0.0,0.0
2021-10-08 00:00:00-04:00,35.93000030517578,36.75,35.720001220703125,36.040000915527344,91100,0.0,0.0
2021-10-11 00:00:00-04:00,36.2400016784668,36.5099983215332,35.810001373291016,35.88999938964844,21300,0.0,0.0
2021-10-12 00:00:00-04:00,35.88999938964844,36.189998626708984,35.65999984741211,35.81999969482422,56800,0.0,0.0
2021-10-13 00:00:00-04:00,35.7400016784668,36.880001068115234,35.7400016784668,36.779998779296875,106700,0.0,0.0
2021-10-14 00:00:00-04:00,36.9900016784668,38.130001068115234,36.869998931884766,37.93000030517578,100000,0.0,0.0
2021-10-15 00:00:00-04:00,37.93000030517578,38.630001068115234,37.75,38.040000915527344,105400,0.0,0.0
2021-10-18 00:00:00-04:00,38.040000915527344,38.459999084472656,37.689998626708984,38.279998779296875,70200,0.0,0.0
2021-10-19 00:00:00-04:00,38.41999816894531,38.58000183105469,37.91999816894531,38.41999816894531,109100,0.0,0.0
2021-10-20 00:00:00-04:00,38.540000915527344,39.45000076293945,38.5099983215332,39.279998779296875,118800,0.0,0.0
2021-10-21 00:00:00-04:00,39.34000015258789,40.02000045776367,39.34000015258789,39.75,77600,0.0,0.0
2021-10-22 00:00:00-04:00,39.75,40.70000076293945,39.75,40.59000015258789,88800,0.0,0.0
2021-10-25 00:00:00-04:00,40.689998626708984,40.70000076293945,39.689998626708984,40.4900016784668,73100,0.0,0.0
2021-10-26 00:00:00-04:00,40.5,41.189998626708984,40.31999969482422,40.33000183105469,47500,0.0,0.0
2021-10-27 00:00:00-04:00,40.33000183105469,40.81999969482422,40.029998779296875,40.54999923706055,62100,0.0,0.0
2021-10-28 00:00:00-04:00,40.54999923706055,41.11000061035156,40.130001068115234,40.16999816894531,51900,0.0,0.0
2021-10-29 00:00:00-04:00,40.06999969482422,40.779998779296875,39.83000183105469,40.61000061035156,38900,0.0,0.0
2021-11-01 00:00:00-04:00,40.58000183105469,41.18000030517578,40.5,40.91999816894531,68800,0.0,0.0
2021-11-02 00:00:00-04:00,40.88999938964844,41.459999084472656,40.2400016784668,41.369998931884766,81700,0.0,0.0
2021-11-03 00:00:00-04:00,41.400001525878906,42.310001373291016,41.16999816894531,41.70000076293945,93900,0.0,0.0
2021-11-04 00:00:00-04:00,41.939998626708984,42.0,40.880001068115234,41.939998626708984,46700,0.0,0.0
2021-11-05 00:00:00-04:00,40.650001525878906,43.470001220703125,40.650001525878906,43.2599983215332,228500,0.0,0.0
2021-11-08 00:00:00-05:00,43.060001373291016,44.400001525878906,43.04999923706055,43.939998626708984,77800,0.0,0.0
2021-11-09 00:00:00-05:00,43.79999923706055,44.77000045776367,43.5,44.66999816894531,55300,0.0,0.0
2021-11-10 00:00:00-05:00,44.650001525878906,45.130001068115234,44.5,45.02000045776367,102000,0.0,0.0
2021-11-11 00:00:00-05:00,45.029998779296875,45.93000030517578,44.790000915527344,45.45000076293945,59000,0.0,0.0
2021-11-12 00:00:00-05:00,45.119998931884766,46.900001525878906,45.119998931884766,46.58000183105469,57200,0.0,0.0
2021-11-15 00:00:00-05:00,46.65999984741211,46.65999984741211,45.61000061035156,45.869998931884766,64100,0.0,0.0
2021-11-16 00:00:00-05:00,45.59000015258789,46.599998474121094,45.58000183105469,46.08000183105469,68200,0.0,0.0
2021-11-17 00:00:00-05:00,46.08000183105469,46.209999084472656,45.75,46.04999923706055,51000,0.0,0.0
2021-11-18 00:00:00-05:00,46.04999923706055,46.27000045776367,45.45000076293945,45.75,85000,0.0,0.0
2021-11-19 00:00:00-05:00,45.77000045776367,45.810001373291016,44.70000076293945,44.880001068115234,58200,0.0,0.0
2021-11-22 00:00:00-05:00,44.619998931884766,45.290000915527344,44.060001373291016,44.95000076293945,136200,0.0,0.0
2021-11-23 00:00:00-05:00,44.7599983215332,45.81999969482422,44.7599983215332,45.689998626708984,59400,0.0,0.0
2021-11-24 00:00:00-05:00,45.599998474121094,46.119998931884766,45.099998474121094,45.869998931884766,39000,0.0,0.0
2021-11-26 00:00:00-05:00,45.5,45.5,44.7400016784668,45.11000061035156,28300,0.0,0.0
2021-11-29 00:00:00-05:00,45.400001525878906,45.709999084472656,44.56999969482422,44.56999969482422,31900,0.0,0.0
2021-11-30 00:00:00-05:00,44.540000915527344,44.61000061035156,43.0099983215332,43.54999923706055,110500,0.0,0.0
2021-12-01 00:00:00-05:00,44.0,44.599998474121094,43.9900016784668,44.0099983215332,132900,0.0,0.0
2021-12-02 00:00:00-05:00,44.0,44.34000015258789,43.29999923706055,43.68000030517578,67000,0.0,0.0
2021-12-03 00:00:00-05:00,43.66999816894531,44.65999984741211,43.529998779296875,44.43000030517578,119200,0.0,0.0
2021-12-06 00:00:00-05:00,44.15999984741211,44.83000183105469,43.650001525878906,44.43000030517578,84000,0.0,0.0
2021-12-07 00:00:00-05:00,44.65999984741211,46.5,44.65999984741211,46.38999938964844,163000,0.0,0.0
2021-12-08 00:00:00-05:00,46.5,47.18000030517578,46.16999816894531,46.97999954223633,173800,0.0,0.0
2021-12-09 00:00:00-05:00,46.90999984741211,46.90999984741211,43.36000061035156,43.79999923706055,77700,0.0,0.0
2021-12-10 00:00:00-05:00,43.869998931884766,44.040000915527344,43.04999923706055,43.220001220703125,58600,0.0,0.0
2021-12-13 00:00:00-05:00,43.11000061035156,43.189998626708984,42.59000015258789,43.0,70000,0.0,0.0
2021-12-14 00:00:00-05:00,42.7599983215332,42.869998931884766,41.189998626708984,41.47999954223633,60600,0.0,0.0
2021-12-15 00:00:00-05:00,41.13999938964844,42.40999984741211,40.34000015258789,42.15999984741211,78800,0.0,0.0
2021-12-16 00:00:00-05:00,42.099998474121094,43.810001373291016,42.099998474121094,43.650001525878906,78600,0.0,0.0
2021-12-17 00:00:00-05:00,43.439998626708984,43.439998626708984,41.2599983215332,43.16999816894531,161300,0.0,0.0
2021-12-20 00:00:00-05:00,42.58000183105469,42.95000076293945,41.720001220703125,42.45000076293945,58200,0.0,0.0
2021-12-21 00:00:00-05:00,42.66999816894531,43.599998474121094,42.59000015258789,43.209999084472656,28900,0.0,0.0
2021-12-22 00:00:00-05:00,43.22999954223633,44.369998931884766,43.22999954223633,43.790000915527344,231300,0.0,0.0
2021-12-23 00:00:00-05:00,43.709999084472656,45.060001373291016,43.5,44.880001068115234,34400,0.0,0.0
2021-12-27 00:00:00-05:00,44.68000030517578,45.849998474121094,44.650001525878906,45.560001373291016,29000,0.0,0.0
2021-12-28 00:00:00-05:00,45.599998474121094,45.91999816894531,45.09000015258789,45.20000076293945,37700,0.0,0.0
2021-12-29 00:00:00-05:00,45.20000076293945,45.630001068115234,44.84000015258789,45.2599983215332,27900,0.0,0.0
2021-12-30 00:00:00-05:00,45.36000061035156,45.88999938964844,45.0099983215332,45.2400016784668,26800,0.0,0.0
2021-12-31 00:00:00-05:00,45.529998779296875,45.529998779296875,44.93000030517578,45.09000015258789,22500,0.0,0.0
2022-01-03 00:00:00-05:00,44.810001373291016,45.189998626708984,44.22999954223633,44.470001220703125,36900,0.0,0.0
2022-01-04 00:00:00-05:00,44.560001373291016,44.72999954223633,43.54999923706055,44.150001525878906,44400,0.0,0.0
2022-01-05 00:00:00-05:00,43.88999938964844,45.02000045776367,43.45000076293945,43.5099983215332,51700,0.0,0.0
2022-01-06 00:00:00-05:00,43.20000076293945,43.9900016784668,41.58000183105469,41.93000030517578,75900,0.0,0.0
2022-01-07 00:00:00-05:00,41.619998931884766,41.9900016784668,40.84000015258789,41.20000076293945,96900,0.0,0.0
2022-01-10 00:00:00-05:00,40.7599983215332,40.90999984741211,40.0,40.5099983215332,88400,0.0,0.0
2022-01-11 00:00:00-05:00,40.619998931884766,42.13999938964844,40.36000061035156,41.33000183105469,57400,0.0,0.0
2022-01-12 00:00:00-05:00,41.72999954223633,42.119998931884766,40.7400016784668,40.81999969482422,30500,0.0,0.0
2022-01-13 00:00:00-05:00,41.0,41.150001525878906,39.900001525878906,40.11000061035156,43600,0.0,0.0
2022-01-14 00:00:00-05:00,39.90999984741211,39.90999984741211,38.68000030517578,39.04999923706055,61200,0.0,0.0
2022-01-18 00:00:00-05:00,38.25,38.79999923706055,38.0,38.439998626708984,66600,0.0,0.0
2022-01-19 00:00:00-05:00,38.43000030517578,39.599998474121094,38.43000030517578,39.2400016784668,56400,0.0,0.0
2022-01-20 00:00:00-05:00,39.25,40.150001525878906,38.720001220703125,38.86000061035156,38700,0.0,0.0
2022-01-21 00:00:00-05:00,38.459999084472656,38.630001068115234,37.11000061035156,37.290000915527344,84700,0.0,0.0
2022-01-24 00:00:00-05:00,36.7599983215332,36.91999816894531,34.849998474121094,36.66999816894531,177500,0.0,0.0
2022-01-25 00:00:00-05:00,36.08000183105469,37.63999938964844,35.650001525878906,37.2599983215332,97200,0.0,0.0
2022-01-26 00:00:00-05:00,37.779998779296875,37.779998779296875,34.470001220703125,34.63999938964844,251700,0.0,0.0
2022-01-27 00:00:00-05:00,35.0,35.689998626708984,34.33000183105469,34.560001373291016,106100,0.0,0.0
2022-01-28 00:00:00-05:00,34.560001373291016,34.68000030517578,33.599998474121094,34.5,98500,0.0,0.0
2022-01-31 00:00:00-05:00,34.130001068115234,35.22999954223633,34.130001068115234,35.150001525878906,51300,0.0,0.0
2022-02-01 00:00:00-05:00,35.150001525878906,35.779998779296875,34.900001525878906,35.650001525878906,42600,0.0,0.0
2022-02-02 00:00:00-05:00,35.54999923706055,35.9900016784668,35.06999969482422,35.41999816894531,69400,0.0,0.0
2022-02-03 00:00:00-05:00,35.16999816894531,35.16999816894531,33.869998931884766,34.0,98100,0.0,0.0
2022-02-04 00:00:00-05:00,33.68000030517578,34.209999084472656,33.380001068115234,33.959999084472656,67800,0.0,0.0
2022-02-07 00:00:00-05:00,33.959999084472656,34.75,33.75,34.439998626708984,76900,0.0,0.0
2022-02-08 00:00:00-05:00,34.20000076293945,36.91999816894531,34.099998474121094,36.70000076293945,181400,0.0,0.0
2022-02-09 00:00:00-05:00,37.45000076293945,37.7400016784668,36.65999984741211,37.2599983215332,175600,0.0,0.0
2022-02-10 00:00:00-05:00,37.0099983215332,37.52000045776367,36.189998626708984,36.41999816894531,130700,0.0,0.0
2022-02-11 00:00:00-05:00,36.88999938964844,37.79999923706055,36.540000915527344,37.0099983215332,184700,0.0,0.0
2022-02-14 00:00:00-05:00,37.650001525878906,39.79999923706055,37.25,39.66999816894531,257400,0.0,0.0
2022-02-15 00:00:00-05:00,40.0,40.650001525878906,38.70000076293945,39.380001068115234,227400,0.0,0.0
2022-02-16 00:00:00-05:00,39.5,39.97999954223633,38.400001525878906,39.75,147700,0.0,0.0
2022-02-17 00:00:00-05:00,39.81999969482422,40.20000076293945,39.439998626708984,39.630001068115234,86100,0.0,0.0
2022-02-18 00:00:00-05:00,39.720001220703125,40.119998931884766,38.13999938964844,38.34000015258789,110200,0.0,0.0
2022-02-22 00:00:00-05:00,38.459999084472656,38.84000015258789,37.150001525878906,37.5,119000,0.0,0.0
2022-02-23 00:00:00-05:00,37.5,37.95000076293945,36.95000076293945,37.119998931884766,158600,0.0,0.0
2022-02-24 00:00:00-05:00,37.5,39.11000061035156,36.689998626708984,38.93000030517578,156700,0.0,0.0
2022-02-25 00:00:00-05:00,38.83000183105469,39.189998626708984,37.709999084472656,38.47999954223633,76800,0.0,0.0
2022-02-28 00:00:00-05:00,38.63999938964844,41.38999938964844,38.33000183105469,41.220001220703125,211400,0.0,0.0
2022-03-01 00:00:00-05:00,41.349998474121094,42.86000061035156,40.0099983215332,41.810001373291016,290900,0.0,0.0
2022-03-02 00:00:00-05:00,41.939998626708984,42.11000061035156,40.47999954223633,41.38999938964844,93000,0.0,0.0
2022-03-03 00:00:00-05:00,41.77000045776367,42.54999923706055,41.0099983215332,41.93000030517578,126700,0.0,0.0
2022-03-04 00:00:00-05:00,41.63999938964844,44.0,41.5099983215332,43.599998474121094,195200,0.0,0.0
2022-03-07 00:00:00-05:00,44.61000061035156,47.90999984741211,42.7599983215332,46.880001068115234,415900,0.0,0.0
2022-03-08 00:00:00-05:00,47.599998474121094,47.599998474121094,44.83000183105469,45.41999816894531,274500,0.0,0.0
2022-03-09 00:00:00-05:00,45.290000915527344,45.959999084472656,44.369998931884766,45.439998626708984,141000,0.0,0.0
2022-03-10 00:00:00-05:00,46.099998474121094,46.97999954223633,45.43000030517578,46.13999938964844,192000,0.0,0.0
2022-03-11 00:00:00-05:00,46.16999816894531,46.439998626708984,45.119998931884766,45.970001220703125,131900,0.0,0.0
2022-03-14 00:00:00-04:00,46.22999954223633,47.47999954223633,44.279998779296875,44.900001525878906,287100,0.0,0.0
2022-03-15 00:00:00-04:00,45.04999923706055,45.540000915527344,43.59000015258789,45.18000030517578,163300,0.0,0.0
2022-03-16 00:00:00-04:00,45.58000183105469,46.2400016784668,44.34000015258789,45.290000915527344,117300,0.0,0.0
2022-03-17 00:00:00-04:00,45.900001525878906,47.83000183105469,44.97999954223633,47.5,256700,0.0,0.0
2022-03-18 00:00:00-04:00,47.91999816894531,48.27000045776367,47.02000045776367,47.310001373291016,148100,0.0,0.0
2022-03-21 00:00:00-04:00,47.470001220703125,48.130001068115234,47.02000045776367,47.63999938964844,141500,0.0,0.0
2022-03-22 00:00:00-04:00,47.83000183105469,48.099998474121094,47.29999923706055,47.45000076293945,140400,0.0,0.0
2022-03-23 00:00:00-04:00,47.900001525878906,49.619998931884766,47.220001220703125,49.400001525878906,132600,0.0,0.0
2022-03-24 00:00:00-04:00,49.72999954223633,51.02000045776367,49.36000061035156,50.720001220703125,147500,0.0,0.0
2022-03-25 00:00:00-04:00,50.36000061035156,51.119998931884766,50.36000061035156,50.810001373291016,90600,0.0,0.0
2022-03-28 00:00:00-04:00,50.709999084472656,51.5,49.709999084472656,50.38999938964844,103800,0.0,0.0
2022-03-29 00:00:00-04:00,50.08000183105469,50.4900016784668,49.25,50.380001068115234,80100,0.0,0.0
2022-03-30 00:00:00-04:00,50.220001220703125,50.91999816894531,49.75,50.13999938964844,65200,0.0,0.0
2022-03-31 00:00:00-04:00,50.33000183105469,50.77000045776367,50.099998474121094,50.2400016784668,61000,0.0,0.0
2022-04-01 00:00:00-04:00,50.36000061035156,51.47999954223633,50.290000915527344,51.47999954223633,123100,0.0,0.0
2022-04-04 00:00:00-04:00,51.470001220703125,52.060001373291016,51.459999084472656,51.75,74400,0.0,0.0
2022-04-05 00:00:00-04:00,51.77000045776367,52.95000076293945,49.70000076293945,49.90999984741211,133400,0.0,0.0
2022-04-06 00:00:00-04:00,50.08000183105469,50.869998931884766,49.560001373291016,50.2599983215332,94100,0.0,0.0
2022-04-07 00:00:00-04:00,50.25,51.849998474121094,49.810001373291016,51.59000015258789,65600,0.0,0.0
2022-04-08 00:00:00-04:00,51.45000076293945,52.15999984741211,51.369998931884766,51.86000061035156,44300,0.0,0.0
2022-04-11 00:00:00-04:00,52.18000030517578,52.18000030517578,50.52000045776367,51.04999923706055,60400,0.0,0.0
2022-04-12 00:00:00-04:00,51.11000061035156,51.79999923706055,50.619998931884766,51.4900016784668,62800,0.0,0.0
2022-04-13 00:00:00-04:00,51.529998779296875,53.2400016784668,51.529998779296875,52.7400016784668,149900,0.0,0.0
2022-04-14 00:00:00-04:00,52.63999938964844,53.52000045776367,52.45000076293945,53.5,51700,0.0,0.0
2022-04-18 00:00:00-04:00,53.150001525878906,55.060001373291016,53.150001525878906,54.86000061035156,209500,0.0,0.0
2022-04-19 00:00:00-04:00,54.70000076293945,56.84000015258789,54.220001220703125,56.84000015258789,236300,0.0,0.0
2022-04-20 00:00:00-04:00,56.40999984741211,57.0,54.43000030517578,56.150001525878906,148600,0.0,0.0
2022-04-21 00:00:00-04:00,56.13999938964844,56.310001373291016,49.0,49.220001220703125,300800,0.0,0.0
2022-04-22 00:00:00-04:00,49.7599983215332,49.7599983215332,46.630001068115234,46.97999954223633,253500,0.0,0.0
2022-04-25 00:00:00-04:00,46.22999954223633,47.810001373291016,44.86000061035156,47.40999984741211,281000,0.0,0.0
2022-04-26 00:00:00-04:00,47.790000915527344,47.790000915527344,45.52000045776367,45.630001068115234,121000,0.0,0.0
2022-04-27 00:00:00-04:00,45.540000915527344,46.11000061035156,44.189998626708984,45.5099983215332,205500,0.0,0.0
2022-04-28 00:00:00-04:00,45.61000061035156,47.540000915527344,45.54999923706055,46.75,104200,0.0,0.0
2022-04-29 00:00:00-04:00,47.150001525878906,48.09000015258789,45.84000015258789,46.09000015258789,70600,0.0,0.0
2022-05-02 00:00:00-04:00,46.08000183105469,46.08000183105469,43.150001525878906,44.099998474121094,196300,0.0,0.0
2022-05-03 00:00:00-04:00,43.77000045776367,45.900001525878906,43.56999969482422,45.38999938964844,96400,0.0,0.0
2022-05-04 00:00:00-04:00,45.2599983215332,45.91999816894531,43.75,45.91999816894531,89200,0.0,0.0
2022-05-05 00:00:00-04:00,45.470001220703125,45.959999084472656,43.209999084472656,44.84000015258789,131100,0.0,0.0
2022-05-06 00:00:00-04:00,43.54999923706055,45.880001068115234,43.13999938964844,45.29999923706055,84200,0.0,0.0
2022-05-09 00:00:00-04:00,43.849998474121094,43.849998474121094,40.0,40.2400016784668,310300,0.0,0.0
2022-05-10 00:00:00-04:00,40.459999084472656,40.86000061035156,37.220001220703125,38.09000015258789,278200,0.0,0.0
2022-05-11 00:00:00-04:00,37.68000030517578,37.81999969482422,35.7599983215332,35.849998474121094,343100,0.0,0.0
2022-05-12 00:00:00-04:00,35.0,36.560001373291016,34.27000045776367,35.15999984741211,284700,0.0,0.0
2022-05-13 00:00:00-04:00,35.27000045776367,36.619998931884766,35.18000030517578,35.33000183105469,158400,0.0,0.0
2022-05-16 00:00:00-04:00,35.0,35.15999984741211,34.099998474121094,34.66999816894531,127400,0.0,0.0
2022-05-17 00:00:00-04:00,35.16999816894531,36.34000015258789,35.029998779296875,35.70000076293945,92900,0.0,0.0
2022-05-18 00:00:00-04:00,34.939998626708984,35.529998779296875,34.5,35.47999954223633,234400,0.0,0.0
2022-05-19 00:00:00-04:00,34.709999084472656,37.439998626708984,34.709999084472656,36.61000061035156,173200,0.0,0.0
2022-05-20 00:00:00-04:00,36.61000061035156,36.61000061035156,35.06999969482422,35.9900016784668,169700,0.0,0.0
2022-05-23 00:00:00-04:00,35.900001525878906,36.68000030517578,35.56999969482422,36.31999969482422,90300,0.0,0.0
2022-05-24 00:00:00-04:00,36.0,36.150001525878906,35.029998779296875,35.9900016784668,110900,0.0,0.0
2022-05-25 00:00:00-04:00,35.83000183105469,36.189998626708984,35.5,36.0,74200,0.0,0.0
2022-05-26 00:00:00-04:00,35.86000061035156,36.65999984741211,35.86000061035156,36.47999954223633,54100,0.0,0.0
2022-05-27 00:00:00-04:00,36.470001220703125,37.2400016784668,36.34000015258789,36.63999938964844,55600,0.0,0.0
2022-05-31 00:00:00-04:00,37.09000015258789,37.5,36.060001373291016,36.7400016784668,150100,0.0,0.0
2022-06-01 00:00:00-04:00,36.66999816894531,37.880001068115234,36.22999954223633,37.650001525878906,182300,0.0,0.0
2022-06-02 00:00:00-04:00,37.65999984741211,40.25,37.58000183105469,39.900001525878906,198000,0.0,0.0
2022-06-03 00:00:00-04:00,39.900001525878906,39.90999984741211,37.90999984741211,38.09000015258789,128600,0.0,0.0
2022-06-06 00:00:00-04:00,38.61000061035156,38.810001373291016,37.75,38.04999923706055,93800,0.0,0.0
2022-06-07 00:00:00-04:00,38.02000045776367,40.4900016784668,37.880001068115234,40.16999816894531,186200,0.0,0.0
2022-06-08 00:00:00-04:00,39.59000015258789,40.41999816894531,39.150001525878906,39.33000183105469,101300,0.0,0.0
2022-06-09 00:00:00-04:00,39.33000183105469,39.33000183105469,37.43000030517578,37.52000045776367,82300,0.0,0.0
2022-06-10 00:00:00-04:00,36.630001068115234,38.5,35.93000030517578,37.7599983215332,135700,0.0,0.0
2022-06-13 00:00:00-04:00,36.630001068115234,36.630001068115234,35.060001373291016,35.869998931884766,143200,0.0,0.0
2022-06-14 00:00:00-04:00,35.529998779296875,35.79999923706055,34.72999954223633,35.16999816894531,167600,0.0,0.0
2022-06-15 00:00:00-04:00,35.290000915527344,36.38999938964844,35.0,35.869998931884766,84500,0.0,0.0
2022-06-16 00:00:00-04:00,35.650001525878906,36.54999923706055,34.959999084472656,36.279998779296875,164700,0.0,0.0
2022-06-17 00:00:00-04:00,36.0,37.08000183105469,36.0,36.650001525878906,91100,0.0,0.0
2022-06-21 00:00:00-04:00,36.54999923706055,37.65999984741211,36.40999984741211,36.52000045776367,77500,0.0,0.0
2022-06-22 00:00:00-04:00,35.91999816894531,37.599998474121094,35.810001373291016,36.58000183105469,89500,0.0,0.0
2022-06-23 00:00:00-04:00,36.540000915527344,37.0099983215332,35.439998626708984,36.06999969482422,70100,0.0,0.0
2022-06-24 00:00:00-04:00,36.099998474121094,37.22999954223633,35.900001525878906,36.79999923706055,133100,0.0,0.0
2022-06-27 00:00:00-04:00,36.65999984741211,37.029998779296875,35.97999954223633,36.369998931884766,68700,0.0,0.0
2022-06-28 00:00:00-04:00,36.459999084472656,36.7599983215332,35.349998474121094,35.7599983215332,63300,0.0,0.0
2022-06-29 00:00:00-04:00,35.97999954223633,36.13999938964844,35.040000915527344,35.47999954223633,75300,0.0,0.0
2022-06-30 00:00:00-04:00,35.0,35.209999084472656,34.150001525878906,34.65999984741211,115300,0.0,0.0
2022-07-01 00:00:00-04:00,34.33000183105469,35.20000076293945,34.220001220703125,34.93000030517578,65200,0.0,0.0
2022-07-05 00:00:00-04:00,34.56999969482422,34.56999969482422,32.83000183105469,33.56999969482422,153100,0.0,0.0
2022-07-06 00:00:00-04:00,33.5,33.9900016784668,32.029998779296875,32.52000045776367,167500,0.0,0.0
2022-07-07 00:00:00-04:00,32.959999084472656,35.029998779296875,32.959999084472656,34.72999954223633,144600,0.0,0.0
2022-07-08 00:00:00-04:00,34.47999954223633,35.869998931884766,34.369998931884766,35.06999969482422,76700,0.0,0.0
2022-07-11 00:00:00-04:00,35.0,35.029998779296875,33.91999816894531,34.18000030517578,70800,0.0,0.0
2022-07-12 00:00:00-04:00,33.79999923706055,34.880001068115234,33.68000030517578,33.939998626708984,67200,0.0,0.0
2022-07-13 00:00:00-04:00,33.720001220703125,34.84000015258789,33.5099983215332,34.650001525878906,73800,0.0,0.0
2022-07-14 00:00:00-04:00,33.88999938964844,33.88999938964844,32.70000076293945,33.70000076293945,67900,0.0,0.0
2022-07-15 00:00:00-04:00,33.88999938964844,34.34000015258789,33.5,34.150001525878906,40000,0.0,0.0
2022-07-18 00:00:00-04:00,34.5099983215332,35.93000030517578,34.5099983215332,34.86000061035156,40700,0.0,0.0
2022-07-19 00:00:00-04:00,35.060001373291016,36.0,35.060001373291016,35.79999923706055,72000,0.0,0.0
2022-07-20 00:00:00-04:00,36.0,36.0,35.2599983215332,35.720001220703125,51900,0.0,0.0
2022-07-21 00:00:00-04:00,35.650001525878906,36.029998779296875,35.25,35.84000015258789,48000,0.0,0.0
2022-07-22 00:00:00-04:00,35.779998779296875,36.40999984741211,35.189998626708984,35.52000045776367,42200,0.0,0.0
2022-07-25 00:00:00-04:00,35.290000915527344,35.290000915527344,33.439998626708984,33.959999084472656,117800,0.0,0.0
2022-07-26 00:00:00-04:00,34.099998474121094,34.59000015258789,33.81999969482422,34.25,43900,0.0,0.0
2022-07-27 00:00:00-04:00,34.56999969482422,35.52000045776367,34.5,35.380001068115234,51700,0.0,0.0
2022-07-28 00:00:00-04:00,35.599998474121094,37.119998931884766,35.599998474121094,37.040000915527344,89900,0.0,0.0
2022-07-29 00:00:00-04:00,37.099998474121094,37.91999816894531,36.7400016784668,37.81999969482422,52800,0.0,0.0
2022-08-01 00:00:00-04:00,38.459999084472656,38.459999084472656,37.119998931884766,37.4900016784668,30400,0.0,0.0
2022-08-02 00:00:00-04:00,37.5099983215332,37.5099983215332,35.83000183105469,36.630001068115234,91100,0.0,0.0
2022-08-03 00:00:00-04:00,36.529998779296875,36.529998779296875,34.5,34.869998931884766,89500,0.0,0.0
2022-08-04 00:00:00-04:00,34.630001068115234,36.529998779296875,34.52000045776367,36.099998474121094,54800,0.0,0.0
2022-08-05 00:00:00-04:00,35.97999954223633,36.349998474121094,35.68000030517578,36.0099983215332,40100,0.0,0.0
2022-08-08 00:00:00-04:00,36.02000045776367,37.9900016784668,36.02000045776367,37.650001525878906,64600,0.0,0.0
2022-08-09 00:00:00-04:00,37.40999984741211,37.959999084472656,37.09000015258789,37.81999969482422,63300,0.0,0.0
2022-08-10 00:00:00-04:00,38.0,38.66999816894531,37.869998931884766,38.16999816894531,68300,0.0,0.0
2022-08-11 00:00:00-04:00,37.86000061035156,38.459999084472656,37.25,37.369998931884766,52000,0.0,0.0
2022-08-12 00:00:00-04:00,37.4900016784668,38.2400016784668,37.20000076293945,38.130001068115234,54400,0.0,0.0
2022-08-15 00:00:00-04:00,37.650001525878906,37.939998626708984,37.13999938964844,37.810001373291016,42800,0.0,0.0
2022-08-16 00:00:00-04:00,37.95000076293945,38.45000076293945,37.470001220703125,38.45000076293945,82900,0.0,0.0
2022-08-17 00:00:00-04:00,38.0,38.150001525878906,37.150001525878906,37.540000915527344,41300,0.0,0.0
2022-08-18 00:00:00-04:00,37.58000183105469,38.45000076293945,37.56999969482422,38.27000045776367,60900,0.0,0.0
2022-08-19 00:00:00-04:00,37.77000045776367,38.06999969482422,36.63999938964844,36.970001220703125,94500,0.0,0.0
2022-08-22 00:00:00-04:00,36.040000915527344,36.040000915527344,33.459999084472656,35.63999938964844,89100,0.0,0.0
2022-08-23 00:00:00-04:00,35.79999923706055,37.0,35.630001068115234,36.5,76800,0.0,0.0
2022-08-24 00:00:00-04:00,36.63999938964844,38.2400016784668,36.63999938964844,38.060001373291016,43600,0.0,0.0
2022-08-25 00:00:00-04:00,38.29999923706055,39.150001525878906,38.15999984741211,38.189998626708984,33400,0.0,0.0
2022-08-26 00:00:00-04:00,37.900001525878906,38.150001525878906,35.970001220703125,36.380001068115234,63000,0.0,0.0
2022-08-29 00:00:00-04:00,36.380001068115234,37.5,35.95000076293945,37.27000045776367,54200,0.0,0.0
2022-08-30 00:00:00-04:00,37.68000030517578,38.33000183105469,36.56999969482422,37.33000183105469,74500,0.0,0.0
2022-08-31 00:00:00-04:00,37.11000061035156,38.2400016784668,36.900001525878906,37.720001220703125,72100,0.0,0.0
2022-09-01 00:00:00-04:00,37.04999923706055,37.04999923706055,35.150001525878906,35.54999923706055,120700,0.0,0.0
2022-09-02 00:00:00-04:00,35.9900016784668,36.880001068115234,35.540000915527344,35.95000076293945,39600,0.0,0.0
2022-09-06 00:00:00-04:00,35.959999084472656,36.689998626708984,35.61000061035156,36.099998474121094,50100,0.0,0.0
2022-09-07 00:00:00-04:00,36.130001068115234,37.0,35.27000045776367,36.90999984741211,56500,0.0,0.0
2022-09-08 00:00:00-04:00,36.47999954223633,37.90999984741211,36.47999954223633,37.86000061035156,56800,0.0,0.0
2022-09-09 00:00:00-04:00,38.040000915527344,39.599998474121094,38.040000915527344,39.04999923706055,44400,0.0,0.0
2022-09-12 00:00:00-04:00,39.61000061035156,39.9900016784668,39.029998779296875,39.27000045776367,54400,0.0,0.0
2022-09-13 00:00:00-04:00,38.279998779296875,38.79999923706055,36.4900016784668,36.72999954223633,72800,0.0,0.0
2022-09-14 00:00:00-04:00,36.72999954223633,37.959999084472656,36.70000076293945,37.61000061035156,30800,0.0,0.0
2022-09-15 00:00:00-04:00,37.290000915527344,38.25,36.029998779296875,36.5099983215332,52600,0.0,0.0
2022-09-16 00:00:00-04:00,35.7599983215332,36.54999923706055,35.16999816894531,35.77000045776367,61600,0.0,0.0
2022-09-19 00:00:00-04:00,35.18000030517578,36.0,35.04999923706055,35.38999938964844,45200,0.0,0.0
2022-09-20 00:00:00-04:00,35.029998779296875,35.029998779296875,33.470001220703125,33.95000076293945,105300,0.0,0.0
2022-09-21 00:00:00-04:00,33.93000030517578,35.25,33.7400016784668,34.43000030517578,46100,0.0,0.0
2022-09-22 00:00:00-04:00,34.5,34.5,33.349998474121094,33.40999984741211,36400,0.0,0.0
2022-09-23 00:00:00-04:00,33.0099983215332,33.2400016784668,31.540000915527344,32.08000183105469,105200,0.0,0.0
2022-09-26 00:00:00-04:00,31.739999771118164,32.099998474121094,30.600000381469727,30.829999923706055,76000,0.0,0.0
2022-09-27 00:00:00-04:00,31.479999542236328,32.56999969482422,31.1200008392334,32.08000183105469,69400,0.0,0.0
2022-09-28 00:00:00-04:00,31.90999984741211,34.68000030517578,31.860000610351562,34.290000915527344,84500,0.0,0.0
2022-09-29 00:00:00-04:00,34.0099983215332,34.0099983215332,32.68000030517578,33.5,61400,0.0,0.0
2022-09-30 00:00:00-04:00,33.4900016784668,34.290000915527344,32.97999954223633,33.5099983215332,53300,0.0,0.0
2022-10-03 00:00:00-04:00,34.220001220703125,35.540000915527344,34.04999923706055,35.18000030517578,64100,0.0,0.0
2022-10-04 00:00:00-04:00,35.97999954223633,36.7599983215332,35.97999954223633,36.70000076293945,38800,0.0,0.0
2022-10-05 00:00:00-04:00,36.0,36.099998474121094,34.7599983215332,35.130001068115234,33600,0.0,0.0
2022-10-06 00:00:00-04:00,34.88999938964844,35.63999938964844,34.439998626708984,35.47999954223633,50300,0.0,0.0
2022-10-07 00:00:00-04:00,35.279998779296875,35.279998779296875,33.33000183105469,33.75,54700,0.0,0.0
2022-10-10 00:00:00-04:00,33.43000030517578,33.43000030517578,32.16999816894531,32.59000015258789,67400,0.0,0.0
2022-10-11 00:00:00-04:00,32.5,34.04999923706055,31.6200008392334,33.709999084472656,120300,0.0,0.0
2022-10-12 00:00:00-04:00,33.810001373291016,33.810001373291016,31.56999969482422,31.84000015258789,63600,0.0,0.0
2022-10-13 00:00:00-04:00,30.93000030517578,32.869998931884766,29.760000228881836,32.41999816894531,85100,0.0,0.0
2022-10-14 00:00:00-04:00,32.70000076293945,32.970001220703125,31.360000610351562,31.760000228881836,48900,0.0,0.0
2022-10-17 00:00:00-04:00,32.0,33.58000183105469,31.989999771118164,32.619998931884766,78100,0.0,0.0
2022-10-18 00:00:00-04:00,33.27000045776367,33.41999816894531,32.65999984741211,33.189998626708984,34900,0.0,0.0
2022-10-19 00:00:00-04:00,32.77000045776367,32.97999954223633,31.760000228881836,32.33000183105469,60400,0.0,0.0
2022-10-20 00:00:00-04:00,32.56999969482422,33.279998779296875,32.060001373291016,32.459999084472656,73300,0.0,0.0
2022-10-21 00:00:00-04:00,32.459999084472656,33.470001220703125,31.75,33.43000030517578,106800,0.0,0.0
2022-10-24 00:00:00-04:00,33.47999954223633,33.61000061035156,32.70000076293945,33.130001068115234,75300,0.0,0.0
2022-10-25 00:00:00-04:00,33.20000076293945,34.93000030517578,33.20000076293945,34.869998931884766,71000,0.0,0.0
2022-10-26 00:00:00-04:00,35.029998779296875,37.2400016784668,35.029998779296875,35.900001525878906,66700,0.0,0.0
2022-10-27 00:00:00-04:00,36.4900016784668,36.790000915527344,34.630001068115234,34.90999984741211,79300,0.0,0.0
2022-10-28 00:00:00-04:00,35.0,35.88999938964844,34.70000076293945,35.70000076293945,33200,0.0,0.0
2022-10-31 00:00:00-04:00,35.720001220703125,36.38999938964844,35.5,35.939998626708984,30600,0.0,0.0
2022-11-01 00:00:00-04:00,36.880001068115234,37.09000015258789,36.13999938964844,36.72999954223633,47600,0.0,0.0
2022-11-02 00:00:00-04:00,36.79999923706055,36.79999923706055,34.47999954223633,34.790000915527344,78900,0.0,0.0
2022-11-03 00:00:00-04:00,34.20000076293945,34.88999938964844,33.810001373291016,34.52000045776367,66000,0.0,0.0
2022-11-04 00:00:00-04:00,35.0,36.84000015258789,34.77000045776367,36.7400016784668,58600,0.0,0.0
2022-11-07 00:00:00-05:00,36.93000030517578,37.849998474121094,36.349998474121094,36.880001068115234,60000,0.0,0.0
2022-11-08 00:00:00-05:00,36.95000076293945,38.959999084472656,36.95000076293945,38.08000183105469,55200,0.0,0.0
2022-11-09 00:00:00-05:00,38.09000015258789,38.09000015258789,36.040000915527344,36.36000061035156,55700,0.0,0.0
2022-11-10 00:00:00-05:00,37.34000015258789,38.470001220703125,37.04999923706055,37.81999969482422,65400,0.0,0.0
2022-11-11 00:00:00-05:00,38.2400016784668,38.900001525878906,37.540000915527344,38.4900016784668,73500,0.0,0.0
2022-11-14 00:00:00-05:00,37.9900016784668,38.189998626708984,36.91999816894531,37.13999938964844,60500,0.0,0.0
2022-11-15 00:00:00-05:00,37.119998931884766,37.650001525878906,36.2599983215332,37.470001220703125,78700,0.0,0.0
2022-11-16 00:00:00-05:00,37.209999084472656,37.5,36.720001220703125,37.060001373291016,33500,0.0,0.0
2022-11-17 00:00:00-05:00,36.38999938964844,37.22999954223633,36.029998779296875,36.65999984741211,36000,0.0,0.0
2022-11-18 00:00:00-05:00,37.06999969482422,37.59000015258789,36.380001068115234,36.599998474121094,42800,0.0,0.0
2022-11-21 00:00:00-05:00,36.31999969482422,36.36000061035156,35.029998779296875,35.79999923706055,94600,0.0,0.0
2022-11-22 00:00:00-05:00,35.97999954223633,37.2400016784668,35.810001373291016,37.15999984741211,53300,0.0,0.0
2022-11-23 00:00:00-05:00,36.97999954223633,37.47999954223633,36.619998931884766,37.040000915527344,40800,0.0,0.0
2022-11-25 00:00:00-05:00,37.349998474121094,37.349998474121094,36.56999969482422,36.79999923706055,17800,0.0,0.0
2022-11-28 00:00:00-05:00,36.25,36.4900016784668,34.630001068115234,34.93000030517578,46200,0.0,0.0
2022-11-29 00:00:00-05:00,35.34000015258789,35.900001525878906,34.84000015258789,35.0099983215332,33400,0.0,0.0
2022-11-30 00:00:00-05:00,35.16999816894531,35.95000076293945,33.900001525878906,35.83000183105469,101400,0.0,0.0
2022-12-01 00:00:00-05:00,37.08000183105469,37.220001220703125,35.959999084472656,36.58000183105469,40000,0.0,0.0
2022-12-02 00:00:00-05:00,36.150001525878906,36.84000015258789,35.810001373291016,36.33000183105469,67500,0.0,0.0
2022-12-05 00:00:00-05:00,36.0,36.150001525878906,34.2599983215332,34.34000015258789,43700,0.0,0.0
2022-12-06 00:00:00-05:00,34.2599983215332,34.4900016784668,33.5,33.97999954223633,55500,0.0,0.0
2022-12-07 00:00:00-05:00,34.0,34.65999984741211,33.439998626708984,33.90999984741211,55000,0.0,0.0
2022-12-08 00:00:00-05:00,33.869998931884766,34.86000061035156,33.400001525878906,34.529998779296875,70200,0.0,0.0
2022-12-09 00:00:00-05:00,34.459999084472656,35.08000183105469,34.45000076293945,34.63999938964844,39300,0.0,0.0
2022-12-12 00:00:00-05:00,34.369998931884766,34.56999969482422,33.61000061035156,33.869998931884766,41900,0.0,0.0
2022-12-13 00:00:00-05:00,34.11000061035156,35.310001373291016,33.36000061035156,33.439998626708984,86800,0.0,0.0
2022-12-14 00:00:00-05:00,33.15999984741211,34.29999923706055,33.15999984741211,33.880001068115234,86300,0.0,0.0
2022-12-15 00:00:00-05:00,33.45000076293945,33.599998474121094,32.22999954223633,32.31999969482422,43800,0.0,0.0
2022-12-16 00:00:00-05:00,32.0,32.84000015258789,31.799999237060547,32.779998779296875,65600,0.0,0.0
2022-12-19 00:00:00-05:00,32.369998931884766,32.75,31.84000015258789,31.979999542236328,55000,0.0,0.0
2022-12-20 00:00:00-05:00,31.799999237060547,33.25,31.729999542236328,32.90999984741211,110000,0.0,0.0
2022-12-21 00:00:00-05:00,33.08000183105469,33.630001068115234,33.0099983215332,33.209999084472656,47400,0.0,0.0
2022-12-22 00:00:00-05:00,32.630001068115234,33.27000045776367,32.040000915527344,33.13999938964844,71300,0.0,0.0
2022-12-23 00:00:00-05:00,32.91999816894531,33.91999816894531,32.91999816894531,33.349998474121094,46200,0.0,0.0
2022-12-27 00:00:00-05:00,33.470001220703125,34.47999954223633,33.369998931884766,33.88999938964844,77800,0.0,0.0
2022-12-28 00:00:00-05:00,33.91999816894531,33.959999084472656,33.0,33.47999954223633,110600,0.0,0.0
2022-12-29 00:00:00-05:00,33.779998779296875,34.11000061035156,33.220001220703125,33.290000915527344,67500,0.0,0.0
2022-12-30 00:00:00-05:00,33.13999938964844,33.470001220703125,32.63999938964844,33.33000183105469,73100,0.0,0.0
2023-01-03 00:00:00-05:00,33.349998474121094,35.040000915527344,33.349998474121094,34.900001525878906,92000,0.0,0.0
2023-01-04 00:00:00-05:00,35.43000030517578,36.5,35.279998779296875,35.9900016784668,94200,0.0,0.0
2023-01-05 00:00:00-05:00,35.7599983215332,37.40999984741211,35.380001068115234,36.95000076293945,104200,0.0,0.0
2023-01-06 00:00:00-05:00,37.58000183105469,37.91999816894531,36.459999084472656,37.77000045776367,124100,0.0,0.0
2023-01-09 00:00:00-05:00,37.779998779296875,39.29999923706055,37.779998779296875,38.54999923706055,79900,0.0,0.0
2023-01-10 00:00:00-05:00,38.439998626708984,39.75,38.439998626708984,39.709999084472656,79400,0.0,0.0
2023-01-11 00:00:00-05:00,39.959999084472656,40.689998626708984,39.709999084472656,40.119998931884766,90100,0.0,0.0
2023-01-12 00:00:00-05:00,40.150001525878906,41.0,39.459999084472656,40.38999938964844,73500,0.0,0.0
2023-01-13 00:00:00-05:00,40.20000076293945,41.54999923706055,40.189998626708984,41.439998626708984,79700,0.0,0.0
2023-01-17 00:00:00-05:00,41.349998474121094,41.959999084472656,40.11000061035156,40.2400016784668,120300,0.0,0.0
2023-01-18 00:00:00-05:00,40.619998931884766,41.72999954223633,40.619998931884766,41.040000915527344,91800,0.0,0.0
2023-01-19 00:00:00-05:00,40.97999954223633,41.040000915527344,39.970001220703125,39.97999954223633,80400,0.0,0.0
2023-01-20 00:00:00-05:00,39.970001220703125,40.84000015258789,39.650001525878906,40.689998626708984,65000,0.0,0.0
2023-01-23 00:00:00-05:00,40.849998474121094,41.25,40.27000045776367,40.58000183105469,65100,0.0,0.0
2023-01-24 00:00:00-05:00,40.38999938964844,41.119998931884766,40.38999938964844,40.709999084472656,47500,0.0,0.0
2023-01-25 00:00:00-05:00,40.47999954223633,41.02000045776367,40.0,40.939998626708984,40100,0.0,0.0
2023-01-26 00:00:00-05:00,41.08000183105469,41.08000183105469,40.04999923706055,40.38999938964844,38300,0.0,0.0
2023-01-27 00:00:00-05:00,40.08000183105469,40.099998474121094,39.33000183105469,39.58000183105469,70700,0.0,0.0
2023-01-30 00:00:00-05:00,38.970001220703125,39.869998931884766,38.7400016784668,39.56999969482422,55300,0.0,0.0
2023-01-31 00:00:00-05:00,39.34000015258789,40.150001525878906,39.04999923706055,39.470001220703125,49800,0.0,0.0
2023-02-01 00:00:00-05:00,39.29999923706055,40.369998931884766,39.0,40.0,40100,0.0,0.0
2023-02-02 00:00:00-05:00,40.63999938964844,40.720001220703125,39.65999984741211,40.0099983215332,66900,0.0,0.0
2023-02-03 00:00:00-05:00,39.369998931884766,39.7400016784668,38.79999923706055,39.099998474121094,49600,0.0,0.0
2023-02-06 00:00:00-05:00,38.7400016784668,38.7400016784668,37.650001525878906,38.04999923706055,44800,0.0,0.0
2023-02-07 00:00:00-05:00,37.86000061035156,38.38999938964844,37.459999084472656,38.06999969482422,58800,0.0,0.0
2023-02-08 00:00:00-05:00,38.15999984741211,38.66999816894531,37.599998474121094,38.2400016784668,41200,0.0,0.0
2023-02-09 00:00:00-05:00,38.560001373291016,39.18000030517578,38.220001220703125,38.27000045776367,39100,0.0,0.0
2023-02-10 00:00:00-05:00,38.40999984741211,38.40999984741211,37.4900016784668,37.709999084472656,52400,0.0,0.0
2023-02-13 00:00:00-05:00,37.58000183105469,38.7400016784668,37.45000076293945,38.09000015258789,34400,0.0,0.0
2023-02-14 00:00:00-05:00,38.099998474121094,38.959999084472656,37.880001068115234,38.52000045776367,48100,0.0,0.0
2023-02-15 00:00:00-05:00,38.220001220703125,38.630001068115234,37.869998931884766,38.29999923706055,50600,0.0,0.0
2023-02-16 00:00:00-05:00,37.93000030517578,38.529998779296875,37.58000183105469,38.18000030517578,30200,0.0,0.0
2023-02-17 00:00:00-05:00,37.810001373291016,38.119998931884766,37.209999084472656,37.869998931884766,40400,0.0,0.0
2023-02-21 00:00:00-05:00,37.650001525878906,37.779998779296875,36.43000030517578,36.939998626708984,58700,0.0,0.0
2023-02-22 00:00:00-05:00,36.959999084472656,37.849998474121094,36.959999084472656,37.08000183105469,36800,0.0,0.0
2023-02-23 00:00:00-05:00,37.5,37.5,36.2599983215332,36.709999084472656,74000,0.0,0.0
2023-02-24 00:00:00-05:00,36.0,36.0,32.7599983215332,34.310001373291016,183400,0.0,0.0
2023-02-27 00:00:00-05:00,34.38999938964844,34.529998779296875,33.11000061035156,33.72999954223633,74200,0.0,0.0
2023-02-28 00:00:00-05:00,33.650001525878906,34.970001220703125,33.5,34.709999084472656,66300,0.0,0.0
2023-03-01 00:00:00-05:00,34.869998931884766,35.650001525878906,34.869998931884766,35.400001525878906,46300,0.0,0.0
2023-03-02 00:00:00-05:00,35.119998931884766,36.5099983215332,35.119998931884766,36.0,65100,0.0,0.0
2023-03-03 00:00:00-05:00,35.91999816894531,36.650001525878906,35.54999923706055,36.40999984741211,41900,0.0,0.0
2023-03-06 00:00:00-05:00,36.58000183105469,36.709999084472656,36.099998474121094,36.16999816894531,52900,0.0,0.0
2023-03-07 00:00:00-05:00,35.86000061035156,36.20000076293945,34.790000915527344,34.97999954223633,48100,0.0,0.0
2023-03-08 00:00:00-05:00,34.880001068115234,35.06999969482422,34.220001220703125,34.54999923706055,34000,0.0,0.0
2023-03-09 00:00:00-05:00,34.459999084472656,34.849998474121094,34.290000915527344,34.34000015258789,37600,0.0,0.0
2023-03-10 00:00:00-05:00,34.5,34.709999084472656,32.369998931884766,32.84000015258789,103200,0.0,0.0
2023-03-13 00:00:00-04:00,33.849998474121094,35.72999954223633,33.849998474121094,35.09000015258789,163700,0.0,0.0
2023-03-14 00:00:00-04:00,36.099998474121094,36.099998474121094,34.77000045776367,35.619998931884766,146400,0.0,0.0
2023-03-15 00:00:00-04:00,35.43000030517578,35.619998931884766,34.220001220703125,34.83000183105469,104200,0.0,0.0
2023-03-16 00:00:00-04:00,34.630001068115234,35.599998474121094,34.400001525878906,35.27000045776367,44500,0.0,0.0
2023-03-17 00:00:00-04:00,35.400001525878906,36.04999923706055,35.25,35.779998779296875,86500,0.0,0.0
2023-03-20 00:00:00-04:00,36.0,36.2599983215332,35.5099983215332,35.650001525878906,47300,0.0,0.0
2023-03-21 00:00:00-04:00,35.63999938964844,36.310001373291016,35.06999969482422,36.290000915527344,63900,0.0,0.0
2023-03-22 00:00:00-04:00,35.97999954223633,36.40999984741211,35.630001068115234,35.779998779296875,66000,0.0,0.0
2023-03-23 00:00:00-04:00,35.939998626708984,36.880001068115234,35.869998931884766,36.18000030517578,70600,0.0,0.0
2023-03-24 00:00:00-04:00,35.97999954223633,35.97999954223633,35.279998779296875,35.70000076293945,62000,0.0,0.0
2023-03-27 00:00:00-04:00,35.77000045776367,36.16999816894531,35.349998474121094,35.72999954223633,32600,0.0,0.0
2023-03-28 00:00:00-04:00,35.79999923706055,35.970001220703125,35.560001373291016,35.65999984741211,36400,0.0,0.0
2023-03-29 00:00:00-04:00,35.7599983215332,36.130001068115234,35.52000045776367,35.75,24700,0.0,0.0
2023-03-30 00:00:00-04:00,35.849998474121094,36.15999984741211,35.599998474121094,36.040000915527344,31300,0.0,0.0
2023-03-31 00:00:00-04:00,36.20000076293945,36.689998626708984,36.040000915527344,36.41999816894531,46600,0.0,0.0
2023-04-03 00:00:00-04:00,36.45000076293945,36.959999084472656,35.959999084472656,36.709999084472656,58200,0.0,0.0
2023-04-04 00:00:00-04:00,36.88999938964844,37.0099983215332,36.470001220703125,36.939998626708984,87100,0.0,0.0
2023-04-05 00:00:00-04:00,36.9900016784668,36.9900016784668,36.11000061035156,36.599998474121094,54500,0.0,0.0
2023-04-06 00:00:00-04:00,36.65999984741211,36.65999984741211,35.630001068115234,35.810001373291016,142700,0.0,0.0
2023-04-10 00:00:00-04:00,35.52000045776367,35.65999984741211,34.790000915527344,35.4900016784668,56700,0.0,0.0
2023-04-11 00:00:00-04:00,35.540000915527344,36.189998626708984,35.47999954223633,36.040000915527344,45500,0.0,0.0
2023-04-12 00:00:00-04:00,36.220001220703125,36.459999084472656,35.619998931884766,36.13999938964844,47600,0.0,0.0
2023-04-13 00:00:00-04:00,36.279998779296875,37.47999954223633,36.279998779296875,37.400001525878906,49700,0.0,0.0
2023-04-14 00:00:00-04:00,37.18000030517578,37.810001373291016,36.65999984741211,37.33000183105469,46700,0.0,0.0
2023-04-17 00:00:00-04:00,37.33000183105469,37.38999938964844,36.599998474121094,36.849998474121094,38100,0.0,0.0
2023-04-18 00:00:00-04:00,36.790000915527344,36.79999923706055,35.86000061035156,35.97999954223633,43600,0.0,0.0
2023-04-19 00:00:00-04:00,35.84000015258789,36.84000015258789,35.45000076293945,36.40999984741211,66800,0.0,0.0
2023-04-20 00:00:00-04:00,36.279998779296875,36.560001373291016,35.91999816894531,36.290000915527344,36000,0.0,0.0
2023-04-21 00:00:00-04:00,36.04999923706055,36.04999923706055,35.310001373291016,35.310001373291016,47900,0.0,0.0
2023-04-24 00:00:00-04:00,35.31999969482422,35.459999084472656,34.84000015258789,34.900001525878906,42500,0.0,0.0
2023-04-25 00:00:00-04:00,34.540000915527344,36.45000076293945,34.36000061035156,36.29999923706055,70400,0.0,0.0
2023-04-26 00:00:00-04:00,36.380001068115234,36.5,35.33000183105469,35.560001373291016,32800,0.0,0.0
2023-04-27 00:00:00-04:00,35.529998779296875,36.209999084472656,35.43000030517578,36.0,44100,0.0,0.0
2023-04-28 00:00:00-04:00,35.90999984741211,36.150001525878906,35.630001068115234,36.02000045776367,21000,0.0,0.0
2023-05-01 00:00:00-04:00,36.0,36.290000915527344,35.310001373291016,35.40999984741211,26700,0.0,0.0
2023-05-02 00:00:00-04:00,35.13999938964844,35.79999923706055,34.56999969482422,35.75,43200,0.0,0.0
2023-05-03 00:00:00-04:00,35.970001220703125,36.0,35.29999923706055,35.7599983215332,30700,0.0,0.0
2023-05-04 00:00:00-04:00,35.470001220703125,36.02000045776367,34.72999954223633,34.97999954223633,66500,0.0,0.0
2023-05-05 00:00:00-04:00,34.97999954223633,35.439998626708984,34.849998474121094,34.95000076293945,46500,0.0,0.0
2023-05-08 00:00:00-04:00,34.869998931884766,35.66999816894531,34.84000015258789,35.59000015258789,32700,0.0,0.0
2023-05-09 00:00:00-04:00,35.45000076293945,36.20000076293945,34.869998931884766,35.91999816894531,40100,0.0,0.0
2023-05-10 00:00:00-04:00,36.34000015258789,36.66999816894531,35.86000061035156,36.459999084472656,49500,0.0,0.0
2023-05-11 00:00:00-04:00,36.08000183105469,36.279998779296875,34.970001220703125,35.290000915527344,22800,0.0,0.0
2023-05-12 00:00:00-04:00,35.150001525878906,35.36000061035156,34.33000183105469,34.77000045776367,25600,0.0,0.0
2023-05-15 00:00:00-04:00,34.81999969482422,35.11000061035156,34.63999938964844,34.709999084472656,18800,0.0,0.0
2023-05-16 00:00:00-04:00,34.58000183105469,34.619998931884766,33.91999816894531,34.380001068115234,42000,0.0,0.0
2023-05-17 00:00:00-04:00,34.349998474121094,34.7599983215332,34.20000076293945,34.459999084472656,51200,0.0,0.0
2023-05-18 00:00:00-04:00,34.11000061035156,34.209999084472656,33.63999938964844,34.06999969482422,49500,0.0,0.0
2023-05-19 00:00:00-04:00,34.119998931884766,34.380001068115234,33.560001373291016,33.79999923706055,58200,0.0,0.0
2023-05-22 00:00:00-04:00,33.86000061035156,34.529998779296875,33.75,34.34000015258789,30300,0.0,0.0
2023-05-23 00:00:00-04:00,34.25,34.25,33.47999954223633,33.709999084472656,44800,0.0,0.0
2023-05-24 00:00:00-04:00,33.56999969482422,34.11000061035156,32.88999938964844,33.439998626708984,121300,0.0,0.0
2023-05-25 00:00:00-04:00,33.400001525878906,33.400001525878906,32.86000061035156,33.099998474121094,41800,0.0,0.0
2023-05-26 00:00:00-04:00,33.0,33.63999938964844,32.86000061035156,33.45000076293945,59300,0.0,0.0
2023-05-30 00:00:00-04:00,33.45000076293945,33.88999938964844,33.38999938964844,33.650001525878906,38800,0.0,0.0
2023-05-31 00:00:00-04:00,33.5,34.119998931884766,33.2400016784668,33.91999816894531,41000,0.0,0.0
2023-06-01 00:00:00-04:00,33.900001525878906,34.810001373291016,33.900001525878906,34.43000030517578,50000,0.0,0.0
2023-06-02 00:00:00-04:00,34.41999816894531,34.709999084472656,34.34000015258789,34.56999969482422,41600,0.0,0.0
2023-06-05 00:00:00-04:00,34.31999969482422,34.70000076293945,34.31999969482422,34.43000030517578,24500,0.0,0.0
2023-06-06 00:00:00-04:00,34.2400016784668,34.5099983215332,34.029998779296875,34.40999984741211,26100,0.0,0.0
2023-06-07 00:00:00-04:00,34.29999923706055,34.72999954223633,33.54999923706055,33.58000183105469,38000,0.0,0.0
2023-06-08 00:00:00-04:00,33.56999969482422,33.869998931884766,33.33000183105469,33.58000183105469,36100,0.0,0.0
2023-06-09 00:00:00-04:00,33.18000030517578,33.59000015258789,33.099998474121094,33.470001220703125,43000,0.0,0.0
2023-06-12 00:00:00-04:00,33.38999938964844,33.43000030517578,32.959999084472656,33.0,48900,0.0,0.0
2023-06-13 00:00:00-04:00,32.849998474121094,33.709999084472656,32.849998474121094,33.290000915527344,51700,0.0,0.0
2023-06-14 00:00:00-04:00,33.45000076293945,33.61000061035156,32.65999984741211,32.970001220703125,47900,0.0,0.0
2023-06-15 00:00:00-04:00,33.029998779296875,33.4900016784668,33.0099983215332,33.41999816894531,26200,0.0,0.0
2023-06-16 00:00:00-04:00,33.40999984741211,33.59000015258789,33.0099983215332,33.369998931884766,29700,0.0,0.0
2023-06-20 00:00:00-04:00,33.119998931884766,33.13999938964844,32.150001525878906,32.2400016784668,64400,0.0,0.0
2023-06-21 00:00:00-04:00,32.5099983215332,32.59000015258789,32.0,32.209999084472656,49300,0.0,0.0
2023-06-22 00:00:00-04:00,31.959999084472656,32.29999923706055,31.889999389648438,32.150001525878906,39900,0.0,0.0
2023-06-23 00:00:00-04:00,32.13999938964844,32.29999923706055,31.770000457763672,31.780000686645508,47400,0.0,0.0
2023-06-26 00:00:00-04:00,31.649999618530273,32.029998779296875,31.520000457763672,31.729999542236328,35200,0.0,0.0
2023-06-27 00:00:00-04:00,31.790000915527344,31.950000762939453,31.540000915527344,31.770000457763672,40700,0.0,0.0
2023-06-28 00:00:00-04:00,31.649999618530273,31.84000015258789,31.270000457763672,31.700000762939453,52300,0.0,0.0
2023-06-29 00:00:00-04:00,31.56999969482422,32.02000045776367,31.56999969482422,31.920000076293945,45100,0.0,0.0
2023-06-30 00:00:00-04:00,32.02000045776367,32.59000015258789,32.02000045776367,32.400001525878906,41400,0.0,0.0
2023-07-03 00:00:00-04:00,32.25,32.91999816894531,32.25,32.77000045776367,15700,0.0,0.0
2023-07-05 00:00:00-04:00,32.77000045776367,32.83000183105469,32.2400016784668,32.779998779296875,53500,0.0,0.0
2023-07-06 00:00:00-04:00,32.61000061035156,32.61000061035156,31.799999237060547,31.93000030517578,36700,0.0,0.0
2023-07-07 00:00:00-04:00,31.899999618530273,32.529998779296875,31.899999618530273,32.439998626708984,26400,0.0,0.0
2023-07-10 00:00:00-04:00,32.11000061035156,32.9900016784668,32.11000061035156,32.81999969482422,31600,0.0,0.0
2023-07-11 00:00:00-04:00,32.869998931884766,33.34000015258789,32.75,32.939998626708984,27600,0.0,0.0
2023-07-12 00:00:00-04:00,33.290000915527344,33.70000076293945,33.27000045776367,33.29999923706055,33000,0.0,0.0
2023-07-13 00:00:00-04:00,33.689998626708984,34.130001068115234,33.59000015258789,34.02000045776367,32900,0.0,0.0
2023-07-14 00:00:00-04:00,34.290000915527344,34.290000915527344,33.560001373291016,33.66999816894531,37600,0.0,0.0
2023-07-17 00:00:00-04:00,33.540000915527344,33.88999938964844,33.5,33.619998931884766,19100,0.0,0.0
2023-07-18 00:00:00-04:00,33.63999938964844,34.310001373291016,33.540000915527344,34.11000061035156,42500,0.0,0.0
2023-07-19 00:00:00-04:00,34.029998779296875,34.40999984741211,33.95000076293945,34.029998779296875,39000,0.0,0.0
2023-07-20 00:00:00-04:00,33.970001220703125,33.970001220703125,32.97999954223633,33.029998779296875,35300,0.0,0.0
2023-07-21 00:00:00-04:00,33.0,33.0099983215332,32.400001525878906,32.83000183105469,37800,0.0,0.0
2023-07-24 00:00:00-04:00,32.66999816894531,33.119998931884766,32.43000030517578,32.810001373291016,30200,0.0,0.0
2023-07-25 00:00:00-04:00,32.2400016784668,32.95000076293945,32.189998626708984,32.31999969482422,32700,0.0,0.0
2023-07-26 00:00:00-04:00,32.0,32.560001373291016,31.6200008392334,32.220001220703125,40900,0.0,0.0
2023-07-27 00:00:00-04:00,32.08000183105469,32.279998779296875,31.65999984741211,32.04999923706055,66700,0.0,0.0
2023-07-28 00:00:00-04:00,32.04999923706055,32.38999938964844,31.850000381469727,32.2400016784668,32700,0.0,0.0
2023-07-31 00:00:00-04:00,32.25,33.459999084472656,32.25,33.439998626708984,78900,0.0,0.0
2023-08-01 00:00:00-04:00,33.470001220703125,33.470001220703125,32.13999938964844,32.279998779296875,72100,0.0,0.0
2023-08-02 00:00:00-04:00,31.860000610351562,32.0,30.899999618530273,31.84000015258789,56900,0.0,0.0
2023-08-03 00:00:00-04:00,31.559999465942383,32.34000015258789,31.559999465942383,32.130001068115234,116400,0.0,0.0
2023-08-04 00:00:00-04:00,32.25,33.310001373291016,32.220001220703125,32.540000915527344,79600,0.0,0.0
2023-08-07 00:00:00-04:00,32.97999954223633,34.0,32.97999954223633,33.63999938964844,62400,0.0,0.0
2023-08-08 00:00:00-04:00,33.560001373291016,34.13999938964844,32.689998626708984,33.869998931884766,234400,0.0,0.0
2023-08-09 00:00:00-04:00,35.20000076293945,35.849998474121094,34.13999938964844,34.689998626708984,246500,0.0,0.0
2023-08-10 00:00:00-04:00,35.0,35.16999816894531,34.20000076293945,34.25,47900,0.0,0.0
2023-08-11 00:00:00-04:00,34.29999923706055,34.93000030517578,34.25,34.75,68000,0.0,0.0
2023-08-14 00:00:00-04:00,34.880001068115234,35.349998474121094,34.650001525878906,35.150001525878906,118300,0.0,0.0
2023-08-15 00:00:00-04:00,35.130001068115234,35.130001068115234,33.79999923706055,33.83000183105469,43800,0.0,0.0
2023-08-16 00:00:00-04:00,33.90999984741211,34.20000076293945,33.150001525878906,33.29999923706055,61700,0.0,0.0
2023-08-17 00:00:00-04:00,33.279998779296875,33.29999923706055,32.25,32.290000915527344,50100,0.0,0.0
2023-08-18 00:00:00-04:00,31.979999542236328,32.349998474121094,31.75,32.27000045776367,55900,0.0,0.0
2023-08-21 00:00:00-04:00,32.25,32.630001068115234,32.130001068115234,32.529998779296875,43400,0.0,0.0
2023-08-22 00:00:00-04:00,32.599998474121094,32.599998474121094,31.90999984741211,32.18000030517578,42000,0.0,0.0
2023-08-23 00:00:00-04:00,32.470001220703125,32.630001068115234,32.209999084472656,32.58000183105469,78500,0.0,0.0
2023-08-24 00:00:00-04:00,32.27000045776367,32.79999923706055,32.27000045776367,32.31999969482422,31100,0.0,0.0
2023-08-25 00:00:00-04:00,32.52000045776367,32.52000045776367,31.959999084472656,32.16999816894531,38600,0.0,0.0
2023-08-28 00:00:00-04:00,32.22999954223633,32.77000045776367,32.15999984741211,32.29999923706055,26300,0.0,0.0
2023-08-29 00:00:00-04:00,32.22999954223633,33.099998474121094,32.22999954223633,32.70000076293945,32500,0.0,0.0
2023-08-30 00:00:00-04:00,32.900001525878906,33.2599983215332,32.599998474121094,33.15999984741211,64700,0.0,0.0
2023-08-31 00:00:00-04:00,33.36000061035156,33.630001068115234,32.79999923706055,33.290000915527344,61800,0.0,0.0
2023-09-01 00:00:00-04:00,33.439998626708984,33.97999954223633,33.22999954223633,33.54999923706055,67200,0.0,0.0
2023-09-05 00:00:00-04:00,33.5,33.88999938964844,33.34000015258789,33.61000061035156,68000,0.0,0.0
2023-09-06 00:00:00-04:00,33.689998626708984,33.97999954223633,32.880001068115234,32.88999938964844,44000,0.0,0.0
2023-09-07 00:00:00-04:00,32.810001373291016,32.869998931884766,32.15999984741211,32.83000183105469,50800,0.0,0.0
2023-09-08 00:00:00-04:00,32.650001525878906,32.900001525878906,32.40999984741211,32.4900016784668,33100,0.0,0.0
2023-09-11 00:00:00-04:00,32.65999984741211,32.959999084472656,32.5,32.7599983215332,28200,0.0,0.0
2023-09-12 00:00:00-04:00,32.63999938964844,32.93000030517578,32.0,32.02000045776367,36600,0.0,0.0
2023-09-13 00:00:00-04:00,32.0,32.52000045776367,31.90999984741211,32.459999084472656,77500,0.0,0.0
2023-09-14 00:00:00-04:00,32.459999084472656,33.36000061035156,32.459999084472656,33.33000183105469,44900,0.0,0.0
2023-09-15 00:00:00-04:00,33.34000015258789,34.0,33.310001373291016,33.91999816894531,43200,0.0,0.0
2023-09-18 00:00:00-04:00,33.75,34.06999969482422,33.70000076293945,33.720001220703125,48400,0.0,0.0
2023-09-19 00:00:00-04:00,33.70000076293945,33.81999969482422,32.88999938964844,32.91999816894531,34700,0.0,0.0
2023-09-20 00:00:00-04:00,33.16999816894531,33.47999954223633,32.70000076293945,32.79999923706055,30500,0.0,0.0
2023-09-21 00:00:00-04:00,32.459999084472656,32.459999084472656,31.90999984741211,32.060001373291016,40900,0.0,0.0
2023-09-22 00:00:00-04:00,32.060001373291016,32.689998626708984,32.060001373291016,32.16999816894531,43700,0.0,0.0
2023-09-25 00:00:00-04:00,32.08000183105469,32.880001068115234,31.860000610351562,32.84000015258789,49000,0.0,0.0
2023-09-26 00:00:00-04:00,32.7599983215332,32.7599983215332,31.68000030517578,31.860000610351562,84200,0.0,0.0
2023-09-27 00:00:00-04:00,31.719999313354492,32.0,31.049999237060547,31.110000610351562,55100,0.0,0.0
2023-09-28 00:00:00-04:00,31.100000381469727,31.5,31.020000457763672,31.350000381469727,90800,0.0,0.0
2023-09-29 00:00:00-04:00,31.440000534057617,31.530000686645508,30.469999313354492,30.469999313354492,60200,0.0,0.0
2023-10-02 00:00:00-04:00,30.170000076293945,31.190000534057617,29.3700008392334,30.0,96000,0.0,0.0
2023-10-03 00:00:00-04:00,29.790000915527344,30.459999084472656,29.670000076293945,30.25,64700,0.0,0.0
2023-10-04 00:00:00-04:00,30.229999542236328,30.239999771118164,29.020000457763672,29.260000228881836,51600,0.0,0.0
2023-10-05 00:00:00-04:00,29.020000457763672,29.6200008392334,29.0,29.440000534057617,38100,0.0,0.0
2023-10-06 00:00:00-04:00,29.5,30.25,29.25,30.010000228881836,35100,0.0,0.0
2023-10-09 00:00:00-04:00,30.010000228881836,30.469999313354492,29.90999984741211,30.270000457763672,23700,0.0,0.0
2023-10-10 00:00:00-04:00,30.280000686645508,30.5,29.940000534057617,30.260000228881836,54600,0.0,0.0
2023-10-11 00:00:00-04:00,30.43000030517578,30.600000381469727,29.959999084472656,30.31999969482422,35500,0.0,0.0
2023-10-12 00:00:00-04:00,30.350000381469727,30.350000381469727,29.3799991607666,29.3799991607666,39600,0.0,0.0
2023-10-13 00:00:00-04:00,29.450000762939453,30.18000030517578,29.450000762939453,29.649999618530273,57800,0.0,0.0
2023-10-16 00:00:00-04:00,29.59000015258789,30.040000915527344,29.399999618530273,29.600000381469727,36900,0.0,0.0
2023-10-17 00:00:00-04:00,29.3700008392334,29.93000030517578,29.3700008392334,29.780000686645508,38200,0.0,0.0
2023-10-18 00:00:00-04:00,29.860000610351562,30.010000228881836,28.940000534057617,28.969999313354492,62700,0.0,0.0
2023-10-19 00:00:00-04:00,28.889999389648438,28.889999389648438,28.1299991607666,28.43000030517578,74900,0.0,0.0
2023-10-20 00:00:00-04:00,28.25,29.030000686645508,28.18000030517578,28.530000686645508,103200,0.0,0.0
2023-10-23 00:00:00-04:00,28.3799991607666,29.360000610351562,28.040000915527344,28.68000030517578,108800,0.0,0.0
2023-10-24 00:00:00-04:00,28.450000762939453,28.739999771118164,28.139999389648438,28.450000762939453,75800,0.0,0.0
2023-10-25 00:00:00-04:00,28.31999969482422,29.3700008392334,28.219999313354492,28.799999237060547,68000,0.0,0.0
2023-10-26 00:00:00-04:00,28.530000686645508,29.170000076293945,28.43000030517578,28.899999618530273,68800,0.0,0.0
2023-10-27 00:00:00-04:00,28.940000534057617,28.940000534057617,28.399999618530273,28.81999969482422,55500,0.0,0.0
2023-10-30 00:00:00-04:00,28.979999542236328,29.149999618530273,28.670000076293945,28.829999923706055,53500,0.0,0.0
2023-10-31 00:00:00-04:00,28.780000686645508,29.40999984741211,28.75,29.030000686645508,55000,0.0,0.0
2023-11-01 00:00:00-04:00,29.0,29.15999984741211,28.459999084472656,28.84000015258789,67500,0.0,0.0
2023-11-02 00:00:00-04:00,28.920000076293945,29.989999771118164,28.920000076293945,29.940000534057617,65600,0.0,0.0
2023-11-03 00:00:00-04:00,30.0,31.06999969482422,30.0,30.959999084472656,89500,0.0,0.0
2023-11-06 00:00:00-05:00,30.8700008392334,31.440000534057617,30.6299991607666,30.68000030517578,50500,0.0,0.0
2023-11-07 00:00:00-05:00,30.479999542236328,30.479999542236328,29.829999923706055,30.040000915527344,46900,0.0,0.0
2023-11-08 00:00:00-05:00,29.84000015258789,30.110000610351562,28.950000762939453,29.18000030517578,84800,0.0,0.0
2023-11-09 00:00:00-05:00,29.25,30.0,29.239999771118164,29.540000915527344,81100,0.0,0.0
2023-11-10 00:00:00-05:00,29.420000076293945,29.420000076293945,28.700000762939453,29.170000076293945,39400,0.0,0.0
2023-11-13 00:00:00-05:00,29.239999771118164,29.84000015258789,29.239999771118164,29.420000076293945,45700,0.0,0.0
2023-11-14 00:00:00-05:00,29.920000076293945,30.459999084472656,29.770000457763672,30.100000381469727,39100,0.0,0.0
2023-11-15 00:00:00-05:00,29.93000030517578,30.520000457763672,29.56999969482422,29.68000030517578,53800,0.0,0.0
2023-11-16 00:00:00-05:00,29.5,30.360000610351562,29.5,30.100000381469727,72000,0.0,0.0
2023-11-17 00:00:00-05:00,30.1200008392334,30.5,30.0,30.450000762939453,62000,0.0,0.0
2023-11-20 00:00:00-05:00,30.309999465942383,30.65999984741211,30.0,30.239999771118164,60100,0.0,0.0
2023-11-21 00:00:00-05:00,30.280000686645508,31.260000228881836,30.280000686645508,30.809999465942383,72800,0.0,0.0
2023-11-22 00:00:00-05:00,30.81999969482422,31.0,30.5,30.8799991607666,36100,0.0,0.0
2023-11-24 00:00:00-05:00,31.0,31.479999542236328,31.0,31.260000228881836,20000,0.0,0.0
2023-11-27 00:00:00-05:00,31.520000457763672,31.850000381469727,31.260000228881836,31.520000457763672,60900,0.0,0.0
2023-11-28 00:00:00-05:00,31.469999313354492,32.2400016784668,31.3799991607666,31.950000762939453,51100,0.0,0.0
2023-11-29 00:00:00-05:00,32.18000030517578,32.65999984741211,32.15999984741211,32.54999923706055,61200,0.0,0.0
2023-11-30 00:00:00-05:00,32.5099983215332,32.75,32.189998626708984,32.540000915527344,57200,0.0,0.0
2023-12-01 00:00:00-05:00,32.380001068115234,33.95000076293945,32.380001068115234,33.279998779296875,162100,0.0,0.0
2023-12-04 00:00:00-05:00,32.560001373291016,33.66999816894531,32.560001373291016,33.189998626708984,114800,0.0,0.0
2023-12-05 00:00:00-05:00,33.20000076293945,33.54999923706055,32.75,33.34000015258789,55600,0.0,0.0
2023-12-06 00:00:00-05:00,33.38999938964844,34.04999923706055,33.380001068115234,33.47999954223633,74600,0.0,0.0
2023-12-07 00:00:00-05:00,33.47999954223633,33.70000076293945,33.0,33.189998626708984,78600,0.0,0.0
2023-12-08 00:00:00-05:00,32.7599983215332,33.040000915527344,31.790000915527344,32.189998626708984,110000,0.0,0.0
2023-12-11 00:00:00-05:00,32.13999938964844,32.470001220703125,31.610000610351562,32.06999969482422,54200,0.0,0.0
2023-12-12 00:00:00-05:00,31.889999389648438,32.0099983215332,31.420000076293945,31.559999465942383,67400,0.0,0.0
2023-12-13 00:00:00-05:00,31.700000762939453,33.04999923706055,31.280000686645508,32.970001220703125,90800,0.0,0.0
2023-12-14 00:00:00-05:00,33.31999969482422,34.06999969482422,32.599998474121094,32.88999938964844,79500,0.0,0.0
2023-12-15 00:00:00-05:00,32.63999938964844,33.06999969482422,32.09000015258789,32.290000915527344,67300,0.0,0.0
2023-12-18 00:00:00-05:00,32.290000915527344,32.630001068115234,32.0,32.15999984741211,52300,0.0,0.0
2023-12-19 00:00:00-05:00,32.189998626708984,33.45000076293945,32.18000030517578,33.400001525878906,78400,0.0,0.0
2023-12-20 00:00:00-05:00,33.599998474121094,33.779998779296875,32.79999923706055,32.900001525878906,44400,0.0,0.0
2023-12-21 00:00:00-05:00,33.02000045776367,33.369998931884766,32.869998931884766,33.34000015258789,40300,0.0,0.0
2023-12-22 00:00:00-05:00,33.65999984741211,34.310001373291016,33.47999954223633,33.95000076293945,109400,0.0,0.0
2023-12-26 00:00:00-05:00,33.86000061035156,34.2599983215332,33.810001373291016,34.16999816894531,32100,0.0,0.0
2023-12-27 00:00:00-05:00,34.349998474121094,35.2400016784668,33.9900016784668,34.02000045776367,84400,0.0,0.0
2023-12-28 00:00:00-05:00,34.220001220703125,34.220001220703125,33.630001068115234,34.04999923706055,64100,0.0,0.0
2023-12-29 00:00:00-05:00,33.849998474121094,34.4900016784668,33.84000015258789,33.95000076293945,56100,0.0,0.0
2024-01-02 00:00:00-05:00,33.79999923706055,33.79999923706055,32.689998626708984,32.939998626708984,71400,0.0,0.0
2024-01-03 00:00:00-05:00,32.560001373291016,32.7599983215332,32.04999923706055,32.529998779296875,44100,0.0,0.0
2024-01-04 00:00:00-05:00,32.790000915527344,32.91999816894531,32.220001220703125,32.880001068115234,33500,0.0,0.0
2024-01-05 00:00:00-05:00,32.68000030517578,33.45000076293945,32.5,32.90999984741211,43000,0.0,0.0
2024-01-08 00:00:00-05:00,32.52000045776367,33.029998779296875,32.31999969482422,32.369998931884766,46000,0.0,0.0
2024-01-09 00:00:00-05:00,32.20000076293945,32.59000015258789,31.93000030517578,32.31999969482422,53500,0.0,0.0
2024-01-10 00:00:00-05:00,32.25,32.4900016784668,32.02000045776367,32.20000076293945,29700,0.0,0.0
2024-01-11 00:00:00-05:00,32.09000015258789,32.5,31.469999313354492,31.829999923706055,65700,0.0,0.0
2024-01-12 00:00:00-05:00,32.470001220703125,34.15999984741211,31.989999771118164,33.9900016784668,133200,0.0,0.0
2024-01-16 00:00:00-05:00,34.189998626708984,36.16999816894531,34.189998626708984,35.59000015258789,230600,0.0,0.0
2024-01-17 00:00:00-05:00,35.25,35.619998931884766,34.279998779296875,34.66999816894531,111700,0.0,0.0
2024-01-18 00:00:00-05:00,34.7400016784668,35.380001068115234,34.34000015258789,35.08000183105469,71100,0.0,0.0
2024-01-19 00:00:00-05:00,35.08000183105469,35.369998931884766,34.400001525878906,35.099998474121094,50900,0.0,0.0
2024-01-22 00:00:00-05:00,34.88999938964844,35.310001373291016,34.7400016784668,35.22999954223633,77000,0.0,0.0
2024-01-23 00:00:00-05:00,35.33000183105469,35.95000076293945,34.93000030517578,35.88999938964844,61300,0.0,0.0
2024-01-24 00:00:00-05:00,35.77000045776367,36.5,35.61000061035156,35.84000015258789,89000,0.0,0.0
2024-01-25 00:00:00-05:00,35.9900016784668,36.15999984741211,35.33000183105469,36.02000045776367,42000,0.0,0.0
2024-01-26 00:00:00-05:00,36.06999969482422,36.310001373291016,35.849998474121094,36.20000076293945,58500,0.0,0.0
2024-01-29 00:00:00-05:00,35.97999954223633,36.2400016784668,35.529998779296875,36.060001373291016,52300,0.0,0.0
2024-01-30 00:00:00-05:00,36.099998474121094,36.34000015258789,35.72999954223633,36.25,104800,0.0,0.0
2024-01-31 00:00:00-05:00,36.060001373291016,36.529998779296875,35.13999938964844,35.18000030517578,74600,0.0,0.0
2024-02-01 00:00:00-05:00,35.70000076293945,37.189998626708984,35.400001525878906,37.119998931884766,147300,0.0,0.0
2024-02-02 00:00:00-05:00,36.56999969482422,37.279998779296875,36.56999969482422,37.220001220703125,121400,0.0,0.0
2024-02-05 00:00:00-05:00,37.150001525878906,37.310001373291016,36.41999816894531,36.790000915527344,102100,0.0,0.0
2024-02-06 00:00:00-05:00,36.65999984741211,37.31999969482422,36.59000015258789,37.06999969482422,92200,0.0,0.0
2024-02-07 00:00:00-05:00,36.869998931884766,37.130001068115234,36.41999816894531,37.02000045776367,68000,0.0,0.0
2024-02-08 00:00:00-05:00,36.88999938964844,37.36000061035156,36.72999954223633,36.7599983215332,81600,0.0,0.0
2024-02-09 00:00:00-05:00,36.900001525878906,37.599998474121094,36.650001525878906,37.59000015258789,93100,0.0,0.0
2024-02-12 00:00:00-05:00,37.59000015258789,38.33000183105469,37.59000015258789,37.7400016784668,119700,0.0,0.0
2024-02-13 00:00:00-05:00,36.68000030517578,36.90999984741211,36.20000076293945,36.540000915527344,133400,0.0,0.0
2024-02-14 00:00:00-05:00,36.790000915527344,37.7400016784668,36.77000045776367,37.400001525878906,122800,0.0,0.0
2024-02-15 00:00:00-05:00,37.56999969482422,38.189998626708984,37.56999969482422,38.099998474121094,64100,0.0,0.0
2024-02-16 00:00:00-05:00,37.72999954223633,38.599998474121094,37.72999954223633,38.25,120300,0.0,0.0
2024-02-20 00:00:00-05:00,38.20000076293945,38.20000076293945,37.630001068115234,37.81999969482422,81100,0.0,0.0
2024-02-21 00:00:00-05:00,37.5,37.5,36.529998779296875,37.0,94600,0.0,0.0
2024-02-22 00:00:00-05:00,36.849998474121094,37.56999969482422,36.849998474121094,37.0,63300,0.0,0.0
2024-02-23 00:00:00-05:00,37.0,37.88999938964844,36.869998931884766,37.36000061035156,114100,0.0,0.0
2024-02-26 00:00:00-05:00,37.540000915527344,37.7400016784668,37.0,37.45000076293945,131700,0.0,0.0
2024-02-27 00:00:00-05:00,37.439998626708984,37.97999954223633,37.43000030517578,37.790000915527344,76900,0.0,0.0
2024-02-28 00:00:00-05:00,37.4900016784668,37.900001525878906,36.45000076293945,36.470001220703125,89400,0.0,0.0
2024-02-29 00:00:00-05:00,36.75,37.380001068115234,36.56999969482422,36.93000030517578,59400,0.0,0.0
2024-03-01 00:00:00-05:00,37.08000183105469,37.09000015258789,36.43000030517578,36.709999084472656,134300,0.0,0.0
2024-03-04 00:00:00-05:00,36.7400016784668,37.150001525878906,36.5099983215332,36.7599983215332,122000,0.0,0.0
2024-03-05 00:00:00-05:00,36.779998779296875,36.939998626708984,36.2400016784668,36.459999084472656,96000,0.0,0.0
2024-03-06 00:00:00-05:00,36.77000045776367,37.09000015258789,36.439998626708984,36.849998474121094,72100,0.0,0.0
2024-03-07 00:00:00-05:00,37.25,37.439998626708984,36.86000061035156,37.08000183105469,75800,0.0,0.0
2024-03-08 00:00:00-05:00,37.11000061035156,37.43000030517578,36.209999084472656,36.27000045776367,81200,0.0,0.0
2024-03-11 00:00:00-04:00,36.31999969482422,36.72999954223633,36.16999816894531,36.72999954223633,71500,0.0,0.0
2024-03-12 00:00:00-04:00,36.790000915527344,36.810001373291016,36.25,36.470001220703125,44100,0.0,0.0
2024-03-13 00:00:00-04:00,36.54999923706055,36.939998626708984,36.34000015258789,36.369998931884766,94600,0.0,0.0
2024-03-14 00:00:00-04:00,36.29999923706055,36.470001220703125,35.439998626708984,35.79999923706055,67800,0.0,0.0
2024-03-15 00:00:00-04:00,35.790000915527344,36.459999084472656,35.790000915527344,36.15999984741211,96600,0.0,0.0
2024-03-18 00:00:00-04:00,36.099998474121094,36.20000076293945,35.400001525878906,35.470001220703125,50400,0.0,0.0
2024-03-19 00:00:00-04:00,35.189998626708984,35.36000061035156,34.5099983215332,34.650001525878906,81000,0.0,0.0
2024-03-20 00:00:00-04:00,34.70000076293945,35.689998626708984,34.68000030517578,35.5099983215332,90400,0.0,0.0
2024-03-21 00:00:00-04:00,35.79999923706055,36.290000915527344,35.54999923706055,36.20000076293945,53400,0.0,0.0
2024-03-22 00:00:00-04:00,35.959999084472656,36.09000015258789,35.540000915527344,35.599998474121094,46500,0.0,0.0
2024-03-25 00:00:00-04:00,35.59000015258789,36.0099983215332,35.5,35.619998931884766,44900,0.0,0.0
2024-03-26 00:00:00-04:00,35.97999954223633,36.119998931884766,35.66999816894531,35.689998626708984,40000,0.0,0.0
2024-03-27 00:00:00-04:00,35.810001373291016,36.349998474121094,35.810001373291016,36.310001373291016,54600,0.0,0.0
2024-03-28 00:00:00-04:00,36.599998474121094,37.290000915527344,36.400001525878906,36.959999084472656,82300,0.0,0.0
2024-04-01 00:00:00-04:00,37.29999923706055,37.45000076293945,36.7599983215332,37.18000030517578,81700,0.0,0.0
2024-04-02 00:00:00-04:00,37.150001525878906,37.900001525878906,36.9900016784668,37.720001220703125,58500,0.0,0.0
2024-04-03 00:00:00-04:00,37.61000061035156,39.5,37.61000061035156,39.470001220703125,150500,0.0,0.0
2024-04-04 00:00:00-04:00,39.45000076293945,40.189998626708984,38.619998931884766,38.70000076293945,98100,0.0,0.0
2024-04-05 00:00:00-04:00,38.59000015258789,40.310001373291016,38.59000015258789,39.70000076293945,150800,0.0,0.0
2024-04-08 00:00:00-04:00,40.08000183105469,40.7599983215332,39.47999954223633,40.650001525878906,126800,0.0,0.0
2024-04-09 00:00:00-04:00,41.0,41.439998626708984,40.470001220703125,41.130001068115234,152700,0.0,0.0
2024-04-10 00:00:00-04:00,40.310001373291016,41.130001068115234,40.099998474121094,41.099998474121094,86900,0.0,0.0
2024-04-11 00:00:00-04:00,41.25,42.33000183105469,40.9900016784668,42.02000045776367,292000,0.0,0.0
2024-04-12 00:00:00-04:00,42.13999938964844,42.43000030517578,39.95000076293945,40.5099983215332,199800,0.0,0.0
2024-04-15 00:00:00-04:00,40.880001068115234,41.0099983215332,39.529998779296875,40.029998779296875,94500,0.0,0.0
2024-04-16 00:00:00-04:00,39.630001068115234,39.97999954223633,39.150001525878906,39.84000015258789,53200,0.0,0.0
2024-04-17 00:00:00-04:00,39.90999984741211,40.22999954223633,39.380001068115234,39.77000045776367,58500,0.0,0.0
2024-04-18 00:00:00-04:00,39.91999816894531,40.27000045776367,39.56999969482422,39.959999084472656,82500,0.0,0.0
2024-04-19 00:00:00-04:00,39.970001220703125,40.20000076293945,39.65999984741211,40.029998779296875,77800,0.0,0.0
2024-04-22 00:00:00-04:00,39.560001373291016,40.220001220703125,39.459999084472656,39.90999984741211,71900,0.0,0.0
2024-04-23 00:00:00-04:00,39.84000015258789,40.349998474121094,39.56999969482422,39.65999984741211,46200,0.0,0.0
2024-04-24 00:00:00-04:00,39.599998474121094,39.599998474121094,38.90999984741211,39.0,57800,0.0,0.0
2024-04-25 00:00:00-04:00,38.689998626708984,40.150001525878906,38.47999954223633,40.11000061035156,97100,0.0,0.0
2024-04-26 00:00:00-04:00,40.22999954223633,40.290000915527344,39.86000061035156,40.09000015258789,38600,0.0,0.0
2024-04-29 00:00:00-04:00,40.22999954223633,40.65999984741211,40.06999969482422,40.40999984741211,67500,0.0,0.0
2024-04-30 00:00:00-04:00,39.900001525878906,40.02000045776367,39.189998626708984,39.31999969482422,78300,0.0,0.0
2024-05-01 00:00:00-04:00,39.130001068115234,41.0,39.130001068115234,40.369998931884766,112600,0.0,0.0
2024-05-02 00:00:00-04:00,40.27000045776367,40.880001068115234,40.02000045776367,40.45000076293945,58900,0.0,0.0
2024-05-03 00:00:00-04:00,40.68000030517578,41.25,40.36000061035156,40.90999984741211,100000,0.0,0.0
2024-05-06 00:00:00-04:00,41.13999938964844,41.40999984741211,40.9900016784668,41.2400016784668,113400,0.0,0.0
2024-05-07 00:00:00-04:00,41.279998779296875,41.33000183105469,40.77000045776367,40.959999084472656,43000,0.0,0.0
2024-05-08 00:00:00-04:00,40.630001068115234,41.0099983215332,39.70000076293945,40.66999816894531,154500,0.0,0.0
2024-05-09 00:00:00-04:00,41.29999923706055,42.20000076293945,41.09000015258789,42.0,202400,0.0,0.0
2024-05-10 00:00:00-04:00,42.18000030517578,42.790000915527344,42.0,42.20000076293945,233500,0.0,0.0
2024-05-13 00:00:00-04:00,42.09000015258789,42.4900016784668,41.900001525878906,42.15999984741211,156600,0.0,0.0
2024-05-14 00:00:00-04:00,42.41999816894531,43.400001525878906,42.20000076293945,42.97999954223633,230700,0.0,0.0
2024-05-15 00:00:00-04:00,43.13999938964844,44.650001525878906,42.869998931884766,44.439998626708984,303600,0.0,0.0
2024-05-16 00:00:00-04:00,44.209999084472656,45.119998931884766,44.189998626708984,44.849998474121094,182000,0.0,0.0
2024-05-17 00:00:00-04:00,45.08000183105469,47.04999923706055,44.90999984741211,46.529998779296875,537800,0.0,0.0
2024-05-20 00:00:00-04:00,46.470001220703125,47.29999923706055,45.72999954223633,47.029998779296875,226200,0.0,0.0
2024-05-21 00:00:00-04:00,47.0,47.119998931884766,46.459999084472656,46.56999969482422,267100,0.0,0.0
2024-05-22 00:00:00-04:00,46.54999923706055,46.630001068115234,45.75,45.90999984741211,188600,0.0,0.0
2024-05-23 00:00:00-04:00,45.689998626708984,46.25,45.25,45.43000030517578,171000,0.0,0.0
2024-05-24 00:00:00-04:00,45.45000076293945,46.290000915527344,45.22999954223633,45.869998931884766,140900,0.0,0.0
2024-05-28 00:00:00-04:00,46.459999084472656,46.93000030517578,46.11000061035156,46.18000030517578,167600,0.0,0.0
2024-05-29 00:00:00-04:00,45.93000030517578,45.93000030517578,44.75,44.79999923706055,224000,0.0,0.0
2024-05-30 00:00:00-04:00,44.779998779296875,45.209999084472656,44.599998474121094,44.83000183105469,117200,0.0,0.0
2024-05-31 00:00:00-04:00,44.95000076293945,45.220001220703125,43.880001068115234,44.880001068115234,128400,0.0,0.0
2024-06-03 00:00:00-04:00,44.77000045776367,45.099998474121094,43.900001525878906,44.0,62000,0.0,0.0
2024-06-04 00:00:00-04:00,43.869998931884766,43.869998931884766,42.93000030517578,43.310001373291016,140500,0.0,0.0
2024-06-05 00:00:00-04:00,43.380001068115234,43.900001525878906,42.81999969482422,43.619998931884766,150200,0.0,0.0
2024-06-06 00:00:00-04:00,43.75,44.7599983215332,43.619998931884766,44.52000045776367,91600,0.0,0.0
2024-06-07 00:00:00-04:00,43.70000076293945,43.90999984741211,42.880001068115234,43.349998474121094,147100,0.0,0.0
2024-06-10 00:00:00-04:00,43.36000061035156,43.650001525878906,42.95000076293945,43.349998474121094,149900,0.0,0.0
2024-06-11 00:00:00-04:00,42.97999954223633,43.11000061035156,42.43000030517578,42.970001220703125,185800,0.0,0.0
2024-06-12 00:00:00-04:00,43.70000076293945,43.70000076293945,42.75,42.83000183105469,109600,0.0,0.0
2024-06-13 00:00:00-04:00,42.689998626708984,42.70000076293945,40.869998931884766,41.16999816894531,130700,0.0,0.0
2024-06-14 00:00:00-04:00,40.900001525878906,41.40999984741211,40.900001525878906,41.27000045776367,119900,0.0,0.0
2024-06-17 00:00:00-04:00,41.099998474121094,41.20000076293945,40.470001220703125,40.970001220703125,120000,0.0,0.0
2024-06-18 00:00:00-04:00,41.029998779296875,41.5,40.75,41.2400016784668,140500,0.0,0.0
2024-06-20 00:00:00-04:00,41.27000045776367,42.790000915527344,41.16999816894531,42.63999938964844,150100,0.0,0.0
2024-06-21 00:00:00-04:00,42.59000015258789,42.79999923706055,42.09000015258789,42.650001525878906,88500,0.0,0.0
2024-06-24 00:00:00-04:00,42.650001525878906,42.95000076293945,41.68000030517578,41.7400016784668,151300,0.0,0.0
2024-06-25 00:00:00-04:00,42.2400016784668,42.2400016784668,40.97999954223633,41.16999816894531,83600,0.0,0.0
2024-06-26 00:00:00-04:00,41.18000030517578,41.7599983215332,40.900001525878906,41.4900016784668,81000,0.0,0.0
2024-06-27 00:00:00-04:00,41.4900016784668,42.02000045776367,41.400001525878906,41.560001373291016,51400,0.0,0.0
2024-06-28 00:00:00-04:00,41.900001525878906,41.97999954223633,41.16999816894531,41.38999938964844,115100,0.0,0.0
2024-07-01 00:00:00-04:00,41.63999938964844,41.869998931884766,40.900001525878906,40.95000076293945,43400,0.0,0.0
2024-07-02 00:00:00-04:00,40.900001525878906,41.97999954223633,40.900001525878906,41.939998626708984,66800,0.0,0.0
2024-07-03 00:00:00-04:00,42.0,43.08000183105469,41.849998474121094,42.880001068115234,36300,0.0,0.0
2024-07-05 00:00:00-04:00,42.869998931884766,43.08000183105469,42.209999084472656,42.400001525878906,86800,0.0,0.0
2024-07-08 00:00:00-04:00,42.2599983215332,42.720001220703125,42.08000183105469,42.349998474121094,75600,0.0,0.0
2024-07-09 00:00:00-04:00,42.47999954223633,42.9900016784668,42.41999816894531,42.52000045776367,62200,0.0,0.0
2024-07-10 00:00:00-04:00,42.65999984741211,44.27000045776367,42.5099983215332,44.11000061035156,135400,0.0,0.0
2024-07-11 00:00:00-04:00,44.540000915527344,45.95000076293945,44.5099983215332,45.7400016784668,173400,0.0,0.0
2024-07-12 00:00:00-04:00,45.61000061035156,46.13999938964844,44.84000015258789,44.88999938964844,93400,0.0,0.0
2024-07-15 00:00:00-04:00,44.93000030517578,45.72999954223633,44.65999984741211,45.43000030517578,62400,0.0,0.0
2024-07-16 00:00:00-04:00,45.52000045776367,46.349998474121094,45.310001373291016,46.189998626708984,121000,0.0,0.0
2024-07-17 00:00:00-04:00,46.209999084472656,46.209999084472656,45.0,45.66999816894531,139100,0.0,0.0
2024-07-18 00:00:00-04:00,45.560001373291016,45.95000076293945,45.18000030517578,45.38999938964844,96700,0.0,0.0
2024-07-19 00:00:00-04:00,44.88999938964844,45.79999923706055,44.880001068115234,45.099998474121094,146200,0.0,0.0
2024-07-22 00:00:00-04:00,45.5,45.91999816894531,45.2599983215332,45.400001525878906,77700,0.0,0.0
2024-07-23 00:00:00-04:00,45.38999938964844,46.5,45.33000183105469,46.29999923706055,185700,0.0,0.0
2024-07-24 00:00:00-04:00,46.38999938964844,46.68000030517578,45.369998931884766,45.369998931884766,71100,0.0,0.0
2024-07-25 00:00:00-04:00,45.22999954223633,45.5099983215332,44.0,44.13999938964844,148300,0.0,0.0
2024-07-26 00:00:00-04:00,44.369998931884766,45.38999938964844,44.369998931884766,44.650001525878906,68900,0.0,0.0
2024-07-29 00:00:00-04:00,44.560001373291016,44.630001068115234,43.61000061035156,43.72999954223633,79900,0.0,0.0
2024-07-30 00:00:00-04:00,43.79999923706055,44.18000030517578,43.220001220703125,43.66999816894531,191400,0.0,0.0
2024-07-31 00:00:00-04:00,44.189998626708984,45.0,44.13999938964844,44.58000183105469,71000,0.0,0.0
2024-08-01 00:00:00-04:00,44.349998474121094,44.4900016784668,42.66999816894531,42.970001220703125,150300,0.0,0.0
2024-08-02 00:00:00-04:00,42.75,42.849998474121094,41.0,41.540000915527344,225500,0.0,0.0
2024-08-05 00:00:00-04:00,40.560001373291016,40.77000045776367,38.40999984741211,40.380001068115234,294500,0.0,0.0
2024-08-06 00:00:00-04:00,40.20000076293945,41.06999969482422,39.880001068115234,40.2599983215332,137900,0.0,0.0
2024-08-07 00:00:00-04:00,40.459999084472656,40.939998626708984,38.810001373291016,39.33000183105469,234600,0.0,0.0
2024-08-08 00:00:00-04:00,39.7400016784668,40.08000183105469,38.779998779296875,39.970001220703125,285100,0.0,0.0
2024-08-09 00:00:00-04:00,40.029998779296875,40.380001068115234,39.63999938964844,40.150001525878906,64400,0.0,0.0
2024-08-12 00:00:00-04:00,40.13999938964844,40.90999984741211,40.13999938964844,40.4900016784668,136200,0.0,0.0
2024-08-13 00:00:00-04:00,40.41999816894531,40.9900016784668,40.290000915527344,40.790000915527344,66100,0.0,0.0
2024-08-14 00:00:00-04:00,40.61000061035156,41.130001068115234,40.43000030517578,40.599998474121094,43000,0.0,0.0
2024-08-15 00:00:00-04:00,41.0,41.5099983215332,40.75,41.11000061035156,139900,0.0,0.0
2024-08-16 00:00:00-04:00,41.36000061035156,42.630001068115234,41.13999938964844,42.13999938964844,122400,0.0,0.0
2024-08-19 00:00:00-04:00,41.81999969482422,42.11000061035156,41.5099983215332,41.540000915527344,106800,0.0,0.0
2024-08-20 00:00:00-04:00,41.54999923706055,41.869998931884766,41.150001525878906,41.369998931884766,136500,0.0,0.0
2024-08-21 00:00:00-04:00,41.2599983215332,41.34000015258789,40.91999816894531,41.13999938964844,82700,0.0,0.0
2024-08-22 00:00:00-04:00,41.04999923706055,41.13999938964844,40.4900016784668,40.599998474121094,51200,0.0,0.0
2024-08-23 00:00:00-04:00,40.91999816894531,43.34000015258789,40.91999816894531,42.56999969482422,166300,0.0,0.0
2024-08-26 00:00:00-04:00,42.86000061035156,42.86000061035156,42.31999969482422,42.43000030517578,94300,0.0,0.0
2024-08-27 00:00:00-04:00,42.0,42.25,41.83000183105469,41.91999816894531,57400,0.0,0.0
2024-08-28 00:00:00-04:00,41.5,41.900001525878906,41.11000061035156,41.150001525878906,139100,0.0,0.0
2024-08-29 00:00:00-04:00,41.290000915527344,41.5099983215332,40.970001220703125,41.029998779296875,113300,0.0,0.0
2024-08-30 00:00:00-04:00,40.9900016784668,41.33000183105469,40.540000915527344,40.849998474121094,51400,0.0,0.0
2024-09-03 00:00:00-04:00,40.349998474121094,40.38999938964844,39.470001220703125,39.709999084472656,80400,0.0,0.0
2024-09-04 00:00:00-04:00,39.400001525878906,39.880001068115234,39.349998474121094,39.45000076293945,61700,0.0,0.0
2024-09-05 00:00:00-04:00,39.7599983215332,39.86000061035156,39.34000015258789,39.560001373291016,52500,0.0,0.0
2024-09-06 00:00:00-04:00,39.5,39.65999984741211,38.439998626708984,38.72999954223633,101200,0.0,0.0
2024-09-09 00:00:00-04:00,38.93000030517578,39.540000915527344,38.93000030517578,39.16999816894531,63800,0.0,0.0
2024-09-10 00:00:00-04:00,39.11000061035156,39.54999923706055,38.5099983215332,39.459999084472656,90700,0.0,0.0
2024-09-11 00:00:00-04:00,39.16999816894531,40.0,38.880001068115234,39.91999816894531,100900,0.0,0.0
2024-09-12 00:00:00-04:00,40.279998779296875,41.56999969482422,40.279998779296875,40.88999938964844,152200,0.0,0.0
2024-09-13 00:00:00-04:00,41.02000045776367,42.11000061035156,41.02000045776367,41.54999923706055,102900,0.0,0.0
2024-09-16 00:00:00-04:00,41.459999084472656,41.84000015258789,41.040000915527344,41.29999923706055,66400,0.0,0.0
2024-09-17 00:00:00-04:00,41.25,41.54999923706055,41.029998779296875,41.380001068115234,76800,0.0,0.0
2024-09-18 00:00:00-04:00,41.41999816894531,41.810001373291016,40.540000915527344,40.59000015258789,68000,0.0,0.0
2024-09-19 00:00:00-04:00,41.56999969482422,42.540000915527344,41.099998474121094,42.40999984741211,118800,0.0,0.0
2024-09-20 00:00:00-04:00,42.380001068115234,43.38999938964844,42.099998474121094,42.9900016784668,131900,0.0,0.0
2024-09-23 00:00:00-04:00,43.33000183105469,43.84000015258789,42.970001220703125,43.13999938964844,77600,0.0,0.0
2024-09-24 00:00:00-04:00,43.38999938964844,44.18000030517578,43.16999816894531,43.91999816894531,130900,0.0,0.0
2024-09-25 00:00:00-04:00,43.70000076293945,43.959999084472656,43.2599983215332,43.4900016784668,125200,0.0,0.0
2024-09-26 00:00:00-04:00,43.83000183105469,44.97999954223633,43.68000030517578,44.779998779296875,147000,0.0,0.0
2024-09-27 00:00:00-04:00,44.779998779296875,44.81999969482422,44.11000061035156,44.599998474121094,135800,0.0,0.0
2024-09-30 00:00:00-04:00,44.4900016784668,44.66999816894531,42.97999954223633,43.310001373291016,82300,0.0,0.0
2024-10-01 00:00:00-04:00,43.310001373291016,44.439998626708984,43.16999816894531,44.29999923706055,113600,0.0,0.0
2024-10-02 00:00:00-04:00,44.349998474121094,45.150001525878906,44.349998474121094,44.84000015258789,123200,0.0,0.0
2024-10-03 00:00:00-04:00,44.459999084472656,45.099998474121094,44.459999084472656,44.939998626708984,96300,0.0,0.0
2024-10-04 00:00:00-04:00,45.209999084472656,45.59000015258789,44.70000076293945,44.709999084472656,48700,0.0,0.0
2024-10-07 00:00:00-04:00,44.83000183105469,44.83000183105469,43.97999954223633,44.220001220703125,94100,0.0,0.0
2024-10-08 00:00:00-04:00,43.9900016784668,44.380001068115234,43.52000045776367,43.90999984741211,71600,0.0,0.0
2024-10-09 00:00:00-04:00,43.52000045776367,43.779998779296875,43.349998474121094,43.5,36700,0.0,0.0
2024-10-10 00:00:00-04:00,43.41999816894531,44.689998626708984,43.2400016784668,44.54999923706055,63800,0.0,0.0
2024-10-11 00:00:00-04:00,44.709999084472656,45.060001373291016,44.34000015258789,44.54999923706055,88800,0.0,0.0
2024-10-14 00:00:00-04:00,44.59000015258789,45.029998779296875,44.33000183105469,44.5,25200,0.0,0.0
2024-10-15 00:00:00-04:00,44.36000061035156,44.38999938964844,43.459999084472656,43.68000030517578,63000,0.0,0.0
2024-10-16 00:00:00-04:00,44.130001068115234,45.70000076293945,43.959999084472656,45.47999954223633,118600,0.0,0.0
2024-10-17 00:00:00-04:00,45.79999923706055,45.81999969482422,44.72999954223633,45.5,163700,0.0,0.0
2024-10-18 00:00:00-04:00,45.5099983215332,47.689998626708984,45.5099983215332,47.54999923706055,143400,0.0,0.0
2024-10-21 00:00:00-04:00,47.65999984741211,48.0,46.459999084472656,46.540000915527344,152300,0.0,0.0
2024-10-22 00:00:00-04:00,46.54999923706055,47.47999954223633,46.040000915527344,47.31999969482422,196300,0.0,0.0
2024-10-23 00:00:00-04:00,46.81999969482422,47.209999084472656,45.56999969482422,45.970001220703125,68000,0.0,0.0
2024-10-24 00:00:00-04:00,46.0099983215332,46.619998931884766,45.349998474121094,46.29999923706055,109800,0.0,0.0
2024-10-25 00:00:00-04:00,46.209999084472656,46.27000045776367,45.54999923706055,45.689998626708984,91600,0.0,0.0
2024-10-28 00:00:00-04:00,45.65999984741211,46.38999938964844,45.65999984741211,46.06999969482422,47500,0.0,0.0
2024-10-29 00:00:00-04:00,46.13999938964844,46.2599983215332,45.58000183105469,45.880001068115234,145300,0.0,0.0
2024-10-30 00:00:00-04:00,45.90999984741211,46.779998779296875,45.66999816894531,46.380001068115234,119400,0.0,0.0
2024-10-31 00:00:00-04:00,46.25,46.369998931884766,44.099998474121094,44.22999954223633,190000,0.0,0.0
2024-11-01 00:00:00-04:00,44.38999938964844,44.83000183105469,44.189998626708984,44.369998931884766,54600,0.0,0.0
2024-11-04 00:00:00-05:00,44.43000030517578,44.61000061035156,43.310001373291016,43.47999954223633,82000,0.0,0.0
2024-11-05 00:00:00-05:00,43.38999938964844,45.54999923706055,43.38999938964844,45.439998626708984,135300,0.0,0.0
2024-11-06 00:00:00-05:00,45.06999969482422,45.380001068115234,42.310001373291016,43.130001068115234,297100,0.0,0.0
2024-11-07 00:00:00-05:00,43.58000183105469,44.54999923706055,43.41999816894531,43.7400016784668,196000,0.0,0.0
2024-11-08 00:00:00-05:00,43.959999084472656,43.959999084472656,42.61000061035156,43.349998474121094,107000,0.0,0.0
2024-11-11 00:00:00-05:00,43.09000015258789,43.29999923706055,42.220001220703125,43.0099983215332,201300,0.0,0.0
2024-11-12 00:00:00-05:00,42.5099983215332,42.95000076293945,42.16999816894531,42.79999923706055,102700,0.0,0.0
2024-11-13 00:00:00-05:00,42.84000015258789,42.900001525878906,41.810001373291016,42.33000183105469,106300,0.0,0.0
2024-11-14 00:00:00-05:00,41.97999954223633,42.29999923706055,41.599998474121094,41.900001525878906,115700,0.0,0.0
2024-11-15 00:00:00-05:00,41.95000076293945,42.11000061035156,41.209999084472656,41.9900016784668,104800,0.0,0.0
2024-11-18 00:00:00-05:00,42.13999938964844,43.939998626708984,42.02000045776367,42.88999938964844,190800,0.0,0.0
2024-11-19 00:00:00-05:00,42.900001525878906,43.709999084472656,42.880001068115234,43.689998626708984,126800,0.0,0.0
2024-11-20 00:00:00-05:00,43.40999984741211,44.279998779296875,43.369998931884766,44.040000915527344,156600,0.0,0.0
2024-11-21 00:00:00-05:00,43.9900016784668,44.54999923706055,43.959999084472656,44.0099983215332,57500,0.0,0.0
2024-11-22 00:00:00-05:00,44.0,44.529998779296875,43.83000183105469,44.41999816894531,93200,0.0,0.0
2024-11-25 00:00:00-05:00,43.93000030517578,44.25,42.540000915527344,43.25,118800,0.0,0.0
2024-11-26 00:00:00-05:00,42.959999084472656,43.5099983215332,42.709999084472656,43.27000045776367,99700,0.0,0.0
2024-11-27 00:00:00-05:00,43.68000030517578,44.13999938964844,43.349998474121094,43.779998779296875,94500,0.0,0.0
2024-11-29 00:00:00-05:00,44.310001373291016,44.41999816894531,43.83000183105469,44.349998474121094,74000,0.0,0.0
2024-12-02 00:00:00-05:00,43.90999984741211,44.06999969482422,43.59000015258789,43.70000076293945,93000,0.0,0.0
2024-12-03 00:00:00-05:00,43.9900016784668,44.47999954223633,43.68000030517578,44.18000030517578,63200,0.0,0.0
2024-12-04 00:00:00-05:00,44.20000076293945,44.630001068115234,43.68000030517578,43.7599983215332,63400,0.0,0.0
2024-12-05 00:00:00-05:00,43.630001068115234,44.0,43.29999923706055,43.7400016784668,58700,0.0,0.0
2024-12-06 00:00:00-05:00,43.709999084472656,43.84000015258789,42.58000183105469,42.970001220703125,67500,0.0,0.0
2024-12-09 00:00:00-05:00,43.43000030517578,45.52000045776367,42.939998626708984,44.65999984741211,199200,0.0,0.0
2024-12-10 00:00:00-05:00,44.88999938964844,46.220001220703125,44.88999938964844,45.65999984741211,114700,0.0,0.0
2024-12-11 00:00:00-05:00,45.939998626708984,46.0,45.439998626708984,45.529998779296875,71200,0.0,0.0
2024-12-12 00:00:00-05:00,45.02000045776367,45.29999923706055,44.599998474121094,44.709999084472656,76100,0.0,0.0
2024-12-13 00:00:00-05:00,44.709999084472656,44.79999923706055,43.45000076293945,43.86000061035156,67800,0.0,0.0
2024-12-16 00:00:00-05:00,43.86000061035156,44.2400016784668,43.650001525878906,43.93000030517578,70000,0.0,0.0
2024-12-17 00:00:00-05:00,43.560001373291016,43.70000076293945,42.75,43.09000015258789,70300,0.0,0.0
2024-12-18 00:00:00-05:00,42.91999816894531,43.16999816894531,41.459999084472656,41.66999816894531,184300,0.0,0.0
2024-12-19 00:00:00-05:00,42.27000045776367,42.70000076293945,41.900001525878906,42.349998474121094,92100,0.0,0.0
2024-12-20 00:00:00-05:00,42.290000915527344,43.20000076293945,42.2599983215332,42.40999984741211,57700,0.0,0.0
2024-12-23 00:00:00-05:00,42.29999923706055,42.29999923706055,41.56999969482422,42.099998474121094,36800,0.0,0.0
2024-12-24 00:00:00-05:00,41.93000030517578,42.52000045776367,41.93000030517578,42.52000045776367,23200,0.0,0.0
2024-12-26 00:00:00-05:00,42.40999984741211,42.869998931884766,42.130001068115234,42.529998779296875,44200,0.0,0.0
2024-12-27 00:00:00-05:00,42.209999084472656,42.470001220703125,41.72999954223633,41.95000076293945,30400,0.0,0.0
2024-12-30 00:00:00-05:00,41.58000183105469,41.880001068115234,40.70000076293945,41.41999816894531,103500,0.0,0.0
2024-12-31 00:00:00-05:00,41.34000015258789,42.189998626708984,41.25,42.16999816894531,186100,0.0,0.0
2025-01-02 00:00:00-05:00,42.439998626708984,43.619998931884766,42.290000915527344,43.47999954223633,83200,0.0,0.0
2025-01-03 00:00:00-05:00,43.47999954223633,43.56999969482422,42.72999954223633,42.880001068115234,28700,0.0,0.0
