Date,Open,High,Low,Close,Volume,Dividends,Stock Splits
1980-03-25 00:00:00-05:00,0.0,0.05299391224980354,0.05299391224980354,0.05299391224980354,18000,0.0,0.0
1980-03-26 00:00:00-05:00,0.05299391224980354,0.05299391224980354,0.05299391224980354,0.05299391224980354,0,0.0,0.0
1980-03-27 00:00:00-05:00,0.05299391224980354,0.05299391224980354,0.05299391224980354,0.05299391224980354,0,0.0,0.0
1980-03-28 00:00:00-05:00,0.0,0.05090203881263733,0.05090203881263733,0.05090203881263733,3600,0.0,0.0
1980-03-31 00:00:00-05:00,0.05090203881263733,0.05090203881263733,0.05090203881263733,0.05090203881263733,0,0.0,0.0
1980-04-01 00:00:00-05:00,0.0,0.0512506328523159,0.0512506328523159,0.0512506328523159,10800,0.0,0.0
1980-04-02 00:00:00-05:00,0.0512506328523159,0.0512506328523159,0.0512506328523159,0.0512506328523159,0,0.0,0.0
1980-04-03 00:00:00-05:00,0.0512506328523159,0.0512506328523159,0.0512506328523159,0.0512506328523159,0,0.0,0.0
1980-04-07 00:00:00-05:00,0.0512506328523159,0.0512506328523159,0.0512506328523159,0.0512506328523159,0,0.0,0.0
1980-04-08 00:00:00-05:00,0.0512506328523159,0.0512506328523159,0.0512506328523159,0.0512506328523159,0,0.0,0.0
1980-04-09 00:00:00-05:00,0.0512506328523159,0.0512506328523159,0.0512506328523159,0.0512506328523159,0,0.0,0.0
1980-04-10 00:00:00-05:00,0.0512506328523159,0.0512506328523159,0.0512506328523159,0.0512506328523159,0,0.0,0.0
1980-04-11 00:00:00-05:00,0.0512506328523159,0.0512506328523159,0.0512506328523159,0.0512506328523159,0,0.0,0.0
1980-04-14 00:00:00-05:00,0.0,0.0512506328523159,0.0512506328523159,0.0512506328523159,3600,0.0,0.0
1980-04-15 00:00:00-05:00,0.0512506328523159,0.0512506328523159,0.0512506328523159,0.0512506328523159,0,0.0,0.0
1980-04-16 00:00:00-05:00,0.0,0.05055335909128189,0.05055335909128189,0.05055335909128189,3600,0.0,0.0
1980-04-17 00:00:00-05:00,0.0,0.051076341420412064,0.051076341420412064,0.051076341420412064,7200,0.0,0.0
1980-04-18 00:00:00-05:00,0.051076341420412064,0.051076341420412064,0.051076341420412064,0.051076341420412064,0,0.0,0.0
1980-04-21 00:00:00-05:00,0.051076341420412064,0.051076341420412064,0.051076341420412064,0.051076341420412064,0,0.0,0.0
1980-04-22 00:00:00-05:00,0.051076341420412064,0.051076341420412064,0.051076341420412064,0.051076341420412064,0,0.0,0.0
1980-04-23 00:00:00-05:00,0.051076341420412064,0.051076341420412064,0.051076341420412064,0.051076341420412064,0,0.0,0.0
1980-04-24 00:00:00-05:00,0.051076341420412064,0.051076341420412064,0.051076341420412064,0.051076341420412064,0,0.0,0.0
1980-04-25 00:00:00-05:00,0.051076341420412064,0.051076341420412064,0.051076341420412064,0.051076341420412064,0,0.0,0.0
1980-04-28 00:00:00-04:00,0.051076341420412064,0.051076341420412064,0.051076341420412064,0.051076341420412064,0,0.0,0.0
1980-04-29 00:00:00-04:00,0.051076341420412064,0.051076341420412064,0.051076341420412064,0.051076341420412064,0,0.0,0.0
1980-04-30 00:00:00-04:00,0.051076341420412064,0.051076341420412064,0.051076341420412064,0.051076341420412064,0,0.0,0.0
1980-05-01 00:00:00-04:00,0.051076341420412064,0.051076341420412064,0.051076341420412064,0.051076341420412064,0,0.0,0.0
1980-05-02 00:00:00-04:00,0.051076341420412064,0.051076341420412064,0.051076341420412064,0.051076341420412064,0,0.0,0.0
1980-05-05 00:00:00-04:00,0.051076341420412064,0.051076341420412064,0.051076341420412064,0.051076341420412064,0,0.0,0.0
1980-05-06 00:00:00-04:00,0.051076341420412064,0.051076341420412064,0.051076341420412064,0.051076341420412064,0,0.0,0.0
1980-05-07 00:00:00-04:00,0.051076341420412064,0.051076341420412064,0.051076341420412064,0.051076341420412064,0,0.0,0.0
1980-05-08 00:00:00-04:00,0.051076341420412064,0.051076341420412064,0.051076341420412064,0.051076341420412064,0,0.0,0.0
1980-05-09 00:00:00-04:00,0.051076341420412064,0.051076341420412064,0.051076341420412064,0.051076341420412064,0,0.0,0.0
1980-05-12 00:00:00-04:00,0.051076341420412064,0.051076341420412064,0.051076341420412064,0.051076341420412064,0,0.0,0.0
1980-05-13 00:00:00-04:00,0.051076341420412064,0.051076341420412064,0.051076341420412064,0.051076341420412064,0,0.0,0.0
1980-05-14 00:00:00-04:00,0.051076341420412064,0.051076341420412064,0.051076341420412064,0.051076341420412064,0,0.0,0.0
1980-05-15 00:00:00-04:00,0.051076341420412064,0.051076341420412064,0.051076341420412064,0.051076341420412064,0,0.0,0.0
1980-05-16 00:00:00-04:00,0.051076341420412064,0.051076341420412064,0.051076341420412064,0.051076341420412064,0,0.0,0.0
1980-05-19 00:00:00-04:00,0.0,0.04706693813204765,0.04706693813204765,0.04706693813204765,3600,0.0,0.0
1980-05-20 00:00:00-04:00,0.04706693813204765,0.04706693813204765,0.04706693813204765,0.04706693813204765,0,0.0,0.0
1980-05-21 00:00:00-04:00,0.04706693813204765,0.04706693813204765,0.04706693813204765,0.04706693813204765,0,0.0,0.0
1980-05-22 00:00:00-04:00,0.04706693813204765,0.04706693813204765,0.04706693813204765,0.04706693813204765,0,0.0,0.0
1980-05-23 00:00:00-04:00,0.04706693813204765,0.04706693813204765,0.04706693813204765,0.04706693813204765,0,0.0,0.0
1980-05-27 00:00:00-04:00,0.04706693813204765,0.04706693813204765,0.04706693813204765,0.04706693813204765,0,0.0,0.0
1980-05-28 00:00:00-04:00,0.04706693813204765,0.04706693813204765,0.04706693813204765,0.04706693813204765,0,0.0,0.0
1980-05-29 00:00:00-04:00,0.04706693813204765,0.04706693813204765,0.04706693813204765,0.04706693813204765,0,0.0,0.0
1980-05-30 00:00:00-04:00,0.04706693813204765,0.04706693813204765,0.04706693813204765,0.04706693813204765,0,0.0,0.0
1980-06-02 00:00:00-04:00,0.0,0.05299391224980354,0.05299391224980354,0.05299391224980354,7200,0.0,0.0
1980-06-03 00:00:00-04:00,0.05299391224980354,0.05299391224980354,0.05299391224980354,0.05299391224980354,0,0.0,0.0
1980-06-04 00:00:00-04:00,0.05299391224980354,0.05299391224980354,0.05299391224980354,0.05299391224980354,0,0.0,0.0
1980-06-05 00:00:00-04:00,0.05299391224980354,0.05299391224980354,0.05299391224980354,0.05299391224980354,0,0.0,0.0
1980-06-06 00:00:00-04:00,0.05299391224980354,0.05299391224980354,0.05299391224980354,0.05299391224980354,0,0.0,0.0
1980-06-09 00:00:00-04:00,0.05299391224980354,0.05299391224980354,0.05299391224980354,0.05299391224980354,0,0.0,0.0
1980-06-10 00:00:00-04:00,0.05299391224980354,0.05299391224980354,0.05299391224980354,0.05299391224980354,0,0.0,0.0
1980-06-11 00:00:00-04:00,0.05299391224980354,0.05299391224980354,0.05299391224980354,0.05299391224980354,0,0.0,0.0
1980-06-12 00:00:00-04:00,0.05299391224980354,0.05299391224980354,0.05299391224980354,0.05299391224980354,0,0.0,0.0
1980-06-13 00:00:00-04:00,0.05299391224980354,0.05299391224980354,0.05299391224980354,0.05299391224980354,0,0.0,0.0
1980-06-16 00:00:00-04:00,0.05299391224980354,0.05299391224980354,0.05299391224980354,0.05299391224980354,0,0.0,0.0
1980-06-17 00:00:00-04:00,0.05299391224980354,0.05299391224980354,0.05299391224980354,0.05299391224980354,0,0.0,0.0
1980-06-18 00:00:00-04:00,0.05299391224980354,0.05299391224980354,0.05299391224980354,0.05299391224980354,0,0.0,0.0
1980-06-19 00:00:00-04:00,0.05299391224980354,0.05299391224980354,0.05299391224980354,0.05299391224980354,0,0.0,0.0
1980-06-20 00:00:00-04:00,0.05299391224980354,0.05299391224980354,0.05299391224980354,0.05299391224980354,0,0.0,0.0
1980-06-23 00:00:00-04:00,0.05299391224980354,0.05299391224980354,0.05299391224980354,0.05299391224980354,0,0.0,0.0
1980-06-24 00:00:00-04:00,0.05299391224980354,0.05299391224980354,0.05299391224980354,0.05299391224980354,0,0.0,0.0
1980-06-25 00:00:00-04:00,0.05299391224980354,0.05299391224980354,0.05299391224980354,0.05299391224980354,0,0.0,0.0
1980-06-26 00:00:00-04:00,0.05299391224980354,0.05299391224980354,0.05299391224980354,0.05299391224980354,0,0.0,0.0
1980-06-27 00:00:00-04:00,0.05299391224980354,0.05299391224980354,0.05299391224980354,0.05299391224980354,0,0.0,0.0
1980-06-30 00:00:00-04:00,0.05299391224980354,0.05299391224980354,0.05299391224980354,0.05299391224980354,0,0.0,0.0
1980-07-01 00:00:00-04:00,0.05299391224980354,0.05299391224980354,0.05299391224980354,0.05299391224980354,0,0.0,0.0
1980-07-02 00:00:00-04:00,0.05299391224980354,0.05299391224980354,0.05299391224980354,0.05299391224980354,0,0.0,0.0
1980-07-03 00:00:00-04:00,0.05299391224980354,0.05299391224980354,0.05299391224980354,0.05299391224980354,0,0.0,0.0
1980-07-07 00:00:00-04:00,0.05299391224980354,0.05299391224980354,0.05299391224980354,0.05299391224980354,0,0.0,0.0
1980-07-08 00:00:00-04:00,0.0,0.0697287991642952,0.06415050480694447,0.0697287991642952,25200,0.0,0.0
1980-07-09 00:00:00-04:00,0.0697287991642952,0.0697287991642952,0.0697287991642952,0.0697287991642952,0,0.0,0.0
1980-07-10 00:00:00-04:00,0.0697287991642952,0.0697287991642952,0.0697287991642952,0.0697287991642952,0,0.0,0.0
1980-07-11 00:00:00-04:00,0.0,0.06693964451551437,0.06693964451551437,0.06693964451551437,3600,0.0,0.0
1980-07-14 00:00:00-04:00,0.06693964451551437,0.06693964451551437,0.06693964451551437,0.06693964451551437,0,0.0,0.0
1980-07-15 00:00:00-04:00,0.06693964451551437,0.06693964451551437,0.06693964451551437,0.06693964451551437,0,0.0,0.0
1980-07-16 00:00:00-04:00,0.06693964451551437,0.06693964451551437,0.06693964451551437,0.06693964451551437,0,0.0,0.0
1980-07-17 00:00:00-04:00,0.06693964451551437,0.06693964451551437,0.06693964451551437,0.06693964451551437,0,0.0,0.0
1980-07-18 00:00:00-04:00,0.06693964451551437,0.06693964451551437,0.06693964451551437,0.06693964451551437,0,0.0,0.0
1980-07-21 00:00:00-04:00,0.0,0.06554508209228516,0.06554508209228516,0.06554508209228516,3600,0.0,0.0
1980-07-22 00:00:00-04:00,0.06554508209228516,0.06554508209228516,0.06554508209228516,0.06554508209228516,0,0.0,0.0
1980-07-23 00:00:00-04:00,0.06554508209228516,0.06554508209228516,0.06554508209228516,0.06554508209228516,0,0.0,0.0
1980-07-24 00:00:00-04:00,0.06554508209228516,0.06554508209228516,0.06554508209228516,0.06554508209228516,0,0.0,0.0
1980-07-25 00:00:00-04:00,0.06554508209228516,0.06554508209228516,0.06554508209228516,0.06554508209228516,0,0.0,0.0
1980-07-28 00:00:00-04:00,0.06554508209228516,0.06554508209228516,0.06554508209228516,0.06554508209228516,0,0.0,0.0
1980-07-29 00:00:00-04:00,0.06554508209228516,0.06554508209228516,0.06554508209228516,0.06554508209228516,0,0.0,0.0
1980-07-30 00:00:00-04:00,0.06554508209228516,0.06554508209228516,0.06554508209228516,0.06554508209228516,0,0.0,0.0
1980-07-31 00:00:00-04:00,0.06554508209228516,0.06554508209228516,0.06554508209228516,0.06554508209228516,0,0.0,0.0
1980-08-01 00:00:00-04:00,0.06554508209228516,0.06554508209228516,0.06554508209228516,0.06554508209228516,0,0.0,0.0
1980-08-04 00:00:00-04:00,0.06554508209228516,0.06554508209228516,0.06554508209228516,0.06554508209228516,0,0.0,0.0
1980-08-05 00:00:00-04:00,0.06554508209228516,0.06554508209228516,0.06554508209228516,0.06554508209228516,0,0.0,0.0
1980-08-06 00:00:00-04:00,0.06554508209228516,0.06554508209228516,0.06554508209228516,0.06554508209228516,0,0.0,0.0
1980-08-07 00:00:00-04:00,0.06554508209228516,0.06554508209228516,0.06554508209228516,0.06554508209228516,0,0.0,0.0
1980-08-08 00:00:00-04:00,0.06554508209228516,0.06554508209228516,0.06554508209228516,0.06554508209228516,0,0.0,0.0
1980-08-11 00:00:00-04:00,0.06554508209228516,0.06554508209228516,0.06554508209228516,0.06554508209228516,0,0.0,0.0
1980-08-12 00:00:00-04:00,0.06554508209228516,0.06554508209228516,0.06554508209228516,0.06554508209228516,0,0.0,0.0
1980-08-13 00:00:00-04:00,0.06554508209228516,0.06554508209228516,0.06554508209228516,0.06554508209228516,0,0.0,0.0
1980-08-14 00:00:00-04:00,0.06554508209228516,0.06554508209228516,0.06554508209228516,0.06554508209228516,0,0.0,0.0
1980-08-15 00:00:00-04:00,0.06554508209228516,0.06554508209228516,0.06554508209228516,0.06554508209228516,0,0.0,0.0
1980-08-18 00:00:00-04:00,0.06554508209228516,0.06554508209228516,0.06554508209228516,0.06554508209228516,0,0.0,0.0
1980-08-19 00:00:00-04:00,0.0,0.06554508717715413,0.06449911743402481,0.06449911743402481,14400,0.0,0.0
1980-08-20 00:00:00-04:00,0.0,0.06449911743402481,0.06449911743402481,0.06449911743402481,3600,0.0,0.0
1980-08-21 00:00:00-04:00,0.06449911743402481,0.06449911743402481,0.06449911743402481,0.06449911743402481,0,0.0,0.0
1980-08-22 00:00:00-04:00,0.06449911743402481,0.06449911743402481,0.06449911743402481,0.06449911743402481,0,0.0,0.0
1980-08-25 00:00:00-04:00,0.06449911743402481,0.06449911743402481,0.06449911743402481,0.06449911743402481,0,0.0,0.0
1980-08-26 00:00:00-04:00,0.06449911743402481,0.06449911743402481,0.06449911743402481,0.06449911743402481,0,0.0,0.0
1980-08-27 00:00:00-04:00,0.06449911743402481,0.06449911743402481,0.06449911743402481,0.06449911743402481,0,0.0,0.0
1980-08-28 00:00:00-04:00,0.06449911743402481,0.06449911743402481,0.06449911743402481,0.06449911743402481,0,0.0,0.0
1980-08-29 00:00:00-04:00,0.06449911743402481,0.06449911743402481,0.06449911743402481,0.06449911743402481,0,0.0,0.0
1980-09-02 00:00:00-04:00,0.06449911743402481,0.06449911743402481,0.06449911743402481,0.06449911743402481,0,0.0,0.0
1980-09-03 00:00:00-04:00,0.06449911743402481,0.06449911743402481,0.06449911743402481,0.06449911743402481,0,0.0,0.0
1980-09-04 00:00:00-04:00,0.06449911743402481,0.06449911743402481,0.06449911743402481,0.06449911743402481,0,0.0,0.0
1980-09-05 00:00:00-04:00,0.06449911743402481,0.06449911743402481,0.06449911743402481,0.06449911743402481,0,0.0,0.0
1980-09-08 00:00:00-04:00,0.06449911743402481,0.06449911743402481,0.06449911743402481,0.06449911743402481,0,0.0,0.0
1980-09-09 00:00:00-04:00,0.06449911743402481,0.06449911743402481,0.06449911743402481,0.06449911743402481,0,0.0,0.0
1980-09-10 00:00:00-04:00,0.06449911743402481,0.06449911743402481,0.06449911743402481,0.06449911743402481,0,0.0,0.0
1980-09-11 00:00:00-04:00,0.06449911743402481,0.06449911743402481,0.06449911743402481,0.06449911743402481,0,0.0,0.0
1980-09-12 00:00:00-04:00,0.06449911743402481,0.06449911743402481,0.06449911743402481,0.06449911743402481,0,0.0,0.0
1980-09-15 00:00:00-04:00,0.06449911743402481,0.06449911743402481,0.06449911743402481,0.06449911743402481,0,0.0,0.0
1980-09-16 00:00:00-04:00,0.06449911743402481,0.06449911743402481,0.06449911743402481,0.06449911743402481,0,0.0,0.0
1980-09-17 00:00:00-04:00,0.06449911743402481,0.06449911743402481,0.06449911743402481,0.06449911743402481,0,0.0,0.0
1980-09-18 00:00:00-04:00,0.06449911743402481,0.06449911743402481,0.06449911743402481,0.06449911743402481,0,0.0,0.0
1980-09-19 00:00:00-04:00,0.06449911743402481,0.06449911743402481,0.06449911743402481,0.06449911743402481,0,0.0,0.0
1980-09-22 00:00:00-04:00,0.06449911743402481,0.06449911743402481,0.06449911743402481,0.06449911743402481,0,0.0,0.0
1980-09-23 00:00:00-04:00,0.06449911743402481,0.06449911743402481,0.06449911743402481,0.06449911743402481,0,0.0,0.0
1980-09-24 00:00:00-04:00,0.06449911743402481,0.06449911743402481,0.06449911743402481,0.06449911743402481,0,0.0,0.0
1980-09-25 00:00:00-04:00,0.06449911743402481,0.06449911743402481,0.06449911743402481,0.06449911743402481,0,0.0,0.0
1980-09-26 00:00:00-04:00,0.06449911743402481,0.06449911743402481,0.06449911743402481,0.06449911743402481,0,0.0,0.0
1980-09-29 00:00:00-04:00,0.06449911743402481,0.06449911743402481,0.06449911743402481,0.06449911743402481,0,0.0,0.0
1980-09-30 00:00:00-04:00,0.06449911743402481,0.06449911743402481,0.06449911743402481,0.06449911743402481,0,0.0,0.0
1980-10-01 00:00:00-04:00,0.0,0.06345319002866745,0.06345319002866745,0.06345319002866745,3600,0.0,0.0
1980-10-02 00:00:00-04:00,0.06345319002866745,0.06345319002866745,0.06345319002866745,0.06345319002866745,0,0.0,0.0
1980-10-03 00:00:00-04:00,0.06345319002866745,0.06345319002866745,0.06345319002866745,0.06345319002866745,0,0.0,0.0
1980-10-06 00:00:00-04:00,0.06345319002866745,0.06345319002866745,0.06345319002866745,0.06345319002866745,0,0.0,0.0
1980-10-07 00:00:00-04:00,0.0,0.0625816062092781,0.0625816062092781,0.0625816062092781,14400,0.0,0.0
1980-10-08 00:00:00-04:00,0.0625816062092781,0.0625816062092781,0.0625816062092781,0.0625816062092781,0,0.0,0.0
1980-10-09 00:00:00-04:00,0.0625816062092781,0.0625816062092781,0.0625816062092781,0.0625816062092781,0,0.0,0.0
1980-10-10 00:00:00-04:00,0.0625816062092781,0.0625816062092781,0.0625816062092781,0.0625816062092781,0,0.0,0.0
1980-10-13 00:00:00-04:00,0.0625816062092781,0.0625816062092781,0.0625816062092781,0.0625816062092781,0,0.0,0.0
1980-10-14 00:00:00-04:00,0.0625816062092781,0.0625816062092781,0.0625816062092781,0.0625816062092781,0,0.0,0.0
1980-10-15 00:00:00-04:00,0.0,0.05996673926711082,0.05996673926711082,0.059966739267110825,3600,0.0,0.0
1980-10-16 00:00:00-04:00,0.05996673926711082,0.05996673926711082,0.05996673926711082,0.059966739267110825,0,0.0,0.0
1980-10-17 00:00:00-04:00,0.05996673926711082,0.05996673926711082,0.05996673926711082,0.059966739267110825,0,0.0,0.0
1980-10-20 00:00:00-04:00,0.05996673926711082,0.05996673926711082,0.05996673926711082,0.059966739267110825,0,0.0,0.0
1980-10-21 00:00:00-04:00,0.05996673926711082,0.05996673926711082,0.05996673926711082,0.059966739267110825,0,0.0,0.0
1980-10-22 00:00:00-04:00,0.0,0.0631045326590538,0.0631045326590538,0.0631045326590538,43200,0.0,0.0
1980-10-23 00:00:00-04:00,0.0631045326590538,0.0631045326590538,0.0631045326590538,0.0631045326590538,0,0.0,0.0
1980-10-24 00:00:00-04:00,0.0631045326590538,0.0631045326590538,0.0631045326590538,0.0631045326590538,0,0.0,0.0
1980-10-27 00:00:00-05:00,0.0631045326590538,0.0631045326590538,0.0631045326590538,0.0631045326590538,0,0.0,0.0
1980-10-28 00:00:00-05:00,0.0631045326590538,0.0631045326590538,0.0631045326590538,0.0631045326590538,0,0.0,0.0
1980-10-29 00:00:00-05:00,0.0631045326590538,0.0631045326590538,0.0631045326590538,0.0631045326590538,0,0.0,0.0
1980-10-30 00:00:00-05:00,0.0631045326590538,0.0631045326590538,0.0631045326590538,0.0631045326590538,0,0.0,0.0
1980-10-31 00:00:00-05:00,0.0631045326590538,0.0631045326590538,0.0631045326590538,0.0631045326590538,0,0.0,0.0
1980-11-03 00:00:00-05:00,0.0,0.05996673926711082,0.05996673926711082,0.059966739267110825,18000,0.0,0.0
1980-11-05 00:00:00-05:00,0.05996673926711082,0.05996673926711082,0.05996673926711082,0.059966739267110825,0,0.0,0.0
1980-11-06 00:00:00-05:00,0.05996673926711082,0.05996673926711082,0.05996673926711082,0.059966739267110825,0,0.0,0.0
1980-11-07 00:00:00-05:00,0.05996673926711082,0.05996673926711082,0.05996673926711082,0.059966739267110825,0,0.0,0.0
1980-11-10 00:00:00-05:00,0.0,0.06205859035253525,0.06205859035253525,0.06205859035253525,14400,0.0,0.0
1980-11-11 00:00:00-05:00,0.06205859035253525,0.06205859035253525,0.06205859035253525,0.06205859035253525,0,0.0,0.0
1980-11-12 00:00:00-05:00,0.06205859035253525,0.06205859035253525,0.06205859035253525,0.06205859035253525,0,0.0,0.0
1980-11-13 00:00:00-05:00,0.06205859035253525,0.06205859035253525,0.06205859035253525,0.06205859035253525,0,0.0,0.0
1980-11-14 00:00:00-05:00,0.06205859035253525,0.06205859035253525,0.06205859035253525,0.06205859035253525,0,0.0,0.0
1980-11-17 00:00:00-05:00,0.06205859035253525,0.06205859035253525,0.06205859035253525,0.06205859035253525,0,0.0,0.0
1980-11-18 00:00:00-05:00,0.06205859035253525,0.06205859035253525,0.06205859035253525,0.06205859035253525,0,0.0,0.0
1980-11-19 00:00:00-05:00,0.06205859035253525,0.06205859035253525,0.06205859035253525,0.06205859035253525,0,0.0,0.0
1980-11-20 00:00:00-05:00,0.06205859035253525,0.06205859035253525,0.06205859035253525,0.06205859035253525,0,0.0,0.0
1980-11-21 00:00:00-05:00,0.06205859035253525,0.06205859035253525,0.06205859035253525,0.06205859035253525,0,0.0,0.0
1980-11-24 00:00:00-05:00,0.06205859035253525,0.06205859035253525,0.06205859035253525,0.06205859035253525,0,0.0,0.0
1980-11-25 00:00:00-05:00,0.06205859035253525,0.06205859035253525,0.06205859035253525,0.06205859035253525,0,0.0,0.0
1980-11-26 00:00:00-05:00,0.06205859035253525,0.06205859035253525,0.06205859035253525,0.06205859035253525,0,0.0,0.0
1980-11-28 00:00:00-05:00,0.06205859035253525,0.06205859035253525,0.06205859035253525,0.06205859035253525,0,0.0,0.0
1980-12-01 00:00:00-05:00,0.0,0.06205859035253525,0.06205859035253525,0.06205859035253525,7200,0.0,0.0
1980-12-02 00:00:00-05:00,0.0,0.06205859035253525,0.06205859035253525,0.06205859035253525,18000,0.0,0.0
1980-12-03 00:00:00-05:00,0.06205859035253525,0.06205859035253525,0.06205859035253525,0.06205859035253525,0,0.0,0.0
1980-12-04 00:00:00-05:00,0.06205859035253525,0.06205859035253525,0.06205859035253525,0.06205859035253525,0,0.0,0.0
1980-12-05 00:00:00-05:00,0.06205859035253525,0.06205859035253525,0.06205859035253525,0.06205859035253525,0,0.0,0.0
1980-12-08 00:00:00-05:00,0.0,0.05996673926711082,0.05996673926711082,0.059966739267110825,10800,0.0,0.0
1980-12-09 00:00:00-05:00,0.05996673926711082,0.05996673926711082,0.05996673926711082,0.059966739267110825,0,0.0,0.0
1980-12-10 00:00:00-05:00,0.0,0.05996675658795724,0.059618137776851654,0.059618137776851654,21600,0.0,0.0
1980-12-11 00:00:00-05:00,0.059618137776851654,0.059618137776851654,0.059618137776851654,0.059618137776851654,0,0.0,0.0
1980-12-12 00:00:00-05:00,0.0,0.058572210371494286,0.058572210371494286,0.05857221037149429,18000,0.0,0.0
1980-12-15 00:00:00-05:00,0.058572210371494286,0.058572210371494286,0.058572210371494286,0.05857221037149429,0,0.0,0.0
1980-12-16 00:00:00-05:00,0.0,0.06066404655575752,0.06066404655575752,0.06066404655575752,3600,0.0,0.0
1980-12-17 00:00:00-05:00,0.06066404655575752,0.06066404655575752,0.06066404655575752,0.06066404655575752,0,0.0,0.0
1980-12-18 00:00:00-05:00,0.06066404655575752,0.06066404655575752,0.06066404655575752,0.06066404655575752,0,0.0,0.0
1980-12-19 00:00:00-05:00,0.06066404655575752,0.06066404655575752,0.06066404655575752,0.06066404655575752,0,0.0,0.0
1980-12-22 00:00:00-05:00,0.06066404655575752,0.06066404655575752,0.06066404655575752,0.06066404655575752,0,0.0,0.0
1980-12-23 00:00:00-05:00,0.06066404655575752,0.06066404655575752,0.06066404655575752,0.06066404655575752,0,0.0,0.0
1980-12-24 00:00:00-05:00,0.06066404655575752,0.06066404655575752,0.06066404655575752,0.06066404655575752,0,0.0,0.0
1980-12-26 00:00:00-05:00,0.06066404655575752,0.06066404655575752,0.06066404655575752,0.06066404655575752,0,0.0,0.0
1980-12-29 00:00:00-05:00,0.0,0.058572210371494286,0.058572210371494286,0.05857221037149429,3600,0.0,0.0
1980-12-30 00:00:00-05:00,0.058572210371494286,0.058572210371494286,0.058572210371494286,0.05857221037149429,0,0.0,0.0
1980-12-31 00:00:00-05:00,0.058572210371494286,0.058572210371494286,0.058572210371494286,0.05857221037149429,0,0.0,0.0
1981-01-02 00:00:00-05:00,0.058572210371494286,0.058572210371494286,0.058572210371494286,0.05857221037149429,0,0.0,0.0
1981-01-05 00:00:00-05:00,0.058572210371494286,0.058572210371494286,0.058572210371494286,0.05857221037149429,0,0.0,0.0
1981-01-06 00:00:00-05:00,0.058572210371494286,0.058572210371494286,0.058572210371494286,0.05857221037149429,0,0.0,0.0
1981-01-07 00:00:00-05:00,0.058572210371494286,0.058572210371494286,0.058572210371494286,0.05857221037149429,0,0.0,0.0
1981-01-08 00:00:00-05:00,0.058572210371494286,0.058572210371494286,0.058572210371494286,0.05857221037149429,0,0.0,0.0
1981-01-09 00:00:00-05:00,0.058572210371494286,0.058572210371494286,0.058572210371494286,0.05857221037149429,0,0.0,0.0
1981-01-12 00:00:00-05:00,0.058572210371494286,0.058572210371494286,0.058572210371494286,0.05857221037149429,0,0.0,0.0
1981-01-13 00:00:00-05:00,0.058572210371494286,0.058572210371494286,0.058572210371494286,0.05857221037149429,0,0.0,0.0
1981-01-14 00:00:00-05:00,0.058572210371494286,0.058572210371494286,0.058572210371494286,0.05857221037149429,0,0.0,0.0
1981-01-15 00:00:00-05:00,0.058572210371494286,0.058572210371494286,0.058572210371494286,0.05857221037149429,0,0.0,0.0
1981-01-16 00:00:00-05:00,0.058572210371494286,0.058572210371494286,0.058572210371494286,0.05857221037149429,0,0.0,0.0
1981-01-19 00:00:00-05:00,0.058572210371494286,0.058572210371494286,0.058572210371494286,0.05857221037149429,0,0.0,0.0
1981-01-20 00:00:00-05:00,0.058572210371494286,0.058572210371494286,0.058572210371494286,0.05857221037149429,0,0.0,0.0
1981-01-21 00:00:00-05:00,0.058572210371494286,0.058572210371494286,0.058572210371494286,0.05857221037149429,0,0.0,0.0
1981-01-22 00:00:00-05:00,0.058572210371494286,0.058572210371494286,0.058572210371494286,0.05857221037149429,0,0.0,0.0
1981-01-23 00:00:00-05:00,0.058572210371494286,0.058572210371494286,0.058572210371494286,0.05857221037149429,0,0.0,0.0
1981-01-26 00:00:00-05:00,0.058572210371494286,0.058572210371494286,0.058572210371494286,0.05857221037149429,0,0.0,0.0
1981-01-27 00:00:00-05:00,0.058572210371494286,0.058572210371494286,0.058572210371494286,0.05857221037149429,0,0.0,0.0
1981-01-28 00:00:00-05:00,0.058572210371494286,0.058572210371494286,0.058572210371494286,0.05857221037149429,0,0.0,0.0
1981-01-29 00:00:00-05:00,0.058572210371494286,0.058572210371494286,0.058572210371494286,0.05857221037149429,0,0.0,0.0
1981-01-30 00:00:00-05:00,0.0,0.05717761069536209,0.05717761069536209,0.05717761069536209,3600,0.0,0.0
1981-02-02 00:00:00-05:00,0.05717761069536209,0.05717761069536209,0.05717761069536209,0.05717761069536209,0,0.0,0.0
1981-02-03 00:00:00-05:00,0.05717761069536209,0.05717761069536209,0.05717761069536209,0.05717761069536209,0,0.0,0.0
1981-02-04 00:00:00-05:00,0.0,0.05804923176765442,0.05804923176765442,0.05804923176765442,3600,0.0,0.0
1981-02-05 00:00:00-05:00,0.05804923176765442,0.05804923176765442,0.05804923176765442,0.05804923176765442,0,0.0,0.0
1981-02-06 00:00:00-05:00,0.05804923176765442,0.05804923176765442,0.05804923176765442,0.05804923176765442,0,0.0,0.0
1981-02-09 00:00:00-05:00,0.0,0.058572210371494286,0.058572210371494286,0.05857221037149429,14400,0.0,0.0
1981-02-10 00:00:00-05:00,0.058572210371494286,0.058572210371494286,0.058572210371494286,0.05857221037149429,0,0.0,0.0
1981-02-11 00:00:00-05:00,0.058572210371494286,0.058572210371494286,0.058572210371494286,0.05857221037149429,0,0.0,0.0
1981-02-12 00:00:00-05:00,0.058572210371494286,0.058572210371494286,0.058572210371494286,0.05857221037149429,0,0.0,0.0
1981-02-13 00:00:00-05:00,0.058572210371494286,0.058572210371494286,0.058572210371494286,0.05857221037149429,0,0.0,0.0
1981-02-17 00:00:00-05:00,0.0,0.05717761069536209,0.05717761069536209,0.05717761069536209,3600,0.0,0.0
1981-02-18 00:00:00-05:00,0.05717761069536209,0.05717761069536209,0.05717761069536209,0.05717761069536209,0,0.0,0.0
1981-02-19 00:00:00-05:00,0.05717761069536209,0.05717761069536209,0.05717761069536209,0.05717761069536209,0,0.0,0.0
1981-02-20 00:00:00-05:00,0.05717761069536209,0.05717761069536209,0.05717761069536209,0.05717761069536209,0,0.0,0.0
1981-02-23 00:00:00-05:00,0.05717761069536209,0.05717761069536209,0.05717761069536209,0.05717761069536209,0,0.0,0.0
1981-02-24 00:00:00-05:00,0.05717761069536209,0.05717761069536209,0.05717761069536209,0.05717761069536209,0,0.0,0.0
1981-02-25 00:00:00-05:00,0.05717761069536209,0.05717761069536209,0.05717761069536209,0.05717761069536209,0,0.0,0.0
1981-02-26 00:00:00-05:00,0.05717761069536209,0.05717761069536209,0.05717761069536209,0.05717761069536209,0,0.0,0.0
1981-02-27 00:00:00-05:00,0.05717761069536209,0.05717761069536209,0.05717761069536209,0.05717761069536209,0,0.0,0.0
1981-03-02 00:00:00-05:00,0.05717761069536209,0.05717761069536209,0.05717761069536209,0.05717761069536209,0,0.0,0.0
1981-03-03 00:00:00-05:00,0.05717761069536209,0.05717761069536209,0.05717761069536209,0.05717761069536209,0,0.0,0.0
1981-03-04 00:00:00-05:00,0.05717761069536209,0.05717761069536209,0.05717761069536209,0.05717761069536209,0,0.0,0.0
1981-03-05 00:00:00-05:00,0.05717761069536209,0.05717761069536209,0.05717761069536209,0.05717761069536209,0,0.0,0.0
1981-03-06 00:00:00-05:00,0.05717761069536209,0.05717761069536209,0.05717761069536209,0.05717761069536209,0,0.0,0.0
1981-03-09 00:00:00-05:00,0.05717761069536209,0.05717761069536209,0.05717761069536209,0.05717761069536209,0,0.0,0.0
1981-03-10 00:00:00-05:00,0.05717761069536209,0.05717761069536209,0.05717761069536209,0.05717761069536209,0,0.0,0.0
1981-03-11 00:00:00-05:00,0.05717761069536209,0.05717761069536209,0.05717761069536209,0.05717761069536209,0,0.0,0.0
1981-03-12 00:00:00-05:00,0.05717761069536209,0.05717761069536209,0.05717761069536209,0.05717761069536209,0,0.0,0.0
1981-03-13 00:00:00-05:00,0.05717761069536209,0.05717761069536209,0.05717761069536209,0.05717761069536209,0,0.0,0.0
1981-03-16 00:00:00-05:00,0.0,0.05804923176765442,0.057874922385062866,0.05804923176765442,32400,0.0,0.0
1981-03-17 00:00:00-05:00,0.0,0.059618137776851654,0.059618137776851654,0.059618137776851654,79200,0.0,0.0
1981-03-18 00:00:00-05:00,0.0,0.06275593489408493,0.06275593489408493,0.06275593489408493,75600,0.0,0.0
1981-03-19 00:00:00-05:00,0.06275593489408493,0.06275593489408493,0.06275593489408493,0.06275593489408493,0,0.0,0.0
1981-03-20 00:00:00-05:00,0.06275593489408493,0.06275593489408493,0.06275593489408493,0.06275593489408493,0,0.0,0.0
1981-03-23 00:00:00-05:00,0.06275593489408493,0.06275593489408493,0.06275593489408493,0.06275593489408493,0,0.0,0.0
1981-03-24 00:00:00-05:00,0.06275593489408493,0.06275593489408493,0.06275593489408493,0.06275593489408493,0,0.0,0.0
1981-03-25 00:00:00-05:00,0.06275593489408493,0.06275593489408493,0.06275593489408493,0.06275593489408493,0,0.0,0.0
1981-03-26 00:00:00-05:00,0.06275593489408493,0.06275593489408493,0.06275593489408493,0.06275593489408493,0,0.0,0.0
1981-03-27 00:00:00-05:00,0.0,0.06031542643904686,0.06031542643904686,0.06031542643904686,3600,0.0,0.0
1981-03-30 00:00:00-05:00,0.06031542643904686,0.06031542643904686,0.06031542643904686,0.06031542643904686,0,0.0,0.0
1981-03-31 00:00:00-05:00,0.0,0.06066404655575752,0.06066404655575752,0.06066404655575752,3600,0.0,0.0
1981-04-01 00:00:00-05:00,0.06066404655575752,0.06066404655575752,0.06066404655575752,0.06066404655575752,0,0.0,0.0
1981-04-02 00:00:00-05:00,0.0,0.05996673926711082,0.05996673926711082,0.059966739267110825,3600,0.0,0.0
1981-04-03 00:00:00-05:00,0.05996673926711082,0.05996673926711082,0.05996673926711082,0.059966739267110825,0,0.0,0.0
1981-04-06 00:00:00-05:00,0.05996673926711082,0.05996673926711082,0.05996673926711082,0.059966739267110825,0,0.0,0.0
1981-04-07 00:00:00-05:00,0.05996673926711082,0.05996673926711082,0.05996673926711082,0.059966739267110825,0,0.0,0.0
1981-04-08 00:00:00-05:00,0.0,0.06170998513698578,0.06170998513698578,0.06170998513698578,18000,0.0,0.0
1981-04-09 00:00:00-05:00,0.06170998513698578,0.06170998513698578,0.06170998513698578,0.06170998513698578,0,0.0,0.0
1981-04-10 00:00:00-05:00,0.06170998513698578,0.06170998513698578,0.06170998513698578,0.06170998513698578,0,0.0,0.0
1981-04-13 00:00:00-05:00,0.06170998513698578,0.06170998513698578,0.06170998513698578,0.06170998513698578,0,0.0,0.0
1981-04-14 00:00:00-05:00,0.06170998513698578,0.06170998513698578,0.06170998513698578,0.06170998513698578,0,0.0,0.0
1981-04-15 00:00:00-05:00,0.0,0.0638018399477005,0.0638018399477005,0.0638018399477005,1483200,0.0,0.0
1981-04-16 00:00:00-05:00,0.0638018399477005,0.0638018399477005,0.0638018399477005,0.0638018399477005,0,0.0,0.0
1981-04-20 00:00:00-05:00,0.0638018399477005,0.0638018399477005,0.0638018399477005,0.0638018399477005,0,0.0,0.0
1981-04-21 00:00:00-05:00,0.0638018399477005,0.0638018399477005,0.0638018399477005,0.0638018399477005,0,0.0,0.0
1981-04-22 00:00:00-05:00,0.0,0.0644991143748565,0.06240728870034218,0.06240728870034218,28800,0.0,0.0
1981-04-23 00:00:00-05:00,0.0,0.06240728870034218,0.06240728870034218,0.06240728870034218,7200,0.0,0.0
1981-04-24 00:00:00-05:00,0.06240728870034218,0.06240728870034218,0.06240728870034218,0.06240728870034218,0,0.0,0.0
1981-04-27 00:00:00-04:00,0.06240728870034218,0.06240728870034218,0.06240728870034218,0.06240728870034218,0,0.0,0.0
1981-04-28 00:00:00-04:00,0.06240728870034218,0.06240728870034218,0.06240728870034218,0.06240728870034218,0,0.0,0.0
1981-04-29 00:00:00-04:00,0.06240728870034218,0.06240728870034218,0.06240728870034218,0.06240728870034218,0,0.0,0.0
1981-04-30 00:00:00-04:00,0.06240728870034218,0.06240728870034218,0.06240728870034218,0.06240728870034218,0,0.0,0.0
1981-05-01 00:00:00-04:00,0.0,0.06345319002866745,0.06345319002866745,0.06345319002866745,18000,0.0,0.0
1981-05-04 00:00:00-04:00,0.06345319002866745,0.06345319002866745,0.06345319002866745,0.06345319002866745,0,0.0,0.0
1981-05-05 00:00:00-04:00,0.0,0.06345316981731215,0.06188427284359931,0.06188427284359932,18000,0.0,0.0
1981-05-06 00:00:00-04:00,0.0,0.06153564900159836,0.06153564900159836,0.06153564900159836,10800,0.0,0.0
1981-05-07 00:00:00-04:00,0.0,0.06415049731731415,0.06275590892861957,0.06415049731731415,10800,0.0,0.0
1981-05-08 00:00:00-04:00,0.06415049731731415,0.06415049731731415,0.06415049731731415,0.06415049731731415,0,0.0,0.0
1981-05-11 00:00:00-04:00,0.0,0.06240728870034218,0.06240728870034218,0.06240728870034218,3600,0.0,0.0
1981-05-12 00:00:00-04:00,0.06240728870034218,0.06240728870034218,0.06240728870034218,0.06240728870034218,0,0.0,0.0
1981-05-13 00:00:00-04:00,0.0,0.05996673926711082,0.05996673926711082,0.059966739267110825,3600,0.0,0.0
1981-05-14 00:00:00-04:00,0.05996673926711082,0.05996673926711082,0.05996673926711082,0.059966739267110825,0,0.0,0.0
1981-05-15 00:00:00-04:00,0.0,0.06066404655575752,0.06066404655575752,0.06066404655575752,7200,0.0,0.0
1981-05-18 00:00:00-04:00,0.06066404655575752,0.06066404655575752,0.06066404655575752,0.06066404655575752,0,0.0,0.0
1981-05-19 00:00:00-04:00,0.06066404655575752,0.06066404655575752,0.06066404655575752,0.06066404655575752,0,0.0,0.0
1981-05-20 00:00:00-04:00,0.06066404655575752,0.06066404655575752,0.06066404655575752,0.06066404655575752,0,0.0,0.0
1981-05-21 00:00:00-04:00,0.06066404655575752,0.06066404655575752,0.06066404655575752,0.06066404655575752,0,0.0,0.0
1981-05-22 00:00:00-04:00,0.0,0.061361320316791534,0.061361320316791534,0.061361320316791534,3600,0.0,0.0
1981-05-26 00:00:00-04:00,0.061361320316791534,0.061361320316791534,0.061361320316791534,0.061361320316791534,0,0.0,0.0
1981-05-27 00:00:00-04:00,0.061361320316791534,0.061361320316791534,0.061361320316791534,0.061361320316791534,0,0.0,0.0
1981-05-28 00:00:00-04:00,0.0,0.06205859035253525,0.06205859035253525,0.06205859035253525,3600,0.0,0.0
1981-05-29 00:00:00-04:00,0.06205859035253525,0.06205859035253525,0.06205859035253525,0.06205859035253525,0,0.0,0.0
1981-06-01 00:00:00-04:00,0.06205859035253525,0.06205859035253525,0.06205859035253525,0.06205859035253525,0,0.0,0.0
1981-06-02 00:00:00-04:00,0.0,0.0676368921995163,0.06624230420738768,0.0676368921995163,7200,0.0,0.0
1981-06-03 00:00:00-04:00,0.0676368921995163,0.0676368921995163,0.0676368921995163,0.0676368921995163,0,0.0,0.0
1981-06-04 00:00:00-04:00,0.0676368921995163,0.0676368921995163,0.0676368921995163,0.0676368921995163,0,0.0,0.0
1981-06-05 00:00:00-04:00,0.0676368921995163,0.0676368921995163,0.0676368921995163,0.0676368921995163,0,0.0,0.0
1981-06-08 00:00:00-04:00,0.0676368921995163,0.0676368921995163,0.0676368921995163,0.0676368921995163,0,0.0,0.0
1981-06-09 00:00:00-04:00,0.0676368921995163,0.0676368921995163,0.0676368921995163,0.0676368921995163,0,0.0,0.0
1981-06-10 00:00:00-04:00,0.0,0.06345319002866745,0.06345319002866745,0.06345319002866745,3600,0.0,0.0
1981-06-11 00:00:00-04:00,0.06345319002866745,0.06345319002866745,0.06345319002866745,0.06345319002866745,0,0.0,0.0
1981-06-12 00:00:00-04:00,0.0,0.061361320316791534,0.061361320316791534,0.061361320316791534,7200,0.0,0.0
1981-06-15 00:00:00-04:00,0.061361320316791534,0.061361320316791534,0.061361320316791534,0.061361320316791534,0,0.0,0.0
1981-06-16 00:00:00-04:00,0.0,0.06415049731731415,0.06415049731731415,0.06415049731731415,21600,0.0,0.0
1981-06-17 00:00:00-04:00,0.0,0.06554508209228516,0.06554508209228516,0.06554508209228516,3600,0.0,0.0
1981-06-18 00:00:00-04:00,0.0,0.06554508209228516,0.06554508209228516,0.06554508209228516,3600,0.0,0.0
1981-06-19 00:00:00-04:00,0.06554508209228516,0.06554508209228516,0.06554508209228516,0.06554508209228516,0,0.0,0.0
1981-06-22 00:00:00-04:00,0.06554508209228516,0.06554508209228516,0.06554508209228516,0.06554508209228516,0,0.0,0.0
1981-06-23 00:00:00-04:00,0.0,0.06798560917377472,0.06798560917377472,0.06798560917377472,3600,0.0,0.0
1981-06-24 00:00:00-04:00,0.06798560917377472,0.06798560917377472,0.06798560917377472,0.06798560917377472,0,0.0,0.0
1981-06-25 00:00:00-04:00,0.0,0.06554508209228516,0.06554508209228516,0.06554508209228516,3600,0.0,0.0
1981-06-26 00:00:00-04:00,0.06554508209228516,0.06554508209228516,0.06554508209228516,0.06554508209228516,0,0.0,0.0
1981-06-29 00:00:00-04:00,0.06554508209228516,0.06554508209228516,0.06554508209228516,0.06554508209228516,0,0.0,0.0
1981-06-30 00:00:00-04:00,0.06554508209228516,0.06554508209228516,0.06554508209228516,0.06554508209228516,0,0.0,0.0
1981-07-01 00:00:00-04:00,0.06554508209228516,0.06554508209228516,0.06554508209228516,0.06554508209228516,0,0.0,0.0
1981-07-02 00:00:00-04:00,0.06554508209228516,0.06554508209228516,0.06554508209228516,0.06554508209228516,0,0.0,0.0
1981-07-06 00:00:00-04:00,0.06554508209228516,0.06554508209228516,0.06554508209228516,0.06554508209228516,0,0.0,0.0
1981-07-07 00:00:00-04:00,0.06554508209228516,0.06554508209228516,0.06554508209228516,0.06554508209228516,0,0.0,0.0
1981-07-08 00:00:00-04:00,0.06554508209228516,0.06554508209228516,0.06554508209228516,0.06554508209228516,0,0.0,0.0
1981-07-09 00:00:00-04:00,0.06554508209228516,0.06554508209228516,0.06554508209228516,0.06554508209228516,0,0.0,0.0
1981-07-10 00:00:00-04:00,0.06554508209228516,0.06554508209228516,0.06554508209228516,0.06554508209228516,0,0.0,0.0
1981-07-13 00:00:00-04:00,0.06554508209228516,0.06554508209228516,0.06554508209228516,0.06554508209228516,0,0.0,0.0
1981-07-14 00:00:00-04:00,0.06554508209228516,0.06554508209228516,0.06554508209228516,0.06554508209228516,0,0.0,0.0
1981-07-15 00:00:00-04:00,0.06554508209228516,0.06554508209228516,0.06554508209228516,0.06554508209228516,0,0.0,0.0
1981-07-16 00:00:00-04:00,0.06554508209228516,0.06554508209228516,0.06554508209228516,0.06554508209228516,0,0.0,0.0
1981-07-17 00:00:00-04:00,0.0,0.06345319002866745,0.06345319002866745,0.06345319002866745,3600,0.0,0.0
1981-07-20 00:00:00-04:00,0.0,0.06066404655575752,0.06066404655575752,0.06066404655575752,7200,0.0,0.0
1981-07-21 00:00:00-04:00,0.06066404655575752,0.06066404655575752,0.06066404655575752,0.06066404655575752,0,0.0,0.0
1981-07-22 00:00:00-04:00,0.06066404655575752,0.06066404655575752,0.06066404655575752,0.06066404655575752,0,0.0,0.0
1981-07-23 00:00:00-04:00,0.06066404655575752,0.06066404655575752,0.06066404655575752,0.06066404655575752,0,0.0,0.0
1981-07-24 00:00:00-04:00,0.06066404655575752,0.06066404655575752,0.06066404655575752,0.06066404655575752,0,0.0,0.0
1981-07-27 00:00:00-04:00,0.06066404655575752,0.06066404655575752,0.06066404655575752,0.06066404655575752,0,0.0,0.0
1981-07-28 00:00:00-04:00,0.06066404655575752,0.06066404655575752,0.06066404655575752,0.06066404655575752,0,0.0,0.0
1981-07-29 00:00:00-04:00,0.06066404655575752,0.06066404655575752,0.06066404655575752,0.06066404655575752,0,0.0,0.0
1981-07-30 00:00:00-04:00,0.06066404655575752,0.06066404655575752,0.06066404655575752,0.06066404655575752,0,0.0,0.0
1981-07-31 00:00:00-04:00,0.06066404655575752,0.06066404655575752,0.06066404655575752,0.06066404655575752,0,0.0,0.0
1981-08-03 00:00:00-04:00,0.06066404655575752,0.06066404655575752,0.06066404655575752,0.06066404655575752,0,0.0,0.0
1981-08-04 00:00:00-04:00,0.06066404655575752,0.06066404655575752,0.06066404655575752,0.06066404655575752,0,0.0,0.0
1981-08-05 00:00:00-04:00,0.06066404655575752,0.06066404655575752,0.06066404655575752,0.06066404655575752,0,0.0,0.0
1981-08-06 00:00:00-04:00,0.06066404655575752,0.06066404655575752,0.06066404655575752,0.06066404655575752,0,0.0,0.0
1981-08-07 00:00:00-04:00,0.0,0.05926952511072159,0.05926952511072159,0.05926952511072159,3600,0.0,0.0
1981-08-10 00:00:00-04:00,0.05926952511072159,0.05926952511072159,0.05926952511072159,0.05926952511072159,0,0.0,0.0
1981-08-11 00:00:00-04:00,0.05926952511072159,0.05926952511072159,0.05926952511072159,0.05926952511072159,0,0.0,0.0
1981-08-12 00:00:00-04:00,0.05926952511072159,0.05926952511072159,0.05926952511072159,0.05926952511072159,0,0.0,0.0
1981-08-13 00:00:00-04:00,0.05926952511072159,0.05926952511072159,0.05926952511072159,0.05926952511072159,0,0.0,0.0
1981-08-14 00:00:00-04:00,0.05926952511072159,0.05926952511072159,0.05926952511072159,0.05926952511072159,0,0.0,0.0
1981-08-17 00:00:00-04:00,0.0,0.06554508209228516,0.06554508209228516,0.06554508209228516,36000,0.0,0.0
1981-08-18 00:00:00-04:00,0.06554508209228516,0.06554508209228516,0.06554508209228516,0.06554508209228516,0,0.0,0.0
1981-08-19 00:00:00-04:00,0.0,0.06554508209228516,0.06554508209228516,0.06554508209228516,28800,0.0,0.0
1981-08-20 00:00:00-04:00,0.06554508209228516,0.06554508209228516,0.06554508209228516,0.06554508209228516,0,0.0,0.0
1981-08-21 00:00:00-04:00,0.06554508209228516,0.06554508209228516,0.06554508209228516,0.06554508209228516,0,0.0,0.0
1981-08-24 00:00:00-04:00,0.06554508209228516,0.06554508209228516,0.06554508209228516,0.06554508209228516,0,0.0,0.0
1981-08-25 00:00:00-04:00,0.06554508209228516,0.06554508209228516,0.06554508209228516,0.06554508209228516,0,0.0,0.0
1981-08-26 00:00:00-04:00,0.0,0.06659100204706192,0.06659100204706192,0.06659100204706192,7200,0.0,0.0
1981-08-27 00:00:00-04:00,0.06659100204706192,0.06659100204706192,0.06659100204706192,0.06659100204706192,0,0.0,0.0
1981-08-28 00:00:00-04:00,0.0,0.06415049731731415,0.06415049731731415,0.06415049731731415,3600,0.0,0.0
1981-08-31 00:00:00-04:00,0.06415049731731415,0.06415049731731415,0.06415049731731415,0.06415049731731415,0,0.0,0.0
1981-09-01 00:00:00-04:00,0.06415049731731415,0.06415049731731415,0.06415049731731415,0.06415049731731415,0,0.0,0.0
1981-09-02 00:00:00-04:00,0.06415049731731415,0.06415049731731415,0.06415049731731415,0.06415049731731415,0,0.0,0.0
1981-09-03 00:00:00-04:00,0.06415049731731415,0.06415049731731415,0.06415049731731415,0.06415049731731415,0,0.0,0.0
1981-09-04 00:00:00-04:00,0.06415049731731415,0.06415049731731415,0.06415049731731415,0.06415049731731415,0,0.0,0.0
1981-09-08 00:00:00-04:00,0.06415049731731415,0.06415049731731415,0.06415049731731415,0.06415049731731415,0,0.0,0.0
1981-09-09 00:00:00-04:00,0.06415049731731415,0.06415049731731415,0.06415049731731415,0.06415049731731415,0,0.0,0.0
1981-09-10 00:00:00-04:00,0.06415049731731415,0.06415049731731415,0.06415049731731415,0.06415049731731415,0,0.0,0.0
1981-09-11 00:00:00-04:00,0.06415049731731415,0.06415049731731415,0.06415049731731415,0.06415049731731415,0,0.0,0.0
1981-09-14 00:00:00-04:00,0.06415049731731415,0.06415049731731415,0.06415049731731415,0.06415049731731415,0,0.0,0.0
1981-09-15 00:00:00-04:00,0.06415049731731415,0.06415049731731415,0.06415049731731415,0.06415049731731415,0,0.0,0.0
1981-09-16 00:00:00-04:00,0.06415049731731415,0.06415049731731415,0.06415049731731415,0.06415049731731415,0,0.0,0.0
1981-09-17 00:00:00-04:00,0.06415049731731415,0.06415049731731415,0.06415049731731415,0.06415049731731415,0,0.0,0.0
1981-09-18 00:00:00-04:00,0.06415049731731415,0.06415049731731415,0.06415049731731415,0.06415049731731415,0,0.0,0.0
1981-09-21 00:00:00-04:00,0.06415049731731415,0.06415049731731415,0.06415049731731415,0.06415049731731415,0,0.0,0.0
1981-09-22 00:00:00-04:00,0.06415049731731415,0.06415049731731415,0.06415049731731415,0.06415049731731415,0,0.0,0.0
1981-09-23 00:00:00-04:00,0.0,0.061361320316791534,0.061361320316791534,0.061361320316791534,7200,0.0,0.0
1981-09-24 00:00:00-04:00,0.0,0.058572210371494286,0.058572210371494286,0.05857221037149429,3600,0.0,0.0
1981-09-25 00:00:00-04:00,0.058572210371494286,0.058572210371494286,0.058572210371494286,0.05857221037149429,0,0.0,0.0
1981-09-28 00:00:00-04:00,0.058572210371494286,0.058572210371494286,0.058572210371494286,0.05857221037149429,0,0.0,0.0
1981-09-29 00:00:00-04:00,0.058572210371494286,0.058572210371494286,0.058572210371494286,0.05857221037149429,0,0.0,0.0
1981-09-30 00:00:00-04:00,0.0,0.058746516704559326,0.058746516704559326,0.058746516704559326,28800,0.0,0.0
1981-10-01 00:00:00-04:00,0.058746516704559326,0.058746516704559326,0.058746516704559326,0.058746516704559326,0,0.0,0.0
1981-10-02 00:00:00-04:00,0.0,0.05665462464094162,0.05665462464094162,0.05665462464094162,3600,0.0,0.0
1981-10-05 00:00:00-04:00,0.05665462464094162,0.05665462464094162,0.05665462464094162,0.05665462464094162,0,0.0,0.0
1981-10-06 00:00:00-04:00,0.05665462464094162,0.05665462464094162,0.05665462464094162,0.05665462464094162,0,0.0,0.0
1981-10-07 00:00:00-04:00,0.05665462464094162,0.05665462464094162,0.05665462464094162,0.05665462464094162,0,0.0,0.0
1981-10-08 00:00:00-04:00,0.0,0.05926952511072159,0.05926952511072159,0.05926952511072159,3600,0.0,0.0
1981-10-09 00:00:00-04:00,0.05926952511072159,0.05926952511072159,0.05926952511072159,0.05926952511072159,0,0.0,0.0
1981-10-12 00:00:00-04:00,0.05926952511072159,0.05926952511072159,0.05926952511072159,0.05926952511072159,0,0.0,0.0
1981-10-13 00:00:00-04:00,0.05926952511072159,0.05926952511072159,0.05926952511072159,0.05926952511072159,0,0.0,0.0
1981-10-14 00:00:00-04:00,0.0,0.06205859035253525,0.06205859035253525,0.06205859035253525,86400,0.0,0.0
1981-10-15 00:00:00-04:00,0.06205859035253525,0.06205859035253525,0.06205859035253525,0.06205859035253525,0,0.0,0.0
1981-10-16 00:00:00-04:00,0.06205859035253525,0.06205859035253525,0.06205859035253525,0.06205859035253525,0,0.0,0.0
1981-10-19 00:00:00-04:00,0.0,0.05926952511072159,0.05926952511072159,0.05926952511072159,3600,0.0,0.0
1981-10-20 00:00:00-04:00,0.05926952511072159,0.05926952511072159,0.05926952511072159,0.05926952511072159,0,0.0,0.0
1981-10-21 00:00:00-04:00,0.0,0.058397844433784485,0.058397844433784485,0.058397844433784485,7200,0.0,0.0
1981-10-22 00:00:00-04:00,0.058397844433784485,0.058397844433784485,0.058397844433784485,0.058397844433784485,0,0.0,0.0
1981-10-23 00:00:00-04:00,0.0,0.058572210371494286,0.058572210371494286,0.05857221037149429,3600,0.0,0.0
1981-10-26 00:00:00-05:00,0.0,0.05578303831376937,0.055085740983486176,0.055085740983486176,7200,0.0,0.0
1981-10-27 00:00:00-05:00,0.055085740983486176,0.055085740983486176,0.055085740983486176,0.055085740983486176,0,0.0,0.0
1981-10-28 00:00:00-05:00,0.055085740983486176,0.055085740983486176,0.055085740983486176,0.055085740983486176,0,0.0,0.0
1981-10-29 00:00:00-05:00,0.0,0.05752624198794365,0.05752624198794365,0.05752624198794365,3600,0.0,0.0
1981-10-30 00:00:00-05:00,0.05752624198794365,0.05752624198794365,0.05752624198794365,0.05752624198794365,0,0.0,0.0
1981-11-02 00:00:00-05:00,0.0,0.06275593489408493,0.06275593489408493,0.06275593489408493,3600,0.0,0.0
1981-11-03 00:00:00-05:00,0.06275593489408493,0.06275593489408493,0.06275593489408493,0.06275593489408493,0,0.0,0.0
1981-11-04 00:00:00-05:00,0.06275593489408493,0.06275593489408493,0.06275593489408493,0.06275593489408493,0,0.0,0.0
1981-11-05 00:00:00-05:00,0.06275593489408493,0.06275593489408493,0.06275593489408493,0.06275593489408493,0,0.0,0.0
1981-11-06 00:00:00-05:00,0.06275593489408493,0.06275593489408493,0.06275593489408493,0.06275593489408493,0,0.0,0.0
1981-11-09 00:00:00-05:00,0.0,0.06693964451551437,0.06589372828024853,0.06693964451551437,21600,0.0,0.0
1981-11-10 00:00:00-05:00,0.06693964451551437,0.06693964451551437,0.06693964451551437,0.06693964451551437,0,0.0,0.0
1981-11-11 00:00:00-05:00,0.0,0.06624235957860947,0.06624235957860947,0.06624235957860947,3600,0.0,0.0
1981-11-12 00:00:00-05:00,0.06624235957860947,0.06624235957860947,0.06624235957860947,0.06624235957860947,0,0.0,0.0
1981-11-13 00:00:00-05:00,0.0,0.06711400300264359,0.06711400300264359,0.06711400300264359,3600,0.0,0.0
1981-11-16 00:00:00-05:00,0.06711400300264359,0.06711400300264359,0.06711400300264359,0.06711400300264359,0,0.0,0.0
1981-11-17 00:00:00-05:00,0.06711400300264359,0.06711400300264359,0.06711400300264359,0.06711400300264359,0,0.0,0.0
1981-11-18 00:00:00-05:00,0.06711400300264359,0.06711400300264359,0.06711400300264359,0.06711400300264359,0,0.0,0.0
1981-11-19 00:00:00-05:00,0.06711400300264359,0.06711400300264359,0.06711400300264359,0.06711400300264359,0,0.0,0.0
1981-11-20 00:00:00-05:00,0.06711400300264359,0.06711400300264359,0.06711400300264359,0.06711400300264359,0,0.0,0.0
1981-11-23 00:00:00-05:00,0.06711400300264359,0.06711400300264359,0.06711400300264359,0.06711400300264359,0,0.0,0.0
1981-11-24 00:00:00-05:00,0.0,0.0651964396238327,0.0651964396238327,0.0651964396238327,10800,0.0,0.0
1981-11-25 00:00:00-05:00,0.0651964396238327,0.0651964396238327,0.0651964396238327,0.0651964396238327,0,0.0,0.0
1981-11-27 00:00:00-05:00,0.0651964396238327,0.0651964396238327,0.0651964396238327,0.0651964396238327,0,0.0,0.0
1981-11-30 00:00:00-05:00,0.0,0.06676530838012695,0.06676530838012695,0.06676530838012695,3600,0.0,0.0
1981-12-01 00:00:00-05:00,0.0,0.06833421438932419,0.06833421438932419,0.06833421438932419,3600,0.0,0.0
1981-12-02 00:00:00-05:00,0.0,0.06415049731731415,0.06415049731731415,0.06415049731731415,32400,0.0,0.0
1981-12-03 00:00:00-05:00,0.06415049731731415,0.06415049731731415,0.06415049731731415,0.06415049731731415,0,0.0,0.0
1981-12-04 00:00:00-05:00,0.06415049731731415,0.06415049731731415,0.06415049731731415,0.06415049731731415,0,0.0,0.0
1981-12-07 00:00:00-05:00,0.06415049731731415,0.06415049731731415,0.06415049731731415,0.06415049731731415,0,0.0,0.0
1981-12-08 00:00:00-05:00,0.06415049731731415,0.06415049731731415,0.06415049731731415,0.06415049731731415,0,0.0,0.0
1981-12-09 00:00:00-05:00,0.06415049731731415,0.06415049731731415,0.06415049731731415,0.06415049731731415,0,0.0,0.0
1981-12-10 00:00:00-05:00,0.06415049731731415,0.06415049731731415,0.06415049731731415,0.06415049731731415,0,0.0,0.0
1981-12-11 00:00:00-05:00,0.06415049731731415,0.06415049731731415,0.06415049731731415,0.06415049731731415,0,0.0,0.0
1981-12-14 00:00:00-05:00,0.06415049731731415,0.06415049731731415,0.06415049731731415,0.06415049731731415,0,0.0,0.0
1981-12-15 00:00:00-05:00,0.06415049731731415,0.06415049731731415,0.06415049731731415,0.06415049731731415,0,0.0,0.0
1981-12-16 00:00:00-05:00,0.06415049731731415,0.06415049731731415,0.06415049731731415,0.06415049731731415,0,0.0,0.0
1981-12-17 00:00:00-05:00,0.06415049731731415,0.06415049731731415,0.06415049731731415,0.06415049731731415,0,0.0,0.0
1981-12-18 00:00:00-05:00,0.06415049731731415,0.06415049731731415,0.06415049731731415,0.06415049731731415,0,0.0,0.0
1981-12-21 00:00:00-05:00,0.06415049731731415,0.06415049731731415,0.06415049731731415,0.06415049731731415,0,0.0,0.0
1981-12-22 00:00:00-05:00,0.06415049731731415,0.06415049731731415,0.06415049731731415,0.06415049731731415,0,0.0,0.0
1981-12-23 00:00:00-05:00,0.06415049731731415,0.06415049731731415,0.06415049731731415,0.06415049731731415,0,0.0,0.0
1981-12-24 00:00:00-05:00,0.0,0.06223294511437416,0.06153564772531305,0.06223294511437416,7200,0.0,0.0
1981-12-28 00:00:00-05:00,0.0,0.06170998513698578,0.06170998513698578,0.06170998513698578,3600,0.0,0.0
1981-12-29 00:00:00-05:00,0.0,0.06205859035253525,0.06205859035253525,0.06205859035253525,3600,0.0,0.0
1981-12-30 00:00:00-05:00,0.06205859035253525,0.06205859035253525,0.06205859035253525,0.06205859035253525,0,0.0,0.0
1981-12-31 00:00:00-05:00,0.0,0.06589370965957642,0.06275591396150135,0.06589370965957642,10800,0.0,0.0
1982-01-04 00:00:00-05:00,0.06589370965957642,0.06589370965957642,0.06589370965957642,0.06589370965957642,0,0.0,0.0
1982-01-05 00:00:00-05:00,0.06589370965957642,0.06589370965957642,0.06589370965957642,0.06589370965957642,0,0.0,0.0
1982-01-06 00:00:00-05:00,0.06589370965957642,0.06589370965957642,0.06589370965957642,0.06589370965957642,0,0.0,0.0
1982-01-07 00:00:00-05:00,0.06589370965957642,0.06589370965957642,0.06589370965957642,0.06589370965957642,0,0.0,0.0
1982-01-08 00:00:00-05:00,0.0,0.06798560917377472,0.0669396450511629,0.06798560917377472,7200,0.0,0.0
1982-01-11 00:00:00-05:00,0.06798560917377472,0.06798560917377472,0.06798560917377472,0.06798560917377472,0,0.0,0.0
1982-01-12 00:00:00-05:00,0.0,0.06589370965957642,0.06589370965957642,0.06589370965957642,3600,0.0,0.0
1982-01-13 00:00:00-05:00,0.06589370965957642,0.06589370965957642,0.06589370965957642,0.06589370965957642,0,0.0,0.0
1982-01-14 00:00:00-05:00,0.06589370965957642,0.06589370965957642,0.06589370965957642,0.06589370965957642,0,0.0,0.0
1982-01-15 00:00:00-05:00,0.06589370965957642,0.06589370965957642,0.06589370965957642,0.06589370965957642,0,0.0,0.0
1982-01-18 00:00:00-05:00,0.0,0.06554508570600871,0.06345320013053193,0.06415049731731415,18000,0.0,0.0
1982-01-19 00:00:00-05:00,0.06415049731731415,0.06415049731731415,0.06415049731731415,0.06415049731731415,0,0.0,0.0
1982-01-20 00:00:00-05:00,0.06415049731731415,0.06415049731731415,0.06415049731731415,0.06415049731731415,0,0.0,0.0
1982-01-21 00:00:00-05:00,0.06415049731731415,0.06415049731731415,0.06415049731731415,0.06415049731731415,0,0.0,0.0
1982-01-22 00:00:00-05:00,0.06415049731731415,0.06415049731731415,0.06415049731731415,0.06415049731731415,0,0.0,0.0
1982-01-25 00:00:00-05:00,0.06415049731731415,0.06415049731731415,0.06415049731731415,0.06415049731731415,0,0.0,0.0
1982-01-26 00:00:00-05:00,0.06415049731731415,0.06415049731731415,0.06415049731731415,0.06415049731731415,0,0.0,0.0
1982-01-27 00:00:00-05:00,0.0,0.06449911743402481,0.06449911743402481,0.06449911743402481,7200,0.0,0.0
1982-01-28 00:00:00-05:00,0.06449911743402481,0.06449911743402481,0.06449911743402481,0.06449911743402481,0,0.0,0.0
1982-01-29 00:00:00-05:00,0.0,0.06554508209228516,0.06554508209228516,0.06554508209228516,18000,0.0,0.0
1982-02-01 00:00:00-05:00,0.06554508209228516,0.06554508209228516,0.06554508209228516,0.06554508209228516,0,0.0,0.0
1982-02-02 00:00:00-05:00,0.06554508209228516,0.06554508209228516,0.06554508209228516,0.06554508209228516,0,0.0,0.0
1982-02-03 00:00:00-05:00,0.0,0.06833421438932419,0.06833421438932419,0.06833421438932419,10800,0.0,0.0
1982-02-04 00:00:00-05:00,0.0,0.06624235957860947,0.06624235957860947,0.06624235957860947,3600,0.0,0.0
1982-02-05 00:00:00-05:00,0.06624235957860947,0.06624235957860947,0.06624235957860947,0.06624235957860947,0,0.0,0.0
1982-02-08 00:00:00-05:00,0.06624235957860947,0.06624235957860947,0.06624235957860947,0.06624235957860947,0,0.0,0.0
1982-02-09 00:00:00-05:00,0.0,0.06484780460596085,0.06484780460596085,0.06484780460596085,10800,0.0,0.0
1982-02-10 00:00:00-05:00,0.06484780460596085,0.06484780460596085,0.06484780460596085,0.06484780460596085,0,0.0,0.0
1982-02-11 00:00:00-05:00,0.06484780460596085,0.06484780460596085,0.06484780460596085,0.06484780460596085,0,0.0,0.0
1982-02-12 00:00:00-05:00,0.06484780460596085,0.06484780460596085,0.06484780460596085,0.06484780460596085,0,0.0,0.0
1982-02-16 00:00:00-05:00,0.06484780460596085,0.06484780460596085,0.06484780460596085,0.06484780460596085,0,0.0,0.0
1982-02-17 00:00:00-05:00,0.06484780460596085,0.06484780460596085,0.06484780460596085,0.06484780460596085,0,0.0,0.0
1982-02-18 00:00:00-05:00,0.06484780460596085,0.06484780460596085,0.06484780460596085,0.06484780460596085,0,0.0,0.0
1982-02-19 00:00:00-05:00,0.06484780460596085,0.06484780460596085,0.06484780460596085,0.06484780460596085,0,0.0,0.0
1982-02-22 00:00:00-05:00,0.06484780460596085,0.06484780460596085,0.06484780460596085,0.06484780460596085,0,0.0,0.0
1982-02-23 00:00:00-05:00,0.0,0.06659100204706192,0.06659100204706192,0.06659100204706192,3600,0.0,0.0
1982-02-24 00:00:00-05:00,0.06659100204706192,0.06659100204706192,0.06659100204706192,0.06659100204706192,0,0.0,0.0
1982-02-25 00:00:00-05:00,0.06659100204706192,0.06659100204706192,0.06659100204706192,0.06659100204706192,0,0.0,0.0
1982-02-26 00:00:00-05:00,0.06659100204706192,0.06659100204706192,0.06659100204706192,0.06659100204706192,0,0.0,0.0
1982-03-01 00:00:00-05:00,0.06659100204706192,0.06659100204706192,0.06659100204706192,0.06659100204706192,0,0.0,0.0
1982-03-02 00:00:00-05:00,0.06659100204706192,0.06659100204706192,0.06659100204706192,0.06659100204706192,0,0.0,0.0
1982-03-03 00:00:00-05:00,0.06659100204706192,0.06659100204706192,0.06659100204706192,0.06659100204706192,0,0.0,0.0
1982-03-04 00:00:00-05:00,0.06659100204706192,0.06659100204706192,0.06659100204706192,0.06659100204706192,0,0.0,0.0
1982-03-05 00:00:00-05:00,0.06659100204706192,0.06659100204706192,0.06659100204706192,0.06659100204706192,0,0.0,0.0
1982-03-08 00:00:00-05:00,0.06659100204706192,0.06659100204706192,0.06659100204706192,0.06659100204706192,0,0.0,0.0
1982-03-09 00:00:00-05:00,0.06659100204706192,0.06659100204706192,0.06659100204706192,0.06659100204706192,0,0.0,0.0
1982-03-10 00:00:00-05:00,0.06659100204706192,0.06659100204706192,0.06659100204706192,0.06659100204706192,0,0.0,0.0
1982-03-11 00:00:00-05:00,0.06659100204706192,0.06659100204706192,0.06659100204706192,0.06659100204706192,0,0.0,0.0
1982-03-12 00:00:00-05:00,0.06659100204706192,0.06659100204706192,0.06659100204706192,0.06659100204706192,0,0.0,0.0
1982-03-15 00:00:00-05:00,0.06659100204706192,0.06659100204706192,0.06659100204706192,0.06659100204706192,0,0.0,0.0
1982-03-16 00:00:00-05:00,0.06659100204706192,0.06659100204706192,0.06659100204706192,0.06659100204706192,0,0.0,0.0
1982-03-17 00:00:00-05:00,0.0,0.06554508209228516,0.06554508209228516,0.06554508209228516,14400,0.0,0.0
1982-03-18 00:00:00-05:00,0.06554508209228516,0.06554508209228516,0.06554508209228516,0.06554508209228516,0,0.0,0.0
1982-03-19 00:00:00-05:00,0.06554508209228516,0.06554508209228516,0.06554508209228516,0.06554508209228516,0,0.0,0.0
1982-03-22 00:00:00-05:00,0.06554508209228516,0.06554508209228516,0.06554508209228516,0.06554508209228516,0,0.0,0.0
1982-03-23 00:00:00-05:00,0.06554508209228516,0.06554508209228516,0.06554508209228516,0.06554508209228516,0,0.0,0.0
1982-03-24 00:00:00-05:00,0.0,0.06275590736067384,0.06240728870034218,0.06240728870034218,18000,0.0,0.0
1982-03-25 00:00:00-05:00,0.06240728870034218,0.06240728870034218,0.06240728870034218,0.06240728870034218,0,0.0,0.0
1982-03-26 00:00:00-05:00,0.06240728870034218,0.06240728870034218,0.06240728870034218,0.06240728870034218,0,0.0,0.0
1982-03-29 00:00:00-05:00,0.06240728870034218,0.06240728870034218,0.06240728870034218,0.06240728870034218,0,0.0,0.0
1982-03-30 00:00:00-05:00,0.06240728870034218,0.06240728870034218,0.06240728870034218,0.06240728870034218,0,0.0,0.0
1982-03-31 00:00:00-05:00,0.06240728870034218,0.06240728870034218,0.06240728870034218,0.06240728870034218,0,0.0,0.0
1982-04-01 00:00:00-05:00,0.06240728870034218,0.06240728870034218,0.06240728870034218,0.06240728870034218,0,0.0,0.0
1982-04-02 00:00:00-05:00,0.06240728870034218,0.06240728870034218,0.06240728870034218,0.06240728870034218,0,0.0,0.0
1982-04-05 00:00:00-05:00,0.06240728870034218,0.06240728870034218,0.06240728870034218,0.06240728870034218,0,0.0,0.0
1982-04-06 00:00:00-05:00,0.06240728870034218,0.06240728870034218,0.06240728870034218,0.06240728870034218,0,0.0,0.0
1982-04-07 00:00:00-05:00,0.06240728870034218,0.06240728870034218,0.06240728870034218,0.06240728870034218,0,0.0,0.0
1982-04-08 00:00:00-05:00,0.06240728870034218,0.06240728870034218,0.06240728870034218,0.06240728870034218,0,0.0,0.0
1982-04-12 00:00:00-05:00,0.06240728870034218,0.06240728870034218,0.06240728870034218,0.06240728870034218,0,0.0,0.0
1982-04-13 00:00:00-05:00,0.0,0.059792444109916694,0.059792444109916694,0.05979244410991669,3600,0.0,0.0
1982-04-14 00:00:00-05:00,0.059792444109916694,0.059792444109916694,0.059792444109916694,0.05979244410991669,0,0.0,0.0
1982-04-15 00:00:00-05:00,0.0,0.058572210371494286,0.058572210371494286,0.05857221037149429,3600,0.0,0.0
1982-04-16 00:00:00-05:00,0.058572210371494286,0.058572210371494286,0.058572210371494286,0.05857221037149429,0,0.0,0.0
1982-04-19 00:00:00-05:00,0.058572210371494286,0.058572210371494286,0.058572210371494286,0.05857221037149429,0,0.0,0.0
1982-04-20 00:00:00-05:00,0.058572210371494286,0.058572210371494286,0.058572210371494286,0.05857221037149429,0,0.0,0.0
1982-04-21 00:00:00-05:00,0.058572210371494286,0.058572210371494286,0.058572210371494286,0.05857221037149429,0,0.0,0.0
1982-04-22 00:00:00-05:00,0.0,0.05926952511072159,0.05926952511072159,0.05926952511072159,28800,0.0,0.0
1982-04-23 00:00:00-05:00,0.05926952511072159,0.05926952511072159,0.05926952511072159,0.05926952511072159,0,0.0,0.0
1982-04-26 00:00:00-04:00,0.05926952511072159,0.05926952511072159,0.05926952511072159,0.05926952511072159,0,0.0,0.0
1982-04-27 00:00:00-04:00,0.05926952511072159,0.05926952511072159,0.05926952511072159,0.05926952511072159,0,0.0,0.0
1982-04-28 00:00:00-04:00,0.0,0.05996673926711082,0.05996673926711082,0.059966739267110825,7200,0.0,0.0
1982-04-29 00:00:00-04:00,0.05996673926711082,0.05996673926711082,0.05996673926711082,0.059966739267110825,0,0.0,0.0
1982-04-30 00:00:00-04:00,0.05996673926711082,0.05996673926711082,0.05996673926711082,0.059966739267110825,0,0.0,0.0
1982-05-03 00:00:00-04:00,0.05996673926711082,0.05996673926711082,0.05996673926711082,0.059966739267110825,0,0.0,0.0
1982-05-04 00:00:00-04:00,0.05996673926711082,0.05996673926711082,0.05996673926711082,0.059966739267110825,0,0.0,0.0
1982-05-05 00:00:00-04:00,0.05996673926711082,0.05996673926711082,0.05996673926711082,0.059966739267110825,0,0.0,0.0
1982-05-06 00:00:00-04:00,0.05996673926711082,0.05996673926711082,0.05996673926711082,0.059966739267110825,0,0.0,0.0
1982-05-07 00:00:00-04:00,0.05996673926711082,0.05996673926711082,0.05996673926711082,0.059966739267110825,0,0.0,0.0
1982-05-10 00:00:00-04:00,0.0,0.06170998513698578,0.06170998513698578,0.06170998513698578,3600,0.0,0.0
1982-05-11 00:00:00-04:00,0.0,0.06188427284359931,0.06170996359235043,0.06188427284359932,7200,0.0,0.0
1982-05-12 00:00:00-04:00,0.06188427284359931,0.06188427284359931,0.06188427284359931,0.06188427284359932,0,0.0,0.0
1982-05-13 00:00:00-04:00,0.06188427284359931,0.06188427284359931,0.06188427284359931,0.06188427284359932,0,0.0,0.0
1982-05-14 00:00:00-04:00,0.06188427284359931,0.06188427284359931,0.06188427284359931,0.06188427284359932,0,0.0,0.0
1982-05-17 00:00:00-04:00,0.06188427284359931,0.06188427284359931,0.06188427284359931,0.06188427284359932,0,0.0,0.0
1982-05-18 00:00:00-04:00,0.06188427284359931,0.06188427284359931,0.06188427284359931,0.06188427284359932,0,0.0,0.0
1982-05-19 00:00:00-04:00,0.06188427284359931,0.06188427284359931,0.06188427284359931,0.06188427284359932,0,0.0,0.0
1982-05-20 00:00:00-04:00,0.0,0.06101271514705911,0.058572210371494286,0.05857221037149429,3600,0.0,0.0
1982-05-21 00:00:00-04:00,0.058572210371494286,0.058572210371494286,0.058572210371494286,0.05857221037149429,0,0.0,0.0
1982-05-24 00:00:00-04:00,0.058572210371494286,0.058572210371494286,0.058572210371494286,0.05857221037149429,0,0.0,0.0
1982-05-25 00:00:00-04:00,0.058572210371494286,0.058572210371494286,0.058572210371494286,0.05857221037149429,0,0.0,0.0
1982-05-26 00:00:00-04:00,0.058572210371494286,0.058572210371494286,0.058572210371494286,0.05857221037149429,0,0.0,0.0
1982-05-27 00:00:00-04:00,0.058572210371494286,0.058572210371494286,0.058572210371494286,0.05857221037149429,0,0.0,0.0
1982-05-28 00:00:00-04:00,0.058572210371494286,0.058572210371494286,0.058572210371494286,0.05857221037149429,0,0.0,0.0
1982-06-01 00:00:00-04:00,0.058572210371494286,0.058572210371494286,0.058572210371494286,0.05857221037149429,0,0.0,0.0
1982-06-02 00:00:00-04:00,0.058572210371494286,0.058572210371494286,0.058572210371494286,0.05857221037149429,0,0.0,0.0
1982-06-03 00:00:00-04:00,0.058572210371494286,0.058572210371494286,0.058572210371494286,0.05857221037149429,0,0.0,0.0
1982-06-04 00:00:00-04:00,0.058572210371494286,0.058572210371494286,0.058572210371494286,0.05857221037149429,0,0.0,0.0
1982-06-07 00:00:00-04:00,0.058572210371494286,0.058572210371494286,0.058572210371494286,0.05857221037149429,0,0.0,0.0
1982-06-08 00:00:00-04:00,0.058572210371494286,0.058572210371494286,0.058572210371494286,0.05857221037149429,0,0.0,0.0
1982-06-09 00:00:00-04:00,0.058572210371494286,0.058572210371494286,0.058572210371494286,0.05857221037149429,0,0.0,0.0
1982-06-10 00:00:00-04:00,0.058572210371494286,0.058572210371494286,0.058572210371494286,0.05857221037149429,0,0.0,0.0
1982-06-11 00:00:00-04:00,0.058572210371494286,0.058572210371494286,0.058572210371494286,0.05857221037149429,0,0.0,0.0
1982-06-14 00:00:00-04:00,0.058572210371494286,0.058572210371494286,0.058572210371494286,0.05857221037149429,0,0.0,0.0
1982-06-15 00:00:00-04:00,0.058572210371494286,0.058572210371494286,0.058572210371494286,0.05857221037149429,0,0.0,0.0
1982-06-16 00:00:00-04:00,0.058572210371494286,0.058572210371494286,0.058572210371494286,0.05857221037149429,0,0.0,0.0
1982-06-17 00:00:00-04:00,0.058572210371494286,0.058572210371494286,0.058572210371494286,0.05857221037149429,0,0.0,0.0
1982-06-18 00:00:00-04:00,0.058572210371494286,0.058572210371494286,0.058572210371494286,0.05857221037149429,0,0.0,0.0
1982-06-21 00:00:00-04:00,0.058572210371494286,0.058572210371494286,0.058572210371494286,0.05857221037149429,0,0.0,0.0
1982-06-22 00:00:00-04:00,0.058572210371494286,0.058572210371494286,0.058572210371494286,0.05857221037149429,0,0.0,0.0
1982-06-23 00:00:00-04:00,0.058572210371494286,0.058572210371494286,0.058572210371494286,0.05857221037149429,0,0.0,0.0
1982-06-24 00:00:00-04:00,0.058572210371494286,0.058572210371494286,0.058572210371494286,0.05857221037149429,0,0.0,0.0
1982-06-25 00:00:00-04:00,0.058572210371494286,0.058572210371494286,0.058572210371494286,0.05857221037149429,0,0.0,0.0
1982-06-28 00:00:00-04:00,0.058572210371494286,0.058572210371494286,0.058572210371494286,0.05857221037149429,0,0.0,0.0
1982-06-29 00:00:00-04:00,0.058572210371494286,0.058572210371494286,0.058572210371494286,0.05857221037149429,0,0.0,0.0
1982-06-30 00:00:00-04:00,0.058572210371494286,0.058572210371494286,0.058572210371494286,0.05857221037149429,0,0.0,0.0
1982-07-01 00:00:00-04:00,0.058572210371494286,0.058572210371494286,0.058572210371494286,0.05857221037149429,0,0.0,0.0
1982-07-02 00:00:00-04:00,0.058572210371494286,0.058572210371494286,0.058572210371494286,0.05857221037149429,0,0.0,0.0
1982-07-06 00:00:00-04:00,0.058572210371494286,0.058572210371494286,0.058572210371494286,0.05857221037149429,0,0.0,0.0
1982-07-07 00:00:00-04:00,0.058572210371494286,0.058572210371494286,0.058572210371494286,0.05857221037149429,0,0.0,0.0
1982-07-08 00:00:00-04:00,0.058572210371494286,0.058572210371494286,0.058572210371494286,0.05857221037149429,0,0.0,0.0
1982-07-09 00:00:00-04:00,0.058572210371494286,0.058572210371494286,0.058572210371494286,0.05857221037149429,0,0.0,0.0
1982-07-12 00:00:00-04:00,0.058572210371494286,0.058572210371494286,0.058572210371494286,0.05857221037149429,0,0.0,0.0
1982-07-13 00:00:00-04:00,0.058572210371494286,0.058572210371494286,0.058572210371494286,0.05857221037149429,0,0.0,0.0
1982-07-14 00:00:00-04:00,0.058572210371494286,0.058572210371494286,0.058572210371494286,0.05857221037149429,0,0.0,0.0
1982-07-15 00:00:00-04:00,0.058572210371494286,0.058572210371494286,0.058572210371494286,0.05857221037149429,0,0.0,0.0
1982-07-16 00:00:00-04:00,0.058572210371494286,0.058572210371494286,0.058572210371494286,0.05857221037149429,0,0.0,0.0
1982-07-19 00:00:00-04:00,0.058572210371494286,0.058572210371494286,0.058572210371494286,0.05857221037149429,0,0.0,0.0
1982-07-20 00:00:00-04:00,0.058572210371494286,0.058572210371494286,0.058572210371494286,0.05857221037149429,0,0.0,0.0
1982-07-21 00:00:00-04:00,0.0,0.05892082676291466,0.05892082676291466,0.05892082676291466,18000,0.0,0.0
1982-07-22 00:00:00-04:00,0.05892082676291466,0.05892082676291466,0.05892082676291466,0.05892082676291466,0,0.0,0.0
1982-07-23 00:00:00-04:00,0.0,0.05996673926711082,0.05996673926711082,0.059966739267110825,7200,0.0,0.0
1982-07-26 00:00:00-04:00,0.0,0.06066404655575752,0.06066404655575752,0.06066404655575752,3600,0.0,0.0
1982-07-27 00:00:00-04:00,0.06066404655575752,0.06066404655575752,0.06066404655575752,0.06066404655575752,0,0.0,0.0
1982-07-28 00:00:00-04:00,0.06066404655575752,0.06066404655575752,0.06066404655575752,0.06066404655575752,0,0.0,0.0
1982-07-29 00:00:00-04:00,0.06066404655575752,0.06066404655575752,0.06066404655575752,0.06066404655575752,0,0.0,0.0
1982-07-30 00:00:00-04:00,0.0,0.06275593489408493,0.06136134592837479,0.06275593489408493,7200,0.0,0.0
1982-08-02 00:00:00-04:00,0.06275593489408493,0.06275593489408493,0.06275593489408493,0.06275593489408493,0,0.0,0.0
1982-08-03 00:00:00-04:00,0.06275593489408493,0.06275593489408493,0.06275593489408493,0.06275593489408493,0,0.0,0.0
1982-08-04 00:00:00-04:00,0.06275593489408493,0.06275593489408493,0.06275593489408493,0.06275593489408493,0,0.0,0.0
1982-08-05 00:00:00-04:00,0.06275593489408493,0.06275593489408493,0.06275593489408493,0.06275593489408493,0,0.0,0.0
1982-08-06 00:00:00-04:00,0.06275593489408493,0.06275593489408493,0.06275593489408493,0.06275593489408493,0,0.0,0.0
1982-08-09 00:00:00-04:00,0.06275593489408493,0.06275593489408493,0.06275593489408493,0.06275593489408493,0,0.0,0.0
1982-08-10 00:00:00-04:00,0.06275593489408493,0.06275593489408493,0.06275593489408493,0.06275593489408493,0,0.0,0.0
1982-08-11 00:00:00-04:00,0.06275593489408493,0.06275593489408493,0.06275593489408493,0.06275593489408493,0,0.0,0.0
1982-08-12 00:00:00-04:00,0.06275593489408493,0.06275593489408493,0.06275593489408493,0.06275593489408493,0,0.0,0.0
1982-08-13 00:00:00-04:00,0.0,0.05717761069536209,0.05717761069536209,0.05717761069536209,7200,0.0,0.0
1982-08-16 00:00:00-04:00,0.05717761069536209,0.05717761069536209,0.05717761069536209,0.05717761069536209,0,0.0,0.0
1982-08-17 00:00:00-04:00,0.05717761069536209,0.05717761069536209,0.05717761069536209,0.05717761069536209,0,0.0,0.0
1982-08-18 00:00:00-04:00,0.05717761069536209,0.05717761069536209,0.05717761069536209,0.05717761069536209,0,0.0,0.0
1982-08-19 00:00:00-04:00,0.05717761069536209,0.05717761069536209,0.05717761069536209,0.05717761069536209,0,0.0,0.0
1982-08-20 00:00:00-04:00,0.05717761069536209,0.05717761069536209,0.05717761069536209,0.05717761069536209,0,0.0,0.0
1982-08-23 00:00:00-04:00,0.05717761069536209,0.05717761069536209,0.05717761069536209,0.05717761069536209,0,0.0,0.0
1982-08-24 00:00:00-04:00,0.0,0.05717761069536209,0.05717761069536209,0.05717761069536209,3600,0.0,0.0
1982-08-25 00:00:00-04:00,0.05717761069536209,0.05717761069536209,0.05717761069536209,0.05717761069536209,0,0.0,0.0
1982-08-26 00:00:00-04:00,0.05717761069536209,0.05717761069536209,0.05717761069536209,0.05717761069536209,0,0.0,0.0
1982-08-27 00:00:00-04:00,0.05717761069536209,0.05717761069536209,0.05717761069536209,0.05717761069536209,0,0.0,0.0
1982-08-30 00:00:00-04:00,0.05717761069536209,0.05717761069536209,0.05717761069536209,0.05717761069536209,0,0.0,0.0
1982-08-31 00:00:00-04:00,0.05717761069536209,0.05717761069536209,0.05717761069536209,0.05717761069536209,0,0.0,0.0
1982-09-01 00:00:00-04:00,0.05717761069536209,0.05717761069536209,0.05717761069536209,0.05717761069536209,0,0.0,0.0
1982-09-02 00:00:00-04:00,0.0,0.05822351947426796,0.05822351947426796,0.05822351947426796,3600,0.0,0.0
1982-09-03 00:00:00-04:00,0.05822351947426796,0.05822351947426796,0.05822351947426796,0.05822351947426796,0,0.0,0.0
1982-09-07 00:00:00-04:00,0.05822351947426796,0.05822351947426796,0.05822351947426796,0.05822351947426796,0,0.0,0.0
1982-09-08 00:00:00-04:00,0.05822351947426796,0.05822351947426796,0.05822351947426796,0.05822351947426796,0,0.0,0.0
1982-09-09 00:00:00-04:00,0.0,0.06484780460596085,0.06484780460596085,0.06484780460596085,115200,0.0,0.0
1982-09-10 00:00:00-04:00,0.0,0.06484780460596085,0.06484780460596085,0.06484780460596085,3600,0.0,0.0
1982-09-13 00:00:00-04:00,0.06484780460596085,0.06484780460596085,0.06484780460596085,0.06484780460596085,0,0.0,0.0
1982-09-14 00:00:00-04:00,0.0,0.06275593489408493,0.06275593489408493,0.06275593489408493,3600,0.0,0.0
1982-09-15 00:00:00-04:00,0.06275593489408493,0.06275593489408493,0.06275593489408493,0.06275593489408493,0,0.0,0.0
1982-09-16 00:00:00-04:00,0.06275593489408493,0.06275593489408493,0.06275593489408493,0.06275593489408493,0,0.0,0.0
1982-09-17 00:00:00-04:00,0.0,0.06554508209228516,0.06415049378047899,0.06554508209228516,14400,0.0,0.0
1982-09-20 00:00:00-04:00,0.0,0.06484781178399752,0.06275593144290856,0.0632789134979248,86400,0.0,0.0
1982-09-21 00:00:00-04:00,0.0,0.0651964396238327,0.06415052334367241,0.0651964396238327,7200,0.0,0.0
1982-09-22 00:00:00-04:00,0.0,0.06624235957860947,0.06624235957860947,0.06624235957860947,28800,0.0,0.0
1982-09-23 00:00:00-04:00,0.0,0.06554508209228516,0.06554508209228516,0.06554508209228516,10800,0.0,0.0
1982-09-24 00:00:00-04:00,0.06554508209228516,0.06554508209228516,0.06554508209228516,0.06554508209228516,0,0.0,0.0
1982-09-27 00:00:00-04:00,0.06554508209228516,0.06554508209228516,0.06554508209228516,0.06554508209228516,0,0.0,0.0
1982-09-28 00:00:00-04:00,0.06554508209228516,0.06554508209228516,0.06554508209228516,0.06554508209228516,0,0.0,0.0
1982-09-29 00:00:00-04:00,0.06554508209228516,0.06554508209228516,0.06554508209228516,0.06554508209228516,0,0.0,0.0
1982-09-30 00:00:00-04:00,0.06554508209228516,0.06554508209228516,0.06554508209228516,0.06554508209228516,0,0.0,0.0
1982-10-01 00:00:00-04:00,0.06554508209228516,0.06554508209228516,0.06554508209228516,0.06554508209228516,0,0.0,0.0
1982-10-04 00:00:00-04:00,0.06554508209228516,0.06554508209228516,0.06554508209228516,0.06554508209228516,0,0.0,0.0
1982-10-05 00:00:00-04:00,0.06554508209228516,0.06554508209228516,0.06554508209228516,0.06554508209228516,0,0.0,0.0
1982-10-06 00:00:00-04:00,0.06554508209228516,0.06554508209228516,0.06554508209228516,0.06554508209228516,0,0.0,0.0
1982-10-07 00:00:00-04:00,0.06554508209228516,0.06554508209228516,0.06554508209228516,0.06554508209228516,0,0.0,0.0
1982-10-08 00:00:00-04:00,0.0,0.0697287991642952,0.06833421659765168,0.0697287991642952,18000,0.0,0.0
1982-10-11 00:00:00-04:00,0.0,0.07216928899288177,0.07216928899288177,0.07216928899288177,10800,0.0,0.0
1982-10-12 00:00:00-04:00,0.07216928899288177,0.07216928899288177,0.07216928899288177,0.07216928899288177,0,0.0,0.0
1982-10-13 00:00:00-04:00,0.07216928899288177,0.07216928899288177,0.07216928899288177,0.07216928899288177,0,0.0,0.0
1982-10-14 00:00:00-04:00,0.07216928899288177,0.07216928899288177,0.07216928899288177,0.07216928899288177,0,0.0,0.0
1982-10-15 00:00:00-04:00,0.0,0.0697287991642952,0.0697287991642952,0.0697287991642952,7200,0.0,0.0
1982-10-18 00:00:00-04:00,0.0,0.06955449283123016,0.06955449283123016,0.06955449283123016,7200,0.0,0.0
1982-10-19 00:00:00-04:00,0.0,0.07112335413694382,0.07112335413694382,0.07112335413694382,7200,0.0,0.0
1982-10-20 00:00:00-04:00,0.07112335413694382,0.07112335413694382,0.07112335413694382,0.07112335413694382,0,0.0,0.0
1982-10-21 00:00:00-04:00,0.0,0.07112335413694382,0.07112335413694382,0.07112335413694382,28800,0.0,0.0
1982-10-22 00:00:00-04:00,0.0,0.07077474147081375,0.07077474147081375,0.07077474147081375,28800,0.0,0.0
1982-10-25 00:00:00-04:00,0.0,0.0709490180015564,0.0709490180015564,0.0709490180015564,18000,0.0,0.0
1982-10-26 00:00:00-04:00,0.0,0.06938014179468155,0.06938014179468155,0.06938014179468155,7200,0.0,0.0
1982-10-27 00:00:00-04:00,0.06938014179468155,0.06938014179468155,0.06938014179468155,0.06938014179468155,0,0.0,0.0
1982-10-28 00:00:00-04:00,0.0,0.07025180757045746,0.07025180757045746,0.07025180757045746,3600,0.0,0.0
1982-10-29 00:00:00-04:00,0.0,0.07077474147081375,0.07077474147081375,0.07077474147081375,28800,0.0,0.0
1982-11-01 00:00:00-05:00,0.07077474147081375,0.07077474147081375,0.07077474147081375,0.07077474147081375,0,0.0,0.0
1982-11-02 00:00:00-05:00,0.07077474147081375,0.07077474147081375,0.07077474147081375,0.07077474147081375,0,0.0,0.0
1982-11-03 00:00:00-05:00,0.07077474147081375,0.07077474147081375,0.07077474147081375,0.07077474147081375,0,0.0,0.0
1982-11-04 00:00:00-05:00,0.0,0.07460978627204895,0.07251790106780175,0.07460978627204895,61200,0.0,0.0
1982-11-05 00:00:00-05:00,0.07460978627204895,0.07460978627204895,0.07460978627204895,0.07460978627204895,0,0.0,0.0
1982-11-08 00:00:00-05:00,0.0,0.07530707865953445,0.07530707865953445,0.07530707865953445,3600,0.0,0.0
1982-11-09 00:00:00-05:00,0.07530707865953445,0.07530707865953445,0.07530707865953445,0.07530707865953445,0,0.0,0.0
1982-11-10 00:00:00-05:00,0.07530707865953445,0.07530707865953445,0.07530707865953445,0.07530707865953445,0,0.0,0.0
1982-11-11 00:00:00-05:00,0.07530707865953445,0.07530707865953445,0.07530707865953445,0.07530707865953445,0,0.0,0.0
1982-11-12 00:00:00-05:00,0.07530707865953445,0.07530707865953445,0.07530707865953445,0.07530707865953445,0,0.0,0.0
1982-11-15 00:00:00-05:00,0.0,0.07321520149707794,0.07321520149707794,0.07321520149707794,3600,0.0,0.0
1982-11-16 00:00:00-05:00,0.0,0.07182071170169095,0.07077474147081375,0.07077474147081375,90000,0.0,0.0
1982-11-17 00:00:00-05:00,0.0,0.06990312982260977,0.06938014179468155,0.06938014179468155,61200,0.0,0.0
1982-11-18 00:00:00-05:00,0.06938014179468155,0.06938014179468155,0.06938014179468155,0.06938014179468155,0,0.0,0.0
1982-11-19 00:00:00-05:00,0.06938014179468155,0.06938014179468155,0.06938014179468155,0.06938014179468155,0,0.0,0.0
1982-11-22 00:00:00-05:00,0.06938014179468155,0.06938014179468155,0.06938014179468155,0.06938014179468155,0,0.0,0.0
1982-11-23 00:00:00-05:00,0.06938014179468155,0.06938014179468155,0.06938014179468155,0.06938014179468155,0,0.0,0.0
1982-11-24 00:00:00-05:00,0.06938014179468155,0.06938014179468155,0.06938014179468155,0.06938014179468155,0,0.0,0.0
1982-11-26 00:00:00-05:00,0.06938014179468155,0.06938014179468155,0.06938014179468155,0.06938014179468155,0,0.0,0.0
1982-11-29 00:00:00-05:00,0.0,0.06903150677680969,0.06903150677680969,0.06903150677680969,3600,0.0,0.0
1982-11-30 00:00:00-05:00,0.06903150677680969,0.06903150677680969,0.06903150677680969,0.06903150677680969,0,0.0,0.0
1982-12-01 00:00:00-05:00,0.06903150677680969,0.06903150677680969,0.06903150677680969,0.06903150677680969,0,0.0,0.0
1982-12-02 00:00:00-05:00,0.0,0.06833421438932419,0.06833421438932419,0.06833421438932419,3600,0.0,0.0
1982-12-03 00:00:00-05:00,0.06833421438932419,0.06833421438932419,0.06833421438932419,0.06833421438932419,0,0.0,0.0
1982-12-06 00:00:00-05:00,0.06833421438932419,0.06833421438932419,0.06833421438932419,0.06833421438932419,0,0.0,0.0
1982-12-07 00:00:00-05:00,0.06833421438932419,0.06833421438932419,0.06833421438932419,0.06833421438932419,0,0.0,0.0
1982-12-08 00:00:00-05:00,0.06833421438932419,0.06833421438932419,0.06833421438932419,0.06833421438932419,0,0.0,0.0
1982-12-09 00:00:00-05:00,0.0,0.07182066887617111,0.07077469926898891,0.07182066887617111,7200,0.0,0.0
1982-12-10 00:00:00-05:00,0.0,0.06938014179468155,0.06938014179468155,0.06938014179468155,3600,0.0,0.0
1982-12-13 00:00:00-05:00,0.06938014179468155,0.06938014179468155,0.06938014179468155,0.06938014179468155,0,0.0,0.0
1982-12-14 00:00:00-05:00,0.06938014179468155,0.06938014179468155,0.06938014179468155,0.06938014179468155,0,0.0,0.0
1982-12-15 00:00:00-05:00,0.0,0.06798560917377472,0.06798560917377472,0.06798560917377472,7200,0.0,0.0
1982-12-16 00:00:00-05:00,0.06798560917377472,0.06798560917377472,0.06798560917377472,0.06798560917377472,0,0.0,0.0
1982-12-17 00:00:00-05:00,0.0,0.06903152486502227,0.06693964451551437,0.06693964451551437,190800,0.0,0.0
1982-12-20 00:00:00-05:00,0.06693964451551437,0.06693964451551437,0.06693964451551437,0.06693964451551437,0,0.0,0.0
1982-12-21 00:00:00-05:00,0.06693964451551437,0.06693964451551437,0.06693964451551437,0.06693964451551437,0,0.0,0.0
1982-12-22 00:00:00-05:00,0.06693964451551437,0.06693964451551437,0.06693964451551437,0.06693964451551437,0,0.0,0.0
1982-12-23 00:00:00-05:00,0.06693964451551437,0.06693964451551437,0.06693964451551437,0.06693964451551437,0,0.0,0.0
1982-12-27 00:00:00-05:00,0.06693964451551437,0.06693964451551437,0.06693964451551437,0.06693964451551437,0,0.0,0.0
1982-12-28 00:00:00-05:00,0.06693964451551437,0.06693964451551437,0.06693964451551437,0.06693964451551437,0,0.0,0.0
1982-12-29 00:00:00-05:00,0.06693964451551437,0.06693964451551437,0.06693964451551437,0.06693964451551437,0,0.0,0.0
1982-12-30 00:00:00-05:00,0.06693964451551437,0.06693964451551437,0.06693964451551437,0.06693964451551437,0,0.0,0.0
1982-12-31 00:00:00-05:00,0.06693964451551437,0.06693964451551437,0.06693964451551437,0.06693964451551437,0,0.0,0.0
1983-01-03 00:00:00-05:00,0.06693964451551437,0.06693964451551437,0.06693964451551437,0.06693964451551437,0,0.0,0.0
1983-01-04 00:00:00-05:00,0.06693964451551437,0.06693964451551437,0.06693964451551437,0.06693964451551437,0,0.0,0.0
1983-01-05 00:00:00-05:00,0.0,0.07112338657818575,0.06903150677680969,0.06903150677680969,18000,0.0,0.0
1983-01-06 00:00:00-05:00,0.06903150677680969,0.06903150677680969,0.06903150677680969,0.06903150677680969,0,0.0,0.0
1983-01-07 00:00:00-05:00,0.0,0.07042611390352249,0.07042611390352249,0.07042611390352249,3600,0.0,0.0
1983-01-10 00:00:00-05:00,0.07042611390352249,0.07042611390352249,0.07042611390352249,0.07042611390352249,0,0.0,0.0
1983-01-11 00:00:00-05:00,0.07042611390352249,0.07042611390352249,0.07042611390352249,0.07042611390352249,0,0.0,0.0
1983-01-12 00:00:00-05:00,0.07042611390352249,0.07042611390352249,0.07042611390352249,0.07042611390352249,0,0.0,0.0
1983-01-13 00:00:00-05:00,0.07042611390352249,0.07042611390352249,0.07042611390352249,0.07042611390352249,0,0.0,0.0
1983-01-14 00:00:00-05:00,0.07042611390352249,0.07042611390352249,0.07042611390352249,0.07042611390352249,0,0.0,0.0
1983-01-17 00:00:00-05:00,0.07042611390352249,0.07042611390352249,0.07042611390352249,0.07042611390352249,0,0.0,0.0
1983-01-18 00:00:00-05:00,0.07042611390352249,0.07042611390352249,0.07042611390352249,0.07042611390352249,0,0.0,0.0
1983-01-19 00:00:00-05:00,0.07042611390352249,0.07042611390352249,0.07042611390352249,0.07042611390352249,0,0.0,0.0
1983-01-20 00:00:00-05:00,0.07042611390352249,0.07042611390352249,0.07042611390352249,0.07042611390352249,0,0.0,0.0
1983-01-21 00:00:00-05:00,0.07042611390352249,0.07042611390352249,0.07042611390352249,0.07042611390352249,0,0.0,0.0
1983-01-24 00:00:00-05:00,0.07042611390352249,0.07042611390352249,0.07042611390352249,0.07042611390352249,0,0.0,0.0
1983-01-25 00:00:00-05:00,0.07042611390352249,0.07042611390352249,0.07042611390352249,0.07042611390352249,0,0.0,0.0
1983-01-26 00:00:00-05:00,0.07042611390352249,0.07042611390352249,0.07042611390352249,0.07042611390352249,0,0.0,0.0
1983-01-27 00:00:00-05:00,0.07042611390352249,0.07042611390352249,0.07042611390352249,0.07042611390352249,0,0.0,0.0
1983-01-28 00:00:00-05:00,0.07042611390352249,0.07042611390352249,0.07042611390352249,0.07042611390352249,0,0.0,0.0
1983-01-31 00:00:00-05:00,0.07042611390352249,0.07042611390352249,0.07042611390352249,0.07042611390352249,0,0.0,0.0
1983-02-01 00:00:00-05:00,0.07042611390352249,0.07042611390352249,0.07042611390352249,0.07042611390352249,0,0.0,0.0
1983-02-02 00:00:00-05:00,0.07042611390352249,0.07042611390352249,0.07042611390352249,0.07042611390352249,0,0.0,0.0
1983-02-03 00:00:00-05:00,0.07042611390352249,0.07042611390352249,0.07042611390352249,0.07042611390352249,0,0.0,0.0
1983-02-04 00:00:00-05:00,0.07042611390352249,0.07042611390352249,0.07042611390352249,0.07042611390352249,0,0.0,0.0
1983-02-07 00:00:00-05:00,0.07042611390352249,0.07042611390352249,0.07042611390352249,0.07042611390352249,0,0.0,0.0
1983-02-08 00:00:00-05:00,0.0,0.07182066887617111,0.07182066887617111,0.07182066887617111,7200,0.0,0.0
1983-02-09 00:00:00-05:00,0.07182066887617111,0.07182066887617111,0.07182066887617111,0.07182066887617111,0,0.0,0.0
1983-02-10 00:00:00-05:00,0.07182066887617111,0.07182066887617111,0.07182066887617111,0.07182066887617111,0,0.0,0.0
1983-02-11 00:00:00-05:00,0.0,0.07077474147081375,0.07077474147081375,0.07077474147081375,3600,0.0,0.0
1983-02-14 00:00:00-05:00,0.07077474147081375,0.07077474147081375,0.07077474147081375,0.07077474147081375,0,0.0,0.0
1983-02-15 00:00:00-05:00,0.07077474147081375,0.07077474147081375,0.07077474147081375,0.07077474147081375,0,0.0,0.0
1983-02-16 00:00:00-05:00,0.07077474147081375,0.07077474147081375,0.07077474147081375,0.07077474147081375,0,0.0,0.0
1983-02-17 00:00:00-05:00,0.07077474147081375,0.07077474147081375,0.07077474147081375,0.07077474147081375,0,0.0,0.0
1983-02-18 00:00:00-05:00,0.0,0.06938014179468155,0.06938014179468155,0.06938014179468155,10800,0.0,0.0
1983-02-22 00:00:00-05:00,0.06938014179468155,0.06938014179468155,0.06938014179468155,0.06938014179468155,0,0.0,0.0
1983-02-23 00:00:00-05:00,0.06938014179468155,0.06938014179468155,0.06938014179468155,0.06938014179468155,0,0.0,0.0
1983-02-24 00:00:00-05:00,0.06938014179468155,0.06938014179468155,0.06938014179468155,0.06938014179468155,0,0.0,0.0
1983-02-25 00:00:00-05:00,0.06938014179468155,0.06938014179468155,0.06938014179468155,0.06938014179468155,0,0.0,0.0
1983-02-28 00:00:00-05:00,0.06938014179468155,0.06938014179468155,0.06938014179468155,0.06938014179468155,0,0.0,0.0
1983-03-01 00:00:00-05:00,0.06938014179468155,0.06938014179468155,0.06938014179468155,0.06938014179468155,0,0.0,0.0
1983-03-02 00:00:00-05:00,0.0,0.07112338657818575,0.06903150677680969,0.06903150677680969,14400,0.0,0.0
1983-03-03 00:00:00-05:00,0.0,0.06693964451551437,0.06693964451551437,0.06693964451551437,14400,0.0,0.0
1983-03-04 00:00:00-05:00,0.06693964451551437,0.06693964451551437,0.06693964451551437,0.06693964451551437,0,0.0,0.0
1983-03-07 00:00:00-05:00,0.0,0.06903150677680969,0.06903150677680969,0.06903150677680969,7200,0.0,0.0
1983-03-08 00:00:00-05:00,0.0,0.0697287991642952,0.0697287991642952,0.0697287991642952,10800,0.0,0.0
1983-03-09 00:00:00-05:00,0.0697287991642952,0.0697287991642952,0.0697287991642952,0.0697287991642952,0,0.0,0.0
1983-03-10 00:00:00-05:00,0.0697287991642952,0.0697287991642952,0.0697287991642952,0.0697287991642952,0,0.0,0.0
1983-03-11 00:00:00-05:00,0.0697287991642952,0.0697287991642952,0.0697287991642952,0.0697287991642952,0,0.0,0.0
1983-03-14 00:00:00-05:00,0.0697287991642952,0.0697287991642952,0.0697287991642952,0.0697287991642952,0,0.0,0.0
1983-03-15 00:00:00-05:00,0.0697287991642952,0.0697287991642952,0.0697287991642952,0.0697287991642952,0,0.0,0.0
1983-03-16 00:00:00-05:00,0.0697287991642952,0.0697287991642952,0.0697287991642952,0.0697287991642952,0,0.0,0.0
1983-03-17 00:00:00-05:00,0.0,0.0697287991642952,0.06763691932945937,0.0697287991642952,28800,0.0,0.0
1983-03-18 00:00:00-05:00,0.0,0.06833421438932419,0.06833421438932419,0.06833421438932419,10800,0.0,0.0
1983-03-21 00:00:00-05:00,0.0,0.06833421438932419,0.06833421438932419,0.06833421438932419,3600,0.0,0.0
1983-03-22 00:00:00-05:00,0.06833421438932419,0.06833421438932419,0.06833421438932419,0.06833421438932419,0,0.0,0.0
1983-03-23 00:00:00-05:00,0.0,0.06728832423686981,0.06728832423686981,0.06728832423686981,3600,0.0,0.0
1983-03-24 00:00:00-05:00,0.0,0.06833421438932419,0.06833421438932419,0.06833421438932419,3600,0.0,0.0
1983-03-25 00:00:00-05:00,0.06833421438932419,0.06833421438932419,0.06833421438932419,0.06833421438932419,0,0.0,0.0
1983-03-28 00:00:00-05:00,0.06833421438932419,0.06833421438932419,0.06833421438932419,0.06833421438932419,0,0.0,0.0
1983-03-29 00:00:00-05:00,0.0,0.06693962673484659,0.06659100204706192,0.06659100204706192,18000,0.0,0.0
1983-03-30 00:00:00-05:00,0.0,0.06868290156126022,0.06798560416727917,0.06868290156126022,18000,0.0,0.0
1983-03-31 00:00:00-05:00,0.0,0.0697287991642952,0.0697287991642952,0.0697287991642952,3600,0.0,0.0
1983-04-04 00:00:00-05:00,0.0,0.06833418918801469,0.0676368921995163,0.0676368921995163,68400,0.0,0.0
1983-04-05 00:00:00-05:00,0.0,0.06833421438932419,0.06833421438932419,0.06833421438932419,43200,0.0,0.0
1983-04-06 00:00:00-05:00,0.06833421438932419,0.06833421438932419,0.06833421438932419,0.06833421438932419,0,0.0,0.0
1983-04-07 00:00:00-05:00,0.06833421438932419,0.06833421438932419,0.06833421438932419,0.06833421438932419,0,0.0,0.0
1983-04-08 00:00:00-05:00,0.06833421438932419,0.06833421438932419,0.06833421438932419,0.06833421438932419,0,0.0,0.0
1983-04-11 00:00:00-05:00,0.0,0.0697287991642952,0.0697287991642952,0.0697287991642952,3600,0.0,0.0
1983-04-12 00:00:00-05:00,0.0,0.07182066887617111,0.07042608063743318,0.07182066887617111,39600,0.0,0.0
1983-04-13 00:00:00-05:00,0.07182066887617111,0.07182066887617111,0.07182066887617111,0.07182066887617111,0,0.0,0.0
1983-04-14 00:00:00-05:00,0.07182066887617111,0.07182066887617111,0.07182066887617111,0.07182066887617111,0,0.0,0.0
1983-04-15 00:00:00-05:00,0.07182066887617111,0.07182066887617111,0.07182066887617111,0.07182066887617111,0,0.0,0.0
1983-04-18 00:00:00-05:00,0.0,0.07112335413694382,0.07112335413694382,0.07112335413694382,3600,0.0,0.0
1983-04-19 00:00:00-05:00,0.07112335413694382,0.07112335413694382,0.07112335413694382,0.07112335413694382,0,0.0,0.0
1983-04-20 00:00:00-05:00,0.07112335413694382,0.07112335413694382,0.07112335413694382,0.07112335413694382,0,0.0,0.0
1983-04-21 00:00:00-05:00,0.07112335413694382,0.07112335413694382,0.07112335413694382,0.07112335413694382,0,0.0,0.0
1983-04-22 00:00:00-05:00,0.07112335413694382,0.07112335413694382,0.07112335413694382,0.07112335413694382,0,0.0,0.0
1983-04-25 00:00:00-04:00,0.07112335413694382,0.07112335413694382,0.07112335413694382,0.07112335413694382,0,0.0,0.0
1983-04-26 00:00:00-04:00,0.07112335413694382,0.07112335413694382,0.07112335413694382,0.07112335413694382,0,0.0,0.0
1983-04-27 00:00:00-04:00,0.07112335413694382,0.07112335413694382,0.07112335413694382,0.07112335413694382,0,0.0,0.0
1983-04-28 00:00:00-04:00,0.07112335413694382,0.07112335413694382,0.07112335413694382,0.07112335413694382,0,0.0,0.0
1983-04-29 00:00:00-04:00,0.07112335413694382,0.07112335413694382,0.07112335413694382,0.07112335413694382,0,0.0,0.0
1983-05-02 00:00:00-04:00,0.0,0.0676368921995163,0.0676368921995163,0.0676368921995163,68400,0.0,0.0
1983-05-03 00:00:00-04:00,0.0,0.06833418918801469,0.0676368921995163,0.0676368921995163,7200,0.0,0.0
1983-05-04 00:00:00-04:00,0.0,0.06624235957860947,0.06624235957860947,0.06624235957860947,3600,0.0,0.0
1983-05-05 00:00:00-04:00,0.06624235957860947,0.06624235957860947,0.06624235957860947,0.06624235957860947,0,0.0,0.0
1983-05-06 00:00:00-04:00,0.06624235957860947,0.06624235957860947,0.06624235957860947,0.06624235957860947,0,0.0,0.0
1983-05-09 00:00:00-04:00,0.06624235957860947,0.06624235957860947,0.06624235957860947,0.06624235957860947,0,0.0,0.0
1983-05-10 00:00:00-04:00,0.0,0.0676368921995163,0.0676368921995163,0.0676368921995163,3600,0.0,0.0
1983-05-11 00:00:00-04:00,0.0676368921995163,0.0676368921995163,0.0676368921995163,0.0676368921995163,0,0.0,0.0
1983-05-12 00:00:00-04:00,0.0,0.06554508209228516,0.06554508209228516,0.06554508209228516,18000,0.0,0.0
1983-05-13 00:00:00-04:00,0.06554508209228516,0.06554508209228516,0.06554508209228516,0.06554508209228516,0,0.0,0.0
1983-05-16 00:00:00-04:00,0.06554508209228516,0.06554508209228516,0.06554508209228516,0.06554508209228516,0,0.0,0.0
1983-05-17 00:00:00-04:00,0.06554508209228516,0.06554508209228516,0.06554508209228516,0.06554508209228516,0,0.0,0.0
1983-05-18 00:00:00-04:00,0.0,0.06484777819534103,0.06345319002866745,0.06345319002866745,21600,0.0,0.0
1983-05-19 00:00:00-04:00,0.0,0.06415049731731415,0.06415049731731415,0.06415049731731415,7200,0.0,0.0
1983-05-20 00:00:00-04:00,0.06415049731731415,0.06415049731731415,0.06415049731731415,0.06415049731731415,0,0.0,0.0
1983-05-23 00:00:00-04:00,0.06415049731731415,0.06415049731731415,0.06415049731731415,0.06415049731731415,0,0.0,0.0
1983-05-24 00:00:00-04:00,0.06415049731731415,0.06415049731731415,0.06415049731731415,0.06415049731731415,0,0.0,0.0
1983-05-25 00:00:00-04:00,0.0,0.06415049731731415,0.06415049731731415,0.06415049731731415,7200,0.0,0.0
1983-05-26 00:00:00-04:00,0.06415049731731415,0.06415049731731415,0.06415049731731415,0.06415049731731415,0,0.0,0.0
1983-05-27 00:00:00-04:00,0.06415049731731415,0.06415049731731415,0.06415049731731415,0.06415049731731415,0,0.0,0.0
1983-05-31 00:00:00-04:00,0.06415049731731415,0.06415049731731415,0.06415049731731415,0.06415049731731415,0,0.0,0.0
1983-06-01 00:00:00-04:00,0.0,0.06415049731731415,0.06415049731731415,0.06415049731731415,10800,0.0,0.0
1983-06-02 00:00:00-04:00,0.06415049731731415,0.06415049731731415,0.06415049731731415,0.06415049731731415,0,0.0,0.0
1983-06-03 00:00:00-04:00,0.0,0.06275593489408493,0.06275593489408493,0.06275593489408493,3600,0.0,0.0
1983-06-06 00:00:00-04:00,0.0,0.06170998513698578,0.06170998513698578,0.06170998513698578,7200,0.0,0.0
1983-06-07 00:00:00-04:00,0.0,0.0638018399477005,0.06345321521093406,0.0638018399477005,7200,0.0,0.0
1983-06-08 00:00:00-04:00,0.0,0.0638018399477005,0.0638018399477005,0.0638018399477005,7200,0.0,0.0
1983-06-09 00:00:00-04:00,0.0,0.06484780460596085,0.06415051323107206,0.06484780460596085,50400,0.0,0.0
1983-06-10 00:00:00-04:00,0.06484780460596085,0.06484780460596085,0.06484780460596085,0.06484780460596085,0,0.0,0.0
1983-06-13 00:00:00-04:00,0.06484780460596085,0.06484780460596085,0.06484780460596085,0.06484780460596085,0,0.0,0.0
1983-06-14 00:00:00-04:00,0.06484780460596085,0.06484780460596085,0.06484780460596085,0.06484780460596085,0,0.0,0.0
1983-06-15 00:00:00-04:00,0.06484780460596085,0.06484780460596085,0.06484780460596085,0.06484780460596085,0,0.0,0.0
1983-06-16 00:00:00-04:00,0.06484780460596085,0.06484780460596085,0.06484780460596085,0.06484780460596085,0,0.0,0.0
1983-06-17 00:00:00-04:00,0.0,0.06484780460596085,0.06484780460596085,0.06484780460596085,10800,0.0,0.0
1983-06-20 00:00:00-04:00,0.0,0.06449911743402481,0.06449911743402481,0.06449911743402481,3600,0.0,0.0
1983-06-21 00:00:00-04:00,0.06449911743402481,0.06449911743402481,0.06449911743402481,0.06449911743402481,0,0.0,0.0
1983-06-22 00:00:00-04:00,0.0,0.06502208858728409,0.06502208858728409,0.06502208858728409,18000,0.0,0.0
1983-06-23 00:00:00-04:00,0.06502208858728409,0.06502208858728409,0.06502208858728409,0.06502208858728409,0,0.0,0.0
1983-06-24 00:00:00-04:00,0.06502208858728409,0.06502208858728409,0.06502208858728409,0.06502208858728409,0,0.0,0.0
1983-06-27 00:00:00-04:00,0.06502208858728409,0.06502208858728409,0.06502208858728409,0.06502208858728409,0,0.0,0.0
1983-06-28 00:00:00-04:00,0.06502208858728409,0.06502208858728409,0.06502208858728409,0.06502208858728409,0,0.0,0.0
1983-06-29 00:00:00-04:00,0.06502208858728409,0.06502208858728409,0.06502208858728409,0.06502208858728409,0,0.0,0.0
1983-06-30 00:00:00-04:00,0.06502208858728409,0.06502208858728409,0.06502208858728409,0.06502208858728409,0,0.0,0.0
1983-07-01 00:00:00-04:00,0.06502208858728409,0.06502208858728409,0.06502208858728409,0.06502208858728409,0,0.0,0.0
1983-07-05 00:00:00-04:00,0.0,0.0632789134979248,0.0632789134979248,0.0632789134979248,414000,0.0,0.0
1983-07-06 00:00:00-04:00,0.0632789134979248,0.0632789134979248,0.0632789134979248,0.0632789134979248,0,0.0,0.0
1983-07-07 00:00:00-04:00,0.0632789134979248,0.0632789134979248,0.0632789134979248,0.0632789134979248,0,0.0,0.0
1983-07-08 00:00:00-04:00,0.0,0.0625816062092781,0.0625816062092781,0.0625816062092781,3600,0.0,0.0
1983-07-11 00:00:00-04:00,0.0625816062092781,0.0625816062092781,0.0625816062092781,0.0625816062092781,0,0.0,0.0
1983-07-12 00:00:00-04:00,0.0,0.06293021887540817,0.06293021887540817,0.06293021887540817,237600,0.0,0.0
1983-07-13 00:00:00-04:00,0.06293021887540817,0.06293021887540817,0.06293021887540817,0.06293021887540817,0,0.0,0.0
1983-07-14 00:00:00-04:00,0.06293021887540817,0.06293021887540817,0.06293021887540817,0.06293021887540817,0,0.0,0.0
1983-07-15 00:00:00-04:00,0.06293021887540817,0.06293021887540817,0.06293021887540817,0.06293021887540817,0,0.0,0.0
1983-07-18 00:00:00-04:00,0.06293021887540817,0.06293021887540817,0.06293021887540817,0.06293021887540817,0,0.0,0.0
1983-07-19 00:00:00-04:00,0.06293021887540817,0.06293021887540817,0.06293021887540817,0.06293021887540817,0,0.0,0.0
1983-07-20 00:00:00-04:00,0.06293021887540817,0.06293021887540817,0.06293021887540817,0.06293021887540817,0,0.0,0.0
1983-07-21 00:00:00-04:00,0.06293021887540817,0.06293021887540817,0.06293021887540817,0.06293021887540817,0,0.0,0.0
1983-07-22 00:00:00-04:00,0.06293021887540817,0.06293021887540817,0.06293021887540817,0.06293021887540817,0,0.0,0.0
1983-07-25 00:00:00-04:00,0.06293021887540817,0.06293021887540817,0.06293021887540817,0.06293021887540817,0,0.0,0.0
1983-07-26 00:00:00-04:00,0.06293021887540817,0.06293021887540817,0.06293021887540817,0.06293021887540817,0,0.0,0.0
1983-07-27 00:00:00-04:00,0.0,0.06170998513698578,0.06170998513698578,0.06170998513698578,18000,0.0,0.0
1983-07-28 00:00:00-04:00,0.06170998513698578,0.06170998513698578,0.06170998513698578,0.06170998513698578,0,0.0,0.0
1983-07-29 00:00:00-04:00,0.0,0.06415049731731415,0.06415049731731415,0.06415049731731415,7200,0.0,0.0
1983-08-01 00:00:00-04:00,0.06415049731731415,0.06415049731731415,0.06415049731731415,0.06415049731731415,0,0.0,0.0
1983-08-02 00:00:00-04:00,0.0,0.05996673926711082,0.05996673926711082,0.059966739267110825,28800,0.0,0.0
1983-08-03 00:00:00-04:00,0.0,0.06275593489408493,0.06275593489408493,0.06275593489408493,28800,0.0,0.0
1983-08-04 00:00:00-04:00,0.0,0.0638018399477005,0.0638018399477005,0.0638018399477005,18000,0.0,0.0
1983-08-05 00:00:00-04:00,0.0,0.0620586175010381,0.061361320316791534,0.061361320316791534,21600,0.0,0.0
1983-08-08 00:00:00-04:00,0.0,0.06275593489408493,0.06205864340366603,0.06275593489408493,28800,0.0,0.0
1983-08-09 00:00:00-04:00,0.06275593489408493,0.06275593489408493,0.06275593489408493,0.06275593489408493,0,0.0,0.0
1983-08-10 00:00:00-04:00,0.06275593489408493,0.06275593489408493,0.06275593489408493,0.06275593489408493,0,0.0,0.0
1983-08-11 00:00:00-04:00,0.06275593489408493,0.06275593489408493,0.06275593489408493,0.06275593489408493,0,0.0,0.0
1983-08-12 00:00:00-04:00,0.06275593489408493,0.06275593489408493,0.06275593489408493,0.06275593489408493,0,0.0,0.0
1983-08-15 00:00:00-04:00,0.06275593489408493,0.06275593489408493,0.06275593489408493,0.06275593489408493,0,0.0,0.0
1983-08-16 00:00:00-04:00,0.0,0.06502208858728409,0.06502208858728409,0.06502208858728409,21600,0.0,0.0
1983-08-17 00:00:00-04:00,0.06502208858728409,0.06502208858728409,0.06502208858728409,0.06502208858728409,0,0.0,0.0
1983-08-18 00:00:00-04:00,0.06502208858728409,0.06502208858728409,0.06502208858728409,0.06502208858728409,0,0.0,0.0
1983-08-19 00:00:00-04:00,0.06502208858728409,0.06502208858728409,0.06502208858728409,0.06502208858728409,0,0.0,0.0
1983-08-22 00:00:00-04:00,0.06502208858728409,0.06502208858728409,0.06502208858728409,0.06502208858728409,0,0.0,0.0
1983-08-23 00:00:00-04:00,0.06502208858728409,0.06502208858728409,0.06502208858728409,0.06502208858728409,0,0.0,0.0
1983-08-24 00:00:00-04:00,0.0,0.06415051256343716,0.0638018399477005,0.0638018399477005,75600,0.0,0.0
1983-08-25 00:00:00-04:00,0.0638018399477005,0.0638018399477005,0.0638018399477005,0.0638018399477005,0,0.0,0.0
1983-08-26 00:00:00-04:00,0.0638018399477005,0.0638018399477005,0.0638018399477005,0.0638018399477005,0,0.0,0.0
1983-08-29 00:00:00-04:00,0.0638018399477005,0.0638018399477005,0.0638018399477005,0.0638018399477005,0,0.0,0.0
1983-08-30 00:00:00-04:00,0.0638018399477005,0.0638018399477005,0.0638018399477005,0.0638018399477005,0,0.0,0.0
1983-08-31 00:00:00-04:00,0.0638018399477005,0.0638018399477005,0.0638018399477005,0.0638018399477005,0,0.0,0.0
1983-09-01 00:00:00-04:00,0.0638018399477005,0.0638018399477005,0.0638018399477005,0.0638018399477005,0,0.0,0.0
1983-09-02 00:00:00-04:00,0.0,0.06275593489408493,0.06275593489408493,0.06275593489408493,3600,0.0,0.0
1983-09-06 00:00:00-04:00,0.0,0.06484780460596085,0.06484780460596085,0.06484780460596085,3600,0.0,0.0
1983-09-07 00:00:00-04:00,0.06484780460596085,0.06484780460596085,0.06484780460596085,0.06484780460596085,0,0.0,0.0
1983-09-08 00:00:00-04:00,0.06484780460596085,0.06484780460596085,0.06484780460596085,0.06484780460596085,0,0.0,0.0
1983-09-09 00:00:00-04:00,0.06484780460596085,0.06484780460596085,0.06484780460596085,0.06484780460596085,0,0.0,0.0
1983-09-12 00:00:00-04:00,0.0,0.0651964396238327,0.0651964396238327,0.0651964396238327,21600,0.0,0.0
1983-09-13 00:00:00-04:00,0.0651964396238327,0.0651964396238327,0.0651964396238327,0.0651964396238327,0,0.0,0.0
1983-09-14 00:00:00-04:00,0.0651964396238327,0.0651964396238327,0.0651964396238327,0.0651964396238327,0,0.0,0.0
1983-09-15 00:00:00-04:00,0.0651964396238327,0.0651964396238327,0.0651964396238327,0.0651964396238327,0,0.0,0.0
1983-09-16 00:00:00-04:00,0.0,0.06554508209228516,0.06554508209228516,0.06554508209228516,3600,0.0,0.0
1983-09-19 00:00:00-04:00,0.0,0.06554508209228516,0.06554508209228516,0.06554508209228516,7200,0.0,0.0
1983-09-20 00:00:00-04:00,0.0,0.06693964451551437,0.06693964451551437,0.06693964451551437,7200,0.0,0.0
1983-09-21 00:00:00-04:00,0.0,0.0676368921995163,0.06624230420738768,0.0676368921995163,7200,0.0,0.0
1983-09-22 00:00:00-04:00,0.0,0.06798560917377472,0.06798560917377472,0.06798560917377472,3600,0.0,0.0
1983-09-23 00:00:00-04:00,0.06798560917377472,0.06798560917377472,0.06798560917377472,0.06798560917377472,0,0.0,0.0
1983-09-26 00:00:00-04:00,0.06798560917377472,0.06798560917377472,0.06798560917377472,0.06798560917377472,0,0.0,0.0
1983-09-27 00:00:00-04:00,0.06798560917377472,0.06798560917377472,0.06798560917377472,0.06798560917377472,0,0.0,0.0
1983-09-28 00:00:00-04:00,0.06798560917377472,0.06798560917377472,0.06798560917377472,0.06798560917377472,0,0.0,0.0
1983-09-29 00:00:00-04:00,0.0,0.0676368921995163,0.0676368921995163,0.0676368921995163,7200,0.0,0.0
1983-09-30 00:00:00-04:00,0.0676368921995163,0.0676368921995163,0.0676368921995163,0.0676368921995163,0,0.0,0.0
1983-10-03 00:00:00-04:00,0.0,0.06903150677680969,0.06903150677680969,0.06903150677680969,10800,0.0,0.0
1983-10-04 00:00:00-04:00,0.0,0.06868290156126022,0.06868290156126022,0.06868290156126022,10800,0.0,0.0
1983-10-05 00:00:00-04:00,0.0,0.0704260964324875,0.0697287991642952,0.0697287991642952,7200,0.0,0.0
1983-10-06 00:00:00-04:00,0.0697287991642952,0.0697287991642952,0.0697287991642952,0.0697287991642952,0,0.0,0.0
1983-10-07 00:00:00-04:00,0.0697287991642952,0.0697287991642952,0.0697287991642952,0.0697287991642952,0,0.0,0.0
1983-10-10 00:00:00-04:00,0.0,0.07182070280100072,0.07042611390352249,0.07042611390352249,7200,0.0,0.0
1983-10-11 00:00:00-04:00,0.07042611390352249,0.07042611390352249,0.07042611390352249,0.07042611390352249,0,0.0,0.0
1983-10-12 00:00:00-04:00,0.07042611390352249,0.07042611390352249,0.07042611390352249,0.07042611390352249,0,0.0,0.0
1983-10-13 00:00:00-04:00,0.07042611390352249,0.07042611390352249,0.07042611390352249,0.07042611390352249,0,0.0,0.0
1983-10-14 00:00:00-04:00,0.07042611390352249,0.07042611390352249,0.07042611390352249,0.07042611390352249,0,0.0,0.0
1983-10-17 00:00:00-04:00,0.07042611390352249,0.07042611390352249,0.07042611390352249,0.07042611390352249,0,0.0,0.0
1983-10-18 00:00:00-04:00,0.07042611390352249,0.07042611390352249,0.07042611390352249,0.07042611390352249,0,0.0,0.0
1983-10-19 00:00:00-04:00,0.07042611390352249,0.07042611390352249,0.07042611390352249,0.07042611390352249,0,0.0,0.0
1983-10-20 00:00:00-04:00,0.07042611390352249,0.07042611390352249,0.07042611390352249,0.07042611390352249,0,0.0,0.0
1983-10-21 00:00:00-04:00,0.07042611390352249,0.07042611390352249,0.07042611390352249,0.07042611390352249,0,0.0,0.0
1983-10-24 00:00:00-04:00,0.07042611390352249,0.07042611390352249,0.07042611390352249,0.07042611390352249,0,0.0,0.0
1983-10-25 00:00:00-04:00,0.07042611390352249,0.07042611390352249,0.07042611390352249,0.07042611390352249,0,0.0,0.0
1983-10-26 00:00:00-04:00,0.07042611390352249,0.07042611390352249,0.07042611390352249,0.07042611390352249,0,0.0,0.0
1983-10-27 00:00:00-04:00,0.07042611390352249,0.07042611390352249,0.07042611390352249,0.07042611390352249,0,0.0,0.0
1983-10-28 00:00:00-04:00,0.07042611390352249,0.07042611390352249,0.07042611390352249,0.07042611390352249,0,0.0,0.0
1983-10-31 00:00:00-05:00,0.0,0.06903150565011187,0.06833421438932419,0.06833421438932419,32400,0.0,0.0
1983-11-01 00:00:00-05:00,0.06833421438932419,0.06833421438932419,0.06833421438932419,0.06833421438932419,0,0.0,0.0
1983-11-02 00:00:00-05:00,0.0,0.06798560917377472,0.06798560917377472,0.06798560917377472,14400,0.0,0.0
1983-11-03 00:00:00-05:00,0.0,0.06833421438932419,0.06833421438932419,0.06833421438932419,3600,0.0,0.0
1983-11-04 00:00:00-05:00,0.06833421438932419,0.06833421438932419,0.06833421438932419,0.06833421438932419,0,0.0,0.0
1983-11-07 00:00:00-05:00,0.06833421438932419,0.06833421438932419,0.06833421438932419,0.06833421438932419,0,0.0,0.0
1983-11-08 00:00:00-05:00,0.0,0.06798560917377472,0.06798560917377472,0.06798560917377472,3600,0.0,0.0
1983-11-09 00:00:00-05:00,0.06798560917377472,0.06798560917377472,0.06798560917377472,0.06798560917377472,0,0.0,0.0
1983-11-10 00:00:00-05:00,0.0,0.06938014179468155,0.06903152300854185,0.06938014179468155,36000,0.0,0.0
1983-11-11 00:00:00-05:00,0.06938014179468155,0.06938014179468155,0.06938014179468155,0.06938014179468155,0,0.0,0.0
1983-11-14 00:00:00-05:00,0.06938014179468155,0.06938014179468155,0.06938014179468155,0.06938014179468155,0,0.0,0.0
1983-11-15 00:00:00-05:00,0.06938014179468155,0.06938014179468155,0.06938014179468155,0.06938014179468155,0,0.0,0.0
1983-11-16 00:00:00-05:00,0.06938014179468155,0.06938014179468155,0.06938014179468155,0.06938014179468155,0,0.0,0.0
1983-11-17 00:00:00-05:00,0.06938014179468155,0.06938014179468155,0.06938014179468155,0.06938014179468155,0,0.0,0.0
1983-11-18 00:00:00-05:00,0.06938014179468155,0.06938014179468155,0.06938014179468155,0.06938014179468155,0,0.0,0.0
1983-11-21 00:00:00-05:00,0.06938014179468155,0.06938014179468155,0.06938014179468155,0.06938014179468155,0,0.0,0.0
1983-11-22 00:00:00-05:00,0.06938014179468155,0.06938014179468155,0.06938014179468155,0.06938014179468155,0,0.0,0.0
1983-11-23 00:00:00-05:00,0.06938014179468155,0.06938014179468155,0.06938014179468155,0.06938014179468155,0,0.0,0.0
1983-11-25 00:00:00-05:00,0.06938014179468155,0.06938014179468155,0.06938014179468155,0.06938014179468155,0,0.0,0.0
1983-11-28 00:00:00-05:00,0.06938014179468155,0.06938014179468155,0.06938014179468155,0.06938014179468155,0,0.0,0.0
1983-11-29 00:00:00-05:00,0.06938014179468155,0.06938014179468155,0.06938014179468155,0.06938014179468155,0,0.0,0.0
1983-11-30 00:00:00-05:00,0.06938014179468155,0.06938014179468155,0.06938014179468155,0.06938014179468155,0,0.0,0.0
1983-12-01 00:00:00-05:00,0.06938014179468155,0.06938014179468155,0.06938014179468155,0.06938014179468155,0,0.0,0.0
1983-12-02 00:00:00-05:00,0.06938014179468155,0.06938014179468155,0.06938014179468155,0.06938014179468155,0,0.0,0.0
1983-12-05 00:00:00-05:00,0.0,0.07042611390352249,0.06903152500604426,0.07042611390352249,18000,0.0,0.0
1983-12-06 00:00:00-05:00,0.07042611390352249,0.07042611390352249,0.07042611390352249,0.07042611390352249,0,0.0,0.0
1983-12-07 00:00:00-05:00,0.07042611390352249,0.07042611390352249,0.07042611390352249,0.07042611390352249,0,0.0,0.0
1983-12-08 00:00:00-05:00,0.0,0.07182066887617111,0.07025177132165532,0.07182066887617111,7200,0.0,0.0
1983-12-09 00:00:00-05:00,0.07182066887617111,0.07182066887617111,0.07182066887617111,0.07182066887617111,0,0.0,0.0
1983-12-12 00:00:00-05:00,0.07182066887617111,0.07182066887617111,0.07182066887617111,0.07182066887617111,0,0.0,0.0
1983-12-13 00:00:00-05:00,0.07182066887617111,0.07182066887617111,0.07182066887617111,0.07182066887617111,0,0.0,0.0
1983-12-14 00:00:00-05:00,0.07182066887617111,0.07182066887617111,0.07182066887617111,0.07182066887617111,0,0.0,0.0
1983-12-15 00:00:00-05:00,0.0,0.07042611390352249,0.07042611390352249,0.07042611390352249,7200,0.0,0.0
1983-12-16 00:00:00-05:00,0.07042611390352249,0.07042611390352249,0.07042611390352249,0.07042611390352249,0,0.0,0.0
1983-12-19 00:00:00-05:00,0.0,0.06903150677680969,0.06903150677680969,0.06903150677680969,14400,0.0,0.0
1983-12-20 00:00:00-05:00,0.0,0.07077474147081375,0.07077474147081375,0.07077474147081375,14400,0.0,0.0
1983-12-21 00:00:00-05:00,0.07077474147081375,0.07077474147081375,0.07077474147081375,0.07077474147081375,0,0.0,0.0
1983-12-22 00:00:00-05:00,0.0,0.0697287991642952,0.0697287991642952,0.0697287991642952,10800,0.0,0.0
1983-12-23 00:00:00-05:00,0.0697287991642952,0.0697287991642952,0.0697287991642952,0.0697287991642952,0,0.0,0.0
1983-12-27 00:00:00-05:00,0.0,0.07112335413694382,0.07112335413694382,0.07112335413694382,3600,0.0,0.0
1983-12-28 00:00:00-05:00,0.0,0.07251793146133423,0.07251793146133423,0.07251793146133423,18000,0.0,0.0
1983-12-29 00:00:00-05:00,0.07251793146133423,0.07251793146133423,0.07251793146133423,0.07251793146133423,0,0.0,0.0
1983-12-30 00:00:00-05:00,0.07251793146133423,0.07251793146133423,0.07251793146133423,0.07251793146133423,0,0.0,0.0
1984-01-03 00:00:00-05:00,0.0,0.07391252018703928,0.07251793146133423,0.07251793146133423,7200,0.0,0.0
1984-01-04 00:00:00-05:00,0.0,0.07251793146133423,0.07251793146133423,0.07251793146133423,3600,0.0,0.0
1984-01-05 00:00:00-05:00,0.0,0.07426119595766068,0.07426119595766068,0.07426119595766068,7200,0.0,0.0
1984-01-06 00:00:00-05:00,0.07426119595766068,0.07426119595766068,0.07426119595766068,0.07426119595766068,0,0.0,0.0
1984-01-09 00:00:00-05:00,0.07426119595766068,0.07426119595766068,0.07426119595766068,0.07426119595766068,0,0.0,0.0
1984-01-10 00:00:00-05:00,0.07426119595766068,0.07426119595766068,0.07426119595766068,0.07426119595766068,0,0.0,0.0
1984-01-11 00:00:00-05:00,0.07426119595766068,0.07426119595766068,0.07426119595766068,0.07426119595766068,0,0.0,0.0
1984-01-12 00:00:00-05:00,0.07426119595766068,0.07426119595766068,0.07426119595766068,0.07426119595766068,0,0.0,0.0
1984-01-13 00:00:00-05:00,0.07426119595766068,0.07426119595766068,0.07426119595766068,0.07426119595766068,0,0.0,0.0
1984-01-16 00:00:00-05:00,0.0,0.07530707865953445,0.07530707865953445,0.07530707865953445,3600,0.0,0.0
1984-01-17 00:00:00-05:00,0.0,0.07391253858804703,0.07391253858804703,0.07391253858804703,3600,0.0,0.0
1984-01-18 00:00:00-05:00,0.0,0.07495847344398499,0.07495847344398499,0.07495847344398499,3600,0.0,0.0
1984-01-19 00:00:00-05:00,0.07495847344398499,0.07495847344398499,0.07495847344398499,0.07495847344398499,0,0.0,0.0
1984-01-20 00:00:00-05:00,0.07495847344398499,0.07495847344398499,0.07495847344398499,0.07495847344398499,0,0.0,0.0
1984-01-23 00:00:00-05:00,0.07495847344398499,0.07495847344398499,0.07495847344398499,0.07495847344398499,0,0.0,0.0
1984-01-24 00:00:00-05:00,0.07495847344398499,0.07495847344398499,0.07495847344398499,0.07495847344398499,0,0.0,0.0
1984-01-25 00:00:00-05:00,0.07495847344398499,0.07495847344398499,0.07495847344398499,0.07495847344398499,0,0.0,0.0
1984-01-26 00:00:00-05:00,0.07495847344398499,0.07495847344398499,0.07495847344398499,0.07495847344398499,0,0.0,0.0
1984-01-27 00:00:00-05:00,0.07495847344398499,0.07495847344398499,0.07495847344398499,0.07495847344398499,0,0.0,0.0
1984-01-30 00:00:00-05:00,0.07495847344398499,0.07495847344398499,0.07495847344398499,0.07495847344398499,0,0.0,0.0
1984-01-31 00:00:00-05:00,0.07495847344398499,0.07495847344398499,0.07495847344398499,0.07495847344398499,0,0.0,0.0
1984-02-01 00:00:00-05:00,0.07495847344398499,0.07495847344398499,0.07495847344398499,0.07495847344398499,0,0.0,0.0
1984-02-02 00:00:00-05:00,0.07495847344398499,0.07495847344398499,0.07495847344398499,0.07495847344398499,0,0.0,0.0
1984-02-03 00:00:00-05:00,0.07495847344398499,0.07495847344398499,0.07495847344398499,0.07495847344398499,0,0.0,0.0
1984-02-06 00:00:00-05:00,0.07495847344398499,0.07495847344398499,0.07495847344398499,0.07495847344398499,0,0.0,0.0
1984-02-07 00:00:00-05:00,0.07495847344398499,0.07495847344398499,0.07495847344398499,0.07495847344398499,0,0.0,0.0
1984-02-08 00:00:00-05:00,0.07495847344398499,0.07495847344398499,0.07495847344398499,0.07495847344398499,0,0.0,0.0
1984-02-09 00:00:00-05:00,0.07495847344398499,0.07495847344398499,0.07495847344398499,0.07495847344398499,0,0.0,0.0
1984-02-10 00:00:00-05:00,0.07495847344398499,0.07495847344398499,0.07495847344398499,0.07495847344398499,0,0.0,0.0
1984-02-13 00:00:00-05:00,0.07495847344398499,0.07495847344398499,0.07495847344398499,0.07495847344398499,0,0.0,0.0
1984-02-14 00:00:00-05:00,0.07495847344398499,0.07495847344398499,0.07495847344398499,0.07495847344398499,0,0.0,0.0
1984-02-15 00:00:00-05:00,0.07495847344398499,0.07495847344398499,0.07495847344398499,0.07495847344398499,0,0.0,0.0
1984-02-16 00:00:00-05:00,0.07495847344398499,0.07495847344398499,0.07495847344398499,0.07495847344398499,0,0.0,0.0
1984-02-17 00:00:00-05:00,0.07495847344398499,0.07495847344398499,0.07495847344398499,0.07495847344398499,0,0.0,0.0
1984-02-21 00:00:00-05:00,0.07495847344398499,0.07495847344398499,0.07495847344398499,0.07495847344398499,0,0.0,0.0
1984-02-22 00:00:00-05:00,0.0,0.07391253858804703,0.07391253858804703,0.07391253858804703,3600,0.0,0.0
1984-02-23 00:00:00-05:00,0.0,0.07460981754232746,0.07251793146133423,0.07251793146133423,28800,0.0,0.0
1984-02-24 00:00:00-05:00,0.07251793146133423,0.07251793146133423,0.07251793146133423,0.07251793146133423,0,0.0,0.0
1984-02-27 00:00:00-05:00,0.0,0.07391253858804703,0.07391253858804703,0.07391253858804703,10800,0.0,0.0
1984-02-28 00:00:00-05:00,0.07391253858804703,0.07391253858804703,0.07391253858804703,0.07391253858804703,0,0.0,0.0
1984-02-29 00:00:00-05:00,0.07391253858804703,0.07391253858804703,0.07391253858804703,0.07391253858804703,0,0.0,0.0
1984-03-01 00:00:00-05:00,0.0,0.07670168578624725,0.07635301322299602,0.07670168578624725,111600,0.0,0.0
1984-03-02 00:00:00-05:00,0.07670168578624725,0.07670168578624725,0.07670168578624725,0.07670168578624725,0,0.0,0.0
1984-03-05 00:00:00-05:00,0.07670168578624725,0.07670168578624725,0.07670168578624725,0.07670168578624725,0,0.0,0.0
1984-03-06 00:00:00-05:00,0.07670168578624725,0.07670168578624725,0.07670168578624725,0.07670168578624725,0,0.0,0.0
1984-03-07 00:00:00-05:00,0.07670168578624725,0.07670168578624725,0.07670168578624725,0.07670168578624725,0,0.0,0.0
1984-03-08 00:00:00-05:00,0.07670168578624725,0.07670168578624725,0.07670168578624725,0.07670168578624725,0,0.0,0.0
1984-03-09 00:00:00-05:00,0.0,0.07530707865953445,0.07530707865953445,0.07530707865953445,7200,0.0,0.0
1984-03-12 00:00:00-05:00,0.07530707865953445,0.07530707865953445,0.07530707865953445,0.07530707865953445,0,0.0,0.0
1984-03-13 00:00:00-05:00,0.0,0.07739896327257156,0.07670167213401426,0.07739896327257156,10800,0.0,0.0
1984-03-14 00:00:00-05:00,0.07739896327257156,0.07739896327257156,0.07739896327257156,0.07739896327257156,0,0.0,0.0
1984-03-15 00:00:00-05:00,0.07739896327257156,0.07739896327257156,0.07739896327257156,0.07739896327257156,0,0.0,0.0
1984-03-16 00:00:00-05:00,0.07739896327257156,0.07739896327257156,0.07739896327257156,0.07739896327257156,0,0.0,0.0
1984-03-19 00:00:00-05:00,0.0,0.07600439339876175,0.07460981078424786,0.07600439339876175,72000,0.0,0.0
1984-03-20 00:00:00-05:00,0.07600439339876175,0.07600439339876175,0.07600439339876175,0.07600439339876175,0,0.0,0.0
1984-03-21 00:00:00-05:00,0.07600439339876175,0.07600439339876175,0.07600439339876175,0.07600439339876175,0,0.0,0.0
1984-03-22 00:00:00-05:00,0.0,0.07460978627204895,0.07460978627204895,0.07460978627204895,3600,0.0,0.0
1984-03-23 00:00:00-05:00,0.07460978627204895,0.07460978627204895,0.07460978627204895,0.07460978627204895,0,0.0,0.0
1984-03-26 00:00:00-05:00,0.07460978627204895,0.07460978627204895,0.07460978627204895,0.07460978627204895,0,0.0,0.0
1984-03-27 00:00:00-05:00,0.0,0.07321520149707794,0.07321520149707794,0.07321520149707794,3600,0.0,0.0
1984-03-28 00:00:00-05:00,0.07321520149707794,0.07321520149707794,0.07321520149707794,0.07321520149707794,0,0.0,0.0
1984-03-29 00:00:00-05:00,0.0,0.07391253858804703,0.07391253858804703,0.07391253858804703,3600,0.0,0.0
1984-03-30 00:00:00-05:00,0.07391253858804703,0.07391253858804703,0.07391253858804703,0.07391253858804703,0,0.0,0.0
1984-04-02 00:00:00-05:00,0.07391253858804703,0.07391253858804703,0.07391253858804703,0.07391253858804703,0,0.0,0.0
1984-04-03 00:00:00-05:00,0.07391253858804703,0.07391253858804703,0.07391253858804703,0.07391253858804703,0,0.0,0.0
1984-04-04 00:00:00-05:00,0.0,0.07321520149707794,0.07321520149707794,0.07321520149707794,3600,0.0,0.0
1984-04-05 00:00:00-05:00,0.0,0.07530707865953445,0.07530707865953445,0.07530707865953445,3600,0.0,0.0
1984-04-06 00:00:00-05:00,0.0,0.07460978627204895,0.07460978627204895,0.07460978627204895,3600,0.0,0.0
1984-04-09 00:00:00-05:00,0.07460978627204895,0.07460978627204895,0.07460978627204895,0.07460978627204895,0,0.0,0.0
1984-04-10 00:00:00-05:00,0.0,0.0753071276609441,0.07391253858804703,0.07391253858804703,7200,0.0,0.0
1984-04-11 00:00:00-05:00,0.07391253858804703,0.07391253858804703,0.07391253858804703,0.07391253858804703,0,0.0,0.0
1984-04-12 00:00:00-05:00,0.07391253858804703,0.07391253858804703,0.07391253858804703,0.07391253858804703,0,0.0,0.0
1984-04-13 00:00:00-05:00,0.07391253858804703,0.07391253858804703,0.07391253858804703,0.07391253858804703,0,0.0,0.0
1984-04-16 00:00:00-05:00,0.07391253858804703,0.07391253858804703,0.07391253858804703,0.07391253858804703,0,0.0,0.0
1984-04-17 00:00:00-05:00,0.07391253858804703,0.07391253858804703,0.07391253858804703,0.07391253858804703,0,0.0,0.0
1984-04-18 00:00:00-05:00,0.07391253858804703,0.07391253858804703,0.07391253858804703,0.07391253858804703,0,0.0,0.0
1984-04-19 00:00:00-05:00,0.07391253858804703,0.07391253858804703,0.07391253858804703,0.07391253858804703,0,0.0,0.0
1984-04-23 00:00:00-05:00,0.07391253858804703,0.07391253858804703,0.07391253858804703,0.07391253858804703,0,0.0,0.0
1984-04-24 00:00:00-05:00,0.07391253858804703,0.07391253858804703,0.07391253858804703,0.07391253858804703,0,0.0,0.0
1984-04-25 00:00:00-05:00,0.07391253858804703,0.07391253858804703,0.07391253858804703,0.07391253858804703,0,0.0,0.0
1984-04-26 00:00:00-05:00,0.07391253858804703,0.07391253858804703,0.07391253858804703,0.07391253858804703,0,0.0,0.0
1984-04-27 00:00:00-05:00,0.07391253858804703,0.07391253858804703,0.07391253858804703,0.07391253858804703,0,0.0,0.0
1984-04-30 00:00:00-04:00,0.07391253858804703,0.07391253858804703,0.07391253858804703,0.07391253858804703,0,0.0,0.0
1984-05-01 00:00:00-04:00,0.07391253858804703,0.07391253858804703,0.07391253858804703,0.07391253858804703,0,0.0,0.0
1984-05-02 00:00:00-04:00,0.07391253858804703,0.07391253858804703,0.07391253858804703,0.07391253858804703,0,0.0,0.0
1984-05-03 00:00:00-04:00,0.07391253858804703,0.07391253858804703,0.07391253858804703,0.07391253858804703,0,0.0,0.0
1984-05-04 00:00:00-04:00,0.07391253858804703,0.07391253858804703,0.07391253858804703,0.07391253858804703,0,0.0,0.0
1984-05-07 00:00:00-04:00,0.07391253858804703,0.07391253858804703,0.07391253858804703,0.07391253858804703,0,0.0,0.0
1984-05-08 00:00:00-04:00,0.07391253858804703,0.07391253858804703,0.07391253858804703,0.07391253858804703,0,0.0,0.0
1984-05-09 00:00:00-04:00,0.0,0.07042611390352249,0.07042611390352249,0.07042611390352249,3600,0.0,0.0
1984-05-10 00:00:00-04:00,0.0,0.07042611390352249,0.07042611390352249,0.07042611390352249,3600,0.0,0.0
1984-05-11 00:00:00-04:00,0.07042611390352249,0.07042611390352249,0.07042611390352249,0.07042611390352249,0,0.0,0.0
1984-05-14 00:00:00-04:00,0.07042611390352249,0.07042611390352249,0.07042611390352249,0.07042611390352249,0,0.0,0.0
1984-05-15 00:00:00-04:00,0.07042611390352249,0.07042611390352249,0.07042611390352249,0.07042611390352249,0,0.0,0.0
1984-05-16 00:00:00-04:00,0.07042611390352249,0.07042611390352249,0.07042611390352249,0.07042611390352249,0,0.0,0.0
1984-05-17 00:00:00-04:00,0.07042611390352249,0.07042611390352249,0.07042611390352249,0.07042611390352249,0,0.0,0.0
1984-05-18 00:00:00-04:00,0.07042611390352249,0.07042611390352249,0.07042611390352249,0.07042611390352249,0,0.0,0.0
1984-05-21 00:00:00-04:00,0.0,0.06903150677680969,0.06903150677680969,0.06903150677680969,7200,0.0,0.0
1984-05-22 00:00:00-04:00,0.06903150677680969,0.06903150677680969,0.06903150677680969,0.06903150677680969,0,0.0,0.0
1984-05-23 00:00:00-04:00,0.06903150677680969,0.06903150677680969,0.06903150677680969,0.06903150677680969,0,0.0,0.0
1984-05-24 00:00:00-04:00,0.0,0.0697287991642952,0.0697287991642952,0.0697287991642952,3600,0.0,0.0
1984-05-25 00:00:00-04:00,0.0,0.06903150677680969,0.06903150677680969,0.06903150677680969,3600,0.0,0.0
1984-05-29 00:00:00-04:00,0.06903150677680969,0.06903150677680969,0.06903150677680969,0.06903150677680969,0,0.0,0.0
1984-05-30 00:00:00-04:00,0.0,0.0676368921995163,0.0676368921995163,0.0676368921995163,3600,0.0,0.0
1984-05-31 00:00:00-04:00,0.0676368921995163,0.0676368921995163,0.0676368921995163,0.0676368921995163,0,0.0,0.0
1984-06-01 00:00:00-04:00,0.0676368921995163,0.0676368921995163,0.0676368921995163,0.0676368921995163,0,0.0,0.0
1984-06-04 00:00:00-04:00,0.0676368921995163,0.0676368921995163,0.0676368921995163,0.0676368921995163,0,0.0,0.0
1984-06-05 00:00:00-04:00,0.0676368921995163,0.0676368921995163,0.0676368921995163,0.0676368921995163,0,0.0,0.0
1984-06-06 00:00:00-04:00,0.0676368921995163,0.0676368921995163,0.0676368921995163,0.0676368921995163,0,0.0,0.0
1984-06-07 00:00:00-04:00,0.0676368921995163,0.0676368921995163,0.0676368921995163,0.0676368921995163,0,0.0,0.0
1984-06-08 00:00:00-04:00,0.0676368921995163,0.0676368921995163,0.0676368921995163,0.0676368921995163,0,0.0,0.0
1984-06-11 00:00:00-04:00,0.0676368921995163,0.0676368921995163,0.0676368921995163,0.0676368921995163,0,0.0,0.0
1984-06-12 00:00:00-04:00,0.0676368921995163,0.0676368921995163,0.0676368921995163,0.0676368921995163,0,0.0,0.0
1984-06-13 00:00:00-04:00,0.0,0.06938014179468155,0.06938014179468155,0.06938014179468155,54000,0.0,0.0
1984-06-14 00:00:00-04:00,0.0,0.06938014179468155,0.06938014179468155,0.06938014179468155,10800,0.0,0.0
1984-06-15 00:00:00-04:00,0.0,0.0676368921995163,0.0676368921995163,0.0676368921995163,3600,0.0,0.0
1984-06-18 00:00:00-04:00,0.0676368921995163,0.0676368921995163,0.0676368921995163,0.0676368921995163,0,0.0,0.0
1984-06-19 00:00:00-04:00,0.0,0.06885719299316406,0.06885719299316406,0.06885719299316406,3600,0.0,0.0
1984-06-20 00:00:00-04:00,0.0,0.0676368921995163,0.0676368921995163,0.0676368921995163,3600,0.0,0.0
1984-06-21 00:00:00-04:00,0.0676368921995163,0.0676368921995163,0.0676368921995163,0.0676368921995163,0,0.0,0.0
1984-06-22 00:00:00-04:00,0.0676368921995163,0.0676368921995163,0.0676368921995163,0.0676368921995163,0,0.0,0.0
1984-06-25 00:00:00-04:00,0.0676368921995163,0.0676368921995163,0.0676368921995163,0.0676368921995163,0,0.0,0.0
1984-06-26 00:00:00-04:00,0.0676368921995163,0.0676368921995163,0.0676368921995163,0.0676368921995163,0,0.0,0.0
1984-06-27 00:00:00-04:00,0.0676368921995163,0.0676368921995163,0.0676368921995163,0.0676368921995163,0,0.0,0.0
1984-06-28 00:00:00-04:00,0.0676368921995163,0.0676368921995163,0.0676368921995163,0.0676368921995163,0,0.0,0.0
1984-06-29 00:00:00-04:00,0.0676368921995163,0.0676368921995163,0.0676368921995163,0.0676368921995163,0,0.0,0.0
1984-07-02 00:00:00-04:00,0.0676368921995163,0.0676368921995163,0.0676368921995163,0.0676368921995163,0,0.0,0.0
1984-07-03 00:00:00-04:00,0.0676368921995163,0.0676368921995163,0.0676368921995163,0.0676368921995163,0,0.0,0.0
1984-07-05 00:00:00-04:00,0.0676368921995163,0.0676368921995163,0.0676368921995163,0.0676368921995163,0,0.0,0.0
1984-07-06 00:00:00-04:00,0.0676368921995163,0.0676368921995163,0.0676368921995163,0.0676368921995163,0,0.0,0.0
1984-07-09 00:00:00-04:00,0.0676368921995163,0.0676368921995163,0.0676368921995163,0.0676368921995163,0,0.0,0.0
1984-07-10 00:00:00-04:00,0.0676368921995163,0.0676368921995163,0.0676368921995163,0.0676368921995163,0,0.0,0.0
1984-07-11 00:00:00-04:00,0.0676368921995163,0.0676368921995163,0.0676368921995163,0.0676368921995163,0,0.0,0.0
1984-07-12 00:00:00-04:00,0.0,0.06415049731731415,0.06415049731731415,0.06415049731731415,10800,0.0,0.0
1984-07-13 00:00:00-04:00,0.06415049731731415,0.06415049731731415,0.06415049731731415,0.06415049731731415,0,0.0,0.0
1984-07-16 00:00:00-04:00,0.06415049731731415,0.06415049731731415,0.06415049731731415,0.06415049731731415,0,0.0,0.0
1984-07-17 00:00:00-04:00,0.06415049731731415,0.06415049731731415,0.06415049731731415,0.06415049731731415,0,0.0,0.0
1984-07-18 00:00:00-04:00,0.0,0.06275593489408493,0.06275593489408493,0.06275593489408493,3600,0.0,0.0
1984-07-19 00:00:00-04:00,0.06275593489408493,0.06275593489408493,0.06275593489408493,0.06275593489408493,0,0.0,0.0
1984-07-20 00:00:00-04:00,0.0,0.06415049731731415,0.06415049731731415,0.06415049731731415,3600,0.0,0.0
1984-07-23 00:00:00-04:00,0.06415049731731415,0.06415049731731415,0.06415049731731415,0.06415049731731415,0,0.0,0.0
1984-07-24 00:00:00-04:00,0.06415049731731415,0.06415049731731415,0.06415049731731415,0.06415049731731415,0,0.0,0.0
1984-07-25 00:00:00-04:00,0.06415049731731415,0.06415049731731415,0.06415049731731415,0.06415049731731415,0,0.0,0.0
1984-07-26 00:00:00-04:00,0.06415049731731415,0.06415049731731415,0.06415049731731415,0.06415049731731415,0,0.0,0.0
1984-07-27 00:00:00-04:00,0.06415049731731415,0.06415049731731415,0.06415049731731415,0.06415049731731415,0,0.0,0.0
1984-07-30 00:00:00-04:00,0.06415049731731415,0.06415049731731415,0.06415049731731415,0.06415049731731415,0,0.0,0.0
1984-07-31 00:00:00-04:00,0.06415049731731415,0.06415049731731415,0.06415049731731415,0.06415049731731415,0,0.0,0.0
1984-08-01 00:00:00-04:00,0.06415049731731415,0.06415049731731415,0.06415049731731415,0.06415049731731415,0,0.0,0.0
1984-08-02 00:00:00-04:00,0.0,0.06554508209228516,0.06554508209228516,0.06554508209228516,7200,0.0,0.0
1984-08-03 00:00:00-04:00,0.06554508209228516,0.06554508209228516,0.06554508209228516,0.06554508209228516,0,0.0,0.0
1984-08-06 00:00:00-04:00,0.0,0.06693965714997083,0.06554512185597966,0.06624235957860947,18000,0.0,0.0
1984-08-07 00:00:00-04:00,0.0,0.06484778997472122,0.06449911743402481,0.06449911743402481,86400,0.0,0.0
1984-08-08 00:00:00-04:00,0.06449911743402481,0.06449911743402481,0.06449911743402481,0.06449911743402481,0,0.0,0.0
1984-08-09 00:00:00-04:00,0.0,0.06345319002866745,0.06345319002866745,0.06345319002866745,3600,0.0,0.0
1984-08-10 00:00:00-04:00,0.06345319002866745,0.06345319002866745,0.06345319002866745,0.06345319002866745,0,0.0,0.0
1984-08-13 00:00:00-04:00,0.0,0.06589370965957642,0.06589370965957642,0.06589370965957642,18000,0.0,0.0
1984-08-14 00:00:00-04:00,0.06589370965957642,0.06589370965957642,0.06589370965957642,0.06589370965957642,0,0.0,0.0
1984-08-15 00:00:00-04:00,0.0,0.06938014179468155,0.06938014179468155,0.06938014179468155,21600,0.0,0.0
1984-08-16 00:00:00-04:00,0.06938014179468155,0.06938014179468155,0.06938014179468155,0.06938014179468155,0,0.0,0.0
1984-08-17 00:00:00-04:00,0.06938014179468155,0.06938014179468155,0.06938014179468155,0.06938014179468155,0,0.0,0.0
1984-08-20 00:00:00-04:00,0.06938014179468155,0.06938014179468155,0.06938014179468155,0.06938014179468155,0,0.0,0.0
1984-08-21 00:00:00-04:00,0.06938014179468155,0.06938014179468155,0.06938014179468155,0.06938014179468155,0,0.0,0.0
1984-08-22 00:00:00-04:00,0.0,0.06833421438932419,0.06833421438932419,0.06833421438932419,3600,0.0,0.0
1984-08-23 00:00:00-04:00,0.06833421438932419,0.06833421438932419,0.06833421438932419,0.06833421438932419,0,0.0,0.0
1984-08-24 00:00:00-04:00,0.06833421438932419,0.06833421438932419,0.06833421438932419,0.06833421438932419,0,0.0,0.0
1984-08-27 00:00:00-04:00,0.06833421438932419,0.06833421438932419,0.06833421438932419,0.06833421438932419,0,0.0,0.0
1984-08-28 00:00:00-04:00,0.06833421438932419,0.06833421438932419,0.06833421438932419,0.06833421438932419,0,0.0,0.0
1984-08-29 00:00:00-04:00,0.06833421438932419,0.06833421438932419,0.06833421438932419,0.06833421438932419,0,0.0,0.0
1984-08-30 00:00:00-04:00,0.0,0.06746262311935425,0.06746262311935425,0.06746262311935425,14400,0.0,0.0
1984-08-31 00:00:00-04:00,0.06746262311935425,0.06746262311935425,0.06746262311935425,0.06746262311935425,0,0.0,0.0
1984-09-04 00:00:00-04:00,0.06746262311935425,0.06746262311935425,0.06746262311935425,0.06746262311935425,0,0.0,0.0
1984-09-05 00:00:00-04:00,0.06746262311935425,0.06746262311935425,0.06746262311935425,0.06746262311935425,0,0.0,0.0
1984-09-06 00:00:00-04:00,0.06746262311935425,0.06746262311935425,0.06746262311935425,0.06746262311935425,0,0.0,0.0
1984-09-07 00:00:00-04:00,0.06746262311935425,0.06746262311935425,0.06746262311935425,0.06746262311935425,0,0.0,0.0
1984-09-10 00:00:00-04:00,0.06746262311935425,0.06746262311935425,0.06746262311935425,0.06746262311935425,0,0.0,0.0
1984-09-11 00:00:00-04:00,0.06746262311935425,0.06746262311935425,0.06746262311935425,0.06746262311935425,0,0.0,0.0
1984-09-12 00:00:00-04:00,0.06746262311935425,0.06746262311935425,0.06746262311935425,0.06746262311935425,0,0.0,0.0
1984-09-13 00:00:00-04:00,0.06746262311935425,0.06746262311935425,0.06746262311935425,0.06746262311935425,0,0.0,0.0
1984-09-14 00:00:00-04:00,0.06746262311935425,0.06746262311935425,0.06746262311935425,0.06746262311935425,0,0.0,0.0
1984-09-17 00:00:00-04:00,0.06746262311935425,0.06746262311935425,0.06746262311935425,0.06746262311935425,0,0.0,0.0
1984-09-18 00:00:00-04:00,0.0,0.06624235957860947,0.06624235957860947,0.06624235957860947,3600,0.0,0.0
1984-09-19 00:00:00-04:00,0.06624235957860947,0.06624235957860947,0.06624235957860947,0.06624235957860947,0,0.0,0.0
1984-09-20 00:00:00-04:00,0.0,0.06484780460596085,0.06484780460596085,0.06484780460596085,3600,0.0,0.0
1984-09-21 00:00:00-04:00,0.06484780460596085,0.06484780460596085,0.06484780460596085,0.06484780460596085,0,0.0,0.0
1984-09-24 00:00:00-04:00,0.06484780460596085,0.06484780460596085,0.06484780460596085,0.06484780460596085,0,0.0,0.0
1984-09-25 00:00:00-04:00,0.0,0.06415049731731415,0.06415049731731415,0.06415049731731415,7200,0.0,0.0
1984-09-26 00:00:00-04:00,0.0,0.06554508209228516,0.06554508209228516,0.06554508209228516,3600,0.0,0.0
1984-09-27 00:00:00-04:00,0.06554508209228516,0.06554508209228516,0.06554508209228516,0.06554508209228516,0,0.0,0.0
1984-09-28 00:00:00-04:00,0.06554508209228516,0.06554508209228516,0.06554508209228516,0.06554508209228516,0,0.0,0.0
1984-10-01 00:00:00-04:00,0.06554508209228516,0.06554508209228516,0.06554508209228516,0.06554508209228516,0,0.0,0.0
1984-10-02 00:00:00-04:00,0.06554508209228516,0.06554508209228516,0.06554508209228516,0.06554508209228516,0,0.0,0.0
1984-10-03 00:00:00-04:00,0.0,0.06693964451551437,0.06693964451551437,0.06693964451551437,10800,0.0,0.0
1984-10-04 00:00:00-04:00,0.06693964451551437,0.06693964451551437,0.06693964451551437,0.06693964451551437,0,0.0,0.0
1984-10-05 00:00:00-04:00,0.0,0.06833421438932419,0.06833421438932419,0.06833421438932419,3600,0.0,0.0
1984-10-08 00:00:00-04:00,0.06833421438932419,0.06833421438932419,0.06833421438932419,0.06833421438932419,0,0.0,0.0
1984-10-09 00:00:00-04:00,0.0,0.0697287991642952,0.0697287991642952,0.0697287991642952,3600,0.0,0.0
1984-10-10 00:00:00-04:00,0.0,0.07112335413694382,0.07112335413694382,0.07112335413694382,3600,0.0,0.0
1984-10-11 00:00:00-04:00,0.07112335413694382,0.07112335413694382,0.07112335413694382,0.07112335413694382,0,0.0,0.0
1984-10-12 00:00:00-04:00,0.07112335413694382,0.07112335413694382,0.07112335413694382,0.07112335413694382,0,0.0,0.0
1984-10-15 00:00:00-04:00,0.07112335413694382,0.07112335413694382,0.07112335413694382,0.07112335413694382,0,0.0,0.0
1984-10-16 00:00:00-04:00,0.0,0.07251793146133423,0.0711233965994709,0.07251793146133423,14400,0.0,0.0
1984-10-17 00:00:00-04:00,0.0,0.07112338771580926,0.0697287991642952,0.0697287991642952,7200,0.0,0.0
1984-10-18 00:00:00-04:00,0.0,0.06833421438932419,0.06833421438932419,0.06833421438932419,10800,0.0,0.0
1984-10-19 00:00:00-04:00,0.0,0.06833421438932419,0.06833421438932419,0.06833421438932419,28800,0.0,0.0
1984-10-22 00:00:00-04:00,0.0,0.07182066887617111,0.07042608063743318,0.07182066887617111,10800,0.0,0.0
1984-10-23 00:00:00-04:00,0.07182066887617111,0.07182066887617111,0.07182066887617111,0.07182066887617111,0,0.0,0.0
1984-10-24 00:00:00-04:00,0.0,0.07112335413694382,0.07112335413694382,0.07112335413694382,7200,0.0,0.0
1984-10-25 00:00:00-04:00,0.0,0.07251793146133423,0.07251793146133423,0.07251793146133423,7200,0.0,0.0
1984-10-26 00:00:00-04:00,0.0,0.07112335413694382,0.07112335413694382,0.07112335413694382,3600,0.0,0.0
1984-10-29 00:00:00-05:00,0.07112335413694382,0.07112335413694382,0.07112335413694382,0.07112335413694382,0,0.0,0.0
1984-10-30 00:00:00-05:00,0.0,0.07251793146133423,0.07251793146133423,0.07251793146133423,3600,0.0,0.0
1984-10-31 00:00:00-05:00,0.0,0.07391253858804703,0.07391253858804703,0.07391253858804703,3600,0.0,0.0
1984-11-01 00:00:00-05:00,0.07391253858804703,0.07391253858804703,0.07391253858804703,0.07391253858804703,0,0.0,0.0
1984-11-02 00:00:00-05:00,0.07391253858804703,0.07391253858804703,0.07391253858804703,0.07391253858804703,0,0.0,0.0
1984-11-05 00:00:00-05:00,0.07391253858804703,0.07391253858804703,0.07391253858804703,0.07391253858804703,0,0.0,0.0
1984-11-06 00:00:00-05:00,0.07391253858804703,0.07391253858804703,0.07391253858804703,0.07391253858804703,0,0.0,0.0
1984-11-07 00:00:00-05:00,0.07391253858804703,0.07391253858804703,0.07391253858804703,0.07391253858804703,0,0.0,0.0
1984-11-08 00:00:00-05:00,0.07391253858804703,0.07391253858804703,0.07391253858804703,0.07391253858804703,0,0.0,0.0
1984-11-09 00:00:00-05:00,0.07391253858804703,0.07391253858804703,0.07391253858804703,0.07391253858804703,0,0.0,0.0
1984-11-12 00:00:00-05:00,0.07391253858804703,0.07391253858804703,0.07391253858804703,0.07391253858804703,0,0.0,0.0
1984-11-13 00:00:00-05:00,0.07391253858804703,0.07391253858804703,0.07391253858804703,0.07391253858804703,0,0.0,0.0
1984-11-14 00:00:00-05:00,0.07391253858804703,0.07391253858804703,0.07391253858804703,0.07391253858804703,0,0.0,0.0
1984-11-15 00:00:00-05:00,0.07391253858804703,0.07391253858804703,0.07391253858804703,0.07391253858804703,0,0.0,0.0
1984-11-16 00:00:00-05:00,0.07391253858804703,0.07391253858804703,0.07391253858804703,0.07391253858804703,0,0.0,0.0
1984-11-19 00:00:00-05:00,0.07391253858804703,0.07391253858804703,0.07391253858804703,0.07391253858804703,0,0.0,0.0
1984-11-20 00:00:00-05:00,0.07391253858804703,0.07391253858804703,0.07391253858804703,0.07391253858804703,0,0.0,0.0
1984-11-21 00:00:00-05:00,0.07391253858804703,0.07391253858804703,0.07391253858804703,0.07391253858804703,0,0.0,0.0
1984-11-23 00:00:00-05:00,0.07391253858804703,0.07391253858804703,0.07391253858804703,0.07391253858804703,0,0.0,0.0
1984-11-26 00:00:00-05:00,0.07391253858804703,0.07391253858804703,0.07391253858804703,0.07391253858804703,0,0.0,0.0
1984-11-27 00:00:00-05:00,0.0,0.09651090198263668,0.09465497732162476,0.09465497732162476,7200,0.366,0.0
1984-11-28 00:00:00-05:00,0.09465497732162476,0.09465497732162476,0.09465497732162476,0.09465497732162476,0,0.0,0.0
1984-11-29 00:00:00-05:00,0.09465497732162476,0.09465497732162476,0.09465497732162476,0.09465497732162476,0,0.0,0.0
1984-11-30 00:00:00-05:00,0.09465497732162476,0.09465497732162476,0.09465497732162476,0.09465497732162476,0,0.0,0.0
1984-12-03 00:00:00-05:00,0.0,0.09651090198263668,0.09465497732162476,0.09465497732162476,10800,0.0,0.0
1984-12-04 00:00:00-05:00,0.0,0.09511891007423401,0.09511891007423401,0.09511891007423401,3600,0.0,0.0
1984-12-05 00:00:00-05:00,0.09511891007423401,0.09511891007423401,0.09511891007423401,0.09511891007423401,0,0.0,0.0
1984-12-06 00:00:00-05:00,0.09511891007423401,0.09511891007423401,0.09511891007423401,0.09511891007423401,0,0.0,0.0
1984-12-07 00:00:00-05:00,0.09511891007423401,0.09511891007423401,0.09511891007423401,0.09511891007423401,0,0.0,0.0
1984-12-10 00:00:00-05:00,0.09511891007423401,0.09511891007423401,0.09511891007423401,0.09511891007423401,0,0.0,0.0
1984-12-11 00:00:00-05:00,0.09511891007423401,0.09511891007423401,0.09511891007423401,0.09511891007423401,0,0.0,0.0
1984-12-12 00:00:00-05:00,0.09511891007423401,0.09511891007423401,0.09511891007423401,0.09511891007423401,0,0.0,0.0
1984-12-13 00:00:00-05:00,0.0,0.09419092535972595,0.09419092535972595,0.09419092535972595,21600,0.0,0.0
1984-12-14 00:00:00-05:00,0.09419092535972595,0.09419092535972595,0.09419092535972595,0.09419092535972595,0,0.0,0.0
1984-12-17 00:00:00-05:00,0.09419092535972595,0.09419092535972595,0.09419092535972595,0.09419092535972595,0,0.0,0.0
1984-12-18 00:00:00-05:00,0.09419092535972595,0.09419092535972595,0.09419092535972595,0.09419092535972595,0,0.0,0.0
1984-12-19 00:00:00-05:00,0.09419092535972595,0.09419092535972595,0.09419092535972595,0.09419092535972595,0,0.0,0.0
1984-12-20 00:00:00-05:00,0.09419092535972595,0.09419092535972595,0.09419092535972595,0.09419092535972595,0,0.0,0.0
1984-12-21 00:00:00-05:00,0.09419092535972595,0.09419092535972595,0.09419092535972595,0.09419092535972595,0,0.0,0.0
1984-12-24 00:00:00-05:00,0.09419092535972595,0.09419092535972595,0.09419092535972595,0.09419092535972595,0,0.0,0.0
1984-12-26 00:00:00-05:00,0.09419092535972595,0.09419092535972595,0.09419092535972595,0.09419092535972595,0,0.0,0.0
1984-12-27 00:00:00-05:00,0.09419092535972595,0.09419092535972595,0.09419092535972595,0.09419092535972595,0,0.0,0.0
1984-12-28 00:00:00-05:00,0.09419092535972595,0.09419092535972595,0.09419092535972595,0.09419092535972595,0,0.0,0.0
1984-12-31 00:00:00-05:00,0.09419092535972595,0.09419092535972595,0.09419092535972595,0.09419092535972595,0,0.0,0.0
1985-01-02 00:00:00-05:00,0.09419092535972595,0.09419092535972595,0.09419092535972595,0.09419092535972595,0,0.0,0.0
1985-01-03 00:00:00-05:00,0.09419092535972595,0.09419092535972595,0.09419092535972595,0.09419092535972595,0,0.0,0.0
1985-01-04 00:00:00-05:00,0.09419092535972595,0.09419092535972595,0.09419092535972595,0.09419092535972595,0,0.0,0.0
1985-01-07 00:00:00-05:00,0.0,0.09767096489667892,0.09279898900141449,0.09767096489667892,216000,0.0,0.0
1985-01-08 00:00:00-05:00,0.09767096489667892,0.09767096489667892,0.09767096489667892,0.09767096489667892,0,0.0,0.0
1985-01-09 00:00:00-05:00,0.09767096489667892,0.09767096489667892,0.09767096489667892,0.09767096489667892,0,0.0,0.0
1985-01-10 00:00:00-05:00,0.09767096489667892,0.09767096489667892,0.09767096489667892,0.09767096489667892,0,0.0,0.0
1985-01-11 00:00:00-05:00,0.09767096489667892,0.09767096489667892,0.09767096489667892,0.09767096489667892,0,0.0,0.0
1985-01-14 00:00:00-05:00,0.09767096489667892,0.09767096489667892,0.09767096489667892,0.09767096489667892,0,0.0,0.0
1985-01-15 00:00:00-05:00,0.09767096489667892,0.09767096489667892,0.09767096489667892,0.09767096489667892,0,0.0,0.0
1985-01-16 00:00:00-05:00,0.09767096489667892,0.09767096489667892,0.09767096489667892,0.09767096489667892,0,0.0,0.0
1985-01-17 00:00:00-05:00,0.0,0.10022290050983429,0.10022290050983429,0.10022290050983429,10800,0.0,0.0
1985-01-18 00:00:00-05:00,0.10022290050983429,0.10022290050983429,0.10022290050983429,0.10022290050983429,0,0.0,0.0
1985-01-21 00:00:00-05:00,0.0,0.10207891727704801,0.09836692363023758,0.09836692363023758,14400,0.0,0.0
1985-01-22 00:00:00-05:00,0.09836692363023758,0.09836692363023758,0.09836692363023758,0.09836692363023758,0,0.0,0.0
1985-01-23 00:00:00-05:00,0.09836692363023758,0.09836692363023758,0.09836692363023758,0.09836692363023758,0,0.0,0.0
1985-01-24 00:00:00-05:00,0.0,0.10022290050983429,0.0983669040557622,0.10022290050983429,18000,0.0,0.0
1985-01-25 00:00:00-05:00,0.10022290050983429,0.10022290050983429,0.10022290050983429,0.10022290050983429,0,0.0,0.0
1985-01-28 00:00:00-05:00,0.0,0.10022290050983429,0.09697494056646032,0.10022290050983429,21600,0.0,0.0
1985-01-29 00:00:00-05:00,0.0,0.1020788699388504,0.1020788699388504,0.1020788699388504,3600,0.0,0.0
1985-01-30 00:00:00-05:00,0.1020788699388504,0.1020788699388504,0.1020788699388504,0.1020788699388504,0,0.0,0.0
1985-01-31 00:00:00-05:00,0.1020788699388504,0.1020788699388504,0.1020788699388504,0.1020788699388504,0,0.0,0.0
1985-02-01 00:00:00-05:00,0.1020788699388504,0.1020788699388504,0.1020788699388504,0.1020788699388504,0,0.0,0.0
1985-02-04 00:00:00-05:00,0.0,0.10486277117897409,0.10300684720277786,0.10300684720277786,25200,0.0,0.0
1985-02-05 00:00:00-05:00,0.0,0.10161483287811279,0.10161483287811279,0.10161483287811279,28800,0.0,0.0
1985-02-06 00:00:00-05:00,0.0,0.10115087777376175,0.10115087777376175,0.10115087777376175,18000,0.0,0.0
1985-02-07 00:00:00-05:00,0.0,0.10207889696390639,0.10022290050983429,0.10022290050983429,7200,0.0,0.0
1985-02-08 00:00:00-05:00,0.0,0.1020788699388504,0.1020788699388504,0.1020788699388504,7200,0.0,0.0
1985-02-11 00:00:00-05:00,0.0,0.10068679600954057,0.10068679600954057,0.10068679600954056,3600,0.0,0.0
1985-02-12 00:00:00-05:00,0.0,0.10022290050983429,0.10022290050983429,0.10022290050983429,14400,0.0,0.0
1985-02-13 00:00:00-05:00,0.0,0.1020788699388504,0.1020788699388504,0.1020788699388504,3600,0.0,0.0
1985-02-14 00:00:00-05:00,0.0,0.10022290050983429,0.10022290050983429,0.10022290050983429,7200,0.0,0.0
1985-02-15 00:00:00-05:00,0.10022290050983429,0.10022290050983429,0.10022290050983429,0.10022290050983429,0,0.0,0.0
1985-02-19 00:00:00-05:00,0.0,0.098830983042717,0.098830983042717,0.09883098304271698,3600,0.0,0.0
1985-02-20 00:00:00-05:00,0.0,0.09836692363023758,0.09836692363023758,0.09836692363023758,3600,0.0,0.0
1985-02-21 00:00:00-05:00,0.0,0.09651092439889908,0.09651092439889908,0.09651092439889908,7200,0.0,0.0
1985-02-22 00:00:00-05:00,0.09651092439889908,0.09651092439889908,0.09651092439889908,0.09651092439889908,0,0.0,0.0
1985-02-25 00:00:00-05:00,0.0,0.09465497732162476,0.09465497732162476,0.09465497732162476,14400,0.0,0.0
1985-02-26 00:00:00-05:00,0.09465497732162476,0.09465497732162476,0.09465497732162476,0.09465497732162476,0,0.0,0.0
1985-02-27 00:00:00-05:00,0.09465497732162476,0.09465497732162476,0.09465497732162476,0.09465497732162476,0,0.0,0.0
1985-02-28 00:00:00-05:00,0.0,0.09279894828796387,0.09279894828796387,0.09279894828796387,3600,0.0,0.0
1985-03-01 00:00:00-05:00,0.0,0.09094300121068954,0.09094300121068954,0.09094300121068954,14400,0.0,0.0
1985-03-04 00:00:00-05:00,0.0,0.08908697217702866,0.08908697217702866,0.08908697217702866,79200,0.0,0.0
1985-03-05 00:00:00-05:00,0.0,0.09465497732162476,0.09465497732162476,0.09465497732162476,36000,0.0,0.0
1985-03-06 00:00:00-05:00,0.0,0.09651092439889908,0.09651092439889908,0.09651092439889908,10800,0.0,0.0
1985-03-07 00:00:00-05:00,0.09651092439889908,0.09651092439889908,0.09651092439889908,0.09651092439889908,0,0.0,0.0
1985-03-08 00:00:00-05:00,0.09651092439889908,0.09651092439889908,0.09651092439889908,0.09651092439889908,0,0.0,0.0
1985-03-11 00:00:00-05:00,0.0,0.09836692363023758,0.09836692363023758,0.09836692363023758,3600,0.0,0.0
1985-03-12 00:00:00-05:00,0.09836692363023758,0.09836692363023758,0.09836692363023758,0.09836692363023758,0,0.0,0.0
1985-03-13 00:00:00-05:00,0.0,0.09651092439889908,0.09651092439889908,0.09651092439889908,3600,0.0,0.0
1985-03-14 00:00:00-05:00,0.0,0.10161483287811279,0.09836687392947359,0.10161483287811279,72000,0.0,0.0
1985-03-15 00:00:00-05:00,0.10161483287811279,0.10161483287811279,0.10161483287811279,0.10161483287811279,0,0.0,0.0
1985-03-18 00:00:00-05:00,0.10161483287811279,0.10161483287811279,0.10161483287811279,0.10161483287811279,0,0.0,0.0
1985-03-19 00:00:00-05:00,0.10161483287811279,0.10161483287811279,0.10161483287811279,0.10161483287811279,0,0.0,0.0
1985-03-20 00:00:00-05:00,0.10161483287811279,0.10161483287811279,0.10161483287811279,0.10161483287811279,0,0.0,0.0
1985-03-21 00:00:00-05:00,0.10161483287811279,0.10161483287811279,0.10161483287811279,0.10161483287811279,0,0.0,0.0
1985-03-22 00:00:00-05:00,0.0,0.10393485426902771,0.10393485426902771,0.10393485426902771,3600,0.0,0.0
1985-03-25 00:00:00-05:00,0.10393485426902771,0.10393485426902771,0.10393485426902771,0.10393485426902771,0,0.0,0.0
1985-03-26 00:00:00-05:00,0.10393485426902771,0.10393485426902771,0.10393485426902771,0.10393485426902771,0,0.0,0.0
1985-03-27 00:00:00-05:00,0.0,0.10950283706188202,0.1076468479976943,0.10950283706188202,7200,0.0,0.0
1985-03-28 00:00:00-05:00,0.10950283706188202,0.10950283706188202,0.10950283706188202,0.10950283706188202,0,0.0,0.0
1985-03-29 00:00:00-05:00,0.10950283706188202,0.10950283706188202,0.10950283706188202,0.10950283706188202,0,0.0,0.0
1985-04-01 00:00:00-05:00,0.10950283706188202,0.10950283706188202,0.10950283706188202,0.10950283706188202,0,0.0,0.0
1985-04-02 00:00:00-05:00,0.0,0.10950283706188202,0.10950283706188202,0.10950283706188202,10800,0.0,0.0
1985-04-03 00:00:00-05:00,0.10950283706188202,0.10950283706188202,0.10950283706188202,0.10950283706188202,0,0.0,0.0
1985-04-04 00:00:00-05:00,0.0,0.10764682024880098,0.10579082369804382,0.10579082369804382,7200,0.0,0.0
1985-04-08 00:00:00-05:00,0.10579082369804382,0.10579082369804382,0.10579082369804382,0.10579082369804382,0,0.0,0.0
1985-04-09 00:00:00-05:00,0.0,0.10022290050983429,0.10022290050983429,0.10022290050983429,36000,0.0,0.0
1985-04-10 00:00:00-05:00,0.0,0.10532683879137039,0.10207888712601937,0.10532683879137039,18000,0.0,0.0
1985-04-11 00:00:00-05:00,0.0,0.11089478433132172,0.10718286251532352,0.11089478433132172,21600,0.0,0.0
1985-04-12 00:00:00-05:00,0.11089478433132172,0.11089478433132172,0.11089478433132172,0.11089478433132172,0,0.0,0.0
1985-04-15 00:00:00-05:00,0.0,0.10903877019882202,0.10903877019882202,0.10903877019882202,7200,0.0,0.0
1985-04-16 00:00:00-05:00,0.0,0.11089478433132172,0.10903878758081459,0.11089478433132172,14400,0.0,0.0
1985-04-17 00:00:00-05:00,0.11089478433132172,0.11089478433132172,0.11089478433132172,0.11089478433132172,0,0.0,0.0
1985-04-18 00:00:00-05:00,0.11089478433132172,0.11089478433132172,0.11089478433132172,0.11089478433132172,0,0.0,0.0
1985-04-19 00:00:00-05:00,0.0,0.11275075376033784,0.11275075376033784,0.11275075376033783,14400,0.0,0.0
1985-04-22 00:00:00-05:00,0.0,0.11135877668857574,0.11089474381921205,0.11135877668857574,18000,0.0,0.0
1985-04-23 00:00:00-05:00,0.21766769886016848,0.21766769886016848,0.21766769886016848,0.21766769886016846,0,0.814,0.0
1985-04-24 00:00:00-05:00,0.0,0.21041204035282132,0.21041204035282132,0.21041204035282135,3600,0.0,0.0
1985-04-25 00:00:00-05:00,0.21041204035282132,0.21041204035282132,0.21041204035282132,0.21041204035282135,0,0.0,0.0
1985-04-26 00:00:00-05:00,0.21041204035282132,0.21041204035282132,0.21041204035282132,0.21041204035282135,0,0.0,0.0
1985-04-29 00:00:00-04:00,0.21041204035282132,0.21041204035282132,0.21041204035282132,0.21041204035282135,0,0.0,0.0
1985-04-30 00:00:00-04:00,0.21041204035282132,0.21041204035282132,0.21041204035282132,0.21041204035282135,0,0.0,0.0
1985-05-01 00:00:00-04:00,0.21041204035282132,0.21041204035282132,0.21041204035282132,0.21041204035282135,0,0.0,0.0
1985-05-02 00:00:00-04:00,0.0,0.20497016608715057,0.20497016608715057,0.20497016608715057,21600,0.0,0.0
1985-05-03 00:00:00-04:00,0.0,0.2104120454534564,0.20678421854972842,0.2067842185497284,25200,0.0,0.0
1985-05-06 00:00:00-04:00,0.20678421854972842,0.20678421854972842,0.20678421854972842,0.2067842185497284,0,0.0,0.0
1985-05-07 00:00:00-04:00,0.20678421854972842,0.20678421854972842,0.20678421854972842,0.2067842185497284,0,0.0,0.0
1985-05-08 00:00:00-04:00,0.20678421854972842,0.20678421854972842,0.20678421854972842,0.2067842185497284,0,0.0,0.0
1985-05-09 00:00:00-04:00,0.20678421854972842,0.20678421854972842,0.20678421854972842,0.2067842185497284,0,0.0,0.0
1985-05-10 00:00:00-04:00,0.20678421854972842,0.20678421854972842,0.20678421854972842,0.2067842185497284,0,0.0,0.0
1985-05-13 00:00:00-04:00,0.20678421854972842,0.20678421854972842,0.20678421854972842,0.2067842185497284,0,0.0,0.0
1985-05-14 00:00:00-04:00,0.20678421854972842,0.20678421854972842,0.20678421854972842,0.2067842185497284,0,0.0,0.0
1985-05-15 00:00:00-04:00,0.20678421854972842,0.20678421854972842,0.20678421854972842,0.2067842185497284,0,0.0,0.0
1985-05-16 00:00:00-04:00,0.20678421854972842,0.20678421854972842,0.20678421854972842,0.2067842185497284,0,0.0,0.0
1985-05-17 00:00:00-04:00,0.0,0.20950502157211304,0.2058771968422298,0.20950502157211304,7200,0.0,0.0
1985-05-20 00:00:00-04:00,0.20950502157211304,0.20950502157211304,0.20950502157211304,0.20950502157211304,0,0.0,0.0
1985-05-21 00:00:00-04:00,0.20950502157211304,0.20950502157211304,0.20950502157211304,0.20950502157211304,0,0.0,0.0
1985-05-22 00:00:00-04:00,0.0,0.21041204035282132,0.21041204035282132,0.21041204035282135,36000,0.0,0.0
1985-05-23 00:00:00-04:00,0.21041204035282132,0.21041204035282132,0.21041204035282132,0.21041204035282135,0,0.0,0.0
1985-05-24 00:00:00-04:00,0.21041204035282132,0.21041204035282132,0.21041204035282132,0.21041204035282135,0,0.0,0.0
1985-05-28 00:00:00-04:00,0.0,0.21403985159980393,0.21041204035282132,0.21041204035282135,39600,0.0,0.0
1985-05-29 00:00:00-04:00,0.21041204035282132,0.21041204035282132,0.21041204035282132,0.21041204035282135,0,0.0,0.0
1985-05-30 00:00:00-04:00,0.0,0.21313275396823883,0.21313275396823883,0.21313275396823883,3600,0.0,0.0
1985-05-31 00:00:00-04:00,0.0,0.21494670028896531,0.21131901443004608,0.21131901443004608,7200,0.0,0.0
1985-06-03 00:00:00-04:00,0.0,0.20950502157211304,0.20950502157211304,0.20950502157211304,43200,0.0,0.0
1985-06-04 00:00:00-04:00,0.20950502157211304,0.20950502157211304,0.20950502157211304,0.20950502157211304,0,0.0,0.0
1985-06-05 00:00:00-04:00,0.20950502157211304,0.20950502157211304,0.20950502157211304,0.20950502157211304,0,0.0,0.0
1985-06-06 00:00:00-04:00,0.0,0.21131901443004608,0.21131901443004608,0.21131901443004608,7200,0.0,0.0
1985-06-07 00:00:00-04:00,0.21131901443004608,0.21131901443004608,0.21131901443004608,0.21131901443004608,0,0.0,0.0
1985-06-10 00:00:00-04:00,0.0,0.2122260332107544,0.2122260332107544,0.2122260332107544,7200,0.0,0.0
1985-06-11 00:00:00-04:00,0.2122260332107544,0.2122260332107544,0.2122260332107544,0.2122260332107544,0,0.0,0.0
1985-06-12 00:00:00-04:00,0.2122260332107544,0.2122260332107544,0.2122260332107544,0.2122260332107544,0,0.0,0.0
1985-06-13 00:00:00-04:00,0.2122260332107544,0.2122260332107544,0.2122260332107544,0.2122260332107544,0,0.0,0.0
1985-06-14 00:00:00-04:00,0.2122260332107544,0.2122260332107544,0.2122260332107544,0.2122260332107544,0,0.0,0.0
1985-06-17 00:00:00-04:00,0.2122260332107544,0.2122260332107544,0.2122260332107544,0.2122260332107544,0,0.0,0.0
1985-06-18 00:00:00-04:00,0.0,0.21403992176055908,0.21403992176055908,0.21403992176055908,7200,0.0,0.0
1985-06-19 00:00:00-04:00,0.21403992176055908,0.21403992176055908,0.21403992176055908,0.21403992176055908,0,0.0,0.0
1985-06-20 00:00:00-04:00,0.21403992176055908,0.21403992176055908,0.21403992176055908,0.21403992176055908,0,0.0,0.0
1985-06-21 00:00:00-04:00,0.21403992176055908,0.21403992176055908,0.21403992176055908,0.21403992176055908,0,0.0,0.0
1985-06-24 00:00:00-04:00,0.0,0.21041204035282132,0.21041204035282132,0.21041204035282135,3600,0.0,0.0
1985-06-25 00:00:00-04:00,0.0,0.21041204035282132,0.21041204035282132,0.21041204035282135,3600,0.0,0.0
1985-06-26 00:00:00-04:00,0.21041204035282132,0.21041204035282132,0.21041204035282132,0.21041204035282135,0,0.0,0.0
1985-06-27 00:00:00-04:00,0.21041204035282132,0.21041204035282132,0.21041204035282132,0.21041204035282135,0,0.0,0.0
1985-06-28 00:00:00-04:00,0.0,0.21766769886016848,0.21403987170363725,0.21766769886016846,10800,0.0,0.0
1985-07-01 00:00:00-04:00,0.21766769886016848,0.21766769886016848,0.21766769886016848,0.21766769886016846,0,0.0,0.0
1985-07-02 00:00:00-04:00,0.0,0.22129543125629422,0.22129543125629422,0.22129543125629425,7200,0.0,0.0
1985-07-03 00:00:00-04:00,0.22129543125629422,0.22129543125629422,0.22129543125629422,0.22129543125629425,0,0.0,0.0
1985-07-05 00:00:00-04:00,0.0,0.22492316365242002,0.2176676510521773,0.22492316365242004,18000,0.0,0.0
1985-07-08 00:00:00-04:00,0.22492316365242002,0.22492316365242002,0.22492316365242002,0.22492316365242004,0,0.0,0.0
1985-07-09 00:00:00-04:00,0.22492316365242002,0.22492316365242002,0.22492316365242002,0.22492316365242004,0,0.0,0.0
1985-07-10 00:00:00-04:00,0.22492316365242002,0.22492316365242002,0.22492316365242002,0.22492316365242004,0,0.0,0.0
1985-07-11 00:00:00-04:00,0.22492316365242002,0.22492316365242002,0.22492316365242002,0.22492316365242004,0,0.0,0.0
1985-07-12 00:00:00-04:00,0.22492316365242002,0.22492316365242002,0.22492316365242002,0.22492316365242004,0,0.0,0.0
1985-07-15 00:00:00-04:00,0.0,0.22129543125629422,0.22129543125629422,0.22129543125629425,10800,0.0,0.0
1985-07-16 00:00:00-04:00,0.0,0.22401627898216245,0.22129533528524875,0.22401627898216248,28800,0.0,0.0
1985-07-17 00:00:00-04:00,0.0,0.2285510152578354,0.22764413251953336,0.2285510152578354,10800,0.0,0.0
1985-07-18 00:00:00-04:00,0.2285510152578354,0.2285510152578354,0.2285510152578354,0.2285510152578354,0,0.0,0.0
1985-07-19 00:00:00-04:00,0.0,0.2285510152578354,0.2285510152578354,0.2285510152578354,50400,0.0,0.0
1985-07-22 00:00:00-04:00,0.0,0.224923105397797,0.22038839757442477,0.22038839757442474,90000,0.0,0.0
1985-07-23 00:00:00-04:00,0.22038839757442477,0.22038839757442477,0.22038839757442477,0.22038839757442474,0,0.0,0.0
1985-07-24 00:00:00-04:00,0.0,0.22129543125629422,0.21766774347543402,0.22129543125629425,7200,0.0,0.0
1985-07-25 00:00:00-04:00,0.0,0.2222023904323578,0.2222023904323578,0.2222023904323578,18000,0.0,0.0
1985-07-26 00:00:00-04:00,0.2222023904323578,0.2222023904323578,0.2222023904323578,0.2222023904323578,0,0.0,0.0
1985-07-29 00:00:00-04:00,0.0,0.22310927390492252,0.21766766631848972,0.21948158740997314,25200,0.0,0.0
1985-07-30 00:00:00-04:00,0.21948158740997314,0.21948158740997314,0.21948158740997314,0.21948158740997314,0,0.0,0.0
1985-07-31 00:00:00-04:00,0.0,0.21766769886016848,0.21766769886016848,0.21766769886016846,7200,0.0,0.0
1985-08-01 00:00:00-04:00,0.21766769886016848,0.21766769886016848,0.21766769886016848,0.21766769886016846,0,0.0,0.0
1985-08-02 00:00:00-04:00,0.21766769886016848,0.21766769886016848,0.21766769886016848,0.21766769886016846,0,0.0,0.0
1985-08-05 00:00:00-04:00,0.21766769886016848,0.21766769886016848,0.21766769886016848,0.21766769886016846,0,0.0,0.0
1985-08-06 00:00:00-04:00,0.0,0.21403992176055908,0.21403992176055908,0.21403992176055908,7200,0.0,0.0
1985-08-07 00:00:00-04:00,0.0,0.21041204035282132,0.21041204035282132,0.21041204035282135,7200,0.0,0.0
1985-08-08 00:00:00-04:00,0.0,0.21585374489211956,0.20859809219837186,0.2085980921983719,21600,0.0,0.0
1985-08-09 00:00:00-04:00,0.0,0.20497016608715057,0.20497016608715057,0.20497016608715057,7200,0.0,0.0
1985-08-12 00:00:00-04:00,0.0,0.20134258270263672,0.20134258270263672,0.20134258270263672,10800,0.0,0.0
1985-08-13 00:00:00-04:00,0.20134258270263672,0.20134258270263672,0.20134258270263672,0.20134258270263672,0,0.0,0.0
1985-08-14 00:00:00-04:00,0.20134258270263672,0.20134258270263672,0.20134258270263672,0.20134258270263672,0,0.0,0.0
1985-08-15 00:00:00-04:00,0.20134258270263672,0.20134258270263672,0.20134258270263672,0.20134258270263672,0,0.0,0.0
1985-08-16 00:00:00-04:00,0.0,0.19771471945154906,0.19408690929412842,0.19408690929412842,21600,0.0,0.0
1985-08-19 00:00:00-04:00,0.0,0.2031564712524414,0.1977147247333426,0.2031564712524414,72000,0.0,0.0
1985-08-20 00:00:00-04:00,0.2031564712524414,0.2031564712524414,0.2031564712524414,0.2031564712524414,0,0.0,0.0
1985-08-21 00:00:00-04:00,0.0,0.20678421854972842,0.20678421854972842,0.2067842185497284,3600,0.0,0.0
1985-08-22 00:00:00-04:00,0.0,0.20859809219837186,0.20859809219837186,0.2085980921983719,3600,0.0,0.0
1985-08-23 00:00:00-04:00,0.0,0.20497016608715057,0.20497016608715057,0.20497016608715057,7200,0.0,0.0
1985-08-26 00:00:00-04:00,0.0,0.20134258270263672,0.20134258270263672,0.20134258270263672,7200,0.0,0.0
1985-08-27 00:00:00-04:00,0.0,0.20678421854972842,0.20678421854972842,0.2067842185497284,10800,0.0,0.0
1985-08-28 00:00:00-04:00,0.20678421854972842,0.20678421854972842,0.20678421854972842,0.2067842185497284,0,0.0,0.0
1985-08-29 00:00:00-04:00,0.0,0.21041204035282132,0.21041204035282132,0.21041204035282135,3600,0.0,0.0
1985-08-30 00:00:00-04:00,0.21041204035282132,0.21041204035282132,0.21041204035282132,0.21041204035282135,0,0.0,0.0
1985-09-03 00:00:00-04:00,0.0,0.20678421854972842,0.20678421854972842,0.2067842185497284,7200,0.0,0.0
1985-09-04 00:00:00-04:00,0.0,0.2031564712524414,0.2031564712524414,0.2031564712524414,7200,0.0,0.0
1985-09-05 00:00:00-04:00,0.2031564712524414,0.2031564712524414,0.2031564712524414,0.2031564712524414,0,0.0,0.0
1985-09-06 00:00:00-04:00,0.2031564712524414,0.2031564712524414,0.2031564712524414,0.2031564712524414,0,0.0,0.0
1985-09-09 00:00:00-04:00,0.2031564712524414,0.2031564712524414,0.2031564712524414,0.2031564712524414,0,0.0,0.0
1985-09-10 00:00:00-04:00,0.0,0.20678421854972842,0.20678421854972842,0.2067842185497284,7200,0.0,0.0
1985-09-11 00:00:00-04:00,0.0,0.20678415695638935,0.2031564712524414,0.2031564712524414,7200,0.0,0.0
1985-09-12 00:00:00-04:00,0.0,0.20134258270263672,0.20134258270263672,0.20134258270263672,10800,0.0,0.0
1985-09-13 00:00:00-04:00,0.0,0.19771477580070496,0.19771477580070496,0.19771477580070496,7200,0.0,0.0
1985-09-16 00:00:00-04:00,0.0,0.20134258270263672,0.20134258270263672,0.20134258270263672,3600,0.0,0.0
1985-09-17 00:00:00-04:00,0.0,0.2049702403900992,0.19952864944934845,0.19952864944934845,14400,0.0,0.0
1985-09-18 00:00:00-04:00,0.0,0.1959008276462555,0.1959008276462555,0.1959008276462555,7200,0.0,0.0
1985-09-19 00:00:00-04:00,0.0,0.2031564712524414,0.19952864542930832,0.2031564712524414,39600,0.0,0.0
1985-09-20 00:00:00-04:00,0.0,0.19952864944934845,0.19952864944934845,0.19952864944934845,3600,0.0,0.0
1985-09-23 00:00:00-04:00,0.0,0.2122260332107544,0.2031566103469756,0.2122260332107544,54000,0.0,0.0
1985-09-24 00:00:00-04:00,0.0,0.21403992176055908,0.21403992176055908,0.21403992176055908,7200,0.0,0.0
1985-09-25 00:00:00-04:00,0.21403992176055908,0.21403992176055908,0.21403992176055908,0.21403992176055908,0,0.0,0.0
1985-09-26 00:00:00-04:00,0.0,0.21041204035282132,0.21041204035282132,0.21041204035282135,7200,0.0,0.0
1985-09-30 00:00:00-04:00,0.21041204035282132,0.21041204035282132,0.21041204035282132,0.21041204035282135,0,0.0,0.0
1985-10-01 00:00:00-04:00,0.21041204035282132,0.21041204035282132,0.21041204035282132,0.21041204035282135,0,0.0,0.0
1985-10-02 00:00:00-04:00,0.21041204035282132,0.21041204035282132,0.21041204035282132,0.21041204035282135,0,0.0,0.0
1985-10-03 00:00:00-04:00,0.21041204035282132,0.21041204035282132,0.21041204035282132,0.21041204035282135,0,0.0,0.0
1985-10-04 00:00:00-04:00,0.0,0.21041204035282132,0.2067842135370361,0.21041204035282135,7200,0.0,0.0
1985-10-07 00:00:00-04:00,0.21041204035282132,0.21041204035282132,0.21041204035282132,0.21041204035282135,0,0.0,0.0
1985-10-08 00:00:00-04:00,0.21041204035282132,0.21041204035282132,0.21041204035282132,0.21041204035282135,0,0.0,0.0
1985-10-09 00:00:00-04:00,0.21041204035282132,0.21041204035282132,0.21041204035282132,0.21041204035282135,0,0.0,0.0
1985-10-10 00:00:00-04:00,0.21041204035282132,0.21041204035282132,0.21041204035282132,0.21041204035282135,0,0.0,0.0
1985-10-11 00:00:00-04:00,0.21041204035282132,0.21041204035282132,0.21041204035282132,0.21041204035282135,0,0.0,0.0
1985-10-14 00:00:00-04:00,0.21041204035282132,0.21041204035282132,0.21041204035282132,0.21041204035282135,0,0.0,0.0
1985-10-15 00:00:00-04:00,0.0,0.2149467021226883,0.2140398040034202,0.2149467021226883,7200,0.0,0.0
1985-10-16 00:00:00-04:00,0.2149467021226883,0.2149467021226883,0.2149467021226883,0.2149467021226883,0,0.0,0.0
1985-10-17 00:00:00-04:00,0.0,0.22492316365242002,0.22492316365242002,0.22492316365242004,18000,0.0,0.0
1985-10-18 00:00:00-04:00,0.0,0.23217885196208954,0.2249231981304366,0.23217885196208954,14400,0.0,0.0
1985-10-21 00:00:00-04:00,0.0,0.23943448066711429,0.23580679212825428,0.23943448066711426,39600,0.0,0.0
1985-10-22 00:00:00-04:00,0.0,0.23762057836481817,0.23399288952350616,0.23399288952350616,10800,0.0,0.0
1985-10-23 00:00:00-04:00,0.0,0.24306218326091766,0.23762043531164634,0.24306218326091766,18000,0.0,0.0
1985-10-24 00:00:00-04:00,0.24306218326091766,0.24306218326091766,0.24306218326091766,0.24306218326091766,0,0.0,0.0
1985-10-25 00:00:00-04:00,0.0,0.24669001996517184,0.24306220838244424,0.24669001996517181,10800,0.0,0.0
1985-10-28 00:00:00-05:00,0.24669001996517184,0.24669001996517184,0.24669001996517184,0.24669001996517181,0,0.0,0.0
1985-10-29 00:00:00-05:00,0.0,0.25031790137290955,0.25031790137290955,0.25031790137290955,10800,0.0,0.0
1985-10-30 00:00:00-05:00,0.25031790137290955,0.25031790137290955,0.25031790137290955,0.25031790137290955,0,0.0,0.0
1985-10-31 00:00:00-05:00,0.25031790137290955,0.25031790137290955,0.25031790137290955,0.25031790137290955,0,0.0,0.0
1985-11-01 00:00:00-05:00,0.0,0.2575733959674835,0.25394556832768045,0.2575733959674835,7200,0.0,0.0
1985-11-04 00:00:00-05:00,0.0,0.2575733959674835,0.2575733959674835,0.2575733959674835,3600,0.0,0.0
1985-11-05 00:00:00-05:00,0.2575733959674835,0.2575733959674835,0.2575733959674835,0.2575733959674835,0,0.0,0.0
1985-11-06 00:00:00-05:00,0.2575733959674835,0.2575733959674835,0.2575733959674835,0.2575733959674835,0,0.0,0.0
1985-11-07 00:00:00-05:00,0.2575733959674835,0.2575733959674835,0.2575733959674835,0.2575733959674835,0,0.0,0.0
1985-11-08 00:00:00-05:00,0.0,0.2575733959674835,0.25394556832768045,0.2575733959674835,28800,0.0,0.0
1985-11-11 00:00:00-05:00,0.0,0.2539455341489986,0.24487611417380806,0.24669001996517181,79200,0.0,0.0
1985-11-12 00:00:00-05:00,0.0,0.25031790137290955,0.24850399518838304,0.25031790137290955,32400,0.0,0.0
1985-11-13 00:00:00-05:00,0.25031790137290955,0.25031790137290955,0.25031790137290955,0.25031790137290955,0,0.0,0.0
1985-11-14 00:00:00-05:00,0.0,0.3262301981449127,0.3179562767790496,0.3262301981449127,230400,0.446,0.0
1985-11-15 00:00:00-05:00,0.0,0.32859402894973755,0.32386601570786644,0.32859402894973755,21600,0.0,0.0
1985-11-18 00:00:00-05:00,0.32859402894973755,0.32859402894973755,0.32859402894973755,0.32859402894973755,0,0.0,0.0
1985-11-19 00:00:00-05:00,0.0,0.3345041275024414,0.33332203732805443,0.3345041275024414,7200,0.0,0.0
1985-11-20 00:00:00-05:00,0.3345041275024414,0.3345041275024414,0.3345041275024414,0.3345041275024414,0,0.0,0.0
1985-11-21 00:00:00-05:00,0.0,0.34395989775657654,0.3392320656869547,0.34395989775657654,18000,0.0,0.0
1985-11-22 00:00:00-05:00,0.0,0.34868794679641724,0.34868794679641724,0.34868794679641724,10800,0.0,0.0
1985-11-25 00:00:00-05:00,0.0,0.34987011551856995,0.3486880049418707,0.34987011551856995,18000,0.0,0.0
1985-11-26 00:00:00-05:00,0.34987011551856995,0.34987011551856995,0.34987011551856995,0.34987011551856995,0,0.0,0.0
1985-11-27 00:00:00-05:00,0.34987011551856995,0.34987011551856995,0.34987011551856995,0.34987011551856995,0,0.0,0.0
1985-11-29 00:00:00-05:00,0.34987011551856995,0.34987011551856995,0.34987011551856995,0.34987011551856995,0,0.0,0.0
1985-12-02 00:00:00-05:00,0.34987011551856995,0.34987011551856995,0.34987011551856995,0.34987011551856995,0,0.0,0.0
1985-12-03 00:00:00-05:00,0.0,0.35223373770713806,0.35223373770713806,0.35223373770713806,7200,0.0,0.0
1985-12-04 00:00:00-05:00,0.0,0.3510519862174988,0.3475060606660918,0.3510519862174988,18000,0.0,0.0
1985-12-05 00:00:00-05:00,0.0,0.34987011551856995,0.34987011551856995,0.34987011551856995,14400,0.0,0.0
1985-12-06 00:00:00-05:00,0.0,0.3451419472694397,0.3451419472694397,0.3451419472694397,3600,0.0,0.0
1985-12-09 00:00:00-05:00,0.0,0.34868794679641724,0.34868794679641724,0.34868794679641724,14400,0.0,0.0
1985-12-10 00:00:00-05:00,0.0,0.34868794679641724,0.34868794679641724,0.34868794679641724,21600,0.0,0.0
1985-12-11 00:00:00-05:00,0.0,0.3522338250384057,0.3415958881378174,0.3415958881378174,140400,0.0,0.0
1985-12-12 00:00:00-05:00,0.0,0.31027328968048096,0.31027328968048096,0.31027328968048096,3600,0.0,0.0
1985-12-13 00:00:00-05:00,0.0,0.34987011551856995,0.34277810134671033,0.34987011551856995,39600,0.0,0.0
1985-12-16 00:00:00-05:00,0.0,0.3545978367328644,0.3545978367328644,0.3545978367328644,25200,0.0,0.0
1985-12-17 00:00:00-05:00,0.3545978367328644,0.3545978367328644,0.3545978367328644,0.3545978367328644,0,0.0,0.0
1985-12-18 00:00:00-05:00,0.0,0.34987011551856995,0.34987011551856995,0.34987011551856995,3600,0.0,0.0
1985-12-19 00:00:00-05:00,0.0,0.36405386110554006,0.3451419648386665,0.3593258261680603,79200,0.0,0.0
1985-12-20 00:00:00-05:00,0.0,0.36405386110554006,0.3593258261680603,0.3593258261680603,21600,0.0,0.0
1985-12-23 00:00:00-05:00,0.3593258261680603,0.3593258261680603,0.3593258261680603,0.3593258261680603,0,0.0,0.0
1985-12-24 00:00:00-05:00,0.0,0.3640538454055786,0.3640538454055786,0.3640538454055786,3600,0.0,0.0
1985-12-26 00:00:00-05:00,0.0,0.37350982427597046,0.3687819905097057,0.37350982427597046,10800,0.0,0.0
1985-12-27 00:00:00-05:00,0.0,0.38060158491134644,0.3782376087337439,0.38060158491134644,14400,0.0,0.0
1985-12-30 00:00:00-05:00,0.0,0.38060158491134644,0.3735095752175481,0.38060158491134644,54000,0.0,0.0
1985-12-31 00:00:00-05:00,0.0,0.38060158491134644,0.38060158491134644,0.38060158491134644,7200,0.0,0.0
1986-01-02 00:00:00-05:00,0.0,0.39005774259567255,0.3853297480692687,0.3900577425956726,7200,0.0,0.0
1986-01-03 00:00:00-05:00,0.0,0.3995135205838172,0.39183053626873426,0.39537662267684937,169200,0.0,0.0
1986-01-06 00:00:00-05:00,0.39537662267684937,0.39537662267684937,0.39537662267684937,0.39537662267684937,0,0.0,0.0
1986-01-07 00:00:00-05:00,0.0,0.3947855505458631,0.38414761424064636,0.38414761424064636,82800,0.0,0.0
1986-01-08 00:00:00-05:00,0.0,0.38178375363349915,0.38178375363349915,0.38178375363349915,7200,0.0,0.0
1986-01-09 00:00:00-05:00,0.0,0.3735097409434348,0.36168989539146423,0.36168989539146423,144000,0.0,0.0
1986-01-10 00:00:00-05:00,0.0,0.373509666611343,0.3640538407481848,0.36878183484077454,50400,0.0,0.0
1986-01-13 00:00:00-05:00,0.0,0.3640538454055786,0.3640538454055786,0.3640538454055786,10800,0.0,0.0
1986-01-14 00:00:00-05:00,0.3640538454055786,0.3640538454055786,0.3640538454055786,0.3640538454055786,0,0.0,0.0
1986-01-15 00:00:00-05:00,0.0,0.36878183484077454,0.36878183484077454,0.36878183484077454,7200,0.0,0.0
1986-01-16 00:00:00-05:00,0.36878183484077454,0.36878183484077454,0.36878183484077454,0.36878183484077454,0,0.0,0.0
1986-01-17 00:00:00-05:00,0.36878183484077454,0.36878183484077454,0.36878183484077454,0.36878183484077454,0,0.0,0.0
1986-01-20 00:00:00-05:00,0.0,0.36878183484077454,0.3640538407481848,0.36878183484077454,14400,0.0,0.0
1986-01-21 00:00:00-05:00,0.36878183484077454,0.36878183484077454,0.36878183484077454,0.36878183484077454,0,0.0,0.0
1986-01-22 00:00:00-05:00,0.0,0.3640538454055786,0.3640538454055786,0.3640538454055786,7200,0.0,0.0
1986-01-23 00:00:00-05:00,0.0,0.36878183484077454,0.36878183484077454,0.36878183484077454,3600,0.0,0.0
1986-01-24 00:00:00-05:00,0.0,0.37114575505256653,0.37114575505256653,0.37114575505256653,7200,0.0,0.0
1986-01-27 00:00:00-05:00,0.0,0.366417795419693,0.366417795419693,0.366417795419693,7200,0.0,0.0
1986-01-28 00:00:00-05:00,0.366417795419693,0.366417795419693,0.366417795419693,0.366417795419693,0,0.0,0.0
1986-01-29 00:00:00-05:00,0.0,0.3711458729312521,0.3593258261680603,0.3593258261680603,54000,0.0,0.0
1986-01-30 00:00:00-05:00,0.0,0.36878183484077454,0.3640538407481848,0.36878183484077454,18000,0.0,0.0
1986-01-31 00:00:00-05:00,0.36878183484077454,0.36878183484077454,0.36878183484077454,0.36878183484077454,0,0.0,0.0
1986-02-03 00:00:00-05:00,0.36878183484077454,0.36878183484077454,0.36878183484077454,0.36878183484077454,0,0.0,0.0
1986-02-04 00:00:00-05:00,0.0,0.3640538454055786,0.3640538454055786,0.3640538454055786,3600,0.0,0.0
1986-02-05 00:00:00-05:00,0.0,0.37350982427597046,0.3687819905097057,0.37350982427597046,25200,0.0,0.0
1986-02-06 00:00:00-05:00,0.37350982427597046,0.37350982427597046,0.37350982427597046,0.37350982427597046,0,0.0,0.0
1986-02-07 00:00:00-05:00,0.37350982427597046,0.37350982427597046,0.37350982427597046,0.37350982427597046,0,0.0,0.0
1986-02-10 00:00:00-05:00,0.37350982427597046,0.37350982427597046,0.37350982427597046,0.37350982427597046,0,0.0,0.0
1986-02-11 00:00:00-05:00,0.37350982427597046,0.37350982427597046,0.37350982427597046,0.37350982427597046,0,0.0,0.0
1986-02-12 00:00:00-05:00,0.37350982427597046,0.37350982427597046,0.37350982427597046,0.37350982427597046,0,0.0,0.0
1986-02-13 00:00:00-05:00,0.37350982427597046,0.37350982427597046,0.37350982427597046,0.37350982427597046,0,0.0,0.0
1986-02-14 00:00:00-05:00,0.37350982427597046,0.37350982427597046,0.37350982427597046,0.37350982427597046,0,0.0,0.0
1986-02-18 00:00:00-05:00,0.0,0.3782377243041992,0.3782377243041992,0.3782377243041992,3600,0.0,0.0
1986-02-19 00:00:00-05:00,0.3782377243041992,0.3782377243041992,0.3782377243041992,0.3782377243041992,0,0.0,0.0
1986-02-20 00:00:00-05:00,0.3782377243041992,0.3782377243041992,0.3782377243041992,0.3782377243041992,0,0.0,0.0
1986-02-21 00:00:00-05:00,0.0,0.3876936733722687,0.3876936733722687,0.3876936733722687,21600,0.0,0.0
1986-02-24 00:00:00-05:00,0.0,0.39242178201675415,0.39242178201675415,0.39242178201675415,3600,0.0,0.0
1986-02-25 00:00:00-05:00,0.0,0.39714959263801575,0.39714959263801575,0.39714959263801575,7200,0.0,0.0
1986-02-26 00:00:00-05:00,0.0,0.39242176014912905,0.39005774259567255,0.3900577425956726,14400,0.0,0.0
1986-02-27 00:00:00-05:00,0.39005774259567255,0.39005774259567255,0.39005774259567255,0.3900577425956726,0,0.0,0.0
1986-02-28 00:00:00-05:00,0.0,0.3853295609119641,0.37587353587150574,0.37587353587150574,28800,0.0,0.0
1986-03-03 00:00:00-05:00,0.0,0.3853297233581543,0.3806016885544492,0.3853297233581543,10800,0.0,0.0
1986-03-04 00:00:00-05:00,0.0,0.408969521522522,0.40187751078551404,0.408969521522522,39600,0.0,0.0
1986-03-05 00:00:00-05:00,0.0,0.40424162957602566,0.40187761187553406,0.40187761187553406,7200,0.0,0.0
1986-03-06 00:00:00-05:00,0.0,0.41606150346725307,0.4066056754921859,0.4101516008377075,187200,0.0,0.0
1986-03-07 00:00:00-05:00,0.0,0.4066056311130523,0.4066056311130523,0.40660563111305237,10800,0.0,0.0
1986-03-10 00:00:00-05:00,0.0,0.40187761187553406,0.40187761187553406,0.40187761187553406,7200,0.0,0.0
1986-03-11 00:00:00-05:00,0.0,0.408969521522522,0.4066055449971869,0.408969521522522,7200,0.0,0.0
1986-03-12 00:00:00-05:00,0.0,0.43024563789367676,0.4207896452141184,0.43024563789367676,28800,0.0,0.0
1986-03-13 00:00:00-05:00,0.0,0.43497359752655035,0.43497359752655035,0.4349735975265503,3600,0.0,0.0
1986-03-14 00:00:00-05:00,0.43497359752655035,0.43497359752655035,0.43497359752655035,0.4349735975265503,0,0.0,0.0
1986-03-17 00:00:00-05:00,0.0,0.43024563789367676,0.43024563789367676,0.43024563789367676,3600,0.0,0.0
1986-03-18 00:00:00-05:00,0.43024563789367676,0.43024563789367676,0.43024563789367676,0.43024563789367676,0,0.0,0.0
1986-03-19 00:00:00-05:00,0.43024563789367676,0.43024563789367676,0.43024563789367676,0.43024563789367676,0,0.0,0.0
1986-03-20 00:00:00-05:00,0.0,0.43911033868789673,0.43438234445810486,0.43911033868789673,7200,0.0,0.0
1986-03-21 00:00:00-05:00,0.0,0.4532940685749054,0.4532940685749054,0.4532940685749054,57600,0.0,0.0
1986-03-24 00:00:00-05:00,0.0,0.4491574168205261,0.4491574168205261,0.4491574168205261,3600,0.0,0.0
1986-03-25 00:00:00-05:00,0.4491574168205261,0.4491574168205261,0.4491574168205261,0.4491574168205261,0,0.0,0.0
1986-03-26 00:00:00-05:00,0.0,0.4491574168205261,0.4491574168205261,0.4491574168205261,3600,0.0,0.0
1986-03-27 00:00:00-05:00,0.0,0.46097723257159656,0.4538853825296925,0.45447635650634766,32400,0.0,0.0
1986-03-31 00:00:00-05:00,0.4544763565063476,0.4544763565063476,0.4544763565063476,0.45447635650634766,0,0.0,0.0
1986-04-01 00:00:00-05:00,0.0,0.44974836707115173,0.44974836707115173,0.44974836707115173,3600,0.0,0.0
1986-04-02 00:00:00-05:00,0.0,0.449157400528961,0.44206538796424866,0.44206538796424866,18000,0.0,0.0
1986-04-03 00:00:00-05:00,0.0,0.4444293123889566,0.43260946869850164,0.4326094686985016,28800,0.0,0.0
1986-04-04 00:00:00-05:00,0.0,0.43024558460805623,0.42551758885383606,0.42551758885383606,39600,0.0,0.0
1986-04-07 00:00:00-05:00,0.0,0.42433562874794006,0.42433562874794006,0.42433562874794006,18000,0.0,0.0
1986-04-08 00:00:00-05:00,0.0,0.42551758885383606,0.42551758885383606,0.42551758885383606,7200,0.0,0.0
1986-04-09 00:00:00-05:00,0.0,0.4231533706188202,0.4231533706188202,0.4231533706188202,7200,0.0,0.0
1986-04-10 00:00:00-05:00,0.0,0.4207894504070282,0.4207894504070282,0.4207894504070282,3600,0.0,0.0
1986-04-11 00:00:00-05:00,0.0,0.4550672899024921,0.4255174953959484,0.45447635650634766,100800,0.0,0.0
1986-04-14 00:00:00-05:00,0.0,0.46215910989654185,0.4592041600822183,0.4615681767463684,10800,0.0,0.0
1986-04-15 00:00:00-05:00,0.0,0.4568402469158172,0.4568402469158172,0.45684024691581726,3600,0.0,0.0
1986-04-16 00:00:00-05:00,0.0,0.4751612025583764,0.46570517363566244,0.4727971851825714,50400,0.0,0.0
1986-04-17 00:00:00-05:00,0.0,0.4846168756484985,0.47752502925543233,0.48461687564849854,14400,0.0,0.0
1986-04-18 00:00:00-05:00,0.0,0.4917090833187103,0.48934506593034394,0.4917090833187103,7200,0.0,0.0
1986-04-21 00:00:00-05:00,0.0,0.49643707751493693,0.4917090833187103,0.4917090833187103,21600,0.0,0.0
1986-04-22 00:00:00-05:00,0.0,0.7867467742596446,0.7717609872813187,0.7755074501037598,43200,1.066,0.0
1986-04-23 00:00:00-05:00,0.0,0.7717610001564027,0.7717610001564027,0.7717610001564026,3600,0.0,0.0
1986-04-24 00:00:00-05:00,0.7717610001564027,0.7717610001564027,0.7717610001564027,0.7717610001564026,0,0.0,0.0
1986-04-25 00:00:00-05:00,0.0,0.7642678618431091,0.7642678618431091,0.7642678618431091,7200,0.0,0.0
1986-04-28 00:00:00-04:00,0.7642678618431091,0.7642678618431091,0.7642678618431091,0.7642678618431091,0,0.0,0.0
1986-04-29 00:00:00-04:00,0.0,0.7717610001564027,0.7717610001564027,0.7717610001564026,3600,0.0,0.0
1986-04-30 00:00:00-04:00,0.0,0.7642678618431091,0.7642678618431091,0.7642678618431091,3600,0.0,0.0
1986-05-01 00:00:00-04:00,0.0,0.7567752833603708,0.7492823600769042,0.7492823600769043,18000,0.0,0.0
1986-05-02 00:00:00-04:00,0.0,0.7680142020126801,0.7567751407623291,0.7567751407623291,14400,0.0,0.0
1986-05-05 00:00:00-04:00,0.0,0.7492823600769042,0.7492823600769042,0.7492823600769043,3600,0.0,0.0
1986-05-06 00:00:00-04:00,0.0,0.7567752833603708,0.7492823600769042,0.7492823600769043,10800,0.0,0.0
1986-05-07 00:00:00-04:00,0.0,0.7417896389961244,0.7417896389961244,0.7417896389961243,7200,0.0,0.0
1986-05-08 00:00:00-04:00,0.7417896389961244,0.7417896389961244,0.7417896389961244,0.7417896389961243,0,0.0,0.0
1986-05-09 00:00:00-04:00,0.7417896389961244,0.7417896389961244,0.7417896389961244,0.7417896389961243,0,0.0,0.0
1986-05-12 00:00:00-04:00,0.0,0.7492823600769042,0.7492823600769042,0.7492823600769043,3600,0.0,0.0
1986-05-13 00:00:00-04:00,0.7492823600769042,0.7492823600769042,0.7492823600769042,0.7492823600769043,0,0.0,0.0
1986-05-14 00:00:00-04:00,0.0,0.7417894289876598,0.723057508468628,0.7230575084686279,43200,0.0,0.0
1986-05-15 00:00:00-04:00,0.0,0.7193111181259155,0.7193111181259155,0.7193111181259155,7200,0.0,0.0
1986-05-16 00:00:00-04:00,0.0,0.7193113177113006,0.7118184566497802,0.7118184566497803,36000,0.0,0.0
1986-05-19 00:00:00-04:00,0.0,0.7118184566497802,0.7118184566497802,0.7118184566497803,10800,0.0,0.0
1986-05-20 00:00:00-04:00,0.0,0.7193111181259155,0.7193111181259155,0.7193111181259155,10800,0.0,0.0
1986-05-21 00:00:00-04:00,0.0,0.7118184566497802,0.7118184566497802,0.7118184566497803,3600,0.0,0.0
1986-05-22 00:00:00-04:00,0.0,0.7305502237405517,0.7193111597070742,0.7286771535873413,140400,0.0,0.0
1986-05-23 00:00:00-04:00,0.0,0.7380430102348327,0.7342966130528836,0.7380430102348328,7200,0.0,0.0
1986-05-27 00:00:00-04:00,0.0,0.7380430102348327,0.7380430102348327,0.7380430102348328,18000,0.0,0.0
1986-05-28 00:00:00-04:00,0.0,0.7436627093866316,0.7380431766579612,0.7417896389961243,36000,0.0,0.0
1986-05-29 00:00:00-04:00,0.7417896389961244,0.7417896389961244,0.7417896389961244,0.7417896389961243,0,0.0,0.0
1986-05-30 00:00:00-04:00,0.0,0.7492823600769042,0.7492823600769042,0.7492823600769043,3600,0.0,0.0
1986-06-02 00:00:00-04:00,0.0,0.7417894786372223,0.7342966198921204,0.7342966198921204,10800,0.0,0.0
1986-06-03 00:00:00-04:00,0.0,0.7380430102348327,0.7380430102348327,0.7380430102348328,3600,0.0,0.0
1986-06-04 00:00:00-04:00,0.7380430102348327,0.7380430102348327,0.7380430102348327,0.7380430102348328,0,0.0,0.0
1986-06-05 00:00:00-04:00,0.7380430102348327,0.7380430102348327,0.7380430102348327,0.7380430102348328,0,0.0,0.0
1986-06-06 00:00:00-04:00,0.0,0.7380430102348327,0.7380430102348327,0.7380430102348328,14400,0.0,0.0
1986-06-09 00:00:00-04:00,0.0,0.7305504212926147,0.7268039584159851,0.7268039584159851,14400,0.0,0.0
1986-06-10 00:00:00-04:00,0.0,0.7342966198921204,0.7342966198921204,0.7342966198921204,21600,0.0,0.0
1986-06-11 00:00:00-04:00,0.0,0.7305501633526199,0.7277405261993407,0.7277405261993408,39600,0.0,0.0
1986-06-12 00:00:00-04:00,0.0,0.7417896389961244,0.7342967786312278,0.7417896389961243,36000,0.0,0.0
1986-06-13 00:00:00-04:00,0.7417896389961244,0.7417896389961244,0.7417896389961244,0.7417896389961243,0,0.0,0.0
1986-06-16 00:00:00-04:00,0.7417896389961244,0.7417896389961244,0.7417896389961244,0.7417896389961243,0,0.0,0.0
1986-06-17 00:00:00-04:00,0.0,0.7492823600769042,0.7380430394631221,0.7492823600769043,14400,0.0,0.0
1986-06-18 00:00:00-04:00,0.0,0.7492823600769042,0.7492823600769042,0.7492823600769043,7200,0.0,0.0
1986-06-19 00:00:00-04:00,0.7492823600769042,0.7492823600769042,0.7492823600769042,0.7492823600769043,0,0.0,0.0
1986-06-20 00:00:00-04:00,0.0,0.7492823600769042,0.7492823600769042,0.7492823600769043,21600,0.0,0.0
1986-06-23 00:00:00-04:00,0.7492823600769042,0.7492823600769042,0.7492823600769042,0.7492823600769043,0,0.0,0.0
1986-06-24 00:00:00-04:00,0.0,0.7549018263816833,0.7417894368611949,0.7549018263816833,72000,0.0,0.0
1986-06-25 00:00:00-04:00,0.7549018263816833,0.7549018263816833,0.7549018263816833,0.7549018263816833,0,0.0,0.0
1986-06-26 00:00:00-04:00,0.0,0.7567751407623291,0.7567751407623291,0.7567751407623291,21600,0.0,0.0
1986-06-27 00:00:00-04:00,0.0,0.7605215311050414,0.7492824661459195,0.7605215311050415,1371600,0.0,0.0
1986-06-30 00:00:00-04:00,0.0,0.7755074501037597,0.7605216631254338,0.7755074501037598,25200,0.0,0.0
1986-07-01 00:00:00-04:00,0.0,0.7829999923706055,0.7829999923706055,0.7829999923706055,3600,0.0,0.0
1986-07-02 00:00:00-04:00,0.0,0.7979859113693237,0.7904933066225006,0.7979859113693237,7200,0.0,0.0
1986-07-03 00:00:00-04:00,0.0,0.8429427945749768,0.8054786203516423,0.8354499340057373,162000,0.0,0.0
1986-07-07 00:00:00-04:00,0.0,0.8391961462888513,0.8092249035835266,0.8092249035835266,111600,0.0,0.0
1986-07-08 00:00:00-04:00,0.0,0.812971142314113,0.8017318248748779,0.8017318248748779,68400,0.0,0.0
1986-07-09 00:00:00-04:00,0.0,0.802668571472168,0.802668571472168,0.802668571472168,10800,0.0,0.0
1986-07-10 00:00:00-04:00,0.0,0.8092249035835266,0.8017320446736326,0.8092249035835266,14400,0.0,0.0
1986-07-11 00:00:00-04:00,0.0,0.812971316806864,0.8054783940315247,0.8054783940315247,7200,0.0,0.0
1986-07-14 00:00:00-04:00,0.0,0.7942394042781461,0.7867467999458312,0.7867467999458313,7200,0.0,0.0
1986-07-15 00:00:00-04:00,0.7867467999458312,0.7867467999458312,0.7867467999458312,0.7867467999458313,0,0.0,0.0
1986-07-16 00:00:00-04:00,0.7867467999458312,0.7867467999458312,0.7867467999458312,0.7867467999458313,0,0.0,0.0
1986-07-17 00:00:00-04:00,0.0,0.7904929518699645,0.7904929518699645,0.7904929518699646,3600,0.0,0.0
1986-07-18 00:00:00-04:00,0.7904929518699645,0.7904929518699645,0.7904929518699645,0.7904929518699646,0,0.0,0.0
1986-07-21 00:00:00-04:00,0.0,0.7829999923706055,0.7829999923706055,0.7829999923706055,10800,0.0,0.0
1986-07-22 00:00:00-04:00,0.0,0.771760720587278,0.7642678618431091,0.7642678618431091,18000,0.0,0.0
1986-07-23 00:00:00-04:00,0.7642678618431091,0.7642678618431091,0.7642678618431091,0.7642678618431091,0,0.0,0.0
1986-07-24 00:00:00-04:00,0.0,0.7567751407623291,0.7567751407623291,0.7567751407623291,3600,0.0,0.0
1986-07-25 00:00:00-04:00,0.0,0.7530288826879284,0.7492824207428613,0.7511555552482605,158400,0.0,0.0
1986-07-28 00:00:00-04:00,0.0,0.754901663988953,0.7474088072776794,0.7474088072776794,10800,0.0,0.0
1986-07-29 00:00:00-04:00,0.0,0.7567751407623291,0.751155352891531,0.7567751407623291,252000,0.0,0.0
1986-07-30 00:00:00-04:00,0.0,0.7680141925811766,0.7642677316913915,0.7680141925811768,14400,0.0,0.0
1986-07-31 00:00:00-04:00,0.7680141925811766,0.7680141925811766,0.7680141925811766,0.7680141925811768,0,0.0,0.0
1986-08-01 00:00:00-04:00,0.0,0.7698878049850464,0.7698878049850464,0.7698878049850464,14400,0.0,0.0
1986-08-04 00:00:00-04:00,0.0,0.790493262890589,0.7811270090615344,0.7867467999458313,507600,0.0,0.0
1986-08-05 00:00:00-04:00,0.0,0.8017318248748779,0.797985364291333,0.8017318248748779,10800,0.0,0.0
1986-08-06 00:00:00-04:00,0.0,0.8054782856895492,0.7961123585700989,0.7961123585700989,90000,0.0,0.0
1986-08-07 00:00:00-04:00,0.0,0.790493262890589,0.7848734720062922,0.7867467999458313,540000,0.0,0.0
1986-08-08 00:00:00-04:00,0.0,0.7867465745494528,0.7848732471466066,0.7848732471466064,342000,0.0,0.0
1986-08-11 00:00:00-04:00,0.0,0.8017318248748779,0.7923658341945147,0.8017318248748779,237600,0.0,0.0
1986-08-12 00:00:00-04:00,0.0,0.8129717111587524,0.8054787847487852,0.8129717111587524,50400,0.0,0.0
1986-08-13 00:00:00-04:00,0.0,0.8317029476165771,0.8167174288528364,0.8317029476165771,194400,0.0,0.0
1986-08-14 00:00:00-04:00,0.0,0.8635479388165073,0.8560550154464014,0.8616745471954346,255600,0.0,0.0
1986-08-15 00:00:00-04:00,0.0,0.8654210088804876,0.8616745471954346,0.8616745471954346,7200,0.0,0.0
1986-08-18 00:00:00-04:00,0.0,0.8616746673913985,0.8466892044293587,0.8541820645332336,194400,0.0,0.0
1986-08-19 00:00:00-04:00,0.0,0.8560553193092347,0.8560553193092347,0.8560553193092346,43200,0.0,0.0
1986-08-20 00:00:00-04:00,0.0,0.859801411628723,0.8541818803078057,0.8598014116287231,363600,0.0,0.0
1986-08-21 00:00:00-04:00,0.0,0.8766606065388632,0.8672946101462987,0.8691677451133728,133200,0.0,0.0
1986-08-22 00:00:00-04:00,0.0,0.8691676796909961,0.8663580417633056,0.8663580417633057,7200,0.0,0.0
1986-08-25 00:00:00-04:00,0.0,0.8616745353477537,0.8579283952713013,0.8579283952713013,180000,0.0,0.0
1986-08-26 00:00:00-04:00,0.0,0.8569918870925904,0.8569918870925904,0.8569918870925903,3600,0.0,0.0
1986-08-27 00:00:00-04:00,0.0,0.8616745471954346,0.8551185125701205,0.8616745471954346,10800,0.0,0.0
1986-08-28 00:00:00-04:00,0.0,0.8616745471954346,0.8616745471954346,0.8616745471954346,3600,0.0,0.0
1986-08-29 00:00:00-04:00,0.0,0.8616746673913985,0.8541820645332336,0.8541820645332336,115200,0.0,0.0
1986-09-02 00:00:00-04:00,0.0,0.8691677451133728,0.8616748193764434,0.8691677451133728,79200,0.0,0.0
1986-09-03 00:00:00-04:00,0.0,0.8729139566421508,0.8729139566421508,0.8729139566421509,36000,0.0,0.0
1986-09-04 00:00:00-04:00,0.0,0.8766607642173767,0.8729143006750633,0.8766607642173767,39600,0.0,0.0
1986-09-05 00:00:00-04:00,0.0,0.8729139566421508,0.8729139566421508,0.8729139566421509,57600,0.0,0.0
1986-09-08 00:00:00-04:00,0.0,0.8635479269430681,0.8579283952713013,0.8579283952713013,118800,0.0,0.0
1986-09-09 00:00:00-04:00,0.0,0.8616746673913985,0.8541820645332336,0.8541820645332336,21600,0.0,0.0
1986-09-10 00:00:00-04:00,0.0,0.8607381643844839,0.8541820645332336,0.8541820645332336,273600,0.0,0.0
1986-09-11 00:00:00-04:00,0.0,0.8466887236258818,0.8279564875364033,0.8317029476165771,144000,0.0,0.0
1986-09-12 00:00:00-04:00,0.0,0.8279567764890622,0.7942390741799291,0.8054783940315247,104400,0.0,0.0
1986-09-15 00:00:00-04:00,0.0,0.8092249035835266,0.8017320446736326,0.8092249035835266,122400,0.0,0.0
1986-09-16 00:00:00-04:00,0.0,0.8092249035835266,0.8092249035835266,0.8092249035835266,3600,0.0,0.0
1986-09-17 00:00:00-04:00,0.0,0.8092249035835266,0.8092249035835266,0.8092249035835266,3600,0.0,0.0
1986-09-18 00:00:00-04:00,0.0,0.8017318248748779,0.797985364291333,0.8017318248748779,118800,0.0,0.0
1986-09-19 00:00:00-04:00,0.0,0.8054782211470233,0.7942389037077882,0.8017318248748779,108000,0.0,0.0
1986-09-22 00:00:00-04:00,0.0,0.8073520660400391,0.8073520660400391,0.8073520660400391,3600,0.0,0.0
1986-09-23 00:00:00-04:00,0.0,0.799858808517456,0.799858808517456,0.799858808517456,3600,0.0,0.0
1986-09-24 00:00:00-04:00,0.0,0.8036052584648133,0.7998587973832149,0.8036052584648132,489600,0.0,0.0
1986-09-25 00:00:00-04:00,0.0,0.7979858279851988,0.7792539000511169,0.7792539000511169,788400,0.0,0.0
1986-09-26 00:00:00-04:00,0.7792539000511169,0.7792539000511169,0.7792539000511169,0.7792539000511169,0,0.0,0.0
1986-09-29 00:00:00-04:00,0.0,0.7755070862676825,0.7736340165138245,0.7736340165138245,108000,0.0,0.0
1986-09-30 00:00:00-04:00,0.0,0.7829999923706055,0.7811266652555946,0.7829999923706055,75600,0.0,0.0
1986-10-01 00:00:00-04:00,0.0,0.7867467999458312,0.7867467999458312,0.7867467999458313,129600,0.0,0.0
1986-10-02 00:00:00-04:00,0.0,0.7979856724413902,0.7867466079076775,0.7970491051673889,554400,0.0,0.0
1986-10-03 00:00:00-04:00,0.7970491051673889,0.7970491051673889,0.7970491051673889,0.7970491051673889,0,0.0,0.0
1986-10-06 00:00:00-04:00,0.7970491051673889,0.7970491051673889,0.7970491051673889,0.7970491051673889,0,0.0,0.0
1986-10-07 00:00:00-04:00,0.7970491051673889,0.7970491051673889,0.7970491051673889,0.7970491051673889,0,0.0,0.0
1986-10-08 00:00:00-04:00,0.0,0.8148444890975953,0.8045419923106256,0.8148444890975952,244800,0.0,0.0
1986-10-09 00:00:00-04:00,0.8148444890975953,0.8148444890975953,0.8148444890975953,0.8148444890975952,0,0.0,0.0
1986-10-10 00:00:00-04:00,0.8148444890975953,0.8148444890975953,0.8148444890975953,0.8148444890975952,0,0.0,0.0
1986-10-13 00:00:00-04:00,0.8148444890975953,0.8148444890975953,0.8148444890975953,0.8148444890975952,0,0.0,0.0
1986-10-14 00:00:00-04:00,0.8148444890975953,0.8148444890975953,0.8148444890975953,0.8148444890975952,0,0.0,0.0
1986-10-15 00:00:00-04:00,0.0,0.820464278352279,0.8129714189469651,0.8148444890975952,18000,0.0,0.0
1986-10-16 00:00:00-04:00,0.0,0.8223373485029091,0.8148444890975953,0.8148444890975952,79200,0.0,0.0
1986-10-17 00:00:00-04:00,0.8148444890975953,0.8148444890975953,0.8148444890975953,0.8148444890975952,0,0.0,0.0
1986-10-20 00:00:00-04:00,0.8148444890975953,0.8148444890975953,0.8148444890975953,0.8148444890975952,0,0.0,0.0
1986-10-21 00:00:00-04:00,0.0,0.8204645732572751,0.8129717111587524,0.8129717111587524,360000,0.0,0.0
1986-10-22 00:00:00-04:00,0.0,0.8092249035835266,0.8092249035835266,0.8092249035835266,21600,0.0,0.0
1986-10-23 00:00:00-04:00,0.0,0.8110981583595277,0.8110981583595277,0.8110981583595276,3600,0.0,0.0
1986-10-24 00:00:00-04:00,0.8110981583595277,0.8110981583595277,0.8110981583595277,0.8110981583595276,0,0.0,0.0
1986-10-27 00:00:00-05:00,0.0,0.7979859113693237,0.7867468434704799,0.7979859113693237,432000,0.0,0.0
1986-10-28 00:00:00-05:00,0.0,0.799858808517456,0.799858808517456,0.799858808517456,187200,0.0,0.0
1986-10-29 00:00:00-05:00,0.0,0.8036052584648133,0.8036052584648133,0.8036052584648132,75600,0.0,0.0
1986-10-30 00:00:00-05:00,0.0,0.8092249035835266,0.8073518335567419,0.8092249035835266,183600,0.0,0.0
1986-10-31 00:00:00-05:00,0.0,0.8017318248748779,0.7942389037077882,0.8017318248748779,14400,0.0,0.0
1986-11-03 00:00:00-05:00,0.0,0.8110979736103114,0.8092249035835266,0.8092249035835266,464400,0.0,0.0
1986-11-04 00:00:00-05:00,0.0,0.8260836601257324,0.8110978797290694,0.8260836601257324,356400,0.0,0.0
1986-11-05 00:00:00-05:00,0.0,0.8317029476165771,0.8317029476165771,0.8317029476165771,7200,0.0,0.0
1986-11-06 00:00:00-05:00,0.0,0.8335766792297363,0.8335766792297363,0.8335766792297363,360000,0.0,0.0
1986-11-07 00:00:00-05:00,0.0,0.8485624790191649,0.8410698743573927,0.848562479019165,7200,0.0,0.0
1986-11-10 00:00:00-05:00,0.0,0.8757234811782837,0.8569913073921137,0.8757234811782837,82800,0.0,0.0
1986-11-11 00:00:00-05:00,0.0,0.8878999948501587,0.8841535317115751,0.8878999948501587,7200,0.0,0.0
1986-11-12 00:00:00-05:00,0.0,0.8991387486457826,0.8991387486457826,0.8991387486457825,14400,0.0,0.0
1986-11-13 00:00:00-05:00,0.0,0.8850899931322722,0.884153425693512,0.884153425693512,18000,0.0,0.0
1986-11-14 00:00:00-05:00,0.0,0.8729139566421508,0.8729139566421508,0.8729139566421509,3600,0.0,0.0
1986-11-17 00:00:00-05:00,0.0,0.8654211295990497,0.8523087369622668,0.8541820645332336,417600,0.0,0.0
1986-11-18 00:00:00-05:00,0.0,0.8616748530529608,0.8560553193092347,0.8560553193092346,345600,0.0,0.0
1986-11-19 00:00:00-05:00,0.0,0.8569918870925904,0.8569918870925904,0.8569918870925903,14400,0.0,0.0
1986-11-20 00:00:00-05:00,0.0,0.859801411628723,0.85792834170744,0.8598014116287231,370800,0.0,0.0
1986-11-21 00:00:00-05:00,0.0,0.8832163810729982,0.8691671706792632,0.883216381072998,187200,0.0,0.0
1986-11-24 00:00:00-05:00,0.0,1.0815768241882324,1.0770034994169368,1.0815768241882324,7200,0.592,0.0
1986-11-25 00:00:00-05:00,0.0,1.0747175216674805,1.0747175216674805,1.0747175216674805,3600,0.0,0.0
1986-11-26 00:00:00-05:00,1.0747175216674805,1.0747175216674805,1.0747175216674805,1.0747175216674805,0,0.0,0.0
1986-11-28 00:00:00-05:00,1.0747175216674805,1.0747175216674805,1.0747175216674805,1.0747175216674805,0,0.0,0.0
1986-12-01 00:00:00-05:00,0.0,1.079291065743215,1.0735745429992676,1.0735745429992676,39600,0.0,0.0
1986-12-02 00:00:00-05:00,0.0,1.1318833981482903,1.1067303726853028,1.125023603439331,32400,0.0,0.0
1986-12-03 00:00:00-05:00,0.0,1.1410300613079203,1.1273101568222046,1.1273101568222046,18000,0.0,0.0
1986-12-04 00:00:00-05:00,0.0,1.1341692209243774,1.1250229640196752,1.1341692209243774,25200,0.0,0.0
1986-12-05 00:00:00-05:00,0.0,1.1478897560976655,1.129596918075548,1.1433165073394775,25200,0.0,0.0
1986-12-08 00:00:00-05:00,0.0,1.1753296852111816,1.1524635114321484,1.1753296852111816,18000,0.0,0.0
1986-12-09 00:00:00-05:00,0.0,1.1684695641460103,1.1616097688674927,1.1616097688674927,7200,0.0,0.0
1986-12-10 00:00:00-05:00,0.0,1.1616097688674927,1.1570365196782644,1.1616097688674927,25200,0.0,0.0
1986-12-11 00:00:00-05:00,0.0,1.157036304473877,1.1524629776299455,1.157036304473877,14400,0.0,0.0
1986-12-12 00:00:00-05:00,1.157036304473877,1.157036304473877,1.157036304473877,1.157036304473877,0,0.0,0.0
1986-12-15 00:00:00-05:00,0.0,1.1604669059035502,1.1524635212723149,1.1547499895095825,21600,0.0,0.0
1986-12-16 00:00:00-05:00,0.0,1.1536064147949219,1.1478898143046516,1.1536064147949219,21600,0.0,0.0
1986-12-17 00:00:00-05:00,0.0,1.1478898967182491,1.1158771514892578,1.1158771514892578,414000,0.0,0.0
1986-12-18 00:00:00-05:00,0.0,1.1181637048721313,1.1181637048721313,1.1181637048721313,7200,0.0,0.0
1986-12-19 00:00:00-05:00,0.0,1.1616097688674927,1.1273101644323062,1.1616097688674927,54000,0.0,0.0
1986-12-22 00:00:00-05:00,0.0,1.1696127351719818,1.160466473107276,1.1661829948425293,126000,0.0,0.0
1986-12-23 00:00:00-05:00,0.0,1.170756459236145,1.170756459236145,1.170756459236145,3600,0.0,0.0
1986-12-24 00:00:00-05:00,0.0,1.170756459236145,1.170756459236145,1.170756459236145,3600,0.0,0.0
1986-12-26 00:00:00-05:00,0.0,1.170756459236145,1.1616098035737576,1.170756459236145,14400,0.0,0.0
1986-12-29 00:00:00-05:00,0.0,1.179902328978195,1.1661827425855256,1.1730425357818604,43200,0.0,0.0
1986-12-30 00:00:00-05:00,0.0,1.179903268814087,1.1753299388648717,1.179903268814087,25200,0.0,0.0
1986-12-31 00:00:00-05:00,0.0,1.2073423862457275,1.1867626882643871,1.2073423862457275,68400,0.0,0.0
1987-01-02 00:00:00-05:00,0.0,1.207342128945956,1.2027688026428223,1.2027688026428223,7200,0.0,0.0
1987-01-05 00:00:00-05:00,0.0,1.1959089040756226,1.1913359695011716,1.1959089040756226,118800,0.0,0.0
1987-01-06 00:00:00-05:00,0.0,1.1981957790353799,1.1890491247177124,1.1890491247177124,61200,0.0,0.0
1987-01-07 00:00:00-05:00,0.0,1.1890498502071536,1.1753299388648717,1.179903268814087,36000,0.0,0.0
1987-01-08 00:00:00-05:00,0.0,1.2073429917703584,1.1890497519899095,1.1981964111328125,21600,0.0,0.0
1987-01-09 00:00:00-05:00,0.0,1.2050564289093018,1.1981966295649704,1.2050564289093018,21600,0.0,0.0
1987-01-12 00:00:00-05:00,0.0,1.2142019221374047,1.2027688026428223,1.2027688026428223,28800,0.0,0.0
1987-01-13 00:00:00-05:00,0.0,1.2164883890257194,1.1981955548449892,1.2027688026428223,111600,0.0,0.0
1987-01-14 00:00:00-05:00,0.0,1.2164886482746737,1.2004822775711004,1.2073423862457275,28800,0.0,0.0
1987-01-15 00:00:00-05:00,0.0,1.239355206489563,1.2153454541644895,1.239355206489563,111600,0.0,0.0
1987-01-16 00:00:00-05:00,0.0,1.2565051487582026,1.23821222782135,1.23821222782135,50400,0.0,0.0
1987-01-19 00:00:00-05:00,0.0,1.278227686882019,1.2553615225150048,1.278227686882019,18000,0.0,0.0
1987-01-20 00:00:00-05:00,0.0,1.287374098409265,1.2576477527618408,1.2576477527618408,313200,0.0,0.0
1987-01-21 00:00:00-05:00,0.0,1.248501643904092,1.2347817420959473,1.2347817420959473,90000,0.0,0.0
1987-01-22 00:00:00-05:00,0.0,1.2713675498962402,1.251931130934841,1.2713675498962402,28800,0.0,0.0
1987-01-23 00:00:00-05:00,0.0,1.289661494858788,1.2633652687072754,1.2633652687072754,36000,0.0,0.0
1987-01-26 00:00:00-05:00,0.0,1.2713677920871196,1.259934750059484,1.2622212171554565,32400,0.0,0.0
1987-01-27 00:00:00-05:00,0.0,1.274797797203064,1.2656512226215508,1.274797797203064,14400,0.0,0.0
1987-01-28 00:00:00-05:00,0.0,1.2988075510711192,1.2896612882614136,1.2896612882614136,216000,0.0,0.0
1987-01-29 00:00:00-05:00,0.0,1.3239605407176185,1.3068108960987468,1.3125274181365967,28800,0.0,0.0
1987-01-30 00:00:00-05:00,0.0,1.3079540549063766,1.3033807277679443,1.3033807277679443,39600,0.0,0.0
1987-02-02 00:00:00-05:00,0.0,1.3308206796646118,1.312527447608252,1.3308206796646118,640800,0.0,0.0
1987-02-03 00:00:00-05:00,0.0,1.3445395231246948,1.3353931869462297,1.3445395231246948,10800,0.0,0.0
1987-02-04 00:00:00-05:00,0.0,1.3582603592995146,1.330820860755122,1.3491137027740479,43200,0.0,0.0
1987-02-05 00:00:00-05:00,0.0,1.347969889640808,1.3468266954839605,1.347969889640808,36000,0.0,0.0
1987-02-06 00:00:00-05:00,0.0,1.3445402700592552,1.3308206796646118,1.3308206796646118,7200,0.0,0.0
1987-02-09 00:00:00-05:00,0.0,1.3239601989656364,1.3171004056930542,1.3171004056930542,10800,0.0,0.0
1987-02-10 00:00:00-05:00,0.0,1.3079543113708496,1.3079543113708496,1.3079543113708496,3600,0.0,0.0
1987-02-11 00:00:00-05:00,0.0,1.309097170829773,1.309097170829773,1.309097170829773,3600,0.0,0.0
1987-02-12 00:00:00-05:00,0.0,1.298807978630066,1.298807978630066,1.298807978630066,3600,0.0,0.0
1987-02-13 00:00:00-05:00,0.0,1.3193871974945068,1.3079540757296926,1.3193871974945068,10800,0.0,0.0
1987-02-17 00:00:00-05:00,0.0,1.3353936672210693,1.327390365044361,1.3353936672210693,7200,0.0,0.0
1987-02-18 00:00:00-05:00,0.0,1.3536875247955322,1.3399676143039854,1.3536875247955322,410400,0.0,0.0
1987-02-19 00:00:00-05:00,0.0,1.3353936672210693,1.3353936672210693,1.3353936672210693,90000,0.0,0.0
1987-02-20 00:00:00-05:00,0.0,1.3536875247955322,1.3456843745177276,1.3536875247955322,7200,0.0,0.0
1987-02-23 00:00:00-05:00,0.0,1.3536875247955322,1.3514009777207527,1.3536875247955322,208800,0.0,0.0
1987-02-24 00:00:00-05:00,0.0,1.3605468273162842,1.359403475690115,1.3605468273162842,316800,0.0,0.0
1987-02-25 00:00:00-05:00,0.0,1.37998366355896,1.3742672174335746,1.37998366355896,10800,0.0,0.0
1987-02-26 00:00:00-05:00,0.0,1.3994194269180298,1.3902727725965713,1.3994194269180298,18000,0.0,0.0
1987-02-27 00:00:00-05:00,0.0,1.424572288921009,1.4062791383687556,1.4085659980773926,39600,0.0,0.0
1987-03-02 00:00:00-05:00,0.0,1.4588719606399536,1.438292263366119,1.4588719606399536,25200,0.0,0.0
1987-03-03 00:00:00-05:00,0.0,1.5000308752059937,1.474877937365399,1.5000308752059937,1083600,0.0,0.0
1987-03-04 00:00:00-05:00,0.0,1.564057079089133,1.5000314379334998,1.5286142826080322,331200,0.0,0.0
1987-03-05 00:00:00-05:00,0.0,1.5160378217697144,1.5137509619191198,1.5160378217697144,453600,0.0,0.0
1987-03-06 00:00:00-05:00,0.0,1.525183916091919,1.525183916091919,1.525183916091919,61200,0.0,0.0
1987-03-09 00:00:00-05:00,0.0,1.518324219028853,1.509177565574646,1.509177565574646,10800,0.0,0.0
1987-03-10 00:00:00-05:00,0.0,1.518324375152588,1.518324375152588,1.518324375152588,21600,0.0,0.0
1987-03-11 00:00:00-05:00,0.0,1.509177436433179,1.4863111972808838,1.4863111972808838,32400,0.0,0.0
1987-03-12 00:00:00-05:00,0.0,1.4771645877191117,1.4680179357528687,1.4680179357528687,14400,0.0,0.0
1987-03-13 00:00:00-05:00,0.0,1.4725910425186157,1.4725910425186157,1.4725910425186157,18000,0.0,0.0
1987-03-16 00:00:00-05:00,0.0,1.5274713280205474,1.5046049207310446,1.5228980779647827,666000,0.0,0.0
1987-03-17 00:00:00-05:00,0.0,1.5320438739706617,1.5274704694747925,1.5274704694747925,295200,0.0,0.0
1987-03-18 00:00:00-05:00,0.0,1.5320444107055664,1.5183245064325233,1.5320444107055664,277200,0.0,0.0
1987-03-19 00:00:00-05:00,0.0,1.5274713280205474,1.518324827909018,1.5228980779647827,90000,0.0,0.0
1987-03-20 00:00:00-05:00,0.0,1.536617129637998,1.5137505780686669,1.529757022857666,248400,0.0,0.0
1987-03-23 00:00:00-05:00,0.0,1.536617636680603,1.534330776655298,1.536617636680603,410400,0.0,0.0
1987-03-24 00:00:00-05:00,0.0,1.5549106834445612,1.5503374338150024,1.5503374338150024,136800,0.0,0.0
1987-03-25 00:00:00-05:00,0.0,1.541190885699282,1.536617636680603,1.536617636680603,61200,0.0,0.0
1987-03-26 00:00:00-05:00,0.0,1.5320442706175599,1.5091777132498256,1.5160378217697144,68400,0.0,0.0
1987-03-27 00:00:00-05:00,0.0,1.5457640814052138,1.5274710841033086,1.5434775352478027,57600,0.0,0.0
1987-03-30 00:00:00-05:00,0.0,1.536617636680603,1.5183244835952434,1.536617636680603,43200,0.0,0.0
1987-03-31 00:00:00-05:00,0.0,1.536617636680603,1.5091778285472417,1.536617636680603,475200,0.0,0.0
1987-04-01 00:00:00-05:00,0.0,1.520611078003927,1.5160378293118812,1.518324375152588,363600,0.0,0.0
1987-04-02 00:00:00-05:00,0.0,1.5503374338150024,1.5331877869568236,1.5503374338150024,212400,0.0,0.0
1987-04-03 00:00:00-05:00,0.0,1.5594839977655786,1.5366177509714338,1.5571974515914917,39600,0.0,0.0
1987-04-06 00:00:00-04:00,0.0,1.5777772561496501,1.5640573501586916,1.5640573501586914,39600,0.0,0.0
1987-04-07 00:00:00-04:00,0.0,1.582350722421416,1.5640575642661667,1.5686308145523071,115200,0.0,0.0
1987-04-08 00:00:00-04:00,0.0,1.5914961099624634,1.5709164175318229,1.5914961099624634,151200,0.0,0.0
1987-04-09 00:00:00-04:00,0.0,1.6532351993401648,1.6086460747619375,1.623509168624878,75600,0.0,0.0
1987-04-10 00:00:00-04:00,0.0,1.637229084968567,1.6235094964913086,1.637229084968567,154800,0.0,0.0
1987-04-13 00:00:00-04:00,0.0,1.6212222329399022,1.5869226455688477,1.5869226455688477,198000,0.0,0.0
1987-04-14 00:00:00-04:00,0.0,1.5914958924828742,1.5777763087513665,1.5869226455688477,198000,0.0,0.0
1987-04-15 00:00:00-04:00,0.0,1.5960693575014286,1.5823497718951256,1.5914961099624634,169200,0.0,0.0
1987-04-16 00:00:00-04:00,0.0,1.6280822591866815,1.5960693691693049,1.623509168624878,61200,0.0,0.0
1987-04-20 00:00:00-04:00,0.0,1.6280822591866815,1.6155058676152367,1.623509168624878,43200,0.0,0.0
1987-04-21 00:00:00-04:00,0.0,1.6326555013656616,1.6280822538083715,1.6326555013656616,108000,0.0,0.0
1987-04-22 00:00:00-04:00,0.0,1.6235096911149212,1.6143631930265316,1.6200796365737915,36000,0.0,0.0
1987-04-23 00:00:00-04:00,0.0,1.6189366579055786,1.6189366579055786,1.6189366579055786,7200,0.0,0.0
1987-04-24 00:00:00-04:00,0.0,1.6418023030423592,1.6372288980578849,1.63951575756073,90000,0.0,0.0
1987-04-27 00:00:00-04:00,0.0,1.6280830002027038,1.6189366579055786,1.6189366579055786,478800,0.0,0.0
1987-04-28 00:00:00-04:00,0.0,1.6376036405563357,1.6283124667203432,1.6376036405563354,331200,0.07664,0.0
1987-04-29 00:00:00-04:00,0.0,1.6678004264831545,1.6399264312752277,1.6678004264831543,198000,0.0,0.0
1987-04-30 00:00:00-04:00,0.0,1.6910287141799927,1.6770915587369006,1.6910287141799927,18000,0.0,0.0
1987-05-01 00:00:00-04:00,0.0,1.6910287141799927,1.6828986802553774,1.6910287141799927,43200,0.0,0.0
1987-05-04 00:00:00-04:00,0.0,1.692189931869507,1.6910284758301446,1.6921899318695068,14400,0.0,0.0
1987-05-05 00:00:00-04:00,0.0,1.718902349472046,1.700319532568704,1.718902349472046,975600,0.0,0.0
1987-05-06 00:00:00-04:00,0.0,1.7537457942962646,1.7351629697325766,1.7537457942962646,374400,0.0,0.0
1987-05-07 00:00:00-04:00,0.0,1.7525835823339484,1.7374851322276907,1.7467764616012573,39600,0.0,0.0
1987-05-08 00:00:00-04:00,0.0,1.7630364880036078,1.75142240524292,1.75142240524292,208800,0.0,0.0
1987-05-11 00:00:00-04:00,0.0,1.7630362510681152,1.756067834247564,1.7630362510681152,46800,0.0,0.0
1987-05-12 00:00:00-04:00,0.0,1.75142240524292,1.7421309157387677,1.75142240524292,97200,0.0,0.0
1987-05-13 00:00:00-04:00,0.0,1.76071293210469,1.737484458185217,1.7444531917572021,82800,0.0,0.0
1987-05-14 00:00:00-04:00,0.0,1.7885872860766763,1.7607133028993736,1.7723275423049927,288000,0.0,0.0
1987-05-15 00:00:00-04:00,0.0,1.7978788201882674,1.7932331562042239,1.7932331562042236,126000,0.0,0.0
1987-05-18 00:00:00-04:00,0.0,1.9418950383517743,1.9093750715255735,1.9093750715255737,43200,0.0,0.0
1987-05-19 00:00:00-04:00,0.0,1.9651247720786378,1.9372507681676796,1.9511876106262207,316800,0.0,0.0
1987-05-20 00:00:00-04:00,0.0,1.9372491762632227,1.8954380452574955,1.9186663627624512,172800,0.0,0.0
1987-05-21 00:00:00-04:00,0.0,1.9116978620700669,1.9047291278839111,1.9047291278839111,36000,0.0,0.0
1987-05-22 00:00:00-04:00,0.0,1.904729560433891,1.8861469030380251,1.886146903038025,21600,0.0,0.0
1987-05-26 00:00:00-04:00,0.0,1.8350440978759117,1.816461443901062,1.816461443901062,136800,0.0,0.0
1987-05-27 00:00:00-04:00,0.0,1.8071701923277177,1.797878705455748,1.8048471212387085,93600,0.0,0.0
1987-05-28 00:00:00-04:00,0.0,1.8396899287096828,1.8211071135477146,1.835044264793396,57600,0.0,0.0
1987-05-29 00:00:00-04:00,0.0,1.85362708568573,1.8443355983276113,1.85362708568573,482400,0.0,0.0
1987-06-01 00:00:00-04:00,0.0,1.8722097053967321,1.8582728721823776,1.8629183769226074,36000,0.0,0.0
1987-06-02 00:00:00-04:00,0.0,1.8931153198130566,1.8675640861453229,1.886146903038025,378000,0.0,0.0
1987-06-03 00:00:00-04:00,0.0,1.9186664808230356,1.888469426963279,1.9140206575393677,176400,0.0,0.0
1987-06-04 00:00:00-04:00,0.0,1.8919540239353727,1.8768555749223386,1.890792727470398,237600,0.0,0.0
1987-06-05 00:00:00-04:00,0.0,1.9372490644454956,1.9186662520173212,1.9372490644454956,25200,0.0,0.0
1987-06-08 00:00:00-04:00,0.0,1.9883515376772327,1.9511860689967373,1.9744147062301636,277200,0.0,0.0
1987-06-09 00:00:00-04:00,0.0,2.039454698562622,1.997643551857516,2.039454698562622,162000,0.0,0.0
1987-06-10 00:00:00-04:00,0.0,2.025517225265503,2.0139028265597188,2.025517225265503,133200,0.0,0.0
1987-06-11 00:00:00-04:00,0.0,2.011579990386963,1.9790603452558302,2.011579990386963,126000,0.0,0.0
1987-06-12 00:00:00-04:00,0.0,1.9999655877544866,1.9976425170898438,1.9976425170898438,82800,0.0,0.0
1987-06-15 00:00:00-04:00,0.0,2.0092575142972033,1.9988047290797704,2.003450393676758,414000,0.0,0.0
1987-06-16 00:00:00-04:00,0.0,2.0162267684936523,2.0115809432061074,2.0162267684936523,230400,0.0,0.0
1987-06-17 00:00:00-04:00,0.0,2.0278403759002686,2.0208719586029775,2.0278403759002686,115200,0.0,0.0
1987-06-18 00:00:00-04:00,0.0,2.0022904872894287,2.0022904872894287,2.0022904872894287,61200,0.0,0.0
1987-06-19 00:00:00-04:00,0.0,2.002287937548658,1.9929964542388916,1.9929964542388916,43200,0.0,0.0
1987-06-22 00:00:00-04:00,0.0,1.9929984436808814,1.9697701109614638,1.9790616035461426,75600,0.0,0.0
1987-06-23 00:00:00-04:00,0.0,1.9883517026901245,1.9837061981534467,1.9883517026901245,198000,0.0,0.0
1987-06-24 00:00:00-04:00,0.0,2.0348091918063838,2.0185492824327236,2.0324864387512207,82800,0.0,0.0
1987-06-25 00:00:00-04:00,0.0,2.0278403759002686,2.022033255154627,2.0278403759002686,68400,0.0,0.0
1987-06-26 00:00:00-04:00,0.0,2.0510692596435547,2.0324865957790537,2.0510692596435547,187200,0.0,0.0
1987-06-29 00:00:00-04:00,0.0,2.0719741898460797,2.030163049697876,2.030163049697876,705600,0.0,0.0
1987-06-30 00:00:00-04:00,0.0,2.034809671958002,2.0162271646411662,2.0208728313446045,154800,0.0,0.0
1987-07-01 00:00:00-04:00,0.0,2.0278412516513034,2.0162271646411662,2.0208728313446045,54000,0.0,0.0
1987-07-02 00:00:00-04:00,0.0,2.0255184980480427,2.0162271646411662,2.0208728313446045,133200,0.0,0.0
1987-07-06 00:00:00-04:00,0.0,2.053391613982011,2.0382931638237074,2.044100284576416,273600,0.0,0.0
1987-07-07 00:00:00-04:00,0.0,2.1068170046535672,2.0882343457776007,2.090557098388672,291600,0.0,0.0
1987-07-08 00:00:00-04:00,0.0,2.078941583633423,2.071972852112175,2.078941583633423,97200,0.0,0.0
1987-07-09 00:00:00-04:00,0.0,2.0905574167106993,2.081265926361084,2.081265926361084,230400,0.0,0.0
1987-07-10 00:00:00-04:00,0.0,2.0789426963387436,2.069651208834102,2.0766196250915527,54000,0.0,0.0
1987-07-13 00:00:00-04:00,0.0,2.0882346630096436,2.081265925627234,2.0882346630096436,28800,0.0,0.0
1987-07-14 00:00:00-04:00,0.0,2.142822265625,2.1137866449610487,2.142822265625,181440,0.0,5.0
1987-07-15 00:00:00-04:00,0.0,2.1892778873443604,2.154435161834352,2.1892778873443604,172800,0.0,0.0
1987-07-16 00:00:00-04:00,0.0,2.206699649736724,2.1950855644541267,2.200892686843872,183600,0.0,0.0
1987-07-17 00:00:00-04:00,0.0,2.1834721345545316,2.142822265625,2.142822265625,147600,0.0,0.0
1987-07-20 00:00:00-04:00,0.0,2.1312069437993344,2.090557098388672,2.090557098388672,122400,0.0,0.0
1987-07-21 00:00:00-04:00,0.0,2.09636389291321,2.067328453063965,2.067328453063965,71280,0.0,0.0
1987-07-22 00:00:00-04:00,0.0,2.044100284576416,2.0208719610624293,2.044100284576416,79200,0.0,0.0
1987-07-23 00:00:00-04:00,0.0,2.049907922744751,2.0324867142307106,2.049907922744751,41760,0.0,0.0
1987-07-24 00:00:00-04:00,0.0,2.0499072458322765,2.044100284576416,2.044100284576416,30960,0.0,0.0
1987-07-27 00:00:00-04:00,0.0,2.0324857509439824,1.974414870757057,1.9918360710144043,206640,0.0,0.0
1987-07-28 00:00:00-04:00,0.0,2.044100682517675,2.009257951218312,2.0324864387512207,93600,0.0,0.0
1987-07-29 00:00:00-04:00,0.0,2.0847492153605365,2.0557136221121777,2.0731351375579834,133200,0.0,0.0
1987-07-30 00:00:00-04:00,0.0,2.0789440140017867,2.049908236706232,2.0615224838256836,66960,0.0,0.0
1987-07-31 00:00:00-04:00,0.0,2.0266791969227524,1.9918364704275664,2.0150649547576904,156960,0.0,0.0
1987-08-03 00:00:00-04:00,0.0,2.009256331054353,1.9686068296432493,1.9686068296432495,102240,0.0,0.0
1987-08-04 00:00:00-04:00,0.0,1.9395716954653588,1.9279574583584935,1.9337645769119263,58320,0.0,0.0
1987-08-05 00:00:00-04:00,0.0,2.003450393676758,1.9395723858455467,2.003450393676758,57600,0.0,0.0
1987-08-06 00:00:00-04:00,0.0,1.9686068296432493,1.951185318544525,1.9686068296432495,38880,0.0,0.0
1987-08-07 00:00:00-04:00,0.0,1.9860280217484723,1.9569924357451827,1.9686068296432495,163440,0.0,0.0
1987-08-10 00:00:00-04:00,0.0,2.044100284576416,1.9976433185547455,2.044100284576416,275040,0.0,0.0
1987-08-11 00:00:00-04:00,0.0,2.0557143688201904,2.044100286798993,2.0557143688201904,216000,0.0,0.0
1987-08-12 00:00:00-04:00,0.0,2.1021697317238135,2.0673273500914884,2.078941583633423,532080,0.0,0.0
1987-08-13 00:00:00-04:00,0.0,2.1370131969451904,2.067328089754636,2.1370131969451904,252000,0.0,0.0
1987-08-14 00:00:00-04:00,0.0,2.131206428526688,2.113784910923073,2.1195921897888184,170640,0.0,0.0
1987-08-17 00:00:00-04:00,0.0,2.0092571038414606,1.9628004673618564,1.9744147062301636,866880,0.0,0.0
1987-08-18 00:00:00-04:00,0.0,1.9976420966530373,1.93957124363996,1.9686068296432495,709920,0.0,0.0
1987-08-19 00:00:00-04:00,0.0,1.9860280217484723,1.945378201343867,1.9686068296432495,290160,0.0,0.0
1987-08-20 00:00:00-04:00,0.0,1.9511866555711017,1.9337654515282139,1.9395725727081299,401040,0.0,0.0
1987-08-21 00:00:00-04:00,0.0,1.9628020181678603,1.9511876106262205,1.9511876106262207,114480,0.0,0.0
1987-08-24 00:00:00-04:00,0.0,1.9744154613429976,1.9511868152258032,1.962801218032837,90000,0.0,0.0
1987-08-25 00:00:00-04:00,0.0,1.9686077774762216,1.9453791379928589,1.9453791379928589,63360,0.0,0.0
1987-08-26 00:00:00-04:00,0.0,1.9453791379928589,1.9279579374997853,1.9453791379928589,194400,0.0,0.0
1987-08-27 00:00:00-04:00,0.0,1.9279587278969783,1.9047302383875564,1.9163446426391602,170640,0.0,0.0
1987-08-28 00:00:00-04:00,0.0,1.9337651698860452,1.8989224478811981,1.9221510887145996,308880,0.0,0.0
1987-08-31 00:00:00-04:00,0.0,1.9453791379928589,1.9163438570033453,1.9453791379928589,33120,0.0,0.0
1987-09-01 00:00:00-04:00,0.0,1.9976436289695725,1.9279584881023553,1.962801218032837,305280,0.0,0.0
1987-09-02 00:00:00-04:00,0.0,1.9511866555711017,1.9279583303482979,1.9395725727081299,20880,0.0,0.0
1987-09-03 00:00:00-04:00,0.0,1.9395729726516893,1.9163446426391604,1.9163446426391602,21600,0.0,0.0
1987-09-04 00:00:00-04:00,0.0,1.9163440403373897,1.881501317024231,1.881501317024231,79920,0.0,0.0
1987-09-08 00:00:00-04:00,0.0,1.9221517650165159,1.8931159936328454,1.9163446426391602,277200,0.0,0.0
1987-09-09 00:00:00-04:00,0.0,1.9105364063723742,1.8989220088922478,1.9047291278839111,45360,0.0,0.0
1987-09-10 00:00:00-04:00,0.0,1.9511862579894927,1.9221509769999792,1.9453791379928589,141120,0.0,0.0
1987-09-11 00:00:00-04:00,0.0,1.9860289096832275,1.956993310698396,1.9860289096832275,291600,0.0,0.0
1987-09-14 00:00:00-04:00,0.0,2.009257271271752,1.9918360710144043,1.9918360710144043,254880,0.0,0.0
1987-09-15 00:00:00-04:00,0.0,1.9976430314356366,1.980221831178289,1.9918360710144043,37440,0.0,0.0
1987-09-16 00:00:00-04:00,0.0,1.9976425170898438,1.9860284397409047,1.9976425170898438,33120,0.0,0.0
1987-09-17 00:00:00-04:00,0.0,1.9744147062301636,1.9569931884308909,1.9744147062301636,16560,0.0,0.0
1987-09-18 00:00:00-04:00,0.0,1.9860287856016587,1.9744147062301636,1.9744147062301636,64800,0.0,0.0
1987-09-21 00:00:00-04:00,0.0,1.9860289779692952,1.9395721774930528,1.9453791379928589,178560,0.0,0.0
1987-09-22 00:00:00-04:00,0.0,1.9976425170898438,1.9453786107808726,1.9976425170898438,111600,0.0,0.0
1987-09-23 00:00:00-04:00,0.0,2.0092575142972033,1.9976432730563123,2.003450393676758,31680,0.0,0.0
1987-09-24 00:00:00-04:00,0.0,1.9686068296432493,1.9627997124425915,1.9686068296432495,248400,0.0,0.0
1987-09-25 00:00:00-04:00,0.0,1.9976428649731537,1.9744147062301636,1.9744147062301636,23040,0.0,0.0
1987-09-28 00:00:00-04:00,0.0,1.9918360710144043,1.9686077508389992,1.9918360710144043,83520,0.0,0.0
1987-09-29 00:00:00-04:00,0.0,1.9744147062301636,1.9511860689967373,1.9744147062301636,36000,0.0,0.0
1987-09-30 00:00:00-04:00,0.0,1.951186212364462,1.927957892417908,1.9279578924179077,65520,0.0,0.0
1987-10-01 00:00:00-04:00,0.0,1.9453791379928589,1.9279579374997853,1.9453791379928589,241920,0.0,0.0
1987-10-02 00:00:00-04:00,0.0,1.9453791379928589,1.933765057496419,1.9453791379928589,15120,0.0,0.0
1987-10-05 00:00:00-04:00,0.0,1.9511862579894927,1.933765057496419,1.9453791379928589,27360,0.0,0.0
1987-10-06 00:00:00-04:00,0.0,1.9628020181678603,1.9511876106262205,1.9511876106262207,142560,0.0,0.0
1987-10-07 00:00:00-04:00,0.0,1.962801218032837,1.9453796935707228,1.962801218032837,34560,0.0,0.0
1987-10-08 00:00:00-04:00,0.0,1.9628006574795878,1.9395721774930528,1.9453791379928589,33120,0.0,0.0
1987-10-09 00:00:00-04:00,0.0,1.9453786545220035,1.9337645769119263,1.9337645769119263,28080,0.0,0.0
1987-10-12 00:00:00-04:00,0.0,1.9221509635008323,1.887308243765728,1.898922324180603,144720,0.0,0.0
1987-10-13 00:00:00-04:00,0.0,1.8931148052215576,1.846658014863065,1.8931148052215576,182880,0.0,0.0
1987-10-14 00:00:00-04:00,0.0,1.8931144627477945,1.858272075653076,1.8582720756530762,65520,0.0,0.0
1987-10-15 00:00:00-04:00,0.0,1.864080791517826,1.8350451782170571,1.84085214138031,310320,0.0,0.0
1987-10-16 00:00:00-04:00,0.0,1.8176234539580953,1.7885876893997195,1.7885876893997192,218880,0.0,0.0
1987-10-19 00:00:00-04:00,0.0,1.5330751122268915,1.3704762076882484,1.382090449333191,306000,0.0,0.0
1987-10-20 00:00:00-04:00,0.0,1.6259891196079743,1.3472482370444632,1.4866185188293457,501840,0.0,0.0
1987-10-21 00:00:00-04:00,0.0,1.6724454164505005,1.6259886170487448,1.6724454164505005,123120,0.0,0.0
1987-10-22 00:00:00-04:00,0.0,1.672445676352433,1.48661829037058,1.5563037395477295,325440,0.0,0.0
1987-10-23 00:00:00-04:00,0.0,1.533074884632386,1.4866180844462678,1.4982324838638306,248400,0.0,0.0
1987-10-26 00:00:00-05:00,0.0,1.3820903619207536,1.3182122761589137,1.3472479581832886,493200,0.0,0.0
1987-10-27 00:00:00-05:00,0.0,1.533075332589931,1.475004275514981,1.4866185188293457,50400,0.0,0.0
1987-10-28 00:00:00-05:00,0.0,1.4750046730041506,1.4053195133327205,1.4750046730041504,122400,0.0,0.0
1987-10-29 00:00:00-05:00,0.0,1.5446895360946655,1.4750040851997757,1.5446895360946655,143280,0.0,0.0
1987-10-30 00:00:00-05:00,0.0,1.6259881379907066,1.579531192779541,1.579531192779541,50400,0.0,0.0
1987-11-02 00:00:00-05:00,0.0,1.6027601957321167,1.5679174787617574,1.6027601957321167,121680,0.0,0.0
1987-11-03 00:00:00-05:00,0.0,1.579531409473606,1.4982322226910567,1.5330746173858643,115920,0.0,0.0
1987-11-04 00:00:00-05:00,0.0,1.4924254417419434,1.428547118846276,1.4924254417419434,78480,0.0,0.0
1987-11-05 00:00:00-05:00,0.0,1.5563037395477295,1.48661829037058,1.5563037395477295,26640,0.0,0.0
1987-11-06 00:00:00-05:00,0.0,1.5446890147787982,1.521460538986528,1.5330746173858643,140400,0.0,0.0
1987-11-09 00:00:00-05:00,0.0,1.4982329209512781,1.4169333772850035,1.4459689855575562,60480,0.0,0.0
1987-11-10 00:00:00-05:00,0.0,1.440161303806489,1.3937045081349004,1.4285469055175781,79200,0.0,0.0
1987-11-11 00:00:00-05:00,0.0,1.4982329216405834,1.4517761078799982,1.4866185188293457,18000,0.0,0.0
1987-11-12 00:00:00-05:00,0.0,1.5911460264111157,1.5330749825936074,1.5679177045822144,147600,0.0,0.0
1987-11-13 00:00:00-05:00,0.0,1.5737253071069914,1.5098471233856143,1.5214613676071167,25920,0.0,0.0
1987-11-16 00:00:00-05:00,0.0,1.6085677501923028,1.5563038201011379,1.5621107816696167,125280,0.0,0.0
1987-11-17 00:00:00-05:00,0.0,1.5446890440374015,1.4982322510697024,1.5098463296890259,105840,0.0,0.0
1987-11-18 00:00:00-05:00,0.0,1.5330754523317334,1.5156542454963655,1.5214613676071167,41040,0.0,0.0
1987-11-19 00:00:00-05:00,0.0,1.5272674435307314,1.5040392875671384,1.5040392875671387,609840,0.0,0.0
1987-11-20 00:00:00-05:00,0.0,1.5156534487470885,1.49242513201164,1.5098463296890259,104400,0.0,0.0
1987-11-23 00:00:00-05:00,0.0,1.5415910690393673,1.5240064859390259,1.5240064859390259,41760,0.04194,0.0
1987-11-24 00:00:00-05:00,0.0,1.6002064346678222,1.5826218547215518,1.5943448543548584,51120,0.0,0.0
1987-11-25 00:00:00-05:00,0.0,1.6002064346678222,1.5884834350345154,1.5943448543548584,5040,0.0,0.0
1987-11-27 00:00:00-05:00,0.0,1.6177915334701538,1.5943450483724508,1.6177915334701538,47520,0.0,0.0
1987-11-30 00:00:00-05:00,0.0,1.5943449751257894,1.4771138429641724,1.4771138429641724,250560,0.0,0.0
1987-12-01 00:00:00-05:00,0.0,1.5415910690393673,1.5064219028386845,1.5240064859390259,92160,0.0,0.0
1987-12-02 00:00:00-05:00,0.0,1.5474526504036974,1.5240064859390259,1.5240064859390259,39600,0.0,0.0
1987-12-03 00:00:00-05:00,0.0,1.5474532691705438,1.4888375930817441,1.5005607604980469,136800,0.0,0.0
1987-12-04 00:00:00-05:00,0.0,1.477114162111827,1.45366799501074,1.4653911590576172,90720,0.0,0.0
1987-12-07 00:00:00-05:00,0.0,1.4888380765914917,1.4653920561300675,1.4888380765914917,138240,0.0,0.0
1987-12-08 00:00:00-05:00,0.0,1.5240064859390259,1.4946985791173748,1.5240064859390259,138960,0.0,0.0
1987-12-09 00:00:00-05:00,0.0,1.5708993673324585,1.5474528774424727,1.5708993673324585,203760,0.0,0.0
1987-12-10 00:00:00-05:00,0.0,1.5357305451666465,1.5240073755944619,1.5298689603805542,254160,0.0,0.0
1987-12-11 00:00:00-05:00,0.0,1.606068730354309,1.5767609767278814,1.606068730354309,115920,0.0,0.0
1987-12-14 00:00:00-05:00,0.0,1.6529611596096196,1.6060686592866866,1.6353765726089478,92160,0.0,0.0
1987-12-15 00:00:00-05:00,0.0,1.723300745830465,1.6764082293375413,1.7115774154663086,30960,0.0,0.0
1987-12-16 00:00:00-05:00,0.0,1.746746301651001,1.7174385496502353,1.746746301651001,114480,0.0,0.0
1987-12-17 00:00:00-05:00,0.0,1.7819155344542539,1.7467460440487537,1.7526074647903442,348480,0.0,0.0
1987-12-18 00:00:00-05:00,0.0,1.7760546207427979,1.7526081239942686,1.7760546207427979,16560,0.0,0.0
1987-12-21 00:00:00-05:00,0.0,1.7760546207427979,1.7467467010480362,1.7760546207427979,48240,0.0,0.0
1987-12-22 00:00:00-05:00,0.0,1.764330327875272,1.7408841659227245,1.758468747138977,241920,0.0,0.0
1987-12-23 00:00:00-05:00,0.0,1.7584690687291085,1.7350229024887085,1.7350229024887085,46080,0.0,0.0
1987-12-24 00:00:00-05:00,0.0,1.7467462440799972,1.7408846616744993,1.7408846616744995,10800,0.0,0.0
1987-12-28 00:00:00-05:00,0.0,1.7350229024887085,1.7291614816731047,1.7350229024887085,67680,0.0,0.0
1987-12-29 00:00:00-05:00,0.0,1.723299304334307,1.6998528242111206,1.6998528242111206,372960,0.0,0.0
1987-12-30 00:00:00-05:00,0.0,1.7115774154663086,1.688131237716217,1.7115774154663086,119520,0.0,0.0
1987-12-31 00:00:00-05:00,0.0,1.6881314825914413,1.6412389592964305,1.6529619693756104,85680,0.0,0.0
1988-01-04 00:00:00-05:00,1.658822723663338,1.746746301651001,1.658822723663338,1.746746301651001,272880,0.0,0.0
1988-01-05 00:00:00-05:00,1.7584690687291085,1.781915556954831,1.7350229024887085,1.7350229024887085,55440,0.0,0.0
1988-01-06 00:00:00-05:00,1.7350237542091407,1.7350237542091407,1.693992822401925,1.7115774154663086,102960,0.0,0.0
1988-01-07 00:00:00-05:00,1.7115770725202912,1.717438817024231,1.6998539054978277,1.717438817024231,114480,0.0,0.0
1988-01-08 00:00:00-05:00,1.6881301220630927,1.6881301220630927,1.5943449900653166,1.6119298934936523,216000,0.0,0.0
1988-01-11 00:00:00-05:00,1.6470993068015558,1.6881303787231445,1.629514722684962,1.6881303787231445,114480,0.0,0.0
1988-01-12 00:00:00-05:00,1.6881300999746136,1.6881300999746136,1.6412376150856112,1.6646839380264282,27360,0.0,0.0
1988-01-13 00:00:00-05:00,1.6529612997763072,1.6822692155838013,1.6412382944460082,1.6822692155838013,115200,0.0,0.0
1988-01-14 00:00:00-05:00,1.6822692155838013,1.6822692155838013,1.6705462102535023,1.6822692155838013,7920,0.0,0.0
1988-01-15 00:00:00-05:00,1.6939922192554764,1.746746301651001,1.6939922192554764,1.746746301651001,118800,0.0,0.0
1988-01-18 00:00:00-05:00,1.7291618808757916,1.7291618808757916,1.6646846270920035,1.6822692155838013,129600,0.0,0.0
1988-01-19 00:00:00-05:00,1.6412380975490328,1.6470995190146467,1.6177919287085392,1.6295149326324463,82080,0.0,0.0
1988-01-20 00:00:00-05:00,1.6353759165456034,1.6353759165456034,1.5943448543548586,1.5943448543548584,85680,0.0,0.0
1988-01-21 00:00:00-05:00,1.6412380975490328,1.6412380975490328,1.6236535111668324,1.6295149326324463,102240,0.0,0.0
1988-01-22 00:00:00-05:00,1.6646839970598606,1.6764071589459988,1.6646839970598606,1.6705455780029297,43200,0.0,0.0
1988-01-25 00:00:00-05:00,1.6646838008762461,1.6646838008762461,1.6470988991267885,1.6588220596313477,47520,0.0,0.0
1988-01-26 00:00:00-05:00,1.6470995190146467,1.65296110147294,1.6295149326324463,1.6295149326324463,44640,0.0,0.0
1988-01-27 00:00:00-05:00,1.6412378549575808,1.6412378549575808,1.6353762733656882,1.6412378549575806,82080,0.0,0.0
1988-01-28 00:00:00-05:00,1.6529608885046398,1.6881303787231445,1.6529608885046398,1.6881303787231445,223200,0.0,0.0
1988-01-29 00:00:00-05:00,1.6822687970200603,1.6881303787231445,1.6822687970200603,1.6881303787231445,27360,0.0,0.0
1988-02-01 00:00:00-05:00,1.6998531607329999,1.705714741676069,1.6705455780029297,1.6705455780029297,112320,0.0,0.0
1988-02-02 00:00:00-05:00,1.6588235549115822,1.6705468869762896,1.6471003838396385,1.6529619693756104,15120,0.0,0.0
1988-02-03 00:00:00-05:00,1.6412378549575808,1.6529608571487102,1.6412378549575808,1.6412378549575806,139680,0.0,0.0
1988-02-04 00:00:00-05:00,1.6353762733656882,1.6412378549575808,1.6353762733656882,1.6412378549575806,13680,0.0,0.0
1988-02-05 00:00:00-05:00,1.6470991166162028,1.6470991166162028,1.6177915334701538,1.6177915334701538,198720,0.0,0.0
1988-02-08 00:00:00-05:00,1.617791474305553,1.617791474305553,1.5943449900653166,1.6119298934936523,38160,0.0,0.0
1988-02-09 00:00:00-05:00,1.6236535682727282,1.6353765726089478,1.6177919856082759,1.6353765726089478,38880,0.0,0.0
1988-02-10 00:00:00-05:00,1.6353773737604587,1.6529619693756104,1.6353773737604587,1.6529619693756104,442800,0.0,0.0
1988-02-11 00:00:00-05:00,1.6529606155633878,1.6646839380264282,1.6470990348281835,1.6646839380264282,94320,0.0,0.0
1988-02-12 00:00:00-05:00,1.6529619693756104,1.6529619693756104,1.6412389592964305,1.6529619693756104,14400,0.0,0.0
1988-02-16 00:00:00-05:00,1.6471003838396385,1.6529619693756104,1.6412389592964305,1.6529619693756104,80640,0.0,0.0
1988-02-17 00:00:00-05:00,1.6470992755568177,1.6529608571487102,1.6412378549575808,1.6412378549575806,16560,0.0,0.0
1988-02-18 00:00:00-05:00,1.6353761155563111,1.6353761155563111,1.6060682104249824,1.6177915334701538,134640,0.0,0.0
1988-02-19 00:00:00-05:00,1.617791710986502,1.6295147133327301,1.6060683866549588,1.6236532926559448,23760,0.0,0.0
1988-02-22 00:00:00-05:00,1.6295144536152026,1.6646839380264282,1.6295144536152026,1.6646839380264282,622800,0.0,0.0
1988-02-23 00:00:00-05:00,1.670546710854562,1.670546710854562,1.641238786264567,1.6471002101898193,102960,0.0,0.0
1988-02-24 00:00:00-05:00,1.647098799863806,1.6764068603515625,1.647098799863806,1.6764068603515625,21600,0.0,0.0
1988-02-25 00:00:00-05:00,1.6764070994968368,1.6881300999746136,1.6646839380264282,1.6646839380264282,145440,0.0,0.0
1988-02-26 00:00:00-05:00,1.6646839380264282,1.6646839380264282,1.6529606155633878,1.6646839380264282,61200,0.0,0.0
1988-02-29 00:00:00-05:00,1.6646850599661251,1.7115774154663086,1.6529617296019687,1.7115774154663086,66240,0.0,0.0
1988-03-01 00:00:00-05:00,1.6881307987453,1.6881307987453,1.6822692155838013,1.6822692155838013,10800,0.0,0.0
1988-03-02 00:00:00-05:00,1.6881298591570126,1.6881298591570126,1.6764068603515625,1.6764068603515625,5760,0.0,0.0
1988-03-03 00:00:00-05:00,1.6881301598394993,1.6881301598394993,1.6705455780029297,1.6705455780029297,20880,0.0,0.0
1988-03-04 00:00:00-05:00,1.693991405421081,1.6998528242111206,1.693991405421081,1.6998528242111206,488160,0.0,0.0
1988-03-07 00:00:00-05:00,1.6939922939311711,1.705715298652649,1.6939922939311711,1.705715298652649,7920,0.0,0.0
1988-03-08 00:00:00-05:00,1.7291613817214968,1.7350228021982899,1.7232998002520514,1.7291613817214966,28800,0.0,0.0
1988-03-09 00:00:00-05:00,1.7350230792690016,1.7526076654928173,1.7233000754506835,1.7408846616744995,96480,0.0,0.0
1988-03-10 00:00:00-05:00,1.7408853388948486,1.7408853388948486,1.7115774154663086,1.7115774154663086,47520,0.0,0.0
1988-03-11 00:00:00-05:00,1.6764073763096348,1.6881303787231445,1.6764073763096348,1.6881303787231445,22320,0.0,0.0
1988-03-14 00:00:00-05:00,1.717438318056574,1.7350229024887085,1.717438318056574,1.7350229024887085,72720,0.0,0.0
1988-03-15 00:00:00-05:00,1.7350227432932306,1.7467459058341128,1.7232997417449951,1.7232997417449951,72000,0.0,0.0
1988-03-16 00:00:00-05:00,1.7057158307806006,1.7115774154663086,1.693992822401925,1.7115774154663086,7200,0.0,0.0
1988-03-17 00:00:00-05:00,1.7115768815097328,1.7115768815097328,1.705715298652649,1.705715298652649,233280,0.0,0.0
1988-03-18 00:00:00-05:00,1.717438318056574,1.7350229024887085,1.717438318056574,1.7350229024887085,36720,0.0,0.0
1988-03-21 00:00:00-05:00,1.7232997417449951,1.7232997417449951,1.7232997417449951,1.7232997417449951,1440,0.0,0.0
1988-03-22 00:00:00-05:00,1.7232997417449951,1.7232997417449951,1.7232997417449951,1.7232997417449951,36720,0.0,0.0
1988-03-23 00:00:00-05:00,1.6998542460948927,1.7115774154663086,1.6998542460948927,1.7115774154663086,1440,0.0,0.0
1988-03-24 00:00:00-05:00,1.6881303787231445,1.6881303787231445,1.6881303787231445,1.6881303787231445,58320,0.0,0.0
1988-03-25 00:00:00-05:00,1.6646844273822055,1.6646844273822055,1.6295149326324463,1.6295149326324463,38880,0.0,0.0
1988-03-28 00:00:00-05:00,1.5943452022224407,1.6412378549575808,1.5884837816232036,1.6412378549575806,69120,0.0,0.0
1988-03-29 00:00:00-05:00,1.6529608885046398,1.6881303787231445,1.6529608885046398,1.6881303787231445,43200,0.0,0.0
1988-03-30 00:00:00-05:00,1.6764084725122614,1.6764084725122614,1.6529619693756104,1.6529619693756104,3600,0.0,0.0
1988-03-31 00:00:00-05:00,1.6646839380264282,1.6646839380264282,1.6646839380264282,1.6646839380264282,34560,0.0,0.0
1988-04-04 00:00:00-04:00,1.6646841813251507,1.6646841813251507,1.6412378549575808,1.6412378549575806,43200,0.0,0.0
1988-04-05 00:00:00-04:00,1.6470992755568177,1.6588224387406028,1.6412378549575808,1.6412378549575806,334800,0.0,0.0
1988-04-06 00:00:00-04:00,1.6529608885046398,1.6881303787231445,1.6529608885046398,1.6881303787231445,20160,0.0,0.0
1988-04-07 00:00:00-04:00,1.6881307931853216,1.69985379847701,1.6822692100431282,1.6939923763275146,13680,0.0,0.0
1988-04-08 00:00:00-04:00,1.6822691282170035,1.705715298652649,1.6646845406384418,1.705715298652649,27360,0.0,0.0
1988-04-11 00:00:00-04:00,1.6881298256384358,1.6998528242111206,1.6822682458557907,1.6998528242111206,7200,0.0,0.0
1988-04-12 00:00:00-04:00,1.7223395109176636,1.7223395109176636,1.7223395109176636,1.7223395109176636,720,0.1,0.0
1988-04-13 00:00:00-04:00,1.7103783872043632,1.7103783872043632,1.6984176635742188,1.6984176635742188,2880,0.0,0.0
1988-04-14 00:00:00-04:00,1.6804771311453972,1.6804771311453972,1.6445952734497353,1.6505756378173828,136080,0.0,0.0
1988-04-15 00:00:00-04:00,1.6505756378173828,1.6505756378173828,1.6266540160916807,1.6505756378173828,84960,0.0,0.0
1988-04-18 00:00:00-04:00,1.6625366889464637,1.6744974211828407,1.656556487083435,1.656556487083435,6480,0.0,0.0
1988-04-19 00:00:00-04:00,1.6685169328566694,1.6864578656420188,1.6685169328566694,1.680477499961853,100080,0.0,0.0
1988-04-20 00:00:00-04:00,1.6744967525074117,1.686457315712427,1.6445950981122321,1.6625360250473022,7200,0.0,0.0
1988-04-21 00:00:00-04:00,1.6744973594202512,1.6744973594202512,1.6565564259825833,1.668516993522644,48240,0.0,0.0
1988-04-22 00:00:00-04:00,1.656556487083435,1.656556487083435,1.6386152244737093,1.656556487083435,7920,0.0,0.0
1988-04-25 00:00:00-04:00,1.6445953024786275,1.6445953024786275,1.6266540448038902,1.6386147737503052,18720,0.0,0.0
1988-04-26 00:00:00-04:00,1.6685169935226438,1.6685169935226438,1.6685169935226438,1.668516993522644,41760,0.0,0.0
1988-04-27 00:00:00-04:00,1.6864578656420188,1.6984187612574981,1.680477499961853,1.680477499961853,22320,0.0,0.0
1988-04-28 00:00:00-04:00,1.680477499961853,1.680477499961853,1.680477499961853,1.680477499961853,1440,0.0,0.0
1988-04-29 00:00:00-04:00,1.6625362316431354,1.6625362316431354,1.6266540448038902,1.6386147737503052,77760,0.0,0.0
1988-05-02 00:00:00-04:00,1.650575666951835,1.650575666951835,1.6146934801125898,1.6386147737503052,15120,0.0,0.0
1988-05-03 00:00:00-04:00,1.6386140038779682,1.6744961738586426,1.6386140038779682,1.6744961738586426,67680,0.0,0.0
1988-05-04 00:00:00-04:00,1.650575666951835,1.650575666951835,1.6386147737503052,1.6386147737503052,16560,0.0,0.0
1988-05-05 00:00:00-04:00,1.6386147737503052,1.6386147737503052,1.6386147737503052,1.6386147737503052,23040,0.0,0.0
1988-05-06 00:00:00-04:00,1.650575666951835,1.650575666951835,1.6386147737503052,1.6386147737503052,2160,0.0,0.0
1988-05-09 00:00:00-04:00,1.6386147737503052,1.6386147737503052,1.6386147737503052,1.6386147737503052,720,0.0,0.0
1988-05-10 00:00:00-04:00,1.6386149451324348,1.6386149451324348,1.6206740140914917,1.6206740140914917,83520,0.0,0.0
1988-05-11 00:00:00-04:00,1.6087132838941083,1.6206740140914917,1.6087132838941083,1.6206740140914917,2160,0.0,0.0
1988-05-12 00:00:00-04:00,1.6146936489927999,1.6206740140914917,1.6087132838941083,1.6206740140914917,78480,0.0,0.0
1988-05-13 00:00:00-04:00,1.6326344907990085,1.6565561141414253,1.6326344907990085,1.6445953845977783,41760,0.0,0.0
1988-05-16 00:00:00-04:00,1.6445953845977783,1.6445953845977783,1.6445953845977783,1.6445953845977783,0,0.0,0.0
1988-05-17 00:00:00-04:00,1.644595588437187,1.644595588437187,1.6146937608718872,1.6146937608718872,137520,0.0,0.0
1988-05-18 00:00:00-04:00,1.6146937608718872,1.6386150586689836,1.6146937608718872,1.6146937608718872,7920,0.0,0.0
1988-05-19 00:00:00-04:00,1.6027336120605469,1.6087138148779763,1.5847923465875144,1.6027336120605469,21600,0.0,0.0
1988-05-20 00:00:00-04:00,1.614693814887996,1.614693814887996,1.5788116206092746,1.5967528820037842,24480,0.0,0.0
1988-05-23 00:00:00-04:00,1.5847920179367065,1.5967529138566985,1.572831286271867,1.5847920179367065,33120,0.0,0.0
1988-05-24 00:00:00-04:00,1.5788112097458085,1.5788112097458085,1.5309684607463998,1.5548899173736572,79200,0.0,0.0
1988-05-25 00:00:00-04:00,1.5548902818716857,1.5728312142927434,1.5548902818716857,1.56087064743042,54720,0.0,0.0
1988-05-26 00:00:00-04:00,1.5489094257354736,1.5489094257354736,1.5489094257354736,1.5489094257354736,1440,0.0,0.0
1988-05-27 00:00:00-04:00,1.542929319968309,1.5548898837683318,1.530968427658081,1.530968427658081,23760,0.0,0.0
1988-05-31 00:00:00-04:00,1.5309689428288742,1.5668511390686035,1.5309689428288742,1.5668511390686035,60480,0.0,0.0
1988-06-01 00:00:00-04:00,1.5788116521042868,1.5847920179367065,1.5788116521042868,1.5847920179367065,5040,0.0,0.0
1988-06-02 00:00:00-04:00,1.5728316307067873,1.5728316307067873,1.5728316307067873,1.572831630706787,720,0.0,0.0
1988-06-03 00:00:00-04:00,1.5847923465875144,1.6027336120605469,1.5847923465875144,1.6027336120605469,15120,0.0,0.0
1988-06-06 00:00:00-04:00,1.5907727479934692,1.5967531145776552,1.5907727479934692,1.5907727479934692,41760,0.0,0.0
1988-06-07 00:00:00-04:00,1.5907724212654248,1.5907724212654248,1.578811526298523,1.578811526298523,29520,0.0,0.0
1988-06-08 00:00:00-04:00,1.5847919333065874,1.6146937608718872,1.5847919333065874,1.6146937608718872,23040,0.0,0.0
1988-06-09 00:00:00-04:00,1.6266540448038902,1.6386147737503052,1.6266540448038902,1.6386147737503052,31680,0.0,0.0
1988-06-10 00:00:00-04:00,1.6505756378173828,1.6505756378173828,1.6505756378173828,1.6505756378173828,17280,0.0,0.0
1988-06-13 00:00:00-04:00,1.6386149451324348,1.6445954744862585,1.6206740140914917,1.6206740140914917,12240,0.0,0.0
1988-06-14 00:00:00-04:00,1.6206740662749821,1.6386149978935987,1.6206740662749821,1.6266542673110962,38160,0.0,0.0
1988-06-15 00:00:00-04:00,1.638614646119522,1.6445951743820242,1.6326342821121216,1.6326342821121216,18720,0.0,0.0
1988-06-16 00:00:00-04:00,1.620674119417694,1.620674119417694,1.6087133884429932,1.6087133884429932,12240,0.0,0.0
1988-06-17 00:00:00-04:00,1.5967529138566985,1.5967529138566985,1.5847920179367065,1.5847920179367065,13680,0.0,0.0
1988-06-20 00:00:00-04:00,1.5788119978488497,1.5788119978488497,1.5728316307067873,1.572831630706787,5040,0.0,0.0
1988-06-21 00:00:00-04:00,1.6087133953588273,1.6146937608718872,1.6087133953588273,1.6146937608718872,57600,0.0,0.0
1988-06-22 00:00:00-04:00,1.6146934801125898,1.6445953024786275,1.6087131156393824,1.6386147737503052,26640,0.0,0.0
1988-06-23 00:00:00-04:00,1.6266540448038902,1.6386147737503052,1.6266540448038902,1.6386147737503052,7920,0.0,0.0
1988-06-24 00:00:00-04:00,1.6266542673110962,1.6386149978935987,1.6266542673110962,1.6266542673110962,4320,0.0,0.0
1988-06-27 00:00:00-04:00,1.5608702815304716,1.5608702815304716,1.5548899173736572,1.5548899173736572,77760,0.0,0.0
1988-06-28 00:00:00-04:00,1.5548902818716857,1.5728312142927434,1.5548902818716857,1.56087064743042,10080,0.0,0.0
1988-06-29 00:00:00-04:00,1.5608702815304716,1.5608702815304716,1.5548899173736572,1.5548899173736572,84240,0.0,0.0
1988-06-30 00:00:00-04:00,1.5548899173736572,1.5548899173736572,1.5548899173736572,1.5548899173736572,6480,0.0,0.0
1988-07-01 00:00:00-04:00,1.5429297618738025,1.5429297618738025,1.5369493961334229,1.5369493961334229,12960,0.0,0.0
1988-07-05 00:00:00-04:00,1.5369489891583201,1.5548899173736572,1.5369489891583201,1.5548899173736572,6480,0.0,0.0
1988-07-06 00:00:00-04:00,1.566850645687286,1.566850645687286,1.5548899173736572,1.5548899173736572,9360,0.0,0.0
1988-07-07 00:00:00-04:00,1.5728313408534007,1.5788117068933556,1.5668511390686035,1.5668511390686035,38160,0.0,0.0
1988-07-08 00:00:00-04:00,1.5668511390686035,1.5668511390686035,1.5668511390686035,1.5668511390686035,12240,0.0,0.0
1988-07-11 00:00:00-04:00,1.5728312142927434,1.5728312142927434,1.5608706474304197,1.56087064743042,39600,0.0,0.0
1988-07-12 00:00:00-04:00,1.5489094257354736,1.5489094257354736,1.5489094257354736,1.5489094257354736,44640,0.0,0.0
1988-07-13 00:00:00-04:00,1.5429290627050583,1.5489094257354736,1.5429290627050583,1.5489094257354736,82080,0.0,0.0
1988-07-14 00:00:00-04:00,1.5429295301437378,1.5429295301437378,1.5429295301437378,1.5429295301437378,720,0.0,0.0
1988-07-15 00:00:00-04:00,1.530968427658081,1.530968427658081,1.5249880636305182,1.530968427658081,39600,0.0,0.0
1988-07-18 00:00:00-04:00,1.5190077990886073,1.524988163507847,1.495086669921875,1.495086669921875,28080,0.0,0.0
1988-07-19 00:00:00-04:00,1.507047422045109,1.513027787208557,1.5010670568816613,1.5130277872085571,24480,0.0,0.0
1988-07-20 00:00:00-04:00,1.5309687677066108,1.578811526298523,1.5309687677066108,1.578811526298523,147600,0.0,0.0
1988-07-21 00:00:00-04:00,1.5668511390686035,1.5728313408534007,1.5608707730286486,1.5668511390686035,80640,0.0,0.0
1988-07-22 00:00:00-04:00,1.5548899173736572,1.566850645687286,1.5548899173736572,1.5548899173736572,11520,0.0,0.0
1988-07-25 00:00:00-04:00,1.5548899173736572,1.5548899173736572,1.5548899173736572,1.5548899173736572,4320,0.0,0.0
1988-07-26 00:00:00-04:00,1.5608706474304197,1.566851012989154,1.5608706474304197,1.56087064743042,72720,0.0,0.0
1988-07-27 00:00:00-04:00,1.5608706474304197,1.566851012989154,1.548910080568096,1.56087064743042,43920,0.0,0.0
1988-07-28 00:00:00-04:00,1.566851012989154,1.566851012989154,1.5608706474304197,1.56087064743042,6480,0.0,0.0
1988-07-29 00:00:00-04:00,1.5608705944860177,1.5907724212654248,1.5608705944860177,1.578811526298523,36000,0.0,0.0
1988-08-01 00:00:00-04:00,1.5907725480242787,1.5907725480242787,1.5847920179367065,1.5847920179367065,2880,0.0,0.0
1988-08-02 00:00:00-04:00,1.578811526298523,1.578811526298523,1.578811526298523,1.578811526298523,720,0.0,0.0
1988-08-03 00:00:00-04:00,1.5907724212654248,1.5907724212654248,1.578811526298523,1.578811526298523,7920,0.0,0.0
1988-08-04 00:00:00-04:00,1.578811526298523,1.578811526298523,1.578811526298523,1.578811526298523,720,0.0,0.0
1988-08-05 00:00:00-04:00,1.5788117068933556,1.5788117068933556,1.5668511390686035,1.5668511390686035,5040,0.0,0.0
1988-08-08 00:00:00-04:00,1.5668511390686035,1.5668511390686035,1.5668511390686035,1.5668511390686035,0,0.0,0.0
1988-08-09 00:00:00-04:00,1.554890476695084,1.560870843003141,1.5190082788467407,1.5190082788467407,22320,0.0,0.0
1988-08-10 00:00:00-04:00,1.5190081557272115,1.5190081557272115,1.4891066551208494,1.4891066551208496,100800,0.0,0.0
1988-08-11 00:00:00-04:00,1.483125875720262,1.50106680393219,1.483125875720262,1.50106680393219,18000,0.0,0.0
1988-08-12 00:00:00-04:00,1.5010668700860015,1.5010668700860015,1.495086669921875,1.495086669921875,16560,0.0,0.0
1988-08-15 00:00:00-04:00,1.5070470970955452,1.5070470970955452,1.4831258058547974,1.4831258058547974,78480,0.0,0.0
1988-08-16 00:00:00-04:00,1.4711653933956983,1.4891066551208494,1.4711653933956983,1.4891066551208496,33840,0.0,0.0
1988-08-17 00:00:00-04:00,1.4891069163596968,1.4891069163596968,1.465185284614563,1.465185284614563,20880,0.0,0.0
1988-08-18 00:00:00-04:00,1.453224413750854,1.453224413750854,1.4472440481185913,1.4472440481185913,28080,0.0,0.0
1988-08-19 00:00:00-04:00,1.4651848226612754,1.4831260818772805,1.4651848226612754,1.4771455526351929,33840,0.0,0.0
1988-08-22 00:00:00-04:00,1.465185164285067,1.465185164285067,1.4352836608886719,1.4352836608886719,10080,0.0,0.0
1988-08-23 00:00:00-04:00,1.435283453694225,1.4532243859931808,1.4233225584030151,1.4233225584030151,43920,0.0,0.0
1988-08-24 00:00:00-04:00,1.4173422199572785,1.4472440481185913,1.4173422199572785,1.4472440481185913,19440,0.0,0.0
1988-08-25 00:00:00-04:00,1.435283808850743,1.435283808850743,1.4173425436019897,1.4173425436019897,12240,0.0,0.0
1988-08-26 00:00:00-04:00,1.4293030881761917,1.4293030881761917,1.417342192884982,1.4233225584030151,13680,0.0,0.0
1988-08-29 00:00:00-04:00,1.4173425436019897,1.4173425436019897,1.4173425436019897,1.4173425436019897,15840,0.0,0.0
1988-08-30 00:00:00-04:00,1.4113618742845435,1.4113618742845435,1.399401307106018,1.399401307106018,148320,0.0,0.0
1988-08-31 00:00:00-04:00,1.4053816261040593,1.4233225584030151,1.4053816261040593,1.4233225584030151,34560,0.0,0.0
1988-09-01 00:00:00-04:00,1.4113618742845435,1.4233226057182178,1.399401307106018,1.399401307106018,110880,0.0,0.0
1988-09-02 00:00:00-04:00,1.4113615542848028,1.4352831759835214,1.3994009898181108,1.4293028116226196,26640,0.0,0.0
1988-09-06 00:00:00-04:00,1.4352837787624833,1.465185284614563,1.4352837787624833,1.465185284614563,35280,0.0,0.0
1988-09-07 00:00:00-04:00,1.465185284614563,1.4771460183595395,1.465185284614563,1.465185284614563,43200,0.0,0.0
1988-09-08 00:00:00-04:00,1.4711656514870513,1.4711656514870513,1.465185284614563,1.465185284614563,10800,0.0,0.0
1988-09-09 00:00:00-04:00,1.4711653933956983,1.4891066551208494,1.4711653933956983,1.4891066551208496,10080,0.0,0.0
1988-09-12 00:00:00-04:00,1.4891061697287589,1.4891061697287589,1.4831258058547974,1.4831258058547974,7920,0.0,0.0
1988-09-13 00:00:00-04:00,1.483125875720262,1.50106680393219,1.483125875720262,1.50106680393219,235440,0.0,0.0
1988-09-14 00:00:00-04:00,1.495086604031618,1.50106680393219,1.495086604031618,1.50106680393219,40320,0.0,0.0
1988-09-15 00:00:00-04:00,1.495086669921875,1.495086669921875,1.4831259410833955,1.495086669921875,13680,0.0,0.0
1988-09-16 00:00:00-04:00,1.4831259410833955,1.495086669921875,1.4831259410833955,1.495086669921875,2160,0.0,0.0
1988-09-19 00:00:00-04:00,1.4891066551208494,1.4891066551208494,1.4831262892975163,1.4891066551208496,37440,0.0,0.0
1988-09-20 00:00:00-04:00,1.4831261256464516,1.513027787208557,1.4831261256464516,1.5130277872085571,24480,0.0,0.0
1988-09-21 00:00:00-04:00,1.513027491495056,1.5309684192238033,1.513027491495056,1.524988055229187,594000,0.0,0.0
1988-09-22 00:00:00-04:00,1.5190076203276086,1.5190076203276086,1.5070470571517944,1.5070470571517944,6480,0.0,0.0
1988-09-23 00:00:00-04:00,1.5130274208672485,1.5130274208672485,1.5070470571517944,1.5070470571517944,2160,0.0,0.0
1988-09-26 00:00:00-04:00,1.4950868118511977,1.5070473775699864,1.4771455526351929,1.4771455526351929,11520,0.0,0.0
1988-09-27 00:00:00-04:00,1.4831258058547974,1.4831258058547974,1.4831258058547974,1.4831258058547974,3600,0.0,0.0
1988-09-28 00:00:00-04:00,1.4891063055026352,1.5010668700860015,1.4891063055026352,1.495086669921875,16560,0.0,0.0
1988-09-29 00:00:00-04:00,1.4891063055026352,1.495086669921875,1.4891063055026352,1.495086669921875,6480,0.0,0.0
1988-09-30 00:00:00-04:00,1.50106680393219,1.5070471680878677,1.495086604031618,1.50106680393219,148320,0.0,0.0
1988-10-03 00:00:00-04:00,1.4950870209441827,1.4950870209441827,1.4891066551208494,1.4891066551208496,10800,0.0,0.0
1988-10-04 00:00:00-04:00,1.4771452777257377,1.4831258058547974,1.4592043503589514,1.4831258058547974,15120,0.0,0.0
1988-10-05 00:00:00-04:00,1.495086669921875,1.5130275989244808,1.495086669921875,1.495086669921875,205200,0.0,0.0
1988-10-06 00:00:00-04:00,1.5010670568816613,1.513027787208557,1.5010670568816613,1.5130277872085571,23040,0.0,0.0
1988-10-07 00:00:00-04:00,1.524987809358737,1.5489094257354736,1.5190074463283216,1.5489094257354736,13680,0.0,0.0
1988-10-10 00:00:00-04:00,1.5429297618738025,1.5429297618738025,1.5369493961334229,1.5369493961334229,10080,0.0,0.0
1988-10-11 00:00:00-04:00,1.536948955940746,1.536948955940746,1.530968427658081,1.530968427658081,6480,0.0,0.0
1988-10-12 00:00:00-04:00,1.530968427658081,1.5489096839958716,1.530968427658081,1.530968427658081,83520,0.0,0.0
1988-10-13 00:00:00-04:00,1.5369491653015392,1.5489098949859363,1.5369491653015392,1.5429295301437378,80640,0.0,0.0
1988-10-14 00:00:00-04:00,1.5429295301437378,1.5429295301437378,1.5429295301437378,1.5429295301437378,26640,0.0,0.0
1988-10-17 00:00:00-04:00,1.5548899173736572,1.5608702815304716,1.5429293533151345,1.5548899173736572,33840,0.0,0.0
1988-10-18 00:00:00-04:00,1.5489098949859363,1.5608704604152086,1.5429295301437378,1.5429295301437378,25200,0.0,0.0
1988-10-19 00:00:00-04:00,1.5429293533151345,1.5608702815304716,1.5429293533151345,1.5548899173736572,40320,0.0,0.0
1988-10-20 00:00:00-04:00,1.5548902818716857,1.566851012989154,1.5548902818716857,1.56087064743042,34560,0.0,0.0
1988-10-21 00:00:00-04:00,1.5608709150725393,1.6027334811618412,1.5608709150725393,1.5907727479934692,31680,0.0,0.0
1988-10-24 00:00:00-04:00,1.5907725480242787,1.6027332796891183,1.5847920179367065,1.5847920179367065,35280,0.0,0.0
1988-10-25 00:00:00-04:00,1.5847915343080212,1.638614646119522,1.5847915343080212,1.6326342821121216,139680,0.0,0.0
1988-10-26 00:00:00-04:00,1.6266540160916807,1.6625362022975663,1.620673815979145,1.6505756378173828,50400,0.0,0.0
1988-10-27 00:00:00-04:00,1.6685170550646522,1.6864579891640579,1.656556487083435,1.656556487083435,31680,0.0,0.0
1988-10-28 00:00:00-04:00,1.6505756378173828,1.6744969310328615,1.6505756378173828,1.6505756378173828,18720,0.0,0.0
1988-10-31 00:00:00-05:00,1.650575666951835,1.6625362316431354,1.6386147737503052,1.6386147737503052,51840,0.0,0.0
1988-11-01 00:00:00-05:00,1.6505756378173828,1.6625362022975663,1.6386147448269759,1.6505756378173828,144000,0.0,0.0
1988-11-02 00:00:00-05:00,1.6445952734497353,1.6505756378173828,1.6266540160916807,1.6505756378173828,72720,0.0,0.0
1988-11-03 00:00:00-05:00,1.6505761209652463,1.6625366889464637,1.6386152244737093,1.656556487083435,24480,0.0,0.0
1988-11-04 00:00:00-05:00,1.6625360250473022,1.6625360250473022,1.6625360250473022,1.6625360250473022,36720,0.0,0.0
1988-11-07 00:00:00-05:00,1.6505758395849501,1.6505758395849501,1.6206740140914917,1.6206740140914917,15120,0.0,0.0
1988-11-08 00:00:00-05:00,1.6326342821121216,1.6326342821121216,1.6326342821121216,1.6326342821121216,259200,0.0,0.0
1988-11-09 00:00:00-05:00,1.6445951743820242,1.6445951743820242,1.6326342821121216,1.6326342821121216,7920,0.0,0.0
1988-11-10 00:00:00-05:00,1.6266540160916807,1.6505756378173828,1.6266540160916807,1.6505756378173828,63360,0.0,0.0
1988-11-11 00:00:00-05:00,1.6386150586689836,1.6386150586689836,1.6087133953588273,1.6146937608718872,17280,0.0,0.0
1988-11-14 00:00:00-05:00,1.6027331941009106,1.6326346931559237,1.5967528285878507,1.6146937608718872,99360,0.0,0.0
1988-11-15 00:00:00-05:00,1.6027336120605469,1.6027336120605469,1.6027336120605469,1.6027336120605469,1440,0.0,0.0
1988-11-16 00:00:00-05:00,1.5907724562360843,1.6087133884429932,1.5907724562360843,1.6087133884429932,54000,0.0,0.0
1988-11-17 00:00:00-05:00,1.6146937608718872,1.6146937608718872,1.6027331941009106,1.6146937608718872,96480,0.0,0.0
1988-11-18 00:00:00-05:00,1.6027336120605469,1.6027336120605469,1.6027336120605469,1.6027336120605469,2880,0.0,0.0
1988-11-21 00:00:00-05:00,1.6027336120605469,1.6027336120605469,1.6027336120605469,1.6027336120605469,0,0.0,0.0
1988-11-22 00:00:00-05:00,1.6027334811618412,1.6027334811618412,1.5907727479934692,1.5907727479934692,8640,0.0,0.0
1988-11-23 00:00:00-05:00,1.6146937539303434,1.6146937539303434,1.6087133884429932,1.6087133884429932,15120,0.0,0.0
1988-11-25 00:00:00-05:00,1.6146937539303434,1.6146937539303434,1.6027331872107853,1.6087133884429932,2880,0.0,0.0
1988-11-28 00:00:00-05:00,1.6027331872107853,1.6146937539303434,1.6027331872107853,1.6087133884429932,9360,0.0,0.0
1988-11-29 00:00:00-05:00,1.5967528285878507,1.6146937608718872,1.5907724630747908,1.6146937608718872,113760,0.0,0.0
1988-11-30 00:00:00-05:00,1.6087138148779763,1.6087138148779763,1.5967532449879314,1.6027336120605469,16560,0.0,0.0
1988-12-01 00:00:00-05:00,1.5907727479934692,1.5907727479934692,1.5907727479934692,1.5907727479934692,9360,0.0,0.0
1988-12-02 00:00:00-05:00,1.5907727479934692,1.5907727479934692,1.5788118505699245,1.5907727479934692,2880,0.0,0.0
1988-12-05 00:00:00-05:00,1.597281849171123,1.6033095121383667,1.597281849171123,1.6033095121383667,16560,0.03611,0.0
1988-12-06 00:00:00-05:00,1.6153645468057274,1.6153645468057274,1.585226893424988,1.5852268934249878,23040,0.0,0.0
1988-12-07 00:00:00-05:00,1.5852268845187034,1.5852268845187034,1.579199552536011,1.5791995525360107,9360,0.0,0.0
1988-12-08 00:00:00-05:00,1.573171040306565,1.573171040306565,1.5550887249222831,1.5611162185668945,33840,0.0,0.0
1988-12-09 00:00:00-05:00,1.561116468813213,1.573171292485267,1.561116468813213,1.5671437978744507,13680,0.0,0.0
1988-12-12 00:00:00-05:00,1.5791987870960833,1.5791987870960833,1.5671437978744507,1.5671437978744507,5760,0.0,0.0
1988-12-13 00:00:00-05:00,1.5550892353057861,1.561116730928634,1.5550892353057861,1.5550892353057861,70560,0.0,0.0
1988-12-14 00:00:00-05:00,1.5550892353057861,1.5550892353057861,1.5550892353057861,1.5550892353057861,720,0.0,0.0
1988-12-15 00:00:00-05:00,1.5550892353057861,1.5550892353057861,1.549061739682938,1.5550892353057861,37440,0.0,0.0
1988-12-16 00:00:00-05:00,1.5490614795915805,1.5671437978744507,1.5490614795915805,1.5671437978744507,48240,0.0,0.0
1988-12-19 00:00:00-05:00,1.561116907748397,1.579199231115427,1.561116907748397,1.5731717348098755,83520,0.0,0.0
1988-12-20 00:00:00-05:00,1.579199552536011,1.5912543820510552,1.579199552536011,1.5791995525360107,91440,0.0,0.0
1988-12-21 00:00:00-05:00,1.5731717348098753,1.5731717348098753,1.5731717348098753,1.5731717348098755,7200,0.0,0.0
1988-12-22 00:00:00-05:00,1.579199231115427,1.5852265618713537,1.5731717348098753,1.5731717348098755,11520,0.0,0.0
1988-12-23 00:00:00-05:00,1.5731717348098753,1.5731717348098753,1.5671442385043237,1.5731717348098755,5760,0.0,0.0
1988-12-27 00:00:00-05:00,1.579199552536011,1.5852268845187034,1.5731720550036592,1.5791995525360107,71280,0.0,0.0
1988-12-28 00:00:00-05:00,1.5731720550036592,1.579199552536011,1.5671445574713077,1.5791995525360107,20880,0.0,0.0
1988-12-29 00:00:00-05:00,1.5791991693057323,1.6093366496539132,1.5791991693057323,1.5912539958953857,82800,0.0,0.0
1988-12-30 00:00:00-05:00,1.591253995895386,1.603309153584277,1.5852264998257497,1.5912539958953857,11520,0.0,0.0
1989-01-03 00:00:00-05:00,1.6033094749588186,1.6093369722366333,1.6033094749588186,1.6093369722366333,79920,0.0,0.0
1989-01-04 00:00:00-05:00,1.6093370095559545,1.6093370095559545,1.6033095121383667,1.6033095121383667,1440,0.0,0.0
1989-01-05 00:00:00-05:00,1.6064736582048114,1.6247292647946108,1.6064736582048114,1.618644118309021,15840,0.04375,0.0
1989-01-06 00:00:00-05:00,1.618644118309021,1.618644118309021,1.618644118309021,1.618644118309021,20160,0.0,0.0
1989-01-09 00:00:00-05:00,1.630814422229877,1.630814422229877,1.618644129176983,1.6247292757034302,79200,0.0,0.0
1989-01-10 00:00:00-05:00,1.618644118309021,1.6247292647946108,1.618644118309021,1.618644118309021,38160,0.0,0.0
1989-01-11 00:00:00-05:00,1.618644129176983,1.630814422229877,1.618644129176983,1.6247292757034302,29520,0.0,0.0
1989-01-12 00:00:00-05:00,1.6247291081992168,1.6429843787634684,1.6247291081992168,1.6368992328643799,26640,0.0,0.0
1989-01-13 00:00:00-05:00,1.6308144112802005,1.6308144112802005,1.618644118309021,1.618644118309021,33840,0.0,0.0
1989-01-16 00:00:00-05:00,1.630813865471176,1.6551541090011597,1.630813865471176,1.6551541090011597,50400,0.0,0.0
1989-01-17 00:00:00-05:00,1.6673243978991255,1.6673243978991255,1.6490691316851507,1.6551541090011597,7920,0.0,0.0
1989-01-18 00:00:00-05:00,1.6429837942123413,1.6429837942123413,1.6368986504782637,1.6429837942123413,5760,0.0,0.0
1989-01-19 00:00:00-05:00,1.6551536428768598,1.6794943809509277,1.6551536428768598,1.6794943809509277,18000,0.0,0.0
1989-01-20 00:00:00-05:00,1.6855801343917847,1.6855801343917847,1.6794949894517794,1.6855801343917847,77040,0.0,0.0
1989-01-23 00:00:00-05:00,1.7220901106538524,1.734260563715462,1.7160049676895142,1.7160049676895142,21600,0.0,0.0
1989-01-24 00:00:00-05:00,1.7281751534682144,1.7525155544281006,1.7281751534682144,1.7525155544281006,25920,0.0,0.0
1989-01-25 00:00:00-05:00,1.752515926136522,1.770771188945149,1.752515926136522,1.7586010694503784,36000,0.0,0.0
1989-01-26 00:00:00-05:00,1.764686455342923,1.7829420566558838,1.764686455342923,1.7829420566558838,261360,0.0,0.0
1989-01-27 00:00:00-05:00,1.813367441203992,1.8437931619521775,1.813367441203992,1.8255375623703003,161280,0.0,0.0
1989-01-30 00:00:00-05:00,1.8255377017444296,1.8316228463586486,1.8011972904205322,1.8011972904205322,46080,0.0,0.0
1989-01-31 00:00:00-05:00,1.825537668689215,1.825537668689215,1.8194525241851804,1.8194525241851807,29520,0.0,0.0
1989-02-01 00:00:00-05:00,1.8194525571302107,1.8194525571302107,1.8011972904205322,1.8011972904205322,72720,0.0,0.0
1989-02-02 00:00:00-05:00,1.8072824350347512,1.8072824350347512,1.8011972904205322,1.8011972904205322,23760,0.0,0.0
1989-02-03 00:00:00-05:00,1.8072824023100869,1.8194525241851804,1.8072824023100869,1.8194525241851807,48960,0.0,0.0
1989-02-06 00:00:00-05:00,1.81336757964897,1.81336757964897,1.8011972904205322,1.8011972904205322,7200,0.0,0.0
1989-02-07 00:00:00-05:00,1.8072818664630725,1.8194519847298074,1.7951117481963377,1.8133670091629028,50400,0.0,0.0
1989-02-08 00:00:00-05:00,1.8194528690997631,1.843793618863165,1.8133678905751716,1.8377084732055664,144000,0.0,0.0
1989-02-09 00:00:00-05:00,1.8377086037194998,1.8437937498092651,1.8377086037194998,1.8437937498092651,5760,0.0,0.0
1989-02-10 00:00:00-05:00,1.8498781344716548,1.8742183745460046,1.8498781344716548,1.855963110923767,68400,0.0,0.0
1989-02-13 00:00:00-05:00,1.855963599966847,1.8742188683993148,1.8498786219113539,1.8620487451553345,205920,0.0,0.0
1989-02-14 00:00:00-05:00,1.874217987060547,1.874217987060547,1.874217987060547,1.8742179870605469,1440,0.0,0.0
1989-02-15 00:00:00-05:00,1.8742194279611784,1.8803045749664307,1.8742194279611784,1.8803045749664307,4320,0.0,0.0
1989-02-16 00:00:00-05:00,1.8924740897818715,1.9046443777066466,1.8863887786865234,1.8863887786865234,204480,0.0,0.0
1989-02-17 00:00:00-05:00,1.8985599279403687,1.9046450741277505,1.8863894684325835,1.8985599279403687,90720,0.0,0.0
1989-02-21 00:00:00-05:00,1.8985599279403687,1.8985599279403687,1.8985599279403687,1.8985599279403687,2160,0.0,0.0
1989-02-22 00:00:00-05:00,1.8863887786865234,1.8863887786865234,1.8863887786865234,1.8863887786865234,2160,0.0,0.0
1989-02-23 00:00:00-05:00,1.8742183745460046,1.8742183745460046,1.855963110923767,1.855963110923767,27360,0.0,0.0
1989-02-24 00:00:00-05:00,1.8437931619521775,1.8437931619521775,1.8255375623703003,1.8255375623703003,14400,0.0,0.0
1989-02-27 00:00:00-05:00,1.8255375623703003,1.8255375623703003,1.8255375623703003,1.8255375623703003,0,0.0,0.0
1989-02-28 00:00:00-05:00,1.813367009162903,1.813367009162903,1.813367009162903,1.8133670091629028,6480,0.0,0.0
1989-03-01 00:00:00-05:00,1.801197336456805,1.801197336456805,1.789027214050293,1.789027214050293,7200,0.0,0.0
1989-03-02 00:00:00-05:00,1.7951122522354126,1.7951122522354126,1.7951122522354126,1.7951122522354126,17280,0.0,0.0
1989-03-03 00:00:00-05:00,1.7829420237108538,1.8011972904205322,1.7768567119636562,1.8011972904205322,82080,0.0,0.0
1989-03-06 00:00:00-05:00,1.8133675468141215,1.8194525241851804,1.8133675468141215,1.8194525241851807,45360,0.0,0.0
1989-03-07 00:00:00-05:00,1.8255379320108023,1.8316230773925783,1.81336780838025,1.8316230773925781,18720,0.0,0.0
1989-03-08 00:00:00-05:00,1.8316230773925783,1.8316230773925783,1.8316230773925783,1.8316230773925781,0,0.0,0.0
1989-03-09 00:00:00-05:00,1.8194519847298074,1.825537127429638,1.813367009162903,1.8133670091629028,12960,0.0,0.0
1989-03-10 00:00:00-05:00,1.8133673532508539,1.8133673532508539,1.8072822093963623,1.8072822093963623,16560,0.0,0.0
1989-03-13 00:00:00-05:00,1.8011967237632422,1.8194519847298074,1.8011967237632422,1.8133670091629028,29520,0.0,0.0
1989-03-14 00:00:00-05:00,1.8133678905751716,1.8377084732055662,1.8133678905751716,1.8377084732055664,10800,0.0,0.0
1989-03-15 00:00:00-05:00,1.8377083315343792,1.8620487451553345,1.8377083315343792,1.8620487451553345,113760,0.0,0.0
1989-03-16 00:00:00-05:00,1.8498785159536153,1.8681337833404539,1.8498785159536153,1.868133783340454,41760,0.0,0.0
1989-03-17 00:00:00-05:00,1.8559637430453553,1.8559637430453553,1.8316231604149604,1.8377084732055664,24480,0.0,0.0
1989-03-20 00:00:00-05:00,1.8194525571302107,1.8194525571302107,1.8011972904205322,1.8011972904205322,12240,0.0,0.0
1989-03-21 00:00:00-05:00,1.8011967237632422,1.813367009162903,1.8011967237632422,1.8133670091629028,24480,0.0,0.0
1989-03-22 00:00:00-05:00,1.7951123588200404,1.7951123588200404,1.789027214050293,1.789027214050293,14400,0.0,0.0
1989-03-23 00:00:00-05:00,1.7951123461092031,1.7951123461092031,1.7829420566558838,1.7829420566558838,6480,0.0,0.0
1989-03-27 00:00:00-05:00,1.770771384239197,1.770771384239197,1.770771384239197,1.7707713842391968,3600,0.0,0.0
1989-03-28 00:00:00-05:00,1.7768561546279773,1.7768561546279773,1.764685869216919,1.764685869216919,7200,0.0,0.0
1989-03-29 00:00:00-05:00,1.776856541633606,1.776856541633606,1.776856541633606,1.776856541633606,7200,0.0,0.0
1989-03-30 00:00:00-05:00,1.7646862535718157,1.776856541633606,1.7646862535718157,1.776856541633606,7200,0.0,0.0
1989-03-31 00:00:00-05:00,1.7646860171758219,1.7646860171758219,1.7403457785787662,1.74643075466156,1139040,0.0,0.0
1989-04-03 00:00:00-04:00,1.7525155544281006,1.7646856713415902,1.7464304124049024,1.7525155544281006,333360,0.0,0.0
1989-04-04 00:00:00-04:00,1.7646862535718157,1.776856541633606,1.7646862535718157,1.776856541633606,264960,0.0,0.0
1989-04-05 00:00:00-04:00,1.7829418527974634,1.7829418527974634,1.776856541633606,1.776856541633606,4320,0.0,0.0
1989-04-06 00:00:00-04:00,1.776856541633606,1.776856541633606,1.776856541633606,1.776856541633606,0,0.0,0.0
1989-04-07 00:00:00-04:00,1.7646856713415902,1.7646856713415902,1.7525155544281006,1.7525155544281006,140400,0.0,0.0
1989-04-10 00:00:00-04:00,1.7403458066417516,1.7586010694503784,1.7403458066417516,1.7586010694503784,87840,0.0,0.0
1989-04-11 00:00:00-04:00,1.7562588843809985,1.787398323354293,1.7562588843809985,1.7811706066131592,53280,0.115,0.0
1989-04-12 00:00:00-04:00,1.7936262111489518,1.7936262111489518,1.7811706066131592,1.7811706066131592,41040,0.0,0.0
1989-04-13 00:00:00-04:00,1.7687149047851562,1.774942792839539,1.7624868456772416,1.7687149047851562,18000,0.0,0.0
1989-04-14 00:00:00-04:00,1.7749427188185003,1.7811706066131592,1.7749427188185003,1.7811706066131592,59040,0.0,0.0
1989-04-17 00:00:00-04:00,1.7936267852783203,1.7936267852783203,1.7811711767555607,1.7936267852783203,5040,0.0,0.0
1989-04-18 00:00:00-04:00,1.806082181956971,1.8621330124224458,1.806082181956971,1.855905294418335,71280,0.0,0.0
1989-04-19 00:00:00-04:00,1.8559057590127523,1.8683613691925836,1.8309943675994873,1.8309943675994873,48240,0.0,0.0
1989-04-20 00:00:00-04:00,1.8185384153124509,1.8309943675994873,1.8185384153124509,1.8309943675994873,7920,0.0,0.0
1989-04-21 00:00:00-04:00,1.830994565641736,1.849678068459111,1.830994565641736,1.8372224569320679,401760,0.0,0.0
1989-04-24 00:00:00-04:00,1.8434499107419635,1.8496778011322021,1.8372221914053213,1.8496778011322021,7200,0.0,0.0
1989-04-25 00:00:00-04:00,1.843449516302994,1.8559052944183352,1.843449516302994,1.855905294418335,2160,0.0,0.0
1989-04-26 00:00:00-04:00,1.8559056915224408,1.862133410859083,1.8496778011322021,1.8496778011322021,10080,0.0,0.0
1989-04-27 00:00:00-04:00,1.862132869248931,1.8745886464065866,1.862132869248931,1.8683607578277588,28800,0.0,0.0
1989-04-28 00:00:00-04:00,1.8559059712949306,1.8559059712949306,1.8434501886367798,1.8434501886367798,123840,0.0,0.0
1989-05-01 00:00:00-04:00,1.8309941240073384,1.8309941240073384,1.7936267852783203,1.7936267852783203,22320,0.0,0.0
1989-05-02 00:00:00-04:00,1.812311011899103,1.8247669675346727,1.812311011899103,1.8185389041900635,61200,0.0,0.0
1989-05-03 00:00:00-04:00,1.8309943675994873,1.837222258216204,1.8309943675994873,1.8309943675994873,9360,0.0,0.0
1989-05-04 00:00:00-04:00,1.843449516302994,1.8559052944183352,1.843449516302994,1.855905294418335,34560,0.0,0.0
1989-05-05 00:00:00-04:00,1.868361656881976,1.8995011147603988,1.868361656881976,1.8870455026626587,51120,0.0,0.0
1989-05-08 00:00:00-04:00,1.8932730751730376,1.8932730751730376,1.8683613420149396,1.8808172941207886,12240,0.0,0.0
1989-05-09 00:00:00-04:00,1.8808172941207886,1.8808172941207886,1.8808172941207886,1.8808172941207886,2160,0.0,0.0
1989-05-10 00:00:00-04:00,1.880816706038961,1.880816706038961,1.8683607578277588,1.8683607578277588,7920,0.0,0.0
1989-05-11 00:00:00-04:00,1.8683609014801164,1.8683609014801164,1.8559052944183352,1.855905294418335,5040,0.0,0.0
1989-05-12 00:00:00-04:00,1.8434501886367798,1.8559059712949306,1.8434501886367798,1.8434501886367798,5760,0.0,0.0
1989-05-15 00:00:00-04:00,1.8496780799658552,1.8559059712949306,1.8434501886367798,1.8434501886367798,10800,0.0,0.0
1989-05-16 00:00:00-04:00,1.837222258216204,1.837222258216204,1.8309943675994873,1.8309943675994873,2160,0.0,0.0
1989-05-17 00:00:00-04:00,1.8185381083765986,1.8185381083765986,1.8060823292454717,1.8123102188110352,15120,0.0,0.0
1989-05-18 00:00:00-04:00,1.8185384548796582,1.8247665166854858,1.8185384548796582,1.8247665166854858,2880,0.0,0.0
1989-05-19 00:00:00-04:00,1.8309939092412129,1.8559052944183352,1.8309939092412129,1.855905294418335,19440,0.0,0.0
1989-05-22 00:00:00-04:00,1.8434499777793185,1.8683613691925836,1.8185384153124509,1.8309943675994873,32400,0.0,0.0
1989-05-23 00:00:00-04:00,1.8060824330815959,1.8060824330815959,1.7873989343643188,1.7873989343643188,215280,0.0,0.0
1989-05-24 00:00:00-04:00,1.7749434696267978,1.7749434696267978,1.7313482366232251,1.7375761270523071,36720,0.0,0.0
1989-05-25 00:00:00-04:00,1.7500319079655897,1.7687157521332384,1.7500319079655897,1.756259799003601,43920,0.0,0.0
1989-05-26 00:00:00-04:00,1.768715435647042,1.7873989343643188,1.768715435647042,1.7873989343643188,33120,0.0,0.0
1989-05-30 00:00:00-04:00,1.7811714537167584,1.7811714537167584,1.7313483276642114,1.75003182888031,72720,0.0,0.0
1989-05-31 00:00:00-04:00,1.743804017481389,1.7500317368568732,1.737576127052307,1.7375761270523071,151200,0.0,0.0
1989-06-01 00:00:00-04:00,1.7251194875962776,1.7313472032546997,1.7002077696951123,1.7313472032546997,174960,0.0,0.0
1989-06-02 00:00:00-04:00,1.7313483276642114,1.7562597196368785,1.7251206079612496,1.75003182888031,658800,0.0,0.0
1989-06-05 00:00:00-04:00,1.7313477414492193,1.7375756300970941,1.712664246559143,1.712664246559143,626400,0.0,0.0
1989-06-06 00:00:00-04:00,1.7188916008843602,1.7313472032546997,1.7188916008843602,1.7313472032546997,246240,0.0,0.0
1989-06-07 00:00:00-04:00,1.7375755522401386,1.7624869346618652,1.7375755522401386,1.7624869346618652,239040,0.0,0.0
1989-06-08 00:00:00-04:00,1.7624874006610947,1.781171241761068,1.7624874006610947,1.7749433517456055,55440,0.0,0.0
1989-06-09 00:00:00-04:00,1.7624869346618652,1.768714994084223,1.7500311579242316,1.7624869346618652,203040,0.0,0.0
1989-06-12 00:00:00-04:00,1.7313472032546997,1.7375750899666171,1.7251194875962776,1.7313472032546997,270000,0.0,0.0
1989-06-13 00:00:00-04:00,1.7251205172477408,1.737576127052307,1.7251205172477408,1.7375761270523071,366480,0.0,0.0
1989-06-14 00:00:00-04:00,1.7375762969431807,1.7562597990036013,1.7313484059051691,1.756259799003601,328320,0.0,0.0
1989-06-15 00:00:00-04:00,1.7562597990036013,1.7624876900416127,1.7438041879811923,1.756259799003601,177840,0.0,0.0
1989-06-16 00:00:00-04:00,1.743803279845206,1.7811706066131592,1.743803279845206,1.7811706066131592,82800,0.0,0.0
1989-06-19 00:00:00-04:00,1.7936267852783203,1.7998546750664899,1.7873988954901505,1.7936267852783203,176400,0.0,0.0
1989-06-20 00:00:00-04:00,1.8060829639434817,1.8185387474518497,1.8060829639434817,1.8060829639434814,329040,0.0,0.0
1989-06-21 00:00:00-04:00,1.7998553983708305,1.8185389041900635,1.79362750607987,1.8185389041900635,256320,0.0,0.0
1989-06-22 00:00:00-04:00,1.8372224683613265,1.8434501886367798,1.824766685703176,1.8434501886367798,123120,0.0,0.0
1989-06-23 00:00:00-04:00,1.830994565641736,1.843450177168779,1.818538612007451,1.8372224569320679,26640,0.0,0.0
1989-06-26 00:00:00-04:00,1.8309940585612994,1.8309940585612994,1.8123102188110352,1.8123102188110352,271440,0.0,0.0
1989-06-27 00:00:00-04:00,1.8247664504392684,1.8932730751730376,1.8247664504392684,1.8808172941207886,385200,0.0,0.0
1989-06-28 00:00:00-04:00,1.880816706038961,1.880816706038961,1.862132869248931,1.8683607578277588,158400,0.0,0.0
1989-06-29 00:00:00-04:00,1.868361710431689,1.868361710431689,1.7998552432429313,1.8060829639434814,81360,0.0,0.0
1989-06-30 00:00:00-04:00,1.8185386233204783,1.8434501886367798,1.8185386233204783,1.8434501886367798,107280,0.0,0.0
1989-07-03 00:00:00-04:00,1.862133897589159,1.8808177446971108,1.862133897589159,1.8745896816253662,143280,0.0,0.0
1989-07-05 00:00:00-04:00,1.8870448975268936,1.9244118928909304,1.8808170079483628,1.9244118928909302,178560,0.0,0.0
1989-07-06 00:00:00-04:00,1.936868822394338,1.9555523295228523,1.936868822394338,1.949324607849121,237600,0.0,0.0
1989-07-07 00:00:00-04:00,1.9493248982016358,2.005375770043294,1.9493248982016358,1.9742361307144165,444240,0.0,0.0
1989-07-10 00:00:00-04:00,1.986690640449524,1.986690640449524,1.968007142552834,1.986690640449524,124560,0.0,0.0
1989-07-11 00:00:00-04:00,2.01160115497377,2.0302846431732178,1.9991455531919675,2.0302846431732178,161280,0.0,0.0
1989-07-12 00:00:00-04:00,2.0427421740039664,2.0427421740039664,2.0178307779479856,2.0365142822265625,234000,0.0,0.0
1989-07-13 00:00:00-04:00,2.0365137162243827,2.0614254474639893,2.0365137162243827,2.0614254474639893,92160,0.0,0.0
1989-07-14 00:00:00-04:00,2.0676519326711906,2.1174750233133626,2.0676519326711906,2.0863354206085205,187920,0.0,0.0
1989-07-17 00:00:00-04:00,2.0925645555893397,2.0925645555893397,2.0614254474639893,2.0614254474639893,156960,0.0,0.0
1989-07-18 00:00:00-04:00,2.080107705331734,2.0863354206085205,2.0676519326711906,2.0863354206085205,156240,0.0,0.0
1989-07-19 00:00:00-04:00,2.0863364454307853,2.136159560546401,2.0863364454307853,2.10502028465271,48240,0.0,0.0
1989-07-20 00:00:00-04:00,2.117475673473335,2.1361591671473352,2.0987918376922607,2.0987918376922607,56160,0.0,0.0
1989-07-21 00:00:00-04:00,2.1112491459030123,2.1112491459030123,2.0925652980804443,2.0925652980804443,149760,0.0,0.0
1989-07-24 00:00:00-04:00,2.080107705331734,2.0863354206085205,2.080107705331734,2.0863354206085205,123120,0.0,0.0
1989-07-25 00:00:00-04:00,2.0801080830789305,2.0801080830789305,2.0676523081564215,2.073880195617676,120240,0.0,0.0
1989-07-26 00:00:00-04:00,2.0801092205081977,2.15484356880188,2.0801092205081977,2.15484356880188,173520,0.0,0.0
1989-07-27 00:00:00-04:00,2.1361587613497472,2.1361587613497472,2.11124738416555,2.1174752712249756,171360,0.0,0.0
1989-07-28 00:00:00-04:00,2.117476063431614,2.117476063431614,2.080108727094902,2.10502028465271,239040,0.0,0.0
1989-07-31 00:00:00-04:00,2.1174760000359947,2.1299316073884182,2.1174760000359947,2.123703718185425,184320,0.0,0.0
1989-08-01 00:00:00-04:00,2.1174760000359947,2.123703718185425,2.1174760000359947,2.123703718185425,127440,0.0,0.0
1989-08-02 00:00:00-04:00,2.1174766446850053,2.142387866973877,2.1174766446850053,2.142387866973877,92880,0.0,0.0
1989-08-03 00:00:00-04:00,2.1299316073884182,2.1299316073884182,2.1174760000359947,2.123703718185425,25920,0.0,0.0
1989-08-04 00:00:00-04:00,2.1174763835254873,2.1174763835254873,2.098792541479171,2.11124849319458,57600,0.0,0.0
1989-08-07 00:00:00-04:00,2.10502028465271,2.10502028465271,2.092564334820237,2.10502028465271,103680,0.0,0.0
1989-08-08 00:00:00-04:00,2.10502028465271,2.10502028465271,2.0863364454307853,2.10502028465271,187920,0.0,0.0
1989-08-09 00:00:00-04:00,2.0863354206085205,2.0863354206085205,2.0738798190014625,2.0863354206085205,9360,0.0,0.0
1989-08-10 00:00:00-04:00,2.0863354206085205,2.0863354206085205,2.0863354206085205,2.0863354206085205,39600,0.0,0.0
1989-08-11 00:00:00-04:00,2.098793028946966,2.098793028946966,2.030286390449159,2.0365142822265625,388080,0.0,0.0
1989-08-14 00:00:00-04:00,2.0302856608796067,2.0302856608796067,2.0116021633148193,2.0116021633148193,84960,0.0,0.0
1989-08-15 00:00:00-04:00,2.0178306888960083,2.0240585803985596,2.0178306888960083,2.0240585803985596,77760,0.0,0.0
1989-08-16 00:00:00-04:00,2.036513024260953,2.067652463912964,2.036513024260953,2.067652463912964,7200,0.0,0.0
1989-08-17 00:00:00-04:00,2.0614256062856073,2.067653325758337,2.0489698252329474,2.0551977157592773,100080,0.0,0.0
1989-08-18 00:00:00-04:00,2.0614256062856073,2.0614256062856073,2.0489698252329474,2.0551977157592773,57600,0.0,0.0
1989-08-21 00:00:00-04:00,2.0614256062856073,2.067653325758337,2.0551977157592773,2.0551977157592773,13680,0.0,0.0
1989-08-22 00:00:00-04:00,2.0614254474639893,2.0614254474639893,2.0427416062708876,2.0614254474639893,87120,0.0,0.0
1989-08-23 00:00:00-04:00,2.0614247470360905,2.067652463912964,2.0489689711752863,2.067652463912964,11520,0.0,0.0
1989-08-24 00:00:00-04:00,2.0614244587436517,2.1174752712249756,2.0614244587436517,2.1174752712249756,67680,0.0,0.0
1989-08-25 00:00:00-04:00,2.1299316073884182,2.1423872147408423,2.1174760000359947,2.123703718185425,44640,0.0,0.0
1989-08-28 00:00:00-04:00,2.1237033906623104,2.1237033906623104,2.0987918376922607,2.0987918376922607,63360,0.0,0.0
1989-08-29 00:00:00-04:00,2.111248742062646,2.136160135269165,2.111248742062646,2.136160135269165,169920,0.0,0.0
1989-08-30 00:00:00-04:00,2.1423877757600023,2.1486156665938707,2.129932165145874,2.129932165145874,192240,0.0,0.0
1989-08-31 00:00:00-04:00,2.1237041028028,2.1237041028028,2.11124849319458,2.11124849319458,167760,0.0,0.0
1989-09-01 00:00:00-04:00,2.0987931903367514,2.0987931903367514,2.073881792365172,2.0925652980804443,56880,0.0,0.0
1989-09-05 00:00:00-04:00,2.080109119415283,2.080109119415283,2.073881228851216,2.080109119415283,46800,0.0,0.0
1989-09-06 00:00:00-04:00,2.067652463912964,2.067652463912964,2.0551968591056884,2.067652463912964,76320,0.0,0.0
1989-09-07 00:00:00-04:00,2.0614254474639893,2.0614254474639893,2.0614254474639893,2.0614254474639893,39600,0.0,0.0
1989-09-08 00:00:00-04:00,2.061425766072709,2.061425766072709,2.04274192199188,2.0489699840545654,39600,0.0,0.0
1989-09-11 00:00:00-04:00,2.0489695979832967,2.0489695979832967,2.042741537094116,2.042741537094116,95040,0.0,0.0
1989-09-12 00:00:00-04:00,2.042741537094116,2.042741537094116,2.042741537094116,2.042741537094116,0,0.0,0.0
1989-09-13 00:00:00-04:00,2.0302857419608697,2.0302857419608697,2.0178301334381104,2.0178301334381104,7200,0.0,0.0
1989-09-14 00:00:00-04:00,2.0302858077480828,2.0302858077480828,1.986690748871867,1.9991466999053955,24480,0.0,0.0
1989-09-15 00:00:00-04:00,1.9866909184757484,1.9866909184757484,1.9680074179644078,1.9804630279541016,156960,0.0,0.0
1989-09-18 00:00:00-04:00,1.9929188895510195,2.0053746700286865,1.9929188895510195,2.0053746700286865,9360,0.0,0.0
1989-09-19 00:00:00-04:00,2.0178306888960083,2.0302863008474836,2.0178306888960083,2.0240585803985596,9360,0.0,0.0
1989-09-20 00:00:00-04:00,2.0302859826003576,2.0551977157592773,2.0302859826003576,2.0551977157592773,8640,0.0,0.0
1989-09-21 00:00:00-04:00,2.067652463912964,2.0801082397737685,2.067652463912964,2.067652463912964,53280,0.0,0.0
1989-09-22 00:00:00-04:00,2.055196704287428,2.073880195617676,2.055196704287428,2.073880195617676,69120,0.0,0.0
1989-09-25 00:00:00-04:00,2.0925639494497483,2.0987918376922607,2.080108344018261,2.0987918376922607,43920,0.0,0.0
1989-09-26 00:00:00-04:00,2.086335799486669,2.086335799486669,2.073880195617676,2.073880195617676,4320,0.0,0.0
1989-09-27 00:00:00-04:00,2.073880351843366,2.0801082397737685,2.067652463912964,2.067652463912964,36720,0.0,0.0
1989-09-28 00:00:00-04:00,2.0551977157592773,2.0551977157592773,2.0489698252329474,2.0551977157592773,121680,0.0,0.0
1989-09-29 00:00:00-04:00,2.0551974878188966,2.0551974878188966,2.042741537094116,2.042741537094116,7200,0.0,0.0
1989-10-02 00:00:00-04:00,2.0427416693545037,2.0427416693545037,2.0053746700286865,2.0053746700286865,59040,0.0,0.0
1989-10-03 00:00:00-04:00,2.0240586697253895,2.0427421740039664,2.0240586697253895,2.0365142822265625,98640,0.0,0.0
1989-10-04 00:00:00-04:00,2.0489689711752863,2.073880351843366,2.042740912191355,2.067652463912964,70560,0.0,0.0
1989-10-05 00:00:00-04:00,2.080107705331734,2.0863354206085205,2.0676519326711906,2.0863354206085205,40320,0.0,0.0
1989-10-06 00:00:00-04:00,2.0738804557757486,2.0987918376922607,2.0738804557757486,2.0987918376922607,2880,0.0,0.0
1989-10-09 00:00:00-04:00,2.092563306938792,2.092563306938792,2.0676519326711906,2.0863354206085205,262080,0.0,0.0
1989-10-10 00:00:00-04:00,2.080108876107713,2.080108876107713,2.0302857574229174,2.042741537094116,436320,0.0,0.0
1989-10-11 00:00:00-04:00,2.0302846431732178,2.0365125295908624,2.017829041391415,2.0302846431732178,87840,0.0,0.0
1989-10-12 00:00:00-04:00,2.0427407583114032,2.073880195617676,2.0427407583114032,2.073880195617676,3483360,0.0,0.0
1989-10-13 00:00:00-04:00,2.067651961679087,2.067651961679087,2.0302846431732178,2.0302846431732178,608400,0.0,0.0
1989-10-16 00:00:00-04:00,1.9430947464866504,2.0302846431732178,1.9430947464866504,2.0302846431732178,275040,0.0,0.0
1989-10-17 00:00:00-04:00,2.0178302794527614,2.0178302794527614,1.9929188895510195,2.0053746700286865,311040,0.0,0.0
1989-10-18 00:00:00-04:00,2.0053739267159996,2.067652463912964,1.9929181508551952,2.067652463912964,292320,0.0,0.0
1989-10-19 00:00:00-04:00,2.0925652980804443,2.0987931903367514,2.080109684621479,2.0925652980804443,745920,0.0,0.0
1989-10-20 00:00:00-04:00,2.073880195617676,2.0801080830789305,2.0489688168261737,2.073880195617676,177120,0.0,0.0
1989-10-23 00:00:00-04:00,2.080109119415283,2.092564729489817,2.073881228851216,2.080109119415283,66240,0.0,0.0
1989-10-24 00:00:00-04:00,2.0925645555893397,2.0925645555893397,2.0614254474639893,2.0614254474639893,10080,0.0,0.0
1989-10-25 00:00:00-04:00,2.0676519326711906,2.0863354206085205,2.0676519326711906,2.0863354206085205,295920,0.0,0.0
1989-10-26 00:00:00-04:00,2.080109524668389,2.080109524668389,2.0240586697253895,2.0365142822265625,226800,0.0,0.0
1989-10-27 00:00:00-04:00,2.02405802322628,2.02405802322628,1.9929187453390114,2.0178301334381104,172800,0.0,0.0
1989-10-30 00:00:00-05:00,2.042741763653017,2.0551977157592773,2.036513873126687,2.0551977157592773,95040,0.0,0.0
1989-10-31 00:00:00-05:00,2.0551968591056884,2.067652463912964,2.0551968591056884,2.067652463912964,40320,0.0,0.0
1989-11-01 00:00:00-05:00,2.073881228851216,2.0863368389257495,2.073881228851216,2.080109119415283,425520,0.0,0.0
1989-11-02 00:00:00-05:00,2.0676537411135816,2.0676537411135816,2.0365142822265625,2.0365142822265625,493200,0.0,0.0
1989-11-03 00:00:00-05:00,2.0427421740039664,2.0427421740039664,2.030286390449159,2.0365142822265625,82080,0.0,0.0
1989-11-06 00:00:00-05:00,2.0489697306469297,2.0489697306469297,2.0053746700286865,2.0053746700286865,1206720,0.0,0.0
1989-11-07 00:00:00-05:00,1.9929187453390114,2.0178301334381104,1.9929187453390114,2.0178301334381104,1160640,0.0,0.0
1989-11-08 00:00:00-05:00,2.0178301334381104,2.0178301334381104,2.0178301334381104,2.0178301334381104,32400,0.0,0.0
1989-11-09 00:00:00-05:00,2.0053738172028615,2.0053738172028615,1.9680064916610718,1.9680064916610718,29520,0.0,0.0
1989-11-10 00:00:00-05:00,1.9929188895510195,2.0178302794527614,1.9929188895510195,2.0053746700286865,115920,0.0,0.0
1989-11-13 00:00:00-05:00,2.0178305290092062,2.0489699840545654,2.0178305290092062,2.0489699840545654,226080,0.0,0.0
1989-11-14 00:00:00-05:00,2.0489698252329474,2.067653325758337,2.036513873126687,2.0551977157592773,415440,0.0,0.0
1989-11-15 00:00:00-05:00,2.0738800618089974,2.1174752712249756,2.0738800618089974,2.1174752712249756,546480,0.0,0.0
1989-11-16 00:00:00-05:00,2.1174763835254873,2.1174763835254873,2.092564651148263,2.11124849319458,136800,0.0,0.0
1989-11-17 00:00:00-05:00,2.073881792365172,2.0925652980804443,2.073881792365172,2.0925652980804443,264960,0.0,0.0
1989-11-20 00:00:00-05:00,2.092563844581044,2.092563844581044,2.0551968591056884,2.067652463912964,79200,0.0,0.0
1989-11-21 00:00:00-05:00,2.048969837648547,2.092564729489817,2.048969837648547,2.080109119415283,99360,0.0,0.0
1989-11-22 00:00:00-05:00,2.055197728212615,2.080109119415283,2.055197728212615,2.080109119415283,248400,0.0,0.0
1989-11-24 00:00:00-05:00,2.0925642721704563,2.1299316073884182,2.0925642721704563,2.123703718185425,364320,0.0,0.0
1989-11-27 00:00:00-05:00,2.1177224937868875,2.1428587436676025,2.1177224937868875,2.1428587436676025,471600,0.05292,0.0
1989-11-28 00:00:00-05:00,2.1428591971690434,2.1617112159729004,2.1428591971690434,2.1617112159729004,974880,0.0,0.0
1989-11-29 00:00:00-05:00,2.1617112159729004,2.1679952797729993,2.1554273247692417,2.1617112159729004,683280,0.0,0.0
1989-11-30 00:00:00-05:00,2.1742786408907535,2.237119258582943,2.1742786408907535,2.22455096244812,534240,0.0,0.0
1989-12-01 00:00:00-05:00,2.2245495984703942,2.2496860027313232,2.2182655405542318,2.2496860027313232,945360,0.0,0.0
1989-12-04 00:00:00-05:00,2.2434019448151608,2.2496860027313232,2.2371178868989983,2.2496860027313232,734400,0.0,0.0
1989-12-05 00:00:00-05:00,2.249688017621405,2.274823926605994,2.249688017621405,2.255971908569336,776160,0.0,0.0
1989-12-06 00:00:00-05:00,2.268539299871947,2.2811072502879073,2.2622552383657775,2.2748231887817383,113760,0.0,0.0
1989-12-07 00:00:00-05:00,2.2622556686401367,2.2622556686401367,2.2496877158337885,2.2622556686401367,36000,0.0,0.0
1989-12-08 00:00:00-05:00,2.2496860027313232,2.2622539459673696,2.2434019448151608,2.2496860027313232,395280,0.0,0.0
1989-12-11 00:00:00-05:00,2.2622556686401367,2.2622556686401367,2.2622556686401367,2.2622556686401367,58320,0.0,0.0
1989-12-12 00:00:00-05:00,2.2685392575283423,2.3502318829873228,2.2685392575283423,2.343947649002075,452880,0.0,0.0
1989-12-13 00:00:00-05:00,2.3376635876132017,2.343947649002075,2.3250956374318292,2.343947649002075,90000,0.0,0.0
1989-12-14 00:00:00-05:00,2.3125288486480713,2.3125288486480713,2.299960891216809,2.3125288486480713,130320,0.0,0.0
1989-12-15 00:00:00-05:00,2.2936742241488117,2.2936742241488117,2.27482187789774,2.2873899936676025,16560,0.0,0.0
1989-12-18 00:00:00-05:00,2.2873913117940767,2.312527557818753,2.2748231887817383,2.2748231887817383,347760,0.0,0.0
1989-12-19 00:00:00-05:00,2.2622539347241553,2.2873899936676025,2.2622539347241553,2.2873899936676025,102960,0.0,0.0
1989-12-20 00:00:00-05:00,2.287392615495678,2.29996091826771,2.287392615495678,2.2936768531799316,79920,0.0,0.0
1989-12-21 00:00:00-05:00,2.3062437212251363,2.3062437212251363,2.2936755979276957,2.299959659576416,14400,0.0,0.0
1989-12-22 00:00:00-05:00,2.3125275146540822,2.343947649002075,2.3125275146540822,2.343947649002075,248400,0.0,0.0
1989-12-26 00:00:00-05:00,2.343947414135895,2.350231647491455,2.343947414135895,2.350231647491455,53280,0.0,0.0
1989-12-27 00:00:00-05:00,2.3627999926206327,2.387935892843545,2.3627999926206327,2.369083881378174,450000,0.0,0.0
1989-12-28 00:00:00-05:00,2.3565159443761963,2.3565159443761963,2.3376635876132017,2.343947649002075,709920,0.0,0.0
1989-12-29 00:00:00-05:00,2.3565167283361754,2.4005048274993896,2.3565167283361754,2.4005048274993896,208800,0.0,0.0
1990-01-02 00:00:00-05:00,2.3942207640199498,2.406789063575261,2.3879367005405103,2.4005048274993896,103680,0.0,0.0
1990-01-03 00:00:00-05:00,2.4130734738407353,2.4193575382232666,2.394221108096686,2.4193575382232666,244800,0.0,0.0
1990-01-04 00:00:00-05:00,2.40050480618096,2.4256410598754883,2.40050480618096,2.4256410598754883,485280,0.0,0.0
1990-01-05 00:00:00-05:00,2.3942201137542725,2.4005041755269727,2.387936051981572,2.3942201137542725,216000,0.0,0.0
1990-01-08 00:00:00-05:00,2.3565166213245266,2.387936592102051,2.350232558130452,2.387936592102051,758880,0.0,0.0
1990-01-09 00:00:00-05:00,2.38165261444118,2.38165261444118,2.3628005981445312,2.3628005981445312,255600,0.0,0.0
1990-01-10 00:00:00-05:00,2.3565157082506585,2.3565157082506585,2.343947414135895,2.350231647491455,161280,0.0,0.0
1990-01-11 00:00:00-05:00,2.350231647491455,2.350231647491455,2.343947414135895,2.350231647491455,243360,0.0,0.0
1990-01-12 00:00:00-05:00,2.337663684275976,2.337663684275976,2.299959659576416,2.299959659576416,344160,0.0,0.0
1990-01-15 00:00:00-05:00,2.2748231887817383,2.2811072502879073,2.2622552383657775,2.2748231887817383,368640,0.0,0.0
1990-01-16 00:00:00-05:00,2.2371195904310297,2.2622556686401367,2.224551292431861,2.2622556686401367,339120,0.0,0.0
1990-01-17 00:00:00-05:00,2.2748245133726264,2.2748245133726264,2.2559724904732903,2.268540620803833,173520,0.0,0.0
1990-01-18 00:00:00-05:00,2.249688017621405,2.255971908569336,2.2371198905326772,2.255971908569336,362880,0.0,0.0
1990-01-19 00:00:00-05:00,2.2622556686401367,2.2622556686401367,2.2496877158337885,2.2622556686401367,73440,0.0,0.0
1990-01-22 00:00:00-05:00,2.262255661117603,2.262255661117603,2.1994152069091797,2.1994152069091797,189360,0.0,0.0
1990-01-23 00:00:00-05:00,2.2245515908475157,2.274823926605994,2.2245515908475157,2.255971908569336,99360,0.0,0.0
1990-01-24 00:00:00-05:00,2.2119830115060672,2.22455096244812,2.2119830115060672,2.22455096244812,817920,0.0,0.0
1990-01-25 00:00:00-05:00,2.249687820265044,2.249687820265044,2.2119834423065186,2.2119834423065186,717840,0.0,0.0
1990-01-26 00:00:00-05:00,2.2308354586893633,2.237119694278869,2.1868473629305867,2.2119834423065186,385920,0.0,0.0
1990-01-29 00:00:00-05:00,2.2371198905326772,2.2622559721137,2.2371198905326772,2.255971908569336,223200,0.0,0.0
1990-01-30 00:00:00-05:00,2.268541653943249,2.2748255493738543,2.2119852142953467,2.218269109725952,671760,0.0,0.0
1990-01-31 00:00:00-05:00,2.237120038419873,2.2873922049052133,2.237120038419873,2.2811081409454346,224640,0.0,0.0
1990-02-01 00:00:00-05:00,2.2873899936676025,2.2873899936676025,2.2685379926090867,2.2873899936676025,22320,0.0,0.0
1990-02-02 00:00:00-05:00,2.29996091826771,2.29996091826771,2.2811085504079,2.2936768531799316,290880,0.0,0.0
1990-02-05 00:00:00-05:00,2.299958282033743,2.299958282033743,2.2873899936676025,2.2873899936676025,29520,0.0,0.0
1990-02-06 00:00:00-05:00,2.293676441461437,2.293676441461437,2.2685401856223217,2.2811081409454346,16560,0.0,0.0
1990-02-07 00:00:00-05:00,2.2622565556385617,2.2748245133726264,2.2559724904732903,2.268540620803833,858960,0.0,0.0
1990-02-08 00:00:00-05:00,2.274824076985656,2.2811081409454346,2.274824076985656,2.2811081409454346,272880,0.0,0.0
1990-02-09 00:00:00-05:00,2.2622556686401367,2.2622556686401367,2.2496877158337885,2.2622556686401367,382320,0.0,0.0
1990-02-12 00:00:00-05:00,2.2434032594440665,2.2434032594440665,2.224550902051864,2.237119197845459,206640,0.0,0.0
1990-02-13 00:00:00-05:00,2.224550902051864,2.237119197845459,2.211982951451029,2.237119197845459,110160,0.0,0.0
1990-02-14 00:00:00-05:00,2.224551612587461,2.2308356761932373,2.224551612587461,2.2308356761932373,9360,0.0,0.0
1990-02-15 00:00:00-05:00,2.2182675489816845,2.2308356761932373,2.2182675489816845,2.2308356761932373,21600,0.0,0.0
1990-02-16 00:00:00-05:00,2.2434019448151608,2.2496860027313232,2.2434019448151608,2.2496860027313232,5040,0.0,0.0
1990-02-20 00:00:00-05:00,2.2245514825874104,2.2308355458259537,2.186847448348999,2.186847448348999,524880,0.0,0.0
1990-02-21 00:00:00-05:00,2.180563449859619,2.1868475132847602,2.161711086987766,2.180563449859619,51840,0.0,0.0
1990-02-22 00:00:00-05:00,2.1742793435730983,2.1742793435730983,2.1617112159729004,2.1617112159729004,12960,0.0,0.0
1990-02-23 00:00:00-05:00,2.1177222753624645,2.130290571602917,2.1177222753624645,2.124006509780884,421920,0.0,0.0
1990-02-26 00:00:00-05:00,2.111438836929952,2.1491432189941406,2.111438836929952,2.1491432189941406,73440,0.0,0.0
1990-02-27 00:00:00-05:00,2.130290985107422,2.1428589385946304,2.130290985107422,2.130290985107422,1054080,0.0,0.0
1990-02-28 00:00:00-05:00,2.124006509780884,2.1491425844726297,2.1051541517183985,2.124006509780884,712080,0.0,0.0
1990-03-01 00:00:00-05:00,2.1051533222198486,2.1051533222198486,2.0925853761243465,2.1051533222198486,624240,0.0,0.0
1990-03-02 00:00:00-05:00,2.1114394664764404,2.1114394664764404,2.1051554009254194,2.1114394664764404,223200,0.0,0.0
1990-03-05 00:00:00-05:00,2.1051551232046366,2.1051551232046366,2.0925871663571005,2.0988712310791016,142560,0.0,0.0
1990-03-06 00:00:00-05:00,2.092585563659668,2.092585563659668,2.0863015037505868,2.092585563659668,351360,0.0,0.0
1990-03-07 00:00:00-05:00,2.0925874424198665,2.1240077701749707,2.0925874424198665,2.1114394664764404,376560,0.0,0.0
1990-03-08 00:00:00-05:00,2.136575115037076,2.186847448348999,2.136575115037076,2.186847448348999,347760,0.0,0.0
1990-03-09 00:00:00-05:00,2.1617115866017205,2.1617115866017205,2.149143629443167,2.1554276943206787,72000,0.0,0.0
1990-03-12 00:00:00-05:00,2.149143629443167,2.1554276943206787,2.149143629443167,2.1554276943206787,13680,0.0,0.0
1990-03-13 00:00:00-05:00,2.1554276943206787,2.1554276943206787,2.149143629443167,2.1554276943206787,48960,0.0,0.0
1990-03-14 00:00:00-05:00,2.155427431631731,2.1742794513702393,2.1491433675200784,2.1742794513702393,136080,0.0,0.0
1990-03-15 00:00:00-05:00,2.1868473629305867,2.2119834423065186,2.1868473629305867,2.2119834423065186,194400,0.0,0.0
1990-03-16 00:00:00-05:00,2.22455096244812,2.237119258582943,2.2182669006789015,2.22455096244812,125280,0.0,0.0
1990-03-19 00:00:00-05:00,2.205699269589663,2.205699269589663,2.1931313168251063,2.1994152069091797,78480,0.0,0.0
1990-03-20 00:00:00-05:00,2.1931315115875427,2.1931315115875427,2.174279149275487,2.186847448348999,1517760,0.0,0.0
1990-03-21 00:00:00-05:00,2.1617116263065053,2.1742797562923712,2.1617116263065053,2.1679956912994385,1148400,0.0,0.0
1990-03-22 00:00:00-05:00,2.1742797562923712,2.1742797562923712,2.1617116263065053,2.1679956912994385,30240,0.0,0.0
1990-03-23 00:00:00-05:00,2.1742797562923712,2.1742797562923712,2.1617116263065053,2.1679956912994385,54000,0.0,0.0
1990-03-26 00:00:00-05:00,2.1805631914641395,2.1994152069091797,2.1805631914641395,2.1994152069091797,164880,0.0,0.0
1990-03-27 00:00:00-05:00,2.186846670579076,2.1931307315826416,2.186846670579076,2.1931307315826416,41040,0.0,0.0
1990-03-28 00:00:00-05:00,2.1994170782410225,2.2245531777531142,2.1994170782410225,2.218269109725952,131040,0.0,0.0
1990-03-29 00:00:00-05:00,2.2182669006789015,2.230835024217339,2.2182669006789015,2.22455096244812,164160,0.0,0.0
1990-03-30 00:00:00-05:00,2.224550902051864,2.237119197845459,2.2182668404532566,2.237119197845459,113760,0.0,0.0
1990-04-02 00:00:00-04:00,2.186846670579076,2.1931307315826416,2.18056260957551,2.1931307315826416,162000,0.0,0.0
1990-04-03 00:00:00-04:00,2.1994153163203434,2.2245513956962757,2.1994153163203434,2.2119834423065186,82800,0.0,0.0
1990-04-04 00:00:00-04:00,2.2119839851896708,2.2119839851896708,2.199415856118923,2.205699920654297,154800,0.0,0.0
1990-04-05 00:00:00-04:00,2.2119839851896708,2.2182678771285844,2.205699920654297,2.205699920654297,908640,0.0,0.0
1990-04-06 00:00:00-04:00,2.218267332703188,2.218267332703188,2.1994153163203434,2.2119834423065186,145440,0.0,0.0
1990-04-09 00:00:00-04:00,2.223638117687157,2.2429743383804275,2.223638117687157,2.230083465576172,1020960,0.15292,0.0
1990-04-10 00:00:00-04:00,2.217193126678467,2.2236384756049272,2.204302605851801,2.217193126678467,124560,0.0,0.0
1990-04-11 00:00:00-04:00,2.230083465576172,2.2365289904914127,2.217192769798143,2.230083465576172,509040,0.0,0.0
1990-04-12 00:00:00-04:00,2.217192769798143,2.230083465576172,2.217192769798143,2.230083465576172,1964880,0.0,0.0
1990-04-16 00:00:00-04:00,2.2300836445335532,2.2365291699660284,2.2236382961273193,2.2236382961273193,79920,0.0,0.0
1990-04-17 00:00:00-04:00,2.2171929477210854,2.2236382961273193,2.2107477763410923,2.2236382961273193,725760,0.0,0.0
1990-04-18 00:00:00-04:00,2.2236382961273193,2.2300836445335532,2.2171929477210854,2.2236382961273193,606960,0.0,0.0
1990-04-19 00:00:00-04:00,2.2236382961273193,2.2300836445335532,2.2107477763410923,2.2236382961273193,1592640,0.0,0.0
1990-04-20 00:00:00-04:00,2.210747898123468,2.210747898123468,2.1978572006008967,2.2043025493621826,58320,0.0,0.0
1990-04-23 00:00:00-04:00,2.1527397632598877,2.1527397632598877,2.1398490667734764,2.1527397632598877,34560,0.0,0.0
1990-04-24 00:00:00-04:00,2.139848470687866,2.139848470687866,2.1269579548185304,2.139848470687866,78480,0.0,0.0
1990-04-25 00:00:00-04:00,2.126958366720526,2.126958366720526,2.0947316282407606,2.1076221466064453,147600,0.0,0.0
1990-04-26 00:00:00-04:00,2.1140672000975482,2.1205127239227295,2.1140672000975482,2.1205127239227295,277920,0.0,0.0
1990-04-27 00:00:00-04:00,2.114068397285053,2.114068397285053,2.08828717251552,2.0947325229644775,801360,0.0,0.0
1990-04-30 00:00:00-04:00,2.101177696387138,2.101177696387138,2.0947325229644775,2.0947325229644775,72000,0.0,0.0
1990-05-01 00:00:00-04:00,2.0947316282407606,2.1140674943023985,2.0947316282407606,2.1076221466064453,24480,0.0,0.0
1990-05-02 00:00:00-04:00,2.1269570706021654,2.1462929248809814,2.1269570706021654,2.1462929248809814,29520,0.0,0.0
1990-05-03 00:00:00-04:00,2.1849653720855713,2.1849653720855713,2.1720745052538044,2.1849653720855713,105120,0.0,0.0
1990-05-04 00:00:00-04:00,2.223638117687157,2.230083465576172,2.210747598935355,2.230083465576172,171360,0.0,0.0
1990-05-07 00:00:00-04:00,2.2365289904914127,2.2429743383804275,2.230083465576172,2.230083465576172,79920,0.0,0.0
1990-05-08 00:00:00-04:00,2.230083465576172,2.2429743383804275,2.230083465576172,2.230083465576172,16560,0.0,0.0
1990-05-09 00:00:00-04:00,2.217193362834181,2.236529588699341,2.217193362834181,2.236529588699341,304560,0.0,0.0
1990-05-10 00:00:00-04:00,2.236529588699341,2.236529588699341,2.223638712447143,2.236529588699341,309600,0.0,0.0
1990-05-11 00:00:00-04:00,2.2494190539919328,2.326762852867487,2.2494190539919328,2.320317506790161,1476720,0.0,0.0
1990-05-14 00:00:00-04:00,2.3203182799384856,2.352545021063318,2.3203182799384856,2.3332087993621826,428400,0.0,0.0
1990-05-15 00:00:00-04:00,2.339653909607278,2.339653909607278,2.3203180439253788,2.326763391494751,44640,0.0,0.0
1990-05-16 00:00:00-04:00,2.326761854836449,2.346097707748413,2.3203165115237607,2.346097707748413,87120,0.0,0.0
1990-05-17 00:00:00-04:00,2.3718804745714834,2.410552557168971,2.3718804745714834,2.3976616859436035,196560,0.0,0.0
1990-05-18 00:00:00-04:00,2.3783252861418833,2.384770631790161,2.3783252861418833,2.384770631790161,56160,0.0,0.0
1990-05-21 00:00:00-04:00,2.384771583718501,2.39121675491333,2.37188088727637,2.39121675491333,94320,0.0,0.0
1990-05-22 00:00:00-04:00,2.4041064917088306,2.4041064917088306,2.371879940493605,2.384770631790161,632160,0.0,0.0
1990-05-23 00:00:00-04:00,2.3589894771575928,2.371879991706311,2.3460986085565367,2.3589894771575928,43200,0.0,0.0
1990-05-24 00:00:00-04:00,2.3589903692882843,2.3589903692882843,2.3332087993621826,2.3332087993621826,259920,0.0,0.0
1990-05-25 00:00:00-04:00,2.339653909607278,2.339653909607278,2.313872696356006,2.326763391494751,61200,0.0,0.0
1990-05-29 00:00:00-04:00,2.34609943727628,2.378326177597046,2.34609943727628,2.378326177597046,375840,0.0,0.0
1990-05-30 00:00:00-04:00,2.397660919319069,2.4105517864227295,2.3912155742803125,2.4105517864227295,2208960,0.0,0.0
1990-05-31 00:00:00-04:00,2.4041070330431844,2.4041070330431844,2.391216338844022,2.3976616859436035,138960,0.0,0.0
1990-06-01 00:00:00-04:00,2.42988830950836,2.436333656311035,2.423443139731881,2.436333656311035,239760,0.0,0.0
1990-06-04 00:00:00-04:00,2.4363337223427988,2.4685604572296143,2.4363337223427988,2.4685604572296143,438480,0.0,0.0
1990-06-05 00:00:00-04:00,2.4685604572296143,2.4750058042069774,2.4621149332260495,2.4685604572296143,406800,0.0,0.0
1990-06-06 00:00:00-04:00,2.4685604572296143,2.4685604572296143,2.4621149332260495,2.4685604572296143,236880,0.0,0.0
1990-06-07 00:00:00-04:00,2.481450734154052,2.481450734154052,2.462114519445387,2.4750053882598877,106560,0.0,0.0
1990-06-08 00:00:00-04:00,2.4556695196928646,2.4556695196928646,2.436333656311035,2.436333656311035,164160,0.0,0.0
1990-06-11 00:00:00-04:00,2.4105514371109056,2.4298872923990764,2.4105514371109056,2.4234421253204346,182880,0.0,0.0
1990-06-12 00:00:00-04:00,2.436333241635661,2.4427785873413086,2.429887895930014,2.4427785873413086,146160,0.0,0.0
1990-06-13 00:00:00-04:00,2.4492242336273193,2.468560451541052,2.4492242336273193,2.4492242336273193,94320,0.0,0.0
1990-06-14 00:00:00-04:00,2.4750053882598877,2.4750053882598877,2.462114519445387,2.4750053882598877,298080,0.0,0.0
1990-06-15 00:00:00-04:00,2.4621149275523404,2.4621149275523404,2.4363337167285,2.4492242336273193,97200,0.0,0.0
1990-06-18 00:00:00-04:00,2.4427790031137104,2.4427790031137104,2.42988830950836,2.436333656311035,187200,0.0,0.0
1990-06-19 00:00:00-04:00,2.4492238276570584,2.4750053882598877,2.442778658789066,2.4750053882598877,26640,0.0,0.0
1990-06-20 00:00:00-04:00,2.4750059209511632,2.4750059209511632,2.4492243547994117,2.4621150493621826,215280,0.0,0.0
1990-06-21 00:00:00-04:00,2.462114519445387,2.4750053882598877,2.462114519445387,2.4750053882598877,189360,0.0,0.0
1990-06-22 00:00:00-04:00,2.494341672228672,2.5136775361664654,2.4878963252406736,2.507232189178467,244800,0.0,0.0
1990-06-25 00:00:00-04:00,2.5201228831544635,2.5330137541566624,2.507232189178467,2.507232189178467,273600,0.0,0.0
1990-06-26 00:00:00-04:00,2.5265685292389435,2.5330138765383468,2.52012300491333,2.52012300491333,612000,0.0,0.0
1990-06-27 00:00:00-04:00,2.5330138236603412,2.571685552597046,2.5330138236603412,2.571685552597046,442080,0.0,0.0
1990-06-28 00:00:00-04:00,2.5716859715212674,2.5716859715212674,2.5523501039031284,2.55879545211792,219600,0.0,0.0
1990-06-29 00:00:00-04:00,2.571684899680275,2.584575767763367,2.56523955415181,2.5781302452087402,150480,0.0,0.0
1990-07-02 00:00:00-04:00,2.5781307281537207,2.603912115097046,2.5781307281537207,2.603912115097046,344160,0.0,0.0
1990-07-03 00:00:00-04:00,2.6039121153584768,2.6039121153584768,2.591021598911715,2.5974669456481934,74160,0.0,0.0
1990-07-05 00:00:00-04:00,2.5781308997618986,2.5781308997618986,2.5587950352935467,2.571685552597046,228960,0.0,0.0
1990-07-06 00:00:00-04:00,2.584575715545358,2.5910210609436035,2.5781301931209546,2.5910210609436035,87840,0.0,0.0
1990-07-09 00:00:00-04:00,2.6039116273226,2.6039116273226,2.571684899680275,2.5781302452087402,407520,0.0,0.0
1990-07-10 00:00:00-04:00,2.5845764239529587,2.5845764239529587,2.5652402054321928,2.571685552597046,231840,0.0,0.0
1990-07-11 00:00:00-04:00,2.5716852600239735,2.603911992181898,2.5587947441869905,2.58457612991333,243360,0.0,0.0
1990-07-12 00:00:00-04:00,2.597464941511984,2.62324595451355,2.5845742579851425,2.62324595451355,141120,0.0,0.0
1990-07-13 00:00:00-04:00,2.6296939864901043,2.6490302085876465,2.6296939864901043,2.6490302085876465,179280,0.0,0.0
1990-07-16 00:00:00-04:00,2.655474663068303,2.6683651784171056,2.6490293168808114,2.6619198322296143,508320,0.0,0.0
1990-07-17 00:00:00-04:00,2.6941472290772506,2.6941472290772506,2.674811361491211,2.6812565326690674,185040,0.0,0.0
1990-07-18 00:00:00-04:00,2.6941472290772506,2.6941472290772506,2.674811361491211,2.6812565326690674,56880,0.0,0.0
1990-07-19 00:00:00-04:00,2.668365478515625,2.6748108254279943,2.6425842678923486,2.668365478515625,29520,0.0,0.0
1990-07-20 00:00:00-04:00,2.681255693765908,2.681255693765908,2.6619198322296143,2.6619198322296143,36000,0.0,0.0
1990-07-23 00:00:00-04:00,2.655472840356712,2.661918005094074,2.603910106249346,2.62324595451355,87840,0.0,0.0
1990-07-24 00:00:00-04:00,2.6168034668021427,2.6554755569447472,2.6168034668021427,2.6490302085876465,63360,0.0,0.0
1990-07-25 00:00:00-04:00,2.6490293168808114,2.6619198322296143,2.636138447479649,2.6619198322296143,29520,0.0,0.0
1990-07-26 00:00:00-04:00,2.6490295481234956,2.655474894873623,2.636138677597046,2.636138677597046,243360,0.0,0.0
1990-07-27 00:00:00-04:00,2.6425840854644775,2.6554747783993213,2.6296932155034463,2.6425840854644775,95040,0.0,0.0
1990-07-30 00:00:00-04:00,2.6554755569447472,2.6554755569447472,2.6232486381330036,2.6490302085876465,212400,0.0,0.0
1990-07-31 00:00:00-04:00,2.6490304968659637,2.7134838104248047,2.6490304968659637,2.7134838104248047,88560,0.0,0.0
1990-08-01 00:00:00-04:00,2.713482973575682,2.7199281436202165,2.700592279434204,2.700592279434204,26640,0.0,0.0
1990-08-02 00:00:00-04:00,2.6812538533582777,2.6812538533582777,2.62324595451355,2.62324595451355,72720,0.0,0.0
1990-08-03 00:00:00-04:00,2.6103574498123154,2.6103574498123154,2.526568296684744,2.539458990097046,316080,0.0,0.0
1990-08-06 00:00:00-04:00,2.4878961495224354,2.5136773586273193,2.475005633483088,2.5136773586273193,284400,0.0,0.0
1990-08-07 00:00:00-04:00,2.5652405030950853,2.5652405030950853,2.5330141175837797,2.5459046363830566,41040,0.0,0.0
1990-08-08 00:00:00-04:00,2.526568296684744,2.552349506483153,2.526568296684744,2.539458990097046,79920,0.0,0.0
1990-08-09 00:00:00-04:00,2.5523490401210416,2.5781302452087402,2.5394585260902733,2.5781302452087402,17280,0.0,0.0
1990-08-10 00:00:00-04:00,2.5652404438335927,2.5652404438335927,2.5007873202475057,2.5330140590667725,501840,0.0,0.0
1990-08-13 00:00:00-04:00,2.533014236284989,2.55879545211792,2.52012336282917,2.55879545211792,137520,0.0,0.0
1990-08-14 00:00:00-04:00,2.5716853814178897,2.603912115097046,2.5716853814178897,2.603912115097046,334080,0.0,0.0
1990-08-15 00:00:00-04:00,2.629693031311035,2.629693031311035,2.623247685295067,2.629693031311035,13680,0.0,0.0
1990-08-16 00:00:00-04:00,2.6168028085687083,2.6168028085687083,2.603912115097046,2.603912115097046,114480,0.0,0.0
1990-08-17 00:00:00-04:00,2.591021113291832,2.591021113291832,2.5523490401210416,2.5781302452087402,229680,0.0,0.0
1990-08-20 00:00:00-04:00,2.5652404438335927,2.5652404438335927,2.526568711302919,2.5330140590667725,285840,0.0,0.0
1990-08-21 00:00:00-04:00,2.4750053882598877,2.487895903022044,2.462114519445387,2.4750053882598877,33120,0.0,0.0
1990-08-22 00:00:00-04:00,2.481452226638794,2.481452226638794,2.4685615270972745,2.481452226638794,15840,0.0,0.0
1990-08-23 00:00:00-04:00,2.45566958058983,2.4750057985035627,2.4363337167285,2.4492242336273193,373680,0.0,0.0
1990-08-24 00:00:00-04:00,2.48145072516705,2.4943412398825213,2.4298879582004784,2.4556691646575928,243360,0.0,0.0
1990-08-27 00:00:00-04:00,2.513677778952067,2.526568651199341,2.513677778952067,2.526568651199341,136080,0.0,0.0
1990-08-28 00:00:00-04:00,2.526568651199341,2.526568651199341,2.526568651199341,2.526568651199341,6480,0.0,0.0
1990-08-29 00:00:00-04:00,2.539459346420396,2.539459346420396,2.5072324313415395,2.526568651199341,157680,0.0,0.0
1990-08-30 00:00:00-04:00,2.513677532018753,2.520122878996116,2.4685604572296143,2.4685604572296143,44640,0.0,0.0
1990-08-31 00:00:00-04:00,2.4556691735512226,2.4750053882598877,2.4556691735512226,2.4750053882598877,90000,0.0,0.0
1990-09-04 00:00:00-04:00,2.4621138358967762,2.4621138358967762,2.4234421253204346,2.4234421253204346,23040,0.0,0.0
1990-09-05 00:00:00-04:00,2.4105520976141857,2.4556691646575928,2.4105520976141857,2.4556691646575928,47520,0.0,0.0
1990-09-06 00:00:00-04:00,2.45566958058983,2.45566958058983,2.4492242336273193,2.4492242336273193,21600,0.0,0.0
1990-09-07 00:00:00-04:00,2.449223756020789,2.449223756020789,2.436333241635661,2.4427785873413086,12240,0.0,0.0
1990-09-10 00:00:00-04:00,2.4556697020807974,2.487896438487724,2.4556697020807974,2.4621150493621826,87840,0.0,0.0
1990-09-11 00:00:00-04:00,2.4556695862486864,2.4685604572296143,2.4556695862486864,2.4685604572296143,12240,0.0,0.0
1990-09-12 00:00:00-04:00,2.4556691646575928,2.468560033425407,2.4556691646575928,2.4556691646575928,3600,0.0,0.0
1990-09-13 00:00:00-04:00,2.455670650529477,2.481452226638794,2.455670650529477,2.481452226638794,260640,0.0,0.0
1990-09-14 00:00:00-04:00,2.4685604572296143,2.4685604572296143,2.4556695862486864,2.4685604572296143,45360,0.0,0.0
1990-09-17 00:00:00-04:00,2.4621149275523404,2.4621149275523404,2.4492242336273193,2.4492242336273193,17280,0.0,0.0
1990-09-18 00:00:00-04:00,2.4234421253204346,2.4234421253204346,2.404105915980018,2.4234421253204346,52560,0.0,0.0
1990-09-19 00:00:00-04:00,2.4105529766027622,2.4105529766027622,2.39121675491333,2.39121675491333,686160,0.0,0.0
1990-09-20 00:00:00-04:00,2.371880771160065,2.371880771160065,2.358990252375231,2.3654356002807617,46800,0.0,0.0
1990-09-21 00:00:00-04:00,2.3396544456481934,2.3396544456481934,2.3203185755362306,2.3396544456481934,72000,0.0,0.0
1990-09-24 00:00:00-04:00,2.3332087993621826,2.3332087993621826,2.3074277605147886,2.3332087993621826,396000,0.0,0.0
1990-09-25 00:00:00-04:00,2.3396523644357248,2.3525432280872027,2.326761854836449,2.346097707748413,8640,0.0,0.0
1990-09-26 00:00:00-04:00,2.339653262769093,2.3589894771575928,2.3332079169816495,2.3589894771575928,20880,0.0,0.0
1990-09-27 00:00:00-04:00,2.3718790809991668,2.3718790809991668,2.346097707748413,2.346097707748413,43920,0.0,0.0
1990-09-28 00:00:00-04:00,2.3332083919739963,2.3976616859436035,2.3332083919739963,2.3976616859436035,118080,0.0,0.0
1990-10-01 00:00:00-04:00,2.423442841042912,2.442778702041599,2.410552149026337,2.4298880100250244,56160,0.0,0.0
1990-10-02 00:00:00-04:00,2.442779247722315,2.4943418502807617,2.442779247722315,2.4943418502807617,64080,0.0,0.0
1990-10-03 00:00:00-04:00,2.5265685292389435,2.5459043941109423,2.513677657613927,2.52012300491333,413280,0.0,0.0
1990-10-04 00:00:00-04:00,2.5330138765383468,2.5394592238377496,2.513677657613927,2.52012300491333,92880,0.0,0.0
1990-10-05 00:00:00-04:00,2.5072319727343113,2.603911992181898,2.4943414568973283,2.58457612991333,532800,0.0,0.0
1990-10-08 00:00:00-04:00,2.6425841955120335,2.6490295422478645,2.603912115097046,2.603912115097046,32400,0.0,0.0
1990-10-09 00:00:00-04:00,2.6039115747139356,2.6103569201121806,2.5910210609436035,2.5910210609436035,115920,0.0,0.0
1990-10-10 00:00:00-04:00,2.578130728412563,2.6168028088314332,2.578130728412563,2.5974669456481934,228960,0.0,0.0
1990-10-11 00:00:00-04:00,2.5974669456481934,2.5974669456481934,2.578130728412563,2.5974669456481934,92880,0.0,0.0
1990-10-12 00:00:00-04:00,2.6425840854644775,2.6554747783993213,2.6296932155034463,2.6425840854644775,65520,0.0,0.0
1990-10-15 00:00:00-04:00,2.6490302085876465,2.6490302085876465,2.636139334847205,2.6490302085876465,87840,0.0,0.0
1990-10-16 00:00:00-04:00,2.6361366380403912,2.6361366380403912,2.603910106249346,2.62324595451355,30960,0.0,0.0
1990-10-17 00:00:00-04:00,2.6039121760777038,2.6296933865986003,2.6039121760777038,2.6103575229644775,97200,0.0,0.0
1990-10-18 00:00:00-04:00,2.623247685295067,2.629693031311035,2.616802516305274,2.629693031311035,13680,0.0,0.0
1990-10-19 00:00:00-04:00,2.6554746627807617,2.6554746627807617,2.6425839704071747,2.6554746627807617,28800,0.0,0.0
1990-10-22 00:00:00-04:00,2.6361387439537793,2.668365478515625,2.6361387439537793,2.668365478515625,28800,0.0,0.0
1990-10-23 00:00:00-04:00,2.6748108254279943,2.6812559953141637,2.661920131603256,2.668365478515625,34560,0.0,0.0
1990-10-24 00:00:00-04:00,2.6683655440805096,2.700592279434204,2.6683655440805096,2.700592279434204,27360,0.0,0.0
1990-10-25 00:00:00-04:00,2.713482556544641,2.713482556544641,2.694146341277974,2.7070372104644775,11520,0.0,0.0
1990-10-26 00:00:00-04:00,2.70703755998984,2.70703755998984,2.668365478515625,2.668365478515625,15120,0.0,0.0
1990-10-29 00:00:00-05:00,2.6812559953141637,2.6877013422265326,2.668365478515625,2.668365478515625,49680,0.0,0.0
1990-10-30 00:00:00-05:00,2.6425842678923486,2.668365478515625,2.6425842678923486,2.668365478515625,86400,0.0,0.0
1990-10-31 00:00:00-05:00,2.7070372552489284,2.7070372552489284,2.6554746627807617,2.6554746627807617,59760,0.0,0.0
1990-11-01 00:00:00-05:00,2.6619207282756085,2.6619207282756085,2.636139334847205,2.6490302085876465,12960,0.0,0.0
1990-11-02 00:00:00-05:00,2.6361383773270037,2.6361383773270037,2.6103571702893054,2.629693031311035,225360,0.0,0.0
1990-11-05 00:00:00-05:00,2.616802516305274,2.6361383773270037,2.616802516305274,2.629693031311035,27360,0.0,0.0
1990-11-06 00:00:00-05:00,2.6361385619708684,2.6425840854644775,2.6361385619708684,2.6425840854644775,93600,0.0,0.0
1990-11-07 00:00:00-05:00,2.636138671750007,2.636138671750007,2.603912115097046,2.603912115097046,15840,0.0,0.0
1990-11-08 00:00:00-05:00,2.5652403237298627,2.5652403237298627,2.5394592879339557,2.552349805831909,326160,0.0,0.0
1990-11-09 00:00:00-05:00,2.552349925332109,2.552349925332109,2.513677838748989,2.5330140590667725,522000,0.0,0.0
1990-11-12 00:00:00-05:00,2.545903694592577,2.5781302452087402,2.545903694592577,2.5781302452087402,252000,0.0,0.0
1990-11-13 00:00:00-05:00,2.5652406219774484,2.6168034076690674,2.5652406219774484,2.6168034076690674,37440,0.0,0.0
1990-11-14 00:00:00-05:00,2.6103574676227326,2.636138677597046,2.6103574676227326,2.636138677597046,87120,0.0,0.0
1990-11-15 00:00:00-05:00,2.629693031311035,2.629693031311035,2.616802516305274,2.629693031311035,88560,0.0,0.0
1990-11-16 00:00:00-05:00,2.642584800514877,2.6490301487263292,2.6039127112461626,2.6168034076690674,268560,0.0,0.0
1990-11-19 00:00:00-05:00,2.629693924062569,2.6812565326690674,2.629693924062569,2.6812565326690674,16560,0.0,0.0
1990-11-20 00:00:00-05:00,2.694147293034873,2.7070381667753143,2.636139334847205,2.6490302085876465,56160,0.0,0.0
1990-11-21 00:00:00-05:00,2.6812565326690674,2.6812565326690674,2.668366013287119,2.6812565326690674,92880,0.0,0.0
1990-11-23 00:00:00-05:00,2.694145917892456,2.7070367850531576,2.694145917892456,2.694145917892456,2880,0.0,0.0
1990-11-26 00:00:00-05:00,2.670186436862149,2.670186436862149,2.6377023192628295,2.663689613342285,70560,0.0575,0.0
1990-11-27 00:00:00-05:00,2.67018723487854,2.67018723487854,2.644199754592382,2.67018723487854,32400,0.0,0.0
1990-11-28 00:00:00-05:00,2.670186364141813,2.676683187484741,2.65069571567299,2.676683187484741,198720,0.0,0.0
1990-11-29 00:00:00-05:00,2.6896768258307655,2.6896768258307655,2.650695883307968,2.6571927070617676,455040,0.0,0.0
1990-11-30 00:00:00-05:00,2.6636904544770785,2.7026710510253906,2.6636904544770785,2.7026710510253906,211680,0.0,0.0
1990-12-03 00:00:00-05:00,2.696173585225915,2.696173585225915,2.670186469271088,2.6896767616271973,176400,0.0,0.0
1990-12-04 00:00:00-05:00,2.6766840603400555,2.6766840603400555,2.6636904094170246,2.67018723487854,84240,0.0,0.0
1990-12-05 00:00:00-05:00,2.6831799380284793,2.6896767616271973,2.6766832928698063,2.6896767616271973,87840,0.0,0.0
1990-12-06 00:00:00-05:00,2.754644549020521,2.754644549020521,2.7351542585758657,2.74814772605896,74880,0.0,0.0
1990-12-07 00:00:00-05:00,2.748148924233009,2.800123352145962,2.748148924233009,2.7871298789978027,38880,0.0,0.0
1990-12-10 00:00:00-05:00,2.800123352145962,2.800123352145962,2.7806330532036703,2.7871298789978027,155520,0.0,0.0
1990-12-11 00:00:00-05:00,2.800122481261064,2.800122481261064,2.7546448932865335,2.761141538619995,52560,0.0,0.0
1990-12-12 00:00:00-05:00,2.7741350500541557,2.806619167327881,2.7741350500541557,2.806619167327881,36000,0.0,0.0
1990-12-13 00:00:00-05:00,2.8066195098338085,2.8326066283840867,2.8066195098338085,2.819612979888916,20160,0.0,0.0
1990-12-14 00:00:00-05:00,2.8196127924731424,2.8196127924731424,2.767638380387191,2.8001224994659424,30960,0.0,0.0
1990-12-17 00:00:00-05:00,2.787130276274632,2.79362710299482,2.767639617673936,2.7806334495544434,9360,0.0,0.0
1990-12-18 00:00:00-05:00,2.793626039778701,2.819612979888916,2.793626039778701,2.819612979888916,42480,0.0,0.0
1990-12-19 00:00:00-05:00,2.819612718814381,2.8456001918385443,2.8131160736083984,2.8131160736083984,128160,0.0,0.0
1990-12-20 00:00:00-05:00,2.767638527021068,2.7741353511810303,2.767638527021068,2.7741353511810303,99360,0.0,0.0
1990-12-21 00:00:00-05:00,2.7611411935420542,2.767638016503615,2.74814772605896,2.74814772605896,36000,0.0,0.0
1990-12-24 00:00:00-05:00,2.7546442635084216,2.7676377296447754,2.7546442635084216,2.7676377296447754,2880,0.0,0.0
1990-12-26 00:00:00-05:00,2.780632421386743,2.8001227159004385,2.780632421386743,2.793626070022583,10800,0.0,0.0
1990-12-27 00:00:00-05:00,2.7546446323394775,2.7546446323394775,2.748147809181409,2.7546446323394775,28800,0.0,0.0
1990-12-28 00:00:00-05:00,2.7676377296447754,2.7806315526611467,2.7546442635084216,2.7676377296447754,9360,0.0,0.0
1990-12-31 00:00:00-05:00,2.728657152795706,2.7676377296447754,2.728657152795706,2.7676377296447754,41760,0.0,0.0
1991-01-02 00:00:00-05:00,2.761141538619995,2.800122481261064,2.761141538619995,2.761141538619995,22320,0.0,0.0
1991-01-03 00:00:00-05:00,2.7546445979221157,2.7546445979221157,2.7286574840545654,2.7286574840545654,47520,0.0,0.0
1991-01-04 00:00:00-05:00,2.7286587563218663,2.7481490562000888,2.7286587563218663,2.7351555824279785,120240,0.0,0.0
1991-01-07 00:00:00-05:00,2.6896776069984805,2.6896776069984805,2.6377031803131104,2.6377031803131104,54000,0.0,0.0
1991-01-08 00:00:00-05:00,2.6377031803131104,2.663690482875846,2.6312063546724267,2.6377031803131104,98640,0.0,0.0
1991-01-09 00:00:00-05:00,2.6766833567632156,2.735154592107363,2.6571927070617676,2.6571927070617676,101520,0.0,0.0
1991-01-10 00:00:00-05:00,2.6571925390159183,2.6831798323876312,2.6571925390159183,2.676683187484741,118080,0.0,0.0
1991-01-11 00:00:00-05:00,2.6766841341572136,2.6766841341572136,2.6247095290317426,2.6377031803131104,66240,0.0,0.0
1991-01-14 00:00:00-05:00,2.5987214084562527,2.6247087028388356,2.5987214084562527,2.6052184104919434,206640,0.0,0.0
1991-01-15 00:00:00-05:00,2.605218580568359,2.6182122286079146,2.5727344604694706,2.5857279300689697,159120,0.0,0.0
1991-01-16 00:00:00-05:00,2.5792312790170167,2.6182122230529785,2.5727344550110227,2.6182122230529785,115920,0.0,0.0
1991-01-17 00:00:00-05:00,2.741650723216154,2.741650723216154,2.689676321373764,2.715663433074951,84960,0.0,0.0
1991-01-18 00:00:00-05:00,2.728657776632537,2.774135186167018,2.709167126871953,2.761141538619995,60480,0.0,0.0
1991-01-21 00:00:00-05:00,2.74814772605896,2.754644549020521,2.7351542585758657,2.74814772605896,97200,0.0,0.0
1991-01-22 00:00:00-05:00,2.7351546004060485,2.7676383623935066,2.7351546004060485,2.761141538619995,23760,0.0,0.0
1991-01-23 00:00:00-05:00,2.741652098438877,2.7871298789978027,2.741652098438877,2.7871298789978027,221040,0.0,0.0
1991-01-24 00:00:00-05:00,2.79362710299482,2.8001237512748776,2.7806334495544434,2.7806334495544434,115200,0.0,0.0
1991-01-25 00:00:00-05:00,2.7676383623935066,2.7676383623935066,2.748148069513022,2.761141538619995,14400,0.0,0.0
1991-01-28 00:00:00-05:00,2.74814772605896,2.754644549020521,2.741650903097399,2.74814772605896,100080,0.0,0.0
1991-01-29 00:00:00-05:00,2.741652004453901,2.741652004453901,2.7026710510253906,2.7026710510253906,84960,0.0,0.0
1991-01-30 00:00:00-05:00,2.7091668363838495,2.76114124255898,2.7091668363838495,2.7286574840545654,1355040,0.0,0.0
1991-01-31 00:00:00-05:00,2.735153975083887,2.7741345519329563,2.735153975083887,2.7676377296447754,92160,0.0,0.0
1991-02-01 00:00:00-05:00,2.7741349233736496,2.7741349233736496,2.7416509860233407,2.7546446323394775,314640,0.0,0.0
1991-02-04 00:00:00-05:00,2.74814772605896,2.74814772605896,2.7286574356143047,2.74814772605896,492480,0.0,0.0
1991-02-05 00:00:00-05:00,2.7546446323394775,2.7611412770575128,2.748147809181409,2.7546446323394775,279360,0.0,0.0
1991-02-06 00:00:00-05:00,2.7546451241150627,2.793626070022583,2.7416514754792227,2.793626070022583,395280,0.0,0.0
1991-02-07 00:00:00-05:00,2.8066184912381824,2.8455994225764893,2.8066184912381824,2.8326056003570557,107280,0.0,0.0
1991-02-08 00:00:00-05:00,2.81961195657762,2.858592887915927,2.8131153131279003,2.8326056003570557,483120,0.0,0.0
1991-02-11 00:00:00-05:00,2.8975744910260577,2.9690393699413273,2.8975744910260577,2.9495487213134766,439200,0.0,0.0
1991-02-12 00:00:00-05:00,2.9365558965385032,2.9365558965385032,2.910568952560425,2.910568952560425,102960,0.0,0.0
1991-02-13 00:00:00-05:00,2.917065173247811,2.943052291870117,2.917065173247811,2.943052291870117,221760,0.0,0.0
1991-02-14 00:00:00-05:00,2.969038555566115,3.0015223067557804,2.956044912338257,2.956044912338257,75600,0.0,0.0
1991-02-15 00:00:00-05:00,2.9885295157557685,2.9885295157557685,2.9625424018810396,2.9755358695983887,28800,0.0,0.0
1991-02-19 00:00:00-05:00,2.975535198740054,2.9885288419679124,2.956044912338257,2.956044912338257,285120,0.0,0.0
1991-02-20 00:00:00-05:00,2.9625431008947287,2.969039925506348,2.9300589778366324,2.9365556240081787,933120,0.0,0.0
1991-02-21 00:00:00-05:00,2.94305234457145,2.9495491689533813,2.8975749307780645,2.9235620498657227,230400,0.0,0.0
1991-02-22 00:00:00-05:00,2.8845811707670257,2.8975749982736305,2.858594051074028,2.891077995300293,66240,0.0,0.0
1991-02-25 00:00:00-05:00,2.904071688291558,2.904071688291558,2.852097272872925,2.852097272872925,37440,0.0,0.0
1991-02-26 00:00:00-05:00,2.8391034423604444,2.8391034423604444,2.793625854090243,2.8001224994659424,109440,0.0,0.0
1991-02-27 00:00:00-05:00,2.826109834732054,2.832606659049974,2.774135418628758,2.793626070022583,1134720,0.0,0.0
1991-02-28 00:00:00-05:00,2.819612979888916,2.8391036310717346,2.8066195098338085,2.819612979888916,326880,0.0,0.0
1991-03-01 00:00:00-05:00,2.780632353781053,2.793626002100978,2.7546450571412033,2.7741353511810303,369360,0.0,0.0
1991-03-04 00:00:00-05:00,2.7806334495544434,2.79362710299482,2.7741364443941245,2.7806334495544434,126000,0.0,0.0
1991-03-05 00:00:00-05:00,2.8066203058982384,2.8845818621020025,2.8066203058982384,2.865091562271118,106560,0.0,0.0
1991-03-06 00:00:00-05:00,2.884581074507813,2.910568550213743,2.8585939556820126,2.8975749015808105,247680,0.0,0.0
1991-03-07 00:00:00-05:00,2.923562117966628,2.923562117966628,2.8845811707670257,2.891077995300293,50400,0.0,0.0
1991-03-08 00:00:00-05:00,2.8845817031576506,2.8845817031576506,2.8456011056437656,2.8715882301330566,34560,0.0,0.0
1991-03-11 00:00:00-05:00,2.8196136510882535,2.832607302676518,2.7871298789978027,2.7871298789978027,156240,0.0,0.0
1991-03-12 00:00:00-05:00,2.8196126357973297,2.83260628270682,2.7936256988584316,2.806619167327881,178560,0.0,0.0
1991-03-13 00:00:00-05:00,2.8066202837904215,2.839104413986206,2.8066202837904215,2.839104413986206,48240,0.0,0.0
1991-03-14 00:00:00-05:00,2.85859407574961,2.9040718478750467,2.8456006050109863,2.8456006050109863,133200,0.0,0.0
1991-03-15 00:00:00-05:00,2.88458119566693,2.88458119566693,2.839103780421638,2.8456006050109863,68400,0.0,0.0
1991-03-18 00:00:00-05:00,2.858592887915927,2.858592887915927,2.8326056003570557,2.8326056003570557,82800,0.0,0.0
1991-03-19 00:00:00-05:00,2.780632353781053,2.793626002100978,2.7546450571412033,2.7741353511810303,51120,0.0,0.0
1991-03-20 00:00:00-05:00,2.7806315526611467,2.787128374949328,2.7546442635084216,2.7676377296447754,156960,0.0,0.0
1991-03-21 00:00:00-05:00,2.7936256988584316,2.8196126357973297,2.787128875403687,2.806619167327881,33840,0.0,0.0
1991-03-22 00:00:00-05:00,2.8066195402183585,2.8066195402183585,2.774135418628758,2.793626070022583,30960,0.0,0.0
1991-03-25 00:00:00-05:00,2.7416512966156006,2.7546449444037435,2.728657827267511,2.7416512966156006,69120,0.0,0.0
1991-03-26 00:00:00-05:00,2.7351555824279785,2.7481490562000888,2.715664925669528,2.7351555824279785,95760,0.0,0.0
1991-03-27 00:00:00-05:00,2.735154341305305,2.7741349233736496,2.735154341305305,2.7546446323394775,70560,0.0,0.0
1991-03-28 00:00:00-05:00,2.767638527021068,2.780632353781053,2.767638527021068,2.7741353511810303,79200,0.0,0.0
1991-04-01 00:00:00-05:00,2.7741349233736496,2.7741349233736496,2.748147809181409,2.7546446323394775,41040,0.0,0.0
1991-04-02 00:00:00-05:00,2.7676393493562426,2.865091562271118,2.7676393493562426,2.865091562271118,354240,0.0,0.0
1991-04-03 00:00:00-05:00,2.8650897098056447,2.8650897098056447,2.8326056003570557,2.8326056003570557,146160,0.0,0.0
1991-04-04 00:00:00-05:00,2.845601262440234,2.865091562271118,2.845601262440234,2.865091562271118,485280,0.0,0.0
1991-04-05 00:00:00-05:00,2.8780851953188873,2.8780851953188873,2.8456014199494155,2.8585948944091797,41040,0.0,0.0
1991-04-08 00:00:00-04:00,2.8585948944091797,2.8585948944091797,2.852098246399359,2.8585948944091797,25920,0.0,0.0
1991-04-09 00:00:00-04:00,2.871588388361451,2.87808503601167,2.865091562271118,2.865091562271118,38160,0.0,0.0
1991-04-10 00:00:00-04:00,2.88458119566693,2.8975750232856985,2.8456006050109863,2.8456006050109863,341280,0.0,0.0
1991-04-11 00:00:00-04:00,2.871587604314945,2.904071725897277,2.871587604314945,2.8975749015808105,386640,0.0,0.0
1991-04-12 00:00:00-04:00,2.910567915505293,2.9235613828646714,2.8975742697058884,2.904071092605591,10800,0.0,0.0
1991-04-15 00:00:00-04:00,2.899781648724239,2.9262635707855225,2.899781648724239,2.9262635707855225,102960,0.145,0.0
1991-04-16 00:00:00-04:00,2.899782060974685,2.906402587890625,2.866679426394984,2.906402587890625,130320,0.0,0.0
1991-04-17 00:00:00-04:00,2.893161600151627,2.893161600151627,2.85343843774853,2.8732998371124268,427680,0.0,0.0
1991-04-18 00:00:00-04:00,2.8401972056288676,2.873299473095771,2.8335766794004353,2.8468177318573,388080,0.0,0.0
1991-04-19 00:00:00-04:00,2.7938526889415174,2.807093737450084,2.7938526889415174,2.800473213195801,45360,0.0,0.0
1991-04-22 00:00:00-04:00,2.780612049958476,2.780612049958476,2.7475094259764807,2.7607502937316895,15840,0.0,0.0
1991-04-23 00:00:00-04:00,2.780612948494097,2.8203357464334564,2.760751185849121,2.8137152194976807,69120,0.0,0.0
1991-04-24 00:00:00-04:00,2.7475094259764807,2.7607502937316895,2.7210275086284743,2.7607502937316895,103680,0.0,0.0
1991-04-25 00:00:00-04:00,2.7276478459727227,2.740888712817979,2.721027321631306,2.7342681884765625,35280,0.0,0.0
1991-04-26 00:00:00-04:00,2.7144071996354766,2.7144071996354766,2.6548226535683273,2.6746840476989746,79200,0.0,0.0
1991-04-29 00:00:00-04:00,2.6614429862499738,2.6746838540994675,2.6217198371887207,2.6217198371887207,112320,0.0,0.0
1991-04-30 00:00:00-04:00,2.6415809033103477,2.7011654376983643,2.6415809033103477,2.7011654376983643,448560,0.0,0.0
1991-05-01 00:00:00-04:00,2.701166156121326,2.7541301805709972,2.701166156121326,2.740889310836792,103680,0.0,0.0
1991-05-02 00:00:00-04:00,2.727648736176366,2.727648736176366,2.6746845241594728,2.6879255771636963,396720,0.0,0.0
1991-05-03 00:00:00-04:00,2.7144070799577293,2.7144070799577293,2.681304454803467,2.681304454803467,68400,0.0,0.0
1991-05-06 00:00:00-04:00,2.6680641794949977,2.6879255771636963,2.6680641794949977,2.6879255771636963,27360,0.0,0.0
1991-05-07 00:00:00-04:00,2.6879245714858024,2.7210271916111273,2.6879245714858024,2.7011654376983643,54000,0.0,0.0
1991-05-08 00:00:00-04:00,2.6813050506615848,2.6879255771636963,2.6746845241594728,2.6879255771636963,95040,0.0,0.0
1991-05-09 00:00:00-04:00,2.6614436529928858,2.6879255771636963,2.6614436529928858,2.6879255771636963,115200,0.0,0.0
1991-05-10 00:00:00-04:00,2.701166144120313,2.701166144120313,2.6680638790130615,2.6680638790130615,651600,0.0,0.0
1991-05-13 00:00:00-04:00,2.6614430615485047,2.681304454803467,2.628340436394242,2.681304454803467,169920,0.0,0.0
1991-05-14 00:00:00-04:00,2.668063698192938,2.668063698192938,2.634960889816284,2.634960889816284,1106640,0.0,0.0
1991-05-15 00:00:00-04:00,2.6283407233706293,2.674684221809034,2.6283407233706293,2.654822826385498,157680,0.0,0.0
1991-05-16 00:00:00-04:00,2.681303931683638,2.7144065503796115,2.681303931683638,2.7077858448028564,26640,0.0,0.0
1991-05-17 00:00:00-04:00,2.6879250922787654,2.6879250922787654,2.634960889816284,2.634960889816284,57600,0.0,0.0
1991-05-20 00:00:00-04:00,2.6415811793084765,2.668063460013231,2.634960654591685,2.6482017040252686,35280,0.0,0.0
1991-05-21 00:00:00-04:00,2.661442657223111,2.7011654376983643,2.661442657223111,2.7011654376983643,74880,0.0,0.0
1991-05-22 00:00:00-04:00,2.6746845241594728,2.6879255771636963,2.6746845241594728,2.6879255771636963,73440,0.0,0.0
1991-05-23 00:00:00-04:00,2.6746840476989746,2.687925098344475,2.668063704213828,2.6746840476989746,130320,0.0,0.0
1991-05-24 00:00:00-04:00,2.7011645988887083,2.7011645988887083,2.6945440769195557,2.6945440769195557,116640,0.0,0.0
1991-05-28 00:00:00-04:00,2.701166803164721,2.7541308403015137,2.6945462757929146,2.7541308403015137,463680,0.0,0.0
1991-05-29 00:00:00-04:00,2.7673709441224283,2.8004735696067526,2.7607504190255634,2.7938530445098877,426240,0.0,0.0
1991-05-30 00:00:00-04:00,2.7806121761537557,2.7938530445098877,2.7739916510568907,2.7938530445098877,138960,0.0,0.0
1991-05-31 00:00:00-04:00,2.793852980513015,2.807094030403441,2.773991587514969,2.7872326374053955,91440,0.0,0.0
1991-06-03 00:00:00-04:00,2.7806121761537557,2.8004735696067526,2.7673709441224283,2.7938530445098877,128160,0.0,0.0
1991-06-04 00:00:00-04:00,2.800473213195801,2.800473213195801,2.787232346524809,2.800473213195801,16560,0.0,0.0
1991-06-05 00:00:00-04:00,2.81371401024089,2.81371401024089,2.773991229373288,2.780611753463745,243360,0.0,0.0
1991-06-06 00:00:00-04:00,2.754129344624403,2.754129344624403,2.734267955132711,2.747509002685547,142560,0.0,0.0
1991-06-07 00:00:00-04:00,2.721026346633678,2.721026346633678,2.6746826928496095,2.6945440769195557,145440,0.0,0.0
1991-06-10 00:00:00-04:00,2.681303427039033,2.681303427039033,2.65482151890394,2.6614420413970947,134640,0.0,0.0
1991-06-11 00:00:00-04:00,2.661442542303614,2.7077858448028564,2.6548220185644196,2.7077858448028564,60480,0.0,0.0
1991-06-12 00:00:00-04:00,2.6482025969774177,2.6482025969774177,2.62172067101835,2.6283411979675293,47520,0.0,0.0
1991-06-13 00:00:00-04:00,2.6084798582306,2.621720730592184,2.5819975679944736,2.6018593311309814,163440,0.0,0.0
1991-06-14 00:00:00-04:00,2.615099495730457,2.634960889816284,2.6084791522602506,2.634960889816284,48960,0.0,0.0
1991-06-17 00:00:00-04:00,2.5886172635416993,2.6018584953250525,2.5819967385688196,2.595237970352173,468720,0.0,0.0
1991-06-18 00:00:00-04:00,2.5952389879097812,2.5952389879097812,2.5819977509347205,2.588618278503418,20880,0.0,0.0
1991-06-19 00:00:00-04:00,2.5952383900679847,2.5952383900679847,2.5819971561431885,2.5819971561431885,23040,0.0,0.0
1991-06-20 00:00:00-04:00,2.5886165373505876,2.6018577654193455,2.5687551498413086,2.5687551498413086,157680,0.0,0.0
1991-06-21 00:00:00-04:00,2.575376510620117,2.581997036356557,2.5687561667212924,2.575376510620117,60480,0.0,0.0
1991-06-24 00:00:00-04:00,2.5753762135959404,2.595237970352173,2.5687558704606555,2.595237970352173,137520,0.0,0.0
1991-06-25 00:00:00-04:00,2.6084794421551574,2.6150997863611196,2.5819971561431885,2.5819971561431885,81360,0.0,0.0
1991-06-26 00:00:00-04:00,2.5952383900679847,2.5952383900679847,2.56875628589364,2.5819971561431885,77040,0.0,0.0
1991-06-27 00:00:00-04:00,2.5819971561431885,2.5952383900679847,2.56875628589364,2.5819971561431885,41040,0.0,0.0
1991-06-28 00:00:00-04:00,2.568756700360093,2.568756700360093,2.562136173248291,2.562136173248291,12240,0.0,0.0
1991-07-01 00:00:00-04:00,2.5488947713495875,2.601858795403493,2.5488947713495875,2.575376510620117,64080,0.0,0.0
1991-07-02 00:00:00-04:00,2.5687551498413086,2.58199601423498,2.5488937623320296,2.5687551498413086,38160,0.0,0.0
1991-07-03 00:00:00-04:00,2.581997212218491,2.5952384464308578,2.5555152893066406,2.5555152893066406,146880,0.0,0.0
1991-07-05 00:00:00-04:00,2.56875628589364,2.588617682186775,2.56875628589364,2.5819971561431885,1322640,0.0,0.0
1991-07-08 00:00:00-04:00,2.5819960332292116,2.608478307723999,2.5819960332292116,2.608478307723999,61200,0.0,0.0
1991-07-09 00:00:00-04:00,2.615100322825838,2.6415822505950928,2.615100322825838,2.6415822505950928,30240,0.0,0.0
1991-07-10 00:00:00-04:00,2.6283411979675293,2.6349615430790596,2.6151001440691712,2.6283411979675293,164160,0.0,0.0
1991-07-11 00:00:00-04:00,2.6084794421551574,2.6084794421551574,2.575376630099602,2.5819971561431885,52560,0.0,0.0
1991-07-12 00:00:00-04:00,2.542273952406732,2.6084790202979318,2.542273952406732,2.595237970352173,882720,0.0,0.0
1991-07-15 00:00:00-04:00,2.6084791522602506,2.634960889816284,2.6084791522602506,2.634960889816284,581760,0.0,0.0
1991-07-16 00:00:00-04:00,2.6150991916656494,2.621719716203673,2.601858324427185,2.6150991916656494,442080,0.0,0.0
1991-07-17 00:00:00-04:00,2.6018584953250525,2.6084790202979318,2.595237970352173,2.595237970352173,90720,0.0,0.0
1991-07-18 00:00:00-04:00,2.6084791522602506,2.634960889816284,2.60185862695244,2.634960889816284,38160,0.0,0.0
1991-07-19 00:00:00-04:00,2.628340436394242,2.694545323027576,2.628340436394242,2.681304454803467,103680,0.0,0.0
1991-07-22 00:00:00-04:00,2.6680641794949977,2.6879255771636963,2.6680641794949977,2.6879255771636963,89280,0.0,0.0
1991-07-23 00:00:00-04:00,2.6945449136732993,2.734268057823689,2.6879245714858024,2.7011654376983643,910080,0.0,0.0
1991-07-24 00:00:00-04:00,2.7144073254750594,2.7276483767344133,2.7144073254750594,2.7210278511047363,56880,0.0,0.0
1991-07-25 00:00:00-04:00,2.7144066675860623,2.7210271916111273,2.7011654376983643,2.7011654376983643,22320,0.0,0.0
1991-07-26 00:00:00-04:00,2.7276480197906494,2.7408888874796733,2.7276480197906494,2.7276480197906494,334800,0.0,0.0
1991-07-29 00:00:00-04:00,2.7342681884765625,2.7342681884765625,2.7276478459727227,2.7342681884765625,6480,0.0,0.0
1991-07-30 00:00:00-04:00,2.7276484411025868,2.740889310836792,2.7276484411025868,2.740889310836792,11520,0.0,0.0
1991-07-31 00:00:00-04:00,2.727647597858001,2.727647597858001,2.6879244554228325,2.7077858448028564,37440,0.0,0.0
1991-08-01 00:00:00-04:00,2.6945449136732993,2.7011654376983643,2.6879245714858024,2.7011654376983643,112320,0.0,0.0
1991-08-02 00:00:00-04:00,2.734269440023754,2.7541308403015137,2.734269440023754,2.7541308403015137,30240,0.0,0.0
1991-08-05 00:00:00-04:00,2.7541297689352904,2.773991525162077,2.7541297689352904,2.7607502937316895,313200,0.0,0.0
1991-08-06 00:00:00-04:00,2.7475097825441503,2.76737117767334,2.7475097825441503,2.76737117767334,25920,0.0,0.0
1991-08-07 00:00:00-04:00,2.773991229373288,2.780611753463745,2.7673705234452606,2.780611753463745,71280,0.0,0.0
1991-08-08 00:00:00-04:00,2.76737117767334,2.7739918851665535,2.754130126362138,2.76737117767334,84960,0.0,0.0
1991-08-09 00:00:00-04:00,2.7342683627163673,2.7408888874796733,2.7210274950273434,2.7276480197906494,90720,0.0,0.0
1991-08-12 00:00:00-04:00,2.7144069702640374,2.7276480197906494,2.6879248712108126,2.7276480197906494,151200,0.0,0.0
1991-08-13 00:00:00-04:00,2.7210271916111273,2.7210271916111273,2.7011654376983643,2.7011654376983643,128880,0.0,0.0
1991-08-14 00:00:00-04:00,2.6945440769195557,2.7011645988887083,2.6879237367879147,2.6945440769195557,37440,0.0,0.0
1991-08-15 00:00:00-04:00,2.6879239495321876,2.7011648126809713,2.6614420413970947,2.6614420413970947,167760,0.0,0.0
1991-08-16 00:00:00-04:00,2.668063460013231,2.668063460013231,2.634960654591685,2.6482017040252686,141840,0.0,0.0
1991-08-19 00:00:00-04:00,2.502551852371425,2.542275018872276,2.502551852371425,2.5224132537841797,86400,0.0,0.0
1991-08-20 00:00:00-04:00,2.535653473168207,2.542273998260498,2.529032766238319,2.542273998260498,50400,0.0,0.0
1991-08-21 00:00:00-04:00,2.6084778368331074,2.6945440769195557,2.6084778368331074,2.6945440769195557,54720,0.0,0.0
1991-08-22 00:00:00-04:00,2.734268785050881,2.740889310836792,2.7210279153166756,2.740889310836792,41040,0.0,0.0
1991-08-23 00:00:00-04:00,2.7408888874796733,2.7408888874796733,2.7210274950273434,2.7276480197906494,28080,0.0,0.0
1991-08-26 00:00:00-04:00,2.721027903227419,2.721027903227419,2.6680638790130615,2.6680638790130615,138240,0.0,0.0
1991-08-27 00:00:00-04:00,2.681303427039033,2.6879239495321876,2.65482151890394,2.6614420413970947,303840,0.0,0.0
1991-08-28 00:00:00-04:00,2.6746835234356725,2.7011654376983643,2.6746835234356725,2.7011654376983643,85680,0.0,0.0
1991-08-29 00:00:00-04:00,2.7011654376983643,2.7077859617234292,2.7011654376983643,2.7011654376983643,84240,0.0,0.0
1991-08-30 00:00:00-04:00,2.701165967152372,2.701165967152372,2.6746840476989746,2.6746840476989746,35280,0.0,0.0
1991-09-03 00:00:00-04:00,2.721028567117801,2.7541308403015137,2.721028567117801,2.7541308403015137,108000,0.0,0.0
1991-09-04 00:00:00-04:00,2.7541308403015137,2.7673718950451267,2.7541308403015137,2.7541308403015137,18000,0.0,0.0
1991-09-05 00:00:00-04:00,2.7541297689352904,2.7607502937316895,2.7541297689352904,2.7607502937316895,5040,0.0,0.0
1991-09-06 00:00:00-04:00,2.7607506520177387,2.76737117767334,2.7475097825441503,2.76737117767334,34560,0.0,0.0
1991-09-09 00:00:00-04:00,2.767370880732163,2.793852980513015,2.767370880732163,2.7872326374053955,127440,0.0,0.0
1991-09-10 00:00:00-04:00,2.8070943355560303,2.8070943355560303,2.7938532842262007,2.8070943355560303,34560,0.0,0.0
1991-09-11 00:00:00-04:00,2.8203352050482464,2.8203352050482464,2.8004738098911157,2.8070943355560303,10800,0.0,0.0
1991-09-12 00:00:00-04:00,2.7938532842262007,2.8203352050482464,2.7938532842262007,2.8070943355560303,104400,0.0,0.0
1991-09-13 00:00:00-04:00,2.8070943355560303,2.8070943355560303,2.7938532842262007,2.8070943355560303,20880,0.0,0.0
1991-09-16 00:00:00-04:00,2.7938527376306572,2.7938527376306572,2.773991346359253,2.773991346359253,70560,0.0,0.0
1991-09-17 00:00:00-04:00,2.7806121124601826,2.7872326374053955,2.7806121124601826,2.7872326374053955,51120,0.0,0.0
1991-09-18 00:00:00-04:00,2.76075136767332,2.76075136767332,2.7541308403015137,2.7541308403015137,558000,0.0,0.0
1991-09-19 00:00:00-04:00,2.754130126362138,2.76737117767334,2.754130126362138,2.76737117767334,205200,0.0,0.0
1991-09-20 00:00:00-04:00,2.7541297689352904,2.773991525162077,2.7541297689352904,2.7607502937316895,36720,0.0,0.0
1991-09-23 00:00:00-04:00,2.76075136767332,2.7739926042545937,2.7541308403015137,2.7541308403015137,72000,0.0,0.0
1991-09-24 00:00:00-04:00,2.767370880732163,2.7872326374053955,2.767370880732163,2.7872326374053955,33840,0.0,0.0
1991-09-25 00:00:00-04:00,2.8004732620003177,2.8070937863699785,2.773991346359253,2.773991346359253,182160,0.0,0.0
1991-09-26 00:00:00-04:00,2.7872329403988996,2.813714679383332,2.7872329403988996,2.8070943355560303,38880,0.0,0.0
1991-09-27 00:00:00-04:00,2.8070950466983255,2.846818210751179,2.8070950466983255,2.8335771560668945,88560,0.0,0.0
1991-09-30 00:00:00-04:00,2.8733003626729836,2.899782657623291,2.8534389596762018,2.899782657623291,55440,0.0,0.0
1991-10-01 00:00:00-04:00,2.9196427524780173,2.9395041465759277,2.9196427524780173,2.9395041465759277,26640,0.0,0.0
1991-10-02 00:00:00-04:00,2.9527453790372076,2.9527453790372076,2.9395041465759277,2.9395041465759277,123840,0.0,0.0
1991-10-03 00:00:00-04:00,2.926263809606632,2.9328841542840425,2.913022756576538,2.913022756576538,57600,0.0,0.0
1991-10-04 00:00:00-04:00,2.926263809606632,2.926263809606632,2.913022756576538,2.913022756576538,141840,0.0,0.0
1991-10-07 00:00:00-04:00,2.8997810461773192,2.8997810461773192,2.8799192905426025,2.8799192905426025,19440,0.0,0.0
1991-10-08 00:00:00-04:00,2.8865406466203134,2.8997818814701724,2.833576798246696,2.8401973247528076,90000,0.0,0.0
1991-10-09 00:00:00-04:00,2.807094874399553,2.8137152194976807,2.793853820528001,2.8137152194976807,231120,0.0,0.0
1991-10-10 00:00:00-04:00,2.8137152194976807,2.8203357464334564,2.8137152194976807,2.8137152194976807,5040,0.0,0.0
1991-10-11 00:00:00-04:00,2.8203344345092773,2.8203344345092773,2.8203344345092773,2.8203344345092773,2160,0.0,0.0
1991-10-14 00:00:00-04:00,2.8137139106531452,2.8269549583654094,2.8004730447784443,2.8203344345092773,14400,0.0,0.0
1991-10-15 00:00:00-04:00,2.807094874399553,2.8137152194976807,2.8004743474637768,2.8137152194976807,203760,0.0,0.0
1991-10-16 00:00:00-04:00,2.8269549583654094,2.8269549583654094,2.8203344345092773,2.8203344345092773,14400,0.0,0.0
1991-10-17 00:00:00-04:00,2.833576387301491,2.873299176902007,2.833576387301491,2.860058307647705,17280,0.0,0.0
1991-10-18 00:00:00-04:00,2.8732998371124268,2.8799203641796094,2.8666794918828957,2.8732998371124268,41040,0.0,0.0
1991-10-21 00:00:00-04:00,2.8865398151416466,2.8997810461773192,2.8799192905426025,2.8799192905426025,25920,0.0,0.0
1991-10-22 00:00:00-04:00,2.9130229329689175,2.9196434598848575,2.906402587890625,2.906402587890625,95040,0.0,0.0
1991-10-23 00:00:00-04:00,2.9262635707855225,2.9328839149226265,2.91302251883607,2.9262635707855225,146880,0.0,0.0
1991-10-24 00:00:00-04:00,2.913022999515524,2.913022999515524,2.8732998371124268,2.8732998371124268,124560,0.0,0.0
1991-10-25 00:00:00-04:00,2.8799192905426025,2.8799192905426025,2.873298765943558,2.8799192905426025,135360,0.0,0.0
1991-10-28 00:00:00-05:00,2.899782060974685,2.9130229329689175,2.893161534058745,2.906402587890625,103680,0.0,0.0
1991-10-29 00:00:00-05:00,2.9130231131926476,2.932884513331611,2.8865410038904846,2.9196436405181885,69120,0.0,0.0
1991-10-30 00:00:00-05:00,2.9395049801654385,2.9527462163816893,2.9328844529761406,2.9461255073547363,86400,0.0,0.0
1991-10-31 00:00:00-05:00,2.959367707623287,2.9659882369693076,2.926265060893183,2.9328854084014893,72000,0.0,0.0
1991-11-01 00:00:00-05:00,2.9328830896050295,2.9659858920011053,2.9328830896050295,2.9593653678894043,74160,0.0,0.0
1991-11-04 00:00:00-05:00,2.9792275428771973,2.9858480687322153,2.9792275428771973,2.9792275428771973,38880,0.0,0.0
1991-11-05 00:00:00-05:00,2.9858483698202267,3.005709767550453,2.9858483698202267,2.999089241027832,30960,0.0,0.0
1991-11-06 00:00:00-05:00,2.9924671714035123,3.0057082176208496,2.9924671714035123,3.0057082176208496,10080,0.0,0.0
1991-11-07 00:00:00-05:00,3.0123294090173274,3.0520523722465147,3.0123294090173274,3.0321907997131348,77040,0.0,0.0
1991-11-08 00:00:00-05:00,3.131498932627189,3.151360325037027,3.0983961270438907,3.1050164699554443,170640,0.0,0.0
1991-11-11 00:00:00-05:00,3.1182581760632084,3.1513609886169434,3.1182581760632084,3.1513609886169434,65520,0.0,0.0
1991-11-12 00:00:00-05:00,3.151359931347484,3.191083074879848,3.151359931347484,3.1778416633605957,86400,0.0,0.0
1991-11-13 00:00:00-05:00,3.177841593118144,3.1910830043447103,3.15798020362854,3.15798020362854,21600,0.0,0.0
1991-11-14 00:00:00-05:00,3.1778427927864072,3.1844631372238155,3.1646017402363302,3.171222448348999,231120,0.0,0.0
1991-11-15 00:00:00-05:00,3.1579813956432967,3.184463137066885,3.144740343093872,3.144740343093872,131040,0.0,0.0
1991-11-18 00:00:00-05:00,3.1447404054456234,3.171222511069541,3.1447404054456234,3.1646018028259277,41040,0.0,0.0
1991-11-19 00:00:00-05:00,3.1248786977341414,3.1248786977341414,3.052053451538086,3.052053451538086,261360,0.0,0.0
1991-11-20 00:00:00-05:00,3.118258538287187,3.1248788833618164,3.118258538287187,3.1248788833618164,93600,0.0,0.0
1991-11-21 00:00:00-05:00,3.1381211280822754,3.1381211280822754,3.1248797070919374,3.1381211280822754,30240,0.0,0.0
1991-11-22 00:00:00-05:00,3.1646006155164743,3.2043237590488385,3.1646006155164743,3.1778416633605957,42480,0.0,0.0
1991-11-25 00:00:00-05:00,3.1844631373781476,3.197704553604126,3.1844631373781476,3.197704553604126,34560,0.0,0.0
1991-11-26 00:00:00-05:00,3.217565950436638,3.217565950436638,3.1646017402363302,3.171222448348999,48960,0.0,0.0
1991-11-27 00:00:00-05:00,3.1579816997608496,3.1579816997608496,3.111638193212557,3.1248788833618164,28800,0.0,0.0
1991-11-29 00:00:00-05:00,3.106479758680339,3.126478433609009,3.093147552853833,3.126478433609009,118800,0.05625,0.0
1991-12-02 00:00:00-05:00,3.1131465763738393,3.146477460861206,3.106480106525205,3.146477460861206,155520,0.0,0.0
1991-12-03 00:00:00-05:00,3.1331449027111717,3.1331449027111717,3.1198123306957557,3.126478433609009,61920,0.0,0.0
1991-12-04 00:00:00-05:00,3.159810400558474,3.159810400558474,3.139811357201523,3.146477460861206,113040,0.0,0.0
1991-12-05 00:00:00-05:00,3.146477460861206,3.146477460861206,3.13314525354184,3.146477460861206,15840,0.0,0.0
1991-12-06 00:00:00-05:00,3.1398112164358642,3.199807611439027,3.1398112164358642,3.1864750385284424,133200,0.0,0.0
1991-12-09 00:00:00-05:00,3.186474462715193,3.2598034173779995,3.186474462715193,3.239804744720459,151200,0.0,0.0
1991-12-10 00:00:00-05:00,3.2331372989089266,3.246469497680664,3.2331372989089266,3.246469497680664,43920,0.0,0.0
1991-12-11 00:00:00-05:00,3.246469497680664,3.2598020626411173,3.246469497680664,3.246469497680664,108720,0.0,0.0
1991-12-12 00:00:00-05:00,3.293135974494421,3.3331336975097656,3.293135974494421,3.3331336975097656,61200,0.0,0.0
1991-12-13 00:00:00-05:00,3.333134273397449,3.333134273397449,3.299802648697916,3.3198013305664062,112320,0.0,0.0
1991-12-16 00:00:00-05:00,3.313133716583252,3.3397988577243156,3.306467248203551,3.313133716583252,111600,0.0,0.0
1991-12-17 00:00:00-05:00,3.326465920964914,3.3397988577243156,3.313133716583252,3.313133716583252,15120,0.0,0.0
1991-12-18 00:00:00-05:00,3.313133716583252,3.326465920964914,3.306467248203551,3.313133716583252,15840,0.0,0.0
1991-12-19 00:00:00-05:00,3.3131352253399218,3.3198013305664062,3.3131352253399218,3.3198013305664062,3600,0.0,0.0
1991-12-20 00:00:00-05:00,3.333132939715116,3.3597977161407466,3.319800002218965,3.359797716140747,15840,0.0,0.0
1991-12-23 00:00:00-05:00,3.3731311949963523,3.3864634037017822,3.359798620101933,3.3864634037017822,16560,0.0,0.0
1991-12-24 00:00:00-05:00,3.38646235684618,3.4131278645809107,3.38646235684618,3.3997952938079834,12960,0.0,0.0
1991-12-26 00:00:00-05:00,3.386462846649126,3.386462846649126,3.373130640136763,3.3797967433929443,9360,0.0,0.0
1991-12-27 00:00:00-05:00,3.3664643285820697,3.3931298414242197,3.3664643285820697,3.3731307983398438,10800,0.0,0.0
1991-12-30 00:00:00-05:00,3.359797872951776,3.4931232260581537,3.359797872951776,3.4664580821990967,39600,0.0,0.0
1991-12-31 00:00:00-05:00,3.5531197397941567,3.57311878147605,3.5531197397941567,3.559785842895508,38160,0.0,0.0
1992-01-02 00:00:00-05:00,3.586450109477673,3.586450109477673,3.5597849712238245,3.566451072692871,68400,0.0,0.0
1992-01-03 00:00:00-05:00,3.559786128158471,3.5664522317940093,3.526454877602881,3.533121347427368,61200,0.0,0.0
1992-01-06 00:00:00-05:00,3.559785842895508,3.57311878147605,3.559785842895508,3.559785842895508,43200,0.0,0.0
1992-01-07 00:00:00-05:00,3.546454429626465,3.546454429626465,3.5331222190662652,3.546454429626465,95760,0.0,0.0
1992-01-08 00:00:00-05:00,3.5197873940036,3.5264534950256343,3.5197873940036,3.5264534950256348,31680,0.0,0.0
1992-01-09 00:00:00-05:00,3.539788719062179,3.539788719062179,3.5064570903778076,3.5064570903778076,25920,0.0,0.0
1992-01-10 00:00:00-05:00,3.479792140039996,3.479792140039996,3.3997970404929023,3.406463146209717,59760,0.0,0.0
1992-01-13 00:00:00-05:00,3.4197933955418205,3.453125,3.4197933955418205,3.453125,62640,0.0,0.0
1992-01-14 00:00:00-05:00,3.4531241400409276,3.506453668564256,3.4531241400409276,3.4997875690460205,41040,0.0,0.0
1992-01-15 00:00:00-05:00,3.486456790495391,3.486456790495391,3.4731245846266794,3.479790687561035,10080,0.0,0.0
1992-01-16 00:00:00-05:00,3.4664567296346163,3.4797892963619574,3.4197929291833034,3.4331254959106445,29520,0.0,0.0
1992-01-17 00:00:00-05:00,3.426459496720168,3.4597911011783475,3.426459496720168,3.453125,30960,0.0,0.0
1992-01-20 00:00:00-05:00,3.4397919178009033,3.4531248519636404,3.4397919178009033,3.4397919178009033,12960,0.0,0.0
1992-01-21 00:00:00-05:00,3.446458742229916,3.453125576899693,3.3997952938079834,3.3997952938079834,36000,0.0,0.0
1992-01-22 00:00:00-05:00,3.419795591166543,3.4397942737302314,3.419795591166543,3.426461696624756,61920,0.0,0.0
1992-01-23 00:00:00-05:00,3.433126414517781,3.433126414517781,3.4197938442230225,3.4197938442230225,14400,0.0,0.0
1992-01-24 00:00:00-05:00,3.419795591166543,3.4331281682720185,3.3997969086028546,3.426461696624756,40320,0.0,0.0
1992-01-27 00:00:00-05:00,3.426461565242922,3.4531270846204785,3.426461565242922,3.446460247039795,21600,0.0,0.0
1992-01-28 00:00:00-05:00,3.453125,3.4664572023566946,3.4331259640873295,3.453125,56880,0.0,0.0
1992-01-29 00:00:00-05:00,3.493123769760132,3.5331214917743314,3.493123769760132,3.493123769760132,39600,0.0,0.0
1992-01-30 00:00:00-05:00,3.5064570903778076,3.5197900348028206,3.499790984354382,3.5064570903778076,22320,0.0,0.0
1992-01-31 00:00:00-05:00,3.5131226384903105,3.5197887420654297,3.5131226384903105,3.5197887420654297,5760,0.0,0.0
1992-02-03 00:00:00-05:00,3.5331210643011834,3.57311878147605,3.5331210643011834,3.559785842895508,43200,0.0,0.0
1992-02-04 00:00:00-05:00,3.579784008008626,3.5931165771355498,3.5397863006278536,3.566451072692871,106560,0.0,0.0
1992-02-05 00:00:00-05:00,3.559785435053984,3.5864505767822266,3.559785435053984,3.5864505767822266,11520,0.0,0.0
1992-02-06 00:00:00-05:00,3.5864502922562815,3.599782862062682,3.579784190447506,3.5931167602539062,53280,0.0,0.0
1992-02-07 00:00:00-05:00,3.579784008008626,3.6197813492005677,3.5664510726928715,3.566451072692871,25920,0.0,0.0
1992-02-10 00:00:00-05:00,3.5664510726928715,3.586450109477673,3.5664510726928715,3.566451072692871,10800,0.0,0.0
1992-02-11 00:00:00-05:00,3.5664510726928715,3.573117906539579,3.5597849712238245,3.566451072692871,28800,0.0,0.0
1992-02-12 00:00:00-05:00,3.5664508335354532,3.5664508335354532,3.5264534950256343,3.5264534950256348,41040,0.0,0.0
1992-02-13 00:00:00-05:00,3.519786599978173,3.519786599978173,3.4997875690460205,3.4997875690460205,43920,0.0,0.0
1992-02-14 00:00:00-05:00,3.513122670331804,3.533121347427368,3.4997897306828283,3.533121347427368,16560,0.0,0.0
1992-02-18 00:00:00-05:00,3.5197887420654297,3.5197887420654297,3.5064558025372987,3.5197887420654297,12240,0.0,0.0
1992-02-19 00:00:00-05:00,3.53312071320439,3.573118426404564,3.5197881421376658,3.5397868156433105,38160,0.0,0.0
1992-02-20 00:00:00-05:00,3.5397874510629066,3.553120024522933,3.533121347427368,3.533121347427368,45360,0.0,0.0
1992-02-21 00:00:00-05:00,3.5664510726928715,3.573117906539579,3.5464524020969,3.566451072692871,26640,0.0,0.0
1992-02-24 00:00:00-05:00,3.5797836797788736,3.619781017303467,3.566450745685614,3.619781017303467,27360,0.0,0.0
1992-02-25 00:00:00-05:00,3.6264481637243557,3.6264481637243557,3.4664580351206755,3.4731245040893555,51120,0.0,0.0
1992-02-26 00:00:00-05:00,3.459792517842781,3.5131228138617137,3.459792517842781,3.493123769760132,110160,0.0,0.0
1992-02-27 00:00:00-05:00,3.493122862561057,3.4997889647376876,3.473124189842295,3.4864563941955566,16560,0.0,0.0
1992-02-28 00:00:00-05:00,3.473124918472755,3.533121315404615,3.45979234513357,3.5197887420654297,68400,0.0,0.0
1992-03-02 00:00:00-05:00,3.506455465487369,3.506455465487369,3.4531259096347013,3.479790687561035,36000,0.0,0.0
1992-03-03 00:00:00-05:00,3.479790654128625,3.479790654128625,3.4664580821990967,3.4664580821990967,42480,0.0,0.0
1992-03-04 00:00:00-05:00,3.479790654128625,3.479790654128625,3.4664580821990967,3.4664580821990967,9360,0.0,0.0
1992-03-05 00:00:00-05:00,3.453125,3.4597911011783475,3.4331259640873295,3.453125,15120,0.0,0.0
1992-03-06 00:00:00-05:00,3.4397941418371825,3.459793189823091,3.426461565242922,3.446460247039795,18720,0.0,0.0
1992-03-09 00:00:00-05:00,3.439792971388168,3.479790687561035,3.439792971388168,3.479790687561035,228960,0.0,0.0
1992-03-10 00:00:00-05:00,3.493123769760132,3.4997898736680164,3.486457299663283,3.493123769760132,47520,0.0,0.0
1992-03-11 00:00:00-05:00,3.479789621722718,3.479789621722718,3.4131271480418257,3.4397919178009033,45360,0.0,0.0
1992-03-12 00:00:00-05:00,3.426460227948454,3.426460227948454,3.393129348754883,3.393129348754883,24480,0.0,0.0
1992-03-13 00:00:00-05:00,3.3797972993490673,3.3864634037017822,3.3731311949963523,3.3864634037017822,12240,0.0,0.0
1992-03-16 00:00:00-05:00,3.3664640242851243,3.3664640242851243,3.3464653491973877,3.3464653491973877,11520,0.0,0.0
1992-03-17 00:00:00-05:00,3.3731301522621284,3.4264600691649627,3.3731301522621284,3.3997952938079834,112320,0.0,0.0
1992-03-18 00:00:00-05:00,3.4131271480418257,3.4397919178009033,3.3864616459051504,3.4397919178009033,12960,0.0,0.0
1992-03-19 00:00:00-05:00,3.413128001369789,3.413128001369789,3.3597977161407466,3.359797716140747,25920,0.0,0.0
1992-03-20 00:00:00-05:00,3.333134273397449,3.333134273397449,3.3064687539244004,3.3198013305664062,15840,0.0,0.0
1992-03-23 00:00:00-05:00,3.346464277256357,3.373129412957892,3.333132075594385,3.3664629459381104,679680,0.0,0.0
1992-03-24 00:00:00-05:00,3.3797955137888778,3.3864616146198636,3.3664629459381104,3.3664629459381104,241200,0.0,0.0
1992-03-25 00:00:00-05:00,3.3664643285820697,3.379796901908672,3.3531321214444136,3.3731307983398438,142560,0.0,0.0
1992-03-26 00:00:00-05:00,3.3597977161407466,3.3597977161407466,3.3597977161407466,3.359797716140747,23040,0.0,0.0
1992-03-27 00:00:00-05:00,3.3531323759229514,3.3597984799976888,3.3331336975097656,3.3331336975097656,15840,0.0,0.0
1992-03-30 00:00:00-05:00,3.339799801584503,3.339799801584503,3.3198007569823442,3.3331336975097656,10080,0.0,0.0
1992-03-31 00:00:00-05:00,3.3331336836981196,3.3331336836981196,3.29980206489563,3.29980206489563,262080,0.0,0.0
1992-04-01 00:00:00-05:00,3.3131346391788314,3.319800743225946,3.2864694906124283,3.29980206489563,22320,0.0,0.0
1992-04-02 00:00:00-05:00,3.3198006948324075,3.3264667987823486,3.3198006948324075,3.3264667987823486,85680,0.0,0.0
1992-04-03 00:00:00-05:00,3.333133635110223,3.339799739060165,3.3264667987823486,3.3264667987823486,30240,0.0,0.0
1992-04-06 00:00:00-04:00,3.339799042274301,3.3731302874480074,3.339799042274301,3.359797716140747,16560,0.0,0.0
1992-04-07 00:00:00-04:00,3.3864634037017822,3.3997963447851904,3.3731311949963523,3.3864634037017822,8640,0.0,0.0
1992-04-08 00:00:00-04:00,3.3931296822831643,3.399795785539346,3.3797967433929443,3.3797967433929443,12960,0.0,0.0
1992-04-09 00:00:00-04:00,3.366462306943773,3.4131264686584473,3.3597962073780914,3.4131264686584473,29520,0.0,0.0
1992-04-10 00:00:00-04:00,3.4155772921717293,3.4427931308746333,3.4155772921717293,3.442793130874634,72720,0.17986,0.0
1992-04-13 00:00:00-04:00,3.4427937892633573,3.4427937892633573,3.4291858673095703,3.4291858673095703,2880,0.0,0.0
1992-04-14 00:00:00-04:00,3.4427918487118463,3.4632039070129395,3.4427918487118463,3.4632039070129395,41760,0.0,0.0
1992-04-15 00:00:00-04:00,3.476813113409586,3.497224807739258,3.476813113409586,3.497224807739258,28800,0.0,0.0
1992-04-16 00:00:00-04:00,3.4972239363117548,3.510831853724613,3.483616392650371,3.504028081893921,48960,0.0,0.0
1992-04-20 00:00:00-04:00,3.490420541546252,3.490420541546252,3.4700088500976562,3.4700088500976562,2160,0.0,0.0
1992-04-21 00:00:00-04:00,3.4700098685186744,3.510833263397217,3.4700098685186744,3.510833263397217,177120,0.0,0.0
1992-04-22 00:00:00-04:00,3.4972253405204947,3.5176370379597657,3.4972253405204947,3.510833263397217,18000,0.0,0.0
1992-04-23 00:00:00-04:00,3.510831336212619,3.5176351070404053,3.510831336212619,3.5176351070404053,59040,0.0,0.0
1992-04-24 00:00:00-04:00,3.517635055057895,3.565262945154244,3.517635055057895,3.524439573287964,61920,0.0,0.0
1992-04-27 00:00:00-04:00,3.538048801329669,3.551656723022461,3.5244412533884693,3.551656723022461,45360,0.0,0.0
1992-04-28 00:00:00-04:00,3.538048801329669,3.551656723022461,3.517636731914686,3.551656723022461,418320,0.0,0.0
1992-04-29 00:00:00-04:00,3.538047114742448,3.538047114742448,3.5040275136034102,3.524439573287964,112320,0.0,0.0
1992-04-30 00:00:00-04:00,3.538048267364502,3.551656187003575,3.538048267364502,3.538048267364502,58320,0.0,0.0
1992-05-01 00:00:00-04:00,3.5516550100988487,3.5516550100988487,3.5176350353985284,3.531243324279785,198720,0.0,0.0
1992-05-04 00:00:00-04:00,3.544852414059806,3.551656187003575,3.5108324280863554,3.538048267364502,23040,0.0,0.0
1992-05-05 00:00:00-04:00,3.5244412533884693,3.558460496993061,3.5244412533884693,3.551656723022461,196560,0.0,0.0
1992-05-06 00:00:00-04:00,3.565263692042889,3.6196949905179037,3.5584595461388298,3.6060874462127686,23040,0.0,0.0
1992-05-07 00:00:00-04:00,3.606086281353849,3.6333017349243164,3.606086281353849,3.6333017349243164,20160,0.0,0.0
1992-05-08 00:00:00-04:00,3.667322892497752,3.6945383548736577,3.667322892497752,3.6945383548736572,109440,0.0,0.0
1992-05-11 00:00:00-04:00,3.7013425057743787,3.7693824768066406,3.7013425057743787,3.7693824768066406,14400,0.0,0.0
1992-05-12 00:00:00-04:00,3.7693812927682306,3.7693812927682306,3.7421650886535645,3.7421650886535645,13680,0.0,0.0
1992-05-13 00:00:00-04:00,3.755773764046217,3.755773764046217,3.728558301925659,3.728558301925659,5760,0.0,0.0
1992-05-14 00:00:00-04:00,3.728558555760431,3.728558555760431,3.701342344284057,3.7013423442840576,89280,0.0,0.0
1992-05-15 00:00:00-04:00,3.714949876282124,3.721753647444547,3.6401061509868495,3.6809298992156982,155520,0.0,0.0
1992-05-18 00:00:00-04:00,3.6945383548736577,3.701342127029761,3.687734582717554,3.6945383548736572,12240,0.0,0.0
1992-05-19 00:00:00-04:00,3.7081459048373757,3.714949675632317,3.6605180142671183,3.6673221588134766,159120,0.0,0.0
1992-05-20 00:00:00-04:00,3.660517562246155,3.6673217059523,3.619693821263397,3.6333017349243164,35280,0.0,0.0
1992-05-21 00:00:00-04:00,3.619693821263397,3.6401055048790907,3.619693821263397,3.6333017349243164,23760,0.0,0.0
1992-05-22 00:00:00-04:00,3.612891674041748,3.626499593814675,3.612891674041748,3.612891674041748,18000,0.0,0.0
1992-05-26 00:00:00-04:00,3.5992844435964786,3.6333040626683957,3.5992844435964786,3.6196961402893066,7920,0.0,0.0
1992-05-27 00:00:00-04:00,3.578869121525645,3.5924774052923674,3.565261585261464,3.5720653533935547,30240,0.0,0.0
1992-05-28 00:00:00-04:00,3.5720674037765376,3.5992832394294543,3.5652636317390507,3.5924794673919678,72720,0.0,0.0
1992-05-29 00:00:00-04:00,3.5788715107186846,3.6333031871181416,3.5788715107186846,3.6264994144439697,19440,0.0,0.0
1992-06-01 00:00:00-04:00,3.6128923659755676,3.6196961402893066,3.606088591661828,3.6196961402893066,14400,0.0,0.0
1992-06-02 00:00:00-04:00,3.633303143834494,3.6401069164276123,3.619695224896741,3.6401069164276123,4320,0.0,0.0
1992-06-03 00:00:00-04:00,3.619693821263397,3.6333017349243164,3.612890051308623,3.6333017349243164,14400,0.0,0.0
1992-06-04 00:00:00-04:00,3.619693821263397,3.6333017349243164,3.612890051308623,3.6333017349243164,54000,0.0,0.0
1992-06-05 00:00:00-04:00,3.6605182119769926,3.6877340441295585,3.6605182119769926,3.6809298992156982,14400,0.0,0.0
1992-06-08 00:00:00-04:00,3.6673232696847995,3.680930815396553,3.6605191230773926,3.6605191230773926,10800,0.0,0.0
1992-06-09 00:00:00-04:00,3.6673232696847995,3.680930815396553,3.6605191230773926,3.6605191230773926,11520,0.0,0.0
1992-06-10 00:00:00-04:00,3.68773430367648,3.68773430367648,3.674126386642456,3.674126386642456,64800,0.0,0.0
1992-06-11 00:00:00-04:00,3.6877341270446777,3.7013416696754757,3.6877341270446777,3.6877341270446777,187200,0.0,0.0
1992-06-12 00:00:00-04:00,3.721755551912507,3.721755551912507,3.7081480026245117,3.7081480026245117,12240,0.0,0.0
1992-06-15 00:00:00-04:00,3.714951753616333,3.728559676569319,3.714951753616333,3.714951753616333,16560,0.0,0.0
1992-06-16 00:00:00-04:00,3.7625779564512727,3.7693824768066406,3.7625779564512727,3.7693824768066406,32400,0.0,0.0
1992-06-17 00:00:00-04:00,3.7625774387019417,3.789793647620679,3.7625774387019417,3.782989501953125,54720,0.0,0.0
1992-06-18 00:00:00-04:00,3.776188850402832,3.803404334307494,3.776188850402832,3.776188850402832,95760,0.0,0.0
1992-06-19 00:00:00-04:00,3.830617921222242,3.830617921222242,3.8034017086029053,3.8034017086029053,250560,0.0,0.0
1992-06-22 00:00:00-04:00,3.7897941691150954,3.7897941691150954,3.7693824768066406,3.7693824768066406,69840,0.0,0.0
1992-06-23 00:00:00-04:00,3.782989501953125,3.789793647620679,3.7761857300370494,3.782989501953125,13680,0.0,0.0
1992-06-24 00:00:00-04:00,3.7965981556507917,3.837421916316909,3.7965981556507917,3.830618143081665,165600,0.0,0.0
1992-06-25 00:00:00-04:00,3.8714406490325928,3.8850481924066234,3.8714406490325928,3.8714406490325928,33840,0.0,0.0
1992-06-26 00:00:00-04:00,3.871440128450621,3.871440128450621,3.8510284423828125,3.8510284423828125,13680,0.0,0.0
1992-06-29 00:00:00-04:00,3.8714413423746383,3.8986571814997557,3.8714413423746383,3.8782451152801514,19440,0.0,0.0
1992-06-30 00:00:00-04:00,3.8918534085942427,3.8986571814997557,3.8782451152801514,3.8782451152801514,49680,0.0,0.0
1992-07-01 00:00:00-04:00,3.864637383009436,3.8850490764667187,3.810206075872831,3.830618143081665,64080,0.0,0.0
1992-07-02 00:00:00-04:00,3.851029649906567,3.8782451152801514,3.8374217303440084,3.8782451152801514,69840,0.0,0.0
1992-07-06 00:00:00-04:00,3.8782451152801514,3.885048888185664,3.8646371957175925,3.8782451152801514,61200,0.0,0.0
1992-07-07 00:00:00-04:00,3.898656129837036,3.898656129837036,3.891852358766841,3.898656129837036,55440,0.0,0.0
1992-07-08 00:00:00-04:00,3.898656129837036,3.898656129837036,3.891852358766841,3.898656129837036,8640,0.0,0.0
1992-07-09 00:00:00-04:00,3.891852358766841,3.898656129837036,3.885047840193782,3.898656129837036,35280,0.0,0.0
1992-07-10 00:00:00-04:00,3.8986571814997557,3.912265101062314,3.8714413423746383,3.8782451152801514,87840,0.0,0.0
1992-07-13 00:00:00-04:00,3.891853526697788,3.91226521978528,3.891853526697788,3.905461072921753,25200,0.0,0.0
1992-07-14 00:00:00-04:00,3.8918531116086115,3.9190685749053955,3.8918531116086115,3.9190685749053955,283680,0.0,0.0
1992-07-15 00:00:00-04:00,3.93267599433437,3.93267599433437,3.9258718490600586,3.9258718490600586,10080,0.0,0.0
1992-07-16 00:00:00-04:00,3.980302399672787,3.993910312652588,3.9734986300585624,3.993910312652588,69120,0.0,0.0
1992-07-17 00:00:00-04:00,4.021126138612189,4.021126138612189,3.993910312652588,3.993910312652588,126720,0.0,0.0
1992-07-20 00:00:00-04:00,3.9735002490019724,3.9735002490019724,3.9190685749053955,3.9190685749053955,11520,0.0,0.0
1992-07-21 00:00:00-04:00,3.8986572998097704,3.9190689928972624,3.8986572998097704,3.905461072921753,188640,0.0,0.0
1992-07-22 00:00:00-04:00,3.885048888185664,3.8918534085942427,3.8782451152801514,3.8782451152801514,29520,0.0,0.0
1992-07-23 00:00:00-04:00,3.8918534085942427,3.8918534085942427,3.8782451152801514,3.8782451152801514,77760,0.0,0.0
1992-07-24 00:00:00-04:00,3.885048163018524,3.885048163018524,3.7897934913635254,3.7897934913635254,133200,0.0,0.0
1992-07-27 00:00:00-04:00,3.8102053985770437,3.83742123418328,3.789793708748109,3.796597480773926,187200,0.0,0.0
1992-07-28 00:00:00-04:00,3.8102056188602416,3.8646369194681203,3.8102056188602416,3.85783314704895,117360,0.0,0.0
1992-07-29 00:00:00-04:00,3.885049006082717,3.91226521978528,3.885049006082717,3.905461072921753,84240,0.0,0.0
1992-07-30 00:00:00-04:00,3.891852358766841,3.898656129837036,3.885047840193782,3.898656129837036,12960,0.0,0.0
1992-07-31 00:00:00-04:00,3.91226521978528,3.91226521978528,3.8986572998097704,3.905461072921753,16560,0.0,0.0
1992-08-03 00:00:00-04:00,3.9258721144657813,3.9871075573170773,3.9258721144657813,3.9735000133514404,11520,0.0,0.0
1992-08-04 00:00:00-04:00,3.97349908585268,3.97349908585268,3.939479112625122,3.939479112625122,7920,0.0,0.0
1992-08-05 00:00:00-04:00,3.9258709794475837,3.9326751232147217,3.9258709794475837,3.9326751232147217,14400,0.0,0.0
1992-08-06 00:00:00-04:00,3.905461072921753,3.9258727660092445,3.905461072921753,3.905461072921753,22320,0.0,0.0
1992-08-07 00:00:00-04:00,3.946284716154822,3.9666967843234855,3.946284716154822,3.9530892372131348,134640,0.0,0.0
1992-08-10 00:00:00-04:00,3.966694183473614,3.987105864507343,3.966694183473614,3.980302095413208,265680,0.0,0.0
1992-08-11 00:00:00-04:00,3.946283537380079,3.9530880564058477,3.919068077537204,3.9258718490600586,128160,0.0,0.0
1992-08-12 00:00:00-04:00,3.919068873967827,3.919068873967827,3.8782451152801514,3.8782451152801514,71280,0.0,0.0
1992-08-13 00:00:00-04:00,3.885048888185664,3.885048888185664,3.8782451152801514,3.8782451152801514,79920,0.0,0.0
1992-08-14 00:00:00-04:00,3.9054599009072315,3.919067816799054,3.898656129837036,3.898656129837036,25920,0.0,0.0
1992-08-17 00:00:00-04:00,3.91906804604857,3.9666955675802487,3.91906804604857,3.9598917961120605,31680,0.0,0.0
1992-08-18 00:00:00-04:00,3.9258718490600586,3.9258718490600586,3.9258718490600586,3.9258718490600586,92160,0.0,0.0
1992-08-19 00:00:00-04:00,3.912263439416056,3.9326751232147217,3.912263439416056,3.9326751232147217,43920,0.0,0.0
1992-08-20 00:00:00-04:00,3.9530880246438724,3.9598917961120605,3.9530880246438724,3.9598917961120605,11520,0.0,0.0
1992-08-21 00:00:00-04:00,3.9598917961120605,3.9734997127998906,3.9598917961120605,3.9598917961120605,105120,0.0,0.0
1992-08-24 00:00:00-04:00,3.9735002691397505,4.02112779733988,3.9735002691397505,4.000715732574463,1381680,0.0,0.0
1992-08-25 00:00:00-04:00,3.9598921088051235,3.9598921088051235,3.94628381729126,3.9462838172912598,61920,0.0,0.0
1992-08-26 00:00:00-04:00,3.9394800452858116,3.94628381729126,3.9394800452858116,3.9462838172912598,211680,0.0,0.0
1992-08-27 00:00:00-04:00,3.959892764312387,4.014324444372344,3.959892764312387,3.9871082305908203,248400,0.0,0.0
1992-08-28 00:00:00-04:00,3.9871082305908203,3.9871082305908203,3.9871082305908203,3.9871082305908203,720,0.0,0.0
1992-08-31 00:00:00-04:00,3.987106606640367,4.007518291473389,3.987106606640367,4.007518291473389,11520,0.0,0.0
1992-09-01 00:00:00-04:00,3.993910007352802,3.993910007352802,3.980302095413208,3.980302095413208,7200,0.0,0.0
1992-09-02 00:00:00-04:00,4.021128711613674,4.034736633300781,4.014324937645915,4.034736633300781,7920,0.0,0.0
1992-09-03 00:00:00-04:00,4.048342073169919,4.061949987771068,4.041538302745043,4.055146217346191,11520,0.0,0.0
1992-09-04 00:00:00-04:00,4.027932167053223,4.0415400876642185,4.027932167053223,4.027932167053223,18000,0.0,0.0
1992-09-08 00:00:00-04:00,4.02112779733988,4.02112779733988,3.9939119601536612,4.000715732574463,20880,0.0,0.0
1992-09-09 00:00:00-04:00,3.987105864507343,3.993910007352802,3.980302095413208,3.980302095413208,24480,0.0,0.0
1992-09-10 00:00:00-04:00,3.9666962843431564,4.014324188232422,3.9666962843431564,4.014324188232422,12960,0.0,0.0
1992-09-11 00:00:00-04:00,4.0143234628633815,4.0143234628633815,3.9598917961120605,3.9598917961120605,156960,0.0,0.0
1992-09-14 00:00:00-04:00,3.9735000133514404,3.9735000133514404,3.9666958676171395,3.9735000133514404,78480,0.0,0.0
1992-09-15 00:00:00-04:00,3.959890950780526,3.9734988645634277,3.912263439416056,3.9326751232147217,238320,0.0,0.0
1992-09-16 00:00:00-04:00,3.9190671214387756,3.9190671214387756,3.857831697666295,3.864635467529297,23760,0.0,0.0
1992-09-17 00:00:00-04:00,3.8714417120416194,3.9530892372131348,3.8714417120416194,3.9530892372131348,50400,0.0,0.0
1992-09-18 00:00:00-04:00,3.966694921807345,4.007518291473389,3.966694921807345,4.007518291473389,13680,0.0,0.0
1992-09-21 00:00:00-04:00,3.993910548362094,3.993910548362094,3.9190672094318195,3.9326751232147217,124560,0.0,0.0
1992-09-22 00:00:00-04:00,3.9326764934295397,3.9326764934295397,3.9190685749053955,3.9190685749053955,48960,0.0,0.0
1992-09-23 00:00:00-04:00,3.8918534085942427,3.8918534085942427,3.8782451152801514,3.8782451152801514,59760,0.0,0.0
1992-09-24 00:00:00-04:00,3.8918519020080566,3.8918519020080566,3.8918519020080566,3.8918519020080566,720,0.0,0.0
1992-09-25 00:00:00-04:00,3.9054599009072315,3.9054599009072315,3.891852358766841,3.898656129837036,16560,0.0,0.0
1992-09-28 00:00:00-04:00,3.9735000133514404,3.9803037853342587,3.959892095634321,3.9735000133514404,41760,0.0,0.0
1992-09-29 00:00:00-04:00,4.041539433844605,4.09597110748291,4.041539433844605,4.09597110748291,29520,0.0,0.0
1992-09-30 00:00:00-04:00,4.082362683459153,4.082362683459153,4.048342704772949,4.048342704772949,38160,0.0,0.0
1992-10-01 00:00:00-04:00,4.034735880076735,4.034735880076735,3.993912122636588,4.014324188232422,48240,0.0,0.0
1992-10-02 00:00:00-04:00,4.027931733627616,4.027931733627616,3.987107976187469,4.014324188232422,32400,0.0,0.0
1992-10-05 00:00:00-04:00,4.000714082266812,4.007517851881037,3.980302399672787,3.993910312652588,19440,0.0,0.0
1992-10-06 00:00:00-04:00,3.9803034842680787,3.9803034842680787,3.9598917961120605,3.9598917961120605,7200,0.0,0.0
1992-10-07 00:00:00-04:00,3.9462826632462495,3.9462826632462495,3.912263439416056,3.9326751232147217,12960,0.0,0.0
1992-10-08 00:00:00-04:00,3.8510287112393695,3.8510287112393695,3.810204962502259,3.8170087337493896,29520,0.0,0.0
1992-10-09 00:00:00-04:00,3.796597799591532,3.796597799591532,3.7489702701568604,3.7489702701568604,43920,0.0,0.0
1992-10-12 00:00:00-04:00,3.7829895629708075,3.796597480773926,3.7829895629708075,3.796597480773926,6480,0.0,0.0
1992-10-13 00:00:00-04:00,3.7965967812001034,3.8510284423828125,3.7965967812001034,3.8510284423828125,12960,0.0,0.0
1992-10-14 00:00:00-04:00,3.864635467529297,3.8782433810066665,3.864635467529297,3.864635467529297,15120,0.0,0.0
1992-10-15 00:00:00-04:00,3.878244169979334,3.878244169979334,3.8170087337493896,3.8170087337493896,10080,0.0,0.0
1992-10-16 00:00:00-04:00,3.8102058551956217,3.8102058551956217,3.8034017086029053,3.8034017086029053,2880,0.0,0.0
1992-10-19 00:00:00-04:00,3.789793275009425,3.8170087337493896,3.789793275009425,3.8170087337493896,7920,0.0,0.0
1992-10-20 00:00:00-04:00,3.8306170441103564,3.8306170441103564,3.8102049827575684,3.8102049827575684,7200,0.0,0.0
1992-10-21 00:00:00-04:00,3.830616244462921,3.864635467529297,3.830616244462921,3.864635467529297,23760,0.0,0.0
1992-10-22 00:00:00-04:00,3.864635467529297,3.864635467529297,3.864635467529297,3.864635467529297,0,0.0,0.0
1992-10-23 00:00:00-04:00,3.8510287112393695,3.8510287112393695,3.8170087337493896,3.8170087337493896,7200,0.0,0.0
1992-10-26 00:00:00-05:00,3.8102058551956217,3.8102058551956217,3.789794162920531,3.8034017086029053,7920,0.0,0.0
1992-10-27 00:00:00-05:00,3.7897934913635254,3.7897934913635254,3.7897934913635254,3.7897934913635254,3600,0.0,0.0
1992-10-28 00:00:00-05:00,3.803404334307494,3.803404334307494,3.776188850402832,3.776188850402832,6480,0.0,0.0
1992-10-29 00:00:00-05:00,3.7897944637574428,3.7897944637574428,3.762578248977661,3.762578248977661,25920,0.0,0.0
1992-10-30 00:00:00-05:00,3.7557739825518737,3.7557739825518737,3.7353622913360596,3.7353622913360596,2880,0.0,0.0
1992-11-02 00:00:00-05:00,3.701342127029761,3.701342127029761,3.680930436809959,3.6945383548736572,12960,0.0,0.0
1992-11-03 00:00:00-05:00,3.660518746590157,3.701342127029761,3.660518746590157,3.6945383548736572,13680,0.0,0.0
1992-11-04 00:00:00-05:00,3.728559676569319,3.728559676569319,3.714951753616333,3.714951753616333,6480,0.0,0.0
1992-11-05 00:00:00-05:00,3.70134184695904,3.70134184695904,3.6605184696084327,3.674126386642456,28800,0.0,0.0
1992-11-06 00:00:00-05:00,3.660518312736318,3.660518312736318,3.565263271331787,3.565263271331787,26640,0.0,0.0
1992-11-09 00:00:00-05:00,3.5788704866087286,3.6128904614991795,3.524439573287964,3.524439573287964,38880,0.0,0.0
1992-11-10 00:00:00-05:00,3.510831264709311,3.5516550100988487,3.510831264709311,3.531243324279785,56880,0.0,0.0
1992-11-11 00:00:00-05:00,3.5380471585377062,3.551655073912048,3.5380471585377062,3.544851303100586,3600,0.0,0.0
1992-11-12 00:00:00-05:00,3.551656902145473,3.6196961402893066,3.551656902145473,3.6196961402893066,36720,0.0,0.0
1992-11-13 00:00:00-05:00,3.646910151079734,3.646910151079734,3.5992822647094727,3.5992822647094727,10800,0.0,0.0
1992-11-16 00:00:00-05:00,3.565264954904105,3.565264954904105,3.510833263397217,3.510833263397217,40320,0.0,0.0
1992-11-17 00:00:00-05:00,3.524439573287964,3.538047114742448,3.510831284330653,3.524439573287964,12960,0.0,0.0
1992-11-18 00:00:00-05:00,3.510833263397217,3.5244415600255627,3.510833263397217,3.510833263397217,5040,0.0,0.0
1992-11-19 00:00:00-05:00,3.5273819985200188,3.5753269541852153,3.520532504143573,3.5616283416748047,12960,0.05931,0.0
1992-11-20 00:00:00-05:00,3.5753276348114014,3.5890262499295833,3.5753276348114014,3.5753276348114014,4320,0.0,0.0
1992-11-23 00:00:00-05:00,3.5616294115829064,3.5616294115829064,3.506835321323683,3.520533561706543,12240,0.0,0.0
1992-11-24 00:00:00-05:00,3.44519114150429,3.4794371128082275,3.44519114150429,3.4794371128082275,41760,0.0,0.0
1992-11-25 00:00:00-05:00,3.4246433079900096,3.4657387733459473,3.4246433079900096,3.4657387733459473,43920,0.0,0.0
1992-11-27 00:00:00-05:00,3.4794361281571726,3.5136828422546387,3.4794361281571726,3.5136828422546387,7920,0.0,0.0
1992-11-30 00:00:00-05:00,3.527381420135498,3.527381420135498,3.527381420135498,3.527381420135498,40320,0.0,0.0
1992-12-01 00:00:00-05:00,3.554779021778747,3.6027235984802246,3.554779021778747,3.6027235984802246,51840,0.0,0.0
1992-12-02 00:00:00-05:00,3.6164220040628874,3.6369697302319857,3.6027230182936223,3.6095728874206543,20880,0.0,0.0
1992-12-03 00:00:00-05:00,3.6506684812071812,3.6506684812071812,3.6232712610919213,3.6301207542419434,21600,0.0,0.0
1992-12-04 00:00:00-05:00,3.6301210930261387,3.6301210930261387,3.589025259017945,3.5890252590179443,18000,0.0,0.0
1992-12-07 00:00:00-05:00,3.6164221441843134,3.6712165844148332,3.602723157884269,3.6301207542419434,74160,0.0,0.0
1992-12-08 00:00:00-05:00,3.6780657104222483,3.698613437438323,3.6780657104222483,3.6849148273468018,55440,0.0,0.0
1992-12-09 00:00:00-05:00,3.6849148273468018,3.6849148273468018,3.6849148273468018,3.6849148273468018,0,0.0,0.0
1992-12-10 00:00:00-05:00,3.657517598114789,3.657517598114789,3.6301207542419434,3.6301207542419434,15120,0.0,0.0
1992-12-11 00:00:00-05:00,3.616422176361084,3.616422176361084,3.616422176361084,3.616422176361084,1440,0.0,0.0
1992-12-14 00:00:00-05:00,3.616422176361084,3.630120786540596,3.616422176361084,3.616422176361084,6480,0.0,0.0
1992-12-15 00:00:00-05:00,3.6301216398595666,3.6506693718377035,3.6301216398595666,3.6369707584381104,11520,0.0,0.0
1992-12-16 00:00:00-05:00,3.6643667221069336,3.6643667221069336,3.6643667221069336,3.6643667221069336,4320,0.0,0.0
1992-12-17 00:00:00-05:00,3.6780653758821966,3.7054622173309326,3.6780653758821966,3.7054622173309326,3600,0.0,0.0
1992-12-18 00:00:00-05:00,3.7191621574918106,3.726011276245117,3.7191621574918106,3.726011276245117,2160,0.0,0.0
1992-12-21 00:00:00-05:00,3.7123128688647933,3.7328609766694725,3.6986142557425064,3.7191619873046875,18000,0.0,0.0
1992-12-22 00:00:00-05:00,3.705462110075331,3.705462110075331,3.6780652694196037,3.6917638778686523,10800,0.0,0.0
1992-12-23 00:00:00-05:00,3.7054635437426815,3.739710266236762,3.698614424989375,3.726011276245117,15840,0.0,0.0
1992-12-24 00:00:00-05:00,3.712311709874902,3.7260099424780795,3.7054622173309326,3.7054622173309326,2160,0.0,0.0
1992-12-28 00:00:00-05:00,3.6849148273468018,3.69176432051377,3.6849148273468018,3.6849148273468018,12240,0.0,0.0
1992-12-29 00:00:00-05:00,3.684914385522943,3.705462110075331,3.6643662847281853,3.6917638778686523,75600,0.0,0.0
1992-12-30 00:00:00-05:00,3.7054625543628763,3.7123120475298443,3.6849148273468018,3.6849148273468018,7920,0.0,0.0
1992-12-31 00:00:00-05:00,3.6712165615256285,3.698613405227661,3.6712165615256285,3.698613405227661,4320,0.0,0.0
1993-01-04 00:00:00-05:00,3.6849148273468018,3.6849148273468018,3.6712165934976952,3.6849148273468018,7200,0.0,0.0
1993-01-05 00:00:00-05:00,3.6712165934976952,3.6849148273468018,3.6712165934976952,3.6849148273468018,1440,0.0,0.0
1993-01-06 00:00:00-05:00,3.671216591512613,3.671216591512613,3.650668488265234,3.6643667221069336,12960,0.0,0.0
1993-01-07 00:00:00-05:00,3.6506693718377035,3.6506693718377035,3.6369707584381104,3.6369707584381104,4320,0.0,0.0
1993-01-08 00:00:00-05:00,3.6164221441843134,3.643818988057159,3.6164221441843134,3.6301207542419434,228240,0.0,0.0
1993-01-11 00:00:00-05:00,3.6301206135897526,3.6301206135897526,3.6095728874206543,3.6095728874206543,41040,0.0,0.0
1993-01-12 00:00:00-05:00,3.5890244975853123,3.5890244975853123,3.534230063866014,3.547929048538208,16560,0.0,0.0
1993-01-13 00:00:00-05:00,3.5342311166539835,3.5616283416748047,3.5342311166539835,3.5616283416748047,88560,0.0,0.0
1993-01-14 00:00:00-05:00,3.5753276348114014,3.5753276348114014,3.5753276348114014,3.5753276348114014,720,0.0,0.0
1993-01-15 00:00:00-05:00,3.5821745109074885,3.5958731174468994,3.5821745109074885,3.5958731174468994,11520,0.0,0.0
1993-01-18 00:00:00-05:00,3.623271636527709,3.6506688594818115,3.623271636527709,3.6506688594818115,4320,0.0,0.0
1993-01-19 00:00:00-05:00,3.6712164188487457,3.6712164188487457,3.657517433166504,3.657517433166504,23040,0.0,0.0
1993-01-20 00:00:00-05:00,3.6712162494659424,3.705462207121915,3.6712162494659424,3.6712162494659424,61200,0.0,0.0
1993-01-21 00:00:00-05:00,3.6712164188487457,3.6712164188487457,3.657517433166504,3.657517433166504,1440,0.0,0.0
1993-01-22 00:00:00-05:00,3.657517168624846,3.6986129939719916,3.657517168624846,3.6917638778686523,13680,0.0,0.0
1993-01-25 00:00:00-05:00,3.753407822565868,3.780804666103299,3.753407822565868,3.767106056213379,5040,0.0,0.0
1993-01-26 00:00:00-05:00,3.767106804401576,3.780805417012189,3.767106804401576,3.773956298828125,13680,0.0,0.0
1993-01-27 00:00:00-05:00,3.7534074277681855,3.7534074277681855,3.6917638778686523,3.6917638778686523,47520,0.0,0.0
1993-01-28 00:00:00-05:00,3.7054625220925663,3.7054625220925663,3.698613405227661,3.698613405227661,3600,0.0,0.0
1993-01-29 00:00:00-05:00,3.6712165497531726,3.6712165497531726,3.6164221100399923,3.6232712268829346,84240,0.0,0.0
1993-02-01 00:00:00-05:00,3.643818988057159,3.643818988057159,3.6301207542419434,3.6301207542419434,3600,0.0,0.0
1993-02-02 00:00:00-05:00,3.616423905418888,3.6438207626342773,3.5958757922040996,3.6438207626342773,40320,0.0,0.0
1993-02-03 00:00:00-05:00,3.643818988057159,3.643818988057159,3.561627703953793,3.6301207542419434,103680,0.0,0.0
1993-02-04 00:00:00-05:00,3.616423026459973,3.6369707584381104,3.616423026459973,3.6369707584381104,12960,0.0,0.0
1993-02-05 00:00:00-05:00,3.6164221441843134,3.657517598114789,3.6164221441843134,3.6301207542419434,48960,0.0,0.0
1993-02-08 00:00:00-05:00,3.643818988057159,3.657517598114789,3.6301207542419434,3.6301207542419434,76320,0.0,0.0
1993-02-09 00:00:00-05:00,3.630120786540596,3.630120786540596,3.616422176361084,3.616422176361084,1440,0.0,0.0
1993-02-10 00:00:00-05:00,3.6027235984802246,3.6027235984802246,3.6027235984802246,3.6027235984802246,1440,0.0,0.0
1993-02-11 00:00:00-05:00,3.6027244888052117,3.6027244888052117,3.5616290196932194,3.5753276348114014,51120,0.0,0.0
1993-02-12 00:00:00-05:00,3.5890255666956263,3.6027238029635553,3.5616283416748047,3.5616283416748047,92160,0.0,0.0
1993-02-16 00:00:00-05:00,3.595873901651389,3.6095728874206543,3.595873901651389,3.6095728874206543,31680,0.0,0.0
1993-02-17 00:00:00-05:00,3.62327112070512,3.62327112070512,3.6095728874206543,3.6095728874206543,5040,0.0,0.0
1993-02-18 00:00:00-05:00,3.5958744135736063,3.6712169648186155,3.5958744135736063,3.6506688594818115,24480,0.0,0.0
1993-02-19 00:00:00-05:00,3.6438188237266598,3.657517433166504,3.6438188237266598,3.657517433166504,31680,0.0,0.0
1993-02-22 00:00:00-05:00,3.6575193793632703,3.6575193793632703,3.6438207626342773,3.6438207626342773,2880,0.0,0.0
1993-02-23 00:00:00-05:00,3.684914795255439,3.7123120151998834,3.684914795255439,3.698613405227661,19440,0.0,0.0
1993-02-24 00:00:00-05:00,3.7397085968590185,3.7602563201891055,3.7328594811631057,3.7465577125549316,261360,0.0,0.0
1993-02-25 00:00:00-05:00,3.7602572441101074,3.7602572441101074,3.753408126731319,3.7602572441101074,4320,0.0,0.0
1993-02-26 00:00:00-05:00,3.767106189301132,3.821900630796641,3.7534079551696777,3.7534079551696777,32400,0.0,0.0
1993-03-01 00:00:00-05:00,3.8629958629608154,3.8629958629608154,3.8629958629608154,3.8629958629608154,34560,0.0,0.0
1993-03-02 00:00:00-05:00,3.8424484729766846,3.8424484729766846,3.8424484729766846,3.8424484729766846,5040,0.0,0.0
1993-03-03 00:00:00-05:00,3.835600952186512,3.849299192428589,3.835600952186512,3.849299192428589,2160,0.0,0.0
1993-03-04 00:00:00-05:00,3.835600952186512,3.849299192428589,3.835600952186512,3.849299192428589,2880,0.0,0.0
1993-03-05 00:00:00-05:00,3.8424484729766846,3.8424484729766846,3.8424484729766846,3.8424484729766846,2160,0.0,0.0
1993-03-08 00:00:00-05:00,3.8698453299766973,3.924639767946428,3.8698453299766973,3.917790651321411,11520,0.0,0.0
1993-03-09 00:00:00-05:00,3.924641205613987,3.938339820124472,3.8972439765930176,3.8972439765930176,10080,0.0,0.0
1993-03-10 00:00:00-05:00,3.910940782211597,3.917790651321411,3.910940782211597,3.917790651321411,1440,0.0,0.0
1993-03-11 00:00:00-05:00,3.9177903428410104,3.9177903428410104,3.9040913581848145,3.9040913581848145,2880,0.0,0.0
1993-03-12 00:00:00-05:00,3.8972421954644036,3.8972421954644036,3.8629958629608154,3.8629958629608154,4320,0.0,0.0
1993-03-15 00:00:00-05:00,3.8629958629608154,3.8629958629608154,3.8629958629608154,3.8629958629608154,7920,0.0,0.0
1993-03-16 00:00:00-05:00,3.890394212497393,3.890394212497393,3.8561482429504395,3.8561482429504395,3600,0.0,0.0
1993-03-17 00:00:00-05:00,3.8698460024342327,3.8698460024342327,3.835599660873413,3.835599660873413,5760,0.0,0.0
1993-03-18 00:00:00-05:00,3.862994755805688,3.8903915882110596,3.862994755805688,3.8903915882110596,10080,0.0,0.0
1993-03-19 00:00:00-05:00,3.952035463573228,3.9588849544525146,3.952035463573228,3.9588849544525146,6480,0.0,0.0
1993-03-22 00:00:00-05:00,3.945187494063878,3.945187494063878,3.917790651321411,3.917790651321411,4320,0.0,0.0
1993-03-23 00:00:00-05:00,3.931488575012468,3.931488575012468,3.9040913581848145,3.9040913581848145,4320,0.0,0.0
1993-03-24 00:00:00-05:00,3.89039267274191,3.89039267274191,3.876694440841675,3.876694440841675,3600,0.0,0.0
1993-03-25 00:00:00-05:00,3.862998185155847,3.862998185155847,3.849299192428589,3.849299192428589,8640,0.0,0.0
1993-03-26 00:00:00-05:00,3.84929789650377,3.8629968846190543,3.835599660873413,3.835599660873413,9360,0.0,0.0
1993-03-29 00:00:00-05:00,3.8629958326990783,3.876694440841675,3.8629958326990783,3.876694440841675,20880,0.0,0.0
1993-03-30 00:00:00-05:00,3.862998185155847,3.862998185155847,3.849299192428589,3.849299192428589,3600,0.0,0.0
1993-03-31 00:00:00-05:00,3.8835457846522607,3.965737104415894,3.8835457846522607,3.9657371044158936,77040,0.0,0.0
1993-04-01 00:00:00-05:00,3.9588849544525146,3.9588849544525146,3.9588849544525146,3.9588849544525146,1440,0.0,0.0
1993-04-02 00:00:00-05:00,4.013681345196418,4.013681345196418,3.986284494400025,3.9862844944000244,16560,0.0,0.0
1993-04-05 00:00:00-04:00,3.945187494063878,3.945187494063878,3.917790651321411,3.917790651321411,52560,0.0,0.0
1993-04-06 00:00:00-04:00,3.876694471210724,3.876694471210724,3.8629958629608154,3.8629958629608154,1440,0.0,0.0
1993-04-07 00:00:00-04:00,3.8629967117320936,3.8629967117320936,3.8082022666931152,3.8082022666931152,54000,0.0,0.0
1993-04-08 00:00:00-04:00,3.8179033378545,3.8179033378545,3.7761013507843018,3.7761013507843018,9360,0.16306,0.0
1993-04-12 00:00:00-04:00,3.7900344332344735,3.8179028034210205,3.7900344332344735,3.8179028034210205,6480,0.0,0.0
1993-04-13 00:00:00-04:00,3.880607470055619,3.880607470055619,3.8666734695434575,3.866673469543457,3600,0.0,0.0
1993-04-14 00:00:00-04:00,3.894538855002611,3.908472847525991,3.8875720500946045,3.8875720500946045,3600,0.0,0.0
1993-04-15 00:00:00-04:00,3.8875724771493645,3.915440082550049,3.8875724771493645,3.915440082550049,5760,0.0,0.0
1993-04-16 00:00:00-04:00,3.8457701206207275,3.8457701206207275,3.8457701206207275,3.8457701206207275,5040,0.0,0.0
1993-04-19 00:00:00-04:00,3.8457697380767457,3.8527365423788833,3.8179021381608615,3.8318357467651367,23760,0.0,0.0
1993-04-20 00:00:00-04:00,3.85970666064117,3.8666734695434575,3.85970666064117,3.866673469543457,21600,0.0,0.0
1993-04-21 00:00:00-04:00,3.887572817573027,3.887572817573027,3.8597052097320557,3.8597052097320557,13680,0.0,0.0
1993-04-22 00:00:00-04:00,3.8457698574205565,3.8597042318719175,3.8388030529022217,3.8388030529022217,5040,0.0,0.0
1993-04-23 00:00:00-04:00,3.8388030529022217,3.8388030529022217,3.8388030529022217,3.8388030529022217,4320,0.0,0.0
1993-04-26 00:00:00-04:00,3.8736364218588237,3.8945372104644775,3.8736364218588237,3.8945372104644775,34560,0.0,0.0
1993-04-27 00:00:00-04:00,3.8875742789579064,3.8875742789579064,3.8666734695434575,3.866673469543457,3600,0.0,0.0
1993-04-28 00:00:00-04:00,3.831836414453193,3.831836414453193,3.8179028034210205,3.8179028034210205,4320,0.0,0.0
1993-04-29 00:00:00-04:00,3.7900349637669137,3.7900349637669137,3.7761013507843018,3.7761013507843018,9360,0.0,0.0
1993-04-30 00:00:00-04:00,3.776101928424614,3.776101928424614,3.7621679306030273,3.7621679306030273,3600,0.0,0.0
1993-05-03 00:00:00-04:00,3.7900349637669137,3.7970025356731276,3.7761013507843018,3.7761013507843018,7920,0.0,0.0
1993-05-04 00:00:00-04:00,3.8039685252351725,3.859704496025741,3.8039685252351725,3.8457701206207275,29520,0.0,0.0
1993-05-05 00:00:00-04:00,3.8597051285791877,3.8597051285791877,3.790034770965576,3.790034770965576,10080,0.0,0.0
1993-05-06 00:00:00-04:00,3.7900344332344735,3.831836414453193,3.7900344332344735,3.8179028034210205,5760,0.0,0.0
1993-05-07 00:00:00-04:00,3.803969148654246,3.803969148654246,3.790034770965576,3.790034770965576,2880,0.0,0.0
1993-05-10 00:00:00-04:00,3.7970016002655034,3.8179023972978743,3.7970016002655034,3.797001600265503,6480,0.0,0.0
1993-05-11 00:00:00-04:00,3.8179028034210205,3.8179028034210205,3.8179028034210205,3.8179028034210205,720,0.0,0.0
1993-05-12 00:00:00-04:00,3.7900340545108646,3.8039684295654292,3.7900340545108646,3.8039684295654297,4320,0.0,0.0
1993-05-13 00:00:00-04:00,3.7761013507843018,3.7761013507843018,3.7761013507843018,3.7761013507843018,7200,0.0,0.0
1993-05-14 00:00:00-04:00,3.706428949945446,3.706428949945446,3.6785613594860216,3.692495346069336,10080,0.0,0.0
1993-05-17 00:00:00-04:00,3.6646279255261764,3.6646279255261764,3.622826337814331,3.622826337814331,26640,0.0,0.0
1993-05-18 00:00:00-04:00,3.5670918241985685,3.5670918241985685,3.525289841307871,3.560124635696411,25200,0.0,0.0
1993-05-19 00:00:00-04:00,3.5322559126873956,3.553157091140747,3.5322559126873956,3.553157091140747,13680,0.0,0.0
1993-05-20 00:00:00-04:00,3.5043900886307666,3.5043900886307666,3.441687286907413,3.469554901123047,61920,0.0,0.0
1993-05-21 00:00:00-04:00,3.462585677178452,3.511354446411133,3.462585677178452,3.511354446411133,31680,0.0,0.0
1993-05-24 00:00:00-04:00,3.4974204576721863,3.511354446411133,3.4765192832101355,3.511354446411133,59760,0.0,0.0
1993-05-25 00:00:00-04:00,3.5392239093780518,3.5392239093780518,3.5392239093780518,3.5392239093780518,2160,0.0,0.0
1993-05-26 00:00:00-04:00,3.5670922842736625,3.5670922842736625,3.5392239093780518,3.5392239093780518,14400,0.0,0.0
1993-05-27 00:00:00-04:00,3.5601238954869734,3.5601238954869734,3.553157091140747,3.553157091140747,2880,0.0,0.0
1993-05-28 00:00:00-04:00,3.5601238954869734,3.5601238954869734,3.553157091140747,3.553157091140747,2160,0.0,0.0
1993-06-01 00:00:00-04:00,3.5322577501922052,3.581026554107666,3.5322577501922052,3.581026554107666,8640,0.0,0.0
1993-06-02 00:00:00-04:00,3.5670905113220215,3.5670905113220215,3.5670905113220215,3.5670905113220215,1440,0.0,0.0
1993-06-03 00:00:00-04:00,3.5670905113220215,3.5670905113220215,3.5670905113220215,3.5670905113220215,3600,0.0,0.0
1993-06-04 00:00:00-04:00,3.539222616534903,3.539222616534903,3.4974210262298584,3.4974210262298584,8640,0.0,0.0
1993-06-07 00:00:00-04:00,3.4974210262298584,3.4974210262298584,3.4974210262298584,3.4974210262298584,1440,0.0,0.0
1993-06-08 00:00:00-04:00,3.5113554716243,3.5113554716243,3.469553493202505,3.49045467376709,19440,0.0,0.0
1993-06-09 00:00:00-04:00,3.504390135603039,3.581026554107666,3.4974229449250958,3.581026554107666,34560,0.0,0.0
1993-06-10 00:00:00-04:00,3.5670905113220215,3.5670905113220215,3.5670905113220215,3.5670905113220215,720,0.0,0.0
1993-06-11 00:00:00-04:00,3.5670905113220215,3.5810241177832065,3.5670905113220215,3.5670905113220215,8640,0.0,0.0
1993-06-14 00:00:00-04:00,3.6088943534026376,3.6088943534026376,3.5949599742889404,3.5949599742889404,7200,0.0,0.0
1993-06-15 00:00:00-04:00,3.6088922023773193,3.6088922023773193,3.6088922023773193,3.6088922023773193,9360,0.0,0.0
1993-06-16 00:00:00-04:00,3.55315828817959,3.5601250948728937,3.5392239093780518,3.5392239093780518,12960,0.0,0.0
1993-06-17 00:00:00-04:00,3.5392230745314555,3.5392230745314555,3.49045467376709,3.49045467376709,15840,0.0,0.0
1993-06-18 00:00:00-04:00,3.5043882130855826,3.5043882130855826,3.4974210262298584,3.4974210262298584,2160,0.0,0.0
1993-06-21 00:00:00-04:00,3.4974210262298584,3.4974210262298584,3.4974210262298584,3.4974210262298584,1440,0.0,0.0
1993-06-22 00:00:00-04:00,3.511354446411133,3.511354446411133,3.511354446411133,3.511354446411133,1440,0.0,0.0
1993-06-23 00:00:00-04:00,3.5113553037387626,3.5113553037387626,3.4556193351745605,3.4556193351745605,36720,0.0,0.0
1993-06-24 00:00:00-04:00,3.4556193351745605,3.4556193351745605,3.4556193351745605,3.4556193351745605,0,0.0,0.0
1993-06-25 00:00:00-04:00,3.441687186496652,3.441687186496652,3.4207863807678223,3.4207863807678223,3600,0.0,0.0
1993-06-28 00:00:00-04:00,3.434718183074683,3.483487341877999,3.4277513790783902,3.4625861644744873,13680,0.0,0.0
1993-06-29 00:00:00-04:00,3.4625863283941647,3.4625863283941647,3.4138171672821045,3.4138171672821045,20160,0.0,0.0
1993-06-30 00:00:00-04:00,3.448652744293213,3.469553542447075,3.448652744293213,3.448652744293213,250560,0.0,0.0
1993-07-01 00:00:00-04:00,3.455618328274101,3.4625855136682016,3.4347175375062906,3.4416847229003906,26640,0.0,0.0
1993-07-02 00:00:00-04:00,3.427753275824701,3.4416872742349773,3.385951280593872,3.385951280593872,19440,0.0,0.0
1993-07-06 00:00:00-04:00,3.372014045715332,3.372014045715332,3.372014045715332,3.372014045715332,7200,0.0,0.0
1993-07-07 00:00:00-04:00,3.385951280593872,3.413818894706896,3.3720172821835956,3.385951280593872,90720,0.0,0.0
1993-07-08 00:00:00-04:00,3.3720172821835956,3.392918088445246,3.351116093214417,3.385951280593872,80640,0.0,0.0
1993-07-09 00:00:00-04:00,3.3859501375883623,3.3859501375883623,3.3580825328826904,3.3580825328826904,15840,0.0,0.0
1993-07-12 00:00:00-04:00,3.344147727704328,3.344147727704328,3.3162801265716553,3.3162801265716553,26640,0.0,0.0
1993-07-13 00:00:00-04:00,3.302345794699012,3.30931259858816,3.2605438232421875,3.2605438232421875,11520,0.0,0.0
1993-07-14 00:00:00-04:00,3.2187411785125732,3.2187411785125732,3.1978403885096918,3.2187411785125732,46080,0.0,0.0
1993-07-15 00:00:00-04:00,3.204808235168457,3.2187420350939444,3.204808235168457,3.204808235168457,23040,0.0,0.0
1993-07-16 00:00:00-04:00,3.190873283187604,3.2048072702715413,3.1769394874572754,3.1769394874572754,20160,0.0,0.0
1993-07-19 00:00:00-04:00,3.17693959850681,3.2187411785125732,3.17693959850681,3.2187411785125732,7200,0.0,0.0
1993-07-20 00:00:00-04:00,3.204807372001953,3.218741168174583,3.1630054094232185,3.190873384475708,7200,0.0,0.0
1993-07-21 00:00:00-04:00,3.1769417025433646,3.183908700942993,3.1769417025433646,3.183908700942993,43920,0.0,0.0
1993-07-22 00:00:00-04:00,3.1978403920485037,3.253576342394175,3.1978403920485037,3.232675552368164,12240,0.0,0.0
1993-07-23 00:00:00-04:00,3.2048072702715413,3.2048072702715413,3.1769394874572754,3.1769394874572754,60480,0.0,0.0
1993-07-26 00:00:00-04:00,3.183906592292309,3.2187411785125732,3.183906592292309,3.2187411785125732,11520,0.0,0.0
1993-07-27 00:00:00-04:00,3.225707980944457,3.225707980944457,3.2187411785125732,3.2187411785125732,1440,0.0,0.0
1993-07-28 00:00:00-04:00,3.218741168174583,3.2466091432270723,3.190873384475708,3.190873384475708,25920,0.0,0.0
1993-07-29 00:00:00-04:00,3.204808593358014,3.239643575449276,3.204808593358014,3.2257091999053955,7200,0.0,0.0
1993-07-30 00:00:00-04:00,3.2257086723185755,3.2257086723185755,3.1978410739108787,3.211775064468384,12240,0.0,0.0
1993-08-02 00:00:00-04:00,3.232677328277259,3.295380115509033,3.232677328277259,3.295380115509033,27360,0.0,0.0
1993-08-03 00:00:00-04:00,3.2814459973572094,3.309313990046001,3.2814459973572094,3.302347183227539,7920,0.0,0.0
1993-08-04 00:00:00-04:00,3.27447766753217,3.27447766753217,3.246609687805176,3.246609687805176,9360,0.0,0.0
1993-08-05 00:00:00-04:00,3.2048072702715413,3.2048072702715413,3.1769394874572754,3.1769394874572754,38880,0.0,0.0
1993-08-06 00:00:00-04:00,3.1769394874572754,3.1769394874572754,3.1769394874572754,3.1769394874572754,9360,0.0,0.0
1993-08-09 00:00:00-04:00,3.204807372001953,3.218741168174583,3.190873384475708,3.190873384475708,17280,0.0,0.0
1993-08-10 00:00:00-04:00,3.2117767388341596,3.2117767388341596,3.1351399421691895,3.1351399421691895,55440,0.0,0.0
1993-08-11 00:00:00-04:00,3.135138107704869,3.1630058956879985,3.121204309390126,3.1421051025390625,5760,0.0,0.0
1993-08-12 00:00:00-04:00,3.169972493915307,3.190873283187604,3.169972493915307,3.1769394874572754,5040,0.0,0.0
1993-08-13 00:00:00-04:00,3.2117755897762663,3.2257091999053955,3.2117755897762663,3.2257091999053955,2160,0.0,0.0
1993-08-16 00:00:00-04:00,3.2466095825972356,3.309312343597412,3.2466095825972356,3.309312343597412,17280,0.0,0.0
1993-08-17 00:00:00-04:00,3.3580823888995126,3.4138175959211194,3.3580823888995126,3.399883985519409,15840,0.0,0.0
1993-08-18 00:00:00-04:00,3.4556203155210787,3.55315828817959,3.4556203155210787,3.5392239093780518,112320,0.0,0.0
1993-08-19 00:00:00-04:00,3.5392220411817625,3.5392220411817625,3.511354446411133,3.511354446411133,16560,0.0,0.0
1993-08-20 00:00:00-04:00,3.511355564385867,3.5461907386779785,3.511355564385867,3.5461907386779785,17280,0.0,0.0
1993-08-23 00:00:00-04:00,3.546191481486286,3.546191481486286,3.525290295991444,3.5392239093780518,18720,0.0,0.0
1993-08-24 00:00:00-04:00,3.5531578299016693,3.560124635696411,3.5531578299016693,3.560124635696411,1440,0.0,0.0
1993-08-25 00:00:00-04:00,3.5392239093780518,3.5392239093780518,3.5392239093780518,3.5392239093780518,2880,0.0,0.0
1993-08-26 00:00:00-04:00,3.5601238954869734,3.5601238954869734,3.553157091140747,3.553157091140747,2160,0.0,0.0
1993-08-27 00:00:00-04:00,3.5601233513518533,3.6088925051508247,3.5601233513518533,3.5740573406219482,20160,0.0,0.0
1993-08-30 00:00:00-04:00,3.587991303721074,3.5949581069516667,3.5531565221535617,3.5670905113220215,32400,0.0,0.0
1993-08-31 00:00:00-04:00,3.6228258077711555,3.6228258077711555,3.6088922023773193,3.6088922023773193,3600,0.0,0.0
1993-09-01 00:00:00-04:00,3.6297935242378396,3.6367603279540464,3.622826337814331,3.622826337814331,9360,0.0,0.0
1993-09-02 00:00:00-04:00,3.622826337814331,3.622826337814331,3.622826337814331,3.622826337814331,2160,0.0,0.0
1993-09-03 00:00:00-04:00,3.6228264572981237,3.650694438496664,3.6228264572981237,3.629793643951416,3600,0.0,0.0
1993-09-07 00:00:00-04:00,3.615859534098124,3.622826337814331,3.6019251612511067,3.622826337814331,12240,0.0,0.0
1993-09-08 00:00:00-04:00,3.622827432575311,3.636761426925659,3.622827432575311,3.636761426925659,23760,0.0,0.0
1993-09-09 00:00:00-04:00,3.6506944893015207,3.6506944893015207,3.636760498508338,3.6437273025512695,20880,0.0,0.0
1993-09-10 00:00:00-04:00,3.657659530639649,3.657659530639649,3.657659530639649,3.6576595306396484,2880,0.0,0.0
1993-09-13 00:00:00-04:00,3.657661242442642,3.657661242442642,3.629793643951416,3.629793643951416,7200,0.0,0.0
1993-09-14 00:00:00-04:00,3.615859507402956,3.615859507402956,3.6019251346588135,3.6019251346588135,18000,0.0,0.0
1993-09-15 00:00:00-04:00,3.5949575629796313,3.5949575629796313,3.567089971566779,3.5879907608032227,20880,0.0,0.0
1993-09-16 00:00:00-04:00,3.5949586826327775,3.5949586826327775,3.5252891083411693,3.553157091140747,19440,0.0,0.0
1993-09-17 00:00:00-04:00,3.581024143903357,3.594958133173452,3.5740573406219482,3.5740573406219482,110880,0.0,0.0
1993-09-20 00:00:00-04:00,3.5949585691394845,3.6437273461454414,3.5949585691394845,3.6158597469329834,12960,0.0,0.0
1993-09-21 00:00:00-04:00,3.6228260852885863,3.6228260852885863,3.5670905113220215,3.5670905113220215,9360,0.0,0.0
1993-09-22 00:00:00-04:00,3.622826337814331,3.622826337814331,3.622826337814331,3.622826337814331,7200,0.0,0.0
1993-09-23 00:00:00-04:00,3.622826337814331,3.622826337814331,3.622826337814331,3.622826337814331,3600,0.0,0.0
1993-09-24 00:00:00-04:00,3.5949581069516667,3.5949581069516667,3.5670905113220215,3.5670905113220215,6480,0.0,0.0
1993-09-27 00:00:00-04:00,3.594957831568992,3.6228258077711555,3.594957831568992,3.6088922023773193,41040,0.0,0.0
1993-09-28 00:00:00-04:00,3.5949599742889404,3.6019267811383155,3.5949599742889404,3.5949599742889404,56880,0.0,0.0
1993-09-29 00:00:00-04:00,3.6088922023773193,3.6088922023773193,3.6088922023773193,3.6088922023773193,2160,0.0,0.0
1993-09-30 00:00:00-04:00,3.587992313065929,3.587992313065929,3.525289535522461,3.525289535522461,32400,0.0,0.0
1993-10-01 00:00:00-04:00,3.4974215493459457,3.525289535522461,3.4974215493459457,3.525289535522461,136080,0.0,0.0
1993-10-04 00:00:00-04:00,3.5322559126873956,3.553157091140747,3.5322559126873956,3.553157091140747,2880,0.0,0.0
1993-10-05 00:00:00-04:00,3.5879931674395658,3.6019267811383155,3.5879931674395658,3.5949599742889404,7200,0.0,0.0
1993-10-06 00:00:00-04:00,3.5879917650132014,3.6228265510592665,3.5879917650132014,3.6158597469329834,69840,0.0,0.0
1993-10-07 00:00:00-04:00,3.6158597469329834,3.6158597469329834,3.6158597469329834,3.6158597469329834,0,0.0,0.0
1993-10-08 00:00:00-04:00,3.6367618049824046,3.65069580078125,3.6367618049824046,3.65069580078125,2880,0.0,0.0
1993-10-11 00:00:00-04:00,3.65069580078125,3.65069580078125,3.65069580078125,3.65069580078125,7200,0.0,0.0
1993-10-12 00:00:00-04:00,3.643725546561553,3.657659530639649,3.643725546561553,3.6576595306396484,39600,0.0,0.0
1993-10-13 00:00:00-04:00,3.685528516769409,3.685528516769409,3.685528516769409,3.685528516769409,5760,0.0,0.0
1993-10-14 00:00:00-04:00,3.7273306846618652,3.7273306846618652,3.7273306846618652,3.7273306846618652,720,0.0,0.0
1993-10-15 00:00:00-04:00,3.727332744695304,3.7621679306030273,3.727332744695304,3.7621679306030273,30960,0.0,0.0
1993-10-18 00:00:00-04:00,3.748231887817383,3.7900334757684786,3.748231887817383,3.748231887817383,53280,0.0,0.0
1993-10-19 00:00:00-04:00,3.7621658523503014,3.7621658523503014,3.734298254808941,3.741265058517456,77760,0.0,0.0
1993-10-20 00:00:00-04:00,3.7551982402801514,3.7551982402801514,3.734297450946508,3.7551982402801514,15120,0.0,0.0
1993-10-21 00:00:00-04:00,3.7900335118130184,3.845769473220953,3.7900335118130184,3.824868679046631,33840,0.0,0.0
1993-10-22 00:00:00-04:00,3.824868721088176,3.824868721088176,3.7830667495727535,3.783066749572754,12960,0.0,0.0
1993-10-25 00:00:00-04:00,3.790034770965576,3.790034770965576,3.790034770965576,3.790034770965576,4320,0.0,0.0
1993-10-26 00:00:00-04:00,3.776100039333356,3.776100039333356,3.7691328525543213,3.7691328525543213,2160,0.0,0.0
1993-10-27 00:00:00-04:00,3.7830668434050705,3.7830668434050705,3.7551992444108935,3.7691328525543213,5040,0.0,0.0
1993-10-28 00:00:00-04:00,3.7412652535601443,3.7691328525543213,3.7412652535601443,3.7691328525543213,5760,0.0,0.0
1993-10-29 00:00:00-04:00,3.790033890444495,3.8388030529022217,3.790033890444495,3.8388030529022217,10080,0.0,0.0
1993-11-01 00:00:00-05:00,3.8388030529022217,3.8388030529022217,3.8388030529022217,3.8388030529022217,37440,0.0,0.0
1993-11-02 00:00:00-05:00,3.8179023972978743,3.8179023972978743,3.7970016002655034,3.797001600265503,3600,0.0,0.0
1993-11-03 00:00:00-05:00,3.7970016002655034,3.7970016002655034,3.7970016002655034,3.797001600265503,0,0.0,0.0
1993-11-04 00:00:00-05:00,3.7482327937717863,3.7482327937717863,3.7342991828918457,3.7342991828918457,16560,0.0,0.0
1993-11-05 00:00:00-05:00,3.6785637923789407,3.6785637923789407,3.65069580078125,3.65069580078125,3600,0.0,0.0
1993-11-08 00:00:00-05:00,3.65069580078125,3.65069580078125,3.6437286115280987,3.65069580078125,23760,0.0,0.0
1993-11-09 00:00:00-05:00,3.706433057785034,3.706433057785034,3.706433057785034,3.706433057785034,22320,0.0,0.0
1993-11-10 00:00:00-05:00,3.67856171415964,3.6994625046961884,3.67856171415964,3.685528516769409,6480,0.0,0.0
1993-11-11 00:00:00-05:00,3.6785638332366943,3.6785638332366943,3.6785638332366943,3.6785638332366943,3600,0.0,0.0
1993-11-12 00:00:00-05:00,3.594959443874616,3.636761426925659,3.581025449524268,3.636761426925659,24480,0.0,0.0
1993-11-15 00:00:00-05:00,3.6228258077711555,3.6228258077711555,3.6088922023773193,3.6088922023773193,25200,0.0,0.0
1993-11-16 00:00:00-05:00,3.636761426925659,3.636761426925659,3.636761426925659,3.636761426925659,9360,0.0,0.0
1993-11-17 00:00:00-05:00,3.6437262016741343,3.692495346069336,3.6437262016741343,3.692495346069336,43920,0.0,0.0
1993-11-18 00:00:00-05:00,3.692495346069336,3.692495346069336,3.692495346069336,3.692495346069336,0,0.0,0.0
1993-11-19 00:00:00-05:00,3.6646292209625244,3.6646292209625244,3.6646292209625244,3.6646292209625244,1440,0.0,0.0
1993-11-22 00:00:00-05:00,3.6228265510592665,3.6228265510592665,3.6088929428067,3.6158597469329834,5040,0.0,0.0
1993-11-23 00:00:00-05:00,3.6158597469329834,3.6158597469329834,3.6158597469329834,3.6158597469329834,0,0.0,0.0
1993-11-24 00:00:00-05:00,3.6019251346588135,3.6019251346588135,3.6019251346588135,3.6019251346588135,3600,0.0,0.0
1993-11-26 00:00:00-05:00,3.6785638332366943,3.6785638332366943,3.6785638332366943,3.6785638332366943,1440,0.0,0.0
1993-11-29 00:00:00-05:00,3.685528516769409,3.685528516769409,3.685528516769409,3.685528516769409,2160,0.0,0.0
1993-11-30 00:00:00-05:00,3.734299556455503,3.790034770965576,3.734299556455503,3.790034770965576,49680,0.0,0.0
1993-12-01 00:00:00-05:00,3.831836127923085,3.859704496025741,3.831836127923085,3.8457701206207275,18000,0.0,0.0
1993-12-02 00:00:00-05:00,3.845770408192766,3.845770408192766,3.8179028034210205,3.8179028034210205,23040,0.0,0.0
1993-12-03 00:00:00-05:00,3.8501615819023707,3.8712005878170213,3.843148708343506,3.843148708343506,7920,0.0625,0.0
1993-12-06 00:00:00-05:00,3.892240493891057,3.8992533683776855,3.892240493891057,3.8992533683776855,8640,0.0,0.0
1993-12-07 00:00:00-05:00,3.885228395462036,3.8992541472368765,3.885228395462036,3.885228395462036,2880,0.0,0.0
1993-12-08 00:00:00-05:00,3.906265706879147,3.9553569724225635,3.906265706879147,3.913278579711914,13680,0.0,0.0
1993-12-09 00:00:00-05:00,3.9132795025890488,3.927305636800412,3.8992533683776855,3.8992533683776855,5040,0.0,0.0
1993-12-10 00:00:00-05:00,3.899252719385336,3.927304983139038,3.899252719385336,3.927304983139038,10800,0.0,0.0
1993-12-13 00:00:00-05:00,3.9834112835396245,3.9834112835396245,3.885229077684628,3.892241954803467,127440,0.0,0.0
1993-12-14 00:00:00-05:00,3.8782136738851567,3.88522731830445,3.871200799942017,3.8712007999420166,5040,0.0,0.0
1993-12-15 00:00:00-05:00,3.8712005286563267,3.8712005286563267,3.8571743965148926,3.8571743965148926,7920,0.0,0.0
1993-12-16 00:00:00-05:00,3.864187925998877,3.89224019224759,3.864187925998877,3.8712007999420166,8640,0.0,0.0
1993-12-17 00:00:00-05:00,3.892239911271924,3.955357313156128,3.892239911271924,3.955357313156128,5760,0.0,0.0
1993-12-20 00:00:00-05:00,3.9483463764190674,3.9553592532958373,3.9483463764190674,3.9483463764190674,7200,0.0,0.0
1993-12-21 00:00:00-05:00,3.9483426693553265,3.9483426693553265,3.9343161582946777,3.9343161582946777,6480,0.0,0.0
1993-12-22 00:00:00-05:00,3.9483443100753903,4.046526461158282,3.9483443100753903,4.03951358795166,38880,0.0,0.0
1993-12-23 00:00:00-05:00,4.067566425581219,4.067566425581219,4.05354067585921,4.060553550720215,8640,0.0,0.0
1993-12-27 00:00:00-05:00,4.060553550720215,4.060553550720215,4.060553550720215,4.060553550720215,3600,0.0,0.0
1993-12-28 00:00:00-05:00,4.060553670605466,4.095619201660156,4.060553670605466,4.095619201660156,5040,0.0,0.0
1993-12-29 00:00:00-05:00,4.081591982905502,4.081591982905502,4.03951358795166,4.03951358795166,5760,0.0,0.0
1993-12-30 00:00:00-05:00,3.997436046600342,3.997436046600342,3.997436046600342,3.997436046600342,720,0.0,0.0
1993-12-31 00:00:00-05:00,3.9834106607208546,3.9834106607208546,3.9693849086761475,3.9693849086761475,1440,0.0,0.0
1994-01-03 00:00:00-05:00,3.955357313156128,3.955357313156128,3.955357313156128,3.955357313156128,1440,0.0,0.0
1994-01-04 00:00:00-05:00,3.9483463764190674,3.9483463764190674,3.9483463764190674,3.9483463764190674,720,0.0,0.0
1994-01-05 00:00:00-05:00,3.9343161582946777,3.9343161582946777,3.9343161582946777,3.9343161582946777,6480,0.0,0.0
1994-01-06 00:00:00-05:00,3.997436046600342,4.0114625664848464,3.9834099119539554,3.997436046600342,107280,0.0,0.0
1994-01-07 00:00:00-05:00,4.067565977975943,4.067565977975943,4.053540229797363,4.053540229797363,5040,0.0,0.0
1994-01-10 00:00:00-05:00,4.039514450539501,4.039514450539501,3.997436046600342,3.997436046600342,15120,0.0,0.0
1994-01-11 00:00:00-05:00,3.969383378769592,3.969383378769592,3.927304983139038,3.927304983139038,36720,0.0,0.0
1994-01-12 00:00:00-05:00,3.941330456280998,3.941330456280998,3.913278579711914,3.913278579711914,4320,0.0,0.0
1994-01-13 00:00:00-05:00,3.8992533683776855,3.8992533683776855,3.857174965743596,3.8992533683776855,12960,0.0,0.0
1994-01-14 00:00:00-05:00,3.8992533683776855,3.8992533683776855,3.8992533683776855,3.8992533683776855,0,0.0,0.0
1994-01-17 00:00:00-05:00,3.9273051595071653,3.9273051595071653,3.9202919006347656,3.9202919006347656,7200,0.0,0.0
1994-01-18 00:00:00-05:00,3.976397006941116,3.983409881591797,3.976397006941116,3.983409881591797,2880,0.0,0.0
1994-01-19 00:00:00-05:00,4.025487452056651,4.039513583693145,4.011461705658193,4.018474578857422,34560,0.0,0.0
1994-01-20 00:00:00-05:00,4.03951358795166,4.03951358795166,4.03951358795166,4.03951358795166,10080,0.0,0.0
1994-01-21 00:00:00-05:00,4.011463165283203,4.011463165283203,4.011463165283203,4.011463165283203,4320,0.0,0.0
1994-01-24 00:00:00-05:00,3.9904219758555723,3.9904219758555723,3.9763958454132076,3.976395845413208,10800,0.0,0.0
1994-01-25 00:00:00-05:00,3.9693849086761475,3.9693849086761475,3.9693849086761475,3.9693849086761475,3600,0.0,0.0
1994-01-26 00:00:00-05:00,3.9763958454132076,3.9763958454132076,3.9763958454132076,3.976395845413208,2160,0.0,0.0
1994-01-27 00:00:00-05:00,3.9904222488403325,4.011461638562185,3.9904222488403325,3.990422248840332,6480,0.0,0.0
1994-01-28 00:00:00-05:00,4.025488913394215,4.039515050122493,4.025488913394215,4.032502174377441,33840,0.0,0.0
1994-01-31 00:00:00-05:00,4.0675669913395565,4.0815935134887695,4.0675669913395565,4.0815935134887695,13680,0.0,0.0
1994-02-01 00:00:00-05:00,4.095619650399803,4.095619650399803,4.0815935134887695,4.0815935134887695,15840,0.0,0.0
1994-02-02 00:00:00-05:00,4.102632602055867,4.165750026702881,4.102632602055867,4.165750026702881,9360,0.0,0.0
1994-02-03 00:00:00-05:00,4.109643835828006,4.109643835828006,4.067565441131592,4.067565441131592,18000,0.0,0.0
1994-02-04 00:00:00-05:00,4.046527865614648,4.046527865614648,4.02548885345459,4.02548885345459,19440,0.0,0.0
1994-02-07 00:00:00-05:00,4.0114617098871355,4.03951358795166,4.0114617098871355,4.03951358795166,7200,0.0,0.0
1994-02-08 00:00:00-05:00,4.025487452056651,4.025487452056651,4.018474578857422,4.018474578857422,5040,0.0,0.0
1994-02-09 00:00:00-05:00,3.997436643304934,4.011463165283203,3.997436643304934,4.011463165283203,8640,0.0,0.0
1994-02-10 00:00:00-05:00,3.997436046600342,3.997436046600342,3.997436046600342,3.997436046600342,1440,0.0,0.0
1994-02-11 00:00:00-05:00,3.983408990520372,3.9974351219222637,3.983408990520372,3.990422248840332,70560,0.0,0.0
1994-02-14 00:00:00-05:00,3.9834099119539554,4.0114625664848464,3.9834099119539554,3.997436046600342,9360,0.0,0.0
1994-02-15 00:00:00-05:00,3.997436046600342,4.0114625664848464,3.9834099119539554,3.997436046600342,45360,0.0,0.0
1994-02-16 00:00:00-05:00,4.025488913394215,4.032502174377441,4.025488913394215,4.032502174377441,2880,0.0,0.0
1994-02-17 00:00:00-05:00,4.046527415760079,4.067566425581219,4.046527415760079,4.060553550720215,94320,0.0,0.0
1994-02-18 00:00:00-05:00,4.046527929276173,4.046527929276173,4.011463165283203,4.011463165283203,7200,0.0,0.0
1994-02-22 00:00:00-05:00,3.8782124519348145,3.8782124519348145,3.8711995802012957,3.8782124519348145,89280,0.0,0.0
1994-02-23 00:00:00-05:00,3.8150978482923525,3.8291243724669037,3.787045955657959,3.787045955657959,23040,0.0,0.0
1994-02-24 00:00:00-05:00,3.7309406094120883,3.744966745376587,3.702888722721245,3.744966745376587,54000,0.0,0.0
1994-02-25 00:00:00-05:00,3.773018360137939,3.773018360137939,3.773018360137939,3.7730183601379395,3600,0.0,0.0
1994-02-28 00:00:00-05:00,3.815095065381326,3.8782124519348145,3.815095065381326,3.8782124519348145,655920,0.0,0.0
1994-03-01 00:00:00-05:00,3.815096278872452,3.815096278872452,3.7309398651123042,3.7309398651123047,18000,0.0,0.0
1994-03-02 00:00:00-05:00,3.702888722721245,3.744966745376587,3.702888722721245,3.744966745376587,44640,0.0,0.0
1994-03-03 00:00:00-05:00,3.744966745376587,3.744966745376587,3.744966745376587,3.744966745376587,0,0.0,0.0
1994-03-04 00:00:00-05:00,3.702890396118164,3.702890396118164,3.702890396118164,3.702890396118164,2880,0.0,0.0
1994-03-07 00:00:00-05:00,3.7309398651123042,3.7309398651123042,3.7309398651123042,3.7309398651123047,1440,0.0,0.0
1994-03-08 00:00:00-05:00,3.7309401029081086,3.7309401029081086,3.702888220025525,3.7099010944366455,14400,0.0,0.0
1994-03-09 00:00:00-05:00,3.7028870654409314,3.7309389395767556,3.7028870654409314,3.723926067352295,76320,0.0,0.0
1994-03-10 00:00:00-05:00,3.7239270526371877,3.7379531860351562,3.7239270526371877,3.7379531860351562,5040,0.0,0.0
1994-03-11 00:00:00-05:00,3.7379531860351562,3.7379531860351562,3.7379531860351562,3.7379531860351562,0,0.0,0.0
1994-03-14 00:00:00-05:00,3.709900857981787,3.7309398651123042,3.7028879840176403,3.7309398651123047,2880,0.0,0.0
1994-03-15 00:00:00-05:00,3.730941361004202,3.730941361004202,3.7169156074523926,3.7169156074523926,6480,0.0,0.0
1994-03-16 00:00:00-05:00,3.6608092784881587,3.6608092784881587,3.6608092784881587,3.660809278488159,5760,0.0,0.0
1994-03-17 00:00:00-05:00,3.6467831464943217,3.674835410481996,3.6467831464943217,3.660809278488159,7200,0.0,0.0
1994-03-18 00:00:00-05:00,3.6117184148549226,3.6117184148549226,3.590679407119751,3.590679407119751,20160,0.0,0.0
1994-03-21 00:00:00-05:00,3.590679822175635,3.604705572128296,3.5766536869848404,3.604705572128296,625680,0.0,0.0
1994-03-22 00:00:00-05:00,3.618731382973649,3.6327579021453853,3.618731382973649,3.6327579021453857,1440,0.0,0.0
1994-03-23 00:00:00-05:00,3.6187326580780086,3.6257455348968506,3.5976936423832493,3.6257455348968506,9360,0.0,0.0
1994-03-24 00:00:00-05:00,3.576653480529785,3.576653480529785,3.5696406059582584,3.576653480529785,4320,0.0,0.0
1994-03-25 00:00:00-05:00,3.583666355101312,3.583666355101312,3.576653480529785,3.576653480529785,3600,0.0,0.0
1994-03-28 00:00:00-05:00,3.5906792514261703,3.5906792514261703,3.5626266002655034,3.562626600265503,11520,0.0,0.0
1994-03-29 00:00:00-05:00,3.5486001620619523,3.5486001620619523,3.534574031829834,3.534574031829834,10080,0.0,0.0
1994-03-30 00:00:00-05:00,3.5345732181466554,3.5345732181466554,3.4644429683685303,3.4644429683685303,24480,0.0,0.0
1994-03-31 00:00:00-05:00,3.4644454434040832,3.4784711951895235,3.4153537712023088,3.4363927841186523,26640,0.0,0.0
1994-04-04 00:00:00-04:00,3.39431371803105,3.39431371803105,3.373274326324463,3.373274326324463,2880,0.0,0.0
1994-04-05 00:00:00-04:00,3.4223662050240353,3.4644446059230414,3.4223662050240353,3.450418472290039,8640,0.0,0.0
1994-04-06 00:00:00-04:00,3.4924948371370355,3.4924948371370355,3.4644429683685303,3.4644429683685303,1572480,0.0,0.0
1994-04-07 00:00:00-04:00,3.450418472290039,3.450418472290039,3.450418472290039,3.450418472290039,2160,0.0,0.0
1994-04-08 00:00:00-04:00,3.4446213980023286,3.4446213980023286,3.4302687644958496,3.4302687644958496,2160,0.19431,0.0
1994-04-11 00:00:00-04:00,3.545091269725625,3.545091269725625,3.5307386304005948,3.537914752960205,1445040,0.0,0.0
1994-04-12 00:00:00-04:00,3.573794364929199,3.573794364929199,3.573794364929199,3.573794364929199,1440,0.0,0.0
1994-04-13 00:00:00-04:00,3.573794364929199,3.573794364929199,3.573794364929199,3.573794364929199,1440,0.0,0.0
1994-04-14 00:00:00-04:00,3.573794364929199,3.573794364929199,3.573794364929199,3.573794364929199,1584000,0.0,0.0
1994-04-15 00:00:00-04:00,3.573794364929199,3.573794364929199,3.573794364929199,3.573794364929199,3600,0.0,0.0
1994-04-18 00:00:00-04:00,3.6599099389022482,3.6599099389022482,3.616852045059204,3.616852045059204,22320,0.0,0.0
1994-04-19 00:00:00-04:00,3.616852045059204,3.616852045059204,3.616852045059204,3.616852045059204,0,0.0,0.0
1994-04-20 00:00:00-04:00,3.616852241593057,3.6383809925816215,3.6096761226654053,3.6096761226654053,20880,0.0,0.0
1994-04-21 00:00:00-04:00,3.624029328890484,3.6527349948883057,3.624029328890484,3.6527349948883057,2160,0.0,0.0
1994-04-22 00:00:00-04:00,3.688615322113037,3.688615322113037,3.688615322113037,3.688615322113037,622080,0.0,0.0
1994-04-25 00:00:00-04:00,3.6886153405928668,3.7316732406616206,3.6886153405928668,3.731673240661621,13680,0.0,0.0
1994-04-26 00:00:00-04:00,3.7029669284820557,3.7029669284820557,3.7029669284820557,3.7029669284820557,1440,0.0,0.0
1994-04-28 00:00:00-04:00,3.731672930124503,3.746025562286377,3.7029676658007546,3.746025562286377,13680,0.0,0.0
1994-04-29 00:00:00-04:00,3.7316726219579044,3.7603778839111333,3.7316726219579044,3.760377883911133,2880,0.0,0.0
1994-05-02 00:00:00-04:00,3.7316732406616206,3.7316732406616206,3.7316732406616206,3.731673240661621,1440,0.0,0.0
1994-05-03 00:00:00-04:00,3.7603778839111333,3.8034357768409763,3.7316726219579044,3.760377883911133,74160,0.0,0.0
1994-05-04 00:00:00-04:00,3.731673221966073,3.731673221966073,3.688615322113037,3.688615322113037,2160,0.0,0.0
1994-05-05 00:00:00-04:00,3.6742641925811763,3.6742641925811763,3.6742641925811763,3.6742641925811768,3600,0.0,0.0
1994-05-06 00:00:00-04:00,3.674263101442261,3.7316732406616206,3.674263101442261,3.731673240661621,2880,0.0,0.0
1994-05-09 00:00:00-04:00,3.7316732406616206,3.7316732406616206,3.7316732406616206,3.731673240661621,0,0.0,0.0
1994-05-10 00:00:00-04:00,3.6742643913658153,3.7173223065509062,3.659911752970785,3.6957931518554688,7200,0.0,0.0
1994-05-11 00:00:00-04:00,3.688616509369451,3.7029691472734854,3.6455585956573486,3.6455585956573486,43920,0.0,0.0
1994-05-12 00:00:00-04:00,3.645557440524113,3.7460258740178722,3.645557440524113,3.731673240661621,18000,0.0,0.0
1994-05-13 00:00:00-04:00,3.717322426248615,3.717322426248615,3.5594433988195795,3.588149070739746,17280,0.0,0.0
1994-05-16 00:00:00-04:00,3.545089804118709,3.5594420433044434,3.502031903944565,3.5594420433044434,25200,0.0,0.0
1994-05-17 00:00:00-04:00,3.530738349236617,3.530738349236617,3.487680434690365,3.516385316848755,7920,0.0,0.0
1994-05-18 00:00:00-04:00,3.5163823661339144,3.5163823661339144,3.50203013420105,3.50203013420105,8640,0.0,0.0
1994-05-19 00:00:00-04:00,3.516383836371989,3.5881473912741138,3.516383836371989,3.573794364929199,10080,0.0,0.0
1994-05-20 00:00:00-04:00,3.573794364929199,3.573794364929199,3.573794364929199,3.573794364929199,720,0.0,0.0
1994-05-23 00:00:00-04:00,3.5594402445488504,3.5594402445488504,3.487677508062738,3.50203013420105,9360,0.0,0.0
1994-05-24 00:00:00-04:00,3.4446206092834473,3.4446206092834473,3.4446206092834473,3.4446206092834473,1440,0.0,0.0
1994-05-25 00:00:00-04:00,3.4159157430487275,3.4446206092834473,3.3585052221681684,3.4446206092834473,99360,0.0,0.0
1994-05-26 00:00:00-04:00,3.4446206092834473,3.4446206092834473,3.4446206092834473,3.4446206092834473,2880,0.0,0.0
1994-05-27 00:00:00-04:00,3.458972649991561,3.50203013420105,3.458972649991561,3.50203013420105,15120,0.0,0.0
1994-05-31 00:00:00-04:00,3.516384846424386,3.53073787689209,3.502032604368133,3.53073787689209,41040,0.0,0.0
1994-06-01 00:00:00-04:00,3.502033072872449,3.530738349236617,3.502033072872449,3.516385316848755,56160,0.0,0.0
1994-06-02 00:00:00-04:00,3.530735901355474,3.545088529586792,3.530735901355474,3.545088529586792,27360,0.0,0.0
1994-06-03 00:00:00-04:00,3.530735925793655,3.530735925793655,3.523559808731079,3.523559808731079,21600,0.0,0.0
1994-06-06 00:00:00-04:00,3.473327398300171,3.473327398300171,3.473327398300171,3.473327398300171,2880,0.0,0.0
1994-06-07 00:00:00-04:00,3.502030918767209,3.502030918767209,3.487678289413452,3.487678289413452,7920,0.0,0.0
1994-06-08 00:00:00-04:00,3.5450911541681913,3.588149070739746,3.5450911541681913,3.588149070739746,10800,0.0,0.0
1994-06-09 00:00:00-04:00,3.502030918767209,3.502030918767209,3.473325660059695,3.487678289413452,24480,0.0,0.0
1994-06-10 00:00:00-04:00,3.473324881924426,3.50203013420105,3.473324881924426,3.50203013420105,11520,0.0,0.0
1994-06-13 00:00:00-04:00,3.50203013420105,3.50203013420105,3.50203013420105,3.50203013420105,1440,0.0,0.0
1994-06-14 00:00:00-04:00,3.559440763612604,3.559440763612604,3.545088529586792,3.545088529586792,3600,0.0,0.0
1994-06-15 00:00:00-04:00,3.5594416910285624,3.580970441882123,3.5450894532632606,3.5666182041168213,10800,0.0,0.0
1994-06-16 00:00:00-04:00,3.545089494856206,3.573794364929199,3.545089494856206,3.573794364929199,4320,0.0,0.0
1994-06-17 00:00:00-04:00,3.5737928706871624,3.5737928706871624,3.50203013420105,3.50203013420105,7200,0.0,0.0
1994-06-20 00:00:00-04:00,3.487678289413452,3.4948544069875624,3.487678289413452,3.487678289413452,5040,0.0,0.0
1994-06-21 00:00:00-04:00,3.4733275986307324,3.494856357574463,3.4733275986307324,3.494856357574463,14400,0.0,0.0
1994-06-22 00:00:00-04:00,3.4948548460893614,3.4948548460893614,3.4159159660339355,3.4159159660339355,46080,0.0,0.0
1994-06-23 00:00:00-04:00,3.4446230790850043,3.4446230790850043,3.387212517040959,3.4015655517578125,28800,0.0,0.0
1994-06-24 00:00:00-04:00,3.3728597559373608,3.3728597559373608,3.3513309955596924,3.3513309955596924,17280,0.0,0.0
1994-06-27 00:00:00-04:00,3.4015643524407135,3.4159169878913,3.387211322784424,3.387211322784424,46800,0.0,0.0
1994-06-28 00:00:00-04:00,3.4015643524407135,3.4015643524407135,3.387211322784424,3.387211322784424,48240,0.0,0.0
1994-06-29 00:00:00-04:00,3.4159155368502034,3.487678289413452,3.4159155368502034,3.487678289413452,10800,0.0,0.0
1994-06-30 00:00:00-04:00,3.4302682029854052,3.4302682029854052,3.3872103095142396,3.4159159660339355,12960,0.0,0.0
1994-07-01 00:00:00-04:00,3.4159159660339355,3.4159159660339355,3.4159159660339355,3.4159159660339355,0,0.0,0.0
1994-07-05 00:00:00-04:00,3.4733258697237273,3.4733258697237273,3.4302679790633075,3.4446206092834473,5040,0.0,0.0
1994-07-06 00:00:00-04:00,3.4302692135034203,3.473327119658952,3.4302692135034203,3.466150999069214,15120,0.0,0.0
1994-07-07 00:00:00-04:00,3.4733275986307324,3.494856357574463,3.4733275986307324,3.494856357574463,9360,0.0,0.0
1994-07-08 00:00:00-04:00,3.473324881924426,3.50203013420105,3.473324881924426,3.50203013420105,2160,0.0,0.0
1994-07-11 00:00:00-04:00,3.588149070739746,3.588149070739746,3.588149070739746,3.588149070739746,7200,0.0,0.0
1994-07-12 00:00:00-04:00,3.573794364929199,3.6024996292078044,3.573794364929199,3.573794364929199,9360,0.0,0.0
1994-07-13 00:00:00-04:00,3.559440763612604,3.559440763612604,3.545088529586792,3.545088529586792,2880,0.0,0.0
1994-07-14 00:00:00-04:00,3.5594420433044434,3.5594420433044434,3.5594420433044434,3.5594420433044434,1440,0.0,0.0
1994-07-15 00:00:00-04:00,3.5737941512161604,3.616852045059204,3.5737941512161604,3.616852045059204,5040,0.0,0.0
1994-07-18 00:00:00-04:00,3.5881473716768406,3.6096761226654053,3.5881473716768406,3.6096761226654053,9360,0.0,0.0
1994-07-19 00:00:00-04:00,3.60967610002955,3.6383809697657616,3.5666182041168213,3.5666182041168213,28080,0.0,0.0
1994-07-20 00:00:00-04:00,3.5809702697538732,3.616852045059204,3.5809702697538732,3.616852045059204,5040,0.0,0.0
1994-07-21 00:00:00-04:00,3.6025013153911347,3.6168539542483193,3.588149070739746,3.588149070739746,5760,0.0,0.0
1994-07-22 00:00:00-04:00,3.5594417327898964,3.573794364929199,3.545089494856206,3.573794364929199,7200,0.0,0.0
1994-07-25 00:00:00-04:00,3.5594420433044434,3.5594420433044434,3.5594420433044434,3.5594420433044434,1440,0.0,0.0
1994-07-26 00:00:00-04:00,3.5450905131540686,3.5450905131540686,3.53073787689209,3.53073787689209,12960,0.0,0.0
1994-07-27 00:00:00-04:00,3.5307371707273276,3.5594420433044434,3.5307371707273276,3.5594420433044434,5760,0.0,0.0
1994-07-28 00:00:00-04:00,3.5450905131540686,3.5450905131540686,3.523561755863964,3.53073787689209,15840,0.0,0.0
1994-07-29 00:00:00-04:00,3.53073787689209,3.53073787689209,3.53073787689209,3.53073787689209,1440,0.0,0.0
1994-08-01 00:00:00-04:00,3.5666180326784476,3.616852045059204,3.5666180326784476,3.616852045059204,2160,0.0,0.0
1994-08-02 00:00:00-04:00,3.659911632537842,3.674264270460585,3.659911632537842,3.659911632537842,9360,0.0,0.0
1994-08-03 00:00:00-04:00,3.6742641925811763,3.6742641925811763,3.6742641925811763,3.6742641925811768,1440,0.0,0.0
1994-08-04 00:00:00-04:00,3.6742641925811763,3.6742641925811763,3.6742641925811763,3.6742641925811768,21600,0.0,0.0
1994-08-05 00:00:00-04:00,3.724498987197876,3.724498987197876,3.724498987197876,3.724498987197876,1440,0.0,0.0
1994-08-08 00:00:00-04:00,3.7890853881835938,3.7890853881835938,3.7890853881835938,3.7890853881835938,2160,0.0,0.0
1994-08-09 00:00:00-04:00,3.7316751103686814,3.7316751103686814,3.7029698292737727,3.724498987197876,12960,0.0,0.0
1994-08-10 00:00:00-04:00,3.7029669284820557,3.7029669284820557,3.7029669284820557,3.7029669284820557,720,0.0,0.0
1994-08-11 00:00:00-04:00,3.6670876766690323,3.6742641925811763,3.6670876766690323,3.6742641925811768,2880,0.0,0.0
1994-08-12 00:00:00-04:00,3.875198616015382,3.9039034843444824,3.860845984748037,3.9039034843444824,23760,0.0,0.0
1994-08-15 00:00:00-04:00,3.9613146696373254,3.9613146696373254,3.9039041349994617,3.932609796524048,132480,0.0,0.0
1994-08-16 00:00:00-04:00,3.932609640844572,3.9613145128215153,3.932609640844572,3.9469618797302246,18000,0.0,0.0
1994-08-17 00:00:00-04:00,3.9469618797302246,3.9469618797302246,3.9469618797302246,3.9469618797302246,0,0.0,0.0
1994-08-18 00:00:00-04:00,3.9254322052001953,3.9254322052001953,3.9254322052001953,3.9254322052001953,2880,0.0,0.0
1994-08-19 00:00:00-04:00,3.9684925107242197,3.9828455448150635,3.9684925107242197,3.9828455448150635,2880,0.0,0.0
1994-08-22 00:00:00-04:00,3.982844551378033,3.982844551378033,3.975668430328369,3.975668430328369,8640,0.0,0.0
1994-08-23 00:00:00-04:00,3.9613149166107178,3.9613149166107178,3.9613149166107178,3.9613149166107178,720,0.0,0.0
1994-08-24 00:00:00-04:00,3.9469603502071458,4.018723487854004,3.9469603502071458,4.018723487854004,13680,0.0,0.0
1994-08-25 00:00:00-04:00,4.025903500569415,4.033079624176025,4.025903500569415,4.033079624176025,5760,0.0,0.0
1994-08-26 00:00:00-04:00,4.076135158538818,4.090487791542759,4.076135158538818,4.076135158538818,10080,0.0,0.0
1994-08-29 00:00:00-04:00,4.076134652825286,4.104840309477381,4.076134652825286,4.097663402557373,16560,0.0,0.0
1994-08-30 00:00:00-04:00,4.112019349083944,4.112019349083944,4.025903500569415,4.033079624176025,10080,0.0,0.0
1994-08-31 00:00:00-04:00,4.018723487854004,4.018723487854004,4.018723487854004,4.018723487854004,3600,0.0,0.0
1994-09-01 00:00:00-04:00,4.025899604515947,4.025899604515947,4.018723487854004,4.018723487854004,2880,0.0,0.0
1994-09-02 00:00:00-04:00,4.0043721420816585,4.061782670575646,3.9900195099581612,4.047430038452148,14400,0.0,0.0
1994-09-06 00:00:00-04:00,4.090489109993417,4.119194385253612,4.076136472363319,4.08331298828125,10080,0.0,0.0
1994-09-07 00:00:00-04:00,4.068959712982178,4.068959712982178,4.068959712982178,4.068959712982178,2160,0.0,0.0
1994-09-08 00:00:00-04:00,4.1048407554626465,4.1048407554626465,4.1048407554626465,4.1048407554626465,5040,0.0,0.0
1994-09-09 00:00:00-04:00,4.1191935539245605,4.1191935539245605,4.1191935539245605,4.1191935539245605,3600,0.0,0.0
1994-09-12 00:00:00-04:00,4.090489148751956,4.090489148751956,4.061784267425537,4.061784267425537,19440,0.0,0.0
1994-09-13 00:00:00-04:00,4.061782919740514,4.076135158538818,4.047430286736573,4.076135158538818,128160,0.0,0.0
1994-09-14 00:00:00-04:00,4.047428742912747,4.047428742912747,4.018723487854004,4.018723487854004,20160,0.0,0.0
1994-09-15 00:00:00-04:00,4.033079624176025,4.033079624176025,4.033079624176025,4.033079624176025,34560,0.0,0.0
1994-09-16 00:00:00-04:00,4.033075867991121,4.054605007171631,4.033075867991121,4.054605007171631,5760,0.0,0.0
1994-09-19 00:00:00-04:00,4.0187252304938275,4.0187252304938275,4.004372596740723,4.004372596740723,2160,0.0,0.0
1994-09-20 00:00:00-04:00,3.9756675401184447,3.9756675401184447,3.9469618797302246,3.9469618797302246,12240,0.0,0.0
1994-09-21 00:00:00-04:00,3.9469618797302246,3.9469618797302246,3.9469618797302246,3.9469618797302246,1440,0.0,0.0
1994-09-22 00:00:00-04:00,3.939785916250954,3.939785916250954,3.932609796524048,3.932609796524048,2160,0.0,0.0
1994-09-23 00:00:00-04:00,3.9469618797302246,3.9469618797302246,3.9469618797302246,3.9469618797302246,1440,0.0,0.0
1994-09-26 00:00:00-04:00,3.9254333563424435,3.9254333563424435,3.9039042083459288,3.918257236480713,5040,0.0,0.0
1994-09-27 00:00:00-04:00,3.9326100417077967,3.9900201857193176,3.9326100417077967,3.9613149166107178,15840,0.0,0.0
1994-09-28 00:00:00-04:00,3.968489170074463,4.018723564487938,3.968489170074463,3.968489170074463,12240,0.0,0.0
1994-09-29 00:00:00-04:00,4.03307572117789,4.047428742912747,4.018723487854004,4.018723487854004,40320,0.0,0.0
1994-09-30 00:00:00-04:00,4.033075867991121,4.061781518300301,4.00437100609294,4.054605007171631,33840,0.0,0.0
1994-10-03 00:00:00-04:00,4.033078990495023,4.033078990495023,3.9900214672088623,3.9900214672088623,8640,0.0,0.0
1994-10-04 00:00:00-04:00,4.040252626250805,4.040252626250805,4.018723487854004,4.018723487854004,38160,0.0,0.0
1994-10-05 00:00:00-04:00,4.004372596740723,4.004372596740723,4.004372596740723,4.004372596740723,720,0.0,0.0
1994-10-06 00:00:00-04:00,3.9756692222506786,3.9900214672088623,3.9756692222506786,3.9900214672088623,2160,0.0,0.0
1994-10-07 00:00:00-04:00,3.975668430328369,3.975668430328369,3.975668430328369,3.975668430328369,2880,0.0,0.0
1994-10-10 00:00:00-04:00,3.9971947436626896,4.018723487854004,3.9971947436626896,4.018723487854004,3600,0.0,0.0
1994-10-11 00:00:00-04:00,4.040256023406982,4.040256023406982,4.040256023406982,4.040256023406982,720,0.0,0.0
1994-10-12 00:00:00-04:00,4.068958534316453,4.097663402557373,4.068958534316453,4.097663402557373,17280,0.0,0.0
1994-10-13 00:00:00-04:00,4.1335455646074495,4.155074316354572,4.1335455646074495,4.147898197174072,41760,0.0,0.0
1994-10-14 00:00:00-04:00,4.162250518798828,4.162250518798828,4.162250518798828,4.162250518798828,32400,0.0,0.0
1994-10-17 00:00:00-04:00,4.2411911885678375,4.277072581991658,4.2411911885678375,4.2483673095703125,58320,0.0,0.0
1994-10-18 00:00:00-04:00,4.255542588706824,4.255542588706824,4.2196608114995575,4.241189956665039,61200,0.0,0.0
1994-10-19 00:00:00-04:00,4.241189956665039,4.241189956665039,4.241189956665039,4.241189956665039,1440,0.0,0.0
1994-10-20 00:00:00-04:00,4.212483882904053,4.212483882904053,4.212483882904053,4.212483882904053,720,0.0,0.0
1994-10-21 00:00:00-04:00,4.190957149050623,4.2053093910217285,4.190957149050623,4.2053093910217285,28800,0.0,0.0
1994-10-24 00:00:00-04:00,4.248366735438271,4.248366735438271,4.1909565925598145,4.1909565925598145,9360,0.0,0.0
1994-10-25 00:00:00-04:00,4.176605224609375,4.183781346817811,4.162252191780922,4.176605224609375,9360,0.0,0.0
1994-10-26 00:00:00-04:00,4.19813346862793,4.19813346862793,4.19813346862793,4.19813346862793,14400,0.0,0.0
1994-10-27 00:00:00-04:00,4.16225092981208,4.1909565925598145,4.147898689746719,4.1909565925598145,45360,0.0,0.0
1994-10-28 00:00:00-04:00,4.212483882904053,4.212483882904053,4.212483882904053,4.212483882904053,2160,0.0,0.0
1994-10-31 00:00:00-05:00,4.2411887498549605,4.2411887498549605,4.22683572769165,4.22683572769165,23040,0.0,0.0
1994-11-01 00:00:00-05:00,4.248368421738534,4.262721061706543,4.248368421738534,4.262721061706543,7920,0.0,0.0
1994-11-02 00:00:00-05:00,4.219661466896207,4.219661466896207,4.176603958288783,4.1909565925598145,24480,0.0,0.0
1994-11-03 00:00:00-05:00,4.162250518798828,4.162250518798828,4.162250518798828,4.162250518798828,47520,0.0,0.0
1994-11-04 00:00:00-05:00,4.155074378893468,4.155074378893468,4.1048407554626465,4.1048407554626465,12960,0.0,0.0
1994-11-07 00:00:00-05:00,4.162252191780922,4.176605224609375,4.162252191780922,4.176605224609375,9360,0.0,0.0
1994-11-08 00:00:00-05:00,4.1766035458582005,4.1766035458582005,4.133545647296979,4.162250518798828,7200,0.0,0.0
1994-11-09 00:00:00-05:00,4.133546188658032,4.133546188658032,4.1191935539245605,4.1191935539245605,5040,0.0,0.0
1994-11-10 00:00:00-05:00,4.104840818752336,4.104840818752336,4.076135158538818,4.076135158538818,7200,0.0,0.0
1994-11-11 00:00:00-05:00,4.047430038452148,4.047430038452148,4.047430038452148,4.047430038452148,14400,0.0,0.0
1994-11-14 00:00:00-05:00,4.047430038452148,4.047430038452148,4.047430038452148,4.047430038452148,0,0.0,0.0
1994-11-15 00:00:00-05:00,4.076136472363319,4.13354702288371,4.076136472363319,4.08331298828125,15120,0.0,0.0
1994-11-16 00:00:00-05:00,4.090488910675049,4.090488910675049,4.090488910675049,4.090488910675049,2160,0.0,0.0
1994-11-17 00:00:00-05:00,4.03307701212304,4.047430038452148,4.03307701212304,4.047430038452148,19440,0.0,0.0
1994-11-18 00:00:00-05:00,4.068958789534588,4.076134908493531,4.047430038452148,4.047430038452148,38160,0.0,0.0
1994-11-21 00:00:00-05:00,4.025901068803464,4.025901068803464,3.9971961975097656,3.9971961975097656,725040,0.0,0.0
1994-11-22 00:00:00-05:00,3.9828421920830213,3.9828421920830213,3.968489170074463,3.968489170074463,3600,0.0,0.0
1994-11-23 00:00:00-05:00,3.968489170074463,3.968489170074463,3.968489170074463,3.968489170074463,0,0.0,0.0
1994-11-25 00:00:00-05:00,3.968489170074463,3.968489170074463,3.968489170074463,3.968489170074463,0,0.0,0.0
1994-11-28 00:00:00-05:00,3.975668430328369,3.975668430328369,3.975668430328369,3.975668430328369,1440,0.0,0.0
1994-11-29 00:00:00-05:00,4.03307701212304,4.047430038452148,4.03307701212304,4.047430038452148,4320,0.0,0.0
1994-11-30 00:00:00-05:00,4.025900363922119,4.025900363922119,4.025900363922119,4.025900363922119,5040,0.0,0.0
1994-12-01 00:00:00-05:00,4.018724949531447,4.018724949531447,3.9971961975097656,3.9971961975097656,1440,0.0,0.0
1994-12-02 00:00:00-05:00,3.9850683212280273,3.9850683212280273,3.9850683212280273,3.9850683212280273,0,0.05764,0.0
1994-12-05 00:00:00-05:00,3.9850683212280273,3.9850683212280273,3.9850683212280273,3.9850683212280273,720,0.0,0.0
1994-12-06 00:00:00-05:00,3.9922878742218018,3.9922878742218018,3.9922878742218018,3.9922878742218018,2882160,0.0,0.0
1994-12-07 00:00:00-05:00,4.028382778167725,4.028382778167725,4.028382778167725,4.028382778167725,1440,0.0,0.0
1994-12-08 00:00:00-05:00,4.042822697220348,4.042822697220348,3.9706292152404785,3.9706292152404785,2788560,0.0,0.0
1994-12-09 00:00:00-05:00,3.956190891667584,3.956190891667584,3.9417521953582764,3.9417521953582764,88560,0.0,0.0
1994-12-12 00:00:00-05:00,3.912874765661012,3.912874765661012,3.8912169196869946,3.8984360694885254,41760,0.0,0.0
1994-12-13 00:00:00-05:00,3.8912163712399264,3.9200933629454098,3.8839968258865287,3.9056546688079834,6480,0.0,0.0
1994-12-14 00:00:00-05:00,3.905654668807984,3.905654668807984,3.905654668807984,3.9056546688079834,0,0.0,0.0
1994-12-15 00:00:00-05:00,4.05726432800293,4.071703432822633,4.050045172162834,4.05726432800293,8640,0.0,0.0
1994-12-16 00:00:00-05:00,4.071699409361577,4.107795946032674,4.071699409361577,4.100576400756836,32400,0.0,0.0
1994-12-19 00:00:00-05:00,4.100576400756836,4.100576400756836,4.100576400756836,4.100576400756836,0,0.0,0.0
1994-12-20 00:00:00-05:00,4.078918933868408,4.078918933868408,4.078918933868408,4.078918933868408,5040,0.0,0.0
1994-12-21 00:00:00-05:00,4.100576646460761,4.12223449044727,4.08613834818268,4.1077961921691895,12960,0.0,0.0
1994-12-22 00:00:00-05:00,4.129456674866191,4.143894980983734,4.122236728668213,4.122236728668213,6480,0.0,0.0
1994-12-23 00:00:00-05:00,4.100576400756836,4.100576400756836,4.100576400756836,4.100576400756836,2160,0.0,0.0
1994-12-27 00:00:00-05:00,4.115015094739148,4.115015094739148,4.100576400756836,4.100576400756836,2880,0.0,0.0
1994-12-28 00:00:00-05:00,4.129455280158142,4.172770977020264,4.129455280158142,4.172770977020264,10800,0.0,0.0
1994-12-29 00:00:00-05:00,4.158332279209733,4.172770977020264,4.158332279209733,4.172770977020264,2880,0.0,0.0
1994-12-30 00:00:00-05:00,4.2016483992300255,4.216087097131926,4.2016483992300255,4.20886754989624,5760,0.0,0.0
1995-01-03 00:00:00-05:00,4.20886754989624,4.20886754989624,4.20886754989624,4.20886754989624,0,0.0,0.0
1995-01-04 00:00:00-05:00,4.179991407014867,4.187210559844971,4.179991407014867,4.187210559844971,4320,0.0,0.0
1995-01-05 00:00:00-05:00,4.179990768432617,4.179990768432617,4.179990768432617,4.179990768432617,720,0.0,0.0
1995-01-06 00:00:00-05:00,4.158333047631203,4.158333047631203,4.129456043243408,4.129456043243408,2160,0.0,0.0
1995-01-09 00:00:00-05:00,4.143893581399203,4.172770977020264,4.143893581399203,4.172770977020264,10080,0.0,0.0
1995-01-10 00:00:00-05:00,4.151113033294678,4.165551334204287,4.151113033294678,4.151113033294678,2880,0.0,0.0
1995-01-11 00:00:00-05:00,4.1944288103005425,4.1944288103005425,4.158331871032715,4.158331871032715,7920,0.0,0.0
1995-01-12 00:00:00-05:00,4.201649754006649,4.230526762552058,4.201649754006649,4.2233076095581055,12240,0.0,0.0
1995-01-13 00:00:00-05:00,4.2377449834293515,4.259403228759766,4.2377449834293515,4.259403228759766,8640,0.0,0.0
1995-01-16 00:00:00-05:00,4.273840771601541,4.302718162536621,4.273840771601541,4.302718162536621,5040,0.0,0.0
1995-01-17 00:00:00-05:00,4.244964436278462,4.259403531906034,4.23774528503418,4.23774528503418,9360,0.0,0.0
1995-01-18 00:00:00-05:00,4.216085910797119,4.216085910797119,4.201647216958021,4.216085910797119,7200,0.0,0.0
1995-01-19 00:00:00-05:00,4.172771210038226,4.172771210038226,4.158332511421403,4.165551662445068,12240,0.0,0.0
1995-01-20 00:00:00-05:00,4.158333551954965,4.187210559844971,4.158333551954965,4.187210559844971,3600,0.0,0.0
1995-01-23 00:00:00-05:00,4.129456043243408,4.129456043243408,4.1005782457165285,4.129456043243408,7200,0.0,0.0
1995-01-24 00:00:00-05:00,4.115017582305001,4.136675834655762,4.115017582305001,4.136675834655762,7920,0.0,0.0
1995-01-25 00:00:00-05:00,4.158332279209733,4.172770977020264,4.158332279209733,4.172770977020264,4320,0.0,0.0
1995-01-26 00:00:00-05:00,4.172770977020264,4.172770977020264,4.172770977020264,4.172770977020264,1440,0.0,0.0
1995-01-27 00:00:00-05:00,4.230525436129389,4.259403228759766,4.230525436129389,4.259403228759766,10080,0.0,0.0
1995-01-30 00:00:00-05:00,4.302719917411652,4.3243781677310364,4.302719917411652,4.317158222198486,4320,0.0,0.0
1995-01-31 00:00:00-05:00,4.30271781600806,4.30271781600806,4.273840427398682,4.273840427398682,5760,0.0,0.0
1995-02-01 00:00:00-05:00,4.273841530220741,4.317157227742618,4.259403228759766,4.259403228759766,5040,0.0,0.0
1995-02-02 00:00:00-05:00,4.252182187656961,4.273840427398682,4.252182187656961,4.273840427398682,4320,0.0,0.0
1995-02-03 00:00:00-05:00,4.244966105706872,4.244966105706872,4.230527400970459,4.230527400970459,7920,0.0,0.0
1995-02-06 00:00:00-05:00,4.2160869326596835,4.2160869326596835,4.158332143305131,4.201648235321045,18000,0.0,0.0
1995-02-07 00:00:00-05:00,4.187209141412951,4.230525233428865,4.17277084064377,4.201648235321045,20880,0.0,0.0
1995-02-08 00:00:00-05:00,4.20886754989624,4.20886754989624,4.20886754989624,4.20886754989624,720,0.0,0.0
1995-02-09 00:00:00-05:00,4.20886754989624,4.20886754989624,4.20886754989624,4.20886754989624,0,0.0,0.0
1995-02-10 00:00:00-05:00,4.20886754989624,4.20886754989624,4.20886754989624,4.20886754989624,0,0.0,0.0
1995-02-13 00:00:00-05:00,4.20886754989624,4.20886754989624,4.20886754989624,4.20886754989624,1440,0.0,0.0
1995-02-14 00:00:00-05:00,4.20886754989624,4.20886754989624,4.20886754989624,4.20886754989624,0,0.0,0.0
1995-02-15 00:00:00-05:00,4.20886754989624,4.20886754989624,4.20886754989624,4.20886754989624,0,0.0,0.0
1995-02-16 00:00:00-05:00,4.20886754989624,4.20886754989624,4.20886754989624,4.20886754989624,0,0.0,0.0
1995-02-17 00:00:00-05:00,4.252182187656961,4.273840427398682,4.252182187656961,4.273840427398682,5760,0.0,0.0
1995-02-21 00:00:00-05:00,4.244963038789304,4.273840427398682,4.244963038789304,4.273840427398682,2160,0.0,0.0
1995-02-22 00:00:00-05:00,4.252182595874447,4.2882795333862305,4.252182595874447,4.2882795333862305,9360,0.0,0.0
1995-02-23 00:00:00-05:00,4.3315973201244535,4.338816472517871,4.317158222198486,4.317158222198486,34560,0.0,0.0
1995-02-24 00:00:00-05:00,4.331595420837402,4.331595420837402,4.331595420837402,4.331595420837402,2160,0.0,0.0
1995-02-27 00:00:00-05:00,4.295499731570506,4.309938430786133,4.288280580247447,4.309938430786133,41040,0.0,0.0
1995-02-28 00:00:00-05:00,4.273839578579029,4.295497417449951,4.273839578579029,4.295497417449951,17280,0.0,0.0
1995-03-01 00:00:00-05:00,4.295497417449951,4.302716961453121,4.295497417449951,4.295497417449951,7920,0.0,0.0
1995-03-02 00:00:00-05:00,4.295498484989144,4.346034115862827,4.295498484989144,4.331595420837402,8640,0.0,0.0
1995-03-03 00:00:00-05:00,4.331596562044013,4.382131413092871,4.331596562044013,4.374912261962891,13680,0.0,0.0
1995-03-06 00:00:00-05:00,4.396570041476425,4.396570041476425,4.389350891113281,4.389350891113281,7920,0.0,0.0
1995-03-07 00:00:00-05:00,4.360472952999095,4.403789043426514,4.360472952999095,4.403789043426514,82800,0.0,0.0
1995-03-08 00:00:00-05:00,4.382130292280473,4.382130292280473,4.367691993713379,4.367691993713379,8640,0.0,0.0
1995-03-09 00:00:00-05:00,4.360473099952344,4.389350891113281,4.353253949589201,4.389350891113281,79920,0.0,0.0
1995-03-10 00:00:00-05:00,4.346035260873472,4.374912261962891,4.346035260873472,4.374912261962891,2880,0.0,0.0
1995-03-13 00:00:00-05:00,4.360474109649658,4.360474109649658,4.360474109649658,4.360474109649658,2160,0.0,0.0
1995-03-14 00:00:00-05:00,4.346033573150635,4.346033573150635,4.346033573150635,4.346033573150635,720,0.0,0.0
1995-03-15 00:00:00-05:00,4.331597104940966,4.360474109649658,4.331597104940966,4.360474109649658,11520,0.0,0.0
1995-03-16 00:00:00-05:00,4.374911649808235,4.418227740235653,4.374911649808235,4.403789043426514,8640,0.0,0.0
1995-03-17 00:00:00-05:00,4.432664933978573,4.432664933978573,4.41822624206543,4.41822624206543,7200,0.0,0.0
1995-03-20 00:00:00-05:00,4.447105731092161,4.4543256759643555,4.447105731092161,4.4543256759643555,56880,0.0,0.0
1995-03-21 00:00:00-05:00,4.4543256759643555,4.4543256759643555,4.4543256759643555,4.4543256759643555,23040,0.0,0.0
1995-03-22 00:00:00-05:00,4.475983619689941,4.475983619689941,4.475983619689941,4.475983619689941,2160,0.0,0.0
1995-03-23 00:00:00-05:00,4.447103977203369,4.447103977203369,4.447103977203369,4.447103977203369,1440,0.0,0.0
1995-03-24 00:00:00-05:00,4.418227944435847,4.461544036865234,4.418227944435847,4.461544036865234,16560,0.0,0.0
1995-03-27 00:00:00-05:00,4.533737964224473,4.533737964224473,4.51207971572876,4.51207971572876,13680,0.0,0.0
1995-03-28 00:00:00-05:00,4.540956497192383,4.540956497192383,4.540956497192383,4.540956497192383,24480,0.0,0.0
1995-03-29 00:00:00-05:00,4.584274122331469,4.605931976663918,4.562615871429443,4.562615871429443,21600,0.0,0.0
1995-03-30 00:00:00-05:00,4.577051162719727,4.577051162719727,4.577051162719727,4.577051162719727,1440,0.0,0.0
1995-03-31 00:00:00-05:00,4.620370388031006,4.620370388031006,4.605932082523917,4.620370388031006,18720,0.0,0.0
1995-04-03 00:00:00-04:00,4.663684466445951,4.685342311859131,4.649246167216774,4.685342311859131,45360,0.0,0.0
1995-04-04 00:00:00-04:00,4.6636840368824455,4.6636840368824455,4.649245738983154,4.649245738983154,53280,0.0,0.0
1995-04-05 00:00:00-04:00,4.685342311859131,4.70700015727231,4.685342311859131,4.685342311859131,41040,0.0,0.0
1995-04-06 00:00:00-04:00,4.707001209259033,4.707001209259033,4.707001209259033,4.707001209259033,1880640,0.0,0.0
1995-04-07 00:00:00-04:00,4.7133612632751465,4.7133612632751465,4.698632368366476,4.7133612632751465,5760,0.22333,0.0
1995-04-10 00:00:00-04:00,4.691266912445363,4.691266912445363,4.669172763824463,4.669172763824463,4320,0.0,0.0
1995-04-11 00:00:00-04:00,4.65444669205426,4.65444669205426,4.624988079071045,4.624988079071045,14400,0.0,0.0
1995-04-12 00:00:00-04:00,4.610259532928467,4.610259532928467,4.5955298207488395,4.610259532928467,1400400,0.0,0.0
1995-04-13 00:00:00-04:00,4.5955281257629395,4.5955281257629395,4.5955281257629395,4.5955281257629395,720,0.0,0.0
1995-04-17 00:00:00-04:00,4.62498941091284,4.65444803237915,4.62498941091284,4.65444803237915,2880,0.0,0.0
1995-04-18 00:00:00-04:00,4.639716448801619,4.647080898284912,4.624987145283865,4.647080898284912,26640,0.0,0.0
1995-04-19 00:00:00-04:00,4.5955281257629395,4.5955281257629395,4.5955281257629395,4.5955281257629395,12240,0.0,0.0
1995-04-20 00:00:00-04:00,4.580798625946045,4.580798625946045,4.580798625946045,4.580798625946045,4320,0.0,0.0
1995-04-21 00:00:00-04:00,4.5955298207488395,4.6249884360055304,4.5955298207488395,4.610259532928467,4320,0.0,0.0
1995-04-24 00:00:00-04:00,4.6249884360055304,4.6249884360055304,4.610259532928467,4.610259532928467,16560,0.0,0.0
1995-04-25 00:00:00-04:00,4.632351398468018,4.632351398468018,4.632351398468018,4.632351398468018,3600,0.0,0.0
1995-04-26 00:00:00-04:00,4.632353292095344,4.632353292095344,4.610259532928467,4.610259532928467,4320,0.0,0.0
1995-04-27 00:00:00-04:00,4.610259532928467,4.610259532928467,4.610259532928467,4.610259532928467,0,0.0,0.0
1995-04-28 00:00:00-04:00,4.654445148603341,4.654445148603341,4.610257648332694,4.632351398468018,13680,0.0,0.0
1995-05-01 00:00:00-04:00,4.632351246729041,4.66180944442749,4.632351246729041,4.66180944442749,3600,0.0,0.0
1995-05-02 00:00:00-04:00,4.669172763824463,4.698631763502665,4.639714573248272,4.669172763824463,20880,0.0,0.0
1995-05-03 00:00:00-04:00,4.698632995578749,4.698632995578749,4.683903694152832,4.683903694152832,10080,0.0,0.0
1995-05-04 00:00:00-04:00,4.72072611528054,4.742820266745662,4.7133612632751465,4.7133612632751465,17280,0.0,0.0
1995-05-05 00:00:00-04:00,4.683903694152832,4.683903694152832,4.683903694152832,4.683903694152832,1440,0.0,0.0
1995-05-08 00:00:00-04:00,4.669172864452739,4.691267013549805,4.669172864452739,4.691267013549805,7200,0.0,0.0
1995-05-09 00:00:00-04:00,4.55134043940557,4.55134043940557,4.485058784484863,4.485058784484863,39600,0.0,0.0
1995-05-10 00:00:00-04:00,4.485059337055212,4.52188239331427,4.404047966003418,4.404047966003418,36720,0.0,0.0
1995-05-11 00:00:00-04:00,4.404047966003418,4.404047966003418,4.374589763726871,4.404047966003418,59760,0.0,0.0
1995-05-12 00:00:00-04:00,4.374589267681803,4.381953716278076,4.374589267681803,4.381953716278076,11520,0.0,0.0
1995-05-15 00:00:00-04:00,4.396684646606445,4.396684646606445,4.374590888082714,4.396684646606445,4320,0.0,0.0
1995-05-16 00:00:00-04:00,4.359861842690622,4.433508383110949,4.359861842690622,4.411414623260498,34560,0.0,0.0
1995-05-17 00:00:00-04:00,4.418779075026883,4.440872834877334,4.404049362391524,4.411414623260498,38880,0.0,0.0
1995-05-18 00:00:00-04:00,4.374589267681803,4.381953716278076,4.374589267681803,4.381953716278076,7200,0.0,0.0
1995-05-19 00:00:00-04:00,4.3893208503723145,4.3893208503723145,4.3893208503723145,4.3893208503723145,2880,0.0,0.0
1995-05-22 00:00:00-04:00,4.404049388165287,4.455602169036865,4.404049388165287,4.455602169036865,32400,0.0,0.0
1995-05-23 00:00:00-04:00,4.433506965637207,4.433506965637207,4.433506965637207,4.433506965637207,720,0.0,0.0
1995-05-24 00:00:00-04:00,4.433506965637207,4.433506965637207,4.433506965637207,4.433506965637207,0,0.0,0.0
1995-05-25 00:00:00-04:00,4.5660697289369185,4.595527927506286,4.5660697289369185,4.580798625946045,18000,0.0,0.0
1995-05-26 00:00:00-04:00,4.580798823567258,4.5955281257629395,4.580798823567258,4.5955281257629395,3600,0.0,0.0
1995-05-30 00:00:00-04:00,4.5881633524215815,4.5881633524215815,4.566069602966309,4.566069602966309,15120,0.0,0.0
1995-05-31 00:00:00-04:00,4.551340301812425,4.573434051267698,4.551340301812425,4.566069602966309,15840,0.0,0.0
1995-06-01 00:00:00-04:00,4.558706951955295,4.588165568491483,4.558706951955295,4.573436260223389,20880,0.0,0.0
1995-06-02 00:00:00-04:00,4.536613249851061,4.551342964172363,4.536613249851061,4.551342964172363,5040,0.0,0.0
1995-06-05 00:00:00-04:00,4.551341951164257,4.624988079071045,4.551341951164257,4.624988079071045,12240,0.0,0.0
1995-06-06 00:00:00-04:00,4.59552946608783,4.624988079071045,4.59552946608783,4.624988079071045,4320,0.0,0.0
1995-06-07 00:00:00-04:00,4.632351246729041,4.669173892714326,4.632351246729041,4.66180944442749,4320,0.0,0.0
1995-06-08 00:00:00-04:00,4.647078517240272,4.691266405152787,4.647078517240272,4.67653751373291,11520,0.0,0.0
1995-06-09 00:00:00-04:00,4.66180959713141,4.66180959713141,4.632351398468018,4.632351398468018,10800,0.0,0.0
1995-06-12 00:00:00-04:00,4.683903694152832,4.705997444016152,4.683903694152832,4.683903694152832,5760,0.0,0.0
1995-06-13 00:00:00-04:00,4.698631864765831,4.698631864765831,4.691267013549805,4.691267013549805,40320,0.0,0.0
1995-06-14 00:00:00-04:00,4.7133612632751465,4.7133612632751465,4.698632368366476,4.7133612632751465,43920,0.0,0.0
1995-06-15 00:00:00-04:00,4.7133612632751465,4.7133612632751465,4.7133612632751465,4.7133612632751465,0,0.0,0.0
1995-06-16 00:00:00-04:00,4.728092016955383,4.7575506249354325,4.728092016955383,4.735456466674805,4320,0.0,0.0
1995-06-19 00:00:00-04:00,4.698632995578749,4.698632995578749,4.683903694152832,4.683903694152832,49680,0.0,0.0
1995-06-20 00:00:00-04:00,4.7133612632751465,4.7280905627348755,4.7133612632751465,4.7133612632751465,8640,0.0,0.0
1995-06-21 00:00:00-04:00,4.7133612632751465,4.7133612632751465,4.7133612632751465,4.7133612632751465,0,0.0,0.0
1995-06-22 00:00:00-04:00,4.816469669342041,4.845927883953948,4.787011050178799,4.816469669342041,18000,0.0,0.0
1995-06-23 00:00:00-04:00,4.772281646728516,4.772281646728516,4.772281646728516,4.772281646728516,1440,0.0,0.0
1995-06-26 00:00:00-04:00,4.7722779774546575,4.7722779774546575,4.742819786071777,4.742819786071777,7200,0.0,0.0
1995-06-27 00:00:00-04:00,4.72809362411499,4.72809362411499,4.72809362411499,4.72809362411499,39600,0.0,0.0
1995-06-28 00:00:00-04:00,4.7133612632751465,4.7133612632751465,4.7133612632751465,4.7133612632751465,2160,0.0,0.0
1995-06-29 00:00:00-04:00,4.676539443173539,4.728091393514267,4.676539443173539,4.698633193969727,7920,0.0,0.0
1995-06-30 00:00:00-04:00,4.698634845722697,4.757551670074463,4.698634845722697,4.757551670074463,21600,0.0,0.0
1995-07-03 00:00:00-04:00,4.757551670074463,4.757551670074463,4.757551670074463,4.757551670074463,1440,0.0,0.0
1995-07-05 00:00:00-04:00,4.764917858640265,4.787011623382568,4.764917858640265,4.787011623382568,13680,0.0,0.0
1995-07-06 00:00:00-04:00,4.772282312037238,4.787011623382568,4.772282312037238,4.787011623382568,9360,0.0,0.0
1995-07-07 00:00:00-04:00,4.772280977300222,4.772280977300222,4.742822767399975,4.757551670074463,29520,0.0,0.0
1995-07-10 00:00:00-04:00,4.772278134988629,4.7870074334417945,4.772278134988629,4.779642581939697,13680,0.0,0.0
1995-07-11 00:00:00-04:00,4.816466983656493,4.831196285024984,4.809102535247803,4.809102535247803,16560,0.0,0.0
1995-07-12 00:00:00-04:00,4.816469669342041,4.816469669342041,4.816469669342041,4.816469669342041,1440,0.0,0.0
1995-07-13 00:00:00-04:00,4.860654830932617,4.860654830932617,4.860654830932617,4.860654830932617,135360,0.0,0.0
1995-07-14 00:00:00-04:00,4.816468432847181,4.831197738647461,4.809103982222657,4.831197738647461,15120,0.0,0.0
1995-07-17 00:00:00-04:00,4.831197860008156,4.845926761627197,4.831197860008156,4.845926761627197,9360,0.0,0.0
1995-07-18 00:00:00-04:00,4.845926761627197,4.845926761627197,4.845926761627197,4.845926761627197,2160,0.0,0.0
1995-07-19 00:00:00-04:00,4.860656246347297,4.860656246347297,4.838562488555908,4.838562488555908,9360,0.0,0.0
1995-07-20 00:00:00-04:00,4.8164687307645195,4.8532917952672525,4.8164687307645195,4.838562488555908,34560,0.0,0.0
1995-07-21 00:00:00-04:00,4.801738739013672,4.801738739013672,4.801738739013672,4.801738739013672,2160,0.0,0.0
1995-07-24 00:00:00-04:00,4.801738739013672,4.801738739013672,4.801738739013672,4.801738739013672,0,0.0,0.0
1995-07-25 00:00:00-04:00,4.831198037475864,4.8532917952672525,4.831198037475864,4.838562488555908,9360,0.0,0.0
1995-07-26 00:00:00-04:00,4.838563431438805,4.853292741020426,4.816469669342041,4.816469669342041,12960,0.0,0.0
1995-07-27 00:00:00-04:00,4.816469669342041,4.816469669342041,4.816469669342041,4.816469669342041,0,0.0,0.0
1995-07-28 00:00:00-04:00,4.823831081390381,4.823831081390381,4.823831081390381,4.823831081390381,2160,0.0,0.0
1995-07-31 00:00:00-04:00,4.801737277736892,4.809102535247803,4.794372829328202,4.809102535247803,18720,0.0,0.0
1995-08-01 00:00:00-04:00,4.787010860102061,4.787010860102061,4.72809362411499,4.72809362411499,14400,0.0,0.0
1995-08-02 00:00:00-04:00,4.787009837713956,4.816468449415853,4.787009837713956,4.801738739013672,7200,0.0,0.0
1995-08-03 00:00:00-04:00,4.809102879281639,4.860654830932617,4.809102879281639,4.860654830932617,4320,0.0,0.0
1995-08-04 00:00:00-04:00,4.845926180221346,4.853291034698486,4.845926180221346,4.853291034698486,2880,0.0,0.0
1995-08-07 00:00:00-04:00,4.860655131450217,4.8680195808410645,4.860655131450217,4.8680195808410645,7920,0.0,0.0
1995-08-08 00:00:00-04:00,4.845926639896509,4.845926639896509,4.831197738647461,4.831197738647461,12960,0.0,0.0
1995-08-09 00:00:00-04:00,4.845926761627197,4.845926761627197,4.845926761627197,4.845926761627197,2160,0.0,0.0
1995-08-10 00:00:00-04:00,4.779646099098803,4.779646099098803,4.772281646728516,4.772281646728516,4320,0.0,0.0
1995-08-11 00:00:00-04:00,4.7133618924535545,4.7133618924535545,4.683903694152832,4.683903694152832,24480,0.0,0.0
1995-08-14 00:00:00-04:00,4.661812485470044,4.661812485470044,4.65444803237915,4.65444803237915,11520,0.0,0.0
1995-08-15 00:00:00-04:00,4.610260203252207,4.610260203252207,4.551342964172363,4.551342964172363,2160,0.0,0.0
1995-08-16 00:00:00-04:00,4.521882274602666,4.5587053298950195,4.521882274602666,4.5587053298950195,5040,0.0,0.0
1995-08-17 00:00:00-04:00,4.514516983132087,4.514516983132087,4.4776943359608365,4.485058784484863,113040,0.0,0.0
1995-08-18 00:00:00-04:00,4.5071539878845215,4.5071539878845215,4.485060230637464,4.5071539878845215,42480,0.0,0.0
1995-08-21 00:00:00-04:00,4.536610596107438,4.5881633524215815,4.536610596107438,4.566069602966309,167040,0.0,0.0
1995-08-22 00:00:00-04:00,4.536611538161825,4.536611538161825,4.49242403007548,4.514517784118652,4320,0.0,0.0
1995-08-23 00:00:00-04:00,4.5145182773868,4.536612033843994,4.5145182773868,4.536612033843994,5760,0.0,0.0
1995-08-24 00:00:00-04:00,4.507154166002872,4.507154166002872,4.455601794021607,4.499789714813232,15120,0.0,0.0
1995-08-25 00:00:00-04:00,4.462967395782471,4.462967395782471,4.462967395782471,4.462967395782471,1440,0.0,0.0
1995-08-28 00:00:00-04:00,4.462964835804027,4.492423440362064,4.462964835804027,4.470329284667969,9360,0.0,0.0
1995-08-29 00:00:00-04:00,4.455600830357844,4.477694988250732,4.455600830357844,4.477694988250732,3600,0.0,0.0
1995-08-30 00:00:00-04:00,4.477694988250732,4.477694988250732,4.477694988250732,4.477694988250732,0,0.0,0.0
1995-08-31 00:00:00-04:00,4.440871696846109,4.440871696846109,4.418777942657471,4.418777942657471,2880,0.0,0.0
1995-09-01 00:00:00-04:00,4.433506965637207,4.433506965637207,4.433506965637207,4.433506965637207,1440,0.0,0.0
1995-09-05 00:00:00-04:00,4.440871526612978,4.477694988250732,4.440871526612978,4.477694988250732,5760,0.0,0.0
1995-09-06 00:00:00-04:00,4.477694988250732,4.477694988250732,4.477694988250732,4.477694988250732,0,0.0,0.0
1995-09-07 00:00:00-04:00,4.455602942694245,4.477697111061656,4.455602942694245,4.462967395782471,4320,0.0,0.0
1995-09-08 00:00:00-04:00,4.433507741681898,4.477695659541094,4.426142886429747,4.4408721923828125,10800,0.0,0.0
1995-09-11 00:00:00-04:00,4.455601617940556,4.551341906929883,4.455601617940556,4.5071539878845215,18000,0.0,0.0
1995-09-12 00:00:00-04:00,4.507153334287991,4.514517784118652,4.4776951304141575,4.514517784118652,8640,0.0,0.0
1995-09-13 00:00:00-04:00,4.543977456031279,4.543977456031279,4.499789536985918,4.5071539878845215,7200,0.0,0.0
1995-09-14 00:00:00-04:00,4.536612033843994,4.536612033843994,4.536612033843994,4.536612033843994,1440,0.0,0.0
1995-09-15 00:00:00-04:00,4.499788086084034,4.499788086084034,4.485058784484863,4.485058784484863,5040,0.0,0.0
1995-09-18 00:00:00-04:00,4.485058784484863,4.485058784484863,4.485058784484863,4.485058784484863,0,0.0,0.0
1995-09-19 00:00:00-04:00,4.514516553227532,4.529245853424072,4.514516553227532,4.529245853424072,5040,0.0,0.0
1995-09-20 00:00:00-04:00,4.521882057189941,4.521882057189941,4.521882057189941,4.521882057189941,1440,0.0,0.0
1995-09-21 00:00:00-04:00,4.551341951164257,4.624988079071045,4.551341951164257,4.624988079071045,14400,0.0,0.0
1995-09-22 00:00:00-04:00,4.610259177130688,4.624988079071045,4.610259177130688,4.624988079071045,2160,0.0,0.0
1995-09-25 00:00:00-04:00,4.610259532928467,4.610259532928467,4.610259532928467,4.610259532928467,1440,0.0,0.0
1995-09-26 00:00:00-04:00,4.610259177130688,4.65444669205426,4.610259177130688,4.624988079071045,10080,0.0,0.0
1995-09-27 00:00:00-04:00,4.624988079071045,4.624988079071045,4.624988079071045,4.624988079071045,0,0.0,0.0
1995-09-28 00:00:00-04:00,4.683903068906747,4.7133612632751465,4.683903068906747,4.7133612632751465,11520,0.0,0.0
1995-09-29 00:00:00-04:00,4.698632368366476,4.7133612632751465,4.66917336489596,4.7133612632751465,7200,0.0,0.0
1995-10-02 00:00:00-04:00,4.691268808838174,4.691268808838174,4.647080898284912,4.647080898284912,36720,0.0,0.0
1995-10-03 00:00:00-04:00,4.6618095397384,4.683903694152832,4.6618095397384,4.683903694152832,2160,0.0,0.0
1995-10-04 00:00:00-04:00,4.683903068906747,4.7575491616543335,4.683903068906747,4.7133612632751465,50400,0.0,0.0
1995-10-05 00:00:00-04:00,4.691267516361083,4.7133612632751465,4.691267516361083,4.7133612632751465,9360,0.0,0.0
1995-10-06 00:00:00-04:00,4.705997467041016,4.728091217012433,4.698633018567581,4.705997467041016,4320,0.0,0.0
1995-10-09 00:00:00-04:00,4.691266912445363,4.698631763502665,4.647079019754568,4.669172763824463,19440,0.0,0.0
1995-10-10 00:00:00-04:00,4.654445996561245,4.654445996561245,4.588164329528809,4.588164329528809,7920,0.0,0.0
1995-10-11 00:00:00-04:00,4.624988079071045,4.624988079071045,4.624988079071045,4.624988079071045,1440,0.0,0.0
1995-10-12 00:00:00-04:00,4.624986488449162,4.7133618924535545,4.624986488449162,4.683903694152832,10080,0.0,0.0
1995-10-13 00:00:00-04:00,4.66917530868269,4.683905018825483,4.639717102050781,4.639717102050781,7920,0.0,0.0
1995-10-16 00:00:00-04:00,4.654446407642348,4.654446407642348,4.639717102050781,4.639717102050781,2880,0.0,0.0
1995-10-17 00:00:00-04:00,4.66917530868269,4.66917530868269,4.639717102050781,4.639717102050781,3600,0.0,0.0
1995-10-18 00:00:00-04:00,4.610258611677868,4.624987511811711,4.5955289024416235,4.602893352508545,7200,0.0,0.0
1995-10-19 00:00:00-04:00,4.5955281257629395,4.5955281257629395,4.5955281257629395,4.5955281257629395,1440,0.0,0.0
1995-10-20 00:00:00-04:00,4.65444387081187,4.669172763824463,4.65444387081187,4.669172763824463,7200,0.0,0.0
1995-10-23 00:00:00-04:00,4.624988079071045,4.65444669205426,4.624988079071045,4.624988079071045,4320,0.0,0.0
1995-10-24 00:00:00-04:00,4.624988079071045,4.624988079071045,4.624988079071045,4.624988079071045,0,0.0,0.0
1995-10-25 00:00:00-04:00,4.580799390007254,4.639716606075404,4.580799390007254,4.6176228523254395,48960,0.0,0.0
1995-10-26 00:00:00-04:00,4.624986730154302,4.624986730154302,4.5955281257629395,4.5955281257629395,3600,0.0,0.0
1995-10-27 00:00:00-04:00,4.580799951309615,4.580799951309615,4.536612033843994,4.536612033843994,5040,0.0,0.0
1995-10-30 00:00:00-05:00,4.595529257131489,4.595529257131489,4.536612033843994,4.536612033843994,10080,0.0,0.0
1995-10-31 00:00:00-05:00,4.536612033843994,4.536612033843994,4.536612033843994,4.536612033843994,2160,0.0,0.0
1995-11-01 00:00:00-05:00,4.521884344632441,4.595530488930905,4.521884344632441,4.551342964172363,12240,0.0,0.0
1995-11-02 00:00:00-05:00,4.566070490541399,4.6176228523254395,4.566070490541399,4.6176228523254395,7200,0.0,0.0
1995-11-03 00:00:00-05:00,4.521882057189941,4.551340661827912,4.521882057189941,4.521882057189941,21600,0.0,0.0
1995-11-06 00:00:00-05:00,4.5071539878845215,4.536612196030182,4.5071539878845215,4.5071539878845215,6480,0.0,0.0
1995-11-07 00:00:00-05:00,4.477697111061656,4.477697111061656,4.462967395782471,4.462967395782471,6480,0.0,0.0
1995-11-08 00:00:00-05:00,4.477694988250732,4.477694988250732,4.477694988250732,4.477694988250732,720,0.0,0.0
1995-11-09 00:00:00-05:00,4.470329284667969,4.470329284667969,4.4114128846541645,4.470329284667969,24480,0.0,0.0
1995-11-10 00:00:00-05:00,4.507154166002872,4.507154166002872,4.499789714813232,4.499789714813232,2160,0.0,0.0
1995-11-13 00:00:00-05:00,4.492426017238107,4.521884638693744,4.462967395782471,4.462967395782471,14400,0.0,0.0
1995-11-14 00:00:00-05:00,4.46296527995469,4.507153191189291,4.46296527995469,4.477694988250732,15840,0.0,0.0
1995-11-15 00:00:00-05:00,4.5292470883311635,4.536611538161825,4.507153334287991,4.514517784118652,13680,0.0,0.0
1995-11-16 00:00:00-05:00,4.56606992592271,4.624986730154302,4.56606992592271,4.5955281257629395,13680,0.0,0.0
1995-11-17 00:00:00-05:00,4.5439772605896,4.5439772605896,4.5439772605896,4.5439772605896,6480,0.0,0.0
1995-11-20 00:00:00-05:00,4.52188309974159,4.5439772605896,4.52188309974159,4.5439772605896,97920,0.0,0.0
1995-11-21 00:00:00-05:00,4.51451720375488,4.521882057189941,4.470329296797924,4.521882057189941,38160,0.0,0.0
1995-11-22 00:00:00-05:00,4.4776943359608365,4.536610733255284,4.46296462981055,4.485058784484863,2270160,0.0,0.0
1995-11-24 00:00:00-05:00,4.510639257898993,4.547732830047607,4.510639257898993,4.547732830047607,14400,0.07722,0.0
1995-11-27 00:00:00-05:00,4.540314471641449,4.540314471641449,4.4958014488220215,4.4958014488220215,53280,0.0,0.0
1995-11-28 00:00:00-05:00,4.480963436836435,4.510639190673828,4.480963436836435,4.510639190673828,7920,0.0,0.0
1995-11-29 00:00:00-05:00,4.569990158081055,4.599665918995469,4.569990158081055,4.569990158081055,17280,0.0,0.0
1995-11-30 00:00:00-05:00,4.592245716381292,4.629339694976807,4.592245716381292,4.629339694976807,108720,0.0,0.0
1995-12-01 00:00:00-05:00,4.718363758999457,4.718363758999457,4.703525684734716,4.710945129394531,68400,0.0,0.0
1995-12-04 00:00:00-05:00,4.718365263868157,4.748040199279785,4.718365263868157,4.748040199279785,29520,0.0,0.0
1995-12-05 00:00:00-05:00,4.837066846929808,5.000281267727311,4.837066846929808,4.978024959564209,74880,0.0,0.0
1995-12-06 00:00:00-05:00,4.955767973547801,4.955767973547801,4.911255359649658,4.911255359649658,30960,0.0,0.0
1995-12-07 00:00:00-05:00,4.851905001952309,4.888998985290527,4.851905001952309,4.888998985290527,75600,0.0,0.0
1995-12-08 00:00:00-05:00,4.888998307763922,4.955767631530762,4.888998307763922,4.955767631530762,6480,0.0,0.0
1995-12-11 00:00:00-05:00,4.9409305692554915,4.978024959564209,4.9409305692554915,4.978024959564209,38160,0.0,0.0
1995-12-12 00:00:00-05:00,4.963186606688279,4.963186606688279,4.896417278313425,4.911255359649658,5040,0.0,0.0
1995-12-13 00:00:00-05:00,4.926092625930613,4.926092625930613,4.911255359649658,4.911255359649658,2880,0.0,0.0
1995-12-14 00:00:00-05:00,4.9260922859615865,5.059630933495266,4.9260922859615865,4.955767631530762,143280,0.0,0.0
1995-12-15 00:00:00-05:00,4.94835090637207,4.94835090637207,4.896419231094513,4.94835090637207,10800,0.0,0.0
1995-12-18 00:00:00-05:00,4.911255359649658,4.926092625930613,4.911255359649658,4.911255359649658,37440,0.0,0.0
1995-12-19 00:00:00-05:00,4.9409305692554915,4.985443593109356,4.91867426109239,4.978024959564209,15840,0.0,0.0
1995-12-20 00:00:00-05:00,4.926095738493707,4.926095738493707,4.851907730102539,4.851907730102539,98640,0.0,0.0
1995-12-21 00:00:00-05:00,4.866741926185825,4.866741926185825,4.829647541041081,4.837066173553467,18720,0.0,0.0
1995-12-22 00:00:00-05:00,4.851907730102539,4.851907730102539,4.851907730102539,4.851907730102539,7200,0.0,0.0
1995-12-26 00:00:00-05:00,4.866742134094238,4.911255153652975,4.866742134094238,4.866742134094238,12960,0.0,0.0
1995-12-27 00:00:00-05:00,4.881578728260875,4.940929412841797,4.881578728260875,4.940929412841797,22320,0.0,0.0
1995-12-28 00:00:00-05:00,4.948348794070183,4.970605100394928,4.896417140960693,4.896417140960693,52560,0.0,0.0
1995-12-29 00:00:00-05:00,4.911254289454058,5.015117168426514,4.911254289454058,5.015117168426514,687600,0.0,0.0
1996-01-02 00:00:00-05:00,5.029956817626953,5.044794901566699,5.015119141214917,5.029956817626953,59040,0.0,0.0
1996-01-03 00:00:00-05:00,5.037373166487265,5.163493155001926,5.037373166487265,5.156074523925781,36720,0.0,0.0
1996-01-04 00:00:00-05:00,5.104142591498538,5.111562037797213,5.074467658996582,5.074467658996582,10080,0.0,0.0
1996-01-05 00:00:00-05:00,5.074467658996582,5.074467658996582,5.074467658996582,5.074467658996582,720,0.0,0.0
1996-01-08 00:00:00-05:00,5.081888612760476,5.081888612760476,5.059632301330566,5.059632301330566,6480,0.0,0.0
1996-01-09 00:00:00-05:00,5.067051212420896,5.067051212420896,5.029956817626953,5.029956817626953,5040,0.0,0.0
1996-01-10 00:00:00-05:00,5.015119839326424,5.015119839326424,4.970606803894043,4.970606803894043,3600,0.0,0.0
1996-01-11 00:00:00-05:00,4.926092625930613,4.926092625930613,4.911255359649658,4.911255359649658,2880,0.0,0.0
1996-01-12 00:00:00-05:00,4.918672087049546,4.926090717315674,4.918672087049546,4.926090717315674,2880,0.0,0.0
1996-01-15 00:00:00-05:00,4.866742134094238,4.90383570576842,4.866742134094238,4.866742134094238,5760,0.0,0.0
1996-01-16 00:00:00-05:00,4.866740452604209,4.926090717315674,4.866740452604209,4.926090717315674,21600,0.0,0.0
1996-01-17 00:00:00-05:00,4.881579399752862,4.940930092497846,4.866742134094238,4.866742134094238,21600,0.0,0.0
1996-01-18 00:00:00-05:00,4.8815792676078225,4.955767631530762,4.8815792676078225,4.955767631530762,4320,0.0,0.0
1996-01-19 00:00:00-05:00,4.926091741696566,4.940929412841797,4.926091741696566,4.940929412841797,14400,0.0,0.0
1996-01-22 00:00:00-05:00,4.94092922113375,5.000279903411865,4.94092922113375,5.000279903411865,10080,0.0,0.0
1996-01-23 00:00:00-05:00,4.963187825802193,4.98544454574585,4.93351287842355,4.98544454574585,41760,0.0,0.0
1996-01-24 00:00:00-05:00,4.985444195918558,5.044794901566699,4.985444195918558,5.029956817626953,84240,0.0,0.0
1996-01-25 00:00:00-05:00,4.9854422328423365,5.000279903411865,4.9854422328423365,5.000279903411865,5040,0.0,0.0
1996-01-26 00:00:00-05:00,4.95576953294435,4.970606803894043,4.933513218992043,4.970606803894043,165600,0.0,0.0
1996-01-29 00:00:00-05:00,4.955767083987027,4.955767083987027,4.940929412841797,4.940929412841797,2880,0.0,0.0
1996-01-30 00:00:00-05:00,4.918674746754562,4.918674746754562,4.881580352783203,4.881580352783203,156240,0.0,0.0
1996-01-31 00:00:00-05:00,4.896415381196201,4.94092838537541,4.881577713136465,4.926090717315674,20160,0.0,0.0
1996-02-01 00:00:00-05:00,4.9260922859615865,4.955767631530762,4.918673653333098,4.955767631530762,257760,0.0,0.0
1996-02-02 00:00:00-05:00,4.955767973547801,4.955767973547801,4.8815796045048305,4.911255359649658,48240,0.0,0.0
1996-02-05 00:00:00-05:00,4.896417140960693,4.911255221880693,4.866742201703576,4.896417140960693,63360,0.0,0.0
1996-02-06 00:00:00-05:00,4.896417072939108,4.896417072939108,4.866742134094238,4.866742134094238,3600,0.0,0.0
1996-02-07 00:00:00-05:00,4.87416076692355,4.881579399752862,4.866742134094238,4.866742134094238,79200,0.0,0.0
1996-02-08 00:00:00-05:00,4.866745413286352,4.866745413286352,4.814813318379059,4.851907730102539,161280,0.0,0.0
1996-02-09 00:00:00-05:00,4.777715682983398,4.785134314540194,4.762877604814705,4.777715682983398,163440,0.0,0.0
1996-02-12 00:00:00-05:00,4.792553563423941,4.837066173553467,4.770296850831573,4.837066173553467,93600,0.0,0.0
1996-02-13 00:00:00-05:00,4.807390616738131,4.807390616738131,4.777715682983398,4.777715682983398,85680,0.0,0.0
1996-02-14 00:00:00-05:00,4.762877870210557,4.762877870210557,4.718365263334364,4.740621566772461,24480,0.0,0.0
1996-02-15 00:00:00-05:00,4.740621566772461,4.740621566772461,4.740621566772461,4.740621566772461,181440,0.0,0.0
1996-02-16 00:00:00-05:00,4.7257845747601275,4.785135269165039,4.7257845747601275,4.785135269165039,149040,0.0,0.0
1996-02-20 00:00:00-05:00,4.562570094814741,4.569988727074549,4.532895158247914,4.555151462554932,180000,0.0,0.0
1996-02-21 00:00:00-05:00,4.525477409362793,4.540315085642481,4.510640140610811,4.525477409362793,362880,0.0,0.0
1996-02-22 00:00:00-05:00,4.525476118460515,4.555151462554932,4.480963102318889,4.555151462554932,465840,0.0,0.0
1996-02-23 00:00:00-05:00,4.547732352486121,4.547732352486121,4.525476048523056,4.532895088195801,122400,0.0,0.0
1996-02-26 00:00:00-05:00,4.495800019803186,4.503218650817871,4.466125088216919,4.503218650817871,64080,0.0,0.0
1996-02-27 00:00:00-05:00,4.466125489931958,4.480962753295898,4.466125489931958,4.480962753295898,129600,0.0,0.0
1996-02-28 00:00:00-05:00,4.4735451411761336,4.4958014488220215,4.4735451411761336,4.4958014488220215,200880,0.0,0.0
1996-02-29 00:00:00-05:00,4.466125895657439,4.466125895657439,4.451288223418009,4.458706855773926,37440,0.0,0.0
1996-03-01 00:00:00-05:00,4.473545074462891,4.473545074462891,4.451288767148908,4.473545074462891,33840,0.0,0.0
1996-03-04 00:00:00-05:00,4.466125489931958,4.480962753295898,4.466125489931958,4.480962753295898,147600,0.0,0.0
1996-03-05 00:00:00-05:00,4.4735451411761336,4.4958014488220215,4.466126507803389,4.4958014488220215,331200,0.0,0.0
1996-03-06 00:00:00-05:00,4.480962753295898,4.480962753295898,4.466125489931958,4.480962753295898,112320,0.0,0.0
1996-03-07 00:00:00-05:00,4.488382477177688,4.51805782348746,4.488382477177688,4.510639190673828,110160,0.0,0.0
1996-03-08 00:00:00-05:00,4.466125683854228,4.466125683854228,4.406774997711182,4.406774997711182,28800,0.0,0.0
1996-03-11 00:00:00-05:00,4.406775542204267,4.436450481414795,4.406775542204267,4.436450481414795,80640,0.0,0.0
1996-03-12 00:00:00-05:00,4.399356909283542,4.436450481414795,4.39193786883519,4.436450481414795,14400,0.0,0.0
1996-03-13 00:00:00-05:00,4.480964445238693,4.5403151512146,4.480964445238693,4.5403151512146,111600,0.0,0.0
1996-03-14 00:00:00-05:00,4.510638853940897,4.562570094814741,4.510638853940897,4.555151462554932,56160,0.0,0.0
1996-03-15 00:00:00-05:00,4.555151870499432,4.555151870499432,4.54031419712341,4.547732830047607,146160,0.0,0.0
1996-03-18 00:00:00-05:00,4.592245716381292,4.629339694976807,4.562570370493835,4.629339694976807,66960,0.0,0.0
1996-03-19 00:00:00-05:00,4.64417777544815,4.64417777544815,4.6145020220330775,4.629339694976807,114480,0.0,0.0
1996-03-20 00:00:00-05:00,4.592245716381292,4.629339694976807,4.577408450965179,4.629339694976807,22320,0.0,0.0
1996-03-21 00:00:00-05:00,4.629337706374244,4.629337706374244,4.599662780761719,4.599662780761719,9360,0.0,0.0
1996-03-22 00:00:00-05:00,4.599664478696558,4.599664478696558,4.532895158247914,4.555151462554932,97920,0.0,0.0
1996-03-25 00:00:00-05:00,4.555152761922169,4.555152761922169,4.510640140610811,4.525477409362793,74880,0.0,0.0
1996-03-26 00:00:00-05:00,4.525477409362793,4.525477409362793,4.503220691179408,4.525477409362793,20880,0.0,0.0
1996-03-27 00:00:00-05:00,4.525477409362793,4.525477409362793,4.525477409362793,4.525477409362793,3600,0.0,0.0
1996-03-28 00:00:00-05:00,4.510637188869262,4.599662780761719,4.495799114771839,4.599662780761719,49680,0.0,0.0
1996-03-29 00:00:00-05:00,4.525476797368307,4.525476797368307,4.4958014488220215,4.4958014488220215,43200,0.0,0.0
1996-04-01 00:00:00-05:00,4.488382748514762,4.488382748514762,4.451288767148908,4.473545074462891,90000,0.0,0.0
1996-04-02 00:00:00-05:00,4.443871367933861,4.443871367933861,4.421614646911621,4.421614646911621,44640,0.0,0.0
1996-04-03 00:00:00-05:00,4.42903184849407,4.436450481414795,4.42903184849407,4.436450481414795,25200,0.0,0.0
1996-04-04 00:00:00-05:00,4.451288498054284,4.510639190673828,4.436450417371777,4.510639190673828,120240,0.0,0.0
1996-04-08 00:00:00-04:00,4.495800422525722,4.495800422525722,4.451287817395234,4.46612548828125,36000,0.0,0.0
1996-04-09 00:00:00-04:00,4.480963774548879,4.4958014488220215,4.451288833530246,4.4958014488220215,22320,0.0,0.0
1996-04-10 00:00:00-04:00,4.473546927815244,4.473546927815244,4.443871974945068,4.443871974945068,118800,0.0,0.0
1996-04-11 00:00:00-04:00,4.391936075950642,4.406773743262658,4.3103295170257425,4.3400044441223145,65520,0.0,0.0
1996-04-12 00:00:00-04:00,4.340005679564042,4.406774997711182,4.340005679564042,4.406774997711182,14400,0.0,0.0
1996-04-15 00:00:00-04:00,4.390308962189474,4.466265678405762,4.3675220307733325,4.466265678405762,24480,0.24014,0.0
1996-04-16 00:00:00-04:00,4.435883900266956,4.4814581871032715,4.435883900266956,4.4814581871032715,152640,0.0,0.0
1996-04-17 00:00:00-04:00,4.489051379167629,4.496646881103516,4.489051379167629,4.496646881103516,21600,0.0,0.0
1996-04-18 00:00:00-04:00,4.511838912963867,4.511838912963867,4.511838912963867,4.511838912963867,26640,0.0,0.0
1996-04-19 00:00:00-04:00,4.527031202711186,4.5574140548706055,4.527031202711186,4.5574140548706055,4320,0.0,0.0
1996-04-22 00:00:00-04:00,4.542223319575475,4.595393532446634,4.542223319575475,4.580202102661133,38160,0.0,0.0
1996-04-23 00:00:00-04:00,4.565008735927801,4.572604656219482,4.5574132328797505,4.572604656219482,9360,0.0,0.0
1996-04-24 00:00:00-04:00,4.572606596390286,4.58779760893198,4.572606596390286,4.580202102661133,5040,0.0,0.0
1996-04-25 00:00:00-04:00,4.572605925326945,4.572605925326945,4.542222652971103,4.549818992614746,23760,0.0,0.0
1996-04-26 00:00:00-04:00,4.5726054809503145,4.5726054809503145,4.534626707129188,4.5574140548706055,96480,0.0,0.0
1996-04-29 00:00:00-04:00,4.542222652971103,4.557414497770897,4.534627147814952,4.549818992614746,31680,0.0,0.0
1996-04-30 00:00:00-04:00,4.549817883965748,4.549817883965748,4.519434619013361,4.542221546173096,40320,0.0,0.0
1996-05-01 00:00:00-04:00,4.4738616943359375,4.4738616943359375,4.443479254724005,4.4738616943359375,19440,0.0,0.0
1996-05-02 00:00:00-04:00,4.489053692954099,4.511840627750364,4.466266340914048,4.4814581871032715,28080,0.0,0.0
1996-05-03 00:00:00-04:00,4.4814577442588694,4.489053249359131,4.458670394470598,4.489053249359131,15840,0.0,0.0
1996-05-06 00:00:00-04:00,4.435883749131964,4.4738616943359375,4.435883749131964,4.4738616943359375,25920,0.0,0.0
1996-05-07 00:00:00-04:00,4.473860584148137,4.534626282780544,4.473860584148137,4.504243850708008,10080,0.0,0.0
1996-05-08 00:00:00-04:00,4.542221158791874,4.6181786888293725,4.542221158791874,4.61058235168457,257040,0.0,0.0
1996-05-09 00:00:00-04:00,4.610584670640018,4.610584670640018,4.595393657684326,4.595393657684326,29520,0.0,0.0
1996-05-10 00:00:00-04:00,4.5953932141953615,4.6029887199401855,4.5877972912067575,4.6029887199401855,5040,0.0,0.0
1996-05-13 00:00:00-04:00,4.572605519502846,4.618179798126221,4.572605519502846,4.618179798126221,23040,0.0,0.0
1996-05-14 00:00:00-04:00,4.633370807090303,4.633370807090303,4.610583459156762,4.618179798126221,518400,0.0,0.0
1996-05-15 00:00:00-04:00,4.60298795467472,4.633370807090303,4.60298795467472,4.618179798126221,1121760,0.0,0.0
1996-05-16 00:00:00-04:00,4.602986565650663,4.625773906707764,4.5574127180236275,4.625773906707764,421200,0.0,0.0
1996-05-17 00:00:00-04:00,4.580200231238115,4.587795734405518,4.5498178013248705,4.587795734405518,421200,0.0,0.0
1996-05-20 00:00:00-04:00,4.56500981461315,4.56500981461315,4.496648602052814,4.5346269607543945,444960,0.0,0.0
1996-05-21 00:00:00-04:00,4.5877956623155836,4.5877956623155836,4.572604656219482,4.572604656219482,17280,0.0,0.0
1996-05-22 00:00:00-04:00,4.572604728070713,4.602987157983958,4.572604728070713,4.587795734405518,12240,0.0,0.0
1996-05-23 00:00:00-04:00,4.58779760893198,4.58779760893198,4.580202102661133,4.580202102661133,5760,0.0,0.0
1996-05-24 00:00:00-04:00,4.580201023984888,4.618179798126221,4.580201023984888,4.618179798126221,77760,0.0,0.0
1996-05-28 00:00:00-04:00,4.595391738285217,4.595391738285217,4.496647691853626,4.542221546173096,101520,0.0,0.0
1996-05-29 00:00:00-04:00,4.534627499261649,4.6029887199401855,4.534627499261649,4.6029887199401855,16560,0.0,0.0
1996-05-30 00:00:00-04:00,4.587796045417058,4.602987470025342,4.557413613444155,4.565009117126465,37440,0.0,0.0
1996-05-31 00:00:00-04:00,4.602987157983958,4.618178998806036,4.587795734405518,4.587795734405518,7200,0.0,0.0
1996-06-03 00:00:00-04:00,4.595391654816557,4.595391654816557,4.557413304492273,4.587795734405518,7200,0.0,0.0
1996-06-04 00:00:00-04:00,4.618180565917392,4.618180565917392,4.542223005006474,4.6029887199401855,23040,0.0,0.0
1996-06-05 00:00:00-04:00,4.648561824346442,4.648561824346442,4.618179391847426,4.633370399475098,99360,0.0,0.0
1996-06-06 00:00:00-04:00,4.648562431335449,4.671349362996047,4.633371004480475,4.648562431335449,20160,0.0,0.0
1996-06-07 00:00:00-04:00,4.640966415405273,4.640966415405273,4.640966415405273,4.640966415405273,2880,0.0,0.0
1996-06-10 00:00:00-04:00,4.633371004480475,4.648562431335449,4.6181799948692275,4.648562431335449,23040,0.0,0.0
1996-06-11 00:00:00-04:00,4.633369408897742,4.648560830521282,4.618178404517786,4.625773906707764,7920,0.0,0.0
1996-06-12 00:00:00-04:00,4.663753032684326,4.678944039606694,4.663753032684326,4.663753032684326,2880,0.0,0.0
1996-06-13 00:00:00-04:00,4.663753249217786,4.663753249217786,4.633370399475098,4.633370399475098,26640,0.0,0.0
1996-06-14 00:00:00-04:00,4.648562153060071,4.6789445877075195,4.648562153060071,4.6789445877075195,7200,0.0,0.0
1996-06-17 00:00:00-04:00,4.724519346339631,4.732115268707275,4.724519346339631,4.732115268707275,14400,0.0,0.0
1996-06-18 00:00:00-04:00,4.754901921069631,4.785284354352176,4.754901921069631,4.762497425079346,151200,0.0,0.0
1996-06-19 00:00:00-04:00,4.792881104664484,4.823264380335021,4.792881104664484,4.800477027893066,58320,0.0,0.0
1996-06-20 00:00:00-04:00,4.83845393546295,4.861240863800049,4.830858431765139,4.861240863800049,5760,0.0,0.0
1996-06-21 00:00:00-04:00,4.846050933708465,4.891625217757744,4.830859505692039,4.876433372497559,38880,0.0,0.0
1996-06-24 00:00:00-04:00,4.830856864491998,4.891622543334961,4.830856864491998,4.891622543334961,33840,0.0,0.0
1996-06-25 00:00:00-04:00,4.891622543334961,4.937196385223652,4.891622543334961,4.891622543334961,19440,0.0,0.0
1996-06-26 00:00:00-04:00,4.899218044568566,4.899218044568566,4.876430706380689,4.891622543334961,10080,0.0,0.0
1996-06-27 00:00:00-04:00,4.861240863800049,4.876432288439337,4.800475582486564,4.861240863800049,15120,0.0,0.0
1996-06-28 00:00:00-04:00,4.899220500665374,4.906816005706787,4.8916249956239595,4.906816005706787,6480,0.0,0.0
1996-07-01 00:00:00-04:00,4.914409464279307,4.914409464279307,4.891622543334961,4.891622543334961,4320,0.0,0.0
1996-07-02 00:00:00-04:00,4.830859067385648,4.884028434753418,4.830859067385648,4.884028434753418,18000,0.0,0.0
1996-07-03 00:00:00-04:00,4.876432288439337,4.876432288439337,4.830858431765139,4.861240863800049,11520,0.0,0.0
1996-07-05 00:00:00-04:00,4.830859759311799,4.830859759311799,4.785285472869873,4.785285472869873,8640,0.0,0.0
1996-07-08 00:00:00-04:00,4.770092929089062,4.777688850342461,4.762497425079346,4.762497425079346,7920,0.0,0.0
1996-07-09 00:00:00-04:00,4.7776875495910645,4.7776875495910645,4.7776875495910645,4.7776875495910645,2880,0.0,0.0
1996-07-10 00:00:00-04:00,4.800474204445715,4.808069705963135,4.800474204445715,4.808069705963135,5760,0.0,0.0
1996-07-11 00:00:00-04:00,4.808068791309331,4.815664291381836,4.770090456459878,4.815664291381836,12960,0.0,0.0
1996-07-12 00:00:00-04:00,4.815668039862647,4.815668039862647,4.800477027893066,4.800477027893066,2160,0.0,0.0
1996-07-15 00:00:00-04:00,4.815665207480555,4.815665207480555,4.800474204445715,4.808069705963135,4320,0.0,0.0
1996-07-16 00:00:00-04:00,4.792879661545087,4.876432288439337,4.7397098839294145,4.861240863800049,73440,0.0,0.0
1996-07-17 00:00:00-04:00,4.7624971995634535,4.7624971995634535,4.739709854125977,4.739709854125977,60480,0.0,0.0
1996-07-18 00:00:00-04:00,4.724519160329203,4.7700934410095215,4.724519160329203,4.7700934410095215,10080,0.0,0.0
1996-07-19 00:00:00-04:00,4.739710587222643,4.7700934410095215,4.724519160329203,4.7700934410095215,19440,0.0,0.0
1996-07-22 00:00:00-04:00,4.7321150704159445,4.739710575221569,4.648562431335449,4.648562431335449,20880,0.0,0.0
1996-07-23 00:00:00-04:00,4.716923361193308,4.716923361193308,4.6789445877075195,4.6789445877075195,2880,0.0,0.0
1996-07-24 00:00:00-04:00,4.656157423343486,4.656157423343486,4.633370494192486,4.640966415405273,15120,0.0,0.0
1996-07-25 00:00:00-04:00,4.656157111979489,4.678944039606694,4.656157111979489,4.663753032684326,21600,0.0,0.0
1996-07-26 00:00:00-04:00,4.663753292704721,4.7017316466153725,4.663753292704721,4.694136142730713,4320,0.0,0.0
1996-07-29 00:00:00-04:00,4.6941358810163685,4.6941358810163685,4.663753032684326,4.663753032684326,6480,0.0,0.0
1996-07-30 00:00:00-04:00,4.65615701675415,4.65615701675415,4.65615701675415,4.65615701675415,720,0.0,0.0
1996-07-31 00:00:00-04:00,4.724519696207616,4.739711124824143,4.701732761904713,4.71692419052124,17280,0.0,0.0
1996-08-01 00:00:00-04:00,4.739709804724261,4.792879581451416,4.739709804724261,4.792879581451416,7920,0.0,0.0
1996-08-02 00:00:00-04:00,4.792881104664484,4.800477027893066,4.792881104664484,4.800477027893066,3600,0.0,0.0
1996-08-05 00:00:00-04:00,4.800476146283666,4.876432861157255,4.800476146283666,4.868837356567383,30240,0.0,0.0
1996-08-06 00:00:00-04:00,4.800474472660031,4.800474472660031,4.7700916304056955,4.7776875495910645,39600,0.0,0.0
1996-08-07 00:00:00-04:00,4.800477027893066,4.815668039862647,4.770094169466321,4.800477027893066,10080,0.0,0.0
1996-08-08 00:00:00-04:00,4.7700934410095215,4.777689363078105,4.75490243135981,4.7700934410095215,7920,0.0,0.0
1996-08-09 00:00:00-04:00,4.732115268707275,4.732115268707275,4.732115268707275,4.732115268707275,56880,0.0,0.0
1996-08-12 00:00:00-04:00,4.7473060920474985,4.7700934410095215,4.7473060920474985,4.7700934410095215,8640,0.0,0.0
1996-08-13 00:00:00-04:00,4.76249866348153,4.830859886319812,4.76249866348153,4.800477027893066,9360,0.0,0.0
1996-08-14 00:00:00-04:00,4.800473291236828,4.823260625941274,4.800473291236828,4.815664291381836,5760,0.0,0.0
1996-08-15 00:00:00-04:00,4.876433372497559,4.876433372497559,4.876433372497559,4.876433372497559,20160,0.0,0.0
1996-08-16 00:00:00-04:00,4.8916231335135025,4.8916231335135025,4.853644371032715,4.853644371032715,6480,0.0,0.0
1996-08-19 00:00:00-04:00,4.8840288778838925,4.8840288778838925,4.861241944481132,4.876433372497559,5760,0.0,0.0
1996-08-20 00:00:00-04:00,4.8916248441647205,4.98277298805817,4.8916248441647205,4.952389717102051,15840,0.0,0.0
1996-08-21 00:00:00-04:00,4.937200423377322,4.937200423377322,4.891626544213594,4.922008991241455,5760,0.0,0.0
1996-08-22 00:00:00-04:00,4.891622543334961,4.891622543334961,4.891622543334961,4.891622543334961,5040,0.0,0.0
1996-08-23 00:00:00-04:00,4.89162319033005,4.91441011428833,4.876431351366416,4.91441011428833,48240,0.0,0.0
1996-08-26 00:00:00-04:00,4.967583411292614,4.967583411292614,4.929604621385716,4.937200546264648,39600,0.0,0.0
1996-08-27 00:00:00-04:00,4.922008991241455,4.922008991241455,4.891626544213594,4.922008991241455,61920,0.0,0.0
1996-08-28 00:00:00-04:00,4.937197035053025,4.975175380706787,4.937197035053025,4.975175380706787,7200,0.0,0.0
1996-08-29 00:00:00-04:00,4.929603226630389,4.944794654846191,4.929603226630389,4.944794654846191,10080,0.0,0.0
1996-08-30 00:00:00-04:00,4.944791988416075,4.959983825683594,4.944791988416075,4.959983825683594,5760,0.0,0.0
1996-09-03 00:00:00-04:00,4.959983825683594,4.982770747097793,4.959983825683594,4.959983825683594,26640,0.0,0.0
1996-09-04 00:00:00-04:00,4.997965386961107,5.06632661819458,4.997965386961107,5.06632661819458,20160,0.0,0.0
1996-09-05 00:00:00-04:00,5.073922222595842,5.089113235473633,5.073922222595842,5.089113235473633,43200,0.0,0.0
1996-09-06 00:00:00-04:00,5.104303402755589,5.165069103240967,5.104303402755589,5.165069103240967,145440,0.0,0.0
1996-09-09 00:00:00-04:00,5.165067440745351,5.165067440745351,5.142280101776123,5.142280101776123,6480,0.0,0.0
1996-09-10 00:00:00-04:00,5.1346870731099195,5.16507034791804,5.1346870731099195,5.14987850189209,11520,0.0,0.0
1996-09-11 00:00:00-04:00,5.180260111118631,5.187856032301143,5.165069103240967,5.165069103240967,89280,0.0,0.0
1996-09-12 00:00:00-04:00,5.256217203272239,5.301791478346217,5.256217203272239,5.286599636077881,90000,0.0,0.0
1996-09-13 00:00:00-04:00,5.28659816825499,5.316981009868518,5.279002666473389,5.279002666473389,26640,0.0,0.0
1996-09-16 00:00:00-04:00,5.316981574796155,5.408129692077637,5.316981574796155,5.408129692077637,352800,0.0,0.0
1996-09-17 00:00:00-04:00,5.324581055221746,5.324581055221746,5.286602265151078,5.316985130310059,18000,0.0,0.0
1996-09-18 00:00:00-04:00,5.316982364257223,5.339769292650076,5.309386860540828,5.324578285217285,82080,0.0,0.0
1996-09-19 00:00:00-04:00,5.309387059929329,5.3777482649187895,5.309387059929329,5.354960918426514,123840,0.0,0.0
1996-09-20 00:00:00-04:00,5.370152760917152,5.370152760917152,5.3473654144248775,5.354960918426514,31680,0.0,0.0
1996-09-23 00:00:00-04:00,5.324578407261366,5.3397694150423485,5.286599636077881,5.286599636077881,71280,0.0,0.0
1996-09-24 00:00:00-04:00,5.286598735907364,5.377747270535088,5.256216308275062,5.34736442565918,46080,0.0,0.0
1996-09-25 00:00:00-04:00,5.362556221042929,5.362556221042929,5.316982364257223,5.324578285217285,14400,0.0,0.0
1996-09-26 00:00:00-04:00,5.339769493179558,5.354960918426514,5.301791555927692,5.354960918426514,108000,0.0,0.0
1996-09-27 00:00:00-04:00,5.3093896226422554,5.316985130310059,5.3093896226422554,5.316985130310059,180720,0.0,0.0
1996-09-30 00:00:00-04:00,5.263812707162731,5.286599636077881,5.248621282138072,5.286599636077881,388080,0.0,0.0
1996-10-01 00:00:00-04:00,5.301792144775391,5.309387649620628,5.294195805442695,5.301792144775391,395280,0.0,0.0
1996-10-02 00:00:00-04:00,5.301791702819172,5.316982711243328,5.294195364119705,5.30938720703125,131040,0.0,0.0
1996-10-03 00:00:00-04:00,5.294195139968372,5.301791478346217,5.286599636077881,5.286599636077881,10080,0.0,0.0
1996-10-04 00:00:00-04:00,5.279003233310189,5.34736442565918,5.279003233310189,5.34736442565918,306720,0.0,0.0
1996-10-07 00:00:00-04:00,5.34736442565918,5.34736442565918,5.34736442565918,5.34736442565918,37440,0.0,0.0
1996-10-08 00:00:00-04:00,5.347367995469039,5.347367995469039,5.301794114974452,5.316985130310059,9360,0.0,0.0
1996-10-09 00:00:00-04:00,5.301791478346217,5.316982486127198,5.286599636077881,5.286599636077881,30960,0.0,0.0
1996-10-10 00:00:00-04:00,5.2790041321873895,5.286599636077881,5.2790041321873895,5.286599636077881,6480,0.0,0.0
1996-10-11 00:00:00-04:00,5.294194238504538,5.34736442565918,5.294194238504538,5.34736442565918,10080,0.0,0.0
1996-10-14 00:00:00-04:00,5.316985130310059,5.316985130310059,5.286602265151078,5.316985130310059,4320,0.0,0.0
1996-10-15 00:00:00-04:00,5.286599636077881,5.316982486127198,5.286599636077881,5.286599636077881,23760,0.0,0.0
1996-10-16 00:00:00-04:00,5.2790041321873895,5.286599636077881,5.2790041321873895,5.286599636077881,33120,0.0,0.0
1996-10-17 00:00:00-04:00,5.256215344555984,5.294193267822266,5.241023924903353,5.294193267822266,14400,0.0,0.0
1996-10-18 00:00:00-04:00,5.286599027493376,5.286599027493376,5.271407604217529,5.271407604217529,4320,0.0,0.0
1996-10-21 00:00:00-04:00,5.248621282138072,5.294195139968372,5.248621282138072,5.286599636077881,15840,0.0,0.0
1996-10-22 00:00:00-04:00,5.2866002647698,5.2866002647698,5.241026401519775,5.241026401519775,13680,0.0,0.0
1996-10-23 00:00:00-04:00,5.225834170620012,5.241026013570464,5.180260310743439,5.195451736450195,13680,0.0,0.0
1996-10-24 00:00:00-04:00,5.165067342977652,5.165067342977652,5.127088584495674,5.134684085845947,148320,0.0,0.0
1996-10-25 00:00:00-04:00,5.104301587939821,5.119493007659912,5.104301587939821,5.119493007659912,23040,0.0,0.0
1996-10-28 00:00:00-05:00,5.111897089178101,5.142279928618282,5.104301587939821,5.119493007659912,105840,0.0,0.0
1996-10-29 00:00:00-05:00,5.119496061571529,5.14987850189209,5.089112786763408,5.14987850189209,65520,0.0,0.0
1996-10-30 00:00:00-05:00,5.165070124220845,5.180261135101318,5.165070124220845,5.180261135101318,27360,0.0,0.0
1996-10-31 00:00:00-05:00,5.180259017135568,5.210641860961914,5.180259017135568,5.210641860961914,131760,0.0,0.0
1996-11-01 00:00:00-05:00,5.210643162156951,5.210643162156951,5.195451736450195,5.195451736450195,5040,0.0,0.0
1996-11-04 00:00:00-05:00,5.203048068665791,5.203048068665791,5.180261135101318,5.180261135101318,5760,0.0,0.0
1996-11-05 00:00:00-05:00,5.187856197357178,5.187856197357178,5.187856197357178,5.187856197357178,7920,0.0,0.0
1996-11-06 00:00:00-05:00,5.134684010136471,5.134684010136471,5.119493007659912,5.119493007659912,10800,0.0,0.0
1996-11-07 00:00:00-05:00,5.127088681544486,5.165067440745351,5.119493180050441,5.142280101776123,14400,0.0,0.0
1996-11-08 00:00:00-05:00,5.385340057754104,5.4385102180994656,5.3777445589867074,5.423318386077881,276480,0.0,0.0
1996-11-11 00:00:00-05:00,5.438515030288546,5.506876248657108,5.438515030288546,5.484088897705078,352080,0.0,0.0
1996-11-12 00:00:00-05:00,5.4916839941315585,5.506875838463819,5.4916839941315585,5.499279499053955,269280,0.0,0.0
1996-11-13 00:00:00-05:00,5.499278460949579,5.5448527336120605,5.499278460949579,5.5448527336120605,100080,0.0,0.0
1996-11-14 00:00:00-05:00,5.5296590113333846,5.560041427612305,5.514467594572199,5.560041427612305,35280,0.0,0.0
1996-11-15 00:00:00-05:00,5.567637677661544,5.59042501449585,5.567637677661544,5.59042501449585,29520,0.0,0.0
1996-11-18 00:00:00-05:00,5.61321591530944,5.666386127471924,5.590428979556806,5.666386127471924,150480,0.0,0.0
1996-11-19 00:00:00-05:00,5.651191234588623,5.681573657891174,5.628403895557277,5.651191234588623,58320,0.0,0.0
1996-11-20 00:00:00-05:00,5.6360028510620745,5.666386127471924,5.6360028510620745,5.666386127471924,12240,0.0,0.0
1996-11-21 00:00:00-05:00,5.689171228420924,5.734745502471924,5.689171228420924,5.734745502471924,7200,0.0,0.0
1996-11-22 00:00:00-05:00,5.7330310821656925,5.7636895179748535,5.717702495794828,5.7636895179748535,9360,0.11764,0.0
1996-11-25 00:00:00-05:00,5.794345737776996,5.794345737776996,5.748358726501465,5.748358726501465,7021440,0.0,0.0
1996-11-26 00:00:00-05:00,5.78668253667829,5.870991441701178,5.78668253667829,5.847998142242432,21600,0.0,0.0
1996-11-27 00:00:00-05:00,5.8403304870418244,5.855659484863281,5.8403304870418244,5.855659484863281,7920,0.0,0.0
1996-11-29 00:00:00-05:00,5.8633235753278585,5.878652572631836,5.8633235753278585,5.878652572631836,1440,0.0,0.0
1996-12-02 00:00:00-05:00,5.840332659276949,5.840332659276949,5.7943456487083145,5.817338943481445,36000,0.0,0.0
1996-12-03 00:00:00-05:00,5.763685678670992,5.763685678670992,5.702369689941406,5.702369689941406,12960,0.0,0.0
1996-12-04 00:00:00-05:00,5.641055429408721,5.664048721715455,5.5950684237729265,5.602733135223389,31680,0.0,0.0
1996-12-05 00:00:00-05:00,5.587405111731552,5.65638542175293,5.587405111731552,5.65638542175293,20160,0.0,0.0
1996-12-06 00:00:00-05:00,5.579740047454834,5.579740047454834,5.518424037692762,5.579740047454834,13680,0.0,0.0
1996-12-09 00:00:00-05:00,5.5720738223101005,5.618060396119045,5.5720738223101005,5.587402820587158,386640,0.0,0.0
1996-12-10 00:00:00-05:00,5.579740078748294,5.579740078748294,5.556746785469732,5.572075366973877,7200,0.0,0.0
1996-12-11 00:00:00-05:00,5.549082455639956,5.549082455639956,5.5030958624284505,5.533753871917725,42480,0.0,0.0
1996-12-12 00:00:00-05:00,5.526089757321024,5.572076776533759,5.518425464630127,5.518425464630127,66960,0.0,0.0
1996-12-13 00:00:00-05:00,5.5184234710032545,5.526087760925293,5.5184234710032545,5.526087760925293,3600,0.0,0.0
1996-12-16 00:00:00-05:00,5.54141902923584,5.54141902923584,5.526090022097124,5.54141902923584,59760,0.0,0.0
1996-12-17 00:00:00-05:00,5.549083056416166,5.549083056416166,5.518425464630127,5.518425464630127,10800,0.0,0.0
1996-12-18 00:00:00-05:00,5.5260893930090145,5.572076409190017,5.5260893930090145,5.5644121170043945,25200,0.0,0.0
1996-12-19 00:00:00-05:00,5.602733135223389,5.625726848552449,5.579739842916655,5.602733135223389,20160,0.0,0.0
1996-12-20 00:00:00-05:00,5.687041423198874,5.794344425201416,5.687041423198874,5.794344425201416,14400,0.0,0.0
1996-12-23 00:00:00-05:00,5.794345975976805,5.817339272048613,5.779016971588135,5.779016971588135,112320,0.0,0.0
1996-12-24 00:00:00-05:00,5.82500451069548,5.840333938598633,5.82500451069548,5.840333938598633,4320,0.0,0.0
1996-12-26 00:00:00-05:00,5.855660742570764,5.909312035958242,5.855660742570764,5.8709893226623535,17280,0.0,0.0
1996-12-27 00:00:00-05:00,5.870987976795912,5.893981262684615,5.86332368850708,5.86332368850708,5040,0.0,0.0
1996-12-30 00:00:00-05:00,5.886317272939646,5.947633266448975,5.886317272939646,5.947633266448975,35280,0.0,0.0
1996-12-31 00:00:00-05:00,5.924640698055333,5.978291988372803,5.924640698055333,5.978291988372803,6480,0.0,0.0
1997-01-02 00:00:00-05:00,5.9016498760169345,5.9169784616411265,5.840333849430335,5.847998142242432,46080,0.0,0.0
1997-01-03 00:00:00-05:00,5.86332368850708,5.878652686106952,5.86332368850708,5.86332368850708,7200,0.0,0.0
1997-01-06 00:00:00-05:00,5.847998142242432,5.855662856076985,5.840333849430335,5.847998142242432,2880,0.0,0.0
1997-01-07 00:00:00-05:00,5.7330310821656925,5.7636895179748535,5.7330310821656925,5.7636895179748535,56160,0.0,0.0
1997-01-08 00:00:00-05:00,5.756024382744466,5.7636895179748535,5.756024382744466,5.7636895179748535,24480,0.0,0.0
1997-01-09 00:00:00-05:00,5.779016971588135,5.779016971588135,5.733029958422123,5.779016971588135,35280,0.0,0.0
1997-01-10 00:00:00-05:00,5.68704080581665,5.68704080581665,5.618060522528907,5.68704080581665,15840,0.0,0.0
1997-01-13 00:00:00-05:00,5.710034172146714,5.733027458190918,5.710034172146714,5.733027458190918,3903120,0.0,0.0
1997-01-14 00:00:00-05:00,5.794346829490387,5.8633271488890815,5.794346829490387,5.847998142242432,19440,0.0,0.0
1997-01-15 00:00:00-05:00,5.863327434497857,5.863327434497857,5.7636895179748535,5.7636895179748535,403200,0.0,0.0
1997-01-16 00:00:00-05:00,5.7713511352834415,5.802008714833313,5.7713511352834415,5.794344425201416,16560,0.0,0.0
1997-01-17 00:00:00-05:00,5.771354745227873,5.771354745227873,5.733032010030919,5.756025314331055,7200,0.0,0.0
1997-01-20 00:00:00-05:00,5.710036727211512,5.710036727211512,5.65638542175293,5.65638542175293,43920,0.0,0.0
1997-01-21 00:00:00-05:00,5.602734323723737,5.633392333984375,5.579741026539466,5.633392333984375,67680,0.0,0.0
1997-01-22 00:00:00-05:00,5.587402488939946,5.587402488939946,5.510757923126221,5.510757923126221,25920,0.0,0.0
1997-01-23 00:00:00-05:00,5.526089159034203,5.6103984746185045,5.5184248671730876,5.533753871917725,101520,0.0,0.0
1997-01-24 00:00:00-05:00,5.54141753433806,5.54141753433806,5.480101522324301,5.495430946350098,28800,0.0,0.0
1997-01-27 00:00:00-05:00,5.480101910187299,5.5337536350078045,5.480101910187299,5.503095626831055,10800,0.0,0.0
1997-01-28 00:00:00-05:00,5.533754736177717,5.54141902923584,5.503096721900285,5.54141902923584,21600,0.0,0.0
1997-01-29 00:00:00-05:00,5.54141902923584,5.549083322293963,5.533754736177717,5.54141902923584,32400,0.0,0.0
1997-01-30 00:00:00-05:00,5.533753071168826,5.572075366973877,5.533753071168826,5.572075366973877,20160,0.0,0.0
1997-01-31 00:00:00-05:00,5.572076776533759,5.572076776533759,5.518425464630127,5.518425464630127,22320,0.0,0.0
1997-02-03 00:00:00-05:00,5.5260889224524234,5.5260889224524234,5.49543133529806,5.503095626831055,45360,0.0,0.0
1997-02-04 00:00:00-05:00,5.54141902923584,5.54141902923584,5.54141902923584,5.54141902923584,15120,0.0,0.0
1997-02-05 00:00:00-05:00,5.556745529174805,5.556745529174805,5.556745529174805,5.556745529174805,5040,0.0,0.0
1997-02-06 00:00:00-05:00,5.55674735165156,5.55674735165156,5.487767043765067,5.503095626831055,11520,0.0,0.0
1997-02-07 00:00:00-05:00,5.457109439013148,5.518425464630127,5.395793834418619,5.518425464630127,123120,0.0,0.0
1997-02-10 00:00:00-05:00,5.564411820286627,5.595069408416748,5.564411820286627,5.595069408416748,50400,0.0,0.0
1997-02-11 00:00:00-05:00,5.947633987899311,5.978291988372803,5.909311697818587,5.978291988372803,107280,0.0,0.0
1997-02-12 00:00:00-05:00,5.993622007794287,5.993622007794287,5.947634999264194,5.962963581085205,25920,0.0,0.0
1997-02-13 00:00:00-05:00,5.9629631910133885,5.970628323467179,5.947634610195108,5.955298900604248,23040,0.0,0.0
1997-02-14 00:00:00-05:00,6.108588417799793,6.223555290637802,6.108588417799793,6.200562000274658,48240,0.0,0.0
1997-02-18 00:00:00-05:00,6.254214263976052,6.376845445656478,6.254214263976052,6.307865142822266,50400,0.0,0.0
1997-02-19 00:00:00-05:00,6.307863521088231,6.307863521088231,6.246548367034328,6.277205944061279,9360,0.0,0.0
1997-02-20 00:00:00-05:00,6.300198691079276,6.346185684204102,6.300198691079276,6.346185684204102,15840,0.0,0.0
1997-02-21 00:00:00-05:00,6.346185819311659,6.392172813415527,6.346185819311659,6.392172813415527,9360,0.0,0.0
1997-02-24 00:00:00-05:00,6.392173753628653,6.44582462310791,6.384509463995126,6.44582462310791,28800,0.0,0.0
1997-02-25 00:00:00-05:00,6.461152055203854,6.5991125943112525,6.461152055203854,6.5914483070373535,94320,0.0,0.0
1997-02-26 00:00:00-05:00,6.637436488975364,6.675758776720839,6.560791492462158,6.560791492462158,17280,0.0,0.0
1997-02-27 00:00:00-05:00,6.468817482582719,6.568455760837193,6.468817482582719,6.499475479125977,232560,0.0,0.0
1997-02-28 00:00:00-05:00,6.376844100713503,6.376844100713503,6.353850811625741,6.361515522003174,18000,0.0,0.0
1997-03-03 00:00:00-05:00,6.33852338131555,6.33852338131555,6.208227070492808,6.215891361236572,33120,0.0,0.0
1997-03-04 00:00:00-05:00,6.22355467956482,6.22355467956482,6.154574394226074,6.154574394226074,75600,0.0,0.0
1997-03-05 00:00:00-05:00,6.1239178506894785,6.16224014697545,6.1239178506894785,6.146911144256592,5760,0.0,0.0
1997-03-06 00:00:00-05:00,6.1469114382540075,6.223556455514115,6.139247147039181,6.17756986618042,37440,0.0,0.0
1997-03-07 00:00:00-05:00,6.177569486495407,6.215891361236572,6.177569486495407,6.215891361236572,12960,0.0,0.0
1997-03-10 00:00:00-05:00,6.254212741184182,6.2695417404174805,6.231219031823109,6.2695417404174805,66960,0.0,0.0
1997-03-11 00:00:00-05:00,6.284867886149213,6.33851957321167,6.284867886149213,6.33851957321167,15840,0.0,0.0
1997-03-12 00:00:00-05:00,6.323192375512498,6.323192375512498,6.28486967086792,6.28486967086792,7200,0.0,0.0
1997-03-13 00:00:00-05:00,6.300198473130162,6.307862761208055,6.254211902618408,6.254211902618408,15840,0.0,0.0
1997-03-14 00:00:00-05:00,6.323196372979725,6.376847267150879,6.323196372979725,6.376847267150879,10800,0.0,0.0
1997-03-17 00:00:00-05:00,6.376843853307861,6.376843853307861,6.315528698800886,6.330857276916504,12960,0.0,0.0
1997-03-18 00:00:00-05:00,6.292534318854372,6.3538498878479,6.292534318854372,6.3538498878479,226800,0.0,0.0
1997-03-19 00:00:00-05:00,6.353851201810194,6.3998382038320045,6.353851201810194,6.369180202484131,10800,0.0,0.0
1997-03-20 00:00:00-05:00,6.40750291468012,6.40750291468012,6.361515912658309,6.369180202484131,935280,0.0,0.0
1997-03-21 00:00:00-05:00,6.399836177197337,6.453487873077393,6.38450760239979,6.453487873077393,20160,0.0,0.0
1997-03-24 00:00:00-05:00,6.415167690821486,6.430496692657471,6.384510108171842,6.430496692657471,82800,0.0,0.0
1997-03-25 00:00:00-05:00,6.4458278032841765,6.499479541278141,6.4458278032841765,6.4688215255737305,27360,0.0,0.0
1997-03-26 00:00:00-05:00,6.461155121327432,6.514805999748906,6.461155121327432,6.491812705993652,24480,0.0,0.0
1997-03-27 00:00:00-05:00,6.499477865575848,6.514806448453531,6.438161849975586,6.438161849975586,65520,0.0,0.0
1997-03-31 00:00:00-05:00,6.499478951835175,6.499478951835175,6.392176327623587,6.4228339195251465,48240,0.0,0.0
1997-04-01 00:00:00-05:00,6.4228339195251465,6.4228339195251465,6.3998406203433635,6.4228339195251465,64080,0.0,0.0
1997-04-02 00:00:00-05:00,6.392176695517604,6.392176695517604,6.353853966645745,6.376847267150879,456480,0.0,0.0
1997-04-03 00:00:00-05:00,6.323194113725686,6.323194113725686,6.292536109991181,6.315529823303223,365040,0.0,0.0
1997-04-04 00:00:00-05:00,6.284869475952178,6.284869475952178,6.238882484418228,6.254211902618408,189360,0.0,0.0
1997-04-07 00:00:00-04:00,6.254210646102761,6.3001972073754855,6.254210646102761,6.292532920837402,281520,0.0,0.0
1997-04-08 00:00:00-04:00,6.2695417404174805,6.2695417404174805,6.238883320928631,6.2695417404174805,11520,0.0,0.0
1997-04-09 00:00:00-04:00,6.364889452187588,6.364889452187588,6.302488386173235,6.341488838195801,988560,0.24694,0.0
1997-04-10 00:00:00-04:00,6.39608907699585,6.39608907699585,6.380489240135105,6.39608907699585,6480,0.0,0.0
1997-04-11 00:00:00-04:00,6.349288156238197,6.349288156238197,6.318088054656982,6.318088054656982,1900800,0.0,0.0
1997-04-14 00:00:00-04:00,6.325886155355664,6.41168737411499,6.325886155355664,6.41168737411499,530640,0.0,0.0
1997-04-15 00:00:00-04:00,6.435091908613314,6.489692211151123,6.435091908613314,6.489692211151123,258480,0.0,0.0
1997-04-16 00:00:00-04:00,6.4974901810877705,6.544290542602539,6.4974901810877705,6.544290542602539,464400,0.0,0.0
1997-04-17 00:00:00-04:00,6.544292218778957,6.544292218778957,6.474091230053644,6.536491870880127,85680,0.0,0.0
1997-04-18 00:00:00-04:00,6.575491905212402,6.575491905212402,6.544291374587508,6.575491905212402,154080,0.0,0.0
1997-04-21 00:00:00-04:00,6.63008975982666,6.63008975982666,6.614489928707486,6.63008975982666,166320,0.0,0.0
1997-04-22 00:00:00-04:00,6.65349415619027,6.7548956871032715,6.65349415619027,6.7548956871032715,224640,0.0,0.0
1997-04-23 00:00:00-04:00,6.754898051861788,6.754898051861788,6.692496956078264,6.700296878814697,25200,0.0,0.0
1997-04-24 00:00:00-04:00,6.723693311069322,6.739293575286865,6.723693311069322,6.739293575286865,65520,0.0,0.0
1997-04-25 00:00:00-04:00,6.708094848636909,6.708094848636909,6.645693778991699,6.645693778991699,11520,0.0,0.0
1997-04-28 00:00:00-04:00,6.661296836659515,6.7392977779159065,6.661296836659515,6.700296878814697,87840,0.0,0.0
1997-04-29 00:00:00-04:00,6.700292042372691,6.73149299621582,6.692492125266437,6.73149299621582,159840,0.0,0.0
1997-04-30 00:00:00-04:00,6.723693012094113,6.723693012094113,6.692492485046387,6.692492485046387,48240,0.0,0.0
1997-05-01 00:00:00-04:00,6.700294607182271,6.715895304311988,6.684694766998291,6.684694766998291,12240,0.0,0.0
1997-05-02 00:00:00-04:00,6.715894172670163,6.817295259144086,6.715894172670163,6.77049446105957,120960,0.0,0.0
1997-05-05 00:00:00-04:00,6.770497682118151,6.85629940032959,6.770497682118151,6.85629940032959,28800,0.0,0.0
1997-05-06 00:00:00-04:00,6.864095687866211,6.864095687866211,6.825095239130824,6.864095687866211,69120,0.0,0.0
1997-05-07 00:00:00-04:00,6.8952977299945815,6.926498267212523,6.793896198272705,6.793896198272705,174960,0.0,0.0
1997-05-08 00:00:00-04:00,6.739295188292968,6.8250964477890514,6.739295188292968,6.747095108032227,279360,0.0,0.0
1997-05-09 00:00:00-04:00,6.7938951827889635,6.895296699354352,6.7938951827889635,6.809495449066162,37440,0.0,0.0
1997-05-12 00:00:00-04:00,6.864094170378606,7.004496097564697,6.864094170378606,7.004496097564697,51840,0.0,0.0
1997-05-13 00:00:00-04:00,7.051298980991512,7.051298980991512,6.957697805485061,6.973298072814941,88560,0.0,0.0
1997-05-14 00:00:00-04:00,6.996700968750333,7.066901980381698,6.996700968750333,7.0591020584106445,27360,0.0,0.0
1997-05-15 00:00:00-04:00,7.06689883542482,7.06689883542482,7.051298141479492,7.051298141479492,6480,0.0,0.0
1997-05-16 00:00:00-04:00,6.988896264297512,7.020096359304561,6.981095490718563,7.004496097564697,23040,0.0,0.0
1997-05-19 00:00:00-04:00,7.004497944138784,7.004497944138784,6.92649704334901,6.9654974937438965,28080,0.0,0.0
1997-05-20 00:00:00-04:00,6.926496982574463,6.926496982574463,6.90309636976462,6.926496982574463,9360,0.0,0.0
1997-05-21 00:00:00-04:00,6.926498711276144,6.96549917106249,6.926498711276144,6.957698822021484,84960,0.0,0.0
1997-05-22 00:00:00-04:00,6.988898106759062,6.988898106759062,6.9654974937438965,6.9654974937438965,15840,0.0,0.0
1997-05-23 00:00:00-04:00,6.9498989014533725,6.96549917106249,6.926498711276144,6.957698822021484,60480,0.0,0.0
1997-05-27 00:00:00-04:00,6.96549917106249,6.96549917106249,6.942098980885262,6.957698822021484,28080,0.0,0.0
1997-05-28 00:00:00-04:00,6.895296863930762,6.9420976638793945,6.895296863930762,6.9420976638793945,69120,0.0,0.0
1997-05-29 00:00:00-04:00,6.9888983416369115,7.004498179540901,6.918697357177734,6.918697357177734,36000,0.0,0.0
1997-05-30 00:00:00-04:00,6.864094665951528,6.864094665951528,6.817293877353022,6.825094223022461,32400,0.0,0.0
1997-06-02 00:00:00-04:00,6.754894440259589,6.762694358825684,6.7314942560885225,6.762694358825684,109440,0.0,0.0
1997-06-03 00:00:00-04:00,6.715897581233592,6.715897581233592,6.692496956078264,6.700296878814697,442080,0.0,0.0
1997-06-04 00:00:00-04:00,6.645693131689834,6.645693131689834,6.614492599906214,6.622292518615723,38160,0.0,0.0
1997-06-05 00:00:00-04:00,6.60669065304946,6.676891618328487,6.598890736228541,6.669091701507568,54720,0.0,0.0
1997-06-06 00:00:00-04:00,6.653492928063658,6.770494277391777,6.653492928063658,6.762694358825684,120960,0.0,0.0
1997-06-09 00:00:00-04:00,6.778294630772236,6.887495626260777,6.778294630772236,6.871895790100098,146160,0.0,0.0
1997-06-10 00:00:00-04:00,6.879695197814372,7.012297223125202,6.879695197814372,6.981096267700195,239760,0.0,0.0
1997-06-11 00:00:00-04:00,7.012294822955817,7.012294822955817,6.94209387557794,6.996694564819336,68400,0.0,0.0
1997-06-12 00:00:00-04:00,7.020096720794227,7.051296817407878,6.996696541215813,7.035696983337402,52560,0.0,0.0
1997-06-13 00:00:00-04:00,7.043498514542272,7.129300192429397,7.043498514542272,7.098099231719971,134640,0.0,0.0
1997-06-16 00:00:00-04:00,7.168301695573352,7.168301695573352,7.1137009671182945,7.1527018547058105,91440,0.0,0.0
1997-06-17 00:00:00-04:00,7.129302042175197,7.129302042175197,7.082501231677468,7.113701343536377,56160,0.0,0.0
1997-06-18 00:00:00-04:00,7.082498199285984,7.113698297786484,7.082498199285984,7.105898380279541,46800,0.0,0.0
1997-06-19 00:00:00-04:00,7.0903003680810075,7.144901093384426,7.0903003680810075,7.137101173400879,73440,0.0,0.0
1997-06-20 00:00:00-04:00,7.199501818687846,7.207302595617118,7.137101173400879,7.137101173400879,177120,0.0,0.0
1997-06-23 00:00:00-04:00,7.144899308211718,7.246300385026809,7.144899308211718,7.160499572753906,77040,0.0,0.0
1997-06-24 00:00:00-04:00,7.176101257238461,7.269702434539795,7.176101257238461,7.269702434539795,179280,0.0,0.0
1997-06-25 00:00:00-04:00,7.238501071929932,7.269701603621807,7.238501071929932,7.238501071929932,20160,0.0,0.0
1997-06-26 00:00:00-04:00,7.222900276295406,7.222900276295406,7.183899402618408,7.183899402618408,17280,0.0,0.0
1997-06-27 00:00:00-04:00,7.2073021648183815,7.238501842887688,7.191701468838056,7.230701923370361,33120,0.0,0.0
1997-06-30 00:00:00-04:00,7.258000476614289,7.258000476614289,7.207300156930638,7.246299743652344,137520,0.0,0.0
1997-07-01 00:00:00-04:00,7.269701698161796,7.355503375666671,7.269701698161796,7.347703456878662,16560,0.0,0.0
1997-07-02 00:00:00-04:00,7.394502295264448,7.46860408782959,7.386702377187754,7.46860408782959,57600,0.0,0.0
1997-07-03 00:00:00-04:00,7.519305391643312,7.659707363092858,7.519305391643312,7.651907444000244,25920,0.0,0.0
1997-07-07 00:00:00-04:00,7.612903817716319,7.640203523159019,7.550502777099609,7.550502777099609,111600,0.0,0.0
1997-07-08 00:00:00-04:00,7.573905098737654,7.628506235892869,7.5505044889646395,7.558305263519287,146880,0.0,0.0
1997-07-09 00:00:00-04:00,7.612909174279711,7.628509873883422,7.495907783508301,7.495907783508301,66960,0.0,0.0
1997-07-10 00:00:00-04:00,7.550502777099609,7.566103465726422,7.488102593428169,7.550502777099609,197280,0.0,0.0
1997-07-11 00:00:00-04:00,7.542708667694075,7.542708667694075,7.472507657195316,7.480307579040527,45360,0.0,0.0
1997-07-14 00:00:00-04:00,7.488104739966841,7.50370457612023,7.449103435692339,7.46860408782959,73440,0.0,0.0
1997-07-15 00:00:00-04:00,7.4686008437420774,7.4803007157751225,7.4413002853864985,7.472500801086426,72000,0.0,0.0
1997-07-16 00:00:00-04:00,7.488102582691233,7.570002555847168,7.488102582691233,7.570002555847168,33120,0.0,0.0
1997-07-17 00:00:00-04:00,7.558306336695852,7.558306336695852,7.4218034744262695,7.4218034744262695,88560,0.0,0.0
1997-07-18 00:00:00-04:00,7.316503563394271,7.316503563394271,7.27750396148236,7.281403064727783,54720,0.0,0.0
1997-07-21 00:00:00-04:00,7.261900863605212,7.261900863605212,7.18779993057251,7.18779993057251,12960,0.0,0.0
1997-07-22 00:00:00-04:00,7.207300830718472,7.238500503012595,7.129299507619377,7.23460054397583,146160,0.0,0.0
1997-07-23 00:00:00-04:00,7.300902594041919,7.375003540111419,7.300902594041919,7.3633036613464355,123120,0.0,0.0
1997-07-24 00:00:00-04:00,7.378903237583994,7.394503075383162,7.324302091395691,7.336002826690674,14400,0.0,0.0
1997-07-25 00:00:00-04:00,7.336003120505925,7.3477038562695345,7.316502465530335,7.328203201293945,35280,0.0,0.0
1997-07-28 00:00:00-04:00,7.269699887663041,7.269699887663041,7.218998714276786,7.226799488067627,316080,0.0,0.0
1997-07-29 00:00:00-04:00,7.234599867635832,7.246299743652344,7.211199258657374,7.246299743652344,15120,0.0,0.0
1997-07-30 00:00:00-04:00,7.222902827003273,7.261903285980225,7.222902827003273,7.261903285980225,83520,0.0,0.0
1997-07-31 00:00:00-04:00,7.2697023454521394,7.414004283661237,7.2697023454521394,7.359403133392334,33840,0.0,0.0
1997-08-01 00:00:00-04:00,7.581704616546631,7.67530533681199,7.511503647874903,7.581704616546631,149040,0.0,0.0
1997-08-04 00:00:00-04:00,7.6129061631465635,7.620706081390381,7.573905714981943,7.620706081390381,141840,0.0,0.0
1997-08-05 00:00:00-04:00,7.675307827525763,7.675307827525763,7.589506996615058,7.601207733154297,101520,0.0,0.0
1997-08-06 00:00:00-04:00,7.597305927105768,7.644107153277386,7.597305927105768,7.640206336975098,354960,0.0,0.0
1997-08-07 00:00:00-04:00,7.659706244633714,7.765007707844908,7.659706244633714,7.737707138061523,229680,0.0,0.0
1997-08-08 00:00:00-04:00,7.706507521897588,7.710406623957083,7.644106463926525,7.667506217956543,52560,0.0,0.0
1997-08-11 00:00:00-04:00,7.675306600670818,7.70260717230427,7.675306600670818,7.683107376098633,39600,0.0,0.0
1997-08-12 00:00:00-04:00,7.698709002802095,7.702608105570087,7.581706783609773,7.609007358551025,87840,0.0,0.0
1997-08-13 00:00:00-04:00,7.589503213248736,7.589503213248736,7.527102172632026,7.550502777099609,41760,0.0,0.0
1997-08-14 00:00:00-04:00,7.488104739966841,7.495904658043536,7.417903763385561,7.46860408782959,59040,0.0,0.0
1997-08-15 00:00:00-04:00,7.441306382029615,7.441306382029615,7.176102638244629,7.176102638244629,144000,0.0,0.0
1997-08-18 00:00:00-04:00,7.1605009338230765,7.26190245838534,7.15270101430575,7.230701923370361,191520,0.0,0.0
1997-08-19 00:00:00-04:00,7.246301279006809,7.363303491744223,7.246301279006809,7.339902877807617,224640,0.0,0.0
1997-08-20 00:00:00-04:00,7.4413002853864985,7.5193011461637465,7.4413002853864985,7.472500801086426,68400,0.0,0.0
1997-08-21 00:00:00-04:00,7.488103940042664,7.488103940042664,7.382802486419678,7.382802486419678,23040,0.0,0.0
1997-08-22 00:00:00-04:00,7.359404884443832,7.375005584066454,7.304804578129337,7.3321051597595215,44640,0.0,0.0
1997-08-25 00:00:00-04:00,7.332103750097414,7.363304286398205,7.277503454280311,7.312603950500488,59760,0.0,0.0
1997-08-26 00:00:00-04:00,7.316504460136899,7.363305702058892,7.316504460136899,7.3321051597595215,61920,0.0,0.0
1997-08-27 00:00:00-04:00,7.285303904144703,7.300903744957175,7.242403484964634,7.261903285980225,33120,0.0,0.0
1997-08-28 00:00:00-04:00,7.215101441843722,7.215101441843722,7.020098329601201,7.098099231719971,118080,0.0,0.0
1997-08-29 00:00:00-04:00,7.043500168009716,7.043500168009716,6.988899866487351,7.016199588775635,40320,0.0,0.0
1997-09-02 00:00:00-04:00,7.03180155962257,7.320405960083008,7.03180155962257,7.320405960083008,176400,0.0,0.0
1997-09-03 00:00:00-04:00,7.382805050651615,7.382805050651615,7.3009033203125,7.3009033203125,48240,0.0,0.0
1997-09-04 00:00:00-04:00,7.308703240265067,7.36720435380076,7.293103400359933,7.3009033203125,66960,0.0,0.0
1997-09-05 00:00:00-04:00,7.332102495114804,7.425704087996073,7.316501801161811,7.324301719665527,115200,0.0,0.0
1997-09-08 00:00:00-04:00,7.3009033203125,7.3009033203125,7.250202983675095,7.3009033203125,58320,0.0,0.0
1997-09-09 00:00:00-04:00,7.300904866402022,7.300904866402022,7.207304093258239,7.285305023193359,51840,0.0,0.0
1997-09-10 00:00:00-04:00,7.176102424200016,7.176102424200016,7.113701343536377,7.113701343536377,87840,0.0,0.0
1997-09-11 00:00:00-04:00,7.066897566886327,7.066897566886327,6.988896681997867,7.020096778869629,27360,0.0,0.0
1997-09-12 00:00:00-04:00,7.027898634453368,7.059099596876604,6.9927981408773565,7.0395989418029785,51840,0.0,0.0
1997-09-15 00:00:00-04:00,7.0512967713252905,7.0512967713252905,6.95769562515065,6.9615960121154785,221040,0.0,0.0
1997-09-16 00:00:00-04:00,6.988898421753553,7.141000270843506,6.988898421753553,7.141000270843506,218160,0.0,0.0
1997-09-17 00:00:00-04:00,7.156601765137946,7.156601765137946,7.105901422689877,7.113701343536377,21600,0.0,0.0
1997-09-18 00:00:00-04:00,7.2034003236819615,7.269701344041579,7.2034003236819615,7.207301139831543,44640,0.0,0.0
1997-09-19 00:00:00-04:00,7.207306146471192,7.207306146471192,7.144904613494873,7.144904613494873,32400,0.0,0.0
1997-09-22 00:00:00-04:00,7.238501842887688,7.269702377902667,7.2073021648183815,7.230701923370361,66240,0.0,0.0
1997-09-23 00:00:00-04:00,7.293100495144802,7.293100495144802,7.207299695953975,7.226799488067627,60480,0.0,0.0
1997-09-24 00:00:00-04:00,7.254101171187837,7.347703626588244,7.254101171187837,7.265801906585693,59040,0.0,0.0
1997-09-25 00:00:00-04:00,7.250202635594558,7.2970030100088055,7.250202635594558,7.269702434539795,36000,0.0,0.0
1997-09-26 00:00:00-04:00,7.300903213796624,7.371104206236976,7.2619027576570625,7.312603950500488,204480,0.0,0.0
1997-09-29 00:00:00-04:00,7.363303491744223,7.363303491744223,7.277502668886028,7.339902877807617,105840,0.0,0.0
1997-09-30 00:00:00-04:00,7.3477030255370535,7.433503841059459,7.3477030255370535,7.406203269958496,115920,0.0,0.0
1997-10-01 00:00:00-04:00,7.456905274618021,7.605107184033097,7.456905274618021,7.5427069664001465,359280,0.0,0.0
1997-10-02 00:00:00-04:00,7.558307589492825,7.753309874459226,7.558307589492825,7.612907886505127,205200,0.0,0.0
1997-10-03 00:00:00-04:00,7.706508591539791,7.706508591539791,7.651907444000244,7.651907444000244,229680,0.0,0.0
1997-10-06 00:00:00-04:00,7.722107825455467,7.768909050240115,7.644106926741799,7.683107376098633,285120,0.0,0.0
1997-10-07 00:00:00-04:00,7.687003573855838,7.800104907341302,7.687003573855838,7.792304992675781,346320,0.0,0.0
1997-10-08 00:00:00-04:00,7.839112042392829,7.854711883361064,7.792310805596564,7.796210765838623,210240,0.0,0.0
1997-10-09 00:00:00-04:00,7.796212587809906,7.796212587809906,7.702610949288497,7.718211650848389,219600,0.0,0.0
1997-10-10 00:00:00-04:00,7.722109135351004,7.737708974961702,7.667507982822148,7.714309215545654,253440,0.0,0.0
1997-10-13 00:00:00-04:00,7.768911066584416,7.800110748611006,7.761110289131987,7.7767109870910645,128880,0.0,0.0
1997-10-14 00:00:00-04:00,7.776710964628329,7.796210765838623,7.761110266714314,7.796210765838623,187920,0.0,0.0
1997-10-15 00:00:00-04:00,7.737710663013512,7.7650112452338105,7.679210394765322,7.741611480712891,90720,0.0,0.0
1997-10-16 00:00:00-04:00,7.745505645375125,7.753306418853602,7.683105456164731,7.702605247497559,107280,0.0,0.0
1997-10-17 00:00:00-04:00,7.70260834693036,7.70260834693036,7.628508253103323,7.655807971954346,285840,0.0,0.0
1997-10-20 00:00:00-04:00,7.737707373351818,7.8001084327697745,7.737707373351818,7.800108432769775,98640,0.0,0.0
1997-10-21 00:00:00-04:00,7.800111432619921,8.11211599275822,7.800111432619921,8.080915451049805,145620,0.0,4.0
1997-10-22 00:00:00-04:00,8.14331572975661,8.205716807007063,7.940512657165527,7.940512657165527,155160,0.0,0.0
1997-10-23 00:00:00-04:00,7.768911031335804,7.784510872278321,7.675308557897595,7.722109794616699,149580,0.0,0.0
1997-10-24 00:00:00-04:00,7.8469135419980285,7.878113230213157,7.644110426923982,7.690910816192627,128160,0.0,0.0
1997-10-27 00:00:00-05:00,7.550503809272101,7.581704333845645,7.051296701513484,7.066897392272949,137700,0.0,0.0
1997-10-28 00:00:00-05:00,6.676894347829223,7.706509497456435,6.676894347829223,7.612907886505127,216000,0.0,0.0
1997-10-29 00:00:00-05:00,7.675307379995189,7.924911652335784,7.550506100770538,7.566106796264648,258300,0.0,0.0
1997-10-30 00:00:00-05:00,7.534906248482668,7.597307323550913,7.300903502395363,7.488106727600098,86220,0.0,0.0
1997-10-31 00:00:00-05:00,7.425701552811459,7.67530400138776,7.425701552811459,7.550502777099609,54720,0.0,0.0
1997-11-03 00:00:00-05:00,7.581706167570372,7.72210813363649,7.581706167570372,7.659707069396973,40320,0.0,0.0
1997-11-04 00:00:00-05:00,7.675303290146373,7.690903977327528,7.612903112257322,7.628503799438477,121680,0.0,0.0
1997-11-05 00:00:00-05:00,7.675306080541076,7.753307830914387,7.581705351205905,7.737707138061523,54900,0.0,0.0
1997-11-06 00:00:00-05:00,7.737709530554272,7.737709530554272,7.503706777917406,7.644108772277832,74700,0.0,0.0
1997-11-07 00:00:00-05:00,7.519304293685456,7.784508359674611,7.519304293685456,7.737707138061523,151920,0.0,0.0
1997-11-10 00:00:00-05:00,7.737708182806546,7.924911380644058,7.737708182806546,7.84691047668457,75420,0.0,0.0
1997-11-11 00:00:00-05:00,7.909309757182661,7.97170995209666,7.8781083743075255,7.924909591674805,49500,0.0,0.0
1997-11-12 00:00:00-05:00,7.862511790882458,7.878111631824974,7.706509953674183,7.722109794616699,171000,0.0,0.0
1997-11-13 00:00:00-05:00,7.784510872278321,7.784510872278321,7.488107038804288,7.722109794616699,63540,0.0,0.0
1997-11-14 00:00:00-05:00,7.706507466246801,7.800108195581972,7.628506572818992,7.737707138061523,70020,0.0,0.0
1997-11-17 00:00:00-05:00,7.94051345993807,7.987314701080322,7.815711292819877,7.987314701080322,117900,0.0,0.0
1997-11-18 00:00:00-05:00,8.049714856285705,8.065314696903458,7.956112384796143,7.956112384796143,30960,0.0,0.0
1997-11-19 00:00:00-05:00,8.015713572105806,8.172884917394061,8.015713572105806,8.047148704528809,61740,0.13167,0.0
1997-11-20 00:00:00-05:00,8.172880172729492,8.25146623143413,8.141445921920607,8.172880172729492,83700,0.0,0.0
1997-11-21 00:00:00-05:00,8.157162565158997,8.267182873991617,8.110012484284749,8.188597679138184,34380,0.0,0.0
1997-11-24 00:00:00-05:00,8.235750178169873,8.235750178169873,8.015710382329088,8.0942964553833,48780,0.0,0.0
1997-11-25 00:00:00-05:00,8.11001345100869,8.11001345100869,7.999993129061506,8.031427383422852,59220,0.0,0.0
1997-11-26 00:00:00-05:00,8.015711381713228,8.11001502648189,7.984277984610493,8.078579902648926,40860,0.0,0.0
1997-11-28 00:00:00-05:00,8.125735343327468,8.125735343327468,7.984281539916992,7.984281539916992,71640,0.0,0.0
1997-12-01 00:00:00-05:00,8.015710401983927,8.235750198364258,8.015710401983927,8.235750198364258,53100,0.0,0.0
1997-12-02 00:00:00-05:00,8.18859772981636,8.204314423538378,8.078577420302837,8.172880172729492,44280,0.0,0.0
1997-12-03 00:00:00-05:00,8.172883565304074,8.377205848693848,8.141449301446785,8.377205848693848,45180,0.0,0.0
1997-12-04 00:00:00-05:00,8.42435620453994,8.48722472771527,8.282902459078018,8.33005428314209,140400,0.0,0.0
1997-12-05 00:00:00-05:00,8.267188818867199,8.487227868031239,8.267188818867199,8.424359321594238,33480,0.0,0.0
1997-12-08 00:00:00-05:00,8.471511163104722,8.51866214124974,8.40864261666772,8.424359321594238,28260,0.0,0.0
1997-12-09 00:00:00-05:00,8.424357150439016,8.534377510031664,8.408640449563062,8.471508979797363,43380,0.0,0.0
1997-12-10 00:00:00-05:00,8.408637686415133,8.408637686415133,8.251467275842122,8.298617362976074,47160,0.0,0.0
1997-12-11 00:00:00-05:00,8.157168540770495,8.23575465655778,8.062866583210514,8.141451835632324,51300,0.0,0.0
1997-12-12 00:00:00-05:00,8.204320382915961,8.34577418262141,8.125735130494153,8.141451835632324,50400,0.0,0.0
1997-12-15 00:00:00-05:00,8.267188818867199,8.487227868031239,8.267188818867199,8.424359321594238,95400,0.0,0.0
1997-12-16 00:00:00-05:00,8.487226685377077,8.770134241556313,8.487226685377077,8.722982406616211,62820,0.0,0.0
1997-12-17 00:00:00-05:00,8.722978457837371,8.77013027143246,8.455788588713327,8.612959861755371,29160,0.0,0.0
1997-12-18 00:00:00-05:00,8.612961216247204,8.612961216247204,8.471507479946538,8.550092697143555,32940,0.0,0.0
1997-12-19 00:00:00-05:00,8.392923217364649,8.392923217364649,8.220034338482604,8.267186164855957,24300,0.0,0.0
1997-12-22 00:00:00-05:00,8.518658274354513,8.518658274354513,8.251468368331619,8.282901763916016,56880,0.0,0.0
1997-12-23 00:00:00-05:00,8.2200345993042,8.298619827933045,8.204317898924515,8.2200345993042,22680,0.0,0.0
1997-12-24 00:00:00-05:00,8.157165812228259,8.267186164855957,8.047147186330937,8.267186164855957,58320,0.0,0.0
1997-12-26 00:00:00-05:00,8.267185356792053,8.267185356792053,8.157165014918132,8.251468658447266,43020,0.0,0.0
1997-12-29 00:00:00-05:00,8.20432021992412,8.707266861470439,8.20432021992412,8.565813064575195,51480,0.0,0.0
1997-12-30 00:00:00-05:00,8.565808853039854,8.707262580386805,8.565808853039854,8.628677368164062,67140,0.0,0.0
1997-12-31 00:00:00-05:00,8.69154658575893,8.785848502701905,8.644394763922339,8.675829887390137,28800,0.0,0.0
1998-01-02 00:00:00-05:00,8.675827454524601,8.801563596311485,8.628675645910265,8.754412651062012,67500,0.0,0.0
1998-01-05 00:00:00-05:00,8.644393252998826,8.722978457837371,8.550091352538553,8.612959861755371,58680,0.0,0.0
1998-01-06 00:00:00-05:00,8.612959861755371,8.722978457837371,8.550091352538553,8.612959861755371,89820,0.0,0.0
1998-01-07 00:00:00-05:00,8.61296235867425,8.833001341357997,8.59724479513101,8.801567077636719,64620,0.0,0.0
1998-01-08 00:00:00-05:00,8.550095769872092,8.56581247361372,8.455792957326128,8.518661499023438,127620,0.0,0.0
1998-01-09 00:00:00-05:00,8.361484814217953,8.361484814217953,8.157162615642624,8.172880172729492,58680,0.0,0.0
1998-01-12 00:00:00-05:00,7.921412783505067,8.204320382915961,7.858544236221428,8.141451835632324,61740,0.0,0.0
1998-01-13 00:00:00-05:00,8.204317796977355,8.204317796977355,8.04714734167267,8.110015869140625,100260,0.0,0.0
1998-01-14 00:00:00-05:00,8.110014015340147,8.172881665072506,7.984276989145412,8.0942964553833,172440,0.0,0.0
1998-01-15 00:00:00-05:00,8.031429848087905,8.125732640111348,7.952844619750977,7.952844619750977,243900,0.0,0.0
1998-01-16 00:00:00-05:00,8.110012484284749,8.251466180366869,8.110012484284749,8.188597679138184,57420,0.0,0.0
1998-01-20 00:00:00-05:00,8.31433732097927,8.408640112551137,8.188601128915321,8.377205848693848,82800,0.0,0.0
1998-01-21 00:00:00-05:00,8.377205654118468,8.392923217364649,8.204317638601612,8.267186164855957,60480,0.0,0.0
1998-01-22 00:00:00-05:00,8.267186427173678,8.377205919927105,8.172883634799934,8.2200345993042,37800,0.0,0.0
1998-01-23 00:00:00-05:00,8.345769664871918,8.424354874753819,8.204315941738496,8.235750198364258,58860,0.0,0.0
1998-01-26 00:00:00-05:00,8.235752149361023,8.42435687042983,8.235752149361023,8.361488342285156,59400,0.0,0.0
1998-01-27 00:00:00-05:00,8.282900667264757,8.345769176839944,8.188598766266933,8.298617362976074,106740,0.0,0.0
1998-01-28 00:00:00-05:00,8.235750396603594,8.235750396603594,8.110014230439013,8.204316139221191,61920,0.0,0.0
1998-01-29 00:00:00-05:00,8.110013504080264,8.110013504080264,8.01570987701416,8.01570987701416,91980,0.0,0.0
1998-01-30 00:00:00-05:00,8.078580812417021,8.110015939790047,7.937127056064464,7.952844619750977,83160,0.0,0.0
1998-02-02 00:00:00-05:00,8.047146251197486,8.188599987149278,8.031428689777794,8.125731468200684,84960,0.0,0.0
1998-02-03 00:00:00-05:00,8.172883533243377,8.204317796977355,8.078580742041442,8.110015869140625,88920,0.0,0.0
1998-02-04 00:00:00-05:00,8.25146891613258,8.361487534712069,8.235751353931846,8.345770835876465,150480,0.0,0.0
1998-02-05 00:00:00-05:00,8.518658586876672,8.707263284127725,8.518658586876672,8.675829887390137,175680,0.0,0.0
1998-02-06 00:00:00-05:00,8.675832298406798,8.754417538819842,8.612963760730224,8.722982406616211,65880,0.0,0.0
1998-02-09 00:00:00-05:00,8.72298044642826,8.72298044642826,8.550093301716101,8.597244262695312,60840,0.0,0.0
1998-02-10 00:00:00-05:00,8.550093298465967,8.754415568240132,8.550093298465967,8.73869800567627,67500,0.0,0.0
1998-02-11 00:00:00-05:00,8.550096414468241,8.581529824321276,8.392925911741203,8.424359321594238,173700,0.0,0.0
1998-02-12 00:00:00-05:00,8.330057365304201,8.424359321594238,8.330057365304201,8.424359321594238,67320,0.0,0.0
1998-02-13 00:00:00-05:00,8.4243554975061,8.4243554975061,8.267185066123817,8.282901763916016,78480,0.0,0.0
1998-02-17 00:00:00-05:00,8.550094753631397,8.628679989729909,8.440074387055121,8.534378051757812,105120,0.0,0.0
1998-02-18 00:00:00-05:00,8.597245548050568,8.707265049027601,8.550094580021918,8.691548347473145,91980,0.0,0.0
1998-02-19 00:00:00-05:00,8.675833451818571,8.722983566296373,8.550096359749261,8.565813064575195,63720,0.0,0.0
1998-02-20 00:00:00-05:00,8.581526298540112,8.675829942815756,8.581526298540112,8.660112380981445,67860,0.0,0.0
1998-02-23 00:00:00-05:00,8.880151401434382,8.958737484421679,8.880151401434382,8.927302360534668,125460,0.0,0.0
1998-02-24 00:00:00-05:00,9.037322098854839,9.068755493906664,8.990170279546984,9.021604537963867,80460,0.0,0.0
1998-02-25 00:00:00-05:00,9.084475141669117,9.273079872131348,9.053040876031202,9.273079872131348,123660,0.0,0.0
1998-02-26 00:00:00-05:00,9.273073915784586,9.320225715637207,9.257357224743513,9.320225715637207,68040,0.0,0.0
1998-02-27 00:00:00-05:00,9.351662979988046,9.383098101849635,9.288794462994986,9.304512023925781,73440,0.0,0.0
1998-03-02 00:00:00-05:00,9.367380606430379,9.461683382579482,9.367380606430379,9.430248260498047,116820,0.0,0.0
1998-03-03 00:00:00-05:00,9.398813938949267,9.603136168788376,9.398813938949267,9.571701049804688,64620,0.0,0.0
1998-03-04 00:00:00-05:00,9.555983933583493,9.555983933583493,9.477398729673927,9.493115425109863,54000,0.0,0.0
1998-03-05 00:00:00-05:00,9.367384168435555,9.430251846409043,9.288798060079253,9.335949897766113,72900,0.0,0.0
1998-03-06 00:00:00-05:00,9.477398900424733,9.650286870159599,9.44596464562158,9.618852615356445,81540,0.0,0.0
1998-03-09 00:00:00-05:00,9.634571368120135,9.744591715103724,9.571702845090984,9.603137969970703,79920,0.0,0.0
1998-03-10 00:00:00-05:00,9.634570825506863,9.870327341905947,9.634570825506863,9.823176383972168,74700,0.0,0.0
1998-03-11 00:00:00-05:00,9.823176585217304,9.870327544117055,9.776024762952442,9.791742324829102,61560,0.0,0.0
1998-03-12 00:00:00-05:00,9.744589935604248,9.854608535766602,9.744589935604248,9.854608535766602,40680,0.0,0.0
1998-03-13 00:00:00-05:00,9.650287120533948,9.713154768406381,9.555984353677824,9.571701049804688,117540,0.0,0.0
1998-03-16 00:00:00-05:00,9.477398483818876,9.587417939111218,9.430246672004357,9.540266990661621,114120,0.0,0.0
1998-03-17 00:00:00-05:00,9.493115842440409,9.587418609296533,9.461682450186682,9.571701049804688,151920,0.0,0.0
1998-03-18 00:00:00-05:00,9.508834229162947,9.508834229162947,9.44596571245622,9.46168327331543,41580,0.0,0.0
1998-03-19 00:00:00-05:00,9.445965370760334,9.55598483933476,9.445965370760334,9.508833885192871,60480,0.0,0.0
1998-03-20 00:00:00-05:00,9.713156048852646,10.011781084914416,9.618854132930062,9.964630126953125,115740,0.0,0.0
1998-03-23 00:00:00-05:00,9.870327488293528,9.870327488293528,9.791742269450028,9.807459831237793,46800,0.0,0.0
1998-03-24 00:00:00-05:00,9.870329109428463,9.870329109428463,9.776026313308602,9.838894844055176,105840,0.0,0.0
1998-03-25 00:00:00-05:00,9.776024410177737,9.823176230741092,9.68172249578119,9.697439193725586,112320,0.0,0.0
1998-03-26 00:00:00-05:00,9.681723741898418,9.681723741898418,9.587420951999245,9.666007041931152,35280,0.0,0.0
1998-03-27 00:00:00-05:00,9.854611545059194,9.854611545059194,9.807461442047138,9.838894844055176,20880,0.0,0.0
1998-03-30 00:00:00-05:00,9.713154516400948,9.713154516400948,9.60313591963735,9.618852615356445,31140,0.0,0.0
1998-03-31 00:00:00-05:00,9.650288530185687,9.807459831237793,9.634570968397922,9.807459831237793,55080,0.0,0.0
1998-04-01 00:00:00-05:00,9.93319226075369,10.12179688748741,9.93319226075369,10.090363502502441,200520,0.0,0.0
1998-04-02 00:00:00-05:00,10.21610538033359,10.420426814515352,10.21610538033359,10.373276710510254,66420,0.0,0.0
1998-04-03 00:00:00-05:00,10.750486153203926,10.750486153203926,10.451861921555047,10.514730453491211,208440,0.0,0.0
1998-04-06 00:00:00-04:00,10.986240828266457,11.06482691753983,10.891938902522703,10.939090728759766,189900,0.0,0.0
1998-04-07 00:00:00-04:00,10.876221718291179,10.891938417426765,10.530445703656804,10.577596664428711,165780,0.0,0.0
1998-04-08 00:00:00-04:00,10.719054648272985,10.813357470467956,10.514733161898784,10.530449867248535,175680,0.0,0.0
1998-04-09 00:00:00-04:00,10.750486550469136,10.750486550469136,10.561880947691057,10.593316078186035,101700,0.0,0.0
1998-04-13 00:00:00-04:00,10.593310934308645,10.593310934308645,10.341836919381425,10.499008178710938,73980,0.0,0.0
1998-04-14 00:00:00-04:00,10.467577180384165,10.624747625200618,10.467577180384165,10.577596664428711,37440,0.0,0.0
1998-04-15 00:00:00-04:00,10.671902930521442,10.671902930521442,10.561882547223005,10.624751091003418,104040,0.0,0.0
1998-04-16 00:00:00-04:00,10.561875819077864,10.62474432280967,10.451857232594524,10.499008178710938,131940,0.0,0.0
1998-04-17 00:00:00-04:00,10.561880947691057,10.609032780068226,10.483295711549507,10.593316078186035,31860,0.0,0.0
1998-04-20 00:00:00-04:00,10.60903238803019,10.640466653998272,10.483295324157863,10.514730453491211,81540,0.0,0.0
1998-04-21 00:00:00-04:00,10.687617301940918,10.781920097027566,10.640466336080214,10.687617301940918,216360,0.0,0.0
1998-04-22 00:00:00-04:00,10.630331204579651,10.66187444282879,10.50415478605483,10.535698890686035,177480,0.08222,0.0
1998-04-23 00:00:00-04:00,10.583016467842631,10.614560577998148,10.393752673291749,10.425296783447266,43560,0.0,0.0
1998-04-24 00:00:00-04:00,10.504157341813114,10.56724556642547,10.393753381932628,10.409525871276855,64980,0.0,0.0
1998-04-27 00:00:00-04:00,10.283346499930563,10.299118118410842,9.952133848024406,9.983678817749023,144180,0.0,0.0
1998-04-28 00:00:00-04:00,10.141402908232847,10.251806885078437,10.125631282847367,10.236034393310547,70380,0.0,0.0
1998-04-29 00:00:00-04:00,10.299119241311391,10.330663348093195,10.220259407547944,10.31489086151123,42840,0.0,0.0
1998-04-30 00:00:00-04:00,10.709193278526229,10.756509012203415,10.630333433603505,10.661876678466797,104940,0.0,0.0
1998-05-01 00:00:00-04:00,11.229665756225586,11.261210724887098,11.071946111210035,11.229665756225586,374580,0.0,0.0
1998-05-04 00:00:00-04:00,11.213894138276832,11.261210724887098,11.166577551666565,11.229665756225586,118080,0.0,0.0
1998-05-05 00:00:00-04:00,11.103491202868575,11.13503530795883,11.008858887597812,11.07194709777832,79380,0.0,0.0
1998-05-06 00:00:00-04:00,11.087719056463563,11.103491542682434,10.851139560619437,10.882682800292969,51480,0.0,0.0
1998-05-07 00:00:00-04:00,10.81959504888331,10.81959504888331,10.614558800400545,10.646102905273438,38160,0.0,0.0
1998-05-08 00:00:00-04:00,10.851138536718949,11.04040228881197,10.851138536718949,10.977314949035645,207180,0.0,0.0
1998-05-11 00:00:00-04:00,11.071947676403326,11.119264269702533,11.040403569664562,11.10349178314209,82260,0.0,0.0
1998-05-12 00:00:00-04:00,11.103493163762051,11.103493163762051,10.993089209639697,11.024632453918457,117540,0.0,0.0
1998-05-13 00:00:00-04:00,11.087714195251465,11.13503076678086,11.0561709694075,11.087714195251465,54900,0.0,0.0
1998-05-14 00:00:00-04:00,11.056178143982129,11.103493879833925,10.993089918591544,11.008861541748047,149400,0.0,0.0
1998-05-15 00:00:00-04:00,10.961542464305047,11.008858185732796,10.945769979574449,10.977314949035645,30780,0.0,0.0
1998-05-18 00:00:00-04:00,10.97731780062987,10.97731780062987,10.724964910442392,10.819597244262695,241020,0.0,0.0
1998-05-19 00:00:00-04:00,10.882680612212818,10.914225578308105,10.851137378881392,10.914225578308105,93240,0.0,0.0
1998-05-20 00:00:00-04:00,11.024629522113312,11.198122517802489,10.993086286222917,11.1192626953125,202680,0.0,0.0
1998-05-21 00:00:00-04:00,11.008858185732796,11.056174773542569,10.961542464305047,10.977314949035645,87480,0.0,0.0
1998-05-22 00:00:00-04:00,11.166578754125746,11.19812372618414,11.071947303478947,11.135035514831543,117180,0.0,0.0
1998-05-26 00:00:00-04:00,11.324294453753268,11.340066933056974,11.071942582329482,11.087714195251465,91980,0.0,0.0
1998-05-27 00:00:00-04:00,11.040402325782955,11.040402325782955,10.740733778718315,10.929998397827148,76140,0.0,0.0
1998-05-28 00:00:00-04:00,10.96154580589625,11.024633164904548,10.96154580589625,11.008861541748047,143100,0.0,0.0
1998-05-29 00:00:00-04:00,11.10349178314209,11.135035889880854,11.071947676403326,11.10349178314209,175680,0.0,0.0
1998-06-01 00:00:00-04:00,11.040402746549065,11.150806678712529,10.977315404157128,11.056175231933594,75960,0.0,0.0
1998-06-02 00:00:00-04:00,11.292752852111297,11.355841050476593,11.276981235710933,11.324296951293945,61380,0.0,0.0
1998-06-03 00:00:00-04:00,11.497791330367983,11.608195266082149,11.450474739074707,11.450474739074707,164160,0.0,0.0
1998-06-04 00:00:00-04:00,11.529337882995605,11.529337882995605,11.41893392384701,11.529337882995605,61740,0.0,0.0
1998-06-05 00:00:00-04:00,11.608199504798192,11.639743621717965,11.51356715403887,11.576655387878418,59940,0.0,0.0
1998-06-08 00:00:00-04:00,11.608194015870325,11.702826321882815,11.576649913866161,11.592421531677246,107640,0.0,0.0
1998-06-09 00:00:00-04:00,11.63973866476326,11.702826871735763,11.592422076342867,11.671282768249512,43200,0.0,0.0
1998-06-10 00:00:00-04:00,11.63973546911169,11.655507083333754,11.482015861363875,11.497787475585938,154800,0.0,0.0
1998-06-11 00:00:00-04:00,11.545106207911168,11.545106207911168,11.371613220765155,11.403158187866211,72180,0.0,0.0
1998-06-12 00:00:00-04:00,11.40316109400912,11.450475957573218,11.261213037788112,11.355844497680664,121140,0.0,0.0
1998-06-15 00:00:00-04:00,11.103490955323062,11.182350783099528,11.040402746549065,11.056175231933594,277740,0.0,0.0
1998-06-16 00:00:00-04:00,11.324299153095868,11.371614877878555,11.103491282267216,11.182351112365723,173700,0.0,0.0
1998-06-17 00:00:00-04:00,11.41893392384701,11.592425240807467,11.41893392384701,11.529337882995605,181980,0.0,0.0
1998-06-18 00:00:00-04:00,11.482017447207186,11.482017447207186,11.276981235710933,11.324296951293945,115380,0.0,0.0
1998-06-19 00:00:00-04:00,11.308524468511663,11.434700865242256,11.308524468511663,11.324296951293945,83160,0.0,0.0
1998-06-22 00:00:00-04:00,11.198122520328077,11.308525578733361,11.15080593371781,11.229665756225586,161280,0.0,0.0
1998-06-23 00:00:00-04:00,11.434703119565008,11.497791330367983,11.355843289252329,11.450474739074707,318960,0.0,0.0
1998-06-24 00:00:00-04:00,11.41893220641898,11.466247934257073,11.245440049169787,11.434703826904297,150300,0.0,0.0
1998-06-25 00:00:00-04:00,11.482015861363875,11.59241889368191,11.482015861363875,11.497787475585938,75600,0.0,0.0
1998-06-26 00:00:00-04:00,11.46624648061401,11.529334687321501,11.434702377260265,11.513562202453613,111960,0.0,0.0
1998-06-29 00:00:00-04:00,11.135040493803682,11.213900360065137,10.993092387980074,11.04040813446045,189360,0.0,0.0
1998-06-30 00:00:00-04:00,10.99308660419676,10.99308660419676,10.75650626350173,10.929998397827148,372960,0.0,0.0
1998-07-01 00:00:00-04:00,11.00886215979249,11.150810241699219,11.00886215979249,11.150810241699219,132300,0.0,0.0
1998-07-02 00:00:00-04:00,11.182351025919075,11.403159761422822,11.182351025919075,11.3873872756958,36180,0.0,0.0
1998-07-06 00:00:00-04:00,11.434702377260265,11.529334687321501,11.434702377260265,11.513562202453613,49860,0.0,0.0
1998-07-07 00:00:00-04:00,11.166578546667006,11.166578546667006,11.008858887597812,11.07194709777832,238140,0.0,0.0
1998-07-08 00:00:00-04:00,10.851142741074378,10.977319202279077,10.819598625773205,10.898458480834961,225360,0.0,0.0
1998-07-09 00:00:00-04:00,10.851140896868548,10.851140896868548,10.441068334029527,10.583016395568848,163980,0.0,0.0
1998-07-10 00:00:00-04:00,10.58301490039258,10.756507047360897,10.567243280841865,10.70919132232666,162360,0.0,0.0
1998-07-13 00:00:00-04:00,10.85114260007759,10.993090683897263,10.85114260007759,10.94577407836914,131760,0.0,0.0
1998-07-14 00:00:00-04:00,11.103492558732624,11.292756346003356,11.103492558732624,11.198124885559082,119160,0.0,0.0
1998-07-15 00:00:00-04:00,11.08772201276682,11.16658186574115,11.04040627425869,11.150810241699219,89820,0.0,0.0
1998-07-16 00:00:00-04:00,11.16658186574115,11.276986699564016,11.056178764682956,11.150810241699219,120600,0.0,0.0
1998-07-17 00:00:00-04:00,11.213891508243352,11.403156077531527,11.213891508243352,11.29275131225586,194220,0.0,0.0
1998-07-20 00:00:00-04:00,11.340071965403876,11.418931797772606,11.292755372876949,11.308526992797852,161460,0.0,0.0
1998-07-21 00:00:00-04:00,11.292755176830939,11.371615007830638,11.119263895184442,11.135035514831543,383400,0.0,0.0
1998-07-22 00:00:00-04:00,11.15080948045265,11.26121430673837,11.103493745174683,11.213897705078125,63540,0.0,0.0
1998-07-23 00:00:00-04:00,11.213894422556415,11.245438525635588,10.929998361225874,10.977314949035645,58860,0.0,0.0
1998-07-24 00:00:00-04:00,11.024626010800088,11.13503076678086,10.88267802897535,11.087714195251465,61200,0.0,0.0
1998-07-27 00:00:00-04:00,10.866911191258762,10.866911191258762,10.646103315031901,10.772279739379883,62820,0.0,0.0
1998-07-28 00:00:00-04:00,10.598784446716309,10.661872645342674,10.425293200066687,10.598784446716309,62640,0.0,0.0
1998-07-29 00:00:00-04:00,10.53569821933916,10.53569821933916,10.299117882871329,10.393750190734863,88740,0.0,0.0
1998-07-30 00:00:00-04:00,10.39375381562369,10.504157780110905,10.251805737514083,10.330665588378906,125280,0.0,0.0
1998-07-31 00:00:00-04:00,10.26757847237246,10.26757847237246,9.747101018382068,9.810189247131348,147600,0.0,0.0
1998-08-03 00:00:00-04:00,9.841729781531507,9.889044632143774,9.731324997908448,9.825957298278809,76680,0.0,0.0
1998-08-04 00:00:00-04:00,10.094085410120774,10.094085410120774,9.810189247131348,9.810189247131348,62640,0.0,0.0
1998-08-05 00:00:00-04:00,9.873274556649854,9.904818661697849,9.825958832268899,9.857502937316895,58140,0.0,0.0
1998-08-06 00:00:00-04:00,9.88904925113298,9.920594232372443,9.510521605612263,9.60515308380127,62100,0.0,0.0
1998-08-07 00:00:00-04:00,9.510514619334238,9.652462598727286,9.431654823311813,9.478970527648926,385380,0.0,0.0
1998-08-10 00:00:00-04:00,9.684012035617899,9.810187605621538,9.636696305164307,9.715556144714355,243180,0.0,0.0
1998-08-11 00:00:00-04:00,9.652469689278119,9.652469689278119,9.52629322984965,9.60515308380127,103680,0.0,0.0
1998-08-12 00:00:00-04:00,9.40011427777873,9.778642654418945,9.40011427777873,9.778642654418945,153720,0.0,0.0
1998-08-13 00:00:00-04:00,9.6209252322822,9.6209252322822,9.368573188781738,9.368573188781738,196920,0.0,0.0
1998-08-14 00:00:00-04:00,9.684013514385065,9.778645856124973,9.210853538450165,9.321256637573242,108000,0.0,0.0
1998-08-17 00:00:00-04:00,9.321254931001663,9.400115634537956,9.28971168924574,9.384343147277832,103320,0.0,0.0
1998-08-18 00:00:00-04:00,9.400113868987297,9.6524658203125,9.400113868987297,9.6524658203125,108180,0.0,0.0
1998-08-19 00:00:00-04:00,9.65246828834456,9.68401239862345,9.526291847229004,9.526291847229004,43920,0.0,0.0
1998-08-20 00:00:00-04:00,9.684009707801184,9.684009707801184,9.49474596509935,9.589377403259277,110340,0.0,0.0
1998-08-21 00:00:00-04:00,9.526293178443888,9.526293178443888,9.16353715911806,9.273941993713379,76140,0.0,0.0
1998-08-24 00:00:00-04:00,9.3054838180542,9.384343659512815,9.195079866735693,9.3054838180542,49320,0.0,0.0
1998-08-25 00:00:00-04:00,9.52629260945575,9.605152458271672,9.431661137429561,9.463204383850098,60840,0.0,0.0
1998-08-26 00:00:00-04:00,9.415888077682261,9.542063643261274,9.368571482505743,9.431659698486328,86760,0.0,0.0
1998-08-27 00:00:00-04:00,9.337031718522393,9.400119963854467,9.068907975434922,9.08467960357666,109260,0.0,0.0
1998-08-28 00:00:00-04:00,9.447433187110281,9.494749791641604,9.131993777607217,9.16353702545166,189900,0.0,0.0
1998-08-31 00:00:00-04:00,9.415888769114963,9.494748611690495,8.832324028015137,8.832324028015137,116460,0.0,0.0
1998-09-01 00:00:00-04:00,9.463203626671225,9.620924178065671,9.289712319710667,9.526291847229004,227340,0.0,0.0
1998-09-02 00:00:00-04:00,9.652465606287215,9.731325426881149,9.589377403259277,9.589377403259277,91620,0.0,0.0
1998-09-03 00:00:00-04:00,9.400115315457677,9.478975149934968,9.242394780120966,9.258167266845703,97200,0.0,0.0
1998-09-04 00:00:00-04:00,9.463200558851607,9.542061242174558,9.352797508239746,9.352797508239746,89100,0.0,0.0
1998-09-08 00:00:00-04:00,9.841729972250773,10.109853528923084,9.73132518648822,10.046765327453613,101520,0.0,0.0
1998-09-09 00:00:00-04:00,9.904814465828071,9.904814465828071,9.463198048615414,9.478970527648926,36000,0.0,0.0
1998-09-10 00:00:00-04:00,9.431655153649883,9.431655153649883,9.131987571716309,9.131987571716309,65700,0.0,0.0
1998-09-11 00:00:00-04:00,8.958497506203171,9.116218020823379,8.816549476235995,9.037357330322266,109980,0.0,0.0
1998-09-14 00:00:00-04:00,9.116220531382758,9.273941089438383,9.116220531382758,9.226624488830566,75960,0.0,0.0
1998-09-15 00:00:00-04:00,9.195081139678432,9.258169368131977,9.116221287302666,9.16353702545166,188100,0.0,0.0
1998-09-16 00:00:00-04:00,9.1635356996564,9.1635356996564,8.848096335791617,8.926956176757812,101340,0.0,0.0
1998-09-17 00:00:00-04:00,8.64305728799674,8.64305728799674,8.390704491516315,8.406476974487305,189900,0.0,0.0
1998-09-18 00:00:00-04:00,8.422249439264252,8.422249439264252,7.854457381173715,8.043720245361328,108540,0.0,0.0
1998-09-21 00:00:00-04:00,7.8229133901407835,8.232985868254275,7.6494221208888025,8.201441764831543,85500,0.0,0.0
1998-09-22 00:00:00-04:00,8.34338815649263,8.579968452453613,8.34338815649263,8.579968452453613,47880,0.0,0.0
1998-09-23 00:00:00-04:00,8.737690799807751,9.27393975357044,8.737690799807751,9.258167266845703,121500,0.0,0.0
1998-09-24 00:00:00-04:00,9.25817142415197,9.368575415272613,8.990047693253986,9.005819320678711,125460,0.0,0.0
1998-09-25 00:00:00-04:00,9.068902015686035,9.273938245081725,9.03735704736763,9.068902015686035,157320,0.0,0.0
1998-09-28 00:00:00-04:00,9.08467960357666,9.195083599716508,9.021591358244587,9.08467960357666,79380,0.0,0.0
1998-09-29 00:00:00-04:00,9.053132272628371,9.053132272628371,8.769236135624755,8.84809684753418,83160,0.0,0.0
1998-09-30 00:00:00-04:00,8.832320363833794,8.832320363833794,8.485336160792848,8.579968452453613,59400,0.0,0.0
1998-10-01 00:00:00-04:00,8.453794273247569,8.564199075567291,8.359162823233646,8.390706062316895,76860,0.0,0.0
1998-10-02 00:00:00-04:00,8.579971802013365,8.737691483305419,8.438023742297638,8.611515045166016,98460,0.0,0.0
1998-10-05 00:00:00-04:00,8.343390250919317,8.595742225646973,8.169898105847412,8.595742225646973,131400,0.0,0.0
1998-10-06 00:00:00-04:00,8.769235033119605,8.974271298818028,8.706147684458829,8.737690925598145,66960,0.0,0.0
1998-10-07 00:00:00-04:00,8.800778344147517,9.021586210431906,8.800778344147517,8.958498001098633,77940,0.0,0.0
1998-10-08 00:00:00-04:00,8.706148275499581,8.926956176757812,8.564200215207547,8.926956176757812,158220,0.0,0.0
1998-10-09 00:00:00-04:00,9.147765159606934,9.147765159606934,8.958500479251608,9.147765159606934,79740,0.0,0.0
1998-10-12 00:00:00-04:00,9.557833452823045,9.636693267515144,9.463200288981465,9.494745254516602,82620,0.0,0.0
1998-10-13 00:00:00-04:00,9.715555436677015,9.889046724490779,9.699783816469264,9.731327056884766,177660,0.0,0.0
1998-10-14 00:00:00-04:00,9.668242809680912,9.873279154790477,9.668242809680912,9.794419288635254,85860,0.0,0.0
1998-10-15 00:00:00-04:00,9.652470068515955,10.409527122066244,9.652470068515955,10.377982139587402,90720,0.0,0.0
1998-10-16 00:00:00-04:00,9.99945072194212,10.094082168291743,9.715554650129139,9.952134132385254,226080,0.0,0.0
1998-10-19 00:00:00-04:00,9.810185276356254,9.999449885997263,9.668237252316487,9.904817581176758,170100,0.0,0.0
1998-10-20 00:00:00-04:00,9.904820110703104,10.046768170994044,9.889047622680664,9.889047622680664,119880,0.0,0.0
1998-10-21 00:00:00-04:00,9.920594641090453,9.999454498291016,9.85750640877705,9.999454498291016,41400,0.0,0.0
1998-10-22 00:00:00-04:00,10.030992228118112,10.078308809506549,9.952132414313256,10.06253719329834,78300,0.0,0.0
1998-10-23 00:00:00-04:00,9.936361215519925,9.936361215519925,9.7786415812846,9.825957298278809,73980,0.0,0.0
1998-10-26 00:00:00-05:00,9.889047332923846,10.094083606532415,9.8417324693895,9.920592308044434,77220,0.0,0.0
1998-10-27 00:00:00-05:00,10.109855480129857,10.251803527641226,10.094082993527413,10.204487800598145,78840,0.0,0.0
1998-10-28 00:00:00-05:00,10.188718700630512,10.188718700630512,10.030998114091851,10.125631332397461,157500,0.0,0.0
1998-10-29 00:00:00-05:00,10.14140038315076,10.14140038315076,10.062540543093656,10.094083786010742,153900,0.0,0.0
1998-10-30 00:00:00-05:00,10.12562864968715,10.346436545957443,10.12562864968715,10.29911994934082,48240,0.0,0.0
1998-11-02 00:00:00-05:00,10.393751298092715,10.614559173583984,10.3464355723109,10.614559173583984,194400,0.0,0.0
1998-11-03 00:00:00-05:00,10.441070371780324,10.441070371780324,10.267579032823361,10.377982139587402,338760,0.0,0.0
1998-11-04 00:00:00-05:00,10.598790085880244,10.598790085880244,10.346438889873323,10.377982139587402,166680,0.0,0.0
1998-11-05 00:00:00-05:00,10.377982409091828,10.377982409091828,9.794418412108767,10.015226364135742,169380,0.0,0.0
1998-11-06 00:00:00-05:00,10.314889623821854,10.393750314504887,10.283346387207065,10.346434593200684,61740,0.0,0.0
1998-11-09 00:00:00-05:00,10.377977992035497,10.425294580461335,10.204486722414204,10.251802444458008,87120,0.0,0.0
1998-11-10 00:00:00-05:00,10.283346920018461,10.535698890686035,10.283346920018461,10.535698890686035,72720,0.0,0.0
1998-11-11 00:00:00-05:00,10.693419871729812,10.75650721731153,10.551471828002267,10.614559173583984,78660,0.0,0.0
1998-11-12 00:00:00-05:00,10.614559708039693,10.724963651344297,10.551472359281451,10.69342041015625,51300,0.0,0.0
1998-11-13 00:00:00-05:00,10.535697114471864,10.661872645342674,10.393749100753503,10.598784446716309,70380,0.0,0.0
1998-11-16 00:00:00-05:00,10.724960980027966,10.945768811639532,10.724960980027966,10.914225578308105,57960,0.0,0.0
1998-11-17 00:00:00-05:00,10.85114217183914,10.993090250056854,10.819598058192724,10.866913795471191,54180,0.0,0.0
1998-11-18 00:00:00-05:00,10.881507208020757,11.008404766056323,10.849782600676939,10.96081829071045,94500,0.13611,0.0
1998-11-19 00:00:00-05:00,10.818054903183446,11.008401621534597,10.802192168372835,10.976677894592285,61560,0.0,0.0
1998-11-20 00:00:00-05:00,10.944951781401716,11.29392147064209,10.944951781401716,11.29392147064209,153720,0.0,0.0
1998-11-23 00:00:00-05:00,11.230473264058961,11.420820859273169,11.167024936993707,11.3890962600708,144360,0.0,0.0
1998-11-24 00:00:00-05:00,11.103580477324078,11.198754315549035,11.008406639099121,11.008406639099121,126360,0.0,0.0
1998-11-25 00:00:00-05:00,10.944951730650418,10.944951730650418,10.770467758178711,10.770467758178711,84600,0.0,0.0
1998-11-27 00:00:00-05:00,10.849778242497834,10.89736557006836,10.818053647897267,10.89736557006836,42660,0.0,0.0
1998-11-30 00:00:00-05:00,11.008401152408066,11.08771220906289,10.627707731929137,10.659431457519531,132300,0.0,0.0
1998-12-01 00:00:00-05:00,10.437362670898438,10.469088146829145,10.2946023859084,10.437362670898438,102960,0.0,0.0
1998-12-02 00:00:00-05:00,10.199428254058947,10.199428254058947,10.056667985717032,10.1201171875,135000,0.0,0.0
1998-12-03 00:00:00-05:00,10.104250573166086,10.215286197998768,10.02493953704834,10.02493953704834,86220,0.0,0.0
1998-12-04 00:00:00-05:00,10.278742119244228,10.373915076492201,10.278742119244228,10.358053207397461,32040,0.0,0.0
1998-12-07 00:00:00-05:00,10.326327878512041,10.326327878512041,10.104255646015934,10.15184211730957,171000,0.0,0.0
1998-12-08 00:00:00-05:00,10.18356638928297,10.247014719726408,10.009080648710041,10.1201171875,73800,0.0,0.0
1998-12-09 00:00:00-05:00,10.310465123873755,10.532536484671672,10.310465123873755,10.437362670898438,90360,0.0,0.0
1998-12-10 00:00:00-05:00,10.500807785387728,10.595981562048829,10.405634880065918,10.405634880065918,130320,0.0,0.0
1998-12-11 00:00:00-05:00,10.405634868497954,10.469084052868151,10.373909404973567,10.453221321105957,51480,0.0,0.0
1998-12-14 00:00:00-05:00,10.151838624811056,10.278736999723893,10.104252169888408,10.231149673461914,109800,0.0,0.0
1998-12-15 00:00:00-05:00,10.199427621975019,10.342187881469727,10.151840287917135,10.342187881469727,47700,0.0,0.0
1998-12-16 00:00:00-05:00,10.294601185393871,10.294601185393871,10.104254451384493,10.1201171875,64260,0.0,0.0
1998-12-17 00:00:00-05:00,10.15183660688022,10.532530784606934,10.15183660688022,10.532530784606934,114480,0.0,0.0
1998-12-18 00:00:00-05:00,10.595980644226074,10.722878130776405,10.548394195687102,10.595980644226074,60300,0.0,0.0
1998-12-21 00:00:00-05:00,10.913230241916608,11.040128652995918,10.865642902092077,10.992541313171387,112860,0.0,0.0
1998-12-22 00:00:00-05:00,11.167024652994503,11.357371372028341,11.135300054598954,11.262198448181152,116820,0.0,0.0
1998-12-23 00:00:00-05:00,11.262197184312825,11.65875244140625,11.262197184312825,11.65875244140625,97020,0.0,0.0
1998-12-24 00:00:00-05:00,11.53185909128532,11.76979320266931,11.53185909128532,11.595308303833008,43740,0.0,0.0
1998-12-28 00:00:00-05:00,11.547720855468546,11.563582721596894,11.500133514404297,11.500133514404297,16020,0.0,0.0
1998-12-29 00:00:00-05:00,11.54771766649158,11.674615174493605,11.54771766649158,11.65875244140625,42840,0.0,0.0
1998-12-30 00:00:00-05:00,11.674617789813244,11.674617789813244,11.42082184561508,11.484271049499512,92700,0.0,0.0
1998-12-31 00:00:00-05:00,11.373234803730156,11.452546746324515,11.325649206584785,11.420822143554688,62820,0.0,0.0
1999-01-04 00:00:00-05:00,11.293920898480183,11.484268467335035,11.135298795773833,11.182886123657227,265320,0.0,0.0
1999-01-05 00:00:00-05:00,11.16702491542087,11.452545436351121,11.15116218018059,11.43668270111084,94500,0.0,0.0
1999-01-06 00:00:00-05:00,11.642887869138544,11.8808218393418,11.642887869138544,11.84909725189209,111240,0.0,0.0
1999-01-07 00:00:00-05:00,11.563579209246214,11.706339446397402,11.436680833405452,11.57944107055664,131400,0.0,0.0
1999-01-08 00:00:00-05:00,11.595307321489283,11.738067601957225,11.563582717903119,11.64289379119873,144900,0.0,0.0
1999-01-11 00:00:00-05:00,11.611172311584678,11.706345269467658,11.484273872621012,11.5318603515625,156960,0.0,0.0
1999-01-12 00:00:00-05:00,11.2463352736798,11.26219800792721,11.071850424994848,11.087712287902832,231120,0.0,0.0
1999-01-13 00:00:00-05:00,10.659434037204344,10.897369007430193,10.580122961355482,10.8180570602417,88020,0.0,0.0
1999-01-14 00:00:00-05:00,10.691155644613598,10.691155644613598,10.453221631822538,10.580119132995605,45900,0.0,0.0
1999-01-15 00:00:00-05:00,10.580121763350245,10.833918571472168,10.548398033674536,10.833918571472168,120420,0.0,0.0
1999-01-19 00:00:00-05:00,11.579444931259205,11.658756006933118,11.024266530202196,11.246337890625,102780,0.0,0.0
1999-01-20 00:00:00-05:00,11.040130230796537,11.151165049350109,10.865644454956055,10.865644454956055,234000,0.0,0.0
1999-01-21 00:00:00-05:00,10.500806197184778,10.580117230070588,10.373907847496154,10.532530784606934,168480,0.0,0.0
1999-01-22 00:00:00-05:00,10.104253825198724,10.42149894311357,10.040805498687334,10.342187881469727,113940,0.0,0.0
1999-01-25 00:00:00-05:00,10.183566938346639,10.40563828522084,10.120117733142703,10.373912811279297,276300,0.0,0.0
1999-01-26 00:00:00-05:00,10.183564089878598,10.326324325985874,10.088389437354637,10.231149673461914,139500,0.0,0.0
1999-01-27 00:00:00-05:00,10.310458870888576,10.64356571006611,10.310458870888576,10.421494483947754,61020,0.0,0.0
1999-01-28 00:00:00-05:00,10.532532721590586,10.786328596302964,10.4373589418212,10.722879409790039,82260,0.0,0.0
1999-01-29 00:00:00-05:00,10.469086909543048,10.469086909543048,10.151840901125896,10.310463905334473,151740,0.0,0.0
1999-02-01 00:00:00-05:00,10.262880250149488,10.469089776419706,10.262880250149488,10.358053207397461,120600,0.0,0.0
1999-02-02 00:00:00-05:00,10.104254994658826,10.135979597256044,9.913908250415098,10.08839225769043,162720,0.0,0.0
1999-02-03 00:00:00-05:00,9.80286803533638,9.913904538522946,9.580796771641742,9.898042678833008,311940,0.0,0.0
1999-02-04 00:00:00-05:00,9.660109647811133,9.850457228284453,9.596661325659442,9.755284309387207,198000,0.0,0.0
1999-02-05 00:00:00-05:00,9.263550158581507,9.564932383742795,9.263550158581507,9.390447616577148,488520,0.0,0.0
1999-02-08 00:00:00-05:00,9.438034054408137,9.438034054408137,9.295273869576153,9.390447616577148,192060,0.0,0.0
1999-02-09 00:00:00-05:00,9.327005331462715,9.327005331462715,9.120795849128626,9.13665771484375,167040,0.0,0.0
1999-02-10 00:00:00-05:00,9.549072265625,9.723556193197624,9.517346806180116,9.549072265625,243180,0.0,0.0
1999-02-11 00:00:00-05:00,9.802871161734654,9.882183099496798,9.723560095312038,9.834596633911133,120420,0.0,0.0
1999-02-12 00:00:00-05:00,9.850456551254185,9.850456551254185,9.580797933120557,9.691834449768066,92880,0.0,0.0
1999-02-16 00:00:00-05:00,10.024943978380179,10.135979652404785,9.94563203578582,9.993219375610352,125280,0.0,0.0
1999-02-17 00:00:00-05:00,10.215290723659564,10.215290723659564,9.977357509895228,9.993219375610352,139140,0.0,0.0
1999-02-18 00:00:00-05:00,9.993214884375952,10.056664061399745,9.882179260253906,9.882179260253906,73260,0.0,0.0
1999-02-19 00:00:00-05:00,9.675972978189714,9.882182434074917,9.612524652127664,9.771146774291992,104940,0.0,0.0
1999-02-22 00:00:00-05:00,10.02494307339193,10.754607128549361,10.02494307339193,10.56425952911377,187560,0.0,0.0
1999-02-23 00:00:00-05:00,10.469084301638073,10.484946162437893,10.120114650648942,10.19942569732666,572400,0.0,0.0
1999-02-24 00:00:00-05:00,10.199430488521244,10.231154225023147,10.024945581062187,10.056670188903809,162900,0.0,0.0
1999-02-25 00:00:00-05:00,10.040806715434883,10.120117786689661,9.882183701585745,9.993219375610352,84960,0.0,0.0
1999-02-26 00:00:00-05:00,9.88217994780382,9.993215579651139,9.628384093390057,9.898042678833008,403740,0.0,0.0
1999-03-01 00:00:00-05:00,9.834595989857776,9.929768914796368,9.802870519758953,9.913907051086426,222840,0.0,0.0
1999-03-02 00:00:00-05:00,9.961497583449278,9.993222195170116,9.898049231347427,9.945634841918945,399060,0.0,0.0
1999-03-03 00:00:00-05:00,9.993214884375952,10.009076742962305,9.866316530328364,9.882179260253906,267120,0.0,0.0
1999-03-04 00:00:00-05:00,9.88217994780382,9.898042678833008,9.739419725237374,9.898042678833008,292140,0.0,0.0
1999-03-05 00:00:00-05:00,10.056669563376797,10.35805201211657,10.024944957508454,10.32632827758789,124920,0.0,0.0
1999-03-08 00:00:00-05:00,10.262878007644913,10.262878007644913,10.056668526432787,10.08839225769043,59040,0.0,0.0
1999-03-09 00:00:00-05:00,10.088392908024968,10.247015931236474,10.024944570079999,10.15184211730957,74880,0.0,0.0
1999-03-10 00:00:00-05:00,10.2152906680793,10.231152533708121,10.02494392383557,10.08839225769043,42480,0.0,0.0
1999-03-11 00:00:00-05:00,10.056665464771044,10.262874883204558,9.977354418093325,10.19942569732666,62460,0.0,0.0
1999-03-12 00:00:00-05:00,10.104255104871633,10.104255104871633,9.834597286863337,10.040806770324707,118980,0.0,0.0
1999-03-15 00:00:00-05:00,9.961496030113738,9.993220636887633,9.866322209792054,9.929771423339844,618300,0.0,0.0
1999-03-16 00:00:00-05:00,10.024945581062187,10.07253205715476,9.945633625788274,10.056670188903809,147600,0.0,0.0
1999-03-17 00:00:00-05:00,9.993222195170116,9.993222195170116,9.929772971728438,9.945634841918945,420660,0.0,0.0
1999-03-18 00:00:00-05:00,9.866323748286762,9.977360324979609,9.83460000790575,9.945634841918945,580860,0.0,0.0
1999-03-19 00:00:00-05:00,10.104256374431817,10.1994301952198,9.913909604195544,9.9773588180542,88560,0.0,0.0
1999-03-22 00:00:00-05:00,9.866320009321056,9.898045480358954,9.850458145141602,9.850458145141602,174420,0.0,0.0
1999-03-23 00:00:00-05:00,9.612520132460999,9.612520132460999,9.326999749741148,9.469759941101074,552060,0.0,0.0
1999-03-24 00:00:00-05:00,9.42217479247868,9.485623974611165,9.390450201412436,9.453899383544922,214920,0.0,0.0
1999-03-25 00:00:00-05:00,9.62838519355136,9.644247055053711,9.485624954672803,9.644247055053711,480240,0.0,0.0
1999-03-26 00:00:00-05:00,9.580799163867184,9.707697558428894,9.485626239285368,9.628386497497559,248400,0.0,0.0
1999-03-29 00:00:00-05:00,9.580798198531456,9.691834718254942,9.564936336479175,9.675971984863281,130320,0.0,0.0
1999-03-30 00:00:00-05:00,9.533213286193826,9.549076022156544,9.453902220398795,9.50148868560791,383760,0.0,0.0
1999-03-31 00:00:00-05:00,9.612519692912802,9.660105259404771,9.374584889740806,9.390447616577148,156960,0.0,0.0
1999-04-01 00:00:00-05:00,9.390451110095453,9.390451110095453,9.20010441661803,9.311140060424805,86220,0.0,0.0
1999-04-05 00:00:00-04:00,9.390451095551837,9.453900283725824,9.27941545191703,9.358726501464844,131580,0.0,0.0
1999-04-06 00:00:00-04:00,9.327006648581706,9.327006648581706,9.200108219582356,9.263557434082031,115380,0.0,0.0
1999-04-07 00:00:00-04:00,9.279418589805362,9.327005932697455,9.168382908623206,9.295280456542969,205020,0.0,0.0
1999-04-08 00:00:00-04:00,9.200105930591103,9.390452655392059,9.15251859588625,9.374589920043945,201060,0.0,0.0
1999-04-09 00:00:00-04:00,9.374584889740806,9.453896781244477,9.374584889740806,9.390447616577148,97920,0.0,0.0
1999-04-12 00:00:00-04:00,9.374590283264245,9.533213286193826,9.358728418641048,9.50148868560791,95040,0.0,0.0
1999-04-13 00:00:00-04:00,9.644247685994728,9.898044457350899,9.62838582345467,9.80286979675293,188100,0.0,0.0
1999-04-14 00:00:00-04:00,10.024943367593316,10.120117170104173,9.834596633911133,9.834596633911133,116100,0.0,0.0
1999-04-15 00:00:00-04:00,9.739417150908443,9.739417150908443,9.326999323248838,9.390447616577148,162900,0.0,0.0
1999-04-16 00:00:00-04:00,9.263554221834774,9.27941608428955,9.18424316688208,9.27941608428955,85860,0.0,0.0
1999-04-19 00:00:00-04:00,9.311137465276541,9.34286205057057,9.136652681828936,9.200101852416992,174060,0.0,0.0
1999-04-20 00:00:00-04:00,9.136653293280686,9.200102468114947,9.073204118446423,9.1207914352417,174780,0.0,0.0
1999-04-21 00:00:00-04:00,9.23268021612214,9.490487098693848,9.23268021612214,9.490487098693848,87480,0.31056,0.0
1999-04-22 00:00:00-04:00,9.73218528843087,9.73218528843087,9.506605022297968,9.63550853729248,98820,0.0,0.0
1999-04-23 00:00:00-04:00,9.619390539979701,9.619390539979701,9.47437461108661,9.490487098693848,86400,0.0,0.0
1999-04-26 00:00:00-04:00,9.587168356611874,9.587168356611874,9.409927368164062,9.409927368164062,213300,0.0,0.0
1999-04-27 00:00:00-04:00,9.73218499462783,9.780524253845215,9.58716898719061,9.780524253845215,144540,0.0,0.0
1999-04-28 00:00:00-04:00,9.828860807815168,10.038328532014017,9.828860807815168,9.877199172973633,139680,0.0,0.0
1999-04-29 00:00:00-04:00,9.58716379455125,9.667728002801415,9.47437461108661,9.490487098693848,178380,0.0,0.0
1999-04-30 00:00:00-04:00,9.458264276472097,9.458264276472097,9.103780584178882,9.232683181762695,151200,0.0,0.0
1999-05-03 00:00:00-04:00,9.538827800677373,9.699957142049252,9.538827800677373,9.554941177368164,77220,0.0,0.0
1999-05-04 00:00:00-04:00,9.442152358712821,9.45826573909461,9.329363121577346,9.409927368164062,119160,0.0,0.0
1999-05-05 00:00:00-04:00,9.603280923351589,9.69995854212904,9.4421515587225,9.619394302368164,148500,0.0,0.0
1999-05-06 00:00:00-04:00,9.571053518042575,9.699956989107624,9.538827650276314,9.683843612670898,61740,0.0,0.0
1999-05-07 00:00:00-04:00,9.828857562822352,10.054438591003418,9.828857562822352,10.054438591003418,82980,0.0,0.0
1999-05-10 00:00:00-04:00,9.796633367945109,9.989988567844884,9.764408386402307,9.844972610473633,30060,0.0,0.0
1999-05-11 00:00:00-04:00,9.893313942927888,10.00610406756646,9.780523818289316,9.828862190246582,34560,0.0,0.0
1999-05-12 00:00:00-04:00,9.828863284289199,10.280024718169317,9.74829902702374,9.925540924072266,26460,0.0,0.0
1999-05-13 00:00:00-04:00,9.764411926269531,9.877201172772855,9.716072666216698,9.764411926269531,107460,0.0,0.0
1999-05-14 00:00:00-04:00,9.4743791194764,9.538829985681327,9.345475616851726,9.409927368164062,125640,0.0,0.0
1999-05-17 00:00:00-04:00,9.281028075332143,9.426044139009207,9.248802185058594,9.248802185058594,133740,0.0,0.0
1999-05-18 00:00:00-04:00,9.377696678004298,9.603277713075625,9.377696678004298,9.538825988769531,87300,0.0,0.0
1999-05-19 00:00:00-04:00,9.442148402310393,9.554939362399574,9.377696678004298,9.538825988769531,92520,0.0,0.0
1999-05-20 00:00:00-04:00,9.603283439044615,9.683847699910247,9.538831676309082,9.65162181854248,104400,0.0,0.0
1999-05-21 00:00:00-04:00,9.587170600891113,9.587170600891113,9.474381337352582,9.587170600891113,154080,0.0,0.0
1999-05-24 00:00:00-04:00,9.345477413410974,9.345477413410974,9.11989712556002,9.200461387634277,289260,0.0,0.0
1999-05-25 00:00:00-04:00,9.426036717838475,9.587165157241099,9.281020768333267,9.329360008239746,125460,0.0,0.0
1999-05-26 00:00:00-04:00,9.313248372244763,9.393812606989373,9.216570759486862,9.345474243164062,47340,0.0,0.0
1999-05-27 00:00:00-04:00,9.119894390846687,9.119894390846687,8.76541068188719,8.958765029907227,77580,0.0,0.0
1999-05-28 00:00:00-04:00,9.055444379311474,9.200460389353445,9.039331882687915,9.087669372558594,76140,0.0,0.0
1999-06-01 00:00:00-04:00,9.152118947634403,9.264909937542738,9.08766720628886,9.232683181762695,95580,0.0,0.0
1999-06-02 00:00:00-04:00,9.264907836914062,9.329359563646493,9.184343621052061,9.264907836914062,104400,0.0,0.0
1999-06-03 00:00:00-04:00,9.313253965605691,9.329367353296371,9.152124514237947,9.248802185058594,89280,0.0,0.0
1999-06-04 00:00:00-04:00,8.942655092435313,9.248800553472842,8.942655092435313,9.216574668884277,91800,0.0,0.0
1999-06-07 00:00:00-04:00,9.13600962393184,9.248799767857316,9.039332863485761,9.200461387634277,106200,0.0,0.0
1999-06-08 00:00:00-04:00,9.232681762605297,9.232681762605297,9.119892560248358,9.184344291687012,141120,0.0,0.0
1999-06-09 00:00:00-04:00,9.44215285654575,9.635508120677322,9.44215285654575,9.571056365966797,322020,0.0,0.0
1999-06-10 00:00:00-04:00,9.699956989107624,9.780521215969685,9.6355052535751,9.683843612670898,109800,0.0,0.0
1999-06-11 00:00:00-04:00,9.861089051659429,9.909428313552965,9.683847156633995,9.716073036193848,64800,0.0,0.0
1999-06-14 00:00:00-04:00,9.764412298087386,9.764412298087386,9.603282900288121,9.716073036193848,58320,0.0,0.0
1999-06-15 00:00:00-04:00,9.667733802668103,9.68384718504907,9.587169546085832,9.603282928466797,28440,0.0,0.0
1999-06-16 00:00:00-04:00,9.69996000195953,9.828862627955132,9.69996000195953,9.780524253845215,121680,0.0,0.0
1999-06-17 00:00:00-04:00,9.764409949306318,9.877199172973633,9.748296570848627,9.877199172973633,60120,0.0,0.0
1999-06-18 00:00:00-04:00,10.086666091249036,10.086666091249036,9.828860022490398,9.861085891723633,73620,0.0,0.0
1999-06-21 00:00:00-04:00,9.925539802384428,9.989991554956097,9.877200545401964,9.941652297973633,44460,0.0,0.0
1999-06-22 00:00:00-04:00,9.844972610473633,9.909424343773559,9.828859234595072,9.844972610473633,44820,0.0,0.0
1999-06-23 00:00:00-04:00,9.764414041539675,9.877203312476597,9.667735500490487,9.732187271118164,106740,0.0,0.0
1999-06-24 00:00:00-04:00,9.699959875387846,9.732184867635652,9.571056365966797,9.571056365966797,53280,0.0,0.0
1999-06-25 00:00:00-04:00,9.683846912861675,9.73218528843087,9.63550853729248,9.63550853729248,55800,0.0,0.0
1999-06-28 00:00:00-04:00,9.73218499462783,9.844976009396749,9.73218499462783,9.780524253845215,122400,0.0,0.0
1999-06-29 00:00:00-04:00,9.699955940246582,9.732180919421149,9.554939993532644,9.699955940246582,89280,0.0,0.0
1999-06-30 00:00:00-04:00,9.603281196072029,9.667732058646648,9.34547509045147,9.47437858581543,217080,0.0,0.0
1999-07-01 00:00:00-04:00,9.603283985044916,9.619397369198717,9.45826795319878,9.587170600891113,119340,0.0,0.0
1999-07-02 00:00:00-04:00,9.699959569991398,9.877200562203848,9.699959569991398,9.828862190246582,75420,0.0,0.0
1999-07-06 00:00:00-04:00,9.796633367945109,9.893310967894996,9.748295010523746,9.844972610473633,27360,0.0,0.0
1999-07-07 00:00:00-04:00,9.909427721503333,10.0383303469338,9.909427721503333,10.006104469299316,36540,0.0,0.0
1999-07-08 00:00:00-04:00,9.973876170170351,10.135005519223185,9.973876170170351,10.07055377960205,40140,0.0,0.0
1999-07-09 00:00:00-04:00,10.408926694741401,10.521716824804187,10.312249061070098,10.441152572631836,111780,0.0,0.0
1999-07-12 00:00:00-04:00,10.344473242381437,10.360585734751698,10.28002150268589,10.296133995056152,59220,0.0,0.0
1999-07-13 00:00:00-04:00,10.231684705954345,10.231684705954345,10.102781195689536,10.118894577026367,53640,0.0,0.0
1999-07-14 00:00:00-04:00,10.118892141764277,10.118892141764277,10.006102039980918,10.07055377960205,36000,0.0,0.0
1999-07-15 00:00:00-04:00,10.054446445990568,10.151123219917984,10.054446445990568,10.135010719299316,21060,0.0,0.0
1999-07-16 00:00:00-04:00,10.15112045459257,10.183346332158772,10.086668699460166,10.118894577026367,27540,0.0,0.0
1999-07-19 00:00:00-04:00,10.086668968200684,10.086668968200684,9.989992218033766,10.086668968200684,80820,0.0,0.0
1999-07-20 00:00:00-04:00,9.861088066587236,9.925539819268542,9.812748809522542,9.828862190246582,107280,0.0,0.0
1999-07-21 00:00:00-04:00,9.60328224332206,9.619395624553418,9.426040360421846,9.571056365966797,154260,0.0,0.0
1999-07-22 00:00:00-04:00,9.571056365966797,9.587168862090701,9.474379619008467,9.571056365966797,102060,0.0,0.0
1999-07-23 00:00:00-04:00,9.603279895724665,9.667730749572215,9.474377302922326,9.50660228729248,113220,0.0,0.0
1999-07-26 00:00:00-04:00,9.571057691251315,9.764412982156394,9.571057691251315,9.748299598693848,51840,0.0,0.0
1999-07-27 00:00:00-04:00,9.78052027694106,9.877196985850714,9.651616818252043,9.796632766723633,97560,0.0,0.0
1999-07-28 00:00:00-04:00,9.732181634645183,9.893310967894996,9.699956653102383,9.844972610473633,70020,0.0,0.0
1999-07-29 00:00:00-04:00,9.81274919918158,9.81274919918158,9.554943948433904,9.667733192443848,25380,0.0,0.0
1999-07-30 00:00:00-04:00,9.861089164216889,10.022217678747806,9.844976666806806,9.925540924072266,144360,0.0,0.0
1999-08-02 00:00:00-04:00,9.893310729406988,10.102777529921598,9.828858997660735,9.989988327026367,78840,0.0,0.0
1999-08-03 00:00:00-04:00,10.08666627195371,10.118892141764277,10.022214532332576,10.07055377960205,30780,0.0,0.0
1999-08-04 00:00:00-04:00,10.36058521270752,10.425036949155503,10.31224596781793,10.36058521270752,62460,0.0,0.0
1999-08-05 00:00:00-04:00,10.34447334394782,10.441150069333103,10.29613409614792,10.392810821533203,66960,0.0,0.0
1999-08-06 00:00:00-04:00,10.151116771284858,10.247793483797096,9.925536595280114,9.989988327026367,126540,0.0,0.0
1999-08-09 00:00:00-04:00,9.989993396198363,10.263912067452397,9.989993396198363,10.167234420776367,155880,0.0,0.0
1999-08-10 00:00:00-04:00,10.183339308883976,10.183339308883976,10.006097547064202,10.038323402404785,117540,0.0,0.0
1999-08-11 00:00:00-04:00,10.00610266020594,10.00610266020594,9.667731448774784,9.877199172973633,92700,0.0,0.0
1999-08-12 00:00:00-04:00,9.844972006285568,9.989987954757158,9.732181037379124,9.796632766723633,164340,0.0,0.0
1999-08-13 00:00:00-04:00,9.957767167815955,10.151122471633107,9.909429669523124,10.102783203125,99720,0.0,0.0
1999-08-16 00:00:00-04:00,9.861085101245033,9.893310967894996,9.828859234595072,9.844972610473633,64080,0.0,0.0
1999-08-17 00:00:00-04:00,9.861088066587236,9.861088066587236,9.780523818289316,9.828862190246582,43560,0.0,0.0
1999-08-18 00:00:00-04:00,9.844972006285568,9.844972006285568,9.796632766723633,9.796632766723633,49860,0.0,0.0
1999-08-19 00:00:00-04:00,9.79663631390593,9.909427323651927,9.732184561224624,9.828862190246582,63540,0.0,0.0
1999-08-20 00:00:00-04:00,9.764407787158486,9.861084496068141,9.732181037379124,9.796632766723633,33660,0.0,0.0
1999-08-23 00:00:00-04:00,9.86108804981276,9.973878174259466,9.86108804981276,9.941652297973633,44100,0.0,0.0
1999-08-24 00:00:00-04:00,9.877197353916856,10.038326683282486,9.877197353916856,9.989988327026367,54360,0.0,0.0
1999-08-25 00:00:00-04:00,9.989994673300489,10.247799993845403,9.90943039999174,10.135010719299316,98460,0.0,0.0
1999-08-26 00:00:00-04:00,10.118889428233855,10.151115289402577,10.022211844727684,10.054438591003418,50220,0.0,0.0
1999-08-27 00:00:00-04:00,10.215572481899887,10.263910856983346,10.070556471542025,10.086668968200684,42120,0.0,0.0
1999-08-30 00:00:00-04:00,10.07055404441215,10.151118278503418,10.07055404441215,10.151118278503418,80100,0.0,0.0
1999-08-31 00:00:00-04:00,10.118892570455598,10.118892570455598,9.861086486156244,9.909425735473633,86220,0.0,0.0
1999-09-01 00:00:00-04:00,9.89331434013236,10.006104469299316,9.861088462497877,10.006104469299316,69120,0.0,0.0
1999-09-02 00:00:00-04:00,9.893310967894996,10.038326925266247,9.844972610473633,9.844972610473633,122580,0.0,0.0
1999-09-03 00:00:00-04:00,10.086668068942858,10.215571571149912,10.0544430784985,10.199459075927734,61200,0.0,0.0
1999-09-07 00:00:00-04:00,10.183339308883976,10.183339308883976,10.022210032181068,10.038323402404785,67500,0.0,0.0
1999-09-08 00:00:00-04:00,10.022213307792352,10.022213307792352,9.925536595280114,9.989988327026367,32760,0.0,0.0
1999-09-09 00:00:00-04:00,10.054446445990568,10.183349106263025,10.054446445990568,10.135010719299316,261180,0.0,0.0
1999-09-10 00:00:00-04:00,10.1027812170953,10.1027812170953,9.973878591664835,10.006104469299316,23580,0.0,0.0
1999-09-13 00:00:00-04:00,9.957765253950734,9.957765253950734,9.764411757511064,9.780524253845215,65700,0.0,0.0
1999-09-14 00:00:00-04:00,9.683846912861675,9.683846912861675,9.587169276615791,9.63550853729248,45720,0.0,0.0
1999-09-15 00:00:00-04:00,9.63550853729248,9.683846912861675,9.603282658543852,9.63550853729248,64620,0.0,0.0
1999-09-16 00:00:00-04:00,9.651617897084085,9.651617897084085,9.538827800677373,9.554941177368164,59580,0.0,0.0
1999-09-17 00:00:00-04:00,9.587170600891113,9.635509868244903,9.554945602798742,9.587170600891113,82620,0.0,0.0
1999-09-20 00:00:00-04:00,9.86108606838699,10.10277876430537,9.86108606838699,10.07055377960205,104400,0.0,0.0
1999-09-21 00:00:00-04:00,10.022214956928108,10.054441713211224,9.877198979190517,9.909425735473633,90180,0.0,0.0
1999-09-22 00:00:00-04:00,10.086671499032741,10.263913432286918,10.086671499032741,10.231687545776367,141120,0.0,0.0
1999-09-23 00:00:00-04:00,10.135002801371721,10.183341150571302,10.03832521786555,10.054438591003418,50760,0.0,0.0
1999-09-24 00:00:00-04:00,9.989991804890373,10.070556055066838,9.893314173614144,10.022216796875,110700,0.0,0.0
1999-09-27 00:00:00-04:00,10.086667222461392,10.24779570159077,10.086667222461392,10.183344841003418,40680,0.0,0.0
1999-09-28 00:00:00-04:00,9.989991327394971,10.199459075927734,9.989991327394971,10.199459075927734,45000,0.0,0.0
1999-09-29 00:00:00-04:00,10.151120305243305,10.151120305243305,10.022216796875,10.022216796875,87300,0.0,0.0
1999-09-30 00:00:00-04:00,10.022214956928108,10.022214956928108,9.796634743804585,9.909425735473633,52920,0.0,0.0
1999-10-01 00:00:00-04:00,9.925540261282434,9.925540261282434,9.651620742742145,9.780524253845215,43560,0.0,0.0
1999-10-04 00:00:00-04:00,9.71607206560801,9.828862190246582,9.683846189267358,9.828862190246582,16920,0.0,0.0
1999-10-05 00:00:00-04:00,9.957761816087759,10.022213549387684,9.796633367945109,9.844972610473633,62820,0.0,0.0
1999-10-06 00:00:00-04:00,9.877200562203848,9.925539819268542,9.71607206560801,9.828862190246582,45540,0.0,0.0
1999-10-07 00:00:00-04:00,9.828862190246582,9.861088066587236,9.780523818289316,9.828862190246582,30960,0.0,0.0
1999-10-08 00:00:00-04:00,9.844977885598915,9.909429653433316,9.780526117764515,9.893316268920898,28980,0.0,0.0
1999-10-11 00:00:00-04:00,9.941649325316359,9.941649325316359,9.812745858716509,9.844972610473633,61200,0.0,0.0
1999-10-12 00:00:00-04:00,9.571053668951748,9.6355054055005,9.522714423986582,9.554941177368164,150120,0.0,0.0
1999-10-13 00:00:00-04:00,9.506599586301085,9.554938819336774,9.442147865658159,9.490487098693848,37980,0.0,0.0
1999-10-14 00:00:00-04:00,9.458262582740423,9.474375957744954,9.216569038529373,9.329360008239746,152100,0.0,0.0
1999-10-15 00:00:00-04:00,9.281025649708535,9.313251531559754,9.152122122303659,9.200461387634277,55080,0.0,0.0
1999-10-18 00:00:00-04:00,9.200458266580851,9.409925985002662,9.11989403183624,9.345474243164062,65340,0.0,0.0
1999-10-19 00:00:00-04:00,9.28102217407366,9.393812275760556,9.264909681735782,9.37769889831543,56340,0.0,0.0
1999-10-20 00:00:00-04:00,9.34547509045147,9.50660357454906,9.34547509045147,9.47437858581543,29520,0.0,0.0
1999-10-21 00:00:00-04:00,9.409927368164062,9.45826573909461,9.361588112126105,9.409927368164062,125280,0.0,0.0
1999-10-22 00:00:00-04:00,9.409927368164062,9.554943366063116,9.329363121577346,9.409927368164062,64260,0.0,0.0
1999-10-25 00:00:00-04:00,9.409926343686593,9.538828947169973,9.409926343686593,9.52271556854248,48420,0.0,0.0
1999-10-26 00:00:00-04:00,9.52271486978533,9.52271486978533,9.37769889831543,9.37769889831543,14760,0.0,0.0
1999-10-27 00:00:00-04:00,9.409925212687076,9.571053668951748,9.409925212687076,9.554941177368164,110520,0.0,0.0
1999-10-28 00:00:00-04:00,9.538831169157971,9.635508808121209,9.37770177088591,9.603282928466797,101160,0.0,0.0
1999-10-29 00:00:00-04:00,9.635509868244903,9.635509868244903,9.538832218644941,9.587170600891113,108360,0.0,0.0
1999-11-01 00:00:00-05:00,9.53883061028875,9.571056488055087,9.426040480660312,9.442152976989746,111420,0.0,0.0
1999-11-02 00:00:00-05:00,9.458264709354447,9.587167312837826,9.458264709354447,9.52271556854248,68040,0.0,0.0
1999-11-03 00:00:00-05:00,9.458264709354447,9.60328069146532,9.458264709354447,9.52271556854248,64440,0.0,0.0
1999-11-04 00:00:00-05:00,9.409923779508494,9.490487995370495,9.216568599311204,9.264907836914062,211500,0.0,0.0
1999-11-05 00:00:00-05:00,8.2498008183143,8.2498008183143,7.734188488446548,7.959768772125244,909540,0.0,0.0
1999-11-08 00:00:00-05:00,8.120897698688712,8.201461963294648,8.056445932960921,8.185349464416504,229860,0.0,0.0
1999-11-09 00:00:00-05:00,8.217569224599902,8.249795972031276,7.846973135530672,7.943650722503662,218520,0.0,0.0
1999-11-10 00:00:00-05:00,7.991990013926988,7.991990013926988,7.81474907794618,7.830861568450928,133920,0.0,0.0
1999-11-11 00:00:00-05:00,7.8630898866467245,7.8630898866467245,7.685848010286463,7.766412258148193,229140,0.0,0.0
1999-11-12 00:00:00-05:00,7.782521570590994,7.782521570590994,7.685844866741096,7.750296592712402,115200,0.0,0.0
1999-11-15 00:00:00-05:00,7.798637488188508,7.895315108677188,7.750299120497841,7.782524108886719,79740,0.0,0.0
1999-11-16 00:00:00-05:00,7.895316872670096,7.895316872670096,7.71807497139466,7.863090991973877,170820,0.0,0.0
1999-11-17 00:00:00-05:00,7.856190391017503,7.872456293167806,7.758598552057379,7.823660373687744,142020,0.15889,0.0
1999-11-18 00:00:00-05:00,7.791131402002721,7.791131402002721,7.4007612685469555,7.482088565826416,220500,0.0,0.0
1999-11-19 00:00:00-05:00,7.547150369257939,7.579681289947103,7.449558053933295,7.498354434967041,108540,0.0,0.0
1999-11-22 00:00:00-05:00,7.530888010907809,7.6935417782166375,7.51462299157133,7.644745826721191,317520,0.0,0.0
1999-11-23 00:00:00-05:00,7.8561911237678705,7.937518855134013,7.807396093222099,7.872457027435303,183600,0.0,0.0
1999-11-24 00:00:00-05:00,7.986318200218848,8.148971945655175,7.970053183069572,8.067645072937012,268020,0.0,0.0
1999-11-26 00:00:00-05:00,8.067642176259774,8.165234924572545,7.970050321432573,8.083908081054688,161820,0.0,0.0
1999-11-29 00:00:00-05:00,8.148970597417543,8.148970597417543,7.953786849975586,7.953786849975586,65880,0.0,0.0
1999-11-30 00:00:00-05:00,7.839929153606682,7.839929153606682,7.677275414774596,7.726071357727051,240120,0.0,0.0
1999-12-01 00:00:00-05:00,7.758602284190639,7.823664137117815,7.644744488311008,7.726071357727051,350460,0.0,0.0
1999-12-02 00:00:00-05:00,7.791131620652108,7.791131620652108,7.644742928183668,7.661008834838867,113400,0.0,0.0
1999-12-03 00:00:00-05:00,7.70980483294972,7.8073984980439315,7.693539817757873,7.758601665496826,194940,0.0,0.0
1999-12-06 00:00:00-05:00,7.823664766275826,7.823664766275826,7.661011014363563,7.693541049957275,132840,0.0,0.0
1999-12-07 00:00:00-05:00,7.677275567166839,7.677275567166839,7.498355914808515,7.595948696136475,192960,0.0,0.0
1999-12-08 00:00:00-05:00,7.449559141315637,7.579682396323016,7.417028215878064,7.465824604034424,122940,0.0,0.0
1999-12-09 00:00:00-05:00,7.107984163878812,7.124249623957251,6.945330456580099,7.091719150543213,302760,0.0,0.0
1999-12-10 00:00:00-05:00,7.026655673980713,7.0429211302715276,6.912797479945008,7.026655673980713,344700,0.0,0.0
1999-12-13 00:00:00-05:00,7.026658707114918,7.059189186995949,6.961596853866997,6.994128227233887,508320,0.0,0.0
1999-12-14 00:00:00-05:00,6.880265381998876,7.0591844652699445,6.717611304417569,6.961592197418213,223740,0.0,0.0
1999-12-15 00:00:00-05:00,6.9941254897425145,7.0754523277282715,6.912797758271249,7.0754523277282715,351900,0.0,0.0
1999-12-16 00:00:00-05:00,7.140518154144001,7.189314105563695,7.010394425710138,7.0429253578186035,392940,0.0,0.0
1999-12-17 00:00:00-05:00,7.3031704395528925,7.417028232090358,7.254374051289873,7.351966381072998,381240,0.0,0.0
1999-12-20 00:00:00-05:00,7.417026955781359,7.530885175469216,7.319434642791748,7.319434642791748,255600,0.0,0.0
1999-12-21 00:00:00-05:00,7.368230475754279,7.482088240248255,7.2543722645174995,7.335699558258057,181980,0.0,0.0
1999-12-22 00:00:00-05:00,7.400759980830793,7.677272296725595,7.30316768781911,7.449556350708008,355860,0.0,0.0
1999-12-23 00:00:00-05:00,7.482090351640839,7.693540481550399,7.482090351640839,7.612213611602783,530820,0.0,0.0
1999-12-27 00:00:00-05:00,7.74233865737915,7.856195580209181,7.661011773365692,7.74233865737915,352440,0.0,0.0
1999-12-28 00:00:00-05:00,7.726071979036913,7.791133837196188,7.677276032160419,7.693541049957275,363780,0.0,0.0
1999-12-29 00:00:00-05:00,7.758599875497775,7.839926719665527,7.709803054208662,7.839926719665527,381780,0.0,0.0
1999-12-30 00:00:00-05:00,7.823661103404023,7.937518855134013,7.709802458188525,7.872457027435303,193860,0.0,0.0
1999-12-31 00:00:00-05:00,7.937518855134013,7.937518855134013,7.807396093222099,7.872457027435303,79920,0.0,0.0
2000-01-03 00:00:00-05:00,7.88872219531811,7.88872219531811,7.709801739091892,7.823660373687744,490860,0.0,0.0
2000-01-04 00:00:00-05:00,7.791131324450549,7.904989092765641,7.693538568686624,7.709803581237793,123300,0.0,0.0
2000-01-05 00:00:00-05:00,7.921256545134174,8.148972151902788,7.921256545134174,8.035115242004395,277920,0.0,0.0
2000-01-06 00:00:00-05:00,8.197769165039062,8.360422918034185,8.100177270636362,8.197769165039062,235080,0.0,0.0
2000-01-07 00:00:00-05:00,8.392954509316569,8.653200149536133,8.392954509316569,8.653200149536133,207720,0.0,0.0
2000-01-10 00:00:00-05:00,8.360419368910554,8.42548119988325,8.165234769478015,8.344154357910156,190440,0.0,0.0
2000-01-11 00:00:00-05:00,8.197768877939087,8.392954446880617,8.148972038960753,8.26283073425293,147420,0.0,0.0
2000-01-12 00:00:00-05:00,8.214032749209032,8.32789142861504,8.197767734142904,8.29535961151123,86940,0.0,0.0
2000-01-13 00:00:00-05:00,8.311628704814844,8.32789461959933,8.197770875267913,8.246567726135254,81720,0.0,0.0
2000-01-14 00:00:00-05:00,8.19776783276434,8.392953376820682,8.165236908754949,8.279094696044922,300780,0.0,0.0
2000-01-18 00:00:00-05:00,7.9375201617580995,7.953786068103121,7.791131472081179,7.904989242553711,259380,0.0,0.0
2000-01-19 00:00:00-05:00,7.547151858729559,7.644744640057519,7.482090451253855,7.595948696136475,593640,0.0,0.0
2000-01-20 00:00:00-05:00,7.4820872639594835,7.514618623953705,7.335698601070587,7.449556350708008,322740,0.0,0.0
2000-01-21 00:00:00-05:00,7.286903483494087,7.417026257399409,7.221841649798631,7.2543721199035645,418140,0.0,0.0
2000-01-24 00:00:00-05:00,7.351965700195109,7.351965700195109,7.156781058705236,7.189311981201172,376740,0.0,0.0
2000-01-25 00:00:00-05:00,6.994127104720345,7.319434978521292,6.994127104720345,7.1405158042907715,404640,0.0,0.0
2000-01-26 00:00:00-05:00,7.026657310229456,7.091719150543213,6.977860929994137,7.091719150543213,244620,0.0,0.0
2000-01-27 00:00:00-05:00,6.831470583299795,6.929063320159912,6.6688164686089975,6.929063320159912,916200,0.0,0.0
2000-01-28 00:00:00-05:00,6.7501457095869375,6.766410723710964,6.652553391128471,6.685083866119385,573300,0.0,0.0
2000-01-31 00:00:00-05:00,6.571224178759254,6.782674661888721,6.5061628009259245,6.701347827911377,640980,0.0,0.0
2000-02-01 00:00:00-05:00,6.310980039820793,6.473633766174316,6.229652729901138,6.473633766174316,397080,0.0,0.0
2000-02-02 00:00:00-05:00,6.115795563852545,6.441103472576577,6.001937326719084,6.327245235443115,1017180,0.0,0.0
2000-02-03 00:00:00-05:00,6.148325643742726,6.245917965364033,6.132060182348695,6.213387489318848,1426500,0.0,0.0
2000-02-04 00:00:00-05:00,5.985670434043498,6.115794102532591,5.953139516921225,6.0182013511657715,870660,0.0,0.0
2000-02-07 00:00:00-05:00,5.888077486303699,5.920608849083819,5.8230165477145945,5.8392815589904785,564480,0.0,0.0
2000-02-08 00:00:00-05:00,5.8718138436152,5.953140705921214,5.790486534566298,5.85554838180542,676800,0.0,0.0
2000-02-09 00:00:00-05:00,5.823017904928747,5.888078858682093,5.774221519499406,5.85554838180542,794340,0.0,0.0
2000-02-10 00:00:00-05:00,5.904343258906599,5.969405089524975,5.806750512979036,5.871812343597412,471780,0.0,0.0
2000-02-11 00:00:00-05:00,5.7904852650383525,5.88807756775764,5.660362045831706,5.709158420562744,448560,0.0,0.0
2000-02-14 00:00:00-05:00,5.725423878806424,5.741688890307314,5.627831576087136,5.709158420562744,563580,0.0,0.0
2000-02-15 00:00:00-05:00,5.888077682676679,6.034466362984109,5.790485378052659,6.0182013511657715,640080,0.0,0.0
2000-02-16 00:00:00-05:00,6.050732121474435,6.245916725986561,6.050732121474435,6.164589881896973,457920,0.0,0.0
2000-02-17 00:00:00-05:00,6.343510460870429,6.489899160377109,6.327244553433179,6.376040935516357,307620,0.0,0.0
2000-02-18 00:00:00-05:00,6.5061633814371,6.636286595456708,6.441101551055908,6.441101551055908,511380,0.0,0.0
2000-02-22 00:00:00-05:00,6.571224178759254,6.831470583578035,6.571224178759254,6.701347827911377,397080,0.0,0.0
2000-02-23 00:00:00-05:00,6.766410723710964,6.798942092187603,6.620022022651832,6.685083866119385,226800,0.0,0.0
2000-02-24 00:00:00-05:00,6.636289993100397,6.636289993100397,6.13206188972009,6.245919704437256,285660,0.0,0.0
2000-02-25 00:00:00-05:00,5.985670288808534,6.262182630895824,5.985670288808534,6.164589881896973,316980,0.0,0.0
2000-02-28 00:00:00-05:00,6.115794019654866,6.213386322956372,6.0507321862920005,6.148324489593506,224460,0.0,0.0
2000-02-29 00:00:00-05:00,6.278448618092857,6.489899160377109,6.278448618092857,6.376040935516357,442080,0.0,0.0
2000-03-01 00:00:00-05:00,6.473632234095199,6.750144575638468,6.473632234095199,6.506163597106934,372780,0.0,0.0
2000-03-02 00:00:00-05:00,6.652554410873007,6.717615817570711,6.5061656873745095,6.668819427490234,278640,0.0,0.0
2000-03-03 00:00:00-05:00,6.60375589917099,6.620020910562677,6.457367222703511,6.506163597106934,317160,0.0,0.0
2000-03-06 00:00:00-05:00,6.376041724057833,6.489899962999726,6.278449394564837,6.310980319976807,333900,0.0,0.0
2000-03-07 00:00:00-05:00,5.823016843145459,5.9043436906221345,5.676628160293197,5.7742204666137695,762480,0.0,0.0
2000-03-08 00:00:00-05:00,5.660361840830467,5.920608716561193,5.627831372264052,5.871812343597412,546480,0.0,0.0
2000-03-09 00:00:00-05:00,5.920610592579208,6.083264327178427,5.839283278536683,5.9856719970703125,509760,0.0,0.0
2000-03-10 00:00:00-05:00,5.855547381758677,5.8718128407905406,5.725424156246574,5.757955074310303,284940,0.0,0.0
2000-03-13 00:00:00-05:00,5.595302252533695,5.7091605017446305,5.497709914238702,5.676630020141602,542520,0.0,0.0
2000-03-14 00:00:00-05:00,5.627831298674143,5.806750437049568,5.579034926348426,5.6603617668151855,667800,0.0,0.0
2000-03-15 00:00:00-05:00,5.855549198527918,6.262184907003541,5.855549198527918,6.197123050689697,481320,0.0,0.0
2000-03-16 00:00:00-05:00,6.538694609934068,6.880268365653853,6.538694609934068,6.815206527709961,447480,0.0,0.0
2000-03-17 00:00:00-05:00,6.473633252939859,6.554961003154681,6.262183604141321,6.376040935516357,288540,0.0,0.0
2000-03-20 00:00:00-05:00,6.278447773839722,6.424836453661744,6.197120928046509,6.359775066375732,393300,0.0,0.0
2000-03-21 00:00:00-05:00,6.4248354289531955,6.766408662897919,6.408570419782927,6.603754997253418,283500,0.0,0.0
2000-03-22 00:00:00-05:00,6.554959971510355,6.620020910562677,6.441101764569038,6.506163597106934,215280,0.0,0.0
2000-03-23 00:00:00-05:00,6.457370392821285,6.685086025010813,6.457370392821285,6.636290073394775,203940,0.0,0.0
2000-03-24 00:00:00-05:00,6.636290295906038,6.636290295906038,6.408574656081326,6.489901542663574,351720,0.0,0.0
2000-03-27 00:00:00-05:00,6.506163597106934,6.571224982902042,6.424836306434564,6.506163597106934,291060,0.0,0.0
2000-03-28 00:00:00-05:00,6.489897252605177,6.717612741901659,6.489897252605177,6.603754997253418,616680,0.0,0.0
2000-03-29 00:00:00-05:00,6.5712262840078175,6.766410926782577,6.4736335158775615,6.75014591217041,394380,0.0,0.0
2000-03-30 00:00:00-05:00,6.60375571383109,6.815205770159155,6.5549597875399535,6.766409397125244,720180,0.0,0.0
2000-03-31 00:00:00-05:00,6.766409771507832,7.0103912034340015,6.717613842516838,6.798941135406494,387540,0.0,0.0
2000-04-03 00:00:00-04:00,6.766408070340288,6.880266251760302,6.685081244640108,6.8640007972717285,243720,0.0,0.0
2000-04-04 00:00:00-04:00,7.22184428280944,7.335702086545087,7.02665915730336,7.303171157836914,413280,0.0,0.0
2000-04-05 00:00:00-04:00,7.286903100305689,7.286903100305689,7.026656225951978,7.238106727600098,369540,0.0,0.0
2000-04-06 00:00:00-04:00,7.156778877564496,7.156778877564496,6.9615938488174525,7.026655673980713,264600,0.0,0.0
2000-04-07 00:00:00-04:00,7.026657883001834,7.189312050302011,6.945331022723184,7.173046588897705,278460,0.0,0.0
2000-04-10 00:00:00-04:00,6.864001903747724,7.02665602811059,6.864001903747724,6.945329189300537,222840,0.0,0.0
2000-04-11 00:00:00-04:00,6.994128358626291,7.0754552299710785,6.9128005937956285,7.059189319610596,273060,0.0,0.0
2000-04-12 00:00:00-04:00,7.1242488992554485,7.368230328870612,7.075452970726651,7.2543721199035645,469260,0.0,0.0
2000-04-13 00:00:00-04:00,7.254371738425856,7.319433568699977,7.156779439757448,7.238106727600098,893520,0.0,0.0
2000-04-14 00:00:00-04:00,7.026658707114918,7.156781966867832,6.798943114233051,6.994128227233887,369000,0.0,0.0
2000-04-17 00:00:00-04:00,6.994127339711299,7.254373379450172,6.945330955967394,7.189311981201172,657360,0.0,0.0
2000-04-18 00:00:00-04:00,7.026658707114918,7.091720560362839,6.945331837297945,6.994128227233887,445680,0.0,0.0
2000-04-19 00:00:00-04:00,6.831472842255069,6.8640037652987385,6.701350043566155,6.733880519866943,290340,0.0,0.0
2000-04-20 00:00:00-04:00,6.912811489879821,7.012515811145571,6.896194559410965,6.962663650512695,256140,0.30444,0.0
2000-04-24 00:00:00-04:00,7.0125204333956646,7.078990024719095,6.946051298481303,6.995903491973877,144000,0.0,0.0
2000-04-25 00:00:00-04:00,6.995899399865599,7.245159308710838,6.979281555345939,7.211924076080322,129780,0.0,0.0
2000-04-26 00:00:00-04:00,7.045750722175696,7.045750722175696,6.763255596160889,6.763255596160889,152460,0.0,0.0
2000-04-27 00:00:00-04:00,6.680170628878417,6.8463445385122,6.497380241099019,6.663553237915039,231120,0.0,0.0
2000-04-28 00:00:00-04:00,6.580466542177945,6.613700866699219,6.4973800462614575,6.613700866699219,194940,0.0,0.0
2000-05-01 00:00:00-04:00,6.613701457788631,6.613701457788631,6.447528451104199,6.5970845222473145,182700,0.0,0.0
2000-05-02 00:00:00-04:00,6.447529010236857,6.680171604897061,6.447529010236857,6.580467700958252,400500,0.0,0.0
2000-05-03 00:00:00-04:00,6.015473947963784,6.065326097085764,5.88253579645583,5.998857021331787,1839780,0.0,0.0
2000-05-04 00:00:00-04:00,5.998863498862597,6.2148887988364585,5.998863498862597,6.181654453277588,422640,0.0,0.0
2000-05-05 00:00:00-04:00,6.214884870778828,6.347823994628054,6.165032699335368,6.198267936706543,161280,0.0,0.0
2000-05-08 00:00:00-04:00,6.214884774347297,6.331206505910495,6.148415669862901,6.297971725463867,198000,0.0,0.0
2000-05-09 00:00:00-04:00,6.364439620255652,6.51399564743042,6.314587459061138,6.51399564743042,417420,0.0,0.0
2000-05-10 00:00:00-04:00,6.6801722777977774,6.813110981910226,6.547234030094322,6.6303205490112305,393480,0.0,0.0
2000-05-11 00:00:00-04:00,6.8463442707020175,6.929430765859912,6.796492099761963,6.796492099761963,474120,0.0,0.0
2000-05-12 00:00:00-04:00,6.846346541638047,7.045754378724203,6.846346541638047,6.896198272705078,556740,0.0,0.0
2000-05-15 00:00:00-04:00,7.045753363271513,7.112222480584187,6.995901639389244,7.062370300292969,134280,0.0,0.0
2000-05-16 00:00:00-04:00,7.112218811304859,7.112218811304859,6.912810649426009,6.946045875549316,397080,0.0,0.0
2000-05-17 00:00:00-04:00,6.8795808768797295,6.946050460181125,6.779876958336652,6.896198272705078,209880,0.0,0.0
2000-05-18 00:00:00-04:00,7.062368595899986,7.195307711260441,7.062368595899986,7.112220764160156,235800,0.0,0.0
2000-05-19 00:00:00-04:00,7.378099251479996,7.52765531430453,7.228543188655461,7.2451605796813965,369180,0.0,0.0
2000-05-22 00:00:00-04:00,7.5941271252928955,7.5941271252928955,7.444571018218994,7.444571018218994,183600,0.0,0.0
2000-05-23 00:00:00-04:00,7.511035034212682,7.511035034212682,7.295010390067746,7.4113311767578125,198900,0.0,0.0
2000-05-24 00:00:00-04:00,7.411334890831551,7.677213194375219,7.278396195468681,7.594126224517822,453600,0.0,0.0
2000-05-25 00:00:00-04:00,7.3781005640437565,7.494421865509975,7.328248382097249,7.427952289581299,320400,0.0,0.0
2000-05-26 00:00:00-04:00,7.411332166313533,7.643975139982197,7.378097846996979,7.577505588531494,245160,0.0,0.0
2000-05-30 00:00:00-04:00,7.577507215768857,7.59412506360894,7.37809943141237,7.461185932159424,309600,0.0,0.0
2000-05-31 00:00:00-04:00,7.211924006683946,7.311628334389685,7.012516264090066,7.228541851043701,336960,0.0,0.0
2000-06-01 00:00:00-04:00,7.012516884048653,7.195307711260441,7.012516884048653,7.112220764160156,234900,0.0,0.0
2000-06-02 00:00:00-04:00,7.11222288443249,7.145458129589425,6.946049853510644,7.078988552093506,247500,0.0,0.0
2000-06-05 00:00:00-04:00,7.145455250432206,7.2617760513623395,7.09560308739747,7.16207218170166,221040,0.0,0.0
2000-06-06 00:00:00-04:00,7.245159246213549,7.344863117609831,7.112220142473441,7.311628341674805,189180,0.0,0.0
2000-06-07 00:00:00-04:00,7.211924664107606,7.394715948230989,7.112220783721873,7.361480712890625,198360,0.0,0.0
2000-06-08 00:00:00-04:00,7.128838153580213,7.245159879520613,7.02913427346871,7.112220764160156,279900,0.0,0.0
2000-06-09 00:00:00-04:00,7.162073809099548,7.162073809099548,7.029135133875468,7.04575252532959,193500,0.0,0.0
2000-06-12 00:00:00-04:00,7.145457534442782,7.261778372554303,7.145457534442782,7.178691864013672,178920,0.0,0.0
2000-06-13 00:00:00-04:00,7.245162723317454,7.511039689171144,7.245162723317454,7.444571018218994,167940,0.0,0.0
2000-06-14 00:00:00-04:00,7.311628341674805,7.328245729642318,7.228541858246036,7.311628341674805,136980,0.0,0.0
2000-06-15 00:00:00-04:00,7.3780979211134605,7.444567473231881,7.361480076675055,7.394715309143066,157320,0.0,0.0
2000-06-16 00:00:00-04:00,7.411333757865855,7.577507215768857,7.37809943141237,7.461185932159424,267480,0.0,0.0
2000-06-19 00:00:00-04:00,7.477804471527806,7.544274047456481,7.41133489559913,7.427952289581299,376560,0.0,0.0
2000-06-20 00:00:00-04:00,7.394715309143066,7.461184404852686,7.3780979211134605,7.394715309143066,153180,0.0,0.0
2000-06-21 00:00:00-04:00,7.394716359997693,7.411333293979911,7.245160302886808,7.295012474060059,103860,0.0,0.0
2000-06-22 00:00:00-04:00,7.427951926598622,7.477804106108996,7.22854412137501,7.328248023986816,139140,0.0,0.0
2000-06-23 00:00:00-04:00,7.045753897661359,7.045753897661359,6.663554732591773,6.813110828399658,594540,0.0,0.0
2000-06-26 00:00:00-04:00,6.580466477767281,6.912812914589038,6.580466477767281,6.879578590393066,542880,0.0,0.0
2000-06-27 00:00:00-04:00,6.763256862726396,6.8463442707020175,6.66355297725515,6.796492099761963,249300,0.0,0.0
2000-06-28 00:00:00-04:00,6.730022708238578,6.8131092054919,6.66355314530882,6.68017053604126,668340,0.0,0.0
2000-06-29 00:00:00-04:00,6.696789966696517,6.696789966696517,6.430912108517242,6.497381687164307,368460,0.0,0.0
2000-06-30 00:00:00-04:00,6.547232322999495,6.779874880435896,6.464144912928423,6.68017053604126,367200,0.0,0.0
2000-07-03 00:00:00-04:00,6.580466840375813,6.580466840375813,6.51399727550342,6.563849449157715,154620,0.0,0.0
2000-07-05 00:00:00-04:00,6.563850307566959,6.646937274523423,6.51399812739308,6.580467700958252,286740,0.0,0.0
2000-07-06 00:00:00-04:00,6.547234467542947,6.746642308830411,6.547234467542947,6.713407516479492,277380,0.0,0.0
2000-07-07 00:00:00-04:00,6.713406391679646,6.713406391679646,6.547233370584614,6.580467700958252,144540,0.0,0.0
2000-07-10 00:00:00-04:00,6.5306143707827315,6.613700866699219,6.5306143707827315,6.613700866699219,442980,0.0,0.0
2000-07-11 00:00:00-04:00,6.646936104038229,6.646936104038229,6.5306143707827315,6.613700866699219,391860,0.0,0.0
2000-07-12 00:00:00-04:00,6.563849157025155,6.584621237429956,6.480762661041424,6.530614376068115,1627380,0.0,0.0
2000-07-13 00:00:00-04:00,6.464146731784818,6.51399891800935,6.3644428157447575,6.4475297927856445,430380,0.0,0.0
2000-07-14 00:00:00-04:00,6.447529503179008,6.547233871149605,6.397677775602692,6.497381687164307,918360,0.0,0.0
2000-07-17 00:00:00-04:00,6.530616313417528,6.530616313417528,6.430912397377467,6.4475297927856445,332820,0.0,0.0
2000-07-18 00:00:00-04:00,6.44753007361133,6.613703122112854,6.44753007361133,6.480764865875244,360540,0.0,0.0
2000-07-19 00:00:00-04:00,6.547232514348505,6.646936405248206,6.547232514348505,6.563849449157715,149940,0.0,0.0
2000-07-20 00:00:00-04:00,6.630319692999827,6.713406201189802,6.630319692999827,6.696789264678955,287280,0.0,0.0
2000-07-21 00:00:00-04:00,6.630317122799187,6.696786668711814,6.56384757688656,6.646934509277344,235080,0.0,0.0
2000-07-24 00:00:00-04:00,6.646937274523423,6.646937274523423,6.547233370584614,6.580467700958252,179280,0.0,0.0
2000-07-25 00:00:00-04:00,6.646939604357147,6.763260486050195,6.646939604357147,6.746643543243408,198000,0.0,0.0
2000-07-26 00:00:00-04:00,6.746642308830411,6.77987710118133,6.663555327953114,6.713407516479492,145440,0.0,0.0
2000-07-27 00:00:00-04:00,6.696788578902501,6.696788578902501,6.530614666721519,6.563849449157715,252540,0.0,0.0
2000-07-28 00:00:00-04:00,6.580466547503675,6.580466547503675,6.497380051519944,6.530614376068115,106560,0.0,0.0
2000-07-31 00:00:00-04:00,6.497379186703299,6.497379186703299,6.347823148711752,6.430909633636475,300960,0.0,0.0
2000-08-01 00:00:00-04:00,6.39767644979451,6.630319014030108,6.39767644979451,6.563849449157715,320940,0.0,0.0
2000-08-02 00:00:00-04:00,6.746641047924665,6.962666245013805,6.730023654854893,6.929431915283203,342540,0.0,0.0
2000-08-03 00:00:00-04:00,6.896194746039528,6.946046908021529,6.81310780940286,6.846343040466309,258120,0.0,0.0
2000-08-04 00:00:00-04:00,6.979282959513102,7.178691200553669,6.979282959513102,7.04575252532959,381420,0.0,0.0
2000-08-07 00:00:00-04:00,7.145455250432206,7.211923888327604,7.09560308739747,7.16207218170166,217620,0.0,0.0
2000-08-08 00:00:00-04:00,7.178690415359355,7.178690415359355,6.962664806493222,7.012516975402832,171180,0.0,0.0
2000-08-09 00:00:00-04:00,6.962663650512695,6.995898880676715,6.862959785655716,6.962663650512695,458640,0.0,0.0
2000-08-10 00:00:00-04:00,6.946051298481303,7.0125204333956646,6.912816046410518,6.995903491973877,228600,0.0,0.0
2000-08-11 00:00:00-04:00,7.045752247312991,7.112221354097795,7.045752247312991,7.095604419708252,73440,0.0,0.0
2000-08-14 00:00:00-04:00,6.979282959513102,7.04575252532959,6.946048633013754,7.04575252532959,160380,0.0,0.0
2000-08-15 00:00:00-04:00,7.145458698272705,7.1786930332567,7.095606511183196,7.145458698272705,740700,0.0,0.0
2000-08-16 00:00:00-04:00,7.1953092570035855,7.245161435973326,7.128839685043931,7.178691864013672,575100,0.0,0.0
2000-08-17 00:00:00-04:00,7.128838153580213,7.162072932420328,7.045751662888767,7.112220764160156,583740,0.0,0.0
2000-08-18 00:00:00-04:00,7.078988552093506,7.145458129589425,7.0125189745975876,7.078988552093506,286560,0.0,0.0
2000-08-21 00:00:00-04:00,7.112222292054018,7.228544042983413,7.112222292054018,7.178691864013672,348660,0.0,0.0
2000-08-22 00:00:00-04:00,7.178690710079822,7.178690710079822,7.095604214894874,7.128838539123535,242820,0.0,0.0
2000-08-23 00:00:00-04:00,7.04575252532959,7.112221634737182,6.9959008073761195,7.04575252532959,196920,0.0,0.0
2000-08-24 00:00:00-04:00,7.128840846167191,7.228545220346208,7.128840846167191,7.145458698272705,168840,0.0,0.0
2000-08-25 00:00:00-04:00,7.112221634737182,7.112221634737182,7.0125177424213465,7.04575252532959,268920,0.0,0.0
2000-08-28 00:00:00-04:00,7.029135133875468,7.112221634737182,6.9959008073761195,7.04575252532959,88380,0.0,0.0
2000-08-29 00:00:00-04:00,7.012516975402832,7.029134365039369,6.979282196129758,7.012516975402832,292140,0.0,0.0
2000-08-30 00:00:00-04:00,6.979282475798707,6.995900322509987,6.846344266197095,6.879578590393066,163260,0.0,0.0
2000-08-31 00:00:00-04:00,6.813110084654615,6.813110084654615,6.713406183803077,6.779875755310059,206820,0.0,0.0
2000-09-01 00:00:00-04:00,6.779874709448611,6.829726423979802,6.746639928821907,6.796492099761963,312120,0.0,0.0
2000-09-05 00:00:00-04:00,6.563850307566959,6.613702031331889,6.447529010236857,6.580467700958252,208440,0.0,0.0
2000-09-06 00:00:00-04:00,6.580466547503675,6.580466547503675,6.513996985589595,6.530614376068115,164340,0.0,0.0
2000-09-07 00:00:00-04:00,6.563849084918602,6.580466475214574,6.464144743142776,6.547232151031494,167220,0.0,0.0
2000-09-08 00:00:00-04:00,6.480762661041424,6.547232222955503,6.364440927691785,6.530614376068115,346860,0.0,0.0
2000-09-11 00:00:00-04:00,6.364442825317383,6.414295011616896,6.331208490860044,6.364442825317383,505800,0.0,0.0
2000-09-12 00:00:00-04:00,6.430909908344646,6.49737946425084,6.364440352438453,6.464144229888916,331560,0.0,0.0
2000-09-13 00:00:00-04:00,6.397678062970116,6.51399891800935,6.397678062970116,6.4475297927856445,463500,0.0,0.0
2000-09-14 00:00:00-04:00,6.414292239603635,6.414292239603635,6.314587910093029,6.347823143005371,227340,0.0,0.0
2000-09-15 00:00:00-04:00,6.3810574688363575,6.530613506827903,6.3810574688363575,6.430909633636475,236880,0.0,0.0
2000-09-18 00:00:00-04:00,6.3478238209786335,6.39767599105835,6.2979716508989165,6.39767599105835,227700,0.0,0.0
2000-09-19 00:00:00-04:00,6.41429500196929,6.480764583601999,6.41429500196929,6.4475297927856445,172080,0.0,0.0
2000-09-20 00:00:00-04:00,6.430912789545364,6.430912789545364,6.347826263846724,6.381060600280762,162000,0.0,0.0
2000-09-21 00:00:00-04:00,6.397677775602692,6.51399862541709,6.381059924531943,6.497381687164307,196380,0.0,0.0
2000-09-22 00:00:00-04:00,6.630318820252817,6.713405317506139,6.630318820252817,6.68017053604126,277920,0.0,0.0
2000-09-25 00:00:00-04:00,6.68017102558953,6.68017102558953,6.563849738346864,6.5970845222473145,216000,0.0,0.0
2000-09-26 00:00:00-04:00,6.563850307566959,6.597085094349545,6.530615520784373,6.580467700958252,229320,0.0,0.0
2000-09-27 00:00:00-04:00,6.613701457788631,6.663553633639305,6.563849738346864,6.5970845222473145,232020,0.0,0.0
2000-09-28 00:00:00-04:00,6.613701826542605,6.779875755310059,6.597084890074794,6.779875755310059,284400,0.0,0.0
2000-09-29 00:00:00-04:00,6.91281140197367,7.012515721971539,6.91281140197367,6.979280948638916,312300,0.0,0.0
2000-10-02 00:00:00-04:00,6.946045875549316,6.946045875549316,6.896193720977426,6.946045875549316,308520,0.0,0.0
2000-10-03 00:00:00-04:00,6.929431511994227,6.929431511994227,6.879579335686283,6.912813663482666,279180,0.0,0.0
2000-10-04 00:00:00-04:00,6.912810649426009,6.995898030121208,6.912810649426009,6.946045875549316,226980,0.0,0.0
2000-10-05 00:00:00-04:00,6.91281460835371,7.078988552093506,6.91281460835371,7.078988552093506,177840,0.0,0.0
2000-10-06 00:00:00-04:00,7.195308406603591,7.3116296873762545,7.195308406603591,7.2451605796813965,212400,0.0,0.0
2000-10-09 00:00:00-04:00,7.278393565739777,7.311628341674805,7.228541858246036,7.311628341674805,189180,0.0,0.0
2000-10-10 00:00:00-04:00,7.295011590208923,7.311628522177862,7.245159425075676,7.278393745422363,231480,0.0,0.0
2000-10-11 00:00:00-04:00,7.245159829814426,7.394715877160055,7.245159829814426,7.378098487854004,151020,0.0,0.0
2000-10-12 00:00:00-04:00,7.394717596667315,7.394717596667315,7.311630630816691,7.328248023986816,185040,0.0,0.0
2000-10-13 00:00:00-04:00,7.245159120092885,7.278393439040585,7.112220018666925,7.16207218170166,210960,0.0,0.0
2000-10-16 00:00:00-04:00,7.178689871564679,7.311628522177862,7.178689871564679,7.278393745422363,108720,0.0,0.0
2000-10-17 00:00:00-04:00,7.37809686187868,7.427948562401747,7.278392548015076,7.4113311767578125,366660,0.0,0.0
2000-10-18 00:00:00-04:00,7.427951056614111,7.627359294891358,7.427951056614111,7.4778032302856445,192960,0.0,0.0
2000-10-19 00:00:00-04:00,7.411332994067241,7.411332994067241,7.178690450824096,7.3448638916015625,141840,0.0,0.0
2000-10-20 00:00:00-04:00,7.06237126338118,7.1786930332567,7.012519532700682,7.145458698272705,149760,0.0,0.0
2000-10-23 00:00:00-04:00,7.078987962483128,7.211926193584562,7.012518390523474,7.178691864013672,239940,0.0,0.0
2000-10-24 00:00:00-04:00,7.128837591934844,7.295011473043408,7.128837591934844,7.211924076080322,187200,0.0,0.0
2000-10-25 00:00:00-04:00,7.145455551217992,7.311628522177862,7.145455551217992,7.278393745422363,241740,0.0,0.0
2000-10-26 00:00:00-04:00,7.211924773852512,7.394716060757457,7.1953078405427275,7.3448638916015625,228420,0.0,0.0
2000-10-27 00:00:00-04:00,7.178690741322475,7.36148112280666,7.112221179758141,7.295012474060059,180540,0.0,0.0
2000-10-30 00:00:00-05:00,7.361481491718733,7.511037556324445,7.361481491718733,7.4778032302856445,187380,0.0,0.0
2000-10-31 00:00:00-05:00,7.361479019826011,7.4113311767578125,7.21192300543934,7.4113311767578125,224820,0.0,0.0
2000-11-01 00:00:00-05:00,7.295014050541876,7.477804471527806,7.278396200150743,7.427952289581299,204120,0.0,0.0
2000-11-02 00:00:00-05:00,7.477803323590614,7.544272889315372,7.361481583572286,7.461185932159424,183240,0.0,0.0
2000-11-03 00:00:00-05:00,7.793533345481009,7.876619856397809,7.710446834564209,7.710446834564209,177660,0.0,0.0
2000-11-06 00:00:00-05:00,7.776913475783993,7.943086434954481,7.776913475783993,7.893234729766846,214560,0.0,0.0
2000-11-07 00:00:00-05:00,7.943090998041805,8.092647112338142,7.9264740577058035,8.009560585021973,236520,0.0,0.0
2000-11-08 00:00:00-05:00,8.009555639931857,8.125877801739026,7.92646916391318,8.042790412902832,178920,0.0,0.0
2000-11-09 00:00:00-05:00,8.142499144783256,8.292055247798386,8.142499144783256,8.27543830871582,126720,0.0,0.0
2000-11-10 00:00:00-05:00,8.375141591972943,8.541314630561235,8.375141591972943,8.45822811126709,185220,0.0,0.0
2000-11-13 00:00:00-05:00,8.657636852954631,8.757340310980409,8.375141591972943,8.45822811126709,376920,0.0,0.0
2000-11-14 00:00:00-05:00,8.42499115883117,8.42499115883117,8.308668978893312,8.325285911560059,314460,0.0,0.0
2000-11-15 00:00:00-05:00,8.183485012837988,8.418256916220653,8.183485012837988,8.38471794128418,274680,0.15778,0.0
2000-11-16 00:00:00-05:00,8.45179697027207,8.619490945192748,8.45179697027207,8.552412986755371,107460,0.0,0.0
2000-11-17 00:00:00-05:00,8.535642162485537,8.669798051144143,8.502104111493457,8.636259078979492,327060,0.0,0.0
2000-11-20 00:00:00-05:00,8.636259875754252,8.753645828574186,8.619489927538456,8.669798851013184,130500,0.0,0.0
2000-11-21 00:00:00-05:00,8.686570544530547,8.720109530084777,8.60272354123144,8.703339576721191,203040,0.0,0.0
2000-11-22 00:00:00-05:00,8.653030993812903,8.803955942296003,8.636261043329903,8.720108032226562,160560,0.0,0.0
2000-11-24 00:00:00-05:00,8.401489456825795,8.401489456825795,8.284104391535717,8.367951393127441,124200,0.0,0.0
2000-11-27 00:00:00-05:00,8.435030392871507,8.552415472495476,8.435030392871507,8.535646438598633,101700,0.0,0.0
2000-11-28 00:00:00-05:00,8.552413133260462,8.720108032226562,8.552413133260462,8.720108032226562,152640,0.0,0.0
2000-11-29 00:00:00-05:00,8.703337761956696,8.787185668945312,8.686568733262622,8.787185668945312,147240,0.0,0.0
2000-11-30 00:00:00-05:00,8.921340681728852,9.089035574903876,8.904571652997724,9.072265625,239400,0.0,0.0
2000-12-01 00:00:00-05:00,9.005186842324479,9.021956790691242,8.887801809620468,8.954879760742188,142380,0.0,0.0
2000-12-04 00:00:00-05:00,8.971649484376169,9.122574425529514,8.938110506211787,9.105805397033691,270000,0.0,0.0
2000-12-05 00:00:00-05:00,8.988421165258194,8.988421165258194,8.820727146124328,8.854265213012695,257580,0.0,0.0
2000-12-06 00:00:00-05:00,8.518875064973392,8.518875064973392,8.267333177396063,8.435028076171875,388620,0.0,0.0
2000-12-07 00:00:00-05:00,8.351182078244575,8.535645107025479,8.300873142056247,8.518876075744629,209160,0.0,0.0
2000-12-08 00:00:00-05:00,8.552412382562515,8.569182331573515,8.401487447327028,8.485335350036621,306000,0.0,0.0
2000-12-11 00:00:00-05:00,8.351179906185092,8.351179906185092,8.133177029197107,8.18348503112793,146160,0.0,0.0
2000-12-12 00:00:00-05:00,8.133177440566323,8.233793449517043,8.133177440566323,8.200255393981934,145980,0.0,0.0
2000-12-13 00:00:00-05:00,8.183485763697481,8.200255713290735,8.11640780766993,8.133177757263184,132300,0.0,0.0
2000-12-14 00:00:00-05:00,8.166716712575708,8.33441162109375,8.166716712575708,8.33441162109375,128340,0.0,0.0
2000-12-15 00:00:00-05:00,8.502106309114597,8.60272233044317,8.502106309114597,8.569183349609375,297720,0.0,0.0
2000-12-18 00:00:00-05:00,8.653028607843265,8.703335681902345,8.552410775034993,8.619488716125488,155520,0.0,0.0
2000-12-19 00:00:00-05:00,8.602720106814841,8.686567076640184,8.5859510813188,8.636259078979492,132840,0.0,0.0
2000-12-20 00:00:00-05:00,8.669797375187837,9.15611013072761,8.669797375187837,8.887800216674805,382680,0.0,0.0
2000-12-21 00:00:00-05:00,8.887805394036553,9.038730384341529,8.854265483776517,8.988421440124512,233820,0.0,0.0
2000-12-22 00:00:00-05:00,9.005192011934852,9.15611702801391,8.95488490147276,8.971653938293457,290520,0.0,0.0
2000-12-26 00:00:00-05:00,8.904571401348162,9.273499234734304,8.904571401348162,9.223190307617188,211140,0.0,0.0
2000-12-27 00:00:00-05:00,9.25673014249728,9.374115181831957,9.25673014249728,9.340577125549316,182520,0.0,0.0
2000-12-28 00:00:00-05:00,9.290268325146213,9.390885258880878,9.239960318865243,9.307037353515625,165600,0.0,0.0
2000-12-29 00:00:00-05:00,9.307035632017312,9.323805578457561,9.223188663333746,9.273497581481934,113040,0.0,0.0
2001-01-02 00:00:00-05:00,9.256732778495428,9.407657759436407,9.256732778495428,9.374117851257324,307440,0.0,0.0
2001-01-03 00:00:00-05:00,9.357346154613724,9.407655081388082,9.089035256117109,9.13934326171875,528480,0.0,0.0
2001-01-04 00:00:00-05:00,8.954880737379634,8.954880737379634,8.485335949490759,8.552412986755371,391500,0.0,0.0
2001-01-05 00:00:00-05:00,8.51887432688592,8.63626028527211,8.451796373187324,8.485335350036621,294300,0.0,0.0
2001-01-08 00:00:00-05:00,8.485337666649832,8.535645685072204,8.418259694638033,8.502107620239258,240660,0.0,0.0
2001-01-09 00:00:00-05:00,8.250563706248311,8.33441162109375,8.233794675982924,8.33441162109375,260640,0.0,0.0
2001-01-10 00:00:00-05:00,8.18348503112793,8.200254979219972,8.099637133013024,8.18348503112793,137340,0.0,0.0
2001-01-11 00:00:00-05:00,8.233794591427815,8.334411535505376,8.217025561334633,8.250563621520996,149940,0.0,0.0
2001-01-12 00:00:00-05:00,8.284104723886756,8.351182696320413,8.200257718931164,8.300873756408691,102960,0.0,0.0
2001-01-16 00:00:00-05:00,8.284103609124754,8.367950602797357,8.20025661545215,8.33441162109375,253080,0.0,0.0
2001-01-17 00:00:00-05:00,8.217025288824185,8.217025288824185,7.999022377805756,8.116408348083496,196200,0.0,0.0
2001-01-18 00:00:00-05:00,8.049333437061458,8.049333437061458,7.948715548543914,7.982255458831787,308520,0.0,0.0
2001-01-19 00:00:00-05:00,7.831326713256344,7.881634712219238,7.730709794157961,7.881634712219238,248220,0.0,0.0
2001-01-22 00:00:00-05:00,7.881635728979729,7.982252661058074,7.8480967516202815,7.965482711791992,201780,0.0,0.0
2001-01-23 00:00:00-05:00,8.049331469978302,8.116408510642753,8.032561518932582,8.082869529724121,194760,0.0,0.0
2001-01-24 00:00:00-05:00,7.948715034757153,7.999023975764069,7.881637982036227,7.898407936096191,199440,0.0,0.0
2001-01-25 00:00:00-05:00,7.797788822609626,7.948713779449463,7.797788822609626,7.948713779449463,242280,0.0,0.0
2001-01-26 00:00:00-05:00,8.066098366886152,8.116406364374457,8.015789448225279,8.032559394836426,151380,0.0,0.0
2001-01-29 00:00:00-05:00,8.062746374807503,8.116408374910788,8.027866166857645,8.03591537475586,127980,0.0,0.0
2001-01-30 00:00:00-05:00,8.038599223777783,8.261298313049224,8.038599223777783,8.24251651763916,149580,0.0,0.0
2001-01-31 00:00:00-05:00,8.272028824731896,8.331057579554765,8.237148615596942,8.290811538696289,144000,0.0,0.0
2001-02-01 00:00:00-05:00,8.293494877294973,8.424967440838804,8.290812421733925,8.371304512023926,257580,0.0,0.0
2001-02-02 00:00:00-05:00,8.371302262410454,8.384718221302146,8.23714727935694,8.30690860748291,218160,0.0,0.0
2001-02-05 00:00:00-05:00,8.45179811070953,8.585954045686522,8.39813610518789,8.438382148742676,389520,0.0,0.0
2001-02-06 00:00:00-05:00,8.398134658520384,8.42496565665928,8.347155117235566,8.392767906188965,269280,0.0,0.0
2001-02-07 00:00:00-05:00,8.384719459099548,8.569854007864834,8.384719459099548,8.481311798095703,201600,0.0,0.0
2001-02-08 00:00:00-05:00,8.411552067154746,8.492044154264317,8.285445340888712,8.438382148742676,265680,0.0,0.0
2001-02-09 00:00:00-05:00,8.42765204673269,8.518877657263708,8.42765204673269,8.505461692810059,255420,0.0,0.0
2001-02-12 00:00:00-05:00,8.545703252891368,8.599365234375,8.47862531545059,8.599365234375,151560,0.0,0.0
2001-02-13 00:00:00-05:00,8.599365358294866,8.666443296702262,8.572534367166407,8.580583572387695,165780,0.0,0.0
2001-02-14 00:00:00-05:00,8.580586626472504,8.677178965853026,8.478628455425428,8.492043495178223,190800,0.0,0.0
2001-02-15 00:00:00-05:00,8.4920401706853,8.4920401706853,8.304223239463662,8.336420059204102,128520,0.0,0.0
2001-02-16 00:00:00-05:00,8.336422109929845,8.473260469833312,8.336422109929845,8.398134231567383,187200,0.0,0.0
2001-02-20 00:00:00-05:00,8.263979880048502,8.451797813952528,8.263979880048502,8.424966812133789,204840,0.0,0.0
2001-02-21 00:00:00-05:00,8.411553414071609,8.465215428185987,8.344475435842117,8.422285079956055,168480,0.0,0.0
2001-02-22 00:00:00-05:00,8.398136437017827,8.44374923563078,8.314960048820925,8.371304512023926,170460,0.0,0.0
2001-02-23 00:00:00-05:00,8.242516549736672,8.25324821472168,8.132508232497228,8.25324821472168,167760,0.0,0.0
2001-02-26 00:00:00-05:00,8.102993542518051,8.210317545466955,8.065429957251371,8.1995849609375,262440,0.0,0.0
2001-02-27 00:00:00-05:00,8.081526482508018,8.188851381517388,8.081526482508018,8.15933609008789,315180,0.0,0.0
2001-02-28 00:00:00-05:00,8.33105717768532,8.363254929991788,8.183486218919432,8.226415634155273,312840,0.0,0.0
2001-03-01 00:00:00-05:00,8.47862720489502,8.54838853330789,8.43569779437588,8.47862720489502,236160,0.0,0.0
2001-03-02 00:00:00-05:00,8.588634259869798,8.72010678391005,8.559119888183037,8.585951805114746,255240,0.0,0.0
2001-03-05 00:00:00-05:00,8.505459490394115,8.545706452160394,8.451797488820958,8.532291412353516,169380,0.0,0.0
2001-03-06 00:00:00-05:00,8.489359419636646,8.500092002094132,8.411549808871994,8.454479217529297,114840,0.0,0.0
2001-03-07 00:00:00-05:00,8.478626006318121,8.478626006318121,8.400815482005852,8.435696601867676,104940,0.0,0.0
2001-03-08 00:00:00-05:00,8.424965494964878,8.61278247833252,8.424965494964878,8.61278247833252,167940,0.0,0.0
2001-03-09 00:00:00-05:00,8.610098133821607,8.66644349281818,8.559118604703157,8.572534561157227,139140,0.0,0.0
2001-03-12 00:00:00-05:00,8.451798503944456,8.526925683639334,8.384720533335038,8.462531089782715,152460,0.0,0.0
2001-03-13 00:00:00-05:00,8.357885219812701,8.365934424747811,8.280074703485873,8.336420059204102,138240,0.0,0.0
2001-03-14 00:00:00-05:00,8.049332929696446,8.194220542907715,8.049332929696446,8.194220542907715,236340,0.0,0.0
2001-03-15 00:00:00-05:00,8.035913078671502,8.076159106663157,7.936637393556176,8.052011489868164,159120,0.0,0.0
2001-03-16 00:00:00-05:00,7.848096086166951,7.995667021332105,7.848096086166951,7.960786819458008,167040,0.0,0.0
2001-03-19 00:00:00-05:00,7.9554236643489045,8.049333572387695,7.9554236643489045,8.049333572387695,277380,0.0,0.0
2001-03-20 00:00:00-05:00,7.950057889017715,7.995670694230265,7.899079250733771,7.928593635559082,259380,0.0,0.0
2001-03-21 00:00:00-05:00,7.727355904575139,7.856145046828377,7.700524449450461,7.716623783111572,269100,0.0,0.0
2001-03-22 00:00:00-05:00,7.4724602699279785,7.4805094758863895,7.338304380827609,7.4724602699279785,357660,0.0,0.0
2001-03-23 00:00:00-05:00,7.432215857655838,7.539539862006712,7.39196935602426,7.504659652709961,426960,0.0,0.0
2001-03-26 00:00:00-05:00,7.673694278803158,7.695158983332825,7.620031826599502,7.6602783203125,174060,0.0,0.0
2001-03-27 00:00:00-05:00,7.665645083160263,7.834680735622511,7.665645083160263,7.821265697479248,171180,0.0,0.0
2001-03-28 00:00:00-05:00,7.767603954623941,7.767603954623941,7.6468644478206365,7.692477703094482,208440,0.0,0.0
2001-03-29 00:00:00-05:00,7.687108676067732,7.81321489101617,7.646861727530964,7.6736931800842285,132120,0.0,0.0
2001-03-30 00:00:00-05:00,7.807852351784815,7.834682433887092,7.727358420786352,7.783703804016113,180360,0.0,0.0
2001-04-02 00:00:00-04:00,7.687108270497961,7.834678718530714,7.665643109587845,7.764918327331543,149400,0.0,0.0
2001-04-03 00:00:00-04:00,7.754190779694454,7.794437752229896,7.687113259779608,7.727359771728516,150840,0.0,0.0
2001-04-04 00:00:00-04:00,7.933956087470409,7.974202121287128,7.71394090477712,7.888342380523682,219060,0.0,0.0
2001-04-05 00:00:00-04:00,7.9420073603902095,7.995669366888077,7.874929391681422,7.955422401428223,163440,0.0,0.0
2001-04-06 00:00:00-04:00,7.952737202188084,7.966152238597839,7.8239480625569735,7.850779056549072,121860,0.0,0.0
2001-04-09 00:00:00-04:00,8.01176575182469,8.132505696396708,8.01176575182469,8.054696083068848,270720,0.0,0.0
2001-04-10 00:00:00-04:00,7.990300442106663,8.183485086876166,7.942005202086944,7.992983818054199,257040,0.0,0.0
2001-04-11 00:00:00-04:00,7.848096874229441,7.848096874229441,7.700525463659663,7.8078508377075195,198720,0.0,0.0
2001-04-12 00:00:00-04:00,7.853464220613113,8.04933229455885,7.853464220613113,7.955422401428223,217080,0.0,0.0
2001-04-16 00:00:00-04:00,7.968838067069723,8.049331994993755,7.88834413914569,7.942007064819336,221040,0.0,0.0
2001-04-17 00:00:00-04:00,7.9822530466354324,8.049331004594485,7.9822530466354324,8.022499084472656,198540,0.0,0.0
2001-04-18 00:00:00-04:00,8.009082794189453,8.035914713204976,7.877611181111546,8.009082794189453,415080,0.0,0.0
2001-04-19 00:00:00-04:00,7.942007064819336,7.955422105358093,7.89102751572259,7.942007064819336,113040,0.0,0.0
2001-04-20 00:00:00-04:00,7.882977205021556,7.9554209930863,7.807850961927826,7.874927997589111,138420,0.0,0.0
2001-04-23 00:00:00-04:00,7.942008678824095,8.02250170193335,7.848099691276769,7.928593635559082,297360,0.0,0.0
2001-04-24 00:00:00-04:00,7.99566906932011,8.022500071570496,7.915176062568949,7.942007064819336,147060,0.0,0.0
2001-04-25 00:00:00-04:00,7.959241593210699,8.00026798248291,7.945565504097389,8.00026798248291,273780,0.31278,0.0
2001-04-26 00:00:00-04:00,8.016676000588308,8.178048918068216,8.016676000588308,8.112405776977539,206640,0.0,0.0
2001-04-27 00:00:00-04:00,8.383184828515583,8.39685997471144,8.328482365664968,8.369508743286133,309420,0.0,0.0
2001-04-30 00:00:00-04:00,8.353097755574424,8.396859535760523,8.260103385782998,8.306600570678711,233640,0.0,0.0
2001-05-01 00:00:00-04:00,8.328483621212612,8.533617418310248,8.328483621212612,8.481650352478027,249120,0.0,0.0
2001-05-02 00:00:00-04:00,8.46523802686444,8.487119386336227,8.410534628184976,8.451562881469727,194040,0.0,0.0
2001-05-03 00:00:00-04:00,8.424210740021522,8.426946144722779,8.254632551147296,8.287453651428223,204840,0.0,0.0
2001-05-04 00:00:00-04:00,8.369509327525936,8.489854942004822,8.36677392248238,8.478914260864258,196380,0.0,0.0
2001-05-07 00:00:00-04:00,8.440622416570438,8.440622416570438,8.281984886297383,8.295660972595215,202500,0.0,0.0
2001-05-08 00:00:00-04:00,8.260101318359375,8.260101318359375,8.20539887205986,8.260101318359375,224820,0.0,0.0
2001-05-09 00:00:00-04:00,8.19445980109501,8.216341162024317,8.137022871964371,8.205401420593262,117540,0.0,0.0
2001-05-10 00:00:00-04:00,8.369506194857962,8.435149318097764,8.355830113792738,8.424208641052246,183420,0.0,0.0
2001-05-11 00:00:00-04:00,8.424212019766777,8.443357977517014,8.328483170049283,8.342158317565918,102600,0.0,0.0
2001-05-14 00:00:00-04:00,8.396857277482852,8.465235803598446,8.383182135679707,8.416003227233887,119880,0.0,0.0
2001-05-15 00:00:00-04:00,8.454298415869012,8.506266416425595,8.407801225388729,8.440622329711914,106740,0.0,0.0
2001-05-16 00:00:00-04:00,8.467973429358786,8.719605307084862,8.467973429358786,8.711400032043457,175860,0.0,0.0
2001-05-17 00:00:00-04:00,8.60199475803917,8.615670843392822,8.437887367996945,8.522676467895508,139860,0.0,0.0
2001-05-18 00:00:00-04:00,8.560969756999993,8.5801157161544,8.484385920382364,8.566439628601074,124380,0.0,0.0
2001-05-21 00:00:00-04:00,8.566438940807778,8.574645156101154,8.492590515436802,8.525412559509277,207000,0.0,0.0
2001-05-22 00:00:00-04:00,8.43788472211747,8.50626324937698,8.385916740909586,8.424208641052246,313740,0.0,0.0
2001-05-23 00:00:00-04:00,8.437889371663449,8.519943086169087,8.28745615318571,8.454299926757812,215100,0.0,0.0
2001-05-24 00:00:00-04:00,8.451564232060516,8.49259061383436,8.399596229768733,8.437888145446777,189900,0.0,0.0
2001-05-25 00:00:00-04:00,8.355831146240234,8.383183311750319,8.219075013856918,8.355831146240234,222300,0.0,0.0
2001-05-29 00:00:00-04:00,8.265571171475498,8.43788472211747,8.257365898449686,8.424208641052246,147600,0.0,0.0
2001-05-30 00:00:00-04:00,8.432417070292106,8.53908753762053,8.424211794195097,8.478914260864258,151560,0.0,0.0
2001-05-31 00:00:00-04:00,8.481647924314514,8.533614975269378,8.45703210107802,8.506264686584473,104040,0.0,0.0
2001-06-01 00:00:00-04:00,8.517206762299907,8.588320725097537,8.489855527080424,8.569174766540527,148140,0.0,0.0
2001-06-04 00:00:00-04:00,8.64302020991192,8.65669535328089,8.593788566943548,8.618404388427734,107820,0.0,0.0
2001-06-05 00:00:00-04:00,8.697724886652292,8.793453721491051,8.68951867257735,8.711400032043457,147060,0.0,0.0
2001-06-06 00:00:00-04:00,8.727809893693951,8.793453027880934,8.708663940429688,8.708663940429688,97380,0.0,0.0
2001-06-07 00:00:00-04:00,8.766103511731613,8.867303167729634,8.766103511731613,8.845422744750977,165060,0.0,0.0
2001-06-08 00:00:00-04:00,8.845420476651338,8.845420476651338,8.711398812000043,8.714134216308594,111060,0.0,0.0
2001-06-11 00:00:00-04:00,8.716875345368644,8.766107021054705,8.708669127053613,8.733285903930664,157680,0.0,0.0
2001-06-12 00:00:00-04:00,8.755159658772241,8.820803721026614,8.711397889635963,8.752425193786621,289440,0.0,0.0
2001-06-13 00:00:00-04:00,8.831746091576058,8.8755088127903,8.766102948788278,8.812600135803223,175140,0.0,0.0
2001-06-14 00:00:00-04:00,8.80986611004958,8.867303986359305,8.785250279788439,8.837218284606934,131580,0.0,0.0
2001-06-15 00:00:00-04:00,8.867303986359305,8.957563908717619,8.752429172773585,8.837218284606934,527580,0.0,0.0
2001-06-18 00:00:00-04:00,8.793453516982279,8.861832059448433,8.722340508921608,8.848155975341797,235800,0.0,0.0
2001-06-19 00:00:00-04:00,8.894655227661133,8.943887822051506,8.889184417710183,8.894655227661133,143280,0.0,0.0
2001-06-20 00:00:00-04:00,8.998587154414846,9.154489220166322,8.998587154414846,9.118932723999023,151560,0.0,0.0
2001-06-21 00:00:00-04:00,9.12714239018481,9.26663397700541,9.12714239018481,9.190051078796387,148140,0.0,0.0
2001-06-22 00:00:00-04:00,9.217397970849984,9.247484601370914,9.18457687503327,9.2146635055542,315900,0.0,0.0
2001-06-25 00:00:00-04:00,9.326805658161208,9.463561816150717,9.258427109649654,9.34048080444336,227160,0.0,0.0
2001-06-26 00:00:00-04:00,9.340479735079786,9.477236816445982,9.272101194396686,9.370566368103027,355140,0.0,0.0
2001-06-27 00:00:00-04:00,9.449887948140816,9.490915270604171,9.403390754231417,9.414331436157227,201600,0.0,0.0
2001-06-28 00:00:00-04:00,9.381507235261623,9.469031731528267,9.345950731446068,9.436210632324219,217080,0.0,0.0
2001-06-29 00:00:00-04:00,9.381507235261623,9.463560922305252,9.337745456645056,9.436210632324219,147420,0.0,0.0
2001-07-02 00:00:00-04:00,9.43347338180361,9.589375450583484,9.43347338180361,9.531937599182129,254340,0.0,0.0
2001-07-03 00:00:00-04:00,9.384241132999975,9.430738308761772,9.302186520098745,9.42253303527832,251640,0.0,0.0
2001-07-05 00:00:00-04:00,9.26663317129875,9.324071044236781,9.200990022088668,9.2748384475708,316260,0.0,0.0
2001-07-06 00:00:00-04:00,9.307658636533331,9.384242451853044,9.299453361896719,9.370566368103027,141300,0.0,0.0
2001-07-09 00:00:00-04:00,9.43621254746278,9.531941398925698,9.433477142296105,9.49364948272705,181260,0.0,0.0
2001-07-10 00:00:00-04:00,9.463561596420158,9.515529592573067,9.411594539300827,9.438945770263672,139140,0.0,0.0
2001-07-11 00:00:00-04:00,9.463561576288692,9.463561576288692,9.354156652670046,9.400653839111328,233460,0.0,0.0
2001-07-12 00:00:00-04:00,9.217397217104274,9.29945182800293,9.162694769194061,9.29945182800293,219240,0.0,0.0
2001-07-13 00:00:00-04:00,9.031412174708727,9.165433883666992,8.971238894228037,9.165433883666992,308700,0.0,0.0
2001-07-16 00:00:00-04:00,9.140815352553801,9.252954725703393,9.121669399789214,9.192782402038574,221220,0.0,0.0
2001-07-17 00:00:00-04:00,9.181844199841606,9.280309394625576,9.17910879469936,9.244752883911133,135540,0.0,0.0
2001-07-18 00:00:00-04:00,9.236544782839694,9.33227549197164,9.236544782839694,9.3021879196167,138600,0.0,0.0
2001-07-19 00:00:00-04:00,9.370568708453986,9.430741989529078,9.354158155082134,9.414331436157227,195480,0.0,0.0
2001-07-20 00:00:00-04:00,9.438943003244624,9.47723490317408,9.340477849416509,9.389710426330566,153180,0.0,0.0
2001-07-23 00:00:00-04:00,9.389713809959353,9.40885976682342,9.318600792483473,9.32680606842041,166500,0.0,0.0
2001-07-24 00:00:00-04:00,9.321332243747014,9.395180642329134,9.285775746508708,9.29945182800293,247680,0.0,0.0
2001-07-25 00:00:00-04:00,9.29945174767547,9.38150541883202,9.277570393087059,9.367830276489258,190980,0.0,0.0
2001-07-26 00:00:00-04:00,9.217399792736003,9.36783297507486,9.217399792736003,9.34048080444336,167220,0.0,0.0
2001-07-27 00:00:00-04:00,9.272099584923293,9.38150541883202,9.198251186979064,9.367830276489258,226260,0.0,0.0
2001-07-30 00:00:00-04:00,9.384245042819346,9.400655596623485,9.335012442373179,9.354158401489258,152820,0.0,0.0
2001-07-31 00:00:00-04:00,9.39518031089497,9.477234918898981,9.34868407694154,9.408856391906738,870300,0.0,0.0
2001-08-01 00:00:00-04:00,9.414330594319615,9.441681827171507,9.340481232682503,9.365097999572754,203220,0.0,0.0
2001-08-02 00:00:00-04:00,9.425268618110861,9.490912691829578,9.354155613465789,9.46903133392334,311040,0.0,0.0
2001-08-03 00:00:00-04:00,9.310394032259126,9.36783189369443,9.285777269339144,9.332275390625,182340,0.0,0.0
2001-08-06 00:00:00-04:00,9.195518304493834,9.217398723814574,9.124404359359339,9.129874229431152,485640,0.0,0.0
2001-08-07 00:00:00-04:00,9.12713968437759,9.231074727104243,9.124404279848777,9.217398643493652,260820,0.0,0.0
2001-08-08 00:00:00-04:00,9.107993544215839,9.206458714901826,9.107993544215839,9.132609367370605,335700,0.0,0.0
2001-08-09 00:00:00-04:00,9.217397217104274,9.340478194418921,9.162694769194061,9.29945182800293,750780,0.0,0.0
2001-08-10 00:00:00-04:00,9.31312963224202,9.463560922305252,9.31312963224202,9.436210632324219,205020,0.0,0.0
2001-08-13 00:00:00-04:00,9.39244912971308,9.477238232336822,9.381508448885238,9.433476448059082,409320,0.0,0.0
2001-08-14 00:00:00-04:00,9.367829778119043,9.482704536013525,9.367829778119043,9.430737495422363,211140,0.0,0.0
2001-08-15 00:00:00-04:00,9.499119354026702,9.548351951858347,9.46356284299473,9.49364948272705,144180,0.0,0.0
2001-08-16 00:00:00-04:00,9.534678467441056,9.605791501910847,9.512797100357798,9.572970390319824,202320,0.0,0.0
2001-08-17 00:00:00-04:00,9.54561502972105,9.564760982894287,9.449885263854876,9.51826286315918,134460,0.0,0.0
2001-08-20 00:00:00-04:00,9.518263065076262,9.605787558443971,9.4881773714802,9.603053092956543,277020,0.0,0.0
2001-08-21 00:00:00-04:00,9.545612229374127,9.652282642765012,9.531936150105272,9.575698852539062,154440,0.0,0.0
2001-08-22 00:00:00-04:00,9.572963233079902,9.655016889743786,9.449882278567493,9.490909576416016,795240,0.0,0.0
2001-08-23 00:00:00-04:00,9.479976488284324,9.548354120713187,9.326808788698557,9.3760404586792,980640,0.0,0.0
2001-08-24 00:00:00-04:00,9.62766828069007,9.701517624642864,9.5729658280856,9.676900863647461,560160,0.0,0.0
2001-08-27 00:00:00-04:00,9.627666349014023,9.676898922093486,9.572963907384942,9.638607025146484,279900,0.0,0.0
2001-08-28 00:00:00-04:00,9.572970113312953,9.575705518877674,9.512796825092122,9.537413597106934,469080,0.0,0.0
2001-08-29 00:00:00-04:00,9.477238335975601,9.477238335975601,9.315865404825892,9.365097999572754,475200,0.0,0.0
2001-08-30 00:00:00-04:00,9.272100056234406,9.313128302448181,9.21739760601612,9.285776138305664,856620,0.0,0.0
2001-08-31 00:00:00-04:00,9.436208553930276,9.455354503926772,9.299451499945794,9.408856391906738,785520,0.0,0.0
2001-09-04 00:00:00-04:00,9.244752883911133,9.362363097589753,9.231076797233591,9.244752883911133,706860,0.0,0.0
2001-09-05 00:00:00-04:00,9.222868025315297,9.307657101286127,9.198251266432367,9.29945182800293,619920,0.0,0.0
2001-09-06 00:00:00-04:00,9.21466417799832,9.239280001657205,9.176372270728843,9.217398643493652,507960,0.0,0.0
2001-09-07 00:00:00-04:00,9.094318218930137,9.094318218930137,8.943886923956283,9.028675079345703,298080,0.0,0.0
2001-09-10 00:00:00-04:00,8.839951067422383,9.039614933609462,8.826274984200833,8.998588562011719,280800,0.0,0.0
2001-09-17 00:00:00-04:00,9.097053698255987,9.203724153093312,9.066968002434539,9.162696838378906,536580,0.0,0.0
2001-09-18 00:00:00-04:00,8.943885702124097,9.091582511253698,8.943885702124097,9.012263298034668,300600,0.0,0.0
2001-09-19 00:00:00-04:00,9.025939186575563,9.146285718500684,8.8618318160052,8.889183044433594,380160,0.0,0.0
2001-09-20 00:00:00-04:00,8.566438861380492,8.820807118241092,8.566438861380492,8.689519882202148,239760,0.0,0.0
2001-09-21 00:00:00-04:00,8.20540019487489,8.478912470466133,8.1917241115786,8.429680824279785,474120,0.0,0.0
2001-09-24 00:00:00-04:00,8.273776255328075,8.301127477799854,8.046760263682355,8.175312042236328,719280,0.0,0.0
2001-09-25 00:00:00-04:00,7.644701023885237,7.808808940568573,7.617349782690842,7.778722763061523,920160,0.0,0.0
2001-09-26 00:00:00-04:00,7.863508598629663,7.956503437060936,7.795130054768926,7.931886672973633,223200,0.0,0.0
2001-09-27 00:00:00-04:00,7.901801585298747,8.095996575192121,7.901801585298747,8.060440063476562,257220,0.0,0.0
2001-09-28 00:00:00-04:00,8.123346786625154,8.295660391117861,8.123346786625154,8.205401420593262,264420,0.0,0.0
2001-10-01 00:00:00-04:00,7.926416626453747,8.000265039007111,7.926416626453747,7.986588954925537,135180,0.0,0.0
2001-10-02 00:00:00-04:00,7.9592404275484725,8.167109627163416,7.9592404275484725,8.13702392578125,174780,0.0,0.0
2001-10-03 00:00:00-04:00,8.232750409845039,8.383183568626366,8.232750409845039,8.314805030822754,298440,0.0,0.0
2001-10-04 00:00:00-04:00,8.396857434108165,8.421474192266263,8.219074014118084,8.260101318359375,248040,0.0,0.0
2001-10-05 00:00:00-04:00,8.42421167179003,8.5390874135463,8.42421167179003,8.470709800720215,189360,0.0,0.0
2001-10-08 00:00:00-04:00,8.342155190391027,8.413268184500657,8.342155190391027,8.344890594482422,179280,0.0,0.0
2001-10-09 00:00:00-04:00,8.416004167221487,8.45156160575433,8.3284806206126,8.396858215332031,193140,0.0,0.0
2001-10-10 00:00:00-04:00,8.287453624464868,8.506265341115656,8.287453624464868,8.451562881469727,175680,0.0,0.0
2001-10-11 00:00:00-04:00,8.271043861613045,8.271043861613045,8.095995786278348,8.164373397827148,181980,0.0,0.0
2001-10-12 00:00:00-04:00,8.16163934313267,8.210871939593948,8.104201470433456,8.1506986618042,175140,0.0,0.0
2001-10-15 00:00:00-04:00,8.178048638137115,8.191724722453262,8.076848994718333,8.09599494934082,170820,0.0,0.0
2001-10-16 00:00:00-04:00,7.830685506960918,7.98658758006524,7.767777315178757,7.961971759796143,316080,0.0,0.0
2001-10-17 00:00:00-04:00,7.877184948731265,7.931887413312205,7.849833246923984,7.8908610343933105,177300,0.0,0.0
2001-10-18 00:00:00-04:00,7.888124166522425,8.000264479825892,7.863507874219615,7.9537672996521,370260,0.0,0.0
2001-10-19 00:00:00-04:00,7.792394946395081,8.02214545889071,7.765043247748691,7.986588954925537,244800,0.0,0.0
2001-10-22 00:00:00-04:00,7.940093759217755,8.054969513740218,7.89359656415396,8.038558959960938,192600,0.0,0.0
2001-10-23 00:00:00-04:00,7.89632561013465,7.91547155380249,7.822477238568123,7.91547155380249,198000,0.0,0.0
2001-10-24 00:00:00-04:00,7.792397635235984,7.863511137221476,7.718549197200515,7.800602912902832,261180,0.0,0.0
2001-10-25 00:00:00-04:00,7.548968672863197,7.765044062996401,7.546233737469797,7.718547344207764,224820,0.0,0.0
2001-10-26 00:00:00-04:00,7.797865378552423,7.9729139043803885,7.797865378552423,7.918210506439209,271440,0.0,0.0
2001-10-29 00:00:00-05:00,7.901800087799772,7.904535492500639,7.74042764353555,7.7677788734436035,152280,0.0,0.0
2001-10-30 00:00:00-05:00,7.767779875293859,7.819747406628386,7.6857257054699835,7.72401762008667,156780,0.0,0.0
2001-10-31 00:00:00-05:00,7.931886278964685,8.013940903134996,7.931886278964685,7.945562362670898,177300,0.0,0.0
2001-11-01 00:00:00-05:00,8.013944625854492,8.082323198082504,7.959242143685652,8.013944625854492,150300,0.0,0.0
2001-11-02 00:00:00-05:00,8.260099942270363,8.29839183610746,8.235483188213287,8.254629135131836,190080,0.0,0.0
2001-11-05 00:00:00-05:00,8.303864426281047,8.462501921737351,8.303864426281047,8.429680824279785,252720,0.0,0.0
2001-11-06 00:00:00-05:00,8.407801506123501,8.476180061124822,8.342158356251666,8.437888145446777,205200,0.0,0.0
2001-11-07 00:00:00-05:00,8.437887880379217,8.560968899901656,8.418741923141644,8.478914260864258,249660,0.0,0.0
2001-11-08 00:00:00-05:00,8.591055137195973,8.643022196395433,8.451563571991848,8.492589950561523,257040,0.0,0.0
2001-11-09 00:00:00-05:00,8.478912519832637,8.533614975269378,8.424210064395897,8.506264686584473,185040,0.0,0.0
2001-11-12 00:00:00-05:00,8.424209608033717,8.508998691077451,8.369507155560354,8.443355560302734,127980,0.0,0.0
2001-11-13 00:00:00-05:00,8.437886941737151,8.498059272766113,8.39959503152165,8.498059272766113,203400,0.0,0.0
2001-11-14 00:00:00-05:00,8.501464718140804,8.581485353529327,8.435241103361006,8.484908103942871,251280,0.1513,0.0
2001-11-15 00:00:00-05:00,8.457317426615113,8.540096722636047,8.457317426615113,8.512503623962402,222480,0.0,0.0
2001-11-16 00:00:00-05:00,8.639428880221718,8.691856413796758,8.567687036456805,8.653225898742676,322380,0.0,0.0
2001-11-19 00:00:00-05:00,8.65046765345816,8.719449907245592,8.617355375876935,8.664263725280762,190080,0.0,0.0
2001-11-20 00:00:00-05:00,8.650468907993213,8.733247245608183,8.60907784451103,8.705655097961426,217620,0.0,0.0
2001-11-21 00:00:00-05:00,8.760835712156284,8.774632724536,8.697370781481043,8.769113540649414,184860,0.0,0.0
2001-11-23 00:00:00-05:00,8.6780593679194,8.81602576334539,8.6780593679194,8.777395248413086,108000,0.0,0.0
2001-11-26 00:00:00-05:00,8.829825634268817,8.956753698046795,8.829825634268817,8.862936973571777,283860,0.0,0.0
2001-11-27 00:00:00-05:00,8.802230010918747,8.802230010918747,8.6918576365725,8.733246803283691,341280,0.0,0.0
2001-11-28 00:00:00-05:00,8.636669772162119,8.722208629870044,8.61735451566881,8.633910179138184,250380,0.0,0.0
2001-11-29 00:00:00-05:00,8.76912241105403,8.816030784856425,8.722214037251636,8.81051254272461,253620,0.0,0.0
2001-11-30 00:00:00-05:00,8.736006290552076,8.992623857725695,8.736006290552076,8.934678077697754,474300,0.0,0.0
2001-12-03 00:00:00-05:00,8.89880867186516,9.022978086381068,8.873974220559505,8.970550537109375,306360,0.0,0.0
2001-12-04 00:00:00-05:00,8.793953417484676,8.871213513695077,8.771878562946085,8.860176086425781,487440,0.0,0.0
2001-12-05 00:00:00-05:00,8.678058193248283,8.868452096312126,8.664262123975433,8.829821586608887,444240,0.0,0.0
2001-12-06 00:00:00-05:00,8.697373112422962,8.854654737954982,8.697373112422962,8.827061653137207,380340,0.0,0.0
2001-12-07 00:00:00-05:00,8.59804208995259,8.609078571007691,8.518021444609813,8.587004661560059,352620,0.0,0.0
2001-12-10 00:00:00-05:00,8.415922797569023,8.52629608048779,8.410403612387752,8.498702049255371,297180,0.0,0.0
2001-12-11 00:00:00-05:00,8.47111194635227,8.553891227168725,8.415925759141299,8.42972183227539,253260,0.0,0.0
2001-12-12 00:00:00-05:00,8.64770728616001,8.678059020388037,8.551131002696852,8.603557586669922,293220,0.0,0.0
2001-12-13 00:00:00-05:00,8.719448517186539,8.755319435011396,8.636669257436006,8.691855430603027,259920,0.0,0.0
2001-12-14 00:00:00-05:00,8.76359961641378,8.816027158118045,8.691857761524833,8.74980354309082,255060,0.0,0.0
2001-12-17 00:00:00-05:00,8.802229204943263,8.967788698640492,8.78015530049759,8.88224983215332,229500,0.0,0.0
2001-12-18 00:00:00-05:00,9.009178902289229,9.07816210432293,8.923640034915353,9.02297592163086,414720,0.0,0.0
2001-12-19 00:00:00-05:00,8.940195787878725,9.08368043268674,8.904324863511029,9.07816219329834,424620,0.0,0.0
2001-12-20 00:00:00-05:00,9.078162961792325,9.133349149696954,9.006420159646453,9.053328514099121,292500,0.0,0.0
2001-12-21 00:00:00-05:00,9.091959171836553,9.265796518954115,9.091959171836553,9.202332496643066,233280,0.0,0.0
2001-12-24 00:00:00-05:00,9.205093884402194,9.210612125984163,9.138870248730512,9.185778617858887,148500,0.0,0.0
2001-12-26 00:00:00-05:00,9.188536350472129,9.216129447466086,9.136108803047417,9.147147178649902,116460,0.0,0.0
2001-12-27 00:00:00-05:00,9.24372588808779,9.354098315987379,9.196817511496688,9.260281562805176,176040,0.0,0.0
2001-12-28 00:00:00-05:00,9.249241732261284,9.285112663619687,9.147147178649902,9.147147178649902,140400,0.0,0.0
2001-12-31 00:00:00-05:00,9.13335039009226,9.229925758372556,9.13335039009226,9.180258750915527,74880,0.0,0.0
2002-01-02 00:00:00-05:00,9.243720425699877,9.25751744470314,9.105754025016058,9.207849502563477,201420,0.0,0.0
2002-01-03 00:00:00-05:00,9.138866023420912,9.14990344881936,9.078161604735197,9.127828598022461,96480,0.0,0.0
2002-01-04 00:00:00-05:00,9.036771993635265,9.056087252311212,8.94019570025553,9.02297592163086,201780,0.0,0.0
2002-01-07 00:00:00-05:00,8.940196251148832,8.953993271340632,8.829823878963564,8.926399230957031,210780,0.0,0.0
2002-01-08 00:00:00-05:00,8.909843784721904,8.940196472023926,8.857416243502536,8.912603378295898,211320,0.0,0.0
2002-01-09 00:00:00-05:00,8.89604995390417,8.953995749540292,8.862937664681724,8.915365219116211,212760,0.0,0.0
2002-01-10 00:00:00-05:00,8.827066156008012,8.907085858598181,8.821546967826803,8.87949275970459,191700,0.0,0.0
2002-01-11 00:00:00-05:00,8.827064751955229,8.901566201851304,8.827064751955229,8.860176086425781,352440,0.0,0.0
2002-01-14 00:00:00-05:00,8.840859534462219,8.885009237091989,8.802229018329767,8.857415199279785,173340,0.0,0.0
2002-01-15 00:00:00-05:00,8.912604846367987,8.967791042914238,8.907085658310885,8.940197944641113,146880,0.0,0.0
2002-01-16 00:00:00-05:00,8.953991234174808,8.995380390658996,8.909841537475586,8.909841537475586,146700,0.0,0.0
2002-01-17 00:00:00-05:00,8.942954980288851,9.020216012285921,8.92915796143058,8.981584548950195,302220,0.0,0.0
2002-01-18 00:00:00-05:00,8.940195387049759,9.047809102665276,8.940195387049759,8.981584548950195,578340,0.0,0.0
2002-01-22 00:00:00-05:00,9.053327468848689,9.138866334426185,9.022975732141518,9.083680152893066,194580,0.0,0.0
2002-01-23 00:00:00-05:00,9.122312525757673,9.147146975637249,9.036773642773639,9.075404167175293,542340,0.0,0.0
2002-01-24 00:00:00-05:00,9.080921608051435,9.097478222292676,8.769118793786692,9.053328514099121,139140,0.0,0.0
2002-01-25 00:00:00-05:00,8.896048604688039,8.912604273119578,8.851898892420726,8.904326438903809,145260,0.0,0.0
2002-01-28 00:00:00-05:00,8.788430970494398,8.887765884399414,8.766356124143513,8.887765884399414,196020,0.0,0.0
2002-01-29 00:00:00-05:00,8.80222715628713,8.810505934281796,8.691854817735502,8.69461441040039,295740,0.0,0.0
2002-01-30 00:00:00-05:00,8.7608413177791,8.942956503164574,8.7608413177791,8.885010719299316,279900,0.0,0.0
2002-01-31 00:00:00-05:00,8.898808141134733,9.05056969722808,8.876733285143478,9.028495788574219,314820,0.0,0.0
2002-02-01 00:00:00-05:00,9.127831617743384,9.133350805937084,9.064367584878234,9.105756759643555,145260,0.0,0.0
2002-02-04 00:00:00-05:00,9.091959302824222,9.218888296612311,9.083681469128507,9.133349418640137,201420,0.0,0.0
2002-02-05 00:00:00-05:00,9.160940563053275,9.160940563053275,9.000900268554688,9.000900268554688,267120,0.0,0.0
2002-02-06 00:00:00-05:00,9.028496561325097,9.086441405421212,8.995384274504127,9.003662109375,249840,0.0,0.0
2002-02-07 00:00:00-05:00,9.022976348950047,9.067125107727101,8.981585288964919,8.995382308959961,95400,0.0,0.0
2002-02-08 00:00:00-05:00,8.995382095627573,9.014697354760196,8.940195911630722,9.00917911529541,109260,0.0,0.0
2002-02-11 00:00:00-05:00,9.160940293042112,9.19681121280852,9.116791541586311,9.177495956420898,553860,0.0,0.0
2002-02-12 00:00:00-05:00,9.282351527140028,9.312704212990473,9.221647102776398,9.243721008300781,380700,0.0,0.0
2002-02-13 00:00:00-05:00,9.447911109790095,9.469985962840672,9.384446144104004,9.384446144104004,293220,0.0,0.0
2002-02-14 00:00:00-05:00,9.257517443567219,9.354092787229401,9.257517443567219,9.293388366699219,165060,0.0,0.0
2002-02-15 00:00:00-05:00,9.312708583230274,9.417562762522843,9.312708583230274,9.36513614654541,221040,0.0,0.0
2002-02-19 00:00:00-05:00,9.194052544014394,9.298906668182157,9.174737285685142,9.216127395629883,181080,0.0,0.0
2002-02-20 00:00:00-05:00,9.232686305534806,9.36513451443995,9.20509320498635,9.359615325927734,274320,0.0,0.0
2002-02-21 00:00:00-05:00,9.356855233659049,9.503099511385894,9.356855233659049,9.37893009185791,187560,0.0,0.0
2002-02-22 00:00:00-05:00,9.395483661565015,9.566560441432836,9.378927049617587,9.525171279907227,298620,0.0,0.0
2002-02-25 00:00:00-05:00,9.505858001727068,9.505858001727068,9.337538885345655,9.447912216186523,399420,0.0,0.0
2002-02-26 00:00:00-05:00,9.337536287356343,9.34029588037734,9.216126509814957,9.309943199157715,113220,0.0,0.0
2002-02-27 00:00:00-05:00,9.345815408080526,9.420316843674131,9.229922917670144,9.312703132629395,816480,0.0,0.0
2002-02-28 00:00:00-05:00,9.298908612451957,9.365133181145044,9.216129322591708,9.26303768157959,524340,0.0,0.0
2002-03-01 00:00:00-05:00,9.18853427248589,9.340296745300293,9.18853427248589,9.340296745300293,144900,0.0,0.0
2002-03-04 00:00:00-05:00,9.298909706458213,9.378930359206976,9.243723506725452,9.32650375366211,165960,0.0,0.0
2002-03-05 00:00:00-05:00,9.312702141749151,9.340295228020587,9.257515969206278,9.265793800354004,132480,0.0,0.0
2002-03-06 00:00:00-05:00,9.229922431795877,9.378926242476497,9.229922431795877,9.33201789855957,124560,0.0,0.0
2002-03-07 00:00:00-05:00,9.13334827428624,9.202331476223803,9.07264290500723,9.194052696228027,237780,0.0,0.0
2002-03-08 00:00:00-05:00,9.213372558882691,9.240966611316493,9.07816662811309,9.122315406799316,286020,0.0,0.0
2002-03-11 00:00:00-05:00,9.064366208059393,9.133349418640137,9.025735685921164,9.133349418640137,187920,0.0,0.0
2002-03-12 00:00:00-05:00,9.13334898418444,9.25199919129551,9.06712537043151,9.160942077636719,262980,0.0,0.0
2002-03-13 00:00:00-05:00,9.130588529791371,9.31270368727614,9.119551103983627,9.216127395629883,167760,0.0,0.0
2002-03-14 00:00:00-05:00,9.232684159276419,9.290630888496501,9.216128492263435,9.279592514038086,363060,0.0,0.0
2002-03-15 00:00:00-05:00,9.105755516645397,9.235444106106648,9.050569326266606,9.196813583374023,772020,0.0,0.0
2002-03-18 00:00:00-05:00,9.14162525383886,9.171977935645822,9.094716908259787,9.163700103759766,209520,0.0,0.0
2002-03-19 00:00:00-05:00,9.340295571300706,9.36788865858626,9.188533117561617,9.268553733825684,421560,0.0,0.0
2002-03-20 00:00:00-05:00,9.298907936563609,9.343057645816659,9.235443913684023,9.257518768310547,132120,0.0,0.0
2002-03-21 00:00:00-05:00,9.254759605083866,9.26027784532848,9.17749855763498,9.229925155639648,130140,0.0,0.0
2002-03-22 00:00:00-05:00,9.191293558694957,9.22992312658993,9.127828599478045,9.213367462158203,238320,0.0,0.0
2002-03-25 00:00:00-05:00,9.160942207914143,9.160942207914143,9.080921572628455,9.091958999633789,655740,0.0,0.0
2002-03-26 00:00:00-05:00,8.898807305100538,8.948474305408602,8.840860576733181,8.912603378295898,687420,0.0,0.0
2002-03-27 00:00:00-05:00,8.807749491068295,8.885010534616029,8.78843423018136,8.860176086425781,209880,0.0,0.0
2002-03-28 00:00:00-05:00,8.873973562393115,8.926400160438972,8.747044563293457,8.747044563293457,236520,0.0,0.0
2002-04-01 00:00:00-05:00,8.802229903821539,8.96502981713757,8.793953017917309,8.934678077697754,164880,0.0,0.0
2002-04-02 00:00:00-05:00,8.871215500152948,8.973311014752333,8.77464012143029,8.915365219116211,286020,0.0,0.0
2002-04-03 00:00:00-05:00,8.854655378508419,8.890526296632759,8.785672187805176,8.785672187805176,158760,0.0,0.0
2002-04-04 00:00:00-05:00,8.818785630484529,8.89880625599809,8.78843294676086,8.857415199279785,349020,0.0,0.0
2002-04-05 00:00:00-05:00,8.901567125909777,8.940197651693822,8.871214434602681,8.898808479309082,165600,0.0,0.0
2002-04-08 00:00:00-04:00,8.771877467913312,8.885009425460485,8.771877467913312,8.88224983215332,167760,0.0,0.0
2002-04-09 00:00:00-04:00,8.890529988814503,8.940197944641113,8.87397431931812,8.940197944641113,197640,0.0,0.0
2002-04-10 00:00:00-04:00,8.965030557147973,9.114034409806619,8.965030557147973,9.08092212677002,170100,0.0,0.0
2002-04-11 00:00:00-04:00,9.10575315560713,9.155421093004545,8.995380803468088,9.006418228149414,252360,0.0,0.0
2002-04-12 00:00:00-04:00,9.149905086031566,9.183017368151766,9.119552397589052,9.133349418640137,107100,0.0,0.0
2002-04-15 00:00:00-04:00,9.183018124611225,9.202333387271452,9.058848714272255,9.061607360839844,186300,0.0,0.0
2002-04-16 00:00:00-04:00,9.155422484634405,9.235443115234375,9.155422484634405,9.235443115234375,175140,0.0,0.0
2002-04-17 00:00:00-04:00,9.229925522294355,9.235444710095598,9.119553134318528,9.147147178649902,183060,0.0,0.0
2002-04-18 00:00:00-04:00,9.260275220651943,9.271313592687283,9.149902868343883,9.177495956420898,149940,0.0,0.0
2002-04-19 00:00:00-04:00,9.298906204378396,9.35133373751594,9.271314062241066,9.282350540161133,120780,0.0,0.0
2002-04-22 00:00:00-04:00,9.392722953671539,9.464464790026769,9.362370273930068,9.376166343688965,221760,0.0,0.0
2002-04-23 00:00:00-04:00,9.508614111379345,9.533448554178225,9.450669288635254,9.450669288635254,300780,0.0,0.0
2002-04-24 00:00:00-04:00,9.345815437126571,9.378926765343458,9.274072647094727,9.274072647094727,220860,0.0,0.0
2002-04-25 00:00:00-04:00,9.38168961200248,9.38168961200248,9.307188150340552,9.32374382019043,231120,0.0,0.0
2002-04-26 00:00:00-04:00,9.602429606163282,9.632782283950858,9.530687774426292,9.58863353729248,671580,0.0,0.0
2002-04-29 00:00:00-04:00,9.740399086746855,9.781789201239555,9.671415878371459,9.745918273925781,420120,0.0,0.0
2002-04-30 00:00:00-04:00,10.038406393688776,10.143260535297676,10.032888153535618,10.085314750671387,350100,0.0,0.0
2002-05-01 00:00:00-04:00,10.292262816787991,10.380561285252217,10.223279608696025,10.306059837341309,412560,0.0,0.0
2002-05-02 00:00:00-04:00,10.212245234130009,10.328135872915038,10.187410781482322,10.292264938354492,189360,0.0,0.0
2002-05-03 00:00:00-04:00,10.292267972282652,10.341935944881518,10.237081757100702,10.317102432250977,195120,0.0,0.0
2002-05-06 00:00:00-04:00,10.28950353059077,10.308818789761714,10.215002087313483,10.261910438537598,130680,0.0,0.0
2002-05-07 00:00:00-04:00,10.388839447441452,10.388839447441452,10.264670059203803,10.308818817138672,383760,0.0,0.0
2002-05-08 00:00:00-04:00,10.242593615453755,10.2922606051636,10.168091236214778,10.264668464660645,275400,0.0,0.0
2002-05-09 00:00:00-04:00,10.231554176831807,10.242591599262603,10.173608419572815,10.209479331970215,622800,0.0,0.0
2002-05-10 00:00:00-04:00,10.38056011049015,10.408154148473981,10.281225173629718,10.319855690002441,237060,0.0,0.0
2002-05-13 00:00:00-04:00,10.49921324315564,10.742032865810934,10.49921324315564,10.678568840026855,239760,0.0,0.0
2002-05-14 00:00:00-04:00,10.237077106635951,10.430229719365842,10.209484011579875,10.372283935546875,644580,0.0,0.0
2002-05-15 00:00:00-04:00,10.397537433952387,10.492954230089882,10.372280641833111,10.414376258850098,560160,0.35,0.0
2002-05-16 00:00:00-04:00,10.425605845801849,10.467700515584799,10.31615777739572,10.431218147277832,338760,0.0,0.0
2002-05-17 00:00:00-04:00,10.386309590725402,10.386309590725402,10.29369945491574,10.383502960205078,666180,0.0,0.0
2002-05-20 00:00:00-04:00,10.310541553782688,10.310541553782688,10.234769250026753,10.265639305114746,142560,0.0,0.0
2002-05-21 00:00:00-04:00,10.142162218688503,10.201095710063399,10.088841027855707,10.133743286132812,961560,0.0,0.0
2002-05-22 00:00:00-04:00,10.19828391659759,10.344214255171254,10.19828391659759,10.330183029174805,219780,0.0,0.0
2002-05-23 00:00:00-04:00,10.257223399074796,10.313351226461046,10.209515468410345,10.279674530029297,160200,0.0,0.0
2002-05-24 00:00:00-04:00,10.35825163731435,10.38631506686022,10.27125375319156,10.285285949707031,371160,0.0,0.0
2002-05-28 00:00:00-04:00,10.324571899647847,10.32737853082044,10.243188267005676,10.27125072479248,132840,0.0,0.0
2002-05-29 00:00:00-04:00,10.26844293703359,10.383503229536647,10.26844293703359,10.330183029174805,208080,0.0,0.0
2002-05-30 00:00:00-04:00,10.434022630936271,10.501375052203407,10.243190931260225,10.411571502685547,412020,0.0,0.0
2002-05-31 00:00:00-04:00,10.442441563159035,10.481730555855282,10.38350807411466,10.411571502685547,173700,0.0,0.0
2002-06-03 00:00:00-04:00,10.453665754903348,10.551888223749101,10.377893447875977,10.377893447875977,192780,0.0,0.0
2002-06-04 00:00:00-04:00,10.397539836862864,10.425604230349883,10.257222686853188,10.299318313598633,180360,0.0,0.0
2002-06-05 00:00:00-04:00,10.299317788401998,10.445248195061632,10.285285592374038,10.411571502685547,251640,0.0,0.0
2002-06-06 00:00:00-04:00,10.355445355820247,10.439636610792592,10.355445355820247,10.391927719116211,196920,0.0,0.0
2002-06-07 00:00:00-04:00,10.313350677490234,10.355445341432823,10.229159422634861,10.313350677490234,191520,0.0,0.0
2002-06-10 00:00:00-04:00,10.38070053818521,10.40876492779708,10.335799249079127,10.338605880737305,159840,0.0,0.0
2002-06-11 00:00:00-04:00,10.349833695552485,10.450861858891681,10.344220431014932,10.366671562194824,201240,0.0,0.0
2002-06-12 00:00:00-04:00,10.335800843764583,10.411572202346338,10.203902624269308,10.313350677490234,324720,0.0,0.0
2002-06-13 00:00:00-04:00,10.2993191328347,10.327382565068879,10.209515571594237,10.209515571594238,323280,0.0,0.0
2002-06-14 00:00:00-04:00,9.906424662278118,9.976583692790834,9.75768863523344,9.91765022277832,459720,0.0,0.0
2002-06-17 00:00:00-04:00,9.93729828398563,10.142162187154002,9.934492615465839,10.130936622619629,180540,0.0,0.0
2002-06-18 00:00:00-04:00,10.116902782337391,10.116902782337391,10.001841498126323,10.074807167053223,164160,0.0,0.0
2002-06-19 00:00:00-04:00,10.024294462032467,10.024294462032467,9.861526197056849,9.914846420288086,362880,0.0,0.0
2002-06-20 00:00:00-04:00,9.920458708445953,10.043937970063686,9.895200951727276,9.990617752075195,350100,0.0,0.0
2002-06-21 00:00:00-04:00,9.934491563073236,9.976586221261577,9.875557114639625,9.889589309692383,183240,0.0,0.0
2002-06-24 00:00:00-04:00,9.864334489733043,9.87275245957112,9.667889500573674,9.816625595092773,343260,0.0,0.0
2002-06-25 00:00:00-04:00,9.844686582420064,9.982197063738008,9.799784335595177,9.850298881530762,430740,0.0,0.0
2002-06-26 00:00:00-04:00,9.92326593810414,9.973780496006057,9.853107846919038,9.962554931640625,323820,0.0,0.0
2002-06-27 00:00:00-04:00,10.018683765668174,10.195484271447429,9.853109789953276,10.125325202941895,250740,0.0,0.0
2002-06-28 00:00:00-04:00,10.23477379993784,10.386317511334227,10.23477379993784,10.24880599975586,311040,0.0,0.0
2002-07-01 00:00:00-04:00,10.355444740406995,10.50698744877503,10.341412544250488,10.341412544250488,204480,0.0,0.0
2002-07-02 00:00:00-04:00,10.313350714366594,10.394734373936659,10.108485840678059,10.237578392028809,233820,0.0,0.0
2002-07-03 00:00:00-04:00,10.201092506124247,10.321765119501936,10.094451121437448,10.18425464630127,320940,0.0,0.0
2002-07-05 00:00:00-04:00,10.12532297036423,10.33299446105957,10.12532297036423,10.33299446105957,131400,0.0,0.0
2002-07-08 00:00:00-04:00,10.436825541465623,10.445244470686516,10.274056364912699,10.344215393066406,149940,0.0,0.0
2002-07-09 00:00:00-04:00,10.375091736575948,10.411574106493395,10.215129093883645,10.23196792602539,208260,0.0,0.0
2002-07-10 00:00:00-04:00,10.004648187150451,10.116902840727843,9.794172036484479,9.850298881530762,707940,0.0,0.0
2002-07-11 00:00:00-04:00,9.93449128713604,10.007456001625831,9.766108805119746,9.867137908935547,625680,0.0,0.0
2002-07-12 00:00:00-04:00,9.791369412422034,9.794176044868445,9.653857911341035,9.70998477935791,358920,0.0,0.0
2002-07-15 00:00:00-04:00,9.625790931287915,9.631404194112864,9.15993636409059,9.499505043029785,335880,0.0,0.0
2002-07-16 00:00:00-04:00,9.317095799217457,9.345159233404999,9.09258736223189,9.16274642944336,357300,0.0,0.0
2002-07-17 00:00:00-04:00,9.54160275390865,9.681920866533076,9.465831397024894,9.513538360595703,761400,0.0,0.0
2002-07-18 00:00:00-04:00,9.555635521326316,9.611762384334531,9.347964972013758,9.404091835021973,419220,0.0,0.0
2002-07-19 00:00:00-04:00,9.347962176706064,9.415314584872656,8.882106655283609,9.331123352050781,1406340,0.0,0.0
2002-07-22 00:00:00-04:00,8.924204576172185,8.946654739944618,8.489219043855796,8.671632766723633,876420,0.0,0.0
2002-07-23 00:00:00-04:00,8.584637078841018,8.64637721280223,8.334871837472427,8.379773139953613,440280,0.0,0.0
2002-07-24 00:00:00-04:00,8.250677872703067,8.626729891525972,8.0879096205102,8.62111759185791,735120,0.0,0.0
2002-07-25 00:00:00-04:00,8.75582242324799,9.02242643839602,8.657600905546113,8.854045867919922,847440,0.0,0.0
2002-07-26 00:00:00-04:00,8.811948210811186,8.882106283916258,8.657598908404335,8.767046928405762,446580,0.0,0.0
2002-07-29 00:00:00-04:00,9.044877035480155,9.14871181085927,9.005588045312116,9.120648384094238,304740,0.0,0.0
2002-07-30 00:00:00-04:00,9.204839895822024,9.204839895822024,9.030846048510774,9.064522743225098,310320,0.0,0.0
2002-07-31 00:00:00-04:00,9.73243238854747,9.914845125306442,9.6566610478075,9.811010360717773,1026900,0.0,0.0
2002-08-01 00:00:00-04:00,9.996231482286232,10.024294911057368,9.63982391357422,9.639823913574219,618300,0.0,0.0
2002-08-02 00:00:00-04:00,10.094454291882881,10.248803636869019,10.0327141684944,10.133743286132812,699300,0.0,0.0
2002-08-05 00:00:00-04:00,10.144966085406637,10.240382885556318,9.90362082571447,9.912039756774902,353520,0.0,0.0
2002-08-06 00:00:00-04:00,10.122516558625353,10.310542575717712,10.108484363654597,10.116904258728027,457200,0.0,0.0
2002-08-07 00:00:00-04:00,10.111290744656772,10.12812860741625,9.796978834560175,10.018680572509766,611280,0.0,0.0
2002-08-08 00:00:00-04:00,10.046748371745116,10.38351055866059,10.046748371745116,10.380703926086426,399420,0.0,0.0
2002-08-09 00:00:00-04:00,10.257222369652585,10.48734306664311,10.237577872910219,10.428409576416016,349920,0.0,0.0
2002-08-12 00:00:00-04:00,10.40315505970921,10.439638392717555,10.2516113529833,10.380703926086426,216900,0.0,0.0
2002-08-13 00:00:00-04:00,10.240384790253112,10.431216499077097,10.201095795673456,10.29651165008545,192600,0.0,0.0
2002-08-14 00:00:00-04:00,10.565922017097622,10.565922017097622,10.260029001611509,10.428409576416016,315540,0.0,0.0
2002-08-15 00:00:00-04:00,10.537854052346473,10.549079612891866,10.377891500672893,10.450857162475586,165240,0.0,0.0
2002-08-16 00:00:00-04:00,10.383509293683414,10.490150720172098,10.341413664140331,10.355445861816406,262800,0.0,0.0
2002-08-19 00:00:00-04:00,10.425605191635144,10.540665554297659,10.361058429542632,10.535053253173828,206460,0.0,0.0
2002-08-20 00:00:00-04:00,10.369476673647279,10.386314537820132,10.231965201437285,10.24319076538086,284400,0.0,0.0
2002-08-21 00:00:00-04:00,10.490148370300995,10.495761633508073,10.234769944987208,10.32176685333252,328140,0.0,0.0
2002-08-22 00:00:00-04:00,10.3273824299494,10.414379357782664,10.268448933983143,10.355445861816406,188280,0.0,0.0
2002-08-23 00:00:00-04:00,10.341412621743734,10.341412621743734,10.150580918889538,10.192676544189453,264600,0.0,0.0
2002-08-26 00:00:00-04:00,10.187062388500014,10.24318923635467,10.001842056306874,10.119709014892578,365580,0.0,0.0
2002-08-27 00:00:00-04:00,10.310544698075175,10.383509429184526,10.234772371211795,10.288093566894531,230940,0.0,0.0
2002-08-28 00:00:00-04:00,10.257223229553482,10.260029861747697,10.038328078562811,10.10848617553711,185940,0.0,0.0
2002-08-29 00:00:00-04:00,10.018682646222695,10.083229405969108,9.990620178138357,10.03271484375,195120,0.0,0.0
2002-08-30 00:00:00-04:00,10.173034422242466,10.293707098927545,10.13935772144425,10.23196792602539,163620,0.0,0.0
2002-09-03 00:00:00-04:00,10.074808588886304,10.074808588886304,9.864332409731123,9.881170272827148,184320,0.0,0.0
2002-09-04 00:00:00-04:00,9.906429124475634,10.083229614150218,9.906429124475634,10.049552917480469,554040,0.0,0.0
2002-09-05 00:00:00-04:00,10.060777669779462,10.265640591938784,10.043938842675761,10.215126037597656,488700,0.0,0.0
2002-09-06 00:00:00-04:00,10.341412282045837,10.341412282045837,10.198288509606565,10.24319076538086,289260,0.0,0.0
2002-09-09 00:00:00-04:00,10.265642332311446,10.279674530029297,10.187065300940993,10.279674530029297,365940,0.0,0.0
2002-09-10 00:00:00-04:00,10.341411941707984,10.344218573472764,10.17303137855087,10.215126037597656,284580,0.0,0.0
2002-09-11 00:00:00-04:00,10.383509292997754,10.383509292997754,10.274061234284053,10.276867866516113,92880,0.0,0.0
2002-09-12 00:00:00-04:00,10.347024933762734,10.358250497042347,10.116904258728027,10.116904258728027,244980,0.0,0.0
2002-09-13 00:00:00-04:00,10.136549886629348,10.257222537532456,10.10006656102137,10.130936622619629,174780,0.0,0.0
2002-09-16 00:00:00-04:00,10.097262049061413,10.178645715158591,10.057973050433404,10.147775650024414,176580,0.0,0.0
2002-09-17 00:00:00-04:00,10.159000182233507,10.19548254482334,10.015876400429876,10.063584327697754,376020,0.0,0.0
2002-09-18 00:00:00-04:00,10.069194507761745,10.111290125567969,9.920458456684855,10.046744346618652,216540,0.0,0.0
2002-09-19 00:00:00-04:00,9.906426641107664,10.049550398233874,9.892394446808273,9.923264503479004,197100,0.0,0.0
2002-09-20 00:00:00-04:00,9.962556084207678,9.962556084207678,9.782949924037316,9.82223892211914,300960,0.0,0.0
2002-09-23 00:00:00-04:00,10.136550768864703,10.327382492102892,10.094455139068275,10.28248119354248,435420,0.0,0.0
2002-09-24 00:00:00-04:00,10.212321242880032,10.23757804046857,10.119711058085255,10.130936622619629,387180,0.0,0.0
2002-09-25 00:00:00-04:00,10.27125408657745,10.338607475855786,10.144968167779489,10.313350677490234,237060,0.0,0.0
2002-09-26 00:00:00-04:00,10.31335136107432,10.380702827846616,10.276868031925778,10.369478225708008,370440,0.0,0.0
2002-09-27 00:00:00-04:00,10.299319311707617,10.313351509810989,10.100067686853757,10.14496898651123,237780,0.0,0.0
2002-09-30 00:00:00-04:00,10.08884124032022,10.29931841258525,9.970975218573315,10.229159355163574,280260,0.0,0.0
2002-10-01 00:00:00-04:00,10.355447768374725,10.627664167436553,10.2796763920349,10.593987464904785,361080,0.0,0.0
2002-10-02 00:00:00-04:00,10.481731274793665,10.650111857768156,10.386315418411101,10.391927719116211,317340,0.0,0.0
2002-10-03 00:00:00-04:00,10.593982452266781,10.689399249216814,10.523823411135972,10.57433795928955,297000,0.0,0.0
2002-10-04 00:00:00-04:00,10.664145970497254,10.664145970497254,10.456476354825313,10.467700958251953,252180,0.0,0.0
2002-10-07 00:00:00-04:00,10.439634438747342,10.58556482505437,10.403151119556911,10.448052406311035,297000,0.0,0.0
2002-10-08 00:00:00-04:00,10.585568104038222,10.585568104038222,10.31335174071082,10.400347709655762,323640,0.0,0.0
2002-10-09 00:00:00-04:00,10.215126563056401,10.215126563056401,10.046745991237913,10.102872848510742,300060,0.0,0.0
2002-10-10 00:00:00-04:00,10.046746910958015,10.248804193728368,10.021489148433519,10.178645133972168,361620,0.0,0.0
2002-10-11 00:00:00-04:00,10.243187905040797,10.386311637513748,10.164609942863157,10.31895923614502,381240,0.0,0.0
2002-10-14 00:00:00-04:00,10.271254767371312,10.383509460123848,10.271254767371312,10.369478225708008,238500,0.0,0.0
2002-10-15 00:00:00-04:00,10.54066722358614,10.624857534687575,10.50979715380335,10.593987464904785,482400,0.0,0.0
2002-10-16 00:00:00-04:00,10.588376925064738,10.658536011068167,10.397544172595989,10.50137996673584,296460,0.0,0.0
2002-10-17 00:00:00-04:00,10.55469158545325,10.608012755525927,10.313346376862226,10.425600051879883,451620,0.0,0.0
2002-10-18 00:00:00-04:00,10.243192134348382,10.386315925915659,10.159000875262215,10.355445861816406,312300,0.0,0.0
2002-10-21 00:00:00-04:00,10.271254705145788,10.616436751173586,10.257223470814951,10.59959888458252,413280,0.0,0.0
2002-10-22 00:00:00-04:00,10.70623869138416,10.70623869138416,10.484536936546638,10.546276092529297,285480,0.0,0.0
2002-10-23 00:00:00-04:00,10.41999362564285,10.453670328331167,10.26283857022001,10.4396390914917,351720,0.0,0.0
2002-10-24 00:00:00-04:00,10.52382537762393,10.52382537762393,10.321768110737953,10.347025871276855,311040,0.0,0.0
2002-10-25 00:00:00-04:00,10.215125198139404,10.38631334247839,10.215125198139404,10.377893447875977,258840,0.0,0.0
2002-10-28 00:00:00-05:00,10.425603872343565,10.425603872343565,10.192676544189453,10.192676544189453,501300,0.0,0.0
2002-10-29 00:00:00-05:00,10.344218913902985,10.347025545760133,10.086034797140863,10.24319076538086,603540,0.0,0.0
2002-10-30 00:00:00-05:00,10.55188641158267,10.737105754813216,10.515404061843935,10.692204475402832,469440,0.0,0.0
2002-10-31 00:00:00-05:00,10.975648734044471,11.071065548246168,10.93355310905799,10.964424133300781,487980,0.0,0.0
2002-11-01 00:00:00-05:00,11.113158618850212,11.124384181471955,11.000904919602592,11.068257331848145,310500,0.0,0.0
2002-11-04 00:00:00-05:00,11.026161671590899,11.048612796750296,10.905488078215258,10.911101341247559,251280,0.0,0.0
2002-11-05 00:00:00-05:00,10.961616405690732,11.101933535811702,10.961616405690732,11.02896785736084,172440,0.0,0.0
2002-11-06 00:00:00-05:00,11.023592509609713,11.068910095649052,10.955615644341814,11.051916122436523,463320,0.20056,0.0
2002-11-07 00:00:00-05:00,11.08023738861084,11.170873513911731,11.05191378178261,11.08023738861084,179820,0.0,0.0
2002-11-08 00:00:00-05:00,11.049079435254546,11.162373845196406,11.017923180795306,11.054743766784668,461160,0.0,0.0
2002-11-11 00:00:00-05:00,11.213359925894668,11.213359925894668,11.097232830764236,11.108562469482422,225360,0.0,0.0
2002-11-12 00:00:00-05:00,11.08873520648342,11.111393510197715,10.989602088928223,10.989602088928223,525420,0.0,0.0
2002-11-13 00:00:00-05:00,10.777175072869245,10.966943359578252,10.771509767344975,10.856480598449707,394560,0.0,0.0
2002-11-14 00:00:00-05:00,10.870644600791604,10.955616417687894,10.8196617051374,10.904633522033691,117360,0.0,0.0
2002-11-15 00:00:00-05:00,10.876310933104554,10.989606385642869,10.805502369238392,10.983941078186035,210240,0.0,0.0
2002-11-18 00:00:00-05:00,10.8111650405458,10.907464547232344,10.731857562414362,10.751684188842773,352620,0.0,0.0
2002-11-19 00:00:00-05:00,10.791337203577786,10.850816103773061,10.714862387062777,10.743185997009277,266580,0.0,0.0
2002-11-20 00:00:00-05:00,10.607232187648766,10.703532655109262,10.553417620945767,10.675209045410156,276300,0.0,0.0
2002-11-21 00:00:00-05:00,10.706361344937461,10.765841195014936,10.64971414650672,10.734684944152832,492120,0.0,0.0
2002-11-22 00:00:00-05:00,10.797001427608718,10.907463213559703,10.797001427608718,10.847984313964844,234540,0.0,0.0
2002-11-25 00:00:00-05:00,10.462783340757271,10.510933583021096,10.380644177380121,10.457118034362793,502020,0.0,0.0
2002-11-26 00:00:00-05:00,10.338154234599921,10.363645183775908,10.19087092594255,10.287171363830566,353520,0.0,0.0
2002-11-27 00:00:00-05:00,10.244687018773481,10.267346291953555,10.145553914132572,10.210699081420898,379800,0.0,0.0
2002-11-29 00:00:00-05:00,10.097402987335025,10.125726590636134,10.054917096174632,10.05774974822998,180360,0.0,0.0
2002-12-02 00:00:00-05:00,10.069082887946923,10.071915540987998,9.924632169119013,10.003938674926758,221760,0.0,0.0
2002-12-03 00:00:00-05:00,10.029425210025842,10.11156336021723,9.998268957573647,10.06907844543457,473400,0.0,0.0
2002-12-04 00:00:00-05:00,10.207866858128158,10.38347380160933,10.196537221062023,10.332490921020508,640800,0.0,0.0
2002-12-05 00:00:00-05:00,10.374977481126097,10.37781013367837,10.24752075770297,10.290005683898926,341100,0.0,0.0
2002-12-06 00:00:00-05:00,10.309833812588954,10.3948056222255,10.247522254262293,10.352319717407227,141840,0.0,0.0
2002-12-09 00:00:00-05:00,10.332489216261589,10.332489216261589,10.162546633143553,10.168211936950684,274680,0.0,0.0
2002-12-10 00:00:00-05:00,10.154050243902928,10.250350680861711,10.105899053006167,10.230524063110352,195120,0.0,0.0
2002-12-11 00:00:00-05:00,10.298504667827393,10.394805140024982,10.298504667827393,10.35798454284668,302940,0.0,0.0
2002-12-12 00:00:00-05:00,10.459947738484821,10.496768329996348,10.374976918284935,10.400467872619629,408420,0.0,0.0
2002-12-13 00:00:00-05:00,10.380639984655767,10.406131908299075,10.312663142302707,10.346651077270508,566640,0.0,0.0
2002-12-16 00:00:00-05:00,10.488272443461915,10.67804169810537,10.488272443461915,10.675209045410156,729000,0.0,0.0
2002-12-17 00:00:00-05:00,10.695035110183841,10.695035110183841,10.37214480959718,10.451451301574707,558180,0.0,0.0
2002-12-18 00:00:00-05:00,10.459949912286417,10.459949912286417,10.139892214509517,10.224863052368164,902340,0.0,0.0
2002-12-19 00:00:00-05:00,10.366481551490148,10.465615658454912,10.312666976974846,10.380643844604492,336060,0.0,0.0
2002-12-20 00:00:00-05:00,10.408968154521423,10.598736459258513,10.408968154521423,10.556251525878906,774180,0.0,0.0
2002-12-23 00:00:00-05:00,10.437286978026101,10.559079344813776,10.437286978026101,10.522258758544922,314640,0.0,0.0
2002-12-24 00:00:00-05:00,10.479778539787263,10.590241330792102,10.44862226823021,10.488275527954102,99180,0.0,0.0
2002-12-26 00:00:00-05:00,10.488274375497321,10.544921605330465,10.40896883718163,10.536425590515137,165240,0.0,0.0
2002-12-27 00:00:00-05:00,10.508092706514104,10.544913279592173,10.383468704794515,10.41745662689209,303120,0.0,0.0
2002-12-30 00:00:00-05:00,10.581742037310324,10.757349014282227,10.581742037310324,10.757349014282227,264960,0.0,0.0
2002-12-31 00:00:00-05:00,10.748850447182914,10.884805137792652,10.706365518008962,10.833822250366211,274860,0.0,0.0
2003-01-02 00:00:00-05:00,10.819658423275044,10.941450805260981,10.819658423275044,10.921624183654785,653040,0.0,0.0
2003-01-03 00:00:00-05:00,10.782840300871612,10.864979458448852,10.774343314297722,10.822493553161621,419940,0.0,0.0
2003-01-06 00:00:00-05:00,10.86214567635769,10.890469286132413,10.808331109511021,10.87064266204834,542880,0.0,0.0
2003-01-07 00:00:00-05:00,10.743186886023246,10.79416977711293,10.678042674997283,10.697869300842285,245700,0.0,0.0
2003-01-08 00:00:00-05:00,10.737518819882153,10.799830356292588,10.706362565468222,10.754512786865234,244440,0.0,0.0
2003-01-09 00:00:00-05:00,10.751679738792292,10.839483194860003,10.683703873364276,10.805495262145996,667980,0.0,0.0
2003-01-10 00:00:00-05:00,10.703530715478017,10.862143678984237,10.70069903571362,10.813993453979492,667620,0.0,0.0
2003-01-13 00:00:00-05:00,10.805498337900511,10.867810862169799,10.77717472843747,10.780006408691406,548820,0.0,0.0
2003-01-14 00:00:00-05:00,10.763011958601574,10.816827494879218,10.726191365179707,10.78567123413086,339300,0.0,0.0
2003-01-15 00:00:00-05:00,10.55908677760148,10.5874104002396,10.482612899236743,10.525097846984863,622800,0.0,0.0
2003-01-16 00:00:00-05:00,10.493935945488792,10.615728332726917,10.465613310450047,10.593070030212402,719460,0.0,0.0
2003-01-17 00:00:00-05:00,10.496770732405329,10.496770732405329,10.383476279542306,10.406135559082031,832500,0.0,0.0
2003-01-21 00:00:00-05:00,10.17671271519548,10.196539341079085,10.083244891697214,10.145556449890137,804960,0.0,0.0
2003-01-22 00:00:00-05:00,10.015264642245905,10.08324246239884,9.955785751342773,9.955785751342773,624600,0.0,0.0
2003-01-23 00:00:00-05:00,9.950123101350226,9.952955754383362,9.71503623762689,9.785845756530762,520380,0.0,0.0
2003-01-24 00:00:00-05:00,10.100238597974219,10.114399917564208,9.828331148701881,9.941625595092773,756360,0.0,0.0
2003-01-27 00:00:00-05:00,9.986943701109833,9.998273340824587,9.740528170089537,9.785845756530762,289800,0.0,0.0
2003-01-28 00:00:00-05:00,10.04075951606375,10.077580116811328,9.910470114474839,10.001106262207031,296100,0.0,0.0
2003-01-29 00:00:00-05:00,9.720698356628418,9.828328440003895,9.641391877044647,9.720698356628418,341640,0.0,0.0
2003-01-30 00:00:00-05:00,9.819830034788316,9.87930989175709,9.737691879272461,9.737691879272461,401580,0.0,0.0
2003-01-31 00:00:00-05:00,9.737691585974101,10.018095922940116,9.737691585974101,9.98410701751709,358560,0.0,0.0
2003-02-03 00:00:00-05:00,9.859485186204541,9.93879167755397,9.848156520941153,9.899139404296875,284760,0.0,0.0
2003-02-04 00:00:00-05:00,9.785846367315244,9.794343354527202,9.601741412190687,9.698042869567871,368640,0.0,0.0
2003-02-05 00:00:00-05:00,9.763182400944913,9.845321525270224,9.709366877872409,9.76601505279541,326340,0.0,0.0
2003-02-06 00:00:00-05:00,9.613070146673122,9.655555074431518,9.4601214894899,9.52526569366455,268380,0.0,0.0
2003-02-07 00:00:00-05:00,9.56775274019805,9.56775274019805,9.454457316959985,9.488446235656738,191700,0.0,0.0
2003-02-10 00:00:00-05:00,9.346826601498488,9.414804434541283,9.307174324183435,9.392145156860352,585540,0.0,0.0
2003-02-11 00:00:00-05:00,9.43746397153722,9.499776507083658,9.394979035862692,9.42330265045166,357120,0.0,0.0
2003-02-12 00:00:00-05:00,9.346823024412618,9.41763251075302,9.298673779498655,9.389309883117676,441540,0.0,0.0
2003-02-13 00:00:00-05:00,9.65838379369952,9.666880775790792,9.482776904033825,9.630060195922852,510120,0.0,0.0
2003-02-14 00:00:00-05:00,9.78867571380582,10.035091176964384,9.78584306155278,9.887807846069336,395820,0.0,0.0
2003-02-18 00:00:00-05:00,10.026598396301049,10.12573056051178,9.950123567746267,9.975615501403809,422820,0.0,0.0
2003-02-19 00:00:00-05:00,9.941625602818094,9.941625602818094,9.743359349062223,9.768851280212402,220860,0.0,0.0
2003-02-20 00:00:00-05:00,9.884978167716545,9.913301778729226,9.771683723665825,9.783012390136719,223560,0.0,0.0
2003-02-21 00:00:00-05:00,9.904802742745693,10.046421740917012,9.88497612189841,10.015264511108398,687240,0.0,0.0
2003-02-24 00:00:00-05:00,10.040757306812141,10.049254291852172,9.90763528140471,9.9586181640625,691380,0.0,0.0
2003-02-25 00:00:00-05:00,9.825495798120599,9.870813369750977,9.726362698537761,9.870813369750977,462960,0.0,0.0
2003-02-26 00:00:00-05:00,9.85665384982334,9.916134698695416,9.802839279174805,9.802839279174805,365400,0.0,0.0
2003-02-27 00:00:00-05:00,9.794339542192068,9.90196962567951,9.706536078621195,9.870813369750977,269280,0.0,0.0
2003-02-28 00:00:00-05:00,10.066247521151839,10.074744505566573,9.927461173403616,9.955785751342773,571860,0.0,0.0
2003-03-03 00:00:00-05:00,10.088909682724779,10.100239322660311,9.93596197463962,9.944458961486816,295020,0.0,0.0
2003-03-04 00:00:00-05:00,10.193709432135078,10.193709432135078,9.97844914243,10.02093505859375,417060,0.0,0.0
2003-03-05 00:00:00-05:00,10.097408082015082,10.125731699606966,10.049257834867088,10.11156940460205,468180,0.0,0.0
2003-03-06 00:00:00-05:00,10.069081952590816,10.137058812337422,10.015266411898496,10.026597023010254,248220,0.0,0.0
2003-03-07 00:00:00-05:00,9.706536208810371,9.879310486162098,9.658385984426817,9.800004005432129,358200,0.0,0.0
2003-03-10 00:00:00-05:00,9.54509185008305,9.624398341239319,9.508271257022674,9.54226016998291,381060,0.0,0.0
2003-03-11 00:00:00-05:00,9.530932770181758,9.681048802605714,9.530932770181758,9.618736267089844,352440,0.0,0.0
2003-03-12 00:00:00-05:00,9.400641370725703,9.437461964619516,9.261855980478437,9.355323791503906,1162440,0.0,0.0
2003-03-13 00:00:00-05:00,9.635731136064301,9.81700345307799,9.553592937895106,9.791512489318848,624060,0.0,0.0
2003-03-14 00:00:00-05:00,9.740525738871282,9.845323178344369,9.65838660075444,9.746190071105957,433980,0.0,0.0
2003-03-17 00:00:00-05:00,9.712205800497825,10.171050965336097,9.709373146818399,10.091743469238281,428220,0.0,0.0
2003-03-18 00:00:00-05:00,10.261684476752208,10.264517129967292,10.069083506483652,10.122899055480957,437760,0.0,0.0
2003-03-19 00:00:00-05:00,10.270182581610957,10.315501148312569,10.168217751368257,10.258853912353516,701640,0.0,0.0
2003-03-20 00:00:00-05:00,10.281509471387311,10.38347426469485,10.216364298456062,10.326827049255371,515340,0.0,0.0
2003-03-21 00:00:00-05:00,10.485441647431053,10.692203918429204,10.47694368862877,10.64122200012207,474120,0.0,0.0
2003-03-24 00:00:00-05:00,10.148389626582574,10.239024801798413,9.989776611328127,9.989776611328125,491040,0.0,0.0
2003-03-25 00:00:00-05:00,10.32965493106998,10.43728498979593,10.264510754510177,10.338152885437012,512100,0.0,0.0
2003-03-26 00:00:00-05:00,10.536424667006015,10.593071891874077,10.49960309566578,10.54775333404541,444960,0.0,0.0
2003-03-27 00:00:00-05:00,10.519428701859256,10.581741226624219,10.428793539823626,10.502434730529785,252360,0.0,0.0
2003-03-28 00:00:00-05:00,10.593071476028836,10.621394114933251,10.55341822569428,10.598735809326172,314820,0.0,0.0
2003-03-31 00:00:00-05:00,10.519427511549356,10.578907376889829,10.451450661505614,10.493935585021973,299700,0.0,0.0
2003-04-01 00:00:00-05:00,10.61006390592041,10.714861349819405,10.61006390592041,10.686537742614746,241020,0.0,0.0
2003-04-02 00:00:00-05:00,10.74035397666597,10.87913936928456,10.74035397666597,10.839486122131348,330300,0.0,0.0
2003-04-03 00:00:00-05:00,10.58457029551896,10.618559202209976,10.522258758544922,10.522258758544922,411660,0.0,0.0
2003-04-04 00:00:00-05:00,10.652551482776635,10.748851965732758,10.649719802043455,10.712031364440918,225360,0.0,0.0
2003-04-07 00:00:00-04:00,10.910293568321071,10.935785492338853,10.757345913884256,10.760178565979004,248760,0.0,0.0
2003-04-08 00:00:00-04:00,10.881968242592954,10.93295111014319,10.816824061644901,10.8734712600708,150300,0.0,0.0
2003-04-09 00:00:00-04:00,10.924456506415092,11.020756959191953,10.867809295654297,10.867809295654297,245520,0.0,0.0
2003-04-10 00:00:00-04:00,10.964110600852084,11.00659552601697,10.915960370720143,10.94994831085205,208440,0.0,0.0
2003-04-11 00:00:00-04:00,11.017924218362083,11.046248795932327,10.930120750663392,10.96127700805664,119520,0.0,0.0
2003-04-14 00:00:00-04:00,10.975440421190305,11.085902200876612,10.975440421190305,11.074572563171387,165960,0.0,0.0
2003-04-15 00:00:00-04:00,11.102896584397286,11.20769402616121,11.091566947262727,11.18503475189209,175320,0.0,0.0
2003-04-16 00:00:00-04:00,11.128388747199923,11.145382718538553,11.006596350298501,11.032088279724121,337320,0.0,0.0
2003-04-17 00:00:00-04:00,11.122723664537846,11.190700517728297,11.09439908432568,11.179370880126953,222120,0.0,0.0
2003-04-21 00:00:00-04:00,11.159542979113102,11.159542979113102,11.074571193045273,11.114224433898926,90000,0.0,0.0
2003-04-22 00:00:00-04:00,11.003762955932542,11.216191473018112,11.000931275845415,11.179370880126953,248940,0.0,0.0
2003-04-23 00:00:00-04:00,10.964110420291918,10.995266679844814,10.828156717168,10.98676872253418,336420,0.0,0.0
2003-04-24 00:00:00-04:00,10.870642889842681,10.930122763341304,10.791337364262217,10.856480598449707,300240,0.0,0.0
2003-04-25 00:00:00-04:00,10.896133562491007,10.896133562491007,10.799832131450582,10.825324058532715,211680,0.0,0.0
2003-04-28 00:00:00-04:00,10.947117056114868,11.125556681843674,10.944285375687391,11.105730056762695,338760,0.0,0.0
2003-04-29 00:00:00-04:00,10.995266143867397,11.060410339816947,10.83382052151661,10.947114944458008,542160,0.0,0.0
2003-04-30 00:00:00-04:00,11.233190172961903,11.233190172961903,11.094403755640045,11.12272834777832,476100,0.0,0.0
2003-05-01 00:00:00-04:00,11.083072746487655,11.151049613952637,11.017927559704427,11.151049613952637,207360,0.0,0.0
2003-05-02 00:00:00-04:00,10.219194687452607,10.278675520292202,10.023762110602451,10.100235939025879,1429020,0.0,0.0
2003-05-05 00:00:00-04:00,10.3664790154813,10.46844477819023,10.309831801717484,10.445786476135254,670860,0.0,0.0
2003-05-06 00:00:00-04:00,10.550584805781016,10.629891300684335,10.51376421098095,10.561914443969727,864360,0.0,0.0
2003-05-07 00:00:00-04:00,10.400468743785213,10.46278126726844,10.338157192719645,10.34382152557373,265320,0.0,0.0
2003-05-08 00:00:00-04:00,10.408968024485077,10.536424767867198,10.391973078927755,10.44295597076416,219060,0.0,0.0
2003-05-09 00:00:00-04:00,10.479775546870766,10.59873529206876,10.451451936930912,10.570411682128906,225540,0.0,0.0
2003-05-12 00:00:00-04:00,10.644054495741429,10.79133884574446,10.604401241298573,10.712031364440918,300240,0.0,0.0
2003-05-13 00:00:00-04:00,10.706366497744964,10.717696137367357,10.655383605653098,10.683708190917969,208620,0.0,0.0
2003-05-14 00:00:00-04:00,10.610417721935974,10.610417721935974,10.503649172511386,10.561361312866211,322380,0.38667,0.0
2003-05-15 00:00:00-04:00,10.376678552009889,10.434390671710839,10.344937579662949,10.41130542755127,311940,0.0,0.0
2003-05-16 00:00:00-04:00,10.344938234072403,10.344938234072403,10.177571689375066,10.272797584533691,1056420,0.0,0.0
2003-05-19 00:00:00-04:00,10.419962230144899,10.474789432577031,10.388220269862916,10.408419609069824,801360,0.0,0.0
2003-05-20 00:00:00-04:00,10.561355048928426,10.63349567693453,10.518071464682958,10.619068145751953,269640,0.0,0.0
2003-05-21 00:00:00-04:00,10.714292372354704,10.714292372354704,10.58732554843438,10.645037651062012,118260,0.0,0.0
2003-05-22 00:00:00-04:00,10.518076781985881,10.518076781985881,10.359367914557504,10.448822021484375,871020,0.0,0.0
2003-05-23 00:00:00-04:00,10.45170628002887,10.515189222587047,10.38533644325239,10.474791526794434,319140,0.0,0.0
2003-05-27 00:00:00-04:00,10.552700708958227,10.682553460147306,10.535386282287911,10.67678165435791,395280,0.0,0.0
2003-05-28 00:00:00-04:00,10.578669473324354,10.650810101330457,10.532499986563273,10.619068145751953,191520,0.0,0.0
2003-05-29 00:00:00-04:00,10.671009574688885,10.676781380330143,10.555585350237873,10.613297462463379,170820,0.0,0.0
2003-05-30 00:00:00-04:00,10.379567782919995,10.454593364445026,10.356482531359237,10.42862319946289,468360,0.0,0.0
2003-06-02 00:00:00-04:00,10.474790740924137,10.598871703909197,10.431505163462635,10.544044494628906,201960,0.0,0.0
2003-06-03 00:00:00-04:00,10.49787690195631,10.529618871968198,10.425736241147145,10.5065336227417,155520,0.0,0.0
2003-06-04 00:00:00-04:00,10.506531592130434,10.64792698259323,10.497874873018139,10.621956825256348,188100,0.0,0.0
2003-06-05 00:00:00-04:00,10.656588129329275,10.748928156056055,10.639274683911259,10.746042251586914,301500,0.0,0.0
2003-06-06 00:00:00-04:00,10.786438597095994,10.844150729691986,10.76335334777832,10.76335334777832,205380,0.0,0.0
2003-06-09 00:00:00-04:00,10.575783570808744,10.630610765116657,10.555584234594944,10.619068145751953,492840,0.0,0.0
2003-06-10 00:00:00-04:00,10.578674283550866,10.584445100508395,10.425736241147145,10.5065336227417,201060,0.0,0.0
2003-06-11 00:00:00-04:00,10.7489239976437,10.841263988647112,10.702754497491009,10.83260726928711,839700,0.0,0.0
2003-06-12 00:00:00-04:00,10.734495984176455,10.746037615677059,10.662355338458774,10.740266799926758,209880,0.0,0.0
2003-06-13 00:00:00-04:00,10.659472207231563,10.659472207231563,10.541161041952702,10.633501052856445,190260,0.0,0.0
2003-06-16 00:00:00-04:00,10.763351619208013,10.821063742535566,10.656584091982237,10.792208671569824,274860,0.0,0.0
2003-06-17 00:00:00-04:00,10.662359044534647,10.662359044534647,10.5584763993373,10.561361312866211,804960,0.0,0.0
2003-06-18 00:00:00-04:00,10.598870547731075,10.72006658488977,10.570014489935847,10.662354469299316,997740,0.0,0.0
2003-06-19 00:00:00-04:00,10.665237131956312,10.676779750779282,10.52672768747606,10.564240455627441,463320,0.0,0.0
2003-06-20 00:00:00-04:00,10.734495332098646,10.803749079687314,10.69986746760639,10.728723526000977,651060,0.0,0.0
2003-06-23 00:00:00-04:00,9.66393010061476,9.736069742256811,9.565819316167508,9.620645523071289,1199700,0.0,0.0
2003-06-24 00:00:00-04:00,9.190689008081632,9.291685699455918,9.130090993257062,9.231087684631348,1506420,0.0,0.0
2003-06-25 00:00:00-04:00,9.444625769224874,9.513881515006105,9.412884790781181,9.447511672973633,551340,0.0,0.0
2003-06-26 00:00:00-04:00,9.398454146120427,9.412882670916625,9.29168662914114,9.38114070892334,384480,0.0,0.0
2003-06-27 00:00:00-04:00,9.332086696178848,9.378256199129686,9.280145386172853,9.326315879821777,239580,0.0,0.0
2003-06-30 00:00:00-04:00,9.285915980525477,9.32920056961199,9.242631391438966,9.26283073425293,475020,0.0,0.0
2003-07-01 00:00:00-04:00,9.147402455716694,9.25417092968222,9.118546405933413,9.23397159576416,310140,0.0,0.0
2003-07-02 00:00:00-04:00,9.257058930091702,9.355169730232246,9.22243205507643,9.33785629272461,244620,0.0,0.0
2003-07-03 00:00:00-04:00,9.236860575219861,9.317657946475714,9.205118609269624,9.26283073425293,368640,0.0,0.0
2003-07-07 00:00:00-04:00,9.306115754155776,9.35805606909704,9.294572141015934,9.32054328918457,370080,0.0,0.0
2003-07-08 00:00:00-04:00,9.242629151873356,9.274372100830078,9.161832790893193,9.274372100830078,269100,0.0,0.0
2003-07-09 00:00:00-04:00,9.268598459225046,9.28591189095549,9.17048769182237,9.23397159576416,260280,0.0,0.0
2003-07-10 00:00:00-04:00,9.228205376060496,9.294574231656995,9.202235212748361,9.239748001098633,252900,0.0,0.0
2003-07-11 00:00:00-04:00,9.153178291203485,9.300344507120336,9.107007798658389,9.26283073425293,199080,0.0,0.0
2003-07-14 00:00:00-04:00,9.219543075523708,9.306112215571174,9.202229643793265,9.23397159576416,187920,0.0,0.0
2003-07-15 00:00:00-04:00,9.15894535692114,9.15894535692114,9.060834586485338,9.07237720489502,522540,0.0,0.0
2003-07-16 00:00:00-04:00,9.095462478962128,9.236857836739954,9.049292990803107,9.182031631469727,1033740,0.0,0.0
2003-07-17 00:00:00-04:00,9.017554230789965,9.153178822135537,9.017554230789965,9.130093574523926,299160,0.0,0.0
2003-07-18 00:00:00-04:00,9.199346512203263,9.3234284552694,9.179147172201702,9.311885833740234,383760,0.0,0.0
2003-07-21 00:00:00-04:00,9.291685188540063,9.323427145612014,9.26282814342172,9.288799285888672,309600,0.0,0.0
2003-07-22 00:00:00-04:00,9.384027525138862,9.49368095588685,9.36959899893869,9.456168174743652,364320,0.0,0.0
2003-07-23 00:00:00-04:00,9.571595179240338,9.64373584962969,9.565824361516452,9.609107971191406,294660,0.0,0.0
2003-07-24 00:00:00-04:00,9.574473511511087,9.623529886586505,9.525418127133308,9.568702697753906,163800,0.0,0.0
2003-07-25 00:00:00-04:00,9.681242429711153,9.701441764831543,9.614872619631193,9.701441764831543,276120,0.0,0.0
2003-07-28 00:00:00-04:00,9.539853205013157,9.66682011122356,9.516767952720967,9.609107971191406,264420,0.0,0.0
2003-07-29 00:00:00-04:00,9.58601776597939,9.635072162963036,9.461935850216276,9.542733192443848,238500,0.0,0.0
2003-07-30 00:00:00-04:00,9.591794527321424,9.637964041207482,9.55716664888314,9.609107971191406,255420,0.0,0.0
2003-07-31 00:00:00-04:00,9.551389551625125,9.57447379804232,9.464820407793212,9.519647598266602,378540,0.0,0.0
2003-08-01 00:00:00-04:00,9.38114385359761,9.464826155233487,9.352287785030246,9.444626808166504,167400,0.0,0.0
2003-08-04 00:00:00-04:00,9.522534718884152,9.534078330817099,9.435967536366054,9.50810718536377,147600,0.0,0.0
2003-08-05 00:00:00-04:00,9.415768844622448,9.456168521324022,9.363828526073437,9.369599342346191,205380,0.0,0.0
2003-08-06 00:00:00-04:00,9.407110655239451,9.534078500385245,9.407110655239451,9.502335548400879,705960,0.0,0.0
2003-08-07 00:00:00-04:00,9.548503673091238,9.594673156738281,9.53407614288177,9.594673156738281,164340,0.0,0.0
2003-08-08 00:00:00-04:00,9.71875732837545,9.790897968292942,9.70432880411279,9.730299949645996,586440,0.0,0.0
2003-08-11 00:00:00-04:00,9.637957644094936,9.75338283824507,9.635071741799324,9.710098266601562,253440,0.0,0.0
2003-08-12 00:00:00-04:00,9.60910666097187,9.71587519524142,9.597564036399634,9.69567584991455,1343520,0.0,0.0
2003-08-13 00:00:00-04:00,9.652389093547315,9.67547433989068,9.594676968386969,9.632189750671387,99540,0.0,0.0
2003-08-14 00:00:00-04:00,9.695673810421917,9.782240999758749,9.652388234357545,9.738957405090332,177480,0.0,0.0
2003-08-15 00:00:00-04:00,9.793786139626592,9.811099580193432,9.730302203284001,9.753387451171875,67320,0.0,0.0
2003-08-18 00:00:00-04:00,9.710098266601562,9.811094939971307,9.681242215738445,9.710098266601562,97740,0.0,0.0
2003-08-19 00:00:00-04:00,9.513882010413539,9.62064955699742,9.513882010413539,9.611992835998535,238140,0.0,0.0
2003-08-20 00:00:00-04:00,9.539848465127834,9.600446479262894,9.505220603894445,9.571590423583984,684000,0.0,0.0
2003-08-21 00:00:00-04:00,9.516763738458305,9.586019464666695,9.487907681220417,9.5513916015625,147780,0.0,0.0
2003-08-22 00:00:00-04:00,9.580249393394155,9.600448736187744,9.522536277770996,9.522536277770996,119160,0.0,0.0
2003-08-25 00:00:00-04:00,9.580244130005914,9.597557559831827,9.50810351813458,9.53984546661377,153540,0.0,0.0
2003-08-26 00:00:00-04:00,9.375370712786259,9.490795961346661,9.343629735362827,9.459053993225098,678240,0.0,0.0
2003-08-27 00:00:00-04:00,9.43019563946272,9.456166784665605,9.375368436799432,9.435967445373535,215640,0.0,0.0
2003-08-28 00:00:00-04:00,9.407110342297958,9.407110342297958,9.280143492073824,9.363826751708984,224280,0.0,0.0
2003-08-29 00:00:00-04:00,9.40133827799924,9.450393667947536,9.395566472888998,9.412880897521973,132660,0.0,0.0
2003-09-02 00:00:00-04:00,9.401337942751782,9.493677904943082,9.372480899625106,9.464820861816406,789120,0.0,0.0
2003-09-03 00:00:00-04:00,9.447508951996777,9.548505647133645,9.427309612969404,9.516763687133789,397260,0.0,0.0
2003-09-04 00:00:00-04:00,9.479250664967664,9.574475551787794,9.473479849980748,9.562933921813965,519660,0.0,0.0
2003-09-05 00:00:00-04:00,9.574473821886887,9.637957728762034,9.551389575412202,9.594673156738281,238140,0.0,0.0
2003-09-08 00:00:00-04:00,9.661042538292723,9.767810021767938,9.655270733906283,9.724525451660156,349740,0.0,0.0
2003-09-09 00:00:00-04:00,9.643730163574219,9.68124293340732,9.594673783702946,9.643730163574219,314280,0.0,0.0
2003-09-10 00:00:00-04:00,9.643729615267763,9.724525964661536,9.63507190823138,9.704326629638672,374400,0.0,0.0
2003-09-11 00:00:00-04:00,9.819753137674601,9.952491784229462,9.799553799953163,9.87746524810791,378180,0.0,0.0
2003-09-12 00:00:00-04:00,9.914979550452172,10.044832314309044,9.883238578305486,10.041946411132812,324900,0.0,0.0
2003-09-15 00:00:00-04:00,10.013090086357671,10.067916295642178,9.998661562984049,10.015974998474121,163620,0.0,0.0
2003-09-16 00:00:00-04:00,9.984232740598868,10.027517318725586,9.912092107286941,10.027517318725586,158580,0.0,0.0
2003-09-17 00:00:00-04:00,10.082346566081547,10.099660004571685,10.059261320962685,10.096774101257324,111600,0.0,0.0
2003-09-18 00:00:00-04:00,10.186230354721339,10.22951495085299,10.163146095389587,10.197772979736328,111240,0.0,0.0
2003-09-19 00:00:00-04:00,10.223740357192641,10.223740357192641,10.050604001239343,10.119858741760254,272700,0.0,0.0
2003-09-22 00:00:00-04:00,10.114084609331435,10.189111138880827,10.096771175857624,10.1746826171875,247500,0.0,0.0
2003-09-23 00:00:00-04:00,10.079460060564893,10.140058082357934,10.062146623109154,10.119858741760254,271620,0.0,0.0
2003-09-24 00:00:00-04:00,10.166025900450595,10.243937341780471,10.134283945283457,10.1746826171875,125280,0.0,0.0
2003-09-25 00:00:00-04:00,10.194882300255506,10.220853442048215,10.140056095489136,10.160255432128906,323640,0.0,0.0
2003-09-26 00:00:00-04:00,10.15737135177059,10.177570692034093,10.102545137168475,10.163143157958984,233280,0.0,0.0
2003-09-29 00:00:00-04:00,10.11697283979603,10.186227580325003,10.102545305480554,10.157371520996094,205560,0.0,0.0
2003-09-30 00:00:00-04:00,10.134285648922923,10.134285648922923,9.891893576750975,9.995776176452637,309600,0.0,0.0
2003-10-01 00:00:00-04:00,9.955375269647536,10.1285115589074,9.929404132770255,10.122740745544434,283140,0.0,0.0
2003-10-02 00:00:00-04:00,9.95537671278383,10.15159727463736,9.946719005437997,10.102542877197266,498060,0.0,0.0
2003-10-03 00:00:00-04:00,10.11408693547637,10.189113482281163,10.096773498020632,10.119858741760254,247320,0.0,0.0
2003-10-06 00:00:00-04:00,10.128513912696956,10.243938132360576,10.102543760481982,10.180455207824707,115020,0.0,0.0
2003-10-07 00:00:00-04:00,10.157371520996094,10.166028239724971,10.099659402338277,10.157371520996094,127800,0.0,0.0
2003-10-08 00:00:00-04:00,9.984231113026873,9.984231113026873,9.880349529433866,9.940947532653809,285120,0.0,0.0
2003-10-09 00:00:00-04:00,10.01308810866656,10.088113641437094,10.01308810866656,10.056371688842773,272520,0.0,0.0
2003-10-10 00:00:00-04:00,10.056374215340286,10.13717157289841,10.039060778920087,10.105430603027344,161460,0.0,0.0
2003-10-13 00:00:00-04:00,10.08522944390103,10.128513027141619,10.05925830325896,10.102542877197266,127800,0.0,0.0
2003-10-14 00:00:00-04:00,10.013091867627468,10.131402015686035,10.001549245014775,10.131402015686035,140940,0.0,0.0
2003-10-15 00:00:00-04:00,10.082348292821557,10.174687307715292,10.082348292821557,10.140060424804688,124200,0.0,0.0
2003-10-16 00:00:00-04:00,10.07657480595025,10.166028892826095,10.056375464052541,10.131402015686035,136980,0.0,0.0
2003-10-17 00:00:00-04:00,10.065033945388011,10.180459201024018,10.065033945388011,10.137174606323242,93060,0.0,0.0
2003-10-20 00:00:00-04:00,9.565817786224136,9.629300700343686,9.407108024181161,9.568702697753906,1242360,0.0,0.0
2003-10-21 00:00:00-04:00,9.66682134123537,9.822645327987301,9.66682134123537,9.782245635986328,532080,0.0,0.0
2003-10-22 00:00:00-04:00,9.637962461663458,9.736073281778621,9.637962461663458,9.7072172164917,287460,0.0,0.0
2003-10-23 00:00:00-04:00,9.776466430918298,9.813979195462696,9.715869421645285,9.811094284057617,236880,0.0,0.0
2003-10-24 00:00:00-04:00,9.652386138951613,9.790896583915684,9.64661532448125,9.785124778747559,306180,0.0,0.0
2003-10-27 00:00:00-05:00,9.747613389326382,9.805325504999708,9.701443894927301,9.767812728881836,301500,0.0,0.0
2003-10-28 00:00:00-05:00,9.724526159678568,9.883235931396484,9.718755345569598,9.883235931396484,184680,0.0,0.0
2003-10-29 00:00:00-05:00,9.568703800058882,9.7014424387418,9.55139036609521,9.637958526611328,438480,0.0,0.0
2003-10-30 00:00:00-05:00,9.790896639265807,9.81975269317627,9.767811399858328,9.81975269317627,318420,0.0,0.0
2003-10-31 00:00:00-05:00,9.813983443491452,9.89478081175912,9.779356566061324,9.868810653686523,149040,0.0,0.0
2003-11-03 00:00:00-05:00,9.871696641958435,9.929408765303794,9.83418287015572,9.865924835205078,235800,0.0,0.0
2003-11-04 00:00:00-05:00,9.90344034168631,9.94383804254566,9.883240995907528,9.909211158752441,191700,0.0,0.0
2003-11-05 00:00:00-05:00,9.946308451699647,10.004730007300012,9.946308451699647,9.975518226623535,224280,0.23167,0.0
2003-11-06 00:00:00-05:00,9.969672851004017,10.083595545058845,9.955066965970966,10.048542022705078,230040,0.0,0.0
2003-11-07 00:00:00-05:00,10.068992104735521,10.200441090444539,10.054387219032392,10.17123031616211,265320,0.0,0.0
2003-11-10 00:00:00-05:00,10.226732528185028,10.267627816909972,10.19167899375953,10.223811149597168,608040,0.0,0.0
2003-11-11 00:00:00-05:00,10.1186518285134,10.238416319406367,10.109888695384194,10.18875789642334,458460,0.0,0.0
2003-11-12 00:00:00-05:00,10.223813371712444,10.40784120809632,10.223813371712444,10.337736129760742,274320,0.0,0.0
2003-11-13 00:00:00-05:00,10.229651318723672,10.305599119783437,10.206282301685581,10.253019332885742,449280,0.0,0.0
2003-11-14 00:00:00-05:00,10.223814640602168,10.311447002274289,10.223814640602168,10.238419532775879,243000,0.0,0.0
2003-11-17 00:00:00-05:00,10.209202946329013,10.223807828771909,10.121569640167836,10.185833930969238,234000,0.0,0.0
2003-11-18 00:00:00-05:00,10.139100728560457,10.15662799986487,9.957993280467448,10.0777587890625,269640,0.0,0.0
2003-11-19 00:00:00-05:00,10.136180236187656,10.19460179886205,10.10112669685717,10.165390014648438,238680,0.0,0.0
2003-11-20 00:00:00-05:00,10.17999117569132,10.25593997417261,10.130332770208764,10.185833930969238,192600,0.0,0.0
2003-11-21 00:00:00-05:00,10.23841326076622,10.23841326076622,10.174149969391406,10.179991722106934,117000,0.0,0.0
2003-11-24 00:00:00-05:00,10.200442993491398,10.364024162292479,10.200442993491398,10.36402416229248,630360,0.0,0.0
2003-11-25 00:00:00-05:00,10.364024152497262,10.407839820615882,10.355261018873536,10.396156311035156,634140,0.0,0.0
2003-11-26 00:00:00-05:00,10.390311330461735,10.437049370290925,10.361101559882707,10.410758972167969,530100,0.0,0.0
2003-11-28 00:00:00-05:00,10.276391338594633,10.305603122676674,10.25010193637249,10.29391860961914,244800,0.0,0.0
2003-12-01 00:00:00-05:00,10.267627844684812,10.334812532253416,10.238416064479738,10.320206642150879,314820,0.0,0.0
2003-12-02 00:00:00-05:00,10.188757701357781,10.293917302647543,10.174152814047488,10.244258880615234,307980,0.0,0.0
2003-12-03 00:00:00-05:00,10.220889771009308,10.238416036783919,10.179994482284362,10.223811149597168,480960,0.0,0.0
2003-12-04 00:00:00-05:00,10.174149969391406,10.179991722106934,10.089438036322237,10.179991722106934,518040,0.0,0.0
2003-12-05 00:00:00-05:00,10.139100600783124,10.253023349882191,10.139100600783124,10.197522163391113,394020,0.0,0.0
2003-12-08 00:00:00-05:00,10.223808968714998,10.282230510752418,10.203361328714294,10.226730346679688,543420,0.0,0.0
2003-12-09 00:00:00-05:00,10.279313087463379,10.308524872596559,10.238417791728661,10.279313087463379,152100,0.0,0.0
2003-12-10 00:00:00-05:00,10.255943625599125,10.28223302508173,10.174153045595942,10.209206581115723,142560,0.0,0.0
2003-12-11 00:00:00-05:00,10.144941227901015,10.203363786889549,10.127414961642604,10.18875789642334,135720,0.0,0.0
2003-12-12 00:00:00-05:00,10.244257606557893,10.308521910784359,10.171230170459847,10.290994644165039,191520,0.0,0.0
2003-12-15 00:00:00-05:00,10.3552578055871,10.413679346867681,10.331888787924447,10.346494674682617,173160,0.0,0.0
2003-12-16 00:00:00-05:00,10.434129783888737,10.51884174346924,10.419524896091191,10.518841743469238,124740,0.0,0.0
2003-12-17 00:00:00-05:00,10.586022563565793,10.667813114534791,10.571417681107587,10.626917839050293,557100,0.0,0.0
2003-12-18 00:00:00-05:00,10.524683932799181,10.609395895879226,10.486710019505239,10.588948249816895,192240,0.0,0.0
2003-12-19 00:00:00-05:00,10.574340091209528,10.6152353745655,10.559734203064048,10.571419715881348,129420,0.0,0.0
2003-12-22 00:00:00-05:00,10.545129632402322,10.670735861545808,10.545129632402322,10.63276195526123,192960,0.0,0.0
2003-12-23 00:00:00-05:00,10.58894975311984,10.632765427419335,10.568502104154575,10.583106994628906,151200,0.0,0.0
2003-12-24 00:00:00-05:00,10.574338055873659,10.6619713621267,10.545127288081295,10.626917839050293,145800,0.0,0.0
2003-12-26 00:00:00-05:00,10.626923048568846,10.69118636806476,10.618159914222877,10.664896965026855,96120,0.0,0.0
2003-12-29 00:00:00-05:00,10.732077875711022,10.793420791625977,10.732077875711022,10.793420791625977,210240,0.0,0.0
2003-12-30 00:00:00-05:00,10.88397530148192,10.968686237349267,10.86352766129393,10.945318222045898,265500,0.0,0.0
2003-12-31 00:00:00-05:00,11.015425686724697,11.082610369013691,10.971609022736631,10.983293533325195,148680,0.0,0.0
2004-01-02 00:00:00-05:00,10.945315058273719,11.050473603932703,10.916103292555123,10.99205207824707,173880,0.0,0.0
2004-01-05 00:00:00-05:00,11.041715342533694,11.094295139978147,11.012504566814826,11.07676887512207,134640,0.0,0.0
2004-01-06 00:00:00-05:00,11.141032213427346,11.21113827593474,11.1293487054063,11.173164367675781,218160,0.0,0.0
2004-01-07 00:00:00-05:00,11.158562465521724,11.181931495666504,11.129352682155623,11.181931495666504,318060,0.0,0.0
2004-01-08 00:00:00-05:00,11.41269438251959,11.465273177467054,11.409773004063764,11.46235179901123,264600,0.0,0.0
2004-01-09 00:00:00-05:00,11.494488893161737,11.54414833674702,11.485725756904529,11.503252029418945,249480,0.0,0.0
2004-01-12 00:00:00-05:00,11.479876062323966,11.582115264564989,11.479876062323966,11.538298606872559,215100,0.0,0.0
2004-01-13 00:00:00-05:00,11.494486342929779,11.494486342929779,11.363037322482358,11.39224910736084,220680,0.0,0.0
2004-01-14 00:00:00-05:00,11.360114733033607,11.421456661273304,11.351350597551692,11.374719619750977,243900,0.0,0.0
2004-01-15 00:00:00-05:00,11.3747188473595,11.418535510288761,11.319218677000197,11.383481979370117,162900,0.0,0.0
2004-01-16 00:00:00-05:00,11.322142676463406,11.333827190509654,11.164404244030298,11.246194839477539,376740,0.0,0.0
2004-01-20 00:00:00-05:00,11.441909072741826,11.514936545387444,11.412699287135572,11.503252029418945,896940,0.0,0.0
2004-01-21 00:00:00-05:00,11.544144351993388,11.620092175258323,11.479879034911121,11.590880393981934,604620,0.0,0.0
2004-01-22 00:00:00-05:00,11.56751435105684,11.599646513654484,11.459433349330538,11.514934539794922,324540,0.0,0.0
2004-01-23 00:00:00-05:00,11.587960668354546,11.628855960984545,11.509091461961368,11.529539108276367,194940,0.0,0.0
2004-01-26 00:00:00-05:00,11.529540852405294,11.532461228837523,11.44482887546369,11.488645553588867,220680,0.0,0.0
2004-01-27 00:00:00-05:00,11.363036410610366,11.436063861193318,11.304614851294545,11.424379348754883,323280,0.0,0.0
2004-01-28 00:00:00-05:00,11.363035265881818,11.401009175323919,11.254955291748047,11.254955291748047,712440,0.0,0.0
2004-01-29 00:00:00-05:00,11.363035570057304,11.398089104779611,11.25203421441776,11.348429679870605,212760,0.0,0.0
2004-01-30 00:00:00-05:00,11.374717306138635,11.401006698608398,11.287084995030055,11.401006698608398,724860,0.0,0.0
2004-02-02 00:00:00-05:00,11.272483977556357,11.409775760759956,11.243273194569232,11.345511436462402,250380,0.0,0.0
2004-02-03 00:00:00-05:00,11.412698534380315,11.494488135011826,11.383486744947481,11.47988224029541,308340,0.0,0.0
2004-02-04 00:00:00-05:00,11.497408688638599,11.579199286271452,11.453592010513422,11.488645553588867,993600,0.0,0.0
2004-02-05 00:00:00-05:00,11.710644721984862,11.769066272962254,11.693118457266888,11.710644721984863,482940,0.0,0.0
2004-02-06 00:00:00-05:00,11.769063768465744,11.839169815295051,11.73401124648909,11.79243278503418,372780,0.0,0.0
2004-02-09 00:00:00-05:00,11.713570385853918,11.739859792548968,11.649306054541693,11.684358596801758,220860,0.0,0.0
2004-02-10 00:00:00-05:00,11.701883390678018,11.760304950647148,11.701883390678018,11.754463195800781,137700,0.0,0.0
2004-02-11 00:00:00-05:00,11.751542331397927,11.865465080338492,11.70480427907543,11.845017433166504,293940,0.0,0.0
2004-02-12 00:00:00-05:00,12.18678015834251,12.265649338797088,12.154648010004264,12.19554328918457,734760,0.0,0.0
2004-02-13 00:00:00-05:00,12.48765640855991,12.513945810374743,12.303627587226908,12.35036563873291,617940,0.0,0.0
2004-02-17 00:00:00-05:00,12.45259838988099,12.546073456387244,12.44967801486982,12.475967407226562,612180,0.0,0.0
2004-02-18 00:00:00-05:00,12.776844781110322,12.82066145690543,12.557763407887716,12.57529067993164,667980,0.0,0.0
2004-02-19 00:00:00-05:00,12.709658348417632,12.750553639485398,12.624946387526876,12.712579727172852,1497600,0.0,0.0
2004-02-20 00:00:00-05:00,12.776842087733028,12.806053867356194,12.662919356406709,12.68044662475586,260100,0.0,0.0
2004-02-23 00:00:00-05:00,12.560683354758696,12.57236786716345,12.49641903797073,12.516866683959961,310140,0.0,0.0
2004-02-24 00:00:00-05:00,12.508103709739766,12.6775266345764,12.508103709739766,12.58989429473877,222120,0.0,0.0
2004-02-25 00:00:00-05:00,12.584048497999074,12.62786515877443,12.48765304774464,12.548995971679688,235440,0.0,0.0
2004-02-26 00:00:00-05:00,12.443840850455274,12.44968260550771,12.356207504533884,12.435076713562012,214020,0.0,0.0
2004-02-27 00:00:00-05:00,12.397099857644925,12.475969047963416,12.356204573349979,12.414626121520996,303480,0.0,0.0
2004-03-01 00:00:00-05:00,12.473050332281078,12.601578969145383,12.4438405548364,12.502262115478516,244620,0.0,0.0
2004-03-02 00:00:00-05:00,12.265652908519627,12.312390957114363,12.122519389731831,12.166336059570312,380160,0.0,0.0
2004-03-03 00:00:00-05:00,11.967702826933778,12.09331009434559,11.932650289063986,12.064099311828613,354240,0.0,0.0
2004-03-04 00:00:00-05:00,11.903435745350283,12.107912161235996,11.877145347378612,12.031963348388672,271800,0.0,0.0
2004-03-05 00:00:00-05:00,12.078700822411934,12.218913943293284,12.078700822411934,12.198466300964355,217980,0.0,0.0
2004-03-08 00:00:00-05:00,12.198468302819016,12.262731615773017,12.160493387350359,12.186783790588379,190440,0.0,0.0
2004-03-09 00:00:00-05:00,12.134203901880515,12.242283884222259,12.122519389731831,12.166336059570312,128880,0.0,0.0
2004-03-10 00:00:00-05:00,12.145889904026731,12.157574417608814,12.049494422008351,12.064099311828613,210420,0.0,0.0
2004-03-11 00:00:00-05:00,12.037807519097417,12.078702810486368,11.96478107265401,11.99399185180664,313020,0.0,0.0
2004-03-12 00:00:00-05:00,11.777836698433168,11.85962732159867,11.713573353715157,11.853784561157227,414720,0.0,0.0
2004-03-15 00:00:00-05:00,11.783666283837364,11.789508034870448,11.596716210518702,11.625926971435547,314640,0.0,0.0
2004-03-16 00:00:00-05:00,11.786593540556442,11.824567448404125,11.634695903413283,11.710644721984863,311580,0.0,0.0
2004-03-17 00:00:00-05:00,11.783674612025024,11.903439117291134,11.75154245144417,11.89759635925293,234180,0.0,0.0
2004-03-18 00:00:00-05:00,11.82456575390955,11.880065918521874,11.795353979730773,11.847933769226074,289980,0.0,0.0
2004-03-19 00:00:00-05:00,11.847933769226074,11.87422316253569,11.80703949170314,11.847933769226074,223020,0.0,0.0
2004-03-22 00:00:00-05:00,11.687278389722502,11.734016443559959,11.617172311842763,11.66975212097168,478260,0.0,0.0
2004-03-23 00:00:00-05:00,11.558746337890625,11.58795710895723,11.512008301883204,11.558746337890625,250920,0.0,0.0
2004-03-24 00:00:00-05:00,11.225745880326611,11.319220978909518,11.20237685496179,11.228667259216309,352980,0.0,0.0
2004-03-25 00:00:00-05:00,11.18776651287126,11.34258347253877,11.181923757939874,11.333820343017578,209520,0.0,0.0
2004-03-26 00:00:00-05:00,11.287087749140067,11.3922473504307,11.275403237565964,11.348429679870605,182160,0.0,0.0
2004-03-29 00:00:00-05:00,11.427296873608556,11.541219577866237,11.427296873608556,11.532455444335938,150660,0.0,0.0
2004-03-30 00:00:00-05:00,11.57627314272779,11.666826838142846,11.56751001128454,11.649300575256348,202140,0.0,0.0
2004-03-31 00:00:00-05:00,11.684361209758627,11.774914968016308,11.684361209758627,11.771994590759277,316620,0.0,0.0
2004-04-01 00:00:00-05:00,11.681437074460126,11.754464534174696,11.672673939754615,11.70772647857666,274140,0.0,0.0
2004-04-02 00:00:00-05:00,11.617165660381401,11.678508568763565,11.582113142949234,11.637613296508789,219600,0.0,0.0
2004-04-05 00:00:00-04:00,11.4565084984704,11.587957473847323,11.4565084984704,11.576272964477539,159660,0.0,0.0
2004-04-06 00:00:00-04:00,11.57334901071532,11.643455048455527,11.538296493283154,11.637613296508789,317700,0.0,0.0
2004-04-07 00:00:00-04:00,11.652224964416622,11.81580513175491,11.628855939278422,11.754463195800781,275220,0.0,0.0
2004-04-08 00:00:00-04:00,11.748617402114654,11.748617402114654,11.620089802820146,11.649300575256348,113940,0.0,0.0
2004-04-12 00:00:00-04:00,11.611329375518755,11.707725857922133,11.611329375518755,11.660988807678223,113760,0.0,0.0
2004-04-13 00:00:00-04:00,11.590877484050647,11.643457273120966,11.532455941917435,11.558746337890625,180720,0.0,0.0
2004-04-14 00:00:00-04:00,11.465274864252402,11.58211898803711,11.447748596691428,11.58211898803711,134280,0.0,0.0
2004-04-15 00:00:00-04:00,11.509092565912463,11.640541590135127,11.497408052200775,11.602567672729492,226260,0.0,0.0
2004-04-16 00:00:00-04:00,11.669749615893245,11.771987833120232,11.669749615893245,11.71940803527832,119340,0.0,0.0
2004-04-19 00:00:00-04:00,11.719412492762425,11.801203097653108,11.684358946576442,11.786598205566406,76320,0.0,0.0
2004-04-20 00:00:00-04:00,11.70772603755728,11.742778575058926,11.652225852220855,11.66975212097168,108720,0.0,0.0
2004-04-21 00:00:00-04:00,11.815805391937454,11.953097164052062,11.804121881987454,11.944334030151367,311220,0.0,0.0
2004-04-22 00:00:00-04:00,11.839172730149743,12.093307588553571,11.839172730149743,12.081623077392578,158220,0.0,0.0
2004-04-23 00:00:00-04:00,11.783673920108658,11.801200187441314,11.701883335387782,11.79827880859375,166860,0.0,0.0
2004-04-26 00:00:00-04:00,11.87130013827194,11.888826396567266,11.792430973067114,11.812878608703613,224460,0.0,0.0
2004-04-27 00:00:00-04:00,11.888832666254821,11.99983403212259,11.85962188606608,11.93557071685791,421920,0.0,0.0
2004-04-28 00:00:00-04:00,11.070928821809957,11.167325307811165,11.003744121537457,11.132271766662598,599040,0.0,0.0
2004-04-29 00:00:00-04:00,11.211135503126714,11.298768811744107,11.184846112267081,11.25787353515625,296640,0.0,0.0
2004-04-30 00:00:00-04:00,11.21990044520744,11.284164748187493,11.155637145103528,11.237427711486816,336420,0.0,0.0
2004-05-03 00:00:00-04:00,11.275405725677938,11.35719632186887,11.275405725677938,11.33090591430664,253980,0.0,0.0
2004-05-04 00:00:00-04:00,11.500324705073014,11.582115264564989,11.476955687253577,11.538298606872559,248580,0.0,0.0
2004-05-05 00:00:00-04:00,11.564590994284758,11.61717079655542,11.523696706825705,11.590880393981934,248940,0.0,0.0
2004-05-06 00:00:00-04:00,11.365956732144975,11.380561619177163,11.216980466008572,11.275403022766113,2377620,0.0,0.0
2004-05-07 00:00:00-04:00,11.187772415970382,11.28124751831062,11.09137593462302,11.105981826782227,1529280,0.0,0.0
2004-05-10 00:00:00-04:00,11.041716830036727,11.056322721301928,10.921952332592227,10.942399978637695,288540,0.0,0.0
2004-05-11 00:00:00-04:00,10.939478554359821,10.954083442687988,10.878135616478273,10.954083442687988,301500,0.0,0.0
2004-05-12 00:00:00-04:00,10.886899268700887,10.892741023197054,10.772976531577001,10.883977890014648,266220,0.0,0.0
2004-05-13 00:00:00-04:00,10.78173787227949,10.808027267456055,10.735000835451325,10.808027267456055,340200,0.0,0.0
2004-05-14 00:00:00-04:00,10.793422382205565,10.831396287308207,10.76129023062789,10.808027267456055,406800,0.0,0.0
2004-05-17 00:00:00-04:00,10.822634696960447,10.883978639212508,10.793424919592649,10.82263469696045,252540,0.0,0.0
2004-05-18 00:00:00-04:00,10.916103292555123,10.99205207824707,10.916103292555123,10.99205207824707,300240,0.0,0.0
2004-05-19 00:00:00-04:00,11.043523390943678,11.082419319801742,11.022579271216037,11.03155517578125,305820,0.49556,0.0
2004-05-20 00:00:00-04:00,10.93879778632765,10.956749587242701,10.89690956604189,10.920845985412598,190440,0.0,0.0
2004-05-21 00:00:00-04:00,11.043525564532903,11.043525564532903,10.929828011725077,10.941797256469727,170280,0.0,0.0
2004-05-24 00:00:00-04:00,11.022577681415438,11.037537177791021,10.950768400798019,10.992657661437988,118080,0.0,0.0
2004-05-25 00:00:00-04:00,11.02257673293118,11.085408050418838,11.00163261802656,11.067456245422363,322020,0.0,0.0
2004-05-26 00:00:00-04:00,11.040528064752435,11.10036809699352,11.007615738851992,11.055488586425781,356220,0.0,0.0
2004-05-27 00:00:00-04:00,11.139269346428234,11.184149905701743,11.097382125593374,11.160213470458984,217980,0.0,0.0
2004-05-28 00:00:00-04:00,11.504294002748315,11.534215056881523,11.45642216514292,11.501302719116211,417240,0.0,0.0
2004-06-01 00:00:00-04:00,11.483346859408291,11.489330452324468,11.42350682134151,11.474370956420898,164700,0.0,0.0
2004-06-02 00:00:00-04:00,11.516262376595618,11.540198809339229,11.444454105591324,11.468389511108398,169200,0.0,0.0
2004-06-03 00:00:00-04:00,11.438472034390783,11.492327474396552,11.396583785124069,11.423511505126953,205560,0.0,0.0
2004-06-04 00:00:00-04:00,11.468387127930612,11.501300486533447,11.42949120322488,11.489331245422363,186660,0.0,0.0
2004-06-07 00:00:00-04:00,11.635939758263989,11.677826961208842,11.588066908224947,11.653891563415527,267120,0.0,0.0
2004-06-08 00:00:00-04:00,11.617986758532517,11.620979068423406,11.564130316627486,11.594051361083984,151020,0.0,0.0
2004-06-09 00:00:00-04:00,11.58806673384727,11.62696265349903,11.537202601865848,11.552163124084473,343980,0.0,0.0
2004-06-10 00:00:00-04:00,11.600041056320363,11.66885805665767,11.564136400419152,11.638936996459961,232200,0.0,0.0
2004-06-14 00:00:00-04:00,11.438469567427644,11.46539728162296,11.39658132719507,11.435477256774902,196200,0.0,0.0
2004-06-15 00:00:00-04:00,11.510276002906503,11.6120042766651,11.489330858893075,11.57011604309082,171180,0.0,0.0
2004-06-16 00:00:00-04:00,11.650899499469395,11.689796447753906,11.585074842889046,11.689796447753906,332640,0.0,0.0
2004-06-17 00:00:00-04:00,11.788534001925385,11.806485809887164,11.71074112204706,11.761605262756348,205740,0.0,0.0
2004-06-18 00:00:00-04:00,11.824438091770839,11.90222994078266,11.824438091770839,11.857349395751953,133020,0.0,0.0
2004-06-21 00:00:00-04:00,11.911201137341457,11.935137555528952,11.866320610046387,11.866320610046387,171540,0.0,0.0
2004-06-22 00:00:00-04:00,11.81546258785025,11.848374923032262,11.773574348023406,11.836406707763672,120060,0.0,0.0
2004-06-23 00:00:00-04:00,11.78254653581289,11.845378875732422,11.731682407386522,11.845378875732422,186840,0.0,0.0
2004-06-24 00:00:00-04:00,11.713737699053972,11.803498826010143,11.683817665810828,11.782553672790527,274320,0.0,0.0
2004-06-25 00:00:00-04:00,11.770580278064529,11.770580278064529,11.7047556232838,11.719715118408203,117540,0.0,0.0
2004-06-28 00:00:00-04:00,11.854357085489555,11.938134582252491,11.82742937480692,11.857349395751953,158760,0.0,0.0
2004-06-29 00:00:00-04:00,11.875299050073735,11.878291359793677,11.806483117098008,11.830419540405273,168300,0.0,0.0
2004-06-30 00:00:00-04:00,11.854356137635012,11.932149007652963,11.836404331948652,11.899236679077148,214740,0.0,0.0
2004-07-01 00:00:00-04:00,11.839402136995746,11.857353951014083,11.743657416853418,11.788537979125977,162900,0.0,0.0
2004-07-02 00:00:00-04:00,11.725700224222896,11.782547951613658,11.68081968253717,11.74963665008545,171360,0.0,0.0
2004-07-06 00:00:00-04:00,11.567125155761294,11.62397289276123,11.522244606489252,11.62397289276123,314280,0.0,0.0
2004-07-07 00:00:00-04:00,11.576102568658843,11.662871367964643,11.576102568658843,11.620983123779297,186120,0.0,0.0
2004-07-08 00:00:00-04:00,11.609012131169138,11.725700930242263,11.435475601282377,11.671844482421875,215820,0.0,0.0
2004-07-09 00:00:00-04:00,11.632947601721495,11.665859929750765,11.606018866412903,11.629955291748047,126360,0.0,0.0
2004-07-12 00:00:00-04:00,11.579096071554757,11.644920755543925,11.53421653904092,11.61500072479248,210780,0.0,0.0
2004-07-13 00:00:00-04:00,11.534214019902283,11.540197613855058,11.411540585219297,11.441460609436035,280260,0.0,0.0
2004-07-14 00:00:00-04:00,11.42051822675843,11.546181925387994,11.42051822675843,11.498310089111328,571860,0.0,0.0
2004-07-15 00:00:00-04:00,11.4803533344395,11.492320517934651,11.429488182067871,11.429488182067871,547560,0.0,0.0
2004-07-16 00:00:00-04:00,11.555156067860132,11.57609915655319,11.537203234767697,11.549171447753906,688680,0.0,0.0
2004-07-19 00:00:00-04:00,11.43547701548326,11.489332442737531,11.420517516988106,11.441460609436035,327420,0.0,0.0
2004-07-20 00:00:00-04:00,11.36067469313063,11.36067469313063,11.291858750744275,11.333745956420898,727200,0.0,0.0
2004-07-21 00:00:00-04:00,11.273909114816627,11.288869642479321,11.16021259715047,11.178165435791016,306720,0.0,0.0
2004-07-22 00:00:00-04:00,11.22603233798679,11.270912874009415,11.160207688783753,11.235008239746094,217620,0.0,0.0
2004-07-23 00:00:00-04:00,11.202099412023278,11.202099412023278,11.106355745219027,11.115331649780273,175860,0.0,0.0
2004-07-26 00:00:00-04:00,11.14823967351315,11.178159686222395,11.067454509249549,11.094383239746094,214560,0.0,0.0
2004-07-27 00:00:00-04:00,11.118323717388536,11.196116607783903,11.079427785804107,11.17218017578125,271440,0.0,0.0
2004-07-28 00:00:00-04:00,10.594719348305059,10.78620870710254,10.519918785423972,10.774240493774414,572400,0.0,0.0
2004-07-29 00:00:00-04:00,10.7473138918548,10.875969887132703,10.744321581407803,10.834081649780273,581220,0.0,0.0
2004-07-30 00:00:00-04:00,10.654565306301029,10.753302350686525,10.654565306301029,10.726374626159668,871380,0.0,0.0
2004-08-02 00:00:00-04:00,10.573776484221046,10.696448887718562,10.56779289046138,10.651569366455078,450540,0.0,0.0
2004-08-03 00:00:00-04:00,10.579757377306757,10.62763022406926,10.561805573383886,10.585741996765137,301320,0.0,0.0
2004-08-04 00:00:00-04:00,10.50196656748023,10.603694835943237,10.487006044599793,10.594718933105469,328140,0.0,0.0
2004-08-05 00:00:00-04:00,10.47803497012478,10.513938594500674,10.463074441817085,10.4690580368042,312840,0.0,0.0
2004-08-06 00:00:00-04:00,10.469058607534588,10.495987354511163,10.39425801637151,10.415202140808105,545220,0.0,0.0
2004-08-09 00:00:00-04:00,10.394255798564096,10.457089185693876,10.370320395191236,10.421184539794922,430560,0.0,0.0
2004-08-10 00:00:00-04:00,10.379296295427656,10.46905636929705,10.373311674167162,10.41220760345459,432360,0.0,0.0
2004-08-11 00:00:00-04:00,10.247646414648427,10.313470047863488,10.157885327278171,10.298510551452637,583920,0.0,0.0
2004-08-12 00:00:00-04:00,10.307484859089723,10.337404874505932,10.247644828257306,10.292524337768555,283500,0.0,0.0
2004-08-13 00:00:00-04:00,10.340401014987654,10.394256446352786,10.31347227207858,10.343393325805664,262440,0.0,0.0
2004-08-16 00:00:00-04:00,10.313471860302785,10.448112487792969,10.301503644735096,10.448112487792969,263880,0.0,0.0
2004-08-17 00:00:00-04:00,10.519923955243005,10.519923955243005,10.43016385201055,10.4511079788208,273600,0.0,0.0
2004-08-18 00:00:00-04:00,10.235680790127414,10.41520095582196,10.229696168268335,10.388273239135742,414720,0.0,0.0
2004-08-19 00:00:00-04:00,10.331423283741756,10.442128503183682,10.301503259554499,10.40323257446289,225540,0.0,0.0
2004-08-20 00:00:00-04:00,10.283555088652337,10.349379781487933,10.241666834525464,10.334419250488281,342900,0.0,0.0
2004-08-23 00:00:00-04:00,10.349372775254563,10.406220494669991,10.31945276073706,10.331419944763184,329940,0.0,0.0
2004-08-24 00:00:00-04:00,10.349373971046482,10.358349873716222,10.289533935097412,10.325437545776367,238860,0.0,0.0
2004-08-25 00:00:00-04:00,10.21473352939916,10.29850999187196,10.142924252514277,10.268589973449707,275220,0.0,0.0
2004-08-26 00:00:00-04:00,10.265598136159408,10.298510466107333,10.217725282698325,10.280557632446289,278460,0.0,0.0
2004-08-27 00:00:00-04:00,10.33141955071201,10.36134059131439,10.271579523959362,10.328428268432617,213120,0.0,0.0
2004-08-30 00:00:00-04:00,10.364337538795345,10.37929806727404,10.30748979047487,10.3194580078125,202500,0.0,0.0
2004-08-31 00:00:00-04:00,10.370321661661718,10.427169407244511,10.334417011377926,10.424178123474121,298620,0.0,0.0
2004-09-01 00:00:00-04:00,10.472051846346465,10.519923694773128,10.433155905298129,10.498979568481445,395460,0.0,0.0
2004-09-02 00:00:00-04:00,10.457088230520187,10.507951343251479,10.427167181390892,10.504960060119629,407340,0.0,0.0
2004-09-03 00:00:00-04:00,10.46007911643741,10.51094325446352,10.44212730942262,10.49299144744873,287280,0.0,0.0
2004-09-07 00:00:00-04:00,10.531888639829157,10.582752783979634,10.519920424636146,10.570784568786621,278100,0.0,0.0
2004-09-08 00:00:00-04:00,10.47803195067851,10.519919157970914,10.46007911643741,10.49299144744873,279540,0.0,0.0
2004-09-09 00:00:00-04:00,10.495988844569236,10.507956036894782,10.436147746807462,10.487011909484863,273060,0.0,0.0
2004-09-10 00:00:00-04:00,10.57976071152794,10.63660947816782,10.552832997157338,10.606689453125,248040,0.0,0.0
2004-09-13 00:00:00-04:00,10.627632853069624,10.681488278160673,10.585744615403438,10.675504684448242,855180,0.0,0.0
2004-09-14 00:00:00-04:00,10.585746120294967,10.651570796621428,10.582753809400163,10.621649742126465,656460,0.0,0.0
2004-09-15 00:00:00-04:00,10.472050918804579,10.475043230074567,10.361346701308284,10.415202140808105,729720,0.0,0.0
2004-09-16 00:00:00-04:00,10.36732499996552,10.44212555291307,10.36732499996552,10.427165031433105,343980,0.0,0.0
2004-09-17 00:00:00-04:00,10.489998103781751,10.51393452892758,10.43315037809317,10.484014511108398,353880,0.0,0.0
2004-09-20 00:00:00-04:00,9.82277865462959,9.963402825353835,9.762937598466626,9.939467430114746,1686960,0.0,0.0
2004-09-21 00:00:00-04:00,10.032223354235155,10.23268867300678,10.00828692079857,10.205760955810547,1474380,0.0,0.0
2004-09-22 00:00:00-04:00,10.113003465299254,10.113003465299254,9.96938596426147,10.035210609436035,1446660,0.0,0.0
2004-09-23 00:00:00-04:00,9.996316903869245,10.023244613449032,9.95143636067666,9.987339973449707,675360,0.0,0.0
2004-09-24 00:00:00-04:00,9.91852959928241,9.948448605474306,9.873648008314332,9.876640319824219,391140,0.0,0.0
2004-09-27 00:00:00-04:00,9.801838549820346,9.882622724640948,9.783886739243883,9.840734481811523,640260,0.0,0.0
2004-09-28 00:00:00-04:00,9.897580942172494,10.014269750255798,9.858685015220187,10.005293846130371,793980,0.0,0.0
2004-09-29 00:00:00-04:00,9.897578488950563,9.933483123779297,9.840730767837726,9.933483123779297,836460,0.0,0.0
2004-09-30 00:00:00-04:00,9.870654183813187,9.891598304538931,9.816797726628923,9.879630088806152,629280,0.0,0.0
2004-10-01 00:00:00-04:00,9.840735807472509,9.954432335150543,9.816799371995033,9.936480522155762,617580,0.0,0.0
2004-10-04 00:00:00-04:00,9.960413457573106,9.960413457573106,9.882621602424372,9.897581100463867,898560,0.0,0.0
2004-10-05 00:00:00-04:00,9.94844325239502,9.960411464767946,9.903563740029295,9.93049144744873,440100,0.0,0.0
2004-10-06 00:00:00-04:00,9.900574523585707,9.948446360808873,9.882622713030335,9.924510955810547,353520,0.0,0.0
2004-10-07 00:00:00-04:00,9.960409304511323,9.960409304511323,9.88261748179843,9.90356159210205,384120,0.0,0.0
2004-10-08 00:00:00-04:00,9.975374536795567,10.029230992626605,9.951438105931446,9.969389915466309,437400,0.0,0.0
2004-10-11 00:00:00-04:00,9.879628659099568,9.95742153649178,9.861676851711492,9.900572776794434,490860,0.0,0.0
2004-10-12 00:00:00-04:00,9.691131598263357,9.867660443487495,9.679163384264484,9.858684539794922,1542420,0.0,0.0
2004-10-13 00:00:00-04:00,9.813802085722358,9.837738509065447,9.768922575986727,9.816794395446777,1269540,0.0,0.0
2004-10-14 00:00:00-04:00,9.852700233459473,9.88561359342598,9.840733046305207,9.852700233459473,804420,0.0,0.0
2004-10-15 00:00:00-04:00,9.879629370109855,9.945454038238465,9.849709346567687,9.906557083129883,1123380,0.0,0.0
2004-10-18 00:00:00-04:00,9.918522275359729,9.948441259459187,9.87364071753258,9.921513557434082,765720,0.0,0.0
2004-10-19 00:00:00-04:00,9.975374536795567,9.996318656995056,9.948445795266819,9.969389915466309,958680,0.0,0.0
2004-10-20 00:00:00-04:00,9.888602587049911,9.933483123779297,9.846714360029452,9.933483123779297,998280,0.0,0.0
2004-10-21 00:00:00-04:00,9.906556451659577,10.023245255094457,9.894589264786656,9.993325233459473,531000,0.0,0.0
2004-10-22 00:00:00-04:00,9.879626736302791,9.90655444214417,9.816794395446777,9.816794395446777,815760,0.0,0.0
2004-10-25 00:00:00-04:00,9.861678603226235,9.867662197676218,9.798846238982097,9.840734481811523,477180,0.0,0.0
2004-10-26 00:00:00-04:00,10.008283553940938,10.095052325539005,9.915532216836153,10.092061042785645,701640,0.0,0.0
2004-10-27 00:00:00-04:00,9.924514077184625,10.086082477451134,9.873648885902524,10.044194221496582,753480,0.0,0.0
2004-10-28 00:00:00-04:00,10.190799949006252,10.26260821871352,10.130959895454614,10.226704597473145,549720,0.0,0.0
2004-10-29 00:00:00-04:00,10.20875262819788,10.217727506141978,10.154896169947788,10.199775695800781,860400,0.0,0.0
2004-11-01 00:00:00-05:00,10.346380465634985,10.370316888139426,10.310475831878321,10.331419944763184,495180,0.0,0.0
2004-11-02 00:00:00-05:00,10.421184535345327,10.49897639392018,10.400240415386492,10.41220760345459,501660,0.0,0.0
2004-11-03 00:00:00-05:00,10.577479211756946,10.613870109027111,10.525926221477729,10.580512046813965,588960,0.25833,0.0
2004-11-04 00:00:00-05:00,10.586576612407832,10.744268417358398,10.550186756493556,10.744268417358398,497700,0.0,0.0
2004-11-05 00:00:00-05:00,10.713943110542871,10.841309687569725,10.686650718810549,10.814017295837402,629820,0.0,0.0
2004-11-08 00:00:00-05:00,10.77459110270425,10.835241536485906,10.768525434643482,10.807948112487793,403560,0.0,0.0
2004-11-09 00:00:00-05:00,10.716972270022783,10.741232859556343,10.67451675890788,10.695744514465332,289800,0.0,0.0
2004-11-10 00:00:00-05:00,10.771562362044216,10.810985054869796,10.720009369625059,10.777626991271973,437220,0.0,0.0
2004-11-11 00:00:00-05:00,10.814016070067636,10.929252335105414,10.807950400722659,10.91408920288086,371340,0.0,0.0
2004-11-12 00:00:00-05:00,10.92015815385993,11.041459083557129,10.901962181494788,11.041459083557129,485280,0.0,0.0
2004-11-15 00:00:00-05:00,11.02325916290283,11.0444869201054,10.96260768436854,11.023259162902832,440280,0.0,0.0
2004-11-16 00:00:00-05:00,10.956545527307473,11.050554038808281,10.956545527307473,11.008099555969238,271980,0.0,0.0
2004-11-17 00:00:00-05:00,11.01719795816708,11.074816625834785,11.008101534123627,11.029329299926758,597060,0.0,0.0
2004-11-18 00:00:00-05:00,11.08087722555103,11.120300948517436,11.029325288650337,11.059649467468262,540360,0.0,0.0
2004-11-19 00:00:00-05:00,11.09301163714774,11.099076266933682,10.999003108067596,11.0050687789917,403560,0.0,0.0
2004-11-22 00:00:00-05:00,10.986868284643876,11.089975277666467,10.953511272845276,11.068747520446777,359460,0.0,0.0
2004-11-23 00:00:00-05:00,11.065717269688944,11.099074289275237,11.017196075494384,11.07784652709961,385920,0.0,0.0
2004-11-24 00:00:00-05:00,11.096041980673403,11.174887355874448,11.083911682687567,11.135464668273926,567720,0.0,0.0
2004-11-26 00:00:00-05:00,11.241605890978429,11.347744719750098,11.241605890978429,11.329549789428711,286920,0.0,0.0
2004-11-29 00:00:00-05:00,11.359870673713727,11.387163058752915,11.244634423874238,11.296187400817871,348480,0.0,0.0
2004-11-30 00:00:00-05:00,11.284056272160369,11.284056272160369,11.174884657784418,11.223405838012695,302220,0.0,0.0
2004-12-01 00:00:00-05:00,11.244635391610746,11.390196873289238,11.238569722543735,11.365936279296875,365040,0.0,0.0
2004-12-02 00:00:00-05:00,11.450849157953792,11.466012291921082,11.408393632210991,11.435687065124512,279540,0.0,0.0
2004-12-03 00:00:00-05:00,11.4538808871418,11.487237904600915,11.393230439404253,11.438718795776367,253440,0.0,0.0
2004-12-06 00:00:00-05:00,11.381096329822794,11.423551837247276,11.335607988685833,11.393226623535156,275940,0.0,0.0
2004-12-07 00:00:00-05:00,11.447815367670431,11.481173426704501,11.375034621204247,11.39019775390625,340740,0.0,0.0
2004-12-08 00:00:00-05:00,11.362903973219497,11.420521579929412,11.335610545925078,11.378066062927246,608940,0.0,0.0
2004-12-09 00:00:00-05:00,11.311352801333232,11.447816848754883,11.220377116764817,11.447816848754883,636480,0.0,0.0
2004-12-10 00:00:00-05:00,11.256769842228767,11.32651777427071,11.238573869451464,11.311354637145996,419940,0.0,0.0
2004-12-13 00:00:00-05:00,11.484208906570405,11.556989669799805,11.444786210058265,11.556989669799805,538380,0.0,0.0
2004-12-14 00:00:00-05:00,11.520600539514477,11.569120704365695,11.490274265201961,11.538795471191406,257040,0.0,0.0
2004-12-15 00:00:00-05:00,11.644933101152315,11.681324005126953,11.599445772606783,11.681324005126953,486540,0.0,0.0
2004-12-16 00:00:00-05:00,11.608535932470785,11.69951157344444,11.58730817879651,11.650991439819336,483480,0.0,0.0
2004-12-17 00:00:00-05:00,11.563054299594688,11.60550983157335,11.53272906834395,11.556989669799805,414900,0.0,0.0
2004-12-20 00:00:00-05:00,11.76623285522951,11.781394948173768,11.657062246161596,11.757135391235352,502740,0.0,0.0
2004-12-21 00:00:00-05:00,11.672225808317515,11.705583874586969,11.620672811769506,11.699518203735352,258120,0.0,0.0
2004-12-22 00:00:00-05:00,11.729846589767458,11.766236456883055,11.705585984264836,11.763203620910645,431460,0.0,0.0
2004-12-23 00:00:00-05:00,11.90573363027968,11.926961400261813,11.857212418241456,11.917862892150879,393660,0.0,0.0
2004-12-27 00:00:00-05:00,11.993676537037507,12.066458355288608,11.981547275134016,12.054327011108398,318240,0.0,0.0
2004-12-28 00:00:00-05:00,12.054317768535423,12.075546563435386,12.03005822219094,12.069480895996094,240300,0.0,0.0
2004-12-29 00:00:00-05:00,11.933023159720733,12.045227654705277,11.933023159720733,12.033096313476562,541980,0.0,0.0
2004-12-30 00:00:00-05:00,12.014904307076154,12.096783592324055,12.002775045172665,12.054327011108398,238860,0.0,0.0
2004-12-31 00:00:00-05:00,12.04825943235175,12.051292267654771,11.978511508349039,11.984577178955078,318600,0.0,0.0
2005-01-03 00:00:00-05:00,11.972443201001408,11.981541704906665,11.90269529235957,11.911792755126953,403920,0.0,0.0
2005-01-04 00:00:00-05:00,11.929986338392785,11.978506477171283,11.796554134761,11.829912185668945,492480,0.0,0.0
2005-01-05 00:00:00-05:00,11.854177768714532,11.899665092623525,11.820819703755864,11.8238525390625,345060,0.0,0.0
2005-01-06 00:00:00-05:00,11.714682496449885,11.751073401738434,11.684357262611886,11.738943099975586,580500,0.0,0.0
2005-01-07 00:00:00-05:00,11.757132713363692,11.757132713363692,11.587310647784337,11.635831832885742,364500,0.0,0.0
2005-01-10 00:00:00-05:00,11.59641595253978,11.635839702382,11.578221016390131,11.608546257019043,222120,0.0,0.0
2005-01-11 00:00:00-05:00,11.614605990382174,11.666158977202144,11.61157315552866,11.660093307495117,356220,0.0,0.0
2005-01-12 00:00:00-05:00,11.687382698059082,11.708610452418407,11.620666601176183,11.687382698059082,234000,0.0,0.0
2005-01-13 00:00:00-05:00,11.5994431362695,11.647963289403076,11.535759849641567,11.560020446777344,186300,0.0,0.0
2005-01-14 00:00:00-05:00,11.599439471329635,11.632797521567081,11.575179922996842,11.602472305297852,166860,0.0,0.0
2005-01-18 00:00:00-05:00,11.20218450497667,11.368973815084082,11.18095673673979,11.34471321105957,1144260,0.0,0.0
2005-01-19 00:00:00-05:00,11.317413064945116,11.317413064945116,11.183981916428376,11.20824146270752,321660,0.0,0.0
2005-01-20 00:00:00-05:00,11.083910679953762,11.271927678879972,11.083910679953762,11.229472160339355,694260,0.0,0.0
2005-01-21 00:00:00-05:00,11.202182181134273,11.24160487364234,11.180954417300995,11.193084716796875,427320,0.0,0.0
2005-01-24 00:00:00-05:00,11.19308449722076,11.19308449722076,11.105140608454377,11.129401206970215,386640,0.0,0.0
2005-01-25 00:00:00-05:00,11.17488380751267,11.187014101646772,11.083908163213295,11.105135917663574,275220,0.0,0.0
2005-01-26 00:00:00-05:00,11.268900036258332,11.372006045607016,11.253737939015574,11.356843948364258,570960,0.0,0.0
2005-01-27 00:00:00-05:00,11.323480760379162,11.378066576293056,11.302254042058147,11.365936279296875,234900,0.0,0.0
2005-01-28 00:00:00-05:00,11.496339351078436,11.53576204808362,11.456916654073252,11.52969741821289,491400,0.0,0.0
2005-01-31 00:00:00-05:00,11.690421406230092,11.702550665269506,11.587314375290152,11.614607810974121,459720,0.0,0.0
2005-02-01 00:00:00-05:00,11.569117918009779,11.735907180867239,11.569117918009779,11.675256729125977,513900,0.0,0.0
2005-02-02 00:00:00-05:00,12.045229681121704,12.096782684326172,12.005805938910289,12.096782684326172,1052280,0.0,0.0
2005-02-03 00:00:00-05:00,12.011865428317526,12.090710789883918,11.99973513242937,12.087677955627441,1417500,0.0,0.0
2005-02-04 00:00:00-05:00,11.95728273248358,11.981543330580227,11.92089183533861,11.942119598388672,393660,0.0,0.0
2005-02-07 00:00:00-05:00,11.90572569773578,11.942115541380275,11.857204518026236,11.878432273864746,352620,0.0,0.0
2005-02-08 00:00:00-05:00,11.748037124243632,11.835979964268136,11.729842197498968,11.799590110778809,782460,0.0,0.0
2005-02-09 00:00:00-05:00,11.757132742818355,11.796555424958676,11.684352006121694,11.751068115234375,338400,0.0,0.0
2005-02-10 00:00:00-05:00,11.58124894090828,11.799591205515325,11.575184311810045,11.772298812866211,489060,0.0,0.0
2005-02-11 00:00:00-05:00,11.64189308966198,11.784421687069635,11.593372959746869,11.766226768493652,702180,0.0,0.0
2005-02-14 00:00:00-05:00,11.766233873926964,11.842047468626097,11.738941479581568,11.8238525390625,520560,0.0,0.0
2005-02-15 00:00:00-05:00,11.705582401176445,11.757135391235352,11.690420308232186,11.757135391235352,675540,0.0,0.0
2005-02-16 00:00:00-05:00,11.666159994733654,11.699517016479922,11.55395654788465,11.657062530517578,1620720,0.0,0.0
2005-02-17 00:00:00-05:00,11.608541333181112,11.702549851597961,11.602476704083074,11.657062530517578,1171260,0.0,0.0
2005-02-18 00:00:00-05:00,11.647959293874592,11.757130902399142,11.638861833353817,11.726805686950684,1065960,0.0,0.0
2005-02-22 00:00:00-05:00,11.66009212654045,11.690418389728183,11.62066944198938,11.641897201538086,949320,0.0,0.0
2005-02-23 00:00:00-05:00,11.644930099003492,11.696484126627775,11.608540245548639,11.684353828430176,521100,0.0,0.0
2005-02-24 00:00:00-05:00,11.584282062636632,11.626737594604492,11.52363160015059,11.626737594604492,804420,0.0,0.0
2005-02-25 00:00:00-05:00,11.608539390793773,11.805653858861566,11.587311630795494,11.775328636169434,1047240,0.0,0.0
2005-02-28 00:00:00-05:00,11.763199505043238,11.790492936968477,11.723776815748973,11.769265174865723,1657800,0.0,0.0
2005-03-01 00:00:00-05:00,11.735905970191075,11.933020438584835,11.726808507482177,11.890564918518066,2397420,0.0,0.0
2005-03-02 00:00:00-05:00,11.781395463326579,11.948185780972603,11.769266204896017,11.860241889953613,2239560,0.0,0.0
2005-03-03 00:00:00-05:00,11.790495060190155,11.848113728189821,11.775331924041351,11.832950592041016,1943280,0.0,0.0
2005-03-04 00:00:00-05:00,11.839013761838052,11.88450212353671,11.823851668697186,11.869338989257812,1233540,0.0,0.0
2005-03-07 00:00:00-05:00,11.772294585940585,11.863270236576893,11.760163249823874,11.829912185668945,1256580,0.0,0.0
2005-03-08 00:00:00-05:00,11.857208830991976,11.88450226479078,11.820818974110958,11.842046737670898,802800,0.0,0.0
2005-03-09 00:00:00-05:00,11.808689411189905,11.817786875977498,11.772299552039527,11.778364181518555,553680,0.0,0.0
2005-03-10 00:00:00-05:00,11.914825299725798,11.954247984470761,11.854174855327724,11.896629333496094,655020,0.0,0.0
2005-03-11 00:00:00-05:00,11.884502706315223,11.96941376370954,11.869339571292773,11.923925399780273,951300,0.0,0.0
2005-03-14 00:00:00-05:00,11.793526581450196,11.86327450123084,11.787460911211332,11.842046737670898,1045260,0.0,0.0
2005-03-15 00:00:00-05:00,11.826881054507878,11.845075977425637,11.796554794794643,11.814749717712402,1431000,0.0,0.0
2005-03-16 00:00:00-05:00,11.875400531555934,11.887530826534976,11.814749056660727,11.829912185668945,869220,0.0,0.0
2005-03-17 00:00:00-05:00,11.860238594908347,11.920889034763334,11.857205760574265,11.893596649169922,874800,0.0,0.0
2005-03-18 00:00:00-05:00,11.82385034360572,11.887533626391685,11.802622582677065,11.854175567626953,714060,0.0,0.0
2005-03-21 00:00:00-05:00,11.720746332033336,11.76926753579474,11.705584236711532,11.76016902923584,569880,0.0,0.0
2005-03-22 00:00:00-05:00,11.581246949316057,11.675255451569594,11.511498000421655,11.520596504211426,1744380,0.0,0.0
2005-03-23 00:00:00-05:00,11.563051076239224,11.638864653801095,11.563051076239224,11.611572265625,557460,0.0,0.0
2005-03-24 00:00:00-05:00,11.811716440723664,11.857203742303408,11.763195264188475,11.802618980407715,381060,0.0,0.0
2005-03-28 00:00:00-05:00,11.748035280873495,11.826881686291918,11.720741853901133,11.751068115234375,452160,0.0,0.0
2005-03-29 00:00:00-05:00,11.832946946281814,11.926955446253311,11.832946946281814,11.899662017822266,1739340,0.0,0.0
2005-03-30 00:00:00-05:00,12.099807204059763,12.199880305871993,12.099807204059763,12.184717178344727,907380,0.0,0.0
2005-03-31 00:00:00-05:00,12.10891253508626,12.151368074044601,12.075555504023276,12.13014030456543,588780,0.0,0.0
2005-04-01 00:00:00-05:00,12.078582751839845,12.121039315953649,11.993671705888119,12.008834838867188,3359340,0.0,0.0
2005-04-04 00:00:00-04:00,11.8420429328934,11.923921125706755,11.82384801029881,11.887531280517578,1364220,0.0,0.0
2005-04-05 00:00:00-04:00,12.081610170539117,12.114968215228474,12.017926914624201,12.093740463256836,1350000,0.0,0.0
2005-04-06 00:00:00-04:00,12.05432025484186,12.139232328542866,12.05432025484186,12.099809646606445,961380,0.0,0.0
2005-04-07 00:00:00-04:00,12.127103517702045,12.199884262936905,12.1210388894066,12.157428741455078,510300,0.0,0.0
2005-04-08 00:00:00-04:00,12.093749773921425,12.190790108097064,12.093749773921425,12.169562339782715,345420,0.0,0.0
2005-04-11 00:00:00-04:00,12.199880305871993,12.218075225994658,12.145294504366428,12.184717178344727,239580,0.0,0.0
2005-04-12 00:00:00-04:00,12.105880075977948,12.190790108097064,12.039163935236207,12.169562339782715,398700,0.0,0.0
2005-04-13 00:00:00-04:00,12.130135085191924,12.190785531567547,12.105875531324404,12.139233589172363,315900,0.0,0.0
2005-04-14 00:00:00-04:00,12.069485225154983,12.11497358271548,12.02096507392494,12.057354927062988,383760,0.0,0.0
2005-04-15 00:00:00-04:00,12.108905616905798,12.166524261632148,12.039157717525443,12.042190551757812,359280,0.0,0.0
2005-04-18 00:00:00-04:00,11.917857312337516,11.996703724415404,11.917857312337516,11.981541633605957,507420,0.0,0.0
2005-04-19 00:00:00-04:00,11.984570922084055,12.105871777219164,11.978505254644762,12.069480895996094,709200,0.0,0.0
2005-04-20 00:00:00-04:00,11.905727837179873,11.996703503776983,11.872369780419575,11.896629333496094,496440,0.0,0.0
2005-04-21 00:00:00-04:00,11.923924443369232,11.990640566295815,11.893599216894785,11.969412803649902,472320,0.0,0.0
2005-04-22 00:00:00-04:00,11.84811306836466,11.917859950895192,11.845080233076166,11.8723726272583,437220,0.0,0.0
2005-04-25 00:00:00-04:00,11.87237291267952,11.95728397369385,11.87237291267952,11.957283973693848,602820,0.0,0.0
2005-04-26 00:00:00-04:00,11.814748233403916,11.817781067221764,11.775325558322272,11.802618980407715,1019520,0.0,0.0
2005-04-27 00:00:00-04:00,11.720741853901133,11.754099908457475,11.672221709815954,11.751068115234375,1046520,0.0,0.0
2005-04-28 00:00:00-04:00,11.532725324215175,11.63583232635952,11.496335474983614,11.553954124450684,1038420,0.0,0.0
2005-04-29 00:00:00-04:00,11.629769174444213,11.63280200958252,11.538793490537483,11.63280200958252,879300,0.0,0.0
2005-05-02 00:00:00-04:00,11.617638875029039,11.66312723755143,11.590346482198436,11.63280200958252,778320,0.0,0.0
2005-05-03 00:00:00-04:00,11.626736848386086,11.699517606925808,11.617639383710882,11.666160583496094,571680,0.0,0.0
2005-05-04 00:00:00-04:00,11.778359162704723,11.929986287590554,11.75409857284995,11.878432273864746,778500,0.0,0.0
2005-05-05 00:00:00-04:00,12.057356897122705,12.066455403031764,11.872372684124409,11.984577178955078,763740,0.0,0.0
2005-05-06 00:00:00-04:00,12.406096218011287,12.433389648223166,12.181689353701978,12.318153381347656,1445580,0.0,0.0
2005-05-09 00:00:00-04:00,12.31512180177453,12.48494390524403,12.31512180177453,12.472813606262207,840600,0.0,0.0
2005-05-10 00:00:00-04:00,12.433388710021973,12.512234077711414,12.415192744207785,12.433388710021973,949860,0.0,0.0
2005-05-11 00:00:00-04:00,12.409133246208315,12.481914016138628,12.381839806773037,12.448555946350098,511560,0.0,0.0
2005-05-12 00:00:00-04:00,12.400030707557152,12.42429026018442,12.318152505022221,12.339380264282227,547020,0.0,0.0
2005-05-13 00:00:00-04:00,12.345445480259281,12.390933835451335,12.230209216092238,12.302989959716797,428580,0.0,0.0
2005-05-16 00:00:00-04:00,12.281764243650588,12.390935897827148,12.278731408496224,12.390935897827148,483840,0.0,0.0
2005-05-17 00:00:00-04:00,12.330280393222242,12.42732171638202,12.327247559053516,12.39699649810791,424980,0.0,0.0
2005-05-18 00:00:00-04:00,12.361591069106035,12.488933929248912,12.315002868038867,12.473404884338379,773640,0.53667,0.0
2005-05-19 00:00:00-04:00,12.374021777438465,12.383339422796851,12.324326247078853,12.364704132080078,723960,0.0,0.0
2005-05-20 00:00:00-04:00,12.535521984439132,12.55105209418344,12.44234452497969,12.519991874694824,1227420,0.0,0.0
2005-05-23 00:00:00-04:00,12.610067677551731,12.721881513114905,12.582114751828819,12.703245162963867,894420,0.0,0.0
2005-05-24 00:00:00-04:00,12.594536297089919,12.619382982129657,12.55726467002696,12.613171577453613,433440,0.0,0.0
2005-05-25 00:00:00-04:00,12.557268487286962,12.588327652779926,12.513785442329633,12.579010009765625,558180,0.0,0.0
2005-05-26 00:00:00-04:00,12.566585279215635,12.628703605994533,12.501360716197047,12.610068321228027,604980,0.0,0.0
2005-05-27 00:00:00-04:00,12.5603725625758,12.641126165695713,12.529313402426935,12.622490882873535,754200,0.0,0.0
2005-05-31 00:00:00-04:00,12.277734291710331,12.315005928161163,12.23735748530714,12.259099006652832,1050480,0.0,0.0
2005-06-01 00:00:00-04:00,12.23424683248477,12.367802148633972,12.215611554154563,12.318106651306152,729180,0.0,0.0
2005-06-02 00:00:00-04:00,12.330532761587264,12.426816472200146,12.318108885002435,12.408181190490723,512820,0.0,0.0
2005-06-03 00:00:00-04:00,12.36780573394258,12.395758659541176,12.29947493847611,12.327427864074707,437940,0.0,0.0
2005-06-06 00:00:00-04:00,12.203188772447556,12.249778038779942,12.175235852449452,12.209400177001953,620460,0.0,0.0
2005-06-07 00:00:00-04:00,12.361590385437012,12.405073414918547,12.346060275049815,12.361590385437012,492840,0.0,0.0
2005-06-08 00:00:00-04:00,12.395753028782309,12.436129813973308,12.342952371301324,12.355376243591309,408420,0.0,0.0
2005-06-09 00:00:00-04:00,12.339856020636292,12.380232838168359,12.27152626781344,12.346067428588867,532080,0.0,0.0
2005-06-10 00:00:00-04:00,12.246675283178867,12.246675283178867,12.15970919669297,12.187662124633789,368280,0.0,0.0
2005-06-13 00:00:00-04:00,12.18766093340856,12.200084811168782,12.169025649936101,12.193873405456543,564480,0.0,0.0
2005-06-14 00:00:00-04:00,12.165921778549817,12.215617299249809,12.147286491455297,12.21251106262207,336780,0.0,0.0
2005-06-15 00:00:00-04:00,12.215614924952996,12.224932566689226,12.14107272472741,12.193873405456543,728280,0.0,0.0
2005-06-16 00:00:00-04:00,12.196980209559143,12.243568420410156,12.153497168541003,12.243568420410156,563940,0.0,0.0
2005-06-17 00:00:00-04:00,12.321213487791608,12.324318656774551,12.262200348418636,12.296365737915039,537300,0.0,0.0
2005-06-20 00:00:00-04:00,12.097587802925084,12.190765272121443,12.063422410985744,12.159706115722656,509400,0.0,0.0
2005-06-21 00:00:00-04:00,12.212512357334624,12.268419290881125,12.18145318677236,12.234253883361816,511020,0.0,0.0
2005-06-22 00:00:00-04:00,12.178341871291419,12.190765747602622,12.119329791732726,12.175236701965332,733320,0.0,0.0
2005-06-23 00:00:00-04:00,12.144181683067885,12.144181683067885,12.051004170301004,12.05721664428711,405540,0.0,0.0
2005-06-24 00:00:00-04:00,12.03236855792535,12.060321491104007,12.004414558410645,12.004414558410645,429120,0.0,0.0
2005-06-27 00:00:00-04:00,12.057210548436426,12.106904983520506,12.035469033149228,12.106904983520508,621720,0.0,0.0
2005-06-28 00:00:00-04:00,12.044784647219688,12.144174575805666,12.044784647219688,12.144174575805664,522900,0.0,0.0
2005-06-29 00:00:00-04:00,12.007517188446185,12.085165623510564,11.973352858046727,12.066529273986816,385020,0.0,0.0
2005-06-30 00:00:00-04:00,12.054106462751957,12.1224361898866,12.04478775482222,12.066529273986816,508500,0.0,0.0
2005-07-01 00:00:00-04:00,12.09758747031196,12.165917185976392,12.038574328341879,12.069633483886719,251100,0.0,0.0
2005-07-05 00:00:00-04:00,11.939186776210356,12.069634817376766,11.920550427756012,12.019940376281738,577800,0.0,0.0
2005-07-06 00:00:00-04:00,12.004407775336889,12.038573163029731,11.96403098367055,11.970243453979492,377640,0.0,0.0
2005-07-07 00:00:00-04:00,11.70002885389778,11.864642272600582,11.693817449287234,11.855325698852539,673200,0.0,0.0
2005-07-08 00:00:00-04:00,11.861539644824473,12.051000855233058,11.861539644824473,12.00751781463623,541980,0.0,0.0
2005-07-11 00:00:00-04:00,12.026150435786075,12.165917168707239,12.010621391203472,12.137964248657227,344700,0.0,0.0
2005-07-12 00:00:00-04:00,12.268412955226403,12.293260705378763,12.190764535751914,12.252883911132812,361800,0.0,0.0
2005-07-13 00:00:00-04:00,12.122436300586605,12.144177819949741,12.041682695143948,12.094483375549316,392940,0.0,0.0
2005-07-14 00:00:00-04:00,12.11621939853518,12.14106714263138,12.05410110462993,12.122430801391602,584640,0.0,0.0
2005-07-15 00:00:00-04:00,12.169026500140346,12.196980493637822,12.113120645817034,12.16281509399414,486720,0.0,0.0
2005-07-18 00:00:00-04:00,12.212509989841411,12.234251511653834,12.141074018030247,12.215616226196289,487260,0.0,0.0
2005-07-19 00:00:00-04:00,12.293260321211191,12.33984851837158,12.224929543595312,12.339848518371582,570600,0.0,0.0
2005-07-20 00:00:00-04:00,12.33675084982807,12.374021430215782,12.22493697599267,12.346067428588867,410580,0.0,0.0
2005-07-21 00:00:00-04:00,12.212511308285473,12.330536572818186,12.13486392171772,12.203193664550781,530280,0.0,0.0
2005-07-22 00:00:00-04:00,12.128651036641202,12.131757273225984,12.054108822957966,12.11312198638916,375840,0.0,0.0
2005-07-25 00:00:00-04:00,12.035470626403985,12.047893437067883,11.97335230774178,11.97956371307373,606420,0.0,0.0
2005-07-26 00:00:00-04:00,12.0168319923676,12.050997381034918,11.97956143479269,12.029255867004395,378720,0.0,0.0
2005-07-27 00:00:00-04:00,11.967143520524782,12.004414096662718,11.920554234016356,11.98577880859375,321660,0.0,0.0
2005-07-28 00:00:00-04:00,12.06963687387948,12.20940364625526,12.051001588585603,12.187662124633789,474300,0.0,0.0
2005-07-29 00:00:00-04:00,12.175232524179844,12.193867799084368,12.100689291891241,12.122430801391602,327600,0.0,0.0
2005-08-01 00:00:00-04:00,12.215614200256478,12.246673359646563,12.159707286820053,12.218720436096191,910620,0.0,0.0
2005-08-02 00:00:00-04:00,12.246674086185678,12.246674086185678,12.159708008199871,12.193873405456543,526680,0.0,0.0
2005-08-03 00:00:00-04:00,12.17524057083314,12.277735716882626,12.14728657366622,12.274630546569824,656640,0.0,0.0
2005-08-04 00:00:00-04:00,12.777787583636794,12.815058148796034,12.669079991362853,12.73119831085205,1182780,0.0,0.0
2005-08-05 00:00:00-04:00,12.75915493112551,12.780896455878949,12.684612712876005,12.73741340637207,664920,0.0,0.0
2005-08-08 00:00:00-04:00,12.703245429448604,12.71256413788749,12.62870322628802,12.656657218933105,495360,0.0,0.0
2005-08-09 00:00:00-04:00,12.603852856222668,12.69392622143689,12.585217575880726,12.650442123413086,393480,0.0,0.0
2005-08-10 00:00:00-04:00,12.703239795147622,12.84921896691176,12.700134626714357,12.793312072753906,580860,0.0,0.0
2005-08-11 00:00:00-04:00,12.858542907064367,12.886495834675825,12.827483743161913,12.877178192138672,428400,0.0,0.0
2005-08-12 00:00:00-04:00,12.706349239223332,12.774680023378842,12.703243003670195,12.746726036071777,324720,0.0,0.0
2005-08-15 00:00:00-04:00,12.672186345343608,12.746727476356817,12.63802094940542,12.728092193603516,326880,0.0,0.0
2005-08-16 00:00:00-04:00,12.641126165695713,12.687715439086869,12.616279477378045,12.622490882873535,371160,0.0,0.0
2005-08-17 00:00:00-04:00,12.619388214802832,12.65355362052679,12.59143528266651,12.63181209564209,450000,0.0,0.0
2005-08-18 00:00:00-04:00,12.442349082193845,12.479619653094392,12.423712730407715,12.423712730407715,980820,0.0,0.0
2005-08-19 00:00:00-04:00,12.426815976357416,12.482722885590588,12.405074459785382,12.460981369018555,409140,0.0,0.0
2005-08-22 00:00:00-04:00,12.700139645539286,12.765363137107187,12.619384973990899,12.681503295898438,511920,0.0,0.0
2005-08-23 00:00:00-04:00,12.641131549281479,12.641131549281479,12.563483082672647,12.603859901428223,463140,0.0,0.0
2005-08-24 00:00:00-04:00,12.532417187902885,12.538628592183871,12.429921019750367,12.470297813415527,371700,0.0,0.0
2005-08-25 00:00:00-04:00,12.473404414246033,12.504463569232124,12.423708913199864,12.454769134521484,522360,0.0,0.0
2005-08-26 00:00:00-04:00,12.495145937417968,12.516887452555789,12.39886223699841,12.42060375213623,290160,0.0,0.0
2005-08-29 00:00:00-04:00,12.445453728652872,12.519995933653961,12.367806353764605,12.5106782913208,311760,0.0,0.0
2005-08-30 00:00:00-04:00,12.408185347529944,12.442350753000547,12.383337586035688,12.429926872253418,331920,0.0,0.0
2005-08-31 00:00:00-04:00,12.476512723540289,12.622490882873535,12.464087779877893,12.622490882873535,400320,0.0,0.0
2005-09-01 00:00:00-04:00,12.684611020102068,12.79953003574733,12.681504783741534,12.796424865722656,546660,0.0,0.0
2005-09-02 00:00:00-04:00,12.85233187043951,12.889602441659987,12.836801754873733,12.861649513244629,399060,0.0,0.0
2005-09-06 00:00:00-04:00,12.830591278604034,12.923768779746009,12.824378805393003,12.8958158493042,453960,0.0,0.0
2005-09-07 00:00:00-04:00,12.995203978372018,13.02005173705485,12.939297054503589,12.992098808288574,324900,0.0,0.0
2005-09-08 00:00:00-04:00,12.998305091066241,13.016940369564693,12.923762910736972,12.939291954040527,381600,0.0,0.0
2005-09-09 00:00:00-04:00,12.95171689435378,12.98588121615456,12.914445271022757,12.970352172851562,271080,0.0,0.0
2005-09-12 00:00:00-04:00,12.898920747119975,12.98278060301004,12.864755344188785,12.942403793334961,297720,0.0,0.0
2005-09-13 00:00:00-04:00,12.979675140849968,13.066641231323782,12.976568904379933,13.023157119750977,527220,0.0,0.0
2005-09-14 00:00:00-04:00,13.047996160404447,13.072843902890124,12.92997098310026,12.954818725585938,307800,0.0,0.0
2005-09-15 00:00:00-04:00,12.883389343168538,12.954826378431289,12.867860294692855,12.917555809020996,258300,0.0,0.0
2005-09-16 00:00:00-04:00,13.09769642260022,13.138073219114998,12.988988842494608,13.094590187072754,255420,0.0,0.0
2005-09-19 00:00:00-04:00,13.318218642255104,13.324430047856048,13.156710366937585,13.200193405151367,771120,0.0,0.0
2005-09-20 00:00:00-04:00,13.175349030922007,13.240572533364752,13.097700582423236,13.11633586883545,513540,0.0,0.0
2005-09-21 00:00:00-04:00,13.166028437667201,13.175347145875957,13.007626393154737,13.048003196716309,383580,0.0,0.0
2005-09-22 00:00:00-04:00,12.998310426998385,13.041793472235293,12.92997962267299,13.023157119750977,459540,0.0,0.0
2005-09-23 00:00:00-04:00,13.004519317629919,13.100803032550019,12.992096506825003,13.075956344604492,297360,0.0,0.0
2005-09-26 00:00:00-04:00,13.18777046372177,13.268525140280605,13.169135179260424,13.234359741210938,270180,0.0,0.0
2005-09-27 00:00:00-04:00,13.116332883356964,13.14428580661277,13.069743611594951,13.122544288635254,543420,0.0,0.0
2005-09-28 00:00:00-04:00,13.17224049470951,13.19087577786825,13.107015937318195,13.166028022766113,613800,0.0,0.0
2005-09-29 00:00:00-04:00,13.069745843411193,13.197089803550494,13.04800432172105,13.175348281860352,452340,0.0,0.0
2005-09-30 00:00:00-04:00,13.057320930835257,13.14428593727413,13.026260705128045,13.113227844238281,560700,0.0,0.0
2005-10-03 00:00:00-04:00,13.057321403618136,13.116333488660063,13.044896459816822,13.10080337524414,348300,0.0,0.0
2005-10-04 00:00:00-04:00,13.228144652864751,13.302685769960204,13.187766792657374,13.193979263305664,372060,0.0,0.0
2005-10-05 00:00:00-04:00,13.119444217350749,13.134973269748862,12.998312703499483,13.007630348205566,1046700,0.0,0.0
2005-10-06 00:00:00-04:00,12.870967092755661,12.870967092755661,12.703246324080693,12.762259483337402,984240,0.0,0.0
2005-10-07 00:00:00-04:00,12.79953003574733,12.811954981189462,12.746729349297569,12.796424865722656,547380,0.0,0.0
2005-10-10 00:00:00-04:00,12.746726776128394,12.746726776128394,12.641125424546512,12.684608459472656,302760,0.0,0.0
2005-10-11 00:00:00-04:00,12.787102699279785,12.811950448701932,12.77467882456871,12.787102699279785,516780,0.0,0.0
2005-10-12 00:00:00-04:00,12.762255938135862,12.780891218477803,12.616277798231382,12.650442123413086,421920,0.0,0.0
2005-10-13 00:00:00-04:00,12.579008779626225,12.656657218933104,12.54794961717063,12.656657218933105,443520,0.0,0.0
2005-10-14 00:00:00-04:00,12.75604564278785,12.889599918633637,12.731197889280685,12.886493682861328,584460,0.0,0.0
2005-10-17 00:00:00-04:00,12.836800938331695,12.867860101151726,12.796424133299235,12.824377059936523,363060,0.0,0.0
2005-10-18 00:00:00-04:00,12.706351071947957,12.712563543950298,12.63802134427236,12.644232749938965,381240,0.0,0.0
2005-10-19 00:00:00-04:00,12.454766268310692,12.572791456630958,12.364693993144456,12.560367584228516,770940,0.0,0.0
2005-10-20 00:00:00-04:00,12.563483026344528,12.628707610043174,12.488940797308384,12.535530090332031,428220,0.0,0.0
2005-10-21 00:00:00-04:00,12.58211283837213,12.597641883744652,12.395756829552656,12.4268159866333,292320,0.0,0.0
2005-10-24 00:00:00-04:00,12.473408633822368,12.597645295794225,12.470302397372304,12.579010009765625,252540,0.0,0.0
2005-10-25 00:00:00-04:00,12.501365046475085,12.582119752328477,12.488941163548702,12.523106575012207,317160,0.0,0.0
2005-10-26 00:00:00-04:00,12.572795636671898,12.628701481566813,12.547947883605955,12.547947883605957,196020,0.0,0.0
2005-10-27 00:00:00-04:00,12.62248876305857,12.62248876305857,12.510674952232042,12.526205062866211,405180,0.0,0.0
2005-10-28 00:00:00-04:00,12.616279958407272,12.619385128105558,12.516890002339968,12.606961250305176,283500,0.0,0.0
2005-10-31 00:00:00-05:00,12.58522056398214,12.672187714342744,12.563479042975946,12.610068321228027,418860,0.0,0.0
2005-11-01 00:00:00-05:00,12.78089037273516,12.808844357733854,12.625593536600514,12.67839527130127,499860,0.0,0.0
2005-11-02 00:00:00-05:00,12.765363920728642,12.855436239458815,12.734305824204059,12.79021167755127,468180,0.0,0.0
2005-11-03 00:00:00-05:00,12.252881163285656,12.451659920919608,12.234244821683038,12.355376243591309,794160,0.0,0.0
2005-11-04 00:00:00-05:00,12.4143941878295,12.417499357355512,12.206295579138008,12.287050247192383,742860,0.0,0.0
2005-11-07 00:00:00-05:00,12.175236310493114,12.290155296589406,12.156599963457715,12.262201309204102,529200,0.0,0.0
2005-11-08 00:00:00-05:00,12.22182559967041,12.2497795895429,12.181448799116458,12.22182559967041,286740,0.0,0.0
2005-11-09 00:00:00-05:00,12.215611564798671,12.287047509350344,12.19076381611311,12.28083610534668,362520,0.0,0.0
2005-11-10 00:00:00-05:00,12.277730464077258,12.333637368156381,12.21561215569401,12.29326057434082,356220,0.0,0.0
2005-11-11 00:00:00-05:00,12.333640791498054,12.377123832702638,12.3243220829521,12.377123832702637,282600,0.0,0.0
2005-11-14 00:00:00-05:00,12.395755291360578,12.41749680525268,12.336743220130854,12.38022518157959,309780,0.0,0.0
2005-11-15 00:00:00-05:00,12.336741565006747,12.398859863125837,12.296363711527546,12.333635330200195,1054080,0.0,0.0
2005-11-16 00:00:00-05:00,12.185254767921872,12.197830018434203,12.128666680280377,12.194685935974121,364860,0.26556,0.0
2005-11-17 00:00:00-05:00,12.244990418004889,12.301578521728514,12.24184633465127,12.301578521728516,286020,0.0,0.0
2005-11-18 00:00:00-05:00,12.301576068876042,12.323582489306835,12.172680549689906,12.251275062561035,342360,0.0,0.0
2005-11-21 00:00:00-05:00,12.298430373800267,12.317292709031458,12.147529533294833,12.213547706604004,509040,0.0,0.0
2005-11-22 00:00:00-05:00,12.172685629592266,12.311012375356928,12.160111452094151,12.298437118530273,426420,0.0,0.0
2005-11-23 00:00:00-05:00,12.282711989542442,12.355017247379523,12.248129243108474,12.323580741882324,246240,0.0,0.0
2005-11-25 00:00:00-05:00,12.304718118646148,12.314149286767265,12.244987027436412,12.292142868041992,225360,0.0,0.0
2005-11-28 00:00:00-05:00,12.304721525753829,12.339303204658728,12.260709755444681,12.301578521728516,293760,0.0,0.0
2005-11-29 00:00:00-05:00,12.279566947017702,12.323579778196741,12.238697118545844,12.282711029052734,304560,0.0,0.0
2005-11-30 00:00:00-05:00,12.355020138209998,12.405321149162006,12.317295459324182,12.33615779876709,481500,0.0,0.0
2005-12-01 00:00:00-05:00,12.392747078361142,12.427328756856769,12.361309483181925,12.424185752868652,385560,0.0,0.0
2005-12-02 00:00:00-05:00,12.487055871346547,12.543643951416016,12.427323709237703,12.543643951416016,372600,0.0,0.0
2005-12-05 00:00:00-05:00,12.556221474598106,12.556221474598106,12.480771040795807,12.509065628051758,354960,0.0,0.0
2005-12-06 00:00:00-05:00,12.505918420189886,12.534211921047705,12.47133675514508,12.490199089050293,411120,0.0,0.0
2005-12-07 00:00:00-05:00,12.590800002091218,12.603375251137317,12.4744797579107,12.490199089050293,370440,0.0,0.0
2005-12-08 00:00:00-05:00,12.515351012759227,12.593945518754103,12.46190700772143,12.524782180786133,468360,0.0,0.0
2005-12-09 00:00:00-05:00,12.537358102395329,12.568795690610548,12.505920514180108,12.53421401977539,212760,0.0,0.0
2005-12-12 00:00:00-05:00,12.66939668371554,12.69140310350881,12.631670930072195,12.659965515136719,213480,0.0,0.0
2005-12-13 00:00:00-05:00,12.766850287121299,12.836012532232981,12.747987954757,12.832869529724121,354960,0.0,0.0
2005-12-14 00:00:00-05:00,12.836017299184268,12.90203656630487,12.82973021250391,12.873743057250977,382860,0.0,0.0
2005-12-15 00:00:00-05:00,12.876889267924922,12.876889267924922,12.770001221400236,12.80772590637207,309420,0.0,0.0
2005-12-16 00:00:00-05:00,12.968056496179365,13.046649934136019,12.96491241327609,13.005781173706055,381060,0.0,0.0
2005-12-19 00:00:00-05:00,12.719692510449388,12.785711748555148,12.681967848290503,12.710261344909668,563580,0.0,0.0
2005-12-20 00:00:00-05:00,12.622237367777544,12.622237367777544,12.51220528967798,12.543643951416016,445320,0.0,0.0
2005-12-21 00:00:00-05:00,12.575084660410575,12.619097506371109,12.543648146813867,12.603379249572754,319320,0.0,0.0
2005-12-22 00:00:00-05:00,12.584513282459305,12.612806784138257,12.559362783637189,12.60651969909668,624240,0.0,0.0
2005-12-23 00:00:00-05:00,12.54050196411313,12.65996522895783,12.54050196411313,12.628527641296387,158400,0.0,0.0
2005-12-27 00:00:00-05:00,12.641104423808311,12.68197426760473,12.553078728444117,12.568798065185547,242820,0.0,0.0
2005-12-28 00:00:00-05:00,12.697686658810404,12.716548990723302,12.57507934272105,12.622236251831055,311220,0.0,0.0
2005-12-29 00:00:00-05:00,12.609666358569832,12.659967370800613,12.575084682493225,12.61595344543457,351180,0.0,0.0
2005-12-30 00:00:00-05:00,12.512208246133524,12.619096267449821,12.468195404494095,12.612809181213379,381780,0.0,0.0
2006-01-03 00:00:00-05:00,12.722844634295457,12.854883193969727,12.697694124073198,12.854883193969727,1266660,0.0,0.0
2006-01-04 00:00:00-05:00,12.782572564882873,12.804578986017082,12.741703805441663,12.779428482055664,304740,0.0,0.0
2006-01-05 00:00:00-05:00,12.716552042911003,12.763708963339464,12.68511553506272,12.7354154586792,483300,0.0,0.0
2006-01-06 00:00:00-05:00,12.851734428326088,12.914609601647197,12.839159177796265,12.911466598510742,475200,0.0,0.0
2006-01-09 00:00:00-05:00,12.851734161376951,12.867453494044716,12.801434239630467,12.851734161376953,312840,0.0,0.0
2006-01-10 00:00:00-05:00,12.839159767477275,12.949191865506807,12.839159767477275,12.94604778289795,385020,0.0,0.0
2006-01-11 00:00:00-05:00,13.024643967918282,13.162969589233398,13.024643967918282,13.162969589233398,502740,0.0,0.0
2006-01-12 00:00:00-05:00,13.11581374067608,13.162969589233398,13.065512729777355,13.162969589233398,1014300,0.0,0.0
2006-01-13 00:00:00-05:00,13.052936839782175,13.100092682138005,13.015211086569465,13.08437442779541,486360,0.0,0.0
2006-01-17 00:00:00-05:00,12.911464991769257,13.00577774001436,12.911464991769257,12.983771324157715,369180,0.0,0.0
2006-01-18 00:00:00-05:00,12.964908025547087,12.990058521605269,12.842300706423183,12.942901611328125,398340,0.0,0.0
2006-01-19 00:00:00-05:00,12.986916159770775,13.02464082952657,12.955477495870376,13.008922576904297,210780,0.0,0.0
2006-01-20 00:00:00-05:00,12.905179613090192,12.91775486476937,12.788860423881992,12.817153930664062,573120,0.0,0.0
2006-01-23 00:00:00-05:00,12.848593886210239,12.94290666425658,12.826587463399939,12.933475494384766,248580,0.0,0.0
2006-01-24 00:00:00-05:00,12.983775313950018,13.093807427045073,12.968057057409693,13.068656921386719,472320,0.0,0.0
2006-01-25 00:00:00-05:00,13.084376257255238,13.084376257255238,13.008925819608372,13.068656921386719,244980,0.0,0.0
2006-01-26 00:00:00-05:00,13.106382005427193,13.197550694922894,13.093806753245131,13.181831359863281,868500,0.0,0.0
2006-01-27 00:00:00-05:00,13.24784813004292,13.272998627622695,13.19754713488337,13.269854545593262,322740,0.0,0.0
2006-01-30 00:00:00-05:00,13.084376126175929,13.172401815770131,13.065512707457037,13.150395393371582,278100,0.0,0.0
2006-01-31 00:00:00-05:00,13.21012818426621,13.317016226923226,13.21012818426621,13.257285118103027,494280,0.0,0.0
2006-02-01 00:00:00-05:00,13.502492247007842,13.543360994191753,13.417610670755781,13.464766502380371,535500,0.0,0.0
2006-02-02 00:00:00-05:00,13.464768391012248,13.493062973283532,13.329586882290164,13.342162132263184,285120,0.0,0.0
2006-02-03 00:00:00-05:00,13.22584171449258,13.329585628185413,13.194404132181786,13.269854545593262,256680,0.0,0.0
2006-02-06 00:00:00-05:00,13.216414112860058,13.247851703651142,13.137819596218277,13.181831359863281,340380,0.0,0.0
2006-02-07 00:00:00-05:00,13.096949169005327,13.181830768264595,13.090662082860531,13.147250175476074,300060,0.0,0.0
2006-02-08 00:00:00-05:00,13.166112899475225,13.250995580552676,13.137819392001491,13.206981658935547,322920,0.0,0.0
2006-02-09 00:00:00-05:00,13.455342989675765,13.486779506566867,13.386179630396022,13.436479568481445,363420,0.0,0.0
2006-02-10 00:00:00-05:00,13.317013274335848,13.32644444314651,13.213269338090472,13.282431602478027,495540,0.0,0.0
2006-02-13 00:00:00-05:00,13.228995083026984,13.34217133148954,13.216420903712207,13.295014381408691,388080,0.0,0.0
2006-02-14 00:00:00-05:00,13.115815395920901,13.269860372414733,13.09695197478918,13.257285118103027,442260,0.0,0.0
2006-02-15 00:00:00-05:00,13.279288190330796,13.383032123382732,13.228987185784844,13.291863441467285,384300,0.0,0.0
2006-02-16 00:00:00-05:00,13.106382722806382,13.23527717590332,13.084376300115286,13.23527717590332,540720,0.0,0.0
2006-02-17 00:00:00-05:00,13.10637878173928,13.250992527271109,13.100090617530835,13.203834533691406,446940,0.0,0.0
2006-02-21 00:00:00-05:00,13.166117181757897,13.206985954510799,13.140966669604508,13.159830093383789,400140,0.0,0.0
2006-02-22 00:00:00-05:00,13.140961504720162,13.266712936733667,13.140961504720162,13.250994682312012,613440,0.0,0.0
2006-02-23 00:00:00-05:00,13.188119525618383,13.206981864227405,13.134675513340726,13.181831359863281,413100,0.0,0.0
2006-02-24 00:00:00-05:00,13.134673036929874,13.162966539508952,13.0969472874965,13.118953704833984,295380,0.0,0.0
2006-02-27 00:00:00-05:00,13.09695334817464,13.20698548577996,13.09695334817464,13.166116714477539,407880,0.0,0.0
2006-02-28 00:00:00-05:00,13.052941161701797,13.096952936030494,13.037221822826375,13.062371253967285,516420,0.0,0.0
2006-03-01 00:00:00-05:00,13.351597906448337,13.364173160760043,13.241565780381313,13.257285118103027,714240,0.0,0.0
2006-03-02 00:00:00-05:00,13.140966203216768,13.184979058258897,13.093810343763373,13.166116714477539,349200,0.0,0.0
2006-03-03 00:00:00-05:00,13.150394643988081,13.241563332066638,13.147250561159403,13.206981658935547,386100,0.0,0.0
2006-03-06 00:00:00-05:00,13.081232532588789,13.17240230860186,13.049794939318682,13.115814208984375,296640,0.0,0.0
2006-03-07 00:00:00-05:00,13.043506490107655,13.17240202284559,13.03407532026404,13.125245094299316,689940,0.0,0.0
2006-03-08 00:00:00-05:00,13.059225751596884,13.11895685337523,13.02778815918804,13.068656921386719,221400,0.0,0.0
2006-03-09 00:00:00-05:00,13.052941416611581,13.137823041942664,13.052941416611581,13.0812349319458,269100,0.0,0.0
2006-03-10 00:00:00-05:00,13.065513578474276,13.169258610695724,13.037220067502021,13.134676933288574,484200,0.0,0.0
2006-03-13 00:00:00-05:00,13.040369033813477,13.103245330269944,13.021506684540912,13.040369033813477,490140,0.0,0.0
2006-03-14 00:00:00-05:00,13.012067390084411,13.175543500200984,13.00263622133339,13.144105911254883,537120,0.0,0.0
2006-03-15 00:00:00-05:00,13.100095255881424,13.137821016506022,13.034075984284573,13.134676933288574,394020,0.0,0.0
2006-03-16 00:00:00-05:00,13.081231501999117,13.184975443684305,13.07180033269393,13.140962600708008,353880,0.0,0.0
2006-03-17 00:00:00-05:00,13.17240488195695,13.188123141998602,13.093810343763373,13.166116714477539,261180,0.0,0.0
2006-03-20 00:00:00-05:00,13.10009039119805,13.122096806891642,13.049790475038916,13.106378555297852,380520,0.0,0.0
2006-03-21 00:00:00-05:00,12.936616429741152,12.98691743345268,12.886316505357657,12.902034759521484,707580,0.0,0.0
2006-03-22 00:00:00-05:00,12.964915434561831,13.071803484900366,12.964915434561831,13.049797058105469,507600,0.0,0.0
2006-03-23 00:00:00-05:00,13.06865214428518,13.084371474407673,12.889457825124449,12.958620071411133,481500,0.0,0.0
2006-03-24 00:00:00-05:00,12.911472519764912,12.971203638014503,12.89575317956168,12.927190780639648,249840,0.0,0.0
2006-03-27 00:00:00-05:00,12.757420986602284,12.820297241210938,12.757420986602284,12.820297241210938,724140,0.0,0.0
2006-03-28 00:00:00-05:00,12.795147143841161,12.842304066456343,12.700834377938865,12.729127883911133,627120,0.0,0.0
2006-03-29 00:00:00-05:00,12.63795819885019,12.732272044658973,12.63795819885019,12.703978538513184,492660,0.0,0.0
2006-03-30 00:00:00-05:00,12.861167315679387,12.942905915386092,12.861167315679387,12.908324241638184,409860,0.0,0.0
2006-03-31 00:00:00-05:00,12.999491193563495,12.999491193563495,12.911466598510742,12.911466598510742,354780,0.0,0.0
2006-04-03 00:00:00-04:00,12.779428816378426,12.971199525276933,12.773141729887657,12.936617851257324,544860,0.0,0.0
2006-04-04 00:00:00-04:00,12.930327424668217,12.983771423682896,12.924039260473624,12.971196174621582,251280,0.0,0.0
2006-04-05 00:00:00-04:00,12.977489789990234,13.125247691655215,12.936621019470982,13.05294132232666,560160,0.0,0.0
2006-04-06 00:00:00-04:00,12.911463161699858,12.917750245627255,12.836011678604823,12.889456748962402,299880,0.0,0.0
2006-04-07 00:00:00-04:00,12.952335735614144,12.958622821400661,12.769997295868748,12.848591804504395,777960,0.0,0.0
2006-04-10 00:00:00-04:00,12.80772142558662,12.86116543015156,12.78571500727588,12.83915901184082,206100,0.0,0.0
2006-04-11 00:00:00-04:00,12.826586178222758,12.870597940105334,12.763709919830296,12.776285171508789,196200,0.0,0.0
2006-04-12 00:00:00-04:00,12.751136291992939,12.785717968680702,12.710267528329327,12.74484920501709,199260,0.0,0.0
2006-04-13 00:00:00-04:00,12.713411404913211,12.801437097114276,12.710267321812253,12.769999504089355,291600,0.0,0.0
2006-04-17 00:00:00-04:00,12.735416413049762,12.873742022856982,12.735416413049762,12.776285171508789,246600,0.0,0.0
2006-04-18 00:00:00-04:00,12.839162513754856,12.89575061617816,12.83287542652039,12.876888275146484,439380,0.0,0.0
2006-04-19 00:00:00-04:00,12.971202795654241,13.106385442906278,12.968059791280501,13.0812349319458,822780,0.0,0.0
2006-04-20 00:00:00-04:00,13.11895692818477,13.159826769944702,13.0497946562222,13.125245094299316,329940,0.0,0.0
2006-04-21 00:00:00-04:00,13.30129824651788,13.332735843290008,13.244710140596712,13.28872299194336,338580,0.0,0.0
2006-04-24 00:00:00-04:00,13.210124585115826,13.260424509329914,13.194406331004938,13.232131004333496,366840,0.0,0.0
2006-04-25 00:00:00-04:00,13.383030796838247,13.401893132009292,13.222698789228472,13.285573959350586,337860,0.0,0.0
2006-04-26 00:00:00-04:00,13.386177244349454,13.43962125632908,13.376746075097536,13.389321327209473,324540,0.0,0.0
2006-04-27 00:00:00-04:00,13.304435818243064,13.486774236800935,13.263567067059522,13.47105598449707,543780,0.0,0.0
2006-04-28 00:00:00-04:00,13.37360217208301,13.48049019747967,13.37045808918071,13.433334350585938,197280,0.0,0.0
2006-05-01 00:00:00-04:00,13.376748001901628,13.511929553088361,13.376748001901628,13.401897430419922,421380,0.0,0.0
2006-05-02 00:00:00-04:00,13.581091819655239,13.763430288583345,13.581091819655239,13.760287284851074,648180,0.0,0.0
2006-05-03 00:00:00-04:00,13.51821348579508,13.533932818107957,13.398750229932265,13.42389965057373,1164240,0.0,0.0
2006-05-04 00:00:00-04:00,13.027785032527222,13.169254704078483,12.98691628013702,13.118953704833984,1191420,0.0,0.0
2006-05-05 00:00:00-04:00,13.128388733307515,13.414472219309655,13.109526394258278,13.367315292358398,1237860,0.0,0.0
2006-05-08 00:00:00-04:00,13.200694572606317,13.269857918868498,13.188119320619727,13.206981658935547,1782540,0.0,0.0
2006-05-09 00:00:00-04:00,13.134676057660537,13.206982411543695,13.087519129855588,13.150395393371582,866520,0.0,0.0
2006-05-10 00:00:00-04:00,13.172401910402868,13.279289940155678,13.172401910402868,13.26042652130127,1510740,0.0,0.0
2006-05-11 00:00:00-04:00,13.36102611500433,13.379888452625655,13.27300151299545,13.282431602478027,1736280,0.0,0.0
2006-05-12 00:00:00-04:00,13.276141946121259,13.326441863149432,13.194404446034492,13.203834533691406,1020600,0.0,0.0
2006-05-15 00:00:00-04:00,13.046653404981539,13.188123141998602,13.030935144939887,13.166116714477539,782640,0.0,0.0
2006-05-16 00:00:00-04:00,13.140963730996834,13.210127084287974,13.109527216827704,13.184976577758789,789300,0.0,0.0
2006-05-17 00:00:00-04:00,13.04485935421338,13.106058000451993,12.819392403586534,12.951451301574707,1394100,0.55833,0.0
2006-05-18 00:00:00-04:00,13.002994927053955,13.08351904359304,12.899924102117012,13.00621509552002,1154700,0.0,0.0
2006-05-19 00:00:00-04:00,12.771079811887978,12.887033462524414,12.716322600461327,12.887033462524414,1002960,0.0,0.0
2006-05-22 00:00:00-04:00,12.938573512130565,12.974003099025802,12.83550270761905,12.945014953613281,358020,0.0,0.0
2006-05-23 00:00:00-04:00,13.09317534315878,13.209130112400517,13.0706286439077,13.077071189880371,601200,0.0,0.0
2006-05-24 00:00:00-04:00,12.954675298896692,12.970780558397575,12.764638987084904,12.906360626220703,461160,0.0,0.0
2006-05-25 00:00:00-04:00,12.917314012502127,12.981088148223247,12.818752778213007,12.975290298461914,317200,0.0,1.0
2006-05-26 00:00:00-04:00,13.212998619441601,13.282570609684376,13.108639528250594,13.247784614562988,984600,0.0,0.0
2006-05-30 00:00:00-04:00,13.184008466562819,13.195604166085486,12.975290298461914,12.975290298461914,542200,0.0,0.0
2006-05-31 00:00:00-04:00,13.050659670466986,13.108637055282992,12.99268228565098,13.05645751953125,337200,0.0,0.0
2006-06-01 00:00:00-04:00,12.853542791178693,13.033271766687072,12.818756787557389,13.021676063537598,318100,0.0,0.0
2006-06-02 00:00:00-04:00,13.137623305307768,13.16081469822941,12.998478265257354,13.0680513381958,341500,0.0,0.0
2006-06-05 00:00:00-04:00,13.033266671703572,13.085446209650987,12.876728057861328,12.876728057861328,290200,0.0,0.0
2006-06-06 00:00:00-04:00,12.812947273254395,12.853531091509831,12.70858825155407,12.812947273254395,444800,0.0,0.0
2006-06-07 00:00:00-04:00,12.725987180969076,12.894120371506688,12.714391483462599,12.754975318908691,893000,0.0,0.0
2006-06-08 00:00:00-04:00,12.360730214132866,12.465089278044088,12.32014637946218,12.4476957321167,1118600,0.0,0.0
2006-06-09 00:00:00-04:00,12.447699784161063,12.476689036810122,12.35493638733791,12.407115936279297,410500,0.0,0.0
2006-06-12 00:00:00-04:00,12.38392514054153,12.38392514054153,12.221588649734606,12.238982200622559,398000,0.0,0.0
2006-06-13 00:00:00-04:00,12.111429876042054,12.13462127372237,11.960689108600116,11.978082656860352,771600,0.0,0.0
2006-06-14 00:00:00-04:00,12.169406483824027,12.27376555503805,12.128822646313381,12.198395729064941,441300,0.0,0.0
2006-06-15 00:00:00-04:00,12.21579060979674,12.389722798495448,12.209992759590763,12.378127098083496,428400,0.0,0.0
2006-06-16 00:00:00-04:00,12.29115454823281,12.29695128930663,12.18099766878442,12.233177185058594,465000,0.0,0.0
2006-06-19 00:00:00-04:00,12.28535617318502,12.32014214726361,12.180997145123069,12.21578311920166,538700,0.0,0.0
2006-06-20 00:00:00-04:00,12.198396170853941,12.325945537053514,12.18100262307945,12.256372451782227,317200,0.0,0.0
2006-06-21 00:00:00-04:00,12.2853604078456,12.441897898069508,12.279562559196336,12.38392162322998,471200,0.0,0.0
2006-06-22 00:00:00-04:00,12.505675083000499,12.517270782112343,12.395518153091443,12.4708890914917,991900,0.0,0.0
2006-06-23 00:00:00-04:00,12.48828287176476,12.546259156745734,12.424507631293585,12.430305480957031,1108000,0.0,0.0
2006-06-26 00:00:00-04:00,12.40131404880355,12.465089278044088,12.32014637946218,12.4476957321167,496700,0.0,0.0
2006-06-27 00:00:00-04:00,12.453495926208161,12.470889475411392,12.256373458545267,12.27956485748291,510300,0.0,0.0
2006-06-28 00:00:00-04:00,12.40132213537447,12.511479119758581,12.40132213537447,12.45350170135498,351200,0.0,0.0
2006-06-29 00:00:00-04:00,12.621627864863797,12.801356749345098,12.575246181583895,12.783963203430176,363800,0.0,0.0
2006-06-30 00:00:00-04:00,12.998478265257354,13.137623305307768,12.986882568796535,13.0680513381958,499900,0.0,0.0
2006-07-03 00:00:00-04:00,13.079647874079244,13.172411247908935,13.027468338071714,13.15501880645752,241600,0.0,0.0
2006-07-05 00:00:00-04:00,13.06805747681543,13.160820880423936,12.981090818333833,13.039068222045898,472600,0.0,0.0
2006-07-06 00:00:00-04:00,13.12023312537589,13.19560406587406,13.091244982616141,13.149222373962402,473900,0.0,0.0
2006-07-07 00:00:00-04:00,13.0680525295082,13.189804035966517,13.062254680749245,13.102838516235352,342300,0.0,0.0
2006-07-10 00:00:00-04:00,13.039063972338457,13.0912435080902,13.021670425145665,13.05645751953125,253300,0.0,0.0
2006-07-11 00:00:00-04:00,12.998479199354236,13.137624249403892,12.986883502060124,13.131826400756836,317700,0.0,0.0
2006-07-12 00:00:00-04:00,13.062259843326634,13.108641545903067,12.952102885022478,12.986888885498047,265300,0.0,0.0
2006-07-13 00:00:00-04:00,12.91731151045813,12.92890610190819,12.754975066065196,12.783963203430176,214500,0.0,0.0
2006-07-14 00:00:00-04:00,12.824550782064046,12.830347526068257,12.685404597773724,12.74917984008789,358800,0.0,0.0
2006-07-17 00:00:00-04:00,12.604233309421073,12.696996668551057,12.604233309421073,12.621626853942871,267200,0.0,0.0
2006-07-18 00:00:00-04:00,13.021668771654056,13.021668771654056,12.731782990210363,12.830344200134277,282300,0.0,0.0
2006-07-19 00:00:00-04:00,12.824548163248803,13.184005932753777,12.818750314601749,13.131826400756836,707300,0.0,0.0
2006-07-20 00:00:00-04:00,13.37532797366004,13.421709648198005,13.276766777038574,13.276766777038574,630100,0.0,0.0
2006-07-21 00:00:00-04:00,13.60723798832326,13.61883368481358,13.468092947918858,13.47968864440918,593200,0.0,0.0
2006-07-24 00:00:00-04:00,13.58404995045288,13.63622948747287,13.560858553632144,13.6246337890625,329200,0.0,0.0
2006-07-25 00:00:00-04:00,13.549263898850507,13.555060642202415,13.398523137687697,13.52607250213623,426400,0.0,0.0
2006-07-26 00:00:00-04:00,13.49128651289148,13.589847737273828,13.473892965355772,13.52607250213623,312600,0.0,0.0
2006-07-27 00:00:00-04:00,13.647824428498353,13.682610415972345,13.555059952190033,13.572453498840332,365400,0.0,0.0
2006-07-28 00:00:00-04:00,13.74638899790749,13.850748099983912,13.711602999157671,13.78697395324707,481100,0.0,0.0
2006-07-31 00:00:00-04:00,13.775376317107659,13.86234185468225,13.752184917313471,13.850746154785156,442700,0.0,0.0
2006-08-01 00:00:00-04:00,13.960905483140449,14.007287184845486,13.786974378203304,13.844950675964355,1390700,0.0,0.0
2006-08-02 00:00:00-04:00,14.082655337303732,14.13483377373419,14.007284395898049,14.042070388793945,660500,0.0,0.0
2006-08-03 00:00:00-04:00,13.450698328598046,13.514472437303809,13.334743594144529,13.433304786682129,616000,0.0,0.0
2006-08-04 00:00:00-04:00,13.595644134061198,13.61303657391225,13.42750984332408,13.520273208618164,1218000,0.0,0.0
2006-08-07 00:00:00-04:00,13.363738090193179,13.41591763496853,13.265176850709388,13.29996395111084,467400,0.0,0.0
2006-08-08 00:00:00-04:00,13.224591337215976,13.305760122082933,13.218793487880717,13.259378433227539,502000,0.0,0.0
2006-08-09 00:00:00-04:00,13.282564624584113,13.398519363842198,13.276766777038574,13.276766777038574,257000,0.0,0.0
2006-08-10 00:00:00-04:00,13.160816890668094,13.224591020173676,13.108637353728376,13.189805030822754,328500,0.0,0.0
2006-08-11 00:00:00-04:00,13.160817091413707,13.18980523201053,13.102839704393379,13.137625694274902,288000,0.0,0.0
2006-08-14 00:00:00-04:00,13.3289470974883,13.42171045212049,13.27676757227939,13.340542793273926,417000,0.0,0.0
2006-08-15 00:00:00-04:00,13.526071101092038,13.642025860999382,13.48548726687243,13.60723876953125,571700,0.0,0.0
2006-08-16 00:00:00-04:00,13.595644264478839,13.671014084818323,13.560857172789952,13.6420259475708,311700,0.0,0.0
2006-08-17 00:00:00-04:00,13.497087478637694,13.560861622674507,13.462300375533706,13.497087478637695,279100,0.0,0.0
2006-08-18 00:00:00-04:00,13.468095116177203,13.549263898850507,13.450702674468157,13.52607250213623,171600,0.0,0.0
2006-08-21 00:00:00-04:00,13.520277563053076,13.566659260638133,13.508681862200088,13.549266815185547,202800,0.0,0.0
2006-08-22 00:00:00-04:00,13.479690786949481,13.537668172789864,13.450702646942618,13.514476776123047,696700,0.0,0.0
2006-08-23 00:00:00-04:00,13.688406119873717,13.705798557972004,13.508676150130915,13.613035202026367,350600,0.0,0.0
2006-08-24 00:00:00-04:00,13.775375366210938,13.798565658577521,13.71160012700605,13.775375366210938,880000,0.0,0.0
2006-08-25 00:00:00-04:00,13.694209790637833,13.746388232945446,13.68261408975752,13.723197937011719,330900,0.0,0.0
2006-08-28 00:00:00-04:00,13.752184917313471,13.885533254476437,13.752184917313471,13.850746154785156,284800,0.0,0.0
2006-08-29 00:00:00-04:00,13.86233711242676,13.885528504287256,13.734787774673315,13.862337112426758,358200,0.0,0.0
2006-08-30 00:00:00-04:00,13.949304356243042,14.013079585969813,13.943506507556375,13.989888191223145,365700,0.0,0.0
2006-08-31 00:00:00-04:00,13.995692029929062,14.030479136937604,13.891332920557511,13.960906028747559,412900,0.0,0.0
2006-09-01 00:00:00-04:00,13.926115504972142,14.030474580452424,13.879733816517204,13.995687484741211,348200,0.0,0.0
2006-09-05 00:00:00-04:00,14.071055132834466,14.094245418731692,14.01307775935177,14.088447570800781,333000,0.0,0.0
2006-09-06 00:00:00-04:00,13.87973540452789,13.908723548443819,13.850746154785154,13.850746154785156,330400,0.0,0.0
2006-09-07 00:00:00-04:00,13.827553749084473,13.86813758669956,13.746384968027655,13.827553749084473,383900,0.0,0.0
2006-09-08 00:00:00-04:00,13.821760378025335,13.856546377847364,13.746389421612774,13.844950675964355,366200,0.0,0.0
2006-09-11 00:00:00-04:00,13.83335235010721,13.885531888684907,13.78697066090778,13.87973403930664,267900,0.0,0.0
2006-09-12 00:00:00-04:00,13.908720521262941,13.989888191223145,13.862338837596171,13.989888191223145,443500,0.0,0.0
2006-09-13 00:00:00-04:00,14.001487800700957,14.11744259517967,13.97829750530134,14.111644744873047,393900,0.0,0.0
2006-09-14 00:00:00-04:00,14.100049305767126,14.140633152839303,14.030477312451078,14.082656860351562,400000,0.0,0.0
2006-09-15 00:00:00-04:00,14.071056576043093,14.129033955472284,14.024674893665047,14.094246864318848,499700,0.0,0.0
2006-09-18 00:00:00-04:00,14.146429834664469,14.216002928060213,14.129037390685635,14.210205078125,354800,0.0,0.0
2006-09-19 00:00:00-04:00,14.01887561398038,14.036268051955004,13.955100392536302,14.024673461914062,359700,0.0,0.0
2006-09-20 00:00:00-04:00,14.10004765470037,14.20440673828125,14.08845195522988,14.20440673828125,495400,0.0,0.0
2006-09-21 00:00:00-04:00,14.25078367163998,14.32035673940395,14.163818166304813,14.27977180480957,410200,0.0,0.0
2006-09-22 00:00:00-04:00,14.297174185345385,14.320365590876872,14.221804329022218,14.23919677734375,358500,0.0,0.0
2006-09-25 00:00:00-04:00,14.343548091407067,14.407323316114374,14.215998747818933,14.38992977142334,391200,0.0,0.0
2006-09-26 00:00:00-04:00,14.488492598894307,14.60444736480713,14.476896901137705,14.604447364807129,601700,0.0,0.0
2006-09-27 00:00:00-04:00,14.482696356853662,14.587055436588395,14.46530391411569,14.54647159576416,306400,0.0,0.0
2006-09-28 00:00:00-04:00,14.442110761581725,14.494290295110249,14.41312262332214,14.471098899841309,305500,0.0,0.0
2006-09-29 00:00:00-04:00,14.378335490127233,14.430515023509537,14.355145200749869,14.384133338928223,243100,0.0,0.0
2006-10-02 00:00:00-04:00,14.297169249402707,14.360944486769505,14.262383258942045,14.314562797546387,225500,0.0,0.0
2006-10-03 00:00:00-04:00,14.256581519439177,14.32035673940395,14.22179553847039,14.27977180480957,209500,0.0,0.0
2006-10-04 00:00:00-04:00,14.407325552687938,14.53487491607666,14.401527703557543,14.53487491607666,356700,0.0,0.0
2006-10-05 00:00:00-04:00,14.482695841212797,14.534875379222367,14.447909851148646,14.529077529907227,309100,0.0,0.0
2006-10-06 00:00:00-04:00,14.482695116673156,14.523278954022121,14.424717732248936,14.488492965698242,630100,0.0,0.0
2006-10-09 00:00:00-04:00,14.418924323462633,14.500092016930793,14.378339370901667,14.494294166564941,192700,0.0,0.0
2006-10-10 00:00:00-04:00,14.39572525024414,14.40152309752021,14.302961905479622,14.39572525024414,286200,0.0,0.0
2006-10-11 00:00:00-04:00,14.297165681631098,14.407322580732021,14.256581851916659,14.349345207214355,173900,0.0,0.0
2006-10-12 00:00:00-04:00,14.349353352970429,14.465308165830303,14.320365202668986,14.453712463378906,327300,0.0,0.0
2006-10-13 00:00:00-04:00,14.302964019686808,14.384131681897067,14.302964019686808,14.355143547058105,476300,0.0,0.0
2006-10-16 00:00:00-04:00,14.360943049550857,14.401526885331185,14.326155956744929,14.384133338928223,368000,0.0,0.0
2006-10-17 00:00:00-04:00,14.291373742380907,14.31456514370689,14.181216797736244,14.297171592712402,330600,0.0,0.0
2006-10-18 00:00:00-04:00,14.41311879207235,14.44790476990247,14.349343577861882,14.39572525024414,1378500,0.0,0.0
2006-10-19 00:00:00-04:00,14.436312912764489,14.494290295110249,14.395729076870435,14.471098899841309,241100,0.0,0.0
2006-10-20 00:00:00-04:00,14.41892043173415,14.442110721111515,14.2855721209646,14.384133338928223,265300,0.0,0.0
2006-10-23 00:00:00-04:00,14.320365202668986,14.471104911228952,14.285578095314794,14.453712463378906,413400,0.0,0.0
2006-10-24 00:00:00-04:00,14.262379699851069,14.366738751017582,14.256581851916659,14.349345207214355,543300,0.0,0.0
2006-10-25 00:00:00-04:00,14.401527441975228,14.494290814723326,14.395729592950142,14.488492965698242,277400,0.0,0.0
2006-10-26 00:00:00-04:00,14.459506064594123,14.552269445285726,14.436314666507862,14.54647159576416,335800,0.0,0.0
2006-10-27 00:00:00-04:00,14.517483220827376,14.569661654030014,14.482696124256675,14.511685371398926,329600,0.0,0.0
2006-10-30 00:00:00-05:00,14.49429588073473,14.563868987526146,14.49429588073473,14.55807113647461,487300,0.0,0.0
2006-10-31 00:00:00-05:00,14.540670553760785,14.540670553760785,14.007280678979306,14.07685375213623,2522500,0.0,0.0
2006-11-01 00:00:00-05:00,14.407324721908319,14.494290242196179,14.291369957640114,14.30876350402832,1234700,0.0,0.0
2006-11-02 00:00:00-05:00,14.749395200519777,15.074067105467524,14.749395200519777,14.987101554870605,1546700,0.0,0.0
2006-11-03 00:00:00-05:00,15.224802380677206,15.265386215830198,15.074061631661404,15.108847618103027,913500,0.0,0.0
2006-11-06 00:00:00-05:00,15.439316584898636,15.5262832059744,15.433519842265007,15.503091812133789,723900,0.0,0.0
2006-11-07 00:00:00-05:00,15.491499516893995,15.595858600439247,15.456713524321168,15.532084465026855,498200,0.0,0.0
2006-11-08 00:00:00-05:00,15.654421345462891,15.767255886005115,15.64254366770549,15.743501663208008,414100,0.636,0.0
2006-11-09 00:00:00-05:00,15.856339715913707,15.909788141124935,15.80883013047238,15.814767837524414,450100,0.0,0.0
2006-11-10 00:00:00-05:00,16.004801411733283,16.034494466918375,15.91571998074311,15.992923736572266,374700,0.0,0.0
2006-11-13 00:00:00-05:00,15.850398632039488,15.91572359482392,15.838520954181336,15.897908210754395,288900,0.0,0.0
2006-11-14 00:00:00-05:00,15.856330896500273,15.856330896500273,15.660353823969022,15.796943664550781,619700,0.0,0.0
2006-11-15 00:00:00-05:00,15.796949239062624,15.933539127844954,15.767255046250614,15.880090713500977,378600,0.0,0.0
2006-11-16 00:00:00-05:00,15.856340718502343,15.89197262665686,15.808831130057008,15.850401878356934,263100,0.0,0.0
2006-11-17 00:00:00-05:00,15.707870481051314,15.897908802990333,15.666298606999126,15.86821460723877,424700,0.0,0.0
2006-11-20 00:00:00-05:00,15.636599200581754,15.648476874063899,15.547518914900238,15.62472152709961,413600,0.0,0.0
2006-11-21 00:00:00-05:00,15.648476234796934,15.707863467064305,15.595027839028026,15.695985794067383,512800,0.0,0.0
2006-11-22 00:00:00-05:00,15.672238855159845,15.808829902461742,15.612852723753111,15.779135704040527,255700,0.0,0.0
2006-11-24 00:00:00-05:00,15.83257647799823,15.897902550240751,15.826637641183702,15.856331825256348,142700,0.0,0.0
2006-11-27 00:00:00-05:00,15.796948887065618,15.850397300218628,15.642542486036657,15.707868576049805,352100,0.0,0.0
2006-11-28 00:00:00-05:00,15.796950880606685,15.897908881223318,15.755380139067675,15.826643943786621,319600,0.0,0.0
2006-11-29 00:00:00-05:00,16.046370941019184,16.052309778155173,15.897903410771525,15.957290649414062,412500,0.0,0.0
2006-11-30 00:00:00-05:00,15.98104606141125,16.028555629337866,15.94541416864565,15.992923736572266,215300,0.0,0.0
2006-12-01 00:00:00-05:00,15.93947928691954,15.992927705691473,15.820704771266858,15.909786224365234,371000,0.0,0.0
2006-12-04 00:00:00-05:00,15.957292120375492,16.028555907141822,15.820701119091334,15.969168663024902,377600,0.0,0.0
2006-12-05 00:00:00-05:00,16.00479947408011,16.070124414122105,15.975105289772554,16.052309036254883,306100,0.0,0.0
2006-12-06 00:00:00-05:00,15.933540962794426,15.963234026308331,15.886031381541518,15.921663284301758,270000,0.0,0.0
2006-12-07 00:00:00-05:00,16.06418868954277,16.123575936946274,15.981047222808382,16.010740280151367,211000,0.0,0.0
2006-12-08 00:00:00-05:00,15.915722230081721,16.022619056203492,15.868212655440669,15.927599906921387,269300,0.0,0.0
2006-12-11 00:00:00-05:00,15.975112321177308,16.034499583214256,15.951358095993214,16.004806518554688,235400,0.0,0.0
2006-12-12 00:00:00-05:00,16.0820075650196,16.194843238383008,16.0820075650196,16.159210205078125,265200,0.0,0.0
2006-12-13 00:00:00-05:00,16.272042514737507,16.331429758584946,16.23641062151603,16.307674407958984,441900,0.0,0.0
2006-12-14 00:00:00-05:00,16.33736801147461,16.384877578308547,16.28391960719675,16.33736801147461,355300,0.0,0.0
2006-12-15 00:00:00-05:00,16.349249579725637,16.36706496358248,16.26016812957066,16.295801162719727,325200,0.0,0.0
2006-12-18 00:00:00-05:00,16.367063018643645,16.42051142929815,16.254228491899745,16.277982711791992,245100,0.0,0.0
2006-12-19 00:00:00-05:00,16.456139874987155,16.53334362206345,16.438324496982872,16.52740478515625,534800,0.0,0.0
2006-12-20 00:00:00-05:00,16.60460997307628,16.640243000042275,16.41457169346094,16.45614242553711,603600,0.0,0.0
2006-12-21 00:00:00-05:00,16.384879391100217,16.473959697179847,16.313614466605983,16.36112403869629,447100,0.0,0.0
2006-12-22 00:00:00-05:00,16.48583554942034,16.54522279114212,16.27798076975283,16.33736801147461,249400,0.0,0.0
2006-12-26 00:00:00-05:00,16.301743030270337,16.438332951232326,16.301743030270337,16.390823364257812,119000,0.0,0.0
2006-12-27 00:00:00-05:00,16.45614237896395,16.61648760170465,16.45614237896395,16.59273338317871,326100,0.0,0.0
2006-12-28 00:00:00-05:00,16.67587932837124,16.687757007184825,16.56304364507781,16.598676681518555,227800,0.0,0.0
2006-12-29 00:00:00-05:00,16.539283720943335,16.62836401591368,16.509589534141618,16.521467208862305,184100,0.0,0.0
2007-01-03 00:00:00-05:00,16.723388725535578,16.788714825568366,16.610553043492885,16.66400146484375,553000,0.0,0.0
2007-01-04 00:00:00-05:00,16.55116643034713,16.628369074080982,16.539288752013384,16.574920654296875,361700,0.0,0.0
2007-01-05 00:00:00-05:00,16.378939975692273,16.402695327258897,16.26610432118582,16.313613891601562,313800,0.0,0.0
2007-01-08 00:00:00-05:00,16.242351604900026,16.26610582594662,16.12357710151421,16.200780868530273,383600,0.0,0.0
2007-01-09 00:00:00-05:00,16.159211598565005,16.194844634942697,16.082008951848923,16.147335052490234,337200,0.0,0.0
2007-01-10 00:00:00-05:00,15.998862266540527,16.052310671019992,15.9632292417426,15.998862266540527,393400,0.0,0.0
2007-01-11 00:00:00-05:00,15.957293604263942,16.117637705757513,15.91572173661405,16.076066970825195,286900,0.0,0.0
2007-01-12 00:00:00-05:00,16.37300231721262,16.462082626569252,16.349248096652396,16.426450729370117,360400,0.0,0.0
2007-01-16 00:00:00-05:00,16.52147430157283,16.533351981392634,16.462087035191697,16.49178123474121,319200,0.0,0.0
2007-01-17 00:00:00-05:00,16.61055060011002,16.675876690533457,16.586796378958162,16.634305953979492,414300,0.0,0.0
2007-01-18 00:00:00-05:00,16.634306044475295,16.675876781255415,16.47989964163655,16.515531539916992,302100,0.0,0.0
2007-01-19 00:00:00-05:00,16.515530780567,16.652121794344165,16.515530780567,16.610549926757812,617800,0.0,0.0
2007-01-22 00:00:00-05:00,16.533346933417977,16.533346933417977,16.384879379154324,16.43832778930664,298200,0.0,0.0
2007-01-23 00:00:00-05:00,16.289857800086875,16.390815767203986,16.236409397923854,16.33142852783203,426600,0.0,0.0
2007-01-24 00:00:00-05:00,16.450206082647934,16.48583797984707,16.33737042001349,16.426450729370117,317800,0.0,0.0
2007-01-25 00:00:00-05:00,16.367058558151804,16.3789362312197,16.17108148340051,16.2126522064209,257700,0.0,0.0
2007-01-26 00:00:00-05:00,16.117636471323305,16.1413918224467,15.986985438297086,16.099821090698242,324800,0.0,0.0
2007-01-29 00:00:00-05:00,16.141396775872707,16.230477104487186,16.117641417459335,16.19484519958496,274600,0.0,0.0
2007-01-30 00:00:00-05:00,16.367065506904893,16.414575086629757,16.254230963006922,16.32549476623535,315500,0.0,0.0
2007-01-31 00:00:00-05:00,16.194843189362384,16.2542304453064,16.1295170945522,16.218597412109375,358700,0.0,0.0
2007-02-01 00:00:00-05:00,16.408633598823382,16.515530419128023,16.37894054105767,16.43832778930664,420600,0.0,0.0
2007-02-02 00:00:00-05:00,16.539288158391642,16.563042381488806,16.468023223664726,16.509593963623047,411700,0.0,0.0
2007-02-05 00:00:00-05:00,16.396757670490437,16.491776818166525,16.390818832170982,16.426450729370117,264800,0.0,0.0
2007-02-06 00:00:00-05:00,16.675875425657328,16.69963077772494,16.610549340188918,16.640243530273438,787800,0.0,0.0
2007-02-07 00:00:00-05:00,16.521465241112004,16.658055085979477,16.497711027217225,16.56303596496582,262900,0.0,0.0
2007-02-08 00:00:00-05:00,16.12950830759615,16.23046624788629,16.081998755266504,16.18295669555664,1049900,0.0,0.0
2007-02-09 00:00:00-05:00,16.058247873116393,16.159204701610143,16.022614851947328,16.052309036254883,476000,0.0,0.0
2007-02-12 00:00:00-05:00,15.79100507483561,15.862268848114782,15.74943435163655,15.832575798034668,539800,0.0,0.0
2007-02-13 00:00:00-05:00,15.89196945116249,16.046375865936202,15.89196945116249,16.016681671142578,414100,0.0,0.0
2007-02-14 00:00:00-05:00,16.266106817798924,16.378942489624023,16.260167978995742,16.378942489624023,673300,0.0,0.0
2007-02-15 00:00:00-05:00,16.45614197570144,16.473958488697416,16.36112283849116,16.402694702148438,264300,0.0,0.0
2007-02-16 00:00:00-05:00,16.1829623498312,16.24828843187809,16.093882049678378,16.224533081054688,327500,0.0,0.0
2007-02-20 00:00:00-05:00,16.31361326988602,16.426448920092277,16.254227158667693,16.402694702148438,333300,0.0,0.0
2007-02-21 00:00:00-05:00,16.05825277534814,16.16514847333631,16.028558581975602,16.1117000579834,468300,0.0,0.0
2007-02-22 00:00:00-05:00,16.04637394115105,16.11169889642578,16.022618588165635,16.093883514404297,365100,0.0,0.0
2007-02-23 00:00:00-05:00,16.260162448057564,16.266101284840637,16.171082161746096,16.236408233642578,329800,0.0,0.0
2007-02-26 00:00:00-05:00,16.272047661980334,16.307679566473045,16.206722692529997,16.260169982910156,283900,0.0,0.0
2007-02-27 00:00:00-05:00,16.21265224973514,16.24234643248421,15.838514608834839,15.891963005065918,685300,0.0,0.0
2007-02-28 00:00:00-05:00,15.951353282692052,16.022617069458384,15.862271850157939,15.969168663024902,577700,0.0,0.0
2007-03-01 00:00:00-05:00,15.57127873387878,15.743501663208008,15.464383032215256,15.743501663208008,776800,0.0,0.0
2007-03-02 00:00:00-05:00,15.541583986016573,15.636603132331274,15.476257898156124,15.523767471313477,597100,0.0,0.0
2007-03-05 00:00:00-05:00,15.220895639075247,15.440628153501647,15.185263737420437,15.321853637695312,2065000,0.0,0.0
2007-03-06 00:00:00-05:00,15.595032648404917,15.69005179624892,15.482196985571068,15.654419898986816,687900,0.0,0.0
2007-03-07 00:00:00-05:00,15.707863382985165,15.82663671416691,15.666291527718458,15.796943664550781,678500,0.0,0.0
2007-03-08 00:00:00-05:00,15.660364352245905,15.791015444196171,15.6247313094902,15.678179740905762,1904600,0.0,0.0
2007-03-09 00:00:00-05:00,15.826643481006384,15.957295673700358,15.731624322347704,15.91572380065918,1825300,0.0,0.0
2007-03-12 00:00:00-04:00,16.159203210874942,16.34924257475965,16.141387834651244,16.301733016967773,658500,0.0,0.0
2007-03-13 00:00:00-04:00,16.165152494236203,16.396762729281818,16.034501409052016,16.04637908935547,590300,0.0,0.0
2007-03-14 00:00:00-04:00,16.254229092323584,16.378941299979196,16.177025326207406,16.34330940246582,592200,0.0,0.0
2007-03-15 00:00:00-04:00,16.74714166226241,17.133157101887825,16.74120282377985,17.05001449584961,1216300,0.0,0.0
2007-03-16 00:00:00-04:00,17.816108579753372,17.83986393489753,17.32913512647494,17.42415428161621,3757900,0.0,0.0
2007-03-19 00:00:00-04:00,17.459782363130635,17.513230767798053,17.32913133656441,17.346946716308594,1553700,0.0,0.0
2007-03-20 00:00:00-04:00,17.174729501850244,17.447909302198607,17.174729501850244,17.25193214416504,4107000,0.0,0.0
2007-03-21 00:00:00-04:00,17.388517128663896,17.56073887056129,17.26974265425944,17.554800033569336,2822700,0.0,0.0
2007-03-22 00:00:00-04:00,17.519170084485317,17.584496165914004,17.430089785175493,17.49541473388672,1120700,0.0,0.0
2007-03-23 00:00:00-04:00,17.632010046947897,17.76859994814552,17.596377012334635,17.66170310974121,3521300,0.0,0.0
2007-03-26 00:00:00-04:00,17.459782327899408,17.46572116537463,17.26974405956203,17.406333923339844,2340800,0.0,0.0
2007-03-27 00:00:00-04:00,17.4776013882594,17.596374756926668,17.44196949093098,17.489479064941406,2670300,0.0,0.0
2007-03-28 00:00:00-04:00,17.311316043895886,17.54292619134693,17.299438368084548,17.4003963470459,1983800,0.0,0.0
2007-03-29 00:00:00-04:00,17.64982481409992,17.70327323143231,17.590438690590773,17.673580169677734,751300,0.0,0.0
2007-03-30 00:00:00-04:00,17.67951684555123,17.91112587050998,17.67951684555123,17.857677459716797,889200,0.0,0.0
2007-04-02 00:00:00-04:00,17.994271857000236,18.01802721563561,17.827988877423994,17.881437301635742,575700,0.0,0.0
2007-04-03 00:00:00-04:00,17.869558178185862,18.023964598683868,17.833926275830244,17.952699661254883,310600,0.0,0.0
2007-04-04 00:00:00-04:00,17.964575458928184,18.006146196110716,17.911127044631318,17.97051429748535,271200,0.0,0.0
2007-04-05 00:00:00-04:00,17.970513035639144,18.000206093622367,17.92300346323545,17.976451873779297,309700,0.0,0.0
2007-04-09 00:00:00-04:00,17.905180681258166,17.970506745215488,17.83391691395668,17.869548797607422,299500,0.0,0.0
2007-04-10 00:00:00-04:00,18.059596989820648,18.17243267183803,18.000209729142142,18.041780471801758,768800,0.0,0.0
2007-04-11 00:00:00-04:00,18.089291569396135,18.089291569396135,17.83986709254061,17.911130905151367,407000,0.0,0.0
2007-04-12 00:00:00-04:00,17.827985570266254,18.012085034667884,17.786414833083718,17.97051429748535,351400,0.0,0.0
2007-04-13 00:00:00-04:00,18.29120445251465,18.338714030337375,18.20212413568675,18.29120445251465,307200,0.0,0.0
2007-04-16 00:00:00-04:00,18.303077567374196,18.409974374006435,18.303077567374196,18.386219024658203,278000,0.0,0.0
2007-04-17 00:00:00-04:00,18.404037435835665,18.487178901699284,18.368405540853757,18.463424682617188,458900,0.0,0.0
2007-04-18 00:00:00-04:00,18.350586680123293,18.374342028884804,18.24368987613123,18.33277130126953,436000,0.0,0.0
2007-04-19 00:00:00-04:00,18.261511445204086,18.39810134025906,18.261511445204086,18.32683753967285,237900,0.0,0.0
2007-04-20 00:00:00-04:00,18.62971249180854,18.70691513524071,18.54656987651496,18.582202911376953,373000,0.0,0.0
2007-04-23 00:00:00-04:00,18.5643888713118,18.629714977891968,18.51687928454019,18.53469467163086,213800,0.0,0.0
2007-04-24 00:00:00-04:00,18.623774167853234,18.695037974113106,18.58814113200552,18.594079971313477,393200,0.0,0.0
2007-04-25 00:00:00-04:00,18.873193062430786,18.885069604117284,18.7662962582307,18.849437713623047,457900,0.0,0.0
2007-04-26 00:00:00-04:00,18.944456226243318,18.974150411285613,18.86131477355957,18.86131477355957,432800,0.0,0.0
2007-04-27 00:00:00-04:00,18.81380924446743,18.8672576562872,18.635647494162328,18.65940284729004,362800,0.0,0.0
2007-04-30 00:00:00-04:00,18.689099134805154,18.754425234474848,18.594079971313477,18.594079971313477,511800,0.0,0.0
2007-05-01 00:00:00-04:00,18.570322191693368,18.6475248224815,18.38028390109098,18.409976959228516,1397600,0.0,0.0
2007-05-02 00:00:00-04:00,18.362464226550237,18.48123870409541,18.326832336373634,18.415912628173828,1248300,0.0,0.0
2007-05-03 00:00:00-04:00,19.217642748775678,19.259213487412342,18.914768768071557,19.03948211669922,1553400,0.0,0.0
2007-05-04 00:00:00-04:00,19.2948393572855,19.35422545745363,19.086983475828028,19.146371841430664,1334200,0.0,0.0
2007-05-07 00:00:00-04:00,19.271085250038382,19.3007783020315,19.17606612439961,19.19982147216797,464400,0.0,0.0
2007-05-08 00:00:00-04:00,19.734307712615212,19.775878447989268,19.532391741326155,19.627410888671875,1690900,0.0,0.0
2007-05-09 00:00:00-04:00,19.75806857374649,19.78182393356397,19.70462014687506,19.75212860107422,988000,0.0,0.0
2007-05-10 00:00:00-04:00,19.49676083300899,19.526453891566188,19.158252716064453,19.158252716064453,682800,0.0,0.0
2007-05-11 00:00:00-04:00,19.13450325110636,19.401743094151286,19.086992536071786,19.318601608276367,672400,0.0,0.0
2007-05-14 00:00:00-04:00,19.247336670208362,19.300785088763895,19.152317511158017,19.223581314086914,318400,0.0,0.0
2007-05-15 00:00:00-04:00,18.95634387621671,19.09887264127483,18.93852735581522,18.991975784301758,943300,0.0,0.0
2007-05-16 00:00:00-04:00,18.867261296911796,18.879138975767567,18.712854869940163,18.80193519592285,1184500,0.0,0.0
2007-05-17 00:00:00-04:00,18.69503859136069,18.724732788880853,18.582204038937515,18.677223205566406,1163500,0.0,0.0
2007-05-18 00:00:00-04:00,18.653462034883724,18.736603496596565,18.552504060210644,18.700971603393555,1039900,0.0,0.0
2007-05-21 00:00:00-04:00,18.40403495387584,18.46936102979742,18.362464226550237,18.415912628173828,2131700,0.0,0.0
2007-05-22 00:00:00-04:00,18.499054601405224,18.58219719110451,18.48123922217619,18.504993438720703,1115000,0.0,0.0
2007-05-23 00:00:00-04:00,18.71836303701337,18.748671961843467,18.621376789891585,18.65168571472168,1090000,0.632,0.0
2007-05-24 00:00:00-04:00,18.736555321705655,18.82747981749023,18.54864454292851,18.591075897216797,788000,0.0,0.0
2007-05-25 00:00:00-04:00,18.518332274248525,18.591072551486143,18.500148072064732,18.548641204833984,1579100,0.0,0.0
2007-05-29 00:00:00-04:00,18.706241319001588,18.7304873036002,18.578946142315136,18.603193283081055,426100,0.0,0.0
2007-05-30 00:00:00-04:00,18.542579685001545,18.688059085398482,18.51227191014833,18.681997299194336,431500,0.0,0.0
2007-05-31 00:00:00-04:00,18.6638126373291,18.718366399488517,18.609257719002212,18.6638126373291,384600,0.0,0.0
2007-06-01 00:00:00-04:00,18.809293234519828,18.821415651235842,18.718367594060656,18.77292251586914,440100,0.0,0.0
2007-06-04 00:00:00-04:00,18.906279313463646,18.906279313463646,18.785045898192934,18.857786178588867,442700,0.0,0.0
2007-06-05 00:00:00-04:00,18.736548331005753,18.736548331005753,18.548637622339033,18.57288360595703,628300,0.0,0.0
2007-06-06 00:00:00-04:00,18.488024187706344,18.488024187706344,18.27586630185983,18.306175231933594,387400,0.0,0.0
2007-06-07 00:00:00-04:00,18.148571897338957,18.215249229819023,17.96672178907324,18.015214920043945,839300,0.0,0.0
2007-06-08 00:00:00-04:00,18.075836442515048,18.160699155299593,17.978850154713356,18.148576736450195,595600,0.0,0.0
2007-06-11 00:00:00-04:00,18.166752390060726,18.318293537927598,18.09401328653826,18.26373863220215,288600,0.0,0.0
2007-06-12 00:00:00-04:00,18.372850649518266,18.50014583021659,18.318295737242888,18.366788864135742,725900,0.0,0.0
2007-06-13 00:00:00-04:00,18.251618410369808,18.384974220283315,18.221309483457187,18.366788864135742,618500,0.0,0.0
2007-06-14 00:00:00-04:00,18.384971462069903,18.566820371594297,18.348601911398458,18.53045082092285,1993100,0.0,0.0
2007-06-15 00:00:00-04:00,18.82747631079459,19.827647890474182,18.821414524715628,18.94264793395996,1507600,0.0,0.0
2007-06-18 00:00:00-04:00,19.045693601994643,19.045693601994643,18.85172109640728,18.954769134521484,810600,0.0,0.0
2007-06-19 00:00:00-04:00,18.766855237264497,18.815349514606783,18.669868994914335,18.736547470092773,605100,0.0,0.0
2007-06-20 00:00:00-04:00,18.712300882996345,18.712300882996345,18.469834128787806,18.50014305114746,393500,0.0,0.0
2007-06-21 00:00:00-04:00,18.542577563657755,18.69411873292193,18.530453992636453,18.65774917602539,762800,0.0,0.0
2007-06-22 00:00:00-04:00,19.021449786186533,19.069942921061312,18.791107684573223,18.857786178588867,704500,0.0,0.0
2007-06-25 00:00:00-04:00,18.96689768783418,19.094191744503743,18.875972040307197,18.92446517944336,717800,0.0,0.0
2007-06-26 00:00:00-04:00,19.276031488235983,19.373017720022883,19.215415960494482,19.245723724365234,769900,0.0,0.0
2007-06-27 00:00:00-04:00,19.421518776099486,19.512442099471627,19.35484028489227,19.50031852722168,1125200,0.0,0.0
2007-06-28 00:00:00-04:00,19.318469351851245,19.579119199702607,19.318469351851245,19.476072311401367,761000,0.0,0.0
2007-06-29 00:00:00-04:00,19.51850220633707,19.639735598890148,19.488194436282463,19.55487060546875,709700,0.0,0.0
2007-07-02 00:00:00-04:00,19.609429424172927,19.718539267980113,19.57912164807873,19.712478637695312,410700,0.0,0.0
2007-07-03 00:00:00-04:00,19.803399584157223,19.80946252604791,19.627613579019208,19.724599838256836,206400,0.0,0.0
2007-07-05 00:00:00-04:00,19.548816192694396,19.57912397238654,19.397274981898317,19.45182991027832,361600,0.0,0.0
2007-07-06 00:00:00-04:00,19.38514524412949,19.566994176799614,19.360899259318224,19.463947296142578,324100,0.0,0.0
2007-07-09 00:00:00-04:00,19.742784041939434,19.76096824294433,19.64579778268864,19.694292068481445,484200,0.0,0.0
2007-07-10 00:00:00-04:00,20.318637715109663,20.33682191320348,20.05192612295111,20.070110321044922,2497200,0.0,0.0
2007-07-11 00:00:00-04:00,20.9672358677307,21.13090060486146,20.524735939488885,20.597475051879883,3155700,0.0,0.0
2007-07-12 00:00:00-04:00,20.488364249581313,20.69446031846808,20.421685769598156,20.573226928710938,2571700,0.0,0.0
2007-07-13 00:00:00-04:00,20.633845767340738,20.658092908919606,20.500488800991647,20.50655174255371,2406100,0.0,0.0
2007-07-16 00:00:00-04:00,20.38531968345171,20.47018237220664,20.312578253946185,20.361072540283203,1087000,0.0,0.0
2007-07-17 00:00:00-04:00,20.330773838167882,20.482315082079683,20.32471089350332,20.342897415161133,604800,0.0,0.0
2007-07-18 00:00:00-04:00,20.251963631838265,20.3974441851483,20.154977367076558,20.33682632446289,746100,0.0,0.0
2007-07-19 00:00:00-04:00,20.555050857837426,20.67022135186562,20.54899022650352,20.60960578918457,1242900,0.0,0.0
2007-07-20 00:00:00-04:00,20.597471553363484,20.67627359393097,20.31257346908171,20.367128372192383,953900,0.0,0.0
2007-07-23 00:00:00-04:00,20.433812170914692,20.494430030359165,20.330765278361437,20.427751541137695,385900,0.0,0.0
2007-07-24 00:00:00-04:00,20.2580231456223,20.270146717091432,19.91857239382586,19.954940795898438,687900,0.0,0.0
2007-07-25 00:00:00-04:00,20.197409628794173,20.2459039195404,19.876143045773084,20.051931381225586,825900,0.0,0.0
2007-07-26 00:00:00-04:00,19.609426398562487,19.73672273825325,19.154804046457144,19.330591201782227,987900,0.0,0.0
2007-07-27 00:00:00-04:00,19.209358625895405,19.373022207340295,19.057817459106445,19.057817459106445,767200,0.0,0.0
2007-07-30 00:00:00-04:00,18.948712817570016,19.082068664604375,18.875972528899123,19.021451950073242,1013200,0.0,0.0
2007-07-31 00:00:00-04:00,18.930530328065288,19.148750071013588,18.857791184527752,18.90628433227539,1181700,0.0,0.0
2007-08-01 00:00:00-04:00,18.730485685424988,18.75473282409613,18.31223179268541,18.736547470092773,1302800,0.0,0.0
2007-08-02 00:00:00-04:00,19.379084561966984,19.433640632274205,19.13661891921626,19.32452964782715,1500900,0.0,0.0
2007-08-03 00:00:00-04:00,19.233609891931707,19.282103032371193,18.54864413870298,18.96083641052246,1029600,0.0,0.0
2007-08-06 00:00:00-04:00,18.89416568125237,19.14269327276124,18.766870412629114,19.124507904052734,1050500,0.0,0.0
2007-08-07 00:00:00-04:00,18.803228252654296,19.14268014253471,18.797166467242658,19.057817459106445,1084000,0.0,0.0
2007-08-08 00:00:00-04:00,19.16692612428567,19.300281926769618,19.051754520768867,19.179048538208008,1059400,0.0,0.0
2007-08-09 00:00:00-04:00,18.19706108050876,18.712301207897237,18.160690373045675,18.239492416381836,1728900,0.0,0.0
2007-08-10 00:00:00-04:00,17.954601346638704,18.23343659132194,17.833367927804865,18.203128814697266,905500,0.0,0.0
2007-08-13 00:00:00-04:00,18.215251488514166,18.43347118302534,18.118265214546444,18.336484909057617,498800,0.0,0.0
2007-08-14 00:00:00-04:00,18.31829533884736,18.348604265100807,17.918226761640394,17.95459747314453,814600,0.0,0.0
2007-08-15 00:00:00-04:00,18.148571897338957,18.348606207114035,17.97884536085778,18.015214920043945,637300,0.0,0.0
2007-08-16 00:00:00-04:00,17.89398383545109,18.04552502411954,17.54847011027382,17.924291610717773,861900,0.0,0.0
2007-08-17 00:00:00-04:00,18.039461235509847,18.378913136722193,18.021275878667844,18.257680892944336,681300,0.0,0.0
2007-08-20 00:00:00-04:00,18.36073205563334,18.366792686109687,18.178881924818167,18.336484909057617,308300,0.0,0.0
2007-08-21 00:00:00-04:00,18.09402297124554,18.197071053197515,18.01522088472283,18.118268966674805,424500,0.0,0.0
2007-08-22 00:00:00-04:00,18.500147882348436,18.675935053271488,18.445592964021547,18.6638126373291,385400,0.0,0.0
2007-08-23 00:00:00-04:00,18.76685784671501,18.78504320324696,18.585008906064946,18.65774917602539,522800,0.0,0.0
2007-08-24 00:00:00-04:00,18.56076131539493,18.839596487772116,18.530452390462237,18.8214111328125,574400,0.0,0.0
2007-08-27 00:00:00-04:00,18.736547470092773,18.882026833618017,18.67593077958212,18.736547470092773,298300,0.0,0.0
2007-08-28 00:00:00-04:00,18.524389591519924,18.548636730138885,18.26373863220215,18.26373863220215,372900,0.0,0.0
2007-08-29 00:00:00-04:00,18.700183390902858,18.7850460887527,18.500149062994264,18.77292251586914,302400,0.0,0.0
2007-08-30 00:00:00-04:00,18.54257802186305,18.791105453104265,18.518330879221274,18.675933837890625,237000,0.0,0.0
2007-08-31 00:00:00-04:00,19.00931886120976,19.221475508722982,18.88202371653481,19.08205795288086,370800,0.0,0.0
2007-09-04 00:00:00-04:00,18.94264801139927,19.251792165685405,18.91840086698429,19.19117546081543,306100,0.0,0.0
2007-09-05 00:00:00-04:00,19.06388142569191,19.209360823714103,19.009326506912654,19.16086769104004,461400,0.0,0.0
2007-09-06 00:00:00-04:00,19.100254769476706,19.118440131394387,18.900220413053052,19.051761627197266,828000,0.0,0.0
2007-09-07 00:00:00-04:00,19.233608019805196,19.26391695223451,19.02145011747021,19.209362030029297,430700,0.0,0.0
2007-09-10 00:00:00-04:00,19.227541601012593,19.227541601012593,18.91233687285984,19.039630889892578,413600,0.0,0.0
2007-09-11 00:00:00-04:00,19.24572902433349,19.4578857421875,19.209359466439576,19.4578857421875,1087400,0.0,0.0
2007-09-12 00:00:00-04:00,19.415459682747173,19.591248046717396,19.373028327628212,19.518508911132812,540900,0.0,0.0
2007-09-13 00:00:00-04:00,19.78521636105659,19.882202625087853,19.73672438520843,19.779155731201172,438100,0.0,0.0
2007-09-14 00:00:00-04:00,19.50031477300294,19.688226638197687,19.482130574296345,19.579116821289062,401400,0.0,0.0
2007-09-17 00:00:00-04:00,19.48212875080423,19.54880722293346,19.19723182144987,19.2639102935791,404700,0.0,0.0
2007-09-18 00:00:00-04:00,19.348776252660844,19.791277339076174,19.32452911097569,19.73065948486328,608900,0.0,0.0
2007-09-19 00:00:00-04:00,19.894323812759872,19.930694524538094,19.760966848574384,19.821584701538086,320300,0.0,0.0
2007-09-20 00:00:00-04:00,19.63973276172646,19.74884256802872,19.542746524161597,19.60942268371582,420800,0.0,0.0
2007-09-21 00:00:00-04:00,19.77915330354337,19.864015985112964,19.77915330354337,19.80339813232422,433100,0.0,0.0
2007-09-24 00:00:00-04:00,19.700353532031784,19.712477103993223,19.451826087659548,19.512441635131836,474100,0.0,0.0
2007-09-25 00:00:00-04:00,19.433640970235757,19.512440715769962,19.330591769586313,19.445764541625977,354100,0.0,0.0
2007-09-26 00:00:00-04:00,19.403336078463695,19.512445937841672,19.366967666894656,19.439706802368164,356500,0.0,0.0
2007-09-27 00:00:00-04:00,19.694298219802338,19.706419482701676,19.506386272164985,19.63368034362793,622100,0.0,0.0
2007-09-28 00:00:00-04:00,19.166934953797945,19.306352605551364,18.97296121150924,19.197242736816406,1658200,0.0,0.0
2007-10-01 00:00:00-04:00,19.20329443230226,19.494253158569336,19.185109078347867,19.494253158569336,1032300,0.0,0.0
2007-10-02 00:00:00-04:00,19.34878490835047,19.366970272749573,19.027517074306886,19.172996520996094,708200,0.0,0.0
2007-10-03 00:00:00-04:00,18.96689768783418,19.039636818454603,18.90628097487207,18.92446517944336,290400,0.0,0.0
2007-10-04 00:00:00-04:00,18.900222050269065,19.082071060527554,18.857790691619936,18.979022979736328,358500,0.0,0.0
2007-10-05 00:00:00-04:00,19.34271378997003,19.409392271102174,19.191172628245937,19.27603530883789,496800,0.0,0.0
2007-10-08 00:00:00-04:00,19.282106395054967,19.300291759454065,19.076010223203287,19.172996520996094,206600,0.0,0.0
2007-10-09 00:00:00-04:00,19.2821052176259,19.342721939086914,19.172995350229638,19.342721939086914,341900,0.0,0.0
2007-10-10 00:00:00-04:00,19.51244168614854,19.7003535835398,19.482133912333154,19.560935974121094,508000,0.0,0.0
2007-10-11 00:00:00-04:00,20.015561045550914,20.0640530248885,19.81552556090374,19.882204055786133,970100,0.0,0.0
2007-10-12 00:00:00-04:00,19.760973938555303,19.85796022575999,19.748852675948264,19.815528869628906,402900,0.0,0.0
2007-10-15 00:00:00-04:00,19.730659434552813,19.76096720541463,19.48819495532359,19.53062629699707,465400,0.0,0.0
2007-10-16 00:00:00-04:00,19.403333252723794,19.54275318455258,19.379087263152847,19.433643341064453,579200,0.0,0.0
2007-10-17 00:00:00-04:00,19.942821920376986,19.973129696504866,19.76097063893952,19.882204055786133,636500,0.0,0.0
2007-10-18 00:00:00-04:00,20.148916700023495,20.203471618372298,20.094361781674692,20.19740867614746,373600,0.0,0.0
2007-10-19 00:00:00-04:00,20.039807771664492,20.154978243472286,19.942821502685547,19.942821502685547,515900,0.0,0.0
2007-10-22 00:00:00-04:00,19.821585676240783,19.94281907579504,19.724599419064333,19.936756134033203,339000,0.0,0.0
2007-10-23 00:00:00-04:00,20.161037037125244,20.21559195297732,20.051929517755934,20.191347122192383,420500,0.0,0.0
2007-10-24 00:00:00-04:00,20.167104212304395,20.215596196387953,19.924637354880645,20.130733489990234,694600,0.0,0.0
2007-10-25 00:00:00-04:00,20.34289023887644,20.391382217407227,20.227717454237577,20.391382217407227,506300,0.0,0.0
2007-10-26 00:00:00-04:00,20.42775107127326,20.524737331818706,20.367133213223074,20.500490188598633,332300,0.0,0.0
2007-10-29 00:00:00-04:00,20.706589704870535,20.839946702294977,20.65203477977283,20.791452407836914,498000,0.0,0.0
2007-10-30 00:00:00-04:00,20.79144808069133,20.809634593495716,20.62778333946035,20.664154052734375,378100,0.0,0.0
2007-10-31 00:00:00-04:00,20.227722213217426,20.524744033813477,20.05799677992574,20.524744033813477,847400,0.0,0.0
2007-11-01 00:00:00-04:00,21.149082647543946,21.4945962865751,21.009665066209834,21.167266845703125,1575800,0.0,0.0
2007-11-02 00:00:00-04:00,21.834055446141914,21.931041717529297,21.71282202882391,21.931041717529297,782000,0.0,0.0
2007-11-05 00:00:00-05:00,21.97953272171474,22.137136850935,21.803746702355994,21.87648582458496,551600,0.0,0.0
2007-11-06 00:00:00-05:00,21.70675659275542,21.87042132305001,21.658262311630537,21.827987670898438,518500,0.0,0.0
2007-11-07 00:00:00-05:00,21.78697575721716,21.878801539567757,21.59108293441409,21.62169075012207,778500,0.353,0.0
2007-11-08 00:00:00-05:00,21.695153011296476,21.854317411617103,21.54823454124495,21.83595085144043,661200,0.0,0.0
2007-11-09 00:00:00-05:00,21.41355224102985,21.57271660351728,21.309485210748893,21.37070083618164,585300,0.0,0.0
2007-11-12 00:00:00-05:00,21.144200657382648,21.3707012784429,21.095226287841797,21.095226287841797,502400,0.0,0.0
2007-11-13 00:00:00-05:00,21.95226104800693,22.135910279854823,21.921653231903395,22.0379638671875,1195900,0.0,0.0
2007-11-14 00:00:00-05:00,22.313444074791665,22.38690331757906,22.129794800209567,22.14815902709961,2403100,0.0,0.0
2007-11-15 00:00:00-05:00,22.123666633516052,22.246100232864386,21.946138031222297,22.031843185424805,836100,0.0,0.0
2007-11-16 00:00:00-05:00,22.32567931543482,22.52157211303711,22.17263792135638,22.52157211303711,973600,0.0,0.0
2007-11-19 00:00:00-05:00,22.539939804499998,22.74807622591146,22.4175062033356,22.45423698425293,1731200,0.0,0.0
2007-11-20 00:00:00-05:00,22.31343510426868,22.60115132919533,22.31343510426868,22.472597122192383,785500,0.0,0.0
2007-11-21 00:00:00-05:00,22.288955300808176,22.344050312796757,22.037967431799544,22.215496063232422,771500,0.0,0.0
2007-11-23 00:00:00-05:00,22.031842828986886,22.31955909729004,22.031842828986886,22.31955909729004,358700,0.0,0.0
2007-11-26 00:00:00-05:00,22.356289337490637,22.503207782604477,21.982867925384213,22.001232147216797,670600,0.0,0.0
2007-11-27 00:00:00-05:00,22.09917877004654,22.362410183257435,21.98898876752911,22.331802368164062,638800,0.0,0.0
2007-11-28 00:00:00-05:00,22.368530542675103,22.723585359821236,22.331799767704265,22.625638961791992,934600,0.0,0.0
2007-11-29 00:00:00-05:00,22.23997924394376,22.435872065641213,22.178761277646657,22.31955909729004,697000,0.0,0.0
2007-11-30 00:00:00-05:00,22.55218392020154,22.55218392020154,22.26446530108879,22.337926864624023,1688600,0.0,0.0
2007-12-03 00:00:00-05:00,22.215492494317925,22.22773608781813,22.0869382654058,22.11754608154297,728900,0.0,0.0
2007-12-04 00:00:00-05:00,22.221612365646635,22.411384555588118,22.17264032854256,22.331802368164062,1148700,0.0,0.0
2007-12-05 00:00:00-05:00,22.460351943969727,22.576664886567965,22.3868927359045,22.460351943969727,630200,0.0,0.0
2007-12-06 00:00:00-05:00,22.25834109850755,22.527693115882798,22.25834109850755,22.51544952392578,402900,0.0,0.0
2007-12-07 00:00:00-05:00,22.42362405117582,22.435867642021208,22.30731110575776,22.350162506103516,370400,0.0,0.0
2007-12-10 00:00:00-05:00,22.344047941849926,22.52769718391566,22.282832306236955,22.41750717163086,306300,0.0,0.0
2007-12-11 00:00:00-05:00,22.239979279739092,22.301194910908084,21.891042709350586,21.891042709350586,359800,0.0,0.0
2007-12-12 00:00:00-05:00,22.490971123175328,22.595038181805393,22.09918307390816,22.215496063232422,608200,0.0,0.0
2007-12-13 00:00:00-05:00,22.050206384723246,22.11142201394327,21.713515753559985,21.909408569335938,452600,0.0,0.0
2007-12-14 00:00:00-05:00,21.646175584303887,21.78085276105447,21.468647003173828,21.468647003173828,751000,0.0,0.0
2007-12-17 00:00:00-05:00,21.805340925958077,21.897166712293956,21.658422470092773,21.658422470092773,494100,0.0,0.0
2007-12-18 00:00:00-05:00,22.068570011881214,22.0991778256666,21.793095017359715,21.94001579284668,1021800,0.0,0.0
2007-12-19 00:00:00-05:00,21.71351720385077,21.848192064175347,21.603327195713657,21.676786422729492,504100,0.0,0.0
2007-12-20 00:00:00-05:00,21.946139895822114,21.97675004967992,21.7808572081697,21.8726806640625,568500,0.0,0.0
2007-12-21 00:00:00-05:00,22.564428168037516,22.870511019290923,22.564428168037516,22.827659606933594,528800,0.0,0.0
2007-12-24 00:00:00-05:00,22.74195202361553,23.139858245849606,22.11141989401395,23.13985824584961,230900,0.0,0.0
2007-12-26 00:00:00-05:00,23.139858245849606,23.201076204426933,23.041911847352228,23.13985824584961,476100,0.0,0.0
2007-12-27 00:00:00-05:00,23.415330321945937,23.415330321945937,23.139855380524892,23.176586151123047,344700,0.0,0.0
2007-12-28 00:00:00-05:00,23.33575075654427,23.378602159409496,23.20107591977913,23.2316837310791,449500,0.0,0.0
2007-12-31 00:00:00-05:00,23.035796488748087,23.23168933055505,22.864388500746834,22.90723991394043,610400,0.0,0.0
2008-01-02 00:00:00-05:00,23.017428207779602,23.072523211368676,22.699104115072384,22.803171157836914,621200,0.0,0.0
2008-01-03 00:00:00-05:00,23.13374638166417,23.13374638166417,22.864391932333557,22.913366317749023,503400,0.0,0.0
2008-01-04 00:00:00-05:00,22.790928660591295,22.852146631538876,22.558305041444115,22.576671600341797,515200,0.0,0.0
2008-01-07 00:00:00-05:00,23.023542043675256,23.256165559400074,22.99293423942283,23.225555419921875,853200,0.0,0.0
2008-01-08 00:00:00-05:00,23.225571402228155,23.2745457909136,22.839908599853512,22.839908599853516,595900,0.0,0.0
2008-01-09 00:00:00-05:00,22.368538820744735,22.411390239789185,22.068576552206395,22.246105194091797,1187800,0.0,0.0
2008-01-10 00:00:00-05:00,21.823706693512275,21.952260921542546,21.61557027588993,21.7930965423584,1597800,0.0,0.0
2008-01-11 00:00:00-05:00,20.74017669262245,20.85036671671855,20.501432418823242,20.501432418823242,1080800,0.0,0.0
2008-01-14 00:00:00-05:00,20.917698362372175,20.94218554791672,20.666710548606954,20.79526710510254,498400,0.0,0.0
2008-01-15 00:00:00-05:00,20.360628731884418,20.40960310537141,19.974966049194336,19.974966049194336,940800,0.0,0.0
2008-01-16 00:00:00-05:00,20.44020403691684,20.599368361916277,20.17085207913624,20.201459884643555,766100,0.0,0.0
2008-01-17 00:00:00-05:00,20.752413314180842,20.776898161686262,20.140247757246023,20.213706970214844,1251600,0.0,0.0
2008-01-18 00:00:00-05:00,20.80751238882549,20.90545880373687,20.29941375600432,20.385116577148438,1016100,0.0,0.0
2008-01-22 00:00:00-05:00,18.977135607724602,19.925991921065496,18.977135607724602,19.87701988220215,2054200,0.0,0.0
2008-01-23 00:00:00-05:00,18.65880889080631,19.40565173744435,18.303752857484614,19.38116455078125,2493100,0.0,0.0
2008-01-24 00:00:00-05:00,19.650521751806163,20.09740485231098,19.55257648230728,20.011699676513672,1606300,0.0,0.0
2008-01-25 00:00:00-05:00,20.34226448382497,20.34226448382497,19.78519382985855,19.895383834838867,4193400,0.0,0.0
2008-01-28 00:00:00-05:00,19.821926664500406,20.18310453265549,19.69949305347333,20.146373748779297,773400,0.0,0.0
2008-01-29 00:00:00-05:00,20.036186159676976,20.036186159676976,19.852536888501476,19.950483322143555,1036800,0.0,0.0
2008-01-30 00:00:00-05:00,19.92598841825556,20.164732611908672,19.791313583635965,19.86477279663086,717400,0.0,0.0
2008-01-31 00:00:00-05:00,19.748466637648278,20.244321750145588,19.687250994971755,20.079036712646484,1539400,0.0,0.0
2008-02-01 00:00:00-05:00,20.44021456596957,20.74017681899829,20.37287595803085,20.67283821105957,747600,0.0,0.0
2008-02-04 00:00:00-05:00,20.3851177312501,20.3851177312501,20.140252847722014,20.164737701416016,502100,0.0,0.0
2008-02-05 00:00:00-05:00,19.656639332532986,19.742342149623777,19.26485252380371,19.26485252380371,882400,0.0,0.0
2008-02-06 00:00:00-05:00,19.6382730063428,19.93211220569819,19.485230443113696,19.73621940612793,731900,0.0,0.0
2008-02-07 00:00:00-05:00,19.33830706610461,19.33830706610461,18.91591256977887,19.17914390563965,1467100,0.0,0.0
2008-02-08 00:00:00-05:00,19.197524454895902,19.356687741091438,19.166915457004137,19.31383514404297,660900,0.0,0.0
2008-02-11 00:00:00-05:00,19.166907398772906,19.19139458679131,18.87306814823237,19.075082778930664,883800,0.0,0.0
2008-02-12 00:00:00-05:00,19.197517404931073,19.552573476790023,19.17303021561017,19.417896270751953,598200,0.0,0.0
2008-02-13 00:00:00-05:00,19.411773629328557,19.47299043235544,19.21588079373325,19.40565299987793,474800,0.0,0.0
2008-02-14 00:00:00-05:00,19.344437156840144,19.485234993459844,19.09344930282643,19.148544311523438,554200,0.0,0.0
2008-02-15 00:00:00-05:00,18.94040724899925,19.00162405305221,18.72002722145396,18.87919044494629,486900,0.0,0.0
2008-02-19 00:00:00-05:00,19.264854743862305,19.307707324959292,18.97713727646322,19.0322322845459,491500,0.0,0.0
2008-02-20 00:00:00-05:00,18.68941493204315,19.013861930961443,18.646562362128584,18.95876693725586,863700,0.0,0.0
2008-02-21 00:00:00-05:00,19.01386239511808,19.032227782672646,18.707779608220946,18.762874603271484,372200,0.0,0.0
2008-02-22 00:00:00-05:00,19.093445585472907,19.099567381648868,18.762875597650417,19.01998519897461,461000,0.0,0.0
2008-02-25 00:00:00-05:00,19.056716498364228,19.215879710214086,18.9465276602651,19.1975154876709,621000,0.0,0.0
2008-02-26 00:00:00-05:00,19.04447603259801,19.344437097013202,18.971015632024706,19.283220291137695,498900,0.0,0.0
2008-02-27 00:00:00-05:00,19.460744743692405,19.89538175386087,19.405649746964965,19.723976135253906,603300,0.0,0.0
2008-02-28 00:00:00-05:00,19.987210790431373,19.987210790431373,19.589302156290994,19.754587173461914,422800,0.0,0.0
2008-02-29 00:00:00-05:00,19.607663825471125,19.626030381804227,19.2587296130865,19.270973205566406,418700,0.0,0.0
2008-03-03 00:00:00-05:00,19.246489686438867,19.307706489171174,19.075082872311086,19.240367889404297,794900,0.0,0.0
2008-03-04 00:00:00-05:00,19.185271503307025,19.30770509996242,19.099568686216234,19.26485252380371,483800,0.0,0.0
2008-03-05 00:00:00-05:00,19.221999533996744,19.626029902677423,19.191391721157444,19.46686553955078,446700,0.0,0.0
2008-03-06 00:00:00-05:00,19.491351424781318,19.521959235580557,19.295458633394674,19.30158042907715,481300,0.0,0.0
2008-03-07 00:00:00-05:00,19.503595673076173,19.65663706745345,19.40564927408377,19.491352081298828,659100,0.0,0.0
2008-03-10 00:00:00-04:00,19.44850439144866,19.52808541797131,19.26485398255936,19.32607078552246,754200,0.0,0.0
2008-03-11 00:00:00-04:00,19.662763930548042,19.736225504505867,19.534209678962494,19.7301025390625,1171300,0.0,0.0
2008-03-12 00:00:00-04:00,19.80355881604961,19.870897414493168,19.65051739603307,19.681127548217773,574900,0.0,0.0
2008-03-13 00:00:00-04:00,20.3606307860098,20.60549800769538,20.219832950870003,20.581010818481445,1085800,0.0,0.0
2008-03-14 00:00:00-04:00,20.4157241420169,20.525914149335765,19.993330670779045,20.048425674438477,1668400,0.0,0.0
2008-03-17 00:00:00-04:00,19.54033271584851,19.815806629976915,19.466872304846095,19.67500877380371,1173800,0.0,0.0
2008-03-18 00:00:00-04:00,19.968838951501876,20.04842112433202,19.766825540749885,19.987205505371094,1287900,0.0,0.0
2008-03-19 00:00:00-04:00,19.687255868380557,19.993338827985497,19.6015530133276,19.60767364501953,859900,0.0,0.0
2008-03-20 00:00:00-04:00,20.219831905577077,20.507550525899582,20.176980494281402,20.452455520629883,707200,0.0,0.0
2008-03-24 00:00:00-04:00,20.446329364252453,20.691194171861223,20.397355001595013,20.623855590820312,570500,0.0,0.0
2008-03-25 00:00:00-04:00,20.715692797347593,20.73405702587618,20.54428710380764,20.617746353149414,436400,0.0,0.0
2008-03-26 00:00:00-04:00,20.77690315246582,20.83199815923327,20.62386172647033,20.77690315246582,477700,0.0,0.0
2008-03-27 00:00:00-04:00,20.825882178835833,20.899341425849098,20.52591988942168,20.562650680541992,424500,0.0,0.0
2008-03-28 00:00:00-04:00,20.397355447119565,20.51366605813226,20.360624674324203,20.427963256835938,452100,0.0,0.0
2008-03-31 00:00:00-04:00,20.562639281774533,20.746288465116628,20.42796212421817,20.642221450805664,473300,0.0,0.0
2008-04-01 00:00:00-04:00,21.205418057879147,21.35845947265625,21.009525233782586,21.35845947265625,755400,0.0,0.0
2008-04-02 00:00:00-04:00,20.887086814202156,21.02176397539522,20.83811478709403,20.880966186523438,516700,0.0,0.0
2008-04-03 00:00:00-04:00,20.85036376893391,20.911579402454056,20.776902206437654,20.89321517944336,525700,0.0,0.0
2008-04-04 00:00:00-04:00,20.844240534942525,21.046256326355188,20.79526849580493,20.911579132080078,262200,0.0,0.0
2008-04-07 00:00:00-04:00,20.71568413070025,20.770779128463804,20.574886322021484,20.574886322021484,382600,0.0,0.0
2008-04-08 00:00:00-04:00,20.73405174000523,20.78302611723267,20.6544718798509,20.77690315246582,416500,0.0,0.0
2008-04-09 00:00:00-04:00,20.65447099226488,20.691199438380288,20.452455197723193,20.464698791503906,587500,0.0,0.0
2008-04-10 00:00:00-04:00,20.79527183138205,20.844243878374797,20.617743198675807,20.67283821105957,569400,0.0,0.0
2008-04-11 00:00:00-04:00,20.452457005970317,20.452457005970317,20.201469149342113,20.219833374023438,337700,0.0,0.0
2008-04-14 00:00:00-04:00,20.23819415294654,20.34838414001291,20.201463378848995,20.213706970214844,332700,0.0,0.0
2008-04-15 00:00:00-04:00,20.34838964328441,20.39124105704101,20.207589472110527,20.31165885925293,300500,0.0,0.0
2008-04-16 00:00:00-04:00,20.317783682469067,20.587138150506203,20.305540085264887,20.544286727905273,329800,0.0,0.0
2008-04-17 00:00:00-04:00,20.470821380615234,20.544282950332583,20.403485111214774,20.470821380615234,399100,0.0,0.0
2008-04-18 00:00:00-04:00,20.764655960328156,20.87484595477076,20.67895315025645,20.75241470336914,485800,0.0,0.0
2008-04-21 00:00:00-04:00,20.587130587769558,20.66671043752176,20.483061217377895,20.629981994628906,269000,0.0,0.0
2008-04-22 00:00:00-04:00,20.56264659418444,20.709567394241166,20.48918736176952,20.581010818481445,401300,0.0,0.0
2008-04-23 00:00:00-04:00,20.072904586791992,20.134120194410563,19.96271462489797,20.072904586791992,639900,0.0,0.0
2008-04-24 00:00:00-04:00,20.115760612271686,20.34838417820691,20.030057807776153,20.293289184570312,588900,0.0,0.0
2008-04-25 00:00:00-04:00,20.44633674621582,20.476944566314323,20.287172345340426,20.44633674621582,588800,0.0,0.0
2008-04-28 00:00:00-04:00,20.55652180035969,20.72180445600522,20.49530383972577,20.513668060302734,416700,0.0,0.0
2008-04-29 00:00:00-04:00,20.409599169530196,20.427963388433085,20.19534216490915,20.244314193725586,406600,0.0,0.0
2008-04-30 00:00:00-04:00,20.452460642408415,20.709571509795882,20.415729851288102,20.562650680541992,489900,0.0,0.0
2008-05-01 00:00:00-04:00,20.385116473789815,20.807512283325195,20.378995844550584,20.807512283325195,655600,0.0,0.0
2008-05-02 00:00:00-04:00,20.8319955190813,20.8319955190813,20.67283348371727,20.71568489074707,453900,0.0,0.0
2008-05-05 00:00:00-04:00,20.752421067187942,20.752421067187942,20.54428460666225,20.648351669311523,301400,0.0,0.0
2008-05-06 00:00:00-04:00,20.37899783956428,20.37899783956428,20.2198334410421,20.3055362701416,436500,0.0,0.0
2008-05-07 00:00:00-04:00,19.99945114697386,20.09739989515393,19.821924878964204,19.87701988220215,669600,0.0,0.0
2008-05-08 00:00:00-04:00,20.893218186235202,21.10747526961669,20.832000208678302,21.02789306640625,1752500,0.0,0.0
2008-05-09 00:00:00-04:00,21.16256899402752,21.16869195902415,20.99728396752235,21.156448364257812,624900,0.0,0.0
2008-05-12 00:00:00-04:00,21.205419196678317,21.260514202365922,21.076864961816177,21.138080596923828,393700,0.0,0.0
2008-05-13 00:00:00-04:00,20.648354179106203,20.67896200506299,20.538164137479825,20.617746353149414,526100,0.0,0.0
2008-05-14 00:00:00-04:00,20.513676292381575,20.678961349581943,20.470824870354893,20.562650680541992,501100,0.0,0.0
2008-05-15 00:00:00-04:00,20.67895766422461,20.862609251868836,20.599377800487513,20.813634872436523,340900,0.0,0.0
2008-05-16 00:00:00-04:00,20.73404558436732,20.972789764404297,20.73404558436732,20.972789764404297,324000,0.0,0.0
2008-05-19 00:00:00-04:00,20.68508066909484,20.68508066909484,20.35451061297107,20.378997802734375,549800,0.0,0.0
2008-05-20 00:00:00-04:00,20.311656551148708,20.37287218235139,20.19534591777295,20.238197326660156,547300,0.0,0.0
2008-05-21 00:00:00-04:00,20.29942337500172,20.29942337500172,19.968283132172285,19.974531173706055,693100,0.668,0.0
2008-05-22 00:00:00-04:00,19.95579073281126,20.180714297654333,19.88081541673542,20.124483108520508,399700,0.0,0.0
2008-05-23 00:00:00-04:00,20.255687132665113,20.42438068932842,20.143227144940532,20.2369441986084,534800,0.0,0.0
2008-05-27 00:00:00-04:00,20.48686078661393,20.786759643730996,20.46186861934145,20.749271392822266,856000,0.0,0.0
2008-05-28 00:00:00-04:00,20.811753855974654,20.811753855974654,20.50560573526511,20.59932518005371,504300,0.0,0.0
2008-05-29 00:00:00-04:00,20.33690915105235,20.455620747977903,20.274431119374576,20.424379348754883,458200,0.0,0.0
2008-05-30 00:00:00-04:00,20.61806442140852,20.77426187914646,20.5618332412875,20.649303436279297,524200,0.0,0.0
2008-06-02 00:00:00-04:00,20.543095538269366,20.543095538269366,20.305674674724877,20.386898040771484,396500,0.0,0.0
2008-06-03 00:00:00-04:00,20.536844498622596,20.555589817376326,20.33066505940721,20.436878204345703,524800,0.0,0.0
2008-06-04 00:00:00-04:00,20.368150087957478,20.39314225633943,20.21820184443448,20.255687713623047,377700,0.0,0.0
2008-06-05 00:00:00-04:00,20.468115246799478,20.686793132978394,20.3806450456816,20.680543899536133,588100,0.0,0.0
2008-06-06 00:00:00-04:00,20.124484038165402,20.21195425121769,19.93079948425293,19.93079948425293,460300,0.0,0.0
2008-06-09 00:00:00-04:00,19.924551979916096,19.937048065458946,19.60590894872734,19.69338035583496,601000,0.0,0.0
2008-06-10 00:00:00-04:00,19.474700062748905,19.568418303790086,19.40597279652906,19.462203979492188,491900,0.0,0.0
2008-06-11 00:00:00-04:00,19.412222604827807,19.412222604827807,19.11232372952594,19.149810791015625,636700,0.0,0.0
2008-06-12 00:00:00-04:00,19.20604241885956,19.36223990228395,19.19979437651952,19.28726577758789,497900,0.0,0.0
2008-06-13 00:00:00-04:00,18.793683058079267,19.212292403647574,18.743699905997634,19.118574142456055,800700,0.0,0.0
2008-06-16 00:00:00-04:00,18.40630783385864,18.75619099694437,18.40630783385864,18.724950790405273,1243600,0.0,0.0
2008-06-17 00:00:00-04:00,18.76244379617742,18.806178904730814,18.606246298948246,18.662477493286133,661000,0.0,0.0
2008-06-18 00:00:00-04:00,18.712459527884864,18.712459527884864,18.55001399745895,18.61874008178711,650000,0.0,0.0
2008-06-19 00:00:00-04:00,18.78119032776287,18.812430548203285,18.506283538042585,18.631240844726562,624000,0.0,0.0
2008-06-20 00:00:00-04:00,18.200126879891645,18.362572375627312,18.11265668668475,18.26885414123535,1460100,0.0,0.0
2008-06-23 00:00:00-04:00,18.018939971923828,18.09391408908355,17.931469771340115,18.018939971923828,594800,0.0,0.0
2008-06-24 00:00:00-04:00,17.500368427789777,17.868994631230276,17.437889188077552,17.75028419494629,1717500,0.0,0.0
2008-06-25 00:00:00-04:00,17.73778635579589,18.06892545936244,17.73778635579589,18.025190353393555,1065700,0.0,0.0
2008-06-26 00:00:00-04:00,17.781526421497137,17.981460262923804,17.737791303329384,17.769031524658203,1824300,0.0,0.0
2008-06-27 00:00:00-04:00,17.387907888826973,17.550353452724384,17.312932554838742,17.40040397644043,1823300,0.0,0.0
2008-06-30 00:00:00-04:00,17.694052998374527,17.862746588089816,17.694052998374527,17.75028419494629,1449600,0.0,0.0
2008-07-01 00:00:00-04:00,17.731533940987486,17.731533940987486,17.456627287915286,17.70654296875,2037800,0.0,0.0
2008-07-02 00:00:00-04:00,17.562847800512262,17.57534269519543,17.362915185272882,17.375410079956055,634500,0.0,0.0
2008-07-03 00:00:00-04:00,17.656570240912103,17.71904949587452,17.5503558649838,17.58784294128418,720500,0.0,0.0
2008-07-07 00:00:00-04:00,17.506618887578128,17.66281641257431,17.462883771250002,17.55035400390625,691700,0.0,0.0
2008-07-08 00:00:00-04:00,17.750285733730657,18.06892881136324,17.69405453228417,18.056432723999023,978800,0.0,0.0
2008-07-09 00:00:00-04:00,18.231371573674895,18.393817109398363,18.16889233813628,18.175140380859375,815900,0.0,0.0
2008-07-10 00:00:00-04:00,17.712797027915396,17.744036051749166,17.444137132852447,17.569095611572266,3279400,0.0,0.0
2008-07-11 00:00:00-04:00,17.25045351830462,17.33792374323522,17.081759920202092,17.244205474853516,1643900,0.0,0.0
2008-07-14 00:00:00-04:00,17.381661365358987,17.43164452849223,17.312934069166047,17.356670379638672,971200,0.0,0.0
2008-07-15 00:00:00-04:00,17.156729431288216,17.36291123449288,17.02552412927665,17.194217681884766,1045700,0.0,0.0
2008-07-16 00:00:00-04:00,17.419145058656174,17.756532238086752,17.281691684643185,17.75028419494629,861800,0.0,0.0
2008-07-17 00:00:00-04:00,18.225122632306533,18.275105779934393,18.025190041795103,18.200130462646484,887600,0.0,0.0
2008-07-18 00:00:00-04:00,17.92522768856444,17.975210847184343,17.725295054084842,17.91897964477539,711800,0.0,0.0
2008-07-21 00:00:00-04:00,18.018941015177756,18.050180033854286,17.925222767455985,18.006444931030273,425400,0.0,0.0
2008-07-22 00:00:00-04:00,17.9314717889544,18.21262654747651,17.9314717889544,18.200130462646484,578700,0.0,0.0
2008-07-23 00:00:00-04:00,18.25635956123767,18.437549195439185,18.15639327743411,18.225120544433594,439600,0.0,0.0
2008-07-24 00:00:00-04:00,18.12515534704701,18.12515534704701,17.968957870279997,18.006444931030273,398100,0.0,0.0
2008-07-25 00:00:00-04:00,18.281361916646272,18.281361916646272,18.100172181463662,18.20638656616211,589300,0.0,0.0
2008-07-28 00:00:00-04:00,18.681214715584353,18.681214715584353,18.387563939632134,18.45629119873047,650500,0.0,0.0
2008-07-29 00:00:00-04:00,18.418811502903406,18.6624804475038,18.400068562952043,18.64998435974121,981600,0.0,0.0
2008-07-30 00:00:00-04:00,18.618738412558557,18.874902174424076,18.575003310536466,18.81867218017578,775400,0.0,0.0
2008-07-31 00:00:00-04:00,17.331673784912372,17.331673784912372,17.006782711504776,17.11299705505371,2261700,0.0,0.0
2008-08-01 00:00:00-04:00,16.72562509849936,16.900565499338942,16.613162731278425,16.7506160736084,1965400,0.0,0.0
2008-08-04 00:00:00-04:00,16.800593709695313,16.87556899383604,16.725619617246306,16.85682487487793,562100,0.0,0.0
2008-08-05 00:00:00-04:00,17.225456603653722,17.481620356184624,17.225456603653722,17.475372314453125,896800,0.0,0.0
2008-08-06 00:00:00-04:00,17.43788986819753,17.681557601717216,17.387906712816765,17.656566619873047,578400,0.0,0.0
2008-08-07 00:00:00-04:00,17.369158685587593,17.412894979463626,17.250449463000542,17.344167709350586,676100,0.0,0.0
2008-08-08 00:00:00-04:00,17.21921355454338,17.587839781738293,17.187974528520403,17.53160858154297,2310500,0.0,0.0
2008-08-11 00:00:00-04:00,17.525352737473746,17.656559210093715,17.462874713236733,17.55659294128418,1347700,0.0,0.0
2008-08-12 00:00:00-04:00,17.419152664357114,17.669069732326953,17.29419532206509,17.58159828186035,1006900,0.0,0.0
2008-08-13 00:00:00-04:00,17.606581347680798,17.719043731689453,17.51286309157101,17.719043731689453,942900,0.0,0.0
2008-08-14 00:00:00-04:00,17.18797547902638,17.406652248357545,17.169231347360558,17.33792495727539,748800,0.0,0.0
2008-08-15 00:00:00-04:00,17.269190902150658,17.40039738903506,17.25044796951864,17.387901306152344,531900,0.0,0.0
2008-08-18 00:00:00-04:00,17.40664972390469,17.419144618177274,17.137989834120415,17.225460052490234,692900,0.0,0.0
2008-08-19 00:00:00-04:00,17.03177177653275,17.088002959432963,16.91930941073233,16.981788635253906,477500,0.0,0.0
2008-08-20 00:00:00-04:00,17.00677750198893,17.06925671876596,16.88806830097371,17.044265747070312,657200,0.0,0.0
2008-08-21 00:00:00-04:00,16.975547899808642,17.144241521114022,16.96305181118767,17.11924934387207,801500,0.0,0.0
2008-08-22 00:00:00-04:00,17.20046442469848,17.275438536845414,17.10049814737455,17.175472259521484,885000,0.0,0.0
2008-08-25 00:00:00-04:00,17.206710555718182,17.206710555718182,16.91305860594961,16.969289779663086,297400,0.0,0.0
2008-08-26 00:00:00-04:00,16.850585506246745,16.944304957571994,16.75686724661382,16.844337463378906,1522600,0.0,0.0
2008-08-27 00:00:00-04:00,16.713133496867002,16.825595894245676,16.638158168050406,16.788108825683594,613000,0.0,0.0
2008-08-28 00:00:00-04:00,16.8068565320913,16.956806040571557,16.76312140774615,16.944311141967773,470100,0.0,0.0
2008-08-29 00:00:00-04:00,16.763108773471384,16.888067198870743,16.719373682089163,16.756860733032227,547200,0.0,0.0
2008-09-02 00:00:00-04:00,17.14423350050054,17.21920761376594,17.031771138910393,17.03801918029785,545100,0.0,0.0
2008-09-03 00:00:00-04:00,16.613163456649858,16.669394642715517,16.49445304254545,16.581924438476562,1248500,0.0,0.0
2008-09-04 00:00:00-04:00,17.544105408917655,17.581592480065517,17.375411801213517,17.40040397644043,3503800,0.0,0.0
2008-09-05 00:00:00-04:00,17.68780409200181,17.868993759155273,17.52535855335494,17.868993759155273,1922200,0.0,0.0
2008-09-08 00:00:00-04:00,17.550351963496393,17.619079247846066,17.26919597451354,17.40665054321289,4132400,0.0,0.0
2008-09-09 00:00:00-04:00,17.65656026434674,17.956459088681957,17.62532005867099,17.712791442871094,1383500,0.0,0.0
2008-09-10 00:00:00-04:00,17.8439984545033,17.85024649624171,17.606578826904297,17.606578826904297,1135200,0.0,0.0
2008-09-11 00:00:00-04:00,17.33791921215784,17.67530632019043,17.319175086703098,17.67530632019043,580800,0.0,0.0
2008-09-12 00:00:00-04:00,17.537856178576067,18.043935775756836,17.487873023196393,18.043935775756836,767000,0.0,0.0
2008-09-15 00:00:00-04:00,17.83150794581937,18.0751756750519,17.762780661495363,17.92522621154785,1329000,0.0,0.0
2008-09-16 00:00:00-04:00,17.73779203129331,18.07517928533547,17.681560822286283,17.987709045410156,4300300,0.0,0.0
2008-09-17 00:00:00-04:00,17.725294456197105,17.868995883420595,17.30043702641247,17.325428009033203,2280300,0.0,0.0
2008-09-18 00:00:00-04:00,17.306686200238254,17.356669360436435,16.913067770946622,17.237958908081055,3124000,0.0,0.0
2008-09-19 00:00:00-04:00,17.481626391635793,17.58784075435707,17.181727435137773,17.33792495727539,1514100,0.0,0.0
2008-09-22 00:00:00-04:00,16.963045175382387,17.000532234888084,16.581924155074855,16.588171005249023,1117000,0.0,0.0
2008-09-23 00:00:00-04:00,17.331674300554194,17.35041842939425,16.900568870771668,16.91306495666504,867500,0.0,0.0
2008-09-24 00:00:00-04:00,17.13174057006836,17.275441973345664,17.0255262303216,17.13174057006836,1498300,0.0,0.0
2008-09-25 00:00:00-04:00,17.80026120010152,17.868988459215554,17.669055914547783,17.70654296875,3271000,0.0,0.0
2008-09-26 00:00:00-04:00,17.506616852252925,17.612831204569513,17.312931085757004,17.40665054321289,644000,0.0,0.0
2008-09-29 00:00:00-04:00,17.181724108334247,17.256699428787947,16.33825741376847,16.619413375854492,989000,0.0,0.0
2008-09-30 00:00:00-04:00,16.850582721300004,17.00678019210376,16.68189035851797,17.000532150268555,717700,0.0,0.0
2008-10-01 00:00:00-04:00,17.162977845220382,17.3941506288101,17.01927645656058,17.275440216064453,562200,0.0,0.0
2008-10-02 00:00:00-04:00,16.956806040571557,16.994294311461193,16.76312140774615,16.944311141967773,1183100,0.0,0.0
2008-10-03 00:00:00-04:00,17.225453247581726,17.712789682460837,17.212957166553366,17.312923431396484,1227000,0.0,0.0
2008-10-06 00:00:00-04:00,17.075509696029417,17.175475995095482,16.257035175541414,16.825593948364258,2750300,0.0,0.0
2008-10-07 00:00:00-04:00,17.46913055757156,17.531609805672527,16.725631199416906,16.794357299804688,2662500,0.0,0.0
2008-10-08 00:00:00-04:00,16.157066123038845,16.375741620172192,15.725960786976387,15.919645309448242,3448900,0.0,0.0
2008-10-09 00:00:00-04:00,15.49478776824168,15.919645055950499,14.338927501712298,14.676313400268555,5193600,0.0,0.0
2008-10-10 00:00:00-04:00,13.807857622041679,14.520117757325586,13.439231469856306,14.288946151733398,4075300,0.0,0.0
2008-10-13 00:00:00-04:00,14.176492251546133,15.132420648595774,14.082773944812844,14.782538414001465,1851500,0.0,0.0
2008-10-14 00:00:00-04:00,15.551019001148815,15.582259208696176,14.988708373909034,15.376078605651855,2762700,0.0,0.0
2008-10-15 00:00:00-04:00,14.826265058198972,14.882496248392272,14.370168685913086,14.370168685913086,1924300,0.0,0.0
2008-10-16 00:00:00-04:00,14.401407130669503,14.701307196942393,13.807857423690066,14.582596778869629,2537000,0.0,0.0
2008-10-17 00:00:00-04:00,14.651323730762218,15.307352653522008,14.59509254404656,14.926230430603027,1191800,0.0,0.0
2008-10-20 00:00:00-04:00,15.650990622140343,16.082096099853516,15.51978528074947,16.082096099853516,1194400,0.0,0.0
2008-10-21 00:00:00-04:00,15.238624340869267,15.538524380079695,14.969964509749552,15.069931983947754,1011400,0.0,0.0
2008-10-22 00:00:00-04:00,14.176485440699338,14.276451745413489,13.526703268364994,13.701644897460938,3272200,0.0,0.0
2008-10-23 00:00:00-04:00,13.857837154883187,14.351420448716826,13.62666441788056,14.070265769958496,2634800,0.0,0.0
2008-10-24 00:00:00-04:00,12.97688444390184,13.701640517230858,12.908157184497407,13.407988548278809,1752700,0.0,0.0
2008-10-27 00:00:00-04:00,12.926906325069828,13.258044285220882,12.833188056945803,12.8331880569458,1026700,0.0,0.0
2008-10-28 00:00:00-04:00,12.970638600959635,13.864088357857641,12.745713853295193,13.78911304473877,1241900,0.0,0.0
2008-10-29 00:00:00-04:00,13.807858902408816,14.057774657990176,13.520454889721009,13.682900428771973,2675800,0.0,0.0
2008-10-30 00:00:00-04:00,14.17648309634397,14.32018448664522,13.389247683135341,13.851592063903809,2616300,0.0,0.0
2008-10-31 00:00:00-04:00,13.93906596546179,14.338932415949238,13.839099650763044,14.095263481140137,1321300,0.0,0.0
2008-11-03 00:00:00-05:00,14.157739857206753,14.51386993012598,14.089012582891733,14.45763874053955,1712000,0.0,0.0
2008-11-04 00:00:00-05:00,14.788775420237227,15.294854852164697,14.695057183464293,15.163649559020996,1154300,0.0,0.0
2008-11-05 00:00:00-05:00,15.239660197452885,15.442348756083687,14.587256550374882,14.625260353088379,1145800,0.33,0.0
2008-11-06 00:00:00-05:00,14.948298484664576,15.081312423031644,13.934854294359985,14.06786823272705,1277100,0.0,0.0
2008-11-07 00:00:00-05:00,14.314894702219018,14.618927568955613,14.264222557762919,14.568255424499512,1435000,0.0,0.0
2008-11-10 00:00:00-05:00,14.751942492081247,14.80894759667412,14.24521984665381,14.416238784790039,698100,0.0,0.0
2008-11-11 00:00:00-05:00,14.264223312521636,14.327563798473083,13.966523390985627,14.086870193481445,951700,0.0,0.0
2008-11-12 00:00:00-05:00,13.953854396069039,13.998192367875754,13.599148205377068,13.61815071105957,673900,0.0,0.0
2008-11-13 00:00:00-05:00,13.561142390299834,14.213547157850297,13.181100789863827,14.188210487365723,2019100,0.0,0.0
2008-11-14 00:00:00-05:00,13.814507101000846,14.27689180783131,13.70682863613886,13.763834953308105,2264200,0.0,0.0
2008-11-17 00:00:00-05:00,13.694158318088405,13.871510189675977,13.466133102482653,13.497802734375,3981000,0.0,0.0
2008-11-18 00:00:00-05:00,13.687823782131971,14.112203361924001,13.586479513057963,13.960186958312988,1361900,0.0,0.0
2008-11-19 00:00:00-05:00,14.45423757980022,14.593586832842071,13.763829105732743,13.801834106445312,1879900,0.0,0.0
2008-11-20 00:00:00-05:00,13.580145136585159,13.776499503884454,12.877068223581952,12.972078323364258,1617000,0.0,0.0
2008-11-21 00:00:00-05:00,13.485139956157695,13.586484260644905,12.807398258735299,13.523143768310547,1653400,0.0,0.0
2008-11-24 00:00:00-05:00,13.630817669370218,14.466908504920463,13.624483501450111,14.251551628112793,2006500,0.0,0.0
2008-11-25 00:00:00-05:00,14.530250347079424,14.561919981549316,14.010860609810873,14.302225112915039,1797700,0.0,0.0
2008-11-26 00:00:00-05:00,13.79550551681023,14.0932042273642,13.66249037677938,14.080535888671875,1065400,0.0,0.0
2008-11-28 00:00:00-05:00,14.308561765438032,14.555588339921192,14.270557955852777,14.504916191101074,600900,0.0,0.0
2008-12-01 00:00:00-05:00,13.852513271507284,13.877848743403963,13.187439918518066,13.187439918518066,954700,0.0,0.0
2008-12-02 00:00:00-05:00,13.675155306716706,13.953852647881613,13.497802233590132,13.909513473510742,1022000,0.0,0.0
2008-12-03 00:00:00-05:00,13.561143619738099,14.010859896658522,13.497803145903228,13.985523223876953,1033400,0.0,0.0
2008-12-04 00:00:00-05:00,13.770168786802099,14.01719534976202,13.497805546554357,13.605484008789062,793100,0.0,0.0
2008-12-05 00:00:00-05:00,13.668825527232388,14.023530579242193,13.288783796019345,13.972858428955078,1743400,0.0,0.0
2008-12-08 00:00:00-05:00,14.479580496117496,14.599926092623681,14.276891903981493,14.428908348083496,2037800,0.0,0.0
2008-12-09 00:00:00-05:00,14.346562140228425,14.593589863688546,14.143873593474812,14.226215362548828,914000,0.0,0.0
2008-12-10 00:00:00-05:00,14.029862695291127,14.169211994271661,13.83350829268668,14.01086139678955,991500,0.0,0.0
2008-12-11 00:00:00-05:00,13.586478095699041,13.871508369690346,13.49146679624975,13.580143928527832,1197400,0.0,0.0
2008-12-12 00:00:00-05:00,13.599147420791398,14.029861193125646,13.592813252596006,13.985523223876953,1064200,0.0,0.0
2008-12-15 00:00:00-05:00,13.97918905568156,14.080533330569729,13.833506811544698,13.985523223876953,1179800,0.0,0.0
2008-12-16 00:00:00-05:00,14.105871520503374,14.675933430091899,14.067866507243405,14.656930923461914,1104200,0.0,0.0
2008-12-17 00:00:00-05:00,14.561919825260922,14.910291841286336,14.517581854231294,14.764608383178711,1120200,0.0,0.0
2008-12-18 00:00:00-05:00,15.0306371898742,15.144649804006297,14.4542411589789,14.612591743469238,1350700,0.0,0.0
2008-12-19 00:00:00-05:00,14.644264156897925,15.055975479134876,14.637929987864222,14.783612251281738,1050500,0.0,0.0
2008-12-22 00:00:00-05:00,14.618920596989598,14.62525476304066,14.327556207352552,14.523910522460938,850100,0.0,0.0
2008-12-23 00:00:00-05:00,14.713937919275663,14.764610064525494,14.289558249763624,14.359232902526855,787900,0.0,0.0
2008-12-24 00:00:00-05:00,14.384560724027754,14.473237837162202,14.308553150619481,14.390894889831543,404600,0.0,0.0
2008-12-26 00:00:00-05:00,14.093198083962607,14.511243413623909,14.093198083962607,14.4605712890625,545500,0.0,0.0
2008-12-29 00:00:00-05:00,14.56825164308911,14.593588312800254,14.219880891393236,14.35289478302002,948300,0.0,0.0
2008-12-30 00:00:00-05:00,14.321222041301489,14.523910522460938,14.308553709199362,14.523910522460938,1037500,0.0,0.0
2008-12-31 00:00:00-05:00,14.536582254811504,14.66326198110846,14.416235487928308,14.580920219421387,552200,0.0,0.0
2009-01-02 00:00:00-05:00,14.656925331702613,15.068637694779069,14.618921541060642,15.017964363098145,523600,0.0,0.0
2009-01-05 00:00:00-05:00,14.631589881529472,14.922954290132772,14.54924692562421,14.878616333007812,951400,0.0,0.0
2009-01-06 00:00:00-05:00,14.815279738972357,15.220658041483686,14.682265832919525,15.131980895996094,1457600,0.0,0.0
2009-01-07 00:00:00-05:00,14.878619345004783,15.068640753017657,14.783609245057828,14.853283882141113,904800,0.0,0.0
2009-01-08 00:00:00-05:00,15.030637535058752,15.252328600060263,14.82794897555535,15.239660263061523,1020600,0.0,0.0
2009-01-09 00:00:00-05:00,15.214323934214981,15.220658102355072,14.846950638922985,14.960963249206543,670000,0.0,0.0
2009-01-12 00:00:00-05:00,14.637928466784546,14.656929763791947,14.409903237743032,14.473243713378906,1080700,0.0,0.0
2009-01-13 00:00:00-05:00,14.555586366145265,14.73927363578429,14.473244588523082,14.68860149383545,1115100,0.0,0.0
2009-01-14 00:00:00-05:00,14.302229747047216,14.378238585769694,14.080538609569453,14.29589557647705,948700,0.0,0.0
2009-01-15 00:00:00-05:00,14.498579517345663,14.707602246141976,14.21988335102999,14.663264274597168,1388300,0.0,0.0
2009-01-16 00:00:00-05:00,14.929296055333229,14.948298564395305,14.416240391850504,14.732941627502441,1294500,0.0,0.0
2009-01-20 00:00:00-05:00,14.454235339750836,14.70759593130941,14.327555648030847,14.390894889831543,1631300,0.0,0.0
2009-01-21 00:00:00-05:00,14.612590983015371,14.967295935541182,14.371898638688327,14.948294639587402,1913200,0.0,0.0
2009-01-22 00:00:00-05:00,14.14387247671107,14.536582411128107,14.11853701442681,14.479576110839844,1583000,0.0,0.0
2009-01-23 00:00:00-05:00,13.858842231219642,14.232549696701309,13.795502965709433,14.124871253967285,1016700,0.0,0.0
2009-01-26 00:00:00-05:00,14.124869468323771,14.3782313308112,14.055196043446736,14.238882064819336,1168300,0.0,0.0
2009-01-27 00:00:00-05:00,14.289551211046172,14.599918098836408,14.219877800721765,14.523910522460938,1519500,0.0,0.0
2009-01-28 00:00:00-05:00,14.561915946171537,14.6315905724401,14.397231234703247,14.51124382019043,819200,0.0,0.0
2009-01-29 00:00:00-05:00,14.359227600935784,14.409899727476885,14.200877054479994,14.270551681518555,1120900,0.0,0.0
2009-01-30 00:00:00-05:00,14.08686766749958,14.112204340584636,13.827172808973105,13.88417911529541,1305000,0.0,0.0
2009-02-02 00:00:00-05:00,13.421795362721912,13.719494015174748,13.352120721631637,13.649819374084473,1261900,0.0,0.0
2009-02-03 00:00:00-05:00,13.985516589791116,14.295883435427259,13.839834414759178,14.232542991638184,851500,0.0,0.0
2009-02-04 00:00:00-05:00,13.78916758777585,13.934849818658735,13.478800623152724,13.504136085510254,1648100,0.0,0.0
2009-02-05 00:00:00-05:00,12.737723428905719,13.212775257932604,12.642712096604921,13.13676643371582,2041900,0.0,0.0
2009-02-06 00:00:00-05:00,12.896071095592612,13.193769738922594,12.870734423929296,13.1304292678833,2240000,0.0,0.0
2009-02-09 00:00:00-05:00,13.352120700967069,13.364789037167338,13.187435954720685,13.257110595703125,1843900,0.0,0.0
2009-02-10 00:00:00-05:00,13.238112782809338,13.339457092088457,12.84540388638262,12.921411514282227,1604300,0.0,0.0
2009-02-11 00:00:00-05:00,13.174766698230734,13.219105871834474,12.997414836291577,13.0734224319458,1042000,0.0,0.0
2009-02-12 00:00:00-05:00,12.782059214353325,12.984747766680506,12.655378265089302,12.946743965148926,1466500,0.0,0.0
2009-02-13 00:00:00-05:00,12.915070948243512,13.01641520733577,12.794725395645745,12.858064651489258,690000,0.0,0.0
2009-02-17 00:00:00-05:00,12.636376585401683,12.636376585401683,12.35134506225586,12.35134506225586,1759700,0.0,0.0
2009-02-18 00:00:00-05:00,12.440019229308897,12.446353396490853,12.192992749806947,12.249999046325684,1553500,0.0,0.0
2009-02-19 00:00:00-05:00,12.725053346787059,12.73772168377411,12.408352170825449,12.4210205078125,950600,0.0,0.0
2009-02-20 00:00:00-05:00,12.313344820548533,12.47169544403458,12.256338499444004,12.307010650634766,1544800,0.0,0.0
2009-02-23 00:00:00-05:00,12.718716401753085,12.718716401753085,12.22466224018385,12.243664741516113,1522800,0.0,0.0
2009-02-24 00:00:00-05:00,12.294340478302573,12.516031559763261,12.180327853087407,12.452691078186035,1979400,0.0,0.0
2009-02-25 00:00:00-05:00,12.389348862635625,12.547699440356853,12.313341261876092,12.35134506225586,1529400,0.0,0.0
2009-02-26 00:00:00-05:00,12.370348733994758,12.414686706642188,12.12965515659564,12.14232349395752,1691300,0.0,0.0
2009-02-27 00:00:00-05:00,12.047312285776146,12.446355211478815,12.009307277142339,12.211997032165527,1406700,0.0,0.0
2009-03-02 00:00:00-05:00,11.983973217594288,11.983973217594288,11.61659988123743,11.641935348510742,1537500,0.0,0.0
2009-03-03 00:00:00-05:00,11.597592353582613,11.62292901800574,11.274557130899664,11.318896293640137,1458500,0.0,0.0
2009-03-04 00:00:00-05:00,11.426581750247228,11.914300760079225,11.407579240207255,11.73061466217041,1795500,0.0,0.0
2009-03-05 00:00:00-05:00,11.610265035578728,11.641934669854008,11.166882907010166,11.261894226074219,1121100,0.0,0.0
2009-03-06 00:00:00-05:00,11.546924662010532,11.597596802174891,11.0908754005313,11.331567764282227,2601900,0.0,0.0
2009-03-09 00:00:00-04:00,10.843846874500148,11.027532895778851,10.736168445433702,10.793174743652344,1315900,0.0,0.0
2009-03-10 00:00:00-04:00,11.033867251646729,11.369570879322733,10.983195119933267,11.22388744354248,1258100,0.0,0.0
2009-03-11 00:00:00-04:00,11.363236291871056,11.363236291871056,11.198551567859143,11.280893325805664,1256300,0.0,0.0
2009-03-12 00:00:00-04:00,11.28722707132091,11.553256045074415,11.173214481409575,11.521586418151855,1986600,0.0,0.0
2009-03-13 00:00:00-04:00,11.426579823274386,11.5595937467646,11.375906471713318,11.5405912399292,1778400,0.0,0.0
2009-03-16 00:00:00-04:00,11.863624348299105,11.907962314352837,11.679938316345215,11.679938316345215,1330700,0.0,0.0
2009-03-17 00:00:00-04:00,11.496248654005827,11.679935855375678,11.451910697294128,11.6545991897583,978900,0.0,0.0
2009-03-18 00:00:00-04:00,11.546924942705628,11.812953987065214,11.382240181138345,11.705275535583496,1170900,0.0,0.0
2009-03-19 00:00:00-04:00,11.69260559899104,11.717942270283359,11.413909463489428,11.534255027770996,1364300,0.0,0.0
2009-03-20 00:00:00-04:00,11.356906290723348,11.382241760878157,11.147883527439085,11.185887336730957,1815100,0.0,0.0
2009-03-23 00:00:00-04:00,11.43290940390621,11.603928290504676,11.33156514698538,11.591259956359863,1800400,0.0,0.0
2009-03-24 00:00:00-04:00,11.812952858575033,11.945967972107479,11.59126180810031,11.806618690490723,1304800,0.0,0.0
2009-03-25 00:00:00-04:00,12.009308751823315,12.2500023369172,11.977639115525314,12.19299602508545,1942800,0.0,0.0
2009-03-26 00:00:00-04:00,12.110653434035093,12.199329376220703,11.996640818014107,12.199329376220703,1255000,0.0,0.0
2009-03-27 00:00:00-04:00,11.850956261200492,11.920630899670336,11.743279031738359,11.755946159362793,965400,0.0,0.0
2009-03-30 00:00:00-04:00,11.616599647137813,11.648269282621035,11.432912378601491,11.565927505493164,2132800,0.0,0.0
2009-03-31 00:00:00-04:00,11.888963519028334,12.11698756498029,11.768616722921966,11.990307807922363,1761600,0.0,0.0
2009-04-01 00:00:00-04:00,11.768616374848616,12.2500023369172,11.74328090743405,12.19299602508545,1097700,0.0,0.0
2009-04-02 00:00:00-04:00,12.465356139257022,12.541363730673606,12.37668021323138,12.433685302734375,1941300,0.0,0.0
2009-04-03 00:00:00-04:00,12.478028770887793,12.598374366760254,12.446357923458752,12.598374366760254,2856200,0.0,0.0
2009-04-06 00:00:00-04:00,12.32600458887054,12.364009585649482,12.12331610519082,12.319671630859375,1428300,0.0,0.0
2009-04-07 00:00:00-04:00,12.579373066422129,12.725055340237821,12.446357923458752,12.598374366760254,2670600,0.0,0.0
2009-04-08 00:00:00-04:00,12.370345498112053,12.535030216380179,12.33234049596791,12.484356880187988,1706400,0.0,0.0
2009-04-09 00:00:00-04:00,12.212000417529536,12.332346020541225,12.047315625486865,12.2246675491333,1276700,0.0,0.0
2009-04-13 00:00:00-04:00,12.180329802036763,12.37035127717338,12.161328500206675,12.313344955444336,521800,0.0,0.0
2009-04-14 00:00:00-04:00,11.990308738603042,12.072650526676055,11.94597075978532,12.021978378295898,968500,0.0,0.0
2009-04-15 00:00:00-04:00,12.218335346550408,12.585708764511725,12.205667006040152,12.547703742980957,2229800,0.0,0.0
2009-04-16 00:00:00-04:00,12.3133429852115,12.509697390793619,12.269005010543204,12.452691078186035,911100,0.0,0.0
2009-04-17 00:00:00-04:00,12.237334115537918,12.262670791312642,12.072649347359803,12.230999946594238,1151500,0.0,0.0
2009-04-20 00:00:00-04:00,11.933299471059435,12.009307070782913,11.907962799072266,11.907962799072266,1026400,0.0,0.0
2009-04-21 00:00:00-04:00,11.85729049222554,12.135987839470294,11.831955028722742,12.085315704345703,826200,0.0,0.0
2009-04-22 00:00:00-04:00,11.597597800835906,11.800286378946716,11.559593994469935,11.629268646240234,1398900,0.0,0.0
2009-04-23 00:00:00-04:00,11.781287263152857,11.952306235672106,11.692610087706147,11.895299911499023,2186100,0.0,0.0
2009-04-24 00:00:00-04:00,12.066315582262941,12.078983920574299,11.850958663446809,11.920633316040039,1984600,0.0,0.0
2009-04-27 00:00:00-04:00,11.958639575416939,12.129658553336334,11.857295264380147,11.945972442626953,1177800,0.0,0.0
2009-04-28 00:00:00-04:00,12.078983670452692,12.275338077735844,12.05364820247384,12.20566463470459,1119900,0.0,0.0
2009-04-29 00:00:00-04:00,12.509698410197537,12.687051531442272,12.459026262430369,12.598374366760254,1102500,0.0,0.0
2009-04-30 00:00:00-04:00,12.497026749316953,12.560367219218831,12.300672379928214,12.326007843017578,1289200,0.0,0.0
2009-05-01 00:00:00-04:00,12.516031401178973,12.53503390784713,12.395684608519018,12.52236557006836,1153200,0.0,0.0
2009-05-04 00:00:00-04:00,12.820063788239615,13.09242699988265,12.782059984418467,13.048089027404785,1155700,0.0,0.0
2009-05-05 00:00:00-04:00,12.503361565286207,12.60470583913525,12.414685627698056,12.497027397155762,2015300,0.0,0.0
2009-05-06 00:00:00-04:00,12.737719136304655,12.78205709877289,12.528696450298073,12.611038208007812,1882200,0.0,0.0
2009-05-07 00:00:00-04:00,13.903177242374722,13.922178533086454,13.624479966788687,13.75115966796875,2179200,0.0,0.0
2009-05-08 00:00:00-04:00,13.795501676606776,13.941183906657649,13.694157411517565,13.934849739074707,1077700,0.0,0.0
2009-05-11 00:00:00-04:00,14.023526054658994,14.131204490292411,13.909513451268438,14.017191886901855,1388500,0.0,0.0
2009-05-12 00:00:00-04:00,14.30855829953977,14.466908877261,14.175543186032042,14.409902572631836,1617100,0.0,0.0
2009-05-13 00:00:00-04:00,14.650594935088602,14.66326327126861,14.359230451662606,14.378232955932617,1206400,0.0,0.0
2009-05-14 00:00:00-04:00,14.580918970769648,14.75827081402147,14.54924813581838,14.707598686218262,1666600,0.0,0.0
2009-05-15 00:00:00-04:00,14.504917748250158,14.644267078554568,14.3655696260652,14.422575950622559,1287500,0.0,0.0
2009-05-18 00:00:00-04:00,14.789945797065714,14.973631858825684,14.713936979983517,14.973631858825684,2415500,0.0,0.0
2009-05-19 00:00:00-04:00,14.739275042545218,14.967299099018728,14.726606703819112,14.884957313537598,1505900,0.0,0.0
2009-05-20 00:00:00-04:00,15.1125546980791,15.301137087991453,15.1125546980791,15.151571273803711,1817900,0.61,0.0
2009-05-21 00:00:00-04:00,15.086545425792599,15.346658021344604,15.060533546080054,15.28162956237793,1354100,0.0,0.0
2009-05-22 00:00:00-04:00,15.327145849715782,15.476710405289287,15.307638184397584,15.3401517868042,1098500,0.0,0.0
2009-05-26 00:00:00-04:00,15.17758257059586,15.613271577184378,15.158073663322511,15.606768608093262,1100300,0.0,0.0
2009-05-27 00:00:00-04:00,15.554745201099799,15.587258804370936,15.281626716553081,15.314140319824219,1144200,0.0,0.0
2009-05-28 00:00:00-04:00,15.242612983123802,15.346658021344604,15.080042455864463,15.28162956237793,1156600,0.0,0.0
2009-05-29 00:00:00-04:00,15.50922249474654,15.50922249474654,15.190584534532881,15.346652030944824,820200,0.0,0.0
2009-06-01 00:00:00-04:00,15.710815555614957,15.76934104428283,15.619776457827012,15.684804916381836,932700,0.0,0.0
2009-06-02 00:00:00-04:00,15.905890678343297,16.087970011063785,15.808348665937816,16.02294158935547,1090600,0.0,0.0
2009-06-03 00:00:00-04:00,15.93190605862696,15.93190605862696,15.613268086292132,15.730319023132324,860000,0.0,0.0
2009-06-04 00:00:00-04:00,15.860382206959903,15.99694211173546,15.762840126585845,15.94491958618164,864500,0.0,0.0
2009-06-05 00:00:00-04:00,15.834361727775674,15.866875320930768,15.658785347984383,15.78884220123291,984700,0.0,0.0
2009-06-08 00:00:00-04:00,15.574249261592692,15.847367661163341,15.522226768356097,15.78884220123291,719900,0.0,0.0
2009-06-09 00:00:00-04:00,15.743327424038645,15.892893234272067,15.658791305484577,15.834367752075195,634800,0.0,0.0
2009-06-10 00:00:00-04:00,16.140003201741457,16.15951211328322,15.756336623623719,15.918907165527344,874500,0.0,0.0
2009-06-11 00:00:00-04:00,16.126997403720637,16.283066216809093,15.925410277260703,16.179019927978516,1309500,0.0,0.0
2009-06-12 00:00:00-04:00,15.71731678768145,15.879887295936197,15.652288336316643,15.834367752075195,1233100,0.0,0.0
2009-06-15 00:00:00-04:00,15.821364534657565,15.821364534657565,15.502726432517434,15.63928508758545,806900,0.0,0.0
2009-06-16 00:00:00-04:00,15.886389552187936,15.90589721850177,15.632779967592146,15.691304206848145,1343700,0.0,0.0
2009-06-17 00:00:00-04:00,15.535241529779706,15.632784853090715,15.424693504966788,15.554750442504883,1139200,0.0,0.0
2009-06-18 00:00:00-04:00,15.593756784544945,15.87988111499289,15.548237258401558,15.782339096069336,917100,0.0,0.0
2009-06-19 00:00:00-04:00,15.970924085957227,16.042455496198908,15.860376106635707,15.92540454864502,794800,0.0,0.0
2009-06-22 00:00:00-04:00,15.801855623798666,15.853878145774305,15.61327444675501,15.63928508758545,770300,0.0,0.0
2009-06-23 00:00:00-04:00,15.795352954363652,15.996940059990068,15.704312616085039,15.860380172729492,1214400,0.0,0.0
2009-06-24 00:00:00-04:00,15.782345316618498,15.840870799103032,15.437695390911202,15.541740417480469,2233800,0.0,0.0
2009-06-25 00:00:00-04:00,15.281631598499226,15.691308836039605,15.281631598499226,15.652292251586914,1060200,0.0,0.0
2009-06-26 00:00:00-04:00,15.67179625307908,15.704309856548761,15.548242327328245,15.645784378051758,553300,0.0,0.0
2009-06-29 00:00:00-04:00,15.652289515575163,15.75633454947189,15.561250420994186,15.6262788772583,684400,0.0,0.0
2009-06-30 00:00:00-04:00,15.450703059565406,15.47671369896326,15.203595163554983,15.28162956237793,1257700,0.0,0.0
2009-07-01 00:00:00-04:00,15.496221300092186,15.795351689951458,15.463707693511967,15.671797752380371,747800,0.0,0.0
2009-07-02 00:00:00-04:00,15.385673647430005,15.418187254741724,15.23610906929272,15.359663009643555,740700,0.0,0.0
2009-07-06 00:00:00-04:00,15.106047004251641,15.483210425802126,15.106047004251641,15.476707458496094,797300,0.0,0.0
2009-07-07 00:00:00-04:00,15.502724185609654,15.515730124297221,15.229605674743654,15.229605674743652,467100,0.0,0.0
2009-07-08 00:00:00-04:00,15.275120841355273,15.288126776314803,15.086539745699003,15.20358943939209,651400,0.0,0.0
2009-07-09 00:00:00-04:00,15.32713830942475,15.35315017080487,15.15806493139543,15.2686128616333,632700,0.0,0.0
2009-07-10 00:00:00-04:00,15.106053757207393,15.229607710626722,15.02151762506664,15.12556266784668,791700,0.0,0.0
2009-07-13 00:00:00-04:00,15.080040197885538,15.398678234765466,15.067034259976682,15.372666358947754,788300,0.0,0.0
2009-07-14 00:00:00-04:00,15.379167830447365,15.4311903367029,15.255613912972574,15.392173767089844,701300,0.0,0.0
2009-07-15 00:00:00-04:00,15.821364416364737,15.977431981124772,15.76283892454038,15.964426040649414,695000,0.0,0.0
2009-07-16 00:00:00-04:00,16.185517993908988,16.231037533801654,16.04895937423099,16.218032836914062,563200,0.0,0.0
2009-07-17 00:00:00-04:00,16.094479575686652,16.218033503555738,16.074970669081694,16.172513961791992,644500,0.0,0.0
2009-07-20 00:00:00-04:00,16.237547041337532,16.354598042663902,16.094485395446938,16.322084426879883,657500,0.0,0.0
2009-07-21 00:00:00-04:00,16.705746624860637,16.705746624860637,16.4001132600021,16.51716423034668,760500,0.0,0.0
2009-07-22 00:00:00-04:00,16.374102767662524,16.647221287452595,16.36759979810626,16.556180953979492,736300,0.0,0.0
2009-07-23 00:00:00-04:00,16.387105359931674,16.738256962049757,16.38060239170355,16.65372085571289,749300,0.0,0.0
2009-07-24 00:00:00-04:00,16.510661802441682,16.582193228957482,16.426125676816817,16.543176651000977,548100,0.0,0.0
2009-07-27 00:00:00-04:00,16.497658331358334,16.58869743347168,16.38711031865724,16.58869743347168,348000,0.0,0.0
2009-07-28 00:00:00-04:00,16.58869159341957,16.67973066348259,16.426121116698855,16.614702224731445,407400,0.0,0.0
2009-07-29 00:00:00-04:00,16.70575263897572,16.809797707779712,16.608210542011363,16.751272201538086,615900,0.0,0.0
2009-07-30 00:00:00-04:00,16.96585464477539,17.193453554813814,16.939842773770188,16.96585464477539,593200,0.0,0.0
2009-07-31 00:00:00-04:00,17.10891778359141,17.225968733222185,17.024381675699395,17.134929656982422,616700,0.0,0.0
2009-08-03 00:00:00-04:00,17.063403001885472,17.34302451721125,17.017883451077044,17.167448043823242,1015900,0.0,0.0
2009-08-04 00:00:00-04:00,16.991866522560365,17.11542043827459,16.920336352674752,17.011375427246094,948500,0.0,0.0
2009-08-05 00:00:00-04:00,17.08941460446942,17.134934154537216,16.894329223774243,17.043893814086914,979300,0.0,0.0
2009-08-06 00:00:00-04:00,18.077835261452414,18.110350098730116,17.44055933458011,17.622638702392578,2753000,0.0,0.0
2009-08-07 00:00:00-04:00,17.694168531401044,17.746192270068132,17.49908447265625,17.49908447265625,817600,0.0,0.0
2009-08-10 00:00:00-04:00,17.1024112701416,17.238971096508607,17.03738408077212,17.1024112701416,703500,0.0,0.0
2009-08-11 00:00:00-04:00,17.095912309470595,17.245476853721648,17.03738683731769,17.206459045410156,552300,0.0,0.0
2009-08-12 00:00:00-04:00,17.264988007975,17.694174063654035,17.258486278922984,17.59663200378418,1049900,0.0,0.0
2009-08-13 00:00:00-04:00,17.687671661376953,17.720185266657847,17.583626636100636,17.687671661376953,1159900,0.0,0.0
2009-08-14 00:00:00-04:00,17.82423046605372,17.837236404418945,17.668162926614674,17.837236404418945,943800,0.0,0.0
2009-08-17 00:00:00-04:00,17.180451133241185,17.297502096076567,17.147937528148926,17.245479583740234,1119900,0.0,0.0
2009-08-18 00:00:00-04:00,17.160940936879918,17.518596767600574,17.15443796828706,17.447065353393555,1055000,0.0,0.0
2009-08-19 00:00:00-04:00,17.3300138154825,17.74619510920282,17.29750021392806,17.713680267333984,800700,0.0,0.0
2009-08-20 00:00:00-04:00,17.538106954467512,17.811225473060887,17.53160398493974,17.75920295715332,559900,0.0,0.0
2009-08-21 00:00:00-04:00,18.045328958853734,18.220905430182977,17.687674286425764,18.03882598876953,783500,0.0,0.0
2009-08-24 00:00:00-04:00,17.843742093543145,17.93478119534781,17.687674530314542,17.72018814086914,592800,0.0,0.0
2009-08-25 00:00:00-04:00,17.804715787232226,17.934772648098356,17.707173761739703,17.726682662963867,423900,0.0,0.0
2009-08-26 00:00:00-04:00,17.674665723138776,17.726688235776937,17.616140241381533,17.687671661376953,494700,0.0,0.0
2009-08-27 00:00:00-04:00,17.616140241381533,17.746197143134196,17.46657567258615,17.687671661376953,864100,0.0,0.0
2009-08-28 00:00:00-04:00,17.941282105175873,17.980298681423744,17.765705651588565,17.791717529296875,796800,0.0,0.0
2009-08-31 00:00:00-04:00,17.69417112786725,17.8242280129913,17.622640957331964,17.811222076416016,428000,0.0,0.0
2009-09-01 00:00:00-04:00,17.629149979329156,17.869753687021348,17.434064584652315,17.46657943725586,762000,0.0,0.0
2009-09-02 00:00:00-04:00,17.492586012855185,17.629145881416978,17.44706647010609,17.564117431640625,873100,0.0,0.0
2009-09-03 00:00:00-04:00,17.382037844014178,17.382037844014178,17.21296437243647,17.36903190612793,937800,0.0,0.0
2009-09-04 00:00:00-04:00,17.154442117927402,17.421058933471205,17.154442117927402,17.3885440826416,974900,0.0,0.0
2009-09-08 00:00:00-04:00,17.720183782265252,17.817725830251533,17.629144702853317,17.73969268798828,1306600,0.0,0.0
2009-09-09 00:00:00-04:00,17.622644971929297,17.72669000760518,17.557616514553203,17.60313606262207,1061200,0.0,0.0
2009-09-10 00:00:00-04:00,17.525106421840224,17.707184650643505,17.434066067123673,17.63565444946289,807800,0.0,0.0
2009-09-11 00:00:00-04:00,17.557614190221667,17.6161396700809,17.47957980363786,17.551111221313477,801600,0.0,0.0
2009-09-14 00:00:00-04:00,17.687673042958313,17.817728714555063,17.642152255569084,17.77220916748047,690100,0.0,0.0
2009-09-15 00:00:00-04:00,17.687672772977052,17.785214835264412,17.609638378958394,17.75920295715332,754300,0.0,0.0
2009-09-16 00:00:00-04:00,17.65515740355622,17.902265277050073,17.65515740355622,17.889259338378906,434100,0.0,0.0
2009-09-17 00:00:00-04:00,17.915266199858614,18.025814174636974,17.85023900083608,17.99980354309082,1127500,0.0,0.0
2009-09-18 00:00:00-04:00,18.110350903724193,18.18188106828617,18.03231653110335,18.15587043762207,992100,0.0,0.0
2009-09-21 00:00:00-04:00,17.986801709737893,18.181885831930526,17.973795770841157,18.123361587524414,695600,0.0,0.0
2009-09-22 00:00:00-04:00,18.279425328585678,18.370464401284373,18.149368447318103,18.233905792236328,1766900,0.0,0.0
2009-09-23 00:00:00-04:00,18.33145483285031,18.526538988929726,18.259923396807608,18.344459533691406,1853800,0.0,0.0
2009-09-24 00:00:00-04:00,18.3314520756655,18.41598819983444,18.006311037560188,18.129863739013672,2361800,0.0,0.0
2009-09-25 00:00:00-04:00,18.103854033004183,18.18839016152546,17.947786475516263,17.98680305480957,726600,0.0,0.0
2009-09-28 00:00:00-04:00,18.019310643339328,18.331446894335137,18.019310643339328,18.26641845703125,1645200,0.0,0.0
2009-09-29 00:00:00-04:00,18.259920409835107,18.468010473030894,18.227406802578745,18.383474349975586,1434000,0.0,0.0
2009-09-30 00:00:00-04:00,18.50702452738309,18.68910392802017,18.305437461176844,18.650087356567383,1738600,0.0,0.0
2009-10-01 00:00:00-04:00,18.48752281520947,18.59156786613136,18.40948840686063,18.507030487060547,2548200,0.0,0.0
2009-10-02 00:00:00-04:00,18.25991596512987,18.494017849398944,18.25991596512987,18.42898941040039,1292000,0.0,0.0
2009-10-05 00:00:00-04:00,18.14286782571326,18.409483350511334,18.12336015922016,18.3964786529541,1238900,0.0,0.0
2009-10-06 00:00:00-04:00,18.331449149324538,18.53953918204314,18.318443212201014,18.455001831054688,2399900,0.0,0.0
2009-10-07 00:00:00-04:00,18.389970401571066,18.50051836109735,18.35095259916357,18.448495864868164,1627600,0.0,0.0
2009-10-08 00:00:00-04:00,18.507025880033837,18.65659168877754,18.38997615712049,18.62407684326172,1136600,0.0,0.0
2009-10-09 00:00:00-04:00,18.643584453863216,18.96222247586897,18.624075547910618,18.871183395385742,1019800,0.0,0.0
2009-10-12 00:00:00-04:00,19.332882555997525,19.332882555997525,19.12479252527947,19.176815032958984,1568800,0.0,0.0
2009-10-13 00:00:00-04:00,19.26134833339395,19.339381458349376,19.163805066728433,19.27435302734375,1414600,0.0,0.0
2009-10-14 00:00:00-04:00,19.352392043268846,19.3914086151228,19.163809672064918,19.267854690551758,1945000,0.0,0.0
2009-10-15 00:00:00-04:00,19.37190140492089,19.443431581616228,19.32638062298724,19.4304256439209,975200,0.0,0.0
2009-10-16 00:00:00-04:00,19.42391874725637,19.514957806271894,19.306867819771178,19.456432342529297,1398600,0.0,0.0
2009-10-19 00:00:00-04:00,19.88562175073358,20.015678635350802,19.768570802640955,19.872615814208984,1522200,0.0,0.0
2009-10-20 00:00:00-04:00,20.08720766382389,20.08720766382389,19.76856967896931,19.801084518432617,1904300,0.0,0.0
2009-10-21 00:00:00-04:00,20.041687740086875,20.223767116606194,19.833597732815814,19.859609603881836,3086000,0.0,0.0
2009-10-22 00:00:00-04:00,19.950653076171875,19.983166681867633,19.755567721053662,19.950653076171875,1664900,0.0,0.0
2009-10-23 00:00:00-04:00,20.230272981598162,20.230272981598162,19.71654961730119,19.781578063964844,1445200,0.0,0.0
2009-10-26 00:00:00-04:00,19.755565936478863,19.931142368130583,19.34588883627262,19.410917282104492,2202500,0.0,0.0
2009-10-27 00:00:00-04:00,19.664523539767348,19.67102650728515,19.31337197600566,19.39140510559082,3398600,0.0,0.0
2009-10-28 00:00:00-04:00,19.306872043672858,19.404414091145767,19.131295614032968,19.15080451965332,2071200,0.0,0.0
2009-10-29 00:00:00-04:00,19.963656404443785,20.048192512388887,19.83359951803583,19.885622024536133,3481400,0.0,0.0
2009-10-30 00:00:00-04:00,19.944148024571643,19.983164595395685,19.37840216620811,19.397911071777344,3308400,0.0,0.0
2009-11-02 00:00:00-05:00,19.62550840138354,19.729553408602047,19.313373379728034,19.52146339416504,2255000,0.0,0.0
2009-11-03 00:00:00-05:00,19.11828522283317,19.44342613220215,19.085771628021927,19.44342613220215,2052800,0.0,0.0
2009-11-04 00:00:00-05:00,19.586492573658322,19.807587292114018,19.540971796005593,19.651519775390625,1507700,0.0,0.0
2009-11-05 00:00:00-05:00,19.352393980241693,19.53447340097514,19.254851920686647,19.37840461730957,2315800,0.0,0.0
2009-11-06 00:00:00-05:00,19.176810958051153,19.475941243881547,19.176810958051153,19.456432342529297,1884100,0.0,0.0
2009-11-09 00:00:00-05:00,19.697044267506172,19.833602905273438,19.645020511806713,19.833602905273438,1667600,0.0,0.0
2009-11-10 00:00:00-05:00,19.898631107769365,19.989670198462125,19.814093746142156,19.93114471435547,1762000,0.0,0.0
2009-11-11 00:00:00-05:00,19.95715669604891,19.98967030280473,19.736060697228478,19.794586181640625,3143700,0.0,0.0
2009-11-12 00:00:00-05:00,19.794582163306707,19.82059279536824,19.56048027318119,19.599496841430664,1415400,0.0,0.0
2009-11-13 00:00:00-05:00,19.645018169806967,19.710046616364256,19.52796845438119,19.671030044555664,1169300,0.0,0.0
2009-11-16 00:00:00-05:00,19.95065093099159,20.0937125171107,19.89212545478049,20.048192977905273,982200,0.0,0.0
2009-11-17 00:00:00-05:00,20.132734020369238,20.184757781137833,20.028688979461492,20.16524887084961,2103500,0.0,0.0
2009-11-18 00:00:00-05:00,20.089497981662817,20.089497981662817,19.760161949176542,19.90506935119629,2702000,0.395,0.0
2009-11-19 00:00:00-05:00,19.5757334306779,19.72064208984375,19.384719184028288,19.72064208984375,3423700,0.0,0.0
2009-11-20 00:00:00-05:00,19.463760610805952,19.62842864052958,19.44400125128223,19.60866928100586,2997700,0.0,0.0
2009-11-23 00:00:00-05:00,19.87213323635208,20.04338809802779,19.8523726251259,19.898479461669922,1325000,0.0,0.0
2009-11-24 00:00:00-05:00,20.04997382479674,20.04997382479674,19.891892712955347,19.99728012084961,1129600,0.0,0.0
2009-11-25 00:00:00-05:00,19.839208954672515,20.023636382784943,19.826035208002306,19.977529525756836,959400,0.0,0.0
2009-11-27 00:00:00-05:00,19.246401411356498,19.667952477586837,19.200294557936974,19.529630661010742,1245300,0.0,0.0
2009-11-30 00:00:00-05:00,19.371543219656946,19.56914431509163,19.259568930559393,19.450584411621094,991900,0.0,0.0
2009-12-01 00:00:00-05:00,19.9182333986911,20.003861428995236,19.84577910479016,19.9379940032959,1288200,0.0,0.0
2009-12-02 00:00:00-05:00,20.267335274377842,20.326615847667004,20.13560038788705,20.214641571044922,1023300,0.0,0.0
2009-12-03 00:00:00-05:00,20.464936347797053,20.491283827622006,20.17512035130749,20.214641571044922,1066800,0.0,0.0
2009-12-04 00:00:00-05:00,20.359553755505424,20.471528058605795,20.082911433511402,20.175125122070312,1901400,0.0,0.0
2009-12-07 00:00:00-05:00,20.122432850683424,20.293687753383725,20.109260363027534,20.168540954589844,763700,0.0,0.0
2009-12-08 00:00:00-05:00,19.674541683970713,19.70088792205638,19.52304610378682,19.61526107788086,1030600,0.0,0.0
2009-12-09 00:00:00-05:00,19.654774991757705,19.707468707969497,19.424239512212132,19.628427505493164,844200,0.0,0.0
2009-12-10 00:00:00-05:00,19.97752370312625,19.98411057454155,19.8326163009414,19.87872314453125,971000,0.0,0.0
2009-12-11 00:00:00-05:00,20.181709605089086,20.22781644391182,20.089495927443615,20.194883346557617,1668800,0.0,0.0
2009-12-14 00:00:00-05:00,20.148775959478243,20.432005111759278,20.148775959478243,20.372724533081055,2175900,0.0,0.0
2009-12-15 00:00:00-05:00,20.438590866736916,20.49787144217949,20.333203456242792,20.36613655090332,1264400,0.0,0.0
2009-12-16 00:00:00-05:00,20.662545756635488,20.820626920793732,20.55057144165039,20.55057144165039,1637100,0.0,0.0
2009-12-17 00:00:00-05:00,20.34638156533321,20.372729053399354,20.208061021938082,20.26734161376953,1431800,0.0,0.0
2009-12-18 00:00:00-05:00,20.53739675827705,20.53739675827705,20.333208754280918,20.511049270629883,3124000,0.0,0.0
2009-12-21 00:00:00-05:00,20.497877523249343,20.7547592554978,20.497877523249343,20.609851837158203,957900,0.0,0.0
2009-12-22 00:00:00-05:00,20.978708267211914,21.077508838629505,20.90625392855755,20.978708267211914,1061600,0.0,0.0
2009-12-23 00:00:00-05:00,20.86673123919977,21.03139925559962,20.860144367785704,21.011638641357422,786100,0.0,0.0
2009-12-24 00:00:00-05:00,20.972114521417904,21.103849411010742,20.972114521417904,21.103849411010742,226200,0.0,0.0
2009-12-28 00:00:00-05:00,21.268522287399705,21.301455389215256,21.12361362424976,21.18947982788086,537300,0.0,0.0
2009-12-29 00:00:00-05:00,21.288280045931355,21.301453788194358,21.07091832386069,21.202651977539062,798500,0.0,0.0
2009-12-30 00:00:00-05:00,20.991879550898418,21.13678695490239,20.985292679400423,21.13020133972168,929700,0.0,0.0
2009-12-31 00:00:00-05:00,21.27510721633373,21.27510721633373,20.97870554060436,21.011638641357422,472300,0.0,0.0
2010-01-04 00:00:00-05:00,21.222412438632478,21.261931150164042,21.097263151757854,21.156543731689453,799200,0.0,0.0
2010-01-05 00:00:00-05:00,20.623020301441645,20.708648366362755,20.60326094516536,20.69547462463379,929500,0.0,0.0
2010-01-06 00:00:00-05:00,20.484697461956763,20.72181850463385,20.484697461956763,20.583498001098633,1811600,0.0,0.0
2010-01-07 00:00:00-05:00,20.313446772839796,20.464941047673747,20.28709928696401,20.438594818115234,1365300,0.0,0.0
2010-01-08 00:00:00-05:00,20.43200614835321,20.557152926296762,20.339791212221396,20.53739356994629,761700,0.0,0.0
2010-01-11 00:00:00-05:00,20.74816758943743,20.74816758943743,20.517632142735813,20.57032585144043,1081300,0.0,0.0
2010-01-12 00:00:00-05:00,20.57691346170743,20.69547462463379,20.537393492837698,20.69547462463379,639400,0.0,0.0
2010-01-13 00:00:00-05:00,20.794281317245943,20.879909407460143,20.662547629995874,20.80745506286621,988000,0.0,0.0
2010-01-14 00:00:00-05:00,20.952359356204198,21.011639946295173,20.906252509759515,20.958946228027344,639200,0.0,0.0
2010-01-15 00:00:00-05:00,20.87331953197907,20.89966576311211,20.695477760640983,20.774518966674805,811500,0.0,0.0
2010-01-19 00:00:00-05:00,21.084094570373463,21.347564437357217,21.084094570373463,21.28169822692871,1136700,0.0,0.0
2010-01-20 00:00:00-05:00,21.024801566111748,21.0709083859692,20.899653586272507,21.064321517944336,1448500,0.0,0.0
2010-01-21 00:00:00-05:00,21.130199798794823,21.189477869002033,20.590087682202885,20.67571449279785,827200,0.0,0.0
2010-01-22 00:00:00-05:00,20.478110831592954,20.576911371891565,20.36613655090332,20.36613655090332,991200,0.0,0.0
2010-01-25 00:00:00-05:00,20.471525672663176,20.557152479728526,20.412245092265195,20.451765060424805,799000,0.0,0.0
2010-01-26 00:00:00-05:00,20.18171331432755,20.425422551018716,20.17512644238267,20.352968215942383,569700,0.0,0.0
2010-01-27 00:00:00-05:00,20.188295613251768,20.385897957885557,20.168536258210345,20.35955047607422,828500,0.0,0.0
2010-01-28 00:00:00-05:00,20.471529936934182,20.471529936934182,20.17512697320278,20.280515670776367,1021100,0.0,0.0
2010-01-29 00:00:00-05:00,20.27392362462234,20.359550427671458,20.04997505502671,20.10266876220703,1576300,0.0,0.0
2010-02-01 00:00:00-05:00,20.06973853138252,20.181712839174484,20.017044813381435,20.115846633911133,1102200,0.0,0.0
2010-02-02 00:00:00-05:00,20.293681372054,20.59008423666194,20.240987669047808,20.55714988708496,971000,0.0,0.0
2010-02-03 00:00:00-05:00,20.359550494927834,20.445178554576895,20.267336821136922,20.33320426940918,1196300,0.0,0.0
2010-02-04 00:00:00-05:00,19.463761884933444,19.569149330349997,19.318854461565042,19.351787567138672,2005200,0.0,0.0
2010-02-05 00:00:00-05:00,18.818255851415184,19.022443787229644,18.58772043675141,18.996097564697266,2414800,0.0,0.0
2010-02-08 00:00:00-05:00,18.92364325417858,19.173939277979343,18.864362683084554,18.996097564697266,1008100,0.0,0.0
2010-02-09 00:00:00-05:00,18.8511982473734,19.338615507307104,18.844611374849197,19.206880569458008,2057300,0.0,0.0
2010-02-10 00:00:00-05:00,19.35447450931015,19.401015467081656,19.194904967745284,19.294635772705078,2030600,0.272,0.0
2010-02-11 00:00:00-05:00,19.294640824206986,19.4808047040323,19.121773458550397,19.460859298706055,2246200,0.0,0.0
2010-02-12 00:00:00-05:00,19.55394135679664,19.55394135679664,19.381073990095295,19.500751495361328,2896100,0.0,0.0
2010-02-16 00:00:00-05:00,19.347833414369894,19.620431649547164,19.314588953893093,19.607133865356445,1923200,0.0,0.0
2010-02-17 00:00:00-05:00,19.740105958637873,19.766700254545093,19.593832892636154,19.67361831665039,1989000,0.0,0.0
2010-02-18 00:00:00-05:00,19.613776894942557,19.873077268424872,19.613776894942557,19.83318519592285,957600,0.0,0.0
2010-02-19 00:00:00-05:00,19.826539457085502,20.02600238759089,19.720159734741156,19.966163635253906,1030100,0.0,0.0
2010-02-22 00:00:00-05:00,19.899677024963417,19.972813563427348,19.806595080115788,19.88637924194336,816000,0.0,0.0
2010-02-23 00:00:00-05:00,19.8331871095517,19.92626904375291,19.706860721602744,19.799943923950195,878500,0.0,0.0
2010-02-24 00:00:00-05:00,19.893032057334953,20.039303894968405,19.85313996855249,19.9262752532959,1196600,0.0,0.0
2010-02-25 00:00:00-05:00,19.427616170629808,19.700214385986328,19.394372980716636,19.700214385986328,1124900,0.0,0.0
2010-02-26 00:00:00-05:00,19.381076619581062,19.62043166258711,19.347833427228668,19.573890686035156,1071300,0.0,0.0
2010-03-01 00:00:00-05:00,19.60712852051679,19.753400302302,19.580534227531366,19.66031837463379,1133700,0.0,0.0
2010-03-02 00:00:00-05:00,19.846476595384452,19.873070879120213,19.71350137226851,19.766691207885742,829200,0.0,0.0
2010-03-03 00:00:00-05:00,19.95286954022366,20.065898174620557,19.886381884434915,19.959518432617188,826800,0.0,0.0
2010-03-04 00:00:00-05:00,19.966161092826166,20.01270205690715,19.84648360339155,19.93291664123535,538200,0.0,0.0
2010-03-05 00:00:00-05:00,19.919624123269422,20.185574733674198,19.89302982311684,20.145681381225586,591000,0.0,0.0
2010-03-08 00:00:00-05:00,20.092492476048122,20.145682347049807,19.85978758300735,19.959518432617188,1267800,0.0,0.0
2010-03-09 00:00:00-05:00,19.899675242843298,19.992757179354953,19.833187601843715,19.89302635192871,971400,0.0,0.0
2010-03-10 00:00:00-05:00,19.79994594752603,19.886378999811242,19.746756084239816,19.8398380279541,973400,0.0,0.0
2010-03-11 00:00:00-05:00,19.819894931032135,19.819894931032135,19.70021740000052,19.79330062866211,694700,0.0,0.0
2010-03-12 00:00:00-05:00,19.95286702544067,19.959515916996203,19.7799996494361,19.859785079956055,818400,0.0,0.0
2010-03-15 00:00:00-04:00,19.627073159718588,19.680263008329778,19.474152503479676,19.653667449951172,997000,0.0,0.0
2010-03-16 00:00:00-04:00,19.77999927323881,19.919622188810237,19.713511627094448,19.8398380279541,712600,0.0,0.0
2010-03-17 00:00:00-04:00,19.939569116003565,19.952866899030376,19.786648415634403,19.85313606262207,535300,0.0,0.0
2010-03-18 00:00:00-04:00,19.753407148391865,19.839841483879546,19.65367629587627,19.786651611328125,611600,0.0,0.0
2010-03-19 00:00:00-04:00,19.560588836669922,19.61377869426751,19.3877214824412,19.560588836669922,1636700,0.0,0.0
2010-03-22 00:00:00-04:00,19.194906730205908,19.59382998667389,19.16831117009679,19.520694732666016,2711900,0.0,0.0
2010-03-23 00:00:00-04:00,19.281342058796252,19.321234135561085,19.174962341992526,19.307937622070312,3220500,0.0,0.0
2010-03-24 00:00:00-04:00,19.075231298941763,19.121772265995503,19.008743659659462,19.061933517456055,2870700,0.0,0.0
2010-03-25 00:00:00-04:00,19.081880062916806,19.228151853849138,19.04863560942339,19.05528450012207,2830500,0.0,0.0
2010-03-26 00:00:00-04:00,18.948906619991877,19.041988562493774,18.749444952303136,18.78268814086914,2494700,0.0,0.0
2010-03-29 00:00:00-04:00,18.862476334757574,18.962207183226116,18.84252965780525,18.895719528198242,1152700,0.0,0.0
2010-03-30 00:00:00-04:00,19.314586657517538,19.34118222273694,19.174963744554702,19.24810028076172,1721900,0.0,0.0
2010-03-31 00:00:00-04:00,19.640377607102536,19.640377607102536,19.414320356718747,19.467510223388672,2681900,0.0,0.0
2010-04-01 00:00:00-04:00,20.039303573642222,20.132386803504247,19.979464807354713,20.07919692993164,2198300,0.0,0.0
2010-04-05 00:00:00-04:00,20.11908804562224,20.11908804562224,19.92627397064954,19.959518432617188,905600,0.0,0.0
2010-04-06 00:00:00-04:00,19.793293753093728,19.912971242553144,19.746752789003104,19.899673461914062,1116900,0.0,0.0
2010-04-07 00:00:00-04:00,19.839840905826758,20.026006088405932,19.81324533625264,19.959518432617188,1478700,0.0,0.0
2010-04-08 00:00:00-04:00,19.813239404138827,19.986106750174194,19.77334732986795,19.94621467590332,875200,0.0,0.0
2010-04-09 00:00:00-04:00,19.952866463597918,20.085840486524965,19.94621757222961,20.065895080566406,861300,0.0,0.0
2010-04-12 00:00:00-04:00,20.105790967212087,20.172278625336745,20.07254777222306,20.09914207458496,496200,0.0,0.0
2010-04-13 00:00:00-04:00,20.165624365577315,20.165624365577315,19.93956714900715,20.152326583862305,1039400,0.0,0.0
2010-04-14 00:00:00-04:00,20.119085793073385,20.212167739868164,20.072544819675993,20.212167739868164,975200,0.0,0.0
2010-04-15 00:00:00-04:00,19.87307675258546,20.09913393780608,19.87307675258546,20.039295196533203,1995400,0.0,0.0
2010-04-16 00:00:00-04:00,19.98611186935893,20.085842714653978,19.753405718239474,19.879732131958008,1200400,0.0,0.0
2010-04-19 00:00:00-04:00,19.48080125859956,19.76004829709538,19.48080125859956,19.74675178527832,1109500,0.0,0.0
2010-04-20 00:00:00-04:00,19.859778332626554,19.879723732370326,19.720154193690323,19.773344039916992,835000,0.0,0.0
2010-04-21 00:00:00-04:00,19.906324623262815,20.012704344219564,19.85978365386253,19.986108779907227,793100,0.0,0.0
2010-04-22 00:00:00-04:00,20.158979541028874,20.178926217624877,20.032653125547217,20.16562843322754,1046300,0.0,0.0
2010-04-23 00:00:00-04:00,20.165625241205667,20.252058289813807,20.072543301451315,20.232112884521484,827400,0.0,0.0
2010-04-26 00:00:00-04:00,20.365085481097026,20.444870901134575,20.311895623787404,20.325193405151367,939300,0.0,0.0
2010-04-27 00:00:00-04:00,20.119084248123556,20.272004939871138,19.720159656835087,19.726808547973633,1329800,0.0,0.0
2010-04-28 00:00:00-04:00,19.51405119820655,19.6071331478423,19.314588247084497,19.467510223388672,1624100,0.0,0.0
2010-04-29 00:00:00-04:00,20.192224737613117,20.305253372815002,20.052600532647695,20.238765716552734,1259800,0.0,0.0
2010-04-30 00:00:00-04:00,20.23211125951179,20.272003335038686,20.006054051282344,20.01270294189453,1425900,0.0,0.0
2010-05-03 00:00:00-04:00,20.085836795349877,20.139027916521396,19.8863751635412,20.072540283203125,735000,0.0,0.0
2010-05-04 00:00:00-04:00,19.826540185576118,19.846486859803456,19.520698789635112,19.56723976135254,1072300,0.0,0.0
2010-05-05 00:00:00-04:00,19.115125461520776,19.387723670998582,19.115125461520776,19.374425888061523,1424500,0.0,0.0
2010-05-06 00:00:00-04:00,19.101827621698114,19.248100697277398,17.53272601604302,18.59652328491211,2555400,0.0,0.0
2010-05-07 00:00:00-04:00,18.29732884975953,18.47684509551213,17.745483599152326,18.091217041015625,3439400,0.0,0.0
2010-05-10 00:00:00-04:00,19.015399311726444,19.261402015952267,18.87577509277267,18.982154846191406,1874700,0.0,0.0
2010-05-11 00:00:00-04:00,18.776036811384817,19.214853437835075,18.756090139947556,18.98879623413086,1395200,0.0,0.0
2010-05-12 00:00:00-04:00,18.994840621948242,19.075411866635054,18.88069695809455,18.994840621948242,977600,0.279,0.0
2010-05-13 00:00:00-04:00,18.833698227233587,19.06198558713459,18.793412599209006,18.820270538330078,821400,0.0,0.0
2010-05-14 00:00:00-04:00,18.86055726524111,18.86055726524111,18.37712585880854,18.53155517578125,1529800,0.0,0.0
2010-05-17 00:00:00-04:00,18.343544973741736,18.497974219498694,18.128686669965703,18.444259643554688,1451100,0.0,0.0
2010-05-18 00:00:00-04:00,18.531555833847705,18.591984921879785,18.02798095401846,18.081695556640625,1385000,0.0,0.0
2010-05-19 00:00:00-04:00,18.236123628256944,18.377125250879356,18.09512328629159,18.316696166992188,2118800,0.0,0.0
2010-05-20 00:00:00-04:00,17.98769182267212,18.242835815324316,17.645260817330062,17.967548370361328,2301400,0.0,0.0
2010-05-21 00:00:00-04:00,17.68554296268395,18.05483055114746,17.618399415511497,18.05483055114746,1993400,0.0,0.0
2010-05-24 00:00:00-04:00,17.860123676367277,18.027981979189043,17.759408950805664,17.759408950805664,1236300,0.0,0.0
2010-05-25 00:00:00-04:00,17.443830916753896,17.6251181536924,17.289401617431594,17.5915470123291,1586900,0.0,0.0
2010-05-26 00:00:00-04:00,17.510974978030823,17.645262108616144,17.282687624429975,17.322973251342773,1588000,0.0,0.0
2010-05-27 00:00:00-04:00,17.833259725095857,18.31669229397258,17.692259412944672,18.29654884338379,3715900,0.0,0.0
2010-05-28 00:00:00-04:00,18.390552474391406,18.424124898287996,18.101836032165846,18.15555191040039,1700000,0.0,0.0
2010-06-01 00:00:00-04:00,18.222691711000863,18.578551671817355,18.142120465954356,18.175691604614258,1904600,0.0,0.0
2010-06-02 00:00:00-04:00,18.417408075645202,18.665837577659783,18.26297878729486,18.65912437438965,1292900,0.0,0.0
2010-06-03 00:00:00-04:00,18.67926429606615,18.766551295948727,18.531549509431333,18.753122329711914,2027100,0.0,0.0
2010-06-04 00:00:00-04:00,18.21598172245937,18.403983475057526,18.10183802992784,18.189125061035156,3059900,0.0,0.0
2010-06-07 00:00:00-04:00,18.088406740102343,18.236121550184418,18.02797766310129,18.041406631469727,2414000,0.0,0.0
2010-06-08 00:00:00-04:00,18.074979724509085,18.276409149169922,18.014550640979422,18.276409149169922,2690200,0.0,0.0
2010-06-09 00:00:00-04:00,18.471120438960078,18.672549809852043,18.30326220299787,18.343547821044922,1456900,0.0,0.0
2010-06-10 00:00:00-04:00,18.840409778970823,18.981411376091504,18.73969508425995,18.90083885192871,1483300,0.0,0.0
2010-06-11 00:00:00-04:00,18.544983317507263,18.732983771280132,18.524839862892865,18.685983657836914,1078400,0.0,0.0
2010-06-14 00:00:00-04:00,19.14927209010785,19.263415766967633,19.04855738244498,19.082128524780273,1225800,0.0,0.0
2010-06-15 00:00:00-04:00,19.35741352382203,19.35741352382203,19.196269755960383,19.330556869506836,1292300,0.0,0.0
2010-06-16 00:00:00-04:00,19.229838308644563,19.229838308644563,19.041837911743617,19.108980178833008,1443000,0.0,0.0
2010-06-17 00:00:00-04:00,19.115697463776243,19.202984472838196,18.961268177782745,19.196269989013672,1039700,0.0,0.0
2010-06-18 00:00:00-04:00,18.967986759238826,19.021701360782068,18.853843070877296,18.860557556152344,750400,0.0,0.0
2010-06-21 00:00:00-04:00,19.14255514376027,19.14255514376027,18.833695295235856,18.90083885192871,1133000,0.0,0.0
2010-06-22 00:00:00-04:00,18.994838599347712,19.068695352336768,18.71954991411988,18.753122329711914,670000,0.0,0.0
2010-06-23 00:00:00-04:00,18.867268005755793,18.880696973433455,18.62555171018529,18.78669548034668,718700,0.0,0.0
2010-06-24 00:00:00-04:00,18.59869531801372,18.64569542489211,18.42412257771052,18.450979232788086,744600,0.0,0.0
2010-06-25 00:00:00-04:00,18.37041468412002,18.47784390490901,18.236127517805116,18.350271224975586,809100,0.0,0.0
2010-06-28 00:00:00-04:00,18.403974031760807,18.598690169968158,18.29654487987279,18.444259643554688,565600,0.0,0.0
2010-06-29 00:00:00-04:00,18.249544845258942,18.249544845258942,17.98768644676373,18.07497215270996,1406300,0.0,0.0
2010-06-30 00:00:00-04:00,18.115263121540053,18.25626472595712,17.947404861450195,17.947404861450195,891600,0.0,0.0
2010-07-01 00:00:00-04:00,18.041401574965548,18.095116152727677,17.873543359376818,18.048114776611328,1057000,0.0,0.0
2010-07-02 00:00:00-04:00,17.980977694158696,18.054834459445054,17.7526903527494,17.87354850769043,1133900,0.0,0.0
2010-07-06 00:00:00-04:00,18.17569120896072,18.33012049248558,18.074976514516546,18.256263732910156,1340000,0.0,0.0
2010-07-07 00:00:00-04:00,18.25626545639332,18.679267725255126,18.23612200334011,18.625553131103516,707600,0.0,0.0
2010-07-08 00:00:00-04:00,18.578554154941358,18.82027048370128,18.578554154941358,18.800127029418945,770200,0.0,0.0
2010-07-09 00:00:00-04:00,18.759841501257867,18.847127242298036,18.679268964357146,18.833698272705078,939700,0.0,0.0
2010-07-12 00:00:00-04:00,18.62555171018529,18.78669548034668,18.61883722634646,18.78669548034668,826000,0.0,0.0
2010-07-13 00:00:00-04:00,19.34398533445112,19.5051291087948,19.32384316306871,19.3775577545166,981700,0.0,0.0
2010-07-14 00:00:00-04:00,19.411126807396705,19.61927066680152,19.34398325513997,19.525270462036133,1024600,0.0,0.0
2010-07-15 00:00:00-04:00,19.71328057978952,19.820709797064342,19.545422267715445,19.793851852416992,1053400,0.0,0.0
2010-07-16 00:00:00-04:00,19.63270174372988,19.639416227742974,19.337270850438024,19.3775577545166,741400,0.0,0.0
2010-07-19 00:00:00-04:00,19.57227361112149,19.619273720820413,19.36412971931612,19.478273391723633,661500,0.0,0.0
2010-07-20 00:00:00-04:00,19.15598629031648,19.652846617312978,19.15598629031648,19.63941764831543,3393200,0.0,0.0
2010-07-21 00:00:00-04:00,19.625989085740727,19.74684724790749,19.458130811766228,19.55884552001953,1951000,0.0,0.0
2010-07-22 00:00:00-04:00,19.834128664714072,20.122843738640885,19.834128664714072,20.02212905883789,1769400,0.0,0.0
2010-07-23 00:00:00-04:00,20.035563962545453,20.31756591796875,19.954991426428645,20.31756591796875,1339800,0.0,0.0
2010-07-26 00:00:00-04:00,20.129557394192734,20.230272069857033,20.048986165923928,20.163129806518555,1176700,0.0,0.0
2010-07-27 00:00:00-04:00,19.71327555112213,19.881133820377173,19.558844970108204,19.807275772094727,1763900,0.0,0.0
2010-07-28 00:00:00-04:00,19.478267515673984,19.760269369452402,19.471553033363005,19.6259822845459,1166800,0.0,0.0
2010-07-29 00:00:00-04:00,19.2969883669726,19.39770308224333,19.055272025797176,19.142559051513672,1599900,0.0,0.0
2010-07-30 00:00:00-04:00,18.97469785756544,19.296985409297157,18.92769774968668,19.223127365112305,1230800,0.0,0.0
2010-08-02 00:00:00-04:00,19.350701977703082,19.505131285265588,19.29027289549914,19.464845657348633,1427100,0.0,0.0
2010-08-03 00:00:00-04:00,19.25670287794344,19.458132309959243,19.19627379220728,19.4178466796875,2178600,0.0,0.0
2010-08-04 00:00:00-04:00,19.652842966962474,19.74012868792,19.558841482096604,19.69312858581543,917700,0.0,0.0
2010-08-05 00:00:00-04:00,18.739696502685547,18.820269032946953,18.484552504728786,18.739696502685547,2445500,0.0,0.0
2010-08-06 00:00:00-04:00,18.209262670722705,18.40397756566238,18.128690151007035,18.356977462768555,2339400,0.0,0.0
2010-08-09 00:00:00-04:00,18.356979530007283,18.497979854567266,18.32340839006164,18.410694122314453,837100,0.0,0.0
2010-08-10 00:00:00-04:00,18.29654286872663,18.712831747026826,18.209257172658205,18.59868812561035,1271900,0.0,0.0
2010-08-11 00:00:00-04:00,18.168055767041622,18.262998530444456,18.11380128109927,18.161273956298828,1703500,0.275,0.0
2010-08-12 00:00:00-04:00,18.249442241125514,18.405420070383318,18.208752653818838,18.337604522705078,1214200,0.0,0.0
2010-08-13 00:00:00-04:00,18.107029905592757,18.249444122598003,18.07990264892578,18.07990264892578,1269000,0.0,0.0
2010-08-16 00:00:00-04:00,18.05954891154241,18.222309789789417,17.97816976591711,18.174837112426758,1284600,0.0,0.0
2010-08-17 00:00:00-04:00,18.26978384555859,18.405416205936014,18.147713815770032,18.28334617614746,883100,0.0,0.0
2010-08-18 00:00:00-04:00,18.554620150539186,18.58852792944195,18.405422818969793,18.50714874267578,904100,0.0,0.0
2010-08-19 00:00:00-04:00,18.378291174362737,18.39863531801708,18.018862878987377,18.107025146484375,911900,0.0,0.0
2010-08-20 00:00:00-04:00,17.910354901513383,18.05277036213133,17.815412123433646,18.032424926757812,1313800,0.0,0.0
2010-08-23 00:00:00-04:00,17.876446490455702,18.059550228211293,17.842537432724452,17.883228302001953,1968800,0.0,0.0
2010-08-24 00:00:00-04:00,17.679782162443235,17.85610542529808,17.625528950295482,17.77472496032715,1388600,0.0,0.0
2010-08-25 00:00:00-04:00,17.564489873563115,18.018860905558494,17.564489873563115,17.9510440826416,1934600,0.0,0.0
2010-08-26 00:00:00-04:00,18.181619897785566,18.28334448201746,18.127366699962003,18.20196533203125,1504100,0.0,0.0
2010-08-27 00:00:00-04:00,18.161275186707854,18.276563390149732,17.93748059102635,18.25621795654297,1283200,0.0,0.0
2010-08-30 00:00:00-04:00,17.957831267286178,18.127372728556246,17.92392349243164,17.92392349243164,664700,0.0,0.0
2010-08-31 00:00:00-04:00,17.91714405132229,18.093467349611473,17.86967264284037,18.012086868286133,989400,0.0,0.0
2010-09-01 00:00:00-04:00,18.290132059934372,18.50714621314697,18.269787912772863,18.405420303344727,1136800,0.0,0.0
2010-09-02 00:00:00-04:00,18.30369533692713,18.39185761793621,18.26978756330742,18.378293991088867,935300,0.0,0.0
2010-09-03 00:00:00-04:00,18.40541911461899,18.520707350583383,18.276568545922416,18.412200927734375,847600,0.0,0.0
2010-09-07 00:00:00-04:00,18.26978034118725,18.296906290660285,18.134146713327652,18.161273956298828,1269400,0.0,0.0
2010-09-08 00:00:00-04:00,18.34438670541519,18.547837247386706,18.330824370749443,18.41898536682129,1016700,0.0,0.0
2010-09-09 00:00:00-04:00,18.602090117788123,18.622434266154713,18.47323823963846,18.595308303833008,918900,0.0,0.0
2010-09-10 00:00:00-04:00,18.527487407460274,18.663121069913984,18.500361451068617,18.57495880126953,1598600,0.0,0.0
2010-09-13 00:00:00-04:00,18.669905521463036,18.690249668257902,18.520708212974544,18.581743240356445,836900,0.0,0.0
2010-09-14 00:00:00-04:00,18.649553747737382,18.934383347624575,18.60208236333922,18.832658767700195,1092500,0.0,0.0
2010-09-15 00:00:00-04:00,18.74449869860044,18.97507512980306,18.71059093251115,18.954730987548828,986500,0.0,0.0
2010-09-16 00:00:00-04:00,18.92760348785539,18.98185668897489,18.83944252109808,18.934385299682617,928800,0.0,0.0
2010-09-17 00:00:00-04:00,18.81231491485684,18.914039503327743,18.581738491123694,18.60886573791504,1195100,0.0,0.0
2010-09-20 00:00:00-04:00,18.859784494582552,19.15817771317971,18.812313110748544,19.110706329345703,935500,0.0,0.0
2010-09-21 00:00:00-04:00,19.198867077086955,19.334500709564058,19.042889305187018,19.19208526611328,1225100,0.0,0.0
2010-09-22 00:00:00-04:00,19.300599102000035,19.422669159631585,19.158184897095683,19.226001739501953,2187400,0.0,0.0
2010-09-23 00:00:00-04:00,19.11749373195332,19.21243652739058,19.00220549742297,19.0496768951416,1337800,0.0,0.0
2010-09-24 00:00:00-04:00,19.3616263922451,19.4090990684044,19.259901816042923,19.368408203125,1115100,0.0,0.0
2010-09-27 00:00:00-04:00,19.849911017313858,19.849911017313858,19.551517737094496,19.571863174438477,1743800,0.0,0.0
2010-09-28 00:00:00-04:00,19.714274572731714,19.82278096958727,19.510825402002116,19.80243682861328,1578800,0.0,0.0
2010-09-29 00:00:00-04:00,19.87025235652429,19.90416141397808,19.734620007203986,19.80243682861328,1256100,0.0,0.0
2010-09-30 00:00:00-04:00,19.91093850236671,19.992317633955178,19.639671281077224,19.734615325927734,2171400,0.0,0.0
2010-10-01 00:00:00-04:00,19.816005235773485,19.84991430362737,19.598992375503343,19.82956886291504,1423400,0.0,0.0
2010-10-04 00:00:00-04:00,19.72783862418156,19.829563211755712,19.578642648639356,19.687149047851562,782400,0.0,0.0
2010-10-05 00:00:00-04:00,19.80243794030661,19.992323498714722,19.761747069077714,19.93807029724121,1421100,0.0,0.0
2010-10-06 00:00:00-04:00,19.917726763573523,20.01945135775655,19.856691748364028,19.98554229736328,1256300,0.0,0.0
2010-10-07 00:00:00-04:00,20.09404808979026,20.09404808979026,19.836345706165673,19.93807029724121,1041800,0.0,0.0
2010-10-08 00:00:00-04:00,19.63289527631202,19.77530943606745,19.592204407669094,19.74140167236328,2537200,0.0,0.0
2010-10-11 00:00:00-04:00,19.497267017336924,19.558302043653697,19.415886551081687,19.51761245727539,1393500,0.0,0.0
2010-10-12 00:00:00-04:00,19.266685206017225,19.490479809403446,19.151396998606245,19.443008422851562,1756900,0.0,0.0
2010-10-13 00:00:00-04:00,19.660024642944336,19.70071422515558,19.54473641543041,19.660024642944336,1249400,0.0,0.0
2010-10-14 00:00:00-04:00,19.870255017939318,19.992325054126407,19.809219999845773,19.910945892333984,1541000,0.0,0.0
2010-10-15 00:00:00-04:00,19.904166075969577,19.94485566094623,19.741406442564372,19.816003799438477,1196400,0.0,0.0
2010-10-18 00:00:00-04:00,19.59220497841715,19.741402247457664,19.578642648639356,19.687149047851562,1416000,0.0,0.0
2010-10-19 00:00:00-04:00,19.158181675392882,19.314159481248485,19.083583031940872,19.17174530029297,2310600,0.0,0.0
2010-10-20 00:00:00-04:00,19.293810870442424,19.483696401086977,19.266683626922823,19.368408203125,2872300,0.0,0.0
2010-10-21 00:00:00-04:00,19.734620113200492,19.883816086303657,19.639676045318215,19.80921745300293,4290700,0.0,0.0
2010-10-22 00:00:00-04:00,19.660023018052517,19.78887486015348,19.62611525126203,19.782093048095703,2885900,0.0,0.0
2010-10-25 00:00:00-04:00,20.026235533169856,20.094051074962657,19.82278502729582,19.870256423950195,1232600,0.0,0.0
2010-10-26 00:00:00-04:00,19.5582984684237,19.646459438377427,19.51082707741028,19.585424423217773,2035700,0.0,0.0
2010-10-27 00:00:00-04:00,19.415881859701027,19.470135059595997,19.225996306817795,19.348066329956055,1974200,0.0,0.0
2010-10-28 00:00:00-04:00,19.585425505835996,19.65324233681746,19.429447700027556,19.571863174438477,1421900,0.0,0.0
2010-10-29 00:00:00-04:00,19.632893227134318,19.707490558197065,19.565076413306073,19.68036460876465,1111300,0.0,0.0
2010-11-01 00:00:00-04:00,19.65324557440958,19.761752004455424,19.53117551723334,19.62611961364746,1668500,0.0,0.0
2010-11-02 00:00:00-04:00,19.931292664509222,19.938074477802697,19.86347711857172,19.9177303314209,1216400,0.0,0.0
2010-11-03 00:00:00-04:00,19.971982102484738,19.99910806020178,19.71427838993091,19.904165267944336,1094700,0.0,0.0
2010-11-04 00:00:00-04:00,21.104521746450544,21.335096944615728,20.968888059531068,21.179119110107422,3605700,0.0,0.0
2010-11-05 00:00:00-04:00,21.192679869498622,21.307968099728637,20.989230660150845,21.10451889038086,1597300,0.0,0.0
2010-11-08 00:00:00-05:00,20.765437387768245,20.98245023704495,20.75865557454102,20.96210479736328,1187400,0.0,0.0
2010-11-09 00:00:00-05:00,20.86077633206598,20.929239923728975,20.5869232712484,20.662233352661133,1576900,0.292,0.0
2010-11-10 00:00:00-05:00,20.59377435935492,20.744393249977485,20.38838484433918,20.717008590698242,1313400,0.0,0.0
2010-11-11 00:00:00-05:00,20.559542539470034,20.648544311523438,20.48423244369317,20.648544311523438,1255800,0.0,0.0
2010-11-12 00:00:00-05:00,20.402071521038096,20.573229843549605,20.360993889268958,20.449996948242188,1016800,0.0,0.0
2010-11-15 00:00:00-05:00,20.56638871254574,20.614312843359276,20.388383865356445,20.388383865356445,1067300,0.0,0.0
2010-11-16 00:00:00-05:00,20.306222535617685,20.347300165884448,19.922828272847813,20.046062469482422,1425700,0.0,0.0
2010-11-17 00:00:00-05:00,20.09398453092169,20.319913432999023,20.080291553623866,20.141908645629883,1158200,0.0,0.0
2010-11-18 00:00:00-05:00,20.600615361270663,20.723849559776266,20.54584475147199,20.655385971069336,1125600,0.0,0.0
2010-11-19 00:00:00-05:00,20.634845169388598,20.73754119873047,20.518457467857502,20.73754119873047,907200,0.0,0.0
2010-11-22 00:00:00-05:00,20.614311468564342,20.703313233306034,20.360996543656462,20.586925506591797,843100,0.0,0.0
2010-11-23 00:00:00-05:00,20.052909362922477,20.11452515664709,19.83382561680486,19.922828674316406,1457000,0.0,0.0
2010-11-24 00:00:00-05:00,20.011829009703977,20.093985571912942,19.93652024233287,20.052907943725586,802200,0.0,0.0
2010-11-26 00:00:00-05:00,19.731131491869057,19.87490516386507,19.69690034921183,19.737977981567383,731900,0.0,0.0
2010-11-29 00:00:00-05:00,19.45727449734664,19.484659144766255,19.16972851735298,19.450428009033203,1611000,0.0,0.0
2010-11-30 00:00:00-05:00,18.97804116576613,19.29297327165806,18.97804116576613,19.142353057861328,2379600,0.0,0.0
2010-12-01 00:00:00-05:00,19.33404398859167,19.525741780245927,19.320351009366142,19.46412467956543,1621200,0.0,0.0
2010-12-02 00:00:00-05:00,19.43673968040685,19.86121291650728,19.43673968040685,19.840673446655273,2355100,0.0,0.0
2010-12-03 00:00:00-05:00,20.03921298900489,20.141907702260365,19.98444238821303,20.100830078125,1164300,0.0,0.0
2010-12-06 00:00:00-05:00,20.059754875598927,20.1624509137712,19.89544304269141,20.148757934570312,2118800,0.0,0.0
2010-12-07 00:00:00-05:00,20.997705795338195,21.00455228583133,20.545847869467522,20.586925506591797,1747400,0.0,0.0
2010-12-08 00:00:00-05:00,20.71700989128919,20.75124104399591,20.47054141312953,20.566390991210938,1125900,0.0,0.0
2010-12-09 00:00:00-05:00,20.68277546096675,20.71700791624471,20.532156575247665,20.648544311523438,1027400,0.0,0.0
2010-12-10 00:00:00-05:00,20.614311468564342,20.648542615195485,20.4773842703707,20.586925506591797,1606700,0.0,0.0
2010-12-13 00:00:00-05:00,20.88131981025474,20.942936923997674,20.819702696511808,20.901859283447266,1044600,0.0,0.0
2010-12-14 00:00:00-05:00,21.01824294088659,21.07301355293609,20.963472328837092,21.04562759399414,1006300,0.0,0.0
2010-12-15 00:00:00-05:00,20.956632967590792,21.038788260693316,20.81285924590911,20.881322860717773,809800,0.0,0.0
2010-12-16 00:00:00-05:00,20.997708165989025,21.059325281549313,20.901859899932884,21.052478790283203,794000,0.0,0.0
2010-12-17 00:00:00-05:00,21.08670416456226,21.114090122124942,20.867621727398134,21.01824188232422,788800,0.0,0.0
2010-12-20 00:00:00-05:00,21.114090122124942,21.148321263243965,20.922392336689164,21.01824188232422,1010900,0.0,0.0
2010-12-21 00:00:00-05:00,21.052474083729628,21.07301355293609,20.963472328837092,21.04562759399414,1076700,0.0,0.0
2010-12-22 00:00:00-05:00,20.929240931771858,20.970318566414374,20.888163297129346,20.956626892089844,545600,0.0,0.0
2010-12-23 00:00:00-05:00,20.984010369015277,21.073013429219685,20.96347220576379,21.0593204498291,558700,0.0,0.0
2010-12-27 00:00:00-05:00,20.929243585203302,21.100401941386956,20.895012436300423,21.093555450439453,394500,0.0,0.0
2010-12-28 00:00:00-05:00,21.168870395252718,21.209948044514835,21.01140498488549,21.086713790893555,612700,0.0,0.0
2010-12-29 00:00:00-05:00,21.1551710815954,21.251020642313268,21.141478100659345,21.189403533935547,827800,0.0,0.0
2010-12-30 00:00:00-05:00,21.07301310277834,21.196245997881437,20.99085653354191,21.13463020324707,1695100,0.0,0.0
2010-12-31 00:00:00-05:00,21.05931851302262,21.27155445071997,21.045625534891368,21.1414737701416,458200,0.0,0.0
2011-01-03 00:00:00-05:00,21.381100854323623,21.381100854323623,21.196249522182196,21.24417495727539,1273300,0.0,0.0
2011-01-04 00:00:00-05:00,21.264707715954295,21.264707715954295,21.08670291980754,21.168859481811523,1853100,0.0,0.0
2011-01-05 00:00:00-05:00,20.675925645777067,20.90870106620311,20.66223266673216,20.895008087158203,1502700,0.0,0.0
2011-01-06 00:00:00-05:00,20.552690429277522,20.655385155365217,20.477380354090545,20.600614547729492,1828700,0.0,0.0
2011-01-07 00:00:00-05:00,20.52530605094653,20.53899903036703,20.29253062413562,20.37468719482422,1788900,0.0,0.0
2011-01-10 00:00:00-05:00,20.25830260082988,20.35415085986348,20.19668548978411,20.30622673034668,1400500,0.0,0.0
2011-01-11 00:00:00-05:00,20.449992429413218,20.449992429413218,20.313065279327017,20.381528854370117,1072000,0.0,0.0
2011-01-12 00:00:00-05:00,20.4636874520948,20.552690505981445,20.367839214833147,20.552690505981445,1777100,0.0,0.0
2011-01-13 00:00:00-05:00,20.627998502222763,20.68276910800941,20.51161080169685,20.532150268554688,1744700,0.0,0.0
2011-01-14 00:00:00-05:00,20.463693727191846,20.675931040258945,20.436309067791548,20.669084548950195,1384700,0.0,0.0
2011-01-18 00:00:00-05:00,20.669083784690212,20.758085556743616,20.648544311523438,20.648544311523438,1720900,0.0,0.0
2011-01-19 00:00:00-05:00,20.956631462419935,20.97716963130303,20.7033164975722,20.72385597229004,1500600,0.0,0.0
2011-01-20 00:00:00-05:00,20.703312981922736,20.730698943562754,20.511615167946168,20.61431121826172,2811600,0.0,0.0
2011-01-21 00:00:00-05:00,20.895015620200407,20.984017404410412,20.87447614422818,20.94293975830078,1922600,0.0,0.0
2011-01-24 00:00:00-05:00,21.004549961415616,21.08670522657267,20.963472328837092,21.04562759399414,796900,0.0,0.0
2011-01-25 00:00:00-05:00,20.32676493095062,20.456844329833984,20.189837735896592,20.456844329833984,1610300,0.0,0.0
2011-01-26 00:00:00-05:00,20.347299453419726,20.408916549579494,20.25829770665243,20.360992431640625,1585000,0.0,0.0
2011-01-27 00:00:00-05:00,20.087138541773008,20.2856814941918,20.066599075315526,20.271989822387695,1843400,0.0,0.0
2011-01-28 00:00:00-05:00,20.087143626287425,20.18299188234862,19.76536640534302,19.82013702392578,1816500,0.0,0.0
2011-01-31 00:00:00-05:00,19.984447896287826,20.059756676986765,19.86121368408203,19.86121368408203,2261600,0.0,0.0
2011-02-01 00:00:00-05:00,20.28568973221673,20.292536223816256,20.148763817730515,20.169301986694336,2565600,0.0,0.0
2011-02-02 00:00:00-05:00,20.47053592222287,20.607463107990682,20.408918819210793,20.50476837158203,2044000,0.0,0.0
2011-02-03 00:00:00-05:00,20.395224877192874,20.429456016910844,20.23775823932108,20.360992431640625,1959800,0.0,0.0
2011-02-04 00:00:00-05:00,20.011835247870547,20.258303705493283,19.95706462460268,20.25145721435547,2138500,0.0,0.0
2011-02-07 00:00:00-05:00,20.21037644923023,20.36099531347544,20.155605834428837,20.319917678833008,1773800,0.0,0.0
2011-02-08 00:00:00-05:00,20.306227837623336,20.374691443166835,20.224072555638866,20.25145721435547,4073900,0.0,0.0
2011-02-09 00:00:00-05:00,20.283257888022167,20.38695526123047,20.27634455399713,20.38695526123047,6222300,0.286,0.0
2011-02-10 00:00:00-05:00,20.276345402185328,20.297085405128026,20.186474693267687,20.269432067871094,2291900,0.0,0.0
2011-02-11 00:00:00-05:00,19.97216516648047,20.055123859174124,19.965251832207358,20.01364517211914,2466400,0.0,0.0
2011-02-14 00:00:00-05:00,20.041295876266126,20.048209210085844,19.92377183849814,19.985990524291992,1095000,0.0,0.0
2011-02-15 00:00:00-05:00,20.020556172927744,20.068949510386375,19.930685469100386,19.972164154052734,1438300,0.0,0.0
2011-02-16 00:00:00-05:00,19.99981051265535,20.068942509181113,19.979070518122672,20.048202514648438,1837900,0.0,0.0
2011-02-17 00:00:00-05:00,20.234864977930147,20.26943032795054,20.172646293026574,20.200298309326172,1609100,0.0,0.0
2011-02-18 00:00:00-05:00,20.35239113461614,20.490653867687463,20.324737796851643,20.435348510742188,1454100,0.0,0.0
2011-02-22 00:00:00-05:00,20.393867659975786,20.456086344764092,20.26943029039917,20.324735641479492,1932000,0.0,0.0
2011-02-23 00:00:00-05:00,20.414609660135394,20.469915016631315,20.255605606448878,20.303998947143555,1469200,0.0,0.0
2011-02-24 00:00:00-05:00,20.32472601971606,20.352379341456874,20.165723375455237,20.248682022094727,1202200,0.0,0.0
2011-02-25 00:00:00-05:00,20.400780284416093,20.532130983134067,20.338561601790925,20.4975643157959,1081900,0.0,0.0
2011-02-28 00:00:00-05:00,20.594349878335755,20.691133910714573,20.47682584533996,20.53213119506836,1769200,0.0,0.0
2011-03-01 00:00:00-05:00,20.642742361351477,20.670394377549243,20.435346306242142,20.449172973632812,1339400,0.0,0.0
2011-03-02 00:00:00-05:00,20.46990856720728,20.60125792338623,20.45608190279372,20.476821899414062,1395900,0.0,0.0
2011-03-03 00:00:00-05:00,20.622005040908938,20.684223733671157,20.545959678958727,20.58052635192871,2885800,0.0,0.0
2011-03-04 00:00:00-05:00,20.6565678030653,20.6565678030653,20.49065174938174,20.628915786743164,2127400,0.0,0.0
2011-03-07 00:00:00-05:00,20.704963529554103,20.739528883593266,20.511394118617087,20.54595947265625,1571700,0.0,0.0
2011-03-08 00:00:00-05:00,20.41460636115714,20.608174418320623,20.34547434706297,20.525217056274414,1099900,0.0,0.0
2011-03-09 00:00:00-05:00,20.608169846996617,20.732607181046614,20.573604506908595,20.718780517578125,2358600,0.0,0.0
2011-03-10 00:00:00-05:00,20.47682563397653,20.566696331888703,20.380040284013194,20.4975643157959,1238600,0.0,0.0
2011-03-11 00:00:00-05:00,20.345474107800506,20.6496541750876,20.331647441427574,20.615087509155273,1288700,0.0,0.0
2011-03-14 00:00:00-04:00,20.435347237851907,20.539044610842158,20.386955218362033,20.51139259338379,1135100,0.0,0.0
2011-03-15 00:00:00-04:00,19.875376011258666,20.15881605062821,19.799330672399353,20.110424041748047,1505900,0.0,0.0
2011-03-16 00:00:00-04:00,20.15881399898718,20.221032666524685,19.667979309061568,19.806241989135742,2289300,0.0,0.0
2011-03-17 00:00:00-04:00,20.103515072089458,20.13808042348137,19.958339013943064,20.006731033325195,1092700,0.0,0.0
2011-03-18 00:00:00-04:00,20.51139293634582,20.53904495426655,20.297084852771466,20.37312889099121,1419500,0.0,0.0
2011-03-21 00:00:00-04:00,20.635829755923854,20.753353795724994,20.566697735114307,20.7049617767334,870200,0.0,0.0
2011-03-22 00:00:00-04:00,20.525213763671672,20.539039109405884,20.380036425504546,20.42151641845703,1077000,0.0,0.0
2011-03-23 00:00:00-04:00,20.476828672943515,20.635831410546093,20.338564620238134,20.59435272216797,1245400,0.0,0.0
2011-03-24 00:00:00-04:00,20.677307600435878,20.88470233585022,20.642742250728013,20.822484970092773,972100,0.0,0.0
2011-03-25 00:00:00-04:00,20.946922556346554,21.04370791607682,20.843225181034672,20.857051849365234,688600,0.0,0.0
2011-03-28 00:00:00-04:00,20.953833728349377,21.009139077381167,20.912355046221418,20.94692039489746,1212200,0.0,0.0
2011-03-29 00:00:00-04:00,20.739522825170624,21.029876197466347,20.71878282765545,21.009136199951172,1351400,0.0,0.0
2011-03-30 00:00:00-04:00,21.02296051529749,21.126657854116782,20.995308506951176,21.092092514038086,563700,0.0,0.0
2011-03-31 00:00:00-04:00,21.16122135862913,21.285658674097768,21.09900270089481,21.168134689331055,1169800,0.0,0.0
2011-04-01 00:00:00-04:00,21.071357694621987,21.209621726065123,20.94692033003987,21.1957950592041,911900,0.0,0.0
2011-04-04 00:00:00-04:00,21.16814944565055,21.202714804672684,21.105930744543567,21.147409439086914,754800,0.0,0.0
2011-04-05 00:00:00-04:00,20.974570244002667,21.320228947669708,20.96074357939599,21.285663604736328,1407000,0.0,0.0
2011-04-06 00:00:00-04:00,21.313315234563504,21.527623257804724,21.299488570203867,21.444665908813477,942000,0.0,0.0
2011-04-07 00:00:00-04:00,21.403190823240596,21.499976177366538,21.33406012275811,21.43775749206543,677600,0.0,0.0
2011-04-08 00:00:00-04:00,21.65897407520738,21.6728007396584,21.451579382775225,21.499971389770508,755800,0.0,0.0
2011-04-11 00:00:00-04:00,21.624413260990305,21.686631945465706,21.555281242841684,21.65206527709961,1128100,0.0,0.0
2011-04-12 00:00:00-04:00,21.679717619519657,21.693542967649744,21.472321574566237,21.51380157470703,1339700,0.0,0.0
2011-04-13 00:00:00-04:00,21.81106688586518,21.81798021918658,21.596758827235835,21.658977508544922,1311300,0.0,0.0
2011-04-14 00:00:00-04:00,21.99081047481156,22.04611582500821,21.90785310880836,21.97007179260254,2241200,0.0,0.0
2011-04-15 00:00:00-04:00,22.11524528739643,22.239681322024968,22.032287930977407,22.218942642211914,2389700,0.0,0.0
2011-04-18 00:00:00-04:00,21.624411490588287,21.735022183136895,21.403188786907606,21.707368850708008,1925700,0.0,0.0
2011-04-19 00:00:00-04:00,21.990811536854505,22.10833557652114,21.9562461857811,22.087596893310547,1358600,0.0,0.0
2011-04-20 00:00:00-04:00,22.343385149076887,22.398691824224304,22.14981706039577,22.246601104736328,1491000,0.0,0.0
2011-04-21 00:00:00-04:00,22.530034288743042,22.543860953274994,22.384858266907464,22.474727630615234,1391400,0.0,0.0
2011-04-25 00:00:00-04:00,22.44708128667149,22.46090795388164,22.33647058615742,22.39868927001953,498000,0.0,0.0
2011-04-26 00:00:00-04:00,22.564595010303382,22.640640331071875,22.52311766236862,22.619901657104492,802900,0.0,0.0
2011-04-27 00:00:00-04:00,22.744345301917935,22.82730265802935,22.654473294449936,22.716691970825195,1645200,0.0,0.0
2011-04-28 00:00:00-04:00,22.2120323931247,22.51621114894457,22.205117741192986,22.488557815551758,6642700,0.0,0.0
2011-04-29 00:00:00-04:00,22.460910333195635,22.550779723830903,22.405603658496332,22.51621437072754,1223300,0.0,0.0
2011-05-02 00:00:00-04:00,22.72359766410747,22.854949631677073,22.606074995404214,22.619901657104492,1071400,0.0,0.0
2011-05-03 00:00:00-04:00,22.530034710571858,22.737429408100954,22.474728051408547,22.668298721313477,2980900,0.0,0.0
2011-05-04 00:00:00-04:00,22.709779636288957,22.709779636288957,22.481646224417005,22.55769157409668,2552000,0.0,0.0
2011-05-05 00:00:00-04:00,22.225860771006207,22.315730155701424,22.059943395042257,22.129074096679688,3610700,0.0,0.0
2011-05-06 00:00:00-04:00,22.523122738575736,22.626818768949473,22.191288057313113,22.294986724853516,1703000,0.0,0.0
2011-05-09 00:00:00-04:00,22.274246871912254,22.384857547446174,22.18437487392641,22.350292205810547,1571900,0.0,0.0
2011-05-10 00:00:00-04:00,22.57152275628225,22.81348288351308,22.530042747113708,22.785829544067383,1243600,0.0,0.0
2011-05-11 00:00:00-04:00,22.722280589717446,22.78512658426822,22.51279482913352,22.582622528076172,1127300,0.329,0.0
2011-05-12 00:00:00-04:00,22.547709261755326,22.84797316973519,22.491844970151615,22.79909324645996,890000,0.0,0.0
2011-05-13 00:00:00-04:00,22.74322657135376,22.771158714228314,22.33123678709926,22.49882698059082,1048300,0.0,0.0
2011-05-16 00:00:00-04:00,22.296326354943886,22.49184605749701,22.275377244579733,22.373138427734375,2841500,0.0,0.0
2011-05-17 00:00:00-04:00,22.275376480973545,22.49184528647021,22.247445666656898,22.435983657836914,1066300,0.0,0.0
2011-05-18 00:00:00-04:00,22.352184562377296,22.54072253114689,22.310289011821226,22.49882698059082,891900,0.0,0.0
2011-05-19 00:00:00-04:00,22.526752937046346,22.722275242837288,22.422011413279563,22.708309173583984,1439800,0.0,0.0
2011-05-20 00:00:00-04:00,22.554691074008815,22.554691074008815,22.205547241086833,22.345205307006836,1483500,0.0,0.0
2011-05-23 00:00:00-04:00,22.072871649756344,22.14968238073204,21.933213595818497,22.030973434448242,1935500,0.0,0.0
2011-05-24 00:00:00-04:00,22.07985213597085,22.121749014563,21.96114320339496,22.01002311706543,1047400,0.0,0.0
2011-05-25 00:00:00-04:00,21.996062394707874,22.163651281699327,21.94019943237739,22.100805282592773,5355100,0.0,0.0
2011-05-26 00:00:00-04:00,22.20554784014752,22.28235991166356,22.058908065665698,22.247446060180664,1048100,0.0,0.0
2011-05-27 00:00:00-04:00,22.32425880432129,22.42900170005293,22.29632798700267,22.32425880432129,716200,0.0,0.0
2011-05-31 00:00:00-04:00,22.778140386943747,22.79210645836194,22.61753456126817,22.757192611694336,924000,0.0,0.0
2011-06-01 00:00:00-04:00,22.840988817325737,22.882887036057724,22.463912840005985,22.48486328125,1833100,0.0,0.0
2011-06-02 00:00:00-04:00,22.58262138198628,22.624519597479075,22.38710170386489,22.519775390625,1249000,0.0,0.0
2011-06-03 00:00:00-04:00,22.449953125709815,22.736251008107768,22.442968756226964,22.62452507019043,1272300,0.0,0.0
2011-06-06 00:00:00-04:00,22.70132847990224,22.715294551415102,22.44994718393806,22.477876663208008,765100,0.0,0.0
2011-06-07 00:00:00-04:00,22.82004511854298,22.861943344763578,22.694353103637695,22.694353103637695,850900,0.0,0.0
2011-06-08 00:00:00-04:00,22.603568175935614,22.61753424715985,22.415030210042033,22.49184226989746,1606400,0.0,0.0
2011-06-09 00:00:00-04:00,22.310286661061934,22.6035661390756,22.26140541618192,22.51279067993164,1620300,0.0,0.0
2011-06-10 00:00:00-04:00,22.380119996681323,22.39408607017258,21.996062298818266,22.02399444580078,2666700,0.0,0.0
2011-06-13 00:00:00-04:00,22.10778731977504,22.254428421686047,22.0379582870497,22.17063331604004,945100,0.0,0.0
2011-06-14 00:00:00-04:00,22.310288161626556,22.463909614070914,22.275372984363905,22.387100219726562,917900,0.0,0.0
2011-06-15 00:00:00-04:00,22.010032856235927,22.121758803170863,21.779597924197827,21.82847785949707,1410600,0.0,0.0
2011-06-16 00:00:00-04:00,21.681834058570235,21.95416718616738,21.660886278516887,21.891321182250977,1556800,0.0,0.0
2011-06-17 00:00:00-04:00,22.16364913550993,22.219512092430996,22.02399240914625,22.107786178588867,1204200,0.0,0.0
2011-06-20 00:00:00-04:00,22.09382171176315,22.219513706938024,22.065890897212093,22.156667709350586,801900,0.0,0.0
2011-06-21 00:00:00-04:00,22.28236191240427,22.37314006541569,22.24046502048725,22.32425880432129,653300,0.0,0.0
2011-06-22 00:00:00-04:00,22.338219509347912,22.4150302374193,22.20554449631136,22.233476638793945,976500,0.0,0.0
2011-06-23 00:00:00-04:00,21.716747516498213,21.940199365135317,21.618986333810923,21.926233291625977,1812300,0.0,0.0
2011-06-24 00:00:00-04:00,22.135719089048372,22.14968382985346,21.975111916948908,22.044940948486328,974500,0.0,0.0
2011-06-27 00:00:00-04:00,22.100800132037758,22.338217999581993,22.093817096889072,22.26140594482422,979300,0.0,0.0
2011-06-28 00:00:00-04:00,22.42202042667415,22.498832506567236,22.310294491490502,22.40805435180664,1399600,0.0,0.0
2011-06-29 00:00:00-04:00,22.415030210042033,22.554688258528653,22.338219482064464,22.49184226989746,1059200,0.0,0.0
2011-06-30 00:00:00-04:00,22.3940790445093,22.645462960973312,22.373131272722407,22.617530822753906,944600,0.0,0.0
2011-07-01 00:00:00-04:00,22.470897488858824,22.77814310546082,22.435983638024336,22.750213623046875,1090200,0.0,0.0
2011-07-05 00:00:00-04:00,22.9806416261458,23.015555468558336,22.868915732172425,22.90382957458496,999500,0.0,0.0
2011-07-06 00:00:00-04:00,22.931762642331933,22.994608626720776,22.806070673554245,22.875898361206055,753500,0.0,0.0
2011-07-07 00:00:00-04:00,23.043487316678778,23.176160981671348,23.043487316678778,23.148231506347656,866400,0.0,0.0
2011-07-08 00:00:00-04:00,23.204096600827253,23.32280687783947,23.008576925461014,23.141250610351562,1325600,0.0,0.0
2011-07-11 00:00:00-04:00,22.631499091914833,22.66641293620547,22.449945503350165,22.568653106689453,1945800,0.0,0.0
2011-07-12 00:00:00-04:00,22.31029406160107,22.55469370768217,22.30331102430187,22.32425880432129,1331400,0.0,0.0
2011-07-13 00:00:00-04:00,22.373135590155066,22.533741420276414,22.26140834759466,22.40106773376465,1158500,0.0,0.0
2011-07-14 00:00:00-04:00,22.47787870334661,22.603570694614653,22.345205007566353,22.394084930419922,1406700,0.0,0.0
2011-07-15 00:00:00-04:00,22.317269522802462,22.39408157972399,22.149680670146417,22.380115509033203,1181700,0.0,0.0
2011-07-18 00:00:00-04:00,22.044944956945326,22.15667089496926,21.926235981310114,22.135723114013672,868600,0.0,0.0
2011-07-19 00:00:00-04:00,22.12175469157192,22.324257433299497,22.086839507220198,22.268394470214844,2310400,0.0,0.0
2011-07-20 00:00:00-04:00,22.36615282768322,22.50581089199911,22.29632512740328,22.449949264526367,2371500,0.0,0.0
2011-07-21 00:00:00-04:00,22.610555257931484,22.86193924263612,22.5686570392287,22.79909324645996,1640100,0.0,0.0
2011-07-22 00:00:00-04:00,22.806071819947462,22.980643711607733,22.77115797436654,22.938745498657227,1260000,0.0,0.0
2011-07-25 00:00:00-04:00,22.82004149085919,22.87590311984986,22.72228164230844,22.785127639770508,976900,0.0,0.0
2011-07-26 00:00:00-04:00,22.889869015854963,22.910819457350875,22.778143094982354,22.81305694580078,867300,0.0,0.0
2011-07-27 00:00:00-04:00,22.680382806454976,22.68736717473658,22.36615282768322,22.449949264526367,1351000,0.0,0.0
2011-07-28 00:00:00-04:00,22.533742562103946,22.694348400363495,22.519776489591468,22.526758193969727,1341200,0.0,0.0
2011-07-29 00:00:00-04:00,22.352183710586083,22.596585955791163,22.289339055268965,22.387100219726562,1247100,0.0,0.0
2011-08-01 00:00:00-04:00,22.63849053565711,22.63849053565711,21.919254911542044,22.212535858154297,1661300,0.0,0.0
2011-08-02 00:00:00-04:00,22.121749774282826,22.261406485012095,21.933211816326622,21.94717788696289,1881900,0.0,0.0
2011-08-03 00:00:00-04:00,22.086840719191375,22.121755905458997,21.828475000201845,22.0728759765625,2074100,0.0,0.0
2011-08-04 00:00:00-04:00,22.917801143929402,22.966681067787846,22.163650512695312,22.163650512695312,4052000,0.0,0.0
2011-08-05 00:00:00-04:00,22.79909172271318,23.04349132275521,22.198563946888925,22.92478370666504,4330800,0.0,0.0
2011-08-08 00:00:00-04:00,22.240459151922074,22.37313416184171,21.618982315063477,21.618982315063477,5003600,0.0,0.0
2011-08-09 00:00:00-04:00,21.723728308739755,22.345203865035103,21.374584498348582,22.33123779296875,4323200,0.0,0.0
2011-08-10 00:00:00-04:00,22.055460752635206,22.11188656496917,21.491201283998095,21.53352165222168,3606700,0.319,0.0
2011-08-11 00:00:00-04:00,21.50530021464821,22.528019202925144,21.434767638681354,22.330528259277344,3502000,0.0,0.0
2011-08-12 00:00:00-04:00,22.880686495456406,23.240402879090734,22.422227972586235,23.205137252807617,4526400,0.0,0.0
2011-08-15 00:00:00-04:00,23.473155592669297,23.7552859532059,23.466103544423415,23.705913543701172,2463900,0.0,0.0
2011-08-16 00:00:00-04:00,23.54369842055789,23.797615302826358,23.452005615161934,23.712974548339844,1957500,0.0,0.0
2011-08-17 00:00:00-04:00,24.17142996800777,24.368919632276768,23.98099235292201,24.192588806152344,2283000,0.0,0.0
2011-08-18 00:00:00-04:00,23.755285335523922,23.790550957025392,23.296824184221425,23.72707176208496,2287300,0.0,0.0
2011-08-19 00:00:00-04:00,23.346201603191556,23.861090011881455,23.233349975809052,23.310935974121094,1767500,0.0,0.0
2011-08-22 00:00:00-04:00,24.23490932682022,24.23490932682022,23.571903694404515,23.6071720123291,2893300,0.0,0.0
2011-08-23 00:00:00-04:00,23.81171306806397,24.100895509115816,23.635382245700775,24.093843460083008,2278200,0.0,0.0
2011-08-24 00:00:00-04:00,23.50137095955274,23.896352956314747,23.473157383228013,23.82581901550293,1952500,0.0,0.0
2011-08-25 00:00:00-04:00,23.47315379162342,23.578953341355497,23.078174545891535,23.183971405029297,2258900,0.0,0.0
2011-08-26 00:00:00-04:00,22.93006167371578,23.452002153628317,22.73257199025462,23.444950103759766,1669700,0.0,0.0
2011-08-29 00:00:00-04:00,23.557795825458225,23.66359269051421,23.480209843393823,23.593061447143555,898400,0.0,0.0
2011-08-30 00:00:00-04:00,23.205133704816014,23.58600617727224,23.03585495770649,23.49431610107422,1338500,0.0,0.0
2011-08-31 00:00:00-04:00,23.586013967496303,23.86109235872922,23.557803075822278,23.7976131439209,1573000,0.0,0.0
2011-09-01 00:00:00-04:00,23.748236244772666,23.973942195368227,23.656546145181604,23.755290985107422,1497500,0.0,0.0
2011-09-02 00:00:00-04:00,23.317985485146764,23.543688689296985,23.247451552228302,23.423782348632812,954800,0.0,0.0
2011-09-06 00:00:00-04:00,22.64087370500384,23.057014501753244,22.64087370500384,23.04290771484375,1733900,0.0,0.0
2011-09-07 00:00:00-04:00,22.95826870202297,23.303878240037168,22.91595103369896,23.296823501586914,1289200,0.0,0.0
2011-09-08 00:00:00-04:00,22.760781698491947,23.000591712149543,22.711409286026676,22.753726959228516,2132000,0.0,0.0
2011-09-09 00:00:00-04:00,22.58444759950042,22.6479267906625,22.15420004724569,22.288211822509766,1750200,0.0,0.0
2011-09-12 00:00:00-04:00,21.738057221497645,21.977867177547537,21.561726450596076,21.956707000732422,2700200,0.0,0.0
2011-09-13 00:00:00-04:00,21.674579550280402,21.72395195433389,21.44887636300895,21.70279312133789,2749500,0.0,0.0
2011-09-14 00:00:00-04:00,21.879130368555842,22.252950878429804,21.653427114602316,22.097780227661133,1657300,0.0,0.0
2011-09-15 00:00:00-04:00,22.090724964075783,22.133043984287767,21.935554326433575,22.08367156982422,2150700,0.0,0.0
2011-09-16 00:00:00-04:00,22.154207289619,22.252952132463918,21.9990366301059,22.133047103881836,1425800,0.0,0.0
2011-09-19 00:00:00-04:00,21.470034556174525,21.914387496868017,21.413608764573812,21.836801528930664,2122900,0.0,0.0
2011-09-20 00:00:00-04:00,21.88618134093398,22.196522608121228,21.78038177521836,22.006086349487305,1493200,0.0,0.0
2011-09-21 00:00:00-04:00,21.89323416178611,22.083670415433975,21.547624588012695,21.547624588012695,2138400,0.0,0.0
2011-09-22 00:00:00-04:00,21.060953368826492,21.399508217100433,20.969260589941438,21.350135803222656,4247900,0.0,0.0
2011-09-23 00:00:00-04:00,21.35014097727253,21.731014937558374,21.30782060200922,21.688695907592773,1711000,0.0,0.0
2011-09-26 00:00:00-04:00,22.013142314600646,22.020195709923044,21.6675340155888,21.970823287963867,1556700,0.0,0.0
2011-09-27 00:00:00-04:00,22.28821781315013,22.3799092554196,22.041354375089625,22.111886978149414,1648100,0.0,0.0
2011-09-28 00:00:00-04:00,22.295268307862035,22.35169411391061,21.87912748376731,21.886180877685547,1245900,0.0,0.0
2011-09-29 00:00:00-04:00,22.591505961867316,22.619719541513163,22.154206239736837,22.386962890625,1411800,0.0,0.0
2011-09-30 00:00:00-04:00,22.048407299090066,22.34464314937717,21.99198148690669,21.999034881591797,1550700,0.0,0.0
2011-10-03 00:00:00-04:00,21.745111713636877,21.97786828918789,21.55467414855957,21.55467414855957,1310100,0.0,0.0
2011-10-04 00:00:00-04:00,21.491193873176048,21.970813785275833,21.28665087848468,21.956707000732422,2100000,0.0,0.0
2011-10-05 00:00:00-04:00,21.653419793081852,21.956707597222362,21.58288721374569,21.942602157592773,1404300,0.0,0.0
2011-10-06 00:00:00-04:00,21.907340179902025,22.48570504052051,21.850914372653815,22.46454620361328,1495200,0.0,0.0
2011-10-07 00:00:00-04:00,22.14009468448348,22.38695807205973,22.076615489241092,22.16830825805664,2342800,0.0,0.0
2011-10-10 00:00:00-04:00,22.125993927734154,22.464548810510998,22.125993927734154,22.415176391601562,1090000,0.0,0.0
2011-10-11 00:00:00-04:00,22.33053626429278,22.542132722749116,22.25295026838663,22.478654861450195,1044500,0.0,0.0
2011-10-12 00:00:00-04:00,22.619716494549493,22.78194051976835,22.535078457608066,22.676143646240234,1683200,0.0,0.0
2011-10-13 00:00:00-04:00,22.810156770515455,23.05701886162477,22.68319835491781,23.04996681213379,1344500,0.0,0.0
2011-10-14 00:00:00-04:00,23.76939546536911,23.77644751442348,23.50842660084004,23.61422348022461,1359300,0.0,0.0
2011-10-17 00:00:00-04:00,23.155769512110624,23.30388678675553,23.07818350426938,23.099342346191406,1268000,0.0,0.0
2011-10-18 00:00:00-04:00,23.035857865626298,23.402626288500425,22.824261422974423,23.226295471191406,1408100,0.0,0.0
2011-10-19 00:00:00-04:00,23.219242984715315,23.261563353589906,22.979435632877642,23.021753311157227,961600,0.0,0.0
2011-10-20 00:00:00-04:00,23.134600956608136,23.162814531002933,22.92300452983625,23.078176498413086,919700,0.0,0.0
2011-10-21 00:00:00-04:00,23.444948674568376,23.63538360595703,23.437893934534735,23.63538360595703,918600,0.0,0.0
2011-10-24 00:00:00-04:00,23.52959162814347,23.783508510411938,23.494325992405194,23.712974548339844,909300,0.0,0.0
2011-10-25 00:00:00-04:00,23.423782928906636,23.578954894576874,23.27566570200022,23.416730880737305,741300,0.0,0.0
2011-10-26 00:00:00-04:00,23.734125884709805,23.797605078002597,23.296823579539716,23.74822998046875,1335300,0.0,0.0
2011-10-27 00:00:00-04:00,23.938669785351337,24.058576135202273,23.769393714566604,23.931617736816406,3101000,0.0,0.0
2011-10-28 00:00:00-04:00,24.115002297776247,24.17848150145079,24.0021506790876,24.093843460083008,1971400,0.0,0.0
2011-10-31 00:00:00-04:00,23.97394089645694,24.07973778039033,23.72707611942247,23.734130859375,1863100,0.0,0.0
2011-11-01 00:00:00-04:00,23.064068971984096,23.402623782086927,22.9935350382578,23.23334503173828,2923300,0.0,0.0
2011-11-02 00:00:00-04:00,23.41673164577027,23.444945220558335,23.233346100242446,23.33914566040039,1345400,0.0,0.0
2011-11-03 00:00:00-04:00,23.275666909857915,23.536635755177702,23.06407047606904,23.46610450744629,1673400,0.0,0.0
2011-11-04 00:00:00-04:00,23.46610325320638,23.58600690605998,23.247452091974274,23.430837631225586,2007500,0.0,0.0
2011-11-07 00:00:00-05:00,23.437892505964097,23.698861368807876,23.437892505964097,23.670650482177734,865500,0.0,0.0
2011-11-08 00:00:00-05:00,23.86782177269888,24.166793823242188,23.796639373511383,24.166793823242188,832800,0.307,0.0
2011-11-09 00:00:00-05:00,23.291238492807086,23.362420895703742,22.871255798673744,22.90684700012207,1469900,0.0,0.0
2011-11-10 00:00:00-05:00,23.29124124573841,23.326832451393475,22.949560783666897,23.163110733032227,1001500,0.0,0.0
2011-11-11 00:00:00-05:00,23.768165163467366,23.88205863064124,23.647154542597697,23.711219787597656,808400,0.0,0.0
2011-11-14 00:00:00-05:00,23.305480872891096,23.44072855565325,23.22005871126056,23.34107208251953,738200,0.0,0.0
2011-11-15 00:00:00-05:00,23.29835727228685,23.419370624174956,23.163109611174068,23.305477142333984,1595000,0.0,0.0
2011-11-16 00:00:00-05:00,23.056335054337957,23.369544190026655,23.02786100283262,23.113283157348633,1143100,0.0,0.0
2011-11-17 00:00:00-05:00,23.18446779319485,23.312598321816758,22.88549837003392,22.97803497314453,955700,0.0,0.0
2011-11-18 00:00:00-05:00,23.163113517183785,23.17023067299629,22.835670041103352,22.89973258972168,1001800,0.0,0.0
2011-11-21 00:00:00-05:00,22.62211580134946,22.686181057170486,22.47974826447663,22.629234313964844,819700,0.0,0.0
2011-11-22 00:00:00-05:00,22.87125500277228,23.113278965807126,22.864135133469613,23.027856826782227,1073200,0.0,0.0
2011-11-23 00:00:00-05:00,22.44416153058909,22.47975274303928,22.202137484318147,22.223491668701172,1106900,0.0,0.0
2011-11-25 00:00:00-05:00,22.017059245449865,22.316030033410378,21.98858519054045,22.16654396057129,1035800,0.0,0.0
2011-11-28 00:00:00-05:00,22.800074199325522,22.885496354507172,22.69329922078349,22.785837173461914,698000,0.0,0.0
2011-11-29 00:00:00-05:00,22.956676386146867,23.30547669502225,22.89972828860201,23.255645751953125,1033500,0.0,0.0
2011-11-30 00:00:00-05:00,23.867825494395365,24.052904105837204,23.77528890410934,23.939010620117188,989700,0.0,0.0
2011-12-01 00:00:00-05:00,23.83935382430802,23.967481617935753,23.54750160153987,23.5902099609375,1044800,0.0,0.0
2011-12-02 00:00:00-05:00,23.454960297796983,23.540379724745858,23.241410372707488,23.24852752685547,982100,0.0,0.0
2011-12-05 00:00:00-05:00,23.632920511434815,23.65427469065985,23.326831270513598,23.4549617767334,921800,0.0,0.0
2011-12-06 00:00:00-05:00,23.597329256551458,23.718339892478028,23.526144133563957,23.604446411132812,818200,0.0,0.0
2011-12-07 00:00:00-05:00,23.583099263548633,23.91054278061814,23.497677090493944,23.846477508544922,1181800,0.0,0.0
2011-12-08 00:00:00-05:00,23.75393233447858,23.84647164146875,23.511908334574635,23.540382385253906,974400,0.0,0.0
2011-12-09 00:00:00-05:00,23.704102428875768,23.860706981113136,23.682748250092395,23.81087875366211,1181700,0.0,0.0
2011-12-12 00:00:00-05:00,23.675626868526294,23.70410091537589,23.398011700329143,23.490550994873047,1141800,0.0,0.0
2011-12-13 00:00:00-05:00,23.575969648209128,23.7396913390829,23.155986974947027,23.198698043823242,1590400,0.0,0.0
2011-12-14 00:00:00-05:00,23.25563768074664,23.298348739081792,23.013616496482207,23.04920768737793,1048800,0.0,0.0
2011-12-15 00:00:00-05:00,23.184460405156894,23.21293445031819,23.020738718631065,23.099040985107422,862000,0.0,0.0
2011-12-16 00:00:00-05:00,23.106161798641732,23.106161798641732,22.72889014451608,22.79295539855957,1123900,0.0,0.0
2011-12-19 00:00:00-05:00,23.13463658039389,23.234293041962925,23.063454169397417,23.084808349609375,1197100,0.0,0.0
2011-12-20 00:00:00-05:00,23.298362818805735,23.412256327760737,23.255651734659317,23.376665115356445,670600,0.0,0.0
2011-12-21 00:00:00-05:00,23.37665949899521,23.476315955958434,23.277003042031986,23.4549617767334,898000,0.0,0.0
2011-12-22 00:00:00-05:00,23.51902846670404,23.583093723727913,23.426489158684006,23.547502517700195,527800,0.0,0.0
2011-12-23 00:00:00-05:00,23.668518727543315,23.74682102848007,23.58309926990122,23.73258399963379,380200,0.0,0.0
2011-12-27 00:00:00-05:00,23.825118262452328,23.860709469280938,23.753933133360082,23.79664421081543,502700,0.0,0.0
2011-12-28 00:00:00-05:00,23.846469128216597,23.846469128216597,23.53326275005918,23.554616928100586,781900,0.0,0.0
2011-12-29 00:00:00-05:00,23.732577907762124,23.939010699890975,23.632921446854375,23.903419494628906,854500,0.0,0.0
2011-12-30 00:00:00-05:00,23.78952120962102,23.953245627270455,23.768167031420948,23.860706329345703,435600,0.0,0.0
2012-01-03 00:00:00-05:00,24.145440089689103,24.38746408019486,24.102731730763566,24.216625213623047,1166600,0.0,0.0
2012-01-04 00:00:00-05:00,23.99596182497228,24.038672910764042,23.84647709785444,24.017318725585938,794300,0.0,0.0
2012-01-05 00:00:00-05:00,23.796640356786465,23.974599077542912,23.768166309761135,23.946125030517578,753800,0.0,0.0
2012-01-06 00:00:00-05:00,23.526146727653025,23.533266598454237,23.16311206440884,23.177349090576172,929800,0.0,0.0
2012-01-09 00:00:00-05:00,23.56173798045824,23.57597500665283,23.39801625237313,23.51902961730957,852600,0.0,0.0
2012-01-10 00:00:00-05:00,23.860709632888966,23.882063814045548,23.65427683025852,23.725461959838867,1128900,0.0,0.0
2012-01-11 00:00:00-05:00,22.80719234458542,22.8854946231941,22.67194332454791,22.82854652404785,1442800,0.0,0.0
2012-01-12 00:00:00-05:00,22.622116904744217,22.885496453490067,22.614998391781626,22.864139556884766,1016300,0.0,0.0
2012-01-13 00:00:00-05:00,22.465509779286215,22.558049079554966,22.32314360938275,22.422800064086914,1339000,0.0,0.0
2012-01-17 00:00:00-05:00,22.650585498740142,22.664822522088187,22.47262678004141,22.493982315063477,1442600,0.0,0.0
2012-01-18 00:00:00-05:00,22.728890717899503,22.778718948364258,22.614997231775078,22.778718948364258,802700,0.0,0.0
2012-01-19 00:00:00-05:00,22.593640706750413,22.65058744732433,22.486865737888994,22.607877731323242,1802300,0.0,0.0
2012-01-20 00:00:00-05:00,22.65058703417272,22.814308740621737,22.629232855420373,22.800071716308594,853800,0.0,0.0
2012-01-23 00:00:00-05:00,22.76448631368662,22.928208061852317,22.750249285745856,22.878379821777344,624000,0.0,0.0
2012-01-24 00:00:00-05:00,22.69329890847958,22.81431091121986,22.614997982742334,22.807193756103516,1203000,0.0,0.0
2012-01-25 00:00:00-05:00,22.736004233169677,23.163105391119036,22.714648700071205,23.106157302856445,2184100,0.0,0.0
2012-01-26 00:00:00-05:00,23.227175989385316,23.326832451393475,23.08480845133012,23.163110733032227,2129600,0.0,0.0
2012-01-27 00:00:00-05:00,23.170230205174857,23.241415339038934,23.091927915641975,23.22005844116211,698700,0.0,0.0
2012-01-30 00:00:00-05:00,23.16311206440884,23.191586116743505,23.034981544337928,23.177349090576172,842700,0.0,0.0
2012-01-31 00:00:00-05:00,23.127514839488875,23.141749146517697,22.99226448380562,23.05632972717285,1152600,0.0,0.0
2012-02-01 00:00:00-05:00,23.533264472553896,23.65427511089198,23.490553397910244,23.51190757751465,1125700,0.0,0.0
2012-02-02 00:00:00-05:00,22.600761798627943,22.728892318973084,22.52957802535647,22.671945571899414,3583000,0.0,0.0
2012-02-03 00:00:00-05:00,22.814313318561933,22.9780350578635,22.778722108354685,22.94244384765625,1600100,0.0,0.0
2012-02-06 00:00:00-05:00,22.679062668647013,22.8854954624704,22.657707130684003,22.821430206298828,1014400,0.0,0.0
2012-02-07 00:00:00-05:00,23.113282995495325,23.24853066604608,23.02786084157749,23.184465408325195,1014000,0.0,0.0
2012-02-08 00:00:00-05:00,22.992266925586005,23.106160401952756,22.878373449219254,22.92820167541504,1023600,0.0,0.0
2012-02-09 00:00:00-05:00,23.220057109574537,23.227176980270247,23.04921822896816,23.205820083618164,806700,0.0,0.0
2012-02-10 00:00:00-05:00,23.02074309353858,23.12751942546821,22.999388913326623,23.084808349609375,1247100,0.0,0.0
2012-02-13 00:00:00-05:00,23.433608684466424,23.454965582591676,23.32683505558111,23.34107208251953,798500,0.0,0.0
2012-02-14 00:00:00-05:00,23.305470015490748,23.355298228843967,23.212930741220216,23.326824188232422,905500,0.0,0.0
2012-02-15 00:00:00-05:00,23.15226935794477,23.28875398238423,23.116352639962802,23.159454345703125,897400,0.297,0.0
2012-02-16 00:00:00-05:00,23.4827150768462,23.65511921481383,23.389332128206597,23.626384735107422,1009600,0.0,0.0
2012-02-17 00:00:00-05:00,23.5545580811476,23.66230830077001,23.482721861127725,23.52582359313965,562900,0.0,0.0
2012-02-21 00:00:00-05:00,23.576099388409506,23.698219549891906,23.461164216569358,23.583284378051758,694900,0.0,0.0
2012-02-22 00:00:00-05:00,23.525817605561684,23.669487268764332,23.51145036521433,23.547367095947266,678500,0.0,0.0
2012-02-23 00:00:00-05:00,23.568913394610597,23.770049228308455,23.439611004299056,23.75568199157715,752700,0.0,0.0
2012-02-24 00:00:00-05:00,23.23129035095874,23.504262370297244,23.209740865840256,23.46116065979004,1047000,0.0,0.0
2012-02-27 00:00:00-05:00,23.216918474354895,23.468338218059884,23.188184006425843,23.36058807373047,704100,0.0,0.0
2012-02-28 00:00:00-05:00,23.310310130644265,23.46116201573265,23.202557218283765,23.418060302734375,695200,0.0,0.0
2012-02-29 00:00:00-05:00,23.51144703856834,23.576098240848456,23.260027218740394,23.324678421020508,1342700,0.0,0.0
2012-03-01 00:00:00-05:00,23.525816541451103,23.755686896069573,23.482714822358595,23.74131965637207,2235100,0.0,0.0
2012-03-02 00:00:00-05:00,23.34622816189103,23.39651212640269,23.137907314473843,23.202558517456055,1553400,0.0,0.0
2012-03-05 00:00:00-05:00,23.432425107092264,23.475526815614703,23.35340667826951,23.468341827392578,829500,0.0,0.0
2012-03-06 00:00:00-05:00,23.015790927018934,23.094809372004963,22.886488515272816,22.922405242919922,1003400,0.0,0.0
2012-03-07 00:00:00-05:00,22.987055420938862,23.202558517456055,22.951138694897754,23.202558517456055,1177300,0.0,0.0
2012-03-08 00:00:00-05:00,23.324674946191326,23.55454524443746,23.310307710017177,23.468341827392578,932800,0.0,0.0
2012-03-09 00:00:00-05:00,23.410878054036523,23.453979767034802,23.324677368310358,23.418060302734375,552800,0.0,0.0
2012-03-12 00:00:00-04:00,23.547358975780046,23.777229261526514,23.525809492825676,23.698213577270508,780600,0.0,0.0
2012-03-13 00:00:00-04:00,23.827517924511707,23.928088592138682,23.77723396083347,23.884986877441406,681600,0.0,0.0
2012-03-14 00:00:00-04:00,23.7269474840383,23.777231442390544,23.576095608981557,23.66948127746582,1037300,0.0,0.0
2012-03-15 00:00:00-04:00,23.676668447868703,23.82033810457294,23.59046774995447,23.74131965637207,1010400,0.0,0.0
2012-03-16 00:00:00-04:00,23.884983023849284,23.913717495678124,23.734131157152945,23.798782348632812,1624400,0.0,0.0
2012-03-19 00:00:00-04:00,23.75568610083201,23.978374198282484,23.74850385135908,23.91372299194336,1683500,0.0,0.0
2012-03-20 00:00:00-04:00,23.518631538645852,23.62638171335771,23.497079311487116,23.554548263549805,911000,0.0,0.0
2012-03-21 00:00:00-04:00,23.590466350005755,23.64793256511472,23.42524721369539,23.51144790649414,636000,0.0,0.0
2012-03-22 00:00:00-04:00,23.317497803132625,23.525818687342074,23.303130562124625,23.446800231933594,899800,0.0,0.0
2012-03-23 00:00:00-04:00,23.475528449845715,23.504262924194336,23.38214277834784,23.504262924194336,660900,0.0,0.0
2012-03-26 00:00:00-04:00,23.755688813816334,23.82752227783203,23.70540484095115,23.82752227783203,699700,0.0,0.0
2012-03-27 00:00:00-04:00,23.83470643096646,23.85625592135983,23.726953498457803,23.73413848876953,489700,0.0,0.0
2012-03-28 00:00:00-04:00,23.734137098112665,23.734137098112665,23.40369881017819,23.497081756591797,791000,0.0,0.0
2012-03-29 00:00:00-04:00,23.446795060774022,23.51144626091577,23.33185989832985,23.489896774291992,724500,0.0,0.0
2012-03-30 00:00:00-04:00,24.01429173008305,24.01429173008305,23.73413740665871,23.74131965637207,1269500,0.0,0.0
2012-04-02 00:00:00-04:00,23.870618917101528,24.26570836559465,23.841884441505922,24.22979164123535,1263800,0.0,0.0
2012-04-03 00:00:00-04:00,24.14359582034844,24.20106204285033,23.877808718201376,23.949642181396484,943200,0.0,0.0
2012-04-04 00:00:00-04:00,23.75568196367471,23.83470039546898,23.612012336800614,23.662296295166016,851200,0.0,0.0
2012-04-05 00:00:00-04:00,23.260027218740394,23.367777395693576,23.238474991133344,23.324678421020508,1137300,0.0,0.0
2012-04-09 00:00:00-04:00,23.209736227507474,23.453973724365042,23.15226729164937,23.36058807373047,914300,0.0,0.0
2012-04-10 00:00:00-04:00,23.23128963475972,23.26720635560666,22.929584521186147,22.972684860229492,2515400,0.0,0.0
2012-04-11 00:00:00-04:00,23.087623866622216,23.166642309843276,23.022972662193226,23.058889389038086,1378400,0.0,0.0
2012-04-12 00:00:00-04:00,22.951136777791298,23.188189342078065,22.922402303250383,23.116355895996094,1103800,0.0,0.0
2012-04-13 00:00:00-04:00,23.05889264883145,23.073259889654583,22.91522435100658,22.979875564575195,1516600,0.0,0.0
2012-04-16 00:00:00-04:00,23.36777850723362,23.439614702223306,23.216926608161245,23.396512985229492,888700,0.0,0.0
2012-04-17 00:00:00-04:00,23.604830900205567,23.74850053201959,23.497077991277468,23.683849334716797,675400,0.0,0.0
2012-04-18 00:00:00-04:00,23.647930457991098,23.856251292273942,23.633565960696753,23.805967330932617,1096700,0.0,0.0
2012-04-19 00:00:00-04:00,23.964008058700514,24.06457599756042,23.877807359716424,23.99274253845215,1335600,0.0,0.0
2012-04-20 00:00:00-04:00,24.071753129367494,24.244157230950936,24.043021395995446,24.208240509033203,1638500,0.0,0.0
2012-04-23 00:00:00-04:00,24.057393210013657,24.07894269921029,23.841887356964317,24.043025970458984,1179200,0.0,0.0
2012-04-24 00:00:00-04:00,24.014292857902518,24.172329761726385,23.999925617530266,24.093311309814453,719400,0.0,0.0
2012-04-25 00:00:00-04:00,24.222609661153008,24.26570863475406,24.136406233410007,24.20105743408203,939300,0.0,0.0
2012-04-26 00:00:00-04:00,24.919402800726,24.955322265625,24.804467637752335,24.955322265625,1839900,0.0,0.0
2012-04-27 00:00:00-04:00,24.818834814824143,24.840387041764806,24.603331727310547,24.6751651763916,2085800,0.0,0.0
2012-04-30 00:00:00-04:00,24.624879570366772,24.653614044189457,24.538678889168978,24.653614044189453,901400,0.0,0.0
2012-05-01 00:00:00-04:00,24.667984294184112,24.833203428439933,24.660802044986287,24.732635498046875,1199000,0.0,0.0
2012-05-02 00:00:00-04:00,24.73263253008082,24.876302159231933,24.639246860092058,24.84038543701172,843100,0.0,0.0
2012-05-03 00:00:00-04:00,24.933766192693696,24.976867899761963,24.79728156404921,24.8619327545166,911700,0.0,0.0
2012-05-04 00:00:00-04:00,24.667989732828644,24.703906467277637,24.445301594810996,24.4884033203125,1050000,0.0,0.0
2012-05-07 00:00:00-04:00,24.49557664974749,24.761366416465385,24.459659928379452,24.711082458496094,903500,0.0,0.0
2012-05-08 00:00:00-04:00,24.50276046281333,24.538677182458482,24.244155696936136,24.44529151916504,1515100,0.0,0.0
2012-05-09 00:00:00-04:00,24.10447076174801,24.459799840693364,24.02470221896507,24.409038543701172,1430800,0.32,0.0
2012-05-10 00:00:00-04:00,24.293006302617865,24.423536110024088,24.227741398914755,24.300256729125977,1087800,0.0,0.0
2012-05-11 00:00:00-04:00,24.314758939132766,24.641083438734437,24.307508513044894,24.48154640197754,1102900,0.0,0.0
2012-05-14 00:00:00-04:00,24.198742786855362,24.36553031882479,24.14073105526246,24.24950408935547,605500,0.0,0.0
2012-05-15 00:00:00-04:00,24.111718673784516,24.227744878555924,23.988442041463678,24.017446517944336,1018400,0.0,0.0
2012-05-16 00:00:00-04:00,23.705625386439173,23.814401162800767,23.56059470633426,23.63311004638672,1833300,0.0,0.0
2012-05-17 00:00:00-04:00,23.466321767166797,23.55334072557879,23.3357919464074,23.343042373657227,1473200,0.0,0.0
2012-05-18 00:00:00-04:00,23.314043626411795,23.35030130413472,23.1690101492366,23.25602912902832,1552600,0.0,0.0
2012-05-21 00:00:00-04:00,23.401062885557657,23.473578241869173,23.299540280208124,23.451824188232422,825100,0.0,0.0
2012-05-22 00:00:00-04:00,23.169011034858073,23.35755262599427,23.14000378505755,23.219772338867188,1256500,0.0,0.0
2012-05-23 00:00:00-04:00,23.052980280545796,23.1762569185943,22.893443204216616,23.154502868652344,2768500,0.0,0.0
2012-05-24 00:00:00-04:00,23.24151739176534,23.2777750568318,22.900690637460304,23.074729919433594,4145900,0.0,0.0
2012-05-25 00:00:00-04:00,23.009467871951202,23.183507175527875,22.987713823467512,23.118242263793945,794700,0.0,0.0
2012-05-29 00:00:00-04:00,23.169004716904315,23.1907587651808,22.973209983567436,23.052978515625,701300,0.0,0.0
2012-05-30 00:00:00-04:00,22.82092769385451,22.893444424857744,22.719405100334942,22.770166397094727,1809700,0.0,0.0
2012-05-31 00:00:00-04:00,22.871689938816505,22.97321253040547,22.683146995050162,22.90069580078125,1527000,0.0,0.0
2012-06-01 00:00:00-04:00,22.610626349028603,22.733904353094264,22.371322150917774,22.509103775024414,2038600,0.0,0.0
2012-06-04 00:00:00-04:00,22.61787986755371,22.697647017521863,22.509105475312452,22.61787986755371,832100,0.0,0.0
2012-06-05 00:00:00-04:00,22.552618975721074,22.632386139908206,22.45109499280939,22.596128463745117,1088000,0.0,0.0
2012-06-06 00:00:00-04:00,22.748409189525013,23.16900451121392,22.74115737911676,23.161752700805664,1556600,0.0,0.0
2012-06-07 00:00:00-04:00,23.270530255924918,23.285033878714223,23.074735497694093,23.0892391204834,1668500,0.0,0.0
2012-06-08 00:00:00-04:00,22.91519899250705,23.06023106588718,22.893443559086336,23.031225204467773,1015400,0.0,0.0
2012-06-11 00:00:00-04:00,23.110993288596518,23.12549552744976,22.936952590942383,22.936952590942383,1201200,0.0,0.0
2012-06-12 00:00:00-04:00,23.241523167142798,23.328542138182495,23.00221892207121,23.299537658691406,990700,0.0,0.0
2012-06-13 00:00:00-04:00,23.408308485915246,23.625860042539433,23.32853995065744,23.502580642700195,1264200,0.0,0.0
2012-06-14 00:00:00-04:00,23.64761426669454,23.792647716756342,23.640361072735814,23.712879180908203,905200,0.0,0.0
2012-06-15 00:00:00-04:00,23.560594853049576,23.734632776772393,23.53883803787203,23.705625534057617,1532100,0.0,0.0
2012-06-18 00:00:00-04:00,23.618601348093176,23.843403279985285,23.582343685860852,23.79989242553711,697100,0.0,0.0
2012-06-19 00:00:00-04:00,23.538839363149986,23.84340989623716,23.531588935204542,23.763641357421875,1423500,0.0,0.0
2012-06-20 00:00:00-04:00,23.43731923529329,23.698378929271605,23.422815611596345,23.618610382080078,1131900,0.0,0.0
2012-06-21 00:00:00-04:00,23.7781454135125,23.836157136983925,23.531589364621908,23.546092987060547,2087900,0.0,0.0
2012-06-22 00:00:00-04:00,23.7926478599543,23.799898287673688,23.65486483673899,23.698375701904297,1016900,0.0,0.0
2012-06-25 00:00:00-04:00,23.444569061860857,23.473573538804136,23.343043710568985,23.401058197021484,785100,0.0,0.0
2012-06-26 00:00:00-04:00,23.604111021011796,23.676629152592465,23.48808477676659,23.62586784362793,1966200,0.0,0.0
2012-06-27 00:00:00-04:00,23.82165074155248,23.86516160380345,23.691120921082373,23.80714988708496,806500,0.0,0.0
2012-06-28 00:00:00-04:00,23.531580656143927,23.799890656255766,23.451812145393408,23.78538703918457,1029100,0.0,0.0
2012-06-29 00:00:00-04:00,24.59033248221075,24.648346980402223,24.38003407569197,24.459802627563477,1470300,0.0,0.0
2012-07-02 00:00:00-04:00,24.554066469898608,24.706350326538086,24.48880156472703,24.706350326538086,1363500,0.0,0.0
2012-07-03 00:00:00-04:00,24.757122444779935,24.952917245966386,24.73536838896493,24.938413619995117,820800,0.0,0.0
2012-07-05 00:00:00-04:00,24.45978872691717,24.561311274772834,24.38727341167226,24.517803192138672,1496800,0.0,0.0
2012-07-06 00:00:00-04:00,24.43078054750599,24.467040970005154,24.351014810340644,24.416276931762695,1280200,0.0,0.0
2012-07-09 00:00:00-04:00,24.452546465942625,24.46705008709036,24.213240866429285,24.28575897216797,1057000,0.0,0.0
2012-07-10 00:00:00-04:00,24.394536385095485,24.423543632627396,24.242252484978014,24.314767837524414,974200,0.0,0.0
2012-07-11 00:00:00-04:00,24.184232550422763,24.191485743816052,23.915922486809034,24.02469825744629,854000,0.0,0.0
2012-07-12 00:00:00-04:00,23.778145573671456,23.901422215805525,23.683873410326896,23.84341049194336,940600,0.0,0.0
2012-07-13 00:00:00-04:00,23.988443090334037,24.264003609787903,23.988443090334037,24.19148826599121,777600,0.0,0.0
2012-07-16 00:00:00-04:00,24.300260111830397,24.35827459710127,24.169733052536756,24.256752014160156,805200,0.0,0.0
2012-07-17 00:00:00-04:00,24.40903589866565,24.49605486032503,24.278506073035118,24.430789947509766,1093100,0.0,0.0
2012-07-18 00:00:00-04:00,24.539562850273523,24.75711161208458,24.52505923064844,24.706350326538086,1330600,0.0,0.0
2012-07-19 00:00:00-04:00,24.851385578768163,25.02542349446554,24.793371096013843,24.94565773010254,1174100,0.0,0.0
2012-07-20 00:00:00-04:00,24.742610356476092,24.85863655827981,24.67009501770484,24.713605880737305,977900,0.0,0.0
2012-07-23 00:00:00-04:00,24.30026304196883,24.416289260218168,24.18423682371949,24.38003158569336,968700,0.0,0.0
2012-07-24 00:00:00-04:00,24.48154782093656,24.48154782093656,24.184230541018504,24.300256729125977,732700,0.0,0.0
2012-07-25 00:00:00-04:00,24.191487238840317,24.256752151999464,24.03920336356329,24.155229568481445,1426200,0.0,0.0
2012-07-26 00:00:00-04:00,25.931877090118782,25.953633902656783,25.591051711559423,25.670820236206055,1868000,0.0,0.0
2012-07-27 00:00:00-04:00,25.6273129043366,25.888372560459892,25.605558855087313,25.786849975585938,1613900,0.0,0.0
2012-07-30 00:00:00-04:00,25.808611345703333,25.960895266211104,25.794107719995388,25.902883529663086,806900,0.0,0.0
2012-07-31 00:00:00-04:00,26.11317991373036,26.20020167040077,25.960895988982884,25.968149185180664,936300,0.0,0.0
2012-08-01 00:00:00-04:00,26.403244946539385,26.403244946539385,25.815860580824918,26.055166244506836,7491000,0.0,0.0
2012-08-02 00:00:00-04:00,25.823103685805332,26.004394778498394,25.670819831850967,25.801349639892578,1663200,0.0,0.0
2012-08-03 00:00:00-04:00,26.236455892884248,26.475758776462783,26.221952268685026,26.410493850708008,3139400,0.0,0.0
2012-08-06 00:00:00-04:00,26.323467797531485,26.352475038134422,26.084164978264063,26.091415405273438,2940800,0.0,0.0
2012-08-07 00:00:00-04:00,26.316226239542317,26.316226239542317,26.062416948152617,26.113178253173828,4264600,0.0,0.0
2012-08-08 00:00:00-04:00,25.962563885381613,26.159970375528385,25.940630760605703,26.116104125976562,1984000,0.294,0.0
2012-08-09 00:00:00-04:00,26.189215246418122,26.28426343134667,26.094167061489575,26.1234130859375,1870700,0.0,0.0
2012-08-10 00:00:00-04:00,26.021055397293217,26.218461883346638,25.98449926040654,26.18190574645996,1157800,0.0,0.0
2012-08-13 00:00:00-04:00,26.181899507248378,26.262321873612436,26.15996359910018,26.203832626342773,878300,0.0,0.0
2012-08-14 00:00:00-04:00,26.203841431675645,26.225774558140277,26.123416249232342,26.15266227722168,591700,0.0,0.0
2012-08-15 00:00:00-04:00,26.05029878680067,26.174590197451156,26.042985886730534,26.13072395324707,603400,0.0,0.0
2012-08-16 00:00:00-04:00,26.02836550904877,26.18190574645996,26.006432384727653,26.18190574645996,688200,0.0,0.0
2012-08-17 00:00:00-04:00,26.079538747462674,26.116097665117582,25.94062434315705,26.02104949951172,999000,0.0,0.0
2012-08-20 00:00:00-04:00,26.145347362659603,26.16728327649004,26.02105593685674,26.116104125976562,880700,0.0,0.0
2012-08-21 00:00:00-04:00,26.43049267276652,26.45973591027135,26.13803798528139,26.16728401184082,1351100,0.0,0.0
2012-08-22 00:00:00-04:00,26.050298171140923,26.1161003249461,25.926003974373756,26.07223129272461,1014700,0.0,0.0
2012-08-23 00:00:00-04:00,26.064919918363504,26.14534228995652,26.006427878236966,26.042984008789062,852200,0.0,0.0
2012-08-24 00:00:00-04:00,26.079535914084392,26.393923606194292,26.064915695475424,26.189207077026367,1031400,0.0,0.0
2012-08-27 00:00:00-04:00,26.37931053116795,26.39393075373611,26.21846019237532,26.255016326904297,889700,0.0,0.0
2012-08-28 00:00:00-04:00,26.28425737197021,26.379305534987065,26.21845522665912,26.306190490722656,1333800,0.0,0.0
2012-08-29 00:00:00-04:00,26.313503799922362,26.335436919016757,26.203832626342777,26.203832626342773,721500,0.0,0.0
2012-08-30 00:00:00-04:00,26.401240361062257,26.40855047143455,26.145341873168945,26.145341873168945,800200,0.0,0.0
2012-08-31 00:00:00-04:00,26.4670424887535,26.503598618692635,26.123408731406986,26.23307991027832,1557600,0.0,0.0
2012-09-04 00:00:00-04:00,26.357369627180862,26.379305534987065,26.21845522665912,26.306190490722656,873100,0.0,0.0
2012-09-05 00:00:00-04:00,26.518223257193895,26.518223257193895,26.29157077516427,26.328126907348633,1016500,0.0,0.0
2012-09-06 00:00:00-04:00,26.540154162498684,26.920344041387928,26.540154162498684,26.891098022460938,1371400,0.0,0.0
2012-09-07 00:00:00-04:00,26.642514313711203,26.7594956085937,26.569402050304923,26.598648071289062,1694800,0.0,0.0
2012-09-10 00:00:00-04:00,26.145351255935555,26.306201632389687,26.145351255935555,26.196533203125,1188700,0.0,0.0
2012-09-11 00:00:00-04:00,26.350061126579778,26.532844564823442,26.291569087595917,26.445106506347656,1071700,0.0,0.0
2012-09-12 00:00:00-04:00,26.518219289940216,26.518219289940216,26.269633723600393,26.33543586730957,1116100,0.0,0.0
2012-09-13 00:00:00-04:00,26.335441565394873,26.70831860105555,26.269639407448366,26.671762466430664,1072400,0.0,0.0
2012-09-14 00:00:00-04:00,26.488979737355418,26.788744512062557,26.488979737355418,26.722942352294922,1452700,0.0,0.0
2012-09-17 00:00:00-04:00,26.956900689949887,27.02270283927661,26.817986280950766,26.869165420532227,986700,0.0,0.0
2012-09-18 00:00:00-04:00,27.11775779724121,27.198182976448287,27.044645519264574,27.11775779724121,997100,0.0,0.0
2012-09-19 00:00:00-04:00,27.242037331026694,27.337085482132537,27.14699196897426,27.263973236083984,866500,0.0,0.0
2012-09-20 00:00:00-04:00,27.125060507794277,27.256664803485023,27.103127388197105,27.19086265563965,779700,0.0,0.0
2012-09-21 00:00:00-04:00,27.249362234118234,27.249362234118234,27.132380915470893,27.154314041137695,650200,0.0,0.0
2012-09-24 00:00:00-04:00,27.095815658569336,27.146994793939797,27.030013514656787,27.095815658569336,1006200,0.0,0.0
2012-09-25 00:00:00-04:00,27.11775250875147,27.271289935992392,26.971525192260742,26.971525192260742,667900,0.0,0.0
2012-09-26 00:00:00-04:00,26.876472230752114,26.905718246651567,26.78142686265928,26.84722900390625,960700,0.0,0.0
2012-09-27 00:00:00-04:00,26.86184983093296,27.08118935426341,26.825290919500087,26.986141204833984,604700,0.0,0.0
2012-09-28 00:00:00-04:00,26.97152657955453,27.00077260216778,26.540157507698954,26.701007843017578,1016500,0.0,0.0
2012-10-01 00:00:00-04:00,26.883783858106348,26.97151911260272,26.759489690937485,26.817981719970703,911400,0.0,0.0
2012-10-02 00:00:00-04:00,26.803365062539264,26.905723348543038,26.759496030371597,26.832611083984375,1037600,0.0,0.0
2012-10-03 00:00:00-04:00,26.86916414609969,26.97152242040765,26.839918127996327,26.883787155151367,579500,0.0,0.0
2012-10-04 00:00:00-04:00,27.08850437878104,27.198175554874616,27.030015130170632,27.19086265563965,1530400,0.0,0.0
2012-10-05 00:00:00-04:00,27.380963002234576,27.483321294095887,27.322470955997098,27.395586013793945,750500,0.0,0.0
2012-10-08 00:00:00-04:00,27.234731369018554,27.45407092961599,27.220108359771547,27.41751480102539,2573500,0.0,0.0
2012-10-09 00:00:00-04:00,27.205490359825074,27.227426272261525,26.94228172302246,26.94228172302246,1687800,0.0,0.0
2012-10-10 00:00:00-04:00,26.934963106199994,27.110436405009825,26.861850858643756,26.898406982421875,1103500,0.0,0.0
2012-10-11 00:00:00-04:00,27.051955442931487,27.1104474961489,26.96422015215997,27.000776290893555,968200,0.0,0.0
2012-10-12 00:00:00-04:00,27.212797179840354,27.271286425475125,27.081192890844974,27.125059127807617,874000,0.0,0.0
2012-10-15 00:00:00-04:00,27.44676774141983,27.45407785335998,27.27129437525631,27.322473526000977,1061800,0.0,0.0
2012-10-16 00:00:00-04:00,27.651481644384226,27.717283801638512,27.52719023015628,27.60761260986328,1081100,0.0,0.0
2012-10-17 00:00:00-04:00,27.622233394155792,27.812329739364586,27.5783671522261,27.790393829345703,1418400,0.0,0.0
2012-10-18 00:00:00-04:00,27.35171897081538,27.51256932062698,27.329785846406335,27.47601318359375,1993700,0.0,0.0
2012-10-19 00:00:00-04:00,27.40289186700474,27.43213788557904,27.13237316782707,27.161619186401367,967000,0.0,0.0
2012-10-22 00:00:00-04:00,27.329774891118817,27.351708006735855,26.810667912737607,26.986141204833984,1884700,0.0,0.0
2012-10-23 00:00:00-04:00,26.496293303473674,26.532849440028528,26.2915739184685,26.4012451171875,2168600,0.0,0.0
2012-10-24 00:00:00-04:00,26.635207738003896,26.64251784969309,26.328130055023355,26.4012451171875,1494900,0.0,0.0
2012-10-25 00:00:00-04:00,27.46139359627384,27.483326723418642,26.986155388401134,27.073890686035156,2297400,0.0,0.0
2012-10-26 00:00:00-04:00,27.16894067144353,27.205496815439584,26.94960101841218,27.081205368041992,1702800,0.0,0.0
2012-10-31 00:00:00-04:00,27.417510626217986,27.454066749242262,27.176235193961634,27.263973236083984,1607500,0.0,0.0
2012-11-01 00:00:00-04:00,27.38096035141325,27.42482659279028,27.278602069461506,27.344404220581055,1269700,0.0,0.0
2012-11-02 00:00:00-04:00,27.3224707527438,27.43945205529425,27.242045584292693,27.27860450744629,864700,0.0,0.0
2012-11-05 00:00:00-05:00,27.285906352087867,27.315152366128654,27.205481208002418,27.263973236083984,695300,0.0,0.0
2012-11-06 00:00:00-05:00,27.48331959148604,27.571054866352725,27.40289442741904,27.51256561279297,851200,0.0,0.0
2012-11-07 00:00:00-05:00,27.38426912823579,27.38426912823579,27.111459475720924,27.281044006347656,743600,0.316,0.0
2012-11-08 00:00:00-05:00,27.22943092737906,27.33265604730339,27.096712112426758,27.096712112426758,1323400,0.0,0.0
2012-11-09 00:00:00-05:00,27.022986762749703,27.18519649652387,27.000865080168616,27.067224502563477,1230800,0.0,0.0
2012-11-12 00:00:00-05:00,27.133580025069527,27.222058304654354,27.126208007051538,27.148326873779297,975300,0.0,0.0
2012-11-13 00:00:00-05:00,27.081967598052596,27.546483490404185,27.067220749268156,27.362152099609375,1372100,0.0,0.0
2012-11-14 00:00:00-05:00,27.37690036290233,27.406391249321135,27.133581564397964,27.17782211303711,682400,0.0,0.0
2012-11-15 00:00:00-05:00,26.978738899404068,27.126204555061996,26.87551378424555,26.97136688232422,747700,0.0,0.0
2012-11-16 00:00:00-05:00,26.897633256558386,26.949245815305073,26.639570462824942,26.91975212097168,1413100,0.0,0.0
2012-11-19 00:00:00-05:00,27.19993720441178,27.435881139046053,27.18519035691294,27.399015426635742,728700,0.0,0.0
2012-11-20 00:00:00-05:00,27.46537469653615,27.62758720553767,27.406387306836123,27.561227798461914,942800,0.0,0.0
2012-11-21 00:00:00-05:00,27.435884512594637,27.524365608467402,27.428512494275527,27.509618759155273,561900,0.0,0.0
2012-11-23 00:00:00-05:00,27.94464662260835,28.062618628296786,27.915152918017622,28.033124923706055,1085700,0.0,0.0
2012-11-26 00:00:00-05:00,28.106842929221113,28.136336619705236,28.040483531968405,28.11421775817871,930400,0.0,0.0
2012-11-27 00:00:00-05:00,28.32067169329916,28.38703109928495,28.114221458087155,28.121593475341797,998300,0.0,0.0
2012-11-28 00:00:00-05:00,28.291186426906805,28.431280110540577,28.18058925909915,28.357545852661133,1497000,0.0,0.0
2012-11-29 00:00:00-05:00,28.622977554743834,28.777815244816743,28.468139864670924,28.600858688354492,879600,0.0,0.0
2012-11-30 00:00:00-05:00,28.60822907767416,28.68933533338294,28.254313172223334,28.276432037353516,6113500,0.0,0.0
2012-12-03 00:00:00-05:00,28.571370817089644,28.578742836497995,28.232201670818935,28.298561096191406,2797100,0.0,0.0
2012-12-04 00:00:00-05:00,28.615600231023286,28.615600231023286,28.43864089469853,28.490253448486328,1808400,0.0,0.0
2012-12-05 00:00:00-05:00,28.460763090249095,28.60085673494335,28.401778513014854,28.527122497558594,927200,0.0,0.0
2012-12-06 00:00:00-05:00,28.446017988719184,28.468136852768374,28.239564944457427,28.31329917907715,617100,0.0,0.0
2012-12-07 00:00:00-05:00,28.468146300167355,28.54925257882813,28.4091588928961,28.54187774658203,973700,0.0,0.0
2012-12-10 00:00:00-05:00,28.556618699249842,28.608231263613007,28.460765588572333,28.482887268066406,557700,0.0,0.0
2012-12-11 00:00:00-05:00,28.637721357322917,28.71145277922783,28.54924308850233,28.615602493286133,729700,0.0,0.0
2012-12-12 00:00:00-05:00,28.755692713069575,28.947396093580412,28.704080156290757,28.814680099487305,1093800,0.0,0.0
2012-12-13 00:00:00-05:00,28.807317675442647,28.851558234307717,28.62298623251677,28.667226791381836,580900,0.0,0.0
2012-12-14 00:00:00-05:00,28.770435637513177,28.895779597553116,28.711448259136965,28.82204818725586,1074700,0.0,0.0
2012-12-17 00:00:00-05:00,28.78518771996307,28.88841283823164,28.777812889987587,28.858919143676758,679500,0.0,0.0
2012-12-18 00:00:00-05:00,28.999017715454105,29.065374320470976,28.8957897669663,28.9990177154541,801000,0.0,0.0
2012-12-19 00:00:00-05:00,29.161220854719275,29.161220854719275,28.888411226986303,28.91053009033203,1199800,0.0,0.0
2012-12-20 00:00:00-05:00,29.087498451467564,29.087498451467564,28.94740477305701,29.02851104736328,907800,0.0,0.0
2012-12-21 00:00:00-05:00,28.71145523565654,28.82205519064982,28.571364396982254,28.645095825195312,860300,0.0,0.0
2012-12-24 00:00:00-05:00,28.667214753948308,28.748321004806918,28.460761711942727,28.563989639282227,324200,0.0,0.0
2012-12-26 00:00:00-05:00,28.56399352997247,28.645096979204727,28.43127470370324,28.482887268066406,645400,0.0,0.0
2012-12-27 00:00:00-05:00,28.586113537993533,28.66721980313748,28.342794742561694,28.468141555786133,1282800,0.0,0.0
2012-12-28 00:00:00-05:00,28.33541990795577,28.37966045163919,28.239566802978516,28.239566802978516,575000,0.0,0.0
2012-12-31 00:00:00-05:00,28.20270381438188,28.54924774169922,28.20270381438188,28.54924774169922,596700,0.0,0.0
2013-01-02 00:00:00-05:00,28.814684530220962,28.858922264163148,28.61560628945964,28.76306915283203,774700,0.0,0.0
2013-01-03 00:00:00-05:00,28.468137920324352,28.637722447298945,28.43864422537045,28.527122497558594,671300,0.0,0.0
2013-01-04 00:00:00-05:00,28.34278733097849,28.704078014140926,28.34278733097849,28.68195915222168,785500,0.0,0.0
2013-01-07 00:00:00-05:00,28.43864777814188,28.54924774169922,28.40178206118074,28.54924774169922,736500,0.0,0.0
2013-01-08 00:00:00-05:00,28.453387681319146,28.59347849664158,28.42389398988077,28.571359634399414,697500,0.0,0.0
2013-01-09 00:00:00-05:00,28.276439412617698,28.35017367007285,28.254320541718315,28.298561096191406,1362400,0.0,0.0
2013-01-10 00:00:00-05:00,28.18058483240874,28.571366493424446,28.173210001442087,28.55661964416504,1604300,0.0,0.0
2013-01-11 00:00:00-05:00,28.372288441282024,28.51975412220975,28.32804789320153,28.468141555786133,1619000,0.0,0.0
2013-01-14 00:00:00-05:00,28.217454981701703,28.372292704237022,28.187961278549924,28.357545852661133,1434000,0.0,0.0
2013-01-15 00:00:00-05:00,28.401777432019053,28.637721357322917,28.39440260222449,28.615602493286133,709400,0.0,0.0
2013-01-16 00:00:00-05:00,28.681961356680308,28.79993331710545,28.637720816768358,28.73357391357422,1361800,0.0,0.0
2013-01-17 00:00:00-05:00,28.56399666701862,28.667221807081674,28.505009265454525,28.608234405517578,1022500,0.0,0.0
2013-01-18 00:00:00-05:00,28.5197504801569,28.571363039989446,28.416525360491804,28.527122497558594,1082900,0.0,0.0
2013-01-22 00:00:00-05:00,28.733571533397804,28.785184086016333,28.55661220108201,28.770437240600586,1503500,0.0,0.0
2013-01-23 00:00:00-05:00,29.552004106190083,29.60361666044088,29.389791614160004,29.529882431030273,1432000,0.0,0.0
2013-01-24 00:00:00-05:00,29.352930068969727,29.463527209761942,29.27919582910126,29.352930068969727,975700,0.0,0.0
2013-01-25 00:00:00-05:00,29.53725910295499,29.61836254135632,29.419287141211736,29.610990524291992,1431900,0.0,0.0
2013-01-28 00:00:00-05:00,29.633111661160964,29.655233339397647,29.493020824805647,29.581499099731445,716200,0.0,0.0
2013-01-29 00:00:00-05:00,29.507765525168946,29.765828313534772,29.493018678308978,29.751081466674805,873400,0.0,0.0
2013-01-30 00:00:00-05:00,29.699474059718636,29.891180289471976,29.692102041346857,29.86905860900879,802100,0.0,0.0
2013-01-31 00:00:00-05:00,29.839564135485194,30.05338639464779,29.81744245768151,30.001773834228516,893300,0.0,0.0
2013-02-01 00:00:00-05:00,30.22297896039706,30.274591529737794,30.112378990281734,30.193485260009766,664400,0.0,0.0
2013-02-04 00:00:00-05:00,29.83219594427635,29.942795919887256,29.625745656655155,29.63311767578125,1169300,0.0,0.0
2013-02-05 00:00:00-05:00,29.88380347593382,30.016522299212664,29.802697215855225,29.950162887573242,839300,0.0,0.0
2013-02-06 00:00:00-05:00,29.581504937490227,29.66326332092285,29.55920822756811,29.66326332092285,663800,0.324,0.0
2013-02-07 00:00:00-05:00,29.477459316506636,29.62611071276232,29.299077073941902,29.410566329956055,1114900,0.0,0.0
2013-02-08 00:00:00-05:00,29.46258616691698,29.611237524189495,29.44028945567719,29.470020294189453,815900,0.0,0.0
2013-02-11 00:00:00-05:00,29.499743896998815,29.499743896998815,29.29906501990909,29.37339210510254,701500,0.0,0.0
2013-02-12 00:00:00-05:00,29.417995677269865,29.603809183563012,29.410561549256244,29.55177879333496,629700,0.0,0.0
2013-02-13 00:00:00-05:00,29.536921009124733,29.581514443298747,29.373404189714524,29.410566329956055,685500,0.0,0.0
2013-02-14 00:00:00-05:00,29.81934593112455,29.856508059387117,29.767318384499227,29.834211349487305,749200,0.0,0.0
2013-02-15 00:00:00-05:00,29.70785780629535,29.737585805991,29.507178923085235,29.574071884155273,945300,0.0,0.0
2013-02-19 00:00:00-05:00,29.834217460678587,30.03489639674956,29.811920746211555,30.020030975341797,812000,0.0,0.0
2013-02-20 00:00:00-05:00,30.19840816302588,30.243001584526453,29.997729260407052,30.0274600982666,858800,0.0,0.0
2013-02-21 00:00:00-05:00,29.6335324841676,29.722724994433356,29.574073645945738,29.66326332092285,880900,0.0,0.0
2013-02-22 00:00:00-05:00,29.80449348107326,29.923414044430498,29.6930070477764,29.9011173248291,561600,0.0,0.0
2013-02-25 00:00:00-05:00,29.626113561798917,29.804492986228198,29.180159330146054,29.187593460083008,1988400,0.0,0.0
2013-02-26 00:00:00-05:00,29.17271874364746,29.336235526700488,28.949743116486285,29.03893280029297,3161600,0.0,0.0
2013-02-27 00:00:00-05:00,29.0686656363717,29.581509897592458,29.046368922710965,29.544347763061523,911800,0.0,0.0
2013-02-28 00:00:00-05:00,29.50718311578874,29.752455451037548,29.440290145213815,29.618669509887695,1357700,0.0,0.0
2013-03-01 00:00:00-05:00,29.536915611715237,29.7673225402832,29.425426376073997,29.767322540283203,1040700,0.0,0.0
2013-03-04 00:00:00-05:00,29.71529016145294,30.00515872470667,29.700424743428574,29.96799659729004,684800,0.0,0.0
2013-03-05 00:00:00-05:00,30.22814049314513,30.309898891319282,30.11665408814423,30.15381622314453,742100,0.0,0.0
2013-03-06 00:00:00-05:00,30.116653146583072,30.16124940836268,29.960570483288055,30.012598037719727,701300,0.0,0.0
2013-03-07 00:00:00-05:00,30.451116803539062,30.49571022824568,30.257869178847198,30.302465438842773,605900,0.0,0.0
2013-03-08 00:00:00-05:00,30.37678764192345,30.436249317881984,30.25786712529515,30.391653060913086,572400,0.0,0.0
2013-03-11 00:00:00-04:00,30.295032516036294,30.451118014583866,30.28016993073564,30.43625259399414,666900,0.0,0.0
2013-03-12 00:00:00-04:00,30.399097442626953,30.458556303354072,30.34706987625708,30.399097442626953,678700,0.0,0.0
2013-03-13 00:00:00-04:00,30.339631866391883,30.4362556924169,30.29503560008279,30.428821563720703,549500,0.0,0.0
2013-03-14 00:00:00-04:00,30.324765666255495,30.73355484008789,30.309900244533864,30.73355484008789,970100,0.0,0.0
2013-03-15 00:00:00-04:00,30.785568950643796,30.81529978109997,30.60718963848285,30.622055053710938,707700,0.0,0.0
2013-03-18 00:00:00-04:00,30.46598473591975,30.748419233315854,30.43625389347094,30.651798248291016,878300,0.0,0.0
2013-03-19 00:00:00-04:00,30.837608269399382,31.008556341192453,30.718687748356864,30.86733627319336,1001800,0.0,0.0
2013-03-20 00:00:00-04:00,31.097751522577948,31.16464450469949,30.93423471399432,31.015993118286133,1079900,0.0,0.0
2013-03-21 00:00:00-04:00,30.763285137014137,30.882205673385258,30.66666131518471,30.77815055847168,830000,0.0,0.0
2013-03-22 00:00:00-04:00,31.068023592147554,31.40248853412516,31.030861450881073,31.238971710205078,722800,0.0,0.0
2013-03-25 00:00:00-04:00,31.216663504451528,31.335584013914083,31.038281322613393,31.127473831176758,737400,0.0,0.0
2013-03-26 00:00:00-04:00,31.112620216790074,31.16464778221296,30.956537520521415,31.060592651367188,1464500,0.0,0.0
2013-03-27 00:00:00-04:00,30.666655920803386,30.919362370551156,30.61462837249844,30.882200241088867,1061300,0.0,0.0
2013-03-28 00:00:00-04:00,31.39505004882812,31.603160260483666,31.24639868252174,31.395050048828125,909300,0.0,0.0
2013-04-01 00:00:00-04:00,31.402480430015807,31.402480430015807,31.276128615259744,31.365318298339844,443000,0.0,0.0
2013-04-02 00:00:00-04:00,31.476803958044183,31.82613422527321,31.447075954571222,31.67005157470703,885200,0.0,0.0
2013-04-03 00:00:00-04:00,31.848441084246705,31.90790278071598,31.61059996894909,31.625465393066406,651100,0.0,0.0
2013-04-04 00:00:00-04:00,31.201802857292282,31.409913071850855,31.1274785907468,31.268695831298828,1129700,0.0,0.0
2013-04-05 00:00:00-04:00,30.785584244256622,31.186942148936755,30.77072165693317,31.157211303710938,818100,0.0,0.0
2013-04-08 00:00:00-04:00,31.32073019848517,31.328164327930363,31.097754515053314,31.209243774414062,634800,0.0,0.0
2013-04-09 00:00:00-04:00,31.06058566939863,31.172072069405864,30.911934300766625,31.097747802734375,1032700,0.0,0.0
2013-04-10 00:00:00-04:00,31.320725880300596,31.662622070111563,31.290995037198098,31.61802864074707,996300,0.0,0.0
2013-04-11 00:00:00-04:00,31.826132847426873,31.974784199511472,31.781536591214877,31.9376220703125,649100,0.0,0.0
2013-04-12 00:00:00-04:00,31.84098895923671,31.959909439086914,31.8038268409,31.959909439086914,484400,0.0,0.0
2013-04-15 00:00:00-04:00,31.826138871886048,31.93019398745554,31.61802864074707,31.61802864074707,905200,0.0,0.0
2013-04-16 00:00:00-04:00,31.781542540906788,31.811273383947242,31.566001017086627,31.788976669311523,569100,0.0,0.0
2013-04-17 00:00:00-04:00,31.632895593159965,31.632895593159965,31.1943755596885,31.290996551513672,1367700,0.0,0.0
2013-04-18 00:00:00-04:00,31.39504913779618,31.491670113095907,31.209235644127446,31.365318298339844,849000,0.0,0.0
2013-04-19 00:00:00-04:00,31.395053792802468,31.566001892089844,31.350457527005588,31.566001892089844,795700,0.0,0.0
2013-04-22 00:00:00-04:00,31.409917997687092,31.53627267297672,31.25383531229062,31.46194839477539,737200,0.0,0.0
2013-04-23 00:00:00-04:00,31.848432856692018,32.13830429916127,31.833570271703962,32.09370803833008,816000,0.0,0.0
2013-04-24 00:00:00-04:00,32.324125672519884,32.331556966823875,32.10114714934451,32.11601257324219,902700,0.0,0.0
2013-04-25 00:00:00-04:00,31.833573816292457,31.88560137541082,31.54370234154674,31.566001892089844,885200,0.0,0.0
2013-04-26 00:00:00-04:00,31.72950579963161,31.878157136519867,31.684912383267033,31.722074508666992,741400,0.0,0.0
2013-04-29 00:00:00-04:00,32.03424585395273,32.33154858424529,32.01194914153193,32.24979019165039,1172300,0.0,0.0
2013-04-30 00:00:00-04:00,32.07141732199336,32.234931305035474,32.004524335884,32.19776916503906,891900,0.0,0.0
2013-05-01 00:00:00-04:00,32.36128104281359,32.42817401871047,32.116005852761965,32.14573669433594,903100,0.0,0.0
2013-05-02 00:00:00-04:00,31.982214807597785,32.18289370332906,31.96734938917821,32.071407318115234,792700,0.0,0.0
2013-05-03 00:00:00-04:00,32.29437946907641,32.42073125919308,32.22005238492982,32.28694534301758,943600,0.0,0.0
2013-05-06 00:00:00-04:00,32.376142885090424,32.405870888089474,32.093705591933464,32.138301849365234,513600,0.0,0.0
2013-05-07 00:00:00-04:00,32.10856830990467,32.22748881776293,32.02680992913551,32.19032669067383,899800,0.0,0.0
2013-05-08 00:00:00-04:00,32.309471017763194,32.43685214715836,32.174598225849344,32.27200698852539,858200,0.349,0.0
2013-05-09 00:00:00-04:00,32.00975058021484,32.07718696491053,31.777469064413747,31.837413787841797,756600,0.0,0.0
2013-05-10 00:00:00-04:00,31.91233240485673,31.919824063910852,31.777459675315402,31.874868392944336,634100,0.0,0.0
2013-05-13 00:00:00-04:00,31.994764899536076,32.06969294667076,31.91234233269485,31.9348201751709,837000,0.0,0.0
2013-05-14 00:00:00-04:00,32.15212037997111,32.27200698852539,32.084683984014184,32.27200698852539,650200,0.0,0.0
2013-05-15 00:00:00-04:00,32.474309451754834,32.63915457625238,32.45183161053121,32.624168395996094,562500,0.0,0.0
2013-05-16 00:00:00-04:00,32.51177219500243,32.61667259435056,32.384393955314415,32.4068717956543,576000,0.0,0.0
2013-05-17 00:00:00-04:00,32.2270421340332,32.399381779793124,32.2270421340332,32.384395599365234,546100,0.0,0.0
2013-05-20 00:00:00-04:00,32.39938571169934,32.526763973312235,32.339440982713036,32.4218635559082,744000,0.0,0.0
2013-05-21 00:00:00-04:00,32.34693890118371,32.57172882003897,32.18958824464308,32.41437530517578,795000,0.0,0.0
2013-05-22 00:00:00-04:00,32.37690700940558,32.65414711061206,32.212064711153324,32.2645149230957,956000,0.0,0.0
2013-05-23 00:00:00-04:00,32.27950086680501,32.526765741510154,32.12214737382302,32.436851501464844,739700,0.0,0.0
2013-05-24 00:00:00-04:00,32.30946510057339,32.47431022901645,32.18957851397526,32.39188766479492,755800,0.0,0.0
2013-05-28 00:00:00-04:00,32.78152513690701,32.87893389764402,32.36192058615862,32.436851501464844,648700,0.0,0.0
2013-05-29 00:00:00-04:00,32.06969446486708,32.23453960635338,31.972285712323174,32.17459487915039,2455800,0.0,0.0
2013-05-30 00:00:00-04:00,32.054713508340505,32.174600123967416,32.0097578139319,32.07719421386719,754800,0.0,0.0
2013-05-31 00:00:00-04:00,31.560173342740963,31.754990833173157,31.477750778198242,31.477750778198242,2116600,0.0,0.0
2013-06-03 00:00:00-04:00,31.672569274902347,31.799947527190444,31.440287754567724,31.672569274902344,1524600,0.0,0.0
2013-06-04 00:00:00-04:00,31.822432092147118,31.844909937439873,31.500236304114306,31.6201229095459,968200,0.0,0.0
2013-06-05 00:00:00-04:00,31.38034963239915,31.38034963239915,31.028181479171778,31.035673141479492,688100,0.0,0.0
2013-06-06 00:00:00-04:00,31.10311068595444,31.222997295567072,30.900804354619943,31.163055419921875,863200,0.0,0.0
2013-06-07 00:00:00-04:00,30.89331469261667,31.432805949885875,30.870836843004682,31.342891693115234,751100,0.0,0.0
2013-06-10 00:00:00-04:00,31.10310889648724,31.252967864461695,31.020689179507258,31.200517654418945,876200,0.0,0.0
2013-06-11 00:00:00-04:00,30.57860369011399,31.073136233373326,30.541136808184426,30.983219146728516,1149300,0.0,0.0
2013-06-12 00:00:00-04:00,31.230484617941514,31.23797627879952,31.035667135774432,31.06563949584961,808800,0.0,0.0
2013-06-13 00:00:00-04:00,30.750949472398563,31.140581720098268,30.705990915936923,31.080636978149414,929300,0.0,0.0
2013-06-14 00:00:00-04:00,30.74345116600338,30.975732724977618,30.74345116600338,30.885818481445312,826500,0.0,0.0
2013-06-17 00:00:00-04:00,31.30542160881763,31.425308225067713,31.08063456063902,31.230493545532227,660300,0.0,0.0
2013-06-18 00:00:00-04:00,31.05065135658626,31.267946665938098,30.99070949853968,31.22298812866211,762200,0.0,0.0
2013-06-19 00:00:00-04:00,31.365364924713962,31.50772938183363,30.885818481445312,30.885818481445312,924400,0.0,0.0
2013-06-20 00:00:00-04:00,30.069090863362483,30.188977477414465,29.604527732878992,29.62700843811035,1295800,0.0,0.0
2013-06-21 00:00:00-04:00,30.009146534832134,30.03162724036888,29.409713456429262,29.63450050354004,888000,0.0,0.0
2013-06-24 00:00:00-04:00,28.922663714193426,29.394718371006324,28.915172053498026,29.222381591796875,1012000,0.0,0.0
2013-06-25 00:00:00-04:00,29.297320730853713,29.4097156921144,29.057547481265342,29.35726547241211,646300,0.0,0.0
2013-06-26 00:00:00-04:00,29.656974719925696,29.90423956014758,29.641988538954404,29.8143253326416,732000,0.0,0.0
2013-06-27 00:00:00-04:00,29.9342060790152,30.31634361506474,29.9342060790152,30.18147087097168,1013000,0.0,0.0
2013-06-28 00:00:00-04:00,30.44373164632999,30.458717827795756,30.248914145596903,30.30885887145996,891800,0.0,0.0
2013-07-01 00:00:00-04:00,30.398771263267644,30.556121871658068,30.35381272158966,30.451221466064453,741800,0.0,0.0
2013-07-02 00:00:00-04:00,30.301363897449495,30.563617781687284,30.293872235989813,30.406267166137695,596900,0.0,0.0
2013-07-03 00:00:00-04:00,30.159007467938235,30.376302866127006,30.084079400166793,30.361316680908203,401300,0.0,0.0
2013-07-05 00:00:00-04:00,30.65352823216495,30.65352823216495,30.308854681071193,30.601078033447266,1049700,0.0,0.0
2013-07-08 00:00:00-04:00,30.833366600059954,30.863336107401473,30.65353526440028,30.71347999572754,754400,0.0,0.0
2013-07-09 00:00:00-04:00,30.863334684039398,30.870829204270727,30.668520032854524,30.810884475708008,511800,0.0,0.0
2013-07-10 00:00:00-04:00,30.73595378540019,31.028177166258295,30.72845926581208,30.938262939453125,1013600,0.0,0.0
2013-07-11 00:00:00-04:00,31.612622842556863,31.889862891363194,31.3503718324121,31.85239601135254,829800,0.0,0.0
2013-07-12 00:00:00-04:00,31.65009316700947,31.7999492700742,31.642598646863064,31.740007400512695,467800,0.0,0.0
2013-07-15 00:00:00-04:00,31.867380105129936,31.97977502115941,31.822424425375306,31.972280502319336,313500,0.0,0.0
2013-07-16 00:00:00-04:00,31.784955697836665,31.844900411782472,31.627605111210848,31.81492805480957,628500,0.0,0.0
2013-07-17 00:00:00-04:00,31.687560242437346,31.710038088395972,31.320405894620553,31.42530632019043,1135600,0.0,0.0
2013-07-18 00:00:00-04:00,31.54519208847727,31.68006487727903,31.447786186371,31.462772369384766,749900,0.0,0.0
2013-07-19 00:00:00-04:00,31.245479516437623,31.590153178512093,31.20801548505081,31.545194625854492,945600,0.0,0.0
2013-07-22 00:00:00-04:00,31.605139434208702,31.657589649933332,31.410321897240884,31.44029426574707,962200,0.0,0.0
2013-07-23 00:00:00-04:00,31.49273486587036,31.515215564547212,31.22298934832022,31.24547004699707,889300,0.0,0.0
2013-07-24 00:00:00-04:00,31.462773373114576,31.462773373114576,31.080632839877772,31.163055419921875,830800,0.0,0.0
2013-07-25 00:00:00-04:00,30.668519719011833,30.900801252332368,30.65353353702451,30.893306732177734,941600,0.0,0.0
2013-07-26 00:00:00-04:00,30.36880464127378,30.443735558230934,30.106553577729294,30.39877700805664,1895000,0.0,0.0
2013-07-29 00:00:00-04:00,30.233927511025126,30.481195214021746,30.233927511025126,30.406267166137695,1340800,0.0,0.0
2013-07-30 00:00:00-04:00,30.53363844562043,30.56361080125738,30.346315510371227,30.383779525756836,2449700,0.0,0.0
2013-07-31 00:00:00-04:00,30.30885473681505,30.608569750278544,30.24891001912947,30.443727493286133,2654600,0.0,0.0
2013-08-01 00:00:00-04:00,30.79589829356733,30.855843022130045,30.6835062149952,30.810884475708008,2872800,0.0,0.0
2013-08-02 00:00:00-04:00,30.855853495205398,31.02819036083472,30.728472332934977,31.005712509155273,752600,0.0,0.0
2013-08-05 00:00:00-04:00,30.990716615899302,31.10310869741925,30.86333549352356,31.073139190673828,721000,0.0,0.0
2013-08-06 00:00:00-04:00,30.76592878760795,30.908293230461435,30.73595642332659,30.810884475708008,817800,0.0,0.0
2013-08-07 00:00:00-04:00,30.292414490778405,30.40578257042409,30.163927207407937,30.284854888916016,1800100,0.354,0.0
2013-08-08 00:00:00-04:00,30.292403419173823,30.42088777244105,30.17903249782085,30.337749481201172,858400,0.0,0.0
2013-08-09 00:00:00-04:00,30.473800461596383,30.60984444533821,30.405778469725465,30.466243743896484,558200,0.0,0.0
2013-08-12 00:00:00-04:00,30.307527316733907,30.39822523839256,30.27729755932431,30.37554931640625,677700,0.0,0.0
2013-08-13 00:00:00-04:00,30.56449544978782,30.662750078615908,30.458684103269704,30.617401123046875,857800,0.0,0.0
2013-08-14 00:00:00-04:00,30.692977185230813,30.768555881084716,30.5267005945813,30.549373626708984,682800,0.0,0.0
2013-08-15 00:00:00-04:00,30.133683552651203,30.3755388272714,29.982523285228005,30.337749481201172,843400,0.0,0.0
2013-08-16 00:00:00-04:00,30.45112345137785,30.45112345137785,30.28484685225018,30.345312118530273,806500,0.0,0.0
2013-08-19 00:00:00-04:00,30.383105538204646,30.428451610846246,30.23194523539906,30.239501953125,806900,0.0,0.0
2013-08-20 00:00:00-04:00,30.012750619647207,30.24704913696874,29.982517994868598,30.126121520996094,767400,0.0,0.0
2013-08-21 00:00:00-04:00,29.92961713151514,29.959849761130666,29.657532114402155,29.710437774658203,877700,0.0,0.0
2013-08-22 00:00:00-04:00,29.75578516305121,29.854039772112714,29.71043909974773,29.80113410949707,709800,0.0,0.0
2013-08-23 00:00:00-04:00,29.914505372498237,30.133684741610438,29.884272741192277,30.04298973083496,705600,0.0,0.0
2013-08-26 00:00:00-04:00,30.065659719649435,30.118565377508823,29.91450234470383,29.959848403930664,712700,0.0,0.0
2013-08-27 00:00:00-04:00,29.581948675021803,29.740665645781764,29.461021047327254,29.483694076538086,1036700,0.0,0.0
2013-08-28 00:00:00-04:00,29.098245574902,29.272078903787914,29.09068885762122,29.21161651611328,1997200,0.0,0.0
2013-08-29 00:00:00-04:00,28.8412810423857,29.052903776073258,28.833724323244077,28.999998092651367,937300,0.0,0.0
2013-08-30 00:00:00-04:00,28.871504408610786,28.931966791747286,28.743017159339026,28.856388092041016,792900,0.0,0.0
2013-09-03 00:00:00-04:00,29.09824721730382,29.219174882621438,28.879064922933452,28.931970596313477,763700,0.0,0.0
2013-09-04 00:00:00-04:00,28.599415535246024,28.856387142188343,28.569182903101634,28.8185977935791,928300,0.0,0.0
2013-09-05 00:00:00-04:00,28.674991960606153,28.83371182521791,28.65231892986544,28.765689849853516,793900,0.0,0.0
2013-09-06 00:00:00-04:00,28.977316862912307,29.15115018547835,28.795923940197525,28.93952751159668,729100,0.0,0.0
2013-09-09 00:00:00-04:00,28.924406405369194,29.0982396991533,28.87905746141334,29.090682983398438,891500,0.0,0.0
2013-09-10 00:00:00-04:00,29.5744032159054,29.58951953551336,29.49882161786559,29.551727294921875,1949500,0.0,0.0
2013-09-11 00:00:00-04:00,29.400558850820364,29.483694252804458,29.355209908985515,29.45346450805664,2416600,0.0,0.0
2013-09-12 00:00:00-04:00,29.491259620595034,29.491259620595034,29.340099334716797,29.340099334716797,1491300,0.0,0.0
2013-09-13 00:00:00-04:00,29.551729873600085,29.718006520653766,29.45347811228965,29.69533348083496,1011900,0.0,0.0
2013-09-16 00:00:00-04:00,29.98253191972593,30.042997197365178,29.869163848867032,29.997648239135742,1185900,0.0,0.0
2013-09-17 00:00:00-04:00,30.095895735485318,30.277288642236574,30.088339019144303,30.209266662597656,724700,0.0,0.0
2013-09-18 00:00:00-04:00,30.209263916680246,30.866807737993007,30.09589299987293,30.859251022338867,1253000,0.0,0.0
2013-09-19 00:00:00-04:00,31.645289540202317,31.645289540202317,31.267390204789343,31.342971801757812,1144000,0.0,0.0
2013-09-20 00:00:00-04:00,31.37319395169025,31.395869866855097,31.214476961248447,31.22959327697754,776800,0.0,0.0
2013-09-23 00:00:00-04:00,31.237157703285952,31.237157703285952,30.972626461864248,31.07843780517578,987900,0.0,0.0
2013-09-24 00:00:00-04:00,30.5115789383114,30.67029878485161,30.496462625157953,30.526695251464844,1591700,0.0,0.0
2013-09-25 00:00:00-04:00,30.3302038506603,30.458688250887416,30.262181849615548,30.284854888916016,1352800,0.0,0.0
2013-09-26 00:00:00-04:00,30.48136274999824,30.54938186472348,30.307526513000806,30.45868682861328,978300,0.0,0.0
2013-09-27 00:00:00-04:00,29.974973678588867,30.050552388654708,29.854046012597735,29.974973678588867,1070200,0.0,0.0
2013-09-30 00:00:00-04:00,29.778455342680072,29.91449927267396,29.068003067569357,29.158700942993164,1773000,0.0,0.0
2013-10-01 00:00:00-04:00,28.82615921755795,28.97731951982294,28.765696826537734,28.969762802124023,1964300,0.0,0.0
2013-10-02 00:00:00-04:00,28.51627954524118,28.68255615234375,28.440700841908768,28.68255615234375,1944500,0.0,0.0
2013-10-03 00:00:00-04:00,28.85638825262144,29.06045420273506,28.841271935967548,28.97731590270996,2328800,0.0,0.0
2013-10-04 00:00:00-04:00,28.76569212889767,28.871503458260538,28.73545949675328,28.8185977935791,1415800,0.0,0.0
2013-10-07 00:00:00-04:00,28.712786086567338,28.977314406495264,28.705226487059427,28.841270446777344,750200,0.0,0.0
2013-10-08 00:00:00-04:00,28.667442738071706,28.743021449057636,28.576747708259994,28.606977462768555,1730900,0.0,0.0
2013-10-09 00:00:00-04:00,28.319780284333195,28.5465193342996,28.28198804005259,28.470937728881836,1422300,0.0,0.0
2013-10-10 00:00:00-04:00,28.266862446922996,28.667434692382812,28.266862446922996,28.667434692382812,1629000,0.0,0.0
2013-10-11 00:00:00-04:00,28.72034185119346,28.901734752520476,28.697668819705967,28.879058837890625,1169300,0.0,0.0
2013-10-14 00:00:00-04:00,28.92441688558665,29.045344563475904,28.863951605070387,29.015111923217773,1198000,0.0,0.0
2013-10-15 00:00:00-04:00,29.098249273207855,29.18138758957707,29.022670558223023,29.052900314331055,1332000,0.0,0.0
2013-10-16 00:00:00-04:00,28.96219804545405,29.120915037163275,28.886619349347495,29.105798721313477,1969600,0.0,0.0
2013-10-17 00:00:00-04:00,29.77846667578926,30.133690065393957,29.75579075673238,30.10346031188965,1101800,0.0,0.0
2013-10-18 00:00:00-04:00,30.269729042753113,30.299961674402063,30.14880139929976,30.209266662597656,1053300,0.0,0.0
2013-10-21 00:00:00-04:00,30.103459166330893,30.2168272247295,30.027877577589013,30.171478271484375,864800,0.0,0.0
2013-10-22 00:00:00-04:00,30.49647326114441,30.723215154382935,30.4586839066523,30.609844207763672,1134300,0.0,0.0
2013-10-23 00:00:00-04:00,30.632509609357783,30.662742238673832,30.45111959974592,30.534257888793945,1541200,0.0,0.0
2013-10-24 00:00:00-04:00,30.79123308959026,30.813906122670215,30.62495649195711,30.753440856933594,2294900,0.0,0.0
2013-10-25 00:00:00-04:00,30.383098774269097,30.54937247551045,30.32263351335055,30.504026412963867,2867300,0.0,0.0
2013-10-28 00:00:00-04:00,30.556940689489075,30.972629384499346,30.556940689489075,30.92728042602539,1636800,0.0,0.0
2013-10-29 00:00:00-04:00,30.91215533484217,31.055755991153113,30.889479422583136,31.033082962036133,1582700,0.0,0.0
2013-10-30 00:00:00-04:00,30.89704347411267,30.912159790083326,30.54937397307256,30.640071868896484,2588900,0.0,0.0
2013-10-31 00:00:00-04:00,30.708090981779428,30.82145901625972,30.56448743503864,30.677858352661133,2102300,0.0,0.0
2013-11-01 00:00:00-04:00,30.26972750501785,30.36042251221485,30.171472898721426,30.337749481201172,1466800,0.0,0.0
2013-11-04 00:00:00-05:00,30.602284034835876,30.745884718949192,30.519145734454575,30.738325119018555,864200,0.0,0.0
2013-11-05 00:00:00-05:00,30.617396488034746,30.85925466464627,30.54937450655018,30.813905715942383,1210400,0.0,0.0
2013-11-06 00:00:00-05:00,30.583570406390066,30.720853504045742,30.461541309518708,30.54543685913086,2537100,0.368,0.0
2013-11-07 00:00:00-05:00,30.522554895549508,30.553062894702183,30.18697563307886,30.263242721557617,2829200,0.0,0.0
2013-11-08 00:00:00-05:00,30.217481619961692,30.270869165362445,30.11070652916019,30.24036407470703,1485500,0.0,0.0
2013-11-11 00:00:00-05:00,30.309015369693608,30.392908032735683,30.270878902651624,30.354774475097656,1081800,0.0,0.0
2013-11-12 00:00:00-05:00,30.38528054220998,30.40816009344914,30.2098638607676,30.324264526367188,1093000,0.0,0.0
2013-11-13 00:00:00-05:00,30.049702176562718,30.39290709410969,30.049702176562718,30.370027542114258,1099500,0.0,0.0
2013-11-14 00:00:00-05:00,30.362391563176157,30.415779105759405,30.27849602214452,30.39289665222168,1747000,0.0,0.0
2013-11-15 00:00:00-05:00,30.370022970301545,30.499680534033093,30.324260963795687,30.49205207824707,1151800,0.0,0.0
2013-11-18 00:00:00-05:00,30.774249810073815,30.774249810073815,30.598833115237433,30.62934112548828,713700,0.0,0.0
2013-11-19 00:00:00-05:00,30.705599696849976,30.774241246110577,30.644586602731213,30.675094604492188,949300,0.0,0.0
2013-11-20 00:00:00-05:00,31.03357083917695,31.03357083917695,30.568336643833852,30.682737350463867,935000,0.0,0.0
2013-11-21 00:00:00-05:00,30.5607005237122,30.644596099853516,30.50731295878665,30.644596099853516,905000,0.0,0.0
2013-11-22 00:00:00-05:00,30.499683481035113,30.598830140605944,30.469175473750067,30.56832504272461,756200,0.0,0.0
2013-11-25 00:00:00-05:00,30.89627158044768,30.980167133946885,30.82763002843954,30.83525848388672,673400,0.0,0.0
2013-11-26 00:00:00-05:00,30.65222158748787,30.720863157885894,30.514938446691822,30.583580017089844,984800,0.0,0.0
2013-11-27 00:00:00-05:00,30.73610769861095,31.0030483499147,30.606453055231587,30.675094604492188,832000,0.0,0.0
2013-11-29 00:00:00-05:00,30.942038453081665,31.010680015889296,30.865771343030417,30.88865089416504,483600,0.0,0.0
2013-12-02 00:00:00-05:00,30.492047365385446,30.636955999485057,30.377646730907745,30.51492691040039,1552500,0.0,0.0
2013-12-03 00:00:00-05:00,30.293760558106598,30.522564807246194,30.293760558106598,30.46917724609375,1143500,0.0,0.0
2013-12-04 00:00:00-05:00,30.270878902095458,30.423416042048714,30.14122422424776,30.377656936645508,953300,0.0,0.0
2013-12-05 00:00:00-05:00,30.461546780840372,30.553070801985264,30.324263658526718,30.40053367614746,899600,0.0,0.0
2013-12-06 00:00:00-05:00,30.728491233520167,31.010683059692383,30.72086277612403,31.010683059692383,681900,0.0,0.0
2013-12-09 00:00:00-05:00,30.91153170697476,31.1174564038026,30.88865215490629,31.08694839477539,761300,0.0,0.0
2013-12-10 00:00:00-05:00,31.018313193708337,31.03356720135186,30.8200169131515,30.881032943725586,932200,0.0,0.0
2013-12-11 00:00:00-05:00,30.560696349045493,30.636963457262553,30.354771665575015,30.40053367614746,1192900,0.0,0.0
2013-12-12 00:00:00-05:00,29.981051305533995,30.06494393994628,29.82088576306718,29.89715576171875,1062500,0.0,0.0
2013-12-13 00:00:00-05:00,29.813262978549357,29.88190452899035,29.721741881095774,29.84377098083496,893200,0.0,0.0
2013-12-16 00:00:00-05:00,29.996309385433076,30.14884358467835,29.988680929828796,30.042068481445312,892200,0.0,0.0
2013-12-17 00:00:00-05:00,29.82088085396696,29.942909922318133,29.721734236145835,29.813255310058594,1378300,0.0,0.0
2013-12-18 00:00:00-05:00,29.790383018930385,30.14884185791016,29.584458370459522,30.148841857910156,1736200,0.0,0.0
2013-12-19 00:00:00-05:00,30.034443223245578,30.240367885485345,29.981055671117126,30.217485427856445,1397900,0.0,0.0
2013-12-20 00:00:00-05:00,30.270870477127907,30.44628712096093,30.270870477127907,30.438661575317383,1811100,0.0,0.0
2013-12-23 00:00:00-05:00,30.46918200068456,30.568331590898364,30.40054042429106,30.453927993774414,1403300,0.0,0.0
2013-12-24 00:00:00-05:00,30.65221696355856,30.705604520325206,30.61408341006862,30.697978973388672,354100,0.0,0.0
2013-12-26 00:00:00-05:00,30.705603790144597,30.858140909880664,30.67509869372024,30.827632904052734,534200,0.0,0.0
2013-12-27 00:00:00-05:00,31.361519623992685,31.369148082159555,31.125089790097693,31.23186492919922,789500,0.0,0.0
2013-12-30 00:00:00-05:00,31.247107597526995,31.369136699277366,31.178466045954703,31.300495147705078,604300,0.0,0.0
2013-12-31 00:00:00-05:00,31.437777499564827,31.44540304537806,31.300494399700973,31.422523498535156,641800,0.0,0.0
2014-01-02 00:00:00-05:00,30.789501091059424,30.820009098611038,30.62933841551906,30.743741989135742,1250400,0.0,0.0
2014-01-03 00:00:00-05:00,30.75899884078035,30.842891505209014,30.64459525657144,30.705608367919922,869400,0.0,0.0
2014-01-06 00:00:00-05:00,30.63695900816547,30.751362563281063,30.58357145828573,30.621707916259766,970900,0.0,0.0
2014-01-07 00:00:00-05:00,30.682730749827112,30.81238834740092,30.67510520145415,30.73611831665039,1217100,0.0,0.0
2014-01-08 00:00:00-05:00,30.40053648934711,30.41579049428283,30.293761364201018,30.377656936645508,1674900,0.0,0.0
2014-01-09 00:00:00-05:00,29.85903869342955,30.156484578795073,29.836156226505963,30.1259765625,2456300,0.0,0.0
2014-01-10 00:00:00-05:00,30.095456433292547,30.36239710432846,30.095456433292547,30.309009552001953,2284000,0.0,0.0
2014-01-13 00:00:00-05:00,29.836144823060145,30.20986060632828,29.828519276603163,30.087831497192383,2126300,0.0,0.0
2014-01-14 00:00:00-05:00,30.499675743545136,30.522555288502733,30.324256200860326,30.47679328918457,2488500,0.0,0.0
2014-01-15 00:00:00-05:00,30.042061863284165,30.209852936774208,29.904778786683714,30.06494140625,2378600,0.0,0.0
2014-01-16 00:00:00-05:00,30.42341732262915,30.591208474580778,30.339521746653332,30.583580017089844,1395500,0.0,0.0
2014-01-17 00:00:00-05:00,30.4844320617916,30.614086739639298,30.339520469604228,30.377656936645508,1790600,0.0,0.0
2014-01-21 00:00:00-05:00,31.5903144785902,31.5903144785902,31.170839596170865,31.369138717651367,1827300,0.0,0.0
2014-01-22 00:00:00-05:00,31.727603069116586,31.85726065699678,31.712351973510888,31.811498641967773,1288100,0.0,0.0
2014-01-23 00:00:00-05:00,31.727602005004883,31.796243570544235,31.62082688292231,31.727602005004883,1056000,0.0,0.0
2014-01-24 00:00:00-05:00,31.445402168270533,31.445402168270533,30.903898239135742,30.903898239135742,1433000,0.0,0.0
2014-01-27 00:00:00-05:00,31.01068177020144,31.03356132263039,30.72848995576337,30.781877517700195,1613300,0.0,0.0
2014-01-28 00:00:00-05:00,30.713232976665378,30.781874536708727,30.59120385985538,30.697978973388672,1224200,0.0,0.0
2014-01-29 00:00:00-05:00,30.209857861636277,30.316632958753793,30.080200308419872,30.148841857910156,1352800,0.0,0.0
2014-01-30 00:00:00-05:00,29.96581062812311,30.042077751278857,29.752257446359355,29.85903549194336,2000000,0.0,0.0
2014-01-31 00:00:00-05:00,29.287015227061048,29.599715000423263,29.210745215629135,29.44717788696289,2055700,0.0,0.0
2014-02-03 00:00:00-05:00,29.462430211367774,29.508189306217496,28.98193934962269,28.989564895629883,2289200,0.0,0.0
2014-02-04 00:00:00-05:00,29.164980859669534,29.187860404272158,29.020069318778464,29.12684440612793,1381200,0.0,0.0
2014-02-05 00:00:00-05:00,28.984400400782352,29.23081377573751,28.976701267962127,29.146108627319336,1174300,0.365,0.0
2014-02-06 00:00:00-05:00,29.40021478946181,29.74673440654123,29.354011194691818,29.708232879638672,1413200,0.0,0.0
2014-02-07 00:00:00-05:00,29.908447903453183,30.147162112687177,29.846843099465545,30.11635971069336,1368000,0.0,0.0
2014-02-10 00:00:00-05:00,30.047058284109454,30.26266924111391,30.031657081826427,30.23186683654785,1007800,0.0,0.0
2014-02-11 00:00:00-05:00,30.239572247950957,30.593791127165463,30.177967432011407,30.539888381958008,1234200,0.0,0.0
2014-02-12 00:00:00-05:00,30.355060138385866,30.408965791357122,30.239555578390075,30.278057098388672,1222500,0.0,0.0
2014-02-13 00:00:00-05:00,30.21645952850261,30.478274013999805,30.208757460926698,30.447471618652344,906500,0.0,0.0
2014-02-14 00:00:00-05:00,30.285765984355322,30.470574496953205,30.27806391613471,30.462875366210938,1237800,0.0,0.0
2014-02-18 00:00:00-05:00,31.055814511157525,31.202121524312815,30.89410335848397,31.117416381835938,1279600,0.0,0.0
2014-02-19 00:00:00-05:00,31.109706451652485,31.317615263322875,31.086603187872953,31.1328067779541,878700,0.0,0.0
2014-02-20 00:00:00-05:00,31.194412495588995,31.448527866330632,31.109710309486722,31.371524810791016,955600,0.0,0.0
2014-02-21 00:00:00-05:00,31.348423853234745,31.525533244004162,31.232919261417386,31.256019592285156,1093100,0.0,0.0
2014-02-24 00:00:00-05:00,31.433120792055387,31.795041547891355,31.39461927148252,31.62563133239746,1267700,0.0,0.0
2014-02-25 00:00:00-05:00,31.77965058056263,31.90285724853696,31.625641511225048,31.833553314208984,3395000,0.0,0.0
2014-02-26 00:00:00-05:00,31.610226854247593,31.664129564947864,31.348412429070233,31.402315139770508,1232800,0.0,0.0
2014-02-27 00:00:00-05:00,31.30994085660077,31.594855876713712,31.29453964774599,31.564056396484375,1019700,0.0,0.0
2014-02-28 00:00:00-05:00,31.594829559326172,31.718036190057404,31.44852260329464,31.594829559326172,1630300,0.0,0.0
2014-03-03 00:00:00-05:00,31.086610812616556,31.20981747890779,30.909501413415317,30.986507415771484,1292300,0.0,0.0
2014-03-04 00:00:00-05:00,31.617937103745696,31.795046475813297,31.57173350941051,31.764244079589844,916600,0.0,0.0
2014-03-05 00:00:00-05:00,31.487041473134592,31.656451785284734,31.463941135106626,31.533245086669922,649200,0.0,0.0
2014-03-06 00:00:00-05:00,31.433131542717817,31.56404028241185,31.41003120996894,31.46393394470215,1010000,0.0,0.0
2014-03-07 00:00:00-05:00,31.471632448007167,31.525535181664004,31.294523046352047,31.494735717773438,994800,0.0,0.0
2014-03-10 00:00:00-04:00,31.26372256606815,31.309926170961116,30.72469519637779,30.917205810546875,4951700,0.0,0.0
2014-03-11 00:00:00-04:00,30.701598093647288,30.763202912548667,30.5013883071767,30.562990188598633,2661700,0.0,0.0
2014-03-12 00:00:00-04:00,30.27036014645142,30.555274939905587,30.27036014645142,30.509071350097656,1745400,0.0,0.0
2014-03-13 00:00:00-04:00,30.539885249103047,30.57068765391304,30.13946279901018,30.216468811035156,1826300,0.0,0.0
2014-03-14 00:00:00-04:00,30.331965987625118,30.485975036444064,30.23185966527106,30.401269912719727,1887800,0.0,0.0
2014-03-17 00:00:00-04:00,30.32426433448056,30.532176092468948,30.32426433448056,30.432069778442383,1202400,0.0,0.0
2014-03-18 00:00:00-04:00,30.362765051133195,30.655381918012804,30.362765051133195,30.570676803588867,999000,0.0,0.0
2014-03-19 00:00:00-04:00,30.61688721630403,30.716993559576373,30.23186598254152,30.370473861694336,1156900,0.0,0.0
2014-03-20 00:00:00-04:00,30.10095323373374,30.347366531536583,30.07015083713883,30.239561080932617,915000,0.0,0.0
2014-03-21 00:00:00-04:00,30.578373380771048,30.817087507177337,30.478270015242547,30.555273056030273,1586800,0.0,0.0
2014-03-24 00:00:00-04:00,30.82479860076094,30.9865097491469,30.632287986591855,30.917205810546875,1218400,0.0,0.0
2014-03-25 00:00:00-04:00,31.20982566688141,31.62564937626118,31.163624990825483,31.533245086669922,1665900,0.0,0.0
2014-03-26 00:00:00-04:00,31.771947027375052,31.833551827223918,31.571737302823312,31.61794090270996,803500,0.0,0.0
2014-03-27 00:00:00-04:00,31.818145367233356,32.141564638016646,31.748841447599652,32.033756256103516,2865900,0.0,0.0
2014-03-28 00:00:00-04:00,32.44188710709962,32.84230950725893,32.426485906615184,32.81920623779297,1822000,0.0,0.0
2014-03-31 00:00:00-04:00,32.973208094916906,32.98860929203356,32.85770058528098,32.942405700683594,1220600,0.0,0.0
2014-04-01 00:00:00-04:00,32.59589345020895,32.86540709246486,32.57279018267388,32.81150436401367,965400,0.0,0.0
2014-04-02 00:00:00-04:00,32.8192045387003,32.86540813776157,32.672897547890656,32.71139907836914,520700,0.0,0.0
2014-04-03 00:00:00-04:00,32.48808672706488,32.61899545823646,32.426484864585376,32.58049392700195,1067600,0.0,0.0
2014-04-04 00:00:00-04:00,32.51118038444214,32.59588549060365,32.31866984770334,32.34177017211914,1612400,0.0,0.0
2014-04-07 00:00:00-04:00,32.534282466756764,32.63438877376366,32.480379748555634,32.49578094482422,1130400,0.0,0.0
2014-04-08 00:00:00-04:00,33.35052984020366,33.72784888566922,33.342827772961854,33.63544464111328,1980500,0.0,0.0
2014-04-09 00:00:00-04:00,33.92806880090511,33.974269464373286,33.712454933965375,33.9434700012207,1034400,0.0,0.0
2014-04-10 00:00:00-04:00,33.92807156707824,34.06667944374077,33.61235427856445,33.61235427856445,934100,0.0,0.0
2014-04-11 00:00:00-04:00,33.97427200388645,34.08977954614808,33.86646653109763,33.91267013549805,2019000,0.0,0.0
2014-04-14 00:00:00-04:00,34.49019492592883,34.49019492592883,34.26688195649845,34.41318893432617,1369000,0.0,0.0
2014-04-15 00:00:00-04:00,34.05128097047633,34.074381305944684,33.82796793601866,34.00507736206055,1587400,0.0,0.0
2014-04-16 00:00:00-04:00,34.128273010253906,34.143674208078565,33.93576244366291,34.128273010253906,1089600,0.0,0.0
2014-04-17 00:00:00-04:00,33.58924133695135,34.020466044358365,33.566141009984584,34.01276397705078,1199700,0.0,0.0
2014-04-21 00:00:00-04:00,34.05127354062958,34.12057746939188,33.98196961186727,34.04357147216797,664700,0.0,0.0
2014-04-22 00:00:00-04:00,34.02816983713787,34.05897223563314,33.866461651255285,33.92036437988281,952800,0.0,0.0
2014-04-23 00:00:00-04:00,33.989673818381895,34.112880494859645,33.95117228275989,34.028175354003906,591400,0.0,0.0
2014-04-24 00:00:00-04:00,33.40443739845112,33.65085071126997,33.24272627521256,33.581546783447266,1120300,0.0,0.0
2014-04-25 00:00:00-04:00,33.64315289543204,33.78176076859757,33.51224709159724,33.75096130371094,1021100,0.0,0.0
2014-04-28 00:00:00-04:00,33.90496635681647,34.128279360609326,33.82796329084312,34.097476959228516,1597400,0.0,0.0
2014-04-29 00:00:00-04:00,34.17447623542033,34.4747922460692,34.12827264244431,34.39008712768555,4271700,0.0,0.0
2014-04-30 00:00:00-04:00,34.474787183487564,34.52099076967864,34.37468088214573,34.45168685913086,1929000,0.0,0.0
2014-05-01 00:00:00-04:00,34.25918726592086,34.34388946144349,34.15908093260316,34.28228759765625,1168200,0.0,0.0
2014-05-02 00:00:00-04:00,33.84336386249515,34.05127566173319,33.827962662091004,33.935768127441406,915700,0.0,0.0
2014-05-05 00:00:00-04:00,33.86647073963289,34.06668344610267,33.81256799654006,33.98967742919922,655200,0.0,0.0
2014-05-06 00:00:00-04:00,34.012778840372675,34.159088808373205,33.928076625320976,33.98197937011719,847000,0.0,0.0
2014-05-07 00:00:00-04:00,34.14824291093499,34.34248774778452,34.124931515033175,34.295867919921875,874400,0.394,0.0
2014-05-08 00:00:00-04:00,34.389102935791016,34.51341950675864,34.35025456310254,34.389102935791016,722900,0.0,0.0
2014-05-09 00:00:00-04:00,34.60665564638677,34.6377355269602,34.435719267173454,34.49787902832031,1390200,0.0,0.0
2014-05-12 00:00:00-04:00,34.715437077156196,34.77759388297949,34.653277307391946,34.72320556640625,1317400,0.0,0.0
2014-05-13 00:00:00-04:00,34.7154426574707,34.777599473285356,34.606666006838985,34.7154426574707,654000,0.0,0.0
2014-05-14 00:00:00-04:00,34.68436205476664,34.7931387031628,34.62997373056856,34.653282165527344,1524900,0.0,0.0
2014-05-15 00:00:00-04:00,35.12724850856187,35.14278845690022,34.87861526303245,34.948543548583984,2348300,0.0,0.0
2014-05-16 00:00:00-04:00,35.32148700548818,35.391415278346656,35.22825029632406,35.368106842041016,1198400,0.0,0.0
2014-05-19 00:00:00-04:00,35.69443617567619,35.70220763026851,35.50019130604898,35.624507904052734,1233800,0.0,0.0
2014-05-20 00:00:00-04:00,35.17385955844503,35.36033296399386,35.08062285567062,35.16608810424805,1029500,0.0,0.0
2014-05-21 00:00:00-04:00,35.29816818237305,35.352556493709656,35.181620107257075,35.29816818237305,1177200,0.0,0.0
2014-05-22 00:00:00-04:00,35.0883890464788,35.1116974796596,34.89414419946244,34.901912689208984,1096100,0.0,0.0
2014-05-23 00:00:00-04:00,34.73874673084089,34.89414319677688,34.72320678785318,34.824214935302734,769300,0.0,0.0
2014-05-27 00:00:00-04:00,34.793139915355745,34.87860813177083,34.62997493707683,34.75429153442383,792600,0.0,0.0
2014-05-28 00:00:00-04:00,34.49788054780683,34.71543379352204,34.474569154379715,34.61442565917969,717400,0.0,0.0
2014-05-29 00:00:00-04:00,34.91745553262807,34.96407536680271,34.83975877294507,34.90968704223633,790400,0.0,0.0
2014-05-30 00:00:00-04:00,34.91745779498824,34.987386068810274,34.84752952116621,34.94076919555664,1041100,0.0,0.0
2014-06-02 00:00:00-04:00,34.878599939069446,34.90967982209116,34.78536325394511,34.863059997558594,853800,0.0,0.0
2014-06-03 00:00:00-04:00,34.971840079689336,35.15054794275151,34.93299170404406,35.14277648925781,2562500,0.0,0.0
2014-06-04 00:00:00-04:00,35.072849823485335,35.088389767238795,34.87860497247893,34.964073181152344,1092100,0.0,0.0
2014-06-05 00:00:00-04:00,34.89414161137754,35.041766617141874,34.78536497934688,35.0029182434082,1074900,0.0,0.0
2014-06-06 00:00:00-04:00,34.381331242663876,34.52895623069852,34.29586305234993,34.5134162902832,1540200,0.0,0.0
2014-06-09 00:00:00-04:00,34.54450551713118,34.71544194400594,34.536737026792046,34.653282165527344,684000,0.0,0.0
2014-06-10 00:00:00-04:00,34.81645259364432,34.99515752364693,34.80091264791258,34.94076919555664,611200,0.0,0.0
2014-06-11 00:00:00-04:00,35.01069229324872,35.01069229324872,34.85529582284739,34.901912689208984,777500,0.0,0.0
2014-06-12 00:00:00-04:00,35.27487331523833,35.298181753646766,35.1194768099845,35.1583251953125,904200,0.0,0.0
2014-06-13 00:00:00-04:00,35.15055571861342,35.22048399582058,35.00292770898622,35.08062744140625,611700,0.0,0.0
2014-06-16 00:00:00-04:00,35.057311593462636,35.18162818562614,34.99515477935156,35.10393142700195,456400,0.0,0.0
2014-06-17 00:00:00-04:00,35.150540417443004,35.305933886756215,35.14276896561308,35.22823715209961,757200,0.0,0.0
2014-06-18 00:00:00-04:00,35.24379024184167,35.37587533282905,35.11170218691275,35.368106842041016,607600,0.0,0.0
2014-06-19 00:00:00-04:00,35.5234989506743,35.69443240239655,35.438030742842585,35.47687911987305,537800,0.0,0.0
2014-06-20 00:00:00-04:00,35.46910836243361,35.5701135434671,35.41472004527988,35.445796966552734,560600,0.0,0.0
2014-06-23 00:00:00-04:00,35.585652439833616,35.585652439833616,35.375867666719486,35.515724182128906,959800,0.0,0.0
2014-06-24 00:00:00-04:00,35.523502273443356,35.63227892487978,35.430262603119466,35.43803405761719,895000,0.0,0.0
2014-06-25 00:00:00-04:00,35.09614779592159,35.22046730889293,34.987371186012,35.0417594909668,904500,0.0,0.0
2014-06-26 00:00:00-04:00,34.964069869674525,35.041766617141874,34.66881689420492,35.0029182434082,504000,0.0,0.0
2014-06-27 00:00:00-04:00,34.90968640783625,34.9329948425293,34.824218195373284,34.9329948425293,510600,0.0,0.0
2014-06-30 00:00:00-04:00,35.166089451307975,35.274869066643234,35.10393263505785,35.20494079589844,607300,0.0,0.0
2014-07-01 00:00:00-04:00,35.20494572130577,35.46911889619665,35.15832587963966,35.45357894897461,886300,0.0,0.0
2014-07-02 00:00:00-04:00,35.36032681405557,35.531263209363516,35.344789836246505,35.523494720458984,1016300,0.0,0.0
2014-07-03 00:00:00-04:00,35.50019130604898,35.73328752075482,35.50019130604898,35.624507904052734,500500,0.0,0.0
2014-07-07 00:00:00-04:00,35.33702589673703,35.492422383335395,35.30594600662907,35.43803405761719,882500,0.0,0.0
2014-07-08 00:00:00-04:00,35.298174130197744,35.45357060189015,35.28263418663439,35.39141082763672,1284800,0.0,0.0
2014-07-09 00:00:00-04:00,35.08062285567062,35.2360163723142,35.03400302231274,35.16608810424805,1126600,0.0,0.0
2014-07-10 00:00:00-04:00,34.66882014447936,34.77759678670806,34.536735068613424,34.730979919433594,1511300,0.0,0.0
2014-07-11 00:00:00-04:00,34.668823886411715,34.90968859444496,34.65328394099588,34.87860870361328,852500,0.0,0.0
2014-07-14 00:00:00-04:00,35.12724099419842,35.18162931977694,35.049544233069525,35.11947250366211,902000,0.0,0.0
2014-07-15 00:00:00-04:00,34.98736685008647,35.02621817504539,34.777582143856094,34.855281829833984,1276700,0.0,0.0
2014-07-16 00:00:00-04:00,35.12723986180094,35.18939963985337,35.026234668377775,35.10393142700195,541200,0.0,0.0
2014-07-17 00:00:00-04:00,35.236014786984825,35.414722658178974,34.940764747492764,34.964073181152344,595600,0.0,0.0
2014-07-18 00:00:00-04:00,34.82421777918621,35.04177107089823,34.76206096610048,34.9796142578125,441400,0.0,0.0
2014-07-21 00:00:00-04:00,34.964074474288104,35.173859276806795,34.917454641303515,35.150550842285156,468600,0.0,0.0
2014-07-22 00:00:00-04:00,35.63227412616481,35.640042615674865,35.51572603592659,35.59342575073242,1292900,0.0,0.0
2014-07-23 00:00:00-04:00,35.70219658692084,35.70219658692084,35.399175158263155,35.43025207519531,944900,0.0,0.0
2014-07-24 00:00:00-04:00,35.23600834279851,35.23600834279851,35.002915157008644,35.0650749206543,670500,0.0,0.0
2014-07-25 00:00:00-04:00,34.692135842070655,34.77760109731414,34.435731184515475,34.536739349365234,631800,0.0,0.0
2014-07-28 00:00:00-04:00,34.738744500499074,34.75428444248906,34.505651298530964,34.6455078125,629300,0.0,0.0
2014-07-29 00:00:00-04:00,34.96406473016488,34.97183321819332,34.64550337006988,34.6688117980957,653400,0.0,0.0
2014-07-30 00:00:00-04:00,34.342492124160344,34.38134050369263,34.09385893842409,34.187095642089844,779200,0.0,0.0
2014-07-31 00:00:00-04:00,33.76752249472943,33.83745075614364,33.55773771048677,33.58881759643555,772700,0.0,0.0
2014-08-01 00:00:00-04:00,33.47227464552324,33.705367877406516,33.46450319156042,33.53443145751953,800100,0.0,0.0
2014-08-04 00:00:00-04:00,33.52666727528258,33.542204257322034,33.145946008600035,33.34019088745117,986000,0.0,0.0
2014-08-05 00:00:00-04:00,33.5810473770936,33.61212429750048,33.379031092773864,33.44895935058594,603900,0.0,0.0
2014-08-06 00:00:00-04:00,33.33451733933321,33.75786328684284,33.31883752750489,33.71866226196289,787200,0.384,0.0
2014-08-07 00:00:00-04:00,34.032250299021,34.032250299021,33.679462032424894,33.72650146484375,687700,0.0,0.0
2014-08-08 00:00:00-04:00,33.38938744659175,33.695136229833174,33.32666821381524,33.68729782104492,546200,0.0,0.0
2014-08-11 00:00:00-04:00,33.66376759212319,33.789203033444004,33.616731170763394,33.70296859741211,871100,0.0,0.0
2014-08-12 00:00:00-04:00,33.687295206799895,33.79705086502376,33.624575978890604,33.7500114440918,695700,0.0,0.0
2014-08-13 00:00:00-04:00,33.78136346132065,33.85192108154297,33.69512603764707,33.85192108154297,725600,0.0,0.0
2014-08-14 00:00:00-04:00,34.016561607899455,34.047921221325325,33.85976653138742,33.97736358642578,883000,0.0,0.0
2014-08-15 00:00:00-04:00,34.2674289100274,34.34582793530078,33.953841780784934,34.110633850097656,689700,0.0,0.0
2014-08-18 00:00:00-04:00,34.2125535091526,34.259592927646,34.10279785661856,34.12631607055664,818300,0.0,0.0
2014-08-19 00:00:00-04:00,34.28311378261368,34.37718963623047,34.23607436049656,34.37718963623047,642500,0.0,0.0
2014-08-20 00:00:00-04:00,34.212549303125414,34.290948324309525,34.15767148360497,34.1733512878418,945300,0.0,0.0
2014-08-21 00:00:00-04:00,34.26742478207915,34.392860216789245,34.19686716314118,34.36150360107422,643100,0.0,0.0
2014-08-22 00:00:00-04:00,34.1811948922832,34.23607272014843,33.99304319406452,34.05575942993164,522800,0.0,0.0
2014-08-25 00:00:00-04:00,34.28310458524499,34.471259232618465,34.22038836319828,34.36150360107422,455200,0.0,0.0
2014-08-26 00:00:00-04:00,34.416385650634766,34.54182110077551,34.39286444768417,34.416385650634766,493800,0.0,0.0
2014-08-27 00:00:00-04:00,34.43205580603312,34.45557700443477,34.33014157855295,34.345821380615234,1289200,0.0,0.0
2014-08-28 00:00:00-04:00,34.41638705060558,34.48694468109342,34.35366782767544,34.40070724487305,820800,0.0,0.0
2014-08-29 00:00:00-04:00,34.47910892232906,34.55750796381471,34.28311580454141,34.54182815551758,491600,0.0,0.0
2014-09-02 00:00:00-04:00,34.69076877374148,34.714286982014535,34.54181513698465,34.63589096069336,480400,0.0,0.0
2014-09-03 00:00:00-04:00,34.93380874836408,34.94948855412851,34.76133387557253,34.81621170043945,923000,0.0,0.0
2014-09-04 00:00:00-04:00,35.082753374093635,35.24738680625765,34.88676033848417,34.933799743652344,724500,0.0,0.0
2014-09-05 00:00:00-04:00,34.824054339293305,34.98084942537174,34.76917650775848,34.9730110168457,388200,0.0,0.0
2014-09-08 00:00:00-04:00,34.439899626286774,34.55749665472228,34.36150360107422,34.36150360107422,905500,0.0,0.0
2014-09-09 00:00:00-04:00,34.2439173525244,34.2674355693683,34.11064047896788,34.18119812011719,609000,0.0,0.0
2014-09-10 00:00:00-04:00,34.165516718017685,34.2987905830728,34.11063590171695,34.275272369384766,591900,0.0,0.0
2014-09-11 00:00:00-04:00,34.087116268867135,34.267429544408465,34.0479182508133,34.18903350830078,597700,0.0,0.0
2014-09-12 00:00:00-04:00,34.29878616333008,34.330145771284585,34.118472903516874,34.29878616333008,800700,0.0,0.0
2014-09-15 00:00:00-04:00,34.251746751398315,34.330145771284585,34.118472903516874,34.29878616333008,1480600,0.0,0.0
2014-09-16 00:00:00-04:00,34.173355125707964,34.32230879676083,34.04791966834313,34.275272369384766,1125800,0.0,0.0
2014-09-17 00:00:00-04:00,33.69513154972016,33.710811355736425,33.34234339089715,33.37370300292969,1598900,0.0,0.0
2014-09-18 00:00:00-04:00,33.35018281667216,33.57753550453515,33.35018281667216,33.51481628417969,1120400,0.0,0.0
2014-09-19 00:00:00-04:00,33.561849210445374,33.60104722028029,33.31881676448252,33.3658561706543,1286800,0.0,0.0
2014-09-22 00:00:00-04:00,33.35802401207807,33.48345947265625,33.29530777709762,33.48345947265625,1376400,0.0,0.0
2014-09-23 00:00:00-04:00,33.067949203061744,33.16986643126648,32.96603197485701,33.107147216796875,1209700,0.0,0.0
2014-09-24 00:00:00-04:00,32.9111507860177,33.201219646682496,32.88763257830923,33.16202163696289,2085200,0.0,0.0
2014-09-25 00:00:00-04:00,32.848442438292565,32.911158670745955,32.636769546355204,32.699485778808594,1435100,0.0,0.0
2014-09-26 00:00:00-04:00,32.80924087517737,32.973877337652084,32.62892759781659,32.92683792114258,1019000,0.0,0.0
2014-09-29 00:00:00-04:00,32.40940333347956,32.762191339591,32.37804373502167,32.707313537597656,928600,0.0,0.0
2014-09-30 00:00:00-04:00,32.73084122993847,33.02091012322631,32.69948162238931,32.84843826293945,1157500,0.0,0.0
2014-10-01 00:00:00-04:00,32.47212917388283,32.52700998277459,32.236938096902044,32.28397750854492,895900,0.0,0.0
2014-10-02 00:00:00-04:00,32.14287005147838,32.158549859158086,31.954715349939484,32.10367202758789,2083100,0.0,0.0
2014-10-03 00:00:00-04:00,31.89983380088225,32.0095924418493,31.82927616985487,31.962553024291992,1603800,0.0,0.0
2014-10-06 00:00:00-04:00,32.08014741767202,32.16638485545349,31.962553358475017,32.158546447753906,1054300,0.0,0.0
2014-10-07 00:00:00-04:00,31.89982130872497,31.978220307285643,31.67247168943903,31.688148498535156,1090400,0.0,0.0
2014-10-08 00:00:00-04:00,31.915511008773347,32.39373458118456,31.891992797217693,32.370216369628906,1162300,0.0,0.0
2014-10-09 00:00:00-04:00,32.30749978119407,32.448615043248815,31.954711626057186,31.962553024291992,1037600,0.0,0.0
2014-10-10 00:00:00-04:00,31.750876548610165,31.860632186575803,31.633279513294504,31.64112091064453,825300,0.0,0.0
2014-10-13 00:00:00-04:00,31.7665570184801,31.83711464302493,31.47648811340332,31.47648811340332,1071100,0.0,0.0
2014-10-14 00:00:00-04:00,31.398088776904405,31.680319272257286,31.382408972649593,31.492164611816406,1205500,0.0,0.0
2014-10-15 00:00:00-04:00,31.58625038319887,31.6568080225528,30.87283558111694,31.343217849731445,1393200,0.0,0.0
2014-10-16 00:00:00-04:00,30.684679354216232,31.06098574852823,30.574923696369073,30.880672454833984,2066100,0.0,0.0
2014-10-17 00:00:00-04:00,31.31185576395782,31.617607504114055,31.178581894924857,31.570568084716797,1340500,0.0,0.0
2014-10-20 00:00:00-04:00,31.39809004270339,31.774396388138886,31.374571830681482,31.758716583251953,733600,0.0,0.0
2014-10-21 00:00:00-04:00,31.844959484663757,32.213427486254105,31.813602860120913,32.18206787109375,1090800,0.0,0.0
2014-10-22 00:00:00-04:00,31.829270989097104,32.087983257626696,31.735195159912113,31.73519515991211,1738300,0.0,0.0
2014-10-23 00:00:00-04:00,31.092339237174865,31.108019041009445,30.676834902717278,30.684673309326172,3491200,0.0,0.0
2014-10-24 00:00:00-04:00,30.43380599841184,30.684676907953083,30.41028778521021,30.551403045654297,5691000,0.0,0.0
2014-10-27 00:00:00-04:00,30.66115268395091,30.982581160701482,30.60627487016056,30.912023544311523,2481800,0.0,0.0
2014-10-28 00:00:00-04:00,31.241300090955612,31.34321734407095,31.123706021007898,31.327537536621094,1759900,0.0,0.0
2014-10-29 00:00:00-04:00,31.50783786714061,31.56271567531762,31.115851814095542,31.241287231445312,825500,0.0,0.0
2014-10-30 00:00:00-04:00,30.9198599721466,31.31184604020908,30.89634176506009,31.194252014160156,1052600,0.0,0.0
2014-10-31 00:00:00-04:00,31.66464100064044,31.696000610667937,31.468647923894096,31.53920555114746,4966500,0.0,0.0
2014-11-03 00:00:00-05:00,31.147215859404213,31.33537050757826,31.045298633700906,31.319690704345703,3485200,0.0,0.0
2014-11-04 00:00:00-05:00,31.241298998654596,31.46081330466017,31.225622182370333,31.437292098999023,4459400,0.0,0.0
2014-11-05 00:00:00-05:00,31.606589765663724,31.693617152371054,31.464181863417505,31.63032341003418,1945700,0.364,0.0
2014-11-06 00:00:00-05:00,31.66989393626894,31.780655014373234,31.582866512611847,31.614513397216797,1216500,0.0,0.0
2014-11-07 00:00:00-05:00,31.42462478346283,31.63032341003418,31.32177396117128,31.63032341003418,1939900,0.0,0.0
2014-11-10 00:00:00-05:00,31.954701488350704,32.00217180281911,31.81229356295771,31.90723419189453,1684800,0.0,0.0
2014-11-11 00:00:00-05:00,32.18413140859312,32.27115879482767,32.105017249113565,32.23160171508789,1488600,0.0,0.0
2014-11-12 00:00:00-05:00,32.00218069356526,32.04964800320865,31.891419613713243,31.962623596191406,719300,0.0,0.0
2014-11-13 00:00:00-05:00,32.160409336690385,32.41357835973731,32.12876245430631,32.19996643066406,1379700,0.0,0.0
2014-11-14 00:00:00-05:00,32.04172131963228,32.247419931043126,31.962607165553848,32.207862854003906,1022800,0.0,0.0
2014-11-17 00:00:00-05:00,31.962622462432925,32.21579149826102,31.94679902044205,32.176231384277344,869200,0.0,0.0
2014-11-18 00:00:00-05:00,32.42147848752271,32.42939171466395,32.32654088791104,32.37400817871094,771200,0.0,0.0
2014-11-19 00:00:00-05:00,32.61927530603367,32.79333013177839,32.46895714980765,32.69047927856445,896900,0.0,0.0
2014-11-20 00:00:00-05:00,32.67465195120659,32.793326230644475,32.635094864064726,32.706298828125,1124800,0.0,0.0
2014-11-21 00:00:00-05:00,32.98320248827404,33.04649624409151,32.73003350102895,32.80915069580078,927500,0.0,0.0
2014-11-24 00:00:00-05:00,33.04650265625389,33.05441286825974,32.85662436997094,32.90409469604492,1118500,0.0,0.0
2014-11-25 00:00:00-05:00,32.840797434790474,32.86453410430917,32.59554165452763,32.69047927856445,957100,0.0,0.0
2014-11-26 00:00:00-05:00,32.935741580094245,32.96738544613059,32.8487141579651,32.90409469604492,716400,0.0,0.0
2014-11-28 00:00:00-05:00,33.3392219543457,33.5370104120891,33.315488305180445,33.3392219543457,470800,0.0,0.0
2014-12-01 00:00:00-05:00,33.48163379304975,33.48163379304975,33.2917585415424,33.323402404785156,778600,0.0,0.0
2014-12-02 00:00:00-05:00,33.59238585635515,33.60820929274205,33.33921691018855,33.43415451049805,788000,0.0,0.0
2014-12-03 00:00:00-05:00,33.291756052203255,33.291756052203255,33.10187779688105,33.21263885498047,1678900,0.0,0.0
2014-12-04 00:00:00-05:00,33.639859844333756,33.65568328245109,33.23636971737231,33.315486907958984,1250200,0.0,0.0
2014-12-05 00:00:00-05:00,33.63987390701013,33.63987390701013,33.44208537487908,33.56075668334961,1130000,0.0,0.0
2014-12-08 00:00:00-05:00,33.49744825604565,33.64776637470335,33.35504034657544,33.43415451049805,1181600,0.0,0.0
2014-12-09 00:00:00-05:00,33.252193515932554,33.29175362066082,32.9911143291971,33.08605194091797,1083000,0.0,0.0
2014-12-10 00:00:00-05:00,33.14935375578679,33.16517417991081,32.80915729487343,32.856624603271484,1001500,0.0,0.0
2014-12-11 00:00:00-05:00,32.88826494747303,33.03858309086333,32.73003357558133,32.79332733154297,1071300,0.0,0.0
2014-12-12 00:00:00-05:00,32.73003200168641,32.79332575460443,31.875587463378906,31.875587463378906,1489400,0.0,0.0
2014-12-15 00:00:00-05:00,31.970532758205348,32.0733836224091,31.25058274480504,31.35343360900879,1121600,0.0,0.0
2014-12-16 00:00:00-05:00,31.353434500521818,32.02591420694658,31.25849384562818,31.622426986694336,1541800,0.0,0.0
2014-12-17 00:00:00-05:00,31.582862388658754,32.073379981946715,31.52748185683796,31.828121185302734,1080400,0.0,0.0
2014-12-18 00:00:00-05:00,31.96260924303942,32.73002624511719,31.96260924303942,32.73002624511719,806200,0.0,0.0
2014-12-19 00:00:00-05:00,32.20787652929528,32.603453503670345,32.12084911205071,32.51642608642578,1111300,0.0,0.0
2014-12-22 00:00:00-05:00,32.745843318699826,32.84869412011418,32.627172102924305,32.785400390625,916800,0.0,0.0
2014-12-23 00:00:00-05:00,32.690471360166086,32.84078947998153,32.595533759125374,32.75376510620117,1004400,0.0,0.0
2014-12-24 00:00:00-05:00,32.777511361664686,32.92782953930845,32.76959813136008,32.824981689453125,375200,0.0,0.0
2014-12-26 00:00:00-05:00,32.88826230357732,33.030670225030406,32.85661542814061,32.86452865600586,335900,0.0,0.0
2014-12-29 00:00:00-05:00,32.60345201760159,32.809153724987894,32.58762857718629,32.65883255004883,1009200,0.0,0.0
2014-12-30 00:00:00-05:00,32.39775771874799,32.5243422412124,32.2395263111642,32.2474365234375,783300,0.0,0.0
2014-12-31 00:00:00-05:00,32.35818406747182,32.381917710163094,32.00216433704506,32.02589797973633,434300,0.0,0.0
2015-01-02 00:00:00-05:00,31.859758698987733,31.92304942331286,31.527472587742633,31.63032341003418,907700,0.0,0.0
2015-01-05 00:00:00-05:00,31.123991820763738,31.226842663799207,30.886646275153883,31.036964416503906,1347000,0.0,0.0
2015-01-06 00:00:00-05:00,31.060707290964103,31.27431925086131,30.760070918972406,30.878742218017578,1416000,0.0,0.0
2015-01-07 00:00:00-05:00,30.934108190574968,31.25057087499484,30.854994028475915,31.211013793945312,1067100,0.0,0.0
2015-01-08 00:00:00-05:00,31.535395669565794,31.907238976969126,31.527482440294875,31.788564682006836,1127900,0.0,0.0
2015-01-09 00:00:00-05:00,31.7331770197072,31.756910666162373,31.34551035887131,31.527475357055664,1042000,0.0,0.0
2015-01-12 00:00:00-05:00,31.994266432225352,32.1366743925924,31.733187183561085,32.01008987426758,1124700,0.0,0.0
2015-01-13 00:00:00-05:00,32.468946083081306,32.50850316144628,31.90722772346846,32.14457321166992,1112300,0.0,0.0
2015-01-14 00:00:00-05:00,32.310723522643826,32.476865107684304,32.168315587462715,32.381927490234375,1303300,0.0,0.0
2015-01-15 00:00:00-05:00,32.69840403628602,32.84872224551005,32.50061548930054,32.67466735839844,1153000,0.0,0.0
2015-01-16 00:00:00-05:00,33.022765164740505,33.1018793476572,32.69839218596187,33.05440902709961,1142600,0.0,0.0
2015-01-20 00:00:00-05:00,32.63508865045007,32.817053631066926,32.47685731399706,32.73002624511719,1847100,0.0,0.0
2015-01-21 00:00:00-05:00,32.81705200180233,33.268009326597166,32.698380768863025,33.23636245727539,2523700,0.0,0.0
2015-01-22 00:00:00-05:00,32.706290977187685,33.339213273565385,32.698380768863025,33.23636245727539,3358600,0.0,0.0
2015-01-23 00:00:00-05:00,33.75853105044936,33.948409289548465,33.6082129155879,33.6319465637207,1476400,0.0,0.0
2015-01-26 00:00:00-05:00,33.98006401069782,34.51804895800206,33.90886003184835,34.49431228637695,4242600,0.0,0.0
2015-01-27 00:00:00-05:00,34.50221366495017,34.85032020974564,34.50221366495017,34.739559173583984,1628200,0.0,0.0
2015-01-28 00:00:00-05:00,34.826598237386655,34.84242167900083,34.391464156042076,34.40728759765625,1282000,0.0,0.0
2015-01-29 00:00:00-05:00,35.25381500166714,35.35666282441135,35.03228988172913,35.34083938598633,1850100,0.0,0.0
2015-01-30 00:00:00-05:00,35.00064496632574,35.03228882420826,34.715829119297666,34.78703308105469,2073500,0.0,0.0
2015-02-02 00:00:00-05:00,34.462666553103865,34.763302875940816,34.3281688145608,34.71583557128906,998100,0.0,0.0
2015-02-03 00:00:00-05:00,34.5734176193415,34.771206046204995,34.50221366495017,34.739559173583984,1741200,0.0,0.0
2015-02-04 00:00:00-05:00,34.496467861528714,34.71964486608732,34.40082231129916,34.55226135253906,2164000,0.325,0.0
2015-02-05 00:00:00-05:00,34.44863994362624,34.69572448730469,34.41675708621076,34.69572448730469,1648800,0.0,0.0
2015-02-06 00:00:00-05:00,34.17764119948965,34.2573453012591,33.882729333806196,34.010257720947266,1021100,0.0,0.0
2015-02-09 00:00:00-05:00,33.61970064403442,34.16169700563844,33.61970064403442,34.0660514831543,954800,0.0,0.0
2015-02-10 00:00:00-05:00,34.09793927522796,34.32111626726516,33.93853104729474,34.225467681884766,781000,0.0,0.0
2015-02-11 00:00:00-05:00,34.23343991759166,34.33705769816189,34.066059453951546,34.225467681884766,617400,0.0,0.0
2015-02-12 00:00:00-05:00,34.121850828895056,34.464583970659014,34.11387859368183,34.432701110839844,1170300,0.0,0.0
2015-02-13 00:00:00-05:00,34.368937983710644,34.38487941482272,34.1138811669516,34.297203063964844,986600,0.0,0.0
2015-02-17 00:00:00-05:00,34.297200287563236,34.49646359955794,34.010260631808165,34.4167594909668,1143600,0.0,0.0
2015-02-18 00:00:00-05:00,33.99432499438666,34.38487941482272,33.96244213216251,34.297203063964844,1092500,0.0,0.0
2015-02-19 00:00:00-05:00,34.480525970458984,34.6718201088873,34.40082185308221,34.480525970458984,1309900,0.0,0.0
2015-02-20 00:00:00-05:00,34.12185137766497,34.6399341757328,34.05011646217657,34.544288635253906,1916700,0.0,0.0
2015-02-23 00:00:00-05:00,34.735573497898486,35.006568616934956,34.6478971756144,34.950775146484375,2700000,0.0,0.0
2015-02-24 00:00:00-05:00,35.12613324817639,35.27757225713862,34.90295933170223,35.18192672729492,1490800,0.0,0.0
2015-02-25 00:00:00-05:00,35.181925966881906,35.181925966881906,34.80731000902579,35.05439758300781,1406900,0.0,0.0
2015-02-26 00:00:00-05:00,34.84716916769041,35.205840698854836,34.84716916769041,35.11019515991211,1921200,0.0,0.0
2015-02-27 00:00:00-05:00,35.07830906264067,35.36524869350343,35.05439844024097,35.158016204833984,1732700,0.0,0.0
2015-03-02 00:00:00-05:00,35.28554506694234,35.34930774103897,35.094250963619224,35.22975158691406,1288000,0.0,0.0
2015-03-03 00:00:00-05:00,35.357282762740745,35.38119338734721,35.038460245575855,35.11019515991211,1500300,0.0,0.0
2015-03-04 00:00:00-05:00,34.94281732956949,35.03049368039699,34.74355400151321,34.847171783447266,1971400,0.0,0.0
2015-03-05 00:00:00-05:00,35.28554505764274,35.365249160371675,35.20583791439719,35.293514251708984,982200,0.0,0.0
2015-03-06 00:00:00-05:00,34.84716821622592,34.87107884017953,34.241406058255684,34.28923034667969,886700,0.0,0.0
2015-03-09 00:00:00-04:00,34.169665713936084,34.201548567817014,33.92258119764965,34.05807876586914,929000,0.0,0.0
2015-03-10 00:00:00-04:00,33.882731092721464,33.93055538057573,33.57985305786133,33.57985305786133,1148600,0.0,0.0
2015-03-11 00:00:00-04:00,33.6675331381506,33.69941295974429,33.46826981073392,33.54000473022461,1186100,0.0,0.0
2015-03-12 00:00:00-04:00,33.63565351304538,33.75520969669091,33.404507301273036,33.555946350097656,1105900,0.0,0.0
2015-03-13 00:00:00-04:00,33.245088846275934,33.547969919123375,33.22914741712431,33.5240592956543,1181100,0.0,0.0
2015-03-16 00:00:00-04:00,33.8827371216405,34.1537353866679,33.86679873003649,34.026206970214844,787200,0.0,0.0
2015-03-17 00:00:00-04:00,33.81896638672687,33.95446396674139,33.64361371563367,33.89070129394531,714500,0.0,0.0
2015-03-18 00:00:00-04:00,34.042152599587915,34.88703036308251,33.96244846967156,34.751529693603516,1515500,0.0,0.0
2015-03-19 00:00:00-04:00,34.12184715069295,34.19358205729492,33.85881814631357,33.8986701965332,1350300,0.0,0.0
2015-03-20 00:00:00-04:00,34.36096277206143,34.60007811584106,34.25734500823418,34.46458053588867,1416000,0.0,0.0
2015-03-23 00:00:00-04:00,34.45661601195282,34.67182078166661,34.39285332491757,34.50444030761719,805200,0.0,0.0
2015-03-24 00:00:00-04:00,34.60804221285781,34.67977710947863,34.31313343364606,34.32907485961914,955000,0.0,0.0
2015-03-25 00:00:00-04:00,34.520375187613176,34.54428581064855,34.050113677978516,34.050113677978516,851900,0.0,0.0
2015-03-26 00:00:00-04:00,33.81100837836512,33.866804921248495,33.53204086653749,33.771156311035156,917300,0.0,0.0
2015-03-27 00:00:00-04:00,33.579854344888766,33.922587486355226,33.56391291499302,33.88273239135742,633300,0.0,0.0
2015-03-30 00:00:00-04:00,33.90664053757226,34.22545996204334,33.89069911027125,34.12184524536133,763400,0.0,0.0
2015-03-31 00:00:00-04:00,33.14147194799442,33.524057101037734,33.133499713682134,33.245086669921875,1443000,0.0,0.0
2015-04-01 00:00:00-04:00,33.261036857024344,33.3805960790612,33.045832081668394,33.34074401855469,1589400,0.0,0.0
2015-04-02 00:00:00-04:00,33.61173095799896,33.89867058771805,33.58782033569455,33.866790771484375,1195700,0.0,0.0
2015-04-06 00:00:00-04:00,33.890702229944054,34.31313945049927,33.890702229944054,34.09793472290039,635600,0.0,0.0
2015-04-07 00:00:00-04:00,34.44067290345644,34.63196703628427,34.28126163285277,34.297203063964844,882100,0.0,0.0
2015-04-08 00:00:00-04:00,34.53632102359546,34.56820084487188,34.11388070612469,34.225467681884766,670600,0.0,0.0
2015-04-09 00:00:00-04:00,34.41676219183987,34.432703622912484,34.20952662841303,34.25735092163086,851200,0.0,0.0
2015-04-10 00:00:00-04:00,34.02620408327603,34.273291699416085,34.01026265250728,34.169673919677734,607800,0.0,0.0
2015-04-13 00:00:00-04:00,33.98635466272175,34.08200021423585,33.88273687494642,33.90665054321289,527500,0.0,0.0
2015-04-14 00:00:00-04:00,34.11388070612469,34.297202600661535,34.01026292555446,34.225467681884766,788300,0.0,0.0
2015-04-15 00:00:00-04:00,34.63196936977718,34.759497786749534,34.40879235968759,34.59211730957031,1107700,0.0,0.0
2015-04-16 00:00:00-04:00,35.978981028321215,35.99492245721281,35.62827871425605,35.915218353271484,2046900,0.0,0.0
2015-04-17 00:00:00-04:00,35.7717501737688,35.77971936832162,35.47683828652858,35.63624954223633,1993100,0.0,0.0
2015-04-20 00:00:00-04:00,35.779719381576484,35.81957143538898,35.524662588556325,35.572486877441406,1350900,0.0,0.0
2015-04-21 00:00:00-04:00,35.931159016538885,35.98695249621229,35.779716965553966,35.8514518737793,852500,0.0,0.0
2015-04-22 00:00:00-04:00,35.81854244616038,35.906845037493824,35.601800557133124,35.71418762207031,1262100,0.319,0.0
2015-04-23 00:00:00-04:00,35.609831324967374,36.115562421934435,35.58574991252331,36.027259826660156,934200,0.0,0.0
2015-04-24 00:00:00-04:00,36.051340492049256,36.26808238625811,35.94698260322993,36.09950637817383,686000,0.0,0.0
2015-04-27 00:00:00-04:00,36.36440728191144,36.37243645987391,36.115557885289846,36.18780517578125,785600,0.0,0.0
2015-04-28 00:00:00-04:00,35.842628508686175,36.027259815916175,35.70616002632993,35.946983337402344,764900,0.0,0.0
2015-04-29 00:00:00-04:00,35.6499678827995,35.73827047770145,35.19240267488444,35.304786682128906,1042800,0.0,0.0
2015-04-30 00:00:00-04:00,35.17633819580078,35.40110615160982,35.11212009224123,35.17633819580078,789500,0.0,0.0
2015-05-01 00:00:00-04:00,34.92749788758846,35.18437957763672,34.83919834734335,35.18437957763672,895800,0.0,0.0
2015-05-04 00:00:00-04:00,35.136213686583645,35.264653000490384,35.071992498512884,35.18437957763672,624400,0.0,0.0
2015-05-05 00:00:00-04:00,35.07199474099481,35.14424205107647,34.50204544048113,34.51810073852539,1269400,0.0,0.0
2015-05-06 00:00:00-04:00,34.84721824973057,34.85524436569056,34.47795567088607,34.598365783691406,929500,0.0,0.0
2015-05-07 00:00:00-04:00,34.50203863011587,34.75089110732832,34.42176521797476,34.718780517578125,884400,0.0,0.0
2015-05-08 00:00:00-04:00,35.45730976888718,35.93895948359401,35.433228354933995,35.81052017211914,1242200,0.0,0.0
2015-05-11 00:00:00-04:00,35.44927830879008,35.76234889193493,35.377031015584784,35.60179901123047,1033400,0.0,0.0
2015-05-12 00:00:00-04:00,35.39307789613885,35.56968302915412,35.304775329631205,35.481380462646484,899800,0.0,0.0
2015-05-13 00:00:00-04:00,35.64996717444623,35.78643565355616,35.40111469032487,35.56166458129883,1632700,0.0,0.0
2015-05-14 00:00:00-04:00,36.035282154171135,36.147666150071935,35.95500874630891,36.11555862426758,825200,0.0,0.0
2015-05-15 00:00:00-04:00,36.019227600113084,36.09950407185869,35.83459630844962,36.043312072753906,602700,0.0,0.0
2015-05-18 00:00:00-04:00,35.738270594439214,35.906846605856565,35.67404941167001,35.85065460205078,522700,0.0,0.0
2015-05-19 00:00:00-04:00,35.82657549172366,36.09148023208215,35.75432818758321,35.987125396728516,666800,0.0,0.0
2015-05-20 00:00:00-04:00,35.85064627905898,36.1235801179954,35.85064627905898,36.01119613647461,545600,0.0,0.0
2015-05-21 00:00:00-04:00,36.027256778404784,36.12358548226523,35.93895419060176,36.043312072753906,450400,0.0,0.0
2015-05-22 00:00:00-04:00,36.04330738154104,36.04330738154104,35.73023377583267,35.76234436035156,458200,0.0,0.0
2015-05-26 00:00:00-04:00,35.6419425225341,35.69010534824131,35.15226671294682,35.232540130615234,665800,0.0,0.0
2015-05-27 00:00:00-04:00,35.33689283730547,35.78643187208388,35.28070084073743,35.73826599121094,801400,0.0,0.0
2015-05-28 00:00:00-04:00,35.81853940446502,35.8265685823959,35.56166083089142,35.74629211425781,467000,0.0,0.0
2015-05-29 00:00:00-04:00,35.65798865045088,35.698128414646426,35.256615506368,35.44124984741211,618000,0.0,0.0
2015-06-01 00:00:00-04:00,35.36098249069256,35.40111920299376,34.92749864847593,35.1281852722168,770800,0.0,0.0
2015-06-02 00:00:00-04:00,34.99973068836651,35.14422523940912,34.791018038101384,35.0238151550293,1015800,0.0,0.0
2015-06-03 00:00:00-04:00,35.64194026247225,35.67404779016291,35.38506166754052,35.44927978515625,915500,0.0,0.0
2015-06-04 00:00:00-04:00,35.23253935910362,35.64996785875476,35.13621064756398,35.208457946777344,798800,0.0,0.0
2015-06-05 00:00:00-04:00,34.65456464559858,34.68667524026668,34.35754930050582,34.48598861694336,921700,0.0,0.0
2015-06-08 00:00:00-04:00,34.42979125603382,34.56625973104477,34.26924136988216,34.43782043457031,790900,0.0,0.0
2015-06-09 00:00:00-04:00,34.35754623997397,34.477959428135634,34.12474904271986,34.40571212768555,684100,0.0,0.0
2015-06-10 00:00:00-04:00,34.80708171146924,35.328864993916106,34.758915828776836,35.14423370361328,719800,0.0,0.0
2015-06-11 00:00:00-04:00,35.46534194477086,35.67405469521331,35.30479202630398,35.42520523071289,626100,0.0,0.0
2015-06-12 00:00:00-04:00,34.74286045234408,34.97565762478851,34.58231363488445,34.871299743652344,685300,0.0,0.0
2015-06-15 00:00:00-04:00,34.590337451342656,34.839189901436505,34.534145456520505,34.80707931518555,533200,0.0,0.0
2015-06-16 00:00:00-04:00,34.79102486196486,35.08804013637147,34.718777572273076,35.01579284667969,553200,0.0,0.0
2015-06-17 00:00:00-04:00,34.83117143502218,35.120160675682534,34.69470599484089,35.07199478149414,824000,0.0,0.0
2015-06-18 00:00:00-04:00,35.16833113555726,35.55364915238286,35.08002851586559,35.352962493896484,1213400,0.0,0.0
2015-06-19 00:00:00-04:00,35.34492643885243,35.47336575281552,35.264653015963546,35.28070831298828,608800,0.0,0.0
2015-06-22 00:00:00-04:00,35.97909089535742,36.22794336441737,35.8988174858461,36.043312072753906,1058200,0.0,0.0
2015-06-23 00:00:00-04:00,36.324284378278385,36.324284378278385,35.906855770440984,35.979103088378906,1024200,0.0,0.0
2015-06-24 00:00:00-04:00,36.043315111618945,36.15569911930377,35.85065462542029,35.946983337402344,1160500,0.0,0.0
2015-06-25 00:00:00-04:00,35.850649221971466,35.92289651062746,35.64193653376199,35.7302360534668,699100,0.0,0.0
2015-06-26 00:00:00-04:00,35.906845037493824,36.02725821880932,35.66602173709723,35.71418762207031,887900,0.0,0.0
2015-06-29 00:00:00-04:00,35.03184645433463,35.2164777274987,34.59836273704472,34.614418029785156,1008200,0.0,0.0
2015-06-30 00:00:00-04:00,34.863280448706355,34.863280448706355,34.28530199362004,34.48598861694336,1104800,0.0,0.0
2015-07-01 00:00:00-04:00,34.93551783491028,35.00776512127992,34.65455480470213,34.799049377441406,767400,0.0,0.0
2015-07-02 00:00:00-04:00,34.63851240497652,34.73484112673059,34.397686007239045,34.477962493896484,799500,0.0,0.0
2015-07-06 00:00:00-04:00,33.91603322076501,34.30135110053872,33.87589651579084,34.06855392456055,1138100,0.0,0.0
2015-07-07 00:00:00-04:00,33.81970608251601,34.38162916487895,33.59493501223017,34.28529739379883,1276700,0.0,0.0
2015-07-08 00:00:00-04:00,34.1729232807841,34.301362617165296,34.02040252577996,34.15686798095703,830500,0.0,0.0
2015-07-09 00:00:00-04:00,34.783008568083645,34.8311713999886,34.51810074366644,34.526126861572266,769000,0.0,0.0
2015-07-10 00:00:00-04:00,35.87472837191943,35.99514153284226,35.706152396414566,35.842620849609375,1262100,0.0,0.0
2015-07-13 00:00:00-04:00,35.87472606975385,35.96302864046616,35.69812399056292,35.8024787902832,738800,0.0,0.0
2015-07-14 00:00:00-04:00,36.372431900435785,36.388487192113956,36.13963476445291,36.26807403564453,802900,0.0,0.0
2015-07-15 00:00:00-04:00,36.19583739346993,36.276110813222274,36.067398084525365,36.15570068359375,887800,0.0,0.0
2015-07-16 00:00:00-04:00,36.55706861178654,36.63734201991185,36.35638202923906,36.48482131958008,990600,0.0,0.0
2015-07-17 00:00:00-04:00,36.14766920206392,36.26808238625811,36.027259080104216,36.09950637817383,979200,0.0,0.0
2015-07-20 00:00:00-04:00,36.19582748413086,36.26807476702269,36.027251511461195,36.19582748413086,969600,0.0,0.0
2015-07-21 00:00:00-04:00,36.05936116000511,36.099500923494325,35.754319780678394,35.794456481933594,808200,0.0,0.0
2015-07-22 00:00:00-04:00,35.80248569535365,35.98712004912558,35.78643346324975,35.95500946044922,688100,0.0,0.0
2015-07-23 00:00:00-04:00,36.42060309896753,36.42060309896753,35.9951484893545,36.09950637817383,863100,0.0,0.0
2015-07-24 00:00:00-04:00,36.284140718971855,36.300196015690695,35.874738308228196,35.89882278442383,641300,0.0,0.0
2015-07-27 00:00:00-04:00,35.955009361227134,35.96303547725694,35.55363619058312,35.60179901123047,757200,0.0,0.0
2015-07-28 00:00:00-04:00,35.70615244008348,35.93894958496094,35.57771316398452,35.93894958496094,755400,0.0,0.0
2015-07-29 00:00:00-04:00,36.003178416054695,36.18781280128772,35.9710708841416,36.10753631591797,1114600,0.0,0.0
2015-07-30 00:00:00-04:00,36.139646929020806,36.32427825211587,35.93093112918478,36.284141540527344,709400,0.0,0.0
2015-07-31 00:00:00-04:00,36.396522515678704,36.541017115107714,36.31624909921128,36.38849639892578,644900,0.0,0.0
2015-08-03 00:00:00-04:00,36.86211316236662,36.91027904869818,36.58918232652459,36.74972915649414,735500,0.0,0.0
2015-08-04 00:00:00-04:00,36.8139549188635,36.87014692879146,36.64537888907963,36.75776290893555,785900,0.0,0.0
2015-08-05 00:00:00-04:00,36.97443078221398,37.14422296876301,36.942088532111285,37.0552864074707,586000,0.328,0.0
2015-08-06 00:00:00-04:00,37.23317337493628,37.34636819868278,37.11997855118978,37.14423370361328,780800,0.0,0.0
2015-08-07 00:00:00-04:00,36.853163301734654,37.071465846230545,36.77230765161796,37.047210693359375,660600,0.0,0.0
2015-08-10 00:00:00-04:00,36.99062333412326,37.30595274446257,36.99062333412326,37.24935531616211,807000,0.0,0.0
2015-08-11 00:00:00-04:00,36.796560993051514,36.869329532410426,36.667195043560966,36.748050689697266,1169800,0.0,0.0
2015-08-12 00:00:00-04:00,35.07438327804924,35.53524974352589,35.0016147264304,35.49482345581055,1575900,0.0,0.0
2015-08-13 00:00:00-04:00,35.510988924970945,35.72929456397624,35.41396522463342,35.640357971191406,739200,0.0,0.0
2015-08-14 00:00:00-04:00,35.51098950168205,35.64844257335966,35.38971064537249,35.6161003112793,829500,0.0,0.0
2015-08-17 00:00:00-04:00,35.11481774069716,35.478660583496094,35.05822030785386,35.478660583496094,610800,0.0,0.0
2015-08-18 00:00:00-04:00,35.1552289159647,35.36545050552436,35.114802636227054,35.21182632446289,645500,0.0,0.0
2015-08-19 00:00:00-04:00,34.75096576231162,34.84798946677545,34.50031785109145,34.64585494995117,795900,0.0,0.0
2015-08-20 00:00:00-04:00,34.07987463687192,34.14455606676429,33.90199530709496,33.92625045776367,987100,0.0,0.0
2015-08-21 00:00:00-04:00,33.73219549363415,33.81304803388873,33.06919479370117,33.06919479370117,1356800,0.0,0.0
2015-08-24 00:00:00-04:00,31.872566205207786,32.794302108110024,31.32276320752121,32.13938522338867,2983900,0.0,0.0
2015-08-25 00:00:00-04:00,33.06920650546738,33.06920650546738,32.01002058078237,32.02619171142578,1895200,0.0,0.0
2015-08-26 00:00:00-04:00,32.45471698773419,32.46280409549623,31.775544899133603,32.4223747253418,1874800,0.0,0.0
2015-08-27 00:00:00-04:00,32.44663791541555,32.85899102869282,32.43046678175176,32.83473587036133,1703200,0.0,0.0
2015-08-28 00:00:00-04:00,32.34960107106665,32.63259119584105,32.260664490017184,32.62450408935547,1247800,0.0,0.0
2015-08-31 00:00:00-04:00,32.56790866402858,32.64876431216986,32.39811642942329,32.592166900634766,701900,0.0,0.0
2015-09-01 00:00:00-04:00,31.8402316445006,31.969597618764407,31.492560010355113,31.605754852294922,1297400,0.0,0.0
2015-09-02 00:00:00-04:00,32.13129102751275,32.20405954722042,31.896814343529538,32.19597244262695,968300,0.0,0.0
2015-09-03 00:00:00-04:00,32.40620742318219,32.592170809720066,32.244499191832034,32.333438873291016,796400,0.0,0.0
2015-09-04 00:00:00-04:00,31.735118897883375,31.856400840778434,31.573410668799276,31.694692611694336,953700,0.0,0.0
2015-09-08 00:00:00-04:00,32.46280534118317,32.55174193968312,32.252583711893784,32.478973388671875,713400,0.0,0.0
2015-09-09 00:00:00-04:00,33.10963985469187,33.10963985469187,32.3496119739193,32.39004135131836,1361800,0.0,0.0
2015-09-10 00:00:00-04:00,32.13938203535849,32.228321699263184,32.00193207065296,32.12321090698242,2887500,0.0,0.0
2015-09-11 00:00:00-04:00,31.91299302852413,32.058530102416945,31.840224491577725,32.01810073852539,1744100,0.0,0.0
2015-09-14 00:00:00-04:00,31.80788925789341,31.953426363923178,31.71894957261654,31.81597328186035,1395600,0.0,0.0
2015-09-15 00:00:00-04:00,31.864486639080774,32.179816006977696,31.783634062199344,32.13130569458008,1550600,0.0,0.0
2015-09-16 00:00:00-04:00,33.08537416512077,33.26325351579166,32.94792418274981,33.23091125488281,1002300,0.0,0.0
2015-09-17 00:00:00-04:00,33.18239969863938,33.48964191272348,33.004520354665054,33.174312591552734,1336900,0.0,0.0
2015-09-18 00:00:00-04:00,32.89940836921684,33.09345883605548,32.73770324523343,32.770042419433594,897200,0.0,0.0
2015-09-21 00:00:00-04:00,33.0692100409081,33.08537808895225,32.75387758614096,32.883243560791016,586600,0.0,0.0
2015-09-22 00:00:00-04:00,32.06662180057502,32.082792933137135,31.678523872068705,31.97768211364746,1352300,0.0,0.0
2015-09-23 00:00:00-04:00,31.993839924307,32.0180950708865,31.727024058951834,31.89681625366211,637700,0.0,0.0
2015-09-24 00:00:00-04:00,31.492558787579735,31.71894846266923,31.20956860938987,31.59766960144043,1241700,0.0,0.0
2015-09-25 00:00:00-04:00,32.3981151841616,32.67301820862051,32.23640697842209,32.357688903808594,1052400,0.0,0.0
2015-09-28 00:00:00-04:00,32.228329443720725,32.228329443720725,31.751291837140514,31.81597328186035,905000,0.0,0.0
2015-09-29 00:00:00-04:00,31.767457866140038,32.195982007094315,31.638091913154163,32.155555725097656,1002400,0.0,0.0
2015-09-30 00:00:00-04:00,32.9640915759977,32.99643383323984,32.70535968671542,32.97217559814453,1957500,0.0,0.0
2015-10-01 00:00:00-04:00,33.206658117692044,33.23900038056473,32.77004682189462,33.020694732666016,1257000,0.0,0.0
2015-10-02 00:00:00-04:00,32.93983694933035,33.65134811401367,32.85089728266307,33.65134811401367,1145000,0.0,0.0
2015-10-05 00:00:00-04:00,34.112209347057856,34.298172674620666,34.07987017850601,34.29008865356445,875400,0.0,0.0
2015-10-06 00:00:00-04:00,34.27392646090752,34.45988983694322,34.23350017643503,34.26584243774414,768200,0.0,0.0
2015-10-07 00:00:00-04:00,34.0960445584697,34.33860841582229,33.99093684356632,34.32243728637695,1068100,0.0,0.0
2015-10-08 00:00:00-04:00,34.06371219756613,34.694370950445446,33.95051735313427,34.68628692626953,798200,0.0,0.0
2015-10-09 00:00:00-04:00,34.38711418362088,34.67010428509213,34.3386038860117,34.500308990478516,877100,0.0,0.0
2015-10-12 00:00:00-04:00,34.81564961815358,35.13097896483855,34.7913913792585,34.9288444519043,821600,0.0,0.0
2015-10-13 00:00:00-04:00,34.64585180244805,35.02586564653919,34.64585180244805,34.81564712524414,913700,0.0,0.0
2015-10-14 00:00:00-04:00,34.82372921397189,34.99352144301007,34.81564519158662,34.85607147216797,760000,0.0,0.0
2015-10-15 00:00:00-04:00,36.17399141343715,36.38420993596297,36.03653834982867,36.35186767578125,1329300,0.0,0.0
2015-10-16 00:00:00-04:00,36.311443869934074,36.578262908144524,36.27101758411283,36.55400466918945,819400,0.0,0.0
2015-10-19 00:00:00-04:00,36.63484254058005,36.70761105346359,36.44887924861687,36.61867141723633,690100,0.0,0.0
2015-10-20 00:00:00-04:00,36.691452653931314,36.69953667624333,36.49740219084052,36.586341857910156,652600,0.0,0.0
2015-10-21 00:00:00-04:00,36.73996805142951,36.796565468444825,36.54592064575636,36.55400466918945,983400,0.0,0.0
2015-10-22 00:00:00-04:00,36.82889752054112,37.11997163268254,36.796555267119395,36.96635055541992,1320300,0.0,0.0
2015-10-23 00:00:00-04:00,37.022953666083794,37.087635098574765,36.62676871138929,36.73996353149414,866800,0.0,0.0
2015-10-26 00:00:00-04:00,36.723801363501394,36.82891218681647,36.5863513582133,36.62677764892578,633700,0.0,0.0
2015-10-27 00:00:00-04:00,36.44889770011173,36.54592140496388,36.31952864787158,36.376129150390625,916800,0.0,0.0
2015-10-28 00:00:00-04:00,36.76232324437206,36.85194820205274,36.25716806519039,36.52604293823242,1382800,0.344,0.0
2015-10-29 00:00:00-04:00,36.57492394770665,36.70528666390869,36.51789045362403,36.656402587890625,735300,0.0,0.0
2015-10-30 00:00:00-04:00,36.28976753792622,36.52605100433729,36.21643829345703,36.21643829345703,799300,0.0,0.0
2015-11-02 00:00:00-05:00,36.34679153877732,36.452712221538,36.15124590199548,36.33864212036133,1072100,0.0,0.0
2015-11-03 00:00:00-05:00,36.01274191598637,36.33864721216563,35.939412680429776,36.314205169677734,944200,0.0,0.0
2015-11-04 00:00:00-05:00,36.22458132922898,36.26531910400622,36.03718507877933,36.13495635986328,736400,0.0,0.0
2015-11-05 00:00:00-05:00,36.00458083607471,36.08605946480173,35.82533406905903,35.97199249267578,1071500,0.0,0.0
2015-11-06 00:00:00-05:00,35.40981100868917,35.540173744023555,35.0431648442822,35.34463119506836,1017800,0.0,0.0
2015-11-09 00:00:00-05:00,34.81502419971035,35.002420401785315,34.709103526157655,34.93724060058594,1066700,0.0,0.0
2015-11-10 00:00:00-05:00,34.50541406411731,34.945389409019846,34.48912144372157,34.9046516418457,1269000,0.0,0.0
2015-11-11 00:00:00-05:00,35.19796635091215,35.474987501808975,35.15722858626983,35.33647537231445,1639600,0.0,0.0
2015-11-12 00:00:00-05:00,34.94539753056027,35.051318236303636,34.70911407470703,34.70911407470703,1369700,0.0,0.0
2015-11-13 00:00:00-05:00,34.244683581717595,34.34245793824846,34.10617457210346,34.22024154663086,1193400,0.0,0.0
2015-11-16 00:00:00-05:00,34.24468650092261,34.627628326416016,34.228390773445,34.627628326416016,1238100,0.0,0.0
2015-11-17 00:00:00-05:00,34.961682590179514,35.100194718190416,34.80687784295996,34.88020706176758,2441100,0.0,0.0
2015-11-18 00:00:00-05:00,34.69280983959736,35.2142606655186,34.676514112775806,35.189815521240234,2572400,0.0,0.0
2015-11-19 00:00:00-05:00,35.263150654639375,35.483138341503555,35.24685492508359,35.40980911254883,1699400,0.0,0.0
2015-11-20 00:00:00-05:00,35.377217692757064,35.63794625784679,35.377217692757064,35.46684265136719,2667300,0.0,0.0
2015-11-23 00:00:00-05:00,35.450542925793414,35.556463602038015,35.173521770448346,35.238704681396484,1230200,0.0,0.0
2015-11-24 00:00:00-05:00,34.69281672594999,35.16538046520815,34.68466730687555,35.10020065307617,1684200,0.0,0.0
2015-11-25 00:00:00-05:00,35.613509478520534,35.66239667873059,35.52388449884878,35.59721374511719,1802100,0.0,0.0
2015-11-27 00:00:00-05:00,35.63795140684611,35.727573270312256,35.442405731799376,35.49943923950195,824500,0.0,0.0
2015-11-30 00:00:00-05:00,35.4098125715803,35.450550345402945,34.88021529569997,34.912803649902344,1244900,0.0,0.0
2015-12-01 00:00:00-05:00,34.904655530148304,35.01872253417969,34.76614337661537,35.01872253417969,1181200,0.0,0.0
2015-12-02 00:00:00-05:00,35.189826904251845,35.3853725812724,35.051317843602654,35.07575988769531,1389500,0.0,0.0
2015-12-03 00:00:00-05:00,34.89650934901936,34.90465566015505,34.195808483825004,34.30987548828125,1842300,0.0,0.0
2015-12-04 00:00:00-05:00,34.21209842937987,34.9290917956116,34.187653283920625,34.89650344848633,1471000,0.0,0.0
2015-12-07 00:00:00-05:00,35.18167696262097,35.34463115864422,35.06760995783253,35.28759765625,1079900,0.0,0.0
2015-12-08 00:00:00-05:00,34.798733453701736,34.9861296826018,34.6846664542054,34.87206268310547,1454800,0.0,0.0
2015-12-09 00:00:00-05:00,35.06760647962969,35.336478234520975,34.692814041615186,34.92094802856445,1841900,0.0,0.0
2015-12-10 00:00:00-05:00,34.88021899574822,34.93725250676856,34.61949348591432,34.68467330932617,1624300,0.0,0.0
2015-12-11 00:00:00-05:00,34.33431349067648,34.45652989998358,34.04914601308311,34.09803009033203,1698900,0.0,0.0
2015-12-14 00:00:00-05:00,34.13878244740777,34.2772915236544,33.78843193819244,34.15507507324219,2433800,0.0,0.0
2015-12-15 00:00:00-05:00,34.53801160962844,34.78244136385503,34.529865297994505,34.58689880371094,1535000,0.0,0.0
2015-12-16 00:00:00-05:00,34.99427815714783,35.36092429427247,34.82317766252052,35.27944564819336,1257700,0.0,0.0
2015-12-17 00:00:00-05:00,35.00242607146881,35.14908453303834,34.88021275888933,34.88835906982422,1257300,0.0,0.0
2015-12-18 00:00:00-05:00,34.627631937386475,34.67651912491728,34.342464447021484,34.342464447021484,1676400,0.0,0.0
2015-12-21 00:00:00-05:00,34.84762738919495,34.855773701553545,34.13878010645393,34.399505615234375,1124600,0.0,0.0
2015-12-22 00:00:00-05:00,34.456527850039386,34.668366091063945,34.20394873627468,34.627628326416016,1434600,0.0,0.0
2015-12-23 00:00:00-05:00,34.96983561140081,35.34463119506836,34.95354298906519,35.34463119506836,1260100,0.0,0.0
2015-12-24 00:00:00-05:00,35.32018604537938,35.474993930402746,35.27130196218697,35.34463119506836,465200,0.0,0.0
2015-12-28 00:00:00-05:00,35.30389280454616,35.43425553759669,35.230563572949436,35.38536834716797,648700,0.0,0.0
2015-12-29 00:00:00-05:00,35.68682555192599,35.882371172492284,35.59720060533695,35.81718826293945,1278700,0.0,0.0
2015-12-30 00:00:00-05:00,35.857933560243275,35.89052502186636,35.646095275878906,35.646095275878906,866800,0.0,0.0
2015-12-31 00:00:00-05:00,35.51573150451784,35.523877815640255,35.132789611816406,35.132789611816406,701300,0.0,0.0
2016-01-04 00:00:00-05:00,34.40765127321981,34.440242738220846,33.8454624883713,34.383209228515625,1551800,0.0,0.0
2016-01-05 00:00:00-05:00,34.179513974962305,34.432090034401135,34.04100181596334,34.301727294921875,1277500,0.0,0.0
2016-01-06 00:00:00-05:00,33.68251107756051,33.935090290221204,33.601035516363346,33.81287384033203,1457700,0.0,0.0
2016-01-07 00:00:00-05:00,33.324008856943635,33.601030071454645,33.169200964424206,33.283267974853516,1311100,0.0,0.0
2016-01-08 00:00:00-05:00,33.45436431486558,33.45436431486558,32.90846831625897,32.95735549926758,1557500,0.0,0.0
2016-01-11 00:00:00-05:00,33.25066552701882,33.29954959185847,32.78624826249241,33.144744873046875,1361800,0.0,0.0
2016-01-12 00:00:00-05:00,33.51139723177725,33.861747600420976,33.177342590523025,33.763973236083984,2066000,0.0,0.0
2016-01-13 00:00:00-05:00,34.01656754799422,34.06545475200682,33.27512871498443,33.30772018432617,1557900,0.0,0.0
2016-01-14 00:00:00-05:00,33.34029594504164,33.67435371740125,33.152899729291,33.50325012207031,1842000,0.0,0.0
2016-01-15 00:00:00-05:00,32.67218592185305,32.88402727991403,32.476643400050065,32.664039611816406,1700700,0.0,0.0
2016-01-19 00:00:00-05:00,33.943227743199095,34.16321543072208,33.76397782564126,33.95137405395508,1929000,0.0,0.0
2016-01-20 00:00:00-05:00,33.36474210614413,33.47066279064662,32.566270033331705,33.20993423461914,1821800,0.0,0.0
2016-01-21 00:00:00-05:00,33.42177720892609,33.76397821024251,33.00624386950739,33.56843566894531,1752400,0.0,0.0
2016-01-22 00:00:00-05:00,34.21210615710035,34.51356941572524,34.09803603807329,34.432090759277344,1439800,0.0,0.0
2016-01-25 00:00:00-05:00,34.562451538693566,34.6031924186503,34.27728402755296,34.30987548828125,1381100,0.0,0.0
2016-01-26 00:00:00-05:00,34.25284167700755,34.83947242436003,34.22839652763551,34.73355484008789,1269400,0.0,0.0
2016-01-27 00:00:00-05:00,34.97798782317458,35.26315535820628,34.64393309295471,34.831329345703125,1512600,0.0,0.0
2016-01-28 00:00:00-05:00,34.94539841389367,35.19797760840686,34.65208144170885,35.05131912231445,1240100,0.0,0.0
2016-01-29 00:00:00-05:00,35.434241682283556,36.07790567673625,35.336467339657325,36.069759368896484,1258300,0.0,0.0
2016-02-01 00:00:00-05:00,35.849796417791296,36.314213986374284,35.81720494783265,36.19199752807617,1621500,0.0,0.0
2016-02-02 00:00:00-05:00,36.21643363338998,36.2571714066103,35.890525231441735,35.98829650878906,1445800,0.0,0.0
2016-02-03 00:00:00-05:00,36.31665961684246,36.40695609141662,35.81590953339509,36.324867248535156,2004300,0.33,0.0
2016-02-04 00:00:00-05:00,35.54500377815179,35.725602955031164,35.33977857951178,35.60246658325195,1795800,0.0,0.0
2016-02-05 00:00:00-05:00,35.75023274342562,35.76665113682522,35.290530254190216,35.58605194091797,2290800,0.0,0.0
2016-02-08 00:00:00-05:00,34.97858361002265,35.44649681578432,34.78977680168794,35.323360443115234,2651200,0.0,0.0
2016-02-09 00:00:00-05:00,34.61738563634751,35.265898027462974,34.60097037586566,35.077091217041016,1513200,0.0,0.0
2016-02-10 00:00:00-05:00,35.42187746513539,35.430085096831384,34.89649822342131,34.93754577636719,1577600,0.0,0.0
2016-02-11 00:00:00-05:00,34.75694816016345,34.871873798116425,34.47784169735389,34.76515579223633,2048400,0.0,0.0
2016-02-12 00:00:00-05:00,34.78978268145604,35.306948018500236,34.765153523866864,35.29874038696289,1724500,0.0,0.0
2016-02-16 00:00:00-05:00,35.75023509701346,35.75023509701346,35.28232181452939,35.61068344116211,1720500,0.0,0.0
2016-02-17 00:00:00-05:00,35.758445127970944,36.062177590920804,35.635308737632315,35.95545959472656,1236300,0.0,0.0
2016-02-18 00:00:00-05:00,35.86516641746272,35.93084000580483,35.594270694274115,35.6845703125,1404600,0.0,0.0
2016-02-19 00:00:00-05:00,35.51217100520608,35.86515863724887,35.46291895612277,35.83232498168945,1591900,0.0,0.0
2016-02-22 00:00:00-05:00,35.70918859600443,35.98829502293389,35.70918859600443,35.83232498168945,985500,0.0,0.0
2016-02-23 00:00:00-05:00,35.63531522969913,35.79949606956505,35.33979034423828,35.33979034423828,1029400,0.0,0.0
2016-02-24 00:00:00-05:00,34.92932885296291,35.29052721365757,34.75694043435213,35.2576904296875,1298500,0.0,0.0
2016-02-25 00:00:00-05:00,35.64351502190886,35.83232498168945,35.586052210319416,35.83232498168945,840200,0.0,0.0
2016-02-26 00:00:00-05:00,35.7830721296648,35.84874257654544,35.28232205480953,35.31515884399414,909600,0.0,0.0
2016-02-29 00:00:00-05:00,35.20843708287052,35.54500630732893,35.15097427368164,35.15097427368164,1100700,0.0,0.0
2016-03-01 00:00:00-05:00,35.80768557580539,36.308435474736534,35.799477947137035,36.234554290771484,1338900,0.0,0.0
2016-03-02 00:00:00-05:00,35.63530336659148,35.668140149931,35.25768975265098,35.60246658325195,1486400,0.0,0.0
2016-03-03 00:00:00-05:00,35.42188170216312,35.93904711106526,35.42188170216312,35.91442108154297,1103100,0.0,0.0
2016-03-04 00:00:00-05:00,36.448001672435765,36.49725372290456,36.308446889301116,36.398746490478516,1336500,0.0,0.0
2016-03-07 00:00:00-05:00,35.922630281027224,36.20173677657975,35.82412302715255,36.10322952270508,920100,0.0,0.0
2016-03-08 00:00:00-05:00,36.11143468743113,36.423374798243245,36.029342712357945,36.22636032104492,1060100,0.0,0.0
2016-03-09 00:00:00-05:00,36.480835392078,36.661434594745465,36.33307297743889,36.415164947509766,1097700,0.0,0.0
2016-03-10 00:00:00-05:00,36.8994849464569,37.06366570321117,35.92261116608713,36.234554290771484,1643400,0.0,0.0
2016-03-11 00:00:00-05:00,36.571132915711495,36.66143251191507,36.44799966483339,36.63680648803711,1199100,0.0,0.0
2016-03-14 00:00:00-04:00,36.6203882030036,36.71068779947361,36.43158137924281,36.489044189453125,1208500,0.0,0.0
2016-03-15 00:00:00-04:00,36.415164957439536,36.75173420610075,36.374120538137134,36.59576416015625,909500,0.0,0.0
2016-03-16 00:00:00-04:00,36.185309611533,36.562923236787846,36.029336451740875,36.513668060302734,1168000,0.0,0.0
2016-03-17 00:00:00-04:00,36.53008628614682,37.08008832936328,36.406949911238726,36.98979187011719,1396900,0.0,0.0
2016-03-18 00:00:00-04:00,36.800984734566796,37.1539692011223,36.73531116679679,36.90769958496094,1375300,0.0,0.0
2016-03-21 00:00:00-04:00,36.538298215346735,36.75173420610075,36.538298215346735,36.59576416015625,1015600,0.0,0.0
2016-03-22 00:00:00-04:00,36.09501629241649,36.308449164629444,36.078597897401856,36.22636032104492,1069600,0.0,0.0
2016-03-23 00:00:00-04:00,36.66143398371183,36.73531518980001,36.53008996527599,36.612178802490234,1046800,0.0,0.0
2016-03-24 00:00:00-04:00,36.61217733267086,36.63680648803711,36.37411846171121,36.63680648803711,1209300,0.0,0.0
2016-03-28 00:00:00-04:00,36.759937351393155,36.91591050979205,36.669637761054446,36.7763557434082,604700,0.0,0.0
2016-03-29 00:00:00-04:00,37.129346554078126,37.33457177478262,36.97337651367852,37.318153381347656,1549600,0.0,0.0
2016-03-30 00:00:00-04:00,37.77785704601047,37.933827078330175,37.48233224246729,37.5726318359375,1410400,0.0,0.0
2016-03-31 00:00:00-04:00,37.424875702635674,37.424875702635674,37.05546963633312,37.08830642700195,1166900,0.0,0.0
2016-04-01 00:00:00-04:00,36.51367111060174,37.03904717771296,36.50546347957929,37.02262878417969,949700,0.0,0.0
2016-04-04 00:00:00-04:00,37.5315935153418,37.5315935153418,37.1457690556706,37.21965026855469,1615100,0.0,0.0
2016-04-05 00:00:00-04:00,37.05547326754879,37.15398051771969,36.89950319382078,37.03905487060547,1199600,0.0,0.0
2016-04-06 00:00:00-04:00,37.178599999438404,37.62188720703125,37.16218160676961,37.62188720703125,1044400,0.0,0.0
2016-04-07 00:00:00-04:00,37.40845852623124,37.6218945410446,37.21965167096639,37.35920333862305,935000,0.0,0.0
2016-04-08 00:00:00-04:00,37.44949556055395,37.55621354690283,37.32636231306358,37.424869537353516,700100,0.0,0.0
2016-04-11 00:00:00-04:00,37.65473430238827,37.85995958677461,37.54801940917969,37.54801940917969,1149700,0.0,0.0
2016-04-12 00:00:00-04:00,37.85173602147549,37.958454001255845,37.61367404023008,37.92561721801758,900900,0.0,0.0
2016-04-13 00:00:00-04:00,38.10621339418551,38.17188696088838,37.80248097690476,37.95845413208008,1603600,0.0,0.0
2016-04-14 00:00:00-04:00,38.18831823054555,38.21294426061958,37.892793343700845,37.9010009765625,1360700,0.0,0.0
2016-04-15 00:00:00-04:00,38.08980486116818,38.27861170155274,38.05696807201733,38.25398254394531,1138500,0.0,0.0
2016-04-18 00:00:00-04:00,38.16368436322048,38.45920605788811,38.14726596937977,38.39353561401367,1262000,0.0,0.0
2016-04-19 00:00:00-04:00,39.15697436093272,39.32115517060415,39.11592994138699,39.2226448059082,1516200,0.0,0.0
2016-04-20 00:00:00-04:00,39.033831017224905,39.312937404499095,38.91890541037458,39.04204177856445,1169700,0.0,0.0
2016-04-21 00:00:00-04:00,38.37711337714786,38.46741296848513,38.17188817192247,38.21293258666992,1268800,0.0,0.0
2016-04-22 00:00:00-04:00,37.84352368680641,37.89277885961632,37.433073307854116,37.75322723388672,1522500,0.0,0.0
2016-04-25 00:00:00-04:00,37.57264632365548,37.966678503152714,37.54802029102734,37.933841705322266,1239400,0.0,0.0
2016-04-26 00:00:00-04:00,37.7778645324952,37.950252991561754,37.47413203821287,37.52338409423828,1173100,0.0,0.0
2016-04-27 00:00:00-04:00,37.35375152879377,37.560628755388066,37.10549948821982,37.39512634277344,2254500,0.365,0.0
2016-04-28 00:00:00-04:00,37.01446566882795,37.560621312545315,36.997915115176475,37.3454704284668,1124500,0.0,0.0
2016-04-29 00:00:00-04:00,36.948263730173174,37.270991609476496,36.832409863645616,37.122039794921875,1611700,0.0,0.0
2016-05-02 00:00:00-04:00,37.163414743274096,37.56061853141301,37.03928717842658,37.50269317626953,925100,0.0,0.0
2016-05-03 00:00:00-04:00,37.246159782056814,37.40338843247897,37.088934288329376,37.16341018676758,1075800,0.0,0.0
2016-05-04 00:00:00-04:00,36.84896241760836,37.17169031444197,36.82413816606586,37.09721755981445,1039700,0.0,0.0
2016-05-05 00:00:00-04:00,37.06410966049813,37.2958110502846,37.014458009817595,37.15513610839844,803100,0.0,0.0
2016-05-06 00:00:00-04:00,37.04756196118247,37.38684037520449,37.00618716077879,37.337188720703125,809800,0.0,0.0
2016-05-09 00:00:00-04:00,37.58544306974871,37.80887079416948,37.55234512133815,37.64337158203125,763500,0.0,0.0
2016-05-10 00:00:00-04:00,37.709559173670094,37.932986830179686,37.67645807862553,37.924713134765625,803500,0.0,0.0
2016-05-11 00:00:00-04:00,37.79231964342231,37.891622957167584,37.65164468399246,37.68474578857422,880400,0.0,0.0
2016-05-12 00:00:00-04:00,37.982649645086816,38.02402444771557,37.568895305409164,37.7840461730957,913300,0.0,0.0
2016-05-13 00:00:00-04:00,37.60198679641075,37.792313381175816,37.320633767476615,37.37855911254883,682000,0.0,0.0
2016-05-16 00:00:00-04:00,37.46132623297998,37.82542899265604,37.403400865683686,37.792327880859375,1015000,0.0,0.0
2016-05-17 00:00:00-04:00,37.436493145060695,37.552343852320526,36.94826290968352,37.06411361694336,991800,0.0,0.0
2016-05-18 00:00:00-04:00,37.163416837618506,37.461320484684826,36.90688799560133,37.19651794433594,1099800,0.0,0.0
2016-05-19 00:00:00-04:00,36.96480761575675,37.00618557107785,36.70000511651462,36.93998336791992,920400,0.0,0.0
2016-05-20 00:00:00-04:00,37.171688221267964,37.188238773596076,36.89861199959182,36.93171310424805,1124000,0.0,0.0
2016-05-23 00:00:00-04:00,36.78276481457428,36.92343978780031,36.700012045004215,36.791038513183594,717600,0.0,0.0
2016-05-24 00:00:00-04:00,37.28753610210199,37.825414761296514,37.26270869924762,37.80059051513672,1338300,0.0,0.0
2016-05-25 00:00:00-04:00,37.999196812015676,38.05712532338129,37.676468934081235,37.68474578857422,1005600,0.0,0.0
2016-05-26 00:00:00-04:00,37.932993421491894,38.12332001602844,37.87506807344575,37.91644287109375,1038300,0.0,0.0
2016-05-27 00:00:00-04:00,38.090212351745464,38.189515637022936,37.98263852773613,38.07366180419922,930600,0.0,0.0
2016-05-31 00:00:00-04:00,38.503975161899476,38.503975161899476,37.626818043083304,37.7012939453125,2035900,0.0,0.0
2016-06-01 00:00:00-04:00,37.833690302089856,38.09021592136147,37.833690302089856,37.974365234375,1486900,0.0,0.0
2016-06-02 00:00:00-04:00,37.808862900096706,38.02401688166683,37.75093755660347,37.974365234375,928900,0.0,0.0
2016-06-03 00:00:00-04:00,38.14815729526278,38.561911726476886,38.081958227750334,38.50398635864258,1028900,0.0,0.0
2016-06-06 00:00:00-04:00,38.768775250981314,38.91772704615207,38.48742221084705,38.61982345581055,892200,0.0,0.0
2016-06-07 00:00:00-04:00,39.07495397753648,39.14942987184885,38.75222615441439,38.78532409667969,1193200,0.0,0.0
2016-06-08 00:00:00-04:00,38.84324607726789,38.95082306122278,38.73567225000728,38.8349723815918,868400,0.0,0.0
2016-06-09 00:00:00-04:00,38.52881076909433,38.677762605261485,38.43778429624823,38.56190872192383,788900,0.0,0.0
2016-06-10 00:00:00-04:00,37.626823365751704,37.79232258816588,37.23789324834867,37.43649673461914,1460300,0.0,0.0
2016-06-13 00:00:00-04:00,36.8572409496683,37.1220435004883,36.67518801221878,36.741390228271484,1437900,0.0,0.0
2016-06-14 00:00:00-04:00,36.112474928304074,36.27797728023596,35.88904722670026,36.095924377441406,2374600,0.0,0.0
2016-06-15 00:00:00-04:00,36.44348272762877,36.6089850936182,36.19523075699215,36.228328704833984,1523600,0.0,0.0
2016-06-16 00:00:00-04:00,35.98007951070354,36.774487140721476,35.86422879257951,36.73311233520508,1657100,0.0,0.0
2016-06-17 00:00:00-04:00,36.56760734560212,36.691734909984206,36.22832891387886,36.650360107421875,1615700,0.0,0.0
2016-06-20 00:00:00-04:00,37.89989696440845,37.89989696440845,37.48614262384352,37.50269317626953,1991300,0.0,0.0
2016-06-21 00:00:00-04:00,37.949541208921055,38.561895745595365,37.891615865092255,38.355018615722656,1485200,0.0,0.0
2016-06-22 00:00:00-04:00,38.44605756908059,38.81016345642862,38.321933144781,38.36330795288086,2179000,0.0,0.0
2016-06-23 00:00:00-04:00,39.02531058280063,39.240461458154094,38.578455122418184,39.21563720703125,1449500,0.0,0.0
2016-06-24 00:00:00-04:00,37.171696653602055,37.999205517556106,36.58416611780167,36.60899353027344,3888200,0.0,0.0
2016-06-27 00:00:00-04:00,36.5510629895325,36.6917411301269,36.15385913554724,36.63381576538086,2306200,0.0,0.0
2016-06-28 00:00:00-04:00,37.601981733643036,37.601981733643036,37.08065369818522,37.59370803833008,1760400,0.0,0.0
2016-06-29 00:00:00-04:00,38.13987047414193,38.65292490846402,38.032293475161666,38.479148864746094,1788600,0.0,0.0
2016-06-30 00:00:00-04:00,38.876359325094526,39.66249324120802,38.81016026891085,39.64594268798828,2385900,0.0,0.0
2016-07-01 00:00:00-04:00,39.935573533521,39.96040094421974,39.60457190559498,39.74524688720703,1566100,0.0,0.0
2016-07-05 00:00:00-04:00,39.56319046020508,39.803165574271006,39.4721640018685,39.56319046020508,1432500,0.0,0.0
2016-07-06 00:00:00-04:00,38.801880632669935,39.20736126575081,38.570179217592305,39.14115905761719,1707700,0.0,0.0
2016-07-07 00:00:00-04:00,39.45560795448055,39.51353330050068,38.96737778324322,39.124603271484375,1431600,0.0,0.0
2016-07-08 00:00:00-04:00,39.29838458075307,39.41423527902688,39.05012947680087,39.29010772705078,1070800,0.0,0.0
2016-07-11 00:00:00-04:00,39.066680027510664,39.41423527902688,38.98393043065645,39.29010772705078,911700,0.0,0.0
2016-07-12 00:00:00-04:00,39.13288116455078,39.348032004528896,38.9094534710958,39.13288116455078,1424000,0.0,0.0
2016-07-13 00:00:00-04:00,39.2073659601919,39.579745533792334,39.16599115350195,39.3894157409668,1002900,0.0,0.0
2016-07-14 00:00:00-04:00,39.629390574183276,39.63766742881483,39.182535124933146,39.24873733520508,2095100,0.0,0.0
2016-07-15 00:00:00-04:00,39.31493840885581,39.37286692416778,39.124611779587376,39.223915100097656,1232600,0.0,0.0
2016-07-18 00:00:00-04:00,39.2652899664693,39.472167149478416,39.1659898024996,39.414241790771484,780300,0.0,0.0
2016-07-19 00:00:00-04:00,38.91772519803808,39.025302190929416,38.760499713577296,38.87635040283203,962500,0.0,0.0
2016-07-20 00:00:00-04:00,38.934288191313144,39.083240027017276,38.81843746503116,38.84326171875,1002700,0.0,0.0
2016-07-21 00:00:00-04:00,38.686038538492944,38.90118944944004,38.51226243849385,38.63638687133789,1709300,0.0,0.0
2016-07-22 00:00:00-04:00,38.44605799528172,38.74396166761603,38.43778429624823,38.56190872192383,1256600,0.0,0.0
2016-07-25 00:00:00-04:00,38.52881099186994,38.56190894489081,38.32193379118555,38.51226043701172,1805500,0.0,0.0
2016-07-26 00:00:00-04:00,38.76050162177278,38.843251216258665,38.51224968162044,38.66120147705078,1306800,0.0,0.0
2016-07-27 00:00:00-04:00,38.42950252505478,38.47088048501626,38.024025033671464,38.214351654052734,1455100,0.0,0.0
2016-07-28 00:00:00-04:00,38.561911726476886,38.561911726476886,38.33021025513964,38.50398635864258,1059500,0.0,0.0
2016-07-29 00:00:00-04:00,38.37157759233435,38.90118265605272,38.33020278861169,38.73568344116211,1026200,0.0,0.0
2016-08-01 00:00:00-04:00,38.520519460643825,38.70257233803062,38.44604357050326,38.47087097167969,1985200,0.0,0.0
2016-08-02 00:00:00-04:00,39.083240464624474,39.083240464624474,38.79361364567662,38.892913818359375,1604700,0.0,0.0
2016-08-03 00:00:00-04:00,38.403487292485266,38.49519941619731,38.17002928684673,38.236732482910156,1136800,0.353,0.0
2016-08-04 00:00:00-04:00,38.261744562445045,38.50353887711844,38.2450687634417,38.44517517089844,895200,0.0,0.0
2016-08-05 00:00:00-04:00,38.445169272693356,38.69529985820201,38.428493476248384,38.49519348144531,1066600,0.0,0.0
2016-08-08 00:00:00-04:00,38.18669688794987,38.3367758662902,38.11999688678904,38.311763763427734,1228700,0.0,0.0
2016-08-09 00:00:00-04:00,38.436837400729374,38.745334925218025,38.42016478156356,38.63694381713867,1130500,0.0,0.0
2016-08-10 00:00:00-04:00,38.67028749795544,38.77867540325615,38.42015691410184,38.53688430786133,897700,0.0,0.0
2016-08-11 00:00:00-04:00,39.0538300491437,39.35398808946089,38.962114738981924,39.220584869384766,1063100,0.0,0.0
2016-08-12 00:00:00-04:00,39.09552182416525,39.21224925569895,38.94544278916937,39.01214599609375,781600,0.0,0.0
2016-08-15 00:00:00-04:00,38.94544219970703,39.145548636867474,38.84539057141877,38.94544219970703,1153000,0.0,0.0
2016-08-16 00:00:00-04:00,39.02880826593028,39.21223566020726,38.9454292861836,39.062156677246094,1191700,0.0,0.0
2016-08-17 00:00:00-04:00,39.220578683115974,39.454033486280416,39.045487580742645,39.37899398803711,935800,0.0,0.0
2016-08-18 00:00:00-04:00,39.47904706313966,39.47904706313966,39.30395595424251,39.47071075439453,665500,0.0,0.0
2016-08-19 00:00:00-04:00,39.137204937285155,39.33731135292751,38.99546541083382,39.32897186279297,766200,0.0,0.0
2016-08-22 00:00:00-04:00,38.93709503152289,39.16221351783439,38.8870676410371,39.078834533691406,1061800,0.0,0.0
2016-08-23 00:00:00-04:00,39.32896512495429,39.404004620391454,39.03714663191143,39.078834533691406,897000,0.0,0.0
2016-08-24 00:00:00-04:00,39.06216670460103,39.0705061950079,38.77868446185744,38.903751373291016,1016400,0.0,0.0
2016-08-25 00:00:00-04:00,39.003797682265585,39.153876683313555,38.96210977765965,39.02047348022461,962400,0.0,0.0
2016-08-26 00:00:00-04:00,39.045494084954655,39.3956763480348,38.76201184221106,38.903751373291016,1341200,0.0,0.0
2016-08-29 00:00:00-04:00,38.86205553608572,39.09551033052001,38.845379739257126,39.078834533691406,471000,0.0,0.0
2016-08-30 00:00:00-04:00,39.07050239625937,39.162217698315544,38.7870201810782,38.8370475769043,846500,0.0,0.0
2016-08-31 00:00:00-04:00,38.603584875587366,38.778675968780014,38.49519378812302,38.73698806762695,1133800,0.0,0.0
2016-09-01 00:00:00-04:00,38.9454365980392,39.21224302215475,38.837048674893396,39.170555114746094,1140600,0.0,0.0
2016-09-02 00:00:00-04:00,40.437884994763515,40.82975830012829,40.30448179004536,40.5462760925293,2517600,0.0,0.0
2016-09-06 00:00:00-04:00,40.26279357169784,40.49624838299259,40.129390368017525,40.37118148803711,1297200,0.0,0.0
2016-09-07 00:00:00-04:00,40.40453637326808,40.44622428145246,40.121054144797384,40.17108154296875,1175200,0.0,0.0
2016-09-08 00:00:00-04:00,39.86258079588879,40.02099609375,39.579098613001406,39.60411071777344,1151800,0.0,0.0
2016-09-09 00:00:00-04:00,39.29563130341541,39.31230710643619,38.703651428222656,38.703651428222656,1182100,0.0,0.0
2016-09-12 00:00:00-04:00,38.65361891532361,39.245595483057016,38.62860680644526,39.1955680847168,1305800,0.0,0.0
2016-09-13 00:00:00-04:00,38.73698541143196,38.928752288052976,38.48685484108206,38.58690643310547,1419900,0.0,0.0
2016-09-14 00:00:00-04:00,38.636943518186065,38.878737841806206,38.511876611325015,38.60359191894531,1460400,0.0,0.0
2016-09-15 00:00:00-04:00,38.720313180167494,39.10385014929653,38.59524947377192,39.04548645019531,1336800,0.0,0.0
2016-09-16 00:00:00-04:00,38.42849996811184,38.47852736589806,38.23673304747324,38.37013626098633,1046600,0.0,0.0
2016-09-19 00:00:00-04:00,38.87874046877842,38.99546789342458,38.69530984114372,38.7536735534668,1141400,0.0,0.0
2016-09-20 00:00:00-04:00,38.77033731081959,38.84537680057997,38.60358253573177,38.62025833129883,931200,0.0,0.0
2016-09-21 00:00:00-04:00,38.35346158256593,38.6953075259698,38.25340996465307,38.63694381713867,1404000,0.0,0.0
2016-09-22 00:00:00-04:00,39.59576766439661,39.74584344804573,39.470700800676134,39.562416076660156,1235200,0.0,0.0
2016-09-23 00:00:00-04:00,39.287286651204916,39.36232616464981,39.17055922597592,39.20391082763672,768200,0.0,0.0
2016-09-26 00:00:00-04:00,38.86205322400088,38.98711692190018,38.728650037891924,38.89540481567383,712500,0.0,0.0
2016-09-27 00:00:00-04:00,39.212232768963595,39.554078609262454,39.128856975947336,39.43735122680664,1289800,0.0,0.0
2016-09-28 00:00:00-04:00,39.7208407566581,39.812556054367754,39.49572225698436,39.75419235229492,1240400,0.0,0.0
2016-09-29 00:00:00-04:00,39.57076415032723,39.629127855930214,39.120527123747,39.2455940246582,1143800,0.0,0.0
2016-09-30 00:00:00-04:00,39.32063030540035,39.695827796790105,39.32063030540035,39.52073669433594,963500,0.0,0.0
2016-10-03 00:00:00-04:00,39.637474917302534,39.72085074678109,39.504071681786435,39.6624870300293,1020100,0.0,0.0
2016-10-04 00:00:00-04:00,40.27113825912772,40.27947775017091,39.73752533338436,39.812564849853516,2029400,0.0,0.0
2016-10-05 00:00:00-04:00,39.345651268100475,39.39567867174145,39.1038601019621,39.16222381591797,1144200,0.0,0.0
2016-10-06 00:00:00-04:00,38.77867888003442,39.10385216683939,38.77034257141116,38.98712158203125,1152900,0.0,0.0
2016-10-07 00:00:00-04:00,38.72866148339716,38.84538890816618,38.37847602850635,38.686973571777344,1189800,0.0,0.0
2016-10-10 00:00:00-04:00,38.64527926533988,38.80369776913639,38.56190344903483,38.61193084716797,666500,0.0,0.0
2016-10-11 00:00:00-04:00,38.63694567196163,38.653621472511574,38.10333277669808,38.20338439941406,1426000,0.0,0.0
2016-10-12 00:00:00-04:00,38.07831195564472,38.11166355190113,37.636414437288785,37.66142654418945,3647400,0.0,0.0
2016-10-13 00:00:00-04:00,36.285700305936196,36.64422195209776,36.193985022418204,36.33572769165039,6139400,0.0,0.0
2016-10-14 00:00:00-04:00,36.060585021972656,36.29403981473297,35.852142333984375,35.852142333984375,2717700,0.0,0.0
2016-10-17 00:00:00-04:00,35.585340048479864,35.69373114928745,35.46861263864864,35.53531265258789,1339800,0.0,0.0
2016-10-18 00:00:00-04:00,35.96053106761284,35.96053106761284,35.71873680203915,35.73541259765625,1479500,0.0,0.0
2016-10-19 00:00:00-04:00,35.52697960011137,35.60201911053607,35.37690057926197,35.401912689208984,959300,0.0,0.0
2016-10-20 00:00:00-04:00,35.43526279535697,35.68539342603101,35.38523539698875,35.66038131713867,1363900,0.0,0.0
2016-10-21 00:00:00-04:00,35.34354577134647,35.52697637586712,35.301857865023614,35.46861267089844,1342000,0.0,0.0
2016-10-24 00:00:00-04:00,35.48529848011661,35.518646906232625,35.27685570911623,35.37690734863281,740900,0.0,0.0
2016-10-25 00:00:00-04:00,35.35188734739874,35.376899456551975,35.18513253168219,35.27684783935547,1148800,0.0,0.0
2016-10-26 00:00:00-04:00,35.11288587430767,35.26423478300048,35.04562147460867,35.12129592895508,971700,0.355,0.0
2016-10-27 00:00:00-04:00,35.314675702306324,35.331492599444935,35.02879486594023,35.104469299316406,813000,0.0,0.0
2016-10-28 00:00:00-04:00,35.16332990817718,35.2726381453821,35.04561482541594,35.096065521240234,1029200,0.0,0.0
2016-10-31 00:00:00-04:00,34.936310362076604,35.138109959676996,34.902676561227246,35.037208557128906,782200,0.0,0.0
2016-11-01 00:00:00-04:00,35.51647414413237,35.55851478190991,35.323081436864555,35.440799713134766,3371200,0.0,0.0
2016-11-02 00:00:00-04:00,35.50807440731157,35.516484461807266,35.2894611028633,35.339908599853516,1480400,0.0,0.0
2016-11-03 00:00:00-04:00,35.20537321583417,35.23060016940361,34.95312613260965,34.99516677856445,1141400,0.0,0.0
2016-11-04 00:00:00-04:00,34.96993902845455,35.02879656755126,34.68405817820108,34.70928192138672,1555600,0.0,0.0
2016-11-07 00:00:00-05:00,34.902669741148216,35.154919990732246,34.84381220491065,35.104469299316406,1172100,0.0,0.0
2016-11-08 00:00:00-05:00,35.10447630815019,35.449214749583085,35.10447630815019,35.323089599609375,1372400,0.0,0.0
2016-11-09 00:00:00-05:00,34.255240580351646,34.852226060185224,34.255240580351646,34.72610092163086,1688100,0.0,0.0
2016-11-10 00:00:00-05:00,33.473268521242545,33.834823788332336,33.153753892943286,33.742332458496094,4090000,0.0,0.0
2016-11-11 00:00:00-05:00,33.42282331068255,33.75915489114681,33.39759956477122,33.50690460205078,1726700,0.0,0.0
2016-11-14 00:00:00-05:00,33.120124649818116,33.17898219371126,32.84265382967835,33.052860260009766,1971200,0.0,0.0
2016-11-15 00:00:00-05:00,33.13694320089346,33.38919028836559,33.094902554230735,33.35555648803711,1579700,0.0,0.0
2016-11-16 00:00:00-05:00,32.80060978386434,33.03604316554183,32.75856913954551,32.926734924316406,4709400,0.0,0.0
2016-11-17 00:00:00-05:00,32.741754909119216,32.92673760819481,32.72493800852181,32.88469696044922,1965800,0.0,0.0
2016-11-18 00:00:00-05:00,32.50632531280037,32.691308015273606,32.439060916671124,32.60722351074219,4143600,0.0,0.0
2016-11-21 00:00:00-05:00,32.75016682966498,32.94355638631303,32.74175677513905,32.93514633178711,5317400,0.0,0.0
2016-11-22 00:00:00-05:00,32.951961517333984,33.05286292141442,32.80902267279712,32.951961517333984,2038000,0.0,0.0
2016-11-23 00:00:00-05:00,32.61562405428253,32.95195235184778,32.61562405428253,32.876277923583984,1602300,0.0,0.0
2016-11-25 00:00:00-05:00,33.45645465368894,33.607803533035494,33.41441401109165,33.51531219482422,1004200,0.0,0.0
2016-11-28 00:00:00-05:00,33.22101478598846,33.31350610611502,33.069669143729755,33.17897415161133,1347300,0.0,0.0
2016-11-29 00:00:00-05:00,33.16215690320472,33.279875168699775,33.094892530416594,33.204200744628906,1256000,0.0,0.0
2016-11-30 00:00:00-05:00,34.280460116990874,34.28886696169795,33.60780027809566,33.616207122802734,3377400,0.0,0.0
2016-12-01 00:00:00-05:00,33.12012904140526,33.15376284451692,32.78380063277664,32.93514633178711,1990600,0.0,0.0
2016-12-02 00:00:00-05:00,33.128536354559216,33.45645788902255,33.04445185373801,33.35555648803711,1285900,0.0,0.0
2016-12-05 00:00:00-05:00,33.75074005126953,33.80959758837975,33.540533645162974,33.75074005126953,2444900,0.0,0.0
2016-12-06 00:00:00-05:00,33.590988156991216,33.82641833220309,33.271473485278264,33.372371673583984,2843300,0.0,0.0
2016-12-07 00:00:00-05:00,33.27147197726638,33.56575968294278,33.20420759060981,33.51531219482422,2313000,0.0,0.0
2016-12-08 00:00:00-05:00,33.01081410549509,33.103305441589086,32.85946843710853,32.909915924072266,2029200,0.0,0.0
2016-12-09 00:00:00-05:00,33.24624823320709,33.5405359388835,33.22102128165238,33.51531219482422,2481200,0.0,0.0
2016-12-12 00:00:00-05:00,33.36396897913854,33.624626139481926,33.355558924694186,33.565765380859375,2425800,0.0,0.0
2016-12-13 00:00:00-05:00,34.112300480883526,34.440222010760834,34.09548358095447,34.29728317260742,1895300,0.0,0.0
2016-12-14 00:00:00-05:00,34.204791084497955,34.29728242835283,33.818012017009956,33.85164260864258,4019800,0.0,0.0
2016-12-15 00:00:00-05:00,33.330324189036624,33.36395798073473,33.1957922297391,33.279876708984375,2299400,0.0,0.0
2016-12-16 00:00:00-05:00,33.45645370388235,33.5657587300331,33.28828793077191,33.38077926635742,2084600,0.0,0.0
2016-12-19 00:00:00-05:00,33.767562480705955,33.91891137449738,33.624623640733915,33.73392868041992,1554000,0.0,0.0
2016-12-20 00:00:00-05:00,33.82641486829603,34.01139753416016,33.74233358790065,33.944129943847656,1475900,0.0,0.0
2016-12-21 00:00:00-05:00,33.89367521263288,34.06183773747293,33.7843670054912,33.81800079345703,1131500,0.0,0.0
2016-12-22 00:00:00-05:00,34.045038031259715,34.120712481510566,33.89368913075802,34.028221130371094,1625300,0.0,0.0
2016-12-23 00:00:00-05:00,34.103895580621945,34.13752617490331,33.969363581008864,34.028221130371094,802100,0.0,0.0
2016-12-27 00:00:00-05:00,34.05344219467477,34.14593353852627,33.97776775038678,34.07025909423828,693800,0.0,0.0
2016-12-28 00:00:00-05:00,33.84323330307405,34.00298902607966,33.81800955930879,33.860050201416016,842900,0.0,0.0
2016-12-29 00:00:00-05:00,34.01980839554775,34.16275043808979,34.0114015495138,34.07025909423828,982600,0.0,0.0
2016-12-30 00:00:00-05:00,34.28887541968319,34.35614302391307,34.154343418719336,34.22161102294922,1126900,0.0,0.0
2017-01-03 00:00:00-05:00,33.927319142531424,34.12071189568219,33.79278714522816,34.08707809448242,2536900,0.0,0.0
2017-01-04 00:00:00-05:00,34.24682467999243,34.39817353741895,34.17956030307784,34.389766693115234,1566700,0.0,0.0
2017-01-05 00:00:00-05:00,34.44022367728276,34.78496212377061,34.414999929916476,34.65884017944336,1649800,0.0,0.0
2017-01-06 00:00:00-05:00,34.38977410164872,34.473855392779186,34.34773024858783,34.423404693603516,1350600,0.0,0.0
2017-01-09 00:00:00-05:00,34.44022403710682,34.68406428918129,34.44022403710682,34.63361358642578,1102900,0.0,0.0
2017-01-10 00:00:00-05:00,34.524304204020595,34.524304204020595,34.347728370309476,34.372955322265625,1132100,0.0,0.0
2017-01-11 00:00:00-05:00,34.507495667931394,34.69247518463094,34.29728919316207,34.5999870300293,1581600,0.0,0.0
2017-01-12 00:00:00-05:00,34.86064126660505,34.986766435408214,34.78496680682241,34.95313262939453,1866300,0.0,0.0
2017-01-13 00:00:00-05:00,34.843809324954485,34.98675133507048,34.65882988670923,34.860626220703125,1272300,0.0,0.0
2017-01-17 00:00:00-05:00,34.86904789849368,35.087661201127084,34.82700404135621,34.98676300048828,1963200,0.0,0.0
2017-01-18 00:00:00-05:00,34.97834987868339,35.11288187023619,34.9279023865359,34.99516677856445,1720400,0.0,0.0
2017-01-19 00:00:00-05:00,34.86062910682471,34.99516107645688,34.784954673438165,34.9447135925293,2388400,0.0,0.0
2017-01-20 00:00:00-05:00,35.037203052115544,35.297860156500214,35.037203052115544,35.27263641357422,1524600,0.0,0.0
2017-01-23 00:00:00-05:00,35.35671997850324,35.63419399859099,35.323086180766154,35.57533645629883,1405300,0.0,0.0
2017-01-24 00:00:00-05:00,35.46604074318075,35.70147099549787,35.449223838372866,35.61738967895508,1874100,0.0,0.0
2017-01-25 00:00:00-05:00,35.67623159298351,35.8359873073381,35.60055715829024,35.8023567199707,1699000,0.0,0.0
2017-01-26 00:00:00-05:00,34.04503399536802,34.120708436647995,33.893685112808086,34.06184768676758,3252300,0.0,0.0
2017-01-27 00:00:00-05:00,34.37295909878776,34.56634864505652,34.33091845090252,34.53271484375,3478000,0.0,0.0
2017-01-30 00:00:00-05:00,34.129109614770684,34.406580381722655,34.061842030361134,34.389766693115234,3793600,0.0,0.0
2017-01-31 00:00:00-05:00,34.389772586750546,34.599979012812604,34.381362533510575,34.56634521484375,3173300,0.0,0.0
2017-02-01 00:00:00-05:00,34.47385387417716,34.7092840449681,34.32250499081284,34.56634521484375,3433200,0.0,0.0
2017-02-02 00:00:00-05:00,34.68405379149491,34.81017890646195,34.59997251984683,34.60837936401367,4913300,0.0,0.0
2017-02-03 00:00:00-05:00,34.88585927790568,34.911083022198824,34.70087659976807,34.78495788574219,2762100,0.0,0.0
2017-02-06 00:00:00-05:00,34.57475490749219,34.65042935540543,34.52430741388055,34.59157180786133,1249300,0.0,0.0
2017-02-07 00:00:00-05:00,34.95313241706924,35.11288818341935,34.885868012946766,35.045623779296875,2444900,0.0,0.0
2017-02-08 00:00:00-05:00,35.54074214922992,35.62552639819153,35.37965692748546,35.61704635620117,1937100,0.344,0.0
2017-02-09 00:00:00-05:00,35.61704101908869,35.82051995191741,35.58313055877383,35.6763916015625,1384600,0.0,0.0
2017-02-10 00:00:00-05:00,35.277918840756826,35.5322651176631,35.23552833363718,35.413570404052734,1033300,0.0,0.0
2017-02-13 00:00:00-05:00,35.48988068327048,35.54074800684269,35.36270590596208,35.464447021484375,1074800,0.0,0.0
2017-02-14 00:00:00-05:00,35.38813935268851,35.4305298629299,35.1507466737972,35.32878875732422,1039400,0.0,0.0
2017-02-15 00:00:00-05:00,35.21857454794869,35.8544419126287,35.21857454794869,35.75270080566406,1838500,0.0,0.0
2017-02-16 00:00:00-05:00,35.78660300874175,36.13421026036993,35.73573570579319,36.091819763183594,1787100,0.0,0.0
2017-02-17 00:00:00-05:00,40.07659606193866,41.39072114589106,39.05920775255386,41.14485168457031,37033800,0.0,0.0
2017-02-21 00:00:00-05:00,37.719642520978304,38.15203078011029,37.583990985349864,38.041812896728516,10931400,0.0,0.0
2017-02-22 00:00:00-05:00,39.203340942152074,40.661594451659745,38.99986197835255,39.78833770751953,11407700,0.0,0.0
2017-02-23 00:00:00-05:00,39.89007664673472,40.186816675510315,39.72899142027151,39.76290512084961,2347900,0.0,0.0
2017-02-24 00:00:00-05:00,40.034205173870674,40.08507248663178,39.77985567331213,39.94942092895508,1473800,0.0,0.0
2017-02-27 00:00:00-05:00,40.2461636750086,40.551380509108725,40.16985946648357,40.41572570800781,2569000,0.0,0.0
2017-02-28 00:00:00-05:00,40.28854855271334,40.500504298528845,40.22920120262004,40.254634857177734,2446100,0.0,0.0
2017-03-01 00:00:00-05:00,40.28855029225791,40.50050604722506,40.27159344375796,40.32246398925781,1549800,0.0,0.0
2017-03-02 00:00:00-05:00,39.890084044607384,40.2461714983391,39.86465038155122,40.0850830078125,1980200,0.0,0.0
2017-03-03 00:00:00-05:00,40.09355686847208,40.424207373966254,39.898557935339326,40.38181686401367,1730500,0.0,0.0
2017-03-06 00:00:00-05:00,40.26311556986234,40.39028707896043,40.186811370728265,40.347896575927734,1346900,0.0,0.0
2017-03-07 00:00:00-05:00,40.44115774504508,40.576809295671545,40.33093984947731,40.44963455200195,1101500,0.0,0.0
2017-03-08 00:00:00-05:00,40.23767974675806,40.449635501725204,40.18681243544636,40.32246398925781,2154500,0.0,0.0
2017-03-09 00:00:00-05:00,40.88202600057299,41.331371154595594,40.81419860831928,41.221153259277344,2866000,0.0,0.0
2017-03-10 00:00:00-05:00,41.52637769109712,41.77224718194037,41.45007347787641,41.66202926635742,1746700,0.0,0.0
2017-03-13 00:00:00-04:00,41.44159577751847,41.57724734985942,41.280507311858926,41.3568115234375,1012300,0.0,0.0
2017-03-14 00:00:00-04:00,41.526371521513404,41.831588329050106,41.475500975527886,41.50941467285156,1293400,0.0,0.0
2017-03-15 00:00:00-04:00,41.492460179619414,42.238545392152844,41.373765466436716,42.1028938293457,1938800,0.0,0.0
2017-03-16 00:00:00-04:00,42.365717222827136,42.48441192781659,42.238542476516635,42.399627685546875,1465900,0.0,0.0
2017-03-17 00:00:00-04:00,42.53528187838416,42.577675619243706,42.30637249552204,42.323326110839844,1471400,0.0,0.0
2017-03-20 00:00:00-04:00,42.67094026504446,42.738764434587864,42.50985179827519,42.56072235107422,1152800,0.0,0.0
2017-03-21 00:00:00-04:00,42.82354255186244,42.87441310121272,42.4081110518279,42.42506790161133,2054400,0.0,0.0
2017-03-22 00:00:00-04:00,42.58615760714507,42.637028161851475,42.39115866538693,42.518333435058594,1494200,0.0,0.0
2017-03-23 00:00:00-04:00,42.365717222827136,42.68788764088762,42.34028033305214,42.399627685546875,1751500,0.0,0.0
2017-03-24 00:00:00-04:00,42.72181574078983,42.74724940495123,42.42507887827598,42.53529357910156,1034700,0.0,0.0
2017-03-27 00:00:00-04:00,42.865932160149235,42.908322663426176,42.586149016982866,42.6454963684082,1932900,0.0,0.0
2017-03-28 00:00:00-04:00,42.40810684172192,42.594628936634045,42.39962680057787,42.543758392333984,1404000,0.0,0.0
2017-03-29 00:00:00-04:00,42.280935777084004,42.50984839507065,42.263978927508504,42.44202423095703,1329300,0.0,0.0
2017-03-30 00:00:00-04:00,42.1961597843367,42.297897659707154,42.068985014482074,42.07746505737305,1293000,0.0,0.0
2017-03-31 00:00:00-04:00,41.7976750474562,42.02658765538555,41.61963298601834,41.83158874511719,2954600,0.0,0.0
2017-04-03 00:00:00-04:00,41.73833139181245,41.82311564347712,41.47550506293474,41.729854583740234,3082500,0.0,0.0
2017-04-04 00:00:00-04:00,41.46702825486253,41.729854583740234,41.46702825486253,41.729854583740234,2238300,0.0,0.0
2017-04-05 00:00:00-04:00,41.70441703105996,41.899415955519544,41.636592864990234,41.636592864990234,1233100,0.0,0.0
2017-04-06 00:00:00-04:00,42.19616188260177,42.19616188260177,41.984206078430084,42.009639739990234,1811600,0.0,0.0
2017-04-07 00:00:00-04:00,42.17920339032449,42.637028685741356,42.1707265815303,42.50137710571289,1476100,0.0,0.0
2017-04-10 00:00:00-04:00,42.391151146796254,42.76419211258032,42.374194298234954,42.6115837097168,1000400,0.0,0.0
2017-04-11 00:00:00-04:00,42.77267508092284,42.87441294506446,42.611586625661175,42.75571823120117,1913800,0.0,0.0
2017-04-12 00:00:00-04:00,42.7811484629392,43.11179892056356,42.764191614575374,43.06940841674805,1325900,0.0,0.0
2017-04-13 00:00:00-04:00,42.8744140194947,42.94224142008113,42.713328794384644,42.73028564453125,762100,0.0,0.0
2017-04-17 00:00:00-04:00,42.840504372891765,42.98463599568183,42.840504372891765,42.94224548339844,749500,0.0,0.0
2017-04-18 00:00:00-04:00,42.942245454341155,43.02702647885057,42.74724327642971,42.93376541137695,1437800,0.0,0.0
2017-04-19 00:00:00-04:00,42.832021104925325,42.94223900759201,42.51832748030754,42.56919479370117,1523800,0.0,0.0
2017-04-20 00:00:00-04:00,43.32375758538446,43.34071443488787,42.75571768086786,42.76419448852539,1425300,0.0,0.0
2017-04-21 00:00:00-04:00,42.569205596181874,42.679423526817764,42.458990899735085,42.47594451904297,1294100,0.0,0.0
2017-04-24 00:00:00-04:00,43.61202017840026,43.67984758048837,43.4000643981577,43.56962966918945,2324600,0.0,0.0
2017-04-25 00:00:00-04:00,43.69680182259834,43.730715521617974,43.53571336934925,43.65441131591797,906200,0.0,0.0
2017-04-26 00:00:00-04:00,43.65441541569781,43.67136903261147,43.39158907489499,43.42550277709961,1457800,0.0,0.0
2017-04-27 00:00:00-04:00,43.47636784151427,43.50180473394289,43.29832576545633,43.374629974365234,730700,0.0,0.0
2017-04-28 00:00:00-04:00,43.42549907472533,43.58658429518048,43.38310533348964,43.52723693847656,977800,0.0,0.0
2017-05-01 00:00:00-04:00,43.48483864747136,43.56961964638986,43.39157760814834,43.41701126098633,761600,0.0,0.0
2017-05-02 00:00:00-04:00,44.03593487072952,44.103762277641536,43.85789277886864,43.917240142822266,1590600,0.0,0.0
2017-05-03 00:00:00-04:00,43.808760341357626,44.05646126513097,43.71480459383812,43.919795989990234,989300,0.383,0.0
2017-05-04 00:00:00-04:00,44.022292094908906,44.269993002638024,43.98812577833676,44.2272834777832,1324000,0.0,0.0
2017-05-05 00:00:00-04:00,44.17604656701592,44.21875284258766,44.05646769210307,44.167503356933594,850000,0.0,0.0
2017-05-08 00:00:00-04:00,44.654353882916915,44.791015894668575,44.551858188673016,44.62873077392578,2436200,0.0,0.0
2017-05-09 00:00:00-04:00,44.92768728697093,44.93623049727131,44.49207805177301,44.56895065307617,2427400,0.0,0.0
2017-05-10 00:00:00-04:00,44.876434780121464,45.03017996121901,44.84226846025988,44.99601364135742,1616300,0.0,0.0
2017-05-11 00:00:00-04:00,45.055802370370905,45.141214910415236,44.859350921645294,45.107051849365234,1166500,0.0,0.0
2017-05-12 00:00:00-04:00,44.8935153245531,45.107049923828086,44.8935153245531,45.07288360595703,892100,0.0,0.0
2017-05-15 00:00:00-04:00,45.28641843045148,45.43162039470647,45.209545843999,45.42308044433594,881500,0.0,0.0
2017-05-16 00:00:00-04:00,45.85869627974266,45.892862602763714,45.65370485817613,45.6964111328125,1044200,0.0,0.0
2017-05-17 00:00:00-04:00,45.99534989852452,46.14055511565821,45.73056908925374,45.73910903930664,1548300,0.0,0.0
2017-05-18 00:00:00-04:00,45.4914090892028,45.551201773950865,45.277874492306225,45.46578598022461,947100,0.0,0.0
2017-05-19 00:00:00-04:00,45.927027181753914,46.166184917259734,45.87577769916848,46.0124397277832,929800,0.0,0.0
2017-05-22 00:00:00-04:00,46.44804998243331,46.687207706603104,46.379717342225014,46.53346252441406,1030400,0.0,0.0
2017-05-23 00:00:00-04:00,46.6615759923511,46.6871990985651,46.21742368772743,46.29429626464844,1747500,0.0,0.0
2017-05-24 00:00:00-04:00,46.72990562974997,46.74698878675031,46.37970905694072,46.644493103027344,1686100,0.0,0.0
2017-05-25 00:00:00-04:00,47.20823312127456,47.361978304887,47.09719420904787,47.302188873291016,1321000,0.0,0.0
2017-05-26 00:00:00-04:00,46.90074586266258,47.13136365336675,46.90074586266258,47.08865737915039,750200,0.0,0.0
2017-05-30 00:00:00-04:00,46.93490525283617,47.336348081110735,46.93490525283617,47.23385238647461,1245000,0.0,0.0
2017-05-31 00:00:00-04:00,47.797594137071854,47.8915499021618,47.438857497579455,47.50718688964844,1878000,0.0,0.0
2017-06-01 00:00:00-04:00,47.91716535079336,47.91716535079336,47.46447301863577,47.90008544921875,1552600,0.0,0.0
2017-06-02 00:00:00-04:00,48.002581323779744,48.19903277539453,47.891542413465444,48.181949615478516,1288700,0.0,0.0
2017-06-05 00:00:00-04:00,47.95987905794215,48.21611996152018,47.925712735257115,48.207576751708984,799900,0.0,0.0
2017-06-06 00:00:00-04:00,47.98549886492236,48.17341036846429,47.95133254459117,48.0709114074707,963700,0.0,0.0
2017-06-07 00:00:00-04:00,48.19048889931685,48.24173837835558,47.95133118036188,48.036746978759766,1532000,0.0,0.0
2017-06-08 00:00:00-04:00,47.45593307553127,47.52426245667952,47.03740380473473,47.250938415527344,1717300,0.0,0.0
2017-06-09 00:00:00-04:00,47.020326927993,47.09719952848166,46.60180085955028,46.892208099365234,2062500,0.0,0.0
2017-06-12 00:00:00-04:00,46.64450119203651,46.67866751196224,46.38826030915272,46.43950653076172,1821000,0.0,0.0
2017-06-13 00:00:00-04:00,46.3370103753717,46.49075555525189,46.20034835528704,46.31992721557617,2063600,0.0,0.0
2017-06-14 00:00:00-04:00,46.53345826168423,46.601790895632874,46.063682807264975,46.15763854980469,2019100,0.0,0.0
2017-06-15 00:00:00-04:00,45.92703470355235,46.388270347521804,45.841618885254135,46.2686882019043,2362800,0.0,0.0
2017-06-16 00:00:00-04:00,46.80678151615107,46.81532472439472,46.430961810411986,46.712825775146484,2707000,0.0,0.0
2017-06-19 00:00:00-04:00,46.866573333740234,46.97761223862249,46.746994478457545,46.866573333740234,1679900,0.0,0.0
2017-06-20 00:00:00-04:00,46.943447176588506,47.028862974275604,46.37117599434278,46.430965423583984,1019800,0.0,0.0
2017-06-21 00:00:00-04:00,46.533462734893064,46.6359584373895,46.482213254505034,46.559085845947266,1001000,0.0,0.0
2017-06-22 00:00:00-04:00,46.524919242252736,46.5932486192889,46.35409091224326,46.39679718017578,969100,0.0,0.0
2017-06-23 00:00:00-04:00,46.53345175782171,46.66157379942845,46.32846040118556,46.42241287231445,1778100,0.0,0.0
2017-06-26 00:00:00-04:00,47.33635127665674,47.33635127665674,46.815329559754076,46.83241271972656,1821200,0.0,0.0
2017-06-27 00:00:00-04:00,46.883656244381754,46.97761198968583,46.72991107175315,46.77261734008789,1477000,0.0,0.0
2017-06-28 00:00:00-04:00,47.04595110493403,47.2509425244845,46.93491218534761,47.08865737915039,1847200,0.0,0.0
2017-06-29 00:00:00-04:00,46.67866787656899,46.69574777838566,45.636617918651915,45.764739990234375,2230900,0.0,0.0
2017-06-30 00:00:00-04:00,46.30283999041729,46.32846635700039,45.99534965765439,46.22596740722656,1749300,0.0,0.0
2017-07-03 00:00:00-04:00,45.9868152501097,46.11493732362898,45.94410897836317,45.978275299072266,753100,0.0,0.0
2017-07-05 00:00:00-04:00,45.824525120998736,46.08930593194383,45.76473569541247,45.901397705078125,1463200,0.0,0.0
2017-07-06 00:00:00-04:00,45.66224460142307,45.84161290904525,45.51704261666603,45.6707878112793,1242300,0.0,0.0
2017-07-07 00:00:00-04:00,45.901402465684804,46.02098132925931,45.75619723257314,45.88431930541992,1054000,0.0,0.0
2017-07-10 00:00:00-04:00,46.311380836716395,46.430959680407774,46.06367994148191,46.14055252075195,1422000,0.0,0.0
2017-07-11 00:00:00-04:00,46.25160072725262,46.52492478451565,46.2174344055248,46.40534591674805,1662700,0.0,0.0
2017-07-12 00:00:00-04:00,46.900741332665106,46.977613922141614,46.798245632789616,46.806785583496094,1606700,0.0,0.0
2017-07-13 00:00:00-04:00,47.259477596098385,47.29364065462059,47.07156611196939,47.225311279296875,1367200,0.0,0.0
2017-07-14 00:00:00-04:00,47.54134554373922,47.79758642464207,47.47301616269559,47.76342010498047,778200,0.0,0.0
2017-07-17 00:00:00-04:00,47.75488831744157,47.806137805694576,47.58405994821168,47.695098876953125,907200,0.0,0.0
2017-07-18 00:00:00-04:00,47.64384938870012,47.814677757930006,47.60968632147825,47.695098876953125,1012300,0.0,0.0
2017-07-19 00:00:00-04:00,48.0367500779791,48.12216262360805,47.72071649093652,47.7548828125,1518700,0.0,0.0
2017-07-20 00:00:00-04:00,48.34423306964617,48.745679168042784,48.25028058078777,48.56631088256836,1472300,0.0,0.0
2017-07-21 00:00:00-04:00,48.66880441938716,48.762760162353516,48.30152465594377,48.762760162353516,1561200,0.0,0.0
2017-07-24 00:00:00-04:00,48.3271598562215,48.37840608300319,48.03675262409878,48.258827209472656,1095100,0.0,0.0
2017-07-25 00:00:00-04:00,48.668811644298536,48.69443475680973,48.26736550413079,48.38694763183594,1114400,0.0,0.0
2017-07-26 00:00:00-04:00,48.609013839961236,48.796925321434436,48.48089178290601,48.75421905517578,1326700,0.0,0.0
2017-07-27 00:00:00-04:00,48.98483354462837,49.07024933542494,48.532141257383955,48.75421905517578,712900,0.0,0.0
2017-07-28 00:00:00-04:00,48.386941619887324,48.600476219695686,48.07090806620976,48.51506042480469,1041500,0.0,0.0
2017-07-31 00:00:00-04:00,48.822558707473355,48.84818182096678,48.532151474188105,48.6773567199707,999400,0.0,0.0
2017-08-01 00:00:00-04:00,48.55777338141158,48.78839117196322,48.48090078456104,48.53215026855469,945600,0.0,0.0
2017-08-02 00:00:00-04:00,48.561401128333536,48.78510893022807,48.41513341972078,48.707672119140625,1119400,0.414,0.0
2017-08-03 00:00:00-04:00,48.82812593316155,49.08624752835177,48.75929175727394,48.80231475830078,815400,0.0,0.0
2017-08-04 00:00:00-04:00,48.93137364018792,49.03462490343988,48.759291483628814,48.939979553222656,763900,0.0,0.0
2017-08-07 00:00:00-04:00,48.96579546819777,49.301353900765854,48.96579546819777,49.28414535522461,840500,0.0,0.0
2017-08-08 00:00:00-04:00,49.24112368846267,49.3529775889676,49.15508424634769,49.232521057128906,748400,0.0,0.0
2017-08-09 00:00:00-04:00,49.1550847761821,49.60249710083008,49.026022329424165,49.60249710083008,1178400,0.0,0.0
2017-08-10 00:00:00-04:00,48.93137431672942,49.03462558140895,48.75068952683151,48.7765007019043,938900,0.0,0.0
2017-08-11 00:00:00-04:00,49.10345562513119,49.137872712761556,48.75068868240529,48.819522857666016,1044600,0.0,0.0
2017-08-14 00:00:00-04:00,49.23253107072495,49.36159026014727,49.12927978055311,49.266944885253906,702400,0.0,0.0
2017-08-15 00:00:00-04:00,49.20670515404036,49.55086947678432,49.12926834553268,49.542266845703125,818100,0.0,0.0
2017-08-16 00:00:00-04:00,49.55087800356451,49.671334552594956,49.387401727336744,49.50785827636719,1252700,0.0,0.0
2017-08-17 00:00:00-04:00,49.47343051617435,49.5594699520205,49.06043531616349,49.086246490478516,713300,0.0,0.0
2017-08-18 00:00:00-04:00,49.16368346796128,49.318557078782526,49.06043548814515,49.206703186035156,584000,0.0,0.0
2017-08-21 00:00:00-04:00,49.36158208430021,49.61110107092807,49.292751184447894,49.550872802734375,941800,0.0,0.0
2017-08-22 00:00:00-04:00,49.71434800109479,49.877827538870626,49.654119734186125,49.83480453491211,1157000,0.0,0.0
2017-08-23 00:00:00-04:00,49.70574387235674,49.86061749179794,49.60249588679404,49.76597213745117,557400,0.0,0.0
2017-08-24 00:00:00-04:00,49.90363794169626,49.98967738389042,49.57668215340867,49.61109924316406,798800,0.0,0.0
2017-08-25 00:00:00-04:00,49.77458496699077,50.04991517303329,49.714356689556155,49.92945861816406,553400,0.0,0.0
2017-08-28 00:00:00-04:00,50.21338861369962,50.25640833773411,49.99828671133264,50.00688934326172,686200,0.0,0.0
2017-08-29 00:00:00-04:00,49.95526698729815,50.1273458834361,49.895038717210966,50.00688934326172,871400,0.0,0.0
2017-08-30 00:00:00-04:00,49.808989202168235,49.86061483329412,49.43901371791803,49.59388732910156,2083500,0.0,0.0
2017-08-31 00:00:00-04:00,49.76597400103706,50.17896924094759,49.740162824228406,50.08432388305664,987200,0.0,0.0
2017-09-01 00:00:00-04:00,50.35964842162837,50.35964842162837,50.032695944566605,50.15315246582031,1037700,0.0,0.0
2017-09-05 00:00:00-04:00,49.97247646947228,50.127346822458655,49.765977195166066,49.9810791015625,808600,0.0,0.0
2017-09-06 00:00:00-04:00,50.385465385736836,50.60056726502366,50.221985856874554,50.57475280761719,1079900,0.0,0.0
2017-09-07 00:00:00-04:00,50.92752412033545,51.09100366319986,50.83288204238622,50.944732666015625,1195400,0.0,0.0
2017-09-08 00:00:00-04:00,51.06519029784917,51.14262711397209,50.91892257972507,51.03937911987305,769700,0.0,0.0
2017-09-11 00:00:00-04:00,51.15983937115094,51.349130109225776,51.11681964400524,51.30611038208008,711600,0.0,0.0
2017-09-12 00:00:00-04:00,50.78985134616446,50.86728814890203,50.480104135214205,50.56614685058594,1119300,0.0,0.0
2017-09-13 00:00:00-04:00,50.78985974938304,50.78985974938304,50.35965594792882,50.41128158569336,1476500,0.0,0.0
2017-09-14 00:00:00-04:00,50.37686964997775,50.46291238839188,50.28222427881964,50.35966110229492,935900,0.0,0.0
2017-09-15 00:00:00-04:00,50.772648792526155,50.850085604398615,50.6349837138856,50.7468376159668,1141100,0.0,0.0
2017-09-18 00:00:00-04:00,50.97914167893954,51.108204109991654,50.80705953160137,50.96193313598633,911300,0.0,0.0
2017-09-19 00:00:00-04:00,51.013568681727406,51.09100549897336,50.78986086204148,50.88450622558594,779900,0.0,0.0
2017-09-20 00:00:00-04:00,50.7554391528295,50.84147858873753,50.04990199316848,50.37685775756836,1054800,0.0,0.0
2017-09-21 00:00:00-04:00,49.654118964261144,49.84340967572149,49.5422683458476,49.61109924316406,906600,0.0,0.0
2017-09-22 00:00:00-04:00,49.72295477207644,49.808994217088184,49.33577070513475,49.421810150146484,1341200,0.0,0.0
2017-09-25 00:00:00-04:00,49.46483563088544,49.68854016843049,49.38739881362088,49.47343826293945,1106400,0.0,0.0
2017-09-26 00:00:00-04:00,49.404587083686046,49.42179562406934,49.1292570019403,49.27552795410156,925000,0.0,0.0
2017-09-27 00:00:00-04:00,49.000212730574546,49.18089753609754,48.92277591646548,49.034629821777344,1061600,0.0,0.0
2017-09-28 00:00:00-04:00,49.077648972004695,49.43901857883392,49.03462924960042,49.309959411621094,732400,0.0,0.0
2017-09-29 00:00:00-04:00,49.75737011549437,49.972472002663835,49.70574448098374,49.86922073364258,1202300,0.0,0.0
2017-10-02 00:00:00-04:00,49.90363871549023,50.1101379750302,49.80039072681743,49.83480453491211,1169800,0.0,0.0
2017-10-03 00:00:00-04:00,49.75737128943753,49.81759955669042,49.619702927494465,49.697139739990234,859100,0.0,0.0
2017-10-04 00:00:00-04:00,49.71434828523312,49.75737128943753,49.645517386455985,49.697139739990234,1579600,0.0,0.0
2017-10-05 00:00:00-04:00,49.765971525552985,49.86061687873603,49.559472274772304,49.662723541259766,1535900,0.0,0.0
2017-10-06 00:00:00-04:00,49.21531462730034,49.2927514414094,49.00881536227801,49.034629821777344,2372000,0.0,0.0
2017-10-09 00:00:00-04:00,49.24972178703357,49.30134413123338,49.077639647915326,49.112056732177734,1225800,0.0,0.0
2017-10-10 00:00:00-04:00,49.70574719357293,49.80039255424367,49.55947619557421,49.77457809448242,2673600,0.0,0.0
2017-10-11 00:00:00-04:00,50.0154941195277,50.23919864873446,49.97247439647192,50.18757629394531,846500,0.0,0.0
2017-10-12 00:00:00-04:00,50.65218654286281,51.13401590482722,50.58335565240732,51.065181732177734,1011300,0.0,0.0
2017-10-13 00:00:00-04:00,51.65886190956841,51.7362987080941,51.39213442971463,51.55561065673828,1406100,0.0,0.0
2017-10-16 00:00:00-04:00,51.50399443285516,51.52120297703844,51.26308137867756,51.486785888671875,1568800,0.0,0.0
2017-10-17 00:00:00-04:00,51.22005986430049,51.2286657777391,50.961938258445024,51.185646057128906,961400,0.0,0.0
2017-10-18 00:00:00-04:00,51.48678544400244,51.650261689040484,51.34912037391932,51.50399398803711,1000300,0.0,0.0
2017-10-19 00:00:00-04:00,49.20670218962498,49.24972518902177,47.97631924090088,48.21723556518555,3736500,0.0,0.0
2017-10-20 00:00:00-04:00,47.68378952340077,47.68378952340077,47.098715351622864,47.1417350769043,2439500,0.0,0.0
2017-10-23 00:00:00-04:00,47.00406744612748,47.021275991748865,46.59107219779762,46.70292282104492,2937700,0.0,0.0
2017-10-24 00:00:00-04:00,46.788962496532335,46.840584847834066,46.410381081950305,46.5566520690918,2232800,0.0,0.0
2017-10-25 00:00:00-04:00,46.58246628388969,46.788965549151854,46.436198569399615,46.70292282104492,1936700,0.0,0.0
2017-10-26 00:00:00-04:00,47.46868171291216,47.95051110986341,47.32241400870213,47.71820068359375,1309100,0.0,0.0
2017-10-27 00:00:00-04:00,47.51170290130621,47.804241580753,47.19334976512986,47.77842712402344,939700,0.0,0.0
2017-10-30 00:00:00-04:00,47.71819934989658,47.855864419150095,47.52030601798178,47.76982498168945,1029500,0.0,0.0
2017-10-31 00:00:00-04:00,48.42373516577952,48.8625448479839,48.38071544533842,48.742088317871094,934000,0.0,0.0
2017-11-01 00:00:00-04:00,48.65605362728678,48.74209636456782,48.31189252474708,48.337703704833984,1141100,0.0,0.0
2017-11-02 00:00:00-04:00,48.32209519188438,48.33943067198262,47.940648489013036,48.296085357666016,1669400,0.422,0.0
2017-11-03 00:00:00-04:00,48.478138616546644,48.651523184262494,48.3220961433415,48.40878677368164,909900,0.0,0.0
2017-11-06 00:00:00-05:00,48.35676193237305,48.45212359324781,48.200716179493426,48.35676193237305,757800,0.0,0.0
2017-11-07 00:00:00-05:00,48.1140308762046,48.30475421901024,47.97532389244651,48.20939254760742,721100,0.0,0.0
2017-11-08 00:00:00-05:00,48.15737507046716,48.75555161100202,48.14003628452055,48.72954177856445,649000,0.0,0.0
2017-11-09 00:00:00-05:00,48.50414101127312,48.90292314092588,48.20071723755337,48.660186767578125,1086100,0.0,0.0
2017-11-10 00:00:00-05:00,48.25273726950426,48.6428516899987,48.23539848336725,48.59950637817383,868400,0.0,0.0
2017-11-13 00:00:00-05:00,48.19204831465261,48.5474851270514,48.183380575975306,48.426116943359375,827400,0.0,0.0
2017-11-14 00:00:00-05:00,48.07934677894825,48.44345462879946,48.07067904046758,48.38277053833008,818800,0.0,0.0
2017-11-15 00:00:00-05:00,48.44346617205646,48.4521339126025,48.03601291864289,48.122703552246094,659400,0.0,0.0
2017-11-16 00:00:00-05:00,48.38277656690741,48.486805976812185,48.19205322621923,48.33942794799805,734200,0.0,0.0
2017-11-17 00:00:00-05:00,47.923305077446535,47.98398917304108,47.50718414749743,47.68056869506836,998200,0.0,0.0
2017-11-20 00:00:00-05:00,48.20071724395745,48.56482511106251,47.94931313168604,47.966651916503906,1973400,0.0,0.0
2017-11-21 00:00:00-05:00,48.43478035620041,48.69485548474606,48.40877383545625,48.556148529052734,1353100,0.0,0.0
2017-11-22 00:00:00-05:00,48.772891389552925,48.78156243680828,48.17471810332057,48.40878677368164,745800,0.0,0.0
2017-11-24 00:00:00-05:00,49.07630780343476,49.31037643847122,49.07630780343476,49.284366607666016,587000,0.0,0.0
2017-11-27 00:00:00-05:00,49.561787674610684,49.57045872180369,48.920269077821,49.110992431640625,885200,0.0,0.0
2017-11-28 00:00:00-05:00,49.8478678998335,49.93455852119303,49.52710863236096,49.882545471191406,1222600,0.0,0.0
2017-11-29 00:00:00-05:00,49.16299611605688,49.62246562567936,48.972276105624545,49.13698959350586,1494300,0.0,0.0
2017-11-30 00:00:00-05:00,49.21501521020265,49.241021734202626,48.73821019700429,48.96360778808594,931400,0.0,0.0
2017-12-01 00:00:00-05:00,48.582162695830554,48.64284678767657,48.03600256218143,48.426116943359375,1126600,0.0,0.0
2017-12-04 00:00:00-05:00,48.478134022931044,48.59950552375631,48.22672989595256,48.547489166259766,1259300,0.0,0.0
2017-12-05 00:00:00-05:00,48.50413981959496,48.67752435645571,48.26140014517592,48.426116943359375,1588100,0.0,0.0
2017-12-06 00:00:00-05:00,48.521490363832314,48.78156557863874,48.46080625727867,48.60818099975586,3364500,0.0,0.0
2017-12-07 00:00:00-05:00,48.694862037193666,48.82490127248209,48.478132183069704,48.51280975341797,2058000,0.0,0.0
2017-12-08 00:00:00-05:00,48.573502489430496,48.84224874688788,48.40878896152574,48.81624221801758,956200,0.0,0.0
2017-12-11 00:00:00-05:00,48.599501690077894,48.694860044079846,48.41744610671873,48.67752456665039,799100,0.0,0.0
2017-12-12 00:00:00-05:00,48.57349555926602,48.77288663524044,48.49547267675123,48.616844177246094,1054300,0.0,0.0
2017-12-13 00:00:00-05:00,48.521479147160996,49.006951887363776,48.49546931676798,48.85957717895508,1074500,0.0,0.0
2017-12-14 00:00:00-05:00,48.45212897166349,48.63418126788672,48.07068559285739,48.07935333251953,904400,0.0,0.0
2017-12-15 00:00:00-05:00,48.31341868446815,48.6515167277759,48.14003413976195,48.51280975341797,967800,0.0,0.0
2017-12-18 00:00:00-05:00,48.70353120174339,49.03296149325481,48.634176063726244,48.73820877075195,915400,0.0,0.0
2017-12-19 00:00:00-05:00,48.738214169205015,48.85091132041319,48.31342216938574,48.33076095581055,811600,0.0,0.0
2017-12-20 00:00:00-05:00,48.27873489945087,48.287405944439314,47.9232981167225,48.0446662902832,845000,0.0,0.0
2017-12-21 00:00:00-05:00,47.7845980784599,48.06201203162963,47.73258502913757,47.81060791015625,821000,0.0,0.0
2017-12-22 00:00:00-05:00,47.862621415330466,47.97532186832753,47.7932695798951,47.92330551147461,537900,0.0,0.0
2017-12-26 00:00:00-05:00,47.98399448184385,48.20072436352704,47.9233103795354,48.09669494628906,323600,0.0,0.0
2017-12-27 00:00:00-05:00,47.9579756826069,48.21805081267051,47.9406368996647,48.0446662902832,461800,0.0,0.0
2017-12-28 00:00:00-05:00,48.20939311636418,48.21806085612336,47.914640359021426,47.949317932128906,587900,0.0,0.0
2017-12-29 00:00:00-05:00,48.261400586145875,48.27873937069387,47.957980124143404,47.975318908691406,525900,0.0,0.0
2018-01-02 00:00:00-05:00,47.845286057222545,47.8626248440823,47.50718798104609,47.550533294677734,1020000,0.0,0.0
2018-01-03 00:00:00-05:00,47.55052937136335,47.63722329850912,47.40315465576831,47.489845275878906,951200,0.0,0.0
2018-01-04 00:00:00-05:00,47.68057825576898,48.03601516139418,47.64590067789436,47.77593994140625,1623300,0.0,0.0
2018-01-05 00:00:00-05:00,47.940646214806485,48.20939244207748,47.87129437659693,48.14870834350586,901600,0.0,0.0
2018-01-08 00:00:00-05:00,47.95798791776171,48.23540190154203,47.95798791776171,48.22673416137695,842100,0.0,0.0
2018-01-09 00:00:00-05:00,47.888630922402484,47.96665380363497,47.61988470770498,47.74125289916992,996700,0.0,0.0
2018-01-10 00:00:00-05:00,47.169088006266925,47.18642679242877,46.69228296143981,46.89167404174805,1125700,0.0,0.0
2018-01-11 00:00:00-05:00,47.02170934772659,47.17775179604848,46.80497949940141,46.83098602294922,1230500,0.0,0.0
2018-01-12 00:00:00-05:00,47.0303776228405,47.30779156729721,46.943687005335924,47.26444625854492,1352300,0.0,0.0
2018-01-16 00:00:00-05:00,47.463840908057406,47.801938971701475,47.463840908057406,47.70657730102539,802900,0.0,0.0
2018-01-17 00:00:00-05:00,48.434787532876705,48.63417860454035,48.08802174577977,48.313419342041016,4235000,0.0,0.0
2018-01-18 00:00:00-05:00,48.18337983336022,48.5301455947023,48.10535695832714,48.434783935546875,4376100,0.0,0.0
2018-01-19 00:00:00-05:00,49.12832070574535,49.54444492704788,49.05896887355164,49.483760833740234,3663900,0.0,0.0
2018-01-22 00:00:00-05:00,49.24970200133832,49.45776084636352,49.18901789595299,49.44042205810547,3591000,0.0,0.0
2018-01-23 00:00:00-05:00,49.6484826288686,49.92589661809041,49.5271144219635,49.71783447265625,1111800,0.0,0.0
2018-01-24 00:00:00-05:00,50.14262184815024,50.14262184815024,49.78718500077214,49.986576080322266,2340900,0.0,0.0
2018-01-25 00:00:00-05:00,49.83920120197504,49.847868941478026,49.11098872341812,49.17167282104492,4880300,0.0,0.0
2018-01-26 00:00:00-05:00,49.50976933132275,49.50976933132275,49.189010067189066,49.4490852355957,903600,0.0,0.0
2018-01-29 00:00:00-05:00,48.460801262433556,48.66019235013514,48.38277837532985,48.504146575927734,980300,0.0,0.0
2018-01-30 00:00:00-05:00,49.16300182818915,49.19767940030956,48.807564981543216,48.91159439086914,952100,0.0,0.0
2018-01-31 00:00:00-05:00,49.284367795040424,49.40573929197369,48.798895035447956,48.95494079589844,1194500,0.0,0.0
2018-02-01 00:00:00-05:00,49.86520780540623,50.15996055449764,49.69182325175799,49.79585266113281,1083600,0.0,0.0
2018-02-02 00:00:00-05:00,49.70049632235537,49.7871869491923,49.18901368713243,49.19768142700195,1594100,0.0,0.0
2018-02-05 00:00:00-05:00,48.26141006431611,48.400120367941746,46.70095552591997,46.744300842285156,2248000,0.0,0.0
2018-02-06 00:00:00-05:00,46.432208068883675,47.28178875383152,46.26749125284994,47.203765869140625,2752600,0.0,0.0
2018-02-07 00:00:00-05:00,46.56224912006811,47.073731796552046,46.48422622680664,46.48422622680664,1409900,0.0,0.0
2018-02-08 00:00:00-05:00,46.674949632198114,46.82232437125088,45.73000717163086,45.73000717163086,1422800,0.0,0.0
2018-02-09 00:00:00-05:00,45.63464140193397,45.78201943481959,44.54232430016908,45.417911529541016,1566200,0.0,0.0
2018-02-12 00:00:00-05:00,45.87737975334217,46.475556343108266,45.851373225799485,46.267494201660156,1072400,0.0,0.0
2018-02-13 00:00:00-05:00,45.90338231711205,46.10277337977327,45.76467534712881,46.016082763671875,1781000,0.0,0.0
2018-02-14 00:00:00-05:00,45.73866888455927,46.38885847430038,45.67798478741292,46.20680618286133,1213100,0.0,0.0
2018-02-15 00:00:00-05:00,46.254889421648855,47.03294316332803,46.193694408362504,47.006717681884766,874800,0.445,0.0
2018-02-16 00:00:00-05:00,46.81438446044922,47.09413402075098,46.70073515942731,46.81438446044922,980700,0.0,0.0
2018-02-20 00:00:00-05:00,45.983877998413455,46.15872231304061,45.73909795886218,45.80029296875,1080500,0.0,0.0
2018-02-21 00:00:00-05:00,45.712873635323156,45.87897390423812,45.13588971687149,45.144630432128906,1375600,0.0,0.0
2018-02-22 00:00:00-05:00,45.45935274935388,45.79155664551892,45.2670236513302,45.53803253173828,1607000,0.0,0.0
2018-02-23 00:00:00-05:00,46.1849471187502,46.193687833027745,45.86148399756139,46.123748779296875,884800,0.0,0.0
2018-02-26 00:00:00-05:00,46.95426394543746,47.11162350573442,46.709483889365806,47.03294372558594,912800,0.0,0.0
2018-02-27 00:00:00-05:00,46.16746900412801,46.19369448561513,45.3806712107332,45.38941192626953,970000,0.0,0.0
2018-02-28 00:00:00-05:00,45.57299519619477,45.58173591075196,45.092175858483266,45.109657287597656,1693800,0.0,0.0
2018-03-01 00:00:00-05:00,44.506447545313215,44.9610414004765,44.357832055004025,44.759971618652344,1662800,0.0,0.0
2018-03-02 00:00:00-05:00,44.899850346911485,45.328215426586425,44.76871627401948,45.27576446533203,993300,0.0,0.0
2018-03-05 00:00:00-05:00,45.109667477447196,45.84401105660929,45.109667477447196,45.76533126831055,833500,0.0,0.0
2018-03-06 00:00:00-05:00,45.92268650012814,45.948915316998516,45.45061114987758,45.607967376708984,666300,0.0,0.0
2018-03-07 00:00:00-05:00,46.071302876621814,46.176208133845684,45.88771784276055,46.115013122558594,907700,0.0,0.0
2018-03-08 00:00:00-05:00,46.73571280893986,47.137852454889334,46.674517790420516,46.97175216674805,856600,0.0,0.0
2018-03-09 00:00:00-05:00,47.1291103870795,47.33018020428808,47.00672035355065,47.242759704589844,771600,0.0,0.0
2018-03-12 00:00:00-04:00,47.25149608111188,47.286465611730954,47.041685567153436,47.08539581298828,781700,0.0,0.0
2018-03-13 00:00:00-04:00,46.77068212658551,46.814392377485156,46.31608818049685,46.359798431396484,851000,0.0,0.0
2018-03-14 00:00:00-04:00,46.82313123903704,46.88432625048977,46.43847307004499,46.630802154541016,2128900,0.0,0.0
2018-03-15 00:00:00-04:00,45.80028966088807,45.95764919919965,45.669158935546875,45.669158935546875,1003400,0.0,0.0
2018-03-16 00:00:00-04:00,45.81777769730406,46.123752746500095,45.71287244256227,45.931427001953125,1207900,0.0,0.0
2018-03-19 00:00:00-04:00,46.16746379792268,46.630798371295874,45.99261949300974,46.080039978027344,1355500,0.0,0.0
2018-03-20 00:00:00-04:00,46.001358770145494,46.219913310738,45.966392578157695,46.123748779296875,761300,0.0,0.0
2018-03-21 00:00:00-04:00,46.045072807318434,46.20243235630822,45.69538751446838,45.835262298583984,901100,0.0,0.0
2018-03-22 00:00:00-04:00,46.01010734110758,46.29859762890573,45.89645803506445,45.9576530456543,1348100,0.0,0.0
2018-03-23 00:00:00-04:00,46.21118020508996,46.52589932894182,45.9576560958895,45.966400146484375,1601900,0.0,0.0
2018-03-26 00:00:00-04:00,46.09752903821555,46.429732915023166,45.91394400164214,46.36853790283203,1048800,0.0,0.0
2018-03-27 00:00:00-04:00,46.36853934950876,46.69199918616484,46.18495430720759,46.3248291015625,1681600,0.0,0.0
2018-03-28 00:00:00-04:00,47.662377320809306,48.51911076842682,47.6361518416089,48.1694221496582,1959400,0.0,0.0
2018-03-29 00:00:00-04:00,48.72892708837263,49.02616142900042,48.51037252423096,48.57156753540039,897500,0.0,0.0
2018-04-02 00:00:00-04:00,48.42295230711044,48.536601622701404,47.74106308332115,47.82848358154297,905300,0.0,0.0
2018-04-03 00:00:00-04:00,48.379238329373024,48.4404333403876,48.073263274300146,48.344268798828125,854500,0.0,0.0
2018-04-04 00:00:00-04:00,48.66772597739536,49.43703893323335,48.545335962009766,49.305908203125,1151000,0.0,0.0
2018-04-05 00:00:00-04:00,49.08735856826191,49.51572366501889,48.97370925621535,49.35836410522461,856700,0.0,0.0
2018-04-06 00:00:00-04:00,49.41082186639838,49.77799197506599,49.183523226375065,49.29717254638672,975300,0.0,0.0
2018-04-09 00:00:00-04:00,49.35835372583813,49.489487776383704,49.10482967338464,49.253448486328125,1180500,0.0,0.0
2018-04-10 00:00:00-04:00,49.04364358996181,49.14855218342461,48.79012282628847,48.98244857788086,1262900,0.0,0.0
2018-04-11 00:00:00-04:00,48.92125790770977,49.16604131263688,48.83383740694331,48.851322174072266,579400,0.0,0.0
2018-04-12 00:00:00-04:00,48.97371226219644,49.026166563640196,48.6852186065733,48.72018814086914,591500,0.0,0.0
2018-04-13 00:00:00-04:00,48.75515433233453,49.08735821561118,48.746410281920916,49.0086784362793,558100,0.0,0.0
2018-04-16 00:00:00-04:00,49.00868281085223,49.16604238356211,48.842579186948235,49.034908294677734,580600,0.0,0.0
2018-04-17 00:00:00-04:00,48.93873705107949,49.201001858119255,48.851316560358896,49.12232208251953,592800,0.0,0.0
2018-04-18 00:00:00-04:00,49.24471487319128,49.37584560776723,49.06112650898027,49.09609603881836,972400,0.0,0.0
2018-04-19 00:00:00-04:00,48.05577559667751,48.143196082863774,47.601181731777814,47.854705810546875,1275900,0.0,0.0
2018-04-20 00:00:00-04:00,47.6623735054842,47.74979398573952,47.21652038550041,47.330169677734375,836500,0.0,0.0
2018-04-23 00:00:00-04:00,47.34766042112172,47.38262995159178,46.97174630576349,47.120365142822266,836500,0.0,0.0
2018-04-24 00:00:00-04:00,47.863451307156375,47.915905605035405,47.59244243709855,47.810997009277344,988800,0.0,0.0
2018-04-25 00:00:00-04:00,47.802258099052075,47.92464813051392,47.62741376773018,47.82848358154297,860900,0.0,0.0
2018-04-26 00:00:00-04:00,48.300555816874066,48.36175082442197,48.07326055096442,48.23936080932617,835200,0.0,0.0
2018-04-27 00:00:00-04:00,48.449164822684814,48.92124339044351,48.35300363432865,48.84256362915039,615300,0.0,0.0
2018-04-30 00:00:00-04:00,49.23597538239664,49.25346014893472,48.79012550774936,48.93000030517578,908400,0.0,0.0
2018-05-01 00:00:00-04:00,48.5191114682239,48.5365962329023,48.16942284441168,48.42294692993164,495400,0.0,0.0
2018-05-02 00:00:00-04:00,47.85471048725012,47.89842073461493,46.93677861819858,47.006717681884766,1115500,0.0,0.0
2018-05-03 00:00:00-04:00,47.30574035644531,47.499794802843454,47.16460832049523,47.30574035644531,926400,0.479,0.0
2018-05-04 00:00:00-04:00,47.243996611121645,47.68503465630251,47.21753204031059,47.66739273071289,832200,0.0,0.0
2018-05-07 00:00:00-04:00,47.72031686197604,47.84381034555284,47.508620476979694,47.632110595703125,328000,0.0,0.0
2018-05-08 00:00:00-04:00,48.33777656083492,48.42598620243661,48.15254136075203,48.276031494140625,785400,0.0,0.0
2018-05-09 00:00:00-04:00,48.672953508308474,49.01696260681597,48.63766966106338,48.990501403808594,971700,0.0,0.0
2018-05-10 00:00:00-04:00,49.20221089056901,49.352165598959964,49.02579833696145,49.29042053222656,696900,0.0,0.0
2018-05-11 00:00:00-04:00,49.39625128213944,49.59030906035782,49.299222393030256,49.32568359375,630300,0.0,0.0
2018-05-14 00:00:00-04:00,49.951969531601875,49.96078881189808,49.36097680615991,49.42272186279297,810300,0.0,0.0
2018-05-15 00:00:00-04:00,49.95196961855114,49.95196961855114,48.64649741698194,48.8846549987793,774600,0.0,0.0
2018-05-16 00:00:00-04:00,48.452436963931994,48.85819113323932,48.37304998603682,48.62885284423828,1498700,0.0,0.0
2018-05-17 00:00:00-04:00,48.7876375250012,48.83174066355969,48.60239895928948,48.75235366821289,1496000,0.0,0.0
2018-05-18 00:00:00-04:00,49.202197727865844,49.290407345925324,48.990501374228835,49.19337844848633,823500,0.0,0.0
2018-05-21 00:00:00-04:00,49.47564838942462,49.52857416656409,49.36097755471573,49.43154525756836,461800,0.0,0.0
2018-05-22 00:00:00-04:00,49.581490974771775,49.81083261826761,49.458000873590734,49.53738784790039,501100,0.0,0.0
2018-05-23 00:00:00-04:00,49.31687508930128,49.440365206108886,49.05225292973449,49.37862014770508,619100,0.0,0.0
2018-05-24 00:00:00-04:00,49.36097685697225,49.440363839132644,49.04342892833066,49.219844818115234,486500,0.0,0.0
2018-05-25 00:00:00-04:00,48.91111996681091,49.26394838464442,48.91111996681091,49.0875358581543,592000,0.0,0.0
2018-05-29 00:00:00-04:00,48.8317312843732,48.9640406746358,48.50536408390168,48.65531539916992,730100,0.0,0.0
2018-05-30 00:00:00-04:00,49.0963564403794,49.54621377862288,48.85819548547873,49.449188232421875,818400,0.0,0.0
2018-05-31 00:00:00-04:00,49.2110301630687,49.2374913713248,48.55829231897206,48.76116943359375,869200,0.0,0.0
2018-06-01 00:00:00-04:00,48.911120987642896,49.02579182413739,48.575931123579984,48.840553283691406,631000,0.0,0.0
2018-06-04 00:00:00-04:00,49.175741069902216,49.33451503223097,48.95522205165154,49.06989288330078,496400,0.0,0.0
2018-06-05 00:00:00-04:00,49.15809631347656,49.25512521429515,48.999322360292155,49.15809631347656,828000,0.0,0.0
2018-06-06 00:00:00-04:00,48.752353296534714,48.814098363016626,48.26721204638236,48.681785583496094,816800,0.0,0.0
2018-06-07 00:00:00-04:00,48.42597961425781,48.78763068348899,48.302486132816284,48.42597961425781,875200,0.0,0.0
2018-06-08 00:00:00-04:00,48.593569936057904,48.955220983504084,48.54946680634069,48.91993713378906,721900,0.0,0.0
2018-06-11 00:00:00-04:00,48.79644808932279,49.19338299514465,48.77880616408035,49.06989288330078,662200,0.0,0.0
2018-06-12 00:00:00-04:00,49.15809460126254,49.31686854891673,49.061065703823544,49.19337844848633,578300,0.0,0.0
2018-06-13 00:00:00-04:00,49.05224993199987,49.06106921201002,48.5141830003468,48.71706008911133,1139800,0.0,0.0
2018-06-14 00:00:00-04:00,47.44687239239539,47.579181783368696,47.20871145081966,47.30574035644531,1427000,0.0,0.0
2018-06-15 00:00:00-04:00,48.07314717310405,48.07314717310405,47.658570331738915,47.87908935546875,898100,0.0,0.0
2018-06-18 00:00:00-04:00,47.43804411431577,47.47332796032675,47.094035027840654,47.27927017211914,712000,0.0,0.0
2018-06-19 00:00:00-04:00,47.09403814184231,47.28809594288162,47.032293089666716,47.199886322021484,899400,0.0,0.0
2018-06-20 00:00:00-04:00,47.80853062166479,47.81734990311233,47.39395373170338,47.640933990478516,875600,0.0,0.0
2018-06-21 00:00:00-04:00,47.799705505371094,47.949660201059885,47.6585734555276,47.799705505371094,1274900,0.0,0.0
2018-06-22 00:00:00-04:00,48.293666119459076,48.63767525754993,48.20545985604977,48.549468994140625,1119700,0.0,0.0
2018-06-25 00:00:00-04:00,48.611211626847215,48.65531475635207,48.152531677319885,48.373050689697266,1459100,0.0,0.0
2018-06-26 00:00:00-04:00,48.425981324323594,48.44361988601337,48.20546228981366,48.258384704589844,1278700,0.0,0.0
2018-06-27 00:00:00-04:00,48.47007818949693,48.60238757417893,48.05550138148342,48.08196258544922,1700700,0.0,0.0
2018-06-28 00:00:00-04:00,48.1613613961291,48.26721296770753,48.037871260808096,48.15254211425781,639200,0.0,0.0
2018-06-29 00:00:00-04:00,48.981688475337364,48.99933040245927,48.76116943359375,48.76116943359375,902000,0.0,0.0
2018-07-02 00:00:00-04:00,48.337767249356716,48.514183133722696,47.90555186575585,48.108428955078125,602600,0.0,0.0
2018-07-03 00:00:00-04:00,49.158099193278176,49.158099193278176,48.83173198810328,48.86701583862305,690200,0.0,0.0
2018-07-05 00:00:00-04:00,49.114000138179854,49.211029052734375,48.87583917468789,49.211029052734375,589700,0.0,0.0
2018-07-06 00:00:00-04:00,49.35215658985023,49.39625972020121,49.0610698727981,49.13163757324219,603900,0.0,0.0
2018-07-09 00:00:00-04:00,49.39626565911264,49.39626565911264,48.93758564563846,49.03461456298828,785600,0.0,0.0
2018-07-10 00:00:00-04:00,49.02578829733968,49.35215549250392,48.91111746909432,49.316871643066406,652700,0.0,0.0
2018-07-11 00:00:00-04:00,48.96404035212843,49.05224997657563,48.496541119544155,48.514183044433594,625800,0.0,0.0
2018-07-12 00:00:00-04:00,48.72588348388672,48.87583480033884,48.62003193301717,48.72588348388672,661400,0.0,0.0
2018-07-13 00:00:00-04:00,48.8846498620733,49.00814332743114,48.7876243294286,48.990501403808594,476000,0.0,0.0
2018-07-16 00:00:00-04:00,49.0522488345781,49.113993887827085,48.82290718120785,48.90229415893555,432100,0.0,0.0
2018-07-17 00:00:00-04:00,48.39069576241737,48.60239214375336,48.39069576241737,48.42597961425781,525500,0.0,0.0
2018-07-18 00:00:00-04:00,48.73470806500478,48.73470806500478,48.29366998296854,48.346595764160156,819700,0.0,0.0
2018-07-19 00:00:00-04:00,49.32569677444917,49.81084134963432,49.29041628567946,49.68735122680664,704200,0.0,0.0
2018-07-20 00:00:00-04:00,50.393007086634555,50.516497198708365,50.24305240422123,50.357723236083984,1008100,0.0,0.0
2018-07-23 00:00:00-04:00,50.21659655261027,50.26069968807397,49.475652436318,49.643245697021484,588500,0.0,0.0
2018-07-24 00:00:00-04:00,49.65205728877316,49.83729243539313,49.59913151908768,49.713802337646484,614900,0.0,0.0
2018-07-25 00:00:00-04:00,49.79319168073765,49.99606876024646,49.528569549415415,49.960784912109375,462000,0.0,0.0
2018-07-26 00:00:00-04:00,49.57267865033612,49.75791382809599,49.44918853182954,49.4580078125,483400,0.0,0.0
2018-07-27 00:00:00-04:00,49.72262365805948,49.94314266018924,49.69616245455685,49.81965255737305,568000,0.0,0.0
2018-07-30 00:00:00-04:00,50.137203196337914,50.20776753114877,49.925503462199124,50.00489044189453,423200,0.0,0.0
2018-07-31 00:00:00-04:00,50.43711365870916,50.5165006454379,50.181310772043936,50.28715896606445,667300,0.0,0.0
2018-08-01 00:00:00-04:00,50.3753685984594,50.3753685984594,50.07546257802341,50.28715896606445,541100,0.0,0.0
2018-08-02 00:00:00-04:00,50.129779179794646,50.40541076660156,50.02307979928456,50.40541076660156,606000,0.453,0.0
2018-08-03 00:00:00-04:00,50.29872592215959,50.64549050613626,50.209813143839185,50.47655487060547,577400,0.0,0.0
2018-08-06 00:00:00-04:00,50.49433172545478,50.66326733964318,50.40541556656248,50.467655181884766,479300,0.0,0.0
2018-08-07 00:00:00-04:00,50.49432556148983,50.73439407348633,50.49432556148983,50.73439407348633,569600,0.0,0.0
2018-08-08 00:00:00-04:00,50.769963888336974,50.841096816221174,50.58324504034799,50.716617584228516,488200,0.0,0.0
2018-08-09 00:00:00-04:00,50.876659513926114,50.876659513926114,50.512111765017636,50.55656814575195,535600,0.0,0.0
2018-08-10 00:00:00-04:00,49.76523908505559,49.925284788594766,49.35623151389724,49.47182083129883,1059900,0.0,0.0
2018-08-13 00:00:00-04:00,49.658532965452466,49.7563390367972,49.43624767305241,49.69409942626953,712200,0.0,0.0
2018-08-14 00:00:00-04:00,49.71187868987775,49.88970758796868,49.57850616835853,49.80968475341797,894400,0.0,0.0
2018-08-15 00:00:00-04:00,49.205075261700024,49.67631902303009,49.07170272194776,49.63186264038086,1058100,0.0,0.0
2018-08-16 00:00:00-04:00,49.61407095924527,50.02307503684849,49.60518104095129,49.818572998046875,513000,0.0,0.0
2018-08-17 00:00:00-04:00,49.75633533533905,50.174232739340475,49.72966218761271,50.10309982299805,475400,0.0,0.0
2018-08-20 00:00:00-04:00,50.28093623780573,50.60102762558413,50.26315300606198,50.42319869995117,506000,0.0,0.0
2018-08-21 00:00:00-04:00,50.654375996630435,50.67215922790932,50.37874099951465,50.59213638305664,621700,0.0,0.0
2018-08-22 00:00:00-04:00,50.86776456564426,50.93889748597347,50.68993565662554,50.76995849609375,608500,0.0,0.0
2018-08-23 00:00:00-04:00,50.7521776663095,50.796634044744586,50.28093055784565,50.343170166015625,625600,0.0,0.0
2018-08-24 00:00:00-04:00,50.53877938572474,50.87665394758716,50.46764647088883,50.72549819946289,543100,0.0,0.0
2018-08-27 00:00:00-04:00,50.956678783224774,51.21452713012695,50.84108948797636,51.21452713012695,528700,0.0,0.0
2018-08-28 00:00:00-04:00,51.52573712448378,51.632433126867056,51.18786249316453,51.23231887817383,550200,0.0,0.0
2018-08-29 00:00:00-04:00,51.28566245526838,51.445708135647166,51.25009599478324,51.339012145996094,591300,0.0,0.0
2018-08-30 00:00:00-04:00,51.2678803328988,51.321230024779375,50.92111581518614,51.08116149902344,646100,0.0,0.0
2018-08-31 00:00:00-04:00,50.81442588645333,50.99225143033136,50.39652839636933,50.56546401977539,750600,0.0,0.0
2018-09-04 00:00:00-04:00,49.60517894174481,49.78300782633506,49.5429393409088,49.649635314941406,767800,0.0,0.0
2018-09-05 00:00:00-04:00,49.18729275393039,49.38290491063037,49.116163219006076,49.19618606567383,916500,0.0,0.0
2018-09-06 00:00:00-04:00,48.71604926480921,48.831635183699106,48.46708741163597,48.55600357055664,1060900,0.0,0.0
2018-09-07 00:00:00-04:00,48.53821849995229,48.88498302709448,48.46708557551055,48.68048095703125,893500,0.0,0.0
2018-09-10 00:00:00-04:00,49.33843545584421,49.525154251332395,49.267302547960874,49.40956497192383,447300,0.0,0.0
2018-09-11 00:00:00-04:00,49.382898466544304,49.738552878365006,49.31176554909765,49.71187973022461,527300,0.0,0.0
2018-09-12 00:00:00-04:00,49.622968641530456,50.227584892912915,49.60518541157165,50.06753921508789,597000,0.0,0.0
2018-09-13 00:00:00-04:00,49.8897086877673,50.058644279185536,49.756336163307935,49.9163818359375,434300,0.0,0.0
2018-09-14 00:00:00-04:00,49.82746792209866,49.82746792209866,49.46292020776535,49.60518264770508,458800,0.0,0.0
2018-09-17 00:00:00-04:00,49.676310349233056,49.80968286569764,49.61407074603065,49.72966003417969,531400,0.0,0.0
2018-09-18 00:00:00-04:00,49.747451849107705,49.92528077115315,49.542949775887045,49.587406158447266,673500,0.0,0.0
2018-09-19 00:00:00-04:00,48.46708642693416,48.55600258404833,48.289260896314985,48.4937629699707,910700,0.0,0.0
2018-09-20 00:00:00-04:00,49.16061494483058,49.7474479675293,49.12504848483567,49.7474479675293,526100,0.0,0.0
2018-09-21 00:00:00-04:00,49.3829013736312,49.85414510814193,49.37400806252474,49.69409942626953,544400,0.0,0.0
2018-09-24 00:00:00-04:00,49.293984355999115,49.31176758609538,48.89387355014835,48.94721984863281,764500,0.0,0.0
2018-09-25 00:00:00-04:00,48.94722069309791,49.08059322521874,48.7427186311692,48.760501861572266,603300,0.0,0.0
2018-09-26 00:00:00-04:00,48.84942023938057,49.27620764272087,48.822747086610796,49.00057601928711,769100,0.0,0.0
2018-09-27 00:00:00-04:00,49.32954871537192,49.507377616956944,49.11615674691325,49.14282989501953,515300,0.0,0.0
2018-09-28 00:00:00-04:00,48.99167691295326,49.08948298394803,48.79606816276811,48.87609100341797,738800,0.0,0.0
2018-10-01 00:00:00-04:00,49.16061898148236,49.231748515508414,48.99167997853687,49.107269287109375,559100,0.0,0.0
2018-10-02 00:00:00-04:00,48.32481824119961,48.68936596265988,48.235905486425565,48.57378005981445,622800,0.0,0.0
2018-10-03 00:00:00-04:00,48.74271565060681,48.97389423990601,48.52932368242743,48.57378005981445,807100,0.0,0.0
2018-10-04 00:00:00-04:00,47.68464979966003,47.711322953803204,47.186729440889295,47.391231536865234,945300,0.0,0.0
2018-10-05 00:00:00-04:00,47.08891354279177,47.40900489304195,47.08002362386449,47.33787536621094,1199200,0.0,0.0
2018-10-08 00:00:00-04:00,46.95554741128993,47.409007925277756,46.928870869193375,47.36455154418945,687700,0.0,0.0
2018-10-09 00:00:00-04:00,47.05334350455847,47.560157031775425,47.044453586307355,47.42678451538086,765400,0.0,0.0
2018-10-10 00:00:00-04:00,47.4801448227929,47.62240728926624,47.044464111328125,47.044464111328125,762500,0.0,0.0
2018-10-11 00:00:00-04:00,47.000008616628094,47.02668176965801,45.84412563066592,46.08419418334961,1293700,0.0,0.0
2018-10-12 00:00:00-04:00,46.35983090412216,46.43985376381073,45.91526021514239,46.279808044433594,1206300,0.0,0.0
2018-10-15 00:00:00-04:00,46.41316792735395,47.09780700834987,46.40427461659319,46.85773849487305,848500,0.0,0.0
2018-10-16 00:00:00-04:00,47.640182648116756,47.75576855115784,47.417897369001174,47.524593353271484,657800,0.0,0.0
2018-10-17 00:00:00-04:00,47.04445440535041,47.355652426617034,46.72436307387385,47.24006652832031,992200,0.0,0.0
2018-10-18 00:00:00-04:00,46.56431866220867,46.9377596895902,46.22644748482078,46.34203338623047,1564800,0.0,0.0
2018-10-19 00:00:00-04:00,48.11143306459977,48.315935142891654,47.77355844351531,48.031410217285156,1408600,0.0,0.0
2018-10-22 00:00:00-04:00,48.4759742393148,48.520430616926355,47.60461634927238,47.77355194091797,1205400,0.0,0.0
2018-10-23 00:00:00-04:00,48.28036373865529,48.46708256601403,47.67574748566138,48.28925704956055,2400100,0.0,0.0
2018-10-24 00:00:00-04:00,48.23591057853146,48.369283116576405,47.79133997412104,47.83579635620117,1157300,0.0,0.0
2018-10-25 00:00:00-04:00,48.31593349250113,48.44041271922639,48.04919180783207,48.24480056762695,965400,0.0,0.0
2018-10-26 00:00:00-04:00,47.84468754152974,47.87136069123158,47.00889267162511,47.46235656738281,1053400,0.0,0.0
2018-10-29 00:00:00-04:00,47.38232603307836,47.64906766219955,46.95553874812368,47.25784683227539,1230600,0.0,0.0
2018-10-30 00:00:00-04:00,47.00000490518856,47.70242727515004,46.96443844275403,47.675750732421875,1034800,0.0,0.0
2018-10-31 00:00:00-04:00,47.560168665131,47.56905858555661,47.07113824660198,47.10670471191406,1116100,0.0,0.0
2018-11-01 00:00:00-04:00,47.66178285615978,48.01151127929836,47.59901126332954,47.99357604980469,766200,0.449,0.0
2018-11-02 00:00:00-04:00,47.49139709884805,47.92183231904605,47.36585392055635,47.69764709472656,823400,0.0,0.0
2018-11-05 00:00:00-05:00,47.85906342797507,48.12808502816565,47.77835660583838,47.9666748046875,852000,0.0,0.0
2018-11-06 00:00:00-05:00,47.90390065124008,47.98460747482573,47.760422233842846,47.93080520629883,1006100,0.0,0.0
2018-11-07 00:00:00-05:00,48.567486554571744,48.576452458338366,48.2625945145812,48.50471496582031,998200,0.0,0.0
2018-11-08 00:00:00-05:00,48.110151003352705,48.20878962960252,47.7424873685095,47.8680305480957,727100,0.0,0.0
2018-11-09 00:00:00-05:00,48.41505137162155,48.549560478247145,48.199832011906665,48.379180908203125,869600,0.0,0.0
2018-11-12 00:00:00-05:00,48.04738027628715,48.208790495228314,47.76938935878682,47.83216094970703,1382700,0.0,0.0
2018-11-13 00:00:00-05:00,48.2805380896444,48.67510291869359,48.08325396472199,48.441951751708984,1518000,0.0,0.0
2018-11-14 00:00:00-05:00,48.316391960971714,48.52264192038589,48.02046587520717,48.30742263793945,1034200,0.0,0.0
2018-11-15 00:00:00-05:00,48.70200063588766,48.719935864797506,48.15498812692013,48.693031311035156,2027600,0.0,0.0
2018-11-16 00:00:00-05:00,48.908250586593766,49.33868581759981,48.86341422476306,49.12346649169922,1480400,0.0,0.0
2018-11-19 00:00:00-05:00,49.34765333883749,49.419394256753776,48.90825218938359,49.02482604980469,1062000,0.0,0.0
2018-11-20 00:00:00-05:00,48.97999034850957,49.12346876548612,48.728903973999415,48.79167556762695,2020500,0.0,0.0
2018-11-21 00:00:00-05:00,49.069665123698314,49.30281626196128,48.75580374355005,48.80064010620117,1044100,0.0,0.0
2018-11-23 00:00:00-05:00,48.54955964559782,48.86342106393266,48.39711530987751,48.72890853881836,873200,0.0,0.0
2018-11-26 00:00:00-05:00,48.424009864958585,48.531617817946966,48.226725767150604,48.43297576904297,1649000,0.0,0.0
2018-11-27 00:00:00-05:00,48.69303642814374,48.979993279267156,48.52265686678781,48.97102737426758,1729300,0.0,0.0
2018-11-28 00:00:00-05:00,48.917216250955605,49.22210829902369,48.666129889297814,49.21314239501953,1303200,0.0,0.0
2018-11-29 00:00:00-05:00,48.74683379377097,49.141398541468675,48.69302811057791,48.89031219482422,1158000,0.0,0.0
2018-11-30 00:00:00-05:00,48.71096408937753,48.74683454539265,48.45090841446034,48.68406295776367,776500,0.0,0.0
2018-12-03 00:00:00-05:00,48.58541722246475,48.710960388183594,48.28052521109268,48.710960388183594,965500,0.0,0.0
2018-12-04 00:00:00-05:00,49.15036863340819,49.168303861419346,48.513680011794776,48.540584564208984,1340900,0.0,0.0
2018-12-06 00:00:00-05:00,47.9666636201914,48.33432718624179,47.50932392779064,48.30742263793945,1411900,0.0,0.0
2018-12-07 00:00:00-05:00,48.52265242048897,48.684066062054434,48.334337645594324,48.45988082885742,809400,0.0,0.0
2018-12-10 00:00:00-05:00,48.45091167363339,48.48678213206143,47.661782112987694,48.05634689331055,1712900,0.0,0.0
2018-12-11 00:00:00-05:00,48.352275449729625,48.800645971722496,48.280537945024484,48.558528900146484,986800,0.0,0.0
2018-12-12 00:00:00-05:00,48.93514917537895,49.26694234063032,48.9172139474201,48.94411849975586,1005500,0.0,0.0
2018-12-13 00:00:00-05:00,49.222108315151274,49.37455604963283,48.97998785741831,49.069664001464844,1213200,0.0,0.0
2018-12-14 00:00:00-05:00,48.59438695111856,48.83650739869282,48.37917105602698,48.424007415771484,1133500,0.0,0.0
2018-12-17 00:00:00-05:00,48.29846431221258,48.30743021585686,47.27618025701528,47.41965866088867,1814300,0.0,0.0
2018-12-18 00:00:00-05:00,47.58107229284561,47.76041773209112,47.26721093257601,47.41965866088867,1755600,0.0,0.0
2018-12-19 00:00:00-05:00,47.50037315280815,47.921839108096904,47.0968390077057,47.276187896728516,1121700,0.0,0.0
2018-12-20 00:00:00-05:00,47.74248765465578,47.74248765465578,47.141669464869956,47.34791946411133,1704300,0.0,0.0
2018-12-21 00:00:00-05:00,47.204444321134666,47.85009891702954,46.81884542867471,46.86368179321289,1763600,0.0,0.0
2018-12-24 00:00:00-05:00,47.08786865369468,47.18651071154324,45.679985549918094,45.70689010620117,909900,0.0,0.0
2018-12-26 00:00:00-05:00,45.70688905473697,46.747108459472656,45.55444130862468,46.747108459472656,1549000,0.0,0.0
2018-12-27 00:00:00-05:00,46.10144644522943,46.78296797844513,45.895196462535274,46.77400207519531,3609000,0.0,0.0
2018-12-28 00:00:00-05:00,47.016124007423535,47.159602409546565,46.513947889595464,46.648460388183594,3141100,0.0,0.0
2018-12-31 00:00:00-05:00,47.02509298460039,47.05199753855351,46.675364570366334,46.854713439941406,1007500,0.0,0.0
2019-01-02 00:00:00-05:00,46.66640396926179,46.91749036272243,46.504990310381224,46.72917556762695,1199800,0.0,0.0
2019-01-03 00:00:00-05:00,46.460151892542434,46.85471669639414,46.41531210643588,46.513954162597656,1340800,0.0,0.0
2019-01-04 00:00:00-05:00,46.711240093585076,47.39276176691714,46.67536963162141,47.276187896728516,1092000,0.0,0.0
2019-01-07 00:00:00-05:00,46.765050406822226,47.060973195270236,46.73814584729359,46.92646408081055,927200,0.0,0.0
2019-01-08 00:00:00-05:00,46.52292097811038,46.97129144862202,46.513951653054825,46.935420989990234,834200,0.0,0.0
2019-01-09 00:00:00-05:00,46.63949403606451,46.80987700124019,46.469114491684,46.540855407714844,1206300,0.0,0.0
2019-01-10 00:00:00-05:00,46.65742997563325,46.91748566901279,46.504985657938825,46.76504135131836,851600,0.0,0.0
2019-01-11 00:00:00-05:00,47.0519988879541,47.11477048098632,46.86368068806217,46.989227294921875,822500,0.0,0.0
2019-01-14 00:00:00-05:00,46.59465632065321,46.63052677762681,46.37047109576077,46.406341552734375,988200,0.0,0.0
2019-01-15 00:00:00-05:00,46.522921610880715,46.92645572398881,46.51395228570317,46.84574890136719,770000,0.0,0.0
2019-01-16 00:00:00-05:00,46.379442889099955,46.487050844953494,46.02074514186117,46.27183151245117,814700,0.0,0.0
2019-01-17 00:00:00-05:00,46.25389856763326,46.78297242958178,46.25389856763326,46.68433380126953,1230800,0.0,0.0
2019-01-18 00:00:00-05:00,46.953365219543315,47.114778893531636,46.80988677830879,46.92646408081055,872600,0.0,0.0
2019-01-22 00:00:00-05:00,46.567759797889956,46.8098802752358,46.47808706737464,46.80091094970703,1035600,0.0,0.0
2019-01-23 00:00:00-05:00,47.36586146059851,47.48243875362487,47.11477506404535,47.38379669189453,678300,0.0,0.0
2019-01-24 00:00:00-05:00,47.276182770323565,47.276182770323565,46.612592979134334,46.854713439941406,696000,0.0,0.0
2019-01-25 00:00:00-05:00,46.88161777548898,47.00716096652859,46.639497298143134,46.80091094970703,718900,0.0,0.0
2019-01-28 00:00:00-05:00,46.37944174984444,46.729170163374214,46.3346019669446,46.68433380126953,1003300,0.0,0.0
2019-01-29 00:00:00-05:00,47.428628602191964,47.590042247890246,47.24031382247571,47.47346496582031,1675100,0.0,0.0
2019-01-30 00:00:00-05:00,47.545206500594844,47.697650823066446,47.294120124384996,47.52727127075195,1114200,0.0,0.0
2019-01-31 00:00:00-05:00,46.73814001685711,47.204445747898106,46.62156614969344,47.168575286865234,1151600,0.0,0.0
2019-02-01 00:00:00-05:00,47.73351755160849,47.79628914075434,47.590039144875824,47.69764709472656,838400,0.0,0.0
2019-02-04 00:00:00-05:00,48.22672875981404,48.24466398989091,47.975642380328516,48.18189239501953,659900,0.0,0.0
2019-02-05 00:00:00-05:00,48.71096880785185,49.141404059343294,48.63026198439749,49.105533599853516,1315700,0.0,0.0
2019-02-06 00:00:00-05:00,48.74683913927637,48.80961073282092,48.334339118613514,48.47781753540039,1084200,0.0,0.0
2019-02-07 00:00:00-05:00,48.477815405707204,48.693031311035156,48.36123812819073,48.693031311035156,1086300,0.0,0.0
2019-02-08 00:00:00-05:00,48.47782214078697,48.73787444412136,48.39711530987751,48.72890853881836,826300,0.0,0.0
2019-02-11 00:00:00-05:00,48.397106284083776,48.58542104748765,48.3702017316011,48.424007415771484,677200,0.0,0.0
2019-02-12 00:00:00-05:00,48.81857420293429,49.22210829902369,48.73786738371642,49.21314239501953,812800,0.0,0.0
2019-02-13 00:00:00-05:00,49.15037622938819,49.374561482981974,49.03379893969668,49.114505767822266,799400,0.0,0.0
2019-02-14 00:00:00-05:00,49.15247039737227,49.43272299297965,49.034948118985405,49.251914978027344,704100,0.442,0.0
2019-02-15 00:00:00-05:00,49.52312447882288,49.55024792223597,49.26095648242027,49.297115325927734,589500,0.0,0.0
2019-02-19 00:00:00-05:00,49.36943536660664,49.749129053185875,49.26095194881624,49.694889068603516,872100,0.0,0.0
2019-02-20 00:00:00-05:00,49.76721187296812,50.05650329589844,49.70392958974122,50.05650329589844,3025800,0.0,0.0
2019-02-21 00:00:00-05:00,50.31868183359996,50.34580183063507,50.01130922223908,50.183074951171875,757300,0.0,0.0
2019-02-22 00:00:00-05:00,49.17959178440737,49.7400935035545,49.13438719609033,49.67681121826172,809100,0.0,0.0
2019-02-25 00:00:00-05:00,49.33327669833141,49.37847783834255,48.96262183243861,49.17959213256836,1324400,0.0,0.0
2019-02-26 00:00:00-05:00,48.92646000241605,49.61352975211857,48.92646000241605,49.48696517944336,1059800,0.0,0.0
2019-02-27 00:00:00-05:00,47.60656977971144,48.194194980781276,47.60656977971144,48.067626953125,2085700,0.0,0.0
2019-02-28 00:00:00-05:00,47.977222414499906,48.39307842567609,47.950102419874575,48.12186813354492,1109200,0.0,0.0
2019-03-01 00:00:00-05:00,47.78737407725915,47.95010093723145,47.606566071887066,47.63368606567383,1259600,0.0,0.0
2019-03-04 00:00:00-05:00,48.01338525383104,48.022424102600546,47.71505151504719,47.995304107666016,1197500,0.0,0.0
2019-03-05 00:00:00-05:00,48.12186856419874,48.61908801232661,48.09474856933071,48.57388687133789,905400,0.0,0.0
2019-03-06 00:00:00-05:00,48.50156499862628,48.56484728477427,48.13091013034835,48.329795837402344,1010600,0.0,0.0
2019-03-07 00:00:00-05:00,48.944539971231315,48.99878340762729,48.6462096926181,48.790855407714844,939100,0.0,0.0
2019-03-08 00:00:00-05:00,49.27903415096654,49.45080331418676,49.09822958765723,49.4417610168457,1316500,0.0,0.0
2019-03-11 00:00:00-04:00,48.691411299280276,49.143429594374034,48.5467655827953,49.098228454589844,1572000,0.0,0.0
2019-03-12 00:00:00-04:00,48.836054410079605,49.33327381842804,48.836054410079605,49.1524658203125,1464500,0.0,0.0
2019-03-13 00:00:00-04:00,49.712971157223045,49.74009115002933,49.45079973134319,49.66776657104492,1289800,0.0,0.0
2019-03-14 00:00:00-04:00,50.26443278072367,50.61700994595913,50.11978706497037,50.54468536376953,1514900,0.0,0.0
2019-03-15 00:00:00-04:00,51.21367261688208,51.40351946723238,50.85205661263083,51.35831832885742,1476700,0.0,0.0
2019-03-18 00:00:00-04:00,51.231753357000095,51.295039092835786,51.087107636431384,51.25887680053711,1047600,0.0,0.0
2019-03-19 00:00:00-04:00,51.23175439349917,51.38544241456491,51.15039440712011,51.295040130615234,886000,0.0,0.0
2019-03-20 00:00:00-04:00,51.403519425316674,51.85553770594925,51.30407485179738,51.64760971069336,1226900,0.0,0.0
2019-03-21 00:00:00-04:00,51.918824914509194,52.27139865506858,51.85554262510757,52.13579177856445,1394100,0.0,0.0
2019-03-22 00:00:00-04:00,51.593370361384295,52.03634982888077,51.57528921489198,51.58433151245117,1128000,0.0,0.0
2019-03-25 00:00:00-04:00,51.493919343927296,51.81937304285935,51.4667993518915,51.78321075439453,1086300,0.0,0.0
2019-03-26 00:00:00-04:00,52.38892089428213,52.51548546465277,52.19907403872617,52.28043746948242,909300,0.0,0.0
2019-03-27 00:00:00-04:00,51.90977933580244,52.21715191430806,51.747055922359145,52.15386962890625,711100,0.0,0.0
2019-03-28 00:00:00-04:00,52.10866806407741,52.33467720970483,52.0996292156477,52.199073791503906,931100,0.0,0.0
2019-03-29 00:00:00-04:00,52.09963250565324,52.199077087789206,51.84649990150003,52.18099594116211,919500,0.0,0.0
2019-04-01 00:00:00-04:00,51.93690280404754,52.10866851470446,51.70185135933185,52.00922393798828,943600,0.0,0.0
2019-04-02 00:00:00-04:00,52.03634209961716,52.144825513831286,51.81033297497282,52.01826095581055,1047200,0.0,0.0
2019-04-03 00:00:00-04:00,52.03635298886562,52.35276445013047,51.90978495573341,52.14483642578125,794700,0.0,0.0
2019-04-04 00:00:00-04:00,52.22619656437591,52.27139770618137,52.063469694975396,52.16291427612305,595100,0.0,0.0
2019-04-05 00:00:00-04:00,52.018268066444236,52.14483264176571,51.891703491122755,52.000186920166016,564300,0.0,0.0
2019-04-08 00:00:00-04:00,52.27139794958591,52.307560242649096,52.027307644348525,52.24427795410156,643200,0.0,0.0
2019-04-09 00:00:00-04:00,51.98211208555104,52.271403563876156,51.88266749325931,52.027313232421875,673600,0.0,0.0
2019-04-10 00:00:00-04:00,52.03634921272245,52.1538714905918,51.837460052288115,52.000186920166016,575000,0.0,0.0
2019-04-11 00:00:00-04:00,52.1629066576379,52.17194550522843,51.873615253983196,52.01826095581055,504500,0.0,0.0
2019-04-12 00:00:00-04:00,51.49392641527153,51.80129901218076,51.35832298784535,51.76513671875,517700,0.0,0.0
2019-04-15 00:00:00-04:00,51.60241329556381,51.76513671875,51.484887566226895,51.76513671875,505600,0.0,0.0
2019-04-16 00:00:00-04:00,51.66568900926565,51.801292419433594,51.62952672043726,51.801292419433594,430100,0.0,0.0
2019-04-17 00:00:00-04:00,51.421598201447225,52.00921987002309,51.421598201447225,51.9278564453125,761500,0.0,0.0
2019-04-18 00:00:00-04:00,53.39239859738367,53.45568087846807,52.92229918888118,53.16638946533203,935200,0.0,0.0
2019-04-22 00:00:00-04:00,53.2115969570716,53.4647261116404,52.9584678025028,53.04887008666992,593000,0.0,0.0
2019-04-23 00:00:00-04:00,52.6058959374045,53.15735889301932,52.56973708925668,53.103118896484375,856700,0.0,0.0
2019-04-24 00:00:00-04:00,53.06694177107772,53.283908593842774,52.949416063715134,53.057899475097656,640400,0.0,0.0
2019-04-25 00:00:00-04:00,53.02174798824219,53.24775713832229,52.91326111319306,53.12118911743164,821400,0.0,0.0
2019-04-26 00:00:00-04:00,53.320078680467645,53.77209698408161,53.21159525321556,53.71785354614258,836200,0.0,0.0
2019-04-29 00:00:00-04:00,53.82634115631962,54.07043145743616,53.74497772261411,53.961944580078125,958300,0.0,0.0
2019-04-30 00:00:00-04:00,54.504374009218864,55.06487580314172,54.39588712113597,54.965431213378906,903000,0.0,0.0
2019-05-01 00:00:00-04:00,54.98351277980839,55.21856425715035,54.31452754133814,54.46821212768555,1128000,0.0,0.0
2019-05-02 00:00:00-04:00,54.80894043469826,54.85449238304903,54.46273937152878,54.480960845947266,807800,0.464,0.0
2019-05-03 00:00:00-04:00,55.10047797951961,55.24624630187055,54.9091577080698,55.13692092895508,595600,0.0,0.0
2019-05-06 00:00:00-04:00,54.74516639803018,55.07314598310328,54.74516639803018,55.06403350830078,468800,0.0,0.0
2019-05-07 00:00:00-04:00,54.7816092700537,54.87271316560657,54.234975470563974,54.41718673706055,580700,0.0,0.0
2019-05-08 00:00:00-04:00,55.00025668210306,55.07314257444854,54.745163009675146,54.854488372802734,812300,0.0,0.0
2019-05-09 00:00:00-04:00,54.818045380761056,54.95470469109916,54.48095681742185,54.74516296386719,845600,0.0,0.0
2019-05-10 00:00:00-04:00,54.87270835107909,55.237130852097835,54.599393213010295,55.20979690551758,859100,0.0,0.0
2019-05-13 00:00:00-04:00,54.79982880591532,55.05492248475309,54.763385858826865,54.98203659057617,629000,0.0,0.0
2019-05-14 00:00:00-04:00,54.49918296942722,54.74516766392003,54.38985759700516,54.43540954589844,748500,0.0,0.0
2019-05-15 00:00:00-04:00,54.599396072319514,55.082252957374074,54.54473165168683,54.98203659057617,589100,0.0,0.0
2019-05-16 00:00:00-04:00,55.209799167038966,55.74732046659494,55.082252329074954,55.45578384399414,955500,0.0,0.0
2019-05-17 00:00:00-04:00,55.54688987254081,55.67443670743219,55.38290009185457,55.43756103515625,649300,0.0,0.0
2019-05-20 00:00:00-04:00,55.20068810074036,55.565110603038676,55.18246662808639,55.264461517333984,474800,0.0,0.0
2019-05-21 00:00:00-04:00,55.5104524721913,55.5742258960079,55.054926030420745,55.13692092895508,930000,0.0,0.0
2019-05-22 00:00:00-04:00,55.601555781770045,56.03886074419339,55.52867335906161,55.82931900024414,1857200,0.0,0.0
2019-05-23 00:00:00-04:00,55.64710538151075,55.829313156906636,55.537776545804554,55.747318267822266,1081500,0.0,0.0
2019-05-24 00:00:00-04:00,56.403280184148485,56.5672699704687,56.22106892430483,56.43061065673828,713900,0.0,0.0
2019-05-28 00:00:00-04:00,56.25750927049286,56.62193177333244,55.79287388099343,55.80198287963867,839900,0.0,0.0
2019-05-29 00:00:00-04:00,55.41023680184853,55.756437875095365,55.19158605324389,55.738216400146484,913700,0.0,0.0
2019-05-30 00:00:00-04:00,55.94775285274534,56.257510946771525,55.91130990629739,56.20284652709961,611600,0.0,0.0
2019-05-31 00:00:00-04:00,55.47400798745648,55.68354972782475,55.3646826175667,55.49222946166992,632300,0.0,0.0
2019-06-03 00:00:00-04:00,55.811090340481876,56.12996089052808,55.647104041652106,56.04796600341797,806600,0.0,0.0
2019-06-04 00:00:00-04:00,55.929526783812705,55.98419119899287,55.53777383016417,55.92041778564453,656800,0.0,0.0
2019-06-05 00:00:00-04:00,56.18462970377099,56.439726874628015,56.066195331099415,56.21196365356445,629600,0.0,0.0
2019-06-06 00:00:00-04:00,56.357729949754265,56.67659705762238,56.27573505410378,56.558162689208984,640300,0.0,0.0
2019-06-07 00:00:00-04:00,56.78592803690326,57.15034710596816,56.77681556182684,56.968135833740234,621700,0.0,0.0
2019-06-10 00:00:00-04:00,56.56726860995792,56.749479865419175,56.42150030066704,56.731258392333984,619700,0.0,0.0
2019-06-11 00:00:00-04:00,57.11390071461267,57.12301318913995,56.89524998142837,57.07746124267578,605000,0.0,0.0
2019-06-12 00:00:00-04:00,57.49655086238289,57.80630899702758,57.48743838688066,57.5421028137207,842800,0.0,0.0
2019-06-13 00:00:00-04:00,57.07746738449361,57.25967518995673,56.90436510375608,57.11390686035156,659900,0.0,0.0
2019-06-14 00:00:00-04:00,56.740370331298855,57.10479286110466,56.73126133197958,57.041019439697266,490400,0.0,0.0
2019-06-17 00:00:00-04:00,56.93168887959441,57.050123236899665,56.795029574530815,56.91346740722656,499300,0.0,0.0
2019-06-18 00:00:00-04:00,57.41455254839733,57.41455254839733,56.758593366856616,56.79503631591797,1332000,0.0,0.0
2019-06-19 00:00:00-04:00,56.65837539590471,57.07746234750308,56.57638050052577,56.93169403076172,779500,0.0,0.0
2019-06-20 00:00:00-04:00,56.84969737600726,57.04101763417357,56.69481658935547,56.69481658935547,718800,0.0,0.0
2019-06-21 00:00:00-04:00,56.25751448826018,56.940804137915165,56.211962540028026,56.785926818847656,849900,0.0,0.0
2019-06-24 00:00:00-04:00,57.250558971249085,57.45099170245576,57.10479066002351,57.33255386352539,504100,0.0,0.0
2019-06-25 00:00:00-04:00,57.195895874441156,57.2961122423629,56.913471719815234,56.92258071899414,437000,0.0,0.0
2019-06-26 00:00:00-04:00,56.676595100078735,56.74948099386881,56.257511636957915,56.26662063598633,672600,0.0,0.0
2019-06-27 00:00:00-04:00,56.01152874277946,56.28484390241743,56.00241974346088,56.184627532958984,568400,0.0,0.0
2019-06-28 00:00:00-04:00,56.348621739306154,56.649270871240404,56.221074886506564,56.457950592041016,483500,0.0,0.0
2019-07-01 00:00:00-04:00,56.72214766605667,56.731260140575394,56.193738831865176,56.539939880371094,761700,0.0,0.0
2019-07-02 00:00:00-04:00,56.77680736423837,57.542091816789075,56.77680736423837,57.44187545776367,832100,0.0,0.0
2019-07-03 00:00:00-04:00,58.23449703125772,58.39848682377428,58.11606266196641,58.12517166137695,395000,0.0,0.0
2019-07-05 00:00:00-04:00,57.50565939728693,57.7516441029905,57.09568488778098,57.64231872558594,440900,0.0,0.0
2019-07-08 00:00:00-04:00,57.74253086231381,57.87918670518566,57.56942859579562,57.85185623168945,476700,0.0,0.0
2019-07-09 00:00:00-04:00,57.10479643553352,57.35078113724103,57.06835348519366,57.30522918701172,718800,0.0,0.0
2019-07-10 00:00:00-04:00,57.11390254801292,57.414551660030824,57.077463074906305,57.104793548583984,486400,0.0,0.0
2019-07-11 00:00:00-04:00,57.35077460009314,57.3963265451302,56.94080014397837,57.159454345703125,422900,0.0,0.0
2019-07-12 00:00:00-04:00,57.05012912583777,57.21411891868556,56.867917858741244,57.104793548583984,540100,0.0,0.0
2019-07-15 00:00:00-04:00,57.34166847535746,57.55121022604321,57.14123919992253,57.25056457519531,403800,0.0,0.0
2019-07-16 00:00:00-04:00,57.66964916948342,57.73342259588372,57.441885939370614,57.53299331665039,491600,0.0,0.0
2019-07-17 00:00:00-04:00,57.77896719191201,57.87918355646727,57.37810520908159,57.487430572509766,440300,0.0,0.0
2019-07-18 00:00:00-04:00,57.47832397637806,57.751639134069094,57.32344318593896,57.67875671386719,819600,0.0,0.0
2019-07-19 00:00:00-04:00,57.42366289661027,57.48743632126995,56.78592865001342,56.81325912475586,526900,0.0,0.0
2019-07-22 00:00:00-04:00,57.150341724855856,57.23233661586847,56.95902147095663,57.214115142822266,379700,0.0,0.0
2019-07-23 00:00:00-04:00,57.50564902232327,57.50564902232327,57.013683175065935,57.06834411621094,404200,0.0,0.0
2019-07-24 00:00:00-04:00,56.90435832097438,57.06834810665713,56.60371269748314,56.69481658935547,589100,0.0,0.0
2019-07-25 00:00:00-04:00,55.7564304491407,55.84753433636041,55.136914284953214,55.474002838134766,778100,0.0,0.0
2019-07-26 00:00:00-04:00,55.20980447836879,55.5286750793457,55.164252528340946,55.5286750793457,514500,0.0,0.0
2019-07-29 00:00:00-04:00,56.04797344479067,56.22107224038712,55.774658276599624,55.993309020996094,459000,0.0,0.0
2019-07-30 00:00:00-04:00,55.92953713910571,56.029753514462435,55.51045363796943,55.63800048828125,536700,0.0,0.0
2019-07-31 00:00:00-04:00,54.94560135880507,55.47401023079998,54.316972636887975,54.772499084472656,745900,0.0,0.0
2019-08-01 00:00:00-04:00,54.818046994492995,55.410232722870035,54.808937995384596,55.03670120239258,782300,0.0,0.0
2019-08-02 00:00:00-04:00,55.14602971664418,55.164251191291875,54.3169717348242,54.544734954833984,678400,0.0,0.0
2019-08-05 00:00:00-04:00,54.29873858976363,54.37162447268907,53.26013908580747,53.46968078613281,642600,0.0,0.0
2019-08-06 00:00:00-04:00,53.70656268662724,53.89788293850848,53.36036165318219,53.6610107421875,635900,0.0,0.0
2019-08-07 00:00:00-04:00,53.39680561186281,54.20764205460021,53.31481072015955,54.107425689697266,621100,0.0,0.0
2019-08-08 00:00:00-04:00,53.73007338243248,54.30850816295292,53.665803240425774,54.25341796875,535000,0.459,0.0
2019-08-09 00:00:00-04:00,54.27178117888007,54.40950141022037,53.79434333815494,54.04224395751953,794300,0.0,0.0
2019-08-12 00:00:00-04:00,54.45540909049078,54.73085304265235,54.40031889907452,54.62985610961914,609800,0.0,0.0
2019-08-13 00:00:00-04:00,54.25341699813582,54.639037843277166,54.235053600396704,54.62067794799805,807200,0.0,0.0
2019-08-14 00:00:00-04:00,54.60231546929709,55.208293595047294,54.52886187710431,54.59313201904297,1050600,0.0,0.0
2019-08-15 00:00:00-04:00,55.2817412242291,55.48373509130858,54.94202713160807,55.11647415161133,1030600,0.0,0.0
2019-08-16 00:00:00-04:00,55.6030974955246,56.16316537088106,55.41946701882837,56.062171936035156,890400,0.0,0.0
2019-08-19 00:00:00-04:00,56.49369617428272,56.88850044987817,56.42942603662391,56.75996017456055,624900,0.0,0.0
2019-08-20 00:00:00-04:00,56.87014396650484,56.916054215379226,56.36516275102878,56.53042984008789,634900,0.0,0.0
2019-08-21 00:00:00-04:00,56.7599589454067,57.017039490474794,56.69568880913968,56.78750228881836,647400,0.0,0.0
2019-08-22 00:00:00-04:00,56.411065448657006,56.71405625767226,56.27334521929916,56.658966064453125,603100,0.0,0.0
2019-08-23 00:00:00-04:00,56.59469137423494,56.97113224148888,55.96116996421041,56.0897102355957,659300,0.0,0.0
2019-08-26 00:00:00-04:00,56.31925232545473,56.57633289054786,56.282525529738564,56.466156005859375,367400,0.0,0.0
2019-08-27 00:00:00-04:00,56.73241943265147,57.46693782705588,56.70487258492007,57.25576400756836,892000,0.0,0.0
2019-08-28 00:00:00-04:00,57.54038158351193,57.69646869528075,57.31084439161512,57.503658294677734,1211400,0.0,0.0
2019-08-29 00:00:00-04:00,58.12800627537066,58.12800627537066,57.52202816069793,57.8066520690918,893800,0.0,0.0
2019-08-30 00:00:00-04:00,58.31163140051294,58.33917824743912,57.760743496427494,58.008644104003906,659200,0.0,0.0
2019-09-03 00:00:00-04:00,58.412632536686395,59.0828808191212,58.36672579178595,59.0461540222168,651700,0.0,0.0
2019-09-04 00:00:00-04:00,59.04614499137882,59.532762717325774,58.981874857856,59.52358627319336,474500,0.0,0.0
2019-09-05 00:00:00-04:00,59.1104231173985,59.12879001798514,58.50444849152186,58.52281188964844,651800,0.0,0.0
2019-09-06 00:00:00-04:00,58.63298237616679,58.84415267542302,58.56871224096888,58.64216232299805,435200,0.0,0.0
2019-09-09 00:00:00-04:00,57.944377405400616,57.97192075150216,57.393485966149186,57.586299896240234,803300,0.0,0.0
2019-09-10 00:00:00-04:00,56.300891502177585,56.52124878409128,56.12644446823854,56.49370193481445,788500,0.0,0.0
2019-09-11 00:00:00-04:00,55.82344841805511,56.50288009643555,55.82344841805511,56.50288009643555,670100,0.0,0.0
2019-09-12 00:00:00-04:00,56.23661732158388,56.78750523313787,56.20907397674416,56.62223815917969,631900,0.0,0.0
2019-09-13 00:00:00-04:00,56.04379901627398,56.35596972288174,56.00707222668262,56.13561248779297,531000,0.0,0.0
2019-09-16 00:00:00-04:00,55.786721982347444,55.805085379444286,55.24501402660021,55.502098083496094,878500,0.0,0.0
2019-09-17 00:00:00-04:00,55.9244425958865,56.60387424080439,55.90607919981199,56.41106033325195,975700,0.0,0.0
2019-09-18 00:00:00-04:00,56.291708979897614,56.53042614713266,56.17234864505008,56.466156005859375,856900,0.0,0.0
2019-09-19 00:00:00-04:00,56.36515796057638,56.65896531560862,56.328431165582366,56.42942810058594,623300,0.0,0.0
2019-09-20 00:00:00-04:00,55.52963277338438,55.86934681058038,55.006288296299424,55.061378479003906,1070000,0.0,0.0
2019-09-23 00:00:00-04:00,55.630631742100604,55.75917200402563,55.37355121825055,55.410274505615234,587300,0.0,0.0
2019-09-24 00:00:00-04:00,55.72245156696535,56.19988938173214,55.69490822268683,55.97035217285156,640800,0.0,0.0
2019-09-25 00:00:00-04:00,55.3643774224349,55.447010962716774,54.98793651725303,55.27256393432617,960900,0.0,0.0
2019-09-26 00:00:00-04:00,55.53882329553006,55.80508378969948,55.511276449439606,55.722450256347656,647500,0.0,0.0
2019-09-27 00:00:00-04:00,55.69490997814649,55.70408992570872,55.30928913625337,55.492916107177734,695800,0.0,0.0
2019-09-30 00:00:00-04:00,55.12565748202926,55.60309530161739,55.107294084838195,55.18074417114258,875100,0.0,0.0
2019-10-01 00:00:00-04:00,55.04302168867399,55.3919192160768,54.75839429757436,55.30010223388672,2030100,0.0,0.0
2019-10-02 00:00:00-04:00,54.73085016191582,54.86857037951781,54.04223856652676,54.26259231567383,1179800,0.0,0.0
2019-10-03 00:00:00-04:00,54.27177059662381,54.74002489581368,54.25340720220038,54.54721450805664,1312100,0.0,0.0
2019-10-04 00:00:00-04:00,54.10650864459803,54.79512023925781,54.10650864459803,54.79512023925781,1017000,0.0,0.0
2019-10-07 00:00:00-04:00,54.73084832112017,55.098105724833,54.68494158346351,54.804298400878906,641400,0.0,0.0
2019-10-08 00:00:00-04:00,54.767579317352556,54.86857274696777,54.27177810668945,54.27177810668945,778000,0.0,0.0
2019-10-09 00:00:00-04:00,54.55639545905274,54.749209352821076,54.345221672982106,54.64821243286133,617600,0.0,0.0
2019-10-10 00:00:00-04:00,54.051417925823095,54.55639905646046,53.95960444841982,54.437042236328125,624900,0.0,0.0
2019-10-11 00:00:00-04:00,54.21668521701335,54.50131260210589,54.088144947119844,54.308502197265625,821100,0.0,0.0
2019-10-14 00:00:00-04:00,53.97797024128791,54.10651051634421,53.72088618871551,53.913700103759766,721400,0.0,0.0
2019-10-15 00:00:00-04:00,53.518899915802436,53.73925368916576,53.41790297698588,53.592350006103516,1081400,0.0,0.0
2019-10-16 00:00:00-04:00,54.501311028066816,54.666578085288194,54.17995686015432,54.52885437011719,677000,0.0,0.0
2019-10-17 00:00:00-04:00,55.4194617925942,55.4378251887781,55.015474081467836,55.07056427001953,739100,0.0,0.0
2019-10-18 00:00:00-04:00,54.813486493030865,55.22665417185856,54.71248956015522,55.162384033203125,566600,0.0,0.0
2019-10-21 00:00:00-04:00,54.42785711570988,54.767574677081015,54.308500299242816,54.38195037841797,773300,0.0,0.0
2019-10-22 00:00:00-04:00,54.57475909720747,54.804296279063514,54.134048128338996,54.32685852050781,1543400,0.0,0.0
2019-10-23 00:00:00-04:00,54.225869025789116,54.40949598259177,54.00551177418235,54.26259231567383,860600,0.0,0.0
2019-10-24 00:00:00-04:00,54.473773235656815,54.969570955371914,54.44622638834047,54.85939407348633,1264700,0.0,0.0
2019-10-25 00:00:00-04:00,54.611488012593504,54.82266180782567,54.43704100847813,54.46458435058594,610000,0.0,0.0
2019-10-28 00:00:00-04:00,54.27176957720625,54.418673227375,53.98714222267834,54.106502532958984,699000,0.0,0.0
2019-10-29 00:00:00-04:00,54.124876215896165,54.62067744288721,54.0330592280497,54.40950012207031,636400,0.0,0.0
2019-10-30 00:00:00-04:00,55.107291941477364,55.28173895431769,54.85939134272969,55.23583221435547,760400,0.0,0.0
2019-10-31 00:00:00-04:00,55.47820988998945,55.607723236083984,55.17292540650319,55.607723236083984,566100,0.452,0.0
2019-11-01 00:00:00-04:00,55.90375659013534,55.92225900146853,55.14517537034487,55.274688720703125,663400,0.0,0.0
2019-11-04 00:00:00-05:00,55.089669051242325,55.200679992110985,54.469854141670254,54.56236267089844,699500,0.0,0.0
2019-11-05 00:00:00-05:00,54.821385431162675,55.03416138523043,54.701125057614384,54.9879035949707,789800,0.0,0.0
2019-11-06 00:00:00-05:00,56.03326697402343,56.0795212354206,55.774240287020106,55.86674880981445,604500,0.0,0.0
2019-11-07 00:00:00-05:00,55.570717112216286,55.58921952250672,55.12666985216766,55.20067596435547,607300,0.0,0.0
2019-11-08 00:00:00-05:00,55.60772230727813,55.792742882454526,55.26543653703486,55.468955993652344,684900,0.0,0.0
2019-11-11 00:00:00-05:00,54.96015372619696,55.11742245500948,54.802888526358494,55.08041763305664,576300,0.0,0.0
2019-11-12 00:00:00-05:00,54.960155130314625,55.006409394450344,54.58086451804312,54.69187545776367,820500,0.0,0.0
2019-11-13 00:00:00-05:00,55.015655475403406,55.26543270522725,54.87688917139893,55.22842788696289,653500,0.0,0.0
2019-11-14 00:00:00-05:00,54.765878476331245,54.997153297997365,54.71962421779277,54.8583869934082,1088800,0.0,0.0
2019-11-15 00:00:00-05:00,54.340332142187954,54.72887213788846,54.27557194726425,54.60860824584961,645500,0.0,0.0
2019-11-18 00:00:00-05:00,54.83064213551041,55.07116642796388,54.66412396036025,54.71963119506836,678800,0.0,0.0
2019-11-19 00:00:00-05:00,54.81213766597278,54.86764489859682,54.534608560800635,54.599365234375,621900,0.0,0.0
2019-11-20 00:00:00-05:00,54.20157228500581,54.46985194953452,54.17382043314907,54.386592864990234,805500,0.0,0.0
2019-11-21 00:00:00-05:00,53.979547283949735,54.1553184242781,53.68351576536667,53.8315315246582,664900,0.0,0.0
2019-11-22 00:00:00-05:00,53.94255250212391,54.025811597336265,53.78528375384524,53.850040435791016,483500,0.0,0.0
2019-11-25 00:00:00-05:00,53.970300179006394,54.23857985713908,53.90554350207425,54.192325592041016,1197000,0.0,0.0
2019-11-26 00:00:00-05:00,54.45135166050228,54.75663262974485,54.3865949843304,54.534610748291016,734000,0.0,0.0
2019-11-27 00:00:00-05:00,54.488353171642025,54.682623188348906,54.321835006186426,54.61786651611328,795500,0.0,0.0
2019-11-29 00:00:00-05:00,54.80288958051812,55.06191628122235,54.747382346521164,55.03416442871094,320000,0.0,0.0
2019-12-02 00:00:00-05:00,54.82139092889984,54.86764872379851,54.38659659444146,54.83989334106445,872700,0.0,0.0
2019-12-03 00:00:00-05:00,54.58086233557053,54.78438532439858,54.5253551034427,54.756629943847656,814600,0.0,0.0
2019-12-04 00:00:00-05:00,54.932395389352244,55.117415948300355,54.849136314274276,55.06190872192383,634700,0.0,0.0
2019-12-05 00:00:00-05:00,54.89539987078845,54.94165413611732,54.65487557369378,54.913902282714844,678500,0.0,0.0
2019-12-06 00:00:00-05:00,55.29319155766399,55.49671455492168,55.10817097188192,55.330196380615234,764000,0.0,0.0
2019-12-09 00:00:00-05:00,55.64472361776406,55.774236953525005,55.45970305425967,55.70948028564453,521900,0.0,0.0
2019-12-10 00:00:00-05:00,55.60772230727813,55.764987502345,55.4041993216867,55.468955993652344,457700,0.0,0.0
2019-12-11 00:00:00-05:00,55.28393759454663,55.42270391363449,55.08041812991827,55.16367721557617,850600,0.0,0.0
2019-12-12 00:00:00-05:00,55.302440570594264,55.39495262725587,54.858393285540956,55.03416442871094,950500,0.0,0.0
2019-12-13 00:00:00-05:00,56.153535062953544,56.39405935753375,56.014768739443376,56.37555694580078,1060400,0.0,0.0
2019-12-16 00:00:00-05:00,57.171138136308116,57.42091537996893,57.02312238402474,57.27289962768555,920400,0.0,0.0
2019-12-17 00:00:00-05:00,52.69365829641759,52.83242461094794,52.0090867514686,52.06459045410156,4307500,0.0,0.0
2019-12-18 00:00:00-05:00,52.18485376890563,52.240360999885866,51.58353778469522,51.71305465698242,2920900,0.0,0.0
2019-12-19 00:00:00-05:00,52.08309471125581,52.41613105475736,51.98133321418877,52.342124938964844,1406300,0.0,0.0
2019-12-20 00:00:00-05:00,52.656651022506566,52.786167890222956,52.4623810143927,52.499385833740234,1199700,0.0,0.0
2019-12-23 00:00:00-05:00,53.054445727038484,53.08220110693532,52.55489476555633,52.591896057128906,968700,0.0,0.0
2019-12-24 00:00:00-05:00,52.4716373693138,52.63815553814807,52.44388198852539,52.44388198852539,373600,0.0,0.0
2019-12-26 00:00:00-05:00,52.72141781688529,52.72141781688529,52.425382754041514,52.54564666748047,402200,0.0,0.0
2019-12-27 00:00:00-05:00,53.526249132801844,53.526249132801844,53.276471883998234,53.368980407714844,705500,0.0,0.0
2019-12-30 00:00:00-05:00,53.637257972868326,53.637257972868326,52.82316958584596,53.0081901550293,704100,0.0,0.0
2019-12-31 00:00:00-05:00,52.998942471607805,53.045196733193585,52.58264705938791,52.8879280090332,647100,0.0,0.0
2020-01-02 00:00:00-05:00,52.85092989498792,53.026697511172074,52.61965504417891,52.749168395996094,738000,0.0,0.0
2020-01-03 00:00:00-05:00,52.36062171996073,52.91568344651348,52.351372279223135,52.67515563964844,623200,0.0,0.0
2020-01-06 00:00:00-05:00,52.480886049927854,52.813922382771445,52.480886049927854,52.73066329956055,655800,0.0,0.0
2020-01-07 00:00:00-05:00,52.018332783788274,52.184850938724125,51.80556037003107,51.87957000732422,1262700,0.0,0.0
2020-01-08 00:00:00-05:00,51.25975400078317,51.76855792913508,51.25975400078317,51.65754699707031,1383100,0.0,0.0
2020-01-09 00:00:00-05:00,51.75931048452676,51.999834768104726,51.676051400023994,51.99058532714844,828600,0.0,0.0
2020-01-10 00:00:00-05:00,51.88882918853129,52.29587168313605,51.87032677573456,52.02759552001953,1342100,0.0,0.0
2020-01-13 00:00:00-05:00,52.027587909392594,52.351371263536066,51.93507585894168,52.26811218261719,1091200,0.0,0.0
2020-01-14 00:00:00-05:00,52.129350170483676,52.25886705179608,51.97208496520845,52.1108512878418,1008500,0.0,0.0
2020-01-15 00:00:00-05:00,52.57340204995053,52.62890575694216,52.44388516603014,52.54564666748047,646800,0.0,0.0
2020-01-16 00:00:00-05:00,52.41613042959678,52.73991379915372,52.35137375568539,52.684410095214844,897100,0.0,0.0
2020-01-17 00:00:00-05:00,53.09145461263811,53.14696184770789,52.8601797599753,53.04520034790039,851400,0.0,0.0
2020-01-21 00:00:00-05:00,53.3134803044895,53.52625274658203,53.109957303803505,53.52625274658203,993000,0.0,0.0
2020-01-22 00:00:00-05:00,53.34122361718054,53.57249843403078,53.29496935960522,53.38747787475586,1651600,0.0,0.0
2020-01-23 00:00:00-05:00,53.1099488003303,53.47998991888014,52.924928241055376,53.38747787475586,2065000,0.0,0.0
2020-01-24 00:00:00-05:00,53.82228149184876,54.802888091982105,53.79452964009113,54.784385681152344,2387600,0.0,0.0
2020-01-27 00:00:00-05:00,53.461494806373494,54.16456879280396,53.42448998367344,53.970298767089844,3592800,0.0,0.0
2020-01-28 00:00:00-05:00,54.331088944348295,54.63637344927896,54.22932744270474,54.543861389160156,1846500,0.0,0.0
2020-01-29 00:00:00-05:00,53.4337385674666,53.85003399372708,53.294975778029155,53.37823486328125,1318300,0.0,0.0
2020-01-30 00:00:00-05:00,54.71962463230566,55.40419613339786,54.61786314536591,55.367191314697266,1138100,0.0,0.0
2020-01-31 00:00:00-05:00,55.450459027646644,55.66323147484971,55.1359250776564,55.29319381713867,952100,0.0,0.0
2020-02-03 00:00:00-05:00,55.47821108164216,55.66322813490901,55.200678443793706,55.37644958496094,1148500,0.0,0.0
2020-02-04 00:00:00-05:00,55.48746108717385,55.61697443736779,55.19142956416653,55.2469367980957,727900,0.0,0.0
2020-02-05 00:00:00-05:00,55.56146721979405,55.866748164669175,55.441203318371045,55.72798538208008,774900,0.0,0.0
2020-02-06 00:00:00-05:00,56.38480878634501,56.40331119770724,56.181285790334634,56.39405822753906,701000,0.0,0.0
2020-02-07 00:00:00-05:00,56.172035920518944,56.227539625207974,55.9870153372826,56.098026275634766,506700,0.0,0.0
2020-02-10 00:00:00-05:00,55.977757435231084,56.11652374267578,55.913000766149906,56.11652374267578,397100,0.0,0.0
2020-02-11 00:00:00-05:00,56.20903214169617,56.403305677498885,56.18128029185598,56.301544189453125,767800,0.0,0.0
2020-02-12 00:00:00-05:00,56.024015151071126,56.20903218879249,55.83899458437597,56.08877182006836,994900,0.0,0.0
2020-02-13 00:00:00-05:00,55.626227769695525,56.088777468527915,55.579973505607114,55.99626541137695,817900,0.0,0.0
2020-02-14 00:00:00-05:00,55.829746602325976,55.931508099547266,55.700233252762196,55.85750198364258,944100,0.0,0.0
2020-02-18 00:00:00-05:00,55.98702013776392,56.13503591124945,55.94076587023239,56.024024963378906,629300,0.0,0.0
2020-02-19 00:00:00-05:00,55.58922251751744,55.783492542572894,55.45970916748047,55.45970916748047,766500,0.0,0.0
2020-02-20 00:00:00-05:00,55.377683082703314,55.60139520058897,55.24718582884646,55.5827522277832,585000,0.452,0.0
2020-02-21 00:00:00-05:00,55.545456625705405,55.834417320284246,55.545456625705405,55.64799118041992,516600,0.0,0.0
2020-02-24 00:00:00-05:00,53.578673239086235,54.296411639382356,53.56935353124641,53.85831069946289,807400,0.0,0.0
2020-02-25 00:00:00-05:00,53.61595749247016,53.77441741123637,52.83297049461902,52.92618179321289,883700,0.0,0.0
2020-02-26 00:00:00-05:00,52.73043245014023,53.08464176181298,52.283011846029694,52.30165481567383,1239000,0.0,0.0
2020-02-27 00:00:00-05:00,52.273696992520804,52.37622800140884,51.006003385282135,51.033966064453125,1934400,0.0,0.0
2020-02-28 00:00:00-05:00,50.2043665603016,50.29757784870403,49.08581332055888,50.269615173339844,2772600,0.0,0.0
2020-03-02 00:00:00-05:00,50.96871320578408,52.049980565175524,50.70771873979463,52.0406608581543,3151900,0.0,0.0
2020-03-03 00:00:00-05:00,52.34826906465735,53.18718505759395,51.61188764372228,52.1431999206543,2262700,0.0,0.0
2020-03-04 00:00:00-05:00,53.233785301994835,54.41758728027344,52.73975902068019,54.41758728027344,1461700,0.0,0.0
2020-03-05 00:00:00-05:00,53.83966758456866,54.30573120254921,53.47613853146914,53.86763381958008,1358700,0.0,0.0
2020-03-06 00:00:00-05:00,53.10328405745805,53.40156445641256,52.618577520211254,53.308349609375,1611500,0.0,0.0
2020-03-09 00:00:00-04:00,51.12718536612084,52.11524166891476,49.123113632770064,50.288272857666016,2093100,0.0,0.0
2020-03-10 00:00:00-04:00,50.6238350008824,51.42546149293956,49.328175065544954,51.28564453125,1974000,0.0,0.0
2020-03-11 00:00:00-04:00,49.9806584184456,50.129798625081314,48.42400773392177,48.908714294433594,2028800,0.0,0.0
2020-03-12 00:00:00-04:00,45.543737407494554,47.32410028944798,43.80998017627414,45.3573112487793,1863300,0.0,0.0
2020-03-13 00:00:00-04:00,47.025820309951584,47.025820309951584,44.21079559805718,46.578399658203125,1863700,0.0,0.0
2020-03-16 00:00:00-04:00,41.72201700076702,43.35323979990231,41.42373654481639,42.0389404296875,4273100,0.0,0.0
2020-03-17 00:00:00-04:00,43.2879912086444,47.286818241546584,42.97106777945856,46.960575103759766,3696900,0.0,0.0
2020-03-18 00:00:00-04:00,44.89125273371709,47.7155974474885,44.38790311469339,45.56238555908203,3161600,0.0,0.0
2020-03-19 00:00:00-04:00,45.54373694668727,48.85278789621534,45.07767333250632,47.22156524658203,3330900,0.0,0.0
2020-03-20 00:00:00-04:00,45.8793087116385,46.447906956712,43.903196195025096,43.96844482421875,2802100,0.0,0.0
2020-03-23 00:00:00-04:00,43.437129997088334,44.0989430708952,41.06952939894122,41.59151840209961,2517600,0.0,0.0
2020-03-24 00:00:00-04:00,43.14816985572014,44.35061482258852,42.50499979838986,44.27604293823242,2754200,0.0,0.0
2020-03-25 00:00:00-04:00,43.83794268346161,45.338668099342335,43.166813492817866,44.378578186035156,3605200,0.0,0.0
2020-03-26 00:00:00-04:00,44.87260864343073,46.64365197483174,44.83532269721979,46.45722579956055,3534700,0.0,0.0
2020-03-27 00:00:00-04:00,45.00310392503102,46.79279015102125,44.60228891030656,45.90726852416992,1476600,0.0,0.0
2020-03-30 00:00:00-04:00,46.130980485364,47.34274523383685,46.03776562423017,47.14699935913086,1889500,0.0,0.0
2020-03-31 00:00:00-04:00,47.32409857628291,47.8460910906325,46.75550041288747,47.137672424316406,1713400,0.0,0.0
2020-04-01 00:00:00-04:00,46.01911336478458,46.87667213523315,45.79540485477723,45.842010498046875,1272000,0.0,0.0
2020-04-02 00:00:00-04:00,46.466541582894216,47.49188368237676,46.252152743967386,47.324100494384766,1558200,0.0,0.0
2020-04-03 00:00:00-04:00,46.531783762306816,46.92327899867391,46.02843782381019,46.41992950439453,1326000,0.0,0.0
2020-04-06 00:00:00-04:00,47.60374272846807,48.04184371390208,47.40799684144658,47.780845642089844,1945500,0.0,0.0
2020-04-07 00:00:00-04:00,48.62908015801959,48.62908015801959,47.081748962402344,47.081748962402344,1877000,0.0,0.0
2020-04-08 00:00:00-04:00,47.771525933281794,48.07912966070149,47.20292768983345,47.780845642089844,1429500,0.0,0.0
2020-04-09 00:00:00-04:00,48.54519123632056,48.57315391732329,47.82745279238866,48.21894454956055,1232900,0.0,0.0
2020-04-13 00:00:00-04:00,48.00455433480323,48.312158040229434,47.529170992343055,48.14437484741211,774500,0.0,0.0
2020-04-14 00:00:00-04:00,49.393423910581255,49.9247361518261,49.095139923074015,49.67306137084961,1676500,0.0,0.0
2020-04-15 00:00:00-04:00,48.358764520247185,48.92736273277359,48.209624296943815,48.47993850708008,1262900,0.0,0.0
2020-04-16 00:00:00-04:00,48.29351197422258,48.91803549742303,48.09776255795423,48.73160934448242,2139000,0.0,0.0
2020-04-17 00:00:00-04:00,49.02989129302129,49.45867252486623,48.18165564873257,49.300209045410156,1905800,0.0,0.0
2020-04-20 00:00:00-04:00,49.43070900658888,50.66111674382449,49.22564342090522,49.952701568603516,2591400,0.0,0.0
2020-04-21 00:00:00-04:00,48.99261256986552,49.49595861359798,48.53586862457508,49.17903518676758,2880300,0.0,0.0
2020-04-22 00:00:00-04:00,49.56120969598404,49.62646188207261,49.039220653544795,49.34682083129883,1526300,0.0,0.0
2020-04-23 00:00:00-04:00,48.50790337243557,49.0578585970312,47.98591082773662,48.03251647949219,1384000,0.0,0.0
2020-04-24 00:00:00-04:00,47.78084425542582,48.27487414672154,47.5571356926889,48.07912826538086,1090500,0.0,0.0
2020-04-27 00:00:00-04:00,48.349440439666665,48.41468906402355,47.827451444811615,48.01387405395508,804500,0.0,0.0
2020-04-28 00:00:00-04:00,48.0231978569188,48.03251756516725,47.463919355860746,47.510528564453125,1406300,0.0,0.0
2020-04-29 00:00:00-04:00,48.31215858887617,48.386726922206606,47.939306254873834,48.125732421875,1323500,0.0,0.0
2020-04-30 00:00:00-04:00,49.14174410373467,49.14174410373467,48.15368805233575,48.34943389892578,1235500,0.0,0.0
2020-05-01 00:00:00-04:00,48.386726789738766,48.545190275780115,47.874057498726614,48.004554748535156,1130800,0.0,0.0
2020-05-04 00:00:00-04:00,47.286812798658076,47.56645024968568,46.89532107837606,47.50120162963867,1173700,0.0,0.0
2020-05-05 00:00:00-04:00,47.16564164021383,47.501208049109756,47.01650140912493,47.174964904785156,1609700,0.0,0.0
2020-05-06 00:00:00-04:00,47.25885365204465,47.28681633250219,46.37333202779442,46.40129470825195,1087100,0.0,0.0
2020-05-07 00:00:00-04:00,47.25885432933484,47.46391991526797,46.755504739185156,47.11903381347656,1218800,0.0,0.0
2020-05-08 00:00:00-04:00,47.976588818422805,48.46129539615423,47.58509353973148,48.358760833740234,2432100,0.0,0.0
2020-05-11 00:00:00-04:00,48.06980229034103,48.88075200715295,47.93930504347282,48.65704345703125,1627300,0.0,0.0
2020-05-12 00:00:00-04:00,48.89939276858247,49.095138630036566,48.358760833740234,48.358760833740234,1021200,0.0,0.0
2020-05-13 00:00:00-04:00,48.62907777094788,48.84347017126352,48.02319718138701,48.26554870605469,1065000,0.0,0.0
2020-05-14 00:00:00-04:00,47.790744326172174,48.04459717041559,47.40525584529842,47.94117736816406,1302100,0.445,0.0
2020-05-15 00:00:00-04:00,47.66851748612297,48.14802169799805,47.63090832808387,48.14802169799805,1532800,0.0,0.0
2020-05-18 00:00:00-04:00,48.69334415378789,49.492519042741485,48.54291110692815,49.313880920410156,1327700,0.0,0.0
2020-05-19 00:00:00-04:00,48.411281766313735,48.51470157004699,47.630907884008174,47.64030838012695,1624500,0.0,0.0
2020-05-20 00:00:00-04:00,48.25144264177395,48.627527029874884,48.148019255715866,48.35486602783203,1124800,0.0,0.0
2020-05-21 00:00:00-04:00,48.3172614024277,48.40188021835482,47.75313835398481,47.800148010253906,1287600,0.0,0.0
2020-05-22 00:00:00-04:00,47.348840556512414,47.83774878656721,47.22661260234715,47.73432540893555,991300,0.0,0.0
2020-05-26 00:00:00-04:00,48.42068420939431,48.448889285491425,47.95058047920602,48.02579879760742,1110400,0.0,0.0
2020-05-27 00:00:00-04:00,47.743730478995,49.16344565717429,47.72492590065943,49.11643600463867,1685100,0.0,0.0
2020-05-28 00:00:00-04:00,50.084851265840676,50.7429971978197,50.05664619006952,50.40452194213867,2425100,0.0,0.0
2020-05-29 00:00:00-04:00,51.231908009969054,51.26951358396928,50.366915249038534,50.818214416503906,1530600,0.0,0.0
2020-06-01 00:00:00-04:00,50.98745298877948,51.27891860892617,50.79941076889797,51.13788604736328,824400,0.0,0.0
2020-06-02 00:00:00-04:00,51.30711734953677,51.52336462037885,51.05326092204217,51.3823356628418,859700,0.0,0.0
2020-06-03 00:00:00-04:00,51.890049458886644,52.74563812104946,51.805430642338365,52.36015319824219,991500,0.0,0.0
2020-06-04 00:00:00-04:00,52.491778638600195,52.83965435760493,52.26612729405799,52.38835525512695,923600,0.0,0.0
2020-06-05 00:00:00-04:00,53.04649887792973,53.35676903618707,52.72683181054683,52.88666534423828,932900,0.0,0.0
2020-06-08 00:00:00-04:00,52.71742688831947,53.14992141723633,52.661013155006046,53.14992141723633,825900,0.0,0.0
2020-06-09 00:00:00-04:00,52.1062903418138,52.54818895018812,52.068684773110434,52.27552795410156,760000,0.0,0.0
2020-06-10 00:00:00-04:00,53.074712046403576,53.30035982920542,52.764441861792484,52.99009323120117,1061000,0.0,0.0
2020-06-11 00:00:00-04:00,51.97466920623753,52.36015413594836,51.12848461220756,51.438751220703125,4120200,0.0,0.0
2020-06-12 00:00:00-04:00,51.5139656641242,51.777222595346636,50.92163398226704,51.476356506347656,4006100,0.0,0.0
2020-06-15 00:00:00-04:00,50.82761864251816,51.86184545586785,50.648976922436454,51.73021697998047,1420900,0.0,0.0
2020-06-16 00:00:00-04:00,52.698626893008374,53.14052554253976,52.331946561102235,52.924278259277344,1441400,0.0,0.0
2020-06-17 00:00:00-04:00,53.45079182240649,54.240566219800776,53.403782167470105,53.62002944946289,2247400,0.0,0.0
2020-06-18 00:00:00-04:00,53.704643006312985,53.80806638901388,53.20633425687021,53.45078659057617,1512300,0.0,0.0
2020-06-19 00:00:00-04:00,54.673065339433954,54.72947549171474,53.81747669264268,53.939701080322266,986800,0.0,0.0
2020-06-22 00:00:00-04:00,54.43800731634547,54.47561288474338,53.69524264473877,53.77986145019531,825000,0.0,0.0
2020-06-23 00:00:00-04:00,53.86448681281768,54.4098052803389,53.770463913861015,53.789268493652344,1026800,0.0,0.0
2020-06-24 00:00:00-04:00,53.789270168851274,53.82687932960523,52.93368148803711,52.93368148803711,1430600,0.0,0.0
2020-06-25 00:00:00-04:00,52.93367523008797,53.17813115948154,52.54819034445032,53.14052200317383,1021100,0.0,0.0
2020-06-26 00:00:00-04:00,53.667046253915565,53.667046253915565,52.736239243309875,52.78324890136719,884300,0.0,0.0
2020-06-29 00:00:00-04:00,52.03108141722115,52.23792820787402,51.739615810992724,51.965267181396484,803200,0.0,0.0
2020-06-30 00:00:00-04:00,51.13787623575213,51.69259870533643,51.128475740534846,51.59857940673828,991800,0.0,0.0
2020-07-01 00:00:00-04:00,51.429345942923234,51.98406845719381,51.38233628983724,51.7772216796875,666000,0.0,0.0
2020-07-02 00:00:00-04:00,52.21912235523153,52.736235732651714,52.21912235523153,52.341346740722656,653800,0.0,0.0
2020-07-06 00:00:00-04:00,52.172113698461814,52.33194724559589,51.63619214488909,51.749019622802734,780500,0.0,0.0
2020-07-07 00:00:00-04:00,51.203692143504114,51.58917701898512,51.109672841818586,51.32592010498047,664000,0.0,0.0
2020-07-08 00:00:00-04:00,50.96864030268384,51.32592010498047,50.837011845681516,51.32592010498047,720300,0.0,0.0
2020-07-09 00:00:00-04:00,51.3729360271659,51.49516400356321,50.357513815900155,50.49854278564453,2065500,0.0,0.0
2020-07-10 00:00:00-04:00,50.761807594168445,51.05326964148811,50.63957960747561,50.968650817871094,1085500,0.0,0.0
2020-07-13 00:00:00-04:00,51.37293584239632,51.90885381603265,51.09087431731514,51.48575973510742,1864800,0.0,0.0
2020-07-14 00:00:00-04:00,51.31652132356645,51.78662502090975,51.31652132356645,51.71140670776367,802500,0.0,0.0
2020-07-15 00:00:00-04:00,52.32254432960682,52.51058294422073,51.87124161203477,51.91825485229492,691700,0.0,0.0
2020-07-16 00:00:00-04:00,51.77722429465981,51.99347157906208,51.68320498373946,51.86184310913086,635100,0.0,0.0
2020-07-17 00:00:00-04:00,52.247328452514004,52.48238031835638,52.05928624251874,52.36955642700195,554200,0.0,0.0
2020-07-20 00:00:00-04:00,52.45417549509891,52.623413126250014,51.87124428264206,51.965267181396484,1190600,0.0,0.0
2020-07-21 00:00:00-04:00,52.63281188506452,52.9524825570614,52.21912190402428,52.2379264831543,851600,0.0,0.0
2020-07-22 00:00:00-04:00,52.519986052735106,52.604604862384456,51.99346861640507,52.510581970214844,886700,0.0,0.0
2020-07-23 00:00:00-04:00,56.88254670143431,57.31504123705634,56.045762703981,56.1021728515625,1733200,0.0,0.0
2020-07-24 00:00:00-04:00,57.268030445396874,57.39025840706832,56.440646960139055,56.55347442626953,899600,0.0,0.0
2020-07-27 00:00:00-04:00,57.73813834991782,57.73813834991782,57.155210745376024,57.390262603759766,781200,0.0,0.0
2020-07-28 00:00:00-04:00,56.75091783380165,57.97318670624059,56.75091783380165,57.56889724731445,806900,0.0,0.0
2020-07-29 00:00:00-04:00,58.89459137269551,58.89459137269551,58.29285920635791,58.53731155395508,794900,0.0,0.0
2020-07-30 00:00:00-04:00,57.32444711787194,57.84156047769653,56.77912509676505,57.76634216308594,755700,0.0,0.0
2020-07-31 00:00:00-04:00,57.399664607326216,57.53129307762065,56.33722917528185,56.863746643066406,1023600,0.0,0.0
2020-08-03 00:00:00-04:00,58.029598490068956,58.21763708981286,57.39025720844178,57.58769989013672,794300,0.0,0.0
2020-08-04 00:00:00-04:00,57.145801826600774,58.057804107666016,57.061183021279184,58.057804107666016,773100,0.0,0.0
2020-08-05 00:00:00-04:00,58.36808069415945,58.52791424039327,57.48428338851471,57.52189254760742,698400,0.0,0.0
2020-08-06 00:00:00-04:00,57.132474587673386,57.46409145541047,57.113524742575834,57.24617004394531,930100,0.469,0.0
2020-08-07 00:00:00-04:00,56.62084612633171,56.74401832647816,56.29870595124286,56.55452346801758,726300,0.0,0.0
2020-08-10 00:00:00-04:00,56.79138954503363,56.79138954503363,56.298704372576964,56.440826416015625,870300,0.0,0.0
2020-08-11 00:00:00-04:00,56.50714708722927,56.53557004919295,55.60704927713913,55.69232177734375,647900,0.0,0.0
2020-08-12 00:00:00-04:00,56.658743713086295,57.32197388586816,56.58294794111007,57.01878356933594,791200,0.0,0.0
2020-08-13 00:00:00-04:00,57.08510248329725,57.26512059246518,56.6682167289704,56.762962341308594,786400,0.0,0.0
2020-08-14 00:00:00-04:00,56.497679218027095,56.744020011320536,56.18501215013635,56.317657470703125,1242100,0.0,0.0
2020-08-17 00:00:00-04:00,56.43135196830036,56.82928789763738,56.43135196830036,56.61137008666992,740300,0.0,0.0
2020-08-18 00:00:00-04:00,56.99983697896907,57.01878682662408,56.62084725449657,56.89561462402344,763900,0.0,0.0
2020-08-19 00:00:00-04:00,57.42619951542217,57.42619951542217,56.80086900006225,56.89561462402344,776400,0.0,0.0
2020-08-20 00:00:00-04:00,56.554522362734566,56.97141176606306,56.450303626216176,56.9145622253418,655800,0.0,0.0
2020-08-21 00:00:00-04:00,55.7586475987396,56.545049991331645,55.72075151873993,56.43135452270508,469200,0.0,0.0
2020-08-24 00:00:00-04:00,57.416723356894856,57.44514993581773,56.90509192236394,57.11353302001953,516800,0.0,0.0
2020-08-25 00:00:00-04:00,57.359873579013104,57.38829654171498,56.75349294594866,57.01878356933594,507000,0.0,0.0
2020-08-26 00:00:00-04:00,56.857709463524515,57.24617226732836,56.79138681026387,57.132476806640625,523800,0.0,0.0
2020-08-27 00:00:00-04:00,57.95677930934337,58.03257869802365,57.208280224851414,57.227230072021484,644700,0.0,0.0
2020-08-28 00:00:00-04:00,56.92403760456633,57.018783222538765,56.355553053790764,56.990360260009766,660900,0.0,0.0
2020-08-31 00:00:00-04:00,56.68716978258819,56.952460403600355,56.35555289200935,56.45030212402344,640600,0.0,0.0
2020-09-01 00:00:00-04:00,56.327126818564764,56.58294430940332,55.96708698542384,56.507144927978516,801600,0.0,0.0
2020-09-02 00:00:00-04:00,57.1609054599739,57.805182170162034,57.15142872955594,57.71990966796875,596800,0.0,0.0
2020-09-03 00:00:00-04:00,57.843080492098245,57.99467564636917,56.39345160348792,56.649269104003906,827900,0.0,0.0
2020-09-04 00:00:00-04:00,56.46925014045929,56.66822172681926,55.38913416156407,56.052364349365234,958600,0.0,0.0
2020-09-08 00:00:00-04:00,56.47872612606079,56.90508864218803,56.08078657290414,56.53557205200195,1260900,0.0,0.0
2020-09-09 00:00:00-04:00,58.23154709260145,59.11269511365079,58.212597245294454,58.84740447998047,1032900,0.0,0.0
2020-09-10 00:00:00-04:00,58.781079274668976,58.8474019302129,57.87150832922636,57.8809814453125,1006200,0.0,0.0
2020-09-11 00:00:00-04:00,58.79055055875064,59.188490093927406,58.40208775367835,58.72422790527344,2066400,0.0,0.0
2020-09-14 00:00:00-04:00,59.23586106705991,59.254810912368484,58.50630828709032,58.51578140258789,687400,0.0,0.0
2020-09-15 00:00:00-04:00,59.47273612240515,59.6338044061274,59.12217297629906,59.18849563598633,978600,0.0,0.0
2020-09-16 00:00:00-04:00,59.39693842148132,59.5011607794731,58.86635712888896,58.951629638671875,730300,0.0,0.0
2020-09-17 00:00:00-04:00,58.84740560655818,59.34009080303063,58.686333708522056,59.18849563598633,986100,0.0,0.0
2020-09-18 00:00:00-04:00,58.15575137421619,58.421042008144376,57.35987585811781,57.700965881347656,1644900,0.0,0.0
2020-09-21 00:00:00-04:00,56.81034018941796,56.82929003643009,56.20395954228477,56.75349426269531,1216700,0.0,0.0
2020-09-22 00:00:00-04:00,57.08510302362206,57.68201050708016,57.047203332602685,57.331443786621094,928600,0.0,0.0
2020-09-23 00:00:00-04:00,58.2125948934263,58.241021470395225,57.25565113612462,57.274600982666016,908600,0.0,0.0
2020-09-24 00:00:00-04:00,57.50199889527959,57.587271407914095,56.829295525781916,57.40725326538086,744500,0.0,0.0
2020-09-25 00:00:00-04:00,57.15143249534933,57.62516784667969,56.999837327496174,57.62516784667969,639800,0.0,0.0
2020-09-28 00:00:00-04:00,58.63895706509822,58.98004707223991,58.42103925260517,58.487361907958984,866000,0.0,0.0
2020-09-29 00:00:00-04:00,58.52526027091983,58.78107777046301,58.34524215538065,58.65790557861328,907500,0.0,0.0
2020-09-30 00:00:00-04:00,58.76213116848845,58.91372633055188,58.184173483648586,58.43999099731445,647100,0.0,0.0
2020-10-01 00:00:00-04:00,58.620008476682244,59.017948031658754,58.19364595860517,58.667381286621094,1062200,0.0,0.0
2020-10-02 00:00:00-04:00,58.84740718407549,59.60538303961599,58.76213467443256,59.39693832397461,1002800,0.0,0.0
2020-10-05 00:00:00-04:00,59.53906250602538,59.70960753140637,59.3874673294994,59.63380813598633,580200,0.0,0.0
2020-10-06 00:00:00-04:00,59.23586457759618,59.273764270459395,58.31681690438814,58.487361907958984,686600,0.0,0.0
2020-10-07 00:00:00-04:00,58.51579170131943,58.87583159692216,58.48736873551086,58.78108596801758,422300,0.0,0.0
2020-10-08 00:00:00-04:00,58.81898431552378,59.131647775185144,58.76213477089718,58.951629638671875,662400,0.0,0.0
2020-10-09 00:00:00-04:00,59.39693531256221,59.99384284979963,59.311662807242584,59.80434799194336,1342900,0.0,0.0
2020-10-12 00:00:00-04:00,59.728555683679595,60.16439135202267,59.700129104047484,59.77592849731445,1137800,0.0,0.0
2020-10-13 00:00:00-04:00,59.61485660245852,60.06964573349855,59.61485660245852,59.87067413330078,1667600,0.0,0.0
2020-10-14 00:00:00-04:00,60.0696440493527,60.533902670065274,59.880149185784475,60.107540130615234,831300,0.0,0.0
2020-10-15 00:00:00-04:00,59.04637752227301,59.311668178709134,58.93268204298812,59.027427673339844,939200,0.0,0.0
2020-10-16 00:00:00-04:00,59.51063326023284,59.61485199646689,59.292715442866445,59.4632568359375,821000,0.0,0.0
2020-10-19 00:00:00-04:00,59.50115874142286,59.62433094340459,58.51578835419682,58.553688049316406,1633400,0.0,0.0
2020-10-20 00:00:00-04:00,59.520109963302836,59.558009659297525,59.11269726714478,59.179019927978516,1022200,0.0,0.0
2020-10-21 00:00:00-04:00,58.553682621839975,59.09374057713632,58.34524154663086,58.34524154663086,1144500,0.0,0.0
2020-10-22 00:00:00-04:00,58.724232488712204,58.79055514736591,58.316819805945855,58.33576965332031,1075100,0.0,0.0
2020-10-23 00:00:00-04:00,58.55368531859254,58.7337070548581,57.89993187268068,58.098899841308594,938800,0.0,0.0
2020-10-26 00:00:00-04:00,57.47356798183533,57.58726344485503,57.160904554952744,57.56831359863281,1541500,0.0,0.0
2020-10-27 00:00:00-04:00,57.350396568911925,58.326293783910316,57.31250049026544,57.78623580932617,1284600,0.0,0.0
2020-10-28 00:00:00-04:00,55.98604095947972,56.36503066592551,55.18069235117456,55.29438781738281,1868900,0.0,0.0
2020-10-29 00:00:00-04:00,54.974327897656,55.46158570977145,54.55394489270702,55.127193450927734,1428300,0.485,0.0
2020-10-30 00:00:00-04:00,54.42974307647005,54.63993093024944,53.885159325756106,54.29598617553711,1493300,0.0,0.0
2020-11-02 00:00:00-05:00,55.136741305281795,55.39470258804378,54.8214577227518,55.23228454589844,1390300,0.0,0.0
2020-11-03 00:00:00-05:00,56.20680815546084,56.86604016688143,55.987060507051716,56.33100891113281,1687700,0.0,0.0
2020-11-04 00:00:00-05:00,56.913811475879044,58.002979021245096,56.77049842218252,57.496612548828125,1701900,0.0,0.0
2020-11-05 00:00:00-05:00,59.044370605717184,59.053926752088245,58.00297297199209,58.14628601074219,987000,0.0,0.0
2020-11-06 00:00:00-05:00,58.729093307449965,59.082594224365494,58.54756295299419,58.69087600708008,1160100,0.0,0.0
2020-11-09 00:00:00-05:00,60.40105887598277,60.420167525201435,58.480681542431725,58.49979019165039,1472400,0.0,0.0
2020-11-10 00:00:00-05:00,58.94883542881737,59.38832343518175,58.76730508017825,59.15902328491211,1134800,0.0,0.0
2020-11-11 00:00:00-05:00,59.88513562908707,60.62080221528887,59.84691833106569,60.143096923828125,1072900,0.0,0.0
2020-11-12 00:00:00-05:00,60.18131673862368,60.23863904345081,59.674946630169515,59.91379928588867,896300,0.0,0.0
2020-11-13 00:00:00-05:00,59.655837152996085,59.99023305312656,59.636728503451295,59.93290710449219,752900,0.0,0.0
2020-11-16 00:00:00-05:00,59.28322543033252,59.4456471232222,58.24182775814093,58.27049255371094,1074600,0.0,0.0
2020-11-17 00:00:00-05:00,57.9552087019343,58.0698569571088,57.5730429918829,57.5921516418457,1526600,0.0,0.0
2020-11-18 00:00:00-05:00,57.53482575049826,57.77367839324247,56.808711675578685,56.818267822265625,1111200,0.0,0.0
2020-11-19 00:00:00-05:00,56.58897234873422,56.65585080265017,56.1781454777634,56.541202545166016,1625400,0.0,0.0
2020-11-20 00:00:00-05:00,56.71317807583075,56.732286726623975,56.30235119528245,56.59852981567383,1535600,0.0,0.0
2020-11-23 00:00:00-05:00,56.063491010033154,56.09215216007875,55.318271952031715,55.65266418457031,1649600,0.0,0.0
2020-11-24 00:00:00-05:00,55.63356152617104,55.700439979879285,55.11763890219114,55.51891326904297,1605000,0.0,0.0
2020-11-25 00:00:00-05:00,57.69724301728558,58.652653575331975,57.525268825269066,58.54755783081055,4405000,0.0,0.0
2020-11-27 00:00:00-05:00,58.452020456571645,58.633547157449655,57.43928391445759,57.811893463134766,4431800,0.0,0.0
2020-11-30 00:00:00-05:00,58.17495393506505,58.8532946223234,57.945657419885904,58.33737564086914,2462500,0.0,0.0
2020-12-01 00:00:00-05:00,57.67813764021374,57.89788164367581,56.65584857668914,57.10489273071289,2320500,0.0,0.0
2020-12-02 00:00:00-05:00,56.10171370783043,56.5029844255101,55.78642644856582,56.47432327270508,3014800,0.0,0.0
2020-12-03 00:00:00-05:00,55.690885327207646,55.920181832612286,55.05075832336502,55.39470672607422,3729400,0.0,0.0
2020-12-04 00:00:00-05:00,55.375596381479774,56.01572336572815,55.31827407918436,55.862857818603516,2760700,0.0,0.0
2020-12-07 00:00:00-05:00,55.327827445289834,55.480692994801416,54.840569645159874,55.413814544677734,2347300,0.0,0.0
2020-12-08 00:00:00-05:00,55.17496053413317,56.03483150679167,55.05075613928203,55.958396911621094,2012200,0.0,0.0
2020-12-09 00:00:00-05:00,55.624005479939925,56.206806520502184,55.45203128290181,56.111263275146484,3017900,0.0,0.0
2020-12-10 00:00:00-05:00,56.206807863728926,56.46476552084861,55.80553351284965,55.99661636352539,2327000,0.0,0.0
2020-12-11 00:00:00-05:00,55.73865420241608,56.388333697935394,55.72910170010058,56.35967254638672,1631400,0.0,0.0
2020-12-14 00:00:00-05:00,56.04438621300013,56.311900017413734,55.499802457099726,55.566680908203125,2060500,0.0,0.0
2020-12-15 00:00:00-05:00,55.76731325601602,55.93928744804282,55.318272772036735,55.71954345703125,2086900,0.0,0.0
2020-12-16 00:00:00-05:00,55.86286101353968,56.86604145170712,55.82464371342224,56.73228454589844,2088900,0.0,0.0
2020-12-17 00:00:00-05:00,56.36922105694926,56.684508280066545,56.264125315910164,56.61762619018555,2523300,0.0,0.0
2020-12-18 00:00:00-05:00,56.32145227214353,56.39788322043579,55.97750389332341,56.16858673095703,2778600,0.0,0.0
2020-12-21 00:00:00-05:00,55.07941932334194,55.52845980072439,54.573049256656724,55.480690002441406,1804600,0.0,0.0
2020-12-22 00:00:00-05:00,55.70043999287389,55.709996140321515,55.15585621563552,55.432926177978516,1587600,0.0,0.0
2020-12-23 00:00:00-05:00,55.70043563220722,56.10170996773776,55.4806916379461,55.78642272949219,1309500,0.0,0.0
2020-12-24 00:00:00-05:00,55.92973873193424,56.13992659061511,55.729103375856106,56.06349563598633,367800,0.0,0.0
2020-12-28 00:00:00-05:00,56.17814549089788,56.789607723759524,56.16859298802297,56.45521545410156,1126500,0.0,0.0
2020-12-29 00:00:00-05:00,57.439281133814895,57.72590356933712,57.13355004997758,57.44883728027344,2242800,0.0,0.0
2020-12-30 00:00:00-05:00,57.81189606727998,58.49979289250252,57.783234914429826,58.18450927734375,1738900,0.0,0.0
2020-12-31 00:00:00-05:00,58.05074495967162,58.11762705298585,57.095334384238825,57.668582916259766,1331400,0.0,0.0
2021-01-04 00:00:00-05:00,58.57622787684532,58.690876133599765,57.553938779662516,57.83100509643555,1795100,0.0,0.0
2021-01-05 00:00:00-05:00,57.716359485422366,57.91699485509044,57.34374990043809,57.85967254638672,1386400,0.0,0.0
2021-01-06 00:00:00-05:00,57.9169910256948,58.48068343982676,57.869221223399336,57.945655822753906,2048900,0.0,0.0
2021-01-07 00:00:00-05:00,57.563487209158026,57.735461404421606,56.89469907697768,57.15266036987305,2421000,0.0,0.0
2021-01-08 00:00:00-05:00,57.24820402064673,57.88833104711395,56.80871599925274,57.83100509643555,3342300,0.0,0.0
2021-01-11 00:00:00-05:00,57.095331948771566,57.238644986814144,56.522087085805154,56.86603546142578,1591700,0.0,0.0
2021-01-12 00:00:00-05:00,56.216362791602336,56.56031120873761,56.053941085909614,56.45521545410156,1463100,0.0,0.0
2021-01-13 00:00:00-05:00,56.35011621360518,56.81826900676844,56.292790266094734,56.53164291381836,2110600,0.0,0.0
2021-01-14 00:00:00-05:00,56.71317912416388,57.39151983915148,56.522096257301904,57.171775817871094,1717900,0.0,0.0
2021-01-15 00:00:00-05:00,56.932918538748275,57.286419444847944,56.713174535248356,57.01890563964844,1843900,0.0,0.0
2021-01-19 00:00:00-05:00,57.1813250661701,57.23865101634626,56.73228454589844,56.73228454589844,1642100,0.0,0.0
2021-01-20 00:00:00-05:00,56.80871199901812,57.05712078986359,56.627185301555755,56.89469909667969,1138400,0.0,0.0
2021-01-21 00:00:00-05:00,57.05712026504659,57.38196000382436,56.98068567022731,57.248199462890625,1342900,0.0,0.0
2021-01-22 00:00:00-05:00,57.133550901945796,57.343742391944055,56.88514575934955,56.999794006347656,985600,0.0,0.0
2021-01-25 00:00:00-05:00,57.39151374779385,58.42335893257014,57.31508279592273,58.25138473510742,1379600,0.0,0.0
2021-01-26 00:00:00-05:00,58.07941352409005,58.21317043019391,57.773682411680554,58.18450927734375,1266300,0.0,0.0
2021-01-27 00:00:00-05:00,57.324639800715175,57.52527516531309,56.627190453825435,56.694068908691406,1852700,0.0,0.0
2021-01-28 00:00:00-05:00,56.56986039054554,56.99024338441014,56.388333689759946,56.44565963745117,1335200,0.0,0.0
2021-01-29 00:00:00-05:00,55.6717804493718,55.9775115736925,55.59534584599038,55.7386589050293,2016800,0.0,0.0
2021-02-01 00:00:00-05:00,55.939292602671266,56.14948411109518,55.767318394797584,55.77687454223633,1186000,0.0,0.0
2021-02-02 00:00:00-05:00,56.08260726928711,56.26413398521437,55.834198453173514,56.08260726928711,1042000,0.0,0.0
2021-02-03 00:00:00-05:00,56.66540560403518,56.72272790911436,56.22591394568168,56.65584945678711,1358400,0.0,0.0
2021-02-04 00:00:00-05:00,53.741842028908096,53.9424773644449,52.910635892682855,53.359676361083984,4885100,0.0,0.0
2021-02-05 00:00:00-05:00,52.77688768332899,52.96796690406878,52.356504650655395,52.56669616699219,4233300,0.0,0.0
2021-02-08 00:00:00-05:00,52.52847886500322,52.66223577736209,51.88835545739937,52.56669616699219,4557900,0.0,0.0
2021-02-09 00:00:00-05:00,51.78325600029926,52.38516570752163,51.620834300749365,52.0507698059082,4815100,0.0,0.0
2021-02-10 00:00:00-05:00,52.41382520916241,52.59535190802334,51.79280687186627,51.831024169921875,3582600,0.0,0.0
2021-02-11 00:00:00-05:00,51.55395372204443,51.936119409661025,51.38197952707717,51.92656326293945,3839900,0.0,0.0
2021-02-12 00:00:00-05:00,51.7737022386329,52.60491213510502,51.754593588122944,52.59535598754883,1900200,0.0,0.0
2021-02-16 00:00:00-05:00,53.35967736436906,53.44566445901615,52.97751533396134,53.25458526611328,2017600,0.0,0.0
2021-02-17 00:00:00-05:00,52.528469584331134,52.805539507894956,52.44248249234933,52.60490417480469,1901700,0.0,0.0
2021-02-18 00:00:00-05:00,52.83420724368724,53.21637295449459,52.62401938288529,53.13993835449219,1603400,0.0,0.0
2021-02-19 00:00:00-05:00,52.776884432023046,52.815098087055354,51.955230712890625,51.955230712890625,1526300,0.0,0.0
2021-02-22 00:00:00-05:00,51.70682489368827,52.15586907880185,51.4870808750121,51.88835525512695,2578300,0.0,0.0
2021-02-23 00:00:00-05:00,51.89790235999756,53.20681383274617,51.89790235999756,52.9488525390625,4020300,0.0,0.0
2021-02-24 00:00:00-05:00,51.477522777656596,52.07942881551442,51.477522777656596,51.840576171875,4091600,0.0,0.0
2021-02-25 00:00:00-05:00,51.98911885180832,52.423162342769665,51.5454241445709,51.90230941772461,5231100,0.514,0.0
2021-02-26 00:00:00-05:00,51.014928160496254,51.053510952243855,50.1371898852548,50.21435546875,3712700,0.0,0.0
2021-03-01 00:00:00-05:00,50.822018917785066,51.14032143700858,50.523011474286434,50.7737922668457,2307300,0.0,0.0
2021-03-02 00:00:00-05:00,51.24641855095403,51.584008762443204,51.2078357612246,51.37180709838867,1924200,0.0,0.0
2021-03-03 00:00:00-05:00,51.014928715536385,51.76727476551239,50.81237457584401,51.54542922973633,4564700,0.0,0.0
2021-03-04 00:00:00-05:00,51.82514417279802,52.45210160957843,51.25606091892968,51.584007263183594,4208600,0.0,0.0
2021-03-05 00:00:00-05:00,51.56472177848439,52.14345263555915,51.439333220323874,52.1048698425293,2619900,0.0,0.0
2021-03-08 00:00:00-05:00,51.641884518124385,52.432813334353234,51.612945585218235,52.0662841796875,3109400,0.0,0.0
2021-03-09 00:00:00-05:00,52.79933932097235,52.905436470404034,52.182025741932925,52.191673278808594,2382800,0.0,0.0
2021-03-10 00:00:00-05:00,53.0694130922756,53.0694130922756,52.635365906132705,52.88615036010742,2437500,0.0,0.0
2021-03-11 00:00:00-05:00,52.73181735390023,52.88614850752919,52.59678127393211,52.65465545654297,1981200,0.0,0.0
2021-03-12 00:00:00-05:00,52.78004982259994,53.243032263917456,52.683592847664606,53.175514221191406,1811200,0.0,0.0
2021-03-15 00:00:00-04:00,53.63849618766628,53.648140045345755,52.915085439613506,53.19480514526367,3451100,0.0,0.0
2021-03-16 00:00:00-04:00,53.3394845757226,54.22687033147593,53.3201931810913,54.12076950073242,3477300,0.0,0.0
2021-03-17 00:00:00-04:00,53.937504205999964,54.19793251971793,53.77353286743164,53.77353286743164,2447600,0.0,0.0
2021-03-18 00:00:00-04:00,53.763888619602206,54.13041408413966,53.61920499765608,53.937503814697266,1781100,0.0,0.0
2021-03-19 00:00:00-04:00,53.2623221100787,53.47452008985116,52.97295487314462,53.23338317871094,2567700,0.0,0.0
2021-03-22 00:00:00-04:00,53.262325645842466,53.83140894108968,53.223742854429005,53.69636917114258,1521300,0.0,0.0
2021-03-23 00:00:00-04:00,53.87963476592174,54.40049140365842,53.80246918427596,54.03396224975586,1789900,0.0,0.0
2021-03-24 00:00:00-04:00,53.38771070704593,53.94715010757965,53.31054880872313,53.68672180175781,1671200,0.0,0.0
2021-03-25 00:00:00-04:00,53.97608519252873,54.159351599460784,53.667430241277884,53.99537658691406,1553800,0.0,0.0
2021-03-26 00:00:00-04:00,53.763885897377435,54.19792938232422,53.58061949493068,54.19792938232422,1358900,0.0,0.0
2021-03-29 00:00:00-04:00,54.062896842142536,54.81524653616049,54.033961589107875,54.66091537475586,1975300,0.0,0.0
2021-03-30 00:00:00-04:00,54.024313251973474,54.25580631119581,53.8024677299248,53.937503814697266,2014300,0.0,0.0
2021-03-31 00:00:00-04:00,54.24616094935646,54.284740058609344,53.83140516936563,53.8506965637207,1700700,0.0,0.0
2021-04-01 00:00:00-04:00,54.09183269788438,54.111120412505464,53.628846598920006,53.87963104248047,2079900,0.0,0.0
2021-04-05 00:00:00-04:00,53.94715356530371,54.47765406844351,53.94715356530371,54.30403518676758,1050100,0.0,0.0
2021-04-06 00:00:00-04:00,54.323326019024165,54.73808182323079,54.188289930111765,54.47765350341797,1390400,0.0,0.0
2021-04-07 00:00:00-04:00,54.94063461226858,54.94063461226858,54.57410914546264,54.680206298828125,1558600,0.0,0.0
2021-04-08 00:00:00-04:00,54.988860916196096,55.28787201778546,54.853824831432306,54.99850845336914,2363300,0.0,0.0
2021-04-09 00:00:00-04:00,54.6223381900645,54.757374281598054,54.49694595673011,54.73808288574219,2297800,0.0,0.0
2021-04-12 00:00:00-04:00,54.52588235636523,54.95992957359775,54.41013765825576,54.84418487548828,1726900,0.0,0.0
2021-04-13 00:00:00-04:00,54.680206513309635,54.90205203760153,54.631979865325725,54.82489013671875,1949600,0.0,0.0
2021-04-14 00:00:00-04:00,54.7863079075891,54.863473488719485,54.47765294198242,54.65127182006836,1343200,0.0,0.0
2021-04-15 00:00:00-04:00,55.2878736370033,55.65440279170911,55.26858224154957,55.38432693481445,1350900,0.0,0.0
2021-04-16 00:00:00-04:00,55.37467948384897,55.71226968374105,55.31680530124295,55.52900695800781,1368300,0.0,0.0
2021-04-19 00:00:00-04:00,55.70262698914174,55.79908028270798,55.44219868116412,55.635108947753906,1417600,0.0,0.0
2021-04-20 00:00:00-04:00,55.48078215553553,55.78943711410801,55.31680713909914,55.760501861572266,2582700,0.0,0.0
2021-04-21 00:00:00-04:00,55.432554053388166,55.760500398196996,55.36503601293846,55.66404342651367,2060300,0.0,0.0
2021-04-22 00:00:00-04:00,54.709145269740965,55.36503798269371,54.55481778901428,55.133544921875,2118900,0.0,0.0
2021-04-23 00:00:00-04:00,54.834533053003916,54.97921667392876,54.50658670110394,54.86347198486328,2001500,0.0,0.0
2021-04-26 00:00:00-04:00,54.82489253584512,54.950284769656335,54.59339946415192,54.88276672363281,1452900,0.0,0.0
2021-04-27 00:00:00-04:00,54.36190864228913,54.69949886352871,54.32332585144533,54.487300872802734,1950500,0.0,0.0
2021-04-28 00:00:00-04:00,54.641624839386026,54.88276174745135,54.641624839386026,54.77666091918945,1554000,0.0,0.0
2021-04-29 00:00:00-04:00,56.879376566697694,57.03370404479129,56.56107407343491,56.831146240234375,3032400,0.0,0.0
2021-04-30 00:00:00-04:00,57.03370521490332,57.03370521490332,56.416395289864106,56.638240814208984,1973700,0.0,0.0
2021-05-03 00:00:00-04:00,56.946899012933955,57.226618738443825,56.811862919089904,57.110870361328125,939700,0.0,0.0
2021-05-04 00:00:00-04:00,56.242774963378906,56.59000902766751,56.078799949073435,56.242774963378906,3186000,0.0,0.0
2021-05-05 00:00:00-04:00,56.744340013554655,57.03370357265257,56.667174435418,56.85043716430664,1180900,0.0,0.0
2021-05-06 00:00:00-04:00,56.93724741347148,57.67994955609041,56.91795601866169,57.573848724365234,1596600,0.0,0.0
2021-05-07 00:00:00-04:00,57.50633338229843,57.81498835483239,57.438815337022724,57.6220817565918,1591100,0.0,0.0
2021-05-10 00:00:00-04:00,57.91144325447993,58.4322998817296,57.85356906941084,58.306907653808594,1657300,0.0,0.0
2021-05-11 00:00:00-04:00,57.45810339627254,57.911441970620075,57.23625787761194,57.90179443359375,3249800,0.0,0.0
2021-05-12 00:00:00-04:00,57.843923072088586,58.22009606248029,57.71853084880561,57.786048889160156,3629800,0.0,0.0
2021-05-13 00:00:00-04:00,57.438814293142,58.38407058928054,57.37129624909335,58.11399841308594,2458600,0.0,0.0
2021-05-14 00:00:00-04:00,58.519109843188495,58.70237626934141,58.239393793907844,58.44194793701172,1304300,0.0,0.0
2021-05-17 00:00:00-04:00,58.712016498489156,59.02067146303179,58.6348545970822,58.88563537597656,1324500,0.0,0.0
2021-05-18 00:00:00-04:00,58.84705439750373,59.020673280337036,58.53839942345731,58.66379165649414,1498600,0.0,0.0
2021-05-19 00:00:00-04:00,58.6637942559806,58.866348401775774,58.25868596439024,58.41301345825195,1636300,0.0,0.0
2021-05-20 00:00:00-04:00,58.798248437188875,59.31385440843472,58.76906452391971,59.12901306152344,1639800,0.516,0.0
2021-05-21 00:00:00-04:00,59.12901771141116,59.34304298842249,58.81771024180074,58.856624603271484,1073500,0.0,0.0
2021-05-24 00:00:00-04:00,58.885807037353516,59.070648394150325,58.81770876203185,58.885807037353516,973500,0.0,0.0
2021-05-25 00:00:00-04:00,59.14846909195886,59.32357999032781,58.85661883170309,59.2554817199707,1201600,0.0,0.0
2021-05-26 00:00:00-04:00,59.34304204050187,59.53761013366988,59.051191756288716,59.08037567138672,1158100,0.0,0.0
2021-05-27 00:00:00-04:00,58.60368541818138,58.895535690832936,57.85460070135993,57.922698974609375,2445400,0.0,0.0
2021-05-28 00:00:00-04:00,58.19509168585053,58.545313495165985,58.19509168585053,58.34101867675781,1443800,0.0,0.0
2021-06-01 00:00:00-04:00,58.84689496133235,58.856621695680644,58.263190701340214,58.350746154785156,1227800,0.0,0.0
2021-06-02 00:00:00-04:00,58.57449555604847,58.84689234972026,58.350743565192026,58.78852081298828,1398100,0.0,0.0
2021-06-03 00:00:00-04:00,58.68151062587654,58.885805446321704,58.47721580543138,58.86634826660156,1039300,0.0,0.0
2021-06-04 00:00:00-04:00,58.895532406817246,59.09010048142835,58.73987868934383,58.96363067626953,923000,0.0,0.0
2021-06-07 00:00:00-04:00,58.944174354801184,59.051186982947215,58.74960627736088,59.02199935913086,830900,0.0,0.0
2021-06-08 00:00:00-04:00,59.245756730681705,59.245756730681705,58.72042402010561,58.75933837890625,979200,0.0,0.0
2021-06-09 00:00:00-04:00,58.94417778872886,59.07064760309445,58.30210569352468,58.311832427978516,1716600,0.0,0.0
2021-06-10 00:00:00-04:00,58.76906607907841,59.02200199328515,58.67178389155526,58.86634826660156,1506000,0.0,0.0
2021-06-11 00:00:00-04:00,58.662053856169265,58.80798084955151,58.53558404264316,58.73015213012695,1105000,0.0,0.0
2021-06-14 00:00:00-04:00,58.730151118036225,59.18738555908203,58.632868931509584,59.18738555908203,909200,0.0,0.0
2021-06-15 00:00:00-04:00,59.52787692300282,59.61543237530781,59.12901402051952,59.18738555908203,1027800,0.0,0.0
2021-06-16 00:00:00-04:00,60.00456862736942,60.131038438892716,58.94417646400696,58.95390319824219,1333900,0.0,0.0
2021-06-17 00:00:00-04:00,58.75934032206034,59.333314144579624,58.73015269645588,59.206844329833984,1223000,0.0,0.0
2021-06-18 00:00:00-04:00,58.18536596911536,58.24373379763692,57.64057606608928,57.883785247802734,1977200,0.0,0.0
2021-06-21 00:00:00-04:00,58.146451333772816,58.379930068907605,58.019981520779545,58.350746154785156,1150100,0.0,0.0
2021-06-22 00:00:00-04:00,58.48694270212671,58.59395533534582,58.302105060888536,58.350746154785156,964000,0.0,0.0
2021-06-23 00:00:00-04:00,58.681509567115,58.72042392585318,57.88378376836989,57.912967681884766,1285700,0.0,0.0
2021-06-24 00:00:00-04:00,57.786500805056775,57.951881260852495,57.47519336149516,57.621116638183594,1491200,0.0,0.0
2021-06-25 00:00:00-04:00,57.73786079334902,58.02971479310145,57.55302314310655,57.96161651611328,1370300,0.0,0.0
2021-06-28 00:00:00-04:00,57.78649999416055,58.14644852490063,57.73785519153623,57.89350891113281,1117600,0.0,0.0
2021-06-29 00:00:00-04:00,57.82541379494546,57.82541379494546,57.52383678425806,57.65030288696289,956000,0.0,0.0
2021-06-30 00:00:00-04:00,57.047142434030434,57.50437686207772,56.687193900821626,56.910945892333984,1679900,0.0,0.0
2021-07-01 00:00:00-04:00,56.99850433669265,57.24171351995024,56.97904715670272,57.18334197998047,1362100,0.0,0.0
2021-07-02 00:00:00-04:00,57.056874096645714,57.52383526860308,56.97904537911406,57.348724365234375,1041600,0.0,0.0
2021-07-06 00:00:00-04:00,57.60166009069759,57.68921554210171,57.30008308892145,57.58220291137695,1117500,0.0,0.0
2021-07-07 00:00:00-04:00,57.84487344842209,58.48694556812216,57.69895015958167,58.29237747192383,1065500,0.0,0.0
2021-07-08 00:00:00-04:00,57.698945987300775,57.90324080355123,57.32926700236366,57.58220291137695,1310200,0.0,0.0
2021-07-09 00:00:00-04:00,57.59193043585277,57.99079331400412,57.59193043585277,57.874053955078125,1280100,0.0,0.0
2021-07-12 00:00:00-04:00,57.87405842729102,58.28264807064439,57.87405842729102,58.11726760864258,1021700,0.0,0.0
2021-07-13 00:00:00-04:00,58.039435935952554,58.48693991620953,58.01997875710519,58.17563247680664,872500,0.0,0.0
2021-07-14 00:00:00-04:00,57.93242858169462,58.20482539927778,57.72813375181556,58.146453857421875,1141000,0.0,0.0
2021-07-15 00:00:00-04:00,58.09781010319089,58.13672075157009,57.6989471964529,58.019981384277344,1130400,0.0,0.0
2021-07-16 00:00:00-04:00,58.38966253736126,58.62314128058539,58.14645334837412,58.51613235473633,1816100,0.0,0.0
2021-07-19 00:00:00-04:00,57.93242422953448,58.24373167389027,57.58220242686486,57.951881408691406,1734500,0.0,0.0
2021-07-20 00:00:00-04:00,57.32926834000876,57.69894733357148,57.05687524531917,57.22225570678711,1885400,0.0,0.0
2021-07-21 00:00:00-04:00,57.38764263795307,57.572480288080776,57.00823318072606,57.1152458190918,1660400,0.0,0.0
2021-07-22 00:00:00-04:00,54.42048001669064,54.57613372982117,53.99243323335098,54.01189041137695,4620900,0.0,0.0
2021-07-23 00:00:00-04:00,54.97499906849484,55.54897285724598,54.829075793368055,55.451690673828125,2560200,0.0,0.0
2021-07-26 00:00:00-04:00,54.6734256415117,54.81934892616216,54.19673400506716,54.225921630859375,2227700,0.0,0.0
2021-07-27 00:00:00-04:00,54.595596446143844,55.01391653844444,54.56641253168303,54.926361083984375,2228800,0.0,0.0
2021-07-28 00:00:00-04:00,54.799894570123875,55.11120202563281,54.69288193646563,55.062557220458984,2937000,0.0,0.0
2021-07-29 00:00:00-04:00,55.539252817951926,56.17159821962218,55.529526082868664,55.95757293701172,2401900,0.0,0.0
2021-07-30 00:00:00-04:00,56.385612853232466,56.46344156863367,55.94783560679423,55.96729278564453,1896000,0.0,0.0
2021-08-02 00:00:00-04:00,55.78245755681893,56.03539347061689,55.45169292426617,55.714359283447266,1387500,0.0,0.0
2021-08-03 00:00:00-04:00,56.01593847119702,56.27860111212247,55.97702411288307,56.25914764404297,1605000,0.0,0.0
2021-08-04 00:00:00-04:00,56.42452761963154,56.580181340483975,55.71435728629995,55.83109664916992,2013400,0.0,0.0
2021-08-05 00:00:00-04:00,56.3444949940745,56.42301202562577,55.9813630828952,56.13839340209961,1633200,0.5031,0.0
2021-08-06 00:00:00-04:00,55.736000061035156,55.87340111516785,55.61822451986605,55.736000061035156,1289500,0.0,0.0
2021-08-09 00:00:00-04:00,56.1383892290064,56.21690251082319,55.981358921474964,56.19727325439453,1319900,0.0,0.0
2021-08-10 00:00:00-04:00,56.108943121413525,56.19727290284101,55.82432826472304,56.03042984008789,995400,0.0,0.0
2021-08-11 00:00:00-04:00,56.216903397997584,56.4230087218022,56.16783212810045,56.27579116821289,1291800,0.0,0.0
2021-08-12 00:00:00-04:00,56.12857649115291,56.216906279053724,55.96173341617255,55.9715461730957,857900,0.0,0.0
2021-08-13 00:00:00-04:00,56.34448820042815,56.77632059019825,56.305229689386046,56.69780731201172,1273500,0.0,0.0
2021-08-16 00:00:00-04:00,55.942104567119564,56.20709393275791,55.785074247915155,56.13839340209961,1845800,0.0,0.0
2021-08-17 00:00:00-04:00,55.8439599722735,56.216904626761696,55.804701457938535,56.040245056152344,1423700,0.0,0.0
2021-08-18 00:00:00-04:00,55.74581536303524,55.76544462079309,55.24528239385348,55.26491165161133,1391700,0.0,0.0
2021-08-19 00:00:00-04:00,54.84289004837509,55.245280458569674,54.81344429082077,54.911590576171875,2062800,0.0,0.0
2021-08-20 00:00:00-04:00,55.03917664765183,55.57896809159372,54.950846866359676,55.32379150390625,1286500,0.0,0.0
2021-08-23 00:00:00-04:00,55.21583499162677,55.48082434762247,55.07843393531003,55.33361053466797,1077500,0.0,0.0
2021-08-24 00:00:00-04:00,54.685857215384594,55.08824760703407,54.59752743458848,54.901771545410156,1219600,0.0,0.0
2021-08-25 00:00:00-04:00,54.33254129725126,54.62697266930743,54.19514023988492,54.53864288330078,1516400,0.0,0.0
2021-08-26 00:00:00-04:00,54.60734382494506,54.823261913238184,54.489572024011565,54.70549011230469,1289500,0.0,0.0
2021-08-27 00:00:00-04:00,54.70548999008511,54.84289104818356,54.430684129990176,54.47975540161133,1453500,0.0,0.0
2021-08-30 00:00:00-04:00,54.4306838922731,54.793819537259395,54.4306838922731,54.764373779296875,1152200,0.0,0.0
2021-08-31 00:00:00-04:00,54.46993925396087,54.66622807212407,54.41105148534256,54.64659881591797,1534200,0.0,0.0
2021-09-01 00:00:00-04:00,54.69567085607167,55.01954797219454,54.55826980458846,54.980289459228516,1807800,0.0,0.0
2021-09-02 00:00:00-04:00,53.606272425030035,53.979220817149034,53.58664316819241,53.841819763183594,2779800,0.0,0.0
2021-09-03 00:00:00-04:00,53.802561020275164,54.342352477367214,53.74367325001319,54.12643814086914,2240600,0.0,0.0
2021-09-07 00:00:00-04:00,53.99884913705765,54.28346774041791,53.979219880560606,54.01847839355469,2025500,0.0,0.0
2021-09-08 00:00:00-04:00,53.89089312131612,54.43068460162209,53.89089312131612,54.39142608642578,1763200,0.0,0.0
2021-09-09 00:00:00-04:00,54.273653476757545,54.273653476757545,53.72404924778355,53.83200454711914,1611600,0.0,0.0
2021-09-10 00:00:00-04:00,53.93996041361724,53.99884818206691,53.655341815290576,53.714229583740234,1406800,0.0,0.0
2021-09-13 00:00:00-04:00,54.28346680469091,54.460126366221175,54.11661999929109,54.19513702392578,1585600,0.0,0.0
2021-09-14 00:00:00-04:00,54.774186147257375,54.78399890323917,54.322720750242176,54.342350006103516,1789600,0.0,0.0
2021-09-15 00:00:00-04:00,54.146062053716086,54.2540210907239,53.77311741810447,53.93996047973633,2382000,0.0,0.0
2021-09-16 00:00:00-04:00,53.665160607020916,53.76330314806361,53.272582955054204,53.52775955200195,1898900,0.0,0.0
2021-09-17 00:00:00-04:00,53.360910730100656,53.586641561116714,52.87019055557066,52.948707580566406,2595400,0.0,0.0
2021-09-20 00:00:00-04:00,53.23333105785758,53.6553470022348,52.86038264275183,53.223514556884766,2758500,0.0,0.0
2021-09-21 00:00:00-04:00,53.61609098578281,53.97922289148864,53.45906066894531,53.45906066894531,2313000,0.0,0.0
2021-09-22 00:00:00-04:00,53.900703840898004,54.18532244946648,53.55720120565876,53.58664321899414,2454900,0.0,0.0
2021-09-23 00:00:00-04:00,54.028292087294126,54.17550964162734,53.792748493038495,53.841819763183594,1526700,0.0,0.0
2021-09-24 00:00:00-04:00,53.58664339893229,53.851632751534346,53.48850085821951,53.55720138549805,1204800,0.0,0.0
2021-09-27 00:00:00-04:00,53.33146713817442,53.66515699672794,53.24313735961914,53.24313735961914,1582200,0.0,0.0
2021-09-28 00:00:00-04:00,53.58664033221709,53.60626958801586,53.027219645593874,53.40998077392578,2662300,0.0,0.0
2021-09-29 00:00:00-04:00,53.31183989611453,53.98903239468432,53.1449968324849,53.82218933105469,2650800,0.0,0.0
2021-09-30 00:00:00-04:00,53.508130710130565,53.55720198103261,53.00759401279495,53.21369934082031,3539900,0.0,0.0
2021-10-01 00:00:00-04:00,53.35110168491413,53.45906072984378,52.82112296102206,53.20388412475586,2782000,0.0,0.0
2021-10-04 00:00:00-04:00,52.683721512850674,53.037040659504804,52.6150209836566,52.811309814453125,2465000,0.0,0.0
2021-10-05 00:00:00-04:00,52.68371703396241,52.72297554556378,52.428540452451266,52.44816970825195,2306900,0.0,0.0
2021-10-06 00:00:00-04:00,51.564877675183126,52.10466912714882,51.53543191838283,52.06541061401367,2013800,0.0,0.0
2021-10-07 00:00:00-04:00,52.00652723576799,52.38928838385692,51.869122438084084,51.94763946533203,1831800,0.0,0.0
2021-10-08 00:00:00-04:00,51.85930991274321,51.99671096714153,51.62376257384755,51.663021087646484,1992600,0.0,0.0
2021-10-11 00:00:00-04:00,51.692462572929934,51.86912213932235,51.52561950683594,51.52561950683594,1453200,0.0,0.0
2021-10-12 00:00:00-04:00,51.42747937260644,51.505992659176464,51.211561282717255,51.3097038269043,1531000,0.0,0.0
2021-10-13 00:00:00-04:00,51.71209067116182,52.045780539772316,51.71209067116182,51.98689651489258,1899400,0.0,0.0
2021-10-14 00:00:00-04:00,52.14392717295232,52.20281119822942,51.94763835293367,52.15373992919922,1636400,0.0,0.0
2021-10-15 00:00:00-04:00,51.71209194862971,52.26169990577064,51.692462691885616,51.977081298828125,1517400,0.0,0.0
2021-10-18 00:00:00-04:00,51.761164442556066,51.86911973354615,51.55505912872582,51.74153518676758,2023300,0.0,0.0
2021-10-19 00:00:00-04:00,51.398029858821275,51.62376068907685,51.29007082176474,51.535430908203125,1815800,0.0,0.0
2021-10-20 00:00:00-04:00,51.83967854198772,51.99670884688232,51.70227749319217,51.82004928588867,1441400,0.0,0.0
2021-10-21 00:00:00-04:00,52.24206849370169,52.55612910085435,52.1635552138624,52.389286041259766,2629500,0.0,0.0
2021-10-22 00:00:00-04:00,52.575760415483614,52.96833806174537,52.54631840237825,52.71316146850586,1742800,0.0,0.0
2021-10-25 00:00:00-04:00,52.664089958657485,52.673902715015245,52.300958071054126,52.51687240600586,1554100,0.0,0.0
2021-10-26 00:00:00-04:00,52.997779846191406,53.164622911599174,52.85056229350394,52.997779846191406,1647600,0.0,0.0
2021-10-27 00:00:00-04:00,52.89963718471408,52.9879669673428,52.42854251476235,52.54631805419922,1535900,0.0,0.0
2021-10-28 00:00:00-04:00,52.7524203998791,53.01740975162066,52.68371987282365,52.880008697509766,1338800,0.0,0.0
2021-10-29 00:00:00-04:00,52.379473587176435,52.68372146181119,52.350031572949796,52.58557891845703,1785500,0.0,0.0
2021-11-01 00:00:00-04:00,52.507059602001576,52.919262758815464,52.41872981927033,52.77204895019531,1633600,0.0,0.0
2021-11-02 00:00:00-04:00,52.556131862629485,53.066481312045376,52.4874313351983,52.82112121582031,1790000,0.0,0.0
2021-11-03 00:00:00-04:00,52.82111999363981,53.125367853722445,52.6444604289335,53.05666732788086,1705900,0.0,0.0
2021-11-04 00:00:00-04:00,52.29146212067367,52.84617116812628,52.222123489742096,52.370704650878906,2989400,0.4975,0.0
2021-11-05 00:00:00-04:00,52.26174380889271,52.48957506169134,52.13297422265076,52.360801696777344,2377400,0.0,0.0
2021-11-08 00:00:00-05:00,52.3508910417093,52.3508910417093,51.95467084871806,52.31127166748047,2497500,0.0,0.0
2021-11-09 00:00:00-05:00,52.29146233215158,52.608440011598425,52.29146233215158,52.449951171875,2376100,0.0,0.0
2021-11-10 00:00:00-05:00,52.44004164054059,52.539099523536805,52.22212185529266,52.46976089477539,1863100,0.0,0.0
2021-11-11 00:00:00-05:00,52.10325398293882,52.152784815281734,51.84571103664677,51.964576721191406,3189400,0.0,0.0
2021-11-12 00:00:00-05:00,52.083446184408025,52.11316166087619,51.825899459443995,51.964576721191406,1899000,0.0,0.0
2021-11-15 00:00:00-05:00,51.91504742101558,52.04382077792522,51.81599331796005,51.825897216796875,2258400,0.0,0.0
2021-11-16 00:00:00-05:00,51.86552246303826,51.95467267085551,51.51882553100586,51.51882553100586,2438400,0.0,0.0
2021-11-17 00:00:00-05:00,51.50892106406252,51.55844811704358,51.23156654443105,51.28109359741211,2007800,0.0,0.0
2021-11-18 00:00:00-05:00,51.479205430020116,51.479205430020116,50.81553083036055,50.83534240722656,3047000,0.0,0.0
2021-11-19 00:00:00-05:00,51.53863865181754,51.558450229556094,50.95421033388254,50.974021911621094,2919000,0.0,0.0
2021-11-22 00:00:00-05:00,50.993832085145506,51.4593947025011,50.78581619262695,50.78581619262695,3098100,0.0,0.0
2021-11-23 00:00:00-05:00,51.499018330762,51.87542696487667,51.39996044388549,51.756561279296875,3243200,0.0,0.0
2021-11-24 00:00:00-05:00,51.340528165120894,51.637694260735294,51.24147028080148,51.607975006103516,2277600,0.0,0.0
2021-11-26 00:00:00-05:00,52.14287819160481,52.48957513165507,51.88533524010558,51.99429702758789,4234100,0.0,0.0
2021-11-29 00:00:00-05:00,52.27164931589656,52.321176368445734,51.74665575726597,52.261741638183594,4980500,0.0,0.0
2021-11-30 00:00:00-05:00,51.518826540368515,51.578261272968454,50.29053896267942,50.369781494140625,4535400,0.0,0.0
2021-12-01 00:00:00-05:00,50.72638176521274,50.89477828302701,50.12214188255498,50.132049560546875,4973700,0.0,0.0
2021-12-02 00:00:00-05:00,51.24147057217531,51.49901729419835,50.89477742176577,50.95420837402344,3354600,0.0,0.0
2021-12-03 00:00:00-05:00,51.06316885229266,51.17213063354132,50.696664134278684,50.805625915527344,3045500,0.0,0.0
2021-12-06 00:00:00-05:00,51.102794276309986,52.21221615722702,51.102794276309986,52.12306594848633,4839200,0.0,0.0
2021-12-07 00:00:00-05:00,51.290996996933494,51.93486001543142,51.290996996933494,51.855613708496094,3667100,0.0,0.0
2021-12-08 00:00:00-05:00,51.97448565801935,52.55891397430475,51.84571229241827,52.47966766357422,5029300,0.0,0.0
2021-12-09 00:00:00-05:00,52.05372801699026,52.42023275622009,51.83580822055007,52.40042495727539,4333300,0.0,0.0
2021-12-10 00:00:00-05:00,52.55891177675932,52.905604925029586,52.529192522141926,52.74711608886719,3272800,0.0,0.0
2021-12-13 00:00:00-05:00,52.529192131451445,52.875889055815044,52.3607993974503,52.588626861572266,2711600,0.0,0.0
2021-12-14 00:00:00-05:00,52.68768271842759,52.806552182621914,52.430139770017234,52.52919387817383,2762000,0.0,0.0
2021-12-15 00:00:00-05:00,52.10325458232902,52.28155500053312,51.954673419606955,52.20231246948242,2521300,0.0,0.0
2021-12-16 00:00:00-05:00,52.331083480133934,52.86598093202003,52.311271903594175,52.7966423034668,2823600,0.0,0.0
2021-12-17 00:00:00-05:00,52.55891330589061,52.63815583694131,52.192404791431066,52.20231246948242,3023500,0.0,0.0
2021-12-20 00:00:00-05:00,52.222124571534856,52.37070573574956,51.954673941541905,52.03391647338867,2986500,0.0,0.0
2021-12-21 00:00:00-05:00,51.70703433076007,51.97448495786463,51.578260966893716,51.79618453979492,2658400,0.0,0.0
2021-12-22 00:00:00-05:00,51.5386372580118,51.99429597633155,51.43958315066994,51.964576721191406,1997600,0.0,0.0
2021-12-23 00:00:00-05:00,52.23202822669865,52.52919433241013,52.19240507162458,52.3211784362793,1633200,0.0,0.0
2021-12-27 00:00:00-05:00,52.62825040641337,52.83626629537553,52.45985389248787,52.74711608886719,1882800,0.0,0.0
2021-12-28 00:00:00-05:00,52.88579402188427,53.14334074559899,52.85607854556026,53.024471282958984,1542400,0.0,0.0
2021-12-29 00:00:00-05:00,53.19286706539034,53.26220569497137,52.945228022980395,53.11362075805664,1922400,0.0,0.0
2021-12-30 00:00:00-05:00,53.04428205770942,53.173055417618926,53.00465890409543,53.07400131225586,1664100,0.0,0.0
2021-12-31 00:00:00-05:00,52.99475456086445,53.321639907432285,52.9749429842235,53.28201675415039,1372000,0.0,0.0
2022-01-03 00:00:00-05:00,53.02447164391996,53.61880762515,52.776832596408774,53.549468994140625,2817900,0.0,0.0
2022-01-04 00:00:00-05:00,53.272111945241406,53.717862996987115,53.21268099079003,53.29192352294922,2551300,0.0,0.0
2022-01-05 00:00:00-05:00,53.27210980803282,53.51974885143747,53.13343254831373,53.192867279052734,2690300,0.0,0.0
2022-01-06 00:00:00-05:00,52.68768114464504,52.87588923466161,52.44994978070145,52.667869567871094,2888300,0.0,0.0
2022-01-07 00:00:00-05:00,52.648064251469485,53.381073733298365,52.62825267376167,53.29192352294922,2856700,0.0,0.0
2022-01-10 00:00:00-05:00,53.11362130128933,53.76738822879127,53.064094248035175,53.71786117553711,3702500,0.0,0.0
2022-01-11 00:00:00-05:00,52.98485105136963,53.4603175582319,52.84617001386355,53.44050598144531,2943000,0.0,0.0
2022-01-12 00:00:00-05:00,52.95513377115185,53.133434190206664,52.85607966219786,53.09381103515625,2691100,0.0,0.0
2022-01-13 00:00:00-05:00,53.09381124573721,53.390981131121904,52.89570302704349,53.173057556152344,2379700,0.0,0.0
2022-01-14 00:00:00-05:00,53.083904099896,53.84663278697232,53.05418862464363,53.77729415893555,2688200,0.0,0.0
2022-01-18 00:00:00-05:00,48.57687401970453,48.69573969849411,45.634921074292095,46.01133346557617,38010400,0.0,0.0
2022-01-19 00:00:00-05:00,49.03253115679092,50.69666584986061,48.63630717132786,49.56743240356445,21826800,0.0,0.0
2022-01-20 00:00:00-05:00,49.785350612310694,49.924031647885094,48.92356781679353,48.933475494384766,7987500,0.0,0.0
2022-01-21 00:00:00-05:00,49.36931957931209,49.58724314551351,48.7353642361864,48.84432601928711,5638600,0.0,0.0
2022-01-24 00:00:00-05:00,52.26174167252981,53.252297838851746,51.855613795484686,53.03437805175781,20793300,0.0,0.0
2022-01-25 00:00:00-05:00,52.48957281019116,52.76692732702712,52.113160409719576,52.22212219238281,8830700,0.0,0.0
2022-01-26 00:00:00-05:00,51.66741070288954,51.85561501860802,50.59761198293779,50.825439453125,4500200,0.0,0.0
2022-01-27 00:00:00-05:00,51.01364253441032,51.518824516310204,50.458929721287085,50.71647644042969,3572800,0.0,0.0
2022-01-28 00:00:00-05:00,50.151861839125004,50.81553268432617,49.87450353155361,50.81553268432617,3088500,0.0,0.0
2022-01-31 00:00:00-05:00,50.21129206851123,50.91458983741127,50.12214185998429,50.90468215942383,2716300,0.0,0.0
2022-02-01 00:00:00-05:00,50.3301590245245,50.78581394377066,50.013181360816574,50.64713668823242,3683900,0.0,0.0
2022-02-02 00:00:00-05:00,50.49855287479701,51.09288884143017,50.439118144532124,50.71647644042969,4288600,0.0,0.0
2022-02-03 00:00:00-05:00,51.06316908906093,51.54854326814502,50.96411498492386,51.29099655151367,2356400,0.0,0.0
2022-02-04 00:00:00-05:00,51.182035770355625,51.221658924253816,50.805627144338594,50.914588928222656,2355300,0.0,0.0
2022-02-07 00:00:00-05:00,51.42967592061243,52.00420032848012,51.39996044388549,51.756561279296875,2688300,0.0,0.0
2022-02-08 00:00:00-05:00,51.89523770130468,52.09334969317533,51.637694756943205,51.806087493896484,2501900,0.0,0.0
2022-02-09 00:00:00-05:00,51.657505944389946,51.756560050242214,51.19194333380605,51.64759826660156,2962200,0.0,0.0
2022-02-10 00:00:00-05:00,50.74619387745164,51.2711874563963,50.389593039424305,50.736289978027344,3709600,0.0,0.0
2022-02-11 00:00:00-05:00,52.28155219807025,53.004657731505134,52.13297104331263,52.232025146484375,4164400,0.0,0.0
2022-02-14 00:00:00-05:00,51.64759884775206,51.71693747836324,50.64713876416782,51.11269760131836,2834400,0.0,0.0
2022-02-15 00:00:00-05:00,51.18203503595999,51.40986627826955,50.924492096661005,51.00373840332031,3089700,0.0,0.0
2022-02-16 00:00:00-05:00,51.142417560608195,51.419772086872285,51.08298282840646,51.39005661010742,1991500,0.0,0.0
2022-02-17 00:00:00-05:00,51.27118570603504,51.33062043656789,50.914588658853724,51.201847076416016,2483500,0.0,0.0
2022-02-18 00:00:00-05:00,51.66741023318862,51.94476475460435,51.57826002578042,51.806087493896484,2019200,0.0,0.0
2022-02-22 00:00:00-05:00,50.766004791289625,51.16222877917824,50.637231428425025,50.86505889892578,2101800,0.0,0.0
2022-02-23 00:00:00-05:00,51.74665673339087,51.796183786874295,50.92449328661257,51.11269760131836,4546100,0.0,0.0
2022-02-24 00:00:00-05:00,49.06999969482422,49.22999954223633,48.349998474121094,49.060001373291016,4809300,0.4873,0.0
2022-02-25 00:00:00-05:00,49.16999816894531,50.619998931884766,49.130001068115234,50.54999923706055,3234300,0.0,0.0
2022-02-28 00:00:00-05:00,50.0099983215332,50.33000183105469,49.86000061035156,50.27000045776367,2774600,0.0,0.0
2022-03-01 00:00:00-05:00,49.66999816894531,49.939998626708984,48.599998474121094,48.7400016784668,3780300,0.0,0.0
2022-03-02 00:00:00-05:00,48.25,48.97999954223633,48.18000030517578,48.66999816894531,3133200,0.0,0.0
2022-03-03 00:00:00-05:00,47.790000915527344,48.029998779296875,47.400001525878906,47.70000076293945,4590800,0.0,0.0
2022-03-04 00:00:00-05:00,45.54999923706055,45.72999954223633,45.0,45.68000030517578,8935700,0.0,0.0
2022-03-07 00:00:00-05:00,43.93000030517578,44.33000183105469,43.25,43.880001068115234,9993300,0.0,0.0
2022-03-08 00:00:00-05:00,43.68000030517578,44.5,43.11000061035156,43.709999084472656,7344200,0.0,0.0
2022-03-09 00:00:00-05:00,45.0,46.150001525878906,44.79999923706055,45.41999816894531,6072400,0.0,0.0
2022-03-10 00:00:00-05:00,44.400001525878906,44.65999984741211,44.040000915527344,44.349998474121094,4130700,0.0,0.0
2022-03-11 00:00:00-05:00,44.33000183105469,44.709999084472656,43.88999938964844,43.95000076293945,4135800,0.0,0.0
2022-03-14 00:00:00-04:00,44.4900016784668,44.869998931884766,44.2400016784668,44.349998474121094,3172500,0.0,0.0
2022-03-15 00:00:00-04:00,44.97999954223633,45.0099983215332,43.91999816894531,44.38999938964844,5208900,0.0,0.0
2022-03-16 00:00:00-04:00,44.599998474121094,45.08000183105469,44.45000076293945,45.08000183105469,4146200,0.0,0.0
2022-03-17 00:00:00-04:00,44.779998779296875,45.369998931884766,44.70000076293945,45.31999969482422,3251400,0.0,0.0
2022-03-18 00:00:00-04:00,44.63999938964844,45.38999938964844,44.54999923706055,45.29999923706055,4446200,0.0,0.0
2022-03-21 00:00:00-04:00,45.06999969482422,45.290000915527344,44.91999816894531,45.08000183105469,2982600,0.0,0.0
2022-03-22 00:00:00-04:00,45.36000061035156,45.7599983215332,45.349998474121094,45.52000045776367,3016700,0.0,0.0
2022-03-23 00:00:00-04:00,45.13999938964844,45.25,44.720001220703125,44.7400016784668,3882400,0.0,0.0
2022-03-24 00:00:00-04:00,44.70000076293945,44.810001373291016,44.47999954223633,44.61000061035156,3155900,0.0,0.0
2022-03-25 00:00:00-04:00,44.619998931884766,44.97999954223633,44.41999816894531,44.900001525878906,3401500,0.0,0.0
2022-03-28 00:00:00-04:00,44.900001525878906,45.20000076293945,44.7599983215332,45.20000076293945,2570600,0.0,0.0
2022-03-29 00:00:00-04:00,46.70000076293945,46.97999954223633,46.11000061035156,46.25,4164300,0.0,0.0
2022-03-30 00:00:00-04:00,46.439998626708984,46.720001220703125,46.2599983215332,46.2599983215332,4690700,0.0,0.0
2022-03-31 00:00:00-04:00,45.86000061035156,45.869998931884766,45.310001373291016,45.56999969482422,4635800,0.0,0.0
2022-04-01 00:00:00-04:00,46.11000061035156,46.619998931884766,45.90999984741211,46.599998474121094,3677100,0.0,0.0
2022-04-04 00:00:00-04:00,46.029998779296875,46.599998474121094,45.90999984741211,46.54999923706055,4120400,0.0,0.0
2022-04-05 00:00:00-04:00,46.2400016784668,46.59000015258789,46.08000183105469,46.15999984741211,2802200,0.0,0.0
2022-04-06 00:00:00-04:00,45.790000915527344,46.150001525878906,45.540000915527344,45.90999984741211,4325600,0.0,0.0
2022-04-07 00:00:00-04:00,45.689998626708984,46.209999084472656,45.63999938964844,46.119998931884766,2442800,0.0,0.0
2022-04-08 00:00:00-04:00,45.79999923706055,46.2599983215332,45.77000045776367,45.83000183105469,3891600,0.0,0.0
2022-04-11 00:00:00-04:00,45.31999969482422,45.689998626708984,45.29999923706055,45.36000061035156,4153900,0.0,0.0
2022-04-12 00:00:00-04:00,44.939998626708984,45.04999923706055,44.459999084472656,44.5,4460800,0.0,0.0
2022-04-13 00:00:00-04:00,44.470001220703125,45.11000061035156,44.45000076293945,45.0099983215332,3234300,0.0,0.0
2022-04-14 00:00:00-04:00,44.88999938964844,45.0,44.650001525878906,44.65999984741211,2802400,0.0,0.0
2022-04-18 00:00:00-04:00,44.77000045776367,44.77000045776367,44.16999816894531,44.220001220703125,2942900,0.0,0.0
2022-04-19 00:00:00-04:00,44.02000045776367,44.79999923706055,43.959999084472656,44.790000915527344,5096600,0.0,0.0
2022-04-20 00:00:00-04:00,45.0099983215332,45.529998779296875,44.939998626708984,45.41999816894531,4607400,0.0,0.0
2022-04-21 00:00:00-04:00,45.7599983215332,45.9900016784668,45.5,45.540000915527344,3133600,0.0,0.0
2022-04-22 00:00:00-04:00,45.86000061035156,45.970001220703125,45.38999938964844,45.40999984741211,3977600,0.0,0.0
2022-04-25 00:00:00-04:00,46.130001068115234,46.54999923706055,45.7400016784668,46.38999938964844,4313500,0.0,0.0
2022-04-26 00:00:00-04:00,46.40999984741211,46.58000183105469,45.630001068115234,45.65999984741211,5111700,0.0,0.0
2022-04-27 00:00:00-04:00,44.869998931884766,45.33000183105469,44.61000061035156,44.84000015258789,7362800,0.0,0.0
2022-04-28 00:00:00-04:00,45.08000183105469,46.2400016784668,44.810001373291016,46.15999984741211,5218200,0.0,0.0
2022-04-29 00:00:00-04:00,46.75,46.84000015258789,46.209999084472656,46.2599983215332,3717300,0.0,0.0
2022-05-02 00:00:00-04:00,45.59000015258789,45.7599983215332,45.16999816894531,45.63999938964844,4525300,0.0,0.0
2022-05-03 00:00:00-04:00,45.9900016784668,46.099998474121094,45.47999954223633,45.650001525878906,4320800,0.0,0.0
2022-05-04 00:00:00-04:00,45.369998931884766,45.9900016784668,45.040000915527344,45.900001525878906,3383400,0.0,0.0
2022-05-05 00:00:00-04:00,45.220001220703125,45.290000915527344,44.560001373291016,44.81999969482422,3642300,0.0,0.0
2022-05-06 00:00:00-04:00,44.470001220703125,44.75,44.060001373291016,44.47999954223633,3647300,0.0,0.0
2022-05-09 00:00:00-04:00,44.709999084472656,45.130001068115234,44.529998779296875,44.83000183105469,3644900,0.0,0.0
2022-05-10 00:00:00-04:00,45.95000076293945,45.970001220703125,45.27000045776367,45.4900016784668,4744700,0.0,0.0
2022-05-11 00:00:00-04:00,45.310001373291016,45.689998626708984,44.68000030517578,44.720001220703125,4197900,0.0,0.0
2022-05-12 00:00:00-04:00,45.279998779296875,45.5099983215332,44.810001373291016,45.189998626708984,3639800,0.0,0.0
2022-05-13 00:00:00-04:00,45.56999969482422,46.189998626708984,45.470001220703125,46.16999816894531,3320600,0.0,0.0
2022-05-16 00:00:00-04:00,45.29999923706055,45.9900016784668,45.279998779296875,45.56999969482422,3806100,0.0,0.0
2022-05-17 00:00:00-04:00,45.65999984741211,45.970001220703125,45.40999984741211,45.86000061035156,2792100,0.0,0.0
2022-05-18 00:00:00-04:00,45.40999984741211,45.45000076293945,44.15999984741211,44.20000076293945,3794100,0.0,0.0
2022-05-19 00:00:00-04:00,42.97999954223633,43.310001373291016,42.540000915527344,43.04999923706055,5517300,0.0,0.0
2022-05-20 00:00:00-04:00,43.599998474121094,44.0099983215332,43.45000076293945,43.9900016784668,4203500,0.0,0.0
2022-05-23 00:00:00-04:00,44.209999084472656,44.599998474121094,44.06999969482422,44.439998626708984,2114000,0.0,0.0
2022-05-24 00:00:00-04:00,44.40999984741211,44.77000045776367,44.33000183105469,44.70000076293945,2376300,0.0,0.0
2022-05-25 00:00:00-04:00,44.099998474121094,44.13999938964844,43.529998779296875,43.86000061035156,5426400,0.0,0.0
2022-05-26 00:00:00-04:00,43.91999816894531,44.06999969482422,43.779998779296875,43.81999969482422,3811500,0.0,0.0
2022-05-27 00:00:00-04:00,43.95000076293945,44.119998931884766,43.70000076293945,43.97999954223633,3479800,0.0,0.0
2022-05-31 00:00:00-04:00,46.79999923706055,48.5,46.75,48.33000183105469,22739100,0.0,0.0
2022-06-01 00:00:00-04:00,47.2599983215332,47.369998931884766,46.04999923706055,46.2400016784668,7651800,0.0,0.0
2022-06-02 00:00:00-04:00,46.900001525878906,46.900001525878906,46.0,46.650001525878906,3512100,0.0,0.0
2022-06-03 00:00:00-04:00,46.68000030517578,46.810001373291016,46.40999984741211,46.52000045776367,2858800,0.0,0.0
2022-06-06 00:00:00-04:00,46.900001525878906,47.040000915527344,46.40999984741211,46.709999084472656,3045800,0.0,0.0
2022-06-07 00:00:00-04:00,46.189998626708984,46.779998779296875,46.15999984741211,46.75,2871100,0.0,0.0
2022-06-08 00:00:00-04:00,46.2599983215332,46.33000183105469,46.02000045776367,46.040000915527344,2040000,0.0,0.0
2022-06-09 00:00:00-04:00,45.880001068115234,46.08000183105469,45.189998626708984,45.189998626708984,2364800,0.0,0.0
2022-06-10 00:00:00-04:00,44.68000030517578,45.20000076293945,44.41999816894531,45.060001373291016,3579900,0.0,0.0
2022-06-13 00:00:00-04:00,44.189998626708984,44.7400016784668,43.939998626708984,44.290000915527344,5071400,0.0,0.0
2022-06-14 00:00:00-04:00,43.630001068115234,43.9900016784668,43.15999984741211,43.560001373291016,5174900,0.0,0.0
2022-06-15 00:00:00-04:00,43.880001068115234,44.709999084472656,43.56999969482422,44.060001373291016,5674300,0.0,0.0
2022-06-16 00:00:00-04:00,43.5099983215332,44.0,43.45000076293945,43.689998626708984,3925600,0.0,0.0
2022-06-17 00:00:00-04:00,44.11000061035156,44.18000030517578,43.529998779296875,43.720001220703125,3195200,0.0,0.0
2022-06-21 00:00:00-04:00,44.31999969482422,44.5,44.06999969482422,44.369998931884766,3221500,0.0,0.0
2022-06-22 00:00:00-04:00,44.119998931884766,44.630001068115234,44.02000045776367,44.369998931884766,2529900,0.0,0.0
2022-06-23 00:00:00-04:00,44.119998931884766,44.59000015258789,44.040000915527344,44.56999969482422,3657700,0.0,0.0
2022-06-24 00:00:00-04:00,45.650001525878906,46.279998779296875,45.650001525878906,46.25,3051900,0.0,0.0
2022-06-27 00:00:00-04:00,45.779998779296875,46.18000030517578,45.650001525878906,46.0,2325800,0.0,0.0
2022-06-28 00:00:00-04:00,45.689998626708984,45.849998474121094,45.290000915527344,45.33000183105469,2530100,0.0,0.0
2022-06-29 00:00:00-04:00,45.47999954223633,45.72999954223633,45.349998474121094,45.560001373291016,1821300,0.0,0.0
2022-06-30 00:00:00-04:00,45.029998779296875,45.90999984741211,44.959999084472656,45.83000183105469,3381800,0.0,0.0
2022-07-01 00:00:00-04:00,45.5,46.33000183105469,45.4900016784668,46.290000915527344,3510000,0.0,0.0
2022-07-05 00:00:00-04:00,45.43000030517578,45.86000061035156,45.290000915527344,45.84000015258789,2344300,0.0,0.0
2022-07-06 00:00:00-04:00,46.13999938964844,46.36000061035156,46.040000915527344,46.18000030517578,2264600,0.0,0.0
2022-07-07 00:00:00-04:00,46.02000045776367,46.16999816894531,45.93000030517578,46.130001068115234,1881800,0.0,0.0
2022-07-08 00:00:00-04:00,46.0099983215332,46.41999816894531,45.939998626708984,46.130001068115234,2189300,0.0,0.0
2022-07-11 00:00:00-04:00,45.86000061035156,46.0099983215332,45.68000030517578,45.779998779296875,1766300,0.0,0.0
2022-07-12 00:00:00-04:00,45.939998626708984,46.47999954223633,45.84000015258789,46.02000045776367,2465700,0.0,0.0
2022-07-13 00:00:00-04:00,45.65999984741211,46.63999938964844,45.630001068115234,46.27000045776367,2235800,0.0,0.0
2022-07-14 00:00:00-04:00,45.869998931884766,45.97999954223633,45.52000045776367,45.93000030517578,1977100,0.0,0.0
2022-07-15 00:00:00-04:00,46.310001373291016,46.47999954223633,46.099998474121094,46.209999084472656,1932000,0.0,0.0
2022-07-18 00:00:00-04:00,46.439998626708984,46.61000061035156,45.88999938964844,45.939998626708984,1868600,0.0,0.0
2022-07-19 00:00:00-04:00,47.779998779296875,47.86000061035156,47.209999084472656,47.29999923706055,3129000,0.0,0.0
2022-07-20 00:00:00-04:00,47.02000045776367,47.099998474121094,46.43000030517578,46.56999969482422,2026800,0.0,0.0
2022-07-21 00:00:00-04:00,46.15999984741211,46.689998626708984,46.02000045776367,46.65999984741211,1771600,0.0,0.0
2022-07-22 00:00:00-04:00,46.84000015258789,47.150001525878906,46.7599983215332,47.02000045776367,1639200,0.0,0.0
2022-07-25 00:00:00-04:00,47.34000015258789,47.34000015258789,46.970001220703125,47.13999938964844,1815200,0.0,0.0
2022-07-26 00:00:00-04:00,48.27000045776367,49.11000061035156,47.970001220703125,48.849998474121094,8309400,0.0,0.0
2022-07-27 00:00:00-04:00,48.650001525878906,48.75,47.959999084472656,48.439998626708984,3887800,0.0,0.0
2022-07-28 00:00:00-04:00,48.130001068115234,48.41999816894531,47.869998931884766,48.34000015258789,2320000,0.0,0.0
2022-07-29 00:00:00-04:00,48.380001068115234,48.79999923706055,48.189998626708984,48.65999984741211,5037200,0.0,0.0
2022-08-01 00:00:00-04:00,48.880001068115234,49.18000030517578,48.79999923706055,48.900001525878906,2415100,0.0,0.0
2022-08-02 00:00:00-04:00,49.16999816894531,49.22999954223633,48.45000076293945,48.4900016784668,2231300,0.0,0.0
2022-08-03 00:00:00-04:00,48.43000030517578,48.900001525878906,48.380001068115234,48.79999923706055,2146400,0.0,0.0
2022-08-04 00:00:00-04:00,48.439998626708984,48.59000015258789,48.15999984741211,48.41999816894531,1599700,0.0,0.0
2022-08-05 00:00:00-04:00,48.060001373291016,48.150001525878906,47.70000076293945,48.06999969482422,1830600,0.0,0.0
2022-08-08 00:00:00-04:00,48.560001373291016,48.709999084472656,48.34000015258789,48.41999816894531,1742300,0.0,0.0
2022-08-09 00:00:00-04:00,48.220001220703125,48.33000183105469,47.79999923706055,47.849998474121094,2886200,0.0,0.0
2022-08-10 00:00:00-04:00,48.29999923706055,48.47999954223633,48.22999954223633,48.380001068115234,1960800,0.0,0.0
2022-08-11 00:00:00-04:00,47.709999084472656,47.95000076293945,47.619998931884766,47.650001525878906,1839400,0.0,0.0
2022-08-12 00:00:00-04:00,47.290000915527344,47.79999923706055,47.060001373291016,47.779998779296875,4610500,0.0,0.0
2022-08-15 00:00:00-04:00,47.56999969482422,47.84000015258789,47.5099983215332,47.810001373291016,3251900,0.0,0.0
2022-08-16 00:00:00-04:00,47.220001220703125,47.779998779296875,47.16999816894531,47.650001525878906,2558700,0.0,0.0
2022-08-17 00:00:00-04:00,47.47999954223633,47.7400016784668,47.400001525878906,47.650001525878906,2522800,0.0,0.0
2022-08-18 00:00:00-04:00,47.31999969482422,47.38999938964844,47.08000183105469,47.349998474121094,2618100,0.0,0.0
2022-08-19 00:00:00-04:00,47.43000030517578,47.630001068115234,47.25,47.40999984741211,1750200,0.0,0.0
2022-08-22 00:00:00-04:00,47.290000915527344,47.47999954223633,46.95000076293945,47.02000045776367,1654300,0.0,0.0
2022-08-23 00:00:00-04:00,46.459999084472656,46.81999969482422,46.400001525878906,46.59000015258789,1611300,0.0,0.0
2022-08-24 00:00:00-04:00,46.779998779296875,47.20000076293945,46.66999816894531,46.939998626708984,1687200,0.0,0.0
2022-08-25 00:00:00-04:00,46.7599983215332,47.0099983215332,46.4900016784668,47.0099983215332,1220200,0.0,0.0
2022-08-26 00:00:00-04:00,46.88999938964844,46.9900016784668,45.970001220703125,46.02000045776367,1671800,0.0,0.0
2022-08-29 00:00:00-04:00,45.959999084472656,46.20000076293945,45.900001525878906,45.95000076293945,1516300,0.0,0.0
2022-08-30 00:00:00-04:00,46.20000076293945,46.2599983215332,45.70000076293945,45.75,1727400,0.0,0.0
2022-08-31 00:00:00-04:00,45.86000061035156,45.9900016784668,45.36000061035156,45.38999938964844,1608500,0.0,0.0
2022-09-01 00:00:00-04:00,44.91999816894531,44.95000076293945,44.540000915527344,44.90999984741211,2046000,0.0,0.0
2022-09-02 00:00:00-04:00,45.09000015258789,45.34000015258789,44.459999084472656,44.599998474121094,1827800,0.0,0.0
2022-09-06 00:00:00-04:00,45.150001525878906,45.38999938964844,44.72999954223633,44.79999923706055,2350000,0.0,0.0
2022-09-07 00:00:00-04:00,44.79999923706055,45.29999923706055,44.790000915527344,45.29999923706055,1698500,0.0,0.0
2022-09-08 00:00:00-04:00,44.599998474121094,45.099998474121094,44.5,44.95000076293945,2643800,0.0,0.0
2022-09-09 00:00:00-04:00,45.970001220703125,46.13999938964844,45.7599983215332,46.0099983215332,2782300,0.0,0.0
2022-09-12 00:00:00-04:00,46.970001220703125,47.099998474121094,46.81999969482422,46.83000183105469,2410700,0.0,0.0
2022-09-13 00:00:00-04:00,46.720001220703125,46.84000015258789,45.88999938964844,45.88999938964844,2322200,0.0,0.0
2022-09-14 00:00:00-04:00,45.970001220703125,46.150001525878906,45.720001220703125,45.91999816894531,2290300,0.0,0.0
2022-09-15 00:00:00-04:00,45.459999084472656,45.709999084472656,45.290000915527344,45.38999938964844,1977000,0.0,0.0
2022-09-16 00:00:00-04:00,45.310001373291016,45.34000015258789,44.959999084472656,45.16999816894531,2029100,0.0,0.0
2022-09-19 00:00:00-04:00,44.9900016784668,45.36000061035156,44.959999084472656,45.34000015258789,1411500,0.0,0.0
2022-09-20 00:00:00-04:00,45.33000183105469,45.439998626708984,45.040000915527344,45.220001220703125,1769400,0.0,0.0
2022-09-21 00:00:00-04:00,45.380001068115234,46.18000030517578,45.349998474121094,45.529998779296875,3362500,0.0,0.0
2022-09-22 00:00:00-04:00,45.95000076293945,46.0,45.52000045776367,45.65999984741211,2880200,0.0,0.0
2022-09-23 00:00:00-04:00,44.5,44.529998779296875,43.560001373291016,43.849998474121094,3215300,0.0,0.0
2022-09-26 00:00:00-04:00,44.189998626708984,44.380001068115234,43.4900016784668,43.81999969482422,4909500,0.0,0.0
2022-09-27 00:00:00-04:00,44.2599983215332,44.459999084472656,43.15999984741211,43.310001373291016,5349800,0.0,0.0
2022-09-28 00:00:00-04:00,43.310001373291016,44.41999816894531,43.130001068115234,44.2400016784668,4552200,0.0,0.0
2022-09-29 00:00:00-04:00,44.72999954223633,45.040000915527344,44.380001068115234,44.709999084472656,7808000,0.0,0.0
2022-09-30 00:00:00-04:00,44.209999084472656,44.47999954223633,43.81999969482422,43.84000015258789,3608100,0.0,0.0
2022-10-03 00:00:00-04:00,43.79999923706055,44.150001525878906,43.470001220703125,44.119998931884766,3037800,0.0,0.0
2022-10-04 00:00:00-04:00,44.880001068115234,45.33000183105469,44.79999923706055,45.27000045776367,6207400,0.0,0.0
2022-10-05 00:00:00-04:00,44.7599983215332,44.900001525878906,44.27000045776367,44.619998931884766,2141600,0.0,0.0
2022-10-06 00:00:00-04:00,44.20000076293945,44.20000076293945,43.599998474121094,43.72999954223633,2623500,0.0,0.0
2022-10-07 00:00:00-04:00,43.959999084472656,44.0,43.2599983215332,43.349998474121094,2890700,0.0,0.0
2022-10-10 00:00:00-04:00,43.130001068115234,43.34000015258789,42.900001525878906,43.2400016784668,2166800,0.0,0.0
2022-10-11 00:00:00-04:00,43.66999816894531,44.130001068115234,43.290000915527344,43.31999969482422,2877200,0.0,0.0
2022-10-12 00:00:00-04:00,43.27000045776367,43.66999816894531,43.15999984741211,43.52000045776367,2752200,0.0,0.0
2022-10-13 00:00:00-04:00,42.619998931884766,43.810001373291016,42.439998626708984,43.68000030517578,3521700,0.0,0.0
2022-10-14 00:00:00-04:00,44.0099983215332,44.099998474121094,43.220001220703125,43.25,2440600,0.0,0.0
2022-10-17 00:00:00-04:00,43.959999084472656,44.369998931884766,43.880001068115234,43.97999954223633,2818000,0.0,0.0
2022-10-18 00:00:00-04:00,43.959999084472656,44.31999969482422,43.90999984741211,44.189998626708984,2512800,0.0,0.0
2022-10-19 00:00:00-04:00,44.08000183105469,44.16999816894531,43.54999923706055,43.79999923706055,1842900,0.0,0.0
2022-10-20 00:00:00-04:00,43.93000030517578,44.13999938964844,43.41999816894531,43.52000045776367,3410600,0.0,0.0
2022-10-21 00:00:00-04:00,43.939998626708984,44.650001525878906,43.86000061035156,44.560001373291016,3348100,0.0,0.0
2022-10-24 00:00:00-04:00,44.18000030517578,44.599998474121094,43.599998474121094,44.45000076293945,5578200,0.0,0.0
2022-10-25 00:00:00-04:00,44.650001525878906,45.15999984741211,44.650001525878906,45.130001068115234,2600200,0.0,0.0
2022-10-26 00:00:00-04:00,44.279998779296875,45.15999984741211,44.2599983215332,44.97999954223633,2765000,0.0,0.0
2022-10-27 00:00:00-04:00,44.459999084472656,44.880001068115234,44.41999816894531,44.70000076293945,3526200,0.0,0.0
2022-10-28 00:00:00-04:00,45.15999984741211,45.810001373291016,44.959999084472656,45.7400016784668,2930500,0.0,0.0
2022-10-31 00:00:00-04:00,45.81999969482422,45.95000076293945,45.40999984741211,45.5099983215332,4309100,0.0,0.0
2022-11-01 00:00:00-04:00,45.83000183105469,45.91999816894531,45.20000076293945,45.5,1965100,0.0,0.0
2022-11-02 00:00:00-04:00,45.400001525878906,45.900001525878906,44.90999984741211,44.91999816894531,2159900,0.0,0.0
2022-11-03 00:00:00-04:00,44.5,44.790000915527344,44.4900016784668,44.619998931884766,2031400,0.0,0.0
2022-11-04 00:00:00-04:00,45.31999969482422,46.290000915527344,45.220001220703125,46.279998779296875,2979900,0.0,0.0
2022-11-07 00:00:00-05:00,46.290000915527344,46.4900016784668,46.08000183105469,46.29999923706055,2291900,0.0,0.0
2022-11-08 00:00:00-05:00,46.31999969482422,46.88999938964844,46.290000915527344,46.630001068115234,2382000,0.0,0.0
2022-11-09 00:00:00-05:00,46.34000015258789,46.599998474121094,46.150001525878906,46.15999984741211,1792000,0.0,0.0
2022-11-10 00:00:00-05:00,47.310001373291016,47.58000183105469,46.970001220703125,47.540000915527344,2877600,0.0,0.0
2022-11-11 00:00:00-05:00,46.189998626708984,47.2400016784668,45.9900016784668,47.15999984741211,3872100,0.0,0.0
2022-11-14 00:00:00-05:00,47.40999984741211,47.97999954223633,47.25,47.45000076293945,3414000,0.0,0.0
2022-11-15 00:00:00-05:00,48.15999984741211,48.290000915527344,47.380001068115234,47.91999816894531,3441200,0.0,0.0
2022-11-16 00:00:00-05:00,48.400001525878906,48.5099983215332,48.18000030517578,48.470001220703125,2780100,0.0,0.0
2022-11-17 00:00:00-05:00,47.619998931884766,48.18000030517578,47.619998931884766,48.130001068115234,3122700,0.0,0.0
2022-11-18 00:00:00-05:00,48.36000061035156,48.40999984741211,48.060001373291016,48.209999084472656,2002900,0.0,0.0
2022-11-21 00:00:00-05:00,48.22999954223633,48.72999954223633,48.15999984741211,48.689998626708984,2264300,0.0,0.0
2022-11-22 00:00:00-05:00,48.77000045776367,49.18000030517578,48.7400016784668,49.099998474121094,2416600,0.0,0.0
2022-11-23 00:00:00-05:00,49.560001373291016,49.75,49.38999938964844,49.529998779296875,2183700,0.0,0.0
2022-11-25 00:00:00-05:00,49.58000183105469,49.84000015258789,49.439998626708984,49.65999984741211,995000,0.0,0.0
2022-11-28 00:00:00-05:00,49.77000045776367,50.11000061035156,49.58000183105469,49.59000015258789,2082600,0.0,0.0
2022-11-29 00:00:00-05:00,49.61000061035156,49.77000045776367,49.400001525878906,49.459999084472656,1706900,0.0,0.0
2022-11-30 00:00:00-05:00,49.869998931884766,50.4900016784668,49.529998779296875,50.380001068115234,2701600,0.0,0.0
2022-12-01 00:00:00-05:00,50.88999938964844,51.290000915527344,50.84000015258789,51.150001525878906,2732900,0.0,0.0
2022-12-02 00:00:00-05:00,50.63999938964844,51.540000915527344,50.630001068115234,51.5,2143200,0.0,0.0
2022-12-05 00:00:00-05:00,50.91999816894531,51.16999816894531,50.84000015258789,50.9900016784668,2579300,0.0,0.0
2022-12-06 00:00:00-05:00,51.16999816894531,51.290000915527344,50.869998931884766,51.16999816894531,2273900,0.0,0.0
2022-12-07 00:00:00-05:00,50.959999084472656,51.09000015258789,50.650001525878906,50.81999969482422,2151000,0.0,0.0
2022-12-08 00:00:00-05:00,50.599998474121094,50.900001525878906,50.400001525878906,50.400001525878906,4668100,0.0,0.0
2022-12-09 00:00:00-05:00,50.77000045776367,50.93000030517578,50.33000183105469,50.349998474121094,4394600,0.0,0.0
2022-12-12 00:00:00-05:00,50.84000015258789,50.88999938964844,50.459999084472656,50.68000030517578,1900900,0.0,0.0
2022-12-13 00:00:00-05:00,51.0,51.33000183105469,50.56999969482422,50.65999984741211,2255500,0.0,0.0
2022-12-14 00:00:00-05:00,51.31999969482422,51.66999816894531,51.060001373291016,51.36000061035156,2637900,0.0,0.0
2022-12-15 00:00:00-05:00,50.83000183105469,50.91999816894531,50.41999816894531,50.540000915527344,2320100,0.0,0.0
2022-12-16 00:00:00-05:00,50.04999923706055,50.41999816894531,50.040000915527344,50.27000045776367,2434600,0.0,0.0
2022-12-19 00:00:00-05:00,50.54999923706055,50.77000045776367,50.25,50.470001220703125,2609500,0.0,0.0
2022-12-20 00:00:00-05:00,50.560001373291016,50.7400016784668,50.279998779296875,50.650001525878906,2576700,0.0,0.0
2022-12-21 00:00:00-05:00,50.540000915527344,51.22999954223633,50.540000915527344,51.11000061035156,2254500,0.0,0.0
2022-12-22 00:00:00-05:00,50.83000183105469,50.90999984741211,50.52000045776367,50.86000061035156,2216300,0.0,0.0
2022-12-23 00:00:00-05:00,50.7599983215332,51.22999954223633,50.72999954223633,51.06999969482422,1660900,0.0,0.0
2022-12-27 00:00:00-05:00,50.709999084472656,51.20000076293945,50.689998626708984,51.11000061035156,1478500,0.0,0.0
2022-12-28 00:00:00-05:00,50.970001220703125,51.099998474121094,50.45000076293945,50.45000076293945,1830500,0.0,0.0
2022-12-29 00:00:00-05:00,50.56999969482422,50.83000183105469,50.529998779296875,50.599998474121094,1809300,0.0,0.0
2022-12-30 00:00:00-05:00,50.310001373291016,50.47999954223633,50.040000915527344,50.349998474121094,1427000,0.0,0.0
2023-01-03 00:00:00-05:00,50.09000015258789,50.47999954223633,50.060001373291016,50.470001220703125,2211200,0.0,0.0
2023-01-04 00:00:00-05:00,50.72999954223633,50.959999084472656,50.599998474121094,50.810001373291016,1802500,0.0,0.0
2023-01-05 00:00:00-05:00,50.33000183105469,50.4900016784668,50.0,50.08000183105469,1594800,0.0,0.0
2023-01-06 00:00:00-05:00,50.02000045776367,50.84000015258789,50.0099983215332,50.79999923706055,1648900,0.0,0.0
2023-01-09 00:00:00-05:00,50.84000015258789,51.220001220703125,50.720001220703125,50.95000076293945,1894000,0.0,0.0
2023-01-10 00:00:00-05:00,51.099998474121094,51.15999984741211,50.880001068115234,51.0099983215332,1341200,0.0,0.0
2023-01-11 00:00:00-05:00,51.29999923706055,51.29999923706055,50.72999954223633,50.970001220703125,1287600,0.0,0.0
2023-01-12 00:00:00-05:00,50.75,51.33000183105469,50.619998931884766,51.220001220703125,2417200,0.0,0.0
2023-01-13 00:00:00-05:00,51.2400016784668,51.65999984741211,51.220001220703125,51.439998626708984,1910000,0.0,0.0
2023-01-17 00:00:00-05:00,51.09000015258789,51.36000061035156,51.0099983215332,51.09000015258789,2581000,0.0,0.0
2023-01-18 00:00:00-05:00,51.06999969482422,51.20000076293945,50.22999954223633,50.400001525878906,2872000,0.0,0.0
2023-01-19 00:00:00-05:00,50.220001220703125,50.66999816894531,50.08000183105469,50.36000061035156,2988800,0.0,0.0
2023-01-20 00:00:00-05:00,50.43000030517578,51.02000045776367,50.369998931884766,51.0099983215332,2412400,0.0,0.0
2023-01-23 00:00:00-05:00,50.869998931884766,51.02000045776367,50.720001220703125,50.900001525878906,1374500,0.0,0.0
2023-01-24 00:00:00-05:00,50.79999923706055,50.79999923706055,50.09000015258789,50.619998931884766,1220700,0.0,0.0
2023-01-25 00:00:00-05:00,50.06999969482422,50.5099983215332,50.0099983215332,50.4900016784668,1558900,0.0,0.0
2023-01-26 00:00:00-05:00,50.08000183105469,50.119998931884766,49.7599983215332,50.119998931884766,1574500,0.0,0.0
2023-01-27 00:00:00-05:00,49.93000030517578,49.939998626708984,49.56999969482422,49.81999969482422,1069500,0.0,0.0
2023-01-30 00:00:00-05:00,50.22999954223633,50.43000030517578,50.20000076293945,50.22999954223633,1427900,0.0,0.0
2023-01-31 00:00:00-05:00,50.54999923706055,51.11000061035156,50.4900016784668,51.099998474121094,2025700,0.0,0.0
2023-02-01 00:00:00-05:00,50.81999969482422,51.310001373291016,50.560001373291016,51.18000030517578,2355800,0.0,0.0
2023-02-02 00:00:00-05:00,50.310001373291016,50.470001220703125,50.029998779296875,50.27000045776367,2377000,0.0,0.0
2023-02-03 00:00:00-05:00,50.439998626708984,50.619998931884766,50.189998626708984,50.52000045776367,1399700,0.0,0.0
2023-02-06 00:00:00-05:00,50.33000183105469,50.380001068115234,50.0,50.27000045776367,1414600,0.0,0.0
2023-02-07 00:00:00-05:00,49.34000015258789,49.599998474121094,49.130001068115234,49.56999969482422,1910400,0.0,0.0
2023-02-08 00:00:00-05:00,49.70000076293945,49.7599983215332,49.470001220703125,49.650001525878906,1798200,0.0,0.0
2023-02-09 00:00:00-05:00,50.400001525878906,50.439998626708984,49.83000183105469,49.849998474121094,1382000,0.0,0.0
2023-02-10 00:00:00-05:00,49.91999816894531,50.060001373291016,49.77000045776367,49.939998626708984,1674300,0.0,0.0
2023-02-13 00:00:00-05:00,50.91999816894531,51.91999816894531,50.869998931884766,51.88999938964844,2039700,0.0,0.0
2023-02-14 00:00:00-05:00,52.18000030517578,52.34000015258789,51.720001220703125,51.83000183105469,2811700,0.0,0.0
2023-02-15 00:00:00-05:00,51.290000915527344,51.58000183105469,50.959999084472656,51.58000183105469,1860600,0.0,0.0
2023-02-16 00:00:00-05:00,50.619998931884766,51.029998779296875,50.540000915527344,50.84000015258789,1937600,0.0,0.0
2023-02-17 00:00:00-05:00,50.720001220703125,51.369998931884766,50.709999084472656,51.20000076293945,1962900,0.0,0.0
2023-02-21 00:00:00-05:00,51.130001068115234,51.54999923706055,51.040000915527344,51.470001220703125,1491300,0.0,0.0
2023-02-22 00:00:00-05:00,51.54999923706055,51.65999984741211,51.2599983215332,51.279998779296875,1714000,0.0,0.0
2023-02-23 00:00:00-05:00,50.65999984741211,50.779998779296875,50.40999984741211,50.70000076293945,1627500,0.0,0.0
2023-02-24 00:00:00-05:00,50.060001373291016,50.31999969482422,49.959999084472656,50.279998779296875,1482700,0.0,0.0
2023-02-27 00:00:00-05:00,50.58000183105469,50.63999938964844,50.40999984741211,50.5,1235500,0.0,0.0
2023-02-28 00:00:00-05:00,50.08000183105469,50.20000076293945,49.90999984741211,49.93000030517578,1243800,0.0,0.0
2023-03-01 00:00:00-05:00,49.95000076293945,50.0099983215332,49.63999938964844,49.88999938964844,1556000,0.0,0.0
2023-03-02 00:00:00-05:00,49.720001220703125,50.439998626708984,49.70000076293945,50.400001525878906,1769900,0.0,0.0
2023-03-03 00:00:00-05:00,49.93000030517578,50.0,49.66999816894531,49.84000015258789,2410700,0.0,0.0
2023-03-06 00:00:00-05:00,49.41999816894531,49.709999084472656,49.34000015258789,49.5,2265700,0.0,0.0
2023-03-07 00:00:00-05:00,49.45000076293945,49.52000045776367,48.599998474121094,48.68000030517578,1908500,0.0,0.0
2023-03-08 00:00:00-05:00,48.83000183105469,48.95000076293945,48.65999984741211,48.849998474121094,1111900,0.0,0.0
2023-03-09 00:00:00-05:00,49.13999938964844,49.16999816894531,48.66999816894531,48.72999954223633,1512500,0.0,0.0
2023-03-10 00:00:00-05:00,49.279998779296875,49.349998474121094,48.630001068115234,48.7400016784668,1751000,0.0,0.0
2023-03-13 00:00:00-04:00,49.560001373291016,49.75,49.09000015258789,49.13999938964844,2825200,0.0,0.0
2023-03-14 00:00:00-04:00,49.290000915527344,49.70000076293945,49.11000061035156,49.66999816894531,1893400,0.0,0.0
2023-03-15 00:00:00-04:00,48.599998474121094,49.13999938964844,48.56999969482422,49.029998779296875,2674300,0.0,0.0
2023-03-16 00:00:00-04:00,49.58000183105469,49.81999969482422,49.45000076293945,49.720001220703125,1898600,0.0,0.0
2023-03-17 00:00:00-04:00,49.34000015258789,49.369998931884766,48.970001220703125,49.150001525878906,3940000,0.0,0.0
2023-03-20 00:00:00-04:00,49.81999969482422,50.15999984741211,49.70000076293945,49.9900016784668,2706800,0.0,0.0
2023-03-21 00:00:00-04:00,50.630001068115234,50.65999984741211,50.209999084472656,50.560001373291016,2609200,0.0,0.0
2023-03-22 00:00:00-04:00,51.0099983215332,51.5,50.939998626708984,50.959999084472656,2529400,0.0,0.0
2023-03-23 00:00:00-04:00,51.209999084472656,51.4900016784668,50.849998474121094,50.97999954223633,1798300,0.0,0.0
2023-03-24 00:00:00-04:00,51.38999938964844,51.5099983215332,51.11000061035156,51.38999938964844,1818700,0.0,0.0
2023-03-27 00:00:00-04:00,51.81999969482422,51.91999816894531,51.65999984741211,51.709999084472656,2087200,0.0,0.0
2023-03-28 00:00:00-04:00,51.9900016784668,52.029998779296875,51.75,51.880001068115234,2257900,0.0,0.0
2023-03-29 00:00:00-04:00,52.0,52.060001373291016,51.529998779296875,51.650001525878906,2872700,0.0,0.0
2023-03-30 00:00:00-04:00,51.79999923706055,52.0,51.77000045776367,51.97999954223633,1518500,0.0,0.0
2023-03-31 00:00:00-04:00,52.13999938964844,52.209999084472656,51.7400016784668,51.93000030517578,1602800,0.0,0.0
2023-04-03 00:00:00-04:00,51.959999084472656,52.7400016784668,51.79999923706055,52.70000076293945,2744700,0.0,0.0
2023-04-04 00:00:00-04:00,52.75,53.060001373291016,52.68000030517578,52.939998626708984,2438500,0.0,0.0
2023-04-05 00:00:00-04:00,53.189998626708984,53.4900016784668,53.150001525878906,53.31999969482422,2666400,0.0,0.0
2023-04-06 00:00:00-04:00,53.619998931884766,53.77000045776367,53.5,53.58000183105469,1963800,0.0,0.0
2023-04-10 00:00:00-04:00,53.380001068115234,53.619998931884766,52.810001373291016,53.58000183105469,1786500,0.0,0.0
2023-04-11 00:00:00-04:00,53.439998626708984,53.47999954223633,53.279998779296875,53.31999969482422,1437500,0.0,0.0
2023-04-12 00:00:00-04:00,53.47999954223633,53.70000076293945,53.400001525878906,53.43000030517578,1490900,0.0,0.0
2023-04-13 00:00:00-04:00,53.7599983215332,54.15999984741211,53.709999084472656,54.11000061035156,2196500,0.0,0.0
2023-04-14 00:00:00-04:00,53.63999938964844,53.810001373291016,53.41999816894531,53.58000183105469,1519900,0.0,0.0
2023-04-17 00:00:00-04:00,53.970001220703125,54.029998779296875,53.630001068115234,53.779998779296875,1475300,0.0,0.0
2023-04-18 00:00:00-04:00,53.58000183105469,53.810001373291016,53.54999923706055,53.779998779296875,2735400,0.0,0.0
2023-04-19 00:00:00-04:00,54.15999984741211,54.2400016784668,53.84000015258789,53.86000061035156,1719600,0.0,0.0
2023-04-20 00:00:00-04:00,54.13999938964844,54.36000061035156,54.11000061035156,54.279998779296875,1505600,0.0,0.0
2023-04-21 00:00:00-04:00,54.540000915527344,54.75,54.25,54.5099983215332,2535000,0.0,0.0
2023-04-24 00:00:00-04:00,54.5,54.689998626708984,54.439998626708984,54.54999923706055,2006300,0.0,0.0
2023-04-25 00:00:00-04:00,54.5,54.849998474121094,54.439998626708984,54.70000076293945,2100800,0.0,0.0
2023-04-26 00:00:00-04:00,54.869998931884766,54.91999816894531,54.25,54.38999938964844,1979000,0.0,0.0
2023-04-27 00:00:00-04:00,55.310001373291016,55.56999969482422,55.09000015258789,55.4900016784668,1878100,0.0,0.0
2023-04-28 00:00:00-04:00,55.91999816894531,55.9900016784668,55.459999084472656,55.529998779296875,1848600,0.0,0.0
2023-05-01 00:00:00-04:00,55.459999084472656,55.70000076293945,55.279998779296875,55.34000015258789,1197500,0.0,0.0
2023-05-02 00:00:00-04:00,54.9900016784668,55.470001220703125,54.88999938964844,55.43000030517578,1913000,0.0,0.0
2023-05-03 00:00:00-04:00,55.75,55.77000045776367,55.400001525878906,55.4900016784668,1924800,0.0,0.0
2023-05-04 00:00:00-04:00,55.459999084472656,55.54999923706055,55.209999084472656,55.40999984741211,2020200,0.0,0.0
2023-05-05 00:00:00-04:00,55.20000076293945,55.70000076293945,55.060001373291016,55.560001373291016,1459200,0.0,0.0
2023-05-08 00:00:00-04:00,55.560001373291016,55.63999938964844,55.25,55.31999969482422,1541600,0.0,0.0
2023-05-09 00:00:00-04:00,54.88999938964844,55.08000183105469,54.75,54.81999969482422,2542400,0.0,0.0
2023-05-10 00:00:00-04:00,54.119998931884766,54.20000076293945,53.84000015258789,54.130001068115234,2774500,0.0,0.0
2023-05-11 00:00:00-04:00,54.16999816894531,54.380001068115234,54.040000915527344,54.279998779296875,1551300,0.0,0.0
2023-05-12 00:00:00-04:00,54.09000015258789,54.29999923706055,54.029998779296875,54.209999084472656,1284300,0.0,0.0
2023-05-15 00:00:00-04:00,54.31999969482422,54.31999969482422,54.08000183105469,54.27000045776367,1323000,0.0,0.0
2023-05-16 00:00:00-04:00,54.25,54.29999923706055,53.93000030517578,53.939998626708984,1631500,0.0,0.0
2023-05-17 00:00:00-04:00,54.08000183105469,54.08000183105469,53.59000015258789,53.880001068115234,1550700,0.0,0.0
2023-05-18 00:00:00-04:00,53.04999923706055,53.130001068115234,52.61000061035156,52.83000183105469,1771400,0.0,0.0
2023-05-19 00:00:00-04:00,53.20000076293945,53.380001068115234,53.09000015258789,53.2599983215332,1386800,0.0,0.0
2023-05-22 00:00:00-04:00,52.66999816894531,52.77000045776367,52.34000015258789,52.34000015258789,1753800,0.0,0.0
2023-05-23 00:00:00-04:00,52.45000076293945,52.459999084472656,52.099998474121094,52.119998931884766,1840100,0.0,0.0
2023-05-24 00:00:00-04:00,51.38999938964844,51.779998779296875,51.18000030517578,51.61000061035156,2719600,0.0,0.0
2023-05-25 00:00:00-04:00,51.060001373291016,51.45000076293945,50.93000030517578,51.31999969482422,1864600,0.0,0.0
2023-05-26 00:00:00-04:00,51.29999923706055,51.52000045776367,51.25,51.349998474121094,2172200,0.0,0.0
2023-05-30 00:00:00-04:00,50.38999938964844,50.43000030517578,49.88999938964844,49.970001220703125,2740700,0.0,0.0
2023-05-31 00:00:00-04:00,50.18000030517578,50.279998779296875,49.779998779296875,49.939998626708984,2537400,0.0,0.0
2023-06-01 00:00:00-04:00,50.2599983215332,50.439998626708984,50.04999923706055,50.119998931884766,3674000,0.0,0.0
2023-06-02 00:00:00-04:00,50.5,50.650001525878906,50.38999938964844,50.630001068115234,3641000,0.0,0.0
2023-06-05 00:00:00-04:00,50.58000183105469,50.86000061035156,50.33000183105469,50.38999938964844,1541200,0.0,0.0
2023-06-06 00:00:00-04:00,50.2599983215332,50.31999969482422,50.04999923706055,50.290000915527344,1571100,0.0,0.0
2023-06-07 00:00:00-04:00,50.31999969482422,50.38999938964844,49.90999984741211,49.93000030517578,2579900,0.0,0.0
2023-06-08 00:00:00-04:00,50.0099983215332,50.209999084472656,49.970001220703125,50.16999816894531,2721300,0.0,0.0
2023-06-09 00:00:00-04:00,49.779998779296875,49.91999816894531,49.720001220703125,49.84000015258789,1478400,0.0,0.0
2023-06-12 00:00:00-04:00,50.13999938964844,50.150001525878906,49.779998779296875,49.880001068115234,2279000,0.0,0.0
2023-06-13 00:00:00-04:00,49.7400016784668,50.08000183105469,49.70000076293945,50.0099983215332,2086200,0.0,0.0
2023-06-14 00:00:00-04:00,50.15999984741211,50.40999984741211,50.099998474121094,50.220001220703125,2663100,0.0,0.0
2023-06-15 00:00:00-04:00,51.119998931884766,51.40999984741211,50.970001220703125,51.380001068115234,2948600,0.0,0.0
2023-06-16 00:00:00-04:00,51.90999984741211,52.02000045776367,51.7599983215332,51.93000030517578,2911400,0.0,0.0
2023-06-20 00:00:00-04:00,51.7599983215332,51.95000076293945,51.5099983215332,51.52000045776367,2698000,0.0,0.0
2023-06-21 00:00:00-04:00,51.47999954223633,51.86000061035156,51.349998474121094,51.83000183105469,1783000,0.0,0.0
2023-06-22 00:00:00-04:00,51.599998474121094,51.72999954223633,51.45000076293945,51.68000030517578,1914900,0.0,0.0
2023-06-23 00:00:00-04:00,51.65999984741211,51.95000076293945,51.560001373291016,51.7599983215332,3644000,0.0,0.0
2023-06-26 00:00:00-04:00,51.70000076293945,51.72999954223633,51.41999816894531,51.650001525878906,1767300,0.0,0.0
2023-06-27 00:00:00-04:00,51.779998779296875,52.0,51.709999084472656,51.900001525878906,1648900,0.0,0.0
2023-06-28 00:00:00-04:00,51.65999984741211,51.70000076293945,51.400001525878906,51.61000061035156,1588000,0.0,0.0
2023-06-29 00:00:00-04:00,51.45000076293945,51.61000061035156,51.33000183105469,51.52000045776367,1405600,0.0,0.0
2023-06-30 00:00:00-04:00,51.90999984741211,52.25,51.880001068115234,52.130001068115234,2316100,0.0,0.0
2023-07-03 00:00:00-04:00,52.20000076293945,52.31999969482422,51.959999084472656,52.279998779296875,995600,0.0,0.0
2023-07-05 00:00:00-04:00,51.95000076293945,52.0,51.630001068115234,51.70000076293945,1781100,0.0,0.0
2023-07-06 00:00:00-04:00,51.310001373291016,51.400001525878906,51.040000915527344,51.310001373291016,1760700,0.0,0.0
2023-07-07 00:00:00-04:00,51.040000915527344,51.27000045776367,50.95000076293945,51.060001373291016,1952000,0.0,0.0
2023-07-10 00:00:00-04:00,50.97999954223633,51.20000076293945,50.959999084472656,51.150001525878906,1981700,0.0,0.0
2023-07-11 00:00:00-04:00,51.16999816894531,51.220001220703125,50.900001525878906,51.06999969482422,1974800,0.0,0.0
2023-07-12 00:00:00-04:00,51.52000045776367,51.83000183105469,51.36000061035156,51.68000030517578,2389000,0.0,0.0
2023-07-13 00:00:00-04:00,51.900001525878906,52.209999084472656,51.86000061035156,52.13999938964844,1597300,0.0,0.0
2023-07-14 00:00:00-04:00,52.349998474121094,52.5,52.2599983215332,52.369998931884766,1487600,0.0,0.0
2023-07-17 00:00:00-04:00,52.38999938964844,52.5099983215332,52.279998779296875,52.43000030517578,1333700,0.0,0.0
2023-07-18 00:00:00-04:00,52.36000061035156,52.529998779296875,52.16999816894531,52.29999923706055,1458600,0.0,0.0
2023-07-19 00:00:00-04:00,52.83000183105469,52.97999954223633,52.61000061035156,52.81999969482422,2116400,0.0,0.0
2023-07-20 00:00:00-04:00,51.939998626708984,52.2400016784668,51.849998474121094,52.189998626708984,2424800,0.0,0.0
2023-07-21 00:00:00-04:00,52.18000030517578,52.45000076293945,52.06999969482422,52.380001068115234,1531700,0.0,0.0
2023-07-24 00:00:00-04:00,51.369998931884766,51.63999938964844,51.18000030517578,51.4900016784668,2584200,0.0,0.0
2023-07-25 00:00:00-04:00,53.939998626708984,54.2599983215332,53.65999984741211,53.900001525878906,3258000,0.0,0.0
2023-07-26 00:00:00-04:00,53.959999084472656,54.25,53.849998474121094,54.029998779296875,2069800,0.0,0.0
2023-07-27 00:00:00-04:00,54.04999923706055,54.150001525878906,53.36000061035156,53.45000076293945,1813200,0.0,0.0
2023-07-28 00:00:00-04:00,54.20000076293945,54.380001068115234,54.099998474121094,54.189998626708984,1529900,0.0,0.0
2023-07-31 00:00:00-04:00,53.9900016784668,54.130001068115234,53.68000030517578,53.72999954223633,1731500,0.0,0.0
2023-08-01 00:00:00-04:00,53.56999969482422,53.81999969482422,53.41999816894531,53.540000915527344,1293500,0.0,0.0
2023-08-02 00:00:00-04:00,53.20000076293945,53.29999923706055,52.93000030517578,52.970001220703125,2164500,0.0,0.0
2023-08-03 00:00:00-04:00,51.93000030517578,52.40999984741211,51.849998474121094,52.25,1728400,0.0,0.0
2023-08-04 00:00:00-04:00,52.099998474121094,52.33000183105469,51.880001068115234,51.88999938964844,1824700,0.0,0.0
2023-08-07 00:00:00-04:00,52.02000045776367,52.2599983215332,51.95000076293945,52.209999084472656,1323600,0.0,0.0
2023-08-08 00:00:00-04:00,51.93000030517578,52.11000061035156,51.689998626708984,52.08000183105469,1408200,0.0,0.0
2023-08-09 00:00:00-04:00,52.16999816894531,52.38999938964844,52.119998931884766,52.119998931884766,1687700,0.0,0.0
2023-08-10 00:00:00-04:00,52.5099983215332,52.79999923706055,52.2400016784668,52.2599983215332,1439900,0.0,0.0
2023-08-11 00:00:00-04:00,51.77000045776367,52.060001373291016,51.68000030517578,51.93000030517578,1600200,0.0,0.0
2023-08-14 00:00:00-04:00,51.619998931884766,51.91999816894531,51.560001373291016,51.83000183105469,1609500,0.0,0.0
2023-08-15 00:00:00-04:00,51.59000015258789,51.61000061035156,51.279998779296875,51.34000015258789,1291600,0.0,0.0
2023-08-16 00:00:00-04:00,51.29999923706055,51.47999954223633,51.119998931884766,51.15999984741211,1371800,0.0,0.0
2023-08-17 00:00:00-04:00,51.400001525878906,51.400001525878906,50.880001068115234,50.95000076293945,1548300,0.0,0.0
2023-08-18 00:00:00-04:00,50.54999923706055,50.7599983215332,50.41999816894531,50.619998931884766,3528300,0.0,0.0
2023-08-21 00:00:00-04:00,50.59000015258789,50.709999084472656,50.369998931884766,50.529998779296875,2524700,0.0,0.0
2023-08-22 00:00:00-04:00,50.439998626708984,50.59000015258789,50.310001373291016,50.59000015258789,2208700,0.0,0.0
2023-08-23 00:00:00-04:00,50.709999084472656,50.849998474121094,50.599998474121094,50.84000015258789,2132700,0.0,0.0
2023-08-24 00:00:00-04:00,50.72999954223633,51.06999969482422,50.54999923706055,50.560001373291016,1472600,0.0,0.0
2023-08-25 00:00:00-04:00,50.91999816894531,51.02000045776367,50.529998779296875,50.90999984741211,1930800,0.0,0.0
2023-08-28 00:00:00-04:00,50.959999084472656,51.150001525878906,50.880001068115234,51.099998474121094,1444500,0.0,0.0
2023-08-29 00:00:00-04:00,51.130001068115234,51.369998931884766,50.95000076293945,51.310001373291016,2147400,0.0,0.0
2023-08-30 00:00:00-04:00,51.54999923706055,51.779998779296875,51.5,51.529998779296875,1549000,0.0,0.0
2023-08-31 00:00:00-04:00,51.599998474121094,51.63999938964844,51.02000045776367,51.02000045776367,1630700,0.0,0.0
2023-09-01 00:00:00-04:00,51.18000030517578,51.189998626708984,50.650001525878906,50.70000076293945,1310800,0.0,0.0
2023-09-05 00:00:00-04:00,50.40999984741211,50.45000076293945,50.0,50.0,1446700,0.0,0.0
2023-09-06 00:00:00-04:00,49.84000015258789,49.86000061035156,49.630001068115234,49.77000045776367,1730700,0.0,0.0
2023-09-07 00:00:00-04:00,50.060001373291016,50.220001220703125,49.959999084472656,50.16999816894531,1560500,0.0,0.0
2023-09-08 00:00:00-04:00,50.36000061035156,50.47999954223633,50.25,50.45000076293945,1323800,0.0,0.0
2023-09-11 00:00:00-04:00,50.540000915527344,50.81999969482422,50.459999084472656,50.720001220703125,1519000,0.0,0.0
2023-09-12 00:00:00-04:00,50.68000030517578,50.75,50.290000915527344,50.349998474121094,1408500,0.0,0.0
2023-09-13 00:00:00-04:00,50.2599983215332,50.52000045776367,50.2400016784668,50.45000076293945,1384900,0.0,0.0
2023-09-14 00:00:00-04:00,50.209999084472656,50.68000030517578,50.20000076293945,50.65999984741211,1660100,0.0,0.0
2023-09-15 00:00:00-04:00,51.040000915527344,51.06999969482422,50.709999084472656,50.7400016784668,1601500,0.0,0.0
2023-09-18 00:00:00-04:00,50.81999969482422,50.970001220703125,50.58000183105469,50.790000915527344,1093900,0.0,0.0
2023-09-19 00:00:00-04:00,50.560001373291016,50.65999984741211,50.29999923706055,50.4900016784668,1421900,0.0,0.0
2023-09-20 00:00:00-04:00,50.90999984741211,51.7400016784668,50.65999984741211,50.66999816894531,1807600,0.0,0.0
2023-09-21 00:00:00-04:00,50.880001068115234,50.93000030517578,50.59000015258789,50.59000015258789,1561400,0.0,0.0
2023-09-22 00:00:00-04:00,50.5,50.61000061035156,50.36000061035156,50.38999938964844,1305100,0.0,0.0
2023-09-25 00:00:00-04:00,49.810001373291016,49.88999938964844,49.63999938964844,49.75,1549600,0.0,0.0
2023-09-26 00:00:00-04:00,49.56999969482422,49.650001525878906,49.310001373291016,49.310001373291016,2068800,0.0,0.0
2023-09-27 00:00:00-04:00,49.40999984741211,49.43000030517578,48.65999984741211,48.79999923706055,2073700,0.0,0.0
2023-09-28 00:00:00-04:00,49.0099983215332,49.29999923706055,48.959999084472656,49.20000076293945,1846900,0.0,0.0
2023-09-29 00:00:00-04:00,49.849998474121094,49.86000061035156,49.27000045776367,49.400001525878906,2213900,0.0,0.0
2023-10-02 00:00:00-04:00,48.959999084472656,49.02000045776367,48.61000061035156,48.7400016784668,1734400,0.0,0.0
2023-10-03 00:00:00-04:00,49.130001068115234,49.25,48.70000076293945,48.790000915527344,2478700,0.0,0.0
2023-10-04 00:00:00-04:00,48.95000076293945,49.06999969482422,48.459999084472656,48.93000030517578,1724000,0.0,0.0
2023-10-05 00:00:00-04:00,49.130001068115234,49.310001373291016,48.790000915527344,48.939998626708984,1886100,0.0,0.0
2023-10-06 00:00:00-04:00,48.08000183105469,48.349998474121094,47.25,48.220001220703125,3045900,0.0,0.0
2023-10-09 00:00:00-04:00,48.0,48.150001525878906,47.650001525878906,48.02000045776367,1681300,0.0,0.0
2023-10-10 00:00:00-04:00,48.349998474121094,48.689998626708984,48.29999923706055,48.5,2009300,0.0,0.0
2023-10-11 00:00:00-04:00,48.58000183105469,48.66999816894531,48.130001068115234,48.34000015258789,2212800,0.0,0.0
2023-10-12 00:00:00-04:00,48.34000015258789,48.40999984741211,47.58000183105469,47.77000045776367,2227300,0.0,0.0
2023-10-13 00:00:00-04:00,47.83000183105469,48.130001068115234,47.540000915527344,47.79999923706055,1653400,0.0,0.0
2023-10-16 00:00:00-04:00,47.560001373291016,48.13999938964844,47.41999816894531,48.0099983215332,1945600,0.0,0.0
2023-10-17 00:00:00-04:00,48.29999923706055,48.56999969482422,48.099998474121094,48.380001068115234,2059000,0.0,0.0
2023-10-18 00:00:00-04:00,48.529998779296875,48.709999084472656,48.27000045776367,48.36000061035156,2269100,0.0,0.0
2023-10-19 00:00:00-04:00,48.56999969482422,48.720001220703125,48.27000045776367,48.38999938964844,1881000,0.0,0.0
2023-10-20 00:00:00-04:00,48.45000076293945,48.599998474121094,48.189998626708984,48.20000076293945,2196400,0.0,0.0
2023-10-23 00:00:00-04:00,48.38999938964844,48.75,48.29999923706055,48.560001373291016,2323400,0.0,0.0
2023-10-24 00:00:00-04:00,48.310001373291016,48.599998474121094,48.2400016784668,48.540000915527344,1951000,0.0,0.0
2023-10-25 00:00:00-04:00,48.38999938964844,48.83000183105469,48.27000045776367,48.529998779296875,2313400,0.0,0.0
2023-10-26 00:00:00-04:00,47.650001525878906,48.0099983215332,47.099998474121094,47.2599983215332,3724100,0.0,0.0
2023-10-27 00:00:00-04:00,46.79999923706055,46.86000061035156,46.15999984741211,46.2599983215332,4430400,0.0,0.0
2023-10-30 00:00:00-04:00,46.900001525878906,47.11000061035156,46.849998474121094,46.959999084472656,3043900,0.0,0.0
2023-10-31 00:00:00-04:00,47.310001373291016,47.380001068115234,47.099998474121094,47.349998474121094,2194200,0.0,0.0
2023-11-01 00:00:00-04:00,47.47999954223633,47.5099983215332,47.02000045776367,47.209999084472656,2463100,0.0,0.0
2023-11-02 00:00:00-04:00,47.36000061035156,47.689998626708984,47.2599983215332,47.66999816894531,2167600,0.0,0.0
2023-11-03 00:00:00-04:00,47.709999084472656,47.810001373291016,47.56999969482422,47.63999938964844,1932500,0.0,0.0
2023-11-06 00:00:00-05:00,47.7599983215332,47.849998474121094,47.650001525878906,47.72999954223633,2306200,0.0,0.0
2023-11-07 00:00:00-05:00,47.810001373291016,47.91999816894531,47.66999816894531,47.79999923706055,1744900,0.0,0.0
2023-11-08 00:00:00-05:00,47.83000183105469,48.0,47.77000045776367,47.810001373291016,2095400,0.0,0.0
2023-11-09 00:00:00-05:00,48.84000015258789,48.93000030517578,48.41999816894531,48.540000915527344,2624400,0.0,0.0
2023-11-10 00:00:00-05:00,48.34000015258789,48.4900016784668,47.849998474121094,48.439998626708984,2012400,0.0,0.0
2023-11-13 00:00:00-05:00,48.2400016784668,48.52000045776367,48.220001220703125,48.29999923706055,1918300,0.0,0.0
2023-11-14 00:00:00-05:00,48.54999923706055,48.900001525878906,48.5,48.79999923706055,2268000,0.0,0.0
2023-11-15 00:00:00-05:00,48.41999816894531,48.5099983215332,48.27000045776367,48.349998474121094,2265400,0.0,0.0
2023-11-16 00:00:00-05:00,47.65999984741211,47.90999984741211,47.61000061035156,47.709999084472656,2389800,0.0,0.0
2023-11-17 00:00:00-05:00,47.380001068115234,47.52000045776367,47.22999954223633,47.34000015258789,4257400,0.0,0.0
2023-11-20 00:00:00-05:00,47.36000061035156,47.45000076293945,46.91999816894531,46.97999954223633,6026800,0.0,0.0
2023-11-21 00:00:00-05:00,47.34000015258789,47.72999954223633,47.33000183105469,47.65999984741211,4032900,0.0,0.0
2023-11-22 00:00:00-05:00,47.689998626708984,47.86000061035156,47.56999969482422,47.779998779296875,2545900,0.0,0.0
2023-11-24 00:00:00-05:00,47.540000915527344,48.0099983215332,47.5,47.93000030517578,2210500,0.0,0.0
2023-11-27 00:00:00-05:00,47.900001525878906,48.0,47.81999969482422,47.83000183105469,2033100,0.0,0.0
2023-11-28 00:00:00-05:00,47.810001373291016,48.119998931884766,47.810001373291016,47.900001525878906,1790900,0.0,0.0
2023-11-29 00:00:00-05:00,47.72999954223633,47.81999969482422,47.5,47.529998779296875,1972600,0.0,0.0
2023-11-30 00:00:00-05:00,47.5099983215332,47.720001220703125,47.33000183105469,47.70000076293945,3804200,0.0,0.0
2023-12-01 00:00:00-05:00,47.68000030517578,48.02000045776367,47.65999984741211,47.90999984741211,2466100,0.0,0.0
2023-12-04 00:00:00-05:00,47.970001220703125,48.279998779296875,47.959999084472656,48.099998474121094,2329400,0.0,0.0
2023-12-05 00:00:00-05:00,48.02000045776367,48.040000915527344,47.689998626708984,47.7400016784668,2286500,0.0,0.0
2023-12-06 00:00:00-05:00,48.02000045776367,48.06999969482422,47.720001220703125,47.77000045776367,2622700,0.0,0.0
2023-12-07 00:00:00-05:00,47.790000915527344,48.04999923706055,47.599998474121094,47.939998626708984,2175300,0.0,0.0
2023-12-08 00:00:00-05:00,47.66999816894531,47.77000045776367,47.310001373291016,47.45000076293945,2265000,0.0,0.0
2023-12-11 00:00:00-05:00,47.20000076293945,47.43000030517578,47.20000076293945,47.36000061035156,2605600,0.0,0.0
2023-12-12 00:00:00-05:00,47.47999954223633,47.54999923706055,47.36000061035156,47.540000915527344,2212200,0.0,0.0
2023-12-13 00:00:00-05:00,47.72999954223633,48.11000061035156,47.43000030517578,48.11000061035156,3409900,0.0,0.0
2023-12-14 00:00:00-05:00,47.939998626708984,48.16999816894531,47.689998626708984,47.79999923706055,3501300,0.0,0.0
2023-12-15 00:00:00-05:00,47.68000030517578,47.84000015258789,47.349998474121094,47.369998931884766,3684400,0.0,0.0
2023-12-18 00:00:00-05:00,47.52000045776367,47.72999954223633,47.349998474121094,47.66999816894531,2483300,0.0,0.0
2023-12-19 00:00:00-05:00,47.849998474121094,48.04999923706055,47.709999084472656,47.93000030517578,3446100,0.0,0.0
2023-12-20 00:00:00-05:00,47.970001220703125,48.099998474121094,47.58000183105469,47.59000015258789,2197100,0.0,0.0
2023-12-21 00:00:00-05:00,47.93000030517578,47.9900016784668,47.59000015258789,47.84000015258789,2182500,0.0,0.0
2023-12-22 00:00:00-05:00,48.2400016784668,48.34000015258789,47.959999084472656,48.099998474121094,1488100,0.0,0.0
2023-12-26 00:00:00-05:00,47.90999984741211,48.15999984741211,47.90999984741211,48.130001068115234,1528500,0.0,0.0
2023-12-27 00:00:00-05:00,48.16999816894531,48.4900016784668,48.130001068115234,48.38999938964844,2093100,0.0,0.0
2023-12-28 00:00:00-05:00,48.540000915527344,48.68000030517578,48.459999084472656,48.47999954223633,1528200,0.0,0.0
2023-12-29 00:00:00-05:00,48.380001068115234,48.540000915527344,48.34000015258789,48.47999954223633,1719100,0.0,0.0
2024-01-02 00:00:00-05:00,48.040000915527344,48.52000045776367,47.9900016784668,48.4900016784668,2806400,0.0,0.0
2024-01-03 00:00:00-05:00,48.849998474121094,48.939998626708984,48.599998474121094,48.63999938964844,2855500,0.0,0.0
2024-01-04 00:00:00-05:00,48.58000183105469,48.93000030517578,48.560001373291016,48.86000061035156,3001400,0.0,0.0
2024-01-05 00:00:00-05:00,48.599998474121094,48.970001220703125,48.5099983215332,48.7599983215332,2945100,0.0,0.0
2024-01-08 00:00:00-05:00,48.68000030517578,49.2400016784668,48.68000030517578,49.2400016784668,3230600,0.0,0.0
2024-01-09 00:00:00-05:00,49.099998474121094,49.22999954223633,48.9900016784668,49.20000076293945,1935600,0.0,0.0
2024-01-10 00:00:00-05:00,49.0,49.150001525878906,48.84000015258789,48.880001068115234,2607300,0.0,0.0
2024-01-11 00:00:00-05:00,48.810001373291016,48.880001068115234,48.380001068115234,48.790000915527344,2486300,0.0,0.0
2024-01-12 00:00:00-05:00,49.369998931884766,49.43000030517578,49.060001373291016,49.13999938964844,2449500,0.0,0.0
2024-01-16 00:00:00-05:00,48.5,48.529998779296875,48.060001373291016,48.189998626708984,2911600,0.0,0.0
2024-01-17 00:00:00-05:00,47.65999984741211,47.79999923706055,47.5099983215332,47.720001220703125,3368100,0.0,0.0
2024-01-18 00:00:00-05:00,47.25,47.31999969482422,47.0099983215332,47.18000030517578,2513100,0.0,0.0
2024-01-19 00:00:00-05:00,47.06999969482422,47.27000045776367,46.779998779296875,47.16999816894531,2215400,0.0,0.0
2024-01-22 00:00:00-05:00,47.08000183105469,47.189998626708984,46.91999816894531,46.9900016784668,2629700,0.0,0.0
2024-01-23 00:00:00-05:00,47.290000915527344,47.58000183105469,47.2400016784668,47.470001220703125,2828300,0.0,0.0
2024-01-24 00:00:00-05:00,47.599998474121094,47.630001068115234,47.11000061035156,47.11000061035156,2504100,0.0,0.0
2024-01-25 00:00:00-05:00,47.2400016784668,47.63999938964844,47.08000183105469,47.619998931884766,5683200,0.0,0.0
2024-01-26 00:00:00-05:00,48.4900016784668,48.630001068115234,48.31999969482422,48.369998931884766,6184900,0.0,0.0
2024-01-29 00:00:00-05:00,48.400001525878906,48.779998779296875,48.33000183105469,48.7599983215332,2897900,0.0,0.0
2024-01-30 00:00:00-05:00,49.04999923706055,49.119998931884766,48.810001373291016,49.040000915527344,4020600,0.0,0.0
2024-01-31 00:00:00-05:00,49.29999923706055,49.369998931884766,48.560001373291016,48.689998626708984,2205200,0.0,0.0
2024-02-01 00:00:00-05:00,48.68000030517578,49.5099983215332,48.540000915527344,49.5099983215332,2103500,0.0,0.0
2024-02-02 00:00:00-05:00,49.119998931884766,49.2599983215332,48.779998779296875,49.09000015258789,2672100,0.0,0.0
2024-02-05 00:00:00-05:00,49.099998474121094,49.31999969482422,48.900001525878906,49.25,2672500,0.0,0.0
2024-02-06 00:00:00-05:00,49.529998779296875,49.93000030517578,49.47999954223633,49.869998931884766,3399200,0.0,0.0
2024-02-07 00:00:00-05:00,49.400001525878906,49.4900016784668,48.849998474121094,48.900001525878906,4365300,0.0,0.0
2024-02-08 00:00:00-05:00,51.0,51.25,50.470001220703125,50.68000030517578,4881900,0.0,0.0
2024-02-09 00:00:00-05:00,50.56999969482422,50.70000076293945,50.33000183105469,50.61000061035156,2783000,0.0,0.0
2024-02-12 00:00:00-05:00,50.29999923706055,50.61000061035156,50.20000076293945,50.59000015258789,2076600,0.0,0.0
2024-02-13 00:00:00-05:00,50.5099983215332,50.56999969482422,49.97999954223633,50.099998474121094,3113200,0.0,0.0
2024-02-14 00:00:00-05:00,50.290000915527344,50.290000915527344,49.790000915527344,50.040000915527344,2177100,0.0,0.0
2024-02-15 00:00:00-05:00,50.08000183105469,50.31999969482422,49.9900016784668,50.09000015258789,2180500,0.0,0.0
2024-02-16 00:00:00-05:00,50.54999923706055,50.849998474121094,50.380001068115234,50.70000076293945,3484100,0.0,0.0
2024-02-20 00:00:00-05:00,51.060001373291016,51.43000030517578,50.9900016784668,51.040000915527344,2280500,0.0,0.0
2024-02-21 00:00:00-05:00,51.08000183105469,51.2400016784668,51.029998779296875,51.220001220703125,2322100,0.0,0.0
2024-02-22 00:00:00-05:00,50.40999984741211,50.7599983215332,50.209999084472656,50.720001220703125,2450100,0.0,0.0
2024-02-23 00:00:00-05:00,50.720001220703125,50.83000183105469,50.599998474121094,50.65999984741211,1945300,0.0,0.0
2024-02-26 00:00:00-05:00,50.7400016784668,50.75,50.43000030517578,50.470001220703125,1692200,0.0,0.0
2024-02-27 00:00:00-05:00,49.560001373291016,49.7599983215332,49.34000015258789,49.61000061035156,2327100,0.0,0.0
2024-02-28 00:00:00-05:00,48.970001220703125,49.2400016784668,48.93000030517578,49.06999969482422,1697300,0.0,0.0
2024-02-29 00:00:00-05:00,49.13999938964844,49.15999984741211,48.849998474121094,48.970001220703125,1891600,0.0,0.0
2024-03-01 00:00:00-05:00,48.93000030517578,49.18000030517578,48.65999984741211,49.150001525878906,2345800,0.0,0.0
2024-03-04 00:00:00-05:00,49.0,49.16999816894531,48.9900016784668,49.13999938964844,1470800,0.0,0.0
2024-03-05 00:00:00-05:00,49.150001525878906,49.29999923706055,49.0,49.040000915527344,1429000,0.0,0.0
2024-03-06 00:00:00-05:00,49.130001068115234,49.25,48.9900016784668,49.02000045776367,2378900,0.0,0.0
2024-03-07 00:00:00-05:00,48.970001220703125,49.060001373291016,48.869998931884766,48.97999954223633,2672400,0.0,0.0
2024-03-08 00:00:00-05:00,49.16999816894531,49.31999969482422,49.060001373291016,49.18000030517578,3754100,0.0,0.0
2024-03-11 00:00:00-04:00,49.29999923706055,49.43000030517578,49.119998931884766,49.36000061035156,2488100,0.0,0.0
2024-03-12 00:00:00-04:00,49.4900016784668,49.75,49.40999984741211,49.650001525878906,3501800,0.0,0.0
2024-03-13 00:00:00-04:00,49.779998779296875,49.95000076293945,49.689998626708984,49.7599983215332,2218200,0.0,0.0
2024-03-14 00:00:00-04:00,49.790000915527344,49.81999969482422,49.18000030517578,49.279998779296875,2770000,0.0,0.0
2024-03-15 00:00:00-04:00,49.16999816894531,49.25,48.880001068115234,48.939998626708984,2246100,0.0,0.0
2024-03-18 00:00:00-04:00,48.630001068115234,48.75,48.41999816894531,48.52000045776367,1934200,0.0,0.0
2024-03-19 00:00:00-04:00,49.91999816894531,50.040000915527344,49.720001220703125,49.86000061035156,4792100,0.0,0.0
2024-03-20 00:00:00-04:00,49.45000076293945,49.4900016784668,49.11000061035156,49.439998626708984,2073800,0.0,0.0
2024-03-21 00:00:00-04:00,49.439998626708984,49.59000015258789,49.349998474121094,49.459999084472656,2515400,0.0,0.0
2024-03-22 00:00:00-04:00,49.959999084472656,50.279998779296875,49.91999816894531,49.9900016784668,2356700,0.0,0.0
2024-03-25 00:00:00-04:00,50.099998474121094,50.209999084472656,49.59000015258789,49.63999938964844,3977600,0.0,0.0
2024-03-26 00:00:00-04:00,50.11000061035156,50.20000076293945,49.630001068115234,49.630001068115234,3464200,0.0,0.0
2024-03-27 00:00:00-04:00,49.54999923706055,50.13999938964844,49.529998779296875,50.13999938964844,2290500,0.0,0.0
2024-03-28 00:00:00-04:00,49.9900016784668,50.2400016784668,49.95000076293945,50.189998626708984,1290300,0.0,0.0
2024-04-01 00:00:00-04:00,49.97999954223633,50.119998931884766,49.59000015258789,49.849998474121094,1201000,0.0,0.0
2024-04-02 00:00:00-04:00,49.470001220703125,49.540000915527344,49.29999923706055,49.349998474121094,2660500,0.0,0.0
2024-04-03 00:00:00-04:00,49.31999969482422,49.34000015258789,48.869998931884766,48.900001525878906,2055000,0.0,0.0
2024-04-04 00:00:00-04:00,49.13999938964844,49.209999084472656,48.650001525878906,48.720001220703125,2085200,0.0,0.0
2024-04-05 00:00:00-04:00,48.47999954223633,48.5,48.25,48.439998626708984,2242500,0.0,0.0
2024-04-08 00:00:00-04:00,48.25,48.38999938964844,48.15999984741211,48.18000030517578,2446600,0.0,0.0
2024-04-09 00:00:00-04:00,48.47999954223633,48.56999969482422,48.22999954223633,48.400001525878906,2998200,0.0,0.0
2024-04-10 00:00:00-04:00,48.130001068115234,48.189998626708984,47.65999984741211,47.7400016784668,2926900,0.0,0.0
2024-04-11 00:00:00-04:00,48.040000915527344,48.09000015258789,47.58000183105469,47.650001525878906,2637800,0.0,0.0
2024-04-12 00:00:00-04:00,47.38999938964844,47.45000076293945,46.75,46.7599983215332,3179300,0.0,0.0
2024-04-15 00:00:00-04:00,47.029998779296875,47.130001068115234,46.63999938964844,46.709999084472656,2546800,0.0,0.0
2024-04-16 00:00:00-04:00,46.63999938964844,46.709999084472656,46.470001220703125,46.470001220703125,2911900,0.0,0.0
2024-04-17 00:00:00-04:00,46.93000030517578,47.04999923706055,46.459999084472656,46.689998626708984,4907100,0.0,0.0
2024-04-18 00:00:00-04:00,46.97999954223633,47.13999938964844,46.61000061035156,46.849998474121094,5673100,0.0,0.0
2024-04-19 00:00:00-04:00,47.22999954223633,47.38999938964844,47.02000045776367,47.310001373291016,4972900,0.0,0.0
2024-04-22 00:00:00-04:00,47.630001068115234,48.08000183105469,47.54999923706055,48.060001373291016,3092600,0.0,0.0
2024-04-23 00:00:00-04:00,47.810001373291016,48.189998626708984,47.79999923706055,47.97999954223633,2724400,0.0,0.0
2024-04-24 00:00:00-04:00,48.189998626708984,48.220001220703125,47.869998931884766,48.06999969482422,2963800,0.0,0.0
2024-04-25 00:00:00-04:00,50.56999969482422,51.119998931884766,50.279998779296875,50.91999816894531,6764400,0.0,0.0
2024-04-26 00:00:00-04:00,51.220001220703125,51.529998779296875,51.150001525878906,51.2400016784668,4278500,0.0,0.0
2024-04-29 00:00:00-04:00,51.58000183105469,51.61000061035156,51.34000015258789,51.5,3343800,0.0,0.0
2024-04-30 00:00:00-04:00,51.7400016784668,51.959999084472656,51.61000061035156,51.849998474121094,3005600,0.0,0.0
2024-05-01 00:00:00-04:00,51.61000061035156,52.119998931884766,51.45000076293945,51.869998931884766,2909700,0.0,0.0
2024-05-02 00:00:00-04:00,52.029998779296875,52.209999084472656,51.91999816894531,52.02000045776367,2850900,0.0,0.0
2024-05-03 00:00:00-04:00,52.58000183105469,52.63999938964844,52.06999969482422,52.130001068115234,4413100,0.0,0.0
2024-05-06 00:00:00-04:00,52.20000076293945,52.27000045776367,51.900001525878906,52.150001525878906,2388300,0.0,0.0
2024-05-07 00:00:00-04:00,52.66999816894531,52.90999984741211,52.4900016784668,52.65999984741211,3589300,0.0,0.0
2024-05-08 00:00:00-04:00,52.84000015258789,52.939998626708984,52.560001373291016,52.689998626708984,3191900,0.0,0.0
2024-05-09 00:00:00-04:00,53.04999923706055,53.43000030517578,53.040000915527344,53.41999816894531,4055200,0.0,0.0
2024-05-10 00:00:00-04:00,53.4900016784668,53.650001525878906,53.38999938964844,53.5099983215332,3061000,0.0,0.0
2024-05-13 00:00:00-04:00,54.15999984741211,54.279998779296875,53.86000061035156,53.93000030517578,2908500,0.0,0.0
2024-05-14 00:00:00-04:00,53.959999084472656,54.119998931884766,53.810001373291016,54.040000915527344,1807700,0.0,0.0
2024-05-15 00:00:00-04:00,54.18000030517578,54.540000915527344,54.119998931884766,54.47999954223633,1893700,0.0,0.0
2024-05-16 00:00:00-04:00,53.9900016784668,54.20000076293945,53.86000061035156,54.06999969482422,3097700,0.0,0.0
2024-05-17 00:00:00-04:00,54.630001068115234,54.86000061035156,54.4900016784668,54.75,2610500,0.0,0.0
2024-05-20 00:00:00-04:00,54.43000030517578,54.5,54.130001068115234,54.130001068115234,1393900,0.0,0.0
2024-05-21 00:00:00-04:00,54.31999969482422,54.4900016784668,54.209999084472656,54.279998779296875,2336600,0.0,0.0
2024-05-22 00:00:00-04:00,54.189998626708984,54.40999984741211,54.09000015258789,54.209999084472656,1528100,0.0,0.0
2024-05-23 00:00:00-04:00,54.97999954223633,54.97999954223633,54.29999923706055,54.369998931884766,2296900,0.0,0.0
2024-05-24 00:00:00-04:00,54.56999969482422,54.91999816894531,54.4900016784668,54.560001373291016,3153100,0.0,0.0
2024-05-28 00:00:00-04:00,54.41999816894531,54.41999816894531,54.029998779296875,54.130001068115234,2190000,0.0,0.0
2024-05-29 00:00:00-04:00,53.81999969482422,53.880001068115234,53.5,53.529998779296875,2422300,0.0,0.0
2024-05-30 00:00:00-04:00,54.08000183105469,54.279998779296875,54.02000045776367,54.04999923706055,3210400,0.0,0.0
2024-05-31 00:00:00-04:00,54.209999084472656,54.779998779296875,54.150001525878906,54.75,2394200,0.0,0.0
2024-06-03 00:00:00-04:00,54.86000061035156,55.2599983215332,54.79999923706055,55.2599983215332,3352900,0.0,0.0
2024-06-04 00:00:00-04:00,55.900001525878906,55.91999816894531,55.56999969482422,55.779998779296875,3589300,0.0,0.0
2024-06-05 00:00:00-04:00,56.099998474121094,56.11000061035156,55.79999923706055,56.09000015258789,2574600,0.0,0.0
2024-06-06 00:00:00-04:00,55.849998474121094,56.189998626708984,55.84000015258789,56.040000915527344,1670400,0.0,0.0
2024-06-07 00:00:00-04:00,56.02000045776367,56.06999969482422,55.58000183105469,55.61000061035156,1903200,0.0,0.0
2024-06-10 00:00:00-04:00,55.65999984741211,55.689998626708984,55.34000015258789,55.59000015258789,1839500,0.0,0.0
2024-06-11 00:00:00-04:00,55.209999084472656,55.599998474121094,55.060001373291016,55.59000015258789,1848000,0.0,0.0
2024-06-12 00:00:00-04:00,56.38999938964844,56.459999084472656,55.97999954223633,56.060001373291016,3514700,0.0,0.0
2024-06-13 00:00:00-04:00,56.119998931884766,56.33000183105469,56.0099983215332,56.290000915527344,2723000,0.0,0.0
2024-06-14 00:00:00-04:00,56.15999984741211,56.380001068115234,56.02000045776367,56.220001220703125,3479700,0.0,0.0
2024-06-17 00:00:00-04:00,55.97999954223633,56.470001220703125,55.93000030517578,56.380001068115234,1775600,0.0,0.0
2024-06-18 00:00:00-04:00,56.2599983215332,56.43000030517578,56.119998931884766,56.16999816894531,1859500,0.0,0.0
2024-06-20 00:00:00-04:00,55.97999954223633,56.25,55.93000030517578,56.150001525878906,2472200,0.0,0.0
2024-06-21 00:00:00-04:00,56.06999969482422,56.2400016784668,55.810001373291016,56.11000061035156,3175400,0.0,0.0
2024-06-24 00:00:00-04:00,56.11000061035156,56.36000061035156,56.11000061035156,56.29999923706055,1466600,0.0,0.0
2024-06-25 00:00:00-04:00,56.310001373291016,56.369998931884766,55.959999084472656,56.130001068115234,1621400,0.0,0.0
2024-06-26 00:00:00-04:00,55.61000061035156,55.880001068115234,55.4900016784668,55.68000030517578,1423100,0.0,0.0
2024-06-27 00:00:00-04:00,55.70000076293945,55.790000915527344,55.2599983215332,55.349998474121094,1362300,0.0,0.0
2024-06-28 00:00:00-04:00,54.90999984741211,55.08000183105469,54.689998626708984,54.9900016784668,2487600,0.0,0.0
2024-07-01 00:00:00-04:00,55.33000183105469,55.70000076293945,54.689998626708984,54.70000076293945,2379700,0.0,0.0
2024-07-02 00:00:00-04:00,54.5,54.849998474121094,54.40999984741211,54.81999969482422,1673800,0.0,0.0
2024-07-03 00:00:00-04:00,54.88999938964844,55.060001373291016,54.849998474121094,54.9900016784668,921700,0.0,0.0
2024-07-05 00:00:00-04:00,55.41999816894531,55.56999969482422,55.09000015258789,55.4900016784668,1382800,0.0,0.0
2024-07-08 00:00:00-04:00,55.849998474121094,55.970001220703125,55.689998626708984,55.83000183105469,1590100,0.0,0.0
2024-07-09 00:00:00-04:00,56.0,56.0099983215332,55.529998779296875,55.54999923706055,3067400,0.0,0.0
2024-07-10 00:00:00-04:00,56.220001220703125,56.619998931884766,56.20000076293945,56.540000915527344,2721600,0.0,0.0
2024-07-11 00:00:00-04:00,56.959999084472656,57.040000915527344,56.56999969482422,56.630001068115234,2946500,0.0,0.0
2024-07-12 00:00:00-04:00,57.209999084472656,57.83000183105469,57.16999816894531,57.61000061035156,3254800,0.0,0.0
2024-07-15 00:00:00-04:00,57.59000015258789,57.619998931884766,56.900001525878906,56.959999084472656,2168400,0.0,0.0
2024-07-16 00:00:00-04:00,57.150001525878906,57.369998931884766,56.97999954223633,57.34000015258789,2036100,0.0,0.0
2024-07-17 00:00:00-04:00,57.70000076293945,58.209999084472656,57.689998626708984,58.20000076293945,2124600,0.0,0.0
2024-07-18 00:00:00-04:00,58.54999923706055,58.619998931884766,57.9900016784668,58.040000915527344,2182700,0.0,0.0
2024-07-19 00:00:00-04:00,58.27000045776367,58.560001373291016,57.849998474121094,58.029998779296875,3057800,0.0,0.0
2024-07-22 00:00:00-04:00,58.33000183105469,58.380001068115234,57.77000045776367,58.15999984741211,2709200,0.0,0.0
2024-07-23 00:00:00-04:00,57.72999954223633,57.81999969482422,57.25,57.27000045776367,2278900,0.0,0.0
2024-07-24 00:00:00-04:00,56.41999816894531,56.9900016784668,56.400001525878906,56.540000915527344,4375300,0.0,0.0
2024-07-25 00:00:00-04:00,60.06999969482422,60.2599983215332,59.060001373291016,59.08000183105469,5804800,0.0,0.0
2024-07-26 00:00:00-04:00,60.459999084472656,60.88999938964844,60.209999084472656,60.72999954223633,8462600,0.0,0.0
2024-07-29 00:00:00-04:00,60.9900016784668,61.06999969482422,60.630001068115234,60.91999816894531,3136400,0.0,0.0
2024-07-30 00:00:00-04:00,60.709999084472656,61.15999984741211,60.470001220703125,61.060001373291016,3581600,0.0,0.0
2024-07-31 00:00:00-04:00,61.22999954223633,61.630001068115234,61.02000045776367,61.400001525878906,2185900,0.0,0.0
2024-08-01 00:00:00-04:00,61.349998474121094,61.79999923706055,60.90999984741211,61.630001068115234,3085300,0.0,0.0
2024-08-02 00:00:00-04:00,62.2599983215332,62.650001525878906,61.86000061035156,62.540000915527344,4790500,0.0,0.0
2024-08-05 00:00:00-04:00,60.65999984741211,60.849998474121094,60.279998779296875,60.720001220703125,3949900,0.0,0.0
2024-08-06 00:00:00-04:00,60.150001525878906,61.52000045776367,60.119998931884766,61.31999969482422,5239800,0.0,0.0
2024-08-07 00:00:00-04:00,61.290000915527344,61.72999954223633,61.09000015258789,61.099998474121094,2452900,0.0,0.0
2024-08-08 00:00:00-04:00,61.13999938964844,61.61000061035156,61.04999923706055,61.41999816894531,1717600,0.0,0.0
2024-08-09 00:00:00-04:00,60.689998626708984,60.720001220703125,60.290000915527344,60.439998626708984,4222500,0.0,0.0
2024-08-12 00:00:00-04:00,60.2599983215332,60.400001525878906,60.060001373291016,60.189998626708984,2822600,0.0,0.0
2024-08-13 00:00:00-04:00,60.400001525878906,60.849998474121094,60.34000015258789,60.79999923706055,1751200,0.0,0.0
2024-08-14 00:00:00-04:00,60.5,60.9900016784668,60.41999816894531,60.86000061035156,2563600,0.0,0.0
2024-08-15 00:00:00-04:00,61.09000015258789,61.439998626708984,60.900001525878906,61.349998474121094,2315900,0.0,0.0
2024-08-16 00:00:00-04:00,61.119998931884766,61.209999084472656,60.880001068115234,60.9900016784668,3448700,0.0,0.0
2024-08-19 00:00:00-04:00,61.060001373291016,61.59000015258789,61.029998779296875,61.45000076293945,1632800,0.0,0.0
2024-08-20 00:00:00-04:00,61.20000076293945,61.5099983215332,61.18000030517578,61.36000061035156,1016500,0.0,0.0
2024-08-21 00:00:00-04:00,61.56999969482422,61.90999984741211,61.36000061035156,61.79999923706055,1545600,0.0,0.0
2024-08-22 00:00:00-04:00,62.900001525878906,63.189998626708984,62.459999084472656,62.52000045776367,4462800,0.0,0.0
2024-08-23 00:00:00-04:00,62.900001525878906,63.619998931884766,62.790000915527344,63.599998474121094,2898700,0.0,0.0
2024-08-26 00:00:00-04:00,63.369998931884766,63.7599983215332,63.369998931884766,63.630001068115234,1850000,0.0,0.0
2024-08-27 00:00:00-04:00,64.0,64.25,63.849998474121094,64.08999633789062,2353200,0.0,0.0
2024-08-28 00:00:00-04:00,64.02999877929688,64.38999938964844,63.959999084472656,64.38999938964844,3579400,0.0,0.0
2024-08-29 00:00:00-04:00,64.27999877929688,65.16999816894531,64.27999877929688,65.05999755859375,4439400,0.0,0.0
2024-08-30 00:00:00-04:00,64.79000091552734,64.91999816894531,64.33999633789062,64.79000091552734,3097400,0.0,0.0
2024-09-03 00:00:00-04:00,64.80000305175781,65.02999877929688,64.69000244140625,64.86000061035156,2599700,0.0,0.0
2024-09-04 00:00:00-04:00,64.88999938964844,65.27999877929688,64.88999938964844,65.0999984741211,1782400,0.0,0.0
2024-09-05 00:00:00-04:00,65.31999969482422,65.72000122070312,65.2699966430664,65.45999908447266,2375600,0.0,0.0
2024-09-06 00:00:00-04:00,65.44999694824219,65.6500015258789,65.23999786376953,65.25,2462800,0.0,0.0
2024-09-09 00:00:00-04:00,65.45999908447266,65.86000061035156,65.36000061035156,65.58999633789062,2533100,0.0,0.0
2024-09-10 00:00:00-04:00,65.5199966430664,65.5999984741211,65.08000183105469,65.3499984741211,3344700,0.0,0.0
2024-09-11 00:00:00-04:00,65.1500015258789,65.19999694824219,64.48999786376953,64.88999938964844,2245000,0.0,0.0
2024-09-12 00:00:00-04:00,64.69000244140625,64.93000030517578,64.3499984741211,64.87999725341797,1769500,0.0,0.0
2024-09-13 00:00:00-04:00,64.97000122070312,65.23999786376953,64.91000366210938,65.05999755859375,2074900,0.0,0.0
2024-09-16 00:00:00-04:00,65.54000091552734,65.62000274658203,65.3499984741211,65.55999755859375,1353000,0.0,0.0
2024-09-17 00:00:00-04:00,64.87000274658203,65.1500015258789,64.69000244140625,64.81999969482422,2039500,0.0,0.0
2024-09-18 00:00:00-04:00,64.91000366210938,64.95999908447266,64.30999755859375,64.37000274658203,1533000,0.0,0.0
2024-09-19 00:00:00-04:00,64.55000305175781,64.61000061035156,64.19000244140625,64.31999969482422,1782900,0.0,0.0
2024-09-20 00:00:00-04:00,64.41000366210938,64.44999694824219,64.16999816894531,64.41000366210938,1216900,0.0,0.0
2024-09-23 00:00:00-04:00,64.70999908447266,65.11000061035156,64.5999984741211,64.9000015258789,1439600,0.0,0.0
2024-09-24 00:00:00-04:00,64.62000274658203,65.01000213623047,64.41999816894531,64.7699966430664,1592400,0.0,0.0
2024-09-25 00:00:00-04:00,65.38999938964844,65.5,65.2699966430664,65.30000305175781,1240100,0.0,0.0
2024-09-26 00:00:00-04:00,64.72000122070312,65.30999755859375,64.52999877929688,65.23999786376953,1333900,0.0,0.0
2024-09-27 00:00:00-04:00,65.55999755859375,65.87000274658203,65.37999725341797,65.44000244140625,1392400,0.0,0.0
2024-09-30 00:00:00-04:00,65.45999908447266,65.48999786376953,64.62000274658203,64.95999908447266,1876500,0.0,0.0
2024-10-01 00:00:00-04:00,64.69000244140625,64.76000213623047,64.37999725341797,64.63999938964844,4307900,0.0,0.0
2024-10-02 00:00:00-04:00,64.31999969482422,64.43000030517578,64.05999755859375,64.13999938964844,2381300,0.0,0.0
2024-10-03 00:00:00-04:00,63.439998626708984,63.47999954223633,62.79999923706055,62.90999984741211,1648700,0.0,0.0
2024-10-04 00:00:00-04:00,62.25,62.88999938964844,62.16999816894531,62.84000015258789,1320200,0.0,0.0
2024-10-07 00:00:00-04:00,62.65999984741211,62.70000076293945,62.20000076293945,62.22999954223633,1266600,0.0,0.0
2024-10-08 00:00:00-04:00,62.68000030517578,62.91999816894531,62.43000030517578,62.88999938964844,1106300,0.0,0.0
2024-10-09 00:00:00-04:00,62.63999938964844,62.97999954223633,62.599998474121094,62.900001525878906,1089800,0.0,0.0
2024-10-10 00:00:00-04:00,62.65999984741211,62.7400016784668,62.29999923706055,62.400001525878906,985600,0.0,0.0
2024-10-11 00:00:00-04:00,62.810001373291016,62.970001220703125,62.72999954223633,62.790000915527344,997100,0.0,0.0
2024-10-14 00:00:00-04:00,62.72999954223633,63.150001525878906,62.63999938964844,63.09000015258789,730700,0.0,0.0
2024-10-15 00:00:00-04:00,63.529998779296875,63.90999984741211,63.25,63.31999969482422,1422300,0.0,0.0
2024-10-16 00:00:00-04:00,63.2599983215332,63.36000061035156,62.970001220703125,63.18000030517578,1296300,0.0,0.0
2024-10-17 00:00:00-04:00,63.18000030517578,63.33000183105469,62.869998931884766,62.880001068115234,1939300,0.0,0.0
2024-10-18 00:00:00-04:00,62.599998474121094,63.0099983215332,62.40999984741211,62.95000076293945,1184700,0.0,0.0
2024-10-21 00:00:00-04:00,62.63999938964844,62.790000915527344,62.189998626708984,62.29999923706055,941200,0.0,0.0
2024-10-22 00:00:00-04:00,61.77000045776367,62.02000045776367,61.66999816894531,61.880001068115234,1828500,0.0,0.0
2024-10-23 00:00:00-04:00,60.22999954223633,60.650001525878906,60.16999816894531,60.63999938964844,2642100,0.0,0.0
2024-10-24 00:00:00-04:00,62.33000183105469,62.41999816894531,61.959999084472656,62.29999923706055,2631000,0.0,0.0
2024-10-25 00:00:00-04:00,61.97999954223633,62.06999969482422,61.63999938964844,61.689998626708984,1512200,0.0,0.0
2024-10-28 00:00:00-04:00,62.279998779296875,62.61000061035156,62.2400016784668,62.540000915527344,1681500,0.0,0.0
2024-10-29 00:00:00-04:00,62.25,62.470001220703125,62.0099983215332,62.290000915527344,2270300,0.0,0.0
2024-10-30 00:00:00-04:00,61.599998474121094,61.900001525878906,61.56999969482422,61.599998474121094,1543700,0.0,0.0
2024-10-31 00:00:00-04:00,60.91999816894531,61.119998931884766,60.75,60.90999984741211,2896000,0.0,0.0
2024-11-01 00:00:00-04:00,61.77000045776367,61.84000015258789,61.290000915527344,61.31999969482422,1789200,0.0,0.0
2024-11-04 00:00:00-05:00,61.720001220703125,61.880001068115234,61.29999923706055,61.310001373291016,1411000,0.0,0.0
2024-11-05 00:00:00-05:00,61.369998931884766,61.72999954223633,61.220001220703125,61.65999984741211,1169000,0.0,0.0
2024-11-06 00:00:00-05:00,60.040000915527344,60.06999969482422,59.060001373291016,59.27000045776367,2201100,0.0,0.0
2024-11-07 00:00:00-05:00,59.540000915527344,59.79999923706055,59.41999816894531,59.61000061035156,1642500,0.0,0.0
2024-11-08 00:00:00-05:00,58.689998626708984,59.0099983215332,58.540000915527344,59.0,3283700,0.0,0.0
2024-11-11 00:00:00-05:00,58.5,58.65999984741211,58.15999984741211,58.22999954223633,3118900,0.0,0.0
2024-11-12 00:00:00-05:00,57.61000061035156,57.72999954223633,57.40999984741211,57.56999969482422,2919300,0.0,0.0
2024-11-13 00:00:00-05:00,57.34000015258789,57.540000915527344,56.970001220703125,57.380001068115234,1733800,0.0,0.0
2024-11-14 00:00:00-05:00,57.45000076293945,57.650001525878906,57.369998931884766,57.400001525878906,2050100,0.0,0.0
2024-11-15 00:00:00-05:00,57.09000015258789,57.56999969482422,56.869998931884766,57.400001525878906,2057800,0.0,0.0
2024-11-18 00:00:00-05:00,57.279998779296875,58.029998779296875,57.279998779296875,57.900001525878906,3623900,0.0,0.0
2024-11-19 00:00:00-05:00,57.5099983215332,57.970001220703125,57.47999954223633,57.86000061035156,2002900,0.0,0.0
2024-11-20 00:00:00-05:00,57.5,57.63999938964844,56.97999954223633,57.54999923706055,2853900,0.0,0.0
2024-11-21 00:00:00-05:00,57.220001220703125,57.65999984741211,57.16999816894531,57.630001068115234,2930200,0.0,0.0
2024-11-22 00:00:00-05:00,58.27000045776367,58.869998931884766,58.2400016784668,58.61000061035156,3004000,0.0,0.0
2024-11-25 00:00:00-05:00,58.95000076293945,59.150001525878906,58.68000030517578,58.779998779296875,2773100,0.0,0.0
2024-11-26 00:00:00-05:00,59.279998779296875,59.279998779296875,58.849998474121094,59.099998474121094,2118700,0.0,0.0
2024-11-27 00:00:00-05:00,59.7400016784668,60.02000045776367,59.689998626708984,59.7400016784668,1781200,0.0,0.0
2024-11-29 00:00:00-05:00,59.70000076293945,59.900001525878906,59.529998779296875,59.84000015258789,1233400,0.0,0.0
2024-12-02 00:00:00-05:00,59.959999084472656,59.9900016784668,59.52000045776367,59.90999984741211,2203400,0.0,0.0
2024-12-03 00:00:00-05:00,59.880001068115234,59.90999984741211,59.31999969482422,59.380001068115234,1757000,0.0,0.0
2024-12-04 00:00:00-05:00,58.90999984741211,59.400001525878906,58.849998474121094,59.369998931884766,1643800,0.0,0.0
2024-12-05 00:00:00-05:00,59.4900016784668,59.689998626708984,59.38999938964844,59.54999923706055,1231000,0.0,0.0
2024-12-06 00:00:00-05:00,59.63999938964844,59.720001220703125,58.900001525878906,59.040000915527344,1757800,0.0,0.0
2024-12-09 00:00:00-05:00,58.59000015258789,59.06999969482422,58.45000076293945,58.84000015258789,3356700,0.0,0.0
2024-12-10 00:00:00-05:00,58.560001373291016,58.84000015258789,58.369998931884766,58.709999084472656,3382100,0.0,0.0
2024-12-11 00:00:00-05:00,58.939998626708984,59.2400016784668,58.720001220703125,58.779998779296875,2400200,0.0,0.0
2024-12-12 00:00:00-05:00,58.560001373291016,59.209999084472656,58.529998779296875,58.709999084472656,2295200,0.0,0.0
2024-12-13 00:00:00-05:00,58.970001220703125,58.970001220703125,58.61000061035156,58.869998931884766,1291300,0.0,0.0
2024-12-16 00:00:00-05:00,58.959999084472656,59.900001525878906,58.939998626708984,59.31999969482422,3580700,0.0,0.0
2024-12-17 00:00:00-05:00,58.970001220703125,59.52000045776367,58.939998626708984,59.29999923706055,2216800,0.0,0.0
2024-12-18 00:00:00-05:00,58.70000076293945,58.900001525878906,57.83000183105469,57.83000183105469,3107300,0.0,0.0
2024-12-19 00:00:00-05:00,57.70000076293945,57.83000183105469,57.31999969482422,57.54999923706055,2268900,0.0,0.0
2024-12-20 00:00:00-05:00,56.959999084472656,57.66999816894531,56.869998931884766,57.15999984741211,7528300,0.0,0.0
2024-12-23 00:00:00-05:00,57.27000045776367,57.33000183105469,56.93000030517578,57.189998626708984,2092700,0.0,0.0
2024-12-24 00:00:00-05:00,57.08000183105469,57.2599983215332,57.029998779296875,57.189998626708984,947400,0.0,0.0
2024-12-26 00:00:00-05:00,57.0,57.61000061035156,57.0,57.52000045776367,1868900,0.0,0.0
2024-12-27 00:00:00-05:00,57.2599983215332,57.650001525878906,57.2599983215332,57.459999084472656,1809300,0.0,0.0
2024-12-30 00:00:00-05:00,57.16999816894531,57.209999084472656,56.63999938964844,56.7599983215332,2063700,0.0,0.0
2024-12-31 00:00:00-05:00,56.86000061035156,57.189998626708984,56.45000076293945,56.70000076293945,1553900,0.0,0.0
2025-01-02 00:00:00-05:00,56.88999938964844,57.04999923706055,56.5,56.52000045776367,1911600,0.0,0.0
2025-01-03 00:00:00-05:00,57.029998779296875,57.040000915527344,56.459999084472656,56.5099983215332,2345900,0.0,0.0
