Date,Open,High,Low,Close,Volume,Dividends,Stock Splits
2000-01-04 00:00:00+09:00,273.66458129882807,304.0717569986979,273.66458129882807,273.6645812988281,0,0.0,0.0
2000-01-05 00:00:00+09:00,273.66458129882807,304.0717569986979,273.66458129882807,273.6645812988281,0,0.0,0.0
2000-01-06 00:00:00+09:00,273.66458129882807,304.0717569986979,273.66458129882807,273.6645812988281,0,0.0,0.0
2000-01-07 00:00:00+09:00,288.86819458007807,304.0717837685033,288.86819458007807,288.8681945800781,0,0.0,0.0
2000-01-10 00:00:00+09:00,288.86819458007807,288.86819458007807,288.86819458007807,288.8681945800781,0,0.0,0.0
2000-01-11 00:00:00+09:00,304.0717569986979,304.0717569986979,273.66458129882807,273.6645812988281,10000,0.0,0.0
2000-01-12 00:00:00+09:00,273.66458129882807,273.66458129882807,273.66458129882807,273.6645812988281,1000,0.0,0.0
2000-01-13 00:00:00+09:00,273.66458129882807,273.66458129882807,273.66458129882807,273.6645812988281,2000,0.0,0.0
2000-01-14 00:00:00+09:00,273.66448461229555,273.66448461229555,271.13055419921875,271.13055419921875,2000,0.0,0.0
2000-01-17 00:00:00+09:00,271.1306499905056,273.66458129882807,271.1306499905056,273.6645812988281,5000,0.0,0.0
2000-01-18 00:00:00+09:00,271.13055419921875,271.13055419921875,271.13055419921875,271.13055419921875,1000,0.0,0.0
2000-01-19 00:00:00+09:00,268.59674072265625,268.59674072265625,268.59674072265625,268.59674072265625,1000,0.0,0.0
2000-01-20 00:00:00+09:00,269.10345458984375,269.10345458984375,269.10345458984375,269.10345458984375,3000,0.0,0.0
2000-01-21 00:00:00+09:00,269.10352702590654,269.10352702590654,268.59674072265625,268.59674072265625,4000,0.0,0.0
2000-01-24 00:00:00+09:00,268.59674072265625,268.59674072265625,268.59674072265625,268.59674072265625,3000,0.0,0.0
2000-01-25 00:00:00+09:00,253.3931121826172,253.3931121826172,253.3931121826172,253.3931121826172,20000,0.0,0.0
2000-01-26 00:00:00+09:00,253.3931121826172,253.3931121826172,253.3931121826172,253.3931121826172,0,0.0,0.0
2000-01-27 00:00:00+09:00,253.3931121826172,253.3931121826172,253.3931121826172,253.3931121826172,0,0.0,0.0
2000-01-28 00:00:00+09:00,278.7322998046875,278.7322998046875,278.7322998046875,278.7322998046875,1000,0.0,0.0
2000-01-31 00:00:00+09:00,253.3931121826172,253.3931121826172,253.3931121826172,253.3931121826172,1000,0.0,0.0
2000-02-01 00:00:00+09:00,253.3931121826172,253.3931121826172,253.3931121826172,253.3931121826172,0,0.0,0.0
2000-02-02 00:00:00+09:00,268.59657981178975,278.7322998046875,268.59657981178975,278.7322998046875,2000,0.0,0.0
2000-02-03 00:00:00+09:00,278.7324625651042,304.07177734375,278.7324625651042,304.07177734375,5000,0.0,0.0
2000-02-04 00:00:00+09:00,283.800267042312,286.3341979980469,283.800267042312,286.3341979980469,3000,0.0,0.0
2000-02-07 00:00:00+09:00,304.07176050646547,304.07176050646547,293.93603515625,293.93603515625,12000,0.0,0.0
2000-02-08 00:00:00+09:00,293.93603515625,293.93603515625,293.93603515625,293.93603515625,2000,0.0,0.0
2000-02-09 00:00:00+09:00,293.93603515625,293.93603515625,293.93603515625,293.93603515625,3000,0.0,0.0
2000-02-10 00:00:00+09:00,293.93603515625,293.93603515625,291.4021038186961,293.93603515625,7000,0.0,0.0
2000-02-11 00:00:00+09:00,293.93603515625,293.93603515625,293.93603515625,293.93603515625,0,0.0,0.0
2000-02-14 00:00:00+09:00,293.93587979403407,293.93587979403407,278.7322998046875,278.7322998046875,4000,0.0,0.0
2000-02-15 00:00:00+09:00,278.7322998046875,278.7322998046875,278.7322998046875,278.7322998046875,3000,0.0,0.0
2000-02-16 00:00:00+09:00,278.7322998046875,278.7322998046875,278.7322998046875,278.7322998046875,0,0.0,0.0
2000-02-17 00:00:00+09:00,278.7322998046875,278.7322998046875,278.7322998046875,278.7322998046875,0,0.0,0.0
2000-02-18 00:00:00+09:00,294.94964599609375,294.94964599609375,294.94964599609375,294.94964599609375,1000,0.0,0.0
2000-02-21 00:00:00+09:00,294.94964599609375,294.94964599609375,294.94964599609375,294.94964599609375,0,0.0,0.0
2000-02-22 00:00:00+09:00,304.07177734375,304.07177734375,304.07177734375,304.07177734375,5000,0.0,0.0
2000-02-23 00:00:00+09:00,304.07177734375,304.07177734375,304.07177734375,304.07177734375,3000,0.0,0.0
2000-02-24 00:00:00+09:00,304.07177734375,304.07177734375,304.07177734375,304.07177734375,3000,0.0,0.0
2000-02-25 00:00:00+09:00,304.0716970504226,304.0716970504226,303.5649108886719,303.5649108886719,2000,0.0,0.0
2000-02-28 00:00:00+09:00,304.07177734375,304.07177734375,304.07177734375,304.07177734375,2000,0.0,0.0
2000-02-29 00:00:00+09:00,304.07177734375,304.07177734375,304.07177734375,304.07177734375,0,0.0,0.0
2000-03-01 00:00:00+09:00,304.07177734375,304.07177734375,304.07177734375,304.07177734375,0,0.0,0.0
2000-03-02 00:00:00+09:00,283.8003845214844,283.8003845214844,283.8003845214844,283.8003845214844,1000,0.0,0.0
2000-03-03 00:00:00+09:00,283.8003845214844,283.8003845214844,283.8003845214844,283.8003845214844,0,0.0,0.0
2000-03-06 00:00:00+09:00,283.8003845214844,283.8003845214844,283.8003845214844,283.8003845214844,0,0.0,0.0
2000-03-07 00:00:00+09:00,354.750361587062,354.750361587062,334.4789123535156,334.4789123535156,5000,0.0,0.0
2000-03-08 00:00:00+09:00,317.75497518224046,321.8092651367188,317.75497518224046,321.80926513671875,3000,0.0,0.0
2000-03-09 00:00:00+09:00,321.8092651367188,321.8092651367188,321.8092651367188,321.80926513671875,0,0.0,0.0
2000-03-10 00:00:00+09:00,304.07177734375,304.07177734375,304.07177734375,304.07177734375,1000,0.0,0.0
2000-03-13 00:00:00+09:00,288.86819458007807,288.86819458007807,288.86819458007807,288.8681945800781,1000,0.0,0.0
2000-03-14 00:00:00+09:00,283.8003845214844,288.86824853079656,278.73252051217213,283.8003845214844,6000,0.0,0.0
2000-03-15 00:00:00+09:00,278.7322998046875,283.8001598011364,278.7322998046875,278.7322998046875,5000,0.0,0.0
2000-03-16 00:00:00+09:00,284.8138732910156,286.33423204523814,284.8138732910156,284.8138732910156,5000,0.0,0.0
2000-03-17 00:00:00+09:00,285.32061767578125,285.32061767578125,285.32061767578125,285.32061767578125,3000,0.0,0.0
2000-03-20 00:00:00+09:00,285.32061767578125,285.32061767578125,285.32061767578125,285.32061767578125,0,0.0,0.0
2000-03-21 00:00:00+09:00,285.32061767578125,285.32061767578125,285.32061767578125,285.32061767578125,1000,0.0,0.0
2000-03-22 00:00:00+09:00,289.3749084472656,289.3749084472656,285.32061901192736,289.3749084472656,8000,0.0,0.0
2000-03-23 00:00:00+09:00,293.93603515625,293.93603515625,293.93603515625,293.93603515625,1000,0.0,0.0
2000-03-24 00:00:00+09:00,304.07177734375,304.07177734375,304.07177734375,304.07177734375,1000,0.0,0.0
2000-03-27 00:00:00+09:00,286.3342096665327,286.3342096665327,258.4609680175781,258.4609680175781,5000,0.0,0.0
2000-03-28 00:00:00+09:00,261.5378723144531,261.5378723144531,261.5378723144531,261.5378723144531,0,6.0,0.0
2000-03-29 00:00:00+09:00,261.5378723144531,261.5378723144531,261.5378723144531,261.5378723144531,0,0.0,0.0
2000-03-30 00:00:00+09:00,261.5378723144531,261.5378723144531,261.5378723144531,261.5378723144531,0,0.0,0.0
2000-03-31 00:00:00+09:00,348.7171630859375,348.7171630859375,348.7171630859375,348.7171630859375,2000,0.0,0.0
2000-04-03 00:00:00+09:00,343.0762634277343,343.0762634277343,343.0762634277343,343.0762634277344,1000,0.0,0.0
2000-04-04 00:00:00+09:00,343.0762634277343,343.0762634277343,343.0762634277343,343.0762634277344,0,0.0,0.0
2000-04-05 00:00:00+09:00,292.8199178595292,292.8199178595292,292.3070983886719,292.3070983886719,3000,0.0,0.0
2000-04-06 00:00:00+09:00,292.3070983886719,292.3070983886719,292.3070983886719,292.3070983886719,0,0.0,0.0
2000-04-07 00:00:00+09:00,282.05070897152547,292.3070983886719,282.05070897152547,292.3070983886719,9000,0.0,0.0
2000-04-10 00:00:00+09:00,292.3070983886719,292.3070983886719,292.3070983886719,292.3070983886719,0,0.0,0.0
2000-04-11 00:00:00+09:00,284.61478687633166,284.61478687633166,282.0506896972656,282.0506896972656,10000,0.0,0.0
2000-04-12 00:00:00+09:00,282.05061735930263,282.05061735930263,276.92242431640625,276.92242431640625,5000,0.0,0.0
2000-04-13 00:00:00+09:00,276.922474987102,276.922474987102,271.79428100585943,271.7942810058594,11000,0.0,0.0
2000-04-14 00:00:00+09:00,272.30710040398367,272.30710040398367,271.79428100585943,271.7942810058594,6000,0.0,0.0
2000-04-17 00:00:00+09:00,271.7943326509916,271.7943326509916,266.6661376953125,266.6661376953125,4000,0.0,0.0
2000-04-18 00:00:00+09:00,266.6661376953125,266.6661376953125,266.6661376953125,266.6661376953125,2000,0.0,0.0
2000-04-19 00:00:00+09:00,266.6661376953125,266.6661376953125,266.6661376953125,266.6661376953125,1000,0.0,0.0
2000-04-20 00:00:00+09:00,266.6661376953125,266.6661376953125,266.6661376953125,266.6661376953125,0,0.0,0.0
2000-04-21 00:00:00+09:00,267.6917419433594,267.6917419433594,267.6917419433594,267.6917419433594,1000,0.0,0.0
2000-04-24 00:00:00+09:00,267.6917419433594,267.6917419433594,267.6917419433594,267.6917419433594,0,0.0,0.0
2000-04-25 00:00:00+09:00,267.6917419433594,267.6917419433594,267.6917419433594,267.6917419433594,0,0.0,0.0
2000-04-26 00:00:00+09:00,291.79423811776303,291.79423811776303,287.1788635253907,287.1788635253906,7000,0.0,0.0
2000-04-27 00:00:00+09:00,287.1788635253907,287.1788635253907,287.1788635253907,287.1788635253906,1000,0.0,0.0
2000-04-28 00:00:00+09:00,287.1788635253907,287.1788635253907,287.1788635253907,287.1788635253906,1000,0.0,0.0
2000-05-01 00:00:00+09:00,287.1788635253907,287.1788635253907,287.1788635253907,287.1788635253906,5000,0.0,0.0
2000-05-02 00:00:00+09:00,287.1788635253907,287.1788635253907,287.1788635253907,287.1788635253906,1000,0.0,0.0
2000-05-03 00:00:00+09:00,287.1788635253907,287.1788635253907,287.1788635253907,287.1788635253906,0,0.0,0.0
2000-05-04 00:00:00+09:00,287.1788635253907,287.1788635253907,287.1788635253907,287.1788635253906,0,0.0,0.0
2000-05-05 00:00:00+09:00,287.1788635253907,287.1788635253907,287.1788635253907,287.1788635253906,0,0.0,0.0
2000-05-08 00:00:00+09:00,301.53781127929693,301.53781127929693,301.53781127929693,301.5378112792969,11000,0.0,0.0
2000-05-09 00:00:00+09:00,301.53781127929693,301.53781127929693,301.53781127929693,301.5378112792969,0,0.0,0.0
2000-05-10 00:00:00+09:00,301.53781127929693,301.53781127929693,301.53781127929693,301.5378112792969,0,0.0,0.0
2000-05-11 00:00:00+09:00,301.53781127929693,301.53781127929693,301.53781127929693,301.5378112792969,0,0.0,0.0
2000-05-12 00:00:00+09:00,301.53781127929693,301.53781127929693,301.53781127929693,301.5378112792969,0,0.0,0.0
2000-05-15 00:00:00+09:00,292.3070983886719,292.3070983886719,292.3070983886719,292.3070983886719,2000,0.0,0.0
2000-05-16 00:00:00+09:00,297.4352560237963,302.05063068623446,297.4352560237963,301.5378112792969,8000,0.0,0.0
2000-05-17 00:00:00+09:00,301.53781127929693,301.53781127929693,301.53781127929693,301.5378112792969,0,0.0,0.0
2000-05-18 00:00:00+09:00,301.53781127929693,301.53781127929693,301.53781127929693,301.5378112792969,0,0.0,0.0
2000-05-19 00:00:00+09:00,292.3070983886719,292.3070983886719,292.3070983886719,292.3070983886719,2000,0.0,0.0
2000-05-22 00:00:00+09:00,292.3070393379627,292.3070393379627,291.7942199707031,291.7942199707031,3000,0.0,0.0
2000-05-23 00:00:00+09:00,294.87115478515625,302.5634457795516,294.87115478515625,294.87115478515625,9000,0.0,0.0
2000-05-24 00:00:00+09:00,294.87115478515625,294.87115478515625,294.87115478515625,294.87115478515625,2000,0.0,0.0
2000-05-25 00:00:00+09:00,294.87115478515625,294.87115478515625,294.87115478515625,294.87115478515625,10000,0.0,0.0
2000-05-26 00:00:00+09:00,292.3069744477548,292.8197937011719,292.3069744477548,292.8197937011719,2000,0.0,0.0
2000-05-29 00:00:00+09:00,292.8197937011719,292.8197937011719,292.8197937011719,292.8197937011719,0,0.0,0.0
2000-05-30 00:00:00+09:00,292.8197937011719,292.8197937011719,292.8197937011719,292.8197937011719,0,0.0,0.0
2000-05-31 00:00:00+09:00,292.8197937011719,292.8197937011719,292.8197937011719,292.8197937011719,0,0.0,0.0
2000-06-01 00:00:00+09:00,292.8197937011719,292.8197937011719,292.8197937011719,292.8197937011719,0,0.0,0.0
2000-06-02 00:00:00+09:00,292.8197937011719,292.8197937011719,292.8197937011719,292.8197937011719,0,0.0,0.0
2000-06-05 00:00:00+09:00,279.4865719777234,279.4865719777234,271.79428100585943,271.7942810058594,2000,0.0,0.0
2000-06-06 00:00:00+09:00,271.79428100585943,271.79428100585943,271.79428100585943,271.7942810058594,2000,0.0,0.0
2000-06-07 00:00:00+09:00,287.6916809082031,289.7429584904363,285.1275839304117,287.6916809082031,14000,0.0,0.0
2000-06-08 00:00:00+09:00,287.69168292454316,287.69168292454316,287.1788635253907,287.1788635253906,2000,0.0,0.0
2000-06-09 00:00:00+09:00,286.666043551463,286.666043551463,271.79428100585943,271.7942810058594,4000,0.0,0.0
2000-06-12 00:00:00+09:00,272.3071385522867,277.4353332519531,272.3071385522867,277.4353332519531,3000,0.0,0.0
2000-06-13 00:00:00+09:00,277.4353332519531,277.4353332519531,277.4353332519531,277.4353332519531,0,0.0,0.0
2000-06-14 00:00:00+09:00,277.4353332519531,277.4353332519531,277.4353332519531,277.4353332519531,0,0.0,0.0
2000-06-15 00:00:00+09:00,277.4353332519531,277.4353332519531,277.4353332519531,277.4353332519531,0,0.0,0.0
2000-06-16 00:00:00+09:00,277.4353332519531,277.4353332519531,277.4353332519531,277.4353332519531,0,0.0,0.0
2000-06-19 00:00:00+09:00,289.2301032073306,289.2301032073306,281.0249938964844,281.0249938964844,9000,0.0,0.0
2000-06-20 00:00:00+09:00,281.0250700298108,292.3070983886719,281.0250700298108,292.3070983886719,25000,0.0,0.0
2000-06-21 00:00:00+09:00,292.30706359187616,294.3583412311174,277.9481201171875,277.9481201171875,9000,0.0,0.0
2000-06-22 00:00:00+09:00,282.0506896972656,284.61478687633166,282.0506896972656,282.0506896972656,9000,0.0,0.0
2000-06-23 00:00:00+09:00,282.5635595373205,285.12765717377533,282.5635595373205,284.6148376464844,4000,0.0,0.0
2000-06-26 00:00:00+09:00,284.6148376464844,284.6148376464844,284.6148376464844,284.6148376464844,1000,0.0,0.0
2000-06-27 00:00:00+09:00,284.1019247590209,287.1788409116457,284.1019247590209,285.1275634765625,8000,0.0,0.0
2000-06-28 00:00:00+09:00,285.1275634765625,285.1275634765625,285.1275634765625,285.1275634765625,0,0.0,0.0
2000-06-29 00:00:00+09:00,285.1275634765625,285.1275634765625,285.1275634765625,285.1275634765625,0,0.0,0.0
2000-06-30 00:00:00+09:00,292.3070983886719,292.3070983886719,292.3070983886719,292.3070983886719,4000,0.0,0.0
2000-07-03 00:00:00+09:00,294.87119574295843,294.87119574295843,292.3070983886719,292.3070983886719,2000,0.0,0.0
2000-07-04 00:00:00+09:00,297.4351806640625,297.4351806640625,297.4351806640625,297.4351806640625,2000,0.0,0.0
2000-07-05 00:00:00+09:00,302.5635070800781,302.5635070800781,302.5635070800781,302.5635070800781,1000,0.0,0.0
2000-07-06 00:00:00+09:00,302.5633661905925,307.6915588378907,302.5633661905925,307.6915588378906,2000,0.0,0.0
2000-07-07 00:00:00+09:00,298.4609069824219,298.4609069824219,298.4609069824219,298.4609069824219,20000,0.0,0.0
2000-07-10 00:00:00+09:00,305.1275512898424,308.2044677734375,305.1275512898424,308.2044677734375,2000,0.0,0.0
2000-07-11 00:00:00+09:00,308.2044677734375,308.2044677734375,308.2044677734375,308.2044677734375,1000,0.0,0.0
2000-07-12 00:00:00+09:00,323.07611083984375,325.64020695762025,323.07611083984375,323.07611083984375,8000,0.0,0.0
2000-07-13 00:00:00+09:00,323.0762225735572,323.0762225735572,315.89675096081146,317.9480285644531,3000,0.0,0.0
2000-07-14 00:00:00+09:00,316.9224081335989,316.9224081335989,313.3326721191406,313.3326721191406,2000,0.0,0.0
2000-07-17 00:00:00+09:00,317.9480285644531,317.9480285644531,317.9480285644531,317.9480285644531,1000,0.0,0.0
2000-07-18 00:00:00+09:00,317.9480285644531,317.9480285644531,317.9480285644531,317.9480285644531,0,0.0,0.0
2000-07-19 00:00:00+09:00,317.9480285644531,317.9480285644531,317.9480285644531,317.9480285644531,0,0.0,0.0
2000-07-20 00:00:00+09:00,317.9480285644531,317.9480285644531,317.9480285644531,317.9480285644531,0,0.0,0.0
2000-07-21 00:00:00+09:00,317.94800997557,317.94800997557,314.87109375,314.87109375,8000,0.0,0.0
2000-07-24 00:00:00+09:00,315.3838575347131,315.3838575347131,305.1274719238281,305.1274719238281,9000,0.0,0.0
2000-07-25 00:00:00+09:00,317.9480285644531,317.9480285644531,317.9480285644531,317.9480285644531,3000,0.0,0.0
2000-07-26 00:00:00+09:00,307.6915588378907,307.6915588378907,307.6915588378907,307.6915588378906,5000,0.0,0.0
2000-07-27 00:00:00+09:00,305.64028177897137,307.6915588378907,305.64028177897137,307.6915588378906,5000,0.0,0.0
2000-07-28 00:00:00+09:00,307.1788330078125,307.6916524285267,307.1788330078125,307.1788330078125,10000,0.0,0.0
2000-07-31 00:00:00+09:00,306.66601155598954,306.66601155598954,299.9993591308594,299.9993591308594,4000,0.0,0.0
2000-08-01 00:00:00+09:00,299.9993591308594,299.9993591308594,299.9993591308594,299.9993591308594,0,0.0,0.0
2000-08-02 00:00:00+09:00,299.9993591308594,299.9993591308594,299.9993591308594,299.9993591308594,0,0.0,0.0
2000-08-03 00:00:00+09:00,299.9993591308594,299.9993591308594,299.9993591308594,299.9993591308594,0,0.0,0.0
2000-08-04 00:00:00+09:00,299.9993591308594,299.9993591308594,299.9993591308594,299.9993591308594,0,0.0,0.0
2000-08-07 00:00:00+09:00,307.6915683265494,307.6915683265494,305.1274719238281,305.1274719238281,25000,0.0,0.0
2000-08-08 00:00:00+09:00,305.1274719238281,305.1274719238281,305.1274719238281,305.1274719238281,0,0.0,0.0
2000-08-09 00:00:00+09:00,305.1274719238281,305.1274719238281,305.1274719238281,305.1274719238281,0,0.0,0.0
2000-08-10 00:00:00+09:00,305.1274719238281,305.1274719238281,305.1274719238281,305.1274719238281,0,0.0,0.0
2000-08-11 00:00:00+09:00,305.1274719238281,305.1274719238281,305.1274719238281,305.1274719238281,0,0.0,0.0
2000-08-14 00:00:00+09:00,297.43525150844033,297.43525150844033,287.1788635253907,287.1788635253906,4000,0.0,0.0
2000-08-15 00:00:00+09:00,287.1788635253907,287.1788635253907,287.1788635253907,287.1788635253906,0,0.0,0.0
2000-08-16 00:00:00+09:00,297.4351806640625,297.4351806640625,297.4351806640625,297.4351806640625,10000,0.0,0.0
2000-08-17 00:00:00+09:00,297.4351806640625,297.4351806640625,297.4351806640625,297.4351806640625,5000,0.0,0.0
2000-08-18 00:00:00+09:00,297.4351806640625,297.4351806640625,297.4351806640625,297.4351806640625,0,0.0,0.0
2000-08-21 00:00:00+09:00,297.4351806640625,297.4351806640625,297.4351806640625,297.4351806640625,0,0.0,0.0
2000-08-22 00:00:00+09:00,297.4351806640625,297.4351806640625,297.4351806640625,297.4351806640625,3000,0.0,0.0
2000-08-23 00:00:00+09:00,297.4351806640625,297.4351806640625,297.4351806640625,297.4351806640625,0,0.0,0.0
2000-08-24 00:00:00+09:00,305.1274719238281,305.1274719238281,305.1274719238281,305.1274719238281,1000,0.0,0.0
2000-08-25 00:00:00+09:00,317.43512486775717,317.43512486775717,307.6915588378907,307.6915588378906,4000,0.0,0.0
2000-08-28 00:00:00+09:00,307.6915588378907,307.6915588378907,307.6915588378907,307.6915588378906,4000,0.0,0.0
2000-08-29 00:00:00+09:00,307.6915588378907,309.74283589680994,307.6915588378907,307.6915588378906,5000,0.0,0.0
2000-08-30 00:00:00+09:00,307.6915588378907,307.6915588378907,307.6915588378907,307.6915588378906,2000,0.0,0.0
2000-08-31 00:00:00+09:00,307.6915588378907,307.6915588378907,307.6915588378907,307.6915588378906,0,0.0,0.0
2000-09-01 00:00:00+09:00,307.6915588378907,307.6915588378907,307.6915588378907,307.6915588378906,0,0.0,0.0
2000-09-04 00:00:00+09:00,307.6915588378907,307.6915588378907,307.6915588378907,307.6915588378906,0,0.0,0.0
2000-09-05 00:00:00+09:00,307.6915588378907,307.6915588378907,307.6915588378907,307.6915588378906,0,0.0,0.0
2000-09-06 00:00:00+09:00,307.6915588378907,307.6915588378907,307.6915588378907,307.6915588378906,0,0.0,0.0
2000-09-07 00:00:00+09:00,307.6915588378907,307.6915588378907,307.6915588378907,307.6915588378906,8000,0.0,0.0
2000-09-08 00:00:00+09:00,294.87115478515625,294.87115478515625,294.87115478515625,294.87115478515625,1000,0.0,0.0
2000-09-11 00:00:00+09:00,294.87115478515625,294.87115478515625,294.87115478515625,294.87115478515625,0,0.0,0.0
2000-09-12 00:00:00+09:00,294.87115478515625,294.87115478515625,294.87115478515625,294.87115478515625,0,0.0,0.0
2000-09-13 00:00:00+09:00,294.87115478515625,294.87115478515625,294.87115478515625,294.87115478515625,0,0.0,0.0
2000-09-14 00:00:00+09:00,294.87115478515625,294.87115478515625,294.87115478515625,294.87115478515625,0,0.0,0.0
2000-09-15 00:00:00+09:00,294.87115478515625,294.87115478515625,294.87115478515625,294.87115478515625,0,0.0,0.0
2000-09-18 00:00:00+09:00,294.87115478515625,294.87115478515625,294.87115478515625,294.87115478515625,0,0.0,0.0
2000-09-19 00:00:00+09:00,294.87115478515625,294.87115478515625,294.87115478515625,294.87115478515625,0,0.0,0.0
2000-09-20 00:00:00+09:00,307.6915588378907,307.6915588378907,307.6915588378907,307.6915588378906,3000,0.0,0.0
2000-09-21 00:00:00+09:00,307.6915588378907,307.6915588378907,307.6915588378907,307.6915588378906,1000,0.0,0.0
2000-09-22 00:00:00+09:00,307.6915932339569,307.6915932339569,305.12749662367395,306.66595458984375,24000,0.0,0.0
2000-09-25 00:00:00+09:00,306.66595458984375,311.7941478104097,306.66595458984375,306.66595458984375,7000,0.0,0.0
2000-09-26 00:00:00+09:00,308.752197265625,308.752197265625,308.752197265625,308.752197265625,1000,10.0,0.0
2000-09-27 00:00:00+09:00,308.752197265625,308.752197265625,308.752197265625,308.752197265625,4000,0.0,0.0
2000-09-28 00:00:00+09:00,308.752163788148,311.88140869140625,308.752163788148,311.88140869140625,6000,0.0,0.0
2000-09-29 00:00:00+09:00,311.88140869140625,311.88140869140625,311.88140869140625,311.88140869140625,0,0.0,0.0
2000-10-02 00:00:00+09:00,311.88140869140625,311.88140869140625,311.88140869140625,311.88140869140625,0,0.0,0.0
2000-10-03 00:00:00+09:00,311.88140869140625,311.88140869140625,311.88140869140625,311.88140869140625,0,0.0,0.0
2000-10-04 00:00:00+09:00,294.6706011635917,294.6706011635917,292.0628967285156,292.0628967285156,4000,0.0,0.0
2000-10-05 00:00:00+09:00,292.0628967285156,292.0628967285156,289.4551922934396,292.0628967285156,5000,0.0,0.0
2000-10-06 00:00:00+09:00,289.4551696777344,289.4551696777344,289.4551696777344,289.4551696777344,2000,0.0,0.0
2000-10-09 00:00:00+09:00,289.4551696777344,289.4551696777344,289.4551696777344,289.4551696777344,0,0.0,0.0
2000-10-10 00:00:00+09:00,289.4551922934396,292.0628967285156,289.4551922934396,292.0628967285156,13000,0.0,0.0
2000-10-11 00:00:00+09:00,292.0628029152199,292.0628029152199,281.6319885253906,281.6319885253906,4000,0.0,0.0
2000-10-12 00:00:00+09:00,292.0628967285156,292.0628967285156,292.0628967285156,292.0628967285156,1000,0.0,0.0
2000-10-13 00:00:00+09:00,286.847412109375,286.847412109375,286.847412109375,286.847412109375,1000,0.0,0.0
2000-10-16 00:00:00+09:00,286.847412109375,286.847412109375,286.847412109375,286.847412109375,0,0.0,0.0
2000-10-17 00:00:00+09:00,286.847412109375,286.847412109375,286.847412109375,286.847412109375,0,0.0,0.0
2000-10-18 00:00:00+09:00,299.36439009232953,299.36439009232953,286.847412109375,286.847412109375,2000,0.0,0.0
2000-10-19 00:00:00+09:00,286.847412109375,286.847412109375,286.847412109375,286.847412109375,0,0.0,0.0
2000-10-20 00:00:00+09:00,286.847412109375,286.847412109375,286.847412109375,286.847412109375,0,0.0,0.0
2000-10-23 00:00:00+09:00,286.847412109375,286.847412109375,286.847412109375,286.847412109375,2000,0.0,0.0
2000-10-24 00:00:00+09:00,286.847412109375,286.847412109375,286.847412109375,286.847412109375,0,0.0,0.0
2000-10-25 00:00:00+09:00,286.847412109375,286.847412109375,286.847412109375,286.847412109375,2000,0.0,0.0
2000-10-26 00:00:00+09:00,286.847412109375,286.847412109375,286.847412109375,286.847412109375,0,0.0,0.0
2000-10-27 00:00:00+09:00,286.847412109375,286.847412109375,286.847412109375,286.847412109375,0,0.0,0.0
2000-10-30 00:00:00+09:00,298.32135009765625,298.32135009765625,298.32135009765625,298.32135009765625,1000,0.0,0.0
2000-10-31 00:00:00+09:00,294.6706011635917,294.6706011635917,292.0628967285156,292.0628967285156,4000,0.0,0.0
2000-11-01 00:00:00+09:00,289.4551696777344,289.4551696777344,289.4551696777344,289.4551696777344,4000,0.0,0.0
2000-11-02 00:00:00+09:00,289.4551696777344,289.4551696777344,289.4551696777344,289.4551696777344,0,0.0,0.0
2000-11-03 00:00:00+09:00,289.4551696777344,289.4551696777344,289.4551696777344,289.4551696777344,0,0.0,0.0
2000-11-06 00:00:00+09:00,289.4551696777344,289.4551696777344,289.4551696777344,289.4551696777344,0,0.0,0.0
2000-11-07 00:00:00+09:00,303.5367736816406,303.5367736816406,303.5367736816406,303.5367736816406,1000,0.0,0.0
2000-11-08 00:00:00+09:00,318.6614379882813,318.6614379882813,318.6614379882813,318.66143798828125,1000,0.0,0.0
2000-11-09 00:00:00+09:00,334.3075866699219,334.3075866699219,334.3075866699219,334.3075866699219,5000,0.0,0.0
2000-11-10 00:00:00+09:00,334.3075866699219,334.3075866699219,334.3075866699219,334.3075866699219,4000,0.0,0.0
2000-11-13 00:00:00+09:00,333.7859802246094,333.7859802246094,333.7859802246094,333.7859802246094,1000,0.0,0.0
2000-11-14 00:00:00+09:00,333.7859802246094,333.7859802246094,333.7859802246094,333.7859802246094,0,0.0,0.0
2000-11-15 00:00:00+09:00,330.6568298339844,330.6568298339844,330.6568298339844,330.6568298339844,1000,0.0,0.0
2000-11-16 00:00:00+09:00,330.6568298339844,330.6568298339844,330.6568298339844,330.6568298339844,0,0.0,0.0
2000-11-17 00:00:00+09:00,328.57061767578125,328.57061767578125,328.57061767578125,328.57061767578125,3000,0.0,0.0
2000-11-20 00:00:00+09:00,328.57061767578125,328.57061767578125,328.57061767578125,328.57061767578125,2000,0.0,0.0
2000-11-21 00:00:00+09:00,328.57061767578125,328.57061767578125,328.57061767578125,328.57061767578125,2000,0.0,0.0
2000-11-22 00:00:00+09:00,328.57061767578125,328.57061767578125,328.57061767578125,328.57061767578125,3000,0.0,0.0
2000-11-23 00:00:00+09:00,328.57061767578125,328.57061767578125,328.57061767578125,328.57061767578125,0,0.0,0.0
2000-11-24 00:00:00+09:00,328.57061767578125,328.57061767578125,328.57061767578125,328.57061767578125,1000,0.0,0.0
2000-11-27 00:00:00+09:00,328.0491943359375,328.0491943359375,328.0491943359375,328.0491943359375,3000,0.0,0.0
2000-11-28 00:00:00+09:00,328.0491943359375,328.0491943359375,328.0491943359375,328.0491943359375,0,0.0,0.0
2000-11-29 00:00:00+09:00,328.0491943359375,328.0491943359375,328.0491943359375,328.0491943359375,0,0.0,0.0
2000-11-30 00:00:00+09:00,323.3553161621094,323.3553161621094,323.3553161621094,323.3553161621094,1000,0.0,0.0
2000-12-01 00:00:00+09:00,323.3553161621094,323.3553161621094,323.3553161621094,323.3553161621094,1000,0.0,0.0
2000-12-04 00:00:00+09:00,323.3553161621094,323.3553161621094,323.3553161621094,323.3553161621094,0,0.0,0.0
2000-12-05 00:00:00+09:00,323.3553161621094,323.3553161621094,323.3553161621094,323.3553161621094,0,0.0,0.0
2000-12-06 00:00:00+09:00,292.0628967285156,292.0628967285156,292.0628967285156,292.0628967285156,1000,0.0,0.0
2000-12-07 00:00:00+09:00,292.0628967285156,292.0628967285156,292.0628967285156,292.0628967285156,0,0.0,0.0
2000-12-08 00:00:00+09:00,292.0628967285156,292.0628967285156,292.0628967285156,292.0628967285156,0,0.0,0.0
2000-12-11 00:00:00+09:00,292.0628967285156,292.0628967285156,292.0628967285156,292.0628967285156,0,0.0,0.0
2000-12-12 00:00:00+09:00,292.0628967285156,292.0628967285156,292.0628967285156,292.0628967285156,0,0.0,0.0
2000-12-13 00:00:00+09:00,292.0628967285156,292.0628967285156,292.0628967285156,292.0628967285156,0,0.0,0.0
2000-12-14 00:00:00+09:00,306.66598510742193,306.66598510742193,306.66598510742193,306.6659851074219,7000,0.0,0.0
2000-12-15 00:00:00+09:00,312.9244834498355,312.9244834498355,297.27825927734375,297.27825927734375,2000,0.0,0.0
2000-12-18 00:00:00+09:00,297.27825927734375,297.27825927734375,297.27825927734375,297.27825927734375,0,0.0,0.0
2000-12-19 00:00:00+09:00,297.27825927734375,297.27825927734375,297.27825927734375,297.27825927734375,3000,0.0,0.0
2000-12-20 00:00:00+09:00,311.88140869140625,311.88140869140625,311.88140869140625,311.88140869140625,2000,0.0,0.0
2000-12-21 00:00:00+09:00,322.31225585937494,322.31225585937494,322.31225585937494,322.312255859375,3000,0.0,0.0
2000-12-22 00:00:00+09:00,322.31225585937494,322.31225585937494,322.31225585937494,322.312255859375,0,0.0,0.0
2000-12-25 00:00:00+09:00,337.95843505859375,337.95843505859375,337.95843505859375,337.95843505859375,4000,0.0,0.0
2000-12-26 00:00:00+09:00,337.95843505859375,337.95843505859375,337.95843505859375,337.95843505859375,0,0.0,0.0
2000-12-27 00:00:00+09:00,337.95843505859375,337.95843505859375,337.95843505859375,337.95843505859375,0,0.0,0.0
2000-12-28 00:00:00+09:00,337.95843505859375,337.95843505859375,337.95843505859375,337.95843505859375,0,0.0,0.0
2000-12-29 00:00:00+09:00,337.95843505859375,337.95843505859375,337.95843505859375,337.95843505859375,0,0.0,0.0
2001-01-01 00:00:00+09:00,337.95843505859375,337.95843505859375,337.95843505859375,337.95843505859375,0,0.0,0.0
2001-01-02 00:00:00+09:00,337.95843505859375,337.95843505859375,337.95843505859375,337.95843505859375,0,0.0,0.0
2001-01-03 00:00:00+09:00,337.95843505859375,337.95843505859375,337.95843505859375,337.95843505859375,0,0.0,0.0
2001-01-04 00:00:00+09:00,337.95843505859375,337.95843505859375,337.95843505859375,337.95843505859375,0,0.0,0.0
2001-01-05 00:00:00+09:00,337.95843505859375,337.95843505859375,337.95843505859375,337.95843505859375,0,0.0,0.0
2001-01-08 00:00:00+09:00,337.95843505859375,337.95843505859375,337.95843505859375,337.95843505859375,0,0.0,0.0
2001-01-09 00:00:00+09:00,328.57061767578125,328.57061767578125,328.57061767578125,328.57061767578125,4000,0.0,0.0
2001-01-10 00:00:00+09:00,337.4368896484375,337.4368896484375,337.4368896484375,337.4368896484375,3000,0.0,0.0
2001-01-11 00:00:00+09:00,337.4368896484375,337.4368896484375,337.4368896484375,337.4368896484375,0,0.0,0.0
2001-01-12 00:00:00+09:00,337.4368896484375,337.4368896484375,337.4368896484375,337.4368896484375,0,0.0,0.0
2001-01-15 00:00:00+09:00,312.9243469238281,312.9243469238281,312.9243469238281,312.9243469238281,1000,0.0,0.0
2001-01-16 00:00:00+09:00,312.9243469238281,312.9243469238281,312.9243469238281,312.9243469238281,0,0.0,0.0
2001-01-17 00:00:00+09:00,312.9243469238281,312.9243469238281,312.9243469238281,312.9243469238281,0,0.0,0.0
2001-01-18 00:00:00+09:00,312.9243469238281,312.9243469238281,312.9243469238281,312.9243469238281,0,0.0,0.0
2001-01-19 00:00:00+09:00,312.9243469238281,312.9243469238281,312.9243469238281,312.9243469238281,0,0.0,0.0
2001-01-22 00:00:00+09:00,312.9243469238281,312.9243469238281,312.9243469238281,312.9243469238281,0,0.0,0.0
2001-01-23 00:00:00+09:00,312.9243469238281,312.9243469238281,312.9243469238281,312.9243469238281,0,0.0,0.0
2001-01-24 00:00:00+09:00,312.9243469238281,312.9243469238281,312.9243469238281,312.9243469238281,0,0.0,0.0
2001-01-25 00:00:00+09:00,312.9243469238281,312.9243469238281,312.9243469238281,312.9243469238281,0,0.0,0.0
2001-01-26 00:00:00+09:00,312.9243469238281,312.9243469238281,312.9243469238281,312.9243469238281,0,0.0,0.0
2001-01-29 00:00:00+09:00,312.9243469238281,312.9243469238281,312.9243469238281,312.9243469238281,0,0.0,0.0
2001-01-30 00:00:00+09:00,318.1399841308594,318.1399841308594,318.1399841308594,318.1399841308594,1000,0.0,0.0
2001-01-31 00:00:00+09:00,318.1399841308594,318.1399841308594,318.1399841308594,318.1399841308594,2000,0.0,0.0
2001-02-01 00:00:00+09:00,318.1399841308594,318.1399841308594,318.1399841308594,318.1399841308594,0,0.0,0.0
2001-02-02 00:00:00+09:00,318.13994567374874,322.3122728301257,318.13994567374874,320.7476501464844,6000,0.0,0.0
2001-02-05 00:00:00+09:00,320.7476501464844,320.7476501464844,320.7476501464844,320.7476501464844,0,0.0,0.0
2001-02-06 00:00:00+09:00,320.7476501464844,320.7476501464844,320.7476501464844,320.7476501464844,0,0.0,0.0
2001-02-07 00:00:00+09:00,331.1784362792969,331.1784362792969,331.1784362792969,331.1784362792969,8000,0.0,0.0
2001-02-08 00:00:00+09:00,331.1784362792969,331.1784362792969,331.1784362792969,331.1784362792969,3000,0.0,0.0
2001-02-09 00:00:00+09:00,328.5707244873047,328.5707244873047,323.3553161621094,323.3553161621094,4000,0.0,0.0
2001-02-12 00:00:00+09:00,323.3553161621094,323.3553161621094,323.3553161621094,323.3553161621094,0,0.0,0.0
2001-02-13 00:00:00+09:00,331.1784362792969,331.1784362792969,331.1784362792969,331.1784362792969,1000,0.0,0.0
2001-02-14 00:00:00+09:00,323.3553161621094,323.3553161621094,323.3553161621094,323.3553161621094,3000,0.0,0.0
2001-02-15 00:00:00+09:00,323.3553161621094,323.3553161621094,323.3553161621094,323.3553161621094,3000,0.0,0.0
2001-02-16 00:00:00+09:00,323.3553161621094,323.3553161621094,323.3553161621094,323.3553161621094,5000,0.0,0.0
2001-02-19 00:00:00+09:00,323.3553161621094,323.3553161621094,323.3553161621094,323.3553161621094,1000,0.0,0.0
2001-02-20 00:00:00+09:00,323.3553161621094,323.3553161621094,323.3553161621094,323.3553161621094,0,0.0,0.0
2001-02-21 00:00:00+09:00,323.3553161621094,323.3553161621094,323.3553161621094,323.3553161621094,0,0.0,0.0
2001-02-22 00:00:00+09:00,325.96302032470703,325.96302032470703,323.3553161621094,323.3553161621094,6000,0.0,0.0
2001-02-23 00:00:00+09:00,333.7861328125,333.7861328125,323.3553161621094,323.3553161621094,5000,0.0,0.0
2001-02-26 00:00:00+09:00,323.3553161621094,323.3553161621094,323.3553161621094,323.3553161621094,3000,0.0,0.0
2001-02-27 00:00:00+09:00,323.3553161621094,323.3553161621094,323.3553161621094,323.3553161621094,5000,0.0,0.0
2001-02-28 00:00:00+09:00,323.3553161621094,323.3553161621094,323.3553161621094,323.3553161621094,2000,0.0,0.0
2001-03-01 00:00:00+09:00,323.3553161621094,323.3553161621094,323.3553161621094,323.3553161621094,0,0.0,0.0
2001-03-02 00:00:00+09:00,323.3553161621094,323.3553161621094,323.3553161621094,323.3553161621094,0,0.0,0.0
2001-03-05 00:00:00+09:00,323.35535461922,323.35535461922,320.7476501464844,320.7476501464844,7000,0.0,0.0
2001-03-06 00:00:00+09:00,320.7476501464844,320.7476501464844,320.7476501464844,320.7476501464844,0,0.0,0.0
2001-03-07 00:00:00+09:00,336.39373779296875,336.39373779296875,336.39373779296875,336.39373779296875,7000,0.0,0.0
2001-03-08 00:00:00+09:00,323.3553161621094,323.3553161621094,323.3553161621094,323.3553161621094,5000,0.0,0.0
2001-03-09 00:00:00+09:00,323.3552110460069,328.57061767578125,323.3552110460069,328.57061767578125,11000,0.0,0.0
2001-03-12 00:00:00+09:00,328.57061767578125,328.57061767578125,328.57061767578125,328.57061767578125,10000,0.0,0.0
2001-03-13 00:00:00+09:00,328.57061767578125,328.57061767578125,328.57061767578125,328.57061767578125,8000,0.0,0.0
2001-03-14 00:00:00+09:00,328.57061767578125,328.57061767578125,328.57061767578125,328.57061767578125,0,0.0,0.0
2001-03-15 00:00:00+09:00,328.5707244873047,328.5707244873047,323.3553161621094,323.3553161621094,8000,0.0,0.0
2001-03-16 00:00:00+09:00,320.7474555969238,320.7474555969238,312.9243469238281,312.9243469238281,5000,0.0,0.0
2001-03-19 00:00:00+09:00,323.3553161621094,323.3553161621094,323.3553161621094,323.3553161621094,1000,0.0,0.0
2001-03-20 00:00:00+09:00,323.3553161621094,323.3553161621094,323.3553161621094,323.3553161621094,0,0.0,0.0
2001-03-21 00:00:00+09:00,323.3553161621094,323.3553161621094,323.3553161621094,323.3553161621094,1000,0.0,0.0
2001-03-22 00:00:00+09:00,323.3553161621094,323.3553161621094,323.3553161621094,323.3553161621094,0,0.0,0.0
2001-03-23 00:00:00+09:00,322.31225585937494,322.31225585937494,322.31225585937494,322.312255859375,1000,0.0,0.0
2001-03-26 00:00:00+09:00,322.31225585937494,322.31225585937494,322.31225585937494,322.312255859375,0,0.0,0.0
2001-03-27 00:00:00+09:00,321.25897216796875,321.25897216796875,321.25897216796875,321.25897216796875,2000,6.0,0.0
2001-03-28 00:00:00+09:00,321.25897216796875,321.25897216796875,321.25897216796875,321.25897216796875,0,0.0,0.0
2001-03-29 00:00:00+09:00,321.25891162903326,323.8921813964844,321.25891162903326,323.8921813964844,5000,0.0,0.0
2001-03-30 00:00:00+09:00,323.8921813964844,323.8921813964844,323.8921813964844,323.8921813964844,1000,0.0,0.0
2001-04-02 00:00:00+09:00,323.8921813964844,323.8921813964844,323.8921813964844,323.8921813964844,0,0.0,0.0
2001-04-03 00:00:00+09:00,321.25897216796875,321.25897216796875,321.25897216796875,321.25897216796875,1000,0.0,0.0
2001-04-04 00:00:00+09:00,321.25897216796875,321.25897216796875,321.25897216796875,321.25897216796875,0,0.0,0.0
2001-04-05 00:00:00+09:00,321.25897216796875,321.25897216796875,321.25897216796875,321.25897216796875,1000,0.0,0.0
2001-04-06 00:00:00+09:00,321.25897216796875,321.25897216796875,321.25897216796875,321.25897216796875,1000,0.0,0.0
2001-04-09 00:00:00+09:00,337.05853271484375,337.05853271484375,337.05853271484375,337.05853271484375,7000,0.0,0.0
2001-04-10 00:00:00+09:00,337.05853271484375,337.05853271484375,337.05853271484375,337.05853271484375,0,0.0,0.0
2001-04-11 00:00:00+09:00,337.05853271484375,337.05853271484375,337.05853271484375,337.05853271484375,0,0.0,0.0
2001-04-12 00:00:00+09:00,337.05853271484375,337.05853271484375,337.05853271484375,337.05853271484375,0,0.0,0.0
2001-04-13 00:00:00+09:00,337.05853271484375,337.05853271484375,337.05853271484375,337.05853271484375,0,0.0,0.0
2001-04-16 00:00:00+09:00,337.05853271484375,337.05853271484375,337.05853271484375,337.05853271484375,0,0.0,0.0
2001-04-17 00:00:00+09:00,318.62573242187494,318.62573242187494,318.62573242187494,318.625732421875,2000,0.0,0.0
2001-04-18 00:00:00+09:00,318.62573242187494,318.62573242187494,318.62573242187494,318.625732421875,2000,0.0,0.0
2001-04-19 00:00:00+09:00,318.62573242187494,318.62573242187494,318.62573242187494,318.625732421875,0,0.0,0.0
2001-04-20 00:00:00+09:00,321.25897216796875,321.25897216796875,321.25897216796875,321.25897216796875,3000,0.0,0.0
2001-04-23 00:00:00+09:00,321.25897216796875,321.25897216796875,321.25897216796875,321.25897216796875,3000,0.0,0.0
2001-04-24 00:00:00+09:00,321.25894114176435,321.25894114176435,315.9924011230469,315.9924011230469,4000,0.0,0.0
2001-04-25 00:00:00+09:00,315.9924011230469,315.9924011230469,315.9924011230469,315.9924011230469,4000,0.0,0.0
2001-04-26 00:00:00+09:00,315.9924011230469,315.9924011230469,315.9924011230469,315.9924011230469,4000,0.0,0.0
2001-04-27 00:00:00+09:00,310.72583007812506,310.72583007812506,310.72583007812506,310.725830078125,3000,0.0,0.0
2001-04-30 00:00:00+09:00,310.72583007812506,310.72583007812506,310.72583007812506,310.725830078125,0,0.0,0.0
2001-05-01 00:00:00+09:00,310.72583007812506,310.72583007812506,310.72583007812506,310.725830078125,2000,0.0,0.0
2001-05-02 00:00:00+09:00,315.9923393185399,315.9923393185399,313.35906982421875,313.35906982421875,2000,0.0,0.0
2001-05-03 00:00:00+09:00,313.35906982421875,313.35906982421875,313.35906982421875,313.35906982421875,0,0.0,0.0
2001-05-04 00:00:00+09:00,313.35906982421875,313.35906982421875,313.35906982421875,313.35906982421875,0,0.0,0.0
2001-05-07 00:00:00+09:00,328.6320986793155,331.7920227050781,328.6320986793155,331.7920227050781,11000,0.0,0.0
2001-05-08 00:00:00+09:00,326.5255432128906,326.5255432128906,326.5255432128906,326.5255432128906,1000,0.0,0.0
2001-05-09 00:00:00+09:00,329.1587369987763,329.1587369987763,305.9859619140625,305.9859619140625,5000,0.0,0.0
2001-05-10 00:00:00+09:00,305.9859619140625,305.9859619140625,305.9859619140625,305.9859619140625,0,0.0,0.0
2001-05-11 00:00:00+09:00,315.9923393185399,315.9923393185399,313.35906982421875,313.35906982421875,3000,0.0,0.0
2001-05-14 00:00:00+09:00,310.72583007812506,310.72583007812506,310.72583007812506,310.725830078125,1000,0.0,0.0
2001-05-15 00:00:00+09:00,310.72583007812506,310.72583007812506,310.72583007812506,310.725830078125,0,0.0,0.0
2001-05-16 00:00:00+09:00,310.72583007812506,310.72583007812506,310.72583007812506,310.725830078125,0,0.0,0.0
2001-05-17 00:00:00+09:00,310.72583007812506,310.72583007812506,310.72583007812506,310.725830078125,0,0.0,0.0
2001-05-18 00:00:00+09:00,325.9988098144531,325.9988098144531,325.9988098144531,325.9988098144531,2000,0.0,0.0
2001-05-21 00:00:00+09:00,325.9988098144531,325.9988098144531,325.9988098144531,325.9988098144531,0,0.0,0.0
2001-05-22 00:00:00+09:00,325.9988098144531,325.9988098144531,325.9988098144531,325.9988098144531,0,0.0,0.0
2001-05-23 00:00:00+09:00,325.9988098144531,325.9988098144531,325.9988098144531,325.9988098144531,0,0.0,0.0
2001-05-24 00:00:00+09:00,325.9988098144531,325.9988098144531,325.9988098144531,325.9988098144531,0,0.0,0.0
2001-05-25 00:00:00+09:00,325.9988098144531,325.9988098144531,325.9988098144531,325.9988098144531,0,0.0,0.0
2001-05-28 00:00:00+09:00,325.9988098144531,325.9988098144531,325.9988098144531,325.9988098144531,0,0.0,0.0
2001-05-29 00:00:00+09:00,310.72583007812506,310.72583007812506,310.72583007812506,310.725830078125,1000,0.0,0.0
2001-05-30 00:00:00+09:00,315.9924011230469,315.9924011230469,315.9924011230469,315.9924011230469,2000,0.0,0.0
2001-05-31 00:00:00+09:00,315.9924011230469,315.9924011230469,315.9924011230469,315.9924011230469,2000,0.0,0.0
2001-06-01 00:00:00+09:00,315.46571562168964,315.46571562168964,310.72583007812506,310.725830078125,4000,0.0,0.0
2001-06-04 00:00:00+09:00,310.72583007812506,310.72583007812506,310.72583007812506,310.725830078125,0,0.0,0.0
2001-06-05 00:00:00+09:00,310.72583007812506,310.72583007812506,310.72583007812506,310.725830078125,0,0.0,0.0
2001-06-06 00:00:00+09:00,310.7258003298976,313.35906982421875,310.7258003298976,313.35906982421875,2000,0.0,0.0
2001-06-07 00:00:00+09:00,328.63201904296875,328.63201904296875,328.63201904296875,328.63201904296875,7000,0.0,0.0
2001-06-08 00:00:00+09:00,328.63201904296875,328.63201904296875,328.63201904296875,328.63201904296875,0,0.0,0.0
2001-06-11 00:00:00+09:00,328.63201904296875,328.63201904296875,328.63201904296875,328.63201904296875,0,0.0,0.0
2001-06-12 00:00:00+09:00,328.63201904296875,328.63201904296875,328.63201904296875,328.63201904296875,0,0.0,0.0
2001-06-13 00:00:00+09:00,328.63201904296875,328.63201904296875,328.63201904296875,328.63201904296875,0,0.0,0.0
2001-06-14 00:00:00+09:00,328.63201904296875,328.63201904296875,328.63201904296875,328.63201904296875,0,0.0,0.0
2001-06-15 00:00:00+09:00,326.5254485566738,326.5254485566738,310.72583007812506,310.725830078125,8000,0.0,0.0
2001-06-18 00:00:00+09:00,310.72583007812506,310.72583007812506,310.72583007812506,310.725830078125,0,0.0,0.0
2001-06-19 00:00:00+09:00,310.72583007812506,310.72583007812506,310.72583007812506,310.725830078125,0,0.0,0.0
2001-06-20 00:00:00+09:00,310.72583007812506,310.72583007812506,310.72583007812506,310.725830078125,0,0.0,0.0
2001-06-21 00:00:00+09:00,310.72583007812506,310.72583007812506,310.72583007812506,310.725830078125,2000,0.0,0.0
2001-06-22 00:00:00+09:00,310.72583007812506,310.72583007812506,310.72583007812506,310.725830078125,1000,0.0,0.0
2001-06-25 00:00:00+09:00,325.9988098144531,325.9988098144531,325.9988098144531,325.9988098144531,2000,0.0,0.0
2001-06-26 00:00:00+09:00,329.15877004968735,329.15877004968735,311.2525329589844,311.2525329589844,3000,0.0,0.0
2001-06-27 00:00:00+09:00,311.2525329589844,311.2525329589844,311.2525329589844,311.2525329589844,0,0.0,0.0
2001-06-28 00:00:00+09:00,311.2525329589844,311.2525329589844,311.2525329589844,311.2525329589844,0,0.0,0.0
2001-06-29 00:00:00+09:00,311.2525329589844,311.2525329589844,311.2525329589844,311.2525329589844,0,0.0,0.0
2001-07-02 00:00:00+09:00,311.2525329589844,311.2525329589844,311.2525329589844,311.2525329589844,0,0.0,0.0
2001-07-03 00:00:00+09:00,311.2525329589844,311.2525329589844,311.2525329589844,311.2525329589844,0,0.0,0.0
2001-07-04 00:00:00+09:00,311.2525329589844,311.2525329589844,311.2525329589844,311.2525329589844,0,0.0,0.0
2001-07-05 00:00:00+09:00,326.5255432128906,326.5255432128906,326.5255432128906,326.5255432128906,1000,0.0,0.0
2001-07-06 00:00:00+09:00,315.99229758670447,316.5189514160156,315.99229758670447,316.5189514160156,2000,0.0,0.0
2001-07-09 00:00:00+09:00,329.1587829589844,329.1587829589844,329.1587829589844,329.1587829589844,7000,0.0,0.0
2001-07-10 00:00:00+09:00,319.1522216796875,319.1522216796875,319.1522216796875,319.1522216796875,1000,0.0,0.0
2001-07-11 00:00:00+09:00,319.1522216796875,319.1522216796875,319.1522216796875,319.1522216796875,0,0.0,0.0
2001-07-12 00:00:00+09:00,319.1522216796875,319.1522216796875,319.1522216796875,319.1522216796875,0,0.0,0.0
2001-07-13 00:00:00+09:00,334.9518127441406,334.9518127441406,334.9518127441406,334.9518127441406,3000,0.0,0.0
2001-07-16 00:00:00+09:00,334.9518127441406,334.9518127441406,334.9518127441406,334.9518127441406,0,0.0,0.0
2001-07-17 00:00:00+09:00,343.3783874511719,343.3783874511719,343.3783874511719,343.3783874511719,3000,0.0,0.0
2001-07-18 00:00:00+09:00,343.3783874511719,343.3783874511719,343.3783874511719,343.3783874511719,0,0.0,0.0
2001-07-19 00:00:00+09:00,343.3783874511719,343.3783874511719,343.3783874511719,343.3783874511719,0,0.0,0.0
2001-07-20 00:00:00+09:00,343.3783874511719,343.3783874511719,343.3783874511719,343.3783874511719,0,0.0,0.0
2001-07-23 00:00:00+09:00,343.3783874511719,343.3783874511719,343.3783874511719,343.3783874511719,0,0.0,0.0
2001-07-24 00:00:00+09:00,316.5189514160156,316.5189514160156,316.5189514160156,316.5189514160156,2000,0.0,0.0
2001-07-25 00:00:00+09:00,325.9988098144531,325.9988098144531,325.9988098144531,325.9988098144531,1000,0.0,0.0
2001-07-26 00:00:00+09:00,325.9988098144531,325.9988098144531,325.9988098144531,325.9988098144531,0,0.0,0.0
2001-07-27 00:00:00+09:00,325.9988098144531,325.9988098144531,325.9988098144531,325.9988098144531,0,0.0,0.0
2001-07-30 00:00:00+09:00,319.1522216796875,319.1522216796875,319.1522216796875,319.1522216796875,1000,0.0,0.0
2001-07-31 00:00:00+09:00,319.1522216796875,319.1522216796875,319.1522216796875,319.1522216796875,0,0.0,0.0
2001-08-01 00:00:00+09:00,319.1522216796875,319.1522216796875,319.1522216796875,319.1522216796875,0,0.0,0.0
2001-08-02 00:00:00+09:00,319.1522216796875,319.1522216796875,319.1522216796875,319.1522216796875,0,0.0,0.0
2001-08-03 00:00:00+09:00,325.47216796875,325.47216796875,325.47216796875,325.47216796875,3000,0.0,0.0
2001-08-06 00:00:00+09:00,323.8921939190447,325.9988098144531,323.8921939190447,325.9988098144531,2000,0.0,0.0
2001-08-07 00:00:00+09:00,331.7920227050781,331.7920227050781,331.7920227050781,331.7920227050781,7000,0.0,0.0
2001-08-08 00:00:00+09:00,331.7920227050781,331.7920227050781,331.7920227050781,331.7920227050781,0,0.0,0.0
2001-08-09 00:00:00+09:00,326.5255432128906,326.5255432128906,326.5255432128906,326.5255432128906,4000,0.0,0.0
2001-08-10 00:00:00+09:00,326.5255432128906,326.5255432128906,326.5255432128906,326.5255432128906,0,0.0,0.0
2001-08-13 00:00:00+09:00,326.5255432128906,326.5255432128906,326.5255432128906,326.5255432128906,0,0.0,0.0
2001-08-14 00:00:00+09:00,326.5255432128906,326.5255432128906,326.5255432128906,326.5255432128906,0,0.0,0.0
2001-08-15 00:00:00+09:00,325.99872034361675,325.99872034361675,316.5189514160156,316.5189514160156,3000,0.0,0.0
2001-08-16 00:00:00+09:00,317.5723876953125,317.5723876953125,317.5723876953125,317.5723876953125,1000,0.0,0.0
2001-08-17 00:00:00+09:00,323.8921813964844,323.8921813964844,323.8921813964844,323.8921813964844,2000,0.0,0.0
2001-08-20 00:00:00+09:00,323.8921813964844,323.8921813964844,323.8921813964844,323.8921813964844,0,0.0,0.0
2001-08-21 00:00:00+09:00,323.8921813964844,323.8921813964844,323.8921813964844,323.8921813964844,0,0.0,0.0
2001-08-22 00:00:00+09:00,323.8921813964844,323.8921813964844,323.8921813964844,323.8921813964844,0,0.0,0.0
2001-08-23 00:00:00+09:00,323.8921813964844,323.8921813964844,323.8921813964844,323.8921813964844,0,0.0,0.0
2001-08-24 00:00:00+09:00,325.9988098144531,325.9988098144531,325.9988098144531,325.9988098144531,1000,0.0,0.0
2001-08-27 00:00:00+09:00,325.9988098144531,325.9988098144531,325.9988098144531,325.9988098144531,0,0.0,0.0
2001-08-28 00:00:00+09:00,321.25897216796875,321.25897216796875,321.25897216796875,321.25897216796875,1000,0.0,0.0
2001-08-29 00:00:00+09:00,321.25897216796875,321.25897216796875,321.25897216796875,321.25897216796875,1000,0.0,0.0
2001-08-30 00:00:00+09:00,321.2589090638242,321.2589090638242,310.72583007812506,310.725830078125,4000,0.0,0.0
2001-08-31 00:00:00+09:00,310.72583007812506,310.72583007812506,310.72583007812506,310.725830078125,0,0.0,0.0
2001-09-03 00:00:00+09:00,310.72583007812506,310.72583007812506,310.72583007812506,310.725830078125,0,0.0,0.0
2001-09-04 00:00:00+09:00,310.72583007812506,310.72583007812506,310.72583007812506,310.725830078125,0,0.0,0.0
2001-09-05 00:00:00+09:00,315.9923823192866,315.9923823192866,312.83245849609375,312.83245849609375,2000,0.0,0.0
2001-09-06 00:00:00+09:00,312.83245849609375,312.83245849609375,312.83245849609375,312.83245849609375,0,0.0,0.0
2001-09-07 00:00:00+09:00,328.1054382324219,328.1054382324219,328.1054382324219,328.1054382324219,8000,0.0,0.0
2001-09-10 00:00:00+09:00,328.1054382324219,328.1054382324219,328.1054382324219,328.1054382324219,0,0.0,0.0
2001-09-11 00:00:00+09:00,308.0925598144531,308.0925598144531,308.0925598144531,308.0925598144531,1000,0.0,0.0
2001-09-12 00:00:00+09:00,308.0925598144531,308.0925598144531,308.0925598144531,308.0925598144531,0,0.0,0.0
2001-09-13 00:00:00+09:00,305.4593200683594,305.4593200683594,305.4593200683594,305.4593200683594,1000,0.0,0.0
2001-09-14 00:00:00+09:00,320.7322692871094,320.7322692871094,320.7322692871094,320.7322692871094,2000,0.0,0.0
2001-09-17 00:00:00+09:00,320.7322692871094,320.7322692871094,320.7322692871094,320.7322692871094,0,0.0,0.0
2001-09-18 00:00:00+09:00,289.65957641601557,289.65957641601557,289.65957641601557,289.6595764160156,6000,0.0,0.0
2001-09-19 00:00:00+09:00,289.65969792118784,289.65969792118784,284.3931579589844,284.3931579589844,12000,0.0,0.0
2001-09-20 00:00:00+09:00,284.3931579589844,284.3931579589844,284.3931579589844,284.3931579589844,0,0.0,0.0
2001-09-21 00:00:00+09:00,284.3931579589844,284.3931579589844,284.3931579589844,284.3931579589844,0,0.0,0.0
2001-09-24 00:00:00+09:00,284.3931579589844,284.3931579589844,284.3931579589844,284.3931579589844,0,0.0,0.0
2001-09-25 00:00:00+09:00,278.5459289550781,278.5459289550781,278.5459289550781,278.5459289550781,2000,5.0,0.0
2001-09-26 00:00:00+09:00,278.5459289550781,278.5459289550781,278.5459289550781,278.5459289550781,0,0.0,0.0
2001-09-27 00:00:00+09:00,278.5459289550781,278.5459289550781,278.5459289550781,278.5459289550781,0,0.0,0.0
2001-09-28 00:00:00+09:00,278.5459289550781,278.5459289550781,278.5459289550781,278.5459289550781,0,0.0,0.0
2001-10-01 00:00:00+09:00,292.36669921875,292.36669921875,292.36669921875,292.36669921875,1000,0.0,0.0
2001-10-02 00:00:00+09:00,292.36669921875,292.36669921875,292.36669921875,292.36669921875,0,0.0,0.0
2001-10-03 00:00:00+09:00,292.36669921875,292.36669921875,292.36669921875,292.36669921875,0,0.0,0.0
2001-10-04 00:00:00+09:00,292.36669921875,292.36669921875,292.36669921875,292.36669921875,0,0.0,0.0
2001-10-05 00:00:00+09:00,292.36669921875,292.36669921875,292.36669921875,292.36669921875,0,0.0,0.0
2001-10-08 00:00:00+09:00,292.36669921875,292.36669921875,292.36669921875,292.36669921875,0,0.0,0.0
2001-10-09 00:00:00+09:00,306.71929931640625,306.71929931640625,306.71929931640625,306.71929931640625,4000,0.0,0.0
2001-10-10 00:00:00+09:00,306.71929931640625,306.71929931640625,306.71929931640625,306.71929931640625,0,0.0,0.0
2001-10-11 00:00:00+09:00,321.603515625,321.603515625,321.603515625,321.603515625,1000,0.0,0.0
2001-10-12 00:00:00+09:00,321.6035467130002,321.6035467130002,284.3932189941406,284.3932189941406,4000,0.0,0.0
2001-10-15 00:00:00+09:00,298.214111328125,298.214111328125,298.214111328125,298.214111328125,2000,0.0,0.0
2001-10-16 00:00:00+09:00,313.0982971191406,313.0982971191406,313.0982971191406,313.0982971191406,1000,0.0,0.0
2001-10-17 00:00:00+09:00,313.0982971191406,313.0982971191406,313.0982971191406,313.0982971191406,0,0.0,0.0
2001-10-18 00:00:00+09:00,313.0982971191406,313.0982971191406,313.0982971191406,313.0982971191406,0,0.0,0.0
2001-10-19 00:00:00+09:00,313.0982971191406,313.0982971191406,313.0982971191406,313.0982971191406,0,0.0,0.0
2001-10-22 00:00:00+09:00,313.0982971191406,313.0982971191406,313.0982971191406,313.0982971191406,0,0.0,0.0
2001-10-23 00:00:00+09:00,313.0982971191406,313.0982971191406,313.0982971191406,313.0982971191406,0,0.0,0.0
2001-10-24 00:00:00+09:00,313.0982971191406,313.0982971191406,313.0982971191406,313.0982971191406,0,0.0,0.0
2001-10-25 00:00:00+09:00,313.0982971191406,313.0982971191406,313.0982971191406,313.0982971191406,0,0.0,0.0
2001-10-26 00:00:00+09:00,313.0982971191406,313.0982971191406,313.0982971191406,313.0982971191406,0,0.0,0.0
2001-10-29 00:00:00+09:00,328.5139770507813,328.5139770507813,328.5139770507813,328.51397705078125,1000,0.0,0.0
2001-10-30 00:00:00+09:00,328.5139770507813,328.5139770507813,328.5139770507813,328.51397705078125,0,0.0,0.0
2001-10-31 00:00:00+09:00,328.5139770507813,328.5139770507813,328.5139770507813,328.51397705078125,0,0.0,0.0
2001-11-01 00:00:00+09:00,328.5139770507813,328.5139770507813,328.5139770507813,328.51397705078125,0,0.0,0.0
2001-11-02 00:00:00+09:00,318.9455871582031,318.9455871582031,318.9455871582031,318.9455871582031,1000,0.0,0.0
2001-11-05 00:00:00+09:00,302.99835205078125,302.99835205078125,302.99835205078125,302.99835205078125,1000,0.0,0.0
2001-11-06 00:00:00+09:00,302.99835205078125,302.99835205078125,302.99835205078125,302.99835205078125,0,0.0,0.0
2001-11-07 00:00:00+09:00,317.88238525390625,317.88238525390625,317.88238525390625,317.88238525390625,6000,0.0,0.0
2001-11-08 00:00:00+09:00,324.2613830566406,324.2613830566406,324.2613830566406,324.2613830566406,1000,0.0,0.0
2001-11-09 00:00:00+09:00,324.2613830566406,324.2613830566406,324.2613830566406,324.2613830566406,0,0.0,0.0
2001-11-12 00:00:00+09:00,324.2613830566406,324.2613830566406,324.2613830566406,324.2613830566406,0,0.0,0.0
2001-11-13 00:00:00+09:00,324.2613830566406,324.2613830566406,324.2613830566406,324.2613830566406,0,0.0,0.0
2001-11-14 00:00:00+09:00,302.99835205078125,302.99835205078125,302.99835205078125,302.99835205078125,50000,0.0,0.0
2001-11-15 00:00:00+09:00,317.88238525390625,317.88238525390625,317.88238525390625,317.88238525390625,3000,0.0,0.0
2001-11-16 00:00:00+09:00,317.88238525390625,317.88238525390625,317.88238525390625,317.88238525390625,0,0.0,0.0
2001-11-19 00:00:00+09:00,302.99835205078125,302.99835205078125,302.99835205078125,302.99835205078125,1000,0.0,0.0
2001-11-20 00:00:00+09:00,302.99835205078125,302.99835205078125,302.99835205078125,302.99835205078125,0,0.0,0.0
2001-11-21 00:00:00+09:00,302.99835205078125,302.99835205078125,302.99835205078125,302.99835205078125,0,0.0,0.0
2001-11-22 00:00:00+09:00,302.99835205078125,302.99835205078125,302.99835205078125,302.99835205078125,0,0.0,0.0
2001-11-23 00:00:00+09:00,302.99835205078125,302.99835205078125,302.99835205078125,302.99835205078125,0,0.0,0.0
2001-11-26 00:00:00+09:00,302.99835205078125,302.99835205078125,302.99835205078125,302.99835205078125,0,0.0,0.0
2001-11-27 00:00:00+09:00,302.99835205078125,302.99835205078125,302.99835205078125,302.99835205078125,0,0.0,0.0
2001-11-28 00:00:00+09:00,302.99835205078125,302.99835205078125,302.99835205078125,302.99835205078125,0,0.0,0.0
2001-11-29 00:00:00+09:00,265.78802490234375,265.78802490234375,265.78802490234375,265.78802490234375,2000,0.0,0.0
2001-11-30 00:00:00+09:00,265.78802490234375,265.78802490234375,265.78802490234375,265.78802490234375,0,0.0,0.0
2001-12-03 00:00:00+09:00,292.36669921875,292.36669921875,292.36669921875,292.36669921875,1000,0.0,0.0
2001-12-04 00:00:00+09:00,292.36669921875,292.36669921875,292.36669921875,292.36669921875,0,0.0,0.0
2001-12-05 00:00:00+09:00,292.36669921875,292.36669921875,292.36669921875,292.36669921875,0,0.0,0.0
2001-12-06 00:00:00+09:00,296.0877811425274,306.71929931640625,296.0877811425274,306.71929931640625,2000,0.0,0.0
2001-12-07 00:00:00+09:00,318.9455871582031,318.9455871582031,318.9455871582031,318.9455871582031,8000,0.0,0.0
2001-12-10 00:00:00+09:00,318.9455871582031,318.9455871582031,318.9455871582031,318.9455871582031,0,0.0,0.0
2001-12-11 00:00:00+09:00,307.7824401855469,307.7824401855469,307.7824401855469,307.7824401855469,3000,0.0,0.0
2001-12-12 00:00:00+09:00,307.7824401855469,307.7824401855469,307.7824401855469,307.7824401855469,0,0.0,0.0
2001-12-13 00:00:00+09:00,307.7824401855469,307.7824401855469,307.7824401855469,307.7824401855469,0,0.0,0.0
2001-12-14 00:00:00+09:00,318.4139099121094,318.4139099121094,318.4139099121094,318.4139099121094,2000,0.0,0.0
2001-12-17 00:00:00+09:00,316.2877534565173,316.2877534565173,302.99835205078125,302.99835205078125,2000,0.0,0.0
2001-12-18 00:00:00+09:00,308.3140563964844,308.3140563964844,308.3140563964844,308.3140563964844,3000,0.0,0.0
2001-12-19 00:00:00+09:00,308.3140563964844,308.3140563964844,308.3140563964844,308.3140563964844,0,0.0,0.0
2001-12-20 00:00:00+09:00,308.3140563964844,308.3140563964844,308.3140563964844,308.3140563964844,0,0.0,0.0
2001-12-21 00:00:00+09:00,308.3140563964844,308.3140563964844,308.3140563964844,308.3140563964844,0,0.0,0.0
2001-12-24 00:00:00+09:00,308.3140563964844,308.3140563964844,308.3140563964844,308.3140563964844,0,0.0,0.0
2001-12-25 00:00:00+09:00,318.41405768143505,318.41405768143505,302.99835205078125,302.99835205078125,4000,0.0,0.0
2001-12-26 00:00:00+09:00,302.99835205078125,302.99835205078125,302.99835205078125,302.99835205078125,0,0.0,0.0
2001-12-27 00:00:00+09:00,302.99835205078125,302.99835205078125,302.99835205078125,302.99835205078125,0,0.0,0.0
2001-12-28 00:00:00+09:00,302.99835205078125,302.99835205078125,302.99835205078125,302.99835205078125,0,0.0,0.0
2001-12-31 00:00:00+09:00,302.99835205078125,302.99835205078125,302.99835205078125,302.99835205078125,0,0.0,0.0
2002-01-01 00:00:00+09:00,302.99835205078125,302.99835205078125,302.99835205078125,302.99835205078125,0,0.0,0.0
2002-01-02 00:00:00+09:00,302.99835205078125,302.99835205078125,302.99835205078125,302.99835205078125,0,0.0,0.0
2002-01-03 00:00:00+09:00,302.99835205078125,302.99835205078125,302.99835205078125,302.99835205078125,0,0.0,0.0
2002-01-04 00:00:00+09:00,302.99835205078125,302.99835205078125,302.99835205078125,302.99835205078125,1000,0.0,0.0
2002-01-07 00:00:00+09:00,302.99835205078125,302.99835205078125,302.99835205078125,302.99835205078125,7000,0.0,0.0
2002-01-08 00:00:00+09:00,302.4666748046875,302.4666748046875,302.4666748046875,302.4666748046875,1000,0.0,0.0
2002-01-09 00:00:00+09:00,302.4666748046875,302.4666748046875,302.4666748046875,302.4666748046875,0,0.0,0.0
2002-01-10 00:00:00+09:00,292.36669921875,292.36669921875,292.36669921875,292.36669921875,3000,0.0,0.0
2002-01-11 00:00:00+09:00,292.36669921875,292.36669921875,292.36669921875,292.36669921875,2000,0.0,0.0
2002-01-14 00:00:00+09:00,292.36669921875,292.36669921875,292.36669921875,292.36669921875,0,0.0,0.0
2002-01-15 00:00:00+09:00,306.71929931640625,306.71929931640625,306.71929931640625,306.71929931640625,2000,0.0,0.0
2002-01-16 00:00:00+09:00,318.4139099121094,318.4139099121094,318.4139099121094,318.4139099121094,1000,0.0,0.0
2002-01-17 00:00:00+09:00,318.4139099121094,318.4139099121094,318.4139099121094,318.4139099121094,0,0.0,0.0
2002-01-18 00:00:00+09:00,318.4139099121094,318.4139099121094,318.4139099121094,318.4139099121094,0,0.0,0.0
2002-01-21 00:00:00+09:00,318.4139099121094,318.4139099121094,318.4139099121094,318.4139099121094,0,0.0,0.0
2002-01-22 00:00:00+09:00,318.4139099121094,318.4139099121094,318.4139099121094,318.4139099121094,0,0.0,0.0
2002-01-23 00:00:00+09:00,318.4139099121094,318.4139099121094,318.4139099121094,318.4139099121094,0,0.0,0.0
2002-01-24 00:00:00+09:00,292.36669921875,292.36669921875,292.36669921875,292.36669921875,3000,0.0,0.0
2002-01-25 00:00:00+09:00,302.4666748046875,302.4666748046875,302.4666748046875,302.4666748046875,1000,0.0,0.0
2002-01-28 00:00:00+09:00,302.4666748046875,302.4666748046875,302.4666748046875,302.4666748046875,0,0.0,0.0
2002-01-29 00:00:00+09:00,302.4666748046875,302.4666748046875,302.4666748046875,302.4666748046875,0,0.0,0.0
2002-01-30 00:00:00+09:00,302.4666748046875,302.4666748046875,302.4666748046875,302.4666748046875,0,0.0,0.0
2002-01-31 00:00:00+09:00,302.4666748046875,302.4666748046875,302.4666748046875,302.4666748046875,0,0.0,0.0
2002-02-01 00:00:00+09:00,292.8984069824219,292.8984069824219,292.8984069824219,292.8984069824219,2000,0.0,0.0
2002-02-04 00:00:00+09:00,292.8984069824219,292.8984069824219,292.8984069824219,292.8984069824219,0,0.0,0.0
2002-02-05 00:00:00+09:00,292.8984069824219,292.8984069824219,292.8984069824219,292.8984069824219,0,0.0,0.0
2002-02-06 00:00:00+09:00,302.4667759945518,302.99835205078125,302.4667759945518,302.99835205078125,2000,0.0,0.0
2002-02-07 00:00:00+09:00,308.3140563964844,308.3140563964844,308.3140563964844,308.3140563964844,7000,0.0,0.0
2002-02-08 00:00:00+09:00,308.3140563964844,308.3140563964844,308.3140563964844,308.3140563964844,0,0.0,0.0
2002-02-11 00:00:00+09:00,308.3140563964844,308.3140563964844,308.3140563964844,308.3140563964844,0,0.0,0.0
2002-02-12 00:00:00+09:00,308.3140563964844,308.3140563964844,308.3140563964844,308.3140563964844,0,0.0,0.0
2002-02-13 00:00:00+09:00,308.3140563964844,308.3140563964844,308.3140563964844,308.3140563964844,0,0.0,0.0
2002-02-14 00:00:00+09:00,292.36669921875,292.36669921875,292.36669921875,292.36669921875,1000,0.0,0.0
2002-02-15 00:00:00+09:00,306.71929931640625,306.71929931640625,306.71929931640625,306.71929931640625,2000,0.0,0.0
2002-02-18 00:00:00+09:00,306.71929931640625,306.71929931640625,306.71929931640625,306.71929931640625,0,0.0,0.0
2002-02-19 00:00:00+09:00,292.36669921875,292.36669921875,292.36669921875,292.36669921875,1000,0.0,0.0
2002-02-20 00:00:00+09:00,292.36669921875,292.36669921875,292.36669921875,292.36669921875,0,0.0,0.0
2002-02-21 00:00:00+09:00,292.36669921875,292.36669921875,292.36669921875,292.36669921875,0,0.0,0.0
2002-02-22 00:00:00+09:00,292.36669921875,292.36669921875,292.36669921875,292.36669921875,0,0.0,0.0
2002-02-25 00:00:00+09:00,292.36669921875,292.36669921875,292.36669921875,292.36669921875,0,0.0,0.0
2002-02-26 00:00:00+09:00,293.4298793875056,295.5561828613281,293.4298793875056,295.5561828613281,3000,0.0,0.0
2002-02-27 00:00:00+09:00,305.65619751195715,305.65619751195715,295.02467759849776,296.08782958984375,4000,0.0,0.0
2002-02-28 00:00:00+09:00,296.08782958984375,296.08782958984375,296.08782958984375,296.08782958984375,1000,0.0,0.0
2002-03-01 00:00:00+09:00,296.08782958984375,296.08782958984375,296.08782958984375,296.08782958984375,0,0.0,0.0
2002-03-04 00:00:00+09:00,305.65621948242193,305.65621948242193,305.65621948242193,305.6562194824219,1000,0.0,0.0
2002-03-05 00:00:00+09:00,305.65621948242193,305.65621948242193,305.65621948242193,305.6562194824219,1000,0.0,0.0
2002-03-06 00:00:00+09:00,306.1877136230469,306.1877136230469,306.1877136230469,306.1877136230469,1000,0.0,0.0
2002-03-07 00:00:00+09:00,308.3140996518343,308.3140996518343,305.65621948242193,305.6562194824219,8000,0.0,0.0
2002-03-08 00:00:00+09:00,305.65621948242193,305.65621948242193,305.65621948242193,305.6562194824219,2000,0.0,0.0
2002-03-11 00:00:00+09:00,298.214111328125,298.214111328125,298.214111328125,298.214111328125,1000,0.0,0.0
2002-03-12 00:00:00+09:00,298.214111328125,298.214111328125,298.214111328125,298.214111328125,0,0.0,0.0
2002-03-13 00:00:00+09:00,298.214111328125,298.214111328125,298.214111328125,298.214111328125,0,0.0,0.0
2002-03-14 00:00:00+09:00,302.99835205078125,302.99835205078125,302.99835205078125,302.99835205078125,1000,0.0,0.0
2002-03-15 00:00:00+09:00,308.3140563964844,308.3140563964844,308.3140563964844,308.3140563964844,2000,0.0,0.0
2002-03-18 00:00:00+09:00,305.65621948242193,305.65621948242193,305.65621948242193,305.6562194824219,5000,0.0,0.0
2002-03-19 00:00:00+09:00,305.65621948242193,305.65621948242193,305.65621948242193,305.6562194824219,1000,0.0,0.0
2002-03-20 00:00:00+09:00,305.65621948242193,305.65621948242193,305.65621948242193,305.6562194824219,0,0.0,0.0
2002-03-21 00:00:00+09:00,305.65621948242193,305.65621948242193,305.65621948242193,305.6562194824219,0,0.0,0.0
2002-03-22 00:00:00+09:00,305.65621948242193,305.65621948242193,305.65621948242193,305.6562194824219,1000,0.0,0.0
2002-03-25 00:00:00+09:00,305.65621948242193,305.65621948242193,305.65621948242193,305.6562194824219,0,0.0,0.0
2002-03-26 00:00:00+09:00,307.79742431640625,307.79742431640625,307.79742431640625,307.79742431640625,0,4.0,0.0
2002-03-27 00:00:00+09:00,322.78582763671875,322.78582763671875,322.78582763671875,322.78582763671875,1000,0.0,0.0
2002-03-28 00:00:00+09:00,322.78582763671875,322.78582763671875,322.78582763671875,322.78582763671875,0,0.0,0.0
2002-03-29 00:00:00+09:00,322.78582763671875,322.78582763671875,322.78582763671875,322.78582763671875,0,0.0,0.0
2002-04-01 00:00:00+09:00,322.78582763671875,322.78582763671875,322.78582763671875,322.78582763671875,0,0.0,0.0
2002-04-02 00:00:00+09:00,322.78582763671875,322.78582763671875,322.78582763671875,322.78582763671875,0,0.0,0.0
2002-04-03 00:00:00+09:00,322.78582763671875,322.78582763671875,322.78582763671875,322.78582763671875,0,0.0,0.0
2002-04-04 00:00:00+09:00,322.78582763671875,322.78582763671875,322.78582763671875,322.78582763671875,0,0.0,0.0
2002-04-05 00:00:00+09:00,310.473876953125,310.473876953125,310.473876953125,310.473876953125,6000,0.0,0.0
2002-04-08 00:00:00+09:00,313.150390625,313.150390625,313.150390625,313.150390625,6000,0.0,0.0
2002-04-09 00:00:00+09:00,313.150390625,313.150390625,313.150390625,313.150390625,0,0.0,0.0
2002-04-10 00:00:00+09:00,313.150390625,313.150390625,313.150390625,313.150390625,0,0.0,0.0
2002-04-11 00:00:00+09:00,313.150390625,313.150390625,313.150390625,313.150390625,0,0.0,0.0
2002-04-12 00:00:00+09:00,313.150390625,313.150390625,313.150390625,313.150390625,0,0.0,0.0
2002-04-15 00:00:00+09:00,321.17990112304693,321.17990112304693,321.17990112304693,321.1799011230469,2000,0.0,0.0
2002-04-16 00:00:00+09:00,321.17990112304693,321.17990112304693,321.17990112304693,321.1799011230469,0,0.0,0.0
2002-04-17 00:00:00+09:00,321.17990112304693,321.17990112304693,321.17990112304693,321.1799011230469,0,0.0,0.0
2002-04-18 00:00:00+09:00,321.17990112304693,321.17990112304693,321.17990112304693,321.1799011230469,0,0.0,0.0
2002-04-19 00:00:00+09:00,321.17990112304693,321.17990112304693,321.17990112304693,321.1799011230469,0,0.0,0.0
2002-04-22 00:00:00+09:00,321.17990112304693,321.17990112304693,321.17990112304693,321.1799011230469,0,0.0,0.0
2002-04-23 00:00:00+09:00,321.17990112304693,321.17990112304693,321.17990112304693,321.1799011230469,0,0.0,0.0
2002-04-24 00:00:00+09:00,321.17990112304693,321.17990112304693,321.17990112304693,321.1799011230469,0,0.0,0.0
2002-04-25 00:00:00+09:00,307.79742431640625,307.79742431640625,307.79742431640625,307.79742431640625,1000,0.0,0.0
2002-04-26 00:00:00+09:00,307.79742431640625,307.79742431640625,307.79742431640625,307.79742431640625,0,0.0,0.0
2002-04-29 00:00:00+09:00,307.79742431640625,307.79742431640625,307.79742431640625,307.79742431640625,0,0.0,0.0
2002-04-30 00:00:00+09:00,307.79742431640625,307.79742431640625,307.79742431640625,307.79742431640625,0,0.0,0.0
2002-05-01 00:00:00+09:00,307.79742431640625,307.79742431640625,307.79742431640625,307.79742431640625,0,0.0,0.0
2002-05-02 00:00:00+09:00,305.12091064453125,305.12091064453125,305.12091064453125,305.12091064453125,6000,0.0,0.0
2002-05-03 00:00:00+09:00,305.12091064453125,305.12091064453125,305.12091064453125,305.12091064453125,0,0.0,0.0
2002-05-06 00:00:00+09:00,305.12091064453125,305.12091064453125,305.12091064453125,305.12091064453125,0,0.0,0.0
2002-05-07 00:00:00+09:00,305.1209060668946,321.17990112304693,305.1209060668946,321.1799011230469,20000,0.0,0.0
2002-05-08 00:00:00+09:00,321.17990112304693,321.17990112304693,321.17990112304693,321.1799011230469,0,0.0,0.0
2002-05-09 00:00:00+09:00,321.17990112304693,321.17990112304693,321.17990112304693,321.1799011230469,0,0.0,0.0
2002-05-10 00:00:00+09:00,315.2916259765625,315.2916259765625,315.2916259765625,315.2916259765625,1000,0.0,0.0
2002-05-13 00:00:00+09:00,315.2916259765625,315.2916259765625,315.2916259765625,315.2916259765625,0,0.0,0.0
2002-05-14 00:00:00+09:00,315.2916259765625,315.2916259765625,315.2916259765625,315.2916259765625,0,0.0,0.0
2002-05-15 00:00:00+09:00,325.9975996398926,325.9975996398926,321.17990112304693,321.1799011230469,4000,0.0,0.0
2002-05-16 00:00:00+09:00,321.17990112304693,321.17990112304693,321.17990112304693,321.1799011230469,1000,0.0,0.0
2002-05-17 00:00:00+09:00,321.17990112304693,321.17990112304693,321.17990112304693,321.1799011230469,1000,0.0,0.0
2002-05-20 00:00:00+09:00,321.17990112304693,321.17990112304693,321.17990112304693,321.1799011230469,2000,0.0,0.0
2002-05-21 00:00:00+09:00,321.17990112304693,321.17990112304693,321.17990112304693,321.1799011230469,2000,0.0,0.0
2002-05-22 00:00:00+09:00,321.17990112304693,321.17990112304693,321.17990112304693,321.1799011230469,2000,0.0,0.0
2002-05-23 00:00:00+09:00,321.17990112304693,321.17990112304693,321.17990112304693,321.1799011230469,1000,0.0,0.0
2002-05-24 00:00:00+09:00,321.17990112304693,321.17990112304693,321.17990112304693,321.1799011230469,2000,0.0,0.0
2002-05-27 00:00:00+09:00,321.17990112304693,321.17990112304693,321.17990112304693,321.1799011230469,5000,0.0,0.0
2002-05-28 00:00:00+09:00,321.17990112304693,321.17990112304693,321.17990112304693,321.1799011230469,0,0.0,0.0
2002-05-29 00:00:00+09:00,321.17990112304693,321.17990112304693,321.17990112304693,321.1799011230469,1000,0.0,0.0
2002-05-30 00:00:00+09:00,321.17990112304693,321.17990112304693,321.17990112304693,321.1799011230469,1000,0.0,0.0
2002-05-31 00:00:00+09:00,321.17990112304693,321.17990112304693,321.17990112304693,321.1799011230469,18000,0.0,0.0
2002-06-03 00:00:00+09:00,311.0091767409752,311.0091767409752,310.473876953125,310.473876953125,3000,0.0,0.0
2002-06-04 00:00:00+09:00,310.473876953125,310.473876953125,310.473876953125,310.473876953125,0,0.0,0.0
2002-06-05 00:00:00+09:00,310.473876953125,310.473876953125,310.473876953125,310.473876953125,0,0.0,0.0
2002-06-06 00:00:00+09:00,310.473876953125,310.473876953125,310.473876953125,310.473876953125,0,0.0,0.0
2002-06-07 00:00:00+09:00,321.17990112304693,321.17990112304693,321.17990112304693,321.1799011230469,6000,0.0,0.0
2002-06-10 00:00:00+09:00,321.17990112304693,321.17990112304693,321.17990112304693,321.1799011230469,0,0.0,0.0
2002-06-11 00:00:00+09:00,321.17990112304693,321.17990112304693,321.17990112304693,321.1799011230469,0,0.0,0.0
2002-06-12 00:00:00+09:00,321.17990112304693,321.17990112304693,321.17990112304693,321.1799011230469,0,0.0,0.0
2002-06-13 00:00:00+09:00,321.17990112304693,321.17990112304693,321.17990112304693,321.1799011230469,0,0.0,0.0
2002-06-14 00:00:00+09:00,321.17990112304693,321.17990112304693,321.17990112304693,321.1799011230469,2000,0.0,0.0
2002-06-17 00:00:00+09:00,321.17990112304693,321.17990112304693,321.17990112304693,321.1799011230469,0,0.0,0.0
2002-06-18 00:00:00+09:00,321.17990112304693,321.17990112304693,321.17990112304693,321.1799011230469,0,0.0,0.0
2002-06-19 00:00:00+09:00,315.826904296875,315.826904296875,315.826904296875,315.826904296875,1000,0.0,0.0
2002-06-20 00:00:00+09:00,315.826904296875,315.826904296875,315.826904296875,315.826904296875,1000,0.0,0.0
2002-06-21 00:00:00+09:00,315.826904296875,315.826904296875,315.826904296875,315.826904296875,0,0.0,0.0
2002-06-24 00:00:00+09:00,315.826904296875,315.826904296875,315.826904296875,315.826904296875,0,0.0,0.0
2002-06-25 00:00:00+09:00,321.1799026747881,321.1799026747881,315.826904296875,315.826904296875,6000,0.0,0.0
2002-06-26 00:00:00+09:00,315.826904296875,315.826904296875,315.826904296875,315.826904296875,0,0.0,0.0
2002-06-27 00:00:00+09:00,315.826904296875,315.826904296875,315.826904296875,315.826904296875,0,0.0,0.0
2002-06-28 00:00:00+09:00,315.8269027709961,321.17990112304693,315.8269027709961,321.1799011230469,3000,0.0,0.0
2002-07-01 00:00:00+09:00,321.17990112304693,321.17990112304693,321.17990112304693,321.1799011230469,0,0.0,0.0
2002-07-02 00:00:00+09:00,321.17990112304693,321.17990112304693,321.17990112304693,321.1799011230469,0,0.0,0.0
2002-07-03 00:00:00+09:00,321.17990112304693,321.17990112304693,321.17990112304693,321.1799011230469,0,0.0,0.0
2002-07-04 00:00:00+09:00,321.17990112304693,321.17990112304693,321.17990112304693,321.1799011230469,0,0.0,0.0
2002-07-05 00:00:00+09:00,321.17990112304693,321.17990112304693,321.17990112304693,321.1799011230469,1000,0.0,0.0
2002-07-08 00:00:00+09:00,326.5328994750977,326.5328994750977,321.17990112304693,321.1799011230469,11000,0.0,0.0
2002-07-09 00:00:00+09:00,321.17990112304693,321.17990112304693,321.17990112304693,321.1799011230469,1000,0.0,0.0
2002-07-10 00:00:00+09:00,321.17990112304693,321.17990112304693,321.17990112304693,321.1799011230469,0,0.0,0.0
2002-07-11 00:00:00+09:00,323.8564453125,323.8564453125,323.8564453125,323.8564453125,2000,0.0,0.0
2002-07-12 00:00:00+09:00,323.8564453125,323.8564453125,323.8564453125,323.8564453125,0,0.0,0.0
2002-07-15 00:00:00+09:00,323.8564453125,323.8564453125,323.8564453125,323.8564453125,1000,0.0,0.0
2002-07-16 00:00:00+09:00,323.8564453125,323.8564453125,323.8564453125,323.8564453125,0,0.0,0.0
2002-07-17 00:00:00+09:00,323.8564453125,323.8564453125,323.8564453125,323.8564453125,0,0.0,0.0
2002-07-18 00:00:00+09:00,323.8564453125,323.8564453125,323.8564453125,323.8564453125,0,0.0,0.0
2002-07-19 00:00:00+09:00,318.5033264160157,318.5033264160157,318.5033264160157,318.5033264160156,7000,0.0,0.0
2002-07-22 00:00:00+09:00,318.5033264160157,318.5033264160157,318.5033264160157,318.5033264160156,0,0.0,0.0
2002-07-23 00:00:00+09:00,318.5033264160157,318.5033264160157,318.5033264160157,318.5033264160156,0,0.0,0.0
2002-07-24 00:00:00+09:00,318.5033264160157,318.5033264160157,318.5033264160157,318.5033264160156,0,0.0,0.0
2002-07-25 00:00:00+09:00,309.40327737742456,310.473876953125,309.40327737742456,310.473876953125,4000,0.0,0.0
2002-07-26 00:00:00+09:00,310.473876953125,310.473876953125,310.473876953125,310.473876953125,0,0.0,0.0
2002-07-29 00:00:00+09:00,310.473876953125,310.473876953125,310.473876953125,310.473876953125,0,0.0,0.0
2002-07-30 00:00:00+09:00,310.473876953125,310.473876953125,310.473876953125,310.473876953125,0,0.0,0.0
2002-07-31 00:00:00+09:00,310.473876953125,310.473876953125,310.473876953125,310.473876953125,0,0.0,0.0
2002-08-01 00:00:00+09:00,310.473876953125,310.473876953125,310.473876953125,310.473876953125,0,0.0,0.0
2002-08-02 00:00:00+09:00,302.44439697265625,302.44439697265625,302.44439697265625,302.44439697265625,1000,0.0,0.0
2002-08-05 00:00:00+09:00,300.3032136644636,300.3032136644636,299.7679138183594,299.7679138183594,2000,0.0,0.0
2002-08-06 00:00:00+09:00,299.2326139722552,299.7679138183594,299.2326139722552,299.7679138183594,3000,0.0,0.0
2002-08-07 00:00:00+09:00,291.2031555175781,291.2031555175781,291.2031555175781,291.2031555175781,5000,0.0,0.0
2002-08-08 00:00:00+09:00,282.6382751464844,282.6382751464844,282.6382751464844,282.6382751464844,1000,0.0,0.0
2002-08-09 00:00:00+09:00,282.6382751464844,282.6382751464844,282.6382751464844,282.6382751464844,0,0.0,0.0
2002-08-12 00:00:00+09:00,262.2968444824219,262.2968444824219,262.2968444824219,262.2968444824219,1000,0.0,0.0
2002-08-13 00:00:00+09:00,254.26738883266933,254.80268859863284,254.26738883266933,254.8026885986328,18000,0.0,0.0
2002-08-14 00:00:00+09:00,254.80268859863284,254.80268859863284,254.80268859863284,254.8026885986328,2000,0.0,0.0
2002-08-15 00:00:00+09:00,267.64992387117985,267.64992387117985,267.1146240234375,267.1146240234375,8000,0.0,0.0
2002-08-16 00:00:00+09:00,267.1146240234375,267.1146240234375,267.1146240234375,267.1146240234375,0,0.0,0.0
2002-08-19 00:00:00+09:00,267.1146240234375,267.1146240234375,267.1146240234375,267.1146240234375,0,0.0,0.0
2002-08-20 00:00:00+09:00,267.1146240234375,267.1146240234375,267.1146240234375,267.1146240234375,0,0.0,0.0
2002-08-21 00:00:00+09:00,267.1146240234375,267.1146240234375,267.1146240234375,267.1146240234375,0,0.0,0.0
2002-08-22 00:00:00+09:00,267.1146240234375,267.1146240234375,267.1146240234375,267.1146240234375,0,0.0,0.0
2002-08-23 00:00:00+09:00,267.1146240234375,267.1146240234375,267.1146240234375,267.1146240234375,0,0.0,0.0
2002-08-26 00:00:00+09:00,267.1146240234375,267.1146240234375,267.1146240234375,267.1146240234375,0,0.0,0.0
2002-08-27 00:00:00+09:00,267.1146240234375,267.1146240234375,267.1146240234375,267.1146240234375,0,0.0,0.0
2002-08-28 00:00:00+09:00,267.1146240234375,267.1146240234375,267.1146240234375,267.1146240234375,0,0.0,0.0
2002-08-29 00:00:00+09:00,270.3263854980469,270.3263854980469,270.3263854980469,270.3263854980469,1000,0.0,0.0
2002-08-30 00:00:00+09:00,270.3263854980469,270.3263854980469,270.3263854980469,270.3263854980469,0,0.0,0.0
2002-09-02 00:00:00+09:00,273.0028991699219,273.0028991699219,273.0028991699219,273.0028991699219,1000,0.0,0.0
2002-09-03 00:00:00+09:00,273.0028991699219,273.0028991699219,273.0028991699219,273.0028991699219,1000,0.0,0.0
2002-09-04 00:00:00+09:00,273.0028991699219,273.0028991699219,273.0028991699219,273.0028991699219,0,0.0,0.0
2002-09-05 00:00:00+09:00,273.0028991699219,273.0028991699219,273.0028991699219,273.0028991699219,0,0.0,0.0
2002-09-06 00:00:00+09:00,273.0028991699219,273.0028991699219,273.0028991699219,273.0028991699219,0,0.0,0.0
2002-09-09 00:00:00+09:00,273.0028991699219,273.0028991699219,273.0028991699219,273.0028991699219,0,0.0,0.0
2002-09-10 00:00:00+09:00,286.38543701171875,286.38543701171875,286.38543701171875,286.38543701171875,3000,0.0,0.0
2002-09-11 00:00:00+09:00,291.7383728027344,291.7383728027344,291.7383728027344,291.7383728027344,3000,0.0,0.0
2002-09-12 00:00:00+09:00,291.7383728027344,291.7383728027344,291.7383728027344,291.7383728027344,0,0.0,0.0
2002-09-13 00:00:00+09:00,304.0503234863281,304.0503234863281,304.0503234863281,304.0503234863281,2000,0.0,0.0
2002-09-16 00:00:00+09:00,304.0503234863281,304.0503234863281,304.0503234863281,304.0503234863281,0,0.0,0.0
2002-09-17 00:00:00+09:00,304.0503234863281,304.0503234863281,304.0503234863281,304.0503234863281,0,0.0,0.0
2002-09-18 00:00:00+09:00,294.4147644042969,294.4147644042969,294.4147644042969,294.4147644042969,1000,0.0,0.0
2002-09-19 00:00:00+09:00,294.4147644042969,294.4147644042969,294.4147644042969,294.4147644042969,0,0.0,0.0
2002-09-20 00:00:00+09:00,294.4147644042969,294.4147644042969,294.4147644042969,294.4147644042969,0,0.0,0.0
2002-09-23 00:00:00+09:00,294.4147644042969,294.4147644042969,294.4147644042969,294.4147644042969,0,0.0,0.0
2002-09-24 00:00:00+09:00,280.4971618652344,280.4971618652344,280.4971618652344,280.4971618652344,8000,0.0,0.0
2002-09-25 00:00:00+09:00,280.49712158203124,280.49712158203124,269.7087707519531,269.7087707519531,4000,4.0,0.0
2002-09-26 00:00:00+09:00,269.7087707519531,269.7087707519531,269.7087707519531,269.7087707519531,2000,0.0,0.0
2002-09-27 00:00:00+09:00,269.7087707519531,269.7087707519531,269.7087707519531,269.7087707519531,1000,0.0,0.0
2002-09-30 00:00:00+09:00,269.7087707519531,269.7087707519531,269.7087707519531,269.7087707519531,0,0.0,0.0
2002-10-01 00:00:00+09:00,269.7087707519531,269.7087707519531,269.7087707519531,269.7087707519531,0,0.0,0.0
2002-10-02 00:00:00+09:00,269.7087707519531,269.7087707519531,269.7087707519531,269.7087707519531,71000,0.0,0.0
2002-10-03 00:00:00+09:00,269.7087707519531,269.7087707519531,269.7087707519531,269.7087707519531,0,0.0,0.0
2002-10-04 00:00:00+09:00,270.248188293457,270.248188293457,269.7087707519531,269.7087707519531,8000,0.0,0.0
2002-10-07 00:00:00+09:00,275.1029461669922,275.1029461669922,269.7087707519531,269.7087707519531,8000,0.0,0.0
2002-10-08 00:00:00+09:00,269.7087143406723,269.7087143406723,267.0116271972656,267.0116271972656,2000,0.0,0.0
2002-10-09 00:00:00+09:00,267.0116271972656,267.0116271972656,267.0116271972656,267.0116271972656,0,0.0,0.0
2002-10-10 00:00:00+09:00,264.3145751953125,264.3145751953125,264.3145751953125,264.3145751953125,2000,0.0,0.0
2002-10-11 00:00:00+09:00,264.3145751953125,264.3145751953125,264.3145751953125,264.3145751953125,1000,0.0,0.0
2002-10-14 00:00:00+09:00,264.3145751953125,264.3145751953125,264.3145751953125,264.3145751953125,0,0.0,0.0
2002-10-15 00:00:00+09:00,264.3145751953125,264.3145751953125,264.3145751953125,264.3145751953125,3000,0.0,0.0
2002-10-16 00:00:00+09:00,264.3145751953125,264.3145751953125,264.3145751953125,264.3145751953125,10000,0.0,0.0
2002-10-17 00:00:00+09:00,258.9204406738281,258.9204406738281,258.9204406738281,258.9204406738281,1000,0.0,0.0
2002-10-18 00:00:00+09:00,258.9204406738281,258.9204406738281,258.9204406738281,258.9204406738281,20000,0.0,0.0
2002-10-21 00:00:00+09:00,258.9204406738281,258.9204406738281,258.9204406738281,258.9204406738281,0,0.0,0.0
2002-10-22 00:00:00+09:00,258.9204406738281,258.9204406738281,258.9204406738281,258.9204406738281,0,0.0,0.0
2002-10-23 00:00:00+09:00,258.9204406738281,258.9204406738281,258.9204406738281,258.9204406738281,0,0.0,0.0
2002-10-24 00:00:00+09:00,258.9204406738281,258.9204406738281,258.9204406738281,258.9204406738281,0,0.0,0.0
2002-10-25 00:00:00+09:00,271.8663635253906,271.8663635253906,271.8663635253906,271.8663635253906,1000,0.0,0.0
2002-10-28 00:00:00+09:00,271.8663635253906,271.8663635253906,271.8663635253906,271.8663635253906,0,0.0,0.0
2002-10-29 00:00:00+09:00,271.8663635253906,271.8663635253906,271.8663635253906,271.8663635253906,0,0.0,0.0
2002-10-30 00:00:00+09:00,271.8663635253906,271.8663635253906,271.8663635253906,271.8663635253906,0,0.0,0.0
2002-10-31 00:00:00+09:00,271.8663635253906,271.8663635253906,271.8663635253906,271.8663635253906,0,0.0,0.0
2002-11-01 00:00:00+09:00,271.8663635253906,271.8663635253906,271.8663635253906,271.8663635253906,0,0.0,0.0
2002-11-04 00:00:00+09:00,271.8663635253906,271.8663635253906,271.8663635253906,271.8663635253906,0,0.0,0.0
2002-11-05 00:00:00+09:00,271.8663635253906,271.8663635253906,271.8663635253906,271.8663635253906,0,0.0,0.0
2002-11-06 00:00:00+09:00,271.8663635253906,271.8663635253906,271.8663635253906,271.8663635253906,0,0.0,0.0
2002-11-07 00:00:00+09:00,256.22332763671875,256.22332763671875,256.22332763671875,256.22332763671875,7000,0.0,0.0
2002-11-08 00:00:00+09:00,256.22332763671875,256.22332763671875,256.22332763671875,256.22332763671875,0,0.0,0.0
2002-11-11 00:00:00+09:00,256.22332763671875,256.22332763671875,256.22332763671875,256.22332763671875,0,0.0,0.0
2002-11-12 00:00:00+09:00,256.22332763671875,256.22332763671875,256.22332763671875,256.22332763671875,0,0.0,0.0
2002-11-13 00:00:00+09:00,256.22332763671875,256.22332763671875,256.22332763671875,256.22332763671875,0,0.0,0.0
2002-11-14 00:00:00+09:00,217.9246374511719,217.9246374511719,215.7669677734375,215.7669677734375,3000,0.0,0.0
2002-11-15 00:00:00+09:00,226.55531311035156,226.55531311035156,226.55531311035156,226.55531311035156,4000,0.0,0.0
2002-11-18 00:00:00+09:00,226.55531311035156,226.55531311035156,226.55531311035156,226.55531311035156,0,0.0,0.0
2002-11-19 00:00:00+09:00,226.55531311035156,226.55531311035156,226.55531311035156,226.55531311035156,0,0.0,0.0
2002-11-20 00:00:00+09:00,226.55531311035156,226.55531311035156,226.55531311035156,226.55531311035156,0,0.0,0.0
2002-11-21 00:00:00+09:00,226.55531311035156,226.55531311035156,226.55531311035156,226.55531311035156,0,0.0,0.0
2002-11-22 00:00:00+09:00,226.55531311035156,226.55531311035156,226.55531311035156,226.55531311035156,0,0.0,0.0
2002-11-25 00:00:00+09:00,226.55531311035156,226.55531311035156,226.55531311035156,226.55531311035156,1000,0.0,0.0
2002-11-26 00:00:00+09:00,226.55531311035156,226.55531311035156,226.55531311035156,226.55531311035156,0,0.0,0.0
2002-11-27 00:00:00+09:00,226.55531311035156,226.55531311035156,226.55531311035156,226.55531311035156,0,0.0,0.0
2002-11-28 00:00:00+09:00,226.55531311035156,226.55531311035156,226.55531311035156,226.55531311035156,0,0.0,0.0
2002-11-29 00:00:00+09:00,226.55531311035156,226.55531311035156,226.55531311035156,226.55531311035156,0,0.0,0.0
2002-12-02 00:00:00+09:00,226.55531311035156,226.55531311035156,226.55531311035156,226.55531311035156,0,0.0,0.0
2002-12-03 00:00:00+09:00,189.8749542236328,189.8749542236328,189.8749542236328,189.8749542236328,1000,0.0,0.0
2002-12-04 00:00:00+09:00,189.8749542236328,189.8749542236328,189.8749542236328,189.8749542236328,0,0.0,0.0
2002-12-05 00:00:00+09:00,200.6632537841797,200.6632537841797,200.6632537841797,200.6632537841797,1000,0.0,0.0
2002-12-06 00:00:00+09:00,200.6632537841797,200.6632537841797,200.6632537841797,200.6632537841797,0,0.0,0.0
2002-12-09 00:00:00+09:00,210.91225657961954,221.7006072998047,210.91225657961954,221.7006072998047,2000,0.0,0.0
2002-12-10 00:00:00+09:00,232.48890686035156,232.48890686035156,232.48890686035156,232.48890686035156,3000,0.0,0.0
2002-12-11 00:00:00+09:00,232.48890686035156,232.48890686035156,232.48890686035156,232.48890686035156,0,0.0,0.0
2002-12-12 00:00:00+09:00,232.48890686035156,232.48890686035156,232.48890686035156,232.48890686035156,0,0.0,0.0
2002-12-13 00:00:00+09:00,232.48890686035156,232.48890686035156,232.48890686035156,232.48890686035156,0,0.0,0.0
2002-12-16 00:00:00+09:00,232.48890686035156,232.48890686035156,232.48890686035156,232.48890686035156,0,0.0,0.0
2002-12-17 00:00:00+09:00,243.81671142578125,243.81671142578125,243.81671142578125,243.81671142578125,1000,0.0,0.0
2002-12-18 00:00:00+09:00,255.68392944335935,255.68392944335935,255.68392944335935,255.68392944335938,86000,0.0,0.0
2002-12-19 00:00:00+09:00,248.13197326660156,248.13197326660156,248.13197326660156,248.13197326660156,3000,0.0,0.0
2002-12-20 00:00:00+09:00,207.6756591796875,207.6756591796875,207.6756591796875,207.6756591796875,4000,0.0,0.0
2002-12-23 00:00:00+09:00,207.6756591796875,207.6756591796875,207.6756591796875,207.6756591796875,0,0.0,0.0
2002-12-24 00:00:00+09:00,217.92467334602452,217.92467334602452,213.06991577148438,213.06991577148438,8000,0.0,0.0
2002-12-25 00:00:00+09:00,223.8582763671875,223.8582763671875,223.8582763671875,223.8582763671875,16000,0.0,0.0
2002-12-26 00:00:00+09:00,223.8582763671875,223.8582763671875,223.8582763671875,223.8582763671875,0,0.0,0.0
2002-12-27 00:00:00+09:00,234.6466217041016,234.6466217041016,234.6466217041016,234.64662170410156,4000,0.0,0.0
2002-12-30 00:00:00+09:00,234.6466217041016,234.6466217041016,234.6466217041016,234.64662170410156,0,0.0,0.0
2002-12-31 00:00:00+09:00,234.6466217041016,234.6466217041016,234.6466217041016,234.64662170410156,0,0.0,0.0
2003-01-01 00:00:00+09:00,234.6466217041016,234.6466217041016,234.6466217041016,234.64662170410156,0,0.0,0.0
2003-01-02 00:00:00+09:00,234.6466217041016,234.6466217041016,234.6466217041016,234.64662170410156,0,0.0,0.0
2003-01-03 00:00:00+09:00,234.6466217041016,234.6466217041016,234.6466217041016,234.64662170410156,0,0.0,0.0
2003-01-06 00:00:00+09:00,234.6466217041016,234.6466217041016,234.6466217041016,234.64662170410156,0,0.0,0.0
2003-01-07 00:00:00+09:00,245.97439575195312,245.97439575195312,245.97439575195312,245.97439575195312,8000,0.0,0.0
2003-01-08 00:00:00+09:00,245.97439575195312,245.97439575195312,245.97439575195312,245.97439575195312,0,0.0,0.0
2003-01-09 00:00:00+09:00,250.82907104492188,250.82907104492188,250.82907104492188,250.82907104492188,1000,0.0,0.0
2003-01-10 00:00:00+09:00,250.82907104492188,250.82907104492188,250.82907104492188,250.82907104492188,0,0.0,0.0
2003-01-13 00:00:00+09:00,250.82907104492188,250.82907104492188,250.82907104492188,250.82907104492188,0,0.0,0.0
2003-01-14 00:00:00+09:00,250.82907104492188,250.82907104492188,250.82907104492188,250.82907104492188,0,0.0,0.0
2003-01-15 00:00:00+09:00,263.2357482910156,263.2357482910156,263.2357482910156,263.2357482910156,3000,0.0,0.0
2003-01-16 00:00:00+09:00,258.9204406738281,258.9204406738281,258.9204406738281,258.9204406738281,3000,0.0,0.0
2003-01-17 00:00:00+09:00,258.9204406738281,258.9204406738281,258.9204406738281,258.9204406738281,0,0.0,0.0
2003-01-20 00:00:00+09:00,258.9204406738281,258.9204406738281,258.9204406738281,258.9204406738281,0,0.0,0.0
2003-01-21 00:00:00+09:00,258.9204406738281,258.9204406738281,258.9204406738281,258.9204406738281,0,0.0,0.0
2003-01-22 00:00:00+09:00,258.9204406738281,258.9204406738281,258.9204406738281,258.9204406738281,0,0.0,0.0
2003-01-23 00:00:00+09:00,258.9204406738281,258.9204406738281,258.9204406738281,258.9204406738281,0,0.0,0.0
2003-01-24 00:00:00+09:00,258.9204406738281,258.9204406738281,258.9204406738281,258.9204406738281,0,0.0,0.0
2003-01-27 00:00:00+09:00,258.9204406738281,258.9204406738281,258.9204406738281,258.9204406738281,0,0.0,0.0
2003-01-28 00:00:00+09:00,258.9204406738281,258.9204406738281,258.9204406738281,258.9204406738281,0,0.0,0.0
2003-01-29 00:00:00+09:00,258.9204406738281,258.9204406738281,258.9204406738281,258.9204406738281,0,0.0,0.0
2003-01-30 00:00:00+09:00,258.9204406738281,258.9204406738281,258.9204406738281,258.9204406738281,0,0.0,0.0
2003-01-31 00:00:00+09:00,258.9204406738281,258.9204406738281,258.9204406738281,258.9204406738281,0,0.0,0.0
2003-02-03 00:00:00+09:00,258.9204406738281,258.9204406738281,258.9204406738281,258.9204406738281,0,0.0,0.0
2003-02-04 00:00:00+09:00,242.73785400390622,242.73785400390622,242.73785400390622,242.73785400390625,1000,0.0,0.0
2003-02-05 00:00:00+09:00,242.73785400390622,242.73785400390622,242.73785400390622,242.73785400390625,0,0.0,0.0
2003-02-06 00:00:00+09:00,245.43492126464847,245.43492126464847,245.43492126464847,245.43492126464844,1000,0.0,0.0
2003-02-07 00:00:00+09:00,256.22332763671875,256.22332763671875,256.22332763671875,256.22332763671875,7000,0.0,0.0
2003-02-10 00:00:00+09:00,256.22332763671875,256.22332763671875,256.22332763671875,256.22332763671875,0,0.0,0.0
2003-02-11 00:00:00+09:00,256.22332763671875,256.22332763671875,256.22332763671875,256.22332763671875,0,0.0,0.0
2003-02-12 00:00:00+09:00,256.22332763671875,256.22332763671875,256.22332763671875,256.22332763671875,2000,0.0,0.0
2003-02-13 00:00:00+09:00,256.22332763671875,256.22332763671875,256.22332763671875,256.22332763671875,0,0.0,0.0
2003-02-14 00:00:00+09:00,256.22332763671875,256.22332763671875,256.22332763671875,256.22332763671875,2000,0.0,0.0
2003-02-17 00:00:00+09:00,256.22332763671875,256.22332763671875,256.22332763671875,256.22332763671875,0,0.0,0.0
2003-02-18 00:00:00+09:00,256.22332763671875,256.22332763671875,256.22332763671875,256.22332763671875,0,0.0,0.0
2003-02-19 00:00:00+09:00,256.22332763671875,256.22332763671875,256.22332763671875,256.22332763671875,0,0.0,0.0
2003-02-20 00:00:00+09:00,256.22332763671875,256.22332763671875,256.22332763671875,256.22332763671875,0,0.0,0.0
2003-02-21 00:00:00+09:00,256.22332763671875,256.22332763671875,256.22332763671875,256.22332763671875,0,0.0,0.0
2003-02-24 00:00:00+09:00,256.22332763671875,256.22332763671875,256.22332763671875,256.22332763671875,0,0.0,0.0
2003-02-25 00:00:00+09:00,256.22332763671875,256.22332763671875,256.22332763671875,256.22332763671875,1000,0.0,0.0
2003-02-26 00:00:00+09:00,256.22332763671875,256.22332763671875,256.22332763671875,256.22332763671875,0,0.0,0.0
2003-02-27 00:00:00+09:00,256.22332763671875,256.22332763671875,256.22332763671875,256.22332763671875,0,0.0,0.0
2003-02-28 00:00:00+09:00,256.22332763671875,256.22332763671875,256.22332763671875,256.22332763671875,0,0.0,0.0
2003-03-03 00:00:00+09:00,256.22332763671875,256.22332763671875,256.22332763671875,256.22332763671875,0,0.0,0.0
2003-03-04 00:00:00+09:00,256.22332763671875,256.22332763671875,256.22332763671875,256.22332763671875,0,0.0,0.0
2003-03-05 00:00:00+09:00,226.55536403426203,226.55536403426203,223.8582763671875,223.8582763671875,10000,0.0,0.0
2003-03-06 00:00:00+09:00,223.31889343261722,223.31889343261722,222.7794758156302,223.3188934326172,7000,0.0,0.0
2003-03-07 00:00:00+09:00,226.01596069335938,226.01596069335938,226.01596069335938,226.01596069335938,11000,0.0,0.0
2003-03-10 00:00:00+09:00,226.01596069335938,226.01596069335938,226.01596069335938,226.01596069335938,3000,0.0,0.0
2003-03-11 00:00:00+09:00,226.01596069335938,226.01596069335938,226.01596069335938,226.01596069335938,0,0.0,0.0
2003-03-12 00:00:00+09:00,217.92466735839844,217.92466735839844,217.92466735839844,217.92466735839844,1000,0.0,0.0
2003-03-13 00:00:00+09:00,217.92466735839844,217.92466735839844,217.92466735839844,217.92466735839844,0,0.0,0.0
2003-03-14 00:00:00+09:00,228.71298275902157,228.71298275902157,226.55531311035156,226.55531311035156,7000,0.0,0.0
2003-03-17 00:00:00+09:00,226.55531311035156,226.55531311035156,226.55531311035156,226.55531311035156,0,0.0,0.0
2003-03-18 00:00:00+09:00,226.55531311035156,226.55531311035156,226.55531311035156,226.55531311035156,0,0.0,0.0
2003-03-19 00:00:00+09:00,226.55531311035156,226.55531311035156,226.55531311035156,226.55531311035156,0,0.0,0.0
2003-03-20 00:00:00+09:00,226.55531311035156,226.55531311035156,226.55531311035156,226.55531311035156,0,0.0,0.0
2003-03-21 00:00:00+09:00,226.55531311035156,226.55531311035156,226.55531311035156,226.55531311035156,0,0.0,0.0
2003-03-24 00:00:00+09:00,226.55531311035156,226.55531311035156,226.55531311035156,226.55531311035156,0,0.0,0.0
2003-03-25 00:00:00+09:00,230.33120727539062,230.33120727539062,230.33120727539062,230.33120727539062,1000,0.0,0.0
2003-03-26 00:00:00+09:00,232.50936889648438,232.50936889648438,232.50936889648438,232.50936889648438,0,4.0,0.0
2003-03-27 00:00:00+09:00,220.52993774414062,220.52993774414062,220.52993774414062,220.52993774414062,1000,0.0,0.0
2003-03-28 00:00:00+09:00,218.3518981933594,218.3518981933594,218.3518981933594,218.35189819335938,1000,0.0,0.0
2003-03-31 00:00:00+09:00,218.3518981933594,218.3518981933594,218.3518981933594,218.35189819335938,0,0.0,0.0
2003-04-01 00:00:00+09:00,218.3518981933594,218.3518981933594,218.3518981933594,218.35189819335938,0,0.0,0.0
2003-04-02 00:00:00+09:00,218.3518981933594,218.3518981933594,218.3518981933594,218.35189819335938,0,0.0,0.0
2003-04-03 00:00:00+09:00,228.69772338867188,228.69772338867188,228.69772338867188,228.69772338867188,2000,0.0,0.0
2003-04-04 00:00:00+09:00,228.69772338867188,228.69772338867188,228.69772338867188,228.69772338867188,0,0.0,0.0
2003-04-07 00:00:00+09:00,240.13259887695312,240.13259887695312,240.13259887695312,240.13259887695312,4000,0.0,0.0
2003-04-08 00:00:00+09:00,240.13259887695312,240.13259887695312,240.13259887695312,240.13259887695312,0,0.0,0.0
2003-04-09 00:00:00+09:00,240.13259887695312,240.13259887695312,240.13259887695312,240.13259887695312,0,0.0,0.0
2003-04-10 00:00:00+09:00,240.13259887695312,240.13259887695312,240.13259887695312,240.13259887695312,0,0.0,0.0
2003-04-11 00:00:00+09:00,252.1119842529297,252.1119842529297,252.1119842529297,252.1119842529297,1000,0.0,0.0
2003-04-14 00:00:00+09:00,264.63592529296875,264.63592529296875,264.63592529296875,264.63592529296875,2000,0.0,0.0
2003-04-15 00:00:00+09:00,272.2591857910156,272.2591857910156,272.2591857910156,272.2591857910156,1000,0.0,0.0
2003-04-16 00:00:00+09:00,272.2591857910156,272.2591857910156,272.2591857910156,272.2591857910156,0,0.0,0.0
2003-04-17 00:00:00+09:00,272.2591857910156,272.2591857910156,272.2591857910156,272.2591857910156,0,0.0,0.0
2003-04-18 00:00:00+09:00,272.2591857910156,272.2591857910156,272.2591857910156,272.2591857910156,0,0.0,0.0
2003-04-21 00:00:00+09:00,272.2591857910156,272.2591857910156,272.2591857910156,272.2591857910156,0,0.0,0.0
2003-04-22 00:00:00+09:00,272.2591857910156,272.2591857910156,272.2591857910156,272.2591857910156,0,0.0,0.0
2003-04-23 00:00:00+09:00,272.2591857910156,272.2591857910156,272.2591857910156,272.2591857910156,0,0.0,0.0
2003-04-24 00:00:00+09:00,272.2591857910156,272.2591857910156,272.2591857910156,272.2591857910156,0,0.0,0.0
2003-04-25 00:00:00+09:00,272.2591857910156,272.2591857910156,272.2591857910156,272.2591857910156,0,0.0,0.0
2003-04-28 00:00:00+09:00,272.2591857910156,272.2591857910156,272.2591857910156,272.2591857910156,0,0.0,0.0
2003-04-29 00:00:00+09:00,272.2591857910156,272.2591857910156,272.2591857910156,272.2591857910156,0,0.0,0.0
2003-04-30 00:00:00+09:00,272.2591857910156,272.2591857910156,272.2591857910156,272.2591857910156,0,0.0,0.0
2003-05-01 00:00:00+09:00,272.2591857910156,272.2591857910156,272.2591857910156,272.2591857910156,0,0.0,0.0
2003-05-02 00:00:00+09:00,272.2591857910156,272.2591857910156,272.2591857910156,272.2591857910156,0,0.0,0.0
2003-05-05 00:00:00+09:00,272.2591857910156,272.2591857910156,272.2591857910156,272.2591857910156,0,0.0,0.0
2003-05-06 00:00:00+09:00,248.8448944091797,248.8448944091797,248.8448944091797,248.8448944091797,1000,0.0,0.0
2003-05-07 00:00:00+09:00,260.8243170420329,261.36883544921875,260.8243170420329,261.36883544921875,3000,0.0,0.0
2003-05-08 00:00:00+09:00,271.17010498046875,271.17010498046875,271.17010498046875,271.17010498046875,4000,0.0,0.0
2003-05-09 00:00:00+09:00,271.17010498046875,271.17010498046875,271.17010498046875,271.17010498046875,0,0.0,0.0
2003-05-12 00:00:00+09:00,271.17010498046875,271.17010498046875,271.17010498046875,271.17010498046875,0,0.0,0.0
2003-05-13 00:00:00+09:00,255.92364501953125,255.92364501953125,255.92364501953125,255.92364501953125,2000,0.0,0.0
2003-05-14 00:00:00+09:00,255.92364501953125,255.92364501953125,255.92364501953125,255.92364501953125,0,0.0,0.0
2003-05-15 00:00:00+09:00,268.447509765625,268.447509765625,268.447509765625,268.447509765625,2000,0.0,0.0
2003-05-16 00:00:00+09:00,268.447509765625,268.447509765625,268.447509765625,268.447509765625,0,0.0,0.0
2003-05-19 00:00:00+09:00,268.447509765625,268.447509765625,268.447509765625,268.447509765625,0,0.0,0.0
2003-05-20 00:00:00+09:00,268.447509765625,268.447509765625,268.447509765625,268.447509765625,0,0.0,0.0
2003-05-21 00:00:00+09:00,268.447509765625,268.447509765625,268.447509765625,268.447509765625,0,0.0,0.0
2003-05-22 00:00:00+09:00,255.92364501953125,255.92364501953125,255.92364501953125,255.92364501953125,2000,0.0,0.0
2003-05-23 00:00:00+09:00,258.6462707519531,258.6462707519531,258.6462707519531,258.6462707519531,1000,0.0,0.0
2003-05-26 00:00:00+09:00,258.6462707519531,258.6462707519531,258.6462707519531,258.6462707519531,0,0.0,0.0
2003-05-27 00:00:00+09:00,258.6462707519531,258.6462707519531,258.6462707519531,258.6462707519531,0,0.0,0.0
2003-05-28 00:00:00+09:00,258.6462707519531,258.6462707519531,258.6462707519531,258.6462707519531,0,0.0,0.0
2003-05-29 00:00:00+09:00,250.47844780815973,250.47844780815973,245.03326416015625,245.03326416015625,3000,0.0,0.0
2003-05-30 00:00:00+09:00,245.03326416015625,245.03326416015625,245.03326416015625,245.03326416015625,2000,0.0,0.0
2003-06-02 00:00:00+09:00,245.57785695843992,246.12237548828125,245.57785695843992,246.12237548828125,2000,0.0,0.0
2003-06-03 00:00:00+09:00,247.21130371093747,247.21130371093747,247.21130371093747,247.2113037109375,1000,0.0,0.0
2003-06-04 00:00:00+09:00,247.7558135986328,247.7558135986328,247.7558135986328,247.7558135986328,1000,0.0,0.0
2003-06-05 00:00:00+09:00,246.66685485839844,246.66685485839844,246.66685485839844,246.66685485839844,1000,0.0,0.0
2003-06-06 00:00:00+09:00,249.38943481445312,249.38943481445312,249.38943481445312,249.38943481445312,3000,0.0,0.0
2003-06-09 00:00:00+09:00,249.38943481445312,250.47847164770403,249.38943481445312,249.38943481445312,15000,0.0,0.0
2003-06-10 00:00:00+09:00,249.38943481445312,249.38943481445312,249.38943481445312,249.38943481445312,0,0.0,0.0
2003-06-11 00:00:00+09:00,249.38943481445312,249.38943481445312,249.38943481445312,249.38943481445312,0,0.0,0.0
2003-06-12 00:00:00+09:00,249.38943481445312,249.38943481445312,249.38943481445312,249.38943481445312,0,0.0,0.0
2003-06-13 00:00:00+09:00,255.3791351318359,255.3791351318359,255.3791351318359,255.37913513183594,1000,0.0,0.0
2003-06-16 00:00:00+09:00,255.3791351318359,255.3791351318359,255.3791351318359,255.37913513183594,0,0.0,0.0
2003-06-17 00:00:00+09:00,255.3791351318359,255.3791351318359,255.3791351318359,255.37913513183594,0,0.0,0.0
2003-06-18 00:00:00+09:00,245.03326416015625,245.03326416015625,245.03326416015625,245.03326416015625,5000,0.0,0.0
2003-06-19 00:00:00+09:00,234.1429443359375,234.1429443359375,234.1429443359375,234.1429443359375,10000,0.0,0.0
2003-06-20 00:00:00+09:00,225.97515571408155,225.97515571408155,217.8073790015244,223.2525634765625,10000,0.0,0.0
2003-06-23 00:00:00+09:00,223.2525634765625,223.2525634765625,223.2525634765625,223.2525634765625,1000,0.0,0.0
2003-06-24 00:00:00+09:00,223.2525634765625,223.2525634765625,223.2525634765625,223.2525634765625,2000,0.0,0.0
2003-06-25 00:00:00+09:00,228.69772338867188,228.69772338867188,228.69772338867188,228.69772338867188,3000,0.0,0.0
2003-06-26 00:00:00+09:00,228.69772338867188,228.69772338867188,228.69772338867188,228.69772338867188,0,0.0,0.0
2003-06-27 00:00:00+09:00,223.2525634765625,223.2525634765625,223.2525634765625,223.2525634765625,5000,0.0,0.0
2003-06-30 00:00:00+09:00,217.80731201171878,217.80731201171878,206.91694641113284,217.80731201171875,16000,0.0,0.0
2003-07-01 00:00:00+09:00,218.35186428493924,220.52993774414062,217.80734592013889,220.52993774414062,5000,0.0,0.0
2003-07-02 00:00:00+09:00,222.16355034191625,222.70806884765625,222.16355034191625,222.70806884765625,6000,0.0,0.0
2003-07-03 00:00:00+09:00,222.16352658155486,223.2525634765625,222.16352658155486,223.2525634765625,13000,0.0,0.0
2003-07-04 00:00:00+09:00,225.97515869140625,225.97515869140625,225.97515869140625,225.97515869140625,1000,0.0,0.0
2003-07-07 00:00:00+09:00,236.86552466415776,236.86552466415776,223.2525634765625,223.2525634765625,24000,0.0,0.0
2003-07-08 00:00:00+09:00,223.2525634765625,223.2525634765625,223.2525634765625,223.2525634765625,4000,0.0,0.0
2003-07-09 00:00:00+09:00,223.25249481201175,223.25249481201175,217.80731201171878,217.80731201171875,24000,0.0,0.0
2003-07-10 00:00:00+09:00,217.80731201171878,217.80731201171878,217.80731201171878,217.80731201171875,19000,0.0,0.0
2003-07-11 00:00:00+09:00,217.80731201171878,217.80731201171878,217.80731201171878,217.80731201171875,3000,0.0,0.0
2003-07-14 00:00:00+09:00,217.80731201171878,217.80731201171878,217.80731201171878,217.80731201171875,0,0.0,0.0
2003-07-15 00:00:00+09:00,217.80731201171878,217.80731201171878,217.26279373168947,217.80731201171875,4000,0.0,0.0
2003-07-16 00:00:00+09:00,217.80725256189123,217.80725256189123,209.63948059082028,209.6394805908203,3000,0.0,0.0
2003-07-17 00:00:00+09:00,209.63948059082028,209.63948059082028,209.63948059082028,209.6394805908203,0,0.0,0.0
2003-07-18 00:00:00+09:00,212.90664076267328,217.26278686523438,212.90664076267328,217.26278686523438,7000,0.0,0.0
2003-07-21 00:00:00+09:00,217.26278686523438,217.26278686523438,217.26278686523438,217.26278686523438,0,0.0,0.0
2003-07-22 00:00:00+09:00,217.80731201171878,217.80731201171878,217.80731201171878,217.80731201171875,1000,0.0,0.0
2003-07-23 00:00:00+09:00,217.80731201171878,217.80731201171878,217.80731201171878,217.80731201171875,0,0.0,0.0
2003-07-24 00:00:00+09:00,217.80731201171878,217.80731201171878,217.80731201171878,217.80731201171875,0,0.0,0.0
2003-07-25 00:00:00+09:00,217.80731201171878,217.80731201171878,217.80731201171878,217.80731201171875,2000,0.0,0.0
2003-07-28 00:00:00+09:00,217.80731201171878,217.80731201171878,217.80731201171878,217.80731201171875,3000,0.0,0.0
2003-07-29 00:00:00+09:00,206.9170074462891,206.9170074462891,206.9170074462891,206.91700744628906,7000,0.0,0.0
2003-07-30 00:00:00+09:00,206.9170074462891,206.9170074462891,206.9170074462891,206.91700744628906,5000,0.0,0.0
2003-07-31 00:00:00+09:00,206.9170074462891,206.9170074462891,206.9170074462891,206.91700744628906,0,0.0,0.0
2003-08-01 00:00:00+09:00,206.91688993379665,209.63948059082028,206.91688993379665,209.6394805908203,13000,0.0,0.0
2003-08-04 00:00:00+09:00,209.63953781127933,217.80731201171878,209.63953781127933,217.80731201171875,13000,0.0,0.0
2003-08-05 00:00:00+09:00,209.63948059082028,209.63948059082028,209.63948059082028,209.6394805908203,2000,0.0,0.0
2003-08-06 00:00:00+09:00,209.0950812088816,209.0950812088816,206.9170074462891,206.91700744628906,12000,0.0,0.0
2003-08-07 00:00:00+09:00,209.6395996495297,209.6395996495297,206.9170074462891,206.91700744628906,9000,0.0,0.0
2003-08-08 00:00:00+09:00,206.91701985677082,206.91701985677082,204.19442749023438,204.19442749023438,2000,0.0,0.0
2003-08-11 00:00:00+09:00,206.9170074462891,206.9170074462891,206.9170074462891,206.91700744628906,7000,0.0,0.0
2003-08-12 00:00:00+09:00,206.9170074462891,206.9170074462891,206.9170074462891,206.91700744628906,1000,0.0,0.0
2003-08-13 00:00:00+09:00,206.9170074462891,206.9170074462891,206.9170074462891,206.91700744628906,0,0.0,0.0
2003-08-14 00:00:00+09:00,204.19442749023438,204.19442749023438,204.19442749023438,204.19442749023438,16000,0.0,0.0
2003-08-15 00:00:00+09:00,204.19442749023438,204.19442749023438,204.19442749023438,204.19442749023438,0,0.0,0.0
2003-08-18 00:00:00+09:00,201.47177124023438,201.47177124023438,201.47177124023438,201.47177124023438,3000,0.0,0.0
2003-08-19 00:00:00+09:00,202.01630343539824,207.46148681640628,202.01630343539824,207.46148681640625,10000,0.0,0.0
2003-08-20 00:00:00+09:00,206.91699844751602,212.3621826171875,206.91699844751602,212.3621826171875,13000,0.0,0.0
2003-08-21 00:00:00+09:00,212.3621826171875,212.3621826171875,212.3621826171875,212.3621826171875,1000,0.0,0.0
2003-08-22 00:00:00+09:00,212.3621826171875,212.3621826171875,212.3621826171875,212.3621826171875,21000,0.0,0.0
2003-08-25 00:00:00+09:00,212.3621826171875,212.3621826171875,212.3621826171875,212.3621826171875,8000,0.0,0.0
2003-08-26 00:00:00+09:00,213.4512194511218,213.4512194511218,212.3621826171875,212.3621826171875,12000,0.0,0.0
2003-08-27 00:00:00+09:00,215.08477783203125,215.08477783203125,215.08477783203125,215.08477783203125,1000,0.0,0.0
2003-08-28 00:00:00+09:00,215.08477783203125,215.08477783203125,215.08477783203125,215.08477783203125,0,0.0,0.0
2003-08-29 00:00:00+09:00,215.08477783203125,215.08477783203125,215.08477783203125,215.08477783203125,5000,0.0,0.0
2003-09-01 00:00:00+09:00,215.08477783203125,215.08477783203125,215.08477783203125,215.08477783203125,3000,0.0,0.0
2003-09-02 00:00:00+09:00,217.80731201171878,217.80731201171878,217.80731201171878,217.80731201171875,5000,0.0,0.0
2003-09-03 00:00:00+09:00,217.80731201171878,217.80731201171878,217.80731201171878,217.80731201171875,4000,0.0,0.0
2003-09-04 00:00:00+09:00,217.80731201171878,217.80731201171878,217.80731201171878,217.80731201171875,0,0.0,0.0
2003-09-05 00:00:00+09:00,217.80731201171878,217.80731201171878,217.80731201171878,217.80731201171875,0,0.0,0.0
2003-09-08 00:00:00+09:00,228.69772338867188,229.24224177769253,228.69772338867188,228.69772338867188,37000,0.0,0.0
2003-09-09 00:00:00+09:00,228.69768659645155,234.14286961065275,228.69768659645155,233.0538330078125,7000,0.0,0.0
2003-09-10 00:00:00+09:00,228.69772338867188,228.69772338867188,228.69772338867188,228.69772338867188,5000,0.0,0.0
2003-09-11 00:00:00+09:00,228.69772338867188,228.69772338867188,228.69772338867188,228.69772338867188,12000,0.0,0.0
2003-09-12 00:00:00+09:00,240.13259887695312,240.13259887695312,240.13259887695312,240.13259887695312,2000,0.0,0.0
2003-09-15 00:00:00+09:00,240.13259887695312,240.13259887695312,240.13259887695312,240.13259887695312,0,0.0,0.0
2003-09-16 00:00:00+09:00,234.68744204459932,237.4100341796875,234.68744204459932,237.4100341796875,4000,0.0,0.0
2003-09-17 00:00:00+09:00,237.4100341796875,237.4100341796875,237.4100341796875,237.4100341796875,0,0.0,0.0
2003-09-18 00:00:00+09:00,235.23187255859378,236.3209090056243,235.23187255859378,235.23187255859375,12000,0.0,0.0
2003-09-19 00:00:00+09:00,234.1429443359375,234.1429443359375,234.1429443359375,234.1429443359375,11000,0.0,0.0
2003-09-22 00:00:00+09:00,228.69772338867188,228.69772338867188,228.69772338867188,228.69772338867188,3000,0.0,0.0
2003-09-23 00:00:00+09:00,228.69772338867188,228.69772338867188,228.69772338867188,228.69772338867188,0,0.0,0.0
2003-09-24 00:00:00+09:00,229.24224003796328,229.78675842285156,229.24224003796328,229.78675842285156,2000,0.0,0.0
2003-09-25 00:00:00+09:00,230.88624496641185,231.9857032757757,230.88624496641185,231.43597412109375,6000,4.0,0.0
2003-09-26 00:00:00+09:00,231.43597412109378,231.43597412109378,231.43597412109378,231.43597412109375,3000,0.0,0.0
2003-09-29 00:00:00+09:00,231.98565415933098,236.383486465669,231.98565415933098,234.1845703125,8000,0.0,0.0
2003-09-30 00:00:00+09:00,234.73429935079224,234.73429935079224,234.1845703125,234.1845703125,2000,0.0,0.0
2003-10-01 00:00:00+09:00,233.08516158513956,233.08516158513956,231.43597412109378,231.43597412109375,2000,0.0,0.0
2003-10-02 00:00:00+09:00,239.13216094970704,247.37809753417972,239.13216094970704,247.3780975341797,27000,0.0,0.0
2003-10-03 00:00:00+09:00,247.37808295506943,247.37808295506943,246.82835388183594,246.82835388183594,5000,0.0,0.0
2003-10-06 00:00:00+09:00,244.6294283433394,244.6294283433394,241.8807830810547,241.8807830810547,7000,0.0,0.0
2003-10-07 00:00:00+09:00,241.88078982331035,241.88078982331035,236.38349914550784,236.3834991455078,11000,0.0,0.0
2003-10-08 00:00:00+09:00,236.38349914550784,236.38349914550784,236.38349914550784,236.3834991455078,3000,0.0,0.0
2003-10-09 00:00:00+09:00,236.3834680260749,236.93319702148438,236.3834680260749,236.93319702148438,5000,0.0,0.0
2003-10-10 00:00:00+09:00,236.38349914550784,236.38349914550784,236.38349914550784,236.3834991455078,3000,0.0,0.0
2003-10-13 00:00:00+09:00,236.38349914550784,236.38349914550784,236.38349914550784,236.3834991455078,0,0.0,0.0
2003-10-14 00:00:00+09:00,236.3835005002601,236.93322957119094,235.28404235839844,235.28404235839844,8000,0.0,0.0
2003-10-15 00:00:00+09:00,236.383486465669,236.383486465669,234.1845703125,234.1845703125,5000,0.0,0.0
2003-10-16 00:00:00+09:00,236.38349914550784,236.38349914550784,236.38349914550784,236.3834991455078,10000,0.0,0.0
2003-10-17 00:00:00+09:00,236.38349914550784,236.9332282132881,236.38349914550784,236.3834991455078,9000,0.0,0.0
2003-10-20 00:00:00+09:00,252.87533375870717,268.8174743652344,252.87533375870717,268.8174743652344,5000,0.0,0.0
2003-10-21 00:00:00+09:00,266.0688599461344,266.0688599461344,237.4829493734092,242.98023986816406,14000,0.0,0.0
2003-10-22 00:00:00+09:00,245.17913818359375,245.17913818359375,245.17913818359375,245.17913818359375,1000,0.0,0.0
2003-10-23 00:00:00+09:00,253.42510986328122,253.42510986328122,253.42510986328122,253.42510986328125,1000,0.0,0.0
2003-10-24 00:00:00+09:00,258.3726501464844,258.3726501464844,258.3726501464844,258.3726501464844,1000,0.0,0.0
2003-10-27 00:00:00+09:00,258.3726501464844,258.3726501464844,258.3726501464844,258.3726501464844,0,0.0,0.0
2003-10-28 00:00:00+09:00,258.3726501464844,258.3726501464844,258.3726501464844,258.3726501464844,0,0.0,0.0
2003-10-29 00:00:00+09:00,258.3726501464844,258.3726501464844,258.3726501464844,258.3726501464844,0,0.0,0.0
2003-10-30 00:00:00+09:00,261.12135238006334,267.7181023349281,261.12135238006334,261.67108154296875,16000,0.0,0.0
2003-10-31 00:00:00+09:00,261.67103644120067,261.67103644120067,261.1213073730469,261.1213073730469,12000,0.0,0.0
2003-11-03 00:00:00+09:00,261.1213073730469,261.1213073730469,261.1213073730469,261.1213073730469,0,0.0,0.0
2003-11-04 00:00:00+09:00,261.1213073730469,261.1213073730469,261.1213073730469,261.1213073730469,6000,0.0,0.0
2003-11-05 00:00:00+09:00,261.67108154296875,261.67108154296875,261.67108154296875,261.67108154296875,2000,0.0,0.0
2003-11-06 00:00:00+09:00,261.1213073730469,261.1213073730469,261.1213073730469,261.1213073730469,5000,0.0,0.0
2003-11-07 00:00:00+09:00,266.6185383624341,273.7650146484375,266.6185383624341,273.7650146484375,6000,0.0,0.0
2003-11-10 00:00:00+09:00,261.1212953608087,261.1212953608087,258.3726501464844,258.3726501464844,3000,0.0,0.0
2003-11-11 00:00:00+09:00,261.1212547965672,261.1212547965672,252.8753204345703,252.8753204345703,8000,0.0,0.0
2003-11-12 00:00:00+09:00,252.8753204345703,252.8753204345703,252.8753204345703,252.8753204345703,1000,0.0,0.0
2003-11-13 00:00:00+09:00,260.5716857910156,260.5716857910156,260.5716857910156,260.5716857910156,1000,0.0,0.0
2003-11-14 00:00:00+09:00,268.81751432719983,268.81751432719983,261.1213073730469,261.1213073730469,6000,0.0,0.0
2003-11-17 00:00:00+09:00,261.1213073730469,261.1213073730469,260.5715783048931,261.1213073730469,9000,0.0,0.0
2003-11-18 00:00:00+09:00,261.1212953608087,261.1212953608087,258.3726501464844,258.3726501464844,5000,0.0,0.0
2003-11-19 00:00:00+09:00,258.3726501464844,258.3726501464844,258.3726501464844,258.3726501464844,3000,0.0,0.0
2003-11-20 00:00:00+09:00,261.1213073730469,261.1213073730469,261.1213073730469,261.1213073730469,2000,0.0,0.0
2003-11-21 00:00:00+09:00,261.1214150859334,261.1214150859334,258.3727686113446,260.5716857910156,5000,0.0,0.0
2003-11-24 00:00:00+09:00,260.5716857910156,260.5716857910156,260.5716857910156,260.5716857910156,0,0.0,0.0
2003-11-25 00:00:00+09:00,266.61859130859375,266.61859130859375,266.61859130859375,266.61859130859375,1000,0.0,0.0
2003-11-26 00:00:00+09:00,266.61859130859375,266.61859130859375,266.61859130859375,266.61859130859375,0,0.0,0.0
2003-11-27 00:00:00+09:00,266.61859130859375,266.61859130859375,266.61859130859375,266.61859130859375,0,0.0,0.0
2003-11-28 00:00:00+09:00,266.61859130859375,266.61859130859375,266.61859130859375,266.61859130859375,0,0.0,0.0
2003-12-01 00:00:00+09:00,261.1213073730469,262.2207655093544,261.1213073730469,261.1213073730469,6000,0.0,0.0
2003-12-02 00:00:00+09:00,261.67108154296875,263.8699981945903,261.12135238006334,261.67108154296875,6000,0.0,0.0
2003-12-03 00:00:00+09:00,261.67108154296875,261.67108154296875,261.67108154296875,261.67108154296875,0,0.0,0.0
2003-12-04 00:00:00+09:00,261.67108154296875,261.67108154296875,261.67108154296875,261.67108154296875,0,0.0,0.0
2003-12-05 00:00:00+09:00,267.71812357668017,268.2678527832031,267.71812357668017,268.2678527832031,3000,0.0,0.0
2003-12-08 00:00:00+09:00,273.7650146484375,273.7650146484375,273.7650146484375,273.7650146484375,5000,0.0,0.0
2003-12-09 00:00:00+09:00,273.7650146484375,273.7650146484375,273.7650146484375,273.7650146484375,0,0.0,0.0
2003-12-10 00:00:00+09:00,261.67108154296875,261.67108154296875,261.67108154296875,261.67108154296875,1000,0.0,0.0
2003-12-11 00:00:00+09:00,261.67108154296875,261.67108154296875,261.67108154296875,261.67108154296875,0,0.0,0.0
2003-12-12 00:00:00+09:00,261.1213073730469,261.1213073730469,261.1213073730469,261.1213073730469,9000,0.0,0.0
2003-12-15 00:00:00+09:00,273.7650316642993,273.7650316642993,272.1158447265625,272.1158447265625,3000,0.0,0.0
2003-12-16 00:00:00+09:00,272.1158447265625,272.1158447265625,272.1158447265625,272.1158447265625,0,0.0,0.0
2003-12-17 00:00:00+09:00,272.1158447265625,272.1158447265625,272.1158447265625,272.1158447265625,0,0.0,0.0
2003-12-18 00:00:00+09:00,272.1158447265625,272.1158447265625,272.1158447265625,272.1158447265625,0,0.0,0.0
2003-12-19 00:00:00+09:00,272.1158447265625,272.1158447265625,272.1158447265625,272.1158447265625,0,0.0,0.0
2003-12-22 00:00:00+09:00,261.1213073730469,261.1213073730469,261.1213073730469,261.1213073730469,3000,0.0,0.0
2003-12-23 00:00:00+09:00,261.1213073730469,261.1213073730469,261.1213073730469,261.1213073730469,0,0.0,0.0
2003-12-24 00:00:00+09:00,261.1213073730469,261.1213073730469,261.1213073730469,261.1213073730469,0,0.0,0.0
2003-12-25 00:00:00+09:00,273.76507594058387,273.76507594058387,261.1213073730469,261.1213073730469,7000,0.0,0.0
2003-12-26 00:00:00+09:00,261.1213073730469,261.1213073730469,261.1213073730469,261.1213073730469,0,0.0,0.0
2003-12-29 00:00:00+09:00,261.1213073730469,261.1213073730469,261.1213073730469,261.1213073730469,0,0.0,0.0
2003-12-30 00:00:00+09:00,261.1213073730469,261.1213073730469,261.1213073730469,261.1213073730469,0,0.0,0.0
2003-12-31 00:00:00+09:00,261.1213073730469,261.1213073730469,261.1213073730469,261.1213073730469,0,0.0,0.0
2004-01-01 00:00:00+09:00,261.1213073730469,261.1213073730469,261.1213073730469,261.1213073730469,0,0.0,0.0
2004-01-02 00:00:00+09:00,261.1213073730469,261.1213073730469,261.1213073730469,261.1213073730469,0,0.0,0.0
2004-01-05 00:00:00+09:00,261.67108154296875,261.67108154296875,261.67108154296875,261.67108154296875,1000,0.0,0.0
2004-01-06 00:00:00+09:00,269.36737060546875,269.36737060546875,269.36737060546875,269.36737060546875,2000,0.0,0.0
2004-01-07 00:00:00+09:00,282.5607604980469,282.5607604980469,282.5607604980469,282.5607604980469,8000,0.0,0.0
2004-01-08 00:00:00+09:00,274.864501953125,274.864501953125,274.864501953125,274.864501953125,9000,0.0,0.0
2004-01-09 00:00:00+09:00,274.864501953125,274.864501953125,274.864501953125,274.864501953125,0,0.0,0.0
2004-01-12 00:00:00+09:00,274.864501953125,274.864501953125,274.864501953125,274.864501953125,0,0.0,0.0
2004-01-13 00:00:00+09:00,274.864501953125,274.864501953125,274.864501953125,274.864501953125,0,0.0,0.0
2004-01-14 00:00:00+09:00,266.61859130859375,266.61859130859375,266.61859130859375,266.61859130859375,2000,0.0,0.0
2004-01-15 00:00:00+09:00,274.864501953125,274.864501953125,274.864501953125,274.864501953125,2000,0.0,0.0
2004-01-16 00:00:00+09:00,266.6185980545847,266.6185980545847,261.1213073730469,261.1213073730469,22000,0.0,0.0
2004-01-19 00:00:00+09:00,261.1213073730469,261.1213073730469,261.1213073730469,261.1213073730469,0,0.0,0.0
2004-01-20 00:00:00+09:00,261.1213073730469,261.1213073730469,261.1213073730469,261.1213073730469,0,0.0,0.0
2004-01-21 00:00:00+09:00,269.91693115234375,269.91693115234375,269.91693115234375,269.91693115234375,2000,0.0,0.0
2004-01-22 00:00:00+09:00,269.91693115234375,269.91693115234375,269.91693115234375,269.91693115234375,0,0.0,0.0
2004-01-23 00:00:00+09:00,274.3147888183594,274.3147888183594,274.3147888183594,274.3147888183594,1000,0.0,0.0
2004-01-26 00:00:00+09:00,274.864501953125,274.864501953125,274.864501953125,274.864501953125,10000,0.0,0.0
2004-01-27 00:00:00+09:00,274.8645744701423,277.61322021484375,274.8645744701423,277.61322021484375,8000,0.0,0.0
2004-01-28 00:00:00+09:00,274.864501953125,277.61314697265624,274.864501953125,274.864501953125,4000,0.0,0.0
2004-01-29 00:00:00+09:00,277.61322021484375,277.61322021484375,277.61322021484375,277.61322021484375,3000,0.0,0.0
2004-01-30 00:00:00+09:00,277.61323158413757,280.36187744140625,277.61323158413757,280.36187744140625,9000,0.0,0.0
2004-02-02 00:00:00+09:00,282.0110649557675,282.0110649557675,280.36187744140625,280.36187744140625,5000,0.0,0.0
2004-02-03 00:00:00+09:00,283.11041259765625,283.11041259765625,283.11041259765625,283.11041259765625,2000,0.0,0.0
2004-02-04 00:00:00+09:00,283.11052329867493,283.11052329867493,280.36187744140625,280.36187744140625,7000,0.0,0.0
2004-02-05 00:00:00+09:00,280.36187744140625,280.36187744140625,280.36187744140625,280.36187744140625,0,0.0,0.0
2004-02-06 00:00:00+09:00,285.8591613769531,285.8591613769531,285.8591613769531,285.8591613769531,2000,0.0,0.0
2004-02-09 00:00:00+09:00,291.35645294189453,291.35645294189453,285.8591613769531,285.8591613769531,7000,0.0,0.0
2004-02-10 00:00:00+09:00,285.8591613769531,285.8591613769531,285.8591613769531,285.8591613769531,0,0.0,0.0
2004-02-11 00:00:00+09:00,285.8591613769531,285.8591613769531,285.8591613769531,285.8591613769531,0,0.0,0.0
2004-02-12 00:00:00+09:00,291.3564758300781,291.3564758300781,291.3564758300781,291.3564758300781,1000,0.0,0.0
2004-02-13 00:00:00+09:00,302.351059823666,302.351059823666,291.3564758300781,291.3564758300781,5000,0.0,0.0
2004-02-16 00:00:00+09:00,291.3564758300781,291.3564758300781,291.3564758300781,291.3564758300781,0,0.0,0.0
2004-02-17 00:00:00+09:00,291.3564758300781,291.3564758300781,291.3564758300781,291.3564758300781,0,0.0,0.0
2004-02-18 00:00:00+09:00,284.20998164158243,284.20998164158243,280.36187744140625,280.36187744140625,6000,0.0,0.0
2004-02-19 00:00:00+09:00,280.36187744140625,280.36187744140625,280.36187744140625,280.36187744140625,0,0.0,0.0
2004-02-20 00:00:00+09:00,294.1051218284751,294.1051218284751,291.3564758300781,291.3564758300781,3000,0.0,0.0
2004-02-23 00:00:00+09:00,285.8591613769531,285.8591613769531,285.8591613769531,285.8591613769531,1000,0.0,0.0
2004-02-24 00:00:00+09:00,285.8591613769531,285.8591613769531,285.8591613769531,285.8591613769531,2000,0.0,0.0
2004-02-25 00:00:00+09:00,285.85905738015776,285.85905738015776,283.11041259765625,283.11041259765625,4000,0.0,0.0
2004-02-26 00:00:00+09:00,283.11041259765625,283.11041259765625,283.11041259765625,283.11041259765625,2000,0.0,0.0
2004-02-27 00:00:00+09:00,283.6602201461792,283.6602201461792,281.4613037109375,281.4613037109375,5000,0.0,0.0
2004-03-01 00:00:00+09:00,280.36187744140625,280.36187744140625,280.36187744140625,280.36187744140625,3000,0.0,0.0
2004-03-02 00:00:00+09:00,281.4613022859922,282.5607604980469,281.4613022859922,282.5607604980469,3000,0.0,0.0
2004-03-03 00:00:00+09:00,283.1105155944824,285.8591613769531,283.1105155944824,285.8591613769531,6000,0.0,0.0
2004-03-04 00:00:00+09:00,286.4089194696068,286.9586486816406,286.4089194696068,286.9586486816406,3000,0.0,0.0
2004-03-05 00:00:00+09:00,285.8591691559437,285.8591691559437,280.36187744140625,280.36187744140625,26000,0.0,0.0
2004-03-08 00:00:00+09:00,280.3618659595452,280.3618659595452,277.06349106590346,277.61322021484375,13000,0.0,0.0
2004-03-09 00:00:00+09:00,278.1629478559927,278.7126770019531,278.1629478559927,278.7126770019531,2000,0.0,0.0
2004-03-10 00:00:00+09:00,278.7126770019531,278.7126770019531,278.7126770019531,278.7126770019531,2000,0.0,0.0
2004-03-11 00:00:00+09:00,278.7127042374521,291.3564758300781,277.6132458380933,291.3564758300781,100000,0.0,0.0
2004-03-12 00:00:00+09:00,291.3564758300781,291.3564758300781,291.3564758300781,291.3564758300781,5000,0.0,0.0
2004-03-15 00:00:00+09:00,305.6494140625,305.6494140625,305.6494140625,305.6494140625,2000,0.0,0.0
2004-03-16 00:00:00+09:00,296.8536376953125,296.8536376953125,296.8536376953125,296.8536376953125,1000,0.0,0.0
2004-03-17 00:00:00+09:00,296.8536376953125,296.8536376953125,296.8536376953125,296.8536376953125,1000,0.0,0.0
2004-03-18 00:00:00+09:00,296.8536376953125,296.8536376953125,296.8536376953125,296.8536376953125,0,0.0,0.0
2004-03-19 00:00:00+09:00,296.8536376953125,296.8536376953125,296.8536376953125,296.8536376953125,0,0.0,0.0
2004-03-22 00:00:00+09:00,291.3564758300781,291.3564758300781,291.3564758300781,291.3564758300781,5000,0.0,0.0
2004-03-23 00:00:00+09:00,294.10499290183736,296.8536376953125,292.45580602575234,296.8536376953125,3000,0.0,0.0
2004-03-24 00:00:00+09:00,296.8536376953125,296.8536376953125,296.8536376953125,296.8536376953125,2000,0.0,0.0
2004-03-25 00:00:00+09:00,296.8536197767345,299.6022644042969,296.8536197767345,299.6022644042969,2000,0.0,0.0
2004-03-26 00:00:00+09:00,302.93743896484375,302.93743896484375,302.93743896484375,302.93743896484375,0,6.0,0.0
2004-03-29 00:00:00+09:00,300.1581726074219,300.1581726074219,300.1581726074219,300.1581726074219,1000,0.0,0.0
2004-03-30 00:00:00+09:00,305.7167301109121,308.4959731119204,302.9374871099038,307.94012451171875,4000,0.0,0.0
2004-03-31 00:00:00+09:00,310.7192687988281,310.7192687988281,310.7192687988281,310.7192687988281,1000,0.0,0.0
2004-04-01 00:00:00+09:00,316.83361662536106,330.7298278808594,316.83361662536106,330.7298278808594,4000,0.0,0.0
2004-04-02 00:00:00+09:00,330.7298278808594,330.7298278808594,330.7298278808594,330.7298278808594,0,0.0,0.0
2004-04-05 00:00:00+09:00,344.07019559038366,344.07019559038366,341.84680175781256,341.8468017578125,3000,0.0,0.0
2004-04-06 00:00:00+09:00,341.84680175781256,341.84680175781256,341.84680175781256,341.8468017578125,1000,0.0,0.0
2004-04-07 00:00:00+09:00,347.4051667508439,347.4051667508439,339.623291015625,339.623291015625,5000,0.0,0.0
2004-04-08 00:00:00+09:00,339.62336547851567,339.62336547851567,319.6128234863281,319.6128234863281,6000,0.0,0.0
2004-04-09 00:00:00+09:00,327.9505615234375,327.9505615234375,327.9505615234375,327.9505615234375,1000,0.0,0.0
2004-04-12 00:00:00+09:00,319.6128736223493,319.6128736223493,311.275146484375,311.275146484375,5000,0.0,0.0
2004-04-13 00:00:00+09:00,322.3922119140625,322.3922119140625,322.3922119140625,322.3922119140625,1000,0.0,0.0
2004-04-14 00:00:00+09:00,322.3922119140625,322.3922119140625,322.3922119140625,322.3922119140625,0,0.0,0.0
2004-04-15 00:00:00+09:00,336.2883605957031,336.2883605957031,336.2883605957031,336.2883605957031,1000,0.0,0.0
2004-04-16 00:00:00+09:00,325.1714283112557,344.6261291503907,325.1714283112557,344.6261291503906,3000,0.0,0.0
2004-04-19 00:00:00+09:00,344.6261291503907,344.6261291503907,344.6261291503907,344.6261291503906,0,0.0,0.0
2004-04-20 00:00:00+09:00,344.6261291503907,344.6261291503907,344.6261291503907,344.6261291503906,0,0.0,0.0
2004-04-21 00:00:00+09:00,344.6261291503907,344.6261291503907,344.6261291503907,344.6261291503906,0,0.0,0.0
2004-04-22 00:00:00+09:00,352.9638671875,352.9638671875,352.9638671875,352.9638671875,5000,0.0,0.0
2004-04-23 00:00:00+09:00,352.9638671875,352.9638671875,352.9638671875,352.9638671875,5000,0.0,0.0
2004-04-26 00:00:00+09:00,352.9638671875,352.9638671875,352.9638671875,352.9638671875,1000,0.0,0.0
2004-04-27 00:00:00+09:00,352.9638671875,352.9638671875,352.9638671875,352.9638671875,1000,0.0,0.0
2004-04-28 00:00:00+09:00,352.9638162466196,366.8600294846755,352.9638162466196,361.3015441894531,8000,0.0,0.0
2004-04-29 00:00:00+09:00,361.3015441894532,361.3015441894532,361.3015441894532,361.3015441894531,0,0.0,0.0
2004-04-30 00:00:00+09:00,361.8573989204739,383.53549194335943,361.8573989204739,383.5354919433594,5000,0.0,0.0
2004-05-03 00:00:00+09:00,383.53549194335943,383.53549194335943,383.53549194335943,383.5354919433594,0,0.0,0.0
2004-05-04 00:00:00+09:00,383.53549194335943,383.53549194335943,383.53549194335943,383.5354919433594,0,0.0,0.0
2004-05-05 00:00:00+09:00,383.53549194335943,383.53549194335943,383.53549194335943,383.5354919433594,0,0.0,0.0
2004-05-06 00:00:00+09:00,389.0939540079195,405.7694091796875,389.0939540079195,405.7694091796875,22000,0.0,0.0
2004-05-07 00:00:00+09:00,394.096614185278,394.65246272432637,383.53549194335943,383.5354919433594,25000,0.0,0.0
2004-05-10 00:00:00+09:00,366.8599853515625,366.8599853515625,366.8599853515625,366.8599853515625,4000,0.0,0.0
2004-05-11 00:00:00+09:00,369.6392545700073,369.6392545700073,355.7430419921875,355.7430419921875,5000,0.0,0.0
2004-05-12 00:00:00+09:00,355.7430419921875,355.7430419921875,355.7430419921875,355.7430419921875,0,0.0,0.0
2004-05-13 00:00:00+09:00,361.3015441894532,361.3015441894532,361.3015441894532,361.3015441894531,1000,0.0,0.0
2004-05-14 00:00:00+09:00,377.97698974609375,377.97698974609375,377.97698974609375,377.97698974609375,2000,0.0,0.0
2004-05-17 00:00:00+09:00,366.8599853515625,366.8599853515625,361.30150072502363,366.8599853515625,10000,0.0,0.0
2004-05-18 00:00:00+09:00,366.8599853515625,366.8599853515625,366.8599853515625,366.8599853515625,0,0.0,0.0
2004-05-19 00:00:00+09:00,377.97698974609375,377.97698974609375,377.97698974609375,377.97698974609375,10000,0.0,0.0
2004-05-20 00:00:00+09:00,377.97698974609375,377.97698974609375,377.97698974609375,377.97698974609375,0,0.0,0.0
2004-05-21 00:00:00+09:00,377.97698974609375,377.97698974609375,377.97698974609375,377.97698974609375,1000,0.0,0.0
2004-05-24 00:00:00+09:00,377.97698974609375,377.97698974609375,377.97698974609375,377.97698974609375,0,0.0,0.0
2004-05-25 00:00:00+09:00,377.97698974609375,377.97698974609375,377.97698974609375,377.97698974609375,0,0.0,0.0
2004-05-26 00:00:00+09:00,377.97698974609375,377.97698974609375,377.97698974609375,377.97698974609375,0,0.0,0.0
2004-05-27 00:00:00+09:00,377.97698974609375,377.97698974609375,377.97698974609375,377.97698974609375,0,0.0,0.0
2004-05-28 00:00:00+09:00,377.97698974609375,377.97698974609375,377.97698974609375,377.97698974609375,1000,0.0,0.0
2004-05-31 00:00:00+09:00,377.97698974609375,377.97698974609375,377.97698974609375,377.97698974609375,0,0.0,0.0
2004-06-01 00:00:00+09:00,377.97698974609375,377.97698974609375,377.97698974609375,377.97698974609375,0,0.0,0.0
2004-06-02 00:00:00+09:00,377.97698974609375,377.97698974609375,377.97698974609375,377.97698974609375,0,0.0,0.0
2004-06-03 00:00:00+09:00,377.97698974609375,377.97698974609375,377.97698974609375,377.97698974609375,0,0.0,0.0
2004-06-04 00:00:00+09:00,345.181884765625,345.181884765625,345.181884765625,345.181884765625,1000,0.0,0.0
2004-06-07 00:00:00+09:00,361.3015441894532,361.3015441894532,361.3015441894532,361.3015441894531,4000,0.0,0.0
2004-06-08 00:00:00+09:00,361.3015441894532,361.3015441894532,361.3015441894532,361.3015441894531,0,0.0,0.0
2004-06-09 00:00:00+09:00,355.7430419921875,355.7430419921875,355.7430419921875,355.7430419921875,7000,0.0,0.0
2004-06-10 00:00:00+09:00,355.7430419921875,355.7430419921875,355.7430419921875,355.7430419921875,13000,0.0,0.0
2004-06-11 00:00:00+09:00,355.7430419921875,355.7430419921875,355.7430419921875,355.7430419921875,2000,0.0,0.0
2004-06-14 00:00:00+09:00,355.7430419921875,355.7430419921875,355.7430419921875,355.7430419921875,0,0.0,0.0
2004-06-15 00:00:00+09:00,361.3015441894532,361.3015441894532,361.3015441894532,361.3015441894531,1000,0.0,0.0
2004-06-16 00:00:00+09:00,355.7430419921875,355.7430419921875,355.7430419921875,355.7430419921875,3000,0.0,0.0
2004-06-17 00:00:00+09:00,345.181884765625,345.181884765625,345.181884765625,345.181884765625,1000,0.0,0.0
2004-06-18 00:00:00+09:00,345.181884765625,345.181884765625,345.181884765625,345.181884765625,0,0.0,0.0
2004-06-21 00:00:00+09:00,345.181884765625,345.181884765625,345.181884765625,345.181884765625,0,0.0,0.0
2004-06-22 00:00:00+09:00,345.181884765625,345.181884765625,345.181884765625,345.181884765625,0,0.0,0.0
2004-06-23 00:00:00+09:00,345.181884765625,345.181884765625,345.181884765625,345.181884765625,0,0.0,0.0
2004-06-24 00:00:00+09:00,361.3015441894532,361.3015441894532,361.3015441894532,361.3015441894531,5000,0.0,0.0
2004-06-25 00:00:00+09:00,361.3015441894532,361.3015441894532,361.3015441894532,361.3015441894531,3000,0.0,0.0
2004-06-28 00:00:00+09:00,361.3015441894532,361.3015441894532,361.3015441894532,361.3015441894531,0,0.0,0.0
2004-06-29 00:00:00+09:00,372.4185180664063,372.4185180664063,372.4185180664063,372.41851806640625,2000,0.0,0.0
2004-06-30 00:00:00+09:00,372.4185180664063,372.4185180664063,372.4185180664063,372.41851806640625,0,0.0,0.0
2004-07-01 00:00:00+09:00,372.4185180664063,372.4185180664063,372.4185180664063,372.41851806640625,0,0.0,0.0
2004-07-02 00:00:00+09:00,361.3015441894532,361.3015441894532,361.3015441894532,361.3015441894531,2000,0.0,0.0
2004-07-05 00:00:00+09:00,361.3015441894532,361.3015441894532,361.3015441894532,361.3015441894531,0,0.0,0.0
2004-07-06 00:00:00+09:00,372.4184415405644,372.4184415405644,365.7482604980468,365.7482604980469,3000,0.0,0.0
2004-07-07 00:00:00+09:00,382.4238586425781,382.4238586425781,382.4238586425781,382.4238586425781,8000,0.0,0.0
2004-07-08 00:00:00+09:00,382.4238586425781,382.4238586425781,382.4238586425781,382.4238586425781,0,0.0,0.0
2004-07-09 00:00:00+09:00,377.9769684336692,377.9769684336692,374.0860290527344,374.0860290527344,2000,0.0,0.0
2004-07-12 00:00:00+09:00,369.6392822265625,369.6392822265625,369.6392822265625,369.6392822265625,1000,0.0,0.0
2004-07-13 00:00:00+09:00,375.19787597656244,375.19787597656244,375.19787597656244,375.1978759765625,1000,0.0,0.0
2004-07-14 00:00:00+09:00,375.19787597656244,375.19787597656244,375.19787597656244,375.1978759765625,0,0.0,0.0
2004-07-15 00:00:00+09:00,391.8731994628906,391.8731994628906,391.8731994628906,391.8731994628906,2000,0.0,0.0
2004-07-16 00:00:00+09:00,391.8731994628906,391.8731994628906,391.8731994628906,391.8731994628906,0,0.0,0.0
2004-07-19 00:00:00+09:00,391.8731994628906,391.8731994628906,391.8731994628906,391.8731994628906,0,0.0,0.0
2004-07-20 00:00:00+09:00,391.8731994628906,391.8731994628906,391.8731994628906,391.8731994628906,0,0.0,0.0
2004-07-21 00:00:00+09:00,372.4185180664063,372.4185180664063,372.4185180664063,372.41851806640625,2000,0.0,0.0
2004-07-22 00:00:00+09:00,374.08603036971317,374.08603036971317,373.5301818847656,373.5301818847656,2000,0.0,0.0
2004-07-23 00:00:00+09:00,384.647216796875,384.647216796875,384.647216796875,384.647216796875,1000,0.0,0.0
2004-07-26 00:00:00+09:00,384.647216796875,384.647216796875,384.647216796875,384.647216796875,0,0.0,0.0
2004-07-27 00:00:00+09:00,384.647216796875,384.647216796875,384.647216796875,384.647216796875,0,0.0,0.0
2004-07-28 00:00:00+09:00,384.647216796875,384.647216796875,384.647216796875,384.647216796875,0,0.0,0.0
2004-07-29 00:00:00+09:00,384.647216796875,384.647216796875,384.647216796875,384.647216796875,0,0.0,0.0
2004-07-30 00:00:00+09:00,384.647216796875,384.647216796875,384.647216796875,384.647216796875,0,0.0,0.0
2004-08-02 00:00:00+09:00,383.53549194335943,383.53549194335943,383.53549194335943,383.5354919433594,1000,0.0,0.0
2004-08-03 00:00:00+09:00,383.53549194335943,383.53549194335943,383.53549194335943,383.5354919433594,1000,0.0,0.0
2004-08-04 00:00:00+09:00,377.9769684336692,377.9769684336692,374.0860290527344,374.0860290527344,5000,0.0,0.0
2004-08-05 00:00:00+09:00,374.0860290527344,374.0860290527344,374.0860290527344,374.0860290527344,0,0.0,0.0
2004-08-06 00:00:00+09:00,375.19787597656244,375.19787597656244,375.19787597656244,375.1978759765625,1000,0.0,0.0
2004-08-09 00:00:00+09:00,385.75885009765625,385.75885009765625,385.75885009765625,385.75885009765625,4000,0.0,0.0
2004-08-10 00:00:00+09:00,385.75885009765625,385.75885009765625,385.75885009765625,385.75885009765625,0,0.0,0.0
2004-08-11 00:00:00+09:00,380.7563069964664,380.7563069964664,372.97442626953125,372.97442626953125,3000,0.0,0.0
2004-08-12 00:00:00+09:00,372.97442626953125,372.97442626953125,372.97442626953125,372.97442626953125,0,0.0,0.0
2004-08-13 00:00:00+09:00,385.75885009765625,385.75885009765625,385.75885009765625,385.75885009765625,3000,0.0,0.0
2004-08-16 00:00:00+09:00,377.97698974609375,377.97698974609375,377.97698974609375,377.97698974609375,1000,0.0,0.0
2004-08-17 00:00:00+09:00,377.97698974609375,377.97698974609375,377.97698974609375,377.97698974609375,0,0.0,0.0
2004-08-18 00:00:00+09:00,377.97698974609375,377.97698974609375,377.97698974609375,377.97698974609375,0,0.0,0.0
2004-08-19 00:00:00+09:00,377.97698974609375,377.97698974609375,377.97698974609375,377.97698974609375,6000,0.0,0.0
2004-08-20 00:00:00+09:00,377.97698974609375,377.97698974609375,377.97698974609375,377.97698974609375,6000,0.0,0.0
2004-08-23 00:00:00+09:00,377.97698974609375,377.97698974609375,377.97698974609375,377.97698974609375,0,0.0,0.0
2004-08-24 00:00:00+09:00,377.97698974609375,378.5328382604263,377.97698974609375,377.97698974609375,11000,0.0,0.0
2004-08-25 00:00:00+09:00,383.53549194335943,383.53549194335943,383.53549194335943,383.5354919433594,2000,0.0,0.0
2004-08-26 00:00:00+09:00,383.53549194335943,383.53549194335943,383.53549194335943,383.5354919433594,1000,0.0,0.0
2004-08-27 00:00:00+09:00,383.53549194335943,383.53549194335943,383.53549194335943,383.5354919433594,0,0.0,0.0
2004-08-30 00:00:00+09:00,383.53549194335943,383.53549194335943,383.53549194335943,383.5354919433594,0,0.0,0.0
2004-08-31 00:00:00+09:00,377.97698974609375,377.97698974609375,377.97698974609375,377.97698974609375,6000,0.0,0.0
2004-09-01 00:00:00+09:00,377.9770161082769,379.6445617675782,377.9770161082769,379.6445617675781,5000,0.0,0.0
2004-09-02 00:00:00+09:00,379.6445617675782,379.6445617675782,379.6445617675782,379.6445617675781,0,0.0,0.0
2004-09-03 00:00:00+09:00,378.5328315679174,380.7562255859375,378.5328315679174,380.7562255859375,8000,0.0,0.0
2004-09-06 00:00:00+09:00,380.7562492481177,383.53549194335943,380.7562492481177,383.5354919433594,4000,0.0,0.0
2004-09-07 00:00:00+09:00,387.982177734375,387.982177734375,387.982177734375,387.982177734375,3000,0.0,0.0
2004-09-08 00:00:00+09:00,383.53549194335943,383.53549194335943,383.53549194335943,383.5354919433594,5000,0.0,0.0
2004-09-09 00:00:00+09:00,383.53549194335943,383.53549194335943,383.53549194335943,383.5354919433594,0,0.0,0.0
2004-09-10 00:00:00+09:00,377.97693394252235,389.0939025878906,377.97693394252235,389.0939025878906,18000,0.0,0.0
2004-09-13 00:00:00+09:00,389.09389012296435,394.6523742675781,389.09389012296435,394.6523742675781,7000,0.0,0.0
2004-09-14 00:00:00+09:00,394.65238691057476,394.65238691057476,389.0939025878906,389.0939025878906,7000,0.0,0.0
2004-09-15 00:00:00+09:00,389.09389012296435,394.6523742675781,389.09389012296435,394.6523742675781,11000,0.0,0.0
2004-09-16 00:00:00+09:00,394.6523742675781,400.2108584121919,394.6523742675781,394.6523742675781,10000,0.0,0.0
2004-09-17 00:00:00+09:00,394.6525124443902,400.21099853515625,394.6525124443902,400.21099853515625,7000,0.0,0.0
2004-09-20 00:00:00+09:00,400.21099853515625,400.21099853515625,400.21099853515625,400.21099853515625,0,0.0,0.0
2004-09-21 00:00:00+09:00,390.2055969238281,390.2055969238281,390.2055969238281,390.2055969238281,1000,0.0,0.0
2004-09-22 00:00:00+09:00,390.2055969238281,390.2055969238281,390.2055969238281,390.2055969238281,0,0.0,0.0
2004-09-23 00:00:00+09:00,390.2055969238281,390.2055969238281,390.2055969238281,390.2055969238281,0,0.0,0.0
2004-09-24 00:00:00+09:00,395.2082875709011,405.7694091796875,395.2082875709011,405.7694091796875,5000,0.0,0.0
2004-09-27 00:00:00+09:00,411.3740539550781,411.3740539550781,411.3740539550781,411.3740539550781,1000,6.0,0.0
2004-09-28 00:00:00+09:00,411.3740539550781,411.3740539550781,411.3740539550781,411.3740539550781,0,0.0,0.0
2004-09-29 00:00:00+09:00,413.05536535162673,425.94583129882807,413.05536535162673,425.9458312988281,3000,0.0,0.0
2004-09-30 00:00:00+09:00,425.9456533456777,431.55020141601557,425.9456533456777,431.5502014160156,9000,0.0,0.0
2004-10-01 00:00:00+09:00,431.55020141601557,431.55020141601557,431.55020141601557,431.5502014160156,1000,0.0,0.0
2004-10-04 00:00:00+09:00,431.55020141601557,431.55020141601557,431.55020141601557,431.5502014160156,0,0.0,0.0
2004-10-05 00:00:00+09:00,431.55020141601557,431.55020141601557,431.55020141601557,431.5502014160156,3000,0.0,0.0
2004-10-06 00:00:00+09:00,431.55020141601557,431.55020141601557,431.55020141601557,431.5502014160156,2000,0.0,0.0
2004-10-07 00:00:00+09:00,442.75954386393227,448.3640950520833,420.34133911132807,420.3413391113281,9000,0.0,0.0
2004-10-08 00:00:00+09:00,420.34133911132807,420.34133911132807,420.34133911132807,420.3413391113281,0,0.0,0.0
2004-10-11 00:00:00+09:00,420.34133911132807,420.34133911132807,420.34133911132807,420.3413391113281,0,0.0,0.0
2004-10-12 00:00:00+09:00,395.68133440290177,395.68133440290177,392.318603515625,392.318603515625,3000,0.0,0.0
2004-10-13 00:00:00+09:00,392.318603515625,392.318603515625,392.318603515625,392.318603515625,0,0.0,0.0
2004-10-14 00:00:00+09:00,395.1207930246989,403.5276184082031,395.1207930246989,403.5276184082031,2000,0.0,0.0
2004-10-15 00:00:00+09:00,420.3412808870014,425.94583129882807,420.3412808870014,425.9458312988281,6000,0.0,0.0
2004-10-18 00:00:00+09:00,425.94583129882807,425.94583129882807,425.94583129882807,425.9458312988281,0,0.0,0.0
2004-10-19 00:00:00+09:00,425.94583129882807,425.94583129882807,425.94583129882807,425.9458312988281,0,0.0,0.0
2004-10-20 00:00:00+09:00,425.94583129882807,425.94583129882807,425.94583129882807,425.9458312988281,0,0.0,0.0
2004-10-21 00:00:00+09:00,404.0880397791266,404.0880397791266,398.48348999023443,398.4834899902344,4000,0.0,0.0
2004-10-22 00:00:00+09:00,398.48348999023443,398.48348999023443,398.48348999023443,398.4834899902344,0,0.0,0.0
2004-10-25 00:00:00+09:00,398.48348999023443,398.48348999023443,398.48348999023443,398.4834899902344,0,0.0,0.0
2004-10-26 00:00:00+09:00,398.48348999023443,398.48348999023443,398.48348999023443,398.4834899902344,0,0.0,0.0
2004-10-27 00:00:00+09:00,396.2416687011718,396.2416687011718,396.2416687011718,396.2416687011719,1000,0.0,0.0
2004-10-28 00:00:00+09:00,396.2416687011718,396.2416687011718,396.2416687011718,396.2416687011719,0,0.0,0.0
2004-10-29 00:00:00+09:00,410.2530901457134,425.94583129882807,410.2530901457134,425.9458312988281,5000,0.0,0.0
2004-11-01 00:00:00+09:00,432.1106562230494,432.1106562230494,431.55020141601557,431.5502014160156,2000,0.0,0.0
2004-11-02 00:00:00+09:00,414.7367248535156,414.7367248535156,414.7367248535156,414.7367248535156,1000,0.0,0.0
2004-11-03 00:00:00+09:00,414.7367248535156,414.7367248535156,414.7367248535156,414.7367248535156,0,0.0,0.0
2004-11-04 00:00:00+09:00,414.7367248535156,414.7367248535156,414.7367248535156,414.7367248535156,0,0.0,0.0
2004-11-05 00:00:00+09:00,431.55020141601557,431.55020141601557,431.55020141601557,431.5502014160156,1000,0.0,0.0
2004-11-08 00:00:00+09:00,452.8474731445313,452.8474731445313,452.8474731445313,452.84747314453125,4000,0.0,0.0
2004-11-09 00:00:00+09:00,442.7593688964844,442.7593688964844,442.7593688964844,442.7593688964844,1000,0.0,0.0
2004-11-10 00:00:00+09:00,437.1548767089844,437.1548767089844,437.1548767089844,437.1548767089844,3000,0.0,0.0
2004-11-11 00:00:00+09:00,442.7594264103816,442.7594264103816,437.1548767089844,437.1548767089844,3000,0.0,0.0
2004-11-12 00:00:00+09:00,445.56158793537395,449.48477172851557,442.7593137974156,449.4847717285156,5000,0.0,0.0
2004-11-15 00:00:00+09:00,471.90298367454886,471.90298367454886,465.1775254749116,470.7820739746094,5000,0.0,0.0
2004-11-16 00:00:00+09:00,470.7820739746093,470.7820739746093,470.7820739746093,470.7820739746094,1000,0.0,0.0
2004-11-17 00:00:00+09:00,470.7820739746093,470.7820739746093,470.7820739746093,470.7820739746094,1000,0.0,0.0
2004-11-18 00:00:00+09:00,448.36407470703125,448.36407470703125,448.36407470703125,448.36407470703125,3000,0.0,0.0
2004-11-19 00:00:00+09:00,448.36407470703125,448.36407470703125,448.36407470703125,448.36407470703125,0,0.0,0.0
2004-11-22 00:00:00+09:00,448.36407470703125,448.36407470703125,448.36407470703125,448.36407470703125,0,0.0,0.0
2004-11-23 00:00:00+09:00,448.36407470703125,448.36407470703125,448.36407470703125,448.36407470703125,0,0.0,0.0
2004-11-24 00:00:00+09:00,462.375244140625,462.375244140625,462.375244140625,462.375244140625,2000,0.0,0.0
2004-11-25 00:00:00+09:00,462.375244140625,462.375244140625,462.375244140625,462.375244140625,0,0.0,0.0
2004-11-26 00:00:00+09:00,462.375244140625,462.375244140625,462.375244140625,462.375244140625,0,0.0,0.0
2004-11-29 00:00:00+09:00,476.38677978515625,476.38677978515625,476.38677978515625,476.38677978515625,3000,0.0,0.0
2004-11-30 00:00:00+09:00,476.38677978515625,476.38677978515625,476.38677978515625,476.38677978515625,0,0.0,0.0
2004-12-01 00:00:00+09:00,487.595947265625,487.595947265625,487.595947265625,487.595947265625,2000,0.0,0.0
2004-12-02 00:00:00+09:00,481.9914245605469,481.9914245605469,481.9914245605469,481.9914245605469,2000,0.0,0.0
2004-12-03 00:00:00+09:00,481.9914245605469,481.9914245605469,481.9914245605469,481.9914245605469,0,0.0,0.0
2004-12-06 00:00:00+09:00,476.38677978515625,476.38677978515625,476.38677978515625,476.38677978515625,2000,0.0,0.0
2004-12-07 00:00:00+09:00,476.38677978515625,476.38677978515625,476.38677978515625,476.38677978515625,2000,0.0,0.0
2004-12-08 00:00:00+09:00,476.38677978515625,476.38677978515625,476.38677978515625,476.38677978515625,1000,0.0,0.0
2004-12-09 00:00:00+09:00,476.38677978515625,476.38677978515625,476.38677978515625,476.38677978515625,2000,0.0,0.0
2004-12-10 00:00:00+09:00,476.38677978515625,476.38677978515625,476.38677978515625,476.38677978515625,0,0.0,0.0
2004-12-13 00:00:00+09:00,476.38677978515625,476.38677978515625,476.38677978515625,476.38677978515625,0,0.0,0.0
2004-12-14 00:00:00+09:00,484.7936067636947,484.7936067636947,479.1890563964844,479.1890563964844,6000,0.0,0.0
2004-12-15 00:00:00+09:00,481.9914245605469,481.9914245605469,481.9914245605469,481.9914245605469,4000,0.0,0.0
2004-12-16 00:00:00+09:00,481.9914245605469,481.9914245605469,481.9914245605469,481.9914245605469,1000,0.0,0.0
2004-12-17 00:00:00+09:00,476.38677978515625,476.38677978515625,476.38677978515625,476.38677978515625,6000,0.0,0.0
2004-12-20 00:00:00+09:00,476.38677978515625,476.38677978515625,476.38677978515625,476.38677978515625,1000,0.0,0.0
2004-12-21 00:00:00+09:00,476.38677978515625,476.38677978515625,476.38677978515625,476.38677978515625,0,0.0,0.0
2004-12-22 00:00:00+09:00,476.38677978515625,476.38677978515625,476.38677978515625,476.38677978515625,2000,0.0,0.0
2004-12-23 00:00:00+09:00,476.38677978515625,476.38677978515625,476.38677978515625,476.38677978515625,0,0.0,0.0
2004-12-24 00:00:00+09:00,484.7936053107766,484.7936053107766,476.38677978515625,476.38677978515625,3000,0.0,0.0
2004-12-27 00:00:00+09:00,476.38677978515625,476.38677978515625,476.38677978515625,476.38677978515625,0,0.0,0.0
2004-12-28 00:00:00+09:00,476.38677978515625,476.38677978515625,476.38677978515625,476.38677978515625,0,0.0,0.0
2004-12-29 00:00:00+09:00,476.38677978515625,476.38677978515625,476.38677978515625,476.38677978515625,1000,0.0,0.0
2004-12-30 00:00:00+09:00,476.38677978515625,476.38677978515625,476.38677978515625,476.38677978515625,0,0.0,0.0
2004-12-31 00:00:00+09:00,476.38677978515625,476.38677978515625,476.38677978515625,476.38677978515625,0,0.0,0.0
2005-01-03 00:00:00+09:00,476.38677978515625,476.38677978515625,476.38677978515625,476.38677978515625,0,0.0,0.0
2005-01-04 00:00:00+09:00,476.38677978515625,476.38677978515625,476.38677978515625,476.38677978515625,0,0.0,0.0
2005-01-05 00:00:00+09:00,476.38677978515625,476.38677978515625,476.38677978515625,476.38677978515625,1000,0.0,0.0
2005-01-06 00:00:00+09:00,476.38677978515625,476.38677978515625,476.38677978515625,476.38677978515625,1000,0.0,0.0
2005-01-07 00:00:00+09:00,484.79361240931917,490.3981628417969,484.79361240931917,490.3981628417969,8000,0.0,0.0
2005-01-10 00:00:00+09:00,490.3981628417969,490.3981628417969,490.3981628417969,490.3981628417969,0,0.0,0.0
2005-01-11 00:00:00+09:00,476.38677978515625,476.38677978515625,476.38677978515625,476.38677978515625,2000,0.0,0.0
2005-01-12 00:00:00+09:00,476.38677978515625,476.38677978515625,476.38677978515625,476.38677978515625,0,0.0,0.0
2005-01-13 00:00:00+09:00,476.38677978515625,476.38677978515625,476.38677978515625,476.38677978515625,0,0.0,0.0
2005-01-14 00:00:00+09:00,484.7935791015625,484.7935791015625,484.7935791015625,484.7935791015625,3000,0.0,0.0
2005-01-17 00:00:00+09:00,484.7935791015625,484.7935791015625,484.7935791015625,484.7935791015625,0,0.0,0.0
2005-01-18 00:00:00+09:00,484.7935791015625,484.7935791015625,484.7935791015625,484.7935791015625,0,0.0,0.0
2005-01-19 00:00:00+09:00,484.7935791015625,484.7935791015625,484.7935791015625,484.7935791015625,0,0.0,0.0
2005-01-20 00:00:00+09:00,484.7935791015625,484.7935791015625,484.7935791015625,484.7935791015625,0,0.0,0.0
2005-01-21 00:00:00+09:00,467.97991943359375,467.97991943359375,467.97991943359375,467.97991943359375,2000,0.0,0.0
2005-01-24 00:00:00+09:00,467.97991943359375,467.97991943359375,467.97991943359375,467.97991943359375,0,0.0,0.0
2005-01-25 00:00:00+09:00,473.58447265625006,473.58447265625006,473.58447265625006,473.58447265625,1000,0.0,0.0
2005-01-26 00:00:00+09:00,473.58447265625006,473.58447265625006,473.58447265625006,473.58447265625,0,0.0,0.0
2005-01-27 00:00:00+09:00,473.58447265625006,473.58447265625006,473.58447265625006,473.58447265625,0,0.0,0.0
2005-01-28 00:00:00+09:00,473.58447265625006,473.58447265625006,473.58447265625006,473.58447265625,0,0.0,0.0
2005-01-31 00:00:00+09:00,473.58447265625006,473.58447265625006,473.58447265625006,473.58447265625,0,0.0,0.0
2005-02-01 00:00:00+09:00,484.7935791015625,484.7935791015625,484.7935791015625,484.7935791015625,2000,0.0,0.0
2005-02-02 00:00:00+09:00,484.7935791015625,484.7935791015625,484.7935791015625,484.7935791015625,0,0.0,0.0
2005-02-03 00:00:00+09:00,466.29864501953125,466.29864501953125,466.29864501953125,466.29864501953125,1000,0.0,0.0
2005-02-04 00:00:00+09:00,466.29864501953125,466.29864501953125,466.29864501953125,466.29864501953125,0,0.0,0.0
2005-02-07 00:00:00+09:00,484.793437795928,484.793437795928,462.375244140625,462.375244140625,6000,0.0,0.0
2005-02-08 00:00:00+09:00,452.2870788574219,452.2870788574219,452.2870788574219,452.2870788574219,1000,0.0,0.0
2005-02-09 00:00:00+09:00,452.2870788574219,452.2870788574219,452.2870788574219,452.2870788574219,0,0.0,0.0
2005-02-10 00:00:00+09:00,452.2870788574219,452.2870788574219,452.2870788574219,452.2870788574219,1000,0.0,0.0
2005-02-11 00:00:00+09:00,452.2870788574219,452.2870788574219,452.2870788574219,452.2870788574219,0,0.0,0.0
2005-02-14 00:00:00+09:00,464.05677580915176,490.3981628417969,464.05677580915176,490.3981628417969,22000,0.0,0.0
2005-02-15 00:00:00+09:00,484.7935897827149,510.0140655517579,484.7935897827149,504.4095153808594,21000,0.0,0.0
2005-02-16 00:00:00+09:00,504.4095275222614,504.4095275222614,469.1008605957031,469.1008605957031,14000,0.0,0.0
2005-02-17 00:00:00+09:00,469.1008605957031,469.1008605957031,469.1008605957031,469.1008605957031,0,0.0,0.0
2005-02-18 00:00:00+09:00,469.1008605957031,469.1008605957031,469.1008605957031,469.1008605957031,0,0.0,0.0
2005-02-21 00:00:00+09:00,469.1008605957031,469.1008605957031,469.1008605957031,469.1008605957031,0,0.0,0.0
2005-02-22 00:00:00+09:00,475.8262023925781,475.8262023925781,475.8262023925781,475.8262023925781,1000,0.0,0.0
2005-02-23 00:00:00+09:00,475.8262023925781,475.8262023925781,475.8262023925781,475.8262023925781,0,0.0,0.0
2005-02-24 00:00:00+09:00,462.375244140625,462.375244140625,451.16614731297346,462.375244140625,8000,0.0,0.0
2005-02-25 00:00:00+09:00,462.375244140625,462.375244140625,462.375244140625,462.375244140625,2000,0.0,0.0
2005-02-28 00:00:00+09:00,462.375244140625,462.375244140625,462.375244140625,462.375244140625,0,0.0,0.0
2005-03-01 00:00:00+09:00,462.375244140625,462.375244140625,462.375244140625,462.375244140625,2000,0.0,0.0
2005-03-02 00:00:00+09:00,462.375244140625,462.375244140625,462.375244140625,462.375244140625,1000,0.0,0.0
2005-03-03 00:00:00+09:00,462.37525122506275,475.8261676243373,462.37525122506275,470.7820739746094,4000,0.0,0.0
2005-03-04 00:00:00+09:00,470.7820739746093,470.7820739746093,470.7820739746093,470.7820739746094,0,0.0,0.0
2005-03-07 00:00:00+09:00,481.9914245605469,481.9914245605469,481.9914245605469,481.9914245605469,3000,0.0,0.0
2005-03-08 00:00:00+09:00,481.9914245605469,481.9914245605469,481.9914245605469,481.9914245605469,0,0.0,0.0
2005-03-09 00:00:00+09:00,465.1776414922017,465.1776414922017,462.3753665434535,462.9358215332031,22000,0.0,0.0
2005-03-10 00:00:00+09:00,462.9358215332031,462.9358215332031,462.9358215332031,462.9358215332031,0,0.0,0.0
2005-03-11 00:00:00+09:00,462.3753695002573,467.97991943359375,462.3753695002573,467.97991943359375,2000,0.0,0.0
2005-03-14 00:00:00+09:00,472.4635314941406,472.4635314941406,472.4635314941406,472.4635314941406,1000,0.0,0.0
2005-03-15 00:00:00+09:00,528.509033203125,528.509033203125,528.509033203125,528.509033203125,14000,0.0,0.0
2005-03-16 00:00:00+09:00,584.5546875,584.5546875,584.5546875,584.5546875,3000,0.0,0.0
2005-03-17 00:00:00+09:00,618.1819808797055,672.5461260703959,616.5006155645295,629.9515380859375,122000,0.0,0.0
2005-03-18 00:00:00+09:00,573.905993852459,574.4664489245805,547.004150390625,547.004150390625,46000,0.0,0.0
2005-03-21 00:00:00+09:00,547.004150390625,547.004150390625,547.004150390625,547.004150390625,0,0.0,0.0
2005-03-22 00:00:00+09:00,554.850271582996,571.1034613566393,510.57434082031244,510.5743408203125,23000,0.0,0.0
2005-03-23 00:00:00+09:00,503.8489605990323,503.8489605990323,483.1121290727095,493.2003173828125,21000,0.0,0.0
2005-03-24 00:00:00+09:00,498.24453926086426,503.8490897587368,498.24453926086426,502.167724609375,6000,0.0,0.0
2005-03-25 00:00:00+09:00,506.0908907477231,524.0254516601562,506.0908907477231,524.0254516601562,19000,0.0,0.0
2005-03-28 00:00:00+09:00,520.662841796875,520.662841796875,520.662841796875,520.662841796875,1000,0.0,0.0
2005-03-29 00:00:00+09:00,504.9699703979493,504.9699703979493,504.40951538085943,504.4095153808594,4000,0.0,0.0
2005-03-30 00:00:00+09:00,504.4094505738677,504.4094505738677,498.8049011230469,498.8049011230469,4000,0.0,0.0
2005-03-31 00:00:00+09:00,476.3868051551911,476.3868051551911,465.1777038574219,465.1777038574219,2000,0.0,0.0
2005-04-01 00:00:00+09:00,465.7381466616491,465.7381466616491,439.9572143554688,439.95721435546875,11000,0.0,0.0
2005-04-04 00:00:00+09:00,462.375244140625,462.375244140625,452.2870569957386,462.375244140625,7000,0.0,0.0
2005-04-05 00:00:00+09:00,470.7821381766841,479.1889620726963,465.7380438390768,475.2657775878906,6000,0.0,0.0
2005-04-06 00:00:00+09:00,474.7053431186839,475.26579806923723,460.13351440429693,460.1335144042969,8000,0.0,0.0
2005-04-07 00:00:00+09:00,460.133544586926,460.133544586926,459.5730895996094,459.5730895996094,8000,0.0,0.0
2005-04-08 00:00:00+09:00,453.9685668945313,453.9685668945313,453.9685668945313,453.96856689453125,2000,0.0,0.0
2005-04-11 00:00:00+09:00,464.61730957031244,464.61730957031244,464.61730957031244,464.6173095703125,1000,0.0,0.0
2005-04-12 00:00:00+09:00,454.52896489876343,460.13351440429693,454.52896489876343,460.1335144042969,4000,0.0,0.0
2005-04-13 00:00:00+09:00,460.69391611165173,470.2216491699219,460.69391611165173,470.2216491699219,6000,0.0,0.0
2005-04-14 00:00:00+09:00,462.375244140625,462.375244140625,462.375244140625,462.375244140625,1000,0.0,0.0
2005-04-15 00:00:00+09:00,462.3753342065103,462.3753342065103,460.13351440429693,460.1335144042969,6000,0.0,0.0
2005-04-18 00:00:00+09:00,453.96864624023436,453.96864624023436,414.7367879231771,420.3413391113281,9000,0.0,0.0
2005-04-19 00:00:00+09:00,431.55020141601557,431.55020141601557,431.55020141601557,431.5502014160156,1000,0.0,0.0
2005-04-20 00:00:00+09:00,442.7593688964844,442.7593688964844,442.7593688964844,442.7593688964844,1000,0.0,0.0
2005-04-21 00:00:00+09:00,434.9130568284255,442.7594264103816,434.9130568284255,437.1548767089844,3000,0.0,0.0
2005-04-22 00:00:00+09:00,453.4081705474854,453.4081705474854,437.1549728393555,448.36407470703125,4000,0.0,0.0
2005-04-25 00:00:00+09:00,448.36407470703125,448.36407470703125,448.36407470703125,448.36407470703125,0,0.0,0.0
2005-04-26 00:00:00+09:00,453.96862564086916,453.96862564086916,448.36407470703125,448.36407470703125,3000,0.0,0.0
2005-04-27 00:00:00+09:00,448.92443847656256,448.92443847656256,448.92443847656256,448.9244384765625,1000,0.0,0.0
2005-04-28 00:00:00+09:00,448.92443847656256,448.92443847656256,448.92443847656256,448.9244384765625,0,0.0,0.0
2005-04-29 00:00:00+09:00,448.92443847656256,448.92443847656256,448.92443847656256,448.9244384765625,0,0.0,0.0
2005-05-02 00:00:00+09:00,448.92443847656256,448.92443847656256,448.92443847656256,448.9244384765625,0,0.0,0.0
2005-05-03 00:00:00+09:00,448.92443847656256,448.92443847656256,448.92443847656256,448.9244384765625,0,0.0,0.0
2005-05-04 00:00:00+09:00,448.92443847656256,448.92443847656256,448.92443847656256,448.9244384765625,0,0.0,0.0
2005-05-05 00:00:00+09:00,448.92443847656256,448.92443847656256,448.92443847656256,448.9244384765625,0,0.0,0.0
2005-05-06 00:00:00+09:00,448.92443847656256,448.92443847656256,448.92443847656256,448.9244384765625,1000,0.0,0.0
2005-05-09 00:00:00+09:00,464.6171003121159,470.2216491699219,464.6171003121159,470.2216491699219,4000,0.0,0.0
2005-05-10 00:00:00+09:00,470.2216491699219,470.2216491699219,470.2216491699219,470.2216491699219,0,0.0,0.0
2005-05-11 00:00:00+09:00,470.22173940692835,470.22173940692835,467.97991943359375,467.97991943359375,3000,0.0,0.0
2005-05-12 00:00:00+09:00,466.8590094469265,467.97991943359375,466.8590094469265,467.97991943359375,2000,0.0,0.0
2005-05-13 00:00:00+09:00,467.97991943359375,467.97991943359375,467.97991943359375,467.97991943359375,2000,0.0,0.0
2005-05-16 00:00:00+09:00,460.6938682803489,460.6938682803489,449.48477172851557,449.4847717285156,2000,0.0,0.0
2005-05-17 00:00:00+09:00,449.48477172851557,449.48477172851557,449.48477172851557,449.4847717285156,0,0.0,0.0
2005-05-18 00:00:00+09:00,449.48477172851557,449.48477172851557,449.48477172851557,449.4847717285156,0,0.0,0.0
2005-05-19 00:00:00+09:00,449.48477172851557,449.48477172851557,449.48477172851557,449.4847717285156,1000,0.0,0.0
2005-05-20 00:00:00+09:00,448.92443847656256,448.92443847656256,448.92443847656256,448.9244384765625,2000,0.0,0.0
2005-05-23 00:00:00+09:00,448.92443847656256,448.92443847656256,448.92443847656256,448.9244384765625,0,0.0,0.0
2005-05-24 00:00:00+09:00,448.92443847656256,448.92443847656256,448.92443847656256,448.9244384765625,0,0.0,0.0
2005-05-25 00:00:00+09:00,459.5730895996094,459.5730895996094,459.5730895996094,459.5730895996094,1000,0.0,0.0
2005-05-26 00:00:00+09:00,459.5730895996094,459.5730895996094,459.5730895996094,459.5730895996094,3000,0.0,0.0
2005-05-27 00:00:00+09:00,448.36407470703125,448.36407470703125,448.36407470703125,448.36407470703125,1000,0.0,0.0
2005-05-30 00:00:00+09:00,448.36407470703125,448.36407470703125,448.36407470703125,448.36407470703125,0,0.0,0.0
2005-05-31 00:00:00+09:00,448.36407470703125,448.36407470703125,448.36407470703125,448.36407470703125,0,0.0,0.0
2005-06-01 00:00:00+09:00,448.36407470703125,448.36407470703125,448.36407470703125,448.36407470703125,0,0.0,0.0
2005-06-02 00:00:00+09:00,448.36407470703125,448.36407470703125,448.36407470703125,448.36407470703125,9000,0.0,0.0
2005-06-03 00:00:00+09:00,449.4849848937988,449.4849848937988,448.36407470703125,448.36407470703125,4000,0.0,0.0
2005-06-06 00:00:00+09:00,448.36407470703125,448.36407470703125,448.36407470703125,448.36407470703125,0,0.0,0.0
2005-06-07 00:00:00+09:00,461.25445523227216,461.25445523227216,460.6940002441406,460.6940002441406,5000,0.0,0.0
2005-06-08 00:00:00+09:00,460.6940002441406,460.6940002441406,460.6940002441406,460.6940002441406,0,0.0,0.0
2005-06-09 00:00:00+09:00,461.2546081542968,461.2546081542968,461.2546081542968,461.2546081542969,2000,0.0,0.0
2005-06-10 00:00:00+09:00,461.2546081542968,461.2546081542968,461.2546081542968,461.2546081542969,0,0.0,0.0
2005-06-13 00:00:00+09:00,465.1777038574219,465.1777038574219,465.1777038574219,465.1777038574219,10000,0.0,0.0
2005-06-14 00:00:00+09:00,465.1777038574219,465.1777038574219,465.1777038574219,465.1777038574219,0,0.0,0.0
2005-06-15 00:00:00+09:00,473.58447265625006,473.58447265625006,473.58447265625006,473.58447265625,3000,0.0,0.0
2005-06-16 00:00:00+09:00,476.38677978515625,476.38677978515625,476.38677978515625,476.38677978515625,3000,0.0,0.0
2005-06-17 00:00:00+09:00,476.38677978515625,476.38677978515625,476.38677978515625,476.38677978515625,0,0.0,0.0
2005-06-20 00:00:00+09:00,476.38677978515625,476.38677978515625,476.38677978515625,476.38677978515625,0,0.0,0.0
2005-06-21 00:00:00+09:00,476.38677978515625,476.38677978515625,476.38677978515625,476.38677978515625,0,0.0,0.0
2005-06-22 00:00:00+09:00,476.38677978515625,476.38677978515625,476.38677978515625,476.38677978515625,0,0.0,0.0
2005-06-23 00:00:00+09:00,476.38677978515625,476.38677978515625,476.38677978515625,476.38677978515625,0,0.0,0.0
2005-06-24 00:00:00+09:00,476.38677978515625,476.38677978515625,476.38677978515625,476.38677978515625,0,0.0,0.0
2005-06-27 00:00:00+09:00,476.38677978515625,476.38677978515625,476.38677978515625,476.38677978515625,0,0.0,0.0
2005-06-28 00:00:00+09:00,476.38677978515625,476.38677978515625,476.38677978515625,476.38677978515625,0,0.0,0.0
2005-06-29 00:00:00+09:00,470.7822175202547,470.7822175202547,453.9685668945313,453.96856689453125,2000,0.0,0.0
2005-06-30 00:00:00+09:00,475.82625541267817,510.0140075683594,475.82625541267817,510.0140075683594,15000,0.0,0.0
2005-07-01 00:00:00+09:00,560.4551295230264,566.0596808182567,511.69553325452307,532.432373046875,37000,0.0,0.0
2005-07-04 00:00:00+09:00,543.6413695080446,571.6641205136139,543.6413695080446,566.0595703125,27000,0.0,0.0
2005-07-05 00:00:00+09:00,560.45501400726,560.45501400726,554.8504638671875,554.8504638671875,14000,0.0,0.0
2005-07-06 00:00:00+09:00,549.2458784054488,549.2458784054488,543.6413286258013,546.443603515625,7000,0.0,0.0
2005-07-07 00:00:00+09:00,554.8504246528902,554.8504246528902,538.0367754209844,540.8390502929688,9000,0.0,0.0
2005-07-08 00:00:00+09:00,540.8390502929688,540.8390502929688,540.8390502929688,540.8390502929688,0,0.0,0.0
2005-07-11 00:00:00+09:00,549.2459137271148,554.8504638671875,549.2459137271148,554.8504638671875,4000,0.0,0.0
2005-07-12 00:00:00+09:00,554.8504638671875,554.8504638671875,554.8504638671875,554.8504638671875,0,0.0,0.0
2005-07-13 00:00:00+09:00,549.2457885742188,554.850337437221,549.2457885742188,549.2457885742188,7000,0.0,0.0
2005-07-14 00:00:00+09:00,554.8504638671875,554.8504638671875,554.8504638671875,554.8504638671875,2000,0.0,0.0
2005-07-15 00:00:00+09:00,554.2900088531802,554.8504638671875,554.2900088531802,554.8504638671875,8000,0.0,0.0
2005-07-18 00:00:00+09:00,554.8504638671875,554.8504638671875,554.8504638671875,554.8504638671875,0,0.0,0.0
2005-07-19 00:00:00+09:00,554.8504543304443,554.8504543304443,538.0368041992188,538.0368041992188,12000,0.0,0.0
2005-07-20 00:00:00+09:00,554.8504281850962,554.8504281850962,546.443603515625,546.443603515625,2000,0.0,0.0
2005-07-21 00:00:00+09:00,554.8504638671875,554.8504638671875,554.8504638671875,554.8504638671875,10000,0.0,0.0
2005-07-22 00:00:00+09:00,554.8504638671875,554.8504638671875,554.8504638671875,554.8504638671875,0,0.0,0.0
2005-07-25 00:00:00+09:00,554.8503719133121,554.8503719133121,538.0367242795753,554.2899169921875,4000,0.0,0.0
2005-07-26 00:00:00+09:00,554.2899169921875,554.2899169921875,554.2899169921875,554.2899169921875,0,0.0,0.0
2005-07-27 00:00:00+09:00,532.432373046875,532.432373046875,532.432373046875,532.432373046875,2000,0.0,0.0
2005-07-28 00:00:00+09:00,548.6854466670702,548.6854466670702,533.5531616210938,533.5531616210938,3000,0.0,0.0
2005-07-29 00:00:00+09:00,532.432373046875,532.992828176398,532.432373046875,532.432373046875,3000,0.0,0.0
2005-08-01 00:00:00+09:00,515.6185286742631,515.6185286742631,513.376708984375,513.376708984375,3000,0.0,0.0
2005-08-02 00:00:00+09:00,510.57434082031244,510.57434082031244,510.57434082031244,510.5743408203125,1000,0.0,0.0
2005-08-03 00:00:00+09:00,510.0140075683594,510.0140075683594,510.0140075683594,510.0140075683594,2000,0.0,0.0
2005-08-04 00:00:00+09:00,510.0140075683594,510.0140075683594,510.0140075683594,510.0140075683594,1000,0.0,0.0
2005-08-05 00:00:00+09:00,505.5304257205536,505.5304257205536,504.969970703125,504.969970703125,2000,0.0,0.0
2005-08-08 00:00:00+09:00,504.40951538085943,504.40951538085943,504.40951538085943,504.4095153808594,7000,0.0,0.0
2005-08-09 00:00:00+09:00,501.6072082519531,501.6072082519531,501.6072082519531,501.6072082519531,2000,0.0,0.0
2005-08-10 00:00:00+09:00,501.6072402954102,504.40951538085943,501.6072402954102,504.4095153808594,3000,0.0,0.0
2005-08-11 00:00:00+09:00,504.40951538085943,504.40951538085943,504.40951538085943,504.4095153808594,0,0.0,0.0
2005-08-12 00:00:00+09:00,504.40951538085943,504.40951538085943,504.40951538085943,504.4095153808594,2000,0.0,0.0
2005-08-15 00:00:00+09:00,517.8603515625,517.8603515625,517.8603515625,517.8603515625,3000,0.0,0.0
2005-08-16 00:00:00+09:00,517.8603515625,517.8603515625,517.8603515625,517.8603515625,1000,0.0,0.0
2005-08-17 00:00:00+09:00,517.8603515625,517.8603515625,517.8603515625,517.8603515625,0,0.0,0.0
2005-08-18 00:00:00+09:00,517.8603515625,517.8603515625,517.8603515625,517.8603515625,0,0.0,0.0
2005-08-19 00:00:00+09:00,517.8603515625,517.8603515625,517.8603515625,517.8603515625,0,0.0,0.0
2005-08-22 00:00:00+09:00,516.1790777435798,517.2999877929688,516.1790777435798,517.2999877929688,5000,0.0,0.0
2005-08-23 00:00:00+09:00,506.0908203125,506.0908203125,506.0908203125,506.0908203125,1000,0.0,0.0
2005-08-24 00:00:00+09:00,515.6185302734375,515.6185302734375,515.6185302734375,515.6185302734375,1000,0.0,0.0
2005-08-25 00:00:00+09:00,504.969970703125,504.969970703125,504.969970703125,504.969970703125,1000,0.0,0.0
2005-08-26 00:00:00+09:00,504.969970703125,504.969970703125,504.969970703125,504.969970703125,0,0.0,0.0
2005-08-29 00:00:00+09:00,504.40951538085943,504.40951538085943,504.40951538085943,504.4095153808594,3000,0.0,0.0
2005-08-30 00:00:00+09:00,504.40951538085943,504.40951538085943,504.40951538085943,504.4095153808594,6000,0.0,0.0
2005-08-31 00:00:00+09:00,504.40951538085943,504.40951538085943,504.40951538085943,504.4095153808594,1000,0.0,0.0
2005-09-01 00:00:00+09:00,504.40951538085943,504.40951538085943,504.40951538085943,504.4095153808594,0,0.0,0.0
2005-09-02 00:00:00+09:00,510.0140075683594,510.0140075683594,510.0140075683594,510.0140075683594,4000,0.0,0.0
2005-09-05 00:00:00+09:00,510.0140075683594,510.0140075683594,510.0140075683594,510.0140075683594,1000,0.0,0.0
2005-09-06 00:00:00+09:00,510.0140075683594,510.0140075683594,510.0140075683594,510.0140075683594,0,0.0,0.0
2005-09-07 00:00:00+09:00,513.9371337890625,515.6184984579471,513.9371337890625,513.9371337890625,11000,0.0,0.0
2005-09-08 00:00:00+09:00,513.9371337890625,513.9371337890625,513.9371337890625,513.9371337890625,0,0.0,0.0
2005-09-09 00:00:00+09:00,513.9371337890625,513.9371337890625,513.9371337890625,513.9371337890625,0,0.0,0.0
2005-09-12 00:00:00+09:00,510.0140075683594,510.0140075683594,510.0140075683594,510.0140075683594,2000,0.0,0.0
2005-09-13 00:00:00+09:00,510.0140661675226,510.0140661675226,505.53042602539057,505.5304260253906,8000,0.0,0.0
2005-09-14 00:00:00+09:00,510.0140075683594,510.0140075683594,510.0140075683594,510.0140075683594,2000,0.0,0.0
2005-09-15 00:00:00+09:00,515.618654968918,521.2232055664062,515.618654968918,521.2232055664062,6000,0.0,0.0
2005-09-16 00:00:00+09:00,521.7837255859375,532.432373046875,521.2232704564145,532.432373046875,11000,0.0,0.0
2005-09-19 00:00:00+09:00,532.432373046875,532.432373046875,532.432373046875,532.432373046875,0,0.0,0.0
2005-09-20 00:00:00+09:00,532.4321974921472,543.6412963867188,532.4321974921472,543.6412963867188,10000,0.0,0.0
2005-09-21 00:00:00+09:00,538.036746939433,543.6412963867188,538.036746939433,543.6412963867188,12000,0.0,0.0
2005-09-22 00:00:00+09:00,543.6412963867188,543.6412963867188,543.6412963867188,543.6412963867188,1000,0.0,0.0
2005-09-23 00:00:00+09:00,543.6412963867188,543.6412963867188,543.6412963867188,543.6412963867188,0,0.0,0.0
2005-09-26 00:00:00+09:00,532.432373046875,532.432373046875,532.432373046875,532.432373046875,1000,0.0,0.0
2005-09-27 00:00:00+09:00,532.432373046875,532.432373046875,532.432373046875,532.432373046875,0,0.0,0.0
2005-09-28 00:00:00+09:00,532.432373046875,532.432373046875,532.432373046875,532.432373046875,0,0.0,0.0
2005-09-29 00:00:00+09:00,532.432373046875,532.432373046875,532.432373046875,532.432373046875,2000,0.0,0.0
2005-09-30 00:00:00+09:00,543.6412963867188,543.6412963867188,543.6412963867188,543.6412963867188,3000,0.0,0.0
2005-10-03 00:00:00+09:00,543.6412963867188,543.6412963867188,543.6412963867188,543.6412963867188,0,0.0,0.0
2005-10-04 00:00:00+09:00,543.6412963867188,543.6412963867188,543.6412963867188,543.6412963867188,1000,0.0,0.0
2005-10-05 00:00:00+09:00,543.6412963867188,543.6412963867188,543.6412963867188,543.6412963867188,1000,0.0,0.0
2005-10-06 00:00:00+09:00,543.6412963867188,543.6412963867188,543.6412963867188,543.6412963867188,1000,0.0,0.0
2005-10-07 00:00:00+09:00,549.2458458340045,549.2458458340045,543.6412963867188,543.6412963867188,6000,0.0,0.0
2005-10-10 00:00:00+09:00,543.6412963867188,543.6412963867188,543.6412963867188,543.6412963867188,0,0.0,0.0
2005-10-11 00:00:00+09:00,543.6412963867188,543.6412963867188,543.6412963867188,543.6412963867188,0,0.0,0.0
2005-10-12 00:00:00+09:00,549.2457885742188,549.2457885742188,549.2457885742188,549.2457885742188,1000,0.0,0.0
2005-10-13 00:00:00+09:00,549.2457885742188,549.2457885742188,549.2457885742188,549.2457885742188,4000,0.0,0.0
2005-10-14 00:00:00+09:00,560.4550201113861,566.0595703125,560.4550201113861,566.0595703125,10000,0.0,0.0
2005-10-17 00:00:00+09:00,560.45501400726,560.45501400726,554.8504638671875,554.8504638671875,5000,0.0,0.0
2005-10-18 00:00:00+09:00,554.8504638671875,554.8504638671875,554.8504638671875,554.8504638671875,0,0.0,0.0
2005-10-19 00:00:00+09:00,554.8504638671875,554.8504638671875,554.8504638671875,554.8504638671875,1000,0.0,0.0
2005-10-20 00:00:00+09:00,554.8504638671875,554.8504638671875,554.8504638671875,554.8504638671875,1000,0.0,0.0
2005-10-21 00:00:00+09:00,554.8504638671875,554.8504638671875,554.8504638671875,554.8504638671875,1000,0.0,0.0
2005-10-24 00:00:00+09:00,554.8504638671875,554.8504638671875,554.8504638671875,554.8504638671875,0,0.0,0.0
2005-10-25 00:00:00+09:00,554.8505782277961,554.8505782277961,532.432373046875,532.432373046875,5000,0.0,0.0
2005-10-26 00:00:00+09:00,549.2458770154801,549.2458770154801,538.5972324610984,544.2017822265625,3000,0.0,0.0
2005-10-27 00:00:00+09:00,544.2017822265625,544.2017822265625,544.2017822265625,544.2017822265625,0,0.0,0.0
2005-10-28 00:00:00+09:00,549.2457885742188,549.2457885742188,549.2457885742188,549.2457885742188,2000,0.0,0.0
2005-10-31 00:00:00+09:00,549.2457885742188,549.2457885742188,549.2457885742188,549.2457885742188,1000,0.0,0.0
2005-11-01 00:00:00+09:00,548.125,548.125,548.125,548.125,1000,0.0,0.0
2005-11-02 00:00:00+09:00,553.7294921875,553.7294921875,553.7294921875,553.7294921875,1000,0.0,0.0
2005-11-03 00:00:00+09:00,553.7294921875,553.7294921875,553.7294921875,553.7294921875,0,0.0,0.0
2005-11-04 00:00:00+09:00,553.7293463372565,561.0152587890625,553.7293463372565,561.0152587890625,20000,0.0,0.0
2005-11-07 00:00:00+09:00,575.587371588218,575.587371588218,575.0269165039062,575.0269165039062,4000,0.0,0.0
2005-11-08 00:00:00+09:00,566.0595232282366,588.4777221679688,566.0595232282366,588.4777221679688,6000,0.0,0.0
2005-11-09 00:00:00+09:00,588.4777221679688,588.4777221679688,588.4777221679688,588.4777221679688,0,0.0,0.0
2005-11-10 00:00:00+09:00,562.6968401918317,566.0595703125,562.6968401918317,566.0595703125,4000,0.0,0.0
2005-11-11 00:00:00+09:00,566.0595703125,566.0595703125,566.0595703125,566.0595703125,1000,0.0,0.0
2005-11-14 00:00:00+09:00,566.0595703125,566.0595703125,566.0595703125,566.0595703125,14000,0.0,0.0
2005-11-15 00:00:00+09:00,571.6641205136139,571.6641205136139,566.0595703125,566.0595703125,2000,0.0,0.0
2005-11-16 00:00:00+09:00,570.5431525735294,571.6640625,570.5431525735294,571.6640625,2000,0.0,0.0
2005-11-17 00:00:00+09:00,566.0594439697265,566.0594439697265,560.4548950195312,560.4548950195312,2000,0.0,0.0
2005-11-18 00:00:00+09:00,560.4548863002232,560.4548863002232,549.2457885742188,549.2457885742188,4000,0.0,0.0
2005-11-21 00:00:00+09:00,549.2457885742188,549.2457885742188,549.2457885742188,549.2457885742188,1000,0.0,0.0
2005-11-22 00:00:00+09:00,549.2457885742188,549.2457885742188,549.2457885742188,549.2457885742188,1000,0.0,0.0
2005-11-23 00:00:00+09:00,549.2457885742188,549.2457885742188,549.2457885742188,549.2457885742188,0,0.0,0.0
2005-11-24 00:00:00+09:00,549.2457885742188,549.2457885742188,549.2457885742188,549.2457885742188,5000,0.0,0.0
2005-11-25 00:00:00+09:00,554.850346069336,561.0153499145508,554.850346069336,560.4548950195312,9000,0.0,0.0
2005-11-28 00:00:00+09:00,560.4548950195312,560.4548950195312,560.4548950195312,560.4548950195312,2000,0.0,0.0
2005-11-29 00:00:00+09:00,560.45501400726,560.45501400726,554.8504638671875,554.8504638671875,4000,0.0,0.0
2005-11-30 00:00:00+09:00,561.0152587890625,561.0152587890625,560.4548039850774,561.0152587890625,4000,0.0,0.0
2005-12-01 00:00:00+09:00,561.0152587890625,561.0152587890625,561.0152587890625,561.0152587890625,0,0.0,0.0
2005-12-02 00:00:00+09:00,549.8062143102667,550.9271240234375,549.8062143102667,550.9271240234375,4000,0.0,0.0
2005-12-05 00:00:00+09:00,558.213193951231,558.213193951231,554.8504638671875,554.8504638671875,5000,0.0,0.0
2005-12-06 00:00:00+09:00,554.8503743080638,557.6526489257812,553.7294644609768,557.6526489257812,16000,0.0,0.0
2005-12-07 00:00:00+09:00,557.6527389372237,558.213193951231,554.8504638671875,554.8504638671875,33000,0.0,0.0
2005-12-08 00:00:00+09:00,563.2572380514706,571.6640625,563.2572380514706,571.6640625,22000,0.0,0.0
2005-12-09 00:00:00+09:00,571.6640625,571.6640625,571.6640625,571.6640625,0,0.0,0.0
2005-12-12 00:00:00+09:00,577.2687377929688,577.2687377929688,577.2687377929688,577.2687377929688,1000,0.0,0.0
2005-12-13 00:00:00+09:00,588.4777221679688,588.4777221679688,588.4777221679688,588.4777221679688,1000,0.0,0.0
2005-12-14 00:00:00+09:00,588.4777221679688,588.4777221679688,588.4777221679688,588.4777221679688,1000,0.0,0.0
2005-12-15 00:00:00+09:00,588.4777221679688,588.4777221679688,588.4777221679688,588.4777221679688,2000,0.0,0.0
2005-12-16 00:00:00+09:00,588.4777221679688,588.4777221679688,588.4777221679688,588.4777221679688,0,0.0,0.0
2005-12-19 00:00:00+09:00,566.0595703125,566.0595703125,566.0595703125,566.0595703125,1000,0.0,0.0
2005-12-20 00:00:00+09:00,565.4991152923886,566.0595703125,565.4991152923886,566.0595703125,3000,0.0,0.0
2005-12-21 00:00:00+09:00,561.5758048095703,561.5758048095703,560.4548950195312,560.4548950195312,14000,0.0,0.0
2005-12-22 00:00:00+09:00,560.4548950195312,560.4548950195312,560.4548950195312,560.4548950195312,2000,0.0,0.0
2005-12-23 00:00:00+09:00,560.4548950195312,560.4548950195312,560.4548950195312,560.4548950195312,0,0.0,0.0
2005-12-26 00:00:00+09:00,560.4550201113861,566.0595703125,560.4550201113861,566.0595703125,8000,0.0,0.0
2005-12-27 00:00:00+09:00,566.0595703125,566.0595703125,566.0595703125,566.0595703125,1000,0.0,0.0
2005-12-28 00:00:00+09:00,576.147705078125,576.147705078125,576.147705078125,576.147705078125,1000,0.0,0.0
2005-12-29 00:00:00+09:00,568.8618454130569,568.8618454130569,566.0595703125,566.0595703125,11000,0.0,0.0
2005-12-30 00:00:00+09:00,566.0595703125,566.0595703125,566.0595703125,566.0595703125,0,0.0,0.0
2006-01-02 00:00:00+09:00,566.0595703125,566.0595703125,566.0595703125,566.0595703125,0,0.0,0.0
2006-01-03 00:00:00+09:00,566.0595703125,566.0595703125,566.0595703125,566.0595703125,0,0.0,0.0
2006-01-04 00:00:00+09:00,566.0595703125,566.0595703125,566.0595703125,566.0595703125,0,0.0,0.0
2006-01-05 00:00:00+09:00,566.0596360882508,577.2687377929688,566.0596360882508,577.2687377929688,28000,0.0,0.0
2006-01-06 00:00:00+09:00,577.2687377929688,577.2687377929688,577.2687377929688,577.2687377929688,0,0.0,0.0
2006-01-09 00:00:00+09:00,577.2687377929688,577.2687377929688,577.2687377929688,577.2687377929688,0,0.0,0.0
2006-01-10 00:00:00+09:00,583.4335362058918,587.9171752929688,582.8730813200071,587.9171752929688,8000,0.0,0.0
2006-01-11 00:00:00+09:00,587.9171752929688,587.9171752929688,587.9171752929688,587.9171752929688,0,0.0,0.0
2006-01-12 00:00:00+09:00,582.8732299804688,582.8732299804688,582.8732299804688,582.8732299804688,2000,0.0,0.0
2006-01-13 00:00:00+09:00,582.8731724330356,588.4777221679688,577.829077671596,588.4777221679688,13000,0.0,0.0
2006-01-16 00:00:00+09:00,627.70947265625,627.70947265625,627.70947265625,627.70947265625,1000,0.0,0.0
2006-01-17 00:00:00+09:00,627.70947265625,627.70947265625,627.70947265625,627.70947265625,0,0.0,0.0
2006-01-18 00:00:00+09:00,588.4777802687424,588.4777802687424,571.6641294039213,582.8732299804688,27000,0.0,0.0
2006-01-19 00:00:00+09:00,566.0595703125,573.345485573948,566.0595703125,566.0595703125,39000,0.0,0.0
2006-01-20 00:00:00+09:00,576.7081571691176,576.7081571691176,566.0595128676471,571.6640625,5000,0.0,0.0
2006-01-23 00:00:00+09:00,571.6642201984898,585.6755981445312,566.0596690200732,585.6755981445312,4000,0.0,0.0
2006-01-24 00:00:00+09:00,585.6755981445312,585.6755981445312,585.6755981445312,585.6755981445312,1000,0.0,0.0
2006-01-25 00:00:00+09:00,585.6755981445312,585.6755981445312,585.6755981445312,585.6755981445312,0,0.0,0.0
2006-01-26 00:00:00+09:00,580.0709838867188,580.0709838867188,580.0709838867188,580.0709838867188,3000,0.0,0.0
2006-01-27 00:00:00+09:00,588.4778394976865,588.4778394976865,577.2687377929688,577.2687377929688,11000,0.0,0.0
2006-01-30 00:00:00+09:00,587.9172671944754,588.4777221679688,587.9172671944754,588.4777221679688,2000,0.0,0.0
2006-01-31 00:00:00+09:00,588.4777221679688,588.4777221679688,588.4777221679688,588.4777221679688,1000,0.0,0.0
2006-02-01 00:00:00+09:00,589.038177141462,589.038177141462,588.4777221679688,588.4777221679688,2000,0.0,0.0
2006-02-02 00:00:00+09:00,585.6755051246056,585.6755051246056,582.8732299804688,582.8732299804688,2000,0.0,0.0
2006-02-03 00:00:00+09:00,577.2686707147277,577.2686707147277,566.0595703125,566.0595703125,11000,0.0,0.0
2006-02-06 00:00:00+09:00,566.0595703125,566.0595703125,566.0595703125,566.0595703125,0,0.0,0.0
2006-02-07 00:00:00+09:00,576.147827622497,577.2687377929688,576.147827622497,577.2687377929688,4000,0.0,0.0
2006-02-08 00:00:00+09:00,577.2687377929688,577.2687377929688,577.2687377929688,577.2687377929688,0,0.0,0.0
2006-02-09 00:00:00+09:00,577.2687377929688,577.2687377929688,577.2687377929688,577.2687377929688,0,0.0,0.0
2006-02-10 00:00:00+09:00,588.4777221679688,588.4777221679688,588.4777221679688,588.4777221679688,3000,0.0,0.0
2006-02-13 00:00:00+09:00,577.2686226981026,588.4777221679688,577.2686226981026,588.4777221679688,4000,0.0,0.0
2006-02-14 00:00:00+09:00,577.2687377929688,577.2687377929688,560.4550852358919,577.2687377929688,7000,0.0,0.0
2006-02-15 00:00:00+09:00,599.6868216378348,599.6868216378348,588.4777221679688,588.4777221679688,6000,0.0,0.0
2006-02-16 00:00:00+09:00,588.4777221679688,588.4777221679688,585.6754473005022,588.4777221679688,8000,0.0,0.0
2006-02-17 00:00:00+09:00,588.4777221679688,588.4777221679688,588.4777221679688,588.4777221679688,2000,0.0,0.0
2006-02-20 00:00:00+09:00,588.4777221679688,588.4777221679688,588.4777221679688,588.4777221679688,0,0.0,0.0
2006-02-21 00:00:00+09:00,588.4777221679688,588.4777221679688,588.4777221679688,588.4777221679688,0,0.0,0.0
2006-02-22 00:00:00+09:00,560.4548950195312,560.4548950195312,560.4548950195312,560.4548950195312,1000,0.0,0.0
2006-02-23 00:00:00+09:00,560.4548950195312,560.4548950195312,560.4548950195312,560.4548950195312,0,0.0,0.0
2006-02-24 00:00:00+09:00,560.4549734933036,588.4777221679688,560.4549734933036,588.4777221679688,25000,0.0,0.0
2006-02-27 00:00:00+09:00,588.4777221679688,588.4777221679688,588.4777221679688,588.4777221679688,4000,0.0,0.0
2006-02-28 00:00:00+09:00,588.4778394976865,588.4778394976865,577.2687377929688,577.2687377929688,31000,0.0,0.0
2006-03-01 00:00:00+09:00,577.2687377929688,577.2687377929688,577.2687377929688,577.2687377929688,0,0.0,0.0
2006-03-02 00:00:00+09:00,588.4777221679688,588.4777221679688,588.4777221679688,588.4777221679688,2000,0.0,0.0
2006-03-03 00:00:00+09:00,588.4778749591163,589.038330078125,588.4778749591163,589.038330078125,3000,0.0,0.0
2006-03-06 00:00:00+09:00,588.4777221679688,588.4777221679688,588.4777221679688,588.4777221679688,1000,0.0,0.0
2006-03-07 00:00:00+09:00,595.2032470703124,595.2032470703124,595.2032470703124,595.2032470703125,2000,0.0,0.0
2006-03-08 00:00:00+09:00,577.2687377929688,577.2687377929688,577.2687377929688,577.2687377929688,4000,0.0,0.0
2006-03-09 00:00:00+09:00,577.2687377929688,577.2687377929688,577.2687377929688,577.2687377929688,0,0.0,0.0
2006-03-10 00:00:00+09:00,588.4777221679688,588.4777221679688,588.4777221679688,588.4777221679688,7000,0.0,0.0
2006-03-13 00:00:00+09:00,588.4777221679688,588.4777221679688,588.4777221679688,588.4777221679688,0,0.0,0.0
2006-03-14 00:00:00+09:00,588.4777221679688,588.4777221679688,588.4777221679688,588.4777221679688,2000,0.0,0.0
2006-03-15 00:00:00+09:00,588.4777221679688,588.4777221679688,588.4777221679688,588.4777221679688,2000,0.0,0.0
2006-03-16 00:00:00+09:00,577.2687377929688,577.2687377929688,577.2687377929688,577.2687377929688,1000,0.0,0.0
2006-03-17 00:00:00+09:00,577.2687377929688,577.2687377929688,577.2687377929688,577.2687377929688,0,0.0,0.0
2006-03-20 00:00:00+09:00,588.4777221679688,588.4777221679688,588.4777221679688,588.4777221679688,5000,0.0,0.0
2006-03-21 00:00:00+09:00,588.4777221679688,588.4777221679688,588.4777221679688,588.4777221679688,0,0.0,0.0
2006-03-22 00:00:00+09:00,577.2687377929688,577.2687377929688,577.2687377929688,577.2687377929688,1000,0.0,0.0
2006-03-23 00:00:00+09:00,588.4777221679688,588.4777221679688,577.2686226981026,588.4777221679688,31000,0.0,0.0
2006-03-24 00:00:00+09:00,588.4777221679688,594.0822719029018,566.0595232282366,588.4777221679688,41000,0.0,0.0
2006-03-27 00:00:00+09:00,588.4777221679688,588.4777221679688,588.4777221679688,588.4777221679688,0,0.0,0.0
2006-03-28 00:00:00+09:00,577.8291015625,577.8291015625,566.059546632517,577.8291015625,40000,0.0,0.0
2006-03-29 00:00:00+09:00,588.4777221679688,588.4777221679688,588.4777221679688,588.4777221679688,7000,0.0,0.0
2006-03-30 00:00:00+09:00,588.4777221679688,588.4777221679688,588.4777221679688,588.4777221679688,0,0.0,0.0
2006-03-31 00:00:00+09:00,588.4778749591163,589.038330078125,588.4778749591163,589.038330078125,3000,0.0,0.0
2006-04-03 00:00:00+09:00,588.4777221679688,588.4777221679688,588.4777221679688,588.4777221679688,2000,0.0,0.0
2006-04-04 00:00:00+09:00,588.4777221679688,588.4777221679688,588.4777221679688,588.4777221679688,0,0.0,0.0
2006-04-05 00:00:00+09:00,605.2913884943182,616.50048828125,605.2913884943182,616.50048828125,6000,0.0,0.0
2006-04-06 00:00:00+09:00,616.50048828125,616.50048828125,616.50048828125,616.50048828125,0,0.0,0.0
2006-04-07 00:00:00+09:00,647.3254338363929,647.3254338363929,639.4790649414062,639.4790649414062,4000,0.0,0.0
2006-04-10 00:00:00+09:00,616.50048828125,616.50048828125,616.50048828125,616.50048828125,1000,0.0,0.0
2006-04-11 00:00:00+09:00,616.50048828125,616.50048828125,616.50048828125,616.50048828125,2000,0.0,0.0
2006-04-12 00:00:00+09:00,618.181640625,618.181640625,618.181640625,618.181640625,1000,0.0,0.0
2006-04-13 00:00:00+09:00,619.302550218155,641.7207420812556,618.181640625,618.181640625,4000,0.0,0.0
2006-04-14 00:00:00+09:00,640.60009765625,640.60009765625,640.60009765625,640.60009765625,2000,0.0,0.0
2006-04-17 00:00:00+09:00,640.60009765625,640.60009765625,640.60009765625,640.60009765625,0,0.0,0.0
2006-04-18 00:00:00+09:00,640.60009765625,640.60009765625,640.60009765625,640.60009765625,0,0.0,0.0
2006-04-19 00:00:00+09:00,618.181640625,618.181640625,618.181640625,618.181640625,4000,0.0,0.0
2006-04-20 00:00:00+09:00,633.3141479492188,633.3141479492188,633.3141479492188,633.3141479492188,1000,0.0,0.0
2006-04-21 00:00:00+09:00,633.3141479492188,633.3141479492188,633.3141479492188,633.3141479492188,0,0.0,0.0
2006-04-24 00:00:00+09:00,633.3141479492188,633.3141479492188,633.3141479492188,633.3141479492188,0,0.0,0.0
2006-04-25 00:00:00+09:00,616.5005279999723,633.8746337890625,611.4564327708816,633.8746337890625,8000,0.0,0.0
2006-04-26 00:00:00+09:00,633.8746337890625,633.8746337890625,633.8746337890625,633.8746337890625,0,0.0,0.0
2006-04-27 00:00:00+09:00,633.8746337890625,633.8746337890625,633.8746337890625,633.8746337890625,0,0.0,0.0
2006-04-28 00:00:00+09:00,633.8746337890625,633.8746337890625,633.8746337890625,633.8746337890625,0,0.0,0.0
2006-05-01 00:00:00+09:00,633.8746337890625,633.8746337890625,633.8746337890625,633.8746337890625,0,0.0,0.0
2006-05-02 00:00:00+09:00,627.70947265625,627.70947265625,627.70947265625,627.70947265625,1000,0.0,0.0
2006-05-03 00:00:00+09:00,627.70947265625,627.70947265625,627.70947265625,627.70947265625,0,0.0,0.0
2006-05-04 00:00:00+09:00,627.70947265625,627.70947265625,627.70947265625,627.70947265625,0,0.0,0.0
2006-05-05 00:00:00+09:00,627.70947265625,627.70947265625,627.70947265625,627.70947265625,0,0.0,0.0
2006-05-08 00:00:00+09:00,618.181640625,618.181640625,618.181640625,618.181640625,3000,0.0,0.0
2006-05-09 00:00:00+09:00,618.181640625,618.181640625,618.181640625,618.181640625,0,0.0,0.0
2006-05-10 00:00:00+09:00,618.181640625,618.181640625,618.181640625,618.181640625,0,0.0,0.0
2006-05-11 00:00:00+09:00,618.181640625,618.181640625,618.181640625,618.181640625,1000,0.0,0.0
2006-05-12 00:00:00+09:00,616.5005383967455,616.5005383967455,595.2032470703124,595.2032470703125,5000,0.0,0.0
2006-05-15 00:00:00+09:00,599.6867610924157,610.8958594305917,590.1590275049662,590.719482421875,4000,0.0,0.0
2006-05-16 00:00:00+09:00,588.4777221679688,588.4777221679688,588.4777221679688,588.4777221679688,1000,0.0,0.0
2006-05-17 00:00:00+09:00,588.4777221679688,588.4777221679688,588.4777221679688,588.4777221679688,1000,0.0,0.0
2006-05-18 00:00:00+09:00,588.4777221679688,588.4777221679688,588.4777221679688,588.4777221679688,0,0.0,0.0
2006-05-19 00:00:00+09:00,588.4777221679688,588.4777221679688,588.4777221679688,588.4777221679688,0,0.0,0.0
2006-05-22 00:00:00+09:00,588.4777221679688,588.4777221679688,588.4777221679688,588.4777221679688,52000,0.0,0.0
2006-05-23 00:00:00+09:00,577.2687377929688,577.2687377929688,577.2687377929688,577.2687377929688,2000,0.0,0.0
2006-05-24 00:00:00+09:00,577.2687377929688,577.2687377929688,577.2687377929688,577.2687377929688,50000,0.0,0.0
2006-05-25 00:00:00+09:00,577.2687377929688,577.2687377929688,577.2687377929688,577.2687377929688,1000,0.0,0.0
2006-05-26 00:00:00+09:00,577.2687377929688,577.2687377929688,577.2687377929688,577.2687377929688,4000,0.0,0.0
2006-05-29 00:00:00+09:00,610.8959383877841,616.50048828125,594.0822887073863,616.50048828125,15000,0.0,0.0
2006-05-30 00:00:00+09:00,616.50048828125,616.50048828125,616.50048828125,616.50048828125,0,0.0,0.0
2006-05-31 00:00:00+09:00,616.5006125510276,622.1051635742188,616.5006125510276,622.1051635742188,48000,0.0,0.0
2006-06-01 00:00:00+09:00,599.6868386008523,616.50048828125,599.6868386008523,616.50048828125,1600,0.0,0.0
2006-06-02 00:00:00+09:00,616.50048828125,616.50048828125,616.50048828125,616.50048828125,0,0.0,0.0
2006-06-05 00:00:00+09:00,616.50048828125,616.50048828125,616.50048828125,616.50048828125,0,0.0,0.0
2006-06-06 00:00:00+09:00,594.0823364257812,594.0823364257812,582.8732357385024,594.0823364257812,1900,0.0,0.0
2006-06-07 00:00:00+09:00,610.33544921875,610.33544921875,610.33544921875,610.33544921875,2900,0.0,0.0
2006-06-08 00:00:00+09:00,610.8958740234375,610.8958740234375,610.8958740234375,610.8958740234375,100,0.0,0.0
2006-06-09 00:00:00+09:00,610.8958740234375,610.8958740234375,610.8958740234375,610.8958740234375,100,0.0,0.0
2006-06-12 00:00:00+09:00,532.4322248186384,588.4777221679688,532.4322248186384,588.4777221679688,3700,0.0,0.0
2006-06-13 00:00:00+09:00,588.4777221679688,588.4777221679688,588.4777221679688,588.4777221679688,0,0.0,0.0
2006-06-14 00:00:00+09:00,588.4777221679688,588.4777221679688,588.4777221679688,588.4777221679688,0,0.0,0.0
2006-06-15 00:00:00+09:00,616.5004708426338,616.5004708426338,588.4777221679688,588.4777221679688,3200,0.0,0.0
2006-06-16 00:00:00+09:00,588.4777221679688,588.4777221679688,588.4777221679688,588.4777221679688,0,0.0,0.0
2006-06-19 00:00:00+09:00,588.4777221679688,588.4777221679688,588.4777221679688,588.4777221679688,0,0.0,0.0
2006-06-20 00:00:00+09:00,588.4777221679688,588.4777221679688,588.4777221679688,588.4777221679688,0,0.0,0.0
2006-06-21 00:00:00+09:00,588.4777221679688,588.4777221679688,588.4777221679688,588.4777221679688,0,0.0,0.0
2006-06-22 00:00:00+09:00,588.4777221679688,588.4777221679688,588.4777221679688,588.4777221679688,0,0.0,0.0
2006-06-23 00:00:00+09:00,582.8732299804688,582.8732299804688,582.8732299804688,582.8732299804688,900,0.0,0.0
2006-06-26 00:00:00+09:00,571.6640625,571.6640625,571.6640625,571.6640625,1000,0.0,0.0
2006-06-27 00:00:00+09:00,571.6640625,571.6640625,571.6640625,571.6640625,0,0.0,0.0
2006-06-28 00:00:00+09:00,588.4777221679688,588.4777221679688,588.4777221679688,588.4777221679688,100,0.0,0.0
2006-06-29 00:00:00+09:00,588.4777221679688,588.4777221679688,588.4777221679688,588.4777221679688,0,0.0,0.0
2006-06-30 00:00:00+09:00,587.9172671944754,588.4777221679688,587.9172671944754,588.4777221679688,3900,0.0,0.0
2006-07-03 00:00:00+09:00,588.4777221679688,588.4777221679688,588.4777221679688,588.4777221679688,0,0.0,0.0
2006-07-04 00:00:00+09:00,588.4777221679688,588.4777221679688,588.4777221679688,588.4777221679688,200,0.0,0.0
2006-07-05 00:00:00+09:00,588.4777221679688,588.4777221679688,588.4777221679688,588.4777221679688,3000,0.0,0.0
2006-07-06 00:00:00+09:00,582.8731724330356,588.4777221679688,582.8731724330356,588.4777221679688,1100,0.0,0.0
2006-07-07 00:00:00+09:00,577.2687377929688,577.2687377929688,577.2687377929688,577.2687377929688,3900,0.0,0.0
2006-07-10 00:00:00+09:00,577.8289873470455,587.9171752929688,577.8289873470455,587.9171752929688,200,0.0,0.0
2006-07-11 00:00:00+09:00,587.9171752929688,587.9171752929688,587.9171752929688,587.9171752929688,0,0.0,0.0
2006-07-12 00:00:00+09:00,577.2687377929688,577.2687377929688,577.2687377929688,577.2687377929688,3200,0.0,0.0
2006-07-13 00:00:00+09:00,587.3568115234375,587.3568115234375,587.3568115234375,587.3568115234375,200,0.0,0.0
2006-07-14 00:00:00+09:00,586.79638671875,586.79638671875,586.79638671875,586.79638671875,1000,0.0,0.0
2006-07-17 00:00:00+09:00,586.79638671875,586.79638671875,586.79638671875,586.79638671875,0,0.0,0.0
2006-07-18 00:00:00+09:00,560.4548950195312,560.4548950195312,560.4548950195312,560.4548950195312,3000,0.0,0.0
2006-07-19 00:00:00+09:00,560.4548950195312,560.4548950195312,560.4548950195312,560.4548950195312,1000,0.0,0.0
2006-07-20 00:00:00+09:00,560.4548950195312,560.4548950195312,560.4548950195312,560.4548950195312,0,0.0,0.0
2006-07-21 00:00:00+09:00,560.4548950195312,560.4548950195312,560.4548950195312,560.4548950195312,600,0.0,0.0
2006-07-24 00:00:00+09:00,560.4548950195312,560.4548950195312,560.4548950195312,560.4548950195312,400,0.0,0.0
2006-07-25 00:00:00+09:00,582.8732299804688,582.8732299804688,582.8732299804688,582.8732299804688,1400,0.0,0.0
2006-07-26 00:00:00+09:00,571.6640625,571.6640625,571.6640625,571.6640625,100,0.0,0.0
2006-07-27 00:00:00+09:00,571.6640625,571.6640625,571.6640625,571.6640625,0,0.0,0.0
2006-07-28 00:00:00+09:00,571.6641205136139,571.6641205136139,566.0595703125,566.0595703125,3100,0.0,0.0
2006-07-31 00:00:00+09:00,566.0595703125,566.0595703125,566.0595703125,566.0595703125,0,0.0,0.0
2006-08-01 00:00:00+09:00,566.0595703125,566.0595703125,566.0595703125,566.0595703125,0,0.0,0.0
2006-08-02 00:00:00+09:00,566.0595703125,566.0595703125,566.0595703125,566.0595703125,0,0.0,0.0
2006-08-03 00:00:00+09:00,566.0595703125,566.0595703125,566.0595703125,566.0595703125,0,0.0,0.0
2006-08-04 00:00:00+09:00,566.0595703125,566.0595703125,566.0595703125,566.0595703125,0,0.0,0.0
2006-08-07 00:00:00+09:00,588.4777221679688,588.4777221679688,588.4777221679688,588.4777221679688,2400,0.0,0.0
2006-08-08 00:00:00+09:00,587.9171848754883,587.9171848754883,560.4548950195312,560.4548950195312,3100,0.0,0.0
2006-08-09 00:00:00+09:00,560.4548950195312,560.4548950195312,560.4548950195312,560.4548950195312,0,0.0,0.0
2006-08-10 00:00:00+09:00,560.4548950195312,560.4548950195312,560.4548950195312,560.4548950195312,0,0.0,0.0
2006-08-11 00:00:00+09:00,560.4548950195312,560.4548950195312,560.4548950195312,560.4548950195312,0,0.0,0.0
2006-08-14 00:00:00+09:00,550.3667069091797,560.4548950195312,550.3667069091797,560.4548950195312,1200,0.0,0.0
2006-08-15 00:00:00+09:00,566.0595703125,566.0595703125,566.0595703125,566.0595703125,1100,0.0,0.0
2006-08-16 00:00:00+09:00,566.0595333588232,566.0595333588232,555.410888671875,555.410888671875,400,0.0,0.0
2006-08-17 00:00:00+09:00,560.4548950195312,560.4548950195312,560.4548950195312,560.4548950195312,500,0.0,0.0
2006-08-18 00:00:00+09:00,566.0594439697265,566.0594439697265,560.4548950195312,560.4548950195312,2100,0.0,0.0
2006-08-21 00:00:00+09:00,566.0594439697265,566.0594439697265,549.2457971191407,560.4548950195312,800,0.0,0.0
2006-08-22 00:00:00+09:00,563.2572631835938,563.2572631835938,560.4549882423818,563.2572631835938,8900,0.0,0.0
2006-08-23 00:00:00+09:00,565.4990535917736,565.4990535917736,564.9385986328125,564.9385986328125,400,0.0,0.0
2006-08-24 00:00:00+09:00,565.4990234375,565.4990234375,565.4990234375,565.4990234375,100,0.0,0.0
2006-08-25 00:00:00+09:00,565.4990296303354,574.46630859375,563.2572098894817,574.46630859375,1200,0.0,0.0
2006-08-28 00:00:00+09:00,576.1477649211884,576.1477649211884,573.9059448242188,573.9059448242188,1400,0.0,0.0
2006-08-29 00:00:00+09:00,573.9059448242188,573.9059448242188,573.9059448242188,573.9059448242188,0,0.0,0.0
2006-08-30 00:00:00+09:00,573.9059448242188,573.9059448242188,573.9059448242188,573.9059448242188,0,0.0,0.0
2006-08-31 00:00:00+09:00,566.0595128676471,571.6640625,560.4549632352941,571.6640625,900,0.0,0.0
2006-09-01 00:00:00+09:00,560.4550201113861,566.0595703125,560.4550201113861,566.0595703125,1100,0.0,0.0
2006-09-04 00:00:00+09:00,566.0595128676471,571.6640625,566.0595128676471,571.6640625,5500,0.0,0.0
2006-09-05 00:00:00+09:00,571.1036075367647,571.6640625,571.1036075367647,571.6640625,1000,0.0,0.0
2006-09-06 00:00:00+09:00,571.6640625,572.2245174632353,571.6640625,571.6640625,10800,0.0,0.0
2006-09-07 00:00:00+09:00,580.0708869485294,580.0708869485294,571.6640625,571.6640625,5600,0.0,0.0
2006-09-08 00:00:00+09:00,577.2687377929688,577.2687377929688,577.2687377929688,577.2687377929688,100,0.0,0.0
2006-09-11 00:00:00+09:00,577.2687377929688,577.2687377929688,577.2687377929688,577.2687377929688,0,0.0,0.0
2006-09-12 00:00:00+09:00,577.2687377929688,577.2687377929688,577.2687377929688,577.2687377929688,0,0.0,0.0
2006-09-13 00:00:00+09:00,577.2687377929688,577.2687377929688,577.2687377929688,577.2687377929688,0,0.0,0.0
2006-09-14 00:00:00+09:00,568.8618454130569,568.8618454130569,566.0595703125,566.0595703125,3400,0.0,0.0
2006-09-15 00:00:00+09:00,574.46630859375,574.46630859375,574.46630859375,574.46630859375,1000,0.0,0.0
2006-09-18 00:00:00+09:00,574.46630859375,574.46630859375,574.46630859375,574.46630859375,0,0.0,0.0
2006-09-19 00:00:00+09:00,588.4777221679688,588.4777221679688,588.4777221679688,588.4777221679688,100,0.0,0.0
2006-09-20 00:00:00+09:00,574.46630859375,574.46630859375,574.46630859375,574.46630859375,100,0.0,0.0
2006-09-21 00:00:00+09:00,574.46630859375,574.46630859375,574.46630859375,574.46630859375,100,0.0,0.0
2006-09-22 00:00:00+09:00,574.46630859375,574.46630859375,574.46630859375,574.46630859375,0,0.0,0.0
2006-09-25 00:00:00+09:00,588.4777221679688,588.4777221679688,588.4777221679688,588.4777221679688,200,0.0,0.0
2006-09-26 00:00:00+09:00,588.4777221679688,588.4777221679688,588.4777221679688,588.4777221679688,0,0.0,0.0
2006-09-27 00:00:00+09:00,588.4777221679688,588.4777221679688,588.4777221679688,588.4777221679688,0,0.0,0.0
2006-09-28 00:00:00+09:00,588.4777221679688,588.4777221679688,588.4777221679688,588.4777221679688,0,0.0,0.0
2006-09-29 00:00:00+09:00,588.4777221679688,588.4777221679688,588.4777221679688,588.4777221679688,0,0.0,0.0
2006-10-02 00:00:00+09:00,588.4777221679688,588.4777221679688,588.4777221679688,588.4777221679688,6500,0.0,0.0
2006-10-03 00:00:00+09:00,588.4777221679688,588.4777221679688,588.4777221679688,588.4777221679688,0,0.0,0.0
2006-10-04 00:00:00+09:00,588.4777221679688,588.4777221679688,588.4777221679688,588.4777221679688,900,0.0,0.0
2006-10-05 00:00:00+09:00,588.4777221679688,588.4777221679688,588.4777221679688,588.4777221679688,4000,0.0,0.0
2006-10-06 00:00:00+09:00,591.2801505541597,591.2801505541597,589.038330078125,589.038330078125,800,0.0,0.0
2006-10-09 00:00:00+09:00,589.038330078125,589.038330078125,589.038330078125,589.038330078125,0,0.0,0.0
2006-10-10 00:00:00+09:00,615.9400332919034,616.50048828125,615.9400332919034,616.50048828125,2400,0.0,0.0
2006-10-11 00:00:00+09:00,605.2913713727678,605.2913713727678,588.4777221679688,588.4777221679688,2500,0.0,0.0
2006-10-12 00:00:00+09:00,588.4777221679688,588.4777221679688,588.4777221679688,588.4777221679688,0,0.0,0.0
2006-10-13 00:00:00+09:00,599.6868286132812,599.6868286132812,599.6868286132812,599.6868286132812,1000,0.0,0.0
2006-10-16 00:00:00+09:00,599.6868286132812,599.6868286132812,599.6868286132812,599.6868286132812,0,0.0,0.0
2006-10-17 00:00:00+09:00,599.6868286132812,599.6868286132812,599.6868286132812,599.6868286132812,0,0.0,0.0
2006-10-18 00:00:00+09:00,571.6641869406097,588.4778394976865,566.0596360882508,577.2687377929688,13400,0.0,0.0
2006-10-19 00:00:00+09:00,577.2686213243531,587.9172657953849,568.8617967419597,586.2359008789062,3600,0.0,0.0
2006-10-20 00:00:00+09:00,586.2359008789062,586.2359008789062,586.2359008789062,586.2359008789062,0,0.0,0.0
2006-10-23 00:00:00+09:00,586.2359008789062,586.2359008789062,586.2359008789062,586.2359008789062,0,0.0,0.0
2006-10-24 00:00:00+09:00,577.2687377929688,577.2687377929688,577.2687377929688,577.2687377929688,10300,0.0,0.0
2006-10-25 00:00:00+09:00,588.4777431506719,588.4777431506719,572.2245483398438,572.2245483398438,500,0.0,0.0
2006-10-26 00:00:00+09:00,572.2245483398438,572.2245483398438,572.2245483398438,572.2245483398438,0,0.0,0.0
2006-10-27 00:00:00+09:00,572.2245483398438,572.2245483398438,572.2245483398438,572.2245483398438,0,0.0,0.0
2006-10-30 00:00:00+09:00,566.0595703125,566.0595703125,566.0595703125,566.0595703125,1000,0.0,0.0
2006-10-31 00:00:00+09:00,588.4777113970588,588.4777113970588,571.6640625,571.6640625,3200,0.0,0.0
2006-11-01 00:00:00+09:00,599.6868395404458,599.6868395404458,566.6199951171875,566.6199951171875,1200,0.0,0.0
2006-11-02 00:00:00+09:00,589.0380317222345,596.8843994140625,589.0380317222345,596.8843994140625,200,0.0,0.0
2006-11-03 00:00:00+09:00,596.8843994140625,596.8843994140625,596.8843994140625,596.8843994140625,0,0.0,0.0
2006-11-06 00:00:00+09:00,598.5659778566289,598.5659778566289,596.3241577148438,596.3241577148438,300,0.0,0.0
2006-11-07 00:00:00+09:00,615.3796596113631,615.9401146747615,594.642822265625,594.642822265625,2600,0.0,0.0
2006-11-08 00:00:00+09:00,594.6425470281671,594.6425470281671,561.0152587890625,561.0152587890625,300,0.0,0.0
2006-11-09 00:00:00+09:00,566.6201253177777,589.038330078125,566.6201253177777,589.038330078125,800,0.0,0.0
2006-11-10 00:00:00+09:00,566.6200341444749,582.8732299804688,566.6200341444749,582.8732299804688,700,0.0,0.0
2006-11-13 00:00:00+09:00,605.2914371130602,605.2914371130602,571.6641350512235,594.0823364257812,400,0.0,0.0
2006-11-14 00:00:00+09:00,599.1263666643415,599.1263666643415,588.4777221679688,588.4777221679688,200,0.0,0.0
2006-11-15 00:00:00+09:00,599.6868867694208,599.6868867694208,594.0823364257812,594.0823364257812,1400,0.0,0.0
2006-11-16 00:00:00+09:00,594.0823364257812,594.0823364257812,594.0823364257812,594.0823364257812,300,0.0,0.0
2006-11-17 00:00:00+09:00,594.0823364257812,594.0823364257812,594.0823364257812,594.0823364257812,300,0.0,0.0
2006-11-20 00:00:00+09:00,594.0822719029018,594.0822719029018,588.4777221679688,588.4777221679688,200,0.0,0.0
2006-11-21 00:00:00+09:00,588.4777221679688,588.4777221679688,588.4777221679688,588.4777221679688,0,0.0,0.0
2006-11-22 00:00:00+09:00,588.4777221679688,588.4777221679688,588.4777221679688,588.4777221679688,0,0.0,0.0
2006-11-23 00:00:00+09:00,588.4777221679688,588.4777221679688,588.4777221679688,588.4777221679688,0,0.0,0.0
2006-11-24 00:00:00+09:00,571.1036376953125,571.1036376953125,571.1036376953125,571.1036376953125,100,0.0,0.0
2006-11-27 00:00:00+09:00,560.4548950195312,560.4548950195312,554.850346069336,560.4548950195312,2600,0.0,0.0
2006-11-28 00:00:00+09:00,560.4548950195312,560.4548950195312,560.4548950195312,560.4548950195312,17100,0.0,0.0
2006-11-29 00:00:00+09:00,560.4549632352941,571.6640625,560.4549632352941,571.6640625,1100,0.0,0.0
2006-11-30 00:00:00+09:00,561.5759388850284,582.8732299804688,561.5759388850284,582.8732299804688,2700,0.0,0.0
2006-12-01 00:00:00+09:00,571.6640625,571.6640625,571.6640625,571.6640625,200,0.0,0.0
2006-12-04 00:00:00+09:00,566.0595128676471,571.6640625,566.0595128676471,571.6640625,800,0.0,0.0
2006-12-05 00:00:00+09:00,572.2245483398438,572.2245483398438,572.2245483398438,572.2245483398438,100,0.0,0.0
2006-12-06 00:00:00+09:00,572.7851304341731,585.6755981445312,572.7851304341731,585.6755981445312,300,0.0,0.0
2006-12-07 00:00:00+09:00,599.6868286132812,599.6868286132812,582.8731792129088,599.6868286132812,3500,0.0,0.0
2006-12-08 00:00:00+09:00,585.6754541129709,599.6868286132812,585.6754541129709,599.6868286132812,5100,0.0,0.0
2006-12-11 00:00:00+09:00,599.6868286132812,599.6868286132812,599.6868286132812,599.6868286132812,0,0.0,0.0
2006-12-12 00:00:00+09:00,599.6868286132812,599.6868286132812,588.477729013033,599.6868286132812,1600,0.0,0.0
2006-12-13 00:00:00+09:00,599.6868286132812,599.6868286132812,599.6868286132812,599.6868286132812,0,0.0,0.0
2006-12-14 00:00:00+09:00,599.6868286132812,599.6868286132812,599.6868286132812,599.6868286132812,0,0.0,0.0
2006-12-15 00:00:00+09:00,599.6867391896802,602.489013671875,599.6867391896802,602.489013671875,6100,0.0,0.0
2006-12-18 00:00:00+09:00,605.2912881540698,605.2912881540698,602.489013671875,602.489013671875,500,0.0,0.0
2006-12-19 00:00:00+09:00,602.489013671875,602.489013671875,602.489013671875,602.489013671875,0,0.0,0.0
2006-12-20 00:00:00+09:00,591.2799682617188,591.2799682617188,591.2799682617188,591.2799682617188,100,0.0,0.0
2006-12-21 00:00:00+09:00,588.4778165682434,594.642822265625,588.4778165682434,594.642822265625,200,0.0,0.0
2006-12-22 00:00:00+09:00,599.6868286132812,599.6868286132812,599.6868286132812,599.6868286132812,200,0.0,0.0
2006-12-25 00:00:00+09:00,616.5004708426338,616.5004708426338,588.4777221679688,588.4777221679688,1100,0.0,0.0
2006-12-26 00:00:00+09:00,589.038177141462,589.038177141462,588.4777221679688,588.4777221679688,2000,0.0,0.0
2006-12-27 00:00:00+09:00,599.1263427734375,599.1263427734375,599.1263427734375,599.1263427734375,500,0.0,0.0
2006-12-28 00:00:00+09:00,602.489013671875,602.489013671875,602.489013671875,602.489013671875,100,0.0,0.0
2006-12-29 00:00:00+09:00,602.489013671875,602.489013671875,602.489013671875,602.489013671875,0,0.0,0.0
2007-01-04 00:00:00+09:00,614.8192138671875,614.8192138671875,614.8192138671875,614.8192138671875,100,0.0,0.0
2007-01-05 00:00:00+09:00,614.8191726972473,614.8191726972473,594.0823364257812,594.0823364257812,1100,0.0,0.0
2007-01-09 00:00:00+09:00,616.50048828125,616.50048828125,616.50048828125,616.50048828125,4900,0.0,0.0
2007-01-10 00:00:00+09:00,616.5004814995659,616.5004814995659,605.2913818359375,605.2913818359375,200,0.0,0.0
2007-01-11 00:00:00+09:00,605.2913818359375,605.2913818359375,605.2913818359375,605.2913818359375,0,0.0,0.0
2007-01-12 00:00:00+09:00,599.6868286132812,599.6868286132812,599.6868286132812,599.6868286132812,9000,0.0,0.0
2007-01-15 00:00:00+09:00,616.5004780136536,616.5004780136536,599.6868286132812,599.6868286132812,8000,0.0,0.0
2007-01-16 00:00:00+09:00,605.2913818359375,605.2913818359375,605.2913818359375,605.2913818359375,100,0.0,0.0
2007-01-17 00:00:00+09:00,599.6868286132812,605.2913784134054,599.6868286132812,599.6868286132812,1100,0.0,0.0
2007-01-18 00:00:00+09:00,610.8958740234375,610.8958740234375,610.8958740234375,610.8958740234375,100,0.0,0.0
2007-01-19 00:00:00+09:00,610.8958740234375,610.8958740234375,610.8958740234375,610.8958740234375,0,0.0,0.0
2007-01-22 00:00:00+09:00,605.2913818359375,605.2913818359375,605.2913818359375,605.2913818359375,2700,0.0,0.0
2007-01-23 00:00:00+09:00,605.2913818359375,605.2913818359375,605.2913818359375,605.2913818359375,2000,0.0,0.0
2007-01-24 00:00:00+09:00,605.2913818359375,605.2913818359375,605.2913818359375,605.2913818359375,0,0.0,0.0
2007-01-25 00:00:00+09:00,615.939968396108,615.939968396108,605.2913247204702,610.8958740234375,2000,0.0,0.0
2007-01-26 00:00:00+09:00,605.2913818359375,605.2913818359375,605.2913818359375,605.2913818359375,100,0.0,0.0
2007-01-29 00:00:00+09:00,608.0936567518446,608.0936567518446,605.2913818359375,605.2913818359375,2100,0.0,0.0
2007-01-30 00:00:00+09:00,615.9399958353811,615.9399958353811,605.851806640625,605.851806640625,1100,0.0,0.0
2007-01-31 00:00:00+09:00,605.8520204329006,606.4124755859375,605.8520204329006,606.4124755859375,1300,0.0,0.0
2007-02-01 00:00:00+09:00,606.4124755859375,606.4124755859375,606.4124755859375,606.4124755859375,100,0.0,0.0
2007-02-02 00:00:00+09:00,605.851806640625,605.851806640625,605.851806640625,605.851806640625,100,0.0,0.0
2007-02-05 00:00:00+09:00,605.851836819119,605.851836819119,605.2913818359375,605.2913818359375,1100,0.0,0.0
2007-02-06 00:00:00+09:00,610.8959383877841,616.50048828125,610.8959383877841,616.50048828125,6300,0.0,0.0
2007-02-07 00:00:00+09:00,647.3253784179688,647.3253784179688,647.3253784179688,647.3253784179688,2200,0.0,0.0
2007-02-08 00:00:00+09:00,616.50048828125,616.50048828125,616.50048828125,616.50048828125,100,0.0,0.0
2007-02-09 00:00:00+09:00,616.50048828125,616.50048828125,616.50048828125,616.50048828125,0,0.0,0.0
2007-02-13 00:00:00+09:00,616.50048828125,616.50048828125,616.50048828125,616.50048828125,0,0.0,0.0
2007-02-14 00:00:00+09:00,616.50048828125,616.50048828125,616.50048828125,616.50048828125,0,0.0,0.0
2007-02-15 00:00:00+09:00,616.50048828125,616.50048828125,616.50048828125,616.50048828125,1000,0.0,0.0
2007-02-16 00:00:00+09:00,616.50048828125,616.50048828125,616.50048828125,616.50048828125,0,0.0,0.0
2007-02-19 00:00:00+09:00,599.6868386008523,616.50048828125,599.6868386008523,616.50048828125,7700,0.0,0.0
2007-02-20 00:00:00+09:00,610.8959383877841,616.50048828125,610.8959383877841,616.50048828125,3700,0.0,0.0
2007-02-21 00:00:00+09:00,616.50048828125,616.50048828125,616.50048828125,616.50048828125,5100,0.0,0.0
2007-02-22 00:00:00+09:00,616.50048828125,616.50048828125,616.50048828125,616.50048828125,0,0.0,0.0
2007-02-23 00:00:00+09:00,638.9186878551136,638.9186878551136,616.50048828125,616.50048828125,4700,0.0,0.0
2007-02-26 00:00:00+09:00,616.50048828125,616.50048828125,616.50048828125,616.50048828125,1000,0.0,0.0
2007-02-27 00:00:00+09:00,617.0609432705966,617.0609432705966,616.50048828125,616.50048828125,2200,0.0,0.0
2007-02-28 00:00:00+09:00,616.50048828125,616.50048828125,616.50048828125,616.50048828125,1100,0.0,0.0
2007-03-01 00:00:00+09:00,571.6642213888558,604.731073410368,571.6642213888558,589.038330078125,2000,0.0,0.0
2007-03-02 00:00:00+09:00,578.3895565591658,578.3895565591658,577.8291015625,577.8291015625,200,0.0,0.0
2007-03-05 00:00:00+09:00,582.8731965324928,582.8731965324928,577.8291015625,577.8291015625,1000,0.0,0.0
2007-03-06 00:00:00+09:00,577.829077671596,588.4777221679688,577.829077671596,588.4777221679688,1000,0.0,0.0
2007-03-07 00:00:00+09:00,610.8959316677517,610.8959316677517,605.2913818359375,605.2913818359375,4300,0.0,0.0
2007-03-08 00:00:00+09:00,616.50048828125,616.50048828125,602.4891135475852,616.50048828125,10900,0.0,0.0
2007-03-09 00:00:00+09:00,599.6868320041233,605.2913818359375,599.6868320041233,605.2913818359375,200,0.0,0.0
2007-03-12 00:00:00+09:00,605.2913818359375,605.2913818359375,605.2913818359375,605.2913818359375,0,0.0,0.0
2007-03-13 00:00:00+09:00,605.2913818359375,605.2913818359375,605.2913818359375,605.2913818359375,0,0.0,0.0
2007-03-14 00:00:00+09:00,605.2913818359375,605.2913818359375,605.2913818359375,605.2913818359375,0,0.0,0.0
2007-03-15 00:00:00+09:00,616.50048828125,616.50048828125,616.50048828125,616.50048828125,1000,0.0,0.0
2007-03-16 00:00:00+09:00,605.2913818359375,605.2913818359375,605.2913818359375,605.2913818359375,1100,0.0,0.0
2007-03-19 00:00:00+09:00,594.0823364257812,594.0823364257812,594.0823364257812,594.0823364257812,100,0.0,0.0
2007-03-20 00:00:00+09:00,594.0823364257812,594.0823364257812,594.0823364257812,594.0823364257812,0,0.0,0.0
2007-03-22 00:00:00+09:00,588.4777221679688,588.4777221679688,588.4777221679688,588.4777221679688,100,0.0,0.0
2007-03-23 00:00:00+09:00,580.6314156010466,594.0823364257812,580.6314156010466,594.0823364257812,3000,0.0,0.0
2007-03-26 00:00:00+09:00,582.8733330015923,615.940185546875,582.8733330015923,615.940185546875,200,0.0,0.0
2007-03-27 00:00:00+09:00,620.4566040039062,620.4566040039062,620.4566040039062,620.4566040039062,0,8.0,0.0
2007-03-28 00:00:00+09:00,598.438720703125,598.438720703125,598.438720703125,598.438720703125,100,0.0,0.0
2007-03-29 00:00:00+09:00,599.0029907226562,599.0029907226562,599.0029907226562,599.0029907226562,100,0.0,0.0
2007-03-30 00:00:00+09:00,599.5674991712658,615.3753051757812,599.5674991712658,615.3753051757812,600,0.0,0.0
2007-04-02 00:00:00+09:00,615.3753051757812,615.3753051757812,615.3753051757812,615.3753051757812,100,0.0,0.0
2007-04-03 00:00:00+09:00,604.0841389973958,604.0841389973958,587.1472005208333,592.7928466796875,4100,0.0,0.0
2007-04-04 00:00:00+09:00,604.084369011645,604.084369011645,592.7930723946049,598.438720703125,4100,0.0,0.0
2007-04-05 00:00:00+09:00,598.438720703125,598.438720703125,598.438720703125,598.438720703125,100,0.0,0.0
2007-04-06 00:00:00+09:00,621.0211791992188,621.0211791992188,621.0211791992188,621.0211791992188,1000,0.0,0.0
2007-04-09 00:00:00+09:00,621.0211791992188,621.0211791992188,621.0211791992188,621.0211791992188,10400,0.0,0.0
2007-04-10 00:00:00+09:00,621.0211791992188,621.0211791992188,621.0211791992188,621.0211791992188,4100,0.0,0.0
2007-04-11 00:00:00+09:00,615.3753051757812,615.3753051757812,615.3753051757812,615.3753051757812,100,0.0,0.0
2007-04-12 00:00:00+09:00,615.940185546875,615.940185546875,615.940185546875,615.940185546875,100,0.0,0.0
2007-04-13 00:00:00+09:00,618.1981811523438,621.0210038973316,618.1981811523438,618.1981811523438,8700,0.0,0.0
2007-04-16 00:00:00+09:00,615.3755424977649,621.5857543945312,615.3755424977649,621.5857543945312,5600,0.0,0.0
2007-04-17 00:00:00+09:00,632.3123168945312,632.3123168945312,632.3123168945312,632.3123168945312,500,0.0,0.0
2007-04-18 00:00:00+09:00,632.3123168945312,632.3123168945312,632.3123168945312,632.3123168945312,0,0.0,0.0
2007-04-19 00:00:00+09:00,632.3123168945312,632.3123168945312,632.3123168945312,632.3123168945312,0,0.0,0.0
2007-04-20 00:00:00+09:00,615.3753981545707,615.3753981545707,604.0841064453125,604.0841064453125,3000,0.0,0.0
2007-04-23 00:00:00+09:00,604.0841064453125,604.0841064453125,604.0841064453125,604.0841064453125,0,0.0,0.0
2007-04-24 00:00:00+09:00,604.0841064453125,604.0841064453125,604.0841064453125,604.0841064453125,0,0.0,0.0
2007-04-25 00:00:00+09:00,621.0211791992188,621.0211791992188,621.0211791992188,621.0211791992188,2000,0.0,0.0
2007-04-26 00:00:00+09:00,621.0211621533643,626.6668090820312,621.0211621533643,626.6668090820312,1800,0.0,0.0
2007-04-27 00:00:00+09:00,626.6668090820312,626.6668090820312,626.6668090820312,626.6668090820312,0,0.0,0.0
2007-05-01 00:00:00+09:00,626.6668090820312,626.6668090820312,626.6668090820312,626.6668090820312,0,0.0,0.0
2007-05-02 00:00:00+09:00,626.6668090820312,626.6668090820312,626.6668090820312,626.6668090820312,0,0.0,0.0
2007-05-07 00:00:00+09:00,621.0211791992188,621.0211791992188,621.0211791992188,621.0211791992188,2600,0.0,0.0
2007-05-08 00:00:00+09:00,621.0211791992188,621.0211791992188,621.0211791992188,621.0211791992188,0,0.0,0.0
2007-05-09 00:00:00+09:00,626.6668090820312,626.6668090820312,626.6668090820312,626.6668090820312,1000,0.0,0.0
2007-05-10 00:00:00+09:00,621.0211791992188,621.0211791992188,621.0211791992188,621.0211791992188,300,0.0,0.0
2007-05-11 00:00:00+09:00,621.0211791992188,621.0211791992188,621.0211791992188,621.0211791992188,0,0.0,0.0
2007-05-14 00:00:00+09:00,621.0211791992188,621.0211791992188,621.0211791992188,621.0211791992188,0,0.0,0.0
2007-05-15 00:00:00+09:00,626.6668090820312,626.6668090820312,626.6668090820312,626.6668090820312,1000,0.0,0.0
2007-05-16 00:00:00+09:00,626.6668262828481,626.6668262828481,621.0211791992188,621.0211791992188,400,0.0,0.0
2007-05-17 00:00:00+09:00,609.7298850319603,621.0211791992188,609.7298850319603,621.0211791992188,15900,0.0,0.0
2007-05-18 00:00:00+09:00,621.0211791992188,621.0211791992188,621.0211791992188,621.0211791992188,100,0.0,0.0
2007-05-21 00:00:00+09:00,621.0211791992188,621.0211791992188,621.0211791992188,621.0211791992188,0,0.0,0.0
2007-05-22 00:00:00+09:00,621.020950177394,621.020950177394,615.3753051757812,615.3753051757812,2100,0.0,0.0
2007-05-23 00:00:00+09:00,615.3753051757812,615.3753051757812,615.3753051757812,615.3753051757812,0,0.0,0.0
2007-05-24 00:00:00+09:00,626.6668262828481,626.6668262828481,621.0211791992188,621.0211791992188,500,0.0,0.0
2007-05-25 00:00:00+09:00,626.6666567515522,626.6666567515522,593.3573479692625,602.390380859375,1300,0.0,0.0
2007-05-28 00:00:00+09:00,602.390380859375,602.390380859375,602.390380859375,602.390380859375,0,0.0,0.0
2007-05-29 00:00:00+09:00,615.3755321155895,621.0211791992188,615.3755321155895,621.0211791992188,1700,0.0,0.0
2007-05-30 00:00:00+09:00,615.3755321155895,626.6668262828481,615.3755321155895,621.0211791992188,1400,0.0,0.0
2007-05-31 00:00:00+09:00,621.0211791992188,626.6668262828481,621.0211791992188,621.0211791992188,3100,0.0,0.0
2007-06-01 00:00:00+09:00,626.6668262828481,626.6668262828481,621.0211791992188,621.0211791992188,2000,0.0,0.0
2007-06-04 00:00:00+09:00,626.6668090820312,626.6668090820312,626.6668090820312,626.6668090820312,100,0.0,0.0
2007-06-05 00:00:00+09:00,626.666671207973,632.3123168945312,626.666671207973,632.3123168945312,6200,0.0,0.0
2007-06-06 00:00:00+09:00,632.3123168945312,632.3123168945312,632.3123168945312,632.3123168945312,0,0.0,0.0
2007-06-07 00:00:00+09:00,649.2493074530092,649.2493074530092,648.1201782226561,648.1201782226562,22200,0.0,0.0
2007-06-08 00:00:00+09:00,637.9578857421875,637.9578857421875,637.9578857421875,637.9578857421875,200,0.0,0.0
2007-06-11 00:00:00+09:00,637.9578857421875,637.9578857421875,637.9578857421875,637.9578857421875,0,0.0,0.0
2007-06-12 00:00:00+09:00,637.9578857421875,637.9578857421875,637.9578857421875,637.9578857421875,0,0.0,0.0
2007-06-13 00:00:00+09:00,643.6038818359375,643.6038818359375,643.6038818359375,643.6038818359375,900,0.0,0.0
2007-06-14 00:00:00+09:00,644.1682267252604,677.4775390625,644.1682267252604,677.4775390625,900,0.0,0.0
2007-06-15 00:00:00+09:00,677.4775390625,677.4775390625,677.4775390625,677.4775390625,7400,0.0,0.0
2007-06-18 00:00:00+09:00,677.4775390625,677.4775390625,677.4775390625,677.4775390625,0,0.0,0.0
2007-06-19 00:00:00+09:00,677.4775390625,677.4775390625,677.4775390625,677.4775390625,0,0.0,0.0
2007-06-20 00:00:00+09:00,677.4775390625,677.4775390625,677.4775390625,677.4775390625,700,0.0,0.0
2007-06-21 00:00:00+09:00,677.4775390625,677.4775390625,677.4775390625,677.4775390625,3000,0.0,0.0
2007-06-22 00:00:00+09:00,677.4775390625,677.4775390625,677.4775390625,677.4775390625,0,0.0,0.0
2007-06-25 00:00:00+09:00,677.4775390625,677.4775390625,677.4775390625,677.4775390625,200,0.0,0.0
2007-06-26 00:00:00+09:00,663.3634236653645,677.4775390625,660.5406005859375,677.4775390625,8000,0.0,0.0
2007-06-27 00:00:00+09:00,677.4775390625,677.4775390625,677.4775390625,677.4775390625,700,0.0,0.0
2007-06-28 00:00:00+09:00,677.47763671875,705.7058715820312,677.47763671875,705.7058715820312,200,0.0,0.0
2007-06-29 00:00:00+09:00,691.5917541503906,705.7058715820312,691.5917541503906,705.7058715820312,1600,0.0,0.0
2007-07-02 00:00:00+09:00,711.3515014648438,711.3515014648438,711.3515014648438,711.3515014648438,700,0.0,0.0
2007-07-03 00:00:00+09:00,705.7058715820312,705.7058715820312,705.7058715820312,705.7058715820312,400,0.0,0.0
2007-07-04 00:00:00+09:00,705.7058715820312,705.7058715820312,705.7058715820312,705.7058715820312,0,0.0,0.0
2007-07-05 00:00:00+09:00,705.7058715820312,705.7058715820312,705.7058715820312,705.7058715820312,0,0.0,0.0
2007-07-06 00:00:00+09:00,694.4146118164062,694.4146118164062,694.4146118164062,694.4146118164062,100,0.0,0.0
2007-07-09 00:00:00+09:00,728.8529052734375,733.9339867199603,728.8529052734375,728.8529052734375,4900,0.0,0.0
2007-07-10 00:00:00+09:00,714.1741943359375,714.1741943359375,714.1741943359375,714.1741943359375,600,0.0,0.0
2007-07-11 00:00:00+09:00,714.1741943359375,714.1741943359375,714.1741943359375,714.1741943359375,0,0.0,0.0
2007-07-12 00:00:00+09:00,714.1741943359375,714.1741943359375,714.1741943359375,714.1741943359375,500,0.0,0.0
2007-07-13 00:00:00+09:00,722.078369140625,722.078369140625,722.078369140625,722.078369140625,800,0.0,0.0
2007-07-17 00:00:00+09:00,714.1743669630606,714.1743669630606,713.6098022460938,713.6098022460938,600,0.0,0.0
2007-07-18 00:00:00+09:00,713.6098022460938,713.6098022460938,713.6098022460938,713.6098022460938,0,0.0,0.0
2007-07-19 00:00:00+09:00,677.47763671875,705.7058715820312,677.47763671875,705.7058715820312,200,0.0,0.0
2007-07-20 00:00:00+09:00,677.4774123011849,677.4774123011849,661.1050415039062,661.1050415039062,600,0.0,0.0
2007-07-23 00:00:00+09:00,661.1050415039062,661.1050415039062,661.1050415039062,661.1050415039062,0,0.0,0.0
2007-07-24 00:00:00+09:00,661.1052140716814,661.1052140716814,660.5406494140625,660.5406494140625,2100,0.0,0.0
2007-07-25 00:00:00+09:00,693.2853393554688,693.2853393554688,693.2853393554688,693.2853393554688,1500,0.0,0.0
2007-07-26 00:00:00+09:00,693.2853393554688,693.2853393554688,693.2853393554688,693.2853393554688,0,0.0,0.0
2007-07-27 00:00:00+09:00,693.2853393554688,693.2853393554688,693.2853393554688,693.2853393554688,0,0.0,0.0
2007-07-30 00:00:00+09:00,693.2853393554688,693.2853393554688,693.2853393554688,693.2853393554688,0,0.0,0.0
2007-07-31 00:00:00+09:00,693.2853393554688,693.2853393554688,693.2853393554688,693.2853393554688,100,0.0,0.0
2007-08-01 00:00:00+09:00,693.2853393554688,693.2853393554688,693.2853393554688,693.2853393554688,0,0.0,0.0
2007-08-02 00:00:00+09:00,677.4775390625,677.4775390625,677.4775390625,677.4775390625,1100,0.0,0.0
2007-08-03 00:00:00+09:00,677.4775390625,677.4775390625,677.4775390625,677.4775390625,0,0.0,0.0
2007-08-06 00:00:00+09:00,677.4775390625,677.4775390625,677.4775390625,677.4775390625,200,0.0,0.0
2007-08-07 00:00:00+09:00,683.1232357188168,683.1232357188168,660.5406494140625,660.5406494140625,2100,0.0,0.0
2007-08-08 00:00:00+09:00,660.5406494140625,660.5406494140625,660.5406494140625,660.5406494140625,0,0.0,0.0
2007-08-09 00:00:00+09:00,660.5406494140625,660.5406494140625,660.5406494140625,660.5406494140625,0,0.0,0.0
2007-08-10 00:00:00+09:00,660.5406494140625,660.5406494140625,660.5406494140625,660.5406494140625,0,0.0,0.0
2007-08-13 00:00:00+09:00,660.5406494140625,660.5406494140625,660.5406494140625,660.5406494140625,0,0.0,0.0
2007-08-14 00:00:00+09:00,660.5406494140625,660.5406494140625,660.5406494140625,660.5406494140625,0,0.0,0.0
2007-08-15 00:00:00+09:00,677.4775390625,677.4775390625,677.4775390625,677.4775390625,1100,0.0,0.0
2007-08-16 00:00:00+09:00,636.8291119422609,637.3936767578125,636.8291119422609,637.3936767578125,200,0.0,0.0
2007-08-17 00:00:00+09:00,637.3936767578125,637.3936767578125,637.3936767578125,637.3936767578125,0,0.0,0.0
2007-08-20 00:00:00+09:00,649.2492065429688,649.2492065429688,649.2492065429688,649.2492065429688,1000,0.0,0.0
2007-08-21 00:00:00+09:00,636.2642211914064,636.2642211914064,636.2642211914064,636.2642211914062,200,0.0,0.0
2007-08-22 00:00:00+09:00,636.2642211914064,636.2642211914064,636.2642211914064,636.2642211914062,0,0.0,0.0
2007-08-23 00:00:00+09:00,636.2642211914064,636.2642211914064,636.2642211914064,636.2642211914062,0,0.0,0.0
2007-08-24 00:00:00+09:00,667.8799438476562,667.8799438476562,667.8799438476562,667.8799438476562,700,0.0,0.0
2007-08-27 00:00:00+09:00,667.8799438476562,667.8799438476562,667.8799438476562,667.8799438476562,0,0.0,0.0
2007-08-28 00:00:00+09:00,667.8799438476562,667.8799438476562,667.8799438476562,667.8799438476562,0,0.0,0.0
2007-08-29 00:00:00+09:00,667.8799438476562,667.8799438476562,667.8799438476562,667.8799438476562,0,0.0,0.0
2007-08-30 00:00:00+09:00,667.8799438476562,667.8799438476562,667.8799438476562,667.8799438476562,0,0.0,0.0
2007-08-31 00:00:00+09:00,667.8799438476562,667.8799438476562,667.8799438476562,667.8799438476562,0,0.0,0.0
2007-09-03 00:00:00+09:00,667.8799438476562,667.8799438476562,667.8799438476562,667.8799438476562,0,0.0,0.0
2007-09-04 00:00:00+09:00,637.9578857421875,637.9578857421875,637.9578857421875,637.9578857421875,400,0.0,0.0
2007-09-05 00:00:00+09:00,637.9578857421875,637.9578857421875,637.9578857421875,637.9578857421875,0,0.0,0.0
2007-09-06 00:00:00+09:00,652.0720825195312,652.0720825195312,652.0720825195312,652.0720825195312,200,0.0,0.0
2007-09-07 00:00:00+09:00,666.186279296875,666.186279296875,666.186279296875,666.186279296875,3000,0.0,0.0
2007-09-10 00:00:00+09:00,649.2492065429688,649.2492065429688,642.4744322138247,649.2492065429688,1300,0.0,0.0
2007-09-11 00:00:00+09:00,649.81396484375,649.81396484375,649.81396484375,649.81396484375,200,0.0,0.0
2007-09-12 00:00:00+09:00,649.2494001479693,649.81396484375,649.2494001479693,649.81396484375,900,0.0,0.0
2007-09-13 00:00:00+09:00,632.876953125,632.876953125,632.3123884924175,632.876953125,700,0.0,0.0
2007-09-14 00:00:00+09:00,644.1680952494123,644.1680952494123,637.9578857421875,637.9578857421875,2100,0.0,0.0
2007-09-18 00:00:00+09:00,637.9578857421875,637.9578857421875,637.9578857421875,637.9578857421875,0,0.0,0.0
2007-09-19 00:00:00+09:00,632.3123168945312,632.3123168945312,632.3123168945312,632.3123168945312,1000,0.0,0.0
2007-09-20 00:00:00+09:00,632.3123168945312,632.3123168945312,632.3123168945312,632.3123168945312,0,0.0,0.0
2007-09-21 00:00:00+09:00,632.3123168945312,632.3123168945312,632.3123168945312,632.3123168945312,0,0.0,0.0
2007-09-25 00:00:00+09:00,653.920166015625,653.920166015625,653.920166015625,653.920166015625,800,8.0,0.0
2007-09-26 00:00:00+09:00,653.920166015625,653.920166015625,653.920166015625,653.920166015625,0,0.0,0.0
2007-09-27 00:00:00+09:00,625.4888305664062,625.4888305664062,625.4888305664062,625.4888305664062,1100,0.0,0.0
2007-09-28 00:00:00+09:00,625.4888305664062,625.4888305664062,625.4888305664062,625.4888305664062,0,0.0,0.0
2007-10-01 00:00:00+09:00,625.4888305664062,625.4888305664062,625.4888305664062,625.4888305664062,0,0.0,0.0
2007-10-02 00:00:00+09:00,631.175066266741,636.861328125,631.175066266741,636.861328125,1700,0.0,0.0
2007-10-03 00:00:00+09:00,636.861328125,636.861328125,636.861328125,636.861328125,0,0.0,0.0
2007-10-04 00:00:00+09:00,636.861328125,636.861328125,636.861328125,636.861328125,0,0.0,0.0
2007-10-05 00:00:00+09:00,653.9201394105569,665.2926635742188,653.9201394105569,665.2926635742188,500,0.0,0.0
2007-10-09 00:00:00+09:00,682.3515014648438,682.3515014648438,682.3515014648438,682.3515014648438,2100,0.0,0.0
2007-10-10 00:00:00+09:00,682.3515014648438,682.3515014648438,682.3515014648438,682.3515014648438,0,0.0,0.0
2007-10-11 00:00:00+09:00,682.3515014648438,682.3515014648438,682.3515014648438,682.3515014648438,0,0.0,0.0
2007-10-12 00:00:00+09:00,682.3515014648438,682.3515014648438,682.3515014648438,682.3515014648438,0,0.0,0.0
2007-10-15 00:00:00+09:00,676.0965576171874,676.0965576171874,676.0965576171874,676.0965576171875,900,0.0,0.0
2007-10-16 00:00:00+09:00,676.0965576171874,676.0965576171874,676.0965576171874,676.0965576171875,0,0.0,0.0
2007-10-17 00:00:00+09:00,676.0965576171874,676.0965576171874,676.0965576171874,676.0965576171875,0,0.0,0.0
2007-10-18 00:00:00+09:00,676.0965576171874,676.0965576171874,676.0965576171874,676.0965576171875,0,0.0,0.0
2007-10-19 00:00:00+09:00,676.0965576171874,676.0965576171874,676.0965576171874,676.0965576171875,0,0.0,0.0
2007-10-22 00:00:00+09:00,676.0965576171874,676.0965576171874,676.0965576171874,676.0965576171875,0,0.0,0.0
2007-10-23 00:00:00+09:00,648.802490234375,648.802490234375,648.802490234375,648.802490234375,200,0.0,0.0
2007-10-24 00:00:00+09:00,648.802490234375,648.802490234375,648.802490234375,648.802490234375,0,0.0,0.0
2007-10-25 00:00:00+09:00,670.4105224609375,670.4105224609375,670.4105224609375,670.4105224609375,800,0.0,0.0
2007-10-26 00:00:00+09:00,632.3123779296875,632.3123779296875,632.3123779296875,632.3123779296875,200,0.0,0.0
2007-10-29 00:00:00+09:00,608.4301276100056,634.018310546875,608.4301276100056,634.018310546875,500,0.0,0.0
2007-10-30 00:00:00+09:00,634.018310546875,634.018310546875,634.018310546875,634.018310546875,0,0.0,0.0
2007-10-31 00:00:00+09:00,634.018310546875,634.018310546875,634.018310546875,634.018310546875,0,0.0,0.0
2007-11-01 00:00:00+09:00,634.018310546875,634.018310546875,634.018310546875,634.018310546875,0,0.0,0.0
2007-11-02 00:00:00+09:00,634.018310546875,634.018310546875,634.018310546875,634.018310546875,0,0.0,0.0
2007-11-05 00:00:00+09:00,642.5476684570312,642.5476684570312,642.5476684570312,642.5476684570312,200,0.0,0.0
2007-11-06 00:00:00+09:00,642.5476443799392,642.5476443799392,638.5672607421874,638.5672607421875,700,0.0,0.0
2007-11-07 00:00:00+09:00,648.233984375,648.233984375,639.70458984375,639.70458984375,2400,0.0,0.0
2007-11-08 00:00:00+09:00,620.9398803710938,620.9398803710938,620.9398803710938,620.9398803710938,100,0.0,0.0
2007-11-09 00:00:00+09:00,620.9398803710938,620.9398803710938,620.9398803710938,620.9398803710938,0,0.0,0.0
2007-11-12 00:00:00+09:00,620.9398803710938,620.9398803710938,620.9398803710938,620.9398803710938,0,0.0,0.0
2007-11-13 00:00:00+09:00,597.0576171875,597.0576171875,585.6850911458333,597.0576171875,1100,0.0,0.0
2007-11-14 00:00:00+09:00,597.0576171875,597.0576171875,597.0576171875,597.0576171875,0,0.0,0.0
2007-11-15 00:00:00+09:00,624.3516235351564,624.3516235351564,624.3516235351564,624.3516235351562,1200,0.0,0.0
2007-11-16 00:00:00+09:00,624.3516235351564,624.3516235351564,624.3516235351564,624.3516235351562,0,0.0,0.0
2007-11-19 00:00:00+09:00,624.3516235351564,624.3516235351564,624.3516235351564,624.3516235351562,0,0.0,0.0
2007-11-20 00:00:00+09:00,624.3516235351564,624.3516235351564,624.3516235351564,624.3516235351562,0,0.0,0.0
2007-11-21 00:00:00+09:00,624.3516235351564,624.3516235351564,624.3516235351564,624.3516235351562,0,0.0,0.0
2007-11-22 00:00:00+09:00,625.4888305664062,625.4888305664062,625.4888305664062,625.4888305664062,800,0.0,0.0
2007-11-26 00:00:00+09:00,625.4888305664062,625.4888305664062,625.4888305664062,625.4888305664062,0,0.0,0.0
2007-11-27 00:00:00+09:00,597.0574694481966,608.4299926757812,597.0574694481966,608.4299926757812,1100,0.0,0.0
2007-11-28 00:00:00+09:00,608.4299926757812,608.4299926757812,608.4299926757812,608.4299926757812,0,0.0,0.0
2007-11-29 00:00:00+09:00,608.4299926757812,608.4299926757812,608.4299926757812,608.4299926757812,100,0.0,0.0
2007-11-30 00:00:00+09:00,602.7440795898438,602.7440795898438,602.7440795898438,602.7440795898438,200,0.0,0.0
2007-12-03 00:00:00+09:00,602.7440795898438,602.7440795898438,602.7440795898438,602.7440795898438,0,0.0,0.0
2007-12-04 00:00:00+09:00,568.626220703125,568.626220703125,568.626220703125,568.626220703125,1200,0.0,0.0
2007-12-05 00:00:00+09:00,568.626220703125,568.626220703125,568.626220703125,568.626220703125,300,0.0,0.0
2007-12-06 00:00:00+09:00,568.626220703125,568.626220703125,568.626220703125,568.626220703125,400,0.0,0.0
2007-12-07 00:00:00+09:00,597.0575129811357,597.0575129811357,582.8418579101562,582.8418579101562,2500,0.0,0.0
2007-12-10 00:00:00+09:00,582.8418579101562,582.8418579101562,582.8418579101562,582.8418579101562,200,0.0,0.0
2007-12-11 00:00:00+09:00,582.8418579101562,582.8418579101562,582.8418579101562,582.8418579101562,0,0.0,0.0
2007-12-12 00:00:00+09:00,574.3123779296875,574.3123779296875,574.3123779296875,574.3123779296875,200,0.0,0.0
2007-12-13 00:00:00+09:00,568.626220703125,568.626220703125,568.626220703125,568.626220703125,300,0.0,0.0
2007-12-14 00:00:00+09:00,574.3125817933058,574.3125817933058,560.096923828125,560.096923828125,1300,0.0,0.0
2007-12-17 00:00:00+09:00,560.096923828125,560.096923828125,560.096923828125,560.096923828125,0,0.0,0.0
2007-12-18 00:00:00+09:00,560.096923828125,560.096923828125,560.096923828125,560.096923828125,0,0.0,0.0
2007-12-19 00:00:00+09:00,560.096923828125,560.096923828125,560.096923828125,560.096923828125,0,0.0,0.0
2007-12-20 00:00:00+09:00,562.9401245117188,562.9401245117188,562.9401245117188,562.9401245117188,5000,0.0,0.0
2007-12-21 00:00:00+09:00,540.7636953642874,562.9401245117188,540.7636953642874,562.9401245117188,4000,0.0,0.0
2007-12-25 00:00:00+09:00,590.8029413019569,590.8029413019569,585.685302734375,585.685302734375,4000,0.0,0.0
2007-12-26 00:00:00+09:00,579.998916163589,579.998916163589,562.9401245117188,562.9401245117188,2500,0.0,0.0
2007-12-27 00:00:00+09:00,562.9399641170058,562.9399641170058,562.371337890625,562.371337890625,2100,0.0,0.0
2007-12-28 00:00:00+09:00,557.2538606277619,562.9401245117188,557.2538606277619,562.9401245117188,2300,0.0,0.0
2008-01-04 00:00:00+09:00,562.9401245117188,562.9401245117188,562.9401245117188,562.9401245117188,0,0.0,0.0
2008-01-07 00:00:00+09:00,568.6263103874363,568.6263103874363,557.2537841796875,557.2537841796875,9300,0.0,0.0
2008-01-08 00:00:00+09:00,557.2537841796875,557.2537841796875,557.2537841796875,557.2537841796875,0,0.0,0.0
2008-01-09 00:00:00+09:00,557.2537841796875,557.2537841796875,557.2537841796875,557.2537841796875,0,0.0,0.0
2008-01-10 00:00:00+09:00,557.2537841796875,557.2537841796875,557.2537841796875,557.2537841796875,0,0.0,0.0
2008-01-11 00:00:00+09:00,557.2537841796875,557.2537841796875,557.2537841796875,557.2537841796875,0,0.0,0.0
2008-01-15 00:00:00+09:00,557.2537841796875,557.2537841796875,557.2537841796875,557.2537841796875,1200,0.0,0.0
2008-01-16 00:00:00+09:00,557.2537841796875,557.2537841796875,557.2537841796875,557.2537841796875,0,0.0,0.0
2008-01-17 00:00:00+09:00,557.2537841796875,557.2537841796875,557.2537841796875,557.2537841796875,0,0.0,0.0
2008-01-18 00:00:00+09:00,557.2537841796875,557.2537841796875,557.2537841796875,557.2537841796875,0,0.0,0.0
2008-01-21 00:00:00+09:00,557.2537841796875,557.2537841796875,557.2537841796875,557.2537841796875,0,0.0,0.0
2008-01-22 00:00:00+09:00,557.2537841796875,557.2537841796875,557.2537841796875,557.2537841796875,0,0.0,0.0
2008-01-23 00:00:00+09:00,557.2537841796875,557.2537841796875,557.2537841796875,557.2537841796875,0,0.0,0.0
2008-01-24 00:00:00+09:00,557.2537841796875,557.2537841796875,557.2537841796875,557.2537841796875,0,0.0,0.0
2008-01-25 00:00:00+09:00,557.2537841796875,557.2537841796875,557.2537841796875,557.2537841796875,900,0.0,0.0
2008-01-28 00:00:00+09:00,557.2537841796875,557.2537841796875,557.2537841796875,557.2537841796875,0,0.0,0.0
2008-01-29 00:00:00+09:00,557.2537841796875,557.2537841796875,557.2537841796875,557.2537841796875,0,0.0,0.0
2008-01-30 00:00:00+09:00,557.2537841796875,557.2537841796875,557.2537841796875,557.2537841796875,0,0.0,0.0
2008-01-31 00:00:00+09:00,557.2537841796875,557.2537841796875,557.2537841796875,557.2537841796875,0,0.0,0.0
2008-02-01 00:00:00+09:00,557.2537841796875,557.2537841796875,557.2537841796875,557.2537841796875,0,0.0,0.0
2008-02-04 00:00:00+09:00,557.2537841796875,557.2537841796875,557.2537841796875,557.2537841796875,100,0.0,0.0
2008-02-05 00:00:00+09:00,557.2537841796875,557.2537841796875,557.2537841796875,557.2537841796875,0,0.0,0.0
2008-02-06 00:00:00+09:00,545.8812255859375,545.8812255859375,545.8812255859375,545.8812255859375,3000,0.0,0.0
2008-02-07 00:00:00+09:00,557.2537841796875,557.2537841796875,557.2537841796875,557.2537841796875,2500,0.0,0.0
2008-02-08 00:00:00+09:00,557.2537841796875,557.2537841796875,557.2537841796875,557.2537841796875,0,0.0,0.0
2008-02-12 00:00:00+09:00,557.2537841796875,557.2537841796875,557.2537841796875,557.2537841796875,0,0.0,0.0
2008-02-13 00:00:00+09:00,557.2537841796875,557.2537841796875,557.2537841796875,557.2537841796875,0,0.0,0.0
2008-02-14 00:00:00+09:00,545.8811559227748,545.8811559227748,543.0380249023438,543.0380249023438,5100,0.0,0.0
2008-02-15 00:00:00+09:00,556.6848754882812,556.6848754882812,556.6848754882812,556.6848754882812,1300,0.0,0.0
2008-02-18 00:00:00+09:00,556.6848754882812,556.6848754882812,556.6848754882812,556.6848754882812,0,0.0,0.0
2008-02-19 00:00:00+09:00,545.8811211340206,551.5673828125,545.8811211340206,551.5673828125,1100,0.0,0.0
2008-02-20 00:00:00+09:00,551.5673828125,551.5673828125,551.5673828125,551.5673828125,0,0.0,0.0
2008-02-21 00:00:00+09:00,540.1950073242188,540.1950073242188,540.1950073242188,540.1950073242188,300,0.0,0.0
2008-02-22 00:00:00+09:00,540.1950073242188,540.1950073242188,540.1950073242188,540.1950073242188,0,0.0,0.0
2008-02-25 00:00:00+09:00,554.4107055664062,554.4107055664062,554.4107055664062,554.4107055664062,1100,0.0,0.0
2008-02-26 00:00:00+09:00,554.4107055664062,554.4107055664062,554.4107055664062,554.4107055664062,0,0.0,0.0
2008-02-27 00:00:00+09:00,552.704635148196,552.704635148196,551.5673828125,551.5673828125,1000,0.0,0.0
2008-02-28 00:00:00+09:00,551.5673828125,551.5673828125,551.5673828125,551.5673828125,0,0.0,0.0
2008-02-29 00:00:00+09:00,551.5673828125,551.5673828125,551.5673828125,551.5673828125,0,0.0,0.0
2008-03-03 00:00:00+09:00,551.5673828125,551.5673828125,551.5673828125,551.5673828125,0,0.0,0.0
2008-03-04 00:00:00+09:00,540.1950073242188,540.1950073242188,540.1950073242188,540.1950073242188,700,0.0,0.0
2008-03-05 00:00:00+09:00,523.1360473632812,523.1360473632812,523.1360473632812,523.1360473632812,300,0.0,0.0
2008-03-06 00:00:00+09:00,535.6459526062011,545.8812255859375,535.6459526062011,545.8812255859375,400,0.0,0.0
2008-03-07 00:00:00+09:00,551.5673828125,551.5673828125,551.5673828125,551.5673828125,2300,0.0,0.0
2008-03-10 00:00:00+09:00,551.5673828125,551.5673828125,551.5673828125,551.5673828125,0,0.0,0.0
2008-03-11 00:00:00+09:00,551.5673828125,551.5673828125,551.5673828125,551.5673828125,0,0.0,0.0
2008-03-12 00:00:00+09:00,551.5673828125,551.5673828125,551.5673828125,551.5673828125,0,0.0,0.0
2008-03-13 00:00:00+09:00,544.7441105668263,544.7441105668263,528.8225708007812,528.8225708007812,1700,0.0,0.0
2008-03-14 00:00:00+09:00,533.9400024414062,533.9400024414062,533.9400024414062,533.9400024414062,1300,0.0,0.0
2008-03-17 00:00:00+09:00,533.9400024414062,533.9400024414062,533.9400024414062,533.9400024414062,0,0.0,0.0
2008-03-18 00:00:00+09:00,533.9400024414062,533.9400024414062,533.9400024414062,533.9400024414062,0,0.0,0.0
2008-03-19 00:00:00+09:00,533.9400024414062,533.9400024414062,533.9400024414062,533.9400024414062,0,0.0,0.0
2008-03-21 00:00:00+09:00,533.9400024414062,533.9400024414062,533.9400024414062,533.9400024414062,0,0.0,0.0
2008-03-24 00:00:00+09:00,533.9400024414062,533.9400024414062,533.9400024414062,533.9400024414062,0,0.0,0.0
2008-03-25 00:00:00+09:00,550.9988403320312,550.9988403320312,550.9988403320312,550.9988403320312,1000,0.0,0.0
2008-03-26 00:00:00+09:00,555.585693359375,555.585693359375,555.585693359375,555.585693359375,0,8.0,0.0
2008-03-27 00:00:00+09:00,555.585693359375,555.585693359375,555.585693359375,555.585693359375,0,0.0,0.0
2008-03-28 00:00:00+09:00,555.585693359375,555.585693359375,555.585693359375,555.585693359375,0,0.0,0.0
2008-03-31 00:00:00+09:00,555.585693359375,555.585693359375,555.585693359375,555.585693359375,0,0.0,0.0
2008-04-01 00:00:00+09:00,544.6918852432914,544.6918852432914,527.4910888671875,527.4910888671875,1000,0.0,0.0
2008-04-02 00:00:00+09:00,528.0645141601562,528.0645141601562,528.0645141601562,528.0645141601562,100,0.0,0.0
2008-04-03 00:00:00+09:00,528.6377563476562,528.6377563476562,528.6377563476562,528.6377563476562,100,0.0,0.0
2008-04-04 00:00:00+09:00,528.6377563476562,528.6377563476562,528.6377563476562,528.6377563476562,0,0.0,0.0
2008-04-07 00:00:00+09:00,555.0123291015625,555.0123291015625,555.0123291015625,555.0123291015625,2300,0.0,0.0
2008-04-08 00:00:00+09:00,532.0780639648438,532.0780639648438,532.0780639648438,532.0780639648438,1000,0.0,0.0
2008-04-09 00:00:00+09:00,532.0780639648438,532.0780639648438,532.0780639648438,532.0780639648438,0,0.0,0.0
2008-04-10 00:00:00+09:00,533.224853515625,533.224853515625,533.224853515625,533.224853515625,200,0.0,0.0
2008-04-11 00:00:00+09:00,533.2248386583831,533.2248386583831,522.9043579101562,522.9043579101562,200,0.0,0.0
2008-04-14 00:00:00+09:00,522.9043579101562,522.9043579101562,522.9043579101562,522.9043579101562,0,0.0,0.0
2008-04-15 00:00:00+09:00,538.9581909179688,538.9581909179688,538.9581909179688,538.9581909179688,1300,0.0,0.0
2008-04-16 00:00:00+09:00,538.9581909179688,538.9581909179688,538.9581909179688,538.9581909179688,0,0.0,0.0
2008-04-17 00:00:00+09:00,538.9581909179688,538.9581909179688,538.9581909179688,538.9581909179688,0,0.0,0.0
2008-04-18 00:00:00+09:00,538.9581909179688,538.9581909179688,538.9581909179688,538.9581909179688,0,0.0,0.0
2008-04-21 00:00:00+09:00,538.9581909179688,538.9581909179688,538.9581909179688,538.9581909179688,0,0.0,0.0
2008-04-22 00:00:00+09:00,538.9581909179688,538.9581909179688,538.9581909179688,538.9581909179688,0,0.0,0.0
2008-04-23 00:00:00+09:00,538.9581909179688,538.9581909179688,538.9581909179688,538.9581909179688,0,0.0,0.0
2008-04-24 00:00:00+09:00,538.9581909179688,538.9581909179688,538.9581909179688,538.9581909179688,0,0.0,0.0
2008-04-25 00:00:00+09:00,544.6920166015625,544.6920166015625,544.6920166015625,544.6920166015625,1000,0.0,0.0
2008-04-28 00:00:00+09:00,544.6920166015625,544.6920166015625,544.6920166015625,544.6920166015625,0,0.0,0.0
2008-04-30 00:00:00+09:00,556.1591186523438,556.1591186523438,556.1591186523438,556.1591186523438,200,0.0,0.0
2008-05-01 00:00:00+09:00,556.1591186523438,556.1591186523438,556.1591186523438,556.1591186523438,0,0.0,0.0
2008-05-02 00:00:00+09:00,563.6127798897879,563.6127798897879,561.8927001953125,561.8927001953125,400,0.0,0.0
2008-05-07 00:00:00+09:00,561.319091796875,561.319091796875,561.319091796875,561.319091796875,2200,0.0,0.0
2008-05-08 00:00:00+09:00,561.319091796875,561.319091796875,561.319091796875,561.319091796875,0,0.0,0.0
2008-05-09 00:00:00+09:00,561.319091796875,561.319091796875,561.319091796875,561.319091796875,0,0.0,0.0
2008-05-12 00:00:00+09:00,561.319091796875,561.319091796875,561.319091796875,561.319091796875,0,0.0,0.0
2008-05-13 00:00:00+09:00,556.1591186523438,556.1591186523438,556.1591186523438,556.1591186523438,100,0.0,0.0
2008-05-14 00:00:00+09:00,556.1591186523438,556.1591186523438,556.1591186523438,556.1591186523438,100,0.0,0.0
2008-05-15 00:00:00+09:00,567.6264038085938,567.6264038085938,567.6264038085938,567.6264038085938,1200,0.0,0.0
2008-05-16 00:00:00+09:00,567.6264038085938,567.6264038085938,567.6264038085938,567.6264038085938,100,0.0,0.0
2008-05-19 00:00:00+09:00,567.6264038085938,567.6264038085938,567.6264038085938,567.6264038085938,0,0.0,0.0
2008-05-20 00:00:00+09:00,567.6264038085938,567.6264038085938,567.6264038085938,567.6264038085938,0,0.0,0.0
2008-05-21 00:00:00+09:00,567.6264038085938,567.6264038085938,567.6264038085938,567.6264038085938,0,0.0,0.0
2008-05-22 00:00:00+09:00,567.6264038085938,567.6264038085938,567.6264038085938,567.6264038085938,100,0.0,0.0
2008-05-23 00:00:00+09:00,573.3599243164062,573.3599243164062,573.3599243164062,573.3599243164062,900,0.0,0.0
2008-05-26 00:00:00+09:00,573.3599243164062,573.3599243164062,573.3599243164062,573.3599243164062,100,0.0,0.0
2008-05-27 00:00:00+09:00,573.3599243164062,573.3599243164062,573.3599243164062,573.3599243164062,0,0.0,0.0
2008-05-28 00:00:00+09:00,573.3599243164062,573.3599243164062,573.3599243164062,573.3599243164062,0,0.0,0.0
2008-05-29 00:00:00+09:00,573.3599243164062,573.3599243164062,573.3599243164062,573.3599243164062,0,0.0,0.0
2008-05-30 00:00:00+09:00,573.3599243164062,573.3599243164062,573.3599243164062,573.3599243164062,0,0.0,0.0
2008-06-02 00:00:00+09:00,573.3599243164062,573.3599243164062,573.3599243164062,573.3599243164062,0,0.0,0.0
2008-06-03 00:00:00+09:00,573.3599243164062,573.3599243164062,573.3599243164062,573.3599243164062,0,0.0,0.0
2008-06-04 00:00:00+09:00,556.1591186523438,557.8791984007531,556.1591186523438,556.1591186523438,1000,0.0,0.0
2008-06-05 00:00:00+09:00,552.7189202724359,559.02587890625,552.7189202724359,559.02587890625,600,0.0,0.0
2008-06-06 00:00:00+09:00,553.2922495692229,555.0123291015625,553.2922495692229,555.0123291015625,1800,0.0,0.0
2008-06-09 00:00:00+09:00,549.2786865234375,549.2786865234375,549.2786865234375,549.2786865234375,3100,0.0,0.0
2008-06-10 00:00:00+09:00,543.5450691385472,543.5450691385472,538.9581909179688,538.9581909179688,400,0.0,0.0
2008-06-11 00:00:00+09:00,538.9581909179688,538.9581909179688,538.9581909179688,538.9581909179688,0,0.0,0.0
2008-06-12 00:00:00+09:00,556.1590828273607,556.1590828273607,527.4910888671875,527.4910888671875,2000,0.0,0.0
2008-06-13 00:00:00+09:00,544.6920166015625,544.6920166015625,544.6920166015625,544.6920166015625,1300,0.0,0.0
2008-06-16 00:00:00+09:00,544.6920166015625,544.6920166015625,544.6920166015625,544.6920166015625,0,0.0,0.0
2008-06-17 00:00:00+09:00,544.6920166015625,544.6920166015625,544.6920166015625,544.6920166015625,0,0.0,0.0
2008-06-18 00:00:00+09:00,527.4910888671875,527.4910888671875,527.4910888671875,527.4910888671875,300,0.0,0.0
2008-06-19 00:00:00+09:00,527.4910888671875,527.4910888671875,527.4910888671875,527.4910888671875,0,0.0,0.0
2008-06-20 00:00:00+09:00,527.4910888671875,527.4910888671875,527.4910888671875,527.4910888671875,0,0.0,0.0
2008-06-23 00:00:00+09:00,527.4910888671875,527.4910888671875,527.4910888671875,527.4910888671875,0,0.0,0.0
2008-06-24 00:00:00+09:00,527.4910888671875,527.4910888671875,527.4910888671875,527.4910888671875,0,0.0,0.0
2008-06-25 00:00:00+09:00,533.2246876592221,533.2246876592221,527.4910888671875,527.4910888671875,1500,0.0,0.0
2008-06-26 00:00:00+09:00,533.2248162520559,544.6920166015625,533.2248162520559,544.6920166015625,3000,0.0,0.0
2008-06-27 00:00:00+09:00,544.6920166015625,544.6920166015625,544.6920166015625,544.6920166015625,0,0.0,0.0
2008-06-30 00:00:00+09:00,544.6920166015625,544.6920166015625,544.6920166015625,544.6920166015625,0,0.0,0.0
2008-07-01 00:00:00+09:00,544.6920166015625,544.6920166015625,544.6920166015625,544.6920166015625,0,0.0,0.0
2008-07-02 00:00:00+09:00,544.6920166015625,544.6920166015625,544.6920166015625,544.6920166015625,0,0.0,0.0
2008-07-03 00:00:00+09:00,544.6920166015625,544.6920166015625,544.6920166015625,544.6920166015625,0,0.0,0.0
2008-07-04 00:00:00+09:00,538.9581909179688,538.9581909179688,538.9581909179688,538.9581909179688,500,0.0,0.0
2008-07-07 00:00:00+09:00,565.9061279296875,565.9061279296875,565.9061279296875,565.9061279296875,6000,0.0,0.0
2008-07-08 00:00:00+09:00,565.9061279296875,565.9061279296875,565.9061279296875,565.9061279296875,0,0.0,0.0
2008-07-09 00:00:00+09:00,565.9061279296875,565.9061279296875,565.9061279296875,565.9061279296875,0,0.0,0.0
2008-07-10 00:00:00+09:00,527.4910888671875,527.4910888671875,527.4910888671875,527.4910888671875,300,0.0,0.0
2008-07-11 00:00:00+09:00,527.4910888671875,527.4910888671875,527.4910888671875,527.4910888671875,0,0.0,0.0
2008-07-14 00:00:00+09:00,527.4910888671875,527.4910888671875,527.4910888671875,527.4910888671875,0,0.0,0.0
2008-07-15 00:00:00+09:00,538.9581909179688,538.9581909179688,538.9581909179688,538.9581909179688,1300,0.0,0.0
2008-07-16 00:00:00+09:00,538.9581909179688,538.9581909179688,538.9581909179688,538.9581909179688,0,0.0,0.0
2008-07-17 00:00:00+09:00,538.9581909179688,538.9581909179688,538.9581909179688,538.9581909179688,0,0.0,0.0
2008-07-18 00:00:00+09:00,538.9581909179688,538.9581909179688,538.9581909179688,538.9581909179688,0,0.0,0.0
2008-07-22 00:00:00+09:00,538.9581909179688,538.9581909179688,538.9581909179688,538.9581909179688,0,0.0,0.0
2008-07-23 00:00:00+09:00,538.9581909179688,538.9581909179688,538.9581909179688,538.9581909179688,0,0.0,0.0
2008-07-24 00:00:00+09:00,538.9581909179688,538.9581909179688,538.9581909179688,538.9581909179688,0,0.0,0.0
2008-07-25 00:00:00+09:00,538.9583224826389,538.9583224826389,487.3559299045139,516.02392578125,7000,0.0,0.0
2008-07-28 00:00:00+09:00,516.02392578125,516.02392578125,516.02392578125,516.02392578125,0,0.0,0.0
2008-07-29 00:00:00+09:00,521.7575073242188,521.7575073242188,521.7575073242188,521.7575073242188,500,0.0,0.0
2008-07-30 00:00:00+09:00,521.7575073242188,521.7575073242188,521.7575073242188,521.7575073242188,0,0.0,0.0
2008-07-31 00:00:00+09:00,521.7575073242188,521.7575073242188,521.7575073242188,521.7575073242188,0,0.0,0.0
2008-08-01 00:00:00+09:00,522.3308848741319,522.3308848741319,516.02392578125,516.02392578125,1000,0.0,0.0
2008-08-04 00:00:00+09:00,527.4910888671875,527.4910888671875,527.4910888671875,527.4910888671875,800,0.0,0.0
2008-08-05 00:00:00+09:00,527.4910888671875,527.4910888671875,527.4910888671875,527.4910888671875,700,0.0,0.0
2008-08-06 00:00:00+09:00,533.224853515625,533.224853515625,533.224853515625,533.224853515625,400,0.0,0.0
2008-08-07 00:00:00+09:00,533.224853515625,533.224853515625,533.224853515625,533.224853515625,3100,0.0,0.0
2008-08-08 00:00:00+09:00,533.224853515625,533.224853515625,533.224853515625,533.224853515625,0,0.0,0.0
2008-08-11 00:00:00+09:00,533.224853515625,533.224853515625,533.224853515625,533.224853515625,0,0.0,0.0
2008-08-12 00:00:00+09:00,533.224853515625,533.224853515625,533.224853515625,533.224853515625,0,0.0,0.0
2008-08-13 00:00:00+09:00,533.224853515625,533.224853515625,533.224853515625,533.224853515625,0,0.0,0.0
2008-08-14 00:00:00+09:00,533.224853515625,533.224853515625,533.224853515625,533.224853515625,100,0.0,0.0
2008-08-15 00:00:00+09:00,533.224853515625,533.224853515625,533.224853515625,533.224853515625,1300,0.0,0.0
2008-08-18 00:00:00+09:00,533.224853515625,533.224853515625,533.224853515625,533.224853515625,0,0.0,0.0
2008-08-19 00:00:00+09:00,533.224853515625,533.224853515625,533.224853515625,533.224853515625,0,0.0,0.0
2008-08-20 00:00:00+09:00,533.224853515625,533.224853515625,533.224853515625,533.224853515625,0,0.0,0.0
2008-08-21 00:00:00+09:00,533.224853515625,533.224853515625,533.224853515625,533.224853515625,0,0.0,0.0
2008-08-22 00:00:00+09:00,533.224853515625,533.224853515625,533.224853515625,533.224853515625,0,0.0,0.0
2008-08-25 00:00:00+09:00,521.7575073242188,521.7575073242188,521.7575073242188,521.7575073242188,1100,0.0,0.0
2008-08-26 00:00:00+09:00,521.7575073242188,521.7575073242188,521.7575073242188,521.7575073242188,0,0.0,0.0
2008-08-27 00:00:00+09:00,516.02392578125,516.02392578125,516.02392578125,516.02392578125,500,0.0,0.0
2008-08-28 00:00:00+09:00,516.02392578125,516.02392578125,516.02392578125,516.02392578125,500,0.0,0.0
2008-08-29 00:00:00+09:00,521.7575073242188,521.7575073242188,521.7575073242188,521.7575073242188,100,0.0,0.0
2008-09-01 00:00:00+09:00,521.7575073242188,521.7575073242188,521.7575073242188,521.7575073242188,0,0.0,0.0
2008-09-02 00:00:00+09:00,521.7575073242188,521.7575073242188,521.7575073242188,521.7575073242188,0,0.0,0.0
2008-09-03 00:00:00+09:00,521.7574676953992,521.7574676953992,516.5972290039062,516.5972290039062,300,0.0,0.0
2008-09-04 00:00:00+09:00,516.5972290039062,516.5972290039062,516.5972290039062,516.5972290039062,0,0.0,0.0
2008-09-05 00:00:00+09:00,517.1705366876039,517.743896484375,517.1705366876039,517.743896484375,1100,0.0,0.0
2008-09-08 00:00:00+09:00,521.7575073242188,521.7575073242188,521.7575073242188,521.7575073242188,3300,0.0,0.0
2008-09-09 00:00:00+09:00,521.7575073242188,521.7575073242188,521.7575073242188,521.7575073242188,0,0.0,0.0
2008-09-10 00:00:00+09:00,521.7575073242188,521.7575073242188,521.7575073242188,521.7575073242188,0,0.0,0.0
2008-09-11 00:00:00+09:00,516.02392578125,516.02392578125,516.02392578125,516.02392578125,300,0.0,0.0
2008-09-12 00:00:00+09:00,518.3173828125,518.3173828125,518.3173828125,518.3173828125,1300,0.0,0.0
2008-09-16 00:00:00+09:00,518.3173828125,518.3173828125,518.3173828125,518.3173828125,0,0.0,0.0
2008-09-17 00:00:00+09:00,518.3173828125,518.3173828125,518.3173828125,518.3173828125,0,0.0,0.0
2008-09-18 00:00:00+09:00,515.45068359375,515.45068359375,515.45068359375,515.45068359375,100,0.0,0.0
2008-09-19 00:00:00+09:00,515.45068359375,515.45068359375,515.45068359375,515.45068359375,0,0.0,0.0
2008-09-22 00:00:00+09:00,513.1571261935765,516.02392578125,513.1571261935765,516.02392578125,2500,0.0,0.0
2008-09-24 00:00:00+09:00,516.02392578125,516.02392578125,516.02392578125,516.02392578125,100,0.0,0.0
2008-09-25 00:00:00+09:00,541.8250732421875,541.8250732421875,541.8250732421875,541.8250732421875,1100,0.0,0.0
2008-09-26 00:00:00+09:00,541.8250732421875,541.8250732421875,541.8250732421875,541.8250732421875,0,0.0,0.0
2008-09-29 00:00:00+09:00,541.8250732421875,541.8250732421875,541.8250732421875,541.8250732421875,0,0.0,0.0
2008-09-30 00:00:00+09:00,517.1706016283357,517.1706016283357,510.290283203125,510.290283203125,500,0.0,0.0
2008-10-01 00:00:00+09:00,510.290283203125,510.290283203125,510.290283203125,510.290283203125,0,0.0,0.0
2008-10-02 00:00:00+09:00,516.5972856987847,516.5972856987847,516.02392578125,516.02392578125,600,0.0,0.0
2008-10-03 00:00:00+09:00,510.29035753374984,510.29035753374984,507.9969177246094,507.9969177246094,1200,0.0,0.0
2008-10-06 00:00:00+09:00,502.26328844720916,502.26328844720916,495.95632934570307,495.9563293457031,1800,0.0,0.0
2008-10-07 00:00:00+09:00,501.6899108886718,501.6899108886718,501.6899108886718,501.6899108886719,3400,0.0,0.0
2008-10-08 00:00:00+09:00,487.35586547851557,487.35586547851557,487.35586547851557,487.3558654785156,100,0.0,0.0
2008-10-09 00:00:00+09:00,430.0198974609375,430.0198974609375,430.0198974609375,430.0198974609375,100,0.0,0.0
2008-10-10 00:00:00+09:00,412.8191833496094,412.8191833496094,412.8191833496094,412.8191833496094,900,0.0,0.0
2008-10-14 00:00:00+09:00,430.0198974609375,430.0198974609375,430.0198974609375,430.0198974609375,100,0.0,0.0
2008-10-15 00:00:00+09:00,441.487060546875,441.487060546875,441.487060546875,441.487060546875,1600,0.0,0.0
2008-10-16 00:00:00+09:00,441.487060546875,441.487060546875,441.487060546875,441.487060546875,0,0.0,0.0
2008-10-17 00:00:00+09:00,412.8191833496094,412.8191833496094,412.8191833496094,412.8191833496094,2000,0.0,0.0
2008-10-20 00:00:00+09:00,412.8191833496094,412.8191833496094,412.8191833496094,412.8191833496094,0,0.0,0.0
2008-10-21 00:00:00+09:00,412.8191833496094,412.8191833496094,412.8191833496094,412.8191833496094,40100,0.0,0.0
2008-10-22 00:00:00+09:00,412.8191833496094,412.8191833496094,412.8191833496094,412.8191833496094,0,0.0,0.0
2008-10-23 00:00:00+09:00,412.8191833496094,412.8191833496094,412.8191833496094,412.8191833496094,0,0.0,0.0
2008-10-24 00:00:00+09:00,433.4600219726562,433.4600219726562,433.4600219726562,433.46002197265625,1100,0.0,0.0
2008-10-27 00:00:00+09:00,433.4600219726562,433.4600219726562,433.4600219726562,433.46002197265625,0,0.0,0.0
2008-10-28 00:00:00+09:00,433.4600219726562,433.4600219726562,433.4600219726562,433.46002197265625,0,0.0,0.0
2008-10-29 00:00:00+09:00,433.4600219726562,433.4600219726562,433.4600219726562,433.46002197265625,0,0.0,0.0
2008-10-30 00:00:00+09:00,430.0198974609375,430.0198974609375,430.0198974609375,430.0198974609375,100,0.0,0.0
2008-10-31 00:00:00+09:00,418.5526677911932,441.487060546875,418.5526677911932,441.487060546875,600,0.0,0.0
2008-11-04 00:00:00+09:00,430.01998265584314,430.01998265584314,412.8191833496094,412.8191833496094,1900,0.0,0.0
2008-11-05 00:00:00+09:00,424.28628540039057,424.28628540039057,424.28628540039057,424.2862854003906,100,0.0,0.0
2008-11-06 00:00:00+09:00,425.43300509066194,425.43300509066194,424.28628540039057,424.2862854003906,500,0.0,0.0
2008-11-07 00:00:00+09:00,445.5006713867187,445.5006713867187,445.5006713867187,445.50067138671875,4000,0.0,0.0
2008-11-10 00:00:00+09:00,445.5006713867187,445.5006713867187,445.5006713867187,445.50067138671875,0,0.0,0.0
2008-11-11 00:00:00+09:00,468.4349253429428,468.4349253429428,439.7669372558594,439.7669372558594,200,0.0,0.0
2008-11-12 00:00:00+09:00,456.9678039550781,456.9678039550781,456.9678039550781,456.9678039550781,100,0.0,0.0
2008-11-13 00:00:00+09:00,446.0740789396357,447.7941589355469,446.0740789396357,447.7941589355469,900,0.0,0.0
2008-11-14 00:00:00+09:00,470.15502929687494,470.15502929687494,470.15502929687494,470.155029296875,1400,0.0,0.0
2008-11-17 00:00:00+09:00,475.8887939453125,475.8887939453125,475.8887939453125,475.8887939453125,100,0.0,0.0
2008-11-18 00:00:00+09:00,475.8887939453125,475.8887939453125,475.8887939453125,475.8887939453125,0,0.0,0.0
2008-11-19 00:00:00+09:00,475.8887939453125,475.8887939453125,475.8887939453125,475.8887939453125,0,0.0,0.0
2008-11-20 00:00:00+09:00,458.6879272460937,458.6879272460937,458.6879272460937,458.68792724609375,600,0.0,0.0
2008-11-21 00:00:00+09:00,458.6879272460937,458.6879272460937,458.6879272460937,458.68792724609375,0,0.0,0.0
2008-11-25 00:00:00+09:00,470.15503652472245,470.15503652472245,435.7534484863281,435.7534484863281,2100,0.0,0.0
2008-11-26 00:00:00+09:00,435.7534484863281,435.7534484863281,435.7534484863281,435.7534484863281,0,0.0,0.0
2008-11-27 00:00:00+09:00,447.22058105468744,447.22058105468744,447.22058105468744,447.2205810546875,100,0.0,0.0
2008-11-28 00:00:00+09:00,458.6879272460937,458.6879272460937,458.6879272460937,458.68792724609375,100,0.0,0.0
2008-12-01 00:00:00+09:00,458.6879272460937,458.6879272460937,458.6879272460937,458.68792724609375,0,0.0,0.0
2008-12-02 00:00:00+09:00,447.22058105468744,447.22058105468744,447.22058105468744,447.2205810546875,1000,0.0,0.0
2008-12-03 00:00:00+09:00,448.367431640625,448.367431640625,448.367431640625,448.367431640625,100,0.0,0.0
2008-12-04 00:00:00+09:00,448.94079556261823,448.94079556261823,391.03144645428563,416.8326416015625,4300,0.0,0.0
2008-12-05 00:00:00+09:00,417.4059455968156,452.9542541503906,417.4059455968156,452.9542541503906,500,0.0,0.0
2008-12-08 00:00:00+09:00,447.22080900393166,447.22080900393166,440.3404888654096,440.9138488769531,3800,0.0,0.0
2008-12-09 00:00:00+09:00,440.9138488769531,440.9138488769531,440.9138488769531,440.9138488769531,0,0.0,0.0
2008-12-10 00:00:00+09:00,440.9138488769531,440.9138488769531,440.9138488769531,440.9138488769531,0,0.0,0.0
2008-12-11 00:00:00+09:00,440.9138488769531,440.9138488769531,440.9138488769531,440.9138488769531,0,0.0,0.0
2008-12-12 00:00:00+09:00,440.9138488769531,440.9138488769531,440.9138488769531,440.9138488769531,0,0.0,0.0
2008-12-15 00:00:00+09:00,446.6472778320312,446.6472778320312,446.6472778320312,446.64727783203125,1600,0.0,0.0
2008-12-16 00:00:00+09:00,446.6472778320312,446.6472778320312,446.6472778320312,446.64727783203125,0,0.0,0.0
2008-12-17 00:00:00+09:00,446.6472778320312,446.6472778320312,446.6472778320312,446.64727783203125,0,0.0,0.0
2008-12-18 00:00:00+09:00,446.6472778320312,446.6472778320312,446.6472778320312,446.64727783203125,0,0.0,0.0
2008-12-19 00:00:00+09:00,446.6472778320312,446.6472778320312,446.6472778320312,446.64727783203125,0,0.0,0.0
2008-12-22 00:00:00+09:00,431.1666303535857,431.739990234375,431.1666303535857,431.739990234375,400,0.0,0.0
2008-12-24 00:00:00+09:00,434.0335439791216,434.0335439791216,430.5933837890625,430.5933837890625,700,0.0,0.0
2008-12-25 00:00:00+09:00,451.8076519984256,452.3810119628906,451.8076519984256,452.3810119628906,5300,0.0,0.0
2008-12-26 00:00:00+09:00,435.7534484863281,435.7534484863281,435.7534484863281,435.7534484863281,400,0.0,0.0
2008-12-29 00:00:00+09:00,435.7534484863281,435.7534484863281,435.7534484863281,435.7534484863281,0,0.0,0.0
2008-12-30 00:00:00+09:00,441.487060546875,441.487060546875,441.487060546875,441.487060546875,100,0.0,0.0
2009-01-05 00:00:00+09:00,458.6879620688983,459.2613220214844,458.6879620688983,459.2613220214844,900,0.0,0.0
2009-01-06 00:00:00+09:00,459.8346462336061,506.85015869140625,459.8346462336061,506.85015869140625,1200,0.0,0.0
2009-01-07 00:00:00+09:00,532.0778152811488,532.0778152811488,531.5044555664062,531.5044555664062,8000,0.0,0.0
2009-01-08 00:00:00+09:00,531.5044555664062,531.5044555664062,531.5044555664062,531.5044555664062,0,0.0,0.0
2009-01-09 00:00:00+09:00,531.5044555664062,531.5044555664062,531.5044555664062,531.5044555664062,0,0.0,0.0
2009-01-13 00:00:00+09:00,528.0645141601562,528.0645141601562,528.0645141601562,528.0645141601562,400,0.0,0.0
2009-01-14 00:00:00+09:00,521.7576336154037,522.3309936523438,521.7576336154037,522.3309936523438,300,0.0,0.0
2009-01-15 00:00:00+09:00,541.8250732421875,541.8250732421875,541.8250732421875,541.8250732421875,1300,0.0,0.0
2009-01-16 00:00:00+09:00,541.8250732421875,541.8250732421875,541.8250732421875,541.8250732421875,0,0.0,0.0
2009-01-19 00:00:00+09:00,541.8250732421875,541.8250732421875,541.8250732421875,541.8250732421875,0,0.0,0.0
2009-01-20 00:00:00+09:00,541.8250732421875,541.8250732421875,541.8250732421875,541.8250732421875,0,0.0,0.0
2009-01-21 00:00:00+09:00,541.8250732421875,541.8250732421875,541.8250732421875,541.8250732421875,0,0.0,0.0
2009-01-22 00:00:00+09:00,527.4910888671875,527.4910888671875,527.4910888671875,527.4910888671875,100,0.0,0.0
2009-01-23 00:00:00+09:00,531.5044555664062,531.5044555664062,531.5044555664062,531.5044555664062,900,0.0,0.0
2009-01-26 00:00:00+09:00,531.5044555664062,531.5044555664062,531.5044555664062,531.5044555664062,0,0.0,0.0
2009-01-27 00:00:00+09:00,531.5044555664062,531.5044555664062,531.5044555664062,531.5044555664062,0,0.0,0.0
2009-01-28 00:00:00+09:00,531.5044555664062,531.5044555664062,531.5044555664062,531.5044555664062,0,0.0,0.0
2009-01-29 00:00:00+09:00,531.5044555664062,531.5044555664062,531.5044555664062,531.5044555664062,0,0.0,0.0
2009-01-30 00:00:00+09:00,531.5044555664062,531.5044555664062,531.5044555664062,531.5044555664062,0,0.0,0.0
2009-02-02 00:00:00+09:00,531.5044555664062,531.5044555664062,531.5044555664062,531.5044555664062,0,0.0,0.0
2009-02-03 00:00:00+09:00,524.6243245442708,524.6243245442708,516.02392578125,516.02392578125,2000,0.0,0.0
2009-02-04 00:00:00+09:00,516.5972772707885,516.5972772707885,498.8231201171875,498.8231201171875,500,0.0,0.0
2009-02-05 00:00:00+09:00,498.8231201171875,498.8231201171875,498.8231201171875,498.8231201171875,0,0.0,0.0
2009-02-06 00:00:00+09:00,511.4370813561766,516.5973209662725,511.4370813561766,512.5838012695312,1100,0.0,0.0
2009-02-09 00:00:00+09:00,506.85020170275794,512.5838012695312,506.85020170275794,512.5838012695312,7000,0.0,0.0
2009-02-10 00:00:00+09:00,501.1165866427951,501.1165866427951,490.2227478027343,490.2227478027344,600,0.0,0.0
2009-02-12 00:00:00+09:00,492.5161875585366,493.08954749748716,478.755549023723,490.2227478027344,2400,0.0,0.0
2009-02-13 00:00:00+09:00,484.48906422246455,484.48906422246455,467.2882690429688,467.28826904296875,1800,0.0,0.0
2009-02-16 00:00:00+09:00,455.8212110516998,455.8212110516998,453.52777099609375,453.52777099609375,300,0.0,0.0
2009-02-17 00:00:00+09:00,447.22058105468744,447.22058105468744,447.22058105468744,447.2205810546875,100,0.0,0.0
2009-02-18 00:00:00+09:00,447.79394077398837,447.79394077398837,447.22058105468744,447.2205810546875,300,0.0,0.0
2009-02-19 00:00:00+09:00,434.033447265625,434.033447265625,434.033447265625,434.033447265625,100,0.0,0.0
2009-02-20 00:00:00+09:00,456.9678705642212,456.9678705642212,376.6974792480468,376.6974792480469,40900,0.0,0.0
2009-02-23 00:00:00+09:00,370.9638738682308,372.6839536543277,319.36148028532386,327.3885192871094,11300,0.0,0.0
2009-02-24 00:00:00+09:00,325.66838500976564,346.8826988220215,325.66838500976564,344.0158996582031,4100,0.0,0.0
2009-02-25 00:00:00+09:00,361.2167718605917,364.08357163726305,349.74957275390625,349.74957275390625,2300,0.0,0.0
2009-02-26 00:00:00+09:00,355.4831790924072,369.81717824935913,355.4831790924072,366.95037841796875,3200,0.0,0.0
2009-02-27 00:00:00+09:00,378.4175551940347,378.4175551940347,366.9503565517913,368.0970764160156,1700,0.0,0.0
2009-03-02 00:00:00+09:00,372.6839599609375,372.6839599609375,372.6839599609375,372.6839599609375,300,0.0,0.0
2009-03-03 00:00:00+09:00,372.6839599609375,372.6839599609375,372.6839599609375,372.6839599609375,0,0.0,0.0
2009-03-04 00:00:00+09:00,372.11060002253606,372.6839599609375,372.11060002253606,372.6839599609375,900,0.0,0.0
2009-03-05 00:00:00+09:00,378.4174499511719,378.4174499511719,374.40393154259885,378.4174499511719,1200,0.0,0.0
2009-03-06 00:00:00+09:00,380.1376166439881,397.9117736816407,378.9908968351073,397.9117736816406,2700,0.0,0.0
2009-03-09 00:00:00+09:00,401.35192871093744,401.35192871093744,401.35192871093744,401.3519287109375,4400,0.0,0.0
2009-03-10 00:00:00+09:00,401.35192871093744,401.35192871093744,401.35192871093744,401.3519287109375,0,0.0,0.0
2009-03-11 00:00:00+09:00,401.35192871093744,401.35192871093744,401.35192871093744,401.3519287109375,0,0.0,0.0
2009-03-12 00:00:00+09:00,393.32487713357676,395.6183166503906,389.88471785835594,395.6183166503906,900,0.0,0.0
2009-03-13 00:00:00+09:00,401.35192871093744,401.35192871093744,401.35192871093744,401.3519287109375,1800,0.0,0.0
2009-03-16 00:00:00+09:00,401.35192871093744,401.35192871093744,401.35192871093744,401.3519287109375,0,0.0,0.0
2009-03-17 00:00:00+09:00,383.5776879050515,383.5776879050515,378.4174499511719,378.4174499511719,700,0.0,0.0
2009-03-18 00:00:00+09:00,384.1511535644532,384.1511535644532,384.1511535644532,384.1511535644531,300,0.0,0.0
2009-03-19 00:00:00+09:00,394.47159689198367,395.6183166503906,394.47159689198367,395.6183166503906,200,0.0,0.0
2009-03-23 00:00:00+09:00,372.6839861994715,373.2573461782399,372.11062622070307,372.1106262207031,5400,0.0,0.0
2009-03-24 00:00:00+09:00,378.9909100950305,379.56427001953125,378.9909100950305,379.56427001953125,200,0.0,0.0
2009-03-25 00:00:00+09:00,391.03160540262854,391.03160540262854,385.2980041503906,385.2980041503906,1400,0.0,0.0
2009-03-26 00:00:00+09:00,385.2980041503906,385.2980041503906,385.2980041503906,385.2980041503906,0,0.0,0.0
2009-03-27 00:00:00+09:00,385.2980041503906,385.2980041503906,385.2980041503906,385.2980041503906,200,0.0,0.0
2009-03-30 00:00:00+09:00,385.2980041503906,385.2980041503906,385.2980041503906,385.2980041503906,0,0.0,0.0
2009-03-31 00:00:00+09:00,373.8306579589844,373.8306579589844,373.8306579589844,373.8306579589844,200,0.0,0.0
2009-04-01 00:00:00+09:00,373.8306579589844,373.8306579589844,373.8306579589844,373.8306579589844,200,0.0,0.0
2009-04-02 00:00:00+09:00,380.137621146092,382.4310607910156,379.5642612348611,382.4310607910156,500,0.0,0.0
2009-04-03 00:00:00+09:00,393.8982860118419,393.8982860118419,381.8577270507812,381.85772705078125,1900,0.0,0.0
2009-04-06 00:00:00+09:00,383.00444968244153,398.48516845703125,383.00444968244153,398.48516845703125,800,0.0,0.0
2009-04-07 00:00:00+09:00,401.35192871093744,401.35192871093744,401.35192871093744,401.3519287109375,7400,0.0,0.0
2009-04-08 00:00:00+09:00,401.35192871093744,401.35192871093744,401.35192871093744,401.3519287109375,0,0.0,0.0
2009-04-09 00:00:00+09:00,401.92528860909596,401.92528860909596,395.61832972935264,401.3519287109375,2100,0.0,0.0
2009-04-10 00:00:00+09:00,412.8191833496094,412.8191833496094,412.8191833496094,412.8191833496094,400,0.0,0.0
2009-04-13 00:00:00+09:00,412.2458737890208,412.2458737890208,398.4852326611536,403.0721130371094,1500,0.0,0.0
2009-04-14 00:00:00+09:00,409.9523358061436,414.5392150878906,403.07201688352296,414.5392150878906,1700,0.0,0.0
2009-04-15 00:00:00+09:00,426.0063781738282,426.0063781738282,426.0063781738282,426.0063781738281,1900,0.0,0.0
2009-04-16 00:00:00+09:00,426.0063781738282,426.0063781738282,426.0063781738282,426.0063781738281,0,0.0,0.0
2009-04-17 00:00:00+09:00,407.08551025390625,407.08551025390625,407.08551025390625,407.08551025390625,300,0.0,0.0
2009-04-20 00:00:00+09:00,407.6589182809185,407.6589182809185,405.365478515625,405.365478515625,1100,0.0,0.0
2009-04-21 00:00:00+09:00,405.365478515625,407.08555833959514,405.365478515625,405.365478515625,500,0.0,0.0
2009-04-22 00:00:00+09:00,405.36543113197087,419.1260681152344,405.36543113197087,419.1260681152344,800,0.0,0.0
2009-04-23 00:00:00+09:00,417.9794006347656,417.9794006347656,417.9794006347656,417.9794006347656,400,0.0,0.0
2009-04-24 00:00:00+09:00,419.69949340820307,419.69949340820307,419.69949340820307,419.6994934082031,1200,0.0,0.0
2009-04-27 00:00:00+09:00,419.69949340820307,419.69949340820307,419.69949340820307,419.6994934082031,0,0.0,0.0
2009-04-28 00:00:00+09:00,418.5526733398437,418.5526733398437,418.5526733398437,418.55267333984375,400,0.0,0.0
2009-04-30 00:00:00+09:00,418.55272985984976,434.033447265625,418.55272985984976,434.033447265625,400,0.0,0.0
2009-05-01 00:00:00+09:00,432.8866632634943,441.487060546875,430.0198641690341,441.487060546875,1200,0.0,0.0
2009-05-07 00:00:00+09:00,441.487060546875,441.487060546875,441.487060546875,441.487060546875,3900,0.0,0.0
2009-05-08 00:00:00+09:00,441.487060546875,441.487060546875,441.487060546875,441.487060546875,0,0.0,0.0
2009-05-11 00:00:00+09:00,432.8865880721654,447.22058105468744,432.8865880721654,447.2205810546875,500,0.0,0.0
2009-05-12 00:00:00+09:00,433.4600219726562,433.4600219726562,433.4600219726562,433.46002197265625,600,0.0,0.0
2009-05-13 00:00:00+09:00,432.8867492675782,432.8867492675782,432.8867492675782,432.8867492675781,200,0.0,0.0
2009-05-14 00:00:00+09:00,432.8868087153441,440.9138488769531,432.8868087153441,440.9138488769531,300,0.0,0.0
2009-05-15 00:00:00+09:00,446.6473334960937,446.6473334960937,430.0198974609375,430.0198974609375,2000,0.0,0.0
2009-05-18 00:00:00+09:00,430.0198974609375,430.0198974609375,430.0198974609375,430.0198974609375,0,0.0,0.0
2009-05-19 00:00:00+09:00,430.0198974609375,430.0198974609375,430.0198974609375,430.0198974609375,0,0.0,0.0
2009-05-20 00:00:00+09:00,430.0198974609375,430.0198974609375,430.0198974609375,430.0198974609375,0,0.0,0.0
2009-05-21 00:00:00+09:00,430.0198974609375,430.0198974609375,430.0198974609375,430.0198974609375,0,0.0,0.0
2009-05-22 00:00:00+09:00,424.28628540039057,424.28628540039057,424.28628540039057,424.2862854003906,800,0.0,0.0
2009-05-25 00:00:00+09:00,435.7534484863281,435.7534484863281,435.7534484863281,435.7534484863281,1100,0.0,0.0
2009-05-26 00:00:00+09:00,418.5526733398437,418.5526733398437,418.5526733398437,418.55267333984375,900,0.0,0.0
2009-05-27 00:00:00+09:00,418.5526733398437,418.5526733398437,418.5526733398437,418.55267333984375,0,0.0,0.0
2009-05-28 00:00:00+09:00,418.5526733398437,418.5526733398437,418.5526733398437,418.55267333984375,0,0.0,0.0
2009-05-29 00:00:00+09:00,421.9928132709704,435.7534484863281,421.4194534703305,435.7534484863281,900,0.0,0.0
2009-06-01 00:00:00+09:00,421.4195861816406,421.4195861816406,421.4195861816406,421.4195861816406,200,0.0,0.0
2009-06-02 00:00:00+09:00,423.1395328722502,435.7534484863281,423.1395328722502,435.7534484863281,3300,0.0,0.0
2009-06-03 00:00:00+09:00,435.7534484863281,435.7534484863281,435.7534484863281,435.7534484863281,0,0.0,0.0
2009-06-04 00:00:00+09:00,438.62033081054693,438.62033081054693,438.62033081054693,438.6203308105469,1000,0.0,0.0
2009-06-05 00:00:00+09:00,444.35397246038053,452.3810119628906,442.0605326025205,452.3810119628906,1600,0.0,0.0
2009-06-08 00:00:00+09:00,458.11462402343744,458.11462402343744,458.11462402343744,458.1146240234375,3800,0.0,0.0
2009-06-09 00:00:00+09:00,458.11462402343744,458.11462402343744,458.11462402343744,458.1146240234375,0,0.0,0.0
2009-06-10 00:00:00+09:00,458.11462402343744,458.11462402343744,458.11462402343744,458.1146240234375,300,0.0,0.0
2009-06-11 00:00:00+09:00,452.9542541503906,452.9542541503906,452.9542541503906,452.9542541503906,200,0.0,0.0
2009-06-12 00:00:00+09:00,452.9542541503906,452.9542541503906,452.9542541503906,452.9542541503906,0,0.0,0.0
2009-06-15 00:00:00+09:00,475.3153737578002,475.3153737578002,455.8211364746094,455.8211364746094,2100,0.0,0.0
2009-06-16 00:00:00+09:00,446.0740051269531,446.0740051269531,446.0740051269531,446.0740051269531,100,0.0,0.0
2009-06-17 00:00:00+09:00,455.8211364746094,455.8211364746094,455.8211364746094,455.8211364746094,100,0.0,0.0
2009-06-18 00:00:00+09:00,456.3943786621094,456.3943786621094,456.3943786621094,456.3943786621094,100,0.0,0.0
2009-06-19 00:00:00+09:00,456.3943786621094,456.3943786621094,456.3943786621094,456.3943786621094,0,0.0,0.0
2009-06-22 00:00:00+09:00,456.3943786621094,456.3943786621094,456.3943786621094,456.3943786621094,0,0.0,0.0
2009-06-23 00:00:00+09:00,459.2613220214844,459.2613220214844,459.2613220214844,459.2613220214844,100,0.0,0.0
2009-06-24 00:00:00+09:00,464.99471998157344,476.4619140625,464.99471998157344,476.4619140625,300,0.0,0.0
2009-06-25 00:00:00+09:00,481.62224671990595,481.62224671990595,464.99481201171875,464.99481201171875,1500,0.0,0.0
2009-06-26 00:00:00+09:00,465.56820678710943,465.56820678710943,465.56820678710943,465.5682067871094,100,0.0,0.0
2009-06-29 00:00:00+09:00,487.3559091257495,493.0895080566407,481.6223101948583,493.0895080566406,500,0.0,0.0
2009-06-30 00:00:00+09:00,487.35586547851557,487.35586547851557,484.48906626981847,487.3558654785156,3200,0.0,0.0
2009-07-01 00:00:00+09:00,509.1436157226562,509.1436157226562,509.1436157226562,509.14361572265625,200,0.0,0.0
2009-07-02 00:00:00+09:00,509.1436157226562,509.1436157226562,509.1436157226562,509.14361572265625,0,0.0,0.0
2009-07-03 00:00:00+09:00,507.4234313964844,507.4234313964844,507.4234313964844,507.4234313964844,100,0.0,0.0
2009-07-06 00:00:00+09:00,510.29036571992845,513.1571655273438,510.29036571992845,513.1571655273438,3500,0.0,0.0
2009-07-07 00:00:00+09:00,507.4234313964844,507.4234313964844,507.4234313964844,507.4234313964844,6200,0.0,0.0
2009-07-08 00:00:00+09:00,507.4234313964844,507.4234313964844,507.4234313964844,507.4234313964844,0,0.0,0.0
2009-07-09 00:00:00+09:00,507.4234313964844,507.4234313964844,507.4234313964844,507.4234313964844,0,0.0,0.0
2009-07-10 00:00:00+09:00,507.4234313964844,507.4234313964844,507.4234313964844,507.4234313964844,0,0.0,0.0
2009-07-13 00:00:00+09:00,498.8231201171875,498.8231201171875,498.8231201171875,498.8231201171875,200,0.0,0.0
2009-07-14 00:00:00+09:00,498.8231201171875,498.8231201171875,498.8231201171875,498.8231201171875,500,0.0,0.0
2009-07-15 00:00:00+09:00,504.55666073069847,504.55666073069847,487.35586547851557,487.3558654785156,2000,0.0,0.0
2009-07-16 00:00:00+09:00,487.35586547851557,487.35586547851557,487.35586547851557,487.3558654785156,0,0.0,0.0
2009-07-17 00:00:00+09:00,487.35586547851557,487.35586547851557,487.35586547851557,487.3558654785156,0,0.0,0.0
2009-07-21 00:00:00+09:00,487.35586547851557,487.35586547851557,487.35586547851557,487.3558654785156,0,0.0,0.0
2009-07-22 00:00:00+09:00,490.2227478027343,490.2227478027343,490.2227478027343,490.2227478027344,900,0.0,0.0
2009-07-23 00:00:00+09:00,498.8231201171875,498.8231201171875,498.8231201171875,498.8231201171875,100,0.0,0.0
2009-07-24 00:00:00+09:00,513.15705835679,513.15705835679,487.35586547851557,487.3558654785156,4800,0.0,0.0
2009-07-27 00:00:00+09:00,485.06249999999994,485.06249999999994,485.06249999999994,485.0625,100,0.0,0.0
2009-07-28 00:00:00+09:00,485.06249999999994,485.06249999999994,485.06249999999994,485.0625,0,0.0,0.0
2009-07-29 00:00:00+09:00,486.20906238443047,486.20906238443047,484.4889831542969,484.4889831542969,1200,0.0,0.0
2009-07-30 00:00:00+09:00,484.4889831542969,484.4889831542969,484.4889831542969,484.4889831542969,0,0.0,0.0
2009-07-31 00:00:00+09:00,484.4889831542969,484.4889831542969,484.4889831542969,484.4889831542969,0,0.0,0.0
2009-08-03 00:00:00+09:00,495.38294762899716,495.38294762899716,493.0895080566407,493.0895080566406,1000,0.0,0.0
2009-08-04 00:00:00+09:00,493.0895080566407,493.0895080566407,493.0895080566407,493.0895080566406,200,0.0,0.0
2009-08-05 00:00:00+09:00,494.80957031249994,494.80957031249994,494.80957031249994,494.8095703125,100,0.0,0.0
2009-08-06 00:00:00+09:00,498.8230218018402,509.71685791015625,495.95622282596753,509.71685791015625,3100,0.0,0.0
2009-08-07 00:00:00+09:00,503.9834289550781,503.9834289550781,503.9834289550781,503.9834289550781,3500,0.0,0.0
2009-08-10 00:00:00+09:00,489.075927734375,489.075927734375,489.075927734375,489.075927734375,100,0.0,0.0
2009-08-11 00:00:00+09:00,489.07602411905924,489.07602411905924,481.6223449707031,481.6223449707031,1100,0.0,0.0
2009-08-12 00:00:00+09:00,493.0895080566407,493.0895080566407,493.0895080566407,493.0895080566406,100,0.0,0.0
2009-08-13 00:00:00+09:00,493.0895080566407,493.0895080566407,493.0895080566407,493.0895080566406,0,0.0,0.0
2009-08-14 00:00:00+09:00,487.35586547851557,487.35586547851557,487.35586547851557,487.3558654785156,1300,0.0,0.0
2009-08-17 00:00:00+09:00,487.35586547851557,487.35586547851557,487.35586547851557,487.3558654785156,0,0.0,0.0
2009-08-18 00:00:00+09:00,487.35586547851557,487.35586547851557,487.35586547851557,487.3558654785156,0,0.0,0.0
2009-08-19 00:00:00+09:00,478.75552406311033,478.75552406311033,458.6879272460937,458.68792724609375,1700,0.0,0.0
2009-08-20 00:00:00+09:00,458.6877754407051,458.6877754407051,447.22058105468744,447.2205810546875,6200,0.0,0.0
2009-08-21 00:00:00+09:00,450.0875549316406,450.0875549316406,450.0875549316406,450.0875549316406,100,0.0,0.0
2009-08-24 00:00:00+09:00,447.22058105468744,447.22058105468744,447.22058105468744,447.2205810546875,400,0.0,0.0
2009-08-25 00:00:00+09:00,458.6879272460937,458.6879272460937,458.6879272460937,458.68792724609375,1000,0.0,0.0
2009-08-26 00:00:00+09:00,458.6879272460937,458.6879272460937,458.6879272460937,458.68792724609375,0,0.0,0.0
2009-08-27 00:00:00+09:00,441.4870947265625,441.4870947265625,430.0198974609375,430.0198974609375,1800,0.0,0.0
2009-08-28 00:00:00+09:00,407.08557654316485,430.01997522165306,399.6318969726562,399.63189697265625,13400,0.0,0.0
2009-08-31 00:00:00+09:00,411.09905148377,411.6724113882104,390.4580949239154,397.9117736816406,3200,0.0,0.0
2009-09-02 00:00:00+09:00,392.75152587890625,392.75152587890625,392.75152587890625,392.75152587890625,300,0.0,0.0
2009-09-03 00:00:00+09:00,401.9252970630862,414.5392150878906,401.9252970630862,414.5392150878906,1800,0.0,0.0
2009-09-04 00:00:00+09:00,408.80560738699774,408.80560738699774,400.778568812779,401.3519287109375,5400,0.0,0.0
2009-09-07 00:00:00+09:00,421.4195666416086,421.4195666416086,398.48516845703125,398.48516845703125,4600,0.0,0.0
2009-09-08 00:00:00+09:00,401.35198381212024,412.8191833496094,401.35198381212024,412.8191833496094,200,0.0,0.0
2009-09-09 00:00:00+09:00,412.8191833496094,412.8191833496094,412.8191833496094,412.8191833496094,0,0.0,0.0
2009-09-10 00:00:00+09:00,401.35191544242525,401.35191544242525,395.6183166503906,395.6183166503906,2000,0.0,0.0
2009-09-11 00:00:00+09:00,395.6183166503906,395.6183166503906,389.88471785835594,395.6183166503906,1700,0.0,0.0
2009-09-14 00:00:00+09:00,395.6183166503906,395.6183166503906,395.6183166503906,395.6183166503906,0,0.0,0.0
2009-09-15 00:00:00+09:00,401.35192871093744,401.35192871093744,401.35192871093744,401.3519287109375,1600,0.0,0.0
2009-09-16 00:00:00+09:00,389.88473074776783,389.88473074776783,372.68393380301336,373.2572937011719,4200,0.0,0.0
2009-09-17 00:00:00+09:00,381.85773754119873,381.85773754119873,366.95037841796875,366.95037841796875,700,0.0,0.0
2009-09-18 00:00:00+09:00,364.08358444706084,364.08358444706084,344.0159853043095,355.4831848144531,3900,0.0,0.0
2009-09-21 00:00:00+09:00,355.4831848144531,355.4831848144531,355.4831848144531,355.4831848144531,0,0.0,0.0
2009-09-24 00:00:00+09:00,355.4831848144531,355.4831848144531,355.4831848144531,355.4831848144531,0,0.0,0.0
2009-09-25 00:00:00+09:00,373.2572937011718,373.2572937011718,373.2572937011718,373.2572937011719,1100,0.0,0.0
2009-09-28 00:00:00+09:00,372.6839599609375,372.6839599609375,372.6839599609375,372.6839599609375,500,0.0,0.0
2009-09-29 00:00:00+09:00,361.79013872146606,372.6839780807495,355.4831790924072,366.95037841796875,1900,0.0,0.0
2009-09-30 00:00:00+09:00,395.6183166503906,395.6183166503906,395.6183166503906,395.6183166503906,100,0.0,0.0
2009-10-01 00:00:00+09:00,384.72454833984375,384.72454833984375,384.72454833984375,384.72454833984375,100,0.0,0.0
2009-10-02 00:00:00+09:00,387.0178465409713,387.0178465409713,366.95025449810606,378.4174499511719,2700,0.0,0.0
2009-10-05 00:00:00+09:00,378.4175593449519,378.4175593449519,372.6839599609375,372.6839599609375,200,0.0,0.0
2009-10-06 00:00:00+09:00,372.68396714154414,389.884765625,369.24380744485296,389.884765625,2400,0.0,0.0
2009-10-07 00:00:00+09:00,387.591318359375,387.591318359375,372.6839599609375,372.6839599609375,5100,0.0,0.0
2009-10-08 00:00:00+09:00,355.4831570297925,384.1511535644532,355.4831570297925,384.1511535644531,300,0.0,0.0
2009-10-09 00:00:00+09:00,361.79006958007807,361.79006958007807,361.79006958007807,361.7900695800781,100,0.0,0.0
2009-10-13 00:00:00+09:00,369.2438003305288,372.6839599609375,366.95036057692306,372.6839599609375,900,0.0,0.0
2009-10-14 00:00:00+09:00,378.4175590619649,378.4175590619649,376.6974792480468,376.6974792480469,2900,0.0,0.0
2009-10-15 00:00:00+09:00,369.81703704258183,369.81703704258183,364.65679931640625,364.65679931640625,2200,0.0,0.0
2009-10-16 00:00:00+09:00,384.1511535644532,384.1511535644532,384.1511535644532,384.1511535644531,100,0.0,0.0
2009-10-19 00:00:00+09:00,384.1511535644532,384.1511535644532,384.1511535644532,384.1511535644531,0,0.0,0.0
2009-10-20 00:00:00+09:00,372.6839599609375,372.6839599609375,372.6839599609375,372.6839599609375,100,0.0,0.0
2009-10-21 00:00:00+09:00,389.884765625,389.884765625,389.884765625,389.884765625,100,0.0,0.0
2009-10-22 00:00:00+09:00,378.4175455729167,389.88474392361115,378.4175455729167,387.0179443359375,900,0.0,0.0
2009-10-23 00:00:00+09:00,396.7651062011719,396.7651062011719,396.7651062011719,396.7651062011719,1000,0.0,0.0
2009-10-26 00:00:00+09:00,396.7651062011719,396.7651062011719,396.7651062011719,396.7651062011719,0,0.0,0.0
2009-10-27 00:00:00+09:00,396.7651062011719,396.7651062011719,396.7651062011719,396.7651062011719,0,0.0,0.0
2009-10-28 00:00:00+09:00,390.4581604003906,390.4581604003906,390.4581604003906,390.4581604003906,100,0.0,0.0
2009-10-29 00:00:00+09:00,385.29792039509914,390.4581604003906,385.29792039509914,390.4581604003906,200,0.0,0.0
2009-10-30 00:00:00+09:00,395.61834309895835,395.61834309895835,382.43106499565977,387.0179443359375,600,0.0,0.0
2009-11-02 00:00:00+09:00,387.0179443359375,387.0179443359375,387.0179443359375,387.0179443359375,100,0.0,0.0
2009-11-04 00:00:00+09:00,390.4579908136736,392.1780700683593,390.4579908136736,392.1780700683594,200,0.0,0.0
2009-11-05 00:00:00+09:00,393.3248031172234,397.33832151637876,373.8305708927546,374.4039306640625,9400,0.0,0.0
2009-11-06 00:00:00+09:00,374.40401786382944,374.40401786382944,373.8306579589844,373.8306579589844,700,0.0,0.0
2009-11-09 00:00:00+09:00,368.097041659885,371.5372009277344,368.097041659885,371.5372009277344,9600,0.0,0.0
2009-11-10 00:00:00+09:00,378.4174499511719,378.4174499511719,378.4174499511719,378.4174499511719,1100,0.0,0.0
2009-11-11 00:00:00+09:00,378.4174499511719,378.4174499511719,378.4174499511719,378.4174499511719,0,0.0,0.0
2009-11-12 00:00:00+09:00,378.4175455729167,387.0179443359375,378.4175455729167,387.0179443359375,1200,0.0,0.0
2009-11-13 00:00:00+09:00,398.48518792278895,398.48518792278895,384.72454833984375,384.72454833984375,1900,0.0,0.0
2009-11-16 00:00:00+09:00,395.6183166503906,395.6183166503906,395.6183166503906,395.6183166503906,100,0.0,0.0
2009-11-17 00:00:00+09:00,384.72454833984375,384.72454833984375,384.72454833984375,384.72454833984375,400,0.0,0.0
2009-11-18 00:00:00+09:00,384.72454833984375,384.72454833984375,384.72454833984375,384.72454833984375,0,0.0,0.0
2009-11-19 00:00:00+09:00,384.72454833984375,384.72454833984375,384.72454833984375,384.72454833984375,900,0.0,0.0
2009-11-20 00:00:00+09:00,384.72454833984375,384.72454833984375,384.72454833984375,384.72454833984375,0,0.0,0.0
2009-11-24 00:00:00+09:00,378.4176060111223,383.0044860839844,378.4176060111223,383.0044860839844,400,0.0,0.0
2009-11-25 00:00:00+09:00,401.9253201154616,401.9253201154616,389.3114013671875,389.3114013671875,1200,0.0,0.0
2009-11-26 00:00:00+09:00,377.8441728864397,377.8441728864397,377.2708129882812,377.27081298828125,400,0.0,0.0
2009-11-27 00:00:00+09:00,384.1511587289663,384.1511587289663,372.6839599609375,372.6839599609375,1500,0.0,0.0
2009-11-30 00:00:00+09:00,372.6839780807495,372.6839780807495,366.95037841796875,366.95037841796875,300,0.0,0.0
2009-12-01 00:00:00+09:00,364.65694762703,364.65694762703,364.0835876464843,364.0835876464844,1000,0.0,0.0
2009-12-02 00:00:00+09:00,361.2167611929086,372.6839599609375,361.2167611929086,372.6839599609375,800,0.0,0.0
2009-12-03 00:00:00+09:00,373.2572937011718,373.2572937011718,362.36345563616067,373.2572937011719,1500,0.0,0.0
2009-12-04 00:00:00+09:00,368.67033024075664,379.5641658155224,362.3633728027344,362.3633728027344,3300,0.0,0.0
2009-12-07 00:00:00+09:00,356.62977859034686,378.4174499511719,356.62977859034686,378.4174499511719,5600,0.0,0.0
2009-12-08 00:00:00+09:00,361.2167611929086,372.6839599609375,361.2167611929086,372.6839599609375,1100,0.0,0.0
2009-12-09 00:00:00+09:00,375.55078125,375.55078125,375.55078125,375.55078125,400,0.0,0.0
2009-12-10 00:00:00+09:00,375.55078125,375.55078125,375.55078125,375.55078125,0,0.0,0.0
2009-12-11 00:00:00+09:00,375.55078125,375.55078125,375.55078125,375.55078125,200,0.0,0.0
2009-12-14 00:00:00+09:00,369.8171691894532,369.8171691894532,368.097089332758,369.8171691894531,800,0.0,0.0
2009-12-15 00:00:00+09:00,384.151131766183,384.151131766183,381.28433227539057,381.2843322753906,2100,0.0,0.0
2009-12-16 00:00:00+09:00,352.61637926101685,366.95037841796875,352.61637926101685,366.95037841796875,400,0.0,0.0
2009-12-17 00:00:00+09:00,344.0159388950893,381.28433227539057,344.0159388950893,381.2843322753906,700,0.0,0.0
2009-12-18 00:00:00+09:00,381.28433227539057,381.28433227539057,381.28433227539057,381.2843322753906,0,0.0,0.0
2009-12-21 00:00:00+09:00,364.0835876464843,364.0835876464843,364.0835876464843,364.0835876464844,100,0.0,0.0
2009-12-22 00:00:00+09:00,372.1106241041614,372.1106241041614,355.4831848144531,355.4831848144531,6100,0.0,0.0
2009-12-24 00:00:00+09:00,358.9233446674962,367.52374430010394,355.4831848144531,355.4831848144531,2800,0.0,0.0
2009-12-25 00:00:00+09:00,343.44253982543944,345.16261932373044,343.44253982543944,344.0158996582031,7000,0.0,0.0
2009-12-28 00:00:00+09:00,338.28237364722077,349.74957275390625,338.28237364722077,349.74957275390625,600,0.0,0.0
2009-12-29 00:00:00+09:00,345.16261932373044,345.7359791564941,344.0158996582031,344.0158996582031,1300,0.0,0.0
2009-12-30 00:00:00+09:00,344.5893658691406,358.3500061035156,319.3615254394531,358.3500061035156,4700,0.0,0.0
2010-01-04 00:00:00+09:00,353.7631069001137,372.6839861994715,353.7631069001137,372.1106262207031,1900,0.0,0.0
2010-01-05 00:00:00+09:00,372.11060002253606,372.6839599609375,372.11060002253606,372.6839599609375,600,0.0,0.0
2010-01-06 00:00:00+09:00,372.683852224639,383.5776879050515,372.683852224639,378.4174499511719,2700,0.0,0.0
2010-01-07 00:00:00+09:00,378.4174499511719,378.4174499511719,377.8440901785186,378.4174499511719,8300,0.0,0.0
2010-01-08 00:00:00+09:00,375.55078125,375.55078125,375.55078125,375.55078125,100,0.0,0.0
2010-01-12 00:00:00+09:00,375.55078125,375.55078125,375.55078125,375.55078125,0,0.0,0.0
2010-01-13 00:00:00+09:00,381.2843809637405,381.2843809637405,369.81718153625957,375.55078125,1800,0.0,0.0
2010-01-14 00:00:00+09:00,375.55078125,375.55078125,375.55078125,375.55078125,0,0.0,0.0
2010-01-15 00:00:00+09:00,384.1511535644532,384.1511535644532,384.1511535644532,384.1511535644531,1600,0.0,0.0
2010-01-18 00:00:00+09:00,378.4174499511719,378.4174499511719,378.4174499511719,378.4174499511719,100,0.0,0.0
2010-01-19 00:00:00+09:00,378.4174499511719,378.4174499511719,378.4174499511719,378.4174499511719,200,0.0,0.0
2010-01-20 00:00:00+09:00,384.1511535644532,384.1511535644532,384.1511535644532,384.1511535644531,100,0.0,0.0
2010-01-21 00:00:00+09:00,381.28433227539057,381.28433227539057,381.28433227539057,381.2843322753906,300,0.0,0.0
2010-01-22 00:00:00+09:00,381.28433227539057,381.28433227539057,381.28433227539057,381.2843322753906,200,0.0,0.0
2010-01-25 00:00:00+09:00,398.48518010496184,398.48518010496184,375.55078125,375.55078125,1500,0.0,0.0
2010-01-26 00:00:00+09:00,381.28433227539057,381.28433227539057,381.28433227539057,381.2843322753906,600,0.0,0.0
2010-01-27 00:00:00+09:00,381.28433227539057,381.28433227539057,381.28433227539057,381.2843322753906,0,0.0,0.0
2010-01-28 00:00:00+09:00,381.28433227539057,381.28433227539057,381.28433227539057,381.2843322753906,2700,0.0,0.0
2010-01-29 00:00:00+09:00,369.8171691894532,369.8171691894532,369.8171691894532,369.8171691894531,100,0.0,0.0
2010-02-01 00:00:00+09:00,369.8171691894532,369.8171691894532,369.8171691894532,369.8171691894531,0,0.0,0.0
2010-02-02 00:00:00+09:00,369.8171691894532,369.8171691894532,369.8171691894532,369.8171691894531,0,0.0,0.0
2010-02-03 00:00:00+09:00,369.8171691894532,369.8171691894532,369.8171691894532,369.8171691894531,0,0.0,0.0
2010-02-04 00:00:00+09:00,366.9502438373447,369.2436828613281,366.9502438373447,369.2436828613281,2300,0.0,0.0
2010-02-05 00:00:00+09:00,362.3633728027344,362.3633728027344,362.3633728027344,362.3633728027344,2300,0.0,0.0
2010-02-08 00:00:00+09:00,368.0970764160156,368.0970764160156,368.0970764160156,368.0970764160156,4600,0.0,0.0
2010-02-09 00:00:00+09:00,362.9367235456194,362.9367235456194,361.2166442871093,361.2166442871094,300,0.0,0.0
2010-02-10 00:00:00+09:00,361.2166442871093,361.2166442871093,361.2166442871093,361.2166442871094,0,0.0,0.0
2010-02-12 00:00:00+09:00,365.23025512695307,365.23025512695307,365.23025512695307,365.2302551269531,100,0.0,0.0
2010-02-15 00:00:00+09:00,372.6839599609375,372.6839599609375,372.6839599609375,372.6839599609375,1700,0.0,0.0
2010-02-16 00:00:00+09:00,372.6839599609375,372.6839599609375,372.6839599609375,372.6839599609375,0,0.0,0.0
2010-02-17 00:00:00+09:00,372.6839599609375,372.6839599609375,372.6839599609375,372.6839599609375,0,0.0,0.0
2010-02-18 00:00:00+09:00,372.6839599609375,372.6839599609375,372.6839599609375,372.6839599609375,0,0.0,0.0
2010-02-19 00:00:00+09:00,372.6839599609375,372.6839599609375,372.6839599609375,372.6839599609375,100,0.0,0.0
2010-02-22 00:00:00+09:00,372.6839599609375,372.6839599609375,372.6839599609375,372.6839599609375,0,0.0,0.0
2010-02-23 00:00:00+09:00,372.11062622070307,372.11062622070307,372.11062622070307,372.1106262207031,100,0.0,0.0
2010-02-24 00:00:00+09:00,360.6433715820313,360.6433715820313,360.6433715820313,360.64337158203125,1000,0.0,0.0
2010-02-25 00:00:00+09:00,366.37701416015625,366.37701416015625,366.37701416015625,366.37701416015625,1100,0.0,0.0
2010-02-26 00:00:00+09:00,366.37701416015625,366.37701416015625,366.37701416015625,366.37701416015625,0,0.0,0.0
2010-03-01 00:00:00+09:00,366.37701416015625,366.37701416015625,366.37701416015625,366.37701416015625,0,0.0,0.0
2010-03-02 00:00:00+09:00,366.95037841796875,366.95037841796875,366.95037841796875,366.95037841796875,200,0.0,0.0
2010-03-03 00:00:00+09:00,366.95037841796875,366.95037841796875,366.95037841796875,366.95037841796875,0,0.0,0.0
2010-03-04 00:00:00+09:00,367.5237383842468,367.5237383842468,366.95037841796875,366.95037841796875,600,0.0,0.0
2010-03-05 00:00:00+09:00,372.6839599609375,372.6839599609375,372.6839599609375,372.6839599609375,8900,0.0,0.0
2010-03-08 00:00:00+09:00,389.88473074776783,389.88473074776783,373.2572937011718,373.2572937011719,4600,0.0,0.0
2010-03-09 00:00:00+09:00,372.683955872913,372.683955872913,368.0970764160156,368.0970764160156,200,0.0,0.0
2010-03-10 00:00:00+09:00,364.0835876464843,364.0835876464843,364.0835876464843,364.0835876464844,300,0.0,0.0
2010-03-11 00:00:00+09:00,366.95037841796875,366.95037841796875,366.95037841796875,366.95037841796875,200,0.0,0.0
2010-03-12 00:00:00+09:00,366.95037841796875,366.95037841796875,366.95037841796875,366.95037841796875,600,0.0,0.0
2010-03-15 00:00:00+09:00,384.1511535644532,384.1511535644532,384.1511535644532,384.1511535644531,1700,0.0,0.0
2010-03-16 00:00:00+09:00,384.1511535644532,384.1511535644532,384.1511535644532,384.1511535644531,0,0.0,0.0
2010-03-17 00:00:00+09:00,384.1511535644532,384.1511535644532,384.1511535644532,384.1511535644531,0,0.0,0.0
2010-03-18 00:00:00+09:00,384.1511535644532,384.1511535644532,384.1511535644532,384.1511535644531,0,0.0,0.0
2010-03-19 00:00:00+09:00,372.6839599609375,372.6839599609375,372.6839599609375,372.6839599609375,200,0.0,0.0
2010-03-23 00:00:00+09:00,378.4175593449519,378.4175593449519,372.6839599609375,372.6839599609375,200,0.0,0.0
2010-03-24 00:00:00+09:00,369.81718153625957,375.55078125,369.81718153625957,375.55078125,300,0.0,0.0
2010-03-25 00:00:00+09:00,377.8441467285156,377.8441467285156,377.8441467285156,377.8441467285156,1100,0.0,0.0
2010-03-26 00:00:00+09:00,367.52374639055574,372.11062622070307,367.52374639055574,372.1106262207031,200,0.0,0.0
2010-03-29 00:00:00+09:00,366.95037841796875,366.95037841796875,362.36349868774414,366.95037841796875,600,0.0,0.0
2010-03-30 00:00:00+09:00,366.95037841796875,366.95037841796875,366.95037841796875,366.95037841796875,0,0.0,0.0
2010-03-31 00:00:00+09:00,364.0835667895032,364.0835667895032,353.1897277832031,353.1897277832031,600,0.0,0.0
2010-04-01 00:00:00+09:00,361.2168550644657,361.2168550644657,356.6299743652344,356.6299743652344,1200,0.0,0.0
2010-04-02 00:00:00+09:00,356.62978394324847,363.5101013183594,356.62978394324847,363.5101013183594,1000,0.0,0.0
2010-04-05 00:00:00+09:00,363.51020094651443,372.6839599609375,361.2167611929086,372.6839599609375,2300,0.0,0.0
2010-04-06 00:00:00+09:00,377.8442085206971,377.8442085206971,369.8171691894532,369.8171691894531,3000,0.0,0.0
2010-04-07 00:00:00+09:00,358.92322306828544,363.5101013183594,358.92322306828544,363.5101013183594,5100,0.0,0.0
2010-04-08 00:00:00+09:00,374.4039306640625,374.4039306640625,374.4039306640625,374.4039306640625,100,0.0,0.0
2010-04-09 00:00:00+09:00,374.4039306640625,374.4039306640625,374.4039306640625,374.4039306640625,0,0.0,0.0
2010-04-12 00:00:00+09:00,372.6839599609375,372.6839599609375,372.6839599609375,372.6839599609375,200,0.0,0.0
2010-04-13 00:00:00+09:00,369.8171691894532,369.8171691894532,369.8171691894532,369.8171691894531,200,0.0,0.0
2010-04-14 00:00:00+09:00,364.08357858657837,366.95037841796875,364.08357858657837,366.95037841796875,1000,0.0,0.0
2010-04-15 00:00:00+09:00,364.08351783692177,364.08351783692177,362.93679809570307,362.9367980957031,1900,0.0,0.0
2010-04-16 00:00:00+09:00,366.37701416015625,366.37701416015625,366.37701416015625,366.37701416015625,300,0.0,0.0
2010-04-19 00:00:00+09:00,366.37701416015625,366.37701416015625,366.37701416015625,366.37701416015625,0,0.0,0.0
2010-04-20 00:00:00+09:00,366.95037841796875,366.95037841796875,366.95037841796875,366.95037841796875,1200,0.0,0.0
2010-04-21 00:00:00+09:00,366.95037841796875,366.95037841796875,366.95037841796875,366.95037841796875,0,0.0,0.0
2010-04-22 00:00:00+09:00,365.8036542005942,366.37701416015625,364.08357432190803,366.37701416015625,1100,0.0,0.0
2010-04-23 00:00:00+09:00,366.3770184516907,366.95037841796875,366.3770184516907,366.95037841796875,3000,0.0,0.0
2010-04-26 00:00:00+09:00,366.95037841796875,366.95037841796875,366.95037841796875,366.95037841796875,2000,0.0,0.0
2010-04-27 00:00:00+09:00,366.95037841796875,366.95037841796875,366.95037841796875,366.95037841796875,200,0.0,0.0
2010-04-28 00:00:00+09:00,366.95037841796875,366.95037841796875,366.95037841796875,366.95037841796875,200,0.0,0.0
2010-04-30 00:00:00+09:00,365.80358886718744,365.80358886718744,365.80358886718744,365.8035888671875,800,0.0,0.0
2010-05-06 00:00:00+09:00,365.2301806621371,365.2301806621371,363.5101013183594,363.5101013183594,2600,0.0,0.0
2010-05-07 00:00:00+09:00,362.93679809570307,362.93679809570307,362.93679809570307,362.9367980957031,4500,0.0,0.0
2010-05-10 00:00:00+09:00,362.93679809570307,362.93679809570307,362.93679809570307,362.9367980957031,0,0.0,0.0
2010-05-11 00:00:00+09:00,357.20318952721743,357.20318952721743,345.7359924316406,345.7359924316406,2200,0.0,0.0
2010-05-12 00:00:00+09:00,345.7359924316406,345.7359924316406,345.7359924316406,345.7359924316406,0,0.0,0.0
2010-05-13 00:00:00+09:00,349.74958183351623,352.61638168461064,346.8827819824218,346.8827819824219,800,0.0,0.0
2010-05-14 00:00:00+09:00,349.1761381530762,349.1761381530762,344.0158996582031,344.0158996582031,2500,0.0,0.0
2010-05-17 00:00:00+09:00,344.0158996582031,344.0158996582031,344.0158996582031,344.0158996582031,0,0.0,0.0
2010-05-18 00:00:00+09:00,344.0158996582031,344.0158996582031,344.0158996582031,344.0158996582031,0,0.0,0.0
2010-05-19 00:00:00+09:00,344.0158996582031,344.0158996582031,344.0158996582031,344.0158996582031,0,0.0,0.0
2010-05-20 00:00:00+09:00,344.0158996582031,344.0158996582031,344.0158996582031,344.0158996582031,100,0.0,0.0
2010-05-21 00:00:00+09:00,344.0158996582031,344.0158996582031,344.0158996582031,344.0158996582031,0,0.0,0.0
2010-05-24 00:00:00+09:00,332.54870803957067,352.6163024902344,332.54870803957067,352.6163024902344,700,0.0,0.0
2010-05-25 00:00:00+09:00,369.8171691894532,369.8171691894532,369.8171691894532,369.8171691894531,1200,0.0,0.0
2010-05-26 00:00:00+09:00,369.8171691894532,369.8171691894532,369.8171691894532,369.8171691894531,0,0.0,0.0
2010-05-27 00:00:00+09:00,355.4831848144531,355.4831848144531,355.4831848144531,355.4831848144531,100,0.0,0.0
2010-05-28 00:00:00+09:00,338.28239827047884,344.01599824116494,323.375038346695,328.5352783203125,3300,0.0,0.0
2010-05-31 00:00:00+09:00,322.8016723324035,340.0024719238282,322.8016723324035,340.0024719238281,1300,0.0,0.0
2010-06-01 00:00:00+09:00,332.5488163462856,338.28241662811814,326.8152160644531,326.8152160644531,2900,0.0,0.0
2010-06-02 00:00:00+09:00,326.8152160644531,326.8152160644531,326.8152160644531,326.8152160644531,0,0.0,0.0
2010-06-03 00:00:00+09:00,326.81516394151,326.81516394151,323.375004321073,323.9483642578125,2400,0.0,0.0
2010-06-04 00:00:00+09:00,321.65484172276086,324.52164066859655,321.08148193359375,321.08148193359375,2000,0.0,0.0
2010-06-07 00:00:00+09:00,320.50824990002286,320.50824990002286,313.6279296875,313.6279296875,5200,0.0,0.0
2010-06-08 00:00:00+09:00,313.6279296875,313.6279296875,313.6279296875,313.6279296875,0,0.0,0.0
2010-06-09 00:00:00+09:00,315.347900390625,315.347900390625,315.347900390625,315.347900390625,500,0.0,0.0
2010-06-10 00:00:00+09:00,315.347900390625,315.347900390625,315.347900390625,315.347900390625,100,0.0,0.0
2010-06-11 00:00:00+09:00,315.347900390625,315.347900390625,312.48110129616475,315.347900390625,700,0.0,0.0
2010-06-14 00:00:00+09:00,315.347900390625,315.347900390625,315.347900390625,315.347900390625,700,0.0,0.0
2010-06-15 00:00:00+09:00,325.66854363207545,325.66854363207545,303.880859375,303.880859375,2400,0.0,0.0
2010-06-16 00:00:00+09:00,309.61437639508927,309.61437639508927,298.14717726934526,301.01397705078125,4700,0.0,0.0
2010-06-17 00:00:00+09:00,301.01397705078125,301.01397705078125,301.01397705078125,301.01397705078125,0,0.0,0.0
2010-06-18 00:00:00+09:00,289.54669189453125,289.54669189453125,289.54669189453125,289.54669189453125,2500,0.0,0.0
2010-06-21 00:00:00+09:00,289.5467568158211,306.1741943359375,289.5467568158211,306.1741943359375,700,0.0,0.0
2010-06-22 00:00:00+09:00,306.1741943359375,306.1741943359375,306.1741943359375,306.1741943359375,0,0.0,0.0
2010-06-23 00:00:00+09:00,309.6142883300781,309.6142883300781,309.6142883300781,309.6142883300781,300,0.0,0.0
2010-06-24 00:00:00+09:00,315.347900390625,315.347900390625,315.347900390625,315.347900390625,200,0.0,0.0
2010-06-25 00:00:00+09:00,321.08148193359375,321.08148193359375,321.08148193359375,321.08148193359375,1300,0.0,0.0
2010-06-28 00:00:00+09:00,309.6142883300781,309.6142883300781,309.6142883300781,309.6142883300781,900,0.0,0.0
2010-06-29 00:00:00+09:00,311.33442035640047,312.48114013671875,311.33442035640047,312.48114013671875,300,0.0,0.0
2010-06-30 00:00:00+09:00,312.48108509608676,321.08148193359375,312.48108509608676,321.08148193359375,700,0.0,0.0
2010-07-01 00:00:00+09:00,321.08148193359375,321.08148193359375,321.08148193359375,321.08148193359375,0,0.0,0.0
2010-07-02 00:00:00+09:00,329.6819152832031,329.6819152832031,329.6819152832031,329.6819152832031,100,0.0,0.0
2010-07-05 00:00:00+09:00,332.5488163462856,332.5488163462856,326.8152160644531,326.8152160644531,1300,0.0,0.0
2010-07-06 00:00:00+09:00,330.25527513586957,330.25527513586957,326.8151160198709,329.6819152832031,3600,0.0,0.0
2010-07-07 00:00:00+09:00,326.8152160644531,326.8152160644531,326.8152160644531,326.8152160644531,8500,0.0,0.0
2010-07-08 00:00:00+09:00,326.8152160644531,326.8152160644531,326.8152160644531,326.8152160644531,0,0.0,0.0
2010-07-09 00:00:00+09:00,326.8152160644531,326.8152160644531,326.8152160644531,326.8152160644531,0,0.0,0.0
2010-07-12 00:00:00+09:00,326.8152160644531,326.8152160644531,326.8152160644531,326.8152160644531,0,0.0,0.0
2010-07-13 00:00:00+09:00,323.94828087942943,323.94828087942943,321.08148193359375,321.08148193359375,600,0.0,0.0
2010-07-14 00:00:00+09:00,321.0815782237139,321.0815782237139,317.64141845703125,317.64141845703125,700,0.0,0.0
2010-07-15 00:00:00+09:00,326.8152160644531,326.8152160644531,326.8152160644531,326.8152160644531,2100,0.0,0.0
2010-07-16 00:00:00+09:00,326.8152160644531,326.8152160644531,326.8152160644531,326.8152160644531,0,0.0,0.0
2010-07-21 00:00:00+09:00,321.08148193359375,321.08148193359375,321.08148193359375,321.08148193359375,300,0.0,0.0
2010-07-22 00:00:00+09:00,321.0815723832831,333.12213134765625,321.0815723832831,333.12213134765625,800,0.0,0.0
2010-07-23 00:00:00+09:00,349.74948952414775,349.74948952414775,315.347900390625,315.347900390625,5900,0.0,0.0
2010-07-26 00:00:00+09:00,315.347900390625,315.347900390625,315.347900390625,315.347900390625,100,0.0,0.0
2010-07-27 00:00:00+09:00,346.8827819824218,346.8827819824218,346.8827819824218,346.8827819824219,200,0.0,0.0
2010-07-28 00:00:00+09:00,346.8827819824218,346.8827819824218,346.8827819824218,346.8827819824219,0,0.0,0.0
2010-07-29 00:00:00+09:00,346.8827819824218,346.8827819824218,346.8827819824218,346.8827819824219,0,0.0,0.0
2010-07-30 00:00:00+09:00,346.8827819824218,346.8827819824218,346.8827819824218,346.8827819824219,0,0.0,0.0
2010-08-02 00:00:00+09:00,346.8827819824218,346.8827819824218,346.8827819824218,346.8827819824219,0,0.0,0.0
2010-08-03 00:00:00+09:00,344.0158996582031,344.0158996582031,344.0158996582031,344.0158996582031,500,0.0,0.0
2010-08-04 00:00:00+09:00,344.0158996582031,344.0158996582031,344.0158996582031,344.0158996582031,0,0.0,0.0
2010-08-05 00:00:00+09:00,344.01597832914575,344.01597832914575,342.2958984375,342.2958984375,3200,0.0,0.0
2010-08-06 00:00:00+09:00,338.85573865420855,344.01597832914575,338.85573865420855,342.2958984375,2600,0.0,0.0
2010-08-09 00:00:00+09:00,344.0158996582031,344.0158996582031,344.0158996582031,344.0158996582031,5000,0.0,0.0
2010-08-10 00:00:00+09:00,341.14910888671875,341.14910888671875,341.14910888671875,341.14910888671875,600,0.0,0.0
2010-08-11 00:00:00+09:00,340.5757141113282,340.5757141113282,340.5757141113282,340.5757141113281,100,0.0,0.0
2010-08-12 00:00:00+09:00,340.0024719238282,340.0024719238282,340.0024719238282,340.0024719238281,200,0.0,0.0
2010-08-13 00:00:00+09:00,341.14910888671875,341.14910888671875,341.14910888671875,341.14910888671875,1800,0.0,0.0
2010-08-16 00:00:00+09:00,336.56231689453125,336.56231689453125,336.56231689453125,336.56231689453125,100,0.0,0.0
2010-08-17 00:00:00+09:00,336.56231689453125,336.56231689453125,336.56231689453125,336.56231689453125,0,0.0,0.0
2010-08-18 00:00:00+09:00,336.56231757854596,336.56231757854596,332.5487976074219,332.5487976074219,1000,0.0,0.0
2010-08-19 00:00:00+09:00,332.5487976074219,332.5487976074219,332.5487976074219,332.5487976074219,0,0.0,0.0
2010-08-20 00:00:00+09:00,332.5487976074219,332.5487976074219,332.5487976074219,332.5487976074219,0,0.0,0.0
2010-08-23 00:00:00+09:00,332.5487976074219,332.5487976074219,332.5487976074219,332.5487976074219,0,0.0,0.0
2010-08-24 00:00:00+09:00,332.54872796474353,335.41552734375,332.54872796474353,335.41552734375,500,0.0,0.0
2010-08-25 00:00:00+09:00,338.2823181152344,338.2823181152344,338.2823181152344,338.2823181152344,1300,0.0,0.0
2010-08-26 00:00:00+09:00,338.2823181152344,338.2823181152344,338.2823181152344,338.2823181152344,0,0.0,0.0
2010-08-27 00:00:00+09:00,338.2823181152344,338.2823181152344,338.2823181152344,338.2823181152344,0,0.0,0.0
2010-08-30 00:00:00+09:00,338.2823013305664,344.0158996582031,338.2823013305664,344.0158996582031,1300,0.0,0.0
2010-08-31 00:00:00+09:00,344.0158996582031,344.0158996582031,344.0158996582031,344.0158996582031,700,0.0,0.0
2010-09-01 00:00:00+09:00,339.4289855957031,339.4289855957031,339.4289855957031,339.4289855957031,200,0.0,0.0
2010-09-02 00:00:00+09:00,335.41552734375,335.41552734375,335.41552734375,335.41552734375,200,0.0,0.0
2010-09-03 00:00:00+09:00,335.41552734375,335.41552734375,335.41552734375,335.41552734375,0,0.0,0.0
2010-09-06 00:00:00+09:00,346.8828059082031,358.3500061035156,346.8828059082031,358.3500061035156,2400,0.0,0.0
2010-09-07 00:00:00+09:00,352.6163024902344,352.6163024902344,352.6163024902344,352.6163024902344,4300,0.0,0.0
2010-09-08 00:00:00+09:00,352.6163024902344,352.6163024902344,352.6163024902344,352.6163024902344,0,0.0,0.0
2010-09-09 00:00:00+09:00,352.6163024902344,352.6163024902344,352.6163024902344,352.6163024902344,0,0.0,0.0
2010-09-10 00:00:00+09:00,349.74957275390625,349.74957275390625,349.74957275390625,349.74957275390625,200,0.0,0.0
2010-09-13 00:00:00+09:00,344.0158996582031,344.0158996582031,344.0158996582031,344.0158996582031,300,0.0,0.0
2010-09-14 00:00:00+09:00,344.0158996582031,344.0158996582031,340.57574066162107,344.0158996582031,600,0.0,0.0
2010-09-16 00:00:00+09:00,349.74957275390625,349.74957275390625,349.74957275390625,349.74957275390625,0,0.0,0.0
2010-09-17 00:00:00+09:00,349.74957275390625,349.74957275390625,349.74957275390625,349.74957275390625,0,0.0,0.0
2010-09-21 00:00:00+09:00,344.58927658856925,344.58927658856925,338.2823181152344,338.2823181152344,600,0.0,0.0
2010-09-22 00:00:00+09:00,338.28230965237657,341.14910888671875,335.4155104180344,341.14910888671875,1000,0.0,0.0
2010-09-24 00:00:00+09:00,332.54880854152736,332.54880854152736,315.921368114451,321.65496826171875,2700,0.0,0.0
2010-09-27 00:00:00+09:00,321.6549682617187,321.6549682617187,321.6549682617187,321.65496826171875,0,0.0,0.0
2010-09-28 00:00:00+09:00,318.7570190429687,319.3365772594105,318.7570190429687,318.75701904296875,1700,6.0,0.0
2010-09-29 00:00:00+09:00,312.96148681640625,313.5410451253255,312.96148681640625,312.96148681640625,1100,0.0,0.0
2010-09-30 00:00:00+09:00,309.4842497051887,309.4842497051887,307.166015625,307.166015625,2300,0.0,0.0
2010-10-01 00:00:00+09:00,307.166015625,307.166015625,307.166015625,307.166015625,0,0.0,0.0
2010-10-04 00:00:00+09:00,312.96148681640625,312.96148681640625,312.96148681640625,312.96148681640625,100,0.0,0.0
2010-10-05 00:00:00+09:00,312.9614368785511,318.7570190429687,310.0636457963423,318.75701904296875,900,0.0,0.0
2010-10-06 00:00:00+09:00,321.65490629010253,321.65490629010253,321.0753479003906,321.0753479003906,800,0.0,0.0
2010-10-07 00:00:00+09:00,315.27972412109375,315.27972412109375,315.27972412109375,315.27972412109375,5000,0.0,0.0
2010-10-08 00:00:00+09:00,315.27972412109375,315.27972412109375,315.27972412109375,315.27972412109375,0,0.0,0.0
2010-10-12 00:00:00+09:00,315.27972412109375,315.27972412109375,315.27972412109375,315.27972412109375,800,0.0,0.0
2010-10-13 00:00:00+09:00,324.5526428222656,324.5526428222656,324.5526428222656,324.5526428222656,100,0.0,0.0
2010-10-14 00:00:00+09:00,324.55269918355856,324.55269918355856,321.6549072265625,321.6549072265625,800,0.0,0.0
2010-10-15 00:00:00+09:00,324.5526428222656,324.5526428222656,324.5526428222656,324.5526428222656,1800,0.0,0.0
2010-10-18 00:00:00+09:00,324.5526428222656,324.5526428222656,324.5526428222656,324.5526428222656,1800,0.0,0.0
2010-10-19 00:00:00+09:00,307.16594899883705,307.16594899883705,303.6885986328125,303.6885986328125,700,0.0,0.0
2010-10-20 00:00:00+09:00,298.4725361866462,303.68856109087886,298.4725361866462,299.63165283203125,700,0.0,0.0
2010-10-21 00:00:00+09:00,299.63165283203125,299.63165283203125,299.63165283203125,299.63165283203125,100,0.0,0.0
2010-10-22 00:00:00+09:00,299.63165283203125,299.63165283203125,299.63165283203125,299.63165283203125,100,0.0,0.0
2010-10-25 00:00:00+09:00,313.5411071777344,313.5411071777344,313.5411071777344,313.5411071777344,1700,0.0,0.0
2010-10-26 00:00:00+09:00,313.5411071777344,313.5411071777344,313.5411071777344,313.5411071777344,1700,0.0,0.0
2010-10-27 00:00:00+09:00,293.8360900878906,293.8360900878906,293.8360900878906,293.8360900878906,500,0.0,0.0
2010-10-28 00:00:00+09:00,293.83599623878405,293.83599623878405,292.6768798828125,292.6768798828125,200,0.0,0.0
2010-10-29 00:00:00+09:00,292.6768798828125,292.6768798828125,292.6768798828125,292.6768798828125,200,0.0,0.0
2010-11-01 00:00:00+09:00,292.6768798828125,292.6768798828125,292.6768798828125,292.6768798828125,200,0.0,0.0
2010-11-02 00:00:00+09:00,297.89306723585406,298.4726257324219,297.89306723585406,298.4726257324219,600,0.0,0.0
2010-11-04 00:00:00+09:00,298.4726257324219,298.4726257324219,298.4726257324219,298.4726257324219,600,0.0,0.0
2010-11-05 00:00:00+09:00,307.1659076915068,315.27972412109375,304.8476744259105,315.27972412109375,1100,0.0,0.0
2010-11-08 00:00:00+09:00,330.9278259277344,330.9278259277344,330.9278259277344,330.9278259277344,5100,0.0,0.0
2010-11-09 00:00:00+09:00,330.9278259277344,330.9278259277344,330.9278259277344,330.9278259277344,5100,0.0,0.0
2010-11-10 00:00:00+09:00,330.9278259277344,330.9278259277344,330.9278259277344,330.9278259277344,5100,0.0,0.0
2010-11-11 00:00:00+09:00,330.34832763671875,330.34832763671875,330.34832763671875,330.34832763671875,400,0.0,0.0
2010-11-12 00:00:00+09:00,330.34826756358774,330.9278259277344,330.34826756358774,330.9278259277344,1000,0.0,0.0
2010-11-15 00:00:00+09:00,336.1439514160157,336.1439514160157,336.1439514160157,336.1439514160156,1500,0.0,0.0
2010-11-16 00:00:00+09:00,336.1439514160157,336.1439514160157,336.1439514160157,336.1439514160156,1500,0.0,0.0
2010-11-17 00:00:00+09:00,336.1439514160157,336.1439514160157,336.1439514160157,336.1439514160156,1500,0.0,0.0
2010-11-18 00:00:00+09:00,336.1439514160157,336.1439514160157,336.1439514160157,336.1439514160156,1500,0.0,0.0
2010-11-19 00:00:00+09:00,336.1439514160157,336.1439514160157,336.1439514160157,336.1439514160156,1500,0.0,0.0
2010-11-22 00:00:00+09:00,336.1439514160157,336.1439514160157,336.1439514160157,336.1439514160156,1500,0.0,0.0
2010-11-24 00:00:00+09:00,341.9395367852573,341.9395367852573,336.1439514160157,336.1439514160156,600,0.0,0.0
2010-11-25 00:00:00+09:00,334.9847717285156,334.9847717285156,334.9847717285156,334.9847717285156,1300,0.0,0.0
2010-11-26 00:00:00+09:00,334.9847717285156,334.9847717285156,334.9847717285156,334.9847717285156,1300,0.0,0.0
2010-11-29 00:00:00+09:00,330.34832763671875,330.34832763671875,330.34832763671875,330.34832763671875,300,0.0,0.0
2010-11-30 00:00:00+09:00,330.34832763671875,330.34832763671875,330.34832763671875,330.34832763671875,300,0.0,0.0
2010-12-01 00:00:00+09:00,330.34828879616475,330.34828879616475,325.13226318359375,325.13226318359375,400,0.0,0.0
2010-12-02 00:00:00+09:00,327.45053528902827,333.2461199844093,327.45053528902827,330.34832763671875,2000,0.0,0.0
2010-12-03 00:00:00+09:00,325.7117919921875,325.7117919921875,325.7117919921875,325.7117919921875,1000,0.0,0.0
2010-12-06 00:00:00+09:00,329.76868677221637,336.1438283442628,329.76868677221637,335.56427001953125,3600,0.0,0.0
2010-12-07 00:00:00+09:00,335.56427001953125,335.56427001953125,335.56427001953125,335.56427001953125,4300,0.0,0.0
2010-12-08 00:00:00+09:00,335.56427001953125,335.56427001953125,335.56427001953125,335.56427001953125,4300,0.0,0.0
2010-12-09 00:00:00+09:00,335.56427001953125,335.56427001953125,335.56427001953125,335.56427001953125,4300,0.0,0.0
2010-12-10 00:00:00+09:00,333.2460632324219,333.2460632324219,333.2460632324219,333.2460632324219,500,0.0,0.0
2010-12-13 00:00:00+09:00,333.2460632324219,333.2460632324219,333.2460632324219,333.2460632324219,500,0.0,0.0
2010-12-14 00:00:00+09:00,336.14386641390274,340.78033353685316,336.14386641390274,340.2007751464844,700,0.0,0.0
2010-12-15 00:00:00+09:00,341.93939208984375,341.93939208984375,341.93939208984375,341.93939208984375,1600,0.0,0.0
2010-12-16 00:00:00+09:00,341.9395367852573,341.9395367852573,336.1439514160157,336.1439514160156,600,0.0,0.0
2010-12-17 00:00:00+09:00,336.1439514160157,336.1439514160157,336.1439514160157,336.1439514160156,600,0.0,0.0
2010-12-20 00:00:00+09:00,337.8825397198017,339.0416564941406,337.8825397198017,339.0416564941406,500,0.0,0.0
2010-12-21 00:00:00+09:00,341.9394322713216,347.7350158691406,341.9394322713216,347.7350158691406,2100,0.0,0.0
2010-12-22 00:00:00+09:00,348.31456338205646,359.326171875,348.31456338205646,359.326171875,2000,0.0,0.0
2010-12-24 00:00:00+09:00,353.53059946695964,353.53059946695964,347.7350158691406,347.7350158691406,6800,0.0,0.0
2010-12-27 00:00:00+09:00,347.7350158691406,347.7350158691406,347.7350158691406,347.7350158691406,6800,0.0,0.0
2010-12-28 00:00:00+09:00,347.7350158691406,347.7350158691406,347.7350158691406,347.7350158691406,6800,0.0,0.0
2010-12-29 00:00:00+09:00,347.7349913946473,351.7918996275848,347.7349913946473,351.21234130859375,1100,0.0,0.0
2010-12-30 00:00:00+09:00,351.7919386948996,357.5875225284235,351.7919386948996,356.42840576171875,1000,0.0,0.0
2011-01-04 00:00:00+09:00,359.326171875,359.9057302167339,353.5305884576613,359.326171875,3200,0.0,0.0
2011-01-05 00:00:00+09:00,359.32629551534865,361.06497113881,359.32629551534865,360.48541259765625,1300,0.0,0.0
2011-01-06 00:00:00+09:00,362.2239460877333,367.43997091139664,362.2239460877333,366.86041259765625,1500,0.0,0.0
2011-01-07 00:00:00+09:00,366.28082275390625,366.28082275390625,366.28082275390625,366.28082275390625,8300,0.0,0.0
2011-01-11 00:00:00+09:00,376.7129821777343,376.7129821777343,376.7129821777343,376.7129821777344,700,0.0,0.0
2011-01-12 00:00:00+09:00,383.66754039585504,383.66754039585504,383.0879821777344,383.0879821777344,300,0.0,0.0
2011-01-13 00:00:00+09:00,383.0879821777344,383.0879821777344,383.0879821777344,383.0879821777344,400,0.0,0.0
2011-01-14 00:00:00+09:00,396.41792306082584,405.6908569335937,396.41792306082584,405.69085693359375,3300,0.0,0.0
2011-01-17 00:00:00+09:00,405.6908569335937,405.6908569335937,405.6908569335937,405.69085693359375,3300,0.0,0.0
2011-01-18 00:00:00+09:00,405.6908569335937,405.6908569335937,405.6908569335937,405.69085693359375,3300,0.0,0.0
2011-01-19 00:00:00+09:00,405.6908569335937,405.6908569335937,405.6908569335937,405.69085693359375,3300,0.0,0.0
2011-01-20 00:00:00+09:00,405.6908569335937,405.6908569335937,405.6908569335937,405.69085693359375,3300,0.0,0.0
2011-01-21 00:00:00+09:00,397.5770512300379,397.5770512300379,394.0997009277344,394.0997009277344,300,0.0,0.0
2011-01-24 00:00:00+09:00,398.15660961375517,398.15660961375517,394.0997009277344,394.0997009277344,600,0.0,0.0
2011-01-25 00:00:00+09:00,394.0997009277344,394.0997009277344,394.0997009277344,394.0997009277344,1400,0.0,0.0
2011-01-26 00:00:00+09:00,394.0997009277344,394.0997009277344,394.0997009277344,394.0997009277344,0,0.0,0.0
2011-01-27 00:00:00+09:00,394.0997009277344,394.0997009277344,394.0997009277344,394.0997009277344,1400,0.0,0.0
2011-01-28 00:00:00+09:00,394.0997009277344,394.0997009277344,394.0997009277344,394.0997009277344,400,0.0,0.0
2011-01-31 00:00:00+09:00,388.30407714843744,388.30407714843744,388.30407714843744,388.3040771484375,300,0.0,0.0
2011-02-01 00:00:00+09:00,388.30407714843744,388.30407714843744,388.30407714843744,388.3040771484375,300,0.0,0.0
2011-02-02 00:00:00+09:00,388.3041170905618,394.0997009277344,388.3041170905618,394.0997009277344,2100,0.0,0.0
2011-02-03 00:00:00+09:00,394.09969618055555,394.09969618055555,391.201904296875,391.201904296875,3600,0.0,0.0
2011-02-04 00:00:00+09:00,394.09966942136873,394.09966942136873,393.5201110839844,393.5201110839844,2100,0.0,0.0
2011-02-07 00:00:00+09:00,382.50847979289733,382.50847979289733,380.1902465820313,380.19024658203125,4400,0.0,0.0
2011-02-08 00:00:00+09:00,382.50849390741604,388.30407714843744,382.50849390741604,388.3040771484375,1200,0.0,0.0
2011-02-09 00:00:00+09:00,394.0997009277344,394.0997009277344,394.0997009277344,394.0997009277344,100,0.0,0.0
2011-02-10 00:00:00+09:00,388.8836354725396,388.8836354725396,388.30407714843744,388.3040771484375,200,0.0,0.0
2011-02-14 00:00:00+09:00,388.30411241319445,391.201904296875,385.4063205295139,391.201904296875,400,0.0,0.0
2011-02-15 00:00:00+09:00,394.0996603894589,394.67921871356106,388.30407714843744,388.3040771484375,2400,0.0,0.0
2011-02-16 00:00:00+09:00,388.30407714843744,388.30407714843744,388.30407714843744,388.3040771484375,2400,0.0,0.0
2011-02-17 00:00:00+09:00,388.30407714843744,388.30407714843744,388.30407714843744,388.3040771484375,2400,0.0,0.0
2011-02-18 00:00:00+09:00,388.30407714843744,388.30407714843744,388.30407714843744,388.3040771484375,2400,0.0,0.0
2011-02-21 00:00:00+09:00,388.30407714843744,388.30407714843744,388.30407714843744,388.3040771484375,2400,0.0,0.0
2011-02-22 00:00:00+09:00,371.49688720703125,372.07644553340725,371.49688720703125,371.49688720703125,400,0.0,0.0
2011-02-23 00:00:00+09:00,371.49688720703125,371.49688720703125,371.49688720703125,371.49688720703125,500,0.0,0.0
2011-02-24 00:00:00+09:00,373.81512451171875,373.81512451171875,373.81512451171875,373.81512451171875,200,0.0,0.0
2011-02-25 00:00:00+09:00,357.0079423953325,361.6444091796875,357.0079423953325,361.6444091796875,1900,0.0,0.0
2011-02-28 00:00:00+09:00,359.326171875,359.326171875,359.326171875,359.326171875,300,0.0,0.0
2011-03-01 00:00:00+09:00,359.326171875,359.326171875,359.326171875,359.326171875,100,0.0,0.0
2011-03-02 00:00:00+09:00,359.326171875,359.326171875,359.326171875,359.326171875,1400,0.0,0.0
2011-03-03 00:00:00+09:00,359.9057302167339,359.9057302167339,359.326171875,359.326171875,400,0.0,0.0
2011-03-04 00:00:00+09:00,362.8035906166028,365.12182442245967,362.8035906166028,363.96270751953125,1500,0.0,0.0
2011-03-07 00:00:00+09:00,358.1670809117759,358.1670809117759,356.42840576171875,356.42840576171875,4500,0.0,0.0
2011-03-08 00:00:00+09:00,356.42840576171875,356.42840576171875,356.42840576171875,356.42840576171875,0,0.0,0.0
2011-03-09 00:00:00+09:00,356.42840576171875,356.42840576171875,356.42840576171875,356.42840576171875,4500,0.0,0.0
2011-03-10 00:00:00+09:00,339.0417441006365,339.62130263756063,336.1439514160157,336.1439514160156,4500,0.0,0.0
2011-03-11 00:00:00+09:00,332.0869338283335,332.0869338283335,322.2344418997442,325.7117919921875,3700,0.0,0.0
2011-03-14 00:00:00+09:00,325.7117919921875,325.7117919921875,325.7117919921875,325.7117919921875,0,0.0,0.0
2011-03-15 00:00:00+09:00,271.812876701355,271.812876701355,223.70953178405762,231.82334899902344,6000,0.0,0.0
2011-03-16 00:00:00+09:00,217.9139949845679,234.72119140625,217.9139949845679,234.72119140625,2200,0.0,0.0
2011-03-17 00:00:00+09:00,228.9255600567012,231.8233519561531,217.33439245889352,224.28909301757812,6900,0.0,0.0
2011-03-18 00:00:00+09:00,231.82334151922487,243.41450859518613,231.82334151922487,236.45980834960938,1700,0.0,0.0
2011-03-22 00:00:00+09:00,264.85823196635056,276.44940185546875,261.3808809996151,276.44940185546875,3800,0.0,0.0
2011-03-23 00:00:00+09:00,278.18802996379577,291.5178730662276,277.02891317227994,285.1427307128906,3200,0.0,0.0
2011-03-24 00:00:00+09:00,283.9836354869035,283.9836354869035,279.34716796875,279.34716796875,1000,0.0,0.0
2011-03-25 00:00:00+09:00,281.6653391625926,281.6653391625926,278.7675476074219,278.7675476074219,2000,0.0,0.0
2011-03-28 00:00:00+09:00,278.76755755205016,284.5631408691406,278.76755755205016,284.5631408691406,2300,0.0,0.0
2011-03-29 00:00:00+09:00,270.4816788770958,281.04278564453125,270.4816788770958,281.04278564453125,700,6.0,0.0
2011-03-30 00:00:00+09:00,271.65514313845625,276.3489685058594,271.65514313845625,276.3489685058594,1300,0.0,0.0
2011-03-31 00:00:00+09:00,276.34896041455994,281.04278564453125,276.34896041455994,281.04278564453125,1000,0.0,0.0
2011-04-01 00:00:00+09:00,278.10912802053053,278.10912802053053,277.52239990234375,277.52239990234375,500,0.0,0.0
2011-04-04 00:00:00+09:00,279.8693678606595,284.56319373672926,279.8693678606595,282.8030090332031,2800,0.0,0.0
2011-04-05 00:00:00+09:00,285.1499164581299,285.1499164581299,281.6295471191406,281.6295471191406,1100,0.0,0.0
2011-04-06 00:00:00+09:00,281.6295695754717,281.6295695754717,275.7622868759827,279.869384765625,1100,0.0,0.0
2011-04-07 00:00:00+09:00,284.56312853224733,284.56312853224733,275.76220703125,275.76220703125,6300,0.0,0.0
2011-04-08 00:00:00+09:00,275.76224033493395,276.3489685058594,275.76224033493395,276.3489685058594,600,0.0,0.0
2011-04-11 00:00:00+09:00,275.7622648874918,281.6295471191406,275.7622648874918,281.6295471191406,900,0.0,0.0
2011-04-12 00:00:00+09:00,275.76221554778346,277.52239990234375,275.76221554778346,277.52239990234375,500,0.0,0.0
2011-04-13 00:00:00+09:00,277.52242484771017,277.52242484771017,276.3489685058594,276.3489685058594,600,0.0,0.0
2011-04-14 00:00:00+09:00,275.76220791949555,282.2162170410156,275.76220791949555,282.2162170410156,1500,0.0,0.0
2011-04-15 00:00:00+09:00,280.45606002319596,280.45606002319596,275.1755065917969,275.1755065917969,2100,0.0,0.0
2011-04-18 00:00:00+09:00,276.935663231383,276.935663231383,275.76220703125,275.76220703125,600,0.0,0.0
2011-04-19 00:00:00+09:00,275.76220703125,275.76220703125,275.76220703125,275.76220703125,100,0.0,0.0
2011-04-20 00:00:00+09:00,275.76221554778346,277.52239990234375,275.76221554778346,277.52239990234375,300,0.0,0.0
2011-04-21 00:00:00+09:00,277.52239990234375,277.52239990234375,277.52239990234375,277.52239990234375,400,0.0,0.0
2011-04-22 00:00:00+09:00,274.58878950639206,276.34897405450994,271.06842041015625,271.06842041015625,1000,0.0,0.0
2011-04-25 00:00:00+09:00,280.45609067281083,281.6295471191406,280.45609067281083,281.6295471191406,3700,0.0,0.0
2011-04-26 00:00:00+09:00,280.4560574907848,281.6295137982776,278.69587302954557,281.04278564453125,1000,0.0,0.0
2011-04-27 00:00:00+09:00,282.21620261568984,282.80293068765593,276.3489218960289,279.2825622558594,800,0.0,0.0
2011-04-28 00:00:00+09:00,276.9357134774008,276.9357134774008,273.41534423828125,273.41534423828125,1000,0.0,0.0
2011-05-02 00:00:00+09:00,273.41534423828125,273.41534423828125,273.41534423828125,273.41534423828125,0,0.0,0.0
2011-05-06 00:00:00+09:00,278.6959228515625,278.6959228515625,278.6959228515625,278.6959228515625,0,0.0,0.0
2011-05-09 00:00:00+09:00,278.6959228515625,278.6959228515625,278.6959228515625,278.6959228515625,0,0.0,0.0
2011-05-10 00:00:00+09:00,280.45614263062834,280.45614263062834,264.0277493384577,272.82867431640625,7500,0.0,0.0
2011-05-11 00:00:00+09:00,269.8949279785156,269.8949279785156,269.8949279785156,269.8949279785156,1000,0.0,0.0
2011-05-12 00:00:00+09:00,269.89496954556165,275.7622514922043,265.7878721829118,272.24188232421875,2400,0.0,0.0
2011-05-13 00:00:00+09:00,274.5887756347656,274.5887756347656,266.3745814918453,274.5887756347656,3700,0.0,0.0
2011-05-16 00:00:00+09:00,274.5887756347656,274.5887756347656,274.5887756347656,274.5887756347656,3700,0.0,0.0
2011-05-17 00:00:00+09:00,269.89488864623223,272.828528740213,263.4408804394745,268.13470458984375,1500,0.0,0.0
2011-05-18 00:00:00+09:00,263.4409169298537,275.76220703125,258.16036402925533,275.76220703125,1500,0.0,0.0
2011-05-19 00:00:00+09:00,275.762290546164,275.762290546164,264.0277249910081,274.0021057128906,4200,0.0,0.0
2011-05-20 00:00:00+09:00,269.8949152914326,275.76219605863764,259.3338099104635,261.093994140625,6300,0.0,0.0
2011-05-23 00:00:00+09:00,261.0940274636307,261.6807556152344,261.0940274636307,261.6807556152344,500,0.0,0.0
2011-05-24 00:00:00+09:00,261.09406873914935,264.0277099609375,259.3338840060764,264.0277099609375,1700,0.0,0.0
2011-05-25 00:00:00+09:00,266.96133697242067,269.30824982492544,266.96133697242067,267.5480651855469,3100,0.0,0.0
2011-05-26 00:00:00+09:00,264.0277099609375,264.0277099609375,264.0277099609375,264.0277099609375,2100,0.0,0.0
2011-05-27 00:00:00+09:00,264.6144214001331,266.9613342285156,264.6144214001331,266.9613342285156,2200,0.0,0.0
2011-05-30 00:00:00+09:00,266.9613342285156,266.9613342285156,266.9613342285156,266.9613342285156,0,0.0,0.0
2011-05-31 00:00:00+09:00,266.9613342285156,266.9613342285156,266.9613342285156,266.9613342285156,0,0.0,0.0
2011-06-01 00:00:00+09:00,269.8949279785156,269.8949279785156,267.5480155613111,269.8949279785156,2000,0.0,0.0
2011-06-02 00:00:00+09:00,269.8949279785156,270.4816560828167,267.5480155613111,269.8949279785156,1600,0.0,0.0
2011-06-03 00:00:00+09:00,267.5480155613111,269.8949279785156,267.5480155613111,269.8949279785156,1400,0.0,0.0
2011-06-06 00:00:00+09:00,267.5480651855469,267.5480651855469,267.5480651855469,267.5480651855469,400,0.0,0.0
2011-06-07 00:00:00+09:00,265.20114425728224,268.72151342883905,259.3338623046875,259.3338623046875,7100,0.0,0.0
2011-06-08 00:00:00+09:00,259.3338623046875,259.3338623046875,259.3338623046875,259.3338623046875,700,0.0,0.0
2011-06-09 00:00:00+09:00,258.7471923828125,258.7471923828125,258.7471923828125,258.7471923828125,200,0.0,0.0
2011-06-10 00:00:00+09:00,258.16036702288585,258.747095129756,256.98691080914546,257.5736389160156,700,0.0,0.0
2011-06-13 00:00:00+09:00,258.1604640554138,258.7471923828125,258.1604640554138,258.7471923828125,600,0.0,0.0
2011-06-14 00:00:00+09:00,258.7471672385326,259.9206237792969,258.7471672385326,259.9206237792969,600,0.0,0.0
2011-06-15 00:00:00+09:00,259.9206237792969,259.9206237792969,259.9206237792969,259.9206237792969,2300,0.0,0.0
2011-06-16 00:00:00+09:00,258.7470922600733,258.7470922600733,247.59925835317674,256.9869079589844,1800,0.0,0.0
2011-06-17 00:00:00+09:00,256.9869079589844,256.9869079589844,250.53289885499163,256.9869079589844,2400,0.0,0.0
2011-06-20 00:00:00+09:00,255.22673427643744,255.22673427643744,252.87982177734375,252.87982177734375,700,0.0,0.0
2011-06-21 00:00:00+09:00,255.22675382448864,255.22675382448864,250.5329284667969,250.53292846679688,1200,0.0,0.0
2011-06-22 00:00:00+09:00,249.35947212737395,250.5329284667969,249.35947212737395,250.53292846679688,1500,0.0,0.0
2011-06-23 00:00:00+09:00,249.9461735267031,257.5736389160156,249.9461735267031,257.5736389160156,2000,0.0,0.0
2011-06-24 00:00:00+09:00,264.61442999445086,275.1755380651828,261.680788863692,262.26751708984375,3000,0.0,0.0
2011-06-27 00:00:00+09:00,261.09406873914935,264.0277099609375,261.09406873914935,264.0277099609375,4100,0.0,0.0
2011-06-28 00:00:00+09:00,264.6144714355469,265.78792807162466,264.6144714355469,264.6144714355469,400,0.0,0.0
2011-06-29 00:00:00+09:00,264.6144214001331,266.9613342285156,264.6144214001331,266.9613342285156,2000,0.0,0.0
2011-06-30 00:00:00+09:00,269.8949279785156,269.8949279785156,269.8949279785156,269.8949279785156,600,0.0,0.0
2011-07-01 00:00:00+09:00,271.6550973203002,281.62947454372375,271.6550973203002,279.2825622558594,3600,0.0,0.0
2011-07-04 00:00:00+09:00,282.2163295628834,286.91015625,274.588861196319,286.91015625,2900,0.0,0.0
2011-07-05 00:00:00+09:00,287.4967821182743,291.01715087890625,287.4967821182743,291.01715087890625,1000,0.0,0.0
2011-07-06 00:00:00+09:00,291.0171923828125,293.3641052246094,288.0835513305664,293.3641052246094,2800,0.0,0.0
2011-07-07 00:00:00+09:00,298.05797154695085,302.1650695800781,293.36414522337685,302.1650695800781,10900,0.0,0.0
2011-07-08 00:00:00+09:00,300.99148401511144,300.99148401511144,294.5374755859375,294.5374755859375,500,0.0,0.0
2011-07-11 00:00:00+09:00,294.53750895505874,295.1242370605469,294.53750895505874,295.1242370605469,300,0.0,0.0
2011-07-12 00:00:00+09:00,299.81815054757254,299.81815054757254,278.6959325050821,287.4968566894531,1000,0.0,0.0
2011-07-13 00:00:00+09:00,287.4968566894531,287.4968566894531,287.4968566894531,287.4968566894531,1000,0.0,0.0
2011-07-14 00:00:00+09:00,298.6446591186523,298.6446591186523,293.3641052246094,293.3641052246094,1600,0.0,0.0
2011-07-15 00:00:00+09:00,298.6446591186523,298.6446591186523,293.3641052246094,293.3641052246094,1600,0.0,0.0
2011-07-19 00:00:00+09:00,294.5374685250077,299.2312927246094,294.5374685250077,299.2312927246094,300,0.0,0.0
2011-07-20 00:00:00+09:00,296.8843994140625,299.231311662395,296.2976713519794,296.8843994140625,2200,0.0,0.0
2011-07-21 00:00:00+09:00,298.0578890166574,298.0578890166574,297.4711608886719,297.4711608886719,1800,0.0,0.0
2011-07-22 00:00:00+09:00,297.4711086497587,299.2312927246094,297.4711086497587,299.2312927246094,1400,0.0,0.0
2011-07-25 00:00:00+09:00,305.6853947763691,305.6853947763691,292.7773742675781,292.7773742675781,7700,0.0,0.0
2011-07-26 00:00:00+09:00,292.7773742675781,292.7773742675781,292.7773742675781,292.7773742675781,7700,0.0,0.0
2011-07-27 00:00:00+09:00,288.08359060935607,302.1650695800781,287.4968623189093,302.1650695800781,1300,0.0,0.0
2011-07-28 00:00:00+09:00,288.08353770862925,290.4304504394531,287.4968095259233,290.4304504394531,2100,0.0,0.0
2011-07-29 00:00:00+09:00,289.2569940740412,293.364091352983,289.2569940740412,290.4304504394531,500,0.0,0.0
2011-08-01 00:00:00+09:00,290.4304075241089,300.40478515625,290.4304075241089,300.40478515625,500,0.0,0.0
2011-08-02 00:00:00+09:00,296.2977182841349,296.2977182841349,293.9508056640625,293.9508056640625,200,0.0,0.0
2011-08-03 00:00:00+09:00,293.3640633859942,293.3640633859942,291.01715087890625,291.01715087890625,300,0.0,0.0
2011-08-04 00:00:00+09:00,288.6702575683594,288.6702575683594,288.6702575683594,288.6702575683594,300,0.0,0.0
2011-08-05 00:00:00+09:00,288.67027707959784,288.67027707959784,271.0684309162077,286.3233642578125,1400,0.0,0.0
2011-08-08 00:00:00+09:00,275.1755031021187,275.1755031021187,256.98693040240505,261.6807556152344,6200,0.0,0.0
2011-08-09 00:00:00+09:00,256.9869136463512,258.1603698730469,256.9869136463512,258.1603698730469,400,0.0,0.0
2011-08-10 00:00:00+09:00,281.6295471191406,281.6295471191406,281.6295471191406,281.6295471191406,200,0.0,0.0
2011-08-11 00:00:00+09:00,281.62956414473683,281.62956414473683,278.6959228515625,278.6959228515625,200,0.0,0.0
2011-08-12 00:00:00+09:00,278.6959228515625,278.6959228515625,269.3082707134046,278.6959228515625,900,0.0,0.0
2011-08-15 00:00:00+09:00,287.49682119475926,287.49682119475926,273.41534423828125,273.41534423828125,2000,0.0,0.0
2011-08-16 00:00:00+09:00,273.4153331409801,273.4153331409801,271.06842041015625,271.06842041015625,500,0.0,0.0
2011-08-17 00:00:00+09:00,268.72149658203125,268.72149658203125,268.72149658203125,268.72149658203125,100,0.0,0.0
2011-08-18 00:00:00+09:00,268.72149658203125,268.72149658203125,268.72149658203125,268.72149658203125,100,0.0,0.0
2011-08-19 00:00:00+09:00,264.0277099609375,264.0277099609375,264.0277099609375,264.0277099609375,200,0.0,0.0
2011-08-22 00:00:00+09:00,269.8949279785156,269.8949279785156,269.8949279785156,269.8949279785156,200,0.0,0.0
2011-08-23 00:00:00+09:00,275.76220703125,275.76220703125,275.76220703125,275.76220703125,200,0.0,0.0
2011-08-24 00:00:00+09:00,277.52239990234375,277.52239990234375,277.52239990234375,277.52239990234375,100,0.0,0.0
2011-08-25 00:00:00+09:00,291.01715087890625,291.01715087890625,291.01715087890625,291.01715087890625,2400,0.0,0.0
2011-08-26 00:00:00+09:00,291.01715087890625,291.01715087890625,291.01715087890625,291.01715087890625,2400,0.0,0.0
2011-08-29 00:00:00+09:00,291.01715087890625,291.01715087890625,291.01715087890625,291.01715087890625,0,0.0,0.0
2011-08-30 00:00:00+09:00,282.2162924033717,282.2162924033717,278.6959228515625,278.6959228515625,600,0.0,0.0
2011-08-31 00:00:00+09:00,276.3489685058594,276.3489685058594,276.3489685058594,276.3489685058594,500,0.0,0.0
2011-09-01 00:00:00+09:00,278.6959228515625,278.6959228515625,278.6959228515625,278.6959228515625,400,0.0,0.0
2011-09-02 00:00:00+09:00,281.6295471191406,281.6295471191406,281.6295471191406,281.6295471191406,1700,0.0,0.0
2011-09-05 00:00:00+09:00,279.869384765625,279.869384765625,279.2826564956761,279.869384765625,900,0.0,0.0
2011-09-06 00:00:00+09:00,279.869384765625,279.869384765625,279.869384765625,279.869384765625,100,0.0,0.0
2011-09-07 00:00:00+09:00,278.10917302181844,278.10917302181844,267.5480651855469,267.5480651855469,7200,0.0,0.0
2011-09-08 00:00:00+09:00,269.8949279785156,269.8949279785156,269.8949279785156,269.8949279785156,900,0.0,0.0
2011-09-09 00:00:00+09:00,269.8949279785156,269.8949279785156,269.8949279785156,269.8949279785156,900,0.0,0.0
2011-09-12 00:00:00+09:00,269.8949279785156,269.8949279785156,269.8949279785156,269.8949279785156,900,0.0,0.0
2011-09-13 00:00:00+09:00,274.5887756347656,274.5887756347656,274.5887756347656,274.5887756347656,600,0.0,0.0
2011-09-14 00:00:00+09:00,272.82856653091756,275.76220703125,272.82856653091756,275.76220703125,400,0.0,0.0
2011-09-15 00:00:00+09:00,279.2825622558594,279.2825622558594,279.2825622558594,279.2825622558594,2000,0.0,0.0
2011-09-16 00:00:00+09:00,279.2825622558594,279.2825622558594,279.2825622558594,279.2825622558594,2000,0.0,0.0
2011-09-20 00:00:00+09:00,279.2825622558594,279.2825622558594,279.2825622558594,279.2825622558594,2000,0.0,0.0
2011-09-21 00:00:00+09:00,278.6959228515625,278.6959228515625,278.6959228515625,278.6959228515625,100,0.0,0.0
2011-09-22 00:00:00+09:00,292.1905822753906,292.1905822753906,292.1905822753906,292.1905822753906,2200,0.0,0.0
2011-09-26 00:00:00+09:00,276.3489685058594,276.3489685058594,276.3489685058594,276.3489685058594,100,0.0,0.0
2011-09-27 00:00:00+09:00,276.3489685058594,276.3489685058594,276.3489685058594,276.3489685058594,200,0.0,0.0
2011-09-28 00:00:00+09:00,276.3490295410156,276.3490295410156,276.3490295410156,276.3490295410156,200,6.0,0.0
2011-09-29 00:00:00+09:00,276.9432718698602,282.2919616699219,276.9432718698602,282.2919616699219,600,0.0,0.0
2011-09-30 00:00:00+09:00,281.69769287109375,281.69769287109375,281.69769287109375,281.69769287109375,900,0.0,0.0
2011-10-03 00:00:00+09:00,279.32037091562165,279.32037091562165,276.94317626953125,276.94317626953125,1000,0.0,0.0
2011-10-04 00:00:00+09:00,275.75466779928144,275.75466779928144,273.9717712402344,273.9717712402344,900,0.0,0.0
2011-10-05 00:00:00+09:00,276.3490295410156,276.3490295410156,276.3490295410156,276.3490295410156,1100,0.0,0.0
2011-10-06 00:00:00+09:00,276.9433014302314,281.69769287109375,276.9433014302314,281.69769287109375,400,0.0,0.0
2011-10-07 00:00:00+09:00,281.69756556171205,281.69756556171205,276.94317626953125,276.94317626953125,6100,0.0,0.0
2011-10-11 00:00:00+09:00,276.94317626953125,276.94317626953125,276.94317626953125,276.94317626953125,100,0.0,0.0
2011-10-12 00:00:00+09:00,276.94317626953125,276.94317626953125,276.94317626953125,276.94317626953125,100,0.0,0.0
2011-10-13 00:00:00+09:00,279.32049715066256,281.69769287109375,279.32049715066256,281.69769287109375,600,0.0,0.0
2011-10-14 00:00:00+09:00,283.48046154627986,283.48046154627986,276.94317626953125,276.94317626953125,1900,0.0,0.0
2011-10-17 00:00:00+09:00,276.94317626953125,276.94317626953125,276.94317626953125,276.94317626953125,1900,0.0,0.0
2011-10-18 00:00:00+09:00,272.1888427734375,272.1888427734375,272.1888427734375,272.1888427734375,300,0.0,0.0
2011-10-19 00:00:00+09:00,272.7831415567856,272.7831415567856,272.1888427734375,272.1888427734375,2100,0.0,0.0
2011-10-20 00:00:00+09:00,272.1888427734375,272.1888427734375,272.1888427734375,272.1888427734375,2100,0.0,0.0
2011-10-21 00:00:00+09:00,272.1888427734375,272.1888427734375,272.1888427734375,272.1888427734375,2100,0.0,0.0
2011-10-24 00:00:00+09:00,273.97180677969243,281.69769287109375,273.97180677969243,281.69769287109375,900,0.0,0.0
2011-10-25 00:00:00+09:00,281.69769287109375,281.69769287109375,281.69769287109375,281.69769287109375,2100,0.0,0.0
2011-10-26 00:00:00+09:00,281.69769287109375,281.69769287109375,281.69769287109375,281.69769287109375,2100,0.0,0.0
2011-10-27 00:00:00+09:00,281.1033309611868,281.1033309611868,279.3204345703125,279.3204345703125,600,0.0,0.0
2011-10-28 00:00:00+09:00,278.13177359257645,278.13177359257645,276.94317626953125,276.94317626953125,300,0.0,0.0
2011-10-31 00:00:00+09:00,276.94317626953125,276.94317626953125,276.94317626953125,276.94317626953125,300,0.0,0.0
2011-11-01 00:00:00+09:00,276.94317626953125,276.94317626953125,276.94317626953125,276.94317626953125,300,0.0,0.0
2011-11-02 00:00:00+09:00,276.94317626953125,276.94317626953125,276.94317626953125,276.94317626953125,600,0.0,0.0
2011-11-04 00:00:00+09:00,280.509033203125,280.509033203125,280.509033203125,280.509033203125,300,0.0,0.0
2011-11-07 00:00:00+09:00,282.29199295523784,283.4805908203125,282.29199295523784,283.4805908203125,6700,0.0,0.0
2011-11-08 00:00:00+09:00,283.4805908203125,283.4805908203125,283.4805908203125,283.4805908203125,6700,0.0,0.0
2011-11-09 00:00:00+09:00,273.9717712402344,273.9717712402344,273.9717712402344,273.9717712402344,500,0.0,0.0
2011-11-10 00:00:00+09:00,273.37744140625,273.37744140625,273.37744140625,273.37744140625,100,0.0,0.0
2011-11-11 00:00:00+09:00,276.3489666522971,276.3489666522971,273.9717712402344,273.9717712402344,800,0.0,0.0
2011-11-14 00:00:00+09:00,278.72619936001377,283.4805908203125,278.72619936001377,283.4805908203125,1300,0.0,0.0
2011-11-15 00:00:00+09:00,283.4805908203125,283.4805908203125,283.4805908203125,283.4805908203125,1600,0.0,0.0
2011-11-16 00:00:00+09:00,278.7261320900969,278.7261320900969,275.16033935546875,275.16033935546875,600,0.0,0.0
2011-11-17 00:00:00+09:00,275.16033935546875,275.16033935546875,275.16033935546875,275.16033935546875,1100,0.0,0.0
2011-11-18 00:00:00+09:00,265.651611328125,265.651611328125,265.651611328125,265.651611328125,1000,0.0,0.0
2011-11-21 00:00:00+09:00,265.651611328125,265.651611328125,265.651611328125,265.651611328125,200,0.0,0.0
2011-11-22 00:00:00+09:00,265.651611328125,265.651611328125,265.651611328125,265.651611328125,0,0.0,0.0
2011-11-24 00:00:00+09:00,273.37744140625,273.37744140625,273.37744140625,273.37744140625,1000,0.0,0.0
2011-11-25 00:00:00+09:00,275.16033935546875,275.16033935546875,275.16033935546875,275.16033935546875,2300,0.0,0.0
2011-11-28 00:00:00+09:00,273.37744140625,273.37744140625,273.37744140625,273.37744140625,300,0.0,0.0
2011-11-29 00:00:00+09:00,276.9432718698602,282.2919616699219,276.9432718698602,282.2919616699219,1500,0.0,0.0
2011-11-30 00:00:00+09:00,287.0463241577148,287.0463241577148,283.4805313110352,285.263427734375,400,0.0,0.0
2011-12-01 00:00:00+09:00,283.4805938406089,288.2349853515625,283.4805938406089,288.2349853515625,1200,0.0,0.0
2011-12-02 00:00:00+09:00,291.20641989786117,291.20641989786117,290.017822265625,290.017822265625,700,0.0,0.0
2011-12-05 00:00:00+09:00,291.2064514160156,291.2064514160156,291.2064514160156,291.2064514160156,600,0.0,0.0
2011-12-06 00:00:00+09:00,291.20641989786117,291.20641989786117,290.017822265625,290.017822265625,300,0.0,0.0
2011-12-07 00:00:00+09:00,276.3489410983529,281.1033314828407,276.3489410983529,279.91473388671875,7400,0.0,0.0
2011-12-08 00:00:00+09:00,275.16036894626575,275.16036894626575,273.3774723872187,273.9717712402344,1300,0.0,0.0
2011-12-09 00:00:00+09:00,273.9717712402344,273.9717712402344,273.9717712402344,273.9717712402344,1300,0.0,0.0
2011-12-12 00:00:00+09:00,275.7546105018029,278.1318054199219,275.7546105018029,278.1318054199219,300,0.0,0.0
2011-12-13 00:00:00+09:00,278.1318054199219,278.1318054199219,278.1318054199219,278.1318054199219,300,0.0,0.0
2011-12-14 00:00:00+09:00,282.2919336954753,285.263427734375,280.5090372721354,285.263427734375,500,0.0,0.0
2011-12-15 00:00:00+09:00,281.10336393657485,282.2919616699219,281.10336393657485,282.2919616699219,2100,0.0,0.0
2011-12-16 00:00:00+09:00,281.10336393657485,282.2919616699219,281.10336393657485,282.2919616699219,2100,0.0,0.0
2011-12-19 00:00:00+09:00,285.263427734375,285.263427734375,285.263427734375,285.263427734375,400,0.0,0.0
2011-12-20 00:00:00+09:00,288.23486201758215,288.8291607021545,287.0462646484375,287.0462646484375,1400,0.0,0.0
2011-12-21 00:00:00+09:00,293.58364649735586,295.36654313600377,290.6121520996094,290.6121520996094,1100,0.0,0.0
2011-12-22 00:00:00+09:00,304.8753356933594,304.8753356933594,304.8753356933594,304.8753356933594,9200,0.0,0.0
2011-12-26 00:00:00+09:00,304.8753356933594,304.8753356933594,304.8753356933594,304.8753356933594,0,0.0,0.0
2011-12-27 00:00:00+09:00,311.41259765625,311.41259765625,311.41259765625,311.41259765625,200,0.0,0.0
2011-12-28 00:00:00+09:00,295.3664899467242,300.1208801269531,295.3664899467242,300.1208801269531,1800,0.0,0.0
2011-12-29 00:00:00+09:00,300.1209199451265,312.00689697265625,300.1209199451265,312.00689697265625,800,0.0,0.0
2011-12-30 00:00:00+09:00,311.41259765625,311.41259765625,311.41259765625,311.41259765625,300,0.0,0.0
2012-01-04 00:00:00+09:00,311.41259765625,311.41259765625,307.84680455331585,311.41259765625,4000,0.0,0.0
2012-01-05 00:00:00+09:00,310.2239980844351,310.2239980844351,304.2810096153846,309.035400390625,3400,0.0,0.0
2012-01-06 00:00:00+09:00,306.65820265094055,306.65820265094055,306.06390380859375,306.06390380859375,1100,0.0,0.0
2012-01-10 00:00:00+09:00,320.9212951660156,320.9212951660156,320.9212951660156,320.9212951660156,10100,0.0,0.0
2012-01-11 00:00:00+09:00,317.9498596191406,317.9498596191406,317.9498596191406,317.9498596191406,200,0.0,0.0
2012-01-12 00:00:00+09:00,317.94985807031617,317.94985807031617,312.0068700690019,316.1669616699219,1300,0.0,0.0
2012-01-13 00:00:00+09:00,312.60118912250795,312.60118912250795,303.68670654296875,303.68670654296875,2400,0.0,0.0
2012-01-16 00:00:00+09:00,292.3950139479925,292.3950139479925,285.85772705078125,285.85772705078125,500,0.0,0.0
2012-01-17 00:00:00+09:00,288.2349853515625,288.2349853515625,288.2349853515625,288.2349853515625,200,0.0,0.0
2012-01-18 00:00:00+09:00,288.2349853515625,288.2349853515625,288.2349853515625,288.2349853515625,100,0.0,0.0
2012-01-19 00:00:00+09:00,288.2349853515625,288.2349853515625,288.2349853515625,288.2349853515625,100,0.0,0.0
2012-01-20 00:00:00+09:00,291.2064233645044,294.17791748046875,291.2064233645044,294.17791748046875,400,0.0,0.0
2012-01-23 00:00:00+09:00,294.17791748046875,294.17791748046875,294.17791748046875,294.17791748046875,100,0.0,0.0
2012-01-24 00:00:00+09:00,297.1494115964331,297.1494115964331,294.17791748046875,294.17791748046875,400,0.0,0.0
2012-01-25 00:00:00+09:00,303.0923767089844,303.0923767089844,303.0923767089844,303.0923767089844,2800,0.0,0.0
2012-01-26 00:00:00+09:00,297.1494375181592,297.1494375181592,283.48056339232386,287.6406555175781,1300,0.0,0.0
2012-01-27 00:00:00+09:00,289.42352294921875,289.42352294921875,289.42352294921875,289.42352294921875,100,0.0,0.0
2012-01-30 00:00:00+09:00,289.4235268949258,294.17791748046875,289.4235268949258,294.17791748046875,200,0.0,0.0
2012-01-31 00:00:00+09:00,294.17791748046875,294.17791748046875,294.17791748046875,294.17791748046875,200,0.0,0.0
2012-02-01 00:00:00+09:00,294.17791748046875,294.17791748046875,294.17791748046875,294.17791748046875,100,0.0,0.0
2012-02-02 00:00:00+09:00,294.17791846292596,295.36651611328125,294.17791846292596,295.36651611328125,300,0.0,0.0
2012-02-03 00:00:00+09:00,296.555145690918,297.1494445800781,296.555145690918,297.1494445800781,600,0.0,0.0
2012-02-06 00:00:00+09:00,301.9038395310198,302.4981384277344,301.9038395310198,302.4981384277344,600,0.0,0.0
2012-02-07 00:00:00+09:00,302.49807132583067,302.49807132583067,295.9607849121094,295.9607849121094,5400,0.0,0.0
2012-02-08 00:00:00+09:00,295.9607849121094,295.9607849121094,295.9607849121094,295.9607849121094,5400,0.0,0.0
2012-02-09 00:00:00+09:00,294.7721862792969,294.7721862792969,294.7721862792969,294.7721862792969,100,0.0,0.0
2012-02-10 00:00:00+09:00,294.7721862792969,294.7721862792969,294.7721862792969,294.7721862792969,100,0.0,0.0
2012-02-13 00:00:00+09:00,297.1494445800781,297.1494445800781,297.1494445800781,297.1494445800781,100,0.0,0.0
2012-02-14 00:00:00+09:00,302.4981384277344,302.4981384277344,302.4981384277344,302.4981384277344,300,0.0,0.0
2012-02-15 00:00:00+09:00,310.2239620433134,310.2239620433134,300.71518159754135,303.0923767089844,1700,0.0,0.0
2012-02-16 00:00:00+09:00,303.0924334716797,303.0924334716797,297.1494445800781,297.1494445800781,1600,0.0,0.0
2012-02-17 00:00:00+09:00,291.2064514160156,291.2064514160156,291.2064514160156,291.2064514160156,1000,0.0,0.0
2012-02-20 00:00:00+09:00,288.2349612426758,297.1494445800781,288.2349612426758,297.1494445800781,3200,0.0,0.0
2012-02-21 00:00:00+09:00,297.1494445800781,297.1494445800781,297.1494445800781,297.1494445800781,100,0.0,0.0
2012-02-22 00:00:00+09:00,291.2064514160156,291.2064514160156,290.6121525355748,291.2064514160156,1100,0.0,0.0
2012-02-23 00:00:00+09:00,300.71521092212106,301.90380859375,300.71521092212106,301.90380859375,500,0.0,0.0
2012-02-24 00:00:00+09:00,313.7897644042969,313.7897644042969,313.7897644042969,313.7897644042969,2700,0.0,0.0
2012-02-27 00:00:00+09:00,313.7897644042969,313.7897644042969,313.7897644042969,313.7897644042969,2700,0.0,0.0
2012-02-28 00:00:00+09:00,297.14944835730296,302.4981384277344,297.14944835730296,302.4981384277344,600,0.0,0.0
2012-02-29 00:00:00+09:00,300.1208801269531,300.1208801269531,300.1208801269531,300.1208801269531,100,0.0,0.0
2012-03-01 00:00:00+09:00,300.12087793407323,300.12087793407323,297.7436828613281,297.7436828613281,600,0.0,0.0
2012-03-02 00:00:00+09:00,300.1208801269531,300.1208801269531,300.1208801269531,300.1208801269531,100,0.0,0.0
2012-03-05 00:00:00+09:00,301.90384242331334,306.6582336425781,300.12094571608907,306.6582336425781,2500,0.0,0.0
2012-03-06 00:00:00+09:00,306.6582336425781,306.6582336425781,306.6582336425781,306.6582336425781,0,0.0,0.0
2012-03-07 00:00:00+09:00,294.77221826465427,296.55511474609375,293.5836206103613,296.55511474609375,6500,0.0,0.0
2012-03-08 00:00:00+09:00,296.55511474609375,296.55511474609375,296.55511474609375,296.55511474609375,0,0.0,0.0
2012-03-09 00:00:00+09:00,297.14938244187687,297.14938244187687,295.9607849121094,295.9607849121094,600,0.0,0.0
2012-03-12 00:00:00+09:00,295.9607849121094,295.9607849121094,295.9607849121094,295.9607849121094,0,0.0,0.0
2012-03-13 00:00:00+09:00,294.1778886174581,295.9607849121094,294.1778886174581,295.9607849121094,1400,0.0,0.0
2012-03-14 00:00:00+09:00,297.1494100927337,297.1494100927337,291.206421890879,292.39501953125,3900,0.0,0.0
2012-03-15 00:00:00+09:00,297.14937964510966,297.14937964510966,292.9892883300781,292.9892883300781,2900,0.0,0.0
2012-03-16 00:00:00+09:00,297.14938626431,300.1208801269531,297.14938626431,300.1208801269531,2300,0.0,0.0
2012-03-19 00:00:00+09:00,300.7152104424772,301.30950927734375,300.7152104424772,301.30950927734375,600,0.0,0.0
2012-03-21 00:00:00+09:00,308.4410629423538,308.4410629423538,300.1208801269531,300.1208801269531,800,0.0,0.0
2012-03-22 00:00:00+09:00,303.6867399473448,307.8468322753906,303.6867399473448,307.8468322753906,700,0.0,0.0
2012-03-23 00:00:00+09:00,313.78979352678573,313.78979352678573,312.00689697265625,312.00689697265625,3100,0.0,0.0
2012-03-26 00:00:00+09:00,300.7151794433594,300.7151794433594,300.7151794433594,300.7151794433594,500,0.0,0.0
2012-03-27 00:00:00+09:00,300.7151794433594,300.7151794433594,300.7151794433594,300.7151794433594,500,0.0,0.0
2012-03-28 00:00:00+09:00,306.1498389329739,306.1498389329739,302.5267639160156,302.5267639160156,400,8.0,0.0
2012-03-29 00:00:00+09:00,302.5267639160156,302.5267639160156,302.5267639160156,302.5267639160156,400,0.0,0.0
2012-03-30 00:00:00+09:00,301.92291259765625,301.92291259765625,301.92291259765625,301.92291259765625,100,0.0,0.0
2012-04-02 00:00:00+09:00,301.92291259765625,301.92291259765625,301.92291259765625,301.92291259765625,100,0.0,0.0
2012-04-03 00:00:00+09:00,304.3382263183594,304.3382263183594,304.3382263183594,304.3382263183594,200,0.0,0.0
2012-04-04 00:00:00+09:00,306.149805242365,306.149805242365,304.94211370294744,305.54595947265625,400,0.0,0.0
2012-04-05 00:00:00+09:00,306.7536315917969,307.35747732327684,303.73440293439734,306.7536315917969,3300,0.0,0.0
2012-04-06 00:00:00+09:00,307.96136474609375,307.96136474609375,306.75367311963845,307.96136474609375,1900,0.0,0.0
2012-04-09 00:00:00+09:00,301.92291259765625,301.92291259765625,301.92291259765625,301.92291259765625,8400,0.0,0.0
2012-04-10 00:00:00+09:00,301.92291259765625,301.92291259765625,301.92291259765625,301.92291259765625,8400,0.0,0.0
2012-04-11 00:00:00+09:00,307.96136474609375,307.96136474609375,307.96136474609375,307.96136474609375,100,0.0,0.0
2012-04-12 00:00:00+09:00,309.169056372549,309.169056372549,307.96136474609375,307.96136474609375,1300,0.0,0.0
2012-04-13 00:00:00+09:00,307.35748291015625,307.35748291015625,307.35748291015625,307.35748291015625,1500,0.0,0.0
2012-04-16 00:00:00+09:00,307.35748291015625,307.35748291015625,307.35748291015625,307.35748291015625,1500,0.0,0.0
2012-04-17 00:00:00+09:00,307.35748291015625,307.35748291015625,307.35748291015625,307.35748291015625,1500,0.0,0.0
2012-04-18 00:00:00+09:00,307.35748291015625,307.35748291015625,307.35748291015625,307.35748291015625,1500,0.0,0.0
2012-04-19 00:00:00+09:00,305.54595947265625,305.54595947265625,305.54595947265625,305.54595947265625,200,0.0,0.0
2012-04-20 00:00:00+09:00,305.54595947265625,305.54595947265625,305.54595947265625,305.54595947265625,200,0.0,0.0
2012-04-23 00:00:00+09:00,309.7729797363281,309.7729797363281,309.7729797363281,309.7729797363281,100,0.0,0.0
2012-04-24 00:00:00+09:00,313.39598751615154,315.8113708496094,307.96137501587145,315.8113708496094,2100,0.0,0.0
2012-04-25 00:00:00+09:00,316.4151861667633,316.4151861667633,309.1690368652344,309.1690368652344,3700,0.0,0.0
2012-04-26 00:00:00+09:00,310.3766921429718,310.3766921429718,308.5651550292969,308.5651550292969,700,0.0,0.0
2012-04-27 00:00:00+09:00,313.39593505859375,313.39593505859375,313.39593505859375,313.39593505859375,100,0.0,0.0
2012-05-01 00:00:00+09:00,311.5843922972219,312.7920837402344,311.5843922972219,312.7920837402344,300,0.0,0.0
2012-05-02 00:00:00+09:00,311.5843922972219,312.7920837402344,311.5843922972219,312.7920837402344,300,0.0,0.0
2012-05-07 00:00:00+09:00,315.8113708496094,315.8113708496094,315.8113708496094,315.8113708496094,5200,0.0,0.0
2012-05-08 00:00:00+09:00,309.7729797363281,309.7729797363281,309.7729797363281,309.7729797363281,700,0.0,0.0
2012-05-09 00:00:00+09:00,306.7536315917969,306.7536315917969,306.7536315917969,306.7536315917969,200,0.0,0.0
2012-05-10 00:00:00+09:00,306.7536315917969,306.7536315917969,306.7536315917969,306.7536315917969,200,0.0,0.0
2012-05-11 00:00:00+09:00,306.7536315917969,306.7536315917969,306.7536315917969,306.7536315917969,200,0.0,0.0
2012-05-14 00:00:00+09:00,308.56519109010696,310.3767284154892,308.56519109010696,309.1690368652344,800,0.0,0.0
2012-05-15 00:00:00+09:00,318.2266845703125,318.2266845703125,318.2266845703125,318.2266845703125,1500,0.0,0.0
2012-05-16 00:00:00+09:00,318.2266845703125,318.2266845703125,318.2266845703125,318.2266845703125,1500,0.0,0.0
2012-05-17 00:00:00+09:00,307.96136474609375,307.96136474609375,307.96136474609375,307.96136474609375,100,0.0,0.0
2012-05-18 00:00:00+09:00,307.96136474609375,307.96136474609375,307.96136474609375,307.96136474609375,100,0.0,0.0
2012-05-21 00:00:00+09:00,307.9613825959979,320.0382995605469,307.9613825959979,320.0382995605469,4200,0.0,0.0
2012-05-22 00:00:00+09:00,320.0382995605469,320.0382995605469,320.0382995605469,320.0382995605469,4200,0.0,0.0
2012-05-23 00:00:00+09:00,315.20751402519943,315.20751402519943,314.6036682128906,314.6036682128906,200,0.0,0.0
2012-05-24 00:00:00+09:00,320.03834628319555,320.64219221957893,311.5845031738281,311.5845031738281,1700,0.0,0.0
2012-05-25 00:00:00+09:00,326.6805725097656,326.6805725097656,326.6805725097656,326.6805725097656,3100,0.0,0.0
2012-05-28 00:00:00+09:00,315.2075145048253,315.2075145048253,307.96136474609375,307.96136474609375,700,0.0,0.0
2012-05-29 00:00:00+09:00,307.96136474609375,307.96136474609375,307.96136474609375,307.96136474609375,700,0.0,0.0
2012-05-30 00:00:00+09:00,307.96136474609375,307.96136474609375,307.96136474609375,307.96136474609375,700,0.0,0.0
2012-05-31 00:00:00+09:00,309.1690094111969,312.7920837402344,308.5651636896907,312.7920837402344,900,0.0,0.0
2012-06-01 00:00:00+09:00,312.18826574087143,312.18826574087143,309.1690368652344,309.1690368652344,500,0.0,0.0
2012-06-04 00:00:00+09:00,309.1689918154762,309.1689918154762,303.7343806312198,304.3382263183594,500,0.0,0.0
2012-06-05 00:00:00+09:00,304.3382840670072,313.99981689453125,304.3382840670072,313.99981689453125,2500,0.0,0.0
2012-06-06 00:00:00+09:00,320.0383115118753,331.5113830566406,320.0383115118753,331.5113830566406,1200,0.0,0.0
2012-06-07 00:00:00+09:00,320.03827491173377,320.03827491173377,313.99981689453125,313.99981689453125,5100,0.0,0.0
2012-06-08 00:00:00+09:00,313.99981689453125,313.99981689453125,313.99981689453125,313.99981689453125,5100,0.0,0.0
2012-06-11 00:00:00+09:00,313.99981689453125,313.99981689453125,313.99981689453125,313.99981689453125,5100,0.0,0.0
2012-06-12 00:00:00+09:00,313.99981689453125,313.99981689453125,313.99981689453125,313.99981689453125,5100,0.0,0.0
2012-06-13 00:00:00+09:00,320.0382273124926,320.0382273124926,318.8305358886719,318.8305358886719,300,0.0,0.0
2012-06-14 00:00:00+09:00,320.03829168316054,320.03829168316054,315.8113708496094,315.8113708496094,1000,0.0,0.0
2012-06-15 00:00:00+09:00,327.8883056640625,327.8883056640625,327.8883056640625,327.8883056640625,1400,0.0,0.0
2012-06-18 00:00:00+09:00,320.0382995605469,320.0382995605469,320.0382995605469,320.0382995605469,200,0.0,0.0
2012-06-19 00:00:00+09:00,321.8498371052292,321.8498371052292,320.0382995605469,320.0382995605469,1100,0.0,0.0
2012-06-20 00:00:00+09:00,320.0382995605469,320.0382995605469,320.0382995605469,320.0382995605469,400,0.0,0.0
2012-06-21 00:00:00+09:00,316.4151916503906,316.4151916503906,316.4151916503906,316.4151916503906,200,0.0,0.0
2012-06-22 00:00:00+09:00,320.0382873535156,332.1152038574219,320.0382873535156,332.1152038574219,2900,0.0,0.0
2012-06-25 00:00:00+09:00,314.60368692649985,323.0575288016841,314.60368692649985,320.0382995605469,1100,0.0,0.0
2012-06-26 00:00:00+09:00,320.0382995605469,320.0382995605469,320.0382995605469,320.0382995605469,1100,0.0,0.0
2012-06-27 00:00:00+09:00,320.6420560128348,320.6420560128348,317.01898193359375,317.01898193359375,600,0.0,0.0
2012-06-28 00:00:00+09:00,325.4728224455421,325.4728224455421,323.6612854003906,323.6612854003906,300,0.0,0.0
2012-06-29 00:00:00+09:00,323.6613352924312,329.095947265625,323.6613352924312,329.095947265625,1000,0.0,0.0
2012-07-02 00:00:00+09:00,332.1151705905124,335.1343994140625,332.1151705905124,335.1343994140625,500,0.0,0.0
2012-07-03 00:00:00+09:00,336.9459286338404,344.19207763671875,336.9459286338404,344.19207763671875,2300,0.0,0.0
2012-07-04 00:00:00+09:00,342.98445018667036,342.98445018667036,341.17291259765625,341.17291259765625,2500,0.0,0.0
2012-07-05 00:00:00+09:00,342.38049880551625,342.98434448242193,342.38049880551625,342.9843444824219,200,0.0,0.0
2012-07-06 00:00:00+09:00,337.54979889505984,343.5882568359375,337.54979889505984,343.5882568359375,3200,0.0,0.0
2012-07-09 00:00:00+09:00,342.98434448242193,342.98434448242193,342.98434448242193,342.9843444824219,10600,0.0,0.0
2012-07-10 00:00:00+09:00,333.9267243962989,336.9459533691406,333.9267243962989,336.9459533691406,200,0.0,0.0
2012-07-11 00:00:00+09:00,339.36131163479985,344.19207763671875,339.36131163479985,344.19207763671875,200,0.0,0.0
2012-07-12 00:00:00+09:00,342.38054038599915,344.19207763671875,342.38054038599915,344.19207763671875,400,0.0,0.0
2012-07-13 00:00:00+09:00,343.5882568359375,343.5882568359375,343.5882568359375,343.5882568359375,1600,0.0,0.0
2012-07-17 00:00:00+09:00,339.9651093517276,339.9651093517276,335.1343440323425,335.7381896972656,500,0.0,0.0
2012-07-18 00:00:00+09:00,336.9459533691406,336.9459533691406,336.9459533691406,336.9459533691406,100,0.0,0.0
2012-07-19 00:00:00+09:00,336.9459533691406,336.9459533691406,336.9459533691406,336.9459533691406,100,0.0,0.0
2012-07-20 00:00:00+09:00,339.3613586425781,339.3613586425781,339.3613586425781,339.3613586425781,100,0.0,0.0
2012-07-23 00:00:00+09:00,341.7767028808594,341.7767028808594,341.7767028808594,341.7767028808594,400,0.0,0.0
2012-07-24 00:00:00+09:00,341.7767194536742,343.5882568359375,341.17287365958646,343.5882568359375,1300,0.0,0.0
2012-07-25 00:00:00+09:00,319.434326171875,319.434326171875,319.434326171875,319.434326171875,800,0.0,0.0
2012-07-26 00:00:00+09:00,319.434326171875,319.434326171875,319.434326171875,319.434326171875,800,0.0,0.0
2012-07-27 00:00:00+09:00,325.47287261682914,329.095947265625,325.47287261682914,329.095947265625,500,0.0,0.0
2012-07-30 00:00:00+09:00,329.095947265625,329.095947265625,329.095947265625,329.095947265625,200,0.0,0.0
2012-07-31 00:00:00+09:00,329.095947265625,329.095947265625,329.095947265625,329.095947265625,200,0.0,0.0
2012-08-01 00:00:00+09:00,329.095947265625,329.095947265625,329.095947265625,329.095947265625,200,0.0,0.0
2012-08-02 00:00:00+09:00,329.095947265625,329.095947265625,329.095947265625,329.095947265625,200,0.0,0.0
2012-08-03 00:00:00+09:00,329.095947265625,329.095947265625,329.095947265625,329.095947265625,200,0.0,0.0
2012-08-06 00:00:00+09:00,339.3613586425781,339.3613586425781,339.3613586425781,339.3613586425781,200,0.0,0.0
2012-08-07 00:00:00+09:00,329.095979466557,339.3613586425781,307.9613752806314,339.3613586425781,6100,0.0,0.0
2012-08-08 00:00:00+09:00,340.5690612792969,340.5690612792969,340.5690612792969,340.5690612792969,200,0.0,0.0
2012-08-09 00:00:00+09:00,340.5690612792969,340.5690612792969,340.5690612792969,340.5690612792969,200,0.0,0.0
2012-08-10 00:00:00+09:00,340.5690612792969,340.5690612792969,340.5690612792969,340.5690612792969,200,0.0,0.0
2012-08-13 00:00:00+09:00,340.569011351245,341.7767028808594,340.569011351245,341.7767028808594,700,0.0,0.0
2012-08-14 00:00:00+09:00,350.2305603027344,350.2305603027344,350.2305603027344,350.2305603027344,200,0.0,0.0
2012-08-15 00:00:00+09:00,360.4959411621094,360.4959411621094,360.4959411621094,360.4959411621094,1500,0.0,0.0
2012-08-16 00:00:00+09:00,344.19210263002526,344.19210263002526,343.5882568359375,343.5882568359375,200,0.0,0.0
2012-08-17 00:00:00+09:00,343.5882568359375,343.5882568359375,343.5882568359375,343.5882568359375,200,0.0,0.0
2012-08-20 00:00:00+09:00,343.5882568359375,343.5882568359375,343.5882568359375,343.5882568359375,200,0.0,0.0
2012-08-21 00:00:00+09:00,344.19207763671875,344.19207763671875,344.19207763671875,344.19207763671875,1100,0.0,0.0
2012-08-22 00:00:00+09:00,344.19207763671875,344.19207763671875,344.19207763671875,344.19207763671875,2700,0.0,0.0
2012-08-23 00:00:00+09:00,346.0036148874383,346.0036148874383,344.19207763671875,344.19207763671875,1000,0.0,0.0
2012-08-24 00:00:00+09:00,338.153662109375,338.153662109375,332.1152038574219,332.1152038574219,700,0.0,0.0
2012-08-27 00:00:00+09:00,332.1152038574219,332.1152038574219,332.1152038574219,332.1152038574219,700,0.0,0.0
2012-08-28 00:00:00+09:00,332.1152038574219,332.1152038574219,332.1152038574219,332.1152038574219,700,0.0,0.0
2012-08-29 00:00:00+09:00,332.1152038574219,332.1152038574219,332.1152038574219,332.1152038574219,700,0.0,0.0
2012-08-30 00:00:00+09:00,332.1152038574219,332.1152038574219,332.1152038574219,332.1152038574219,700,0.0,0.0
2012-08-31 00:00:00+09:00,338.1535949707032,338.1535949707032,338.1535949707032,338.1535949707031,1000,0.0,0.0
2012-09-03 00:00:00+09:00,338.1535949707032,338.1535949707032,338.1535949707032,338.1535949707031,1000,0.0,0.0
2012-09-04 00:00:00+09:00,341.17291259765625,341.17291259765625,341.17291259765625,341.17291259765625,600,0.0,0.0
2012-09-05 00:00:00+09:00,353.2497376033238,353.2497376033238,338.1535949707032,338.1535949707031,800,0.0,0.0
2012-09-06 00:00:00+09:00,344.19207763671875,344.19207763671875,344.19207763671875,344.19207763671875,100,0.0,0.0
2012-09-07 00:00:00+09:00,338.7574768066406,338.7574768066406,338.7574768066406,338.7574768066406,5900,0.0,0.0
2012-09-10 00:00:00+09:00,332.1151789912471,332.1151789912471,326.07672119140625,326.07672119140625,400,0.0,0.0
2012-09-11 00:00:00+09:00,320.03834086253227,321.24603271484375,314.6037275271308,321.24603271484375,700,0.0,0.0
2012-09-12 00:00:00+09:00,321.24603271484375,321.24603271484375,321.24603271484375,321.24603271484375,700,0.0,0.0
2012-09-13 00:00:00+09:00,325.4728948883851,325.4728948883851,324.8690490722656,324.8690490722656,700,0.0,0.0
2012-09-14 00:00:00+09:00,335.7381896972656,335.7381896972656,335.7381896972656,335.7381896972656,1600,0.0,0.0
2012-09-18 00:00:00+09:00,335.7381896972656,335.7381896972656,335.7381896972656,335.7381896972656,1600,0.0,0.0
2012-09-19 00:00:00+09:00,335.7381896972656,335.7381896972656,335.7381896972656,335.7381896972656,1600,0.0,0.0
2012-09-20 00:00:00+09:00,335.7381896972656,335.7381896972656,335.7381896972656,335.7381896972656,1600,0.0,0.0
2012-09-21 00:00:00+09:00,329.6997985839844,329.6997985839844,329.6997985839844,329.6997985839844,500,0.0,0.0
2012-09-24 00:00:00+09:00,327.28441829998695,327.28441829998695,326.6805725097656,326.6805725097656,600,0.0,0.0
2012-09-25 00:00:00+09:00,322.4535827636719,322.4535827636719,322.4535827636719,322.4535827636719,300,0.0,0.0
2012-09-26 00:00:00+09:00,322.4535827636719,322.4535827636719,322.4535827636719,322.4535827636719,300,8.0,0.0
2012-09-27 00:00:00+09:00,322.4535827636719,322.4535827636719,322.4535827636719,322.4535827636719,300,0.0,0.0
2012-09-28 00:00:00+09:00,322.4535827636719,322.4535827636719,322.4535827636719,322.4535827636719,300,0.0,0.0
2012-10-01 00:00:00+09:00,322.4535827636719,322.4535827636719,322.4535827636719,322.4535827636719,300,0.0,0.0
2012-10-02 00:00:00+09:00,334.10120366693855,334.7142333984375,334.10120366693855,334.7142333984375,200,0.0,0.0
2012-10-03 00:00:00+09:00,334.7142503526476,334.7142503526476,331.03607177734375,331.03607177734375,500,0.0,0.0
2012-10-04 00:00:00+09:00,334.1011962890625,334.1011962890625,334.1011962890625,334.1011962890625,300,0.0,0.0
2012-10-05 00:00:00+09:00,336.55338975522136,337.7794494628906,335.94035990138667,337.7794494628906,1400,0.0,0.0
2012-10-09 00:00:00+09:00,331.6491174520613,331.6491174520613,329.8100280761719,329.8100280761719,5000,0.0,0.0
2012-10-10 00:00:00+09:00,329.8100280761719,329.8100280761719,329.8100280761719,329.8100280761719,5000,0.0,0.0
2012-10-11 00:00:00+09:00,329.8100280761719,329.8100280761719,329.8100280761719,329.8100280761719,5000,0.0,0.0
2012-10-12 00:00:00+09:00,337.1663513183594,337.1663513183594,337.1663513183594,337.1663513183594,500,0.0,0.0
2012-10-15 00:00:00+09:00,337.1663513183594,337.1663513183594,337.1663513183594,337.1663513183594,1500,0.0,0.0
2012-10-16 00:00:00+09:00,336.5533447265625,336.5533447265625,336.5533447265625,336.5533447265625,100,0.0,0.0
2012-10-17 00:00:00+09:00,332.2621154785156,332.2621154785156,332.2621154785156,332.2621154785156,100,0.0,0.0
2012-10-18 00:00:00+09:00,332.2621154785156,332.2621154785156,332.2621154785156,332.2621154785156,100,0.0,0.0
2012-10-19 00:00:00+09:00,332.2621154785156,332.2621154785156,332.2621154785156,332.2621154785156,100,0.0,0.0
2012-10-22 00:00:00+09:00,332.2621154785156,332.2621154785156,332.2621154785156,332.2621154785156,100,0.0,0.0
2012-10-23 00:00:00+09:00,325.5188159179687,325.5188159179687,306.514892578125,306.514892578125,1000,0.0,0.0
2012-10-24 00:00:00+09:00,306.514892578125,306.514892578125,306.514892578125,306.514892578125,1000,0.0,0.0
2012-10-25 00:00:00+09:00,305.90183969219765,307.1278991699219,305.90183969219765,307.1278991699219,300,0.0,0.0
2012-10-26 00:00:00+09:00,312.64520948760367,312.64520948760367,300.3846130371094,300.3846130371094,2300,0.0,0.0
2012-10-29 00:00:00+09:00,301.61065673828125,301.61065673828125,301.61065673828125,301.61065673828125,100,0.0,0.0
2012-10-30 00:00:00+09:00,301.61065673828125,301.61065673828125,301.61065673828125,301.61065673828125,300,0.0,0.0
2012-10-31 00:00:00+09:00,301.61065673828125,301.61065673828125,301.61065673828125,301.61065673828125,800,0.0,0.0
2012-11-01 00:00:00+09:00,302.2236865283997,302.2236865283997,300.9976269481628,301.61065673828125,600,0.0,0.0
2012-11-02 00:00:00+09:00,296.70641841733357,301.61065673828125,296.70641841733357,301.61065673828125,2200,0.0,0.0
2012-11-05 00:00:00+09:00,301.61065673828125,301.61065673828125,301.61065673828125,301.61065673828125,200,0.0,0.0
2012-11-06 00:00:00+09:00,301.61065673828125,301.61065673828125,301.61065673828125,301.61065673828125,600,0.0,0.0
2012-11-07 00:00:00+09:00,305.90185546875,305.90185546875,305.90185546875,305.90185546875,5400,0.0,0.0
2012-11-08 00:00:00+09:00,306.51481659058106,306.51481659058106,305.28875732421875,305.28875732421875,800,0.0,0.0
2012-11-09 00:00:00+09:00,305.28875732421875,305.28875732421875,305.28875732421875,305.28875732421875,800,0.0,0.0
2012-11-12 00:00:00+09:00,302.83673095703125,302.83673095703125,302.83673095703125,302.83673095703125,700,0.0,0.0
2012-11-13 00:00:00+09:00,301.61065673828125,301.61065673828125,301.61065673828125,301.61065673828125,200,0.0,0.0
2012-11-14 00:00:00+09:00,302.83673095703125,302.83673095703125,301.6106713175291,302.83673095703125,900,0.0,0.0
2012-11-15 00:00:00+09:00,302.83673095703125,302.83673095703125,302.83673095703125,302.83673095703125,1800,0.0,0.0
2012-11-16 00:00:00+09:00,302.83673095703125,302.83673095703125,302.83673095703125,302.83673095703125,1800,0.0,0.0
2012-11-19 00:00:00+09:00,302.83673095703125,302.83673095703125,302.83673095703125,302.83673095703125,1800,0.0,0.0
2012-11-20 00:00:00+09:00,302.83673095703125,302.83673095703125,302.83673095703125,302.83673095703125,1800,0.0,0.0
2012-11-21 00:00:00+09:00,303.44976806640625,303.44976806640625,303.44976806640625,303.44976806640625,100,0.0,0.0
2012-11-22 00:00:00+09:00,303.44977094897007,303.44977094897007,298.5455322265625,298.5455322265625,2100,0.0,0.0
2012-11-26 00:00:00+09:00,298.54554252624513,298.54554252624513,294.25433349609375,294.25433349609375,1800,0.0,0.0
2012-11-27 00:00:00+09:00,294.25433349609375,294.25433349609375,294.25433349609375,294.25433349609375,1800,0.0,0.0
2012-11-28 00:00:00+09:00,294.25433349609375,294.25433349609375,294.25433349609375,294.25433349609375,1800,0.0,0.0
2012-11-29 00:00:00+09:00,301.61065673828125,301.61065673828125,301.61065673828125,301.61065673828125,300,0.0,0.0
2012-11-30 00:00:00+09:00,301.61065673828125,301.61065673828125,301.61065673828125,301.61065673828125,400,0.0,0.0
2012-12-03 00:00:00+09:00,301.61065673828125,301.61065673828125,300.38459715804436,301.61065673828125,1500,0.0,0.0
2012-12-04 00:00:00+09:00,300.3846363153438,300.3846363153438,299.7716064453125,299.7716064453125,1600,0.0,0.0
2012-12-05 00:00:00+09:00,301.61062722127946,301.61062722127946,299.15850830078125,299.15850830078125,2000,0.0,0.0
2012-12-06 00:00:00+09:00,300.38459224977356,300.38459224977356,296.0933837890625,296.0933837890625,2100,0.0,0.0
2012-12-07 00:00:00+09:00,297.9324878181379,297.9324878181379,297.3194580078125,297.3194580078125,5300,0.0,0.0
2012-12-10 00:00:00+09:00,299.77158459321953,299.77158459321953,297.9324951171875,297.9324951171875,800,0.0,0.0
2012-12-11 00:00:00+09:00,295.4803466796875,295.4803466796875,295.4803466796875,295.4803466796875,300,0.0,0.0
2012-12-12 00:00:00+09:00,297.9324878181379,297.9324878181379,297.3194580078125,297.3194580078125,500,0.0,0.0
2012-12-13 00:00:00+09:00,299.7716064453125,300.9976661853751,299.7716064453125,299.7716064453125,1100,0.0,0.0
2012-12-14 00:00:00+09:00,301.61065673828125,301.61065673828125,301.61065673828125,301.61065673828125,4000,0.0,0.0
2012-12-17 00:00:00+09:00,300.9975891113281,300.9975891113281,300.9975891113281,300.9975891113281,100,0.0,0.0
2012-12-18 00:00:00+09:00,310.1930847167969,310.1930847167969,310.1930847167969,310.1930847167969,200,0.0,0.0
2012-12-19 00:00:00+09:00,310.80601528658724,310.80601528658724,309.5799560546875,309.5799560546875,1100,0.0,0.0
2012-12-20 00:00:00+09:00,312.6451721191406,312.6451721191406,312.6451721191406,312.6451721191406,500,0.0,0.0
2012-12-21 00:00:00+09:00,315.71030402368353,316.3233337402344,315.71030402368353,316.3233337402344,1000,0.0,0.0
2012-12-25 00:00:00+09:00,314.48429339864975,314.48429339864975,310.1930847167969,310.1930847167969,1900,0.0,0.0
2012-12-26 00:00:00+09:00,311.41915165225896,312.64521130443325,310.8061218261719,310.8061218261719,500,0.0,0.0
2012-12-27 00:00:00+09:00,311.41915165225896,312.64521130443325,310.8061218261719,310.8061218261719,500,0.0,0.0
2012-12-28 00:00:00+09:00,316.3233180690456,318.7754368137669,316.3233180690456,317.54937744140625,600,0.0,0.0
2013-01-04 00:00:00+09:00,323.0665885568779,327.9708251953125,323.0665885568779,327.9708251953125,2300,0.0,0.0
2013-01-07 00:00:00+09:00,343.90966796875,343.90966796875,343.90966796875,343.90966796875,11700,0.0,0.0
2013-01-08 00:00:00+09:00,349.4269714355469,349.4269714355469,349.4269714355469,349.4269714355469,100,0.0,0.0
2013-01-09 00:00:00+09:00,349.4269714355469,349.4269714355469,349.4269714355469,349.4269714355469,100,0.0,0.0
2013-01-10 00:00:00+09:00,350.03997802734375,350.03997802734375,350.03997802734375,350.03997802734375,100,0.0,0.0
2013-01-11 00:00:00+09:00,352.4920959472656,352.4920959472656,348.2008878226902,352.4920959472656,900,0.0,0.0
2013-01-15 00:00:00+09:00,363.5266587335444,363.5266587335444,339.00546758794275,344.5227355957031,2900,0.0,0.0
2013-01-16 00:00:00+09:00,344.5227355957031,344.5227355957031,344.5227355957031,344.5227355957031,2900,0.0,0.0
2013-01-17 00:00:00+09:00,344.5227355957031,344.5227355957031,344.5227355957031,344.5227355957031,2900,0.0,0.0
2013-01-18 00:00:00+09:00,344.5227355957031,344.5227355957031,344.5227355957031,344.5227355957031,2900,0.0,0.0
2013-01-21 00:00:00+09:00,344.5227355957031,344.5227355957031,344.5227355957031,344.5227355957031,2900,0.0,0.0
2013-01-22 00:00:00+09:00,344.5227355957031,344.5227355957031,344.5227355957031,344.5227355957031,2900,0.0,0.0
2013-01-23 00:00:00+09:00,350.65301513671875,350.65301513671875,350.65301513671875,350.65301513671875,100,0.0,0.0
2013-01-24 00:00:00+09:00,350.65301513671875,350.65301513671875,350.65301513671875,350.65301513671875,100,0.0,0.0
2013-01-25 00:00:00+09:00,344.5227355957031,344.5227355957031,344.5227355957031,344.5227355957031,100,0.0,0.0
2013-01-28 00:00:00+09:00,344.5227355957031,344.5227355957031,344.5227355957031,344.5227355957031,100,0.0,0.0
2013-01-29 00:00:00+09:00,332.2620680435844,338.3923645019531,332.2620680435844,338.3923645019531,300,0.0,0.0
2013-01-30 00:00:00+09:00,338.3923645019531,338.3923645019531,338.3923645019531,338.3923645019531,300,0.0,0.0
2013-01-31 00:00:00+09:00,338.3923645019531,338.3923645019531,338.3923645019531,338.3923645019531,300,0.0,0.0
2013-02-01 00:00:00+09:00,354.3311767578125,355.55723619296066,354.3311767578125,354.3311767578125,1900,0.0,0.0
2013-02-04 00:00:00+09:00,354.3311767578125,354.3311767578125,354.3311767578125,354.3311767578125,1900,0.0,0.0
2013-02-05 00:00:00+09:00,357.3963225283865,365.3657087940281,356.78329281564487,361.6875305175781,1700,0.0,0.0
2013-02-06 00:00:00+09:00,365.9787975808848,373.9481851328974,365.9787975808848,366.5918273925781,4100,0.0,0.0
2013-02-07 00:00:00+09:00,356.7833717083109,356.7833717083109,355.55731201171875,355.55731201171875,6400,0.0,0.0
2013-02-08 00:00:00+09:00,355.55719808647905,355.55719808647905,353.7181091308593,353.7181091308594,700,0.0,0.0
2013-02-12 00:00:00+09:00,355.55719740009147,356.17022705078125,355.55719740009147,356.17022705078125,600,0.0,0.0
2013-02-13 00:00:00+09:00,373.9481498522636,398.46934000651044,358.6224060058594,358.6224060058594,5900,0.0,0.0
2013-02-14 00:00:00+09:00,361.6875484071929,375.17420275457977,361.6875484071929,373.3351135253906,2100,0.0,0.0
2013-02-15 00:00:00+09:00,359.2354431152344,359.84847288164264,359.2354431152344,359.2354431152344,4300,0.0,0.0
2013-02-18 00:00:00+09:00,360.4615026480509,361.68756218086736,359.2354431152344,359.2354431152344,5600,0.0,0.0
2013-02-19 00:00:00+09:00,359.23540806534265,378.23932896982325,359.23540806534265,371.4960021972656,7900,0.0,0.0
2013-02-20 00:00:00+09:00,381.3044698920132,381.3044698920132,370.8829650878906,370.8829650878906,900,0.0,0.0
2013-02-21 00:00:00+09:00,370.8829650878906,370.8829650878906,370.8829650878906,370.8829650878906,200,0.0,0.0
2013-02-22 00:00:00+09:00,371.4960021972656,372.10903190386176,371.4960021972656,371.4960021972656,2100,0.0,0.0
2013-02-25 00:00:00+09:00,377.0133491516113,377.0133491516113,367.8179016113281,367.8179016113281,600,0.0,0.0
2013-02-26 00:00:00+09:00,368.4309692382812,368.4309692382812,367.81793933938224,368.43096923828125,2700,0.0,0.0
2013-02-27 00:00:00+09:00,368.4309692382812,368.4309692382812,368.4309692382812,368.43096923828125,2700,0.0,0.0
2013-02-28 00:00:00+09:00,368.4309692382812,368.4309692382812,368.4309692382812,368.43096923828125,200,0.0,0.0
2013-03-01 00:00:00+09:00,371.49594756335745,377.0132141113281,371.49594756335745,377.0132141113281,900,0.0,0.0
2013-03-04 00:00:00+09:00,380.07836973512326,384.3695771353585,375.17413270628293,377.6262512207031,1400,0.0,0.0
2013-03-05 00:00:00+09:00,380.0784321703942,384.9826700048509,373.94813487732335,375.1741943359375,2900,0.0,0.0
2013-03-06 00:00:00+09:00,379.4653401065182,379.4653401065182,377.6262512207031,377.6262512207031,200,0.0,0.0
2013-03-07 00:00:00+09:00,372.72206902543246,373.33509874422424,372.1090393066406,372.1090393066406,5200,0.0,0.0
2013-03-08 00:00:00+09:00,370.8829650878906,371.49599478225076,370.8829650878906,370.8829650878906,900,0.0,0.0
2013-03-11 00:00:00+09:00,371.4960021972656,371.4960021972656,371.4960021972656,371.4960021972656,100,0.0,0.0
2013-03-12 00:00:00+09:00,371.4960021972656,371.4960021972656,371.4960021972656,371.4960021972656,100,0.0,0.0
2013-03-13 00:00:00+09:00,373.94818115234375,373.94818115234375,373.94818115234375,373.94818115234375,1800,0.0,0.0
2013-03-14 00:00:00+09:00,379.4654224573322,383.14360102719326,373.9481546025406,381.91754150390625,3600,0.0,0.0
2013-03-15 00:00:00+09:00,377.0132141113281,383.14351027573997,377.0132141113281,377.0132141113281,3400,0.0,0.0
2013-03-18 00:00:00+09:00,371.49598142479647,383.14354519884125,364.7526550292969,364.7526550292969,1600,0.0,0.0
2013-03-19 00:00:00+09:00,364.13970947265625,364.13970947265625,364.13970947265625,364.13970947265625,500,0.0,0.0
2013-03-21 00:00:00+09:00,370.8829650878906,370.8829650878906,370.8829650878906,370.8829650878906,200,0.0,0.0
2013-03-22 00:00:00+09:00,373.9480660291222,377.0132141113281,370.8829179469163,377.0132141113281,1200,0.0,0.0
2013-03-25 00:00:00+09:00,372.1090393066406,376.4002473381834,372.1090393066406,372.1090393066406,1200,0.0,0.0
2013-03-26 00:00:00+09:00,373.94809704170285,374.5611267089844,367.8178003688881,374.5611267089844,1300,0.0,0.0
2013-03-27 00:00:00+09:00,363.3430489603678,373.9379577636719,355.8642898050944,373.9379577636719,3400,10.0,0.0
2013-03-28 00:00:00+09:00,373.9379577636719,373.9379577636719,373.9379577636719,373.9379577636719,2000,0.0,0.0
2013-03-29 00:00:00+09:00,373.31472783406576,377.0541074117025,373.31472783406576,373.9379577636719,700,0.0,0.0
2013-04-01 00:00:00+09:00,373.93798828125,373.93798828125,361.473388671875,361.473388671875,1500,0.0,0.0
2013-04-02 00:00:00+09:00,361.473388671875,361.473388671875,361.473388671875,361.473388671875,1500,0.0,0.0
2013-04-03 00:00:00+09:00,361.473388671875,361.473388671875,361.473388671875,361.473388671875,1500,0.0,0.0
2013-04-04 00:00:00+09:00,362.0965270996094,362.0965270996094,362.0965270996094,362.0965270996094,100,0.0,0.0
2013-04-05 00:00:00+09:00,372.6915894577052,372.6915894577052,372.068359375,372.068359375,2600,0.0,0.0
2013-04-08 00:00:00+09:00,372.06820585763995,372.06820585763995,368.3288269042969,368.3288269042969,12000,0.0,0.0
2013-04-09 00:00:00+09:00,373.9379577636719,373.9379577636719,373.9379577636719,373.9379577636719,500,0.0,0.0
2013-04-10 00:00:00+09:00,373.93795786505916,375.8076476543845,373.93795786505916,375.1844177246094,900,0.0,0.0
2013-04-11 00:00:00+09:00,380.1701965332031,380.1701965332031,378.9237368724385,380.1701965332031,2700,0.0,0.0
2013-04-12 00:00:00+09:00,373.9379277505165,383.9096058238636,373.9379277505165,377.0540771484375,4000,0.0,0.0
2013-04-15 00:00:00+09:00,373.93795791550065,383.28640686338815,373.93795791550065,375.8076477050781,6000,0.0,0.0
2013-04-16 00:00:00+09:00,373.9379577636719,373.9379577636719,373.9379577636719,373.9379577636719,100,0.0,0.0
2013-04-17 00:00:00+09:00,385.77932744180004,386.4025573730469,373.93795874810985,386.4025573730469,2300,0.0,0.0
2013-04-18 00:00:00+09:00,374.5610701109558,385.7792053222656,374.5610701109558,385.7792053222656,1600,0.0,0.0
2013-04-19 00:00:00+09:00,375.8076477050781,375.8076477050781,375.8076477050781,375.8076477050781,500,0.0,0.0
2013-04-22 00:00:00+09:00,376.4308175509093,383.2863456851146,376.4308175509093,380.1701965332031,3200,0.0,0.0
2013-04-23 00:00:00+09:00,383.9096984368669,384.53292846679693,383.9096984368669,384.5329284667969,200,0.0,0.0
2013-04-24 00:00:00+09:00,378.3005070420562,380.1701965332031,377.0540473812916,380.1701965332031,1900,0.0,0.0
2013-04-25 00:00:00+09:00,380.7934271091368,383.2863464355469,380.17019727753427,383.2863464355469,800,0.0,0.0
2013-04-26 00:00:00+09:00,378.9237368724385,380.1701965332031,378.9237368724385,380.1701965332031,300,0.0,0.0
2013-04-30 00:00:00+09:00,382.03997802734375,385.1561279296875,380.79351806640625,385.1561279296875,1300,0.0,0.0
2013-05-01 00:00:00+09:00,385.7792651586954,385.7792651586954,380.17019668304397,380.7934265136719,3500,0.0,0.0
2013-05-02 00:00:00+09:00,380.17031906051767,380.7935490917644,373.9380187480501,374.5612487792969,8800,0.0,0.0
2013-05-07 00:00:00+09:00,372.6914980557823,382.0399470036698,372.6914980557823,375.8076477050781,28100,0.0,0.0
2013-05-08 00:00:00+09:00,384.5328060987519,384.5328060987519,377.0540481195217,383.2863464355469,8200,0.0,0.0
2013-05-09 00:00:00+09:00,380.7933953937731,383.28631451255393,378.92370605468744,378.9237060546875,3800,0.0,0.0
2013-05-10 00:00:00+09:00,382.03988677234184,383.2863464355469,382.03988677234184,383.2863464355469,1800,0.0,0.0
2013-05-13 00:00:00+09:00,386.4025247156719,386.4025247156719,372.6914673870513,373.314697265625,36100,0.0,0.0
2013-05-14 00:00:00+09:00,373.314697265625,373.9379271441986,372.6914673870513,373.314697265625,23300,0.0,0.0
2013-05-15 00:00:00+09:00,383.286286386419,385.7792053222656,375.80752957887915,385.7792053222656,8100,0.0,0.0
2013-05-16 00:00:00+09:00,390.76510663713725,392.6347961425781,373.93790108816967,392.6347961425781,16300,0.0,0.0
2013-05-17 00:00:00+09:00,405.09939808538115,422.54983369521295,395.75095043725696,415.6943054199219,22100,0.0,0.0
2013-05-20 00:00:00+09:00,442.49331790331166,442.49331790331166,417.5641168946744,425.0428771972656,30100,0.0,0.0
2013-05-21 00:00:00+09:00,435.6376662133445,442.4931945800781,423.796299034441,442.4931945800781,8900,0.0,0.0
2013-05-22 00:00:00+09:00,442.4931952203071,461.1900907929961,442.4931952203071,445.6093444824219,12600,0.0,0.0
2013-05-23 00:00:00+09:00,444.36290849958147,444.36290849958147,396.9974371868631,401.36004638671875,11800,0.0,0.0
2013-05-24 00:00:00+09:00,401.9832774819849,436.26092129827816,401.9832774819849,409.4620361328125,8300,0.0,0.0
2013-05-27 00:00:00+09:00,411.3316623935758,417.56396030863,401.35998572948915,402.6064453125,6900,0.0,0.0
2013-05-28 00:00:00+09:00,403.2297665119171,403.2297665119171,398.8671569824219,398.8671569824219,2500,0.0,0.0
2013-05-29 00:00:00+09:00,400.11358763716606,420.6801739175811,400.11358763716606,408.215576171875,4400,0.0,0.0
2013-05-30 00:00:00+09:00,407.5924364912195,425.6661072224815,407.5924364912195,425.0428771972656,3900,0.0,0.0
2013-05-31 00:00:00+09:00,406.3458577717977,417.5639949495467,406.3458577717977,415.6943054199219,1400,0.0,0.0
2013-06-03 00:00:00+09:00,415.0711044546274,415.0711044546274,405.09942626953125,405.09942626953125,2300,0.0,0.0
2013-06-04 00:00:00+09:00,403.2297668927981,403.8529968261719,398.8671573591821,403.8529968261719,1500,0.0,0.0
2013-06-05 00:00:00+09:00,416.317564706584,416.317564706584,408.215576171875,408.215576171875,500,0.0,0.0
2013-06-06 00:00:00+09:00,405.09945631027216,416.3175951004028,398.8671569824219,398.8671569824219,9600,0.0,0.0
2013-06-07 00:00:00+09:00,384.5328053458792,384.5328053458792,362.0965314521164,380.1701965332031,17900,0.0,0.0
2013-06-10 00:00:00+09:00,373.93795791550065,377.6773374946556,373.93795791550065,375.8076477050781,10100,0.0,0.0
2013-06-11 00:00:00+09:00,380.17025830078126,396.3742365234375,380.17025830078126,389.5187072753906,6800,0.0,0.0
2013-06-12 00:00:00+09:00,384.5328082856678,392.6347961425781,384.5328082856678,392.6347961425781,200,0.0,0.0
2013-06-13 00:00:00+09:00,395.75091114635376,395.75091114635376,380.17016661303273,382.03985595703125,1400,0.0,0.0
2013-06-14 00:00:00+09:00,395.75097364167567,395.75097364167567,377.67730712890625,377.67730712890625,2000,0.0,0.0
2013-06-17 00:00:00+09:00,378.92373702178804,380.7934265136719,378.92373702178804,380.7934265136719,200,0.0,0.0
2013-06-18 00:00:00+09:00,382.66311660394433,383.2863464355469,382.66311660394433,383.2863464355469,1800,0.0,0.0
2013-06-19 00:00:00+09:00,398.2439270019532,398.2439270019532,397.62069706924274,398.2439270019531,400,0.0,0.0
2013-06-20 00:00:00+09:00,398.2439270019532,398.2439270019532,398.2439270019532,398.2439270019531,400,0.0,0.0
2013-06-21 00:00:00+09:00,392.63485693359377,392.63485693359377,389.5187072753906,389.5187072753906,500,0.0,0.0
2013-06-24 00:00:00+09:00,389.5187072753906,389.5187072753906,389.5187072753906,389.5187072753906,700,0.0,0.0
2013-06-25 00:00:00+09:00,383.2863759442794,383.2863759442794,377.0540771484375,377.0540771484375,1000,0.0,0.0
2013-06-26 00:00:00+09:00,372.6915894577052,373.9380496231156,372.068359375,372.068359375,1900,0.0,0.0
2013-06-27 00:00:00+09:00,371.44509862306313,374.5612487792969,371.44509862306313,374.5612487792969,500,0.0,0.0
2013-06-28 00:00:00+09:00,375.80758786864834,380.7934265136719,375.80758786864834,380.7934265136719,800,0.0,0.0
2013-07-01 00:00:00+09:00,380.7934269609979,389.5186446000388,380.7934269609979,382.6631164550781,900,0.0,0.0
2013-07-02 00:00:00+09:00,395.12777641050275,395.12777641050275,386.4025573730469,386.4025573730469,2000,0.0,0.0
2013-07-03 00:00:00+09:00,391.3883024726818,401.35997896880104,381.4166259765625,381.4166259765625,6200,0.0,0.0
2013-07-04 00:00:00+09:00,386.4025573730469,386.4025573730469,386.4025573730469,386.4025573730469,100,0.0,0.0
2013-07-05 00:00:00+09:00,387.6490478515625,388.8955078125,387.6490478515625,388.8955078125,4600,0.0,0.0
2013-07-08 00:00:00+09:00,392.6348566855154,393.2580866167622,381.41671792307204,386.4025573730469,24200,0.0,0.0
2013-07-09 00:00:00+09:00,386.40249779110866,392.6347961425781,386.40249779110866,392.6347961425781,7700,0.0,0.0
2013-07-10 00:00:00+09:00,392.6348876953125,395.75103759765625,392.6348876953125,395.75103759765625,7700,0.0,0.0
2013-07-11 00:00:00+09:00,392.63485765457153,401.983306646347,392.63485765457153,398.8671569824219,10900,0.0,0.0
2013-07-12 00:00:00+09:00,409.4620359464456,409.4620359464456,398.86712786259545,408.215576171875,2500,0.0,0.0
2013-07-16 00:00:00+09:00,404.47616301037016,407.5923121861049,392.6347961425781,392.6347961425781,2700,0.0,0.0
2013-07-17 00:00:00+09:00,393.2580872064904,393.8813171386719,389.5187076134018,393.8813171386719,1200,0.0,0.0
2013-07-18 00:00:00+09:00,395.75103759765625,395.75103759765625,391.388427734375,395.75103759765625,5400,0.0,0.0
2013-07-19 00:00:00+09:00,395.12777666015626,395.12777666015626,389.5187072753906,389.5187072753906,1800,0.0,0.0
2013-07-22 00:00:00+09:00,389.518644751572,389.518644751572,380.17019727753427,383.2863464355469,900,0.0,0.0
2013-07-23 00:00:00+09:00,384.53292846679693,384.53292846679693,384.53292846679693,384.5329284667969,100,0.0,0.0
2013-07-24 00:00:00+09:00,395.12777709960943,395.12777709960943,395.12777709960943,395.1277770996094,300,0.0,0.0
2013-07-25 00:00:00+09:00,395.1277773857116,398.8671569824219,395.1277773857116,398.8671569824219,200,0.0,0.0
2013-07-26 00:00:00+09:00,398.8671569824219,398.8671569824219,398.8671569824219,398.8671569824219,800,0.0,0.0
2013-07-29 00:00:00+09:00,392.6347932956028,392.6347932956028,378.30050719116014,380.7934265136719,700,0.0,0.0
2013-07-30 00:00:00+09:00,390.1419370101462,390.1419370101462,387.0257873535156,387.0257873535156,400,0.0,0.0
2013-07-31 00:00:00+09:00,390.1418745831745,391.38833424637954,383.2863464355469,383.2863464355469,1000,0.0,0.0
2013-08-01 00:00:00+09:00,384.53289794921875,392.6348876953125,381.416748046875,385.1561279296875,2800,0.0,0.0
2013-08-02 00:00:00+09:00,387.64901800575495,396.3742370605469,387.64901800575495,396.3742370605469,2200,0.0,0.0
2013-08-05 00:00:00+09:00,393.2580872064904,393.8813171386719,391.3883974099461,393.8813171386719,3800,0.0,0.0
2013-08-06 00:00:00+09:00,394.504485648019,394.504485648019,390.14187680199035,392.6347961425781,6200,0.0,0.0
2013-08-07 00:00:00+09:00,392.6348876953125,392.6348876953125,385.1561279296875,385.1561279296875,16100,0.0,0.0
2013-08-08 00:00:00+09:00,382.03988894508,401.3600138346354,382.03988894508,392.6347961425781,21400,0.0,0.0
2013-08-09 00:00:00+09:00,392.6348570805447,398.8671563992835,391.38839721679693,391.3883972167969,10200,0.0,0.0
2013-08-12 00:00:00+09:00,376.43081302609994,376.43081302609994,361.4732972767185,362.0965270996094,10300,0.0,0.0
2013-08-13 00:00:00+09:00,367.70560064548397,383.2863464355469,367.70560064548397,383.2863464355469,2700,0.0,0.0
2013-08-14 00:00:00+09:00,377.0541074117025,377.0541074117025,367.70565846761065,373.9379577636719,7700,0.0,0.0
2013-08-15 00:00:00+09:00,384.5328053458792,384.5328053458792,379.5469667028208,380.1701965332031,1700,0.0,0.0
2013-08-16 00:00:00+09:00,374.56121826171875,374.56121826171875,362.09661865234375,368.9521484375,6600,0.0,0.0
2013-08-19 00:00:00+09:00,380.1701965332031,380.1701965332031,379.5469667028208,380.1701965332031,2100,0.0,0.0
2013-08-20 00:00:00+09:00,377.05410751393464,377.05410751393464,375.1844177246094,375.1844177246094,500,0.0,0.0
2013-08-21 00:00:00+09:00,373.9379577636719,373.9379577636719,373.9379577636719,373.9379577636719,200,0.0,0.0
2013-08-22 00:00:00+09:00,373.9379577636719,373.9379577636719,373.9379577636719,373.9379577636719,0,0.0,0.0
2013-08-23 00:00:00+09:00,373.9379577636719,373.9379577636719,373.9379577636719,373.9379577636719,5700,0.0,0.0
2013-08-26 00:00:00+09:00,368.9521183268229,373.9379577636719,368.9521183268229,373.9379577636719,400,0.0,0.0
2013-08-27 00:00:00+09:00,373.9379577636719,373.9379577636719,373.9379577636719,373.9379577636719,0,0.0,0.0
2013-08-28 00:00:00+09:00,368.9521484375,368.9521484375,366.459228515625,368.9521484375,300,0.0,0.0
2013-08-29 00:00:00+09:00,368.9521484375,368.9521484375,368.9521484375,368.9521484375,0,0.0,0.0
2013-08-30 00:00:00+09:00,368.9521484375,368.9521484375,368.9521484375,368.9521484375,0,0.0,0.0
2013-09-02 00:00:00+09:00,360.85009765624994,361.47332753130394,360.85009765624994,360.85009765625,900,0.0,0.0
2013-09-03 00:00:00+09:00,368.9521183268229,373.9379577636719,368.9521183268229,373.9379577636719,7700,0.0,0.0
2013-09-04 00:00:00+09:00,373.9379256810897,373.9379256810897,361.4733281583868,364.5894775390625,3100,0.0,0.0
2013-09-05 00:00:00+09:00,373.314697265625,373.314697265625,373.314697265625,373.314697265625,1000,0.0,0.0
2013-09-06 00:00:00+09:00,373.314697265625,373.314697265625,373.314697265625,373.314697265625,0,0.0,0.0
2013-09-09 00:00:00+09:00,373.9379577636719,377.0541074117025,373.9379577636719,373.9379577636719,5700,0.0,0.0
2013-09-10 00:00:00+09:00,373.9379577636719,373.9379577636719,373.9379577636719,373.9379577636719,2000,0.0,0.0
2013-09-11 00:00:00+09:00,374.5612487792969,374.5612487792969,374.5612487792969,374.5612487792969,200,0.0,0.0
2013-09-12 00:00:00+09:00,376.4308776349373,377.0541075647965,375.8076477050781,375.8076477050781,300,0.0,0.0
2013-09-13 00:00:00+09:00,375.80761738926907,377.0540771484375,373.9379277505165,377.0540771484375,3100,0.0,0.0
2013-09-17 00:00:00+09:00,377.0540771484375,380.17022654635844,376.4308472688533,377.0540771484375,4100,0.0,0.0
2013-09-18 00:00:00+09:00,377.05416810763717,384.53292846679693,377.05416810763717,384.5329284667969,11200,0.0,0.0
2013-09-19 00:00:00+09:00,386.40261855658684,386.40261855658684,384.53292846679693,384.5329284667969,300,0.0,0.0
2013-09-20 00:00:00+09:00,382.03988602435,388.272184328173,378.9237368724385,380.1701965332031,3200,0.0,0.0
2013-09-24 00:00:00+09:00,389.5187070788201,389.5187070788201,387.0257873535156,387.0257873535156,300,0.0,0.0
2013-09-25 00:00:00+09:00,392.63482656312107,392.63482656312107,385.7792978453523,392.0115966796875,5400,0.0,0.0
2013-09-26 00:00:00+09:00,398.34455902820497,402.14434814453125,398.34455902820497,402.14434814453125,1900,10.0,0.0
2013-09-27 00:00:00+09:00,402.14434814453125,402.14434814453125,402.14434814453125,402.14434814453125,400,0.0,0.0
2013-09-30 00:00:00+09:00,406.57746372162734,406.57746372162734,401.5110778808594,401.5110778808594,3400,0.0,0.0
2013-10-01 00:00:00+09:00,401.5109530625185,404.6774432286267,400.8776550292969,400.8776550292969,3100,0.0,0.0
2013-10-02 00:00:00+09:00,400.877736102227,406.5774195539174,397.0779471344334,398.34454345703125,2500,0.0,0.0
2013-10-03 00:00:00+09:00,402.14433506556924,404.04422956194196,398.97784423828125,398.97784423828125,3900,0.0,0.0
2013-10-04 00:00:00+09:00,398.97784423828125,400.87773873465403,398.97784423828125,398.97784423828125,1200,0.0,0.0
2013-10-07 00:00:00+09:00,400.8777847290039,400.8777847290039,393.91150410970056,395.1781005859375,8500,0.0,0.0
2013-10-08 00:00:00+09:00,392.64494609057414,392.64494609057414,385.6786647889672,389.47845458984375,500,0.0,0.0
2013-10-09 00:00:00+09:00,392.64495849609375,392.64495849609375,392.64495849609375,392.64495849609375,1000,0.0,0.0
2013-10-10 00:00:00+09:00,392.64495849609375,405.9442232193485,392.64495849609375,392.64495849609375,2700,0.0,0.0
2013-10-11 00:00:00+09:00,392.64497661590576,424.9431924343109,392.64497661590576,405.3109436035156,1700,0.0,0.0
2013-10-15 00:00:00+09:00,411.6438470884811,411.6438470884811,407.84405773074127,408.47735595703125,5200,0.0,0.0
2013-10-16 00:00:00+09:00,395.8113938099955,407.8440601818193,395.8113938099955,401.5110778808594,700,0.0,0.0
2013-10-17 00:00:00+09:00,398.9779233398437,398.9779233398437,392.6449404296875,395.8114318847656,4700,0.0,0.0
2013-10-18 00:00:00+09:00,395.8114318847656,406.5775028320312,392.6449404296875,395.8114318847656,2400,0.0,0.0
2013-10-21 00:00:00+09:00,402.1443914911549,402.1443914911549,392.0116194220865,397.7113037109375,900,0.0,0.0
2013-10-22 00:00:00+09:00,397.7113236721207,402.77770996093756,397.7113236721207,402.7777099609375,1000,0.0,0.0
2013-10-23 00:00:00+09:00,396.4447301757812,414.81038061523435,393.91153701171874,395.8114318847656,7700,0.0,0.0
2013-10-24 00:00:00+09:00,402.14445141778475,453.4416176616282,398.9779596743376,436.9758605957031,47500,0.0,0.0
2013-10-25 00:00:00+09:00,449.0084794463304,499.67234172518295,449.0084794463304,478.77349853515625,159000,0.0,0.0
2013-10-28 00:00:00+09:00,469.27388267780174,517.4045373114225,459.14111328125,459.14111328125,53900,0.0,0.0
2013-10-29 00:00:00+09:00,459.14111328125,459.14111328125,459.14111328125,459.14111328125,0,0.0,0.0
2013-10-30 00:00:00+09:00,439.50891188633295,445.20859518168885,405.3108121141975,410.377197265625,20500,0.0,0.0
2013-10-31 00:00:00+09:00,410.377197265625,410.377197265625,410.377197265625,410.377197265625,0,0.0,0.0
2013-11-01 00:00:00+09:00,424.30989020797335,424.30989020797335,411.64392333609356,412.2772216796875,6600,0.0,0.0
2013-11-05 00:00:00+09:00,412.27718311656605,417.97686767578125,407.8440951260653,417.97686767578125,28700,0.0,0.0
2013-11-06 00:00:00+09:00,419.24344111689817,427.476318359375,419.24344111689817,427.476318359375,2300,0.0,0.0
2013-11-07 00:00:00+09:00,428.7429882273955,432.542778374167,428.7429882273955,430.64288330078125,7800,0.0,0.0
2013-11-08 00:00:00+09:00,429.3761949306581,429.3761949306581,415.44363403320307,415.4436340332031,2200,0.0,0.0
2013-11-11 00:00:00+09:00,416.71020247693116,424.30978063760466,411.6438170364821,416.076904296875,1800,0.0,0.0
2013-11-12 00:00:00+09:00,417.97691059112543,424.30989408493036,403.4110485553741,405.3109436035156,6200,0.0,0.0
2013-11-13 00:00:00+09:00,411.6438470884811,414.81033821993094,405.9441630518713,408.47735595703125,12000,0.0,0.0
2013-11-14 00:00:00+09:00,414.1769543475555,419.24333911021677,408.47727148956164,417.34344482421875,3100,0.0,0.0
2013-11-15 00:00:00+09:00,417.976698337641,423.04308255991543,417.976698337641,421.1431884765625,4900,0.0,0.0
2013-11-18 00:00:00+09:00,414.8104006639167,424.30987548828125,412.27720737741953,424.30987548828125,10300,0.0,0.0
2013-11-19 00:00:00+09:00,424.30987548828125,424.30987548828125,424.30987548828125,424.30987548828125,400,0.0,0.0
2013-11-20 00:00:00+09:00,424.30977264310974,424.30977264310974,414.177001953125,414.177001953125,1900,0.0,0.0
2013-11-21 00:00:00+09:00,415.4435703423187,415.4435703423187,410.3771853381441,414.8102722167969,2200,0.0,0.0
2013-11-22 00:00:00+09:00,414.81037625399506,417.97686767578125,411.6438848322088,417.97686767578125,3700,0.0,0.0
2013-11-25 00:00:00+09:00,412.27713054121887,419.876708984375,411.64383233762254,419.876708984375,1700,0.0,0.0
2013-11-26 00:00:00+09:00,421.1432783138118,436.97573238575956,420.5099801509338,428.10955810546875,9900,0.0,0.0
2013-11-27 00:00:00+09:00,430.6428771088089,440.14235233915025,430.6428771088089,436.9758605957031,1400,0.0,0.0
2013-11-28 00:00:00+09:00,436.97581306832734,436.97581306832734,424.9431457519531,424.9431457519531,2600,0.0,0.0
2013-11-29 00:00:00+09:00,424.94297888112624,439.50883359687276,424.94297888112624,435.70904541015625,3600,0.0,0.0
2013-12-02 00:00:00+09:00,436.3425162742878,443.3087973759092,435.07591971035663,440.7756042480469,5700,0.0,0.0
2013-12-03 00:00:00+09:00,446.47522433713186,446.47522433713186,440.1422424316406,440.1422424316406,700,0.0,0.0
2013-12-04 00:00:00+09:00,438.87574828035446,439.50904661842134,431.9094665616187,435.0759582519531,3000,0.0,0.0
2013-12-05 00:00:00+09:00,433.1760026041667,433.1760026041667,426.8430201099537,427.476318359375,13100,0.0,0.0
2013-12-06 00:00:00+09:00,425.5763654539571,428.1095581054688,424.3097691282013,428.10955810546875,4300,0.0,0.0
2013-12-09 00:00:00+09:00,433.1758532856786,435.70904541015625,424.3096808500068,435.70904541015625,16800,0.0,0.0
2013-12-10 00:00:00+09:00,440.14227039875834,440.14227039875834,437.60907747560003,439.50897216796875,1200,0.0,0.0
2013-12-11 00:00:00+09:00,439.5090709450939,441.4089660644531,439.5090709450939,441.4089660644531,13100,0.0,0.0
2013-12-12 00:00:00+09:00,462.30766337850815,474.97362675874126,449.6416999982751,466.1074523925781,30800,0.0,0.0
2013-12-13 00:00:00+09:00,466.74073632337127,466.74073632337127,450.2749844313663,455.34136962890625,15300,0.0,0.0
2013-12-16 00:00:00+09:00,443.3088251370102,443.9421234586345,424.30987548828125,424.30987548828125,22800,0.0,0.0
2013-12-17 00:00:00+09:00,442.6755383087558,442.6755383087558,435.07595825195307,435.0759582519531,14000,0.0,0.0
2013-12-18 00:00:00+09:00,435.07598809035665,435.07598809035665,424.94321398636,426.8431091308594,7400,0.0,0.0
2013-12-19 00:00:00+09:00,436.9756617553167,436.9756617553167,424.3097005450177,426.2095947265625,16000,0.0,0.0
2013-12-20 00:00:00+09:00,424.30986232560355,429.37624874143165,424.30986232560355,428.7429504394531,5900,0.0,0.0
2013-12-24 00:00:00+09:00,443.30864453837813,443.30864453837813,433.8091735839843,433.8091735839844,17800,0.0,0.0
2013-12-25 00:00:00+09:00,433.17598721004265,433.17598721004265,431.2760925292969,431.2760925292969,3400,0.0,0.0
2013-12-26 00:00:00+09:00,443.3088073730469,446.4752988542829,436.9758244105748,443.3088073730469,16500,0.0,0.0
2013-12-27 00:00:00+09:00,446.47517482331403,465.47411843281674,444.57528046236376,464.8408203125,5500,0.0,0.0
2013-12-30 00:00:00+09:00,464.84079697552846,474.34026830336626,459.77441226734834,473.70697021484375,17400,0.0,0.0
2014-01-06 00:00:00+09:00,467.37398932961855,473.7069702148437,466.1073931525735,473.70697021484375,2400,0.0,0.0
2014-01-07 00:00:00+09:00,474.9737684370531,474.9737684370531,463.5743979945638,470.5406799316406,22300,0.0,0.0
2014-01-08 00:00:00+09:00,470.5406088203152,470.5406088203152,457.2413453139537,468.0074157714844,5400,0.0,0.0
2014-01-09 00:00:00+09:00,459.77440866712703,467.37398566988946,458.5078125,458.5078125,12000,0.0,0.0
2014-01-10 00:00:00+09:00,464.2075933854431,467.3740844726562,455.974716558689,467.37408447265625,4000,0.0,0.0
2014-01-14 00:00:00+09:00,462.94098966667445,474.9736556087631,462.94098966667445,473.0737609863281,16200,0.0,0.0
2014-01-15 00:00:00+09:00,473.0737838745117,473.0737838745117,469.2739944458008,471.17388916015625,5000,0.0,0.0
2014-01-16 00:00:00+09:00,471.1738175675676,471.1738175675676,466.10743243243246,468.640625,11900,0.0,0.0
2014-01-17 00:00:00+09:00,465.47411843281674,468.64060903440054,464.8408203125,464.8408203125,1700,0.0,0.0
2014-01-20 00:00:00+09:00,469.2739432376364,473.0737322517063,466.1074523925781,466.1074523925781,14200,0.0,0.0
2014-01-21 00:00:00+09:00,468.6406735339796,473.07376098632807,465.4741824965879,473.0737609863281,2900,0.0,0.0
2014-01-22 00:00:00+09:00,468.6406735339796,473.07376098632807,468.6406735339796,473.0737609863281,3400,0.0,0.0
2014-01-23 00:00:00+09:00,471.80717224121094,474.9736633300781,462.3076989746094,474.9736633300781,16000,0.0,0.0
2014-01-24 00:00:00+09:00,459.77452339286856,474.34038294939194,457.24133042651664,464.2076110839844,7500,0.0,0.0
2014-01-27 00:00:00+09:00,459.14111328125,461.0410075431035,459.14111328125,459.14111328125,12800,0.0,0.0
2014-01-28 00:00:00+09:00,457.2412155047566,465.4740905761719,457.2412155047566,465.4740905761719,700,0.0,0.0
2014-01-29 00:00:00+09:00,465.4741342905406,470.5405194256757,465.4741342905406,468.640625,3500,0.0,0.0
2014-01-30 00:00:00+09:00,468.64058098825467,468.64058098825467,465.4740905761719,465.4740905761719,1700,0.0,0.0
2014-01-31 00:00:00+09:00,471.17377693965517,471.17377693965517,459.14111328125,459.14111328125,2400,0.0,0.0
2014-02-03 00:00:00+09:00,456.6080470517459,468.00741577148443,455.97474878953824,468.0074157714844,2100,0.0,0.0
2014-02-04 00:00:00+09:00,471.8071719947546,471.8071719947546,457.24131299357424,467.37408447265625,17500,0.0,0.0
2014-02-05 00:00:00+09:00,471.8071873982748,471.8071873982748,464.2076085408529,471.17388916015625,21000,0.0,0.0
2014-02-06 00:00:00+09:00,471.8070983886719,471.8070983886719,470.5405021513869,471.8070983886719,6000,0.0,0.0
2014-02-07 00:00:00+09:00,473.70708211263025,473.70708211263025,471.17388916015625,471.17388916015625,6600,0.0,0.0
2014-02-10 00:00:00+09:00,474.97360641891896,474.97360641891896,468.640625,468.640625,800,0.0,0.0
2014-02-12 00:00:00+09:00,471.8070983886719,473.07369462595693,471.8070983886719,471.8070983886719,14600,0.0,0.0
2014-02-13 00:00:00+09:00,439.5090810738358,452.175048828125,439.5090810738358,452.175048828125,18400,0.0,0.0
2014-02-14 00:00:00+09:00,454.074766897648,454.074766897648,444.5752947868185,446.4751892089844,2400,0.0,0.0
2014-02-17 00:00:00+09:00,471.8070983886719,471.8070983886719,471.8070983886719,471.8070983886719,13900,0.0,0.0
2014-02-18 00:00:00+09:00,470.5406799316406,470.5406799316406,470.5406799316406,470.5406799316406,100,0.0,0.0
2014-02-19 00:00:00+09:00,459.14111328125,459.14111328125,459.14111328125,459.14111328125,4200,0.0,0.0
2014-02-20 00:00:00+09:00,455.9747060844442,457.2413024902344,455.9747060844442,457.2413024902344,13300,0.0,0.0
2014-02-21 00:00:00+09:00,457.2413176637788,457.2413176637788,453.4415283203125,453.4415283203125,1300,0.0,0.0
2014-02-24 00:00:00+09:00,453.44153849283856,455.9747314453125,453.44153849283856,455.9747314453125,12400,0.0,0.0
2014-02-25 00:00:00+09:00,454.0747985839844,454.0747985839844,454.0747985839844,454.0747985839844,300,0.0,0.0
2014-02-26 00:00:00+09:00,454.7081909179688,454.7081909179688,454.7081909179688,454.70819091796875,11500,0.0,0.0
2014-02-27 00:00:00+09:00,455.34136854978397,455.34136854978397,446.4751944751011,447.7417907714844,2600,0.0,0.0
2014-02-28 00:00:00+09:00,453.44150039906947,454.0747985839844,453.44150039906947,454.0747985839844,12100,0.0,0.0
2014-03-03 00:00:00+09:00,449.6417846679688,449.6417846679688,449.6417846679688,449.64178466796875,1100,0.0,0.0
2014-03-04 00:00:00+09:00,449.6417846679688,449.6417846679688,449.6417846679688,449.64178466796875,11500,0.0,0.0
2014-03-05 00:00:00+09:00,450.9083251953125,450.9083251953125,450.9083251953125,450.9083251953125,100,0.0,0.0
2014-03-06 00:00:00+09:00,455.97475156679263,461.0411376953125,455.97475156679263,461.0411376953125,2000,0.0,0.0
2014-03-07 00:00:00+09:00,461.67431640625,461.67431640625,461.67431640625,461.67431640625,4000,0.0,0.0
2014-03-10 00:00:00+09:00,457.8746337890625,457.8746337890625,457.8746337890625,457.8746337890625,1200,0.0,0.0
2014-03-11 00:00:00+09:00,455.9747314453125,455.9747314453125,455.9747314453125,455.9747314453125,2000,0.0,0.0
2014-03-12 00:00:00+09:00,459.7745765163474,462.3077697753906,459.7745765163474,462.3077697753906,400,0.0,0.0
2014-03-13 00:00:00+09:00,462.3077697753906,462.3077697753906,462.3077697753906,462.3077697753906,700,0.0,0.0
2014-03-14 00:00:00+09:00,462.30771640137397,462.30771640137397,456.60803222656256,456.6080322265625,1700,0.0,0.0
2014-03-17 00:00:00+09:00,449.6417846679688,449.6417846679688,449.6417846679688,449.64178466796875,1800,0.0,0.0
2014-03-18 00:00:00+09:00,443.3088073730469,443.3088073730469,443.3088073730469,443.3088073730469,300,0.0,0.0
2014-03-19 00:00:00+09:00,443.3088073730469,443.3088073730469,443.3088073730469,443.3088073730469,200,0.0,0.0
2014-03-20 00:00:00+09:00,443.3088073730469,443.3088073730469,443.3088073730469,443.3088073730469,600,0.0,0.0
2014-03-24 00:00:00+09:00,443.3088073730469,443.3088073730469,443.3088073730469,443.3088073730469,1200,0.0,0.0
2014-03-25 00:00:00+09:00,440.1422424316406,440.1422424316406,440.1422424316406,440.1422424316406,400,0.0,0.0
2014-03-26 00:00:00+09:00,442.0420837402344,442.0420837402344,442.0420837402344,442.0420837402344,100,0.0,0.0
2014-03-27 00:00:00+09:00,448.4670551611119,449.10955810546875,448.4670551611119,449.10955810546875,200,10.0,0.0
2014-03-28 00:00:00+09:00,449.10955810546875,449.10955810546875,449.10955810546875,449.10955810546875,200,0.0,0.0
2014-03-31 00:00:00+09:00,455.5346713920625,469.6697387695313,455.5346713920625,469.66973876953125,5500,0.0,0.0
2014-04-01 00:00:00+09:00,452.9647521972656,453.60725539187166,452.9647521972656,452.9647521972656,1100,0.0,0.0
2014-04-02 00:00:00+09:00,450.3947448730469,450.3947448730469,450.3947448730469,450.3947448730469,13400,0.0,0.0
2014-04-03 00:00:00+09:00,451.67972394916376,456.17724609375,451.67972394916376,456.17724609375,11700,0.0,0.0
2014-04-04 00:00:00+09:00,459.38972858900433,459.38972858900433,456.17721300446584,457.46221923828125,1100,0.0,0.0
2014-04-07 00:00:00+09:00,450.3947448730469,450.3947448730469,450.3947448730469,450.3947448730469,15300,0.0,0.0
2014-04-08 00:00:00+09:00,450.39468268795287,450.39468268795287,443.3271484375,443.3271484375,900,0.0,0.0
2014-04-09 00:00:00+09:00,431.11956289785877,436.9020905671296,431.11956289785877,433.6895751953125,13000,0.0,0.0
2014-04-10 00:00:00+09:00,437.54459364149307,443.32712131076386,433.6895751953125,433.6895751953125,2200,0.0,0.0
2014-04-11 00:00:00+09:00,427.2644911967051,429.8345031738281,427.2644911967051,429.8345031738281,12400,0.0,0.0
2014-04-14 00:00:00+09:00,429.8345031738281,429.8345031738281,429.8345031738281,429.8345031738281,200,0.0,0.0
2014-04-15 00:00:00+09:00,430.4770812988281,430.4770812988281,430.4770812988281,430.4770812988281,12500,0.0,0.0
2014-04-16 00:00:00+09:00,436.902099609375,436.902099609375,436.902099609375,436.902099609375,100,0.0,0.0
2014-04-17 00:00:00+09:00,436.902099609375,436.902099609375,436.902099609375,436.902099609375,0,0.0,0.0
2014-04-18 00:00:00+09:00,433.6895751953125,433.6895751953125,433.6895751953125,433.6895751953125,1000,0.0,0.0
2014-04-21 00:00:00+09:00,433.6895751953125,433.6895751953125,433.6895751953125,433.6895751953125,0,0.0,0.0
2014-04-22 00:00:00+09:00,433.6895751953125,433.6895751953125,433.6895751953125,433.6895751953125,0,0.0,0.0
2014-04-23 00:00:00+09:00,436.902099609375,436.902099609375,436.2595965217142,436.902099609375,2100,0.0,0.0
2014-04-24 00:00:00+09:00,443.32714726893295,443.32714726893295,436.2596130371094,436.2596130371094,400,0.0,0.0
2014-04-25 00:00:00+09:00,436.2596130371094,436.2596130371094,436.2596130371094,436.2596130371094,0,0.0,0.0
2014-04-28 00:00:00+09:00,436.2596130371094,436.2596130371094,436.2596130371094,436.2596130371094,0,0.0,0.0
2014-04-30 00:00:00+09:00,442.68475341796875,442.68475341796875,442.68475341796875,442.68475341796875,12700,0.0,0.0
2014-05-01 00:00:00+09:00,443.32709220686047,443.32709220686047,440.75708007812506,440.757080078125,12500,0.0,0.0
2014-05-02 00:00:00+09:00,443.32729023096346,443.9697935501388,441.3997802734375,441.3997802734375,12200,0.0,0.0
2014-05-07 00:00:00+09:00,434.9747009277344,440.114726935743,434.9747009277344,434.9747009277344,15600,0.0,0.0
2014-05-08 00:00:00+09:00,431.11962029167836,431.11962029167836,427.9071044921875,427.9071044921875,500,0.0,0.0
2014-05-09 00:00:00+09:00,421.48203038322856,434.3320922851563,421.48203038322856,434.33209228515625,11400,0.0,0.0
2014-05-12 00:00:00+09:00,434.3320922851563,434.3320922851563,434.3320922851563,434.33209228515625,0,0.0,0.0
2014-05-13 00:00:00+09:00,430.47706686803537,430.47706686803537,414.41448974609375,414.41448974609375,2100,0.0,0.0
2014-05-14 00:00:00+09:00,414.4145542230821,430.4771338441318,414.4145542230821,427.2646179199219,11500,0.0,0.0
2014-05-15 00:00:00+09:00,430.4770812988281,430.4770812988281,430.4770812988281,430.4770812988281,15200,0.0,0.0
2014-05-16 00:00:00+09:00,430.4770812988281,430.4770812988281,430.4770812988281,430.4770812988281,200,0.0,0.0
2014-05-19 00:00:00+09:00,478.6648142800402,478.6648142800402,430.4770812988281,430.4770812988281,15000,0.0,0.0
2014-05-20 00:00:00+09:00,424.0520502346665,430.4770812988281,411.20198810634326,430.4770812988281,2100,0.0,0.0
2014-05-21 00:00:00+09:00,430.4770812988281,430.4770812988281,430.4770812988281,430.4770812988281,100,0.0,0.0
2014-05-22 00:00:00+09:00,430.47706326571375,430.47706326571375,423.40952939120206,424.0520324707031,2300,0.0,0.0
2014-05-23 00:00:00+09:00,430.4770812988281,430.4770812988281,430.4770812988281,430.4770812988281,14600,0.0,0.0
2014-05-26 00:00:00+09:00,452.322265625,462.6023171164773,451.6797624067827,452.322265625,800,0.0,0.0
2014-05-27 00:00:00+09:00,461.9597473144531,461.9597473144531,461.9597473144531,461.9597473144531,11500,0.0,0.0
2014-05-28 00:00:00+09:00,461.9597473144531,461.9597473144531,461.9597473144531,461.9597473144531,0,0.0,0.0
2014-05-29 00:00:00+09:00,461.9597473144531,461.9597473144531,461.9597473144531,461.9597473144531,0,0.0,0.0
2014-05-30 00:00:00+09:00,442.68475341796875,442.68475341796875,442.68475341796875,442.68475341796875,200,0.0,0.0
2014-06-02 00:00:00+09:00,442.6846057307111,447.1821271242016,435.6170721123688,440.1145935058594,12900,0.0,0.0
2014-06-03 00:00:00+09:00,437.5446204144022,443.3271484375,437.5446204144022,443.3271484375,12000,0.0,0.0
2014-06-04 00:00:00+09:00,459.38981769465596,459.38981769465596,458.747314453125,458.747314453125,200,0.0,0.0
2014-06-05 00:00:00+09:00,452.9647521972656,452.9647521972656,452.9647521972656,452.9647521972656,800,0.0,0.0
2014-06-06 00:00:00+09:00,456.1772630479601,462.602294921875,456.1772630479601,462.602294921875,500,0.0,0.0
2014-06-09 00:00:00+09:00,481.8773193359375,481.8773193359375,481.8773193359375,481.8773193359375,3400,0.0,0.0
2014-06-10 00:00:00+09:00,469.0272521972656,469.0272521972656,469.0272521972656,469.0272521972656,100,0.0,0.0
2014-06-11 00:00:00+09:00,469.02732985173395,469.02732985173395,468.38482666015625,468.38482666015625,11600,0.0,0.0
2014-06-12 00:00:00+09:00,468.3847491120639,469.0272521972656,468.3847491120639,469.0272521972656,11800,0.0,0.0
2014-06-13 00:00:00+09:00,469.0272521972656,469.0272521972656,467.0997429416604,469.0272521972656,2300,0.0,0.0
2014-06-16 00:00:00+09:00,469.02732985173395,469.02732985173395,468.38482666015625,468.38482666015625,400,0.0,0.0
2014-06-17 00:00:00+09:00,465.81473677125695,469.0272521972656,465.81473677125695,469.0272521972656,200,0.0,0.0
2014-06-18 00:00:00+09:00,469.0272521972656,469.0272521972656,469.0272521972656,469.0272521972656,0,0.0,0.0
2014-06-19 00:00:00+09:00,469.0272521972656,469.0272521972656,469.0272521972656,469.0272521972656,0,0.0,0.0
2014-06-20 00:00:00+09:00,469.0272521972656,469.0272521972656,469.0272521972656,469.0272521972656,0,0.0,0.0
2014-06-23 00:00:00+09:00,469.66984959883655,475.452378526866,446.53973388671875,446.53973388671875,5800,0.0,0.0
2014-06-24 00:00:00+09:00,447.1821052909406,451.67962646484375,447.1821052909406,451.67962646484375,11800,0.0,0.0
2014-06-25 00:00:00+09:00,449.7521667480469,449.7521667480469,449.7521667480469,449.7521667480469,700,0.0,0.0
2014-06-26 00:00:00+09:00,450.3947448730469,450.3947448730469,450.3947448730469,450.3947448730469,11300,0.0,0.0
2014-06-27 00:00:00+09:00,452.3222490026596,452.9647521972656,451.03724261344746,452.9647521972656,1800,0.0,0.0
2014-06-30 00:00:00+09:00,454.249736603213,456.17724609375,452.9647302761884,456.17724609375,14200,0.0,0.0
2014-07-01 00:00:00+09:00,461.3172151748448,469.0272521972656,461.3172151748448,469.0272521972656,1300,0.0,0.0
2014-07-02 00:00:00+09:00,469.02738236407845,472.2398986816406,468.384879100566,472.2398986816406,3100,0.0,0.0
2014-07-03 00:00:00+09:00,472.2397740854499,473.5247802734375,470.95476789746226,473.5247802734375,2000,0.0,0.0
2014-07-04 00:00:00+09:00,475.45233154296875,475.45233154296875,472.23981578930005,475.45233154296875,1800,0.0,0.0
2014-07-07 00:00:00+09:00,475.45235866970484,475.45235866970484,462.602294921875,462.602294921875,10800,0.0,0.0
2014-07-08 00:00:00+09:00,461.9597473144531,461.9597473144531,461.9597473144531,461.9597473144531,100,0.0,0.0
2014-07-09 00:00:00+09:00,462.602294921875,462.602294921875,462.602294921875,462.602294921875,1300,0.0,0.0
2014-07-10 00:00:00+09:00,462.602294921875,462.602294921875,462.602294921875,462.602294921875,500,0.0,0.0
2014-07-11 00:00:00+09:00,456.17724668632434,463.2447814941406,456.17724668632434,463.2447814941406,800,0.0,0.0
2014-07-14 00:00:00+09:00,463.88719449651325,481.2347765621723,463.88719449651325,478.6647644042969,6900,0.0,0.0
2014-07-15 00:00:00+09:00,481.8772969591634,481.8772969591634,469.6697387695313,469.66973876953125,9200,0.0,0.0
2014-07-16 00:00:00+09:00,481.8772969591634,481.8772969591634,469.6697387695313,469.66973876953125,700,0.0,0.0
2014-07-17 00:00:00+09:00,470.31228379917405,471.5972900390625,470.31228379917405,471.5972900390625,2100,0.0,0.0
2014-07-18 00:00:00+09:00,471.5972645380725,479.30730156049333,469.0272521972656,469.0272521972656,1200,0.0,0.0
2014-07-22 00:00:00+09:00,477.37977122467964,477.37977122467964,462.60220091759,463.88720703125,1600,0.0,0.0
2014-07-23 00:00:00+09:00,473.5248916224985,473.5248916224985,464.52984619140625,464.52984619140625,400,0.0,0.0
2014-07-24 00:00:00+09:00,464.5296607708109,472.23969663422685,464.5296607708109,465.8146667480469,2300,0.0,0.0
2014-07-25 00:00:00+09:00,466.4573059082031,466.4573059082031,466.4573059082031,466.4573059082031,300,0.0,0.0
2014-07-28 00:00:00+09:00,467.7423042339054,478.66485804156525,467.7423042339054,470.31231689453125,1200,0.0,0.0
2014-07-29 00:00:00+09:00,469.02723148588984,469.02723148588984,463.88720703124994,463.88720703125,2700,0.0,0.0
2014-07-30 00:00:00+09:00,468.38486566187436,469.02736890695235,464.52984619140625,464.52984619140625,600,0.0,0.0
2014-07-31 00:00:00+09:00,469.0272521972656,469.0272521972656,469.0272521972656,469.0272521972656,100,0.0,0.0
2014-08-01 00:00:00+09:00,469.0273632275189,469.0273632275189,463.8873373291351,467.099853515625,600,0.0,0.0
2014-08-04 00:00:00+09:00,472.2397676232743,472.2397676232743,468.3847491120639,469.0272521972656,4900,0.0,0.0
2014-08-05 00:00:00+09:00,472.23975101998013,474.1672602078168,469.6697387695313,469.66973876953125,5300,0.0,0.0
2014-08-06 00:00:00+09:00,471.5972900390625,471.5972900390625,469.02727755928555,471.5972900390625,800,0.0,0.0
2014-08-07 00:00:00+09:00,459.38957107799683,460.674576871222,459.38957107799683,460.0320739746094,5500,0.0,0.0
2014-08-08 00:00:00+09:00,452.3221791294643,452.3221791294643,449.7521667480469,449.7521667480469,14000,0.0,0.0
2014-08-11 00:00:00+09:00,440.114726935743,443.32724319074845,434.9747009277344,434.9747009277344,28700,0.0,0.0
2014-08-12 00:00:00+09:00,434.97460304374124,435.6171061501574,427.2645657667473,430.4770812988281,24700,0.0,0.0
2014-08-13 00:00:00+09:00,430.4770598234954,435.6170844184028,430.4770598234954,433.6895751953125,13500,0.0,0.0
2014-08-14 00:00:00+09:00,432.40456904658566,433.6895751953125,430.4770598234954,433.6895751953125,16300,0.0,0.0
2014-08-15 00:00:00+09:00,436.902099609375,438.1871057846967,436.902099609375,436.902099609375,15100,0.0,0.0
2014-08-18 00:00:00+09:00,436.90205951069674,443.3270897976188,436.90205951069674,442.0420837402344,14300,0.0,0.0
2014-08-19 00:00:00+09:00,442.0420837402344,442.0420837402344,442.0420837402344,442.0420837402344,12500,0.0,0.0
2014-08-20 00:00:00+09:00,438.18714772974243,438.8296508789063,438.18714772974243,438.82965087890625,500,0.0,0.0
2014-08-21 00:00:00+09:00,438.1871643066406,438.1871643066406,436.90215795970033,438.1871643066406,14900,0.0,0.0
2014-08-22 00:00:00+09:00,436.902099609375,438.82960887235754,436.2595965217142,436.902099609375,3900,0.0,0.0
2014-08-25 00:00:00+09:00,436.902099609375,436.902099609375,436.902099609375,436.902099609375,1900,0.0,0.0
2014-08-26 00:00:00+09:00,436.902099609375,436.902099609375,436.902099609375,436.902099609375,100,0.0,0.0
2014-08-27 00:00:00+09:00,436.25957516858176,440.1145935058594,436.25957516858176,440.1145935058594,1600,0.0,0.0
2014-08-28 00:00:00+09:00,436.9021964961273,448.4672546386719,436.9021964961273,448.4672546386719,600,0.0,0.0
2014-08-29 00:00:00+09:00,436.902099609375,436.902099609375,436.902099609375,436.902099609375,200,0.0,0.0
2014-09-01 00:00:00+09:00,439.47217113940746,445.25469970703125,439.47217113940746,445.25469970703125,2100,0.0,0.0
2014-09-02 00:00:00+09:00,438.8296327960372,447.8246765136719,438.8296327960372,447.8246765136719,1700,0.0,0.0
2014-09-03 00:00:00+09:00,449.10974674362075,449.10974674362075,446.53973388671875,446.53973388671875,1600,0.0,0.0
2014-09-04 00:00:00+09:00,447.8247403151697,449.10974674362075,446.53973388671875,446.53973388671875,1900,0.0,0.0
2014-09-05 00:00:00+09:00,449.1096636526925,449.7521667480469,449.1096636526925,449.7521667480469,5200,0.0,0.0
2014-09-08 00:00:00+09:00,453.6073142742289,453.6073142742289,447.1822814941407,447.1822814941406,4900,0.0,0.0
2014-09-09 00:00:00+09:00,449.1096636526925,449.7521667480469,449.1096636526925,449.7521667480469,1600,0.0,0.0
2014-09-10 00:00:00+09:00,451.0372096038775,454.2497253417968,451.0372096038775,454.2497253417969,6000,0.0,0.0
2014-09-11 00:00:00+09:00,453.6072885208771,458.747314453125,453.6072885208771,458.747314453125,2600,0.0,0.0
2014-09-12 00:00:00+09:00,456.17724609375,458.104755584287,452.9647302761884,456.17724609375,4700,0.0,0.0
2014-09-16 00:00:00+09:00,451.0372096038775,454.8922284893807,451.0372096038775,454.2497253417969,3300,0.0,0.0
2014-09-17 00:00:00+09:00,452.96476884321737,454.249775279652,452.322265625,452.322265625,1100,0.0,0.0
2014-09-18 00:00:00+09:00,452.3222378027065,452.96474098140357,451.0372314453125,451.0372314453125,600,0.0,0.0
2014-09-19 00:00:00+09:00,456.8197600535857,457.46226323228274,451.0372314453125,451.0372314453125,1200,0.0,0.0
2014-09-22 00:00:00+09:00,449.75220330870974,454.2497253417968,449.75220330870974,454.2497253417969,1700,0.0,0.0
2014-09-24 00:00:00+09:00,451.6796471961943,456.81967163085943,449.7521380331949,456.8196716308594,2500,0.0,0.0
2014-09-25 00:00:00+09:00,447.1820936376884,458.10464477539057,447.1820936376884,458.1046447753906,2700,0.0,0.0
2014-09-26 00:00:00+09:00,459.4080192846887,460.0596618652343,459.4080192846887,460.0596618652344,300,10.0,0.0
2014-09-29 00:00:00+09:00,450.28496725899834,456.1497497558594,450.28496725899834,456.1497497558594,800,0.0,0.0
2014-09-30 00:00:00+09:00,460.0596931619847,460.0596931619847,458.756407912234,459.4080505371094,500,0.0,0.0
2014-10-01 00:00:00+09:00,457.45312266248334,459.4080505371094,456.80148003760803,459.4080505371094,800,0.0,0.0
2014-10-02 00:00:00+09:00,457.4530347551618,459.4079622541155,456.1497497558594,456.1497497558594,1800,0.0,0.0
2014-10-03 00:00:00+09:00,454.1948222569057,456.1497497558594,454.1948222569057,456.1497497558594,3700,0.0,0.0
2014-10-06 00:00:00+09:00,454.19491577148443,454.19491577148443,454.19491577148443,454.1949157714844,100,0.0,0.0
2014-10-07 00:00:00+09:00,456.1498436729399,456.1498436729399,454.19491577148443,454.1949157714844,5700,0.0,0.0
2014-10-08 00:00:00+09:00,450.284940780068,452.2398681640625,450.284940780068,452.2398681640625,400,0.0,0.0
2014-10-09 00:00:00+09:00,452.8916753881118,455.49824618171243,443.1170349121094,443.1170349121094,2500,0.0,0.0
2014-10-10 00:00:00+09:00,456.1499374718975,456.1499374718975,452.8917236328125,452.8917236328125,15000,0.0,0.0
2014-10-14 00:00:00+09:00,456.1497497558594,456.1497497558594,443.1168997628348,456.1497497558594,17900,0.0,0.0
2014-10-15 00:00:00+09:00,461.3628884339944,461.3628884339944,456.1497484516894,457.4530334472656,11600,0.0,0.0
2014-10-16 00:00:00+09:00,457.4530334472656,457.4530334472656,457.4530334472656,457.4530334472656,9600,0.0,0.0
2014-10-17 00:00:00+09:00,459.4079622541155,459.4079622541155,456.1497497558594,456.1497497558594,2200,0.0,0.0
2014-10-20 00:00:00+09:00,456.8013922555106,456.8013922555106,456.1497497558594,456.1497497558594,10800,0.0,0.0
2014-10-21 00:00:00+09:00,459.4080536715824,459.4080536715824,456.8014831542968,456.8014831542969,10000,0.0,0.0
2014-10-22 00:00:00+09:00,456.8013922555106,456.8013922555106,456.1497497558594,456.1497497558594,12500,0.0,0.0
2014-10-23 00:00:00+09:00,456.1497497558594,456.1497497558594,456.1497497558594,456.1497497558594,9600,0.0,0.0
2014-10-24 00:00:00+09:00,456.1497484516894,457.4530334472656,456.1497484516894,457.4530334472656,10400,0.0,0.0
2014-10-27 00:00:00+09:00,457.4530334472656,457.4530334472656,457.4530334472656,457.4530334472656,9600,0.0,0.0
2014-10-28 00:00:00+09:00,456.1497497558594,456.1497497558594,456.1497497558594,456.1497497558594,11700,0.0,0.0
2014-10-29 00:00:00+09:00,456.1497497558594,456.1497497558594,456.1497497558594,456.1497497558594,9600,0.0,0.0
2014-10-30 00:00:00+09:00,456.1497497558594,456.1497497558594,456.1497497558594,456.1497497558594,0,0.0,0.0
2014-10-31 00:00:00+09:00,456.1497497558594,456.1497497558594,456.1497497558594,456.1497497558594,9600,0.0,0.0
2014-11-04 00:00:00+09:00,456.8013922555106,459.4079622541155,456.1497497558594,456.1497497558594,21800,0.0,0.0
2014-11-05 00:00:00+09:00,459.4079622541155,462.66617475237166,456.1497497558594,456.1497497558594,5900,0.0,0.0
2014-11-06 00:00:00+09:00,456.1497497558594,456.1497497558594,456.1497497558594,456.1497497558594,2600,0.0,0.0
2014-11-07 00:00:00+09:00,433.342394436107,443.76867761050954,433.342394436107,443.1170349121094,6500,0.0,0.0
2014-11-10 00:00:00+09:00,441.81369638015974,441.81369638015974,436.6005554199219,436.6005554199219,5100,0.0,0.0
2014-11-11 00:00:00+09:00,437.25215746784767,445.7235107421875,437.25215746784767,445.7235107421875,500,0.0,0.0
2014-11-12 00:00:00+09:00,436.60051490828306,445.7235107421875,433.9939446700247,445.7235107421875,16300,0.0,0.0
2014-11-13 00:00:00+09:00,441.16203856537305,449.6333923339844,441.16203856537305,449.6333923339844,500,0.0,0.0
2014-11-14 00:00:00+09:00,449.633461896111,449.633461896111,442.4653922137092,443.1170349121094,1600,0.0,0.0
2014-11-17 00:00:00+09:00,449.6335097937275,452.8917236328125,449.6335097937275,452.8917236328125,13000,0.0,0.0
2014-11-18 00:00:00+09:00,452.8917236328125,452.8917236328125,452.8917236328125,452.8917236328125,500,0.0,0.0
2014-11-19 00:00:00+09:00,443.1170349121094,443.1170349121094,443.1170349121094,443.1170349121094,200,0.0,0.0
2014-11-20 00:00:00+09:00,456.1497497558594,456.1497497558594,456.1497497558594,456.1497497558594,10600,0.0,0.0
2014-11-21 00:00:00+09:00,462.6662292480468,462.6662292480468,462.6662292480468,462.6662292480469,12300,0.0,0.0
2014-11-25 00:00:00+09:00,462.6662292480468,462.6662292480468,462.6662292480468,462.6662292480469,0,0.0,0.0
2014-11-26 00:00:00+09:00,462.6662292480468,462.6662292480468,462.6662292480468,462.6662292480469,0,0.0,0.0
2014-11-27 00:00:00+09:00,462.01458521639364,463.9695129394531,462.01458521639364,463.9695129394531,1200,0.0,0.0
2014-11-28 00:00:00+09:00,450.93666287274425,462.6662292480468,450.93666287274425,462.6662292480469,10000,0.0,0.0
2014-12-01 00:00:00+09:00,456.80158023971444,456.80158023971444,452.8917236328125,452.8917236328125,200,0.0,0.0
2014-12-02 00:00:00+09:00,462.66630025169565,462.66630025169565,454.84658813476557,454.8465881347656,11500,0.0,0.0
2014-12-03 00:00:00+09:00,464.621191536112,474.395830909242,459.4080505371094,459.4080505371094,12600,0.0,0.0
2014-12-04 00:00:00+09:00,469.1826261657974,469.1826261657974,460.7112731933594,460.7112731933594,9900,0.0,0.0
2014-12-05 00:00:00+09:00,459.4079622541155,460.711247253418,449.6333247593471,456.1497497558594,17100,0.0,0.0
2014-12-08 00:00:00+09:00,462.6662292480468,462.6662292480468,460.05965894242405,462.6662292480469,37000,0.0,0.0
2014-12-09 00:00:00+09:00,446.37502892072814,448.3299560546875,446.37502892072814,448.3299560546875,1400,0.0,0.0
2014-12-10 00:00:00+09:00,461.363014898874,461.363014898874,454.84658813476557,454.8465881347656,19200,0.0,0.0
2014-12-11 00:00:00+09:00,461.3629157297008,461.3629157297008,448.330065002873,460.7112731933594,12600,0.0,0.0
2014-12-12 00:00:00+09:00,461.3629157297008,461.3629157297008,456.1497754389697,460.7112731933594,14300,0.0,0.0
2014-12-15 00:00:00+09:00,461.3629185119021,461.3629185119021,458.1047058105469,458.1047058105469,14000,0.0,0.0
2014-12-16 00:00:00+09:00,461.36297841173536,462.666263661486,458.1047652873587,459.4080505371094,31500,0.0,0.0
2014-12-17 00:00:00+09:00,461.36291503906244,462.66620010979426,457.45305982686705,461.3629150390625,25000,0.0,0.0
2014-12-18 00:00:00+09:00,456.80141797531104,461.3629157297008,456.80141797531104,460.7112731933594,12500,0.0,0.0
2014-12-19 00:00:00+09:00,461.36291503906244,463.31784264516017,460.71127250369653,461.3629150390625,15100,0.0,0.0
2014-12-22 00:00:00+09:00,461.36291503906244,461.36291503906244,460.71127250369653,461.3629150390625,1700,0.0,0.0
2014-12-24 00:00:00+09:00,456.80141729150114,461.36291503906244,456.80141729150114,461.3629150390625,13900,0.0,0.0
2014-12-25 00:00:00+09:00,461.36291503906244,461.36291503906244,461.36291503906244,461.3629150390625,300,0.0,0.0
2014-12-26 00:00:00+09:00,461.36291503906244,462.66620010979426,456.14977475613523,461.3629150390625,2400,0.0,0.0
2014-12-29 00:00:00+09:00,457.45305982686705,461.36291503906244,457.45305982686705,461.3629150390625,300,0.0,0.0
2014-12-30 00:00:00+09:00,462.6662292480468,465.27279955366964,458.10473121320695,462.6662292480469,4400,0.0,0.0
2015-01-05 00:00:00+09:00,461.362943367616,465.92444139526197,461.362943367616,463.31787109375,2600,0.0,0.0
2015-01-06 00:00:00+09:00,463.31787036509996,463.9695129394531,461.3629426420405,463.9695129394531,5900,0.0,0.0
2015-01-07 00:00:00+09:00,461.36291503906244,461.36291503906244,460.71127250369653,461.3629150390625,16000,0.0,0.0
2015-01-08 00:00:00+09:00,461.36291503906244,462.66620010979426,456.14977475613523,461.3629150390625,13600,0.0,0.0
2015-01-09 00:00:00+09:00,461.36291503906244,462.66620010979426,450.28499193784205,461.3629150390625,25000,0.0,0.0
2015-01-13 00:00:00+09:00,461.36291503906244,461.36291503906244,456.80141729150114,461.3629150390625,900,0.0,0.0
2015-01-14 00:00:00+09:00,451.58827700857387,461.36291503906244,447.6784217963784,461.3629150390625,2500,0.0,0.0
2015-01-15 00:00:00+09:00,460.0596299683306,461.36291503906244,456.14977475613523,461.3629150390625,2900,0.0,0.0
2015-01-16 00:00:00+09:00,461.3629157297008,461.3629157297008,456.1497754389697,460.7112731933594,1000,0.0,0.0
2015-01-19 00:00:00+09:00,456.1498343356069,462.0146179199219,456.1498343356069,462.0146179199219,11000,0.0,0.0
2015-01-20 00:00:00+09:00,456.8013922555106,456.8013922555106,456.1497497558594,456.1497497558594,300,0.0,0.0
2015-01-21 00:00:00+09:00,461.36291503906244,462.01455757442835,461.36291503906244,461.3629150390625,12300,0.0,0.0
2015-01-22 00:00:00+09:00,465.9244127866238,465.9244127866238,461.36291503906244,461.3629150390625,600,0.0,0.0
2015-01-23 00:00:00+09:00,461.3628884339944,461.3628884339944,457.4530334472656,457.4530334472656,14900,0.0,0.0
2015-01-26 00:00:00+09:00,457.4530334472656,457.4530334472656,457.4530334472656,457.4530334472656,0,0.0,0.0
2015-01-27 00:00:00+09:00,457.4530334472656,457.4530334472656,457.4530334472656,457.4530334472656,200,0.0,0.0
2015-01-28 00:00:00+09:00,456.1497497558594,456.1497497558594,456.1497497558594,456.1497497558594,100,0.0,0.0
2015-01-29 00:00:00+09:00,461.36291503906244,461.36291503906244,452.2399195439398,461.3629150390625,22300,0.0,0.0
2015-01-30 00:00:00+09:00,461.36291503906244,461.36291503906244,461.36291503906244,461.3629150390625,0,0.0,0.0
2015-02-02 00:00:00+09:00,461.36291503906244,461.36291503906244,461.36291503906244,461.3629150390625,0,0.0,0.0
2015-02-03 00:00:00+09:00,456.1497497558594,456.1497497558594,456.1497497558594,456.1497497558594,200,0.0,0.0
2015-02-04 00:00:00+09:00,461.36291503906244,461.36291503906244,461.36291503906244,461.3629150390625,23900,0.0,0.0
2015-02-05 00:00:00+09:00,461.36291503906244,461.36291503906244,461.36291503906244,461.3629150390625,9600,0.0,0.0
2015-02-06 00:00:00+09:00,461.3629157297008,461.3629157297008,460.7112731933594,460.7112731933594,18800,0.0,0.0
2015-02-09 00:00:00+09:00,438.5554119026574,449.6333346401688,438.5554119026574,446.3751220703125,17300,0.0,0.0
2015-02-10 00:00:00+09:00,443.116973115134,443.76861572265625,442.4653305076117,443.76861572265625,11000,0.0,0.0
2015-02-12 00:00:00+09:00,443.7685520144275,447.0267645842838,442.46526698648495,446.3751220703125,10900,0.0,0.0
2015-02-13 00:00:00+09:00,445.7236531868255,452.8917236328125,445.7236531868255,452.8917236328125,2100,0.0,0.0
2015-02-16 00:00:00+09:00,440.5103454589843,441.813630504721,440.5103454589843,440.5103454589844,11600,0.0,0.0
2015-02-17 00:00:00+09:00,440.5103454589843,440.5103454589843,440.5103454589843,440.5103454589844,0,0.0,0.0
2015-02-18 00:00:00+09:00,440.5103766999421,440.5103766999421,439.8587341308594,439.8587341308594,11300,0.0,0.0
2015-02-19 00:00:00+09:00,439.8587341308594,439.8587341308594,439.8587341308594,439.8587341308594,300,0.0,0.0
2015-02-20 00:00:00+09:00,437.9038064236111,445.0718746835214,437.9038064236111,439.8587341308594,2200,0.0,0.0
2015-02-23 00:00:00+09:00,440.51024751884995,448.981598432674,440.51024751884995,448.3299560546875,1400,0.0,0.0
2015-02-24 00:00:00+09:00,451.58840942382807,451.58840942382807,450.93676669738676,451.5884094238281,900,0.0,0.0
2015-02-25 00:00:00+09:00,448.98183851806283,451.58840942382807,448.98183851806283,451.5884094238281,900,0.0,0.0
2015-02-26 00:00:00+09:00,448.3301026793732,453.5432434082031,446.375174906062,453.5432434082031,1500,0.0,0.0
2015-02-27 00:00:00+09:00,453.54336640062945,456.1499374718975,452.8917236328125,452.8917236328125,2000,0.0,0.0
2015-03-02 00:00:00+09:00,452.8915372576032,456.8013922555106,451.58825225830077,456.1497497558594,1400,0.0,0.0
2015-03-03 00:00:00+09:00,456.1497497558594,456.1497497558594,454.1948222569057,456.1497497558594,1300,0.0,0.0
2015-03-04 00:00:00+09:00,456.1497484516894,457.4530334472656,456.1497484516894,457.4530334472656,3400,0.0,0.0
2015-03-05 00:00:00+09:00,457.4530334472656,461.3628884339944,455.49810595390124,457.4530334472656,3000,0.0,0.0
2015-03-06 00:00:00+09:00,456.14980348398984,462.6662292480468,454.84651833117846,462.6662292480469,1300,0.0,0.0
2015-03-09 00:00:00+09:00,446.375086012079,452.2398681640625,446.375086012079,452.2398681640625,5400,0.0,0.0
2015-03-10 00:00:00+09:00,454.8464349356503,455.4980773925781,448.3300103663716,455.4980773925781,900,0.0,0.0
2015-03-11 00:00:00+09:00,448.9817504882812,448.9817504882812,448.9817504882812,448.98175048828125,200,0.0,0.0
2015-03-12 00:00:00+09:00,452.891510625394,456.14972293205153,449.6332983187365,452.2398681640625,3200,0.0,0.0
2015-03-13 00:00:00+09:00,455.4982947040805,455.4982947040805,452.8917236328125,452.8917236328125,2400,0.0,0.0
2015-03-16 00:00:00+09:00,449.6332408106604,449.6332408106604,445.0717441647552,448.3299560546875,2000,0.0,0.0
2015-03-17 00:00:00+09:00,448.33013206711803,454.19491577148443,448.33013206711803,454.1949157714844,1400,0.0,0.0
2015-03-18 00:00:00+09:00,453.54327313766595,454.19491577148443,452.89163050384747,454.1949157714844,400,0.0,0.0
2015-03-19 00:00:00+09:00,454.19491577148443,456.1498436729399,454.19491577148443,454.1949157714844,3500,0.0,0.0
2015-03-20 00:00:00+09:00,449.6333923339844,449.6333923339844,449.6333923339844,449.6333923339844,1100,0.0,0.0
2015-03-23 00:00:00+09:00,447.0266712987146,449.6332408106604,447.0266712987146,448.3299560546875,1800,0.0,0.0
2015-03-24 00:00:00+09:00,448.3300103663716,455.4980773925781,448.3300103663716,455.4980773925781,400,0.0,0.0
2015-03-25 00:00:00+09:00,449.6333923339844,449.6333923339844,449.6333923339844,449.6333923339844,2100,0.0,0.0
2015-03-26 00:00:00+09:00,455.4981757122537,455.4981757122537,449.6333923339844,449.6333923339844,1700,0.0,0.0
2015-03-27 00:00:00+09:00,455.58441162109375,455.58441162109375,455.58441162109375,455.58441162109375,300,10.0,0.0
2015-03-30 00:00:00+09:00,455.58441162109375,455.58441162109375,455.58441162109375,455.58441162109375,400,0.0,0.0
2015-03-31 00:00:00+09:00,455.58441162109375,455.58441162109375,455.58441162109375,455.58441162109375,300,0.0,0.0
2015-04-01 00:00:00+09:00,458.22921647393395,468.14759778289357,452.93941310915545,458.89044189453125,3700,0.0,0.0
2015-04-02 00:00:00+09:00,458.8906541563624,466.8253628737635,456.245751250562,459.5518798828125,1200,0.0,0.0
2015-04-03 00:00:00+09:00,459.5518150438894,467.4865226417695,459.5518150438894,461.5354919433594,5600,0.0,0.0
2015-04-06 00:00:00+09:00,462.1967175765161,462.1967175765161,461.53549194335943,461.5354919433594,1000,0.0,0.0
2015-04-07 00:00:00+09:00,457.56803035458046,457.56803035458046,443.0210698519782,453.6006774902344,9200,0.0,0.0
2015-04-08 00:00:00+09:00,447.6496840601626,457.5680670157053,447.6496840601626,450.2945861816406,6200,0.0,0.0
2015-04-09 00:00:00+09:00,452.93945312499994,456.24558052007296,449.633325729927,452.939453125,2600,0.0,0.0
2015-04-10 00:00:00+09:00,452.2781982421875,452.9394236782141,447.6496201900014,452.2781982421875,1200,0.0,0.0
2015-04-13 00:00:00+09:00,451.6171738485581,459.5518826131008,451.6171738485581,458.22943115234375,2000,0.0,0.0
2015-04-14 00:00:00+09:00,460.21289273572586,460.21289273572586,456.90676563273934,458.89044189453125,800,0.0,0.0
2015-04-15 00:00:00+09:00,452.2782523777174,456.24560546875,452.2782523777174,456.24560546875,2200,0.0,0.0
2015-04-16 00:00:00+09:00,456.24560546875,456.24560546875,456.24560546875,456.24560546875,4400,0.0,0.0
2015-04-17 00:00:00+09:00,458.89044189453125,458.89044189453125,457.56799105333664,458.89044189453125,800,0.0,0.0
2015-04-20 00:00:00+09:00,462.19678278861284,462.19678278861284,458.8906541563624,459.5518798828125,1000,0.0,0.0
2015-04-21 00:00:00+09:00,462.1965689975178,462.1965689975178,448.9720605855716,458.89044189453125,4400,0.0,0.0
2015-04-22 00:00:00+09:00,459.55166731512855,461.53534357692047,454.9230893709474,458.89044189453125,3200,0.0,0.0
2015-04-23 00:00:00+09:00,458.89044189453125,458.89044189453125,458.89044189453125,458.89044189453125,300,0.0,0.0
2015-04-24 00:00:00+09:00,459.55166731512855,459.55166731512855,458.89044189453125,458.89044189453125,700,0.0,0.0
2015-04-27 00:00:00+09:00,456.24557274614455,458.8904746171367,454.92312181064847,457.5680236816406,1300,0.0,0.0
2015-04-28 00:00:00+09:00,460.87411289460675,462.1965637207032,458.22921124241384,462.1965637207031,3900,0.0,0.0
2015-04-30 00:00:00+09:00,462.19678278861284,462.19678278861284,457.56820270346225,459.5518798828125,1500,0.0,0.0
2015-05-01 00:00:00+09:00,462.19678278861284,462.19678278861284,457.56820270346225,459.5518798828125,1300,0.0,0.0
2015-05-07 00:00:00+09:00,462.8580085150629,462.8580085150629,459.5518798828125,459.5518798828125,9000,0.0,0.0
2015-05-08 00:00:00+09:00,459.5518798828125,462.19678278861284,459.5518798828125,459.5518798828125,1100,0.0,0.0
2015-05-11 00:00:00+09:00,462.1965637207032,462.1965637207032,459.55166206851027,462.1965637207031,2400,0.0,0.0
2015-05-12 00:00:00+09:00,462.1966529225827,463.51910400390625,459.5517507599356,463.51910400390625,2700,0.0,0.0
2015-05-13 00:00:00+09:00,463.5190440586635,466.8251713344029,462.8578186035156,462.8578186035156,500,0.0,0.0
2015-05-14 00:00:00+09:00,459.5516913277762,462.8578186035156,459.5516913277762,462.8578186035156,1000,0.0,0.0
2015-05-15 00:00:00+09:00,462.8578186035156,462.8578186035156,462.19659314836775,462.8578186035156,2100,0.0,0.0
2015-05-18 00:00:00+09:00,462.8578186035156,462.8578186035156,459.5516913277762,462.8578186035156,1000,0.0,0.0
2015-05-19 00:00:00+09:00,472.7761888310455,527.6579002617822,468.1476107585737,488.6455993652344,35100,0.0,0.0
2015-05-20 00:00:00+09:00,478.72726898193355,478.72726898193355,468.1476608276367,476.0823669433594,2800,0.0,0.0
2015-05-21 00:00:00+09:00,471.4539710881813,482.69480910851655,471.4539710881813,475.42132568359375,6100,0.0,0.0
2015-05-22 00:00:00+09:00,475.4212098108286,475.4212098108286,468.14772815864626,472.1150817871094,4500,0.0,0.0
2015-05-25 00:00:00+09:00,478.06606585517056,480.7109680175781,477.4048403145687,480.7109680175781,1100,0.0,0.0
2015-05-26 00:00:00+09:00,470.79257434253964,478.7272806516836,469.4701232910157,469.4701232910156,1600,0.0,0.0
2015-05-27 00:00:00+09:00,474.0987536502084,475.4212048458854,468.14772326966187,474.7599792480469,1800,0.0,0.0
2015-05-28 00:00:00+09:00,475.42116602404366,482.6946470063308,472.7762638486665,479.3885192871094,4800,0.0,0.0
2015-05-29 00:00:00+09:00,480.0497741699218,480.0497741699218,478.06609741715357,480.0497741699219,600,0.0,0.0
2015-06-01 00:00:00+09:00,475.42119027751767,482.6946716308594,471.4538368120585,482.6946716308594,4000,0.0,0.0
2015-06-02 00:00:00+09:00,482.6946716308594,485.33957394116544,482.6946716308594,482.6946716308594,6000,0.0,0.0
2015-06-03 00:00:00+09:00,482.6945757541085,485.3394775390625,480.04967396915447,485.3394775390625,2400,0.0,0.0
2015-06-04 00:00:00+09:00,485.339564294996,488.645692117169,485.339564294996,487.9844665527344,6300,0.0,0.0
2015-06-05 00:00:00+09:00,490.62924400535786,495.25782177899333,486.6618916279561,489.3067932128906,5200,0.0,0.0
2015-06-08 00:00:00+09:00,479.38844852291595,485.3394775390625,479.38844852291595,485.3394775390625,7900,0.0,0.0
2015-06-09 00:00:00+09:00,484.6783236378637,484.6783236378637,476.0823915678879,479.3885192871094,4400,0.0,0.0
2015-06-10 00:00:00+09:00,476.7436560415624,479.38855843291645,473.4375280523699,474.7599792480469,1600,0.0,0.0
2015-06-11 00:00:00+09:00,474.7599792480469,475.4212048458854,474.7599792480469,474.7599792480469,4600,0.0,0.0
2015-06-12 00:00:00+09:00,474.7599792480469,476.0824304437239,474.0987536502084,474.7599792480469,4600,0.0,0.0
2015-06-15 00:00:00+09:00,471.45379986830164,474.7599274971116,466.1639956622057,469.4701232910156,11400,0.0,0.0
2015-06-16 00:00:00+09:00,469.47017446533886,474.7599792480469,469.47017446533886,474.7599792480469,1100,0.0,0.0
2015-06-17 00:00:00+09:00,474.759862527941,474.759862527941,463.5190301282543,471.4537353515625,4700,0.0,0.0
2015-06-18 00:00:00+09:00,468.80894886750036,477.4048816394009,468.80894886750036,474.7599792480469,600,0.0,0.0
2015-06-19 00:00:00+09:00,474.75991592407223,476.0823669433593,474.75991592407223,476.0823669433594,500,0.0,0.0
2015-06-22 00:00:00+09:00,475.4211414337158,476.0823669433593,475.4211414337158,476.0823669433594,300,0.0,0.0
2015-06-23 00:00:00+09:00,476.0823342278394,477.40478515625006,474.7598832994287,477.40478515625,700,0.0,0.0
2015-06-24 00:00:00+09:00,477.4048816394009,478.0661072372394,474.7599792480469,474.7599792480469,7400,0.0,0.0
2015-06-25 00:00:00+09:00,474.7598832994287,478.7272360846607,472.11498144260736,477.40478515625,3500,0.0,0.0
2015-06-26 00:00:00+09:00,474.7598832994287,477.40478515625006,474.7598832994287,477.40478515625,500,0.0,0.0
2015-06-29 00:00:00+09:00,476.743538833768,476.743538833768,468.14760817518413,471.4537353515625,1000,0.0,0.0
2015-06-30 00:00:00+09:00,472.1149271533476,473.4373779296875,471.4537017651776,473.4373779296875,400,0.0,0.0
2015-07-01 00:00:00+09:00,474.0986578352234,477.40478515625006,473.437432371018,477.40478515625,1400,0.0,0.0
2015-07-02 00:00:00+09:00,476.74377721539787,476.74377721539787,462.85803613145424,475.42132568359375,5900,0.0,0.0
2015-07-03 00:00:00+09:00,474.75991592407223,476.0823669433593,474.75991592407223,476.0823669433594,900,0.0,0.0
2015-07-06 00:00:00+09:00,476.0823669433593,476.0823669433593,470.13133735656737,476.0823669433594,2900,0.0,0.0
2015-07-07 00:00:00+09:00,478.7272360846607,478.7272360846607,473.437432371018,477.40478515625,8800,0.0,0.0
2015-07-08 00:00:00+09:00,477.4047642690437,477.4047642690437,471.45373535156256,471.4537353515625,1000,0.0,0.0
2015-07-09 00:00:00+09:00,469.47013865926516,469.47013865926516,439.7149890259314,460.87420654296875,13900,0.0,0.0
2015-07-10 00:00:00+09:00,464.84150890003554,472.77621459960943,464.84150890003554,472.7762145996094,300,0.0,0.0
2015-07-13 00:00:00+09:00,472.1149891246449,472.77621459960943,470.79253817471596,472.7762145996094,1000,0.0,0.0
2015-07-14 00:00:00+09:00,474.7599792480469,477.4048816394009,472.1150768566929,474.7599792480469,2300,0.0,0.0
2015-07-15 00:00:00+09:00,464.84144788347805,473.4373779296875,464.84144788347805,473.4373779296875,3500,0.0,0.0
2015-07-16 00:00:00+09:00,474.0986578352234,477.40478515625006,474.0986578352234,477.40478515625,1200,0.0,0.0
2015-07-17 00:00:00+09:00,477.4047642690437,477.4047642690437,464.18025556353,471.4537353515625,1500,0.0,0.0
2015-07-21 00:00:00+09:00,474.7599792480469,474.7599792480469,474.7599792480469,474.7599792480469,700,0.0,0.0
2015-07-22 00:00:00+09:00,474.7599792480469,474.7599792480469,474.7599792480469,474.7599792480469,300,0.0,0.0
2015-07-23 00:00:00+09:00,474.7599792480469,474.7599792480469,474.7599792480469,474.7599792480469,300,0.0,0.0
2015-07-24 00:00:00+09:00,472.7763024545314,474.7599792480469,469.47017446533886,474.7599792480469,700,0.0,0.0
2015-07-27 00:00:00+09:00,475.42111649946736,476.08234197443187,466.1639598499645,472.7762145996094,800,0.0,0.0
2015-07-28 00:00:00+09:00,472.77627923515405,475.42118149660945,470.7926025390625,470.7926025390625,300,0.0,0.0
2015-07-29 00:00:00+09:00,473.4374116573896,473.4374116573896,471.45373535156256,471.4537353515625,200,0.0,0.0
2015-07-30 00:00:00+09:00,471.4538561823655,472.1150817871093,471.4538561823655,472.1150817871094,500,0.0,0.0
2015-07-31 00:00:00+09:00,473.437432371018,477.40478515625006,473.437432371018,477.40478515625,500,0.0,0.0
2015-08-03 00:00:00+09:00,478.06601062045536,478.06601062045536,473.437432371018,477.40478515625,600,0.0,0.0
2015-08-04 00:00:00+09:00,477.40481796264646,477.40481796264646,473.43746490478514,476.0823669433594,1200,0.0,0.0
2015-08-05 00:00:00+09:00,476.0824572262916,476.7436828613281,468.80897524088994,476.7436828613281,900,0.0,0.0
2015-08-06 00:00:00+09:00,476.7436560415624,476.7436560415624,474.7599792480469,474.7599792480469,400,0.0,0.0
2015-08-07 00:00:00+09:00,474.75991989356885,474.75991989356885,453.60070340806163,456.24560546875,8000,0.0,0.0
2015-08-10 00:00:00+09:00,454.92312956204375,456.24558052007296,452.93945312499994,452.939453125,1500,0.0,0.0
2015-08-11 00:00:00+09:00,453.60067860401455,456.90680599908757,452.93945312499994,452.939453125,2000,0.0,0.0
2015-08-12 00:00:00+09:00,450.9558778929041,452.278329147722,445.6660728736325,447.6497497558594,2400,0.0,0.0
2015-08-13 00:00:00+09:00,459.5518826131008,459.5518826131008,454.9233025004509,458.22943115234375,1100,0.0,0.0
2015-08-14 00:00:00+09:00,458.22938505132146,466.16409301757807,458.22938505132146,466.1640930175781,1700,0.0,0.0
2015-08-17 00:00:00+09:00,467.48644671372966,469.4701232910157,467.48644671372966,469.4701232910156,800,0.0,0.0
2015-08-18 00:00:00+09:00,469.47015501380133,469.47015501380133,468.8089294433594,468.8089294433594,300,0.0,0.0
2015-08-19 00:00:00+09:00,470.13138179455774,470.792607366702,466.8252539338365,468.147705078125,800,0.0,0.0
2015-08-20 00:00:00+09:00,470.7925240652902,470.7925240652902,462.8578186035156,462.8578186035156,600,0.0,0.0
2015-08-21 00:00:00+09:00,464.18026951381137,464.18026951381137,462.8578186035156,462.8578186035156,200,0.0,0.0
2015-08-24 00:00:00+09:00,456.2456415349787,456.2456415349787,436.40887451171875,436.40887451171875,3900,0.0,0.0
2015-08-25 00:00:00+09:00,443.0211714294059,446.98852520340057,429.79665884942364,431.1191101074219,11800,0.0,0.0
2015-08-26 00:00:00+09:00,437.73131259969375,443.6823425292968,437.73131259969375,443.6823425292969,9800,0.0,0.0
2015-08-27 00:00:00+09:00,456.9069357030532,456.9069357030532,449.6334533691406,449.6334533691406,400,0.0,0.0
2015-08-28 00:00:00+09:00,443.0211450086483,449.6334009042998,443.0211450086483,445.00482177734375,600,0.0,0.0
2015-08-31 00:00:00+09:00,456.2456371822274,456.2456371822274,455.58441162109375,455.58441162109375,300,0.0,0.0
2015-09-01 00:00:00+09:00,448.97214691116625,448.97214691116625,443.6823425292968,443.6823425292969,200,0.0,0.0
2015-09-02 00:00:00+09:00,443.020978256992,443.020978256992,419.2168659924372,434.425048828125,9000,0.0,0.0
2015-09-03 00:00:00+09:00,433.7640459735577,433.7640459735577,417.8946296574519,429.79669189453125,11100,0.0,0.0
2015-09-04 00:00:00+09:00,433.763919135633,433.763919135633,410.6210271085794,413.9271545410156,4600,0.0,0.0
2015-09-07 00:00:00+09:00,427.1516440255301,427.1516440255301,425.8291931152344,425.8291931152344,4100,0.0,0.0
2015-09-08 00:00:00+09:00,429.135387916147,429.135387916147,422.5231323242187,422.52313232421875,200,0.0,0.0
2015-09-09 00:00:00+09:00,420.53951511383053,427.8129972934723,417.89461250305175,423.1844177246094,12700,0.0,0.0
2015-09-10 00:00:00+09:00,409.9598365121333,420.53944519631733,409.9598365121333,411.28228759765625,17100,0.0,0.0
2015-09-11 00:00:00+09:00,409.95990467071533,423.1844177246094,409.95990467071533,423.1844177246094,13700,0.0,0.0
2015-09-14 00:00:00+09:00,423.18430679563494,423.18430679563494,415.2496010432167,416.5720520019531,3200,0.0,0.0
2015-09-15 00:00:00+09:00,415.24970989227296,425.82932033538816,415.24970989227296,423.1844177246094,3100,0.0,0.0
2015-09-16 00:00:00+09:00,421.8619384765625,422.52316408545994,421.8619384765625,421.8619384765625,600,0.0,0.0
2015-09-17 00:00:00+09:00,415.2496763143347,425.1680603027344,413.9272251158814,425.1680603027344,2800,0.0,0.0
2015-09-18 00:00:00+09:00,423.18439852416805,423.18439852416805,412.6047885610638,417.2333679199219,1900,0.0,0.0
2015-09-24 00:00:00+09:00,421.2006588706488,421.2006588706488,417.2333057258703,417.89453125,1800,0.0,0.0
2015-09-25 00:00:00+09:00,419.8782653808594,419.8782653808594,419.8782653808594,419.8782653808594,100,0.0,0.0
2015-09-28 00:00:00+09:00,423.2373604774475,433.31444048881525,421.8937498092651,429.9554138183594,3100,10.0,0.0
2015-09-29 00:00:00+09:00,429.9553615929027,429.9553615929027,421.2218933105468,421.2218933105469,7200,0.0,0.0
2015-09-30 00:00:00+09:00,423.23724365234375,423.9090488009983,423.23724365234375,423.23724365234375,2900,0.0,0.0
2015-10-01 00:00:00+09:00,422.5654467069186,422.5654467069186,417.8628105750451,419.2064208984375,1800,0.0,0.0
2015-10-02 00:00:00+09:00,420.5500747279117,420.5500747279117,403.75494394804304,408.45758056640625,6200,0.0,0.0
2015-10-05 00:00:00+09:00,406.4420953338975,409.80112091516935,406.4420953338975,407.78570556640625,7100,0.0,0.0
2015-10-06 00:00:00+09:00,409.80113864140753,416.51919009454537,409.12933349609375,409.12933349609375,4100,0.0,0.0
2015-10-07 00:00:00+09:00,413.1601738581974,423.23725126937296,411.81656353670735,414.5037841796875,17600,0.0,0.0
2015-10-08 00:00:00+09:00,415.1756065219056,416.51921689899916,408.45755463643786,411.144775390625,5600,0.0,0.0
2015-10-09 00:00:00+09:00,411.14475368481084,422.5654412871667,411.14475368481084,411.8165588378906,9300,0.0,0.0
2015-10-13 00:00:00+09:00,411.8165588378906,415.1755846032894,411.14475368481084,411.8165588378906,8600,0.0,0.0
2015-10-14 00:00:00+09:00,411.81657640410634,414.50379713104996,409.80116085889864,413.1601867675781,6000,0.0,0.0
2015-10-15 00:00:00+09:00,407.11394425934435,413.1601909562653,407.11394425934435,411.144775390625,8400,0.0,0.0
2015-10-16 00:00:00+09:00,411.14475368481084,414.50377945020966,411.14475368481084,411.8165588378906,10100,0.0,0.0
2015-10-19 00:00:00+09:00,413.16016914405014,413.16016914405014,411.8165588378906,411.8165588378906,2000,0.0,0.0
2015-10-20 00:00:00+09:00,411.8165805791717,415.8474117104524,410.4729702020782,411.144775390625,1200,0.0,0.0
2015-10-21 00:00:00+09:00,413.1602129889923,415.8474338864817,413.1602129889923,415.1756286621094,3200,0.0,0.0
2015-10-22 00:00:00+09:00,414.5037841796875,414.5037841796875,414.5037841796875,414.5037841796875,100,0.0,0.0
2015-10-23 00:00:00+09:00,416.51921267625767,416.51921267625767,409.80116085889864,413.1601867675781,8900,0.0,0.0
2015-10-26 00:00:00+09:00,413.1601867675781,416.51921267625767,413.1601867675781,413.1601867675781,5300,0.0,0.0
2015-10-27 00:00:00+09:00,413.1601738581974,417.19100482266765,413.1601738581974,414.5037841796875,7800,0.0,0.0
2015-10-28 00:00:00+09:00,415.17553327624927,423.2371941165648,413.16011806617036,417.1909484863281,7000,0.0,0.0
2015-10-29 00:00:00+09:00,417.1909484863281,420.5499738364596,417.1909484863281,417.1909484863281,2100,0.0,0.0
2015-10-30 00:00:00+09:00,417.8628670481023,421.89369856303574,417.1910617956134,421.2218933105469,2300,0.0,0.0
2015-11-02 00:00:00+09:00,421.221783984375,434.657885546875,419.878173828125,419.878173828125,4800,0.0,0.0
2015-11-04 00:00:00+09:00,422.565394140625,422.565394140625,413.831928125,419.878173828125,3000,0.0,0.0
2015-11-05 00:00:00+09:00,419.87818661317783,423.90901720466434,417.8627713174346,418.5345764160156,1600,0.0,0.0
2015-11-06 00:00:00+09:00,418.53460761176217,423.23724365234375,417.1909973144531,423.23724365234375,1900,0.0,0.0
2015-11-09 00:00:00+09:00,415.1755509231102,418.5345764160156,406.4420846415561,418.5345764160156,7700,0.0,0.0
2015-11-10 00:00:00+09:00,418.53466358092373,419.87827405790904,415.8474426269531,415.8474426269531,700,0.0,0.0
2015-11-11 00:00:00+09:00,419.878173828125,422.565394140625,419.20636875,419.878173828125,7400,0.0,0.0
2015-11-12 00:00:00+09:00,419.8782568688249,429.28352982268655,419.20645165783475,423.9090881347656,19700,0.0,0.0
2015-11-13 00:00:00+09:00,423.2372960504496,438.6888163824501,421.22188035497123,427.26812744140625,17100,0.0,0.0
2015-11-16 00:00:00+09:00,423.2372612289235,425.9244819351389,419.87823534615427,424.58087158203125,5000,0.0,0.0
2015-11-17 00:00:00+09:00,424.5809281957431,426.5963439941406,419.8782913328156,426.5963439941406,6600,0.0,0.0
2015-11-18 00:00:00+09:00,426.59633959348673,428.6117553710938,423.9091185566774,428.61175537109375,5700,0.0,0.0
2015-11-19 00:00:00+09:00,426.5963439941406,430.6271755909356,426.5963439941406,426.5963439941406,9800,0.0,0.0
2015-11-20 00:00:00+09:00,426.59624453825813,430.62707519531256,426.59624453825813,430.6270751953125,2300,0.0,0.0
2015-11-24 00:00:00+09:00,430.62721915245055,432.6426351547241,425.9245818138122,429.9554138183594,11400,0.0,0.0
2015-11-25 00:00:00+09:00,431.9706872838144,444.06317930731154,429.9552719465649,440.0323486328125,17900,0.0,0.0
2015-11-26 00:00:00+09:00,436.67327506984,450.1093758412197,436.67327506984,438.6886901855469,12800,0.0,0.0
2015-11-27 00:00:00+09:00,438.68874325556897,442.7195739746094,434.6579125365285,442.7195739746094,8400,0.0,0.0
2015-11-30 00:00:00+09:00,442.71956908247853,447.4222048693941,438.6887384079795,440.0323486328125,9300,0.0,0.0
2015-12-01 00:00:00+09:00,444.0630743064474,444.0630743064474,440.0322445850576,441.3758544921875,5700,0.0,0.0
2015-12-02 00:00:00+09:00,441.37605927756465,446.07869613440323,440.0324487470393,445.4068908691406,2100,0.0,0.0
2015-12-03 00:00:00+09:00,445.40683399547225,445.40683399547225,443.39141845703125,443.39141845703125,3400,0.0,0.0
2015-12-04 00:00:00+09:00,437.3451330158888,443.39137909444946,437.3451330158888,442.7195739746094,2800,0.0,0.0
2015-12-07 00:00:00+09:00,442.7195204169608,442.7195204169608,438.68869018554693,438.6886901855469,7000,0.0,0.0
2015-12-08 00:00:00+09:00,441.37591033982284,446.7503506483747,438.0168851469779,438.6886901855469,3300,0.0,0.0
2015-12-09 00:00:00+09:00,439.36058644392176,440.70419680001936,433.3143398414825,433.98614501953125,2000,0.0,0.0
2015-12-10 00:00:00+09:00,433.98614501953125,438.0169760878241,430.6271191292872,433.98614501953125,1700,0.0,0.0
2015-12-11 00:00:00+09:00,433.98619725514044,438.01702880859375,433.98619725514044,438.01702880859375,1300,0.0,0.0
2015-12-14 00:00:00+09:00,436.6734316337905,436.6734316337905,426.59635244224154,431.9707946777344,6600,0.0,0.0
2015-12-15 00:00:00+09:00,430.62721915245055,437.3452724933624,429.9554138183594,429.9554138183594,15800,0.0,0.0
2015-12-16 00:00:00+09:00,433.98621051604414,436.6734316337905,431.9707946777343,431.9707946777344,3100,0.0,0.0
2015-12-17 00:00:00+09:00,436.00151208913104,436.00151208913104,431.97068146889256,432.6424865722656,1400,0.0,0.0
2015-12-18 00:00:00+09:00,448.09412138421277,448.09412138421277,429.28357355998793,431.9707946777344,13400,0.0,0.0
2015-12-21 00:00:00+09:00,429.28360848426814,432.6426351547241,427.2681924819946,429.9554138183594,4300,0.0,0.0
2015-12-22 00:00:00+09:00,427.268045745281,432.6424865722656,427.268045745281,432.6424865722656,1600,0.0,0.0
2015-12-24 00:00:00+09:00,432.6426351547241,433.31444048881525,427.2681924819946,429.9554138183594,1900,0.0,0.0
2015-12-25 00:00:00+09:00,429.9554138183594,429.9554138183594,429.9554138183594,429.9554138183594,0,0.0,0.0
2015-12-28 00:00:00+09:00,427.26805149689886,440.0323486328125,427.26805149689886,440.0323486328125,1100,0.0,0.0
2015-12-29 00:00:00+09:00,440.7041795674923,444.06320532639086,437.34515380859375,437.34515380859375,2700,0.0,0.0
2015-12-30 00:00:00+09:00,440.70424984422925,440.70424984422925,436.00161303186707,438.01702880859375,2400,0.0,0.0
2016-01-04 00:00:00+09:00,437.34517090977533,438.0169760878241,433.98614501953125,433.98614501953125,3100,0.0,0.0
2016-01-05 00:00:00+09:00,433.3143398414825,436.0015605536777,433.3143398414825,433.98614501953125,1000,0.0,0.0
2016-01-06 00:00:00+09:00,434.65805115699766,436.6734671592712,423.2373604774475,429.9554138183594,6200,0.0,0.0
2016-01-07 00:00:00+09:00,425.25261445312503,425.25261445312503,418.534563671875,419.878173828125,9300,0.0,0.0
2016-01-08 00:00:00+09:00,417.8628099834127,419.2064203049028,411.81656353670735,414.5037841796875,2700,0.0,0.0
2016-01-12 00:00:00+09:00,423.2373637049651,423.2373637049651,406.4422302246094,406.4422302246094,3600,0.0,0.0
2016-01-13 00:00:00+09:00,409.8011433786513,413.8319742971299,409.8011433786513,411.8165588378906,9800,0.0,0.0
2016-01-14 00:00:00+09:00,411.8165805791717,411.8165805791717,407.11394425934435,411.144775390625,10900,0.0,0.0
2016-01-15 00:00:00+09:00,422.5654950118797,422.5654950118797,409.1293902420266,415.8474426269531,10700,0.0,0.0
2016-01-18 00:00:00+09:00,409.12937276871475,409.80117797851557,409.12937276871475,409.8011779785156,1300,0.0,0.0
2016-01-19 00:00:00+09:00,409.12933349609375,409.12933349609375,409.12933349609375,409.12933349609375,200,0.0,0.0
2016-01-20 00:00:00+09:00,409.129315798915,409.129315798915,407.78570556640625,407.78570556640625,1600,0.0,0.0
2016-01-21 00:00:00+09:00,407.11390443511357,409.80112492643445,405.7702941894531,405.7702941894531,2200,0.0,0.0
2016-01-22 00:00:00+09:00,403.0831516883608,403.0831516883608,378.2263573342452,402.4113464355469,5100,0.0,0.0
2016-01-25 00:00:00+09:00,403.0831256316076,405.7703464691516,399.0522943752915,405.0985412597656,9900,0.0,0.0
2016-01-26 00:00:00+09:00,395.0213977710621,401.7394487535631,395.0213977710621,397.7086181640625,1000,0.0,0.0
2016-01-27 00:00:00+09:00,397.7087228548729,398.3805281299656,393.6778912043168,396.3651123046875,3200,0.0,0.0
2016-01-28 00:00:00+09:00,395.69330702959485,397.0369175797802,395.69330702959485,396.3651123046875,700,0.0,0.0
2016-01-29 00:00:00+09:00,395.69317626953125,395.69317626953125,395.69317626953125,395.69317626953125,400,0.0,0.0
2016-02-01 00:00:00+09:00,399.7241297984283,415.1756507822331,399.7241297984283,400.39593505859375,7000,0.0,0.0
2016-02-02 00:00:00+09:00,403.08315609925546,403.75496135942086,400.39593505859375,400.39593505859375,1000,0.0,0.0
2016-02-03 00:00:00+09:00,397.7086398516814,397.7086398516814,395.69322444702766,397.0368347167969,2100,0.0,0.0
2016-02-04 00:00:00+09:00,397.03689133288304,397.70869656356473,393.67786517947457,394.34967041015625,1100,0.0,0.0
2016-02-05 00:00:00+09:00,394.3496263641672,396.365041831105,390.9906005859375,390.9906005859375,1700,0.0,0.0
2016-02-08 00:00:00+09:00,390.9905408979069,398.380396481888,390.9905408979069,395.69317626953125,4900,0.0,0.0
2016-02-09 00:00:00+09:00,395.69322366583833,395.69322366583833,390.99058773093026,392.3341979980469,2200,0.0,0.0
2016-02-10 00:00:00+09:00,388.9752461642505,388.9752461642505,369.49289359298405,376.88275146484375,2800,0.0,0.0
2016-02-12 00:00:00+09:00,368.8210209808638,368.8210209808638,354.713113074492,355.3849182128906,2800,0.0,0.0
2016-02-15 00:00:00+09:00,372.8518659613106,372.8518659613106,356.7285420278485,358.74395751953125,6000,0.0,0.0
2016-02-16 00:00:00+09:00,359.4157591988059,365.4620056152344,359.4157591988059,365.4620056152344,9500,0.0,0.0
2016-02-17 00:00:00+09:00,364.1183768299138,365.46198707651865,359.4157409667969,359.4157409667969,1400,0.0,0.0
2016-02-18 00:00:00+09:00,362.7747497558594,362.7747497558594,362.7747497558594,362.7747497558594,600,0.0,0.0
2016-02-19 00:00:00+09:00,362.7747932065375,362.7747932065375,361.4311828613281,361.4311828613281,600,0.0,0.0
2016-02-22 00:00:00+09:00,361.4311532396789,369.4928146502294,361.4311532396789,366.1337890625,2600,0.0,0.0
2016-02-23 00:00:00+09:00,360.75927734375,360.75927734375,360.75927734375,360.75927734375,200,0.0,0.0
2016-02-24 00:00:00+09:00,360.0875460900993,362.774766583309,359.4157409667969,359.4157409667969,900,0.0,0.0
2016-02-25 00:00:00+09:00,358.0722177509085,358.0722177509085,356.0568018911473,356.7286071777344,2800,0.0,0.0
2016-02-26 00:00:00+09:00,356.72855491925003,357.4003601074219,356.72855491925003,357.4003601074219,200,0.0,0.0
2016-02-29 00:00:00+09:00,358.74394870206964,359.4157538494518,358.0721435546875,358.0721435546875,500,0.0,0.0
2016-03-01 00:00:00+09:00,357.4003336280866,357.4003336280866,355.3849182128906,355.3849182128906,3200,0.0,0.0
2016-03-02 00:00:00+09:00,359.4157193312004,366.133770159821,358.74391424833834,360.0875244140625,4500,0.0,0.0
2016-03-03 00:00:00+09:00,360.08747235800746,362.7746923009777,358.0720574007798,360.75927734375,6100,0.0,0.0
2016-03-04 00:00:00+09:00,359.41574577940196,362.10296630859375,359.41574577940196,362.10296630859375,5700,0.0,0.0
2016-03-07 00:00:00+09:00,360.7593218250908,366.1337623736955,360.7593218250908,364.11834716796875,15400,0.0,0.0
2016-03-08 00:00:00+09:00,366.8056945800781,367.47749988150684,362.77486277150587,366.8056945800781,1700,0.0,0.0
2016-03-09 00:00:00+09:00,365.4620138969563,365.4620138969563,361.4311828613281,361.4311828613281,2800,0.0,0.0
2016-03-10 00:00:00+09:00,365.4620138969563,368.8210397599798,361.4311828613281,361.4311828613281,1200,0.0,0.0
2016-03-11 00:00:00+09:00,362.7747586121621,367.4773943719494,362.7747586121621,363.4465637207031,2600,0.0,0.0
2016-03-14 00:00:00+09:00,364.1183737098624,373.5236453555046,362.7747634747707,366.1337890625,10000,0.0,0.0
2016-03-15 00:00:00+09:00,364.1183737098624,370.8364248853211,362.7747634747707,366.1337890625,11700,0.0,0.0
2016-03-16 00:00:00+09:00,370.1646859697301,376.2109331089816,366.13385454356245,373.5237121582031,6700,0.0,0.0
2016-03-17 00:00:00+09:00,373.5236858347225,373.5236858347225,371.5082702636719,371.5082702636719,200,0.0,0.0
2016-03-18 00:00:00+09:00,371.508279022327,372.1800842285156,370.1646686099497,372.1800842285156,2200,0.0,0.0
2016-03-22 00:00:00+09:00,374.8673095703125,376.21091999887994,373.5236991417451,374.8673095703125,2700,0.0,0.0
2016-03-23 00:00:00+09:00,373.5236946408929,373.5236946408929,370.1646686099497,372.1800842285156,2100,0.0,0.0
2016-03-24 00:00:00+09:00,365.46205788352273,369.4928894042969,362.7748368696733,369.4928894042969,6300,0.0,0.0
2016-03-25 00:00:00+09:00,364.11840155254555,382.25714111328125,362.7747912147133,382.25714111328125,7400,0.0,0.0
2016-03-28 00:00:00+09:00,380.91355693256935,384.2725830078125,380.91355693256935,384.2725830078125,1400,0.0,0.0
2016-03-29 00:00:00+09:00,389.7426191057478,391.1101370675223,382.905029296875,382.905029296875,14500,10.0,0.0
2016-03-30 00:00:00+09:00,389.7426191057478,389.7426191057478,381.5375113351005,382.905029296875,3200,0.0,0.0
2016-03-31 00:00:00+09:00,376.0674644114723,382.9050546734991,376.0674644114723,381.53753662109375,4000,0.0,0.0
2016-04-01 00:00:00+09:00,374.6999228461671,376.067440812759,365.8110560633201,371.2811279296875,7800,0.0,0.0
2016-04-04 00:00:00+09:00,369.2298171769327,371.96485285972483,362.3922279699525,366.4947814941406,6200,0.0,0.0
2016-04-05 00:00:00+09:00,366.4947814941406,369.2298171769327,366.4947814941406,366.4947814941406,3600,0.0,0.0
2016-04-06 00:00:00+09:00,365.81104568736225,368.5460815429687,365.81104568736225,368.54608154296875,1500,0.0,0.0
2016-04-07 00:00:00+09:00,375.38368406614853,375.38368406614853,367.8623352050781,367.8623352050781,4500,0.0,0.0
2016-04-08 00:00:00+09:00,365.81103123656106,372.64862060546875,363.7597544258888,372.64862060546875,7100,0.0,0.0
2016-04-11 00:00:00+09:00,365.81103515624994,365.81103515624994,365.81103515624994,365.81103515625,2300,0.0,0.0
2016-04-12 00:00:00+09:00,369.91361216718826,369.91361216718826,365.81105824296804,367.8623352050781,400,0.0,0.0
2016-04-13 00:00:00+09:00,371.96486364293986,371.96486364293986,367.86230999981916,369.2298278808594,1500,0.0,0.0
2016-04-14 00:00:00+09:00,367.8623330132079,374.6999228461671,367.8623330132079,371.2811279296875,3900,0.0,0.0
2016-04-15 00:00:00+09:00,369.2298278808594,369.2298278808594,369.2298278808594,369.2298278808594,1800,0.0,0.0
2016-04-18 00:00:00+09:00,369.2298278808594,369.2298278808594,368.5460689403393,369.2298278808594,1000,0.0,0.0
2016-04-19 00:00:00+09:00,375.3837229503792,375.3837229503792,373.33244577578694,374.0162048339844,5600,0.0,0.0
2016-04-20 00:00:00+09:00,374.69998668323865,376.0675048828125,374.69998668323865,376.0675048828125,500,0.0,0.0
2016-04-21 00:00:00+09:00,379.4862953241724,379.4862953241724,374.6999816894531,374.6999816894531,6400,0.0,0.0
2016-04-22 00:00:00+09:00,374.6999007515285,378.11869546641475,374.6999007515285,377.4349365234375,1900,0.0,0.0
2016-04-25 00:00:00+09:00,381.53757768110796,381.53757768110796,375.3837457830256,376.0675048828125,1300,0.0,0.0
2016-04-26 00:00:00+09:00,379.48628487346843,430.08445618993085,376.75124858609206,380.1700439453125,29600,0.0,0.0
2016-04-27 00:00:00+09:00,380.1700414994592,384.2725959041296,374.01620989245356,375.38372802734375,5600,0.0,0.0
2016-04-28 00:00:00+09:00,376.0674820085766,376.751241066774,374.0162048339844,374.0162048339844,4600,0.0,0.0
2016-05-02 00:00:00+09:00,367.1785510592991,369.2298278808594,367.1785510592991,369.2298278808594,1000,0.0,0.0
2016-05-06 00:00:00+09:00,370.597429375176,391.7939613136086,370.597429375176,379.4862976074219,3500,0.0,0.0
2016-05-09 00:00:00+09:00,383.5888366699219,386.32387293851315,382.9050776027741,383.5888366699219,9200,0.0,0.0
2016-05-10 00:00:00+09:00,388.37501248691024,389.05877131171115,382.90494188850306,387.6912536621094,3200,0.0,0.0
2016-05-11 00:00:00+09:00,395.8964712653361,395.8964712653361,385.6400859993948,388.3751220703125,1800,0.0,0.0
2016-05-12 00:00:00+09:00,391.11013877555115,399.31524658203125,385.64006690456443,399.31524658203125,3200,0.0,0.0
2016-05-13 00:00:00+09:00,402.7341180833719,403.41787719726557,402.0503589694783,403.4178771972656,5700,0.0,0.0
2016-05-16 00:00:00+09:00,403.4178415934245,403.4178415934245,402.0503234863281,402.0503234863281,900,0.0,0.0
2016-05-17 00:00:00+09:00,403.4178415934245,403.4178415934245,395.2127329508464,402.0503234863281,2400,0.0,0.0
2016-05-18 00:00:00+09:00,410.2553868057704,425.298084321982,404.10155600368387,414.3579406738281,21700,0.0,0.0
2016-05-19 00:00:00+09:00,423.9305654198232,430.76815518465907,400.6827602193813,406.15283203125,20700,0.0,0.0
2016-05-20 00:00:00+09:00,400.682750761821,400.682750761821,390.4263663566549,391.79388427734375,4000,0.0,0.0
2016-05-23 00:00:00+09:00,386.3237771804195,390.42633056640625,384.95625938509056,390.42633056640625,2300,0.0,0.0
2016-05-24 00:00:00+09:00,389.74261474609375,390.42637371933256,389.74261474609375,389.74261474609375,1200,0.0,0.0
2016-05-25 00:00:00+09:00,390.42633056640625,391.1100894640707,389.7425716687418,390.42633056640625,9000,0.0,0.0
2016-05-26 00:00:00+09:00,390.42633056640625,392.47760725939963,390.42633056640625,390.42633056640625,2500,0.0,0.0
2016-05-27 00:00:00+09:00,391.79388427734375,391.79388427734375,391.79388427734375,391.79388427734375,200,0.0,0.0
2016-05-30 00:00:00+09:00,392.47760725939963,392.47760725939963,390.42633056640625,390.42633056640625,1100,0.0,0.0
2016-05-31 00:00:00+09:00,391.7939050776207,397.9477360474263,391.7939050776207,397.26397705078125,1400,0.0,0.0
2016-06-01 00:00:00+09:00,389.74267810841366,398.6315462056231,389.74267810841366,394.52899169921875,7300,0.0,0.0
2016-06-02 00:00:00+09:00,396.58021805413614,397.26397705078125,389.74262808768555,397.26397705078125,9400,0.0,0.0
2016-06-03 00:00:00+09:00,397.26397705078125,397.26397705078125,397.26397705078125,397.26397705078125,1900,0.0,0.0
2016-06-06 00:00:00+09:00,397.26407657610093,397.26407657610093,391.11024406459507,395.2127990722656,3000,0.0,0.0
2016-06-07 00:00:00+09:00,399.31524658203125,404.10155946914466,399.31524658203125,399.31524658203125,5400,0.0,0.0
2016-06-08 00:00:00+09:00,403.41787719726557,403.41787719726557,403.41787719726557,403.4178771972656,900,0.0,0.0
2016-06-09 00:00:00+09:00,397.2640101114909,402.0503234863281,397.2640101114909,402.0503234863281,300,0.0,0.0
2016-06-10 00:00:00+09:00,401.36656443277997,402.0503234863281,401.36656443277997,402.0503234863281,300,0.0,0.0
2016-06-13 00:00:00+09:00,396.58031740815585,396.58031740815585,393.1615215684304,395.2127990722656,2100,0.0,0.0
2016-06-14 00:00:00+09:00,395.2126428500575,395.2126428500575,389.7425716687418,390.42633056640625,2200,0.0,0.0
2016-06-15 00:00:00+09:00,404.10161888082894,404.10161888082894,394.52899169921875,394.52899169921875,5900,0.0,0.0
2016-06-16 00:00:00+09:00,391.11015814123016,391.7939171589596,388.3751220703125,388.3751220703125,3500,0.0,0.0
2016-06-17 00:00:00+09:00,392.4776506390488,392.4776506390488,389.74261474609375,389.74261474609375,300,0.0,0.0
2016-06-20 00:00:00+09:00,389.0588810880419,389.0588810880419,388.3751220703125,388.3751220703125,200,0.0,0.0
2016-06-21 00:00:00+09:00,388.37513727479984,389.7426553637956,384.2725830078125,384.2725830078125,1400,0.0,0.0
2016-06-22 00:00:00+09:00,384.2725855281152,384.2725855281152,380.8537902832031,380.8537902832031,1700,0.0,0.0
2016-06-23 00:00:00+09:00,380.853777594891,382.9050546734991,380.853777594891,381.53753662109375,2000,0.0,0.0
2016-06-24 00:00:00+09:00,381.53757259619493,381.53757259619493,374.6999816894531,374.6999816894531,4000,0.0,0.0
2016-06-27 00:00:00+09:00,374.6999689598986,376.7512461622339,374.6999689598986,375.38372802734375,600,0.0,0.0
2016-06-28 00:00:00+09:00,379.4862976074219,379.4862976074219,379.4862976074219,379.4862976074219,300,0.0,0.0
2016-06-29 00:00:00+09:00,383.5888366699219,383.5888366699219,383.5888366699219,383.5888366699219,100,0.0,0.0
2016-06-30 00:00:00+09:00,387.6913504173132,389.0588684082031,383.58879644464315,389.0588684082031,1300,0.0,0.0
2016-07-01 00:00:00+09:00,384.95628229333965,395.2126663686507,384.95628229333965,392.4776306152344,900,0.0,0.0
2016-07-04 00:00:00+09:00,392.47770680394666,396.58026123046875,389.74267051959856,396.58026123046875,1500,0.0,0.0
2016-07-05 00:00:00+09:00,396.58026123046875,397.94777937264274,396.58026123046875,396.58026123046875,900,0.0,0.0
2016-07-06 00:00:00+09:00,397.2640203015558,397.2640203015558,392.47770680394666,396.58026123046875,3300,0.0,0.0
2016-07-07 00:00:00+09:00,400.68275831791397,400.68275831791397,389.058855772855,389.74261474609375,13400,0.0,0.0
2016-07-08 00:00:00+09:00,390.42638639909313,390.42638639909313,389.0588684082031,389.0588684082031,3800,0.0,0.0
2016-07-11 00:00:00+09:00,389.0588684082031,389.0588684082031,389.0588684082031,389.0588684082031,0,0.0,0.0
2016-07-12 00:00:00+09:00,391.1101886617726,396.58026123046875,391.1101886617726,396.58026123046875,1400,0.0,0.0
2016-07-13 00:00:00+09:00,396.5801407523777,403.41772938603935,393.1613464355468,393.1613464355469,1500,0.0,0.0
2016-07-14 00:00:00+09:00,393.16139729817706,410.25537109375,393.16139729817706,410.25537109375,3200,0.0,0.0
2016-07-15 00:00:00+09:00,427.349297826278,427.349297826278,402.7339782714844,402.7339782714844,2800,0.0,0.0
2016-07-19 00:00:00+09:00,416.4092211788648,416.4092211788648,397.2639696304112,399.31524658203125,2200,0.0,0.0
2016-07-20 00:00:00+09:00,399.3152822032316,400.68280029296875,399.3152822032316,400.68280029296875,300,0.0,0.0
2016-07-21 00:00:00+09:00,397.9477149204434,399.3152328411322,391.79388427734375,391.79388427734375,1500,0.0,0.0
2016-07-22 00:00:00+09:00,392.4776306152344,393.16138955358844,391.7938716768803,392.4776306152344,1900,0.0,0.0
2016-07-25 00:00:00+09:00,392.47758757218065,393.1613464355468,392.47758757218065,393.1613464355469,400,0.0,0.0
2016-07-26 00:00:00+09:00,387.007550426922,387.007550426922,379.4862022737486,386.32379150390625,2900,0.0,0.0
2016-07-27 00:00:00+09:00,386.32379150390625,387.007550426922,386.32379150390625,386.32379150390625,700,0.0,0.0
2016-07-28 00:00:00+09:00,385.6400577958481,385.6400577958481,384.95629882812494,384.956298828125,1400,0.0,0.0
2016-07-29 00:00:00+09:00,386.32380940467647,387.69132731407353,386.32380940467647,387.007568359375,700,0.0,0.0
2016-08-01 00:00:00+09:00,384.9563420523104,384.9563420523104,384.2725830078125,384.2725830078125,500,0.0,0.0
2016-08-02 00:00:00+09:00,384.9563471476237,388.3751424153646,384.9563471476237,385.6401062011719,1000,0.0,0.0
2016-08-03 00:00:00+09:00,385.6401062011719,386.3238652547201,384.27258809407556,385.6401062011719,800,0.0,0.0
2016-08-04 00:00:00+09:00,383.5887882777623,385.6400652204241,380.8537523542132,382.905029296875,3900,0.0,0.0
2016-08-05 00:00:00+09:00,384.2725325405808,391.11012208756625,383.5887735858823,387.007568359375,3400,0.0,0.0
2016-08-08 00:00:00+09:00,387.007550426922,388.3750682729535,383.58875581184316,386.32379150390625,7100,0.0,0.0
2016-08-09 00:00:00+09:00,386.32379150390625,386.32379150390625,383.58875581184316,386.32379150390625,2000,0.0,0.0
2016-08-10 00:00:00+09:00,384.95633175210713,385.6400907783098,376.751223437675,381.53753662109375,5300,0.0,0.0
2016-08-12 00:00:00+09:00,376.0675048828125,378.1187821821733,372.6487093838779,376.0675048828125,6100,0.0,0.0
2016-08-15 00:00:00+09:00,384.2725957370697,384.2725957370697,383.5888366699219,383.5888366699219,3100,0.0,0.0
2016-08-16 00:00:00+09:00,376.7512639825994,380.1700594815341,376.0675048828125,376.0675048828125,2500,0.0,0.0
2016-08-17 00:00:00+09:00,376.7512639825994,376.7512639825994,376.0675048828125,376.0675048828125,700,0.0,0.0
2016-08-18 00:00:00+09:00,376.0675255632226,376.0675255632226,373.3324890136719,373.3324890136719,1600,0.0,0.0
2016-08-19 00:00:00+09:00,372.6486353263784,372.6486353263784,365.81104568736225,368.54608154296875,1900,0.0,0.0
2016-08-22 00:00:00+09:00,372.64859723868847,372.64859723868847,368.54604387459284,370.5973205566406,2300,0.0,0.0
2016-08-23 00:00:00+09:00,370.5973205566406,370.5973205566406,370.5973205566406,370.5973205566406,1000,0.0,0.0
2016-08-24 00:00:00+09:00,370.5974145552282,375.38372802734375,370.5974145552282,375.38372802734375,300,0.0,0.0
2016-08-25 00:00:00+09:00,371.964861668578,372.64862060546875,371.2811027316872,372.64862060546875,1800,0.0,0.0
2016-08-26 00:00:00+09:00,372.64862060546875,372.64862060546875,372.64862060546875,372.64862060546875,2700,0.0,0.0
2016-08-29 00:00:00+09:00,376.0675255632226,379.486321250161,372.6487298762842,373.3324890136719,4000,0.0,0.0
2016-08-30 00:00:00+09:00,373.33246350810475,376.7512589614757,373.33246350810475,374.6999816894531,1700,0.0,0.0
2016-08-31 00:00:00+09:00,374.69988293656417,378.1186774889051,374.69988293656417,376.75115966796875,1300,0.0,0.0
2016-09-01 00:00:00+09:00,376.7512589614757,376.7512589614757,374.6999816894531,374.6999816894531,800,0.0,0.0
2016-09-02 00:00:00+09:00,375.38370777426746,382.2212980798097,375.38370777426746,378.1187438964844,1100,0.0,0.0
2016-09-05 00:00:00+09:00,378.1187164306641,382.905029296875,377.4349574497768,382.905029296875,3700,0.0,0.0
2016-09-06 00:00:00+09:00,382.905029296875,386.3238242013114,382.905029296875,382.905029296875,1400,0.0,0.0
2016-09-07 00:00:00+09:00,380.1699933733259,384.95630623953684,380.1699933733259,382.905029296875,6500,0.0,0.0
2016-09-08 00:00:00+09:00,384.95622676514984,384.95622676514984,382.22119140625,382.22119140625,2500,0.0,0.0
2016-09-09 00:00:00+09:00,382.22123796581167,386.32379150390625,380.16996119676435,386.32379150390625,1600,0.0,0.0
2016-09-12 00:00:00+09:00,379.48623439243863,382.905029296875,379.48623439243863,382.905029296875,2200,0.0,0.0
2016-09-13 00:00:00+09:00,382.9050649188167,384.2725830078125,382.9050649188167,384.2725830078125,700,0.0,0.0
2016-09-14 00:00:00+09:00,383.58880894620654,388.3751220703125,383.58880894620654,388.3751220703125,1200,0.0,0.0
2016-09-15 00:00:00+09:00,392.47764747307946,392.47764747307946,384.95629882812494,384.956298828125,2900,0.0,0.0
2016-09-16 00:00:00+09:00,384.95633175210713,384.95633175210713,381.53753662109375,381.53753662109375,700,0.0,0.0
2016-09-20 00:00:00+09:00,381.537546829821,384.2725830078125,381.537546829821,384.2725830078125,1100,0.0,0.0
2016-09-21 00:00:00+09:00,382.9050649188167,398.63152294226813,382.9050649188167,384.2725830078125,2900,0.0,0.0
2016-09-23 00:00:00+09:00,384.9563420523104,387.00761918580406,384.2725830078125,384.2725830078125,400,0.0,0.0
2016-09-26 00:00:00+09:00,384.2725472586496,386.3238242013114,382.905029296875,382.905029296875,2400,0.0,0.0
2016-09-27 00:00:00+09:00,379.486219857691,387.69132731407353,379.486219857691,387.007568359375,2700,0.0,0.0
2016-09-28 00:00:00+09:00,387.7037048339844,387.7037048339844,387.7037048339844,387.7037048339844,400,10.0,0.0
2016-09-29 00:00:00+09:00,386.3115234375,391.8799778293919,386.3115234375,386.3115234375,500,0.0,0.0
2016-09-30 00:00:00+09:00,384.9194030761719,384.9194030761719,384.9194030761719,384.9194030761719,200,0.0,0.0
2016-10-03 00:00:00+09:00,384.9194030761719,389.09574379670903,384.9194030761719,384.9194030761719,4500,0.0,0.0
2016-10-04 00:00:00+09:00,386.3115420444406,389.79182620700317,386.3115420444406,387.0075988769531,2100,0.0,0.0
2016-10-05 00:00:00+09:00,387.0076055492552,392.57606030535953,387.0076055492552,388.39971923828125,8400,0.0,0.0
2016-10-06 00:00:00+09:00,389.7918276863302,392.57605502694685,389.7918276863302,390.4878845214844,1400,0.0,0.0
2016-10-07 00:00:00+09:00,389.79175983899825,393.9681001229875,382.8311926990161,389.095703125,12600,0.0,0.0
2016-10-11 00:00:00+09:00,389.0957827431815,389.7918395996094,382.83127103533064,389.7918395996094,8400,0.0,0.0
2016-10-12 00:00:00+09:00,387.0075329830054,389.095703125,387.0075329830054,389.095703125,700,0.0,0.0
2016-10-13 00:00:00+09:00,388.39971401602185,393.272111862101,388.39971401602185,390.4878845214844,2100,0.0,0.0
2016-10-14 00:00:00+09:00,393.9681482263514,393.9681482263514,386.3115234375,386.3115234375,8000,0.0,0.0
2016-10-17 00:00:00+09:00,387.70368216223756,392.5760803222656,387.70368216223756,392.5760803222656,400,0.0,0.0
2016-10-18 00:00:00+09:00,389.7918395996094,389.7918395996094,389.7918395996094,389.7918395996094,200,0.0,0.0
2016-10-19 00:00:00+09:00,389.7918056434309,395.3602600097656,389.7918056434309,395.3602600097656,300,0.0,0.0
2016-10-20 00:00:00+09:00,390.48787571833685,398.1445007324219,389.79181889887457,398.1445007324219,2200,0.0,0.0
2016-10-21 00:00:00+09:00,391.18394803577377,391.8800048828125,391.18394803577377,391.8800048828125,400,0.0,0.0
2016-10-24 00:00:00+09:00,393.2721372022697,393.2721372022697,392.5760803222656,392.5760803222656,2100,0.0,0.0
2016-10-25 00:00:00+09:00,392.57606702532087,393.2721238817487,389.7918395996094,389.7918395996094,2100,0.0,0.0
2016-10-26 00:00:00+09:00,389.7918395996094,391.88001016889297,389.7918395996094,389.7918395996094,4800,0.0,0.0
2016-10-27 00:00:00+09:00,389.7918276863302,390.4878845214844,388.39971401602185,390.4878845214844,2400,0.0,0.0
2016-10-28 00:00:00+09:00,392.57603282659824,395.3602600097656,392.57603282659824,395.3602600097656,600,0.0,0.0
2016-10-31 00:00:00+09:00,396.05644025439625,402.3209533691406,391.8800981779,402.3209533691406,1800,0.0,0.0
2016-11-01 00:00:00+09:00,400.232654147678,400.9287109375,397.44842698838977,400.9287109375,5400,0.0,0.0
2016-11-02 00:00:00+09:00,398.84051513671875,398.84051513671875,394.66417466408296,398.84051513671875,1600,0.0,0.0
2016-11-04 00:00:00+09:00,397.44842698838977,400.9287109375,396.75237019856775,400.9287109375,1500,0.0,0.0
2016-11-07 00:00:00+09:00,393.9681531404194,398.144493986431,391.87998271741367,396.75238037109375,9700,0.0,0.0
2016-11-08 00:00:00+09:00,397.4484506002286,401.6247915872713,397.4484506002286,399.53662109375,2000,0.0,0.0
2016-11-09 00:00:00+09:00,399.5366423800323,399.5366423800323,388.3997324879059,391.1839599609375,3900,0.0,0.0
2016-11-10 00:00:00+09:00,393.27203793733014,400.23260498046875,393.27203793733014,400.23260498046875,3700,0.0,0.0
2016-11-11 00:00:00+09:00,400.2326779249238,403.7129620807927,399.53662109375,399.53662109375,2500,0.0,0.0
2016-11-14 00:00:00+09:00,390.48790309267963,392.5760736974533,386.31156188313224,391.1839599609375,34900,0.0,0.0
2016-11-15 00:00:00+09:00,391.88001016889297,392.57606702532087,389.7918395996094,389.7918395996094,12900,0.0,0.0
2016-11-16 00:00:00+09:00,391.18394803577377,395.3602891180062,388.3997206476188,391.8800048828125,10800,0.0,0.0
2016-11-17 00:00:00+09:00,394.6641568369857,394.6641568369857,387.70358969700357,389.095703125,4500,0.0,0.0
2016-11-18 00:00:00+09:00,390.4878845214844,392.57605502694685,389.7918276863302,390.4878845214844,4300,0.0,0.0
2016-11-21 00:00:00+09:00,391.1839413566385,391.1839413566385,389.09577085117604,390.4878845214844,8100,0.0,0.0
2016-11-22 00:00:00+09:00,390.48789118873503,392.5760617298513,389.09577749465757,391.8800048828125,8100,0.0,0.0
2016-11-24 00:00:00+09:00,391.8800048828125,391.8800048828125,389.7918343416963,391.8800048828125,5600,0.0,0.0
2016-11-25 00:00:00+09:00,393.272109613186,403.0169052496189,393.272109613186,399.53662109375,10100,0.0,0.0
2016-11-28 00:00:00+09:00,400.92878502155173,407.1932972875135,400.92878502155173,403.7130126953125,3200,0.0,0.0
2016-11-29 00:00:00+09:00,407.19316930754513,410.67345280590024,403.7128858091901,405.8010559082031,3100,0.0,0.0
2016-11-30 00:00:00+09:00,412.06563813025207,414.84986541491594,410.67352448792013,414.15380859375,4300,0.0,0.0
2016-12-01 00:00:00+09:00,419.02623317332603,419.72229003906244,417.6341194418532,419.7222900390625,2200,0.0,0.0
2016-12-02 00:00:00+09:00,419.72226159047267,419.72226159047267,407.1932388564287,410.67352294921875,1400,0.0,0.0
2016-12-05 00:00:00+09:00,412.0655891598274,413.4577026367187,410.6734756829361,413.45770263671875,3100,0.0,0.0
2016-12-06 00:00:00+09:00,414.15380859375,416.9380358784138,414.15380859375,414.15380859375,2000,0.0,0.0
2016-12-07 00:00:00+09:00,422.5064232357369,422.5064232357369,416.2419128417969,416.2419128417969,6400,0.0,0.0
2016-12-08 00:00:00+09:00,416.2419128417969,422.5064232357369,416.2419128417969,416.2419128417969,1600,0.0,0.0
2016-12-09 00:00:00+09:00,416.2419128417969,416.2419128417969,416.2419128417969,416.2419128417969,1200,0.0,0.0
2016-12-12 00:00:00+09:00,416.2420229394369,419.72230741217464,416.2420229394369,416.9380798339844,4600,0.0,0.0
2016-12-13 00:00:00+09:00,416.93807983398443,420.4183643067222,416.93807983398443,416.9380798339844,1200,0.0,0.0
2016-12-14 00:00:00+09:00,421.11433753086,421.8103942871094,416.93799699336387,421.8103942871094,2800,0.0,0.0
2016-12-15 00:00:00+09:00,423.20250779960804,423.20250779960804,417.6340537496132,421.8103942871094,5900,0.0,0.0
2016-12-16 00:00:00+09:00,421.8104180342315,421.8104180342315,418.33013405705134,420.4183044433594,600,0.0,0.0
2016-12-19 00:00:00+09:00,419.72230741217464,420.4183643067222,416.93807983398443,416.9380798339844,2200,0.0,0.0
2016-12-20 00:00:00+09:00,417.634136728532,417.634136728532,416.2420229394369,416.9380798339844,6900,0.0,0.0
2016-12-21 00:00:00+09:00,416.9380069478353,417.6340637207031,416.9380069478353,417.6340637207031,400,0.0,0.0
2016-12-22 00:00:00+09:00,418.330120493571,419.02617726643876,414.15377985636394,417.6340637207031,11000,0.0,0.0
2016-12-26 00:00:00+09:00,417.634136728532,417.634136728532,416.93807983398443,416.9380798339844,600,0.0,0.0
2016-12-27 00:00:00+09:00,417.634136728532,417.634136728532,416.93807983398443,416.9380798339844,1100,0.0,0.0
2016-12-28 00:00:00+09:00,416.9380625761168,420.4183469047989,416.9380625761168,419.7222900390625,2800,0.0,0.0
2016-12-29 00:00:00+09:00,420.4183044433594,421.1143612387954,420.4183044433594,420.4183044433594,3700,0.0,0.0
2016-12-30 00:00:00+09:00,420.41841445796746,422.5065853907057,420.41841445796746,421.1144714355469,1500,0.0,0.0
2017-01-04 00:00:00+09:00,422.50647482966747,423.2025316251035,417.6340772616153,420.4183044433594,4000,0.0,0.0
2017-01-05 00:00:00+09:00,419.7222795157597,424.5946774537536,419.7222795157597,423.89862060546875,2100,0.0,0.0
2017-01-06 00:00:00+09:00,423.89853599535854,427.3788195421185,423.20247928600656,425.2906494140625,2900,0.0,0.0
2017-01-10 00:00:00+09:00,446.17244407458185,446.17244407458185,429.4670795538487,434.3394775390625,14300,0.0,0.0
2017-01-11 00:00:00+09:00,435.0355343940931,435.0355343940931,434.33947753906256,434.3394775390625,600,0.0,0.0
2017-01-12 00:00:00+09:00,432.94727464927587,438.51572834251414,432.94727464927587,437.8196716308594,2200,0.0,0.0
2017-01-13 00:00:00+09:00,441.2999891689626,441.2999891689626,432.2512512207031,432.2512512207031,3300,0.0,0.0
2017-01-16 00:00:00+09:00,439.90791352640946,439.90791352640946,433.6434020996093,433.6434020996094,1600,0.0,0.0
2017-01-17 00:00:00+09:00,426.6828189315547,432.25127333849184,426.6828189315547,427.3788757324219,3700,0.0,0.0
2017-01-18 00:00:00+09:00,428.07500021798273,430.1631709507534,428.07500021798273,428.77105712890625,2800,0.0,0.0
2017-01-19 00:00:00+09:00,428.7710571289063,428.7710571289063,428.7710571289063,428.77105712890625,300,0.0,0.0
2017-01-20 00:00:00+09:00,428.7710571289063,428.7710571289063,428.7710571289063,428.77105712890625,1700,0.0,0.0
2017-01-23 00:00:00+09:00,428.7710571289063,429.4671140398298,428.7710571289063,428.77105712890625,2500,0.0,0.0
2017-01-24 00:00:00+09:00,431.5551944554524,432.94730798595384,431.5551944554524,432.2512512207031,4300,0.0,0.0
2017-01-25 00:00:00+09:00,436.4276588217726,436.4276588217726,430.16314697265625,430.16314697265625,300,0.0,0.0
2017-01-26 00:00:00+09:00,430.16303189185356,431.5551452636719,430.16303189185356,431.5551452636719,2700,0.0,0.0
2017-01-27 00:00:00+09:00,431.5551452636719,431.5551452636719,431.5551452636719,431.5551452636719,500,0.0,0.0
2017-01-30 00:00:00+09:00,435.03542869321757,435.03542869321757,425.9866917763987,431.5551452636719,1700,0.0,0.0
2017-01-31 00:00:00+09:00,433.6433153213993,433.6433153213993,428.77091852003525,431.5551452636719,2300,0.0,0.0
2017-02-01 00:00:00+09:00,431.5551452636719,431.5551452636719,431.5551452636719,431.5551452636719,200,0.0,0.0
2017-02-02 00:00:00+09:00,431.5551452636719,432.251201949581,430.16303189185356,431.5551452636719,2200,0.0,0.0
2017-02-03 00:00:00+09:00,431.5551452636719,431.5551452636719,429.46697520594444,431.5551452636719,3400,0.0,0.0
2017-02-06 00:00:00+09:00,431.5551944554524,435.03547828170605,429.4670241597002,432.2512512207031,14900,0.0,0.0
2017-02-07 00:00:00+09:00,432.2512512207031,432.2512512207031,432.2512512207031,432.2512512207031,4600,0.0,0.0
2017-02-08 00:00:00+09:00,440.60395474977133,440.60395474977133,428.07493233982524,439.90789794921875,12900,0.0,0.0
2017-02-09 00:00:00+09:00,439.9078605530754,439.9078605530754,434.33940662202383,438.5157470703125,5000,0.0,0.0
2017-02-10 00:00:00+09:00,437.81970716970034,438.5157639378557,433.6433665607684,435.7315368652344,2400,0.0,0.0
2017-02-13 00:00:00+09:00,443.3881819519816,448.9566363564021,435.03550034535084,439.90789794921875,12400,0.0,0.0
2017-02-14 00:00:00+09:00,449.65264892578125,449.65264892578125,446.172365265365,449.65264892578125,27700,0.0,0.0
2017-02-15 00:00:00+09:00,460.09362350486674,465.6620788574219,459.39756658579734,465.6620788574219,14400,0.0,0.0
2017-02-16 00:00:00+09:00,470.5344772909076,470.5344772909076,459.39756658579734,465.6620788574219,4400,0.0,0.0
2017-02-17 00:00:00+09:00,471.9265588967197,471.9265588967197,459.3975352091962,462.1817626953125,4200,0.0,0.0
2017-02-20 00:00:00+09:00,469.14230722421644,469.14230722421644,460.7896251964856,463.5738525390625,4500,0.0,0.0
2017-02-21 00:00:00+09:00,468.4462771090273,470.5344477350705,468.4462771090273,469.142333984375,3200,0.0,0.0
2017-02-22 00:00:00+09:00,473.31854946102914,474.7106628417969,473.31854946102914,474.7106628417969,7100,0.0,0.0
2017-02-23 00:00:00+09:00,476.1027597143768,477.494873046875,476.1027597143768,477.494873046875,3300,0.0,0.0
2017-02-24 00:00:00+09:00,477.4949561050258,477.4949561050258,472.62255859375,472.62255859375,300,0.0,0.0
2017-02-27 00:00:00+09:00,477.4948966043038,481.67123680783993,476.10278320312506,476.102783203125,7500,0.0,0.0
2017-02-28 00:00:00+09:00,478.88706802632765,481.6712951660156,478.88706802632765,481.6712951660156,900,0.0,0.0
2017-03-01 00:00:00+09:00,481.67121304436955,481.67121304436955,477.494873046875,477.494873046875,800,0.0,0.0
2017-03-02 00:00:00+09:00,480.27907615484196,483.0633026832758,478.886962890625,478.886962890625,2700,0.0,0.0
2017-03-03 00:00:00+09:00,478.1909062585165,478.886962890625,478.1909062585165,478.886962890625,1500,0.0,0.0
2017-03-06 00:00:00+09:00,478.88709168365034,480.2792053222656,478.88709168365034,480.2792053222656,800,0.0,0.0
2017-03-07 00:00:00+09:00,480.27907615484196,480.27907615484196,478.886962890625,478.886962890625,5300,0.0,0.0
2017-03-08 00:00:00+09:00,478.886962890625,478.886962890625,473.3185098337573,478.886962890625,1700,0.0,0.0
2017-03-09 00:00:00+09:00,478.886962890625,478.886962890625,473.3185098337573,478.886962890625,2300,0.0,0.0
2017-03-10 00:00:00+09:00,478.88709168365034,480.2792053222656,478.88709168365034,480.2792053222656,1700,0.0,0.0
2017-03-13 00:00:00+09:00,480.2791934420507,480.9752502441407,480.2791934420507,480.9752502441406,400,0.0,0.0
2017-03-14 00:00:00+09:00,480.97522833968986,485.8476257324219,480.97522833968986,485.8476257324219,1000,0.0,0.0
2017-03-15 00:00:00+09:00,487.2397392732025,487.2397392732025,485.8476257324219,485.8476257324219,4700,0.0,0.0
2017-03-16 00:00:00+09:00,485.8476070365742,485.8476070365742,474.0146423952823,485.15155029296875,1800,0.0,0.0
2017-03-17 00:00:00+09:00,485.1515502929688,485.1515502929688,474.71069913888766,485.15155029296875,4800,0.0,0.0
2017-03-21 00:00:00+09:00,485.1515502929688,485.1515502929688,485.1515502929688,485.15155029296875,1200,0.0,0.0
2017-03-22 00:00:00+09:00,480.97526214157324,480.97526214157324,479.58314850295795,480.2792053222656,1800,0.0,0.0
2017-03-23 00:00:00+09:00,480.2792053222656,480.2792053222656,480.2792053222656,480.2792053222656,0,0.0,0.0
2017-03-24 00:00:00+09:00,478.1910348643427,480.97526214157324,478.1910348643427,480.2792053222656,1100,0.0,0.0
2017-03-27 00:00:00+09:00,479.58314850295795,480.2792053222656,479.58314850295795,480.2792053222656,700,0.0,0.0
2017-03-28 00:00:00+09:00,480.27915308773095,485.1515502929688,480.27915308773095,485.15155029296875,2400,0.0,0.0
2017-03-29 00:00:00+09:00,491.5073689357921,491.5073689357921,478.08978271484375,478.08978271484375,1500,10.0,0.0
2017-03-30 00:00:00+09:00,478.08978271484375,478.08978271484375,478.08978271484375,478.08978271484375,0,0.0,0.0
2017-03-31 00:00:00+09:00,464.6720596403765,477.3834533691406,464.6720596403765,477.3834533691406,4300,0.0,0.0
2017-04-03 00:00:00+09:00,475.2648621530244,475.2648621530244,466.08441162109375,466.08441162109375,700,0.0,0.0
2017-04-04 00:00:00+09:00,473.14649558929074,475.2650619874517,467.49698519419474,468.90936279296875,3500,0.0,0.0
2017-04-05 00:00:00+09:00,468.2031739935817,468.9093627929687,468.2031739935817,468.90936279296875,5400,0.0,0.0
2017-04-06 00:00:00+09:00,468.90913955479454,468.90913955479454,463.96582031250006,463.9658203125,500,0.0,0.0
2017-04-07 00:00:00+09:00,459.0226426235465,459.72883130450583,453.3731331758721,455.49169921875,5000,0.0,0.0
2017-04-10 00:00:00+09:00,460.4350094656058,460.4350094656058,459.72882080078125,459.72882080078125,200,0.0,0.0
2017-04-11 00:00:00+09:00,452.6669444949128,455.49169921875,452.6669444949128,455.49169921875,2900,0.0,0.0
2017-04-12 00:00:00+09:00,455.49165508490455,455.49165508490455,452.6669006347656,452.6669006347656,1500,0.0,0.0
2017-04-13 00:00:00+09:00,452.66687892395777,457.6101989746094,452.66687892395777,457.6101989746094,2100,0.0,0.0
2017-04-14 00:00:00+09:00,464.67212261493387,464.67212261493387,459.0226135253906,459.0226135253906,3500,0.0,0.0
2017-04-17 00:00:00+09:00,459.0226135253906,459.0226135253906,459.0226135253906,459.0226135253906,500,0.0,0.0
2017-04-18 00:00:00+09:00,459.7286895333904,463.96582031250006,459.7286895333904,463.9658203125,200,0.0,0.0
2017-04-19 00:00:00+09:00,463.96582031250006,463.96582031250006,463.96582031250006,463.9658203125,100,0.0,0.0
2017-04-20 00:00:00+09:00,464.67200877568496,464.67200877568496,463.96582031250006,463.9658203125,300,0.0,0.0
2017-04-21 00:00:00+09:00,463.96582031250006,463.96582031250006,463.96582031250006,463.9658203125,200,0.0,0.0
2017-04-24 00:00:00+09:00,466.08441162109375,466.08441162109375,465.37822311863755,466.08441162109375,1400,0.0,0.0
2017-04-25 00:00:00+09:00,464.67203461618135,467.49678862600615,464.67203461618135,466.08441162109375,3500,0.0,0.0
2017-04-26 00:00:00+09:00,461.84728060635655,466.08441162109375,461.84728060635655,466.08441162109375,1900,0.0,0.0
2017-04-27 00:00:00+09:00,466.0843857020548,466.0843857020548,463.96582031250006,463.9658203125,1000,0.0,0.0
2017-04-28 00:00:00+09:00,466.0843857020548,467.4967626284247,463.96582031250006,463.9658203125,5500,0.0,0.0
2017-05-01 00:00:00+09:00,463.96582031250006,463.96582031250006,463.96582031250006,463.9658203125,100,0.0,0.0
2017-05-02 00:00:00+09:00,466.0845588235294,469.6155024509804,465.3783700980392,468.203125,2800,0.0,0.0
2017-05-08 00:00:00+09:00,474.55869920719306,477.3834533691406,468.203002342811,477.3834533691406,21400,0.0,0.0
2017-05-09 00:00:00+09:00,477.3834533691406,477.3834533691406,477.3834533691406,477.3834533691406,300,0.0,0.0
2017-05-10 00:00:00+09:00,477.3835529645749,482.3268737792968,477.3835529645749,482.3268737792969,3900,0.0,0.0
2017-05-11 00:00:00+09:00,485.15155029296875,487.2701160147721,485.15155029296875,485.15155029296875,1100,0.0,0.0
2017-05-12 00:00:00+09:00,499.2754617449881,499.2754617449881,475.97123227174256,491.50738525390625,4400,0.0,0.0
2017-05-15 00:00:00+09:00,498.5691906030627,498.5691906030627,482.32685153242466,487.2701721191406,13900,0.0,0.0
2017-05-16 00:00:00+09:00,487.2701721191406,487.2701721191406,487.2701721191406,487.2701721191406,1900,0.0,0.0
2017-05-17 00:00:00+09:00,491.50730405061137,492.91968136110165,487.2701721191406,487.2701721191406,4000,0.0,0.0
2017-05-18 00:00:00+09:00,487.270168533981,493.6258663844242,486.5639798839317,492.919677734375,3100,0.0,0.0
2017-05-19 00:00:00+09:00,525.4044637044271,526.1106524997288,506.3373662312826,508.4559326171875,42700,0.0,0.0
2017-05-22 00:00:00+09:00,508.45575644368944,514.8114533992356,508.45575644368944,509.8681335449219,5200,0.0,0.0
2017-05-23 00:00:00+09:00,509.86831020779084,509.86831020779084,504.92498864067926,508.4559326171875,7200,0.0,0.0
2017-05-24 00:00:00+09:00,507.749737370313,509.868303729299,507.0435485839843,507.0435485839844,5300,0.0,0.0
2017-05-25 00:00:00+09:00,504.21879343866965,511.986870088285,504.21879343866965,507.0435485839844,1700,0.0,0.0
2017-05-26 00:00:00+09:00,505.6310475310637,508.4558019865445,499.9815386201021,503.5124816894531,6600,0.0,0.0
2017-05-29 00:00:00+09:00,503.5124816894531,503.5124816894531,499.9815386201021,503.5124816894531,6000,0.0,0.0
2017-05-30 00:00:00+09:00,503.5124816894531,503.5124816894531,503.5124816894531,503.5124816894531,3600,0.0,0.0
2017-05-31 00:00:00+09:00,503.5124276114511,504.92480468750006,503.5124276114511,504.9248046875,1000,0.0,0.0
2017-06-01 00:00:00+09:00,505.6310475310637,505.6310475310637,501.3939158478425,503.5124816894531,4100,0.0,0.0
2017-06-02 00:00:00+09:00,503.5125534295024,503.5125534295024,499.2754211425781,499.2754211425781,2000,0.0,0.0
2017-06-05 00:00:00+09:00,499.2754211425781,501.39398728604027,495.03828885565383,499.2754211425781,4700,0.0,0.0
2017-06-06 00:00:00+09:00,499.2754211425781,499.2754211425781,484.4454581383431,499.2754211425781,6700,0.0,0.0
2017-06-07 00:00:00+09:00,501.39393630959677,501.39393630959677,495.0382385253906,495.0382385253906,5400,0.0,0.0
2017-06-08 00:00:00+09:00,495.7444271680802,496.45061581076976,495.0382385253906,495.0382385253906,1400,0.0,0.0
2017-06-09 00:00:00+09:00,495.0382198660714,495.0382198660714,494.33203125,494.33203125,3300,0.0,0.0
2017-06-12 00:00:00+09:00,494.332049882701,495.0382385253906,494.332049882701,495.0382385253906,800,0.0,0.0
2017-06-13 00:00:00+09:00,495.0382822888963,497.86303710937506,495.0382822888963,497.863037109375,600,0.0,0.0
2017-06-14 00:00:00+09:00,495.7444271680802,495.7444271680802,493.6258612400115,495.0382385253906,1800,0.0,0.0
2017-06-15 00:00:00+09:00,492.2134721544054,497.8629811604818,479.5020768907335,483.03302001953125,19300,0.0,0.0
2017-06-16 00:00:00+09:00,485.1516550066847,493.62591972295866,483.7392775539724,487.9764099121094,6000,0.0,0.0
2017-06-19 00:00:00+09:00,485.15158589680993,487.97634039984814,480.2082655164931,483.03302001953125,9400,0.0,0.0
2017-06-20 00:00:00+09:00,487.2701721191406,490.80111539536625,487.2701721191406,487.2701721191406,7300,0.0,0.0
2017-06-21 00:00:00+09:00,487.2701721191406,489.38873808487597,485.1516061534052,487.2701721191406,6700,0.0,0.0
2017-06-22 00:00:00+09:00,486.5639293869106,492.9196265777411,483.0329865031159,488.6824951171875,6900,0.0,0.0
2017-06-23 00:00:00+09:00,489.38873808487597,489.38873808487597,485.85779480865034,487.2701721191406,16100,0.0,0.0
2017-06-26 00:00:00+09:00,488.6825932659402,490.80115942171744,487.27021582875545,490.094970703125,9400,0.0,0.0
2017-06-27 00:00:00+09:00,490.0949496088217,510.574421566539,490.0949496088217,498.5692138671875,11500,0.0,0.0
2017-06-28 00:00:00+09:00,495.0383477231522,504.21880210318216,482.3269493508031,492.2135925292969,20000,0.0,0.0
2017-06-29 00:00:00+09:00,490.0948507284402,498.56911327705876,487.97628509128555,493.62579345703125,6100,0.0,0.0
2017-06-30 00:00:00+09:00,492.2134654017857,494.33203125,490.80108816964287,494.33203125,2800,0.0,0.0
2017-07-03 00:00:00+09:00,493.6257886316023,495.74435424804693,493.6257886316023,495.7443542480469,4300,0.0,0.0
2017-07-04 00:00:00+09:00,497.1567313256767,502.10005109738086,495.03816570923203,495.7443542480469,17000,0.0,0.0
2017-07-05 00:00:00+09:00,495.74443233457197,497.8629982847197,492.91967773437494,492.919677734375,10600,0.0,0.0
2017-07-06 00:00:00+09:00,497.8629930961489,497.8629930961489,488.6825407411845,495.0382385253906,4700,0.0,0.0
2017-07-07 00:00:00+09:00,487.27020653257983,502.8063580452128,485.8578291223405,497.863037109375,44800,0.0,0.0
2017-07-10 00:00:00+09:00,497.15686391689843,508.4558835513734,495.74448646258907,507.74969482421875,40100,0.0,0.0
2017-07-11 00:00:00+09:00,514.105373216712,520.4610715119735,512.692995817765,519.7548828125,17800,0.0,0.0
2017-07-12 00:00:00+09:00,519.754835304054,535.9971739073058,513.3991375897382,522.57958984375,20500,0.0,0.0
2017-07-13 00:00:00+09:00,528.2290785769198,535.2909646541515,523.991946930581,531.0538330078125,24800,0.0,0.0
2017-07-14 00:00:00+09:00,537.409629761066,538.822007237442,529.641553640998,532.46630859375,8700,0.0,0.0
2017-07-17 00:00:00+09:00,532.46630859375,532.46630859375,532.46630859375,532.46630859375,0,0.0,0.0
2017-07-18 00:00:00+09:00,533.1724377457489,540.9405129976737,531.7600604272171,535.9971923828125,5700,0.0,0.0
2017-07-19 00:00:00+09:00,536.70334005292,536.70334005292,511.2805502609396,527.5228881835938,13800,0.0,0.0
2017-07-20 00:00:00+09:00,536.7033810420784,536.7033810420784,531.0538717679513,535.9971923828125,7900,0.0,0.0
2017-07-21 00:00:00+09:00,535.9971804970189,536.703369140625,531.7600486353824,536.703369140625,16500,0.0,0.0
2017-07-24 00:00:00+09:00,536.7032236815124,538.1156005859375,535.9970352293,538.1156005859375,2500,0.0,0.0
2017-07-25 00:00:00+09:00,538.8218816512671,550.8270874023438,538.8218816512671,550.8270874023438,15600,0.0,0.0
2017-07-26 00:00:00+09:00,552.2396011255842,567.7757535869177,552.2396011255842,557.1829223632812,12100,0.0,0.0
2017-07-27 00:00:00+09:00,557.8889534690163,559.3013305664062,557.1827649203213,559.3013305664062,10300,0.0,0.0
2017-07-28 00:00:00+09:00,615.7965024849618,665.2297079596722,596.7294089447165,601.6727294921875,122100,0.0,0.0
2017-07-31 00:00:00+09:00,664.5236107962472,707.6011243547713,649.6936471121652,672.2916870117188,261000,0.0,0.0
2017-08-01 00:00:00+09:00,624.9770098567558,651.1059921897502,612.2656130461099,612.9718017578125,64200,0.0,0.0
2017-08-02 00:00:00+09:00,620.0336862844186,620.0336862844186,596.0232701868445,605.909912109375,18900,0.0,0.0
2017-08-03 00:00:00+09:00,605.9098974436838,605.9098974436838,593.1985009938163,599.55419921875,10100,0.0,0.0
2017-08-04 00:00:00+09:00,599.5542612544825,603.085205078125,595.3171286661117,603.085205078125,6100,0.0,0.0
2017-08-07 00:00:00+09:00,632.7450120192308,642.6316528320312,612.9717303936299,642.6316528320312,16700,0.0,0.0
2017-08-08 00:00:00+09:00,656.7556111653646,656.7556111653646,629.2142468261718,635.5699462890625,15600,0.0,0.0
2017-08-09 00:00:00+09:00,646.1626899616601,649.6936336226528,615.796574477123,629.9203491210938,16300,0.0,0.0
2017-08-10 00:00:00+09:00,578.3685516017077,600.9665902479283,560.0076452016535,569.894287109375,35000,0.0,0.0
2017-08-11 00:00:00+09:00,569.894287109375,569.894287109375,569.894287109375,569.894287109375,0,0.0,0.0
2017-08-14 00:00:00+09:00,564.9509336890244,564.9509336890244,548.7085943454649,550.1209716796875,9700,0.0,0.0
2017-08-15 00:00:00+09:00,563.5386210974632,563.5386210974632,553.6519786220691,557.1829223632812,5400,0.0,0.0
2017-08-16 00:00:00+09:00,563.5384957449777,563.5384957449777,553.65185546875,553.65185546875,7100,0.0,0.0
2017-08-17 00:00:00+09:00,574.8375396146859,574.8375396146859,555.0642581537385,555.7704467773438,22800,0.0,0.0
2017-08-18 00:00:00+09:00,559.3013135912391,589.6674202634907,559.3013135912391,571.3065185546875,29000,0.0,0.0
2017-08-21 00:00:00+09:00,572.7189887120173,588.9613274794358,564.9509136493389,587.5489501953125,38100,0.0,0.0
2017-08-22 00:00:00+09:00,581.8994757992098,679.353514221893,581.8994757992098,614.3841552734375,205800,0.0,0.0
2017-08-23 00:00:00+09:00,616.5027410827569,644.0441006500278,607.3222878936665,634.8636474609375,59300,0.0,0.0
2017-08-24 00:00:00+09:00,625.6831951583059,685.0030466180099,624.9770064504523,670.8792724609375,81900,0.0,0.0
2017-08-25 00:00:00+09:00,694.8895392860758,694.8895392860758,652.5182259149736,653.9306030273438,38500,0.0,0.0
2017-08-28 00:00:00+09:00,643.3377746845681,691.3585965051507,628.5078150046824,653.9306030273438,301200,0.0,0.0
2017-08-29 00:00:00+09:00,632.7451228323699,639.10082161082,607.3223277185693,610.853271484375,150800,0.0,0.0
2017-08-30 00:00:00+09:00,627.0955141507662,628.5078914348895,576.9561205643873,587.5489501953125,102900,0.0,0.0
2017-08-31 00:00:00+09:00,586.8427972920123,593.9046841426983,578.368533071189,585.430419921875,35200,0.0,0.0
2017-09-01 00:00:00+09:00,590.3737407173553,591.7861180874925,581.1932878114634,585.430419921875,34500,0.0,0.0
2017-09-04 00:00:00+09:00,580.487075071697,582.6056410391119,556.4766607743275,557.8890380859375,61200,0.0,0.0
2017-09-05 00:00:00+09:00,564.2446982291749,564.9508868377221,537.4095311043832,556.4766235351562,44200,0.0,0.0
2017-09-06 00:00:00+09:00,554.3580302703075,557.1827845646785,538.1156930776743,550.8270874023438,27100,0.0,0.0
2017-09-07 00:00:00+09:00,559.3013779693449,571.3065843146464,542.3528513642132,556.4766235351562,69700,0.0,0.0
2017-09-08 00:00:00+09:00,562.1260984732435,579.0746240553513,540.2342529296875,540.2342529296875,37600,0.0,0.0
2017-09-11 00:00:00+09:00,545.1775522576471,567.7755855118501,544.4713637184533,567.0693969726562,44200,0.0,0.0
2017-09-12 00:00:00+09:00,575.5437266156259,603.7912714801965,560.0075769401121,577.6622924804688,127200,0.0,0.0
2017-09-13 00:00:00+09:00,596.729323647239,622.8582999489524,580.4869870272549,621.4459228515625,135100,0.0,0.0
2017-09-14 00:00:00+09:00,621.4460116820716,631.3326527770137,588.9613337986906,601.6727294921875,111400,0.0,0.0
2017-09-15 00:00:00+09:00,594.6108976811646,623.5646349791785,594.6108976811646,620.03369140625,73100,0.0,0.0
2017-09-18 00:00:00+09:00,620.03369140625,620.03369140625,620.03369140625,620.03369140625,0,0.0,0.0
2017-09-19 00:00:00+09:00,635.5698431271355,635.5698431271355,614.3841816895643,620.03369140625,59200,0.0,0.0
2017-09-20 00:00:00+09:00,614.3842120002297,615.7965894990808,599.5542482622932,600.2604370117188,43400,0.0,0.0
2017-09-21 00:00:00+09:00,602.3790163133965,619.32754666688,602.3790163133965,603.085205078125,23500,0.0,0.0
2017-09-22 00:00:00+09:00,602.3789592756825,602.3789592756825,572.7190339655083,581.1932983398438,39100,0.0,0.0
2017-09-25 00:00:00+09:00,591.7862307593937,600.2604965936571,582.6057761056082,593.1986083984375,22400,0.0,0.0
2017-09-26 00:00:00+09:00,599.5541145154368,600.9664916992188,588.2550970451812,600.9664916992188,20000,0.0,0.0
2017-09-27 00:00:00+09:00,610.2561698644301,610.2561698644301,602.3957273954503,607.3978271484375,8100,10.0,0.0
2017-09-28 00:00:00+09:00,614.5436111958238,638.1249358114775,614.5436111958238,622.404052734375,45400,0.0,0.0
2017-09-29 00:00:00+09:00,629.5498660039242,636.6957214636736,620.26025390625,620.26025390625,26000,0.0,0.0
2017-10-02 00:00:00+09:00,621.6894925025201,642.4124755859375,621.6894925025201,642.4124755859375,37400,0.0,0.0
2017-10-03 00:00:00+09:00,640.9832899871285,728.877319717805,634.5520195190302,685.28759765625,288000,0.0,0.0
2017-10-04 00:00:00+09:00,678.856373763162,696.0064295213892,658.8479753785634,659.5625610351562,74600,0.0,0.0
2017-10-05 00:00:00+09:00,650.2728462645938,667.4228993528908,632.4082076309511,638.8394775390625,64500,0.0,0.0
2017-10-06 00:00:00+09:00,622.404052734375,635.9811790282363,617.4019535734787,622.404052734375,37800,0.0,0.0
2017-10-09 00:00:00+09:00,622.404052734375,622.404052734375,622.404052734375,622.404052734375,0,0.0,0.0
2017-10-10 00:00:00+09:00,629.5500101564702,633.8375244140625,615.2582959644958,633.8375244140625,31700,0.0,0.0
2017-10-11 00:00:00+09:00,640.2686609028511,688.1458933587563,638.8394897847644,676.7125244140625,84900,0.0,0.0
2017-10-12 00:00:00+09:00,681.0001918870576,705.2961063929966,665.2793060302733,700.2940063476562,93300,0.0,0.0
2017-10-13 00:00:00+09:00,696.7210806296015,708.8690379328868,679.5710232602574,706.7252807617188,74300,0.0,0.0
2017-10-16 00:00:00+09:00,711.0127138717795,711.0127138717795,683.8584594726562,683.8584594726562,31600,0.0,0.0
2017-10-17 00:00:00+09:00,681.0001691930435,687.4314404655905,675.283483617446,680.2855834960938,21100,0.0,0.0
2017-10-18 00:00:00+09:00,675.9979388550191,682.4292088864094,668.8520832645855,676.7125244140625,25300,0.0,0.0
2017-10-19 00:00:00+09:00,670.2812689306901,675.997953527114,648.1291161195479,668.1375122070312,45300,0.0,0.0
2017-10-20 00:00:00+09:00,668.13754799728,687.4313595437255,665.2792055459547,682.4292602539062,23800,0.0,0.0
2017-10-23 00:00:00+09:00,687.4312744140625,696.7208862304688,675.2833205003004,696.7208862304688,30400,0.0,0.0
2017-10-24 00:00:00+09:00,696.7209098752865,700.2938376182367,683.1437844520758,691.7188110351562,51300,0.0,0.0
2017-10-25 00:00:00+09:00,703.866819236446,722.446044921875,693.14803518716,722.446044921875,125000,0.0,0.0
2017-10-26 00:00:00+09:00,714.5856082616993,730.3064916434568,700.2938960964653,719.5877075195312,81700,0.0,0.0
2017-10-27 00:00:00+09:00,720.302293127793,727.44814921041,708.154337787344,719.5877075195312,51900,0.0,0.0
2017-10-30 00:00:00+09:00,805.3380044897563,933.963417806665,804.6234188602178,861.07568359375,675100,0.0,0.0
2017-10-31 00:00:00+09:00,857.5027465820312,857.5027465820312,793.1900405883789,823.20263671875,145600,0.0,0.0
2017-11-01 00:00:00+09:00,826.7756327311198,836.0652465820312,793.1901057316707,836.0652465820312,80500,0.0,0.0
2017-11-02 00:00:00+09:00,836.065254046001,848.9277964159394,817.486026178312,823.9172973632812,53600,0.0,0.0
2017-11-03 00:00:00+09:00,823.9172973632812,823.9172973632812,823.9172973632812,823.9172973632812,0,0.0,0.0
2017-11-06 00:00:00+09:00,808.1963310443535,826.7755570453731,806.7671598135058,810.340087890625,43800,0.0,0.0
2017-11-07 00:00:00+09:00,788.1879675543872,811.0547082268627,773.89625463409,799.621337890625,75000,0.0,0.0
2017-11-08 00:00:00+09:00,811.76917434679,816.0566875915795,795.3337069084307,815.3421020507812,17700,0.0,0.0
2017-11-09 00:00:00+09:00,821.7735785590278,833.9215358072917,775.3255067274306,803.908935546875,49800,0.0,0.0
2017-11-10 00:00:00+09:00,793.1900670764912,800.3359235366398,789.617138846417,799.621337890625,22600,0.0,0.0
2017-11-13 00:00:00+09:00,768.179504553892,821.058837890625,752.4586216699984,821.058837890625,81400,0.0,0.0
2017-11-14 00:00:00+09:00,806.0525352612373,821.773418041155,764.6065715687268,771.037841796875,51900,0.0,0.0
2017-11-15 00:00:00+09:00,751.7441703339672,753.8879274737028,721.731570377668,728.162841796875,39000,0.0,0.0
2017-11-16 00:00:00+09:00,741.0252840267867,768.8941230596167,734.594013480749,766.7503662109375,34100,0.0,0.0
2017-11-17 00:00:00+09:00,770.323199889239,781.0419828190522,764.6065156600054,777.4690551757812,27500,0.0,0.0
2017-11-20 00:00:00+09:00,793.904700563665,814.627685546875,783.9005009165982,814.627685546875,64700,0.0,0.0
2017-11-21 00:00:00+09:00,815.3420645889242,825.3462617004448,806.0524529853694,819.6295776367188,47800,0.0,0.0
2017-11-22 00:00:00+09:00,841.0671575419108,889.6589729309082,818.9150064086914,857.5026245117188,115100,0.0,0.0
2017-11-23 00:00:00+09:00,857.5026245117188,857.5026245117188,857.5026245117188,857.5026245117188,0,0.0,0.0
2017-11-24 00:00:00+09:00,868.2216022198016,870.3653592623197,831.0631468161558,836.0652465820312,68600,0.0,0.0
2017-11-27 00:00:00+09:00,857.5027011303191,861.7902146359708,839.6380615234375,839.6380615234375,57100,0.0,0.0
2017-11-28 00:00:00+09:00,841.0673218307895,841.0673218307895,813.1984810904321,816.0568237304688,32700,0.0,0.0
2017-11-29 00:00:00+09:00,817.4861091070251,831.0632385414949,809.6256657502267,812.4840087890625,24400,0.0,0.0
2017-11-30 00:00:00+09:00,803.908885112274,811.769327544483,782.4713148426134,798.1921997070312,29700,0.0,0.0
2017-12-01 00:00:00+09:00,801.0506092760531,816.0569097174422,801.0506092760531,811.0548095703125,17900,0.0,0.0
2017-12-04 00:00:00+09:00,820.3442995383522,820.3442995383522,786.044189453125,786.044189453125,21400,0.0,0.0
2017-12-05 00:00:00+09:00,773.1816266224849,783.9004107253845,753.8878152372658,772.467041015625,28900,0.0,0.0
2017-12-06 00:00:00+09:00,768.8940865570097,770.3232577216138,741.7398344295316,752.4586181640625,35500,0.0,0.0
2017-12-07 00:00:00+09:00,752.4586083846312,763.8919775528688,742.4544103624235,758.17529296875,52000,0.0,0.0
2017-12-08 00:00:00+09:00,766.0358778211805,773.1817348904079,758.1754350450303,771.7525634765625,14200,0.0,0.0
2017-12-11 00:00:00+09:00,786.0442612197372,793.1901181399166,772.4671330713963,780.3275756835938,38400,0.0,0.0
2017-12-12 00:00:00+09:00,778.183756933871,778.183756933871,755.3170166015625,755.3170166015625,34800,0.0,0.0
2017-12-13 00:00:00+09:00,764.6066078377138,764.6066078377138,741.7398681640625,741.7398681640625,22000,0.0,0.0
2017-12-14 00:00:00+09:00,750.3148803710938,757.460736374628,745.3127811686198,750.3148803710938,20200,0.0,0.0
2017-12-15 00:00:00+09:00,770.3232942920696,778.8983216867864,763.8920237460319,766.7503662109375,61700,0.0,0.0
2017-12-18 00:00:00+09:00,778.8982394700714,817.4858586731759,778.8982394700714,815.3421020507812,79900,0.0,0.0
2017-12-19 00:00:00+09:00,828.9192985281687,828.9192985281687,800.3358744409904,818.9151000976562,52600,0.0,0.0
2017-12-20 00:00:00+09:00,813.913084571449,819.6297699766918,790.3317572748223,798.1921997070312,49600,0.0,0.0
2017-12-21 00:00:00+09:00,800.3357180092186,817.4857691094161,800.3357180092186,813.912841796875,29800,0.0,0.0
2017-12-22 00:00:00+09:00,820.344133103699,868.9359458659391,810.339936358532,867.5067749023438,135300,0.0,0.0
2017-12-25 00:00:00+09:00,908.9529387910487,910.382110078456,839.6381313517942,843.2110595703125,117700,0.0,0.0
2017-12-26 00:00:00+09:00,843.2110214876686,861.0756617734244,835.3505797619362,847.49853515625,47200,0.0,0.0
2017-12-27 00:00:00+09:00,840.3525627615063,857.5026150627616,840.3525627615063,853.9296875,47300,0.0,0.0
2017-12-28 00:00:00+09:00,856.7881852411365,860.3611134531512,844.6402293202864,852.5006713867188,27500,0.0,0.0
2017-12-29 00:00:00+09:00,857.5027011303191,860.3610434674202,838.208890354887,839.6380615234375,28100,0.0,0.0
2018-01-01 00:00:00+09:00,839.6380615234375,839.6380615234375,839.6380615234375,839.6380615234375,0,0.0,0.0
2018-01-02 00:00:00+09:00,839.6380615234375,839.6380615234375,839.6380615234375,839.6380615234375,0,0.0,0.0
2018-01-03 00:00:00+09:00,839.6380615234375,839.6380615234375,839.6380615234375,839.6380615234375,0,0.0,0.0
2018-01-04 00:00:00+09:00,859.6465554459763,912.5258946837172,848.2131847999783,903.9508666992188,119600,0.0,0.0
2018-01-05 00:00:00+09:00,903.9506929652898,911.0965482456478,896.090252156896,907.5236206054688,64100,0.0,0.0
2018-01-08 00:00:00+09:00,907.5236206054689,907.5236206054689,907.5236206054689,907.5236206054688,0,0.0,0.0
2018-01-09 00:00:00+09:00,921.1008013916016,951.8279809570313,921.1008013916016,928.9612426757812,99000,0.0,0.0
2018-01-10 00:00:00+09:00,941.8236881386644,950.3987141308222,928.9611491504277,939.679931640625,56300,0.0,0.0
2018-01-11 00:00:00+09:00,938.965608534702,938.965608534702,916.0988661655159,921.8155517578125,48100,0.0,0.0
2018-01-12 00:00:00+09:00,927.5321707158038,927.5321707158038,915.384214704888,924.673828125,17800,0.0,0.0
2018-01-15 00:00:00+09:00,928.9610066294243,996.8466186523438,928.2464212397094,996.8466186523438,101200,0.0,0.0
2018-01-16 00:00:00+09:00,991.1302466908837,1026.8595273935111,980.4114624800955,1009.70947265625,49100,0.0,0.0
2018-01-17 00:00:00+09:00,1007.5656869438257,1057.5866784942284,1007.5656869438257,1017.5698852539062,70400,0.0,0.0
2018-01-18 00:00:00+09:00,1041.1512308439326,1055.442943003767,926.1029479572661,962.5468139648438,85800,0.0,0.0
2018-01-19 00:00:00+09:00,983.9843623557787,1025.4303267832552,936.8217131796847,1017.5698852539062,41000,0.0,0.0
2018-01-22 00:00:00+09:00,1014.7117969157467,1035.4347843175472,1008.9951107359396,1027.5743408203125,40600,0.0,0.0
2018-01-23 00:00:00+09:00,1036.1491403761943,1036.1491403761943,994.7031747611464,1009.70947265625,54400,0.0,0.0
2018-01-24 00:00:00+09:00,1026.8595534610133,1026.8595534610133,983.2698298972542,995.4177856445312,35700,0.0,0.0
2018-01-25 00:00:00+09:00,1005.4221273957397,1013.9971562008207,986.1283125843075,993.274169921875,28900,0.0,0.0
2018-01-26 00:00:00+09:00,989.7010252603008,1017.5698627947064,989.7010252603008,1003.9927368164062,26700,0.0,0.0
2018-01-29 00:00:00+09:00,1021.8575088870566,1044.0096646741188,1007.5657954760488,1032.5762939453125,88100,0.0,0.0
2018-01-30 00:00:00+09:00,1021.142891720928,1029.003333854539,980.4115097558524,999.705322265625,50600,0.0,0.0
2018-01-31 00:00:00+09:00,978.2679191411928,1006.8513499415199,971.1220614411111,983.27001953125,26700,0.0,0.0
2018-02-01 00:00:00+09:00,986.1281078537077,999.7052339763311,961.8321979500655,988.9864501953125,34900,0.0,0.0
2018-02-02 00:00:00+09:00,990.4156710035061,993.2740134883647,957.5447324276322,969.6926879882812,22500,0.0,0.0
2018-02-05 00:00:00+09:00,919.6716456514246,935.3925284830729,905.3799339862898,911.0966186523438,37900,0.0,0.0
2018-02-06 00:00:00+09:00,782.4713327596476,836.0652596609933,750.3149766188401,780.3275756835938,112500,0.0,0.0
2018-02-07 00:00:00+09:00,880.3694795035125,880.3694795035125,801.0504760742188,801.0504760742188,62900,0.0,0.0
2018-02-08 00:00:00+09:00,808.1962235538319,859.6463810214499,807.4816380334483,848.2130126953125,29700,0.0,0.0
2018-02-09 00:00:00+09:00,821.7735004099562,848.2131695535809,800.3359308340443,837.494384765625,37200,0.0,0.0
2018-02-12 00:00:00+09:00,837.494384765625,837.494384765625,837.494384765625,837.494384765625,0,0.0,0.0
2018-02-13 00:00:00+09:00,858.9319321106527,858.9319321106527,761.0337002477913,764.6066284179688,85700,0.0,0.0
2018-02-14 00:00:00+09:00,773.8962537330941,789.6171379271182,729.5919437317535,749.600341796875,42100,0.0,0.0
2018-02-15 00:00:00+09:00,771.0380053826099,776.0401055102079,748.1712619421618,757.4608764648438,42000,0.0,0.0
2018-02-16 00:00:00+09:00,778.8981833386778,778.8981833386778,755.316862191727,766.03564453125,26500,0.0,0.0
2018-02-19 00:00:00+09:00,778.8982986558414,806.0525512695312,772.4670282999674,806.0525512695312,25000,0.0,0.0
2018-02-20 00:00:00+09:00,806.7671049919682,807.4816905588343,786.0441235528476,788.9024658203125,23400,0.0,0.0
2018-02-21 00:00:00+09:00,786.7588264694542,853.92987977384,786.7588264694542,832.4923095703125,43000,0.0,0.0
2018-02-22 00:00:00+09:00,858.2173864684129,866.0778288090895,818.9151747650301,844.6402587890625,113100,0.0,0.0
2018-02-23 00:00:00+09:00,844.6400667033588,859.6463623046875,828.2046000923798,859.6463623046875,36200,0.0,0.0
2018-02-26 00:00:00+09:00,863.2194632696377,877.5111762376781,859.6465350276277,865.3632202148438,27300,0.0,0.0
2018-02-27 00:00:00+09:00,882.5133484041762,884.6571055258057,842.4965488004241,843.9257202148438,31500,0.0,0.0
2018-02-28 00:00:00+09:00,833.2068881117148,858.9319721357472,830.3485454423778,844.6402587890625,19600,0.0,0.0
2018-03-01 00:00:00+09:00,823.9172083293739,828.9193075993701,814.627595399381,822.488037109375,25400,0.0,0.0
2018-03-02 00:00:00+09:00,803.9088909442607,856.7882313263722,800.3359625400641,836.0652465820312,40700,0.0,0.0
2018-03-05 00:00:00+09:00,843.2111674809255,843.2111674809255,758.890050732833,763.8921508789062,60100,0.0,0.0
2018-03-06 00:00:00+09:00,777.4692444620254,803.9089154593553,776.0400730567643,790.331787109375,35000,0.0,0.0
2018-03-07 00:00:00+09:00,801.0506062675095,801.0506062675095,771.0380054974512,773.1817626953125,22600,0.0,0.0
2018-03-08 00:00:00+09:00,777.4692605975778,789.617217794415,773.8963320102727,781.7567749023438,6200,0.0,0.0
2018-03-09 00:00:00+09:00,784.6149388304544,798.1920643657719,777.4690832855505,778.8982543945312,23300,0.0,0.0
2018-03-12 00:00:00+09:00,798.9068823980691,811.7694261218305,786.758924436739,803.1943969726562,17600,0.0,0.0
2018-03-13 00:00:00+09:00,802.479767622891,842.4965681454929,798.9068390048016,841.781982421875,37900,0.0,0.0
2018-03-14 00:00:00+09:00,830.3485558686914,853.9298831868211,830.3485558686914,838.923583984375,18200,0.0,0.0
2018-03-15 00:00:00+09:00,846.069583622438,846.069583622438,811.7694653674744,836.7799682617188,19900,0.0,0.0
2018-03-16 00:00:00+09:00,851.786196591391,868.936254240882,836.0653104126908,842.49658203125,45200,0.0,0.0
2018-03-19 00:00:00+09:00,864.6485431680999,866.7922998866985,816.7713097860646,829.6338500976562,53300,0.0,0.0
2018-03-20 00:00:00+09:00,808.9109206499921,862.5048420711488,808.9109206499921,851.0714721679688,27800,0.0,0.0
2018-03-21 00:00:00+09:00,851.0714721679688,851.0714721679688,851.0714721679688,851.0714721679688,0,0.0,0.0
2018-03-22 00:00:00+09:00,851.0716052792984,852.5007767407246,833.2069620114711,845.3549194335938,10900,0.0,0.0
2018-03-23 00:00:00+09:00,827.4903128953167,827.4903128953167,788.1880959616013,803.1943969726562,42800,0.0,0.0
2018-03-26 00:00:00+09:00,778.8984432289317,796.7630864222558,761.7483857633405,791.760986328125,25800,0.0,0.0
2018-03-27 00:00:00+09:00,799.6212908608572,815.3421741485596,790.3316780090332,800.3358764648438,15000,0.0,0.0
2018-03-28 00:00:00+09:00,803.2304101136053,836.5174361183133,795.9941001125819,828.5574951171875,15000,14.0,0.0
2018-03-29 00:00:00+09:00,835.7938342360977,835.7938342360977,811.190379375468,815.5321655273438,5000,0.0,0.0
2018-03-30 00:00:00+09:00,829.2811059699487,831.4519989175141,814.8084863195133,820.5975341796875,15900,0.0,0.0
2018-04-02 00:00:00+09:00,819.8739408413073,824.9393579515361,811.1903686523438,811.1903686523438,23900,0.0,0.0
2018-04-03 00:00:00+09:00,795.2704933268229,814.0848999023438,791.6523382161458,814.0848999023438,26500,0.0,0.0
2018-04-04 00:00:00+09:00,813.3612891333938,813.3612891333938,797.44140625,797.44140625,19300,0.0,0.0
2018-04-05 00:00:00+09:00,804.6776271275111,814.8084605625697,802.50673424857,810.4666748046875,9600,0.0,0.0
2018-04-06 00:00:00+09:00,811.190335783003,828.5574794572153,797.4413470409182,798.1649780273438,12200,0.0,0.0
2018-04-09 00:00:00+09:00,795.9942420606511,819.8740693224706,782.2452506068762,813.3613891601562,26900,0.0,0.0
2018-04-10 00:00:00+09:00,818.4267867350828,837.2411956255445,811.9141067345383,830.728515625,22900,0.0,0.0
2018-04-11 00:00:00+09:00,831.4519726344517,844.4773299080985,807.5721509660993,810.4666748046875,30300,0.0,0.0
2018-04-12 00:00:00+09:00,811.914051999328,818.4267315608198,804.677741375448,807.572265625,12400,0.0,0.0
2018-04-13 00:00:00+09:00,808.2958374023438,824.2157196072243,806.8485753837183,808.2958374023438,22600,0.0,0.0
2018-04-16 00:00:00+09:00,820.5974308809788,820.5974308809788,802.5066585952429,804.6775512695312,16400,0.0,0.0
2018-04-17 00:00:00+09:00,805.4011974334717,811.1902446746826,774.2850685119629,787.3104248046875,32300,0.0,0.0
2018-04-18 00:00:00+09:00,787.3105204098915,803.2304022564151,781.5214724657012,801.0595092773438,6600,0.0,0.0
2018-04-19 00:00:00+09:00,809.7431230753878,809.7431230753878,788.7578231922902,793.099609375,9600,0.0,0.0
2018-04-20 00:00:00+09:00,801.0595092773438,801.0595092773438,788.7577823959392,801.0595092773438,8400,0.0,0.0
2018-04-23 00:00:00+09:00,806.8486211181,832.1757078796547,800.3359416651288,827.1102905273438,26100,0.0,0.0
2018-04-24 00:00:00+09:00,832.1757085052128,882.8298820663996,827.8339221999682,852.4373779296875,45400,0.0,0.0
2018-04-25 00:00:00+09:00,843.7537965636322,852.4373690840127,830.0048067396966,848.8192138671875,10700,0.0,0.0
2018-04-26 00:00:00+09:00,848.8191418488411,856.0554516685244,829.2811053356965,844.4773559570312,18300,0.0,0.0
2018-04-27 00:00:00+09:00,840.1354750989311,840.1354750989311,823.4919643949903,831.451904296875,7100,0.0,0.0
2018-04-30 00:00:00+09:00,831.451904296875,831.451904296875,831.451904296875,831.451904296875,0,0.0,0.0
2018-05-01 00:00:00+09:00,832.1757519445058,832.1757519445058,818.4267612602052,819.8740234375,9000,0.0,0.0
2018-05-02 00:00:00+09:00,819.8740234375,819.8740234375,806.8486638418469,819.8740234375,9600,0.0,0.0
2018-05-03 00:00:00+09:00,819.8740234375,819.8740234375,819.8740234375,819.8740234375,0,0.0,0.0
2018-05-04 00:00:00+09:00,819.8740234375,819.8740234375,819.8740234375,819.8740234375,0,0.0,0.0
2018-05-07 00:00:00+09:00,815.5322403290198,828.5575999793502,815.5322403290198,821.3212890625,9400,0.0,0.0
2018-05-08 00:00:00+09:00,817.7029418945312,829.2810366470202,815.5320491284397,817.7029418945312,17600,0.0,0.0
2018-05-09 00:00:00+09:00,817.7030586032816,818.4266896285943,814.8085345020312,815.5321655273438,6300,0.0,0.0
2018-05-10 00:00:00+09:00,817.7031421326755,829.2812397203948,809.7432000411185,824.939453125,7800,0.0,0.0
2018-05-11 00:00:00+09:00,832.1757554377754,832.1757554377754,817.7031336040749,821.3212890625,12600,0.0,0.0
2018-05-14 00:00:00+09:00,824.2158008421277,849.5428886643177,822.7685386808597,841.5829467773438,17800,0.0,0.0
2018-05-15 00:00:00+09:00,851.7135960279647,882.106094781724,851.7135960279647,864.7389526367188,49600,0.0,0.0
2018-05-16 00:00:00+09:00,864.7392151486222,872.6991577148438,837.9648628804222,872.6991577148438,62100,0.0,0.0
2018-05-17 00:00:00+09:00,892.960597589926,998.6107169158006,892.960597589926,926.9712524414062,158000,0.0,0.0
2018-05-18 00:00:00+09:00,871.9754003669603,926.2477281906301,861.1209348022264,895.855224609375,146000,0.0,0.0
2018-05-21 00:00:00+09:00,911.0514800040953,926.2477318548388,889.3425487887475,897.302490234375,77800,0.0,0.0
2018-05-22 00:00:00+09:00,910.3278142755681,911.7750763014434,872.6990016028102,883.553466796875,34000,0.0,0.0
2018-05-23 00:00:00+09:00,870.5280863011136,871.9753482899766,847.3718944793051,850.2664184570312,36100,0.0,0.0
2018-05-24 00:00:00+09:00,847.3719675544958,858.22643340703,847.3719675544958,855.3319091796875,14800,0.0,0.0
2018-05-25 00:00:00+09:00,860.3972909805623,861.8445530343563,814.0849052591527,816.2557983398438,47000,0.0,0.0
2018-05-28 00:00:00+09:00,811.190495772718,840.859372067706,811.190495772718,813.3613891601562,15100,0.0,0.0
2018-05-29 00:00:00+09:00,810.4666274257991,813.361151095177,784.4159144013985,792.3758544921875,29900,0.0,0.0
2018-05-30 00:00:00+09:00,774.285210185382,778.6269964107206,759.8125894342534,771.3906860351562,44500,0.0,0.0
2018-05-31 00:00:00+09:00,772.1141888065425,793.8231163268764,772.1141888065425,792.3758544921875,22300,0.0,0.0
2018-06-01 00:00:00+09:00,782.9686357846468,843.0300006368886,782.9686357846468,832.175537109375,40800,0.0,0.0
2018-06-04 00:00:00+09:00,846.6483154296875,866.1863534780649,843.7537912743724,846.6483154296875,43300,0.0,0.0
2018-06-05 00:00:00+09:00,857.5028145457884,858.9500766800429,835.0702514648436,835.0702514648438,14300,0.0,0.0
2018-06-06 00:00:00+09:00,836.5174941816355,846.6483288862574,824.9393973763533,827.1102905273438,19100,0.0,0.0
2018-06-07 00:00:00+09:00,848.819290536965,882.1063215384146,842.3066105584205,881.3826904296875,65200,0.0,0.0
2018-06-08 00:00:00+09:00,869.0808572569317,881.3825846285953,861.1209160164436,863.2918090820312,13600,0.0,0.0
2018-06-11 00:00:00+09:00,864.0154639755093,864.0154639755093,841.5829016779877,848.0955810546875,18600,0.0,0.0
2018-06-12 00:00:00+09:00,845.9246984718206,854.6082710823098,844.4774363700725,852.4373779296875,8000,0.0,0.0
2018-06-13 00:00:00+09:00,847.371789932251,856.7789916992188,847.371789932251,856.7789916992188,9400,0.0,0.0
2018-06-14 00:00:00+09:00,871.2518171737825,891.5134873406146,860.3973510129795,865.4627685546875,35200,0.0,0.0
2018-06-15 00:00:00+09:00,885.0006903076171,902.3678338623047,866.9099157714843,868.357177734375,45300,0.0,0.0
2018-06-18 00:00:00+09:00,862.5681800579202,862.5681800579202,833.6229391163793,839.4119873046875,21000,0.0,0.0
2018-06-19 00:00:00+09:00,851.7137130533854,851.7137130533854,814.0848999023438,814.0848999023438,27700,0.0,0.0
2018-06-20 00:00:00+09:00,814.808673090335,822.7686157226562,777.9034845223003,822.7686157226562,25900,0.0,0.0
2018-06-21 00:00:00+09:00,818.4267867350828,834.346671180858,816.255893401568,830.728515625,11100,0.0,0.0
2018-06-22 00:00:00+09:00,828.5576120566988,832.8993986700964,821.3213010343695,826.38671875,4400,0.0,0.0
2018-06-25 00:00:00+09:00,824.9392633852751,824.9392633852751,798.1649188718934,798.8885498046875,7900,0.0,0.0
2018-06-26 00:00:00+09:00,785.8631593919837,832.175537109375,785.8631593919837,832.175537109375,23700,0.0,0.0
2018-06-27 00:00:00+09:00,830.0047571173922,830.7283881174945,819.8739231159593,828.5574951171875,5500,0.0,0.0
2018-06-28 00:00:00+09:00,828.5574487958635,828.5574487958635,810.4666748046875,810.4666748046875,7700,0.0,0.0
2018-06-29 00:00:00+09:00,803.9541591854113,824.9394612703591,802.5068969726562,802.5068969726562,18700,0.0,0.0
2018-07-02 00:00:00+09:00,803.2304255870166,814.8085218116943,785.86328125,785.86328125,17400,0.0,0.0
2018-07-03 00:00:00+09:00,782.9688162667411,809.0195347377232,781.5215541294643,785.1397094726562,45600,0.0,0.0
2018-07-04 00:00:00+09:00,785.1397431019426,785.1397431019426,770.6671211092801,773.5616455078125,29900,0.0,0.0
2018-07-05 00:00:00+09:00,788.7577834031657,788.7577834031657,769.9433775605214,777.1796875,41700,0.0,0.0
2018-07-06 00:00:00+09:00,777.9033104074292,807.5721808508754,777.9033104074292,798.1649780273438,23000,0.0,0.0
2018-07-09 00:00:00+09:00,814.8083818025358,819.8737980304379,770.6668975308176,803.9539184570312,26200,0.0,0.0
2018-07-10 00:00:00+09:00,803.9539663342462,810.4666447293931,793.0995023423346,798.8885498046875,9300,0.0,0.0
2018-07-11 00:00:00+09:00,793.0997162847862,793.0997162847862,782.2452493648301,786.5870361328125,3800,0.0,0.0
2018-07-12 00:00:00+09:00,786.5868418479164,786.5868418479164,777.903270456771,782.2450561523438,4300,0.0,0.0
2018-07-13 00:00:00+09:00,779.3507248528418,787.3106672608096,779.3507248528418,786.5870361328125,9400,0.0,0.0
2018-07-16 00:00:00+09:00,786.5870361328125,786.5870361328125,786.5870361328125,786.5870361328125,0,0.0,0.0
2018-07-17 00:00:00+09:00,795.9941666214555,795.9941666214555,779.3506522284614,781.5215454101562,9100,0.0,0.0
2018-07-18 00:00:00+09:00,779.3506712524527,795.2705549734869,779.3506712524527,789.4815063476562,8200,0.0,0.0
2018-07-19 00:00:00+09:00,792.3758582755883,810.4666312955788,792.3758582755883,793.8231201171875,11200,0.0,0.0
2018-07-20 00:00:00+09:00,792.375897184041,809.0194091796875,790.9286352713762,809.0194091796875,7400,0.0,0.0
2018-07-23 00:00:00+09:00,811.9140996278838,811.9140996278838,799.6123708456431,801.7832641601562,1900,0.0,0.0
2018-07-24 00:00:00+09:00,802.5067379113399,816.2557262073863,802.5067379113399,811.9139404296875,6800,0.0,0.0
2018-07-25 00:00:00+09:00,831.4519332508316,834.3464569523142,817.7029456687901,819.1502075195312,17400,0.0,0.0
2018-07-26 00:00:00+09:00,822.0448161162664,831.4520191175969,822.0448161162664,828.5574951171875,5700,0.0,0.0
2018-07-27 00:00:00+09:00,832.1757254555033,835.7938807835707,824.9394147993685,834.3466186523438,10400,0.0,0.0
2018-07-30 00:00:00+09:00,820.5976545261475,824.9394410580318,814.0849747283208,819.8740234375,10600,0.0,0.0
2018-07-31 00:00:00+09:00,828.5574452178981,832.8992309570312,801.7830998265774,832.8992309570312,12200,0.0,0.0
2018-08-01 00:00:00+09:00,817.7031976839064,831.4521895033703,817.7031976839064,822.7686157226562,10000,0.0,0.0
2018-08-02 00:00:00+09:00,825.6630599189609,835.793895009991,814.0849626720693,814.80859375,8500,0.0,0.0
2018-08-03 00:00:00+09:00,824.2157378310955,824.2157378310955,815.5321655273438,815.5321655273438,4500,0.0,0.0
2018-08-06 00:00:00+09:00,816.2558366031391,816.2558366031391,795.2705358394059,806.8486328125,7700,0.0,0.0
2018-08-07 00:00:00+09:00,820.5975827045322,820.5975827045322,809.0194862995301,815.5321655273438,3900,0.0,0.0
2018-08-08 00:00:00+09:00,816.2559050324675,835.7939453125,816.2559050324675,835.7939453125,12200,0.0,0.0
2018-08-09 00:00:00+09:00,842.3065113988416,845.9246665165342,834.3465701399178,839.4119873046875,13900,0.0,0.0
2018-08-10 00:00:00+09:00,826.3867252384221,833.6230363175675,801.7832675693272,803.2305297851562,31800,0.0,0.0
2018-08-13 00:00:00+09:00,798.8886576186131,798.8886576186131,785.1396680400319,793.099609375,17500,0.0,0.0
2018-08-14 00:00:00+09:00,789.4815370578611,802.5068969726562,785.8633815259736,802.5068969726562,10600,0.0,0.0
2018-08-15 00:00:00+09:00,816.2556435819364,816.2556435819364,795.993978670328,803.9539184570312,6200,0.0,0.0
2018-08-16 00:00:00+09:00,809.7429965084547,809.7429965084547,790.9285926574986,792.3758544921875,3400,0.0,0.0
2018-08-17 00:00:00+09:00,796.7176920759568,803.2303707577767,785.1395966416105,788.7577514648438,9000,0.0,0.0
2018-08-20 00:00:00+09:00,786.586982034741,801.7832346775465,781.5215644871391,789.4815063476562,10900,0.0,0.0
2018-08-21 00:00:00+09:00,789.4815606448008,797.4415030527686,781.5216182368331,786.5870361328125,7700,0.0,0.0
2018-08-22 00:00:00+09:00,780.7978992427667,801.7831995931284,780.7978992427667,800.3359375,10500,0.0,0.0
2018-08-23 00:00:00+09:00,806.1249840921946,806.8486151371607,793.0996252828054,799.6123046875,9300,0.0,0.0
2018-08-24 00:00:00+09:00,811.9140874462491,811.9140874462491,794.5469411907144,796.7178344726562,17500,0.0,0.0
2018-08-27 00:00:00+09:00,802.5067712633913,811.9139741727007,796.7177233192009,801.0595092773438,16600,0.0,0.0
2018-08-28 00:00:00+09:00,801.0596347599013,809.7432080364314,801.0596347599013,802.5068969726562,7000,0.0,0.0
2018-08-29 00:00:00+09:00,795.9942153214547,803.2305263698316,795.2705842166171,801.7832641601562,6400,0.0,0.0
2018-08-30 00:00:00+09:00,802.5067929019876,816.2557821401642,802.5067929019876,809.7431030273438,8300,0.0,0.0
2018-08-31 00:00:00+09:00,809.7431066208499,815.5321547468255,806.848582557862,811.1903686523438,6500,0.0,0.0
2018-09-03 00:00:00+09:00,808.2958931777379,813.3613105924596,802.5068447037702,806.125,11600,0.0,0.0
2018-09-04 00:00:00+09:00,815.532035848018,816.2556667582647,797.4412630918508,812.6375122070312,12900,0.0,0.0
2018-09-05 00:00:00+09:00,810.4667881165919,810.4667881165919,802.5068464475897,806.8486328125,4300,0.0,0.0
2018-09-06 00:00:00+09:00,804.6776234416928,813.3611949176823,796.7176829220358,809.0194091796875,5900,0.0,0.0
2018-09-07 00:00:00+09:00,824.2158134292401,825.6630756126101,804.6777739537445,821.3212890625,10500,0.0,0.0
2018-09-10 00:00:00+09:00,812.6377753722779,848.8193326016759,812.6377753722779,847.3720703125,36000,0.0,0.0
2018-09-11 00:00:00+09:00,851.7137147048425,860.3972869873047,815.5321635279162,839.4119873046875,40600,0.0,0.0
2018-09-12 00:00:00+09:00,839.4118802841396,850.9899751846104,828.5574163149481,845.200927734375,48100,0.0,0.0
2018-09-13 00:00:00+09:00,843.7537243652343,869.8044396972656,843.7537243652343,868.357177734375,38300,0.0,0.0
2018-09-14 00:00:00+09:00,856.7791642349321,864.7391057945472,832.1757085052128,852.4373779296875,18900,0.0,0.0
2018-09-17 00:00:00+09:00,852.4373779296875,852.4373779296875,852.4373779296875,852.4373779296875,0,0.0,0.0
2018-09-18 00:00:00+09:00,863.2917608642578,877.0407495117187,859.6736059570312,868.357177734375,21600,0.0,0.0
2018-09-19 00:00:00+09:00,870.5281156832986,870.5281156832986,854.6082332684751,861.8445434570312,6600,0.0,0.0
2018-09-20 00:00:00+09:00,859.6736522931509,859.6736522931509,813.361266984429,837.9647216796875,30700,0.0,0.0
2018-09-21 00:00:00+09:00,843.7537912743724,864.7390914004073,843.7537912743724,846.6483154296875,24800,0.0,0.0
2018-09-24 00:00:00+09:00,846.6483154296875,846.6483154296875,846.6483154296875,846.6483154296875,0,0.0,0.0
2018-09-25 00:00:00+09:00,864.7391093625861,864.7391093625861,851.7137503931078,853.8846435546875,17300,0.0,0.0
2018-09-26 00:00:00+09:00,847.3161973520871,858.2634350439746,847.3161973520871,853.1547241210938,8200,10.0,0.0
2018-09-27 00:00:00+09:00,853.1549329059881,853.1549329059881,837.0989803619916,837.8287963867188,21700,0.0,0.0
2018-09-28 00:00:00+09:00,841.4776705830806,858.9932508901004,840.7478547369547,853.1547241210938,12100,0.0,0.0
2018-10-01 00:00:00+09:00,853.1548542804028,858.2635659826807,845.8566947057202,848.046142578125,7800,0.0,0.0
2018-10-02 00:00:00+09:00,848.775786674186,873.5895242037839,848.775786674186,852.4248657226562,21400,0.0,0.0
2018-10-03 00:00:00+09:00,848.7758419184214,858.9932639191591,848.0460260612258,850.2354736328125,5500,0.0,0.0
2018-10-04 00:00:00+09:00,851.6951930145818,851.6951930145818,840.7479540298185,844.3970336914062,6100,0.0,0.0
2018-10-05 00:00:00+09:00,842.9374690798153,842.9374690798153,823.2324373350924,829.80078125,6000,0.0,0.0
2018-10-08 00:00:00+09:00,829.80078125,829.80078125,829.80078125,829.80078125,0,0.0,0.0
2018-10-09 00:00:00+09:00,813.7447514056321,831.2603334986682,810.8254877234594,830.530517578125,6700,0.0,0.0
2018-10-10 00:00:00+09:00,819.5833338531629,835.6392851842133,819.5833338531629,828.3411254882812,3900,0.0,0.0
2018-10-11 00:00:00+09:00,796.2291422895952,815.204355579723,795.499326393821,802.7974853515625,32400,0.0,0.0
2018-10-12 00:00:00+09:00,802.7974043742265,813.0148258844439,802.7974043742265,810.8253784179688,4800,0.0,0.0
2018-10-15 00:00:00+09:00,815.2043123809286,815.2043123809286,790.3905732395217,802.067626953125,40600,0.0,0.0
2018-10-16 00:00:00+09:00,802.7974428102251,802.7974428102251,792.5800208108222,802.067626953125,4500,0.0,0.0
2018-10-17 00:00:00+09:00,810.0957486934818,818.1237245814352,803.5274047851562,803.5274047851562,2000,0.0,0.0
2018-10-18 00:00:00+09:00,813.014913384307,813.014913384307,804.9869384765625,804.9869384765625,1200,0.0,0.0
2018-10-19 00:00:00+09:00,804.9869407660789,804.9869407660789,786.7415431965848,797.6887817382812,15300,0.0,0.0
2018-10-22 00:00:00+09:00,802.7975250692929,804.9869728649364,786.741574567907,794.0397338867188,4100,0.0,0.0
2018-10-23 00:00:00+09:00,794.039741847826,800.6080853006114,767.7663680366848,788.9310302734375,20300,0.0,0.0
2018-10-24 00:00:00+09:00,788.9311150350949,799.1485392816179,776.5242427357456,790.3907470703125,14000,0.0,0.0
2018-10-25 00:00:00+09:00,778.713515517291,778.713515517291,737.8438277300667,744.4121704101562,24300,0.0,0.0
2018-10-26 00:00:00+09:00,759.0085851976197,771.4154563018116,700.6233094131874,716.6792602539062,41000,0.0,0.0
2018-10-29 00:00:00+09:00,713.0301809066381,721.787972279084,682.3779111030774,683.1077270507812,18900,0.0,0.0
2018-10-30 00:00:00+09:00,672.8901848414118,707.1915283203125,672.1603690227118,707.1915283203125,14600,0.0,0.0
2018-10-31 00:00:00+09:00,718.1388759251645,719.598507786801,677.269183799342,693.3251342773438,38900,0.0,0.0
2018-11-01 00:00:00+09:00,694.0550783524602,710.1110317948935,693.325262286895,705.0023193359375,7400,0.0,0.0
2018-11-02 00:00:00+09:00,715.9493464027963,729.8158475053989,707.1915562327315,718.1387939453125,10600,0.0,0.0
2018-11-05 00:00:00+09:00,716.6792788568744,719.5985427218718,713.0301990256276,715.949462890625,5700,0.0,0.0
2018-11-06 00:00:00+09:00,715.9494784268466,722.517822265625,715.9494784268466,722.517822265625,2900,0.0,0.0
2018-11-07 00:00:00+09:00,733.4650460806097,740.0333897768539,715.2196469243756,715.949462890625,18500,0.0,0.0
2018-11-08 00:00:00+09:00,734.9247838747456,767.7665070866259,731.2757035178699,761.927978515625,26900,0.0,0.0
2018-11-09 00:00:00+09:00,745.1419392580066,761.9277028260127,732.0052547265236,734.1947021484375,35700,0.0,0.0
2018-11-12 00:00:00+09:00,734.1948080569834,737.8438876198909,722.5177534556796,727.62646484375,13600,0.0,0.0
2018-11-13 00:00:00+09:00,729.8158172202184,729.8158172202184,705.7318952519512,714.4896850585938,15500,0.0,0.0
2018-11-14 00:00:00+09:00,705.002079434731,715.219500875814,696.9741054453085,714.4896850585938,22200,0.0,0.0
2018-11-15 00:00:00+09:00,703.5425518805273,703.5425518805273,675.8095467234111,691.1356811523438,55500,0.0,0.0
2018-11-16 00:00:00+09:00,685.297131387811,686.0269472891824,664.8622861494098,665.5921020507812,48700,0.0,0.0
2018-11-19 00:00:00+09:00,667.051575799383,667.051575799383,637.8589466615545,652.4552612304688,54100,0.0,0.0
2018-11-20 00:00:00+09:00,648.0766160209882,653.1853280842167,637.8591918945312,637.8591918945312,14100,0.0,0.0
2018-11-21 00:00:00+09:00,652.4552612304688,665.5919443424916,644.4272882175659,652.4552612304688,39000,0.0,0.0
2018-11-22 00:00:00+09:00,674.349946975708,674.349946975708,645.1573085784912,653.9151000976562,14300,0.0,0.0
2018-11-23 00:00:00+09:00,653.9151000976562,653.9151000976562,653.9151000976562,653.9151000976562,0,0.0,0.0
2018-11-26 00:00:00+09:00,656.834155601143,661.942865700263,643.6974724891202,652.4552612304688,15000,0.0,0.0
2018-11-27 00:00:00+09:00,656.8345005736757,659.7537650206698,646.6170750091964,650.9959716796875,9400,0.0,0.0
2018-11-28 00:00:00+09:00,650.9957132571054,661.9429505876622,649.5360816130312,661.213134765625,13100,0.0,0.0
2018-11-29 00:00:00+09:00,664.1325099031691,686.0269882516252,664.1325099031691,673.6201171875,17000,0.0,0.0
2018-11-30 00:00:00+09:00,672.8902852331782,677.9989967262718,666.3219418849152,667.0517578125,12500,0.0,0.0
2018-12-03 00:00:00+09:00,677.9990209721061,677.9990209721061,663.4027018984333,668.5114135742188,22500,0.0,0.0
2018-12-04 00:00:00+09:00,672.160490828099,677.2692024847729,658.293987759984,659.0238037109375,17500,0.0,0.0
2018-12-05 00:00:00+09:00,655.3745241442516,660.4832342433716,650.9956297735773,652.4552612304688,23600,0.0,0.0
2018-12-06 00:00:00+09:00,653.18527086046,661.2132462565104,648.8063751898871,656.8343505859375,17800,0.0,0.0
2018-12-07 00:00:00+09:00,659.753523262919,664.8622341731407,651.7255489754277,653.1851806640625,29300,0.0,0.0
2018-12-10 00:00:00+09:00,651.7256790710999,651.7256790710999,645.88715115109,648.0765991210938,14600,0.0,0.0
2018-12-11 00:00:00+09:00,648.0764955608794,655.3746542946731,642.2379685738445,647.3466796875,14800,0.0,0.0
2018-12-12 00:00:00+09:00,652.4554281978284,661.2132191803496,645.8870849609375,645.8870849609375,10600,0.0,0.0
2018-12-13 00:00:00+09:00,648.8062947127705,651.7255581310508,640.7783203125,640.7783203125,6900,0.0,0.0
2018-12-14 00:00:00+09:00,640.7783735544668,650.9957963674083,640.7783735544668,645.8870849609375,14800,0.0,0.0
2018-12-17 00:00:00+09:00,649.5361747064535,649.5361747064535,616.6944580078125,616.6944580078125,37700,0.0,0.0
2018-12-18 00:00:00+09:00,610.8559105682373,616.694437789917,580.2036426544189,583.8527221679688,36000,0.0,0.0
2018-12-19 00:00:00+09:00,585.3123539733887,596.989408416748,577.2843790435791,583.8527221679688,23100,0.0,0.0
2018-12-20 00:00:00+09:00,591.1507156025743,591.1507156025743,546.6319580078125,546.6319580078125,21700,0.0,0.0
2018-12-21 00:00:00+09:00,525.4674465373411,527.6568942312467,500.6537060064111,516.7096557617188,75700,0.0,0.0
2018-12-24 00:00:00+09:00,516.7096557617188,516.7096557617188,516.7096557617188,516.7096557617188,0,0.0,0.0
2018-12-25 00:00:00+09:00,498.4642598595833,498.4642598595833,467.81199204976997,472.1908874511719,72200,0.0,0.0
2018-12-26 00:00:00+09:00,508.68168221932865,508.68168221932865,487.51702112268515,492.625732421875,20400,0.0,0.0
2018-12-27 00:00:00+09:00,536.4146523923727,536.4146523923727,516.7096243453059,520.3587036132812,18400,0.0,0.0
2018-12-28 00:00:00+09:00,520.3587036132812,528.3866780028269,520.3587036132812,520.3587036132812,16300,0.0,0.0
2018-12-31 00:00:00+09:00,520.3587036132812,520.3587036132812,520.3587036132812,520.3587036132812,0,0.0,0.0
2019-01-04 00:00:00+09:00,520.3587234600872,536.4146728515625,514.5201964086416,536.4146728515625,37900,0.0,0.0
2019-01-07 00:00:00+09:00,562.6879404690338,567.0668349473921,548.821441287566,552.4705200195312,27900,0.0,0.0
2019-01-08 00:00:00+09:00,553.2005428671051,561.2285190828547,549.5514627690372,553.9303588867188,51100,0.0,0.0
2019-01-09 00:00:00+09:00,555.3899271038636,569.2564298830665,553.9302952323685,561.2284545898438,19600,0.0,0.0
2019-01-10 00:00:00+09:00,561.9582705255913,566.3371661400764,549.5513996178834,561.2284545898438,11500,0.0,0.0
2019-01-11 00:00:00+09:00,567.0670166015625,567.0670166015625,561.9583047402871,567.0670166015625,6600,0.0,0.0
2019-01-15 00:00:00+09:00,578.0141376201923,578.0141376201923,563.4178210136217,569.25634765625,20100,0.0,0.0
2019-01-16 00:00:00+09:00,571.4459984519265,594.0702972412109,569.2565501819957,578.0143432617188,12900,0.0,0.0
2019-01-17 00:00:00+09:00,578.7440424313336,583.852754029088,573.635330833579,580.2036743164062,22100,0.0,0.0
2019-01-18 00:00:00+09:00,586.7721046730323,591.1510009765625,582.3932083695023,591.1510009765625,13500,0.0,0.0
2019-01-21 00:00:00+09:00,588.9615528247974,603.5578738365645,588.9615528247974,591.1510009765625,25100,0.0,0.0
2019-01-22 00:00:00+09:00,591.8807213229134,594.0701691206554,581.6632982667842,585.3123779296875,11000,0.0,0.0
2019-01-23 00:00:00+09:00,583.8527593397556,585.312391238105,575.0949679496592,582.3931274414062,5400,0.0,0.0
2019-01-24 00:00:00+09:00,582.3930390301873,595.5297241210938,581.6632231918036,595.5297241210938,10200,0.0,0.0
2019-01-25 00:00:00+09:00,606.4769616968492,606.4769616968492,595.5297241210938,595.5297241210938,8400,0.0,0.0
2019-01-28 00:00:00+09:00,598.4490517684145,613.0453701042295,596.989419934833,605.0173950195312,8600,0.0,0.0
2019-01-29 00:00:00+09:00,605.7471890957294,605.7471890957294,591.1508712861937,596.2595825195312,6400,0.0,0.0
2019-01-30 00:00:00+09:00,593.3402969265577,600.6384555603407,587.5017700195312,587.5017700195312,12800,0.0,0.0
2019-01-31 00:00:00+09:00,591.1509160712213,599.9087074204247,588.9614682339205,589.6912841796875,13700,0.0,0.0
2019-02-01 00:00:00+09:00,590.4211577996065,597.7193179701826,590.4211577996065,596.989501953125,10000,0.0,0.0
2019-02-04 00:00:00+09:00,599.1788729887742,608.6664799910325,599.1788729887742,607.2068481445312,12700,0.0,0.0
2019-02-05 00:00:00+09:00,617.4241274361933,619.6135746966053,610.8557856549571,615.2346801757812,11400,0.0,0.0
2019-02-06 00:00:00+09:00,623.9925392423044,638.5888559497267,623.9925392423044,634.2099609375,11600,0.0,0.0
2019-02-07 00:00:00+09:00,648.0764788582005,656.834269113041,638.5888727487899,640.7783203125,28600,0.0,0.0
2019-02-08 00:00:00+09:00,613.7752075195312,626.9118944818993,608.6664959230548,613.7752075195312,50700,0.0,0.0
2019-02-12 00:00:00+09:00,615.234930498081,633.4803317584036,610.1262181451906,626.9119873046875,11900,0.0,0.0
2019-02-13 00:00:00+09:00,629.1013369322101,634.9398644211401,623.9926253793963,628.3715209960938,10800,0.0,0.0
2019-02-14 00:00:00+09:00,628.3714916193596,629.1013075213566,623.262780305381,624.722412109375,5200,0.0,0.0
2019-02-15 00:00:00+09:00,627.6416366485778,627.6416366485778,596.2595548161489,609.396240234375,22300,0.0,0.0
2019-02-18 00:00:00+09:00,613.0453523410023,633.4801974190357,610.1260887584261,622.532958984375,8000,0.0,0.0
2019-02-19 00:00:00+09:00,629.1012998295824,655.374671980238,626.9118521503613,629.8311157226562,41600,0.0,0.0
2019-02-20 00:00:00+09:00,648.0764788582005,653.1851898401908,634.9397934759397,640.7783203125,14100,0.0,0.0
2019-02-21 00:00:00+09:00,647.3466667406486,654.6448253284801,640.7783240116004,650.2659301757812,8300,0.0,0.0
2019-02-22 00:00:00+09:00,648.0765163473886,650.2659640377515,639.3187255859375,639.3187255859375,2200,0.0,0.0
2019-02-25 00:00:00+09:00,661.2131276793966,667.051654193122,653.1851537230242,666.3218383789062,12900,0.0,0.0
2019-02-26 00:00:00+09:00,705.7320429805965,713.0302026804992,672.8903243310341,691.8655395507812,83400,0.0,0.0
2019-02-27 00:00:00+09:00,705.7320077449717,705.7320077449717,686.0269775390625,686.0269775390625,17900,0.0,0.0
2019-02-28 00:00:00+09:00,686.0269204844599,686.7567363573157,664.1324442987857,671.4306030273438,24900,0.0,0.0
2019-03-01 00:00:00+09:00,681.6481971905861,681.6481971905861,674.3500366210938,674.3500366210938,3000,0.0,0.0
2019-03-04 00:00:00+09:00,677.2691300101902,681.648025247325,670.7007871544879,671.4306030273438,8400,0.0,0.0
2019-03-05 00:00:00+09:00,669.2411331647294,675.8094758021149,659.0237112843517,662.6727905273438,10300,0.0,0.0
2019-03-06 00:00:00+09:00,656.1044624271002,676.539306640625,656.1044624271002,676.539306640625,4000,0.0,0.0
2019-03-07 00:00:00+09:00,675.8096034808254,675.8096034808254,654.6449398728946,655.374755859375,6700,0.0,0.0
2019-03-08 00:00:00+09:00,644.4273265173675,646.6167738328286,634.939721483703,636.3993530273438,16800,0.0,0.0
2019-03-11 00:00:00+09:00,636.3994415868095,653.185206674535,636.3994415868095,647.3466796875,7800,0.0,0.0
2019-03-12 00:00:00+09:00,656.834155601143,668.5112072562745,652.4552612304688,652.4552612304688,8600,0.0,0.0
2019-03-13 00:00:00+09:00,659.0237034388952,659.0237034388952,643.6975708007812,643.6975708007812,6200,0.0,0.0
2019-03-14 00:00:00+09:00,643.6974724891202,652.4552612304688,643.6974724891202,652.4552612304688,1900,0.0,0.0
2019-03-15 00:00:00+09:00,660.4834865540299,664.13256659024,653.1853264816096,654.6449584960938,3800,0.0,0.0
2019-03-18 00:00:00+09:00,664.8623313185648,668.5114110733319,658.293987759984,659.0238037109375,3100,0.0,0.0
2019-03-19 00:00:00+09:00,656.8343639373779,659.7536277770996,653.9151000976562,653.9151000976562,4900,0.0,0.0
2019-03-20 00:00:00+09:00,654.6449212911264,657.564185154186,653.9151053253615,656.1045532226562,3500,0.0,0.0
2019-03-22 00:00:00+09:00,656.104576999948,664.1325529142966,656.104576999948,657.564208984375,8100,0.0,0.0
2019-03-25 00:00:00+09:00,664.1325876557131,664.1325876557131,637.12939453125,637.12939453125,8400,0.0,0.0
2019-03-26 00:00:00+09:00,641.508189469677,653.1852441130385,641.508189469677,645.8870849609375,12200,0.0,0.0
2019-03-27 00:00:00+09:00,648.11181640625,648.8533631069437,648.11181640625,648.11181640625,2000,14.0,0.0
2019-03-28 00:00:00+09:00,648.1116936295122,649.5947867499458,638.4715883466932,640.6962280273438,4400,0.0,0.0
2019-03-29 00:00:00+09:00,645.887145244261,662.9427185400336,642.179411919093,662.201171875,6100,0.0,0.0
2019-04-01 00:00:00+09:00,665.908751344145,665.908751344145,659.9763793945312,659.9763793945312,5000,0.0,0.0
2019-04-02 00:00:00+09:00,659.9763793945312,659.9763793945312,659.9763793945312,659.9763793945312,0,0.0,0.0
2019-04-03 00:00:00+09:00,659.9763793945312,662.9425653693381,659.2348329008296,659.9763793945312,3300,0.0,0.0
2019-04-04 00:00:00+09:00,662.9425048828125,666.6502370130296,660.7178656046823,662.9425048828125,3000,0.0,0.0
2019-04-05 00:00:00+09:00,665.9088745117188,668.1335144042969,662.2011413574219,667.3919677734375,4700,0.0,0.0
2019-04-08 00:00:00+09:00,673.3241860160615,673.3241860160615,663.68408203125,663.68408203125,8500,0.0,0.0
2019-04-09 00:00:00+09:00,665.1672667775834,667.3919064658028,664.4257202148438,664.4257202148438,5000,0.0,0.0
2019-04-10 00:00:00+09:00,666.6503599030631,666.6503599030631,659.976440838405,664.4257202148438,7300,0.0,0.0
2019-04-11 00:00:00+09:00,665.9087214123604,666.6502678727304,661.4594426501396,663.68408203125,6100,0.0,0.0
2019-04-12 00:00:00+09:00,664.4258115982242,668.133544921875,659.9765316098433,668.133544921875,7900,0.0,0.0
2019-04-15 00:00:00+09:00,668.1334839543102,671.0996703425647,662.942657774865,669.6165771484375,7800,0.0,0.0
2019-04-16 00:00:00+09:00,674.0658260784318,674.0658260784318,667.3919070083483,670.3580932617188,8500,0.0,0.0
2019-04-17 00:00:00+09:00,669.6166383193784,669.6166383193784,664.4258116657397,666.6504516601562,9000,0.0,0.0
2019-04-18 00:00:00+09:00,667.391936947601,676.2904961069023,659.9764709815165,660.718017578125,17100,0.0,0.0
2019-04-19 00:00:00+09:00,663.6842039645588,666.6503903509926,660.718017578125,660.718017578125,5900,0.0,0.0
2019-04-22 00:00:00+09:00,660.7179874011448,667.3919064658028,656.2687080247061,664.4257202148438,19400,0.0,0.0
2019-04-23 00:00:00+09:00,664.4257505611672,667.391936947601,660.718017578125,660.718017578125,14600,0.0,0.0
2019-04-24 00:00:00+09:00,665.908997403132,665.908997403132,659.976623261456,661.459716796875,15800,0.0,0.0
2019-04-25 00:00:00+09:00,671.0995768000571,671.0995768000571,659.9763793945312,659.9763793945312,5200,0.0,0.0
2019-04-26 00:00:00+09:00,665.9088133403233,665.9088133403233,657.0102545874458,664.4257202148438,7000,0.0,0.0
2019-05-07 00:00:00+09:00,658.4932864071278,659.9763793945312,652.5609144575141,659.9763793945312,12300,0.0,0.0
2019-05-08 00:00:00+09:00,658.4933775820974,662.9426571603549,654.7856446002163,656.2687377929688,11200,0.0,0.0
2019-05-09 00:00:00+09:00,656.2687683105469,658.493408203125,654.7856750488281,658.493408203125,4600,0.0,0.0
2019-05-10 00:00:00+09:00,659.9765317442691,665.9089050633187,658.4934384145067,665.1673583984375,14300,0.0,0.0
2019-05-13 00:00:00+09:00,664.4256555316092,664.4256555316092,645.1454467773438,645.1454467773438,30300,0.0,0.0
2019-05-14 00:00:00+09:00,645.1453840428328,645.1453840428328,622.8989914896316,639.2130126953125,18700,0.0,0.0
2019-05-15 00:00:00+09:00,639.213135187527,645.8870542324083,631.7976695821033,643.6624145507812,6800,0.0,0.0
2019-05-16 00:00:00+09:00,645.1454495204969,662.9425653693381,645.1454495204969,659.9763793945312,12800,0.0,0.0
2019-05-17 00:00:00+09:00,663.6842641469594,701.5031440033785,656.2687975084459,685.9306640625,61700,0.0,0.0
2019-05-20 00:00:00+09:00,663.6842650009343,688.1553049395162,651.0779716992405,666.6504516601562,52400,0.0,0.0
2019-05-21 00:00:00+09:00,657.0104076450892,658.4935011160715,647.3703000837054,648.8533935546875,5400,0.0,0.0
2019-05-22 00:00:00+09:00,650.3363648846525,660.7180172317279,650.3363648846525,653.3025512695312,2600,0.0,0.0
2019-05-23 00:00:00+09:00,656.2687069286,657.7518000516025,649.5947878750887,652.5609741210938,4500,0.0,0.0
2019-05-24 00:00:00+09:00,657.0103459134272,657.0103459134272,645.8871459261795,647.3702392578125,3300,0.0,0.0
2019-05-27 00:00:00+09:00,654.785613944471,666.6503589310073,640.6962292729593,654.0440673828125,11000,0.0,0.0
2019-05-28 00:00:00+09:00,655.5271914018659,667.391936947601,655.5271914018659,660.718017578125,20100,0.0,0.0
2019-05-29 00:00:00+09:00,654.785613944471,656.2687070677881,648.853241451203,654.0440673828125,2200,0.0,0.0
2019-05-30 00:00:00+09:00,648.8533935546875,648.8533935546875,648.8533935546875,648.8533935546875,500,0.0,0.0
2019-05-31 00:00:00+09:00,649.5947546114816,649.5947546114816,629.5729984761962,632.5391845703125,6900,0.0,0.0
2019-06-03 00:00:00+09:00,622.8991073980565,623.6406539544827,601.394257261695,608.0681762695312,6400,0.0,0.0
2019-06-04 00:00:00+09:00,616.9666742149758,616.9666742149758,605.8434769635039,614.00048828125,2900,0.0,0.0
2019-06-05 00:00:00+09:00,622.1575312997053,626.6068104269976,615.4836126087669,619.1913452148438,5300,0.0,0.0
2019-06-06 00:00:00+09:00,621.4161659746981,640.6963811481373,621.4161659746981,636.9886474609375,7600,0.0,0.0
2019-06-07 00:00:00+09:00,658.4933146486622,658.4933146486622,635.5053723579995,644.4039306640625,12800,0.0,0.0
2019-06-10 00:00:00+09:00,645.8869943814288,658.49328474249,645.8869943814288,651.0778198242188,4500,0.0,0.0
2019-06-11 00:00:00+09:00,648.853331704824,666.6504516601562,648.853331704824,666.6504516601562,7900,0.0,0.0
2019-06-12 00:00:00+09:00,663.68408203125,663.68408203125,659.2348032690294,663.68408203125,1300,0.0,0.0
2019-06-13 00:00:00+09:00,661.4594426501396,663.68408203125,657.010163887919,663.68408203125,2800,0.0,0.0
2019-06-14 00:00:00+09:00,659.2349850793879,665.1673583984375,657.7518917496255,665.1673583984375,2600,0.0,0.0
2019-06-17 00:00:00+09:00,671.8412783823683,671.8412783823683,653.3026117603383,665.1673583984375,4700,0.0,0.0
2019-06-18 00:00:00+09:00,661.4595637576437,661.4595637576437,645.8870852386856,651.8194580078125,4700,0.0,0.0
2019-06-19 00:00:00+09:00,659.9764709815165,661.4595641747335,658.4933777882997,660.718017578125,1500,0.0,0.0
2019-06-20 00:00:00+09:00,657.0103149414062,660.7180480957031,655.5272216796875,655.5272216796875,1800,0.0,0.0
2019-06-21 00:00:00+09:00,656.2687683105469,657.7518615722656,654.7856750488281,655.5272216796875,700,0.0,0.0
2019-06-24 00:00:00+09:00,652.5611272321429,652.5611272321429,646.6287533482143,648.8533935546875,1600,0.0,0.0
2019-06-25 00:00:00+09:00,658.493408203125,658.493408203125,648.8533020019531,655.5272216796875,6300,0.0,0.0
2019-06-26 00:00:00+09:00,652.56103515625,668.8750610351562,652.56103515625,658.493408203125,8200,0.0,0.0
2019-06-27 00:00:00+09:00,660.7180480957031,667.3919677734375,658.493408203125,658.493408203125,7500,0.0,0.0
2019-06-28 00:00:00+09:00,659.23486328125,662.2010493927518,657.0102236976238,659.23486328125,1300,0.0,0.0
2019-07-01 00:00:00+09:00,666.6504517281999,666.6504517281999,656.2687984198631,665.1673583984375,9100,0.0,0.0
2019-07-02 00:00:00+09:00,664.425903867713,667.3920909385511,659.2350764937465,661.459716796875,12500,0.0,0.0
2019-07-03 00:00:00+09:00,662.9427182687639,668.133544921875,662.9427182687639,668.133544921875,4200,0.0,0.0
2019-07-04 00:00:00+09:00,668.8750915866052,670.3581849160655,667.3919982571449,668.133544921875,6100,0.0,0.0
2019-07-05 00:00:00+09:00,667.3919677734375,668.8750610351562,664.42578125,667.3919677734375,6100,0.0,0.0
2019-07-08 00:00:00+09:00,667.3919983249618,672.5828249786005,665.1673583305453,666.6504516601562,17200,0.0,0.0
2019-07-09 00:00:00+09:00,663.6842039645588,667.391936947601,660.718017578125,660.718017578125,6300,0.0,0.0
2019-07-10 00:00:00+09:00,666.6504211425781,667.3919677734375,662.9426879882812,667.3919677734375,1200,0.0,0.0
2019-07-11 00:00:00+09:00,666.6504211425781,667.3919677734375,662.2011413574219,667.3919677734375,1000,0.0,0.0
2019-07-12 00:00:00+09:00,663.6842650009343,667.3919983249618,659.9765316769067,666.6504516601562,10900,0.0,0.0
2019-07-16 00:00:00+09:00,667.3919983930812,667.3919983930812,661.4596250740315,665.1673583984375,6900,0.0,0.0
2019-07-17 00:00:00+09:00,662.2009891105098,667.3918143331006,659.9763497293994,663.68408203125,6800,0.0,0.0
2019-07-18 00:00:00+09:00,663.68408203125,666.6502678727304,659.9763497293994,663.68408203125,1400,0.0,0.0
2019-07-19 00:00:00+09:00,663.6843571000035,663.6843571000035,660.7181700291655,661.459716796875,3600,0.0,0.0
2019-07-22 00:00:00+09:00,665.1673583305453,668.8750916545729,665.1673583305453,666.6504516601562,2700,0.0,0.0
2019-07-23 00:00:00+09:00,663.6841440780387,672.5827024343922,663.6841440780387,671.099609375,10400,0.0,0.0
2019-07-24 00:00:00+09:00,672.5827333555117,674.807373046875,672.5827333555117,674.807373046875,9100,0.0,0.0
2019-07-25 00:00:00+09:00,689.6383355451599,689.6383355451599,674.8074035979521,675.5489501953125,19200,0.0,0.0
2019-07-26 00:00:00+09:00,675.5489501953125,688.1552423504392,675.5489501953125,675.5489501953125,5200,0.0,0.0
2019-07-29 00:00:00+09:00,682.9643859199856,683.7059324845025,676.2904668393343,682.2228393554688,5400,0.0,0.0
2019-07-30 00:00:00+09:00,682.9643872200174,700.0199582363696,682.9643872200174,697.0537719726562,10000,0.0,0.0
2019-07-31 00:00:00+09:00,696.3122254067279,700.761504802298,696.3122254067279,697.0537719726562,2000,0.0,0.0
2019-08-01 00:00:00+09:00,685.9305730978988,700.7615044081236,683.7059334013651,692.6044921875,5100,0.0,0.0
2019-08-02 00:00:00+09:00,685.1890559609975,686.6721491557183,675.5489501953125,675.5489501953125,3400,0.0,0.0
2019-08-05 00:00:00+09:00,684.4475094988046,684.4475094988046,652.5610058060109,678.51513671875,10500,0.0,0.0
2019-08-06 00:00:00+09:00,662.2010210386702,672.5826719844052,661.4594745425462,671.8411254882812,7900,0.0,0.0
2019-08-07 00:00:00+09:00,682.9645074659778,692.6046145203293,678.5152272870464,689.638427734375,6900,0.0,0.0
2019-08-08 00:00:00+09:00,700.7614732326422,708.1769385578552,687.4136356472585,690.3798217773438,17200,0.0,0.0
2019-08-09 00:00:00+09:00,700.0199582363696,700.761504802298,691.8629460111576,697.0537719726562,5400,0.0,0.0
2019-08-13 00:00:00+09:00,696.3123480027722,696.3123480027722,688.1553343413979,689.638427734375,4800,0.0,0.0
2019-08-14 00:00:00+09:00,697.0537729941651,708.9185180664062,697.0537729941651,708.9185180664062,5900,0.0,0.0
2019-08-15 00:00:00+09:00,690.3798825479922,693.3460689391759,664.4257516251354,684.447509765625,22000,0.0,0.0
2019-08-16 00:00:00+09:00,684.4474180804933,688.8966970712659,677.0319530958726,683.7058715820312,7500,0.0,0.0
2019-08-19 00:00:00+09:00,687.4136356472585,692.6044613749077,679.9981703220453,690.3798217773438,4400,0.0,0.0
2019-08-20 00:00:00+09:00,690.3797296326735,694.0874618004108,685.1889045978414,688.1550903320312,2500,0.0,0.0
2019-08-21 00:00:00+09:00,689.6383359501963,703.7277213083187,684.447509765625,684.447509765625,3700,0.0,0.0
2019-08-22 00:00:00+09:00,695.5705843417057,695.5705843417057,682.9642944335938,682.9642944335938,5000,0.0,0.0
2019-08-23 00:00:00+09:00,691.8630065917969,694.087646484375,686.6721801757812,694.087646484375,3100,0.0,0.0
2019-08-26 00:00:00+09:00,671.8410961405993,683.7058395603009,671.8410961405993,677.0319213867188,4700,0.0,0.0
2019-08-27 00:00:00+09:00,681.4813231087774,681.4813231087774,671.0996707436817,678.51513671875,3700,0.0,0.0
2019-08-28 00:00:00+09:00,678.5150143141814,681.4812001691068,674.8072819955247,677.0319213867188,2200,0.0,0.0
2019-08-29 00:00:00+09:00,679.2565904495206,679.2565904495206,667.3918465115377,671.8411254882812,3900,0.0,0.0
2019-08-30 00:00:00+09:00,672.582643594005,682.2227476366975,668.1333648050701,681.481201171875,4300,0.0,0.0
2019-09-02 00:00:00+09:00,681.4812037830047,693.345947265625,678.5150179123497,693.345947265625,3800,0.0,0.0
2019-09-03 00:00:00+09:00,693.3461612168179,699.2785347887265,688.1553343413979,689.638427734375,3100,0.0,0.0
2019-09-04 00:00:00+09:00,689.638427734375,694.829254609795,683.7060541624664,689.638427734375,2000,0.0,0.0
2019-09-05 00:00:00+09:00,694.8291322748711,700.761504802298,689.6383063133726,697.0537719726562,4400,0.0,0.0
2019-09-06 00:00:00+09:00,697.0537721022425,698.536865234375,694.8291324040439,698.536865234375,2000,0.0,0.0
2019-09-09 00:00:00+09:00,702.2445678710938,702.9861144052766,692.6044629267176,702.2445678710938,5700,0.0,0.0
2019-09-10 00:00:00+09:00,702.2446594238281,702.9862060546875,693.3460998535156,702.9862060546875,2100,0.0,0.0
2019-09-11 00:00:00+09:00,702.9862060546875,707.4354858398438,699.2784729003906,707.4354858398438,3900,0.0,0.0
2019-09-12 00:00:00+09:00,707.4354251861572,719.3001702626547,707.4354251861572,711.8847045898438,5300,0.0,0.0
2019-09-13 00:00:00+09:00,710.4015793542468,710.4015793542468,699.2783813476562,699.2783813476562,1700,0.0,0.0
2019-09-17 00:00:00+09:00,707.4354858398438,711.1432189941406,705.952392578125,707.4354858398438,3800,0.0,0.0
2019-09-18 00:00:00+09:00,703.7277223597023,708.177001953125,695.5707097717604,708.177001953125,3800,0.0,0.0
2019-09-19 00:00:00+09:00,708.1769107826567,711.8846432998433,702.244538755158,710.4015502929688,2600,0.0,0.0
2019-09-20 00:00:00+09:00,713.3677676186043,715.5924072265625,711.8846745466321,715.5924072265625,3500,0.0,0.0
2019-09-24 00:00:00+09:00,704.4692091867713,717.8170468345207,704.4692091867713,715.5924072265625,9600,0.0,0.0
2019-09-25 00:00:00+09:00,711.8846754807693,736.3557112004207,710.4015824068509,723.0078735351562,14100,0.0,0.0
2019-09-26 00:00:00+09:00,730.4233389047477,731.1648854417067,720.0416873873197,723.0078735351562,5800,0.0,0.0
2019-09-27 00:00:00+09:00,729.7789909425845,735.7977867441729,723.7601951409962,728.2742919921875,10100,14.0,0.0
2019-09-30 00:00:00+09:00,729.0266414673861,729.0266414673861,726.0172435665919,728.2742919921875,3000,0.0,0.0
2019-10-01 00:00:00+09:00,728.2744806018286,759.1208170736003,726.017431591699,750.844970703125,22100,0.0,0.0
2019-10-02 00:00:00+09:00,753.1019248150765,753.8542743903163,741.064331611239,742.5690307617188,8100,0.0,0.0
2019-10-03 00:00:00+09:00,741.0643247800454,741.0643247800454,722.2555855724299,724.5126342773438,9700,0.0,0.0
2019-10-04 00:00:00+09:00,732.0361057064398,740.3119506835938,727.5220084461739,740.3119506835938,6100,0.0,0.0
2019-10-07 00:00:00+09:00,738.0550248579545,746.3308712121212,737.3026751893939,744.826171875,8600,0.0,0.0
2019-10-08 00:00:00+09:00,738.8072564697267,767.3965393066406,738.8072564697267,752.3495483398438,50100,0.0,0.0
2019-10-09 00:00:00+09:00,752.3494916471097,774.1676269048759,751.5971421554626,761.377685546875,22800,0.0,0.0
2019-10-10 00:00:00+09:00,756.863648066445,763.6347940233018,745.5784048050168,758.3683471679688,4900,0.0,0.0
2019-10-11 00:00:00+09:00,762.1300943120573,766.6441916130171,750.8448510596577,756.8636474609375,10800,0.0,0.0
2019-10-15 00:00:00+09:00,756.8636771570054,758.3683763163633,747.8354822008583,754.6066284179688,7000,0.0,0.0
2019-10-16 00:00:00+09:00,755.3589757871388,759.1207236745249,745.5784312799348,748.5878295898438,11300,0.0,0.0
2019-10-17 00:00:00+09:00,752.3494916471097,761.377685546875,745.5783462222857,761.377685546875,17100,0.0,0.0
2019-10-18 00:00:00+09:00,767.3965417771112,771.9106390816825,751.5972012111118,758.3683471679688,17000,0.0,0.0
2019-10-21 00:00:00+09:00,758.368381182664,768.14892578125,752.3495845066111,768.14892578125,9500,0.0,0.0
2019-10-23 00:00:00+09:00,768.14892578125,774.1677224573028,759.8730803516772,768.14892578125,8800,0.0,0.0
2019-10-24 00:00:00+09:00,768.1489241576547,768.1489241576547,759.8730787455742,763.6348266601562,4400,0.0,0.0
2019-10-25 00:00:00+09:00,771.9106439352036,771.9106439352036,760.6254006028175,770.4059448242188,11800,0.0,0.0
2019-10-28 00:00:00+09:00,769.653564453125,770.4059139784946,762.1300691994287,769.653564453125,6800,0.0,0.0
2019-10-29 00:00:00+09:00,770.4058816306483,773.415279605768,763.634736186629,765.8917846679688,5700,0.0,0.0
2019-10-30 00:00:00+09:00,772.6629861450195,772.6629861450195,752.3495483398438,752.3495483398438,11000,0.0,0.0
2019-10-31 00:00:00+09:00,756.1112697409266,762.1300659179688,756.1112697409266,762.1300659179688,3200,0.0,0.0
2019-11-01 00:00:00+09:00,755.3589483606175,762.1300943120573,746.3307537586978,756.8636474609375,9200,0.0,0.0
2019-11-05 00:00:00+09:00,762.1301591461779,774.167752972771,762.1301591461779,767.3966064453125,11400,0.0,0.0
2019-11-06 00:00:00+09:00,769.6535664105206,774.1676635742188,762.1300711376906,774.1676635742188,6200,0.0,0.0
2019-11-07 00:00:00+09:00,774.9201118901091,798.2429502091318,774.9201118901091,797.4906005859375,26200,0.0,0.0
2019-11-08 00:00:00+09:00,795.9858109051622,811.0328016595131,774.1676743113535,799.74755859375,22300,0.0,0.0
2019-11-11 00:00:00+09:00,759.8729634030598,786.2051948081163,750.844769778469,775.6723022460938,26200,0.0,0.0
2019-11-12 00:00:00+09:00,775.6723952716842,783.9482404200727,768.9012492411846,779.4341430664062,7400,0.0,0.0
2019-11-13 00:00:00+09:00,779.4341102651998,783.948207428898,774.1676635742188,774.1676635742188,9300,0.0,0.0
2019-11-14 00:00:00+09:00,780.9388039712256,780.9388039712256,759.8730173515779,762.1300659179688,5400,0.0,0.0
2019-11-15 00:00:00+09:00,765.8918764902401,767.3965756581973,757.6160310664752,766.6442260742188,5900,0.0,0.0
2019-11-18 00:00:00+09:00,766.6442266122368,776.4247712108228,766.6442266122368,768.14892578125,9900,0.0,0.0
2019-11-19 00:00:00+09:00,776.4246790339103,779.4340770146619,765.8917861012796,768.9011840820312,5900,0.0,0.0
2019-11-20 00:00:00+09:00,769.653591042698,771.1582901454208,758.3683477722773,759.873046875,2100,0.0,0.0
2019-11-21 00:00:00+09:00,759.8730814119664,771.1583251953125,753.1019351419588,771.1583251953125,4800,0.0,0.0
2019-11-22 00:00:00+09:00,762.130193734146,783.1959838867188,762.130193734146,783.1959838867188,26800,0.0,0.0
2019-11-25 00:00:00+09:00,789.2147179645041,789.2147179645041,777.177124554178,778.6818237304688,3900,0.0,0.0
2019-11-26 00:00:00+09:00,778.681826358777,788.4623710376795,774.9200784053529,786.205322265625,5200,0.0,0.0
2019-11-27 00:00:00+09:00,785.4529407207782,785.4529407207782,780.1864938002366,782.4435424804688,1500,0.0,0.0
2019-11-28 00:00:00+09:00,782.4436334152001,782.4436334152001,778.6818851776271,780.1865844726562,2300,0.0,0.0
2019-11-29 00:00:00+09:00,775.6723946842511,778.6817929177497,775.6723946842511,777.929443359375,2100,0.0,0.0
2019-12-02 00:00:00+09:00,779.4341893287221,826.8322143554688,779.4341893287221,826.8322143554688,28600,0.0,0.0
2019-12-03 00:00:00+09:00,812.5375437952079,842.6315268987341,805.7663975969145,832.0986328125,21600,0.0,0.0
2019-12-04 00:00:00+09:00,837.3650518716718,841.8791491863439,816.2992644032021,838.8697509765625,38500,0.0,0.0
2019-12-05 00:00:00+09:00,847.897970530843,847.897970530843,823.0704345703125,823.0704345703125,15200,0.0,0.0
2019-12-06 00:00:00+09:00,821.5657354211895,838.8697756361047,821.5657354211895,823.0704345703125,13100,0.0,0.0
2019-12-09 00:00:00+09:00,824.5751064939197,834.3556506402891,821.5657082950368,831.3462524414062,7200,0.0,0.0
2019-12-10 00:00:00+09:00,823.8228139344102,823.8228139344102,819.3087163238106,820.8134155273438,3700,0.0,0.0
2019-12-11 00:00:00+09:00,820.8132625474842,826.0797087783113,817.0515152397505,820.0609130859375,10200,0.0,0.0
2019-12-12 00:00:00+09:00,825.3274919906264,852.4120769602367,818.5563457482237,847.1456298828125,16100,0.0,0.0
2019-12-13 00:00:00+09:00,849.4026813238439,858.4308763423436,843.3838846448442,854.6691284179688,19600,0.0,0.0
2019-12-16 00:00:00+09:00,902.8194985663399,966.0168634659836,902.8194985663399,930.6564331054688,135900,0.0,0.0
2019-12-17 00:00:00+09:00,975.7973681157179,975.7973681157179,906.5812093904703,911.84765625,69000,0.0,0.0
2019-12-18 00:00:00+09:00,930.6563950340346,938.93224009901,891.5342183632425,911.84765625,31600,0.0,0.0
2019-12-19 00:00:00+09:00,912.6000648574576,926.1423576583102,899.8101216566523,905.8289184570312,43500,0.0,0.0
2019-12-20 00:00:00+09:00,908.8382568359374,917.866451440268,908.8382568359374,908.8382568359375,11400,0.0,0.0
2019-12-23 00:00:00+09:00,917.8664229279192,928.3993163057805,902.8194323881172,914.1046752929688,16800,0.0,0.0
2019-12-24 00:00:00+09:00,914.1048227518546,914.1048227518546,865.2020956087513,895.2960815429688,30800,0.0,0.0
2019-12-25 00:00:00+09:00,914.1047572603857,914.1047572603857,880.249025510001,886.267822265625,19800,0.0,0.0
2019-12-26 00:00:00+09:00,877.2395999995073,895.2959897079019,877.2395999995073,894.5436401367188,13300,0.0,0.0
2019-12-27 00:00:00+09:00,899.0576795461876,920.1234661799058,898.3053300235548,902.0670776367188,15600,0.0,0.0
2019-12-30 00:00:00+09:00,902.8195200568418,914.1047640575523,902.8195200568418,905.8289184570312,12500,0.0,0.0
2020-01-06 00:00:00+09:00,909.5905026911473,909.5905026911473,879.4965241074866,885.5153198242188,20500,0.0,0.0
2020-01-07 00:00:00+09:00,893.7913492217319,900.562495806745,884.7631537750477,887.0202026367188,14900,0.0,0.0
2020-01-08 00:00:00+09:00,885.5154679397057,886.2678175301387,847.8979884180529,872.7255249023438,17800,0.0,0.0
2020-01-09 00:00:00+09:00,910.3429752868705,910.3429752868705,867.4590500047617,879.4966430664062,13900,0.0,0.0
2020-01-10 00:00:00+09:00,896.8007165879668,896.8007165879668,877.9919767266421,886.267822265625,7700,0.0,0.0
2020-01-14 00:00:00+09:00,893.0388214239017,900.5623161283996,887.7723751307532,899.0576171875,8000,0.0,0.0
2020-01-15 00:00:00+09:00,889.2772500899138,895.296047044837,882.506103515625,882.506103515625,10100,0.0,0.0
2020-01-16 00:00:00+09:00,881.0012720196474,883.2583205389121,859.1831363334222,859.9354858398438,16300,0.0,0.0
2020-01-17 00:00:00+09:00,853.9167739240343,862.1926193100821,841.1268310546875,841.1268310546875,29500,0.0,0.0
2020-01-20 00:00:00+09:00,839.62199035378,866.7065706877729,839.62199035378,861.4401245117188,16000,0.0,0.0
2020-01-21 00:00:00+09:00,861.4403042173511,861.4403042173511,847.898011225288,850.9074096679688,11500,0.0,0.0
2020-01-22 00:00:00+09:00,850.1548461914064,853.1642438770396,846.3930990843647,850.1548461914062,7600,0.0,0.0
2020-01-23 00:00:00+09:00,848.6503574026409,848.6503574026409,840.37451171875,840.37451171875,15500,0.0,0.0
2020-01-24 00:00:00+09:00,844.1362180125956,844.1362180125956,811.0328369140624,811.0328369140625,28100,0.0,0.0
2020-01-27 00:00:00+09:00,788.4622767453938,796.7381212532176,759.8729957183662,780.9387817382812,63600,0.0,0.0
2020-01-28 00:00:00+09:00,780.1864578082997,780.1864578082997,759.8730206233199,769.653564453125,17400,0.0,0.0
2020-01-29 00:00:00+09:00,780.9388670672337,781.6912166501501,756.8636804139086,763.6348266601562,15700,0.0,0.0
2020-01-30 00:00:00+09:00,763.6347915649415,764.3871411132812,752.3495483398438,752.3495483398438,13900,0.0,0.0
2020-01-31 00:00:00+09:00,752.3495813072968,777.1771174904376,752.3495813072968,759.1207275390625,12400,0.0,0.0
2020-02-03 00:00:00+09:00,736.5502090150142,767.3965405467973,736.5502090150142,755.3589477539062,12100,0.0,0.0
2020-02-04 00:00:00+09:00,753.1018502119649,782.4434807397038,753.1018502119649,780.9387817382812,7300,0.0,0.0
2020-02-05 00:00:00+09:00,795.233517884525,795.233517884525,783.9482740167218,787.7100219726562,5200,0.0,0.0
2020-02-06 00:00:00+09:00,808.7758777072432,811.0329266682867,798.242982555707,804.2617797851562,13900,0.0,0.0
2020-02-07 00:00:00+09:00,815.5469020761736,815.5469020761736,789.9670176937107,807.2710571289062,12500,0.0,0.0
2020-02-10 00:00:00+09:00,742.5690346030922,764.3871723979146,740.3119858656968,753.1019287109375,49100,0.0,0.0
2020-02-12 00:00:00+09:00,752.3496079013141,756.863705548722,745.5784614302023,747.8355102539062,8700,0.0,0.0
2020-02-13 00:00:00+09:00,748.5879198452722,750.0926191816446,741.0644231634102,743.3214721679688,6900,0.0,0.0
2020-02-14 00:00:00+09:00,738.8072439829508,739.559593518575,708.7132625579834,722.2555541992188,19700,0.0,0.0
2020-02-17 00:00:00+09:00,710.2179492611172,710.9702987836395,693.666259765625,693.666259765625,11400,0.0,0.0
2020-02-18 00:00:00+09:00,688.3998131079684,696.6756578557145,671.8481236124763,693.666259765625,14200,0.0,0.0
2020-02-19 00:00:00+09:00,693.666259765625,703.4468035584158,691.409211198058,693.666259765625,11200,0.0,0.0
2020-02-20 00:00:00+09:00,693.6661330105965,695.1708317806846,682.380892234936,686.1426391601562,12300,0.0,0.0
2020-02-21 00:00:00+09:00,686.1427890105897,686.1427890105897,677.1145944183451,679.3716430664062,9900,0.0,0.0
2020-02-25 00:00:00+09:00,645.5159662703514,668.0864546014826,645.5159662703514,662.8200073242188,47800,0.0,0.0
2020-02-26 00:00:00+09:00,649.2777727439504,668.0865147121993,641.7542759566509,656.80126953125,31700,0.0,0.0
2020-02-27 00:00:00+09:00,664.3246590327291,665.829358147186,601.879645782767,619.93603515625,27100,0.0,0.0
2020-02-28 00:00:00+09:00,588.3375231391767,600.3751195205409,549.215334899743,576.2999267578125,56200,0.0,0.0
2020-03-02 00:00:00+09:00,577.0521552544136,613.1649368087967,577.0521552544136,579.3092041015625,40100,0.0,0.0
2020-03-03 00:00:00+09:00,591.346760087224,599.6226053301749,560.500427818043,562.005126953125,16400,0.0,0.0
2020-03-04 00:00:00+09:00,560.500363229573,568.0238580380237,554.4815673828125,554.4815673828125,8200,0.0,0.0
2020-03-05 00:00:00+09:00,565.7669077070933,577.0521518767827,565.7669077070933,568.7763061523438,11500,0.0,0.0
2020-03-06 00:00:00+09:00,563.5097911533283,571.033286362318,541.6916550472581,552.2245483398438,14700,0.0,0.0
2020-03-09 00:00:00+09:00,549.2151610056559,549.2151610056559,498.80774211883545,505.5788879394531,26800,0.0,0.0
2020-03-10 00:00:00+09:00,483.0084898546007,528.9018198875145,466.4567970558449,507.8360290527344,47800,0.0,0.0
2020-03-11 00:00:00+09:00,541.6916642788641,541.6916642788641,497.3030417893461,502.5694885253906,27800,0.0,0.0
2020-03-12 00:00:00+09:00,495.04601267287165,495.04601267287165,461.1902823229032,474.7325744628906,25300,0.0,0.0
2020-03-13 00:00:00+09:00,452.16217176093426,471.72326405009284,443.8863250232134,458.9333190917969,26900,0.0,0.0
2020-03-16 00:00:00+09:00,489.0271737452553,489.0271737452553,452.16204833984375,452.16204833984375,28300,0.0,0.0
2020-03-17 00:00:00+09:00,443.8862163322819,491.2842360423391,443.8862163322819,480.7513427734375,14100,0.0,0.0
2020-03-18 00:00:00+09:00,485.265558711818,488.2749575255347,458.9333190917969,458.9333190917969,17900,0.0,0.0
2020-03-19 00:00:00+09:00,469.4661810026696,478.49437679118245,441.6292439880882,449.1527404785156,19400,0.0,0.0
2020-03-23 00:00:00+09:00,456.67624118644443,464.95208740234375,447.6480453145542,464.95208740234375,20900,0.0,0.0
2020-03-24 00:00:00+09:00,465.70435775198587,498.0553874504276,465.70435775198587,493.5412902832031,16600,0.0,0.0
2020-03-25 00:00:00+09:00,529.6541395955344,545.4534818277875,500.31250402135,513.8547973632812,24300,0.0,0.0
2020-03-26 00:00:00+09:00,510.8453042198964,526.6446435256663,499.5600618586321,506.3312072753906,8600,0.0,0.0
2020-03-27 00:00:00+09:00,517.6166085881296,531.1589035802608,489.02731916029677,522.883056640625,29600,0.0,0.0
2020-03-30 00:00:00+09:00,508.16477050781253,517.4604675292969,494.995866394043,495.7705078125,7900,20.0,0.0
2020-03-31 00:00:00+09:00,511.2633596021076,519.784415595476,496.5451719771984,499.64373779296875,29500,0.0,0.0
2020-04-01 00:00:00+09:00,499.64373052687876,499.64373052687876,484.92554311600946,488.02410888671875,7600,0.0,0.0
2020-04-02 00:00:00+09:00,481.05232086181644,494.2212249755859,476.4044723510742,480.2776794433594,11200,0.0,0.0
2020-04-03 00:00:00+09:00,481.826956117308,484.92552175150286,471.7566178061745,477.1791076660156,10100,0.0,0.0
2020-04-06 00:00:00+09:00,472.5312331627155,494.22119140625,468.6580263335129,494.22119140625,8500,0.0,0.0
2020-04-07 00:00:00+09:00,509.7141026221902,539.1504793693683,503.5169706754158,505.0662536621094,15400,0.0,0.0
2020-04-08 00:00:00+09:00,505.0662349816525,521.333705740264,501.19302765817355,511.26336669921875,8100,0.0,0.0
2020-04-09 00:00:00+09:00,519.7843715255482,522.8829370786066,505.06618514852073,508.93939208984375,13400,0.0,0.0
2020-04-10 00:00:00+09:00,519.7844297055846,526.7562029803241,511.26337348090277,522.8829956054688,4000,0.0,0.0
2020-04-13 00:00:00+09:00,522.8829451969692,523.657586597261,516.6858139946347,520.5590209960938,4400,0.0,0.0
2020-04-14 00:00:00+09:00,527.5308837890625,538.3758652472811,523.657676125413,527.5308837890625,37600,0.0,0.0
2020-04-15 00:00:00+09:00,553.8687420857452,553.8687420857452,532.1787773607091,535.27734375,16700,0.0,0.0
2020-04-16 00:00:00+09:00,543.0235595703125,543.0235595703125,526.756092022557,543.0235595703125,15600,0.0,0.0
2020-04-17 00:00:00+09:00,543.7982602326766,548.4461086107337,534.5025634765625,534.5025634765625,12300,0.0,0.0
2020-04-20 00:00:00+09:00,534.5026575836316,536.8265821818213,527.5308837890625,527.5308837890625,9200,0.0,0.0
2020-04-21 00:00:00+09:00,522.8829605701827,522.8829605701827,512.0379806472455,512.8126220703125,8100,0.0,0.0
2020-04-22 00:00:00+09:00,512.8126220703125,518.235112031781,503.51692499350924,512.8126220703125,4600,0.0,0.0
2020-04-23 00:00:00+09:00,521.3336475182139,529.8547026782442,520.5590061400293,528.305419921875,1400,0.0,0.0
2020-04-24 00:00:00+09:00,536.051894618573,536.051894618573,519.0097823619132,519.784423828125,15400,0.0,0.0
2020-04-27 00:00:00+09:00,527.5307804784734,540.6996839559096,526.7561390974477,536.8264770507812,12400,0.0,0.0
2020-04-28 00:00:00+09:00,534.5026195203214,542.2490342959783,529.8547706549274,539.9251098632812,10800,0.0,0.0
2020-04-30 00:00:00+09:00,549.2207568425898,568.5867919921875,544.5729084066863,568.5867919921875,17200,0.0,0.0
2020-05-01 00:00:00+09:00,559.2910682861674,570.9106888184284,546.1221650162714,547.6714477539062,7600,0.0,0.0
2020-05-07 00:00:00+09:00,547.6714980434365,565.4882511622469,547.6714980434365,549.9954223632812,18000,0.0,0.0
2020-05-08 00:00:00+09:00,565.4882683733847,567.8121927639603,549.995439102881,550.7700805664062,27600,0.0,0.0
2020-05-11 00:00:00+09:00,564.7135701333323,587.9528117026052,559.2910804338353,576.3331909179688,35800,0.0,0.0
2020-05-12 00:00:00+09:00,577.1078692425739,577.1078692425739,563.93896484375,563.93896484375,7600,0.0,0.0
2020-05-13 00:00:00+09:00,561.6150630935315,570.9107606895624,561.6150630935315,567.8121948242188,4100,0.0,0.0
2020-05-14 00:00:00+09:00,563.938943556284,575.5585646460427,562.3896607443162,568.5867919921875,12400,0.0,0.0
2020-05-15 00:00:00+09:00,575.5585285644531,589.5020729980469,573.2346044921875,580.9810180664062,19400,0.0,0.0
2020-05-18 00:00:00+09:00,573.23475801895,573.23475801895,548.4462279424548,556.96728515625,21600,0.0,0.0
2020-05-19 00:00:00+09:00,561.6151289506391,561.6151289506391,548.4462224786931,553.8687133789062,4900,0.0,0.0
2020-05-20 00:00:00+09:00,565.4883367365056,565.4883367365056,553.8687133789062,553.8687133789062,6200,0.0,0.0
2020-05-21 00:00:00+09:00,556.9672122746077,556.9672122746077,546.8968732487804,550.7700805664062,19500,0.0,0.0
2020-05-22 00:00:00+09:00,547.6715809215199,547.6715809215199,542.2490900213068,545.34765625,6700,0.0,0.0
2020-05-25 00:00:00+09:00,547.6715479097728,554.643321504098,546.8969063992922,552.3193969726562,33900,0.0,0.0
2020-05-26 00:00:00+09:00,557.741855761852,569.3614777568905,553.8686484301724,567.8121948242188,11600,0.0,0.0
2020-05-27 00:00:00+09:00,573.2346569430443,603.4456726467994,573.2346569430443,600.3471069335938,9900,0.0,0.0
2020-05-28 00:00:00+09:00,611.9667049259334,611.9667049259334,591.051387162642,596.473876953125,16000,0.0,0.0
2020-05-29 00:00:00+09:00,596.4739320919346,603.445705324178,593.3753662109375,593.3753662109375,4500,0.0,0.0
2020-06-01 00:00:00+09:00,594.924587264151,615.8399047851562,588.727456146816,615.8399047851562,8300,0.0,0.0
2020-06-02 00:00:00+09:00,618.1638746178669,632.8820621087684,617.3892331709774,623.5863647460938,21700,0.0,0.0
2020-06-03 00:00:00+09:00,641.4031022335123,641.4031022335123,625.135632249329,631.332763671875,16000,0.0,0.0
2020-06-04 00:00:00+09:00,648.3749318152262,648.3749318152262,627.4596114340899,628.2342529296875,7400,0.0,0.0
2020-06-05 00:00:00+09:00,648.374833719258,649.1494750976562,629.0087992593042,649.1494750976562,28500,0.0,0.0
2020-06-08 00:00:00+09:00,649.1494963719294,649.1494963719294,635.2059511037974,644.5016479492188,15700,0.0,0.0
2020-06-09 00:00:00+09:00,644.5016399556304,647.6002055323402,625.9102464953718,632.8820190429688,8500,0.0,0.0
2020-06-10 00:00:00+09:00,630.5581389782476,632.107421875,621.2624415977328,632.107421875,25000,0.0,0.0
2020-06-11 00:00:00+09:00,646.0510174700322,646.0510174700322,608.0935835898985,608.8682250976562,13200,0.0,0.0
2020-06-12 00:00:00+09:00,574.0092838749005,608.093505859375,574.0092838749005,608.093505859375,9800,0.0,0.0
2020-06-15 00:00:00+09:00,631.3327464022377,631.3327464022377,599.5724487304688,599.5724487304688,9500,0.0,0.0
2020-06-16 00:00:00+09:00,601.8964242693131,612.7414048867782,598.7978583786088,610.41748046875,8300,0.0,0.0
2020-06-17 00:00:00+09:00,608.0934908884876,615.8399047851562,604.9949253298201,615.8399047851562,1600,0.0,0.0
2020-06-18 00:00:00+09:00,618.9385208474066,618.9385208474066,615.0653135830298,618.1638793945312,1100,0.0,0.0
2020-06-19 00:00:00+09:00,618.1638413140664,622.0370483398438,618.1638413140664,622.0370483398438,1000,0.0,0.0
2020-06-22 00:00:00+09:00,622.0371649094569,641.4032036675347,618.9385987081645,627.4596557617188,11700,0.0,0.0
2020-06-23 00:00:00+09:00,635.2059876685049,635.2059876685049,621.2624415977328,632.107421875,8700,0.0,0.0
2020-06-24 00:00:00+09:00,632.1074206618789,633.656703555658,621.2624404054251,623.5863647460938,3300,0.0,0.0
2020-06-25 00:00:00+09:00,646.8255780090639,646.8255780090639,616.6145629882812,616.6145629882812,19000,0.0,0.0
2020-06-26 00:00:00+09:00,611.1920731127561,622.0370528638064,609.6427902911776,616.6145629882812,8300,0.0,0.0
2020-06-29 00:00:00+09:00,611.9667112365249,614.2906354564104,599.5724487304688,599.5724487304688,11500,0.0,0.0
2020-06-30 00:00:00+09:00,599.5724487304688,610.4174284232679,599.5724487304688,599.5724487304688,9800,0.0,0.0
2020-07-01 00:00:00+09:00,601.1217483618951,611.1920869298135,598.7978240769909,600.3471069335938,5100,0.0,0.0
2020-07-02 00:00:00+09:00,595.6992211068836,596.4738624867365,573.2346210911493,581.7556762695312,7800,0.0,0.0
2020-07-03 00:00:00+09:00,587.1782674789429,606.5443053245544,587.1782674789429,594.9246826171875,5200,0.0,0.0
2020-07-06 00:00:00+09:00,595.6992624112876,625.9102783203125,592.6006966770286,625.9102783203125,6900,0.0,0.0
2020-07-07 00:00:00+09:00,640.6284483728799,640.6284483728799,622.8116958788337,625.1356201171875,15900,0.0,0.0
2020-07-08 00:00:00+09:00,616.6145905079109,626.6849292976129,615.0653076171875,615.0653076171875,3800,0.0,0.0
2020-07-09 00:00:00+09:00,618.1638793945312,621.2624452060327,608.8681819600271,618.1638793945312,7500,0.0,0.0
2020-07-10 00:00:00+09:00,608.0936223810369,630.5582275390625,608.0936223810369,613.51611328125,6100,0.0,0.0
2020-07-13 00:00:00+09:00,613.5160187153876,619.7131502175633,610.4174529642999,611.9667358398438,1500,0.0,0.0
2020-07-14 00:00:00+09:00,611.9667911286875,617.3892816829924,608.8682250976562,608.8682250976562,1700,0.0,0.0
2020-07-15 00:00:00+09:00,628.2341950501951,628.2341950501951,614.2906494140625,614.2906494140625,2800,0.0,0.0
2020-07-16 00:00:00+09:00,618.1638565352105,625.1356293532767,614.2906494140625,614.2906494140625,3200,0.0,0.0
2020-07-17 00:00:00+09:00,614.2906138102213,614.2906138102213,604.2202758789062,604.2202758789062,2100,0.0,0.0
2020-07-20 00:00:00+09:00,592.6007580757141,598.7978901863098,592.6007580757141,594.9246826171875,12000,0.0,0.0
2020-07-21 00:00:00+09:00,595.6992433195661,608.093505859375,595.6992433195661,608.093505859375,3300,0.0,0.0
2020-07-22 00:00:00+09:00,629.7835859818891,629.7835859818891,597.2486405806108,604.9950561523438,12100,0.0,0.0
2020-07-27 00:00:00+09:00,608.0935119706264,611.1920776367188,601.8963806384417,611.1920776367188,1300,0.0,0.0
2020-07-28 00:00:00+09:00,607.3188967360663,611.1921039856586,601.1217651367188,601.1217651367188,1300,0.0,0.0
2020-07-29 00:00:00+09:00,594.1500086250453,601.8964233398438,594.1500086250453,601.8964233398438,800,0.0,0.0
2020-07-30 00:00:00+09:00,604.2203309363925,607.3188967360663,601.1217651367188,601.1217651367188,1600,0.0,0.0
2020-07-31 00:00:00+09:00,607.3189329543501,607.3189329543501,563.1643676757812,563.1643676757812,4800,0.0,0.0
2020-08-03 00:00:00+09:00,558.5164642125245,574.7839340439573,558.5164642125245,566.2628784179688,800,0.0,0.0
2020-08-04 00:00:00+09:00,566.2627693287133,591.8259312819931,566.2627693287133,586.4034423828125,5200,0.0,0.0
2020-08-05 00:00:00+09:00,592.6007128390913,598.0232030219328,586.4035812015584,587.17822265625,500,0.0,0.0
2020-08-06 00:00:00+09:00,585.6288827749399,604.2202758789062,585.6288827749399,604.2202758789062,5100,0.0,0.0
2020-08-07 00:00:00+09:00,608.0935212166079,608.0935212166079,594.9246169354839,600.3471069335938,3800,0.0,0.0
2020-08-11 00:00:00+09:00,602.6709931202424,604.2202758789062,598.0231448442509,604.2202758789062,2100,0.0,0.0
2020-08-12 00:00:00+09:00,580.9811240748355,588.7275390625,580.9811240748355,588.7275390625,5100,0.0,0.0
2020-08-13 00:00:00+09:00,588.7275125323415,598.7978515625,581.7557393576164,598.7978515625,4800,0.0,0.0
2020-08-14 00:00:00+09:00,594.9245941558441,606.5442151354505,591.8260285612824,596.473876953125,4400,0.0,0.0
2020-08-17 00:00:00+09:00,611.9668247552565,628.2342973120418,611.9668247552565,627.4596557617188,15700,0.0,0.0
2020-08-18 00:00:00+09:00,626.6849231575109,626.6849231575109,598.7978313977205,611.9667358398438,9600,0.0,0.0
2020-08-19 00:00:00+09:00,608.8681071799282,609.6427485376635,601.8963349603107,603.4456176757812,3800,0.0,0.0
2020-08-20 00:00:00+09:00,605.7695288750913,605.7695288750913,597.2484741210938,597.2484741210938,1400,0.0,0.0
2020-08-21 00:00:00+09:00,597.2485102571399,597.2485102571399,584.854248046875,584.854248046875,6200,0.0,0.0
2020-08-24 00:00:00+09:00,593.375320353836,601.121734457672,585.62890625,585.62890625,7800,0.0,0.0
2020-08-25 00:00:00+09:00,594.1499087560038,599.5723981449113,588.7274193670963,597.2484741210938,7800,0.0,0.0
2020-08-26 00:00:00+09:00,604.2202988156847,608.093505859375,603.4456574069467,608.093505859375,3400,0.0,0.0
2020-08-27 00:00:00+09:00,608.0934979327313,608.0934979327313,591.8260285612824,596.473876953125,4000,0.0,0.0
2020-08-28 00:00:00+09:00,596.4738814327695,599.5724470506021,588.7274673881881,591.0513916015625,10400,0.0,0.0
2020-08-31 00:00:00+09:00,591.051387162642,600.3470839463271,591.051387162642,596.473876953125,4200,0.0,0.0
2020-09-01 00:00:00+09:00,600.3470917719944,608.093505859375,597.2485261370422,608.093505859375,2700,0.0,0.0
2020-09-02 00:00:00+09:00,608.0935945669202,608.0935945669202,602.671103914731,606.5443115234375,700,0.0,0.0
2020-09-03 00:00:00+09:00,608.0934890435667,614.2906201420998,605.7695648816167,607.31884765625,6900,0.0,0.0
2020-09-04 00:00:00+09:00,608.093528650984,611.9667358398438,604.2203214621243,611.9667358398438,3900,0.0,0.0
2020-09-07 00:00:00+09:00,605.769630697243,615.839969826481,601.8964233398438,601.8964233398438,4700,0.0,0.0
2020-09-08 00:00:00+09:00,602.6709635100012,602.6709635100012,596.4738327798212,597.2484741210938,900,0.0,0.0
2020-09-09 00:00:00+09:00,598.7978574539244,602.6710648113236,598.7978574539244,601.8964233398438,7000,0.0,0.0
2020-09-10 00:00:00+09:00,603.4457345433514,610.417508113172,603.4457345433514,608.8682250976562,25600,0.0,0.0
2020-09-11 00:00:00+09:00,608.868147268113,610.4174300855892,604.2202988156847,608.093505859375,3000,0.0,0.0
2020-09-14 00:00:00+09:00,611.1920545928333,611.9666959801499,604.9949234943001,607.31884765625,3300,0.0,0.0
2020-09-15 00:00:00+09:00,611.1920714943273,611.1920714943273,608.093505859375,608.093505859375,3400,0.0,0.0
2020-09-16 00:00:00+09:00,604.2204145951704,611.9668301669034,601.8964899236505,604.9950561523438,4000,0.0,0.0
2020-09-17 00:00:00+09:00,611.1920714943273,611.1920714943273,604.9949402244227,608.093505859375,1300,0.0,0.0
2020-09-18 00:00:00+09:00,611.9667251413738,616.6145736867513,608.8681594444554,614.2906494140625,6300,0.0,0.0
2020-09-23 00:00:00+09:00,614.2906371292795,618.1638441729698,604.2202988156847,608.093505859375,6500,0.0,0.0
2020-09-24 00:00:00+09:00,611.1921219414261,618.9385366681869,604.2203486873414,610.41748046875,5100,0.0,0.0
2020-09-25 00:00:00+09:00,613.5160079898329,614.2906494140625,604.2203108990778,614.2906494140625,4100,0.0,0.0
2020-09-28 00:00:00+09:00,619.713163434796,630.5581437949049,619.713163434796,626.6849365234375,3400,0.0,0.0
2020-09-29 00:00:00+09:00,632.9596731680411,635.3126831054688,627.4693166473766,635.3126831054688,4900,10.0,0.0
2020-09-30 00:00:00+09:00,630.6065147190617,634.5281970245285,629.037841796875,629.037841796875,300,0.0,0.0
2020-10-02 00:00:00+09:00,631.3909466172719,634.528292935867,617.2728881835938,617.2728881835938,3200,0.0,0.0
2020-10-05 00:00:00+09:00,612.5668099506964,638.4499145965004,612.5668099506964,628.2535400390625,3500,0.0,0.0
2020-10-06 00:00:00+09:00,633.7438890137316,640.8029174804688,629.822206532211,640.8029174804688,5000,0.0,0.0
2020-10-07 00:00:00+09:00,641.5873080299015,658.8427124023438,640.8029714675178,658.8427124023438,6000,0.0,0.0
2020-10-08 00:00:00+09:00,658.8428083563022,658.8428083563022,651.7837782667704,658.0584716796875,1800,0.0,0.0
2020-10-09 00:00:00+09:00,658.8426568954635,658.8426568954635,639.2342444878605,640.8029174804688,16100,0.0,0.0
2020-10-12 00:00:00+09:00,641.5872539767728,651.7836284287264,636.8812349989481,640.8029174804688,3600,0.0,0.0
2020-10-13 00:00:00+09:00,640.8030308314733,649.4307338169643,637.6656842912947,647.862060546875,3900,0.0,0.0
2020-10-14 00:00:00+09:00,649.4307075639205,649.4307075639205,640.0186683238636,647.0776977539062,8100,0.0,0.0
2020-10-15 00:00:00+09:00,640.0185790103518,642.3715884920075,629.0378680959585,629.8222045898438,8900,0.0,0.0
2020-10-16 00:00:00+09:00,632.9595505653847,639.2342425164666,629.8222045898438,629.8222045898438,1300,0.0,0.0
2020-10-19 00:00:00+09:00,632.1751876412484,632.1751876412484,629.037841796875,629.037841796875,1800,0.0,0.0
2020-10-20 00:00:00+09:00,628.2536100098868,640.0186588864765,625.1162636427962,632.17529296875,3600,0.0,0.0
2020-10-21 00:00:00+09:00,631.3908511801551,637.665542868902,629.037841796875,629.037841796875,1000,0.0,0.0
2020-10-22 00:00:00+09:00,632.9596213124281,639.2343139648438,628.2536018231164,639.2343139648438,2100,0.0,0.0
2020-10-23 00:00:00+09:00,639.2343399934333,639.2343399934333,621.978934496678,634.5283203125,4300,0.0,0.0
2020-10-26 00:00:00+09:00,634.5283725423378,640.0187292886868,628.2536791179389,636.0970458984375,2000,0.0,0.0
2020-10-27 00:00:00+09:00,636.0969839278765,636.0969839278765,614.1355590820312,614.1355590820312,12400,0.0,0.0
2020-10-28 00:00:00+09:00,614.91991325465,621.9789428710938,614.91991325465,621.9789428710938,1100,0.0,0.0
2020-10-29 00:00:00+09:00,612.5669382286562,621.1946415839894,602.3705615359897,610.2139282226562,5300,0.0,0.0
2020-10-30 00:00:00+09:00,615.7041951335927,615.7041951335927,592.9584350585938,592.9584350585938,4800,0.0,0.0
2020-11-02 00:00:00+09:00,598.4487388901579,599.2330753762525,595.3113929457796,596.8800659179688,1000,0.0,0.0
2020-11-04 00:00:00+09:00,608.6452556091067,608.6452556091067,593.7428588867188,593.7428588867188,4800,0.0,0.0
2020-11-05 00:00:00+09:00,595.3114542961121,606.2921662330627,595.3114542961121,602.3704833984375,3500,0.0,0.0
2020-11-06 00:00:00+09:00,607.8609446787464,607.8609446787464,605.5079345703125,605.5079345703125,1300,0.0,0.0
2020-11-09 00:00:00+09:00,616.4886039089973,623.5476337247493,606.2922275084669,613.3512573242188,17700,0.0,0.0
2020-11-10 00:00:00+09:00,619.6258630123235,633.743920650579,617.2728534059476,618.0571899414062,10100,0.0,0.0
2020-11-11 00:00:00+09:00,632.1752482864092,632.1752482864092,621.1945367777123,623.5475463867188,2500,0.0,0.0
2020-11-12 00:00:00+09:00,630.6067080898139,630.6067080898139,611.782627251312,616.4886474609375,4500,0.0,0.0
2020-11-13 00:00:00+09:00,611.7824808756511,621.1945190429688,606.2921252780491,621.1945190429688,3700,0.0,0.0
2020-11-16 00:00:00+09:00,629.0378680959585,629.8222045898438,618.0571571815652,629.8222045898438,6200,0.0,0.0
2020-11-17 00:00:00+09:00,629.8223091115868,629.8223091115868,618.8415963748967,621.9789428710938,5000,0.0,0.0
2020-11-18 00:00:00+09:00,621.9789250984045,621.9789250984045,612.5668858787566,614.1355590820312,2800,0.0,0.0
2020-11-19 00:00:00+09:00,610.9982825779484,614.1356293434321,605.5079257383519,607.0765991210938,9400,0.0,0.0
2020-11-20 00:00:00+09:00,607.0765815479897,610.2139282226562,604.7235715419897,610.2139282226562,3500,0.0,0.0
2020-11-24 00:00:00+09:00,610.9982301344036,639.2343486001784,610.9982301344036,621.9789428710938,25300,0.0,0.0
2020-11-25 00:00:00+09:00,625.9005841005196,646.2933349609375,623.547574385856,646.2933349609375,26200,0.0,0.0
2020-11-26 00:00:00+09:00,647.0777151500408,657.2740912675566,638.4500122813737,643.9403686523438,6800,0.0,0.0
2020-11-27 00:00:00+09:00,643.9402984170353,644.724634955911,638.4499426449047,640.0186157226562,3300,0.0,0.0
2020-11-30 00:00:00+09:00,639.2343486001784,639.2343486001784,621.9789428710938,621.9789428710938,3600,0.0,0.0
2020-12-01 00:00:00+09:00,621.978848003716,630.6065495523175,621.978848003716,628.2535400390625,4300,0.0,0.0
2020-12-02 00:00:00+09:00,634.5283464596596,635.3126831054688,623.5476334183304,635.3126831054688,7800,0.0,0.0
2020-12-03 00:00:00+09:00,636.8812702313373,650.999327945825,635.3125971519498,645.5089721679688,9200,0.0,0.0
2020-12-04 00:00:00+09:00,650.9993708566373,652.5680440394243,617.2728974267151,626.6849365234375,30700,0.0,0.0
2020-12-07 00:00:00+09:00,632.1753523045516,733.3547821398954,632.1753523045516,676.0982055664062,204600,0.0,0.0
2020-12-08 00:00:00+09:00,684.7257331399356,685.5100696040136,655.7052839690564,680.0197143554688,40200,0.0,0.0
2020-12-09 00:00:00+09:00,715.3149143995437,728.6486353916405,698.0595107627126,709.0402221679688,37500,0.0,0.0
2020-12-10 00:00:00+09:00,697.2751201595272,705.1184848407368,682.3727272652292,696.4907836914062,25200,0.0,0.0
2020-12-11 00:00:00+09:00,684.7257331399356,687.8630789962469,678.4510414273132,680.0197143554688,15200,0.0,0.0
2020-12-14 00:00:00+09:00,682.3728724888393,697.2752685546875,674.5295061383929,697.2752685546875,21400,0.0,0.0
2020-12-15 00:00:00+09:00,697.2752257761839,716.883640449305,687.078850146161,710.6089477539062,14000,0.0,0.0
2020-12-16 00:00:00+09:00,710.6089474144449,711.3932840009951,698.0595620296423,705.1185913085938,5600,0.0,0.0
2020-12-17 00:00:00+09:00,701.981166430882,702.7655029296875,698.0594839368547,702.7655029296875,4000,0.0,0.0
2020-12-18 00:00:00+09:00,696.4907836914062,701.9811389682529,687.8630825420759,696.4907836914062,19100,0.0,0.0
2020-12-21 00:00:00+09:00,690.2161150813652,700.4124895087035,661.9800012825821,680.8040771484375,31300,0.0,0.0
2020-12-22 00:00:00+09:00,675.3138251299023,682.3728546608769,650.9993900787676,667.470458984375,28900,0.0,0.0
2020-12-23 00:00:00+09:00,655.7053414419695,669.0390625,650.9993222450175,669.0390625,9600,0.0,0.0
2020-12-24 00:00:00+09:00,661.1956978731378,680.8041112145712,661.1956978731378,674.5294189453125,11100,0.0,0.0
2020-12-25 00:00:00+09:00,686.2943937193672,686.2943937193672,665.1173095703125,665.1173095703125,11500,0.0,0.0
2020-12-28 00:00:00+09:00,665.1173621323529,669.0390446920956,660.4113430606617,666.68603515625,6800,0.0,0.0
2020-12-29 00:00:00+09:00,664.3330207824707,690.2161254882812,664.3330207824707,690.2161254882812,4500,0.0,0.0
2020-12-30 00:00:00+09:00,688.647459242079,688.647459242079,676.8824115329319,677.666748046875,4200,0.0,0.0
2021-01-04 00:00:00+09:00,678.4510845608182,686.2944497002496,654.1366526285808,677.666748046875,12200,0.0,0.0
2021-01-05 00:00:00+09:00,675.3138170045901,685.5101928710938,669.0391241636647,685.5101928710938,3600,0.0,0.0
2021-01-06 00:00:00+09:00,689.4319196627189,694.9222762470637,684.7258997332806,688.6475830078125,6900,0.0,0.0
2021-01-07 00:00:00+09:00,678.4511554160814,705.9029362710673,675.3138090326545,698.0595703125,33700,0.0,0.0
2021-01-08 00:00:00+09:00,705.9029184575817,708.2559281857737,692.569196664494,695.70654296875,21400,0.0,0.0
2021-01-12 00:00:00+09:00,695.7065864658682,696.4909230909706,684.725873714434,687.8632202148438,14900,0.0,0.0
2021-01-13 00:00:00+09:00,688.6474356672883,701.9811559478621,684.7257532318254,693.3534545898438,20300,0.0,0.0
2021-01-14 00:00:00+09:00,694.9221547216578,712.961894629782,693.3534816861687,699.628173828125,20200,0.0,0.0
2021-01-15 00:00:00+09:00,698.0594905506481,698.0594905506481,690.2161254882812,690.2161254882812,11100,0.0,0.0
2021-01-18 00:00:00+09:00,686.2944497002496,687.8631227281359,675.3137385050456,677.666748046875,13800,0.0,0.0
2021-01-19 00:00:00+09:00,677.6668784781679,696.4909584358948,677.6668784781679,687.0789184570312,13700,0.0,0.0
2021-01-20 00:00:00+09:00,685.5102451272207,690.2162651166525,679.2355518079784,687.0789184570312,5600,0.0,0.0
2021-01-21 00:00:00+09:00,687.8632289341518,690.2162388392858,685.5102190290179,686.2945556640625,5100,0.0,0.0
2021-01-22 00:00:00+09:00,687.8632026864408,689.4318758966721,682.3728464506311,685.5101928710938,4800,0.0,0.0
2021-01-25 00:00:00+09:00,697.2753126472065,697.2753126472065,683.9415890082836,689.4319458007812,5100,0.0,0.0
2021-01-26 00:00:00+09:00,690.2161065463362,691.7847795157596,680.0197322450834,682.3727416992188,10300,0.0,0.0
2021-01-27 00:00:00+09:00,692.5692487444197,692.5692487444197,683.9415457589287,691.784912109375,3100,0.0,0.0
2021-01-28 00:00:00+09:00,676.8824639089113,682.3728199313474,670.6077713118414,679.2354736328125,9500,0.0,0.0
2021-01-29 00:00:00+09:00,676.8824106792864,690.2161313995041,672.1763916015625,672.1763916015625,17800,0.0,0.0
2021-02-01 00:00:00+09:00,671.3920728106832,680.0197746809139,668.2547266760538,674.5294189453125,3800,0.0,0.0
2021-02-02 00:00:00+09:00,674.5294451741253,676.8824548665932,674.5294451741253,675.3137817382812,1400,0.0,0.0
2021-02-03 00:00:00+09:00,684.7257775220203,684.7257775220203,680.8040949474383,683.1571044921875,4100,0.0,0.0
2021-02-04 00:00:00+09:00,683.9415890082836,689.4319458007812,680.8042422697134,689.4319458007812,5400,0.0,0.0
2021-02-05 00:00:00+09:00,694.137896741842,718.4523315429688,694.137896741842,718.4523315429688,15900,0.0,0.0
2021-02-08 00:00:00+09:00,723.9426879882812,723.9426879882812,713.7463121011224,723.9426879882812,14300,0.0,0.0
2021-02-09 00:00:00+09:00,684.7257699446245,717.6679032065651,679.2354144009677,690.2161254882812,37800,0.0,0.0
2021-02-10 00:00:00+09:00,682.3728638391266,688.6475568399462,680.0198539638193,687.8632202148438,3800,0.0,0.0
2021-02-12 00:00:00+09:00,696.490888856542,712.1776205875452,688.6475229910404,705.1185913085938,16100,0.0,0.0
2021-02-15 00:00:00+09:00,712.1775130538254,712.1775130538254,696.4907836914062,696.4907836914062,5600,0.0,0.0
2021-02-16 00:00:00+09:00,696.490914441662,702.7656073645599,694.9222412109375,694.9222412109375,4400,0.0,0.0
2021-02-17 00:00:00+09:00,700.4125018706524,701.1968383789062,691.0004637716066,701.1968383789062,4000,0.0,0.0
2021-02-18 00:00:00+09:00,701.9813331114043,704.3343431665263,683.1572526704281,683.9415893554688,16000,0.0,0.0
2021-02-19 00:00:00+09:00,683.9413966758578,690.2160883884804,679.235377891391,680.0197143554688,3300,0.0,0.0
2021-02-22 00:00:00+09:00,688.6474356672883,693.3534545898438,680.8040707963625,693.3534545898438,7600,0.0,0.0
2021-02-24 00:00:00+09:00,693.3534610590077,695.7064705422397,676.0980581819736,680.8040771484375,7400,0.0,0.0
2021-02-25 00:00:00+09:00,692.5692487444197,692.5692487444197,681.5885358537947,686.2945556640625,5100,0.0,0.0
2021-02-26 00:00:00+09:00,686.2943750866772,686.2943750866772,653.3522450825167,662.7642822265625,11800,0.0,0.0
2021-03-01 00:00:00+09:00,662.7643377769926,686.2944326093119,662.7643377769926,680.8040771484375,2700,0.0,0.0
2021-03-02 00:00:00+09:00,694.1378870582796,694.1378870582796,682.3728381250885,692.5692138671875,9700,0.0,0.0
2021-03-03 00:00:00+09:00,685.5101064508611,690.2161254882812,683.1570969321511,690.2161254882812,3300,0.0,0.0
2021-03-04 00:00:00+09:00,682.3728546608769,686.2945377336406,658.8427562242949,667.470458984375,10400,0.0,0.0
2021-03-05 00:00:00+09:00,666.6861311999837,676.8825073242188,643.9403690766901,676.8825073242188,7800,0.0,0.0
2021-03-08 00:00:00+09:00,705.9028708334619,794.5328979492188,694.9221595093858,794.5328979492188,532400,0.0,0.0
2021-03-09 00:00:00+09:00,759.2378364839702,796.8859936649935,719.236669479133,756.8848266601562,343100,0.0,0.0
2021-03-10 00:00:00+09:00,767.865530652432,792.9643018279967,738.060739881449,763.94384765625,319300,0.0,0.0
2021-03-11 00:00:00+09:00,787.4739167390047,807.8666675708913,741.1980590820312,741.1980590820312,240600,0.0,0.0
2021-03-12 00:00:00+09:00,749.0414428710938,758.4534819438195,721.5896622423102,749.0414428710938,110100,0.0,0.0
2021-03-15 00:00:00+09:00,748.2570106155204,767.8654228433904,725.5112524311911,749.82568359375,43400,0.0,0.0
2021-03-16 00:00:00+09:00,755.3161173502605,764.7281561957466,741.1980590820312,741.1980590820312,19700,0.0,0.0
2021-03-17 00:00:00+09:00,741.1980408041235,750.6100794175093,729.4329925373914,733.3546752929688,23800,0.0,0.0
2021-03-18 00:00:00+09:00,740.4136280167891,764.7280585978489,734.138936253935,747.47265625,36000,0.0,0.0
2021-03-19 00:00:00+09:00,738.0606873007854,752.9630816246057,734.1390045839906,745.904052734375,18500,0.0,0.0
2021-03-22 00:00:00+09:00,751.3943906373617,754.5317367360562,742.7666888659514,743.551025390625,13800,0.0,0.0
2021-03-23 00:00:00+09:00,755.316045558199,755.316045558199,732.5702871769033,737.2763061523438,46900,0.0,0.0
2021-03-24 00:00:00+09:00,727.8643360220509,741.9823942638579,723.9426531771045,724.7269897460938,21600,0.0,0.0
2021-03-25 00:00:00+09:00,724.7269046095417,744.3353165307956,724.7269046095417,734.9232788085938,15400,0.0,0.0
2021-03-26 00:00:00+09:00,737.2762534460787,745.1196178444413,730.2172254875525,735.7075805664062,15500,0.0,0.0
2021-03-29 00:00:00+09:00,764.7280758374359,764.7280758374359,735.7076257800152,744.3353271484375,48400,0.0,0.0
2021-03-30 00:00:00+09:00,756.2765493282403,763.4412745324025,741.9470989199157,755.48046875,20200,14.0,0.0
2021-03-31 00:00:00+09:00,749.9079697327044,762.6452600890985,749.9079697327044,759.4609375,7700,0.0,0.0
2021-04-01 00:00:00+09:00,761.8491104480831,776.1785608013387,742.7431766437426,753.0922241210938,37900,0.0,0.0
2021-04-02 00:00:00+09:00,769.8099868215191,771.4021481179443,756.2766158019061,760.2570190429688,30200,0.0,0.0
2021-04-05 00:00:00+09:00,767.4217877895677,804.8375803477728,765.0335457113845,800.0610961914062,88300,0.0,0.0
2021-04-06 00:00:00+09:00,796.0806246865598,819.1669628024699,776.1786090693957,793.6923828125,134600,0.0,0.0
2021-04-07 00:00:00+09:00,784.9356095163446,794.4885783948397,765.0335910194799,786.5277709960938,93800,0.0,0.0
2021-04-08 00:00:00+09:00,797.6728429486675,800.8571656750095,776.1786645458591,789.7120361328125,103100,0.0,0.0
2021-04-09 00:00:00+09:00,812.002193874783,870.1160763775861,804.8374686347114,859.7670288085938,443900,0.0,0.0
2021-04-12 00:00:00+09:00,887.6301226603007,941.7636189301666,876.4849910753284,882.8536376953125,451200,0.0,0.0
2021-04-13 00:00:00+09:00,867.7278592487355,894.7945998124576,843.8454411042749,880.4651489257812,244200,0.0,0.0
2021-04-14 00:00:00+09:00,904.3475573463161,904.3475573463161,862.951366341027,872.5043334960938,130800,0.0,0.0
2021-04-15 00:00:00+09:00,870.9122039106555,873.3004457860961,839.8650595299283,847.02978515625,98100,0.0,0.0
2021-04-16 00:00:00+09:00,847.8260083679759,867.72802734375,823.943585597047,867.72802734375,122000,0.0,0.0
2021-04-19 00:00:00+09:00,874.8926283793375,883.6495154695765,855.786692909725,865.3396606445312,72900,0.0,0.0
2021-04-20 00:00:00+09:00,856.5827215709825,887.6298648249493,836.6807066645935,872.5043334960938,118600,0.0,0.0
2021-04-21 00:00:00+09:00,860.5632554796007,860.5632554796007,819.1670581762341,823.9435424804688,100400,0.0,0.0
2021-04-22 00:00:00+09:00,845.4375707142389,870.9121491161745,836.6806843885735,853.3983764648438,66000,0.0,0.0
2021-04-23 00:00:00+09:00,855.7865963890439,861.3591602725074,825.5355353073847,835.8845825195312,58700,0.0,0.0
2021-04-26 00:00:00+09:00,854.9906033061673,867.727893485775,832.7003454918538,857.3788452148438,78100,0.0,0.0
2021-04-27 00:00:00+09:00,875.6886404531973,885.2416074399595,847.8258200751411,859.7670288085938,76100,0.0,0.0
2021-04-28 00:00:00+09:00,859.7671362373588,863.7475396458652,837.4768771497237,846.2337646484375,31300,0.0,0.0
2021-04-30 00:00:00+09:00,851.8062780511668,862.1553262891716,840.6611491794692,854.9906005859375,49200,0.0,0.0
2021-05-06 00:00:00+09:00,862.1553852498031,862.1553852498031,843.8455294227066,852.6024169921875,29300,0.0,0.0
2021-05-07 00:00:00+09:00,855.7866964506294,874.0965513514335,848.6219706198799,868.5239868164062,50300,0.0,0.0
2021-05-10 00:00:00+09:00,875.688761317597,875.688761317597,853.3985019386037,856.5828247070312,24400,0.0,0.0
2021-05-11 00:00:00+09:00,854.9906225111879,858.1749451276169,816.7787511140398,819.9630737304688,82300,0.0,0.0
2021-05-12 00:00:00+09:00,815.1865727002968,828.7199435361415,780.1590246545809,804.8375244140625,95500,0.0,0.0
2021-05-13 00:00:00+09:00,794.4885034355327,804.8375520774786,772.1982448221111,774.5864868164062,69700,0.0,0.0
2021-05-14 00:00:00+09:00,792.1002094920088,792.1002094920088,774.5864360158037,783.3433227539062,58400,0.0,0.0
2021-05-17 00:00:00+09:00,711.6960391482792,716.4725226324958,682.2410576622766,706.9195556640625,147300,0.0,0.0
2021-05-18 00:00:00+09:00,713.2882155696902,732.3941499153069,713.2882155696902,719.6568603515625,23300,0.0,0.0
2021-05-19 00:00:00+09:00,719.6569377200705,739.558954803037,717.2686956701144,734.782470703125,25500,0.0,0.0
2021-05-20 00:00:00+09:00,739.5589684109591,751.500178880458,731.5981614312932,747.519775390625,20200,0.0,0.0
2021-05-21 00:00:00+09:00,747.5197116167118,751.5001147669605,735.5785021659656,745.1314697265625,39400,0.0,0.0
2021-05-24 00:00:00+09:00,753.8883529466622,753.8883529466622,735.5784985456344,741.9471435546875,19200,0.0,0.0
2021-05-25 00:00:00+09:00,741.1511179001267,749.1119247519003,732.3942303631757,736.3746337890625,20400,0.0,0.0
2021-05-26 00:00:00+09:00,731.5980806975385,736.3745643582406,719.6568715457832,729.2098388671875,10500,0.0,0.0
2021-05-27 00:00:00+09:00,723.6373273519329,733.1902953697802,720.453004679317,722.045166015625,13200,0.0,0.0
2021-05-28 00:00:00+09:00,734.7824003087992,736.3745615229027,721.2490299889188,726.8215942382812,23600,0.0,0.0
2021-05-31 00:00:00+09:00,745.1314558097516,752.2961813463838,725.2294404302177,733.1902465820312,11000,0.0,0.0
2021-06-01 00:00:00+09:00,733.190311048353,736.3746337890625,724.433423511402,736.3746337890625,23400,0.0,0.0
2021-06-02 00:00:00+09:00,741.1510097422498,748.3157348632812,730.8019623452044,748.3157348632812,18900,0.0,0.0
2021-06-03 00:00:00+09:00,752.2961377082987,752.2961377082987,744.3353320182638,748.3157348632812,13400,0.0,0.0
2021-06-04 00:00:00+09:00,743.5393093764591,750.7040350556755,740.3549868523629,745.9275512695312,17600,0.0,0.0
2021-06-07 00:00:00+09:00,749.9078801142705,749.9078801142705,731.5980274150899,735.5784301757812,23900,0.0,0.0
2021-06-08 00:00:00+09:00,741.9471342868763,741.9471342868763,732.3941668926248,733.986328125,8300,0.0,0.0
2021-06-09 00:00:00+09:00,740.354913488611,746.7235579057174,733.1901885193664,735.5784301757812,11300,0.0,0.0
2021-06-10 00:00:00+09:00,731.5981522264151,740.3550397938695,726.0255874107623,738.7628784179688,11100,0.0,0.0
2021-06-11 00:00:00+09:00,738.7628767042386,744.3354415069646,733.1903119015127,737.1707153320312,13300,0.0,0.0
2021-06-14 00:00:00+09:00,737.1706570562685,739.5588989257812,730.0059314477303,739.5588989257812,13600,0.0,0.0
2021-06-15 00:00:00+09:00,745.927483343309,745.927483343309,728.4137110556326,740.3549194335938,15200,0.0,0.0
2021-06-16 00:00:00+09:00,742.7432818577207,749.1119273613239,730.8020715384647,738.7628784179688,32100,0.0,0.0
2021-06-17 00:00:00+09:00,745.927602879172,745.927602879172,733.1903119015127,737.1707153320312,6600,0.0,0.0
2021-06-18 00:00:00+09:00,735.5785409234358,738.762863611416,712.4922014355791,725.2294921875,27500,0.0,0.0
2021-06-21 00:00:00+09:00,706.1235543598306,724.4334097716412,706.1235543598306,723.6373291015625,25600,0.0,0.0
2021-06-22 00:00:00+09:00,717.268752138555,732.394286312398,717.268752138555,731.5982055664062,5000,0.0,0.0
2021-06-23 00:00:00+09:00,726.025572859495,730.0059762194704,722.8412501715148,725.2294921875,3900,0.0,0.0
2021-06-24 00:00:00+09:00,726.8216125553699,742.7432250976562,726.8216125553699,742.7432250976562,12800,0.0,0.0
2021-06-25 00:00:00+09:00,750.7039765702917,750.7039765702917,734.7823651902219,748.3157348632812,15400,0.0,0.0
2021-06-28 00:00:00+09:00,750.7039765702917,751.5000571392952,737.9666874662358,748.3157348632812,9700,0.0,0.0
2021-06-29 00:00:00+09:00,748.3157250189013,748.3157250189013,732.3941138482863,740.3549194335938,8400,0.0,0.0
2021-06-30 00:00:00+09:00,752.2961870211999,752.2961870211999,733.190252112725,737.9667358398438,47200,0.0,0.0
2021-07-01 00:00:00+09:00,739.5589044091536,744.3353881835938,730.0059368602732,744.3353881835938,12600,0.0,0.0
2021-07-02 00:00:00+09:00,744.3353972258392,752.2962036132812,737.1706714771412,752.2962036132812,10200,0.0,0.0
2021-07-05 00:00:00+09:00,753.8883218092542,771.4020948607891,753.8883218092542,767.4216918945312,16200,0.0,0.0
2021-07-06 00:00:00+09:00,769.8099355756866,784.9354668848263,762.6452102187258,769.0138549804688,19000,0.0,0.0
2021-07-07 00:00:00+09:00,759.4609454859083,769.8099940093011,753.888380896389,766.6256713867188,17000,0.0,0.0
2021-07-08 00:00:00+09:00,769.8099191583245,769.8099191583245,755.48046875,755.48046875,3400,0.0,0.0
2021-07-09 00:00:00+09:00,753.888282874962,753.888282874962,730.8019468629516,735.5784301757812,11000,0.0,0.0
2021-07-12 00:00:00+09:00,742.7433455945597,744.3355071070883,738.7629418132384,741.1511840820312,5900,0.0,0.0
2021-07-13 00:00:00+09:00,743.5392495096365,753.0922163127582,741.947088375783,746.7235717773438,4600,0.0,0.0
2021-07-14 00:00:00+09:00,738.7628246861645,746.723630986662,738.7628246861645,745.1314697265625,4000,0.0,0.0
2021-07-15 00:00:00+09:00,746.7236826963682,746.7236826963682,736.3746337890625,736.3746337890625,7700,0.0,0.0
2021-07-16 00:00:00+09:00,736.3746346459275,737.9667960181349,733.9863925876164,737.1707153320312,1300,0.0,0.0
2021-07-19 00:00:00+09:00,732.3941556490385,732.3941556490385,721.2490271935096,724.433349609375,3000,0.0,0.0
2021-07-20 00:00:00+09:00,722.045166015625,728.4138113608565,709.307875325162,722.045166015625,13200,0.0,0.0
2021-07-21 00:00:00+09:00,745.9275071543341,745.9275071543341,709.3078002929688,709.3078002929688,11400,0.0,0.0
2021-07-26 00:00:00+09:00,726.8217106497051,726.8217106497051,714.8804996313638,721.2491455078125,7600,0.0,0.0
2021-07-27 00:00:00+09:00,722.0450607894303,735.5784301757812,722.0450607894303,735.5784301757812,7500,0.0,0.0
2021-07-28 00:00:00+09:00,734.7823917085091,736.3745529039771,717.2686185583603,719.6568603515625,7100,0.0,0.0
2021-07-29 00:00:00+09:00,719.6568724654103,730.0059204101562,719.6568724654103,730.0059204101562,5500,0.0,0.0
2021-07-30 00:00:00+09:00,730.0059204101562,730.0059204101562,720.4529530765445,730.0059204101562,11900,0.0,0.0
2021-08-02 00:00:00+09:00,727.6177913842612,729.2099528533734,721.2491455078125,721.2491455078125,5100,0.0,0.0
2021-08-03 00:00:00+09:00,722.8412484314838,733.1902971425072,722.8412484314838,723.6373291015625,11400,0.0,0.0
2021-08-04 00:00:00+09:00,724.433400041542,725.2294807009283,714.8804321289062,714.8804321289062,6500,0.0,0.0
2021-08-05 00:00:00+09:00,724.4334036072183,724.4334036072183,708.5117903411257,718.0647583007812,5200,0.0,0.0
2021-08-06 00:00:00+09:00,714.8804443091676,726.0255737304688,709.3078795985172,726.0255737304688,10300,0.0,0.0
2021-08-10 00:00:00+09:00,690.201907940765,700.5509561567164,683.8332628847947,693.38623046875,93700,0.0,0.0
2021-08-11 00:00:00+09:00,699.7548690372043,701.3470302864357,683.8332565448902,687.8136596679688,15700,0.0,0.0
2021-08-12 00:00:00+09:00,687.8136596679688,690.9979821664316,683.0371759202745,687.8136596679688,8800,0.0,0.0
2021-08-13 00:00:00+09:00,683.8333272019478,698.1627799256207,683.8333272019478,697.36669921875,5800,0.0,0.0
2021-08-16 00:00:00+09:00,706.9197287946429,706.9197287946429,684.6294670758929,696.5706787109375,26300,0.0,0.0
2021-08-17 00:00:00+09:00,694.1823101876796,695.774471449578,687.017584509137,692.5901489257812,9100,0.0,0.0
2021-08-18 00:00:00+09:00,692.5901489257812,698.9587939733746,687.017584509137,692.5901489257812,5800,0.0,0.0
2021-08-19 00:00:00+09:00,693.3862286426119,694.1823092725116,689.4058254931135,691.7940673828125,8100,0.0,0.0
2021-08-20 00:00:00+09:00,688.6097356687463,693.3862193843677,683.833251953125,683.833251953125,4000,0.0,0.0
2021-08-23 00:00:00+09:00,685.4253500156113,688.6096721991914,677.4645445566612,682.2410278320312,9100,0.0,0.0
2021-08-24 00:00:00+09:00,685.425426841055,696.5705557327794,682.2411043005623,695.7744750976562,6300,0.0,0.0
2021-08-25 00:00:00+09:00,702.9392008137648,702.9392008137648,691.7940719220404,695.7744750976562,5100,0.0,0.0
2021-08-26 00:00:00+09:00,691.7941940569197,700.5510825892857,690.99811328125,696.5706787109375,38200,0.0,0.0
2021-08-27 00:00:00+09:00,696.5705557327794,700.5509589083953,687.8136687464245,695.7744750976562,6700,0.0,0.0
2021-08-30 00:00:00+09:00,694.1823065143259,697.3666290212724,689.4058227539062,689.4058227539062,4000,0.0,0.0
2021-08-31 00:00:00+09:00,692.5901489257812,692.5901489257812,687.8136651400862,692.5901489257812,4800,0.0,0.0
2021-09-01 00:00:00+09:00,691.7940043765094,691.7940043765094,685.425359917347,690.2018432617188,5400,0.0,0.0
2021-09-02 00:00:00+09:00,686.2215576171875,688.6097996970617,684.6293962306047,686.2215576171875,3300,0.0,0.0
2021-09-03 00:00:00+09:00,685.4253579553152,692.5900829513638,683.8331968450822,688.6096801757812,7300,0.0,0.0
2021-09-06 00:00:00+09:00,689.405828213473,695.7744732778007,686.2215056813092,694.1823120117188,6400,0.0,0.0
2021-09-07 00:00:00+09:00,698.958864798746,701.3471069335938,690.2019769709714,701.3471069335938,11500,0.0,0.0
2021-09-08 00:00:00+09:00,698.9587902747456,698.9587902747456,687.0175808736964,689.4058227539062,8600,0.0,0.0
2021-09-09 00:00:00+09:00,688.6096801757812,690.2018412860143,686.2214385104317,688.6096801757812,6700,0.0,0.0
2021-09-10 00:00:00+09:00,689.4058245821482,692.5901470975392,686.2215020667572,690.9979858398438,5200,0.0,0.0
2021-09-13 00:00:00+09:00,695.774484959834,704.5313720703125,694.9784043134268,704.5313720703125,4500,0.0,0.0
2021-09-14 00:00:00+09:00,706.9195556640625,711.6960391482792,696.5705081149265,706.9195556640625,17700,0.0,0.0
2021-09-15 00:00:00+09:00,702.9391989751693,702.9391989751693,691.7940701125959,694.1823120117188,16900,0.0,0.0
2021-09-16 00:00:00+09:00,695.774471449578,697.3666327114762,687.017584509137,692.5901489257812,5900,0.0,0.0
2021-09-17 00:00:00+09:00,693.386250882074,713.288267267897,693.386250882074,711.6961059570312,18100,0.0,0.0
2021-09-21 00:00:00+09:00,698.9587498570348,709.3077974061708,692.5901052114126,706.9195556640625,17400,0.0,0.0
2021-09-22 00:00:00+09:00,713.2883308946489,714.0844116210938,706.9196850830895,714.0844116210938,16600,0.0,0.0
2021-09-24 00:00:00+09:00,737.9667811629796,737.9667811629796,715.6765224007752,723.6373291015625,21900,0.0,0.0
2021-09-27 00:00:00+09:00,724.433411515505,731.5981375634605,722.0451694995197,725.2294921875,24700,0.0,0.0
2021-09-28 00:00:00+09:00,727.6177342034852,733.1902989074506,721.2490888275247,725.2294921875,14300,0.0,0.0
2021-09-29 00:00:00+09:00,728.4634876230144,733.3145208369302,723.6124544090987,731.697509765625,4000,14.0,0.0
2021-09-30 00:00:00+09:00,730.0804986943198,735.7400374438881,725.229465480404,731.697509765625,12700,0.0,0.0
2021-10-01 00:00:00+09:00,723.6124534563927,727.6549811293334,713.9103870413348,717.1444091796875,5600,0.0,0.0
2021-10-04 00:00:00+09:00,722.804030532137,723.6125361591304,704.2084011112878,705.0169067382812,7800,0.0,0.0
2021-10-05 00:00:00+09:00,696.9319167066624,711.485019375711,682.3788140376138,710.676513671875,18800,0.0,0.0
2021-10-06 00:00:00+09:00,710.6764321537341,715.5274658203125,704.2083872649629,715.5274658203125,4200,0.0,0.0
2021-10-07 00:00:00+09:00,716.3359166893861,721.9954555345619,704.2083334497238,706.6338500976562,7700,0.0,0.0
2021-10-08 00:00:00+09:00,709.0593737668265,712.2933959960938,693.6977681778075,712.2933959960938,12700,0.0,0.0
2021-10-11 00:00:00+09:00,706.6339313154754,712.293470811137,703.3999087465257,709.0594482421875,19600,0.0,0.0
2021-10-12 00:00:00+09:00,704.2084542055227,713.9105224609375,702.5914428296202,713.9105224609375,4400,0.0,0.0
2021-10-13 00:00:00+09:00,705.8253580027613,714.7189192147091,696.9317967908136,703.3998413085938,8400,0.0,0.0
2021-10-14 00:00:00+09:00,696.931810198425,707.4423827420206,694.5062934575951,700.1658325195312,12300,0.0,0.0
2021-10-15 00:00:00+09:00,712.2933077031917,712.2933077031917,701.7827367609198,711.4848022460938,4100,0.0,0.0
2021-10-18 00:00:00+09:00,714.7188361672794,714.7188361672794,700.9742431640625,700.9742431640625,19300,0.0,0.0
2021-10-19 00:00:00+09:00,700.9742431640625,707.4422869302822,696.9317158101752,700.9742431640625,14400,0.0,0.0
2021-10-20 00:00:00+09:00,697.7401797907139,705.825234017721,696.1231689453125,696.1231689453125,34300,0.0,0.0
2021-10-21 00:00:00+09:00,694.5062864774816,702.591342198989,687.229736328125,687.229736328125,31700,0.0,0.0
2021-10-22 00:00:00+09:00,687.2296092956046,706.6337394404218,687.2296092956046,696.1231689453125,6400,0.0,0.0
2021-10-25 00:00:00+09:00,695.3147450199833,702.5912946771692,693.6977339850531,698.5487670898438,3200,0.0,0.0
2021-10-26 00:00:00+09:00,695.3148057725695,713.1019287109375,694.5063001844618,713.1019287109375,12900,0.0,0.0
2021-10-27 00:00:00+09:00,709.8677913318982,748.6760532725941,698.5487149325285,711.4848022460938,25700,0.0,0.0
2021-10-28 00:00:00+09:00,701.7827239575969,717.1443273621986,696.931691303512,714.7188110351562,5600,0.0,0.0
2021-10-29 00:00:00+09:00,707.4422620540291,715.5273164775037,707.4422620540291,714.7188110351562,1600,0.0,0.0
2021-11-01 00:00:00+09:00,714.7188523196103,721.1868962320049,713.1018413415115,719.5698852539062,8700,0.0,0.0
2021-11-02 00:00:00+09:00,724.420966163311,725.229471705904,711.4848774818233,722.803955078125,9300,0.0,0.0
2021-11-04 00:00:00+09:00,726.0379291663008,726.0379291663008,719.5698852539062,719.5698852539062,2700,0.0,0.0
2021-11-05 00:00:00+09:00,723.6125219312764,723.6125219312764,711.4849377648305,715.5274658203125,8500,0.0,0.0
2021-11-08 00:00:00+09:00,726.0380181206597,726.0380181206597,709.867906358507,713.1019287109375,10800,0.0,0.0
2021-11-09 00:00:00+09:00,714.718946770056,714.718946770056,697.7403292562877,704.2083740234375,8500,0.0,0.0
2021-11-10 00:00:00+09:00,703.399827900413,706.6338500976562,702.5913223511021,706.6338500976562,3500,0.0,0.0
2021-11-11 00:00:00+09:00,706.6338362611478,715.5273971294232,697.7402753928725,702.59130859375,50300,0.0,0.0
2021-11-12 00:00:00+09:00,726.8465100847809,727.6550156577339,707.442376333908,723.6124877929688,37500,0.0,0.0
2021-11-15 00:00:00+09:00,737.357069637554,759.995225284321,730.8890251670491,748.6761474609375,91300,0.0,0.0
2021-11-16 00:00:00+09:00,749.4846324982648,759.1866989383718,736.5485439114555,746.2506103515625,12700,0.0,0.0
2021-11-17 00:00:00+09:00,743.8251613819897,751.9102174839678,743.0166557717919,744.6336669921875,5800,0.0,0.0
2021-11-18 00:00:00+09:00,742.2080490310472,751.910115031453,742.2080490310472,747.05908203125,10200,0.0,0.0
2021-11-19 00:00:00+09:00,742.2080490310472,752.7186205314867,742.2080490310472,747.05908203125,5900,0.0,0.0
2021-11-22 00:00:00+09:00,739.7825540209573,764.0377197265625,738.1655429739169,764.0377197265625,13900,0.0,0.0
2021-11-24 00:00:00+09:00,764.0377006530762,776.165283203125,755.9526456197103,776.165283203125,28800,0.0,0.0
2021-11-25 00:00:00+09:00,779.399332512926,779.399332512926,760.8037052849205,776.9738159179688,6100,0.0,0.0
2021-11-26 00:00:00+09:00,768.8887802027244,768.8887802027244,745.4421191870788,764.8462524414062,14300,0.0,0.0
2021-11-29 00:00:00+09:00,744.6336535334981,768.080315805454,733.3145751953125,733.3145751953125,18700,0.0,0.0
2021-11-30 00:00:00+09:00,733.3145208369302,745.4421038717196,731.697509765625,731.697509765625,7900,0.0,0.0
2021-12-01 00:00:00+09:00,730.0805124136117,746.2506234305245,719.5699402526184,735.7400512695312,16900,0.0,0.0
2021-12-02 00:00:00+09:00,727.6550090865584,742.2081092682895,727.6550090865584,732.5060424804688,1600,0.0,0.0
2021-12-03 00:00:00+09:00,733.3144885306751,756.7611480316559,732.5059830306412,747.05908203125,10300,0.0,0.0
2021-12-06 00:00:00+09:00,747.0590623424899,755.1441171297464,739.7825130339593,751.9100952148438,3800,0.0,0.0
2021-12-07 00:00:00+09:00,755.1441660648635,778.5908264673056,755.1441660648635,769.697265625,11800,0.0,0.0
2021-12-08 00:00:00+09:00,772.1228162121697,772.1228162121697,762.420749411598,768.8887939453125,5400,0.0,0.0
2021-12-09 00:00:00+09:00,769.697354403409,769.697354403409,749.4847137940758,755.9527587890625,3900,0.0,0.0
2021-12-10 00:00:00+09:00,752.7186006935694,764.0376773957283,743.8250404275874,751.9100952148438,17400,0.0,0.0
2021-12-13 00:00:00+09:00,751.9101495701867,764.8462381649426,743.0165886612921,753.5271606445312,5100,0.0,0.0
2021-12-14 00:00:00+09:00,748.676140752332,750.2931518554688,737.3570630303745,750.2931518554688,3900,0.0,0.0
2021-12-15 00:00:00+09:00,748.6761207988992,755.1441650390625,737.3570433786134,755.1441650390625,9200,0.0,0.0
2021-12-16 00:00:00+09:00,766.4632014678662,766.4632014678662,751.1015972190377,757.5696411132812,10500,0.0,0.0
2021-12-17 00:00:00+09:00,756.7612030490686,756.7612030490686,747.8676419021244,748.6761474609375,3700,0.0,0.0
2021-12-20 00:00:00+09:00,751.9101900847062,755.1442124076511,733.3145617277726,743.8251342773438,26100,0.0,0.0
2021-12-21 00:00:00+09:00,742.2081163782877,754.3356999792402,742.2081163782877,745.442138671875,7800,0.0,0.0
2021-12-22 00:00:00+09:00,752.7186957319278,755.9527180551585,749.4846734086972,751.1016845703125,5000,0.0,0.0
2021-12-23 00:00:00+09:00,755.1441246529398,759.9951575736226,748.6760807586962,757.5696411132812,4700,0.0,0.0
2021-12-24 00:00:00+09:00,773.7398614823192,774.548367084704,764.0377942537007,768.080322265625,17600,0.0,0.0
2021-12-27 00:00:00+09:00,780.2078858663689,804.4630533026291,776.1653579603255,794.760986328125,28300,0.0,0.0
2021-12-28 00:00:00+09:00,798.8035347664246,798.8035347664246,785.0589395325893,789.9099731445312,7100,0.0,0.0
2021-12-29 00:00:00+09:00,789.909884211196,789.909884211196,780.2078180796358,781.8248291015625,4300,0.0,0.0
2021-12-30 00:00:00+09:00,784.2504336869896,805.2715793322079,780.2079056782937,804.4630737304688,16000,0.0,0.0
2022-01-04 00:00:00+09:00,802.8459877707742,813.3565596147017,793.9524269797586,800.4204711914062,31900,0.0,0.0
2022-01-05 00:00:00+09:00,800.420484562191,803.6545067220383,793.9524402424966,797.1864624023438,16200,0.0,0.0
2022-01-06 00:00:00+09:00,793.9525283782273,793.9525283782273,759.9952919302787,790.718505859375,38600,0.0,0.0
2022-01-07 00:00:00+09:00,796.3778543277663,796.3778543277663,785.0587782256457,792.3353271484375,18100,0.0,0.0
2022-01-11 00:00:00+09:00,793.9524269797586,808.505526455966,793.9524269797586,800.4204711914062,22600,0.0,0.0
2022-01-12 00:00:00+09:00,812.5480540882457,812.5480540882457,798.8034601384944,800.4204711914062,21400,0.0,0.0
2022-01-13 00:00:00+09:00,795.5693488919005,795.5693488919005,777.7822293028539,792.3353271484375,11500,0.0,0.0
2022-01-14 00:00:00+09:00,777.7823219535277,786.6758828074662,776.1653108891753,784.2503662109375,7100,0.0,0.0
2022-01-17 00:00:00+09:00,783.4418454839914,784.2503510004867,757.5696689561403,765.6547241210938,16900,0.0,0.0
2022-01-18 00:00:00+09:00,759.9951982191849,764.8462313993074,750.29313185894,755.1441650390625,16600,0.0,0.0
2022-01-19 00:00:00+09:00,748.6761260143301,767.2717533343405,731.697509765625,731.697509765625,18900,0.0,0.0
2022-01-20 00:00:00+09:00,743.8250792852723,743.8250792852723,717.9529026144802,734.9315185546875,20700,0.0,0.0
2022-01-21 00:00:00+09:00,734.1231013392237,734.1231013392237,715.5274721202786,728.4635620117188,15300,0.0,0.0
2022-01-24 00:00:00+09:00,716.3359311674341,732.5060424804688,716.3359311674341,732.5060424804688,4600,0.0,0.0
2022-01-25 00:00:00+09:00,742.2080457532728,742.2080457532728,703.3997819230362,717.952880859375,18800,0.0,0.0
2022-01-26 00:00:00+09:00,718.7614812850952,724.4210205078125,704.2083804266794,724.4210205078125,16600,0.0,0.0
2022-01-27 00:00:00+09:00,736.548483878271,738.9740002906034,696.1232103393977,700.9742431640625,10000,0.0,0.0
2022-01-28 00:00:00+09:00,703.3998684275438,707.4423964070124,701.7828572357563,704.2083740234375,17100,0.0,0.0
2022-01-31 00:00:00+09:00,700.9743516398626,712.2934299823748,697.7403292562877,704.2083740234375,11400,0.0,0.0
2022-02-01 00:00:00+09:00,709.8678722948996,717.9529277880077,704.2083334497238,706.6338500976562,4400,0.0,0.0
2022-02-02 00:00:00+09:00,713.9104209175323,723.6124877929688,713.1019153445793,723.6124877929688,4000,0.0,0.0
2022-02-03 00:00:00+09:00,730.0804277593439,730.0804277593439,711.4848022460938,711.4848022460938,4900,0.0,0.0
2022-02-04 00:00:00+09:00,713.91041427153,727.6550088837793,713.91041427153,725.2294921875,3200,0.0,0.0
2022-02-07 00:00:00+09:00,734.1229717132129,735.7399826641231,723.6124005322969,730.0804443359375,15000,0.0,0.0
2022-02-08 00:00:00+09:00,711.4848704375704,721.9954423872164,704.2083206262771,717.1444091796875,51600,0.0,0.0
2022-02-09 00:00:00+09:00,712.2934433759269,724.4210275423728,712.2934433759269,715.5274658203125,4600,0.0,0.0
2022-02-10 00:00:00+09:00,717.1444086930746,721.9954418973118,708.2508478186396,709.8678588867188,24000,0.0,0.0
2022-02-14 00:00:00+09:00,709.0592978718371,709.8678033426146,699.3572322225076,700.9742431640625,6200,0.0,0.0
2022-02-15 00:00:00+09:00,700.9743246144262,730.080524944437,700.9743246144262,703.3998413085938,6500,0.0,0.0
2022-02-16 00:00:00+09:00,715.5273164775037,715.5273164775037,711.4847892657664,714.7188110351562,1100,0.0,0.0
2022-02-17 00:00:00+09:00,714.7189192147091,714.7189192147091,702.5913357438712,703.3998413085938,2400,0.0,0.0
2022-02-18 00:00:00+09:00,703.3998958371053,703.3998958371053,695.3148395631156,697.7403564453125,3600,0.0,0.0
2022-02-21 00:00:00+09:00,696.93174208973,696.93174208973,687.2296760745597,694.5062255859375,6100,0.0,0.0
2022-02-22 00:00:00+09:00,690.4637039472473,692.889220471652,683.1871543740327,685.6126708984375,8600,0.0,0.0
2022-02-24 00:00:00+09:00,685.61279355073,689.6553218145905,675.1022200646929,678.3362426757812,11200,0.0,0.0
2022-02-25 00:00:00+09:00,688.8467340045008,690.4637451171875,683.1871951100977,690.4637451171875,5300,0.0,0.0
2022-02-28 00:00:00+09:00,691.2722506735308,696.1232840115907,690.4637451171875,690.4637451171875,5400,0.0,0.0
2022-03-01 00:00:00+09:00,690.4637722439236,703.3998616536458,689.6552666558159,691.2722778320312,3100,0.0,0.0
2022-03-02 00:00:00+09:00,687.2296952523327,688.8467062999852,675.1021123949386,682.378662109375,7800,0.0,0.0
2022-03-03 00:00:00+09:00,689.6552328662337,693.6977606087088,689.6552328662337,692.0807495117188,1100,0.0,0.0
2022-03-04 00:00:00+09:00,693.6977472349655,695.3147583007812,671.0595923135447,695.3147583007812,7200,0.0,0.0
2022-03-07 00:00:00+09:00,687.2296047439391,687.2296047439391,671.8680018143688,674.2935180664062,8300,0.0,0.0
2022-03-08 00:00:00+09:00,671.8681642852561,689.6552877681389,663.7831081566729,664.5916137695312,5400,0.0,0.0
2022-03-09 00:00:00+09:00,665.4000437519338,673.4850989615563,648.4214278117265,653.2724609375,11800,0.0,0.0
2022-03-10 00:00:00+09:00,657.315010234678,687.2297154975108,649.2299547582368,677.5276489257812,9400,0.0,0.0
2022-03-11 00:00:00+09:00,677.5276691730206,677.5276691730206,663.7830744523269,672.6766357421875,2300,0.0,0.0
2022-03-14 00:00:00+09:00,675.1021322828489,679.1446600210695,671.8681100922723,677.5276489257812,4600,0.0,0.0
2022-03-15 00:00:00+09:00,687.2297223104815,687.2297223104815,662.1660500850404,675.91064453125,4900,0.0,0.0
2022-03-16 00:00:00+09:00,677.5276426712953,686.4212036132812,677.5276426712953,686.4212036132812,400,0.0,0.0
2022-03-17 00:00:00+09:00,688.0382217692438,703.3998271906487,684.8041995752637,692.0807495117188,3000,0.0,0.0
2022-03-18 00:00:00+09:00,689.6552195704261,696.931769366597,688.0382085046103,695.3147583007812,1600,0.0,0.0
2022-03-22 00:00:00+09:00,700.9743380998079,705.0168660011909,697.7403157787015,700.1658325195312,3400,0.0,0.0
2022-03-23 00:00:00+09:00,703.3998141272295,708.250847328107,700.9742975267908,702.59130859375,2100,0.0,0.0
2022-03-24 00:00:00+09:00,702.591276426573,717.952880859375,702.591276426573,717.952880859375,1800,0.0,0.0
2022-03-25 00:00:00+09:00,723.6124005322969,734.1229717132129,711.4848184004707,730.0804443359375,8400,0.0,0.0
2022-03-28 00:00:00+09:00,730.0805255800585,730.0805255800585,714.7189198369565,725.2294921875,2600,0.0,0.0
2022-03-29 00:00:00+09:00,730.0804566115476,730.0804566115476,714.7188523196103,719.5698852539062,3700,0.0,0.0
2022-03-30 00:00:00+09:00,724.5554015220754,738.680908203125,724.5554015220754,738.680908203125,800,24.0,0.0
2022-03-31 00:00:00+09:00,737.0191445096838,743.6664423181138,733.6954956054688,733.6954956054688,2100,0.0,0.0
2022-04-01 00:00:00+09:00,733.6954751912158,733.6954751912158,725.3863531618703,732.8645629882812,1300,0.0,0.0
2022-04-04 00:00:00+09:00,732.8645047919695,751.144571804921,732.8645047919695,750.3136596679688,5900,0.0,0.0
2022-04-05 00:00:00+09:00,749.4827669452688,749.4827669452688,740.3427332020339,743.6663818359375,2600,0.0,0.0
2022-04-06 00:00:00+09:00,731.2027385824122,739.5118606117577,731.2027385824122,732.8645629882812,3500,0.0,0.0
2022-04-07 00:00:00+09:00,722.0627234651429,722.0627234651429,707.9372156413139,716.246337890625,6800,0.0,0.0
2022-04-08 00:00:00+09:00,709.5990804036458,711.2609049479166,698.7972208658854,700.4590454101562,3400,0.0,0.0
2022-04-11 00:00:00+09:00,698.7971586470171,698.7971586470171,683.8407390802557,685.5025634765625,3900,0.0,0.0
2022-04-12 00:00:00+09:00,684.671651055923,684.671651055923,678.8552656707392,683.0098266601562,3900,0.0,0.0
2022-04-13 00:00:00+09:00,683.0098469059642,684.6716713509909,673.0389002358041,681.3480224609375,3700,0.0,0.0
2022-04-14 00:00:00+09:00,687.9952600919283,697.9662058903621,683.0097871927115,691.3189086914062,2400,0.0,0.0
2022-04-15 00:00:00+09:00,683.8406577249175,686.3333940228212,683.0097456256162,684.6715698242188,2600,0.0,0.0
2022-04-18 00:00:00+09:00,684.6716305620051,690.4880157730902,678.024333177908,682.1788940429688,800,0.0,0.0
2022-04-19 00:00:00+09:00,678.8552264433641,691.3189086914062,678.8552264433641,691.3189086914062,1500,0.0,0.0
2022-04-20 00:00:00+09:00,687.9952593565564,689.6570836545192,685.5025229096124,686.3334350585938,3100,0.0,0.0
2022-04-21 00:00:00+09:00,682.1788526048847,683.0097647274242,678.0242919921875,678.0242919921875,3300,0.0,0.0
2022-04-22 00:00:00+09:00,681.3479636108107,696.3043823242188,680.5170514600658,696.3043823242188,3200,0.0,0.0
2022-04-25 00:00:00+09:00,692.9807329911453,692.9807329911453,687.9952600919283,691.3189086914062,2900,0.0,0.0
2022-04-26 00:00:00+09:00,689.6570661107418,703.7825722840943,689.6570661107418,702.95166015625,3200,0.0,0.0
2022-04-27 00:00:00+09:00,690.4879965415367,691.3189086914062,689.6570843916674,691.3189086914062,1400,0.0,0.0
2022-04-28 00:00:00+09:00,687.9953011648995,701.2898963564918,687.9953011648995,697.9662475585938,2000,0.0,0.0
2022-05-02 00:00:00+09:00,697.1353152313595,702.1207882842656,697.1353152313595,699.6280517578125,6400,0.0,0.0
2022-05-06 00:00:00+09:00,692.1498229980468,706.2753295898438,692.1498229980468,706.2753295898438,2800,0.0,0.0
2022-05-09 00:00:00+09:00,692.1498413085938,695.4734900063542,692.1498413085938,692.1498413085938,5700,0.0,0.0
2022-05-10 00:00:00+09:00,687.1643878728694,688.8262122691762,673.0388805042613,685.5025634765625,5700,0.0,0.0
2022-05-11 00:00:00+09:00,688.8261518237393,690.4879760742188,688.8261518237393,690.4879760742188,800,0.0,0.0
2022-05-12 00:00:00+09:00,686.3333950548287,692.9806918592337,664.729680440512,689.6570434570312,13200,0.0,0.0
2022-05-13 00:00:00+09:00,689.6570665339278,705.4443969726562,689.6570665339278,705.4443969726562,3100,0.0,0.0
2022-05-16 00:00:00+09:00,726.2172006239914,726.2172006239914,706.2753095313417,707.9371337890625,4900,0.0,0.0
2022-05-17 00:00:00+09:00,707.1062233536331,717.9080810546875,707.1062233536331,717.9080810546875,500,0.0,0.0
2022-05-18 00:00:00+09:00,717.9080249683277,747.820859342008,717.9080249683277,737.8499145507812,7100,0.0,0.0
2022-05-19 00:00:00+09:00,734.5262206468714,737.0189566897907,721.2316284179688,721.2316284179688,1500,0.0,0.0
2022-05-20 00:00:00+09:00,721.2317295780889,732.0335872791431,717.9080810546875,717.9080810546875,4800,0.0,0.0
2022-05-23 00:00:00+09:00,730.3717642977475,730.3717642977475,717.9080823131443,725.3862915039062,2100,0.0,0.0
2022-05-24 00:00:00+09:00,714.5843922168533,718.7389526367188,709.5989197130148,718.7389526367188,1700,0.0,0.0
2022-05-25 00:00:00+09:00,712.9226275292511,716.2462761424412,711.2608032226562,711.2608032226562,2200,0.0,0.0
2022-05-26 00:00:00+09:00,711.2608028648887,714.5844514764068,708.76806640625,708.76806640625,5200,0.0,0.0
2022-05-27 00:00:00+09:00,708.7681074520369,712.9226684570312,690.4880390300618,712.9226684570312,52500,0.0,0.0
2022-05-30 00:00:00+09:00,706.275332042462,723.7244873046875,706.275332042462,723.7244873046875,2600,0.0,0.0
2022-05-31 00:00:00+09:00,731.2027994791666,734.5264485677083,730.3718872070312,730.3718872070312,2000,0.0,0.0
2022-06-01 00:00:00+09:00,731.2026793204698,742.83544921875,729.540855049287,742.83544921875,3800,0.0,0.0
2022-06-02 00:00:00+09:00,743.6664218363788,745.3282462427171,733.6954753983492,735.3572998046875,2400,0.0,0.0
2022-06-03 00:00:00+09:00,735.3571783529745,739.5117386826523,728.70988182549,737.8499145507812,3900,0.0,0.0
2022-06-06 00:00:00+09:00,732.8645636047979,740.3427734375,729.5409147902637,740.3427734375,6700,0.0,0.0
2022-06-07 00:00:00+09:00,740.3428344726562,740.3428344726562,729.5409749348958,730.3718872070312,5900,0.0,0.0
2022-06-08 00:00:00+09:00,731.2027590646163,742.8355302315533,731.2027590646163,736.188232421875,2400,0.0,0.0
2022-06-09 00:00:00+09:00,742.8354696774616,743.6663818359375,732.0336116172748,743.6663818359375,5200,0.0,0.0
2022-06-10 00:00:00+09:00,752.8064571126301,759.4537547471788,745.328247273763,747.8209838867188,6200,0.0,0.0
2022-06-13 00:00:00+09:00,747.8209426283171,747.8209426283171,743.6663818359375,743.6663818359375,2000,0.0,0.0
2022-06-14 00:00:00+09:00,744.4972759046052,757.7918701171875,742.8354516280325,757.7918701171875,5000,0.0,0.0
2022-06-15 00:00:00+09:00,738.6808671919039,747.8209004192503,736.1881308571731,737.01904296875,6500,0.0,0.0
2022-06-16 00:00:00+09:00,756.1300849914551,756.1300849914551,739.5118413652693,744.497314453125,6200,0.0,0.0
2022-06-17 00:00:00+09:00,737.8499730603448,747.8209186422414,708.76804844648,722.8935546875,9800,0.0,0.0
2022-06-20 00:00:00+09:00,732.0335459802881,732.0335459802881,717.9080405527457,718.7389526367188,3700,0.0,0.0
2022-06-21 00:00:00+09:00,737.0191048213414,746.1591388157436,737.0191048213414,744.497314453125,1100,0.0,0.0
2022-06-22 00:00:00+09:00,745.3282260851914,747.8209626272824,732.0336311940397,739.5118408203125,6100,0.0,0.0
2022-06-23 00:00:00+09:00,736.1881931753221,749.4827880859375,736.1881931753221,749.4827880859375,2700,0.0,0.0
2022-06-24 00:00:00+09:00,774.4101334456559,774.4101334456559,749.4827686351734,756.1300659179688,10100,0.0,0.0
2022-06-27 00:00:00+09:00,756.1301069415983,768.5937900230532,753.6373703253073,760.28466796875,4600,0.0,0.0
2022-06-28 00:00:00+09:00,760.28466796875,762.7774045850409,756.1301069415983,760.28466796875,2400,0.0,0.0
2022-06-29 00:00:00+09:00,761.1156008507321,770.255635358765,760.2846886227292,766.10107421875,3700,0.0,0.0
2022-06-30 00:00:00+09:00,766.1009938886089,777.7337638608872,766.1009938886089,772.748291015625,4400,0.0,0.0
2022-07-01 00:00:00+09:00,781.057373046875,786.8737577397773,775.2409883539727,781.057373046875,4000,0.0,0.0
2022-07-04 00:00:00+09:00,786.8737982073401,786.8737982073401,777.7337646484375,777.7337646484375,2300,0.0,0.0
2022-07-05 00:00:00+09:00,782.7193398541946,785.2120766053225,776.9029541015625,776.9029541015625,2700,0.0,0.0
2022-07-06 00:00:00+09:00,777.7337863869863,789.3665566961934,775.2410498921562,788.53564453125,5400,0.0,0.0
2022-07-07 00:00:00+09:00,800.9992858244244,800.9992858244244,781.0573948910362,789.3665161132812,15200,0.0,0.0
2022-07-08 00:00:00+09:00,789.3664940367354,789.3664940367354,777.7337246509309,781.057373046875,3100,0.0,0.0
2022-07-11 00:00:00+09:00,774.4101770500532,788.5356845713525,774.4101770500532,780.2265625,1400,0.0,0.0
2022-07-12 00:00:00+09:00,772.7483526357828,780.2265625,772.7483526357828,780.2265625,1000,0.0,0.0
2022-07-13 00:00:00+09:00,781.0573536706349,789.3664744543651,781.0573536706349,785.2119140625,1400,0.0,0.0
2022-07-14 00:00:00+09:00,779.3954935034282,800.9992065429688,779.3954935034282,800.9992065429688,1900,0.0,0.0
2022-07-15 00:00:00+09:00,797.6755743511652,797.6755743511652,784.3809814453125,784.3809814453125,4700,0.0,0.0
2022-07-19 00:00:00+09:00,791.0283403577303,791.0283403577303,784.3810433799342,789.3665161132812,1700,0.0,0.0
2022-07-20 00:00:00+09:00,797.675635494403,807.6465809380829,773.5791840055095,779.3955688476562,8100,0.0,0.0
2022-07-21 00:00:00+09:00,781.8882691570532,800.1683349609375,781.8882691570532,800.1683349609375,1300,0.0,0.0
2022-07-22 00:00:00+09:00,800.1684770354425,800.1684770354425,779.3956712972431,793.5211791992188,3000,0.0,0.0
2022-07-25 00:00:00+09:00,796.8446860631307,797.6755981445312,792.690125656128,797.6755981445312,5900,0.0,0.0
2022-07-26 00:00:00+09:00,789.3664773305258,800.1683343887329,789.3664773305258,797.6755981445312,1500,0.0,0.0
2022-07-27 00:00:00+09:00,788.5355623759921,788.5355623759921,785.2119140625,785.2119140625,300,0.0,0.0
2022-07-28 00:00:00+09:00,785.2119345796033,793.5210555804456,781.0573740791821,786.0428466796875,1400,0.0,0.0
2022-07-29 00:00:00+09:00,789.3665161132812,796.8447252133018,789.3665161132812,789.3665161132812,4300,0.0,0.0
2022-08-01 00:00:00+09:00,785.2119345796033,786.0428466796875,774.4100772785082,786.0428466796875,1600,0.0,0.0
2022-08-02 00:00:00+09:00,781.8883052085762,781.8883052085762,779.3955688476562,779.3955688476562,1300,0.0,0.0
2022-08-03 00:00:00+09:00,784.3809814453125,784.3809814453125,784.3809814453125,784.3809814453125,100,0.0,0.0
2022-08-04 00:00:00+09:00,785.2119555021587,789.3665161132812,782.7192191354852,789.3665161132812,1100,0.0,0.0
2022-08-05 00:00:00+09:00,789.3665576528656,796.0138549804688,788.5356454869152,796.0138549804688,1200,0.0,0.0
2022-08-08 00:00:00+09:00,820.9412007900913,825.0957615228347,800.1683971263744,807.6466064453125,15000,0.0,0.0
2022-08-09 00:00:00+09:00,814.2938580825515,814.2938580825515,781.8882861792663,786.0428466796875,11800,0.0,0.0
2022-08-10 00:00:00+09:00,798.5065073164682,798.5065073164682,776.9027932787698,785.2119140625,5900,0.0,0.0
2022-08-12 00:00:00+09:00,785.2119758678159,797.675658024448,781.888327292714,790.1974487304688,5700,0.0,0.0
2022-08-15 00:00:00+09:00,797.675658024448,797.675658024448,790.1974487304688,790.1974487304688,5000,0.0,0.0
2022-08-16 00:00:00+09:00,792.6902669696907,805.9848626421384,792.6902669696907,793.5211791992188,5600,0.0,0.0
2022-08-17 00:00:00+09:00,786.8738001553669,794.352009449346,786.8738001553669,790.1974487304688,9600,0.0,0.0
2022-08-18 00:00:00+09:00,790.1975099575594,795.182983206503,789.3665977494021,792.6902465820312,2500,0.0,0.0
2022-08-19 00:00:00+09:00,794.3519687171744,794.3519687171744,791.0283203125,791.0283203125,2300,0.0,0.0
2022-08-22 00:00:00+09:00,783.5501511972161,790.1974483441703,781.0574147671084,787.7047119140625,6100,0.0,0.0
2022-08-23 00:00:00+09:00,786.873882591906,904.0325071383248,786.873882591906,818.4485473632812,137300,0.0,0.0
2022-08-24 00:00:00+09:00,822.6030654032113,824.2648897777633,791.8593144740004,796.8447875976562,19200,0.0,0.0
2022-08-25 00:00:00+09:00,805.9847183785593,806.815630459362,790.1973888433091,795.182861328125,11700,0.0,0.0
2022-08-26 00:00:00+09:00,799.3374849798257,809.3084307384098,799.3374849798257,807.6466064453125,4000,0.0,0.0
2022-08-29 00:00:00+09:00,795.1829428145184,797.6756793123694,787.7047333209648,796.0138549804688,10700,0.0,0.0
2022-08-30 00:00:00+09:00,791.8592941507168,798.5065914783198,790.197469818816,796.0138549804688,5100,0.0,0.0
2022-08-31 00:00:00+09:00,793.5210371665197,799.3374217321382,791.8592130049144,795.182861328125,1500,0.0,0.0
2022-09-01 00:00:00+09:00,796.0138130910773,796.0138130910773,789.3665161132812,789.3665161132812,3700,0.0,0.0
2022-09-02 00:00:00+09:00,790.197386532738,790.197386532738,778.5646174355159,785.2119140625,22400,0.0,0.0
2022-09-05 00:00:00+09:00,785.2118935019283,788.5355417283915,779.3955091056177,784.3809814453125,10900,0.0,0.0
2022-09-06 00:00:00+09:00,781.8883065663774,787.7046914186246,776.9028338358797,786.873779296875,10900,0.0,0.0
2022-09-07 00:00:00+09:00,786.8737577397773,789.3664940367354,776.0719004529587,781.057373046875,15700,0.0,0.0
2022-09-08 00:00:00+09:00,790.1974688611367,792.6902053559668,781.0574350467597,788.53564453125,18500,0.0,0.0
2022-09-09 00:00:00+09:00,792.6901227678571,792.6901227678571,781.0573536706349,785.2119140625,9500,0.0,0.0
2022-09-12 00:00:00+09:00,785.2119758678159,793.5210973055706,785.2119758678159,790.1974487304688,2200,0.0,0.0
2022-09-13 00:00:00+09:00,787.7046918688322,792.6901646021793,787.7046918688322,789.3665161132812,1000,0.0,0.0
2022-09-14 00:00:00+09:00,787.7047935925228,794.3520914287467,782.719320215355,793.5211791992188,3200,0.0,0.0
2022-09-15 00:00:00+09:00,800.1683349609375,800.1683349609375,800.1683349609375,800.1683349609375,2200,0.0,0.0
2022-09-16 00:00:00+09:00,791.0282798358801,797.6755763050892,791.0282798358801,791.8591918945312,500,0.0,0.0
2022-09-20 00:00:00+09:00,800.9992245396937,800.9992245396937,791.8591918945312,791.8591918945312,700,0.0,0.0
2022-09-21 00:00:00+09:00,791.0283020589953,800.1683349609375,787.7046537310164,800.1683349609375,2200,0.0,0.0
2022-09-22 00:00:00+09:00,798.5065503619205,800.9992867314166,794.3519897460938,794.3519897460938,2300,0.0,0.0
2022-09-26 00:00:00+09:00,790.1974071801086,795.182879780614,786.0428466796875,786.0428466796875,2700,0.0,0.0
2022-09-27 00:00:00+09:00,785.2119958714766,790.1974688611367,785.2119958714766,788.53564453125,500,0.0,0.0
2022-09-28 00:00:00+09:00,786.8738195554829,790.1974682125282,777.7337857486082,783.5501708984375,2000,0.0,0.0
2022-09-29 00:00:00+09:00,783.5502378402217,802.186027280746,783.5502378402217,787.78564453125,1000,18.0,0.0
2022-09-30 00:00:00+09:00,782.7031055318898,786.0914306640625,769.9968862862422,786.0914306640625,1800,0.0,0.0
2022-10-03 00:00:00+09:00,784.3972742340317,790.3268432617188,779.3147864960142,790.3268432617188,1500,0.0,0.0
2022-10-04 00:00:00+09:00,796.256392732374,802.1859616144236,788.6326613125959,793.7151489257812,2700,0.0,0.0
2022-10-05 00:00:00+09:00,803.0330810546875,803.0330810546875,803.0330810546875,803.0330810546875,200,0.0,0.0
2022-10-06 00:00:00+09:00,803.0330518806505,808.1155395507812,802.1859706022955,808.1155395507812,2800,0.0,0.0
2022-10-07 00:00:00+09:00,808.9625854492188,808.9625854492188,798.7976105535217,808.9625854492188,2800,0.0,0.0
2022-10-11 00:00:00+09:00,802.18595815109,802.18595815109,799.6447143554688,799.6447143554688,400,0.0,0.0
2022-10-12 00:00:00+09:00,801.338902581432,802.1859838738013,800.4918212890625,800.4918212890625,900,0.0,0.0
2022-10-13 00:00:00+09:00,803.033120532746,803.033120532746,795.4093883757895,796.2564697265625,1500,0.0,0.0
2022-10-14 00:00:00+09:00,796.2564697265625,802.186039181973,792.0210629726978,796.2564697265625,3700,0.0,0.0
2022-10-17 00:00:00+09:00,798.7976427989402,804.7272117274582,790.3268300439142,797.9505615234375,3400,0.0,0.0
2022-10-18 00:00:00+09:00,808.1155172271406,808.1155172271406,800.491785932545,801.3388671875,700,0.0,0.0
2022-10-19 00:00:00+09:00,801.338854277446,808.9625854492188,801.338854277446,808.9625854492188,800,0.0,0.0
2022-10-20 00:00:00+09:00,804.7271567387969,804.7271567387969,801.3388318683177,802.1859130859375,700,0.0,0.0
2022-10-21 00:00:00+09:00,800.4917506506979,804.7271567387969,798.7975882154584,802.1859130859375,1400,0.0,0.0
2022-10-24 00:00:00+09:00,806.421376994071,808.1155395507812,800.4918080455852,808.1155395507812,1700,0.0,0.0
2022-10-25 00:00:00+09:00,808.962543539695,808.962543539695,799.6446503680336,805.57421875,3200,0.0,0.0
2022-10-26 00:00:00+09:00,792.8680704195206,804.7272082249408,791.1739078758891,803.880126953125,2500,0.0,0.0
2022-10-27 00:00:00+09:00,803.880126953125,803.880126953125,803.880126953125,803.880126953125,0,0.0,0.0
2022-10-28 00:00:00+09:00,797.1035510773354,806.4214459358377,787.7856562188331,796.2564697265625,2200,0.0,0.0
2022-10-31 00:00:00+09:00,798.7976684570312,802.1859936678776,798.7976684570312,798.7976684570312,900,0.0,0.0
2022-11-01 00:00:00+09:00,798.7977137788813,798.7977137788813,796.2564697265625,796.2564697265625,4200,0.0,0.0
2022-11-02 00:00:00+09:00,796.2564148272156,800.4918212890625,792.8680896577381,800.4918212890625,1100,0.0,0.0
2022-11-04 00:00:00+09:00,797.103496119585,800.4918212890625,792.8680896577381,800.4918212890625,1700,0.0,0.0
2022-11-07 00:00:00+09:00,803.0330651661707,803.88014645854,786.0914393187832,800.4918212890625,5100,0.0,0.0
2022-11-08 00:00:00+09:00,800.4918212890625,800.4918212890625,799.6447399966931,800.4918212890625,2200,0.0,0.0
2022-11-09 00:00:00+09:00,803.8801206815041,803.8801206815041,787.7855766425699,799.6447143554688,4400,0.0,0.0
2022-11-10 00:00:00+09:00,799.6446503680336,808.1154623422713,799.6446503680336,805.57421875,5300,0.0,0.0
2022-11-11 00:00:00+09:00,804.7272277509094,806.4213903356482,797.9505774119544,800.4918212890625,800,0.0,0.0
2022-11-14 00:00:00+09:00,810.6567639567907,813.1980077309498,801.3388701182068,811.5038452148438,3900,0.0,0.0
2022-11-15 00:00:00+09:00,824.2100733047877,830.139642177484,804.7272041516427,825.9042358398438,19600,0.0,0.0
2022-11-16 00:00:00+09:00,818.2805044320913,838.6104548527645,814.8921793619792,825.9042358398438,15800,0.0,0.0
2022-11-17 00:00:00+09:00,827.5983377683091,841.9987182617188,827.5983377683091,841.9987182617188,6500,0.0,0.0
2022-11-18 00:00:00+09:00,859.7875120843474,859.7875120843474,841.9988049377747,842.8458862304688,18200,0.0,0.0
2022-11-21 00:00:00+09:00,853.8579430354899,855.5521056208778,841.1517236450808,842.8458862304688,10300,0.0,0.0
2022-11-22 00:00:00+09:00,842.8457708740234,856.3990697021484,842.8457708740234,847.0811767578125,7700,0.0,0.0
2022-11-24 00:00:00+09:00,854.7050403908403,854.7050403908403,840.3046581444139,845.3871459960938,4300,0.0,0.0
2022-11-25 00:00:00+09:00,857.2462288427686,857.2462288427686,845.3870912896077,849.6224975585938,5300,0.0,0.0
2022-11-28 00:00:00+09:00,847.0812441697761,851.316650390625,844.5400004372668,851.316650390625,8600,0.0,0.0
2022-11-29 00:00:00+09:00,853.8579674030173,859.7875366210938,847.9283981849408,859.7875366210938,9800,0.0,0.0
2022-11-30 00:00:00+09:00,849.6225525391604,854.7050403908403,836.0692516013472,845.3871459960938,5000,0.0,0.0
2022-12-01 00:00:00+09:00,853.0108815644511,859.7875320634736,838.6104992540285,839.4575805664062,6200,0.0,0.0
2022-12-02 00:00:00+09:00,839.4575805664062,839.4575805664062,839.4575805664062,839.4575805664062,800,0.0,0.0
2022-12-05 00:00:00+09:00,838.6104992540285,839.4575805664062,838.6104992540285,839.4575805664062,400,0.0,0.0
2022-12-06 00:00:00+09:00,845.3870784473042,857.2462158203125,845.3870784473042,857.2462158203125,1000,0.0,0.0
2022-12-07 00:00:00+09:00,855.5521355022435,855.5521355022435,825.9042892224628,837.763427734375,5600,0.0,0.0
2022-12-08 00:00:00+09:00,846.2341242891922,846.2341242891922,841.1516370562241,841.9987182617188,400,0.0,0.0
2022-12-09 00:00:00+09:00,844.5400133860637,849.622500929009,843.6929321289062,843.6929321289062,1400,0.0,0.0
2022-12-12 00:00:00+09:00,858.9403815881531,858.9403815881531,847.0812441697761,851.316650390625,1000,0.0,0.0
2022-12-13 00:00:00+09:00,847.9283447265625,853.8579135708043,847.9283447265625,847.9283447265625,1400,0.0,0.0
2022-12-14 00:00:00+09:00,851.3166311545699,856.3991185047464,839.457494004158,854.7049560546875,2300,0.0,0.0
2022-12-15 00:00:00+09:00,854.7049363441391,854.7049363441391,841.9987182617188,841.9987182617188,3800,0.0,0.0
2022-12-16 00:00:00+09:00,838.6104894908893,841.1517333984375,834.3750829783091,841.1517333984375,6500,0.0,0.0
2022-12-19 00:00:00+09:00,847.0812216924211,855.5520339093453,841.9987343622665,844.5399780273438,4400,0.0,0.0
2022-12-20 00:00:00+09:00,847.0812975683695,847.0812975683695,805.5743139875194,820.82177734375,13700,0.0,0.0
2022-12-21 00:00:00+09:00,827.5984413782755,827.5984413782755,804.7272459665934,813.1980590820312,8700,0.0,0.0
2022-12-22 00:00:00+09:00,827.5983566746568,838.6104125976562,814.892138301965,838.6104125976562,4300,0.0,0.0
2022-12-23 00:00:00+09:00,844.5400561722533,845.3871374723258,822.5159423703691,830.9867553710938,11400,0.0,0.0
2022-12-26 00:00:00+09:00,818.2805589813546,831.8338601653109,818.2805589813546,821.6688842773438,10600,0.0,0.0
2022-12-27 00:00:00+09:00,815.739264054732,825.9042393077503,815.739264054732,819.9746704101562,1300,0.0,0.0
2022-12-28 00:00:00+09:00,820.8217810236243,825.9042688318201,809.8097241058667,814.8922119140625,8200,0.0,0.0
2022-12-29 00:00:00+09:00,813.1980590820312,814.045140393575,813.1980590820312,813.1980590820312,500,0.0,0.0
2022-12-30 00:00:00+09:00,815.7392195268111,838.6104125976562,815.7392195268111,838.6104125976562,1800,0.0,0.0
2023-01-04 00:00:00+09:00,834.3750353557307,834.3750353557307,830.9867103390577,833.5279541015625,3500,0.0,0.0
2023-01-05 00:00:00+09:00,834.3749874122666,841.9987182617188,834.3749874122666,841.9987182617188,3200,0.0,0.0
2023-01-06 00:00:00+09:00,841.9987312712043,850.4695434570312,839.4574876154562,850.4695434570312,3400,0.0,0.0
2023-01-10 00:00:00+09:00,859.7874498837563,859.7874498837563,851.3166375696306,858.9403686523438,12500,0.0,0.0
2023-01-11 00:00:00+09:00,853.8578748296582,858.9403621798347,847.0812250294227,854.7049560546875,4400,0.0,0.0
2023-01-12 00:00:00+09:00,847.0813086133204,847.0813086133204,833.5280076755073,845.3871459960938,2100,0.0,0.0
2023-01-13 00:00:00+09:00,836.9162754776454,855.5520629882812,836.9162754776454,855.5520629882812,3000,0.0,0.0
2023-01-16 00:00:00+09:00,855.5520370945786,855.5520370945786,838.6104125976562,838.6104125976562,4600,0.0,0.0
2023-01-17 00:00:00+09:00,838.6104955271873,845.3871459960938,838.6104955271873,845.3871459960938,1400,0.0,0.0
2023-01-18 00:00:00+09:00,834.3749591064453,850.4695014648437,826.7512285156249,847.0811767578125,3200,0.0,0.0
2023-01-19 00:00:00+09:00,847.0812441697761,851.316650390625,847.0812441697761,851.316650390625,2400,0.0,0.0
2023-01-20 00:00:00+09:00,850.4695885169518,850.4695885169518,847.9283447265625,847.9283447265625,600,0.0,0.0
2023-01-23 00:00:00+09:00,840.3046229823574,847.081273167699,840.3046229823574,846.2341918945312,2200,0.0,0.0
2023-01-24 00:00:00+09:00,847.0812185827004,851.316624675614,847.0812185827004,850.4695434570312,1800,0.0,0.0
2023-01-25 00:00:00+09:00,853.0108420798729,853.0108420798729,842.8458668018604,846.2341918945312,3100,0.0,0.0
2023-01-26 00:00:00+09:00,846.2340955810547,851.3165826416015,841.9986896972656,847.0811767578125,4300,0.0,0.0
2023-01-27 00:00:00+09:00,847.0812600756449,853.85791015625,847.0812600756449,853.85791015625,1400,0.0,0.0
2023-01-30 00:00:00+09:00,830.9867289775127,851.3166795335375,830.9867289775127,846.2341918945312,8600,0.0,0.0
2023-01-31 00:00:00+09:00,846.2341304234096,851.3166176932199,821.6687752859933,830.1395874023438,12900,0.0,0.0
2023-02-01 00:00:00+09:00,830.1396477043451,846.2341918945312,830.1396477043451,846.2341918945312,2500,0.0,0.0
2023-02-02 00:00:00+09:00,845.3871106213636,846.2341918945312,841.1517042555251,846.2341918945312,2300,0.0,0.0
2023-02-03 00:00:00+09:00,846.2341242891922,846.2341242891922,841.9987182617188,841.9987182617188,4600,0.0,0.0
2023-02-06 00:00:00+09:00,847.0811767578125,847.0811767578125,845.3870144042968,847.0811767578125,1300,0.0,0.0
2023-02-07 00:00:00+09:00,846.2342273047071,846.2342273047071,825.9042758979874,845.3871459960938,3600,0.0,0.0
2023-02-08 00:00:00+09:00,845.38715963489,845.38715963489,834.3751024452572,837.763427734375,3300,0.0,0.0
2023-02-09 00:00:00+09:00,838.6104125976562,841.1516562721946,837.7633313728102,838.6104125976562,4500,0.0,0.0
2023-02-10 00:00:00+09:00,840.3045750473485,840.3045750473485,832.6808440237335,838.6104125976562,2800,0.0,0.0
2023-02-13 00:00:00+09:00,839.4575768358005,845.3871459960938,813.1980562687876,845.3871459960938,31600,0.0,0.0
2023-02-14 00:00:00+09:00,847.0812724475074,862.3287353515625,838.6104597230324,862.3287353515625,70000,0.0,0.0
2023-02-15 00:00:00+09:00,864.0228002929687,864.0228002929687,844.539933227539,847.0811767578125,26200,0.0,0.0
2023-02-16 00:00:00+09:00,850.4695851159474,859.7874789767795,845.3870975554936,853.85791015625,41700,0.0,0.0
2023-02-17 00:00:00+09:00,851.3165826416015,853.857826171875,845.3870144042968,847.0811767578125,10500,0.0,0.0
2023-02-20 00:00:00+09:00,845.3870657123254,851.3166343095061,841.9987407996507,848.775390625,10700,0.0,0.0
2023-02-21 00:00:00+09:00,848.7754322453948,855.5520824030427,845.3871071665709,852.1637573242188,5600,0.0,0.0
2023-02-22 00:00:00+09:00,844.5399972063751,857.2462158203125,843.692915965446,857.2462158203125,20800,0.0,0.0
2023-02-24 00:00:00+09:00,859.7874435840414,872.4936619621307,858.9403623588354,870.7994995117188,15500,0.0,0.0
2023-02-27 00:00:00+09:00,877.5762564310214,878.4233377596228,865.7171178306022,868.2583618164062,9800,0.0,0.0
2023-02-28 00:00:00+09:00,871.6466293484851,872.4937106209327,862.3287353515625,862.3287353515625,6500,0.0,0.0
2023-03-01 00:00:00+09:00,866.5641479492188,873.3407981775607,858.0933351637914,866.5641479492188,11700,0.0,0.0
2023-03-02 00:00:00+09:00,872.4937684594131,874.1879311166159,863.175873844798,868.2583618164062,11200,0.0,0.0
2023-03-03 00:00:00+09:00,872.4937099063178,885.1999289826234,872.4937099063178,878.4232788085938,15800,0.0,0.0
2023-03-06 00:00:00+09:00,884.3527736335594,886.0469360351562,878.4232052279704,886.0469360351562,9500,0.0,0.0
2023-03-07 00:00:00+09:00,886.0469810361487,893.6707122305323,880.9644935732263,883.5057373046875,9400,0.0,0.0
2023-03-08 00:00:00+09:00,883.5057403709087,893.6707153320312,878.4232528903474,893.6707153320312,6400,0.0,0.0
2023-03-09 00:00:00+09:00,897.9061376214703,914.8477628596113,896.2119750976562,896.2119750976562,33200,0.0,0.0
2023-03-10 00:00:00+09:00,897.0590929681855,906.3769872294225,879.2703857421875,879.2703857421875,14500,0.0,0.0
2023-03-13 00:00:00+09:00,869.9524343140952,876.7290842405924,864.0228656284099,873.3407592773438,9700,0.0,0.0
2023-03-14 00:00:00+09:00,868.2582621978819,868.2582621978819,844.53998771833,858.9403686523438,10700,0.0,0.0
2023-03-15 00:00:00+09:00,863.1758678959865,867.4112745098039,856.3992173138787,864.02294921875,7500,0.0,0.0
2023-03-16 00:00:00+09:00,847.0812504834468,856.3991442387646,844.5400067319964,855.5520629882812,9700,0.0,0.0
2023-03-17 00:00:00+09:00,855.552100948442,865.7170764052552,855.552100948442,864.8699951171875,9900,0.0,0.0
2023-03-20 00:00:00+09:00,864.8699665372334,869.9524540976873,852.1637476360987,853.85791015625,7200,0.0,0.0
2023-03-22 00:00:00+09:00,870.799551611956,870.799551611956,849.622519714778,856.399169921875,5900,0.0,0.0
2023-03-23 00:00:00+09:00,864.8699468692221,874.187840518156,862.3287031467856,873.3407592773438,5500,0.0,0.0
2023-03-24 00:00:00+09:00,872.4937684594131,873.3408497880145,864.0229551733994,868.2583618164062,6400,0.0,0.0
2023-03-27 00:00:00+09:00,870.7995959674721,871.6466772865066,864.022945415196,869.9525146484375,5100,0.0,0.0
2023-03-28 00:00:00+09:00,869.9524730633897,871.6466356204752,866.5641479492188,866.5641479492188,5100,0.0,0.0
2023-03-29 00:00:00+09:00,862.3287094292954,880.1174156159508,862.3287094292954,877.576171875,15200,0.0,0.0
2023-03-30 00:00:00+09:00,896.7486120439224,896.7486120439224,888.0338539093849,895.8771362304688,7400,29.0,0.0
2023-03-31 00:00:00+09:00,895.8771730434215,895.8771730434215,880.190607756669,887.1624145507812,22900,0.0,0.0
2023-04-03 00:00:00+09:00,889.77685546875,894.1342347805461,884.5480002945948,889.77685546875,6500,0.0,0.0
2023-04-04 00:00:00+09:00,891.519775390625,892.3912512218964,887.162396234268,891.519775390625,6300,0.0,0.0
2023-04-05 00:00:00+09:00,887.1623876518883,888.9053392975698,881.9335327148438,881.9335327148438,7300,0.0,0.0
2023-04-06 00:00:00+09:00,882.8050061323511,885.41943359375,879.3191028504859,885.41943359375,3000,0.0,0.0
2023-04-07 00:00:00+09:00,880.1906153411562,883.6765187682499,876.7047119140625,876.7047119140625,5200,0.0,0.0
2023-04-10 00:00:00+09:00,881.0620544914185,885.41943359375,877.5761512095534,885.41943359375,2900,0.0,0.0
2023-04-11 00:00:00+09:00,884.5479577732837,885.41943359375,874.0902479276882,885.41943359375,8500,0.0,0.0
2023-04-12 00:00:00+09:00,885.4194042198287,885.4194042198287,877.5761220958341,883.6764526367188,4600,0.0,0.0
2023-04-13 00:00:00+09:00,882.8049768451638,884.5479284282737,881.0620252620539,883.6764526367188,6800,0.0,0.0
2023-04-14 00:00:00+09:00,881.0620544914185,885.41943359375,881.0620544914185,885.41943359375,3400,0.0,0.0
2023-04-17 00:00:00+09:00,885.4194544438927,886.2909302848808,871.4758409880834,877.576171875,19500,0.0,0.0
2023-04-18 00:00:00+09:00,881.933606979295,884.5480346679688,878.4477033943965,884.5480346679688,3100,0.0,0.0
2023-04-19 00:00:00+09:00,883.6765002694964,884.5479761080265,881.0620727539062,881.0620727539062,1900,0.0,0.0
2023-04-20 00:00:00+09:00,881.0620727539062,883.6765002694964,873.2187902071355,881.0620727539062,13200,0.0,0.0
2023-04-21 00:00:00+09:00,875.8332360572891,881.0620911979296,875.8332360572891,876.7047119140625,2900,0.0,0.0
2023-04-24 00:00:00+09:00,880.1905993979642,881.0620752389523,871.4758409880834,877.576171875,15600,0.0,0.0
2023-04-25 00:00:00+09:00,883.676454933091,883.676454933091,875.8331727887145,880.1905517578125,5900,0.0,0.0
2023-04-26 00:00:00+09:00,880.1905676063863,880.1905676063863,877.5761401778525,879.319091796875,800,0.0,0.0
2023-04-27 00:00:00+09:00,881.9335670547031,881.9335670547031,876.7047119140625,876.7047119140625,2400,0.0,0.0
2023-04-28 00:00:00+09:00,874.9617443520357,881.0620752389523,874.0902685110476,877.576171875,5600,0.0,0.0
2023-05-01 00:00:00+09:00,877.5761512095534,885.41943359375,877.5761512095534,885.41943359375,30800,0.0,0.0
2023-05-02 00:00:00+09:00,886.2909545898438,888.0339063196172,884.5480028600701,886.2909545898438,5900,0.0,0.0
2023-05-08 00:00:00+09:00,888.9053877009902,899.3630981445312,888.0339118306952,899.3630981445312,12900,0.0,0.0
2023-05-09 00:00:00+09:00,897.6201122482388,908.0778222938493,897.6201122482388,904.5919189453125,7900,0.0,0.0
2023-05-10 00:00:00+09:00,907.2063943614131,910.6922978940217,895.0057319972826,901.9775390625,4600,0.0,0.0
2023-05-11 00:00:00+09:00,901.9774621794122,902.8489379882812,893.2627040907223,902.8489379882812,900,0.0,0.0
2023-05-12 00:00:00+09:00,903.7204640854667,905.4634158001928,893.2627537971103,896.7486572265625,14600,0.0,0.0
2023-05-15 00:00:00+09:00,926.3788268128584,935.0935852965166,909.820785693908,930.7362060546875,55400,0.0,0.0
2023-05-16 00:00:00+09:00,934.2220413773148,955.1374602141203,916.7925256799768,941.19384765625,33900,0.0,0.0
2023-05-17 00:00:00+09:00,949.0372207274938,954.2660759381137,942.9368896484374,942.9368896484375,10100,0.0,0.0
2023-05-18 00:00:00+09:00,950.7801596196724,962.9808216129587,945.5513044796925,960.3663940429688,13000,0.0,0.0
2023-05-19 00:00:00+09:00,966.4666659662632,966.4666659662632,949.9086257017375,956.8804321289062,8000,0.0,0.0
2023-05-22 00:00:00+09:00,957.7518762761896,961.2377793745561,950.7800700794567,958.6233520507812,9200,0.0,0.0
2023-05-23 00:00:00+09:00,958.6234469373687,958.6234469373687,933.3506469726562,933.3506469726562,18000,0.0,0.0
2023-05-24 00:00:00+09:00,933.3507385253906,952.523209344773,933.3507385253906,951.6517333984375,4300,0.0,0.0
2023-05-25 00:00:00+09:00,970.8240128950639,971.6954886696556,945.5512154319069,958.6233520507812,14200,0.0,0.0
2023-05-26 00:00:00+09:00,960.3664070171701,962.1093587540433,942.9368896484374,942.9368896484375,7100,0.0,0.0
2023-05-29 00:00:00+09:00,956.8804005015979,959.4948278253728,947.2941669810901,958.6233520507812,6200,0.0,0.0
2023-05-30 00:00:00+09:00,960.366321748359,965.5951764947204,954.2659912109375,954.2659912109375,11300,0.0,0.0
2023-05-31 00:00:00+09:00,949.9086486535138,954.2660277757776,941.1938904089861,945.55126953125,3400,0.0,0.0
2023-06-01 00:00:00+09:00,945.5513064362282,958.6234443132267,915.0496513898983,936.8365478515625,12300,0.0,0.0
2023-06-02 00:00:00+09:00,948.165766251165,948.165766251165,916.792634279619,935.0936279296875,12600,0.0,0.0
2023-06-05 00:00:00+09:00,947.2942903630665,951.6516698035589,924.6359172725055,935.0936279296875,10600,0.0,0.0
2023-06-06 00:00:00+09:00,934.2220838133641,956.0089794246832,933.3506079889113,945.55126953125,10100,0.0,0.0
2023-06-07 00:00:00+09:00,956.0089794246832,956.0089794246832,938.5794629356278,945.55126953125,20700,0.0,0.0
2023-06-08 00:00:00+09:00,945.5512063102617,953.3944882059229,941.1938274793389,949.037109375,4300,0.0,0.0
2023-06-09 00:00:00+09:00,949.0372765217352,956.0090838791033,942.0654691643671,949.9087524414062,8400,0.0,0.0
2023-06-12 00:00:00+09:00,958.6233433002212,976.0528586329525,953.3944887004019,972.5669555664062,15100,0.0,0.0
2023-06-13 00:00:00+09:00,980.4103844542698,983.0248121461478,958.6234870219527,981.2818603515625,32600,0.0,0.0
2023-06-14 00:00:00+09:00,986.5105590820312,986.5105590820312,972.5669469395291,986.5105590820312,6100,0.0,0.0
2023-06-15 00:00:00+09:00,986.5106273106167,988.2535789489747,969.9525867462158,976.0529174804688,13700,0.0,0.0
2023-06-16 00:00:00+09:00,985.6391514914377,985.6391514914377,974.3099658421108,976.0529174804688,4800,0.0,0.0
2023-06-19 00:00:00+09:00,978.667322089792,989.1250316757915,978.667322089792,987.382080078125,6000,0.0,0.0
2023-06-20 00:00:00+09:00,993.4825067934783,1002.197265625,982.1533203125,1002.197265625,20500,0.0,0.0
2023-06-21 00:00:00+09:00,1005.6831956487214,1012.655002897586,993.4825329632083,1007.4261474609375,18400,0.0,0.0
2023-06-22 00:00:00+09:00,1018.7553426569159,1018.7553426569159,986.5107338645241,996.9684448242188,23600,0.0,0.0
2023-06-23 00:00:00+09:00,1015.2693658055395,1015.2693658055395,974.3100008331272,990.8680419921875,25300,0.0,0.0
2023-06-26 00:00:00+09:00,984.7677820379084,1003.9402521306819,984.7677820379084,996.9684448242188,9000,0.0,0.0
2023-06-27 00:00:00+09:00,993.4824425978117,1000.4542492125331,963.8522644852453,985.63916015625,13300,0.0,0.0
2023-06-28 00:00:00+09:00,999.5827478282544,1006.55455426472,987.3820865644395,1000.4542236328125,11600,0.0,0.0
2023-06-29 00:00:00+09:00,1008.2974762442224,1008.2974762442224,997.839766896832,998.7112426757812,4600,0.0,0.0
2023-06-30 00:00:00+09:00,997.8399207375267,1005.6832039572976,992.6110652576793,996.9684448242188,6300,0.0,0.0
2023-07-03 00:00:00+09:00,1007.4260780567685,1010.9119814410479,991.7395128275109,997.83984375,45600,0.0,0.0
2023-07-04 00:00:00+09:00,1002.1972229803492,1013.5264089792576,995.2254162117904,997.83984375,30400,0.0,0.0
2023-07-05 00:00:00+09:00,997.8397532919469,1008.2974624967534,996.0968017578125,996.0968017578125,15500,0.0,0.0
2023-07-06 00:00:00+09:00,997.8399255339497,1022.2412512238628,993.4825459464652,1010.0405883789062,49800,0.0,0.0
2023-07-07 00:00:00+09:00,1009.1689543972881,1025.7269942362764,991.7394387773003,1018.7551879882812,38600,0.0,0.0
2023-07-10 00:00:00+09:00,1044.89957851116,1061.4576202056653,1019.6267780300725,1029.2130126953125,55500,0.0,0.0
2023-07-11 00:00:00+09:00,1037.9276597764756,1046.6424176251446,1031.8273292824074,1035.313232421875,12900,0.0,0.0
2023-07-12 00:00:00+09:00,1030.0843868320712,1035.313241587564,1012.6548709804288,1021.36962890625,16800,0.0,0.0
2023-07-13 00:00:00+09:00,1021.3696728515625,1057.1001818847656,1012.6549145507813,1045.77099609375,13300,0.0,0.0
2023-07-14 00:00:00+09:00,1056.2287110194263,1057.1001868536007,1027.4700084916697,1038.7991943359375,20100,0.0,0.0
2023-07-18 00:00:00+09:00,1041.4136218384608,1044.0280493409841,1027.4700084916697,1038.7991943359375,15900,0.0,0.0
2023-07-19 00:00:00+09:00,1048.3854285118564,1049.2569043460308,1032.6988634967163,1038.7991943359375,11300,0.0,0.0
2023-07-20 00:00:00+09:00,1038.7992052296186,1044.8995361328125,1033.5703501697378,1044.8995361328125,10900,0.0,0.0
2023-07-21 00:00:00+09:00,1032.6988414511818,1042.2850754224587,1026.5985107421875,1026.5985107421875,8900,0.0,0.0
2023-07-24 00:00:00+09:00,1029.2130074593276,1037.9277662015743,1029.2130074593276,1036.184814453125,5000,0.0,0.0
2023-07-25 00:00:00+09:00,1040.542183038547,1040.542183038547,1023.9841415999101,1030.08447265625,16100,0.0,0.0
2023-07-26 00:00:00+09:00,1029.212897463387,1042.2850341796875,1026.5984701201269,1042.2850341796875,27800,0.0,0.0
2023-07-27 00:00:00+09:00,1043.1566214469224,1045.7710490695963,1034.4418627046757,1036.184814453125,11000,0.0,0.0
2023-07-28 00:00:00+09:00,1019.6266773210858,1035.313241587564,1019.6266773210858,1021.36962890625,6500,0.0,0.0
2023-07-31 00:00:00+09:00,1028.341531585103,1043.1566214469224,1028.341531585103,1036.184814453125,7200,0.0,0.0
2023-08-01 00:00:00+09:00,1037.056396484375,1037.056396484375,1025.7272089597557,1037.056396484375,11300,0.0,0.0
2023-08-02 00:00:00+09:00,1023.9840517205707,1035.3132369736493,1015.2692938335872,1028.3414306640625,12600,0.0,0.0
2023-08-03 00:00:00+09:00,1024.8556226376172,1030.084477855156,1016.1408639417191,1023.1126708984375,8800,0.0,0.0
2023-08-04 00:00:00+09:00,1023.1127215257136,1024.8556733511407,1014.3979623985781,1017.0123901367188,7600,0.0,0.0
2023-08-07 00:00:00+09:00,1017.0124163615429,1023.9842238430274,1000.4543735930174,1022.2412719726562,23900,0.0,0.0
2023-08-08 00:00:00+09:00,1024.8555456283245,1025.7270214324303,1013.5263601749501,1023.9840698242188,13500,0.0,0.0
2023-08-09 00:00:00+09:00,1010.911932762633,1023.9840698242188,964.7237151450299,1023.9840698242188,27600,0.0,0.0
2023-08-10 00:00:00+09:00,1006.5546931405637,1007.4261690653607,991.7396024190143,999.5828857421875,25100,0.0,0.0
2023-08-14 00:00:00+09:00,1003.0688386820352,1023.1127859363244,996.9685069089908,1013.5265502929688,35100,0.0,0.0
2023-08-15 00:00:00+09:00,1030.955871178493,1078.015564368382,1014.3978309820506,1054.4857177734375,42600,0.0,0.0
2023-08-16 00:00:00+09:00,1057.1001432140836,1057.1001432140836,1032.6988208645416,1034.4417724609375,7800,0.0,0.0
2023-08-17 00:00:00+09:00,1023.9840880825988,1032.6988462790464,997.8398134932559,1019.626708984375,16900,0.0,0.0
2023-08-18 00:00:00+09:00,1017.0122364262825,1021.3696153312794,999.5827208062948,1018.7551879882812,23800,0.0,0.0
2023-08-21 00:00:00+09:00,1071.0438340072878,1097.1881098577505,1047.5139857418715,1077.1441650390625,106800,0.0,0.0
2023-08-22 00:00:00+09:00,1099.8024565937249,1111.131641962757,1072.7867068675716,1081.50146484375,82800,0.0,0.0
2023-08-23 00:00:00+09:00,1080.630029296875,1145.1192407226563,1078.8870776367187,1132.9185791015625,102100,0.0,0.0
2023-08-24 00:00:00+09:00,1159.0627731381705,1166.034579292385,1120.7178392899905,1137.27587890625,88200,0.0,0.0
2023-08-25 00:00:00+09:00,1125.0752111154009,1138.1473475729772,1103.2883170194405,1124.2037353515625,43500,0.0,0.0
2023-08-28 00:00:00+09:00,1119.8464623058978,1144.2477859981664,1116.360558921288,1125.0753173828125,39100,0.0,0.0
2023-08-29 00:00:00+09:00,1125.0753015098926,1139.018914851611,1117.2320190051762,1125.94677734375,22000,0.0,0.0
2023-08-30 00:00:00+09:00,1132.918545601422,1132.918545601422,1108.517223080776,1114.6175537109375,32700,0.0,0.0
2023-08-31 00:00:00+09:00,1115.4892358417378,1129.4328512897596,1115.4892358417378,1123.33251953125,21200,0.0,0.0
2023-09-01 00:00:00+09:00,1123.3323024440456,1139.8903425886824,1121.5893508498732,1128.5611572265625,23700,0.0,0.0
2023-09-04 00:00:00+09:00,1138.1474823922822,1152.0910962653884,1132.9186271898675,1150.34814453125,26300,0.0,0.0
2023-09-05 00:00:00+09:00,1155.5770477781534,1158.1914754880588,1145.990812841834,1147.7337646484375,24700,0.0,0.0
2023-09-06 00:00:00+09:00,1147.7337757201492,1147.7337757201492,1129.43278157427,1133.7901611328125,22900,0.0,0.0
2023-09-07 00:00:00+09:00,1137.2760647796467,1159.0629625723602,1133.7901611328125,1133.7901611328125,27100,0.0,0.0
2023-09-08 00:00:00+09:00,1132.918425529234,1141.6331826486894,1129.4325226814517,1134.661376953125,13200,0.0,0.0
2023-09-11 00:00:00+09:00,1145.1192618443188,1145.1192618443188,1125.0753173828125,1125.0753173828125,11600,0.0,0.0
2023-09-12 00:00:00+09:00,1125.9467095685152,1136.4044189453125,1120.7178548801164,1136.4044189453125,11400,0.0,0.0
2023-09-13 00:00:00+09:00,1137.275931168192,1139.890358596165,1125.9467456469763,1127.689697265625,11400,0.0,0.0
2023-09-14 00:00:00+09:00,1134.661467382513,1136.4044189453125,1124.2037580057156,1136.4044189453125,7700,0.0,0.0
2023-09-15 00:00:00+09:00,1136.4044873500388,1136.4044873500388,1124.2038256760352,1125.94677734375,8600,0.0,0.0
2023-09-19 00:00:00+09:00,1122.460869140625,1132.9185791015625,1117.2320141601563,1132.9185791015625,29100,0.0,0.0
2023-09-20 00:00:00+09:00,1125.9468195030418,1130.3041988354837,1098.0595917754122,1110.26025390625,41000,0.0,0.0
2023-09-21 00:00:00+09:00,1099.8026123046875,1110.2603233567131,1099.8026123046875,1099.8026123046875,7900,0.0,0.0
2023-09-22 00:00:00+09:00,1093.70221244297,1117.2320608381574,1089.344833110528,1110.26025390625,17800,0.0,0.0
2023-09-25 00:00:00+09:00,1121.5893713208045,1122.4608471337965,1108.5172341259233,1120.7178955078125,7300,0.0,0.0
2023-09-26 00:00:00+09:00,1120.717879668075,1131.1755892761753,1115.489024864025,1121.58935546875,5400,0.0,0.0
2023-09-27 00:00:00+09:00,1116.3605853502072,1130.30419921875,1107.645826682368,1130.30419921875,12400,0.0,0.0
2023-09-28 00:00:00+09:00,1130.3041050585011,1137.3851018012326,1110.8313640159897,1118.7974853515625,16300,20.0,0.0
2023-09-29 00:00:00+09:00,1120.5678428557983,1120.5678428557983,1095.7843518605673,1101.980224609375,12800,0.0,0.0
2023-10-02 00:00:00+09:00,1155.087571170574,1157.7429448974028,1116.14208984375,1116.14208984375,91400,0.0,0.0
2023-10-03 00:00:00+09:00,1116.1421614894837,1120.5677846516148,1099.3247934733852,1109.9462890625,19200,0.0,0.0
2023-10-04 00:00:00+09:00,1097.5546012173695,1103.7504739661772,1072.7711102221385,1101.980224609375,44800,0.0,0.0
2023-10-05 00:00:00+09:00,1116.1421403854804,1124.108261926693,1101.095021918745,1122.3380126953125,16300,0.0,0.0
2023-10-06 00:00:00+09:00,1122.3382144692205,1122.3382144692205,1111.7167171714045,1117.0274658203125,12600,0.0,0.0
2023-10-10 00:00:00+09:00,1128.5339283606322,1132.0744269594106,1117.0273079146023,1127.6488037109375,22300,0.0,0.0
2023-10-11 00:00:00+09:00,1131.1892588522155,1131.1892588522155,1107.2908942285771,1122.3380126953125,14900,0.0,0.0
2023-10-12 00:00:00+09:00,1124.9934369255516,1143.5810546875,1106.405819163603,1143.5810546875,29900,0.0,0.0
2023-10-13 00:00:00+09:00,1137.3851965513654,1141.8108198842501,1115.257079886942,1130.30419921875,19600,0.0,0.0
2023-10-16 00:00:00+09:00,1111.7165085791767,1126.7636269277803,1089.5883933606422,1091.358642578125,27100,0.0,0.0
2023-10-17 00:00:00+09:00,1098.4397472479404,1115.2571164644683,1096.669497856727,1104.6356201171875,14100,0.0,0.0
2023-10-18 00:00:00+09:00,1100.209889453125,1115.2570078125,1098.439640234375,1106.40576171875,11700,0.0,0.0
2023-10-19 00:00:00+09:00,1102.8651979801446,1107.2908207649766,1098.4395751953125,1098.4395751953125,8100,0.0,0.0
2023-10-20 00:00:00+09:00,1093.128927544821,1094.8991768201972,1061.264440588049,1080.7371826171875,51500,0.0,0.0
2023-10-23 00:00:00+09:00,1070.1156938861516,1087.8181867544088,1061.264447452023,1066.5751953125,33100,0.0,0.0
2023-10-24 00:00:00+09:00,1066.575237858179,1086.93310546875,1047.9876196050488,1086.93310546875,15600,0.0,0.0
2023-10-25 00:00:00+09:00,1081.6222933179738,1095.7842873385036,1078.9669194391245,1094.0140380859375,12300,0.0,0.0
2023-10-26 00:00:00+09:00,1092.2438174331178,1092.2438174331178,1073.6561997944666,1082.5074462890625,8300,0.0,0.0
2023-10-27 00:00:00+09:00,1082.5074108046558,1098.439653972672,1082.5074108046558,1093.12890625,6700,0.0,0.0
2023-10-30 00:00:00+09:00,1091.3587727730844,1091.3587727730844,1064.8050313430824,1077.19677734375,5900,0.0,0.0
2023-10-31 00:00:00+09:00,1063.034612654085,1089.5883498561022,1063.034612654085,1086.0478515625,9800,0.0,0.0
2023-11-01 00:00:00+09:00,1083.3925639376512,1096.66943359375,1083.3925639376512,1096.66943359375,4100,0.0,0.0
2023-11-02 00:00:00+09:00,1096.669397487053,1096.669397487053,1089.5884005702683,1092.2437744140625,7000,0.0,0.0
2023-11-06 00:00:00+09:00,1100.2099465762867,1115.2570657169117,1094.8991986443016,1113.48681640625,15300,0.0,0.0
2023-11-07 00:00:00+09:00,1115.2569565347194,1115.2569565347194,1098.439589729831,1100.2098388671875,11200,0.0,0.0
2023-11-08 00:00:00+09:00,1102.8652319577661,1102.8652319577661,1067.4602485883354,1072.77099609375,27700,0.0,0.0
2023-11-09 00:00:00+09:00,1065.689980688732,1100.2098388671875,1065.689980688732,1100.2098388671875,13400,0.0,0.0
2023-11-10 00:00:00+09:00,1084.2777314325886,1094.8992275772343,1082.5074820751477,1086.93310546875,14500,0.0,0.0
2023-11-13 00:00:00+09:00,1087.8181224791983,1098.4396175725672,1066.5751322924605,1088.7032470703125,20600,0.0,0.0
2023-11-14 00:00:00+09:00,1097.554450638346,1099.324699752279,1083.3924577268835,1098.4395751953125,12400,0.0,0.0
2023-11-15 00:00:00+09:00,1106.40577555668,1106.40577555668,1080.737161563765,1093.12890625,24000,0.0,0.0
2023-11-16 00:00:00+09:00,1112.6016110303924,1112.6016110303924,1083.392499523628,1088.7032470703125,13000,0.0,0.0
2023-11-17 00:00:00+09:00,1101.980161155576,1150.6620156644572,1096.669413390971,1139.1553955078125,64700,0.0,0.0
2023-11-20 00:00:00+09:00,1153.3174697197014,1155.0877190976287,1130.3042278066453,1133.8447265625,21500,0.0,0.0
2023-11-21 00:00:00+09:00,1133.8446690273959,1145.3512894000394,1115.2570515023567,1126.763671875,16800,0.0,0.0
2023-11-22 00:00:00+09:00,1117.9123760648565,1161.283481707911,1117.9123760648565,1135.6148681640625,35000,0.0,0.0
2023-11-24 00:00:00+09:00,1148.8919038498836,1160.398525383049,1137.3852823167183,1140.92578125,27400,0.0,0.0
2023-11-27 00:00:00+09:00,1140.9256952176731,1141.8108198842501,1126.7637005524423,1130.30419921875,13200,0.0,0.0
2023-11-28 00:00:00+09:00,1135.6148318677256,1135.6148318677256,1115.2569666043134,1131.189208984375,13500,0.0,0.0
2023-11-29 00:00:00+09:00,1121.452838641004,1131.189208984375,1115.2569666043134,1131.189208984375,6700,0.0,0.0
2023-11-30 00:00:00+09:00,1132.9595231157732,1139.1553955078125,1124.9934014688654,1139.1553955078125,6700,0.0,0.0
2023-12-01 00:00:00+09:00,1140.04038843947,1140.925512964656,1123.2230224609375,1123.2230224609375,7300,0.0,0.0
2023-12-04 00:00:00+09:00,1123.223287906287,1131.1894105155513,1108.1761674221207,1125.878662109375,13600,0.0,0.0
2023-12-05 00:00:00+09:00,1121.4529092840412,1123.2231585488935,1108.1760397976475,1109.9462890625,2700,0.0,0.0
2023-12-06 00:00:00+09:00,1110.8314565540572,1130.30419921875,1110.8314565540572,1130.30419921875,8900,0.0,0.0
2023-12-07 00:00:00+09:00,1117.0272643213555,1127.6487597031748,1107.2908935546875,1107.2908935546875,3600,0.0,0.0
2023-12-08 00:00:00+09:00,1105.5207237218801,1107.290973079321,1085.162856111309,1086.93310546875,34900,0.0,0.0
2023-12-11 00:00:00+09:00,1086.933098011078,1106.4058408093222,1086.933098011078,1101.0950927734375,10000,0.0,0.0
2023-12-12 00:00:00+09:00,1103.7504667913797,1105.5207161366748,1086.933098011078,1101.0950927734375,7300,0.0,0.0
2023-12-13 00:00:00+09:00,1097.5546012173695,1101.980224609375,1087.8182297549574,1101.980224609375,7900,0.0,0.0
2023-12-14 00:00:00+09:00,1093.1289202580685,1095.7842941534323,1078.966926149462,1079.85205078125,14600,0.0,0.0
2023-12-15 00:00:00+09:00,1073.656121870868,1088.7032398195943,1073.656121870868,1087.818115234375,10600,0.0,0.0
2023-12-18 00:00:00+09:00,1083.3926215993404,1092.2438685078318,1073.65625,1073.65625,11600,0.0,0.0
2023-12-19 00:00:00+09:00,1073.6561432875596,1090.4735107421875,1073.6561432875596,1090.4735107421875,3300,0.0,0.0
2023-12-20 00:00:00+09:00,1092.2436960527975,1101.0949415637601,1090.473446950605,1097.554443359375,6400,0.0,0.0
2023-12-21 00:00:00+09:00,1088.7032831477732,1109.0611494180162,1088.7032831477732,1093.12890625,12200,0.0,0.0
2023-12-22 00:00:00+09:00,1095.7844712246806,1117.0274658203125,1095.7844712246806,1117.0274658203125,8500,0.0,0.0
2023-12-25 00:00:00+09:00,1144.4660985439639,1144.4660985439639,1109.061114830307,1118.7974853515625,16100,0.0,0.0
2023-12-26 00:00:00+09:00,1117.0272865085317,1124.993408203125,1117.0272865085317,1124.993408203125,3000,0.0,0.0
2023-12-27 00:00:00+09:00,1127.6489115781005,1127.6489115781005,1116.142290031385,1125.878662109375,5100,0.0,0.0
2023-12-28 00:00:00+09:00,1125.8785615808824,1125.8785615808824,1110.8314424402574,1113.48681640625,8600,0.0,0.0
2023-12-29 00:00:00+09:00,1118.7975787450396,1121.4529527452257,1115.257080078125,1115.257080078125,4400,0.0,0.0
2024-01-04 00:00:00+09:00,1119.6826181396866,1143.580982321324,1119.6826181396866,1134.729736328125,16300,0.0,0.0
2024-01-05 00:00:00+09:00,1139.155381068367,1139.155381068367,1121.4528887440722,1137.3851318359375,5900,0.0,0.0
2024-01-09 00:00:00+09:00,1137.3851101260848,1147.1214807186036,1131.1892379308454,1134.729736328125,22200,0.0,0.0
2024-01-10 00:00:00+09:00,1134.7297579872934,1141.8107549170113,1134.7297579872934,1137.3851318359375,9400,0.0,0.0
2024-01-11 00:00:00+09:00,1137.3851173739831,1149.7768618434272,1134.7297435591022,1135.6148681640625,8700,0.0,0.0
2024-01-12 00:00:00+09:00,1139.1555331248157,1139.1555331248157,1107.291042687758,1125.878662109375,13900,0.0,0.0
2024-01-15 00:00:00+09:00,1128.533935546875,1128.533935546875,1127.6488108915441,1128.533935546875,1200,0.0,0.0
2024-01-16 00:00:00+09:00,1128.5339784287178,1146.2364722079917,1127.648853739754,1133.8447265625,8400,0.0,0.0
2024-01-17 00:00:00+09:00,1130.304235598598,1145.351355414711,1107.290993526896,1119.6827392578125,10200,0.0,0.0
2024-01-18 00:00:00+09:00,1119.6826604067294,1138.270277694114,1119.6826604067294,1124.993408203125,9900,0.0,0.0
2024-01-19 00:00:00+09:00,1137.3850765271918,1163.0536891492063,1132.0743290881544,1160.3983154296875,32200,0.0,0.0
2024-01-22 00:00:00+09:00,1185.1818486203676,1185.1818486203676,1168.3644810895335,1180.7562255859375,26100,0.0,0.0
2024-01-23 00:00:00+09:00,1186.0670012491612,1186.0670012491612,1150.662016137246,1154.2025146484375,23900,0.0,0.0
2024-01-24 00:00:00+09:00,1168.3645378832548,1172.7901611328125,1155.0876681345815,1172.7901611328125,30700,0.0,0.0
2024-01-25 00:00:00+09:00,1185.1817307500114,1221.4718360231634,1172.7899874860084,1210.850341796875,39900,0.0,0.0
2024-01-26 00:00:00+09:00,1194.9183624735024,1234.7489745559526,1194.9183624735024,1213.5059814453125,30100,0.0,0.0
2024-01-29 00:00:00+09:00,1229.4382334895454,1229.4382334895454,1200.2291177910897,1214.39111328125,11600,0.0,0.0
2024-01-30 00:00:00+09:00,1212.6208066520803,1225.897676797906,1200.229061182643,1207.31005859375,12400,0.0,0.0
2024-01-31 00:00:00+09:00,1208.1951259715838,1220.5868708533435,1205.5397520683496,1215.276123046875,13500,0.0,0.0
2024-02-01 00:00:00+09:00,1204.6546630859375,1210.8505357101856,1179.8711725889455,1204.6546630859375,18300,0.0,0.0
2024-02-02 00:00:00+09:00,1199.3439007231802,1206.424897923022,1186.9521556234572,1187.8372802734375,6800,0.0,0.0
2024-02-05 00:00:00+09:00,1190.4925754445244,1202.8843197242443,1186.0669524874816,1193.14794921875,16900,0.0,0.0
2024-02-06 00:00:00+09:00,1194.918256101355,1210.8504995160397,1192.2628821989076,1200.22900390625,16000,0.0,0.0
2024-02-07 00:00:00+09:00,1200.2289614004208,1212.620705839658,1192.2628399751966,1209.96533203125,17700,0.0,0.0
2024-02-08 00:00:00+09:00,1215.27615901322,1221.4720316374678,1199.3439151222963,1204.6546630859375,9800,0.0,0.0
2024-02-09 00:00:00+09:00,1211.7356095870452,1220.586855822159,1198.458740234375,1198.458740234375,12100,0.0,0.0
2024-02-13 00:00:00+09:00,1197.5736864605688,1237.404296875,1194.91831243294,1237.404296875,53000,0.0,0.0
2024-02-14 00:00:00+09:00,1363.0919395630865,1399.3820496423634,1309.984461398291,1320.60595703125,182000,0.0,0.0
2024-02-15 00:00:00+09:00,1347.1597189810643,1581.7177515237593,1327.686976656765,1503.8267822265625,468000,0.0,0.0
2024-02-16 00:00:00+09:00,1526.839935947472,1553.3936739639498,1463.1109647079254,1508.2523193359375,176100,0.0,0.0
2024-02-19 00:00:00+09:00,1518.8739532194109,1518.8739532194109,1464.88134765625,1464.88134765625,66400,0.0,0.0
2024-02-20 00:00:00+09:00,1458.6854101922193,1512.6780133607417,1429.4762970026904,1441.8680419921875,96700,0.0,0.0
2024-02-21 00:00:00+09:00,1459.5705638915867,1471.9623091277797,1438.327572058113,1445.4085693359375,42400,0.0,0.0
2024-02-22 00:00:00+09:00,1478.158188354421,1548.9681614492436,1478.158188354421,1521.529296875,103300,0.0,0.0
2024-02-26 00:00:00+09:00,1536.576386971805,1554.2788799092682,1499.4011518031323,1502.941650390625,51100,0.0,0.0
2024-02-27 00:00:00+09:00,1504.7119641206245,1531.26570466393,1495.8607172728562,1510.9078369140625,30600,0.0,0.0
2024-02-28 00:00:00+09:00,1506.482042369276,1526.8399078066986,1506.482042369276,1519.7589111328125,12400,0.0,0.0
2024-02-29 00:00:00+09:00,1505.5969803812966,1505.5969803812966,1466.6514970557369,1482.583740234375,36200,0.0,0.0
2024-03-01 00:00:00+09:00,1482.583660345811,1494.975404372582,1461.3406705856323,1472.8472900390625,20600,0.0,0.0
2024-03-04 00:00:00+09:00,1479.043162781719,1756.9722789477632,1478.158038207942,1636.5953369140625,447700,0.0,0.0
2024-03-05 00:00:00+09:00,1649.8722010743224,1743.6954056418538,1618.0077165042176,1665.804443359375,170500,0.0,0.0
2024-03-06 00:00:00+09:00,1639.2508414110112,1742.8104248046875,1639.2508414110112,1742.8104248046875,71900,0.0,0.0
2024-03-07 00:00:00+09:00,1813.6203967364384,1883.5452436579506,1762.2831673510243,1772.9046630859375,183400,0.0,0.0
2024-03-08 00:00:00+09:00,1817.1609453143496,1937.5379002888997,1805.6543246182528,1869.38330078125,193400,0.0,0.0
2024-03-11 00:00:00+09:00,1825.1269941048606,1856.9914809078552,1728.6484090624601,1740.155029296875,121600,0.0,0.0
2024-03-12 00:00:00+09:00,1717.1418039737844,1814.5055145083804,1701.2095604317597,1802.11376953125,88100,0.0,0.0
2024-03-13 00:00:00+09:00,1839.2890047053854,1881.7749874897254,1770.249282680833,1817.160888671875,86100,0.0,0.0
2024-03-14 00:00:00+09:00,1802.1139149197318,1821.5866585976464,1768.4791758396975,1774.675048828125,34300,0.0,0.0
2024-03-15 00:00:00+09:00,1765.8236607952074,1907.443603515625,1753.4319158071708,1907.443603515625,88600,0.0,0.0
2024-03-18 00:00:00+09:00,1863.18727658389,1889.741014492449,1824.2417943180035,1850.7955322265625,75100,0.0,0.0
2024-03-19 00:00:00+09:00,1849.9103897289392,1849.9103897289392,1787.9516685418455,1803.8839111328125,57600,0.0,0.0
2024-03-21 00:00:00+09:00,1819.8162075174516,1886.2005536087981,1792.3773444663616,1870.268310546875,47600,0.0,0.0
2024-03-22 00:00:00+09:00,1864.0723917326575,1875.579011434711,1806.5392932223904,1819.816162109375,30500,0.0,0.0
2024-03-25 00:00:00+09:00,1796.8030209481265,1829.5526326599888,1749.8914149824857,1756.972412109375,51600,0.0,0.0
2024-03-26 00:00:00+09:00,1768.4790245643028,1768.4790245643028,1718.0269202599159,1725.9930419921875,40400,0.0,0.0
2024-03-27 00:00:00+09:00,1725.9930052697905,1746.3508714857933,1706.520263671875,1706.520263671875,21000,0.0,0.0
2024-03-28 00:00:00+09:00,1708.329952438713,1800.6232019878385,1707.4251166588197,1771.66845703125,35900,42.0,0.0
2024-03-29 00:00:00+09:00,1783.4313349260601,1905.5841660853794,1763.524947626023,1900.1551513671875,59300,0.0,0.0
2024-04-01 00:00:00+09:00,1900.1551877535305,1937.2534557049091,1882.0584716796875,1882.0584716796875,59800,0.0,0.0
2024-04-02 00:00:00+09:00,1836.8165868871351,2029.5466031467213,1830.4827365875244,1968.922607421875,138800,0.0,0.0
2024-04-03 00:00:00+09:00,1923.6808336784193,1962.5887715185754,1885.6777316019877,1911.91796875,47700,0.0,0.0
2024-04-04 00:00:00+09:00,1915.537478525974,1920.061657738364,1877.534373141897,1878.439208984375,31100,0.0,0.0
2024-04-05 00:00:00+09:00,1815.1006223250251,1839.5311890263092,1782.52653338998,1797.00390625,57300,0.0,0.0
2024-04-08 00:00:00+09:00,1833.1972896848815,1862.1520346354819,1775.2877997836808,1808.7667236328125,41300,0.0,0.0
2024-04-09 00:00:00+09:00,1797.9087610747674,1844.055387554291,1788.8604029415276,1835.911865234375,22400,0.0,0.0
2024-04-10 00:00:00+09:00,1825.9587309418253,1870.2956872431878,1823.2442234131704,1830.48291015625,19300,0.0,0.0
2024-04-11 00:00:00+09:00,1806.0523289358782,1833.1974040200848,1797.003970574476,1813.291015625,13300,0.0,0.0
2024-04-12 00:00:00+09:00,1819.624788371171,1841.3408475063816,1801.5280724251625,1827.768310546875,14800,0.0,0.0
2024-04-15 00:00:00+09:00,1798.8135384674447,1848.5795065839989,1782.5264943565724,1841.3408203125,18300,0.0,0.0
2024-04-16 00:00:00+09:00,1814.1957507728014,1826.8634517757039,1756.2862604738193,1778.0023193359375,33900,0.0,0.0
2024-04-17 00:00:00+09:00,1778.0022836680378,1806.0521924689076,1756.2862252415578,1796.0989990234375,20400,0.0,0.0
2024-04-18 00:00:00+09:00,1771.6684071044922,1831.3875668945311,1739.9991557006836,1809.6715087890625,30100,0.0,0.0
2024-04-19 00:00:00+09:00,1825.9587274376927,1825.9587274376927,1722.8074415467627,1760.810546875,45300,0.0,0.0
2024-04-22 00:00:00+09:00,1762.6200540011835,1780.7167691346658,1703.8057298173658,1720.0927734375,32200,0.0,0.0
2024-04-23 00:00:00+09:00,1727.3315403304352,1745.4282563108484,1707.425152751981,1716.4735107421875,15700,0.0,0.0
2024-04-24 00:00:00+09:00,1734.5702436138486,1749.9524523469915,1719.1880348807053,1744.5234375,14500,0.0,0.0
2024-04-25 00:00:00+09:00,1719.1880783396525,1719.1880783396525,1662.1834210052323,1663.0882568359375,35400,0.0,0.0
2024-04-26 00:00:00+09:00,1654.944699662691,1664.8978935917721,1629.6092969341205,1644.086669921875,32300,0.0,0.0
2024-04-30 00:00:00+09:00,1644.0866310600384,1669.4220331897475,1636.8479447372645,1651.3253173828125,33400,0.0,0.0
2024-05-01 00:00:00+09:00,1645.8964006808694,1692.9478645815868,1636.8480422384237,1686.614013671875,21100,0.0,0.0
2024-05-02 00:00:00+09:00,1682.9945068359375,1701.0912219632057,1665.8026274650329,1682.9945068359375,16800,0.0,0.0
2024-05-07 00:00:00+09:00,1700.186470303939,1798.8135726259875,1700.186470303939,1775.287841796875,58600,0.0,0.0
2024-05-08 00:00:00+09:00,1774.3830191584543,1786.1458846602695,1742.713765884336,1744.5234375,14700,0.0,0.0
2024-05-09 00:00:00+09:00,1751.762088481581,1780.7168337457395,1720.092835848908,1725.5218505859375,28100,0.0,0.0
2024-05-10 00:00:00+09:00,1749.9524893130897,1749.9524893130897,1700.186518831073,1726.4267578125,21500,0.0,0.0
2024-05-13 00:00:00+09:00,1720.0928385755929,1755.3814344222253,1666.7075269101747,1736.3798828125,55300,0.0,0.0
2024-05-14 00:00:00+09:00,1745.4283101783608,1760.8105192364387,1649.5157125221108,1678.470458984375,78700,0.0,0.0
2024-05-15 00:00:00+09:00,1425.1164774256429,1483.9308082400344,1378.0650127741294,1378.9698486328125,237300,0.0,0.0
2024-05-16 00:00:00+09:00,1379.8745713475662,1421.4970174341158,1360.873019873272,1374.445556640625,56500,0.0,0.0
2024-05-17 00:00:00+09:00,1388.922992043417,1394.3520069960298,1364.4924247566598,1379.8746337890625,15300,0.0,0.0
2024-05-20 00:00:00+09:00,1379.8745974445035,1434.1647455406805,1371.7310752300768,1397.9713134765625,26300,0.0,0.0
2024-05-21 00:00:00+09:00,1425.116436911003,1432.3551235746777,1386.20849609375,1386.20849609375,17500,0.0,0.0
2024-05-22 00:00:00+09:00,1385.3036321719167,1385.3036321719167,1351.82470703125,1351.82470703125,37500,0.0,0.0
2024-05-23 00:00:00+09:00,1351.8246415301066,1375.350371570122,1337.3472691977895,1372.6358642578125,21300,0.0,0.0
2024-05-24 00:00:00+09:00,1351.824704560191,1357.253719437943,1330.108645049184,1340.9666748046875,29600,0.0,0.0
2024-05-27 00:00:00+09:00,1351.824785668898,1396.1617431640625,1351.824785668898,1396.1617431640625,21200,0.0,0.0
2024-05-28 00:00:00+09:00,1380.7794038048087,1408.8293130564136,1379.8745680224988,1400.685791015625,47200,0.0,0.0
2024-05-29 00:00:00+09:00,1389.8277469758066,1389.8277469758066,1340.0617794734176,1346.3956298828125,24200,0.0,0.0
2024-05-30 00:00:00+09:00,1319.250517980831,1334.6327256664788,1309.297324772471,1316.5360107421875,28500,0.0,0.0
2024-05-31 00:00:00+09:00,1337.3472839151339,1352.7294921875,1321.0602398620401,1352.7294921875,10000,0.0,0.0
2024-06-03 00:00:00+09:00,1357.2537748520556,1367.2069692009707,1334.6328786045215,1361.7779541015625,19300,0.0,0.0
2024-06-04 00:00:00+09:00,1357.253689236111,1357.253689236111,1343.68115234375,1343.68115234375,4700,0.0,0.0
2024-06-05 00:00:00+09:00,1342.7762384284033,1343.6810741685842,1321.0601806640625,1321.0601806640625,15800,0.0,0.0
2024-06-06 00:00:00+09:00,1331.9182998793935,1332.8231356809422,1304.7732258329386,1312.916748046875,13200,0.0,0.0
2024-06-07 00:00:00+09:00,1312.0117953631668,1312.0117953631668,1297.534423828125,1297.534423828125,16400,0.0,0.0
2024-06-10 00:00:00+09:00,1290.2957365670925,1323.774658203125,1290.2957365670925,1323.774658203125,8600,0.0,0.0
2024-06-11 00:00:00+09:00,1317.4410080662578,1324.6796949237648,1306.5829777799975,1309.2974853515625,21100,0.0,0.0
2024-06-12 00:00:00+09:00,1312.0118586222331,1313.8215301513671,1302.9635009765625,1302.9635009765625,6000,0.0,0.0
2024-06-13 00:00:00+09:00,1308.3925184308005,1308.3925184308005,1271.2942520022646,1276.7232666015625,17900,0.0,0.0
2024-06-14 00:00:00+09:00,1272.1992536999435,1315.6313761591166,1272.1992536999435,1302.058837890625,29100,0.0,0.0
2024-06-17 00:00:00+09:00,1316.5361070999988,1316.5361070999988,1272.1991522904457,1293.0103759765625,11600,0.0,0.0
2024-06-18 00:00:00+09:00,1290.295969780626,1292.105641547499,1280.342775062823,1291.2008056640625,11800,0.0,0.0
2024-06-19 00:00:00+09:00,1297.5345642432737,1306.58292243186,1276.7233404095252,1288.4862060546875,5900,0.0,0.0
2024-06-20 00:00:00+09:00,1287.58140019545,1293.0104152349247,1283.9620568358,1285.771728515625,800,0.0,0.0
2024-06-21 00:00:00+09:00,1285.7717903634427,1292.105641547499,1283.057282713133,1291.2008056640625,2900,0.0,0.0
2024-06-24 00:00:00+09:00,1309.2974928635817,1309.2974928635817,1284.866924579327,1293.915283203125,22100,0.0,0.0
2024-06-25 00:00:00+09:00,1310.2020728985192,1310.2020728985192,1293.0101948701547,1298.439208984375,14000,0.0,0.0
2024-06-26 00:00:00+09:00,1295.7249567928657,1312.916838202827,1280.3427471102689,1304.7733154296875,11400,0.0,0.0
2024-06-27 00:00:00+09:00,1311.1070802230633,1375.3504223181894,1311.1070802230633,1371.7310791015625,21300,0.0,0.0
2024-06-28 00:00:00+09:00,1366.3020800650518,1368.111751694277,1341.8715130705111,1351.82470703125,16400,0.0,0.0
2024-07-01 00:00:00+09:00,1368.111772669828,1401.5906983237853,1340.966697815268,1353.6343994140625,22500,0.0,0.0
2024-07-02 00:00:00+09:00,1369.016550928315,1369.92138671875,1353.634342490918,1369.92138671875,4800,0.0,0.0
2024-07-03 00:00:00+09:00,1370.8262616039747,1380.7794555826174,1361.7779034415723,1362.6827392578125,10300,0.0,0.0
2024-07-04 00:00:00+09:00,1363.587491574052,1370.8261776607092,1349.1101194007374,1355.4439697265625,9400,0.0,0.0
2024-07-05 00:00:00+09:00,1352.7295156470034,1375.3504105574884,1346.3956650720677,1365.397216796875,15100,0.0,0.0
2024-07-08 00:00:00+09:00,1366.3021617095744,1370.8263410529835,1344.5861008612103,1348.2054443359375,33000,0.0,0.0
2024-07-09 00:00:00+09:00,1357.2536532659888,1407.9244563212524,1357.2536532659888,1398.8760986328125,41200,0.0,0.0
2024-07-10 00:00:00+09:00,1409.7341948200508,1424.2115678092168,1364.4924042289067,1378.06494140625,24400,0.0,0.0
2024-07-11 00:00:00+09:00,1391.6374760545066,1391.6374760545066,1362.6827301287951,1367.2069091796875,13200,0.0,0.0
2024-07-12 00:00:00+09:00,1366.302001953125,1378.0648668706024,1345.4907794068192,1366.302001953125,15500,0.0,0.0
2024-07-16 00:00:00+09:00,1369.016585006405,1372.6359282582396,1334.6328241139772,1340.9666748046875,14200,0.0,0.0
2024-07-17 00:00:00+09:00,1348.2054443359375,1359.9683106288014,1336.4425780430736,1348.2054443359375,12700,0.0,0.0
2024-07-18 00:00:00+09:00,1348.2054007748898,1350.9199082932284,1331.9183556648575,1333.72802734375,17100,0.0,0.0
2024-07-19 00:00:00+09:00,1333.728025172869,1333.728025172869,1312.9168008994795,1322.8699951171875,9000,0.0,0.0
2024-07-22 00:00:00+09:00,1312.9167731638704,1315.6312806204464,1266.7701464020804,1288.4862060546875,42800,0.0,0.0
2024-07-23 00:00:00+09:00,1305.6781797990484,1307.4878515659218,1287.581462130316,1291.2008056640625,5100,0.0,0.0
2024-07-24 00:00:00+09:00,1291.2008056640625,1293.9153133143723,1271.2944162284568,1291.2008056640625,5000,0.0,0.0
2024-07-25 00:00:00+09:00,1289.3909271638868,1289.3909271638868,1235.1007828622494,1246.8636474609375,30800,0.0,0.0
2024-07-26 00:00:00+09:00,1221.5283957741478,1269.484695756392,1221.5283957741478,1244.1492919921875,17200,0.0,0.0
2024-07-29 00:00:00+09:00,1264.9604814932036,1273.10400390625,1255.9121232564855,1273.10400390625,3500,0.0,0.0
2024-07-30 00:00:00+09:00,1264.9604374592807,1266.7701090436285,1255.0072437453664,1258.6265869140625,4100,0.0,0.0
2024-07-31 00:00:00+09:00,1254.1023487481546,1270.3893922383904,1239.6249767568338,1264.0555419921875,9300,0.0,0.0
2024-08-01 00:00:00+09:00,1264.0556360375276,1265.8653076710816,1226.9573675496688,1229.671875,15700,0.0,0.0
2024-08-02 00:00:00+09:00,1218.8139046615695,1218.8139046615695,1165.4285888671875,1165.4285888671875,44300,0.0,0.0
2024-08-05 00:00:00+09:00,1127.4254518307137,1127.4254518307137,900.3116569595185,906.6455078125,118700,0.0,0.0
2024-08-06 00:00:00+09:00,951.8873002234773,995.3194203857652,950.0776285500485,960.0308227539062,49900,0.0,0.0
2024-08-07 00:00:00+09:00,973.6032106633772,1040.5610522889256,970.8887035704496,1031.5126953125,40200,0.0,0.0
2024-08-08 00:00:00+09:00,1024.2741905898645,1042.3709077380952,1005.2726375842221,1026.0838623046875,9100,0.0,0.0
2024-08-09 00:00:00+09:00,1042.3709209670424,1099.3755807074276,1017.9403525068774,1043.2757568359375,14800,0.0,0.0
2024-08-13 00:00:00+09:00,1179.0011393822317,1287.5814438533505,1171.7624524174905,1241.434814453125,110300,0.0,0.0
2024-08-14 00:00:00+09:00,1255.007352512015,1255.007352512015,1216.0994100765306,1241.434814453125,22800,0.0,0.0
2024-08-15 00:00:00+09:00,1239.6250150323974,1240.5298508097935,1218.8137921522916,1219.7186279296875,8400,0.0,0.0
2024-08-16 00:00:00+09:00,1245.9588418734277,1285.7716153247209,1231.481469709321,1281.2474365234375,40800,0.0,0.0
2024-08-19 00:00:00+09:00,1263.150790843796,1289.3910293355366,1223.3380152011548,1234.196044921875,14500,0.0,0.0
2024-08-20 00:00:00+09:00,1244.149316301693,1270.3895564273287,1244.149316301693,1267.675048828125,10100,0.0,0.0
2024-08-21 00:00:00+09:00,1275.818439771237,1275.818439771237,1256.8168885406017,1272.1990966796875,7100,0.0,0.0
2024-08-22 00:00:00+09:00,1272.1990548867132,1272.1990548867132,1249.5781613076463,1268.5797119140625,5300,0.0,0.0
2024-08-23 00:00:00+09:00,1271.2943904429053,1271.2943904429053,1248.6734938158072,1256.8170166015625,6600,0.0,0.0
2024-08-26 00:00:00+09:00,1266.770040427737,1271.2942191435504,1254.1023400234596,1268.5797119140625,4000,0.0,0.0
2024-08-27 00:00:00+09:00,1279.4378478661013,1303.8684149752842,1266.7701464020804,1288.4862060546875,7400,0.0,0.0
2024-08-28 00:00:00+09:00,1289.391165390652,1306.5830475958608,1276.72346271313,1299.3443603515625,8700,0.0,0.0
2024-08-29 00:00:00+09:00,1299.3442589941542,1305.6781098388333,1281.2475422950713,1301.1539306640625,6900,0.0,0.0
2024-08-30 00:00:00+09:00,1302.058718428293,1313.8215838484236,1302.058718428293,1312.916748046875,4300,0.0,0.0
2024-09-02 00:00:00+09:00,1316.5361029228557,1328.2989684472523,1301.153894160183,1319.2506103515625,12300,0.0,0.0
2024-09-03 00:00:00+09:00,1346.3957446532393,1378.9698352496885,1340.0618937039296,1361.7779541015625,20200,0.0,0.0
2024-09-04 00:00:00+09:00,1311.107022857666,1329.2037381490072,1286.6764572143554,1302.9635009765625,19900,0.0,0.0
2024-09-05 00:00:00+09:00,1293.9152209678393,1312.0119373450118,1279.4378478661013,1288.4862060546875,11300,0.0,0.0
2024-09-06 00:00:00+09:00,1299.3442734068956,1299.3442734068956,1270.3895263671875,1270.3895263671875,9700,0.0,0.0
2024-09-09 00:00:00+09:00,1223.3380492723377,1266.7701693648467,1215.1945267549922,1253.1976318359375,11200,0.0,0.0
2024-09-10 00:00:00+09:00,1280.34266045753,1289.3910184819647,1262.2459444086603,1275.8184814453125,7100,0.0,0.0
2024-09-11 00:00:00+09:00,1260.4362927704194,1275.8185016556292,1212.4799944812362,1229.671875,11900,0.0,0.0
2024-09-12 00:00:00+09:00,1274.913796482975,1274.913796482975,1246.8638832885306,1262.24609375,3400,0.0,0.0
2024-09-13 00:00:00+09:00,1266.770040427737,1268.5797119140625,1239.624968132857,1268.5797119140625,4100,0.0,0.0
2024-09-17 00:00:00+09:00,1274.0088707438933,1274.0088707438933,1213.3848690820746,1222.4332275390625,11700,0.0,0.0
2024-09-18 00:00:00+09:00,1243.2443221242804,1243.2443221242804,1214.2895780864515,1237.8153076171875,3100,0.0,0.0
2024-09-19 00:00:00+09:00,1242.3395697127942,1255.912106891011,1241.434733900913,1245.0540771484375,5500,0.0,0.0
2024-09-20 00:00:00+09:00,1257.7217155040198,1276.7232666015625,1246.863686305424,1276.7232666015625,10000,0.0,0.0
2024-09-24 00:00:00+09:00,1288.4861287434896,1321.0602162679036,1283.9619499206542,1302.9635009765625,7100,0.0,0.0
2024-09-25 00:00:00+09:00,1298.4394186794168,1309.2974486614048,1275.818522883608,1279.4378662109375,5700,0.0,0.0
2024-09-26 00:00:00+09:00,1289.3911020039502,1302.0588040587259,1257.7218468670112,1283.0572509765625,8800,0.0,0.0
2024-09-27 00:00:00+09:00,1304.2267040220265,1315.2716725811404,1294.1021495095056,1299.6246337890625,4200,24.0,0.0
2024-09-30 00:00:00+09:00,1244.399843407096,1279.3755786507863,1231.514046212052,1258.2060546875,11000,0.0,0.0
2024-10-01 00:00:00+09:00,1259.1263950892858,1299.6246124751985,1259.1263950892858,1275.69384765625,3800,0.0,0.0
2024-10-02 00:00:00+09:00,1278.4550798341643,1278.4550798341643,1249.0018310546875,1249.0018310546875,4600,0.0,0.0
2024-10-03 00:00:00+09:00,1270.17140625,1274.7734765625,1258.2060234375,1265.5693359375,2700,0.0,0.0
2024-10-04 00:00:00+09:00,1288.5796284847122,1290.4204565254047,1267.410106016749,1279.37548828125,6800,0.0,0.0
2024-10-07 00:00:00+09:00,1306.987946161805,1312.510430441362,1282.1367669037988,1299.6246337890625,17100,0.0,0.0
2024-10-08 00:00:00+09:00,1283.9776493449067,1301.465516970393,1281.2164070882511,1286.7388916015625,11100,0.0,0.0
2024-10-09 00:00:00+09:00,1286.7389034148187,1300.5451148248487,1281.2164188508063,1283.9776611328125,5400,0.0,0.0
2024-10-10 00:00:00+09:00,1308.828756768953,1308.828756768953,1274.7734375,1274.7734375,4600,0.0,0.0
2024-10-11 00:00:00+09:00,1277.5346219308035,1288.57958984375,1271.091723981585,1288.57958984375,2000,0.0,0.0
2024-10-15 00:00:00+09:00,1306.067525917766,1329.998291015625,1294.1021433688366,1329.998291015625,14200,0.0,0.0
2024-10-16 00:00:00+09:00,1320.7942209330654,1326.3167054805208,1302.3859391082144,1313.430908203125,11200,0.0,0.0
2024-10-17 00:00:00+09:00,1314.3513301809212,1316.1921583744518,1310.6696737938596,1311.590087890625,3100,0.0,0.0
2024-10-18 00:00:00+09:00,1313.430801573892,1313.430801573892,1296.8633492765339,1309.7491455078125,7000,0.0,0.0
2024-10-21 00:00:00+09:00,1309.7491687675051,1324.475793293352,1298.70420037312,1304.2266845703125,5700,0.0,0.0
2024-10-22 00:00:00+09:00,1304.2267672038693,1305.1471812950506,1280.296000833156,1284.8980712890625,5700,0.0,0.0
2024-10-23 00:00:00+09:00,1284.8979879712301,1297.7837844122025,1274.773433624752,1275.69384765625,4300,0.0,0.0
2024-10-24 00:00:00+09:00,1275.6939303772497,1285.8184853802436,1261.8877190095304,1284.8980712890625,7900,0.0,0.0
2024-10-25 00:00:00+09:00,1288.5797355575235,1289.5001496543503,1270.1714536209874,1283.0572509765625,6600,0.0,0.0
2024-10-28 00:00:00+09:00,1281.2164797124392,1334.6004997004575,1281.2164797124392,1326.3167724609375,6500,0.0,0.0
2024-10-29 00:00:00+09:00,1326.316555134921,1334.600281017096,1301.4653774883957,1319.8736572265625,11600,0.0,0.0
2024-10-30 00:00:00+09:00,1321.7145511947558,1330.91869152341,1293.1817161759275,1304.2266845703125,5000,0.0,0.0
2024-10-31 00:00:00+09:00,1295.9428902352101,1310.669513987883,1290.4204063279578,1291.3408203125,6400,0.0,0.0
2024-11-01 00:00:00+09:00,1291.3408203125,1311.5899279724251,1291.3408203125,1291.3408203125,6700,0.0,0.0
2024-11-05 00:00:00+09:00,1293.1818887650797,1301.4656161664218,1285.8185755194422,1292.261474609375,2300,0.0,0.0
2024-11-06 00:00:00+09:00,1317.112504619812,1339.2024418042113,1295.0225674354126,1298.7042236328125,14800,0.0,0.0
2024-11-07 00:00:00+09:00,1315.2717674939386,1336.4412920932114,1313.430939267915,1334.6004638671875,6300,0.0,0.0
2024-11-08 00:00:00+09:00,1343.8045497539918,1364.053659407819,1338.2820653029478,1347.4862060546875,11700,0.0,0.0
2024-11-11 00:00:00+09:00,1365.8944208015066,1366.8148348316963,1346.565726167523,1363.1331787109375,19700,0.0,0.0
2024-11-12 00:00:00+09:00,1359.4514784602704,1359.4514784602704,1312.5103644443775,1315.2716064453125,54900,0.0,0.0
2024-11-13 00:00:00+09:00,1316.1920819372988,1359.4515419730003,1305.1471134175454,1358.5311279296875,17300,0.0,0.0
2024-11-14 00:00:00+09:00,1386.143578125,1399.029375,1371.416953125,1380.62109375,81700,0.0,0.0
2024-11-15 00:00:00+09:00,1410.9947548809002,1442.288832940881,1395.34771585091,1410.0743408203125,29200,0.0,0.0
2024-11-18 00:00:00+09:00,1396.2682429068714,1421.1194245538625,1382.4620308807653,1411.915283203125,17300,0.0,0.0
2024-11-19 00:00:00+09:00,1422.9601464280709,1461.6175372107223,1412.8355916992814,1436.766357421875,14900,0.0,0.0
2024-11-20 00:00:00+09:00,1436.7662778005292,1461.6174562121976,1425.7213096175656,1426.6417236328125,25000,0.0,0.0
2024-11-21 00:00:00+09:00,1426.641814362865,1448.731752133645,1426.641814362865,1434.005126953125,8100,0.0,0.0
2024-11-22 00:00:00+09:00,1434.005158455141,1434.005158455141,1395.3477665070563,1398.1090087890625,18500,0.0,0.0
2024-11-25 00:00:00+09:00,1405.4722536207432,1405.4722536207432,1362.2127932931894,1385.22314453125,15100,0.0,0.0
2024-11-26 00:00:00+09:00,1372.3373190128345,1381.5414593147314,1348.4065542279025,1363.1331787109375,23800,0.0,0.0
2024-11-27 00:00:00+09:00,1355.7699485465273,1357.6107767183487,1343.8045654296875,1343.8045654296875,13700,0.0,0.0
2024-11-28 00:00:00+09:00,1340.1228663005609,1358.531147431063,1335.5207960179353,1353.9290771484375,12000,0.0,0.0
2024-11-29 00:00:00+09:00,1348.4066358592413,1353.008706288795,1339.202495000134,1343.8045654296875,4900,0.0,0.0
2024-12-02 00:00:00+09:00,1334.6003847208349,1341.96369718826,1324.475830078125,1324.475830078125,21100,0.0,0.0
2024-12-03 00:00:00+09:00,1336.4412920932114,1348.4066755623653,1326.3167368500808,1334.6004638671875,15900,0.0,0.0
2024-12-04 00:00:00+09:00,1330.9188631955628,1333.6801056503255,1320.7943075281,1321.7147216796875,79400,0.0,0.0
2024-12-05 00:00:00+09:00,1330.9188431495597,1343.804641077702,1325.396358323213,1326.3167724609375,15900,0.0,0.0
2024-12-06 00:00:00+09:00,1332.759561537398,1352.0882568359375,1332.759561537398,1352.0882568359375,8400,0.0,0.0
2024-12-09 00:00:00+09:00,1353.008648997759,1386.1435546875,1353.008648997759,1386.1435546875,20900,0.0,0.0
2024-12-10 00:00:00+09:00,1383.3822970560843,1396.2680935689154,1374.1781566897764,1389.8251953125,14800,0.0,0.0
2024-12-11 00:00:00+09:00,1396.268128864611,1400.870199164099,1381.54150390625,1381.54150390625,13900,0.0,0.0
2024-12-12 00:00:00+09:00,1384.302635284546,1396.2680171054897,1366.814769546244,1378.7801513671875,13600,0.0,0.0
2024-12-13 00:00:00+09:00,1389.8252739618288,1389.8252739618288,1364.974093566485,1371.4169921875,12700,0.0,0.0
2024-12-16 00:00:00+09:00,1380.6211330746644,1384.30278942953,1371.4169921875,1371.4169921875,11600,0.0,0.0
2024-12-17 00:00:00+09:00,1385.2231075726727,1385.2231075726727,1362.2127569485417,1364.9739990234375,9500,0.0,0.0
2024-12-18 00:00:00+09:00,1364.9740662966558,1385.2231758438754,1364.9740662966558,1377.85986328125,9400,0.0,0.0
2024-12-19 00:00:00+09:00,1357.6107061280288,1377.8598149651928,1353.9290499758172,1360.3719482421875,14900,0.0,0.0
2024-12-20 00:00:00+09:00,1381.5414820796336,1416.5172158031687,1372.3373416260717,1415.5968017578125,15800,0.0,0.0
2024-12-23 00:00:00+09:00,1424.8009618471747,1449.6521414142767,1403.6314385122362,1410.9947509765625,26300,0.0,0.0
2024-12-24 00:00:00+09:00,1415.596791818245,1460.6970797240278,1408.233479507097,1446.890869140625,114900,0.0,0.0
2024-12-25 00:00:00+09:00,1454.2541426744233,1464.3786968322831,1434.9254483730542,1456.094970703125,23800,0.0,0.0
2024-12-26 00:00:00+09:00,1464.3787007147869,1469.9011848155342,1435.84586619426,1455.174560546875,30200,0.0,0.0
2024-12-27 00:00:00+09:00,1468.9807792040956,1518.6831363952117,1468.060365182038,1511.31982421875,36400,0.0,0.0
2024-12-30 00:00:00+09:00,1508.558711656334,1540.7732051938397,1492.911671938117,1538.011962890625,32500,0.0,0.0
2025-01-06 00:00:00+09:00,1564.703812372117,1574.8283664521718,1522.364768037342,1546.2955322265625,29000,0.0,0.0
2025-01-07 00:00:00+09:00,1562.8630274549225,1562.8630274549225,1515.0014977566564,1536.1710205078125,25300,0.0,0.0
2025-01-08 00:00:00+09:00,1536.1711733842853,1573.9081524788064,1519.6037191476664,1557.3406982421875,18800,0.0,0.0
2025-01-09 00:00:00+09:00,1568.3855877130682,1585.8734551817,1518.6832275390625,1518.6832275390625,38400,0.0,0.0
2025-01-10 00:00:00+09:00,1534.3301747701926,1538.0118308584235,1501.1952699761152,1511.31982421875,13400,0.0,0.0
2025-01-14 00:00:00+09:00,1511.319814077757,1511.319814077757,1476.344081474252,1484.6278076171875,14700,0.0,0.0
2025-01-15 00:00:00+09:00,1521.4445533260675,1521.4445533260675,1480.0259175730894,1499.3546142578125,6800,0.0,0.0
2025-01-16 00:00:00+09:00,1515.0015667197144,1515.0015667197144,1466.219620768229,1491.07080078125,13300,0.0,0.0
2025-01-17 00:00:00+09:00,1489.2299088237442,1489.2299088237442,1426.6417544356016,1477.2645263671875,10500,0.0,0.0
2025-01-20 00:00:00+09:00,1491.0708086275495,1512.2403324537431,1475.4237692777542,1489.22998046875,12500,0.0,0.0
2025-01-21 00:00:00+09:00,1498.4341133777007,1500.2749415268133,1477.264589662905,1491.07080078125,3700,0.0,0.0
2025-01-22 00:00:00+09:00,1500.2749140480946,1513.1607108558696,1472.6624923171482,1497.513671875,11800,0.0,0.0
2025-01-23 00:00:00+09:00,1487.3891288870075,1498.4340976658714,1465.2991913292797,1494.75244140625,9500,0.0,0.0
2025-01-24 00:00:00+09:00,1488.309492760194,1514.0810857084225,1488.309492760194,1506.7177734375,10600,0.0,0.0
2025-01-27 00:00:00+09:00,1543.5344433966484,1587.7143201307206,1543.5344433966484,1567.4652099609375,40000,0.0,0.0
2025-01-28 00:00:00+09:00,1555.4997916533569,1592.3163547694128,1540.7731664069347,1575.7489013671875,19000,0.0,0.0
2025-01-29 00:00:00+09:00,1590.4755038593482,1609.80419921875,1581.271363212014,1609.80419921875,10000,0.0,0.0
2025-01-30 00:00:00+09:00,1588.6347498193643,1615.326758941474,1578.5101946351158,1592.31640625,34500,0.0,0.0
2025-01-31 00:00:00+09:00,1592.316466039541,1595.077708466199,1564.7040417729593,1578.51025390625,13800,0.0,0.0
2025-02-03 00:00:00+09:00,1576.6693708332184,1576.6693708332184,1549.977361636392,1562.8631591796875,15900,0.0,0.0
2025-02-04 00:00:00+09:00,1585.8734365473254,1585.8734365473254,1565.6243270847363,1580.3509521484375,5600,0.0,0.0
2025-02-05 00:00:00+09:00,1585.8735616385902,1615.32681408922,1581.2714909431795,1607.9635009765625,19000,0.0,0.0
2025-02-06 00:00:00+09:00,1607.963283845748,1628.2123921712239,1587.714175520272,1601.5203857421875,33200,0.0,0.0
2025-02-07 00:00:00+09:00,1711.97019583955,1775.4787676206945,1681.5965310746546,1773.637939453125,149100,0.0,0.0
2025-02-10 00:00:00+09:00,1757.0704772654994,1771.7971025333088,1717.492671858262,1718.4130859375,35500,0.0,0.0
2025-02-12 00:00:00+09:00,1716.5722414099653,1716.5722414099653,1659.5065690413765,1693.5618896484375,51000,0.0,0.0
2025-02-13 00:00:00+09:00,1693.5619208946418,1734.980554829565,1655.8249433094895,1657.665771484375,42600,0.0,0.0
2025-02-14 00:00:00+09:00,1676.0739980145918,1704.606833785296,1656.7453028150826,1670.551513671875,27500,0.0,0.0
2025-02-17 00:00:00+09:00,1687.118874529283,1687.118874529283,1653.0635562763732,1663.1881103515625,18500,0.0,0.0
2025-02-18 00:00:00+09:00,1669.6311191622065,1677.914845773265,1661.3473925511482,1665.949462890625,8300,0.0,0.0
2025-02-19 00:00:00+09:00,1678.835295495558,1680.6761236704435,1657.665771484375,1657.665771484375,10100,0.0,0.0
2025-02-20 00:00:00+09:00,1684.357671922253,1724.8558891706568,1657.6656650994414,1711.9700927734375,42000,0.0,0.0
2025-02-21 00:00:00+09:00,1711.0497441912855,1711.0497441912855,1657.6657285037684,1667.790283203125,30500,0.0,0.0
2025-02-25 00:00:00+09:00,1658.5860441594425,1677.91473834776,1648.4614900607999,1662.2677001953125,28100,0.0,0.0
2025-02-26 00:00:00+09:00,1659.506512437548,1661.3473405156817,1641.0982316562108,1649.3819580078125,14600,0.0,0.0
2025-02-27 00:00:00+09:00,1649.3819482475355,1686.1985095923467,1642.9390500121935,1680.676025390625,8800,0.0,0.0
2025-02-28 00:00:00+09:00,1647.5411105912196,1670.551461297801,1633.734900167271,1653.9840087890625,28100,0.0,0.0
2025-03-03 00:00:00+09:00,1659.5064890758613,1679.7555976502754,1645.7002786842152,1654.9044189453125,10000,0.0,0.0
2025-03-04 00:00:00+09:00,1654.9044365422817,1654.9044365422817,1610.7245628192395,1621.76953125,22100,0.0,0.0
2025-03-05 00:00:00+09:00,1616.247031603907,1641.0982103358579,1613.4857895225794,1625.451171875,8700,0.0,0.0
2025-03-06 00:00:00+09:00,1627.2919981620203,1657.6656610236416,1620.849099979252,1654.9044189453125,11700,0.0,0.0
2025-03-07 00:00:00+09:00,1635.5758095818599,1643.8595362482845,1629.1329110635295,1634.6553955078125,9700,0.0,0.0
2025-03-10 00:00:00+09:00,1638.3370400440028,1643.8595244486455,1632.8145556393602,1637.4166259765625,13400,0.0,0.0
2025-03-11 00:00:00+09:00,1630.9736212588027,1633.73486328125,1587.7141629071302,1633.73486328125,35800,0.0,0.0
2025-03-12 00:00:00+09:00,1619.0083523708981,1642.9391182388024,1619.0083523708981,1635.5758056640625,6400,0.0,0.0
2025-03-13 00:00:00+09:00,1639.2574151744384,1667.7902505873567,1639.2574151744384,1646.6207275390625,9500,0.0,0.0
2025-03-14 00:00:00+09:00,1633.7350013385735,1665.9494943227144,1633.7350013385735,1658.586181640625,8100,0.0,0.0
2025-03-17 00:00:00+09:00,1668.7107877291166,1679.7557570908098,1665.029131275219,1675.1536865234375,16900,0.0,0.0
2025-03-18 00:00:00+09:00,1679.7556739090555,1679.7556739090555,1647.5411815327175,1665.949462890625,33400,0.0,0.0
2025-03-19 00:00:00+09:00,1659.5065046329562,1675.1535432235055,1636.4961537645015,1651.2227783203125,18500,0.0,0.0
2025-03-21 00:00:00+09:00,1675.1536276502895,1700.9252219218324,1671.4719713257832,1688.9598388671875,34300,0.0,0.0
2025-03-24 00:00:00+09:00,1708.2884385257112,1714.7313367313577,1674.2331194387223,1682.516845703125,19400,0.0,0.0
2025-03-25 00:00:00+09:00,1683.4372923287876,1716.5721980279873,1681.5964642343877,1703.6864013671875,24800,0.0,0.0
2025-03-26 00:00:00+09:00,1713.8110194558883,1732.219301082697,1696.3231519104202,1717.49267578125,22300,0.0,0.0
2025-03-27 00:00:00+09:00,1715.651752769466,1731.2987912872134,1694.4822300689843,1711.0496826171875,14100,0.0,0.0
2025-03-28 00:00:00+09:00,1726.3610792239729,1741.6724856915912,1714.8775243732591,1717.7484130859375,23200,71.0,0.0
2025-03-31 00:00:00+09:00,1681.3838591028432,1681.3838591028432,1633.5357128563194,1634.49267578125,46400,0.0,0.0
2025-04-01 00:00:00+09:00,1683.297700139668,1704.3508834273728,1674.6850342492432,1679.4698486328125,25200,0.0,0.0
2025-04-02 00:00:00+09:00,1681.3839421426096,1685.2117940313804,1656.5029048655988,1661.2877197265625,8900,0.0,0.0
2025-04-03 00:00:00+09:00,1584.7306344483302,1641.1914481152696,1578.9888567872856,1590.472412109375,48500,0.0,0.0
2025-04-04 00:00:00+09:00,1552.193884746845,1552.193884746845,1430.6595916748047,1492.8621826171875,80800,0.0,0.0
2025-04-07 00:00:00+09:00,1303.3834762242966,1387.5962118393759,1296.684735891279,1326.3505859375,71200,0.0,0.0
2025-04-08 00:00:00+09:00,1435.444417424227,1471.8090093323074,1421.0899732499847,1462.2393798828125,33100,0.0,0.0
2025-04-09 00:00:00+09:00,1423.9608854700307,1462.2394038966445,1384.7254040827518,1400.9937744140625,33900,0.0,0.0
2025-04-10 00:00:00+09:00,1534.9685757021361,1534.9685757021361,1489.034353985364,1512.00146484375,31100,0.0,0.0
2025-04-11 00:00:00+09:00,1467.0242402212962,1508.17364813357,1448.8419437019193,1500.5179443359375,12400,0.0,0.0
2025-04-14 00:00:00+09:00,1516.7862548828125,1523.4849954406545,1501.4748478934591,1516.7862548828125,12300,0.0,0.0
2025-04-15 00:00:00+09:00,1516.7861913572074,1540.7102637760906,1505.3026365961432,1524.44189453125,16400,0.0,0.0
2025-04-16 00:00:00+09:00,1519.6571104102698,1538.7963687277795,1480.421630859375,1480.421630859375,15600,0.0,0.0
2025-04-17 00:00:00+09:00,1467.9811747909507,1509.1305819069942,1467.0242118347635,1496.6900634765625,10200,0.0,0.0
2025-04-18 00:00:00+09:00,1515.8292089720292,1516.7861718564811,1497.6469141674404,1513.915283203125,7100,0.0,0.0
2025-04-21 00:00:00+09:00,1512.9584630070901,1529.2268335770589,1497.6470554118255,1500.5179443359375,12900,0.0,0.0
2025-04-22 00:00:00+09:00,1502.431822197712,1515.8293034147616,1485.2064892043625,1486.1634521484375,9500,0.0,0.0
2025-04-23 00:00:00+09:00,1512.9583840279295,1524.4419391249157,1503.3887547804409,1506.2596435546875,8800,0.0,0.0
2025-04-24 00:00:00+09:00,1506.259662577632,1517.743217819647,1503.3887737671282,1516.7862548828125,10700,0.0,0.0
2025-04-25 00:00:00+09:00,1528.2698807327836,1556.9787701642072,1513.9154360170717,1550.280029296875,20900,0.0,0.0
2025-04-28 00:00:00+09:00,1575.1610018943393,1584.7306313104655,1543.5812248211237,1557.9356689453125,28600,0.0,0.0
2025-04-30 00:00:00+09:00,1569.4191602040037,1581.8596779373281,1555.0647166655524,1565.59130859375,8700,0.0,0.0
2025-05-01 00:00:00+09:00,1568.4622613030513,1574.2040389527267,1548.3660395291865,1557.9356689453125,30100,0.0,0.0
2025-05-02 00:00:00+09:00,1558.8926609263701,1574.2040682773963,1551.236957250857,1561.7635498046875,5600,0.0,0.0
2025-05-07 00:00:00+09:00,1565.5913477638933,1574.2040141024477,1550.2799409397965,1562.720458984375,7500,0.0,0.0
2025-05-08 00:00:00+09:00,1562.7205334487746,1563.6774964208803,1548.3660888671875,1548.3660888671875,4500,0.0,0.0
2025-05-09 00:00:00+09:00,1562.7205439259146,1562.7205439259146,1536.882543505829,1541.6673583984375,19400,0.0,0.0
2025-05-12 00:00:00+09:00,1541.667231301259,1590.4723391823045,1541.667231301259,1556.9786376953125,29700,0.0,0.0
2025-05-13 00:00:00+09:00,1577.0748387704982,1594.3001707473604,1540.7102490415668,1546.4520263671875,30900,0.0,0.0
2025-05-14 00:00:00+09:00,1549.3230355383055,1575.1610355133112,1540.7103688799702,1570.376220703125,26600,0.0,0.0
2025-05-15 00:00:00+09:00,1646.933256552876,1651.718071359828,1604.8268862516984,1650.7611083984375,116400,0.0,0.0
2025-05-16 00:00:00+09:00,1627.793930727289,1689.9965206727763,1620.138227349383,1625.8800048828125,191900,0.0,0.0
2025-05-19 00:00:00+09:00,1627.7938720414372,1649.804018459399,1618.2242431640625,1618.2242431640625,27700,0.0,0.0
2025-05-20 00:00:00+09:00,1626.8369723818062,1659.3737118294423,1626.8369723818062,1634.49267578125,23800,0.0,0.0
2025-05-21 00:00:00+09:00,1645.9763162607449,1684.2548352435529,1638.3206124641833,1669.900390625,103700,0.0,0.0
2025-05-22 00:00:00+09:00,1658.4166991627224,1677.5559570872776,1650.7609959929002,1667.986328125,17000,0.0,0.0
2025-05-23 00:00:00+09:00,1668.9433756059557,1730.1890040685594,1666.072486771771,1727.318115234375,43500,0.0,0.0
2025-05-26 00:00:00+09:00,1837.3687693698348,1883.3029886040806,1815.3586226534253,1852.68017578125,118900,0.0,0.0
2025-05-27 00:00:00+09:00,1856.5081341145833,1875.6473932291667,1789.5207272135417,1794.3055419921875,85900,0.0,0.0
2025-05-28 00:00:00+09:00,1808.659977581659,1820.1435329948758,1777.0802001953125,1777.0802001953125,67900,0.0,0.0
2025-05-29 00:00:00+09:00,1810.5738533890433,1841.1966669770186,1786.6497802734375,1786.6497802734375,38800,0.0,0.0
2025-05-30 00:00:00+09:00,1779.950966911032,1808.6598534741133,1779.950966911032,1801.004150390625,43800,0.0,0.0
2025-06-02 00:00:00+09:00,1794.3055116677585,1837.3688439477846,1794.3055116677585,1814.4017333984375,39900,0.0,0.0
2025-06-03 00:00:00+09:00,1814.4017435440378,1814.4017435440378,1789.5207069764508,1807.7030029296875,19500,0.0,0.0
2025-06-04 00:00:00+09:00,1807.7030832273736,1842.153750774322,1807.7030832273736,1834.498046875,37000,0.0,0.0
2025-06-05 00:00:00+09:00,1834.4979742217201,1875.647381050898,1813.4447893323734,1824.9283447265625,33700,0.0,0.0
2025-06-06 00:00:00+09:00,1811.5308401232116,1824.9283212440382,1805.7890625,1805.7890625,13200,0.0,0.0
2025-06-09 00:00:00+09:00,1844.0674902343749,1857.464970703125,1812.48771484375,1842.153564453125,51500,0.0,0.0
2025-06-10 00:00:00+09:00,1842.1536021072625,1961.7739658804612,1842.1536021072625,1911.054931640625,118700,0.0,0.0
2025-06-11 00:00:00+09:00,1912.0120021734022,1936.8930392387217,1886.1740021440319,1909.14111328125,28500,0.0,0.0
2025-06-12 00:00:00+09:00,1904.3562694723912,1923.4955284620635,1893.8296770280715,1905.313232421875,15000,0.0,0.0
2025-06-13 00:00:00+09:00,1910.0981055190882,1910.0981055190882,1853.6372897747865,1856.5081787109375,49300,0.0,0.0
2025-06-16 00:00:00+09:00,1853.6372259559082,1877.5612996001507,1836.4118929320537,1864.163818359375,18200,0.0,0.0
2025-06-17 00:00:00+09:00,1869.9056438148718,1906.270236683329,1866.0777919339816,1878.518310546875,13900,0.0,0.0
2025-06-18 00:00:00+09:00,1861.2928659638014,1895.7435308351107,1835.4548673103193,1871.8194580078125,26600,0.0,0.0
2025-06-19 00:00:00+09:00,1870.862534264693,1890.0017929272474,1846.9384609365,1868.9486083984375,18500,0.0,0.0
2025-06-20 00:00:00+09:00,1868.948647648738,1879.4752401342148,1857.465092210036,1866.0777587890625,16000,0.0,0.0
2025-06-23 00:00:00+09:00,1843.110586490271,1851.7232527822819,1824.9282909849155,1825.88525390625,28100,0.0,0.0
2025-06-24 00:00:00+09:00,1849.8093150076554,1911.0549415780072,1828.7561308740972,1904.356201171875,28500,0.0,0.0
2025-06-25 00:00:00+09:00,1920.6247084284405,1932.1082642336926,1874.6904852074313,1906.270263671875,29800,0.0,0.0
2025-06-26 00:00:00+09:00,1913.9259675420433,1913.9259675420433,1888.0879669802257,1906.270263671875,12900,0.0,0.0
2025-06-27 00:00:00+09:00,1922.53851957204,1947.4195556640625,1913.9258532324939,1947.4195556640625,20300,0.0,0.0
2025-06-30 00:00:00+09:00,1961.7739355803353,1988.5688966516766,1951.24734373088,1955.0751953125,28300,0.0,0.0
2025-07-01 00:00:00+09:00,1951.2474688631892,1951.2474688631892,1891.9157655431707,1907.2271728515625,19200,0.0,0.0
2025-07-02 00:00:00+09:00,1886.1738720258559,1917.7536476609919,1876.6042430455116,1891.9156494140625,16800,0.0,0.0
2025-07-03 00:00:00+09:00,1897.6574714512576,1900.5283602129084,1862.2498433908963,1873.7333984375,24800,0.0,0.0
2025-07-04 00:00:00+09:00,1890.0018310546875,1912.0119789606408,1876.604349720629,1890.0018310546875,12600,0.0,0.0
2025-07-07 00:00:00+09:00,1886.1739616531756,1886.1739616531756,1851.7232956869077,1855.5511474609375,31500,0.0,0.0
2025-07-08 00:00:00+09:00,1855.5510782591055,1903.3992236500055,1853.6371524434694,1902.4422607421875,12100,0.0,0.0
2025-07-09 00:00:00+09:00,1908.1841478907045,1908.1841478907045,1876.6043701171875,1876.6043701171875,6300,0.0,0.0
2025-07-10 00:00:00+09:00,1876.6043264715872,1882.3461041150495,1856.5081047194692,1870.862548828125,4900,0.0,0.0
2025-07-11 00:00:00+09:00,1884.260069550061,1899.5714769207063,1867.99169921875,1867.99169921875,9900,0.0,0.0
2025-07-14 00:00:00+09:00,1867.9916444167088,1892.8726806640625,1861.292903888575,1892.8726806640625,15600,0.0,0.0
2025-07-15 00:00:00+09:00,1892.8726817266306,1892.8726817266306,1868.9486083984375,1868.9486083984375,7900,0.0,0.0
2025-07-16 00:00:00+09:00,1868.9486974342583,1868.9486974342583,1852.6803267960697,1856.5081787109375,13600,0.0,0.0
2025-07-17 00:00:00+09:00,1852.6802396022433,1859.378980137995,1823.014388658199,1845.0245361328125,61400,0.0,0.0
2025-07-18 00:00:00+09:00,1851.7233638173527,1867.0347714768243,1840.239808072749,1856.5081787109375,26000,0.0,0.0
2025-07-22 00:00:00+09:00,1894.7865234375,1933.0650390624999,1866.07763671875,1913.92578125,46800,0.0,0.0
2025-07-23 00:00:00+09:00,1933.0651450157166,2008.6652175188065,1933.0651450157166,1959.860107421875,45600,0.0,0.0
2025-07-24 00:00:00+09:00,1961.7740974589833,2016.320986998087,1925.4095044329144,2008.665283203125,45400,0.0,0.0
2025-07-25 00:00:00+09:00,2024.9334913085008,2036.4170460796265,2002.9233446638432,2011.5360107421875,23500,0.0,0.0
2025-07-28 00:00:00+09:00,2014.407056890606,2015.3640198630007,1982.8272788015847,2000.0526123046875,18700,0.0,0.0
2025-07-29 00:00:00+09:00,2000.0525935743221,2002.9234824646203,1975.1715565250722,1989.5260009765625,6500,0.0,0.0
2025-07-30 00:00:00+09:00,2001.00942387494,2003.880312574904,1971.3435739753115,1996.224609375,22700,0.0,0.0
2025-07-31 00:00:00+09:00,1988.5690463916085,2015.3640094806196,1972.300675944709,2006.7513427734375,21600,0.0,0.0
2025-08-01 00:00:00+09:00,2002.9233349820245,2005.7942236609283,1985.6980029086003,1994.3106689453125,7000,0.0,0.0
2025-08-04 00:00:00+09:00,1946.4626449429334,1978.0424223682612,1929.2373118018456,1970.38671875,13200,0.0,0.0
2025-08-05 00:00:00+09:00,1991.4398530306084,2004.837334021684,1975.1714832557307,2003.88037109375,16200,0.0,0.0
2025-08-06 00:00:00+09:00,2009.6222461774953,2014.4070610493463,1991.4399496644608,2008.665283203125,17900,0.0,0.0
2025-08-07 00:00:00+09:00,2005.794296949618,2015.3639262289578,1991.4398530306084,2003.88037109375,21500,0.0,0.0
2025-08-08 00:00:00+09:00,2015.36401770922,2045.9868327931208,1960.8171283410218,1967.515869140625,46400,0.0,0.0
2025-08-12 00:00:00+09:00,1838.3258319372603,1873.733461183319,1779.9510918288934,1809.616943359375,180900,0.0,0.0
2025-08-13 00:00:00+09:00,1830.6699998391423,1845.981406006119,1792.3914844217006,1801.004150390625,50100,0.0,0.0
2025-08-14 00:00:00+09:00,1801.0042522446515,1814.4017333984375,1780.9080305139726,1814.4017333984375,45900,0.0,0.0
2025-08-15 00:00:00+09:00,1814.4016896081348,1825.8852446056549,1799.090282944775,1808.659912109375,30800,0.0,0.0
2025-08-18 00:00:00+09:00,1810.5738181747308,1828.756113388959,1809.6168552687188,1822.057373046875,29200,0.0,0.0
2025-08-19 00:00:00+09:00,1823.971341675751,1852.6802295300388,1814.4017123909885,1851.7232666015625,38100,0.0,0.0
2025-08-20 00:00:00+09:00,1856.508176789579,1856.508176789579,1820.1435836359688,1823.971435546875,28700,0.0,0.0
2025-08-21 00:00:00+09:00,1827.7992379142745,1840.239756287513,1823.9713861071243,1833.541015625,15200,0.0,0.0
2025-08-22 00:00:00+09:00,1843.1106247976038,1862.2498836220857,1835.454921267811,1846.9384765625,16600,0.0,0.0
2025-08-25 00:00:00+09:00,1879.4751556045005,1918.7106349221096,1879.4751556045005,1911.054931640625,56400,0.0,0.0
2025-08-26 00:00:00+09:00,1904.35616708851,1909.1409815786822,1891.9156494140625,1891.9156494140625,16300,0.0,0.0
2025-08-27 00:00:00+09:00,1890.9587705802428,1894.786622342551,1870.862548828125,1870.862548828125,11600,0.0,0.0
2025-08-28 00:00:00+09:00,1866.0776758414388,1875.647304948318,1858.4219725559353,1863.206787109375,9800,0.0,0.0
2025-08-29 00:00:00+09:00,1890.0018151696618,1956.989221276941,1890.0018151696618,1912.011962890625,54100,0.0,0.0
2025-09-01 00:00:00+09:00,1905.3132571924368,1912.968960887836,1885.2170349920143,1900.5284423828125,17600,0.0,0.0
2025-09-02 00:00:00+09:00,1900.52830078125,1937.849853515625,1900.52830078125,1913.92578125,25500,0.0,0.0
2025-09-03 00:00:00+09:00,1913.9259715845203,1928.2804163714043,1912.969008598728,1914.8829345703125,11400,0.0,0.0
2025-09-04 00:00:00+09:00,1912.9688183593748,1922.5384472656249,1911.054892578125,1913.92578125,6700,0.0,0.0
2025-09-05 00:00:00+09:00,1923.4955577420112,1934.0221503465696,1902.4423725328948,1909.14111328125,9700,0.0,0.0
2025-09-08 00:00:00+09:00,1913.9258887794044,1921.581592334522,1896.7005557803898,1912.011962890625,15500,0.0,0.0
2025-09-09 00:00:00+09:00,1912.0119833177137,1920.624649909235,1896.700576043898,1898.614501953125,19300,0.0,0.0
2025-09-10 00:00:00+09:00,1900.5283442884238,1932.1081204019777,1900.5283442884238,1919.6676025390625,9000,0.0,0.0
2025-09-11 00:00:00+09:00,1919.6676562987063,1933.0651374493455,1916.7967674807123,1918.710693359375,9000,0.0,0.0
2025-09-12 00:00:00+09:00,1918.7106549469318,1920.6245807872779,1892.87265610226,1897.657470703125,13700,0.0,0.0
2025-09-16 00:00:00+09:00,1894.7865773116926,1894.7865773116926,1866.077689776667,1889.0447998046875,23500,0.0,0.0
2025-09-17 00:00:00+09:00,1871.8194043018652,1883.302958929484,1866.0776269880557,1872.7763671875,18100,0.0,0.0
2025-09-18 00:00:00+09:00,1872.7764255824586,1882.3460547371978,1853.6371672729802,1880.43212890625,11200,0.0,0.0
2025-09-19 00:00:00+09:00,1880.4321328755198,1912.9688720703125,1863.2068003606294,1912.9688720703125,31200,0.0,0.0
2025-09-22 00:00:00+09:00,1922.53856551258,1923.4955284620635,1875.6473809878828,1905.313232421875,15200,0.0,0.0
2025-09-24 00:00:00+09:00,1913.9258504396507,1914.8828133648706,1880.432148056957,1890.958740234375,19600,0.0,0.0
2025-09-25 00:00:00+09:00,1890.9588145596952,1892.872740485363,1875.6474071543535,1876.6043701171875,9200,0.0,0.0
2025-09-26 00:00:00+09:00,1875.6473635310101,1886.1739558773577,1868.9486229469708,1870.862548828125,13400,0.0,0.0
2025-09-29 00:00:00+09:00,1895.2227304559005,1903.992398617393,1832.8606457519531,1851.3743896484375,71000,35.0,0.0
2025-09-30 00:00:00+09:00,1869.8881335449219,1869.8881335449219,1827.0142003109581,1851.3743896484375,19900,0.0,0.0
2025-10-01 00:00:00+09:00,1831.8862095386257,1831.8862095386257,1791.9354996497516,1795.8331298828125,33800,0.0,0.0
2025-10-02 00:00:00+09:00,1808.500415012322,1808.500415012322,1771.4729280670267,1779.2681884765625,14500,0.0,0.0
2025-10-03 00:00:00+09:00,1796.8074768399931,1796.8074768399931,1783.165771484375,1783.165771484375,14500,0.0,0.0
2025-10-06 00:00:00+09:00,1827.0141828098076,1840.6558887081208,1806.5516239623375,1837.732666015625,21700,0.0,0.0
2025-10-07 00:00:00+09:00,1849.4255190968768,1849.4255190968768,1823.1165154005566,1835.7838134765625,14800,0.0,0.0
2025-10-08 00:00:00+09:00,1836.7582405938044,1845.5279085860293,1824.0909423828125,1824.0909423828125,9100,0.0,0.0
2025-10-09 00:00:00+09:00,1820.1932555957758,1843.579036181589,1816.2956254981402,1833.8349609375,30200,0.0,0.0
2025-10-10 00:00:00+09:00,1830.9117539369163,1833.8349765350063,1799.730712890625,1799.730712890625,15500,0.0,0.0
2025-10-14 00:00:00+09:00,1760.7544041558942,1778.2937396704522,1738.3430309984037,1754.907958984375,42600,0.0,0.0
2025-10-15 00:00:00+09:00,1764.6520752086828,1779.2681884765625,1757.831222350339,1779.2681884765625,9400,0.0,0.0
2025-10-16 00:00:00+09:00,1780.242563363944,1791.9354537637073,1761.7288202309858,1774.3961181640625,17500,0.0,0.0
2025-10-17 00:00:00+09:00,1769.5240709026068,1783.1657762950276,1769.5240709026068,1780.2425537109375,7900,0.0,0.0
2025-10-20 00:00:00+09:00,1802.6539665441542,1829.9373779296875,1799.7307438957043,1829.9373779296875,17500,0.0,0.0
2025-10-21 00:00:00+09:00,1829.9373745735766,1836.7582274074505,1798.7563330472963,1807.5260009765625,13000,0.0,0.0
2025-10-22 00:00:00+09:00,1820.1933318107358,1820.1933318107358,1807.5260334630166,1812.3980712890625,6900,0.0,0.0
2025-10-23 00:00:00+09:00,1812.3980193094703,1819.2188720703125,1804.6027590113652,1819.2188720703125,3400,0.0,0.0
2025-10-24 00:00:00+09:00,1822.1421547747673,1831.88623046875,1806.5516336643948,1831.88623046875,6500,0.0,0.0
2025-10-27 00:00:00+09:00,1841.6302490234375,1849.4255093367642,1834.8093962492767,1841.6302490234375,10400,0.0,0.0
2025-10-28 00:00:00+09:00,1835.783824813546,1841.6302701155,1804.602783203125,1804.602783203125,13200,0.0,0.0
2025-10-29 00:00:00+09:00,1805.5771677990053,1807.5259828748813,1793.88427734375,1793.88427734375,9600,0.0,0.0
2025-10-30 00:00:00+09:00,1792.9098505801403,1806.5515559649891,1791.9354430526512,1805.5771484375,8500,0.0,0.0
2025-10-31 00:00:00+09:00,1819.2189642879177,1819.2189642879177,1784.1402911682792,1789.0123291015625,23100,0.0,0.0
2025-11-04 00:00:00+09:00,1789.0122166367828,1795.833069314592,1783.165771484375,1783.165771484375,12400,0.0,0.0
2025-11-05 00:00:00+09:00,1783.1658810985332,1784.140288683833,1744.1895776865433,1766.6009521484375,23600,0.0,0.0
2025-11-06 00:00:00+09:00,1779.268248283714,1791.935546875,1769.5241724442633,1791.935546875,12300,0.0,0.0
2025-11-07 00:00:00+09:00,1788.0378187748424,1788.0378187748424,1762.7032229774877,1777.3193359375,11800,0.0,0.0
2025-11-10 00:00:00+09:00,1788.0378564372904,1795.8331168468262,1775.3705582717946,1779.2681884765625,7800,0.0,0.0
2025-11-11 00:00:00+09:00,1779.2682407540628,1785.114686232992,1772.4473876953125,1772.4473876953125,8700,0.0,0.0
2025-11-12 00:00:00+09:00,1773.4217286486717,1793.8842870561564,1773.4217286486717,1788.037841796875,13400,0.0,0.0
2025-11-13 00:00:00+09:00,1793.884327550088,1826.039777201991,1792.909919984879,1812.3980712890625,21800,0.0,0.0
2025-11-14 00:00:00+09:00,1832.8606202349404,1840.6558807144083,1812.3980614763366,1818.2445068359375,38200,0.0,0.0
2025-11-17 00:00:00+09:00,1840.6558330025903,1840.6558330025903,1813.3724220316676,1822.14208984375,11300,0.0,0.0
2025-11-18 00:00:00+09:00,1817.270091212842,1821.1677214352824,1794.8587174338097,1798.75634765625,17000,0.0,0.0
2025-11-19 00:00:00+09:00,1800.705172596807,1807.5260255233102,1769.524130647079,1792.909912109375,28100,0.0,0.0
2025-11-20 00:00:00+09:00,1809.4748015178632,1822.1420995360281,1807.5259864381455,1816.295654296875,11400,0.0,0.0
2025-11-21 00:00:00+09:00,1806.5516258978075,1815.32129398469,1796.8075502457157,1812.3980712890625,12300,0.0,0.0
2025-11-25 00:00:00+09:00,1820.1932831617892,1865.0160299634179,1820.1932831617892,1841.6302490234375,23500,0.0,0.0
2025-11-26 00:00:00+09:00,1841.630276678988,1849.425537109375,1831.8862011410038,1849.425537109375,10500,0.0,0.0
2025-11-27 00:00:00+09:00,1856.246445036981,1878.6578194390022,1855.2720374542844,1865.01611328125,19900,0.0,0.0
2025-11-28 00:00:00+09:00,1865.0160563066447,1875.7345393888668,1862.0928336478569,1874.7601318359375,8600,0.0,0.0
2025-12-01 00:00:00+09:00,1881.5810371761095,1902.0435963582422,1867.9393310546875,1867.9393310546875,15100,0.0,0.0
2025-12-02 00:00:00+09:00,1874.7601891082159,1880.6066346043954,1865.01611328125,1865.01611328125,14700,0.0,0.0
2025-12-03 00:00:00+09:00,1873.7857567296244,1880.6066097182397,1864.0416810316024,1879.6322021484375,16600,0.0,0.0
2025-12-04 00:00:00+09:00,1880.6065882967398,1916.65966796875,1877.6833656206309,1916.65966796875,48800,0.0,0.0
2025-12-05 00:00:00+09:00,1919.5829024598272,1919.5829024598272,1881.5810074365108,1885.4786376953125,12100,0.0,0.0
2025-12-08 00:00:00+09:00,1886.4530029296875,1890.3506331010299,1881.5809652155097,1886.4530029296875,7500,0.0,0.0
2025-12-09 00:00:00+09:00,1880.606629596008,1886.4530750766173,1861.1184779939767,1867.9393310546875,10500,0.0,0.0
2025-12-10 00:00:00+09:00,1868.913653987469,1872.8112841313427,1859.1695786277846,1869.8880615234375,7300,0.0,0.0
2025-12-11 00:00:00+09:00,1881.580994543368,1881.580994543368,1845.5279148964987,1868.9136962890625,12200,0.0,0.0
2025-12-12 00:00:00+09:00,1865.9904217608562,1876.708904601258,1865.0160142299105,1875.7344970703125,5300,0.0,0.0
2025-12-15 00:00:00+09:00,1878.6578170304444,1906.9156368924168,1878.6578170304444,1890.3507080078125,14300,0.0,0.0
2025-12-16 00:00:00+09:00,1890.350647764498,1892.2994628652862,1857.2207910510995,1877.683349609375,10900,0.0,0.0
2025-12-17 00:00:00+09:00,1888.401842505531,1888.401842505531,1868.9136913960829,1871.8369140625,7500,0.0,0.0
2025-12-18 00:00:00+09:00,1871.8369269120064,1888.40185546875,1859.1696286039087,1888.40185546875,5100,0.0,0.0
2025-12-19 00:00:00+09:00,1889.3762679541142,1895.2227133423166,1875.7345620483084,1885.4786376953125,4800,0.0,0.0
2025-12-22 00:00:00+09:00,1894.2482535522336,1904.9667364684242,1892.2994384765625,1892.2994384765625,15600,0.0,0.0
2025-12-23 00:00:00+09:00,1902.0435126079776,1921.5316633519117,1898.1458824591907,1917.634033203125,12500,0.0,0.0
2025-12-24 00:00:00+09:00,1929.326904296875,1939.0709795711016,1920.557236550071,1929.326904296875,9500,0.0,0.0
2025-12-25 00:00:00+09:00,1945.8919303874923,1946.866337964051,1931.2758167391135,1943.943115234375,16300,0.0,0.0
2025-12-26 00:00:00+09:00,1949.789489079374,1966.354417272452,1941.9942287532197,1962.456787109375,40600,0.0,0.0
2025-12-29 00:00:00+09:00,1963.4312505754156,2025.7933349609375,1963.4312505754156,2025.7933349609375,28200,0.0,0.0
2025-12-30 00:00:00+09:00,2021.8956212695787,2021.8956212695787,2000.4586556464794,2002.407470703125,15200,0.0,0.0
2026-01-05 00:00:00+09:00,2017.998096812855,2064.7696606211684,2017.998096812855,2036.5118408203125,24800,0.0,0.0
2026-01-06 00:00:00+09:00,2049.1790688853966,2060.8719594353847,1996.5610614104505,2029.69091796875,28900,0.0,0.0
2026-01-07 00:00:00+09:00,2026.7677376020654,2030.6653678666848,1993.637880352801,2028.716552734375,20400,0.0,0.0
2026-01-08 00:00:00+09:00,2036.511825990427,2058.923200152044,2027.742157840229,2045.281494140625,19300,0.0,0.0
2026-01-09 00:00:00+09:00,2056.974257450122,2056.974257450122,2038.460514725559,2048.20458984375,5900,0.0,0.0
2026-01-13 00:00:00+09:00,2084.257704871809,2085.232112400968,2057.948701584507,2075.488037109375,27500,0.0,0.0
2026-01-14 00:00:00+09:00,2090.1041575039135,2138.8245341357065,2090.1041575039135,2120.310791015625,23000,0.0,0.0
2026-01-15 00:00:00+09:00,2108.6179555628423,2143.696627651688,2108.6179555628423,2135.9013671875,18500,0.0,0.0
2026-01-16 00:00:00+09:00,2135.9014147714574,2181.6985710188383,2126.1573389741425,2179.749755859375,13900,0.0,0.0
2026-01-19 00:00:00+09:00,2183.647245461159,2183.647245461159,2143.696537266644,2166.10791015625,20000,0.0,0.0
2026-01-20 00:00:00+09:00,2146.61978465499,2156.363859937128,2119.3363738650037,2126.1572265625,12000,0.0,0.0
2026-01-21 00:00:00+09:00,2080.360078506009,2109.592304433494,2068.6671881350153,2097.8994140625,24700,0.0,0.0
2026-01-22 00:00:00+09:00,2109.592266091525,2129.08041635565,2099.8481909594625,2121.28515625,12300,0.0,0.0
2026-01-23 00:00:00+09:00,2122.259765625,2163.184885072314,2104.7204287190084,2122.259765625,24200,0.0,0.0
2026-01-26 00:00:00+09:00,2115.438720703125,2129.080425949483,2092.0529402807965,2115.438720703125,13300,0.0,0.0
2026-01-27 00:00:00+09:00,2110.5667578125,2134.9269466145834,2103.7459049479166,2119.33642578125,21900,0.0,0.0
2026-01-28 00:00:00+09:00,2127.131692820582,2127.131692820582,2073.539277289143,2091.07861328125,24800,0.0,0.0
2026-01-29 00:00:00+09:00,2072.5647534305003,2094.001718440125,2072.5647534305003,2088.1552734375,15000,0.0,0.0
2026-01-30 00:00:00+09:00,2089.129769090804,2109.592327463429,2088.1553615492508,2108.617919921875,16400,0.0,0.0
2026-02-02 00:00:00+09:00,2110.566774286288,2133.952555718823,2078.411324816552,2085.232177734375,14700,0.0,0.0
2026-02-03 00:00:00+09:00,2097.8994213900496,2142.72216796875,2094.9761987870907,2142.72216796875,14700,0.0,0.0
2026-02-04 00:00:00+09:00,2143.6965791305693,2165.133544921875,2095.9506098681154,2165.133544921875,14100,0.0,0.0
2026-02-05 00:00:00+09:00,2182.672913392456,2182.672913392456,2160.2615397281584,2170.005615234375,6400,0.0,0.0
2026-02-06 00:00:00+09:00,2165.133593928205,2165.133593928205,2124.2084764912183,2135.9013671875,9900,0.0,0.0
2026-02-09 00:00:00+09:00,2182.6730311098654,2182.6730311098654,2147.5943573955997,2172.928955078125,10600,0.0,0.0
2026-02-10 00:00:00+09:00,2186.570655709082,2230.4189977353335,2181.698617706165,2223.59814453125,15200,0.0,0.0
2026-02-12 00:00:00+09:00,2259.651145679654,2287.9089650952255,2245.0350321888413,2270.36962890625,24500,0.0,0.0
2026-02-13 00:00:00+09:00,2288.883236196607,2292.7808662284447,2220.67471063945,2228.469970703125,32300,0.0,0.0
2026-02-16 00:00:00+09:00,2131.0292450201546,2137.85009765625,2080.3600540091584,2137.85009765625,61500,0.0,0.0
2026-02-17 00:00:00+09:00,2137.850139960599,2143.6965851929435,2096.925023334188,2136.875732421875,16200,0.0,0.0
2026-02-18 00:00:00+09:00,2136.875652289154,2174.8775448743236,2136.875652289154,2161.23583984375,17000,0.0,0.0
2026-02-19 00:00:00+09:00,2174.877633534781,2200.212229624344,2164.1591505738124,2181.698486328125,11200,0.0,0.0
2026-02-20 00:00:00+09:00,2204.1099025532003,2204.1099025532003,2173.903268168077,2180.72412109375,10000,0.0,0.0
2026-02-24 00:00:00+09:00,2213.854056291391,2241.1374689569534,2183.647420840232,2207.033203125,19300,0.0,0.0
2026-02-25 00:00:00+09:00,2207.033047413263,2250.8813861035924,2207.033047413263,2227.49560546875,18300,0.0,0.0
2026-02-26 00:00:00+09:00,2239.1884437690796,2245.0348887919754,2216.7770711813127,2234.31640625,11300,0.0,0.0
2026-02-27 00:00:00+09:00,2232.367595560604,2259.651005720227,2217.7514829750917,2256.727783203125,12800,0.0,0.0
2026-03-02 00:00:00+09:00,2223.598014150227,2223.598014150227,2183.647304868825,2204.10986328125,19100,0.0,0.0
2026-03-03 00:00:00+09:00,2218.726091120793,2299.6019214075855,2200.2123468382747,2280.11376953125,67700,0.0,0.0
2026-03-04 00:00:00+09:00,2203.1355989864337,2263.548870608353,2105.6948383059193,2144.671142578125,63400,0.0,0.0
2026-03-05 00:00:00+09:00,2190.4682686731226,2280.113767213126,2190.4682686731226,2257.702392578125,58700,0.0,0.0
2026-03-06 00:00:00+09:00,2240.1628975853805,2273.2927534000405,2206.0586342467604,2255.75341796875,20400,0.0,0.0
2026-03-09 00:00:00+09:00,2143.696627651688,2149.543072999829,2087.1809892863253,2135.9013671875,39000,0.0,0.0
2026-03-10 00:00:00+09:00,2232.3676564874618,2256.727844794833,2172.9287970174773,2244.060546875,35200,0.0,0.0
2026-03-11 00:00:00+09:00,2252.8303788613885,2335.655025143057,2252.8303788613885,2290.832275390625,23300,0.0,0.0
2026-03-12 00:00:00+09:00,2289.8577107623396,2289.8577107623396,2198.263402331846,2238.214111328125,18500,0.0,0.0
2026-03-13 00:00:00+09:00,2236.2653723045823,2236.2653723045823,2168.0568424303683,2169.03125,18200,0.0,0.0
2026-03-16 00:00:00+09:00,2144.6711246715677,2187.5450590130254,2132.003825888864,2178.775390625,40500,0.0,0.0
2026-03-17 00:00:00+09:00,2180.7241734017816,2207.0331781747254,2166.108059639035,2173.9033203125,15100,0.0,0.0
2026-03-18 00:00:00+09:00,2174.8777645020814,2224.572552131833,2174.8777645020814,2223.59814453125,10700,0.0,0.0
2026-03-19 00:00:00+09:00,2188.5193282870105,2188.5193282870105,2114.46435546875,2114.46435546875,13800,0.0,0.0
2026-03-23 00:00:00+09:00,2070.6160299387097,2070.6160299387097,1979.021720849656,2032.6141357421875,49200,0.0,0.0
2026-03-24 00:00:00+09:00,2081.334557316073,2081.334557316073,2041.3838471803244,2079.3857421875,34800,0.0,0.0
2026-03-25 00:00:00+09:00,2114.4643518299517,2117.3875744361685,2092.052978515625,2092.052978515625,10500,0.0,0.0
2026-03-26 00:00:00+09:00,2094.0018010039175,2094.0018010039175,2038.4605712890625,2038.4605712890625,12100,0.0,0.0
2026-03-27 00:00:00+09:00,2032.6142180094787,2056.0,2024.8189573459715,2056.0,10300,0.0,0.0
2026-03-30 00:00:00+09:00,1972.0,1995.0,1954.0,1989.0,43100,54.0,0.0
2026-03-31 00:00:00+09:00,1982.0,2020.0,1970.0,1978.0,18400,0.0,0.0
2026-04-01 00:00:00+09:00,2059.0,2059.0,2002.0,2039.0,37000,0.0,0.0
2026-04-02 00:00:00+09:00,2042.0,2069.0,2008.0,2027.0,10400,0.0,0.0
2026-04-03 00:00:00+09:00,2027.0,2062.0,2019.0,2037.0,13200,0.0,0.0
2026-04-06 00:00:00+09:00,2036.0,2074.0,2033.0,2052.0,21500,0.0,0.0
2026-04-07 00:00:00+09:00,2075.0,2084.0,2054.0,2076.0,14100,0.0,0.0
2026-04-08 00:00:00+09:00,2099.0,2142.0,2099.0,2131.0,11500,0.0,0.0
2026-04-09 00:00:00+09:00,2154.0,2155.0,2102.0,2118.0,13300,0.0,0.0
2026-04-10 00:00:00+09:00,2152.0,2179.0,2097.0,2106.0,38600,0.0,0.0
2026-04-13 00:00:00+09:00,2106.0,2148.0,2106.0,2119.0,19300,0.0,0.0
2026-04-14 00:00:00+09:00,2143.0,2166.0,2110.0,2121.0,17900,0.0,0.0
2026-04-15 00:00:00+09:00,2139.0,2145.0,2097.0,2111.0,14700,0.0,0.0
2026-04-16 00:00:00+09:00,2111.0,2143.0,2106.0,2123.0,8000,0.0,0.0
2026-04-17 00:00:00+09:00,2135.0,2135.0,2098.0,2122.0,4000,0.0,0.0
2026-04-20 00:00:00+09:00,2130.0,2132.0,2105.0,2123.0,8800,0.0,0.0
2026-04-21 00:00:00+09:00,2123.0,2140.0,2111.0,2123.0,8300,0.0,0.0
2026-04-22 00:00:00+09:00,2124.0,2124.0,2106.0,2116.0,9000,0.0,0.0
2026-04-23 00:00:00+09:00,2120.0,2120.0,2070.0,2084.0,18800,0.0,0.0
2026-04-24 00:00:00+09:00,2094.0,2126.0,2043.0,2062.0,21000,0.0,0.0
2026-04-27 00:00:00+09:00,2090.0,2115.0,2048.0,2115.0,17900,0.0,0.0
2026-04-28 00:00:00+09:00,2095.0,2147.0,2090.0,2114.0,12700,0.0,0.0
2026-04-30 00:00:00+09:00,2096.0,2105.0,2060.0,2088.0,11800,0.0,0.0
2026-05-01 00:00:00+09:00,2066.0,2114.0,2055.0,2101.0,7800,0.0,0.0
2026-05-07 00:00:00+09:00,2119.0,2170.0,2115.0,2148.0,13400,0.0,0.0
2026-05-08 00:00:00+09:00,2148.0,2217.0,2148.0,2209.0,27400,0.0,0.0
2026-05-11 00:00:00+09:00,2248.0,2310.0,2233.0,2286.0,37700,0.0,0.0
2026-05-12 00:00:00+09:00,2299.0,2308.0,2225.0,2225.0,12000,0.0,0.0
2026-05-13 00:00:00+09:00,2222.0,2239.0,2176.0,2214.0,14500,0.0,0.0
2026-05-14 00:00:00+09:00,2215.0,2318.0,2150.0,2298.0,47800,0.0,0.0
2026-05-15 00:00:00+09:00,2412.0,2547.0,2377.0,2403.0,43900,0.0,0.0
2026-05-18 00:00:00+09:00,2425.0,2556.0,2425.0,2517.0,65500,0.0,0.0
2026-05-19 00:00:00+09:00,2517.0,2517.0,2430.0,2462.0,19200,0.0,0.0
2026-05-20 00:00:00+09:00,2439.0,2445.0,2346.0,2372.0,25900,0.0,0.0
2026-05-21 00:00:00+09:00,2411.0,2465.0,2401.0,2450.0,15200,0.0,0.0
2026-05-22 00:00:00+09:00,2498.0,2538.0,2479.0,2508.0,33400,0.0,0.0
2026-05-25 00:00:00+09:00,2558.0,2586.0,2476.0,2489.0,20700,0.0,0.0
2026-05-26 00:00:00+09:00,2501.0,2552.0,2476.0,2527.0,29700,0.0,0.0
2026-05-27 00:00:00+09:00,2540.0,2570.0,2478.0,2549.0,20900,0.0,0.0
2026-05-28 00:00:00+09:00,2520.0,2543.0,2469.0,2540.0,20200,0.0,0.0
2026-05-29 00:00:00+09:00,2527.0,2696.0,2527.0,2650.0,39500,0.0,0.0
