Date,Open,High,Low,Close,Volume,Dividends,Stock Splits
2002-12-10 00:00:00+09:00,1592.5061319539836,1592.5061319539836,1568.0597658932863,1589.0137939453125,5660000,0.0,0.0
2002-12-11 00:00:00+09:00,1571.551648110545,1589.0133330895512,1571.551648110545,1585.52099609375,780000,0.0,0.0
2002-12-12 00:00:00+09:00,1589.0137939453125,1589.0137939453125,1571.5521039019575,1589.0137939453125,680000,0.0,0.0
2002-12-13 00:00:00+09:00,1589.0136437667045,1592.5059814453127,1571.5519553736638,1592.5059814453125,520000,0.0,0.0
2002-12-16 00:00:00+09:00,1571.5521240234375,1592.5061523437498,1501.705362955729,1571.5521240234375,540000,0.0,0.0
2002-12-17 00:00:00+09:00,1536.6287434895833,1571.5521240234375,1536.6287434895833,1571.5521240234375,180000,0.0,0.0
2002-12-18 00:00:00+09:00,1501.7052834250712,1536.628662109375,1484.2435940829191,1536.628662109375,360000,0.0,0.0
2002-12-19 00:00:00+09:00,1484.2435940829191,1571.552040793679,1435.3508639248935,1536.628662109375,180000,0.0,0.0
2002-12-20 00:00:00+09:00,1501.7051564239978,1568.0595703125,1449.3200928278118,1568.0595703125,140000,0.0,0.0
2002-12-23 00:00:00+09:00,1568.0595703125,1568.0595703125,1568.0595703125,1568.0595703125,0,0.0,0.0
2002-12-24 00:00:00+09:00,1480.751121400983,1554.0902099609375,1480.751121400983,1554.0902099609375,60000,0.0,0.0
2002-12-25 00:00:00+09:00,1484.2437531227288,1505.197782578579,1435.351017725745,1501.7054443359375,160000,0.0,0.0
2002-12-26 00:00:00+09:00,1449.3200862233232,1501.7051495807927,1431.8583984375,1431.8583984375,200000,0.0,0.0
2002-12-27 00:00:00+09:00,1396.9350228658536,1449.3200862233232,1396.9350228658536,1431.8583984375,120000,0.0,0.0
2002-12-30 00:00:00+09:00,1431.8583984375,1431.8583984375,1431.8583984375,1431.8583984375,0,0.0,0.0
2002-12-31 00:00:00+09:00,1431.8583984375,1431.8583984375,1431.8583984375,1431.8583984375,0,0.0,0.0
2003-01-01 00:00:00+09:00,1431.8583984375,1431.8583984375,1431.8583984375,1431.8583984375,0,0.0,0.0
2003-01-02 00:00:00+09:00,1431.8583984375,1431.8583984375,1431.8583984375,1431.8583984375,0,0.0,0.0
2003-01-03 00:00:00+09:00,1431.8583984375,1431.8583984375,1431.8583984375,1431.8583984375,0,0.0,0.0
2003-01-06 00:00:00+09:00,1393.4426513671874,1466.78173828125,1393.4426513671874,1466.78173828125,100000,0.0,0.0
2003-01-07 00:00:00+09:00,1400.427326311384,1466.78173828125,1396.9349888392858,1466.78173828125,140000,0.0,0.0
2003-01-08 00:00:00+09:00,1379.4734715591242,1414.3968505859375,1379.4734715591242,1414.3968505859375,140000,0.0,0.0
2003-01-09 00:00:00+09:00,1396.9350228658536,1431.8583984375,1344.5499595083843,1431.8583984375,160000,0.0,0.0
2003-01-10 00:00:00+09:00,1431.8583984375,1431.8583984375,1431.8583984375,1431.8583984375,0,0.0,0.0
2003-01-13 00:00:00+09:00,1431.8583984375,1431.8583984375,1431.8583984375,1431.8583984375,0,0.0,0.0
2003-01-14 00:00:00+09:00,1396.9350228658536,1431.8583984375,1396.9350228658536,1431.8583984375,40000,0.0,0.0
2003-01-15 00:00:00+09:00,1396.9349365234375,1414.3966232299806,1362.0115631103517,1396.9349365234375,160000,0.0,0.0
2003-01-16 00:00:00+09:00,1396.9350228658536,1431.8583984375,1393.442685308689,1431.8583984375,140000,0.0,0.0
2003-01-17 00:00:00+09:00,1431.8584540644779,1431.8584540644779,1379.473388671875,1379.473388671875,80000,0.0,0.0
2003-01-20 00:00:00+09:00,1379.4732498168946,1396.9349365234375,1375.980912475586,1396.9349365234375,140000,0.0,0.0
2003-01-21 00:00:00+09:00,1379.473388671875,1379.473388671875,1379.473388671875,1379.473388671875,80000,0.0,0.0
2003-01-22 00:00:00+09:00,1344.550011743473,1396.935077136076,1344.550011743473,1379.473388671875,180000,0.0,0.0
2003-01-23 00:00:00+09:00,1292.164794921875,1330.580505041174,1292.164794921875,1292.164794921875,220000,0.0,0.0
2003-01-24 00:00:00+09:00,1239.7799891641696,1327.0884391053082,1239.7799891641696,1274.703369140625,240000,0.0,0.0
2003-01-27 00:00:00+09:00,1274.703369140625,1274.703369140625,1274.703369140625,1274.703369140625,40000,0.0,0.0
2003-01-28 00:00:00+09:00,1274.7031419542102,1274.7031419542102,1187.3947075737847,1257.241455078125,120000,0.0,0.0
2003-01-29 00:00:00+09:00,1257.241455078125,1257.241455078125,1222.3180813259548,1257.241455078125,120000,0.0,0.0
2003-01-30 00:00:00+09:00,1204.8566091877142,1274.703369140625,1204.8566091877142,1274.703369140625,60000,0.0,0.0
2003-01-31 00:00:00+09:00,1292.1648288302952,1292.1648288302952,1204.8563944498699,1257.241455078125,60000,0.0,0.0
2003-02-03 00:00:00+09:00,1222.3180492504223,1292.164794921875,1222.3180492504223,1292.164794921875,100000,0.0,0.0
2003-02-04 00:00:00+09:00,1229.303035714286,1264.2264174107145,1222.318359375,1222.318359375,120000,0.0,0.0
2003-02-05 00:00:00+09:00,1222.318359375,1222.318359375,1222.318359375,1222.318359375,80000,0.0,0.0
2003-02-06 00:00:00+09:00,1222.3180492504223,1292.164794921875,1222.3180492504223,1292.164794921875,120000,0.0,0.0
2003-02-07 00:00:00+09:00,1292.1648288302952,1292.1648288302952,1204.8563944498699,1257.241455078125,140000,0.0,0.0
2003-02-10 00:00:00+09:00,1257.2417410714286,1257.2417410714286,1222.318359375,1222.318359375,40000,0.0,0.0
2003-02-11 00:00:00+09:00,1222.318359375,1222.318359375,1222.318359375,1222.318359375,0,0.0,0.0
2003-02-12 00:00:00+09:00,1222.318091759315,1271.2108154296875,1222.318091759315,1271.2108154296875,40000,0.0,0.0
2003-02-13 00:00:00+09:00,1271.2107712204393,1292.164794921875,1271.2107712204393,1292.164794921875,120000,0.0,0.0
2003-02-14 00:00:00+09:00,1292.165092620415,1292.165092620415,1225.8106689453125,1225.8106689453125,40000,0.0,0.0
2003-02-17 00:00:00+09:00,1222.3181046502439,1222.3181046502439,1208.3487548828125,1208.3487548828125,100000,0.0,0.0
2003-02-18 00:00:00+09:00,1239.7797356682854,1292.164794921875,1239.7797356682854,1292.164794921875,100000,0.0,0.0
2003-02-19 00:00:00+09:00,1327.0881677576015,1327.0881677576015,1292.164794921875,1292.164794921875,100000,0.0,0.0
2003-02-20 00:00:00+09:00,1250.2566341053357,1250.2566341053357,1229.3026123046875,1229.3026123046875,80000,0.0,0.0
2003-02-21 00:00:00+09:00,1229.3026123046875,1229.3026123046875,1229.3026123046875,1229.3026123046875,120000,0.0,0.0
2003-02-24 00:00:00+09:00,1222.318359375,1222.318359375,1222.318359375,1222.318359375,40000,0.0,0.0
2003-02-25 00:00:00+09:00,1257.2417117387822,1257.2417117387822,1225.8106689453125,1225.8106689453125,60000,0.0,0.0
2003-02-26 00:00:00+09:00,1225.8106689453125,1225.8106689453125,1225.8106689453125,1225.8106689453125,40000,0.0,0.0
2003-02-27 00:00:00+09:00,1225.8106689453125,1225.8106689453125,1222.3183308571492,1225.8106689453125,100000,0.0,0.0
2003-02-28 00:00:00+09:00,1225.8106975446428,1225.8106975446428,1222.318359375,1222.318359375,60000,0.0,0.0
2003-03-03 00:00:00+09:00,1225.8106768540933,1239.780029296875,1222.318338743398,1239.780029296875,160000,0.0,0.0
2003-03-04 00:00:00+09:00,1239.780029296875,1239.780029296875,1239.780029296875,1239.780029296875,80000,0.0,0.0
2003-03-05 00:00:00+09:00,1239.780029296875,1239.780029296875,1239.780029296875,1239.780029296875,80000,0.0,0.0
2003-03-06 00:00:00+09:00,1239.780029296875,1239.780029296875,1239.780029296875,1239.780029296875,20000,0.0,0.0
2003-03-07 00:00:00+09:00,1239.780029296875,1239.780029296875,1239.780029296875,1239.780029296875,60000,0.0,0.0
2003-03-10 00:00:00+09:00,1239.780029296875,1239.780029296875,1239.780029296875,1239.780029296875,100000,0.0,0.0
2003-03-11 00:00:00+09:00,1239.7800502232144,1239.7800502232144,1222.318359375,1222.318359375,180000,0.0,0.0
2003-03-12 00:00:00+09:00,1222.3180485867906,1222.3180485867906,1215.3333740234375,1215.3333740234375,80000,0.0,0.0
2003-03-13 00:00:00+09:00,1239.780029296875,1239.780029296875,1239.780029296875,1239.780029296875,20000,0.0,0.0
2003-03-14 00:00:00+09:00,1239.780029296875,1239.780029296875,1239.780029296875,1239.780029296875,20000,0.0,0.0
2003-03-17 00:00:00+09:00,1239.7800502232144,1239.7800502232144,1222.318359375,1222.318359375,60000,0.0,0.0
2003-03-18 00:00:00+09:00,1225.8106975446428,1257.2417410714286,1222.318359375,1222.318359375,180000,0.0,0.0
2003-03-19 00:00:00+09:00,1222.318359375,1222.318359375,1222.318359375,1222.318359375,40000,0.0,0.0
2003-03-20 00:00:00+09:00,1187.3947576992755,1204.8564453125,1187.3947576992755,1204.8564453125,40000,0.0,0.0
2003-03-21 00:00:00+09:00,1204.8564453125,1204.8564453125,1204.8564453125,1204.8564453125,0,0.0,0.0
2003-03-24 00:00:00+09:00,1117.5480936629526,1257.2416053708216,1117.5480936629526,1253.749267578125,140000,0.0,0.0
2003-03-25 00:00:00+09:00,1131.517549579327,1135.0098876953125,1131.517549579327,1135.0098876953125,40000,0.0,0.0
2003-03-26 00:00:00+09:00,1302.47021484375,1302.47021484375,1302.47021484375,1302.47021484375,40000,100.0,0.0
2003-03-27 00:00:00+09:00,1302.47021484375,1302.47021484375,1302.47021484375,1302.47021484375,0,0.0,0.0
2003-03-28 00:00:00+09:00,1302.47021484375,1302.47021484375,1302.47021484375,1302.47021484375,60000,0.0,0.0
2003-03-31 00:00:00+09:00,1302.4701605902776,1339.68359375,1302.4701605902776,1339.68359375,80000,0.0,0.0
2003-04-01 00:00:00+09:00,1228.0433194872357,1321.076904296875,1209.436602525308,1321.076904296875,180000,0.0,0.0
2003-04-02 00:00:00+09:00,1321.076904296875,1321.076904296875,1321.076904296875,1321.076904296875,40000,0.0,0.0
2003-04-03 00:00:00+09:00,1321.0767896247633,1321.0767896247633,1228.043212890625,1228.043212890625,120000,0.0,0.0
2003-04-04 00:00:00+09:00,1209.4364975437973,1228.043212890625,1190.8297821969697,1228.043212890625,200000,0.0,0.0
2003-04-07 00:00:00+09:00,1246.6500244140625,1246.6500244140625,1246.6500244140625,1246.6500244140625,100000,0.0,0.0
2003-04-08 00:00:00+09:00,1157.3379518551567,1228.0434858913238,1157.3379518551567,1164.7806396484375,100000,0.0,0.0
2003-04-09 00:00:00+09:00,1239.2073242187498,1239.2073242187498,1172.22314453125,1172.22314453125,100000,0.0,0.0
2003-04-10 00:00:00+09:00,1172.22314453125,1172.22314453125,1172.22314453125,1172.22314453125,40000,0.0,0.0
2003-04-11 00:00:00+09:00,1157.33769457268,1228.043212890625,1153.6163515033145,1228.043212890625,80000,0.0,0.0
2003-04-14 00:00:00+09:00,1246.6502380371094,1265.2569580078125,1246.6502380371094,1265.2569580078125,40000,0.0,0.0
2003-04-15 00:00:00+09:00,1265.2567411963619,1265.2567411963619,1246.6500244140625,1246.6500244140625,60000,0.0,0.0
2003-04-16 00:00:00+09:00,1246.6499282374527,1246.6499282374527,1228.043212890625,1228.043212890625,40000,0.0,0.0
2003-04-17 00:00:00+09:00,1228.043212890625,1228.043212890625,1228.043212890625,1228.043212890625,20000,0.0,0.0
2003-04-18 00:00:00+09:00,1228.0432662963867,1228.0432662963867,1190.829833984375,1190.829833984375,120000,0.0,0.0
2003-04-21 00:00:00+09:00,1190.8297821969697,1228.043212890625,1190.8297821969697,1228.043212890625,60000,0.0,0.0
2003-04-22 00:00:00+09:00,1228.043212890625,1228.043212890625,1228.043212890625,1228.043212890625,0,0.0,0.0
2003-04-23 00:00:00+09:00,1235.4857177734375,1235.4857177734375,1235.4857177734375,1235.4857177734375,20000,0.0,0.0
2003-04-24 00:00:00+09:00,1228.043212890625,1228.043212890625,1228.043212890625,1228.043212890625,40000,0.0,0.0
2003-04-25 00:00:00+09:00,1228.043212890625,1228.043212890625,1228.043212890625,1228.043212890625,40000,0.0,0.0
2003-04-28 00:00:00+09:00,1228.043212890625,1228.043212890625,1228.043212890625,1228.043212890625,40000,0.0,0.0
2003-04-29 00:00:00+09:00,1228.043212890625,1228.043212890625,1228.043212890625,1228.043212890625,0,0.0,0.0
2003-04-30 00:00:00+09:00,1172.2229736328125,1246.6498291015625,1172.2229736328125,1209.4364013671875,60000,0.0,0.0
2003-05-01 00:00:00+09:00,1228.043212890625,1228.043212890625,1228.043212890625,1228.043212890625,20000,0.0,0.0
2003-05-02 00:00:00+09:00,1261.5355224609375,1261.5355224609375,1261.5355224609375,1261.5355224609375,20000,0.0,0.0
2003-05-05 00:00:00+09:00,1261.5355224609375,1261.5355224609375,1261.5355224609375,1261.5355224609375,0,0.0,0.0
2003-05-06 00:00:00+09:00,1261.5353005149148,1298.74873120857,1228.043212890625,1228.043212890625,80000,0.0,0.0
2003-05-07 00:00:00+09:00,1246.6500244140625,1246.6500244140625,1246.6500244140625,1246.6500244140625,40000,0.0,0.0
2003-05-08 00:00:00+09:00,1257.814178736864,1261.5355224609375,1257.814178736864,1261.5355224609375,40000,0.0,0.0
2003-05-09 00:00:00+09:00,1257.81396484375,1257.81396484375,1228.0432201137205,1257.81396484375,60000,0.0,0.0
2003-05-12 00:00:00+09:00,1265.2567411963619,1265.2567411963619,1246.6500244140625,1246.6500244140625,60000,0.0,0.0
2003-05-13 00:00:00+09:00,1250.3713677705223,1250.3713677705223,1246.6500244140625,1246.6500244140625,60000,0.0,0.0
2003-05-14 00:00:00+09:00,1246.6500244140625,1246.6500244140625,1246.6500244140625,1246.6500244140625,20000,0.0,0.0
2003-05-15 00:00:00+09:00,1246.6500244140625,1246.6500244140625,1246.6500244140625,1246.6500244140625,20000,0.0,0.0
2003-05-16 00:00:00+09:00,1246.6501163301014,1250.3714599609375,1246.6501163301014,1250.3714599609375,40000,0.0,0.0
2003-05-19 00:00:00+09:00,1246.6502061885465,1246.6502061885465,1194.5513916015625,1194.5513916015625,60000,0.0,0.0
2003-05-20 00:00:00+09:00,1194.5513916015625,1194.5513916015625,1194.5513916015625,1194.5513916015625,0,0.0,0.0
2003-05-21 00:00:00+09:00,1201.9939330323728,1242.9287109375,1201.9939330323728,1242.9287109375,40000,0.0,0.0
2003-05-22 00:00:00+09:00,1235.4857177734375,1235.4857177734375,1235.4857177734375,1235.4857177734375,20000,0.0,0.0
2003-05-23 00:00:00+09:00,1246.6498291015625,1246.6498291015625,1209.4364013671875,1209.4364013671875,60000,0.0,0.0
2003-05-26 00:00:00+09:00,1231.7645559599905,1231.7645559599905,1228.043212890625,1228.043212890625,40000,0.0,0.0
2003-05-27 00:00:00+09:00,1231.764650988223,1246.6500244140625,1231.764650988223,1246.6500244140625,60000,0.0,0.0
2003-05-28 00:00:00+09:00,1246.6498291015625,1246.6498291015625,1209.4364013671875,1209.4364013671875,80000,0.0,0.0
2003-05-29 00:00:00+09:00,1213.158111096914,1213.158111096914,1194.5513916015625,1194.5513916015625,40000,0.0,0.0
2003-05-30 00:00:00+09:00,1201.993896484375,1201.993896484375,1201.993896484375,1201.993896484375,20000,0.0,0.0
2003-06-02 00:00:00+09:00,1187.1084391276042,1228.043212890625,1172.223066850142,1228.043212890625,120000,0.0,0.0
2003-06-03 00:00:00+09:00,1220.6007080078125,1220.6007080078125,1220.6007080078125,1220.6007080078125,20000,0.0,0.0
2003-06-04 00:00:00+09:00,1228.0433327142446,1228.0433327142446,1194.5512418220378,1213.157958984375,80000,0.0,0.0
2003-06-05 00:00:00+09:00,1213.158111096914,1213.158111096914,1194.5513916015625,1194.5513916015625,80000,0.0,0.0
2003-06-06 00:00:00+09:00,1194.5513916015625,1194.5513916015625,1194.5513916015625,1194.5513916015625,20000,0.0,0.0
2003-06-09 00:00:00+09:00,1209.4364013671875,1228.043115234375,1209.4364013671875,1209.4364013671875,100000,0.0,0.0
2003-06-10 00:00:00+09:00,1213.158232807751,1224.322265625,1213.158232807751,1224.322265625,80000,0.0,0.0
2003-06-11 00:00:00+09:00,1235.4859322212837,1239.207275390625,1216.8792163745777,1239.207275390625,120000,0.0,0.0
2003-06-12 00:00:00+09:00,1228.0435484917864,1231.764892578125,1228.0435484917864,1231.764892578125,40000,0.0,0.0
2003-06-13 00:00:00+09:00,1242.9286810576025,1246.6500244140625,1242.9286810576025,1246.6500244140625,60000,0.0,0.0
2003-06-16 00:00:00+09:00,1265.256834484282,1265.256834484282,1250.3714599609375,1250.3714599609375,60000,0.0,0.0
2003-06-17 00:00:00+09:00,1265.2567248397997,1324.7982177734375,1250.3713516063904,1324.7982177734375,80000,0.0,0.0
2003-06-18 00:00:00+09:00,1324.7982476892605,1324.7982476892605,1321.076904296875,1321.076904296875,40000,0.0,0.0
2003-06-19 00:00:00+09:00,1317.3556191518178,1317.3556191518178,1298.7489013671875,1298.7489013671875,40000,0.0,0.0
2003-06-20 00:00:00+09:00,1317.3557426120924,1317.3557426120924,1283.8636474609375,1283.8636474609375,60000,0.0,0.0
2003-06-23 00:00:00+09:00,1295.027500550176,1321.076904296875,1295.027500550176,1321.076904296875,60000,0.0,0.0
2003-06-24 00:00:00+09:00,1324.7982177734375,1324.7982177734375,1324.7982177734375,1324.7982177734375,240000,0.0,0.0
2003-06-25 00:00:00+09:00,1343.4049102365154,1358.290283203125,1328.5195372699059,1358.290283203125,60000,0.0,0.0
2003-06-26 00:00:00+09:00,1365.732892166941,1421.5530376233553,1365.732892166941,1414.1103515625,100000,0.0,0.0
2003-06-27 00:00:00+09:00,1410.3891921118293,1421.55322265625,1410.3891921118293,1421.55322265625,700000,0.0,0.0
2003-06-30 00:00:00+09:00,1421.55322265625,1421.55322265625,1421.55322265625,1421.55322265625,20000,0.0,0.0
2003-07-01 00:00:00+09:00,1421.55322265625,1425.274566171057,1421.55322265625,1421.55322265625,120000,0.0,0.0
2003-07-02 00:00:00+09:00,1451.3237558340097,1451.3237558340097,1432.717041015625,1432.717041015625,60000,0.0,0.0
2003-07-03 00:00:00+09:00,1451.3238262707673,1469.9305419921875,1440.1597968379153,1469.9305419921875,160000,0.0,0.0
2003-07-04 00:00:00+09:00,1469.930516052246,1488.5372314453125,1469.930516052246,1488.5372314453125,40000,0.0,0.0
2003-07-07 00:00:00+09:00,1488.5372314453125,1488.5372314453125,1488.5372314453125,1488.5372314453125,40000,0.0,0.0
2003-07-08 00:00:00+09:00,1488.5372314453125,1488.5372314453125,1488.5372314453125,1488.5372314453125,40000,0.0,0.0
2003-07-09 00:00:00+09:00,1488.5372314453125,1488.5372314453125,1488.5372314453125,1488.5372314453125,40000,0.0,0.0
2003-07-10 00:00:00+09:00,1488.5372314453125,1488.5372314453125,1488.5372314453125,1488.5372314453125,40000,0.0,0.0
2003-07-11 00:00:00+09:00,1488.5370510727612,1495.979736328125,1458.766310051306,1495.979736328125,80000,0.0,0.0
2003-07-14 00:00:00+09:00,1477.3730520500508,1492.2584228515625,1477.3730520500508,1492.2584228515625,100000,0.0,0.0
2003-07-15 00:00:00+09:00,1488.5372314453125,1488.5372314453125,1488.5372314453125,1488.5372314453125,20000,0.0,0.0
2003-07-16 00:00:00+09:00,1488.5374190167684,1525.7508544921875,1488.5374190167684,1525.7508544921875,60000,0.0,0.0
2003-07-17 00:00:00+09:00,1525.7508544921875,1525.7508544921875,1525.7508544921875,1525.7508544921875,60000,0.0,0.0
2003-07-18 00:00:00+09:00,1488.5374190167684,1525.7508544921875,1488.5374190167684,1525.7508544921875,80000,0.0,0.0
2003-07-21 00:00:00+09:00,1525.7508544921875,1525.7508544921875,1525.7508544921875,1525.7508544921875,0,0.0,0.0
2003-07-22 00:00:00+09:00,1488.5372314453125,1488.5372314453125,1488.5372314453125,1488.5372314453125,60000,0.0,0.0
2003-07-23 00:00:00+09:00,1488.5372314453125,1488.5372314453125,1488.5372314453125,1488.5372314453125,40000,0.0,0.0
2003-07-24 00:00:00+09:00,1488.5372314453125,1488.5372314453125,1469.930516052246,1488.5372314453125,100000,0.0,0.0
2003-07-25 00:00:00+09:00,1488.537753756394,1488.537753756394,1451.324309912484,1455.045654296875,120000,0.0,0.0
2003-07-28 00:00:00+09:00,1455.0451437377928,1488.5372314453125,1432.7170852661131,1488.5372314453125,120000,0.0,0.0
2003-07-29 00:00:00+09:00,1484.8158883666993,1488.5372314453125,1443.881114501953,1488.5372314453125,620000,0.0,0.0
2003-07-30 00:00:00+09:00,1484.8160400390625,1488.537383497807,1440.1599185341283,1484.8160400390625,160000,0.0,0.0
2003-07-31 00:00:00+09:00,1466.2093505859375,1466.2093505859375,1466.2093505859375,1466.2093505859375,100000,0.0,0.0
2003-08-01 00:00:00+09:00,1451.3239764683137,1484.8160682329672,1451.3239764683137,1466.2093505859375,100000,0.0,0.0
2003-08-04 00:00:00+09:00,1458.7667236328125,1458.7667236328125,1458.7667236328125,1458.7667236328125,20000,0.0,0.0
2003-08-05 00:00:00+09:00,1484.8160987446327,1484.8160987446327,1458.7666935034988,1462.488037109375,80000,0.0,0.0
2003-08-06 00:00:00+09:00,1458.7667236328125,1458.7667236328125,1458.7667236328125,1458.7667236328125,40000,0.0,0.0
2003-08-07 00:00:00+09:00,1458.766635827851,1484.8160400390625,1458.766635827851,1484.8160400390625,60000,0.0,0.0
2003-08-08 00:00:00+09:00,1484.8160400390625,1484.8160400390625,1484.8160400390625,1484.8160400390625,80000,0.0,0.0
2003-08-11 00:00:00+09:00,1447.6025390625,1447.6025390625,1447.6025390625,1447.6025390625,20000,0.0,0.0
2003-08-12 00:00:00+09:00,1451.3239489103619,1484.8160400390625,1451.3239489103619,1484.8160400390625,220000,0.0,0.0
2003-08-13 00:00:00+09:00,1484.8160400390625,1484.8160400390625,1484.8160400390625,1484.8160400390625,20000,0.0,0.0
2003-08-14 00:00:00+09:00,1477.3733531215735,1484.8160400390625,1451.3239489103619,1484.8160400390625,340000,0.0,0.0
2003-08-15 00:00:00+09:00,1484.8160400390625,1484.8160400390625,1484.8160400390625,1484.8160400390625,160000,0.0,0.0
2003-08-18 00:00:00+09:00,1484.8160400390625,1484.8160400390625,1484.8160400390625,1484.8160400390625,20000,0.0,0.0
2003-08-19 00:00:00+09:00,1484.8160400390625,1488.537383497807,1484.8160400390625,1484.8160400390625,180000,0.0,0.0
2003-08-20 00:00:00+09:00,1484.8158883666993,1488.5372314453125,1466.2091729736328,1488.5372314453125,260000,0.0,0.0
2003-08-21 00:00:00+09:00,1484.8160400390625,1484.8160400390625,1484.8160400390625,1484.8160400390625,340000,0.0,0.0
2003-08-22 00:00:00+09:00,1484.8159145693235,1484.8159145693235,1469.9305419921875,1469.9305419921875,80000,0.0,0.0
2003-08-25 00:00:00+09:00,1473.6519775390625,1473.6519775390625,1473.6519775390625,1473.6519775390625,20000,0.0,0.0
2003-08-26 00:00:00+09:00,1473.65237621883,1473.65237621883,1455.045654296875,1455.045654296875,120000,0.0,0.0
2003-08-27 00:00:00+09:00,1473.6521609512406,1481.0948486328125,1473.6521609512406,1481.0948486328125,40000,0.0,0.0
2003-08-28 00:00:00+09:00,1481.0948486328125,1481.0948486328125,1481.0948486328125,1481.0948486328125,0,0.0,0.0
2003-08-29 00:00:00+09:00,1481.0945714250395,1481.0945714250395,1469.9305419921875,1469.9305419921875,60000,0.0,0.0
2003-09-01 00:00:00+09:00,1469.9305419921875,1469.9305419921875,1469.9305419921875,1469.9305419921875,120000,0.0,0.0
2003-09-02 00:00:00+09:00,1469.9306941153434,1469.9306941153434,1466.2093505859375,1466.2093505859375,40000,0.0,0.0
2003-09-03 00:00:00+09:00,1455.045654296875,1455.045654296875,1451.324309912484,1455.045654296875,100000,0.0,0.0
2003-09-04 00:00:00+09:00,1455.045654296875,1455.045654296875,1455.045654296875,1455.045654296875,300000,0.0,0.0
2003-09-05 00:00:00+09:00,1455.0454417473109,1481.0948486328125,1455.0454417473109,1481.0948486328125,80000,0.0,0.0
2003-09-08 00:00:00+09:00,1481.094545288086,1488.5372314453125,1481.094545288086,1488.5372314453125,80000,0.0,0.0
2003-09-09 00:00:00+09:00,1488.5372577136075,1488.5372577136075,1469.9305419921875,1469.9305419921875,140000,0.0,0.0
2003-09-10 00:00:00+09:00,1466.20932274534,1488.537383497807,1462.4879792865954,1484.8160400390625,340000,0.0,0.0
2003-09-11 00:00:00+09:00,1469.9305419921875,1469.9305419921875,1458.7665125593355,1469.9305419921875,100000,0.0,0.0
2003-09-12 00:00:00+09:00,1469.9305419921875,1469.9305419921875,1469.9305419921875,1469.9305419921875,80000,0.0,0.0
2003-09-15 00:00:00+09:00,1469.9305419921875,1469.9305419921875,1469.9305419921875,1469.9305419921875,0,0.0,0.0
2003-09-16 00:00:00+09:00,1469.9305419921875,1469.9305419921875,1469.9305419921875,1469.9305419921875,100000,0.0,0.0
2003-09-17 00:00:00+09:00,1466.2092907838148,1473.6519775390625,1466.2092907838148,1473.6519775390625,60000,0.0,0.0
2003-09-18 00:00:00+09:00,1466.2091988479035,1484.8159145693235,1466.2091988479035,1469.9305419921875,80000,0.0,0.0
2003-09-19 00:00:00+09:00,1469.9306941153434,1484.8160682329672,1466.2093505859375,1466.2093505859375,180000,0.0,0.0
2003-09-22 00:00:00+09:00,1473.6519775390625,1473.6519775390625,1469.9306341614385,1473.6519775390625,80000,0.0,0.0
2003-09-23 00:00:00+09:00,1473.6519775390625,1473.6519775390625,1473.6519775390625,1473.6519775390625,0,0.0,0.0
2003-09-24 00:00:00+09:00,1484.8160771908967,1540.63623046875,1484.8160771908967,1540.63623046875,240000,0.0,0.0
2003-09-25 00:00:00+09:00,1391.782423231337,1473.6519775390625,1384.339736476089,1473.6519775390625,300000,0.0,0.0
2003-09-26 00:00:00+09:00,1469.9305419921875,1469.9305419921875,1469.9305419921875,1469.9305419921875,20000,0.0,0.0
2003-09-29 00:00:00+09:00,1432.7173774914863,1462.488128192608,1432.7173774914863,1451.3240966796875,100000,0.0,0.0
2003-09-30 00:00:00+09:00,1466.2091988479035,1469.9305419921875,1466.2091988479035,1469.9305419921875,80000,0.0,0.0
2003-10-01 00:00:00+09:00,1469.9305419921875,1469.9305419921875,1469.9305419921875,1469.9305419921875,40000,0.0,0.0
2003-10-02 00:00:00+09:00,1462.488037109375,1462.488037109375,1462.488037109375,1462.488037109375,40000,0.0,0.0
2003-10-03 00:00:00+09:00,1462.488037109375,1462.488037109375,1462.488037109375,1462.488037109375,20000,0.0,0.0
2003-10-06 00:00:00+09:00,1469.930754681023,1469.930754681023,1458.7667236328125,1458.7667236328125,40000,0.0,0.0
2003-10-07 00:00:00+09:00,1469.9307842402495,1469.9307842402495,1440.1600341796875,1440.1600341796875,60000,0.0,0.0
2003-10-08 00:00:00+09:00,1462.488128192608,1462.488128192608,1451.3240966796875,1451.3240966796875,80000,0.0,0.0
2003-10-09 00:00:00+09:00,1451.3240966796875,1451.3240966796875,1451.3240966796875,1451.3240966796875,20000,0.0,0.0
2003-10-10 00:00:00+09:00,1458.7666635271257,1466.2093505859375,1458.7666635271257,1466.2093505859375,40000,0.0,0.0
2003-10-13 00:00:00+09:00,1466.2093505859375,1466.2093505859375,1466.2093505859375,1466.2093505859375,0,0.0,0.0
2003-10-14 00:00:00+09:00,1469.9304706523944,1488.5371854707791,1432.717041015625,1432.717041015625,140000,0.0,0.0
2003-10-15 00:00:00+09:00,1432.7171105493474,1481.0945714250395,1432.7171105493474,1469.9305419921875,80000,0.0,0.0
2003-10-16 00:00:00+09:00,1484.8160400390625,1488.537383497807,1484.8160400390625,1484.8160400390625,80000,0.0,0.0
2003-10-17 00:00:00+09:00,1484.8161924735984,1484.8161924735984,1481.0948486328125,1481.0948486328125,40000,0.0,0.0
2003-10-20 00:00:00+09:00,1481.0948486328125,1481.0948486328125,1481.0948486328125,1481.0948486328125,80000,0.0,0.0
2003-10-21 00:00:00+09:00,1451.3238006591796,1488.5372314453125,1451.3238006591796,1488.5372314453125,200000,0.0,0.0
2003-10-22 00:00:00+09:00,1488.5372314453125,1488.5372314453125,1451.3238006591796,1488.5372314453125,100000,0.0,0.0
2003-10-23 00:00:00+09:00,1440.1600651667668,1481.0948473808091,1436.4387213291266,1451.3240966796875,160000,0.0,0.0
2003-10-24 00:00:00+09:00,1432.7173774914863,1451.3240966796875,1432.7173774914863,1451.3240966796875,80000,0.0,0.0
2003-10-27 00:00:00+09:00,1481.0948486328125,1481.0948486328125,1481.0948486328125,1481.0948486328125,20000,0.0,0.0
2003-10-28 00:00:00+09:00,1481.0944995434252,1484.8158425071022,1432.717041015625,1432.717041015625,120000,0.0,0.0
2003-10-29 00:00:00+09:00,1432.7172003851997,1473.6519775390625,1432.7172003851997,1473.6519775390625,100000,0.0,0.0
2003-10-30 00:00:00+09:00,1477.3733209166865,1477.3733209166865,1473.6519775390625,1473.6519775390625,60000,0.0,0.0
2003-10-31 00:00:00+09:00,1481.0948486328125,1488.5375363143844,1481.0948486328125,1481.0948486328125,200000,0.0,0.0
2003-11-03 00:00:00+09:00,1481.0948486328125,1481.0948486328125,1481.0948486328125,1481.0948486328125,0,0.0,0.0
2003-11-04 00:00:00+09:00,1481.0948486328125,1481.0948486328125,1481.0948486328125,1481.0948486328125,40000,0.0,0.0
2003-11-05 00:00:00+09:00,1477.373291015625,1477.373291015625,1469.9306044110124,1477.373291015625,80000,0.0,0.0
2003-11-06 00:00:00+09:00,1481.0948486328125,1481.0948486328125,1481.0948486328125,1481.0948486328125,40000,0.0,0.0
2003-11-07 00:00:00+09:00,1477.3733209166865,1477.3733209166865,1473.6519775390625,1473.6519775390625,60000,0.0,0.0
2003-11-10 00:00:00+09:00,1477.373291015625,1477.373291015625,1477.373291015625,1477.373291015625,60000,0.0,0.0
2003-11-11 00:00:00+09:00,1473.6518851364715,1477.3732282807555,1462.4878557036195,1469.9305419921875,80000,0.0,0.0
2003-11-12 00:00:00+09:00,1469.9305419921875,1469.9305419921875,1469.9305419921875,1469.9305419921875,40000,0.0,0.0
2003-11-13 00:00:00+09:00,1462.4878557036195,1469.9305419921875,1462.4878557036195,1469.9305419921875,60000,0.0,0.0
2003-11-14 00:00:00+09:00,1469.9305419921875,1469.9305419921875,1469.9305419921875,1469.9305419921875,40000,0.0,0.0
2003-11-17 00:00:00+09:00,1469.9308158678884,1469.9308158678884,1451.3240966796875,1451.3240966796875,60000,0.0,0.0
2003-11-18 00:00:00+09:00,1469.9305419921875,1469.9305419921875,1469.9305419921875,1469.9305419921875,80000,0.0,0.0
2003-11-19 00:00:00+09:00,1466.2093505859375,1466.2093505859375,1466.2093505859375,1466.2093505859375,20000,0.0,0.0
2003-11-20 00:00:00+09:00,1455.0453498976224,1462.488037109375,1432.7172882623647,1462.488037109375,140000,0.0,0.0
2003-11-21 00:00:00+09:00,1414.1108660685743,1455.045654296875,1414.1108660685743,1455.045654296875,80000,0.0,0.0
2003-11-24 00:00:00+09:00,1455.045654296875,1455.045654296875,1455.045654296875,1455.045654296875,0,0.0,0.0
2003-11-25 00:00:00+09:00,1455.045654296875,1455.045654296875,1455.045654296875,1455.045654296875,40000,0.0,0.0
2003-11-26 00:00:00+09:00,1462.488037109375,1462.488037109375,1417.8319138388597,1462.488037109375,80000,0.0,0.0
2003-11-27 00:00:00+09:00,1462.488037109375,1462.488037109375,1462.488037109375,1462.488037109375,0,0.0,0.0
2003-11-28 00:00:00+09:00,1469.9305419921875,1469.9305419921875,1469.9305419921875,1469.9305419921875,100000,0.0,0.0
2003-12-01 00:00:00+09:00,1432.7171105493474,1469.9305419921875,1432.7171105493474,1469.9305419921875,80000,0.0,0.0
2003-12-02 00:00:00+09:00,1466.2093505859375,1466.2093505859375,1466.2093505859375,1466.2093505859375,20000,0.0,0.0
2003-12-03 00:00:00+09:00,1469.9306044110124,1477.373291015625,1466.209261108706,1477.373291015625,80000,0.0,0.0
2003-12-04 00:00:00+09:00,1477.373291015625,1477.373291015625,1477.373291015625,1477.373291015625,0,0.0,0.0
2003-12-05 00:00:00+09:00,1477.373291015625,1477.373291015625,1477.373291015625,1477.373291015625,60000,0.0,0.0
2003-12-08 00:00:00+09:00,1477.373291015625,1477.373291015625,1477.373291015625,1477.373291015625,20000,0.0,0.0
2003-12-09 00:00:00+09:00,1477.373291015625,1477.373291015625,1477.373291015625,1477.373291015625,40000,0.0,0.0
2003-12-10 00:00:00+09:00,1477.373291015625,1477.373291015625,1477.373291015625,1477.373291015625,60000,0.0,0.0
2003-12-11 00:00:00+09:00,1469.9305419921875,1469.9305419921875,1469.9305419921875,1469.9305419921875,20000,0.0,0.0
2003-12-12 00:00:00+09:00,1481.0948486328125,1481.0948486328125,1481.0948486328125,1481.0948486328125,60000,0.0,0.0
2003-12-15 00:00:00+09:00,1481.0948486328125,1481.0948486328125,1481.0948486328125,1481.0948486328125,0,0.0,0.0
2003-12-16 00:00:00+09:00,1477.373416100019,1507.1441650390625,1451.3240107783563,1507.1441650390625,180000,0.0,0.0
2003-12-17 00:00:00+09:00,1455.045654296875,1455.045654296875,1455.045654296875,1455.045654296875,20000,0.0,0.0
2003-12-18 00:00:00+09:00,1455.045654296875,1455.045654296875,1455.045654296875,1455.045654296875,20000,0.0,0.0
2003-12-19 00:00:00+09:00,1473.6519775390625,1473.6519775390625,1473.6519775390625,1473.6519775390625,40000,0.0,0.0
2003-12-22 00:00:00+09:00,1469.931031834439,1469.931031834439,1455.045654296875,1455.045654296875,120000,0.0,0.0
2003-12-23 00:00:00+09:00,1455.045654296875,1455.045654296875,1455.045654296875,1455.045654296875,0,0.0,0.0
2003-12-24 00:00:00+09:00,1481.0948473808091,1481.0948473808091,1451.3240966796875,1451.3240966796875,60000,0.0,0.0
2003-12-25 00:00:00+09:00,1484.8159145693235,1484.8159145693235,1469.9305419921875,1469.9305419921875,60000,0.0,0.0
2003-12-26 00:00:00+09:00,1469.9306044110124,1477.373291015625,1469.9306044110124,1477.373291015625,40000,0.0,0.0
2003-12-29 00:00:00+09:00,1477.3733531215735,1484.8160400390625,1455.0452923691064,1484.8160400390625,60000,0.0,0.0
2003-12-30 00:00:00+09:00,1484.8160400390625,1484.8160400390625,1484.8160400390625,1484.8160400390625,20000,0.0,0.0
2003-12-31 00:00:00+09:00,1484.8160400390625,1484.8160400390625,1484.8160400390625,1484.8160400390625,0,0.0,0.0
2004-01-01 00:00:00+09:00,1484.8160400390625,1484.8160400390625,1484.8160400390625,1484.8160400390625,0,0.0,0.0
2004-01-02 00:00:00+09:00,1484.8160400390625,1484.8160400390625,1484.8160400390625,1484.8160400390625,0,0.0,0.0
2004-01-05 00:00:00+09:00,1507.144136754478,1525.7508544921875,1507.144136754478,1525.7508544921875,40000,0.0,0.0
2004-01-06 00:00:00+09:00,1525.7508544921875,1525.7508544921875,1525.7508544921875,1525.7508544921875,0,0.0,0.0
2004-01-07 00:00:00+09:00,1495.979736328125,1495.979736328125,1495.979736328125,1495.979736328125,20000,0.0,0.0
2004-01-08 00:00:00+09:00,1525.7508544921875,1525.7508544921875,1525.7508544921875,1525.7508544921875,20000,0.0,0.0
2004-01-09 00:00:00+09:00,1488.5374469521603,1507.1441650390625,1488.5374469521603,1507.1441650390625,100000,0.0,0.0
2004-01-12 00:00:00+09:00,1507.1441650390625,1507.1441650390625,1507.1441650390625,1507.1441650390625,0,0.0,0.0
2004-01-13 00:00:00+09:00,1507.1441650390625,1507.1441650390625,1507.1441650390625,1507.1441650390625,40000,0.0,0.0
2004-01-14 00:00:00+09:00,1507.1441650390625,1507.1441650390625,1507.1441650390625,1507.1441650390625,20000,0.0,0.0
2004-01-15 00:00:00+09:00,1507.1439247784228,1522.029296875,1507.1439247784228,1522.029296875,40000,0.0,0.0
2004-01-16 00:00:00+09:00,1522.029296875,1522.029296875,1522.029296875,1522.029296875,0,0.0,0.0
2004-01-19 00:00:00+09:00,1525.7507649345491,1536.914794921875,1525.7507649345491,1536.914794921875,40000,0.0,0.0
2004-01-20 00:00:00+09:00,1536.914794921875,1536.914794921875,1536.914794921875,1536.914794921875,0,0.0,0.0
2004-01-21 00:00:00+09:00,1525.7508544921875,1525.7508544921875,1522.0295109446456,1525.7508544921875,100000,0.0,0.0
2004-01-22 00:00:00+09:00,1544.3573957170759,1562.964111328125,1544.3573957170759,1562.964111328125,60000,0.0,0.0
2004-01-23 00:00:00+09:00,1562.964111328125,1562.964111328125,1562.964111328125,1562.964111328125,0,0.0,0.0
2004-01-26 00:00:00+09:00,1562.9643839815237,1562.9643839815237,1529.4722900390625,1529.4722900390625,80000,0.0,0.0
2004-01-27 00:00:00+09:00,1529.4722900390625,1562.9643839815237,1529.4722900390625,1529.4722900390625,100000,0.0,0.0
2004-01-28 00:00:00+09:00,1529.4722900390625,1529.4722900390625,1529.4722900390625,1529.4722900390625,0,0.0,0.0
2004-01-29 00:00:00+09:00,1536.914794921875,1536.914794921875,1536.914794921875,1536.914794921875,20000,0.0,0.0
2004-01-30 00:00:00+09:00,1536.9148851348134,1536.9148851348134,1525.7508544921875,1525.7508544921875,180000,0.0,0.0
2004-02-02 00:00:00+09:00,1525.7506801060267,1562.964111328125,1525.7506801060267,1562.964111328125,40000,0.0,0.0
2004-02-03 00:00:00+09:00,1562.964111328125,1562.964111328125,1562.964111328125,1562.964111328125,0,0.0,0.0
2004-02-04 00:00:00+09:00,1562.9643281523165,1596.4564208984375,1562.9643281523165,1596.4564208984375,100000,0.0,0.0
2004-02-05 00:00:00+09:00,1562.9645406788793,1562.9645406788793,1510.86572265625,1510.86572265625,80000,0.0,0.0
2004-02-06 00:00:00+09:00,1488.5372314453125,1488.5372314453125,1488.5372314453125,1488.5372314453125,60000,0.0,0.0
2004-02-09 00:00:00+09:00,1492.258851447328,1514.5869140625,1492.258851447328,1514.5869140625,40000,0.0,0.0
2004-02-10 00:00:00+09:00,1525.7508544921875,1525.7508544921875,1525.7508544921875,1525.7508544921875,80000,0.0,0.0
2004-02-11 00:00:00+09:00,1525.7508544921875,1525.7508544921875,1525.7508544921875,1525.7508544921875,0,0.0,0.0
2004-02-12 00:00:00+09:00,1562.964111328125,1562.964111328125,1562.964111328125,1562.964111328125,20000,0.0,0.0
2004-02-13 00:00:00+09:00,1559.24267136907,1562.9640142601656,1540.6359569135918,1544.3572998046875,80000,0.0,0.0
2004-02-16 00:00:00+09:00,1514.5869140625,1514.5869140625,1514.5869140625,1514.5869140625,80000,0.0,0.0
2004-02-17 00:00:00+09:00,1514.5869140625,1514.5869140625,1514.5869140625,1514.5869140625,0,0.0,0.0
2004-02-18 00:00:00+09:00,1514.5869140625,1514.5869140625,1514.5869140625,1514.5869140625,0,0.0,0.0
2004-02-19 00:00:00+09:00,1507.1441650390625,1507.1441650390625,1507.1441650390625,1507.1441650390625,20000,0.0,0.0
2004-02-20 00:00:00+09:00,1507.1441650390625,1507.1441650390625,1507.1441650390625,1507.1441650390625,0,0.0,0.0
2004-02-23 00:00:00+09:00,1525.7505071549642,1525.7505071549642,1492.2584228515625,1492.2584228515625,60000,0.0,0.0
2004-02-24 00:00:00+09:00,1492.2584228515625,1492.2584228515625,1492.2584228515625,1492.2584228515625,20000,0.0,0.0
2004-02-25 00:00:00+09:00,1492.2584228515625,1492.2584228515625,1492.2584228515625,1492.2584228515625,0,0.0,0.0
2004-02-26 00:00:00+09:00,1525.7508544921875,1525.7508544921875,1525.7508544921875,1525.7508544921875,20000,0.0,0.0
2004-02-27 00:00:00+09:00,1525.7508831259645,1525.7508831259645,1507.1441650390625,1507.1441650390625,40000,0.0,0.0
2004-03-01 00:00:00+09:00,1533.1935415872715,1533.1935415872715,1525.7508544921875,1525.7508544921875,120000,0.0,0.0
2004-03-02 00:00:00+09:00,1525.7508544921875,1525.7508544921875,1525.7508544921875,1525.7508544921875,20000,0.0,0.0
2004-03-03 00:00:00+09:00,1525.7508544921875,1525.7508544921875,1525.7508544921875,1525.7508544921875,20000,0.0,0.0
2004-03-04 00:00:00+09:00,1525.7508544921875,1525.7508544921875,1525.7508544921875,1525.7508544921875,0,0.0,0.0
2004-03-05 00:00:00+09:00,1544.3573957170759,1562.964111328125,1544.3573957170759,1562.964111328125,100000,0.0,0.0
2004-03-08 00:00:00+09:00,1585.292170061384,1585.292170061384,1562.964111328125,1562.964111328125,60000,0.0,0.0
2004-03-09 00:00:00+09:00,1600.1776788884945,1637.39111328125,1600.1776788884945,1637.39111328125,80000,0.0,0.0
2004-03-10 00:00:00+09:00,1600.1778269800645,1618.7845458984375,1600.1778269800645,1618.7845458984375,40000,0.0,0.0
2004-03-11 00:00:00+09:00,1637.39111328125,1637.39111328125,1637.39111328125,1637.39111328125,60000,0.0,0.0
2004-03-12 00:00:00+09:00,1637.39111328125,1637.39111328125,1637.39111328125,1637.39111328125,40000,0.0,0.0
2004-03-15 00:00:00+09:00,1655.997802734375,1655.997802734375,1655.997802734375,1655.997802734375,80000,0.0,0.0
2004-03-16 00:00:00+09:00,1659.7193030315898,1711.818115234375,1659.7193030315898,1711.818115234375,180000,0.0,0.0
2004-03-17 00:00:00+09:00,1804.8515275133204,1804.8515275133204,1749.031377177857,1778.8021240234375,180000,0.0,0.0
2004-03-18 00:00:00+09:00,1685.7684326171875,1685.7684326171875,1685.7684326171875,1685.7684326171875,20000,0.0,0.0
2004-03-19 00:00:00+09:00,1659.7192082415759,1663.4405517578125,1659.7192082415759,1663.4405517578125,40000,0.0,0.0
2004-03-22 00:00:00+09:00,1663.4407047526042,1674.6047363281252,1637.3912977430557,1674.604736328125,60000,0.0,0.0
2004-03-23 00:00:00+09:00,1644.8339826716933,1644.8339826716933,1589.0138248887172,1600.1778564453125,60000,0.0,0.0
2004-03-24 00:00:00+09:00,1637.3908154953756,1659.7188720703125,1633.669472732886,1659.7188720703125,80000,0.0,0.0
2004-03-25 00:00:00+09:00,1629.948576393924,1629.948576393924,1603.8991699218748,1603.899169921875,60000,0.0,0.0
2004-03-26 00:00:00+09:00,1638.1867377387152,1714.3814697265625,1638.1867377387152,1714.3814697265625,60000,50.0,0.0
2004-03-29 00:00:00+09:00,1714.3814697265625,1714.3814697265625,1714.3814697265625,1714.3814697265625,20000,0.0,0.0
2004-03-30 00:00:00+09:00,1676.2841037326389,1714.3814697265625,1676.2841037326389,1714.3814697265625,60000,0.0,0.0
2004-03-31 00:00:00+09:00,1676.2841796875,1676.2841796875,1676.2841796875,1676.2841796875,40000,0.0,0.0
2004-04-01 00:00:00+09:00,1695.332763671875,1714.381446409761,1676.2840809339887,1695.332763671875,100000,0.0,0.0
2004-04-02 00:00:00+09:00,1752.4789683024087,1847.722390492757,1752.4789683024087,1828.6737060546875,320000,0.0,0.0
2004-04-05 00:00:00+09:00,1904.867733226103,1904.867733226103,1832.4827593635111,1878.1995849609375,560000,0.0,0.0
2004-04-06 00:00:00+09:00,1847.7220939473902,1847.7220939473902,1790.5760498046875,1790.5760498046875,200000,0.0,0.0
2004-04-07 00:00:00+09:00,1771.5275422819368,1771.5275422819368,1733.43017578125,1733.43017578125,260000,0.0,0.0
2004-04-08 00:00:00+09:00,1828.6733446782177,1923.916748046875,1802.0051917349938,1923.916748046875,1100000,0.0,0.0
2004-04-09 00:00:00+09:00,1901.058333449354,1904.8680695885312,1870.5804443359375,1870.5804443359375,360000,0.0,0.0
2004-04-12 00:00:00+09:00,1744.8594736842103,1809.625,1722.001052631579,1809.625,1020000,0.0,0.0
2004-04-13 00:00:00+09:00,1847.7217973518777,1851.5315330165208,1752.4784057358015,1794.385498046875,400000,0.0,0.0
2004-04-14 00:00:00+09:00,1786.7666211944265,1847.722412109375,1760.0984626691366,1847.722412109375,660000,0.0,0.0
2004-04-15 00:00:00+09:00,1923.9169211874203,1962.0142859634086,1847.722191635443,1866.7708740234375,500000,0.0,0.0
2004-04-16 00:00:00+09:00,1874.3905487060545,1878.2002855936685,1828.6737060546873,1828.6737060546875,140000,0.0,0.0
2004-04-19 00:00:00+09:00,1893.439261367946,1962.0145263671875,1870.5808397015323,1962.0145263671875,980000,0.0,0.0
2004-04-20 00:00:00+09:00,2000.1117706298828,2015.3507174537297,1908.6780896868024,1920.1072998046875,340000,0.0,0.0
2004-04-21 00:00:00+09:00,1897.2489345703125,1916.2976186523438,1847.7223559570314,1904.868408203125,140000,0.0,0.0
2004-04-22 00:00:00+09:00,1901.0586604916953,1904.868397286268,1874.3905029296875,1874.3905029296875,60000,0.0,0.0
2004-04-23 00:00:00+09:00,1836.2928809804364,1866.7707711211906,1821.0539359100594,1843.912353515625,220000,0.0,0.0
2004-04-26 00:00:00+09:00,1840.102894736842,1840.102894736842,1798.195789473684,1809.625,160000,0.0,0.0
2004-04-27 00:00:00+09:00,1794.385498046875,1794.385498046875,1794.385498046875,1794.385498046875,80000,0.0,0.0
2004-04-28 00:00:00+09:00,1813.4347482454978,1828.6736957097457,1798.19580078125,1798.19580078125,80000,0.0,0.0
2004-04-29 00:00:00+09:00,1798.19580078125,1798.19580078125,1798.19580078125,1798.19580078125,0,0.0,0.0
2004-04-30 00:00:00+09:00,1798.1955223570478,1798.1955223570478,1790.5760498046875,1790.5760498046875,400000,0.0,0.0
2004-05-03 00:00:00+09:00,1790.5760498046875,1790.5760498046875,1790.5760498046875,1790.5760498046875,0,0.0,0.0
2004-05-04 00:00:00+09:00,1790.5760498046875,1790.5760498046875,1790.5760498046875,1790.5760498046875,0,0.0,0.0
2004-05-05 00:00:00+09:00,1790.5760498046875,1790.5760498046875,1790.5760498046875,1790.5760498046875,0,0.0,0.0
2004-05-06 00:00:00+09:00,1809.6250427875323,1847.722412109375,1802.0055689231638,1847.722412109375,240000,0.0,0.0
2004-05-07 00:00:00+09:00,1904.8682387994259,1904.8682387994259,1828.673509247449,1866.7708740234375,320000,0.0,0.0
2004-05-10 00:00:00+09:00,1885.8196417839972,1885.8196417839972,1733.43017578125,1733.43017578125,240000,0.0,0.0
2004-05-11 00:00:00+09:00,1733.4301291476474,1733.4301291476474,1695.332763671875,1695.332763671875,100000,0.0,0.0
2004-05-12 00:00:00+09:00,1680.0940015709918,1752.47900390625,1680.0940015709918,1752.47900390625,60000,0.0,0.0
2004-05-13 00:00:00+09:00,1756.2884233190657,1790.5760498046875,1756.2884233190657,1790.5760498046875,40000,0.0,0.0
2004-05-14 00:00:00+09:00,1718.1912841796875,1718.1912841796875,1676.2841796875,1676.2841796875,100000,0.0,0.0
2004-05-17 00:00:00+09:00,1657.2353545398248,1657.2353545398248,1561.991943359375,1561.991943359375,160000,0.0,0.0
2004-05-18 00:00:00+09:00,1485.7970319475446,1600.089111328125,1485.7970319475446,1600.089111328125,100000,0.0,0.0
2004-05-19 00:00:00+09:00,1600.089111328125,1600.089111328125,1600.089111328125,1600.089111328125,60000,0.0,0.0
2004-05-20 00:00:00+09:00,1581.040749447929,1603.899169921875,1581.040749447929,1603.899169921875,40000,0.0,0.0
2004-05-21 00:00:00+09:00,1600.089111328125,1603.8988473074776,1600.089111328125,1600.089111328125,100000,0.0,0.0
2004-05-24 00:00:00+09:00,1657.235151018415,1657.235151018415,1600.089111328125,1600.089111328125,120000,0.0,0.0
2004-05-25 00:00:00+09:00,1619.137939453125,1619.137939453125,1619.137939453125,1619.137939453125,20000,0.0,0.0
2004-05-26 00:00:00+09:00,1619.137939453125,1619.137939453125,1619.137939453125,1619.137939453125,60000,0.0,0.0
2004-05-27 00:00:00+09:00,1600.089111328125,1600.089111328125,1600.089111328125,1600.089111328125,60000,0.0,0.0
2004-05-28 00:00:00+09:00,1600.089111328125,1600.089111328125,1600.089111328125,1600.089111328125,20000,0.0,0.0
2004-05-31 00:00:00+09:00,1657.235595703125,1657.235595703125,1657.235595703125,1657.235595703125,40000,0.0,0.0
2004-06-01 00:00:00+09:00,1600.089111328125,1600.089111328125,1600.089111328125,1600.089111328125,20000,0.0,0.0
2004-06-02 00:00:00+09:00,1600.089111328125,1600.089111328125,1600.089111328125,1600.089111328125,40000,0.0,0.0
2004-06-03 00:00:00+09:00,1600.089111328125,1600.089111328125,1600.089111328125,1600.089111328125,80000,0.0,0.0
2004-06-04 00:00:00+09:00,1600.089111328125,1600.089111328125,1600.089111328125,1600.089111328125,0,0.0,0.0
2004-06-07 00:00:00+09:00,1600.0892578125001,1619.137939453125,1581.040576171875,1619.137939453125,60000,0.0,0.0
2004-06-08 00:00:00+09:00,1619.1377912248884,1619.1377912248884,1600.089111328125,1600.089111328125,40000,0.0,0.0
2004-06-09 00:00:00+09:00,1581.0408276188982,1581.0408276188982,1565.8018798828125,1565.8018798828125,80000,0.0,0.0
2004-06-10 00:00:00+09:00,1600.0892238752217,1611.5184326171875,1600.0892238752217,1611.5184326171875,60000,0.0,0.0
2004-06-11 00:00:00+09:00,1649.615966796875,1649.615966796875,1649.615966796875,1649.615966796875,20000,0.0,0.0
2004-06-14 00:00:00+09:00,1657.2354958274148,1699.1426003196023,1657.2354958274148,1676.2841796875,60000,0.0,0.0
2004-06-15 00:00:00+09:00,1676.2841796875,1676.2841796875,1676.2841796875,1676.2841796875,0,0.0,0.0
2004-06-16 00:00:00+09:00,1733.4300056619848,1790.5760498046875,1733.4300056619848,1790.5760498046875,180000,0.0,0.0
2004-06-17 00:00:00+09:00,1790.5760498046875,1790.5760498046875,1790.5760498046875,1790.5760498046875,40000,0.0,0.0
2004-06-18 00:00:00+09:00,1790.5762017144098,1790.5762017144098,1714.3814697265625,1714.3814697265625,60000,0.0,0.0
2004-06-21 00:00:00+09:00,1752.47900390625,1752.47900390625,1752.47900390625,1752.47900390625,40000,0.0,0.0
2004-06-22 00:00:00+09:00,1752.47900390625,1752.47900390625,1752.47900390625,1752.47900390625,40000,0.0,0.0
2004-06-23 00:00:00+09:00,1748.6690673828125,1748.6690673828125,1748.6690673828125,1748.6690673828125,20000,0.0,0.0
2004-06-24 00:00:00+09:00,1737.2398681640625,1737.2398681640625,1737.2398681640625,1737.2398681640625,20000,0.0,0.0
2004-06-25 00:00:00+09:00,1737.2398893229165,1737.2398893229165,1714.3814697265625,1714.3814697265625,40000,0.0,0.0
2004-06-28 00:00:00+09:00,1748.6690673828125,1748.6690673828125,1748.6690673828125,1748.6690673828125,400,0.0,0.0
2004-06-29 00:00:00+09:00,1733.4299849618037,1733.4299849618037,1718.1910400390625,1718.1910400390625,400,0.0,0.0
2004-06-30 00:00:00+09:00,1729.6199951171875,1752.478409149573,1729.6199951171875,1729.6199951171875,1200,0.0,0.0
2004-07-01 00:00:00+09:00,1752.47900390625,1752.47900390625,1752.47900390625,1752.47900390625,400,0.0,0.0
2004-07-02 00:00:00+09:00,1782.956291052946,1794.385498046875,1756.2881414004446,1794.385498046875,1000,0.0,0.0
2004-07-05 00:00:00+09:00,1763.9081143943213,1782.9567981350806,1756.2886408980175,1771.527587890625,1000,0.0,0.0
2004-07-06 00:00:00+09:00,1771.527688731318,1790.576373556386,1752.47900390625,1752.47900390625,1000,0.0,0.0
2004-07-07 00:00:00+09:00,1729.6202487311184,1729.6202487311184,1718.1910400390625,1718.1910400390625,1200,0.0,0.0
2004-07-08 00:00:00+09:00,1718.1910400390625,1718.1910400390625,1718.1910400390625,1718.1910400390625,0,0.0,0.0
2004-07-09 00:00:00+09:00,1718.1910400390625,1718.1910400390625,1718.1910400390625,1718.1910400390625,0,0.0,0.0
2004-07-12 00:00:00+09:00,1760.098388671875,1760.098388671875,1760.098388671875,1760.098388671875,200,0.0,0.0
2004-07-13 00:00:00+09:00,1771.5275544069755,1771.5275544069755,1763.9080810546873,1763.9080810546875,600,0.0,0.0
2004-07-14 00:00:00+09:00,1767.7176321476063,1809.6247311855884,1767.7176321476063,1790.5760498046875,1600,0.0,0.0
2004-07-15 00:00:00+09:00,1794.3857860808678,1794.3857860808678,1790.5760498046875,1790.5760498046875,800,0.0,0.0
2004-07-16 00:00:00+09:00,1790.5760498046875,1790.5760498046875,1790.5760498046875,1790.5760498046875,400,0.0,0.0
2004-07-19 00:00:00+09:00,1790.5760498046875,1790.5760498046875,1790.5760498046875,1790.5760498046875,0,0.0,0.0
2004-07-20 00:00:00+09:00,1771.527587890625,1771.527587890625,1771.527587890625,1771.527587890625,400,0.0,0.0
2004-07-21 00:00:00+09:00,1771.5273684237866,1790.5760498046875,1763.9078958714263,1790.5760498046875,1000,0.0,0.0
2004-07-22 00:00:00+09:00,1790.5764731214795,1809.6251590057504,1775.3375244140625,1775.3375244140625,600,0.0,0.0
2004-07-23 00:00:00+09:00,1790.5764731214795,1790.5764731214795,1775.3375244140625,1775.3375244140625,1200,0.0,0.0
2004-07-26 00:00:00+09:00,1790.5760498046875,1790.5760498046875,1790.5760498046875,1790.5760498046875,400,0.0,0.0
2004-07-27 00:00:00+09:00,1790.5760498046875,1790.5760498046875,1760.098159595246,1790.5760498046875,1600,0.0,0.0
2004-07-28 00:00:00+09:00,1782.9571533203125,1782.9571533203125,1782.9571533203125,1782.9571533203125,200,0.0,0.0
2004-07-29 00:00:00+09:00,1786.7666365913724,1786.7666365913724,1722.0011081861414,1752.47900390625,1400,0.0,0.0
2004-07-30 00:00:00+09:00,1752.47866611523,1752.47866611523,1718.1910400390625,1718.1910400390625,400,0.0,0.0
2004-08-02 00:00:00+09:00,1817.244140625,1817.244140625,1817.244140625,1817.244140625,200,0.0,0.0
2004-08-03 00:00:00+09:00,1817.24418203688,1817.24418203688,1718.1910400390625,1718.1910400390625,1600,0.0,0.0
2004-08-04 00:00:00+09:00,1710.5718917491824,1710.5718917491824,1638.1868896484375,1638.1868896484375,1000,0.0,0.0
2004-08-05 00:00:00+09:00,1638.1868896484375,1638.1868896484375,1638.1868896484375,1638.1868896484375,0,0.0,0.0
2004-08-06 00:00:00+09:00,1714.3815474076705,1714.3815474076705,1676.2841796875,1676.2841796875,600,0.0,0.0
2004-08-09 00:00:00+09:00,1676.2841796875,1676.2841796875,1676.2841796875,1676.2841796875,0,0.0,0.0
2004-08-10 00:00:00+09:00,1676.2841796875,1676.2841796875,1676.2841796875,1676.2841796875,0,0.0,0.0
2004-08-11 00:00:00+09:00,1710.5718972911006,1752.47900390625,1710.5718972911006,1752.47900390625,400,0.0,0.0
2004-08-12 00:00:00+09:00,1706.7616922968398,1706.7616922968398,1687.7130126953125,1687.7130126953125,400,0.0,0.0
2004-08-13 00:00:00+09:00,1676.2841796875,1676.2841796875,1676.2841796875,1676.2841796875,200,0.0,0.0
2004-08-16 00:00:00+09:00,1683.9035873925127,1702.9522705078125,1683.9035873925127,1702.9522705078125,4200,0.0,0.0
2004-08-17 00:00:00+09:00,1752.47900390625,1752.47900390625,1752.47900390625,1752.47900390625,200,0.0,0.0
2004-08-18 00:00:00+09:00,1733.4300056619848,1790.5760498046875,1733.4300056619848,1790.5760498046875,3800,0.0,0.0
2004-08-19 00:00:00+09:00,1760.0983443785433,1763.9080810546873,1725.810714293247,1763.9080810546875,1200,0.0,0.0
2004-08-20 00:00:00+09:00,1752.47900390625,1752.47900390625,1752.47900390625,1752.47900390625,200,0.0,0.0
2004-08-23 00:00:00+09:00,1752.4785589818973,1802.005126953125,1752.4785589818973,1802.005126953125,400,0.0,0.0
2004-08-24 00:00:00+09:00,1786.7664326852703,1786.7664326852703,1748.6690673828125,1748.6690673828125,400,0.0,0.0
2004-08-25 00:00:00+09:00,1748.6692669412364,1752.47900390625,1748.6692669412364,1752.47900390625,400,0.0,0.0
2004-08-26 00:00:00+09:00,1744.8592284078368,1782.95659147351,1725.810546875,1725.810546875,600,0.0,0.0
2004-08-27 00:00:00+09:00,1737.2398681640625,1737.2398681640625,1737.2398681640625,1737.2398681640625,200,0.0,0.0
2004-08-30 00:00:00+09:00,1756.2882080078125,1760.09794381694,1756.2882080078125,1756.2882080078125,800,0.0,0.0
2004-08-31 00:00:00+09:00,1794.385498046875,1794.385498046875,1794.385498046875,1794.385498046875,200,0.0,0.0
2004-09-01 00:00:00+09:00,1786.7663135285072,1790.5760498046875,1767.7176321476063,1790.5760498046875,1200,0.0,0.0
2004-09-02 00:00:00+09:00,1790.5760498046875,1794.3857860808678,1790.5760498046875,1790.5760498046875,600,0.0,0.0
2004-09-03 00:00:00+09:00,1790.5760498046875,1802.005258633228,1790.5760498046875,1790.5760498046875,1400,0.0,0.0
2004-09-06 00:00:00+09:00,1821.0542692764946,1821.0542692764946,1752.47900390625,1752.47900390625,1800,0.0,0.0
2004-09-07 00:00:00+09:00,1790.5763157894737,1809.625,1790.5763157894737,1809.625,400,0.0,0.0
2004-09-08 00:00:00+09:00,1790.5760498046875,1790.5760498046875,1790.5760498046875,1790.5760498046875,600,0.0,0.0
2004-09-09 00:00:00+09:00,1771.527587890625,1771.527587890625,1771.527587890625,1771.527587890625,200,0.0,0.0
2004-09-10 00:00:00+09:00,1790.5760498046875,1790.5760498046875,1790.5760498046875,1790.5760498046875,800,0.0,0.0
2004-09-13 00:00:00+09:00,1824.8639691670735,1828.6737060546873,1824.8639691670735,1828.6737060546875,400,0.0,0.0
2004-09-14 00:00:00+09:00,1832.4834210526315,1832.4834210526315,1809.625,1809.625,600,0.0,0.0
2004-09-15 00:00:00+09:00,1798.1955223570478,1798.1955223570478,1790.5760498046875,1790.5760498046875,1000,0.0,0.0
2004-09-16 00:00:00+09:00,1779.146840976147,1790.5760498046875,1779.146840976147,1790.5760498046875,400,0.0,0.0
2004-09-17 00:00:00+09:00,1786.7668908274072,1786.7668908274072,1782.9571533203125,1782.9571533203125,800,0.0,0.0
2004-09-20 00:00:00+09:00,1782.9571533203125,1782.9571533203125,1782.9571533203125,1782.9571533203125,0,0.0,0.0
2004-09-21 00:00:00+09:00,1790.576628334502,1790.576628334502,1782.9571533203125,1782.9571533203125,1600,0.0,0.0
2004-09-22 00:00:00+09:00,1790.5760498046875,1790.5760498046875,1782.9565772523272,1790.5760498046875,1800,0.0,0.0
2004-09-23 00:00:00+09:00,1790.5760498046875,1790.5760498046875,1790.5760498046875,1790.5760498046875,0,0.0,0.0
2004-09-24 00:00:00+09:00,1790.5762161222347,1802.0054260123766,1786.7664794921875,1786.7664794921875,2400,0.0,0.0
2004-09-27 00:00:00+09:00,1634.3769973327067,1645.806207104264,1626.7575241516686,1630.5672607421875,1400,0.0,0.0
2004-09-28 00:00:00+09:00,1630.5669738907309,1687.7130126953125,1630.5669738907309,1687.7130126953125,400,0.0,0.0
2004-09-29 00:00:00+09:00,1733.4300738294298,1733.4300738294298,1710.5716552734375,1710.5716552734375,400,0.0,0.0
2004-09-30 00:00:00+09:00,1699.142523328993,1714.3814697265625,1699.142523328993,1714.3814697265625,400,0.0,0.0
2004-10-01 00:00:00+09:00,1714.3814697265625,1714.3814697265625,1714.3814697265625,1714.3814697265625,400,0.0,0.0
2004-10-04 00:00:00+09:00,1714.3814697265625,1714.3814697265625,1714.3814697265625,1714.3814697265625,400,0.0,0.0
2004-10-05 00:00:00+09:00,1714.3814697265625,1714.3814697265625,1714.3814697265625,1714.3814697265625,400,0.0,0.0
2004-10-06 00:00:00+09:00,1722.0010986328125,1722.0010986328125,1722.0010986328125,1722.0010986328125,400,0.0,0.0
2004-10-07 00:00:00+09:00,1710.5716552734375,1710.5716552734375,1710.5716552734375,1710.5716552734375,800,0.0,0.0
2004-10-08 00:00:00+09:00,1706.7619188474387,1710.5716552734375,1706.7619188474387,1710.5716552734375,800,0.0,0.0
2004-10-11 00:00:00+09:00,1710.5716552734375,1710.5716552734375,1710.5716552734375,1710.5716552734375,0,0.0,0.0
2004-10-12 00:00:00+09:00,1653.42578125,1653.42578125,1653.42578125,1653.42578125,600,0.0,0.0
2004-10-13 00:00:00+09:00,1657.2354310310927,1702.9522705078125,1657.2354310310927,1702.9522705078125,400,0.0,0.0
2004-10-14 00:00:00+09:00,1657.235506602696,1706.7620849609375,1657.235506602696,1706.7620849609375,600,0.0,0.0
2004-10-15 00:00:00+09:00,1653.42578125,1653.42578125,1653.42578125,1653.42578125,200,0.0,0.0
2004-10-18 00:00:00+09:00,1645.8063076036865,1653.42578125,1645.8063076036865,1653.42578125,600,0.0,0.0
2004-10-19 00:00:00+09:00,1653.42578125,1653.42578125,1653.42578125,1653.42578125,200,0.0,0.0
2004-10-20 00:00:00+09:00,1653.42578125,1653.42578125,1653.42578125,1653.42578125,0,0.0,0.0
2004-10-21 00:00:00+09:00,1653.42578125,1653.42578125,1653.42578125,1653.42578125,0,0.0,0.0
2004-10-22 00:00:00+09:00,1653.4253972729607,1653.4253972729607,1622.947509765625,1622.947509765625,600,0.0,0.0
2004-10-25 00:00:00+09:00,1607.7086181640625,1607.7086181640625,1607.7086181640625,1607.7086181640625,200,0.0,0.0
2004-10-26 00:00:00+09:00,1607.7086181640625,1607.7086181640625,1607.7086181640625,1607.7086181640625,200,0.0,0.0
2004-10-27 00:00:00+09:00,1615.3282470703125,1615.3282470703125,1615.3282470703125,1615.3282470703125,200,0.0,0.0
2004-10-28 00:00:00+09:00,1615.3282470703125,1615.3282470703125,1615.3282470703125,1615.3282470703125,0,0.0,0.0
2004-10-29 00:00:00+09:00,1615.3282470703125,1615.3282470703125,1615.3282470703125,1615.3282470703125,0,0.0,0.0
2004-11-01 00:00:00+09:00,1615.3283913352273,1676.2841796875,1615.3283913352273,1676.2841796875,400,0.0,0.0
2004-11-02 00:00:00+09:00,1676.2841796875,1676.2841796875,1676.2841796875,1676.2841796875,200,0.0,0.0
2004-11-03 00:00:00+09:00,1676.2841796875,1676.2841796875,1676.2841796875,1676.2841796875,0,0.0,0.0
2004-11-04 00:00:00+09:00,1676.2841796875,1676.2841796875,1676.2841796875,1676.2841796875,0,0.0,0.0
2004-11-05 00:00:00+09:00,1676.2841796875,1676.2841796875,1676.2841796875,1676.2841796875,0,0.0,0.0
2004-11-08 00:00:00+09:00,1676.2841796875,1676.2841796875,1676.2841796875,1676.2841796875,0,0.0,0.0
2004-11-09 00:00:00+09:00,1596.279541015625,1596.279541015625,1596.279541015625,1596.279541015625,400,0.0,0.0
2004-11-10 00:00:00+09:00,1634.3770638871363,1638.1868006327938,1603.899169921875,1603.899169921875,800,0.0,0.0
2004-11-11 00:00:00+09:00,1638.1868896484375,1638.1868896484375,1638.1868896484375,1638.1868896484375,400,0.0,0.0
2004-11-12 00:00:00+09:00,1600.0892873910757,1600.0892873910757,1584.850341796875,1584.850341796875,400,0.0,0.0
2004-11-15 00:00:00+09:00,1600.0891989383972,1600.0891989383972,1592.4697265625,1592.4697265625,600,0.0,0.0
2004-11-16 00:00:00+09:00,1596.279541015625,1596.279541015625,1596.279541015625,1596.279541015625,200,0.0,0.0
2004-11-17 00:00:00+09:00,1600.089111328125,1600.089111328125,1600.089111328125,1600.089111328125,400,0.0,0.0
2004-11-18 00:00:00+09:00,1584.8505645529196,1584.8505645529196,1565.8018798828125,1565.8018798828125,400,0.0,0.0
2004-11-19 00:00:00+09:00,1565.8018798828125,1565.8018798828125,1565.8018798828125,1565.8018798828125,0,0.0,0.0
2004-11-22 00:00:00+09:00,1581.0404052734375,1581.0404052734375,1581.0404052734375,1581.0404052734375,200,0.0,0.0
2004-11-23 00:00:00+09:00,1581.0404052734375,1581.0404052734375,1581.0404052734375,1581.0404052734375,0,0.0,0.0
2004-11-24 00:00:00+09:00,1581.0404052734375,1581.0404052734375,1581.0404052734375,1581.0404052734375,0,0.0,0.0
2004-11-25 00:00:00+09:00,1600.0890848550453,1600.0890848550453,1581.0404052734375,1581.0404052734375,600,0.0,0.0
2004-11-26 00:00:00+09:00,1581.0404052734375,1581.0404052734375,1581.0404052734375,1581.0404052734375,0,0.0,0.0
2004-11-29 00:00:00+09:00,1600.0892238752217,1611.5184326171875,1581.040542638612,1611.5184326171875,600,0.0,0.0
2004-11-30 00:00:00+09:00,1611.5184326171875,1611.5184326171875,1611.5184326171875,1611.5184326171875,200,0.0,0.0
2004-12-01 00:00:00+09:00,1611.5184326171875,1611.5184326171875,1611.5184326171875,1611.5184326171875,200,0.0,0.0
2004-12-02 00:00:00+09:00,1611.5184326171875,1611.5184326171875,1611.5184326171875,1611.5184326171875,0,0.0,0.0
2004-12-03 00:00:00+09:00,1584.850362042683,1584.850362042683,1561.991943359375,1561.991943359375,1000,0.0,0.0
2004-12-06 00:00:00+09:00,1561.991943359375,1561.991943359375,1561.991943359375,1561.991943359375,0,0.0,0.0
2004-12-07 00:00:00+09:00,1561.991943359375,1565.801679806593,1561.991943359375,1561.991943359375,1000,0.0,0.0
2004-12-08 00:00:00+09:00,1561.991943359375,1561.991943359375,1561.991943359375,1561.991943359375,800,0.0,0.0
2004-12-09 00:00:00+09:00,1561.991943359375,1561.991943359375,1561.991943359375,1561.991943359375,200,0.0,0.0
2004-12-10 00:00:00+09:00,1561.991943359375,1561.991943359375,1561.991943359375,1561.991943359375,0,0.0,0.0
2004-12-13 00:00:00+09:00,1584.850141189759,1584.850141189759,1581.0404052734375,1581.0404052734375,600,0.0,0.0
2004-12-14 00:00:00+09:00,1561.991950141059,1561.991950141059,1489.606957329644,1508.6556396484375,4800,0.0,0.0
2004-12-15 00:00:00+09:00,1512.4653761121963,1512.4653761121963,1508.6556396484375,1508.6556396484375,1400,0.0,0.0
2004-12-16 00:00:00+09:00,1508.655683840981,1508.655683840981,1493.4167375395568,1504.845947265625,2200,0.0,0.0
2004-12-17 00:00:00+09:00,1504.8462491633034,1504.8462491633034,1485.7975624650337,1489.6072998046875,1400,0.0,0.0
2004-12-20 00:00:00+09:00,1489.6070666755597,1489.6070666755597,1474.3681197018966,1478.1778564453125,1200,0.0,0.0
2004-12-21 00:00:00+09:00,1497.2265062085087,1497.2265062085087,1470.558349609375,1470.558349609375,800,0.0,0.0
2004-12-22 00:00:00+09:00,1474.3680419921875,1474.3680419921875,1474.3680419921875,1474.3680419921875,200,0.0,0.0
2004-12-23 00:00:00+09:00,1474.3680419921875,1474.3680419921875,1474.3680419921875,1474.3680419921875,0,0.0,0.0
2004-12-24 00:00:00+09:00,1474.3680419921875,1481.9875150774185,1474.3680419921875,1474.3680419921875,1200,0.0,0.0
2004-12-27 00:00:00+09:00,1474.3680419921875,1478.177778534803,1474.3680419921875,1474.3680419921875,1400,0.0,0.0
2004-12-28 00:00:00+09:00,1485.7971630733853,1485.7971630733853,1478.1776904422397,1481.9874267578125,800,0.0,0.0
2004-12-29 00:00:00+09:00,1501.0361977904959,1501.0361977904959,1474.3680419921875,1474.3680419921875,800,0.0,0.0
2004-12-30 00:00:00+09:00,1474.3680419921875,1474.3680419921875,1474.3680419921875,1474.3680419921875,200,0.0,0.0
2004-12-31 00:00:00+09:00,1474.3680419921875,1474.3680419921875,1474.3680419921875,1474.3680419921875,0,0.0,0.0
2005-01-03 00:00:00+09:00,1474.3680419921875,1474.3680419921875,1474.3680419921875,1474.3680419921875,0,0.0,0.0
2005-01-04 00:00:00+09:00,1474.3680419921875,1504.8459343331112,1474.3680419921875,1474.3680419921875,1000,0.0,0.0
2005-01-05 00:00:00+09:00,1478.1776808135362,1493.4166259765625,1474.3679445227797,1493.4166259765625,1000,0.0,0.0
2005-01-06 00:00:00+09:00,1474.368273925781,1485.7974853515625,1474.368273925781,1485.7974853515625,800,0.0,0.0
2005-01-07 00:00:00+09:00,1489.6069236794099,1501.0361328125,1489.6069236794099,1501.0361328125,1200,0.0,0.0
2005-01-10 00:00:00+09:00,1501.0361328125,1501.0361328125,1501.0361328125,1501.0361328125,0,0.0,0.0
2005-01-11 00:00:00+09:00,1527.7041799061333,1535.3236521251165,1512.4652354681668,1531.513916015625,5200,0.0,0.0
2005-01-12 00:00:00+09:00,1523.8944091796875,1539.1333532714843,1508.6554650878907,1523.8944091796875,1600,0.0,0.0
2005-01-13 00:00:00+09:00,1531.5139941648574,1539.1334667726428,1523.894521557072,1535.32373046875,1400,0.0,0.0
2005-01-14 00:00:00+09:00,1520.0847852531795,1535.32373046875,1520.0847852531795,1535.32373046875,400,0.0,0.0
2005-01-17 00:00:00+09:00,1535.3235733907418,1539.1333093048627,1523.8943656483789,1527.7041015625,2400,0.0,0.0
2005-01-18 00:00:00+09:00,1535.3236172485351,1539.1333532714843,1523.8944091796875,1523.8944091796875,1800,0.0,0.0
2005-01-19 00:00:00+09:00,1523.8943656483789,1535.3235733907418,1516.274893820137,1527.7041015625,1800,0.0,0.0
2005-01-20 00:00:00+09:00,1523.894521557072,1535.32373046875,1520.0847852531795,1535.32373046875,1000,0.0,0.0
2005-01-21 00:00:00+09:00,1523.894452929198,1523.894452929198,1520.084716796875,1520.084716796875,600,0.0,0.0
2005-01-24 00:00:00+09:00,1520.084716796875,1523.894452929198,1516.274980664552,1520.084716796875,1400,0.0,0.0
2005-01-25 00:00:00+09:00,1523.894452929198,1527.704189061521,1520.084716796875,1520.084716796875,1200,0.0,0.0
2005-01-26 00:00:00+09:00,1535.3235733907418,1535.3235733907418,1527.7041015625,1527.7041015625,2000,0.0,0.0
2005-01-27 00:00:00+09:00,1527.7044894213748,1546.753173828125,1523.8947525400247,1546.753173828125,3800,0.0,0.0
2005-01-28 00:00:00+09:00,1638.1865306343893,1737.2396696960036,1611.5183778101086,1680.0936279296875,30000,0.0,0.0
2005-01-31 00:00:00+09:00,1699.1422204562289,1699.1422204562289,1680.0935408547016,1687.7130126953125,10000,0.0,0.0
2005-02-01 00:00:00+09:00,1691.5232030817892,1786.7666266787369,1691.5232030817892,1722.0010986328125,10000,0.0,0.0
2005-02-02 00:00:00+09:00,1733.4301316110711,1748.6690778230366,1729.6203950580798,1737.2398681640625,3400,0.0,0.0
2005-02-03 00:00:00+09:00,1733.43017578125,1733.43017578125,1695.3328092805632,1733.43017578125,3400,0.0,0.0
2005-02-04 00:00:00+09:00,1729.6205286914947,1729.6205286914947,1683.9036865234375,1683.9036865234375,1600,0.0,0.0
2005-02-07 00:00:00+09:00,1661.0450739626024,1661.0450739626024,1626.7574462890625,1626.7574462890625,2200,0.0,0.0
2005-02-08 00:00:00+09:00,1569.6116245003634,1638.1868896484375,1569.6116245003634,1638.1868896484375,3800,0.0,0.0
2005-02-09 00:00:00+09:00,1634.3768895700437,1661.0450439453125,1634.3768895700437,1661.0450439453125,2400,0.0,0.0
2005-02-10 00:00:00+09:00,1699.1425002194521,1699.1425002194521,1641.9964520057936,1695.332763671875,1000,0.0,0.0
2005-02-11 00:00:00+09:00,1695.332763671875,1695.332763671875,1695.332763671875,1695.332763671875,0,0.0,0.0
2005-02-14 00:00:00+09:00,1695.332510811942,1695.332510811942,1581.0404314313616,1600.089111328125,6800,0.0,0.0
2005-02-15 00:00:00+09:00,1596.279775354984,1596.279775354984,1527.704510542598,1565.8018798828125,2600,0.0,0.0
2005-02-16 00:00:00+09:00,1561.991943359375,1565.801679806593,1561.991943359375,1561.991943359375,1400,0.0,0.0
2005-02-17 00:00:00+09:00,1561.9917256918297,1581.0404052734375,1561.9917256918297,1581.0404052734375,1200,0.0,0.0
2005-02-18 00:00:00+09:00,1581.0408276188982,1581.0408276188982,1561.992142948791,1565.8018798828125,2000,0.0,0.0
2005-02-21 00:00:00+09:00,1581.0404052734375,1581.0404052734375,1565.8014616081514,1581.0404052734375,1000,0.0,0.0
2005-02-22 00:00:00+09:00,1584.8502288892253,1584.8502288892253,1573.4210205078125,1573.4210205078125,1400,0.0,0.0
2005-02-23 00:00:00+09:00,1584.8502978866907,1588.6600341796875,1584.8502978866907,1588.6600341796875,1000,0.0,0.0
2005-02-24 00:00:00+09:00,1584.8501674107142,1600.089111328125,1561.9917515345983,1600.089111328125,1800,0.0,0.0
2005-02-25 00:00:00+09:00,1600.0893424321148,1600.0893424321148,1561.9919771361122,1569.6114501953125,1400,0.0,0.0
2005-02-28 00:00:00+09:00,1569.611616816834,1569.611616816834,1561.992142948791,1565.8018798828125,1200,0.0,0.0
2005-03-01 00:00:00+09:00,1577.230923254513,1581.0406597841134,1569.6114501953125,1569.6114501953125,800,0.0,0.0
2005-03-02 00:00:00+09:00,1581.0404052734375,1581.0404052734375,1581.0404052734375,1581.0404052734375,200,0.0,0.0
2005-03-03 00:00:00+09:00,1596.2795509925256,1596.2795509925256,1584.850341796875,1584.850341796875,800,0.0,0.0
2005-03-04 00:00:00+09:00,1596.2795067656812,1596.2795067656812,1584.8502978866907,1588.6600341796875,800,0.0,0.0
2005-03-07 00:00:00+09:00,1588.6600781954253,1588.6600781954253,1584.850341796875,1584.850341796875,2000,0.0,0.0
2005-03-08 00:00:00+09:00,1565.8016500177132,1596.279541015625,1565.8016500177132,1596.279541015625,1200,0.0,0.0
2005-03-09 00:00:00+09:00,1588.6598771060806,1592.469613022402,1581.0404052734375,1581.0404052734375,600,0.0,0.0
2005-03-10 00:00:00+09:00,1592.4697704726843,1596.2795067656812,1584.8502978866907,1588.6600341796875,1600,0.0,0.0
2005-03-11 00:00:00+09:00,1592.4697265625,1592.4697265625,1592.4697265625,1592.4697265625,600,0.0,0.0
2005-03-14 00:00:00+09:00,1588.6600341796875,1588.6600341796875,1581.0405615936938,1588.6600341796875,1200,0.0,0.0
2005-03-15 00:00:00+09:00,1592.4697704726843,1592.4697704726843,1588.6600341796875,1588.6600341796875,2000,0.0,0.0
2005-03-16 00:00:00+09:00,1596.2795067656812,1596.2795067656812,1588.6600341796875,1588.6600341796875,1400,0.0,0.0
2005-03-17 00:00:00+09:00,1596.2793489387236,1596.2793489387236,1581.0404052734375,1581.0404052734375,1800,0.0,0.0
2005-03-18 00:00:00+09:00,1584.8502978866907,1588.6600341796875,1581.0405615936938,1588.6600341796875,1600,0.0,0.0
2005-03-21 00:00:00+09:00,1588.6600341796875,1588.6600341796875,1588.6600341796875,1588.6600341796875,0,0.0,0.0
2005-03-22 00:00:00+09:00,1592.4697265625,1596.2794627504486,1588.6599903745514,1592.4697265625,1200,0.0,0.0
2005-03-23 00:00:00+09:00,1596.279541015625,1600.089277390364,1596.279541015625,1596.279541015625,1400,0.0,0.0
2005-03-24 00:00:00+09:00,1600.0893247377621,1657.2353720498252,1600.0893247377621,1634.376953125,3800,0.0,0.0
2005-03-25 00:00:00+09:00,1638.18666566093,1638.18666566093,1603.8990377750035,1615.3282470703125,2800,0.0,0.0
2005-03-28 00:00:00+09:00,1654.3456821986606,1654.3456821986606,1638.7386474609375,1638.7386474609375,800,50.0,0.0
2005-03-29 00:00:00+09:00,1650.4439191750919,1658.2474365234375,1634.8368844784006,1658.2474365234375,1800,0.0,0.0
2005-03-30 00:00:00+09:00,1650.4439697265625,1650.4439697265625,1650.4439697265625,1650.4439697265625,400,0.0,0.0
2005-03-31 00:00:00+09:00,1650.4439697265625,1650.4439697265625,1650.4439697265625,1650.4439697265625,0,0.0,0.0
2005-04-01 00:00:00+09:00,1623.1316425120774,1623.1316425120774,1615.328125,1615.328125,400,0.0,0.0
2005-04-04 00:00:00+09:00,1599.72119140625,1599.72119140625,1599.72119140625,1599.72119140625,200,0.0,0.0
2005-04-05 00:00:00+09:00,1607.52490234375,1607.52490234375,1607.52490234375,1607.52490234375,200,0.0,0.0
2005-04-06 00:00:00+09:00,1607.52490234375,1607.52490234375,1607.52490234375,1607.52490234375,400,0.0,0.0
2005-04-07 00:00:00+09:00,1611.4266618154581,1611.4266618154581,1607.52490234375,1607.52490234375,800,0.0,0.0
2005-04-08 00:00:00+09:00,1634.8368887765066,1658.2474408830915,1634.8368887765066,1638.7386474609375,1200,0.0,0.0
2005-04-11 00:00:00+09:00,1638.7389175305786,1638.7389175305786,1634.837158203125,1634.837158203125,600,0.0,0.0
2005-04-12 00:00:00+09:00,1634.837158203125,1634.837158203125,1634.837158203125,1634.837158203125,0,0.0,0.0
2005-04-13 00:00:00+09:00,1638.7389435836574,1638.7389435836574,1630.9354248046875,1630.9354248046875,400,0.0,0.0
2005-04-14 00:00:00+09:00,1623.1316127232142,1638.7386474609375,1619.2298540387833,1638.7386474609375,600,0.0,0.0
2005-04-15 00:00:00+09:00,1630.9351344832455,1634.8368931781815,1619.2298583984375,1619.2298583984375,800,0.0,0.0
2005-04-18 00:00:00+09:00,1619.2301807588744,1619.2301807588744,1607.52490234375,1607.52490234375,1400,0.0,0.0
2005-04-19 00:00:00+09:00,1630.9354248046875,1630.9354248046875,1630.9354248046875,1630.9354248046875,200,0.0,0.0
2005-04-20 00:00:00+09:00,1623.1318359375,1623.1318359375,1623.1318359375,1623.1318359375,400,0.0,0.0
2005-04-21 00:00:00+09:00,1630.9354591739989,1630.9354591739989,1607.52490234375,1607.52490234375,800,0.0,0.0
2005-04-22 00:00:00+09:00,1638.7386474609375,1638.7386474609375,1638.7386474609375,1638.7386474609375,600,0.0,0.0
2005-04-25 00:00:00+09:00,1634.837158203125,1634.837158203125,1634.837158203125,1634.837158203125,200,0.0,0.0
2005-04-26 00:00:00+09:00,1623.1318359375,1623.1318359375,1623.1318359375,1623.1318359375,200,0.0,0.0
2005-04-27 00:00:00+09:00,1627.03369140625,1638.7389697616907,1627.03369140625,1627.03369140625,2800,0.0,0.0
2005-04-28 00:00:00+09:00,1642.6405029296875,1642.6405029296875,1642.6405029296875,1642.6405029296875,200,0.0,0.0
2005-04-29 00:00:00+09:00,1642.6405029296875,1642.6405029296875,1642.6405029296875,1642.6405029296875,0,0.0,0.0
2005-05-02 00:00:00+09:00,1650.4439235142297,1654.3456821986606,1638.7386474609375,1638.7386474609375,1200,0.0,0.0
2005-05-03 00:00:00+09:00,1638.7386474609375,1638.7386474609375,1638.7386474609375,1638.7386474609375,0,0.0,0.0
2005-05-04 00:00:00+09:00,1638.7386474609375,1638.7386474609375,1638.7386474609375,1638.7386474609375,0,0.0,0.0
2005-05-05 00:00:00+09:00,1638.7386474609375,1638.7386474609375,1638.7386474609375,1638.7386474609375,0,0.0,0.0
2005-05-06 00:00:00+09:00,1646.542236328125,1646.542236328125,1642.6404774742668,1646.542236328125,1200,0.0,0.0
2005-05-09 00:00:00+09:00,1666.0511346114308,1732.381039268092,1666.0511346114308,1705.0687255859375,4200,0.0,0.0
2005-05-10 00:00:00+09:00,1716.7741602921985,1716.7741602921985,1681.6583251953125,1681.6583251953125,2800,0.0,0.0
2005-05-11 00:00:00+09:00,1681.6581710012335,1705.0687255859375,1681.6581710012335,1705.0687255859375,800,0.0,0.0
2005-05-12 00:00:00+09:00,1708.9705551946897,1712.872314453125,1708.9705551946897,1712.872314453125,600,0.0,0.0
2005-05-13 00:00:00+09:00,1712.8719545022034,1712.8719545022034,1669.9526116786858,1673.8543701171875,1000,0.0,0.0
2005-05-16 00:00:00+09:00,1681.6581066042877,1689.4616245003633,1677.75634765625,1677.75634765625,1600,0.0,0.0
2005-05-17 00:00:00+09:00,1673.8546203037479,1673.8546203037479,1654.3458251953125,1654.3458251953125,600,0.0,0.0
2005-05-18 00:00:00+09:00,1669.9527587890625,1669.9527587890625,1669.9527587890625,1669.9527587890625,200,0.0,0.0
2005-05-19 00:00:00+09:00,1669.9529953179128,1689.4617919921877,1654.3459579784933,1689.4617919921875,2000,0.0,0.0
2005-05-20 00:00:00+09:00,1685.5598599137932,1697.26513671875,1677.7563420438219,1697.26513671875,1400,0.0,0.0
2005-05-23 00:00:00+09:00,1705.0686545887213,1705.0686545887213,1697.26513671875,1697.26513671875,800,0.0,0.0
2005-05-24 00:00:00+09:00,1697.2652774193834,1712.872314453125,1697.2652774193834,1712.872314453125,800,0.0,0.0
2005-05-25 00:00:00+09:00,1708.9704192405522,1708.9704192405522,1677.75634765625,1677.75634765625,1400,0.0,0.0
2005-05-26 00:00:00+09:00,1681.6581710012335,1705.0687255859375,1677.756411903783,1705.0687255859375,800,0.0,0.0
2005-05-27 00:00:00+09:00,1705.0687255859375,1705.0687255859375,1705.0687255859375,1705.0687255859375,0,0.0,0.0
2005-05-30 00:00:00+09:00,1669.9527894512737,1677.75630715899,1646.542236328125,1646.542236328125,2000,0.0,0.0
2005-05-31 00:00:00+09:00,1646.542236328125,1646.542236328125,1646.542236328125,1646.542236328125,0,0.0,0.0
2005-06-01 00:00:00+09:00,1646.542236328125,1646.542236328125,1646.542236328125,1646.542236328125,0,0.0,0.0
2005-06-02 00:00:00+09:00,1669.953046829684,1701.1671224713602,1669.953046829684,1681.6583251953125,1400,0.0,0.0
2005-06-03 00:00:00+09:00,1681.6583251953125,1685.5600846505222,1681.6583251953125,1681.6583251953125,800,0.0,0.0
2005-06-06 00:00:00+09:00,1701.1668701171875,1701.1668701171875,1689.4615934879407,1701.1668701171875,1400,0.0,0.0
2005-06-07 00:00:00+09:00,1693.3634482935854,1705.0687255859375,1693.3634482935854,1705.0687255859375,600,0.0,0.0
2005-06-08 00:00:00+09:00,1697.2652774193834,1712.872314453125,1697.2652774193834,1712.872314453125,3600,0.0,0.0
2005-06-09 00:00:00+09:00,1712.872314453125,1712.872314453125,1712.872314453125,1712.872314453125,0,0.0,0.0
2005-06-10 00:00:00+09:00,1712.872314453125,1712.872314453125,1712.872314453125,1712.872314453125,0,0.0,0.0
2005-06-13 00:00:00+09:00,1708.9705294522373,1716.7740478515625,1708.9705294522373,1716.7740478515625,800,0.0,0.0
2005-06-14 00:00:00+09:00,1716.7740478515625,1716.7740478515625,1716.7740478515625,1716.7740478515625,400,0.0,0.0
2005-06-15 00:00:00+09:00,1720.6759033203125,1720.6759033203125,1720.6759033203125,1720.6759033203125,1200,0.0,0.0
2005-06-16 00:00:00+09:00,1720.675608477797,1728.4791259765625,1716.773849728414,1728.4791259765625,1400,0.0,0.0
2005-06-17 00:00:00+09:00,1732.3811995259832,1736.282958984375,1728.4794400675914,1736.282958984375,1200,0.0,0.0
2005-06-20 00:00:00+09:00,1736.2828487446654,1771.398681640625,1736.2828487446654,1771.398681640625,3200,0.0,0.0
2005-06-21 00:00:00+09:00,1763.595144314236,1763.595144314236,1736.2828301323784,1755.7916259765625,800,0.0,0.0
2005-06-22 00:00:00+09:00,1755.7918177241772,1763.5953369140625,1755.7918177241772,1763.5953369140625,400,0.0,0.0
2005-06-23 00:00:00+09:00,1755.7918177241772,1763.5953369140625,1736.283019749464,1763.5953369140625,1000,0.0,0.0
2005-06-24 00:00:00+09:00,1755.7916259765623,1755.7916259765623,1755.7916259765623,1755.7916259765625,400,0.0,0.0
2005-06-27 00:00:00+09:00,1759.6933851453991,1763.595144314236,1755.7916259765623,1755.7916259765625,2200,0.0,0.0
2005-06-28 00:00:00+09:00,1755.7916259765623,1755.7916259765623,1755.7916259765623,1755.7916259765625,0,0.0,0.0
2005-06-29 00:00:00+09:00,2106.9495799443494,2106.9495799443494,1970.3880330961044,1993.798583984375,10000,0.0,0.0
2005-06-30 00:00:00+09:00,1993.7988339148962,1993.7988339148962,1950.8794852396245,1974.2900390625,4800,0.0,0.0
2005-07-01 00:00:00+09:00,1950.8793439523156,1978.191654767648,1950.8793439523156,1958.682861328125,3400,0.0,0.0
2005-07-04 00:00:00+09:00,1962.5849020565258,1989.897216796875,1962.5849020565258,1989.897216796875,2600,0.0,0.0
2005-07-05 00:00:00+09:00,1974.289791577483,1993.798583984375,1974.289791577483,1993.798583984375,2800,0.0,0.0
2005-07-06 00:00:00+09:00,1962.5847621510623,1985.9953159739377,1958.683003180583,1974.2900390625,3000,0.0,0.0
2005-07-07 00:00:00+09:00,1974.2898960797434,1974.2898960797434,1958.6828613281248,1958.682861328125,2800,0.0,0.0
2005-07-08 00:00:00+09:00,1958.6833926361387,1978.1921913675744,1958.6833926361387,1970.388671875,2000,0.0,0.0
2005-07-11 00:00:00+09:00,1974.2899934378106,1982.0935111984343,1962.584716796875,1962.584716796875,3600,0.0,0.0
2005-07-12 00:00:00+09:00,1966.4868507385254,2005.5044469833376,1966.4868507385254,1997.700927734375,4200,0.0,0.0
2005-07-13 00:00:00+09:00,1997.700927734375,2017.2097258567812,1997.700927734375,1997.700927734375,4200,0.0,0.0
2005-07-14 00:00:00+09:00,1958.682957916563,1966.4864756771867,1958.682957916563,1962.584716796875,10000,0.0,0.0
2005-07-15 00:00:00+09:00,1966.4864756771867,1966.4864756771867,1954.781199036251,1962.584716796875,5600,0.0,0.0
2005-07-18 00:00:00+09:00,1962.584716796875,1962.584716796875,1962.584716796875,1962.584716796875,0,0.0,0.0
2005-07-19 00:00:00+09:00,1958.6827643541044,1962.5845228488336,1954.781005859375,1954.781005859375,6000,0.0,0.0
2005-07-20 00:00:00+09:00,1954.7811026402203,1958.6828613281248,1954.7811026402203,1958.682861328125,3600,0.0,0.0
2005-07-21 00:00:00+09:00,1962.5845228488336,1962.5845228488336,1954.781005859375,1954.781005859375,2600,0.0,0.0
2005-07-22 00:00:00+09:00,1958.6830346679687,1962.5847937011717,1950.8795166015625,1950.8795166015625,4600,0.0,0.0
2005-07-25 00:00:00+09:00,1950.8792473646458,1958.6827643541044,1950.8792473646458,1954.781005859375,3400,0.0,0.0
2005-07-26 00:00:00+09:00,1954.7811026402203,1962.5846200160295,1954.7811026402203,1958.682861328125,2600,0.0,0.0
2005-07-27 00:00:00+09:00,1958.6827643541044,1958.6827643541044,1954.781005859375,1954.781005859375,2800,0.0,0.0
2005-07-28 00:00:00+09:00,1958.6827643541044,1962.5845228488336,1950.8792473646458,1954.781005859375,3000,0.0,0.0
2005-07-29 00:00:00+09:00,1958.6830346679687,1962.5847937011717,1950.8795166015625,1950.8795166015625,4600,0.0,0.0
2005-08-01 00:00:00+09:00,1954.7812756347655,1954.7812756347655,1950.8795166015625,1950.8795166015625,3000,0.0,0.0
2005-08-02 00:00:00+09:00,1954.7812756347655,1954.7812756347655,1950.8795166015625,1950.8795166015625,2600,0.0,0.0
2005-08-03 00:00:00+09:00,1954.7812756347655,1958.6830346679687,1950.8795166015625,1950.8795166015625,5800,0.0,0.0
2005-08-04 00:00:00+09:00,1950.879327182112,1950.879327182112,1915.763499292834,1923.5670166015625,9400,0.0,0.0
2005-08-05 00:00:00+09:00,1923.5670166015625,1939.1740512190195,1923.5670166015625,1923.5670166015625,3800,0.0,0.0
2005-08-08 00:00:00+09:00,1923.5670166015625,1923.5670166015625,1876.7459127491918,1923.5670166015625,6400,0.0,0.0
2005-08-09 00:00:00+09:00,1904.0584837147887,1939.17431640625,1904.0584837147887,1939.17431640625,1200,0.0,0.0
2005-08-10 00:00:00+09:00,1939.1738779395516,1946.9773945509785,1927.4686030224116,1931.370361328125,2000,0.0,0.0
2005-08-11 00:00:00+09:00,1935.2725315323796,1943.0760498046875,1931.3707723962257,1943.0760498046875,1000,0.0,0.0
2005-08-12 00:00:00+09:00,1943.0761459442322,1950.8796646026428,1935.2726272858215,1946.9779052734375,3000,0.0,0.0
2005-08-15 00:00:00+09:00,1946.977585264411,1958.6828613281248,1946.977585264411,1958.682861328125,5200,0.0,0.0
2005-08-16 00:00:00+09:00,1950.8793439523156,1958.6828613281248,1946.977585264411,1958.682861328125,1800,0.0,0.0
2005-08-17 00:00:00+09:00,1950.8796646026428,1958.6831832610533,1946.9779052734375,1946.9779052734375,1000,0.0,0.0
2005-08-18 00:00:00+09:00,1950.8793439523156,1962.5846200160295,1950.8793439523156,1958.682861328125,3000,0.0,0.0
2005-08-19 00:00:00+09:00,1962.5846200160295,1966.4863787039342,1958.6828613281248,1958.682861328125,5200,0.0,0.0
2005-08-22 00:00:00+09:00,1962.5851523824258,1970.3886718750002,1958.6833926361387,1970.388671875,9600,0.0,0.0
2005-08-23 00:00:00+09:00,1974.2903528889333,1982.0938720703125,1970.3885932982437,1982.0938720703125,4400,0.0,0.0
2005-08-24 00:00:00+09:00,1962.5849020565258,1989.897216796875,1962.5849020565258,1989.897216796875,5000,0.0,0.0
2005-08-25 00:00:00+09:00,1974.2901798023897,1989.897216796875,1970.3884205537686,1989.897216796875,6200,0.0,0.0
2005-08-26 00:00:00+09:00,1982.0939511138615,1982.0939511138615,1970.3886718750002,1970.388671875,2200,0.0,0.0
2005-08-29 00:00:00+09:00,1974.2895262227255,1993.798316007535,1974.2895262227255,1978.1912841796875,7400,0.0,0.0
2005-08-30 00:00:00+09:00,1993.799150842381,1993.799150842381,1978.192112479623,1982.0938720703125,3000,0.0,0.0
2005-08-31 00:00:00+09:00,1989.8973224346455,2044.5219548152043,1989.8973224346455,2028.9149169921875,10000,0.0,0.0
2005-09-01 00:00:00+09:00,2028.9144036408347,2044.5214375149951,2009.4056112981345,2032.816162109375,10000,0.0,0.0
2005-09-02 00:00:00+09:00,2028.9145045031432,2028.9145045031432,2009.405711190613,2017.209228515625,2000,0.0,0.0
2005-09-05 00:00:00+09:00,2028.9149169921875,2032.8166764479417,2017.209638624925,2028.9149169921875,2600,0.0,0.0
2005-09-06 00:00:00+09:00,2032.8166764479417,2032.8166764479417,2017.209638624925,2028.9149169921875,8200,0.0,0.0
2005-09-07 00:00:00+09:00,2028.9148207941955,2032.8165800649535,2021.1113022526795,2025.0130615234375,4000,0.0,0.0
2005-09-08 00:00:00+09:00,2025.0131575364333,2028.9149169921875,2025.0131575364333,2028.9149169921875,2400,0.0,0.0
2005-09-09 00:00:00+09:00,2028.9149264532136,2064.03076171875,2021.1114075053167,2064.03076171875,10000,0.0,0.0
2005-09-12 00:00:00+09:00,2079.6373039559926,2106.949613764045,2079.6373039559926,2083.5390625,5200,0.0,0.0
2005-09-13 00:00:00+09:00,2083.539209992085,2083.539209992085,2064.0304158910353,2079.637451171875,1400,0.0,0.0
2005-09-14 00:00:00+09:00,2099.146291248834,2103.048050154501,2079.6374967204993,2091.3427734375,2800,0.0,0.0
2005-09-15 00:00:00+09:00,2091.342630257284,2095.2443888958232,2075.735595703125,2075.735595703125,2000,0.0,0.0
2005-09-16 00:00:00+09:00,2083.5395066428323,2087.4412660185676,2067.9324691398897,2071.834228515625,2800,0.0,0.0
2005-09-19 00:00:00+09:00,2071.834228515625,2071.834228515625,2071.834228515625,2071.834228515625,0,0.0,0.0
2005-09-20 00:00:00+09:00,2075.735595703125,2087.440871618744,2071.833837064585,2075.735595703125,5800,0.0,0.0
2005-09-21 00:00:00+09:00,2075.735595703125,2075.735595703125,2060.128561148966,2075.735595703125,7800,0.0,0.0
2005-09-22 00:00:00+09:00,2075.735692351665,2079.637451171875,2067.9321747112454,2079.637451171875,6600,0.0,0.0
2005-09-23 00:00:00+09:00,2079.637451171875,2079.637451171875,2079.637451171875,2079.637451171875,0,0.0,0.0
2005-09-26 00:00:00+09:00,2106.949698153409,2145.96728515625,2087.4409046519886,2145.96728515625,10000,0.0,0.0
2005-09-27 00:00:00+09:00,2153.7711414155506,2153.7711414155506,1966.4866943359375,1966.4866943359375,10000,0.0,0.0
2005-09-28 00:00:00+09:00,1950.8795166015625,1966.486552734375,1872.8443359374999,1950.8795166015625,5000,0.0,0.0
2005-09-29 00:00:00+09:00,1911.862063937717,1966.4866943359375,1911.862063937717,1966.4866943359375,1700,0.0,0.0
2005-09-30 00:00:00+09:00,1982.0938892364502,1997.700927734375,1958.683331489563,1997.700927734375,1600,0.0,0.0
2005-10-03 00:00:00+09:00,1966.4863205252918,2013.3074233949417,1966.4863205252918,2005.50390625,900,0.0,0.0
2005-10-04 00:00:00+09:00,2005.50390625,2005.50390625,1997.7003891050583,2005.50390625,700,0.0,0.0
2005-10-05 00:00:00+09:00,2013.3074656519395,2075.735604121767,2013.3074656519395,2036.718017578125,1400,0.0,0.0
2005-10-06 00:00:00+09:00,2067.932086813039,2067.932086813039,2028.9145002693965,2036.718017578125,2100,0.0,0.0
2005-10-07 00:00:00+09:00,2052.3251240271647,2106.949747100131,2036.71808886346,2044.5216064453125,4500,0.0,0.0
2005-10-10 00:00:00+09:00,2044.5216064453123,2044.5216064453123,2044.5216064453123,2044.5216064453125,0,0.0,0.0
2005-10-11 00:00:00+09:00,2099.146747935902,2099.146747935902,2044.5221113725142,2060.129150390625,800,0.0,0.0
2005-10-12 00:00:00+09:00,2067.93212890625,2091.3426813089623,2060.1286114386794,2067.93212890625,1300,0.0,0.0
2005-10-13 00:00:00+09:00,2099.1461987765333,2106.949716244104,2067.93212890625,2067.93212890625,1200,0.0,0.0
2005-10-14 00:00:00+09:00,2099.146147534363,2099.146147534363,2075.735595703125,2075.735595703125,800,0.0,0.0
2005-10-17 00:00:00+09:00,2099.14609667603,2106.949613764045,2075.735545411985,2083.5390625,2200,0.0,0.0
2005-10-18 00:00:00+09:00,2099.146240234375,2099.146240234375,2083.539204990997,2099.146240234375,800,0.0,0.0
2005-10-19 00:00:00+09:00,2091.3427734375,2106.949809060168,2083.539255626166,2091.3427734375,1500,0.0,0.0
2005-10-20 00:00:00+09:00,2091.3425795880153,2091.3425795880153,2075.735545411985,2083.5390625,600,0.0,0.0
2005-10-21 00:00:00+09:00,2075.735545411985,2083.5390625,2052.3249941479403,2083.5390625,2000,0.0,0.0
2005-10-24 00:00:00+09:00,2067.9320784260453,2075.735595703125,2067.9320784260453,2075.735595703125,300,0.0,0.0
2005-10-25 00:00:00+09:00,2075.735595703125,2075.735595703125,2075.735595703125,2075.735595703125,800,0.0,0.0
2005-10-26 00:00:00+09:00,2067.93212890625,2075.735646373821,2052.325093971109,2067.93212890625,2200,0.0,0.0
2005-10-27 00:00:00+09:00,2060.1289582343156,2060.1289582343156,2052.325439453125,2052.325439453125,700,0.0,0.0
2005-10-28 00:00:00+09:00,2052.325439453125,2067.9324770155063,2044.5219206719344,2052.325439453125,1000,0.0,0.0
2005-10-31 00:00:00+09:00,2067.93212890625,2099.1461987765333,2060.1286114386794,2067.93212890625,1600,0.0,0.0
2005-11-01 00:00:00+09:00,2075.735737814832,2091.3427734375,2075.735737814832,2091.3427734375,900,0.0,0.0
2005-11-02 00:00:00+09:00,2114.7531581892235,2208.395364455905,2114.7531581892235,2192.788330078125,5800,0.0,0.0
2005-11-03 00:00:00+09:00,2192.788330078125,2192.788330078125,2192.788330078125,2192.788330078125,0,0.0,0.0
2005-11-04 00:00:00+09:00,2231.80586491578,2247.41289893617,2192.788279864805,2200.591796875,3300,0.0,0.0
2005-11-07 00:00:00+09:00,2216.198974609375,2224.0024921256054,2200.5919395769147,2216.198974609375,2700,0.0,0.0
2005-11-08 00:00:00+09:00,2247.413035250865,2278.627105184905,2239.609517767355,2255.216552734375,2100,0.0,0.0
2005-11-09 00:00:00+09:00,2302.0377506621894,2302.0377506621894,2278.627197265625,2278.627197265625,1400,0.0,0.0
2005-11-10 00:00:00+09:00,2302.0381202028507,2302.0381202028507,2224.0029296875,2224.0029296875,1700,0.0,0.0
2005-11-11 00:00:00+09:00,2192.788330078125,2239.609433211466,2184.984812889235,2192.788330078125,1200,0.0,0.0
2005-11-14 00:00:00+09:00,2208.3953138851953,2216.19883089539,2200.591796875,2200.591796875,500,0.0,0.0
2005-11-15 00:00:00+09:00,2216.1990255079504,2216.1990255079504,2200.5919901170496,2208.3955078125,700,0.0,0.0
2005-11-16 00:00:00+09:00,2208.3954666848676,2208.3954666848676,2161.5743613841287,2177.181396484375,1800,0.0,0.0
2005-11-17 00:00:00+09:00,2083.5391459517045,2145.96728515625,2083.5391459517045,2145.96728515625,1700,0.0,0.0
2005-11-18 00:00:00+09:00,2114.7532560833893,2177.181396484375,2099.146220983143,2177.181396484375,7200,0.0,0.0
2005-11-21 00:00:00+09:00,2169.377878934252,2224.0025017851144,2169.377878934252,2177.181396484375,4500,0.0,0.0
2005-11-22 00:00:00+09:00,2161.5743711151345,2169.3778887003878,2106.9497480183622,2138.163818359375,5500,0.0,0.0
2005-11-23 00:00:00+09:00,2138.163818359375,2138.163818359375,2138.163818359375,2138.163818359375,0,0.0,0.0
2005-11-24 00:00:00+09:00,2091.3426813089623,2106.949716244104,2067.93212890625,2067.93212890625,5600,0.0,0.0
2005-11-25 00:00:00+09:00,2036.718017578125,2075.735604121767,2036.718017578125,2036.718017578125,3900,0.0,0.0
2005-11-28 00:00:00+09:00,2036.718017578125,2044.5215348868535,2005.5039483432113,2036.718017578125,7500,0.0,0.0
2005-11-29 00:00:00+09:00,2036.7180013621426,2114.753173828125,2013.3074496223478,2114.753173828125,6200,0.0,0.0
2005-11-30 00:00:00+09:00,2067.9320784260453,2099.146147534363,2067.9320784260453,2075.735595703125,2900,0.0,0.0
2005-12-01 00:00:00+09:00,2067.9318802445023,2114.7529794198495,2067.9318802445023,2106.949462890625,1900,0.0,0.0
2005-12-02 00:00:00+09:00,2091.342722612686,2099.146240234375,2091.342722612686,2099.146240234375,1000,0.0,0.0
2005-12-05 00:00:00+09:00,2099.146240234375,2099.146240234375,2083.539204990997,2099.146240234375,2700,0.0,0.0
2005-12-06 00:00:00+09:00,2106.949809060168,2106.949809060168,2083.539255626166,2091.3427734375,2400,0.0,0.0
2005-12-07 00:00:00+09:00,2091.3426813089623,2091.3426813089623,2067.93212890625,2067.93212890625,3100,0.0,0.0
2005-12-08 00:00:00+09:00,2067.9326698996806,2067.9326698996806,2021.1115528453481,2060.129150390625,3100,0.0,0.0
2005-12-09 00:00:00+09:00,2060.1286114386794,2067.93212890625,2044.521576503538,2067.93212890625,1000,0.0,0.0
2005-12-12 00:00:00+09:00,2067.9321591908692,2075.7356767727215,2036.71808886346,2044.5216064453125,2900,0.0,0.0
2005-12-13 00:00:00+09:00,2044.5221113725142,2060.129150390625,2036.7185918634589,2060.129150390625,3800,0.0,0.0
2005-12-14 00:00:00+09:00,2067.932086813039,2067.932086813039,2036.718017578125,2036.718017578125,2800,0.0,0.0
2005-12-15 00:00:00+09:00,2028.9144069464633,2044.5214408460513,2013.307373046875,2013.307373046875,6100,0.0,0.0
2005-12-16 00:00:00+09:00,2013.3074656519395,2036.718017578125,2013.3074656519395,2036.718017578125,2600,0.0,0.0
2005-12-19 00:00:00+09:00,2052.325093971109,2067.93212890625,2052.325093971109,2067.93212890625,3800,0.0,0.0
2005-12-20 00:00:00+09:00,2091.343002375229,2138.1641143687043,2091.343002375229,2130.360595703125,5800,0.0,0.0
2005-12-21 00:00:00+09:00,2184.9848232581967,2426.8938572617826,2184.9848232581967,2380.07275390625,29900,0.0,0.0
2005-12-22 00:00:00+09:00,2403.483992034314,2419.0910309436276,2380.073433670343,2387.876953125,10000,0.0,0.0
2005-12-23 00:00:00+09:00,2387.876953125,2387.876953125,2387.876953125,2387.876953125,0,0.0,0.0
2005-12-26 00:00:00+09:00,2419.0907312449103,2419.0907312449103,2395.68017578125,2395.68017578125,5000,0.0,0.0
2005-12-27 00:00:00+09:00,2411.2875114889707,2419.0910309436276,2348.859355851716,2387.876953125,6200,0.0,0.0
2005-12-28 00:00:00+09:00,2403.483604029605,2403.483604029605,2348.858976665296,2372.26953125,2900,0.0,0.0
2005-12-29 00:00:00+09:00,2372.2692366803276,2419.0903400358607,2372.2692366803276,2380.07275390625,6000,0.0,0.0
2005-12-30 00:00:00+09:00,2403.483992034314,2419.0910309436276,2387.876953125,2387.876953125,1800,0.0,0.0
2006-01-02 00:00:00+09:00,2387.876953125,2387.876953125,2387.876953125,2387.876953125,0,0.0,0.0
2006-01-03 00:00:00+09:00,2387.876953125,2387.876953125,2387.876953125,2387.876953125,0,0.0,0.0
2006-01-04 00:00:00+09:00,2403.484006076389,2473.715681578621,2395.680486576141,2458.108642578125,2600,0.0,0.0
2006-01-05 00:00:00+09:00,2473.7151261039403,2832.67694251019,2473.7151261039403,2692.213623046875,14300,0.0,0.0
2006-01-06 00:00:00+09:00,2692.2136629208453,2785.8558772833094,2668.8031093302293,2723.427734375,5500,0.0,0.0
2006-01-09 00:00:00+09:00,2723.427734375,2723.427734375,2723.427734375,2723.427734375,0,0.0,0.0
2006-01-10 00:00:00+09:00,2832.6771171875002,2934.122854166667,2801.4630442708335,2926.3193359375,5300,0.0,0.0
2006-01-11 00:00:00+09:00,3043.372314453125,3090.193426983173,3004.354720678085,3043.372314453125,11100,0.0,0.0
2006-01-12 00:00:00+09:00,3043.3724715358526,3074.58654816699,3019.9619140625,3019.9619140625,5700,0.0,0.0
2006-01-13 00:00:00+09:00,2941.9260170821744,3012.1576726623857,2887.3013960753437,2980.943603515625,3100,0.0,0.0
2006-01-16 00:00:00+09:00,3035.568564833604,3035.568564833604,3004.3544921875,3004.3544921875,2600,0.0,0.0
2006-01-17 00:00:00+09:00,3004.354030661387,3004.354030661387,2817.0696235552223,2848.28369140625,3500,0.0,0.0
2006-01-18 00:00:00+09:00,2692.2136681189904,2700.0171859975962,2458.1081317608173,2536.143310546875,7100,0.0,0.0
2006-01-19 00:00:00+09:00,2419.090674957099,2848.284181804326,2419.090674957099,2700.017333984375,6100,0.0,0.0
2006-01-20 00:00:00+09:00,2840.4803533636527,2848.283870817949,2707.820556640625,2707.820556640625,2400,0.0,0.0
2006-01-23 00:00:00+09:00,2723.427877035486,2723.427877035486,2590.76806640625,2590.76806640625,4100,0.0,0.0
2006-01-24 00:00:00+09:00,2590.768053366098,2645.392680997311,2582.9645351330673,2629.78564453125,700,0.0,0.0
2006-01-25 00:00:00+09:00,2700.017180784384,2731.2312522385387,2653.1960736031515,2723.427734375,1700,0.0,0.0
2006-01-26 00:00:00+09:00,2793.6595785651407,2801.463096941021,2770.2490234375,2770.2490234375,1200,0.0,0.0
2006-01-27 00:00:00+09:00,2879.498016357422,2879.498016357422,2809.266357421875,2809.266357421875,1400,0.0,0.0
2006-01-30 00:00:00+09:00,2809.266357421875,2817.06987508138,2809.266357421875,2809.266357421875,1300,0.0,0.0
2006-01-31 00:00:00+09:00,2809.266705219972,2809.266705219972,2793.65966796875,2793.65966796875,2000,0.0,0.0
2006-02-01 00:00:00+09:00,2793.659877626236,2793.659877626236,2762.44580078125,2762.44580078125,1200,0.0,0.0
2006-02-02 00:00:00+09:00,2746.837940705128,2762.4449744591343,2739.034423828125,2739.034423828125,1200,0.0,0.0
2006-02-03 00:00:00+09:00,2754.64208984375,2793.659683184313,2731.2315338394124,2754.64208984375,2300,0.0,0.0
2006-02-06 00:00:00+09:00,2739.034423828125,2770.2484913361377,2731.2309069511216,2739.034423828125,1800,0.0,0.0
2006-02-07 00:00:00+09:00,2762.4455050616198,2778.0525418133802,2739.034949933979,2770.2490234375,2000,0.0,0.0
2006-02-08 00:00:00+09:00,2785.8563232421875,2785.8563232421875,2731.231689453125,2731.231689453125,1600,0.0,0.0
2006-02-09 00:00:00+09:00,2731.2312522385387,2739.0347701020773,2723.427734375,2723.427734375,1000,0.0,0.0
2006-02-10 00:00:00+09:00,2528.3399333428897,2575.16104321961,2465.911786840596,2551.75048828125,7200,0.0,0.0
2006-02-13 00:00:00+09:00,2497.125822368421,2520.536376953125,2481.5187859786183,2520.536376953125,2300,0.0,0.0
2006-02-14 00:00:00+09:00,2473.715681578621,2497.1262400793653,2411.287525576637,2458.108642578125,3000,0.0,0.0
2006-02-15 00:00:00+09:00,2419.090576171875,2481.5187200730848,2403.4835401965724,2419.090576171875,2300,0.0,0.0
2006-02-16 00:00:00+09:00,2489.3223688263997,2489.3223688263997,2473.71533203125,2473.71533203125,600,0.0,0.0
2006-02-17 00:00:00+09:00,2473.715360660118,2473.715360660118,2395.68017578125,2395.68017578125,2000,0.0,0.0
2006-02-20 00:00:00+09:00,2341.0552450529844,2356.6622800200043,2192.7884128662954,2255.216552734375,3400,0.0,0.0
2006-02-21 00:00:00+09:00,2192.7886248432274,2333.251953125,2192.7886248432274,2333.251953125,3300,0.0,0.0
2006-02-22 00:00:00+09:00,2325.4481412760415,2341.05517578125,2302.037589518229,2341.05517578125,2800,0.0,0.0
2006-02-23 00:00:00+09:00,2341.055200661823,2450.304443359375,2341.055200661823,2450.304443359375,500,0.0,0.0
2006-02-24 00:00:00+09:00,2458.1083466735067,2465.911865234375,2450.3048281126385,2465.911865234375,500,0.0,0.0
2006-02-27 00:00:00+09:00,2481.5185546875,2536.1431769604956,2481.5185546875,2481.5185546875,900,0.0,0.0
2006-02-28 00:00:00+09:00,2497.125939477848,2497.125939477848,2458.1083466735067,2465.911865234375,1100,0.0,0.0
2006-03-01 00:00:00+09:00,2465.912162078373,2489.3227205791172,2458.108642578125,2458.108642578125,900,0.0,0.0
2006-03-02 00:00:00+09:00,2489.3223303651657,2489.3223303651657,2442.501220703125,2442.501220703125,700,0.0,0.0
2006-03-03 00:00:00+09:00,2442.5015700361737,2442.5015700361737,2426.89453125,2426.89453125,500,0.0,0.0
2006-03-06 00:00:00+09:00,2434.697790990902,2481.5189023561115,2434.697790990902,2465.911865234375,700,0.0,0.0
2006-03-07 00:00:00+09:00,2442.501603577629,2458.108642578125,2419.091045076885,2458.108642578125,600,0.0,0.0
2006-03-08 00:00:00+09:00,2434.698050643087,2434.698050643087,2426.89453125,2426.89453125,200,0.0,0.0
2006-03-09 00:00:00+09:00,2434.6978271484377,2497.1259765625,2434.6978271484377,2497.1259765625,800,0.0,0.0
2006-03-10 00:00:00+09:00,2473.715681578621,2473.715681578621,2458.108642578125,2458.108642578125,300,0.0,0.0
2006-03-13 00:00:00+09:00,2465.911901855469,2497.1259765625,2458.108383178711,2497.1259765625,600,0.0,0.0
2006-03-14 00:00:00+09:00,2497.1259765625,2497.1259765625,2481.518939208984,2497.1259765625,400,0.0,0.0
2006-03-15 00:00:00+09:00,2497.125721153846,2536.143310546875,2497.125721153846,2536.143310546875,600,0.0,0.0
2006-03-16 00:00:00+09:00,2512.733050311053,2536.143606680411,2497.1260127314813,2528.340087890625,1100,0.0,0.0
2006-03-17 00:00:00+09:00,2497.125822368421,2520.536376953125,2481.5187859786183,2520.536376953125,800,0.0,0.0
2006-03-20 00:00:00+09:00,2481.518939208984,2520.5365325927733,2481.518939208984,2497.1259765625,1600,0.0,0.0
2006-03-21 00:00:00+09:00,2497.1259765625,2497.1259765625,2497.1259765625,2497.1259765625,0,0.0,0.0
2006-03-22 00:00:00+09:00,2504.928905036879,2528.3394555512423,2504.928905036879,2512.732421875,400,0.0,0.0
2006-03-23 00:00:00+09:00,2512.7327169733258,2520.536234727901,2504.92919921875,2504.92919921875,1000,0.0,0.0
2006-03-24 00:00:00+09:00,2497.1253881987577,2528.3394555512423,2497.1253881987577,2512.732421875,700,0.0,0.0
2006-03-27 00:00:00+09:00,2520.5368451374334,2559.554443359375,2520.5368451374334,2559.554443359375,2300,0.0,0.0
2006-03-28 00:00:00+09:00,2539.8955078125,2547.758961397059,2539.8955078125,2539.8955078125,1100,25.0,0.0
2006-03-29 00:00:00+09:00,2516.3045904503106,2532.031494140625,2508.4411386051534,2532.031494140625,700,0.0,0.0
2006-03-30 00:00:00+09:00,2532.031494140625,2539.894945985782,2532.031494140625,2532.031494140625,500,0.0,0.0
2006-03-31 00:00:00+09:00,2524.16845703125,2524.16845703125,2516.305003894081,2524.16845703125,600,0.0,0.0
2006-04-03 00:00:00+09:00,2539.8955368041993,2539.8955368041993,2516.30517578125,2516.30517578125,1700,0.0,0.0
2006-04-04 00:00:00+09:00,2539.8955078125,2539.8955078125,2516.3051470588234,2539.8955078125,1000,0.0,0.0
2006-04-05 00:00:00+09:00,2547.758961397059,2555.6224149816176,2539.8955078125,2539.8955078125,1100,0.0,0.0
2006-04-06 00:00:00+09:00,2539.894945985782,2539.894945985782,2524.168042295468,2532.031494140625,700,0.0,0.0
2006-04-07 00:00:00+09:00,2547.7583978309394,2547.7583978309394,2524.168042295468,2532.031494140625,900,0.0,0.0
2006-04-10 00:00:00+09:00,2532.031494140625,2547.7583978309394,2524.168042295468,2532.031494140625,500,0.0,0.0
2006-04-11 00:00:00+09:00,2532.031494140625,2532.031494140625,2516.3045904503106,2532.031494140625,800,0.0,0.0
2006-04-12 00:00:00+09:00,2539.8955078125,2878.0240119485297,2516.3051470588234,2807.2529296875,26700,0.0,0.0
2006-04-13 00:00:00+09:00,2689.3008604307433,2822.979558171453,2602.802879539696,2618.52978515625,26800,0.0,0.0
2006-04-14 00:00:00+09:00,2649.9835006009616,2665.7104056490384,2555.6220703125,2555.6220703125,4200,0.0,0.0
2006-04-17 00:00:00+09:00,2634.2567726417824,2634.2567726417824,2547.7587890625,2547.7587890625,1900,0.0,0.0
2006-04-18 00:00:00+09:00,2524.16845703125,2547.758816442757,2524.16845703125,2524.16845703125,1300,0.0,0.0
2006-04-19 00:00:00+09:00,2539.8955368041993,2539.8955368041993,2516.30517578125,2516.30517578125,900,0.0,0.0
2006-04-20 00:00:00+09:00,2516.30478577044,2516.30478577044,2500.577880859375,2500.577880859375,1300,0.0,0.0
2006-04-21 00:00:00+09:00,2508.4413333149078,2516.30478577044,2500.577880859375,2500.577880859375,1100,0.0,0.0
2006-04-24 00:00:00+09:00,2476.987647888379,2476.987647888379,2461.2607421875,2461.2607421875,2300,0.0,0.0
2006-04-25 00:00:00+09:00,2469.1240234375,2484.8509280453823,2469.1240234375,2469.1240234375,400,0.0,0.0
2006-04-26 00:00:00+09:00,2476.9874757414414,2476.9874757414414,2469.1240234375,2469.1240234375,800,0.0,0.0
2006-04-27 00:00:00+09:00,2469.1240710372444,2500.577880859375,2461.2606185817117,2500.577880859375,1100,0.0,0.0
2006-04-28 00:00:00+09:00,2516.304737261147,2516.304737261147,2469.1240234375,2469.1240234375,1000,0.0,0.0
2006-05-01 00:00:00+09:00,2445.533666525677,2508.4412849572054,2406.2164050059714,2469.1240234375,1500,0.0,0.0
2006-05-02 00:00:00+09:00,2437.67041015625,2453.3973160282258,2437.67041015625,2437.67041015625,900,0.0,0.0
2006-05-03 00:00:00+09:00,2437.67041015625,2437.67041015625,2437.67041015625,2437.67041015625,0,0.0,0.0
2006-05-04 00:00:00+09:00,2437.67041015625,2437.67041015625,2437.67041015625,2437.67041015625,0,0.0,0.0
2006-05-05 00:00:00+09:00,2437.67041015625,2437.67041015625,2437.67041015625,2437.67041015625,0,0.0,0.0
2006-05-08 00:00:00+09:00,2445.5340506638154,2508.441678976711,2445.5340506638154,2484.851318359375,500,0.0,0.0
2006-05-09 00:00:00+09:00,2453.3971661261794,2500.577880859375,2453.3971661261794,2500.577880859375,300,0.0,0.0
2006-05-10 00:00:00+09:00,2500.5778326532645,2500.5778326532645,2469.1240234375,2469.1240234375,400,0.0,0.0
2006-05-11 00:00:00+09:00,2469.1240234375,2469.1240234375,2469.1240234375,2469.1240234375,300,0.0,0.0
2006-05-12 00:00:00+09:00,2445.5341796875,2445.5341796875,2445.5341796875,2445.5341796875,200,0.0,0.0
2006-05-15 00:00:00+09:00,2445.533863092238,2453.3973160282258,2437.67041015625,2437.67041015625,800,0.0,0.0
2006-05-16 00:00:00+09:00,2445.534137539444,2453.397591357899,2414.080322265625,2414.080322265625,1800,0.0,0.0
2006-05-17 00:00:00+09:00,2398.3535463446815,2453.3977260968545,2374.76318359375,2374.76318359375,700,0.0,0.0
2006-05-18 00:00:00+09:00,2366.8997293434395,2374.76318359375,2343.3093665925085,2374.76318359375,1400,0.0,0.0
2006-05-19 00:00:00+09:00,2366.8990724267737,2382.6259765625,2359.035620358911,2382.6259765625,600,0.0,0.0
2006-05-22 00:00:00+09:00,2437.67041015625,2453.3973160282258,2437.67041015625,2437.67041015625,400,0.0,0.0
2006-05-23 00:00:00+09:00,2453.397289337061,2461.2607421875,2453.397289337061,2461.2607421875,200,0.0,0.0
2006-05-24 00:00:00+09:00,2476.9881304572614,2476.9881304572614,2406.217041015625,2406.217041015625,400,0.0,0.0
2006-05-25 00:00:00+09:00,2406.217041015625,2406.217041015625,2406.217041015625,2406.217041015625,100,0.0,0.0
2006-05-26 00:00:00+09:00,2406.217041015625,2406.217041015625,2406.217041015625,2406.217041015625,0,0.0,0.0
2006-05-29 00:00:00+09:00,2453.3973160282258,2453.3973160282258,2406.2165984122985,2437.67041015625,1100,0.0,0.0
2006-05-30 00:00:00+09:00,2453.3969454405737,2453.3969454405737,2398.352783203125,2398.352783203125,1000,0.0,0.0
2006-05-31 00:00:00+09:00,2359.035230871055,2366.898681640625,2351.1717801014847,2366.898681640625,1100,0.0,0.0
2006-06-01 00:00:00+09:00,2390.4894531249997,2390.4894531249997,2343.308740234375,2359.03564453125,1000,0.0,0.0
2006-06-02 00:00:00+09:00,2359.0359717300257,2359.0359717300257,2201.766906948024,2288.264892578125,1900,0.0,0.0
2006-06-05 00:00:00+09:00,2303.9912328259697,2303.9912328259697,2272.537427599677,2280.40087890625,1000,0.0,0.0
2006-06-06 00:00:00+09:00,2288.2648289271765,2303.991734967913,2201.766845703125,2201.766845703125,1700,0.0,0.0
2006-06-07 00:00:00+09:00,2201.766649702905,2280.40117290658,2201.766649702905,2233.220458984375,1600,0.0,0.0
2006-06-08 00:00:00+09:00,2225.356883715558,2225.356883715558,2193.903076171875,2193.903076171875,1900,0.0,0.0
2006-06-09 00:00:00+09:00,2193.903366034949,2241.084083584088,2193.903366034949,2225.357177734375,1600,0.0,0.0
2006-06-12 00:00:00+09:00,2264.674488240418,2264.674488240418,2256.81103515625,2256.81103515625,600,0.0,0.0
2006-06-13 00:00:00+09:00,2241.084228515625,2272.5380422491776,2241.084228515625,2241.084228515625,600,0.0,0.0
2006-06-14 00:00:00+09:00,2248.947582072082,2256.81103515625,2241.0841289879136,2256.81103515625,500,0.0,0.0
2006-06-15 00:00:00+09:00,2272.537427599677,2280.40087890625,2264.6739762931034,2280.40087890625,1000,0.0,0.0
2006-06-16 00:00:00+09:00,2280.4010260595037,2296.1279296875,2280.4010260595037,2296.1279296875,600,0.0,0.0
2006-06-19 00:00:00+09:00,2233.2206306592316,2233.2206306592316,2209.6302718846623,2225.357177734375,10000,0.0,0.0
2006-06-20 00:00:00+09:00,2233.2206306592316,2233.2206306592316,2217.4937248095184,2225.357177734375,3600,0.0,0.0
2006-06-21 00:00:00+09:00,2217.493334352758,2217.493334352758,2209.6298828125,2209.6298828125,2700,0.0,0.0
2006-06-22 00:00:00+09:00,2217.493334352758,2225.356785893016,2209.6298828125,2209.6298828125,2000,0.0,0.0
2006-06-23 00:00:00+09:00,2217.493334352758,2225.356785893016,2209.6298828125,2209.6298828125,1000,0.0,0.0
2006-06-26 00:00:00+09:00,2209.6302718846623,2225.357177734375,2209.6302718846623,2225.357177734375,1900,0.0,0.0
2006-06-27 00:00:00+09:00,2225.357177734375,2225.357177734375,2217.4937248095184,2225.357177734375,1600,0.0,0.0
2006-06-28 00:00:00+09:00,2217.49355434364,2233.220458984375,2217.49355434364,2233.220458984375,1600,0.0,0.0
2006-06-29 00:00:00+09:00,2233.220458984375,2233.220458984375,2225.3570066640077,2233.220458984375,1600,0.0,0.0
2006-06-30 00:00:00+09:00,2217.49365234375,2225.3571050116357,2209.6301996758643,2217.49365234375,1800,0.0,0.0
2006-07-03 00:00:00+09:00,2233.220458984375,2233.220458984375,2225.3570066640077,2233.220458984375,2900,0.0,0.0
2006-07-04 00:00:00+09:00,2225.3573216488485,2241.084228515625,2225.3573216488485,2241.084228515625,3000,0.0,0.0
2006-07-05 00:00:00+09:00,2233.220458984375,2241.0839113047427,2225.3570066640077,2233.220458984375,1300,0.0,0.0
2006-07-06 00:00:00+09:00,2233.220458984375,2241.0839113047427,2225.3570066640077,2233.220458984375,1300,0.0,0.0
2006-07-07 00:00:00+09:00,2241.084228515625,2241.084228515625,2233.2207750822367,2241.084228515625,2500,0.0,0.0
2006-07-10 00:00:00+09:00,2241.084228515625,2241.084228515625,2225.3573216488485,2241.084228515625,1500,0.0,0.0
2006-07-11 00:00:00+09:00,2241.084228515625,2241.084228515625,2241.084228515625,2241.084228515625,600,0.0,0.0
2006-07-12 00:00:00+09:00,2241.0839113047427,2241.0839113047427,2225.3570066640077,2233.220458984375,1900,0.0,0.0
2006-07-13 00:00:00+09:00,2225.357177734375,2233.2206306592316,2225.357177734375,2225.357177734375,800,0.0,0.0
2006-07-14 00:00:00+09:00,2217.49365234375,2217.49365234375,2217.49365234375,2217.49365234375,1000,0.0,0.0
2006-07-17 00:00:00+09:00,2217.49365234375,2217.49365234375,2217.49365234375,2217.49365234375,0,0.0,0.0
2006-07-18 00:00:00+09:00,2225.35720476423,2225.35720476423,2201.766845703125,2201.766845703125,2000,0.0,0.0
2006-07-19 00:00:00+09:00,2193.903392682757,2209.6302987234935,2193.903392682757,2201.766845703125,1200,0.0,0.0
2006-07-20 00:00:00+09:00,2209.6298828125,2209.6298828125,2201.7664312722422,2209.6298828125,1100,0.0,0.0
2006-07-21 00:00:00+09:00,2209.6298828125,2217.493334352758,2209.6298828125,2209.6298828125,700,0.0,0.0
2006-07-24 00:00:00+09:00,2209.6302987234935,2209.6302987234935,2201.766845703125,2201.766845703125,1000,0.0,0.0
2006-07-25 00:00:00+09:00,2225.356785893016,2225.356785893016,2209.6298828125,2209.6298828125,400,0.0,0.0
2006-07-26 00:00:00+09:00,2225.35720476423,2225.35720476423,2201.766845703125,2201.766845703125,1300,0.0,0.0
2006-07-27 00:00:00+09:00,2209.6302987234935,2209.6302987234935,2201.766845703125,2201.766845703125,1000,0.0,0.0
2006-07-28 00:00:00+09:00,2209.6302987234935,2209.6302987234935,2193.903392682757,2201.766845703125,1700,0.0,0.0
2006-07-31 00:00:00+09:00,2209.6301996758643,2225.3571050116357,2209.6301996758643,2217.49365234375,800,0.0,0.0
2006-08-01 00:00:00+09:00,2225.357177734375,2233.2206306592316,2225.357177734375,2225.357177734375,1000,0.0,0.0
2006-08-02 00:00:00+09:00,2225.357177734375,2225.357177734375,2217.4937248095184,2225.357177734375,1100,0.0,0.0
2006-08-03 00:00:00+09:00,2233.220458984375,2233.220458984375,2225.3570066640077,2233.220458984375,1300,0.0,0.0
2006-08-04 00:00:00+09:00,2233.220458984375,2241.0839113047427,2225.3570066640077,2233.220458984375,900,0.0,0.0
2006-08-07 00:00:00+09:00,2241.084083584088,2241.084083584088,2225.357177734375,2225.357177734375,1200,0.0,0.0
2006-08-08 00:00:00+09:00,2225.3570066640077,2233.220458984375,2225.3570066640077,2233.220458984375,700,0.0,0.0
2006-08-09 00:00:00+09:00,2225.357177734375,2233.2206306592316,2225.357177734375,2225.357177734375,500,0.0,0.0
2006-08-10 00:00:00+09:00,2217.4937248095184,2225.357177734375,2217.4937248095184,2225.357177734375,1100,0.0,0.0
2006-08-11 00:00:00+09:00,2225.357177734375,2225.357177734375,2225.357177734375,2225.357177734375,500,0.0,0.0
2006-08-14 00:00:00+09:00,2225.3573216488485,2241.084228515625,2225.3573216488485,2241.084228515625,1200,0.0,0.0
2006-08-15 00:00:00+09:00,2248.9470736799567,2547.758223329741,2248.9470736799567,2280.40087890625,80000,0.0,0.0
2006-08-16 00:00:00+09:00,2280.401582164569,2319.718850822579,2264.6746747013653,2303.991943359375,5400,0.0,0.0
2006-08-17 00:00:00+09:00,2311.8548333154968,2335.4451887574915,2288.2644778735016,2296.1279296875,2800,0.0,0.0
2006-08-18 00:00:00+09:00,2319.718994140625,2319.718994140625,2296.1286314883473,2319.718994140625,1500,0.0,0.0
2006-08-21 00:00:00+09:00,2327.5821754404365,2343.30908203125,2327.5821754404365,2343.30908203125,1900,0.0,0.0
2006-08-22 00:00:00+09:00,2327.5818359375,2359.03564453125,2327.5818359375,2359.03564453125,2000,0.0,0.0
2006-08-23 00:00:00+09:00,2382.6266378440605,2421.9439090956125,2374.76318359375,2374.76318359375,4100,0.0,0.0
2006-08-24 00:00:00+09:00,2406.217041015625,2406.217041015625,2398.3535866332213,2406.217041015625,1400,0.0,0.0
2006-08-25 00:00:00+09:00,2429.806884765625,2429.806884765625,2421.943432064118,2429.806884765625,1300,0.0,0.0
2006-08-28 00:00:00+09:00,2437.670337467132,2445.5337901686385,2429.806884765625,2429.806884765625,2400,0.0,0.0
2006-08-29 00:00:00+09:00,2437.6705541366186,2461.260914337941,2437.6705541366186,2453.3974609375,1600,0.0,0.0
2006-08-30 00:00:00+09:00,2453.3973160282258,2476.9876748361894,2429.806957220262,2437.67041015625,2800,0.0,0.0
2006-08-31 00:00:00+09:00,2421.9435042842742,2437.67041015625,2421.9435042842742,2437.67041015625,1200,0.0,0.0
2006-09-01 00:00:00+09:00,2421.9439497804333,2437.670858545241,2398.3535866332213,2406.217041015625,3500,0.0,0.0
2006-09-04 00:00:00+09:00,2421.9433111893504,2421.9433111893504,2382.6260496440686,2390.489501953125,2000,0.0,0.0
2006-09-05 00:00:00+09:00,2382.6260496440686,2390.489501953125,2374.7625973350123,2390.489501953125,2900,0.0,0.0
2006-09-06 00:00:00+09:00,2390.4899608102605,2414.080322265625,2382.626506991806,2414.080322265625,2100,0.0,0.0
2006-09-07 00:00:00+09:00,2414.080495398029,2414.080495398029,2406.217041015625,2406.217041015625,1100,0.0,0.0
2006-09-08 00:00:00+09:00,2406.21686844717,2414.080322265625,2398.353414628715,2414.080322265625,1300,0.0,0.0
2006-09-11 00:00:00+09:00,2414.080495398029,2414.080495398029,2406.217041015625,2406.217041015625,1400,0.0,0.0
2006-09-12 00:00:00+09:00,2414.080495398029,2414.080495398029,2406.217041015625,2406.217041015625,1000,0.0,0.0
2006-09-13 00:00:00+09:00,2414.0796866995393,2421.943138447746,2398.352783203125,2398.352783203125,1600,0.0,0.0
2006-09-14 00:00:00+09:00,2414.079858880294,2414.079858880294,2390.489501953125,2390.489501953125,2600,0.0,0.0
2006-09-15 00:00:00+09:00,2382.6266278800317,2382.6266278800317,2311.855539923199,2319.718994140625,9300,0.0,0.0
2006-09-18 00:00:00+09:00,2319.718994140625,2319.718994140625,2319.718994140625,2319.718994140625,0,0.0,0.0
2006-09-19 00:00:00+09:00,2327.58203125,2351.1723896748313,2327.58203125,2327.58203125,3000,0.0,0.0
2006-09-20 00:00:00+09:00,2335.4453374123086,2343.3087897268283,2311.85498046875,2311.85498046875,5600,0.0,0.0
2006-09-21 00:00:00+09:00,2327.582448358051,2335.445902575477,2311.855539923199,2319.718994140625,2700,0.0,0.0
2006-09-22 00:00:00+09:00,2343.3089105612457,2351.17236328125,2335.4454578412415,2351.17236328125,4500,0.0,0.0
2006-09-25 00:00:00+09:00,2351.1717801014847,2366.898681640625,2343.3083293319146,2366.898681640625,10000,0.0,0.0
2006-09-26 00:00:00+09:00,2201.766703591418,2209.630156104244,2107.4052734375,2107.4052734375,9900,0.0,0.0
2006-09-27 00:00:00+09:00,2123.1321784631527,2123.1321784631527,2099.541820924673,2107.4052734375,3200,0.0,0.0
2006-09-28 00:00:00+09:00,2107.4049552317415,2107.4049552317415,2083.814601255267,2099.54150390625,3300,0.0,0.0
2006-09-29 00:00:00+09:00,2099.5416509351767,2115.2685546875,2099.5416509351767,2115.2685546875,1900,0.0,0.0
2006-10-02 00:00:00+09:00,2083.815358479818,2091.6788126627603,2075.951904296875,2075.951904296875,4600,0.0,0.0
2006-10-03 00:00:00+09:00,2068.0878901518595,2068.0878901518595,2028.7706298828125,2028.7706298828125,3900,0.0,0.0
2006-10-04 00:00:00+09:00,2005.1806640625,2020.9075712316178,1997.3172104779412,2005.1806640625,2300,0.0,0.0
2006-10-05 00:00:00+09:00,2005.1803722609561,2028.7707295816733,1965.8631100597609,1973.7265625,5000,0.0,0.0
2006-10-06 00:00:00+09:00,1942.2725090709157,1973.7263148858294,1926.545606163459,1934.4090576171875,4600,0.0,0.0
2006-10-09 00:00:00+09:00,1934.4090576171873,1934.4090576171873,1934.4090576171873,1934.4090576171875,0,0.0,0.0
2006-10-10 00:00:00+09:00,1910.819019159995,1926.5459246674845,1887.2286608987604,1902.95556640625,4200,0.0,0.0
2006-10-11 00:00:00+09:00,1847.9113555372808,1871.501713267544,1792.8671875,1792.8671875,5400,0.0,0.0
2006-10-12 00:00:00+09:00,1729.959859762106,1753.5502214861347,1722.0964058540962,1745.686767578125,5200,0.0,0.0
2006-10-13 00:00:00+09:00,1761.413675394144,1777.1405832101634,1729.959859762106,1745.686767578125,4100,0.0,0.0
2006-10-16 00:00:00+09:00,1777.1405453889267,1808.5943603515625,1769.2770916482677,1808.5943603515625,4200,0.0,0.0
2006-10-17 00:00:00+09:00,1832.184742894666,1840.048196726832,1816.4578352303342,1824.3212890625,1800,0.0,0.0
2006-10-18 00:00:00+09:00,1832.184450383772,1840.0479029605262,1792.8671875,1792.8671875,3400,0.0,0.0
2006-10-19 00:00:00+09:00,1816.4578140922215,1824.3212678328805,1800.7309066109035,1808.5943603515625,3700,0.0,0.0
2006-10-20 00:00:00+09:00,1832.184670716653,1832.184670716653,1808.5943101494859,1816.457763671875,2400,0.0,0.0
2006-10-23 00:00:00+09:00,1816.457495543634,1816.457495543634,1800.7305908203125,1800.7305908203125,5200,0.0,0.0
2006-10-24 00:00:00+09:00,1816.457495543634,1816.457495543634,1792.8671384586517,1800.7305908203125,3500,0.0,0.0
2006-10-25 00:00:00+09:00,1808.5940926535088,1816.4575452302631,1792.8671875,1792.8671875,2600,0.0,0.0
2006-10-26 00:00:00+09:00,1808.5940431819733,1816.457495543634,1792.8671384586517,1800.7305908203125,4200,0.0,0.0
2006-10-27 00:00:00+09:00,1808.5940431819733,1808.5940431819733,1792.8671384586517,1800.7305908203125,2000,0.0,0.0
2006-10-30 00:00:00+09:00,1800.7308566270967,1824.321217194264,1800.7308566270967,1816.457763671875,3800,0.0,0.0
2006-10-31 00:00:00+09:00,1840.0481753141985,1847.9116290548575,1785.0039991295857,1808.5943603515625,12400,0.0,0.0
2006-11-01 00:00:00+09:00,1824.3209978070176,1824.3209978070176,1792.8671875,1792.8671875,2400,0.0,0.0
2006-11-02 00:00:00+09:00,1785.0040790929204,1792.8675331858408,1777.140625,1777.140625,1700,0.0,0.0
2006-11-03 00:00:00+09:00,1777.140625,1777.140625,1777.140625,1777.140625,0,0.0,0.0
2006-11-06 00:00:00+09:00,1785.0040790929204,1785.0040790929204,1777.140625,1777.140625,700,0.0,0.0
2006-11-07 00:00:00+09:00,1792.8673595814978,1792.8673595814978,1777.1404529185022,1785.00390625,700,0.0,0.0
2006-11-08 00:00:00+09:00,1785.0041819981166,1785.0041819981166,1761.413818359375,1761.413818359375,1700,0.0,0.0
2006-11-09 00:00:00+09:00,1761.413726668552,1769.2771808054652,1737.8233642578125,1737.8233642578125,600,0.0,0.0
2006-11-10 00:00:00+09:00,1737.8233642578125,1737.8233642578125,1729.9599101208992,1737.8233642578125,1600,0.0,0.0
2006-11-13 00:00:00+09:00,1737.822950255196,1737.822950255196,1667.0518798828125,1667.0518798828125,4800,0.0,0.0
2006-11-14 00:00:00+09:00,1682.7788074789526,1722.0960693359375,1682.7788074789526,1722.0960693359375,800,0.0,0.0
2006-11-15 00:00:00+09:00,1714.2328102805398,1729.9597167968748,1714.2328102805398,1729.959716796875,1000,0.0,0.0
2006-11-16 00:00:00+09:00,1690.6424560546875,1722.0962691905886,1690.6424560546875,1690.6424560546875,2000,0.0,0.0
2006-11-17 00:00:00+09:00,1690.6422865447275,1690.6422865447275,1651.3250240669431,1659.1884765625,1800,0.0,0.0
2006-11-20 00:00:00+09:00,1651.3250762195123,1682.778887195122,1612.0078125,1612.0078125,2400,0.0,0.0
2006-11-21 00:00:00+09:00,1612.0078847940686,1627.7347909871814,1596.2809786009557,1619.871337890625,1300,0.0,0.0
2006-11-22 00:00:00+09:00,1580.5540240743885,1627.7347412109375,1580.5540240743885,1627.7347412109375,1400,0.0,0.0
2006-11-23 00:00:00+09:00,1627.7347412109375,1627.7347412109375,1627.7347412109375,1627.7347412109375,0,0.0,0.0
2006-11-24 00:00:00+09:00,1635.5983384419858,1651.3252455423894,1627.7348848917838,1643.4617919921875,800,0.0,0.0
2006-11-27 00:00:00+09:00,1659.1884276192143,1667.0518798828125,1651.324975355616,1667.0518798828125,1300,0.0,0.0
2006-11-28 00:00:00+09:00,1667.0518798828125,1667.0518798828125,1651.324975355616,1667.0518798828125,600,0.0,0.0
2006-11-29 00:00:00+09:00,1667.0518798828125,1682.7787844100087,1667.0518798828125,1667.0518798828125,700,0.0,0.0
2006-11-30 00:00:00+09:00,1674.9153321464105,1674.9153321464105,1667.0518798828125,1667.0518798828125,800,0.0,0.0
2006-12-01 00:00:00+09:00,1667.0518311693077,1698.5056393045775,1667.0518311693077,1674.915283203125,1900,0.0,0.0
2006-12-04 00:00:00+09:00,1674.9155494867368,1690.6424560546875,1674.9155494867368,1690.6424560546875,1400,0.0,0.0
2006-12-05 00:00:00+09:00,1722.0960693359375,1729.9595217073345,1714.2326169645405,1722.0960693359375,1800,0.0,0.0
2006-12-06 00:00:00+09:00,1722.0964058540962,1745.686767578125,1722.0964058540962,1745.686767578125,1900,0.0,0.0
2006-12-07 00:00:00+09:00,1753.5496826171875,1761.4131341087443,1753.5496826171875,1753.5496826171875,1600,0.0,0.0
2006-12-08 00:00:00+09:00,1745.686639592511,1785.00390625,1745.686639592511,1785.00390625,2500,0.0,0.0
2006-12-11 00:00:00+09:00,1792.8671384586517,1808.5940431819733,1785.003686096991,1800.7305908203125,1500,0.0,0.0
2006-12-12 00:00:00+09:00,1808.5943603515625,1816.4578140922215,1808.5943603515625,1808.5943603515625,1500,0.0,0.0
2006-12-13 00:00:00+09:00,1808.5943684895833,1808.5943684895833,1769.277099609375,1769.277099609375,2200,0.0,0.0
2006-12-14 00:00:00+09:00,1769.277272905622,1769.277272905622,1753.5503638131277,1761.413818359375,1700,0.0,0.0
2006-12-15 00:00:00+09:00,1761.413818359375,1761.413818359375,1753.5503638131277,1761.413818359375,1400,0.0,0.0
2006-12-18 00:00:00+09:00,1769.2771709070798,1785.0040790929204,1769.2771709070798,1777.140625,1300,0.0,0.0
2006-12-19 00:00:00+09:00,1777.1405533854168,1777.1405533854168,1769.277099609375,1769.277099609375,1200,0.0,0.0
2006-12-20 00:00:00+09:00,1769.277099609375,1777.1405533854168,1769.277099609375,1769.277099609375,1600,0.0,0.0
2006-12-21 00:00:00+09:00,1769.2765856003011,1769.2765856003011,1753.5496826171875,1753.5496826171875,1800,0.0,0.0
2006-12-22 00:00:00+09:00,1753.5502214861347,1753.5502214861347,1745.686767578125,1745.686767578125,1400,0.0,0.0
2006-12-25 00:00:00+09:00,1745.686767578125,1753.5502214861347,1737.8233136701156,1745.686767578125,2800,0.0,0.0
2006-12-26 00:00:00+09:00,1737.8233136701156,1753.5502214861347,1729.959859762106,1745.686767578125,2000,0.0,0.0
2006-12-27 00:00:00+09:00,1761.4131341087443,1761.4131341087443,1753.5496826171875,1753.5496826171875,400,0.0,0.0
2006-12-28 00:00:00+09:00,1753.550262721239,1777.140625,1753.550262721239,1777.140625,600,0.0,0.0
2006-12-29 00:00:00+09:00,1777.1404529185022,1785.00390625,1777.1404529185022,1785.00390625,600,0.0,0.0
2007-01-04 00:00:00+09:00,1808.5943684895833,1808.5943684895833,1769.277099609375,1769.277099609375,1500,0.0,0.0
2007-01-05 00:00:00+09:00,1800.7308129129956,1800.7308129129956,1785.00390625,1785.00390625,1200,0.0,0.0
2007-01-09 00:00:00+09:00,1777.1404529185022,1785.00390625,1777.1404529185022,1785.00390625,1000,0.0,0.0
2007-01-10 00:00:00+09:00,1800.7305908203125,1800.7305908203125,1785.003686096991,1800.7305908203125,1000,0.0,0.0
2007-01-11 00:00:00+09:00,1785.0039991295857,1808.5943603515625,1785.0039991295857,1808.5943603515625,900,0.0,0.0
2007-01-12 00:00:00+09:00,1800.7309066109035,1808.5943603515625,1800.7309066109035,1808.5943603515625,1000,0.0,0.0
2007-01-15 00:00:00+09:00,1808.5943101494859,1824.321217194264,1808.5943101494859,1816.457763671875,1200,0.0,0.0
2007-01-16 00:00:00+09:00,1816.4574700850476,1871.5016358452006,1816.4574700850476,1863.63818359375,1800,0.0,0.0
2007-01-17 00:00:00+09:00,1863.638207599209,1879.3651123046875,1855.7747552464698,1879.3651123046875,800,0.0,0.0
2007-01-18 00:00:00+09:00,1887.228759765625,1887.228759765625,1879.365306599935,1887.228759765625,600,0.0,0.0
2007-01-19 00:00:00+09:00,1887.2288037909836,1918.6826171875,1887.2288037909836,1918.6826171875,1800,0.0,0.0
2007-01-22 00:00:00+09:00,1957.9996850284529,1957.9996850284529,1910.8189697265625,1910.8189697265625,3400,0.0,0.0
2007-01-23 00:00:00+09:00,1926.5460255940754,1942.2729319254556,1887.228759765625,1887.228759765625,1800,0.0,0.0
2007-01-24 00:00:00+09:00,1887.228588563278,1926.545850825013,1887.228588563278,1895.092041015625,1100,0.0,0.0
2007-01-25 00:00:00+09:00,1902.95556640625,1910.819019159995,1895.0921136525053,1902.95556640625,1200,0.0,0.0
2007-01-26 00:00:00+09:00,1902.9557104892417,1918.6826171875,1902.9557104892417,1918.6826171875,700,0.0,0.0
2007-01-29 00:00:00+09:00,1918.6824222768776,1918.6824222768776,1902.9555171762474,1910.8189697265625,1000,0.0,0.0
2007-01-30 00:00:00+09:00,1902.955493467972,1902.955493467972,1895.092041015625,1895.092041015625,1300,0.0,0.0
2007-01-31 00:00:00+09:00,1895.0921136525053,1902.95556640625,1879.3652081450157,1902.95556640625,1400,0.0,0.0
2007-02-01 00:00:00+09:00,1902.955493467972,1902.955493467972,1895.092041015625,1895.092041015625,400,0.0,0.0
2007-02-02 00:00:00+09:00,1895.092041015625,1895.092041015625,1879.365136110931,1895.092041015625,2500,0.0,0.0
2007-02-05 00:00:00+09:00,1902.955493467972,1910.818945920319,1895.092041015625,1895.092041015625,500,0.0,0.0
2007-02-06 00:00:00+09:00,1887.228759765625,1887.228759765625,1887.228759765625,1887.228759765625,900,0.0,0.0
2007-02-07 00:00:00+09:00,1879.3651123046875,1887.228564657427,1879.3651123046875,1879.3651123046875,300,0.0,0.0
2007-02-08 00:00:00+09:00,1879.3654359208776,1879.3654359208776,1847.9116210937498,1847.91162109375,1800,0.0,0.0
2007-02-09 00:00:00+09:00,1824.320922336498,1863.63818359375,1824.320922336498,1863.63818359375,900,0.0,0.0
2007-02-13 00:00:00+09:00,1887.2286141018908,1887.2286141018908,1847.9113513081015,1871.501708984375,900,0.0,0.0
2007-02-14 00:00:00+09:00,1871.501708984375,1871.501708984375,1871.501708984375,1871.501708984375,400,0.0,0.0
2007-02-15 00:00:00+09:00,1887.2285403481014,1887.2285403481014,1863.63818359375,1863.63818359375,800,0.0,0.0
2007-02-16 00:00:00+09:00,1871.501708984375,1879.365161543133,1863.638256425617,1871.501708984375,600,0.0,0.0
2007-02-19 00:00:00+09:00,1879.365161543133,1879.365161543133,1863.638256425617,1871.501708984375,400,0.0,0.0
2007-02-20 00:00:00+09:00,1863.6378649695444,1863.6378649695444,1855.7744140625,1855.7744140625,700,0.0,0.0
2007-02-21 00:00:00+09:00,1863.6378649695444,1863.6378649695444,1847.9109631554554,1855.7744140625,1000,0.0,0.0
2007-02-22 00:00:00+09:00,1847.9115491035657,1847.9115491035657,1840.048095703125,1840.048095703125,1400,0.0,0.0
2007-02-23 00:00:00+09:00,1840.048196726832,1840.048196726832,1824.3212890625,1824.3212890625,1200,0.0,0.0
2007-02-26 00:00:00+09:00,1832.184713680186,1863.6385285073136,1832.184713680186,1847.91162109375,800,0.0,0.0
2007-02-27 00:00:00+09:00,1847.9115491035657,1847.9115491035657,1840.048095703125,1840.048095703125,1000,0.0,0.0
2007-02-28 00:00:00+09:00,1808.5940905394984,1832.1844482421875,1792.8671854043723,1832.1844482421875,2000,0.0,0.0
2007-03-01 00:00:00+09:00,1840.0479008097504,1840.0479008097504,1824.3209956746243,1832.1844482421875,1000,0.0,0.0
2007-03-02 00:00:00+09:00,1824.3212678328805,1824.3212678328805,1808.5943603515625,1808.5943603515625,1400,0.0,0.0
2007-03-05 00:00:00+09:00,1800.7306400767545,1800.7306400767545,1792.8671875,1792.8671875,1700,0.0,0.0
2007-03-06 00:00:00+09:00,1785.0040199016703,1824.3212890625,1785.0040199016703,1824.3212890625,900,0.0,0.0
2007-03-07 00:00:00+09:00,1824.321217194264,1824.321217194264,1816.457763671875,1816.457763671875,700,0.0,0.0
2007-03-08 00:00:00+09:00,1808.5940905394984,1832.1844482421875,1808.5940905394984,1832.1844482421875,400,0.0,0.0
2007-03-09 00:00:00+09:00,1832.184742894666,1832.184742894666,1824.3212890625,1824.3212890625,500,0.0,0.0
2007-03-12 00:00:00+09:00,1832.1844482421875,1847.9113533773136,1832.1844482421875,1832.1844482421875,700,0.0,0.0
2007-03-13 00:00:00+09:00,1847.9115491035657,1847.9115491035657,1832.1846423026843,1840.048095703125,600,0.0,0.0
2007-03-14 00:00:00+09:00,1840.048196726832,1847.911650558998,1824.3212890625,1824.3212890625,1000,0.0,0.0
2007-03-15 00:00:00+09:00,1824.3211889022436,1840.048095703125,1824.3211889022436,1840.048095703125,700,0.0,0.0
2007-03-16 00:00:00+09:00,1847.9112790908493,1863.63818359375,1847.9112790908493,1863.63818359375,1300,0.0,0.0
2007-03-19 00:00:00+09:00,1879.365306599935,1887.228759765625,1879.365306599935,1887.228759765625,800,0.0,0.0
2007-03-20 00:00:00+09:00,1895.092041015625,1910.818945920319,1895.092041015625,1895.092041015625,900,0.0,0.0
2007-03-22 00:00:00+09:00,1895.092212931315,1895.092212931315,1887.228759765625,1887.228759765625,1600,0.0,0.0
2007-03-23 00:00:00+09:00,1879.3651123046875,1879.3651123046875,1863.638207599209,1879.3651123046875,900,0.0,0.0
2007-03-26 00:00:00+09:00,1863.6378649695444,1879.3647667836335,1855.7744140625,1855.7744140625,2600,0.0,0.0
2007-03-27 00:00:00+09:00,1867.6963131622183,1867.6963131622183,1843.8533815048283,1851.801025390625,700,25.0,0.0
2007-03-28 00:00:00+09:00,1851.8012564895498,1867.696546244825,1851.8012564895498,1859.7489013671875,400,0.0,0.0
2007-03-29 00:00:00+09:00,1859.7488883809842,1867.696533203125,1859.7488883809842,1867.696533203125,300,0.0,0.0
2007-03-30 00:00:00+09:00,1875.643798828125,1875.643798828125,1875.643798828125,1875.643798828125,400,0.0,0.0
2007-04-02 00:00:00+09:00,1899.487112491689,1899.487112491689,1867.696533203125,1867.696533203125,900,0.0,0.0
2007-04-03 00:00:00+09:00,1867.696533203125,1875.644178025266,1867.696533203125,1867.696533203125,400,0.0,0.0
2007-04-04 00:00:00+09:00,1891.5391845703127,1891.5391845703127,1891.5391845703127,1891.5391845703125,100,0.0,0.0
2007-04-05 00:00:00+09:00,1891.5391845703127,1899.486828202961,1891.5391845703127,1891.5391845703125,700,0.0,0.0
2007-04-06 00:00:00+09:00,1891.5391845703127,1891.5391845703127,1891.5391845703127,1891.5391845703125,200,0.0,0.0
2007-04-09 00:00:00+09:00,1891.5391845703127,1891.5391845703127,1891.5391845703127,1891.5391845703125,600,0.0,0.0
2007-04-10 00:00:00+09:00,1891.5392943825184,1899.4869384765625,1883.5916502884743,1899.4869384765625,500,0.0,0.0
2007-04-11 00:00:00+09:00,1923.3297119140627,1923.3297119140627,1907.4344250387398,1923.3297119140625,1600,0.0,0.0
2007-04-12 00:00:00+09:00,1923.3297353108724,1923.3297353108724,1907.4344482421875,1907.4344482421875,1200,0.0,0.0
2007-04-13 00:00:00+09:00,1915.38209177653,1915.38209177653,1907.4344482421875,1907.4344482421875,800,0.0,0.0
2007-04-16 00:00:00+09:00,1899.4869384765625,1899.4869384765625,1891.5392943825184,1899.4869384765625,1300,0.0,0.0
2007-04-17 00:00:00+09:00,1891.5390738314213,1891.5390738314213,1883.5914306640625,1883.5914306640625,600,0.0,0.0
2007-04-18 00:00:00+09:00,1883.5914306640625,1891.5390738314213,1883.5914306640625,1883.5914306640625,600,0.0,0.0
2007-04-19 00:00:00+09:00,1875.643798828125,1883.5914420434985,1867.6961556127517,1875.643798828125,1400,0.0,0.0
2007-04-20 00:00:00+09:00,1867.696533203125,1867.696533203125,1867.696533203125,1867.696533203125,300,0.0,0.0
2007-04-23 00:00:00+09:00,1851.8008260268832,1859.7484690570413,1820.01025390625,1820.01025390625,1600,0.0,0.0
2007-04-24 00:00:00+09:00,1827.9582266971984,1843.853515625,1796.1676488415949,1843.853515625,700,0.0,0.0
2007-04-25 00:00:00+09:00,1851.801160088901,1851.801160088901,1843.853515625,1843.853515625,300,0.0,0.0
2007-04-26 00:00:00+09:00,1843.8533815048283,1851.801025390625,1843.8533815048283,1851.801025390625,600,0.0,0.0
2007-04-27 00:00:00+09:00,1859.7489013671875,1859.7489013671875,1859.7489013671875,1859.7489013671875,100,0.0,0.0
2007-05-01 00:00:00+09:00,1835.9057376190317,1867.6963131622183,1835.9057376190317,1851.801025390625,700,0.0,0.0
2007-05-02 00:00:00+09:00,1835.90576171875,1835.90576171875,1835.90576171875,1835.90576171875,100,0.0,0.0
2007-05-07 00:00:00+09:00,1843.853515625,1843.853515625,1843.853515625,1843.853515625,300,0.0,0.0
2007-05-08 00:00:00+09:00,1851.801160088901,1851.801160088901,1843.853515625,1843.853515625,400,0.0,0.0
2007-05-09 00:00:00+09:00,1867.696533203125,1867.696533203125,1867.696533203125,1867.696533203125,600,0.0,0.0
2007-05-10 00:00:00+09:00,1851.801025390625,1851.801025390625,1851.801025390625,1851.801025390625,700,0.0,0.0
2007-05-11 00:00:00+09:00,1835.90576171875,1835.90576171875,1835.90576171875,1835.90576171875,1600,0.0,0.0
2007-05-14 00:00:00+09:00,1827.9581298828125,1827.9581298828125,1827.9581298828125,1827.9581298828125,600,0.0,0.0
2007-05-15 00:00:00+09:00,1851.801049698999,1851.801049698999,1835.90576171875,1835.90576171875,2100,0.0,0.0
2007-05-16 00:00:00+09:00,1835.9057739257812,1835.9057739257812,1827.9581298828125,1827.9581298828125,1100,0.0,0.0
2007-05-17 00:00:00+09:00,1827.9581298828125,1835.9057739257812,1827.9581298828125,1827.9581298828125,800,0.0,0.0
2007-05-18 00:00:00+09:00,1827.9581298828125,1827.9581298828125,1812.062841796875,1827.9581298828125,2300,0.0,0.0
2007-05-21 00:00:00+09:00,1812.062841796875,1827.9581298828125,1812.062841796875,1827.9581298828125,600,0.0,0.0
2007-05-22 00:00:00+09:00,1812.062841796875,1827.9581298828125,1812.062841796875,1827.9581298828125,500,0.0,0.0
2007-05-23 00:00:00+09:00,1820.0104858398438,1827.9581298828125,1820.0104858398438,1827.9581298828125,400,0.0,0.0
2007-05-24 00:00:00+09:00,1812.0628662109375,1812.0628662109375,1812.0628662109375,1812.0628662109375,1500,0.0,0.0
2007-05-25 00:00:00+09:00,1827.9581298828125,1827.9581298828125,1827.9581298828125,1827.9581298828125,1200,0.0,0.0
2007-05-28 00:00:00+09:00,1835.90576171875,1835.90576171875,1835.90576171875,1835.90576171875,500,0.0,0.0
2007-05-29 00:00:00+09:00,1851.801025390625,1851.801025390625,1851.801025390625,1851.801025390625,400,0.0,0.0
2007-05-30 00:00:00+09:00,1859.7489013671875,1859.7489013671875,1859.7489013671875,1859.7489013671875,500,0.0,0.0
2007-05-31 00:00:00+09:00,1867.696546244825,1891.5394808777376,1859.7489013671875,1859.7489013671875,900,0.0,0.0
2007-06-01 00:00:00+09:00,1899.486828202961,1899.486828202961,1891.5391845703127,1891.5391845703125,300,0.0,0.0
2007-06-04 00:00:00+09:00,1899.486804707845,1907.4344482421875,1899.486804707845,1907.4344482421875,700,0.0,0.0
2007-06-05 00:00:00+09:00,1891.5391845703127,1891.5391845703127,1891.5391845703127,1891.5391845703125,300,0.0,0.0
2007-06-06 00:00:00+09:00,1899.486828202961,1899.486828202961,1891.5391845703127,1891.5391845703125,1000,0.0,0.0
2007-06-07 00:00:00+09:00,1891.5391845703127,1891.5391845703127,1891.5391845703127,1891.5391845703125,400,0.0,0.0
2007-06-08 00:00:00+09:00,1875.643798828125,1875.643798828125,1875.643798828125,1875.643798828125,500,0.0,0.0
2007-06-11 00:00:00+09:00,1899.4869384765625,1899.4869384765625,1899.4869384765625,1899.4869384765625,900,0.0,0.0
2007-06-12 00:00:00+09:00,1899.4869384765625,1899.4869384765625,1899.4869384765625,1899.4869384765625,400,0.0,0.0
2007-06-13 00:00:00+09:00,1899.486828202961,1907.4344718356094,1891.5391845703127,1891.5391845703125,700,0.0,0.0
2007-06-14 00:00:00+09:00,1899.486804707845,1907.4344482421875,1883.5915176391602,1907.4344482421875,500,0.0,0.0
2007-06-15 00:00:00+09:00,1907.4344482421875,1907.4344482421875,1907.4344482421875,1907.4344482421875,800,0.0,0.0
2007-06-18 00:00:00+09:00,1915.38232421875,1923.329968717583,1915.38232421875,1915.38232421875,1700,0.0,0.0
2007-06-19 00:00:00+09:00,1931.277575383421,1947.1728640697042,1931.277575383421,1939.2252197265625,1600,0.0,0.0
2007-06-20 00:00:00+09:00,1963.0679696324362,1978.9632568359375,1963.0679696324362,1978.9632568359375,1600,0.0,0.0
2007-06-21 00:00:00+09:00,1978.9632805581034,1986.910924255124,1963.0679931640625,1963.0679931640625,800,0.0,0.0
2007-06-22 00:00:00+09:00,1978.9632805581034,1978.9632805581034,1963.0679931640625,1963.0679931640625,1600,0.0,0.0
2007-06-25 00:00:00+09:00,1986.911376953125,1986.911376953125,1978.9637314453125,1986.911376953125,1200,0.0,0.0
2007-06-26 00:00:00+09:00,1986.911376953125,1986.911376953125,1986.911376953125,1986.911376953125,1000,0.0,0.0
2007-06-27 00:00:00+09:00,1978.9632805581034,1978.9632805581034,1963.0679931640625,1963.0679931640625,2200,0.0,0.0
2007-06-28 00:00:00+09:00,1955.1201171875,1955.1201171875,1955.1201171875,1955.1201171875,600,0.0,0.0
2007-06-29 00:00:00+09:00,1955.1209861288264,1955.1209861288264,1947.17333984375,1947.17333984375,1700,0.0,0.0
2007-07-02 00:00:00+09:00,1947.17333984375,1947.17333984375,1947.17333984375,1947.17333984375,1900,0.0,0.0
2007-07-03 00:00:00+09:00,1947.17333984375,1947.17333984375,1947.17333984375,1947.17333984375,1500,0.0,0.0
2007-07-04 00:00:00+09:00,1947.1728640697042,1955.1205084128458,1939.2252197265625,1939.2252197265625,2800,0.0,0.0
2007-07-05 00:00:00+09:00,1947.17333984375,1947.17333984375,1947.17333984375,1947.17333984375,1100,0.0,0.0
2007-07-06 00:00:00+09:00,1955.1205084128458,1955.1205084128458,1939.2252197265625,1939.2252197265625,600,0.0,0.0
2007-07-09 00:00:00+09:00,1947.1728640697042,1947.1728640697042,1939.2252197265625,1939.2252197265625,1000,0.0,0.0
2007-07-10 00:00:00+09:00,1947.17333984375,1947.17333984375,1947.17333984375,1947.17333984375,1200,0.0,0.0
2007-07-11 00:00:00+09:00,1947.1728640697042,1947.1728640697042,1939.2252197265625,1939.2252197265625,900,0.0,0.0
2007-07-12 00:00:00+09:00,1947.17333984375,1947.17333984375,1947.17333984375,1947.17333984375,200,0.0,0.0
2007-07-13 00:00:00+09:00,1947.1728640697042,1947.1728640697042,1923.3299310402792,1939.2252197265625,3300,0.0,0.0
2007-07-17 00:00:00+09:00,1939.2256935586734,1947.17333984375,1931.278047273597,1947.17333984375,2000,0.0,0.0
2007-07-18 00:00:00+09:00,1939.2248645672582,1939.2248645672582,1931.2772216796875,1931.2772216796875,1800,0.0,0.0
2007-07-19 00:00:00+09:00,1931.2772216796875,1931.2772216796875,1923.3295787921168,1931.2772216796875,1300,0.0,0.0
2007-07-20 00:00:00+09:00,1939.2252197265625,1939.2252197265625,1939.2252197265625,1939.2252197265625,100,0.0,0.0
2007-07-23 00:00:00+09:00,1939.2248645672582,1947.172507454829,1931.2772216796875,1931.2772216796875,700,0.0,0.0
2007-07-24 00:00:00+09:00,1947.17333984375,1947.17333984375,1947.17333984375,1947.17333984375,600,0.0,0.0
2007-07-25 00:00:00+09:00,1947.1728640697042,1947.1728640697042,1939.2252197265625,1939.2252197265625,600,0.0,0.0
2007-07-26 00:00:00+09:00,1947.17333984375,1947.17333984375,1947.17333984375,1947.17333984375,200,0.0,0.0
2007-07-27 00:00:00+09:00,1931.277575383421,1939.2252197265625,1931.277575383421,1939.2252197265625,1300,0.0,0.0
2007-07-30 00:00:00+09:00,1931.277188929116,1955.1201171875,1931.277188929116,1955.1201171875,900,0.0,0.0
2007-07-31 00:00:00+09:00,1963.0679931640625,1963.0679931640625,1955.120349467042,1963.0679931640625,500,0.0,0.0
2007-08-01 00:00:00+09:00,1971.0162786989795,1971.0162786989795,1947.17333984375,1947.17333984375,700,0.0,0.0
2007-08-02 00:00:00+09:00,1947.17333984375,1947.17333984375,1947.17333984375,1947.17333984375,100,0.0,0.0
2007-08-03 00:00:00+09:00,1955.1209861288264,1963.068632413903,1947.17333984375,1947.17333984375,800,0.0,0.0
2007-08-06 00:00:00+09:00,1939.2252197265625,1947.1728640697042,1939.2252197265625,1939.2252197265625,500,0.0,0.0
2007-08-07 00:00:00+09:00,1955.1205084128458,1955.1205084128458,1939.2252197265625,1939.2252197265625,500,0.0,0.0
2007-08-08 00:00:00+09:00,1939.225062073001,1963.0679931640625,1939.225062073001,1963.0679931640625,300,0.0,0.0
2007-08-09 00:00:00+09:00,1939.2252197265625,1939.2252197265625,1939.2252197265625,1939.2252197265625,1600,0.0,0.0
2007-08-10 00:00:00+09:00,1931.2772216796875,1931.2772216796875,1923.3295787921168,1931.2772216796875,1200,0.0,0.0
2007-08-13 00:00:00+09:00,1915.38232421875,1915.38232421875,1915.38232421875,1915.38232421875,1700,0.0,0.0
2007-08-14 00:00:00+09:00,1907.4344718356094,1907.4344718356094,1891.5391845703127,1891.5391845703125,1700,0.0,0.0
2007-08-15 00:00:00+09:00,1867.696533203125,1875.644178025266,1859.7488883809842,1867.696533203125,2600,0.0,0.0
2007-08-16 00:00:00+09:00,1827.9583218566372,1859.7489013671875,1827.9583218566372,1859.7489013671875,1800,0.0,0.0
2007-08-17 00:00:00+09:00,1843.8534428111293,1851.8010869611774,1812.0628662109375,1812.0628662109375,2500,0.0,0.0
2007-08-20 00:00:00+09:00,1820.0106459294122,1827.958290671462,1796.1677117032627,1804.1153564453125,4700,0.0,0.0
2007-08-21 00:00:00+09:00,1804.1153564453125,1804.1153564453125,1804.1153564453125,1804.1153564453125,1400,0.0,0.0
2007-08-22 00:00:00+09:00,1812.0630142076882,1812.0630142076882,1796.167724609375,1796.167724609375,2400,0.0,0.0
2007-08-23 00:00:00+09:00,1827.958290671462,1827.958290671462,1804.1153564453125,1804.1153564453125,2500,0.0,0.0
2007-08-24 00:00:00+09:00,1820.01025390625,1827.9578969364084,1812.0626108760916,1820.01025390625,1000,0.0,0.0
2007-08-27 00:00:00+09:00,1867.696533203125,1867.696533203125,1827.9583090924202,1867.696533203125,1300,0.0,0.0
2007-08-28 00:00:00+09:00,1867.696546244825,1875.6441911224624,1859.7489013671875,1859.7489013671875,600,0.0,0.0
2007-08-29 00:00:00+09:00,1843.8536116119124,1859.7489013671875,1843.8536116119124,1859.7489013671875,900,0.0,0.0
2007-08-30 00:00:00+09:00,1875.643798828125,1875.643798828125,1875.643798828125,1875.643798828125,400,0.0,0.0
2007-08-31 00:00:00+09:00,1883.5915409376641,1891.5391845703127,1883.5915409376641,1891.5391845703125,600,0.0,0.0
2007-09-03 00:00:00+09:00,1891.5391845703127,1899.486828202961,1891.5391845703127,1891.5391845703125,1600,0.0,0.0
2007-09-04 00:00:00+09:00,1891.5391845703127,1891.5391845703127,1883.5915409376641,1891.5391845703125,1100,0.0,0.0
2007-09-05 00:00:00+09:00,1875.643798828125,1891.5390852588719,1875.643798828125,1875.643798828125,1200,0.0,0.0
2007-09-06 00:00:00+09:00,1875.643798828125,1883.5914420434985,1867.6961556127517,1875.643798828125,1200,0.0,0.0
2007-09-07 00:00:00+09:00,1867.696533203125,1875.644178025266,1867.696533203125,1867.696533203125,1800,0.0,0.0
2007-09-10 00:00:00+09:00,1867.6963131622183,1867.6963131622183,1843.8533815048283,1851.801025390625,1900,0.0,0.0
2007-09-11 00:00:00+09:00,1843.8534057088746,1843.8534057088746,1827.9581177286254,1835.90576171875,1400,0.0,0.0
2007-09-12 00:00:00+09:00,1835.9057739257812,1835.9057739257812,1827.9581298828125,1827.9581298828125,2400,0.0,0.0
2007-09-13 00:00:00+09:00,1812.0628662109375,1812.0628662109375,1812.0628662109375,1812.0628662109375,2000,0.0,0.0
2007-09-14 00:00:00+09:00,1804.1152220608894,1812.0628662109375,1804.1152220608894,1812.0628662109375,2100,0.0,0.0
2007-09-18 00:00:00+09:00,1812.0632747395834,1812.0632747395834,1788.2203369140625,1788.2203369140625,6700,0.0,0.0
2007-09-19 00:00:00+09:00,1788.220228467669,1788.220228467669,1772.3249375479563,1780.2725830078125,3700,0.0,0.0
2007-09-20 00:00:00+09:00,1764.3772238991476,1764.3772238991476,1724.6389981356533,1748.48193359375,6600,0.0,0.0
2007-09-21 00:00:00+09:00,1740.533959173387,1740.533959173387,1724.638671875,1724.638671875,10800,0.0,0.0
2007-09-25 00:00:00+09:00,1446.4713702686329,1486.2095947265625,1438.5237253770472,1486.2095947265625,8300,0.0,0.0
2007-09-26 00:00:00+09:00,1470.3143049433907,1494.1572396181484,1462.3666600518047,1486.2095947265625,2500,0.0,0.0
2007-09-27 00:00:00+09:00,1494.157006048387,1510.0522933467741,1478.26171875,1478.26171875,3600,0.0,0.0
2007-09-28 00:00:00+09:00,1478.26171875,1502.1046496975807,1478.26171875,1478.26171875,1500,0.0,0.0
2007-10-01 00:00:00+09:00,1486.2093623991937,1494.157006048387,1478.26171875,1478.26171875,1500,0.0,0.0
2007-10-02 00:00:00+09:00,1494.157006048387,1494.157006048387,1478.26171875,1478.26171875,1100,0.0,0.0
2007-10-03 00:00:00+09:00,1486.2091957493833,1525.9474095394737,1478.261552991365,1510.0521240234375,1100,0.0,0.0
2007-10-04 00:00:00+09:00,1517.9999011811756,1517.9999011811756,1502.1046142578125,1502.1046142578125,1300,0.0,0.0
2007-10-05 00:00:00+09:00,1502.1046142578125,1517.9999011811756,1502.1046142578125,1502.1046142578125,700,0.0,0.0
2007-10-09 00:00:00+09:00,1510.0524774521432,1518.0001220703125,1502.1048328339741,1518.0001220703125,1000,0.0,0.0
2007-10-10 00:00:00+09:00,1525.9477666884816,1525.9477666884816,1502.1048328339741,1518.0001220703125,700,0.0,0.0
2007-10-11 00:00:00+09:00,1510.0522694689164,1510.0522694689164,1494.156982421875,1494.156982421875,1100,0.0,0.0
2007-10-12 00:00:00+09:00,1502.1046142578125,1510.052257719494,1502.1046142578125,1502.1046142578125,800,0.0,0.0
2007-10-15 00:00:00+09:00,1525.9474095394737,1525.9474095394737,1510.0521240234375,1510.0521240234375,1200,0.0,0.0
2007-10-16 00:00:00+09:00,1517.9997667814555,1517.9997667814555,1510.0521240234375,1510.0521240234375,1300,0.0,0.0
2007-10-17 00:00:00+09:00,1510.052257719494,1510.052257719494,1502.1046142578125,1502.1046142578125,400,0.0,0.0
2007-10-18 00:00:00+09:00,1502.1046142578125,1510.052257719494,1502.1046142578125,1502.1046142578125,1300,0.0,0.0
2007-10-19 00:00:00+09:00,1494.156982421875,1494.156982421875,1494.156982421875,1494.156982421875,300,0.0,0.0
2007-10-22 00:00:00+09:00,1486.209138289742,1486.209138289742,1462.3662109375,1462.3662109375,2000,0.0,0.0
2007-10-23 00:00:00+09:00,1486.2095947265625,1486.2095947265625,1486.2095947265625,1486.2095947265625,100,0.0,0.0
2007-10-24 00:00:00+09:00,1478.2614958389947,1478.2614958389947,1462.3662109375,1462.3662109375,1300,0.0,0.0
2007-10-25 00:00:00+09:00,1454.418712574047,1454.418712574047,1446.4710693359375,1446.4710693359375,1700,0.0,0.0
2007-10-26 00:00:00+09:00,1414.6806640625,1414.6806640625,1390.8377315221207,1414.6806640625,2600,0.0,0.0
2007-10-29 00:00:00+09:00,1382.8902721956285,1382.8902721956285,1359.0473364681177,1374.942626953125,2100,0.0,0.0
2007-10-30 00:00:00+09:00,1359.047119140625,1366.9947631122075,1343.1518311974596,1359.047119140625,2000,0.0,0.0
2007-10-31 00:00:00+09:00,1351.0994873046875,1351.0994873046875,1327.2565551757812,1351.0994873046875,2000,0.0,0.0
2007-11-01 00:00:00+09:00,1359.0471313476562,1359.0471313476562,1351.0994873046875,1351.0994873046875,900,0.0,0.0
2007-11-02 00:00:00+09:00,1311.3612670898438,1351.0994873046875,1303.413623046875,1351.0994873046875,1100,0.0,0.0
2007-11-05 00:00:00+09:00,1351.0994873046875,1351.0994873046875,1343.1518432617188,1351.0994873046875,1000,0.0,0.0
2007-11-06 00:00:00+09:00,1351.0994873046875,1351.0994873046875,1351.0994873046875,1351.0994873046875,500,0.0,0.0
2007-11-07 00:00:00+09:00,1335.2042236328125,1335.2042236328125,1327.2565794445218,1335.2042236328125,1200,0.0,0.0
2007-11-08 00:00:00+09:00,1311.3612179639863,1311.3612179639863,1295.4659304735137,1303.41357421875,800,0.0,0.0
2007-11-09 00:00:00+09:00,1303.413586201112,1303.413586201112,1295.4659423828125,1295.4659423828125,900,0.0,0.0
2007-11-12 00:00:00+09:00,1295.4659304735137,1303.41357421875,1295.4659304735137,1303.41357421875,2000,0.0,0.0
2007-11-13 00:00:00+09:00,1295.4660772629727,1295.4660772629727,1287.5184326171875,1287.5184326171875,800,0.0,0.0
2007-11-14 00:00:00+09:00,1295.4659423828125,1303.413586201112,1295.4659423828125,1295.4659423828125,1900,0.0,0.0
2007-11-15 00:00:00+09:00,1343.1518311974596,1359.047119140625,1343.1518311974596,1359.047119140625,1800,0.0,0.0
2007-11-16 00:00:00+09:00,1359.047119140625,1359.047119140625,1359.047119140625,1359.047119140625,100,0.0,0.0
2007-11-19 00:00:00+09:00,1311.361083984375,1311.361083984375,1311.361083984375,1311.361083984375,500,0.0,0.0
2007-11-20 00:00:00+09:00,1287.5184326171875,1287.5184326171875,1271.6231433256173,1287.5184326171875,1300,0.0,0.0
2007-11-21 00:00:00+09:00,1287.5184326171875,1287.5184326171875,1287.5184326171875,1287.5184326171875,800,0.0,0.0
2007-11-22 00:00:00+09:00,1303.413586201112,1303.413586201112,1295.4659423828125,1295.4659423828125,500,0.0,0.0
2007-11-26 00:00:00+09:00,1303.4134410511365,1311.361083984375,1303.4134410511365,1311.361083984375,500,0.0,0.0
2007-11-27 00:00:00+09:00,1327.2565794445218,1335.2042236328125,1327.2565794445218,1335.2042236328125,1100,0.0,0.0
2007-11-28 00:00:00+09:00,1351.0994751690423,1359.047119140625,1351.0994751690423,1359.047119140625,600,0.0,0.0
2007-11-29 00:00:00+09:00,1359.047119140625,1359.047119140625,1359.047119140625,1359.047119140625,1000,0.0,0.0
2007-11-30 00:00:00+09:00,1359.047119140625,1359.047119140625,1359.047119140625,1359.047119140625,500,0.0,0.0
2007-12-03 00:00:00+09:00,1335.2042113535504,1343.15185546875,1335.2042113535504,1343.15185546875,1000,0.0,0.0
2007-12-04 00:00:00+09:00,1343.1518311974596,1359.047119140625,1343.1518311974596,1359.047119140625,1000,0.0,0.0
2007-12-05 00:00:00+09:00,1351.0994873046875,1351.0994873046875,1351.0994873046875,1351.0994873046875,800,0.0,0.0
2007-12-06 00:00:00+09:00,1359.0471070755361,1366.9947509765625,1351.0994631745095,1366.9947509765625,500,0.0,0.0
2007-12-07 00:00:00+09:00,1359.047119140625,1359.047119140625,1359.047119140625,1359.047119140625,400,0.0,0.0
2007-12-10 00:00:00+09:00,1351.0994751690423,1359.047119140625,1351.0994751690423,1359.047119140625,600,0.0,0.0
2007-12-11 00:00:00+09:00,1343.1518311974596,1359.047119140625,1343.1518311974596,1359.047119140625,1200,0.0,0.0
2007-12-12 00:00:00+09:00,1351.0994873046875,1351.0994873046875,1351.0994873046875,1351.0994873046875,300,0.0,0.0
2007-12-13 00:00:00+09:00,1343.15185546875,1351.0994995839499,1343.15185546875,1343.15185546875,900,0.0,0.0
2007-12-14 00:00:00+09:00,1327.2565794445218,1335.2042236328125,1319.3089352562313,1335.2042236328125,900,0.0,0.0
2007-12-17 00:00:00+09:00,1343.15185546875,1343.15185546875,1311.3612790079512,1343.15185546875,1400,0.0,0.0
2007-12-18 00:00:00+09:00,1335.2042236328125,1335.2042236328125,1319.3089352562313,1335.2042236328125,600,0.0,0.0
2007-12-19 00:00:00+09:00,1343.1516557173295,1343.1516557173295,1311.361083984375,1311.361083984375,800,0.0,0.0
2007-12-20 00:00:00+09:00,1311.3613665545429,1311.3613665545429,1287.5184326171875,1287.5184326171875,1300,0.0,0.0
2007-12-21 00:00:00+09:00,1271.623046875,1271.623046875,1271.623046875,1271.623046875,1200,0.0,0.0
2007-12-25 00:00:00+09:00,1271.623046875,1271.623046875,1271.623046875,1271.623046875,1800,0.0,0.0
2007-12-26 00:00:00+09:00,1295.4660902319488,1295.4660902319488,1279.57080078125,1279.57080078125,400,0.0,0.0
2007-12-27 00:00:00+09:00,1279.57080078125,1279.57080078125,1279.57080078125,1279.57080078125,300,0.0,0.0
2007-12-28 00:00:00+09:00,1287.5184326171875,1287.5184326171875,1287.5184326171875,1287.5184326171875,100,0.0,0.0
2008-01-04 00:00:00+09:00,1295.4659304735137,1303.41357421875,1279.5706429830411,1303.41357421875,500,0.0,0.0
2008-01-07 00:00:00+09:00,1271.623059158805,1287.5183473982902,1263.6754150390625,1263.6754150390625,1300,0.0,0.0
2008-01-08 00:00:00+09:00,1271.6228578629032,1271.6228578629032,1231.8846435546875,1231.8846435546875,1200,0.0,0.0
2008-01-09 00:00:00+09:00,1215.9896240234375,1215.9896240234375,1215.9896240234375,1215.9896240234375,500,0.0,0.0
2008-01-10 00:00:00+09:00,1215.9896240234375,1215.9896240234375,1215.9896240234375,1215.9896240234375,200,0.0,0.0
2008-01-11 00:00:00+09:00,1215.989357831401,1255.727572139617,1215.989357831401,1231.8846435546875,1000,0.0,0.0
2008-01-15 00:00:00+09:00,1231.8849132263583,1231.8849132263583,1215.9896240234375,1215.9896240234375,1700,0.0,0.0
2008-01-16 00:00:00+09:00,1200.0941869275323,1200.0941869275323,1152.4083251953125,1152.4083251953125,1300,0.0,0.0
2008-01-17 00:00:00+09:00,1152.408374508485,1215.989526205505,1152.408374508485,1200.09423828125,1000,0.0,0.0
2008-01-18 00:00:00+09:00,1184.199045617596,1215.9896240234375,1184.199045617596,1215.9896240234375,600,0.0,0.0
2008-01-21 00:00:00+09:00,1208.0419794219772,1215.9896240234375,1192.1466902190564,1215.9896240234375,600,0.0,0.0
2008-01-22 00:00:00+09:00,1168.3034998575847,1168.3034998575847,1144.4605712890625,1144.4605712890625,900,0.0,0.0
2008-01-23 00:00:00+09:00,1136.5130615234375,1136.5130615234375,1136.5130615234375,1136.5130615234375,600,0.0,0.0
2008-01-24 00:00:00+09:00,1160.355968817349,1184.198899683459,1128.5653943292025,1152.4083251953125,1000,0.0,0.0
2008-01-25 00:00:00+09:00,1160.3559339368664,1176.251220703125,1152.4082905537373,1176.251220703125,700,0.0,0.0
2008-01-28 00:00:00+09:00,1192.1465943191224,1200.09423828125,1192.1465943191224,1200.09423828125,700,0.0,0.0
2008-01-29 00:00:00+09:00,1200.09423828125,1200.09423828125,1200.09423828125,1200.09423828125,200,0.0,0.0
2008-01-30 00:00:00+09:00,1215.9896240234375,1215.9896240234375,1215.9896240234375,1215.9896240234375,300,0.0,0.0
2008-01-31 00:00:00+09:00,1215.9896240234375,1215.9896240234375,1215.9896240234375,1215.9896240234375,0,0.0,0.0
2008-02-01 00:00:00+09:00,1215.9896240234375,1215.9896240234375,1215.9896240234375,1215.9896240234375,500,0.0,0.0
2008-02-04 00:00:00+09:00,1192.1466064453125,1192.1466064453125,1192.1466064453125,1192.1466064453125,600,0.0,0.0
2008-02-05 00:00:00+09:00,1215.9896240234375,1215.9896240234375,1215.9896240234375,1215.9896240234375,100,0.0,0.0
2008-02-06 00:00:00+09:00,1192.1466064453125,1192.1466064453125,1192.1466064453125,1192.1466064453125,400,0.0,0.0
2008-02-07 00:00:00+09:00,1192.1465823524877,1208.0418701171875,1168.3036507054378,1208.0418701171875,900,0.0,0.0
2008-02-08 00:00:00+09:00,1215.9896240234375,1215.9896240234375,1215.9896240234375,1215.9896240234375,300,0.0,0.0
2008-02-12 00:00:00+09:00,1223.9371337890625,1223.9371337890625,1223.9371337890625,1223.9371337890625,300,0.0,0.0
2008-02-13 00:00:00+09:00,1192.1464958446938,1192.1464958446938,1184.1988525390625,1184.1988525390625,500,0.0,0.0
2008-02-14 00:00:00+09:00,1184.1988525390625,1184.1988525390625,1184.1988525390625,1184.1988525390625,100,0.0,0.0
2008-02-15 00:00:00+09:00,1215.9894900631596,1223.9371337890625,1215.9894900631596,1223.9371337890625,1000,0.0,0.0
2008-02-18 00:00:00+09:00,1144.460681573276,1152.4083251953125,1144.460681573276,1152.4083251953125,3100,0.0,0.0
2008-02-19 00:00:00+09:00,1136.5128276986136,1136.5128276986136,1128.565185546875,1128.565185546875,1400,0.0,0.0
2008-02-20 00:00:00+09:00,1136.5130615234375,1136.5130615234375,1136.5130615234375,1136.5130615234375,900,0.0,0.0
2008-02-21 00:00:00+09:00,1136.513037951239,1152.4083251953125,1136.513037951239,1152.4083251953125,400,0.0,0.0
2008-02-22 00:00:00+09:00,1152.4083251953125,1152.4083251953125,1152.4083251953125,1152.4083251953125,400,0.0,0.0
2008-02-25 00:00:00+09:00,1144.4605712890625,1144.4605712890625,1144.4605712890625,1144.4605712890625,400,0.0,0.0
2008-02-26 00:00:00+09:00,1136.5130615234375,1136.5130615234375,1136.5130615234375,1136.5130615234375,500,0.0,0.0
2008-02-27 00:00:00+09:00,1136.513037951239,1152.4083251953125,1136.513037951239,1152.4083251953125,500,0.0,0.0
2008-02-28 00:00:00+09:00,1136.5130615234375,1136.5130615234375,1128.5654177365602,1136.5130615234375,400,0.0,0.0
2008-02-29 00:00:00+09:00,1128.565185546875,1128.565185546875,1128.565185546875,1128.565185546875,300,0.0,0.0
2008-03-03 00:00:00+09:00,1144.4604698503522,1144.4604698503522,1128.565185546875,1128.565185546875,800,0.0,0.0
2008-03-04 00:00:00+09:00,1144.4605712890625,1144.4605712890625,1144.4605712890625,1144.4605712890625,600,0.0,0.0
2008-03-05 00:00:00+09:00,1136.5130857643505,1136.5130857643505,1120.6177978515625,1120.6177978515625,500,0.0,0.0
2008-03-06 00:00:00+09:00,1128.565185546875,1128.565185546875,1128.565185546875,1128.565185546875,700,0.0,0.0
2008-03-07 00:00:00+09:00,1128.5654418079566,1128.5654418079566,1120.6177978515625,1120.6177978515625,900,0.0,0.0
2008-03-10 00:00:00+09:00,1144.4605712890625,1144.4605712890625,1144.4605712890625,1144.4605712890625,600,0.0,0.0
2008-03-11 00:00:00+09:00,1120.6176871163505,1120.6176871163505,1112.6700439453125,1112.6700439453125,200,0.0,0.0
2008-03-12 00:00:00+09:00,1112.6700439453125,1112.6700439453125,1112.6700439453125,1112.6700439453125,500,0.0,0.0
2008-03-13 00:00:00+09:00,1112.6700439453125,1112.6700439453125,1112.6700439453125,1112.6700439453125,900,0.0,0.0
2008-03-14 00:00:00+09:00,1120.6177221145074,1120.6177221145074,1088.8271484375,1088.8271484375,900,0.0,0.0
2008-03-17 00:00:00+09:00,1072.9317626953125,1080.8794053819445,1072.9317626953125,1072.9317626953125,1400,0.0,0.0
2008-03-18 00:00:00+09:00,1057.0367561109138,1057.0367561109138,1049.089111328125,1049.089111328125,300,0.0,0.0
2008-03-19 00:00:00+09:00,1041.1415615234375,1041.1415615234375,985.5080429687499,993.4556884765625,2100,0.0,0.0
2008-03-21 00:00:00+09:00,985.5077171688988,985.5077171688988,834.5025024414062,834.5025024414062,6000,0.0,0.0
2008-03-24 00:00:00+09:00,743.104721595501,760.5895385742188,739.1308995548834,760.5895385742188,11400,0.0,0.0
2008-03-25 00:00:00+09:00,755.0261466733871,763.7685546875,747.0785030241935,763.7685546875,7200,0.0,0.0
2008-03-26 00:00:00+09:00,755.0261766482622,758.9999986306215,743.8994750976562,743.8994750976562,2200,0.0,0.0
2008-03-27 00:00:00+09:00,753.4366665818404,753.4366665818404,731.97802734375,731.97802734375,2500,0.0,0.0
2008-03-28 00:00:00+09:00,749.4627842679937,750.2575486203458,747.0784912109375,747.0784912109375,2100,0.0,0.0
2008-03-31 00:00:00+09:00,740.7205186352288,770.9215698242188,740.7205186352288,770.9215698242188,1400,0.0,0.0
2008-04-01 00:00:00+09:00,763.7685546875,763.7685546875,759.7947328629033,763.7685546875,1800,0.0,0.0
2008-04-02 00:00:00+09:00,770.9215053665304,770.9215053665304,765.358154296875,765.358154296875,700,0.0,0.0
2008-04-03 00:00:00+09:00,765.3581581848576,786.0220336914062,764.5633937422981,786.0220336914062,1200,0.0,0.0
2008-04-04 00:00:00+09:00,767.74251841807,767.74251841807,766.94775390625,766.94775390625,1500,0.0,0.0
2008-04-07 00:00:00+09:00,786.0220336914062,786.0220336914062,786.0220336914062,786.0220336914062,500,0.0,0.0
2008-04-08 00:00:00+09:00,782.8428557756125,782.8428557756125,776.4847412109375,776.4847412109375,600,0.0,0.0
2008-04-09 00:00:00+09:00,774.8953923490859,774.8953923490859,770.9215698242188,770.9215698242188,800,0.0,0.0
2008-04-10 00:00:00+09:00,766.94775390625,766.94775390625,766.94775390625,766.94775390625,700,0.0,0.0
2008-04-11 00:00:00+09:00,761.3843802206171,761.3843802206171,758.205322265625,758.205322265625,400,0.0,0.0
2008-04-14 00:00:00+09:00,770.9215025290464,774.8953247070312,770.9215025290464,774.8953247070312,600,0.0,0.0
2008-04-15 00:00:00+09:00,786.8167724609375,786.8167724609375,786.8167724609375,786.8167724609375,1200,0.0,0.0
2008-04-16 00:00:00+09:00,793.9696263564463,793.9696263564463,787.6115112304688,787.6115112304688,1000,0.0,0.0
2008-04-17 00:00:00+09:00,787.6115368775647,787.6115368775647,786.8167724609375,786.8167724609375,800,0.0,0.0
2008-04-18 00:00:00+09:00,782.8429014244858,782.8429014244858,778.8690795898438,778.8690795898438,600,0.0,0.0
2008-04-21 00:00:00+09:00,802.7120971679688,802.7120971679688,802.7120971679688,802.7120971679688,900,0.0,0.0
2008-04-22 00:00:00+09:00,802.7120971679688,802.7120971679688,802.7120971679688,802.7120971679688,400,0.0,0.0
2008-04-23 00:00:00+09:00,826.5550178079044,826.5550178079044,810.6597290039062,810.6597290039062,700,0.0,0.0
2008-04-24 00:00:00+09:00,810.6597165598453,818.6073608398438,810.6597165598453,818.6073608398438,500,0.0,0.0
2008-04-25 00:00:00+09:00,810.6597165598453,818.6073608398438,810.6597165598453,818.6073608398438,1000,0.0,0.0
2008-04-28 00:00:00+09:00,818.6073608398438,818.6073608398438,818.6073608398438,818.6073608398438,500,0.0,0.0
2008-04-30 00:00:00+09:00,810.6597290039062,810.6597290039062,810.6597290039062,810.6597290039062,800,0.0,0.0
2008-05-01 00:00:00+09:00,810.6597290039062,810.6597290039062,810.6597290039062,810.6597290039062,800,0.0,0.0
2008-05-02 00:00:00+09:00,818.6073608398438,818.6073608398438,818.6073608398438,818.6073608398438,1000,0.0,0.0
2008-05-07 00:00:00+09:00,834.5025024414062,834.5025024414062,826.5548595610119,834.5025024414062,1500,0.0,0.0
2008-05-08 00:00:00+09:00,834.5026124198482,842.4502563476562,834.5026124198482,842.4502563476562,1200,0.0,0.0
2008-05-09 00:00:00+09:00,874.2409317581742,890.1362214265046,858.3456420898438,858.3456420898438,1400,0.0,0.0
2008-05-12 00:00:00+09:00,874.240966796875,874.240966796875,866.2933216441761,874.240966796875,1400,0.0,0.0
2008-05-13 00:00:00+09:00,874.240966796875,874.240966796875,874.240966796875,874.240966796875,1700,0.0,0.0
2008-05-14 00:00:00+09:00,874.2408570455848,874.2408570455848,866.293212890625,866.293212890625,600,0.0,0.0
2008-05-15 00:00:00+09:00,826.5550537109375,842.4503432053785,818.6074089637169,826.5550537109375,9500,0.0,0.0
2008-05-16 00:00:00+09:00,858.3454703928155,858.3454703928155,850.3978271484375,850.3978271484375,1100,0.0,0.0
2008-05-19 00:00:00+09:00,874.2408910290949,953.7173356681035,874.2408910290949,921.9267578125,2400,0.0,0.0
2008-05-20 00:00:00+09:00,921.9266499837239,953.7172241210938,890.1360758463542,953.7172241210938,2400,0.0,0.0
2008-05-21 00:00:00+09:00,921.9266499837239,953.7172241210938,913.9790064493815,953.7172241210938,1800,0.0,0.0
2008-05-22 00:00:00+09:00,937.8218994140625,937.8218994140625,937.8218994140625,937.8218994140625,200,0.0,0.0
2008-05-23 00:00:00+09:00,969.6126098632812,969.6126098632812,969.6126098632812,969.6126098632812,200,0.0,0.0
2008-05-26 00:00:00+09:00,969.6124722755561,977.5601154909295,937.8218994140625,937.8218994140625,1100,0.0,0.0
2008-05-27 00:00:00+09:00,945.7695690817085,961.6648559570314,945.7695690817085,961.6648559570312,400,0.0,0.0
2008-05-28 00:00:00+09:00,953.7172359178047,969.6125231831014,945.7695922851564,945.7695922851562,600,0.0,0.0
2008-05-29 00:00:00+09:00,945.7695922851564,945.7695922851564,945.7695922851564,945.7695922851562,500,0.0,0.0
2008-05-30 00:00:00+09:00,961.6649655201396,969.6126098632812,961.6649655201396,969.6126098632812,300,0.0,0.0
2008-06-02 00:00:00+09:00,961.6648559570314,961.6648559570314,961.6648559570314,961.6648559570312,100,0.0,0.0
2008-06-03 00:00:00+09:00,961.6648559570314,961.6648559570314,961.6648559570314,961.6648559570312,0,0.0,0.0
2008-06-04 00:00:00+09:00,945.7695922851564,945.7695922851564,945.7695922851564,945.7695922851562,700,0.0,0.0
2008-06-05 00:00:00+09:00,961.6648559570314,961.6648559570314,961.6648559570314,961.6648559570312,400,0.0,0.0
2008-06-06 00:00:00+09:00,961.6648559570314,961.6648559570314,953.7172125193699,961.6648559570312,900,0.0,0.0
2008-06-09 00:00:00+09:00,961.6648559570314,961.6648559570314,961.6648559570314,961.6648559570312,400,0.0,0.0
2008-06-10 00:00:00+09:00,953.7172241210938,969.6125111897786,953.7172241210938,953.7172241210938,400,0.0,0.0
2008-06-11 00:00:00+09:00,969.6126098632812,969.6126098632812,969.6126098632812,969.6126098632812,100,0.0,0.0
2008-06-12 00:00:00+09:00,953.7172241210938,953.7172241210938,953.7172241210938,953.7172241210938,400,0.0,0.0
2008-06-13 00:00:00+09:00,953.7172241210938,953.7172241210938,953.7172241210938,953.7172241210938,100,0.0,0.0
2008-06-16 00:00:00+09:00,1017.298583984375,1017.298583984375,1017.298583984375,1017.298583984375,1100,0.0,0.0
2008-06-17 00:00:00+09:00,977.56005859375,977.56005859375,977.56005859375,977.56005859375,200,0.0,0.0
2008-06-18 00:00:00+09:00,969.612751953125,993.4556884765625,969.612751953125,993.4556884765625,700,0.0,0.0
2008-06-19 00:00:00+09:00,977.56005859375,977.56005859375,977.56005859375,977.56005859375,300,0.0,0.0
2008-06-20 00:00:00+09:00,993.4557354639446,1001.4033813476562,993.4557354639446,1001.4033813476562,300,0.0,0.0
2008-06-23 00:00:00+09:00,977.5604110225554,985.508056640625,977.5604110225554,985.508056640625,600,0.0,0.0
2008-06-24 00:00:00+09:00,985.508056640625,985.508056640625,985.508056640625,985.508056640625,400,0.0,0.0
2008-06-25 00:00:00+09:00,993.4553440993395,993.4553440993395,977.56005859375,977.56005859375,700,0.0,0.0
2008-06-26 00:00:00+09:00,985.5077982584635,985.5077982584635,953.7172241210938,953.7172241210938,1600,0.0,0.0
2008-06-27 00:00:00+09:00,937.8218994140625,945.7695426294359,937.8218994140625,937.8218994140625,1100,0.0,0.0
2008-06-30 00:00:00+09:00,937.8219486525079,945.7695922851564,937.8219486525079,945.7695922851562,300,0.0,0.0
2008-07-01 00:00:00+09:00,977.560154724121,977.560154724121,953.7172241210938,953.7172241210938,400,0.0,0.0
2008-07-02 00:00:00+09:00,874.2408931147944,882.1885375976562,874.2408931147944,882.1885375976562,3300,0.0,0.0
2008-07-03 00:00:00+09:00,913.9790649414062,913.9790649414062,913.9790649414062,913.9790649414062,300,0.0,0.0
2008-07-04 00:00:00+09:00,890.1362915039062,890.1362915039062,890.1362915039062,890.1362915039062,100,0.0,0.0
2008-07-07 00:00:00+09:00,929.8745188031878,929.8745188031878,890.1362915039062,890.1362915039062,300,0.0,0.0
2008-07-08 00:00:00+09:00,898.0838265633797,898.0838265633797,882.1885375976562,882.1885375976562,1500,0.0,0.0
2008-07-09 00:00:00+09:00,882.1885375976562,882.1885375976562,882.1885375976562,882.1885375976562,300,0.0,0.0
2008-07-10 00:00:00+09:00,882.1886119495738,882.1886119495738,874.240966796875,874.240966796875,800,0.0,0.0
2008-07-11 00:00:00+09:00,890.1362915039062,890.1362915039062,890.1362915039062,890.1362915039062,200,0.0,0.0
2008-07-14 00:00:00+09:00,890.1362915039062,890.1362915039062,890.1362915039062,890.1362915039062,400,0.0,0.0
2008-07-15 00:00:00+09:00,906.0314331054688,906.0314331054688,906.0314331054688,906.0314331054688,1200,0.0,0.0
2008-07-16 00:00:00+09:00,906.0314331054688,906.0314331054688,906.0314331054688,906.0314331054688,100,0.0,0.0
2008-07-17 00:00:00+09:00,890.1362915039062,890.1362915039062,890.1362915039062,890.1362915039062,300,0.0,0.0
2008-07-18 00:00:00+09:00,898.0838623046875,898.0838623046875,898.0838623046875,898.0838623046875,300,0.0,0.0
2008-07-22 00:00:00+09:00,890.136217505531,898.0838623046875,874.240927907218,898.0838623046875,1900,0.0,0.0
2008-07-23 00:00:00+09:00,898.8785569075407,911.5947875976562,874.2408599454419,911.5947875976562,900,0.0,0.0
2008-07-24 00:00:00+09:00,883.777938445908,886.1622314453125,883.777938445908,886.1622314453125,600,0.0,0.0
2008-07-25 00:00:00+09:00,890.1363454861112,894.1101684570312,890.1363454861112,894.1101684570312,500,0.0,0.0
2008-07-28 00:00:00+09:00,894.9049330512153,894.9049330512153,894.1101684570312,894.1101684570312,1500,0.0,0.0
2008-07-29 00:00:00+09:00,890.1361597160108,894.904746285918,888.546630859375,888.546630859375,1100,0.0,0.0
2008-07-30 00:00:00+09:00,888.546762411935,890.1362915039062,884.5729396820069,890.1362915039062,1000,0.0,0.0
2008-07-31 00:00:00+09:00,888.5464732717379,888.5464732717379,887.751708984375,887.751708984375,900,0.0,0.0
2008-08-01 00:00:00+09:00,889.3412174523037,889.3412174523037,884.5726318359375,884.5726318359375,1100,0.0,0.0
2008-08-04 00:00:00+09:00,882.9831287740805,883.7778930664064,882.1883644817545,883.7778930664062,800,0.0,0.0
2008-08-05 00:00:00+09:00,884.5726573587322,884.5726573587322,883.7778930664064,883.7778930664062,700,0.0,0.0
2008-08-06 00:00:00+09:00,880.5989990234376,880.5989990234376,880.5989990234376,880.5989990234375,1100,0.0,0.0
2008-08-07 00:00:00+09:00,879.8042345838858,880.5989990234376,879.8042345838858,880.5989990234375,800,0.0,0.0
2008-08-08 00:00:00+09:00,878.2145797632479,879.0093440888255,875.0355224609375,875.0355224609375,800,0.0,0.0
2008-08-11 00:00:00+09:00,875.0355224609375,875.0355224609375,875.0355224609375,875.0355224609375,500,0.0,0.0
2008-08-12 00:00:00+09:00,866.293286924009,870.2671093410916,858.3456420898438,858.3456420898438,2300,0.0,0.0
2008-08-13 00:00:00+09:00,858.3454234606696,858.3454234606696,857.5506591796875,857.5506591796875,700,0.0,0.0
2008-08-14 00:00:00+09:00,842.4503432053785,842.4503432053785,826.5550537109375,826.5550537109375,1800,0.0,0.0
2008-08-15 00:00:00+09:00,786.8168599236873,786.8168599236873,770.9215698242188,770.9215698242188,2800,0.0,0.0
2008-08-18 00:00:00+09:00,772.5110830630897,774.8953765293338,758.205322265625,758.205322265625,2300,0.0,0.0
2008-08-19 00:00:00+09:00,726.4147275119358,728.0042564561631,715.2880249023438,715.2880249023438,2400,0.0,0.0
2008-08-20 00:00:00+09:00,707.3403801812066,715.2880249023438,707.3403801812066,715.2880249023438,1500,0.0,0.0
2008-08-21 00:00:00+09:00,751.0523071289062,751.0523071289062,751.0523071289062,751.0523071289062,800,0.0,0.0
2008-08-22 00:00:00+09:00,755.0261347344582,755.0261347344582,747.0784912109375,747.0784912109375,800,0.0,0.0
2008-08-25 00:00:00+09:00,756.6156985435957,772.510986328125,756.6156985435957,772.510986328125,700,0.0,0.0
2008-08-26 00:00:00+09:00,801.9172973632812,801.9172973632812,801.9172973632812,801.9172973632812,700,0.0,0.0
2008-08-27 00:00:00+09:00,787.6114895412991,793.9696044921875,786.816725172438,793.9696044921875,1500,0.0,0.0
2008-08-28 00:00:00+09:00,770.921430093988,782.8428955078125,770.921430093988,782.8428955078125,1700,0.0,0.0
2008-08-29 00:00:00+09:00,776.4848535782252,776.4848535782252,774.8953247070312,774.8953247070312,700,0.0,0.0
2008-09-01 00:00:00+09:00,770.9215764653497,770.9215764653497,766.94775390625,766.94775390625,2300,0.0,0.0
2008-09-02 00:00:00+09:00,758.9998833907277,762.9737047697369,755.0260620117188,755.0260620117188,1600,0.0,0.0
2008-09-03 00:00:00+09:00,751.0523129726979,751.0523129726979,747.0784912109375,747.0784912109375,1300,0.0,0.0
2008-09-04 00:00:00+09:00,731.1831721738388,731.1831721738388,727.2093505859375,727.2093505859375,1300,0.0,0.0
2008-09-05 00:00:00+09:00,713.6984959581163,715.2880249023438,713.6984959581163,715.2880249023438,3800,0.0,0.0
2008-09-08 00:00:00+09:00,712.9035744332896,718.4669245124792,712.9035744332896,714.4931030273438,2700,0.0,0.0
2008-09-09 00:00:00+09:00,719.2618472629123,719.2618472629123,715.2880249023438,715.2880249023438,1400,0.0,0.0
2008-09-10 00:00:00+09:00,715.2881305479132,717.6724243164062,715.2881305479132,717.6724243164062,2300,0.0,0.0
2008-09-11 00:00:00+09:00,718.4669799804688,719.2617443388542,716.8774512636978,718.4669799804688,3100,0.0,0.0
2008-09-12 00:00:00+09:00,720.8513002871432,732.7727661132812,720.0565358987341,732.7727661132812,1700,0.0,0.0
2008-09-16 00:00:00+09:00,735.1570375504033,739.130859375,731.9779800907259,739.130859375,3800,0.0,0.0
2008-09-17 00:00:00+09:00,752.6418555433556,754.2313842773438,751.0523268093675,754.2313842773438,1600,0.0,0.0
2008-09-18 00:00:00+09:00,764.5633447011312,764.5633447011312,756.6157007853191,762.9738159179688,2100,0.0,0.0
2008-09-19 00:00:00+09:00,778.8690795898438,778.8690795898438,775.6900221221301,778.8690795898438,4600,0.0,0.0
2008-09-22 00:00:00+09:00,794.7644526415532,802.7120971679688,793.9696881889117,802.7120971679688,5900,0.0,0.0
2008-09-24 00:00:00+09:00,798.7382501398475,818.6073608398438,798.7382501398475,818.6073608398438,11500,0.0,0.0
2008-09-25 00:00:00+09:00,818.6073608398438,818.6073608398438,818.6073608398438,818.6073608398438,10300,0.0,0.0
2008-09-26 00:00:00+09:00,818.6073608398438,818.6073608398438,818.6073608398438,818.6073608398438,4800,0.0,0.0
2008-09-29 00:00:00+09:00,818.6073608398438,818.6073608398438,818.6073608398438,818.6073608398438,0,0.0,0.0
2008-09-30 00:00:00+09:00,818.6073608398438,818.6073608398438,818.6073608398438,818.6073608398438,0,0.0,0.0
2008-10-01 00:00:00+09:00,293.26800537109375,293.26800537109375,293.26800537109375,293.26800537109375,5800,0.0,0.0
2008-10-02 00:00:00+09:00,293.26800537109375,293.26800537109375,293.26800537109375,293.26800537109375,0,0.0,0.0
2008-10-03 00:00:00+09:00,293.26800537109375,293.26800537109375,293.26800537109375,293.26800537109375,0,0.0,0.0
2008-10-06 00:00:00+09:00,325.05865478515625,325.05865478515625,325.05865478515625,325.05865478515625,3100,0.0,0.0
2008-10-07 00:00:00+09:00,293.26800946107846,325.0585795923607,293.26800946107846,308.3685302734375,14100,0.0,0.0
2008-10-08 00:00:00+09:00,298.8313981165129,302.0104555432843,285.3204040527344,285.3204040527344,9100,0.0,0.0
2008-10-09 00:00:00+09:00,274.19367502162186,274.19367502162186,271.0146179199219,271.0146179199219,2100,0.0,0.0
2008-10-10 00:00:00+09:00,270.2198282877604,270.6172103881836,257.50360107421875,257.50360107421875,4100,0.0,0.0
2008-10-14 00:00:00+09:00,288.49942519638563,289.294189453125,288.49942519638563,289.294189453125,6700,0.0,0.0
2008-10-15 00:00:00+09:00,289.294189453125,289.294189453125,289.294189453125,289.294189453125,0,0.0,0.0
2008-10-16 00:00:00+09:00,289.294189453125,289.294189453125,289.294189453125,289.294189453125,0,0.0,0.0
2008-10-17 00:00:00+09:00,384.666015625,384.666015625,384.666015625,384.666015625,3500,0.0,0.0
2008-10-20 00:00:00+09:00,416.4565478515625,416.4565478515625,397.3822021484375,397.3822021484375,1700,0.0,0.0
2008-10-21 00:00:00+09:00,437.1204465573972,441.0942687988281,437.1204465573972,441.0942687988281,1200,0.0,0.0
2008-10-22 00:00:00+09:00,476.85860625968496,480.8324279785157,476.85860625968496,480.8324279785156,700,0.0,0.0
2008-10-23 00:00:00+09:00,484.806398906405,500.7016906738281,477.65351761106456,500.7016906738281,1100,0.0,0.0
2008-10-24 00:00:00+09:00,484.8063049316406,484.8063049316406,484.8063049316406,484.8063049316406,1700,0.0,0.0
2008-10-27 00:00:00+09:00,468.91094970703125,468.91094970703125,468.91094970703125,468.91094970703125,900,0.0,0.0
2008-10-28 00:00:00+09:00,429.1728210449219,429.1728210449219,429.1728210449219,429.1728210449219,800,0.0,0.0
2008-10-29 00:00:00+09:00,433.1465369814918,433.1465369814918,417.2512512207031,417.2512512207031,1400,0.0,0.0
2008-10-30 00:00:00+09:00,445.0681457519531,445.0681457519531,445.0681457519531,445.0681457519531,400,0.0,0.0
2008-10-31 00:00:00+09:00,472.88482055664065,472.88482055664065,456.9895324707031,456.9895324707031,400,0.0,0.0
2008-11-04 00:00:00+09:00,460.96337890625,460.96337890625,460.96337890625,460.96337890625,300,0.0,0.0
2008-11-05 00:00:00+09:00,463.34765624999994,463.34765624999994,463.34765624999994,463.34765625,600,0.0,0.0
2008-11-06 00:00:00+09:00,474.47442626953125,474.47442626953125,474.47442626953125,474.47442626953125,100,0.0,0.0
2008-11-07 00:00:00+09:00,464.93720113820046,464.93720113820046,460.96337890625,460.96337890625,300,0.0,0.0
2008-11-10 00:00:00+09:00,476.06384277343756,476.06384277343756,476.06384277343756,476.0638427734375,400,0.0,0.0
2008-11-11 00:00:00+09:00,449.8365783691406,449.8365783691406,449.04181409640364,449.8365783691406,2200,0.0,0.0
2008-11-12 00:00:00+09:00,449.0419511274858,449.0419511274858,437.1204833984375,437.1204833984375,1500,0.0,0.0
2008-11-13 00:00:00+09:00,425.1989501377322,425.1989501377322,421.2251281738281,421.2251281738281,1500,0.0,0.0
2008-11-14 00:00:00+09:00,413.2775025599211,413.2775025599211,409.3036804199219,409.3036804199219,1300,0.0,0.0
2008-11-17 00:00:00+09:00,445.0681457519531,445.0681457519531,445.0681457519531,445.0681457519531,1800,0.0,0.0
2008-11-18 00:00:00+09:00,401.35602416992185,402.94555297851565,397.3822021484375,397.3822021484375,2000,0.0,0.0
2008-11-19 00:00:00+09:00,398.97173584958983,398.97173584958983,398.1769714355469,398.1769714355469,500,0.0,0.0
2008-11-20 00:00:00+09:00,398.97173095703124,398.97173095703124,397.3822021484375,397.3822021484375,700,0.0,0.0
2008-11-21 00:00:00+09:00,410.8932800292969,410.8932800292969,410.8932800292969,410.8932800292969,400,0.0,0.0
2008-11-25 00:00:00+09:00,397.3822021484375,397.3822021484375,397.3822021484375,397.3822021484375,1400,0.0,0.0
2008-11-26 00:00:00+09:00,397.3822021484375,397.3822021484375,397.3822021484375,397.3822021484375,1000,0.0,0.0
2008-11-27 00:00:00+09:00,407.7141418457031,407.7141418457031,407.7141418457031,407.7141418457031,700,0.0,0.0
2008-11-28 00:00:00+09:00,405.3298645019531,405.3298645019531,405.3298645019531,405.3298645019531,400,0.0,0.0
2008-12-01 00:00:00+09:00,422.814686488246,445.068091040259,422.814686488246,441.0942687988281,2300,0.0,0.0
2008-12-02 00:00:00+09:00,437.120463953609,449.04193115234375,437.120463953609,449.04193115234375,1600,0.0,0.0
2008-12-03 00:00:00+09:00,456.9895324707031,460.9633544921875,456.9895324707031,456.9895324707031,1400,0.0,0.0
2008-12-04 00:00:00+09:00,453.81049069491297,454.6052551269531,453.81049069491297,454.6052551269531,400,0.0,0.0
2008-12-05 00:00:00+09:00,468.1161853854939,468.91094970703125,468.1161853854939,468.91094970703125,500,0.0,0.0
2008-12-08 00:00:00+09:00,467.32142106395656,468.91094970703125,467.32142106395656,468.91094970703125,600,0.0,0.0
2008-12-09 00:00:00+09:00,468.91101900949127,475.2691345214844,468.91101900949127,475.2691345214844,600,0.0,0.0
2008-12-10 00:00:00+09:00,475.2691345214844,475.2691345214844,473.67960564348607,475.2691345214844,700,0.0,0.0
2008-12-11 00:00:00+09:00,489.57498643663195,500.7016906738281,489.57498643663195,500.7016906738281,2200,0.0,0.0
2008-12-12 00:00:00+09:00,496.72784423828125,496.72784423828125,496.72784423828125,496.72784423828125,700,0.0,0.0
2008-12-15 00:00:00+09:00,532.4921875,532.4921875,532.4921875,532.4921875,1800,0.0,0.0
2008-12-16 00:00:00+09:00,524.544457607582,533.286865234375,520.5706359590397,533.286865234375,1100,0.0,0.0
2008-12-17 00:00:00+09:00,512.623046875,512.623046875,512.623046875,512.623046875,1000,0.0,0.0
2008-12-18 00:00:00+09:00,512.623046875,512.623046875,512.623046875,512.623046875,100,0.0,0.0
2008-12-19 00:00:00+09:00,515.8021885309464,515.8021885309464,495.9330749511719,495.9330749511719,1100,0.0,0.0
2008-12-22 00:00:00+09:00,476.8586120605469,480.8324338277181,476.8586120605469,476.8586120605469,1400,0.0,0.0
2008-12-24 00:00:00+09:00,460.96337890625,460.96337890625,460.96337890625,460.96337890625,800,0.0,0.0
2008-12-25 00:00:00+09:00,460.96332047757727,460.96332047757727,446.6575622558594,446.6575622558594,700,0.0,0.0
2008-12-26 00:00:00+09:00,433.146622436073,433.146622436073,430.7623291015625,430.7623291015625,600,0.0,0.0
2008-12-29 00:00:00+09:00,431.55707949185245,463.34765624999994,431.55707949185245,463.34765625,1400,0.0,0.0
2008-12-30 00:00:00+09:00,499.1121109282601,499.1121109282601,483.21682077130913,487.1906433105469,400,0.0,0.0
2009-01-05 00:00:00+09:00,476.8586120605469,476.8586120605469,476.8586120605469,476.8586120605469,100,0.0,0.0
2009-01-06 00:00:00+09:00,472.0900698100051,472.0900698100051,464.1424255371094,464.1424255371094,600,0.0,0.0
2009-01-07 00:00:00+09:00,468.91094970703125,468.91094970703125,468.91094970703125,468.91094970703125,200,0.0,0.0
2009-01-08 00:00:00+09:00,476.8586120605469,476.8586120605469,476.8586120605469,476.8586120605469,400,0.0,0.0
2009-01-09 00:00:00+09:00,484.8063049316406,484.8063049316406,484.8063049316406,484.8063049316406,500,0.0,0.0
2009-01-13 00:00:00+09:00,454.60522950923047,455.3999938964844,454.60522950923047,455.3999938964844,3500,0.0,0.0
2009-01-14 00:00:00+09:00,464.9372253417969,464.9372253417969,464.9372253417969,464.9372253417969,500,0.0,0.0
2009-01-15 00:00:00+09:00,480.8324338277181,480.8324338277181,476.8586120605469,476.8586120605469,1900,0.0,0.0
2009-01-16 00:00:00+09:00,453.0157165527344,453.0157165527344,453.0157165527344,453.0157165527344,100,0.0,0.0
2009-01-19 00:00:00+09:00,453.0156814575195,476.8586120605469,453.0156814575195,476.8586120605469,600,0.0,0.0
2009-01-20 00:00:00+09:00,476.8586120605469,476.8586120605469,476.8586120605469,476.8586120605469,200,0.0,0.0
2009-01-21 00:00:00+09:00,456.9895324707031,456.9895324707031,456.9895324707031,456.9895324707031,1100,0.0,0.0
2009-01-22 00:00:00+09:00,476.8586120605469,476.8586120605469,476.8586120605469,476.8586120605469,300,0.0,0.0
2009-01-23 00:00:00+09:00,472.8847961425782,472.8847961425782,472.8847961425782,472.8847961425781,100,0.0,0.0
2009-01-26 00:00:00+09:00,473.67956050584297,473.67956050584297,472.8847961425782,472.8847961425781,500,0.0,0.0
2009-01-27 00:00:00+09:00,460.9634029029781,468.9110477806156,460.9634029029781,464.9372253417969,800,0.0,0.0
2009-01-28 00:00:00+09:00,457.7843017578125,457.7843017578125,457.7843017578125,457.7843017578125,200,0.0,0.0
2009-01-29 00:00:00+09:00,460.96337890625,460.96337890625,460.96337890625,460.96337890625,100,0.0,0.0
2009-01-30 00:00:00+09:00,456.9895566742996,460.96337890625,456.9895566742996,460.96337890625,400,0.0,0.0
2009-02-02 00:00:00+09:00,460.96337890625,460.96337890625,460.96337890625,460.96337890625,300,0.0,0.0
2009-02-03 00:00:00+09:00,456.9895324707031,456.9895324707031,456.9895324707031,456.9895324707031,100,0.0,0.0
2009-02-04 00:00:00+09:00,460.9633544921875,460.9633544921875,456.9895324707031,456.9895324707031,700,0.0,0.0
2009-02-05 00:00:00+09:00,453.0157165527344,453.0157165527344,453.0157165527344,453.0157165527344,300,0.0,0.0
2009-02-06 00:00:00+09:00,441.0943059747869,441.0943059747869,437.1204833984375,437.1204833984375,900,0.0,0.0
2009-02-09 00:00:00+09:00,437.1203776869007,437.1203776869007,429.9674987792969,429.9674987792969,1300,0.0,0.0
2009-02-10 00:00:00+09:00,413.2775089039522,413.2775089039522,405.3298645019531,405.3298645019531,1500,0.0,0.0
2009-02-12 00:00:00+09:00,373.936644746528,376.7183201059602,366.3863830566406,366.3863830566406,2100,0.0,0.0
2009-02-13 00:00:00+09:00,345.7224987399194,345.7224987399194,343.3382056451613,344.927734375,2400,0.0,0.0
2009-02-16 00:00:00+09:00,313.1371752929688,317.90576171875,313.1371752929688,317.90576171875,8300,0.0,0.0
2009-02-17 00:00:00+09:00,286.1151428222656,286.1151428222656,286.1151428222656,286.1151428222656,1800,0.0,0.0
2009-02-18 00:00:00+09:00,286.11522260918673,286.11522260918673,263.86181640625,263.86181640625,9700,0.0,0.0
2009-02-19 00:00:00+09:00,293.26804083746833,294.06280517578125,293.26804083746833,294.06280517578125,800,0.0,0.0
2009-02-20 00:00:00+09:00,317.90579680838914,326.2508239746094,317.90579680838914,326.2508239746094,2200,0.0,0.0
2009-02-23 00:00:00+09:00,356.0544738769531,356.0544738769531,356.0544738769531,356.0544738769531,1200,0.0,0.0
2009-02-24 00:00:00+09:00,365.59164144225036,375.1288146972656,365.59164144225036,375.1288146972656,1600,0.0,0.0
2009-02-25 00:00:00+09:00,375.92359530978734,375.92359530978734,357.6440124511719,357.6440124511719,1400,0.0,0.0
2009-02-26 00:00:00+09:00,325.8533935546875,325.8533935546875,325.8533935546875,325.8533935546875,1400,0.0,0.0
2009-02-27 00:00:00+09:00,302.0104791550409,340.15917125883556,302.0104791550409,333.8010559082031,1200,0.0,0.0
2009-03-02 00:00:00+09:00,345.72251586914064,345.72251586914064,337.7748718261719,337.7748718261719,900,0.0,0.0
2009-03-03 00:00:00+09:00,325.8534593419727,326.6482238769531,325.8534593419727,326.6482238769531,700,0.0,0.0
2009-03-04 00:00:00+09:00,317.90576171875,317.90576171875,317.90576171875,317.90576171875,900,0.0,0.0
2009-03-05 00:00:00+09:00,318.30313199671303,325.8533935546875,318.30313199671303,325.8533935546875,200,0.0,0.0
2009-03-06 00:00:00+09:00,327.0455465272416,341.7486877441406,327.0455465272416,341.7486877441406,800,0.0,0.0
2009-03-09 00:00:00+09:00,341.7486877441406,341.7486877441406,341.7486877441406,341.7486877441406,100,0.0,0.0
2009-03-10 00:00:00+09:00,343.33822858146067,353.670166015625,343.33822858146067,353.670166015625,700,0.0,0.0
2009-03-11 00:00:00+09:00,359.2335076938018,359.6308898925781,359.2335076938018,359.6308898925781,900,0.0,0.0
2009-03-12 00:00:00+09:00,359.6309284624662,361.61783966944114,358.43878173828125,358.43878173828125,400,0.0,0.0
2009-03-13 00:00:00+09:00,358.4387609216551,360.0282897949219,358.4387609216551,360.0282897949219,200,0.0,0.0
2009-03-16 00:00:00+09:00,360.0282897949219,360.0282897949219,360.0282897949219,360.0282897949219,0,0.0,0.0
2009-03-17 00:00:00+09:00,407.71415782255286,407.71415782255286,405.3298645019531,405.3298645019531,2300,0.0,0.0
2009-03-18 00:00:00+09:00,381.4868891289894,381.4868891289894,373.53924560546875,373.53924560546875,1000,0.0,0.0
2009-03-19 00:00:00+09:00,381.88427130516544,381.88427130516544,373.53924560546875,373.53924560546875,500,0.0,0.0
2009-03-23 00:00:00+09:00,383.8712463378906,383.8712463378906,383.8712463378906,383.8712463378906,300,0.0,0.0
2009-03-24 00:00:00+09:00,397.38222009995405,405.3298645019531,397.38222009995405,405.3298645019531,900,0.0,0.0
2009-03-25 00:00:00+09:00,413.2775089039522,413.2775089039522,405.3298645019531,405.3298645019531,1100,0.0,0.0
2009-03-26 00:00:00+09:00,362.0152282714844,362.0152282714844,362.0152282714844,362.0152282714844,600,0.0,0.0
2009-03-27 00:00:00+09:00,393.8057556152344,393.8057556152344,393.8057556152344,393.8057556152344,400,0.0,0.0
2009-03-30 00:00:00+09:00,373.9366455078125,373.9366455078125,373.9366455078125,373.9366455078125,400,0.0,0.0
2009-03-31 00:00:00+09:00,348.5041846758054,386.2554931640625,348.5041846758054,386.2554931640625,3300,0.0,0.0
2009-04-01 00:00:00+09:00,361.6177673339844,361.6177673339844,361.6177673339844,361.6177673339844,600,0.0,0.0
2009-04-02 00:00:00+09:00,369.5654296875,369.5654296875,369.5654296875,369.5654296875,400,0.0,0.0
2009-04-03 00:00:00+09:00,365.591552734375,365.591552734375,365.591552734375,365.591552734375,400,0.0,0.0
2009-04-06 00:00:00+09:00,397.3822021484375,397.3822021484375,397.3822021484375,397.3822021484375,1900,0.0,0.0
2009-04-07 00:00:00+09:00,405.32988711657276,409.3037095392843,398.9717712402344,398.9717712402344,2000,0.0,0.0
2009-04-08 00:00:00+09:00,417.2512512207031,417.2512512207031,417.2512512207031,417.2512512207031,200,0.0,0.0
2009-04-09 00:00:00+09:00,421.2251281738281,421.2251281738281,421.2251281738281,421.2251281738281,800,0.0,0.0
2009-04-10 00:00:00+09:00,414.8670891720158,418.8409118652344,414.8670891720158,418.8409118652344,700,0.0,0.0
2009-04-13 00:00:00+09:00,417.25131813539275,433.1466064453125,417.25131813539275,433.1466064453125,1100,0.0,0.0
2009-04-14 00:00:00+09:00,441.09421670754466,447.45233154296875,441.09421670754466,447.45233154296875,1000,0.0,0.0
2009-04-15 00:00:00+09:00,464.93720113820046,464.93720113820046,460.96337890625,460.96337890625,2500,0.0,0.0
2009-04-16 00:00:00+09:00,453.0157165527344,453.0157165527344,453.0157165527344,453.0157165527344,400,0.0,0.0
2009-04-17 00:00:00+09:00,453.0157165527344,453.0157165527344,453.0157165527344,453.0157165527344,200,0.0,0.0
2009-04-20 00:00:00+09:00,449.0419199428994,452.2209777832031,449.0419199428994,452.2209777832031,1500,0.0,0.0
2009-04-21 00:00:00+09:00,445.06812855113634,445.06812855113634,437.1204833984375,437.1204833984375,1000,0.0,0.0
2009-04-22 00:00:00+09:00,456.9895759515003,456.9895759515003,449.04193115234375,449.04193115234375,600,0.0,0.0
2009-04-23 00:00:00+09:00,460.96337890625,460.96337890625,460.96337890625,460.96337890625,400,0.0,0.0
2009-04-24 00:00:00+09:00,453.8104553222656,453.8104553222656,453.8104553222656,453.8104553222656,300,0.0,0.0
2009-04-27 00:00:00+09:00,460.9633870027503,467.3215026855469,460.9633870027503,467.3215026855469,800,0.0,0.0
2009-04-28 00:00:00+09:00,467.3215026855469,467.3215026855469,467.3215026855469,467.3215026855469,400,0.0,0.0
2009-04-30 00:00:00+09:00,472.09013267018685,474.47442626953125,472.09013267018685,474.47442626953125,700,0.0,0.0
2009-05-01 00:00:00+09:00,476.06387817382813,476.06387817382813,456.9895324707031,456.9895324707031,600,0.0,0.0
2009-05-07 00:00:00+09:00,476.06384770711264,476.8586120605469,476.06384770711264,476.8586120605469,700,0.0,0.0
2009-05-08 00:00:00+09:00,465.73191111246746,476.8586120605469,465.73191111246746,476.8586120605469,600,0.0,0.0
2009-05-11 00:00:00+09:00,480.8324279785157,480.8324279785157,480.8324279785157,480.8324279785156,900,0.0,0.0
2009-05-12 00:00:00+09:00,492.754026175307,497.5226135253906,492.754026175307,497.5226135253906,400,0.0,0.0
2009-05-13 00:00:00+09:00,488.780095236642,489.5748596191406,488.780095236642,489.5748596191406,800,0.0,0.0
2009-05-14 00:00:00+09:00,490.3696300550295,490.3696300550295,485.6010437011719,485.6010437011719,800,0.0,0.0
2009-05-15 00:00:00+09:00,484.8063049316406,484.8063049316406,484.8063049316406,484.8063049316406,1200,0.0,0.0
2009-05-18 00:00:00+09:00,488.7800874424931,488.7800874424931,478.4481506347656,478.4481506347656,800,0.0,0.0
2009-05-19 00:00:00+09:00,486.3958435058594,486.3958435058594,486.3958435058594,486.3958435058594,300,0.0,0.0
2009-05-20 00:00:00+09:00,478.4482164778322,479.24298095703125,478.4482164778322,479.24298095703125,400,0.0,0.0
2009-05-21 00:00:00+09:00,496.72783949436285,496.72783949436285,495.9330749511719,495.9330749511719,500,0.0,0.0
2009-05-22 00:00:00+09:00,495.9330749511719,495.9330749511719,495.9330749511719,495.9330749511719,200,0.0,0.0
2009-05-25 00:00:00+09:00,512.6229095458984,515.0072021484375,512.6229095458984,515.0072021484375,800,0.0,0.0
2009-05-26 00:00:00+09:00,524.5445556640625,524.5445556640625,524.5445556640625,524.5445556640625,1700,0.0,0.0
2009-05-27 00:00:00+09:00,548.3874619485479,548.3874619485479,495.13824462890625,495.13824462890625,3400,0.0,0.0
2009-05-28 00:00:00+09:00,497.5226135253906,497.5226135253906,497.5226135253906,497.5226135253906,300,0.0,0.0
2009-05-29 00:00:00+09:00,508.6492248062015,512.623046875,507.05969597868216,512.623046875,800,0.0,0.0
2009-06-01 00:00:00+09:00,520.5707463191105,520.5707463191105,516.596923828125,516.596923828125,700,0.0,0.0
2009-06-02 00:00:00+09:00,535.671222229467,535.671222229467,523.749755859375,523.749755859375,400,0.0,0.0
2009-06-03 00:00:00+09:00,539.6449584960938,539.6449584960938,539.6449584960938,539.6449584960938,500,0.0,0.0
2009-06-04 00:00:00+09:00,538.8503096731085,538.8503096731085,528.5183715820312,528.5183715820312,500,0.0,0.0
2009-06-05 00:00:00+09:00,555.5403125519448,560.3088989257812,548.3874329911902,560.3088989257812,900,0.0,0.0
2009-06-08 00:00:00+09:00,600.0470695751626,600.0470695751626,592.0994262695312,592.0994262695312,1000,0.0,0.0
2009-06-09 00:00:00+09:00,626.274404357531,651.7068674786491,626.274404357531,639.785400390625,1800,0.0,0.0
2009-06-10 00:00:00+09:00,644.554003029009,652.5016479492188,644.554003029009,652.5016479492188,1300,0.0,0.0
2009-06-11 00:00:00+09:00,715.2878481561438,715.2878481561438,701.77685546875,701.77685546875,5500,0.0,0.0
2009-06-12 00:00:00+09:00,713.6984992499823,715.2880282015414,705.7508544921875,705.7508544921875,2600,0.0,0.0
2009-06-15 00:00:00+09:00,705.7506768473953,705.7506768473953,701.77685546875,701.77685546875,1600,0.0,0.0
2009-06-16 00:00:00+09:00,704.1612373439744,715.2879386112608,691.4450073242188,691.4450073242188,2400,0.0,0.0
2009-06-17 00:00:00+09:00,770.9215698242188,770.9215698242188,770.9215698242188,770.9215698242188,4200,0.0,0.0
2009-06-18 00:00:00+09:00,720.8512892449039,720.8512892449039,691.4450073242188,691.4450073242188,4700,0.0,0.0
2009-06-19 00:00:00+09:00,707.34033203125,707.34033203125,707.34033203125,707.34033203125,2100,0.0,0.0
2009-06-22 00:00:00+09:00,715.2880249023438,715.2880249023438,715.2880249023438,715.2880249023438,500,0.0,0.0
2009-06-23 00:00:00+09:00,691.4450329603891,691.4450329603891,690.6502685546875,690.6502685546875,1100,0.0,0.0
2009-06-24 00:00:00+09:00,675.5498459871937,675.5498459871937,636.6063842773438,636.6063842773438,2700,0.0,0.0
2009-06-25 00:00:00+09:00,633.4271623478379,651.7067416878633,632.6323980287063,649.3224487304688,2100,0.0,0.0
2009-06-26 00:00:00+09:00,648.5278699560073,654.885986328125,647.7331054094926,654.885986328125,700,0.0,0.0
2009-06-29 00:00:00+09:00,660.4491949383996,676.344482421875,660.4491949383996,676.344482421875,800,0.0,0.0
2009-06-30 00:00:00+09:00,700.1874999321832,715.2880249023438,691.4450907389323,715.2880249023438,2400,0.0,0.0
2009-07-01 00:00:00+09:00,712.9037315550511,712.9037315550511,692.239855278093,700.1875,1400,0.0,0.0
2009-07-02 00:00:00+09:00,708.1351447219068,715.2880249716231,700.1875,700.1875,1200,0.0,0.0
2009-07-03 00:00:00+09:00,702.5717934165721,702.5717934165721,699.3927355278092,700.1875,800,0.0,0.0
2009-07-06 00:00:00+09:00,708.1350964492626,708.1350964492626,700.1874522691362,707.34033203125,1600,0.0,0.0
2009-07-07 00:00:00+09:00,707.3403801812066,715.2880249023438,707.3403801812066,715.2880249023438,1100,0.0,0.0
2009-07-08 00:00:00+09:00,715.2879503038195,715.2879503038195,707.3403064115548,708.1350708007812,1300,0.0,0.0
2009-07-09 00:00:00+09:00,707.34033203125,707.34033203125,706.5455676132374,707.34033203125,1400,0.0,0.0
2009-07-10 00:00:00+09:00,707.3404068896995,707.3404068896995,684.292236328125,684.292236328125,3100,0.0,0.0
2009-07-13 00:00:00+09:00,693.0345458984375,693.0345458984375,693.0345458984375,693.0345458984375,200,0.0,0.0
2009-07-14 00:00:00+09:00,693.8293224786107,693.8293224786107,685.0869140625,685.0869140625,1000,0.0,0.0
2009-07-15 00:00:00+09:00,700.9821678855202,700.9821678855202,699.3926391601562,699.3926391601562,900,0.0,0.0
2009-07-16 00:00:00+09:00,699.3926732888631,699.3926732888631,685.0869140625,685.0869140625,1400,0.0,0.0
2009-07-17 00:00:00+09:00,685.0870008302483,685.0870008302483,684.292236328125,684.292236328125,700,0.0,0.0
2009-07-21 00:00:00+09:00,684.2922202216254,691.4451005723741,679.5236333211262,686.676513671875,1900,0.0,0.0
2009-07-22 00:00:00+09:00,683.4973754882812,683.4973754882812,678.7287891476653,683.4973754882812,2000,0.0,0.0
2009-07-23 00:00:00+09:00,677.9339954099275,683.4973458998097,677.9339954099275,678.728759765625,1100,0.0,0.0
2009-07-24 00:00:00+09:00,678.7288464884965,678.7288464884965,677.1393175740036,677.93408203125,1600,0.0,0.0
2009-07-27 00:00:00+09:00,690.650242947984,691.4450073242188,690.650242947984,691.4450073242188,700,0.0,0.0
2009-07-28 00:00:00+09:00,690.6502331149194,690.6502331149194,689.85546875,689.85546875,1100,0.0,0.0
2009-07-29 00:00:00+09:00,689.0607043850807,689.85546875,683.4973538306452,689.85546875,600,0.0,0.0
2009-07-30 00:00:00+09:00,689.0608329551936,691.4451264948309,685.0870103891314,685.8817749023438,1000,0.0,0.0
2009-07-31 00:00:00+09:00,698.597922464189,699.3926868810994,692.2398071289062,692.2398071289062,400,0.0,0.0
2009-08-03 00:00:00+09:00,715.2879061764233,715.2879061764233,696.2135620117188,696.2135620117188,2300,0.0,0.0
2009-08-04 00:00:00+09:00,704.161280538268,707.340338238215,699.3926939883474,703.3665161132812,1700,0.0,0.0
2009-08-05 00:00:00+09:00,708.9297529481543,714.4931030273438,707.3402243541001,714.4931030273438,2000,0.0,0.0
2009-08-06 00:00:00+09:00,714.4932117933637,714.4932117933637,707.34033203125,707.34033203125,1300,0.0,0.0
2009-08-07 00:00:00+09:00,707.34033203125,715.2879762113764,707.34033203125,707.34033203125,1100,0.0,0.0
2009-08-10 00:00:00+09:00,715.2880249023438,715.2880249023438,715.2880249023438,715.2880249023438,1800,0.0,0.0
2009-08-11 00:00:00+09:00,715.2879577973929,723.2356017729195,715.2879577973929,719.2617797851562,1300,0.0,0.0
2009-08-12 00:00:00+09:00,719.261726985429,731.1831920735854,719.261726985429,730.388427734375,2000,0.0,0.0
2009-08-13 00:00:00+09:00,730.3884341285342,751.0523071289062,730.3884341285342,751.0523071289062,1800,0.0,0.0
2009-08-14 00:00:00+09:00,754.2314313792219,786.8167724609375,754.2314313792219,786.8167724609375,3200,0.0,0.0
2009-08-17 00:00:00+09:00,826.5550114329269,826.5550114329269,802.7120784108232,814.633544921875,2700,0.0,0.0
2009-08-18 00:00:00+09:00,806.6859068029067,822.5811956069049,803.5068490421071,810.6597290039062,1200,0.0,0.0
2009-08-19 00:00:00+09:00,822.5811956069049,822.5811956069049,810.6597290039062,810.6597290039062,900,0.0,0.0
2009-08-20 00:00:00+09:00,818.6073608398438,818.6073608398438,810.6597165598453,818.6073608398438,700,0.0,0.0
2009-08-21 00:00:00+09:00,817.8126026581555,817.8126026581555,810.6597227515244,814.633544921875,1000,0.0,0.0
2009-08-24 00:00:00+09:00,819.4021252678435,826.5550051198422,818.6073608398438,818.6073608398438,800,0.0,0.0
2009-08-25 00:00:00+09:00,826.5549060773894,833.70778507229,822.5810844135559,827.3496704101562,1600,0.0,0.0
2009-08-26 00:00:00+09:00,826.5550066201428,848.8084106445312,826.5550066201428,848.8084106445312,2000,0.0,0.0
2009-08-27 00:00:00+09:00,866.2933551243374,890.1362915039062,855.1666514805386,890.1362915039062,2800,0.0,0.0
2009-08-28 00:00:00+09:00,939.4114909804395,953.7172497263344,929.8743184831761,952.9224853515625,3600,0.0,0.0
2009-08-31 00:00:00+09:00,953.7173373027912,993.4555596904075,952.9225728550389,982.328857421875,2800,0.0,0.0
2009-09-02 00:00:00+09:00,1010.1458633717422,1029.22021484375,1009.3510987270753,1029.22021484375,3400,0.0,0.0
2009-09-03 00:00:00+09:00,1033.193830306155,1110.285985336691,1033.193830306155,1095.980224609375,5000,0.0,0.0
2009-09-04 00:00:00+09:00,1120.617915960161,1176.251429518467,1120.617915960161,1175.4566650390625,6600,0.0,0.0
2009-09-07 00:00:00+09:00,1176.2511528331784,1192.1464386822754,1014.9140014648438,1014.9140014648438,16500,0.0,0.0
2009-09-08 00:00:00+09:00,919.5425032624102,919.5425032624102,867.8828120678927,898.0838623046875,16200,0.0,0.0
2009-09-09 00:00:00+09:00,861.5246142578125,913.9790649414062,861.5246142578125,913.9790649414062,8500,0.0,0.0
2009-09-10 00:00:00+09:00,890.1362200797873,937.822089012633,890.1362200797873,933.8482666015625,4400,0.0,0.0
2009-09-11 00:00:00+09:00,945.7696268484362,977.5602025408207,942.5905692791978,971.2020874023438,7200,0.0,0.0
2009-09-14 00:00:00+09:00,977.5604067671413,997.4295207258231,976.765642208794,995.0452270507812,3600,0.0,0.0
2009-09-15 00:00:00+09:00,996.6347466796875,996.6347466796875,991.0713948242187,993.4556884765625,3200,0.0,0.0
2009-09-16 00:00:00+09:00,989.4818562727708,993.4556789887257,987.0975626431979,991.8661499023438,2800,0.0,0.0
2009-09-17 00:00:00+09:00,990.2764610959772,990.2764610959772,906.0314331054688,906.0314331054688,5100,0.0,0.0
2009-09-18 00:00:00+09:00,874.2407333174126,911.5946555591566,874.2407333174126,910.005126953125,3900,0.0,0.0
2009-09-21 00:00:00+09:00,910.005126953125,910.005126953125,910.005126953125,910.005126953125,0,0.0,0.0
2009-09-24 00:00:00+09:00,952.9224157663336,952.9224157663336,921.926607413634,941.7957153320312,9200,0.0,0.0
2009-09-25 00:00:00+09:00,782.8428955078125,789.9957747561073,782.8428955078125,782.8428955078125,9100,0.0,0.0
2009-09-28 00:00:00+09:00,782.8429586119571,782.8429586119571,703.3665161132812,703.3665161132812,8100,0.0,0.0
2009-09-29 00:00:00+09:00,671.5758964724657,671.5758964724657,632.6324421208079,651.706787109375,6000,0.0,0.0
2009-09-30 00:00:00+09:00,679.5235656738281,679.5235656738281,659.6544555664062,675.5497436523438,3300,0.0,0.0
2009-10-01 00:00:00+09:00,683.4974557382088,686.676513671875,668.396930553295,686.676513671875,1500,0.0,0.0
2009-10-02 00:00:00+09:00,670.7811572265625,670.7811572265625,635.8115234375,635.8115234375,2900,0.0,0.0
2009-10-05 00:00:00+09:00,623.8900769292092,623.8900769292092,581.7675621811225,584.15185546875,3500,0.0,0.0
2009-10-06 00:00:00+09:00,592.0994320431271,600.0470754262564,588.1256103515625,588.1256103515625,700,0.0,0.0
2009-10-07 00:00:00+09:00,596.0733322870163,614.3529144771516,596.0733322870163,600.8419189453125,2200,0.0,0.0
2009-10-08 00:00:00+09:00,607.199939816497,615.1475830078125,599.2522966251817,615.1475830078125,1100,0.0,0.0
2009-10-09 00:00:00+09:00,615.9424192800462,631.8377075195312,615.9424192800462,631.8377075195312,1000,0.0,0.0
2009-10-13 00:00:00+09:00,663.6282897222609,698.5979241507393,663.6282897222609,667.6021118164062,2400,0.0,0.0
2009-10-14 00:00:00+09:00,695.4188600799741,695.4188600799741,671.575927734375,671.575927734375,1600,0.0,0.0
2009-10-15 00:00:00+09:00,683.4972922585227,683.4972922585227,655.6805419921875,655.6805419921875,1800,0.0,0.0
2009-10-16 00:00:00+09:00,655.6806395039756,687.4712159647745,655.6806395039756,671.575927734375,500,0.0,0.0
2009-10-19 00:00:00+09:00,675.5498244234187,679.5236469200271,663.6283569335938,663.6283569335938,1100,0.0,0.0
2009-10-20 00:00:00+09:00,660.4492013006854,660.4492013006854,647.7329711914062,647.7329711914062,1500,0.0,0.0
2009-10-21 00:00:00+09:00,655.6807328699233,658.0650264439957,636.6063842773438,636.6063842773438,1100,0.0,0.0
2009-10-22 00:00:00+09:00,637.4010321214669,658.8596703599701,634.2219746046516,657.2701416015625,1200,0.0,0.0
2009-10-23 00:00:00+09:00,647.7329787011602,658.8596801757812,647.7329787011602,658.8596801757812,200,0.0,0.0
2009-10-26 00:00:00+09:00,659.6544189453125,662.0387120258378,659.6544189453125,659.6544189453125,2100,0.0,0.0
2009-10-27 00:00:00+09:00,659.6544993009499,662.8335571289062,658.8597348439608,662.8335571289062,700,0.0,0.0
2009-10-28 00:00:00+09:00,655.6806089819931,655.6806089819931,651.706787109375,651.706787109375,700,0.0,0.0
2009-10-29 00:00:00+09:00,651.7068609543788,656.47544774185,643.7592163085938,643.7592163085938,600,0.0,0.0
2009-10-30 00:00:00+09:00,644.5538940429688,644.5538940429688,644.5538940429688,644.5538940429688,100,0.0,0.0
2009-11-02 00:00:00+09:00,666.8072696178417,666.8072696178417,645.3486328125,645.3486328125,300,0.0,0.0
2009-11-04 00:00:00+09:00,643.7592163085938,644.5539807731723,643.7592163085938,643.7592163085938,700,0.0,0.0
2009-11-05 00:00:00+09:00,651.706787109375,651.706787109375,651.706787109375,651.706787109375,400,0.0,0.0
2009-11-06 00:00:00+09:00,647.7329652367569,651.706787109375,647.7329652367569,651.706787109375,600,0.0,0.0
2009-11-09 00:00:00+09:00,651.7067732616947,651.7067732616947,644.5538940429688,644.5538940429688,600,0.0,0.0
2009-11-10 00:00:00+09:00,644.5539807731723,644.5539807731723,643.7592163085938,643.7592163085938,300,0.0,0.0
2009-11-11 00:00:00+09:00,643.7592163085938,643.7592163085938,643.7592163085938,643.7592163085938,100,0.0,0.0
2009-11-12 00:00:00+09:00,667.6020604144189,667.6020604144189,644.5538940429688,644.5538940429688,800,0.0,0.0
2009-11-13 00:00:00+09:00,644.553961363383,647.7330191259645,640.5801391601562,640.5801391601562,2000,0.0,0.0
2009-11-16 00:00:00+09:00,640.5801391601562,640.5801391601562,640.5801391601562,640.5801391601562,800,0.0,0.0
2009-11-17 00:00:00+09:00,640.5801160512481,640.5801160512481,631.8377075195312,631.8377075195312,800,0.0,0.0
2009-11-18 00:00:00+09:00,631.8377014160156,631.8377014160156,596.0733032226562,596.0733032226562,1600,0.0,0.0
2009-11-19 00:00:00+09:00,592.894286380597,592.894286380597,532.4921875,532.4921875,1300,0.0,0.0
2009-11-20 00:00:00+09:00,498.3173532485962,510.2388210296631,497.5225887298584,508.6492919921875,3300,0.0,0.0
2009-11-24 00:00:00+09:00,493.54866348266603,493.54866348266603,476.8586120605469,476.8586120605469,2000,0.0,0.0
2009-11-25 00:00:00+09:00,476.8586120605469,476.8586120605469,460.96332499186195,476.8586120605469,2600,0.0,0.0
2009-11-26 00:00:00+09:00,488.780029296875,489.5747935721545,488.780029296875,488.780029296875,400,0.0,0.0
2009-11-27 00:00:00+09:00,488.78007141617707,488.78007141617707,480.8324279785157,480.8324279785156,1100,0.0,0.0
2009-11-30 00:00:00+09:00,493.54879288211947,493.54879288211947,492.7540283203125,492.7540283203125,400,0.0,0.0
2009-12-01 00:00:00+09:00,508.6492287181021,508.6492287181021,496.7277624200216,498.3172912597656,500,0.0,0.0
2009-12-02 00:00:00+09:00,506.265020869155,538.0556030273438,506.265020869155,538.0556030273438,600,0.0,0.0
2009-12-03 00:00:00+09:00,510.238791963773,521.3654945922665,510.238791963773,518.981201171875,2200,0.0,0.0
2009-12-04 00:00:00+09:00,534.8763854108538,556.3350219726562,534.8763854108538,556.3350219726562,800,0.0,0.0
2009-12-07 00:00:00+09:00,542.029329719818,553.1560315029227,542.029329719818,552.3612670898438,1300,0.0,0.0
2009-12-08 00:00:00+09:00,572.230340786638,576.2041625976562,556.3350535425647,576.2041625976562,1100,0.0,0.0
2009-12-09 00:00:00+09:00,576.998981799818,580.1780395507812,576.2042173620772,580.1780395507812,300,0.0,0.0
2009-12-10 00:00:00+09:00,580.1779669684332,588.1256103515625,580.1779669684332,588.1256103515625,200,0.0,0.0
2009-12-11 00:00:00+09:00,588.1256839281892,588.1256839281892,580.1780395507812,580.1780395507812,400,0.0,0.0
2009-12-14 00:00:00+09:00,588.1256776147959,588.1256776147959,582.5623266103316,584.15185546875,700,0.0,0.0
2009-12-15 00:00:00+09:00,588.1256046167156,592.0994262695312,588.1256046167156,592.0994262695312,1300,0.0,0.0
2009-12-16 00:00:00+09:00,592.8941906000944,596.0732479223469,592.0994262695312,592.0994262695312,700,0.0,0.0
2009-12-17 00:00:00+09:00,586.5361487563775,586.5361487563775,584.15185546875,584.15185546875,400,0.0,0.0
2009-12-18 00:00:00+09:00,573.8199234545315,573.8199234545315,565.0775146484375,565.0775146484375,600,0.0,0.0
2009-12-21 00:00:00+09:00,564.2825927734375,565.0773569886113,561.1035359127421,564.2825927734375,500,0.0,0.0
2009-12-22 00:00:00+09:00,572.230340786638,580.1779844086745,572.230340786638,576.2041625976562,700,0.0,0.0
2009-12-24 00:00:00+09:00,576.9988713582356,576.9988713582356,572.2302856445312,572.2302856445312,300,0.0,0.0
2009-12-25 00:00:00+09:00,573.0252359802162,580.1781168731732,573.0252359802162,577.7938232421875,600,0.0,0.0
2009-12-28 00:00:00+09:00,588.1256591796875,596.0733032226562,588.1256591796875,596.0733032226562,600,0.0,0.0
2009-12-29 00:00:00+09:00,607.9946452815358,607.9946452815358,586.5360107421875,586.5360107421875,1400,0.0,0.0
2009-12-30 00:00:00+09:00,582.5623266103316,600.0471440529336,582.5623266103316,584.15185546875,500,0.0,0.0
2010-01-04 00:00:00+09:00,607.1999767698435,607.1999767698435,604.8156836673442,606.4052124023438,400,0.0,0.0
2010-01-05 00:00:00+09:00,615.9423887574827,635.8114980722403,606.4052162863991,611.9685668945312,700,0.0,0.0
2010-01-06 00:00:00+09:00,607.9946887631213,635.8114392294079,584.9465240910553,617.5318603515625,1300,0.0,0.0
2010-01-07 00:00:00+09:00,611.9686668506567,611.9686668506567,603.2262573242188,603.2262573242188,700,0.0,0.0
2010-01-08 00:00:00+09:00,602.431396484375,611.9685689880854,600.8418677337567,602.431396484375,600,0.0,0.0
2010-01-12 00:00:00+09:00,635.8115491043492,636.6063135407296,635.0167846679688,635.0167846679688,500,0.0,0.0
2010-01-13 00:00:00+09:00,635.0168071982301,643.7592163085938,635.0168071982301,643.7592163085938,1300,0.0,0.0
2010-01-14 00:00:00+09:00,658.0650445141839,658.8598090606986,644.5540472234337,654.885986328125,900,0.0,0.0
2010-01-15 00:00:00+09:00,658.0649267578125,658.8596911621094,635.8115234375,635.8115234375,1300,0.0,0.0
2010-01-18 00:00:00+09:00,635.8115234375,635.8115234375,635.8115234375,635.8115234375,700,0.0,0.0
2010-01-19 00:00:00+09:00,635.8115716628087,643.7592163085938,635.8115716628087,643.7592163085938,500,0.0,0.0
2010-01-20 00:00:00+09:00,654.885986328125,654.885986328125,654.885986328125,654.885986328125,100,0.0,0.0
2010-01-21 00:00:00+09:00,643.7592649995611,643.7592649995611,636.6063842773438,636.6063842773438,600,0.0,0.0
2010-01-22 00:00:00+09:00,635.8115780279503,639.785400390625,635.8115780279503,639.785400390625,300,0.0,0.0
2010-01-25 00:00:00+09:00,647.7330386314864,647.7330386314864,643.7592163085938,643.7592163085938,300,0.0,0.0
2010-01-26 00:00:00+09:00,639.7853454589844,643.7591674804687,635.8115234375,635.8115234375,500,0.0,0.0
2010-01-27 00:00:00+09:00,635.8115716628087,643.7592163085938,635.8115716628087,643.7592163085938,200,0.0,0.0
2010-01-28 00:00:00+09:00,651.7068178188877,651.7068178188877,631.8377075195312,631.8377075195312,1400,0.0,0.0
2010-01-29 00:00:00+09:00,635.8115295794025,635.8115295794025,631.8377075195312,631.8377075195312,500,0.0,0.0
2010-02-01 00:00:00+09:00,655.6806462927709,655.6806462927709,627.8638916015625,627.8638916015625,300,0.0,0.0
2010-02-02 00:00:00+09:00,627.8638916015625,627.8638916015625,627.8638916015625,627.8638916015625,0,0.0,0.0
2010-02-03 00:00:00+09:00,628.6585916055215,646.9381713867188,628.6585916055215,646.9381713867188,300,0.0,0.0
2010-02-04 00:00:00+09:00,655.6806089819931,655.6806089819931,651.706787109375,651.706787109375,400,0.0,0.0
2010-02-05 00:00:00+09:00,647.7329711914062,647.7329711914062,647.7329711914062,647.7329711914062,300,0.0,0.0
2010-02-08 00:00:00+09:00,647.7329895019532,647.7329895019532,631.8377014160156,635.8115234375,1000,0.0,0.0
2010-02-09 00:00:00+09:00,630.2481050713118,630.2481050713118,615.1475830078125,615.1475830078125,1400,0.0,0.0
2010-02-10 00:00:00+09:00,619.9162603767404,635.0167846679688,619.9162603767404,635.0167846679688,200,0.0,0.0
2010-02-12 00:00:00+09:00,651.7068674786491,651.7068674786491,635.8115780279503,639.785400390625,700,0.0,0.0
2010-02-15 00:00:00+09:00,654.0910075132308,654.0910075132308,615.9423217773438,615.9423217773438,1000,0.0,0.0
2010-02-16 00:00:00+09:00,619.9163818359375,619.9163818359375,619.9163818359375,619.9163818359375,200,0.0,0.0
2010-02-17 00:00:00+09:00,635.8114650106837,650.9119873046875,635.8114650106837,650.9119873046875,400,0.0,0.0
2010-02-18 00:00:00+09:00,645.3487229475473,650.1173095703125,643.7591940732924,650.1173095703125,300,0.0,0.0
2010-02-19 00:00:00+09:00,636.6063164174178,650.9120763369103,625.4796142578125,625.4796142578125,1000,0.0,0.0
2010-02-22 00:00:00+09:00,626.2742642148102,646.1433715820312,626.2742642148102,646.1433715820312,300,0.0,0.0
2010-02-23 00:00:00+09:00,643.7591674804687,646.1434606933594,635.8115234375,635.8115234375,300,0.0,0.0
2010-02-24 00:00:00+09:00,635.8115331787718,638.1958264281922,635.8115331787718,637.4010620117188,300,0.0,0.0
2010-02-25 00:00:00+09:00,635.8115331787718,637.4010620117188,635.8115331787718,637.4010620117188,400,0.0,0.0
2010-02-26 00:00:00+09:00,637.4010620117188,637.4010620117188,637.4010620117188,637.4010620117188,0,0.0,0.0
2010-03-01 00:00:00+09:00,649.3226195231522,649.3226195231522,642.1697387695312,642.1697387695312,500,0.0,0.0
2010-03-02 00:00:00+09:00,637.4010785762722,650.1173095703125,637.4010785762722,650.1173095703125,700,0.0,0.0
2010-03-03 00:00:00+09:00,637.400995228518,650.1172245597603,637.400995228518,641.3748168945312,300,0.0,0.0
2010-03-04 00:00:00+09:00,639.7853718876547,650.1173095703125,637.4010785762722,650.1173095703125,800,0.0,0.0
2010-03-05 00:00:00+09:00,645.3487061764533,645.3487061764533,637.4010620117188,637.4010620117188,200,0.0,0.0
2010-03-08 00:00:00+09:00,643.7592227532997,651.7068674786491,639.785400390625,639.785400390625,1100,0.0,0.0
2010-03-09 00:00:00+09:00,639.7854451849909,643.7592678258915,639.7854451849909,642.1697387695312,300,0.0,0.0
2010-03-10 00:00:00+09:00,649.322545133185,650.1173095703125,649.322545133185,650.1173095703125,200,0.0,0.0
2010-03-11 00:00:00+09:00,650.1172583603277,651.706787109375,650.1172583603277,651.706787109375,300,0.0,0.0
2010-03-12 00:00:00+09:00,651.706828697055,651.706828697055,648.5277709960938,648.5277709960938,300,0.0,0.0
2010-03-15 00:00:00+09:00,648.5276644660978,648.5276644660978,644.5538429926536,646.1433715820312,1300,0.0,0.0
2010-03-16 00:00:00+09:00,647.7329001714089,647.7329001714089,646.1433715820312,646.1433715820312,500,0.0,0.0
2010-03-17 00:00:00+09:00,643.7591492822565,647.7329711914062,643.7591492822565,647.7329711914062,300,0.0,0.0
2010-03-18 00:00:00+09:00,647.7329711914062,647.7329711914062,647.7329711914062,647.7329711914062,400,0.0,0.0
2010-03-19 00:00:00+09:00,646.9382068095763,647.7329711914062,645.3486780459165,647.7329711914062,1000,0.0,0.0
2010-03-23 00:00:00+09:00,650.9120287187261,650.9120287187261,647.7329711914062,647.7329711914062,900,0.0,0.0
2010-03-24 00:00:00+09:00,647.732929979634,650.9119873046875,647.732929979634,650.9119873046875,1200,0.0,0.0
2010-03-25 00:00:00+09:00,650.9120227348513,651.706787109375,650.9120227348513,651.706787109375,2300,0.0,0.0
2010-03-26 00:00:00+09:00,651.7067416878633,651.7067416878633,649.3224487304688,649.3224487304688,700,0.0,0.0
2010-03-29 00:00:00+09:00,649.3224644016575,649.3224644016575,646.9381713867188,646.9381713867188,1200,0.0,0.0
2010-03-30 00:00:00+09:00,650.9119930782833,650.9119930782833,646.9381713867188,646.9381713867188,500,0.0,0.0
2010-03-31 00:00:00+09:00,651.7067753435617,659.6544189453125,651.7067753435617,659.6544189453125,1400,0.0,0.0
2010-04-01 00:00:00+09:00,683.4973754882812,683.4973754882812,667.6020876862282,683.4973754882812,1200,0.0,0.0
2010-04-02 00:00:00+09:00,685.8817176432658,706.5455932617188,685.8817176432658,706.5455932617188,1300,0.0,0.0
2010-04-05 00:00:00+09:00,723.2356158205113,781.25341796875,723.2356158205113,781.25341796875,3000,0.0,0.0
2010-04-06 00:00:00+09:00,743.8994474449936,778.8690795898438,742.3099187111368,778.8690795898438,1500,0.0,0.0
2010-04-07 00:00:00+09:00,743.8995830634716,778.8692215835492,741.5152895280117,766.94775390625,2600,0.0,0.0
2010-04-08 00:00:00+09:00,770.9214733899316,770.9214733899316,770.126708984375,770.126708984375,700,0.0,0.0
2010-04-09 00:00:00+09:00,770.1266931604456,772.510986328125,756.6156985435957,772.510986328125,2900,0.0,0.0
2010-04-12 00:00:00+09:00,776.4848350447838,786.8167724609375,775.6900706281566,786.8167724609375,1500,0.0,0.0
2010-04-13 00:00:00+09:00,790.7905822753906,810.6596923828125,788.4062890625,794.764404296875,2200,0.0,0.0
2010-04-14 00:00:00+09:00,798.7382501398475,842.4502936798392,798.7382501398475,818.6073608398438,2300,0.0,0.0
2010-04-15 00:00:00+09:00,818.6074089637169,826.5550537109375,802.7121194692758,826.5550537109375,2000,0.0,0.0
2010-04-16 00:00:00+09:00,850.3979011735833,850.3979011735833,804.3015663436133,817.8125610351562,2300,0.0,0.0
2010-04-19 00:00:00+09:00,817.8125964118439,818.6073608398438,814.6335386998445,818.6073608398438,800,0.0,0.0
2010-04-20 00:00:00+09:00,811.4544467964248,811.4544467964248,793.1748657226562,793.1748657226562,1300,0.0,0.0
2010-04-21 00:00:00+09:00,793.1748657226562,802.7120384567963,792.3801013281445,793.1748657226562,900,0.0,0.0
2010-04-22 00:00:00+09:00,805.0963232782674,808.2753808232951,805.0963232782674,806.6858520507812,700,0.0,0.0
2010-04-23 00:00:00+09:00,794.764404296875,794.764404296875,794.764404296875,794.764404296875,400,0.0,0.0
2010-04-26 00:00:00+09:00,794.7643688610485,794.7643688610485,793.9696044921875,793.9696044921875,800,0.0,0.0
2010-04-27 00:00:00+09:00,809.0702193975449,813.8388061523438,793.969694674015,813.8388061523438,1400,0.0,0.0
2010-04-28 00:00:00+09:00,814.633544921875,814.633544921875,814.633544921875,814.633544921875,300,0.0,0.0
2010-04-30 00:00:00+09:00,818.6073424416866,830.52880859375,818.6073424416866,830.52880859375,800,0.0,0.0
2010-05-06 00:00:00+09:00,850.3979379598376,850.3979379598376,818.6073608398438,818.6073608398438,1600,0.0,0.0
2010-05-07 00:00:00+09:00,799.5329907226562,799.5329907226562,791.5853466796875,794.764404296875,2600,0.0,0.0
2010-05-10 00:00:00+09:00,802.7119840649067,838.4763793945312,802.7119840649067,838.4763793945312,600,0.0,0.0
2010-05-11 00:00:00+09:00,814.633544921875,825.7602469988567,811.4544871855945,814.633544921875,1100,0.0,0.0
2010-05-12 00:00:00+09:00,813.8387116716123,813.8387116716123,803.5067749023438,803.5067749023438,200,0.0,0.0
2010-05-13 00:00:00+09:00,806.6859005811738,821.7864248285061,806.6859005811738,814.633544921875,900,0.0,0.0
2010-05-14 00:00:00+09:00,814.6334601106964,815.4282244620239,804.3015235434387,805.8910522460938,1200,0.0,0.0
2010-05-17 00:00:00+09:00,801.9173327153272,802.7120971679688,797.9435104521194,802.7120971679688,4600,0.0,0.0
2010-05-18 00:00:00+09:00,813.8387537239324,813.8387537239324,800.3277587890625,800.3277587890625,300,0.0,0.0
2010-05-19 00:00:00+09:00,800.3277649413087,800.3277649413087,791.5853563868357,796.3539428710938,1200,0.0,0.0
2010-05-20 00:00:00+09:00,792.3802041374222,795.5592621279434,789.9959106445312,789.9959106445312,900,0.0,0.0
2010-05-21 00:00:00+09:00,778.8691282946654,787.6115368775647,778.8691282946654,786.8167724609375,900,0.0,0.0
2010-05-24 00:00:00+09:00,790.7905945440735,790.7905945440735,786.8167724609375,786.8167724609375,300,0.0,0.0
2010-05-25 00:00:00+09:00,778.869214873953,778.869214873953,770.9215698242188,770.9215698242188,500,0.0,0.0
2010-05-26 00:00:00+09:00,755.0261347344582,755.0261347344582,747.0784912109375,747.0784912109375,1100,0.0,0.0
2010-05-27 00:00:00+09:00,715.2878205672555,731.18310546875,708.134942361583,731.18310546875,1300,0.0,0.0
2010-05-28 00:00:00+09:00,731.1833430109797,735.1571655273438,731.1833430109797,735.1571655273438,200,0.0,0.0
2010-05-31 00:00:00+09:00,782.8428189667612,785.2271118164062,747.0784262220869,785.2271118164062,700,0.0,0.0
2010-06-01 00:00:00+09:00,755.8210253982071,767.7424926757812,755.8210253982071,767.7424926757812,400,0.0,0.0
2010-06-02 00:00:00+09:00,763.7685546875,763.7685546875,763.7685546875,763.7685546875,100,0.0,0.0
2010-06-03 00:00:00+09:00,763.7686226086738,774.8953247070312,763.7686226086738,774.8953247070312,600,0.0,0.0
2010-06-04 00:00:00+09:00,786.8168599236873,790.7906824485543,770.9215698242188,770.9215698242188,800,0.0,0.0
2010-06-07 00:00:00+09:00,771.7163343291923,771.7163343291923,770.9215698242188,770.9215698242188,300,0.0,0.0
2010-06-08 00:00:00+09:00,778.869214873953,778.869214873953,770.9215698242188,770.9215698242188,300,0.0,0.0
2010-06-09 00:00:00+09:00,770.1266909343441,782.0481567382812,769.3319265474149,782.0481567382812,900,0.0,0.0
2010-06-10 00:00:00+09:00,770.1266909343441,782.0481567382812,770.1266909343441,782.0481567382812,500,0.0,0.0
2010-06-11 00:00:00+09:00,779.6638927112926,786.8167724609375,778.8691282946654,786.8167724609375,300,0.0,0.0
2010-06-14 00:00:00+09:00,792.3801110839844,794.764404296875,792.3801110839844,794.764404296875,800,0.0,0.0
2010-06-15 00:00:00+09:00,793.1748754882813,802.7120483398437,793.1748754882813,794.764404296875,1100,0.0,0.0
2010-06-16 00:00:00+09:00,794.7644264467301,794.7644264467301,786.8167821822627,788.4063110351562,900,0.0,0.0
2010-06-17 00:00:00+09:00,790.7906203467637,790.7906203467637,786.0220336914062,786.0220336914062,400,0.0,0.0
2010-06-18 00:00:00+09:00,788.4063110351562,788.4063110351562,788.4063110351562,788.4063110351562,100,0.0,0.0
2010-06-21 00:00:00+09:00,790.7905822753906,794.764404296875,790.7905822753906,794.764404296875,400,0.0,0.0
2010-06-22 00:00:00+09:00,794.7643846871863,794.7643846871863,790.7905627637504,791.5853271484375,500,0.0,0.0
2010-06-23 00:00:00+09:00,790.7905470167433,793.9696044921875,790.7905470167433,793.9696044921875,700,0.0,0.0
2010-06-24 00:00:00+09:00,792.380123377328,792.380123377328,786.8167724609375,786.8167724609375,400,0.0,0.0
2010-06-25 00:00:00+09:00,793.9696522105825,794.7644166272097,786.8167724609375,786.8167724609375,800,0.0,0.0
2010-06-28 00:00:00+09:00,786.8167724609375,787.6115368775647,786.8167724609375,786.8167724609375,700,0.0,0.0
2010-06-29 00:00:00+09:00,793.9696398925781,802.7120483398437,793.9696398925781,794.764404296875,600,0.0,0.0
2010-06-30 00:00:00+09:00,802.7120971679688,802.7120971679688,794.7644526415532,802.7120971679688,600,0.0,0.0
2010-07-01 00:00:00+09:00,786.8167724609375,786.8167724609375,786.8167724609375,786.8167724609375,400,0.0,0.0
2010-07-02 00:00:00+09:00,802.7120971679688,802.7120971679688,794.7644526415532,802.7120971679688,700,0.0,0.0
2010-07-05 00:00:00+09:00,810.6597227515244,817.0178382240854,795.5591985041921,814.633544921875,600,0.0,0.0
2010-07-06 00:00:00+09:00,817.8125866841714,817.8125866841714,802.7120627317911,817.017822265625,1000,0.0,0.0
2010-07-07 00:00:00+09:00,822.5812313373272,826.5550537109375,818.6074089637169,826.5550537109375,1300,0.0,0.0
2010-07-08 00:00:00+09:00,830.5287672248309,833.7078247070312,829.7340028542808,833.7078247070312,700,0.0,0.0
2010-07-09 00:00:00+09:00,836.8868348332127,875.0355224609375,836.8868348332127,875.0355224609375,2700,0.0,0.0
2010-07-12 00:00:00+09:00,872.6512515247929,894.9046532030208,866.2931367595849,893.3151245117188,1100,0.0,0.0
2010-07-13 00:00:00+09:00,906.0314559605098,921.9267446615714,906.0314559605098,914.7738647460938,1300,0.0,0.0
2010-07-14 00:00:00+09:00,923.5163566983422,949.7435854169698,923.5163566983422,938.6168823242188,2000,0.0,0.0
2010-07-15 00:00:00+09:00,952.9226755014439,985.5080213692997,949.7436173679946,984.7132568359375,4600,0.0,0.0
2010-07-16 00:00:00+09:00,1005.3769070943197,1009.3507288614909,874.2407887776693,953.7172241210938,4700,0.0,0.0
2010-07-21 00:00:00+09:00,878.2147439965069,902.0576782226562,878.2147439965069,902.0576782226562,300,0.0,0.0
2010-07-22 00:00:00+09:00,902.0576782226562,902.0576782226562,902.0576782226562,902.0576782226562,100,0.0,0.0
2010-07-23 00:00:00+09:00,909.2104797102224,929.07958984375,909.2104797102224,929.07958984375,500,0.0,0.0
2010-07-26 00:00:00+09:00,929.0796541486467,934.6430053710938,929.0796541486467,934.6430053710938,900,0.0,0.0
2010-07-27 00:00:00+09:00,940.2063890245225,953.7173853165064,929.8744506835938,929.8744506835938,1300,0.0,0.0
2010-07-28 00:00:00+09:00,921.926708984375,921.926708984375,913.9790649414062,913.9790649414062,300,0.0,0.0
2010-07-29 00:00:00+09:00,929.8743346382108,929.8743346382108,914.7738112551971,925.9005126953125,900,0.0,0.0
2010-07-30 00:00:00+09:00,937.8218994140625,937.8218994140625,937.8218994140625,937.8218994140625,400,0.0,0.0
2010-08-02 00:00:00+09:00,929.8744415013136,929.8744415013136,894.1100399051093,898.0838623046875,1700,0.0,0.0
2010-08-03 00:00:00+09:00,910.0052551804927,910.0052551804927,906.0314331054688,906.0314331054688,300,0.0,0.0
2010-08-04 00:00:00+09:00,913.9790649414062,917.9528869628906,913.9790649414062,913.9790649414062,600,0.0,0.0
2010-08-05 00:00:00+09:00,913.9790256052635,913.9790256052635,907.6209106445312,907.6209106445312,700,0.0,0.0
2010-08-06 00:00:00+09:00,906.0314331054688,906.0314331054688,906.0314331054688,906.0314331054688,500,0.0,0.0
2010-08-09 00:00:00+09:00,929.8744022764009,929.8744022764009,903.6471755455281,921.9267578125,1000,0.0,0.0
2010-08-10 00:00:00+09:00,921.1319606152429,921.9267250333751,911.5947875976562,911.5947875976562,500,0.0,0.0
2010-08-11 00:00:00+09:00,911.5948875857072,913.9791811016245,902.0577135220381,902.8524780273438,700,0.0,0.0
2010-08-12 00:00:00+09:00,898.0836879026879,898.0836879026879,875.0355224609375,875.0355224609375,1400,0.0,0.0
2010-08-13 00:00:00+09:00,876.625221346965,898.0838623046875,876.625221346965,898.0838623046875,500,0.0,0.0
2010-08-16 00:00:00+09:00,921.9269052018975,921.9269052018975,898.8787325718502,900.46826171875,1500,0.0,0.0
2010-08-17 00:00:00+09:00,902.8524780273438,902.8524780273438,902.8524780273438,902.8524780273438,100,0.0,0.0
2010-08-18 00:00:00+09:00,910.0052429199219,913.9790649414062,904.4418920898438,913.9790649414062,1000,0.0,0.0
2010-08-19 00:00:00+09:00,917.9528869628906,921.926708984375,913.9790649414062,913.9790649414062,800,0.0,0.0
2010-08-20 00:00:00+09:00,925.1057557550096,942.5905724445373,925.1057557550096,937.0272216796875,800,0.0,0.0
2010-08-23 00:00:00+09:00,943.3853368395158,943.3853368395158,925.1057557550096,937.0272216796875,800,0.0,0.0
2010-08-24 00:00:00+09:00,938.6166537791642,945.7695325971256,936.2323608398438,936.2323608398438,1000,0.0,0.0
2010-08-25 00:00:00+09:00,933.8481640997734,937.0272216796875,929.8743421248807,937.0272216796875,700,0.0,0.0
2010-08-26 00:00:00+09:00,937.0271350925252,937.8218994140625,936.2323707709878,937.8218994140625,600,0.0,0.0
2010-08-27 00:00:00+09:00,945.7697239818189,947.3592529296875,938.6168437164102,947.3592529296875,600,0.0,0.0
2010-08-30 00:00:00+09:00,947.3591092936198,953.7172241210938,941.7957588195801,953.7172241210938,2000,0.0,0.0
2010-08-31 00:00:00+09:00,950.5382238677441,953.717281472653,946.5644018616081,948.1539306640625,1200,0.0,0.0
2010-09-01 00:00:00+09:00,913.9790649414062,917.9528869628906,762.973828125,794.764404296875,11200,0.0,0.0
2010-09-02 00:00:00+09:00,771.7161902615992,772.5109546182023,752.641845703125,752.641845703125,7900,0.0,0.0
2010-09-03 00:00:00+09:00,724.8251222291892,736.7465880553273,716.8774783450972,732.7727661132812,4700,0.0,0.0
2010-09-06 00:00:00+09:00,730.3884532675226,754.2313842773438,730.3884532675226,754.2313842773438,2600,0.0,0.0
2010-09-07 00:00:00+09:00,762.1791602695112,770.9215698242188,761.3843957645378,770.9215698242188,2000,0.0,0.0
2010-09-08 00:00:00+09:00,780.4585261171163,786.8166403828362,780.4585261171163,785.2271118164062,2300,0.0,0.0
2010-09-09 00:00:00+09:00,787.6115112304688,793.1748619656992,787.6115112304688,787.6115112304688,2400,0.0,0.0
2010-09-10 00:00:00+09:00,793.1748401233264,793.9696044921875,787.6114895412991,793.9696044921875,1300,0.0,0.0
2010-09-13 00:00:00+09:00,793.9696044921875,793.9696044921875,790.7905470167433,793.9696044921875,2300,0.0,0.0
2010-09-14 00:00:00+09:00,794.7645101803963,798.7383327312982,794.7645101803963,797.1488037109375,2400,0.0,0.0
2010-09-16 00:00:00+09:00,800.3279160999116,801.9174452282133,800.3279160999116,801.1226806640625,900,0.0,0.0
2010-09-17 00:00:00+09:00,802.7120846019072,810.6597290039062,802.7120846019072,810.6597290039062,2700,0.0,0.0
2010-09-21 00:00:00+09:00,802.7120301194966,809.070145209552,802.7120301194966,806.6858520507812,2300,0.0,0.0
2010-09-22 00:00:00+09:00,806.6858165974213,806.6858165974213,801.9172304894563,805.8910522460938,2900,0.0,0.0
2010-09-24 00:00:00+09:00,805.0963550337007,806.6858838689103,801.9172973632812,801.9172973632812,5300,0.0,0.0
2010-09-27 00:00:00+09:00,805.0963232782674,806.6858520507812,801.9172657332397,806.6858520507812,8200,0.0,0.0
2010-09-28 00:00:00+09:00,675.5497082102565,675.5497082102565,660.4491853208508,674.7549438476562,10100,0.0,0.0
2010-09-29 00:00:00+09:00,663.6282836191754,681.1131006726147,660.4492259730955,671.575927734375,2400,0.0,0.0
2010-09-30 00:00:00+09:00,659.6544460080705,673.960205078125,638.1958074029886,673.960205078125,3100,0.0,0.0
2010-10-01 00:00:00+09:00,643.7591098941392,654.0910462257735,641.3748168945312,641.3748168945312,1400,0.0,0.0
2010-10-04 00:00:00+09:00,641.3748677436879,641.3748677436879,581.7675380277318,600.047119140625,4400,0.0,0.0
2010-10-05 00:00:00+09:00,581.7676590341217,581.7676590341217,536.4660790273664,549.1823120117188,4300,0.0,0.0
2010-10-06 00:00:00+09:00,584.1518617394852,586.5361550527076,580.1780395507812,580.1780395507812,2500,0.0,0.0
2010-10-07 00:00:00+09:00,556.3350877157584,607.9947744322217,556.3350877157584,576.9989624023438,1800,0.0,0.0
2010-10-08 00:00:00+09:00,565.0775465991616,575.4094848632812,564.2827821173062,575.4094848632812,400,0.0,0.0
2010-10-12 00:00:00+09:00,575.409339197352,575.409339197352,557.1297607421875,557.1297607421875,700,0.0,0.0
2010-10-13 00:00:00+09:00,557.1298331897344,573.8198852539062,549.1821893496526,573.8198852539062,800,0.0,0.0
2010-10-14 00:00:00+09:00,572.2303774168165,572.2303774168165,552.3612670898438,552.3612670898438,900,0.0,0.0
2010-10-15 00:00:00+09:00,572.2304239792263,572.2304239792263,554.74560546875,554.74560546875,1200,0.0,0.0
2010-10-18 00:00:00+09:00,564.2825927734375,564.2825927734375,564.2825927734375,564.2825927734375,300,0.0,0.0
2010-10-19 00:00:00+09:00,564.2826651436942,568.2564867292132,556.3350219726562,556.3350219726562,800,0.0,0.0
2010-10-20 00:00:00+09:00,556.3349506216989,564.2825927734375,554.7454221913513,564.2825927734375,700,0.0,0.0
2010-10-21 00:00:00+09:00,564.2826651436942,564.2826651436942,556.3350219726562,556.3350219726562,500,0.0,0.0
2010-10-22 00:00:00+09:00,556.3349506216989,564.2825927734375,556.3349506216989,564.2825927734375,300,0.0,0.0
2010-10-25 00:00:00+09:00,564.2827993814627,564.2827993814627,531.6974546284487,542.8241577148438,1900,0.0,0.0
2010-10-26 00:00:00+09:00,534.8764682545382,540.4398193359375,525.3392949721392,540.4398193359375,900,0.0,0.0
2010-10-27 00:00:00+09:00,532.4921939247532,532.4921939247532,528.5183715820312,528.5183715820312,300,0.0,0.0
2010-10-28 00:00:00+09:00,529.3131618269955,529.3131618269955,526.9288683052522,527.7236328125,700,0.0,0.0
2010-10-29 00:00:00+09:00,529.3131050441576,548.387451171875,526.9288117781929,548.387451171875,1000,0.0,0.0
2010-11-01 00:00:00+09:00,547.5925903320312,547.5925903320312,547.5925903320312,547.5925903320312,200,0.0,0.0
2010-11-02 00:00:00+09:00,534.0818013035973,546.7980346679688,532.492272133051,546.7980346679688,900,0.0,0.0
2010-11-04 00:00:00+09:00,538.8502513340542,538.8502513340542,534.0816650390625,534.0816650390625,4600,0.0,0.0
2010-11-05 00:00:00+09:00,534.0815930855938,542.0292358398438,534.0815930855938,542.0292358398438,600,0.0,0.0
2010-11-08 00:00:00+09:00,542.0293066905953,543.6188354492188,542.0293066905953,543.6188354492188,600,0.0,0.0
2010-11-09 00:00:00+09:00,543.6189763268759,546.7980346679688,543.6189763268759,546.7980346679688,400,0.0,0.0
2010-11-10 00:00:00+09:00,546.7979606912608,554.74560546875,546.7979606912608,554.74560546875,300,0.0,0.0
2010-11-11 00:00:00+09:00,553.9507994909911,557.9246215820312,553.9507994909911,557.9246215820312,600,0.0,0.0
2010-11-12 00:00:00+09:00,563.4879158638619,588.1256103515625,563.4879158638619,588.1256103515625,1900,0.0,0.0
2010-11-15 00:00:00+09:00,635.8115234375,683.4973876953125,588.1256591796875,596.0733032226562,5800,0.0,0.0
2010-11-16 00:00:00+09:00,592.0995290655839,619.1215209960938,592.0995290655839,619.1215209960938,400,0.0,0.0
2010-11-17 00:00:00+09:00,631.0429848753375,643.7592163085938,604.0209930796682,643.7592163085938,1500,0.0,0.0
2010-11-18 00:00:00+09:00,643.7591492822565,647.7329711914062,643.7591492822565,647.7329711914062,200,0.0,0.0
2010-11-19 00:00:00+09:00,643.7591140334671,646.9381713867188,635.8114706503378,646.9381713867188,700,0.0,0.0
2010-11-22 00:00:00+09:00,658.8596524804206,658.8596524804206,644.5538940429688,644.5538940429688,400,0.0,0.0
2010-11-24 00:00:00+09:00,636.606277226539,658.8596801757812,636.606277226539,658.8596801757812,700,0.0,0.0
2010-11-25 00:00:00+09:00,659.6544369188555,659.6544369188555,647.7329711914062,647.7329711914062,500,0.0,0.0
2010-11-26 00:00:00+09:00,647.7329514735136,647.7329514735136,644.5538940429688,644.5538940429688,400,0.0,0.0
2010-11-29 00:00:00+09:00,643.7591041602525,647.7329257908713,642.1695755080049,645.3486328125,1100,0.0,0.0
2010-11-30 00:00:00+09:00,647.7330386314864,647.7330386314864,642.1696873794367,643.7592163085938,600,0.0,0.0
2010-12-01 00:00:00+09:00,639.7852825296336,645.3486328125,635.8114608990147,645.3486328125,500,0.0,0.0
2010-12-02 00:00:00+09:00,635.8115234375,635.8115234375,635.8115234375,635.8115234375,200,0.0,0.0
2010-12-03 00:00:00+09:00,627.8638793945313,635.8115234375,627.8638793945313,635.8115234375,500,0.0,0.0
2010-12-06 00:00:00+09:00,623.8900695028184,627.8638916015625,619.9162474040744,627.8638916015625,600,0.0,0.0
2010-12-07 00:00:00+09:00,627.8639333026009,639.785400390625,623.8901109399262,639.785400390625,400,0.0,0.0
2010-12-08 00:00:00+09:00,641.3748566763742,641.3748566763742,623.0952758789062,623.0952758789062,800,0.0,0.0
2010-12-09 00:00:00+09:00,632.6324560791627,634.2219848632812,624.6848121585703,634.2219848632812,300,0.0,0.0
2010-12-10 00:00:00+09:00,625.4796142578125,625.4796142578125,625.4796142578125,625.4796142578125,200,0.0,0.0
2010-12-13 00:00:00+09:00,628.6586498716342,631.8377075195312,627.86388545966,631.8377075195312,1100,0.0,0.0
2010-12-14 00:00:00+09:00,632.6324658203125,635.8115234375,632.6324658203125,635.8115234375,1200,0.0,0.0
2010-12-15 00:00:00+09:00,642.9644165039062,642.9644165039062,632.6324790322736,642.9644165039062,1800,0.0,0.0
2010-12-16 00:00:00+09:00,642.9644518440152,643.7592163085938,642.9644518440152,643.7592163085938,400,0.0,0.0
2010-12-17 00:00:00+09:00,643.7591433641387,651.706787109375,632.6324421208079,651.706787109375,1200,0.0,0.0
2010-12-20 00:00:00+09:00,639.7853939857011,655.6806832772714,639.7853939857011,643.7592163085938,1700,0.0,0.0
2010-12-21 00:00:00+09:00,643.7592537172379,666.8074245293366,643.7592537172379,665.2178955078125,1900,0.0,0.0
2010-12-22 00:00:00+09:00,659.6544676281156,784.4324813842773,659.6544676281156,667.6021118164062,29000,0.0,0.0
2010-12-24 00:00:00+09:00,652.5015217549092,652.5015217549092,643.7591140334671,646.9381713867188,3100,0.0,0.0
2010-12-27 00:00:00+09:00,643.7592884270571,643.7592884270571,630.248291015625,630.248291015625,2400,0.0,0.0
2010-12-28 00:00:00+09:00,630.2481726074219,639.7853454589844,627.8638793945313,635.8115234375,1000,0.0,0.0
2010-12-29 00:00:00+09:00,635.8115780279503,639.785400390625,627.8639333026009,639.785400390625,800,0.0,0.0
2010-12-30 00:00:00+09:00,635.8116225440904,642.1697387695312,635.8116225440904,642.1697387695312,700,0.0,0.0
2011-01-04 00:00:00+09:00,635.8115234375,638.1958166503906,635.8115234375,635.8115234375,800,0.0,0.0
2011-01-05 00:00:00+09:00,629.45336731868,638.9905395507812,628.6586029660049,638.9905395507812,800,0.0,0.0
2011-01-06 00:00:00+09:00,628.6587390304355,638.9906778514162,628.6587390304355,636.6063842773438,500,0.0,0.0
2011-01-07 00:00:00+09:00,636.6062939913768,636.6062939913768,631.8377075195312,631.8377075195312,1000,0.0,0.0
2011-01-11 00:00:00+09:00,634.2220362370937,635.8115651499686,631.8377428677813,632.6325073242188,600,0.0,0.0
2011-01-12 00:00:00+09:00,636.6062939913768,636.6062939913768,631.8377075195312,631.8377075195312,700,0.0,0.0
2011-01-13 00:00:00+09:00,635.0168006935311,635.0168006935311,632.6325073242188,632.6325073242188,300,0.0,0.0
2011-01-14 00:00:00+09:00,635.8114665621127,641.3748168945312,631.0428805628969,641.3748168945312,800,0.0,0.0
2011-01-17 00:00:00+09:00,640.5801648631599,640.5801648631599,633.4272846103455,639.785400390625,1500,0.0,0.0
2011-01-18 00:00:00+09:00,639.7854231352189,640.5801876360081,633.4273071289062,633.4273071289062,600,0.0,0.0
2011-01-19 00:00:00+09:00,642.1697166375862,642.1697166375862,633.4273071289062,633.4273071289062,400,0.0,0.0
2011-01-20 00:00:00+09:00,642.1696520830114,642.9644165039062,633.4272434531684,642.9644165039062,600,0.0,0.0
2011-01-21 00:00:00+09:00,643.7591674804687,646.9382250976563,635.8115234375,635.8115234375,800,0.0,0.0
2011-01-24 00:00:00+09:00,635.8116006312736,635.8116006312736,633.4273071289062,633.4273071289062,300,0.0,0.0
2011-01-25 00:00:00+09:00,633.4273071289062,633.4273071289062,633.4273071289062,633.4273071289062,100,0.0,0.0
2011-01-26 00:00:00+09:00,636.6062878417969,636.6062878417969,635.8115234375,635.8115234375,600,0.0,0.0
2011-01-27 00:00:00+09:00,642.9644030761718,642.9644030761718,635.8115234375,635.8115234375,300,0.0,0.0
2011-01-28 00:00:00+09:00,647.7329711914062,647.7329711914062,647.7329711914062,647.7329711914062,1000,0.0,0.0
2011-01-31 00:00:00+09:00,647.7329257908713,647.7329257908713,637.4009895512623,645.3486328125,400,0.0,0.0
2011-02-01 00:00:00+09:00,651.7068609543788,651.7068609543788,643.7592163085938,643.7592163085938,800,0.0,0.0
2011-02-02 00:00:00+09:00,643.7592649995611,643.7592649995611,636.6063842773438,636.6063842773438,300,0.0,0.0
2011-02-03 00:00:00+09:00,642.1697387695312,642.1697387695312,642.1697387695312,642.1697387695312,100,0.0,0.0
2011-02-04 00:00:00+09:00,642.1697387695312,642.1697387695312,642.1697387695312,642.1697387695312,200,0.0,0.0
2011-02-07 00:00:00+09:00,642.1696873794367,645.3487452377508,642.1696873794367,643.7592163085938,600,0.0,0.0
2011-02-08 00:00:00+09:00,644.5538726545807,650.9119873046875,644.5538726545807,650.9119873046875,700,0.0,0.0
2011-02-09 00:00:00+09:00,651.706787109375,651.706787109375,651.706787109375,651.706787109375,200,0.0,0.0
2011-02-10 00:00:00+09:00,651.7069281420662,654.885986328125,650.1173990490367,654.885986328125,1100,0.0,0.0
2011-02-14 00:00:00+09:00,581.7674172075201,666.8071899414062,548.3873194988919,666.8071899414062,1300,0.0,0.0
2011-02-15 00:00:00+09:00,670.781163322855,671.575927734375,664.4230480306953,671.575927734375,1500,0.0,0.0
2011-02-16 00:00:00+09:00,673.9601931271853,681.9078369140625,673.9601931271853,681.9078369140625,1300,0.0,0.0
2011-02-17 00:00:00+09:00,682.702653250558,695.4188842773438,682.702653250558,695.4188842773438,900,0.0,0.0
2011-02-18 00:00:00+09:00,706.5455494243137,719.2617797851562,706.5455494243137,719.2617797851562,1700,0.0,0.0
2011-02-21 00:00:00+09:00,719.261713048914,731.1831779060783,719.261713048914,723.2355346679688,1100,0.0,0.0
2011-02-22 00:00:00+09:00,715.2880249023438,723.2356696234809,715.2880249023438,715.2880249023438,1500,0.0,0.0
2011-02-23 00:00:00+09:00,715.2880249023438,715.2880249023438,707.3403801812066,715.2880249023438,800,0.0,0.0
2011-02-24 00:00:00+09:00,715.2880249023438,715.2880249023438,715.2880249023438,715.2880249023438,700,0.0,0.0
2011-02-25 00:00:00+09:00,715.287965131437,715.287965131437,690.6502685546875,690.6502685546875,500,0.0,0.0
2011-02-28 00:00:00+09:00,678.7288376214935,706.5455932617188,675.5497798340393,706.5455932617188,900,0.0,0.0
2011-03-01 00:00:00+09:00,686.67650390625,715.2880249023438,686.67650390625,715.2880249023438,1600,0.0,0.0
2011-03-02 00:00:00+09:00,699.3927354600694,715.2880249023438,693.8293841552734,715.2880249023438,900,0.0,0.0
2011-03-03 00:00:00+09:00,699.3927354600694,715.2880249023438,699.3927354600694,715.2880249023438,600,0.0,0.0
2011-03-04 00:00:00+09:00,698.5979742101721,705.7508544921875,693.8293873554951,705.7508544921875,1300,0.0,0.0
2011-03-07 00:00:00+09:00,699.392696699599,699.392696699599,693.829345703125,693.829345703125,200,0.0,0.0
2011-03-08 00:00:00+09:00,695.4188292053924,695.4188292053924,691.4450073242188,691.4450073242188,900,0.0,0.0
2011-03-09 00:00:00+09:00,711.3142700195312,711.3142700195312,711.3142700195312,711.3142700195312,100,0.0,0.0
2011-03-10 00:00:00+09:00,710.5193986925472,710.5193986925472,693.829345703125,693.829345703125,700,0.0,0.0
2011-03-11 00:00:00+09:00,693.829345703125,693.829345703125,693.829345703125,693.829345703125,600,0.0,0.0
2011-03-14 00:00:00+09:00,574.6146678042695,606.4052441696509,574.6146678042695,601.6366577148438,5100,0.0,0.0
2011-03-15 00:00:00+09:00,601.6367933969649,602.431557985336,482.4221051412915,500.7016906738281,5000,0.0,0.0
2011-03-16 00:00:00+09:00,453.01575261896306,558.7194282300544,453.01575261896306,524.5445556640625,3300,0.0,0.0
2011-03-17 00:00:00+09:00,570.6409771259014,619.9163818359375,570.6409771259014,619.9163818359375,2000,0.0,0.0
2011-03-18 00:00:00+09:00,627.864027756911,632.6326153094951,596.0734440730168,619.9163818359375,1200,0.0,0.0
2011-03-22 00:00:00+09:00,635.811619752653,643.7592649995611,635.811619752653,636.6063842773438,800,0.0,0.0
2011-03-23 00:00:00+09:00,643.7592163085938,643.7592163085938,643.7592163085938,643.7592163085938,100,0.0,0.0
2011-03-24 00:00:00+09:00,643.7591773435064,643.7591773435064,636.6062975952452,637.4010620117188,700,0.0,0.0
2011-03-25 00:00:00+09:00,651.706787109375,651.706787109375,651.706787109375,651.706787109375,600,0.0,0.0
2011-03-28 00:00:00+09:00,651.7066695494078,666.8071899414062,635.8113849262514,666.8071899414062,1100,0.0,0.0
2011-03-29 00:00:00+09:00,635.8115054639571,647.7329711914062,635.8115054639571,647.7329711914062,200,0.0,0.0
2011-03-30 00:00:00+09:00,643.7591674804687,648.52775390625,635.8115234375,635.8115234375,700,0.0,0.0
2011-03-31 00:00:00+09:00,637.4010731749183,669.191650390625,637.4010731749183,669.191650390625,300,0.0,0.0
2011-04-01 00:00:00+09:00,667.6021118164062,667.6021118164062,667.6021118164062,667.6021118164062,100,0.0,0.0
2011-04-04 00:00:00+09:00,651.7067237600896,671.5758311917996,651.7067237600896,670.7810668945312,300,0.0,0.0
2011-04-05 00:00:00+09:00,670.7811694917224,670.7811694917224,653.2963522774833,667.6021118164062,400,0.0,0.0
2011-04-06 00:00:00+09:00,647.7329943197402,656.4754028320312,644.5539366789072,656.4754028320312,800,0.0,0.0
2011-04-07 00:00:00+09:00,667.6020252350253,668.3967895507812,644.5538600781018,668.3967895507812,500,0.0,0.0
2011-04-08 00:00:00+09:00,669.1916033488948,669.1916033488948,651.706787109375,651.706787109375,0,0.0,0.0
2011-04-11 00:00:00+09:00,648.5277081918025,658.0648803710938,646.1434151469797,658.0648803710938,400,0.0,0.0
2011-04-12 00:00:00+09:00,644.5538742273418,644.5538742273418,641.3748168945312,641.3748168945312,800,0.0,0.0
2011-04-13 00:00:00+09:00,638.1958650565442,643.7592163085938,638.1958650565442,643.7592163085938,300,0.0,0.0
2011-04-14 00:00:00+09:00,643.7591433641387,651.706787109375,643.7591433641387,651.706787109375,300,0.0,0.0
2011-04-15 00:00:00+09:00,655.6806898413238,655.6806898413238,639.785400390625,639.785400390625,1000,0.0,0.0
2011-04-18 00:00:00+09:00,642.1696146150914,651.706787109375,638.1957927424733,651.706787109375,800,0.0,0.0
2011-04-19 00:00:00+09:00,651.7067691935829,651.7067691935829,638.9905395507812,638.9905395507812,400,0.0,0.0
2011-04-20 00:00:00+09:00,640.5801584502797,643.7592163085938,640.5801584502797,643.7592163085938,300,0.0,0.0
2011-04-21 00:00:00+09:00,654.8859188126929,654.8859188126929,643.7592163085938,643.7592163085938,0,0.0,0.0
2011-04-22 00:00:00+09:00,650.9119873046875,650.9119873046875,650.9119873046875,650.9119873046875,200,0.0,0.0
2011-04-25 00:00:00+09:00,650.9120089040584,650.9120089040584,644.5538940429688,644.5538940429688,700,0.0,0.0
2011-04-26 00:00:00+09:00,646.1433715820312,646.1433715820312,646.1433715820312,646.1433715820312,100,0.0,0.0
2011-04-27 00:00:00+09:00,654.8857776988636,655.6805419921875,654.8857776988636,655.6805419921875,400,0.0,0.0
2011-04-28 00:00:00+09:00,647.7329357250317,656.4753434464737,646.1434070484058,646.9381713867188,800,0.0,0.0
2011-05-02 00:00:00+09:00,648.5277355732362,658.8596725370255,647.7329711914062,647.7329711914062,500,0.0,0.0
2011-05-06 00:00:00+09:00,648.5277355732362,650.1172643368961,647.7329711914062,647.7329711914062,600,0.0,0.0
2011-05-09 00:00:00+09:00,650.1172875503651,656.4754028320312,650.1172875503651,656.4754028320312,300,0.0,0.0
2011-05-10 00:00:00+09:00,657.2701658874298,681.1130981445312,657.2701658874298,681.1130981445312,800,0.0,0.0
2011-05-11 00:00:00+09:00,679.5235693273912,681.1130981445312,679.5235693273912,681.1130981445312,400,0.0,0.0
2011-05-12 00:00:00+09:00,681.1130981445312,681.1130981445312,681.1130981445312,681.1130981445312,100,0.0,0.0
2011-05-13 00:00:00+09:00,673.960220968935,681.1131006726147,671.575927734375,671.575927734375,1100,0.0,0.0
2011-05-16 00:00:00+09:00,675.5497338636866,675.5497338636866,671.5759118997826,673.960205078125,1200,0.0,0.0
2011-05-17 00:00:00+09:00,667.6021118164062,668.3968762352353,667.6021118164062,667.6021118164062,700,0.0,0.0
2011-05-18 00:00:00+09:00,661.244044261432,661.244044261432,660.4492797851562,660.4492797851562,300,0.0,0.0
2011-05-19 00:00:00+09:00,660.4492320469448,667.6021118164062,660.4492320469448,667.6021118164062,400,0.0,0.0
2011-05-20 00:00:00+09:00,667.6022190723604,685.8818036421989,654.885986328125,654.885986328125,900,0.0,0.0
2011-05-23 00:00:00+09:00,650.1173095703125,650.1173095703125,650.1173095703125,650.1173095703125,200,0.0,0.0
2011-05-24 00:00:00+09:00,652.5016832189258,654.0912122888867,652.5016832189258,653.2964477539062,400,0.0,0.0
2011-05-25 00:00:00+09:00,655.6807413588475,655.6807413588475,653.2964477539062,653.2964477539062,400,0.0,0.0
2011-05-26 00:00:00+09:00,673.1655611284168,673.1655611284168,653.2964477539062,653.2964477539062,0,0.0,0.0
2011-05-27 00:00:00+09:00,659.6544189453125,659.6544189453125,659.6544189453125,659.6544189453125,100,0.0,0.0
2011-05-30 00:00:00+09:00,669.9864501953125,669.9864501953125,669.9864501953125,669.9864501953125,100,0.0,0.0
2011-05-31 00:00:00+09:00,674.7549792480469,675.5497436523438,674.7549792480469,675.5497436523438,500,0.0,0.0
2011-06-01 00:00:00+09:00,687.4711836603077,687.4711836603077,676.344482421875,676.344482421875,500,0.0,0.0
2011-06-02 00:00:00+09:00,683.4973754882812,683.4973754882812,683.4973754882812,683.4973754882812,100,0.0,0.0
2011-06-03 00:00:00+09:00,677.1393432617188,683.4974591608898,677.1393432617188,677.1393432617188,500,0.0,0.0
2011-06-06 00:00:00+09:00,675.5498244234187,683.4974694166355,662.8335924342721,663.6283569335938,900,0.0,0.0
2011-06-07 00:00:00+09:00,667.6020645842535,674.7549438476562,651.7067773322475,674.7549438476562,1300,0.0,0.0
2011-06-08 00:00:00+09:00,662.8333687856172,666.8071899414062,662.8333687856172,666.8071899414062,300,0.0,0.0
2011-06-09 00:00:00+09:00,666.8071899414062,666.8071899414062,664.4228972479328,666.8071899414062,300,0.0,0.0
2011-06-10 00:00:00+09:00,664.4230860428845,664.4230860428845,662.0387926719172,662.8335571289062,600,0.0,0.0
2011-06-13 00:00:00+09:00,663.6282775878906,675.5497436523438,662.8335131835937,675.5497436523438,600,0.0,0.0
2011-06-14 00:00:00+09:00,682.7025756835938,682.7025756835938,677.139225241469,682.7025756835938,300,0.0,0.0
2011-06-15 00:00:00+09:00,690.6502549992051,691.4450193893078,683.4973754882812,683.4973754882812,1000,0.0,0.0
2011-06-16 00:00:00+09:00,683.4973852595707,691.445029274217,683.4973852595707,685.0869140625,500,0.0,0.0
2011-06-17 00:00:00+09:00,685.0869273767132,692.2398071289062,685.0869273767132,692.2398071289062,400,0.0,0.0
2011-06-20 00:00:00+09:00,686.676513671875,698.5979809231228,686.676513671875,686.676513671875,700,0.0,0.0
2011-06-21 00:00:00+09:00,686.6765489523121,688.2660780008129,686.6765489523121,687.4713134765625,400,0.0,0.0
2011-06-22 00:00:00+09:00,691.4450171234411,693.8293102859357,691.4450171234411,693.0345458984375,500,0.0,0.0
2011-06-23 00:00:00+09:00,694.6241455078125,694.6241455078125,694.6241455078125,694.6241455078125,100,0.0,0.0
2011-06-24 00:00:00+09:00,696.2135817094282,699.3926391601562,696.2135817094282,699.3926391601562,500,0.0,0.0
2011-06-27 00:00:00+09:00,723.235647058697,723.235647058697,721.6461181640625,721.6461181640625,400,0.0,0.0
2011-06-28 00:00:00+09:00,722.4408373753669,722.4408373753669,710.519371412077,719.2617797851562,800,0.0,0.0
2011-06-29 00:00:00+09:00,719.2618472629123,723.2356696234809,710.5194380696614,715.2880249023438,1400,0.0,0.0
2011-06-30 00:00:00+09:00,712.1089670138889,715.2880249023438,709.7246735975477,715.2880249023438,400,0.0,0.0
2011-07-01 00:00:00+09:00,715.2880249023438,715.2880249023438,715.2880249023438,715.2880249023438,600,0.0,0.0
2011-07-04 00:00:00+09:00,715.2879577973929,720.8513085802615,715.2879577973929,719.2617797851562,300,0.0,0.0
2011-07-05 00:00:00+09:00,719.2617443388542,720.8512730556253,718.4669799804688,718.4669799804688,1000,0.0,0.0
2011-07-06 00:00:00+09:00,717.6723279593525,717.6723279593525,716.8775634765625,716.8775634765625,300,0.0,0.0
2011-07-07 00:00:00+09:00,716.8776597269086,719.2619534954016,716.8776597269086,717.6724243164062,500,0.0,0.0
2011-07-08 00:00:00+09:00,719.2617286421366,720.8512573242188,719.2617286421366,720.8512573242188,400,0.0,0.0
2011-07-11 00:00:00+09:00,720.8512416965358,723.2355346679688,717.672184401292,723.2355346679688,1000,0.0,0.0
2011-07-12 00:00:00+09:00,723.2355346679688,723.2355346679688,723.2355346679688,723.2355346679688,400,0.0,0.0
2011-07-13 00:00:00+09:00,723.2355346679688,731.1831779060783,723.2355346679688,723.2355346679688,600,0.0,0.0
2011-07-14 00:00:00+09:00,723.2355346679688,723.2355346679688,721.6460060203468,723.2355346679688,700,0.0,0.0
2011-07-15 00:00:00+09:00,721.6459345278533,731.18310546875,721.6459345278533,731.18310546875,1400,0.0,0.0
2011-07-19 00:00:00+09:00,737.5413306451613,743.1046811995968,731.1832157258065,739.130859375,800,0.0,0.0
2011-07-20 00:00:00+09:00,739.1309910066138,747.0786360712011,739.1309910066138,740.7205200195312,800,0.0,0.0
2011-07-21 00:00:00+09:00,751.0524001441444,755.0262223671292,743.1047556981746,746.2838134765625,1000,0.0,0.0
2011-07-22 00:00:00+09:00,758.2052159835863,758.2052159835863,747.0785147008083,755.8209228515625,1000,0.0,0.0
2011-07-25 00:00:00+09:00,755.8209363937378,765.3581090927124,752.6418788274129,762.9738159179688,1500,0.0,0.0
2011-07-26 00:00:00+09:00,766.1528734842937,766.1528734842937,762.9738159179688,762.9738159179688,1000,0.0,0.0
2011-07-27 00:00:00+09:00,764.5633447011312,764.5633447011312,758.9999939600627,762.9738159179688,1000,0.0,0.0
2011-07-28 00:00:00+09:00,769.3319052419355,769.3319052419355,763.7685546875,763.7685546875,1000,0.0,0.0
2011-07-29 00:00:00+09:00,770.9215092827747,790.7906203467637,770.9215092827747,786.0220336914062,1300,0.0,0.0
2011-08-01 00:00:00+09:00,789.2011071700084,789.2011071700084,753.4367065429688,753.4367065429688,2400,0.0,0.0
2011-08-02 00:00:00+09:00,735.9519395879686,739.1309976423443,735.9519395879686,736.7467041015625,1300,0.0,0.0
2011-08-03 00:00:00+09:00,736.746566280242,739.130859375,736.746566280242,739.130859375,800,0.0,0.0
2011-08-04 00:00:00+09:00,739.1309753151439,751.8472071485228,728.0042724609375,728.0042724609375,1000,0.0,0.0
2011-08-05 00:00:00+09:00,715.287918550115,715.287918550115,696.2135740554453,712.9036254882812,2400,0.0,0.0
2011-08-08 00:00:00+09:00,748.6680420463807,748.6680420463807,716.0827026367188,716.0827026367188,1000,0.0,0.0
2011-08-09 00:00:00+09:00,700.9821678855202,700.9821678855202,677.1392370050603,699.3926391601562,2600,0.0,0.0
2011-08-10 00:00:00+09:00,700.1874780864968,721.6461181640625,700.1874780864968,721.6461181640625,600,0.0,0.0
2011-08-11 00:00:00+09:00,718.467150947102,718.467150947102,711.3142700195312,711.3142700195312,1400,0.0,0.0
2011-08-12 00:00:00+09:00,722.4409148560924,731.1833241667821,716.8775634765625,716.8775634765625,800,0.0,0.0
2011-08-15 00:00:00+09:00,739.9256339120811,739.9256339120811,716.0827026367188,716.0827026367188,1600,0.0,0.0
2011-08-16 00:00:00+09:00,719.2618472629123,720.0566117350261,715.2880249023438,715.2880249023438,700,0.0,0.0
2011-08-17 00:00:00+09:00,715.2879382608734,716.0827026367188,715.2879382608734,716.0827026367188,400,0.0,0.0
2011-08-18 00:00:00+09:00,723.2355346679688,723.2355346679688,723.2355346679688,723.2355346679688,100,0.0,0.0
2011-08-19 00:00:00+09:00,715.2879069369314,720.8512573242188,713.6983782548494,720.8512573242188,400,0.0,0.0
2011-08-22 00:00:00+09:00,719.2619534954016,719.2619534954016,717.6724243164062,717.6724243164062,600,0.0,0.0
2011-08-23 00:00:00+09:00,719.2617443388542,720.0565086972398,715.2879225469269,718.4669799804688,600,0.0,0.0
2011-08-24 00:00:00+09:00,707.34033203125,707.34033203125,707.34033203125,707.34033203125,600,0.0,0.0
2011-08-25 00:00:00+09:00,707.34033203125,708.1350964492626,706.5455676132374,707.34033203125,1300,0.0,0.0
2011-08-26 00:00:00+09:00,707.34033203125,707.34033203125,707.34033203125,707.34033203125,800,0.0,0.0
2011-08-29 00:00:00+09:00,708.1351446533203,715.2880249023438,707.3403801812066,715.2880249023438,1400,0.0,0.0
2011-08-30 00:00:00+09:00,723.2356920462146,724.0304565429688,723.2356920462146,724.0304565429688,600,0.0,0.0
2011-08-31 00:00:00+09:00,731.1831879197505,731.1831879197505,724.8250732421875,724.8250732421875,700,0.0,0.0
2011-09-01 00:00:00+09:00,725.619755753227,731.18310546875,725.619755753227,731.18310546875,700,0.0,0.0
2011-09-02 00:00:00+09:00,736.7466138411035,737.541378257329,731.1832629275244,731.97802734375,1000,0.0,0.0
2011-09-05 00:00:00+09:00,731.978001724872,735.1570592785088,731.978001724872,732.7727661132812,1500,0.0,0.0
2011-09-06 00:00:00+09:00,732.7728976955661,734.3624267578125,726.4147814465807,734.3624267578125,1600,0.0,0.0
2011-09-07 00:00:00+09:00,735.1571655273438,735.1571655273438,726.4147559913429,735.1571655273438,1000,0.0,0.0
2011-09-08 00:00:00+09:00,735.1571912889357,737.5414848823052,734.3624267578125,734.3624267578125,1300,0.0,0.0
2011-09-09 00:00:00+09:00,734.3622552717279,734.3622552717279,726.4146118164062,726.4146118164062,800,0.0,0.0
2011-09-12 00:00:00+09:00,726.414676430171,732.7727917599756,726.414676430171,731.97802734375,900,0.0,0.0
2011-09-13 00:00:00+09:00,732.7728624602181,734.362391446032,728.7990399956833,733.567626953125,1400,0.0,0.0
2011-09-14 00:00:00+09:00,734.3621624490489,734.3621624490489,731.18310546875,731.18310546875,1500,0.0,0.0
2011-09-15 00:00:00+09:00,731.1831920735854,734.362249430427,730.388427734375,730.388427734375,1200,0.0,0.0
2011-09-16 00:00:00+09:00,730.3886041021966,734.3624267578125,729.5938395710734,734.3624267578125,700,0.0,0.0
2011-09-20 00:00:00+09:00,734.362249430427,734.362249430427,729.5936633951645,730.388427734375,1600,0.0,0.0
2011-09-21 00:00:00+09:00,731.18310546875,731.18310546875,729.5935769786006,731.18310546875,1900,0.0,0.0
2011-09-22 00:00:00+09:00,729.5936633951645,731.1831920735854,726.4146060383229,730.388427734375,2900,0.0,0.0
2011-09-26 00:00:00+09:00,729.5936435386783,729.5936435386783,723.2355289980362,727.2093505859375,3700,0.0,0.0
2011-09-27 00:00:00+09:00,729.5938140044341,735.1571655273438,724.8252269847973,735.1571655273438,6400,0.0,0.0
2011-09-28 00:00:00+09:00,627.8638659837725,636.6062742443061,616.7371645612752,628.6586303710938,13400,0.0,0.0
2011-09-29 00:00:00+09:00,622.3005309903682,626.2743530273438,617.5319445459976,626.2743530273438,3200,0.0,0.0
2011-09-30 00:00:00+09:00,619.1214195457665,619.1214195457665,588.1256103515625,588.1256103515625,2400,0.0,0.0
2011-10-03 00:00:00+09:00,595.2785388183594,626.2743505859376,592.0994812011719,596.0733032226562,1200,0.0,0.0
2011-10-04 00:00:00+09:00,592.8944315485929,607.2001953125,592.0996668950426,607.2001953125,600,0.0,0.0
2011-10-05 00:00:00+09:00,596.8680615557739,601.6366479330504,596.8680615557739,600.047119140625,1100,0.0,0.0
2011-10-06 00:00:00+09:00,603.2261927178565,603.2261927178565,597.662841796875,597.662841796875,300,0.0,0.0
2011-10-07 00:00:00+09:00,598.4576062141581,602.4314283005734,588.9204332067611,597.662841796875,1600,0.0,0.0
2011-10-11 00:00:00+09:00,589.7152324945012,598.4576416015625,589.7152324945012,598.4576416015625,300,0.0,0.0
2011-10-12 00:00:00+09:00,592.8942903516144,598.4576416015625,592.8942903516144,598.4576416015625,300,0.0,0.0
2011-10-13 00:00:00+09:00,598.4575964355469,598.4575964355469,596.0733032226562,596.0733032226562,300,0.0,0.0
2011-10-14 00:00:00+09:00,594.4837744140625,596.0733032226562,588.9204235839844,596.0733032226562,1500,0.0,0.0
2011-10-17 00:00:00+09:00,596.0733449491036,596.0733449491036,592.894287109375,592.894287109375,800,0.0,0.0
2011-10-18 00:00:00+09:00,595.2785388183594,596.0733032226562,590.5099523925782,596.0733032226562,700,0.0,0.0
2011-10-19 00:00:00+09:00,596.0732479223469,596.0732479223469,592.0994262695312,592.0994262695312,500,0.0,0.0
2011-10-20 00:00:00+09:00,592.0995387286549,592.0995387286549,590.510009765625,590.510009765625,300,0.0,0.0
2011-10-21 00:00:00+09:00,592.0995032626663,595.2785609983048,588.9204455270278,589.7152099609375,900,0.0,0.0
2011-10-24 00:00:00+09:00,589.7152356599506,589.7152356599506,588.9204711914062,588.9204711914062,1000,0.0,0.0
2011-10-25 00:00:00+09:00,590.510000128495,590.510000128495,588.9204711914062,588.9204711914062,900,0.0,0.0
2011-10-26 00:00:00+09:00,588.1255748371956,588.1255748371956,587.330810546875,587.330810546875,700,0.0,0.0
2011-10-27 00:00:00+09:00,585.7413843271684,587.3309131855867,584.15185546875,584.15185546875,600,0.0,0.0
2011-10-28 00:00:00+09:00,584.15185546875,584.9466198979592,584.15185546875,584.15185546875,400,0.0,0.0
2011-10-31 00:00:00+09:00,582.5623071255665,582.5623071255665,580.9727783203125,580.9727783203125,700,0.0,0.0
2011-11-01 00:00:00+09:00,587.330810546875,587.330810546875,587.330810546875,587.330810546875,200,0.0,0.0
2011-11-02 00:00:00+09:00,576.2042941548638,577.7938232421875,572.2304714365544,577.7938232421875,500,0.0,0.0
2011-11-04 00:00:00+09:00,574.6147365279072,574.6147365279072,573.0252075195312,573.0252075195312,400,0.0,0.0
2011-11-07 00:00:00+09:00,561.1037399567116,573.0252075195312,561.1037399567116,573.0252075195312,600,0.0,0.0
2011-11-08 00:00:00+09:00,573.0252075195312,573.0252075195312,573.0252075195312,573.0252075195312,100,0.0,0.0
2011-11-09 00:00:00+09:00,568.256572396108,568.256572396108,565.0775146484375,565.0775146484375,400,0.0,0.0
2011-11-10 00:00:00+09:00,564.2826637525237,565.8721923828125,563.4878994373793,565.8721923828125,600,0.0,0.0
2011-11-11 00:00:00+09:00,563.4879328023976,576.2041625976562,560.308875353583,576.2041625976562,700,0.0,0.0
2011-11-14 00:00:00+09:00,572.2302349251761,572.2302349251761,558.7192432672206,564.2825927734375,900,0.0,0.0
2011-11-15 00:00:00+09:00,575.4094848632812,575.4094848632812,557.9246662624633,575.4094848632812,1300,0.0,0.0
2011-11-16 00:00:00+09:00,563.4880428498876,574.61474609375,563.4880428498876,574.61474609375,200,0.0,0.0
2011-11-17 00:00:00+09:00,573.8197933658139,578.58837890625,573.8197933658139,578.58837890625,500,0.0,0.0
2011-11-18 00:00:00+09:00,559.5141504184472,559.5141504184472,556.3350927456152,557.9246215820312,500,0.0,0.0
2011-11-21 00:00:00+09:00,569.0513305664062,569.0513305664062,569.0513305664062,569.0513305664062,100,0.0,0.0
2011-11-22 00:00:00+09:00,569.0512249520774,569.0512249520774,557.1297607421875,557.1297607421875,400,0.0,0.0
2011-11-24 00:00:00+09:00,557.1297862897601,557.1297862897601,556.3350219726562,556.3350219726562,700,0.0,0.0
2011-11-25 00:00:00+09:00,557.1298571638232,564.2827369276954,557.1298571638232,557.9246215820312,400,0.0,0.0
2011-11-28 00:00:00+09:00,557.9245506068638,560.3088435581752,556.3350219726562,556.3350219726562,500,0.0,0.0
2011-11-29 00:00:00+09:00,557.1297862897601,557.1297862897601,556.3350219726562,556.3350219726562,1100,0.0,0.0
2011-11-30 00:00:00+09:00,556.3349506216989,564.2825927734375,556.3349506216989,564.2825927734375,300,0.0,0.0
2011-12-01 00:00:00+09:00,565.0773569886113,566.666885418959,564.2825927734375,564.2825927734375,600,0.0,0.0
2011-12-02 00:00:00+09:00,558.7193701345025,568.2565428821753,558.7193701345025,560.3088989257812,400,0.0,0.0
2011-12-05 00:00:00+09:00,558.7194688965528,566.6671142578125,558.7194688965528,566.6671142578125,500,0.0,0.0
2011-12-06 00:00:00+09:00,564.2828206494346,566.6671142578125,564.2828206494346,566.6671142578125,300,0.0,0.0
2011-12-07 00:00:00+09:00,564.2825927734375,564.2825927734375,564.2825927734375,564.2825927734375,300,0.0,0.0
2011-12-08 00:00:00+09:00,571.4356301437786,571.4356301437786,564.2827502115199,565.0775146484375,500,0.0,0.0
2011-12-09 00:00:00+09:00,572.2303526551574,572.2303526551574,564.2827088682801,568.2565307617188,500,0.0,0.0
2011-12-12 00:00:00+09:00,568.2564138493068,568.2564138493068,564.2825927734375,564.2825927734375,600,0.0,0.0
2011-12-13 00:00:00+09:00,571.4355213589139,576.2041070726183,564.2826427883572,572.2302856445312,700,0.0,0.0
2011-12-14 00:00:00+09:00,577.7937945446591,577.7937945446591,573.0252075195312,573.0252075195312,400,0.0,0.0
2011-12-15 00:00:00+09:00,584.9466750823509,584.9466750823509,573.0252075195312,573.0252075195312,1000,0.0,0.0
2011-12-16 00:00:00+09:00,573.0252075195312,573.0252075195312,573.0252075195312,573.0252075195312,0,0.0,0.0
2011-12-19 00:00:00+09:00,569.0513305664062,569.0513305664062,569.0513305664062,569.0513305664062,200,0.0,0.0
2011-12-20 00:00:00+09:00,569.0513368330257,569.8461012699433,564.2827502115199,565.0775146484375,1000,0.0,0.0
2011-12-21 00:00:00+09:00,566.6670885273055,571.4356755275352,566.6670885273055,567.4618530273438,500,0.0,0.0
2011-12-22 00:00:00+09:00,567.4618530273438,567.4618530273438,567.4618530273438,567.4618530273438,0,0.0,0.0
2011-12-26 00:00:00+09:00,567.4617946005275,567.4617946005275,557.9246215820312,557.9246215820312,1000,0.0,0.0
2011-12-27 00:00:00+09:00,557.1298413432237,560.3088989257812,556.3350769475842,560.3088989257812,600,0.0,0.0
2011-12-28 00:00:00+09:00,563.4878285582637,564.2825927734375,561.898300127916,564.2825927734375,400,0.0,0.0
2011-12-29 00:00:00+09:00,563.4880305271523,568.2566175273821,563.4880305271523,567.4618530273438,800,0.0,0.0
2011-12-30 00:00:00+09:00,568.2564331716316,588.1255392265837,568.2564331716316,586.5360107421875,500,0.0,0.0
2012-01-04 00:00:00+09:00,587.3309194904484,587.3309194904484,580.1780395507812,580.1780395507812,300,0.0,0.0
2012-01-05 00:00:00+09:00,585.7413940429688,585.7413940429688,585.7413940429688,585.7413940429688,100,0.0,0.0
2012-01-06 00:00:00+09:00,585.7412572169042,586.5360214736435,574.6145576225532,578.58837890625,500,0.0,0.0
2012-01-10 00:00:00+09:00,575.4094287109375,596.0733032226562,575.4094287109375,596.0733032226562,1000,0.0,0.0
2012-01-11 00:00:00+09:00,584.9465176759134,587.330810546875,584.9465176759134,587.330810546875,400,0.0,0.0
2012-01-12 00:00:00+09:00,587.3309229277529,588.125687370145,585.7413940429688,585.7413940429688,400,0.0,0.0
2012-01-13 00:00:00+09:00,585.7413586326268,592.0994737873907,584.9465942382812,584.9465942382812,700,0.0,0.0
2012-01-16 00:00:00+09:00,596.0733032226562,596.0733032226562,596.0733032226562,596.0733032226562,1000,0.0,0.0
2012-01-17 00:00:00+09:00,596.0733219068877,596.0733219068877,584.15185546875,584.15185546875,400,0.0,0.0
2012-01-18 00:00:00+09:00,584.15185546875,584.15185546875,584.15185546875,584.15185546875,100,0.0,0.0
2012-01-19 00:00:00+09:00,587.330810546875,587.330810546875,587.330810546875,587.330810546875,100,0.0,0.0
2012-01-20 00:00:00+09:00,588.9204175936464,600.8418835368377,588.9204175936464,600.047119140625,500,0.0,0.0
2012-01-23 00:00:00+09:00,592.0993931924143,615.9423217773438,591.30462890625,615.9423217773438,800,0.0,0.0
2012-01-24 00:00:00+09:00,611.9685668945312,611.9685668945312,611.9685668945312,611.9685668945312,200,0.0,0.0
2012-01-25 00:00:00+09:00,606.405218360921,606.405218360921,602.431396484375,602.431396484375,500,0.0,0.0
2012-01-26 00:00:00+09:00,607.9948120117188,607.9948120117188,607.9948120117188,607.9948120117188,200,0.0,0.0
2012-01-27 00:00:00+09:00,619.9163818359375,625.4797339806189,619.9163818359375,619.9163818359375,400,0.0,0.0
2012-01-30 00:00:00+09:00,619.9162290459436,623.8900510270074,600.047119140625,600.047119140625,1100,0.0,0.0
2012-01-31 00:00:00+09:00,603.2261706703588,613.5581077174136,603.2261706703588,604.0209350585938,600,0.0,0.0
2012-02-01 00:00:00+09:00,604.0209350585938,604.0209350585938,604.0209350585938,604.0209350585938,100,0.0,0.0
2012-02-02 00:00:00+09:00,604.0209350585938,604.0209350585938,604.0209350585938,604.0209350585938,200,0.0,0.0
2012-02-03 00:00:00+09:00,611.9685668945312,611.9685668945312,611.9685668945312,611.9685668945312,100,0.0,0.0
2012-02-06 00:00:00+09:00,617.5320880596454,619.9163818359375,615.9425588754507,619.9163818359375,400,0.0,0.0
2012-02-07 00:00:00+09:00,620.7111464280348,626.2744985727163,619.9163818359375,619.9163818359375,600,0.0,0.0
2012-02-08 00:00:00+09:00,619.9162290459436,619.9162290459436,600.047119140625,600.047119140625,1500,0.0,0.0
2012-02-09 00:00:00+09:00,600.0471674102585,607.9948120117188,600.0471674102585,607.9948120117188,200,0.0,0.0
2012-02-10 00:00:00+09:00,607.9948120117188,607.9948120117188,607.9948120117188,607.9948120117188,300,0.0,0.0
2012-02-13 00:00:00+09:00,608.7895094041701,612.7633312671215,608.7895094041701,611.9685668945312,500,0.0,0.0
2012-02-14 00:00:00+09:00,611.9685003465222,615.9423217773438,608.7894432018649,615.9423217773438,400,0.0,0.0
2012-02-15 00:00:00+09:00,619.9162854646381,619.9162854646381,616.7372275904605,619.1215209960938,1200,0.0,0.0
2012-02-16 00:00:00+09:00,623.8902047964242,623.8902047964242,619.9163818359375,619.9163818359375,800,0.0,0.0
2012-02-17 00:00:00+09:00,619.9163818359375,619.9163818359375,619.1216172438401,619.9163818359375,400,0.0,0.0
2012-02-20 00:00:00+09:00,619.9163818359375,619.9163818359375,619.9163818359375,619.9163818359375,300,0.0,0.0
2012-02-21 00:00:00+09:00,623.0954402043269,624.6849693885216,619.9163818359375,619.9163818359375,600,0.0,0.0
2012-02-22 00:00:00+09:00,619.9162377681829,627.0691174347388,619.9162377681829,626.2743530273438,500,0.0,0.0
2012-02-23 00:00:00+09:00,627.8638916015625,627.8638916015625,627.8638916015625,627.8638916015625,300,0.0,0.0
2012-02-24 00:00:00+09:00,635.0169090857872,635.8116736778845,619.9163818359375,619.9163818359375,1100,0.0,0.0
2012-02-27 00:00:00+09:00,639.7853939857011,643.7592163085938,639.7853939857011,643.7592163085938,400,0.0,0.0
2012-02-28 00:00:00+09:00,643.7591537301971,643.7591537301971,627.8638659837725,628.6586303710938,700,0.0,0.0
2012-02-29 00:00:00+09:00,651.7068115234375,651.7068115234375,629.453408203125,635.8115234375,400,0.0,0.0
2012-03-01 00:00:00+09:00,643.7592163085938,643.7592163085938,643.7592163085938,643.7592163085938,100,0.0,0.0
2012-03-02 00:00:00+09:00,641.3748742675781,642.169638671875,635.8115234375,635.8115234375,600,0.0,0.0
2012-03-05 00:00:00+09:00,629.4533947584149,635.0167454696635,628.6586303710938,628.6586303710938,500,0.0,0.0
2012-03-06 00:00:00+09:00,634.2219788585772,638.19580078125,629.4533925513698,638.19580078125,300,0.0,0.0
2012-03-07 00:00:00+09:00,628.6586437988282,635.8115234375,628.6586437988282,635.8115234375,500,0.0,0.0
2012-03-08 00:00:00+09:00,635.8115234375,635.8115234375,635.8115234375,635.8115234375,100,0.0,0.0
2012-03-09 00:00:00+09:00,631.8376879203787,635.8115098569848,628.6586303710938,628.6586303710938,900,0.0,0.0
2012-03-12 00:00:00+09:00,642.1696938082298,642.9644582807647,639.785400390625,639.785400390625,600,0.0,0.0
2012-03-13 00:00:00+09:00,639.785288228126,641.3748168945312,637.400995228518,641.3748168945312,1200,0.0,0.0
2012-03-14 00:00:00+09:00,641.3748168945312,641.3748168945312,635.8114665621127,641.3748168945312,1300,0.0,0.0
2012-03-15 00:00:00+09:00,640.5800682561314,640.5800682561314,638.9905395507812,638.9905395507812,1100,0.0,0.0
2012-03-16 00:00:00+09:00,635.8115234375,635.8115234375,635.8115234375,635.8115234375,600,0.0,0.0
2012-03-19 00:00:00+09:00,636.6062975952452,638.9905908446657,636.6062975952452,637.4010620117188,500,0.0,0.0
2012-03-21 00:00:00+09:00,637.4010522460937,637.4010522460937,635.8115234375,635.8115234375,600,0.0,0.0
2012-03-22 00:00:00+09:00,635.8115780279503,639.785400390625,635.8115780279503,639.785400390625,500,0.0,0.0
2012-03-23 00:00:00+09:00,642.1697387695312,642.1697387695312,642.1697387695312,642.1697387695312,200,0.0,0.0
2012-03-26 00:00:00+09:00,639.7855013984276,639.7855013984276,631.0430908203125,631.0430908203125,500,0.0,0.0
2012-03-27 00:00:00+09:00,631.0430908203125,631.0430908203125,630.248326222302,631.0430908203125,500,0.0,0.0
2012-03-28 00:00:00+09:00,631.042946679931,637.4010620117188,631.042946679931,637.4010620117188,700,0.0,0.0
2012-03-29 00:00:00+09:00,631.0428805628969,641.3748168945312,631.0428805628969,641.3748168945312,1000,0.0,0.0
2012-03-30 00:00:00+09:00,638.1958264281922,638.1958264281922,637.4010620117188,637.4010620117188,600,0.0,0.0
2012-04-02 00:00:00+09:00,647.7329711914062,654.0910862460458,647.7329711914062,647.7329711914062,2000,0.0,0.0
2012-04-03 00:00:00+09:00,659.6545283774075,659.6545283774075,652.5016479492188,652.5016479492188,1000,0.0,0.0
2012-04-04 00:00:00+09:00,660.4492541093093,661.2440185546875,658.0649607731746,661.2440185546875,1600,0.0,0.0
2012-04-05 00:00:00+09:00,661.2439964657738,667.6021118164062,661.2439964657738,667.6021118164062,600,0.0,0.0
2012-04-06 00:00:00+09:00,667.6022093835538,667.6022093835538,653.2964477539062,653.2964477539062,1300,0.0,0.0
2012-04-09 00:00:00+09:00,653.2964572350955,666.8074545258457,653.2964572350955,654.885986328125,500,0.0,0.0
2012-04-10 00:00:00+09:00,655.6806898413238,655.6806898413238,637.4011069730202,639.785400390625,1400,0.0,0.0
2012-04-11 00:00:00+09:00,639.7852572245205,651.7067216448531,639.7852572245205,646.1433715820312,1000,0.0,0.0
2012-04-12 00:00:00+09:00,658.0647833986703,666.8071899414062,658.0647833986703,666.8071899414062,700,0.0,0.0
2012-04-13 00:00:00+09:00,666.8073857813706,666.8073857813706,643.7592163085938,643.7592163085938,400,0.0,0.0
2012-04-16 00:00:00+09:00,667.6022190723604,680.3184518165959,643.759282676919,654.885986328125,3600,0.0,0.0
2012-04-17 00:00:00+09:00,677.9340882854697,677.9340882854697,643.7592163085938,643.7592163085938,6800,0.0,0.0
2012-04-18 00:00:00+09:00,650.1173415935714,663.6283376902593,650.1173415935714,660.4492797851562,700,0.0,0.0
2012-04-19 00:00:00+09:00,649.3224487304688,659.6543848791788,649.3224487304688,649.3224487304688,1100,0.0,0.0
2012-04-20 00:00:00+09:00,650.9119873046875,654.8858089610043,650.9119873046875,650.9119873046875,500,0.0,0.0
2012-04-23 00:00:00+09:00,650.9120964898003,654.8859188126929,643.7592163085938,643.7592163085938,2300,0.0,0.0
2012-04-24 00:00:00+09:00,643.7592163085938,643.7592163085938,643.7592163085938,643.7592163085938,1000,0.0,0.0
2012-04-25 00:00:00+09:00,643.759282676919,654.885986328125,643.759282676919,654.885986328125,1200,0.0,0.0
2012-04-26 00:00:00+09:00,654.885976823867,654.885976823867,643.7592733341412,653.2964477539062,800,0.0,0.0
2012-04-27 00:00:00+09:00,654.8858229779967,658.0648803710938,654.8858229779967,658.0648803710938,400,0.0,0.0
2012-05-01 00:00:00+09:00,658.0649766710069,658.0649766710069,642.1696873794367,643.7592163085938,3000,0.0,0.0
2012-05-02 00:00:00+09:00,643.7592163085938,647.7330386314864,643.7592163085938,643.7592163085938,1900,0.0,0.0
2012-05-07 00:00:00+09:00,643.7591809248011,643.7591809248011,642.9644165039062,642.9644165039062,700,0.0,0.0
2012-05-08 00:00:00+09:00,642.9645004748703,642.9645004748703,636.6063842773438,636.6063842773438,1200,0.0,0.0
2012-05-09 00:00:00+09:00,642.9644518440152,643.7592163085938,636.6063361273872,643.7592163085938,800,0.0,0.0
2012-05-10 00:00:00+09:00,645.3486780459165,651.706793100556,645.3486780459165,647.7329711914062,900,0.0,0.0
2012-05-11 00:00:00+09:00,643.7591098941392,643.7591098941392,641.3748168945312,641.3748168945312,600,0.0,0.0
2012-05-14 00:00:00+09:00,641.3749229148582,643.7592163085938,638.1958650565442,643.7592163085938,1000,0.0,0.0
2012-05-15 00:00:00+09:00,637.401058403351,637.401058403351,619.1214769279433,631.8377075195312,2600,0.0,0.0
2012-05-16 00:00:00+09:00,622.3005016746423,626.2743235244166,621.5057373046875,621.5057373046875,500,0.0,0.0
2012-05-17 00:00:00+09:00,623.8901331194371,633.4273071289062,623.0953686186481,633.4273071289062,600,0.0,0.0
2012-05-18 00:00:00+09:00,623.8900695028184,627.8638916015625,623.8900695028184,627.8638916015625,500,0.0,0.0
2012-05-21 00:00:00+09:00,621.5057373046875,623.890030414552,621.5057373046875,621.5057373046875,500,0.0,0.0
2012-05-22 00:00:00+09:00,621.5057373046875,621.5057373046875,621.5057373046875,621.5057373046875,0,0.0,0.0
2012-05-23 00:00:00+09:00,627.8638916015625,627.8638916015625,627.8638916015625,627.8638916015625,200,0.0,0.0
2012-05-24 00:00:00+09:00,623.8900983034067,632.6325073242188,623.8900983034067,632.6325073242188,300,0.0,0.0
2012-05-25 00:00:00+09:00,635.8115780279503,639.785400390625,635.8115780279503,639.785400390625,400,0.0,0.0
2012-05-28 00:00:00+09:00,642.1696938082298,642.1696938082298,639.785400390625,639.785400390625,200,0.0,0.0
2012-05-29 00:00:00+09:00,642.9645032977113,642.9645032977113,639.7854451849909,642.1697387695312,400,0.0,0.0
2012-05-30 00:00:00+09:00,643.7592227532997,643.7592227532997,639.785400390625,639.785400390625,500,0.0,0.0
2012-05-31 00:00:00+09:00,636.6063842773438,636.6063842773438,636.6063842773438,636.6063842773438,800,0.0,0.0
2012-06-01 00:00:00+09:00,636.6063870722704,642.1697387695312,636.6063870722704,642.1697387695312,500,0.0,0.0
2012-06-04 00:00:00+09:00,639.785400390625,639.785400390625,639.785400390625,639.785400390625,400,0.0,0.0
2012-06-05 00:00:00+09:00,642.1696520830114,642.9644165039062,638.9905943994322,642.9644165039062,500,0.0,0.0
2012-06-06 00:00:00+09:00,638.1958228153253,646.9382313470421,631.8377075195312,631.8377075195312,1600,0.0,0.0
2012-06-07 00:00:00+09:00,643.7591140334671,646.9381713867188,643.7591140334671,646.9381713867188,700,0.0,0.0
2012-06-08 00:00:00+09:00,651.7069131076926,651.7069131076926,642.1697387695312,642.1697387695312,200,0.0,0.0
2012-06-11 00:00:00+09:00,642.1696520830114,654.0911183964337,637.4010655576426,642.9644165039062,700,0.0,0.0
2012-06-12 00:00:00+09:00,650.9119773687318,650.9119773687318,647.7329200922056,649.3224487304688,300,0.0,0.0
2012-06-13 00:00:00+09:00,649.3225675606433,650.9120964898003,643.7592163085938,643.7592163085938,500,0.0,0.0
2012-06-14 00:00:00+09:00,643.7591492822565,647.7329711914062,638.1957986094469,647.7329711914062,800,0.0,0.0
2012-06-15 00:00:00+09:00,635.8115780279503,639.785400390625,635.8115780279503,639.785400390625,1200,0.0,0.0
2012-06-18 00:00:00+09:00,645.3486962890626,645.3486962890626,635.8115234375,635.8115234375,800,0.0,0.0
2012-06-19 00:00:00+09:00,640.5800566802153,646.9381713867188,640.5800566802153,646.9381713867188,200,0.0,0.0
2012-06-20 00:00:00+09:00,647.7329711914062,647.7329711914062,647.7329711914062,647.7329711914062,200,0.0,0.0
2012-06-21 00:00:00+09:00,649.3225675606433,651.7068609543788,643.7592163085938,643.7592163085938,800,0.0,0.0
2012-06-22 00:00:00+09:00,643.7592163085938,643.7592163085938,643.7592163085938,643.7592163085938,300,0.0,0.0
2012-06-25 00:00:00+09:00,651.706787109375,651.706787109375,645.348672113186,651.706787109375,600,0.0,0.0
2012-06-26 00:00:00+09:00,645.348672113186,651.706787109375,645.348672113186,651.706787109375,300,0.0,0.0
2012-06-27 00:00:00+09:00,647.7328990589489,655.6805419921875,647.7328990589489,655.6805419921875,1400,0.0,0.0
2012-06-28 00:00:00+09:00,656.4754318824182,664.4230763362004,656.4754318824182,661.2440185546875,1700,0.0,0.0
2012-06-29 00:00:00+09:00,672.3707436123776,674.7550370294429,669.1916857229575,669.9864501953125,1400,0.0,0.0
2012-07-02 00:00:00+09:00,674.755024202264,677.93408203125,671.5759663732782,677.93408203125,2100,0.0,0.0
2012-07-03 00:00:00+09:00,677.9340247575627,684.292139878384,676.3444959773574,683.4973754882812,2900,0.0,0.0
2012-07-04 00:00:00+09:00,687.4712072668938,689.8555004712877,685.0869140625,685.0869140625,2000,0.0,0.0
2012-07-05 00:00:00+09:00,689.8554906091025,689.8554906091025,683.4973754882812,683.4973754882812,800,0.0,0.0
2012-07-06 00:00:00+09:00,683.4973754882812,683.4973754882812,679.5235535377681,683.4973754882812,1100,0.0,0.0
2012-07-09 00:00:00+09:00,682.7026269616714,682.7026269616714,681.1130981445312,681.1130981445312,1000,0.0,0.0
2012-07-10 00:00:00+09:00,681.9078625531013,682.7026269616714,681.1130981445312,681.1130981445312,900,0.0,0.0
2012-07-11 00:00:00+09:00,679.523610945743,679.523610945743,677.93408203125,677.93408203125,1200,0.0,0.0
2012-07-12 00:00:00+09:00,678.7287656606577,678.7287656606577,674.7549438476562,674.7549438476562,900,0.0,0.0
2012-07-13 00:00:00+09:00,675.5497375845212,679.5235595703125,675.5497375845212,679.5235595703125,400,0.0,0.0
2012-07-17 00:00:00+09:00,679.5235656738281,679.5235656738281,675.5497436523438,675.5497436523438,2500,0.0,0.0
2012-07-18 00:00:00+09:00,678.7287951731543,679.5235595703125,675.5497375845212,679.5235595703125,1100,0.0,0.0
2012-07-19 00:00:00+09:00,679.5235595703125,679.5235595703125,674.7549731873629,679.5235595703125,400,0.0,0.0
2012-07-20 00:00:00+09:00,677.1392310542301,679.5235241213225,677.1392310542301,678.728759765625,1100,0.0,0.0
2012-07-23 00:00:00+09:00,678.7287914348099,678.7287914348099,673.960205078125,673.960205078125,1700,0.0,0.0
2012-07-24 00:00:00+09:00,671.5759339105515,671.5759339105515,663.6282897222609,667.6021118164062,900,0.0,0.0
2012-07-25 00:00:00+09:00,667.6022190723604,671.576041804934,654.885986328125,654.885986328125,1900,0.0,0.0
2012-07-26 00:00:00+09:00,661.2439747936321,673.960205078125,661.2439747936321,673.960205078125,800,0.0,0.0
2012-07-27 00:00:00+09:00,673.9602954247755,675.5498244234187,663.6283569335938,663.6283569335938,2300,0.0,0.0
2012-07-30 00:00:00+09:00,667.6020645842535,675.5497082102565,667.6020645842535,674.7549438476562,300,0.0,0.0
2012-07-31 00:00:00+09:00,674.7549694709058,675.5497338636866,673.960205078125,673.960205078125,800,0.0,0.0
2012-08-01 00:00:00+09:00,673.9603312369169,673.9603312369169,664.4231567382812,664.4231567382812,800,0.0,0.0
2012-08-02 00:00:00+09:00,667.6021118164062,667.6021118164062,667.6021118164062,667.6021118164062,200,0.0,0.0
2012-08-03 00:00:00+09:00,667.6021118164062,667.6021118164062,667.6021118164062,667.6021118164062,600,0.0,0.0
2012-08-06 00:00:00+09:00,659.6545344369854,663.6283569335938,659.6545344369854,663.6283569335938,400,0.0,0.0
2012-08-07 00:00:00+09:00,663.6282036562454,668.3967895507812,663.6282036562454,668.3967895507812,200,0.0,0.0
2012-08-08 00:00:00+09:00,663.6282897222609,670.7811694917224,661.2439964657738,667.6021118164062,400,0.0,0.0
2012-08-09 00:00:00+09:00,667.6021118164062,667.6021118164062,667.6021118164062,667.6021118164062,200,0.0,0.0
2012-08-10 00:00:00+09:00,670.7812374274888,672.3707664261321,663.6283569335938,663.6283569335938,900,0.0,0.0
2012-08-13 00:00:00+09:00,671.576037612258,671.576037612258,664.4231567382812,664.4231567382812,1400,0.0,0.0
2012-08-14 00:00:00+09:00,665.2177168136524,670.7810668945312,665.2177168136524,670.7810668945312,1200,0.0,0.0
2012-08-15 00:00:00+09:00,670.7811694917224,670.7811694917224,667.6021118164062,667.6021118164062,1100,0.0,0.0
2012-08-16 00:00:00+09:00,667.6021056767752,671.575927734375,667.6021056767752,671.575927734375,900,0.0,0.0
2012-08-17 00:00:00+09:00,669.1916406540644,669.9864050728934,667.6021118164062,667.6021118164062,1800,0.0,0.0
2012-08-20 00:00:00+09:00,669.1914826348797,669.9862468660375,666.8071899414062,666.8071899414062,1600,0.0,0.0
2012-08-21 00:00:00+09:00,671.5759339105515,671.5759339105515,667.6021118164062,667.6021118164062,700,0.0,0.0
2012-08-22 00:00:00+09:00,671.5758311917996,671.5758311917996,670.7810668945312,670.7810668945312,400,0.0,0.0
2012-08-23 00:00:00+09:00,666.8073412652552,671.575927734375,666.8073412652552,671.575927734375,1200,0.0,0.0
2012-08-24 00:00:00+09:00,669.1916857229575,669.9864501953125,669.1916857229575,669.9864501953125,1200,0.0,0.0
2012-08-27 00:00:00+09:00,670.7812146676675,670.7812146676675,667.6021567782473,669.9864501953125,1800,0.0,0.0
2012-08-28 00:00:00+09:00,669.9863025972628,670.7810668945312,668.396774002726,670.7810668945312,1100,0.0,0.0
2012-08-29 00:00:00+09:00,668.3969212506024,671.5759791400226,667.6021567782473,669.9864501953125,3000,0.0,0.0
2012-08-30 00:00:00+09:00,670.7812146676675,670.7812146676675,669.1916857229575,669.9864501953125,800,0.0,0.0
2012-08-31 00:00:00+09:00,670.7810668945312,671.5758311917996,670.7810668945312,670.7810668945312,1100,0.0,0.0
2012-09-03 00:00:00+09:00,670.781163322855,672.370692145895,668.3968700882951,671.575927734375,2500,0.0,0.0
2012-09-04 00:00:00+09:00,671.575927734375,671.575927734375,667.6021056767752,671.575927734375,2700,0.0,0.0
2012-09-05 00:00:00+09:00,670.7810110971953,670.7810110971953,666.8071899414062,666.8071899414062,1400,0.0,0.0
2012-09-06 00:00:00+09:00,666.8074245293366,668.3969535508606,665.2178955078125,665.2178955078125,2100,0.0,0.0
2012-09-07 00:00:00+09:00,665.2178955078125,666.0126600185746,665.2178955078125,665.2178955078125,800,0.0,0.0
2012-09-10 00:00:00+09:00,669.9863025972628,670.7810668945312,666.8072454081893,670.7810668945312,1500,0.0,0.0
2012-09-11 00:00:00+09:00,670.7812146676675,670.7812146676675,667.6021567782473,669.9864501953125,1800,0.0,0.0
2012-09-12 00:00:00+09:00,669.9863181822932,669.9863181822932,668.3967895507812,668.3967895507812,500,0.0,0.0
2012-09-13 00:00:00+09:00,667.6021567782473,669.9864501953125,667.6021567782473,669.9864501953125,800,0.0,0.0
2012-09-14 00:00:00+09:00,668.3969212506024,669.9864501953125,668.3969212506024,669.9864501953125,1300,0.0,0.0
2012-09-18 00:00:00+09:00,669.9864501953125,670.7812146676675,668.3969212506024,669.9864501953125,3700,0.0,0.0
2012-09-19 00:00:00+09:00,669.9863025972628,670.7810668945312,669.1915382999944,670.7810668945312,2500,0.0,0.0
2012-09-20 00:00:00+09:00,669.9863025972628,670.7810668945312,669.9863025972628,670.7810668945312,2400,0.0,0.0
2012-09-21 00:00:00+09:00,670.7812146676675,670.7812146676675,669.9864501953125,669.9864501953125,3400,0.0,0.0
2012-09-24 00:00:00+09:00,670.7810668945312,671.5758311917996,669.9863025972628,670.7810668945312,8200,0.0,0.0
2012-09-25 00:00:00+09:00,673.1654565574149,673.960220968935,669.9863989113351,671.575927734375,15300,0.0,0.0
2012-09-26 00:00:00+09:00,600.0471448012942,619.9162555563039,592.0995004992902,599.2523803710938,19700,0.0,0.0
2012-09-27 00:00:00+09:00,600.047208808568,606.405324928394,600.047208808568,604.8157958984375,3200,0.0,0.0
2012-09-28 00:00:00+09:00,604.8156994468287,605.6104638350637,600.8418775056538,604.0209350585938,1100,0.0,0.0
2012-10-01 00:00:00+09:00,600.0471448012942,600.8419092314945,599.2523803710938,599.2523803710938,1900,0.0,0.0
2012-10-02 00:00:00+09:00,599.2523608398437,600.8418896484375,596.0733032226562,596.0733032226562,1500,0.0,0.0
2012-10-03 00:00:00+09:00,596.0733129623088,597.662841796875,595.2785485450257,597.662841796875,1400,0.0,0.0
2012-10-04 00:00:00+09:00,593.6890418760238,593.6890418760238,591.3047485351562,591.3047485351562,1100,0.0,0.0
2012-10-05 00:00:00+09:00,591.3047613408975,591.3047613408975,582.5623522350509,583.3571166992188,1200,0.0,0.0
2012-10-09 00:00:00+09:00,582.5623168945312,588.1256678062116,582.5623168945312,582.5623168945312,1600,0.0,0.0
2012-10-10 00:00:00+09:00,580.9727844574563,583.3570776905239,575.4094335802987,576.9989624023438,1800,0.0,0.0
2012-10-11 00:00:00+09:00,576.999013826992,580.1780717544134,575.4094848632812,575.4094848632812,400,0.0,0.0
2012-10-12 00:00:00+09:00,575.4094848632812,575.4094848632812,575.4094848632812,575.4094848632812,200,0.0,0.0
2012-10-15 00:00:00+09:00,583.3570418574892,583.3570418574892,576.2041625976562,576.2041625976562,1100,0.0,0.0
2012-10-16 00:00:00+09:00,577.7937268133662,580.1780200464337,576.2041979913213,576.9989624023438,600,0.0,0.0
2012-10-17 00:00:00+09:00,576.9990586985256,577.7938232421875,576.9990586985256,577.7938232421875,800,0.0,0.0
2012-10-18 00:00:00+09:00,580.1780395507812,580.1780395507812,580.1780395507812,580.1780395507812,500,0.0,0.0
2012-10-19 00:00:00+09:00,580.972881416835,580.972881416835,577.7938232421875,577.7938232421875,400,0.0,0.0
2012-10-22 00:00:00+09:00,578.5885972597308,579.3833618164062,578.5885972597308,579.3833618164062,400,0.0,0.0
2012-10-23 00:00:00+09:00,580.1780139176855,584.1518359308203,580.1780139176855,580.9727783203125,700,0.0,0.0
2012-10-24 00:00:00+09:00,580.1778968046028,586.5360107421875,580.1778968046028,586.5360107421875,700,0.0,0.0
2012-10-25 00:00:00+09:00,586.5360107421875,586.5360107421875,586.5360107421875,586.5360107421875,300,0.0,0.0
2012-10-26 00:00:00+09:00,586.5360816749367,588.1256103515625,586.5360816749367,588.1256103515625,400,0.0,0.0
2012-10-29 00:00:00+09:00,588.1257003497822,592.894287109375,588.1257003497822,592.894287109375,700,0.0,0.0
2012-10-30 00:00:00+09:00,592.8941246797722,592.8941246797722,586.5360107421875,586.5360107421875,300,0.0,0.0
2012-10-31 00:00:00+09:00,592.8942935341282,592.8942935341282,588.9204711914062,588.9204711914062,400,0.0,0.0
2012-11-01 00:00:00+09:00,592.0995032626663,593.6890321304855,589.7152099609375,589.7152099609375,800,0.0,0.0
2012-11-02 00:00:00+09:00,589.7152099609375,589.7152099609375,589.7152099609375,589.7152099609375,100,0.0,0.0
2012-11-05 00:00:00+09:00,591.3047485351562,591.3047485351562,591.3047485351562,591.3047485351562,100,0.0,0.0
2012-11-06 00:00:00+09:00,592.0994714747138,594.4837646484375,588.1256495185077,594.4837646484375,700,0.0,0.0
2012-11-07 00:00:00+09:00,592.0995226494429,592.894287109375,592.0995226494429,592.894287109375,300,0.0,0.0
2012-11-08 00:00:00+09:00,588.9203689472788,592.0994262695312,588.1256046167156,592.0994262695312,500,0.0,0.0
2012-11-09 00:00:00+09:00,592.0995290655839,592.0995290655839,588.9204711914062,588.9204711914062,500,0.0,0.0
2012-11-12 00:00:00+09:00,589.7152356599506,589.7152356599506,588.9204711914062,588.9204711914062,200,0.0,0.0
2012-11-13 00:00:00+09:00,589.7152356599506,589.7152356599506,588.9204711914062,588.9204711914062,400,0.0,0.0
2012-11-14 00:00:00+09:00,588.9203391275161,588.9203391275161,587.330810546875,587.330810546875,600,0.0,0.0
2012-11-15 00:00:00+09:00,592.0993604375741,592.0993604375741,586.5360107421875,586.5360107421875,1200,0.0,0.0
2012-11-16 00:00:00+09:00,586.5360816749367,588.1256103515625,586.5360816749367,588.1256103515625,700,0.0,0.0
2012-11-19 00:00:00+09:00,587.3309131855867,587.3309131855867,584.15185546875,584.15185546875,800,0.0,0.0
2012-11-20 00:00:00+09:00,584.1517886599978,588.1256103515625,584.1517886599978,588.1256103515625,500,0.0,0.0
2012-11-21 00:00:00+09:00,585.7413173366238,588.1256103515625,585.7413173366238,588.1256103515625,200,0.0,0.0
2012-11-22 00:00:00+09:00,595.2785313647727,595.2785313647727,584.9465942382812,584.9465942382812,300,0.0,0.0
2012-11-26 00:00:00+09:00,594.4837646484375,594.4837646484375,594.4837646484375,594.4837646484375,500,0.0,0.0
2012-11-27 00:00:00+09:00,594.4837192612207,594.4837192612207,587.3308402861525,592.0994262695312,600,0.0,0.0
2012-11-28 00:00:00+09:00,592.0993962887982,593.6889248694393,587.330810546875,587.330810546875,600,0.0,0.0
2012-11-29 00:00:00+09:00,593.6889038085938,593.6889038085938,593.6889038085938,593.6889038085938,300,0.0,0.0
2012-11-30 00:00:00+09:00,592.0995032626663,593.6890321304855,588.9204455270278,589.7152099609375,1200,0.0,0.0
2012-12-03 00:00:00+09:00,590.5098567295456,595.2784423828125,590.5098567295456,595.2784423828125,900,0.0,0.0
2012-12-04 00:00:00+09:00,596.0732911762439,604.8156994468287,596.0732911762439,604.0209350585938,700,0.0,0.0
2012-12-05 00:00:00+09:00,604.0209350585938,604.0209350585938,600.0471131174188,604.0209350585938,700,0.0,0.0
2012-12-06 00:00:00+09:00,604.0211366982985,608.7897246196009,602.4316073911976,607.2001953125,800,0.0,0.0
2012-12-07 00:00:00+09:00,611.9686407791941,619.1215209960938,609.5843473735608,619.1215209960938,2200,0.0,0.0
2012-12-10 00:00:00+09:00,619.9163818359375,626.2744985727163,619.9163818359375,619.9163818359375,1700,0.0,0.0
2012-12-11 00:00:00+09:00,621.505747113909,623.8900402614049,621.505747113909,623.0952758789062,800,0.0,0.0
2012-12-12 00:00:00+09:00,623.0952953977633,628.658646249529,623.0952953977633,626.2743530273438,800,0.0,0.0
2012-12-13 00:00:00+09:00,623.8900440471664,628.6586303710938,623.8900440471664,628.6586303710938,500,0.0,0.0
2012-12-14 00:00:00+09:00,627.8638818421339,627.8638818421339,626.2743530273438,626.2743530273438,700,0.0,0.0
2012-12-17 00:00:00+09:00,625.4795886199486,626.2743530273438,622.3005309903682,626.2743530273438,1500,0.0,0.0
2012-12-18 00:00:00+09:00,626.2743334089007,627.8638621738979,623.0952758789062,623.0952758789062,700,0.0,0.0
2012-12-19 00:00:00+09:00,626.274220862158,626.274220862158,620.7108711844486,624.6846923828125,1200,0.0,0.0
2012-12-20 00:00:00+09:00,626.274220862158,626.274220862158,624.6846923828125,624.6846923828125,700,0.0,0.0
2012-12-21 00:00:00+09:00,623.8902047964242,623.8902047964242,617.5320880596454,619.9163818359375,1200,0.0,0.0
2012-12-25 00:00:00+09:00,615.9424887218329,618.3267822265625,611.9686662139501,618.3267822265625,1900,0.0,0.0
2012-12-26 00:00:00+09:00,613.5581952171032,619.9163112297157,612.7634307155266,618.3267822265625,2100,0.0,0.0
2012-12-27 00:00:00+09:00,619.9163112297157,619.9163112297157,618.3267822265625,618.3267822265625,1000,0.0,0.0
2012-12-28 00:00:00+09:00,627.0691174347388,627.0691174347388,619.1214733607877,626.2743530273438,1300,0.0,0.0
2013-01-04 00:00:00+09:00,631.8377075195312,631.8377075195312,627.0691210476857,631.8377075195312,2000,0.0,0.0
2013-01-07 00:00:00+09:00,631.8377014160156,635.8115234375,631.8377014160156,635.8115234375,3400,0.0,0.0
2013-01-08 00:00:00+09:00,642.9644582807647,642.9644582807647,639.785400390625,639.785400390625,1000,0.0,0.0
2013-01-09 00:00:00+09:00,639.7853454589844,639.7853454589844,632.6324658203125,635.8115234375,1500,0.0,0.0
2013-01-10 00:00:00+09:00,635.8115491043492,639.7853712862513,635.0167846679688,635.0167846679688,1200,0.0,0.0
2013-01-11 00:00:00+09:00,637.4010522460937,637.4010522460937,631.8377014160156,635.8115234375,3100,0.0,0.0
2013-01-15 00:00:00+09:00,636.6063842773438,638.1959133267254,636.6063842773438,636.6063842773438,3000,0.0,0.0
2013-01-16 00:00:00+09:00,636.6062878417969,638.9905810546875,635.8115234375,635.8115234375,1700,0.0,0.0
2013-01-17 00:00:00+09:00,635.8115136473997,635.8115136473997,634.2219848632812,634.2219848632812,1000,0.0,0.0
2013-01-18 00:00:00+09:00,634.2219848632812,635.0167492553404,634.2219848632812,634.2219848632812,600,0.0,0.0
2013-01-21 00:00:00+09:00,635.8115234375,636.6062878417969,635.0167590332031,635.8115234375,2000,0.0,0.0
2013-01-22 00:00:00+09:00,635.8115234375,635.8115234375,632.6324658203125,635.8115234375,1600,0.0,0.0
2013-01-23 00:00:00+09:00,635.811619752653,636.6063842773438,635.811619752653,636.6063842773438,1300,0.0,0.0
2013-01-24 00:00:00+09:00,636.6063651320626,636.6063651320626,633.4273071289062,633.4273071289062,1200,0.0,0.0
2013-01-25 00:00:00+09:00,638.9905908446657,638.9905908446657,637.4010620117188,637.4010620117188,900,0.0,0.0
2013-01-28 00:00:00+09:00,637.4011069730202,639.785400390625,637.4011069730202,639.785400390625,1200,0.0,0.0
2013-01-29 00:00:00+09:00,639.785400390625,639.785400390625,638.1958714455551,639.785400390625,2000,0.0,0.0
2013-01-30 00:00:00+09:00,638.9905651657846,640.5800939348536,636.6062720121809,638.19580078125,2800,0.0,0.0
2013-01-31 00:00:00+09:00,640.5800525613286,641.3748168945312,638.1957595617207,641.3748168945312,2000,0.0,0.0
2013-02-01 00:00:00+09:00,643.7591140334671,646.9381713867188,643.7591140334671,646.9381713867188,2100,0.0,0.0
2013-02-04 00:00:00+09:00,646.938134765625,655.6805419921875,643.7590775923296,655.6805419921875,3900,0.0,0.0
2013-02-05 00:00:00+09:00,658.064902105564,660.449195229135,643.7591433641387,651.706787109375,3000,0.0,0.0
2013-02-06 00:00:00+09:00,659.6544615615754,673.1654565574149,655.6806395039756,671.575927734375,6600,0.0,0.0
2013-02-07 00:00:00+09:00,659.6543634588069,663.6281849254261,655.6805419921875,655.6805419921875,1700,0.0,0.0
2013-02-08 00:00:00+09:00,658.859644719368,659.6544090676423,658.0648803710938,658.0648803710938,800,0.0,0.0
2013-02-12 00:00:00+09:00,673.9602954247755,673.9602954247755,663.6283569335938,663.6283569335938,1400,0.0,0.0
2013-02-13 00:00:00+09:00,659.6543634588069,659.6543634588069,655.6805419921875,655.6805419921875,1300,0.0,0.0
2013-02-14 00:00:00+09:00,658.8596960626561,658.8596960626561,656.4754028320312,656.4754028320312,800,0.0,0.0
2013-02-15 00:00:00+09:00,655.6806600138601,655.6806600138601,633.4272557952079,635.0167846679688,3800,0.0,0.0
2013-02-18 00:00:00+09:00,638.1957482626271,650.1172130496003,633.4271623478379,649.3224487304688,2800,0.0,0.0
2013-02-19 00:00:00+09:00,639.7853939857011,643.7592163085938,639.7853939857011,643.7592163085938,600,0.0,0.0
2013-02-20 00:00:00+09:00,651.706787109375,651.706787109375,647.7329652367569,651.706787109375,1000,0.0,0.0
2013-02-21 00:00:00+09:00,658.8596664800876,658.8596664800876,651.706787109375,651.706787109375,1000,0.0,0.0
2013-02-22 00:00:00+09:00,651.706787109375,651.706787109375,650.9120227348513,651.706787109375,300,0.0,0.0
2013-02-25 00:00:00+09:00,652.5015175593683,653.2962818925708,641.3748168945312,641.3748168945312,1600,0.0,0.0
2013-02-26 00:00:00+09:00,650.9119773687318,650.9119773687318,647.7329200922056,649.3224487304688,700,0.0,0.0
2013-02-27 00:00:00+09:00,651.706793100556,651.706793100556,643.7591492822565,647.7329711914062,300,0.0,0.0
2013-02-28 00:00:00+09:00,649.322545133185,651.7068384445676,648.5277806960574,650.1173095703125,600,0.0,0.0
2013-03-01 00:00:00+09:00,647.7329652367569,651.706787109375,644.5539077386624,651.706787109375,1700,0.0,0.0
2013-03-04 00:00:00+09:00,653.2964572350955,663.628396339787,647.7331054094926,654.885986328125,3200,0.0,0.0
2013-03-05 00:00:00+09:00,666.0125238538365,666.0125238538365,658.0648803710938,658.0648803710938,1400,0.0,0.0
2013-03-06 00:00:00+09:00,659.6545153088805,660.4492797851562,658.064986356329,660.4492797851562,1000,0.0,0.0
2013-03-07 00:00:00+09:00,666.8071899414062,666.8071899414062,662.8333687856172,666.8071899414062,2000,0.0,0.0
2013-03-08 00:00:00+09:00,666.8072882021107,666.8072882021107,654.8858229779967,658.0648803710938,2600,0.0,0.0
2013-03-11 00:00:00+09:00,663.6283569335938,664.4231214329154,660.4492989363071,663.6283569335938,2000,0.0,0.0
2013-03-12 00:00:00+09:00,666.8073987573882,666.8073987573882,659.6545184369872,666.0126342773438,2300,0.0,0.0
2013-03-13 00:00:00+09:00,668.3969277174774,669.191692197522,666.0126342773438,666.0126342773438,1400,0.0,0.0
2013-03-14 00:00:00+09:00,666.0126342773438,666.0126342773438,660.4492829170317,666.0126342773438,1400,0.0,0.0
2013-03-15 00:00:00+09:00,665.2178697972992,666.0126342773438,662.8335763571655,666.0126342773438,2400,0.0,0.0
2013-03-18 00:00:00+09:00,666.0126504315588,670.7812374274888,663.6283569335938,663.6283569335938,4500,0.0,0.0
2013-03-19 00:00:00+09:00,667.6021697741596,670.7812277254652,659.6545248958959,662.038818359375,2600,0.0,0.0
2013-03-21 00:00:00+09:00,671.575998353564,673.960291838843,667.6021758780992,673.16552734375,2600,0.0,0.0
2013-03-22 00:00:00+09:00,673.960291838843,673.960291838843,669.9864693633781,673.16552734375,1200,0.0,0.0
2013-03-25 00:00:00+09:00,674.7550014033737,674.7550014033737,667.6021215298397,669.191650390625,2600,0.0,0.0
2013-03-26 00:00:00+09:00,669.1915538665372,672.3706111295612,668.3967895507812,668.3967895507812,1400,0.0,0.0
2013-03-27 00:00:00+09:00,670.7811608331207,681.1130981445312,669.9863964245505,681.1130981445312,2700,0.0,0.0
2013-03-28 00:00:00+09:00,691.4451405412635,713.6985473632812,685.0870243064013,713.6985473632812,4500,0.0,0.0
2013-03-29 00:00:00+09:00,701.7770794229147,715.2880764219967,701.7770794229147,713.6985473632812,2500,0.0,0.0
2013-04-01 00:00:00+09:00,713.6983196046857,713.6983196046857,701.77685546875,701.77685546875,2600,0.0,0.0
2013-04-02 00:00:00+09:00,679.5235825465953,690.6502844830309,668.3968806101599,688.2659912109375,2500,0.0,0.0
2013-04-03 00:00:00+09:00,700.1875,700.1875,698.5979710556186,700.1875,1300,0.0,0.0
2013-04-04 00:00:00+09:00,699.3926647824233,699.3926647824233,691.4450208644412,698.597900390625,700,0.0,0.0
2013-04-05 00:00:00+09:00,707.34033203125,711.3141541213132,698.597923433111,707.34033203125,5100,0.0,0.0
2013-04-08 00:00:00+09:00,715.2879432248172,780.4586224964117,715.2879432248172,761.38427734375,18500,0.0,0.0
2013-04-09 00:00:00+09:00,778.8691725805792,778.8691725805792,755.0262387260716,759.0000610351562,10900,0.0,0.0
2013-04-10 00:00:00+09:00,755.8210031878886,770.126763500593,755.8210031878886,759.0000610351562,3200,0.0,0.0
2013-04-11 00:00:00+09:00,755.0261697651428,772.510986328125,747.0785258728781,772.510986328125,12700,0.0,0.0
2013-04-12 00:00:00+09:00,778.8691037495931,782.048161315918,762.9738159179688,762.9738159179688,3200,0.0,0.0
2013-04-15 00:00:00+09:00,764.5634347350948,778.8691954681839,764.5634347350948,767.7424926757812,1500,0.0,0.0
2013-04-16 00:00:00+09:00,767.7424926757812,767.7424926757812,764.5634347350948,767.7424926757812,1400,0.0,0.0
2013-04-17 00:00:00+09:00,767.7423687332247,778.0743053724917,767.7423687332247,777.279541015625,2400,0.0,0.0
2013-04-18 00:00:00+09:00,777.279541015625,778.8690697293583,777.279541015625,777.279541015625,1400,0.0,0.0
2013-04-19 00:00:00+09:00,777.2796470338781,779.6639404296875,776.4848825686082,779.6639404296875,1700,0.0,0.0
2013-04-22 00:00:00+09:00,790.7905716520704,818.6073254287764,787.6115140775897,817.8125610351562,6600,0.0,0.0
2013-04-23 00:00:00+09:00,793.1747834526047,817.0177128149074,793.1747834526047,799.5328979492188,4600,0.0,0.0
2013-04-24 00:00:00+09:00,808.2754807795186,809.8650097486033,793.9697200577573,797.9435424804688,4400,0.0,0.0
2013-04-25 00:00:00+09:00,812.2493391198306,812.2493391198306,798.7383422851562,798.7383422851562,3100,0.0,0.0
2013-04-26 00:00:00+09:00,808.2753053820632,809.0700696941399,798.738133637142,799.5328979492188,2500,0.0,0.0
2013-04-30 00:00:00+09:00,810.6597227515244,814.633544921875,800.3277851086128,814.633544921875,1600,0.0,0.0
2013-05-01 00:00:00+09:00,810.6597069172544,817.8125866841714,799.5330050576058,817.017822265625,4100,0.0,0.0
2013-05-02 00:00:00+09:00,818.6072978728131,818.6072978728131,800.3277174348765,803.5067749023438,2400,0.0,0.0
2013-05-07 00:00:00+09:00,818.6073352062622,824.1706860280523,802.7120471440046,819.402099609375,6000,0.0,0.0
2013-05-08 00:00:00+09:00,828.9392225543853,828.9392225543853,811.4544067382812,811.4544067382812,2200,0.0,0.0
2013-05-09 00:00:00+09:00,812.2492392719655,826.5549988677536,809.0701815840126,822.5811767578125,3800,0.0,0.0
2013-05-10 00:00:00+09:00,832.1183300591811,832.1183300591811,814.6335131906977,819.402099609375,2200,0.0,0.0
2013-05-13 00:00:00+09:00,821.7863200807891,828.144434742923,815.4282054186554,827.3496704101562,2700,0.0,0.0
2013-05-14 00:00:00+09:00,828.1446246879901,828.1446246879901,823.3760375976562,823.3760375976562,1000,0.0,0.0
2013-05-15 00:00:00+09:00,823.3760884602864,826.5551467168898,801.1226806640625,801.1226806640625,6300,0.0,0.0
2013-05-16 00:00:00+09:00,802.712012549659,805.0963056562422,790.7905470167433,793.9696044921875,6500,0.0,0.0
2013-05-17 00:00:00+09:00,793.969750540597,844.0399149891032,793.969750540597,823.3760375976562,5100,0.0,0.0
2013-05-20 00:00:00+09:00,833.7077950379764,833.7077950379764,823.3758585885067,828.939208984375,4100,0.0,0.0
2013-05-21 00:00:00+09:00,834.5025535758215,834.5025535758215,819.4020311777828,832.9130249023438,1700,0.0,0.0
2013-05-22 00:00:00+09:00,831.3236405592697,833.707933983436,818.6074089637169,826.5550537109375,1800,0.0,0.0
2013-05-23 00:00:00+09:00,826.5549817146099,826.5549817146099,795.559169900312,809.8649291992188,3100,0.0,0.0
2013-05-24 00:00:00+09:00,806.6858715772395,809.8649291992188,794.7644054948172,809.8649291992188,3900,0.0,0.0
2013-05-27 00:00:00+09:00,786.0220080443104,793.9696522105825,786.0220080443104,786.8167724609375,3700,0.0,0.0
2013-05-28 00:00:00+09:00,778.8692215835492,786.0221021899288,755.0262862289508,766.94775390625,4100,0.0,0.0
2013-05-29 00:00:00+09:00,766.9476378758749,770.921459833781,752.6418788274129,762.9738159179688,7400,0.0,0.0
2013-05-30 00:00:00+09:00,755.0260620117188,755.0260620117188,735.1569551166735,755.0260620117188,4600,0.0,0.0
2013-05-31 00:00:00+09:00,743.1046636672247,755.026128859747,742.3098993210565,751.0523071289062,1500,0.0,0.0
2013-06-03 00:00:00+09:00,768.5372120509637,768.5372120509637,751.0523944034754,765.358154296875,1400,0.0,0.0
2013-06-04 00:00:00+09:00,755.0260620117188,757.4103548391241,740.7203050472862,755.0260620117188,1400,0.0,0.0
2013-06-05 00:00:00+09:00,755.0261369213944,762.1790161132812,755.0261369213944,762.1790161132812,700,0.0,0.0
2013-06-06 00:00:00+09:00,759.7946495237412,759.7946495237412,735.9517211914062,735.9517211914062,2700,0.0,0.0
2013-06-07 00:00:00+09:00,723.2355949934139,723.2355949934139,675.5497315872548,683.4973754882812,4900,0.0,0.0
2013-06-10 00:00:00+09:00,723.2355346679688,743.1046427632426,719.261713048914,723.2355346679688,1700,0.0,0.0
2013-06-11 00:00:00+09:00,724.8250576331967,739.1308153496414,724.8250576331967,727.2093505859375,1000,0.0,0.0
2013-06-12 00:00:00+09:00,727.2095145299851,727.2095145299851,724.0304565429688,724.0304565429688,1100,0.0,0.0
2013-06-13 00:00:00+09:00,735.951837164759,739.9256591796875,727.2094287319163,739.9256591796875,1700,0.0,0.0
2013-06-14 00:00:00+09:00,741.5151819082406,743.8994750976562,731.1832447541066,743.8994750976562,800,0.0,0.0
2013-06-17 00:00:00+09:00,751.0523608214872,759.0000048513443,739.9256591796875,739.9256591796875,2100,0.0,0.0
2013-06-18 00:00:00+09:00,742.3100490324488,759.0001036680819,740.7205200195312,740.7205200195312,1100,0.0,0.0
2013-06-19 00:00:00+09:00,748.6680140904017,758.2051862444196,748.6680140904017,751.0523071289062,600,0.0,0.0
2013-06-20 00:00:00+09:00,762.9737047697369,763.7684690455386,755.0260620117188,755.0260620117188,1900,0.0,0.0
2013-06-21 00:00:00+09:00,747.0785266255978,754.2314061358428,746.2837622355705,747.873291015625,1600,0.0,0.0
2013-06-24 00:00:00+09:00,758.9998833907277,762.9737047697369,755.0260620117188,755.0260620117188,1500,0.0,0.0
2013-06-25 00:00:00+09:00,755.0262291058664,759.0000513643183,755.0262291058664,757.4105224609375,700,0.0,0.0
2013-06-26 00:00:00+09:00,755.0260620117188,762.9737047697369,755.0260620117188,755.0260620117188,1600,0.0,0.0
2013-06-27 00:00:00+09:00,756.6155905633224,756.6155905633224,754.2312977359169,755.0260620117188,1400,0.0,0.0
2013-06-28 00:00:00+09:00,755.8209129489198,778.8690795898438,755.8209129489198,778.8690795898438,1900,0.0,0.0
2013-07-01 00:00:00+09:00,793.9696301171679,793.9696301171679,786.8167505665627,793.1748657226562,2600,0.0,0.0
2013-07-02 00:00:00+09:00,793.9697169511463,794.7644814325789,787.6116010996857,792.3801879882812,1900,0.0,0.0
2013-07-03 00:00:00+09:00,793.9697169511463,794.7644814325789,792.3801879882812,792.3801879882812,1800,0.0,0.0
2013-07-04 00:00:00+09:00,793.9696301171679,794.7643945116796,793.1748657226562,793.1748657226562,800,0.0,0.0
2013-07-05 00:00:00+09:00,798.7382263183594,800.3277551269531,794.764404296875,794.764404296875,1400,0.0,0.0
2013-07-08 00:00:00+09:00,802.7120971679688,810.6597416943844,794.7644526415532,802.7120971679688,1500,0.0,0.0
2013-07-09 00:00:00+09:00,803.5067591921113,806.6858165974213,801.9172304894563,805.8910522460938,1500,0.0,0.0
2013-07-10 00:00:00+09:00,805.8910522460938,805.8910522460938,803.5067591921113,805.8910522460938,1100,0.0,0.0
2013-07-11 00:00:00+09:00,802.7119948407837,805.8910522460938,802.7119948407837,805.8910522460938,700,0.0,0.0
2013-07-12 00:00:00+09:00,809.8649772417427,810.6597416943844,802.7120971679688,802.7120971679688,2100,0.0,0.0
2013-07-16 00:00:00+09:00,811.454392746032,817.812507478616,802.711984988729,804.301513671875,2200,0.0,0.0
2013-07-17 00:00:00+09:00,804.3016645210431,809.8650159554771,804.3016645210431,809.0702514648438,1000,0.0,0.0
2013-07-18 00:00:00+09:00,809.8649772417427,810.6597416943844,802.7120971679688,802.7120971679688,3200,0.0,0.0
2013-07-19 00:00:00+09:00,810.6596972370705,815.4282836914062,810.6596972370705,815.4282836914062,1100,0.0,0.0
2013-07-22 00:00:00+09:00,819.4021734384389,826.5550537109375,818.6074089637169,826.5550537109375,1200,0.0,0.0
2013-07-23 00:00:00+09:00,832.9131695087138,833.707933983436,826.5550537109375,826.5550537109375,1800,0.0,0.0
2013-07-24 00:00:00+09:00,832.1182959659311,833.7078247070312,818.6073016665797,833.7078247070312,1900,0.0,0.0
2013-07-25 00:00:00+09:00,833.7078662343002,834.5026306444378,830.52880859375,830.52880859375,1300,0.0,0.0
2013-07-26 00:00:00+09:00,833.7077892390826,833.7077892390826,826.5549102084327,832.9130249023438,1100,0.0,0.0
2013-07-29 00:00:00+09:00,830.5288597941399,830.5288597941399,811.4545127749443,813.8388061523438,2900,0.0,0.0
2013-07-30 00:00:00+09:00,811.4544616461264,815.4282836914062,810.6596972370705,815.4282836914062,1700,0.0,0.0
2013-07-31 00:00:00+09:00,815.4282836914062,815.4282836914062,815.4282836914062,815.4282836914062,300,0.0,0.0
2013-08-01 00:00:00+09:00,814.6335706114769,814.6335706114769,810.6597483158112,813.8388061523438,800,0.0,0.0
2013-08-02 00:00:00+09:00,810.6596423830038,818.6072859357783,807.480584961894,811.4544067382812,2200,0.0,0.0
2013-08-05 00:00:00+09:00,817.8125769185741,818.60734132763,813.0439904642384,815.4282836914062,900,0.0,0.0
2013-08-06 00:00:00+09:00,814.6335192823502,815.4282836914062,813.8387548732943,815.4282836914062,1500,0.0,0.0
2013-08-07 00:00:00+09:00,815.4283031278443,818.6073608398438,815.4283031278443,818.6073608398438,2700,0.0,0.0
2013-08-08 00:00:00+09:00,814.6335386998445,843.245058107839,795.5591924278481,818.6073608398438,7500,0.0,0.0
2013-08-09 00:00:00+09:00,817.0178382240854,817.0178382240854,812.2492516196646,814.633544921875,1100,0.0,0.0
2013-08-12 00:00:00+09:00,814.6335963513029,815.428360835548,806.6859515088512,813.0440673828125,1300,0.0,0.0
2013-08-13 00:00:00+09:00,806.6858009180839,808.2753295898438,806.6858009180839,808.2753295898438,400,0.0,0.0
2013-08-14 00:00:00+09:00,818.607425352445,818.607425352445,808.2754869742103,809.0702514648438,1100,0.0,0.0
2013-08-15 00:00:00+09:00,825.7602533677045,825.7602533677045,810.6597290039062,810.6597290039062,2200,0.0,0.0
2013-08-16 00:00:00+09:00,829.734075568704,829.734075568704,810.6597290039062,810.6597290039062,1600,0.0,0.0
2013-08-19 00:00:00+09:00,822.5811572218265,828.9392724467295,818.6073352062622,819.402099609375,1000,0.0,0.0
2013-08-20 00:00:00+09:00,818.6073352062622,819.402099609375,818.6073352062622,819.402099609375,1200,0.0,0.0
2013-08-21 00:00:00+09:00,820.9916541238432,820.9916541238432,810.6597165598453,818.6073608398438,2500,0.0,0.0
2013-08-22 00:00:00+09:00,818.6073929071426,818.6073929071426,810.6597483158112,813.8388061523438,800,0.0,0.0
2013-08-23 00:00:00+09:00,824.9654700237771,824.9654700237771,814.6335325379303,822.5811767578125,1500,0.0,0.0
2013-08-26 00:00:00+09:00,816.2230322479159,818.6073254287764,816.2230322479159,817.8125610351562,2200,0.0,0.0
2013-08-27 00:00:00+09:00,818.6073994131217,826.555044067618,818.6073994131217,824.9655151367188,1200,0.0,0.0
2013-08-28 00:00:00+09:00,822.5812281620583,828.9393439352916,818.6074058037875,820.99169921875,2300,0.0,0.0
2013-08-29 00:00:00+09:00,820.9917440524893,828.9393892030457,820.9917440524893,823.3760375976562,1200,0.0,0.0
2013-08-30 00:00:00+09:00,829.7341116098257,829.7341116098257,823.3759958120493,826.5550537109375,1100,0.0,0.0
2013-09-02 00:00:00+09:00,826.555044067618,826.555044067618,822.5812217403699,824.9655151367188,2000,0.0,0.0
2013-09-03 00:00:00+09:00,822.5811644923745,830.52880859375,822.5811644923745,830.52880859375,2800,0.0,0.0
2013-09-04 00:00:00+09:00,829.7340028542808,833.7078247070312,828.9392384837307,833.7078247070312,2400,0.0,0.0
2013-09-05 00:00:00+09:00,833.7077892390826,833.7077892390826,829.7339675553882,832.9130249023438,2400,0.0,0.0
2013-09-06 00:00:00+09:00,833.7079983103697,834.5027628464139,829.7341756301487,832.1184692382812,1500,0.0,0.0
2013-09-09 00:00:00+09:00,841.6553799903999,848.0134942868335,834.5025014069121,844.0396728515625,5600,0.0,0.0
2013-09-10 00:00:00+09:00,845.6292412018108,850.3978271484375,839.2711266063085,850.3978271484375,5300,0.0,0.0
2013-09-11 00:00:00+09:00,850.3979271373854,866.2932154950936,850.3979271373854,856.7560424804688,3700,0.0,0.0
2013-09-12 00:00:00+09:00,867.0880126953125,871.0618349349793,863.908954903579,867.0880126953125,2400,0.0,0.0
2013-09-13 00:00:00+09:00,874.2406963338107,893.3150387992756,872.6511677950218,884.5726318359375,5400,0.0,0.0
2013-09-17 00:00:00+09:00,898.0839369637627,898.8787015097482,884.5729396820069,890.1362915039062,6700,0.0,0.0
2013-09-18 00:00:00+09:00,892.5205078125,898.0838591523819,890.1362143811219,892.5205078125,5200,0.0,0.0
2013-09-19 00:00:00+09:00,889.3413027834638,896.4941818943227,888.5465384378127,893.3151245117188,4300,0.0,0.0
2013-09-20 00:00:00+09:00,893.3151245117188,895.6994175486717,892.5203601660677,893.3151245117188,5600,0.0,0.0
2013-09-24 00:00:00+09:00,890.1362047697368,894.9047915810032,890.1362047697368,890.9309692382812,13300,0.0,0.0
2013-09-25 00:00:00+09:00,891.7257209595698,898.8786010742188,891.7257209595698,898.8786010742188,14500,0.0,0.0
2013-09-26 00:00:00+09:00,792.3801457857649,812.2492567633417,763.7686259780542,780.4586791992188,30300,0.0,100.0
2013-09-27 00:00:00+09:00,782.0482338254969,786.8168206171158,778.8691759644176,779.6639404296875,6600,0.0,0.0
2013-09-30 00:00:00+09:00,778.8691052133875,778.8691052133875,771.7162256757134,778.0743408203125,3700,0.0,0.0
2013-10-01 00:00:00+09:00,770.9215764653497,776.4849280480894,766.15298939443,766.94775390625,4000,0.0,0.0
2013-10-02 00:00:00+09:00,763.7684690455386,763.7684690455386,748.6679478053043,755.0260620117188,4900,0.0,0.0
2013-10-03 00:00:00+09:00,747.0785010594977,754.231380324961,744.69420797101,748.6680297851562,2000,0.0,0.0
2013-10-04 00:00:00+09:00,744.6943263415984,748.6681487873914,743.1047973632812,743.1047973632812,2400,0.0,0.0
2013-10-07 00:00:00+09:00,739.1308153496414,739.9255796672217,722.4407646804559,727.2093505859375,3500,0.0,0.0
2013-10-08 00:00:00+09:00,715.2879929700434,722.4408728997439,707.3403486037096,720.0565795898438,4000,0.0,0.0
2013-10-09 00:00:00+09:00,708.1350433214576,719.2617443388542,708.1350433214576,718.4669799804688,3300,0.0,0.0
2013-10-10 00:00:00+09:00,718.4670479302832,731.1832788671024,718.4670479302832,729.59375,1000,0.0,0.0
2013-10-11 00:00:00+09:00,731.9779685162484,747.0784912109375,731.9779685162484,747.0784912109375,2500,0.0,0.0
2013-10-15 00:00:00+09:00,747.0785363886035,754.2314159923242,747.0785363886035,749.4628295898438,2800,0.0,0.0
2013-10-16 00:00:00+09:00,747.0784912109375,753.436606029754,747.0784912109375,747.0784912109375,1200,0.0,0.0
2013-10-17 00:00:00+09:00,753.4366417458156,753.4366417458156,747.873291015625,747.873291015625,1100,0.0,0.0
2013-10-18 00:00:00+09:00,747.8732497442336,751.8470714750744,747.0784853980655,751.0523071289062,800,0.0,0.0
2013-10-21 00:00:00+09:00,751.052342549943,753.4366357008952,748.6680493989908,751.8471069335938,1800,0.0,0.0
2013-10-22 00:00:00+09:00,753.436687146203,753.436687146203,750.2576293945312,750.2576293945312,900,0.0,0.0
2013-10-23 00:00:00+09:00,750.2575585108148,750.2575585108148,744.69420797101,748.6680297851562,2100,0.0,0.0
2013-10-24 00:00:00+09:00,739.1308923844695,751.0523583906705,738.336127984056,749.4628295898438,700,0.0,0.0
2013-10-25 00:00:00+09:00,749.4628258729592,752.6418834588466,739.9256531152969,743.8994750976562,1600,0.0,0.0
2013-10-28 00:00:00+09:00,747.078645693924,747.078645693924,742.31005859375,742.31005859375,700,0.0,0.0
2013-10-29 00:00:00+09:00,746.2838649362994,746.2838649362994,744.6943359375,744.6943359375,900,0.0,0.0
2013-10-30 00:00:00+09:00,742.3099523886445,744.6942455976017,739.9256591796875,739.9256591796875,1800,0.0,0.0
2013-10-31 00:00:00+09:00,739.9256591796875,739.9256591796875,739.9256591796875,739.9256591796875,0,0.0,0.0
2013-11-01 00:00:00+09:00,740.7203881048388,740.7203881048388,739.130859375,739.130859375,1300,0.0,0.0
2013-11-05 00:00:00+09:00,736.7466138411035,736.7466138411035,731.1832629275244,731.97802734375,1500,0.0,0.0
2013-11-06 00:00:00+09:00,731.9778697138248,736.7464551842731,728.7988127335259,731.18310546875,1500,0.0,0.0
2013-11-07 00:00:00+09:00,731.18310546875,731.18310546875,729.5935769786006,731.18310546875,1100,0.0,0.0
2013-11-08 00:00:00+09:00,731.1831721738388,731.1831721738388,727.2093505859375,727.2093505859375,1000,0.0,0.0
2013-11-11 00:00:00+09:00,731.9780949088683,731.9780949088683,725.619978992179,728.0042724609375,1500,0.0,0.0
2013-11-12 00:00:00+09:00,727.2093703775333,731.1831920735854,727.2093703775333,730.388427734375,800,0.0,0.0
2013-11-13 00:00:00+09:00,728.7989855664489,730.3885144335512,728.7989855664489,729.59375,800,0.0,0.0
2013-11-14 00:00:00+09:00,728.798879221098,731.1831721738388,727.2093505859375,727.2093505859375,1800,0.0,0.0
2013-11-15 00:00:00+09:00,728.0041347167437,731.1831920735854,727.2093703775333,730.388427734375,2800,0.0,0.0
2013-11-18 00:00:00+09:00,731.978001724872,732.7727661132812,730.3884729480536,732.7727661132812,900,0.0,0.0
2013-11-19 00:00:00+09:00,732.7727917599756,732.7727917599756,731.1832629275244,731.97802734375,1000,0.0,0.0
2013-11-20 00:00:00+09:00,731.9779564127958,731.9779564127958,730.388427734375,730.388427734375,1000,0.0,0.0
2013-11-21 00:00:00+09:00,730.3883412236753,732.7726339588995,730.3883412236753,731.18310546875,1500,0.0,0.0
2013-11-22 00:00:00+09:00,731.1832629275244,731.97802734375,730.3884985112988,731.97802734375,1400,0.0,0.0
2013-11-25 00:00:00+09:00,733.567626953125,733.567626953125,731.1833334744042,733.567626953125,1800,0.0,0.0
2013-11-26 00:00:00+09:00,731.978001724872,732.7727661132812,731.978001724872,732.7727661132812,1300,0.0,0.0
2013-11-27 00:00:00+09:00,735.1570137696375,735.1570137696375,728.0041347167437,730.388427734375,4300,0.0,0.0
2013-11-28 00:00:00+09:00,730.3886577483692,730.3886577483692,714.4933659584156,717.6724243164062,5000,0.0,0.0
2013-11-29 00:00:00+09:00,723.235560250361,723.235560250361,715.2879167311263,722.4407958984375,3400,0.0,0.0
2013-12-02 00:00:00+09:00,726.4146019115782,730.3884235850551,722.4407802381013,724.8250732421875,2600,0.0,0.0
2013-12-03 00:00:00+09:00,725.619978992179,728.0042724609375,724.0304500130067,728.0042724609375,1400,0.0,0.0
2013-12-04 00:00:00+09:00,728.0043105088271,734.3624267578125,727.2095459777039,734.3624267578125,1500,0.0,0.0
2013-12-05 00:00:00+09:00,735.1571655273438,735.1571655273438,731.1833430109797,735.1571655273438,1600,0.0,0.0
2013-12-06 00:00:00+09:00,738.3362331287503,738.3362331287503,736.7467041015625,736.7467041015625,1000,0.0,0.0
2013-12-09 00:00:00+09:00,737.5414494176598,739.1309784034738,733.567626953125,733.567626953125,2600,0.0,0.0
2013-12-10 00:00:00+09:00,732.7728976955661,736.746720351182,732.7728976955661,734.3624267578125,1400,0.0,0.0
2013-12-11 00:00:00+09:00,735.157155938939,735.157155938939,733.567626953125,733.567626953125,1100,0.0,0.0
2013-12-12 00:00:00+09:00,733.5675305016904,733.5675305016904,731.978001724872,732.7727661132812,1400,0.0,0.0
2013-12-13 00:00:00+09:00,734.3622948900996,734.3622948900996,731.978001724872,732.7727661132812,900,0.0,0.0
2013-12-16 00:00:00+09:00,732.7726339588995,732.7726339588995,731.18310546875,731.18310546875,2500,0.0,0.0
2013-12-17 00:00:00+09:00,732.7726339588995,732.7726339588995,731.18310546875,731.18310546875,1600,0.0,0.0
2013-12-18 00:00:00+09:00,733.5674850912167,733.5674850912167,729.5936633951645,730.388427734375,1600,0.0,0.0
2013-12-19 00:00:00+09:00,731.1831721738388,731.1831721738388,727.2093505859375,727.2093505859375,1600,0.0,0.0
2013-12-20 00:00:00+09:00,728.7990369505237,730.388565929696,727.2095079713513,728.0042724609375,2700,0.0,0.0
2013-12-24 00:00:00+09:00,726.4145919632125,728.0041206108344,723.2355346679688,723.2355346679688,4300,0.0,0.0
2013-12-25 00:00:00+09:00,723.2356696234809,723.2356696234809,715.2880249023438,715.2880249023438,4900,0.0,0.0
2013-12-26 00:00:00+09:00,728.7988990559542,730.388427734375,724.0303130206917,730.388427734375,2000,0.0,0.0
2013-12-27 00:00:00+09:00,731.183326984274,737.5414428710938,730.3885624984215,737.5414428710938,2100,0.0,0.0
2013-12-30 00:00:00+09:00,739.13090451354,741.5151977539062,735.157082446263,741.5151977539062,3300,0.0,0.0
2014-01-06 00:00:00+09:00,751.0523071289062,754.2313645135788,744.6941923595609,751.0523071289062,2300,0.0,0.0
2014-01-07 00:00:00+09:00,751.8471776262114,753.4367065429688,751.0524131678328,753.4367065429688,1600,0.0,0.0
2014-01-08 00:00:00+09:00,746.2837406074033,754.2313842773438,746.2837406074033,754.2313842773438,2200,0.0,0.0
2014-01-09 00:00:00+09:00,754.2313842773438,754.2313842773438,751.0523268093675,754.2313842773438,800,0.0,0.0
2014-01-10 00:00:00+09:00,755.0262354597261,755.0262354597261,752.6419420845901,753.4367065429688,900,0.0,0.0
2014-01-14 00:00:00+09:00,753.4367065429688,756.6157643764834,747.8733553343181,753.4367065429688,3800,0.0,0.0
2014-01-15 00:00:00+09:00,758.2052869126279,758.2052869126279,753.4367002024857,757.4105224609375,3000,0.0,0.0
2014-01-16 00:00:00+09:00,757.4105638236053,769.33203125,757.4105638236053,769.33203125,3200,0.0,0.0
2014-01-17 00:00:00+09:00,761.384300523252,771.7162377954883,761.384300523252,770.126708984375,1700,0.0,0.0
2014-01-20 00:00:00+09:00,778.0743348036356,782.0481567382812,774.1005128689898,782.0481567382812,3700,0.0,0.0
2014-01-21 00:00:00+09:00,782.8429759211681,786.0220336914062,781.2534470360489,786.0220336914062,2500,0.0,0.0
2014-01-22 00:00:00+09:00,789.9958081446094,794.7643945116796,787.6115149610745,793.1748657226562,2900,0.0,0.0
2014-01-23 00:00:00+09:00,801.12251953125,809.8649279785157,794.764404296875,794.764404296875,3900,0.0,0.0
2014-01-24 00:00:00+09:00,790.7907413301014,801.9174452282133,790.7907413301014,801.1226806640625,2300,0.0,0.0
2014-01-27 00:00:00+09:00,790.7905391170289,790.7905391170289,778.8690737032043,782.8428955078125,3000,0.0,0.0
2014-01-28 00:00:00+09:00,782.8429285940044,794.7643945116796,782.8429285940044,793.1748657226562,2200,0.0,0.0
2014-01-29 00:00:00+09:00,793.9696301171679,801.9172740622847,793.1748657226562,793.1748657226562,3300,0.0,0.0
2014-01-30 00:00:00+09:00,793.1748321997937,793.1748321997937,782.8428955078125,782.8428955078125,2100,0.0,0.0
2014-01-31 00:00:00+09:00,801.9172401699318,801.9172401699318,782.8428955078125,782.8428955078125,2200,0.0,0.0
2014-02-03 00:00:00+09:00,786.8166403828362,801.1223974807059,785.2271118164062,785.2271118164062,1100,0.0,0.0
2014-02-04 00:00:00+09:00,783.6376877772956,783.6376877772956,772.510986328125,772.510986328125,3900,0.0,0.0
2014-02-05 00:00:00+09:00,772.510986328125,782.842923388069,772.510986328125,772.510986328125,1400,0.0,0.0
2014-02-06 00:00:00+09:00,774.8952846488876,793.1748657226562,774.1005202543759,793.1748657226562,1100,0.0,0.0
2014-02-07 00:00:00+09:00,796.3539714446806,797.1487358872402,785.2272692488467,786.0220336914062,1900,0.0,0.0
2014-02-10 00:00:00+09:00,797.943442225935,801.9172641493709,791.5853271484375,791.5853271484375,1900,0.0,0.0
2014-02-12 00:00:00+09:00,790.7905725391212,797.1486876952146,790.7905725391212,793.1748657226562,900,0.0,0.0
2014-02-13 00:00:00+09:00,793.1748341700523,793.1748341700523,772.5109607347605,773.3057250976562,2400,0.0,0.0
2014-02-14 00:00:00+09:00,773.3057763898164,775.6900696366504,770.9214831429824,771.7162475585938,1600,0.0,0.0
2014-02-17 00:00:00+09:00,782.8429271787618,786.0219847510614,777.2795764272377,778.0743408203125,1500,0.0,0.0
2014-02-18 00:00:00+09:00,778.0744114991478,779.6639404296875,778.0744114991478,779.6639404296875,500,0.0,0.0
2014-02-19 00:00:00+09:00,779.6639085207304,784.4324951171875,778.8691440879876,784.4324951171875,1400,0.0,0.0
2014-02-20 00:00:00+09:00,782.8428189667612,786.0218760996212,780.4585261171163,785.2271118164062,500,0.0,0.0
2014-02-21 00:00:00+09:00,785.2272436276832,786.8167724609375,785.2272436276832,786.8167724609375,500,0.0,0.0
2014-02-24 00:00:00+09:00,790.7905945440735,792.380123377328,786.8167724609375,786.8167724609375,1300,0.0,0.0
2014-02-25 00:00:00+09:00,786.8167468397215,787.6115112304688,785.2272180582272,787.6115112304688,900,0.0,0.0
2014-02-26 00:00:00+09:00,785.227240033698,790.7905909246249,781.25341796875,781.25341796875,900,0.0,0.0
2014-02-27 00:00:00+09:00,790.7906751421615,790.7906751421615,783.6377946634888,789.9959106445312,300,0.0,0.0
2014-02-28 00:00:00+09:00,788.4062854040785,789.2010498046875,783.6376990004248,789.2010498046875,700,0.0,0.0
2014-03-03 00:00:00+09:00,789.2010400119632,789.2010400119632,786.8167468397215,787.6115112304688,1200,0.0,0.0
2014-03-04 00:00:00+09:00,783.6376598687341,786.8167173124207,782.8428955078125,782.8428955078125,400,0.0,0.0
2014-03-05 00:00:00+09:00,782.8429725165279,786.8167947120432,778.8691503210125,780.4586791992188,1200,0.0,0.0
2014-03-06 00:00:00+09:00,786.0219922022517,789.2010498046875,785.2272278016427,789.2010498046875,500,0.0,0.0
2014-03-07 00:00:00+09:00,786.81685265401,789.9959106445312,786.81685265401,789.9959106445312,300,0.0,0.0
2014-03-10 00:00:00+09:00,790.7907104492188,790.7907104492188,787.6116523167595,790.7907104492188,700,0.0,0.0
2014-03-11 00:00:00+09:00,786.8168877836447,790.7907104492188,785.2273587174152,790.7907104492188,1000,0.0,0.0
2014-03-12 00:00:00+09:00,790.7905945440735,790.7905945440735,786.8167724609375,786.8167724609375,400,0.0,0.0
2014-03-13 00:00:00+09:00,786.8166403828362,790.7904617989111,785.2271118164062,785.2271118164062,1000,0.0,0.0
2014-03-14 00:00:00+09:00,784.4323475331912,786.8166403828362,784.4323475331912,785.2271118164062,1300,0.0,0.0
2014-03-17 00:00:00+09:00,786.816768859677,790.7905909246249,781.25341796875,781.25341796875,1100,0.0,0.0
2014-03-18 00:00:00+09:00,793.9696485765833,793.9696485765833,779.6638891427709,781.25341796875,800,0.0,0.0
2014-03-19 00:00:00+09:00,782.0480446960573,783.6375732421875,782.0480446960573,783.6375732421875,200,0.0,0.0
2014-03-20 00:00:00+09:00,784.4324979341947,784.4324979341947,774.8953247070312,774.8953247070312,1800,0.0,0.0
2014-03-24 00:00:00+09:00,780.458649932361,782.8429431602603,775.6900634765625,775.6900634765625,1000,0.0,0.0
2014-03-25 00:00:00+09:00,775.6900863570162,786.816788415416,775.6900863570162,784.4324951171875,700,0.0,0.0
2014-03-26 00:00:00+09:00,778.8690697293583,788.4062420117586,776.4847766587583,777.279541015625,1400,0.0,0.0
2014-03-27 00:00:00+09:00,775.6900706281566,786.8167724609375,775.6900706281566,786.8167724609375,1600,0.0,0.0
2014-03-28 00:00:00+09:00,785.2272278016427,789.2010498046875,778.8691125967712,789.2010498046875,1400,0.0,0.0
2014-03-31 00:00:00+09:00,792.3800915331246,794.7643846871863,791.5853271484375,791.5853271484375,2300,0.0,0.0
2014-04-01 00:00:00+09:00,793.1748754882813,794.764404296875,793.1748754882813,794.764404296875,800,0.0,0.0
2014-04-02 00:00:00+09:00,817.0177531646789,817.0177531646789,799.5329374354737,805.8910522460938,1400,0.0,0.0
2014-04-03 00:00:00+09:00,797.9435777654696,804.3016939229634,797.9435777654696,798.7383422851562,1100,0.0,0.0
2014-04-04 00:00:00+09:00,806.6859194311766,806.6859194311766,797.1487459994779,802.7120971679688,1000,0.0,0.0
2014-04-07 00:00:00+09:00,809.8649316842648,810.6596960921983,798.7382299731954,800.3277587890625,1500,0.0,0.0
2014-04-08 00:00:00+09:00,800.3276622612956,800.3276622612956,797.1486050129885,799.5328979492188,1300,0.0,0.0
2014-04-09 00:00:00+09:00,799.5329808787496,799.5329808787496,793.1748657226562,793.1748657226562,3100,0.0,0.0
2014-04-10 00:00:00+09:00,794.764404296875,794.764404296875,793.9696398925781,794.764404296875,1500,0.0,0.0
2014-04-11 00:00:00+09:00,794.764404296875,794.764404296875,793.9696398925781,794.764404296875,600,0.0,0.0
2014-04-14 00:00:00+09:00,794.764404296875,794.764404296875,794.764404296875,794.764404296875,1100,0.0,0.0
2014-04-15 00:00:00+09:00,794.7643945116796,794.7643945116796,793.1748657226562,793.1748657226562,1800,0.0,0.0
2014-04-16 00:00:00+09:00,793.9696044921875,794.7643688610485,793.9696044921875,793.9696044921875,500,0.0,0.0
2014-04-17 00:00:00+09:00,793.9696301171679,794.7643945116796,793.1748657226562,793.1748657226562,1700,0.0,0.0
2014-04-18 00:00:00+09:00,794.764404296875,794.764404296875,794.764404296875,794.764404296875,1900,0.0,0.0
2014-04-21 00:00:00+09:00,805.8911158396098,805.8911158396098,796.3539428710938,796.3539428710938,500,0.0,0.0
2014-04-22 00:00:00+09:00,804.3015392692106,805.0963036360773,797.9434243342761,803.5067749023438,800,0.0,0.0
2014-04-23 00:00:00+09:00,806.6859194311766,810.6597416943844,802.7120971679688,802.7120971679688,1200,0.0,0.0
2014-04-24 00:00:00+09:00,808.2753295898438,808.2753295898438,804.3015079104443,808.2753295898438,900,0.0,0.0
2014-04-25 00:00:00+09:00,808.2753808232951,813.0439671408367,806.6858520507812,806.6858520507812,800,0.0,0.0
2014-04-28 00:00:00+09:00,812.2492578843061,812.2492578843061,807.4806712431066,810.6597290039062,1400,0.0,0.0
2014-04-30 00:00:00+09:00,810.6596423830038,811.4544067382812,810.6596423830038,811.4544067382812,800,0.0,0.0
2014-05-01 00:00:00+09:00,812.2492454158449,820.1968896958434,812.2492454158449,818.6073608398438,2400,0.0,0.0
2014-05-02 00:00:00+09:00,821.7862738327754,834.5025024414062,820.9915095447359,834.5025024414062,2300,0.0,0.0
2014-05-07 00:00:00+09:00,836.8870564545465,837.6818209905907,830.5289401661929,832.1184692382812,1900,0.0,0.0
2014-05-08 00:00:00+09:00,838.4764501883833,843.2450366349523,838.4764501883833,840.0659790039062,2400,0.0,0.0
2014-05-09 00:00:00+09:00,846.4239592459381,857.5506591796875,846.4239592459381,857.5506591796875,700,0.0,0.0
2014-05-12 00:00:00+09:00,857.5507060683776,857.5507060683776,850.3978271484375,850.3978271484375,2900,0.0,0.0
2014-05-13 00:00:00+09:00,850.3978942011444,858.3455380721831,846.424072265625,846.424072265625,2000,0.0,0.0
2014-05-14 00:00:00+09:00,798.7382387103457,806.6858828766178,780.4586571279199,786.8167724609375,17100,0.0,0.0
2014-05-15 00:00:00+09:00,770.9214319443753,770.9214319443753,746.2837366966685,748.6680297851562,14900,0.0,0.0
2014-05-16 00:00:00+09:00,717.6723405689361,731.1833370137555,717.6723405689361,724.0304565429688,9000,0.0,0.0
2014-05-19 00:00:00+09:00,720.0564773727249,728.0041206108344,720.0564773727249,723.2355346679688,5500,0.0,0.0
2014-05-20 00:00:00+09:00,724.0302933156164,727.2093505859375,721.6460003628757,727.2093505859375,2200,0.0,0.0
2014-05-21 00:00:00+09:00,727.2093761619384,727.2093761619384,724.0303187798097,726.4146118164062,900,0.0,0.0
2014-05-22 00:00:00+09:00,729.5938010475852,743.1047973632812,728.7990365584266,743.1047973632812,1400,0.0,0.0
2014-05-23 00:00:00+09:00,739.130859375,744.6942099294355,735.1570375504033,739.130859375,1800,0.0,0.0
2014-05-26 00:00:00+09:00,739.13090451354,743.1047265808171,738.3361401000845,741.5151977539062,1700,0.0,0.0
2014-05-27 00:00:00+09:00,741.5152683849641,743.1047973632812,738.3362104283297,743.1047973632812,2000,0.0,0.0
2014-05-28 00:00:00+09:00,743.8995138911878,762.9738604012182,743.8995138911878,750.2576293945312,3100,0.0,0.0
2014-05-29 00:00:00+09:00,751.0522406327096,756.6155905633224,750.2574763569079,755.0260620117188,1400,0.0,0.0
2014-05-30 00:00:00+09:00,756.6155905633224,757.4103548391241,755.0260620117188,755.0260620117188,900,0.0,0.0
2014-06-02 00:00:00+09:00,759.794744738269,759.794744738269,755.8209228515625,755.8209228515625,1000,0.0,0.0
2014-06-03 00:00:00+09:00,756.6157803990535,766.1529541015625,755.8210159238444,766.1529541015625,1900,0.0,0.0
2014-06-04 00:00:00+09:00,758.9999917112751,774.8952794958044,758.9999917112751,772.510986328125,2100,0.0,0.0
2014-06-05 00:00:00+09:00,776.4848535782252,782.0482046274038,772.5110314002403,774.8953247070312,3900,0.0,0.0
2014-06-06 00:00:00+09:00,778.0743518066406,802.7120483398437,774.8952941894531,794.764404296875,5900,0.0,0.0
2014-06-09 00:00:00+09:00,806.6859068029067,810.6597290039062,797.9434979607078,810.6597290039062,5200,0.0,0.0
2014-06-10 00:00:00+09:00,810.6597386787548,812.249267578125,802.7120941819043,812.249267578125,2500,0.0,0.0
2014-06-11 00:00:00+09:00,805.0963403533433,819.402099609375,805.0963403533433,819.402099609375,4300,0.0,0.0
2014-06-12 00:00:00+09:00,812.2492392719655,823.3759411798007,812.2492392719655,822.5811767578125,1500,0.0,0.0
2014-06-13 00:00:00+09:00,823.375891714385,842.4502366961855,819.4020698431767,839.2711791992188,12400,0.0,0.0
2014-06-16 00:00:00+09:00,844.0398878088663,855.9613551507995,842.4503588299419,854.371826171875,7100,0.0,0.0
2014-06-17 00:00:00+09:00,854.3716727088272,862.3193161758861,846.4240292417684,859.1402587890625,3400,0.0,0.0
2014-06-18 00:00:00+09:00,861.5245813897913,874.2408113734044,861.5245813897913,863.9088745117188,2700,0.0,0.0
2014-06-19 00:00:00+09:00,863.9088646673388,866.2931577620968,862.3193359375,862.3193359375,8500,0.0,0.0
2014-06-20 00:00:00+09:00,858.3456764914772,882.1886119495738,858.3456764914772,874.240966796875,6600,0.0,0.0
2014-06-23 00:00:00+09:00,873.4460170297685,873.4460170297685,858.3454944423567,859.1402587890625,2700,0.0,0.0
2014-06-24 00:00:00+09:00,859.1403872692009,861.5246806658777,850.3979781480527,855.1665649414062,2800,0.0,0.0
2014-06-25 00:00:00+09:00,851.1925914728754,854.3716487706265,850.3978271484375,850.3978271484375,2000,0.0,0.0
2014-06-26 00:00:00+09:00,847.2189074215089,850.3979652354732,844.8346140610356,848.013671875,2600,0.0,0.0
2014-06-27 00:00:00+09:00,835.2974889349548,835.2974889349548,825.7603149414062,825.7603149414062,4000,0.0,0.0
2014-06-30 00:00:00+09:00,820.991647913836,825.7602344457654,817.8125902258831,822.5811767578125,2900,0.0,0.0
2014-07-01 00:00:00+09:00,824.1708021127118,828.9393892030457,818.6074505073223,823.3760375976562,1700,0.0,0.0
2014-07-02 00:00:00+09:00,823.3759926337125,824.9655215770208,794.7644716541627,820.99169921875,4100,0.0,0.0
2014-07-03 00:00:00+09:00,812.2492005404849,820.19684438139,812.2492005404849,816.2230224609375,1500,0.0,0.0
2014-07-04 00:00:00+09:00,813.0439915707237,830.52880859375,813.0439915707237,830.52880859375,2100,0.0,0.0
2014-07-07 00:00:00+09:00,830.5286810012091,834.5025024414062,827.3496238490513,834.5025024414062,2500,0.0,0.0
2014-07-08 00:00:00+09:00,834.5026281495757,846.4240942659983,834.5026281495757,840.0659790039062,2700,0.0,0.0
2014-07-09 00:00:00+09:00,842.4502503301056,846.424072265625,836.0921352332746,846.424072265625,1100,0.0,0.0
2014-07-10 00:00:00+09:00,846.4241298971194,846.4241298971194,840.0660143673758,840.8607788085938,700,0.0,0.0
2014-07-11 00:00:00+09:00,844.8345654504752,844.8345654504752,832.9130993340527,840.0659790039062,1000,0.0,0.0
2014-07-14 00:00:00+09:00,834.5026124198482,842.4502563476562,834.5026124198482,842.4502563476562,1100,0.0,0.0
2014-07-15 00:00:00+09:00,842.450254070225,851.9874267578125,835.2973745545345,851.9874267578125,1300,0.0,0.0
2014-07-16 00:00:00+09:00,850.3979235737263,854.3717456465008,842.4502794281775,851.1926879882812,2600,0.0,0.0
2014-07-17 00:00:00+09:00,850.3977806508486,858.3454234606696,844.0396664029918,857.5506591796875,6000,0.0,0.0
2014-07-18 00:00:00+09:00,850.3979972556784,860.7299355400933,850.3979972556784,858.3456420898438,1600,0.0,0.0
2014-07-22 00:00:00+09:00,858.3456037680453,867.0880126953125,858.3456037680453,867.0880126953125,1900,0.0,0.0
2014-07-23 00:00:00+09:00,867.087932007622,867.087932007622,863.9088745117188,863.9088745117188,1100,0.0,0.0
2014-07-24 00:00:00+09:00,863.9089900984432,867.8828125,862.3194611378204,867.8828125,1900,0.0,0.0
2014-07-25 00:00:00+09:00,867.882741721617,867.882741721617,864.703684059633,866.293212890625,1900,0.0,0.0
2014-07-28 00:00:00+09:00,863.9090280983664,875.0357313121449,863.9090280983664,874.240966796875,4100,0.0,0.0
2014-07-29 00:00:00+09:00,867.088086159446,874.240966796875,867.088086159446,874.240966796875,1500,0.0,0.0
2014-07-30 00:00:00+09:00,877.4199764709197,886.1623856567712,875.0356830565966,881.393798828125,3700,0.0,0.0
2014-07-31 00:00:00+09:00,886.957287109375,894.1101684570312,886.957287109375,894.1101684570312,2400,0.0,0.0
2014-08-01 00:00:00+09:00,894.1099668803968,906.0314331054688,889.3413803903679,906.0314331054688,9000,0.0,0.0
2014-08-04 00:00:00+09:00,905.2367329713564,905.2367329713564,881.393798828125,881.393798828125,1800,0.0,0.0
2014-08-05 00:00:00+09:00,882.1885568834507,897.2890817310052,882.1885568834507,885.3676147460938,1500,0.0,0.0
2014-08-06 00:00:00+09:00,885.3675731461036,888.546630859375,880.5989865761964,888.546630859375,1100,0.0,0.0
2014-08-07 00:00:00+09:00,879.8042698852429,882.188563299566,879.8042698852429,881.393798828125,700,0.0,0.0
2014-08-08 00:00:00+09:00,879.8042859703463,881.3938149422892,876.6252280264607,879.009521484375,1500,0.0,0.0
2014-08-11 00:00:00+09:00,879.0094507189764,881.3937439849411,877.419921875,877.419921875,1900,0.0,0.0
2014-08-12 00:00:00+09:00,876.6251502920728,879.0094435385607,862.319390813145,866.293212890625,3500,0.0,0.0
2014-08-13 00:00:00+09:00,866.2930662704906,866.2930662704906,852.7820734937949,857.5506591796875,5400,0.0,0.0
2014-08-14 00:00:00+09:00,858.3454731082128,880.5988742628701,858.3454731082128,865.4983520507812,3700,0.0,0.0
2014-08-15 00:00:00+09:00,874.240966796875,875.8304958274148,867.088086159446,874.240966796875,3600,0.0,0.0
2014-08-18 00:00:00+09:00,871.0617419845316,876.6250925264036,871.0617419845316,871.8565063476562,1700,0.0,0.0
2014-08-19 00:00:00+09:00,872.6514377663352,874.240966796875,871.8566732510653,874.240966796875,1200,0.0,0.0
2014-08-20 00:00:00+09:00,874.2407581353599,875.0355224609375,867.0878792051615,875.0355224609375,3300,0.0,0.0
2014-08-21 00:00:00+09:00,875.8303380381313,875.8303380381313,873.446044921875,873.446044921875,600,0.0,0.0
2014-08-22 00:00:00+09:00,874.240966796875,876.6252603426847,874.240966796875,874.240966796875,2600,0.0,0.0
2014-08-25 00:00:00+09:00,875.0355307814252,886.1622314453125,875.0355307814252,886.1622314453125,2500,0.0,0.0
2014-08-26 00:00:00+09:00,887.751963556463,887.751963556463,874.240966796875,874.240966796875,1600,0.0,0.0
2014-08-27 00:00:00+09:00,875.0355307814252,886.9569957784473,875.0355307814252,886.1622314453125,1400,0.0,0.0
2014-08-28 00:00:00+09:00,886.162185943384,889.3412431126876,882.1883644817545,883.7778930664062,1700,0.0,0.0
2014-08-29 00:00:00+09:00,889.3415269579207,890.1362915039062,887.7519978659494,890.1362915039062,1400,0.0,0.0
2014-09-01 00:00:00+09:00,890.1362915039062,890.1362915039062,887.7519978659494,890.1362915039062,1600,0.0,0.0
2014-09-02 00:00:00+09:00,890.135981721698,890.135981721698,877.4197534113881,884.5726318359375,3000,0.0,0.0
2014-09-03 00:00:00+09:00,884.5728567138891,884.5728567138891,876.6252119994787,881.393798828125,1900,0.0,0.0
2014-09-04 00:00:00+09:00,875.0357313121449,878.2147893732244,874.240966796875,874.240966796875,1300,0.0,0.0
2014-09-05 00:00:00+09:00,874.2409345685465,879.009521484375,874.2409345685465,879.009521484375,1300,0.0,0.0
2014-09-08 00:00:00+09:00,878.2147153562253,882.9833020459424,873.4461286665082,882.1885375976562,1600,0.0,0.0
2014-09-09 00:00:00+09:00,881.3937305467857,881.3937305467857,870.2670288085938,870.2670288085938,1300,0.0,0.0
2014-09-10 00:00:00+09:00,859.1402862243375,873.446044921875,859.1402862243375,873.446044921875,1200,0.0,0.0
2014-09-11 00:00:00+09:00,870.2670288085938,873.4460864480772,867.8827355789812,870.2670288085938,700,0.0,0.0
2014-09-12 00:00:00+09:00,873.446044921875,873.446044921875,867.8826943172771,873.446044921875,1500,0.0,0.0
2014-09-16 00:00:00+09:00,862.3193359375,866.2931577620968,858.3455141129033,862.3193359375,3900,0.0,0.0
2014-09-17 00:00:00+09:00,857.5507497479839,864.703629032258,839.2711693548388,862.3193359375,3200,0.0,0.0
2014-09-18 00:00:00+09:00,858.3454944423567,859.1402587890625,844.0397362016507,859.1402587890625,2600,0.0,0.0
2014-09-19 00:00:00+09:00,850.3979395034161,858.3455837978406,848.8084106445312,848.8084106445312,2600,0.0,0.0
2014-09-22 00:00:00+09:00,845.6292014256709,845.6292014256709,842.4501442774541,844.0396728515625,3700,0.0,0.0
2014-09-24 00:00:00+09:00,844.0398205785004,844.0398205785004,842.450291726187,843.2450561523438,24000,0.0,0.0
2014-09-25 00:00:00+09:00,841.6555432498118,844.0398365734655,838.4764854849399,840.8607788085938,7800,0.0,0.0
2014-09-26 00:00:00+09:00,769.3319770517757,801.1225546158986,764.5633904171573,780.4586791992188,14100,0.0,0.0
2014-09-29 00:00:00+09:00,780.4586924940053,802.7120971679688,774.8953413255144,802.7120971679688,9300,0.0,0.0
2014-09-30 00:00:00+09:00,801.9172839355468,806.6858703613282,793.1748754882813,794.764404296875,4300,0.0,0.0
2014-10-01 00:00:00+09:00,786.8167724609375,793.1748877939552,776.4848350447838,786.8167724609375,1000,0.0,0.0
2014-10-02 00:00:00+09:00,778.869146885016,786.8167912409855,774.8953247070312,774.8953247070312,1300,0.0,0.0
2014-10-03 00:00:00+09:00,770.9214575496721,772.510986328125,770.9214575496721,772.510986328125,1200,0.0,0.0
2014-10-06 00:00:00+09:00,772.5110470430549,772.5110470430549,757.4105224609375,757.4105224609375,1900,0.0,0.0
2014-10-07 00:00:00+09:00,755.8209999181048,757.4105288348621,752.6419420845901,753.4367065429688,1900,0.0,0.0
2014-10-08 00:00:00+09:00,751.8470714750744,753.4366001674107,751.0523071289062,751.0523071289062,1500,0.0,0.0
2014-10-09 00:00:00+09:00,755.026128859747,755.026128859747,751.0523071289062,751.0523071289062,2000,0.0,0.0
2014-10-10 00:00:00+09:00,748.6680297851562,748.6680297851562,747.873265422327,748.6680297851562,700,0.0,0.0
2014-10-14 00:00:00+09:00,745.489044530813,745.489044530813,710.5194091796875,710.5194091796875,8000,0.0,0.0
2014-10-15 00:00:00+09:00,707.3402827869761,707.3402827869761,697.0083460721103,699.3926391601562,2900,0.0,0.0
2014-10-16 00:00:00+09:00,697.0084683620971,700.1875263705901,684.292236328125,684.292236328125,2200,0.0,0.0
2014-10-17 00:00:00+09:00,684.2920599480941,684.2920599480941,669.9863025972628,670.7810668945312,19600,0.0,0.0
2014-10-20 00:00:00+09:00,671.5757753283532,707.3401657304548,651.7066695494078,666.8071899414062,6400,0.0,0.0
2014-10-21 00:00:00+09:00,666.8074049255657,680.3184012113043,666.8074049255657,677.1393432617188,1900,0.0,0.0
2014-10-22 00:00:00+09:00,677.1392832076098,704.9560377994717,677.1392832076098,692.2398071289062,3900,0.0,0.0
2014-10-23 00:00:00+09:00,692.2398584039362,707.3403834437464,688.2660360250387,705.7508544921875,1600,0.0,0.0
2014-10-24 00:00:00+09:00,707.3402627744631,716.0826705166194,688.2659186097585,696.2135620117188,2100,0.0,0.0
2014-10-27 00:00:00+09:00,701.7769872633078,705.7508093882416,699.3926939883474,703.3665161132812,600,0.0,0.0
2014-10-28 00:00:00+09:00,703.3664904867823,713.6984276351757,703.3664904867823,704.1612548828125,600,0.0,0.0
2014-10-29 00:00:00+09:00,704.9561223659385,707.3404159026892,700.9822998046875,700.9822998046875,700,0.0,0.0
2014-10-30 00:00:00+09:00,700.9822998046875,701.7770643169378,700.9822998046875,700.9822998046875,400,0.0,0.0
2014-10-31 00:00:00+09:00,699.3927195277149,709.7246574298289,691.4450749876272,702.57177734375,2000,0.0,0.0
2014-11-04 00:00:00+09:00,716.8775050474017,718.4670338834269,703.3665099411868,707.34033203125,5700,0.0,0.0
2014-11-05 00:00:00+09:00,707.3403801812066,715.2880249023438,707.3403801812066,715.2880249023438,1800,0.0,0.0
2014-11-06 00:00:00+09:00,715.288005556379,718.4670633588518,712.1089477539062,712.1089477539062,1400,0.0,0.0
2014-11-07 00:00:00+09:00,711.3141283576872,727.2094161422165,708.1350708007812,708.1350708007812,1800,0.0,0.0
2014-11-10 00:00:00+09:00,709.7247409245156,714.4933282095627,709.7247409245156,711.3142700195312,1300,0.0,0.0
2014-11-11 00:00:00+09:00,711.3142700195312,711.3142700195312,705.7509181869763,711.3142700195312,2000,0.0,0.0
2014-11-12 00:00:00+09:00,710.5193639684607,711.3141283576872,704.161248854649,708.1350708007812,4100,0.0,0.0
2014-11-13 00:00:00+09:00,707.3403514204942,710.5194091796875,702.5717647817044,710.5194091796875,2900,0.0,0.0
2014-11-14 00:00:00+09:00,711.3140698108044,723.2355346679688,711.3140698108044,723.2355346679688,2100,0.0,0.0
2014-11-17 00:00:00+09:00,723.2355102946417,723.2355102946417,712.9035744332896,714.4931030273438,2000,0.0,0.0
2014-11-18 00:00:00+09:00,709.7246510491731,712.1089443897638,705.7508288148551,706.5455932617188,2000,0.0,0.0
2014-11-19 00:00:00+09:00,706.545551774216,709.724609375,705.7507873740201,709.724609375,2000,0.0,0.0
2014-11-20 00:00:00+09:00,705.7507776331018,708.1350708007812,701.7769556869696,708.1350708007812,1000,0.0,0.0
2014-11-21 00:00:00+09:00,708.1351026632018,708.1351026632018,701.7769872633078,703.3665161132812,2200,0.0,0.0
2014-11-25 00:00:00+09:00,703.3663840202081,705.7506768473953,700.982091193021,701.77685546875,2900,0.0,0.0
2014-11-26 00:00:00+09:00,701.7769899838022,701.7769899838022,693.829345703125,693.829345703125,1500,0.0,0.0
2014-11-27 00:00:00+09:00,693.0345812750572,693.829345703125,688.2659947066509,693.829345703125,4200,0.0,0.0
2014-11-28 00:00:00+09:00,675.549719799524,691.4450073242188,675.549719799524,691.4450073242188,10900,0.0,0.0
2014-12-01 00:00:00+09:00,680.318330078125,680.318330078125,675.5497436523438,675.5497436523438,5600,0.0,0.0
2014-12-02 00:00:00+09:00,670.7811475070018,679.5235558275907,667.6020899358786,673.960205078125,12300,0.0,0.0
2014-12-03 00:00:00+09:00,670.781163322855,673.960220968935,670.781163322855,671.575927734375,5500,0.0,0.0
2014-12-04 00:00:00+09:00,670.781163322855,672.370692145895,667.6021056767752,671.575927734375,7200,0.0,0.0
2014-12-05 00:00:00+09:00,671.5758411596853,673.1653697778147,669.9863125415558,672.37060546875,4100,0.0,0.0
2014-12-08 00:00:00+09:00,664.42305414109,669.1916406540644,664.42305414109,667.6021118164062,4600,0.0,0.0
2014-12-09 00:00:00+09:00,663.6283664862885,667.6021890400986,662.8336019755264,665.2178955078125,5600,0.0,0.0
2014-12-10 00:00:00+09:00,660.4493084432404,665.2178955078125,660.4493084432404,665.2178955078125,6600,0.0,0.0
2014-12-11 00:00:00+09:00,662.0387926719172,663.6283215858954,661.2440282149281,662.8335571289062,2700,0.0,0.0
2014-12-12 00:00:00+09:00,662.0387547961354,671.575927734375,662.0387547961354,671.575927734375,4600,0.0,0.0
2014-12-15 00:00:00+09:00,671.575943681803,672.3707081121956,668.3968859602323,669.191650390625,7400,0.0,0.0
2014-12-16 00:00:00+09:00,669.1914826348797,670.7810110971953,666.8071899414062,666.8071899414062,2400,0.0,0.0
2014-12-17 00:00:00+09:00,666.807255305297,673.1653697778147,665.2177266871676,672.37060546875,3200,0.0,0.0
2014-12-18 00:00:00+09:00,673.1654565574149,673.1654565574149,667.6021056767752,671.575927734375,1800,0.0,0.0
2014-12-19 00:00:00+09:00,673.9601340868794,673.9601340868794,669.1915482324911,672.37060546875,1500,0.0,0.0
2014-12-22 00:00:00+09:00,662.833569944117,673.9602725570877,662.833569944117,669.9864501953125,4700,0.0,0.0
2014-12-24 00:00:00+09:00,668.396774002726,670.7810668945312,667.6020097054576,670.7810668945312,5700,0.0,0.0
2014-12-25 00:00:00+09:00,670.781163322855,671.575927734375,667.6021056767752,671.575927734375,3200,0.0,0.0
2014-12-26 00:00:00+09:00,671.575927734375,674.754985380455,670.781163322855,671.575927734375,1200,0.0,0.0
2014-12-29 00:00:00+09:00,671.5758747993442,683.4973400324687,671.5758747993442,682.7025756835938,1300,0.0,0.0
2014-12-30 00:00:00+09:00,681.907834809402,691.4450073242188,681.907834809402,691.4450073242188,2400,0.0,0.0
2015-01-05 00:00:00+09:00,691.4450524189218,695.4188745592604,691.4450524189218,693.829345703125,1500,0.0,0.0
2015-01-06 00:00:00+09:00,693.829335962727,699.3926868810994,691.4450427119959,692.2398071289062,1600,0.0,0.0
2015-01-07 00:00:00+09:00,691.4450427119959,698.597922464189,691.4450427119959,692.2398071289062,600,0.0,0.0
2015-01-08 00:00:00+09:00,693.829345703125,693.829345703125,691.4450524189218,693.829345703125,1000,0.0,0.0
2015-01-09 00:00:00+09:00,694.6240648291576,697.8031223340967,691.4450073242188,691.4450073242188,600,0.0,0.0
2015-01-13 00:00:00+09:00,676.3444959773574,683.4973754882812,676.3444959773574,683.4973754882812,1100,0.0,0.0
2015-01-14 00:00:00+09:00,689.0608233408645,689.0608233408645,680.3184138175087,684.292236328125,1800,0.0,0.0
2015-01-15 00:00:00+09:00,682.702716849494,697.8032426005306,679.5236587966442,685.8817749023438,1400,0.0,0.0
2015-01-16 00:00:00+09:00,684.2922458759189,685.8817749023438,684.2922458759189,685.8817749023438,400,0.0,0.0
2015-01-19 00:00:00+09:00,685.8816686585892,685.8816686585892,683.4973754882812,683.4973754882812,500,0.0,0.0
2015-01-20 00:00:00+09:00,680.3184012113043,680.3184012113043,677.1393432617188,677.1393432617188,800,0.0,0.0
2015-01-21 00:00:00+09:00,676.3445080566406,677.1392724609375,675.5497436523438,675.5497436523438,17500,0.0,0.0
2015-01-22 00:00:00+09:00,674.7549438476562,674.7549438476562,674.7549438476562,674.7549438476562,400,0.0,0.0
2015-01-23 00:00:00+09:00,671.5758411596853,674.7548983959441,671.5758411596853,672.37060546875,800,0.0,0.0
2015-01-26 00:00:00+09:00,671.5758805643479,684.2921102555072,671.5758805643479,678.728759765625,1800,0.0,0.0
2015-01-27 00:00:00+09:00,676.3446101370574,687.4713134765625,676.3446101370574,687.4713134765625,1400,0.0,0.0
2015-01-28 00:00:00+09:00,675.5497436523438,675.5497436523438,675.5497436523438,675.5497436523438,100,0.0,0.0
2015-01-29 00:00:00+09:00,679.5236367239079,680.3184012113043,673.9602853121332,677.1393432617188,2200,0.0,0.0
2015-01-30 00:00:00+09:00,677.1393175740036,677.93408203125,676.3445531167571,677.93408203125,400,0.0,0.0
2015-02-02 00:00:00+09:00,680.318359375,687.4712393216997,680.318359375,680.318359375,1500,0.0,0.0
2015-02-03 00:00:00+09:00,680.3182826369689,682.7025756835938,680.3182826369689,682.7025756835938,1000,0.0,0.0
2015-02-04 00:00:00+09:00,685.8817491884585,686.676513671875,681.9079267713759,686.676513671875,1600,0.0,0.0
2015-02-05 00:00:00+09:00,688.2660780008129,688.2660780008129,685.8817844280618,687.4713134765625,1600,0.0,0.0
2015-02-06 00:00:00+09:00,688.2660780008129,688.2660780008129,683.4974908553107,687.4713134765625,1100,0.0,0.0
2015-02-09 00:00:00+09:00,683.4974657799587,684.2922302750517,671.575998353564,673.16552734375,2000,0.0,0.0
2015-02-10 00:00:00+09:00,669.1916284179688,675.5497436523438,669.1916284179688,675.5497436523438,700,0.0,0.0
2015-02-12 00:00:00+09:00,673.9602725570877,675.5498015017979,669.9864501953125,669.9864501953125,1200,0.0,0.0
2015-02-13 00:00:00+09:00,669.9864050728934,671.5759339105515,667.6021118164062,667.6021118164062,2500,0.0,0.0
2015-02-16 00:00:00+09:00,669.1914826348797,669.1914826348797,666.8071899414062,666.8071899414062,2600,0.0,0.0
2015-02-17 00:00:00+09:00,667.6021056767752,671.575927734375,667.6021056767752,671.575927734375,1000,0.0,0.0
2015-02-18 00:00:00+09:00,666.8071899414062,667.6019541725641,665.2176614790906,666.8071899414062,2800,0.0,0.0
2015-02-19 00:00:00+09:00,666.0126600185746,666.0126600185746,664.4231309970505,665.2178955078125,1800,0.0,0.0
2015-02-20 00:00:00+09:00,663.6283569335938,664.4231214329154,663.6283569335938,663.6283569335938,2400,0.0,0.0
2015-02-23 00:00:00+09:00,663.6283376902593,663.6283376902593,658.8597508326047,660.4492797851562,5000,0.0,0.0
2015-02-24 00:00:00+09:00,661.244044261432,663.6283376902593,658.8597508326047,660.4492797851562,2100,0.0,0.0
2015-02-25 00:00:00+09:00,661.2440985720694,664.4231567382812,661.2440985720694,664.4231567382812,1000,0.0,0.0
2015-02-26 00:00:00+09:00,665.217818559919,667.6021118164062,664.42305414109,667.6021118164062,1200,0.0,0.0
2015-02-27 00:00:00+09:00,661.2440634356287,667.6021794302021,661.2440634356287,663.6283569335938,1700,0.0,0.0
2015-03-02 00:00:00+09:00,660.4490760921437,666.8071899414062,660.4490760921437,666.8071899414062,1100,0.0,0.0
2015-03-03 00:00:00+09:00,668.3968859602323,669.191650390625,666.807357099447,669.191650390625,900,0.0,0.0
2015-03-04 00:00:00+09:00,668.3967895507812,669.1915538665372,668.3967895507812,668.3967895507812,500,0.0,0.0
2015-03-05 00:00:00+09:00,668.3968700882951,671.575927734375,668.3968700882951,671.575927734375,700,0.0,0.0
2015-03-06 00:00:00+09:00,672.3706111295612,672.3706111295612,668.3967895507812,668.3967895507812,1100,0.0,0.0
2015-03-09 00:00:00+09:00,667.6021118164062,668.3968762352353,667.6021118164062,667.6021118164062,1300,0.0,0.0
2015-03-10 00:00:00+09:00,667.6021118164062,667.6021118164062,667.6021118164062,667.6021118164062,800,0.0,0.0
2015-03-11 00:00:00+09:00,668.3967895507812,669.1915538665372,668.3967895507812,668.3967895507812,700,0.0,0.0
2015-03-12 00:00:00+09:00,669.1916406540644,674.7549915858677,667.6021118164062,667.6021118164062,2700,0.0,0.0
2015-03-13 00:00:00+09:00,667.6021567782473,671.5759791400226,667.6021567782473,669.9864501953125,1100,0.0,0.0
2015-03-16 00:00:00+09:00,667.6021694129621,677.1393432617188,667.6021694129621,677.1393432617188,3800,0.0,0.0
2015-03-17 00:00:00+09:00,676.344482421875,677.9340111702224,673.1654249251799,676.344482421875,1900,0.0,0.0
2015-03-18 00:00:00+09:00,677.9340012980574,679.5235300232581,672.3706507598554,674.7549438476562,4400,0.0,0.0
2015-03-19 00:00:00+09:00,667.6021118164062,673.9602271670386,667.6021118164062,667.6021118164062,1800,0.0,0.0
2015-03-20 00:00:00+09:00,671.5760019268105,671.5760019268105,663.6283569335938,663.6283569335938,1600,0.0,0.0
2015-03-23 00:00:00+09:00,665.2178859322371,666.0126504315588,663.6283569335938,663.6283569335938,1100,0.0,0.0
2015-03-24 00:00:00+09:00,666.8071899414062,669.1914826348797,666.8071899414062,666.8071899414062,1100,0.0,0.0
2015-03-25 00:00:00+09:00,664.42305414109,670.7811694917224,664.42305414109,667.6021118164062,700,0.0,0.0
2015-03-26 00:00:00+09:00,667.6021890400986,667.6021890400986,662.0388374647645,665.2178955078125,11600,0.0,0.0
2015-03-27 00:00:00+09:00,672.4049584408057,672.4049584408057,663.6205706226954,670.0092163085938,1800,4.0,0.0
2015-03-30 00:00:00+09:00,666.0163444794804,666.0163444794804,662.822021484375,662.822021484375,2000,0.0,0.0
2015-03-31 00:00:00+09:00,666.8148934656446,670.0092163085938,666.0163127549073,670.0092163085938,4000,0.0,0.0
2015-04-01 00:00:00+09:00,665.2178218091498,670.8078875386384,662.0234985351562,662.0234985351562,3300,0.0,0.0
2015-04-02 00:00:00+09:00,657.2319852564665,665.2177930967638,634.8717233036341,639.6632080078125,56600,0.0,0.0
2015-04-03 00:00:00+09:00,642.8575766865333,642.8575766865333,630.8788640774675,635.6703491210938,17700,0.0,0.0
2015-04-06 00:00:00+09:00,635.6702653427994,635.6702653427994,618.1014891649834,630.0802001953125,18600,0.0,0.0
2015-04-07 00:00:00+09:00,628.4830387246019,630.8787809306677,616.5043276942728,630.0802001953125,17500,0.0,0.0
2015-04-08 00:00:00+09:00,623.6916178642949,634.0731684817544,623.6916178642949,630.8788452148438,6000,0.0,0.0
2015-04-09 00:00:00+09:00,635.6703491210938,641.2604150053245,633.2746065992806,635.6703491210938,4500,0.0,0.0
2015-04-10 00:00:00+09:00,635.6703585169939,638.0661010742188,631.6774542549525,638.0661010742188,3200,0.0,0.0
2015-04-13 00:00:00+09:00,638.0659888212817,642.0588923808642,637.2674081093653,640.4617309570312,2500,0.0,0.0
2015-04-14 00:00:00+09:00,642.0589631453804,648.447609544837,637.267478345788,642.8575439453125,6500,0.0,0.0
2015-04-15 00:00:00+09:00,643.6561215528801,644.4547023488515,642.0589599609375,642.0589599609375,2100,0.0,0.0
2015-04-16 00:00:00+09:00,642.8575502984143,646.0518735297107,641.260388682766,644.4547119140625,2300,0.0,0.0
2015-04-17 00:00:00+09:00,644.4547604837571,644.4547604837571,638.8646944076899,641.2604370117188,2600,0.0,0.0
2015-04-20 00:00:00+09:00,641.2604213322613,642.8575830292284,637.2675170898438,637.2675170898438,2100,0.0,0.0
2015-04-21 00:00:00+09:00,640.4618373282133,640.4618373282133,634.0731905718221,636.4689331054688,3000,0.0,0.0
2015-04-22 00:00:00+09:00,641.2604150053245,641.2604150053245,635.6703491210938,635.6703491210938,2900,0.0,0.0
2015-04-23 00:00:00+09:00,635.6703459733687,635.6703459733687,632.4760226267689,634.8717651367188,3100,0.0,0.0
2015-04-24 00:00:00+09:00,635.6702204399205,636.4688011188651,633.2744784030866,634.0730590820312,1400,0.0,0.0
2015-04-27 00:00:00+09:00,636.4689299616981,637.2675108023026,634.8717682804894,635.6703491210938,2500,0.0,0.0
2015-04-28 00:00:00+09:00,635.6703440020161,636.4689248361896,618.900146484375,618.900146484375,10000,0.0,0.0
2015-04-30 00:00:00+09:00,559.006576234126,610.9143297415806,540.639217300719,601.3313598632812,46400,0.0,0.0
2015-05-01 00:00:00+09:00,578.9711008915284,598.1370407831101,578.9711008915284,586.9569091796875,7100,0.0,0.0
2015-05-07 00:00:00+09:00,577.3739894909805,579.7697321859639,568.589599609375,568.589599609375,8600,0.0,0.0
2015-05-08 00:00:00+09:00,567.7909225463867,579.769633992513,564.5965994940864,574.9781494140625,7200,0.0,0.0
2015-05-11 00:00:00+09:00,574.9781786421655,574.9781786421655,564.5966281944598,566.9923706054688,6500,0.0,0.0
2015-05-12 00:00:00+09:00,562.9994252806936,571.7838134765625,562.9994252806936,571.7838134765625,3300,0.0,0.0
2015-05-13 00:00:00+09:00,571.7838134765625,573.3809749667205,566.9923290060885,571.7838134765625,2200,0.0,0.0
2015-05-14 00:00:00+09:00,568.5894231716123,571.7837457737,566.9922618705685,570.1865844726562,2300,0.0,0.0
2015-05-15 00:00:00+09:00,573.3809651806846,573.3809651806846,568.5894807919881,569.3880615234375,1200,0.0,0.0
2015-05-18 00:00:00+09:00,570.9852294921875,570.9852294921875,567.7909065299934,570.9852294921875,2100,0.0,0.0
2015-05-19 00:00:00+09:00,570.186648751639,570.9852294921875,570.186648751639,570.9852294921875,2400,0.0,0.0
2015-05-20 00:00:00+09:00,568.589599609375,570.9853423043584,567.7910187110473,568.589599609375,2300,0.0,0.0
2015-05-21 00:00:00+09:00,568.5894904962465,573.3809749667205,568.5894904962465,571.7838134765625,1800,0.0,0.0
2015-05-22 00:00:00+09:00,571.7838102327361,573.3809717138331,570.9852294921875,570.9852294921875,1700,0.0,0.0
2015-05-25 00:00:00+09:00,570.186758306962,570.186758306962,567.791015625,567.791015625,3300,0.0,0.0
2015-05-26 00:00:00+09:00,566.9922618705685,570.1865844726562,562.9993586179589,570.1865844726562,3600,0.0,0.0
2015-05-27 00:00:00+09:00,564.5966058028372,570.9852519788241,561.4022827148438,561.4022827148438,4500,0.0,0.0
2015-05-28 00:00:00+09:00,562.99945388232,567.7909385962122,562.99945388232,563.7980346679688,1400,0.0,0.0
2015-05-29 00:00:00+09:00,566.9923481188323,566.9923481188323,561.4022827148438,561.4022827148438,4200,0.0,0.0
2015-06-01 00:00:00+09:00,563.7981050004407,566.19384765625,562.999524115171,566.19384765625,3100,0.0,0.0
2015-06-02 00:00:00+09:00,562.99945388232,566.9923578105635,562.99945388232,563.7980346679688,1800,0.0,0.0
2015-06-03 00:00:00+09:00,563.7981597598236,564.5967407226562,562.999578796991,564.5967407226562,1800,0.0,0.0
2015-06-04 00:00:00+09:00,564.5966920490506,567.791015625,562.999530261076,567.791015625,2600,0.0,0.0
2015-06-05 00:00:00+09:00,562.2009493670886,567.791015625,560.6037875791139,567.791015625,3000,0.0,0.0
2015-06-08 00:00:00+09:00,562.999502328726,565.3952448918269,560.603759765625,560.603759765625,2900,0.0,0.0
2015-06-09 00:00:00+09:00,561.4023406199921,565.3952448918269,560.603759765625,560.603759765625,3000,0.0,0.0
2015-06-10 00:00:00+09:00,561.4022923110227,566.9923578105635,561.4022923110227,563.7980346679688,3000,0.0,0.0
2015-06-11 00:00:00+09:00,562.2008634868421,564.5966058028372,561.4022827148438,561.4022827148438,1600,0.0,0.0
2015-06-12 00:00:00+09:00,562.2008089539007,564.5965510375111,561.4022282593639,562.9993896484375,2500,0.0,0.0
2015-06-15 00:00:00+09:00,561.4023592674126,566.99242543366,561.4023592674126,565.395263671875,4700,0.0,0.0
2015-06-16 00:00:00+09:00,561.4023592674126,565.395263671875,561.4023592674126,565.395263671875,500,0.0,0.0
2015-06-17 00:00:00+09:00,561.4022282593639,564.5965510375111,561.4022282593639,562.9993896484375,2800,0.0,0.0
2015-06-18 00:00:00+09:00,564.5965510375111,564.5965510375111,562.2008089539007,562.9993896484375,1900,0.0,0.0
2015-06-19 00:00:00+09:00,560.603759765625,564.59666403746,560.603759765625,560.603759765625,2300,0.0,0.0
2015-06-22 00:00:00+09:00,559.8051211708471,562.9994442588405,559.0065403988488,561.4022827148438,3900,0.0,0.0
2015-06-23 00:00:00+09:00,562.2008730966714,564.5966154536175,561.4022923110227,563.7980346679688,3700,0.0,0.0
2015-06-24 00:00:00+09:00,562.999502328726,564.59666403746,559.805178911258,560.603759765625,3700,0.0,0.0
2015-06-25 00:00:00+09:00,559.0066042813388,563.7980894608932,559.0066042813388,562.200927734375,3800,0.0,0.0
2015-06-26 00:00:00+09:00,559.805178911258,560.603759765625,555.0136937850561,560.603759765625,9700,0.0,0.0
2015-06-29 00:00:00+09:00,555.0136332700403,555.8122140373353,545.4306640625,545.4306640625,5000,0.0,0.0
2015-06-30 00:00:00+09:00,545.4306988894767,554.215087890625,545.4306988894767,554.215087890625,2400,0.0,0.0
2015-07-01 00:00:00+09:00,555.0136108398438,555.0136108398438,550.2221264297157,555.0136108398438,1600,0.0,0.0
2015-07-02 00:00:00+09:00,553.4164330523947,557.4093366097713,549.4235294950181,551.0206909179688,4500,0.0,0.0
2015-07-03 00:00:00+09:00,555.0135944753454,555.0135944753454,551.0206909179688,551.0206909179688,3500,0.0,0.0
2015-07-06 00:00:00+09:00,548.6251129685787,553.416598671361,545.4307891667238,546.2293701171875,4800,0.0,0.0
2015-07-07 00:00:00+09:00,545.4306640625,547.02782559709,544.6320832952049,545.4306640625,1400,0.0,0.0
2015-07-08 00:00:00+09:00,546.2292996713244,547.027880518797,543.0349762814336,543.8335571289062,4600,0.0,0.0
2015-07-09 00:00:00+09:00,542.2363642593103,542.2363642593103,519.8761018156274,520.6746826171875,8200,0.0,0.0
2015-07-10 00:00:00+09:00,523.0705596179497,527.0634646532012,523.0705596179497,523.869140625,2100,0.0,0.0
2015-07-13 00:00:00+09:00,527.0632929809381,527.0632929809381,503.10587057271357,511.8902587890625,6500,0.0,0.0
2015-07-14 00:00:00+09:00,515.084686039001,517.4804287647638,501.50881059301184,507.098876953125,10300,0.0,0.0
2015-07-15 00:00:00+09:00,511.09172635400313,511.09172635400313,503.10591812972183,508.69598388671875,4300,0.0,0.0
2015-07-16 00:00:00+09:00,508.6960325798529,508.6960325798529,499.11306179341926,505.501708984375,4900,0.0,0.0
2015-07-17 00:00:00+09:00,506.3002960445374,507.098876953125,503.105972410187,507.098876953125,1900,0.0,0.0
2015-07-21 00:00:00+09:00,503.9046050445943,505.5017670257182,502.3074430634704,504.70318603515625,4900,0.0,0.0
2015-07-22 00:00:00+09:00,507.0988440661697,518.2789760613293,507.0988440661697,514.2860717773438,7100,0.0,0.0
2015-07-23 00:00:00+09:00,515.0846526341409,515.0846526341409,511.0917483501553,514.2860717773438,4200,0.0,0.0
2015-07-24 00:00:00+09:00,514.2859537376547,515.0845344111605,500.7100822880583,507.8973083496094,23700,0.0,0.0
2015-07-27 00:00:00+09:00,503.9046050445943,505.5017670257182,499.9117000917845,504.70318603515625,2100,0.0,0.0
2015-07-28 00:00:00+09:00,503.90443641869456,503.90443641869456,500.7101135253906,500.7101135253906,2400,0.0,0.0
2015-07-29 00:00:00+09:00,500.71015335341633,518.2789306640625,500.71015335341633,518.2789306640625,3500,0.0,0.0
2015-07-30 00:00:00+09:00,518.2789274616006,518.2789274616006,515.8831851158614,517.4803466796875,2500,0.0,0.0
2015-07-31 00:00:00+09:00,514.2860717773438,517.4803952045322,511.0917483501553,514.2860717773438,1500,0.0,0.0
2015-08-03 00:00:00+09:00,511.89026202145396,514.2860042774046,511.0916812694704,512.6888427734375,900,0.0,0.0
2015-08-04 00:00:00+09:00,511.091607072884,511.091607072884,509.49444580078125,509.49444580078125,1300,0.0,0.0
2015-08-05 00:00:00+09:00,504.70298565558664,509.4944696966207,504.70298565558664,507.8973083496094,800,0.0,0.0
2015-08-06 00:00:00+09:00,507.0988738724862,510.293197487431,503.9045502575414,506.30029296875,2800,0.0,0.0
2015-08-07 00:00:00+09:00,503.10583496093756,507.09873841300845,501.50867358010913,503.1058349609375,3300,0.0,0.0
2015-08-10 00:00:00+09:00,499.1129156831023,499.1129156831023,490.3285283670797,491.9256896972656,8900,0.0,0.0
2015-08-11 00:00:00+09:00,488.7314663591056,495.1201129781789,486.3357238769531,486.3357238769531,12900,0.0,0.0
2015-08-12 00:00:00+09:00,483.14143611694954,487.9329214338118,465.57265662178776,471.9613037109375,18600,0.0,0.0
2015-08-13 00:00:00+09:00,470.36412399676664,475.1556091308594,469.56554314108456,475.1556091308594,2500,0.0,0.0
2015-08-14 00:00:00+09:00,475.1555817879286,477.55132421711147,475.1555817879286,475.95416259765625,3200,0.0,0.0
2015-08-17 00:00:00+09:00,476.7527176214724,476.7527176214724,469.56549072265625,469.56549072265625,2900,0.0,0.0
2015-08-18 00:00:00+09:00,469.56549072265625,472.75981378879675,469.56549072265625,469.56549072265625,1300,0.0,0.0
2015-08-19 00:00:00+09:00,467.1697563171387,481.54421035766603,467.1697563171387,479.1484680175781,7100,0.0,0.0
2015-08-20 00:00:00+09:00,479.1485134092699,483.14141768768053,475.1556091308594,475.1556091308594,4600,0.0,0.0
2015-08-21 00:00:00+09:00,475.1555625786216,476.7527241335077,471.16265869140625,471.16265869140625,2100,0.0,0.0
2015-08-24 00:00:00+09:00,463.17692497184686,463.9755058769708,443.21240234375,443.21240234375,4100,0.0,0.0
2015-08-25 00:00:00+09:00,435.2265319824219,438.4208551529351,415.2620121667145,435.2265319824219,4700,0.0,0.0
2015-08-26 00:00:00+09:00,435.22659562839755,435.22659562839755,414.4634919837401,420.0535583496094,4200,0.0,0.0
2015-08-27 00:00:00+09:00,419.25498962402344,431.23370361328125,419.25498962402344,431.23370361328125,3900,0.0,0.0
2015-08-28 00:00:00+09:00,431.2336153302874,468.766911479405,431.2336153302874,447.2052307128906,5300,0.0,0.0
2015-08-31 00:00:00+09:00,472.75988096039873,475.15562360040076,463.1769104003906,463.1769104003906,2400,0.0,0.0
2015-09-01 00:00:00+09:00,455.1910885652468,455.1910885652468,448.0038608510587,451.99676513671875,1100,0.0,0.0
2015-09-02 00:00:00+09:00,448.00381960877456,448.00381960877456,441.61517333984375,441.61517333984375,1100,0.0,0.0
2015-09-03 00:00:00+09:00,447.20530375676896,447.20530375676896,442.413818359375,442.413818359375,300,0.0,0.0
2015-09-04 00:00:00+09:00,442.4137493288385,442.4137493288385,432.03219925433507,432.8307800292969,2600,0.0,0.0
2015-09-07 00:00:00+09:00,415.26202917099,422.44925659894943,408.8733825683594,408.8733825683594,4200,0.0,0.0
2015-09-08 00:00:00+09:00,399.29044098280275,399.29044098280275,384.9159851074219,384.9159851074219,6500,0.0,0.0
2015-09-09 00:00:00+09:00,378.52729511836645,404.08188044281314,378.52729511836645,396.8946533203125,8400,0.0,0.0
2015-09-10 00:00:00+09:00,394.498888412787,399.29037288743626,389.70740393813776,391.3045654296875,1800,0.0,0.0
2015-09-11 00:00:00+09:00,395.2975339559334,395.2975339559334,392.10321044921875,392.10321044921875,1800,0.0,0.0
2015-09-14 00:00:00+09:00,391.30458635960764,391.30458635960764,385.71452084018466,388.9088439941406,1300,0.0,0.0
2015-09-15 00:00:00+09:00,388.90884079167876,391.30458313741804,384.9159368821132,388.1102600097656,2100,0.0,0.0
2015-09-16 00:00:00+09:00,384.11734973497624,386.5130920410156,384.11734973497624,386.5130920410156,1300,0.0,0.0
2015-09-17 00:00:00+09:00,385.71453857421875,387.3117002246296,385.71453857421875,385.71453857421875,1600,0.0,0.0
2015-09-18 00:00:00+09:00,385.71456598938744,386.51314687135306,384.11740422545626,384.9159851074219,1300,0.0,0.0
2015-09-24 00:00:00+09:00,383.3187802366632,383.3187802366632,380.9230378601841,381.72161865234375,2400,0.0,0.0
2015-09-25 00:00:00+09:00,375.3329772949219,379.32588130869766,374.53439649216676,375.3329772949219,2900,0.0,0.0
2015-09-28 00:00:00+09:00,385.71448516845703,385.71448516845703,380.1244201660156,380.1244201660156,2400,0.0,0.0
2015-09-29 00:00:00+09:00,373.7358672899659,375.33302911599134,372.13870546394037,372.9372863769531,1500,0.0,0.0
2015-09-30 00:00:00+09:00,372.9373015710863,376.9302062988281,372.9373015710863,376.9302062988281,1800,0.0,0.0
2015-10-01 00:00:00+09:00,374.53441122731857,375.33299206149195,371.340087890625,371.340087890625,2300,0.0,0.0
2015-10-02 00:00:00+09:00,372.13861083984375,373.73577225975725,372.13861083984375,372.13861083984375,2000,0.0,0.0
2015-10-05 00:00:00+09:00,369.7429129282633,383.31878662109375,367.3471705118815,383.31878662109375,2800,0.0,0.0
2015-10-06 00:00:00+09:00,376.9301389004322,382.5202045197183,372.13865408390126,375.3329772949219,3400,0.0,0.0
2015-10-07 00:00:00+09:00,372.9372348866564,380.923042914208,372.9372348866564,375.3329772949219,900,0.0,0.0
2015-10-08 00:00:00+09:00,376.1315100947513,383.31873640229435,372.93718729139886,378.5272521972656,2900,0.0,0.0
2015-10-09 00:00:00+09:00,382.5202058156331,384.1173674265543,380.9230442047119,383.31878662109375,2800,0.0,0.0
2015-10-13 00:00:00+09:00,383.3187802366632,385.7145226131423,381.72161865234375,381.72161865234375,1400,0.0,0.0
2015-10-14 00:00:00+09:00,378.5272521972656,378.5272521972656,378.5272521972656,378.5272521972656,500,0.0,0.0
2015-10-15 00:00:00+09:00,384.9159450331909,384.9159450331909,378.5272986425985,382.52020263671875,3200,0.0,0.0
2015-10-16 00:00:00+09:00,379.32587944142256,385.71452583201494,379.32587944142256,382.52020263671875,1400,0.0,0.0
2015-10-19 00:00:00+09:00,382.52025752997247,383.31883844339626,379.32593387627753,380.923095703125,2400,0.0,0.0
2015-10-20 00:00:00+09:00,380.1244135989419,380.1244135989419,378.5272521972656,378.5272521972656,600,0.0,0.0
2015-10-21 00:00:00+09:00,378.5272954837049,381.72161865234375,376.1315531072258,381.72161865234375,1200,0.0,0.0
2015-10-22 00:00:00+09:00,381.7216919721183,382.52027291766666,376.9302062988281,376.9302062988281,1100,0.0,0.0
2015-10-23 00:00:00+09:00,376.9301338993855,382.5201994445035,376.1315531072258,381.72161865234375,3300,0.0,0.0
2015-10-26 00:00:00+09:00,384.1174131373355,384.1174131373355,379.325927734375,379.325927734375,1300,0.0,0.0
2015-10-27 00:00:00+09:00,379.3258328981037,381.7215750006181,378.5272521972656,378.5272521972656,800,0.0,0.0
2015-10-28 00:00:00+09:00,379.3258328981037,379.3258328981037,378.5272521972656,378.5272521972656,1000,0.0,0.0
2015-10-29 00:00:00+09:00,377.7286714964275,380.92299429978,377.7286714964275,378.5272521972656,1000,0.0,0.0
2015-10-30 00:00:00+09:00,378.52734683388155,380.1245086348684,377.72876593338816,379.325927734375,12800,0.0,0.0
2015-11-02 00:00:00+09:00,383.3187834355428,383.3187834355428,382.52020263671875,382.52020263671875,1400,0.0,0.0
2015-11-04 00:00:00+09:00,378.5272521972656,382.5201557014562,377.7286714964275,378.5272521972656,1900,0.0,0.0
2015-11-05 00:00:00+09:00,376.131537213638,377.72869873046875,375.33295645522264,377.72869873046875,3100,0.0,0.0
2015-11-06 00:00:00+09:00,383.31877531828707,397.6932293927228,383.31877531828707,388.1102600097656,5900,0.0,0.0
2015-11-09 00:00:00+09:00,388.11031796170266,390.5060606651699,381.7216707524565,387.3117370605469,3100,0.0,0.0
2015-11-10 00:00:00+09:00,387.3117370605469,388.11031796170266,387.3117370605469,387.3117370605469,1100,0.0,0.0
2015-11-11 00:00:00+09:00,384.9159851074219,385.71456598938744,383.31882334349064,384.9159851074219,1300,0.0,0.0
2015-11-12 00:00:00+09:00,383.3187802366632,385.7145226131423,380.12445706802436,381.72161865234375,2200,0.0,0.0
2015-11-13 00:00:00+09:00,375.3330145238346,384.9159851074219,375.3330145238346,384.9159851074219,1000,0.0,0.0
2015-11-16 00:00:00+09:00,373.7358125145755,379.32587808637476,373.7358125145755,374.5343933105469,5100,0.0,0.0
2015-11-17 00:00:00+09:00,374.5343933105469,377.7287164944321,374.5343933105469,374.5343933105469,800,0.0,0.0
2015-11-18 00:00:00+09:00,374.5343996602765,376.1315612792969,373.7358188507663,376.1315612792969,1800,0.0,0.0
2015-11-19 00:00:00+09:00,376.1316041324013,381.72167043585523,376.1316041324013,379.325927734375,3000,0.0,0.0
2015-11-20 00:00:00+09:00,375.33295645522264,378.5272794888841,375.33295645522264,377.72869873046875,1600,0.0,0.0
2015-11-24 00:00:00+09:00,376.9301338993855,383.3187802366632,376.9301338993855,381.72161865234375,4400,0.0,0.0
2015-11-25 00:00:00+09:00,380.923095703125,380.923095703125,378.5273529628538,380.923095703125,1500,0.0,0.0
2015-11-26 00:00:00+09:00,382.5201557014562,382.5201557014562,377.7286714964275,378.5272521972656,2200,0.0,0.0
2015-11-27 00:00:00+09:00,378.5272521972656,379.3258328981037,378.5272521972656,378.5272521972656,600,0.0,0.0
2015-11-30 00:00:00+09:00,379.3258328981037,381.7215750006181,376.9300907955894,378.5272521972656,2300,0.0,0.0
2015-12-01 00:00:00+09:00,379.3258602472995,383.31876403937633,372.13863342156117,377.72869873046875,6400,0.0,0.0
2015-12-02 00:00:00+09:00,379.325927734375,380.1245086348684,374.5344423314144,379.325927734375,1900,0.0,0.0
2015-12-03 00:00:00+09:00,379.3258328981037,379.3258328981037,372.93718729139886,378.5272521972656,3700,0.0,0.0
2015-12-04 00:00:00+09:00,372.13861083984375,373.73577225975725,372.13861083984375,372.13861083984375,2100,0.0,0.0
2015-12-07 00:00:00+09:00,372.9371915498005,373.73577225975725,372.13861083984375,372.13861083984375,2300,0.0,0.0
2015-12-08 00:00:00+09:00,372.1386316682556,374.53437393221435,369.7428894042969,369.7428894042969,6400,0.0,0.0
2015-12-09 00:00:00+09:00,368.944308649644,372.9372124229085,368.944308649644,369.7428894042969,2800,0.0,0.0
2015-12-10 00:00:00+09:00,368.9443054199219,372.93720915823275,368.9443054199219,368.9443054199219,2200,0.0,0.0
2015-12-11 00:00:00+09:00,368.14576455393143,371.340087890625,368.14576455393143,371.340087890625,1500,0.0,0.0
2015-12-14 00:00:00+09:00,368.14577935260274,371.3401028177012,367.3471984863281,367.3471984863281,3800,0.0,0.0
2015-12-15 00:00:00+09:00,367.3471984863281,368.94436021887736,365.75003675377883,367.3471984863281,4900,0.0,0.0
2015-12-16 00:00:00+09:00,368.14580379302845,368.14580379302845,364.95148011586554,365.75006103515625,4500,0.0,0.0
2015-12-17 00:00:00+09:00,366.548583984375,367.3471647773693,365.75000319138076,366.548583984375,7700,0.0,0.0
2015-12-18 00:00:00+09:00,366.54856458247104,366.54856458247104,359.361337825952,361.757080078125,7000,0.0,0.0
2015-12-21 00:00:00+09:00,361.7571010335286,361.7571010335286,359.3613586425781,359.3613586425781,3900,0.0,0.0
2015-12-22 00:00:00+09:00,359.3613457786663,359.3613457786663,355.3684419366811,356.1670227050781,4600,0.0,0.0
2015-12-24 00:00:00+09:00,356.1670675255583,356.1670675255583,343.38977362329615,344.1883544921875,9000,0.0,0.0
2015-12-25 00:00:00+09:00,344.1883544921875,344.1883544921875,344.1883544921875,344.1883544921875,0,0.0,0.0
2015-12-28 00:00:00+09:00,328.21677542423856,338.59832793157454,327.4181944621358,330.6125183105469,6500,0.0,0.0
2015-12-29 00:00:00+09:00,339.3968692788392,347.38267796775307,335.40396493438226,344.1883544921875,2000,0.0,0.0
2015-12-30 00:00:00+09:00,342.5911896461664,349.7784174009811,342.5911896461664,343.3897705078125,2000,0.0,0.0
2016-01-04 00:00:00+09:00,348.9797798554643,372.93720181350534,348.9797798554643,352.1741027832031,3700,0.0,0.0
2016-01-05 00:00:00+09:00,352.17415998591935,352.17415998591935,343.3897705078125,343.3897705078125,800,0.0,0.0
2016-01-06 00:00:00+09:00,352.17415998591935,359.361387740734,343.3897705078125,343.3897705078125,3700,0.0,0.0
2016-01-07 00:00:00+09:00,343.3897495049527,345.7854919433594,343.3897495049527,345.7854919433594,1000,0.0,0.0
2016-01-08 00:00:00+09:00,348.1812588366445,349.77842057442723,343.38977362329615,344.1883544921875,1000,0.0,0.0
2016-01-12 00:00:00+09:00,355.36851501464844,359.3614196777344,335.40399169921875,335.40399169921875,2400,0.0,0.0
2016-01-13 00:00:00+09:00,336.2025252663045,351.3755608483943,336.2025252663045,346.5840759277344,1300,0.0,0.0
2016-01-14 00:00:00+09:00,340.195437714981,341.7925993943941,340.195437714981,340.9940185546875,1200,0.0,0.0
2016-01-15 00:00:00+09:00,335.40399169921875,337.00115356445315,335.40399169921875,335.40399169921875,1600,0.0,0.0
2016-01-18 00:00:00+09:00,335.4039242393092,335.4039242393092,333.8067626953125,333.8067626953125,1800,0.0,0.0
2016-01-19 00:00:00+09:00,333.80675298851656,333.80675298851656,327.41810699830575,331.4110107421875,2900,0.0,0.0
2016-01-20 00:00:00+09:00,342.59115622915874,342.59115622915874,327.4181213378906,327.4181213378906,3600,0.0,0.0
2016-01-21 00:00:00+09:00,327.4181213378906,328.21670212164156,327.4181213378906,327.4181213378906,7900,0.0,0.0
2016-01-22 00:00:00+09:00,327.41812453072725,328.2167053222656,327.41812453072725,328.2167053222656,200,0.0,0.0
2016-01-25 00:00:00+09:00,333.0082060740544,333.8067869039682,331.4110444142268,332.2096252441406,800,0.0,0.0
2016-01-26 00:00:00+09:00,332.20960604039635,332.20960604039635,327.4181213378906,327.4181213378906,1500,0.0,0.0
2016-01-27 00:00:00+09:00,333.80677410236837,333.80677410236837,329.0152893066406,329.0152893066406,400,0.0,0.0
2016-01-28 00:00:00+09:00,329.0152893066406,329.8138701059286,328.2167085073527,329.0152893066406,800,0.0,0.0
2016-01-29 00:00:00+09:00,329.0152780633224,339.396828099301,327.4181165193257,333.8067626953125,4100,0.0,0.0
2016-02-01 00:00:00+09:00,343.3897705078125,343.3897705078125,339.3968661995821,343.3897705078125,3200,0.0,0.0
2016-02-02 00:00:00+09:00,341.79258666703606,348.1812331467937,337.7996826171875,337.7996826171875,2800,0.0,0.0
2016-02-03 00:00:00+09:00,335.40394018727835,339.3968442371269,331.4110361374298,337.7996826171875,1700,0.0,0.0
2016-02-04 00:00:00+09:00,333.8067708630341,340.195417195341,328.2167053222656,328.2167053222656,1200,0.0,0.0
2016-02-05 00:00:00+09:00,328.2167053222656,329.015286113804,327.41812453072725,328.2167053222656,3000,0.0,0.0
2016-02-08 00:00:00+09:00,324.22376473200643,328.2166682385582,324.22376473200643,326.6195068359375,1700,0.0,0.0
2016-02-09 00:00:00+09:00,326.61961073200996,326.61961073200996,321.828125,321.828125,2600,0.0,0.0
2016-02-10 00:00:00+09:00,321.8281465911865,322.62672760009764,319.4324035644531,319.4324035644531,3500,0.0,0.0
2016-02-12 00:00:00+09:00,317.83518249031124,317.83518249031124,303.4607270007997,304.2593078613281,3700,0.0,0.0
2016-02-15 00:00:00+09:00,314.64091751098636,320.23098457336425,314.64091751098636,319.4324035644531,2500,0.0,0.0
2016-02-16 00:00:00+09:00,318.6337770815249,326.61958603093655,318.6337770815249,323.4252624511719,600,0.0,0.0
2016-02-17 00:00:00+09:00,318.6337585449219,320.2309202418889,318.6337585449219,318.6337585449219,800,0.0,0.0
2016-02-18 00:00:00+09:00,327.4181669258777,327.4181669258777,323.4252624511719,323.4252624511719,300,0.0,0.0
2016-02-19 00:00:00+09:00,323.42530860900877,323.42530860900877,319.4324035644531,319.4324035644531,600,0.0,0.0
2016-02-22 00:00:00+09:00,321.029475067883,327.4181213378906,321.029475067883,327.4181213378906,500,0.0,0.0
2016-02-23 00:00:00+09:00,327.4181213378906,327.4181213378906,327.4181213378906,327.4181213378906,0,0.0,0.0
2016-02-24 00:00:00+09:00,321.02954404466504,321.828125,319.4323821339951,321.828125,900,0.0,0.0
2016-02-25 00:00:00+09:00,323.4252237116249,329.0152893066406,323.4252237116249,329.0152893066406,600,0.0,0.0
2016-02-26 00:00:00+09:00,329.01532871576,329.01532871576,323.4252624511719,323.4252624511719,1600,0.0,0.0
2016-02-29 00:00:00+09:00,342.59116747700574,342.59116747700574,337.7996826171875,337.7996826171875,2100,0.0,0.0
2016-03-01 00:00:00+09:00,337.001126672165,344.1883544921875,334.6053840654909,344.1883544921875,1500,0.0,0.0
2016-03-02 00:00:00+09:00,347.38270568847656,353.7713531494141,339.3968963623047,351.3756103515625,3800,0.0,0.0
2016-03-03 00:00:00+09:00,351.37557912427326,356.1670642941497,343.3897705078125,343.3897705078125,2900,0.0,0.0
2016-03-04 00:00:00+09:00,351.3755220512684,355.3684257109419,351.3755220512684,352.1741027832031,2800,0.0,0.0
2016-03-07 00:00:00+09:00,352.17420039812004,353.7713623046875,351.37561944483633,353.7713623046875,1400,0.0,0.0
2016-03-08 00:00:00+09:00,353.7712980934937,355.3684597101686,352.97271728515625,352.97271728515625,2000,0.0,0.0
2016-03-09 00:00:00+09:00,352.9727722167969,352.9727722167969,351.3756103515625,351.3756103515625,1500,0.0,0.0
2016-03-10 00:00:00+09:00,349.7783508300781,349.7783508300781,349.7783508300781,349.7783508300781,200,0.0,0.0
2016-03-11 00:00:00+09:00,351.3755122493936,351.3755122493936,349.7783508300781,349.7783508300781,300,0.0,0.0
2016-03-14 00:00:00+09:00,350.5769413193337,353.7712642470725,350.5769413193337,352.1741027832031,2100,0.0,0.0
2016-03-15 00:00:00+09:00,349.77837339251226,355.3684387207031,345.7854695866617,355.3684387207031,2500,0.0,0.0
2016-03-16 00:00:00+09:00,348.1811991235296,353.7712642470725,348.1811991235296,352.1741027832031,300,0.0,0.0
2016-03-17 00:00:00+09:00,351.37556723498426,351.37556723498426,348.1812438964844,348.1812438964844,500,0.0,0.0
2016-03-18 00:00:00+09:00,349.778433122306,354.5699185075431,347.3826904296875,347.3826904296875,600,0.0,0.0
2016-03-22 00:00:00+09:00,344.1883345595351,354.56988525390625,344.1883345595351,354.56988525390625,700,0.0,0.0
2016-03-23 00:00:00+09:00,351.3755122493936,354.56983508802443,349.7783508300781,349.7783508300781,1300,0.0,0.0
2016-03-24 00:00:00+09:00,349.7783508300781,349.7783508300781,349.7783508300781,349.7783508300781,300,0.0,0.0
2016-03-25 00:00:00+09:00,349.7784055657343,351.37556723498426,348.1812438964844,348.1812438964844,700,0.0,0.0
2016-03-28 00:00:00+09:00,348.1812243897028,358.5627746582031,345.78548202004885,358.5627746582031,2800,0.0,0.0
2016-03-29 00:00:00+09:00,355.33247136745325,356.1400451660156,352.9097499717661,356.1400451660156,400,5.0,0.0
2016-03-30 00:00:00+09:00,359.37036922999795,361.7930908203125,359.37036922999795,361.7930908203125,1100,0.0,0.0
2016-03-31 00:00:00+09:00,363.40828190139473,393.2885184132872,360.9855600220521,372.2915954589844,5000,0.0,0.0
2016-04-01 00:00:00+09:00,372.2915693108134,372.2915693108134,360.98553466796875,360.98553466796875,1400,0.0,0.0
2016-04-04 00:00:00+09:00,360.985512084961,367.44610290527345,360.985512084961,363.4082336425781,700,0.0,0.0
2016-04-05 00:00:00+09:00,355.3325500488281,360.1779939131303,355.3325500488281,355.3325500488281,500,0.0,0.0
2016-04-06 00:00:00+09:00,348.87188720703125,354.5249038978859,348.87188720703125,348.87188720703125,500,0.0,0.0
2016-04-07 00:00:00+09:00,348.87186958718246,349.679443359375,348.87186958718246,349.679443359375,300,0.0,0.0
2016-04-08 00:00:00+09:00,349.67944548531864,359.3703308105469,349.67944548531864,359.3703308105469,600,0.0,0.0
2016-04-11 00:00:00+09:00,360.1779479980469,360.1779479980469,360.1779479980469,360.1779479980469,400,0.0,0.0
2016-04-12 00:00:00+09:00,362.60070546468097,368.25372314453125,362.60070546468097,368.25372314453125,2300,0.0,0.0
2016-04-13 00:00:00+09:00,368.25370538156454,369.061279296875,367.4461314662541,369.061279296875,1300,0.0,0.0
2016-04-14 00:00:00+09:00,369.86879127537276,369.86879127537276,344.83400409297855,353.7173156738281,19100,0.0,0.0
2016-04-15 00:00:00+09:00,344.026466636391,348.8719098284528,344.026466636391,346.4491882324219,3100,0.0,0.0
2016-04-18 00:00:00+09:00,344.02642822265625,344.8340019978268,344.02642822265625,344.02642822265625,4000,0.0,0.0
2016-04-19 00:00:00+09:00,347.25677490234375,347.25677490234375,344.0264793218568,347.25677490234375,5200,0.0,0.0
2016-04-20 00:00:00+09:00,353.7173480323738,353.7173480323738,343.2188879309564,348.0643310546875,1400,0.0,0.0
2016-04-21 00:00:00+09:00,342.41133153161337,347.25677490234375,342.41133153161337,347.25677490234375,400,0.0,0.0
2016-04-22 00:00:00+09:00,347.25672332333846,347.25672332333846,344.02642822265625,344.02642822265625,300,0.0,0.0
2016-04-25 00:00:00+09:00,344.0264443291558,351.294608645969,344.0264443291558,348.87188720703125,1900,0.0,0.0
2016-04-26 00:00:00+09:00,351.29462647050826,351.29462647050826,348.0643310546875,348.0643310546875,1100,0.0,0.0
2016-04-27 00:00:00+09:00,345.6416599317529,351.294677734375,344.0265119881466,351.294677734375,1300,0.0,0.0
2016-04-28 00:00:00+09:00,344.83403563886674,348.0643310546875,344.02646178491153,348.0643310546875,500,0.0,0.0
2016-05-02 00:00:00+09:00,355.33249511718753,363.4082336425781,348.06433044433595,363.4082336425781,3800,0.0,0.0
2016-05-06 00:00:00+09:00,362.60071584528146,362.60071584528146,355.3325500488281,355.3325500488281,1100,0.0,0.0
2016-05-09 00:00:00+09:00,355.3325173465464,360.98553466796875,355.3325173465464,360.98553466796875,700,0.0,0.0
2016-05-10 00:00:00+09:00,395.71118836591245,395.71118836591245,379.5597112897528,388.4430236816406,10000,0.0,0.0
2016-05-11 00:00:00+09:00,391.6733128250025,391.6733128250025,379.5597052118581,380.3672790527344,4000,0.0,0.0
2016-05-12 00:00:00+09:00,383.59759521484375,383.59759521484375,383.59759521484375,383.59759521484375,300,0.0,0.0
2016-05-13 00:00:00+09:00,383.5975744162396,390.0581651432499,380.3672790527344,380.3672790527344,1900,0.0,0.0
2016-05-16 00:00:00+09:00,383.5975212386892,383.5975212386892,377.1369314073007,382.7899475097656,3000,0.0,0.0
2016-05-17 00:00:00+09:00,376.3293857326755,383.5975498348088,373.0990905761719,373.0990905761719,2200,0.0,0.0
2016-05-18 00:00:00+09:00,373.9066643652978,373.9066643652978,369.0612216305423,373.0990905761719,1900,0.0,0.0
2016-05-19 00:00:00+09:00,373.9066643652978,373.9066643652978,373.0990905761719,373.0990905761719,5800,0.0,0.0
2016-05-20 00:00:00+09:00,372.2914872724931,372.2914872724931,367.446044921875,367.446044921875,1200,0.0,0.0
2016-05-23 00:00:00+09:00,365.8310037807374,377.13703921766967,365.8310037807374,372.2915954589844,900,0.0,0.0
2016-05-24 00:00:00+09:00,372.29156992793867,373.09914383233763,370.6764221191406,370.6764221191406,700,0.0,0.0
2016-05-25 00:00:00+09:00,370.6764158248901,387.6354675292969,370.6764158248901,387.6354675292969,2000,0.0,0.0
2016-05-26 00:00:00+09:00,387.6354675292969,387.6354675292969,387.6354675292969,387.6354675292969,300,0.0,0.0
2016-05-27 00:00:00+09:00,387.63538988330697,387.63538988330697,382.7899475097656,382.7899475097656,700,0.0,0.0
2016-05-30 00:00:00+09:00,386.0202941894531,388.4430157011024,386.0202941894531,386.0202941894531,1100,0.0,0.0
2016-05-31 00:00:00+09:00,383.59760847248015,394.0960693359375,381.98246064733286,394.0960693359375,1800,0.0,0.0
2016-06-01 00:00:00+09:00,392.48085868258437,392.48085868258437,384.4051208496094,384.4051208496094,1900,0.0,0.0
2016-06-02 00:00:00+09:00,388.44302669572244,392.48089599609375,388.44302669572244,392.48089599609375,3000,0.0,0.0
2016-06-03 00:00:00+09:00,392.48089599609375,392.48089599609375,392.48089599609375,392.48089599609375,100,0.0,0.0
2016-06-06 00:00:00+09:00,391.67331104996816,392.4808848871846,386.0202941894531,386.0202941894531,4600,0.0,0.0
2016-06-07 00:00:00+09:00,392.4809187421147,392.4809187421147,387.635475300854,390.0581970214844,1000,0.0,0.0
2016-06-08 00:00:00+09:00,389.25061531066893,390.058189201355,387.6354675292969,387.6354675292969,300,0.0,0.0
2016-06-09 00:00:00+09:00,393.28847975354967,394.0960536339471,389.2506103515625,389.2506103515625,1800,0.0,0.0
2016-06-10 00:00:00+09:00,390.86575811235736,390.86575811235736,388.4430364711651,389.2506103515625,1200,0.0,0.0
2016-06-13 00:00:00+09:00,382.7899732830144,389.25056354939437,381.9823994997169,384.4051208496094,5300,0.0,0.0
2016-06-14 00:00:00+09:00,381.9824624132754,384.4051841621968,378.7521667480469,378.7521667480469,7300,0.0,0.0
2016-06-15 00:00:00+09:00,365.8309326171875,378.7521134601787,364.2157850118136,365.8309326171875,2800,0.0,0.0
2016-06-16 00:00:00+09:00,367.4461314662541,375.5218706193586,367.4461314662541,369.061279296875,1600,0.0,0.0
2016-06-17 00:00:00+09:00,363.40829750216034,363.40829750216034,357.7552795410156,357.7552795410156,1800,0.0,0.0
2016-06-20 00:00:00+09:00,368.253618646978,369.06119237208105,367.446044921875,367.446044921875,1200,0.0,0.0
2016-06-21 00:00:00+09:00,363.40825697954966,370.6764221191406,363.40825697954966,370.6764221191406,1400,0.0,0.0
2016-06-22 00:00:00+09:00,370.6763983154297,370.6763983154297,358.5627905273438,363.4082336425781,2100,0.0,0.0
2016-06-23 00:00:00+09:00,363.40819969605866,369.0612161357751,356.9476094792398,359.3703308105469,2000,0.0,0.0
2016-06-24 00:00:00+09:00,359.37028449563417,363.40815286075366,337.56579532398894,343.21881103515625,2700,0.0,0.0
2016-06-27 00:00:00+09:00,343.2189380163434,352.10225170617815,343.2189380163434,351.294677734375,1200,0.0,0.0
2016-06-28 00:00:00+09:00,354.52497362158766,354.52497362158766,347.2568078753592,351.294677734375,600,0.0,0.0
2016-06-29 00:00:00+09:00,351.2946373455074,354.5249328613281,351.2946373455074,354.5249328613281,500,0.0,0.0
2016-06-30 00:00:00+09:00,356.9476318359375,369.06123925118425,356.9476318359375,356.9476318359375,2200,0.0,0.0
2016-07-01 00:00:00+09:00,354.5249087327307,368.2536637406041,354.5249087327307,362.60064697265625,700,0.0,0.0
2016-07-04 00:00:00+09:00,362.60070546468097,372.29159291585285,362.60070546468097,368.25372314453125,1500,0.0,0.0
2016-07-05 00:00:00+09:00,386.82782674505177,390.8656955002193,368.25363047128104,373.9066467285156,14000,0.0,0.0
2016-07-06 00:00:00+09:00,369.06120422231453,373.9066467285156,369.06120422231453,373.9066467285156,1000,0.0,0.0
2016-07-07 00:00:00+09:00,373.09911448484775,380.3672790527344,371.48396680309514,380.3672790527344,2300,0.0,0.0
2016-07-08 00:00:00+09:00,380.36731013896303,394.0960665558683,380.36731013896303,390.0581970214844,2700,0.0,0.0
2016-07-11 00:00:00+09:00,390.0581970214844,390.0581970214844,390.0581970214844,390.0581970214844,0,0.0,0.0
2016-07-12 00:00:00+09:00,387.63544982783264,395.71118836591245,387.63544982783264,388.4430236816406,3100,0.0,0.0
2016-07-13 00:00:00+09:00,394.9036432485111,394.9036432485111,386.02033021020105,394.0960693359375,800,0.0,0.0
2016-07-14 00:00:00+09:00,394.0960615335051,394.0960615335051,387.63547036082474,391.67333984375,1700,0.0,0.0
2016-07-15 00:00:00+09:00,391.6733221360195,393.28846985616804,386.02030511549964,392.48089599609375,1100,0.0,0.0
2016-07-19 00:00:00+09:00,390.05816476004463,395.711181640625,387.6354432397959,395.711181640625,1300,0.0,0.0
2016-07-20 00:00:00+09:00,391.6732848992869,392.48085868258437,379.5596781498244,384.4051208496094,800,0.0,0.0
2016-07-21 00:00:00+09:00,390.86574524306457,391.67331909687255,386.0203021202166,388.4430236816406,3900,0.0,0.0
2016-07-22 00:00:00+09:00,389.2505913023736,389.2505913023736,374.71426216660035,380.3672790527344,2500,0.0,0.0
2016-07-25 00:00:00+09:00,381.1748764038086,387.6354675292969,381.1748764038086,387.6354675292969,1300,0.0,0.0
2016-07-26 00:00:00+09:00,387.6354675292969,387.6354675292969,387.6354675292969,387.6354675292969,400,0.0,0.0
2016-07-27 00:00:00+09:00,381.9823913574219,381.9823913574219,381.9823913574219,381.9823913574219,100,0.0,0.0
2016-07-28 00:00:00+09:00,381.9823913574219,381.9823913574219,381.9823913574219,381.9823913574219,0,0.0,0.0
2016-07-29 00:00:00+09:00,381.98237378084207,382.7899475097656,381.98237378084207,382.7899475097656,200,0.0,0.0
2016-08-01 00:00:00+09:00,391.67325852792476,391.67325852792476,381.98237378084207,382.7899475097656,1700,0.0,0.0
2016-08-02 00:00:00+09:00,381.1748000519185,382.7899475097656,381.1748000519185,382.7899475097656,300,0.0,0.0
2016-08-03 00:00:00+09:00,382.7899475097656,382.7899475097656,382.7899475097656,382.7899475097656,0,0.0,0.0
2016-08-04 00:00:00+09:00,381.982426734487,381.982426734487,380.3672790527344,380.3672790527344,300,0.0,0.0
2016-08-05 00:00:00+09:00,380.3672790527344,380.3672790527344,380.3672790527344,380.3672790527344,0,0.0,0.0
2016-08-08 00:00:00+09:00,379.55968088917916,384.4051236239347,373.0990905761719,373.0990905761719,1000,0.0,0.0
2016-08-09 00:00:00+09:00,373.09916941876526,373.09916941876526,366.63857774051826,372.2915954589844,300,0.0,0.0
2016-08-10 00:00:00+09:00,367.4460993141964,374.7142639160156,367.4460993141964,374.7142639160156,200,0.0,0.0
2016-08-12 00:00:00+09:00,373.90669007136904,379.5597069838952,373.90669007136904,374.7142639160156,800,0.0,0.0
2016-08-15 00:00:00+09:00,375.5219087762348,381.1749267578125,375.5219087762348,381.1749267578125,600,0.0,0.0
2016-08-16 00:00:00+09:00,383.5976463824319,383.5976463824319,377.1370544433594,377.1370544433594,500,0.0,0.0
2016-08-17 00:00:00+09:00,377.1370544433594,377.1370544433594,377.1370544433594,377.1370544433594,100,0.0,0.0
2016-08-18 00:00:00+09:00,377.1370544433594,377.1370544433594,377.1370544433594,377.1370544433594,300,0.0,0.0
2016-08-19 00:00:00+09:00,375.5218505859375,375.5218505859375,375.5218505859375,375.5218505859375,100,0.0,0.0
2016-08-22 00:00:00+09:00,369.061240780196,369.061240780196,365.8309454560805,366.6385192871094,700,0.0,0.0
2016-08-23 00:00:00+09:00,373.0990905761719,373.0990905761719,373.0990905761719,373.0990905761719,100,0.0,0.0
2016-08-24 00:00:00+09:00,369.061279296875,369.061279296875,369.061279296875,369.061279296875,100,0.0,0.0
2016-08-25 00:00:00+09:00,369.06119237208105,370.67633982228705,364.2157500214629,367.446044921875,1400,0.0,0.0
2016-08-26 00:00:00+09:00,363.4082794189453,368.25372314453125,360.98555755615234,368.25372314453125,1100,0.0,0.0
2016-08-29 00:00:00+09:00,363.4082336425781,369.86882446289064,363.4082336425781,363.4082336425781,300,0.0,0.0
2016-08-30 00:00:00+09:00,359.3703533189868,359.3703533189868,356.9476318359375,356.9476318359375,400,0.0,0.0
2016-08-31 00:00:00+09:00,359.37038686184803,364.21583028021007,359.37038686184803,360.98553466796875,700,0.0,0.0
2016-09-01 00:00:00+09:00,368.2536637406041,369.06123756459664,361.79307314866367,362.60064697265625,1100,0.0,0.0
2016-09-02 00:00:00+09:00,361.79309574691706,365.0233912446574,359.3703741236118,360.1779479980469,1400,0.0,0.0
2016-09-05 00:00:00+09:00,363.4082336425781,365.8309552001953,360.1779382324219,363.4082336425781,3400,0.0,0.0
2016-09-06 00:00:00+09:00,365.02335881450057,365.8309326171875,365.02335881450057,365.8309326171875,900,0.0,0.0
2016-09-07 00:00:00+09:00,365.8309326171875,365.8309326171875,365.8309326171875,365.8309326171875,100,0.0,0.0
2016-09-08 00:00:00+09:00,365.8309326171875,365.8309326171875,365.8309326171875,365.8309326171875,0,0.0,0.0
2016-09-09 00:00:00+09:00,365.02338134765625,365.02338134765625,358.5627905273438,363.4082336425781,2800,0.0,0.0
2016-09-12 00:00:00+09:00,363.4082768814527,367.4461466245799,363.4082768814527,364.2158508300781,1700,0.0,0.0
2016-09-13 00:00:00+09:00,364.2157850118136,365.8309326171875,364.2157850118136,365.8309326171875,600,0.0,0.0
2016-09-14 00:00:00+09:00,363.4082768814527,364.2158508300781,363.4082768814527,364.2158508300781,300,0.0,0.0
2016-09-15 00:00:00+09:00,363.40829750216034,363.40829750216034,357.7552795410156,357.7552795410156,1000,0.0,0.0
2016-09-16 00:00:00+09:00,362.6006646837507,363.40823854718894,359.37036922999795,361.7930908203125,1000,0.0,0.0
2016-09-20 00:00:00+09:00,363.4082336425781,363.4082336425781,363.4082336425781,363.4082336425781,400,0.0,0.0
2016-09-21 00:00:00+09:00,363.4082336425781,363.4082336425781,363.4082336425781,363.4082336425781,0,0.0,0.0
2016-09-23 00:00:00+09:00,360.98553466796875,365.0234041832704,357.7552390557274,360.98553466796875,1000,0.0,0.0
2016-09-26 00:00:00+09:00,360.98553466796875,363.4082563771497,360.98553466796875,360.98553466796875,700,0.0,0.0
2016-09-27 00:00:00+09:00,362.6006646837507,363.40823854718894,358.5627953665597,361.7930908203125,1800,0.0,0.0
2016-09-28 00:00:00+09:00,360.1779914242098,360.98556539601293,351.294677734375,351.294677734375,900,0.0,0.0
2016-09-29 00:00:00+09:00,364.2158223744985,364.2158223744985,357.7552312902502,358.56280517578125,500,0.0,0.0
2016-09-30 00:00:00+09:00,371.4840445039574,371.4840445039574,369.868896484375,369.868896484375,200,0.0,0.0
2016-10-03 00:00:00+09:00,371.48394923599614,371.48394923599614,365.02335881450057,365.8309326171875,700,0.0,0.0
2016-10-04 00:00:00+09:00,365.83102643541895,369.868896484375,363.40830440604526,369.868896484375,800,0.0,0.0
2016-10-05 00:00:00+09:00,368.253618646978,370.67633982228705,367.446044921875,367.446044921875,900,0.0,0.0
2016-10-06 00:00:00+09:00,368.25365402524835,372.29152303868307,364.2157850118136,365.8309326171875,1300,0.0,0.0
2016-10-07 00:00:00+09:00,364.215772173046,367.44606726992447,363.40819839882636,365.0233459472656,700,0.0,0.0
2016-10-11 00:00:00+09:00,370.6763623668029,370.6763623668029,365.0233459472656,365.0233459472656,300,0.0,0.0
2016-10-12 00:00:00+09:00,365.02342732747394,369.8688710530599,364.2158533732096,368.25372314453125,1000,0.0,0.0
2016-10-13 00:00:00+09:00,365.02335881450057,365.8309326171875,365.02335881450057,365.8309326171875,200,0.0,0.0
2016-10-14 00:00:00+09:00,366.6385192871094,367.44609311813826,366.6385192871094,366.6385192871094,600,0.0,0.0
2016-10-17 00:00:00+09:00,366.6385290527344,366.6385290527344,363.4082336425781,363.4082336425781,1500,0.0,0.0
2016-10-18 00:00:00+09:00,365.02335881450057,368.25365402524835,365.02335881450057,365.8309326171875,500,0.0,0.0
2016-10-19 00:00:00+09:00,365.83089747166895,367.446044921875,365.83089747166895,367.446044921875,400,0.0,0.0
2016-10-20 00:00:00+09:00,367.4460993141964,374.7142639160156,367.4460993141964,374.7142639160156,1200,0.0,0.0
2016-10-21 00:00:00+09:00,373.099184481439,378.7522024281275,373.099184481439,377.1370544433594,3300,0.0,0.0
2016-10-24 00:00:00+09:00,374.71433246620717,378.7522024281275,374.71433246620717,377.1370544433594,1400,0.0,0.0
2016-10-25 00:00:00+09:00,377.9445928317397,379.55974066435397,377.1370189154326,378.7521667480469,4500,0.0,0.0
2016-10-26 00:00:00+09:00,379.5597052118581,380.3672790527344,379.5597052118581,380.3672790527344,1500,0.0,0.0
2016-10-27 00:00:00+09:00,377.1370544433594,377.1370544433594,377.1370544433594,377.1370544433594,200,0.0,0.0
2016-10-28 00:00:00+09:00,376.32940673828125,376.32940673828125,375.52183290407896,376.32940673828125,400,0.0,0.0
2016-10-31 00:00:00+09:00,373.099111401472,376.32940673828125,370.676389898865,376.32940673828125,500,0.0,0.0
2016-11-01 00:00:00+09:00,379.55970207509057,379.55970207509057,376.32940673828125,376.32940673828125,1700,0.0,0.0
2016-11-02 00:00:00+09:00,387.63547803534834,399.749086723953,381.98246064733286,394.0960693359375,17400,0.0,0.0
2016-11-04 00:00:00+09:00,394.90361757631655,398.13391301661363,391.6733221360195,392.48089599609375,5400,0.0,0.0
2016-11-07 00:00:00+09:00,383.5975470663119,388.4429897660969,383.5975470663119,384.4051208496094,4800,0.0,0.0
2016-11-08 00:00:00+09:00,383.5975470663119,386.8278421995019,383.5975470663119,384.4051208496094,2400,0.0,0.0
2016-11-09 00:00:00+09:00,384.4051841621968,387.63547982742534,372.29157541758974,378.7521667480469,5500,0.0,0.0
2016-11-10 00:00:00+09:00,376.32948277360305,383.59764874991725,376.32948277360305,381.1749267578125,1200,0.0,0.0
2016-11-11 00:00:00+09:00,379.5597257915296,383.59759521484375,379.5597257915296,383.59759521484375,700,0.0,0.0
2016-11-14 00:00:00+09:00,381.1748000519185,383.5975212386892,381.1748000519185,382.7899475097656,5600,0.0,0.0
2016-11-15 00:00:00+09:00,381.1748840458398,390.0581970214844,377.94458841833267,390.0581970214844,7100,0.0,0.0
2016-11-16 00:00:00+09:00,383.59757267780384,388.4430157011024,382.78999884058743,386.0202941894531,5400,0.0,0.0
2016-11-17 00:00:00+09:00,382.7899475097656,382.7899475097656,382.7899475097656,382.7899475097656,3000,0.0,0.0
2016-11-18 00:00:00+09:00,383.59759521484375,387.6354646381579,381.1748735608553,383.59759521484375,2900,0.0,0.0
2016-11-21 00:00:00+09:00,386.02034249295724,386.02034249295724,383.5976206781479,385.2127685546875,600,0.0,0.0
2016-11-22 00:00:00+09:00,384.40516909950657,384.40516909950657,383.59759521484375,383.59759521484375,2300,0.0,0.0
2016-11-24 00:00:00+09:00,383.5975470663119,386.8278421995019,383.5975470663119,384.4051208496094,2400,0.0,0.0
2016-11-25 00:00:00+09:00,384.40514825711585,385.2127220979921,380.3672790527344,380.3672790527344,5700,0.0,0.0
2016-11-28 00:00:00+09:00,380.3672519331219,384.4051208496094,378.7521043665269,384.4051208496094,1800,0.0,0.0
2016-11-29 00:00:00+09:00,380.36727732893814,386.0202941894531,380.36727732893814,386.0202941894531,1900,0.0,0.0
2016-11-30 00:00:00+09:00,386.02030699536795,386.827880859375,385.2127331313609,386.827880859375,3000,0.0,0.0
2016-12-01 00:00:00+09:00,381.1748735608553,390.0581862921464,381.1748735608553,383.59759521484375,3500,0.0,0.0
2016-12-02 00:00:00+09:00,381.9824474455181,383.59759521484375,381.9824474455181,383.59759521484375,700,0.0,0.0
2016-12-05 00:00:00+09:00,387.6354646381579,387.6354646381579,383.59759521484375,383.59759521484375,1100,0.0,0.0
2016-12-06 00:00:00+09:00,388.4430157011024,388.4430157011024,386.0202941894531,386.0202941894531,1600,0.0,0.0
2016-12-07 00:00:00+09:00,387.635441863886,388.4430157011024,385.2127203522367,386.0202941894531,5900,0.0,0.0
2016-12-08 00:00:00+09:00,387.6354675292969,389.25061531066893,386.8278936386108,387.6354675292969,1900,0.0,0.0
2016-12-09 00:00:00+09:00,386.8278936386108,387.6354675292969,386.8278936386108,387.6354675292969,1200,0.0,0.0
2016-12-12 00:00:00+09:00,390.86574524306457,391.67331909687255,388.4430236816406,388.4430236816406,2600,0.0,0.0
2016-12-13 00:00:00+09:00,388.4430492077308,394.90364046274505,387.635475300854,390.0581970214844,800,0.0,0.0
2016-12-14 00:00:00+09:00,390.05819205057986,391.67333984375,389.2506181539948,391.67333984375,1700,0.0,0.0
2016-12-15 00:00:00+09:00,390.0581713892566,391.67331909687255,387.63544982783264,388.4430236816406,4000,0.0,0.0
2016-12-16 00:00:00+09:00,390.05816476004463,395.711181640625,390.05816476004463,395.711181640625,5500,0.0,0.0
2016-12-19 00:00:00+09:00,397.326321206074,408.6323547363281,395.7111735588948,408.6323547363281,6700,0.0,0.0
2016-12-20 00:00:00+09:00,411.8626611613114,416.7081042337974,408.63236577965404,415.09295654296875,10200,0.0,0.0
2016-12-21 00:00:00+09:00,415.0929633112237,415.0929633112237,403.78692929107365,407.8247985839844,7000,0.0,0.0
2016-12-22 00:00:00+09:00,407.8247906202339,407.8247906202339,398.13390450648575,405.4020690917969,5900,0.0,0.0
2016-12-26 00:00:00+09:00,403.7869300371335,403.7869300371335,387.63545283564815,392.48089599609375,7400,0.0,0.0
2016-12-27 00:00:00+09:00,395.7111944443339,403.7869331064632,394.903620578121,396.5187683105469,5800,0.0,0.0
2016-12-28 00:00:00+09:00,399.74909484741937,406.2096862792969,399.74909484741937,406.2096862792969,1100,0.0,0.0
2016-12-29 00:00:00+09:00,407.01721042540015,407.01721042540015,396.51875063268153,397.3263244628906,2100,0.0,0.0
2016-12-30 00:00:00+09:00,398.9414228515625,403.786865234375,398.9414228515625,403.786865234375,1000,0.0,0.0
2017-01-04 00:00:00+09:00,411.86269365118807,411.86269365118807,405.4021023782283,409.4399719238281,17600,0.0,0.0
2017-01-05 00:00:00+09:00,413.4778293918919,419.9384204761402,410.2475338497677,418.3232727050781,6400,0.0,0.0
2017-01-06 00:00:00+09:00,418.3232164013293,418.3232164013293,416.70806884765625,416.70806884765625,2300,0.0,0.0
2017-01-10 00:00:00+09:00,418.3232854648362,419.93843328516374,416.70813764450867,419.130859375,6900,0.0,0.0
2017-01-11 00:00:00+09:00,419.13079359526824,420.7459411621094,419.13079359526824,420.7459411621094,1800,0.0,0.0
2017-01-12 00:00:00+09:00,424.7838434901806,440.12774658203125,421.55354810242255,440.12774658203125,8600,0.0,0.0
2017-01-13 00:00:00+09:00,454.66408618846975,464.3549725725934,444.97319980434605,461.9322509765625,12000,0.0,0.0
2017-01-16 00:00:00+09:00,478.083713201503,479.6988608812378,466.7776794433594,466.7776794433594,7900,0.0,0.0
2017-01-17 00:00:00+09:00,456.2792020525251,460.3170710972377,445.7807425362723,452.2413330078125,8300,0.0,0.0
2017-01-18 00:00:00+09:00,448.20355224609375,448.20355224609375,444.9732563740498,448.20355224609375,4900,0.0,0.0
2017-01-19 00:00:00+09:00,445.7807298363428,454.66404148163224,445.7807298363428,451.4337463378906,3000,0.0,0.0
2017-01-20 00:00:00+09:00,451.43375919886995,452.2413330078125,451.43375919886995,452.2413330078125,700,0.0,0.0
2017-01-23 00:00:00+09:00,448.2035730002785,452.24144302730804,432.0520928921603,441.74298095703125,10600,0.0,0.0
2017-01-24 00:00:00+09:00,445.7807922363281,445.7807922363281,444.9732183373493,445.7807922363281,4000,0.0,0.0
2017-01-25 00:00:00+09:00,445.78083034206077,450.6262741501267,445.78083034206077,448.20355224609375,900,0.0,0.0
2017-01-26 00:00:00+09:00,448.2034923412182,472.4307081434462,448.2034923412182,457.8943786621094,4600,0.0,0.0
2017-01-27 00:00:00+09:00,460.31705798318006,461.12463176911547,449.0110249800844,451.4337463378906,4500,0.0,0.0
2017-01-30 00:00:00+09:00,451.4337463378906,451.4337463378906,449.0110249800844,451.4337463378906,400,0.0,0.0
2017-01-31 00:00:00+09:00,452.241357421875,454.6640789794922,444.16561889648443,444.1656188964844,2200,0.0,0.0
2017-02-01 00:00:00+09:00,441.7429220694083,444.1656437626591,432.8596091941551,436.08990478515625,4000,0.0,0.0
2017-02-02 00:00:00+09:00,436.08985331521103,436.08985331521103,430.436836698162,432.85955810546875,2400,0.0,0.0
2017-02-03 00:00:00+09:00,428.8217646184957,432.8596343418337,428.0141906738281,428.0141906738281,3000,0.0,0.0
2017-02-06 00:00:00+09:00,443.3580698649088,443.3580698649088,435.2823308874059,436.08990478515625,1300,0.0,0.0
2017-02-07 00:00:00+09:00,436.08990478515625,436.08990478515625,436.08990478515625,436.08990478515625,3000,0.0,0.0
2017-02-08 00:00:00+09:00,428.014154287485,431.24444979154146,419.93841552734375,419.93841552734375,3200,0.0,0.0
2017-02-09 00:00:00+09:00,420.7459844830392,432.8595924815912,415.9005412836184,421.5535583496094,13100,0.0,0.0
2017-02-10 00:00:00+09:00,423.9763006058029,431.2444657590453,422.3611527939713,424.78387451171875,5200,0.0,0.0
2017-02-13 00:00:00+09:00,424.7838567918347,431.24444776965726,424.7838567918347,425.5914306640625,3600,0.0,0.0
2017-02-14 00:00:00+09:00,436.8974010453242,436.8974010453242,431.244384765625,431.244384765625,2200,0.0,0.0
2017-02-15 00:00:00+09:00,426.39901801215274,436.08990478515625,426.39901801215274,436.08990478515625,9300,0.0,0.0
2017-02-16 00:00:00+09:00,440.12775639729665,440.12775639729665,436.0898870725508,436.8974609375,5600,0.0,0.0
2017-02-17 00:00:00+09:00,441.74290810861896,450.626220703125,441.74290810861896,450.626220703125,4700,0.0,0.0
2017-02-20 00:00:00+09:00,460.3171071698589,460.3171071698589,449.0110729586694,450.626220703125,3100,0.0,0.0
2017-02-21 00:00:00+09:00,449.8186567285861,450.6262306185836,447.39593505859375,447.39593505859375,2300,0.0,0.0
2017-02-22 00:00:00+09:00,447.39589015415737,457.08677586146763,446.5883163452148,452.2413330078125,3400,0.0,0.0
2017-02-23 00:00:00+09:00,448.20346396309986,457.8943496704101,448.20346396309986,452.2413330078125,2400,0.0,0.0
2017-02-24 00:00:00+09:00,460.3170436082688,460.3170436082688,454.664027283255,456.2791748046875,1700,0.0,0.0
2017-02-27 00:00:00+09:00,459.5095332976311,459.5095332976311,450.626220703125,450.626220703125,2900,0.0,0.0
2017-02-28 00:00:00+09:00,447.39589015415737,452.2413330078125,447.39589015415737,452.2413330078125,600,0.0,0.0
2017-03-01 00:00:00+09:00,450.626220703125,461.1246810420867,449.8186468308972,450.626220703125,2500,0.0,0.0
2017-03-02 00:00:00+09:00,451.4338024227802,453.0489501953125,451.4338024227802,453.0489501953125,300,0.0,0.0
2017-03-03 00:00:00+09:00,447.3959605265007,449.81868233440593,447.3959605265007,449.0111083984375,1300,0.0,0.0
2017-03-06 00:00:00+09:00,449.0110377720424,461.1246449061802,449.0110377720424,452.2413330078125,2500,0.0,0.0
2017-03-07 00:00:00+09:00,449.01108283858866,449.01108283858866,447.39593505859375,447.39593505859375,700,0.0,0.0
2017-03-08 00:00:00+09:00,459.50945682390363,459.50945682390363,453.85644065911043,455.4715881347656,2300,0.0,0.0
2017-03-09 00:00:00+09:00,452.24136844758067,454.66409006426414,450.626220703125,450.626220703125,800,0.0,0.0
2017-03-10 00:00:00+09:00,458.7019931935502,458.7019931935502,454.66412353515625,454.66412353515625,1300,0.0,0.0
2017-03-13 00:00:00+09:00,451.4338278084411,454.66412353515625,451.4338278084411,454.66412353515625,400,0.0,0.0
2017-03-14 00:00:00+09:00,455.4716282435826,455.4716282435826,451.43375919886995,452.2413330078125,2300,0.0,0.0
2017-03-15 00:00:00+09:00,450.6261725519552,451.4337463378906,450.6261725519552,451.4337463378906,500,0.0,0.0
2017-03-16 00:00:00+09:00,449.81867994508355,454.66412353515625,449.01110601340474,454.66412353515625,900,0.0,0.0
2017-03-17 00:00:00+09:00,457.8944192618714,457.8944192618714,452.2414017401199,454.66412353515625,2100,0.0,0.0
2017-03-21 00:00:00+09:00,453.0489501953125,457.0868196266433,452.24137630904636,453.0489501953125,3900,0.0,0.0
2017-03-22 00:00:00+09:00,455.47164431730346,457.0867919921875,449.81862745520925,457.0867919921875,3000,0.0,0.0
2017-03-23 00:00:00+09:00,455.471669801524,458.70196533203125,455.471669801524,458.70196533203125,3600,0.0,0.0
2017-03-24 00:00:00+09:00,458.70197809685305,464.3549954325537,458.70197809685305,459.5095520019531,4600,0.0,0.0
2017-03-27 00:00:00+09:00,463.5473840838897,466.7776794433594,462.73981024402235,466.7776794433594,4300,0.0,0.0
2017-03-28 00:00:00+09:00,470.81554864269634,470.81554864269634,466.7776794433594,466.7776794433594,2100,0.0,0.0
2017-03-29 00:00:00+09:00,471.66540383543645,471.66540383543645,466.7776794433594,466.7776794433594,1800,5.0,0.0
2017-03-30 00:00:00+09:00,466.7776799210258,468.40692138671875,466.7776799210258,468.40692138671875,900,0.0,0.0
2017-03-31 00:00:00+09:00,467.5923618468709,475.7385702414157,467.5923618468709,470.0362243652344,1800,0.0,0.0
2017-04-03 00:00:00+09:00,471.66548060366983,471.66548060366983,460.2607884992633,464.3338928222656,1800,0.0,0.0
2017-04-04 00:00:00+09:00,456.1876505830862,456.1876505830862,439.89523449083316,446.4122009277344,4500,0.0,0.0
2017-04-05 00:00:00+09:00,443.1536860729936,443.1536860729936,440.7098238336204,441.5244445800781,2000,0.0,0.0
2017-04-06 00:00:00+09:00,440.70980576337394,440.70980576337394,426.04663292836335,432.5635986328125,6700,0.0,0.0
2017-04-07 00:00:00+09:00,435.8221274321934,436.63674823113206,431.7490234375,431.7490234375,800,0.0,0.0
2017-04-10 00:00:00+09:00,423.60276976844165,429.30511474609375,423.60276976844165,429.30511474609375,2400,0.0,0.0
2017-04-11 00:00:00+09:00,428.4905384944035,428.4905384944035,423.6028137207031,423.6028137207031,600,0.0,0.0
2017-04-12 00:00:00+09:00,422.7881779002594,429.3051440335968,422.7881779002594,424.41741943359375,1100,0.0,0.0
2017-04-13 00:00:00+09:00,420.3443276541573,420.3443276541573,396.7203247433617,410.5688781738281,5800,0.0,0.0
2017-04-14 00:00:00+09:00,410.56886560082205,421.158935546875,410.56886560082205,421.158935546875,600,0.0,0.0
2017-04-17 00:00:00+09:00,411.38347029685974,421.15891909599304,411.38347029685974,417.0858154296875,9300,0.0,0.0
2017-04-18 00:00:00+09:00,413.01277290255865,421.9736022949219,413.01277290255865,421.9736022949219,1100,0.0,0.0
2017-04-19 00:00:00+09:00,419.5296662129759,430.9343561682801,419.5296662129759,429.30511474609375,2800,0.0,0.0
2017-04-20 00:00:00+09:00,431.74905301967345,431.74905301967345,424.41746532688654,425.2320861816406,3000,0.0,0.0
2017-04-21 00:00:00+09:00,422.78819396740585,432.56364353890655,422.78819396740585,428.49053955078125,1600,0.0,0.0
2017-04-24 00:00:00+09:00,420.3443029876938,433.37823486328125,420.3443029876938,433.37823486328125,2500,0.0,0.0
2017-04-25 00:00:00+09:00,433.3782357742537,436.63671875,425.23202833488807,436.63671875,600,0.0,0.0
2017-04-26 00:00:00+09:00,437.4513704094302,438.2659912109375,436.63674960792287,438.2659912109375,2500,0.0,0.0
2017-04-27 00:00:00+09:00,438.2659912109375,441.52447441696677,435.00750800490823,438.2659912109375,3200,0.0,0.0
2017-04-28 00:00:00+09:00,439.0805809818097,440.7098224696828,436.63671875,436.63671875,1400,0.0,0.0
2017-05-01 00:00:00+09:00,440.70983726401266,440.70983726401266,434.19287109375,434.19287109375,600,0.0,0.0
2017-05-02 00:00:00+09:00,440.7098702216279,451.2999410402622,440.7098702216279,445.59759521484375,4200,0.0,0.0
2017-05-08 00:00:00+09:00,441.52455315893275,505.06498700837324,441.52455315893275,499.3626403808594,28700,0.0,0.0
2017-05-09 00:00:00+09:00,580.8246459960938,580.8246459960938,580.8246459960938,580.8246459960938,38700,0.0,0.0
2017-05-10 00:00:00+09:00,552.312894154744,562.0883436088102,531.1327536709338,540.908203125,114800,0.0,0.0
2017-05-11 00:00:00+09:00,610.1508801220898,622.370190137886,594.6730874354146,613.4093627929688,281200,0.0,0.0
2017-05-12 00:00:00+09:00,576.7514384684471,597.9315760393222,575.9368177926442,588.1561279296875,89000,0.0,0.0
2017-05-15 00:00:00+09:00,588.1561734732577,610.9655541619712,573.4930001733703,587.341552734375,40900,0.0,0.0
2017-05-16 00:00:00+09:00,583.2683309756516,599.5607424554183,583.2683309756516,593.8583984375,22600,0.0,0.0
2017-05-17 00:00:00+09:00,601.190156013735,606.077880859375,589.7854647072413,606.077880859375,11900,0.0,0.0
2017-05-18 00:00:00+09:00,593.858610999435,593.858610999435,574.307710225791,585.71240234375,27200,0.0,0.0
2017-05-19 00:00:00+09:00,586.5269448723592,588.1561863858935,575.936875034386,578.3807373046875,9800,0.0,0.0
2017-05-22 00:00:00+09:00,578.3807246066661,587.341552734375,575.9368623900182,587.341552734375,15500,0.0,0.0
2017-05-23 00:00:00+09:00,586.5270232093185,586.5270232093185,579.195435419202,585.71240234375,7700,0.0,0.0
2017-05-24 00:00:00+09:00,585.7123112566097,591.4146564287881,580.0099660844313,587.341552734375,8300,0.0,0.0
2017-05-25 00:00:00+09:00,685.096045650653,709.53466796875,674.5059759794776,709.53466796875,234100,0.0,0.0
2017-05-26 00:00:00+09:00,686.7253140212496,703.017729537768,678.5791062629904,698.1300048828125,94400,0.0,0.0
2017-05-29 00:00:00+09:00,698.1299869391436,774.7043378986295,680.2083303316043,745.3779907226562,117900,0.0,0.0
2017-05-30 00:00:00+09:00,734.7879033989213,811.3622525336204,729.9001789860681,789.3674926757812,165200,0.0,0.0
2017-05-31 00:00:00+09:00,824.3961606233016,911.5605768156863,789.3674700039321,861.8687133789062,450700,0.0,0.0
2017-06-01 00:00:00+09:00,896.0828200775119,1106.2549724229648,887.9366126222618,934.3699951171875,898300,0.0,0.0
2017-06-02 00:00:00+09:00,1056.5632339605763,1059.00709649094,951.4771451549369,969.3988037109375,194200,0.0,0.0
2017-06-05 00:00:00+09:00,969.398739934514,969.398739934514,859.4249333032876,888.7512817382812,119100,0.0,0.0
2017-06-06 00:00:00+09:00,856.1663683336657,866.7564375899337,808.1037463244495,813.8060913085938,95900,0.0,0.0
2017-06-07 00:00:00+09:00,813.8062419366399,822.7670714274337,796.6992038178516,799.14306640625,41900,0.0,0.0
2017-06-08 00:00:00+09:00,817.8792529644583,847.2056006803153,800.772216796875,800.772216796875,81900,0.0,0.0
2017-06-09 00:00:00+09:00,800.7721885842499,808.9183959960938,777.9628078310872,808.9183959960938,41500,0.0,0.0
2017-06-12 00:00:00+09:00,817.0647583007812,817.0647583007812,786.1091642674515,817.0647583007812,35500,0.0,0.0
2017-06-13 00:00:00+09:00,847.2056929976852,900.1560488100405,815.435479510272,879.79052734375,157000,0.0,0.0
2017-06-14 00:00:00+09:00,896.0827141420779,972.6570551687646,896.0827141420779,963.6962280273438,248000,0.0,0.0
2017-06-15 00:00:00+09:00,985.6911621093751,1037.012272202673,944.9601223527893,985.691162109375,281500,0.0,0.0
2017-06-16 00:00:00+09:00,953.9210612529033,968.5842372584988,880.6051812249261,904.2291870117188,148000,0.0,0.0
2017-06-19 00:00:00+09:00,905.8583226772702,931.9261880780549,897.712114739525,908.3021850585938,65500,0.0,0.0
2017-06-20 00:00:00+09:00,908.3021640953218,938.443132769337,883.048920071147,884.6781616210938,52300,0.0,0.0
2017-06-21 00:00:00+09:00,875.7173218878146,921.3360847024356,873.2734595941743,900.1559448242188,30700,0.0,0.0
2017-06-22 00:00:00+09:00,924.5945563265437,928.6676600989074,909.9313827460346,915.6337280273438,23700,0.0,0.0
2017-06-23 00:00:00+09:00,920.52148948492,922.9653518463844,870.0150006813226,875.7173461914062,34500,0.0,0.0
2017-06-26 00:00:00+09:00,867.5710809230804,869.2003223896027,804.8452844619751,834.171630859375,70400,0.0,0.0
2017-06-27 00:00:00+09:00,819.5084864048687,835.8009016415459,813.8061410720316,829.283935546875,41100,0.0,0.0
2017-06-28 00:00:00+09:00,804.8453831061586,828.4693872661571,799.9576581075382,807.2892456054688,46000,0.0,0.0
2017-06-29 00:00:00+09:00,822.7669677734375,839.0593829768718,806.4745525700031,822.7669677734375,35700,0.0,0.0
2017-06-30 00:00:00+09:00,813.8061377245509,826.8400698602794,800.7722055888223,816.25,20400,0.0,0.0
2017-07-03 00:00:00+09:00,805.6599070231119,854.5371511296709,805.6599070231119,840.6885986328125,22600,0.0,0.0
2017-07-04 00:00:00+09:00,840.6887792771862,863.4981647614509,808.1039428710938,808.1039428710938,20000,0.0,0.0
2017-07-05 00:00:00+09:00,808.1038808434959,825.2109186436102,798.328430672002,801.5869140625,16700,0.0,0.0
2017-07-06 00:00:00+09:00,803.2160324408084,812.176860388931,791.811342325016,798.3283081054688,9600,0.0,0.0
2017-07-07 00:00:00+09:00,798.3283528645833,798.3283528645833,784.4797998046874,794.2552490234375,9300,0.0,0.0
2017-07-10 00:00:00+09:00,789.367630099267,790.9968718538579,777.9629378171311,790.1822509765625,9500,0.0,0.0
2017-07-11 00:00:00+09:00,790.1820978842492,790.1820978842492,783.6651321285027,788.5528564453125,7400,0.0,0.0
2017-07-12 00:00:00+09:00,782.0359205163044,790.9967487722204,778.7774375141531,786.9236450195312,9000,0.0,0.0
2017-07-13 00:00:00+09:00,786.1090097338792,794.2552170886345,786.1090097338792,789.3674926757812,6200,0.0,0.0
2017-07-14 00:00:00+09:00,795.069947281504,801.5869140625,789.3676013481326,801.5869140625,8700,0.0,0.0
2017-07-17 00:00:00+09:00,801.5869140625,801.5869140625,801.5869140625,801.5869140625,0,0.0,0.0
2017-07-18 00:00:00+09:00,832.5425701756631,832.5425701756631,803.2162174101799,808.1039428710938,16300,0.0,0.0
2017-07-19 00:00:00+09:00,814.6207439365671,820.3230891441231,808.9183987290112,818.69384765625,12800,0.0,0.0
2017-07-20 00:00:00+09:00,819.5085281479203,819.5085281479203,807.289216098001,812.1769409179688,15200,0.0,0.0
2017-07-21 00:00:00+09:00,812.1769254753389,812.9915462631777,776.3336108104291,811.3623046875,14800,0.0,0.0
2017-07-24 00:00:00+09:00,807.2891360535914,807.2891360535914,789.3674801573461,798.3283081054688,7200,0.0,0.0
2017-07-25 00:00:00+09:00,799.1430821293025,803.2161865234375,794.2553568563403,803.2161865234375,10100,0.0,0.0
2017-07-26 00:00:00+09:00,804.0307836422975,850.4641723632812,804.0307836422975,850.4641723632812,27600,0.0,0.0
2017-07-27 00:00:00+09:00,856.981152581936,885.4928829435023,823.5816970155297,834.9863891601562,39100,0.0,0.0
2017-07-28 00:00:00+09:00,844.7617105184854,844.7617105184854,815.4353637695312,815.4353637695312,7800,0.0,0.0
2017-07-31 00:00:00+09:00,820.3230570047587,821.1376777167793,808.1037463244495,813.8060913085938,8800,0.0,0.0
2017-08-01 00:00:00+09:00,820.3230726318359,820.3230726318359,785.2943813476562,814.6207275390625,14800,0.0,0.0
2017-08-02 00:00:00+09:00,808.9185322996555,814.620878448797,785.2945268246403,799.9577026367188,9300,0.0,0.0
2017-08-03 00:00:00+09:00,809.7329877484907,814.6207120206144,786.9236078119135,813.8060913085938,8800,0.0,0.0
2017-08-04 00:00:00+09:00,821.1376509671151,830.913099192914,816.2499268542156,825.2107543945312,8900,0.0,0.0
2017-08-07 00:00:00+09:00,826.8400069181332,826.8400069181332,806.4744895063565,812.991455078125,7400,0.0,0.0
2017-08-08 00:00:00+09:00,821.1377098880597,822.7669513759328,814.6207439365671,818.69384765625,8100,0.0,0.0
2017-08-09 00:00:00+09:00,818.6938196943311,830.0985097199238,807.2891296687384,826.8400268554688,12300,0.0,0.0
2017-08-10 00:00:00+09:00,827.6547305092292,828.4693513069745,764.9289290828408,786.1090698242188,43300,0.0,0.0
2017-08-11 00:00:00+09:00,786.1090698242188,786.1090698242188,786.1090698242188,786.1090698242188,0,0.0,0.0
2017-08-14 00:00:00+09:00,769.8167290441768,801.5869432586984,749.4512071117912,790.1822509765625,13500,0.0,0.0
2017-08-15 00:00:00+09:00,786.92367666739,794.2552637170862,772.2605025679977,791.8114013671875,9200,0.0,0.0
2017-08-16 00:00:00+09:00,782.0359350661994,810.547661865488,782.0359350661994,784.4797973632812,8900,0.0,0.0
2017-08-17 00:00:00+09:00,786.9236026876915,797.513671875,773.889671380235,797.513671875,5200,0.0,0.0
2017-08-18 00:00:00+09:00,784.4797818824308,792.6259893786139,783.6651611328125,783.6651611328125,4800,0.0,0.0
2017-08-21 00:00:00+09:00,778.7774375141531,789.3675072711447,778.7774375141531,786.9236450195312,6900,0.0,0.0
2017-08-22 00:00:00+09:00,782.0359022494754,782.0359022494754,776.3335571289062,776.3335571289062,3700,0.0,0.0
2017-08-23 00:00:00+09:00,775.51887173303,785.2943196960514,761.670320452083,766.5580444335938,5600,0.0,0.0
2017-08-24 00:00:00+09:00,760.0411840585562,762.4850463867188,742.1195269853641,762.4850463867188,18200,0.0,0.0
2017-08-25 00:00:00+09:00,761.6704870995055,765.7435913085938,756.7827620485996,765.7435913085938,2200,0.0,0.0
2017-08-28 00:00:00+09:00,761.6702997116815,765.7434029186959,747.8217488078328,752.70947265625,8100,0.0,0.0
2017-08-29 00:00:00+09:00,751.0803360068733,751.0803360068733,745.3779907226562,745.3779907226562,4800,0.0,0.0
2017-08-30 00:00:00+09:00,745.3779907226562,748.6364737422089,742.1195077031036,745.3779907226562,3200,0.0,0.0
2017-08-31 00:00:00+09:00,754.3388819999323,755.1535028228263,742.1195696565209,751.89501953125,7500,0.0,0.0
2017-09-01 00:00:00+09:00,751.8950041069643,765.7435578120762,751.0803833007812,751.0803833007812,7800,0.0,0.0
2017-09-04 00:00:00+09:00,745.3779880865864,749.4510918466224,734.7879183104927,735.6025390625,9000,0.0,0.0
2017-09-05 00:00:00+09:00,733.9734023806742,737.2318858540623,709.5347763302633,721.7540893554688,12200,0.0,0.0
2017-09-06 00:00:00+09:00,707.9054237161444,709.5346651976545,681.0229392712274,699.7592163085938,19700,0.0,0.0
2017-09-07 00:00:00+09:00,702.2031735522598,738.0464909957627,702.2031735522598,720.939453125,18500,0.0,0.0
2017-09-08 00:00:00+09:00,738.8611275907564,747.8219571425738,721.7540893554688,721.7540893554688,13300,0.0,0.0
2017-09-11 00:00:00+09:00,709.534654413106,718.4954824252118,693.2422398456408,715.2369995117188,13900,0.0,0.0
2017-09-12 00:00:00+09:00,715.237059143768,716.8663007363506,692.4276768476113,708.7200927734375,10700,0.0,0.0
2017-09-13 00:00:00+09:00,715.2370885094931,715.2370885094931,700.5739135742188,700.5739135742188,4000,0.0,0.0
2017-09-14 00:00:00+09:00,703.0178211897997,708.7201673639928,675.3207112008621,693.2423706054688,13500,0.0,0.0
2017-09-15 00:00:00+09:00,688.3545436334173,710.3493041992188,688.3545436334173,710.3493041992188,3400,0.0,0.0
2017-09-18 00:00:00+09:00,710.3493041992188,710.3493041992188,710.3493041992188,710.3493041992188,0,0.0,0.0
2017-09-19 00:00:00+09:00,716.8662591628087,742.1195023833167,716.8662591628087,725.8270874023438,21700,0.0,0.0
2017-09-20 00:00:00+09:00,738.0463742055446,752.7095472030056,728.2709255405704,747.0072021484375,14800,0.0,0.0
2017-09-21 00:00:00+09:00,769.0020125951522,772.260495699369,752.7095970740685,762.4850463867188,14200,0.0,0.0
2017-09-22 00:00:00+09:00,764.11430049072,764.11430049072,735.6025728604692,750.2657470703125,10500,0.0,0.0
2017-09-25 00:00:00+09:00,747.8217808877268,757.5972290039062,745.3779188586819,757.5972290039062,4100,0.0,0.0
2017-09-26 00:00:00+09:00,763.2997431944165,763.2997431944165,753.5242929080418,760.041259765625,2800,0.0,0.0
2017-09-27 00:00:00+09:00,751.0803555219601,772.260495699369,751.0803555219601,762.4850463867188,3000,0.0,0.0
2017-09-28 00:00:00+09:00,769.816637238698,778.7774658203125,768.1873956784045,778.7774658203125,6500,0.0,0.0
2017-09-29 00:00:00+09:00,770.6311359565799,776.3334805143982,759.2264468409434,775.5188598632812,5300,0.0,0.0
2017-10-02 00:00:00+09:00,773.8897313906726,800.772216796875,759.2265575327441,800.772216796875,5300,0.0,0.0
2017-10-03 00:00:00+09:00,797.5136873829122,799.1429288280253,778.7774107641103,798.3283081054688,10700,0.0,0.0
2017-10-04 00:00:00+09:00,797.5136563353743,799.1428977170605,783.665104591042,796.6990356445312,7000,0.0,0.0
2017-10-05 00:00:00+09:00,785.2944328308106,786.9236743927003,773.889741897583,782.0359497070312,11600,0.0,0.0
2017-10-06 00:00:00+09:00,774.7043032191107,788.5528554322808,773.8896825006889,785.2943725585938,6400,0.0,0.0
2017-10-09 00:00:00+09:00,785.2943725585938,785.2943725585938,785.2943725585938,785.2943725585938,0,0.0,0.0
2017-10-10 00:00:00+09:00,790.182146788371,800.772216796875,776.3335937003275,800.772216796875,9400,0.0,0.0
2017-10-11 00:00:00+09:00,799.95759602699,800.772216796875,784.4798013991766,800.772216796875,6500,0.0,0.0
2017-10-12 00:00:00+09:00,793.4407356091283,804.0308070289627,793.4407356091283,799.9577026367188,11300,0.0,0.0
2017-10-13 00:00:00+09:00,799.9574980603848,824.3961181640625,791.8112913591589,824.3961181640625,20800,0.0,0.0
2017-10-16 00:00:00+09:00,819.508394143327,824.3961181640625,811.3621874421011,824.3961181640625,10400,0.0,0.0
2017-10-17 00:00:00+09:00,815.4354261354837,821.952392578125,813.8061845248234,821.952392578125,7400,0.0,0.0
2017-10-18 00:00:00+09:00,826.8399957654977,830.913099192914,818.6937889106653,825.2107543945312,12100,0.0,0.0
2017-10-19 00:00:00+09:00,819.5084674846638,820.3230882276903,801.5868111380807,815.4353637695312,12900,0.0,0.0
2017-10-20 00:00:00+09:00,808.1039428710938,812.1770474218553,790.1822828477428,808.1039428710938,10200,0.0,0.0
2017-10-23 00:00:00+09:00,800.7722932148755,812.9916059292428,800.7722932148755,801.5869140625,5500,0.0,0.0
2017-10-24 00:00:00+09:00,801.586899773745,807.2892456054688,795.8845539420212,807.2892456054688,6900,0.0,0.0
2017-10-25 00:00:00+09:00,805.6598427512429,830.9130835250432,805.6598427512429,824.3961181640625,19200,0.0,0.0
2017-10-26 00:00:00+09:00,822.7669832284325,824.39622477938,813.8061546982219,823.5816040039062,3100,0.0,0.0
2017-10-27 00:00:00+09:00,823.5815470100262,838.2447199538249,823.5815470100262,836.615478515625,4900,0.0,0.0
2017-10-30 00:00:00+09:00,838.2447268517661,859.4248657226562,834.9862439485523,859.4248657226562,19100,0.0,0.0
2017-10-31 00:00:00+09:00,859.4250022364026,859.4250022364026,837.4302391459923,853.72265625,13100,0.0,0.0
2017-11-01 00:00:00+09:00,860.2394864484597,865.941831529084,855.351762093639,859.4248657226562,6100,0.0,0.0
2017-11-02 00:00:00+09:00,850.4640860013873,874.9027091623467,850.4640860013873,871.6442260742188,5800,0.0,0.0
2017-11-03 00:00:00+09:00,871.6442260742188,871.6442260742188,871.6442260742188,871.6442260742188,0,0.0,0.0
2017-11-06 00:00:00+09:00,878.9758885197193,878.9758885197193,856.1665049436747,862.6834716796875,5700,0.0,0.0
2017-11-07 00:00:00+09:00,855.351806640625,867.5711181640625,852.9079443359375,855.351806640625,6000,0.0,0.0
2017-11-08 00:00:00+09:00,865.1272558593749,865.1272558593749,826.8400797526041,855.351806640625,11200,0.0,0.0
2017-11-09 00:00:00+09:00,870.0150097186748,870.0150097186748,834.1716947115384,847.2056274414062,9500,0.0,0.0
2017-11-10 00:00:00+09:00,846.3908787147672,846.3908787147672,830.9130859375,830.9130859375,4700,0.0,0.0
2017-11-13 00:00:00+09:00,872.4587836831303,887.936577231197,857.7956108481196,865.127197265625,43900,0.0,0.0
2017-11-14 00:00:00+09:00,874.9028453225734,874.9028453225734,833.3571794832333,852.9080810546875,15100,0.0,0.0
2017-11-15 00:00:00+09:00,852.0932810058594,852.0932810058594,798.3283129882813,814.6207275390625,23600,0.0,0.0
2017-11-16 00:00:00+09:00,808.1037857979106,848.0202026367188,808.1037857979106,848.0202026367188,11600,0.0,0.0
2017-11-17 00:00:00+09:00,849.6494612630208,855.351806640625,849.6494612630208,855.351806640625,5100,0.0,0.0
2017-11-20 00:00:00+09:00,855.3519116943595,855.3519116943595,840.6887360653134,841.5033569335938,4300,0.0,0.0
2017-11-21 00:00:00+09:00,853.7225938063401,854.5372146019569,839.0594194852388,847.2056274414062,10300,0.0,0.0
2017-11-22 00:00:00+09:00,845.5763858501728,847.2056274414062,839.0594194852388,847.2056274414062,7500,0.0,0.0
2017-11-23 00:00:00+09:00,847.2056274414062,847.2056274414062,847.2056274414062,847.2056274414062,0,0.0,0.0
2017-11-24 00:00:00+09:00,883.8635295332826,909.9313939987804,874.0880803587211,900.1559448242188,41700,0.0,0.0
2017-11-27 00:00:00+09:00,932.7407184433857,984.8764441904397,922.1506491510154,967.7694091796875,53000,0.0,0.0
2017-11-28 00:00:00+09:00,968.5840267778253,969.3986474900018,946.5892675490607,957.9939575195312,18500,0.0,0.0
2017-11-29 00:00:00+09:00,972.6571415135118,993.8372802734375,970.213279348905,993.8372802734375,25200,0.0,0.0
2017-11-30 00:00:00+09:00,996.2813427615956,1008.5006560415825,992.2082383349333,1007.68603515625,19200,0.0,0.0
2017-12-01 00:00:00+09:00,1006.871349400977,1006.871349400977,975.1011369198783,984.8765869140625,14000,0.0,0.0
2017-12-04 00:00:00+09:00,969.3986361333045,975.1009810517357,961.2524291069742,970.2132568359375,18500,0.0,0.0
2017-12-05 00:00:00+09:00,967.7693363854644,981.6178874953574,961.2523711572794,976.7301635742188,9400,0.0,0.0
2017-12-06 00:00:00+09:00,977.5449527480241,980.8034359238509,971.8426071903273,979.1741943359375,13300,0.0,0.0
2017-12-07 00:00:00+09:00,981.6180581337164,989.7642660850337,972.6572293872676,985.691162109375,14300,0.0,0.0
2017-12-08 00:00:00+09:00,989.7641911502735,1000.3542606852147,981.6179838157034,991.3934326171875,13800,0.0,0.0
2017-12-11 00:00:00+09:00,993.0227527649422,1006.0566855329809,992.2081319669397,1001.9835815429688,5300,0.0,0.0
2017-12-12 00:00:00+09:00,1018.2758778285828,1023.9782227444229,1002.7980844855883,1015.0173950195312,10500,0.0,0.0
2017-12-13 00:00:00+09:00,1010.9441084731473,1059.0067212047472,1010.9441084731473,1043.5289306640625,18900,0.0,0.0
2017-12-14 00:00:00+09:00,1041.899965790055,1051.6754150390625,1027.2367919165436,1051.6754150390625,6300,0.0,0.0
2017-12-15 00:00:00+09:00,1045.1583891997466,1056.5630793391047,1035.3829405088682,1054.933837890625,13500,0.0,0.0
2017-12-18 00:00:00+09:00,1055.7484878054693,1056.5631085522327,1018.2759334543492,1050.046142578125,10900,0.0,0.0
2017-12-19 00:00:00+09:00,1047.6022805371574,1047.6022805371574,994.6519319874566,995.466552734375,20800,0.0,0.0
2017-12-20 00:00:00+09:00,997.9104330086033,1015.8320897646761,997.9104330086033,1006.056640625,3500,0.0,0.0
2017-12-21 00:00:00+09:00,1030.4954825131572,1030.4954825131572,1006.056854469367,1010.944580078125,24700,0.0,0.0
2017-12-22 00:00:00+09:00,1009.315276926915,1010.1298978122473,1001.9836889589228,1007.68603515625,4300,0.0,0.0
2017-12-25 00:00:00+09:00,1001.9835368168016,1006.056640625,994.6519499620446,1006.056640625,16600,0.0,0.0
2017-12-26 00:00:00+09:00,1004.4273800403614,1004.4273800403614,985.6911028782135,992.2080688476562,5100,0.0,0.0
2017-12-27 00:00:00+09:00,996.2811761543855,1006.0566251436354,987.3203479142398,1005.2420043945312,8700,0.0,0.0
2017-12-28 00:00:00+09:00,1001.1690030046518,1001.1690030046518,981.6181030273438,981.6181030273438,15400,0.0,0.0
2017-12-29 00:00:00+09:00,978.3595050518329,978.3595050518329,944.9600548377404,953.1062622070312,17100,0.0,0.0
2018-01-01 00:00:00+09:00,953.1062622070312,953.1062622070312,953.1062622070312,953.1062622070312,0,0.0,0.0
2018-01-02 00:00:00+09:00,953.1062622070312,953.1062622070312,953.1062622070312,953.1062622070312,0,0.0,0.0
2018-01-03 00:00:00+09:00,953.1062622070312,953.1062622070312,953.1062622070312,953.1062622070312,0,0.0,0.0
2018-01-04 00:00:00+09:00,994.6522064208984,1049.2318115234375,993.0229644775391,1023.1639404296875,37800,0.0,0.0
2018-01-05 00:00:00+09:00,1041.8999296527606,1042.714550395257,1027.2367562878273,1030.4952392578125,11300,0.0,0.0
2018-01-08 00:00:00+09:00,1030.4952392578125,1030.4952392578125,1030.4952392578125,1030.4952392578125,0,0.0,0.0
2018-01-09 00:00:00+09:00,1030.4953818284828,1071.226424588502,1026.4222775524809,1067.1533203125,26100,0.0,0.0
2018-01-10 00:00:00+09:00,1067.1533000847105,1130.6937255859375,1056.5632291678394,1130.6937255859375,27200,0.0,0.0
2018-01-11 00:00:00+09:00,1138.839683677475,1200.750853891701,1133.951959713194,1159.2052001953125,39300,0.0,0.0
2018-01-12 00:00:00+09:00,1177.941572790049,1178.7561935181195,1116.0303974566855,1122.54736328125,28600,0.0,0.0
2018-01-15 00:00:00+09:00,1102.99653947136,1140.469095465217,1101.3672979064095,1116.8450927734375,17000,0.0,0.0
2018-01-16 00:00:00+09:00,1116.8451046012563,1116.8451046012563,1100.5526887792103,1101.3673095703125,5200,0.0,0.0
2018-01-17 00:00:00+09:00,1150.244421413275,1150.244421413275,1103.8110417953171,1123.3619384765625,24400,0.0,0.0
2018-01-18 00:00:00+09:00,1121.732728067297,1155.1321774868754,1121.732728067297,1124.9912109375,7700,0.0,0.0
2018-01-19 00:00:00+09:00,1122.5475035879424,1146.1715076547423,1122.5475035879424,1139.654541015625,7400,0.0,0.0
2018-01-22 00:00:00+09:00,1138.8396087750639,1195.0484306673955,1126.6202996680354,1193.419189453125,12200,0.0,0.0
2018-01-23 00:00:00+09:00,1192.6052079821309,1235.7801232984239,1181.2005133702799,1208.0830078125,24700,0.0,0.0
2018-01-24 00:00:00+09:00,1217.0434055998048,1254.515960256827,1217.0434055998048,1252.88671875,20400,0.0,0.0
2018-01-25 00:00:00+09:00,1240.6675272224775,1250.442977207159,1190.9756564670138,1246.369873046875,13700,0.0,0.0
2018-01-26 00:00:00+09:00,1245.5550515440088,1249.628155048077,1239.0380859375,1239.0380859375,8700,0.0,0.0
2018-01-29 00:00:00+09:00,1249.6282009727076,1249.6282009727076,1231.706544896176,1238.2235107421875,8000,0.0,0.0
2018-01-30 00:00:00+09:00,1223.5605110900042,1234.150582091449,1151.0592557724208,1189.346435546875,18000,0.0,0.0
2018-01-31 00:00:00+09:00,1140.469184770976,1201.5657482408496,1140.469184770976,1189.346435546875,13300,0.0,0.0
2018-02-01 00:00:00+09:00,1190.1608819808553,1219.4872281487612,1186.90239907331,1218.672607421875,3300,0.0,0.0
2018-02-02 00:00:00+09:00,1217.858122238005,1217.858122238005,1056.563200363005,1209.7119140625,24000,0.0,0.0
2018-02-05 00:00:00+09:00,1136.3960893142298,1209.7119660441801,1136.3960893142298,1147.80078125,14200,0.0,0.0
2018-02-06 00:00:00+09:00,1025.6074911073501,1075.2993552515504,903.4143825560375,952.2916259765625,59600,0.0,0.0
2018-02-07 00:00:00+09:00,1046.7877338669734,1103.8111901865752,957.1794453647424,966.9548950195312,42900,0.0,0.0
2018-02-08 00:00:00+09:00,918.8923830609892,978.3597092697235,918.8923830609892,960.4380493164062,30800,0.0,0.0
2018-02-09 00:00:00+09:00,911.5606198518173,927.8530348625736,856.1664088152456,899.34130859375,57200,0.0,0.0
2018-02-12 00:00:00+09:00,899.34130859375,899.34130859375,899.34130859375,899.34130859375,0,0.0,0.0
2018-02-13 00:00:00+09:00,944.1456309217087,957.1795654296874,928.667833693484,957.1795654296875,22100,0.0,0.0
2018-02-14 00:00:00+09:00,956.3647374050898,972.6571520116502,914.8190801583611,927.0383911132812,10800,0.0,0.0
2018-02-15 00:00:00+09:00,928.6676580255681,1021.5344238281249,927.0384165202601,1021.534423828125,10400,0.0,0.0
2018-02-16 00:00:00+09:00,1059.0069707925231,1116.0304230659667,1041.0853143637266,1050.046142578125,18600,0.0,0.0
2018-02-19 00:00:00+09:00,1053.3045964421453,1088.3332875844594,1050.0461135451858,1054.933837890625,20700,0.0,0.0
2018-02-20 00:00:00+09:00,1054.119023082947,1054.119023082947,1006.0564092020397,1032.124267578125,8400,0.0,0.0
2018-02-21 00:00:00+09:00,1033.7534667586085,1054.9336008293128,1032.9388462174275,1039.455810546875,4300,0.0,0.0
2018-02-22 00:00:00+09:00,1032.938927734375,1032.938927734375,1018.2757568359375,1018.2757568359375,2200,0.0,0.0
2018-02-23 00:00:00+09:00,1015.0173082139758,1034.5682033962673,1010.9442050509982,1026.4219970703125,4900,0.0,0.0
2018-02-26 00:00:00+09:00,1050.8606843948364,1050.8606843948364,1038.6413741111755,1042.7144775390625,2600,0.0,0.0
2018-02-27 00:00:00+09:00,1045.972857421875,1045.972857421875,1018.2757568359375,1018.2757568359375,10800,0.0,0.0
2018-02-28 00:00:00+09:00,1018.2758358568309,1028.8659045497418,1018.2758358568309,1025.607421875,2500,0.0,0.0
2018-03-01 00:00:00+09:00,1016.6466674804688,1023.1636332976512,971.0279067601914,1016.6466674804688,16400,0.0,0.0
2018-03-02 00:00:00+09:00,984.8764957897334,1005.2420147266592,962.0671145803765,986.5057373046875,3900,0.0,0.0
2018-03-05 00:00:00+09:00,979.9887858005549,994.6519596529322,974.2864404135192,984.0618896484375,11400,0.0,0.0
2018-03-06 00:00:00+09:00,989.7642660850337,993.0227492655605,971.0279877970042,985.691162109375,5700,0.0,0.0
2018-03-07 00:00:00+09:00,980.8032538317526,993.8371841152311,980.8032538317526,982.4324951171875,3100,0.0,0.0
2018-03-08 00:00:00+09:00,993.8373907554178,1017.4613943061614,990.5789075070394,1012.5736694335938,2800,0.0,0.0
2018-03-09 00:00:00+09:00,1012.5736067181174,1012.5736067181174,998.7250537702429,1006.056640625,5300,0.0,0.0
2018-03-12 00:00:00+09:00,1008.500547926988,1008.500547926988,973.4718536128843,1001.9835815429688,10600,0.0,0.0
2018-03-13 00:00:00+09:00,1001.1687803499533,1011.7588488158193,993.0225738377486,1008.5003662109375,6200,0.0,0.0
2018-03-14 00:00:00+09:00,996.2810718206939,1015.0173470879678,996.2810718206939,1009.3150024414062,6400,0.0,0.0
2018-03-15 00:00:00+09:00,1028.8659747149493,1092.4063912056588,1010.9443187816723,1054.933837890625,15600,0.0,0.0
2018-03-16 00:00:00+09:00,1055.7485660029854,1067.9678781095015,1050.860841160379,1057.3778076171875,6200,0.0,0.0
2018-03-19 00:00:00+09:00,1081.8163631889763,1081.8163631889763,1026.4221518208662,1034.568359375,7300,0.0,0.0
2018-03-20 00:00:00+09:00,1019.9054103608481,1022.3492731652271,997.9106451214368,1010.944580078125,3700,0.0,0.0
2018-03-21 00:00:00+09:00,1010.944580078125,1010.944580078125,1010.944580078125,1010.944580078125,0,0.0,0.0
2018-03-22 00:00:00+09:00,1013.38826719054,1047.602340520124,1013.38826719054,1046.7877197265625,5400,0.0,0.0
2018-03-23 00:00:00+09:00,1021.5345232325926,1021.5345232325926,976.7303774767771,978.359619140625,14000,0.0,0.0
2018-03-26 00:00:00+09:00,975.9156349329622,980.8033593149303,912.375217967377,927.0383911132812,24100,0.0,0.0
2018-03-27 00:00:00+09:00,975.9156710614795,993.0227070316724,941.7015991210938,941.7015991210938,3900,0.0,0.0
2018-03-28 00:00:00+09:00,949.883279227239,966.2464709451931,944.9743217118527,963.7919921875,7000,5.0,0.0
2018-03-29 00:00:00+09:00,963.7919203510334,1001.4272584971687,963.7919203510334,966.2463989257812,2500,0.0,0.0
2018-03-30 00:00:00+09:00,967.0644815413679,999.7908599353227,967.0644815413679,998.154541015625,4100,0.0,0.0
2018-04-02 00:00:00+09:00,999.7908137508512,1013.6995239257812,999.7908137508512,1013.6995239257812,1300,0.0,0.0
2018-04-03 00:00:00+09:00,994.0638477754909,994.0638477754909,967.0645827741813,988.3367309570312,4400,0.0,0.0
2018-04-04 00:00:00+09:00,1001.4271832974804,1001.4271832974804,989.1547913453054,992.4274291992188,1500,0.0,0.0
2018-04-05 00:00:00+09:00,1007.9725440014367,1010.4270225988429,995.7001510144063,996.518310546875,5200,0.0,0.0
2018-04-06 00:00:00+09:00,1013.6997111170746,1013.6997111170746,983.4278069109956,989.9730834960938,5500,0.0,0.0
2018-04-09 00:00:00+09:00,989.9731668364566,991.6094861204838,976.0644529222253,985.064208984375,4500,0.0,0.0
2018-04-10 00:00:00+09:00,981.7915205753018,983.4278397762606,977.7007225729047,982.6096801757812,3100,0.0,0.0
2018-04-11 00:00:00+09:00,993.2456192822389,1000.609054680542,967.0645156438272,976.0642700195312,6500,0.0,0.0
2018-04-12 00:00:00+09:00,976.8825402368474,986.700455214102,956.4285507008999,969.5191040039062,3500,0.0,0.0
2018-04-13 00:00:00+09:00,957.2465670310845,974.427915670104,953.1557697360798,965.4281616210938,5000,0.0,0.0
2018-04-16 00:00:00+09:00,960.5192703546262,973.6098225911459,959.7011108398438,959.7011108398438,3600,0.0,0.0
2018-04-17 00:00:00+09:00,961.3374041013069,982.6095509154634,936.7926193157416,937.6107788085938,6800,0.0,0.0
2018-04-18 00:00:00+09:00,949.0651245117188,958.0648800027781,944.9743265612371,949.0651245117188,3000,0.0,0.0
2018-04-19 00:00:00+09:00,949.0651746343667,949.0651746343667,929.429343435035,933.5201416015625,8200,0.0,0.0
2018-04-20 00:00:00+09:00,948.2467945046621,955.6102294921875,936.7925623018448,955.6102294921875,2600,0.0,0.0
2018-04-23 00:00:00+09:00,963.7920698403706,978.5189435730757,951.5196750631162,964.6102294921875,5700,0.0,0.0
2018-04-24 00:00:00+09:00,976.0643806554094,976.0643806554094,961.3375081895273,969.5191040039062,3200,0.0,0.0
2018-04-25 00:00:00+09:00,968.7009035188008,1006.3362426757812,954.7921912216559,1006.3362426757812,10500,0.0,0.0
2018-04-26 00:00:00+09:00,1013.6997241562218,1043.153469168025,1001.427330401304,1023.5176391601562,13400,0.0,0.0
2018-04-27 00:00:00+09:00,1031.6992422431317,1063.6074662300327,1031.6992422431317,1062.789306640625,5000,0.0,0.0
2018-04-30 00:00:00+09:00,1062.789306640625,1062.789306640625,1062.789306640625,1062.789306640625,0,0.0,0.0
2018-05-01 00:00:00+09:00,1082.4249923381399,1100.4245009030976,1075.879716496337,1076.6978759765625,10300,0.0,0.0
2018-05-02 00:00:00+09:00,1080.7888291000681,1097.9701806603266,1069.3345947265625,1069.3345947265625,3400,0.0,0.0
2018-05-03 00:00:00+09:00,1069.3345947265625,1069.3345947265625,1069.3345947265625,1069.3345947265625,0,0.0,0.0
2018-05-04 00:00:00+09:00,1069.3345947265625,1069.3345947265625,1069.3345947265625,1069.3345947265625,0,0.0,0.0
2018-05-07 00:00:00+09:00,1056.243996058059,1056.243996058059,1022.6994539679117,1052.1531982421875,9700,0.0,0.0
2018-05-08 00:00:00+09:00,1059.5165655464755,1059.5165655464755,1039.062577794613,1039.8807373046875,5600,0.0,0.0
2018-05-09 00:00:00+09:00,1027.6084370784622,1030.0629158294457,1016.1542029072054,1023.5176391601562,7100,0.0,0.0
2018-05-10 00:00:00+09:00,1022.6994088515934,1040.6989184473814,1018.608611216187,1034.9718017578125,8700,0.0,0.0
2018-05-11 00:00:00+09:00,985.8821480961169,999.7908588991327,943.3378562280687,965.4281616210938,35800,0.0,0.0
2018-05-14 00:00:00+09:00,948.2468474037189,981.7913864404338,946.6105284263182,976.0642700195312,10500,0.0,0.0
2018-05-15 00:00:00+09:00,976.8824355811404,979.3369140625,966.2463621619153,979.3369140625,6700,0.0,0.0
2018-05-16 00:00:00+09:00,975.2460875848327,975.2460875848327,971.9734497070312,971.9734497070312,1300,0.0,0.0
2018-05-17 00:00:00+09:00,972.7917590599639,973.6099186554727,970.3372802734375,970.3372802734375,9600,0.0,0.0
2018-05-18 00:00:00+09:00,980.155111940115,986.7003881467268,970.3371976301974,975.2461547851562,3300,0.0,0.0
2018-05-21 00:00:00+09:00,973.6099072182725,973.6099072182725,958.8830346721138,963.7919921875,4200,0.0,0.0
2018-05-22 00:00:00+09:00,964.6100787823017,964.6100787823017,951.5195263984876,957.2466430664062,13800,0.0,0.0
2018-05-23 00:00:00+09:00,954.7920700491292,957.2465483783043,953.9739106060707,955.6102294921875,3000,0.0,0.0
2018-05-24 00:00:00+09:00,955.6103573952112,981.7914630772717,955.6103573952112,958.8829956054688,1600,0.0,0.0
2018-05-25 00:00:00+09:00,959.7011551580331,980.9733035247074,958.8829956054688,958.8829956054688,3800,0.0,0.0
2018-05-28 00:00:00+09:00,963.792053379559,989.1550021527053,953.9741377254379,954.7922973632812,6800,0.0,0.0
2018-05-29 00:00:00+09:00,968.7010112066196,968.7010112066196,953.1559780875945,954.7922973632812,2000,0.0,0.0
2018-05-30 00:00:00+09:00,941.7015991210938,945.7923966846084,940.8834396083907,941.7015991210938,3200,0.0,0.0
2018-05-31 00:00:00+09:00,971.9733840654482,971.9733840654482,949.064920467946,953.973876953125,500,0.0,0.0
2018-06-01 00:00:00+09:00,961.3374384438118,961.3374384438118,939.2471313476561,939.2471313476562,3600,0.0,0.0
2018-06-04 00:00:00+09:00,941.7017439698144,941.7017439698144,899.9756024038192,909.7935180664062,8300,0.0,0.0
2018-06-05 00:00:00+09:00,910.6116777049551,916.3387951747976,909.7935180664062,909.7935180664062,2700,0.0,0.0
2018-06-06 00:00:00+09:00,910.6115797141647,931.8837280273438,909.7934201636577,931.8837280273438,2400,0.0,0.0
2018-06-07 00:00:00+09:00,926.1566375595572,926.1566375595572,902.4300099188971,912.2479248046875,2400,0.0,0.0
2018-06-08 00:00:00+09:00,903.2480898008242,915.5204823252919,892.6120162796188,893.43017578125,4700,0.0,0.0
2018-06-11 00:00:00+09:00,886.884927116184,891.7938842773438,867.2490984715453,891.7938842773438,12000,0.0,0.0
2018-06-12 00:00:00+09:00,877.0670391568013,892.612070634394,877.0670391568013,881.1578369140625,2600,0.0,0.0
2018-06-13 00:00:00+09:00,872.1579925880003,881.1577467329046,871.3398331202817,873.7943115234375,7600,0.0,0.0
2018-06-14 00:00:00+09:00,871.3398331202817,882.7940656683418,871.3398331202817,873.7943115234375,4000,0.0,0.0
2018-06-15 00:00:00+09:00,864.7945663191562,874.6124800332809,862.340087890625,862.340087890625,9200,0.0,0.0
2018-06-18 00:00:00+09:00,851.7040560969326,851.7040560969326,843.5224609375,843.5224609375,35200,0.0,0.0
2018-06-19 00:00:00+09:00,824.7048616504101,830.4319787452046,818.9777445556156,823.0685424804688,7700,0.0,0.0
2018-06-20 00:00:00+09:00,809.1597305297852,818.1594848632812,787.0694244384766,818.1594848632812,14900,0.0,0.0
2018-06-21 00:00:00+09:00,814.0687207737844,822.2503159574405,796.8873708881066,819.7958374023438,6200,0.0,0.0
2018-06-22 00:00:00+09:00,814.0688201015436,850.8860029202062,814.0688201015436,842.7044067382812,6400,0.0,0.0
2018-06-25 00:00:00+09:00,837.7952651515152,837.7952651515152,809.9778442382812,809.9778442382812,4700,0.0,0.0
2018-06-26 00:00:00+09:00,796.887338256836,818.1594848632812,796.887338256836,818.1594848632812,3700,0.0,0.0
2018-06-27 00:00:00+09:00,807.5234039151729,814.0686797321146,803.4326065295844,805.8870849609375,1000,0.0,0.0
2018-06-28 00:00:00+09:00,806.7052719721595,806.7052719721595,804.2507934570312,804.2507934570312,800,0.0,0.0
2018-06-29 00:00:00+09:00,805.8870631199258,834.5226440429688,805.8870631199258,834.5226440429688,1900,0.0,0.0
2018-07-02 00:00:00+09:00,833.7044679583926,833.7044679583926,806.7052064837832,809.9778442382812,3500,0.0,0.0
2018-07-03 00:00:00+09:00,820.6140686529368,820.6140686529368,806.7053556249209,808.3416748046875,2000,0.0,0.0
2018-07-04 00:00:00+09:00,808.3417420062822,809.1599016641833,790.3422295324581,793.6148681640625,5300,0.0,0.0
2018-07-05 00:00:00+09:00,788.7057076829791,794.4328238176065,774.7969970703125,774.7969970703125,5600,0.0,0.0
2018-07-06 00:00:00+09:00,762.524664202307,773.1607378446139,748.6159525162135,765.7973022460938,6800,0.0,0.0
2018-07-09 00:00:00+09:00,765.7973685372376,768.2518472825493,753.5249748106794,760.0702514648438,3400,0.0,0.0
2018-07-10 00:00:00+09:00,764.1610938784951,777.2516479492188,764.1610938784951,777.2516479492188,1900,0.0,0.0
2018-07-11 00:00:00+09:00,769.0699402898805,773.1607378446139,764.9791427351471,765.7973022460938,3200,0.0,0.0
2018-07-12 00:00:00+09:00,765.7973022460938,779.7060139321874,765.7973022460938,765.7973022460938,1600,0.0,0.0
2018-07-13 00:00:00+09:00,773.1607724542488,783.7968465726669,771.5244533591075,776.4334106445312,3200,0.0,0.0
2018-07-16 00:00:00+09:00,776.4334106445312,776.4334106445312,776.4334106445312,776.4334106445312,0,0.0,0.0
2018-07-17 00:00:00+09:00,773.1607242030951,773.9788836996064,747.7977798112476,750.2522583007812,15400,0.0,0.0
2018-07-18 00:00:00+09:00,761.7065021673491,761.7065021673491,746.9796310191082,747.7977905273438,10300,0.0,0.0
2018-07-19 00:00:00+09:00,750.2522917738158,754.3430894388857,746.161494108746,751.8886108398438,3300,0.0,0.0
2018-07-20 00:00:00+09:00,752.7067367903148,752.7067367903148,746.1614608182251,750.2522583007812,6200,0.0,0.0
2018-07-23 00:00:00+09:00,745.34326171875,753.5248562491424,743.7069428126715,745.34326171875,13800,0.0,0.0
2018-07-24 00:00:00+09:00,752.7067475767574,753.5249070849931,745.3433120026369,747.7977905273438,3400,0.0,0.0
2018-07-25 00:00:00+09:00,760.070250999434,760.070250999434,751.0704956054688,751.0704956054688,2800,0.0,0.0
2018-07-26 00:00:00+09:00,752.7067703728577,756.7975680379276,751.0704513068298,751.8886108398438,2500,0.0,0.0
2018-07-27 00:00:00+09:00,755.1612944258021,769.0700073242188,755.1612944258021,769.0700073242188,2000,0.0,0.0
2018-07-30 00:00:00+09:00,761.706492148155,791.9783935546875,761.706492148155,791.9783935546875,3700,0.0,0.0
2018-07-31 00:00:00+09:00,791.9783921515805,791.9783921515805,770.7062452549471,782.9786376953125,4900,0.0,0.0
2018-08-01 00:00:00+09:00,785.4331147595137,785.4331147595137,773.1607223413963,773.9788818359375,1600,0.0,0.0
2018-08-02 00:00:00+09:00,784.6149734110132,784.6149734110132,742.0706787109375,742.0706787109375,11900,0.0,0.0
2018-08-03 00:00:00+09:00,746.1614715108726,769.0699377414695,746.1614715108726,747.7977905273438,8200,0.0,0.0
2018-08-06 00:00:00+09:00,747.7977905273438,747.7977905273438,747.7977905273438,747.7977905273438,0,0.0,0.0
2018-08-07 00:00:00+09:00,745.3432796905967,745.3432796905967,719.9803360348244,722.434814453125,8300,0.0,0.0
2018-08-08 00:00:00+09:00,728.1620136639813,728.1620136639813,699.5264288569708,708.5261840820312,5700,0.0,0.0
2018-08-09 00:00:00+09:00,708.5261989885518,708.5261989885518,670.8908581646795,673.3453369140625,12900,0.0,0.0
2018-08-10 00:00:00+09:00,578.4388429434518,604.61995040341,573.5298852947096,587.4385986328125,48600,0.0,0.0
2018-08-13 00:00:00+09:00,589.0747737747301,596.4382084469144,568.6207885742188,568.6207885742188,12500,0.0,0.0
2018-08-14 00:00:00+09:00,589.0748432470493,589.0748432470493,567.8026961297949,571.8934936523438,12300,0.0,0.0
2018-08-15 00:00:00+09:00,571.8934387750371,572.7115982010386,551.439453125,551.439453125,7600,0.0,0.0
2018-08-16 00:00:00+09:00,548.985066889975,548.985066889975,512.1678865471301,526.0765991210938,42600,0.0,0.0
2018-08-17 00:00:00+09:00,518.7130740066459,542.439697265625,518.7130740066459,542.439697265625,13500,0.0,0.0
2018-08-20 00:00:00+09:00,544.0760931742319,548.1668908672713,526.8947428634667,534.2581787109375,7700,0.0,0.0
2018-08-21 00:00:00+09:00,542.4397917094984,568.6208977950247,535.8945151881168,544.0761108398438,17200,0.0,0.0
2018-08-22 00:00:00+09:00,536.7125441499813,546.5304565429688,533.4399066856521,546.5304565429688,7100,0.0,0.0
2018-08-23 00:00:00+09:00,545.7123413085938,546.5305007408405,536.7125875538793,545.7123413085938,9000,0.0,0.0
2018-08-24 00:00:00+09:00,544.8942874699964,554.7122025595457,542.4398086976089,553.89404296875,10300,0.0,0.0
2018-08-27 00:00:00+09:00,553.8940325459592,572.7117027801646,548.9850750935578,565.3482666015625,9400,0.0,0.0
2018-08-28 00:00:00+09:00,568.6208075689356,574.3479236163924,548.1668216851608,554.7120971679688,12700,0.0,0.0
2018-08-29 00:00:00+09:00,557.9848688874421,566.1664652054397,552.2577514648438,552.2577514648438,3300,0.0,0.0
2018-08-30 00:00:00+09:00,557.1666870117188,557.1666870117188,540.8034950289957,557.1666870117188,18500,0.0,0.0
2018-08-31 00:00:00+09:00,548.9849346412157,553.8938908377094,546.5304565429688,546.5304565429688,7700,0.0,0.0
2018-09-03 00:00:00+09:00,554.7122529034123,555.5304125684615,542.4398579276731,547.3488159179688,8300,0.0,0.0
2018-09-04 00:00:00+09:00,544.0760224441002,545.7123413085938,542.4397035796067,545.7123413085938,2200,0.0,0.0
2018-09-05 00:00:00+09:00,545.7123951356103,545.7123951356103,533.4400024414062,533.4400024414062,7200,0.0,0.0
2018-09-06 00:00:00+09:00,534.2581787109375,535.0763382495453,533.4400191723296,534.2581787109375,1200,0.0,0.0
2018-09-07 00:00:00+09:00,534.2581619543532,535.0763214673001,533.4400024414062,533.4400024414062,1000,0.0,0.0
2018-09-10 00:00:00+09:00,535.0763562445105,553.8940262653418,535.0763562445105,553.0758666992188,11700,0.0,0.0
2018-09-11 00:00:00+09:00,549.8031320701357,555.5302480291996,539.9852189974547,542.439697265625,9600,0.0,0.0
2018-09-12 00:00:00+09:00,542.4397165398849,542.4397165398849,528.531005859375,528.531005859375,12300,0.0,0.0
2018-09-13 00:00:00+09:00,524.4403022483543,534.2582174230505,524.4403022483543,530.1674194335938,7600,0.0,0.0
2018-09-14 00:00:00+09:00,530.1674908893864,538.3490879710128,530.1674908893864,536.7127685546875,2900,0.0,0.0
2018-09-17 00:00:00+09:00,536.7127685546875,536.7127685546875,536.7127685546875,536.7127685546875,0,0.0,0.0
2018-09-18 00:00:00+09:00,537.5307815551758,562.0755661010743,537.5307815551758,556.3484497070312,11500,0.0,0.0
2018-09-19 00:00:00+09:00,555.5303678134464,565.3482830030803,551.4395698177657,557.1666870117188,12900,0.0,0.0
2018-09-20 00:00:00+09:00,572.7117199307655,575.1661987304688,559.621166332348,575.1661987304688,8500,0.0,0.0
2018-09-21 00:00:00+09:00,576.8025673582963,591.5294414185081,576.8025673582963,586.6204833984375,7300,0.0,0.0
2018-09-24 00:00:00+09:00,586.6204833984375,586.6204833984375,586.6204833984375,586.6204833984375,0,0.0,0.0
2018-09-25 00:00:00+09:00,589.0748131793479,601.3472051205842,553.8939562811368,564.530029296875,23600,0.0,0.0
2018-09-26 00:00:00+09:00,564.5301675388956,576.8025624853933,564.5301675388956,574.3480834960938,5300,0.0,0.0
2018-09-27 00:00:00+09:00,581.711419824495,584.1658983891554,575.1661436520675,578.4387817382812,4500,0.0,0.0
2018-09-28 00:00:00+09:00,580.8932721331403,593.9838247445913,580.8932721331403,584.9840698242188,7300,0.0,0.0
2018-10-01 00:00:00+09:00,596.4382897802146,611.1651611328125,592.3474921822708,611.1651611328125,5200,0.0,0.0
2018-10-02 00:00:00+09:00,611.9833343388032,635.7099609375,611.9833343388032,635.7099609375,12400,0.0,0.0
2018-10-03 00:00:00+09:00,637.3462631428545,676.617919921875,637.3462631428545,676.617919921875,27000,0.0,0.0
2018-10-04 00:00:00+09:00,686.4359124717473,687.2540720813679,639.8008147233687,650.4368896484375,21600,0.0,0.0
2018-10-05 00:00:00+09:00,660.2547992460345,672.5271932840649,624.2557767344787,647.1642456054688,6800,0.0,0.0
2018-10-08 00:00:00+09:00,647.1642456054688,647.1642456054688,647.1642456054688,647.1642456054688,0,0.0,0.0
2018-10-09 00:00:00+09:00,627.528374692227,628.3465342420212,609.5288645967523,615.2559814453125,4800,0.0,0.0
2018-10-10 00:00:00+09:00,617.7104432859052,617.7104432859052,605.4380503729402,614.4378051757812,3000,0.0,0.0
2018-10-11 00:00:00+09:00,584.1659602003177,597.2565139302968,580.893321767823,587.4385986328125,14800,0.0,0.0
2018-10-12 00:00:00+09:00,589.8930615333485,604.6199340820312,589.8930615333485,604.6199340820312,5100,0.0,0.0
2018-10-15 00:00:00+09:00,610.3470016132237,625.8920324854104,605.4380444956911,611.1651611328125,3000,0.0,0.0
2018-10-16 00:00:00+09:00,614.4378269681994,614.4378269681994,605.4380718461618,609.5288696289062,2800,0.0,0.0
2018-10-17 00:00:00+09:00,613.6196899414062,619.3468070475261,612.8015303548177,613.6196899414062,5400,0.0,0.0
2018-10-18 00:00:00+09:00,608.7106884830642,617.7104432859052,608.7106884830642,614.4378051757812,1200,0.0,0.0
2018-10-19 00:00:00+09:00,605.43798828125,606.2561477248734,598.0745532886402,605.43798828125,4500,0.0,0.0
2018-10-22 00:00:00+09:00,597.256475547354,600.5291137695312,593.1656777696323,600.5291137695312,1500,0.0,0.0
2018-10-23 00:00:00+09:00,600.5291137695312,600.5291137695312,600.5291137695312,600.5291137695312,0,0.0,0.0
2018-10-24 00:00:00+09:00,594.8019576858688,600.5290741972871,594.8019576858688,595.6201171875,3300,0.0,0.0
2018-10-25 00:00:00+09:00,586.6202955506689,593.983730222853,550.6212815977686,568.6207885742188,23100,0.0,0.0
2018-10-26 00:00:00+09:00,574.3479456220355,584.1658592224121,549.8031616210938,549.8031616210938,7400,0.0,0.0
2018-10-29 00:00:00+09:00,546.5304565429688,558.8028470342031,546.5304565429688,546.5304565429688,7800,0.0,0.0
2018-10-30 00:00:00+09:00,546.5306714008309,566.16650390625,546.5306714008309,566.16650390625,3500,0.0,0.0
2018-10-31 00:00:00+09:00,568.6209829694274,568.6209829694274,551.4396295271857,566.16650390625,3700,0.0,0.0
2018-11-01 00:00:00+09:00,566.1664651142265,567.8027843775624,561.2575073242188,561.2575073242188,1500,0.0,0.0
2018-11-02 00:00:00+09:00,561.2574365234375,572.711669921875,554.712160295759,572.711669921875,7300,0.0,0.0
2018-11-05 00:00:00+09:00,572.7116531568536,576.8024506794026,566.984536625285,571.8934936523438,9300,0.0,0.0
2018-11-06 00:00:00+09:00,571.8936045067942,584.9841591163918,571.8936045067942,574.3480834960938,4600,0.0,0.0
2018-11-07 00:00:00+09:00,575.9842864730879,588.2566789405541,575.1661269752567,577.62060546875,19200,0.0,0.0
2018-11-08 00:00:00+09:00,584.1660043884023,588.256802738461,578.4388866983198,586.6204833984375,14300,0.0,0.0
2018-11-09 00:00:00+09:00,593.1656736008664,620.9830982938726,592.3475140510722,615.2559814453125,15700,0.0,0.0
2018-11-12 00:00:00+09:00,604.6199784937912,604.6199784937912,593.9839030940358,603.8018188476562,15700,0.0,0.0
2018-11-13 00:00:00+09:00,584.1659768314685,589.0749346199682,575.1662208858857,579.2570190429688,8100,0.0,0.0
2018-11-14 00:00:00+09:00,582.5295685244279,584.9840470434915,579.2569304990097,580.8932495117188,1600,0.0,0.0
2018-11-15 00:00:00+09:00,575.9843583303699,580.8933159297765,568.62092193126,575.1661987304688,5700,0.0,0.0
2018-11-16 00:00:00+09:00,576.8023826544234,576.8023826544234,568.6207885742188,568.6207885742188,2600,0.0,0.0
2018-11-19 00:00:00+09:00,568.620880310794,568.620880310794,539.9852964102504,543.2579345703125,12000,0.0,0.0
2018-11-20 00:00:00+09:00,549.8032059193368,549.8032059193368,536.7126533974479,548.9850463867188,6300,0.0,0.0
2018-11-21 00:00:00+09:00,545.7124122514476,548.1668908672713,523.6221047090352,534.2581787109375,9000,0.0,0.0
2018-11-22 00:00:00+09:00,535.0763556229441,544.8942704050164,530.1673982319079,544.0761108398438,5600,0.0,0.0
2018-11-23 00:00:00+09:00,544.0761108398438,544.0761108398438,544.0761108398438,544.0761108398438,0,0.0,0.0
2018-11-26 00:00:00+09:00,535.8945756731413,539.9853739607225,535.076416015625,535.076416015625,3700,0.0,0.0
2018-11-27 00:00:00+09:00,541.6216263532999,541.6216263532999,535.0763499019005,540.803466796875,3500,0.0,0.0
2018-11-28 00:00:00+09:00,540.803472579153,545.7124299701892,540.803472579153,544.0761108398438,3000,0.0,0.0
2018-11-29 00:00:00+09:00,540.8033409803927,551.4394127394625,540.8033409803927,546.5304565429688,3400,0.0,0.0
2018-11-30 00:00:00+09:00,551.4395475669726,553.0758666992188,544.0761114718646,553.0758666992188,800,0.0,0.0
2018-12-03 00:00:00+09:00,553.0758666992188,553.0758666992188,553.0758666992188,553.0758666992188,0,0.0,0.0
2018-12-04 00:00:00+09:00,542.4399347561509,548.1670532226562,542.4399347561509,548.1670532226562,3100,0.0,0.0
2018-12-05 00:00:00+09:00,548.1670532226562,548.1670532226562,548.1670532226562,548.1670532226562,0,0.0,0.0
2018-12-06 00:00:00+09:00,546.5306005564341,546.5306005564341,541.6216430664062,541.6216430664062,2500,0.0,0.0
2018-12-07 00:00:00+09:00,541.6216483778626,541.6216483778626,532.6218928912214,535.89453125,3800,0.0,0.0
2018-12-10 00:00:00+09:00,531.8037333015268,535.89453125,517.0768606870229,535.89453125,4400,0.0,0.0
2018-12-11 00:00:00+09:00,530.9855151679188,530.9855151679188,509.71336818122256,512.1678466796875,8000,0.0,0.0
2018-12-12 00:00:00+09:00,515.4405573414704,519.531355415609,515.4405573414704,518.7131958007812,4200,0.0,0.0
2018-12-13 00:00:00+09:00,518.7130673363096,523.6220238095239,515.4404296875,515.4404296875,3800,0.0,0.0
2018-12-14 00:00:00+09:00,515.4404296875,517.8949079241072,513.8041108630953,515.4404296875,4600,0.0,0.0
2018-12-17 00:00:00+09:00,512.1678623348088,512.9860218593053,503.16810756534727,503.98626708984375,6100,0.0,0.0
2018-12-18 00:00:00+09:00,495.80471487833313,499.07735326036834,484.35048054120995,485.16864013671875,12000,0.0,0.0
2018-12-19 00:00:00+09:00,484.35037459188436,494.98644700690886,484.35037459188436,493.3501281738281,7300,0.0,0.0
2018-12-20 00:00:00+09:00,484.35042776188385,493.3501823317837,464.714599609375,464.714599609375,10900,0.0,0.0
2018-12-21 00:00:00+09:00,464.7146382035413,464.7146382035413,441.80617012308505,460.62384033203125,23400,0.0,0.0
2018-12-24 00:00:00+09:00,460.62384033203125,460.62384033203125,460.62384033203125,460.62384033203125,0,0.0,0.0
2018-12-25 00:00:00+09:00,411.5342619468155,424.6248150107301,397.62554931640625,397.62554931640625,31900,0.0,0.0
2018-12-26 00:00:00+09:00,410.7160841535814,418.07951992525915,409.07976509320855,413.1705627441406,8900,0.0,0.0
2018-12-27 00:00:00+09:00,445.89693009076393,445.89693009076393,425.4429424719215,439.3516540527344,5800,0.0,0.0
2018-12-28 00:00:00+09:00,419.7158731585764,429.5337883201805,419.7158731585764,423.8066711425781,15500,0.0,0.0
2018-12-31 00:00:00+09:00,423.8066711425781,423.8066711425781,423.8066711425781,423.8066711425781,0,0.0,0.0
2019-01-04 00:00:00+09:00,413.98871743679047,418.8976745605469,410.7160793542862,418.8976745605469,5300,0.0,0.0
2019-01-07 00:00:00+09:00,426.2611153446027,457.3511775002551,426.2611153446027,438.53350830078125,8100,0.0,0.0
2019-01-08 00:00:00+09:00,439.3516284734552,450.8058608731356,439.3516284734552,449.9877014160156,7600,0.0,0.0
2019-01-09 00:00:00+09:00,450.80593102403,474.53255897266314,450.80593102403,463.896484375,7000,0.0,0.0
2019-01-10 00:00:00+09:00,469.62356335183847,475.3506799780804,449.987734919009,451.6240539550781,9700,0.0,0.0
2019-01-11 00:00:00+09:00,449.9877092479604,466.350898675159,449.9877092479604,462.2601013183594,2400,0.0,0.0
2019-01-15 00:00:00+09:00,459.8056778797279,465.532794863995,444.2606460652887,458.9875183105469,9600,0.0,0.0
2019-01-16 00:00:00+09:00,458.9874986217868,458.9874986217868,454.8967009513609,456.53302001953125,1000,0.0,0.0
2019-01-17 00:00:00+09:00,457.3511795536165,457.3511795536165,449.98774374684984,456.53302001953125,2200,0.0,0.0
2019-01-18 00:00:00+09:00,455.7148604854461,459.805658155872,455.7148604854461,456.53302001953125,2700,0.0,0.0
2019-01-21 00:00:00+09:00,458.98746343291964,472.8961744460384,458.98746343291964,462.2601013183594,4400,0.0,0.0
2019-01-22 00:00:00+09:00,467.98723007671225,467.98723007671225,452.44219970703125,452.44219970703125,5500,0.0,0.0
2019-01-23 00:00:00+09:00,455.71488003382285,458.9875183105469,454.07856089546084,458.9875183105469,1200,0.0,0.0
2019-01-24 00:00:00+09:00,454.07854141727574,466.35093442855344,454.07854141727574,456.53302001953125,3600,0.0,0.0
2019-01-25 00:00:00+09:00,457.3511728426305,469.62356567382807,454.07853475431114,469.6235656738281,5800,0.0,0.0
2019-01-28 00:00:00+09:00,471.25993487326684,478.6233713556617,469.6236156549569,472.0780944824219,3700,0.0,0.0
2019-01-29 00:00:00+09:00,472.0780273757056,474.5325058542621,466.3509109257403,468.8053894042969,2900,0.0,0.0
2019-01-30 00:00:00+09:00,469.6236211408649,474.5325788531387,464.714663428591,466.3509826660156,3100,0.0,0.0
2019-01-31 00:00:00+09:00,467.1690368652344,487.62302271747757,467.1690368652344,467.1690368652344,2900,0.0,0.0
2019-02-01 00:00:00+09:00,470.4417251959079,484.3504370712652,467.9872466296684,469.6235656738281,3300,0.0,0.0
2019-02-04 00:00:00+09:00,470.44176430537783,481.8959985667261,470.44176430537783,474.5325622558594,1800,0.0,0.0
2019-02-05 00:00:00+09:00,481.89599609375,482.7141556796477,474.53255982067066,481.89599609375,2100,0.0,0.0
2019-02-06 00:00:00+09:00,476.98706605771537,482.7141834889401,476.16890642468326,480.25970458984375,3900,0.0,0.0
2019-02-07 00:00:00+09:00,480.25967692195456,489.2594323668294,474.53255982067066,481.89599609375,6700,0.0,0.0
2019-02-08 00:00:00+09:00,449.1695497766005,466.350898675159,437.71531717756153,462.2601013183594,12900,0.0,0.0
2019-02-12 00:00:00+09:00,462.26009689010937,467.9872131347656,462.26009689010937,467.9872131347656,3800,0.0,0.0
2019-02-13 00:00:00+09:00,463.07830810546875,474.532541874862,463.07830810546875,463.07830810546875,3400,0.0,0.0
2019-02-14 00:00:00+09:00,463.896484375,466.3509631283069,459.8056864528219,463.896484375,3500,0.0,0.0
2019-02-15 00:00:00+09:00,463.8964202610792,464.7145797324391,454.89666607612,462.2601013183594,6900,0.0,0.0
2019-02-18 00:00:00+09:00,464.714599609375,469.6235566475022,464.714599609375,464.714599609375,1300,0.0,0.0
2019-02-19 00:00:00+09:00,474.532460233973,476.9869384765625,469.62350374879395,476.9869384765625,2100,0.0,0.0
2019-02-20 00:00:00+09:00,468.8053894042969,481.0777817970795,468.8053894042969,468.8053894042969,2500,0.0,0.0
2019-02-21 00:00:00+09:00,479.44154495681164,483.5323431219722,476.98706605771537,480.25970458984375,5400,0.0,0.0
2019-02-22 00:00:00+09:00,480.2595930752689,483.53223084750243,476.98695530303536,477.80511474609375,900,0.0,0.0
2019-02-25 00:00:00+09:00,477.8051227958055,490.8956741052797,477.8051227958055,490.0775146484375,10000,0.0,0.0
2019-02-26 00:00:00+09:00,494.1683763957857,494.1683763957857,490.89573814150896,491.7138977050781,3800,0.0,0.0
2019-02-27 00:00:00+09:00,494.1683651421014,527.7129064845288,491.7138865072896,519.5313110351562,8800,0.0,0.0
2019-02-28 00:00:00+09:00,518.713151490219,529.3492255744034,507.2589178610975,519.5313110351562,2200,0.0,0.0
2019-03-01 00:00:00+09:00,519.5313446610062,530.1674194335938,516.2587062694408,530.1674194335938,4600,0.0,0.0
2019-03-04 00:00:00+09:00,524.4402977001016,553.89404296875,524.4402977001016,553.89404296875,9000,0.0,0.0
2019-03-05 00:00:00+09:00,552.2577064915707,553.8940256219162,535.8945151881168,544.0761108398438,7200,0.0,0.0
2019-03-06 00:00:00+09:00,548.1669652517973,548.1669652517973,501.531865222913,522.8040161132812,11700,0.0,0.0
2019-03-07 00:00:00+09:00,514.6223115287203,530.1673416066943,512.9859925731441,529.3491821289062,5400,0.0,0.0
2019-03-08 00:00:00+09:00,510.53150294569673,515.44045970479,493.3501542888704,499.0772705078125,12000,0.0,0.0
2019-03-11 00:00:00+09:00,499.89552181815185,512.1679159708069,499.89552181815185,508.0771179199219,500,0.0,0.0
2019-03-12 00:00:00+09:00,508.0770431469491,508.89520263671875,503.98624569810084,508.89520263671875,1100,0.0,0.0
2019-03-13 00:00:00+09:00,509.713290625,517.8948843750001,505.62249375,511.349609375,2700,0.0,0.0
2019-03-14 00:00:00+09:00,511.349609375,511.349609375,511.349609375,511.349609375,0,0.0,0.0
2019-03-15 00:00:00+09:00,507.25897216796875,509.71345106555566,507.25897216796875,507.25897216796875,1300,0.0,0.0
2019-03-18 00:00:00+09:00,507.25897216796875,507.25897216796875,507.25897216796875,507.25897216796875,0,0.0,0.0
2019-03-19 00:00:00+09:00,512.1678634229839,514.6223420016884,509.7133848442795,512.9860229492188,4600,0.0,0.0
2019-03-20 00:00:00+09:00,517.8950361859536,541.6216650159578,514.6223977266426,518.7131958007812,18600,0.0,0.0
2019-03-22 00:00:00+09:00,521.1675978950832,531.8036713215134,521.1675978950832,526.8947143554688,7500,0.0,0.0
2019-03-25 00:00:00+09:00,515.4405015279231,515.4405015279231,510.5315443705143,512.9860229492188,10200,0.0,0.0
2019-03-26 00:00:00+09:00,517.89501953125,530.1674133590047,517.89501953125,517.89501953125,1900,0.0,0.0
2019-03-27 00:00:00+09:00,520.7928032341905,532.3843759611835,520.7928032341905,525.7606201171875,3900,7.5,0.0
2019-03-28 00:00:00+09:00,524.1047132812499,524.1047132812499,517.48095703125,517.48095703125,4000,0.0,0.0
2019-03-29 00:00:00+09:00,514.9970209773737,522.4487463612907,514.9970209773737,518.3088989257812,2000,0.0,0.0
2019-04-01 00:00:00+09:00,526.5885718122764,527.4165412648115,520.7927856445312,520.7927856445312,3500,0.0,0.0
2019-04-02 00:00:00+09:00,519.9648553389537,524.9326724281793,518.3089163092118,523.2767333984375,3300,0.0,0.0
2019-04-03 00:00:00+09:00,523.2767333984375,523.2767333984375,523.2767333984375,523.2767333984375,0,0.0,0.0
2019-04-04 00:00:00+09:00,523.2767116756891,526.588589597687,523.2767116756891,525.7606201171875,900,0.0,0.0
2019-04-05 00:00:00+09:00,523.2767888144841,527.416636827257,520.7928800068205,521.620849609375,3300,0.0,0.0
2019-04-08 00:00:00+09:00,521.6207453889667,527.4165314488441,521.6207453889667,526.5885620117188,3900,0.0,0.0
2019-04-09 00:00:00+09:00,528.2446508259965,535.6963778752661,528.2446508259965,534.868408203125,3300,0.0,0.0
2019-04-10 00:00:00+09:00,534.0404163707386,537.352294921875,533.2124467329546,537.352294921875,10200,0.0,0.0
2019-04-11 00:00:00+09:00,534.0404163707386,537.352294921875,533.2124467329546,537.352294921875,10200,0.0,0.0
2019-04-12 00:00:00+09:00,538.1801053632158,545.6318298990143,536.5241665774829,543.9758911132812,10100,0.0,0.0
2019-04-15 00:00:00+09:00,544.8039935772235,544.8039935772235,538.1802368164062,538.1802368164062,1800,0.0,0.0
2019-04-16 00:00:00+09:00,538.1801053632158,543.9758911132812,538.1801053632158,543.9758911132812,43500,0.0,0.0
2019-04-17 00:00:00+09:00,546.4598388671875,546.4598388671875,539.836083244555,546.4598388671875,4500,0.0,0.0
2019-04-18 00:00:00+09:00,542.3199916030421,548.1157777728456,542.3199916030421,546.4598388671875,1400,0.0,0.0
2019-04-19 00:00:00+09:00,539.836133324939,552.2556762695312,539.836133324939,552.2556762695312,3900,0.0,0.0
2019-04-22 00:00:00+09:00,553.9115639426492,554.7395333954782,538.1801443388968,546.4598388671875,4000,0.0,0.0
2019-04-23 00:00:00+09:00,549.7717166785038,549.7717166785038,546.4598388671875,546.4598388671875,2100,0.0,0.0
2019-04-24 00:00:00+09:00,546.4599388433259,552.2557260734823,543.1480604260936,548.94384765625,2200,0.0,0.0
2019-04-25 00:00:00+09:00,548.9437733402958,548.9437733402958,532.3843834959431,536.5242309570312,6000,0.0,0.0
2019-04-26 00:00:00+09:00,536.5242700532834,543.1480264736944,533.212391843078,539.0081787109375,5500,0.0,0.0
2019-05-07 00:00:00+09:00,546.4599327674279,546.4599327674279,538.1802368164062,538.1802368164062,3000,0.0,0.0
2019-05-08 00:00:00+09:00,538.1802868916892,538.1802868916892,534.868408203125,534.868408203125,2800,0.0,0.0
2019-05-09 00:00:00+09:00,534.8683584359976,546.4599327674279,534.0403888408955,538.1802368164062,2800,0.0,0.0
2019-05-10 00:00:00+09:00,544.803955078125,546.4598941513108,544.803955078125,544.803955078125,3700,0.0,0.0
2019-05-13 00:00:00+09:00,554.7396405442317,554.7396405442317,545.6319748039533,550.5997924804688,15700,0.0,0.0
2019-05-14 00:00:00+09:00,541.4920221502131,555.5675028483073,535.6962359804096,546.4598388671875,6200,0.0,0.0
2019-05-15 00:00:00+09:00,544.8039116916887,550.5996979862811,532.3843696318477,549.771728515625,7200,0.0,0.0
2019-05-16 00:00:00+09:00,549.7718172605581,549.7718172605581,538.1802428002451,548.94384765625,1700,0.0,0.0
2019-05-17 00:00:00+09:00,548.115878051942,553.9116652820984,548.115878051942,548.94384765625,800,0.0,0.0
2019-05-20 00:00:00+09:00,550.5997418342753,553.083650444054,539.0081683219747,544.803955078125,3300,0.0,0.0
2019-05-21 00:00:00+09:00,545.632122707367,545.632122707367,522.4489672660828,529.9006958007812,6300,0.0,0.0
2019-05-22 00:00:00+09:00,529.9005681818182,529.9005681818182,523.2768110795455,528.24462890625,3800,0.0,0.0
2019-05-23 00:00:00+09:00,530.7285378196023,530.7285378196023,509.20132723721593,528.24462890625,3900,0.0,0.0
2019-05-24 00:00:00+09:00,522.4488195934088,530.728515625,514.1691235618175,530.728515625,1600,0.0,0.0
2019-05-27 00:00:00+09:00,522.4488192119296,528.2446064298115,519.1369408017114,521.620849609375,3600,0.0,0.0
2019-05-28 00:00:00+09:00,531.5565187481428,531.5565187481428,522.4488525390625,522.4488525390625,1200,0.0,0.0
2019-05-29 00:00:00+09:00,525.7606201171875,525.7606201171875,525.7606201171875,525.7606201171875,100,0.0,0.0
2019-05-30 00:00:00+09:00,521.6207842759683,529.072509765625,514.9970282851624,529.072509765625,2100,0.0,0.0
2019-05-31 00:00:00+09:00,513.3412806807318,521.6209787562274,513.3412806807318,514.1692504882812,5700,0.0,0.0
2019-06-03 00:00:00+09:00,522.4488471071311,522.4488471071311,508.37336311216876,511.68524169921875,1700,0.0,0.0
2019-06-04 00:00:00+09:00,511.68524169921875,511.68524169921875,511.68524169921875,511.68524169921875,100,0.0,0.0
2019-06-05 00:00:00+09:00,520.7929021661932,528.24462890625,519.9649325284091,528.24462890625,3200,0.0,0.0
2019-06-06 00:00:00+09:00,531.556541491466,531.556541491466,515.8251173663291,519.9649658203125,1300,0.0,0.0
2019-06-07 00:00:00+09:00,518.3090264387191,521.6209052019059,513.3412082939391,519.9649658203125,1500,0.0,0.0
2019-06-10 00:00:00+09:00,535.6963778752661,535.6963778752661,529.0726204981376,534.868408203125,3700,0.0,0.0
2019-06-11 00:00:00+09:00,532.3845277419226,532.3845277419226,524.9328002929688,524.9328002929688,3600,0.0,0.0
2019-06-12 00:00:00+09:00,525.7606419430504,525.7606419430504,523.2767333984375,523.2767333984375,8100,0.0,0.0
2019-06-13 00:00:00+09:00,524.104736328125,524.104736328125,524.104736328125,524.104736328125,600,0.0,0.0
2019-06-14 00:00:00+09:00,531.5566354751587,531.5566354751587,524.1049069404602,529.9006958007812,2000,0.0,0.0
2019-06-17 00:00:00+09:00,514.1691663995985,534.868408203125,509.2013483667521,534.868408203125,11800,0.0,0.0
2019-06-18 00:00:00+09:00,534.0405325322099,535.6964721679688,528.2447438070542,535.6964721679688,8800,0.0,0.0
2019-06-19 00:00:00+09:00,537.3524118037275,541.4922608931245,534.8685023500893,535.6964721679688,14000,0.0,0.0
2019-06-20 00:00:00+09:00,541.4921204660686,541.4921204660686,528.2446068155226,530.728515625,2800,0.0,0.0
2019-06-21 00:00:00+09:00,532.3844222905266,541.4920873685916,532.3844222905266,539.0081787109375,1700,0.0,0.0
2019-06-24 00:00:00+09:00,542.3201517678477,543.1481214652032,538.1803032810703,539.8362426757812,6000,0.0,0.0
2019-06-25 00:00:00+09:00,539.8362426757812,539.8362426757812,539.8362426757812,539.8362426757812,0,0.0,0.0
2019-06-26 00:00:00+09:00,539.8360655431718,541.4920043945312,538.1801266918125,541.4920043945312,2000,0.0,0.0
2019-06-27 00:00:00+09:00,542.3201403234364,545.6320190429688,542.3201403234364,545.6320190429688,1200,0.0,0.0
2019-06-28 00:00:00+09:00,543.9760074994036,543.9760074994036,540.6641292193464,542.320068359375,3400,0.0,0.0
2019-07-01 00:00:00+09:00,548.1158070123017,554.7395629882812,544.8039290243121,554.7395629882812,11000,0.0,0.0
2019-07-02 00:00:00+09:00,558.8794383232904,563.019286014574,548.9438038642096,553.91162109375,24300,0.0,0.0
2019-07-03 00:00:00+09:00,553.911622170841,563.019287109375,553.911622170841,563.019287109375,600,0.0,0.0
2019-07-04 00:00:00+09:00,568.8151411576705,583.7185946377841,568.8151411576705,573.782958984375,28500,0.0,0.0
2019-07-05 00:00:00+09:00,583.7185555756007,583.7185555756007,579.578707663717,580.4066772460938,1600,0.0,0.0
2019-07-08 00:00:00+09:00,569.6430720674819,579.578707045403,563.8472849970278,571.2990112304688,6000,0.0,0.0
2019-07-09 00:00:00+09:00,577.0947692871093,577.0947692871093,563.019287109375,563.019287109375,4400,0.0,0.0
2019-07-10 00:00:00+09:00,563.019287109375,563.019287109375,563.019287109375,563.019287109375,200,0.0,0.0
2019-07-11 00:00:00+09:00,571.299044530402,572.1270141601562,569.6431052708937,572.1270141601562,900,0.0,0.0
2019-07-12 00:00:00+09:00,572.954833984375,577.9226504640083,572.954833984375,572.954833984375,1400,0.0,0.0
2019-07-16 00:00:00+09:00,577.922812835515,577.922812835515,566.3312377929688,566.3312377929688,1200,0.0,0.0
2019-07-17 00:00:00+09:00,561.3633868774593,565.5032348632812,561.3633868774593,565.5032348632812,900,0.0,0.0
2019-07-18 00:00:00+09:00,565.5031841210359,565.5031841210359,559.7073974609375,559.7073974609375,700,0.0,0.0
2019-07-19 00:00:00+09:00,559.7075473813657,563.8473961046006,558.0516078920717,558.8795776367188,1200,0.0,0.0
2019-07-22 00:00:00+09:00,553.0837234586303,566.3312377929688,553.0837234586303,566.3312377929688,2000,0.0,0.0
2019-07-23 00:00:00+09:00,558.8794619538063,575.4388534191044,558.8794619538063,569.64306640625,2700,0.0,0.0
2019-07-24 00:00:00+09:00,569.6431498061131,570.4711195005988,566.3312710281706,567.1592407226562,2200,0.0,0.0
2019-07-25 00:00:00+09:00,567.9872098023865,576.2669067382812,567.9872098023865,576.2669067382812,1200,0.0,0.0
2019-07-26 00:00:00+09:00,576.2668180315189,579.578696296068,574.6108788992445,577.0947875976562,1300,0.0,0.0
2019-07-29 00:00:00+09:00,579.5787351743922,579.5787351743922,570.4710693359375,570.4710693359375,700,0.0,0.0
2019-07-30 00:00:00+09:00,570.4710359795149,573.7829142725745,569.64306640625,569.64306640625,700,0.0,0.0
2019-07-31 00:00:00+09:00,569.6430720674819,581.2346462083899,567.987132904495,571.2990112304688,900,0.0,0.0
2019-08-01 00:00:00+09:00,578.7507711981899,578.7507711981899,570.4710749006479,572.1270141601562,700,0.0,0.0
2019-08-02 00:00:00+09:00,572.1270369796066,572.1270369796066,551.4277954101562,551.4277954101562,3900,0.0,0.0
2019-08-05 00:00:00+09:00,552.2557260734823,552.2557260734823,532.3844555700887,548.94384765625,8600,0.0,0.0
2019-08-06 00:00:00+09:00,532.3845260434034,547.2879808937631,532.3845260434034,543.1481323242188,6700,0.0,0.0
2019-08-07 00:00:00+09:00,543.1481323242188,543.1481323242188,543.1481323242188,543.1481323242188,100,0.0,0.0
2019-08-08 00:00:00+09:00,539.8361491868864,548.1158447265625,539.8361491868864,548.1158447265625,200,0.0,0.0
2019-08-09 00:00:00+09:00,564.6751748888489,564.6751748888489,554.739541313092,557.2234497070312,900,0.0,0.0
2019-08-13 00:00:00+09:00,543.1479337060325,547.2877807617188,525.7605760721505,547.2877807617188,700,0.0,0.0
2019-08-14 00:00:00+09:00,557.2234537515295,557.2234537515295,549.771728515625,549.771728515625,400,0.0,0.0
2019-08-15 00:00:00+09:00,534.0403149221826,543.1479792076772,525.7606201171875,525.7606201171875,6000,0.0,0.0
2019-08-16 00:00:00+09:00,523.2767116756891,525.7606201171875,517.4809253121924,525.7606201171875,2900,0.0,0.0
2019-08-19 00:00:00+09:00,522.4488414417614,525.7607199928977,517.4810236150569,519.136962890625,4500,0.0,0.0
2019-08-20 00:00:00+09:00,520.7927856445312,526.5885718122764,513.3410605717161,520.7927856445312,4300,0.0,0.0
2019-08-21 00:00:00+09:00,521.620849609375,521.620849609375,521.620849609375,521.620849609375,500,0.0,0.0
2019-08-22 00:00:00+09:00,521.6209787562274,521.6209787562274,513.3412806807318,514.1692504882812,1300,0.0,0.0
2019-08-23 00:00:00+09:00,514.1692504882812,514.1692504882812,514.1692504882812,514.1692504882812,100,0.0,0.0
2019-08-26 00:00:00+09:00,514.1692504882812,514.1692504882812,514.1692504882812,514.1692504882812,0,0.0,0.0
2019-08-27 00:00:00+09:00,510.0291652036517,518.3088594439707,510.0291652036517,515.824951171875,1000,0.0,0.0
2019-08-28 00:00:00+09:00,512.51318359375,512.51318359375,512.51318359375,512.51318359375,100,0.0,0.0
2019-08-29 00:00:00+09:00,512.51318359375,512.51318359375,512.51318359375,512.51318359375,100,0.0,0.0
2019-08-30 00:00:00+09:00,512.51318359375,512.51318359375,512.51318359375,512.51318359375,0,0.0,0.0
2019-09-02 00:00:00+09:00,531.5564616408761,531.5564616408761,512.5131616132436,514.9970703125,2300,0.0,0.0
2019-09-03 00:00:00+09:00,519.1369404091781,519.1369404091781,512.51318359375,512.51318359375,800,0.0,0.0
2019-09-04 00:00:00+09:00,512.5132057883523,519.136962890625,512.5132057883523,519.136962890625,300,0.0,0.0
2019-09-05 00:00:00+09:00,529.0726263743928,554.7396864958423,527.4166870117188,527.4166870117188,3100,0.0,0.0
2019-09-06 00:00:00+09:00,524.9328002929688,528.2446791591705,524.9328002929688,524.9328002929688,700,0.0,0.0
2019-09-09 00:00:00+09:00,525.7607476490446,543.1481109571232,525.7607476490446,527.4166870117188,1900,0.0,0.0
2019-09-10 00:00:00+09:00,543.9760745966767,543.9760745966767,534.868408203125,534.868408203125,800,0.0,0.0
2019-09-11 00:00:00+09:00,543.1480274027568,548.9438142805301,541.4920882948215,548.1158447265625,1700,0.0,0.0
2019-09-12 00:00:00+09:00,539.8362149155341,543.9760631894262,539.8362149155341,540.6641845703125,1000,0.0,0.0
2019-09-13 00:00:00+09:00,540.6640815393249,554.7395629882812,540.6640815393249,554.7395629882812,1500,0.0,0.0
2019-09-17 00:00:00+09:00,554.7396740612684,554.7396740612684,551.4277954101562,551.4277954101562,600,0.0,0.0
2019-09-18 00:00:00+09:00,554.7397289134838,562.1914566153067,554.7397289134838,558.8795776367188,12700,0.0,0.0
2019-09-19 00:00:00+09:00,558.8794829079469,558.8794829079469,546.4599388433259,548.94384765625,2700,0.0,0.0
2019-09-20 00:00:00+09:00,548.9438027610895,553.083650444054,543.1480160049392,544.803955078125,2400,0.0,0.0
2019-09-24 00:00:00+09:00,545.6318419394443,547.2877807617188,545.6318419394443,547.2877807617188,1000,0.0,0.0
2019-09-25 00:00:00+09:00,547.2879088087676,558.051513671875,537.3522735505146,558.051513671875,1200,0.0,0.0
2019-09-26 00:00:00+09:00,558.051440976271,558.051440976271,549.7717460062967,554.7395629882812,1000,0.0,0.0
2019-09-27 00:00:00+09:00,558.0514793741739,558.8794489281415,543.1480274027568,548.1158447265625,1200,0.0,0.0
2019-09-30 00:00:00+09:00,555.5675148102174,555.5675148102174,547.2878201036568,549.771728515625,400,0.0,0.0
2019-10-01 00:00:00+09:00,541.4921820704923,547.2879699519807,539.8362426757812,539.8362426757812,2000,0.0,0.0
2019-10-02 00:00:00+09:00,548.1157777728456,553.9115639426492,546.4598388671875,546.4598388671875,400,0.0,0.0
2019-10-03 00:00:00+09:00,533.2123101377342,541.4920043945312,533.2123101377342,541.4920043945312,2400,0.0,0.0
2019-10-04 00:00:00+09:00,533.2125244140625,533.2125244140625,533.2125244140625,533.2125244140625,100,0.0,0.0
2019-10-07 00:00:00+09:00,541.4922608931245,541.4922608931245,535.6964721679688,535.6964721679688,200,0.0,0.0
2019-10-08 00:00:00+09:00,535.6962475144719,549.771728515625,535.6962475144719,549.771728515625,1200,0.0,0.0
2019-10-09 00:00:00+09:00,543.9758911132812,544.8038605061478,543.9758911132812,543.9758911132812,300,0.0,0.0
2019-10-10 00:00:00+09:00,552.2556762695312,552.2556762695312,547.2878590916944,552.2556762695312,600,0.0,0.0
2019-10-11 00:00:00+09:00,546.4599887228519,550.5998371222674,545.6320190429688,545.6320190429688,300,0.0,0.0
2019-10-15 00:00:00+09:00,554.7396002094134,554.7396002094134,539.0081787109375,539.0081787109375,1300,0.0,0.0
2019-10-16 00:00:00+09:00,547.2878704497426,574.6108654948887,547.2878704497426,555.5675659179688,65500,0.0,0.0
2019-10-17 00:00:00+09:00,557.2235771156955,567.9871826171875,550.5998198840083,567.9871826171875,6500,0.0,0.0
2019-10-18 00:00:00+09:00,567.9871883871284,567.9871883871284,555.5676434515498,560.5354614257812,1700,0.0,0.0
2019-10-21 00:00:00+09:00,575.4388870660036,575.4388870660036,567.9871604709043,570.4710693359375,2900,0.0,0.0
2019-10-23 00:00:00+09:00,569.6431498061131,569.6431498061131,567.1592407226562,567.1592407226562,300,0.0,0.0
2019-10-24 00:00:00+09:00,572.9549893465909,573.782958984375,569.6431107954546,573.782958984375,1800,0.0,0.0
2019-10-25 00:00:00+09:00,576.2668678977273,576.2668678977273,573.782958984375,573.782958984375,1800,0.0,0.0
2019-10-28 00:00:00+09:00,576.2669012855728,576.2669012855728,574.6109619140625,574.6109619140625,1700,0.0,0.0
2019-10-29 00:00:00+09:00,574.6108732154902,577.9227514472797,571.2989949837006,575.4388427734375,4800,0.0,0.0
2019-10-30 00:00:00+09:00,572.1270528567971,574.6109619140625,571.299083171042,574.6109619140625,700,0.0,0.0
2019-10-31 00:00:00+09:00,577.9227466583252,582.8905639648438,572.9549293518066,582.8905639648438,3700,0.0,0.0
2019-11-01 00:00:00+09:00,583.7185834612166,583.7185834612166,572.9549783761161,579.5787353515625,1800,0.0,0.0
2019-11-05 00:00:00+09:00,584.5465532563071,588.6864013671875,584.5465532563071,588.6864013671875,4700,0.0,0.0
2019-11-06 00:00:00+09:00,590.3422841129141,590.3422841129141,571.2989846254006,581.234619140625,3000,0.0,0.0
2019-11-07 00:00:00+09:00,581.2347194001036,583.7186284573689,574.6109619140625,574.6109619140625,4800,0.0,0.0
2019-11-08 00:00:00+09:00,596.9660746980019,600.2779530597106,579.5787132990309,582.0626220703125,17100,0.0,0.0
2019-11-11 00:00:00+09:00,582.8906035665295,603.58984375,582.8906035665295,603.58984375,4100,0.0,0.0
2019-11-12 00:00:00+09:00,612.6975854237874,637.5366767247517,612.6975854237874,635.8807373046875,9900,0.0,0.0
2019-11-13 00:00:00+09:00,633.3967163085937,633.3967163085937,619.3212337239584,620.9771728515625,4600,0.0,0.0
2019-11-14 00:00:00+09:00,611.8694963634174,620.9771613972437,609.3855877178285,617.665283203125,2600,0.0,0.0
2019-11-15 00:00:00+09:00,617.6652728279589,630.9127853819098,616.8373032933371,623.4610595703125,2100,0.0,0.0
2019-11-18 00:00:00+09:00,620.9771613972437,623.4610700428326,613.5254354604767,617.665283203125,2500,0.0,0.0
2019-11-19 00:00:00+09:00,627.6009177854809,627.6009177854809,617.665283203125,617.665283203125,400,0.0,0.0
2019-11-20 00:00:00+09:00,617.665283203125,620.9771613972437,616.0093441060657,617.665283203125,1200,0.0,0.0
2019-11-21 00:00:00+09:00,615.181373565051,618.4932517538265,606.9016780931122,608.5576171875,3500,0.0,0.0
2019-11-22 00:00:00+09:00,612.6975768959473,612.6975768959473,605.245849609375,605.245849609375,600,0.0,0.0
2019-11-25 00:00:00+09:00,605.245717283833,611.8694734237381,602.7618087313685,611.04150390625,5200,0.0,0.0
2019-11-26 00:00:00+09:00,609.3855924567503,612.697470676624,609.3855924567503,610.2135620117188,22300,0.0,0.0
2019-11-27 00:00:00+09:00,607.7296752929688,611.8695232173078,607.7296752929688,607.7296752929688,1300,0.0,0.0
2019-11-28 00:00:00+09:00,616.0093431122449,625.1170081313775,608.5576171875,608.5576171875,4000,0.0,0.0
2019-11-29 00:00:00+09:00,620.1491685986196,620.1491685986196,604.4177477663449,611.04150390625,5300,0.0,0.0
2019-12-02 00:00:00+09:00,619.3212666279561,619.3212666279561,612.697509765625,612.697509765625,3600,0.0,0.0
2019-12-03 00:00:00+09:00,606.0737529032939,612.697509765625,606.0737529032939,612.697509765625,1100,0.0,0.0
2019-12-04 00:00:00+09:00,606.0737529032939,612.697509765625,606.0737529032939,612.697509765625,1100,0.0,0.0
2019-12-05 00:00:00+09:00,612.697470676624,617.6652880064344,610.2135620117188,610.2135620117188,3100,0.0,0.0
2019-12-06 00:00:00+09:00,616.0094377422081,630.9128918811325,616.0094377422081,627.6010131835938,17400,0.0,0.0
2019-12-09 00:00:00+09:00,653.2678592305788,653.2678592305788,646.6441040039062,646.6441040039062,3400,0.0,0.0
2019-12-10 00:00:00+09:00,653.2678592305788,653.2678592305788,646.6441040039062,646.6441040039062,3400,0.0,0.0
2019-12-11 00:00:00+09:00,646.6442269219292,655.7518920898438,646.6442269219292,655.7518920898438,2200,0.0,0.0
2019-12-12 00:00:00+09:00,659.0637796534526,735.236980316917,659.0637796534526,702.9461669921875,42300,0.0,0.0
2019-12-13 00:00:00+09:00,715.3658195988124,715.3658195988124,670.6554558738866,679.7631225585938,16500,0.0,0.0
2019-12-16 00:00:00+09:00,678.9350522406482,678.9350522406482,668.1714477539062,668.1714477539062,9100,0.0,0.0
2019-12-17 00:00:00+09:00,662.3756774677122,673.1392822265625,662.3756774677122,673.1392822265625,5900,0.0,0.0
2019-12-18 00:00:00+09:00,673.139164027883,673.139164027883,664.0315000619461,665.6874389648438,4700,0.0,0.0
2019-12-19 00:00:00+09:00,667.3435170114776,672.3113347559799,667.3435170114776,670.6553955078125,3000,0.0,0.0
2019-12-20 00:00:00+09:00,670.6553729811214,670.6553729811214,664.0316162109375,664.0316162109375,2400,0.0,0.0
2019-12-23 00:00:00+09:00,664.031728664529,664.031728664529,651.6121826171875,651.6121826171875,8500,0.0,0.0
2019-12-24 00:00:00+09:00,651.6121049360796,651.6121049360796,637.53662109375,637.53662109375,7300,0.0,0.0
2019-12-25 00:00:00+09:00,637.5365561956091,655.7518863726266,637.5365561956091,654.095947265625,10700,0.0,0.0
2019-12-26 00:00:00+09:00,654.0959415338971,657.4078197188788,649.9560938026699,652.4400024414062,7700,0.0,0.0
2019-12-27 00:00:00+09:00,654.0959705027426,669.827392578125,652.4400313369129,669.827392578125,8800,0.0,0.0
2019-12-30 00:00:00+09:00,669.8273812051145,674.7951986182551,663.2036246542605,666.5155029296875,2900,0.0,0.0
2020-01-06 00:00:00+09:00,666.5154847275787,666.5154847275787,652.4400024414062,652.4400024414062,6400,0.0,0.0
2020-01-07 00:00:00+09:00,652.4399277416628,665.6874389648438,652.4399277416628,665.6874389648438,2700,0.0,0.0
2020-01-08 00:00:00+09:00,664.0316214447214,664.0316214447214,655.7519254167324,656.5798950195312,6800,0.0,0.0
2020-01-09 00:00:00+09:00,656.5798898444806,667.3434945960295,656.5798898444806,664.0316162109375,9000,0.0,0.0
2020-01-10 00:00:00+09:00,660.7197875976562,660.7197875976562,659.8918179390126,660.7197875976562,2300,0.0,0.0
2020-01-14 00:00:00+09:00,668.999316770639,668.999316770639,658.2357139018045,665.6874389648438,5300,0.0,0.0
2020-01-15 00:00:00+09:00,668.999316770639,668.999316770639,658.2357139018045,665.6874389648438,5300,0.0,0.0
2020-01-16 00:00:00+09:00,671.483320342828,671.483320342828,663.2036246542605,666.5155029296875,4500,0.0,0.0
2020-01-17 00:00:00+09:00,670.6553734360585,678.1070998075703,670.6553734360585,673.1392822265625,4200,0.0,0.0
2020-01-20 00:00:00+09:00,670.6553644535829,706.258056640625,670.6553644535829,706.258056640625,13600,0.0,0.0
2020-01-21 00:00:00+09:00,706.258016411255,706.258016411255,688.0426865624302,694.6664428710938,8700,0.0,0.0
2020-01-22 00:00:00+09:00,690.5266339444775,697.9783602100654,690.5266339444775,697.150390625,2900,0.0,0.0
2020-01-23 00:00:00+09:00,697.1503849574498,697.1503849574498,694.666476222447,695.4944458007812,4600,0.0,0.0
2020-01-24 00:00:00+09:00,697.9783719039436,709.5699462890625,694.6664935081953,709.5699462890625,3800,0.0,0.0
2020-01-27 00:00:00+09:00,703.7741478833894,707.0860262263701,683.0749082397604,706.258056640625,21500,0.0,0.0
2020-01-28 00:00:00+09:00,693.8385239092584,709.5699462890625,693.8385239092584,709.5699462890625,2300,0.0,0.0
2020-01-29 00:00:00+09:00,707.9141235351562,717.8497603567023,707.9141235351562,707.9141235351562,13100,0.0,0.0
2020-01-30 00:00:00+09:00,705.4301145283702,715.3657499442628,678.9350867526567,696.3224487304688,17100,0.0,0.0
2020-01-31 00:00:00+09:00,689.6987028042946,718.677639896912,689.6987028042946,699.6343383789062,8500,0.0,0.0
2020-02-03 00:00:00+09:00,695.494400846744,697.1503398963791,690.5265836978386,691.3545532226562,5700,0.0,0.0
2020-02-04 00:00:00+09:00,691.3546365577273,697.9783935546875,688.8707276838671,697.9783935546875,5800,0.0,0.0
2020-02-05 00:00:00+09:00,698.8063852957918,706.2581121532113,698.8063852957918,704.6021728515625,16100,0.0,0.0
2020-02-06 00:00:00+09:00,708.7420316063284,726.9573641943415,708.7420316063284,726.12939453125,13800,0.0,0.0
2020-02-07 00:00:00+09:00,735.236926877121,735.236926877121,721.9894146811369,731.925048828125,25400,0.0,0.0
2020-02-10 00:00:00+09:00,731.9251431739937,732.7531127929688,726.1293558411679,732.7531127929688,2500,0.0,0.0
2020-02-12 00:00:00+09:00,734.409079712596,750.1405030660788,734.409079712596,741.0328369140625,16400,0.0,0.0
2020-02-13 00:00:00+09:00,729.4412837691372,738.5489501953125,705.4301631910384,738.5489501953125,24800,0.0,0.0
2020-02-14 00:00:00+09:00,730.269131646389,737.7208574795154,708.7419236840238,729.441162109375,7600,0.0,0.0
2020-02-17 00:00:00+09:00,731.0971620055451,731.0971620055451,720.3335571289062,720.3335571289062,3500,0.0,0.0
2020-02-18 00:00:00+09:00,726.1294140296292,726.1294140296292,674.7952935395072,676.4512329101562,22200,0.0,0.0
2020-02-19 00:00:00+09:00,675.623274065545,690.5267286405203,674.7953043669353,679.7631225585938,6900,0.0,0.0
2020-02-20 00:00:00+09:00,687.2147330963355,703.7741242552834,687.2147330963355,690.526611328125,6900,0.0,0.0
2020-02-21 00:00:00+09:00,689.6986531187072,697.1503792628469,689.6986531187072,693.8385009765625,5400,0.0,0.0
2020-02-25 00:00:00+09:00,654.0958625032468,664.8594653039332,647.4721069335938,647.4721069335938,10500,0.0,0.0
2020-02-26 00:00:00+09:00,637.5366099384995,640.8484884316865,632.5687921987189,634.2247314453125,4800,0.0,0.0
2020-02-27 00:00:00+09:00,634.2246731505102,651.6120336415815,606.0737085459183,608.5576171875,12500,0.0,0.0
2020-02-28 00:00:00+09:00,563.019227923769,571.2989224520596,531.5563887162642,546.4598388671875,22700,0.0,0.0
2020-03-02 00:00:00+09:00,546.4599286722191,579.5787122281113,546.4599286722191,563.8472900390625,4700,0.0,0.0
2020-03-03 00:00:00+09:00,571.2989920624032,601.9338655498074,571.2989920624032,601.1058959960938,7000,0.0,0.0
2020-03-04 00:00:00+09:00,588.6865201067958,606.90185546875,588.6865201067958,606.90185546875,3900,0.0,0.0
2020-03-05 00:00:00+09:00,619.3213164397469,633.3968009042866,619.3213164397469,627.6010131835938,3800,0.0,0.0
2020-03-06 00:00:00+09:00,615.1812740612581,615.1812740612581,569.6429563312861,572.954833984375,4700,0.0,0.0
2020-03-09 00:00:00+09:00,539.8361236958564,548.1158188445659,523.2767333984375,523.2767333984375,7800,0.0,0.0
2020-03-10 00:00:00+09:00,506.7173087827621,513.341064453125,481.8782250189012,513.341064453125,19600,0.0,0.0
2020-03-11 00:00:00+09:00,514.169111447218,526.5886552019817,509.2012939453125,509.2012939453125,5500,0.0,0.0
2020-03-12 00:00:00+09:00,488.50203712921683,495.9537631193235,468.6307678222656,468.6307678222656,8200,0.0,0.0
2020-03-13 00:00:00+09:00,393.28558925906987,399.90934655185424,385.8338623046875,385.8338623046875,58400,0.0,0.0
2020-03-16 00:00:00+09:00,389.1456963243462,393.28554415758396,351.8870658252067,355.1989440917969,34900,0.0,0.0
2020-03-17 00:00:00+09:00,341.951441881563,373.41428641303855,341.951441881563,358.5108337402344,13500,0.0,0.0
2020-03-18 00:00:00+09:00,359.3387934310473,385.83381967481114,359.3387934310473,373.4142761230469,15700,0.0,0.0
2020-03-19 00:00:00+09:00,370.1023962914527,370.1023962914527,348.5751875586165,355.1989440917969,8100,0.0,0.0
2020-03-23 00:00:00+09:00,355.19899696027727,355.19899696027727,346.09133037155226,352.715087890625,4600,0.0,0.0
2020-03-24 00:00:00+09:00,359.3388463559358,381.69402804167373,356.0269675876783,380.8660583496094,13800,0.0,0.0
2020-03-25 00:00:00+09:00,394.1135306184757,394.9415002206153,376.72616897354294,386.66180419921875,26200,0.0,0.0
2020-03-26 00:00:00+09:00,393.2856129334036,393.2856129334036,371.75840043599624,374.2423095703125,6000,0.0,0.0
2020-03-27 00:00:00+09:00,377.55412024843395,377.55412024843395,363.4786376953125,363.4786376953125,8200,0.0,0.0
2020-03-30 00:00:00+09:00,365.1731846507003,368.5622629305212,321.962436582984,347.3805236816406,21100,10.0,0.0
2020-03-31 00:00:00+09:00,348.2278030470674,354.15869020358684,338.9078375153941,343.991455078125,11300,0.0,0.0
2020-04-01 00:00:00+09:00,347.38054221298654,347.38054221298654,327.8933410644531,327.8933410644531,13100,0.0,0.0
2020-04-02 00:00:00+09:00,327.04607236474976,338.0605773925781,316.0315673369214,338.0605773925781,14300,0.0,0.0
2020-04-03 00:00:00+09:00,338.06053173893577,338.06053173893577,316.0315246582031,316.0315246582031,4500,0.0,0.0
2020-04-06 00:00:00+09:00,304.1697806693412,327.04605943834457,302.4752415012669,313.48974609375,22700,0.0,0.0
2020-04-07 00:00:00+09:00,333.8241741640348,358.3949890136719,326.1987488658716,358.3949890136719,15400,0.0,0.0
2020-04-08 00:00:00+09:00,351.616903287228,362.63140869140625,338.9078585900993,362.63140869140625,9600,0.0,0.0
2020-04-09 00:00:00+09:00,362.63140869140625,371.10410515615877,361.784139044931,362.63140869140625,8800,0.0,0.0
2020-04-10 00:00:00+09:00,367.7150261271256,368.56229577257983,355.0059814453125,355.0059814453125,7900,0.0,0.0
2020-04-13 00:00:00+09:00,364.3259382576778,370.25682562466324,363.47866863382274,368.5622863769531,12100,0.0,0.0
2020-04-14 00:00:00+09:00,375.3404550223515,393.13311767578125,373.6459157220249,393.13311767578125,16000,0.0,0.0
2020-04-15 00:00:00+09:00,386.3549308041689,399.91124416571864,383.8131220488783,395.6748962402344,6600,0.0,0.0
2020-04-16 00:00:00+09:00,397.36945551091975,402.4530732786501,385.507680719549,391.4385681152344,44400,0.0,0.0
2020-04-17 00:00:00+09:00,391.4385986328125,392.2858683268229,381.2713623046875,381.2713623046875,4000,0.0,0.0
2020-04-20 00:00:00+09:00,388.89674894913384,396.52217539911686,388.89674894913384,389.7440185546875,9400,0.0,0.0
2020-04-21 00:00:00+09:00,399.06399456348294,399.06399456348294,388.8967590332031,388.8967590332031,1400,0.0,0.0
2020-04-22 00:00:00+09:00,384.66044108072913,384.66044108072913,381.2713623046875,381.2713623046875,1100,0.0,0.0
2020-04-23 00:00:00+09:00,381.2713623046875,388.0495198567708,381.2713623046875,381.2713623046875,1900,0.0,0.0
2020-04-24 00:00:00+09:00,380.4240291736744,380.4240291736744,362.6313685664424,366.02044677734375,7700,0.0,0.0
2020-04-27 00:00:00+09:00,371.10406409369574,388.89672470092773,360.08955990826644,366.02044677734375,32100,0.0,0.0
2020-04-28 00:00:00+09:00,368.56229592273587,369.40956556853524,355.85325123574495,357.54779052734375,11600,0.0,0.0
2020-04-30 00:00:00+09:00,366.02048770022884,370.2568359375,361.7841394629577,370.2568359375,26700,0.0,0.0
2020-05-01 00:00:00+09:00,369.40951586747224,371.9513244628906,364.32589867663546,371.9513244628906,30400,0.0,0.0
2020-05-07 00:00:00+09:00,371.95134627080597,382.9658508300781,371.95134627080597,382.9658508300781,3000,0.0,0.0
2020-05-08 00:00:00+09:00,382.9658213786163,388.0494384765625,381.27128234596756,388.0494384765625,2100,0.0,0.0
2020-05-11 00:00:00+09:00,388.04950015691065,400.758544921875,388.04950015691065,400.758544921875,13700,0.0,0.0
2020-05-12 00:00:00+09:00,406.68939208984375,410.925739924113,400.75850512186685,406.68939208984375,22300,0.0,0.0
2020-05-13 00:00:00+09:00,391.4385367945621,391.4385367945621,373.64587603117286,386.35491943359375,32900,0.0,0.0
2020-05-14 00:00:00+09:00,387.2021510402785,410.0784269223081,386.3548815631663,397.369384765625,19200,0.0,0.0
2020-05-15 00:00:00+09:00,396.5221152885128,398.2166542427372,390.59122894872735,397.369384765625,3300,0.0,0.0
2020-05-18 00:00:00+09:00,398.21673583984375,398.21673583984375,398.21673583984375,398.21673583984375,500,0.0,0.0
2020-05-19 00:00:00+09:00,398.21669642130536,408.38393122355143,397.3694268544515,406.68939208984375,5400,0.0,0.0
2020-05-20 00:00:00+09:00,400.75850436053696,401.60577392578125,395.6748869690714,401.60577392578125,4800,0.0,0.0
2020-05-21 00:00:00+09:00,403.30028182432653,403.30028182432653,395.6748563276481,399.0639343261719,4800,0.0,0.0
2020-05-22 00:00:00+09:00,399.06396523004844,402.4530434910255,393.1330782733386,401.60577392578125,4200,0.0,0.0
2020-05-25 00:00:00+09:00,401.6057843120158,403.3003234863281,393.1330884404543,403.3003234863281,14900,0.0,0.0
2020-05-26 00:00:00+09:00,406.68939887152777,457.52557373046875,405.8421292905454,457.52557373046875,42600,0.0,0.0
2020-05-27 00:00:00+09:00,469.3873096663965,523.6125584365217,469.3873096663965,473.6236572265625,55700,0.0,0.0
2020-05-28 00:00:00+09:00,477.01283772786456,477.01283772786456,422.7875773111979,437.191162109375,51000,0.0,0.0
2020-05-29 00:00:00+09:00,437.191162109375,455.83109537760413,435.49662272135413,442.2747802734375,9200,0.0,0.0
2020-06-01 00:00:00+09:00,456.67829126211313,456.67829126211313,423.6347785362831,440.5801696777344,13000,0.0,0.0
2020-06-02 00:00:00+09:00,440.5801480834247,440.5801480834247,432.10745292797424,434.6492614746094,14100,0.0,0.0
2020-06-03 00:00:00+09:00,435.4965608435034,437.1910999907544,426.176595533623,429.565673828125,11900,0.0,0.0
2020-06-04 00:00:00+09:00,431.26027425130206,439.73297119140625,426.17665608723956,439.73297119140625,14600,0.0,0.0
2020-06-05 00:00:00+09:00,438.88567138671874,446.51109810965403,438.03840175083707,444.8165588378906,21300,0.0,0.0
2020-06-08 00:00:00+09:00,449.9001475016276,458.3728433114511,449.05287792064524,457.52557373046875,13900,0.0,0.0
2020-06-09 00:00:00+09:00,463.4564514160157,463.4564514160157,453.2892166500336,463.4564514160156,11600,0.0,0.0
2020-06-10 00:00:00+09:00,461.7619424707749,461.7619424707749,455.8310551362879,460.9146728515625,7900,0.0,0.0
2020-06-11 00:00:00+09:00,462.6092114029644,462.6092114029644,453.28924560546875,453.28924560546875,10300,0.0,0.0
2020-06-12 00:00:00+09:00,430.4129349928636,445.66378702016976,428.71839587871847,440.5801696777344,5000,0.0,0.0
2020-06-15 00:00:00+09:00,438.0383515103173,445.66377735865933,438.0383515103173,443.96923828125,4900,0.0,0.0
2020-06-16 00:00:00+09:00,443.9692491268165,449.90013604263277,435.4965535327933,448.2055969238281,3100,0.0,0.0
2020-06-17 00:00:00+09:00,449.05290753653884,453.2892557208458,445.66382898909325,452.4419860839844,8200,0.0,0.0
2020-06-18 00:00:00+09:00,456.6783133452794,457.52558294332255,449.0528869628906,449.0528869628906,4800,0.0,0.0
2020-06-19 00:00:00+09:00,449.0528869628906,449.0528869628906,449.0528869628906,449.0528869628906,600,0.0,0.0
2020-06-22 00:00:00+09:00,455.8310233668277,455.8310233668277,449.90013644569797,450.7474060058594,900,0.0,0.0
2020-06-23 00:00:00+09:00,450.74741708260996,457.52557373046875,448.2056083396629,457.52557373046875,3900,0.0,0.0
2020-06-24 00:00:00+09:00,452.4419265662768,461.7618913457319,452.4419265662768,460.0673522949219,8100,0.0,0.0
2020-06-25 00:00:00+09:00,456.6783342682914,456.6783342682914,447.35836826281604,452.4419860839844,3900,0.0,0.0
2020-06-26 00:00:00+09:00,451.59474690755206,451.59474690755206,433.8020833333333,439.73297119140625,4000,0.0,0.0
2020-06-29 00:00:00+09:00,441.42745035344905,447.35833740234375,429.5656762556596,447.35833740234375,5800,0.0,0.0
2020-06-30 00:00:00+09:00,447.3583277652138,450.7474060058594,442.27471040424547,450.7474060058594,6100,0.0,0.0
2020-07-01 00:00:00+09:00,445.663765176695,445.663765176695,434.6492614746094,434.6492614746094,2600,0.0,0.0
2020-07-02 00:00:00+09:00,434.6492503008505,438.8855977696697,425.3292858694482,430.41290283203125,4900,0.0,0.0
2020-07-03 00:00:00+09:00,424.48206448164143,428.71841243056,410.925751045102,413.4675598144531,5800,0.0,0.0
2020-07-06 00:00:00+09:00,414.3148404964225,423.6348062335609,414.3148404964225,422.78753662109375,2600,0.0,0.0
2020-07-07 00:00:00+09:00,429.565714108872,429.565714108872,421.093017578125,421.093017578125,2700,0.0,0.0
2020-07-08 00:00:00+09:00,421.0929973961595,427.02388468342934,421.0929973961595,422.78753662109375,1300,0.0,0.0
2020-07-09 00:00:00+09:00,422.78753637498426,427.87115404682777,420.2457275390625,420.2457275390625,1600,0.0,0.0
2020-07-10 00:00:00+09:00,415.1620588845354,421.94021494795635,415.1620588845354,416.8565979003906,400,0.0,0.0
2020-07-13 00:00:00+09:00,410.9257425091224,428.71840352498134,410.9257425091224,424.4820556640625,6500,0.0,0.0
2020-07-14 00:00:00+09:00,424.482075846028,427.8711542958965,419.3984581712253,422.78753662109375,2100,0.0,0.0
2020-07-15 00:00:00+09:00,422.7874773881567,431.2601723257951,422.7874773881567,430.41290283203125,2300,0.0,0.0
2020-07-16 00:00:00+09:00,422.7875175924862,432.10748291015625,422.7875175924862,432.10748291015625,1100,0.0,0.0
2020-07-17 00:00:00+09:00,435.49655109562286,435.49655109562286,425.3293164396939,432.9547424316406,1500,0.0,0.0
2020-07-20 00:00:00+09:00,430.412943761489,434.6492916331572,430.412943761489,432.10748291015625,700,0.0,0.0
2020-07-21 00:00:00+09:00,432.10749328136444,433.8020324707031,428.7184149026871,433.8020324707031,400,0.0,0.0
2020-07-22 00:00:00+09:00,432.1074849909002,447.35833740234375,431.2602154124867,447.35833740234375,3900,0.0,0.0
2020-07-27 00:00:00+09:00,446.51109810965403,446.51109810965403,438.88567138671874,444.8165588378906,1900,0.0,0.0
2020-07-28 00:00:00+09:00,444.81648724120157,444.81648724120157,439.7328702441593,443.1219482421875,500,0.0,0.0
2020-07-29 00:00:00+09:00,443.1219482421875,443.1219482421875,442.27467874268046,443.1219482421875,400,0.0,0.0
2020-07-30 00:00:00+09:00,432.1075239144697,441.4274901165465,432.1075239144697,438.88568115234375,2600,0.0,0.0
2020-07-31 00:00:00+09:00,434.64931119563346,434.64931119563346,409.2312228216198,422.78753662109375,5900,0.0,0.0
2020-08-03 00:00:00+09:00,422.78753710454055,427.87115478515625,422.78753710454055,427.87115478515625,1500,0.0,0.0
2020-08-04 00:00:00+09:00,427.87115478515625,427.87115478515625,427.87115478515625,427.87115478515625,1100,0.0,0.0
2020-08-05 00:00:00+09:00,427.87112551440526,435.4965515136719,419.39842995966455,435.4965515136719,1400,0.0,0.0
2020-08-06 00:00:00+09:00,434.6493023622383,436.3438415527344,424.482067219262,436.3438415527344,2300,0.0,0.0
2020-08-07 00:00:00+09:00,430.4129430377294,434.649290902274,427.02386474609375,427.02386474609375,1200,0.0,0.0
2020-08-11 00:00:00+09:00,423.6348054846939,423.6348054846939,395.6749083227041,415.162109375,5800,0.0,0.0
2020-08-12 00:00:00+09:00,420.2457275390625,420.2457275390625,414.3148402552451,420.2457275390625,1100,0.0,0.0
2020-08-13 00:00:00+09:00,420.24572778369236,422.78753662109375,415.16211010888964,422.78753662109375,1900,0.0,0.0
2020-08-14 00:00:00+09:00,426.17661531607945,428.71842415494274,424.48207609017055,425.329345703125,2100,0.0,0.0
2020-08-17 00:00:00+09:00,411.7730117246329,427.0238640107304,411.7730117246329,421.94024658203125,2700,0.0,0.0
2020-08-18 00:00:00+09:00,416.00937010990697,426.1766052246094,416.00937010990697,426.1766052246094,1600,0.0,0.0
2020-08-19 00:00:00+09:00,426.1766052246094,427.87114441039313,421.94025726015,426.1766052246094,2200,0.0,0.0
2020-08-20 00:00:00+09:00,426.1766049194336,427.02387451171876,423.6347961425781,423.6347961425781,800,0.0,0.0
2020-08-21 00:00:00+09:00,425.3293356317175,427.0238748175012,424.4820660388256,426.1766052246094,1300,0.0,0.0
2020-08-24 00:00:00+09:00,426.1766052246094,427.0238748175012,421.09298766725817,426.1766052246094,3400,0.0,0.0
2020-08-25 00:00:00+09:00,426.1765951731848,427.02386474609375,426.1765951731848,427.02386474609375,3000,0.0,0.0
2020-08-26 00:00:00+09:00,421.0929777357313,428.7184038919116,421.0929777357313,427.02386474609375,2400,0.0,0.0
2020-08-27 00:00:00+09:00,427.02386474609375,427.02386474609375,423.6347864544581,427.02386474609375,1400,0.0,0.0
2020-08-28 00:00:00+09:00,422.7875268530419,428.718414003285,421.94025726015,426.1766052246094,7200,0.0,0.0
2020-08-31 00:00:00+09:00,423.6348064772161,427.8711545419883,423.6348064772161,425.329345703125,900,0.0,0.0
2020-09-01 00:00:00+09:00,429.56563333826745,431.2601723257951,427.8710943507397,430.41290283203125,5000,0.0,0.0
2020-09-02 00:00:00+09:00,430.41293458920154,438.8856301519811,428.7183954766456,438.0383605957031,2700,0.0,0.0
2020-09-03 00:00:00+09:00,437.1911321149554,444.8165588378906,436.34386247907366,444.8165588378906,3400,0.0,0.0
2020-09-04 00:00:00+09:00,438.0383610065167,443.1219783489521,435.496552335299,440.5801696777344,4000,0.0,0.0
2020-09-07 00:00:00+09:00,444.8165386858656,449.0528866733501,438.8856515033874,446.5110778808594,4200,0.0,0.0
2020-09-08 00:00:00+09:00,446.5110262402157,446.5110262402157,441.4274092431734,443.1219482421875,3000,0.0,0.0
2020-09-09 00:00:00+09:00,443.1220499674479,443.1220499674479,439.73297119140625,439.73297119140625,3600,0.0,0.0
2020-09-10 00:00:00+09:00,439.73287856787965,442.2746871145148,434.6492614746094,434.6492614746094,4400,0.0,0.0
2020-09-11 00:00:00+09:00,434.64933287867245,439.732950807078,434.64933287867245,438.88568115234375,800,0.0,0.0
2020-09-14 00:00:00+09:00,523.612548828125,523.612548828125,523.612548828125,523.612548828125,28000,0.0,0.0
2020-09-15 00:00:00+09:00,608.339599609375,608.339599609375,604.1032514226802,608.339599609375,66900,0.0,0.0
2020-09-16 00:00:00+09:00,735.429931640625,735.429931640625,735.429931640625,735.429931640625,19500,0.0,0.0
2020-09-17 00:00:00+09:00,659.1756760557676,862.5203576153874,637.1466688868088,735.429931640625,510400,0.0,0.0
2020-09-18 00:00:00+09:00,710.0118851838289,758.3062496891729,679.5101812857168,732.0408935546875,103100,0.0,0.0
2020-09-23 00:00:00+09:00,706.6228415272719,717.637346251318,660.8702834427722,690.5247192382812,72800,0.0,0.0
2020-09-24 00:00:00+09:00,677.8156729021807,682.8992904489471,660.8702810796262,670.1902465820312,18300,0.0,0.0
2020-09-25 00:00:00+09:00,644.7721976455377,664.2593994140625,637.9940405086595,664.2593994140625,24500,0.0,0.0
2020-09-28 00:00:00+09:00,658.3284904956818,660.023029724757,647.3139855066936,650.7030639648438,4800,0.0,0.0
2020-09-29 00:00:00+09:00,655.7866171875,655.7866171875,624.43764453125,635.4521484375,8700,0.0,0.0
2020-09-30 00:00:00+09:00,632.910319390698,645.6193619487442,632.910319390698,634.6048583984375,6900,0.0,0.0
2020-10-02 00:00:00+09:00,637.9939767722316,649.8557505767617,631.2158203125,631.2158203125,4900,0.0,0.0
2020-10-05 00:00:00+09:00,637.1467271959459,637.1467271959459,618.5067963471283,626.9794921875,6100,0.0,0.0
2020-10-06 00:00:00+09:00,626.9795938579219,631.2159424650702,624.4377846936331,628.6741333007812,1600,0.0,0.0
2020-10-07 00:00:00+09:00,634.6049210313727,647.31396484375,633.7576514438808,647.31396484375,2800,0.0,0.0
2020-10-08 00:00:00+09:00,647.3139043656291,656.6338689572808,643.9248263323012,649.855712890625,3000,0.0,0.0
2020-10-09 00:00:00+09:00,655.7867029929648,664.2593994140625,643.9249280034279,664.2593994140625,5400,0.0,0.0
2020-10-12 00:00:00+09:00,665.1066701190072,708.3174219356561,658.3285129712975,682.0520629882812,15800,0.0,0.0
2020-10-13 00:00:00+09:00,691.3719690834604,694.7610473632812,686.288351663729,694.7610473632812,5000,0.0,0.0
2020-10-14 00:00:00+09:00,692.2192604758523,708.3173828125,688.8301820891895,708.3173828125,8600,0.0,0.0
2020-10-15 00:00:00+09:00,704.0809927645596,719.3318445933949,694.7610277580492,698.9973754882812,6400,0.0,0.0
2020-10-16 00:00:00+09:00,695.6083787746772,707.4701538085938,688.8302216124392,707.4701538085938,45200,0.0,0.0
2020-10-19 00:00:00+09:00,720.1792192970612,830.3242763660236,710.0119832599263,710.8592529296875,48300,0.0,0.0
2020-10-20 00:00:00+09:00,698.9973355835108,710.8591085509886,692.219179602095,702.3864135742188,9900,0.0,0.0
2020-10-21 00:00:00+09:00,703.2338259018362,711.7065225994487,690.5247808554176,710.8592529296875,5100,0.0,0.0
2020-10-22 00:00:00+09:00,707.4700501821574,712.5536673092148,698.1500854492188,698.1500854492188,3400,0.0,0.0
2020-10-23 00:00:00+09:00,696.4555677283112,707.4700718408027,677.8156376917871,704.0809936523438,21100,0.0,0.0
2020-10-26 00:00:00+09:00,715.9427690788802,723.5681950217322,711.7064213328514,714.2482299804688,5300,0.0,0.0
2020-10-27 00:00:00+09:00,710.8591504725906,711.7064200202337,697.3028377103004,706.622802734375,5100,0.0,0.0
2020-10-28 00:00:00+09:00,706.6228843088082,710.011962890625,698.9974574997203,710.011962890625,4500,0.0,0.0
2020-10-29 00:00:00+09:00,707.4701114272139,707.4701114272139,690.5247195367416,693.0665283203125,4100,0.0,0.0
2020-10-30 00:00:00+09:00,694.7611490885416,694.7611490885416,617.6596069335938,617.6596069335938,15000,0.0,0.0
2020-11-02 00:00:00+09:00,617.6595690980249,664.2593994140625,617.6595690980249,664.2593994140625,7400,0.0,0.0
2020-11-04 00:00:00+09:00,673.5794067382812,677.8157552083333,660.870361328125,660.870361328125,4400,0.0,0.0
2020-11-05 00:00:00+09:00,672.7320553554143,672.7320553554143,670.1902465820312,670.1902465820312,2900,0.0,0.0
2020-11-06 00:00:00+09:00,670.1902683587722,686.2883911132812,663.4121114095052,686.2883911132812,3900,0.0,0.0
2020-11-09 00:00:00+09:00,689.677491257719,707.4701538085938,689.677491257719,707.4701538085938,3800,0.0,0.0
2020-11-10 00:00:00+09:00,707.470154242493,719.3319292836845,686.2884130975082,715.0955810546875,6700,0.0,0.0
2020-11-11 00:00:00+09:00,711.7065024714899,715.9428507004869,701.5392667218972,715.0955810546875,4300,0.0,0.0
2020-11-12 00:00:00+09:00,715.09560105657,715.09560105657,703.2338256835938,703.2338256835938,6100,0.0,0.0
2020-11-13 00:00:00+09:00,703.2337631506423,703.2337631506423,682.8992928908647,690.5247192382812,4800,0.0,0.0
2020-11-16 00:00:00+09:00,682.8992703691799,687.1356182002542,652.3975659854448,674.4265747070312,5400,0.0,0.0
2020-11-17 00:00:00+09:00,671.884745587043,673.5792846679688,671.884745587043,673.5792846679688,300,0.0,0.0
2020-11-18 00:00:00+09:00,670.190107236182,679.5100708007812,670.190107236182,679.5100708007812,4800,0.0,0.0
2020-11-19 00:00:00+09:00,677.8157144673029,677.8157144673029,671.0375573226298,676.9684448242188,400,0.0,0.0
2020-11-20 00:00:00+09:00,674.4266562645937,685.4411619573572,674.4266562645937,680.3575439453125,1900,0.0,0.0
2020-11-24 00:00:00+09:00,680.3575033311226,682.0520425673147,677.8156944768346,681.2047729492188,2300,0.0,0.0
2020-11-25 00:00:00+09:00,686.2883322975852,720.1791141394413,686.2883322975852,698.9973754882812,5600,0.0,0.0
2020-11-26 00:00:00+09:00,698.9973754882812,703.2337232185132,690.5246800278172,698.9973754882812,7600,0.0,0.0
2020-11-27 00:00:00+09:00,700.6919759851722,701.5392456054688,689.6774709213183,701.5392456054688,1000,0.0,0.0
2020-11-30 00:00:00+09:00,694.7610277580492,698.9973754882812,693.9137582120028,698.9973754882812,3300,0.0,0.0
2020-12-01 00:00:00+09:00,701.5392046690564,703.2337438107692,698.1501263856311,699.8446655273438,2700,0.0,0.0
2020-12-02 00:00:00+09:00,695.6083169332366,701.5392039229231,691.3719690834604,694.7610473632812,3300,0.0,0.0
2020-12-03 00:00:00+09:00,683.746602726217,690.5247598783976,683.746602726217,689.677490234375,2900,0.0,0.0
2020-12-04 00:00:00+09:00,687.9828893076076,689.6774284438332,677.8156544902538,684.5938110351562,19200,0.0,0.0
2020-12-07 00:00:00+09:00,681.2047724903077,687.9829294305098,675.273885167631,676.1211547851562,3100,0.0,0.0
2020-12-08 00:00:00+09:00,678.6629037396173,683.7465209960938,678.6629037396173,683.7465209960938,800,0.0,0.0
2020-12-09 00:00:00+09:00,690.5247806411192,703.2338256835938,690.5247806411192,703.2338256835938,2100,0.0,0.0
2020-12-10 00:00:00+09:00,705.7755327465733,705.7755327465733,693.0664895398522,704.0809936523438,1500,0.0,0.0
2020-12-11 00:00:00+09:00,691.3719891312653,704.0810330491194,686.2883715641236,693.0665283203125,4100,0.0,0.0
2020-12-14 00:00:00+09:00,692.2192786710582,692.2192786710582,666.8011901029655,688.8302001953125,8400,0.0,0.0
2020-12-15 00:00:00+09:00,682.0520238841494,706.6228421358766,677.8156759097137,695.6083374023438,7900,0.0,0.0
2020-12-16 00:00:00+09:00,697.3027954101562,704.0809513801213,697.3027954101562,697.3027954101562,4800,0.0,0.0
2020-12-17 00:00:00+09:00,701.5392456054688,702.3865152257652,697.3028975039864,701.5392456054688,3500,0.0,0.0
2020-12-18 00:00:00+09:00,702.3864734928783,702.3864734928783,694.7610473632812,694.7610473632812,1500,0.0,0.0
2020-12-21 00:00:00+09:00,703.2336830718957,703.2336830718957,690.524640606741,702.3864135742188,3600,0.0,0.0
2020-12-22 00:00:00+09:00,689.6774897794545,689.6774897794545,671.0375576232531,682.0520629882812,4100,0.0,0.0
2020-12-23 00:00:00+09:00,684.5937689208985,684.5937689208985,677.8156127929688,677.8156127929688,1700,0.0,0.0
2020-12-24 00:00:00+09:00,686.2883911132812,686.2883911132812,667.6484595027971,686.2883911132812,14500,0.0,0.0
2020-12-25 00:00:00+09:00,686.2884316260313,686.2884316260313,674.4266562645937,680.3575439453125,900,0.0,0.0
2020-12-28 00:00:00+09:00,667.6483978847288,676.9683628298202,667.6483978847288,673.5792846679688,2400,0.0,0.0
2020-12-29 00:00:00+09:00,674.4264543109998,686.2882261204899,674.4264543109998,679.5100708007812,1400,0.0,0.0
2020-12-30 00:00:00+09:00,687.1356813023074,690.5247598783976,685.4411420142621,689.677490234375,1600,0.0,0.0
2021-01-04 00:00:00+09:00,702.3865140982953,702.3865140982953,687.1356609574397,688.8302001953125,1500,0.0,0.0
2021-01-05 00:00:00+09:00,690.5247387482752,698.1501653111396,673.5793463863544,681.2047729492188,4300,0.0,0.0
2021-01-06 00:00:00+09:00,682.052042107833,682.052042107833,676.1211547851562,676.1211547851562,1500,0.0,0.0
2021-01-07 00:00:00+09:00,682.0520023308178,687.1356197394947,672.7320370815769,684.5938110351562,2200,0.0,0.0
2021-01-08 00:00:00+09:00,684.593831781096,687.98291015625,680.3574838121536,687.98291015625,1000,0.0,0.0
2021-01-12 00:00:00+09:00,687.1356607319397,687.9829303505979,678.6629645453559,686.2883911132812,4200,0.0,0.0
2021-01-13 00:00:00+09:00,679.5101936264793,684.5938110351562,679.5101936264793,684.5938110351562,700,0.0,0.0
2021-01-14 00:00:00+09:00,684.5938121557527,693.9137774202494,684.5938121557527,692.21923828125,700,0.0,0.0
2021-01-15 00:00:00+09:00,685.4411016733369,691.3719888324387,685.4411016733369,690.5247192382812,400,0.0,0.0
2021-01-18 00:00:00+09:00,690.5247192382812,690.5247192382812,690.5247192382812,690.5247192382812,1800,0.0,0.0
2021-01-19 00:00:00+09:00,690.5247192382812,690.5247192382812,690.5247192382812,690.5247192382812,2200,0.0,0.0
2021-01-20 00:00:00+09:00,689.677449343827,690.5247189376155,687.98291015625,687.98291015625,1700,0.0,0.0
2021-01-21 00:00:00+09:00,689.677490234375,689.677490234375,689.677490234375,689.677490234375,200,0.0,0.0
2021-01-22 00:00:00+09:00,689.677490234375,689.677490234375,689.677490234375,689.677490234375,500,0.0,0.0
2021-01-25 00:00:00+09:00,689.6774284438332,689.6774284438332,684.5938110351562,684.5938110351562,1600,0.0,0.0
2021-01-26 00:00:00+09:00,689.6773907478083,707.4700507056756,689.6773907478083,700.69189453125,8100,0.0,0.0
2021-01-27 00:00:00+09:00,700.6919549716665,700.6919549716665,691.371989427908,695.6083374023438,2400,0.0,0.0
2021-01-28 00:00:00+09:00,694.7609869214193,703.2336818838756,693.066447928928,697.3027954101562,9100,0.0,0.0
2021-01-29 00:00:00+09:00,693.9137976149109,693.9137976149109,689.6774496441238,690.5247192382812,3600,0.0,0.0
2021-02-01 00:00:00+09:00,700.6919540630772,700.6919540630772,679.5102142183651,687.98291015625,2400,0.0,0.0
2021-02-02 00:00:00+09:00,686.2884112055997,686.2884112055997,677.8157147709627,682.0520629882812,5400,0.0,0.0
2021-02-03 00:00:00+09:00,677.8156944768346,682.0520425673147,677.8156944768346,681.2047729492188,2300,0.0,0.0
2021-02-04 00:00:00+09:00,682.0519598335064,682.0519598335064,674.4265341956163,675.2738037109375,2100,0.0,0.0
2021-02-05 00:00:00+09:00,678.6629240583666,687.1356197394947,675.2738457859153,684.5938110351562,1800,0.0,0.0
2021-02-08 00:00:00+09:00,684.5938110351562,686.2883501713819,683.7465414670435,684.5938110351562,2100,0.0,0.0
2021-02-09 00:00:00+09:00,685.4410600815859,687.1355991670781,683.7465209960938,683.7465209960938,1100,0.0,0.0
2021-02-10 00:00:00+09:00,687.1356607319397,687.9829303505979,685.4411214946228,686.2883911132812,3600,0.0,0.0
2021-02-12 00:00:00+09:00,676.9684248587384,685.4411210396989,676.9684248587384,681.2047729492188,7100,0.0,0.0
2021-02-15 00:00:00+09:00,681.2046908569336,681.2046908569336,676.1210737609863,677.8156127929688,4900,0.0,0.0
2021-02-16 00:00:00+09:00,679.5102337130267,681.2047729492188,677.8156944768346,681.2047729492188,2200,0.0,0.0
2021-02-17 00:00:00+09:00,679.5101518249512,680.3574213409423,677.8156127929688,677.8156127929688,2700,0.0,0.0
2021-02-18 00:00:00+09:00,677.8156332904183,678.6629028320312,673.5792855823531,678.6629028320312,4300,0.0,0.0
2021-02-19 00:00:00+09:00,680.3574409916715,681.2047105321344,673.5792846679688,673.5792846679688,3200,0.0,0.0
2021-02-22 00:00:00+09:00,676.9684244026815,677.8156940202067,676.1211547851562,676.1211547851562,1300,0.0,0.0
2021-02-24 00:00:00+09:00,676.9683427415797,682.8992293488276,675.2738037109375,675.2738037109375,1700,0.0,0.0
2021-02-25 00:00:00+09:00,676.1211552406425,682.8993121854108,676.1211552406425,681.2047729492188,3100,0.0,0.0
2021-02-26 00:00:00+09:00,681.2047933448175,682.8993326317449,674.4266361971079,682.0520629882812,2300,0.0,0.0
2021-03-01 00:00:00+09:00,682.0520430199894,686.2883911132812,682.0520430199894,686.2883911132812,3900,0.0,0.0
2021-03-02 00:00:00+09:00,687.135660275891,687.982929893987,681.2047729492188,681.2047729492188,1500,0.0,0.0
2021-03-03 00:00:00+09:00,682.051879045672,682.051879045672,679.5100708007812,679.5100708007812,1000,0.0,0.0
2021-03-04 00:00:00+09:00,682.0520629882812,682.0520629882812,680.3575237013538,682.0520629882812,3300,0.0,0.0
2021-03-05 00:00:00+09:00,676.9683427415797,680.3574208028642,675.2738037109375,675.2738037109375,2100,0.0,0.0
2021-03-08 00:00:00+09:00,681.2046908569336,681.2046908569336,677.8156127929688,677.8156127929688,1600,0.0,0.0
2021-03-09 00:00:00+09:00,678.6629844144264,682.0520629882812,677.8157147709627,682.0520629882812,2300,0.0,0.0
2021-03-10 00:00:00+09:00,680.3575237013538,684.5938719186723,680.3575237013538,682.0520629882812,600,0.0,0.0
2021-03-11 00:00:00+09:00,682.8992309570312,683.7465004743477,682.8992309570312,682.8992309570312,3000,0.0,0.0
2021-03-12 00:00:00+09:00,682.8992116154343,687.1355590820312,680.3574031354761,687.1355590820312,7700,0.0,0.0
2021-03-15 00:00:00+09:00,688.8301600032512,697.3028556982482,688.8301600032512,692.21923828125,8300,0.0,0.0
2021-03-16 00:00:00+09:00,694.7610879788614,694.7610879788614,690.5247398814294,693.913818359375,4900,0.0,0.0
2021-03-17 00:00:00+09:00,694.7610886430971,703.2337848460617,694.7610886430971,701.5392456054688,11900,0.0,0.0
2021-03-18 00:00:00+09:00,701.5392485519935,782.0298628182247,701.5392485519935,737.1245727539062,49800,0.0,0.0
2021-03-19 00:00:00+09:00,748.9863474878772,762.5426614695582,732.8882246346309,737.1245727539062,13900,0.0,0.0
2021-03-22 00:00:00+09:00,774.4043001599922,864.2148645111511,771.0152222599485,787.1133422851562,156700,0.0,0.0
2021-03-23 00:00:00+09:00,774.4043950289318,786.2661691322196,745.5972293495187,748.1390380859375,41700,0.0,0.0
2021-03-24 00:00:00+09:00,745.5972689924569,745.5972689924569,733.735494258486,737.1245727539062,10700,0.0,0.0
2021-03-25 00:00:00+09:00,736.27722456974,751.528076171875,736.27722456974,751.528076171875,4000,0.0,0.0
2021-03-26 00:00:00+09:00,753.222737653068,754.0700073242188,749.8336589684646,754.0700073242188,4200,0.0,0.0
2021-03-29 00:00:00+09:00,754.0698429029815,754.0698429029815,745.597148038903,747.2916870117188,6100,0.0,0.0
2021-03-30 00:00:00+09:00,758.4968152652491,758.4968152652491,746.4298204769383,752.4633178710938,5300,15.0,0.0
2021-03-31 00:00:00+09:00,748.1537168646134,749.8775733550849,741.2582909027276,745.5679321289062,4400,0.0,0.0
2021-04-01 00:00:00+09:00,751.601460538718,751.601460538718,741.2583211735064,742.982177734375,7200,0.0,0.0
2021-04-02 00:00:00+09:00,742.9821980794271,742.9821980794271,729.1913452148438,734.3629150390625,8700,0.0,0.0
2021-04-05 00:00:00+09:00,734.3627921030031,734.3627921030031,729.1912231445312,729.1912231445312,3700,0.0,0.0
2021-04-06 00:00:00+09:00,728.329325140866,730.053181531732,726.60546875,726.60546875,6500,0.0,0.0
2021-04-07 00:00:00+09:00,726.6055093191467,733.5009352676083,724.0197245884735,724.8816528320312,9800,0.0,0.0
2021-04-08 00:00:00+09:00,724.0197242234282,725.7435807096745,719.7100830078125,719.7100830078125,6000,0.0,0.0
2021-04-09 00:00:00+09:00,716.2623598386916,723.1577856855141,715.4004316078388,718.84814453125,3300,0.0,0.0
2021-04-12 00:00:00+09:00,717.9862167358399,729.1912837437221,716.2623602730888,724.0197143554688,5800,0.0,0.0
2021-04-13 00:00:00+09:00,724.0197046042899,728.329345703125,724.0197046042899,728.329345703125,6100,0.0,0.0
2021-04-14 00:00:00+09:00,735.2247633692307,751.6013993645594,733.5009069486697,748.1536865234375,16300,0.0,0.0
2021-04-15 00:00:00+09:00,753.3253079927885,773.149658203125,753.3253079927885,773.149658203125,21100,0.0,0.0
2021-04-16 00:00:00+09:00,773.1496270669473,774.8734835375537,760.2207035373997,765.3922729492188,53200,0.0,0.0
2021-04-19 00:00:00+09:00,765.3922824837871,772.2877084521094,754.1872152852632,755.9110717773438,12000,0.0,0.0
2021-04-20 00:00:00+09:00,768.8399151057706,769.7018432617188,751.6013519868071,769.7018432617188,18000,0.0,0.0
2021-04-21 00:00:00+09:00,756.7730404487368,756.7730404487368,733.5009765625,733.5009765625,9000,0.0,0.0
2021-04-22 00:00:00+09:00,749.8775326421929,749.8775326421929,747.291748046875,747.291748046875,3400,0.0,0.0
2021-04-23 00:00:00+09:00,747.2918601102607,747.2918601102607,741.2583618164062,741.2583618164062,3400,0.0,0.0
2021-04-26 00:00:00+09:00,754.1872660319011,754.1872660319011,742.1202697753906,749.8776245117188,3500,0.0,0.0
2021-04-27 00:00:00+09:00,744.7059326171875,747.2917171054416,744.7059326171875,744.7059326171875,3400,0.0,0.0
2021-04-28 00:00:00+09:00,754.1872145812636,754.1872145812636,745.5679321289062,745.5679321289062,2200,0.0,0.0
2021-04-30 00:00:00+09:00,754.1871948242188,756.7729794921876,745.5679125976562,754.1871948242188,2600,0.0,0.0
2021-05-06 00:00:00+09:00,754.1871424074526,758.4967832212095,742.1201481289334,744.7059326171875,6100,0.0,0.0
2021-05-07 00:00:00+09:00,784.3546262929137,805.9028303119497,780.9069136498679,795.5596923828125,40700,0.0,0.0
2021-05-10 00:00:00+09:00,810.212483983131,825.7271911232335,804.17898676198,811.9363403320312,12200,0.0,0.0
2021-05-11 00:00:00+09:00,823.1414807390753,860.2043955786357,811.9364134619989,843.8277587890625,19900,0.0,0.0
2021-05-12 00:00:00+09:00,860.2043405633224,860.2043405633224,811.9363615337171,818.831787109375,11700,0.0,0.0
2021-05-13 00:00:00+09:00,818.8317657276324,818.8317657276324,797.2835613663789,811.9363403320312,9400,0.0,0.0
2021-05-14 00:00:00+09:00,824.8653769986046,842.1039428710938,817.1080223559845,842.1039428710938,10200,0.0,0.0
2021-05-17 00:00:00+09:00,854.1708666692015,855.8947231105117,827.4510918288935,841.241943359375,14900,0.0,0.0
2021-05-18 00:00:00+09:00,834.3465881031412,842.965871038091,831.7608032226562,831.7608032226562,6000,0.0,0.0
2021-05-19 00:00:00+09:00,831.7607003256912,832.6226285125572,811.9363520277732,823.1414184570312,13200,0.0,0.0
2021-05-20 00:00:00+09:00,823.1414899607954,831.760772578186,823.1414899607954,829.1749877929688,2400,0.0,0.0
2021-05-21 00:00:00+09:00,830.0369465721536,837.7943012130149,825.7273051050084,826.5892333984375,5500,0.0,0.0
2021-05-24 00:00:00+09:00,832.6227108946415,836.0704239832321,824.8653564453125,824.8653564453125,9600,0.0,0.0
2021-05-25 00:00:00+09:00,828.3130274579071,828.3130274579071,811.074462890625,811.074462890625,7500,0.0,0.0
2021-05-26 00:00:00+09:00,811.9363506232188,818.8317761062185,811.9363506232188,812.7982788085938,4400,0.0,0.0
2021-05-27 00:00:00+09:00,810.2125957605095,821.4176635742188,810.2125957605095,821.4176635742188,2500,0.0,0.0
2021-05-28 00:00:00+09:00,821.4176226697305,822.2795509201709,815.3841249166475,817.9699096679688,2600,0.0,0.0
2021-05-31 00:00:00+09:00,819.6937965555394,819.6937965555394,810.2125854492188,810.2125854492188,3300,0.0,0.0
2021-06-01 00:00:00+09:00,810.2125554140049,817.9699096679688,810.2125554140049,817.9699096679688,1200,0.0,0.0
2021-06-02 00:00:00+09:00,817.9699403766799,825.727294921875,815.3841555282816,825.727294921875,4200,0.0,0.0
2021-06-03 00:00:00+09:00,834.3464855944329,836.070341969628,828.31298828125,828.31298828125,3500,0.0,0.0
2021-06-04 00:00:00+09:00,828.31298828125,828.31298828125,820.555634592872,828.31298828125,4100,0.0,0.0
2021-06-07 00:00:00+09:00,828.3129875782272,835.2084130731553,823.1414184570312,823.1414184570312,1400,0.0,0.0
2021-06-08 00:00:00+09:00,823.1415100734766,826.5892232046745,821.4176535078777,825.727294921875,3800,0.0,0.0
2021-06-09 00:00:00+09:00,823.1414487181592,823.1414487181592,813.6602383140756,820.5556640625,2400,0.0,0.0
2021-06-10 00:00:00+09:00,820.5557146990741,820.5557146990741,812.7983602533895,814.522216796875,4200,0.0,0.0
2021-06-11 00:00:00+09:00,811.936391570626,816.2460327148438,811.0744633417825,816.2460327148438,2100,0.0,0.0
2021-06-14 00:00:00+09:00,814.5221758040814,815.3841040324455,810.2125346622609,811.074462890625,2100,0.0,0.0
2021-06-15 00:00:00+09:00,811.0745137316114,811.0745137316114,810.2125854492188,810.2125854492188,2000,0.0,0.0
2021-06-16 00:00:00+09:00,818.831816945902,818.831816945902,811.074462890625,811.074462890625,3000,0.0,0.0
2021-06-17 00:00:00+09:00,811.0743992765184,813.6601837588028,795.5596923828125,795.5596923828125,3900,0.0,0.0
2021-06-18 00:00:00+09:00,795.5597636565501,801.5932613224178,795.5597636565501,796.4216918945312,2000,0.0,0.0
2021-06-21 00:00:00+09:00,792.9740077725043,792.9740077725043,742.1202398827459,757.6349487304688,15700,0.0,0.0
2021-06-22 00:00:00+09:00,769.7019141257347,774.0115553022505,765.3922729492188,765.3922729492188,5400,0.0,0.0
2021-06-23 00:00:00+09:00,772.2876277295633,775.7353403533559,769.7018432617188,769.7018432617188,2400,0.0,0.0
2021-06-24 00:00:00+09:00,777.4592479483429,777.4592479483429,767.9780376075095,768.8399658203125,1700,0.0,0.0
2021-06-25 00:00:00+09:00,769.7018432617188,771.4256995736151,769.7018432617188,769.7018432617188,2400,0.0,0.0
2021-06-28 00:00:00+09:00,772.2877604166667,775.7354736328125,772.2877604166667,775.7354736328125,3500,0.0,0.0
2021-06-29 00:00:00+09:00,776.5972693998106,777.4591975567471,774.8734130859375,774.8734130859375,1500,0.0,0.0
2021-06-30 00:00:00+09:00,778.321177254736,783.4927465388206,776.5973208267077,779.18310546875,1900,0.0,0.0
2021-07-01 00:00:00+09:00,784.3547158934472,784.3547158934472,780.9070028565529,782.630859375,2000,0.0,0.0
2021-07-02 00:00:00+09:00,782.6308596421122,787.8024291992188,782.6308596421122,787.8024291992188,700,0.0,0.0
2021-07-05 00:00:00+09:00,792.9740194126219,799.0075173864137,792.9740194126219,794.6978759765625,2000,0.0,0.0
2021-07-06 00:00:00+09:00,801.5933529789836,809.3507080078125,799.007567969374,809.3507080078125,2300,0.0,0.0
2021-07-07 00:00:00+09:00,807.6268003397975,807.6268003397975,798.1455892365555,799.8694458007812,1400,0.0,0.0
2021-07-08 00:00:00+09:00,799.8694458007812,799.8694458007812,799.8694458007812,799.8694458007812,700,0.0,0.0
2021-07-09 00:00:00+09:00,799.8694966963322,799.8694966963322,786.0786433050162,799.007568359375,1700,0.0,0.0
2021-07-12 00:00:00+09:00,806.764892578125,808.488749186198,801.5933227539062,801.5933227539062,1900,0.0,0.0
2021-07-13 00:00:00+09:00,801.593302365007,801.593302365007,799.8694458007812,799.8694458007812,600,0.0,0.0
2021-07-14 00:00:00+09:00,799.8693340453445,800.7312622070312,799.8693340453445,800.7312622070312,600,0.0,0.0
2021-07-15 00:00:00+09:00,800.73134269589,800.73134269589,786.9404907226562,786.9404907226562,1900,0.0,0.0
2021-07-16 00:00:00+09:00,786.9405107297506,797.283649972639,778.3212280273438,778.3212280273438,7700,0.0,0.0
2021-07-19 00:00:00+09:00,790.3881122305925,791.2500403791536,785.2165433392254,789.5261840820312,1600,0.0,0.0
2021-07-20 00:00:00+09:00,789.5263570483265,789.5263570483265,777.4593603248804,788.6644287109375,1700,0.0,0.0
2021-07-21 00:00:00+09:00,786.0785628060391,792.9739887955658,781.768921562585,792.112060546875,2400,0.0,0.0
2021-07-26 00:00:00+09:00,792.1120704968074,793.8359270158429,787.8024291992188,787.8024291992188,2400,0.0,0.0
2021-07-27 00:00:00+09:00,787.8023372109975,787.8023372109975,785.216552734375,785.216552734375,1500,0.0,0.0
2021-07-28 00:00:00+09:00,785.2166441526707,785.2166441526707,782.630859375,782.630859375,1400,0.0,0.0
2021-07-29 00:00:00+09:00,782.630758893542,789.5261840820312,780.0449744478584,789.5261840820312,1500,0.0,0.0
2021-07-30 00:00:00+09:00,781.7690020118255,788.6644287109375,780.9070736744366,788.6644287109375,1100,0.0,0.0
2021-08-02 00:00:00+09:00,788.6643465404107,790.3882030355811,776.5973510742188,776.5973510742188,8300,0.0,0.0
2021-08-03 00:00:00+09:00,777.4593302408855,780.9070434570312,774.0116170247396,775.7354736328125,4600,0.0,0.0
2021-08-04 00:00:00+09:00,775.7354228266336,782.6308488073148,774.8734945790484,776.5973510742188,4600,0.0,0.0
2021-08-05 00:00:00+09:00,772.2877183169745,773.1496465740247,741.2583010631676,746.4298706054688,13300,0.0,0.0
2021-08-06 00:00:00+09:00,752.4634194132715,766.2542724609375,752.4634194132715,766.2542724609375,3300,0.0,0.0
2021-08-10 00:00:00+09:00,767.1162007764166,767.1162007764166,749.0157061513551,766.2542724609375,4400,0.0,0.0
2021-08-11 00:00:00+09:00,766.2541306379261,772.2876277295633,766.2541306379261,769.7018432617188,2900,0.0,0.0
2021-08-12 00:00:00+09:00,792.9739284206081,803.3170666173986,791.2500720544764,797.2835693359375,9900,0.0,0.0
2021-08-13 00:00:00+09:00,805.9029340794477,814.522216796875,797.2836513620206,814.522216796875,3500,0.0,0.0
2021-08-16 00:00:00+09:00,814.5222784246056,814.5222784246056,799.007568359375,799.007568359375,3000,0.0,0.0
2021-08-17 00:00:00+09:00,799.0074960239182,799.8694242828436,777.4592895507812,777.4592895507812,2800,0.0,0.0
2021-08-18 00:00:00+09:00,770.5638637458701,782.630859375,770.5638637458701,782.630859375,1600,0.0,0.0
2021-08-19 00:00:00+09:00,773.1496079706513,781.7688901107923,772.2876797566372,779.18310546875,4300,0.0,0.0
2021-08-20 00:00:00+09:00,779.1831032492897,780.9069596724077,758.496826171875,758.496826171875,6300,0.0,0.0
2021-08-23 00:00:00+09:00,759.3587344760808,761.9445190429688,759.3587344760808,761.9445190429688,8200,0.0,0.0
2021-08-24 00:00:00+09:00,773.1496990545149,773.1496990545149,761.0827026367188,761.0827026367188,2400,0.0,0.0
2021-08-25 00:00:00+09:00,762.8064575195312,763.6683857201183,762.8064575195312,762.8064575195312,1300,0.0,0.0
2021-08-26 00:00:00+09:00,762.8065592678325,764.5304158989462,761.0827026367188,761.0827026367188,1400,0.0,0.0
2021-08-27 00:00:00+09:00,777.4593103371576,800.7313739503542,774.8735254912469,794.6978759765625,5100,0.0,0.0
2021-08-30 00:00:00+09:00,804.1791387839396,804.1791387839396,788.6644287109375,788.6644287109375,6300,0.0,0.0
2021-08-31 00:00:00+09:00,798.1455688476562,801.5932818880349,798.1455688476562,798.1455688476562,600,0.0,0.0
2021-09-01 00:00:00+09:00,802.4552098813264,802.4552098813264,790.3882142440132,792.9739990234375,3700,0.0,0.0
2021-09-02 00:00:00+09:00,794.6978449576003,794.6978449576003,784.3547059776748,786.9404907226562,3100,0.0,0.0
2021-09-03 00:00:00+09:00,794.6978552753607,794.6978552753607,785.2166444206655,787.8024291992188,1700,0.0,0.0
2021-09-06 00:00:00+09:00,789.526296145494,795.5597940418024,789.526296145494,793.8359375,4000,0.0,0.0
2021-09-07 00:00:00+09:00,785.2166338902719,789.5262751300648,781.7689208984375,781.7689208984375,2600,0.0,0.0
2021-09-08 00:00:00+09:00,782.6308183248065,782.6308183248065,779.18310546875,779.18310546875,2800,0.0,0.0
2021-09-09 00:00:00+09:00,778.3212178097067,780.9070025864831,776.5973612918558,777.4592895507812,3900,0.0,0.0
2021-09-10 00:00:00+09:00,778.3211874946046,781.7689003960203,778.3211874946046,780.0450439453125,1400,0.0,0.0
2021-09-13 00:00:00+09:00,778.3212079066031,784.3547056423133,778.3212079066031,781.7689208984375,1900,0.0,0.0
2021-09-14 00:00:00+09:00,784.3546850720821,786.940469748144,780.0450439453125,780.0450439453125,4500,0.0,0.0
2021-09-15 00:00:00+09:00,783.4927873632596,786.078572140036,777.4592895507812,777.4592895507812,4700,0.0,0.0
2021-09-16 00:00:00+09:00,778.3212178097067,785.2166438811105,773.1496482561538,777.4592895507812,4200,0.0,0.0
2021-09-17 00:00:00+09:00,777.4593302408855,780.9070434570312,775.7354736328125,775.7354736328125,27500,0.0,0.0
2021-09-21 00:00:00+09:00,764.5304158299792,774.0116273002495,762.806559199021,766.2542724609375,5700,0.0,0.0
2021-09-22 00:00:00+09:00,758.4967857585743,762.806426586748,758.4967857585743,760.2206420898438,5200,0.0,0.0
2021-09-24 00:00:00+09:00,763.6684773763021,775.7354736328125,763.6684773763021,775.7354736328125,2900,0.0,0.0
2021-09-27 00:00:00+09:00,775.7354228266336,780.0450640645593,775.7354228266336,776.5973510742188,1800,0.0,0.0
2021-09-28 00:00:00+09:00,782.6308488073148,782.6308488073148,774.8734945790484,776.5973510742188,1400,0.0,0.0
2021-09-29 00:00:00+09:00,776.5974321858455,783.4928588867188,776.5974321858455,783.4928588867188,1100,0.0,0.0
2021-09-30 00:00:00+09:00,780.9070025864831,780.9070025864831,777.4592895507812,777.4592895507812,500,0.0,0.0
2021-10-01 00:00:00+09:00,778.3211968953178,778.3211968953178,767.1161298303797,770.5638427734375,4500,0.0,0.0
2021-10-04 00:00:00+09:00,775.7353915227368,775.7353915227368,766.2541811819034,768.8399658203125,1500,0.0,0.0
2021-10-05 00:00:00+09:00,766.2541909201707,767.9780473676851,754.1871957875695,764.5303344726562,7100,0.0,0.0
2021-10-06 00:00:00+09:00,761.9446309522756,768.8400574767306,758.4969176900481,761.0827026367188,4700,0.0,0.0
2021-10-07 00:00:00+09:00,761.0825702554785,761.0825702554785,759.358713924209,760.2206420898438,1900,0.0,0.0
2021-10-08 00:00:00+09:00,760.2206335462888,777.4591966652523,760.2206335462888,769.7018432617188,3600,0.0,0.0
2021-10-11 00:00:00+09:00,769.7018432617188,775.7353403533559,769.7018432617188,769.7018432617188,4900,0.0,0.0
2021-10-12 00:00:00+09:00,774.0115864731397,774.0115864731397,770.5638733930812,773.149658203125,2400,0.0,0.0
2021-10-13 00:00:00+09:00,778.321207569389,778.321207569389,774.8734945790484,776.5973510742188,800,0.0,0.0
2021-10-14 00:00:00+09:00,775.7353915227368,775.7353915227368,768.8399658203125,768.8399658203125,4700,0.0,0.0
2021-10-15 00:00:00+09:00,768.8400168530519,775.735443013169,768.8400168530519,773.149658203125,2600,0.0,0.0
2021-10-18 00:00:00+09:00,774.8735555467659,774.8735555467659,770.5639139697538,771.4258422851562,3300,0.0,0.0
2021-10-19 00:00:00+09:00,772.2876992449665,774.0115557164954,770.5638427734375,770.5638427734375,1500,0.0,0.0
2021-10-20 00:00:00+09:00,774.0115862674049,774.8735145371905,764.5303752997642,767.9780883789062,6400,0.0,0.0
2021-10-21 00:00:00+09:00,767.1161191439279,774.8734731577429,764.5303344726562,764.5303344726562,3200,0.0,0.0
2021-10-22 00:00:00+09:00,763.6683857201183,765.3922421212924,762.8064575195312,762.8064575195312,2600,0.0,0.0
2021-10-25 00:00:00+09:00,764.5303344726562,764.5303344726562,758.4968369063556,764.5303344726562,6600,0.0,0.0
2021-10-26 00:00:00+09:00,764.530324208279,768.839965269205,763.6683959960938,763.6683959960938,1500,0.0,0.0
2021-10-27 00:00:00+09:00,763.6683959960938,766.2541806326494,763.6683959960938,763.6683959960938,3700,0.0,0.0
2021-10-28 00:00:00+09:00,769.7018940331155,775.7353915227368,763.6683965434942,768.8399658203125,5800,0.0,0.0
2021-10-29 00:00:00+09:00,773.149698915961,773.149698915961,767.9781290235466,771.4258422851562,1600,0.0,0.0
2021-11-01 00:00:00+09:00,770.5638238592462,799.007454941299,770.5638238592462,784.3546752929688,14200,0.0,0.0
2021-11-02 00:00:00+09:00,787.8023277849089,790.3881122305925,784.3546151906643,789.5261840820312,8300,0.0,0.0
2021-11-04 00:00:00+09:00,790.3881122305925,792.9738966762759,787.8023277849089,789.5261840820312,3500,0.0,0.0
2021-11-05 00:00:00+09:00,787.8024095147202,801.5932613224178,787.8024095147202,796.4216918945312,6100,0.0,0.0
2021-11-08 00:00:00+09:00,799.0074257020692,799.0074257020692,792.9739284206081,797.2835693359375,3900,0.0,0.0
2021-11-09 00:00:00+09:00,797.28363003902,801.5932712824741,792.112060546875,792.112060546875,7000,0.0,0.0
2021-11-10 00:00:00+09:00,792.1120503078619,800.7313326833554,791.2501220703125,791.2501220703125,3800,0.0,0.0
2021-11-11 00:00:00+09:00,793.8359270158429,796.4217117943962,786.940500939701,787.8024291992188,4200,0.0,0.0
2021-11-12 00:00:00+09:00,800.7312955976032,824.865285131223,796.4216546094567,824.0033569335938,13500,0.0,0.0
2021-11-15 00:00:00+09:00,832.6226339292668,865.3759052432546,831.7607057367935,864.5139770507812,17200,0.0,0.0
2021-11-16 00:00:00+09:00,864.5140691368325,890.3719176653519,864.5140691368325,887.7861328125,11300,0.0,0.0
2021-11-17 00:00:00+09:00,912.7820235877755,970.5312167703826,905.8865975361209,921.4013061523438,43300,0.0,0.0
2021-11-18 00:00:00+09:00,926.5728967139435,948.1211036142677,926.5728967139435,938.639892578125,25600,0.0,0.0
2021-11-19 00:00:00+09:00,948.1210722746673,948.1210722746673,928.2967225816515,930.8825073242188,15000,0.0,0.0
2021-11-22 00:00:00+09:00,947.2590586478603,999.8366770077506,941.2255614590205,980.0123291015625,28700,0.0,0.0
2021-11-24 00:00:00+09:00,980.8742832097067,1051.5523950051338,980.8742832097067,1023.1087646484375,23400,0.0,0.0
2021-11-25 00:00:00+09:00,1023.1089177098767,1047.242910713985,991.2175698115908,999.8368530273438,18300,0.0,0.0
2021-11-26 00:00:00+09:00,1005.8703308105469,1005.8703308105469,956.7404174804688,972.255126953125,13400,0.0,0.0
2021-11-29 00:00:00+09:00,946.3971905708313,946.3971905708313,882.614501953125,882.614501953125,22100,0.0,0.0
2021-11-30 00:00:00+09:00,905.8865435411029,947.2590973850354,883.4764102089729,886.0621948242188,16200,0.0,0.0
2021-12-01 00:00:00+09:00,890.3719681791727,934.3303131715617,890.3719681791727,902.43896484375,7200,0.0,0.0
2021-12-02 00:00:00+09:00,901.5768995206936,957.6022326649049,900.7149713184749,947.2590942382812,13000,0.0,0.0
2021-12-03 00:00:00+09:00,973.1169541587292,986.0458773760728,954.1545334399585,979.1504516601562,13700,0.0,0.0
2021-12-06 00:00:00+09:00,992.9412665034072,1033.4518910916538,992.9412665034072,1011.9036865234375,14000,0.0,0.0
2021-12-07 00:00:00+09:00,1023.9707531998005,1025.6946096866689,1004.1464036008144,1012.7656860351562,13700,0.0,0.0
2021-12-08 00:00:00+09:00,1017.9372554957613,1030.0042509038396,1009.3179730614195,1012.7656860351562,10500,0.0,0.0
2021-12-09 00:00:00+09:00,1023.1087862978768,1043.7950633586595,1014.4895041892173,1035.17578125,17000,0.0,0.0
2021-12-10 00:00:00+09:00,1049.8285174792325,1049.8285174792325,1004.1463241899063,1021.3848876953125,7900,0.0,0.0
2021-12-13 00:00:00+09:00,1021.3850094534247,1021.3850094534247,1011.0418701171875,1011.0418701171875,23500,0.0,0.0
2021-12-14 00:00:00+09:00,1008.456042960221,1008.456042960221,977.4266262537527,986.9078369140625,29700,0.0,0.0
2021-12-15 00:00:00+09:00,978.2886356447992,982.5982772115165,942.087646484375,942.087646484375,7000,0.0,0.0
2021-12-16 00:00:00+09:00,959.3261717095932,959.3261717095932,944.6733910096262,954.1546020507812,6500,0.0,0.0
2021-12-17 00:00:00+09:00,943.8115031110618,945.5353597377486,942.087646484375,942.087646484375,2100,0.0,0.0
2021-12-20 00:00:00+09:00,932.6063404632392,940.3636944966673,896.4053549739084,898.1292114257812,5200,0.0,0.0
2021-12-21 00:00:00+09:00,898.9912310911593,917.0917256768873,898.9912310911593,916.2297973632812,3900,0.0,0.0
2021-12-22 00:00:00+09:00,916.229726441344,920.5393676757812,903.3008027380325,920.5393676757812,5300,0.0,0.0
2021-12-23 00:00:00+09:00,920.5393673309499,923.9870803172081,878.3048832492864,915.3677978515625,4000,0.0,0.0
2021-12-24 00:00:00+09:00,915.367796440345,915.367796440345,886.0622361023302,894.6815185546875,5600,0.0,0.0
2021-12-27 00:00:00+09:00,894.6815281824337,905.0246672365658,866.2378957835701,885.2003173828125,67800,0.0,0.0
2021-12-28 00:00:00+09:00,885.2002569975949,896.4053235418683,877.442903236175,890.371826171875,7200,0.0,0.0
2021-12-29 00:00:00+09:00,891.2337073053891,928.2966177639304,891.2337073053891,911.9199829101562,2900,0.0,0.0
2021-12-30 00:00:00+09:00,901.5770471050013,908.4724738515022,888.6481219553119,892.957763671875,3000,0.0,0.0
2022-01-04 00:00:00+09:00,892.9575626967978,908.47226938458,892.9575626967978,906.7484130859375,4100,0.0,0.0
2022-01-05 00:00:00+09:00,911.0581357546957,917.9535615693007,901.5769252596137,908.4723510742188,5400,0.0,0.0
2022-01-06 00:00:00+09:00,908.4723501370187,913.6439194926373,898.1292114257812,898.1292114257812,3900,0.0,0.0
2022-01-07 00:00:00+09:00,898.1292617216137,903.3008313668438,869.6856286728487,881.7526245117188,6600,0.0,0.0
2022-01-11 00:00:00+09:00,884.3383970789351,898.1292492750979,838.6561991791461,839.5181274414062,12700,0.0,0.0
2022-01-12 00:00:00+09:00,852.447112853637,864.5141093955489,849.8613278803701,860.2044677734375,5700,0.0,0.0
2022-01-13 00:00:00+09:00,866.2378773357439,904.1627197265625,863.652092627279,904.1627197265625,6700,0.0,0.0
2022-01-14 00:00:00+09:00,897.2673032903947,897.2673032903947,888.6480208380374,894.6815185546875,1100,0.0,0.0
2022-01-17 00:00:00+09:00,890.3718346423051,890.3718346423051,872.2713423601285,875.7190551757812,4800,0.0,0.0
2022-01-18 00:00:00+09:00,886.9241421062484,886.9241421062484,861.0662953976114,872.2713623046875,3000,0.0,0.0
2022-01-19 00:00:00+09:00,853.3089057215791,865.3759003479448,828.31298828125,828.31298828125,13400,0.0,0.0
2022-01-20 00:00:00+09:00,828.3131001790365,835.2085266113281,822.2796020507812,832.6227416992188,3100,0.0,0.0
2022-01-21 00:00:00+09:00,833.4845462695108,840.3799716781521,810.2124855153465,822.2794799804688,5700,0.0,0.0
2022-01-24 00:00:00+09:00,814.5222473144531,851.5851643880209,795.5598246256511,832.6227416992188,7200,0.0,0.0
2022-01-25 00:00:00+09:00,832.6225700103979,838.6560668945312,811.9362949790838,838.6560668945312,2300,0.0,0.0
2022-01-26 00:00:00+09:00,838.6561586974098,844.6896562419954,819.6937378429975,841.241943359375,3100,0.0,0.0
2022-01-27 00:00:00+09:00,830.8988313873391,830.8988313873391,775.7354234944037,786.9404907226562,11200,0.0,0.0
2022-01-28 00:00:00+09:00,780.9070033861243,793.8359272832455,780.9070033861243,792.9739990234375,4600,0.0,0.0
2022-01-31 00:00:00+09:00,794.6977862151481,808.4886371689902,794.6977862151481,807.626708984375,3500,0.0,0.0
2022-02-01 00:00:00+09:00,820.5557763827876,829.175059748153,809.3507080078125,809.3507080078125,4100,0.0,0.0
2022-02-02 00:00:00+09:00,807.626720548931,823.1414280941613,807.626720548931,818.831787109375,3900,0.0,0.0
2022-02-03 00:00:00+09:00,818.8318379184092,821.4176226697305,814.522196666207,817.9699096679688,1400,0.0,0.0
2022-02-04 00:00:00+09:00,822.2794636961398,846.4134521484375,822.2794636961398,846.4134521484375,6300,0.0,0.0
2022-02-07 00:00:00+09:00,852.447053772799,892.9576822129624,852.447053772799,891.2338256835938,9100,0.0,0.0
2022-02-08 00:00:00+09:00,891.2339268242262,899.8532104492188,884.3384999242322,899.8532104492188,2500,0.0,0.0
2022-02-09 00:00:00+09:00,899.8529878913677,911.0580538325437,885.2002093529067,906.7484130859375,6400,0.0,0.0
2022-02-10 00:00:00+09:00,911.0580916079397,911.0580916079397,883.4763896860343,884.3383178710938,5600,0.0,0.0
2022-02-14 00:00:00+09:00,845.551615910381,854.1708984375,840.3800463941095,854.1708984375,5000,0.0,0.0
2022-02-15 00:00:00+09:00,848.1374302746608,854.170928254257,823.1415100734766,825.727294921875,7800,0.0,0.0
2022-02-16 00:00:00+09:00,843.8276285807292,853.308837890625,833.4844911517519,853.308837890625,3800,0.0,0.0
2022-02-17 00:00:00+09:00,855.0327337385438,855.0327337385438,836.0703142403099,846.4134521484375,5300,0.0,0.0
2022-02-18 00:00:00+09:00,842.1038710761316,842.1038710761316,830.8988042143202,836.0703735351562,2300,0.0,0.0
2022-02-21 00:00:00+09:00,811.9364421433173,824.0034380987381,811.9364421433173,815.3841552734375,3400,0.0,0.0
2022-02-22 00:00:00+09:00,799.8694253678456,806.7648514486028,798.1455688476562,798.1455688476562,4800,0.0,0.0
2022-02-24 00:00:00+09:00,786.9405003989615,791.2501416935888,776.5973612918558,777.4592895507812,6600,0.0,0.0
2022-02-25 00:00:00+09:00,773.1495610330539,803.3170466920917,770.5637765479935,800.7312622070312,13400,0.0,0.0
2022-02-28 00:00:00+09:00,804.1790874724692,813.6602985787898,804.1790874724692,810.2125854492188,6500,0.0,0.0
2022-03-01 00:00:00+09:00,820.5556236283085,822.2794799804688,811.9363418675069,822.2794799804688,4700,0.0,0.0
2022-03-02 00:00:00+09:00,809.3505756565249,809.3505756565249,805.9028628741755,808.4886474609375,3800,0.0,0.0
2022-03-03 00:00:00+09:00,803.3171484799132,811.0745029180239,793.8359375,793.8359375,800,0.0,0.0
2022-03-04 00:00:00+09:00,799.0074766084746,799.0074766084746,791.2501224666447,796.4216918945312,1900,0.0,0.0
2022-03-07 00:00:00+09:00,780.9070434570312,783.4928283691406,775.7354736328125,775.7354736328125,2500,0.0,0.0
2022-03-08 00:00:00+09:00,774.0115339799361,774.0115339799361,758.496826171875,758.496826171875,3100,0.0,0.0
2022-03-09 00:00:00+09:00,749.8775841923672,765.39229283083,749.8775841923672,756.7730102539062,5200,0.0,0.0
2022-03-10 00:00:00+09:00,749.8775446011305,764.530324208279,749.8775446011305,763.6683959960938,9600,0.0,0.0
2022-03-11 00:00:00+09:00,767.9781290235466,773.149698915961,764.530415761937,771.4258422851562,5100,0.0,0.0
2022-03-14 00:00:00+09:00,773.1496887207031,778.3212585449219,773.1496887207031,775.7354736328125,2600,0.0,0.0
2022-03-15 00:00:00+09:00,775.7355038482364,787.8025005747645,775.7355038482364,783.4928588867188,3500,0.0,0.0
2022-03-16 00:00:00+09:00,780.0450331384195,780.0450331384195,772.287679217706,774.0115356445312,2400,0.0,0.0
2022-03-17 00:00:00+09:00,775.7355036501025,788.6644287109375,775.7355036501025,788.6644287109375,22600,0.0,0.0
2022-03-18 00:00:00+09:00,775.7354330329302,786.9405003989615,775.7354330329302,777.4592895507812,4000,0.0,0.0
2022-03-22 00:00:00+09:00,780.0450336827641,786.9404593948769,778.321177254736,779.18310546875,3600,0.0,0.0
2022-03-23 00:00:00+09:00,779.1831060053229,786.0785317221842,779.1831060053229,784.3546752929688,4600,0.0,0.0
2022-03-24 00:00:00+09:00,780.0449744478584,789.5261840820312,780.0449744478584,789.5261840820312,2200,0.0,0.0
2022-03-25 00:00:00+09:00,792.1120707636294,793.8359272832455,788.6643577243971,792.9739990234375,2100,0.0,0.0
2022-03-28 00:00:00+09:00,792.9739785454112,792.9739785454112,784.3546961699176,791.2501220703125,2000,0.0,0.0
2022-03-29 00:00:00+09:00,791.2501118201336,800.7313223103531,786.0785424618321,790.38818359375,2600,0.0,0.0
2022-03-30 00:00:00+09:00,817.1205954410682,817.1205954410682,802.8633113330452,813.5562744140625,2100,30.0,0.0
2022-03-31 00:00:00+09:00,814.4473876953125,814.4473876953125,811.7741468166627,814.4473876953125,600,0.0,0.0
2022-04-01 00:00:00+09:00,841.1797490658968,855.4370329483696,819.7938232421875,819.7938232421875,2500,0.0,0.0
2022-04-04 00:00:00+09:00,825.1403710619746,825.1403710619746,816.2295679187569,821.5760498046875,2500,0.0,0.0
2022-04-05 00:00:00+09:00,825.1403478673986,825.1403478673986,815.3384646853885,824.249267578125,2200,0.0,0.0
2022-04-06 00:00:00+09:00,819.7938131140829,819.7938131140829,815.3384119558542,816.2294921875,1500,0.0,0.0
2022-04-07 00:00:00+09:00,816.2295665845882,816.2295665845882,798.4079603272827,809.9920043945312,2700,0.0,0.0
2022-04-08 00:00:00+09:00,803.7544796592312,812.665283203125,803.7544796592312,812.665283203125,300,0.0,0.0
2022-04-11 00:00:00+09:00,813.5562824485576,813.5562824485576,804.6454797930422,805.5365600585938,1100,0.0,0.0
2022-04-12 00:00:00+09:00,805.536611328125,805.536611328125,795.7347277832031,801.9722900390625,3000,0.0,0.0
2022-04-13 00:00:00+09:00,801.9722900390625,801.9722900390625,801.9722900390625,801.9722900390625,0,0.0,0.0
2022-04-14 00:00:00+09:00,804.6455310058593,804.6455310058593,792.1704064941406,801.9722900390625,1600,0.0,0.0
2022-04-15 00:00:00+09:00,801.9722802298409,801.9722802298409,794.843637738909,798.407958984375,1400,0.0,0.0
2022-04-18 00:00:00+09:00,798.4079919175028,799.299072265625,798.4079919175028,799.299072265625,400,0.0,0.0
2022-04-19 00:00:00+09:00,803.7544176146239,803.7544176146239,801.0811767578125,801.0811767578125,700,0.0,0.0
2022-04-20 00:00:00+09:00,801.0811308971425,806.4276123046875,799.298970427961,806.4276123046875,2400,0.0,0.0
2022-04-21 00:00:00+09:00,802.8633945339329,810.8831176757812,802.8633945339329,810.8831176757812,1700,0.0,0.0
2022-04-22 00:00:00+09:00,811.774169921875,811.774169921875,810.8830896036292,811.774169921875,900,0.0,0.0
2022-04-25 00:00:00+09:00,801.0811234034849,801.9722036297402,793.0614013671875,793.0614013671875,5200,0.0,0.0
2022-04-26 00:00:00+09:00,793.0614443304818,797.516845703125,792.1703640559532,797.516845703125,2500,0.0,0.0
2022-04-27 00:00:00+09:00,782.3684133356268,787.7148945201527,780.5862529407848,784.1505737304688,3200,0.0,0.0
2022-04-28 00:00:00+09:00,783.2595138549805,791.2792358398438,783.2595138549805,791.2792358398438,1300,0.0,0.0
2022-05-02 00:00:00+09:00,809.9919383123665,809.9919383123665,808.2097778320312,808.2097778320312,1000,0.0,0.0
2022-05-06 00:00:00+09:00,808.2097928735539,813.5562744140625,795.7346692790337,813.5562744140625,3000,0.0,0.0
2022-05-09 00:00:00+09:00,809.9919908169309,855.4370860112801,806.4276696252172,849.1995239257812,18200,0.0,0.0
2022-05-10 00:00:00+09:00,849.1994679396065,859.0013505705988,847.4173074612443,850.9816284179688,10200,0.0,0.0
2022-05-11 00:00:00+09:00,855.4370314075101,883.9515991210938,855.4370314075101,883.9515991210938,5300,0.0,0.0
2022-05-12 00:00:00+09:00,870.5853780861022,881.2783407647441,833.1600087108552,845.6351318359375,8400,0.0,0.0
2022-05-13 00:00:00+09:00,832.2689466393513,832.2689466393513,817.1205825142239,819.7938232421875,4400,0.0,0.0
2022-05-16 00:00:00+09:00,801.9723463164672,807.3188286252437,800.190185546875,800.190185546875,8600,0.0,0.0
2022-05-17 00:00:00+09:00,793.061477116176,799.2990392957414,792.1703968048096,798.407958984375,2800,0.0,0.0
2022-05-18 00:00:00+09:00,798.4079359010011,801.0811767578125,793.0614541873783,801.0811767578125,4200,0.0,0.0
2022-05-19 00:00:00+09:00,788.6060755593436,798.407958984375,787.7149952479771,798.407958984375,1500,0.0,0.0
2022-05-20 00:00:00+09:00,796.625798361642,798.407958984375,796.625798361642,798.407958984375,300,0.0,0.0
2022-05-23 00:00:00+09:00,798.40796875,805.536611328125,796.6258081054686,801.9722900390625,8700,0.0,0.0
2022-05-24 00:00:00+09:00,801.9721805448628,803.7543409460736,795.734619140625,795.734619140625,5600,0.0,0.0
2022-05-25 00:00:00+09:00,795.7346471264758,797.5168075903649,793.0614064306421,794.8435668945312,1800,0.0,0.0
2022-05-26 00:00:00+09:00,794.8435668945312,794.8435668945312,794.8435668945312,794.8435668945312,100,0.0,0.0
2022-05-27 00:00:00+09:00,793.0613962809246,793.0613962809246,785.9327545166016,791.2792358398438,1700,0.0,0.0
2022-05-30 00:00:00+09:00,793.0614757429838,793.0614757429838,785.9328332643952,786.8239135742188,9300,0.0,0.0
2022-05-31 00:00:00+09:00,786.8238194610527,786.8238194610527,780.5862580383716,785.9327392578125,8700,0.0,0.0
2022-06-01 00:00:00+09:00,798.407958984375,798.407958984375,798.407958984375,798.407958984375,5900,0.0,0.0
2022-06-02 00:00:00+09:00,800.1900865267108,800.1900865267108,792.1703640559532,797.516845703125,2100,0.0,0.0
2022-06-03 00:00:00+09:00,794.8435949117915,796.6257554384996,793.9525146484375,793.9525146484375,8000,0.0,0.0
2022-06-06 00:00:00+09:00,793.9524587394142,795.734619140625,791.279218137598,795.734619140625,5000,0.0,0.0
2022-06-07 00:00:00+09:00,799.2989776611329,825.1403046981148,799.2989776611329,819.7938232421875,8300,0.0,0.0
2022-06-08 00:00:00+09:00,821.5759256409934,831.3778076171875,821.5759256409934,831.3778076171875,5200,0.0,0.0
2022-06-09 00:00:00+09:00,831.3779549698451,862.5657667854341,831.3779549698451,851.872802734375,5300,0.0,0.0
2022-06-10 00:00:00+09:00,853.6548691355121,853.6548691355121,836.7243445910708,850.9816284179688,1500,0.0,0.0
2022-06-13 00:00:00+09:00,842.9619340236832,850.981656440399,819.7938470420598,850.090576171875,22500,0.0,0.0
2022-06-14 00:00:00+09:00,850.0905560418869,850.0905560418869,842.9619140625,842.9619140625,6500,0.0,0.0
2022-06-15 00:00:00+09:00,832.2690172415272,832.2690172415272,811.774169921875,811.774169921875,2700,0.0,0.0
2022-06-16 00:00:00+09:00,823.3582213770468,836.7244262695312,823.3582213770468,836.7244262695312,2200,0.0,0.0
2022-06-17 00:00:00+09:00,834.9421717271622,835.833251953125,813.5562463040545,835.833251953125,2300,0.0,0.0
2022-06-20 00:00:00+09:00,833.1601135910198,838.5065956033686,824.2493102371052,828.7047119140625,900,0.0,0.0
2022-06-21 00:00:00+09:00,831.3778076171875,831.3778076171875,831.3778076171875,831.3778076171875,100,0.0,0.0
2022-06-22 00:00:00+09:00,834.0511043233083,835.8332648026316,829.595703125,829.595703125,1500,0.0,0.0
2022-06-23 00:00:00+09:00,823.3582104333311,823.3582104333311,821.5760498046875,821.5760498046875,600,0.0,0.0
2022-06-24 00:00:00+09:00,816.2294693408256,821.5759505810494,812.6651485140098,818.9027099609375,500,0.0,0.0
2022-06-27 00:00:00+09:00,818.9027759663833,822.4670970804916,818.9027759663833,820.6849365234375,1900,0.0,0.0
2022-06-28 00:00:00+09:00,820.6848984263302,820.6848984263302,818.0116577148438,818.0116577148438,1100,0.0,0.0
2022-06-29 00:00:00+09:00,818.9026593738362,833.1599418003665,818.9026593738362,822.4669799804688,1400,0.0,0.0
2022-06-30 00:00:00+09:00,826.0313771292006,827.8135375976562,824.2492166607449,827.8135375976562,700,0.0,0.0
2022-07-01 00:00:00+09:00,832.2690332556283,832.2690332556283,827.813631578671,828.7047119140625,1600,0.0,0.0
2022-07-04 00:00:00+09:00,827.81356561595,827.81356561595,816.2295221789129,826.9224853515625,2600,0.0,0.0
2022-07-05 00:00:00+09:00,826.9224853515625,826.9224853515625,826.9224853515625,826.9224853515625,0,0.0,0.0
2022-07-06 00:00:00+09:00,824.249267578125,824.249267578125,818.9027858424831,824.249267578125,1800,0.0,0.0
2022-07-07 00:00:00+09:00,816.2294972405194,818.0116577148438,816.2294972405194,818.0116577148438,1100,0.0,0.0
2022-07-08 00:00:00+09:00,819.793889176044,821.5760498046875,819.793889176044,821.5760498046875,200,0.0,0.0
2022-07-11 00:00:00+09:00,812.6651762918709,819.793818189168,812.6651762918709,818.0116577148438,4700,0.0,0.0
2022-07-12 00:00:00+09:00,818.0116627568784,819.7938232421875,818.0116627568784,819.7938232421875,1200,0.0,0.0
2022-07-13 00:00:00+09:00,819.7939026212432,819.7939026212432,809.1009386740095,815.3385009765625,1600,0.0,0.0
2022-07-14 00:00:00+09:00,810.8830896036292,811.774169921875,810.8830896036292,811.774169921875,800,0.0,0.0
2022-07-15 00:00:00+09:00,811.7740937122323,813.5562541814139,799.298970427961,806.4276123046875,4700,0.0,0.0
2022-07-19 00:00:00+09:00,806.427665059363,814.4473876953125,806.427665059363,814.4473876953125,5400,0.0,0.0
2022-07-20 00:00:00+09:00,814.4474108766123,814.4474108766123,809.1009289671377,811.774169921875,3400,0.0,0.0
2022-07-21 00:00:00+09:00,809.1009569775928,810.8831176757812,809.1009569775928,810.8831176757812,1200,0.0,0.0
2022-07-22 00:00:00+09:00,807.3187962794042,812.6652783739698,807.3187962794042,810.8831176757812,4500,0.0,0.0
2022-07-25 00:00:00+09:00,806.4276684056617,808.2098289988234,803.7544275159191,804.6455078125,5100,0.0,0.0
2022-07-26 00:00:00+09:00,806.4276831430701,809.9920043945312,806.4276831430701,809.9920043945312,2800,0.0,0.0
2022-07-27 00:00:00+09:00,809.9920043945312,809.9920043945312,802.8633618916091,809.9920043945312,2800,0.0,0.0
2022-07-28 00:00:00+09:00,808.2097447544797,808.2097447544797,803.7543437359876,807.3186645507812,2400,0.0,0.0
2022-07-29 00:00:00+09:00,807.3186975918636,808.2097778320312,807.3186975918636,808.2097778320312,1300,0.0,0.0
2022-08-01 00:00:00+09:00,814.4474206476264,815.3385009765625,808.2098583450734,815.3385009765625,2900,0.0,0.0
2022-08-02 00:00:00+09:00,809.1009059380128,814.4473876953125,809.1009059380128,814.4473876953125,600,0.0,0.0
2022-08-03 00:00:00+09:00,814.4473876953125,815.3384679881958,814.4473876953125,814.4473876953125,1600,0.0,0.0
2022-08-04 00:00:00+09:00,810.883018552534,810.883018552534,808.2097778320312,808.2097778320312,1700,0.0,0.0
2022-08-05 00:00:00+09:00,804.6454518355058,806.4276123046875,804.6454518355058,806.4276123046875,2100,0.0,0.0
2022-08-08 00:00:00+09:00,806.427623586067,940.0896606445312,798.4079013625593,940.0896606445312,23500,0.0,0.0
2022-08-09 00:00:00+09:00,962.3667441348294,1201.17626953125,962.3667441348294,1201.17626953125,227800,0.0,0.0
2022-08-10 00:00:00+09:00,1147.7113827759645,1147.7113827759645,1090.6822457436185,1143.2559814453125,61400,0.0,0.0
2022-08-12 00:00:00+09:00,1096.0286454981594,1125.4342920846955,1081.7713623046875,1081.7713623046875,25100,0.0,0.0
2022-08-15 00:00:00+09:00,1069.2962489983975,1080.88029169588,1042.5638427734375,1042.5638427734375,13600,0.0,0.0
2022-08-16 00:00:00+09:00,1021.1781662997469,1053.2570615761788,1014.0495229049842,1022.9603271484375,55100,0.0,0.0
2022-08-17 00:00:00+09:00,1042.5639880653519,1056.8212733722285,1024.7423814317563,1039.8907470703125,50900,0.0,0.0
2022-08-18 00:00:00+09:00,1026.524597639485,1038.108642578125,1020.2870349802173,1038.108642578125,4300,0.0,0.0
2022-08-19 00:00:00+09:00,1038.1086056973072,1047.0194091796875,1030.979962911403,1047.0194091796875,4500,0.0,0.0
2022-08-22 00:00:00+09:00,1045.2370167672152,1129.8896310834007,1045.2370167672152,1103.1572265625,24000,0.0,0.0
2022-08-23 00:00:00+09:00,1103.1574437930562,1118.305809337872,1087.1179979220747,1115.632568359375,9100,0.0,0.0
2022-08-24 00:00:00+09:00,1125.4344754123613,1129.889877136084,1111.1771898964485,1112.9593505859375,6800,0.0,0.0
2022-08-25 00:00:00+09:00,1113.8502551663307,1122.7610572076612,1096.0286510836695,1104.939453125,7300,0.0,0.0
2022-08-26 00:00:00+09:00,1109.3948974609375,1112.9592184166352,1100.484095071693,1109.3948974609375,5300,0.0,0.0
2022-08-29 00:00:00+09:00,1093.3554603213356,1129.8897503565229,1093.3554603213356,1122.7611083984375,4800,0.0,0.0
2022-08-30 00:00:00+09:00,1128.998733077008,1140.5827769049488,1128.998733077008,1134.34521484375,6200,0.0,0.0
2022-08-31 00:00:00+09:00,1136.127212199759,1172.6614990234375,1136.127212199759,1172.6614990234375,14100,0.0,0.0
2022-09-01 00:00:00+09:00,1174.4439189782302,1277.809241134129,1174.4439189782302,1268.8984375,36200,0.0,0.0
2022-09-02 00:00:00+09:00,1250.1857286782733,1300.9773085319166,1245.7303269367258,1294.73974609375,23100,0.0,0.0
2022-09-05 00:00:00+09:00,1288.502137527309,1309.8880651211232,1280.4824146796286,1300.086181640625,9900,0.0,0.0
2022-09-06 00:00:00+09:00,1298.303818524894,1315.2343418961864,1284.9376158633474,1314.34326171875,7000,0.0,0.0
2022-09-07 00:00:00+09:00,1332.1648316920368,1349.095354636618,1266.2249002236686,1313.4521484375,19400,0.0,0.0
2022-09-08 00:00:00+09:00,1345.5312757995964,1374.0458458827668,1308.1059025654354,1366.026123046875,32300,0.0,0.0
2022-09-09 00:00:00+09:00,1374.0457801040338,1404.342509367028,1364.2438971071826,1397.2138671875,34200,0.0,0.0
2022-09-12 00:00:00+09:00,1383.8476216029808,1386.5208623401404,1339.2936093169865,1349.986572265625,15600,0.0,0.0
2022-09-13 00:00:00+09:00,1348.2044677734375,1349.0955480561695,1328.6007015533348,1348.2044677734375,8200,0.0,0.0
2022-09-14 00:00:00+09:00,1321.4721143256743,1364.2439696780898,1292.0664637708885,1346.42236328125,10200,0.0,0.0
2022-09-15 00:00:00+09:00,1349.986575338509,1415.926513671875,1333.9471308790414,1415.926513671875,23300,0.0,0.0
2022-09-16 00:00:00+09:00,1401.66928172921,1421.2730479072409,1390.976318359375,1390.976318359375,17600,0.0,0.0
2022-09-20 00:00:00+09:00,1386.5207976310485,1386.5207976310485,1336.6203061995968,1381.17431640625,20700,0.0,0.0
2022-09-21 00:00:00+09:00,1373.1547156899321,1373.1547156899321,1334.8382635324583,1348.2044677734375,8200,0.0,0.0
2022-09-22 00:00:00+09:00,1353.5509924203825,1359.788554597435,1351.7688317983675,1352.659912109375,4300,0.0,0.0
2022-09-26 00:00:00+09:00,1345.5312538407895,1345.5312538407895,1274.2448297962444,1302.7593994140625,11800,0.0,0.0
2022-09-27 00:00:00+09:00,1276.0270858669214,1298.304095047559,1274.2449251324704,1282.2646484375,5600,0.0,0.0
2022-09-28 00:00:00+09:00,1282.264627498749,1282.264627498749,1249.2946544497886,1251.9678955078125,5800,0.0,0.0
2022-09-29 00:00:00+09:00,1251.967844554543,1307.2148241718965,1231.4729972771377,1300.086181640625,5000,0.0,0.0
2022-09-30 00:00:00+09:00,1296.521817591692,1298.3039781657014,1292.0664161566692,1295.6307373046875,2000,0.0,0.0
2022-10-03 00:00:00+09:00,1298.304095047559,1298.304095047559,1268.0073625618918,1282.2646484375,3400,0.0,0.0
2022-10-04 00:00:00+09:00,1284.0466253524437,1325.9273966165415,1284.0466253524437,1303.650390625,6700,0.0,0.0
2022-10-05 00:00:00+09:00,1309.8881410982829,1309.8881410982829,1291.1754533683074,1305.4327392578125,4700,0.0,0.0
2022-10-06 00:00:00+09:00,1295.6306049636314,1305.4324871194774,1291.1752039837015,1292.0662841796875,3400,0.0,0.0
2022-10-07 00:00:00+09:00,1287.6109719391607,1306.323657344505,1284.0466509095713,1291.17529296875,1100,0.0,0.0
2022-10-11 00:00:00+09:00,1283.1554555084745,1283.1554555084745,1258.2052105402543,1261.76953125,3800,0.0,0.0
2022-10-12 00:00:00+09:00,1252.8587485025096,1252.8587485025096,1211.8690597179325,1226.1263427734375,13900,0.0,0.0
2022-10-13 00:00:00+09:00,1225.2353977512669,1225.2353977512669,1204.740551097973,1219.888916015625,12800,0.0,0.0
2022-10-14 00:00:00+09:00,1229.6908091456892,1245.7302544823722,1222.56216677383,1223.4532470703125,3100,0.0,0.0
2022-10-17 00:00:00+09:00,1226.1264418283176,1228.7996826171875,1192.2653918359658,1228.7996826171875,3500,0.0,0.0
2022-10-18 00:00:00+09:00,1247.512496916824,1323.254327086774,1247.512496916824,1298.3040771484375,9300,0.0,0.0
2022-10-19 00:00:00+09:00,1306.3237438554875,1317.9077879688036,1292.0664587929448,1300.086181640625,3900,0.0,0.0
2022-10-20 00:00:00+09:00,1292.957423115241,1292.957423115241,1280.4822998046875,1280.4822998046875,3100,0.0,0.0
2022-10-21 00:00:00+09:00,1280.4823823589243,1280.4823823589243,1266.22509765625,1266.22509765625,1900,0.0,0.0
2022-10-24 00:00:00+09:00,1283.155684037642,1283.155684037642,1254.64111328125,1254.64111328125,2200,0.0,0.0
2022-10-25 00:00:00+09:00,1255.5320154934066,1268.0071384294658,1255.5320154934066,1256.423095703125,1800,0.0,0.0
2022-10-26 00:00:00+09:00,1281.3733929400678,1281.3733929400678,1273.3536707311243,1274.2447509765625,1000,0.0,0.0
2022-10-27 00:00:00+09:00,1274.2447127806486,1274.2447127806486,1246.621226000089,1250.185546875,3000,0.0,0.0
2022-10-28 00:00:00+09:00,1247.5123883325073,1247.5123883325073,1222.5621405658571,1235.9283447265625,3200,0.0,0.0
2022-10-31 00:00:00+09:00,1234.1461079989026,1243.0569102227214,1221.6709848855562,1230.581787109375,3200,0.0,0.0
2022-11-01 00:00:00+09:00,1244.839026783788,1244.839026783788,1225.2352625824685,1226.1263427734375,2500,0.0,0.0
2022-11-02 00:00:00+09:00,1214.542499878909,1237.7105886513607,1214.542499878909,1221.671142578125,2500,0.0,0.0
2022-11-04 00:00:00+09:00,1213.651135118773,1223.453016533095,1207.41357421875,1207.41357421875,2200,0.0,0.0
2022-11-07 00:00:00+09:00,1208.3048624227335,1216.3245849609375,1207.413782140711,1216.3245849609375,3300,0.0,0.0
2022-11-08 00:00:00+09:00,1243.0569343280076,1243.0569343280076,1171.7705151550751,1185.13671875,43200,0.0,0.0
2022-11-09 00:00:00+09:00,1185.1367225917093,1186.0278028342595,1113.8503031876967,1132.56298828125,24500,0.0,0.0
2022-11-10 00:00:00+09:00,1132.563175449203,1151.2758636352246,1111.17724609375,1111.17724609375,9400,0.0,0.0
2022-11-11 00:00:00+09:00,1137.0185395379624,1137.0185395379624,1108.5039680134994,1120.0880126953125,10000,0.0,0.0
2022-11-14 00:00:00+09:00,1120.0879408534327,1120.0879408534327,1063.9498817653132,1071.9696044921875,16900,0.0,0.0
2022-11-15 00:00:00+09:00,1077.3161484567743,1083.5537109375,1071.969666330438,1083.5537109375,7900,0.0,0.0
2022-11-16 00:00:00+09:00,1083.553563262195,1099.593007455221,1083.553563262195,1096.0286865234375,3500,0.0,0.0
2022-11-17 00:00:00+09:00,1104.9396465729415,1120.0880126953125,1104.9396465729415,1120.0880126953125,5400,0.0,0.0
2022-11-18 00:00:00+09:00,1120.9789199294748,1145.0380859375,1120.0878397069553,1145.0380859375,4700,0.0,0.0
2022-11-21 00:00:00+09:00,1145.0381650924683,1151.2757270812988,1140.582763671875,1140.582763671875,4800,0.0,0.0
2022-11-22 00:00:00+09:00,1140.5827505827506,1147.7113927738928,1140.5827505827506,1146.8203125,2600,0.0,0.0
2022-11-24 00:00:00+09:00,1147.7114356073432,1158.404399293126,1146.8203553001947,1151.2757568359375,4300,0.0,0.0
2022-11-25 00:00:00+09:00,1154.840087890625,1166.4241319821203,1152.1668469464337,1154.840087890625,4000,0.0,0.0
2022-11-28 00:00:00+09:00,1154.8400681774067,1154.8400681774067,1140.582783385093,1147.71142578125,8300,0.0,0.0
2022-11-29 00:00:00+09:00,1153.0580442906544,1183.3547780664521,1141.4739990234375,1141.4739990234375,16800,0.0,0.0
2022-11-30 00:00:00+09:00,1141.4738375756049,1160.1865234375,1140.582757296467,1160.1865234375,8800,0.0,0.0
2022-12-01 00:00:00+09:00,1180.6813573057902,1199.39404296875,1163.7508321821601,1199.39404296875,12600,0.0,0.0
2022-12-02 00:00:00+09:00,1201.1760982435223,1202.958258626673,1173.5526123046875,1173.5526123046875,8300,0.0,0.0
2022-12-05 00:00:00+09:00,1176.2258404043146,1187.8098827719327,1169.0971989473187,1179.7901611328125,11900,0.0,0.0
2022-12-06 00:00:00+09:00,1183.3545508555133,1183.3545508555133,1169.097267110266,1171.7705078125,8500,0.0,0.0
2022-12-07 00:00:00+09:00,1171.7704313400893,1229.6906427751508,1170.8793511641654,1218.9976806640625,18700,0.0,0.0
2022-12-08 00:00:00+09:00,1221.6710233800552,1289.3931224149817,1214.5423813763787,1287.6109619140625,25800,0.0,0.0
2022-12-09 00:00:00+09:00,1292.0663070415083,1300.977109159036,1274.244702806453,1289.39306640625,13800,0.0,0.0
2022-12-12 00:00:00+09:00,1289.393271989376,1289.393271989376,1232.3641293443725,1275.135986328125,20900,0.0,0.0
2022-12-13 00:00:00+09:00,1275.1358873383338,1292.0664127467394,1256.4232013606224,1272.462646484375,28900,0.0,0.0
2022-12-14 00:00:00+09:00,1272.4628248816618,1274.244985700824,1262.660940376271,1270.6806640625,19900,0.0,0.0
2022-12-15 00:00:00+09:00,1269.7892654018253,1269.7892654018253,1252.8587418631344,1255.531982421875,15300,0.0,0.0
2022-12-16 00:00:00+09:00,1242.1659766475418,1254.641101233672,1225.235450423508,1227.90869140625,11800,0.0,0.0
2022-12-19 00:00:00+09:00,1228.7996341738115,1243.947998046875,1227.908553945984,1243.947998046875,4400,0.0,0.0
2022-12-20 00:00:00+09:00,1234.1460761186484,1241.2747177135575,1147.7112967803748,1177.116943359375,10700,0.0,0.0
2022-12-21 00:00:00+09:00,1177.1170587933996,1217.2156716970353,1158.4043727717028,1163.7508544921875,7500,0.0,0.0
2022-12-22 00:00:00+09:00,1167.3150263327034,1190.4831108248027,1167.3150263327034,1186.0277099609375,3500,0.0,0.0
2022-12-23 00:00:00+09:00,1192.265379545782,1194.9386203070953,1158.4043299024788,1159.29541015625,4100,0.0,0.0
2022-12-26 00:00:00+09:00,1171.770789837015,1171.770789837015,1158.404583108836,1162.8599853515625,2300,0.0,0.0
2022-12-27 00:00:00+09:00,1168.2061616023561,1184.24560546875,1162.859680313558,1184.24560546875,3100,0.0,0.0
2022-12-28 00:00:00+09:00,1177.1169938806452,1206.5226417217211,1161.968629841303,1194.9385986328125,2200,0.0,0.0
2022-12-29 00:00:00+09:00,1195.8297180175782,1195.8297180175782,1171.7705508145418,1176.2259521484375,2400,0.0,0.0
2022-12-30 00:00:00+09:00,1181.5723214970615,1186.9188025898084,1177.116920586439,1179.7901611328125,3000,0.0,0.0
2023-01-04 00:00:00+09:00,1216.3245418772979,1216.3245418772979,1195.829696116728,1211.869140625,3400,0.0,0.0
2023-01-05 00:00:00+09:00,1211.8692529728983,1211.8692529728983,1189.5922446461905,1208.304931640625,1800,0.0,0.0
2023-01-06 00:00:00+09:00,1202.0673301582906,1206.5227316785215,1194.047607421875,1194.047607421875,1700,0.0,0.0
2023-01-10 00:00:00+09:00,1220.7799592565318,1221.6710395187629,1194.0475513896004,1195.8297119140625,3700,0.0,0.0
2023-01-11 00:00:00+09:00,1195.829724989759,1195.829724989759,1189.5921630859375,1189.5921630859375,2500,0.0,0.0
2023-01-12 00:00:00+09:00,1194.0476636216601,1194.0476636216601,1190.4833422377149,1192.2655029296875,1400,0.0,0.0
2023-01-13 00:00:00+09:00,1192.265329919563,1192.265329919563,1174.4437255859375,1174.4437255859375,2600,0.0,0.0
2023-01-16 00:00:00+09:00,1168.2062459497408,1168.2062459497408,1159.295443158362,1160.1865234375,1100,0.0,0.0
2023-01-17 00:00:00+09:00,1160.1864218675453,1167.3150634765625,1156.6221010630368,1167.3150634765625,1200,0.0,0.0
2023-01-18 00:00:00+09:00,1169.097267110266,1171.7705078125,1167.3151066421103,1171.7705078125,1900,0.0,0.0
2023-01-19 00:00:00+09:00,1171.7705078125,1171.7705078125,1171.7705078125,1171.7705078125,1600,0.0,0.0
2023-01-20 00:00:00+09:00,1172.6615196758166,1179.7901611328125,1172.6615196758166,1179.7901611328125,300,0.0,0.0
2023-01-23 00:00:00+09:00,1184.2456882052952,1204.7405345775464,1182.4635276511865,1202.9583740234375,8900,0.0,0.0
2023-01-24 00:00:00+09:00,1210.9780401647445,1210.9780401647445,1198.5029168665058,1204.740478515625,600,0.0,0.0
2023-01-25 00:00:00+09:00,1202.9583105687873,1202.9583105687873,1191.374267578125,1191.374267578125,2200,0.0,0.0
2023-01-26 00:00:00+09:00,1191.3742161361938,1194.0474567109197,1168.2061311552357,1173.5526123046875,3300,0.0,0.0
2023-01-27 00:00:00+09:00,1173.552760428813,1194.047607421875,1173.552760428813,1194.047607421875,300,0.0,0.0
2023-01-30 00:00:00+09:00,1194.938651529948,1229.6907823350696,1194.0475712528935,1202.9583740234375,4700,0.0,0.0
2023-01-31 00:00:00+09:00,1229.6908753551138,1229.6908753551138,1203.8495453657672,1225.2354736328125,1000,0.0,0.0
2023-02-01 00:00:00+09:00,1223.4532172029988,1227.908618576644,1158.4043571477773,1212.76025390625,3800,0.0,0.0
2023-02-02 00:00:00+09:00,1225.2352375629519,1225.2352375629519,1186.0277099609375,1186.0277099609375,800,0.0,0.0
2023-02-03 00:00:00+09:00,1186.0277684027942,1186.0277684027942,1171.7704849358936,1174.4437255859375,700,0.0,0.0
2023-02-06 00:00:00+09:00,1202.9583740234375,1202.9583740234375,1179.790286820023,1202.9583740234375,1800,0.0,0.0
2023-02-07 00:00:00+09:00,1189.592205371732,1227.017578125,1189.592205371732,1227.017578125,700,0.0,0.0
2023-02-08 00:00:00+09:00,1226.1263885720803,1226.1263885720803,1199.3939818444912,1220.7799072265625,400,0.0,0.0
2023-02-09 00:00:00+09:00,1223.4532272171189,1223.4532272171189,1216.3245849609375,1216.3245849609375,300,0.0,0.0
2023-02-10 00:00:00+09:00,1224.3444012221107,1224.3444012221107,1205.6317138671875,1205.6317138671875,24700,0.0,0.0
2023-02-13 00:00:00+09:00,1217.2156321953469,1224.3442742579844,1196.7207862652642,1215.4334716796875,4600,0.0,0.0
2023-02-14 00:00:00+09:00,1247.5123087565105,1283.155517578125,1229.6907043457031,1283.155517578125,23800,0.0,0.0
2023-02-15 00:00:00+09:00,1283.1555664748769,1284.0466467293734,1268.0072021484375,1268.0072021484375,3100,0.0,0.0
2023-02-16 00:00:00+09:00,1268.0070820665226,1268.0070820665226,1258.2052001953125,1258.2052001953125,2200,0.0,0.0
2023-02-17 00:00:00+09:00,1248.4033118574134,1256.4230333468615,1229.6906283820347,1235.037109375,5600,0.0,0.0
2023-02-20 00:00:00+09:00,1237.7102867967126,1285.82861328125,1235.0370464364605,1285.82861328125,8700,0.0,0.0
2023-02-21 00:00:00+09:00,1275.1357517472231,1332.1648839008376,1275.1357517472231,1331.2738037109375,13700,0.0,0.0
2023-02-22 00:00:00+09:00,1331.274026447453,1331.274026447453,1292.0664915319992,1300.977294921875,3000,0.0,0.0
2023-02-24 00:00:00+09:00,1333.947189730178,1333.947189730178,1312.5612628407162,1328.6007080078125,3100,0.0,0.0
2023-02-27 00:00:00+09:00,1319.6897162272135,1345.5310408528646,1319.6897162272135,1336.6202392578125,17500,0.0,0.0
2023-02-28 00:00:00+09:00,1336.6204240979223,1348.2044677734375,1336.6204240979223,1348.2044677734375,14700,0.0,0.0
2023-03-01 00:00:00+09:00,1353.5508803820014,1361.5706025172472,1353.5508803820014,1356.22412109375,1400,0.0,0.0
2023-03-02 00:00:00+09:00,1357.1151709109736,1388.302978515625,1357.1151709109736,1388.302978515625,4700,0.0,0.0
2023-03-03 00:00:00+09:00,1393.649454855617,1407.90673828125,1388.3029735710047,1407.90673828125,3600,0.0,0.0
2023-03-06 00:00:00+09:00,1427.5105762821884,1498.7969970703125,1427.5105762821884,1498.7969970703125,10800,0.0,0.0
2023-03-07 00:00:00+09:00,1514.8365591914276,1630.677001953125,1513.9454788624914,1630.677001953125,12300,0.0,0.0
2023-03-08 00:00:00+09:00,1689.488145444136,1726.9135157546073,1497.0148124188547,1544.2420654296875,15700,0.0,0.0
2023-03-09 00:00:00+09:00,1514.8365672913312,1580.7765119851892,1510.3811656228274,1521.9652099609375,3900,0.0,0.0
2023-03-10 00:00:00+09:00,1521.073928408366,1534.4401316456979,1440.876708984375,1440.876708984375,11600,0.0,0.0
2023-03-13 00:00:00+09:00,1421.272822199641,1452.4606270754953,1412.3620208065397,1450.678466796875,22300,0.0,0.0
2023-03-14 00:00:00+09:00,1450.6787595132832,1450.6787595132832,1379.392333984375,1379.392333984375,5700,0.0,0.0
2023-03-15 00:00:00+09:00,1404.34244507369,1434.6391729496452,1404.34244507369,1428.401611328125,2500,0.0,0.0
2023-03-16 00:00:00+09:00,1423.0551797675264,1467.6091929099036,1382.956567939387,1446.2232666015625,6600,0.0,0.0
2023-03-17 00:00:00+09:00,1475.6288581730769,1475.6288581730769,1448.00537109375,1448.00537109375,1900,0.0,0.0
2023-03-20 00:00:00+09:00,1553.1528057210924,1553.1528057210924,1457.8072232700558,1480.084228515625,3700,0.0,0.0
2023-03-22 00:00:00+09:00,1446.2232735322946,1481.8664842170092,1446.2232735322946,1459.5894775390625,4600,0.0,0.0
2023-03-23 00:00:00+09:00,1459.5896733729685,1459.5896733729685,1418.5999755859375,1418.5999755859375,1400,0.0,0.0
2023-03-24 00:00:00+09:00,1423.9463975187402,1441.7680044964466,1423.9463975187402,1430.1839599609375,1100,0.0,0.0
2023-03-27 00:00:00+09:00,1443.550035773279,1449.78759765625,1443.550035773279,1449.78759765625,800,0.0,0.0
2023-03-28 00:00:00+09:00,1449.7876076104815,1453.3519287109375,1449.7876076104815,1453.3519287109375,300,0.0,0.0
2023-03-29 00:00:00+09:00,1454.2429788835702,1454.2429788835702,1439.9856947768685,1442.658935546875,3100,0.0,0.0
2023-03-30 00:00:00+09:00,1449.0748339996817,1461.9066162109375,1449.0748339996817,1461.9066162109375,1100,45.0,0.0
2023-03-31 00:00:00+09:00,1480.2377340928563,1598.473441645784,1480.2377340928563,1554.478759765625,6200,0.0,0.0
2023-04-03 00:00:00+09:00,1561.8111572265625,1573.7263831913192,1554.47871047902,1561.8111572265625,3200,0.0,0.0
2023-04-04 00:00:00+09:00,1581.9754842005134,1590.2244873046875,1569.1437015940203,1590.2244873046875,1800,0.0,0.0
2023-04-05 00:00:00+09:00,1598.4734430803571,1612.2217811802454,1572.8098786272321,1603.9727783203125,3400,0.0,0.0
2023-04-06 00:00:00+09:00,1580.1423450100806,1580.1423450100806,1562.727783203125,1562.727783203125,2200,0.0,0.0
2023-04-07 00:00:00+09:00,1562.7278171274834,1568.227152554325,1559.9781494140625,1559.9781494140625,700,0.0,0.0
2023-04-10 00:00:00+09:00,1569.1435529279279,1569.1435529279279,1526.0654296875,1526.0654296875,2000,0.0,0.0
2023-04-11 00:00:00+09:00,1559.978165311257,1559.978165311257,1528.8152642415844,1555.3953857421875,2300,0.0,0.0
2023-04-12 00:00:00+09:00,1531.564749163782,1548.9793094475112,1530.648193359375,1530.648193359375,1200,0.0,0.0
2023-04-13 00:00:00+09:00,1538.8973255123633,1549.89599609375,1535.2311019852343,1549.89599609375,400,0.0,0.0
2023-04-14 00:00:00+09:00,1522.399337417053,1551.7291259765625,1522.399337417053,1551.7291259765625,1000,0.0,0.0
2023-04-17 00:00:00+09:00,1539.813926518499,1556.3119328740545,1526.0655878888697,1529.7318115234375,900,0.0,0.0
2023-04-18 00:00:00+09:00,1536.147757112873,1561.8113234608209,1535.231201171875,1535.231201171875,600,0.0,0.0
2023-04-19 00:00:00+09:00,1558.144833324772,1558.144833324772,1531.5647155798201,1533.3978271484375,1800,0.0,0.0
2023-04-20 00:00:00+09:00,1526.0654296875,1526.0654296875,1526.0654296875,1526.0654296875,7100,0.0,0.0
2023-04-21 00:00:00+09:00,1530.6484499214491,1530.6484499214491,1513.23388671875,1513.23388671875,200,0.0,0.0
2023-04-24 00:00:00+09:00,1530.648193359375,1530.648193359375,1517.8164120976796,1530.648193359375,600,0.0,0.0
2023-04-25 00:00:00+09:00,1530.6482634895367,1531.5648193359375,1521.4827050255274,1531.5648193359375,1500,0.0,0.0
2023-04-26 00:00:00+09:00,1529.7316684217337,1529.7316684217337,1484.820433099586,1521.482666015625,3400,0.0,0.0
2023-04-27 00:00:00+09:00,1525.1489231291491,1525.1489231291491,1503.1515828917095,1518.7330322265625,700,0.0,0.0
2023-04-28 00:00:00+09:00,1521.4826049804688,1569.143505859375,1495.81904296875,1539.813720703125,3400,0.0,0.0
2023-05-01 00:00:00+09:00,1554.478644273952,1627.803108626497,1530.648193359375,1530.648193359375,11700,0.0,0.0
2023-05-02 00:00:00+09:00,1531.5647800675358,1531.5647800675358,1494.9025471514967,1521.482666015625,4200,0.0,0.0
2023-05-08 00:00:00+09:00,1521.4827837775736,1565.477466681985,1521.4827837775736,1558.14501953125,5100,0.0,0.0
2023-05-09 00:00:00+09:00,1557.228424921482,1558.1449807925364,1544.3966427267198,1548.0628662109375,5100,0.0,0.0
2023-05-10 00:00:00+09:00,1558.1449074095592,1558.1449074095592,1540.7303466796875,1540.7303466796875,2200,0.0,0.0
2023-05-11 00:00:00+09:00,1548.0628298434021,1548.0628298434021,1536.1476037996106,1544.3966064453125,2900,0.0,0.0
2023-05-12 00:00:00+09:00,1537.9808689948693,1537.9808689948693,1527.89875364389,1535.231201171875,1100,0.0,0.0
2023-05-15 00:00:00+09:00,1535.2310033591398,1541.6468941194466,1521.482666015625,1521.482666015625,17800,0.0,0.0
2023-05-16 00:00:00+09:00,1507.7342894989624,1539.8137424670256,1507.7342894989624,1511.4005126953125,14600,0.0,0.0
2023-05-17 00:00:00+09:00,1511.4007207713953,1526.9821715009973,1507.7344970703125,1507.7344970703125,14700,0.0,0.0
2023-05-18 00:00:00+09:00,1503.1516723254417,1510.484119507517,1466.489436415065,1478.4046630859375,5200,0.0,0.0
2023-05-19 00:00:00+09:00,1463.7398807733532,1468.3226606129692,1445.4087614148893,1446.3253173828125,4300,0.0,0.0
2023-05-22 00:00:00+09:00,1446.325239894701,1477.488141134511,1446.325239894701,1475.655029296875,7400,0.0,0.0
2023-05-23 00:00:00+09:00,1475.6551545241784,1493.069718459557,1475.6551545241784,1488.4869384765625,6400,0.0,0.0
2023-05-24 00:00:00+09:00,1488.4868991039461,1488.4868991039461,1471.9888916015625,1471.9888916015625,800,0.0,0.0
2023-05-25 00:00:00+09:00,1485.7371645969251,1507.7345069475273,1477.4881612154493,1483.904052734375,2300,0.0,0.0
2023-05-26 00:00:00+09:00,1484.8207292959057,1484.8207292959057,1477.48828125,1477.48828125,1700,0.0,0.0
2023-05-29 00:00:00+09:00,1478.4045537487557,1487.5701120485,1466.489327959088,1467.4058837890625,3100,0.0,0.0
2023-05-30 00:00:00+09:00,1476.5714943695068,1476.5714943695068,1466.4893798828125,1466.4893798828125,1000,0.0,0.0
2023-05-31 00:00:00+09:00,1466.4894658521303,1467.406021768288,1459.1570185228697,1462.8232421875,1200,0.0,0.0
2023-06-01 00:00:00+09:00,1472.9052187689092,1472.9052187689092,1461.906548809216,1467.4058837890625,1300,0.0,0.0
2023-06-02 00:00:00+09:00,1467.4059563180983,1474.7384033203125,1449.9913946878398,1474.7384033203125,2100,0.0,0.0
2023-06-05 00:00:00+09:00,1482.9874584900206,1482.9874584900206,1470.1556757836793,1473.8218994140625,1100,0.0,0.0
2023-06-06 00:00:00+09:00,1460.9902039142517,1476.5716552734375,1460.0736479519467,1476.5716552734375,1500,0.0,0.0
2023-06-07 00:00:00+09:00,1476.5714943695068,1476.5714943695068,1461.9066005706786,1466.4893798828125,1600,0.0,0.0
2023-06-08 00:00:00+09:00,1475.654920212766,1482.0708111702127,1464.65625,1464.65625,400,0.0,0.0
2023-06-09 00:00:00+09:00,1480.2376654087045,1480.2376654087045,1466.489327959088,1467.4058837890625,2400,0.0,0.0
2023-06-12 00:00:00+09:00,1467.4060833702788,1493.9862060546875,1467.4060833702788,1493.9862060546875,3700,0.0,0.0
2023-06-13 00:00:00+09:00,1499.485469267783,1503.1516929090244,1486.6536865234375,1486.6536865234375,2200,0.0,0.0
2023-06-14 00:00:00+09:00,1490.319964284686,1509.567639100171,1488.486852397497,1492.153076171875,1100,0.0,0.0
2023-06-15 00:00:00+09:00,1488.4868005198741,1493.9861359897752,1468.3225704635704,1493.069580078125,1900,0.0,0.0
2023-06-16 00:00:00+09:00,1492.1531299605072,1497.6524658203125,1492.1531299605072,1497.6524658203125,2600,0.0,0.0
2023-06-19 00:00:00+09:00,1497.6524298732265,1497.6524298732265,1490.3199822361482,1493.9862060546875,2500,0.0,0.0
2023-06-20 00:00:00+09:00,1501.3186014199973,1501.3186014199973,1485.737150733709,1494.9027099609375,300,0.0,0.0
2023-06-21 00:00:00+09:00,1494.9028304527546,1494.9028304527546,1487.5703824799637,1488.4869384765625,700,0.0,0.0
2023-06-22 00:00:00+09:00,1488.486741449464,1488.486741449464,1474.7384033203125,1474.7384033203125,2600,0.0,0.0
2023-06-23 00:00:00+09:00,1487.5701672613955,1487.5701672613955,1472.9052734375,1472.9052734375,600,0.0,0.0
2023-06-26 00:00:00+09:00,1473.8217981794992,1482.07080078125,1472.90524233486,1482.07080078125,1300,0.0,0.0
2023-06-27 00:00:00+09:00,1483.9039731199637,1483.9039731199637,1449.0748496001622,1457.3238525390625,2700,0.0,0.0
2023-06-28 00:00:00+09:00,1479.3212689836448,1479.3212689836448,1471.072265625,1471.072265625,500,0.0,0.0
2023-06-29 00:00:00+09:00,1476.571585215693,1476.571585215693,1475.655029296875,1475.655029296875,300,0.0,0.0
2023-06-30 00:00:00+09:00,1467.4060260275135,1478.4046970533288,1462.823246433424,1475.655029296875,1700,0.0,0.0
2023-07-03 00:00:00+09:00,1482.0709047866678,1482.0709047866678,1480.23779296875,1480.23779296875,600,0.0,0.0
2023-07-04 00:00:00+09:00,1480.2377172955325,1509.5675048828125,1480.2377172955325,1509.5675048828125,3900,0.0,0.0
2023-07-05 00:00:00+09:00,1509.5677148437499,1512.3173828125,1509.5677148437499,1512.3173828125,800,0.0,0.0
2023-07-06 00:00:00+09:00,1516.9001105508971,1519.6497784250075,1513.23388671875,1513.23388671875,1800,0.0,0.0
2023-07-07 00:00:00+09:00,1519.64960625518,1520.566162109375,1519.64960625518,1520.566162109375,200,0.0,0.0
2023-07-10 00:00:00+09:00,1520.566162109375,1520.566162109375,1520.566162109375,1520.566162109375,12500,0.0,0.0
2023-07-11 00:00:00+09:00,1520.566332517749,1520.566332517749,1506.8179931640625,1506.8179931640625,200,0.0,0.0
2023-07-12 00:00:00+09:00,1482.9876056154133,1502.2352815844638,1482.9876056154133,1501.3187255859375,700,0.0,0.0
2023-07-13 00:00:00+09:00,1501.3187255859375,1501.3187255859375,1501.3187255859375,1501.3187255859375,0,0.0,0.0
2023-07-14 00:00:00+09:00,1495.8193359375,1495.8193359375,1495.8193359375,1495.8193359375,200,0.0,0.0
2023-07-18 00:00:00+09:00,1497.6523596363759,1503.1516951062767,1493.069580078125,1493.069580078125,900,0.0,0.0
2023-07-19 00:00:00+09:00,1493.069566465165,1513.2337963376228,1493.069566465165,1504.0682373046875,2100,0.0,0.0
2023-07-20 00:00:00+09:00,1504.0682215082254,1512.3172245512321,1504.0682215082254,1508.6510009765625,600,0.0,0.0
2023-07-21 00:00:00+09:00,1508.6510009765625,1508.6510009765625,1508.6510009765625,1508.6510009765625,0,0.0,0.0
2023-07-24 00:00:00+09:00,1508.6510009765625,1508.6510009765625,1508.6510009765625,1508.6510009765625,0,0.0,0.0
2023-07-25 00:00:00+09:00,1518.732998546922,1521.482666015625,1508.6508844950113,1521.482666015625,3200,0.0,0.0
2023-07-26 00:00:00+09:00,1521.4828083456598,1529.7318115234375,1519.649696528376,1529.7318115234375,2100,0.0,0.0
2023-07-27 00:00:00+09:00,1529.7317729439178,1529.7317729439178,1519.649658203125,1519.649658203125,700,0.0,0.0
2023-07-28 00:00:00+09:00,1507.7345491209749,1507.7345491209749,1506.8179931640625,1506.8179931640625,500,0.0,0.0
2023-07-31 00:00:00+09:00,1528.8151647971295,1528.8151647971295,1513.2337152758157,1520.566162109375,1300,0.0,0.0
2023-08-01 00:00:00+09:00,1524.232589142705,1524.232589142705,1497.6524658203125,1497.6524658203125,1200,0.0,0.0
2023-08-02 00:00:00+09:00,1507.7345491209749,1507.7345491209749,1506.8179931640625,1506.8179931640625,1600,0.0,0.0
2023-08-03 00:00:00+09:00,1506.8178114831128,1532.4813751823385,1506.8178114831128,1531.5648193359375,2700,0.0,0.0
2023-08-04 00:00:00+09:00,1536.1476243704803,1553.5621857446088,1536.1476243704803,1552.6456298828125,4500,0.0,0.0
2023-08-07 00:00:00+09:00,1552.6457021782737,1567.3105966498513,1547.1463667514322,1559.9781494140625,10400,0.0,0.0
2023-08-08 00:00:00+09:00,1581.0589414133942,1628.7198486328125,1581.0589414133942,1628.7198486328125,4400,0.0,0.0
2023-08-09 00:00:00+09:00,1626.88675484274,1630.552978515625,1608.5556364783147,1630.552978515625,1400,0.0,0.0
2023-08-10 00:00:00+09:00,1567.310721016265,1601.2232921727573,1522.3994781333429,1566.3941650390625,7200,0.0,0.0
2023-08-14 00:00:00+09:00,1559.9781494140625,1625.9701745361615,1552.6457021782737,1559.9781494140625,19500,0.0,0.0
2023-08-15 00:00:00+09:00,1561.8112814372078,1568.2271728515625,1536.147715779789,1568.2271728515625,6600,0.0,0.0
2023-08-16 00:00:00+09:00,1565.4774484802892,1578.3092308448818,1556.3118896484375,1556.3118896484375,1200,0.0,0.0
2023-08-17 00:00:00+09:00,1571.8933849885975,1610.3887331923997,1571.8933849885975,1585.6417236328125,4400,0.0,0.0
2023-08-18 00:00:00+09:00,1565.4774986131656,1565.4774986131656,1548.9794921875,1548.9794921875,1800,0.0,0.0
2023-08-21 00:00:00+09:00,1536.147735453761,1576.4761962890625,1536.147735453761,1576.4761962890625,600,0.0,0.0
2023-08-22 00:00:00+09:00,1577.3927480646203,1577.3927480646203,1548.9795143690926,1563.6444091796875,800,0.0,0.0
2023-08-23 00:00:00+09:00,1571.8933444156823,1571.8933444156823,1553.562226696549,1569.1436767578125,1300,0.0,0.0
2023-08-24 00:00:00+09:00,1563.6442395646654,1563.6442395646654,1534.314453125,1534.314453125,1000,0.0,0.0
2023-08-25 00:00:00+09:00,1534.3146452308767,1535.231201171875,1534.3146452308767,1535.231201171875,1900,0.0,0.0
2023-08-28 00:00:00+09:00,1557.2284975698153,1557.2284975698153,1549.896050259304,1555.3953857421875,2000,0.0,0.0
2023-08-29 00:00:00+09:00,1555.3953835752588,1555.3953835752588,1521.4828148113904,1548.9794921875,1500,0.0,0.0
2023-08-30 00:00:00+09:00,1531.564931983026,1555.3953857421875,1531.564931983026,1555.3953857421875,500,0.0,0.0
2023-08-31 00:00:00+09:00,1556.3118324891043,1559.978055887194,1538.8972713481778,1544.3966064453125,1000,0.0,0.0
2023-09-01 00:00:00+09:00,1553.562271750185,1558.1450513128698,1548.9794921875,1548.9794921875,1500,0.0,0.0
2023-09-04 00:00:00+09:00,1546.2296661702762,1548.062777807704,1544.3965545328485,1545.3131103515625,500,0.0,0.0
2023-09-05 00:00:00+09:00,1561.8112952472043,1561.8112952472043,1523.3159464206885,1557.228515625,4100,0.0,0.0
2023-09-06 00:00:00+09:00,1556.31196177439,1569.1437447336605,1556.31196177439,1563.6444091796875,1700,0.0,0.0
2023-09-07 00:00:00+09:00,1563.644497107455,1567.310721016265,1563.644497107455,1566.3941650390625,1400,0.0,0.0
2023-09-08 00:00:00+09:00,1566.3940610188897,1569.143728767899,1566.3940610188897,1568.2271728515625,2500,0.0,0.0
2023-09-11 00:00:00+09:00,1570.9768607206124,1581.0589759294378,1570.9768607206124,1576.4761962890625,2300,0.0,0.0
2023-09-12 00:00:00+09:00,1589.308117471194,1648.8842579761697,1589.308117471194,1640.63525390625,10800,0.0,0.0
2023-09-13 00:00:00+09:00,1635.1357241030094,1635.1357241030094,1628.7198328088832,1633.3026123046875,2700,0.0,0.0
2023-09-14 00:00:00+09:00,1635.1358578939573,1740.539794921875,1626.8868541265551,1740.539794921875,17300,0.0,0.0
2023-09-15 00:00:00+09:00,1740.539769965838,1794.616571665672,1736.8735461217816,1775.368896484375,16700,0.0,0.0
2023-09-19 00:00:00+09:00,1805.615176156851,1821.196626915565,1778.1184983473559,1787.2840576171875,17000,0.0,0.0
2023-09-20 00:00:00+09:00,1832.1953660672514,1832.1953660672514,1775.368896484375,1775.368896484375,14500,0.0,0.0
2023-09-21 00:00:00+09:00,1831.2785852543443,1846.86003467843,1812.9474682848313,1839.527587890625,14300,0.0,0.0
2023-09-22 00:00:00+09:00,1833.111827203624,1865.1912841796875,1802.8654820547642,1865.1912841796875,4200,0.0,0.0
2023-09-25 00:00:00+09:00,1887.1886506520857,1905.5197691625478,1868.8575321416233,1886.2720947265625,34400,0.0,0.0
2023-09-26 00:00:00+09:00,1904.603131303438,1904.603131303438,1880.7726782649927,1902.77001953125,8900,0.0,0.0
2023-09-27 00:00:00+09:00,1879.8561168533872,1894.5210109877871,1840.4442138671875,1840.4442138671875,8600,0.0,0.0
2023-09-28 00:00:00+09:00,1914.3223355499297,1914.3223355499297,1875.292462689203,1901.3123779296875,11000,27.5,0.0
2023-09-29 00:00:00+09:00,1880.8681303879312,1882.7266957341642,1859.49462890625,1859.49462890625,5300,0.0,0.0
2023-10-02 00:00:00+09:00,1879.9387962211995,1879.9387962211995,1864.1409912109375,1864.1409912109375,7800,0.0,0.0
2023-10-03 00:00:00+09:00,1866.9289666328723,1866.9289666328723,1784.2228053435115,1826.04052734375,5100,0.0,0.0
2023-10-04 00:00:00+09:00,1738.687753596776,1760.0612535073724,1713.5971232669453,1715.4556884765625,13500,0.0,0.0
2023-10-05 00:00:00+09:00,1730.3244250931823,1775.8592783851082,1730.3244250931823,1764.7078857421875,6700,0.0,0.0
2023-10-06 00:00:00+09:00,1764.7078022846424,1768.4249329898232,1753.5564101690995,1765.6370849609375,1300,0.0,0.0
2023-10-10 00:00:00+09:00,1784.2227972919936,1784.2227972919936,1770.28355668815,1775.8592529296875,2800,0.0,0.0
2023-10-11 00:00:00+09:00,1775.8592851205533,1782.364264186929,1772.1421542254814,1779.576416015625,1000,0.0,0.0
2023-10-12 00:00:00+09:00,1779.5762287814016,1779.5762287814016,1772.1419677734375,1772.1419677734375,1600,0.0,0.0
2023-10-13 00:00:00+09:00,1772.142081497062,1786.081321781517,1739.6171875,1739.6171875,1700,0.0,0.0
2023-10-16 00:00:00+09:00,1739.6170184588616,1739.6170184588616,1667.1329760230756,1685.7186279296875,13000,0.0,0.0
2023-10-17 00:00:00+09:00,1692.2238067710107,1705.2337646484375,1692.2238067710107,1705.2337646484375,1100,0.0,0.0
2023-10-18 00:00:00+09:00,1695.0113737050165,1706.1627643214968,1695.0113737050165,1704.30419921875,2800,0.0,0.0
2023-10-19 00:00:00+09:00,1686.6480402711961,1704.304410940702,1682.0016269371158,1700.5872802734375,5100,0.0,0.0
2023-10-20 00:00:00+09:00,1700.5871871422075,1746.122035322518,1682.0015348237137,1724.74853515625,8000,0.0,0.0
2023-10-23 00:00:00+09:00,1719.1728154903305,1747.051293579363,1719.1728154903305,1735.89990234375,13000,0.0,0.0
2023-10-24 00:00:00+09:00,1728.4656595657948,1728.4656595657948,1690.365072446334,1727.536376953125,3300,0.0,0.0
2023-10-25 00:00:00+09:00,1744.2634518211712,1744.2634518211712,1730.3242127283008,1733.112060546875,4600,0.0,0.0
2023-10-26 00:00:00+09:00,1733.1122720824003,1733.1122720824003,1711.73876953125,1711.73876953125,1500,0.0,0.0
2023-10-27 00:00:00+09:00,1715.4557596347834,1720.1021728515625,1695.011541480956,1720.1021728515625,1300,0.0,0.0
2023-10-30 00:00:00+09:00,1691.2944474457004,1725.6779059926735,1691.2944474457004,1703.3751220703125,1100,0.0,0.0
2023-10-31 00:00:00+09:00,1691.2943728885134,1719.1728515625,1691.2943728885134,1719.1728515625,1100,0.0,0.0
2023-11-01 00:00:00+09:00,1745.1928899039426,1745.1928899039426,1707.0922996557736,1736.829345703125,2400,0.0,0.0
2023-11-02 00:00:00+09:00,1736.829345703125,1736.829345703125,1716.385126545571,1736.829345703125,2100,0.0,0.0
2023-11-06 00:00:00+09:00,1736.8294107222994,1779.576416015625,1736.8294107222994,1779.576416015625,4000,0.0,0.0
2023-11-07 00:00:00+09:00,1779.5763532545388,1812.1012474393478,1779.5763532545388,1807.454833984375,3800,0.0,0.0
2023-11-08 00:00:00+09:00,1827.8990216936384,1829.7575870436065,1802.808389469069,1821.39404296875,3100,0.0,0.0
2023-11-09 00:00:00+09:00,1822.3231260399045,1833.474516918272,1787.0103882584071,1819.5352783203125,6800,0.0,0.0
2023-11-10 00:00:00+09:00,1797.2324965635773,1834.4037994914693,1795.3739314171828,1819.5352783203125,2600,0.0,0.0
2023-11-13 00:00:00+09:00,1839.9795311996618,1839.9795311996618,1802.8082275390625,1802.8082275390625,1400,0.0,0.0
2023-11-14 00:00:00+09:00,1816.747478496942,1826.0403044739085,1787.0104353706495,1797.2325439453125,27700,0.0,0.0
2023-11-15 00:00:00+09:00,1791.6569419876835,1794.444789926461,1755.4149187835758,1773.0712890625,4600,0.0,0.0
2023-11-16 00:00:00+09:00,1773.071122382199,1774.9296875,1766.5661444698953,1774.9296875,2100,0.0,0.0
2023-11-17 00:00:00+09:00,1758.202913368962,1801.879201386056,1758.202913368962,1779.576416015625,1600,0.0,0.0
2023-11-20 00:00:00+09:00,1795.374158057097,1802.808419581143,1780.5056350090051,1789.7984619140625,2600,0.0,0.0
2023-11-21 00:00:00+09:00,1791.6570085392443,1798.1619873046875,1780.5056163699128,1798.1619873046875,1700,0.0,0.0
2023-11-22 00:00:00+09:00,1810.2425839069556,1852.060302734375,1810.2425839069556,1852.060302734375,5000,0.0,0.0
2023-11-24 00:00:00+09:00,1863.2117395099235,1875.2924141301874,1850.2017822265625,1850.2017822265625,4400,0.0,0.0
2023-11-27 00:00:00+09:00,1872.5044962057746,1885.514453003234,1863.211669921875,1863.211669921875,4400,0.0,0.0
2023-11-28 00:00:00+09:00,1865.070245361328,1867.8580932617188,1839.9796142578125,1839.9796142578125,4400,0.0,0.0
2023-11-29 00:00:00+09:00,1839.9796545410156,1858.5653076171875,1824.1818494262695,1858.5653076171875,3200,0.0,0.0
2023-11-30 00:00:00+09:00,1840.908930103119,1925.4736512739337,1840.908930103119,1917.110107421875,7800,0.0,0.0
2023-12-01 00:00:00+09:00,1926.403076171875,1926.403076171875,1887.3732019802594,1926.403076171875,4600,0.0,0.0
2023-12-04 00:00:00+09:00,1926.4029494984338,1946.84716796875,1852.9896195368435,1946.84716796875,9000,0.0,0.0
2023-12-05 00:00:00+09:00,1950.5642891004247,1950.5642891004247,1895.7366125606798,1914.322265625,9800,0.0,0.0
2023-12-06 00:00:00+09:00,1914.3221966440906,1927.3321533203125,1891.090131150837,1927.3321533203125,2800,0.0,0.0
2023-12-07 00:00:00+09:00,1927.3321059045713,1927.3321059045713,1900.3829105953946,1911.5343017578125,4600,0.0,0.0
2023-12-08 00:00:00+09:00,1873.4338690029986,1882.7266957341642,1859.49462890625,1859.49462890625,1800,0.0,0.0
2023-12-11 00:00:00+09:00,1855.7774596557617,1865.0702861938478,1830.6868280029298,1858.5653076171875,6400,0.0,0.0
2023-12-12 00:00:00+09:00,1858.5653838880485,1858.5653838880485,1837.191881973336,1842.767578125,2900,0.0,0.0
2023-12-13 00:00:00+09:00,1838.1211459607964,1854.8482342455761,1838.1211459607964,1851.131103515625,2800,0.0,0.0
2023-12-14 00:00:00+09:00,1840.9089929007419,1853.9189504477436,1787.0105973488778,1833.4747314453125,7900,0.0,0.0
2023-12-15 00:00:00+09:00,1833.474510959312,1833.474510959312,1809.3131641347088,1822.3231201171875,4200,0.0,0.0
2023-12-18 00:00:00+09:00,1822.3231260399045,1825.1109737594963,1819.5352783203125,1819.5352783203125,1200,0.0,0.0
2023-12-19 00:00:00+09:00,1823.2524026873646,1827.89881553825,1811.171729275063,1822.3231201171875,3700,0.0,0.0
2023-12-20 00:00:00+09:00,1821.3938673280127,1823.2524324987555,1802.808215620584,1808.3839111328125,3800,0.0,0.0
2023-12-21 00:00:00+09:00,1796.3032553637834,1820.46460282341,1796.3032553637834,1800.0203857421875,2300,0.0,0.0
2023-12-22 00:00:00+09:00,1800.0203797645177,1819.5353141863322,1790.727553849368,1802.8082275390625,10300,0.0,0.0
2023-12-25 00:00:00+09:00,1803.7376181934558,1816.7475752540988,1784.222682602491,1790.7276611328125,6000,0.0,0.0
2023-12-26 00:00:00+09:00,1787.9397060748229,1817.6767490033023,1787.9397060748229,1802.8082275390625,2600,0.0,0.0
2023-12-27 00:00:00+09:00,1802.808280640273,1815.8182373046875,1794.4447370702924,1815.8182373046875,3600,0.0,0.0
2023-12-28 00:00:00+09:00,1802.8083833139647,1824.181884765625,1795.374121939474,1824.181884765625,4000,0.0,0.0
2023-12-29 00:00:00+09:00,1830.6869860975341,1841.83837890625,1826.9698551612955,1841.83837890625,4100,0.0,0.0
2024-01-04 00:00:00+09:00,1833.4747114837382,1833.4747114837382,1819.5354714065684,1824.181884765625,8500,0.0,0.0
2024-01-05 00:00:00+09:00,1844.626103545474,1844.626103545474,1813.0304927038892,1824.181884765625,1300,0.0,0.0
2024-01-09 00:00:00+09:00,1824.1818647018408,1824.1818647018408,1804.6669288084438,1814.8890380859375,1400,0.0,0.0
2024-01-10 00:00:00+09:00,1805.5962561016388,1817.676931000929,1802.8084080479564,1813.030517578125,2400,0.0,0.0
2024-01-11 00:00:00+09:00,1824.1817662800668,1824.1817662800668,1800.0204183823175,1803.737548828125,2900,0.0,0.0
2024-01-12 00:00:00+09:00,1800.0204733726,1802.808321292124,1766.5662983383131,1778.64697265625,2300,0.0,0.0
2024-01-15 00:00:00+09:00,1779.57640285873,1787.0106645939102,1767.4957275390625,1767.4957275390625,600,0.0,0.0
2024-01-16 00:00:00+09:00,1779.5762287814016,1788.8690550413567,1756.3441631315138,1772.1419677734375,4700,0.0,0.0
2024-01-17 00:00:00+09:00,1771.2125956979028,1771.2125956979028,1735.8998576934325,1737.7584228515625,5300,0.0,0.0
2024-01-18 00:00:00+09:00,1724.7484785743027,1732.1827392578125,1714.5263701344766,1732.1827392578125,2100,0.0,0.0
2024-01-19 00:00:00+09:00,1717.3142207829926,1749.839111328125,1717.3142207829926,1749.839111328125,1800,0.0,0.0
2024-01-22 00:00:00+09:00,1747.9806257508194,1830.6867797602947,1747.9806257508194,1825.111083984375,10900,0.0,0.0
2024-01-23 00:00:00+09:00,1850.2018701424872,1852.060435556995,1793.515625,1793.515625,5800,0.0,0.0
2024-01-24 00:00:00+09:00,1793.515593619457,1807.454833984375,1793.515593619457,1807.454833984375,1200,0.0,0.0
2024-01-25 00:00:00+09:00,1807.4546226004322,1819.535296170512,1807.4546226004322,1811.1717529296875,1200,0.0,0.0
2024-01-26 00:00:00+09:00,1819.5354700912665,1819.5354700912665,1800.9498166684753,1806.5255126953125,1100,0.0,0.0
2024-01-29 00:00:00+09:00,1815.8182740014447,1815.8182740014447,1793.515490697435,1799.0911865234375,1300,0.0,0.0
2024-01-30 00:00:00+09:00,1800.0203977532487,1800.0203977532487,1794.4447021484375,1794.4447021484375,400,0.0,0.0
2024-01-31 00:00:00+09:00,1785.152074349093,1800.0205976128022,1785.152074349093,1796.303466796875,2200,0.0,0.0
2024-02-01 00:00:00+09:00,1815.818189850405,1815.818189850405,1791.6568423907781,1800.0203857421875,1700,0.0,0.0
2024-02-02 00:00:00+09:00,1804.6668107572582,1804.6668107572582,1789.798289144428,1794.4447021484375,600,0.0,0.0
2024-02-05 00:00:00+09:00,1791.6569561141657,1793.5155214213382,1785.1519775390625,1785.1519775390625,6800,0.0,0.0
2024-02-06 00:00:00+09:00,1785.1519001875774,1788.869030640857,1783.2933349609375,1783.2933349609375,7700,0.0,0.0
2024-02-07 00:00:00+09:00,1783.2933858554566,1784.222668495298,1778.64697265625,1778.64697265625,4000,0.0,0.0
2024-02-08 00:00:00+09:00,1783.2933349609375,1783.2933349609375,1777.7176392810181,1783.2933349609375,1200,0.0,0.0
2024-02-09 00:00:00+09:00,1784.222575708763,1816.7474664117874,1782.364010525733,1802.8082275390625,2100,0.0,0.0
2024-02-13 00:00:00+09:00,1814.8888713709837,1816.7474365234375,1795.3739372702205,1816.7474365234375,1500,0.0,0.0
2024-02-14 00:00:00+09:00,1805.5961692116477,1805.5961692116477,1775.8591247367262,1778.64697265625,5100,0.0,0.0
2024-02-15 00:00:00+09:00,1775.8592323684288,1778.6470804569192,1748.9100341796875,1748.9100341796875,6300,0.0,0.0
2024-02-16 00:00:00+09:00,1751.6977925467468,1771.2127281666308,1749.8392272496149,1752.6270751953125,2800,0.0,0.0
2024-02-19 00:00:00+09:00,1770.2835831905436,1858.5654416698621,1770.2835831905436,1817.677001953125,8300,0.0,0.0
2024-02-20 00:00:00+09:00,1821.3939964777405,1835.3332362467029,1805.59619140625,1805.59619140625,2500,0.0,0.0
2024-02-21 00:00:00+09:00,1805.5962238204008,1809.3133544921875,1796.303397140934,1809.3133544921875,1400,0.0,0.0
2024-02-22 00:00:00+09:00,1809.3133035878666,1813.959716796875,1809.3133035878666,1813.959716796875,800,0.0,0.0
2024-02-26 00:00:00+09:00,1822.3233964992844,1839.9797680104962,1822.3233964992844,1826.04052734375,900,0.0,0.0
2024-02-27 00:00:00+09:00,1835.33326576893,1847.4139404296875,1826.0404391068087,1847.4139404296875,4300,0.0,0.0
2024-02-28 00:00:00+09:00,1865.0701992228878,1988.6647864160338,1865.0701992228878,1973.7962646484375,51900,0.0,0.0
2024-02-29 00:00:00+09:00,1989.5942338210907,2146.643007999402,1965.4328839475045,2136.4208984375,39800,0.0,0.0
2024-03-01 00:00:00+09:00,2143.8554340123387,2143.8554340123387,2054.6442846126056,2089.95703125,15500,0.0,0.0
2024-03-04 00:00:00+09:00,2089.956387893235,2114.1177334180124,2054.643652126253,2086.2392578125,6500,0.0,0.0
2024-03-05 00:00:00+09:00,2061.148800990862,2061.148800990862,1977.5133672265804,2043.492431640625,9000,0.0,0.0
2024-03-06 00:00:00+09:00,2012.8263277800186,2051.856201171875,1982.1599986864173,2051.856201171875,4200,0.0,0.0
2024-03-07 00:00:00+09:00,2095.5325240941866,2106.683916683601,1917.1102426635507,1929.19091796875,12200,0.0,0.0
2024-03-08 00:00:00+09:00,1925.4736006887335,1997.0283628764905,1925.4736006887335,1977.513427734375,3200,0.0,0.0
2024-03-11 00:00:00+09:00,1951.4935075805015,1983.0891167508526,1915.2514852968636,1924.5443115234375,3400,0.0,0.0
2024-03-12 00:00:00+09:00,1907.8171172041484,2081.5929578847017,1895.7364437878532,2071.370849609375,15000,0.0,0.0
2024-03-13 00:00:00+09:00,2071.370985833578,2072.3002684651765,1979.3720053053032,2027.6947021484375,14700,0.0,0.0
2024-03-14 00:00:00+09:00,2027.6947372614363,2027.6947372614363,1962.6449519230769,1993.311279296875,1100,0.0,0.0
2024-03-15 00:00:00+09:00,1951.4935243476941,2010.038330078125,1951.4935243476941,2010.038330078125,6800,0.0,0.0
2024-03-18 00:00:00+09:00,2066.7249610938197,2089.95703125,2034.2000628751669,2089.95703125,7000,0.0,0.0
2024-03-19 00:00:00+09:00,2072.3002685764664,2084.3809427878987,2055.5731812067907,2083.45166015625,3200,0.0,0.0
2024-03-21 00:00:00+09:00,2089.0275297203284,2090.886095138229,2035.1291326012097,2078.805419921875,4700,0.0,0.0
2024-03-22 00:00:00+09:00,2080.663681263337,2086.2393767021845,2068.5830078125,2068.5830078125,2100,0.0,0.0
2024-03-25 00:00:00+09:00,2080.664157467477,2109.471923828125,2080.664157467477,2109.471923828125,5200,0.0,0.0
2024-03-26 00:00:00+09:00,2126.19864261717,2126.19864261717,2090.8859029233536,2091.815185546875,5400,0.0,0.0
2024-03-27 00:00:00+09:00,2096.461532672942,2122.4814453125,2083.4515763531635,2122.4814453125,4500,0.0,0.0
2024-03-28 00:00:00+09:00,2135.1796473495524,2153.9918028328084,2097.5553363830404,2127.65478515625,3700,27.5,0.0
2024-03-29 00:00:00+09:00,2142.7048359658666,2210.428606022733,2141.76422804841,2201.963134765625,4500,0.0,0.0
2024-04-01 00:00:00+09:00,2224.5376976832013,2225.478305589198,2196.3194605032872,2208.54736328125,4000,0.0,0.0
2024-04-02 00:00:00+09:00,2209.487832536726,2219.8345188534154,2186.913244209403,2217.0126953125,1700,0.0,0.0
2024-04-03 00:00:00+09:00,2199.1411662274095,2199.1411662274095,2158.695028439651,2185.97265625,4800,0.0,0.0
2024-04-04 00:00:00+09:00,2188.7945055706377,2220.7751730349273,2188.7945055706377,2214.19091796875,3400,0.0,0.0
2024-04-05 00:00:00+09:00,2168.1009699906904,2213.250144203078,2163.3979310102336,2194.43798828125,2300,0.0,0.0
2024-04-08 00:00:00+09:00,2120.130164864479,2162.45751953125,2120.130164864479,2162.45751953125,2600,0.0,0.0
2024-04-09 00:00:00+09:00,2162.4574073814715,2169.041662210384,2122.951878407995,2164.338623046875,1300,0.0,0.0
2024-04-10 00:00:00+09:00,2164.338576952616,2167.160400390625,2162.4573613272773,2167.160400390625,400,0.0,0.0
2024-04-11 00:00:00+09:00,2169.041325906887,2169.98193359375,2154.9322106039367,2169.98193359375,700,0.0,0.0
2024-04-12 00:00:00+09:00,2180.329147965038,2180.329147965038,2130.476928447287,2177.50732421875,2300,0.0,0.0
2024-04-15 00:00:00+09:00,2161.5169365875913,2190.67578125,2131.417484032847,2190.67578125,2400,0.0,0.0
2024-04-16 00:00:00+09:00,2190.6755349790033,2190.6755349790033,2136.1202833565117,2155.873046875,2300,0.0,0.0
2024-04-17 00:00:00+09:00,2143.645415071116,2162.457573167396,2127.655080689278,2149.2890625,2000,0.0,0.0
2024-04-18 00:00:00+09:00,2146.4671068915004,2182.210205078125,2125.773734257139,2182.210205078125,2200,0.0,0.0
2024-04-19 00:00:00+09:00,2135.1798391761176,2147.4077413388004,2116.36768200276,2140.823486328125,4100,0.0,0.0
2024-04-22 00:00:00+09:00,2140.823486328125,2140.823486328125,2127.6549763067746,2140.823486328125,1800,0.0,0.0
2024-04-23 00:00:00+09:00,2126.7145763021404,2162.457678424865,2126.7145763021404,2157.754638671875,4400,0.0,0.0
2024-04-24 00:00:00+09:00,2144.585989232794,2166.219970703125,2144.585989232794,2166.219970703125,3100,0.0,0.0
2024-04-25 00:00:00+09:00,2165.2790785845586,2165.2790785845586,2158.69482421875,2158.69482421875,800,0.0,0.0
2024-04-26 00:00:00+09:00,2150.2294986263737,2150.2294986263737,2079.6839114010986,2139.8828125,5400,0.0,0.0
2024-04-30 00:00:00+09:00,2139.8826545581483,2156.8135942425642,2121.0704993532413,2144.585693359375,3900,0.0,0.0
2024-05-01 00:00:00+09:00,2127.6548372859206,2127.6548372859206,2106.9614657473307,2114.486328125,2600,0.0,0.0
2024-05-02 00:00:00+09:00,2099.4364064239976,2116.3673451854816,2098.4957987150265,2111.664306640625,1900,0.0,0.0
2024-05-07 00:00:00+09:00,2128.5953323567705,2128.5953323567705,2116.367431640625,2116.367431640625,3000,0.0,0.0
2024-05-08 00:00:00+09:00,2107.902013461364,2107.902013461364,2103.198974609375,2103.198974609375,1900,0.0,0.0
2024-05-09 00:00:00+09:00,2116.3677361306177,2116.3677361306177,2092.8525390625,2092.8525390625,400,0.0,0.0
2024-05-10 00:00:00+09:00,2093.793108290926,2100.3773633484448,2031.7129891771788,2050.525146484375,4900,0.0,0.0
2024-05-13 00:00:00+09:00,2050.5250106001013,2068.3965588576248,2031.7128545395497,2036.4158935546875,2800,0.0,0.0
2024-05-14 00:00:00+09:00,2036.4161304606655,2039.2379541980245,1999.732421875,1999.732421875,8000,0.0,0.0
2024-05-15 00:00:00+09:00,1995.0291333068392,1995.0291333068392,1893.4434914411445,1895.32470703125,10800,0.0,0.0
2024-05-16 00:00:00+09:00,1914.1369495958386,1920.7212044593132,1894.3841850054148,1900.02783203125,3600,0.0,0.0
2024-05-17 00:00:00+09:00,1894.3841623343674,1918.8399658203125,1894.3841623343674,1918.8399658203125,2100,0.0,0.0
2024-05-20 00:00:00+09:00,1900.0277711435929,1946.1175537109375,1900.0277711435929,1946.1175537109375,6600,0.0,0.0
2024-05-21 00:00:00+09:00,1966.810809015727,2016.6630198611758,1966.810809015727,2015.722412109375,4500,0.0,0.0
2024-05-22 00:00:00+09:00,2015.7224549567243,2063.69345131827,2015.7224549567243,2058.0498046875,6600,0.0,0.0
2024-05-23 00:00:00+09:00,2077.802596344187,2086.26806640625,2064.634087358755,2086.26806640625,7900,0.0,0.0
2024-05-24 00:00:00+09:00,2079.68393045063,2108.8427734375,2074.0402834209135,2108.8427734375,6000,0.0,0.0
2024-05-27 00:00:00+09:00,2138.9423507656597,2149.289037598739,2121.07080078125,2121.07080078125,5900,0.0,0.0
2024-05-28 00:00:00+09:00,2143.645185334579,2169.041596042799,2133.298499490489,2163.39794921875,8200,0.0,0.0
2024-05-29 00:00:00+09:00,2204.7846988996284,2204.7846988996284,2149.2888383044587,2153.05126953125,8200,0.0,0.0
2024-05-30 00:00:00+09:00,2148.348454595186,2153.99210202407,2098.496235640044,2149.2890625,9800,0.0,0.0
2024-05-31 00:00:00+09:00,2159.635294596354,2219.8341878255205,2159.635294596354,2212.309326171875,16500,0.0,0.0
2024-06-03 00:00:00+09:00,2242.409036063601,2296.023681640625,2221.715664086504,2296.023681640625,10200,0.0,0.0
2024-06-04 00:00:00+09:00,2285.6769099493918,2295.0829877681135,2275.330224348798,2291.320556640625,4300,0.0,0.0
2024-06-05 00:00:00+09:00,2282.8550408282404,2296.9641572734085,2260.280454515971,2294.142333984375,3000,0.0,0.0
2024-06-06 00:00:00+09:00,2297.9048311827614,2318.598202564677,2273.449028640497,2295.0830078125,5300,0.0,0.0
2024-06-07 00:00:00+09:00,2273.4490940292467,2301.6673285434695,2258.3993689549943,2296.023681640625,4800,0.0,0.0
2024-06-10 00:00:00+09:00,2296.0236617046444,2299.786092940539,2265.924211817488,2292.26123046875,4600,0.0,0.0
2024-06-11 00:00:00+09:00,2285.6768440387577,2303.5483913789785,2277.2113742460215,2290.3798828125,1300,0.0,0.0
2024-06-12 00:00:00+09:00,2290.3798828125,2290.3798828125,2290.3798828125,2290.3798828125,100,0.0,0.0
2024-06-13 00:00:00+09:00,2294.1424460866974,2294.1424460866974,2271.56785867133,2292.26123046875,1600,0.0,0.0
2024-06-14 00:00:00+09:00,2300.7269819261182,2343.994946426773,2300.7269819261182,2334.5888671875,6700,0.0,0.0
2024-06-17 00:00:00+09:00,2344.935262846611,2344.935262846611,2309.1921661806778,2337.410400390625,3000,0.0,0.0
2024-06-18 00:00:00+09:00,2351.5193244912043,2396.6684955214355,2279.092529296875,2279.092529296875,12500,0.0,0.0
2024-06-19 00:00:00+09:00,2285.6767887855644,2285.6767887855644,2191.6160155845123,2268.745849609375,3800,0.0,0.0
2024-06-20 00:00:00+09:00,2300.7268269772458,2300.7268269772458,2253.696433948275,2269.686767578125,700,0.0,0.0
2024-06-21 00:00:00+09:00,2278.151910987027,2303.548319573588,2278.151910987027,2299.785888671875,2600,0.0,0.0
2024-06-24 00:00:00+09:00,2312.954755235782,2312.954755235782,2260.2807144496073,2297.905029296875,2300,0.0,0.0
2024-06-25 00:00:00+09:00,2297.9049223301777,2297.9049223301777,2219.83447265625,2219.83447265625,2800,0.0,0.0
2024-06-26 00:00:00+09:00,2212.3097972333403,2212.3097972333403,2087.2089456040744,2173.744873046875,4700,0.0,0.0
2024-06-27 00:00:00+09:00,2207.606723312044,2207.606723312044,2159.63572080292,2190.67578125,1700,0.0,0.0
2024-06-28 00:00:00+09:00,2195.378820711679,2195.378820711679,2134.239307709854,2190.67578125,3000,0.0,0.0
2024-07-01 00:00:00+09:00,2189.7352542447466,2189.7352542447466,2147.407897526098,2170.923095703125,1300,0.0,0.0
2024-07-02 00:00:00+09:00,2156.813819925479,2162.4574670774864,2140.823486328125,2140.823486328125,900,0.0,0.0
2024-07-03 00:00:00+09:00,2154.9326171875,2154.9326171875,2148.348362137167,2154.9326171875,900,0.0,0.0
2024-07-04 00:00:00+09:00,2156.8139723327263,2158.6951881829946,2146.46728515625,2146.46728515625,1100,0.0,0.0
2024-07-05 00:00:00+09:00,2140.8233446581016,2140.8233446581016,2058.0498585729024,2079.683837890625,3800,0.0,0.0
2024-07-08 00:00:00+09:00,2098.4960627074797,2098.4960627074797,2013.8413582504322,2023.2474365234375,6200,0.0,0.0
2024-07-09 00:00:00+09:00,2006.3164536811046,2038.2971191406252,1963.9891023376213,2038.297119140625,8100,0.0,0.0
2024-07-10 00:00:00+09:00,2054.287558621143,2054.287558621143,1967.751635822084,2011.960205078125,4100,0.0,0.0
2024-07-11 00:00:00+09:00,2001.6135023759475,2001.6135023759475,1975.2764826078428,1985.6231689453125,3300,0.0,0.0
2024-07-12 00:00:00+09:00,1984.6824293004754,2041.118896484375,1975.276351436492,2041.118896484375,1500,0.0,0.0
2024-07-16 00:00:00+09:00,2041.1189562328138,2052.40625,2025.128623395967,2052.40625,900,0.0,0.0
2024-07-17 00:00:00+09:00,2052.406143715126,2052.406143715126,2030.7721651150125,2043.940673828125,1100,0.0,0.0
2024-07-18 00:00:00+09:00,1996.9104793739407,2011.960205078125,1995.9698715174293,2011.960205078125,1300,0.0,0.0
2024-07-19 00:00:00+09:00,2018.5444768054945,2018.5444768054945,2003.4947509765625,2003.4947509765625,600,0.0,0.0
2024-07-22 00:00:00+09:00,1988.444959648566,2002.5540771484375,1988.444959648566,2002.5540771484375,2400,0.0,0.0
2024-07-23 00:00:00+09:00,1982.8012434434102,1990.32610584737,1980.9200278424203,1989.385498046875,2600,0.0,0.0
2024-07-24 00:00:00+09:00,1981.860539705975,1983.7417552159,1981.860539705975,1982.8011474609375,900,0.0,0.0
2024-07-25 00:00:00+09:00,1982.8011829438985,2084.386822297761,1976.2169285413336,2058.0498046875,2900,0.0,0.0
2024-07-26 00:00:00+09:00,2058.0499596647182,2058.0499596647182,1957.4049205037836,2006.3165283203125,2400,0.0,0.0
2024-07-29 00:00:00+09:00,2008.1977741157973,2008.1977741157973,1977.15771484375,1977.15771484375,4500,0.0,0.0
2024-07-30 00:00:00+09:00,1975.2762967308095,1975.2762967308095,1958.3453570445454,1962.1077880859375,1500,0.0,0.0
2024-07-31 00:00:00+09:00,1958.3454444139522,2001.6134033203125,1958.3454444139522,2001.6134033203125,1800,0.0,0.0
2024-08-01 00:00:00+09:00,2008.1976069115178,2008.1976069115178,1934.8302001953125,1934.8302001953125,1200,0.0,0.0
2024-08-02 00:00:00+09:00,1803.1452408882035,1810.6701036566467,1647.004338443007,1647.9449462890625,14800,0.0,0.0
2024-08-05 00:00:00+09:00,1587.746012129022,1587.746012129022,1271.7017822265625,1271.7017822265625,28900,0.0,0.0
2024-08-06 00:00:00+09:00,1314.0290827516649,1439.129918833248,1314.0290827516649,1319.6727294921875,26700,0.0,0.0
2024-08-07 00:00:00+09:00,1314.9697549715909,1552.0029296875,1313.0885392992423,1552.0029296875,20200,0.0,0.0
2024-08-08 00:00:00+09:00,1373.2874265772107,1409.971131807698,1344.1285839581055,1398.683837890625,120700,0.0,0.0
2024-08-09 00:00:00+09:00,1418.4366290118242,1439.1300015836148,1404.3275113492398,1426.902099609375,23500,0.0,0.0
2024-08-13 00:00:00+09:00,1443.8330623545546,1550.121750332447,1443.8330623545546,1547.2999267578125,14100,0.0,0.0
2024-08-14 00:00:00+09:00,1547.2998346320649,1580.2211077093427,1547.2998346320649,1552.9434814453125,4100,0.0,0.0
2024-08-15 00:00:00+09:00,1547.2998970408785,1549.1811127211713,1517.2004461561928,1541.65625,7300,0.0,0.0
2024-08-16 00:00:00+09:00,1579.2804915132895,1586.8053538909585,1553.8840809886565,1585.86474609375,3700,0.0,0.0
2024-08-19 00:00:00+09:00,1597.1520966320504,1658.2916056315105,1597.1520966320504,1619.7266845703125,5200,0.0,0.0
2024-08-20 00:00:00+09:00,1721.3121540231818,1725.0745849609375,1682.7472369111872,1725.0745849609375,12200,0.0,0.0
2024-08-21 00:00:00+09:00,1711.906379290613,1711.906379290613,1676.1632790636659,1701.5596923828125,6000,0.0,0.0
2024-08-22 00:00:00+09:00,1723.1935239279323,1723.1935239279323,1699.6783284594835,1708.143798828125,2300,0.0,0.0
2024-08-23 00:00:00+09:00,1710.0248911981998,1730.71826171875,1692.153343930452,1730.71826171875,4800,0.0,0.0
2024-08-26 00:00:00+09:00,1758.9367311197916,1775.8676729166666,1730.7184947916667,1763.6397705078125,7500,0.0,0.0
2024-08-27 00:00:00+09:00,1763.6397110788446,1796.5609856856497,1763.6397110788446,1787.1549072265625,3700,0.0,0.0
2024-08-28 00:00:00+09:00,1767.4020932798032,1791.8578965928818,1764.5802698206019,1777.748779296875,2400,0.0,0.0
2024-08-29 00:00:00+09:00,1762.699064032976,1785.2736518327579,1751.411770133085,1779.6300048828125,5200,0.0,0.0
2024-08-30 00:00:00+09:00,1786.2142090220705,1827.6009521484375,1786.2142090220705,1827.6009521484375,3800,0.0,0.0
2024-09-02 00:00:00+09:00,1842.6508326165902,1845.47265625,1833.2447538385575,1845.47265625,6000,0.0,0.0
2024-09-03 00:00:00+09:00,1861.4628520828794,1888.740478515625,1861.4628520828794,1888.740478515625,4200,0.0,0.0
2024-09-04 00:00:00+09:00,1844.531847776161,1848.294278878203,1801.2638901026762,1807.84814453125,4700,0.0,0.0
2024-09-05 00:00:00+09:00,1801.2640215899492,1814.4325314083615,1693.094119510135,1774.927001953125,9200,0.0,0.0
2024-09-06 00:00:00+09:00,1768.3425614416146,1768.3425614416146,1722.252781914679,1728.8370361328125,2100,0.0,0.0
2024-09-09 00:00:00+09:00,1682.747284260748,1684.62849978256,1642.3011505417921,1677.1036376953125,7600,0.0,0.0
2024-09-10 00:00:00+09:00,1685.5691385135135,1757.995937434016,1678.9848840661953,1740.1243896484375,6400,0.0,0.0
2024-09-11 00:00:00+09:00,1766.461490164041,1773.9863527419495,1679.9255705180922,1697.797119140625,8000,0.0,0.0
2024-09-12 00:00:00+09:00,1725.074691002484,1739.1838078863648,1707.2031429495685,1733.5401611328125,3700,0.0,0.0
2024-09-13 00:00:00+09:00,1767.4019947981913,1767.4019947981913,1733.5401151745962,1736.3619384765625,1800,0.0,0.0
2024-09-17 00:00:00+09:00,1703.4408322626834,1703.4408322626834,1698.73779296875,1698.73779296875,1500,0.0,0.0
2024-09-18 00:00:00+09:00,1709.08438915961,1709.08438915961,1649.8260971854463,1681.8067626953125,1600,0.0,0.0
2024-09-19 00:00:00+09:00,1692.1534301824847,1737.3026045286545,1692.1534301824847,1712.8468017578125,4500,0.0,0.0
2024-09-20 00:00:00+09:00,1737.3027708900609,1737.3027708900609,1690.2723764425768,1732.5997314453125,4200,0.0,0.0
2024-09-24 00:00:00+09:00,1735.4214165933322,1741.0650634765625,1732.599593151717,1741.0650634765625,1500,0.0,0.0
2024-09-25 00:00:00+09:00,1749.5306396484375,1749.5306396484375,1749.5306396484375,1749.5306396484375,800,0.0,0.0
2024-09-26 00:00:00+09:00,1753.2928985430744,1753.2928985430744,1721.3122340846708,1740.1243896484375,3800,0.0,0.0
2024-09-27 00:00:00+09:00,1744.90498115647,1744.90498115647,1682.7576804577463,1697.099365234375,9800,30.0,0.0
2024-09-30 00:00:00+09:00,1638.7765927717758,1701.8800088294988,1638.7765927717758,1685.6260986328125,11300,0.0,0.0
2024-10-01 00:00:00+09:00,1693.2749772394795,1717.1777860655593,1635.9082360568887,1679.889404296875,7700,0.0,0.0
2024-10-02 00:00:00+09:00,1678.93310546875,1678.93310546875,1649.2936258163975,1678.93310546875,1800,0.0,0.0
2024-10-03 00:00:00+09:00,1687.5382246600984,1693.274898511634,1647.381507699348,1675.1087646484375,2500,0.0,0.0
2024-10-04 00:00:00+09:00,1675.1089089758018,1699.01171875,1653.1183239835395,1699.01171875,2200,0.0,0.0
2024-10-07 00:00:00+09:00,1700.9238522289531,1730.5633347579567,1627.3032020762664,1655.986572265625,12300,0.0,0.0
2024-10-08 00:00:00+09:00,1632.0837434079078,1632.0837434079078,1578.5414530559203,1581.4097900390625,23900,0.0,0.0
2024-10-09 00:00:00+09:00,1606.2688012709682,1624.4349365234375,1595.7515650721703,1624.4349365234375,9500,0.0,0.0
2024-10-10 00:00:00+09:00,1634.9520907213705,1682.7577074091298,1634.9520907213705,1670.3282470703125,6200,0.0,0.0
2024-10-11 00:00:00+09:00,1650.249746884648,1672.2403286797503,1634.9519508532724,1664.5914306640625,1600,0.0,0.0
2024-10-15 00:00:00+09:00,1660.7671407415794,1672.2404888641463,1649.2937926190123,1657.8988037109375,2800,0.0,0.0
2024-10-16 00:00:00+09:00,1638.7765979075293,1641.6449350100513,1634.9521484375,1634.9521484375,1500,0.0,0.0
2024-10-17 00:00:00+09:00,1634.952090864039,1634.952090864039,1594.7953728428172,1601.4881591796875,3600,0.0,0.0
2024-10-18 00:00:00+09:00,1601.4882034027646,1601.4882034027646,1587.1465179991578,1596.7076416015625,2000,0.0,0.0
2024-10-21 00:00:00+09:00,1596.7074849691735,1605.312495367211,1582.3658009724445,1587.1463623046875,3100,0.0,0.0
2024-10-22 00:00:00+09:00,1581.4098035860693,1586.190365265592,1565.1558938756925,1585.2342529296875,3500,0.0,0.0
2024-10-23 00:00:00+09:00,1585.234177419201,1585.234177419201,1563.2435947408887,1564.19970703125,3800,0.0,0.0
2024-10-24 00:00:00+09:00,1562.2875226875096,1562.2875226875096,1524.0430300880603,1541.2530517578125,4100,0.0,0.0
2024-10-25 00:00:00+09:00,1541.2530581011367,1541.2530581011367,1507.789126938891,1508.7452392578125,3000,0.0,0.0
2024-10-28 00:00:00+09:00,1526.9113371164838,1552.7263691153223,1526.9113371164838,1549.8580322265625,1500,0.0,0.0
2024-10-29 00:00:00+09:00,1550.8143442677103,1563.2438057199176,1550.8143442677103,1554.6387939453125,3300,0.0,0.0
2024-10-30 00:00:00+09:00,1568.9803064294765,1591.927001953125,1568.0241941159911,1591.927001953125,1800,0.0,0.0
2024-10-31 00:00:00+09:00,1578.5415373451376,1606.268796329395,1578.5415373451376,1588.1026611328125,1400,0.0,0.0
2024-11-01 00:00:00+09:00,1605.312598231914,1605.312598231914,1577.5853407282063,1581.4097900390625,2100,0.0,0.0
2024-11-05 00:00:00+09:00,1581.4098312284318,1581.4098312284318,1550.8142359446895,1558.463134765625,1600,0.0,0.0
2024-11-06 00:00:00+09:00,1560.3753729345167,1570.8926089040508,1560.3753729345167,1562.28759765625,1900,0.0,0.0
2024-11-07 00:00:00+09:00,1564.1997646693426,1577.5853372276376,1559.4192030413801,1563.24365234375,2000,0.0,0.0
2024-11-08 00:00:00+09:00,1563.24365234375,1587.1464604835628,1563.24365234375,1563.24365234375,3800,0.0,0.0
2024-11-11 00:00:00+09:00,1540.2969228515624,1563.2436181640624,1529.7796875,1553.6824951171875,4500,0.0,0.0
2024-11-12 00:00:00+09:00,1553.6825559666008,1570.892578125,1542.2092078610012,1570.892578125,6100,0.0,0.0
2024-11-13 00:00:00+09:00,1570.8925953496453,1571.8487077022621,1533.6042135975842,1558.463134765625,3900,0.0,0.0
2024-11-14 00:00:00+09:00,1540.2970331703743,1568.0242919921875,1540.2970331703743,1568.0242919921875,2000,0.0,0.0
2024-11-15 00:00:00+09:00,1568.0241261398178,1572.8046875,1564.1996770516719,1572.8046875,800,0.0,0.0
2024-11-18 00:00:00+09:00,1571.8486150403878,1571.8486150403878,1548.9019199303093,1549.8580322265625,4100,0.0,0.0
2024-11-19 00:00:00+09:00,1549.8581475864007,1555.5948217909154,1547.9459228515625,1547.9459228515625,3100,0.0,0.0
2024-11-20 00:00:00+09:00,1554.6386411856531,1554.6386411856531,1527.867496072985,1528.8236083984375,6900,0.0,0.0
2024-11-21 00:00:00+09:00,1528.8236835660243,1528.8236835660243,1513.5258856066396,1515.4381103515625,12700,0.0,0.0
2024-11-22 00:00:00+09:00,1515.4380940963608,1515.4380940963608,1486.7547232301836,1493.447509765625,15600,0.0,0.0
2024-11-25 00:00:00+09:00,1505.8770571307512,1527.867642726946,1505.8770571307512,1518.3065185546875,3300,0.0,0.0
2024-11-26 00:00:00+09:00,1519.2624884411298,1520.218600768657,1497.2719049079983,1512.5697021484375,3500,0.0,0.0
2024-11-27 00:00:00+09:00,1516.3942092808645,1516.3942092808645,1499.184186729127,1511.6136474609375,1400,0.0,0.0
2024-11-28 00:00:00+09:00,1504.9209183705004,1518.3064919773537,1501.0964687685423,1510.6575927734375,1500,0.0,0.0
2024-11-29 00:00:00+09:00,1503.9646912006904,1512.5697021484375,1503.0085788731628,1512.5697021484375,2100,0.0,0.0
2024-12-02 00:00:00+09:00,1529.7797581658292,1529.7797581658292,1504.9208370956344,1522.130859375,1900,0.0,0.0
2024-12-03 00:00:00+09:00,1522.1308661141388,1529.779764938833,1520.2186414079654,1524.0430908203125,2900,0.0,0.0
2024-12-04 00:00:00+09:00,1520.2186143834233,1520.2186143834233,1515.4380527029723,1516.3941650390625,1500,0.0,0.0
2024-12-05 00:00:00+09:00,1517.350379576864,1517.350379576864,1507.7892555719689,1510.6575927734375,1100,0.0,0.0
2024-12-06 00:00:00+09:00,1515.4380391310199,1519.2624884411298,1512.5697021484375,1512.5697021484375,700,0.0,0.0
2024-12-09 00:00:00+09:00,1506.8331298828125,1520.218703371619,1506.8331298828125,1506.8331298828125,2900,0.0,0.0
2024-12-10 00:00:00+09:00,1510.657535096952,1511.6136474609375,1507.7891980049958,1511.6136474609375,1800,0.0,0.0
2024-12-11 00:00:00+09:00,1513.5258721889084,1517.3503216448498,1510.657535096952,1511.6136474609375,2700,0.0,0.0
2024-12-12 00:00:00+09:00,1513.5258721889084,1515.438096916879,1511.6136474609375,1511.6136474609375,3000,0.0,0.0
2024-12-13 00:00:00+09:00,1505.8769293420703,1516.3941650390625,1505.8769293420703,1516.3941650390625,2700,0.0,0.0
2024-12-16 00:00:00+09:00,1517.350379576864,1517.350379576864,1507.7892555719689,1510.6575927734375,2300,0.0,0.0
2024-12-17 00:00:00+09:00,1514.4818994699017,1514.4818994699017,1504.9207763671875,1504.9207763671875,1500,0.0,0.0
2024-12-18 00:00:00+09:00,1504.9208272621936,1508.7452766326185,1502.052490234375,1502.052490234375,2600,0.0,0.0
2024-12-19 00:00:00+09:00,1499.1840175295151,1499.1840175295151,1493.44734399305,1498.2279052734375,2000,0.0,0.0
2024-12-20 00:00:00+09:00,1493.4474992383184,1507.7891845703125,1493.4474992383184,1507.7891845703125,1800,0.0,0.0
2024-12-23 00:00:00+09:00,1507.789126938891,1515.4380254902615,1506.8330146199698,1508.7452392578125,3600,0.0,0.0
2024-12-24 00:00:00+09:00,1508.7453679724586,1510.6575927734375,1503.0086935695213,1510.6575927734375,9400,0.0,0.0
2024-12-25 00:00:00+09:00,1522.1307949255577,1529.7796933925204,1517.3502333837062,1521.1746826171875,2800,0.0,0.0
2024-12-26 00:00:00+09:00,1521.1747871836521,1533.604248046875,1504.920876824053,1533.604248046875,7100,0.0,0.0
2024-12-27 00:00:00+09:00,1542.2091512935294,1571.8486328125,1539.3408143723386,1571.8486328125,6400,0.0,0.0
2024-12-30 00:00:00+09:00,1568.024227568258,1568.024227568258,1549.8580932244795,1567.068115234375,2600,0.0,0.0
2025-01-06 00:00:00+09:00,1568.0242378723444,1568.9803502125105,1550.8142157493553,1552.7264404296875,3600,0.0,0.0
2025-01-07 00:00:00+09:00,1554.6385359570072,1554.6385359570072,1530.735729438603,1550.8140869140625,3200,0.0,0.0
2025-01-08 00:00:00+09:00,1546.9896378711178,1550.8140869140625,1510.6573719631435,1550.8140869140625,2600,0.0,0.0
2025-01-09 00:00:00+09:00,1535.5164620751139,1547.9459228515625,1535.5164620751139,1547.9459228515625,1200,0.0,0.0
2025-01-10 00:00:00+09:00,1548.9019639421217,1548.9019639421217,1545.0775146484375,1545.0775146484375,400,0.0,0.0
2025-01-14 00:00:00+09:00,1545.0775625882213,1545.0775625882213,1524.0430908203125,1524.0430908203125,3300,0.0,0.0
2025-01-15 00:00:00+09:00,1514.4819672894448,1524.0430908203125,1514.4819672894448,1524.0430908203125,500,0.0,0.0
2025-01-16 00:00:00+09:00,1511.6136474609375,1520.2186587368062,1511.6136474609375,1511.6136474609375,3200,0.0,0.0
2025-01-17 00:00:00+09:00,1507.7890927061742,1507.7890927061742,1496.3157451396087,1499.18408203125,3600,0.0,0.0
2025-01-20 00:00:00+09:00,1503.9647418572374,1509.701416015625,1501.0964047780437,1509.701416015625,700,0.0,0.0
2025-01-21 00:00:00+09:00,1509.7013651658551,1512.5697021484375,1509.7013651658551,1512.5697021484375,700,0.0,0.0
2025-01-22 00:00:00+09:00,1515.4381237186074,1519.2625732421875,1491.5353141962319,1519.2625732421875,10500,0.0,0.0
2025-01-23 00:00:00+09:00,1519.2624617866848,1543.1652695555124,1519.2624617866848,1539.3408203125,2500,0.0,0.0
2025-01-24 00:00:00+09:00,1545.0774316109423,1575.6730243161094,1535.5163088905776,1572.8046875,2400,0.0,0.0
2025-01-27 00:00:00+09:00,1572.8047691240076,1595.75146484375,1571.8486568023518,1595.75146484375,8100,0.0,0.0
2025-01-28 00:00:00+09:00,1594.7953966580903,1594.7953966580903,1580.453711436345,1590.970947265625,6700,0.0,0.0
2025-01-29 00:00:00+09:00,1609.1370818798357,1610.0931942279522,1571.8487003032976,1590.970947265625,3900,0.0,0.0
2025-01-30 00:00:00+09:00,1602.444234333197,1623.4787051895994,1600.5320097098877,1608.180908203125,4100,0.0,0.0
2025-01-31 00:00:00+09:00,1603.4004175746475,1611.04931640625,1602.4443052206973,1611.04931640625,2500,0.0,0.0
2025-02-03 00:00:00+09:00,1622.5228060489635,1622.5228060489635,1581.4099712463087,1598.6199951171875,4400,0.0,0.0
2025-02-04 00:00:00+09:00,1601.4880740671135,1604.356410916189,1594.7952880859375,1594.7952880859375,3700,0.0,0.0
2025-02-05 00:00:00+09:00,1594.7952880859375,1594.7952880859375,1587.1463898217364,1594.7952880859375,2200,0.0,0.0
2025-02-06 00:00:00+09:00,1588.102589937401,1593.839263952828,1585.2342529296875,1585.2342529296875,1800,0.0,0.0
2025-02-07 00:00:00+09:00,1583.322068558196,1596.7076416015625,1583.322068558196,1596.7076416015625,500,0.0,0.0
2025-02-10 00:00:00+09:00,1600.5320201253303,1635.9081758867624,1600.5320201253303,1628.25927734375,6000,0.0,0.0
2025-02-12 00:00:00+09:00,1628.2592255731684,1697.0993102715054,1625.3908887107375,1681.801513671875,9900,0.0,0.0
2025-02-13 00:00:00+09:00,1686.5821870375917,1696.143310546875,1684.669962335735,1696.143310546875,4000,0.0,0.0
2025-02-14 00:00:00+09:00,1699.0116506003162,1714.3094482421875,1697.0994258950823,1714.3094482421875,4900,0.0,0.0
2025-02-17 00:00:00+09:00,1714.3094347318902,1724.8266705277913,1706.6605359712348,1710.4849853515625,10500,0.0,0.0
2025-02-18 00:00:00+09:00,1711.4410332118637,1728.651054774888,1634.9520484873112,1709.52880859375,3500,0.0,0.0
2025-02-19 00:00:00+09:00,1716.2215021743473,1716.2215021743473,1685.6259099350275,1700.9237060546875,2500,0.0,0.0
2025-02-20 00:00:00+09:00,1684.6700172206831,1693.2750286593812,1642.6010724092698,1677.0211181640625,4400,0.0,0.0
2025-02-21 00:00:00+09:00,1677.021046985428,1677.021046985428,1649.29378908202,1674.1527099609375,500,0.0,0.0
2025-02-25 00:00:00+09:00,1670.3282746941354,1670.3282746941354,1643.55712890625,1643.55712890625,5900,0.0,0.0
2025-02-26 00:00:00+09:00,1640.688778357325,1651.206014116026,1621.5665315233236,1639.732666015625,4000,0.0,0.0
2025-02-27 00:00:00+09:00,1633.9959750705295,1652.162109375,1625.3909640842014,1652.162109375,3000,0.0,0.0
2025-02-28 00:00:00+09:00,1619.6543238423544,1641.6449079323038,1609.1370879732483,1627.30322265625,6100,0.0,0.0
2025-03-03 00:00:00+09:00,1626.3471029958419,1666.5038215883317,1617.7420918688797,1659.81103515625,5600,0.0,0.0
2025-03-04 00:00:00+09:00,1656.9426778275154,1656.9426778275154,1642.600992791501,1654.0743408203125,2400,0.0,0.0
2025-03-05 00:00:00+09:00,1653.1182217068142,1653.1182217068142,1637.8204243977866,1652.162109375,4800,0.0,0.0
2025-03-06 00:00:00+09:00,1637.8203604940602,1651.2059326171875,1635.9081359050422,1651.2059326171875,3100,0.0,0.0
2025-03-07 00:00:00+09:00,1643.5571017953682,1643.5571017953682,1635.908203125,1635.908203125,300,0.0,0.0
2025-03-10 00:00:00+09:00,1632.0837837105105,1661.7232666015625,1632.0837837105105,1661.7232666015625,4900,0.0,0.0
2025-03-11 00:00:00+09:00,1651.2059834562156,1651.2059834562156,1632.0837369772785,1648.337646484375,3000,0.0,0.0
2025-03-12 00:00:00+09:00,1644.513180501583,1662.67931447224,1644.513180501583,1660.76708984375,4300,0.0,0.0
2025-03-13 00:00:00+09:00,1677.0210070133471,1731.5194091796875,1677.0210070133471,1731.5194091796875,12800,0.0,0.0
2025-03-14 00:00:00+09:00,1731.5195096340728,1774.5445664720262,1731.5195096340728,1760.202880859375,5000,0.0,0.0
2025-03-17 00:00:00+09:00,1778.3689849028717,1782.1934343327703,1762.1150748258024,1768.807861328125,7300,0.0,0.0
2025-03-18 00:00:00+09:00,1784.1057460760512,1808.9646685830057,1770.7201724184602,1793.6668701171875,6100,0.0,0.0
2025-03-19 00:00:00+09:00,1813.7450459046247,1813.7450459046247,1802.2716982236254,1810.876708984375,5400,0.0,0.0
2025-03-21 00:00:00+09:00,1815.6574441071605,1822.3502308942855,1801.31575813475,1808.008544921875,4100,0.0,0.0
2025-03-24 00:00:00+09:00,1819.481909039377,1829.9991455078125,1808.0085601647197,1829.9991455078125,6200,0.0,0.0
2025-03-25 00:00:00+09:00,1829.9991605696632,1853.9019709219315,1829.0430481555725,1851.98974609375,10800,0.0,0.0
2025-03-26 00:00:00+09:00,1863.4629586383091,1865.3751833264962,1827.1306895627547,1848.1651611328125,18000,0.0,0.0
2025-03-27 00:00:00+09:00,1857.726206039492,1857.726206039492,1816.6133769814899,1843.384521484375,4000,0.0,0.0
2025-03-28 00:00:00+09:00,1859.8954297154598,1865.7227783203125,1835.614810528574,1865.7227783203125,2100,30.0,0.0
2025-03-31 00:00:00+09:00,1849.2118698136196,1873.4924878521388,1835.6147237120488,1843.384521484375,4400,0.0,0.0
2025-04-01 00:00:00+09:00,1856.0104647201474,1859.8953636520578,1851.1543410552595,1856.981689453125,2700,0.0,0.0
2025-04-02 00:00:00+09:00,1843.384599552598,1853.0968471793242,1832.7011271631995,1837.5572509765625,5600,0.0,0.0
2025-04-03 00:00:00+09:00,1809.3917433029103,1845.327059729216,1774.427651644883,1844.3558349609375,3600,0.0,0.0
2025-04-04 00:00:00+09:00,1796.7656685034167,1826.8736337594198,1658.8517631372085,1727.8087158203125,8100,0.0,0.0
2025-04-07 00:00:00+09:00,1480.1464929359738,1635.542450199593,1480.1464929359738,1551.0458984375,6100,0.0,0.0
2025-04-08 00:00:00+09:00,1589.8948957181133,1632.6287841796875,1575.3265246516676,1632.6287841796875,3000,0.0,0.0
2025-04-09 00:00:00+09:00,1605.4344148827413,1605.4344148827413,1566.5854272267766,1595.72216796875,3100,0.0,0.0
2025-04-10 00:00:00+09:00,1642.3410514548973,1683.132490935149,1642.3410514548973,1678.2763671875,7300,0.0,0.0
2025-04-11 00:00:00+09:00,1634.5712311367479,1699.6432884666124,1634.5712311367479,1696.7296142578125,3600,0.0,0.0
2025-04-14 00:00:00+09:00,1705.4706573914223,1732.6649503338824,1705.4706573914223,1731.6937255859375,4400,0.0,0.0
2025-04-15 00:00:00+09:00,1728.7799951840755,1776.3700062874573,1728.7799951840755,1772.485107421875,6600,0.0,0.0
2025-04-16 00:00:00+09:00,1788.9960593806886,1823.960151746435,1777.34136192544,1800.6507568359375,14100,0.0,0.0
2025-04-17 00:00:00+09:00,1814.2477471303132,1833.6722412109375,1814.2477471303132,1833.6722412109375,10600,0.0,0.0
2025-04-18 00:00:00+09:00,1839.4996225982118,1861.8377911936495,1833.6722742689672,1843.384521484375,11800,0.0,0.0
2025-04-21 00:00:00+09:00,1864.75146484375,1865.7226895650228,1830.7585995992024,1864.75146484375,8800,0.0,0.0
2025-04-22 00:00:00+09:00,1869.6075550024061,1886.118374968661,1868.6363302985087,1876.4061279296875,8000,0.0,0.0
2025-04-23 00:00:00+09:00,1901.6579810214091,1915.255126953125,1893.888183346143,1915.255126953125,6700,0.0,0.0
2025-04-24 00:00:00+09:00,1918.1689453125,1926.9099683544302,1909.4279222705695,1918.1689453125,5300,0.0,0.0
2025-04-25 00:00:00+09:00,1921.082508631009,1923.0249580836187,1910.3990366416556,1914.283935546875,6000,0.0,0.0
2025-04-28 00:00:00+09:00,1931.76600203581,1943.4206988806716,1919.1400804538766,1938.5645751953125,7700,0.0,0.0
2025-04-30 00:00:00+09:00,1939.5358107248308,1945.3631591796875,1938.5645859823546,1945.3631591796875,5500,0.0,0.0
2025-05-01 00:00:00+09:00,1957.9891471483597,1957.9891471483597,1937.5934268655644,1954.104248046875,6300,0.0,0.0
2025-05-02 00:00:00+09:00,1959.9315189804436,1959.9315189804436,1923.0249789798206,1949.248046875,8100,0.0,0.0
2025-05-07 00:00:00+09:00,1930.7947438760582,1950.21923828125,1911.3702494708664,1950.21923828125,5000,0.0,0.0
2025-05-08 00:00:00+09:00,1959.9315189804436,1959.9315189804436,1933.7084510852642,1949.248046875,3100,0.0,0.0
2025-05-09 00:00:00+09:00,1944.3919791373403,1952.1617772557713,1939.535855313321,1940.507080078125,3700,0.0,0.0
2025-05-12 00:00:00+09:00,1959.9315753742023,1959.9315753742023,1940.507080078125,1940.507080078125,3300,0.0,0.0
2025-05-13 00:00:00+09:00,1941.4781938589206,1942.4494185682047,1936.6220703125,1936.6220703125,6300,0.0,0.0
2025-05-14 00:00:00+09:00,1936.6221511454023,1936.6221511454023,1877.37744140625,1877.37744140625,10200,0.0,0.0
2025-05-15 00:00:00+09:00,1904.5717781575522,1927.881172688802,1884.1760579427084,1893.8883056640625,20200,0.0,0.0
2025-05-16 00:00:00+09:00,1893.8882913675393,1941.4783048429288,1893.8882913675393,1940.507080078125,11600,0.0,0.0
2025-05-19 00:00:00+09:00,1959.931495842538,1980.3272150757855,1874.4637200079774,1978.384765625,26500,0.0,0.0
2025-05-20 00:00:00+09:00,2013.3488216066823,2013.3488216066823,1949.2479908174682,2000.722900390625,13200,0.0,0.0
2025-05-21 00:00:00+09:00,1991.0105989151975,2053.168978588648,1991.0105989151975,2052.19775390625,9900,0.0,0.0
2025-05-22 00:00:00+09:00,2060.9390148147086,2116.298828125,2058.996565224874,2116.298828125,9000,0.0,0.0
2025-05-23 00:00:00+09:00,2139.6080212206807,2141.5504706271454,2083.276988433209,2122.1259765625,13000,0.0,0.0
2025-05-26 00:00:00+09:00,2122.125965465199,2145.4353582208805,2107.5575949928975,2136.6943359375,12100,0.0,0.0
2025-05-27 00:00:00+09:00,2146.40659403142,2147.3778187346015,2107.5576059041546,2143.492919921875,9500,0.0,0.0
2025-05-28 00:00:00+09:00,2143.4930671276256,2154.176539596318,2102.7016267926188,2103.6728515625,5600,0.0,0.0
2025-05-29 00:00:00+09:00,2092.9894161988746,2092.9894161988746,1991.0108135534535,2059.9677734375,6600,0.0,0.0
2025-05-30 00:00:00+09:00,2052.197798038929,2100.759033203125,1949.247979490833,2100.759033203125,6300,0.0,0.0
2025-06-02 00:00:00+09:00,2090.0757586622303,2136.6945488182655,2056.0828908401218,2116.298828125,4900,0.0,0.0
2025-06-03 00:00:00+09:00,2116.29864002418,2116.29864002418,2039.5718880453314,2064.82373046875,6800,0.0,0.0
2025-06-04 00:00:00+09:00,2053.169169117812,2064.823866388112,2021.1187516244877,2028.8885498046875,6800,0.0,0.0
2025-06-05 00:00:00+09:00,2028.8885540057306,2028.8885540057306,1923.0250535813052,1975.47119140625,10400,0.0,0.0
2025-06-06 00:00:00+09:00,1975.4711130812711,1998.780506745947,1954.1041688886519,1991.98193359375,6300,0.0,0.0
2025-06-09 00:00:00+09:00,1991.982045212837,1991.982045212837,1969.6438750324883,1985.1834716796875,3100,0.0,0.0
2025-06-10 00:00:00+09:00,2000.7229670607082,2005.5790907671662,1986.1545959413343,1998.780517578125,3500,0.0,0.0
2025-06-11 00:00:00+09:00,1987.1257653755442,2007.521484375,1956.046574519231,2007.521484375,3500,0.0,0.0
2025-06-12 00:00:00+09:00,1986.1545954723183,2010.4352139988748,1985.183370731256,2009.4639892578125,1300,0.0,0.0
2025-06-13 00:00:00+09:00,2009.4640461524677,2010.4352709210286,1966.7301563357887,1990.03955078125,1800,0.0,0.0
2025-06-16 00:00:00+09:00,1979.3559906518,1979.3559906518,1935.650878002472,1967.7012939453125,6800,0.0,0.0
2025-06-17 00:00:00+09:00,1950.2192742545724,1963.8164205890166,1885.147216796875,1885.147216796875,9100,0.0,0.0
2025-06-18 00:00:00+09:00,1890.974553582127,1899.715576171875,1848.240665365582,1899.715576171875,4700,0.0,0.0
2025-06-19 00:00:00+09:00,1899.7156763032833,1899.7156763032833,1867.665258451541,1896.802001953125,1000,0.0,0.0
2025-06-20 00:00:00+09:00,1898.7443290757064,1907.4853515625,1888.060857147403,1907.4853515625,5400,0.0,0.0
2025-06-23 00:00:00+09:00,1934.6796875,1934.6796875,1908.4566194465363,1934.6796875,2400,0.0,0.0
2025-06-24 00:00:00+09:00,1923.0249461139815,1951.1904630015094,1923.0249461139815,1950.21923828125,4800,0.0,0.0
2025-06-25 00:00:00+09:00,1951.1905737207612,1954.104248046875,1932.7373029887083,1954.104248046875,3300,0.0,0.0
2025-06-26 00:00:00+09:00,1957.0179101899744,1968.672607421875,1935.6509652648233,1968.672607421875,2800,0.0,0.0
2025-06-27 00:00:00+09:00,1972.557406121291,1982.2696533203125,1923.996170126183,1982.2696533203125,6400,0.0,0.0
2025-06-30 00:00:00+09:00,1919.1401220823095,1976.4423828125,1919.1401220823095,1976.4423828125,14500,0.0,0.0
2025-07-01 00:00:00+09:00,1976.4423399411128,1976.4423399411128,1924.9674288763074,1938.5645751953125,6000,0.0,0.0
2025-07-02 00:00:00+09:00,1920.111316848439,1933.708463249996,1895.8306982742301,1923.9962158203125,3800,0.0,0.0
2025-07-03 00:00:00+09:00,1937.5933837890625,1937.5933837890625,1936.6221590352834,1937.5933837890625,1300,0.0,0.0
2025-07-04 00:00:00+09:00,1899.7156503273068,1947.3056640625,1899.7156503273068,1947.3056640625,2400,0.0,0.0
2025-07-07 00:00:00+09:00,1942.4495281559407,1961.8740234375,1942.4495281559407,1961.8740234375,2800,0.0,0.0
2025-07-08 00:00:00+09:00,1961.8740114404177,1977.4136075706388,1944.3919657939189,1976.4423828125,5300,0.0,0.0
2025-07-09 00:00:00+09:00,1985.1834017841206,2046.3705614281516,1952.161760071469,2040.543212890625,23300,0.0,0.0
2025-07-10 00:00:00+09:00,2067.7373384129723,2104.6438761582485,2026.9459019576673,2088.133056640625,13300,0.0,0.0
2025-07-11 00:00:00+09:00,2089.10435862228,2114.356201171875,2080.363336201266,2114.356201171875,7000,0.0,0.0
2025-07-14 00:00:00+09:00,2123.097290544181,2123.097290544181,2070.651154364224,2112.413818359375,6900,0.0,0.0
2025-07-15 00:00:00+09:00,2112.41383314699,2130.8671034135614,1996.8380877932007,2044.4281005859375,43000,0.0,0.0
2025-07-16 00:00:00+09:00,2044.4280006369086,2058.025146484375,1966.7300243656723,2058.025146484375,7600,0.0,0.0
2025-07-17 00:00:00+09:00,2058.0250596363753,2110.47119140625,2044.427914362704,2110.47119140625,14300,0.0,0.0
2025-07-18 00:00:00+09:00,2127.9535045738307,2130.8671789297055,2047.3418473946303,2102.70166015625,12400,0.0,0.0
2025-07-22 00:00:00+09:00,2101.730392891612,2105.6152919542583,2045.3993564832417,2075.50732421875,9300,0.0,0.0
2025-07-23 00:00:00+09:00,2074.5360436203982,2084.248291015625,2015.2913345095162,2084.248291015625,11100,0.0,0.0
2025-07-24 00:00:00+09:00,2088.1330678459667,2099.7877640385955,2067.7373495088664,2094.931640625,12300,0.0,0.0
2025-07-25 00:00:00+09:00,2095.9030106261694,2099.7879096264032,2059.967694874006,2076.478515625,6300,0.0,0.0
2025-07-28 00:00:00+09:00,2076.478438021932,2082.305786304501,2041.5143483265208,2071.622314453125,5700,0.0,0.0
2025-07-29 00:00:00+09:00,2073.5647416237302,2086.1906627671065,2047.3416746336409,2079.39208984375,6300,0.0,0.0
2025-07-30 00:00:00+09:00,2079.3921673180116,2087.161965234193,2052.1978746113773,2084.248291015625,4000,0.0,0.0
2025-07-31 00:00:00+09:00,2084.2483456334676,2098.816717108072,2060.9389512741,2096.874267578125,7500,0.0,0.0
2025-08-01 00:00:00+09:00,2097.8453480113635,2147.3778076171875,2075.507179953835,2115.327392578125,14400,0.0,0.0
2025-08-04 00:00:00+09:00,2074.5360649956597,2103.6728074815537,2066.766266999421,2097.845458984375,8500,0.0,0.0
2025-08-05 00:00:00+09:00,2099.7878966864223,2121.1548410560345,2097.845447198276,2112.413818359375,9400,0.0,0.0
2025-08-06 00:00:00+09:00,2119.212258366226,2141.5504260758603,2112.4136855850325,2137.66552734375,6500,0.0,0.0
2025-08-07 00:00:00+09:00,2137.665763054105,2137.665763054105,2105.615344980145,2109.500244140625,3700,0.0,0.0
2025-08-08 00:00:00+09:00,2121.154818483738,2124.0684926849517,2102.7015485427164,2120.18359375,8300,0.0,0.0
2025-08-12 00:00:00+09:00,2145.4354368271875,2145.4354368271875,2106.586447477668,2120.18359375,8600,0.0,0.0
2025-08-13 00:00:00+09:00,2125.0397519712096,2125.0397519712096,2097.845458984375,2097.845458984375,3500,0.0,0.0
2025-08-14 00:00:00+09:00,2097.8455362297923,2113.385132794457,2090.0757379474594,2102.70166015625,3600,0.0,0.0
2025-08-15 00:00:00+09:00,2102.7016356865747,2131.83837890625,2096.8742870426395,2131.83837890625,9400,0.0,0.0
2025-08-18 00:00:00+09:00,2131.8381242708924,2148.3489434565895,2131.8381242708924,2146.406494140625,4300,0.0,0.0
2025-08-19 00:00:00+09:00,2146.406605073538,2157.0900768634965,2125.0396614936203,2150.29150390625,6600,0.0,0.0
2025-08-20 00:00:00+09:00,2150.29150390625,2150.29150390625,2121.154762660908,2150.29150390625,4000,0.0,0.0
2025-08-21 00:00:00+09:00,2143.492996530012,2170.687289191018,2129.895850199509,2169.716064453125,8900,0.0,0.0
2025-08-22 00:00:00+09:00,2169.7159201135983,2170.6871447868807,2148.3489773013785,2166.80224609375,5000,0.0,0.0
2025-08-25 00:00:00+09:00,2166.8024235412354,2168.744873046875,2142.5218047207372,2168.744873046875,5000,0.0,0.0
2025-08-26 00:00:00+09:00,2147.3778847401913,2162.91748046875,2136.694412676807,2162.91748046875,4200,0.0,0.0
2025-08-27 00:00:00+09:00,2171.6583352481616,2171.6583352481616,2145.435269482643,2146.406494140625,3100,0.0,0.0
2025-08-28 00:00:00+09:00,2147.3779646125527,2150.2916389200327,2123.097345383555,2125.039794921875,4700,0.0,0.0
2025-08-29 00:00:00+09:00,2110.471468930745,2126.9822903627846,2041.5145088322254,2109.500244140625,3700,0.0,0.0
2025-09-01 00:00:00+09:00,2129.8957965870104,2140.5792684349162,2079.3921114878203,2114.356201171875,4800,0.0,0.0
2025-09-02 00:00:00+09:00,2114.356101387794,2117.269775390625,2103.6726300440796,2117.269775390625,2500,0.0,0.0
2025-09-03 00:00:00+09:00,2122.1259765625,2122.1259765625,2101.7302577946225,2122.1259765625,2200,0.0,0.0
2025-09-04 00:00:00+09:00,2122.1259988794427,2133.7806954407947,2114.356201171875,2114.356201171875,2800,0.0,0.0
2025-09-05 00:00:00+09:00,2117.269996768596,2134.7520426134743,2113.385097691956,2125.039794921875,3200,0.0,0.0
2025-09-08 00:00:00+09:00,2116.298749412995,2133.7807950712945,2092.0181304431353,2132.8095703125,12800,0.0,0.0
2025-09-09 00:00:00+09:00,2132.809635093496,2158.061479589139,2122.126162422263,2152.234130859375,13500,0.0,0.0
2025-09-10 00:00:00+09:00,2155.147660291702,2170.687255859375,2151.2627613997834,2170.687255859375,12000,0.0,0.0
2025-09-11 00:00:00+09:00,2150.291383302737,2183.313021528705,2135.723013497163,2182.341796875,12300,0.0,0.0
2025-09-12 00:00:00+09:00,2163.8887044415574,2187.198098026206,2143.4929850549897,2184.284423828125,3100,0.0,0.0
2025-09-16 00:00:00+09:00,2187.198087122268,2187.198087122268,2158.061345286714,2177.48583984375,5300,0.0,0.0
2025-09-17 00:00:00+09:00,2180.39934756759,2194.9677173731643,2157.0899558786714,2182.341796875,4400,0.0,0.0
2025-09-18 00:00:00+09:00,2175.5435549468793,2193.996826171875,2160.975182927146,2193.996826171875,3000,0.0,0.0
2025-09-19 00:00:00+09:00,2194.968081825658,2214.392578125,2180.3997096011512,2214.392578125,7200,0.0,0.0
2025-09-22 00:00:00+09:00,2214.392333772263,2240.6154008827243,2209.536210233289,2235.75927734375,24200,0.0,0.0
2025-09-24 00:00:00+09:00,2248.3850521176437,2248.3850521176437,2190.111573445048,2211.478515625,12000,0.0,0.0
2025-09-25 00:00:00+09:00,2214.3923006973364,2217.3059747772013,2193.025357444994,2215.363525390625,5900,0.0,0.0
2025-09-26 00:00:00+09:00,2218.2773222398127,2218.2773222398127,2195.9391530578882,2204.68017578125,2700,0.0,0.0
2025-09-29 00:00:00+09:00,2246.1104957879224,2246.1104957879224,2181.0058437360985,2217.50390625,8800,35.0,0.0
2025-09-30 00:00:00+09:00,2183.9651908979026,2209.6124785958905,2141.548522781999,2160.290771484375,16000,0.0,0.0
2025-10-01 00:00:00+09:00,2170.1549697926525,2170.1549697926525,2059.674353148663,2084.335205078125,20500,0.0,0.0
2025-10-02 00:00:00+09:00,2084.335317415646,2084.335317415646,2050.79655698397,2053.755859375,6600,0.0,0.0
2025-10-03 00:00:00+09:00,2052.7693371570526,2093.213134765625,2051.7829030690386,2093.213134765625,8400,0.0,0.0
2025-10-06 00:00:00+09:00,2099.131697740362,2102.090999945823,2074.4708460281868,2098.145263671875,9400,0.0,0.0
2025-10-07 00:00:00+09:00,2104.0639097337785,2106.0367779098065,2076.4437552693876,2093.213134765625,7500,0.0,0.0
2025-10-08 00:00:00+09:00,2093.2131071975928,2093.2131071975928,2034.027062696247,2061.647216796875,8100,0.0,0.0
2025-10-09 00:00:00+09:00,2062.6336924600946,2066.5794288397406,2042.905010561863,2056.715087890625,4200,0.0,0.0
2025-10-10 00:00:00+09:00,2055.728635905425,2056.7150699917524,2018.244140625,2018.244140625,7600,0.0,0.0
2025-10-14 00:00:00+09:00,1989.6376961201486,2106.036926731045,1989.6376961201486,2087.294677734375,26300,0.0,0.0
2025-10-15 00:00:00+09:00,2074.471021205357,2078.4167578125,2044.8779966517857,2071.51171875,10200,0.0,0.0
2025-10-16 00:00:00+09:00,2071.5116449157454,2076.4438154988784,2055.728699049721,2074.470947265625,3700,0.0,0.0
2025-10-17 00:00:00+09:00,2074.471021205357,2074.471021205357,2071.51171875,2071.51171875,20600,0.0,0.0
2025-10-20 00:00:00+09:00,2075.4573211813736,2099.131739293709,2071.511584829318,2093.213134765625,5900,0.0,0.0
2025-10-21 00:00:00+09:00,2109.9824400275734,2111.955308134191,2076.4436822150733,2096.17236328125,7100,0.0,0.0
2025-10-22 00:00:00+09:00,2096.1725272107055,2137.6027606896937,2095.1860930802536,2128.724853515625,5700,0.0,0.0
2025-10-23 00:00:00+09:00,2128.724761135057,2145.494140625,2113.928249820402,2145.494140625,6600,0.0,0.0
2025-10-24 00:00:00+09:00,2140.5619007870696,2152.3991094550165,2118.8603515625,2118.8603515625,3200,0.0,0.0
2025-10-27 00:00:00+09:00,2130.69775390625,2135.629924632885,2127.738451470269,2130.69775390625,3900,0.0,0.0
2025-10-28 00:00:00+09:00,2157.331466019951,2157.331466019951,2118.86053452714,2137.602783203125,3700,0.0,0.0
2025-10-29 00:00:00+09:00,2141.5485197664902,2141.5485197664902,2129.7113100763945,2137.602783203125,1200,0.0,0.0
2025-10-30 00:00:00+09:00,2133.6569596399504,2135.629827841189,2099.1317661182684,2124.779052734375,3300,0.0,0.0
2025-10-31 00:00:00+09:00,2136.6162752916184,2140.56201171875,2106.036817981351,2140.56201171875,1200,0.0,0.0
2025-11-04 00:00:00+09:00,2150.4264270340623,2158.3179001607928,2091.240378583583,2137.602783203125,7900,0.0,0.0
2025-11-05 00:00:00+09:00,2128.724798592513,2128.724798592513,2100.118209547479,2117.8740234375,8100,0.0,0.0
2025-11-06 00:00:00+09:00,2121.8196720598785,2122.806106124063,2100.1181226478298,2105.05029296875,1700,0.0,0.0
2025-11-07 00:00:00+09:00,2105.0504061316833,2207.639554321793,2101.1046696628327,2149.43994140625,11700,0.0,0.0
2025-11-10 00:00:00+09:00,2165.222767565219,2249.0696628923456,2134.6433116223843,2239.205322265625,18600,0.0,0.0
2025-11-11 00:00:00+09:00,2189.883686176943,2267.81197951387,2176.0736088767276,2265.839111328125,12900,0.0,0.0
2025-11-12 00:00:00+09:00,2216.517417147163,2262.8798197310152,2197.775169294116,2206.653076171875,10400,0.0,0.0
2025-11-13 00:00:00+09:00,2206.6529834405883,2210.59871966489,2160.290582805046,2171.141357421875,5300,0.0,0.0
2025-11-14 00:00:00+09:00,2159.3043596476737,2169.168701171875,2146.480715666212,2169.168701171875,2600,0.0,0.0
2025-11-17 00:00:00+09:00,2155.358476496067,2186.9243672273597,2155.358476496067,2175.087158203125,4200,0.0,0.0
2025-11-18 00:00:00+09:00,2156.3449479376004,2183.965102805969,2147.467041015625,2147.467041015625,3900,0.0,0.0
2025-11-19 00:00:00+09:00,2125.765422306504,2135.629763013263,2114.91464752907,2120.833251953125,2400,0.0,0.0
2025-11-20 00:00:00+09:00,2135.62983564897,2170.155029296875,2126.7519287109376,2170.155029296875,4700,0.0,0.0
2025-11-21 00:00:00+09:00,2125.7655669929877,2167.19580078125,2101.1047135475933,2167.19580078125,4200,0.0,0.0
2025-11-25 00:00:00+09:00,2168.1820552536487,2188.8971704312316,2167.1956211975735,2171.141357421875,7600,0.0,0.0
2025-11-26 00:00:00+09:00,2170.155029296875,2190.870145485618,2147.4670448996803,2170.155029296875,4600,0.0,0.0
2025-11-27 00:00:00+09:00,2170.1549877763605,2187.9108013127125,2155.358476496067,2175.087158203125,9900,0.0,0.0
2025-11-28 00:00:00+09:00,2184.951618366413,2208.6260377076296,2165.2229355820664,2189.8837890625,10900,0.0,0.0
2025-12-01 00:00:00+09:00,2188.897239698756,2198.761580571666,2174.1007283893905,2197.775146484375,5300,0.0,0.0
2025-12-02 00:00:00+09:00,2197.775091092975,2216.517338279136,2179.032843906814,2186.92431640625,5000,0.0,0.0
2025-12-03 00:00:00+09:00,2186.92431640625,2186.92431640625,2172.1278054698073,2186.92431640625,2900,0.0,0.0
2025-12-04 00:00:00+09:00,2179.032903891677,2182.978640250014,2159.3042220999914,2168.18212890625,4700,0.0,0.0
2025-12-05 00:00:00+09:00,2148.4534978002775,2185.937994088804,2148.4534978002775,2156.344970703125,1900,0.0,0.0
2025-12-08 00:00:00+09:00,2168.1821246408044,2168.1821246408044,2145.494140625,2145.494140625,3600,0.0,0.0
2025-12-09 00:00:00+09:00,2145.494182252664,2146.4806163594467,2127.738368330573,2140.56201171875,4100,0.0,0.0
2025-12-10 00:00:00+09:00,2140.561924113352,2146.480528511822,2120.8332427851183,2127.73828125,4300,0.0,0.0
2025-12-11 00:00:00+09:00,2128.7249078816562,2151.4128934614887,2128.7249078816562,2139.57568359375,4600,0.0,0.0
2025-12-12 00:00:00+09:00,2160.2908035612454,2162.263671875,2139.5756862668222,2162.263671875,3400,0.0,0.0
2025-12-15 00:00:00+09:00,2162.263556463068,2170.155029296875,2161.2771223588425,2170.155029296875,2800,0.0,0.0
2025-12-16 00:00:00+09:00,2170.155029296875,2170.155029296875,2149.4399131081323,2170.155029296875,1300,0.0,0.0
2025-12-17 00:00:00+09:00,2149.440015344059,2170.155132518095,2108.009780995986,2146.480712890625,5600,0.0,0.0
2025-12-18 00:00:00+09:00,2126.751947317446,2156.344970703125,2125.76551320459,2156.344970703125,1000,0.0,0.0
2025-12-19 00:00:00+09:00,2141.548449612403,2169.1686046511627,2141.548449612403,2163.25,4200,0.0,0.0
2025-12-22 00:00:00+09:00,2157.3314274051468,2167.1957686369947,2151.4128226660378,2165.222900390625,1900,0.0,0.0
2025-12-23 00:00:00+09:00,2165.2227805601347,2165.2227805601347,2139.5754947767346,2150.42626953125,6900,0.0,0.0
2025-12-24 00:00:00+09:00,2150.426347212358,2175.087199818004,2150.426347212358,2170.155029296875,2500,0.0,0.0
2025-12-25 00:00:00+09:00,2151.4128961493498,2181.005920855668,2151.4128961493498,2162.263671875,12200,0.0,0.0
2025-12-26 00:00:00+09:00,2170.154941665238,2171.141375729631,2155.3584306993384,2157.331298828125,4600,0.0,0.0
2025-12-29 00:00:00+09:00,2157.331298828125,2158.317732892518,2157.331298828125,2157.331298828125,1600,0.0,0.0
2025-12-30 00:00:00+09:00,2169.1686787644476,2173.114415333369,2160.290771484375,2160.290771484375,1100,0.0,0.0
2026-01-05 00:00:00+09:00,2168.1822446222177,2168.1822446222177,2157.331469057684,2160.290771484375,5500,0.0,0.0
2026-01-06 00:00:00+09:00,2160.2906882546167,2180.0193703391337,2160.2906882546167,2170.155029296875,7300,0.0,0.0
2026-01-07 00:00:00+09:00,2184.951508429183,2184.951508429183,2166.2092607270815,2168.18212890625,6600,0.0,0.0
2026-01-08 00:00:00+09:00,2168.182069220089,2186.92431640625,2168.182069220089,2186.92431640625,4100,0.0,0.0
2026-01-09 00:00:00+09:00,2198.7615940685578,2213.55810546875,2181.0057803883274,2213.55810546875,7000,0.0,0.0
2026-01-13 00:00:00+09:00,2214.544552963392,2246.110444141489,2204.6802119702365,2229.341064453125,11700,0.0,0.0
2026-01-14 00:00:00+09:00,2223.422400132665,2250.0561200987618,2221.4495319870284,2248.083251953125,4000,0.0,0.0
2026-01-15 00:00:00+09:00,2254.98840374052,2300.3643733695944,2254.98840374052,2292.472900390625,11700,0.0,0.0
2026-01-16 00:00:00+09:00,2308.255859375,2311.2151617588142,2276.6899672809827,2308.255859375,5400,0.0,0.0
2026-01-19 00:00:00+09:00,2308.2557815025593,2308.2557815025593,2284.581363230738,2288.527099609375,3200,0.0,0.0
2026-01-20 00:00:00+09:00,2289.513533704034,2297.405006461308,2270.771285905509,2288.527099609375,2500,0.0,0.0
2026-01-21 00:00:00+09:00,2286.5542886012263,2286.5542886012263,2242.1647532314873,2247.096923828125,5500,0.0,0.0
2026-01-22 00:00:00+09:00,2267.8120759607036,2273.730680769648,2249.0698273990447,2271.7578125,3500,0.0,0.0
2026-01-23 00:00:00+09:00,2283.595012450115,2291.486485495299,2263.866329837155,2278.662841796875,2800,0.0,0.0
2026-01-26 00:00:00+09:00,2278.6628611494853,2286.5543342616916,2264.852783203125,2264.852783203125,3300,0.0,0.0
2026-01-27 00:00:00+09:00,2264.8526866129914,2277.676329873431,2252.029043352552,2258.93408203125,7000,0.0,0.0
2026-01-28 00:00:00+09:00,2250.0561109060586,2277.6762648321305,2219.476654773622,2254.98828125,9400,0.0,0.0
2026-01-29 00:00:00+09:00,2251.0427149034786,2257.94775390625,2229.341163751911,2257.94775390625,6200,0.0,0.0
2026-01-30 00:00:00+09:00,2257.947712187364,2262.8798828125,2254.001975687255,2262.8798828125,1200,0.0,0.0
2026-02-02 00:00:00+09:00,2290.5000934195364,2297.4051324608527,2263.86637140303,2273.730712890625,4400,0.0,0.0
2026-02-03 00:00:00+09:00,2275.70340599204,2309.2421644678657,2275.70340599204,2300.3642578125,8900,0.0,0.0
2026-02-04 00:00:00+09:00,2306.2828306133288,2352.6452313998243,2298.3913581390316,2350.67236328125,16700,0.0,0.0
2026-02-05 00:00:00+09:00,2357.5775633480152,2458.1938442942487,2357.5775633480152,2435.505859375,9900,0.0,0.0
2026-02-06 00:00:00+09:00,2434.5192639760826,2455.234379269234,2422.682055237139,2425.641357421875,2700,0.0,0.0
2026-02-09 00:00:00+09:00,2444.383828125,2484.827628348214,2406.899330357143,2416.763671875,6700,0.0,0.0
2026-02-10 00:00:00+09:00,2564.728584945573,2695.92431640625,2487.7867273972056,2695.92431640625,31000,0.0,0.0
2026-02-12 00:00:00+09:00,2706.775284608379,2727.4904015824227,2657.4535775273225,2707.76171875,11600,0.0,0.0
2026-02-13 00:00:00+09:00,2673.2362950211864,2675.2091631355934,2617.009553760593,2618.982421875,5300,0.0,0.0
2026-02-16 00:00:00+09:00,2639.697657347261,2655.4806029816245,2618.9825412021596,2633.779052734375,11900,0.0,0.0
2026-02-17 00:00:00+09:00,2633.7789879953566,2692.9650326694095,2617.009608671042,2682.1142578125,5500,0.0,0.0
2026-02-18 00:00:00+09:00,2670.277137519976,2691.978687954198,2585.44380400438,2642.656982421875,9000,0.0,0.0
2026-02-19 00:00:00+09:00,2650.548358203555,2702.8293641524897,2643.6433196819976,2689.019287109375,7500,0.0,0.0
2026-02-20 00:00:00+09:00,2645.6161878310136,2689.019287109375,2641.670451532981,2689.019287109375,4000,0.0,0.0
2026-02-24 00:00:00+09:00,2682.1143863735333,2690.005859375,2674.2229133720666,2690.005859375,4400,0.0,0.0
2026-02-25 00:00:00+09:00,2702.8293641524897,2725.5173478661786,2689.019287109375,2689.019287109375,7400,0.0,0.0
2026-02-26 00:00:00+09:00,2694.9380144265556,2726.50390625,2692.96514618759,2726.50390625,18000,0.0,0.0
2026-02-27 00:00:00+09:00,2727.4902932513564,2766.947657349025,2721.5716886367063,2761.029052734375,10000,0.0,0.0
2026-03-02 00:00:00+09:00,2748.2054039910304,2790.6220703125,2723.544551478548,2790.6220703125,6300,0.0,0.0
2026-03-03 00:00:00+09:00,2790.6220110135737,2790.6220110135737,2701.842943855135,2704.80224609375,20100,0.0,0.0
2026-03-04 00:00:00+09:00,2671.263445575776,2675.209181832166,2554.8642260122824,2605.17236328125,11800,0.0,0.0
2026-03-05 00:00:00+09:00,2652.521362618033,2810.350822647369,2626.8740753632655,2690.005859375,13700,0.0,0.0
2026-03-06 00:00:00+09:00,2689.019282502948,2760.0425357458726,2663.3719966096696,2718.6123046875,6700,0.0,0.0
2026-03-09 00:00:00+09:00,2634.765583215095,2717.626050826502,2595.3082176858534,2639.69775390625,6700,0.0,0.0
2026-03-10 00:00:00+09:00,2689.0193380244796,2689.0193380244796,2626.8739901537742,2677.18212890625,4000,0.0,0.0
2026-03-11 00:00:00+09:00,2682.114320694541,2746.2325372613473,2658.4399022698744,2738.341064453125,8100,0.0,0.0
2026-03-12 00:00:00+09:00,2699.870071214716,2699.870071214716,2655.480537709176,2682.1142578125,3800,0.0,0.0
2026-03-13 00:00:00+09:00,2650.548532514936,2675.2093859994443,2631.80628386671,2662.3857421875,4800,0.0,0.0
2026-03-16 00:00:00+09:00,2654.4942690724574,2702.8295419020933,2618.982640054766,2662.3857421875,9700,0.0,0.0
2026-03-17 00:00:00+09:00,2662.3856778684485,2687.046530757189,2633.779088517509,2658.43994140625,4000,0.0,0.0
2026-03-18 00:00:00+09:00,2658.4400086749747,2689.019467030791,2658.4400086749747,2685.07373046875,4600,0.0,0.0
2026-03-19 00:00:00+09:00,2683.10068275346,2683.10068275346,2594.3216160447064,2636.73828125,7300,0.0,0.0
2026-03-23 00:00:00+09:00,2587.416748526146,2611.0911678797975,2465.0989151989475,2512.44775390625,18600,0.0,0.0
2026-03-24 00:00:00+09:00,2561.7692917696363,2561.7692917696363,2480.8816976513804,2532.17626953125,13400,0.0,0.0
2026-03-25 00:00:00+09:00,2545.986463768975,2607.145379210152,2545.986463768975,2599.25390625,8400,0.0,0.0
2026-03-26 00:00:00+09:00,2599.253879800651,2599.253879800651,2540.067833201774,2567.68798828125,9700,0.0,0.0
2026-03-27 00:00:00+09:00,2571.6337209302324,2571.6337209302324,2545.0,2545.0,4900,0.0,0.0
2026-03-30 00:00:00+09:00,2445.0,2475.0,2420.0,2450.0,12400,35.0,0.0
2026-03-31 00:00:00+09:00,2432.0,2443.0,2375.0,2380.0,5100,0.0,0.0
2026-04-01 00:00:00+09:00,2426.0,2520.0,2381.0,2435.0,25300,0.0,0.0
2026-04-02 00:00:00+09:00,2451.0,2479.0,2408.0,2413.0,14700,0.0,0.0
2026-04-03 00:00:00+09:00,2410.0,2460.0,2405.0,2460.0,9800,0.0,0.0
2026-04-06 00:00:00+09:00,2460.0,2469.0,2413.0,2461.0,12400,0.0,0.0
2026-04-07 00:00:00+09:00,2469.0,2519.0,2404.0,2509.0,9200,0.0,0.0
2026-04-08 00:00:00+09:00,2596.0,2596.0,2508.0,2565.0,12800,0.0,0.0
2026-04-09 00:00:00+09:00,2579.0,2594.0,2520.0,2521.0,5400,0.0,0.0
2026-04-10 00:00:00+09:00,2571.0,2571.0,2543.0,2564.0,700,0.0,0.0
2026-04-13 00:00:00+09:00,2563.0,2563.0,2495.0,2527.0,10000,0.0,0.0
2026-04-14 00:00:00+09:00,2527.0,2527.0,2477.0,2477.0,4300,0.0,0.0
2026-04-15 00:00:00+09:00,2471.0,2496.0,2471.0,2471.0,2300,0.0,0.0
2026-04-16 00:00:00+09:00,2489.0,2489.0,2442.0,2452.0,1300,0.0,0.0
2026-04-17 00:00:00+09:00,2452.0,2487.0,2444.0,2444.0,1200,0.0,0.0
2026-04-20 00:00:00+09:00,2464.0,2464.0,2411.0,2420.0,2800,0.0,0.0
2026-04-21 00:00:00+09:00,2442.0,2474.0,2400.0,2424.0,10600,0.0,0.0
2026-04-22 00:00:00+09:00,2424.0,2432.0,2404.0,2431.0,5900,0.0,0.0
2026-04-23 00:00:00+09:00,2420.0,2446.0,2375.0,2388.0,5700,0.0,0.0
2026-04-24 00:00:00+09:00,2373.0,2413.0,2345.0,2413.0,5200,0.0,0.0
2026-04-27 00:00:00+09:00,2363.0,2385.0,2322.0,2324.0,7000,0.0,0.0
2026-04-28 00:00:00+09:00,2337.0,2359.0,2290.0,2335.0,4900,0.0,0.0
2026-04-30 00:00:00+09:00,2321.0,2321.0,2250.0,2276.0,3300,0.0,0.0
2026-05-01 00:00:00+09:00,2272.0,2272.0,2189.0,2222.0,11300,0.0,0.0
2026-05-07 00:00:00+09:00,2223.0,2335.0,2220.0,2280.0,14000,0.0,0.0
2026-05-08 00:00:00+09:00,2280.0,2280.0,2238.0,2244.0,9600,0.0,0.0
2026-05-11 00:00:00+09:00,2226.0,2274.0,2220.0,2220.0,11000,0.0,0.0
2026-05-12 00:00:00+09:00,2219.0,2239.0,2216.0,2236.0,5800,0.0,0.0
2026-05-13 00:00:00+09:00,2221.0,2221.0,2171.0,2186.0,10900,0.0,0.0
2026-05-14 00:00:00+09:00,2198.0,2210.0,2163.0,2163.0,3200,0.0,0.0
2026-05-15 00:00:00+09:00,1923.0,1938.0,1663.0,1743.0,257800,0.0,0.0
2026-05-18 00:00:00+09:00,1816.0,1836.0,1648.0,1754.0,108500,0.0,0.0
2026-05-19 00:00:00+09:00,1743.0,1767.0,1728.0,1744.0,39900,0.0,0.0
2026-05-20 00:00:00+09:00,1748.0,1756.0,1736.0,1736.0,16600,0.0,0.0
2026-05-21 00:00:00+09:00,1755.0,1759.0,1665.0,1737.0,30600,0.0,0.0
2026-05-22 00:00:00+09:00,1757.0,1763.0,1743.0,1752.0,3900,0.0,0.0
2026-05-25 00:00:00+09:00,1770.0,1781.0,1749.0,1762.0,19800,0.0,0.0
2026-05-26 00:00:00+09:00,1782.0,1798.0,1758.0,1767.0,12500,0.0,0.0
2026-05-27 00:00:00+09:00,1767.0,1767.0,1731.0,1731.0,12100,0.0,0.0
2026-05-28 00:00:00+09:00,1765.0,1811.0,1765.0,1783.0,16500,0.0,0.0
2026-05-29 00:00:00+09:00,1780.0,1780.0,1751.0,1780.0,6200,0.0,0.0
