Date,Open,High,Low,Close,Volume,Dividends,Stock Splits
2012-08-03 00:00:00-04:00,41.08000183105469,41.08000183105469,41.08000183105469,41.08000183105469,0,0.0,0.0
2012-08-06 00:00:00-04:00,41.08000183105469,41.08000183105469,41.08000183105469,41.08000183105469,0,0.0,0.0
2012-08-07 00:00:00-04:00,44.939998626708984,44.939998626708984,44.18000030517578,44.18000030517578,740,0.0,0.0
2012-08-08 00:00:00-04:00,44.18000030517578,44.18000030517578,44.18000030517578,44.18000030517578,0,0.0,0.0
2012-08-09 00:00:00-04:00,44.18000030517578,44.18000030517578,44.18000030517578,44.18000030517578,0,0.0,0.0
2012-08-10 00:00:00-04:00,44.18000030517578,44.18000030517578,44.18000030517578,44.18000030517578,0,0.0,0.0
2012-08-13 00:00:00-04:00,44.18000030517578,44.18000030517578,44.18000030517578,44.18000030517578,0,0.0,0.0
2012-08-14 00:00:00-04:00,44.18000030517578,44.18000030517578,44.18000030517578,44.18000030517578,0,0.0,0.0
2012-08-15 00:00:00-04:00,44.18000030517578,44.18000030517578,44.18000030517578,44.18000030517578,0,0.0,0.0
2012-08-16 00:00:00-04:00,44.18000030517578,44.18000030517578,44.18000030517578,44.18000030517578,0,0.0,0.0
2012-08-17 00:00:00-04:00,44.18000030517578,44.18000030517578,44.18000030517578,44.18000030517578,0,0.0,0.0
2012-08-20 00:00:00-04:00,44.18000030517578,44.18000030517578,44.18000030517578,44.18000030517578,0,0.0,0.0
2012-08-21 00:00:00-04:00,44.18000030517578,44.18000030517578,44.18000030517578,44.18000030517578,0,0.0,0.0
2012-08-22 00:00:00-04:00,36.2599983215332,36.2599983215332,36.040000915527344,36.040000915527344,250,0.0,0.0
2012-08-23 00:00:00-04:00,36.040000915527344,36.040000915527344,36.040000915527344,36.040000915527344,0,0.0,0.0
2012-08-24 00:00:00-04:00,36.040000915527344,36.040000915527344,36.040000915527344,36.040000915527344,0,0.0,0.0
2012-08-27 00:00:00-04:00,36.560001373291016,37.15999984741211,36.560001373291016,37.15999984741211,250,0.0,0.0
2012-08-28 00:00:00-04:00,37.15999984741211,37.15999984741211,37.15999984741211,37.15999984741211,0,0.0,0.0
2012-08-29 00:00:00-04:00,37.15999984741211,37.15999984741211,37.15999984741211,37.15999984741211,0,0.0,0.0
2012-08-30 00:00:00-04:00,35.880001068115234,35.880001068115234,35.880001068115234,35.880001068115234,250,0.0,0.0
2012-08-31 00:00:00-04:00,35.880001068115234,35.880001068115234,35.880001068115234,35.880001068115234,0,0.0,0.0
2012-09-04 00:00:00-04:00,35.880001068115234,35.880001068115234,35.880001068115234,35.880001068115234,0,0.0,0.0
2012-09-05 00:00:00-04:00,35.880001068115234,35.880001068115234,35.880001068115234,35.880001068115234,0,0.0,0.0
2012-09-06 00:00:00-04:00,35.880001068115234,35.880001068115234,35.880001068115234,35.880001068115234,0,0.0,0.0
2012-09-07 00:00:00-04:00,35.880001068115234,35.880001068115234,35.880001068115234,35.880001068115234,0,0.0,0.0
2012-09-10 00:00:00-04:00,35.880001068115234,35.880001068115234,35.880001068115234,35.880001068115234,0,0.0,0.0
2012-09-11 00:00:00-04:00,35.880001068115234,35.880001068115234,35.880001068115234,35.880001068115234,0,0.0,0.0
2012-09-12 00:00:00-04:00,37.97999954223633,37.97999954223633,37.97999954223633,37.97999954223633,40,0.0,0.0
2012-09-13 00:00:00-04:00,37.97999954223633,37.97999954223633,37.97999954223633,37.97999954223633,0,0.0,0.0
2012-09-14 00:00:00-04:00,37.97999954223633,37.97999954223633,37.97999954223633,37.97999954223633,0,0.0,0.0
2012-09-17 00:00:00-04:00,37.97999954223633,37.97999954223633,37.97999954223633,37.97999954223633,0,0.0,0.0
2012-09-18 00:00:00-04:00,37.97999954223633,37.97999954223633,37.97999954223633,37.97999954223633,0,0.0,0.0
2012-09-19 00:00:00-04:00,37.97999954223633,37.97999954223633,37.97999954223633,37.97999954223633,0,0.0,0.0
2012-09-20 00:00:00-04:00,37.97999954223633,37.97999954223633,37.97999954223633,37.97999954223633,0,0.0,0.0
2012-09-21 00:00:00-04:00,37.97999954223633,37.97999954223633,37.97999954223633,37.97999954223633,0,0.0,0.0
2012-09-24 00:00:00-04:00,37.97999954223633,37.97999954223633,37.97999954223633,37.97999954223633,0,0.0,0.0
2012-09-25 00:00:00-04:00,37.97999954223633,37.97999954223633,37.97999954223633,37.97999954223633,0,0.0,0.0
2012-09-26 00:00:00-04:00,37.97999954223633,37.97999954223633,37.97999954223633,37.97999954223633,0,0.0,0.0
2012-09-27 00:00:00-04:00,37.97999954223633,37.97999954223633,37.97999954223633,37.97999954223633,0,0.0,0.0
2012-09-28 00:00:00-04:00,37.97999954223633,37.97999954223633,37.97999954223633,37.97999954223633,0,0.0,0.0
2012-10-01 00:00:00-04:00,37.97999954223633,37.97999954223633,37.97999954223633,37.97999954223633,0,0.0,0.0
2012-10-02 00:00:00-04:00,37.97999954223633,37.97999954223633,37.97999954223633,37.97999954223633,0,0.0,0.0
2012-10-03 00:00:00-04:00,37.97999954223633,37.97999954223633,37.97999954223633,37.97999954223633,0,0.0,0.0
2012-10-04 00:00:00-04:00,37.97999954223633,37.97999954223633,37.97999954223633,37.97999954223633,0,0.0,0.0
2012-10-05 00:00:00-04:00,36.0,36.0,36.0,36.0,270,0.0,0.0
2012-10-08 00:00:00-04:00,36.0,36.0,36.0,36.0,0,0.0,0.0
2012-10-09 00:00:00-04:00,36.0,36.0,36.0,36.0,0,0.0,0.0
2012-10-10 00:00:00-04:00,36.0,36.0,36.0,36.0,0,0.0,0.0
2012-10-11 00:00:00-04:00,36.0,36.0,36.0,36.0,0,0.0,0.0
2012-10-12 00:00:00-04:00,36.0,36.0,36.0,36.0,0,0.0,0.0
2012-10-15 00:00:00-04:00,36.0,36.0,36.0,36.0,0,0.0,0.0
2012-10-16 00:00:00-04:00,37.47999954223633,37.68000030517578,37.47999954223633,37.47999954223633,100,0.0,0.0
2012-10-17 00:00:00-04:00,37.91999816894531,37.91999816894531,37.91999816894531,37.91999816894531,300,0.0,0.0
2012-10-18 00:00:00-04:00,37.91999816894531,37.91999816894531,37.91999816894531,37.91999816894531,0,0.0,0.0
2012-10-19 00:00:00-04:00,37.91999816894531,37.91999816894531,37.91999816894531,37.91999816894531,0,0.0,0.0
2012-10-22 00:00:00-04:00,37.91999816894531,37.91999816894531,37.91999816894531,37.91999816894531,0,0.0,0.0
2012-10-23 00:00:00-04:00,35.47999954223633,35.47999954223633,35.47999954223633,35.47999954223633,50,0.0,0.0
2012-10-24 00:00:00-04:00,35.47999954223633,35.47999954223633,35.47999954223633,35.47999954223633,0,0.0,0.0
2012-10-25 00:00:00-04:00,35.47999954223633,35.47999954223633,35.47999954223633,35.47999954223633,0,0.0,0.0
2012-10-26 00:00:00-04:00,35.380001068115234,35.380001068115234,35.380001068115234,35.380001068115234,135,0.0,0.0
2012-10-31 00:00:00-04:00,35.380001068115234,35.380001068115234,35.380001068115234,35.380001068115234,0,0.0,0.0
2012-11-01 00:00:00-04:00,33.040000915527344,33.040000915527344,33.040000915527344,33.040000915527344,50,0.0,0.0
2012-11-02 00:00:00-04:00,33.040000915527344,33.040000915527344,33.040000915527344,33.040000915527344,0,0.0,0.0
2012-11-05 00:00:00-05:00,32.91999816894531,35.720001220703125,32.91999816894531,35.720001220703125,150,0.0,0.0
2012-11-06 00:00:00-05:00,35.720001220703125,35.720001220703125,35.720001220703125,35.720001220703125,0,0.0,0.0
2012-11-07 00:00:00-05:00,29.3799991607666,29.3799991607666,27.139999389648438,27.139999389648438,750,0.0,0.0
2012-11-08 00:00:00-05:00,27.139999389648438,27.139999389648438,27.139999389648438,27.139999389648438,0,0.0,0.0
2012-11-09 00:00:00-05:00,27.139999389648438,27.139999389648438,27.139999389648438,27.139999389648438,0,0.0,0.0
2012-11-12 00:00:00-05:00,27.0,27.0,27.0,27.0,50,0.0,0.0
2012-11-13 00:00:00-05:00,27.760000228881836,27.760000228881836,27.760000228881836,27.760000228881836,50,0.0,0.0
2012-11-14 00:00:00-05:00,29.579999923706055,29.579999923706055,29.579999923706055,29.579999923706055,50,0.0,0.0
2012-11-15 00:00:00-05:00,27.959999084472656,27.959999084472656,26.719999313354492,26.719999313354492,150,0.0,0.0
2012-11-16 00:00:00-05:00,26.979999542236328,26.979999542236328,26.780000686645508,26.780000686645508,50,0.0,0.0
2012-11-19 00:00:00-05:00,27.899999618530273,27.899999618530273,27.899999618530273,27.899999618530273,50,0.0,0.0
2012-11-20 00:00:00-05:00,27.899999618530273,27.899999618530273,27.899999618530273,27.899999618530273,50,0.0,0.0
2012-11-21 00:00:00-05:00,27.899999618530273,27.899999618530273,27.899999618530273,27.899999618530273,0,0.0,0.0
2012-11-23 00:00:00-05:00,26.31999969482422,26.31999969482422,26.31999969482422,26.31999969482422,50,0.0,0.0
2012-11-26 00:00:00-05:00,27.15999984741211,27.15999984741211,27.15999984741211,27.15999984741211,50,0.0,0.0
2012-11-27 00:00:00-05:00,27.15999984741211,27.15999984741211,27.15999984741211,27.15999984741211,0,0.0,0.0
2012-11-28 00:00:00-05:00,27.15999984741211,27.15999984741211,27.15999984741211,27.15999984741211,0,0.0,0.0
2012-11-29 00:00:00-05:00,27.15999984741211,27.15999984741211,27.15999984741211,27.15999984741211,0,0.0,0.0
2012-11-30 00:00:00-05:00,23.672000885009766,23.676000595092773,23.672000885009766,23.676000595092773,105,0.0,0.0
2012-12-03 00:00:00-05:00,24.139999389648438,24.139999389648438,24.139999389648438,24.139999389648438,50,0.0,0.0
2012-12-04 00:00:00-05:00,24.18000030517578,24.18000030517578,24.18000030517578,24.18000030517578,50,0.0,0.0
2012-12-05 00:00:00-05:00,20.540000915527344,20.540000915527344,20.540000915527344,20.540000915527344,100,0.0,0.0
2012-12-06 00:00:00-05:00,20.540000915527344,20.540000915527344,20.540000915527344,20.540000915527344,0,0.0,0.0
2012-12-07 00:00:00-05:00,20.540000915527344,20.540000915527344,20.540000915527344,20.540000915527344,0,0.0,0.0
2012-12-10 00:00:00-05:00,22.100000381469727,24.739999771118164,22.100000381469727,24.739999771118164,350,0.0,0.0
2012-12-11 00:00:00-05:00,24.739999771118164,24.739999771118164,24.739999771118164,24.739999771118164,0,0.0,0.0
2012-12-12 00:00:00-05:00,23.540000915527344,23.540000915527344,23.540000915527344,23.540000915527344,50,0.0,0.0
2012-12-13 00:00:00-05:00,23.959999084472656,23.959999084472656,23.139999389648438,23.139999389648438,50,0.0,0.0
2012-12-14 00:00:00-05:00,23.139999389648438,23.139999389648438,23.139999389648438,23.139999389648438,0,0.0,0.0
2012-12-17 00:00:00-05:00,23.139999389648438,23.139999389648438,23.139999389648438,23.139999389648438,0,0.0,0.0
2012-12-18 00:00:00-05:00,23.139999389648438,23.139999389648438,23.139999389648438,23.139999389648438,0,0.0,0.0
2012-12-19 00:00:00-05:00,23.139999389648438,23.139999389648438,23.139999389648438,23.139999389648438,0,0.0,0.0
2012-12-20 00:00:00-05:00,23.139999389648438,23.139999389648438,23.139999389648438,23.139999389648438,0,0.0,0.0
2012-12-21 00:00:00-05:00,23.139999389648438,23.139999389648438,23.139999389648438,23.139999389648438,0,0.0,0.0
2012-12-24 00:00:00-05:00,23.139999389648438,23.139999389648438,23.139999389648438,23.139999389648438,0,0.0,0.0
2012-12-26 00:00:00-05:00,23.139999389648438,23.139999389648438,23.139999389648438,23.139999389648438,0,0.0,0.0
2012-12-27 00:00:00-05:00,23.139999389648438,23.139999389648438,23.139999389648438,23.139999389648438,0,0.0,0.0
2012-12-28 00:00:00-05:00,23.139999389648438,23.139999389648438,23.139999389648438,23.139999389648438,0,0.0,0.0
2012-12-31 00:00:00-05:00,23.139999389648438,23.139999389648438,23.139999389648438,23.139999389648438,0,0.0,0.0
2013-01-02 00:00:00-05:00,23.139999389648438,23.139999389648438,23.139999389648438,23.139999389648438,0,0.0,0.0
2013-01-03 00:00:00-05:00,23.139999389648438,23.139999389648438,23.139999389648438,23.139999389648438,0,0.0,0.0
2013-01-04 00:00:00-05:00,23.139999389648438,23.139999389648438,23.139999389648438,23.139999389648438,0,0.0,0.0
2013-01-07 00:00:00-05:00,23.139999389648438,23.139999389648438,23.139999389648438,23.139999389648438,0,0.0,0.0
2013-01-08 00:00:00-05:00,23.520000457763672,23.540000915527344,23.079999923706055,23.079999923706055,250,0.0,0.0
2013-01-09 00:00:00-05:00,24.1200008392334,24.1200008392334,23.920000076293945,23.920000076293945,150,0.0,0.0
2013-01-10 00:00:00-05:00,26.360000610351562,26.360000610351562,25.360000610351562,25.360000610351562,700,0.0,0.0
2013-01-11 00:00:00-05:00,23.200000762939453,23.219999313354492,23.200000762939453,23.219999313354492,100,0.0,0.0
2013-01-14 00:00:00-05:00,23.360000610351562,23.360000610351562,23.34000015258789,23.34000015258789,100,0.0,0.0
2013-01-15 00:00:00-05:00,23.139999389648438,23.139999389648438,23.139999389648438,23.139999389648438,100,0.0,0.0
2013-01-16 00:00:00-05:00,23.016000747680664,23.04199981689453,23.016000747680664,23.027999877929688,2020,0.0,0.0
2013-01-17 00:00:00-05:00,23.04800033569336,23.04800033569336,23.04400062561035,23.04400062561035,480,0.0,0.0
2013-01-18 00:00:00-05:00,22.0,22.0,21.15999984741211,21.15999984741211,310,0.0,0.0
2013-01-22 00:00:00-05:00,20.139999389648438,20.43600082397461,19.239999771118164,19.940000534057617,1500,0.0,0.0
2013-01-23 00:00:00-05:00,20.219999313354492,20.219999313354492,20.219999313354492,20.219999313354492,250,0.0,0.0
2013-01-24 00:00:00-05:00,19.850000381469727,19.851999282836914,19.83799934387207,19.851999282836914,330,0.0,0.0
2013-01-25 00:00:00-05:00,19.95599937438965,19.95599937438965,19.95599937438965,19.95599937438965,170,0.0,0.0
2013-01-28 00:00:00-05:00,19.520000457763672,19.520000457763672,16.20599937438965,17.799999237060547,3160,0.0,0.0
2013-01-29 00:00:00-05:00,17.961999893188477,17.969999313354492,17.961999893188477,17.969999313354492,2450,0.0,0.0
2013-01-30 00:00:00-05:00,19.84000015258789,19.84000015258789,19.84000015258789,19.84000015258789,250,0.0,0.0
2013-01-31 00:00:00-05:00,19.84000015258789,19.84000015258789,19.84000015258789,19.84000015258789,0,0.0,0.0
2013-02-01 00:00:00-05:00,19.84000015258789,19.84000015258789,19.84000015258789,19.84000015258789,0,0.0,0.0
2013-02-04 00:00:00-05:00,19.84000015258789,19.84000015258789,19.84000015258789,19.84000015258789,0,0.0,0.0
2013-02-05 00:00:00-05:00,18.520000457763672,18.520000457763672,18.520000457763672,18.520000457763672,250,0.0,0.0
2013-02-06 00:00:00-05:00,18.520000457763672,18.520000457763672,18.520000457763672,18.520000457763672,0,0.0,0.0
2013-02-07 00:00:00-05:00,18.520000457763672,18.520000457763672,18.520000457763672,18.520000457763672,0,0.0,0.0
2013-02-08 00:00:00-05:00,18.520000457763672,18.520000457763672,18.520000457763672,18.520000457763672,0,0.0,0.0
2013-02-11 00:00:00-05:00,21.239999771118164,21.920000076293945,21.239999771118164,21.920000076293945,625,0.0,0.0
2013-02-12 00:00:00-05:00,22.899999618530273,22.959999084472656,22.760000228881836,22.959999084472656,1385,0.0,0.0
2013-02-13 00:00:00-05:00,22.959999084472656,22.959999084472656,22.959999084472656,22.959999084472656,0,0.0,0.0
2013-02-14 00:00:00-05:00,22.959999084472656,22.959999084472656,22.959999084472656,22.959999084472656,0,0.0,0.0
2013-02-15 00:00:00-05:00,22.260000228881836,22.260000228881836,22.260000228881836,22.260000228881836,50,0.0,0.0
2013-02-19 00:00:00-05:00,22.260000228881836,22.260000228881836,22.260000228881836,22.260000228881836,0,0.0,0.0
2013-02-20 00:00:00-05:00,22.260000228881836,22.260000228881836,22.260000228881836,22.260000228881836,0,0.0,0.0
2013-02-21 00:00:00-05:00,22.260000228881836,22.260000228881836,22.260000228881836,22.260000228881836,0,0.0,0.0
2013-02-22 00:00:00-05:00,19.459999084472656,19.479999542236328,19.459999084472656,19.479999542236328,50,0.0,0.0
2013-02-25 00:00:00-05:00,19.479999542236328,19.479999542236328,19.479999542236328,19.479999542236328,0,0.0,0.0
2013-02-26 00:00:00-05:00,19.479999542236328,19.479999542236328,19.479999542236328,19.479999542236328,0,0.0,0.0
2013-02-27 00:00:00-05:00,17.5939998626709,19.57200050354004,17.5939998626709,19.57200050354004,2250,0.0,0.0
2013-02-28 00:00:00-05:00,19.50200080871582,19.50200080871582,19.49799919128418,19.50200080871582,2050,0.0,0.0
2013-03-01 00:00:00-05:00,19.50200080871582,19.50200080871582,19.50200080871582,19.50200080871582,0,0.0,0.0
2013-03-04 00:00:00-05:00,19.50200080871582,19.50200080871582,19.50200080871582,19.50200080871582,0,0.0,0.0
2013-03-05 00:00:00-05:00,19.50200080871582,19.50200080871582,19.50200080871582,19.50200080871582,0,0.0,0.0
2013-03-06 00:00:00-05:00,19.50200080871582,19.50200080871582,19.50200080871582,19.50200080871582,0,0.0,0.0
2013-03-07 00:00:00-05:00,17.559999465942383,17.559999465942383,17.559999465942383,17.559999465942383,245,0.0,0.0
2013-03-08 00:00:00-05:00,17.559999465942383,17.559999465942383,17.559999465942383,17.559999465942383,0,0.0,0.0
2013-03-11 00:00:00-04:00,17.559999465942383,17.559999465942383,17.559999465942383,17.559999465942383,0,0.0,0.0
2013-03-12 00:00:00-04:00,17.559999465942383,17.559999465942383,17.559999465942383,17.559999465942383,0,0.0,0.0
2013-03-13 00:00:00-04:00,17.559999465942383,17.559999465942383,17.559999465942383,17.559999465942383,0,0.0,0.0
2013-03-14 00:00:00-04:00,17.559999465942383,17.559999465942383,17.559999465942383,17.559999465942383,0,0.0,0.0
2013-03-15 00:00:00-04:00,17.559999465942383,17.559999465942383,17.559999465942383,17.559999465942383,0,0.0,0.0
2013-03-18 00:00:00-04:00,17.559999465942383,17.559999465942383,17.559999465942383,17.559999465942383,0,0.0,0.0
2013-03-19 00:00:00-04:00,17.559999465942383,17.559999465942383,17.559999465942383,17.559999465942383,0,0.0,0.0
2013-03-20 00:00:00-04:00,17.559999465942383,17.559999465942383,17.559999465942383,17.559999465942383,0,0.0,0.0
2013-03-21 00:00:00-04:00,17.559999465942383,17.559999465942383,17.559999465942383,17.559999465942383,0,0.0,0.0
2013-03-22 00:00:00-04:00,17.559999465942383,17.559999465942383,17.559999465942383,17.559999465942383,0,0.0,0.0
2013-03-25 00:00:00-04:00,17.559999465942383,17.559999465942383,17.559999465942383,17.559999465942383,0,0.0,0.0
2013-03-26 00:00:00-04:00,17.559999465942383,17.559999465942383,17.559999465942383,17.559999465942383,0,0.0,0.0
2013-03-27 00:00:00-04:00,17.559999465942383,17.559999465942383,17.559999465942383,17.559999465942383,0,0.0,0.0
2013-03-28 00:00:00-04:00,17.559999465942383,17.559999465942383,17.559999465942383,17.559999465942383,0,0.0,0.0
2013-04-01 00:00:00-04:00,17.559999465942383,17.559999465942383,17.559999465942383,17.559999465942383,0,0.0,0.0
2013-04-02 00:00:00-04:00,17.559999465942383,17.559999465942383,17.559999465942383,17.559999465942383,0,0.0,0.0
2013-04-03 00:00:00-04:00,17.559999465942383,17.559999465942383,17.559999465942383,17.559999465942383,0,0.0,0.0
2013-04-04 00:00:00-04:00,17.559999465942383,17.559999465942383,17.559999465942383,17.559999465942383,0,0.0,0.0
2013-04-05 00:00:00-04:00,16.97800064086914,16.979999542236328,16.97800064086914,16.979999542236328,500,0.0,0.0
2013-04-08 00:00:00-04:00,17.516000747680664,17.54199981689453,17.516000747680664,17.54199981689453,150,0.0,0.0
2013-04-09 00:00:00-04:00,17.54199981689453,17.54199981689453,17.54199981689453,17.54199981689453,0,0.0,0.0
2013-04-10 00:00:00-04:00,17.54199981689453,17.54199981689453,17.54199981689453,17.54199981689453,0,0.0,0.0
2013-04-11 00:00:00-04:00,17.54199981689453,17.54199981689453,17.54199981689453,17.54199981689453,0,0.0,0.0
2013-04-12 00:00:00-04:00,17.54199981689453,17.54199981689453,17.54199981689453,17.54199981689453,0,0.0,0.0
2013-04-15 00:00:00-04:00,17.54199981689453,17.54199981689453,17.54199981689453,17.54199981689453,0,0.0,0.0
2013-04-16 00:00:00-04:00,17.54199981689453,17.54199981689453,17.54199981689453,17.54199981689453,0,0.0,0.0
2013-04-17 00:00:00-04:00,17.54199981689453,17.54199981689453,17.54199981689453,17.54199981689453,0,0.0,0.0
2013-04-18 00:00:00-04:00,17.54199981689453,17.54199981689453,17.54199981689453,17.54199981689453,0,0.0,0.0
2013-04-19 00:00:00-04:00,17.54199981689453,17.54199981689453,17.54199981689453,17.54199981689453,0,0.0,0.0
2013-04-22 00:00:00-04:00,17.54199981689453,17.54199981689453,17.54199981689453,17.54199981689453,0,0.0,0.0
2013-04-23 00:00:00-04:00,17.54199981689453,17.54199981689453,17.54199981689453,17.54199981689453,0,0.0,0.0
2013-04-24 00:00:00-04:00,17.54199981689453,17.54199981689453,17.54199981689453,17.54199981689453,0,0.0,0.0
2013-04-25 00:00:00-04:00,17.54199981689453,17.54199981689453,17.54199981689453,17.54199981689453,0,0.0,0.0
2013-04-26 00:00:00-04:00,17.54199981689453,17.54199981689453,17.54199981689453,17.54199981689453,0,0.0,0.0
2013-04-29 00:00:00-04:00,17.54199981689453,17.54199981689453,17.54199981689453,17.54199981689453,0,0.0,0.0
2013-04-30 00:00:00-04:00,17.54199981689453,17.54199981689453,17.54199981689453,17.54199981689453,0,0.0,0.0
2013-05-01 00:00:00-04:00,17.95800018310547,18.0,17.95800018310547,17.97800064086914,875,0.0,0.0
2013-05-02 00:00:00-04:00,17.97800064086914,17.97800064086914,17.97800064086914,17.97800064086914,0,0.0,0.0
2013-05-03 00:00:00-04:00,17.97800064086914,17.97800064086914,17.97800064086914,17.97800064086914,0,0.0,0.0
2013-05-06 00:00:00-04:00,17.97800064086914,17.97800064086914,17.97800064086914,17.97800064086914,0,0.0,0.0
2013-05-07 00:00:00-04:00,17.97800064086914,17.97800064086914,17.97800064086914,17.97800064086914,0,0.0,0.0
2013-05-08 00:00:00-04:00,17.97800064086914,17.97800064086914,17.97800064086914,17.97800064086914,0,0.0,0.0
2013-05-09 00:00:00-04:00,17.97800064086914,17.97800064086914,17.97800064086914,17.97800064086914,0,0.0,0.0
2013-05-10 00:00:00-04:00,17.97800064086914,17.97800064086914,17.97800064086914,17.97800064086914,0,0.0,0.0
2013-05-13 00:00:00-04:00,17.97800064086914,17.97800064086914,17.97800064086914,17.97800064086914,0,0.0,0.0
2013-05-14 00:00:00-04:00,17.97800064086914,17.97800064086914,17.97800064086914,17.97800064086914,0,0.0,0.0
2013-05-15 00:00:00-04:00,17.97800064086914,17.97800064086914,17.97800064086914,17.97800064086914,0,0.0,0.0
2013-05-16 00:00:00-04:00,17.97800064086914,17.97800064086914,17.97800064086914,17.97800064086914,0,0.0,0.0
2013-05-17 00:00:00-04:00,17.97800064086914,17.97800064086914,17.97800064086914,17.97800064086914,0,0.0,0.0
2013-05-20 00:00:00-04:00,17.97800064086914,17.97800064086914,17.97800064086914,17.97800064086914,0,0.0,0.0
2013-05-21 00:00:00-04:00,17.97800064086914,17.97800064086914,17.97800064086914,17.97800064086914,0,0.0,0.0
2013-05-22 00:00:00-04:00,19.190000534057617,19.190000534057617,19.190000534057617,19.190000534057617,60,0.0,0.0
2013-05-23 00:00:00-04:00,19.190000534057617,19.190000534057617,19.190000534057617,19.190000534057617,0,0.0,0.0
2013-05-24 00:00:00-04:00,20.549999237060547,20.549999237060547,20.549999237060547,20.549999237060547,500,0.0,0.0
2013-05-28 00:00:00-04:00,20.549999237060547,20.549999237060547,20.549999237060547,20.549999237060547,0,0.0,0.0
2013-05-29 00:00:00-04:00,20.549999237060547,20.549999237060547,20.549999237060547,20.549999237060547,0,0.0,0.0
2013-05-30 00:00:00-04:00,18.917999267578125,18.917999267578125,18.535999298095703,18.535999298095703,110,0.0,0.0
2013-05-31 00:00:00-04:00,18.535999298095703,18.535999298095703,18.535999298095703,18.535999298095703,0,0.0,0.0
2013-06-03 00:00:00-04:00,18.535999298095703,18.535999298095703,18.535999298095703,18.535999298095703,0,0.0,0.0
2013-06-04 00:00:00-04:00,18.535999298095703,18.535999298095703,18.535999298095703,18.535999298095703,0,0.0,0.0
2013-06-05 00:00:00-04:00,18.535999298095703,18.535999298095703,18.535999298095703,18.535999298095703,0,0.0,0.0
2013-06-06 00:00:00-04:00,18.535999298095703,18.535999298095703,18.535999298095703,18.535999298095703,0,0.0,0.0
2013-06-07 00:00:00-04:00,18.535999298095703,18.535999298095703,18.535999298095703,18.535999298095703,0,0.0,0.0
2013-06-10 00:00:00-04:00,18.535999298095703,18.535999298095703,18.535999298095703,18.535999298095703,0,0.0,0.0
2013-06-11 00:00:00-04:00,18.535999298095703,18.535999298095703,18.535999298095703,18.535999298095703,0,0.0,0.0
2013-06-12 00:00:00-04:00,18.535999298095703,18.535999298095703,18.535999298095703,18.535999298095703,0,0.0,0.0
2013-06-13 00:00:00-04:00,18.535999298095703,18.535999298095703,18.535999298095703,18.535999298095703,0,0.0,0.0
2013-06-14 00:00:00-04:00,18.535999298095703,18.535999298095703,18.535999298095703,18.535999298095703,0,0.0,0.0
2013-06-17 00:00:00-04:00,18.535999298095703,18.535999298095703,18.535999298095703,18.535999298095703,0,0.0,0.0
2013-06-18 00:00:00-04:00,18.535999298095703,18.535999298095703,18.535999298095703,18.535999298095703,0,0.0,0.0
2013-06-19 00:00:00-04:00,23.167999267578125,23.167999267578125,23.167999267578125,23.167999267578125,250,0.0,0.0
2013-06-20 00:00:00-04:00,20.642000198364258,20.642000198364258,20.634000778198242,20.642000198364258,785,0.0,0.0
2013-06-21 00:00:00-04:00,21.0939998626709,21.486000061035156,20.676000595092773,20.676000595092773,1850,0.0,0.0
2013-06-24 00:00:00-04:00,20.66200065612793,20.715999603271484,20.66200065612793,20.715999603271484,315,0.0,0.0
2013-06-25 00:00:00-04:00,20.715999603271484,20.715999603271484,20.715999603271484,20.715999603271484,0,0.0,0.0
2013-06-26 00:00:00-04:00,20.22599983215332,20.22599983215332,19.8439998626709,19.8439998626709,100,0.0,0.0
2013-06-27 00:00:00-04:00,19.8439998626709,19.8439998626709,19.8439998626709,19.8439998626709,0,0.0,0.0
2013-06-28 00:00:00-04:00,19.8439998626709,19.8439998626709,19.8439998626709,19.8439998626709,0,0.0,0.0
2013-07-01 00:00:00-04:00,19.8439998626709,19.8439998626709,19.8439998626709,19.8439998626709,0,0.0,0.0
2013-07-02 00:00:00-04:00,19.8439998626709,19.8439998626709,19.8439998626709,19.8439998626709,0,0.0,0.0
2013-07-03 00:00:00-04:00,19.8439998626709,19.8439998626709,19.8439998626709,19.8439998626709,0,0.0,0.0
2013-07-05 00:00:00-04:00,19.8439998626709,19.8439998626709,19.8439998626709,19.8439998626709,0,0.0,0.0
2013-07-08 00:00:00-04:00,19.8439998626709,19.8439998626709,19.8439998626709,19.8439998626709,0,0.0,0.0
2013-07-09 00:00:00-04:00,19.8439998626709,19.8439998626709,19.8439998626709,19.8439998626709,0,0.0,0.0
2013-07-10 00:00:00-04:00,19.8439998626709,19.8439998626709,19.8439998626709,19.8439998626709,0,0.0,0.0
2013-07-11 00:00:00-04:00,19.8439998626709,19.8439998626709,19.8439998626709,19.8439998626709,0,0.0,0.0
2013-07-12 00:00:00-04:00,19.549999237060547,19.549999237060547,19.549999237060547,19.549999237060547,250,0.0,0.0
2013-07-15 00:00:00-04:00,17.959999084472656,17.959999084472656,17.959999084472656,17.959999084472656,5,0.0,0.0
2013-07-16 00:00:00-04:00,17.959999084472656,17.959999084472656,17.959999084472656,17.959999084472656,0,0.0,0.0
2013-07-17 00:00:00-04:00,17.959999084472656,17.959999084472656,17.959999084472656,17.959999084472656,0,0.0,0.0
2013-07-18 00:00:00-04:00,17.959999084472656,17.959999084472656,17.959999084472656,17.959999084472656,0,0.0,0.0
2013-07-19 00:00:00-04:00,17.959999084472656,17.959999084472656,17.959999084472656,17.959999084472656,0,0.0,0.0
2013-07-22 00:00:00-04:00,17.959999084472656,17.959999084472656,17.959999084472656,17.959999084472656,0,0.0,0.0
2013-07-23 00:00:00-04:00,17.959999084472656,17.959999084472656,17.959999084472656,17.959999084472656,0,0.0,0.0
2013-07-24 00:00:00-04:00,17.959999084472656,17.959999084472656,17.959999084472656,17.959999084472656,0,0.0,0.0
2013-07-25 00:00:00-04:00,17.959999084472656,17.959999084472656,17.959999084472656,17.959999084472656,0,0.0,0.0
2013-07-26 00:00:00-04:00,17.959999084472656,17.959999084472656,17.959999084472656,17.959999084472656,0,0.0,0.0
2013-07-29 00:00:00-04:00,17.959999084472656,17.959999084472656,17.959999084472656,17.959999084472656,0,0.0,0.0
2013-07-30 00:00:00-04:00,17.959999084472656,17.959999084472656,17.959999084472656,17.959999084472656,0,0.0,0.0
2013-07-31 00:00:00-04:00,17.959999084472656,17.959999084472656,17.959999084472656,17.959999084472656,0,0.0,0.0
2013-08-01 00:00:00-04:00,17.959999084472656,17.959999084472656,17.959999084472656,17.959999084472656,0,0.0,0.0
2013-08-02 00:00:00-04:00,20.615999221801758,20.615999221801758,20.615999221801758,20.615999221801758,400,0.0,0.0
2013-08-05 00:00:00-04:00,20.615999221801758,20.615999221801758,20.615999221801758,20.615999221801758,0,0.0,0.0
2013-08-06 00:00:00-04:00,21.29599952697754,21.29599952697754,21.29599952697754,21.29599952697754,25,0.0,0.0
2013-08-07 00:00:00-04:00,21.29599952697754,21.29599952697754,21.29599952697754,21.29599952697754,0,0.0,0.0
2013-08-08 00:00:00-04:00,21.29599952697754,21.29599952697754,21.29599952697754,21.29599952697754,0,0.0,0.0
2013-08-09 00:00:00-04:00,21.29599952697754,21.29599952697754,21.29599952697754,21.29599952697754,0,0.0,0.0
2013-08-12 00:00:00-04:00,21.29599952697754,21.29599952697754,21.29599952697754,21.29599952697754,0,0.0,0.0
2013-08-13 00:00:00-04:00,21.29599952697754,21.29599952697754,21.29599952697754,21.29599952697754,0,0.0,0.0
2013-08-14 00:00:00-04:00,21.29599952697754,21.29599952697754,21.29599952697754,21.29599952697754,0,0.0,0.0
2013-08-15 00:00:00-04:00,21.29599952697754,21.29599952697754,21.29599952697754,21.29599952697754,0,0.0,0.0
2013-08-16 00:00:00-04:00,21.25200080871582,21.25200080871582,21.25200080871582,21.25200080871582,100,0.0,0.0
2013-08-19 00:00:00-04:00,21.25200080871582,21.25200080871582,21.25200080871582,21.25200080871582,0,0.0,0.0
2013-08-20 00:00:00-04:00,21.25200080871582,21.25200080871582,21.25200080871582,21.25200080871582,0,0.0,0.0
2013-08-21 00:00:00-04:00,21.25200080871582,21.25200080871582,21.25200080871582,21.25200080871582,0,0.0,0.0
2013-08-22 00:00:00-04:00,21.25200080871582,21.25200080871582,21.25200080871582,21.25200080871582,0,0.0,0.0
2013-08-23 00:00:00-04:00,21.25200080871582,21.25200080871582,21.25200080871582,21.25200080871582,0,0.0,0.0
2013-08-26 00:00:00-04:00,25.139999389648438,25.139999389648438,25.139999389648438,25.139999389648438,350,0.0,0.0
2013-08-27 00:00:00-04:00,25.139999389648438,25.139999389648438,25.139999389648438,25.139999389648438,0,0.0,0.0
2013-08-28 00:00:00-04:00,25.139999389648438,25.139999389648438,25.139999389648438,25.139999389648438,0,0.0,0.0
2013-08-29 00:00:00-04:00,25.139999389648438,25.139999389648438,25.139999389648438,25.139999389648438,0,0.0,0.0
2013-08-30 00:00:00-04:00,25.139999389648438,25.139999389648438,25.139999389648438,25.139999389648438,0,0.0,0.0
2013-09-03 00:00:00-04:00,25.139999389648438,25.139999389648438,25.139999389648438,25.139999389648438,0,0.0,0.0
2013-09-04 00:00:00-04:00,26.860000610351562,26.8799991607666,26.860000610351562,26.8799991607666,1250,0.0,0.0
2013-09-05 00:00:00-04:00,26.8799991607666,26.8799991607666,26.8799991607666,26.8799991607666,0,0.0,0.0
2013-09-06 00:00:00-04:00,26.8799991607666,26.8799991607666,26.8799991607666,26.8799991607666,0,0.0,0.0
2013-09-09 00:00:00-04:00,26.8799991607666,26.8799991607666,26.8799991607666,26.8799991607666,0,0.0,0.0
2013-09-10 00:00:00-04:00,26.8799991607666,26.8799991607666,26.8799991607666,26.8799991607666,0,0.0,0.0
2013-09-11 00:00:00-04:00,26.8799991607666,26.8799991607666,26.8799991607666,26.8799991607666,0,0.0,0.0
2013-09-12 00:00:00-04:00,26.8799991607666,26.8799991607666,26.8799991607666,26.8799991607666,0,0.0,0.0
2013-09-13 00:00:00-04:00,26.8799991607666,26.8799991607666,26.8799991607666,26.8799991607666,0,0.0,0.0
2013-09-16 00:00:00-04:00,26.8799991607666,26.8799991607666,26.8799991607666,26.8799991607666,0,0.0,0.0
2013-09-17 00:00:00-04:00,26.8799991607666,26.8799991607666,26.8799991607666,26.8799991607666,0,0.0,0.0
2013-09-18 00:00:00-04:00,26.8799991607666,26.8799991607666,26.8799991607666,26.8799991607666,0,0.0,0.0
2013-09-19 00:00:00-04:00,26.8799991607666,26.8799991607666,26.8799991607666,26.8799991607666,0,0.0,0.0
2013-09-20 00:00:00-04:00,26.8799991607666,26.8799991607666,26.8799991607666,26.8799991607666,0,0.0,0.0
2013-09-23 00:00:00-04:00,26.84000015258789,26.84000015258789,26.5,26.5,500,0.0,0.0
2013-09-24 00:00:00-04:00,26.5,26.5,26.5,26.5,0,0.0,0.0
2013-09-25 00:00:00-04:00,25.8799991607666,25.8799991607666,25.8799991607666,25.8799991607666,100,0.0,0.0
2013-09-26 00:00:00-04:00,25.8799991607666,25.8799991607666,25.8799991607666,25.8799991607666,0,0.0,0.0
2013-09-27 00:00:00-04:00,25.8799991607666,25.8799991607666,25.8799991607666,25.8799991607666,0,0.0,0.0
2013-09-30 00:00:00-04:00,25.81999969482422,25.81999969482422,25.81999969482422,25.81999969482422,25,0.0,0.0
2013-10-01 00:00:00-04:00,25.81999969482422,25.81999969482422,25.81999969482422,25.81999969482422,0,0.0,0.0
2013-10-02 00:00:00-04:00,22.743999481201172,23.714000701904297,22.743999481201172,23.714000701904297,250,0.0,0.0
2013-10-03 00:00:00-04:00,23.714000701904297,23.714000701904297,23.714000701904297,23.714000701904297,0,0.0,0.0
2013-10-04 00:00:00-04:00,23.714000701904297,23.714000701904297,23.714000701904297,23.714000701904297,0,0.0,0.0
2013-10-07 00:00:00-04:00,23.714000701904297,23.714000701904297,23.714000701904297,23.714000701904297,0,0.0,0.0
2013-10-08 00:00:00-04:00,19.079999923706055,19.079999923706055,19.079999923706055,19.079999923706055,100,0.0,0.0
2013-10-09 00:00:00-04:00,19.079999923706055,19.079999923706055,19.079999923706055,19.079999923706055,0,0.0,0.0
2013-10-10 00:00:00-04:00,19.079999923706055,19.079999923706055,19.079999923706055,19.079999923706055,0,0.0,0.0
2013-10-11 00:00:00-04:00,19.079999923706055,19.079999923706055,19.079999923706055,19.079999923706055,0,0.0,0.0
2013-10-14 00:00:00-04:00,19.079999923706055,19.079999923706055,19.079999923706055,19.079999923706055,0,0.0,0.0
2013-10-15 00:00:00-04:00,19.079999923706055,19.079999923706055,19.079999923706055,19.079999923706055,0,0.0,0.0
2013-10-16 00:00:00-04:00,19.079999923706055,19.079999923706055,19.079999923706055,19.079999923706055,0,0.0,0.0
2013-10-17 00:00:00-04:00,19.079999923706055,19.079999923706055,19.079999923706055,19.079999923706055,0,0.0,0.0
2013-10-18 00:00:00-04:00,17.351999282836914,17.739999771118164,17.351999282836914,17.736000061035156,525,0.0,0.0
2013-10-21 00:00:00-04:00,17.736000061035156,17.736000061035156,17.736000061035156,17.736000061035156,0,0.0,0.0
2013-10-22 00:00:00-04:00,17.736000061035156,17.736000061035156,17.736000061035156,17.736000061035156,0,0.0,0.0
2013-10-23 00:00:00-04:00,17.736000061035156,17.736000061035156,17.736000061035156,17.736000061035156,0,0.0,0.0
2013-10-24 00:00:00-04:00,17.736000061035156,17.736000061035156,17.736000061035156,17.736000061035156,0,0.0,0.0
2013-10-25 00:00:00-04:00,17.736000061035156,17.736000061035156,17.736000061035156,17.736000061035156,0,0.0,0.0
2013-10-28 00:00:00-04:00,17.107999801635742,17.299999237060547,17.107999801635742,17.299999237060547,575,0.0,0.0
2013-10-29 00:00:00-04:00,17.299999237060547,17.299999237060547,17.299999237060547,17.299999237060547,0,0.0,0.0
2013-10-30 00:00:00-04:00,17.299999237060547,17.299999237060547,17.299999237060547,17.299999237060547,0,0.0,0.0
2013-10-31 00:00:00-04:00,17.299999237060547,17.299999237060547,17.299999237060547,17.299999237060547,0,0.0,0.0
2013-11-01 00:00:00-04:00,17.299999237060547,17.299999237060547,17.299999237060547,17.299999237060547,0,0.0,0.0
2013-11-04 00:00:00-05:00,17.299999237060547,17.299999237060547,17.299999237060547,17.299999237060547,0,0.0,0.0
2013-11-05 00:00:00-05:00,17.299999237060547,17.299999237060547,17.299999237060547,17.299999237060547,0,0.0,0.0
2013-11-06 00:00:00-05:00,17.299999237060547,17.299999237060547,17.299999237060547,17.299999237060547,0,0.0,0.0
2013-11-07 00:00:00-05:00,17.299999237060547,17.299999237060547,17.299999237060547,17.299999237060547,0,0.0,0.0
2013-11-08 00:00:00-05:00,17.299999237060547,17.299999237060547,17.299999237060547,17.299999237060547,0,0.0,0.0
2013-11-11 00:00:00-05:00,17.299999237060547,17.299999237060547,17.299999237060547,17.299999237060547,0,0.0,0.0
2013-11-12 00:00:00-05:00,17.299999237060547,17.299999237060547,17.299999237060547,17.299999237060547,0,0.0,0.0
2013-11-13 00:00:00-05:00,17.299999237060547,17.299999237060547,17.299999237060547,17.299999237060547,0,0.0,0.0
2013-11-14 00:00:00-05:00,17.299999237060547,17.299999237060547,17.299999237060547,17.299999237060547,0,0.0,0.0
2013-11-15 00:00:00-05:00,17.299999237060547,17.299999237060547,17.299999237060547,17.299999237060547,0,0.0,0.0
2013-11-18 00:00:00-05:00,17.299999237060547,17.299999237060547,17.299999237060547,17.299999237060547,0,0.0,0.0
2013-11-19 00:00:00-05:00,17.299999237060547,17.299999237060547,17.299999237060547,17.299999237060547,0,0.0,0.0
2013-11-20 00:00:00-05:00,17.299999237060547,17.299999237060547,17.299999237060547,17.299999237060547,0,0.0,0.0
2013-11-21 00:00:00-05:00,17.299999237060547,17.299999237060547,17.299999237060547,17.299999237060547,0,0.0,0.0
2013-11-22 00:00:00-05:00,17.299999237060547,17.299999237060547,17.299999237060547,17.299999237060547,0,0.0,0.0
2013-11-25 00:00:00-05:00,16.979999542236328,16.979999542236328,16.979999542236328,16.979999542236328,1250,0.0,0.0
2013-11-26 00:00:00-05:00,16.979999542236328,16.979999542236328,16.979999542236328,16.979999542236328,0,0.0,0.0
2013-11-27 00:00:00-05:00,16.979999542236328,16.979999542236328,16.979999542236328,16.979999542236328,0,0.0,0.0
2013-11-29 00:00:00-05:00,16.979999542236328,16.979999542236328,16.979999542236328,16.979999542236328,0,0.0,0.0
2013-12-02 00:00:00-05:00,16.979999542236328,16.979999542236328,16.979999542236328,16.979999542236328,0,0.0,0.0
2013-12-03 00:00:00-05:00,16.979999542236328,16.979999542236328,16.979999542236328,16.979999542236328,0,0.0,0.0
2013-12-04 00:00:00-05:00,16.979999542236328,16.979999542236328,16.979999542236328,16.979999542236328,0,0.0,0.0
2013-12-05 00:00:00-05:00,16.979999542236328,16.979999542236328,16.979999542236328,16.979999542236328,0,0.0,0.0
2013-12-06 00:00:00-05:00,16.979999542236328,16.979999542236328,16.979999542236328,16.979999542236328,0,0.0,0.0
2013-12-09 00:00:00-05:00,17.020000457763672,17.020000457763672,17.020000457763672,17.020000457763672,250,0.0,0.0
2013-12-10 00:00:00-05:00,17.020000457763672,17.020000457763672,17.020000457763672,17.020000457763672,0,0.0,0.0
2013-12-11 00:00:00-05:00,17.020000457763672,17.020000457763672,17.020000457763672,17.020000457763672,0,0.0,0.0
2013-12-12 00:00:00-05:00,17.020000457763672,17.020000457763672,17.020000457763672,17.020000457763672,0,0.0,0.0
2013-12-13 00:00:00-05:00,17.020000457763672,17.020000457763672,17.020000457763672,17.020000457763672,0,0.0,0.0
2013-12-16 00:00:00-05:00,17.020000457763672,17.020000457763672,17.020000457763672,17.020000457763672,0,0.0,0.0
2013-12-17 00:00:00-05:00,17.020000457763672,17.020000457763672,17.020000457763672,17.020000457763672,0,0.0,0.0
2013-12-18 00:00:00-05:00,17.020000457763672,17.020000457763672,17.020000457763672,17.020000457763672,0,0.0,0.0
2013-12-19 00:00:00-05:00,17.020000457763672,17.020000457763672,17.020000457763672,17.020000457763672,0,0.0,0.0
2013-12-20 00:00:00-05:00,17.020000457763672,17.020000457763672,17.020000457763672,17.020000457763672,0,0.0,0.0
2013-12-23 00:00:00-05:00,17.013999938964844,17.013999938964844,17.013999938964844,17.013999938964844,225,0.0,0.0
2013-12-24 00:00:00-05:00,17.013999938964844,17.013999938964844,17.013999938964844,17.013999938964844,0,0.0,0.0
2013-12-26 00:00:00-05:00,17.013999938964844,17.013999938964844,17.013999938964844,17.013999938964844,0,0.0,0.0
2013-12-27 00:00:00-05:00,15.383999824523926,15.390000343322754,15.383999824523926,15.390000343322754,650,0.0,0.0
2013-12-30 00:00:00-05:00,15.390000343322754,15.390000343322754,15.390000343322754,15.390000343322754,0,0.0,0.0
2013-12-31 00:00:00-05:00,15.390000343322754,15.390000343322754,15.390000343322754,15.390000343322754,0,0.0,0.0
2014-01-02 00:00:00-05:00,15.390000343322754,15.390000343322754,15.390000343322754,15.390000343322754,0,0.0,0.0
2014-01-03 00:00:00-05:00,15.390000343322754,15.390000343322754,15.390000343322754,15.390000343322754,0,0.0,0.0
2014-01-06 00:00:00-05:00,15.390000343322754,15.390000343322754,15.390000343322754,15.390000343322754,0,0.0,0.0
2014-01-07 00:00:00-05:00,15.390000343322754,15.390000343322754,15.390000343322754,15.390000343322754,0,0.0,0.0
2014-01-08 00:00:00-05:00,15.390000343322754,15.390000343322754,15.390000343322754,15.390000343322754,0,0.0,0.0
2014-01-09 00:00:00-05:00,16.27199935913086,16.27199935913086,16.086000442504883,16.086000442504883,110,0.0,0.0
2014-01-10 00:00:00-05:00,16.086000442504883,16.086000442504883,16.086000442504883,16.086000442504883,0,0.0,0.0
2014-01-13 00:00:00-05:00,16.086000442504883,16.086000442504883,16.086000442504883,16.086000442504883,0,0.0,0.0
2014-01-14 00:00:00-05:00,16.086000442504883,16.086000442504883,16.086000442504883,16.086000442504883,0,0.0,0.0
2014-01-15 00:00:00-05:00,16.086000442504883,16.086000442504883,16.086000442504883,16.086000442504883,0,0.0,0.0
2014-01-16 00:00:00-05:00,16.236000061035156,16.236000061035156,16.236000061035156,16.236000061035156,10,0.0,0.0
2014-01-17 00:00:00-05:00,16.236000061035156,16.236000061035156,16.236000061035156,16.236000061035156,0,0.0,0.0
2014-01-21 00:00:00-05:00,16.236000061035156,16.236000061035156,16.236000061035156,16.236000061035156,0,0.0,0.0
2014-01-22 00:00:00-05:00,16.236000061035156,16.236000061035156,16.236000061035156,16.236000061035156,0,0.0,0.0
2014-01-23 00:00:00-05:00,16.236000061035156,16.236000061035156,16.236000061035156,16.236000061035156,0,0.0,0.0
2014-01-24 00:00:00-05:00,16.236000061035156,16.236000061035156,16.236000061035156,16.236000061035156,0,0.0,0.0
2014-01-27 00:00:00-05:00,16.236000061035156,16.236000061035156,16.236000061035156,16.236000061035156,0,0.0,0.0
2014-01-28 00:00:00-05:00,16.236000061035156,16.236000061035156,16.236000061035156,16.236000061035156,0,0.0,0.0
2014-01-29 00:00:00-05:00,16.236000061035156,16.236000061035156,16.236000061035156,16.236000061035156,0,0.0,0.0
2014-01-30 00:00:00-05:00,16.236000061035156,16.236000061035156,16.236000061035156,16.236000061035156,0,0.0,0.0
2014-01-31 00:00:00-05:00,16.236000061035156,16.236000061035156,16.236000061035156,16.236000061035156,0,0.0,0.0
2014-02-03 00:00:00-05:00,16.236000061035156,16.236000061035156,16.236000061035156,16.236000061035156,0,0.0,0.0
2014-02-04 00:00:00-05:00,16.236000061035156,16.236000061035156,16.236000061035156,16.236000061035156,0,0.0,0.0
2014-02-05 00:00:00-05:00,16.236000061035156,16.236000061035156,16.236000061035156,16.236000061035156,0,0.0,0.0
2014-02-06 00:00:00-05:00,16.236000061035156,16.236000061035156,16.236000061035156,16.236000061035156,0,0.0,0.0
2014-02-07 00:00:00-05:00,15.119999885559082,15.300000190734863,15.119999885559082,15.300000190734863,100,0.0,0.0
2014-02-10 00:00:00-05:00,15.319999694824219,15.880000114440918,15.319999694824219,15.880000114440918,1500,0.0,0.0
2014-02-11 00:00:00-05:00,15.699999809265137,15.699999809265137,15.520000457763672,15.520000457763672,325,0.0,0.0
2014-02-12 00:00:00-05:00,15.520000457763672,15.520000457763672,15.520000457763672,15.520000457763672,0,0.0,0.0
2014-02-13 00:00:00-05:00,15.520000457763672,15.520000457763672,15.520000457763672,15.520000457763672,0,0.0,0.0
2014-02-14 00:00:00-05:00,15.399999618530273,15.399999618530273,15.399999618530273,15.399999618530273,60,0.0,0.0
2014-02-18 00:00:00-05:00,14.699999809265137,15.583999633789062,14.699999809265137,15.583999633789062,1400,0.0,0.0
2014-02-19 00:00:00-05:00,16.200000762939453,16.200000762939453,16.200000762939453,16.200000762939453,75,0.0,0.0
2014-02-20 00:00:00-05:00,16.441999435424805,16.441999435424805,15.902000427246094,15.902000427246094,750,0.0,0.0
2014-02-21 00:00:00-05:00,15.5600004196167,15.5600004196167,15.5600004196167,15.5600004196167,100,0.0,0.0
2014-02-24 00:00:00-05:00,15.460000038146973,15.479999542236328,14.9399995803833,14.9399995803833,175,0.0,0.0
2014-02-25 00:00:00-05:00,14.9399995803833,14.9399995803833,14.9399995803833,14.9399995803833,0,0.0,0.0
2014-02-26 00:00:00-05:00,14.84000015258789,14.84000015258789,14.84000015258789,14.84000015258789,325,0.0,0.0
2014-02-27 00:00:00-05:00,15.380000114440918,15.380000114440918,15.380000114440918,15.380000114440918,1250,0.0,0.0
2014-02-28 00:00:00-05:00,15.380000114440918,15.380000114440918,15.380000114440918,15.380000114440918,0,0.0,0.0
2014-03-03 00:00:00-05:00,15.380000114440918,15.380000114440918,15.380000114440918,15.380000114440918,0,0.0,0.0
2014-03-04 00:00:00-05:00,17.70800018310547,17.70800018310547,17.70800018310547,17.70800018310547,140,0.0,0.0
2014-03-05 00:00:00-05:00,17.854000091552734,19.95800018310547,17.854000091552734,19.947999954223633,1500,0.0,0.0
2014-03-06 00:00:00-05:00,18.1200008392334,18.1200008392334,16.639999389648438,16.639999389648438,145,0.0,0.0
2014-03-07 00:00:00-05:00,16.639999389648438,16.639999389648438,16.639999389648438,16.639999389648438,0,0.0,0.0
2014-03-10 00:00:00-04:00,16.639999389648438,16.639999389648438,16.639999389648438,16.639999389648438,0,0.0,0.0
2014-03-11 00:00:00-04:00,16.639999389648438,16.639999389648438,16.639999389648438,16.639999389648438,0,0.0,0.0
2014-03-12 00:00:00-04:00,16.639999389648438,16.639999389648438,16.639999389648438,16.639999389648438,0,0.0,0.0
2014-03-13 00:00:00-04:00,18.031999588012695,18.031999588012695,18.031999588012695,18.031999588012695,525,0.0,0.0
2014-03-14 00:00:00-04:00,18.031999588012695,18.031999588012695,18.031999588012695,18.031999588012695,0,0.0,0.0
2014-03-17 00:00:00-04:00,18.200000762939453,18.200000762939453,17.40999984741211,17.416000366210938,1500,0.0,0.0
2014-03-18 00:00:00-04:00,17.520000457763672,17.520000457763672,17.520000457763672,17.520000457763672,50,0.0,0.0
2014-03-19 00:00:00-04:00,17.520000457763672,17.520000457763672,17.520000457763672,17.520000457763672,0,0.0,0.0
2014-03-20 00:00:00-04:00,17.520000457763672,17.520000457763672,17.520000457763672,17.520000457763672,0,0.0,0.0
2014-03-21 00:00:00-04:00,17.520000457763672,17.520000457763672,17.520000457763672,17.520000457763672,0,0.0,0.0
2014-03-24 00:00:00-04:00,17.420000076293945,17.420000076293945,17.420000076293945,17.420000076293945,35,0.0,0.0
2014-03-25 00:00:00-04:00,17.652000427246094,17.652000427246094,17.652000427246094,17.652000427246094,50,0.0,0.0
2014-03-26 00:00:00-04:00,17.652000427246094,17.652000427246094,17.652000427246094,17.652000427246094,0,0.0,0.0
2014-03-27 00:00:00-04:00,17.652000427246094,17.652000427246094,17.652000427246094,17.652000427246094,0,0.0,0.0
2014-03-28 00:00:00-04:00,17.652000427246094,17.652000427246094,17.652000427246094,17.652000427246094,0,0.0,0.0
2014-03-31 00:00:00-04:00,17.652000427246094,17.652000427246094,17.652000427246094,17.652000427246094,0,0.0,0.0
2014-04-01 00:00:00-04:00,17.652000427246094,17.652000427246094,17.652000427246094,17.652000427246094,0,0.0,0.0
2014-04-02 00:00:00-04:00,17.652000427246094,17.652000427246094,17.652000427246094,17.652000427246094,0,0.0,0.0
2014-04-03 00:00:00-04:00,17.652000427246094,17.652000427246094,17.652000427246094,17.652000427246094,0,0.0,0.0
2014-04-04 00:00:00-04:00,17.652000427246094,17.652000427246094,17.652000427246094,17.652000427246094,0,0.0,0.0
2014-04-07 00:00:00-04:00,17.652000427246094,17.652000427246094,17.652000427246094,17.652000427246094,0,0.0,0.0
2014-04-08 00:00:00-04:00,17.652000427246094,17.652000427246094,17.652000427246094,17.652000427246094,0,0.0,0.0
2014-04-09 00:00:00-04:00,17.652000427246094,17.652000427246094,17.652000427246094,17.652000427246094,0,0.0,0.0
2014-04-10 00:00:00-04:00,17.652000427246094,17.652000427246094,17.652000427246094,17.652000427246094,0,0.0,0.0
2014-04-11 00:00:00-04:00,17.652000427246094,17.652000427246094,17.652000427246094,17.652000427246094,0,0.0,0.0
2014-04-14 00:00:00-04:00,17.652000427246094,17.652000427246094,17.652000427246094,17.652000427246094,0,0.0,0.0
2014-04-15 00:00:00-04:00,14.420000076293945,14.420000076293945,14.420000076293945,14.420000076293945,125,0.0,0.0
2014-04-16 00:00:00-04:00,14.420000076293945,14.420000076293945,14.420000076293945,14.420000076293945,0,0.0,0.0
2014-04-17 00:00:00-04:00,14.420000076293945,14.420000076293945,14.420000076293945,14.420000076293945,0,0.0,0.0
2014-04-21 00:00:00-04:00,14.420000076293945,14.420000076293945,14.420000076293945,14.420000076293945,0,0.0,0.0
2014-04-22 00:00:00-04:00,14.420000076293945,14.420000076293945,14.420000076293945,14.420000076293945,0,0.0,0.0
2014-04-23 00:00:00-04:00,14.37600040435791,14.37600040435791,14.37600040435791,14.37600040435791,25,0.0,0.0
2014-04-24 00:00:00-04:00,14.041999816894531,14.041999816894531,14.041999816894531,14.041999816894531,200,0.0,0.0
2014-04-25 00:00:00-04:00,13.520000457763672,13.520000457763672,13.520000457763672,13.520000457763672,200,0.0,0.0
2014-04-28 00:00:00-04:00,13.520000457763672,13.520000457763672,13.520000457763672,13.520000457763672,0,0.0,0.0
2014-04-29 00:00:00-04:00,13.807999610900879,13.807999610900879,13.807999610900879,13.807999610900879,250,0.0,0.0
2014-04-30 00:00:00-04:00,13.807999610900879,13.807999610900879,13.807999610900879,13.807999610900879,0,0.0,0.0
2014-05-01 00:00:00-04:00,13.807999610900879,13.807999610900879,13.807999610900879,13.807999610900879,0,0.0,0.0
2014-05-02 00:00:00-04:00,13.800000190734863,13.800000190734863,13.800000190734863,13.800000190734863,5,0.0,0.0
2014-05-05 00:00:00-04:00,13.800000190734863,13.800000190734863,13.800000190734863,13.800000190734863,0,0.0,0.0
2014-05-06 00:00:00-04:00,13.800000190734863,13.800000190734863,13.800000190734863,13.800000190734863,0,0.0,0.0
2014-05-07 00:00:00-04:00,13.800000190734863,13.800000190734863,13.800000190734863,13.800000190734863,0,0.0,0.0
2014-05-08 00:00:00-04:00,13.800000190734863,13.800000190734863,13.800000190734863,13.800000190734863,0,0.0,0.0
2014-05-09 00:00:00-04:00,13.800000190734863,13.800000190734863,13.800000190734863,13.800000190734863,0,0.0,0.0
2014-05-12 00:00:00-04:00,13.800000190734863,13.800000190734863,13.800000190734863,13.800000190734863,0,0.0,0.0
2014-05-13 00:00:00-04:00,13.800000190734863,13.800000190734863,13.800000190734863,13.800000190734863,0,0.0,0.0
2014-05-14 00:00:00-04:00,13.800000190734863,13.800000190734863,13.800000190734863,13.800000190734863,0,0.0,0.0
2014-05-15 00:00:00-04:00,13.800000190734863,13.800000190734863,13.800000190734863,13.800000190734863,0,0.0,0.0
2014-05-16 00:00:00-04:00,13.800000190734863,13.800000190734863,13.800000190734863,13.800000190734863,0,0.0,0.0
2014-05-19 00:00:00-04:00,13.800000190734863,13.800000190734863,13.800000190734863,13.800000190734863,0,0.0,0.0
2014-05-20 00:00:00-04:00,13.800000190734863,13.800000190734863,13.800000190734863,13.800000190734863,0,0.0,0.0
2014-05-21 00:00:00-04:00,13.800000190734863,13.800000190734863,13.800000190734863,13.800000190734863,0,0.0,0.0
2014-05-22 00:00:00-04:00,13.800000190734863,13.800000190734863,13.800000190734863,13.800000190734863,0,0.0,0.0
2014-05-23 00:00:00-04:00,10.9399995803833,10.9399995803833,10.920000076293945,10.920000076293945,1500,0.0,0.0
2014-05-27 00:00:00-04:00,13.800000190734863,13.800000190734863,13.800000190734863,13.800000190734863,0,0.0,0.0
2014-05-28 00:00:00-04:00,10.920000076293945,10.920000076293945,10.920000076293945,10.920000076293945,0,0.0,0.0
2014-05-29 00:00:00-04:00,10.920000076293945,10.920000076293945,10.920000076293945,10.920000076293945,0,0.0,0.0
2014-05-30 00:00:00-04:00,12.800000190734863,12.800000190734863,12.800000190734863,12.800000190734863,155,0.0,0.0
2014-06-02 00:00:00-04:00,12.538000106811523,12.72599983215332,12.538000106811523,12.72599983215332,625,0.0,0.0
2014-06-03 00:00:00-04:00,13.432000160217285,13.618000030517578,13.251999855041504,13.618000030517578,2275,0.0,0.0
2014-06-04 00:00:00-04:00,13.618000030517578,13.618000030517578,13.618000030517578,13.618000030517578,0,0.0,0.0
2014-06-05 00:00:00-04:00,13.618000030517578,13.618000030517578,13.618000030517578,13.618000030517578,0,0.0,0.0
2014-06-06 00:00:00-04:00,13.618000030517578,13.618000030517578,13.618000030517578,13.618000030517578,0,0.0,0.0
2014-06-09 00:00:00-04:00,13.618000030517578,13.618000030517578,13.618000030517578,13.618000030517578,0,0.0,0.0
2014-06-10 00:00:00-04:00,13.618000030517578,13.618000030517578,13.618000030517578,13.618000030517578,0,0.0,0.0
2014-06-11 00:00:00-04:00,13.618000030517578,13.618000030517578,13.618000030517578,13.618000030517578,0,0.0,0.0
2014-06-12 00:00:00-04:00,13.618000030517578,13.618000030517578,13.618000030517578,13.618000030517578,0,0.0,0.0
2014-06-13 00:00:00-04:00,13.618000030517578,13.618000030517578,13.618000030517578,13.618000030517578,0,0.0,0.0
2014-06-16 00:00:00-04:00,13.618000030517578,13.618000030517578,13.618000030517578,13.618000030517578,0,0.0,0.0
2014-06-17 00:00:00-04:00,13.618000030517578,13.618000030517578,13.618000030517578,13.618000030517578,0,0.0,0.0
2014-06-18 00:00:00-04:00,12.574000358581543,12.574000358581543,12.574000358581543,12.574000358581543,250,0.0,0.0
2014-06-19 00:00:00-04:00,12.505999565124512,12.505999565124512,12.505999565124512,12.505999565124512,100,0.0,0.0
2014-06-20 00:00:00-04:00,12.505999565124512,12.505999565124512,12.505999565124512,12.505999565124512,0,0.0,0.0
2014-06-23 00:00:00-04:00,12.505999565124512,12.505999565124512,12.505999565124512,12.505999565124512,0,0.0,0.0
2014-06-24 00:00:00-04:00,12.505999565124512,12.505999565124512,12.505999565124512,12.505999565124512,0,0.0,0.0
2014-06-25 00:00:00-04:00,12.760000228881836,12.760000228881836,11.859999656677246,11.859999656677246,2675,0.0,0.0
2014-06-26 00:00:00-04:00,11.460000038146973,11.479999542236328,10.140000343322754,11.479999542236328,1035,0.0,0.0
2014-06-27 00:00:00-04:00,11.479999542236328,11.479999542236328,11.479999542236328,11.479999542236328,0,0.0,0.0
2014-06-30 00:00:00-04:00,11.479999542236328,11.479999542236328,11.479999542236328,11.479999542236328,0,0.0,0.0
2014-07-01 00:00:00-04:00,11.479999542236328,11.479999542236328,11.479999542236328,11.479999542236328,0,0.0,0.0
2014-07-02 00:00:00-04:00,11.479999542236328,11.479999542236328,11.479999542236328,11.479999542236328,0,0.0,0.0
2014-07-03 00:00:00-04:00,11.479999542236328,11.479999542236328,11.479999542236328,11.479999542236328,0,0.0,0.0
2014-07-07 00:00:00-04:00,11.479999542236328,11.479999542236328,11.479999542236328,11.479999542236328,0,0.0,0.0
2014-07-08 00:00:00-04:00,11.479999542236328,11.479999542236328,11.479999542236328,11.479999542236328,0,0.0,0.0
2014-07-09 00:00:00-04:00,11.479999542236328,11.479999542236328,11.479999542236328,11.479999542236328,0,0.0,0.0
2014-07-10 00:00:00-04:00,11.479999542236328,11.479999542236328,11.479999542236328,11.479999542236328,0,0.0,0.0
2014-07-11 00:00:00-04:00,11.479999542236328,11.479999542236328,11.479999542236328,11.479999542236328,0,0.0,0.0
2014-07-14 00:00:00-04:00,11.479999542236328,11.479999542236328,11.479999542236328,11.479999542236328,0,0.0,0.0
2014-07-15 00:00:00-04:00,13.100000381469727,13.279999732971191,13.100000381469727,13.279999732971191,30,0.0,0.0
2014-07-16 00:00:00-04:00,13.279999732971191,13.279999732971191,13.279999732971191,13.279999732971191,0,0.0,0.0
2014-07-17 00:00:00-04:00,13.279999732971191,13.279999732971191,13.279999732971191,13.279999732971191,0,0.0,0.0
2014-07-18 00:00:00-04:00,13.279999732971191,13.279999732971191,13.279999732971191,13.279999732971191,0,0.0,0.0
2014-07-21 00:00:00-04:00,13.279999732971191,13.279999732971191,13.279999732971191,13.279999732971191,0,0.0,0.0
2014-07-22 00:00:00-04:00,13.279999732971191,13.279999732971191,13.279999732971191,13.279999732971191,0,0.0,0.0
2014-07-23 00:00:00-04:00,13.279999732971191,13.279999732971191,13.279999732971191,13.279999732971191,0,0.0,0.0
2014-07-24 00:00:00-04:00,13.279999732971191,13.279999732971191,13.279999732971191,13.279999732971191,0,0.0,0.0
2014-07-25 00:00:00-04:00,13.279999732971191,13.279999732971191,13.279999732971191,13.279999732971191,0,0.0,0.0
2014-07-28 00:00:00-04:00,13.279999732971191,13.279999732971191,13.279999732971191,13.279999732971191,0,0.0,0.0
2014-07-29 00:00:00-04:00,13.279999732971191,13.279999732971191,13.279999732971191,13.279999732971191,0,0.0,0.0
2014-07-30 00:00:00-04:00,13.279999732971191,13.279999732971191,13.279999732971191,13.279999732971191,0,0.0,0.0
2014-07-31 00:00:00-04:00,13.279999732971191,13.279999732971191,13.279999732971191,13.279999732971191,0,0.0,0.0
2014-08-01 00:00:00-04:00,10.800000190734863,10.800000190734863,10.800000190734863,10.800000190734863,250,0.0,0.0
2014-08-04 00:00:00-04:00,10.800000190734863,10.800000190734863,10.800000190734863,10.800000190734863,0,0.0,0.0
2014-08-05 00:00:00-04:00,10.800000190734863,10.800000190734863,10.800000190734863,10.800000190734863,0,0.0,0.0
2014-08-06 00:00:00-04:00,10.800000190734863,10.800000190734863,10.800000190734863,10.800000190734863,0,0.0,0.0
2014-08-07 00:00:00-04:00,10.800000190734863,10.800000190734863,10.800000190734863,10.800000190734863,0,0.0,0.0
2014-08-08 00:00:00-04:00,10.800000190734863,10.800000190734863,10.800000190734863,10.800000190734863,0,0.0,0.0
2014-08-11 00:00:00-04:00,10.800000190734863,10.800000190734863,10.800000190734863,10.800000190734863,0,0.0,0.0
2014-08-12 00:00:00-04:00,10.800000190734863,10.800000190734863,10.800000190734863,10.800000190734863,0,0.0,0.0
2014-08-13 00:00:00-04:00,10.800000190734863,10.800000190734863,10.800000190734863,10.800000190734863,0,0.0,0.0
2014-08-14 00:00:00-04:00,10.800000190734863,10.800000190734863,10.800000190734863,10.800000190734863,0,0.0,0.0
2014-08-15 00:00:00-04:00,10.800000190734863,10.800000190734863,10.800000190734863,10.800000190734863,0,0.0,0.0
2014-08-18 00:00:00-04:00,10.720000267028809,10.720000267028809,10.720000267028809,10.720000267028809,250,0.0,0.0
2014-08-19 00:00:00-04:00,10.720000267028809,10.720000267028809,10.720000267028809,10.720000267028809,0,0.0,0.0
2014-08-20 00:00:00-04:00,10.720000267028809,10.720000267028809,10.720000267028809,10.720000267028809,0,0.0,0.0
2014-08-21 00:00:00-04:00,9.979999542236328,9.979999542236328,9.979999542236328,9.979999542236328,100,0.0,0.0
2014-08-22 00:00:00-04:00,9.979999542236328,9.979999542236328,9.979999542236328,9.979999542236328,0,0.0,0.0
2014-08-25 00:00:00-04:00,9.979999542236328,9.979999542236328,9.979999542236328,9.979999542236328,0,0.0,0.0
2014-08-26 00:00:00-04:00,10.479999542236328,10.479999542236328,10.479999542236328,10.479999542236328,40,0.0,0.0
2014-08-27 00:00:00-04:00,10.579999923706055,10.579999923706055,10.399999618530273,10.399999618530273,500,0.0,0.0
2014-08-28 00:00:00-04:00,10.399999618530273,10.399999618530273,10.399999618530273,10.399999618530273,0,0.0,0.0
2014-08-29 00:00:00-04:00,10.399999618530273,10.399999618530273,10.399999618530273,10.399999618530273,0,0.0,0.0
2014-09-02 00:00:00-04:00,9.84000015258789,9.84000015258789,9.84000015258789,9.84000015258789,50,0.0,0.0
2014-09-03 00:00:00-04:00,9.84000015258789,9.84000015258789,9.84000015258789,9.84000015258789,0,0.0,0.0
2014-09-04 00:00:00-04:00,9.84000015258789,9.84000015258789,9.84000015258789,9.84000015258789,0,0.0,0.0
2014-09-05 00:00:00-04:00,9.84000015258789,9.84000015258789,9.84000015258789,9.84000015258789,0,0.0,0.0
2014-09-08 00:00:00-04:00,9.84000015258789,9.84000015258789,9.84000015258789,9.84000015258789,0,0.0,0.0
2014-09-09 00:00:00-04:00,9.84000015258789,9.84000015258789,9.84000015258789,9.84000015258789,0,0.0,0.0
2014-09-10 00:00:00-04:00,7.179999828338623,7.179999828338623,7.0,7.0,625,0.0,0.0
2014-09-11 00:00:00-04:00,7.558000087738037,7.73799991607666,7.558000087738037,7.73799991607666,150,0.0,0.0
2014-09-12 00:00:00-04:00,7.73799991607666,7.73799991607666,7.73799991607666,7.73799991607666,0,0.0,0.0
2014-09-15 00:00:00-04:00,7.73799991607666,7.73799991607666,7.73799991607666,7.73799991607666,0,0.0,0.0
2014-09-16 00:00:00-04:00,7.73799991607666,7.73799991607666,7.73799991607666,7.73799991607666,0,0.0,0.0
2014-09-17 00:00:00-04:00,7.73799991607666,7.73799991607666,7.73799991607666,7.73799991607666,0,0.0,0.0
2014-09-18 00:00:00-04:00,7.73799991607666,7.73799991607666,7.73799991607666,7.73799991607666,0,0.0,0.0
2014-09-19 00:00:00-04:00,7.73799991607666,7.73799991607666,7.73799991607666,7.73799991607666,0,0.0,0.0
2014-09-22 00:00:00-04:00,7.73799991607666,7.73799991607666,7.73799991607666,7.73799991607666,0,0.0,0.0
2014-09-23 00:00:00-04:00,7.73799991607666,7.73799991607666,7.73799991607666,7.73799991607666,0,0.0,0.0
2014-09-24 00:00:00-04:00,7.73799991607666,7.73799991607666,7.73799991607666,7.73799991607666,0,0.0,0.0
2014-09-25 00:00:00-04:00,7.73799991607666,7.73799991607666,7.73799991607666,7.73799991607666,0,0.0,0.0
2014-09-26 00:00:00-04:00,7.73799991607666,7.73799991607666,7.73799991607666,7.73799991607666,0,0.0,0.0
2014-09-29 00:00:00-04:00,7.73799991607666,7.73799991607666,7.73799991607666,7.73799991607666,0,0.0,0.0
2014-09-30 00:00:00-04:00,7.0,7.0,7.0,7.0,250,0.0,0.0
2014-10-01 00:00:00-04:00,7.116000175476074,8.107999801635742,7.116000175476074,7.927999973297119,1400,0.0,0.0
2014-10-02 00:00:00-04:00,7.927999973297119,7.927999973297119,7.927999973297119,7.927999973297119,0,0.0,0.0
2014-10-03 00:00:00-04:00,7.927999973297119,7.927999973297119,7.927999973297119,7.927999973297119,0,0.0,0.0
2014-10-06 00:00:00-04:00,7.927999973297119,7.927999973297119,7.927999973297119,7.927999973297119,0,0.0,0.0
2014-10-07 00:00:00-04:00,7.927999973297119,7.927999973297119,7.927999973297119,7.927999973297119,0,0.0,0.0
2014-10-08 00:00:00-04:00,7.927999973297119,7.927999973297119,7.927999973297119,7.927999973297119,0,0.0,0.0
2014-10-09 00:00:00-04:00,7.927999973297119,7.927999973297119,7.927999973297119,7.927999973297119,0,0.0,0.0
2014-10-10 00:00:00-04:00,7.927999973297119,7.927999973297119,7.927999973297119,7.927999973297119,0,0.0,0.0
2014-10-13 00:00:00-04:00,7.927999973297119,7.927999973297119,7.927999973297119,7.927999973297119,0,0.0,0.0
2014-10-14 00:00:00-04:00,7.927999973297119,7.927999973297119,7.927999973297119,7.927999973297119,0,0.0,0.0
2014-10-15 00:00:00-04:00,7.927999973297119,7.927999973297119,7.927999973297119,7.927999973297119,0,0.0,0.0
2014-10-16 00:00:00-04:00,7.927999973297119,7.927999973297119,7.927999973297119,7.927999973297119,0,0.0,0.0
2014-10-17 00:00:00-04:00,7.927999973297119,7.927999973297119,7.927999973297119,7.927999973297119,0,0.0,0.0
2014-10-20 00:00:00-04:00,7.927999973297119,7.927999973297119,7.927999973297119,7.927999973297119,0,0.0,0.0
2014-10-21 00:00:00-04:00,7.927999973297119,7.927999973297119,7.927999973297119,7.927999973297119,0,0.0,0.0
2014-10-22 00:00:00-04:00,7.927999973297119,7.927999973297119,7.927999973297119,7.927999973297119,0,0.0,0.0
2014-10-23 00:00:00-04:00,5.75600004196167,5.75600004196167,5.110000133514404,5.110000133514404,275,0.0,0.0
2014-10-24 00:00:00-04:00,5.110000133514404,5.110000133514404,5.110000133514404,5.110000133514404,0,0.0,0.0
2014-10-27 00:00:00-04:00,5.110000133514404,5.110000133514404,5.110000133514404,5.110000133514404,0,0.0,0.0
2014-10-28 00:00:00-04:00,5.110000133514404,5.110000133514404,5.110000133514404,5.110000133514404,0,0.0,0.0
2014-10-29 00:00:00-04:00,5.110000133514404,5.110000133514404,5.110000133514404,5.110000133514404,0,0.0,0.0
2014-10-30 00:00:00-04:00,5.110000133514404,5.110000133514404,5.110000133514404,5.110000133514404,0,0.0,0.0
2014-10-31 00:00:00-04:00,5.110000133514404,5.110000133514404,5.110000133514404,5.110000133514404,0,0.0,0.0
2014-11-03 00:00:00-05:00,5.110000133514404,5.110000133514404,5.110000133514404,5.110000133514404,0,0.0,0.0
2014-11-04 00:00:00-05:00,5.110000133514404,5.110000133514404,5.110000133514404,5.110000133514404,0,0.0,0.0
2014-11-05 00:00:00-05:00,5.110000133514404,5.110000133514404,5.110000133514404,5.110000133514404,0,0.0,0.0
2014-11-06 00:00:00-05:00,4.440000057220459,4.440000057220459,4.440000057220459,4.440000057220459,7500,0.0,0.0
2014-11-07 00:00:00-05:00,4.440000057220459,4.440000057220459,4.440000057220459,4.440000057220459,0,0.0,0.0
2014-11-10 00:00:00-05:00,4.440000057220459,4.440000057220459,4.440000057220459,4.440000057220459,0,0.0,0.0
2014-11-11 00:00:00-05:00,9.645999908447266,9.645999908447266,9.645999908447266,9.645999908447266,50,0.0,0.0
2014-11-12 00:00:00-05:00,9.645999908447266,9.645999908447266,9.645999908447266,9.645999908447266,0,0.0,0.0
2014-11-13 00:00:00-05:00,9.645999908447266,9.645999908447266,9.645999908447266,9.645999908447266,0,0.0,0.0
2014-11-14 00:00:00-05:00,9.645999908447266,9.645999908447266,9.645999908447266,9.645999908447266,0,0.0,0.0
2014-11-17 00:00:00-05:00,9.645999908447266,9.645999908447266,9.645999908447266,9.645999908447266,0,0.0,0.0
2014-11-18 00:00:00-05:00,1.4919999837875366,1.4919999837875366,1.4919999837875366,1.4919999837875366,1000,0.0,0.0
2014-11-19 00:00:00-05:00,1.1740000247955322,1.1740000247955322,1.1740000247955322,1.1740000247955322,800,0.0,0.0
2014-11-20 00:00:00-05:00,1.1740000247955322,1.1740000247955322,1.1740000247955322,1.1740000247955322,0,0.0,0.0
2014-11-21 00:00:00-05:00,1.1740000247955322,1.1740000247955322,1.1740000247955322,1.1740000247955322,0,0.0,0.0
2014-11-24 00:00:00-05:00,1.1740000247955322,1.1740000247955322,1.1740000247955322,1.1740000247955322,0,0.0,0.0
2014-11-25 00:00:00-05:00,1.1740000247955322,1.1740000247955322,1.1740000247955322,1.1740000247955322,0,0.0,0.0
2014-11-26 00:00:00-05:00,1.1740000247955322,1.1740000247955322,1.1740000247955322,1.1740000247955322,0,0.0,0.0
2014-11-28 00:00:00-05:00,1.159999966621399,1.159999966621399,1.159999966621399,1.159999966621399,100,0.0,0.0
2014-12-01 00:00:00-05:00,1.159999966621399,1.159999966621399,1.159999966621399,1.159999966621399,0,0.0,0.0
2014-12-02 00:00:00-05:00,1.159999966621399,1.159999966621399,1.159999966621399,1.159999966621399,0,0.0,0.0
2014-12-03 00:00:00-05:00,1.159999966621399,1.159999966621399,1.159999966621399,1.159999966621399,0,0.0,0.0
2014-12-04 00:00:00-05:00,1.159999966621399,1.159999966621399,1.159999966621399,1.159999966621399,0,0.0,0.0
2014-12-05 00:00:00-05:00,0.8140000104904175,0.8140000104904175,0.8140000104904175,0.8140000104904175,375,0.0,0.0
2014-12-08 00:00:00-05:00,0.8140000104904175,0.8140000104904175,0.8140000104904175,0.8140000104904175,0,0.0,0.0
2014-12-09 00:00:00-05:00,0.8140000104904175,0.8140000104904175,0.8140000104904175,0.8140000104904175,0,0.0,0.0
2014-12-10 00:00:00-05:00,0.8140000104904175,0.8140000104904175,0.8140000104904175,0.8140000104904175,0,0.0,0.0
2014-12-11 00:00:00-05:00,0.8140000104904175,0.8140000104904175,0.8140000104904175,0.8140000104904175,0,0.0,0.0
2014-12-12 00:00:00-05:00,0.8140000104904175,0.8140000104904175,0.8140000104904175,0.8140000104904175,0,0.0,0.0
2014-12-15 00:00:00-05:00,0.8140000104904175,0.8140000104904175,0.8140000104904175,0.8140000104904175,0,0.0,0.0
2014-12-16 00:00:00-05:00,0.8140000104904175,0.8140000104904175,0.8140000104904175,0.8140000104904175,0,0.0,0.0
2014-12-17 00:00:00-05:00,0.8140000104904175,0.8140000104904175,0.8140000104904175,0.8140000104904175,0,0.0,0.0
2014-12-18 00:00:00-05:00,0.8140000104904175,0.8140000104904175,0.8140000104904175,0.8140000104904175,0,0.0,0.0
2014-12-19 00:00:00-05:00,0.8140000104904175,0.8140000104904175,0.8140000104904175,0.8140000104904175,0,0.0,0.0
2014-12-22 00:00:00-05:00,0.8399999737739563,0.8399999737739563,0.8399999737739563,0.8399999737739563,250,0.0,0.0
2014-12-23 00:00:00-05:00,0.8399999737739563,0.8399999737739563,0.8399999737739563,0.8399999737739563,0,0.0,0.0
2014-12-24 00:00:00-05:00,0.8399999737739563,0.8399999737739563,0.8399999737739563,0.8399999737739563,0,0.0,0.0
2014-12-26 00:00:00-05:00,0.8399999737739563,0.8399999737739563,0.8399999737739563,0.8399999737739563,0,0.0,0.0
2014-12-29 00:00:00-05:00,0.8399999737739563,0.8399999737739563,0.8399999737739563,0.8399999737739563,0,0.0,0.0
2014-12-30 00:00:00-05:00,1.0,1.0,1.0,1.0,195,0.0,0.0
2014-12-31 00:00:00-05:00,1.0,1.0,1.0,1.0,0,0.0,0.0
2015-01-02 00:00:00-05:00,1.0,1.0,1.0,1.0,0,0.0,0.0
2015-01-05 00:00:00-05:00,1.0,1.0,1.0,1.0,0,0.0,0.0
2015-01-06 00:00:00-05:00,1.0,1.0,1.0,1.0,0,0.0,0.0
2015-01-07 00:00:00-05:00,1.0,1.0,1.0,1.0,0,0.0,0.0
2015-01-08 00:00:00-05:00,1.0,1.0,1.0,1.0,0,0.0,0.0
2015-01-09 00:00:00-05:00,1.0,1.0,1.0,1.0,0,0.0,0.0
2015-01-12 00:00:00-05:00,1.0,1.0,1.0,1.0,0,0.0,0.0
2015-01-13 00:00:00-05:00,0.9800000190734863,0.9800000190734863,0.9800000190734863,0.9800000190734863,525,0.0,0.0
2015-01-14 00:00:00-05:00,0.9800000190734863,0.9800000190734863,0.9800000190734863,0.9800000190734863,0,0.0,0.0
2015-01-15 00:00:00-05:00,0.9800000190734863,0.9800000190734863,0.9800000190734863,0.9800000190734863,0,0.0,0.0
2015-01-16 00:00:00-05:00,0.9800000190734863,0.9800000190734863,0.9800000190734863,0.9800000190734863,0,0.0,0.0
2015-01-20 00:00:00-05:00,0.9800000190734863,0.9800000190734863,0.9800000190734863,0.9800000190734863,0,0.0,0.0
2015-01-21 00:00:00-05:00,0.9800000190734863,0.9800000190734863,0.9800000190734863,0.9800000190734863,0,0.0,0.0
2015-01-22 00:00:00-05:00,0.9800000190734863,0.9800000190734863,0.9800000190734863,0.9800000190734863,0,0.0,0.0
2015-01-23 00:00:00-05:00,0.9800000190734863,0.9800000190734863,0.9800000190734863,0.9800000190734863,0,0.0,0.0
2015-01-26 00:00:00-05:00,0.9800000190734863,0.9800000190734863,0.9800000190734863,0.9800000190734863,0,0.0,0.0
2015-01-27 00:00:00-05:00,0.9800000190734863,0.9800000190734863,0.9800000190734863,0.9800000190734863,0,0.0,0.0
2015-01-28 00:00:00-05:00,0.9800000190734863,0.9800000190734863,0.9800000190734863,0.9800000190734863,0,0.0,0.0
2015-01-29 00:00:00-05:00,0.9800000190734863,0.9800000190734863,0.9800000190734863,0.9800000190734863,0,0.0,0.0
2015-01-30 00:00:00-05:00,0.9800000190734863,0.9800000190734863,0.9800000190734863,0.9800000190734863,0,0.0,0.0
2015-02-02 00:00:00-05:00,0.9800000190734863,0.9800000190734863,0.9800000190734863,0.9800000190734863,0,0.0,0.0
2015-02-03 00:00:00-05:00,1.6200000047683716,1.6200000047683716,1.6200000047683716,1.6200000047683716,565,0.0,0.0
2015-02-04 00:00:00-05:00,1.6200000047683716,1.6200000047683716,1.6200000047683716,1.6200000047683716,0,0.0,0.0
2015-02-05 00:00:00-05:00,1.6200000047683716,1.6200000047683716,1.6200000047683716,1.6200000047683716,0,0.0,0.0
2015-02-06 00:00:00-05:00,1.6200000047683716,1.6200000047683716,1.6200000047683716,1.6200000047683716,0,0.0,0.0
2015-02-09 00:00:00-05:00,1.6200000047683716,1.6200000047683716,1.6200000047683716,1.6200000047683716,0,0.0,0.0
2015-02-10 00:00:00-05:00,1.6200000047683716,1.6200000047683716,1.6200000047683716,1.6200000047683716,0,0.0,0.0
2015-02-11 00:00:00-05:00,1.6200000047683716,1.6200000047683716,1.6200000047683716,1.6200000047683716,0,0.0,0.0
2015-02-12 00:00:00-05:00,1.6200000047683716,1.6200000047683716,1.6200000047683716,1.6200000047683716,0,0.0,0.0
2015-02-13 00:00:00-05:00,1.6200000047683716,1.6200000047683716,1.6200000047683716,1.6200000047683716,0,0.0,0.0
2015-02-17 00:00:00-05:00,1.6200000047683716,1.6200000047683716,1.6200000047683716,1.6200000047683716,0,0.0,0.0
2015-02-18 00:00:00-05:00,1.6200000047683716,1.6200000047683716,1.6200000047683716,1.6200000047683716,0,0.0,0.0
2015-02-19 00:00:00-05:00,1.6200000047683716,1.6200000047683716,1.6200000047683716,1.6200000047683716,0,0.0,0.0
2015-02-20 00:00:00-05:00,1.6200000047683716,1.6200000047683716,1.6200000047683716,1.6200000047683716,0,0.0,0.0
2015-02-23 00:00:00-05:00,1.6200000047683716,1.6200000047683716,1.6200000047683716,1.6200000047683716,0,0.0,0.0
2015-02-24 00:00:00-05:00,1.6200000047683716,1.6200000047683716,1.6200000047683716,1.6200000047683716,0,0.0,0.0
2015-02-25 00:00:00-05:00,1.6200000047683716,1.6200000047683716,1.6200000047683716,1.6200000047683716,0,0.0,0.0
2015-02-26 00:00:00-05:00,1.6200000047683716,1.6200000047683716,1.6200000047683716,1.6200000047683716,0,0.0,0.0
2015-02-27 00:00:00-05:00,1.6200000047683716,1.6200000047683716,1.6200000047683716,1.6200000047683716,0,0.0,0.0
2015-03-02 00:00:00-05:00,1.6200000047683716,1.6200000047683716,1.6200000047683716,1.6200000047683716,0,0.0,0.0
2015-03-03 00:00:00-05:00,1.6200000047683716,1.6200000047683716,1.6200000047683716,1.6200000047683716,0,0.0,0.0
2015-03-04 00:00:00-05:00,1.6200000047683716,1.6200000047683716,1.6200000047683716,1.6200000047683716,0,0.0,0.0
2015-03-05 00:00:00-05:00,1.6200000047683716,1.6200000047683716,1.6200000047683716,1.6200000047683716,0,0.0,0.0
2015-03-06 00:00:00-05:00,1.6200000047683716,1.6200000047683716,1.6200000047683716,1.6200000047683716,0,0.0,0.0
2015-03-09 00:00:00-04:00,1.6200000047683716,1.6200000047683716,1.6200000047683716,1.6200000047683716,0,0.0,0.0
2015-03-10 00:00:00-04:00,1.6200000047683716,1.6200000047683716,1.6200000047683716,1.6200000047683716,0,0.0,0.0
2015-03-11 00:00:00-04:00,1.6200000047683716,1.6200000047683716,1.6200000047683716,1.6200000047683716,0,0.0,0.0
2015-03-12 00:00:00-04:00,1.5199999809265137,1.600000023841858,1.5199999809265137,1.600000023841858,635,0.0,0.0
2015-03-13 00:00:00-04:00,1.600000023841858,1.600000023841858,1.600000023841858,1.600000023841858,0,0.0,0.0
2015-03-16 00:00:00-04:00,1.600000023841858,1.600000023841858,1.600000023841858,1.600000023841858,0,0.0,0.0
2015-03-17 00:00:00-04:00,1.600000023841858,1.600000023841858,1.600000023841858,1.600000023841858,0,0.0,0.0
2015-03-18 00:00:00-04:00,1.600000023841858,1.600000023841858,1.600000023841858,1.600000023841858,0,0.0,0.0
2015-03-19 00:00:00-04:00,1.600000023841858,1.600000023841858,1.600000023841858,1.600000023841858,0,0.0,0.0
2015-03-20 00:00:00-04:00,1.600000023841858,1.600000023841858,1.600000023841858,1.600000023841858,0,0.0,0.0
2015-03-23 00:00:00-04:00,1.600000023841858,1.600000023841858,1.600000023841858,1.600000023841858,0,0.0,0.0
2015-03-24 00:00:00-04:00,1.600000023841858,1.600000023841858,1.600000023841858,1.600000023841858,0,0.0,0.0
2015-03-25 00:00:00-04:00,1.600000023841858,1.600000023841858,1.600000023841858,1.600000023841858,0,0.0,0.0
2015-03-26 00:00:00-04:00,1.600000023841858,1.600000023841858,1.600000023841858,1.600000023841858,0,0.0,0.0
2015-03-27 00:00:00-04:00,1.600000023841858,1.600000023841858,1.600000023841858,1.600000023841858,0,0.0,0.0
2015-03-30 00:00:00-04:00,1.600000023841858,1.600000023841858,1.600000023841858,1.600000023841858,0,0.0,0.0
2015-03-31 00:00:00-04:00,1.600000023841858,1.600000023841858,1.600000023841858,1.600000023841858,0,0.0,0.0
2015-04-01 00:00:00-04:00,1.600000023841858,1.600000023841858,1.600000023841858,1.600000023841858,0,0.0,0.0
2015-04-02 00:00:00-04:00,1.600000023841858,1.600000023841858,1.600000023841858,1.600000023841858,0,0.0,0.0
2015-04-06 00:00:00-04:00,1.600000023841858,1.600000023841858,1.600000023841858,1.600000023841858,0,0.0,0.0
2015-04-07 00:00:00-04:00,1.600000023841858,1.600000023841858,1.600000023841858,1.600000023841858,0,0.0,0.0
2015-04-08 00:00:00-04:00,1.600000023841858,1.600000023841858,1.600000023841858,1.600000023841858,0,0.0,0.0
2015-04-09 00:00:00-04:00,1.600000023841858,1.600000023841858,1.600000023841858,1.600000023841858,0,0.0,0.0
2015-04-10 00:00:00-04:00,1.600000023841858,1.600000023841858,1.600000023841858,1.600000023841858,0,0.0,0.0
2015-04-13 00:00:00-04:00,1.440000057220459,1.440000057220459,1.440000057220459,1.440000057220459,850,0.0,0.0
2015-04-14 00:00:00-04:00,1.440000057220459,1.440000057220459,1.440000057220459,1.440000057220459,0,0.0,0.0
2015-04-15 00:00:00-04:00,1.440000057220459,1.440000057220459,1.440000057220459,1.440000057220459,0,0.0,0.0
2015-04-16 00:00:00-04:00,1.440000057220459,1.440000057220459,1.440000057220459,1.440000057220459,0,0.0,0.0
2015-04-17 00:00:00-04:00,1.440000057220459,1.440000057220459,1.440000057220459,1.440000057220459,0,0.0,0.0
2015-04-20 00:00:00-04:00,1.440000057220459,1.440000057220459,1.440000057220459,1.440000057220459,0,0.0,0.0
2015-04-21 00:00:00-04:00,1.440000057220459,1.440000057220459,1.440000057220459,1.440000057220459,0,0.0,0.0
2015-04-22 00:00:00-04:00,1.440000057220459,1.440000057220459,1.440000057220459,1.440000057220459,0,0.0,0.0
2015-04-23 00:00:00-04:00,1.440000057220459,1.440000057220459,1.440000057220459,1.440000057220459,0,0.0,0.0
2015-04-24 00:00:00-04:00,1.440000057220459,1.440000057220459,1.440000057220459,1.440000057220459,0,0.0,0.0
2015-04-27 00:00:00-04:00,1.440000057220459,1.440000057220459,1.440000057220459,1.440000057220459,0,0.0,0.0
2015-04-28 00:00:00-04:00,1.440000057220459,1.440000057220459,1.440000057220459,1.440000057220459,0,0.0,0.0
2015-04-29 00:00:00-04:00,1.440000057220459,1.440000057220459,1.440000057220459,1.440000057220459,0,0.0,0.0
2015-04-30 00:00:00-04:00,1.440000057220459,1.440000057220459,1.440000057220459,1.440000057220459,0,0.0,0.0
2015-05-01 00:00:00-04:00,1.440000057220459,1.440000057220459,1.440000057220459,1.440000057220459,0,0.0,0.0
2015-05-04 00:00:00-04:00,1.440000057220459,1.440000057220459,1.440000057220459,1.440000057220459,0,0.0,0.0
2015-05-05 00:00:00-04:00,1.440000057220459,1.440000057220459,1.440000057220459,1.440000057220459,0,0.0,0.0
2015-05-06 00:00:00-04:00,1.440000057220459,1.440000057220459,1.440000057220459,1.440000057220459,0,0.0,0.0
2015-05-07 00:00:00-04:00,1.440000057220459,1.440000057220459,1.440000057220459,1.440000057220459,0,0.0,0.0
2015-05-08 00:00:00-04:00,1.440000057220459,1.440000057220459,1.440000057220459,1.440000057220459,0,0.0,0.0
2015-05-11 00:00:00-04:00,1.440000057220459,1.440000057220459,1.440000057220459,1.440000057220459,0,0.0,0.0
2015-05-12 00:00:00-04:00,1.440000057220459,1.440000057220459,1.440000057220459,1.440000057220459,0,0.0,0.0
2015-05-13 00:00:00-04:00,1.440000057220459,1.440000057220459,1.440000057220459,1.440000057220459,0,0.0,0.0
2015-05-14 00:00:00-04:00,1.6399999856948853,1.6399999856948853,1.6399999856948853,1.6399999856948853,1200,0.0,0.0
2015-05-15 00:00:00-04:00,1.6399999856948853,1.6399999856948853,1.6399999856948853,1.6399999856948853,0,0.0,0.0
2015-05-18 00:00:00-04:00,1.6399999856948853,1.6399999856948853,1.6399999856948853,1.6399999856948853,0,0.0,0.0
2015-05-19 00:00:00-04:00,1.6399999856948853,1.6399999856948853,1.6399999856948853,1.6399999856948853,0,0.0,0.0
2015-05-20 00:00:00-04:00,1.6399999856948853,1.6399999856948853,1.6399999856948853,1.6399999856948853,0,0.0,0.0
2015-05-21 00:00:00-04:00,1.6399999856948853,1.6399999856948853,1.6399999856948853,1.6399999856948853,0,0.0,0.0
2015-05-22 00:00:00-04:00,1.6399999856948853,1.6399999856948853,1.6399999856948853,1.6399999856948853,0,0.0,0.0
2015-05-26 00:00:00-04:00,1.6399999856948853,1.6399999856948853,1.6399999856948853,1.6399999856948853,0,0.0,0.0
2015-05-27 00:00:00-04:00,1.6399999856948853,1.6399999856948853,1.6399999856948853,1.6399999856948853,0,0.0,0.0
2015-05-28 00:00:00-04:00,1.6399999856948853,1.6399999856948853,1.6399999856948853,1.6399999856948853,0,0.0,0.0
2015-05-29 00:00:00-04:00,1.6399999856948853,1.6399999856948853,1.6399999856948853,1.6399999856948853,0,0.0,0.0
2015-06-01 00:00:00-04:00,1.6399999856948853,1.6399999856948853,1.6399999856948853,1.6399999856948853,0,0.0,0.0
2015-06-02 00:00:00-04:00,1.6399999856948853,1.6399999856948853,1.6399999856948853,1.6399999856948853,0,0.0,0.0
2015-06-03 00:00:00-04:00,1.6399999856948853,1.6399999856948853,1.6399999856948853,1.6399999856948853,0,0.0,0.0
2015-06-04 00:00:00-04:00,1.6399999856948853,1.6399999856948853,1.6399999856948853,1.6399999856948853,0,0.0,0.0
2015-06-05 00:00:00-04:00,1.6399999856948853,1.6399999856948853,1.6399999856948853,1.6399999856948853,0,0.0,0.0
2015-06-08 00:00:00-04:00,1.6399999856948853,1.6399999856948853,1.6399999856948853,1.6399999856948853,0,0.0,0.0
2015-06-09 00:00:00-04:00,1.6399999856948853,1.6399999856948853,1.6399999856948853,1.6399999856948853,0,0.0,0.0
2015-06-10 00:00:00-04:00,1.6399999856948853,1.6399999856948853,1.6399999856948853,1.6399999856948853,0,0.0,0.0
2015-06-11 00:00:00-04:00,1.6399999856948853,1.6399999856948853,1.6399999856948853,1.6399999856948853,0,0.0,0.0
2015-06-12 00:00:00-04:00,1.6399999856948853,1.6399999856948853,1.6399999856948853,1.6399999856948853,0,0.0,0.0
2015-06-15 00:00:00-04:00,1.6399999856948853,1.6399999856948853,1.6399999856948853,1.6399999856948853,0,0.0,0.0
2015-06-16 00:00:00-04:00,1.6399999856948853,1.6399999856948853,1.6399999856948853,1.6399999856948853,0,0.0,0.0
2015-06-17 00:00:00-04:00,1.6399999856948853,1.6399999856948853,1.6399999856948853,1.6399999856948853,0,0.0,0.0
2015-06-18 00:00:00-04:00,1.6399999856948853,1.6399999856948853,1.6399999856948853,1.6399999856948853,0,0.0,0.0
2015-06-19 00:00:00-04:00,1.6399999856948853,1.6399999856948853,1.6399999856948853,1.6399999856948853,0,0.0,0.0
2015-06-22 00:00:00-04:00,1.6399999856948853,1.6399999856948853,1.6399999856948853,1.6399999856948853,0,0.0,0.0
2015-06-23 00:00:00-04:00,1.6399999856948853,1.6399999856948853,1.6399999856948853,1.6399999856948853,0,0.0,0.0
2015-06-24 00:00:00-04:00,1.6399999856948853,1.6399999856948853,1.6399999856948853,1.6399999856948853,0,0.0,0.0
2015-06-25 00:00:00-04:00,1.6399999856948853,1.6399999856948853,1.6399999856948853,1.6399999856948853,0,0.0,0.0
2015-06-26 00:00:00-04:00,1.6399999856948853,1.6399999856948853,1.6399999856948853,1.6399999856948853,0,0.0,0.0
2015-06-29 00:00:00-04:00,1.6399999856948853,1.6399999856948853,1.6399999856948853,1.6399999856948853,0,0.0,0.0
2015-06-30 00:00:00-04:00,1.6399999856948853,1.6399999856948853,1.6399999856948853,1.6399999856948853,0,0.0,0.0
2015-07-01 00:00:00-04:00,1.6399999856948853,1.6399999856948853,1.6399999856948853,1.6399999856948853,0,0.0,0.0
2015-07-02 00:00:00-04:00,1.6399999856948853,1.6399999856948853,1.6399999856948853,1.6399999856948853,0,0.0,0.0
2015-07-06 00:00:00-04:00,1.6399999856948853,1.6399999856948853,1.6399999856948853,1.6399999856948853,0,0.0,0.0
2015-07-07 00:00:00-04:00,1.6399999856948853,1.6399999856948853,1.6399999856948853,1.6399999856948853,0,0.0,0.0
2015-07-08 00:00:00-04:00,1.6399999856948853,1.6399999856948853,1.6399999856948853,1.6399999856948853,0,0.0,0.0
2015-07-09 00:00:00-04:00,1.6399999856948853,1.6399999856948853,1.6399999856948853,1.6399999856948853,0,0.0,0.0
2015-07-10 00:00:00-04:00,1.6399999856948853,1.6399999856948853,1.6399999856948853,1.6399999856948853,0,0.0,0.0
2015-07-13 00:00:00-04:00,1.6399999856948853,1.6399999856948853,1.6399999856948853,1.6399999856948853,0,0.0,0.0
2015-07-14 00:00:00-04:00,1.6399999856948853,1.6399999856948853,1.6399999856948853,1.6399999856948853,0,0.0,0.0
2015-07-15 00:00:00-04:00,1.6399999856948853,1.6399999856948853,1.6399999856948853,1.6399999856948853,0,0.0,0.0
2015-07-16 00:00:00-04:00,1.6399999856948853,1.6399999856948853,1.6399999856948853,1.6399999856948853,0,0.0,0.0
2015-07-17 00:00:00-04:00,1.6399999856948853,1.6399999856948853,1.6399999856948853,1.6399999856948853,0,0.0,0.0
2015-07-20 00:00:00-04:00,1.6399999856948853,1.6399999856948853,1.6399999856948853,1.6399999856948853,0,0.0,0.0
2015-07-21 00:00:00-04:00,1.6399999856948853,1.6399999856948853,1.6399999856948853,1.6399999856948853,0,0.0,0.0
2015-07-22 00:00:00-04:00,1.6399999856948853,1.6399999856948853,1.6399999856948853,1.6399999856948853,0,0.0,0.0
2015-07-23 00:00:00-04:00,1.6399999856948853,1.6399999856948853,1.6399999856948853,1.6399999856948853,0,0.0,0.0
2015-07-24 00:00:00-04:00,1.6399999856948853,1.6399999856948853,1.6399999856948853,1.6399999856948853,0,0.0,0.0
2015-07-27 00:00:00-04:00,1.6399999856948853,1.6399999856948853,1.6399999856948853,1.6399999856948853,0,0.0,0.0
2015-07-28 00:00:00-04:00,1.6399999856948853,1.6399999856948853,1.6399999856948853,1.6399999856948853,0,0.0,0.0
2015-07-29 00:00:00-04:00,1.6399999856948853,1.6399999856948853,1.6399999856948853,1.6399999856948853,0,0.0,0.0
2015-07-30 00:00:00-04:00,1.5759999752044678,1.5759999752044678,1.5759999752044678,1.5759999752044678,50,0.0,0.0
2015-07-31 00:00:00-04:00,1.5759999752044678,1.5759999752044678,1.5759999752044678,1.5759999752044678,0,0.0,0.0
2015-08-03 00:00:00-04:00,1.5759999752044678,1.5759999752044678,1.5759999752044678,1.5759999752044678,0,0.0,0.0
2015-08-04 00:00:00-04:00,1.5759999752044678,1.5759999752044678,1.5759999752044678,1.5759999752044678,0,0.0,0.0
2015-08-05 00:00:00-04:00,1.5759999752044678,1.5759999752044678,1.5759999752044678,1.5759999752044678,0,0.0,0.0
2015-08-06 00:00:00-04:00,1.5759999752044678,1.5759999752044678,1.5759999752044678,1.5759999752044678,0,0.0,0.0
2015-08-07 00:00:00-04:00,1.5759999752044678,1.5759999752044678,1.5759999752044678,1.5759999752044678,0,0.0,0.0
2015-08-10 00:00:00-04:00,1.5759999752044678,1.5759999752044678,1.5759999752044678,1.5759999752044678,0,0.0,0.0
2015-08-11 00:00:00-04:00,1.5759999752044678,1.5759999752044678,1.5759999752044678,1.5759999752044678,0,0.0,0.0
2015-08-12 00:00:00-04:00,1.5759999752044678,1.5759999752044678,1.5759999752044678,1.5759999752044678,0,0.0,0.0
2015-08-13 00:00:00-04:00,1.5759999752044678,1.5759999752044678,1.5759999752044678,1.5759999752044678,0,0.0,0.0
2015-08-14 00:00:00-04:00,1.5759999752044678,1.5759999752044678,1.5759999752044678,1.5759999752044678,0,0.0,0.0
2015-08-17 00:00:00-04:00,1.5759999752044678,1.5759999752044678,1.5759999752044678,1.5759999752044678,0,0.0,0.0
2015-08-18 00:00:00-04:00,1.5759999752044678,1.5759999752044678,1.5759999752044678,1.5759999752044678,0,0.0,0.0
2015-08-19 00:00:00-04:00,1.5759999752044678,1.5759999752044678,1.5759999752044678,1.5759999752044678,0,0.0,0.0
2015-08-20 00:00:00-04:00,1.5759999752044678,1.5759999752044678,1.5759999752044678,1.5759999752044678,0,0.0,0.0
2015-08-21 00:00:00-04:00,1.5759999752044678,1.5759999752044678,1.5759999752044678,1.5759999752044678,0,0.0,0.0
2015-08-24 00:00:00-04:00,1.5759999752044678,1.5759999752044678,1.5759999752044678,1.5759999752044678,0,0.0,0.0
2015-08-25 00:00:00-04:00,1.5759999752044678,1.5759999752044678,1.5759999752044678,1.5759999752044678,0,0.0,0.0
2015-08-26 00:00:00-04:00,1.5759999752044678,1.5759999752044678,1.5759999752044678,1.5759999752044678,0,0.0,0.0
2015-08-27 00:00:00-04:00,1.5759999752044678,1.5759999752044678,1.5759999752044678,1.5759999752044678,0,0.0,0.0
2015-08-28 00:00:00-04:00,1.0,1.399999976158142,1.0,1.399999976158142,16650,0.0,0.0
2015-08-31 00:00:00-04:00,1.100000023841858,1.100000023841858,1.100000023841858,1.100000023841858,150,0.0,0.0
2015-09-01 00:00:00-04:00,1.399999976158142,1.399999976158142,1.399999976158142,1.399999976158142,5830,0.0,0.0
2015-09-02 00:00:00-04:00,1.399999976158142,1.399999976158142,1.399999976158142,1.399999976158142,50,0.0,0.0
2015-09-03 00:00:00-04:00,1.399999976158142,1.399999976158142,1.399999976158142,1.399999976158142,1050,0.0,0.0
2015-09-04 00:00:00-04:00,1.4839999675750732,1.559999942779541,1.4839999675750732,1.5579999685287476,1650,0.0,0.0
2015-09-08 00:00:00-04:00,1.5640000104904175,1.5640000104904175,1.5640000104904175,1.5640000104904175,25,0.0,0.0
2015-09-09 00:00:00-04:00,1.6380000114440918,1.7879999876022339,1.6380000114440918,1.7879999876022339,1400,0.0,0.0
2015-09-10 00:00:00-04:00,1.7879999876022339,1.7879999876022339,1.7879999876022339,1.7879999876022339,0,0.0,0.0
2015-09-11 00:00:00-04:00,1.7879999876022339,1.7879999876022339,1.7879999876022339,1.7879999876022339,0,0.0,0.0
2015-09-14 00:00:00-04:00,1.7879999876022339,1.7879999876022339,1.7879999876022339,1.7879999876022339,0,0.0,0.0
2015-09-15 00:00:00-04:00,1.7879999876022339,1.7879999876022339,1.7879999876022339,1.7879999876022339,0,0.0,0.0
2015-09-16 00:00:00-04:00,1.7879999876022339,1.7879999876022339,1.7879999876022339,1.7879999876022339,0,0.0,0.0
2015-09-17 00:00:00-04:00,1.7879999876022339,1.7879999876022339,1.7879999876022339,1.7879999876022339,0,0.0,0.0
2015-09-18 00:00:00-04:00,1.7879999876022339,1.7879999876022339,1.7879999876022339,1.7879999876022339,0,0.0,0.0
2015-09-21 00:00:00-04:00,1.7879999876022339,1.7879999876022339,1.7879999876022339,1.7879999876022339,0,0.0,0.0
2015-09-22 00:00:00-04:00,1.694000005722046,1.694000005722046,1.694000005722046,1.694000005722046,25,0.0,0.0
2015-09-23 00:00:00-04:00,1.694000005722046,1.694000005722046,1.694000005722046,1.694000005722046,0,0.0,0.0
2015-09-24 00:00:00-04:00,1.694000005722046,1.694000005722046,1.694000005722046,1.694000005722046,0,0.0,0.0
2015-09-25 00:00:00-04:00,1.694000005722046,1.694000005722046,1.694000005722046,1.694000005722046,0,0.0,0.0
2015-09-28 00:00:00-04:00,1.694000005722046,1.694000005722046,1.694000005722046,1.694000005722046,0,0.0,0.0
2015-09-29 00:00:00-04:00,1.694000005722046,1.694000005722046,1.694000005722046,1.694000005722046,0,0.0,0.0
2015-09-30 00:00:00-04:00,1.694000005722046,1.694000005722046,1.694000005722046,1.694000005722046,0,0.0,0.0
2015-10-01 00:00:00-04:00,1.694000005722046,1.694000005722046,1.694000005722046,1.694000005722046,0,0.0,0.0
2015-10-02 00:00:00-04:00,1.694000005722046,1.694000005722046,1.694000005722046,1.694000005722046,0,0.0,0.0
2015-10-05 00:00:00-04:00,1.694000005722046,1.694000005722046,1.694000005722046,1.694000005722046,0,0.0,0.0
2015-10-06 00:00:00-04:00,1.694000005722046,1.694000005722046,1.694000005722046,1.694000005722046,0,0.0,0.0
2015-10-07 00:00:00-04:00,1.694000005722046,1.694000005722046,1.694000005722046,1.694000005722046,0,0.0,0.0
2015-10-08 00:00:00-04:00,1.694000005722046,1.694000005722046,1.694000005722046,1.694000005722046,0,0.0,0.0
2015-10-09 00:00:00-04:00,1.590000033378601,1.590000033378601,1.590000033378601,1.590000033378601,125,0.0,0.0
2015-10-12 00:00:00-04:00,1.590000033378601,1.590000033378601,1.590000033378601,1.590000033378601,0,0.0,0.0
2015-10-13 00:00:00-04:00,1.590000033378601,1.590000033378601,1.590000033378601,1.590000033378601,0,0.0,0.0
2015-10-14 00:00:00-04:00,1.590000033378601,1.590000033378601,1.590000033378601,1.590000033378601,0,0.0,0.0
2015-10-15 00:00:00-04:00,1.7619999647140503,1.7640000581741333,1.7619999647140503,1.7640000581741333,4500,0.0,0.0
2015-10-16 00:00:00-04:00,1.7640000581741333,1.7640000581741333,1.7640000581741333,1.7640000581741333,0,0.0,0.0
2015-10-19 00:00:00-04:00,1.746000051498413,1.746000051498413,1.746000051498413,1.746000051498413,375,0.0,0.0
2015-10-20 00:00:00-04:00,1.746000051498413,1.746000051498413,1.746000051498413,1.746000051498413,0,0.0,0.0
2015-10-21 00:00:00-04:00,1.746000051498413,1.746000051498413,1.746000051498413,1.746000051498413,0,0.0,0.0
2015-10-22 00:00:00-04:00,1.746000051498413,1.746000051498413,1.746000051498413,1.746000051498413,0,0.0,0.0
2015-10-23 00:00:00-04:00,1.746000051498413,1.746000051498413,1.746000051498413,1.746000051498413,0,0.0,0.0
2015-10-26 00:00:00-04:00,1.746000051498413,1.746000051498413,1.746000051498413,1.746000051498413,0,0.0,0.0
2015-10-27 00:00:00-04:00,1.746000051498413,1.746000051498413,1.746000051498413,1.746000051498413,0,0.0,0.0
2015-10-28 00:00:00-04:00,1.746000051498413,1.746000051498413,1.746000051498413,1.746000051498413,0,0.0,0.0
2015-10-29 00:00:00-04:00,1.746000051498413,1.746000051498413,1.746000051498413,1.746000051498413,0,0.0,0.0
2015-10-30 00:00:00-04:00,1.746000051498413,1.746000051498413,1.746000051498413,1.746000051498413,0,0.0,0.0
2015-11-02 00:00:00-05:00,1.746000051498413,1.746000051498413,1.746000051498413,1.746000051498413,0,0.0,0.0
2015-11-03 00:00:00-05:00,1.746000051498413,1.746000051498413,1.746000051498413,1.746000051498413,0,0.0,0.0
2015-11-04 00:00:00-05:00,1.746000051498413,1.746000051498413,1.746000051498413,1.746000051498413,0,0.0,0.0
2015-11-05 00:00:00-05:00,1.746000051498413,1.746000051498413,1.746000051498413,1.746000051498413,0,0.0,0.0
2015-11-06 00:00:00-05:00,1.746000051498413,1.746000051498413,1.746000051498413,1.746000051498413,0,0.0,0.0
2015-11-09 00:00:00-05:00,1.4800000190734863,1.4800000190734863,1.4800000190734863,1.4800000190734863,880,0.0,0.0
2015-11-10 00:00:00-05:00,1.4800000190734863,1.4800000190734863,1.4800000190734863,1.4800000190734863,0,0.0,0.0
2015-11-11 00:00:00-05:00,1.4800000190734863,1.4800000190734863,1.4800000190734863,1.4800000190734863,0,0.0,0.0
2015-11-12 00:00:00-05:00,1.4800000190734863,1.4800000190734863,1.4800000190734863,1.4800000190734863,0,0.0,0.0
2015-11-13 00:00:00-05:00,1.6239999532699585,1.9279999732971191,1.6239999532699585,1.9279999732971191,11550,0.0,0.0
2015-11-16 00:00:00-05:00,1.9279999732971191,1.9279999732971191,1.9279999732971191,1.9279999732971191,0,0.0,0.0
2015-11-17 00:00:00-05:00,1.9279999732971191,1.9279999732971191,1.9279999732971191,1.9279999732971191,0,0.0,0.0
2015-11-18 00:00:00-05:00,1.9279999732971191,1.9279999732971191,1.9279999732971191,1.9279999732971191,0,0.0,0.0
2015-11-19 00:00:00-05:00,1.694000005722046,1.694000005722046,1.694000005722046,1.694000005722046,15,0.0,0.0
2015-11-20 00:00:00-05:00,1.694000005722046,1.694000005722046,1.694000005722046,1.694000005722046,0,0.0,0.0
2015-11-23 00:00:00-05:00,1.694000005722046,1.694000005722046,1.694000005722046,1.694000005722046,0,0.0,0.0
2015-11-24 00:00:00-05:00,1.694000005722046,1.694000005722046,1.694000005722046,1.694000005722046,0,0.0,0.0
2015-11-25 00:00:00-05:00,1.694000005722046,1.694000005722046,1.694000005722046,1.694000005722046,0,0.0,0.0
2015-11-27 00:00:00-05:00,1.694000005722046,1.694000005722046,1.694000005722046,1.694000005722046,0,0.0,0.0
2015-11-30 00:00:00-05:00,1.694000005722046,1.694000005722046,1.694000005722046,1.694000005722046,0,0.0,0.0
2015-12-01 00:00:00-05:00,1.694000005722046,1.694000005722046,1.694000005722046,1.694000005722046,0,0.0,0.0
2015-12-02 00:00:00-05:00,1.694000005722046,1.694000005722046,1.694000005722046,1.694000005722046,0,0.0,0.0
2015-12-03 00:00:00-05:00,1.6959999799728394,1.6959999799728394,1.6959999799728394,1.6959999799728394,350,0.0,0.0
2015-12-04 00:00:00-05:00,1.7999999523162842,1.7999999523162842,1.7999999523162842,1.7999999523162842,50,0.0,0.0
2015-12-07 00:00:00-05:00,1.7999999523162842,1.7999999523162842,1.7999999523162842,1.7999999523162842,0,0.0,0.0
2015-12-08 00:00:00-05:00,1.7999999523162842,1.7999999523162842,1.7999999523162842,1.7999999523162842,600,0.0,0.0
2015-12-09 00:00:00-05:00,1.7999999523162842,1.7999999523162842,1.7999999523162842,1.7999999523162842,0,0.0,0.0
2015-12-10 00:00:00-05:00,1.7999999523162842,1.7999999523162842,1.7999999523162842,1.7999999523162842,0,0.0,0.0
2015-12-11 00:00:00-05:00,1.7999999523162842,1.7999999523162842,1.7999999523162842,1.7999999523162842,0,0.0,0.0
2015-12-14 00:00:00-05:00,1.7999999523162842,1.7999999523162842,1.7999999523162842,1.7999999523162842,0,0.0,0.0
2015-12-15 00:00:00-05:00,1.7999999523162842,1.7999999523162842,1.7999999523162842,1.7999999523162842,0,0.0,0.0
2015-12-16 00:00:00-05:00,1.7999999523162842,1.7999999523162842,1.7999999523162842,1.7999999523162842,0,0.0,0.0
2015-12-17 00:00:00-05:00,1.7999999523162842,1.7999999523162842,1.7999999523162842,1.7999999523162842,0,0.0,0.0
2015-12-18 00:00:00-05:00,1.7999999523162842,1.7999999523162842,1.7999999523162842,1.7999999523162842,0,0.0,0.0
2015-12-21 00:00:00-05:00,1.4600000381469727,1.4600000381469727,1.4600000381469727,1.4600000381469727,125,0.0,0.0
2015-12-22 00:00:00-05:00,1.4600000381469727,1.4600000381469727,1.4600000381469727,1.4600000381469727,0,0.0,0.0
2015-12-23 00:00:00-05:00,1.4600000381469727,1.4600000381469727,1.4600000381469727,1.4600000381469727,0,0.0,0.0
2015-12-24 00:00:00-05:00,1.4600000381469727,1.4600000381469727,1.4600000381469727,1.4600000381469727,0,0.0,0.0
2015-12-28 00:00:00-05:00,1.4600000381469727,1.4600000381469727,1.4600000381469727,1.4600000381469727,0,0.0,0.0
2015-12-29 00:00:00-05:00,1.899999976158142,1.899999976158142,1.899999976158142,1.899999976158142,600,0.0,0.0
2015-12-30 00:00:00-05:00,1.899999976158142,1.899999976158142,1.899999976158142,1.899999976158142,0,0.0,0.0
2015-12-31 00:00:00-05:00,1.899999976158142,1.899999976158142,1.899999976158142,1.899999976158142,0,0.0,0.0
2016-01-04 00:00:00-05:00,1.899999976158142,1.899999976158142,1.899999976158142,1.899999976158142,0,0.0,0.0
2016-01-05 00:00:00-05:00,1.899999976158142,1.899999976158142,1.899999976158142,1.899999976158142,0,0.0,0.0
2016-01-06 00:00:00-05:00,1.899999976158142,1.899999976158142,1.899999976158142,1.899999976158142,0,0.0,0.0
2016-01-07 00:00:00-05:00,1.899999976158142,1.899999976158142,1.899999976158142,1.899999976158142,0,0.0,0.0
2016-01-08 00:00:00-05:00,1.899999976158142,1.899999976158142,1.899999976158142,1.899999976158142,0,0.0,0.0
2016-01-11 00:00:00-05:00,1.899999976158142,1.899999976158142,1.899999976158142,1.899999976158142,0,0.0,0.0
2016-01-12 00:00:00-05:00,1.899999976158142,1.899999976158142,1.899999976158142,1.899999976158142,0,0.0,0.0
2016-01-13 00:00:00-05:00,1.899999976158142,1.899999976158142,1.899999976158142,1.899999976158142,0,0.0,0.0
2016-01-14 00:00:00-05:00,1.899999976158142,1.899999976158142,1.899999976158142,1.899999976158142,0,0.0,0.0
2016-01-15 00:00:00-05:00,1.899999976158142,1.899999976158142,1.899999976158142,1.899999976158142,0,0.0,0.0
2016-01-19 00:00:00-05:00,1.899999976158142,1.899999976158142,1.899999976158142,1.899999976158142,0,0.0,0.0
2016-01-20 00:00:00-05:00,1.899999976158142,1.899999976158142,1.899999976158142,1.899999976158142,0,0.0,0.0
2016-01-21 00:00:00-05:00,1.899999976158142,1.899999976158142,1.899999976158142,1.899999976158142,0,0.0,0.0
2016-01-22 00:00:00-05:00,2.184000015258789,2.184000015258789,2.184000015258789,2.184000015258789,175,0.0,0.0
2016-01-25 00:00:00-05:00,2.184000015258789,2.184000015258789,2.184000015258789,2.184000015258789,0,0.0,0.0
2016-01-26 00:00:00-05:00,2.184000015258789,2.184000015258789,2.184000015258789,2.184000015258789,0,0.0,0.0
2016-01-27 00:00:00-05:00,2.184000015258789,2.184000015258789,2.184000015258789,2.184000015258789,0,0.0,0.0
2016-01-28 00:00:00-05:00,2.184000015258789,2.184000015258789,2.184000015258789,2.184000015258789,0,0.0,0.0
2016-01-29 00:00:00-05:00,2.184000015258789,2.184000015258789,2.184000015258789,2.184000015258789,0,0.0,0.0
2016-02-01 00:00:00-05:00,2.184000015258789,2.184000015258789,2.184000015258789,2.184000015258789,0,0.0,0.0
2016-02-02 00:00:00-05:00,2.184000015258789,2.184000015258789,2.184000015258789,2.184000015258789,0,0.0,0.0
2016-02-03 00:00:00-05:00,2.184000015258789,2.184000015258789,2.184000015258789,2.184000015258789,0,0.0,0.0
2016-02-04 00:00:00-05:00,2.184000015258789,2.184000015258789,2.184000015258789,2.184000015258789,0,0.0,0.0
2016-02-05 00:00:00-05:00,2.184000015258789,2.184000015258789,2.184000015258789,2.184000015258789,0,0.0,0.0
2016-02-08 00:00:00-05:00,2.184000015258789,2.184000015258789,2.184000015258789,2.184000015258789,0,0.0,0.0
2016-02-09 00:00:00-05:00,2.184000015258789,2.184000015258789,2.184000015258789,2.184000015258789,0,0.0,0.0
2016-02-10 00:00:00-05:00,2.184000015258789,2.184000015258789,2.184000015258789,2.184000015258789,0,0.0,0.0
2016-02-11 00:00:00-05:00,2.184000015258789,2.184000015258789,2.184000015258789,2.184000015258789,0,0.0,0.0
2016-02-12 00:00:00-05:00,2.184000015258789,2.184000015258789,2.184000015258789,2.184000015258789,0,0.0,0.0
2016-02-16 00:00:00-05:00,2.2200000286102295,2.2200000286102295,2.2200000286102295,2.2200000286102295,50,0.0,0.0
2016-02-17 00:00:00-05:00,2.2200000286102295,2.2200000286102295,2.2200000286102295,2.2200000286102295,0,0.0,0.0
2016-02-18 00:00:00-05:00,2.2200000286102295,2.2200000286102295,2.2200000286102295,2.2200000286102295,0,0.0,0.0
2016-02-19 00:00:00-05:00,2.2200000286102295,2.2200000286102295,2.2200000286102295,2.2200000286102295,0,0.0,0.0
2016-02-22 00:00:00-05:00,2.2200000286102295,2.2200000286102295,2.2200000286102295,2.2200000286102295,0,0.0,0.0
2016-02-23 00:00:00-05:00,2.2200000286102295,2.2200000286102295,2.2200000286102295,2.2200000286102295,0,0.0,0.0
2016-02-24 00:00:00-05:00,2.2200000286102295,2.2200000286102295,2.2200000286102295,2.2200000286102295,0,0.0,0.0
2016-02-25 00:00:00-05:00,2.2200000286102295,2.2200000286102295,2.2200000286102295,2.2200000286102295,0,0.0,0.0
2016-02-26 00:00:00-05:00,2.2200000286102295,2.2200000286102295,2.2200000286102295,2.2200000286102295,0,0.0,0.0
2016-02-29 00:00:00-05:00,2.2200000286102295,2.2200000286102295,2.2200000286102295,2.2200000286102295,0,0.0,0.0
2016-03-01 00:00:00-05:00,2.2200000286102295,2.2200000286102295,2.2200000286102295,2.2200000286102295,0,0.0,0.0
2016-03-02 00:00:00-05:00,2.2200000286102295,2.2200000286102295,2.2200000286102295,2.2200000286102295,0,0.0,0.0
2016-03-03 00:00:00-05:00,2.2200000286102295,2.2200000286102295,2.2200000286102295,2.2200000286102295,0,0.0,0.0
2016-03-04 00:00:00-05:00,2.2200000286102295,2.2200000286102295,2.2200000286102295,2.2200000286102295,0,0.0,0.0
2016-03-07 00:00:00-05:00,2.2200000286102295,2.2200000286102295,2.2200000286102295,2.2200000286102295,0,0.0,0.0
2016-03-08 00:00:00-05:00,2.2200000286102295,2.2200000286102295,2.2200000286102295,2.2200000286102295,0,0.0,0.0
2016-03-09 00:00:00-05:00,2.2200000286102295,2.2200000286102295,2.2200000286102295,2.2200000286102295,0,0.0,0.0
2016-03-10 00:00:00-05:00,2.2200000286102295,2.2200000286102295,2.2200000286102295,2.2200000286102295,0,0.0,0.0
2016-03-11 00:00:00-05:00,2.2200000286102295,2.2200000286102295,2.2200000286102295,2.2200000286102295,0,0.0,0.0
2016-03-14 00:00:00-04:00,2.759999990463257,2.76200008392334,2.759999990463257,2.76200008392334,1000,0.0,0.0
2016-03-15 00:00:00-04:00,2.7360000610351562,2.7360000610351562,2.6579999923706055,2.6579999923706055,225,0.0,0.0
2016-03-16 00:00:00-04:00,2.6579999923706055,2.6579999923706055,2.6579999923706055,2.6579999923706055,0,0.0,0.0
2016-03-17 00:00:00-04:00,2.6579999923706055,2.6579999923706055,2.6579999923706055,2.6579999923706055,0,0.0,0.0
2016-03-18 00:00:00-04:00,2.6579999923706055,2.6579999923706055,2.6579999923706055,2.6579999923706055,0,0.0,0.0
2016-03-21 00:00:00-04:00,2.6579999923706055,2.6579999923706055,2.6579999923706055,2.6579999923706055,0,0.0,0.0
2016-03-22 00:00:00-04:00,2.6579999923706055,2.6579999923706055,2.6579999923706055,2.6579999923706055,0,0.0,0.0
2016-03-23 00:00:00-04:00,2.6579999923706055,2.6579999923706055,2.6579999923706055,2.6579999923706055,0,0.0,0.0
2016-03-24 00:00:00-04:00,2.6579999923706055,2.6579999923706055,2.6579999923706055,2.6579999923706055,0,0.0,0.0
2016-03-28 00:00:00-04:00,2.6579999923706055,2.6579999923706055,2.6579999923706055,2.6579999923706055,0,0.0,0.0
2016-03-29 00:00:00-04:00,2.6579999923706055,2.6579999923706055,2.6579999923706055,2.6579999923706055,0,0.0,0.0
2016-03-30 00:00:00-04:00,2.6579999923706055,2.6579999923706055,2.6579999923706055,2.6579999923706055,0,0.0,0.0
2016-03-31 00:00:00-04:00,2.6579999923706055,2.6579999923706055,2.6579999923706055,2.6579999923706055,0,0.0,0.0
2016-04-01 00:00:00-04:00,2.6579999923706055,2.6579999923706055,2.6579999923706055,2.6579999923706055,0,0.0,0.0
2016-04-04 00:00:00-04:00,2.6579999923706055,2.6579999923706055,2.6579999923706055,2.6579999923706055,0,0.0,0.0
2016-04-05 00:00:00-04:00,2.6579999923706055,2.6579999923706055,2.6579999923706055,2.6579999923706055,0,0.0,0.0
2016-04-06 00:00:00-04:00,2.6579999923706055,2.6579999923706055,2.6579999923706055,2.6579999923706055,0,0.0,0.0
2016-04-07 00:00:00-04:00,2.6579999923706055,2.6579999923706055,2.6579999923706055,2.6579999923706055,0,0.0,0.0
2016-04-08 00:00:00-04:00,2.6579999923706055,2.6579999923706055,2.6579999923706055,2.6579999923706055,0,0.0,0.0
2016-04-11 00:00:00-04:00,2.6579999923706055,2.6579999923706055,2.6579999923706055,2.6579999923706055,0,0.0,0.0
2016-04-12 00:00:00-04:00,2.5,2.5199999809265137,2.361999988555908,2.5199999809265137,800,0.0,0.0
2016-04-13 00:00:00-04:00,2.440000057220459,2.440000057220459,2.440000057220459,2.440000057220459,200,0.0,0.0
2016-04-14 00:00:00-04:00,2.440000057220459,2.440000057220459,2.440000057220459,2.440000057220459,0,0.0,0.0
2016-04-15 00:00:00-04:00,2.440000057220459,2.440000057220459,2.440000057220459,2.440000057220459,0,0.0,0.0
2016-04-18 00:00:00-04:00,2.440000057220459,2.440000057220459,2.440000057220459,2.440000057220459,0,0.0,0.0
2016-04-19 00:00:00-04:00,2.2200000286102295,2.252000093460083,2.2200000286102295,2.252000093460083,375,0.0,0.0
2016-04-20 00:00:00-04:00,2.252000093460083,2.252000093460083,2.252000093460083,2.252000093460083,0,0.0,0.0
2016-04-21 00:00:00-04:00,2.252000093460083,2.252000093460083,2.252000093460083,2.252000093460083,0,0.0,0.0
2016-04-22 00:00:00-04:00,2.252000093460083,2.252000093460083,2.252000093460083,2.252000093460083,0,0.0,0.0
2016-04-25 00:00:00-04:00,2.252000093460083,2.252000093460083,2.252000093460083,2.252000093460083,0,0.0,0.0
2016-04-26 00:00:00-04:00,2.252000093460083,2.252000093460083,2.252000093460083,2.252000093460083,0,0.0,0.0
2016-04-27 00:00:00-04:00,2.252000093460083,2.252000093460083,2.252000093460083,2.252000093460083,0,0.0,0.0
2016-04-28 00:00:00-04:00,3.4000000953674316,3.450000047683716,3.328000068664551,3.328000068664551,2600,0.0,0.0
2016-04-29 00:00:00-04:00,3.328000068664551,3.328000068664551,3.328000068664551,3.328000068664551,0,0.0,0.0
2016-05-02 00:00:00-04:00,3.1540000438690186,3.1540000438690186,3.1540000438690186,3.1540000438690186,50,0.0,0.0
2016-05-03 00:00:00-04:00,3.1540000438690186,3.1540000438690186,3.1540000438690186,3.1540000438690186,0,0.0,0.0
2016-05-04 00:00:00-04:00,3.927999973297119,3.947999954223633,3.927999973297119,3.947999954223633,380,0.0,0.0
2016-05-05 00:00:00-04:00,3.947999954223633,3.947999954223633,3.947999954223633,3.947999954223633,0,0.0,0.0
2016-05-06 00:00:00-04:00,3.947999954223633,3.947999954223633,3.947999954223633,3.947999954223633,0,0.0,0.0
2016-05-09 00:00:00-04:00,3.947999954223633,3.947999954223633,3.947999954223633,3.947999954223633,0,0.0,0.0
2016-05-10 00:00:00-04:00,3.947999954223633,3.947999954223633,3.947999954223633,3.947999954223633,0,0.0,0.0
2016-05-11 00:00:00-04:00,4.25,4.320000171661377,4.25,4.317999839782715,200,0.0,0.0
2016-05-12 00:00:00-04:00,4.3379998207092285,4.426000118255615,4.070000171661377,4.070000171661377,1570,0.0,0.0
2016-05-13 00:00:00-04:00,4.015999794006348,4.019999980926514,3.9560000896453857,4.019999980926514,775,0.0,0.0
2016-05-16 00:00:00-04:00,3.996000051498413,4.383999824523926,3.996000051498413,4.383999824523926,2500,0.0,0.0
2016-05-17 00:00:00-04:00,4.366000175476074,4.366000175476074,4.366000175476074,4.366000175476074,750,0.0,0.0
2016-05-18 00:00:00-04:00,4.366000175476074,4.366000175476074,4.366000175476074,4.366000175476074,0,0.0,0.0
2016-05-19 00:00:00-04:00,4.366000175476074,4.366000175476074,4.366000175476074,4.366000175476074,0,0.0,0.0
2016-05-20 00:00:00-04:00,4.366000175476074,4.366000175476074,4.366000175476074,4.366000175476074,0,0.0,0.0
2016-05-23 00:00:00-04:00,4.366000175476074,4.366000175476074,4.366000175476074,4.366000175476074,0,0.0,0.0
2016-05-24 00:00:00-04:00,3.25,3.299999952316284,3.25,3.299999952316284,350,0.0,0.0
2016-05-25 00:00:00-04:00,3.299999952316284,3.299999952316284,3.299999952316284,3.299999952316284,0,0.0,0.0
2016-05-26 00:00:00-04:00,3.299999952316284,3.299999952316284,3.299999952316284,3.299999952316284,1250,0.0,0.0
2016-05-27 00:00:00-04:00,3.299999952316284,3.299999952316284,3.299999952316284,3.299999952316284,0,0.0,0.0
2016-05-31 00:00:00-04:00,3.299999952316284,3.299999952316284,3.299999952316284,3.299999952316284,0,0.0,0.0
2016-06-01 00:00:00-04:00,3.431999921798706,3.431999921798706,3.4000000953674316,3.4000000953674316,500,0.0,0.0
2016-06-02 00:00:00-04:00,3.4000000953674316,3.4000000953674316,3.4000000953674316,3.4000000953674316,0,0.0,0.0
2016-06-03 00:00:00-04:00,3.4579999446868896,3.4579999446868896,3.4000000953674316,3.4000000953674316,285,0.0,0.0
2016-06-06 00:00:00-04:00,3.4000000953674316,3.4000000953674316,3.4000000953674316,3.4000000953674316,0,0.0,0.0
2016-06-07 00:00:00-04:00,3.4000000953674316,3.4000000953674316,3.4000000953674316,3.4000000953674316,0,0.0,0.0
2016-06-08 00:00:00-04:00,3.4000000953674316,3.4000000953674316,3.4000000953674316,3.4000000953674316,500,0.0,0.0
2016-06-09 00:00:00-04:00,3.4000000953674316,3.4000000953674316,3.4000000953674316,3.4000000953674316,0,0.0,0.0
2016-06-10 00:00:00-04:00,3.4000000953674316,3.4000000953674316,3.4000000953674316,3.4000000953674316,0,0.0,0.0
2016-06-13 00:00:00-04:00,3.4000000953674316,3.4000000953674316,3.4000000953674316,3.4000000953674316,0,0.0,0.0
2016-06-14 00:00:00-04:00,3.4000000953674316,3.4000000953674316,3.4000000953674316,3.4000000953674316,0,0.0,0.0
2016-06-15 00:00:00-04:00,3.4000000953674316,3.4000000953674316,3.4000000953674316,3.4000000953674316,0,0.0,0.0
2016-06-16 00:00:00-04:00,3.4000000953674316,3.4000000953674316,3.4000000953674316,3.4000000953674316,0,0.0,0.0
2016-06-17 00:00:00-04:00,3.4000000953674316,3.4000000953674316,3.4000000953674316,3.4000000953674316,0,0.0,0.0
2016-06-20 00:00:00-04:00,3.859999895095825,4.199999809265137,3.812000036239624,4.199999809265137,350,0.0,0.0
2016-06-21 00:00:00-04:00,4.400000095367432,4.559999942779541,4.400000095367432,4.559999942779541,625,0.0,0.0
2016-06-22 00:00:00-04:00,4.656000137329102,5.0,4.656000137329102,5.0,400,0.0,0.0
2016-06-23 00:00:00-04:00,4.679999828338623,4.679999828338623,4.590000152587891,4.590000152587891,560,0.0,0.0
2016-06-24 00:00:00-04:00,4.590000152587891,4.590000152587891,4.590000152587891,4.590000152587891,0,0.0,0.0
2016-06-27 00:00:00-04:00,4.590000152587891,4.590000152587891,4.590000152587891,4.590000152587891,0,0.0,0.0
2016-06-28 00:00:00-04:00,4.590000152587891,4.590000152587891,4.590000152587891,4.590000152587891,0,0.0,0.0
2016-06-29 00:00:00-04:00,4.590000152587891,4.590000152587891,4.590000152587891,4.590000152587891,0,0.0,0.0
2016-06-30 00:00:00-04:00,4.590000152587891,4.590000152587891,4.590000152587891,4.590000152587891,0,0.0,0.0
2016-07-01 00:00:00-04:00,4.590000152587891,4.590000152587891,4.590000152587891,4.590000152587891,0,0.0,0.0
2016-07-05 00:00:00-04:00,4.590000152587891,4.590000152587891,4.590000152587891,4.590000152587891,0,0.0,0.0
2016-07-06 00:00:00-04:00,4.019999980926514,4.019999980926514,4.019999980926514,4.019999980926514,250,0.0,0.0
2016-07-07 00:00:00-04:00,4.019999980926514,4.019999980926514,4.019999980926514,4.019999980926514,0,0.0,0.0
2016-07-08 00:00:00-04:00,4.019999980926514,4.019999980926514,4.019999980926514,4.019999980926514,0,0.0,0.0
2016-07-11 00:00:00-04:00,4.019999980926514,4.019999980926514,4.019999980926514,4.019999980926514,0,0.0,0.0
2016-07-12 00:00:00-04:00,4.019999980926514,4.019999980926514,4.019999980926514,4.019999980926514,0,0.0,0.0
2016-07-13 00:00:00-04:00,4.019999980926514,4.019999980926514,4.019999980926514,4.019999980926514,0,0.0,0.0
2016-07-14 00:00:00-04:00,4.943999767303467,5.251999855041504,4.9120001792907715,5.251999855041504,350,0.0,0.0
2016-07-15 00:00:00-04:00,5.251999855041504,5.251999855041504,5.251999855041504,5.251999855041504,0,0.0,0.0
2016-07-18 00:00:00-04:00,4.78000020980835,4.78000020980835,4.78000020980835,4.78000020980835,220,0.0,0.0
2016-07-19 00:00:00-04:00,4.78000020980835,4.78000020980835,4.78000020980835,4.78000020980835,0,0.0,0.0
2016-07-20 00:00:00-04:00,4.78000020980835,4.78000020980835,4.78000020980835,4.78000020980835,0,0.0,0.0
2016-07-21 00:00:00-04:00,4.78000020980835,4.78000020980835,4.78000020980835,4.78000020980835,0,0.0,0.0
2016-07-22 00:00:00-04:00,4.78000020980835,4.78000020980835,4.78000020980835,4.78000020980835,0,0.0,0.0
2016-07-25 00:00:00-04:00,4.78000020980835,4.78000020980835,4.78000020980835,4.78000020980835,0,0.0,0.0
2016-07-26 00:00:00-04:00,4.78000020980835,4.78000020980835,4.78000020980835,4.78000020980835,0,0.0,0.0
2016-07-27 00:00:00-04:00,4.78000020980835,4.78000020980835,4.78000020980835,4.78000020980835,0,0.0,0.0
2016-07-28 00:00:00-04:00,4.78000020980835,4.78000020980835,4.78000020980835,4.78000020980835,0,0.0,0.0
2016-07-29 00:00:00-04:00,3.799999952316284,3.799999952316284,3.799999952316284,3.799999952316284,220,0.0,0.0
2016-08-01 00:00:00-04:00,3.799999952316284,3.799999952316284,3.799999952316284,3.799999952316284,0,0.0,0.0
2016-08-02 00:00:00-04:00,3.9600000381469727,3.9600000381469727,3.9600000381469727,3.9600000381469727,425,0.0,0.0
2016-08-03 00:00:00-04:00,3.9600000381469727,3.9600000381469727,3.9600000381469727,3.9600000381469727,0,0.0,0.0
2016-08-04 00:00:00-04:00,3.9600000381469727,3.9600000381469727,3.9600000381469727,3.9600000381469727,0,0.0,0.0
2016-08-05 00:00:00-04:00,3.5959999561309814,3.5959999561309814,3.5959999561309814,3.5959999561309814,200,0.0,0.0
2016-08-08 00:00:00-04:00,3.5959999561309814,3.5959999561309814,3.5959999561309814,3.5959999561309814,0,0.0,0.0
2016-08-09 00:00:00-04:00,3.5959999561309814,3.5959999561309814,3.5959999561309814,3.5959999561309814,0,0.0,0.0
2016-08-10 00:00:00-04:00,3.5959999561309814,3.5959999561309814,3.5959999561309814,3.5959999561309814,0,0.0,0.0
2016-08-11 00:00:00-04:00,3.5959999561309814,3.5959999561309814,3.5959999561309814,3.5959999561309814,0,0.0,0.0
2016-08-12 00:00:00-04:00,3.5959999561309814,3.5959999561309814,3.5959999561309814,3.5959999561309814,0,0.0,0.0
2016-08-15 00:00:00-04:00,3.700000047683716,3.700000047683716,3.700000047683716,3.700000047683716,175,0.0,0.0
2016-08-16 00:00:00-04:00,3.940000057220459,3.944000005722046,3.940000057220459,3.944000005722046,950,0.0,0.0
2016-08-17 00:00:00-04:00,3.944000005722046,3.944000005722046,3.944000005722046,3.944000005722046,0,0.0,0.0
2016-08-18 00:00:00-04:00,3.944000005722046,3.944000005722046,3.944000005722046,3.944000005722046,0,0.0,0.0
2016-08-19 00:00:00-04:00,3.944000005722046,3.944000005722046,3.944000005722046,3.944000005722046,0,0.0,0.0
2016-08-22 00:00:00-04:00,3.944000005722046,3.944000005722046,3.944000005722046,3.944000005722046,0,0.0,0.0
2016-08-23 00:00:00-04:00,3.944000005722046,3.944000005722046,3.944000005722046,3.944000005722046,0,0.0,0.0
2016-08-24 00:00:00-04:00,3.944000005722046,3.944000005722046,3.944000005722046,3.944000005722046,0,0.0,0.0
2016-08-25 00:00:00-04:00,3.944000005722046,3.944000005722046,3.944000005722046,3.944000005722046,0,0.0,0.0
2016-08-26 00:00:00-04:00,3.944000005722046,3.944000005722046,3.944000005722046,3.944000005722046,0,0.0,0.0
2016-08-29 00:00:00-04:00,3.944000005722046,3.944000005722046,3.944000005722046,3.944000005722046,0,0.0,0.0
2016-08-30 00:00:00-04:00,3.944000005722046,3.944000005722046,3.944000005722046,3.944000005722046,0,0.0,0.0
2016-08-31 00:00:00-04:00,3.944000005722046,3.944000005722046,3.944000005722046,3.944000005722046,0,0.0,0.0
2016-09-01 00:00:00-04:00,3.944000005722046,3.944000005722046,3.944000005722046,3.944000005722046,0,0.0,0.0
2016-09-02 00:00:00-04:00,3.944000005722046,3.944000005722046,3.944000005722046,3.944000005722046,0,0.0,0.0
2016-09-06 00:00:00-04:00,3.944000005722046,3.944000005722046,3.944000005722046,3.944000005722046,0,0.0,0.0
2016-09-07 00:00:00-04:00,3.944000005722046,3.944000005722046,3.944000005722046,3.944000005722046,0,0.0,0.0
2016-09-08 00:00:00-04:00,3.944000005722046,3.944000005722046,3.944000005722046,3.944000005722046,0,0.0,0.0
2016-09-09 00:00:00-04:00,3.944000005722046,3.944000005722046,3.944000005722046,3.944000005722046,0,0.0,0.0
2016-09-12 00:00:00-04:00,3.944000005722046,3.944000005722046,3.944000005722046,3.944000005722046,0,0.0,0.0
2016-09-13 00:00:00-04:00,3.944000005722046,3.944000005722046,3.944000005722046,3.944000005722046,0,0.0,0.0
2016-09-14 00:00:00-04:00,3.944000005722046,3.944000005722046,3.944000005722046,3.944000005722046,0,0.0,0.0
2016-09-15 00:00:00-04:00,3.944000005722046,3.944000005722046,3.944000005722046,3.944000005722046,0,0.0,0.0
2016-09-16 00:00:00-04:00,3.944000005722046,3.944000005722046,3.944000005722046,3.944000005722046,0,0.0,0.0
2016-09-19 00:00:00-04:00,3.944000005722046,3.944000005722046,3.944000005722046,3.944000005722046,0,0.0,0.0
2016-09-20 00:00:00-04:00,3.944000005722046,3.944000005722046,3.944000005722046,3.944000005722046,0,0.0,0.0
2016-09-21 00:00:00-04:00,3.944000005722046,3.944000005722046,3.944000005722046,3.944000005722046,0,0.0,0.0
2016-09-22 00:00:00-04:00,3.944000005722046,3.944000005722046,3.944000005722046,3.944000005722046,0,0.0,0.0
2016-09-23 00:00:00-04:00,3.944000005722046,3.944000005722046,3.944000005722046,3.944000005722046,0,0.0,0.0
2016-09-26 00:00:00-04:00,3.944000005722046,3.944000005722046,3.944000005722046,3.944000005722046,0,0.0,0.0
2016-09-27 00:00:00-04:00,3.944000005722046,3.944000005722046,3.944000005722046,3.944000005722046,0,0.0,0.0
2016-09-28 00:00:00-04:00,3.944000005722046,3.944000005722046,3.944000005722046,3.944000005722046,0,0.0,0.0
2016-09-29 00:00:00-04:00,3.944000005722046,3.944000005722046,3.944000005722046,3.944000005722046,0,0.0,0.0
2016-09-30 00:00:00-04:00,3.944000005722046,3.944000005722046,3.944000005722046,3.944000005722046,0,0.0,0.0
2016-10-03 00:00:00-04:00,3.944000005722046,3.944000005722046,3.944000005722046,3.944000005722046,0,0.0,0.0
2016-10-04 00:00:00-04:00,3.944000005722046,3.944000005722046,3.944000005722046,3.944000005722046,0,0.0,0.0
2016-10-05 00:00:00-04:00,3.944000005722046,3.944000005722046,3.944000005722046,3.944000005722046,0,0.0,0.0
2016-10-06 00:00:00-04:00,3.944000005722046,3.944000005722046,3.944000005722046,3.944000005722046,0,0.0,0.0
2016-10-07 00:00:00-04:00,3.944000005722046,3.944000005722046,3.944000005722046,3.944000005722046,0,0.0,0.0
2016-10-10 00:00:00-04:00,3.944000005722046,3.944000005722046,3.944000005722046,3.944000005722046,0,0.0,0.0
2016-10-11 00:00:00-04:00,3.944000005722046,3.944000005722046,3.944000005722046,3.944000005722046,0,0.0,0.0
2016-10-12 00:00:00-04:00,3.944000005722046,3.944000005722046,3.944000005722046,3.944000005722046,0,0.0,0.0
2016-10-13 00:00:00-04:00,3.944000005722046,3.944000005722046,3.944000005722046,3.944000005722046,0,0.0,0.0
2016-10-14 00:00:00-04:00,3.944000005722046,3.944000005722046,3.944000005722046,3.944000005722046,0,0.0,0.0
2016-10-17 00:00:00-04:00,3.944000005722046,3.944000005722046,3.944000005722046,3.944000005722046,0,0.0,0.0
2016-10-18 00:00:00-04:00,3.944000005722046,3.944000005722046,3.944000005722046,3.944000005722046,0,0.0,0.0
2016-10-19 00:00:00-04:00,3.944000005722046,3.944000005722046,3.944000005722046,3.944000005722046,0,0.0,0.0
2016-10-20 00:00:00-04:00,3.944000005722046,3.944000005722046,3.944000005722046,3.944000005722046,0,0.0,0.0
2016-10-21 00:00:00-04:00,3.944000005722046,3.944000005722046,3.944000005722046,3.944000005722046,0,0.0,0.0
2016-10-24 00:00:00-04:00,3.944000005722046,3.944000005722046,3.944000005722046,3.944000005722046,0,0.0,0.0
2016-10-25 00:00:00-04:00,3.944000005722046,3.944000005722046,3.944000005722046,3.944000005722046,0,0.0,0.0
2016-10-26 00:00:00-04:00,3.944000005722046,3.944000005722046,3.944000005722046,3.944000005722046,0,0.0,0.0
2016-10-27 00:00:00-04:00,3.944000005722046,3.944000005722046,3.944000005722046,3.944000005722046,0,0.0,0.0
2016-10-28 00:00:00-04:00,3.944000005722046,3.944000005722046,3.944000005722046,3.944000005722046,0,0.0,0.0
2016-10-31 00:00:00-04:00,3.944000005722046,3.944000005722046,3.944000005722046,3.944000005722046,0,0.0,0.0
2016-11-01 00:00:00-04:00,3.944000005722046,3.944000005722046,3.944000005722046,3.944000005722046,0,0.0,0.0
2016-11-02 00:00:00-04:00,3.944000005722046,3.944000005722046,3.944000005722046,3.944000005722046,0,0.0,0.0
2016-11-03 00:00:00-04:00,3.944000005722046,3.944000005722046,3.944000005722046,3.944000005722046,0,0.0,0.0
2016-11-04 00:00:00-04:00,3.944000005722046,3.944000005722046,3.944000005722046,3.944000005722046,0,0.0,0.0
2016-11-07 00:00:00-05:00,3.944000005722046,3.944000005722046,3.944000005722046,3.944000005722046,0,0.0,0.0
2016-11-08 00:00:00-05:00,3.944000005722046,3.944000005722046,3.944000005722046,3.944000005722046,0,0.0,0.0
2016-11-09 00:00:00-05:00,3.944000005722046,3.944000005722046,3.944000005722046,3.944000005722046,0,0.0,0.0
2016-11-10 00:00:00-05:00,3.944000005722046,3.944000005722046,3.944000005722046,3.944000005722046,0,0.0,0.0
2016-11-11 00:00:00-05:00,3.944000005722046,3.944000005722046,3.944000005722046,3.944000005722046,0,0.0,0.0
2016-11-14 00:00:00-05:00,3.052000045776367,3.052000045776367,3.052000045776367,3.052000045776367,40,0.0,0.0
2016-11-15 00:00:00-05:00,3.052000045776367,3.052000045776367,3.052000045776367,3.052000045776367,0,0.0,0.0
2016-11-16 00:00:00-05:00,2.3499999046325684,2.3499999046325684,2.2760000228881836,2.2760000228881836,200,0.0,0.0
2016-11-17 00:00:00-05:00,2.5999999046325684,2.5999999046325684,2.5,2.5,1000,0.0,0.0
2016-11-18 00:00:00-05:00,2.5,2.5,2.5,2.5,0,0.0,0.0
2016-11-21 00:00:00-05:00,2.5,2.5,2.5,2.5,0,0.0,0.0
2016-11-22 00:00:00-05:00,2.5,2.5,2.5,2.5,0,0.0,0.0
2016-11-23 00:00:00-05:00,2.5,2.5,2.5,2.5,0,0.0,0.0
2016-11-25 00:00:00-05:00,2.5,2.5,2.5,2.5,0,0.0,0.0
2016-11-28 00:00:00-05:00,2.5,2.5,2.5,2.5,0,0.0,0.0
2016-11-29 00:00:00-05:00,2.5,2.5,2.5,2.5,0,0.0,0.0
2016-11-30 00:00:00-05:00,2.5,2.5,2.5,2.5,0,0.0,0.0
2016-12-01 00:00:00-05:00,3.0399999618530273,3.0399999618530273,2.799999952316284,2.799999952316284,520,0.0,0.0
2016-12-02 00:00:00-05:00,2.799999952316284,2.799999952316284,2.799999952316284,2.799999952316284,0,0.0,0.0
2016-12-05 00:00:00-05:00,2.799999952316284,2.799999952316284,2.799999952316284,2.799999952316284,0,0.0,0.0
2016-12-06 00:00:00-05:00,2.799999952316284,2.799999952316284,2.799999952316284,2.799999952316284,0,0.0,0.0
2016-12-07 00:00:00-05:00,2.799999952316284,2.799999952316284,2.799999952316284,2.799999952316284,0,0.0,0.0
2016-12-08 00:00:00-05:00,2.8399999141693115,2.8399999141693115,2.7960000038146973,2.7960000038146973,875,0.0,0.0
2016-12-09 00:00:00-05:00,2.9200000762939453,2.9200000762939453,2.9200000762939453,2.9200000762939453,10,0.0,0.0
2016-12-12 00:00:00-05:00,2.9200000762939453,2.9200000762939453,2.9200000762939453,2.9200000762939453,0,0.0,0.0
2016-12-13 00:00:00-05:00,2.9200000762939453,2.9200000762939453,2.9200000762939453,2.9200000762939453,0,0.0,0.0
2016-12-14 00:00:00-05:00,2.9200000762939453,2.9200000762939453,2.9200000762939453,2.9200000762939453,0,0.0,0.0
2016-12-15 00:00:00-05:00,2.9200000762939453,2.9200000762939453,2.9200000762939453,2.9200000762939453,0,0.0,0.0
2016-12-16 00:00:00-05:00,2.9200000762939453,2.9200000762939453,2.9200000762939453,2.9200000762939453,0,0.0,0.0
2016-12-19 00:00:00-05:00,2.9200000762939453,2.9200000762939453,2.9200000762939453,2.9200000762939453,0,0.0,0.0
2016-12-20 00:00:00-05:00,2.9200000762939453,2.9200000762939453,2.9200000762939453,2.9200000762939453,0,0.0,0.0
2016-12-21 00:00:00-05:00,2.9200000762939453,2.9200000762939453,2.9200000762939453,2.9200000762939453,0,0.0,0.0
2016-12-22 00:00:00-05:00,2.9200000762939453,2.9200000762939453,2.9200000762939453,2.9200000762939453,0,0.0,0.0
2016-12-23 00:00:00-05:00,2.9200000762939453,2.9200000762939453,2.9200000762939453,2.9200000762939453,0,0.0,0.0
2016-12-27 00:00:00-05:00,2.9200000762939453,2.9200000762939453,2.9200000762939453,2.9200000762939453,0,0.0,0.0
2016-12-28 00:00:00-05:00,2.25600004196167,2.25600004196167,2.25600004196167,2.25600004196167,1000,0.0,0.0
2016-12-29 00:00:00-05:00,2.25600004196167,2.25600004196167,2.25600004196167,2.25600004196167,0,0.0,0.0
2016-12-30 00:00:00-05:00,2.196000099182129,2.196000099182129,2.196000099182129,2.196000099182129,1225,0.0,0.0
2017-01-03 00:00:00-05:00,2.196000099182129,2.196000099182129,2.196000099182129,2.196000099182129,0,0.0,0.0
2017-01-04 00:00:00-05:00,2.196000099182129,2.196000099182129,2.196000099182129,2.196000099182129,0,0.0,0.0
2017-01-05 00:00:00-05:00,2.196000099182129,2.196000099182129,2.196000099182129,2.196000099182129,0,0.0,0.0
2017-01-06 00:00:00-05:00,2.196000099182129,2.196000099182129,2.196000099182129,2.196000099182129,0,0.0,0.0
2017-01-09 00:00:00-05:00,2.196000099182129,2.196000099182129,2.196000099182129,2.196000099182129,0,0.0,0.0
2017-01-10 00:00:00-05:00,2.196000099182129,2.196000099182129,2.196000099182129,2.196000099182129,0,0.0,0.0
2017-01-11 00:00:00-05:00,2.196000099182129,2.196000099182129,2.196000099182129,2.196000099182129,0,0.0,0.0
2017-01-12 00:00:00-05:00,2.196000099182129,2.196000099182129,2.196000099182129,2.196000099182129,0,0.0,0.0
2017-01-13 00:00:00-05:00,2.196000099182129,2.196000099182129,2.196000099182129,2.196000099182129,0,0.0,0.0
2017-01-17 00:00:00-05:00,2.196000099182129,2.196000099182129,2.196000099182129,2.196000099182129,0,0.0,0.0
2017-01-18 00:00:00-05:00,2.5999999046325684,2.5999999046325684,2.5999999046325684,2.5999999046325684,1250,0.0,0.0
2017-01-19 00:00:00-05:00,2.5999999046325684,2.5999999046325684,2.5999999046325684,2.5999999046325684,0,0.0,0.0
2017-01-20 00:00:00-05:00,2.3559999465942383,2.5280001163482666,2.3559999465942383,2.5280001163482666,565,0.0,0.0
2017-01-23 00:00:00-05:00,2.5280001163482666,2.5280001163482666,2.5280001163482666,2.5280001163482666,0,0.0,0.0
2017-01-24 00:00:00-05:00,2.5280001163482666,2.5280001163482666,2.5280001163482666,2.5280001163482666,0,0.0,0.0
2017-01-25 00:00:00-05:00,2.3399999141693115,2.3399999141693115,2.3399999141693115,2.3399999141693115,25,0.0,0.0
2017-01-26 00:00:00-05:00,2.3399999141693115,2.3399999141693115,2.3399999141693115,2.3399999141693115,0,0.0,0.0
2017-01-27 00:00:00-05:00,2.3399999141693115,2.3399999141693115,2.3399999141693115,2.3399999141693115,0,0.0,0.0
2017-01-30 00:00:00-05:00,2.5399999618530273,2.5399999618530273,2.5399999618530273,2.5399999618530273,5,0.0,0.0
2017-01-31 00:00:00-05:00,2.2799999713897705,2.2799999713897705,2.2799999713897705,2.2799999713897705,5,0.0,0.0
2017-02-01 00:00:00-05:00,2.2799999713897705,2.2799999713897705,2.2799999713897705,2.2799999713897705,0,0.0,0.0
2017-02-02 00:00:00-05:00,2.2799999713897705,2.2799999713897705,2.2799999713897705,2.2799999713897705,0,0.0,0.0
2017-02-03 00:00:00-05:00,2.2799999713897705,2.2799999713897705,2.2799999713897705,2.2799999713897705,0,0.0,0.0
2017-02-06 00:00:00-05:00,2.2920000553131104,2.4000000953674316,2.2920000553131104,2.4000000953674316,2500,0.0,0.0
2017-02-07 00:00:00-05:00,2.3940000534057617,2.3940000534057617,2.3919999599456787,2.3919999599456787,500,0.0,0.0
2017-02-08 00:00:00-05:00,2.5480000972747803,2.5480000972747803,2.5299999713897705,2.5299999713897705,3000,0.0,0.0
2017-02-09 00:00:00-05:00,2.5299999713897705,2.5299999713897705,2.5299999713897705,2.5299999713897705,0,0.0,0.0
2017-02-10 00:00:00-05:00,2.5299999713897705,2.5299999713897705,2.5299999713897705,2.5299999713897705,0,0.0,0.0
2017-02-13 00:00:00-05:00,2.5299999713897705,2.5299999713897705,2.5299999713897705,2.5299999713897705,0,0.0,0.0
2017-02-14 00:00:00-05:00,2.3580000400543213,2.4800000190734863,2.186000108718872,2.4800000190734863,5550,0.0,0.0
2017-02-15 00:00:00-05:00,2.697999954223633,2.941999912261963,2.697999954223633,2.941999912261963,85,0.0,0.0
2017-02-16 00:00:00-05:00,2.990000009536743,2.990000009536743,2.990000009536743,2.990000009536743,500,0.0,0.0
2017-02-17 00:00:00-05:00,2.990000009536743,2.990000009536743,2.990000009536743,2.990000009536743,0,0.0,0.0
2017-02-21 00:00:00-05:00,2.990000009536743,2.990000009536743,2.990000009536743,2.990000009536743,0,0.0,0.0
2017-02-22 00:00:00-05:00,2.990000009536743,2.990000009536743,2.990000009536743,2.990000009536743,0,0.0,0.0
2017-02-23 00:00:00-05:00,2.990000009536743,2.990000009536743,2.990000009536743,2.990000009536743,0,0.0,0.0
2017-02-24 00:00:00-05:00,2.990000009536743,2.990000009536743,2.990000009536743,2.990000009536743,0,0.0,0.0
2017-02-27 00:00:00-05:00,2.990000009536743,2.990000009536743,2.990000009536743,2.990000009536743,0,0.0,0.0
2017-02-28 00:00:00-05:00,2.990000009536743,2.990000009536743,2.990000009536743,2.990000009536743,0,0.0,0.0
2017-03-01 00:00:00-05:00,2.990000009536743,2.990000009536743,2.990000009536743,2.990000009536743,0,0.0,0.0
2017-03-02 00:00:00-05:00,2.990000009536743,2.990000009536743,2.990000009536743,2.990000009536743,0,0.0,0.0
2017-03-03 00:00:00-05:00,2.990000009536743,2.990000009536743,2.990000009536743,2.990000009536743,0,0.0,0.0
2017-03-06 00:00:00-05:00,2.990000009536743,2.990000009536743,2.990000009536743,2.990000009536743,0,0.0,0.0
2017-03-07 00:00:00-05:00,2.990000009536743,2.990000009536743,2.990000009536743,2.990000009536743,0,0.0,0.0
2017-03-08 00:00:00-05:00,2.990000009536743,2.990000009536743,2.990000009536743,2.990000009536743,0,0.0,0.0
2017-03-09 00:00:00-05:00,2.990000009536743,2.990000009536743,2.990000009536743,2.990000009536743,0,0.0,0.0
2017-03-10 00:00:00-05:00,2.990000009536743,2.990000009536743,2.990000009536743,2.990000009536743,0,0.0,0.0
2017-03-13 00:00:00-04:00,2.990000009536743,2.990000009536743,2.990000009536743,2.990000009536743,0,0.0,0.0
2017-03-14 00:00:00-04:00,3.569999933242798,3.569999933242798,3.569999933242798,3.569999933242798,50,0.0,0.0
2017-03-15 00:00:00-04:00,3.569999933242798,3.569999933242798,3.569999933242798,3.569999933242798,0,0.0,0.0
2017-03-16 00:00:00-04:00,3.569999933242798,3.569999933242798,3.569999933242798,3.569999933242798,0,0.0,0.0
2017-03-17 00:00:00-04:00,3.569999933242798,3.569999933242798,3.569999933242798,3.569999933242798,0,0.0,0.0
2017-03-20 00:00:00-04:00,3.569999933242798,3.569999933242798,3.569999933242798,3.569999933242798,0,0.0,0.0
2017-03-21 00:00:00-04:00,3.7200000286102295,3.7200000286102295,3.7200000286102295,3.7200000286102295,60,0.0,0.0
2017-03-22 00:00:00-04:00,3.700000047683716,3.700000047683716,3.450000047683716,3.450000047683716,5625,0.0,0.0
2017-03-23 00:00:00-04:00,3.450000047683716,3.450000047683716,3.450000047683716,3.450000047683716,0,0.0,0.0
2017-03-24 00:00:00-04:00,3.9000000953674316,4.139999866485596,3.631999969482422,4.139999866485596,7925,0.0,0.0
2017-03-27 00:00:00-04:00,4.0,4.059999942779541,3.76200008392334,3.8940000534057617,2780,0.0,0.0
2017-03-28 00:00:00-04:00,4.052000045776367,4.052000045776367,3.6440000534057617,3.7820000648498535,1475,0.0,0.0
2017-03-29 00:00:00-04:00,4.0,4.0,3.7780001163482666,3.7799999713897705,1185,0.0,0.0
2017-03-30 00:00:00-04:00,3.940000057220459,4.239999771118164,3.799999952316284,4.239999771118164,6890,0.0,0.0
2017-03-31 00:00:00-04:00,4.171999931335449,4.248000144958496,4.142000198364258,4.248000144958496,6045,0.0,0.0
2017-04-03 00:00:00-04:00,4.271999835968018,4.5279998779296875,4.23799991607666,4.4079999923706055,9485,0.0,0.0
2017-04-04 00:00:00-04:00,4.5279998779296875,4.5279998779296875,4.513999938964844,4.513999938964844,2000,0.0,0.0
2017-04-05 00:00:00-04:00,4.559999942779541,4.559999942779541,4.291999816894531,4.381999969482422,2800,0.0,0.0
2017-04-06 00:00:00-04:00,4.432000160217285,4.579999923706055,4.363999843597412,4.51200008392334,1675,0.0,0.0
2017-04-07 00:00:00-04:00,4.300000190734863,4.446000099182129,4.159999847412109,4.159999847412109,1900,0.0,0.0
2017-04-10 00:00:00-04:00,4.3460001945495605,4.51200008392334,4.3460001945495605,4.51200008392334,500,0.0,0.0
2017-04-11 00:00:00-04:00,4.47599983215332,4.47599983215332,4.47599983215332,4.47599983215332,220,0.0,0.0
2017-04-12 00:00:00-04:00,4.400000095367432,4.460000038146973,4.400000095367432,4.400000095367432,5000,0.0,0.0
2017-04-13 00:00:00-04:00,4.400000095367432,4.400000095367432,4.400000095367432,4.400000095367432,0,0.0,0.0
2017-04-17 00:00:00-04:00,4.8420000076293945,4.8420000076293945,4.831999778747559,4.831999778747559,625,0.0,0.0
2017-04-18 00:00:00-04:00,4.618000030517578,4.618000030517578,4.618000030517578,4.618000030517578,400,0.0,0.0
2017-04-19 00:00:00-04:00,4.48799991607666,4.677999973297119,4.159999847412109,4.159999847412109,535,0.0,0.0
2017-04-20 00:00:00-04:00,4.946000099182129,4.978000164031982,4.573999881744385,4.573999881744385,1575,0.0,0.0
2017-04-21 00:00:00-04:00,5.308000087738037,5.699999809265137,5.230000019073486,5.699999809265137,985,0.0,0.0
2017-04-24 00:00:00-04:00,5.699999809265137,5.699999809265137,5.699999809265137,5.699999809265137,0,0.0,0.0
2017-04-25 00:00:00-04:00,5.381999969482422,5.579999923706055,5.349999904632568,5.579999923706055,625,0.0,0.0
2017-04-26 00:00:00-04:00,5.619999885559082,5.639999866485596,5.619999885559082,5.639999866485596,300,0.0,0.0
2017-04-27 00:00:00-04:00,5.685999870300293,5.685999870300293,5.306000232696533,5.306000232696533,70,0.0,0.0
2017-04-28 00:00:00-04:00,5.6579999923706055,5.6579999923706055,5.3460001945495605,5.3460001945495605,1750,0.0,0.0
2017-05-01 00:00:00-04:00,5.455999851226807,5.576000213623047,5.315999984741211,5.315999984741211,1075,0.0,0.0
2017-05-02 00:00:00-04:00,5.315999984741211,5.315999984741211,5.315999984741211,5.315999984741211,0,0.0,0.0
2017-05-03 00:00:00-04:00,5.409999847412109,5.429999828338623,5.409999847412109,5.429999828338623,700,0.0,0.0
2017-05-04 00:00:00-04:00,5.429999828338623,5.429999828338623,5.429999828338623,5.429999828338623,0,0.0,0.0
2017-05-05 00:00:00-04:00,5.429999828338623,5.429999828338623,5.429999828338623,5.429999828338623,0,0.0,0.0
2017-05-08 00:00:00-04:00,5.202000141143799,5.400000095367432,5.202000141143799,5.216000080108643,1275,0.0,0.0
2017-05-09 00:00:00-04:00,5.400000095367432,5.400000095367432,5.400000095367432,5.400000095367432,15,0.0,0.0
2017-05-10 00:00:00-04:00,5.150000095367432,5.199999809265137,5.150000095367432,5.199999809265137,370,0.0,0.0
2017-05-11 00:00:00-04:00,5.199999809265137,5.199999809265137,4.940000057220459,4.940000057220459,870,0.0,0.0
2017-05-12 00:00:00-04:00,4.960000038146973,4.960000038146973,4.745999813079834,4.745999813079834,720,0.0,0.0
2017-05-15 00:00:00-04:00,4.573999881744385,4.802000045776367,4.573999881744385,4.802000045776367,200,0.0,0.0
2017-05-16 00:00:00-04:00,4.886000156402588,5.085999965667725,4.880000114440918,5.053999900817871,800,0.0,0.0
2017-05-17 00:00:00-04:00,4.900000095367432,4.900000095367432,4.739999771118164,4.739999771118164,335,0.0,0.0
2017-05-18 00:00:00-04:00,4.900000095367432,5.230000019073486,4.900000095367432,5.230000019073486,250,0.0,0.0
2017-05-19 00:00:00-04:00,5.230000019073486,5.230000019073486,5.230000019073486,5.230000019073486,0,0.0,0.0
2017-05-22 00:00:00-04:00,5.230000019073486,5.230000019073486,5.230000019073486,5.230000019073486,0,0.0,0.0
2017-05-23 00:00:00-04:00,5.230000019073486,5.230000019073486,5.230000019073486,5.230000019073486,0,0.0,0.0
2017-05-24 00:00:00-04:00,4.639999866485596,4.639999866485596,4.639999866485596,4.639999866485596,1035,0.0,0.0
2017-05-25 00:00:00-04:00,4.489999771118164,4.489999771118164,4.489999771118164,4.489999771118164,50,0.0,0.0
2017-05-26 00:00:00-04:00,4.5,4.5,4.5,4.5,665,0.0,0.0
2017-05-30 00:00:00-04:00,4.052000045776367,4.079999923706055,4.00600004196167,4.067999839782715,2625,0.0,0.0
2017-05-31 00:00:00-04:00,4.214000225067139,4.214000225067139,4.214000225067139,4.214000225067139,50,0.0,0.0
2017-06-01 00:00:00-04:00,4.199999809265137,4.210000038146973,4.136000156402588,4.210000038146973,1000,0.0,0.0
2017-06-02 00:00:00-04:00,4.449999809265137,4.449999809265137,4.418000221252441,4.418000221252441,60,0.0,0.0
2017-06-05 00:00:00-04:00,4.418000221252441,4.418000221252441,4.418000221252441,4.418000221252441,0,0.0,0.0
2017-06-06 00:00:00-04:00,4.418000221252441,4.418000221252441,4.418000221252441,4.418000221252441,0,0.0,0.0
2017-06-07 00:00:00-04:00,4.418000221252441,4.418000221252441,4.418000221252441,4.418000221252441,0,0.0,0.0
2017-06-08 00:00:00-04:00,4.418000221252441,4.418000221252441,4.418000221252441,4.418000221252441,0,0.0,0.0
2017-06-09 00:00:00-04:00,4.610000133514404,4.685999870300293,4.610000133514404,4.685999870300293,435,0.0,0.0
2017-06-12 00:00:00-04:00,4.203999996185303,4.28000020980835,4.203999996185303,4.28000020980835,500,0.0,0.0
2017-06-13 00:00:00-04:00,4.861999988555908,4.938000202178955,4.861999988555908,4.938000202178955,250,0.0,0.0
2017-06-14 00:00:00-04:00,4.572000026702881,4.572000026702881,4.572000026702881,4.572000026702881,200,0.0,0.0
2017-06-15 00:00:00-04:00,4.572000026702881,4.572000026702881,4.572000026702881,4.572000026702881,0,0.0,0.0
2017-06-16 00:00:00-04:00,4.572000026702881,4.572000026702881,4.572000026702881,4.572000026702881,0,0.0,0.0
2017-06-19 00:00:00-04:00,4.800000190734863,4.800000190734863,4.800000190734863,4.800000190734863,1500,0.0,0.0
2017-06-20 00:00:00-04:00,4.800000190734863,4.800000190734863,4.800000190734863,4.800000190734863,0,0.0,0.0
2017-06-21 00:00:00-04:00,4.800000190734863,4.800000190734863,4.800000190734863,4.800000190734863,0,0.0,0.0
2017-06-22 00:00:00-04:00,4.492000102996826,4.510000228881836,4.343999862670898,4.343999862670898,845,0.0,0.0
2017-06-23 00:00:00-04:00,4.329999923706055,4.335999965667725,4.329999923706055,4.334000110626221,4200,0.0,0.0
2017-06-26 00:00:00-04:00,4.383999824523926,4.573999881744385,4.383999824523926,4.573999881744385,50,0.0,0.0
2017-06-27 00:00:00-04:00,4.0,4.0,4.0,4.0,50,0.0,0.0
2017-06-28 00:00:00-04:00,4.026000022888184,4.199999809265137,4.026000022888184,4.199999809265137,350,0.0,0.0
2017-06-29 00:00:00-04:00,4.061999797821045,4.061999797821045,3.7720000743865967,3.7720000743865967,1000,0.0,0.0
2017-06-30 00:00:00-04:00,4.041999816894531,4.041999816894531,4.041999816894531,4.041999816894531,75,0.0,0.0
2017-07-03 00:00:00-04:00,4.239999771118164,4.400000095367432,4.239999771118164,4.400000095367432,425,0.0,0.0
2017-07-05 00:00:00-04:00,4.199999809265137,4.199999809265137,4.047999858856201,4.196000099182129,400,0.0,0.0
2017-07-06 00:00:00-04:00,4.196000099182129,4.196000099182129,4.196000099182129,4.196000099182129,0,0.0,0.0
2017-07-07 00:00:00-04:00,4.168000221252441,4.168000221252441,4.168000221252441,4.168000221252441,50,0.0,0.0
2017-07-10 00:00:00-04:00,4.168000221252441,4.168000221252441,4.168000221252441,4.168000221252441,0,0.0,0.0
2017-07-11 00:00:00-04:00,4.168000221252441,4.168000221252441,4.168000221252441,4.168000221252441,0,0.0,0.0
2017-07-12 00:00:00-04:00,4.0,4.0,4.0,4.0,25,0.0,0.0
2017-07-13 00:00:00-04:00,4.335999965667725,4.710000038146973,4.335999965667725,4.710000038146973,2125,0.0,0.0
2017-07-14 00:00:00-04:00,4.127999782562256,4.21999979019165,4.110000133514404,4.21999979019165,1200,0.0,0.0
2017-07-17 00:00:00-04:00,4.139999866485596,4.139999866485596,4.139999866485596,4.139999866485596,790,0.0,0.0
2017-07-18 00:00:00-04:00,4.354000091552734,4.354000091552734,4.276000022888184,4.276000022888184,275,0.0,0.0
2017-07-19 00:00:00-04:00,4.400000095367432,4.400000095367432,4.400000095367432,4.400000095367432,1250,0.0,0.0
2017-07-20 00:00:00-04:00,4.0,4.0,4.0,4.0,1000,0.0,0.0
2017-07-21 00:00:00-04:00,4.0,4.0,4.0,4.0,0,0.0,0.0
2017-07-24 00:00:00-04:00,4.315999984741211,4.395999908447266,4.315999984741211,4.395999908447266,500,0.0,0.0
2017-07-25 00:00:00-04:00,4.395999908447266,4.395999908447266,4.395999908447266,4.395999908447266,0,0.0,0.0
2017-07-26 00:00:00-04:00,4.046000003814697,4.400000095367432,4.046000003814697,4.328000068664551,4295,0.0,0.0
2017-07-27 00:00:00-04:00,4.328000068664551,4.328000068664551,4.328000068664551,4.328000068664551,0,0.0,0.0
2017-07-28 00:00:00-04:00,4.159999847412109,4.421999931335449,4.159999847412109,4.421999931335449,175,0.0,0.0
2017-07-31 00:00:00-04:00,4.165999889373779,4.245999813079834,4.165999889373779,4.245999813079834,60,0.0,0.0
2017-08-01 00:00:00-04:00,4.159999847412109,4.159999847412109,3.7880001068115234,3.7880001068115234,100,0.0,0.0
2017-08-02 00:00:00-04:00,3.7880001068115234,3.7880001068115234,3.7880001068115234,3.7880001068115234,0,0.0,0.0
2017-08-03 00:00:00-04:00,3.9000000953674316,3.9000000953674316,3.9000000953674316,3.9000000953674316,125,0.0,0.0
2017-08-04 00:00:00-04:00,4.3520002365112305,4.3520002365112305,4.3520002365112305,4.3520002365112305,75,0.0,0.0
2017-08-07 00:00:00-04:00,4.3520002365112305,4.3520002365112305,4.3520002365112305,4.3520002365112305,0,0.0,0.0
2017-08-08 00:00:00-04:00,4.3520002365112305,4.3520002365112305,4.3520002365112305,4.3520002365112305,0,0.0,0.0
2017-08-09 00:00:00-04:00,3.799999952316284,3.799999952316284,3.799999952316284,3.799999952316284,200,0.0,0.0
2017-08-10 00:00:00-04:00,3.880000114440918,3.880000114440918,3.880000114440918,3.880000114440918,830,0.0,0.0
2017-08-11 00:00:00-04:00,3.5980000495910645,3.5980000495910645,3.5980000495910645,3.5980000495910645,15,0.0,0.0
2017-08-14 00:00:00-04:00,3.5980000495910645,3.5980000495910645,3.5980000495910645,3.5980000495910645,0,0.0,0.0
2017-08-15 00:00:00-04:00,4.02400016784668,4.079999923706055,4.02400016784668,4.079999923706055,25,0.0,0.0
2017-08-16 00:00:00-04:00,3.8959999084472656,3.8959999084472656,3.8959999084472656,3.8959999084472656,5,0.0,0.0
2017-08-17 00:00:00-04:00,3.8340001106262207,4.1479997634887695,3.8340001106262207,4.1479997634887695,1000,0.0,0.0
2017-08-18 00:00:00-04:00,4.139999866485596,4.139999866485596,4.139999866485596,4.139999866485596,0,0.0,0.0
2017-08-21 00:00:00-04:00,4.139999866485596,4.139999866485596,4.139999866485596,4.139999866485596,0,0.0,0.0
2017-08-22 00:00:00-04:00,4.139999866485596,4.139999866485596,4.139999866485596,4.139999866485596,0,0.0,0.0
2017-08-23 00:00:00-04:00,4.139999866485596,4.139999866485596,4.139999866485596,4.139999866485596,0,0.0,0.0
2017-08-24 00:00:00-04:00,4.139999866485596,4.139999866485596,4.139999866485596,4.139999866485596,0,0.0,0.0
2017-08-25 00:00:00-04:00,3.7660000324249268,3.7660000324249268,3.7660000324249268,3.7660000324249268,1250,0.0,0.0
2017-08-28 00:00:00-04:00,4.0980000495910645,4.0980000495910645,4.0980000495910645,4.0980000495910645,25,0.0,0.0
2017-08-29 00:00:00-04:00,4.0980000495910645,4.0980000495910645,4.0980000495910645,4.0980000495910645,0,0.0,0.0
2017-08-30 00:00:00-04:00,4.0980000495910645,4.0980000495910645,4.0980000495910645,4.0980000495910645,0,0.0,0.0
2017-08-31 00:00:00-04:00,4.122000217437744,4.159999847412109,4.041999816894531,4.159999847412109,1250,0.0,0.0
2017-09-01 00:00:00-04:00,3.799999952316284,3.799999952316284,3.799999952316284,3.799999952316284,750,0.0,0.0
2017-09-05 00:00:00-04:00,3.799999952316284,3.799999952316284,3.799999952316284,3.799999952316284,0,0.0,0.0
2017-09-06 00:00:00-04:00,3.799999952316284,3.799999952316284,3.799999952316284,3.799999952316284,0,0.0,0.0
2017-09-07 00:00:00-04:00,3.799999952316284,3.799999952316284,3.799999952316284,3.799999952316284,0,0.0,0.0
2017-09-08 00:00:00-04:00,3.799999952316284,3.799999952316284,3.799999952316284,3.799999952316284,0,0.0,0.0
2017-09-11 00:00:00-04:00,3.799999952316284,3.799999952316284,3.799999952316284,3.799999952316284,0,0.0,0.0
2017-09-12 00:00:00-04:00,4.699999809265137,4.699999809265137,4.699999809265137,4.699999809265137,125,0.0,0.0
2017-09-13 00:00:00-04:00,4.699999809265137,4.699999809265137,4.699999809265137,4.699999809265137,0,0.0,0.0
2017-09-14 00:00:00-04:00,4.699999809265137,4.699999809265137,4.699999809265137,4.699999809265137,0,0.0,0.0
2017-09-15 00:00:00-04:00,4.699999809265137,4.699999809265137,4.699999809265137,4.699999809265137,0,0.0,0.0
2017-09-18 00:00:00-04:00,4.699999809265137,4.699999809265137,4.699999809265137,4.699999809265137,0,0.0,0.0
2017-09-19 00:00:00-04:00,4.446000099182129,4.446000099182129,4.446000099182129,4.446000099182129,50,0.0,0.0
2017-09-20 00:00:00-04:00,4.446000099182129,4.446000099182129,4.446000099182129,4.446000099182129,0,0.0,0.0
2017-09-21 00:00:00-04:00,4.453999996185303,5.693999767303467,4.440000057220459,5.693999767303467,12740,0.0,0.0
2017-09-22 00:00:00-04:00,5.619999885559082,5.820000171661377,5.3460001945495605,5.739999771118164,8520,0.0,0.0
2017-09-25 00:00:00-04:00,5.400000095367432,6.420000076293945,5.400000095367432,6.349999904632568,4135,0.0,0.0
2017-09-26 00:00:00-04:00,6.363999843597412,6.739999771118164,6.363999843597412,6.420000076293945,6055,0.0,0.0
2017-09-27 00:00:00-04:00,6.809999942779541,6.809999942779541,6.539999961853027,6.73799991607666,1375,0.0,0.0
2017-09-28 00:00:00-04:00,6.504000186920166,6.800000190734863,6.360000133514404,6.78000020980835,5860,0.0,0.0
2017-09-29 00:00:00-04:00,6.739999771118164,6.739999771118164,5.97599983215332,6.0,1980,0.0,0.0
2017-10-02 00:00:00-04:00,6.033999919891357,6.159999847412109,6.033999919891357,6.159999847412109,100,0.0,0.0
2017-10-03 00:00:00-04:00,6.72599983215332,6.806000232696533,6.420000076293945,6.420000076293945,1600,0.0,0.0
2017-10-04 00:00:00-04:00,6.519999980926514,6.519999980926514,6.519999980926514,6.519999980926514,250,0.0,0.0
2017-10-05 00:00:00-04:00,6.567999839782715,6.567999839782715,6.544000148773193,6.544000148773193,1150,0.0,0.0
2017-10-06 00:00:00-04:00,6.461999893188477,6.593999862670898,6.377999782562256,6.593999862670898,4140,0.0,0.0
2017-10-09 00:00:00-04:00,6.900000095367432,6.900000095367432,6.8979997634887695,6.900000095367432,365,0.0,0.0
2017-10-10 00:00:00-04:00,6.501999855041504,6.519999980926514,6.464000225067139,6.48199987411499,625,0.0,0.0
2017-10-11 00:00:00-04:00,6.296000003814697,6.619999885559082,6.296000003814697,6.619999885559082,660,0.0,0.0
2017-10-12 00:00:00-04:00,6.51800012588501,6.51800012588501,6.170000076293945,6.400000095367432,775,0.0,0.0
2017-10-13 00:00:00-04:00,6.291999816894531,6.291999816894531,5.932000160217285,5.932000160217285,330,0.0,0.0
2017-10-16 00:00:00-04:00,5.932000160217285,5.932000160217285,5.932000160217285,5.932000160217285,0,0.0,0.0
2017-10-17 00:00:00-04:00,5.932000160217285,5.932000160217285,5.932000160217285,5.932000160217285,0,0.0,0.0
2017-10-18 00:00:00-04:00,6.073999881744385,6.558000087738037,5.875999927520752,5.877999782562256,800,0.0,0.0
2017-10-19 00:00:00-04:00,6.0960001945495605,6.335999965667725,6.0960001945495605,6.331999778747559,2850,0.0,0.0
2017-10-20 00:00:00-04:00,6.400000095367432,6.400000095367432,6.400000095367432,6.400000095367432,75,0.0,0.0
2017-10-23 00:00:00-04:00,6.400000095367432,6.400000095367432,6.400000095367432,6.400000095367432,0,0.0,0.0
2017-10-24 00:00:00-04:00,6.400000095367432,6.400000095367432,6.400000095367432,6.400000095367432,0,0.0,0.0
2017-10-25 00:00:00-04:00,6.708000183105469,6.708000183105469,6.150000095367432,6.150000095367432,825,0.0,0.0
2017-10-26 00:00:00-04:00,6.51800012588501,6.51800012588501,6.400000095367432,6.400000095367432,115,0.0,0.0
2017-10-27 00:00:00-04:00,6.53000020980835,6.53000020980835,6.53000020980835,6.53000020980835,30,0.0,0.0
2017-10-30 00:00:00-04:00,6.033999919891357,6.067999839782715,6.0,6.0,1000,0.0,0.0
2017-10-31 00:00:00-04:00,6.130000114440918,6.130000114440918,5.973999977111816,5.97599983215332,300,0.0,0.0
2017-11-01 00:00:00-04:00,6.0920000076293945,6.0920000076293945,6.0920000076293945,6.0920000076293945,5,0.0,0.0
2017-11-02 00:00:00-04:00,6.0920000076293945,6.0920000076293945,6.0920000076293945,6.0920000076293945,0,0.0,0.0
2017-11-03 00:00:00-04:00,5.955999851226807,5.955999851226807,5.955999851226807,5.955999851226807,100,0.0,0.0
2017-11-06 00:00:00-05:00,5.940000057220459,5.940000057220459,5.940000057220459,5.940000057220459,125,0.0,0.0
2017-11-07 00:00:00-05:00,6.03000020980835,6.840000152587891,6.03000020980835,6.840000152587891,3435,0.0,0.0
2017-11-08 00:00:00-05:00,6.400000095367432,6.400000095367432,6.340000152587891,6.340000152587891,535,0.0,0.0
2017-11-09 00:00:00-05:00,6.199999809265137,6.199999809265137,6.199999809265137,6.199999809265137,200,0.0,0.0
2017-11-10 00:00:00-05:00,6.199999809265137,6.420000076293945,6.107999801635742,6.400000095367432,6225,0.0,0.0
2017-11-13 00:00:00-05:00,6.400000095367432,6.5279998779296875,6.190000057220459,6.260000228881836,4430,0.0,0.0
2017-11-14 00:00:00-05:00,6.111999988555908,6.111999988555908,6.0,6.0980000495910645,810,0.0,0.0
2017-11-15 00:00:00-05:00,6.099999904632568,6.099999904632568,6.02400016784668,6.02400016784668,11040,0.0,0.0
2017-11-16 00:00:00-05:00,5.599999904632568,6.0,5.572000026702881,5.961999893188477,6000,0.0,0.0
2017-11-17 00:00:00-05:00,5.785999774932861,6.199999809265137,5.783999919891357,6.199999809265137,6000,0.0,0.0
2017-11-20 00:00:00-05:00,5.553999900817871,5.665999889373779,5.553999900817871,5.665999889373779,555,0.0,0.0
2017-11-21 00:00:00-05:00,5.8379998207092285,5.8379998207092285,5.539999961853027,5.599999904632568,2900,0.0,0.0
2017-11-22 00:00:00-05:00,5.599999904632568,5.639999866485596,5.599999904632568,5.599999904632568,3150,0.0,0.0
2017-11-24 00:00:00-05:00,5.429999828338623,6.0,5.400000095367432,6.0,375,0.0,0.0
2017-11-27 00:00:00-05:00,5.599999904632568,5.599999904632568,5.567999839782715,5.567999839782715,225,0.0,0.0
2017-11-28 00:00:00-05:00,5.581999778747559,5.581999778747559,5.400000095367432,5.400000095367432,900,0.0,0.0
2017-11-29 00:00:00-05:00,5.599999904632568,5.599999904632568,5.599999904632568,5.599999904632568,3825,0.0,0.0
2017-11-30 00:00:00-05:00,5.51200008392334,5.546000003814697,5.504000186920166,5.504000186920166,3200,0.0,0.0
2017-12-01 00:00:00-05:00,5.504000186920166,5.504000186920166,5.504000186920166,5.504000186920166,0,0.0,0.0
2017-12-04 00:00:00-05:00,5.323999881744385,5.561999797821045,5.323999881744385,5.460000038146973,410,0.0,0.0
2017-12-05 00:00:00-05:00,5.335999965667725,5.335999965667725,5.199999809265137,5.199999809265137,500,0.0,0.0
2017-12-06 00:00:00-05:00,5.159999847412109,5.159999847412109,5.159999847412109,5.159999847412109,100,0.0,0.0
2017-12-07 00:00:00-05:00,5.145999908447266,5.145999908447266,4.949999809265137,5.0,2680,0.0,0.0
2017-12-08 00:00:00-05:00,5.0,5.0,4.860000133514404,5.0,1975,0.0,0.0
2017-12-11 00:00:00-05:00,5.0320000648498535,5.0320000648498535,5.0320000648498535,5.0320000648498535,100,0.0,0.0
2017-12-12 00:00:00-05:00,5.242000102996826,5.242000102996826,5.242000102996826,5.242000102996826,15,0.0,0.0
2017-12-13 00:00:00-05:00,5.0,5.0,4.860000133514404,4.96999979019165,950,0.0,0.0
2017-12-14 00:00:00-05:00,5.0,5.0,5.0,5.0,50,0.0,0.0
2017-12-15 00:00:00-05:00,4.820000171661377,5.170000076293945,4.820000171661377,5.170000076293945,575,0.0,0.0
2017-12-18 00:00:00-05:00,5.1539998054504395,5.1539998054504395,5.0,5.0,100,0.0,0.0
2017-12-19 00:00:00-05:00,4.599999904632568,4.599999904632568,4.599999904632568,4.599999904632568,50,0.0,0.0
2017-12-20 00:00:00-05:00,4.940000057220459,5.0,4.940000057220459,5.0,1475,0.0,0.0
2017-12-21 00:00:00-05:00,5.0,5.0,5.0,5.0,0,0.0,0.0
2017-12-22 00:00:00-05:00,5.0,5.0,5.0,5.0,0,0.0,0.0
2017-12-26 00:00:00-05:00,5.0,5.0,5.0,5.0,0,0.0,0.0
2017-12-27 00:00:00-05:00,5.0,5.0,5.0,5.0,0,0.0,0.0
2017-12-28 00:00:00-05:00,5.0,5.0,5.0,5.0,0,0.0,0.0
2017-12-29 00:00:00-05:00,5.0,5.0,5.0,5.0,0,0.0,0.0
2018-01-02 00:00:00-05:00,4.797999858856201,4.877999782562256,4.797999858856201,4.877999782562256,1250,0.0,0.0
2018-01-03 00:00:00-05:00,4.828000068664551,4.828000068664551,4.828000068664551,4.828000068664551,250,0.0,0.0
2018-01-04 00:00:00-05:00,4.828000068664551,4.828000068664551,4.828000068664551,4.828000068664551,0,0.0,0.0
2018-01-05 00:00:00-05:00,5.059999942779541,5.059999942779541,5.059999942779541,5.059999942779541,50,0.0,0.0
2018-01-08 00:00:00-05:00,5.188000202178955,5.188000202178955,5.188000202178955,5.188000202178955,100,0.0,0.0
2018-01-09 00:00:00-05:00,5.199999809265137,5.199999809265137,5.133999824523926,5.136000156402588,1350,0.0,0.0
2018-01-10 00:00:00-05:00,5.400000095367432,5.400000095367432,4.9679999351501465,5.0,7200,0.0,0.0
2018-01-11 00:00:00-05:00,4.800000190734863,4.800000190734863,4.573999881744385,4.573999881744385,1675,0.0,0.0
2018-01-12 00:00:00-05:00,4.794000148773193,5.0320000648498535,4.794000148773193,5.0320000648498535,1250,0.0,0.0
2018-01-16 00:00:00-05:00,4.860000133514404,4.860000133514404,4.791999816894531,4.791999816894531,500,0.0,0.0
2018-01-17 00:00:00-05:00,4.599999904632568,4.599999904632568,4.599999904632568,4.599999904632568,650,0.0,0.0
2018-01-18 00:00:00-05:00,4.573999881744385,4.906000137329102,4.526000022888184,4.906000137329102,2775,0.0,0.0
2018-01-19 00:00:00-05:00,4.906000137329102,4.906000137329102,4.906000137329102,4.906000137329102,0,0.0,0.0
2018-01-22 00:00:00-05:00,4.906000137329102,4.906000137329102,4.906000137329102,4.906000137329102,0,0.0,0.0
2018-01-23 00:00:00-05:00,4.906000137329102,4.906000137329102,4.906000137329102,4.906000137329102,0,0.0,0.0
2018-01-24 00:00:00-05:00,4.334000110626221,4.334000110626221,4.199999809265137,4.199999809265137,825,0.0,0.0
2018-01-25 00:00:00-05:00,4.139999866485596,4.414000034332275,3.759999990463257,4.0,2050,0.0,0.0
2018-01-26 00:00:00-05:00,4.047999858856201,4.050000190734863,4.047999858856201,4.050000190734863,1775,0.0,0.0
2018-01-29 00:00:00-05:00,3.992000102996826,3.992000102996826,3.799999952316284,3.799999952316284,35,0.0,0.0
2018-01-30 00:00:00-05:00,4.0,4.659999847412109,4.0,4.599999904632568,4605,0.0,0.0
2018-01-31 00:00:00-05:00,4.76200008392334,5.480000019073486,4.76200008392334,5.360000133514404,20750,0.0,0.0
2018-02-01 00:00:00-05:00,5.400000095367432,5.71999979019165,4.932000160217285,5.578000068664551,8215,0.0,0.0
2018-02-02 00:00:00-05:00,4.960000038146973,5.0,4.765999794006348,4.820000171661377,3585,0.0,0.0
2018-02-05 00:00:00-05:00,4.854000091552734,5.480000019073486,4.800000190734863,5.0,9880,0.0,0.0
2018-02-06 00:00:00-05:00,5.059999942779541,5.3480000495910645,4.992000102996826,5.199999809265137,3050,0.0,0.0
2018-02-07 00:00:00-05:00,5.420000076293945,5.420000076293945,4.699999809265137,4.71999979019165,4055,0.0,0.0
2018-02-08 00:00:00-05:00,5.004000186920166,5.3379998207092285,4.78000020980835,5.076000213623047,15830,0.0,0.0
2018-02-09 00:00:00-05:00,5.300000190734863,5.3379998207092285,5.0,5.1579999923706055,5375,0.0,0.0
2018-02-12 00:00:00-05:00,5.355999946594238,5.478000164031982,5.276000022888184,5.2779998779296875,2075,0.0,0.0
2018-02-13 00:00:00-05:00,5.415999889373779,5.415999889373779,5.130000114440918,5.199999809265137,4895,0.0,0.0
2018-02-14 00:00:00-05:00,5.199999809265137,5.519999980926514,4.9720001220703125,5.165999889373779,3555,0.0,0.0
2018-02-15 00:00:00-05:00,5.0,5.004000186920166,4.72599983215332,5.0,705,0.0,0.0
2018-02-16 00:00:00-05:00,5.0,5.0,4.702000141143799,4.989999771118164,900,0.0,0.0
2018-02-20 00:00:00-05:00,4.599999904632568,4.998000144958496,4.5,4.5,700,0.0,0.0
2018-02-21 00:00:00-05:00,4.5,4.78000020980835,4.375999927520752,4.375999927520752,3095,0.0,0.0
2018-02-22 00:00:00-05:00,4.702000141143799,5.271999835968018,4.702000141143799,5.271999835968018,3815,0.0,0.0
2018-02-23 00:00:00-05:00,5.1620001792907715,5.254000186920166,5.093999862670898,5.136000156402588,4950,0.0,0.0
2018-02-26 00:00:00-05:00,5.199999809265137,5.340000152587891,4.964000225067139,5.093999862670898,26880,0.0,0.0
2018-02-27 00:00:00-05:00,5.150000095367432,5.21999979019165,4.900000095367432,4.940000057220459,11320,0.0,0.0
2018-02-28 00:00:00-05:00,4.9679999351501465,6.038000106811523,4.966000080108643,5.47599983215332,36755,0.0,0.0
2018-03-01 00:00:00-05:00,5.920000076293945,5.938000202178955,4.751999855041504,5.072000026702881,36735,0.0,0.0
2018-03-02 00:00:00-05:00,5.0,5.835999965667725,5.0,5.196000099182129,12110,0.0,0.0
2018-03-05 00:00:00-05:00,5.74399995803833,5.820000171661377,5.440000057220459,5.800000190734863,8400,0.0,0.0
2018-03-06 00:00:00-05:00,5.771999835968018,5.800000190734863,5.5,5.618000030517578,6265,0.0,0.0
2018-03-07 00:00:00-05:00,5.5320000648498535,5.599999904632568,5.199999809265137,5.599999904632568,1865,0.0,0.0
2018-03-08 00:00:00-05:00,5.702000141143799,5.783999919891357,5.464000225067139,5.464000225067139,3360,0.0,0.0
2018-03-09 00:00:00-05:00,5.5,6.340000152587891,5.303999900817871,6.214000225067139,26050,0.0,0.0
2018-03-12 00:00:00-04:00,6.041999816894531,6.920000076293945,6.0,6.920000076293945,29765,0.0,0.0
2018-03-13 00:00:00-04:00,7.0,7.188000202178955,6.355999946594238,6.730000019073486,22160,0.0,0.0
2018-03-14 00:00:00-04:00,6.5320000648498535,6.739999771118164,6.199999809265137,6.5,12970,0.0,0.0
2018-03-15 00:00:00-04:00,6.702000141143799,6.806000232696533,5.938000202178955,6.0,13090,0.0,0.0
2018-03-16 00:00:00-04:00,6.21999979019165,6.76200008392334,6.199999809265137,6.760000228881836,15225,0.0,0.0
2018-03-19 00:00:00-04:00,7.21999979019165,7.21999979019165,6.0879998207092285,6.9720001220703125,13510,0.0,0.0
2018-03-20 00:00:00-04:00,6.622000217437744,6.995999813079834,6.440000057220459,6.656000137329102,5210,0.0,0.0
2018-03-21 00:00:00-04:00,6.771999835968018,6.9720001220703125,6.317999839782715,6.317999839782715,6475,0.0,0.0
2018-03-22 00:00:00-04:00,6.547999858856201,6.860000133514404,6.236000061035156,6.860000133514404,6025,0.0,0.0
2018-03-23 00:00:00-04:00,6.814000129699707,6.995999813079834,6.427999973297119,6.703999996185303,9215,0.0,0.0
2018-03-26 00:00:00-04:00,6.736000061035156,6.789999961853027,6.5,6.789999961853027,3030,0.0,0.0
2018-03-27 00:00:00-04:00,6.599999904632568,7.199999809265137,6.599999904632568,7.0960001945495605,8680,0.0,0.0
2018-03-28 00:00:00-04:00,7.0,7.0,6.3480000495910645,6.473999977111816,6150,0.0,0.0
2018-03-29 00:00:00-04:00,6.78000020980835,6.978000164031982,6.564000129699707,6.869999885559082,3810,0.0,0.0
2018-04-02 00:00:00-04:00,6.6479997634887695,6.929999828338623,5.690000057220459,5.960000038146973,22965,0.0,0.0
2018-04-03 00:00:00-04:00,6.199999809265137,6.199999809265137,5.822000026702881,6.0,1600,0.0,0.0
2018-04-04 00:00:00-04:00,6.0,6.059999942779541,5.800000190734863,6.059999942779541,10845,0.0,0.0
2018-04-05 00:00:00-04:00,6.559999942779541,7.0,6.223999977111816,6.949999809265137,9505,0.0,0.0
2018-04-06 00:00:00-04:00,6.98199987411499,7.039999961853027,6.386000156402588,6.696000099182129,16550,0.0,0.0
2018-04-09 00:00:00-04:00,6.800000190734863,7.633999824523926,6.691999912261963,7.28000020980835,50120,0.0,0.0
2018-04-10 00:00:00-04:00,7.5879998207092285,8.944000244140625,7.46999979019165,8.84000015258789,50025,0.0,0.0
2018-04-11 00:00:00-04:00,7.829999923706055,8.947999954223633,7.564000129699707,8.800000190734863,28865,0.0,0.0
2018-04-12 00:00:00-04:00,8.642000198364258,9.640000343322754,8.600000381469727,9.479999542236328,13760,0.0,0.0
2018-04-13 00:00:00-04:00,9.29800033569336,9.479999542236328,8.5600004196167,8.600000381469727,23705,0.0,0.0
2018-04-16 00:00:00-04:00,8.800000190734863,9.326000213623047,8.640000343322754,9.3100004196167,11995,0.0,0.0
2018-04-17 00:00:00-04:00,8.793999671936035,9.486000061035156,8.711999893188477,9.07800006866455,14610,0.0,0.0
2018-04-18 00:00:00-04:00,9.105999946594238,9.112000465393066,8.432000160217285,8.78600025177002,21740,0.0,0.0
2018-04-19 00:00:00-04:00,8.800000190734863,8.824000358581543,8.300000190734863,8.399999618530273,10350,0.0,0.0
2018-04-20 00:00:00-04:00,8.597999572753906,8.739999771118164,8.0,8.270000457763672,6825,0.0,0.0
2018-04-23 00:00:00-04:00,8.149999618530273,8.644000053405762,7.984000205993652,8.140000343322754,9100,0.0,0.0
2018-04-24 00:00:00-04:00,8.0,8.5,8.0,8.5,4385,0.0,0.0
2018-04-25 00:00:00-04:00,8.175999641418457,8.600000381469727,7.800000190734863,8.600000381469727,12515,0.0,0.0
2018-04-26 00:00:00-04:00,8.284000396728516,8.4399995803833,7.728000164031982,7.961999893188477,15420,0.0,0.0
2018-04-27 00:00:00-04:00,7.883999824523926,7.9679999351501465,7.599999904632568,7.860000133514404,6355,0.0,0.0
2018-04-30 00:00:00-04:00,8.0,8.359999656677246,8.0,8.295999526977539,3450,0.0,0.0
2018-05-01 00:00:00-04:00,7.961999893188477,8.26200008392334,7.817999839782715,7.817999839782715,4870,0.0,0.0
2018-05-02 00:00:00-04:00,8.0,8.020000457763672,7.875999927520752,8.020000457763672,3265,0.0,0.0
2018-05-03 00:00:00-04:00,8.149999618530273,8.520000457763672,7.820000171661377,8.399999618530273,10150,0.0,0.0
2018-05-04 00:00:00-04:00,8.640000343322754,8.800000190734863,8.392000198364258,8.600000381469727,7725,0.0,0.0
2018-05-07 00:00:00-04:00,8.399999618530273,8.973999977111816,8.399999618530273,8.5600004196167,12115,0.0,0.0
2018-05-08 00:00:00-04:00,8.555999755859375,8.699999809265137,8.522000312805176,8.699999809265137,12000,0.0,0.0
2018-05-09 00:00:00-04:00,9.079999923706055,9.100000381469727,8.800000190734863,8.800000190734863,1560,0.0,0.0
2018-05-10 00:00:00-04:00,9.380000114440918,9.380000114440918,8.654000282287598,8.736000061035156,5255,0.0,0.0
2018-05-11 00:00:00-04:00,8.687999725341797,9.0,8.687999725341797,8.880000114440918,2080,0.0,0.0
2018-05-14 00:00:00-04:00,8.97599983215332,9.149999618530273,8.640000343322754,8.9399995803833,6740,0.0,0.0
2018-05-15 00:00:00-04:00,8.539999961853027,8.791999816894531,8.473999977111816,8.600000381469727,4630,0.0,0.0
2018-05-16 00:00:00-04:00,8.663999557495117,8.720000267028809,8.350000381469727,8.600000381469727,4920,0.0,0.0
2018-05-17 00:00:00-04:00,8.600000381469727,8.760000228881836,8.368000030517578,8.760000228881836,11700,0.0,0.0
2018-05-18 00:00:00-04:00,8.105999946594238,8.88599967956543,8.105999946594238,8.399999618530273,11335,0.0,0.0
2018-05-21 00:00:00-04:00,8.300000190734863,8.960000038146973,8.300000190734863,8.399999618530273,1430,0.0,0.0
2018-05-22 00:00:00-04:00,8.399999618530273,8.505999565124512,8.0,8.0,7410,0.0,0.0
2018-05-23 00:00:00-04:00,8.239999771118164,8.239999771118164,7.900000095367432,8.0,14415,0.0,0.0
2018-05-24 00:00:00-04:00,7.900000095367432,8.26200008392334,7.702000141143799,8.081999778747559,16770,0.0,0.0
2018-05-25 00:00:00-04:00,7.900000095367432,8.277999877929688,7.679999828338623,7.760000228881836,17545,0.0,0.0
2018-05-29 00:00:00-04:00,7.118000030517578,8.199999809265137,7.0,7.800000190734863,11195,0.0,0.0
2018-05-30 00:00:00-04:00,7.920000076293945,8.020000457763672,7.199999809265137,7.728000164031982,18095,0.0,0.0
2018-05-31 00:00:00-04:00,7.940000057220459,8.883999824523926,7.940000057220459,8.744000434875488,20975,0.0,0.0
2018-06-01 00:00:00-04:00,9.027999877929688,9.027999877929688,8.0,8.680000305175781,6615,0.0,0.0
2018-06-04 00:00:00-04:00,8.555999755859375,8.607999801635742,7.8520002365112305,8.355999946594238,6520,0.0,0.0
2018-06-05 00:00:00-04:00,8.5600004196167,9.017999649047852,8.520000457763672,9.0,4100,0.0,0.0
2018-06-06 00:00:00-04:00,8.895999908447266,8.895999908447266,8.5,8.845999717712402,4145,0.0,0.0
2018-06-07 00:00:00-04:00,8.862000465393066,9.199999809265137,8.517999649047852,8.880000114440918,19615,0.0,0.0
2018-06-08 00:00:00-04:00,8.800000190734863,9.70199966430664,8.600000381469727,9.54800033569336,6210,0.0,0.0
2018-06-11 00:00:00-04:00,9.300000190734863,9.430000305175781,8.553999900817871,8.800000190734863,15850,0.0,0.0
2018-06-12 00:00:00-04:00,8.800000190734863,9.279999732971191,8.711999893188477,8.800000190734863,5470,0.0,0.0
2018-06-13 00:00:00-04:00,9.17199993133545,9.595999717712402,9.105999946594238,9.399999618530273,3070,0.0,0.0
2018-06-14 00:00:00-04:00,9.618000030517578,9.800000190734863,9.10200023651123,9.118000030517578,5120,0.0,0.0
2018-06-15 00:00:00-04:00,9.145999908447266,9.800000190734863,8.98799991607666,9.0,9135,0.0,0.0
2018-06-18 00:00:00-04:00,9.595999717712402,9.920000076293945,9.300000190734863,9.781999588012695,2955,0.0,0.0
2018-06-19 00:00:00-04:00,9.508000373840332,10.057999610900879,9.387999534606934,9.5,9335,0.0,0.0
2018-06-20 00:00:00-04:00,9.708000183105469,10.039999961853027,9.5,9.86400032043457,7085,0.0,0.0
2018-06-21 00:00:00-04:00,9.859999656677246,11.84000015258789,9.199999809265137,11.84000015258789,46705,0.0,0.0
2018-06-22 00:00:00-04:00,11.788000106811523,12.395999908447266,11.199999809265137,12.015999794006348,39410,0.0,0.0
2018-06-25 00:00:00-04:00,12.137999534606934,12.140000343322754,11.32800006866455,12.140000343322754,7465,0.0,0.0
2018-06-26 00:00:00-04:00,12.11400032043457,12.140000343322754,10.710000038146973,10.710000038146973,18900,0.0,0.0
2018-06-27 00:00:00-04:00,9.815999984741211,11.387999534606934,9.199999809265137,11.178000450134277,14375,0.0,0.0
2018-06-28 00:00:00-04:00,10.607999801635742,10.800000190734863,10.071999549865723,10.800000190734863,16010,0.0,0.0
2018-06-29 00:00:00-04:00,10.800000190734863,10.960000038146973,10.3100004196167,10.84000015258789,6970,0.0,0.0
2018-07-02 00:00:00-04:00,10.836000442504883,11.359999656677246,10.300000190734863,11.220000267028809,5950,0.0,0.0
2018-07-03 00:00:00-04:00,10.991999626159668,11.342000007629395,10.442000389099121,11.005999565124512,13405,0.0,0.0
2018-07-05 00:00:00-04:00,10.800000190734863,11.017999649047852,10.699999809265137,10.920000076293945,7810,0.0,0.0
2018-07-06 00:00:00-04:00,11.0,12.020000457763672,10.857999801635742,12.020000457763672,30030,0.0,0.0
2018-07-09 00:00:00-04:00,12.045999526977539,12.5,11.62600040435791,11.800000190734863,32840,0.0,0.0
2018-07-10 00:00:00-04:00,11.763999938964844,12.444000244140625,11.706000328063965,12.199999809265137,8815,0.0,0.0
2018-07-11 00:00:00-04:00,12.199999809265137,12.84000015258789,12.0,12.84000015258789,6885,0.0,0.0
2018-07-12 00:00:00-04:00,13.003999710083008,13.180000305175781,12.045999526977539,12.619999885559082,8120,0.0,0.0
2018-07-13 00:00:00-04:00,12.800000190734863,13.77400016784668,12.619999885559082,13.460000038146973,12045,0.0,0.0
2018-07-16 00:00:00-04:00,13.284000396728516,13.517999649047852,12.619999885559082,12.82800006866455,15430,0.0,0.0
2018-07-17 00:00:00-04:00,12.82800006866455,12.82800006866455,11.868000030517578,11.98799991607666,19155,0.0,0.0
2018-07-18 00:00:00-04:00,11.432000160217285,12.020000457763672,11.34000015258789,11.739999771118164,32370,0.0,0.0
2018-07-19 00:00:00-04:00,11.800000190734863,11.800000190734863,10.399999618530273,10.600000381469727,35285,0.0,0.0
2018-07-20 00:00:00-04:00,10.395999908447266,10.680000305175781,9.579999923706055,9.845999717712402,38065,0.0,0.0
2018-07-23 00:00:00-04:00,10.0,10.300000190734863,8.9399995803833,9.479999542236328,26890,0.0,0.0
2018-07-24 00:00:00-04:00,9.84000015258789,10.420000076293945,9.800000190734863,9.913999557495117,7685,0.0,0.0
2018-07-25 00:00:00-04:00,9.972000122070312,10.460000038146973,9.972000122070312,9.982000350952148,3270,0.0,0.0
2018-07-26 00:00:00-04:00,9.913999557495117,9.913999557495117,8.84000015258789,8.913999557495117,21945,0.0,0.0
2018-07-27 00:00:00-04:00,9.236000061035156,9.300000190734863,8.53600025177002,8.767999649047852,14420,0.0,0.0
2018-07-30 00:00:00-04:00,8.319999694824219,8.723999977111816,8.199999809265137,8.199999809265137,8135,0.0,0.0
2018-07-31 00:00:00-04:00,8.5600004196167,9.291999816894531,8.168000221252441,9.157999992370605,11670,0.0,0.0
2018-08-01 00:00:00-04:00,9.263999938964844,9.34000015258789,8.399999618530273,8.718000411987305,7940,0.0,0.0
2018-08-02 00:00:00-04:00,8.640000343322754,9.600000381469727,8.640000343322754,9.496000289916992,6815,0.0,0.0
2018-08-03 00:00:00-04:00,9.539999961853027,9.748000144958496,9.199999809265137,9.600000381469727,7485,0.0,0.0
2018-08-06 00:00:00-04:00,9.543999671936035,10.0,9.543999671936035,10.0,2915,0.0,0.0
2018-08-07 00:00:00-04:00,9.979999542236328,9.979999542236328,8.736000061035156,8.819999694824219,23380,0.0,0.0
2018-08-08 00:00:00-04:00,8.887999534606934,9.119999885559082,8.039999961853027,8.220000267028809,24735,0.0,0.0
2018-08-09 00:00:00-04:00,8.399999618530273,8.789999961853027,8.260000228881836,8.597999572753906,7945,0.0,0.0
2018-08-10 00:00:00-04:00,8.399999618530273,8.600000381469727,8.119999885559082,8.199999809265137,12575,0.0,0.0
2018-08-13 00:00:00-04:00,8.199999809265137,8.460000038146973,8.027999877929688,8.430000305175781,6775,0.0,0.0
2018-08-14 00:00:00-04:00,7.8379998207092285,8.38599967956543,7.25600004196167,7.880000114440918,36980,0.0,0.0
2018-08-15 00:00:00-04:00,7.800000190734863,8.0,7.639999866485596,7.699999809265137,7505,0.0,0.0
2018-08-16 00:00:00-04:00,7.684000015258789,7.684000015258789,7.179999828338623,7.645999908447266,6375,0.0,0.0
2018-08-17 00:00:00-04:00,7.300000190734863,7.840000152587891,7.199999809265137,7.544000148773193,5170,0.0,0.0
2018-08-20 00:00:00-04:00,7.539999961853027,7.900000095367432,7.239999771118164,7.900000095367432,4885,0.0,0.0
2018-08-21 00:00:00-04:00,8.513999938964844,8.513999938964844,7.610000133514404,8.199999809265137,3855,0.0,0.0
2018-08-22 00:00:00-04:00,8.460000038146973,8.5,8.088000297546387,8.088000297546387,2310,0.0,0.0
2018-08-23 00:00:00-04:00,8.319999694824219,8.958000183105469,8.027999877929688,8.027999877929688,10440,0.0,0.0
2018-08-24 00:00:00-04:00,8.0,8.484000205993652,7.763999938964844,8.097999572753906,3815,0.0,0.0
2018-08-27 00:00:00-04:00,8.095999717712402,8.095999717712402,7.920000076293945,8.0,4890,0.0,0.0
2018-08-28 00:00:00-04:00,7.986000061035156,8.0,7.466000080108643,7.769999980926514,5250,0.0,0.0
2018-08-29 00:00:00-04:00,8.392000198364258,8.600000381469727,7.7179999351501465,8.600000381469727,3080,0.0,0.0
2018-08-30 00:00:00-04:00,8.0,8.552000045776367,7.599999904632568,7.817999839782715,5750,0.0,0.0
2018-08-31 00:00:00-04:00,8.0,8.0,7.599999904632568,7.800000190734863,2010,0.0,0.0
2018-09-04 00:00:00-04:00,7.599999904632568,7.699999809265137,6.883999824523926,7.156000137329102,15950,0.0,0.0
2018-09-05 00:00:00-04:00,7.395999908447266,7.638000011444092,7.363999843597412,7.541999816894531,10425,0.0,0.0
2018-09-06 00:00:00-04:00,7.599999904632568,8.227999687194824,7.599999904632568,7.659999847412109,2960,0.0,0.0
2018-09-07 00:00:00-04:00,7.803999900817871,7.854000091552734,7.168000221252441,7.5,3520,0.0,0.0
2018-09-10 00:00:00-04:00,7.711999893188477,8.0,7.5,7.71999979019165,4420,0.0,0.0
2018-09-11 00:00:00-04:00,7.5,8.0,7.5,7.559999942779541,700,0.0,0.0
2018-09-12 00:00:00-04:00,8.0,8.0,7.585999965667725,7.625999927520752,3345,0.0,0.0
2018-09-13 00:00:00-04:00,8.0,8.0,7.645999908447266,8.0,775,0.0,0.0
2018-09-14 00:00:00-04:00,8.0,8.175999641418457,7.5,7.5,2200,0.0,0.0
2018-09-17 00:00:00-04:00,7.800000190734863,7.914000034332275,7.5,7.5,5945,0.0,0.0
2018-09-18 00:00:00-04:00,7.765999794006348,7.800000190734863,7.400000095367432,7.400000095367432,6085,0.0,0.0
2018-09-19 00:00:00-04:00,7.71999979019165,7.71999979019165,7.400000095367432,7.6579999923706055,905,0.0,0.0
2018-09-20 00:00:00-04:00,7.599999904632568,7.831999778747559,7.099999904632568,7.789999961853027,2840,0.0,0.0
2018-09-21 00:00:00-04:00,7.480000019073486,7.507999897003174,7.480000019073486,7.507999897003174,1085,0.0,0.0
2018-09-24 00:00:00-04:00,7.099999904632568,7.519999980926514,7.099999904632568,7.519999980926514,2200,0.0,0.0
2018-09-25 00:00:00-04:00,7.199999809265137,7.486000061035156,7.065999984741211,7.400000095367432,5885,0.0,0.0
2018-09-26 00:00:00-04:00,7.228000164031982,7.519999980926514,7.056000232696533,7.480000019073486,4095,0.0,0.0
2018-09-27 00:00:00-04:00,8.215999603271484,9.0,7.699999809265137,8.600000381469727,17190,0.0,0.0
2018-09-28 00:00:00-04:00,8.800000190734863,9.0,7.788000106811523,8.395999908447266,4480,0.0,0.0
2018-10-01 00:00:00-04:00,7.699999809265137,8.694000244140625,7.699999809265137,8.694000244140625,10645,0.0,0.0
2018-10-02 00:00:00-04:00,8.399999618530273,8.399999618530273,7.940000057220459,7.940000057220459,8875,0.0,0.0
2018-10-03 00:00:00-04:00,8.04800033569336,8.461999893188477,7.935999870300293,8.461999893188477,3245,0.0,0.0
2018-10-04 00:00:00-04:00,8.23799991607666,8.579999923706055,8.23799991607666,8.319999694824219,4615,0.0,0.0
2018-10-05 00:00:00-04:00,8.09000015258789,9.312000274658203,8.09000015258789,8.800000190734863,11535,0.0,0.0
2018-10-08 00:00:00-04:00,9.800000190734863,10.0,8.819999694824219,9.199999809265137,6875,0.0,0.0
2018-10-09 00:00:00-04:00,9.600000381469727,9.600000381469727,8.609999656677246,8.649999618530273,9825,0.0,0.0
2018-10-10 00:00:00-04:00,8.800000190734863,9.013999938964844,8.199999809265137,8.300000190734863,2280,0.0,0.0
2018-10-11 00:00:00-04:00,8.600000381469727,8.890000343322754,7.952000141143799,8.890000343322754,2420,0.0,0.0
2018-10-12 00:00:00-04:00,8.800000190734863,9.399999618530273,8.071999549865723,8.279999732971191,1895,0.0,0.0
2018-10-15 00:00:00-04:00,8.355999946594238,8.355999946594238,8.039999961853027,8.039999961853027,1740,0.0,0.0
2018-10-16 00:00:00-04:00,8.0,8.399999618530273,7.78000020980835,8.399999618530273,15320,0.0,0.0
2018-10-17 00:00:00-04:00,8.357999801635742,8.357999801635742,7.7220001220703125,8.0,11260,0.0,0.0
2018-10-18 00:00:00-04:00,7.800000190734863,8.46399974822998,7.800000190734863,8.399999618530273,8970,0.0,0.0
2018-10-19 00:00:00-04:00,8.279999732971191,8.366000175476074,7.7820000648498535,7.880000114440918,1795,0.0,0.0
2018-10-22 00:00:00-04:00,7.880000114440918,8.020000457763672,7.400000095367432,7.685999870300293,5910,0.0,0.0
2018-10-23 00:00:00-04:00,7.296000003814697,7.78000020980835,7.296000003814697,7.5279998779296875,4215,0.0,0.0
2018-10-24 00:00:00-04:00,7.484000205993652,7.495999813079834,7.197999954223633,7.199999809265137,3805,0.0,0.0
2018-10-25 00:00:00-04:00,7.199999809265137,7.619999885559082,7.145999908447266,7.458000183105469,7540,0.0,0.0
2018-10-26 00:00:00-04:00,7.5,7.5,7.139999866485596,7.179999828338623,3950,0.0,0.0
2018-10-29 00:00:00-04:00,7.099999904632568,7.28000020980835,6.199999809265137,6.389999866485596,9740,0.0,0.0
2018-10-30 00:00:00-04:00,6.5,6.78000020980835,6.099999904632568,6.670000076293945,7910,0.0,0.0
2018-10-31 00:00:00-04:00,6.699999809265137,6.960000038146973,6.579999923706055,6.584000110626221,7870,0.0,0.0
2018-11-01 00:00:00-04:00,6.811999797821045,7.099999904632568,6.699999809265137,7.099999904632568,2100,0.0,0.0
2018-11-02 00:00:00-04:00,7.176000118255615,7.360000133514404,7.0,7.335999965667725,2060,0.0,0.0
2018-11-05 00:00:00-05:00,7.1479997634887695,7.199999809265137,7.1479997634887695,7.199999809265137,285,0.0,0.0
2018-11-06 00:00:00-05:00,7.039999961853027,7.039999961853027,7.0,7.0,1250,0.0,0.0
2018-11-07 00:00:00-05:00,7.150000095367432,7.150000095367432,6.776000022888184,6.940000057220459,6790,0.0,0.0
2018-11-08 00:00:00-05:00,6.619999885559082,7.019999980926514,6.5,7.010000228881836,2265,0.0,0.0
2018-11-09 00:00:00-05:00,6.5,6.639999866485596,6.260000228881836,6.639999866485596,5690,0.0,0.0
2018-11-12 00:00:00-05:00,6.320000171661377,6.400000095367432,5.800000190734863,6.081999778747559,16940,0.0,0.0
2018-11-13 00:00:00-05:00,6.010000228881836,6.010000228881836,5.179999828338623,5.605999946594238,20805,0.0,0.0
2018-11-14 00:00:00-05:00,5.708000183105469,5.73799991607666,5.176000118255615,5.320000171661377,13390,0.0,0.0
2018-11-15 00:00:00-05:00,5.199999809265137,5.199999809265137,5.199999809265137,5.199999809265137,500,0.0,0.05
2018-11-16 00:00:00-05:00,4.940000057220459,4.949999809265137,4.7581000328063965,4.949999809265137,11000,0.0,0.0
2018-11-19 00:00:00-05:00,4.810100078582764,4.860000133514404,4.62939977645874,4.75,11200,0.0,0.0
2018-11-20 00:00:00-05:00,4.409999847412109,4.550000190734863,3.7899999618530273,4.300000190734863,13500,0.0,0.0
2018-11-21 00:00:00-05:00,4.289999961853027,4.3979997634887695,4.18120002746582,4.300000190734863,16600,0.0,0.0
2018-11-23 00:00:00-05:00,4.1290998458862305,4.1290998458862305,4.1290998458862305,4.1290998458862305,400,0.0,0.0
2018-11-26 00:00:00-05:00,4.21999979019165,4.21999979019165,4.184500217437744,4.196899890899658,1700,0.0,0.0
2018-11-27 00:00:00-05:00,4.199999809265137,4.230000019073486,4.196000099182129,4.21589994430542,4400,0.0,0.0
2018-11-28 00:00:00-05:00,4.760000228881836,5.0,4.199999809265137,5.0,12700,0.0,0.0
2018-11-29 00:00:00-05:00,4.831500053405762,5.099999904632568,4.820000171661377,5.050000190734863,8700,0.0,0.0
2018-11-30 00:00:00-05:00,4.820099830627441,4.83489990234375,4.654399871826172,4.734899997711182,12400,0.0,0.0
2018-12-03 00:00:00-05:00,5.0,5.053299903869629,5.0,5.053299903869629,12500,0.0,0.0
2018-12-04 00:00:00-05:00,5.266600131988525,5.266600131988525,4.924699783325195,4.924699783325195,2700,0.0,0.0
2018-12-06 00:00:00-05:00,5.300000190734863,6.53000020980835,5.25,5.849999904632568,22900,0.0,0.0
2018-12-07 00:00:00-05:00,4.0,4.25,3.0,3.0999999046325684,1124000,0.0,0.0
2018-12-10 00:00:00-05:00,3.25,3.549999952316284,3.109999895095825,3.490000009536743,251600,0.0,0.0
2018-12-11 00:00:00-05:00,3.369999885559082,3.700000047683716,3.319999933242798,3.5899999141693115,96800,0.0,0.0
2018-12-12 00:00:00-05:00,3.75,3.799999952316284,3.450000047683716,3.619999885559082,157600,0.0,0.0
2018-12-13 00:00:00-05:00,3.6600000858306885,3.7300000190734863,3.299999952316284,3.4000000953674316,108100,0.0,0.0
2018-12-14 00:00:00-05:00,3.4100000858306885,3.6526999473571777,3.4000000953674316,3.5399999618530273,78100,0.0,0.0
2018-12-17 00:00:00-05:00,3.4000000953674316,3.640000104904175,3.1600000858306885,3.2100000381469727,134600,0.0,0.0
2018-12-18 00:00:00-05:00,3.25,3.3499999046325684,2.8559999465942383,3.049999952316284,113400,0.0,0.0
2018-12-19 00:00:00-05:00,2.890000104904175,3.109299898147583,2.890000104904175,3.0,88900,0.0,0.0
2018-12-20 00:00:00-05:00,2.950000047683716,3.2799999713897705,2.4600000381469727,2.6500000953674316,173100,0.0,0.0
2018-12-21 00:00:00-05:00,2.5999999046325684,2.9800000190734863,2.5999999046325684,2.75,161600,0.0,0.0
2018-12-24 00:00:00-05:00,2.75,3.0,2.75,3.0,25000,0.0,0.0
2018-12-26 00:00:00-05:00,3.240000009536743,3.240000009536743,2.759999990463257,3.0499000549316406,38700,0.0,0.0
2018-12-27 00:00:00-05:00,3.0399999618530273,3.259999990463257,2.609999895095825,3.0299999713897705,61000,0.0,0.0
2018-12-28 00:00:00-05:00,3.1500000953674316,3.1500000953674316,2.7200000286102295,2.859999895095825,34000,0.0,0.0
2018-12-31 00:00:00-05:00,2.859999895095825,3.2256999015808105,2.859999895095825,2.9100000858306885,22700,0.0,0.0
2019-01-02 00:00:00-05:00,3.0799999237060547,3.2300000190734863,2.7899999618530273,3.2300000190734863,14700,0.0,0.0
2019-01-03 00:00:00-05:00,3.200000047683716,3.450000047683716,2.9100000858306885,3.3499999046325684,67500,0.0,0.0
2019-01-04 00:00:00-05:00,3.299999952316284,3.4611001014709473,3.200000047683716,3.4611001014709473,40300,0.0,0.0
2019-01-07 00:00:00-05:00,3.4800000190734863,3.5100998878479004,3.2709999084472656,3.4600000381469727,14600,0.0,0.0
2019-01-08 00:00:00-05:00,3.4762001037597656,3.6198999881744385,3.4762001037597656,3.546299934387207,15100,0.0,0.0
2019-01-09 00:00:00-05:00,3.5999999046325684,3.75,3.5999999046325684,3.700000047683716,22100,0.0,0.0
2019-01-10 00:00:00-05:00,3.740000009536743,3.740000009536743,3.5,3.6500000953674316,53400,0.0,0.0
2019-01-11 00:00:00-05:00,3.6500000953674316,3.7100000381469727,3.450000047683716,3.539900064468384,23000,0.0,0.0
2019-01-14 00:00:00-05:00,3.7300000190734863,3.75,3.4800000190734863,3.49429988861084,40500,0.0,0.0
2019-01-15 00:00:00-05:00,3.509999990463257,3.700000047683716,3.450000047683716,3.5999999046325684,9000,0.0,0.0
2019-01-16 00:00:00-05:00,3.5,3.690000057220459,3.450000047683716,3.6700000762939453,19600,0.0,0.0
2019-01-17 00:00:00-05:00,3.6500000953674316,3.6700000762939453,3.5,3.555000066757202,1900,0.0,0.0
2019-01-18 00:00:00-05:00,3.6700000762939453,3.859999895095825,3.450000047683716,3.638700008392334,39900,0.0,0.0
2019-01-22 00:00:00-05:00,3.559999942779541,3.880000114440918,3.559999942779541,3.5999999046325684,29100,0.0,0.0
2019-01-23 00:00:00-05:00,3.6600000858306885,3.9000000953674316,3.651400089263916,3.799999952316284,12400,0.0,0.0
2019-01-24 00:00:00-05:00,3.799999952316284,3.799999952316284,3.6600000858306885,3.726099967956543,9500,0.0,0.0
2019-01-25 00:00:00-05:00,3.7699999809265137,3.8499999046325684,3.7699999809265137,3.8499999046325684,7200,0.0,0.0
2019-01-28 00:00:00-05:00,3.799999952316284,4.050000190734863,3.700000047683716,3.7499001026153564,13100,0.0,0.0
2019-01-29 00:00:00-05:00,3.75,3.990000009536743,3.700000047683716,3.700000047683716,7600,0.0,0.0
2019-01-30 00:00:00-05:00,3.7499001026153564,3.9000000953674316,3.700000047683716,3.825900077819824,25500,0.0,0.0
2019-01-31 00:00:00-05:00,3.7799999713897705,4.090000152587891,3.7799999713897705,3.9000000953674316,12800,0.0,0.0
2019-02-01 00:00:00-05:00,4.170000076293945,4.199999809265137,4.0,4.002699851989746,14300,0.0,0.0
2019-02-04 00:00:00-05:00,4.25,4.25,3.950000047683716,4.0,32500,0.0,0.0
2019-02-05 00:00:00-05:00,4.190000057220459,4.190000057220459,3.8499999046325684,4.019999980926514,6100,0.0,0.0
2019-02-06 00:00:00-05:00,4.03000020980835,4.199900150299072,3.8499999046325684,3.9999001026153564,20900,0.0,0.0
2019-02-07 00:00:00-05:00,4.0,4.0,3.9000000953674316,3.9000000953674316,3700,0.0,0.0
2019-02-08 00:00:00-05:00,4.0,4.0,3.8127999305725098,3.8127999305725098,5300,0.0,0.0
2019-02-11 00:00:00-05:00,3.809999942779541,4.099999904632568,3.3833999633789062,3.440000057220459,101300,0.0,0.0
2019-02-12 00:00:00-05:00,3.450000047683716,3.4600000381469727,3.0,3.259999990463257,266800,0.0,0.0
2019-02-13 00:00:00-05:00,3.299999952316284,3.6500000953674316,3.299999952316284,3.299999952316284,15300,0.0,0.0
2019-02-14 00:00:00-05:00,3.3399999141693115,3.3466999530792236,3.165800094604492,3.180000066757202,19400,0.0,0.0
2019-02-15 00:00:00-05:00,3.450000047683716,3.450000047683716,3.0999999046325684,3.1600000858306885,26500,0.0,0.0
2019-02-19 00:00:00-05:00,3.200000047683716,3.4800000190734863,3.200000047683716,3.450000047683716,40500,0.0,0.0
2019-02-20 00:00:00-05:00,3.4200000762939453,3.7314999103546143,3.3499999046325684,3.619999885559082,83700,0.0,0.0
2019-02-21 00:00:00-05:00,3.5799999237060547,3.799999952316284,3.319999933242798,3.5199999809265137,68200,0.0,0.0
2019-02-22 00:00:00-05:00,3.490000009536743,3.759999990463257,3.490000009536743,3.5799999237060547,23700,0.0,0.0
2019-02-25 00:00:00-05:00,3.5999999046325684,3.7200000286102295,3.4170000553131104,3.6700000762939453,25800,0.0,0.0
2019-02-26 00:00:00-05:00,3.6700000762939453,3.6700000762939453,3.549999952316284,3.640000104904175,17300,0.0,0.0
2019-02-27 00:00:00-05:00,3.6500000953674316,3.6700000762939453,3.5,3.6500000953674316,8000,0.0,0.0
2019-02-28 00:00:00-05:00,3.5799999237060547,3.799999952316284,3.299999952316284,3.3499999046325684,48700,0.0,0.0
2019-03-01 00:00:00-05:00,3.440000057220459,3.463200092315674,3.393699884414673,3.450000047683716,9100,0.0,0.0
2019-03-04 00:00:00-05:00,3.4600000381469727,3.4700000286102295,3.299999952316284,3.4000000953674316,31700,0.0,0.0
2019-03-05 00:00:00-05:00,3.4600000381469727,3.5,3.2100000381469727,3.359999895095825,179100,0.0,0.0
2019-03-06 00:00:00-05:00,3.5,3.640000104904175,3.3499999046325684,3.450000047683716,28000,0.0,0.0
2019-03-07 00:00:00-05:00,3.450000047683716,3.5,3.3499999046325684,3.3499999046325684,13900,0.0,0.0
2019-03-08 00:00:00-05:00,3.359999895095825,3.359999895095825,3.299999952316284,3.299999952316284,63400,0.0,0.0
2019-03-11 00:00:00-04:00,3.3431999683380127,3.359999895095825,3.300100088119507,3.3299999237060547,41700,0.0,0.0
2019-03-12 00:00:00-04:00,3.299999952316284,3.300100088119507,3.200000047683716,3.25,28200,0.0,0.0
2019-03-13 00:00:00-04:00,3.25,3.299999952316284,3.140000104904175,3.140000104904175,42600,0.0,0.0
2019-03-14 00:00:00-04:00,3.1600000858306885,3.200000047683716,3.0999999046325684,3.0999999046325684,24200,0.0,0.0
2019-03-15 00:00:00-04:00,3.0999999046325684,3.284600019454956,3.0799999237060547,3.240000009536743,64500,0.0,0.0
2019-03-18 00:00:00-04:00,3.240000009536743,3.4800000190734863,3.1500000953674316,3.309999942779541,53900,0.0,0.0
2019-03-19 00:00:00-04:00,3.359999895095825,3.430000066757202,3.2000999450683594,3.2899999618530273,76000,0.0,0.0
2019-03-20 00:00:00-04:00,3.4282000064849854,3.4475998878479004,3.299999952316284,3.325000047683716,48900,0.0,0.0
2019-03-21 00:00:00-04:00,3.390000104904175,3.399600028991699,3.2799999713897705,3.3399999141693115,33400,0.0,0.0
2019-03-22 00:00:00-04:00,3.3499999046325684,3.950000047683716,3.3499999046325684,3.950000047683716,233100,0.0,0.0
2019-03-25 00:00:00-04:00,4.0,4.479899883270264,3.799999952316284,4.25,222200,0.0,0.0
2019-03-26 00:00:00-04:00,4.25,4.370999813079834,4.090000152587891,4.269999980926514,32000,0.0,0.0
2019-03-27 00:00:00-04:00,4.309999942779541,4.800000190734863,4.309999942779541,4.460000038146973,117900,0.0,0.0
2019-03-28 00:00:00-04:00,4.510000228881836,4.774600028991699,4.429999828338623,4.460000038146973,45300,0.0,0.0
2019-03-29 00:00:00-04:00,4.472300052642822,4.550000190734863,4.429999828338623,4.539999961853027,21200,0.0,0.0
2019-04-01 00:00:00-04:00,4.53000020980835,4.539999961853027,4.369999885559082,4.369999885559082,26300,0.0,0.0
2019-04-02 00:00:00-04:00,4.409999847412109,4.409999847412109,4.010000228881836,4.010000228881836,7500,0.0,0.0
2019-04-03 00:00:00-04:00,4.08519983291626,4.150000095367432,3.800100088119507,4.039999961853027,54800,0.0,0.0
2019-04-04 00:00:00-04:00,4.0,4.019999980926514,3.75,3.75,66300,0.0,0.0
2019-04-05 00:00:00-04:00,3.75,3.8499999046325684,3.450000047683716,3.8499999046325684,155300,0.0,0.0
2019-04-08 00:00:00-04:00,3.869999885559082,3.9000000953674316,3.650099992752075,3.9000000953674316,51800,0.0,0.0
2019-04-09 00:00:00-04:00,3.9100000858306885,3.9100000858306885,3.6500000953674316,3.7100000381469727,10100,0.0,0.0
2019-04-10 00:00:00-04:00,3.7899999618530273,3.799999952316284,3.5999999046325684,3.6500000953674316,87200,0.0,0.0
2019-04-11 00:00:00-04:00,3.640000104904175,3.690000057220459,3.5999999046325684,3.6500000953674316,26100,0.0,0.0
2019-04-12 00:00:00-04:00,3.6577000617980957,3.6700000762939453,3.640000104904175,3.6572999954223633,38700,0.0,0.0
2019-04-15 00:00:00-04:00,3.630000114440918,3.6965999603271484,3.5999999046325684,3.5999999046325684,15900,0.0,0.0
2019-04-16 00:00:00-04:00,3.609999895095825,3.623300075531006,3.5999999046325684,3.5999999046325684,23500,0.0,0.0
2019-04-17 00:00:00-04:00,3.5999999046325684,3.6050000190734863,3.559999942779541,3.6050000190734863,30700,0.0,0.0
2019-04-18 00:00:00-04:00,3.5899999141693115,3.9711999893188477,3.5899999141693115,3.950000047683716,17300,0.0,0.0
2019-04-22 00:00:00-04:00,3.4000000953674316,3.5399999618530273,3.2799999713897705,3.4000000953674316,227800,0.0,0.0
2019-04-23 00:00:00-04:00,3.3499999046325684,3.450000047683716,3.2662999629974365,3.319999933242798,58400,0.0,0.0
2019-04-24 00:00:00-04:00,3.450000047683716,3.450000047683716,3.259999990463257,3.4100000858306885,43900,0.0,0.0
2019-04-25 00:00:00-04:00,3.430000066757202,3.430000066757202,3.3350000381469727,3.3499999046325684,14400,0.0,0.0
2019-04-26 00:00:00-04:00,3.3299999237060547,3.359999895095825,3.299999952316284,3.319999933242798,7800,0.0,0.0
2019-04-29 00:00:00-04:00,3.309999942779541,3.359999895095825,3.2160000801086426,3.359999895095825,24000,0.0,0.0
2019-04-30 00:00:00-04:00,3.2899999618530273,3.4000000953674316,3.2899999618530273,3.309999942779541,86400,0.0,0.0
2019-05-01 00:00:00-04:00,3.3499999046325684,3.390000104904175,3.25,3.3324999809265137,17500,0.0,0.0
2019-05-02 00:00:00-04:00,3.319999933242798,3.3499999046325684,3.299999952316284,3.3499999046325684,12200,0.0,0.0
2019-05-03 00:00:00-04:00,3.369999885559082,3.5,3.3499999046325684,3.4000000953674316,25300,0.0,0.0
2019-05-06 00:00:00-04:00,3.359999895095825,3.5899999141693115,3.359999895095825,3.390000104904175,25800,0.0,0.0
2019-05-07 00:00:00-04:00,3.4100000858306885,3.4100000858306885,3.299999952316284,3.3499999046325684,28600,0.0,0.0
2019-05-08 00:00:00-04:00,3.319999933242798,3.319999933242798,3.25,3.2699999809265137,19500,0.0,0.0
2019-05-09 00:00:00-04:00,3.2462000846862793,3.2799999713897705,3.200000047683716,3.25,34700,0.0,0.0
2019-05-10 00:00:00-04:00,3.200000047683716,3.25,3.1700000762939453,3.1700000762939453,22000,0.0,0.0
2019-05-13 00:00:00-04:00,3.1700000762939453,3.2009999752044678,2.865000009536743,3.0,24900,0.0,0.0
2019-05-14 00:00:00-04:00,2.940000057220459,3.3006999492645264,2.9149999618530273,3.109999895095825,80100,0.0,0.0
2019-05-15 00:00:00-04:00,3.119999885559082,3.1700000762939453,2.990000009536743,3.059999942779541,24200,0.0,0.0
2019-05-16 00:00:00-04:00,2.950000047683716,3.020699977874756,2.869999885559082,2.990000009536743,38100,0.0,0.0
2019-05-17 00:00:00-04:00,2.880000114440918,2.940000057220459,2.690000057220459,2.700000047683716,20800,0.0,0.0
2019-05-20 00:00:00-04:00,2.7135000228881836,2.8880999088287354,2.7000999450683594,2.880000114440918,5900,0.0,0.0
2019-05-21 00:00:00-04:00,2.819999933242798,2.950000047683716,2.7049999237060547,2.8499999046325684,22500,0.0,0.0
2019-05-22 00:00:00-04:00,2.8299999237060547,3.0,2.700700044631958,3.0,28500,0.0,0.0
2019-05-23 00:00:00-04:00,2.930000066757202,2.930000066757202,2.799999952316284,2.9200000762939453,13200,0.0,0.0
2019-05-24 00:00:00-04:00,2.950000047683716,2.950000047683716,2.753700017929077,2.880000114440918,37300,0.0,0.0
2019-05-28 00:00:00-04:00,3.0,3.0,2.799999952316284,2.799999952316284,3800,0.0,0.0
2019-05-29 00:00:00-04:00,2.9000000953674316,2.93149995803833,2.8010001182556152,2.809999942779541,4300,0.0,0.0
2019-05-30 00:00:00-04:00,2.8069000244140625,2.9000000953674316,2.630000114440918,2.890000104904175,64500,0.0,0.0
2019-05-31 00:00:00-04:00,2.880000114440918,2.880000114440918,2.640000104904175,2.7699999809265137,47600,0.0,0.0
2019-06-03 00:00:00-04:00,2.658900022506714,2.7699999809265137,2.5899999141693115,2.7699999809265137,28100,0.0,0.0
2019-06-04 00:00:00-04:00,2.609999895095825,3.0899999141693115,2.5999999046325684,2.859999895095825,39500,0.0,0.0
2019-06-05 00:00:00-04:00,2.869999885559082,2.9100000858306885,2.6600000858306885,2.9100000858306885,13700,0.0,0.0
2019-06-06 00:00:00-04:00,2.9600000381469727,3.1500000953674316,2.7699999809265137,3.0999999046325684,74000,0.0,0.0
2019-06-07 00:00:00-04:00,3.0546998977661133,3.08489990234375,2.950000047683716,2.950000047683716,9000,0.0,0.0
2019-06-10 00:00:00-04:00,2.9200000762939453,3.0950000286102295,2.7530999183654785,2.859999895095825,70000,0.0,0.0
2019-06-11 00:00:00-04:00,2.9000000953674316,3.119999885559082,2.7637999057769775,2.869999885559082,42300,0.0,0.0
2019-06-12 00:00:00-04:00,2.8499999046325684,2.8499999046325684,2.822999954223633,2.822999954223633,1500,0.0,0.0
2019-06-13 00:00:00-04:00,2.809999942779541,2.950000047683716,2.6933999061584473,2.950000047683716,52000,0.0,0.0
2019-06-14 00:00:00-04:00,3.049999952316284,3.200000047683716,2.828700065612793,3.0799999237060547,102800,0.0,0.0
2019-06-17 00:00:00-04:00,3.1500000953674316,3.680000066757202,3.0799999237060547,3.680000066757202,131200,0.0,0.0
2019-06-18 00:00:00-04:00,3.680000066757202,3.8499999046325684,2.890000104904175,3.819999933242798,101700,0.0,0.0
2019-06-19 00:00:00-04:00,3.7200000286102295,3.819999933242798,3.7100000381469727,3.819999933242798,62300,0.0,0.0
2019-06-20 00:00:00-04:00,5.099999904632568,5.929999828338623,4.329999923706055,4.940000057220459,3714700,0.0,0.0
2019-06-21 00:00:00-04:00,4.519999980926514,5.25,4.510000228881836,4.639999866485596,342700,0.0,0.0
2019-06-24 00:00:00-04:00,4.679999828338623,5.070000171661377,4.409999847412109,4.599999904632568,114100,0.0,0.0
2019-06-25 00:00:00-04:00,4.559999942779541,5.150000095367432,4.554599761962891,4.860000133514404,136400,0.0,0.0
2019-06-26 00:00:00-04:00,4.909999847412109,4.969399929046631,4.550000190734863,4.710000038146973,55300,0.0,0.0
2019-06-27 00:00:00-04:00,4.670000076293945,4.829999923706055,4.550000190734863,4.659999847412109,85600,0.0,0.0
2019-06-28 00:00:00-04:00,4.619999885559082,5.005099773406982,4.5,4.960000038146973,120600,0.0,0.0
2019-07-01 00:00:00-04:00,4.920000076293945,4.989999771118164,4.680099964141846,4.860000133514404,34800,0.0,0.0
2019-07-02 00:00:00-04:00,4.900000095367432,4.920000076293945,4.725100040435791,4.880000114440918,22600,0.0,0.0
2019-07-03 00:00:00-04:00,4.920000076293945,4.920000076293945,4.550000190734863,4.650000095367432,64900,0.0,0.0
2019-07-05 00:00:00-04:00,4.610000133514404,4.719600200653076,4.610000133514404,4.670000076293945,15700,0.0,0.0
2019-07-08 00:00:00-04:00,4.650000095367432,4.880000114440918,4.610000133514404,4.840000152587891,29700,0.0,0.0
2019-07-09 00:00:00-04:00,4.860000133514404,4.860000133514404,4.489999771118164,4.489999771118164,27900,0.0,0.0
2019-07-10 00:00:00-04:00,4.599999904632568,4.699999809265137,3.859999895095825,4.010000228881836,219800,0.0,0.0
2019-07-11 00:00:00-04:00,4.050000190734863,4.469900131225586,4.050000190734863,4.440000057220459,74800,0.0,0.0
2019-07-12 00:00:00-04:00,4.46999979019165,4.619999885559082,4.239999771118164,4.559999942779541,113300,0.0,0.0
2019-07-15 00:00:00-04:00,4.579999923706055,4.657299995422363,4.210000038146973,4.28000020980835,53200,0.0,0.0
2019-07-16 00:00:00-04:00,4.300000190734863,4.440000057220459,4.010000228881836,4.130000114440918,107600,0.0,0.0
2019-07-17 00:00:00-04:00,4.03000020980835,4.260000228881836,3.630000114440918,3.8399999141693115,107500,0.0,0.0
2019-07-18 00:00:00-04:00,3.75,4.03000020980835,3.75,3.9100000858306885,46300,0.0,0.0
2019-07-19 00:00:00-04:00,3.890000104904175,3.890000104904175,3.5999999046325684,3.6500000953674316,66500,0.0,0.0
2019-07-22 00:00:00-04:00,3.7699999809265137,3.7699999809265137,3.509999990463257,3.559999942779541,46200,0.0,0.0
2019-07-23 00:00:00-04:00,3.549999952316284,3.559999942779541,3.3499999046325684,3.559999942779541,17600,0.0,0.0
2019-07-24 00:00:00-04:00,3.549999952316284,3.75,3.490600109100342,3.75,29200,0.0,0.0
2019-07-25 00:00:00-04:00,3.569999933242798,3.7200000286102295,3.490000009536743,3.490000009536743,10000,0.0,0.0
2019-07-26 00:00:00-04:00,3.501499891281128,3.75,3.501499891281128,3.5999999046325684,24900,0.0,0.0
2019-07-29 00:00:00-04:00,3.7520999908447266,3.940000057220459,3.6673998832702637,3.799999952316284,33000,0.0,0.0
2019-07-30 00:00:00-04:00,3.8399999141693115,3.8499999046325684,3.619999885559082,3.759999990463257,40000,0.0,0.0
2019-07-31 00:00:00-04:00,3.8499999046325684,3.8499999046325684,3.5999999046325684,3.7300000190734863,25200,0.0,0.0
2019-08-01 00:00:00-04:00,3.5999999046325684,3.7200000286102295,3.2699999809265137,3.380000114440918,37000,0.0,0.0
2019-08-02 00:00:00-04:00,3.4000000953674316,3.5899999141693115,3.4000000953674316,3.509999990463257,31700,0.0,0.0
2019-08-05 00:00:00-04:00,3.440000057220459,3.679500102996826,3.286400079727173,3.5,16800,0.0,0.0
2019-08-06 00:00:00-04:00,3.4000000953674316,3.4000000953674316,3.059999942779541,3.0799999237060547,34200,0.0,0.0
2019-08-07 00:00:00-04:00,3.049999952316284,3.5199999809265137,3.049999952316284,3.359999895095825,6500,0.0,0.0
2019-08-08 00:00:00-04:00,3.4700000286102295,3.6700000762939453,3.25,3.2899999618530273,11900,0.0,0.0
2019-08-09 00:00:00-04:00,3.180000066757202,3.4200000762939453,3.0999999046325684,3.200000047683716,9000,0.0,0.0
2019-08-12 00:00:00-04:00,3.359999895095825,3.3742001056671143,3.1600000858306885,3.1600000858306885,13600,0.0,0.0
2019-08-13 00:00:00-04:00,3.2300000190734863,3.4600000381469727,3.2300000190734863,3.4600000381469727,24900,0.0,0.0
2019-08-14 00:00:00-04:00,3.0999999046325684,3.0999999046325684,2.2100000381469727,2.259999990463257,347100,0.0,0.0
2019-08-15 00:00:00-04:00,2.4000000953674316,2.75,2.4000000953674316,2.549999952316284,208300,0.0,0.0
2019-08-16 00:00:00-04:00,2.609999895095825,2.700000047683716,2.4000000953674316,2.559999942779541,62800,0.0,0.0
2019-08-19 00:00:00-04:00,2.5899999141693115,2.700000047683716,2.4000000953674316,2.430000066757202,69800,0.0,0.0
2019-08-20 00:00:00-04:00,2.5,2.640000104904175,2.4758999347686768,2.640000104904175,42700,0.0,0.0
2019-08-21 00:00:00-04:00,2.559999942779541,2.5999999046325684,2.4600000381469727,2.5999999046325684,28000,0.0,0.0
2019-08-22 00:00:00-04:00,2.4830000400543213,2.559999942779541,2.482599973678589,2.5299999713897705,20200,0.0,0.0
2019-08-23 00:00:00-04:00,2.5999999046325684,2.609999895095825,2.1500000953674316,2.309999942779541,46600,0.0,0.0
2019-08-26 00:00:00-04:00,2.3917999267578125,2.5999999046325684,2.3801000118255615,2.5,32000,0.0,0.0
2019-08-27 00:00:00-04:00,2.5,2.5999999046325684,2.3859000205993652,2.509999990463257,14300,0.0,0.0
2019-08-28 00:00:00-04:00,2.5,2.5262999534606934,2.4519999027252197,2.4800000190734863,7700,0.0,0.0
2019-08-29 00:00:00-04:00,2.5199999809265137,2.950000047683716,2.4500999450683594,2.880000114440918,87800,0.0,0.0
2019-08-30 00:00:00-04:00,2.9700000286102295,3.109999895095825,2.799999952316284,2.9800000190734863,89800,0.0,0.0
2019-09-03 00:00:00-04:00,3.0,3.0999999046325684,2.9200000762939453,3.0199999809265137,25100,0.0,0.0
2019-09-04 00:00:00-04:00,2.8499999046325684,3.0999999046325684,2.8499999046325684,2.869999885559082,32500,0.0,0.0
2019-09-05 00:00:00-04:00,2.880000114440918,3.0148000717163086,2.880000114440918,2.940000057220459,23400,0.0,0.0
2019-09-06 00:00:00-04:00,2.9000000953674316,2.930000066757202,2.697999954223633,2.8499999046325684,53600,0.0,0.0
2019-09-09 00:00:00-04:00,2.680000066757202,2.8117001056671143,2.6619999408721924,2.7899999618530273,7100,0.0,0.0
2019-09-10 00:00:00-04:00,2.7799999713897705,2.799999952316284,2.740000009536743,2.7799999713897705,8400,0.0,0.0
2019-09-11 00:00:00-04:00,2.7699999809265137,2.7920000553131104,2.700000047683716,2.700000047683716,11600,0.0,0.0
2019-09-12 00:00:00-04:00,2.7799999713897705,3.0199999809265137,2.690000057220459,2.950000047683716,41700,0.0,0.0
2019-09-13 00:00:00-04:00,2.8299999237060547,2.9784998893737793,2.8299999237060547,2.890000104904175,21900,0.0,0.0
2019-09-16 00:00:00-04:00,2.930000066757202,2.940000057220459,2.8399999141693115,2.8399999141693115,8300,0.0,0.0
2019-09-17 00:00:00-04:00,2.880000114440918,2.880000114440918,2.7799999713897705,2.7799999713897705,24000,0.0,0.0
2019-09-18 00:00:00-04:00,2.7899999618530273,2.859999895095825,2.75,2.75,20700,0.0,0.0
2019-09-19 00:00:00-04:00,2.8134000301361084,2.880000114440918,2.700000047683716,2.8299999237060547,48900,0.0,0.0
2019-09-20 00:00:00-04:00,2.6700000762939453,2.7588999271392822,2.609999895095825,2.75,13300,0.0,0.0
2019-09-23 00:00:00-04:00,2.7300000190734863,2.7300000190734863,2.509999990463257,2.509999990463257,38700,0.0,0.0
2019-09-24 00:00:00-04:00,2.6600000858306885,2.7100000381469727,2.4000000953674316,2.4000000953674316,78800,0.0,0.0
2019-09-25 00:00:00-04:00,2.4100000858306885,2.487299919128418,2.309999942779541,2.309999942779541,49600,0.0,0.0
2019-09-26 00:00:00-04:00,2.309999942779541,2.3299999237060547,2.0,2.1600000858306885,128500,0.0,0.0
2019-09-27 00:00:00-04:00,2.1303000450134277,2.190000057220459,2.124000072479248,2.1500000953674316,6900,0.0,0.0
2019-09-30 00:00:00-04:00,2.119999885559082,2.1700000762939453,2.0199999809265137,2.069999933242798,12800,0.0,0.0
2019-10-01 00:00:00-04:00,2.1500000953674316,2.1700000762939453,2.1500000953674316,2.1500000953674316,4000,0.0,0.0
2019-10-02 00:00:00-04:00,2.0899999141693115,2.494999885559082,2.059999942779541,2.200000047683716,37400,0.0,0.0
2019-10-03 00:00:00-04:00,2.2200000286102295,2.4000000953674316,2.0999999046325684,2.3499999046325684,74900,0.0,0.0
2019-10-04 00:00:00-04:00,2.4600000381469727,2.640000104904175,2.0799999237060547,2.309999942779541,73900,0.0,0.0
2019-10-07 00:00:00-04:00,2.6500000953674316,2.680000066757202,2.049999952316284,2.049999952316284,85200,0.0,0.0
2019-10-08 00:00:00-04:00,2.059999942779541,2.075700044631958,1.7000000476837158,1.909999966621399,68800,0.0,0.0
2019-10-09 00:00:00-04:00,1.8799999952316284,1.8799999952316284,1.7699999809265137,1.850000023841858,16400,0.0,0.0
2019-10-10 00:00:00-04:00,1.8799999952316284,1.8899999856948853,1.7200000286102295,1.7999999523162842,64600,0.0,0.0
2019-10-11 00:00:00-04:00,1.8200000524520874,1.9194999933242798,1.8200000524520874,1.840000033378601,23100,0.0,0.0
2019-10-14 00:00:00-04:00,1.840000033378601,2.450000047683716,1.840000033378601,2.1700000762939453,85000,0.0,0.0
2019-10-15 00:00:00-04:00,2.200000047683716,2.200000047683716,2.049999952316284,2.119999885559082,55700,0.0,0.0
2019-10-16 00:00:00-04:00,2.139400005340576,2.5,2.0155999660491943,2.4026999473571777,43100,0.0,0.0
2019-10-17 00:00:00-04:00,2.4100000858306885,2.6500000953674316,2.3399999141693115,2.5999999046325684,81900,0.0,0.0
2019-10-18 00:00:00-04:00,2.5899999141693115,2.630000114440918,2.5799999237060547,2.619999885559082,13200,0.0,0.0
2019-10-21 00:00:00-04:00,2.5999999046325684,3.069999933242798,2.5999999046325684,2.890000104904175,124900,0.0,0.0
2019-10-22 00:00:00-04:00,2.880000114440918,3.140000104904175,2.8499999046325684,2.9000000953674316,41800,0.0,0.0
2019-10-23 00:00:00-04:00,2.9700000286102295,3.0199999809265137,2.9100000858306885,3.0199999809265137,17900,0.0,0.0
2019-10-24 00:00:00-04:00,2.9800000190734863,2.9800000190734863,2.9000000953674316,2.9195001125335693,33800,0.0,0.0
2019-10-25 00:00:00-04:00,2.9001998901367188,3.1500000953674316,2.9000000953674316,3.0,47800,0.0,0.0
2019-10-28 00:00:00-04:00,3.089900016784668,3.089900016784668,3.0548999309539795,3.069999933242798,3800,0.0,0.0
2019-10-29 00:00:00-04:00,3.0399999618530273,3.0399999618530273,2.8499999046325684,2.950000047683716,47300,0.0,0.0
2019-10-30 00:00:00-04:00,2.9100000858306885,2.990000009536743,2.8350000381469727,2.9000000953674316,29700,0.0,0.0
2019-10-31 00:00:00-04:00,2.859499931335449,2.950000047683716,2.8020999431610107,2.869999885559082,6500,0.0,0.0
2019-11-01 00:00:00-04:00,2.859999895095825,2.9000000953674316,2.8299999237060547,2.880000114440918,6600,0.0,0.0
2019-11-04 00:00:00-05:00,2.8499999046325684,2.8759000301361084,2.7950000762939453,2.8499999046325684,20800,0.0,0.0
2019-11-05 00:00:00-05:00,2.8499999046325684,2.9200000762939453,2.7200000286102295,2.740000009536743,15100,0.0,0.0
2019-11-06 00:00:00-05:00,3.009999990463257,3.009999990463257,2.5999999046325684,2.7500998973846436,6300,0.0,0.0
2019-11-07 00:00:00-05:00,2.8499999046325684,2.8499999046325684,2.5999999046325684,2.630000114440918,6400,0.0,0.0
2019-11-08 00:00:00-05:00,2.630000114440918,3.009999990463257,2.630000114440918,3.009999990463257,18500,0.0,0.0
2019-11-11 00:00:00-05:00,2.7669999599456787,3.009999990463257,2.755199909210205,3.009999990463257,16300,0.0,0.0
2019-11-12 00:00:00-05:00,2.880000114440918,3.6600000858306885,2.880000114440918,3.6600000858306885,106300,0.0,0.0
2019-11-13 00:00:00-05:00,3.6600000858306885,3.6600000858306885,3.299999952316284,3.5999999046325684,31600,0.0,0.0
2019-11-14 00:00:00-05:00,3.380000114440918,3.630000114440918,3.0799999237060547,3.2899999618530273,18100,0.0,0.0
2019-11-15 00:00:00-05:00,3.371000051498413,3.6786999702453613,3.190000057220459,3.5399999618530273,50200,0.0,0.0
2019-11-18 00:00:00-05:00,3.450000047683716,3.8499999046325684,3.450000047683716,3.75,117200,0.0,0.0
2019-11-19 00:00:00-05:00,3.849900007247925,3.880000114440918,3.569999933242798,3.690000057220459,49500,0.0,0.0
2019-11-20 00:00:00-05:00,3.5199999809265137,3.690000057220459,3.4600000381469727,3.4700000286102295,23800,0.0,0.0
2019-11-21 00:00:00-05:00,3.3399999141693115,3.45989990234375,3.1700000762939453,3.2799999713897705,23200,0.0,0.0
2019-11-22 00:00:00-05:00,3.3635001182556152,3.430000066757202,3.299999952316284,3.299999952316284,9100,0.0,0.0
2019-11-25 00:00:00-05:00,3.408799886703491,3.588599920272827,3.3376998901367188,3.3399999141693115,15800,0.0,0.0
2019-11-26 00:00:00-05:00,3.640000104904175,3.640000104904175,3.4489998817443848,3.4493000507354736,1300,0.0,0.0
2019-11-27 00:00:00-05:00,3.6500000953674316,3.6500000953674316,3.6500000953674316,3.6500000953674316,400,0.0,0.0
2019-11-29 00:00:00-05:00,3.390000104904175,3.4114999771118164,3.1500000953674316,3.1500000953674316,97000,0.0,0.0
2019-12-02 00:00:00-05:00,3.190000057220459,3.206199884414673,2.6700000762939453,2.9800000190734863,122800,0.0,0.0
2019-12-03 00:00:00-05:00,2.947000026702881,2.950000047683716,2.640000104904175,2.8499999046325684,23200,0.0,0.0
2019-12-04 00:00:00-05:00,2.930000066757202,2.944700002670288,2.819999933242798,2.819999933242798,18100,0.0,0.0
2019-12-05 00:00:00-05:00,2.944999933242798,2.9700000286102295,2.8299999237060547,2.930000066757202,37900,0.0,0.0
2019-12-06 00:00:00-05:00,2.950000047683716,2.9700000286102295,2.819999933242798,2.819999933242798,28600,0.0,0.0
2019-12-09 00:00:00-05:00,2.799999952316284,2.9700000286102295,2.7300000190734863,2.950000047683716,70000,0.0,0.0
2019-12-10 00:00:00-05:00,2.869999885559082,3.0199999809265137,2.75,2.9800000190734863,15100,0.0,0.0
2019-12-11 00:00:00-05:00,2.934299945831299,3.140000104904175,2.934299945831299,3.059999942779541,9300,0.0,0.0
2019-12-12 00:00:00-05:00,3.059999942779541,3.4000000953674316,3.049999952316284,3.380000114440918,67600,0.0,0.0
2019-12-13 00:00:00-05:00,3.2899999618530273,3.799999952316284,3.2899999618530273,3.740000009536743,117800,0.0,0.0
2019-12-16 00:00:00-05:00,3.740000009536743,3.755000114440918,3.299999952316284,3.299999952316284,46700,0.0,0.0
2019-12-17 00:00:00-05:00,3.390000104904175,3.5299999713897705,3.299999952316284,3.4000000953674316,20700,0.0,0.0
2019-12-18 00:00:00-05:00,3.5999999046325684,4.099999904632568,3.5,3.9600000381469727,226000,0.0,0.0
2019-12-19 00:00:00-05:00,3.9600000381469727,4.339700222015381,3.940000057220459,4.050000190734863,101700,0.0,0.0
2019-12-20 00:00:00-05:00,4.210000038146973,4.210000038146973,3.6333999633789062,4.050000190734863,71700,0.0,0.0
2019-12-23 00:00:00-05:00,4.28000020980835,4.349999904632568,4.010000228881836,4.150000095367432,92700,0.0,0.0
2019-12-24 00:00:00-05:00,4.110000133514404,4.440000057220459,3.9000000953674316,4.21999979019165,40300,0.0,0.0
2019-12-26 00:00:00-05:00,4.21999979019165,5.228799819946289,4.110000133514404,5.039999961853027,169500,0.0,0.0
2019-12-27 00:00:00-05:00,5.03000020980835,5.139999866485596,4.510000228881836,4.920000076293945,123900,0.0,0.0
2019-12-30 00:00:00-05:00,4.849999904632568,4.976200103759766,4.75,4.789999961853027,30000,0.0,0.0
2019-12-31 00:00:00-05:00,4.760000228881836,4.920000076293945,4.760000228881836,4.849999904632568,13700,0.0,0.0
2020-01-02 00:00:00-05:00,4.849999904632568,5.177299976348877,4.809999942779541,4.860000133514404,44800,0.0,0.0
2020-01-03 00:00:00-05:00,4.730000019073486,4.840000152587891,4.300000190734863,4.75,35400,0.0,0.0
2020-01-06 00:00:00-05:00,4.570000171661377,4.699999809265137,4.071300029754639,4.409999847412109,41500,0.0,0.0
2020-01-07 00:00:00-05:00,4.309999942779541,4.739999771118164,4.309999942779541,4.369999885559082,20500,0.0,0.0
2020-01-08 00:00:00-05:00,4.46999979019165,4.658899784088135,4.360099792480469,4.46999979019165,14900,0.0,0.0
2020-01-09 00:00:00-05:00,4.53000020980835,4.699999809265137,4.489999771118164,4.650000095367432,31700,0.0,0.0
2020-01-10 00:00:00-05:00,4.75,4.800000190734863,4.477499961853027,4.479300022125244,10400,0.0,0.0
2020-01-13 00:00:00-05:00,4.400000095367432,4.400000095367432,3.7049999237060547,4.090000152587891,142500,0.0,0.0
2020-01-14 00:00:00-05:00,4.099999904632568,4.389999866485596,4.090000152587891,4.300000190734863,14200,0.0,0.0
2020-01-15 00:00:00-05:00,4.201200008392334,4.380000114440918,4.185200214385986,4.210000038146973,3000,0.0,0.0
2020-01-16 00:00:00-05:00,4.320000171661377,4.769999980926514,4.320000171661377,4.699999809265137,73700,0.0,0.0
2020-01-17 00:00:00-05:00,4.703400135040283,4.703400135040283,4.400000095367432,4.400000095367432,33300,0.0,0.0
2020-01-21 00:00:00-05:00,4.409999847412109,4.409999847412109,4.260000228881836,4.260000228881836,1100,0.0,0.0
2020-01-22 00:00:00-05:00,4.25,4.489999771118164,4.199999809265137,4.269999980926514,46300,0.0,0.0
2020-01-23 00:00:00-05:00,4.28000020980835,4.319900035858154,4.030399799346924,4.039999961853027,42100,0.0,0.0
2020-01-24 00:00:00-05:00,4.099999904632568,4.199999809265137,4.082099914550781,4.190000057220459,32700,0.0,0.0
2020-01-27 00:00:00-05:00,4.130000114440918,4.409999847412109,4.099999904632568,4.199999809265137,33800,0.0,0.0
2020-01-28 00:00:00-05:00,4.150000095367432,4.25,4.110000133514404,4.150000095367432,30600,0.0,0.0
2020-01-29 00:00:00-05:00,4.130000114440918,4.130000114440918,4.010000228881836,4.050000190734863,13200,0.0,0.0
2020-01-30 00:00:00-05:00,4.050000190734863,4.199999809265137,4.020199775695801,4.159999847412109,32800,0.0,0.0
2020-01-31 00:00:00-05:00,4.130000114440918,4.400000095367432,4.130000114440918,4.355599880218506,36200,0.0,0.0
2020-02-03 00:00:00-05:00,4.420000076293945,4.650000095367432,4.420000076293945,4.460000038146973,37800,0.0,0.0
2020-02-04 00:00:00-05:00,4.405700206756592,4.900000095367432,4.400400161743164,4.820000171661377,68500,0.0,0.0
2020-02-05 00:00:00-05:00,4.739999771118164,5.005000114440918,4.230000019073486,4.619999885559082,49000,0.0,0.0
2020-02-06 00:00:00-05:00,4.74970006942749,4.74970006942749,4.524899959564209,4.699999809265137,10200,0.0,0.0
2020-02-07 00:00:00-05:00,4.670000076293945,4.800000190734863,4.650000095367432,4.699999809265137,31600,0.0,0.0
2020-02-10 00:00:00-05:00,4.789999961853027,4.789999961853027,4.599999904632568,4.679999828338623,7400,0.0,0.0
2020-02-11 00:00:00-05:00,4.599999904632568,5.0,4.369900226593018,4.409999847412109,146800,0.0,0.0
2020-02-12 00:00:00-05:00,4.400000095367432,4.700500011444092,4.400000095367432,4.630000114440918,69300,0.0,0.0
2020-02-13 00:00:00-05:00,4.641499996185303,4.8379998207092285,4.599999904632568,4.599999904632568,33600,0.0,0.0
2020-02-14 00:00:00-05:00,4.599999904632568,4.849999904632568,4.525000095367432,4.650000095367432,26400,0.0,0.0
2020-02-18 00:00:00-05:00,4.730000019073486,5.400000095367432,4.599999904632568,5.400000095367432,103700,0.0,0.0
2020-02-19 00:00:00-05:00,5.480000019073486,5.559999942779541,5.050000190734863,5.380000114440918,105100,0.0,0.0
2020-02-20 00:00:00-05:00,5.400000095367432,5.75,5.349999904632568,5.599999904632568,200200,0.0,0.0
2020-02-21 00:00:00-05:00,5.739999771118164,5.875,5.429999828338623,5.639999866485596,142700,0.0,0.0
2020-02-24 00:00:00-05:00,5.460000038146973,5.784999847412109,5.139999866485596,5.400000095367432,201900,0.0,0.0
2020-02-25 00:00:00-05:00,5.360000133514404,5.53000020980835,4.889999866485596,5.0,79800,0.0,0.0
2020-02-26 00:00:00-05:00,4.849999904632568,5.059999942779541,4.550000190734863,5.059999942779541,108200,0.0,0.0
2020-02-27 00:00:00-05:00,4.900000095367432,4.900000095367432,4.130000114440918,4.260000228881836,89700,0.0,0.0
2020-02-28 00:00:00-05:00,4.260000228881836,4.519999980926514,4.03000020980835,4.519999980926514,93800,0.0,0.0
2020-03-02 00:00:00-05:00,4.550000190734863,4.670000076293945,4.300000190734863,4.440000057220459,94800,0.0,0.0
2020-03-03 00:00:00-05:00,4.480000019073486,4.480000019073486,4.170000076293945,4.369999885559082,26900,0.0,0.0
2020-03-04 00:00:00-05:00,4.380000114440918,4.380000114440918,4.170000076293945,4.170000076293945,1800,0.0,0.0
2020-03-05 00:00:00-05:00,4.130000114440918,4.25,4.0,4.139999866485596,57000,0.0,0.0
2020-03-06 00:00:00-05:00,4.019999980926514,4.199900150299072,3.930000066757202,4.0,66400,0.0,0.0
2020-03-09 00:00:00-04:00,3.759999990463257,3.9820001125335693,3.549999952316284,3.9200000762939453,28400,0.0,0.0
2020-03-10 00:00:00-04:00,3.9811999797821045,4.190000057220459,3.7850000858306885,4.090000152587891,12800,0.0,0.0
2020-03-11 00:00:00-04:00,3.940000057220459,4.115300178527832,3.8499999046325684,4.0,17900,0.0,0.0
2020-03-12 00:00:00-04:00,3.75,3.8984999656677246,3.4800000190734863,3.5999999046325684,103900,0.0,0.0
2020-03-13 00:00:00-04:00,3.9700000286102295,3.9700000286102295,3.5,3.5999999046325684,70700,0.0,0.0
2020-03-16 00:00:00-04:00,3.5999999046325684,3.5999999046325684,2.759999990463257,3.059999942779541,47600,0.0,0.0
2020-03-17 00:00:00-04:00,3.059999942779541,3.1700000762939453,2.930000066757202,3.0399999618530273,24100,0.0,0.0
2020-03-18 00:00:00-04:00,3.0199999809265137,3.0399999618530273,2.2100000381469727,2.309999942779541,102300,0.0,0.0
2020-03-19 00:00:00-04:00,2.2000999450683594,2.799999952316284,2.200000047683716,2.799999952316284,45100,0.0,0.0
2020-03-20 00:00:00-04:00,3.059999942779541,3.1098999977111816,2.5,2.609999895095825,27300,0.0,0.0
2020-03-23 00:00:00-04:00,2.299999952316284,2.664099931716919,1.8700000047683716,2.309999942779541,75300,0.0,0.0
2020-03-24 00:00:00-04:00,2.1500000953674316,2.5899999141693115,2.0107998847961426,2.25,77400,0.0,0.0
2020-03-25 00:00:00-04:00,2.2260000705718994,2.7200000286102295,2.2260000705718994,2.640000104904175,32600,0.0,0.0
2020-03-26 00:00:00-04:00,2.5999999046325684,3.0399999618530273,2.5999999046325684,2.829900026321411,24400,0.0,0.0
2020-03-27 00:00:00-04:00,2.990000009536743,3.069999933242798,2.7200000286102295,2.809999942779541,59200,0.0,0.0
2020-03-30 00:00:00-04:00,2.8499999046325684,2.890000104904175,2.609999895095825,2.619999885559082,15200,0.0,0.0
2020-03-31 00:00:00-04:00,2.600100040435791,2.859999895095825,2.600100040435791,2.799999952316284,6000,0.0,0.0
2020-04-01 00:00:00-04:00,2.869999885559082,2.869999885559082,2.4700000286102295,2.680000066757202,13100,0.0,0.0
2020-04-02 00:00:00-04:00,2.549999952316284,2.6700000762939453,2.549999952316284,2.5999999046325684,10400,0.0,0.0
2020-04-03 00:00:00-04:00,2.5899999141693115,2.8499999046325684,2.569999933242798,2.8499999046325684,17400,0.0,0.0
2020-04-06 00:00:00-04:00,2.8499999046325684,3.200000047683716,2.819999933242798,2.819999933242798,14600,0.0,0.0
2020-04-07 00:00:00-04:00,2.9800000190734863,3.009999990463257,2.9000000953674316,2.9000000953674316,12400,0.0,0.0
2020-04-08 00:00:00-04:00,3.0,3.0,2.9000000953674316,2.950000047683716,20300,0.0,0.0
2020-04-09 00:00:00-04:00,3.0,3.0,2.883500099182129,2.9600000381469727,17700,0.0,0.0
2020-04-13 00:00:00-04:00,2.9456000328063965,3.0,2.935699939727783,3.0,10300,0.0,0.0
2020-04-14 00:00:00-04:00,2.9230000972747803,3.0,2.880000114440918,2.9700000286102295,34700,0.0,0.0
2020-04-15 00:00:00-04:00,2.955399990081787,3.1500000953674316,2.880000114440918,3.140000104904175,36600,0.0,0.0
2020-04-16 00:00:00-04:00,3.200000047683716,3.7569000720977783,3.200000047683716,3.549999952316284,31300,0.0,0.0
2020-04-17 00:00:00-04:00,3.640000104904175,3.640000104904175,3.2100000381469727,3.4549999237060547,15100,0.0,0.0
2020-04-20 00:00:00-04:00,3.259999990463257,3.5299999713897705,3.259999990463257,3.3499999046325684,51800,0.0,0.0
2020-04-21 00:00:00-04:00,3.259999990463257,3.799999952316284,3.0,3.5999999046325684,6800,0.0,0.0
2020-04-22 00:00:00-04:00,3.8719000816345215,3.8719000816345215,3.559999942779541,3.75,15200,0.0,0.0
2020-04-23 00:00:00-04:00,3.7300000190734863,3.7300000190734863,3.619999885559082,3.6500000953674316,5400,0.0,0.0
2020-04-24 00:00:00-04:00,3.619999885559082,3.7279999256134033,3.5399999618530273,3.6500000953674316,3100,0.0,0.0
2020-04-27 00:00:00-04:00,3.680000066757202,3.9000000953674316,3.5822999477386475,3.799999952316284,21600,0.0,0.0
2020-04-28 00:00:00-04:00,3.950000047683716,3.990000009536743,3.7149999141693115,3.7799999713897705,12600,0.0,0.0
2020-04-29 00:00:00-04:00,3.625,3.990000009536743,3.599400043487549,3.950000047683716,22600,0.0,0.0
2020-04-30 00:00:00-04:00,4.070000171661377,4.170000076293945,3.690000057220459,3.950000047683716,98900,0.0,0.0
2020-05-01 00:00:00-04:00,4.179599761962891,4.199999809265137,3.7300000190734863,3.9723000526428223,42900,0.0,0.0
2020-05-04 00:00:00-04:00,3.9000000953674316,4.105000019073486,3.9000000953674316,4.0,59500,0.0,0.0
2020-05-05 00:00:00-04:00,4.095799922943115,4.099899768829346,3.9100000858306885,3.9999001026153564,19700,0.0,0.0
2020-05-06 00:00:00-04:00,4.039999961853027,4.230000019073486,4.010000228881836,4.099999904632568,13100,0.0,0.0
2020-05-07 00:00:00-04:00,4.230000019073486,4.239999771118164,4.019999980926514,4.099999904632568,23100,0.0,0.0
2020-05-08 00:00:00-04:00,4.050000190734863,4.110000133514404,3.7500998973846436,3.9697999954223633,34000,0.0,0.0
2020-05-11 00:00:00-04:00,3.8499999046325684,4.039999961853027,3.819999933242798,3.819999933242798,15000,0.0,0.0
2020-05-12 00:00:00-04:00,3.9200000762939453,4.300000190734863,3.9196999073028564,4.1092000007629395,83800,0.0,0.0
2020-05-13 00:00:00-04:00,3.940000057220459,4.063199996948242,3.243000030517578,3.8399999141693115,144900,0.0,0.0
2020-05-14 00:00:00-04:00,4.75,5.099999904632568,3.619999885559082,4.5,638100,0.0,0.0
2020-05-15 00:00:00-04:00,4.690000057220459,5.099999904632568,4.240099906921387,4.5,227700,0.0,0.0
2020-05-18 00:00:00-04:00,4.820000171661377,5.050000190734863,4.568399906158447,4.909999847412109,182700,0.0,0.0
2020-05-19 00:00:00-04:00,4.929999828338623,4.940000057220459,4.5,4.565000057220459,83300,0.0,0.0
2020-05-20 00:00:00-04:00,4.550000190734863,5.099999904632568,4.190000057220459,4.949999809265137,151700,0.0,0.0
2020-05-21 00:00:00-04:00,5.079999923706055,5.099899768829346,4.5,4.659999847412109,51100,0.0,0.0
2020-05-22 00:00:00-04:00,4.75,4.900000095367432,4.579999923706055,4.699999809265137,49900,0.0,0.0
2020-05-26 00:00:00-04:00,4.730000019073486,5.0,4.730000019073486,4.809999942779541,78800,0.0,0.0
2020-05-27 00:00:00-04:00,4.989999771118164,4.989999771118164,4.460000038146973,4.460000038146973,122000,0.0,0.0
2020-05-28 00:00:00-04:00,4.389999866485596,4.752999782562256,4.360000133514404,4.619999885559082,24500,0.0,0.0
2020-05-29 00:00:00-04:00,4.749899864196777,4.75,4.598599910736084,4.619999885559082,20400,0.0,0.0
2020-06-01 00:00:00-04:00,4.690000057220459,4.739999771118164,4.5,4.639999866485596,60700,0.0,0.0
2020-06-02 00:00:00-04:00,4.639999866485596,4.699999809265137,4.559999942779541,4.670000076293945,50900,0.0,0.0
2020-06-03 00:00:00-04:00,4.644999980926514,5.0,4.590000152587891,4.989999771118164,107500,0.0,0.0
2020-06-04 00:00:00-04:00,4.75,4.986000061035156,4.739999771118164,4.829999923706055,34400,0.0,0.0
2020-06-05 00:00:00-04:00,4.699999809265137,4.909999847412109,4.699999809265137,4.739999771118164,32200,0.0,0.0
2020-06-08 00:00:00-04:00,4.849999904632568,4.912499904632568,4.599999904632568,4.679999828338623,16000,0.0,0.0
2020-06-09 00:00:00-04:00,4.599999904632568,4.769999980926514,4.514999866485596,4.650000095367432,28100,0.0,0.0
2020-06-10 00:00:00-04:00,4.679999828338623,4.699999809265137,4.599999904632568,4.644999980926514,7600,0.0,0.0
2020-06-11 00:00:00-04:00,4.650000095367432,4.650000095367432,4.449999809265137,4.590000152587891,56900,0.0,0.0
2020-06-12 00:00:00-04:00,4.53000020980835,4.699999809265137,4.5,4.679999828338623,40900,0.0,0.0
2020-06-15 00:00:00-04:00,4.539999961853027,5.22760009765625,4.539999961853027,4.860000133514404,78400,0.0,0.0
2020-06-16 00:00:00-04:00,5.190000057220459,5.199999809265137,4.824999809265137,5.010000228881836,56000,0.0,0.0
2020-06-17 00:00:00-04:00,4.909999847412109,6.059999942779541,4.909999847412109,5.960000038146973,221200,0.0,0.0
2020-06-18 00:00:00-04:00,6.079999923706055,6.079999923706055,5.5,6.0,80600,0.0,0.0
2020-06-19 00:00:00-04:00,6.0,8.800000190734863,5.936500072479248,7.320000171661377,706700,0.0,0.0
2020-06-22 00:00:00-04:00,7.449999809265137,7.651299953460693,6.710000038146973,7.130000114440918,135900,0.0,0.0
2020-06-23 00:00:00-04:00,7.0,7.400000095367432,6.769999980926514,6.949999809265137,95300,0.0,0.0
2020-06-24 00:00:00-04:00,6.989999771118164,7.0,6.400000095367432,6.900000095367432,50500,0.0,0.0
2020-06-25 00:00:00-04:00,6.989999771118164,6.989999771118164,6.559999942779541,6.860000133514404,14000,0.0,0.0
2020-06-26 00:00:00-04:00,6.570000171661377,6.769999980926514,6.28000020980835,6.71999979019165,38400,0.0,0.0
2020-06-29 00:00:00-04:00,6.449999809265137,6.889999866485596,6.400000095367432,6.71999979019165,46500,0.0,0.0
2020-06-30 00:00:00-04:00,6.699999809265137,6.96999979019165,6.570000171661377,6.929999828338623,24300,0.0,0.0
2020-07-01 00:00:00-04:00,6.800000190734863,7.0,6.800000190734863,6.909999847412109,18500,0.0,0.0
2020-07-02 00:00:00-04:00,6.8292999267578125,7.340000152587891,6.754499912261963,7.150000095367432,95600,0.0,0.0
2020-07-06 00:00:00-04:00,7.329999923706055,7.329999923706055,7.099999904632568,7.099999904632568,54100,0.0,0.0
2020-07-07 00:00:00-04:00,7.099999904632568,7.130000114440918,6.389999866485596,6.75,20000,0.0,0.0
2020-07-08 00:00:00-04:00,7.28000020980835,7.28000020980835,6.915500164031982,6.920000076293945,106100,0.0,0.0
2020-07-09 00:00:00-04:00,6.989999771118164,6.989999771118164,6.449999809265137,6.699999809265137,32200,0.0,0.0
2020-07-10 00:00:00-04:00,6.579999923706055,6.579999923706055,6.119999885559082,6.150000095367432,30400,0.0,0.0
2020-07-13 00:00:00-04:00,6.110000133514404,6.2221999168396,5.800000190734863,5.800000190734863,27200,0.0,0.0
2020-07-14 00:00:00-04:00,5.590000152587891,6.0,5.409999847412109,5.900000095367432,31100,0.0,0.0
2020-07-15 00:00:00-04:00,6.400000095367432,6.449999809265137,6.110000133514404,6.300000190734863,21800,0.0,0.0
2020-07-16 00:00:00-04:00,6.300000190734863,6.440000057220459,5.949999809265137,6.349999904632568,8500,0.0,0.0
2020-07-17 00:00:00-04:00,6.349999904632568,7.550000190734863,6.179999828338623,6.800000190734863,118500,0.0,0.0
2020-07-20 00:00:00-04:00,7.0,7.0,6.489999771118164,6.53000020980835,16300,0.0,0.0
2020-07-21 00:00:00-04:00,6.619999885559082,6.940000057220459,6.300000190734863,6.599999904632568,11300,0.0,0.0
2020-07-22 00:00:00-04:00,6.440000057220459,6.769999980926514,6.280099868774414,6.5,6900,0.0,0.0
2020-07-23 00:00:00-04:00,6.545000076293945,6.898799896240234,6.099999904632568,6.099999904632568,26100,0.0,0.0
2020-07-24 00:00:00-04:00,5.900000095367432,6.189899921417236,5.900000095367432,6.019999980926514,14800,0.0,0.0
2020-07-27 00:00:00-04:00,5.960000038146973,6.275000095367432,5.960000038146973,6.21999979019165,20000,0.0,0.0
2020-07-28 00:00:00-04:00,6.150100231170654,6.150100231170654,5.800000190734863,5.949999809265137,31600,0.0,0.0
2020-07-29 00:00:00-04:00,5.949999809265137,6.199999809265137,5.949999809265137,5.980000019073486,9300,0.0,0.0
2020-07-30 00:00:00-04:00,5.989999771118164,6.019999980926514,5.840000152587891,5.900000095367432,6000,0.0,0.0
2020-07-31 00:00:00-04:00,5.960000038146973,6.21999979019165,5.809999942779541,5.949999809265137,29400,0.0,0.0
2020-08-03 00:00:00-04:00,6.050000190734863,6.159999847412109,5.710000038146973,6.090000152587891,54900,0.0,0.0
2020-08-04 00:00:00-04:00,5.949999809265137,6.28000020980835,5.800000190734863,5.860000133514404,7700,0.0,0.0
2020-08-05 00:00:00-04:00,5.800000190734863,6.0,5.579999923706055,5.800000190734863,46900,0.0,0.0
2020-08-06 00:00:00-04:00,5.050000190734863,5.75,5.050000190734863,5.590000152587891,945300,0.0,0.0
2020-08-07 00:00:00-04:00,5.690000057220459,5.699999809265137,5.449999809265137,5.449999809265137,110500,0.0,0.0
2020-08-10 00:00:00-04:00,5.25,5.760000228881836,5.25,5.71999979019165,99700,0.0,0.0
2020-08-11 00:00:00-04:00,5.570000171661377,5.704999923706055,5.349999904632568,5.400000095367432,73900,0.0,0.0
2020-08-12 00:00:00-04:00,5.329999923706055,5.397799968719482,5.159999847412109,5.300000190734863,55400,0.0,0.0
2020-08-13 00:00:00-04:00,5.389999866485596,5.489999771118164,5.300000190734863,5.369999885559082,29100,0.0,0.0
2020-08-14 00:00:00-04:00,5.25,5.349999904632568,5.131999969482422,5.349999904632568,55200,0.0,0.0
2020-08-17 00:00:00-04:00,5.340000152587891,5.349999904632568,5.199999809265137,5.349999904632568,114200,0.0,0.0
2020-08-18 00:00:00-04:00,5.349899768829346,5.349999904632568,5.150000095367432,5.150000095367432,54400,0.0,0.0
2020-08-19 00:00:00-04:00,5.159999847412109,5.188300132751465,5.090000152587891,5.150000095367432,7700,0.0,0.0
2020-08-20 00:00:00-04:00,5.050000190734863,5.300000190734863,5.050000190734863,5.239999771118164,48800,0.0,0.0
2020-08-21 00:00:00-04:00,5.289999961853027,5.289999961853027,5.019999980926514,5.039999961853027,34100,0.0,0.0
2020-08-24 00:00:00-04:00,4.460000038146973,5.019999980926514,4.190000057220459,4.429999828338623,81200,0.0,0.0
2020-08-25 00:00:00-04:00,4.5,4.639999866485596,4.449999809265137,4.550000190734863,25400,0.0,0.0
2020-08-26 00:00:00-04:00,4.46999979019165,4.53000020980835,4.150700092315674,4.300000190734863,48700,0.0,0.0
2020-08-27 00:00:00-04:00,4.25,4.340000152587891,3.9000000953674316,4.25,36200,0.0,0.0
2020-08-28 00:00:00-04:00,4.28000020980835,4.539999961853027,4.239999771118164,4.539999961853027,19300,0.0,0.0
2020-08-31 00:00:00-04:00,4.570000171661377,4.880000114440918,4.46999979019165,4.75,36800,0.0,0.0
2020-09-01 00:00:00-04:00,4.820000171661377,4.820000171661377,4.510000228881836,4.679999828338623,58700,0.0,0.0
2020-09-02 00:00:00-04:00,4.630000114440918,4.670000076293945,4.46999979019165,4.650000095367432,22200,0.0,0.0
2020-09-03 00:00:00-04:00,4.46999979019165,4.610000133514404,4.400000095367432,4.5,63500,0.0,0.0
2020-09-04 00:00:00-04:00,4.5,4.590000152587891,4.059999942779541,4.300000190734863,32400,0.0,0.0
2020-09-08 00:00:00-04:00,4.25,4.349999904632568,4.130000114440918,4.130000114440918,13400,0.0,0.0
2020-09-09 00:00:00-04:00,4.150000095367432,4.5,4.150000095367432,4.170000076293945,26300,0.0,0.0
2020-09-10 00:00:00-04:00,4.429999828338623,4.429999828338623,3.9700000286102295,4.070000171661377,34900,0.0,0.0
2020-09-11 00:00:00-04:00,4.019999980926514,4.429999828338623,4.019999980926514,4.079999923706055,20600,0.0,0.0
2020-09-14 00:00:00-04:00,4.070000171661377,4.400000095367432,4.070000171661377,4.25,18700,0.0,0.0
2020-09-15 00:00:00-04:00,4.199999809265137,4.590000152587891,4.199999809265137,4.309999942779541,21900,0.0,0.0
2020-09-16 00:00:00-04:00,4.389999866485596,4.550000190734863,4.159999847412109,4.429999828338623,27000,0.0,0.0
2020-09-17 00:00:00-04:00,4.360000133514404,4.574999809265137,4.337699890136719,4.409999847412109,28600,0.0,0.0
2020-09-18 00:00:00-04:00,4.329999923706055,4.605000019073486,4.309999942779541,4.380000114440918,48400,0.0,0.0
2020-09-21 00:00:00-04:00,4.100100040435791,4.460000038146973,4.100100040435791,4.369999885559082,32300,0.0,0.0
2020-09-22 00:00:00-04:00,4.449999809265137,4.481299877166748,4.25,4.25,3400,0.0,0.0
2020-09-23 00:00:00-04:00,4.400000095367432,4.400000095367432,3.930000066757202,3.940000057220459,17600,0.0,0.0
2020-09-24 00:00:00-04:00,3.9976000785827637,4.0,3.7690000534057617,3.9100000858306885,23100,0.0,0.0
2020-09-25 00:00:00-04:00,4.0,4.269999980926514,3.869999885559082,4.099999904632568,30400,0.0,0.0
2020-09-28 00:00:00-04:00,4.25,4.380000114440918,4.090000152587891,4.090000152587891,30300,0.0,0.0
2020-09-29 00:00:00-04:00,4.210000038146973,4.489999771118164,4.059999942779541,4.059999942779541,16500,0.0,0.0
2020-09-30 00:00:00-04:00,4.0,4.25,3.9600000381469727,4.239999771118164,20800,0.0,0.0
2020-10-01 00:00:00-04:00,4.0640997886657715,4.900000095367432,4.050000190734863,4.75,142000,0.0,0.0
2020-10-02 00:00:00-04:00,4.75,4.75,4.320000171661377,4.320000171661377,111800,0.0,0.0
2020-10-05 00:00:00-04:00,4.400000095367432,4.630000114440918,4.210000038146973,4.210000038146973,63300,0.0,0.0
2020-10-06 00:00:00-04:00,4.210000038146973,4.335299968719482,4.099999904632568,4.190000057220459,28700,0.0,0.0
2020-10-07 00:00:00-04:00,4.150000095367432,4.659999847412109,4.150000095367432,4.599999904632568,139800,0.0,0.0
2020-10-08 00:00:00-04:00,4.630000114440918,4.860000133514404,4.480100154876709,4.860000133514404,61900,0.0,0.0
2020-10-09 00:00:00-04:00,5.010000228881836,5.010000228881836,4.610000133514404,4.679999828338623,65500,0.0,0.0
2020-10-12 00:00:00-04:00,4.710000038146973,4.710000038146973,4.324999809265137,4.369999885559082,21900,0.0,0.0
2020-10-13 00:00:00-04:00,4.300000190734863,4.729899883270264,4.159999847412109,4.659999847412109,120300,0.0,0.0
2020-10-14 00:00:00-04:00,4.65500020980835,4.96999979019165,4.65500020980835,4.75,33000,0.0,0.0
2020-10-15 00:00:00-04:00,4.550000190734863,4.75,4.460000038146973,4.670000076293945,31100,0.0,0.0
2020-10-16 00:00:00-04:00,4.739999771118164,4.739999771118164,4.559999942779541,4.599999904632568,15800,0.0,0.0
2020-10-19 00:00:00-04:00,4.650000095367432,4.650000095367432,4.440000057220459,4.574999809265137,48200,0.0,0.0
2020-10-20 00:00:00-04:00,4.519999980926514,4.550000190734863,4.300000190734863,4.309999942779541,34700,0.0,0.0
2020-10-21 00:00:00-04:00,4.301000118255615,4.60099983215332,4.260000228881836,4.320000171661377,39600,0.0,0.0
2020-10-22 00:00:00-04:00,4.329999923706055,4.460000038146973,4.199999809265137,4.210000038146973,83200,0.0,0.0
2020-10-23 00:00:00-04:00,4.380000114440918,4.489999771118164,4.170000076293945,4.309999942779541,10700,0.0,0.0
2020-10-26 00:00:00-04:00,4.329999923706055,4.370800018310547,4.152699947357178,4.289999961853027,19900,0.0,0.0
2020-10-27 00:00:00-04:00,4.199999809265137,4.380000114440918,4.199999809265137,4.25,12000,0.0,0.0
2020-10-28 00:00:00-04:00,4.2322001457214355,4.239999771118164,4.010000228881836,4.139999866485596,19100,0.0,0.0
2020-10-29 00:00:00-04:00,4.059999942779541,4.353099822998047,3.900099992752075,4.130000114440918,37100,0.0,0.0
2020-10-30 00:00:00-04:00,4.289999961853027,4.480000019073486,4.151400089263916,4.389999866485596,59000,0.0,0.0
2020-11-02 00:00:00-05:00,4.449999809265137,4.5096001625061035,4.124800205230713,4.400000095367432,26200,0.0,0.0
2020-11-03 00:00:00-05:00,4.289999961853027,4.579999923706055,4.170000076293945,4.579999923706055,33000,0.0,0.0
2020-11-04 00:00:00-05:00,4.570000171661377,4.599999904632568,4.050000190734863,4.579999923706055,320000,0.0,0.0
2020-11-05 00:00:00-05:00,4.239999771118164,4.5,4.239999771118164,4.309999942779541,4800,0.0,0.0
2020-11-06 00:00:00-05:00,4.400000095367432,4.409999847412109,4.21999979019165,4.320000171661377,23400,0.0,0.0
2020-11-09 00:00:00-05:00,4.340000152587891,4.380000114440918,4.070000171661377,4.199999809265137,59300,0.0,0.0
2020-11-10 00:00:00-05:00,4.210000038146973,4.269999980926514,4.179999828338623,4.230000019073486,28800,0.0,0.0
2020-11-11 00:00:00-05:00,4.304999828338623,4.329999923706055,4.199999809265137,4.21999979019165,33200,0.0,0.0
2020-11-12 00:00:00-05:00,4.25,4.260000228881836,4.050000190734863,4.260000228881836,51200,0.0,0.0
2020-11-13 00:00:00-05:00,4.190000057220459,4.224999904632568,4.0731000900268555,4.179999828338623,25500,0.0,0.0
2020-11-16 00:00:00-05:00,4.25,4.349999904632568,4.150000095367432,4.190000057220459,83400,0.0,0.0
2020-11-17 00:00:00-05:00,4.25,4.539999961853027,4.130000114440918,4.449999809265137,209200,0.0,0.0
2020-11-18 00:00:00-05:00,4.5,4.583099842071533,4.260000228881836,4.320000171661377,84400,0.0,0.0
2020-11-19 00:00:00-05:00,4.320000171661377,4.329999923706055,4.159999847412109,4.269999980926514,24300,0.0,0.0
2020-11-20 00:00:00-05:00,4.21999979019165,4.369999885559082,4.179999828338623,4.244999885559082,109700,0.0,0.0
2020-11-23 00:00:00-05:00,4.320000171661377,4.409900188446045,4.159999847412109,4.159999847412109,105300,0.0,0.0
2020-11-24 00:00:00-05:00,4.300000190734863,5.349999904632568,4.269999980926514,5.21999979019165,758500,0.0,0.0
2020-11-25 00:00:00-05:00,5.964000225067139,6.099999904632568,5.380000114440918,5.579999923706055,1089100,0.0,0.0
2020-11-27 00:00:00-05:00,5.610000133514404,6.0,5.5,5.75,485500,0.0,0.0
2020-11-30 00:00:00-05:00,5.96999979019165,6.039999961853027,5.300000190734863,5.599999904632568,511700,0.0,0.0
2020-12-01 00:00:00-05:00,5.599999904632568,5.599999904632568,5.059999942779541,5.190000057220459,274900,0.0,0.0
2020-12-02 00:00:00-05:00,5.119999885559082,5.25,5.010000228881836,5.139999866485596,81700,0.0,0.0
2020-12-03 00:00:00-05:00,5.099999904632568,5.139999866485596,4.800000190734863,5.099999904632568,185000,0.0,0.0
2020-12-04 00:00:00-05:00,5.099999904632568,5.929999828338623,5.099999904632568,5.690000057220459,246000,0.0,0.0
2020-12-07 00:00:00-05:00,5.75,5.989999771118164,5.71999979019165,5.789999961853027,196800,0.0,0.0
2020-12-08 00:00:00-05:00,5.829999923706055,6.5,5.769999980926514,6.349999904632568,314700,0.0,0.0
2020-12-09 00:00:00-05:00,6.440000057220459,6.487500190734863,5.864999771118164,6.199999809265137,144300,0.0,0.0
2020-12-10 00:00:00-05:00,6.980000019073486,7.150000095367432,6.25,6.849999904632568,649800,0.0,0.0
2020-12-11 00:00:00-05:00,6.880000114440918,6.889999866485596,6.380000114440918,6.579999923706055,143900,0.0,0.0
2020-12-14 00:00:00-05:00,6.639999866485596,6.644999980926514,6.21999979019165,6.389999866485596,116600,0.0,0.0
2020-12-15 00:00:00-05:00,6.420000076293945,6.869999885559082,6.400000095367432,6.849999904632568,160000,0.0,0.0
2020-12-16 00:00:00-05:00,6.929999828338623,6.949999809265137,6.400000095367432,6.940000057220459,325100,0.0,0.0
2020-12-17 00:00:00-05:00,6.96999979019165,7.199999809265137,6.739999771118164,7.199999809265137,365300,0.0,0.0
2020-12-18 00:00:00-05:00,7.25,7.651000022888184,7.09499979019165,7.320000171661377,496200,0.0,0.0
2020-12-21 00:00:00-05:00,7.340000152587891,8.199999809265137,7.320000171661377,8.109999656677246,666200,0.0,0.0
2020-12-22 00:00:00-05:00,8.15999984741211,8.289999961853027,7.949999809265137,8.279999732971191,254000,0.0,0.0
2020-12-23 00:00:00-05:00,8.40999984741211,9.100000381469727,8.1850004196167,9.100000381469727,411800,0.0,0.0
2020-12-24 00:00:00-05:00,9.279999732971191,9.899999618530273,9.079999923706055,9.640000343322754,310400,0.0,0.0
2020-12-28 00:00:00-05:00,9.850000381469727,10.430000305175781,8.699999809265137,9.539999961853027,465500,0.0,0.0
2020-12-29 00:00:00-05:00,9.710000038146973,9.774999618530273,8.359999656677246,9.329999923706055,245400,0.0,0.0
2020-12-30 00:00:00-05:00,9.300000190734863,10.0,9.08180046081543,9.779999732971191,146000,0.0,0.0
2020-12-31 00:00:00-05:00,9.829999923706055,10.180000305175781,9.399999618530273,10.140000343322754,139700,0.0,0.0
2021-01-04 00:00:00-05:00,10.366499900817871,10.520000457763672,9.850000381469727,10.039999961853027,231400,0.0,0.0
2021-01-05 00:00:00-05:00,9.930000305175781,10.100000381469727,9.020000457763672,9.479999542236328,173700,0.0,0.0
2021-01-06 00:00:00-05:00,9.420000076293945,10.0,9.300000190734863,9.640000343322754,119400,0.0,0.0
2021-01-07 00:00:00-05:00,9.640000343322754,10.130000114440918,9.600000381469727,9.829999923706055,158600,0.0,0.0
2021-01-08 00:00:00-05:00,10.0,10.0,9.149999618530273,9.5,99100,0.0,0.0
2021-01-11 00:00:00-05:00,9.359999656677246,9.65999984741211,8.729999542236328,9.329999923706055,194900,0.0,0.0
2021-01-12 00:00:00-05:00,9.279999732971191,10.0,9.130000114440918,9.949999809265137,274200,0.0,0.0
2021-01-13 00:00:00-05:00,9.90999984741211,10.21150016784668,9.350000381469727,9.579999923706055,272300,0.0,0.0
2021-01-14 00:00:00-05:00,9.470000267028809,10.039999961853027,9.470000267028809,9.8100004196167,138500,0.0,0.0
2021-01-15 00:00:00-05:00,9.949999809265137,10.050000190734863,9.449999809265137,10.039999961853027,188400,0.0,0.0
2021-01-19 00:00:00-05:00,10.109999656677246,10.880000114440918,9.920000076293945,10.300000190734863,272700,0.0,0.0
2021-01-20 00:00:00-05:00,10.350000381469727,10.489999771118164,9.260000228881836,9.399999618530273,214900,0.0,0.0
2021-01-21 00:00:00-05:00,9.520000457763672,9.5600004196167,8.710000038146973,8.800000190734863,199400,0.0,0.0
2021-01-22 00:00:00-05:00,8.640000343322754,8.989999771118164,8.5,8.890000343322754,82900,0.0,0.0
2021-01-25 00:00:00-05:00,8.970000267028809,9.399999618530273,8.5,9.3100004196167,141900,0.0,0.0
2021-01-26 00:00:00-05:00,8.920000076293945,9.0,8.25,8.420000076293945,259200,0.0,0.0
2021-01-27 00:00:00-05:00,8.300000190734863,8.470000267028809,7.949999809265137,8.050000190734863,234400,0.0,0.0
2021-01-28 00:00:00-05:00,8.050000190734863,8.619999885559082,7.630000114440918,7.760000228881836,160100,0.0,0.0
2021-01-29 00:00:00-05:00,7.59250020980835,8.180000305175781,7.59250020980835,8.029999732971191,120100,0.0,0.0
2021-02-01 00:00:00-05:00,8.100000381469727,8.380000114440918,7.775000095367432,8.220000267028809,86500,0.0,0.0
2021-02-02 00:00:00-05:00,8.40999984741211,8.550000190734863,8.020000457763672,8.539999961853027,150000,0.0,0.0
2021-02-03 00:00:00-05:00,8.430000305175781,9.119999885559082,8.37030029296875,8.850000381469727,193400,0.0,0.0
2021-02-04 00:00:00-05:00,8.800000190734863,9.729999542236328,8.789999961853027,9.520000457763672,176400,0.0,0.0
2021-02-05 00:00:00-05:00,9.699999809265137,9.759599685668945,8.819999694824219,9.380000114440918,162600,0.0,0.0
2021-02-08 00:00:00-05:00,9.369999885559082,9.710000038146973,9.066800117492676,9.5,136200,0.0,0.0
2021-02-09 00:00:00-05:00,9.3100004196167,9.949899673461914,9.296099662780762,9.779999732971191,125600,0.0,0.0
2021-02-10 00:00:00-05:00,9.729999542236328,9.890000343322754,9.074999809265137,9.149999618530273,127300,0.0,0.0
2021-02-11 00:00:00-05:00,9.130000114440918,9.390000343322754,8.609999656677246,8.779999732971191,99500,0.0,0.0
2021-02-12 00:00:00-05:00,8.640000343322754,9.100000381469727,8.510000228881836,8.9399995803833,100200,0.0,0.0
2021-02-16 00:00:00-05:00,9.680000305175781,9.6899995803833,8.890000343322754,9.399999618530273,108600,0.0,0.0
2021-02-17 00:00:00-05:00,10.540300369262695,10.540300369262695,9.670000076293945,10.420000076293945,555400,0.0,0.0
2021-02-18 00:00:00-05:00,10.15999984741211,10.369799613952637,9.520000457763672,10.149999618530273,194100,0.0,0.0
2021-02-19 00:00:00-05:00,10.25,10.880000114440918,10.195199966430664,10.430000305175781,175500,0.0,0.0
2021-02-22 00:00:00-05:00,10.510000228881836,10.640000343322754,9.81820011138916,9.899999618530273,86600,0.0,0.0
2021-02-23 00:00:00-05:00,9.829999923706055,9.829999923706055,8.819999694824219,9.4399995803833,212300,0.0,0.0
2021-02-24 00:00:00-05:00,9.520000457763672,9.666899681091309,9.265899658203125,9.380000114440918,107800,0.0,0.0
2021-02-25 00:00:00-05:00,9.270000457763672,9.619999885559082,9.050000190734863,9.25,140400,0.0,0.0
2021-02-26 00:00:00-05:00,9.390000343322754,9.539999961853027,8.789999961853027,9.170000076293945,139200,0.0,0.0
2021-03-01 00:00:00-05:00,9.5,9.697600364685059,9.210000038146973,9.3100004196167,180600,0.0,0.0
2021-03-02 00:00:00-05:00,9.399999618530273,9.571999549865723,9.053999900817871,9.1899995803833,97500,0.0,0.0
2021-03-03 00:00:00-05:00,9.09000015258789,9.28499984741211,8.789999961853027,9.039999961853027,130000,0.0,0.0
2021-03-04 00:00:00-05:00,8.989999771118164,9.072999954223633,7.769999980926514,8.649999618530273,218400,0.0,0.0
2021-03-05 00:00:00-05:00,8.779999732971191,8.819999694824219,7.320000171661377,8.600000381469727,210900,0.0,0.0
2021-03-08 00:00:00-05:00,8.609999656677246,8.850000381469727,8.020000457763672,8.180000305175781,109000,0.0,0.0
2021-03-09 00:00:00-05:00,8.399999618530273,8.859999656677246,8.380000114440918,8.739999771118164,65900,0.0,0.0
2021-03-10 00:00:00-05:00,8.9399995803833,9.199999809265137,8.75,8.8100004196167,57900,0.0,0.0
2021-03-11 00:00:00-05:00,8.899999618530273,9.4399995803833,8.40999984741211,9.119999885559082,149800,0.0,0.0
2021-03-12 00:00:00-05:00,9.399999618530273,9.930000305175781,9.199999809265137,9.739999771118164,156200,0.0,0.0
2021-03-15 00:00:00-04:00,9.640000343322754,10.069999694824219,9.53499984741211,9.539999961853027,129800,0.0,0.0
2021-03-16 00:00:00-04:00,9.420000076293945,9.779999732971191,9.279999732971191,9.550000190734863,110700,0.0,0.0
2021-03-17 00:00:00-04:00,9.529999732971191,10.149999618530273,9.069999694824219,10.09000015258789,124200,0.0,0.0
2021-03-18 00:00:00-04:00,9.890000343322754,9.899999618530273,9.40999984741211,9.630000114440918,121200,0.0,0.0
2021-03-19 00:00:00-04:00,9.5,10.0,9.400099754333496,10.0,105700,0.0,0.0
2021-03-22 00:00:00-04:00,10.039999961853027,10.710000038146973,10.0,10.229999542236328,160300,0.0,0.0
2021-03-23 00:00:00-04:00,10.109999656677246,10.25,9.649999618530273,10.25,77300,0.0,0.0
2021-03-24 00:00:00-04:00,10.329999923706055,10.329999923706055,9.699999809265137,9.949999809265137,87400,0.0,0.0
2021-03-25 00:00:00-04:00,9.739999771118164,10.0,9.390000343322754,9.789999961853027,86800,0.0,0.0
2021-03-26 00:00:00-04:00,9.84000015258789,9.923999786376953,9.416000366210938,9.720000267028809,48100,0.0,0.0
2021-03-29 00:00:00-04:00,9.670000076293945,9.670000076293945,9.063799858093262,9.100000381469727,66400,0.0,0.0
2021-03-30 00:00:00-04:00,9.039999961853027,9.449999809265137,8.970000267028809,9.180000305175781,45900,0.0,0.0
2021-03-31 00:00:00-04:00,9.260000228881836,9.59000015258789,9.020000457763672,9.149999618530273,71200,0.0,0.0
2021-04-01 00:00:00-04:00,9.210000038146973,9.779999732971191,9.210000038146973,9.729999542236328,59200,0.0,0.0
2021-04-05 00:00:00-04:00,9.760000228881836,10.279999732971191,9.683300018310547,9.8100004196167,90500,0.0,0.0
2021-04-06 00:00:00-04:00,9.819999694824219,9.979999542236328,9.399999618530273,9.489999771118164,42500,0.0,0.0
2021-04-07 00:00:00-04:00,9.665900230407715,9.69480037689209,9.300000190734863,9.350000381469727,25600,0.0,0.0
2021-04-08 00:00:00-04:00,9.449999809265137,9.556300163269043,9.229999542236328,9.399999618530273,67600,0.0,0.0
2021-04-09 00:00:00-04:00,9.649999618530273,10.140000343322754,9.649999618530273,9.90999984741211,323700,0.0,0.0
2021-04-12 00:00:00-04:00,9.960000038146973,9.960000038146973,9.149999618530273,9.350000381469727,122700,0.0,0.0
2021-04-13 00:00:00-04:00,9.289999961853027,9.425000190734863,9.0,9.220000267028809,60600,0.0,0.0
2021-04-14 00:00:00-04:00,9.1899995803833,9.680000305175781,9.100000381469727,9.539999961853027,79400,0.0,0.0
2021-04-15 00:00:00-04:00,9.699999809265137,9.960000038146973,9.399999618530273,9.84000015258789,127700,0.0,0.0
2021-04-16 00:00:00-04:00,9.84000015258789,9.84000015258789,9.479999542236328,9.479999542236328,139300,0.0,0.0
2021-04-19 00:00:00-04:00,9.359999656677246,9.520000457763672,9.210000038146973,9.40999984741211,78400,0.0,0.0
2021-04-20 00:00:00-04:00,9.369999885559082,9.609999656677246,9.0600004196167,9.0600004196167,143900,0.0,0.0
2021-04-21 00:00:00-04:00,9.0,9.312899589538574,8.880000114440918,9.149999618530273,60700,0.0,0.0
2021-04-22 00:00:00-04:00,9.199999809265137,9.63029956817627,9.024100303649902,9.420000076293945,59000,0.0,0.0
2021-04-23 00:00:00-04:00,9.61359977722168,9.84000015258789,9.489999771118164,9.739999771118164,33600,0.0,0.0
2021-04-26 00:00:00-04:00,9.65999984741211,9.937000274658203,9.449999809265137,9.779999732971191,36400,0.0,0.0
2021-04-27 00:00:00-04:00,9.850000381469727,9.850000381469727,9.550000190734863,9.569999694824219,51900,0.0,0.0
2021-04-28 00:00:00-04:00,9.5600004196167,9.760000228881836,9.359999656677246,9.6899995803833,49400,0.0,0.0
2021-04-29 00:00:00-04:00,9.640000343322754,9.729999542236328,9.359999656677246,9.5,55100,0.0,0.0
2021-04-30 00:00:00-04:00,9.229999542236328,9.663399696350098,9.170000076293945,9.399999618530273,46500,0.0,0.0
2021-05-03 00:00:00-04:00,9.510000228881836,9.84000015258789,9.420000076293945,9.449999809265137,81500,0.0,0.0
2021-05-04 00:00:00-04:00,9.5,9.59000015258789,9.164899826049805,9.520000457763672,97300,0.0,0.0
2021-05-05 00:00:00-04:00,9.640000343322754,9.640000343322754,9.329899787902832,9.4399995803833,100800,0.0,0.0
2021-05-06 00:00:00-04:00,9.369999885559082,9.369999885559082,8.229999542236328,8.569999694824219,183100,0.0,0.0
2021-05-07 00:00:00-04:00,8.510000228881836,8.880000114440918,8.5,8.550000190734863,68600,0.0,0.0
2021-05-10 00:00:00-04:00,8.579999923706055,8.769000053405762,7.699999809265137,7.929999828338623,105300,0.0,0.0
2021-05-11 00:00:00-04:00,7.559999942779541,7.829999923706055,7.019999980926514,7.210000038146973,208500,0.0,0.0
2021-05-12 00:00:00-04:00,7.340000152587891,7.46999979019165,6.559999942779541,6.760000228881836,161400,0.0,0.0
2021-05-13 00:00:00-04:00,6.699999809265137,6.880000114440918,6.25,6.46999979019165,237100,0.0,0.0
2021-05-14 00:00:00-04:00,6.449999809265137,6.710000038146973,6.309999942779541,6.5,112100,0.0,0.0
2021-05-17 00:00:00-04:00,7.039999961853027,7.199900150299072,6.760000228881836,6.849999904632568,344400,0.0,0.0
2021-05-18 00:00:00-04:00,6.71999979019165,6.9770002365112305,6.659999847412109,6.769999980926514,67700,0.0,0.0
2021-05-19 00:00:00-04:00,6.75,6.960000038146973,6.579999923706055,6.889999866485596,56100,0.0,0.0
2021-05-20 00:00:00-04:00,6.840000152587891,7.300000190734863,6.7820000648498535,7.230000019073486,120200,0.0,0.0
2021-05-21 00:00:00-04:00,7.349999904632568,7.510000228881836,6.889999866485596,6.889999866485596,122300,0.0,0.0
2021-05-24 00:00:00-04:00,6.929999828338623,6.989999771118164,6.809999942779541,6.809999942779541,41800,0.0,0.0
2021-05-25 00:00:00-04:00,6.860000133514404,6.860000133514404,6.46999979019165,6.78000020980835,57300,0.0,0.0
2021-05-26 00:00:00-04:00,6.800000190734863,7.210000038146973,6.800000190734863,7.130000114440918,62200,0.0,0.0
2021-05-27 00:00:00-04:00,7.110000133514404,7.244999885559082,7.050000190734863,7.130000114440918,42700,0.0,0.0
2021-05-28 00:00:00-04:00,7.139999866485596,7.599999904632568,7.139999866485596,7.409999847412109,65400,0.0,0.0
2021-06-01 00:00:00-04:00,7.539999961853027,8.091099739074707,7.449999809265137,7.53000020980835,64400,0.0,0.0
2021-06-02 00:00:00-04:00,7.539999961853027,7.840000152587891,7.502200126647949,7.610000133514404,55700,0.0,0.0
2021-06-03 00:00:00-04:00,7.610000133514404,7.880000114440918,7.380000114440918,7.880000114440918,109100,0.0,0.0
2021-06-04 00:00:00-04:00,7.880000114440918,7.949999809265137,7.375,7.409999847412109,64300,0.0,0.0
2021-06-07 00:00:00-04:00,7.409999847412109,7.690000057220459,7.409999847412109,7.590000152587891,30000,0.0,0.0
2021-06-08 00:00:00-04:00,7.590000152587891,8.470000267028809,7.590000152587891,8.420000076293945,129500,0.0,0.0
2021-06-09 00:00:00-04:00,8.470000267028809,8.470000267028809,8.0,8.140000343322754,87700,0.0,0.0
2021-06-10 00:00:00-04:00,8.170000076293945,8.319999694824219,7.739999771118164,8.289999961853027,44200,0.0,0.0
2021-06-11 00:00:00-04:00,8.270000457763672,9.15999984741211,8.25,8.960000038146973,201900,0.0,0.0
2021-06-14 00:00:00-04:00,9.1899995803833,9.550000190734863,8.869999885559082,9.170000076293945,219000,0.0,0.0
2021-06-15 00:00:00-04:00,9.220000267028809,9.279999732971191,8.510000228881836,8.630000114440918,122500,0.0,0.0
2021-06-16 00:00:00-04:00,8.59000015258789,8.668499946594238,7.949999809265137,8.029999732971191,200100,0.0,0.0
2021-06-17 00:00:00-04:00,8.029999732971191,8.65999984741211,7.989999771118164,8.010000228881836,125100,0.0,0.0
2021-06-18 00:00:00-04:00,8.029999732971191,8.600000381469727,7.909999847412109,7.980000019073486,173700,0.0,0.0
2021-06-21 00:00:00-04:00,7.980000019073486,7.989999771118164,7.429999828338623,7.5,215800,0.0,0.0
2021-06-22 00:00:00-04:00,7.489999771118164,7.679699897766113,7.030099868774414,7.099999904632568,117600,0.0,0.0
2021-06-23 00:00:00-04:00,7.079999923706055,7.46999979019165,7.079999923706055,7.230000019073486,114800,0.0,0.0
2021-06-24 00:00:00-04:00,7.210000038146973,7.388700008392334,7.170000076293945,7.224999904632568,102900,0.0,0.0
2021-06-25 00:00:00-04:00,7.170000076293945,7.460000038146973,7.170000076293945,7.309999942779541,81800,0.0,0.0
2021-06-28 00:00:00-04:00,7.289999961853027,7.340000152587891,7.162700176239014,7.170000076293945,77900,0.0,0.0
2021-06-29 00:00:00-04:00,5.25,5.289999961853027,4.579999923706055,4.739999771118164,4759400,0.0,0.0
2021-06-30 00:00:00-04:00,4.659999847412109,4.989999771118164,4.260000228881836,4.449999809265137,1865200,0.0,0.0
2021-07-01 00:00:00-04:00,4.559999942779541,4.599999904632568,4.170000076293945,4.289999961853027,822700,0.0,0.0
2021-07-02 00:00:00-04:00,4.269999980926514,4.309999942779541,4.136199951171875,4.21999979019165,518900,0.0,0.0
2021-07-06 00:00:00-04:00,4.21999979019165,4.25,3.890000104904175,3.930000066757202,690000,0.0,0.0
2021-07-07 00:00:00-04:00,4.0,4.239999771118164,3.7100000381469727,4.210000038146973,851700,0.0,0.0
2021-07-08 00:00:00-04:00,4.190000057220459,4.239999771118164,4.0121002197265625,4.130000114440918,243300,0.0,0.0
2021-07-09 00:00:00-04:00,4.038300037384033,4.25,4.038300037384033,4.150000095367432,338600,0.0,0.0
2021-07-12 00:00:00-04:00,4.179999828338623,4.210000038146973,4.0,4.050000190734863,186600,0.0,0.0
2021-07-13 00:00:00-04:00,4.050000190734863,4.070000171661377,3.9000000953674316,3.9700000286102295,211400,0.0,0.0
2021-07-14 00:00:00-04:00,3.940000057220459,4.0,3.7300000190734863,3.8299999237060547,373800,0.0,0.0
2021-07-15 00:00:00-04:00,3.7899999618530273,3.809999942779541,3.509999990463257,3.640000104904175,328300,0.0,0.0
2021-07-16 00:00:00-04:00,3.740000009536743,4.0,3.6500000953674316,3.8399999141693115,244300,0.0,0.0
2021-07-19 00:00:00-04:00,3.8299999237060547,4.099999904632568,3.6700000762939453,3.8399999141693115,400400,0.0,0.0
2021-07-20 00:00:00-04:00,3.819999933242798,4.058700084686279,3.7100000381469727,3.930000066757202,227000,0.0,0.0
2021-07-21 00:00:00-04:00,3.9800000190734863,4.02400016784668,3.8808000087738037,3.990000009536743,234700,0.0,0.0
2021-07-22 00:00:00-04:00,3.990000009536743,4.023799896240234,3.7699999809265137,3.8299999237060547,147900,0.0,0.0
2021-07-23 00:00:00-04:00,3.8499999046325684,3.880000114440918,3.680000066757202,3.690000057220459,142300,0.0,0.0
2021-07-26 00:00:00-04:00,3.680000066757202,3.700000047683716,3.299999952316284,3.319999933242798,322800,0.0,0.0
2021-07-27 00:00:00-04:00,3.3499999046325684,3.367500066757202,3.1700000762939453,3.2699999809265137,182000,0.0,0.0
2021-07-28 00:00:00-04:00,3.3499999046325684,3.4700000286102295,3.3101000785827637,3.4700000286102295,115200,0.0,0.0
2021-07-29 00:00:00-04:00,3.5,3.6600000858306885,3.440000057220459,3.619999885559082,164100,0.0,0.0
2021-07-30 00:00:00-04:00,3.5799999237060547,3.6373000144958496,3.4000000953674316,3.450000047683716,112100,0.0,0.0
2021-08-02 00:00:00-04:00,3.5,3.5799999237060547,3.380000114440918,3.5299999713897705,77900,0.0,0.0
2021-08-03 00:00:00-04:00,3.490000009536743,3.490000009536743,3.259999990463257,3.309999942779541,137700,0.0,0.0
2021-08-04 00:00:00-04:00,3.2799999713897705,3.3550000190734863,3.2200000286102295,3.2799999713897705,117100,0.0,0.0
2021-08-05 00:00:00-04:00,3.299999952316284,3.4200000762939453,3.200000047683716,3.380000114440918,97700,0.0,0.0
2021-08-06 00:00:00-04:00,3.4000000953674316,3.4100000858306885,3.2899999618530273,3.4000000953674316,84700,0.0,0.0
2021-08-09 00:00:00-04:00,3.4200000762939453,3.430000066757202,3.309999942779541,3.4000000953674316,62700,0.0,0.0
2021-08-10 00:00:00-04:00,3.380000114440918,3.440000057220459,3.2165000438690186,3.4100000858306885,131000,0.0,0.0
2021-08-11 00:00:00-04:00,3.4600000381469727,3.4700000286102295,3.285900115966797,3.380000114440918,129800,0.0,0.0
2021-08-12 00:00:00-04:00,3.4600000381469727,3.4600000381469727,3.1559998989105225,3.2100000381469727,177000,0.0,0.0
2021-08-13 00:00:00-04:00,3.2300000190734863,3.309999942779541,3.0,3.0999999046325684,382500,0.0,0.0
2021-08-16 00:00:00-04:00,3.1500000953674316,3.299999952316284,3.049999952316284,3.2899999618530273,315400,0.0,0.0
2021-08-17 00:00:00-04:00,3.4000000953674316,3.690000057220459,3.4000000953674316,3.690000057220459,497800,0.0,0.0
2021-08-18 00:00:00-04:00,3.740000009536743,4.017300128936768,3.559999942779541,3.9100000858306885,473300,0.0,0.0
2021-08-19 00:00:00-04:00,3.8399999141693115,3.869999885559082,3.3949999809265137,3.430000066757202,261300,0.0,0.0
2021-08-20 00:00:00-04:00,3.4000000953674316,3.8499999046325684,3.4000000953674316,3.8399999141693115,192400,0.0,0.0
2021-08-23 00:00:00-04:00,3.859999895095825,3.9570999145507812,3.569999933242798,3.819999933242798,442000,0.0,0.0
2021-08-24 00:00:00-04:00,3.819999933242798,3.930000066757202,3.734299898147583,3.7899999618530273,191400,0.0,0.0
2021-08-25 00:00:00-04:00,3.799999952316284,3.9600000381469727,3.710099935531616,3.880000114440918,212200,0.0,0.0
2021-08-26 00:00:00-04:00,3.809999942779541,3.999300003051758,3.809999942779541,3.9200000762939453,139500,0.0,0.0
2021-08-27 00:00:00-04:00,3.9000000953674316,4.110000133514404,3.8499999046325684,4.010000228881836,229300,0.0,0.0
2021-08-30 00:00:00-04:00,4.039999961853027,4.099999904632568,3.9200000762939453,4.03000020980835,140600,0.0,0.0
2021-08-31 00:00:00-04:00,4.079999923706055,4.489999771118164,4.039999961853027,4.300000190734863,526400,0.0,0.0
2021-09-01 00:00:00-04:00,4.340000152587891,4.480000019073486,4.150000095367432,4.289999961853027,245700,0.0,0.0
2021-09-02 00:00:00-04:00,4.260000228881836,4.389999866485596,4.190000057220459,4.320000171661377,195300,0.0,0.0
2021-09-03 00:00:00-04:00,4.239999771118164,4.320000171661377,4.039999961853027,4.099999904632568,179900,0.0,0.0
2021-09-07 00:00:00-04:00,4.170000076293945,4.289999961853027,4.099999904632568,4.199999809265137,146200,0.0,0.0
2021-09-08 00:00:00-04:00,4.230000019073486,4.230000019073486,3.950000047683716,4.090000152587891,132700,0.0,0.0
2021-09-09 00:00:00-04:00,4.110000133514404,4.25,4.051000118255615,4.230000019073486,110700,0.0,0.0
2021-09-10 00:00:00-04:00,4.25,4.269999980926514,4.039999961853027,4.090000152587891,287300,0.0,0.0
2021-09-13 00:00:00-04:00,4.150000095367432,4.159999847412109,3.880000114440918,3.940000057220459,277000,0.0,0.0
2021-09-14 00:00:00-04:00,3.930000066757202,3.9800000190734863,3.609999895095825,3.630000114440918,301900,0.0,0.0
2021-09-15 00:00:00-04:00,3.680000066757202,3.8798999786376953,3.680000066757202,3.869999885559082,176100,0.0,0.0
2021-09-16 00:00:00-04:00,4.0,4.139999866485596,3.8499999046325684,4.050000190734863,338200,0.0,0.0
2021-09-17 00:00:00-04:00,4.090000152587891,4.239999771118164,3.950000047683716,4.179999828338623,263600,0.0,0.0
2021-09-20 00:00:00-04:00,4.019999980926514,4.093100070953369,3.75,3.809999942779541,291000,0.0,0.0
2021-09-21 00:00:00-04:00,3.8499999046325684,4.0,3.819999933242798,3.990000009536743,80200,0.0,0.0
2021-09-22 00:00:00-04:00,3.940000057220459,4.019999980926514,3.869999885559082,3.869999885559082,108500,0.0,0.0
2021-09-23 00:00:00-04:00,3.880000114440918,4.090000152587891,3.869999885559082,4.090000152587891,76000,0.0,0.0
2021-09-24 00:00:00-04:00,4.059999942779541,4.099999904632568,3.890000104904175,3.9200000762939453,92600,0.0,0.0
2021-09-27 00:00:00-04:00,3.9600000381469727,4.820000171661377,3.9600000381469727,4.159999847412109,882200,0.0,0.0
2021-09-28 00:00:00-04:00,4.179999828338623,4.277599811553955,4.059999942779541,4.090000152587891,168000,0.0,0.0
2021-09-29 00:00:00-04:00,4.177499771118164,4.199999809265137,4.039999961853027,4.039999961853027,107800,0.0,0.0
2021-09-30 00:00:00-04:00,4.019999980926514,4.2795000076293945,3.886699914932251,4.010000228881836,717900,0.0,0.0
2021-10-01 00:00:00-04:00,4.059999942779541,4.349999904632568,4.059999942779541,4.170000076293945,332600,0.0,0.0
2021-10-04 00:00:00-04:00,4.300000190734863,4.300000190734863,3.9700000286102295,4.019999980926514,170500,0.0,0.0
2021-10-05 00:00:00-04:00,4.010000228881836,4.21999979019165,3.9100000858306885,3.940000057220459,150400,0.0,0.0
2021-10-06 00:00:00-04:00,3.9100000858306885,4.010000228881836,3.850100040435791,3.9200000762939453,83700,0.0,0.0
2021-10-07 00:00:00-04:00,3.9800000190734863,4.119999885559082,3.9700000286102295,4.03000020980835,74500,0.0,0.0
2021-10-08 00:00:00-04:00,4.050000190734863,4.050000190734863,3.9100000858306885,3.940000057220459,55400,0.0,0.0
2021-10-11 00:00:00-04:00,3.9000000953674316,4.239999771118164,3.859999895095825,4.0,93100,0.0,0.0
2021-10-12 00:00:00-04:00,4.0,4.110000133514404,4.0,4.070000171661377,51500,0.0,0.0
2021-10-13 00:00:00-04:00,4.070000171661377,4.256100177764893,4.010000228881836,4.179999828338623,119700,0.0,0.0
2021-10-14 00:00:00-04:00,4.199999809265137,4.210000038146973,4.03000020980835,4.03000020980835,28100,0.0,0.0
2021-10-15 00:00:00-04:00,4.039999961853027,4.150000095367432,4.03000020980835,4.099999904632568,69200,0.0,0.0
2021-10-18 00:00:00-04:00,4.119999885559082,4.289999961853027,4.0,4.190000057220459,163900,0.0,0.0
2021-10-19 00:00:00-04:00,4.25,4.260000228881836,4.079999923706055,4.110000133514404,49000,0.0,0.0
2021-10-20 00:00:00-04:00,4.139999866485596,4.230000019073486,4.085000038146973,4.190000057220459,52500,0.0,0.0
2021-10-21 00:00:00-04:00,4.210000038146973,4.303899765014648,4.190100193023682,4.21999979019165,134800,0.0,0.0
2021-10-22 00:00:00-04:00,4.179999828338623,4.190000057220459,3.9800000190734863,4.019999980926514,148100,0.0,0.0
2021-10-25 00:00:00-04:00,4.019999980926514,4.099999904632568,3.9800000190734863,4.010000228881836,86800,0.0,0.0
2021-10-26 00:00:00-04:00,4.059999942779541,4.130000114440918,4.0,4.099999904632568,76600,0.0,0.0
2021-10-27 00:00:00-04:00,4.050000190734863,4.099999904632568,3.890500068664551,3.9600000381469727,68900,0.0,0.0
2021-10-28 00:00:00-04:00,4.0,4.070000171661377,3.9600000381469727,4.0,88700,0.0,0.0
2021-10-29 00:00:00-04:00,4.0,4.023900032043457,3.907599925994873,3.950000047683716,117700,0.0,0.0
2021-11-01 00:00:00-04:00,3.950000047683716,4.150000095367432,3.950000047683716,4.090000152587891,87300,0.0,0.0
2021-11-02 00:00:00-04:00,4.119999885559082,4.21999979019165,4.039999961853027,4.21999979019165,104900,0.0,0.0
2021-11-03 00:00:00-04:00,4.190000057220459,4.540900230407715,4.118000030517578,4.369999885559082,787800,0.0,0.0
2021-11-04 00:00:00-04:00,4.369999885559082,4.420000076293945,4.199999809265137,4.300000190734863,265300,0.0,0.0
2021-11-05 00:00:00-04:00,4.260000228881836,4.800000190734863,4.260000228881836,4.650000095367432,719100,0.0,0.0
2021-11-08 00:00:00-05:00,4.78000020980835,4.800000190734863,4.510000228881836,4.599999904632568,300600,0.0,0.0
2021-11-09 00:00:00-05:00,4.639999866485596,4.659999847412109,4.449999809265137,4.489999771118164,207200,0.0,0.0
2021-11-10 00:00:00-05:00,4.599999904632568,4.599999904632568,4.300000190734863,4.460000038146973,161000,0.0,0.0
2021-11-11 00:00:00-05:00,4.46999979019165,4.550000190734863,4.369999885559082,4.53000020980835,157800,0.0,0.0
2021-11-12 00:00:00-05:00,4.489999771118164,4.53000020980835,4.099999904632568,4.159999847412109,253000,0.0,0.0
2021-11-15 00:00:00-05:00,4.159999847412109,4.21999979019165,3.890000104904175,4.03000020980835,313100,0.0,0.0
2021-11-16 00:00:00-05:00,4.050000190734863,4.079999923706055,3.7300000190734863,4.059999942779541,359700,0.0,0.0
2021-11-17 00:00:00-05:00,3.9700000286102295,4.039899826049805,3.8299999237060547,3.8399999141693115,155800,0.0,0.0
2021-11-18 00:00:00-05:00,3.930000066757202,3.930000066757202,3.6210999488830566,3.6700000762939453,144800,0.0,0.0
2021-11-19 00:00:00-05:00,3.5999999046325684,3.8499999046325684,3.5799999237060547,3.819999933242798,133400,0.0,0.0
2021-11-22 00:00:00-05:00,3.880000114440918,3.880000114440918,3.6026999950408936,3.6700000762939453,136300,0.0,0.0
2021-11-23 00:00:00-05:00,3.640000104904175,3.7799999713897705,3.5799999237060547,3.700000047683716,92300,0.0,0.0
2021-11-24 00:00:00-05:00,3.700000047683716,3.9200000762939453,3.6135001182556152,3.9100000858306885,94400,0.0,0.0
2021-11-26 00:00:00-05:00,3.7699999809265137,3.8417999744415283,3.680999994277954,3.7699999809265137,72300,0.0,0.0
2021-11-29 00:00:00-05:00,3.799999952316284,3.8299999237060547,3.630000114440918,3.630000114440918,122900,0.0,0.0
2021-11-30 00:00:00-05:00,3.5999999046325684,3.8798999786376953,3.5799999237060547,3.740000009536743,246500,0.0,0.0
2021-12-01 00:00:00-05:00,3.809999942779541,3.809999942779541,3.640000104904175,3.700000047683716,217200,0.0,0.0
2021-12-02 00:00:00-05:00,3.740000009536743,3.75,3.509999990463257,3.549999952316284,144100,0.0,0.0
2021-12-03 00:00:00-05:00,3.559999942779541,3.619999885559082,3.380000114440918,3.430000066757202,210700,0.0,0.0
2021-12-06 00:00:00-05:00,3.4100000858306885,3.6500000953674316,3.2825000286102295,3.609999895095825,132800,0.0,0.0
2021-12-07 00:00:00-05:00,3.619999885559082,3.880000114440918,3.619999885559082,3.7699999809265137,140900,0.0,0.0
2021-12-08 00:00:00-05:00,3.8499999046325684,3.9600000381469727,3.7699999809265137,3.9000000953674316,93000,0.0,0.0
2021-12-09 00:00:00-05:00,3.9100000858306885,3.990000009536743,3.7899999618530273,3.7899999618530273,142400,0.0,0.0
2021-12-10 00:00:00-05:00,3.75,3.9200000762939453,3.75,3.819999933242798,123000,0.0,0.0
2021-12-13 00:00:00-05:00,3.8399999141693115,3.950000047683716,3.690000057220459,3.859999895095825,105000,0.0,0.0
2021-12-14 00:00:00-05:00,3.75,3.930000066757202,3.700000047683716,3.759999990463257,115000,0.0,0.0
2021-12-15 00:00:00-05:00,3.7100000381469727,3.950000047683716,3.609999895095825,3.880000114440918,195100,0.0,0.0
2021-12-16 00:00:00-05:00,3.9200000762939453,4.010000228881836,3.680000066757202,3.680000066757202,140200,0.0,0.0
2021-12-17 00:00:00-05:00,3.7300000190734863,3.869999885559082,3.5299999713897705,3.549999952316284,364900,0.0,0.0
2021-12-20 00:00:00-05:00,3.5,3.759999990463257,3.5,3.630000114440918,101200,0.0,0.0
2021-12-21 00:00:00-05:00,3.6600000858306885,3.7300000190734863,3.5,3.5399999618530273,140700,0.0,0.0
2021-12-22 00:00:00-05:00,3.509999990463257,3.680000066757202,3.450000047683716,3.5,154800,0.0,0.0
2021-12-23 00:00:00-05:00,3.5,3.640000104904175,3.4700000286102295,3.5999999046325684,116500,0.0,0.0
2021-12-27 00:00:00-05:00,3.5899999141693115,3.620300054550171,3.380000114440918,3.430000066757202,172300,0.0,0.0
2021-12-28 00:00:00-05:00,3.4200000762939453,3.559999942779541,3.4000000953674316,3.450000047683716,117200,0.0,0.0
2021-12-29 00:00:00-05:00,3.4100000858306885,3.75,3.390000104904175,3.509999990463257,388800,0.0,0.0
2021-12-30 00:00:00-05:00,3.5299999713897705,3.7799999713897705,3.5297000408172607,3.7300000190734863,132100,0.0,0.0
2021-12-31 00:00:00-05:00,3.6700000762939453,3.8499999046325684,3.6600000858306885,3.7300000190734863,175000,0.0,0.0
2022-01-03 00:00:00-05:00,3.7799999713897705,3.940000057220459,3.740000009536743,3.880000114440918,45800,0.0,0.0
2022-01-04 00:00:00-05:00,3.8499999046325684,3.9100000858306885,3.7100000381469727,3.7799999713897705,111600,0.0,0.0
2022-01-05 00:00:00-05:00,3.809999942779541,3.9200000762939453,3.549999952316284,3.549999952316284,102600,0.0,0.0
2022-01-06 00:00:00-05:00,3.549999952316284,3.744999885559082,3.4700000286102295,3.6700000762939453,94800,0.0,0.0
2022-01-07 00:00:00-05:00,3.6500000953674316,3.7799999713897705,3.5199999809265137,3.5899999141693115,64100,0.0,0.0
2022-01-10 00:00:00-05:00,3.5299999713897705,3.740000009536743,3.5,3.619999885559082,145100,0.0,0.0
2022-01-11 00:00:00-05:00,3.5899999141693115,3.690000057220459,3.549999952316284,3.569999933242798,59700,0.0,0.0
2022-01-12 00:00:00-05:00,3.5799999237060547,3.630000114440918,3.4600000381469727,3.4600000381469727,58600,0.0,0.0
2022-01-13 00:00:00-05:00,3.5299999713897705,3.5299999713897705,3.3399999141693115,3.4000000953674316,127600,0.0,0.0
2022-01-14 00:00:00-05:00,3.4100000858306885,3.444999933242798,3.2699999809265137,3.380000114440918,72900,0.0,0.0
2022-01-18 00:00:00-05:00,3.309999942779541,3.3499999046325684,2.890000104904175,2.9700000286102295,151200,0.0,0.0
2022-01-19 00:00:00-05:00,3.0199999809265137,3.0199999809265137,2.7799999713897705,2.930000066757202,147200,0.0,0.0
2022-01-20 00:00:00-05:00,2.950000047683716,3.0399999618530273,2.819999933242798,2.8299999237060547,86900,0.0,0.0
2022-01-21 00:00:00-05:00,2.8399999141693115,2.8578999042510986,2.5999999046325684,2.6500000953674316,159700,0.0,0.0
2022-01-24 00:00:00-05:00,2.6500000953674316,2.9200000762939453,2.200000047683716,2.380000114440918,431900,0.0,0.0
2022-01-25 00:00:00-05:00,2.3499999046325684,2.5099000930786133,2.299499988555908,2.4600000381469727,86300,0.0,0.0
2022-01-26 00:00:00-05:00,2.450000047683716,2.640000104904175,2.4100000858306885,2.4100000858306885,87700,0.0,0.0
2022-01-27 00:00:00-05:00,2.440000057220459,2.5699000358581543,2.255000114440918,2.2899999618530273,221600,0.0,0.0
2022-01-28 00:00:00-05:00,2.4514000415802,2.4514000415802,2.25,2.3499999046325684,65400,0.0,0.0
2022-01-31 00:00:00-05:00,2.380000114440918,2.5899999141693115,2.3450000286102295,2.5899999141693115,137000,0.0,0.0
2022-02-01 00:00:00-05:00,2.5899999141693115,2.9800000190734863,2.569999933242798,2.9000000953674316,163700,0.0,0.0
2022-02-02 00:00:00-05:00,2.8499999046325684,2.8617000579833984,2.5999999046325684,2.6600000858306885,89100,0.0,0.0
2022-02-03 00:00:00-05:00,2.5999999046325684,2.7799999713897705,2.569999933242798,2.690000057220459,57100,0.0,0.0
2022-02-04 00:00:00-05:00,2.690000057220459,2.809999942779541,2.609999895095825,2.7699999809265137,50000,0.0,0.0
2022-02-07 00:00:00-05:00,2.7200000286102295,2.949700117111206,2.7200000286102295,2.819999933242798,78800,0.0,0.0
2022-02-08 00:00:00-05:00,2.7799999713897705,2.9700000286102295,2.7799999713897705,2.9200000762939453,28500,0.0,0.0
2022-02-09 00:00:00-05:00,2.9700000286102295,3.0999999046325684,2.9700000286102295,3.049999952316284,134100,0.0,0.0
2022-02-10 00:00:00-05:00,2.9700000286102295,3.0999999046325684,2.9100000858306885,3.059999942779541,55200,0.0,0.0
2022-02-11 00:00:00-05:00,3.0399999618530273,3.0899999141693115,2.9000000953674316,2.950000047683716,52300,0.0,0.0
2022-02-14 00:00:00-05:00,2.9200000762939453,3.059999942779541,2.9000000953674316,3.0,50500,0.0,0.0
2022-02-15 00:00:00-05:00,3.0799999237060547,3.0999999046325684,2.940000057220459,3.0999999046325684,18800,0.0,0.0
2022-02-16 00:00:00-05:00,3.0999999046325684,3.2249999046325684,3.0399999618530273,3.109999895095825,63500,0.0,0.0
2022-02-17 00:00:00-05:00,3.190000057220459,3.200000047683716,2.9800000190734863,3.0299999713897705,135900,0.0,0.0
2022-02-18 00:00:00-05:00,3.0,3.018899917602539,2.75,2.819999933242798,110000,0.0,0.0
2022-02-22 00:00:00-05:00,2.890000104904175,2.9000000953674316,2.759999990463257,2.809999942779541,27100,0.0,0.0
2022-02-23 00:00:00-05:00,2.859999895095825,2.859999895095825,2.680000066757202,2.7300000190734863,28500,0.0,0.0
2022-02-24 00:00:00-05:00,2.5899999141693115,2.809999942779541,2.509999990463257,2.7799999713897705,48800,0.0,0.0
2022-02-25 00:00:00-05:00,2.7799999713897705,2.7899999618530273,2.5399999618530273,2.630000114440918,35700,0.0,0.0
2022-02-28 00:00:00-05:00,2.5999999046325684,2.7300000190734863,2.5299999713897705,2.630000114440918,21800,0.0,0.0
2022-03-01 00:00:00-05:00,2.609999895095825,2.700000047683716,2.569999933242798,2.569999933242798,39900,0.0,0.0
2022-03-02 00:00:00-05:00,2.619999885559082,2.6449999809265137,2.5399999618530273,2.619999885559082,15900,0.0,0.0
2022-03-03 00:00:00-05:00,2.640000104904175,2.6700000762939453,2.5,2.5299999713897705,37700,0.0,0.0
2022-03-04 00:00:00-05:00,2.4700000286102295,2.549999952316284,2.419800043106079,2.450000047683716,41300,0.0,0.0
2022-03-07 00:00:00-05:00,2.440000057220459,2.56030011177063,2.420099973678589,2.450000047683716,19900,0.0,0.0
2022-03-08 00:00:00-05:00,2.4305999279022217,2.6600000858306885,2.359999895095825,2.4700000286102295,51400,0.0,0.0
2022-03-09 00:00:00-05:00,2.559999942779541,2.6600000858306885,2.5299999713897705,2.640000104904175,19500,0.0,0.0
2022-03-10 00:00:00-05:00,2.5741000175476074,2.639899969100952,2.509999990463257,2.609999895095825,12100,0.0,0.0
2022-03-11 00:00:00-05:00,2.5899999141693115,2.6600000858306885,2.440000057220459,2.5399999618530273,16100,0.0,0.0
2022-03-14 00:00:00-04:00,2.450000047683716,2.5206000804901123,2.259999990463257,2.309999942779541,40800,0.0,0.0
2022-03-15 00:00:00-04:00,2.259999990463257,2.490000009536743,2.200000047683716,2.299999952316284,26500,0.0,0.0
2022-03-16 00:00:00-04:00,2.299999952316284,2.449899911880493,2.234999895095825,2.380000114440918,56500,0.0,0.0
2022-03-17 00:00:00-04:00,2.440000057220459,2.634999990463257,2.3949999809265137,2.619999885559082,33300,0.0,0.0
2022-03-18 00:00:00-04:00,2.5899999141693115,2.7699999809265137,2.5899999141693115,2.740000009536743,38000,0.0,0.0
2022-03-21 00:00:00-04:00,2.6600000858306885,2.809999942779541,2.5899999141693115,2.809999942779541,36200,0.0,0.0
2022-03-22 00:00:00-04:00,2.809999942779541,2.9800000190734863,2.759999990463257,2.9800000190734863,35100,0.0,0.0
2022-03-23 00:00:00-04:00,3.0,3.0589001178741455,2.7799999713897705,2.890000104904175,62600,0.0,0.0
2022-03-24 00:00:00-04:00,2.9000000953674316,2.9000000953674316,2.73009991645813,2.799999952316284,20200,0.0,0.0
2022-03-25 00:00:00-04:00,2.8032000064849854,2.809999942779541,2.7000999450683594,2.809999942779541,13800,0.0,0.0
2022-03-28 00:00:00-04:00,2.7200000286102295,2.7799999713897705,2.4100000858306885,2.5899999141693115,102400,0.0,0.0
2022-03-29 00:00:00-04:00,2.549999952316284,2.6600000858306885,2.440000057220459,2.5199999809265137,71400,0.0,0.0
2022-03-30 00:00:00-04:00,2.5,2.6600000858306885,2.4549999237060547,2.5399999618530273,59600,0.0,0.0
2022-03-31 00:00:00-04:00,2.490299940109253,2.6480000019073486,2.490299940109253,2.5,21400,0.0,0.0
2022-04-01 00:00:00-04:00,2.509999990463257,2.5899999141693115,2.4430999755859375,2.5399999618530273,31300,0.0,0.0
2022-04-04 00:00:00-04:00,2.5399999618530273,2.609999895095825,2.4537999629974365,2.490000009536743,36600,0.0,0.0
2022-04-05 00:00:00-04:00,2.450000047683716,2.509999990463257,2.390000104904175,2.390000104904175,15600,0.0,0.0
2022-04-06 00:00:00-04:00,2.4100000858306885,2.5199999809265137,2.319999933242798,2.359999895095825,26200,0.0,0.0
2022-04-07 00:00:00-04:00,2.4700000286102295,2.4700000286102295,2.259999990463257,2.319999933242798,27800,0.0,0.0
2022-04-08 00:00:00-04:00,2.3401999473571777,2.3499999046325684,2.25,2.259999990463257,24700,0.0,0.0
2022-04-11 00:00:00-04:00,2.25,2.380000114440918,2.25,2.25,12500,0.0,0.0
2022-04-12 00:00:00-04:00,2.25,2.3617000579833984,2.25,2.259999990463257,20400,0.0,0.0
2022-04-13 00:00:00-04:00,2.299999952316284,2.3492000102996826,2.2750000953674316,2.299999952316284,55200,0.0,0.0
2022-04-14 00:00:00-04:00,2.3299999237060547,2.3399999141693115,2.259999990463257,2.319999933242798,27700,0.0,0.0
2022-04-18 00:00:00-04:00,2.2899999618530273,2.3399999141693115,2.119999885559082,2.1700000762939453,45300,0.0,0.0
2022-04-19 00:00:00-04:00,2.1700000762939453,2.3399999141693115,2.1619999408721924,2.3299999237060547,63900,0.0,0.0
2022-04-20 00:00:00-04:00,2.2799999713897705,2.3499999046325684,2.2699999809265137,2.3399999141693115,37300,0.0,0.0
2022-04-21 00:00:00-04:00,2.3399999141693115,2.4200000762939453,2.2200000286102295,2.2699999809265137,73600,0.0,0.0
2022-04-22 00:00:00-04:00,2.179800033569336,2.390000104904175,2.179800033569336,2.309999942779541,22500,0.0,0.0
2022-04-25 00:00:00-04:00,2.2899999618530273,2.4000000953674316,2.200000047683716,2.25,21100,0.0,0.0
2022-04-26 00:00:00-04:00,2.200000047683716,2.299999952316284,2.200000047683716,2.259999990463257,46300,0.0,0.0
2022-04-27 00:00:00-04:00,2.2599000930786133,2.299999952316284,2.2100000381469727,2.2799999713897705,41400,0.0,0.0
2022-04-28 00:00:00-04:00,2.25,2.299999952316284,2.200200080871582,2.2799999713897705,50200,0.0,0.0
2022-04-29 00:00:00-04:00,2.2699999809265137,2.319999933242798,2.259999990463257,2.319999933242798,15900,0.0,0.0
2022-05-02 00:00:00-04:00,2.3299999237060547,2.5199999809265137,2.299999952316284,2.509999990463257,185500,0.0,0.0
2022-05-03 00:00:00-04:00,2.4800000190734863,2.619999885559082,2.450000047683716,2.619999885559082,28300,0.0,0.0
2022-05-04 00:00:00-04:00,2.680000066757202,2.7100000381469727,2.4000000953674316,2.4800000190734863,31300,0.0,0.0
2022-05-05 00:00:00-04:00,2.4200000762939453,2.549999952316284,2.259999990463257,2.549999952316284,27600,0.0,0.0
2022-05-06 00:00:00-04:00,2.450000047683716,2.619999885559082,2.319999933242798,2.5799999237060547,91500,0.0,0.0
2022-05-09 00:00:00-04:00,2.5299999713897705,2.640000104904175,2.299999952316284,2.569999933242798,71200,0.0,0.0
2022-05-10 00:00:00-04:00,2.549999952316284,2.5999999046325684,2.259999990463257,2.3499999046325684,80600,0.0,0.0
2022-05-11 00:00:00-04:00,2.390000104904175,2.440000057220459,2.180000066757202,2.309999942779541,85400,0.0,0.0
2022-05-12 00:00:00-04:00,2.2699999809265137,2.5,2.25,2.5,19200,0.0,0.0
2022-05-13 00:00:00-04:00,2.5,2.609999895095825,2.3299999237060547,2.440000057220459,119300,0.0,0.0
2022-05-16 00:00:00-04:00,2.390000104904175,2.5299999713897705,2.369999885559082,2.390000104904175,28500,0.0,0.0
2022-05-17 00:00:00-04:00,2.4700000286102295,2.515000104904175,2.4200000762939453,2.5,22200,0.0,0.0
2022-05-18 00:00:00-04:00,2.5,2.5299999713897705,2.25,2.299999952316284,129000,0.0,0.0
2022-05-19 00:00:00-04:00,2.309999942779541,2.440000057220459,2.309999942779541,2.4200000762939453,25800,0.0,0.0
2022-05-20 00:00:00-04:00,2.5,2.5299999713897705,2.373300075531006,2.380000114440918,67100,0.0,0.0
2022-05-23 00:00:00-04:00,2.450000047683716,2.5,2.299999952316284,2.3499999046325684,70900,0.0,0.0
2022-05-24 00:00:00-04:00,2.359999895095825,2.4000000953674316,2.200000047683716,2.2300000190734863,63100,0.0,0.0
2022-05-25 00:00:00-04:00,2.3299999237060547,2.369999885559082,2.2100000381469727,2.3399999141693115,25400,0.0,0.0
2022-05-26 00:00:00-04:00,2.369999885559082,2.4800000190734863,2.359999895095825,2.380000114440918,58500,0.0,0.0
2022-05-27 00:00:00-04:00,2.369999885559082,2.4600000381469727,2.3499999046325684,2.440000057220459,9700,0.0,0.0
2022-05-31 00:00:00-04:00,2.390000104904175,2.440000057220459,2.3870999813079834,2.430000066757202,4200,0.0,0.0
2022-06-01 00:00:00-04:00,2.444999933242798,2.450000047683716,2.4100000858306885,2.450000047683716,6100,0.0,0.0
2022-06-02 00:00:00-04:00,2.450000047683716,2.4600000381469727,2.380000114440918,2.440000057220459,16600,0.0,0.0
2022-06-03 00:00:00-04:00,2.3399999141693115,2.450000047683716,2.3301000595092773,2.380000114440918,17800,0.0,0.0
2022-06-06 00:00:00-04:00,2.450000047683716,2.450000047683716,2.3299999237060547,2.390000104904175,13800,0.0,0.0
2022-06-07 00:00:00-04:00,2.380000114440918,2.440000057220459,2.380000114440918,2.390000104904175,17200,0.0,0.0
2022-06-08 00:00:00-04:00,2.369999885559082,2.509999990463257,2.369999885559082,2.490000009536743,35200,0.0,0.0
2022-06-09 00:00:00-04:00,2.490000009536743,2.5,2.4000000953674316,2.450000047683716,43100,0.0,0.0
2022-06-10 00:00:00-04:00,2.474400043487549,2.490000009536743,2.3901000022888184,2.4000000953674316,18400,0.0,0.0
2022-06-13 00:00:00-04:00,2.319999933242798,2.369999885559082,2.2699999809265137,2.305000066757202,27500,0.0,0.0
2022-06-14 00:00:00-04:00,2.3276000022888184,2.3399999141693115,2.25,2.2699999809265137,34100,0.0,0.0
2022-06-15 00:00:00-04:00,2.299999952316284,2.3299999237060547,2.200000047683716,2.200000047683716,27600,0.0,0.0
2022-06-16 00:00:00-04:00,2.1700000762939453,2.309999942779541,2.049999952316284,2.0799999237060547,53800,0.0,0.0
2022-06-17 00:00:00-04:00,2.0899999141693115,2.240000009536743,2.079699993133545,2.1500000953674316,29600,0.0,0.0
2022-06-21 00:00:00-04:00,2.190000057220459,2.3399999141693115,2.1500000953674316,2.319999933242798,28400,0.0,0.0
2022-06-22 00:00:00-04:00,2.309999942779541,2.3299999237060547,2.180000066757202,2.3299999237060547,29500,0.0,0.0
2022-06-23 00:00:00-04:00,2.259999990463257,2.3299999237060547,2.259999990463257,2.2699999809265137,34200,0.0,0.0
2022-06-24 00:00:00-04:00,2.309999942779541,2.319999933242798,1.6200000047683716,1.8600000143051147,309900,0.0,0.0
2022-06-27 00:00:00-04:00,1.940000057220459,2.0999999046325684,1.899999976158142,2.0199999809265137,135800,0.0,0.0
2022-06-28 00:00:00-04:00,2.0,2.0899999141693115,2.0,2.0299999713897705,26100,0.0,0.0
2022-06-29 00:00:00-04:00,2.0,2.049999952316284,1.9601000547409058,2.0299999713897705,15100,0.0,0.0
2022-06-30 00:00:00-04:00,1.9900000095367432,2.0299999713897705,1.9500000476837158,2.0199999809265137,19000,0.0,0.0
2022-07-01 00:00:00-04:00,2.0399999618530273,2.0999999046325684,1.9900000095367432,2.069999933242798,23300,0.0,0.0
2022-07-05 00:00:00-04:00,2.0,2.0399999618530273,1.9600000381469727,2.0199999809265137,19500,0.0,0.0
2022-07-06 00:00:00-04:00,2.0002999305725098,2.0850000381469727,2.0,2.0199999809265137,330700,0.0,0.0
2022-07-07 00:00:00-04:00,1.2699999809265137,1.3200000524520874,1.149999976158142,1.2599999904632568,3527500,0.0,0.0
2022-07-08 00:00:00-04:00,1.25,1.3600000143051147,1.25,1.350000023841858,856500,0.0,0.0
2022-07-11 00:00:00-04:00,1.3799999952316284,1.3899999856948853,1.270400047302246,1.2999999523162842,214400,0.0,0.0
2022-07-12 00:00:00-04:00,1.2799999713897705,1.320099949836731,1.25,1.2799999713897705,98100,0.0,0.0
2022-07-13 00:00:00-04:00,1.25,1.340000033378601,1.2300000190734863,1.340000033378601,216300,0.0,0.0
2022-07-14 00:00:00-04:00,1.2999999523162842,1.3300000429153442,1.2400000095367432,1.2699999809265137,73900,0.0,0.0
2022-07-15 00:00:00-04:00,1.2799999713897705,1.309999942779541,1.2400000095367432,1.2799999713897705,128600,0.0,0.0
2022-07-18 00:00:00-04:00,1.3000999689102173,1.309999942779541,1.2599999904632568,1.2899999618530273,88100,0.0,0.0
2022-07-19 00:00:00-04:00,1.309999942779541,1.340000033378601,1.2599999904632568,1.2899999618530273,76200,0.0,0.0
2022-07-20 00:00:00-04:00,1.2913999557495117,1.3300000429153442,1.2899999618530273,1.2949999570846558,112000,0.0,0.0
2022-07-21 00:00:00-04:00,1.3016999959945679,1.3899999856948853,1.2999999523162842,1.3700000047683716,318100,0.0,0.0
2022-07-22 00:00:00-04:00,1.3899999856948853,1.5499999523162842,1.350000023841858,1.5299999713897705,146900,0.0,0.0
2022-07-25 00:00:00-04:00,1.5399999618530273,1.6399999856948853,1.5299999713897705,1.6299999952316284,152100,0.0,0.0
2022-07-26 00:00:00-04:00,1.6100000143051147,1.6200000047683716,1.4900000095367432,1.5199999809265137,79800,0.0,0.0
2022-07-27 00:00:00-04:00,1.5,1.5430999994277954,1.4400999546051025,1.5099999904632568,18000,0.0,0.0
2022-07-28 00:00:00-04:00,1.590000033378601,1.6299999952316284,1.5099999904632568,1.6100000143051147,66900,0.0,0.0
2022-07-29 00:00:00-04:00,1.6299999952316284,1.7000000476837158,1.5499999523162842,1.649999976158142,115300,0.0,0.0
2022-08-01 00:00:00-04:00,1.6299999952316284,1.6490000486373901,1.5399999618530273,1.5499999523162842,21900,0.0,0.0
2022-08-02 00:00:00-04:00,1.5499999523162842,1.559999942779541,1.5199999809265137,1.5299999713897705,32000,0.0,0.0
2022-08-03 00:00:00-04:00,1.5119999647140503,1.6200000047683716,1.5099999904632568,1.6100000143051147,34700,0.0,0.0
2022-08-04 00:00:00-04:00,1.600000023841858,1.7000000476837158,1.5199999809265137,1.7000000476837158,20000,0.0,0.0
2022-08-05 00:00:00-04:00,1.7199000120162964,1.7199000120162964,1.659999966621399,1.690000057220459,57700,0.0,0.0
2022-08-08 00:00:00-04:00,1.649999976158142,1.875,1.649999976158142,1.7799999713897705,83400,0.0,0.0
2022-08-09 00:00:00-04:00,1.7799999713897705,1.7900999784469604,1.6598999500274658,1.6799999475479126,32100,0.0,0.0
2022-08-10 00:00:00-04:00,1.6799999475479126,1.7300000190734863,1.5800000429153442,1.7300000190734863,54800,0.0,0.0
2022-08-11 00:00:00-04:00,1.8200000524520874,1.9299999475479126,1.774899959564209,1.899999976158142,70500,0.0,0.0
2022-08-12 00:00:00-04:00,1.8899999856948853,1.9800000190734863,1.8845000267028809,1.9700000286102295,80500,0.0,0.0
2022-08-15 00:00:00-04:00,1.9700000286102295,2.0,1.7999999523162842,1.809999942779541,101700,0.0,0.0
2022-08-16 00:00:00-04:00,1.8049999475479126,1.8700000047683716,1.7999999523162842,1.840000033378601,28900,0.0,0.0
2022-08-17 00:00:00-04:00,1.7599999904632568,1.8600000143051147,1.7599999904632568,1.8300000429153442,19300,0.0,0.0
2022-08-18 00:00:00-04:00,1.8200000524520874,1.850000023841858,1.7999999523162842,1.809999942779541,9300,0.0,0.0
2022-08-19 00:00:00-04:00,1.75,1.809999942779541,1.690000057220459,1.7000000476837158,30600,0.0,0.0
2022-08-22 00:00:00-04:00,1.7300000190734863,1.7300000190734863,1.6799999475479126,1.7100000381469727,22800,0.0,0.0
2022-08-23 00:00:00-04:00,1.7000000476837158,1.7583999633789062,1.7000000476837158,1.7549999952316284,23700,0.0,0.0
2022-08-24 00:00:00-04:00,1.7599999904632568,1.850000023841858,1.7599999904632568,1.8100999593734741,4900,0.0,0.0
2022-08-25 00:00:00-04:00,1.7999999523162842,1.8799999952316284,1.7999999523162842,1.850000023841858,6000,0.0,0.0
2022-08-26 00:00:00-04:00,1.8200000524520874,1.8200000524520874,1.7350000143051147,1.7400000095367432,14900,0.0,0.0
2022-08-29 00:00:00-04:00,1.7100000381469727,1.7799999713897705,1.690000057220459,1.7300000190734863,18500,0.0,0.0
2022-08-30 00:00:00-04:00,1.7300000190734863,1.7599999904632568,1.7300000190734863,1.7549999952316284,12000,0.0,0.0
2022-08-31 00:00:00-04:00,1.75,1.7999999523162842,1.75,1.7699999809265137,31600,0.0,0.0
2022-09-01 00:00:00-04:00,1.7699999809265137,1.784999966621399,1.75,1.7599999904632568,38700,0.0,0.0
2022-09-02 00:00:00-04:00,1.7699999809265137,1.7899999618530273,1.7549999952316284,1.7599999904632568,32000,0.0,0.0
2022-09-06 00:00:00-04:00,1.7599999904632568,1.7899999618530273,1.3899999856948853,1.3899999856948853,172800,0.0,0.0
2022-09-07 00:00:00-04:00,1.5,1.6100000143051147,1.4199999570846558,1.4199999570846558,144800,0.0,0.0
2022-09-08 00:00:00-04:00,1.3899999856948853,1.590000033378601,1.3899999856948853,1.559999942779541,50700,0.0,0.0
2022-09-09 00:00:00-04:00,1.559999942779541,1.6013000011444092,1.4900000095367432,1.5199999809265137,47600,0.0,0.0
2022-09-12 00:00:00-04:00,1.5199999809265137,1.5389000177383423,1.440000057220459,1.4900000095367432,53100,0.0,0.0
2022-09-13 00:00:00-04:00,1.399999976158142,1.4900000095367432,1.399999976158142,1.4700000286102295,39200,0.0,0.0
2022-09-14 00:00:00-04:00,1.4900000095367432,1.6299999952316284,1.4900000095367432,1.590000033378601,83300,0.0,0.0
2022-09-15 00:00:00-04:00,1.5200999975204468,1.5800000429153442,1.350000023841858,1.4500000476837158,118900,0.0,0.0
2022-09-16 00:00:00-04:00,1.399999976158142,1.5,1.315000057220459,1.440000057220459,169500,0.0,0.0
2022-09-19 00:00:00-04:00,1.409999966621399,1.4500000476837158,1.350000023841858,1.409999966621399,40400,0.0,0.0
2022-09-20 00:00:00-04:00,1.409999966621399,1.4500000476837158,1.409999966621399,1.4500000476837158,34700,0.0,0.0
2022-09-21 00:00:00-04:00,1.4700000286102295,1.4700000286102295,1.3799999952316284,1.4600000381469727,25700,0.0,0.0
2022-09-22 00:00:00-04:00,1.4700000286102295,1.4800000190734863,1.309999942779541,1.3600000143051147,83800,0.0,0.0
2022-09-23 00:00:00-04:00,1.2999999523162842,1.3300000429153442,1.2000000476837158,1.2200000286102295,151400,0.0,0.0
2022-09-26 00:00:00-04:00,1.2674000263214111,1.2674000263214111,1.2000000476837158,1.2000000476837158,37200,0.0,0.0
2022-09-27 00:00:00-04:00,1.2000000476837158,1.2300000190734863,1.2000000476837158,1.2000000476837158,35400,0.0,0.0
2022-09-28 00:00:00-04:00,1.2127000093460083,1.2899999618530273,1.2100000381469727,1.2799999713897705,57600,0.0,0.0
2022-09-29 00:00:00-04:00,1.2376999855041504,1.2798999547958374,1.2233999967575073,1.2400000095367432,6100,0.0,0.0
2022-09-30 00:00:00-04:00,1.2300000190734863,1.2489999532699585,1.2100000381469727,1.2400000095367432,19300,0.0,0.0
2022-10-03 00:00:00-04:00,1.25,1.2630000114440918,1.2300000190734863,1.2400000095367432,8500,0.0,0.0
2022-10-04 00:00:00-04:00,1.2300000190734863,1.2752000093460083,1.2100000381469727,1.2100000381469727,34300,0.0,0.0
2022-10-05 00:00:00-04:00,1.2300000190734863,1.2300000190734863,1.149999976158142,1.1699999570846558,46300,0.0,0.0
2022-10-06 00:00:00-04:00,1.249899983406067,1.350000023841858,1.190000057220459,1.3300000429153442,373300,0.0,0.0
2022-10-07 00:00:00-04:00,1.2999999523162842,1.3650000095367432,1.250100016593933,1.2999999523162842,26600,0.0,0.0
2022-10-10 00:00:00-04:00,1.3300000429153442,1.4500000476837158,1.2799999713897705,1.4500000476837158,118200,0.0,0.0
2022-10-11 00:00:00-04:00,1.3799999952316284,1.4500000476837158,1.3799999952316284,1.4199999570846558,49100,0.0,0.0
2022-10-12 00:00:00-04:00,1.3700000047683716,1.4500000476837158,1.309999942779541,1.4199999570846558,10500,0.0,0.0
2022-10-13 00:00:00-04:00,1.4077999591827393,1.5471999645233154,1.399999976158142,1.5399999618530273,24200,0.0,0.0
2022-10-14 00:00:00-04:00,1.5299999713897705,1.5299999713897705,1.4900000095367432,1.5199999809265137,16000,0.0,0.0
2022-10-17 00:00:00-04:00,1.5049999952316284,1.5299999713897705,1.4500000476837158,1.4900000095367432,14600,0.0,0.0
2022-10-18 00:00:00-04:00,1.495300054550171,1.559999942779541,1.4299999475479126,1.4950000047683716,49400,0.0,0.0
2022-10-19 00:00:00-04:00,1.5499999523162842,1.5499999523162842,1.3799999952316284,1.4600000381469727,18000,0.0,0.0
2022-10-20 00:00:00-04:00,1.4500000476837158,1.5199999809265137,1.4500000476837158,1.457200050354004,29600,0.0,0.0
2022-10-21 00:00:00-04:00,1.462399959564209,1.5299999713897705,1.462399959564209,1.4800000190734863,22700,0.0,0.0
2022-10-24 00:00:00-04:00,1.4652999639511108,1.4652999639511108,1.3700000047683716,1.3799999952316284,41700,0.0,0.0
2022-10-25 00:00:00-04:00,1.3600000143051147,1.4600000381469727,1.3600000143051147,1.4199999570846558,29400,0.0,0.0
2022-10-26 00:00:00-04:00,1.429900050163269,1.4699000120162964,1.350000023841858,1.4199999570846558,43600,0.0,0.0
2022-10-27 00:00:00-04:00,1.340000033378601,1.340000033378601,1.1699999570846558,1.2000000476837158,119700,0.0,0.0
2022-10-28 00:00:00-04:00,1.1799999475479126,1.2400000095367432,1.1799999475479126,1.2300000190734863,100500,0.0,0.0
2022-10-31 00:00:00-04:00,1.159999966621399,1.2000000476837158,1.159999966621399,1.1799999475479126,114300,0.0,0.0
2022-11-01 00:00:00-04:00,1.159999966621399,1.2200000286102295,1.159999966621399,1.2000000476837158,35100,0.0,0.0
2022-11-02 00:00:00-04:00,1.2200000286102295,1.2400000095367432,1.149999976158142,1.2100000381469727,18000,0.0,0.0
2022-11-03 00:00:00-04:00,1.2400000095367432,1.2400000095367432,1.2100000381469727,1.2300000190734863,22100,0.0,0.0
2022-11-04 00:00:00-04:00,1.25,1.25,1.1502000093460083,1.1801999807357788,94500,0.0,0.0
2022-11-07 00:00:00-05:00,1.1399999856948853,1.190000057220459,1.1299999952316284,1.1699999570846558,107800,0.0,0.0
2022-11-08 00:00:00-05:00,1.2300000190734863,1.25,1.2000000476837158,1.2400000095367432,93800,0.0,0.0
2022-11-09 00:00:00-05:00,1.2699999809265137,1.2699999809265137,1.2000000476837158,1.2300000190734863,47300,0.0,0.0
2022-11-10 00:00:00-05:00,1.2400000095367432,1.3099000453948975,1.2000000476837158,1.2100000381469727,25400,0.0,0.0
2022-11-11 00:00:00-05:00,1.2000000476837158,1.2300000190734863,1.1299999952316284,1.1399999856948853,133500,0.0,0.0
2022-11-14 00:00:00-05:00,1.1299999952316284,1.1799999475479126,1.1299999952316284,1.1799999475479126,35100,0.0,0.0
2022-11-15 00:00:00-05:00,1.1649999618530273,1.1799999475479126,1.1399999856948853,1.1399999856948853,23800,0.0,0.0
2022-11-16 00:00:00-05:00,1.159999966621399,1.2598999738693237,1.159999966621399,1.2100000381469727,44800,0.0,0.0
2022-11-17 00:00:00-05:00,1.2200000286102295,1.2200000286102295,1.1799999475479126,1.1799999475479126,14200,0.0,0.0
2022-11-18 00:00:00-05:00,1.201799988746643,1.201799988746643,1.1200000047683716,1.1299999952316284,74300,0.0,0.0
2022-11-21 00:00:00-05:00,1.1399999856948853,1.2000000476837158,1.1299999952316284,1.159999966621399,49200,0.0,0.0
2022-11-22 00:00:00-05:00,1.1299999952316284,1.190000057220459,1.1299999952316284,1.149999976158142,15100,0.0,0.0
2022-11-23 00:00:00-05:00,1.190000057220459,1.190000057220459,1.1399999856948853,1.159999966621399,23300,0.0,0.0
2022-11-25 00:00:00-05:00,1.1299999952316284,1.1799999475479126,1.1299999952316284,1.1799999475479126,42200,0.0,0.0
2022-11-28 00:00:00-05:00,1.2200000286102295,1.2200000286102295,1.1299999952316284,1.190000057220459,39600,0.0,0.0
2022-11-29 00:00:00-05:00,1.190000057220459,1.2000000476837158,1.184999942779541,1.2000000476837158,41500,0.0,0.0
2022-11-30 00:00:00-05:00,1.190000057220459,1.2000000476837158,1.1799999475479126,1.190000057220459,36100,0.0,0.0
2022-12-01 00:00:00-05:00,1.1986000537872314,1.2200000286102295,1.184999942779541,1.2000000476837158,59900,0.0,0.0
2022-12-02 00:00:00-05:00,1.2300000190734863,1.5,1.2100000381469727,1.4800000190734863,313100,0.0,0.0
2022-12-05 00:00:00-05:00,1.5099999904632568,1.5099999904632568,1.2999999523162842,1.309999942779541,158000,0.0,0.0
2022-12-06 00:00:00-05:00,1.340000033378601,1.4249999523162842,1.309999942779541,1.4199999570846558,116500,0.0,0.0
2022-12-07 00:00:00-05:00,1.4299999475479126,1.4500000476837158,1.3600000143051147,1.3899999856948853,102900,0.0,0.0
2022-12-08 00:00:00-05:00,1.3700000047683716,1.4500000476837158,1.3700000047683716,1.440000057220459,81700,0.0,0.0
2022-12-09 00:00:00-05:00,1.468999981880188,1.5,1.399999976158142,1.4299999475479126,81600,0.0,0.0
2022-12-12 00:00:00-05:00,1.440000057220459,1.5399999618530273,1.399999976158142,1.4900000095367432,44200,0.0,0.0
2022-12-13 00:00:00-05:00,1.5,1.5700000524520874,1.4299999475479126,1.434999942779541,76200,0.0,0.0
2022-12-14 00:00:00-05:00,1.4199999570846558,1.7999999523162842,1.4199999570846558,1.5800000429153442,253300,0.0,0.0
2022-12-15 00:00:00-05:00,1.5,1.5700000524520874,1.5,1.5099999904632568,98300,0.0,0.0
2022-12-16 00:00:00-05:00,1.5,1.5937999486923218,1.4600000381469727,1.5299999713897705,47300,0.0,0.0
2022-12-19 00:00:00-05:00,1.5399999618530273,1.5836999416351318,1.4800000190734863,1.5149999856948853,91200,0.0,0.0
2022-12-20 00:00:00-05:00,1.5298999547958374,1.5549999475479126,1.476199984550476,1.4900000095367432,37400,0.0,0.0
2022-12-21 00:00:00-05:00,1.5,1.600000023841858,1.5,1.5399999618530273,74700,0.0,0.0
2022-12-22 00:00:00-05:00,1.5099999904632568,1.5399999618530273,1.4800000190734863,1.5399999618530273,49100,0.0,0.0
2022-12-23 00:00:00-05:00,1.5199999809265137,1.5525000095367432,1.4996999502182007,1.5499999523162842,96700,0.0,0.0
2022-12-27 00:00:00-05:00,1.600000023841858,1.6299999952316284,1.5099999904632568,1.5299999713897705,150600,0.0,0.0
2022-12-28 00:00:00-05:00,1.559999942779541,1.586400032043457,1.5,1.5449999570846558,40000,0.0,0.0
2022-12-29 00:00:00-05:00,1.5499000549316406,1.6200000047683716,1.534999966621399,1.6200000047683716,166200,0.0,0.0
2022-12-30 00:00:00-05:00,1.590000033378601,1.6200000047683716,1.4800000190734863,1.5801000595092773,105500,0.0,0.0
2023-01-03 00:00:00-05:00,1.6100000143051147,1.6100000143051147,1.4601000547409058,1.4800000190734863,57600,0.0,0.0
2023-01-04 00:00:00-05:00,1.4700000286102295,1.4799000024795532,1.4259999990463257,1.4500000476837158,36500,0.0,0.0
2023-01-05 00:00:00-05:00,1.399999976158142,1.4500000476837158,1.399999976158142,1.4199999570846558,40800,0.0,0.0
2023-01-06 00:00:00-05:00,1.4199999570846558,1.4500000476837158,1.4149999618530273,1.4500000476837158,10600,0.0,0.0
2023-01-09 00:00:00-05:00,1.4800000190734863,1.6200000047683716,1.4600000381469727,1.6200000047683716,117400,0.0,0.0
2023-01-10 00:00:00-05:00,1.5700000524520874,1.6200000047683716,1.4916000366210938,1.590000033378601,24600,0.0,0.0
2023-01-11 00:00:00-05:00,1.6138999462127686,1.6200000047683716,1.5800000429153442,1.5800000429153442,32200,0.0,0.0
2023-01-12 00:00:00-05:00,1.600000023841858,1.6200000047683716,1.5850000381469727,1.6200000047683716,17800,0.0,0.0
2023-01-13 00:00:00-05:00,1.6299999952316284,1.6399999856948853,1.5927000045776367,1.6399999856948853,16300,0.0,0.0
2023-01-17 00:00:00-05:00,1.6200000047683716,1.659999966621399,1.5800000429153442,1.6399999856948853,88400,0.0,0.0
2023-01-18 00:00:00-05:00,1.6299999952316284,1.6299999952316284,1.5299999713897705,1.5800000429153442,37000,0.0,0.0
2023-01-19 00:00:00-05:00,1.559999942779541,1.5850000381469727,1.5399999618530273,1.5399999618530273,25900,0.0,0.0
2023-01-20 00:00:00-05:00,1.5499999523162842,1.589900016784668,1.5499999523162842,1.5700000524520874,12200,0.0,0.0
2023-01-23 00:00:00-05:00,1.5098999738693237,1.5700000524520874,1.5098999738693237,1.5499999523162842,23600,0.0,0.0
2023-01-24 00:00:00-05:00,1.5549999475479126,1.5799000263214111,1.4900000095367432,1.5199999809265137,9200,0.0,0.0
2023-01-25 00:00:00-05:00,1.5199999809265137,1.5399999618530273,1.4600000381469727,1.5199999809265137,7400,0.0,0.0
2023-01-26 00:00:00-05:00,1.5199999809265137,1.559999942779541,1.399999976158142,1.440000057220459,76300,0.0,0.0
2023-01-27 00:00:00-05:00,1.4800000190734863,1.4883999824523926,1.4550000429153442,1.4700000286102295,8900,0.0,0.0
2023-01-30 00:00:00-05:00,1.4700000286102295,1.4700000286102295,1.399999976158142,1.399999976158142,14600,0.0,0.0
2023-01-31 00:00:00-05:00,1.4600000381469727,1.4600000381469727,1.350000023841858,1.350000023841858,27800,0.0,0.0
2023-02-01 00:00:00-05:00,1.3949999809265137,1.399999976158142,1.350000023841858,1.350000023841858,41500,0.0,0.0
2023-02-02 00:00:00-05:00,1.350000023841858,1.3899999856948853,1.2999999523162842,1.3600000143051147,89500,0.0,0.0
2023-02-03 00:00:00-05:00,1.3300000429153442,1.3700000047683716,1.3277000188827515,1.350000023841858,67400,0.0,0.0
2023-02-06 00:00:00-05:00,1.309999942779541,1.3300000429153442,1.2999000549316406,1.3200000524520874,38600,0.0,0.0
2023-02-07 00:00:00-05:00,1.2999999523162842,1.399999976158142,1.2699999809265137,1.3899999856948853,72000,0.0,0.0
2023-02-08 00:00:00-05:00,1.340000033378601,1.5299999713897705,1.340000033378601,1.409999966621399,87300,0.0,0.0
2023-02-09 00:00:00-05:00,1.4199999570846558,1.4199999570846558,1.3600000143051147,1.3799999952316284,13400,0.0,0.0
2023-02-10 00:00:00-05:00,1.3949999809265137,1.398800015449524,1.3700000047683716,1.3799999952316284,4800,0.0,0.0
2023-02-13 00:00:00-05:00,1.3899999856948853,1.5700000524520874,1.3799999952316284,1.5199999809265137,53300,0.0,0.0
2023-02-14 00:00:00-05:00,1.4800000190734863,1.5,1.399999976158142,1.4600000381469727,12800,0.0,0.0
2023-02-15 00:00:00-05:00,1.47160005569458,1.517300009727478,1.47160005569458,1.5099999904632568,5800,0.0,0.0
2023-02-16 00:00:00-05:00,1.5,1.649999976158142,1.5,1.6200000047683716,72400,0.0,0.0
2023-02-17 00:00:00-05:00,1.5700000524520874,1.690000057220459,1.5700000524520874,1.6799999475479126,38100,0.0,0.0
2023-02-21 00:00:00-05:00,1.6449999809265137,1.649999976158142,1.600000023841858,1.6200000047683716,28300,0.0,0.0
2023-02-22 00:00:00-05:00,1.6299999952316284,1.850000023841858,1.6299999952316284,1.7799999713897705,75900,0.0,0.0
2023-02-23 00:00:00-05:00,1.8300000429153442,1.850000023841858,1.7200000286102295,1.7300000190734863,27900,0.0,0.0
2023-02-24 00:00:00-05:00,1.7000000476837158,1.7400000095367432,1.6799999475479126,1.7100000381469727,13300,0.0,0.0
2023-02-27 00:00:00-05:00,1.690000057220459,1.7599999904632568,1.688099980354309,1.690000057220459,43300,0.0,0.0
2023-02-28 00:00:00-05:00,1.784999966621399,1.784999966621399,1.7000000476837158,1.7300000190734863,7800,0.0,0.0
2023-03-01 00:00:00-05:00,1.7400000095367432,1.8100999593734741,1.7400000095367432,1.7699999809265137,11700,0.0,0.0
2023-03-02 00:00:00-05:00,1.76010000705719,1.8200000524520874,1.76010000705719,1.809999942779541,10900,0.0,0.0
2023-03-03 00:00:00-05:00,1.7999999523162842,1.809999942779541,1.7599999904632568,1.7699999809265137,10800,0.0,0.0
2023-03-06 00:00:00-05:00,1.7999999523162842,1.809999942779541,1.7350000143051147,1.7799999713897705,10000,0.0,0.0
2023-03-07 00:00:00-05:00,1.7999999523162842,1.7999999523162842,1.7400000095367432,1.7599999904632568,16200,0.0,0.0
2023-03-08 00:00:00-05:00,1.7898999452590942,1.8600000143051147,1.7855000495910645,1.8300000429153442,24900,0.0,0.0
2023-03-09 00:00:00-05:00,1.809999942779541,1.850000023841858,1.7300000190734863,1.7300000190734863,34800,0.0,0.0
2023-03-10 00:00:00-05:00,1.7200000286102295,1.7699999809265137,1.6100000143051147,1.690000057220459,62700,0.0,0.0
2023-03-13 00:00:00-04:00,1.6449999809265137,1.7999000549316406,1.6100000143051147,1.7400000095367432,34300,0.0,0.0
2023-03-14 00:00:00-04:00,1.7400000095367432,1.899999976158142,1.7400000095367432,1.8200000524520874,23300,0.0,0.0
2023-03-15 00:00:00-04:00,1.7799999713897705,1.850000023841858,1.7599999904632568,1.7799999713897705,9600,0.0,0.0
2023-03-16 00:00:00-04:00,1.7999999523162842,1.899999976158142,1.7999999523162842,1.8899999856948853,24400,0.0,0.0
2023-03-17 00:00:00-04:00,1.8799999952316284,1.8799999952316284,1.7649999856948853,1.7999999523162842,7500,0.0,0.0
2023-03-20 00:00:00-04:00,1.7799999713897705,1.7799999713897705,1.7000000476837158,1.75,23500,0.0,0.0
2023-03-21 00:00:00-04:00,1.7400000095367432,1.7799999713897705,1.6713999509811401,1.7200000286102295,16700,0.0,0.0
2023-03-22 00:00:00-04:00,1.670199990272522,1.7200000286102295,1.600000023841858,1.600000023841858,29200,0.0,0.0
2023-03-23 00:00:00-04:00,1.600000023841858,1.6195000410079956,1.4700000286102295,1.5099999904632568,58000,0.0,0.0
2023-03-24 00:00:00-04:00,1.5299999713897705,1.590000033378601,1.465000033378601,1.590000033378601,15800,0.0,0.0
2023-03-27 00:00:00-04:00,1.5399999618530273,1.5549999475479126,1.5099999904632568,1.5549999475479126,4700,0.0,0.0
2023-03-28 00:00:00-04:00,1.5199999809265137,1.690000057220459,1.5199999809265137,1.5199999809265137,13600,0.0,0.0
2023-03-29 00:00:00-04:00,1.6200000047683716,1.6200000047683716,1.4700000286102295,1.4700000286102295,37800,0.0,0.0
2023-03-30 00:00:00-04:00,1.4700000286102295,1.5700000524520874,1.4700000286102295,1.5,6200,0.0,0.0
2023-03-31 00:00:00-04:00,1.4917000532150269,1.5299999713897705,1.4600000381469727,1.5299999713897705,16400,0.0,0.0
2023-04-03 00:00:00-04:00,1.5499999523162842,1.649999976158142,1.5499999523162842,1.600000023841858,10000,0.0,0.0
2023-04-04 00:00:00-04:00,1.5499999523162842,1.6399999856948853,1.4800000190734863,1.6299999952316284,60600,0.0,0.0
2023-04-05 00:00:00-04:00,1.6299999952316284,1.6399999856948853,1.5499999523162842,1.5499999523162842,17600,0.0,0.0
2023-04-06 00:00:00-04:00,1.590000033378601,1.649999976158142,1.590000033378601,1.6200000047683716,15800,0.0,0.0
2023-04-10 00:00:00-04:00,1.5800000429153442,1.6200000047683716,1.503999948501587,1.5700000524520874,23700,0.0,0.0
2023-04-11 00:00:00-04:00,1.5800000429153442,1.6376999616622925,1.5299999713897705,1.6200000047683716,30600,0.0,0.0
2023-04-12 00:00:00-04:00,1.75,1.850000023841858,1.6950000524520874,1.7000000476837158,70200,0.0,0.0
2023-04-13 00:00:00-04:00,1.75,1.7899999618530273,1.6699999570846558,1.7000000476837158,40600,0.0,0.0
2023-04-14 00:00:00-04:00,1.7300000190734863,1.7300000190734863,1.5750000476837158,1.600000023841858,39600,0.0,0.0
2023-04-17 00:00:00-04:00,1.649999976158142,1.649999976158142,1.600000023841858,1.6200000047683716,15100,0.0,0.0
2023-04-18 00:00:00-04:00,1.600000023841858,1.7581000328063965,1.600000023841858,1.7200000286102295,12100,0.0,0.0
2023-04-19 00:00:00-04:00,1.7100000381469727,1.7483999729156494,1.690000057220459,1.7100000381469727,11700,0.0,0.0
2023-04-20 00:00:00-04:00,1.6778000593185425,1.7400000095367432,1.6660000085830688,1.7300000190734863,12400,0.0,0.0
2023-04-21 00:00:00-04:00,1.7100000381469727,1.7273000478744507,1.659999966621399,1.7200000286102295,6300,0.0,0.0
2023-04-24 00:00:00-04:00,1.6100000143051147,1.7400000095367432,1.6100000143051147,1.6200000047683716,32200,0.0,0.0
2023-04-25 00:00:00-04:00,1.6100000143051147,1.6200000047683716,1.5,1.5299999713897705,16900,0.0,0.0
2023-04-26 00:00:00-04:00,1.52839994430542,1.600000023841858,1.52839994430542,1.5800000429153442,32100,0.0,0.0
2023-04-27 00:00:00-04:00,1.5299999713897705,1.600000023841858,1.5299999713897705,1.590000033378601,19000,0.0,0.0
2023-04-28 00:00:00-04:00,1.6100000143051147,1.6299999952316284,1.5334999561309814,1.6299999952316284,20100,0.0,0.0
2023-05-01 00:00:00-04:00,1.7000000476837158,1.7100000381469727,1.5700000524520874,1.649999976158142,71300,0.0,0.0
2023-05-02 00:00:00-04:00,1.649999976158142,1.6699999570846558,1.590000033378601,1.6200000047683716,45300,0.0,0.0
2023-05-03 00:00:00-04:00,1.6299999952316284,1.7200000286102295,1.6299999952316284,1.6799999475479126,7400,0.0,0.0
2023-05-04 00:00:00-04:00,1.7000000476837158,1.7000000476837158,1.6399999856948853,1.6699999570846558,7400,0.0,0.0
2023-05-05 00:00:00-04:00,1.7000000476837158,1.7200000286102295,1.6399999856948853,1.659999966621399,9000,0.0,0.0
2023-05-08 00:00:00-04:00,1.7000000476837158,1.7200000286102295,1.5800000429153442,1.7200000286102295,22700,0.0,0.0
2023-05-09 00:00:00-04:00,1.690000057220459,1.690000057220459,1.600100040435791,1.6299999952316284,12500,0.0,0.0
2023-05-10 00:00:00-04:00,1.600000023841858,1.7100000381469727,1.600000023841858,1.6378999948501587,17400,0.0,0.0
2023-05-11 00:00:00-04:00,1.6200000047683716,1.7000000476837158,1.600000023841858,1.6200000047683716,13100,0.0,0.0
2023-05-12 00:00:00-04:00,1.6100000143051147,1.6299999952316284,1.5800000429153442,1.6200000047683716,12500,0.0,0.0
2023-05-15 00:00:00-04:00,1.7400000095367432,2.149899959564209,1.7200000286102295,1.9880000352859497,299000,0.0,0.0
2023-05-16 00:00:00-04:00,2.009999990463257,2.0799999237060547,1.75,1.773800015449524,81100,0.0,0.0
2023-05-17 00:00:00-04:00,1.8600000143051147,1.8799999952316284,1.7000000476837158,1.75,65500,0.0,0.0
2023-05-18 00:00:00-04:00,1.7599999904632568,2.1312999725341797,1.6699999570846558,2.1050000190734863,84400,0.0,0.0
2023-05-19 00:00:00-04:00,2.0999999046325684,2.2997000217437744,2.0754001140594482,2.25,93100,0.0,0.0
2023-05-22 00:00:00-04:00,2.450000047683716,2.880000114440918,2.3273000717163086,2.799999952316284,370300,0.0,0.0
2023-05-23 00:00:00-04:00,2.880000114440918,3.1700000762939453,2.650099992752075,2.8399999141693115,400600,0.0,0.0
2023-05-24 00:00:00-04:00,2.6700000762939453,2.9000000953674316,2.509999990463257,2.759999990463257,214300,0.0,0.0
2023-05-25 00:00:00-04:00,2.5999999046325684,2.799999952316284,2.5999999046325684,2.759999990463257,60200,0.0,0.0
2023-05-26 00:00:00-04:00,2.7300000190734863,2.8499999046325684,2.7100000381469727,2.75,40100,0.0,0.0
2023-05-30 00:00:00-04:00,3.0199999809265137,3.0199999809265137,2.7200000286102295,2.809999942779541,76100,0.0,0.0
2023-05-31 00:00:00-04:00,2.8299999237060547,2.8299999237060547,2.549999952316284,2.7300000190734863,49600,0.0,0.0
2023-06-01 00:00:00-04:00,2.7699999809265137,2.7699999809265137,2.6600000858306885,2.7300000190734863,23000,0.0,0.0
2023-06-02 00:00:00-04:00,2.740000009536743,2.7400999069213867,2.5999999046325684,2.5999999046325684,58300,0.0,0.0
2023-06-05 00:00:00-04:00,2.5999999046325684,2.740000009536743,2.5399999618530273,2.700000047683716,47700,0.0,0.0
2023-06-06 00:00:00-04:00,2.700000047683716,3.009999990463257,2.700000047683716,2.9200000762939453,153700,0.0,0.0
2023-06-07 00:00:00-04:00,2.9800000190734863,3.119999885559082,2.9274001121520996,3.049999952316284,202700,0.0,0.0
2023-06-08 00:00:00-04:00,3.140000104904175,3.4798998832702637,3.0999999046325684,3.2300000190734863,241000,0.0,0.0
2023-06-09 00:00:00-04:00,3.2200000286102295,3.450000047683716,3.140000104904175,3.140000104904175,119100,0.0,0.0
2023-06-12 00:00:00-04:00,3.140000104904175,3.309999942779541,2.8499999046325684,2.9700000286102295,218200,0.0,0.0
2023-06-13 00:00:00-04:00,3.0,3.309999942779541,3.0,3.25,44000,0.0,0.0
2023-06-14 00:00:00-04:00,3.3499999046325684,3.3850998878479004,3.1600000858306885,3.1600000858306885,64000,0.0,0.0
2023-06-15 00:00:00-04:00,3.0899999141693115,3.390000104904175,3.0399999618530273,3.180000066757202,63100,0.0,0.0
2023-06-16 00:00:00-04:00,3.180000066757202,3.6700000762939453,3.1577000617980957,3.5,190400,0.0,0.0
2023-06-20 00:00:00-04:00,3.700000047683716,4.049900054931641,3.5000998973846436,3.9100000858306885,263700,0.0,0.0
2023-06-21 00:00:00-04:00,3.9100000858306885,3.9100000858306885,3.549999952316284,3.640000104904175,905600,0.0,0.0
2023-06-22 00:00:00-04:00,3.8499999046325684,4.156700134277344,3.640000104904175,4.050000190734863,399500,0.0,0.0
2023-06-23 00:00:00-04:00,4.050000190734863,4.260000228881836,3.869999885559082,4.25,343800,0.0,0.0
2023-06-26 00:00:00-04:00,4.300000190734863,4.75,4.260000228881836,4.400000095367432,351400,0.0,0.0
2023-06-27 00:00:00-04:00,4.420000076293945,4.420000076293945,4.166299819946289,4.25,568700,0.0,0.0
2023-06-28 00:00:00-04:00,4.360000133514404,4.489999771118164,4.139999866485596,4.21999979019165,171600,0.0,0.0
2023-06-29 00:00:00-04:00,4.25,4.300000190734863,4.090000152587891,4.239999771118164,122300,0.0,0.0
2023-06-30 00:00:00-04:00,4.309999942779541,4.400000095367432,4.145899772644043,4.320000171661377,128200,0.0,0.0
2023-07-03 00:00:00-04:00,4.340000152587891,4.449999809265137,4.200099945068359,4.400000095367432,120100,0.0,0.0
2023-07-05 00:00:00-04:00,4.329999923706055,4.400000095367432,3.8201000690460205,3.940000057220459,320200,0.0,0.0
2023-07-06 00:00:00-04:00,4.050000190734863,4.250199794769287,4.001800060272217,4.039999961853027,190900,0.0,0.0
2023-07-07 00:00:00-04:00,4.050000190734863,4.050000190734863,3.8101000785827637,3.930000066757202,190000,0.0,0.0
2023-07-10 00:00:00-04:00,3.990000009536743,4.130000114440918,3.549999952316284,3.700000047683716,196900,0.0,0.0
2023-07-11 00:00:00-04:00,3.6600000858306885,3.7100000381469727,3.440000057220459,3.5399999618530273,257600,0.0,0.0
2023-07-12 00:00:00-04:00,3.559999942779541,3.880000114440918,3.549999952316284,3.799999952316284,156300,0.0,0.0
2023-07-13 00:00:00-04:00,3.859999895095825,4.03000020980835,3.7799999713897705,3.9000000953674316,192600,0.0,0.0
2023-07-14 00:00:00-04:00,3.950000047683716,3.950000047683716,3.630000114440918,3.7799999713897705,144000,0.0,0.0
2023-07-17 00:00:00-04:00,3.759999990463257,4.150000095367432,3.759999990463257,4.090000152587891,218900,0.0,0.0
2023-07-18 00:00:00-04:00,4.090000152587891,4.329999923706055,3.869999885559082,3.930000066757202,186000,0.0,0.0
2023-07-19 00:00:00-04:00,3.9100000858306885,4.068600177764893,3.75,3.75,133900,0.0,0.0
2023-07-20 00:00:00-04:00,3.8499999046325684,4.047599792480469,3.6405999660491943,3.700000047683716,79500,0.0,0.0
2023-07-21 00:00:00-04:00,3.7300000190734863,3.805000066757202,3.5483999252319336,3.609999895095825,161700,0.0,0.0
2023-07-24 00:00:00-04:00,3.5899999141693115,3.6700000762939453,3.4700000286102295,3.4700000286102295,141600,0.0,0.0
2023-07-25 00:00:00-04:00,3.4700000286102295,3.5999999046325684,3.130000114440918,3.240000009536743,326100,0.0,0.0
2023-07-26 00:00:00-04:00,3.190000057220459,3.380000114440918,3.0,3.309999942779541,179300,0.0,0.0
2023-07-27 00:00:00-04:00,3.3299999237060547,3.398400068283081,3.160099983215332,3.265000104904175,69100,0.0,0.0
2023-07-28 00:00:00-04:00,3.2200000286102295,3.4679999351501465,3.1500000953674316,3.3299999237060547,122000,0.0,0.0
2023-07-31 00:00:00-04:00,3.3299999237060547,3.5,3.319999933242798,3.380000114440918,99400,0.0,0.0
2023-08-01 00:00:00-04:00,3.359999895095825,3.4100000858306885,3.090100049972534,3.259999990463257,80900,0.0,0.0
2023-08-02 00:00:00-04:00,3.299999952316284,3.4660000801086426,3.109999895095825,3.240000009536743,47400,0.0,0.0
2023-08-03 00:00:00-04:00,3.2200000286102295,3.2200000286102295,2.8499999046325684,2.930000066757202,181000,0.0,0.0
2023-08-04 00:00:00-04:00,2.930000066757202,2.990000009536743,2.6600000858306885,2.680000066757202,244500,0.0,0.0
2023-08-07 00:00:00-04:00,2.7200000286102295,3.049999952316284,2.680000066757202,2.9600000381469727,135900,0.0,0.0
2023-08-08 00:00:00-04:00,3.069999933242798,3.1449999809265137,3.0000998973846436,3.0899999141693115,59600,0.0,0.0
2023-08-09 00:00:00-04:00,3.0999999046325684,3.0999999046325684,2.9000000953674316,2.940000057220459,71700,0.0,0.0
2023-08-10 00:00:00-04:00,2.8299999237060547,2.9423000812530518,2.759999990463257,2.7899999618530273,71800,0.0,0.0
2023-08-11 00:00:00-04:00,2.75,2.819999933242798,2.75,2.799999952316284,34200,0.0,0.0
2023-08-14 00:00:00-04:00,2.759999990463257,2.880000114440918,2.752000093460083,2.8399999141693115,117700,0.0,0.0
2023-08-15 00:00:00-04:00,2.7200000286102295,3.0899999141693115,2.7100000381469727,2.9649999141693115,136600,0.0,0.0
2023-08-16 00:00:00-04:00,2.990000009536743,3.0999999046325684,2.910099983215332,3.0799999237060547,62200,0.0,0.0
2023-08-17 00:00:00-04:00,3.0999999046325684,3.109999895095825,2.7799999713897705,2.8399999141693115,78800,0.0,0.0
2023-08-18 00:00:00-04:00,2.819999933242798,2.9800000190734863,2.7799999713897705,2.869999885559082,65400,0.0,0.0
2023-08-21 00:00:00-04:00,2.9000000953674316,3.0299999713897705,2.824399948120117,2.9200000762939453,29800,0.0,0.0
2023-08-22 00:00:00-04:00,2.9200000762939453,3.0,2.8499999046325684,2.880000114440918,59300,0.0,0.0
2023-08-23 00:00:00-04:00,2.799999952316284,3.015399932861328,2.799999952316284,2.9100000858306885,35400,0.0,0.0
2023-08-24 00:00:00-04:00,2.8801000118255615,3.0,2.8801000118255615,2.990000009536743,29700,0.0,0.0
2023-08-25 00:00:00-04:00,2.990000009536743,3.0250000953674316,2.799999952316284,2.869999885559082,82700,0.0,0.0
2023-08-28 00:00:00-04:00,2.8499999046325684,3.059999942779541,2.8499999046325684,2.9100000858306885,38700,0.0,0.0
2023-08-29 00:00:00-04:00,2.9100000858306885,3.0399999618530273,2.867300033569336,2.950000047683716,20300,0.0,0.0
2023-08-30 00:00:00-04:00,2.9700000286102295,2.990000009536743,2.9000000953674316,2.950000047683716,34800,0.0,0.0
2023-08-31 00:00:00-04:00,2.950000047683716,3.0899999141693115,2.940000057220459,2.950000047683716,54600,0.0,0.0
2023-09-01 00:00:00-04:00,2.950000047683716,3.1500000953674316,2.930000066757202,3.059999942779541,83800,0.0,0.0
2023-09-05 00:00:00-04:00,3.1600000858306885,3.3499999046325684,3.0999999046325684,3.3299999237060547,81200,0.0,0.0
2023-09-06 00:00:00-04:00,3.4000000953674316,3.4000000953674316,3.200000047683716,3.380000114440918,60000,0.0,0.0
2023-09-07 00:00:00-04:00,3.409899950027466,3.409899950027466,3.2200000286102295,3.3299999237060547,43000,0.0,0.0
2023-09-08 00:00:00-04:00,3.3299999237060547,3.3949999809265137,3.25,3.3299999237060547,25000,0.0,0.0
2023-09-11 00:00:00-04:00,3.3299999237060547,3.4800000190734863,3.3299999237060547,3.430000066757202,96500,0.0,0.0
2023-09-12 00:00:00-04:00,3.4000000953674316,3.4700000286102295,3.1700000762939453,3.2799999713897705,49800,0.0,0.0
2023-09-13 00:00:00-04:00,3.25,3.319999933242798,3.180000066757202,3.240000009536743,55000,0.0,0.0
2023-09-14 00:00:00-04:00,3.309999942779541,3.549999952316284,3.2074999809265137,3.25,33600,0.0,0.0
2023-09-15 00:00:00-04:00,3.259999990463257,3.259999990463257,3.0999999046325684,3.240000009536743,206900,0.0,0.0
2023-09-18 00:00:00-04:00,3.1700000762939453,3.240000009536743,2.869999885559082,3.009999990463257,60700,0.0,0.0
2023-09-19 00:00:00-04:00,3.0,3.0999999046325684,2.890000104904175,3.009999990463257,77800,0.0,0.0
2023-09-20 00:00:00-04:00,3.009999990463257,3.059999942779541,2.9700000286102295,2.9800000190734863,67300,0.0,0.0
2023-09-21 00:00:00-04:00,3.0199999809265137,3.0550999641418457,2.9100000858306885,3.0,44600,0.0,0.0
2023-09-22 00:00:00-04:00,2.940000057220459,3.0299999713897705,2.7100000381469727,2.799999952316284,103400,0.0,0.0
2023-09-25 00:00:00-04:00,2.7799999713897705,2.8450000286102295,2.484999895095825,2.559999942779541,183300,0.0,0.0
2023-09-26 00:00:00-04:00,2.559999942779541,2.9899001121520996,2.440000057220459,2.619999885559082,100500,0.0,0.0
2023-09-27 00:00:00-04:00,2.609999895095825,2.704900026321411,2.559999942779541,2.609999895095825,47800,0.0,0.0
2023-09-28 00:00:00-04:00,2.6700000762939453,2.7100000381469727,2.5799999237060547,2.5799999237060547,45600,0.0,0.0
2023-09-29 00:00:00-04:00,2.640000104904175,2.700000047683716,2.5199999809265137,2.5799999237060547,35900,0.0,0.0
2023-10-02 00:00:00-04:00,2.5299999713897705,2.6050000190734863,2.450000047683716,2.490000009536743,45700,0.0,0.0
2023-10-03 00:00:00-04:00,2.4700000286102295,2.5,2.2200000286102295,2.319999933242798,56200,0.0,0.0
2023-10-04 00:00:00-04:00,2.3399999141693115,2.399899959564209,2.25,2.3499999046325684,54200,0.0,0.0
2023-10-05 00:00:00-04:00,2.3389999866485596,2.365000009536743,2.309999942779541,2.309999942779541,45000,0.0,0.0
2023-10-06 00:00:00-04:00,2.390000104904175,2.390000104904175,2.2200000286102295,2.259999990463257,74400,0.0,0.0
2023-10-09 00:00:00-04:00,2.2799999713897705,2.2999000549316406,2.1500000953674316,2.240000009536743,86400,0.0,0.0
2023-10-10 00:00:00-04:00,2.2100000381469727,2.3399999141693115,2.200000047683716,2.240000009536743,30000,0.0,0.0
2023-10-11 00:00:00-04:00,2.2200000286102295,2.2799999713897705,2.1700000762939453,2.2300000190734863,46800,0.0,0.0
2023-10-12 00:00:00-04:00,2.25,2.25,1.9381999969482422,2.119999885559082,88100,0.0,0.0
2023-10-13 00:00:00-04:00,2.1500000953674316,2.1500000953674316,2.049999952316284,2.049999952316284,21500,0.0,0.0
2023-10-16 00:00:00-04:00,2.049999952316284,2.2200000286102295,2.049999952316284,2.130000114440918,62300,0.0,0.0
2023-10-17 00:00:00-04:00,2.130000114440918,2.2200000286102295,2.115000009536743,2.1700000762939453,33200,0.0,0.0
2023-10-18 00:00:00-04:00,2.1449999809265137,2.2100000381469727,2.059999942779541,2.130000114440918,47100,0.0,0.0
2023-10-19 00:00:00-04:00,2.119999885559082,2.2200000286102295,2.0761001110076904,2.0899999141693115,78100,0.0,0.0
2023-10-20 00:00:00-04:00,2.049999952316284,2.1600000858306885,2.049999952316284,2.1500000953674316,38100,0.0,0.0
2023-10-23 00:00:00-04:00,2.130000114440918,2.200000047683716,2.059999942779541,2.200000047683716,31000,0.0,0.0
2023-10-24 00:00:00-04:00,2.194499969482422,2.299999952316284,2.194499969482422,2.259999990463257,28600,0.0,0.0
2023-10-25 00:00:00-04:00,2.359999895095825,2.359999895095825,2.180000066757202,2.299999952316284,58800,0.0,0.0
2023-10-26 00:00:00-04:00,2.2899999618530273,2.359499931335449,2.049999952316284,2.0950000286102295,86500,0.0,0.0
2023-10-27 00:00:00-04:00,2.1700000762939453,2.208899974822998,2.0899999141693115,2.1500000953674316,36800,0.0,0.0
2023-10-30 00:00:00-04:00,2.119999885559082,2.369999885559082,2.119999885559082,2.1500000953674316,50100,0.0,0.0
2023-10-31 00:00:00-04:00,2.190000057220459,2.236999988555908,2.0999999046325684,2.180000066757202,31300,0.0,0.0
2023-11-01 00:00:00-04:00,2.1600000858306885,2.309999942779541,2.1600000858306885,2.2799999713897705,27500,0.0,0.0
2023-11-02 00:00:00-04:00,2.2100000381469727,2.390000104904175,2.2100000381469727,2.2799999713897705,53000,0.0,0.0
2023-11-03 00:00:00-04:00,2.5999999046325684,2.759999990463257,2.3150999546051025,2.5399999618530273,119100,0.0,0.0
2023-11-06 00:00:00-05:00,2.5199999809265137,2.680000066757202,2.4200000762939453,2.5199999809265137,30700,0.0,0.0
2023-11-07 00:00:00-05:00,2.559999942779541,2.569999933242798,2.400099992752075,2.4600000381469727,16400,0.0,0.0
2023-11-08 00:00:00-05:00,2.40910005569458,2.4149999618530273,2.2255001068115234,2.369999885559082,30600,0.0,0.0
2023-11-09 00:00:00-05:00,2.299999952316284,2.390000104904175,2.240000009536743,2.3499999046325684,92800,0.0,0.0
2023-11-10 00:00:00-05:00,2.299999952316284,2.5399999618530273,2.1600000858306885,2.359999895095825,107900,0.0,0.0
2023-11-13 00:00:00-05:00,2.440000057220459,2.5,2.2899999618530273,2.3399999141693115,26600,0.0,0.0
2023-11-14 00:00:00-05:00,2.119999885559082,2.748699903488159,2.119999885559082,2.5,133000,0.0,0.0
2023-11-15 00:00:00-05:00,2.440000057220459,2.6500000953674316,2.325000047683716,2.450000047683716,54100,0.0,0.0
2023-11-16 00:00:00-05:00,2.450000047683716,2.5,2.313999891281128,2.380000114440918,29900,0.0,0.0
2023-11-17 00:00:00-05:00,2.430000066757202,2.490000009536743,2.380000114440918,2.490000009536743,15300,0.0,0.0
2023-11-20 00:00:00-05:00,2.509999990463257,2.640000104904175,2.4100000858306885,2.4200000762939453,106900,0.0,0.0
2023-11-21 00:00:00-05:00,2.359999895095825,2.5999999046325684,2.359999895095825,2.490000009536743,96400,0.0,0.0
2023-11-22 00:00:00-05:00,2.4600000381469727,2.6549999713897705,2.450000047683716,2.590100049972534,98000,0.0,0.0
2023-11-24 00:00:00-05:00,2.5199999809265137,2.7300000190734863,2.4200000762939453,2.630000114440918,6800,0.0,0.0
2023-11-27 00:00:00-05:00,2.609999895095825,2.75,2.569999933242798,2.619999885559082,24700,0.0,0.0
2023-11-28 00:00:00-05:00,2.549999952316284,2.8517000675201416,2.509999990463257,2.680000066757202,38600,0.0,0.0
2023-11-29 00:00:00-05:00,2.6549999713897705,2.7300000190734863,2.4600000381469727,2.5,54900,0.0,0.0
2023-11-30 00:00:00-05:00,2.549999952316284,2.549999952316284,2.359999895095825,2.440000057220459,47500,0.0,0.0
2023-12-01 00:00:00-05:00,2.440000057220459,2.5899999141693115,2.343100070953369,2.5899999141693115,31200,0.0,0.0
2023-12-04 00:00:00-05:00,2.5299999713897705,2.680000066757202,2.5299999713897705,2.6600000858306885,27100,0.0,0.0
2023-12-05 00:00:00-05:00,2.7100000381469727,2.7100000381469727,2.569999933242798,2.5799999237060547,22500,0.0,0.0
2023-12-06 00:00:00-05:00,2.7100000381469727,2.969899892807007,2.5799999237060547,2.819999933242798,107700,0.0,0.0
2023-12-07 00:00:00-05:00,2.7699999809265137,3.0,2.759999990463257,2.8399999141693115,41400,0.0,0.0
2023-12-08 00:00:00-05:00,2.9200000762939453,2.9600000381469727,2.730600118637085,2.9200000762939453,43400,0.0,0.0
2023-12-11 00:00:00-05:00,2.990000009536743,2.990000009536743,2.8299999237060547,2.8299999237060547,34400,0.0,0.0
2023-12-12 00:00:00-05:00,2.7799999713897705,2.833400011062622,2.5799999237060547,2.5799999237060547,63400,0.0,0.0
2023-12-13 00:00:00-05:00,2.559999942779541,2.740000009536743,2.549999952316284,2.6600000858306885,21600,0.0,0.0
2023-12-14 00:00:00-05:00,2.740000009536743,3.059999942779541,2.700000047683716,2.990000009536743,63800,0.0,0.0
2023-12-15 00:00:00-05:00,3.069999933242798,3.069999933242798,2.619999885559082,2.75,91200,0.0,0.0
2023-12-18 00:00:00-05:00,2.7100000381469727,2.8399999141693115,2.5999999046325684,2.75,36700,0.0,0.0
2023-12-19 00:00:00-05:00,2.75,2.928100109100342,2.740000009536743,2.7899999618530273,20200,0.0,0.0
2023-12-20 00:00:00-05:00,2.825000047683716,2.825000047683716,2.609999895095825,2.6600000858306885,49000,0.0,0.0
2023-12-21 00:00:00-05:00,2.6600000858306885,2.8299999237060547,2.630000114440918,2.819999933242798,43300,0.0,0.0
2023-12-22 00:00:00-05:00,2.8499999046325684,2.894399881362915,2.740000009536743,2.8499999046325684,21600,0.0,0.0
2023-12-26 00:00:00-05:00,2.7899999618530273,2.9700000286102295,2.7699999809265137,2.8299999237060547,44800,0.0,0.0
2023-12-27 00:00:00-05:00,2.7899999618530273,3.0,2.770400047302246,2.890000104904175,63700,0.0,0.0
2023-12-28 00:00:00-05:00,2.908099889755249,3.0299999713897705,2.880000114440918,2.9100000858306885,44800,0.0,0.0
2023-12-29 00:00:00-05:00,2.930000066757202,2.9800000190734863,2.819999933242798,2.8399999141693115,37100,0.0,0.0
2024-01-02 00:00:00-05:00,2.8399999141693115,2.9100000858306885,2.7699999809265137,2.8299999237060547,21200,0.0,0.0
2024-01-03 00:00:00-05:00,2.7699999809265137,2.9000000953674316,2.7699999809265137,2.9000000953674316,26800,0.0,0.0
2024-01-04 00:00:00-05:00,2.8355000019073486,2.899899959564209,2.8299999237060547,2.880000114440918,24300,0.0,0.0
2024-01-05 00:00:00-05:00,2.8399999141693115,2.9000000953674316,2.8299999237060547,2.859999895095825,43500,0.0,0.0
2024-01-08 00:00:00-05:00,2.890000104904175,2.9600000381469727,2.619999885559082,2.9600000381469727,28400,0.0,0.0
2024-01-09 00:00:00-05:00,2.940000057220459,3.049999952316284,2.880000114440918,2.940000057220459,64500,0.0,0.0
2024-01-10 00:00:00-05:00,2.890000104904175,2.990000009536743,2.890000104904175,2.990000009536743,20100,0.0,0.0
2024-01-11 00:00:00-05:00,3.0,3.0399999618530273,2.9375998973846436,2.9800000190734863,66800,0.0,0.0
2024-01-12 00:00:00-05:00,3.0799999237060547,3.0799999237060547,2.9800000190734863,2.990000009536743,38800,0.0,0.0
2024-01-16 00:00:00-05:00,2.9200000762939453,2.930000066757202,2.8399999141693115,2.859999895095825,27400,0.0,0.0
2024-01-17 00:00:00-05:00,2.7899999618530273,2.889899969100952,2.7300000190734863,2.759999990463257,277400,0.0,0.0
2024-01-18 00:00:00-05:00,2.7699999809265137,2.8645999431610107,2.7699999809265137,2.8499999046325684,9300,0.0,0.0
2024-01-19 00:00:00-05:00,2.799999952316284,2.859999895095825,2.799999952316284,2.819999933242798,5800,0.0,0.0
2024-01-22 00:00:00-05:00,2.799999952316284,2.859999895095825,2.7300000190734863,2.7899999618530273,44300,0.0,0.0
2024-01-23 00:00:00-05:00,2.8299999237060547,2.8754000663757324,2.5799999237060547,2.5799999237060547,43600,0.0,0.0
2024-01-24 00:00:00-05:00,2.7100000381469727,2.7200000286102295,2.639899969100952,2.680000066757202,26200,0.0,0.0
2024-01-25 00:00:00-05:00,2.680000066757202,2.7200000286102295,2.619999885559082,2.680000066757202,32200,0.0,0.0
2024-01-26 00:00:00-05:00,2.7288999557495117,2.7288999557495117,2.5999999046325684,2.6700000762939453,14600,0.0,0.0
2024-01-29 00:00:00-05:00,2.680000066757202,2.680000066757202,2.569999933242798,2.640000104904175,18100,0.0,0.0
2024-01-30 00:00:00-05:00,2.6700000762939453,2.8550000190734863,2.5889999866485596,2.7699999809265137,75600,0.0,0.0
2024-01-31 00:00:00-05:00,2.809999942779541,2.950000047683716,2.75,2.819999933242798,42400,0.0,0.0
2024-02-01 00:00:00-05:00,2.859999895095825,3.0,2.7400999069213867,3.0,51800,0.0,0.0
2024-02-02 00:00:00-05:00,3.119999885559082,3.130000114440918,2.940000057220459,3.0,42000,0.0,0.0
2024-02-05 00:00:00-05:00,2.9100000858306885,2.996999979019165,2.8499999046325684,2.9200000762939453,34600,0.0,0.0
2024-02-06 00:00:00-05:00,2.859999895095825,3.3001999855041504,2.859999895095825,3.2100000381469727,88700,0.0,0.0
2024-02-07 00:00:00-05:00,3.2799999713897705,3.2799999713897705,3.049999952316284,3.0999999046325684,34000,0.0,0.0
2024-02-08 00:00:00-05:00,3.0999999046325684,3.2200000286102295,3.0601000785827637,3.180000066757202,23700,0.0,0.0
2024-02-09 00:00:00-05:00,3.2300000190734863,3.25570011138916,3.109999895095825,3.2300000190734863,30000,0.0,0.0
2024-02-12 00:00:00-05:00,3.259999990463257,3.259999990463257,3.13070011138916,3.1500000953674316,28000,0.0,0.0
2024-02-13 00:00:00-05:00,3.069999933242798,3.180000066757202,2.933799982070923,2.944999933242798,63800,0.0,0.0
2024-02-14 00:00:00-05:00,3.0,3.0,2.9200000762939453,2.950000047683716,43300,0.0,0.0
2024-02-15 00:00:00-05:00,3.015000104904175,3.049999952316284,2.921999931335449,3.0,18500,0.0,0.0
2024-02-16 00:00:00-05:00,3.0113000869750977,3.0113000869750977,2.9100000858306885,2.930000066757202,30400,0.0,0.0
2024-02-20 00:00:00-05:00,3.009999990463257,3.009999990463257,2.8399999141693115,2.930000066757202,66600,0.0,0.0
2024-02-21 00:00:00-05:00,2.9049999713897705,2.940000057220459,2.860100030899048,2.9000000953674316,14600,0.0,0.0
2024-02-22 00:00:00-05:00,2.8949999809265137,2.9267001152038574,2.8499999046325684,2.869999885559082,14000,0.0,0.0
2024-02-23 00:00:00-05:00,2.8499999046325684,2.869999885559082,2.809999942779541,2.8299999237060547,21400,0.0,0.0
2024-02-26 00:00:00-05:00,2.7899999618530273,2.9000000953674316,2.7899999618530273,2.8399999141693115,27900,0.0,0.0
2024-02-27 00:00:00-05:00,2.8798999786376953,3.0799999237060547,2.8780999183654785,2.9700000286102295,39300,0.0,0.0
2024-02-28 00:00:00-05:00,3.0999999046325684,3.2100000381469727,2.950000047683716,3.0299999713897705,67300,0.0,0.0
2024-02-29 00:00:00-05:00,3.0199999809265137,3.0299999713897705,2.950000047683716,3.0,13000,0.0,0.0
2024-03-01 00:00:00-05:00,3.0197999477386475,3.1489999294281006,2.950000047683716,3.069999933242798,20100,0.0,0.0
2024-03-04 00:00:00-05:00,3.0,3.2699999809265137,2.990000009536743,3.2049999237060547,60500,0.0,0.0
2024-03-05 00:00:00-05:00,3.2300000190734863,3.240000009536743,3.069999933242798,3.0999999046325684,17500,0.0,0.0
2024-03-06 00:00:00-05:00,3.089900016784668,3.119999885559082,3.009999990463257,3.0199999809265137,27600,0.0,0.0
2024-03-07 00:00:00-05:00,3.0399999618530273,3.0999999046325684,3.0399999618530273,3.069999933242798,8200,0.0,0.0
2024-03-08 00:00:00-05:00,3.130000114440918,3.190000057220459,3.0497000217437744,3.059999942779541,27900,0.0,0.0
2024-03-11 00:00:00-04:00,3.009999990463257,3.1819000244140625,2.869999885559082,2.9100000858306885,21300,0.0,0.0
2024-03-12 00:00:00-04:00,2.9100000858306885,2.944999933242798,2.8499999046325684,2.890000104904175,28600,0.0,0.0
2024-03-13 00:00:00-04:00,2.8949999809265137,2.944999933242798,2.8301000595092773,2.9000000953674316,23500,0.0,0.0
2024-03-14 00:00:00-04:00,2.9000000953674316,2.9200000762939453,2.850100040435791,2.9200000762939453,15800,0.0,0.0
2024-03-15 00:00:00-04:00,2.950000047683716,3.0299999713897705,2.8603999614715576,3.0299999713897705,58200,0.0,0.0
2024-03-18 00:00:00-04:00,2.869999885559082,2.9600000381469727,2.8499999046325684,2.8499999046325684,36500,0.0,0.0
2024-03-19 00:00:00-04:00,2.7899999618530273,2.9284000396728516,2.7899999618530273,2.819999933242798,20900,0.0,0.0
2024-03-20 00:00:00-04:00,2.859999895095825,2.859999895095825,2.6600000858306885,2.7699999809265137,72200,0.0,0.0
2024-03-21 00:00:00-04:00,2.799999952316284,2.8733999729156494,2.6500000953674316,2.690000057220459,36100,0.0,0.0
2024-03-22 00:00:00-04:00,2.6700000762939453,3.3399999141693115,2.440000057220459,2.75,314800,0.0,0.0
2024-03-25 00:00:00-04:00,2.799999952316284,2.9507999420166016,2.680000066757202,2.680000066757202,20700,0.0,0.0
2024-03-26 00:00:00-04:00,2.759999990463257,2.819999933242798,2.6600000858306885,2.7200000286102295,15900,0.0,0.0
2024-03-27 00:00:00-04:00,2.740000009536743,2.7599000930786133,2.6500000953674316,2.6500000953674316,8500,0.0,0.0
2024-03-28 00:00:00-04:00,2.7300000190734863,2.809999942779541,2.7300000190734863,2.7699999809265137,20800,0.0,0.0
2024-04-01 00:00:00-04:00,2.740000009536743,2.7599000930786133,2.6735999584198,2.7300000190734863,19600,0.0,0.0
2024-04-02 00:00:00-04:00,2.7200000286102295,2.744999885559082,2.6700000762939453,2.7300000190734863,16900,0.0,0.0
2024-04-03 00:00:00-04:00,2.7300000190734863,2.819999933242798,2.700000047683716,2.799999952316284,25700,0.0,0.0
2024-04-04 00:00:00-04:00,2.819999933242798,2.950000047683716,2.700000047683716,2.950000047683716,45600,0.0,0.0
2024-04-05 00:00:00-04:00,2.950000047683716,3.200000047683716,2.869999885559082,2.9800000190734863,118500,0.0,0.0
2024-04-08 00:00:00-04:00,2.9000000953674316,2.9000000953674316,2.7699999809265137,2.7799999713897705,20600,0.0,0.0
2024-04-09 00:00:00-04:00,2.7899999618530273,2.7899999618530273,2.7100000381469727,2.7100000381469727,20700,0.0,0.0
2024-04-10 00:00:00-04:00,2.700000047683716,2.819999933242798,2.6500000953674316,2.6500000953674316,188100,0.0,0.0
2024-04-11 00:00:00-04:00,2.6700000762939453,2.6700000762939453,2.4000000953674316,2.5399999618530273,38700,0.0,0.0
2024-04-12 00:00:00-04:00,2.5399999618530273,2.569999933242798,2.410099983215332,2.430000066757202,57800,0.0,0.0
2024-04-15 00:00:00-04:00,2.359999895095825,2.416100025177002,2.2899999618530273,2.390000104904175,28600,0.0,0.0
2024-04-16 00:00:00-04:00,2.359999895095825,2.4100000858306885,2.290600061416626,2.369999885559082,16000,0.0,0.0
2024-04-17 00:00:00-04:00,2.390000104904175,2.634999990463257,2.390000104904175,2.5999999046325684,40800,0.0,0.0
2024-04-18 00:00:00-04:00,2.5450000762939453,2.609999895095825,2.450000047683716,2.490000009536743,17400,0.0,0.0
2024-04-19 00:00:00-04:00,2.490000009536743,2.5411999225616455,2.369999885559082,2.390000104904175,21000,0.0,0.0
2024-04-22 00:00:00-04:00,2.359999895095825,2.559999942779541,2.259999990463257,2.509999990463257,21200,0.0,0.0
2024-04-23 00:00:00-04:00,2.5599000453948975,2.5599000453948975,2.413100004196167,2.4200000762939453,5200,0.0,0.0
2024-04-24 00:00:00-04:00,2.5399999618530273,2.5399999618530273,2.4000000953674316,2.450000047683716,8500,0.0,0.0
2024-04-25 00:00:00-04:00,2.490000009536743,2.549999952316284,2.490000009536743,2.5299999713897705,6900,0.0,0.0
2024-04-26 00:00:00-04:00,2.509999990463257,2.5899999141693115,2.49429988861084,2.569999933242798,7800,0.0,0.0
2024-04-29 00:00:00-04:00,2.569999933242798,2.5999999046325684,2.539900064468384,2.5899999141693115,8800,0.0,0.0
2024-04-30 00:00:00-04:00,2.592600107192993,2.592600107192993,2.5199999809265137,2.5299999713897705,7600,0.0,0.0
2024-05-01 00:00:00-04:00,2.5799999237060547,2.625,2.5,2.5899999141693115,35200,0.0,0.0
2024-05-02 00:00:00-04:00,2.5999999046325684,2.630000114440918,2.575200080871582,2.630000114440918,22100,0.0,0.0
2024-05-03 00:00:00-04:00,2.6500000953674316,3.049999952316284,2.6500000953674316,3.0,102700,0.0,0.0
2024-05-06 00:00:00-04:00,3.0399999618530273,3.5399999618530273,3.0399999618530273,3.5,143900,0.0,0.0
2024-05-07 00:00:00-04:00,3.5799999237060547,3.7300000190734863,3.569999933242798,3.6600000858306885,142800,0.0,0.0
2024-05-08 00:00:00-04:00,3.619999885559082,3.6268999576568604,3.0234999656677246,3.4700000286102295,102300,0.0,0.0
2024-05-09 00:00:00-04:00,3.369999885559082,3.369999885559082,3.0000998973846436,3.25,74300,0.0,0.0
2024-05-10 00:00:00-04:00,3.2899999618530273,3.2899999618530273,3.0999999046325684,3.119999885559082,22600,0.0,0.0
2024-05-13 00:00:00-04:00,3.059999942779541,3.2300000190734863,3.005000114440918,3.190000057220459,18200,0.0,0.0
2024-05-14 00:00:00-04:00,3.1600000858306885,3.199899911880493,2.990000009536743,3.0199999809265137,24100,0.0,0.0
2024-05-15 00:00:00-04:00,3.0399999618530273,3.109999895095825,3.0,3.009999990463257,12200,0.0,0.0
2024-05-16 00:00:00-04:00,3.0,3.1700000762939453,2.972100019454956,3.1700000762939453,10100,0.0,0.0
2024-05-17 00:00:00-04:00,3.1600000858306885,3.200000047683716,3.1600000858306885,3.1700000762939453,7100,0.0,0.0
2024-05-20 00:00:00-04:00,3.200000047683716,3.2047998905181885,3.0199999809265137,3.059999942779541,6700,0.0,0.0
2024-05-21 00:00:00-04:00,3.05049991607666,3.1373000144958496,3.0,3.0399999618530273,7800,0.0,0.0
2024-05-22 00:00:00-04:00,3.0199999809265137,3.0199999809265137,2.799999952316284,2.825000047683716,18400,0.0,0.0
2024-05-23 00:00:00-04:00,2.809999942779541,2.9100000858306885,2.7799999713897705,2.8499999046325684,19700,0.0,0.0
2024-05-24 00:00:00-04:00,2.9000000953674316,2.9000000953674316,2.7799999713897705,2.880000114440918,9800,0.0,0.0
2024-05-28 00:00:00-04:00,2.859999895095825,2.8898000717163086,2.7701001167297363,2.8499999046325684,12600,0.0,0.0
2024-05-29 00:00:00-04:00,2.8499999046325684,2.9000000953674316,2.744999885559082,2.759999990463257,24600,0.0,0.0
2024-05-30 00:00:00-04:00,2.865000009536743,2.950000047683716,2.7699999809265137,2.7699999809265137,42400,0.0,0.0
2024-05-31 00:00:00-04:00,2.8299999237060547,2.9200000762939453,2.819999933242798,2.9000000953674316,8600,0.0,0.0
2024-06-03 00:00:00-04:00,2.924999952316284,2.9600000381469727,2.8701000213623047,2.950000047683716,7900,0.0,0.0
2024-06-04 00:00:00-04:00,2.880000114440918,2.880000114440918,2.799999952316284,2.819999933242798,23800,0.0,0.0
2024-06-05 00:00:00-04:00,2.869999885559082,2.9000000953674316,2.802799940109253,2.880000114440918,6800,0.0,0.0
2024-06-06 00:00:00-04:00,2.880000114440918,2.880000114440918,2.680000066757202,2.7300000190734863,35000,0.0,0.0
2024-06-07 00:00:00-04:00,2.700000047683716,2.819999933242798,2.559999942779541,2.559999942779541,24300,0.0,0.0
2024-06-10 00:00:00-04:00,2.5799999237060547,2.680000066757202,2.5799999237060547,2.5999999046325684,15200,0.0,0.0
2024-06-11 00:00:00-04:00,2.549999952316284,2.609999895095825,2.5,2.609999895095825,20800,0.0,0.0
2024-06-12 00:00:00-04:00,2.569999933242798,2.680000066757202,2.5,2.509999990463257,25200,0.0,0.0
2024-06-13 00:00:00-04:00,2.430000066757202,2.542799949645996,2.319999933242798,2.3499999046325684,65100,0.0,0.0
2024-06-14 00:00:00-04:00,2.3499999046325684,2.5,2.3399999141693115,2.4000000953674316,22200,0.0,0.0
2024-06-17 00:00:00-04:00,2.4100000858306885,2.4200000762939453,2.25,2.390000104904175,21200,0.0,0.0
2024-06-18 00:00:00-04:00,2.3598999977111816,2.440000057220459,2.299999952316284,2.319999933242798,27400,0.0,0.0
2024-06-20 00:00:00-04:00,2.3499999046325684,2.4000000953674316,2.2699999809265137,2.2799999713897705,38600,0.0,0.0
2024-06-21 00:00:00-04:00,2.3299999237060547,2.3499999046325684,2.1600000858306885,2.1600000858306885,29500,0.0,0.0
2024-06-24 00:00:00-04:00,2.140000104904175,2.2908999919891357,2.140000104904175,2.2200000286102295,28300,0.0,0.0
2024-06-25 00:00:00-04:00,2.2699999809265137,2.378000020980835,2.240000009536743,2.259999990463257,23900,0.0,0.0
2024-06-26 00:00:00-04:00,2.5799999237060547,3.240000009536743,2.490000009536743,2.9600000381469727,1179300,0.0,0.0
2024-06-27 00:00:00-04:00,2.990000009536743,3.049999952316284,2.740000009536743,3.049999952316284,77700,0.0,0.0
2024-06-28 00:00:00-04:00,3.0899999141693115,3.0899999141693115,2.875,2.950000047683716,39300,0.0,0.0
2024-07-01 00:00:00-04:00,2.950000047683716,2.950000047683716,2.6500000953674316,2.950000047683716,239800,0.0,0.0
2024-07-02 00:00:00-04:00,3.0799999237060547,3.0799999237060547,2.7200000286102295,2.799999952316284,141400,0.0,0.0
2024-07-03 00:00:00-04:00,2.809999942779541,2.950000047683716,2.799999952316284,2.890000104904175,38500,0.0,0.0
2024-07-05 00:00:00-04:00,2.9000000953674316,2.9400999546051025,2.830199956893921,2.9000000953674316,34900,0.0,0.0
2024-07-08 00:00:00-04:00,2.9000000953674316,3.190000057220459,2.8961000442504883,3.0899999141693115,112500,0.0,0.0
2024-07-09 00:00:00-04:00,3.109999895095825,3.1600000858306885,2.9800000190734863,3.0299999713897705,35000,0.0,0.0
2024-07-10 00:00:00-04:00,3.0299999713897705,3.065000057220459,2.9800000190734863,3.0,37500,0.0,0.0
2024-07-11 00:00:00-04:00,3.009999990463257,3.240000009536743,2.994800090789795,3.200000047683716,70500,0.0,0.0
2024-07-12 00:00:00-04:00,3.2100000381469727,3.49399995803833,3.109999895095825,3.4700000286102295,111700,0.0,0.0
2024-07-15 00:00:00-04:00,3.440000057220459,3.7300000190734863,3.3838999271392822,3.5799999237060547,94000,0.0,0.0
2024-07-16 00:00:00-04:00,3.549999952316284,3.5799999237060547,3.390000104904175,3.390000104904175,22100,0.0,0.0
2024-07-17 00:00:00-04:00,3.299999952316284,3.509999990463257,3.259999990463257,3.450000047683716,39100,0.0,0.0
2024-07-18 00:00:00-04:00,3.440000057220459,3.490000009536743,3.25,3.259999990463257,42800,0.0,0.0
2024-07-19 00:00:00-04:00,3.240000009536743,3.359999895095825,3.240000009536743,3.25,7700,0.0,0.0
2024-07-22 00:00:00-04:00,3.2899999618530273,3.5892999172210693,3.2899999618530273,3.490000009536743,31700,0.0,0.0
2024-07-23 00:00:00-04:00,3.4800000190734863,3.4800000190734863,3.4100000858306885,3.440000057220459,19000,0.0,0.0
2024-07-24 00:00:00-04:00,3.4200000762939453,3.8055999279022217,3.4200000762939453,3.6500000953674316,92700,0.0,0.0
2024-07-25 00:00:00-04:00,3.6600000858306885,3.7899999618530273,3.5999999046325684,3.690000057220459,56500,0.0,0.0
2024-07-26 00:00:00-04:00,3.740000009536743,3.740000009536743,3.609999895095825,3.640000104904175,28000,0.0,0.0
2024-07-29 00:00:00-04:00,3.619999885559082,3.7699999809265137,3.490000009536743,3.75,116600,0.0,0.0
2024-07-30 00:00:00-04:00,3.740000009536743,3.75,3.609999895095825,3.609999895095825,19000,0.0,0.0
2024-07-31 00:00:00-04:00,3.5299999713897705,3.640000104904175,3.2799999713897705,3.2799999713897705,80600,0.0,0.0
2024-08-01 00:00:00-04:00,3.4600000381469727,3.7200000286102295,3.359999895095825,3.450000047683716,82200,0.0,0.0
2024-08-02 00:00:00-04:00,3.380000114440918,3.4798998832702637,3.299999952316284,3.309999942779541,44000,0.0,0.0
2024-08-05 00:00:00-04:00,3.299999952316284,3.450000047683716,3.25,3.450000047683716,57200,0.0,0.0
2024-08-06 00:00:00-04:00,3.4000000953674316,3.509999990463257,3.259999990463257,3.3499999046325684,31600,0.0,0.0
2024-08-07 00:00:00-04:00,3.3933000564575195,3.449899911880493,3.25,3.25,25900,0.0,0.0
2024-08-08 00:00:00-04:00,3.2799999713897705,3.4000000953674316,3.2600998878479004,3.3499999046325684,37600,0.0,0.0
2024-08-09 00:00:00-04:00,3.390000104904175,3.6700000762939453,3.379699945449829,3.549999952316284,49000,0.0,0.0
2024-08-12 00:00:00-04:00,3.5899999141693115,3.771199941635132,3.5,3.5299999713897705,45500,0.0,0.0
2024-08-13 00:00:00-04:00,3.569999933242798,3.690000057220459,3.5,3.5799999237060547,23100,0.0,0.0
2024-08-14 00:00:00-04:00,3.5899999141693115,3.5899999141693115,3.4600000381469727,3.4800000190734863,10600,0.0,0.0
2024-08-15 00:00:00-04:00,3.5,3.5999999046325684,3.430000066757202,3.509999990463257,13500,0.0,0.0
2024-08-16 00:00:00-04:00,3.4600000381469727,3.5999999046325684,3.4600000381469727,3.5999999046325684,15600,0.0,0.0
2024-08-19 00:00:00-04:00,3.549999952316284,3.6500000953674316,3.5,3.569999933242798,52300,0.0,0.0
2024-08-20 00:00:00-04:00,3.5899999141693115,3.7100000381469727,3.5267999172210693,3.700000047683716,31500,0.0,0.0
2024-08-21 00:00:00-04:00,3.6500000953674316,3.7100000381469727,3.5999999046325684,3.700000047683716,21700,0.0,0.0
2024-08-22 00:00:00-04:00,3.759999990463257,4.039999961853027,3.7400999069213867,3.9800000190734863,123100,0.0,0.0
2024-08-23 00:00:00-04:00,3.9800000190734863,4.0,3.880000114440918,4.0,30300,0.0,0.0
2024-08-26 00:00:00-04:00,3.950000047683716,4.070000171661377,3.9100000858306885,4.070000171661377,35800,0.0,0.0
2024-08-27 00:00:00-04:00,4.059999942779541,4.059999942779541,3.819999933242798,3.950000047683716,37800,0.0,0.0
2024-08-28 00:00:00-04:00,4.0,4.039999961853027,3.934999942779541,3.990000009536743,29700,0.0,0.0
2024-08-29 00:00:00-04:00,4.0,4.0,3.940000057220459,3.940000057220459,7100,0.0,0.0
2024-08-30 00:00:00-04:00,3.950000047683716,3.9600000381469727,3.8399999141693115,3.930000066757202,14600,0.0,0.0
2024-09-03 00:00:00-04:00,4.010000228881836,4.010000228881836,3.7899999618530273,3.890000104904175,25300,0.0,0.0
2024-09-04 00:00:00-04:00,3.8399999141693115,3.990000009536743,3.8234000205993652,3.9600000381469727,10000,0.0,0.0
2024-09-05 00:00:00-04:00,3.8849000930786133,3.930000066757202,3.759999990463257,3.8499999046325684,52700,0.0,0.0
2024-09-06 00:00:00-04:00,3.819999933242798,4.070000171661377,3.799999952316284,4.03000020980835,68600,0.0,0.0
2024-09-09 00:00:00-04:00,4.070000171661377,4.53000020980835,4.019999980926514,4.139999866485596,159100,0.0,0.0
2024-09-10 00:00:00-04:00,4.150000095367432,4.190000057220459,4.050000190734863,4.190000057220459,35500,0.0,0.0
2024-09-11 00:00:00-04:00,4.139999866485596,4.489999771118164,4.139999866485596,4.380000114440918,113500,0.0,0.0
2024-09-12 00:00:00-04:00,4.320000171661377,4.399700164794922,4.199999809265137,4.289999961853027,32600,0.0,0.0
2024-09-13 00:00:00-04:00,4.340000152587891,4.949999809265137,4.230199813842773,4.5,188800,0.0,0.0
2024-09-16 00:00:00-04:00,4.539999961853027,4.71999979019165,4.453000068664551,4.489999771118164,44800,0.0,0.0
2024-09-17 00:00:00-04:00,4.5,4.53000020980835,4.349999904632568,4.349999904632568,19900,0.0,0.0
2024-09-18 00:00:00-04:00,4.357699871063232,4.480000019073486,3.983599901199341,4.130000114440918,77200,0.0,0.0
2024-09-19 00:00:00-04:00,4.159999847412109,4.199999809265137,3.990000009536743,4.039999961853027,61900,0.0,0.0
2024-09-20 00:00:00-04:00,4.079999923706055,4.130000114440918,3.994999885559082,4.130000114440918,188000,0.0,0.0
2024-09-23 00:00:00-04:00,4.099999904632568,4.179999828338623,4.010000228881836,4.010000228881836,52700,0.0,0.0
2024-09-24 00:00:00-04:00,4.039999961853027,4.162700176239014,3.859999895095825,4.03000020980835,80700,0.0,0.0
2024-09-25 00:00:00-04:00,4.099999904632568,4.25,4.090000152587891,4.139999866485596,34800,0.0,0.0
2024-09-26 00:00:00-04:00,4.150000095367432,4.309999942779541,4.150000095367432,4.300000190734863,32700,0.0,0.0
2024-09-27 00:00:00-04:00,4.222799777984619,4.289999961853027,4.159999847412109,4.179999828338623,31700,0.0,0.0
2024-09-30 00:00:00-04:00,4.150000095367432,4.300000190734863,4.150000095367432,4.190000057220459,23000,0.0,0.0
2024-10-01 00:00:00-04:00,4.170000076293945,4.230000019073486,4.110000133514404,4.230000019073486,30600,0.0,0.0
2024-10-02 00:00:00-04:00,4.179999828338623,4.474999904632568,4.179999828338623,4.449999809265137,87600,0.0,0.0
2024-10-03 00:00:00-04:00,4.449999809265137,4.449999809265137,4.360000133514404,4.389999866485596,19200,0.0,0.0
2024-10-04 00:00:00-04:00,4.460000038146973,4.460000038146973,4.220099925994873,4.360000133514404,28700,0.0,0.0
2024-10-07 00:00:00-04:00,4.460000038146973,4.460000038146973,4.320000171661377,4.369999885559082,31900,0.0,0.0
2024-10-08 00:00:00-04:00,4.464000225067139,4.667099952697754,4.409999847412109,4.650000095367432,171000,0.0,0.0
2024-10-09 00:00:00-04:00,4.730000019073486,4.769999980926514,4.400000095367432,4.5,117700,0.0,0.0
2024-10-10 00:00:00-04:00,4.5,4.53000020980835,4.360000133514404,4.420000076293945,90000,0.0,0.0
2024-10-11 00:00:00-04:00,4.409999847412109,4.488399982452393,4.179999828338623,4.25,17800,0.0,0.0
2024-10-14 00:00:00-04:00,4.300000190734863,4.5,4.260000228881836,4.460000038146973,71600,0.0,0.0
2024-10-15 00:00:00-04:00,4.489999771118164,4.5,4.380000114440918,4.449999809265137,29500,0.0,0.0
2024-10-16 00:00:00-04:00,4.427000045776367,4.445000171661377,4.360000133514404,4.400000095367432,27300,0.0,0.0
2024-10-17 00:00:00-04:00,4.360000133514404,4.360000133514404,4.269999980926514,4.289999961853027,24800,0.0,0.0
2024-10-18 00:00:00-04:00,4.248000144958496,4.360000133514404,4.210000038146973,4.340000152587891,22100,0.0,0.0
2024-10-21 00:00:00-04:00,4.289999961853027,4.300000190734863,4.228600025177002,4.289999961853027,12900,0.0,0.0
2024-10-22 00:00:00-04:00,4.269999980926514,4.300000190734863,4.213500022888184,4.300000190734863,17400,0.0,0.0
2024-10-23 00:00:00-04:00,4.300000190734863,4.480000019073486,4.224999904632568,4.380000114440918,51100,0.0,0.0
2024-10-24 00:00:00-04:00,4.309999942779541,4.355000019073486,4.159999847412109,4.335000038146973,38500,0.0,0.0
2024-10-25 00:00:00-04:00,4.340000152587891,4.425000190734863,4.264699935913086,4.389999866485596,40100,0.0,0.0
2024-10-28 00:00:00-04:00,4.389999866485596,4.4430999755859375,4.269999980926514,4.300000190734863,37700,0.0,0.0
2024-10-29 00:00:00-04:00,4.300000190734863,4.400000095367432,4.300000190734863,4.320000171661377,25000,0.0,0.0
2024-10-30 00:00:00-04:00,4.329999923706055,4.400000095367432,4.255799770355225,4.360000133514404,24100,0.0,0.0
2024-10-31 00:00:00-04:00,4.340000152587891,4.480000019073486,4.179999828338623,4.369999885559082,46300,0.0,0.0
2024-11-01 00:00:00-04:00,4.389900207519531,4.400000095367432,4.050000190734863,4.25,69400,0.0,0.0
