Date,Open,High,Low,Close,Volume,Dividends,Stock Splits
1994-04-05 00:00:00-04:00,0.10999999940395355,0.10999999940395355,0.10999999940395355,0.10999999940395355,35000,0.0,0.0
1994-04-06 00:00:00-04:00,0.10000000149011612,0.10000000149011612,0.10000000149011612,0.10000000149011612,1200,0.0,0.0
1994-04-07 00:00:00-04:00,0.10000000149011612,0.10000000149011612,0.10000000149011612,0.10000000149011612,0,0.0,0.0
1994-04-08 00:00:00-04:00,0.10000000149011612,0.10000000149011612,0.10000000149011612,0.10000000149011612,0,0.0,0.0
1994-04-11 00:00:00-04:00,0.10000000149011612,0.10000000149011612,0.10000000149011612,0.10000000149011612,0,0.0,0.0
1994-04-12 00:00:00-04:00,0.10000000149011612,0.10000000149011612,0.10000000149011612,0.10000000149011612,0,0.0,0.0
1994-04-13 00:00:00-04:00,0.10000000149011612,0.10000000149011612,0.10000000149011612,0.10000000149011612,0,0.0,0.0
1994-04-14 00:00:00-04:00,0.10000000149011612,0.10000000149011612,0.10000000149011612,0.10000000149011612,0,0.0,0.0
1994-04-15 00:00:00-04:00,0.10000000149011612,0.10000000149011612,0.10000000149011612,0.10000000149011612,0,0.0,0.0
1994-04-18 00:00:00-04:00,0.10000000149011612,0.10000000149011612,0.10000000149011612,0.10000000149011612,0,0.0,0.0
1994-04-19 00:00:00-04:00,0.10000000149011612,0.10000000149011612,0.10000000149011612,0.10000000149011612,0,0.0,0.0
1994-04-20 00:00:00-04:00,0.10000000149011612,0.10000000149011612,0.10000000149011612,0.10000000149011612,0,0.0,0.0
1994-04-21 00:00:00-04:00,0.10000000149011612,0.10000000149011612,0.10000000149011612,0.10000000149011612,30000,0.0,0.0
1994-04-22 00:00:00-04:00,0.10000000149011612,0.10000000149011612,0.10000000149011612,0.10000000149011612,0,0.0,0.0
1994-04-25 00:00:00-04:00,0.10000000149011612,0.10000000149011612,0.10000000149011612,0.10000000149011612,0,0.0,0.0
1994-04-26 00:00:00-04:00,0.10000000149011612,0.10000000149011612,0.10000000149011612,0.10000000149011612,0,0.0,0.0
1994-04-28 00:00:00-04:00,0.10000000149011612,0.10000000149011612,0.10000000149011612,0.10000000149011612,60000,0.0,0.0
1994-04-29 00:00:00-04:00,0.10000000149011612,0.10000000149011612,0.10000000149011612,0.10000000149011612,0,0.0,0.0
1994-05-02 00:00:00-04:00,0.10000000149011612,0.10000000149011612,0.10000000149011612,0.10000000149011612,0,0.0,0.0
1994-05-03 00:00:00-04:00,0.10000000149011612,0.10000000149011612,0.10000000149011612,0.10000000149011612,0,0.0,0.0
1994-05-04 00:00:00-04:00,0.10000000149011612,0.10999999940395355,0.10000000149011612,0.10999999940395355,7500,0.0,0.0
1994-05-05 00:00:00-04:00,0.10999999940395355,0.10999999940395355,0.10999999940395355,0.10999999940395355,0,0.0,0.0
1994-05-06 00:00:00-04:00,0.10999999940395355,0.10999999940395355,0.10999999940395355,0.10999999940395355,0,0.0,0.0
1994-05-09 00:00:00-04:00,0.15000000596046448,0.15000000596046448,0.15000000596046448,0.15000000596046448,4000,0.0,0.0
1994-05-10 00:00:00-04:00,0.15000000596046448,0.15000000596046448,0.15000000596046448,0.15000000596046448,0,0.0,0.0
1994-05-11 00:00:00-04:00,0.10999999940395355,0.10999999940395355,0.10999999940395355,0.10999999940395355,200,0.0,0.0
1994-05-12 00:00:00-04:00,0.10999999940395355,0.10999999940395355,0.10999999940395355,0.10999999940395355,0,0.0,0.0
1994-05-13 00:00:00-04:00,0.10999999940395355,0.10999999940395355,0.10999999940395355,0.10999999940395355,0,0.0,0.0
1994-05-16 00:00:00-04:00,0.10000000149011612,0.10000000149011612,0.10000000149011612,0.10000000149011612,8000,0.0,0.0
1994-05-17 00:00:00-04:00,0.10000000149011612,0.10000000149011612,0.10000000149011612,0.10000000149011612,0,0.0,0.0
1994-05-18 00:00:00-04:00,0.10000000149011612,0.10000000149011612,0.10000000149011612,0.10000000149011612,0,0.0,0.0
1994-05-19 00:00:00-04:00,0.10000000149011612,0.10000000149011612,0.10000000149011612,0.10000000149011612,0,0.0,0.0
1994-05-20 00:00:00-04:00,0.10000000149011612,0.10000000149011612,0.10000000149011612,0.10000000149011612,0,0.0,0.0
1994-05-23 00:00:00-04:00,0.10000000149011612,0.10000000149011612,0.10000000149011612,0.10000000149011612,0,0.0,0.0
1994-05-24 00:00:00-04:00,0.10000000149011612,0.10000000149011612,0.10000000149011612,0.10000000149011612,0,0.0,0.0
1994-05-25 00:00:00-04:00,0.10000000149011612,0.10000000149011612,0.10000000149011612,0.10000000149011612,0,0.0,0.0
1994-05-26 00:00:00-04:00,0.10000000149011612,0.10000000149011612,0.10000000149011612,0.10000000149011612,0,0.0,0.0
1994-05-27 00:00:00-04:00,0.10000000149011612,0.10000000149011612,0.10000000149011612,0.10000000149011612,20000,0.0,0.0
1994-05-31 00:00:00-04:00,0.15000000596046448,0.15000000596046448,0.15000000596046448,0.15000000596046448,10000,0.0,0.0
1994-06-01 00:00:00-04:00,0.15000000596046448,0.15000000596046448,0.15000000596046448,0.15000000596046448,0,0.0,0.0
1994-06-02 00:00:00-04:00,0.15000000596046448,0.15000000596046448,0.15000000596046448,0.15000000596046448,0,0.0,0.0
1994-06-03 00:00:00-04:00,0.15000000596046448,0.15000000596046448,0.15000000596046448,0.15000000596046448,0,0.0,0.0
1994-06-06 00:00:00-04:00,0.15000000596046448,0.15000000596046448,0.15000000596046448,0.15000000596046448,0,0.0,0.0
1994-06-07 00:00:00-04:00,0.11999999731779099,0.11999999731779099,0.11999999731779099,0.11999999731779099,10000,0.0,0.0
1994-06-08 00:00:00-04:00,0.15000000596046448,0.15000000596046448,0.15000000596046448,0.15000000596046448,5000,0.0,0.0
1994-06-09 00:00:00-04:00,0.12999999523162842,0.12999999523162842,0.12999999523162842,0.12999999523162842,10700,0.0,0.0
1994-06-10 00:00:00-04:00,0.15000000596046448,0.15000000596046448,0.15000000596046448,0.15000000596046448,1900,0.0,0.0
1994-06-13 00:00:00-04:00,0.15000000596046448,0.15000000596046448,0.15000000596046448,0.15000000596046448,0,0.0,0.0
1994-06-14 00:00:00-04:00,0.15000000596046448,0.15000000596046448,0.15000000596046448,0.15000000596046448,0,0.0,0.0
1994-06-15 00:00:00-04:00,0.15000000596046448,0.15000000596046448,0.15000000596046448,0.15000000596046448,0,0.0,0.0
1994-06-16 00:00:00-04:00,0.15000000596046448,0.15000000596046448,0.15000000596046448,0.15000000596046448,1000,0.0,0.0
1994-06-17 00:00:00-04:00,0.10999999940395355,0.10999999940395355,0.10999999940395355,0.10999999940395355,2000,0.0,0.0
1994-06-20 00:00:00-04:00,0.10999999940395355,0.10999999940395355,0.10999999940395355,0.10999999940395355,0,0.0,0.0
1994-06-21 00:00:00-04:00,0.10999999940395355,0.10999999940395355,0.10999999940395355,0.10999999940395355,9800,0.0,0.0
1994-06-22 00:00:00-04:00,0.10999999940395355,0.10999999940395355,0.10999999940395355,0.10999999940395355,0,0.0,0.0
1994-06-23 00:00:00-04:00,0.14000000059604645,0.14000000059604645,0.14000000059604645,0.14000000059604645,500,0.0,0.0
1994-06-24 00:00:00-04:00,0.14000000059604645,0.14000000059604645,0.14000000059604645,0.14000000059604645,0,0.0,0.0
1994-06-27 00:00:00-04:00,0.14000000059604645,0.14000000059604645,0.14000000059604645,0.14000000059604645,0,0.0,0.0
1994-06-28 00:00:00-04:00,0.14000000059604645,0.14000000059604645,0.14000000059604645,0.14000000059604645,0,0.0,0.0
1994-06-29 00:00:00-04:00,0.14000000059604645,0.14000000059604645,0.14000000059604645,0.14000000059604645,0,0.0,0.0
1994-06-30 00:00:00-04:00,0.10000000149011612,0.10000000149011612,0.10000000149011612,0.10000000149011612,5000,0.0,0.0
1994-07-01 00:00:00-04:00,0.10000000149011612,0.10000000149011612,0.10000000149011612,0.10000000149011612,0,0.0,0.0
1994-07-05 00:00:00-04:00,0.10000000149011612,0.10000000149011612,0.10000000149011612,0.10000000149011612,0,0.0,0.0
1994-07-06 00:00:00-04:00,0.10000000149011612,0.10000000149011612,0.10000000149011612,0.10000000149011612,0,0.0,0.0
1994-07-07 00:00:00-04:00,0.10000000149011612,0.10000000149011612,0.10000000149011612,0.10000000149011612,700,0.0,0.0
1994-07-08 00:00:00-04:00,0.10000000149011612,0.10000000149011612,0.10000000149011612,0.10000000149011612,4000,0.0,0.0
1994-07-11 00:00:00-04:00,0.07999999821186066,0.07999999821186066,0.07999999821186066,0.07999999821186066,10000,0.0,0.0
1994-07-12 00:00:00-04:00,0.07999999821186066,0.07999999821186066,0.07999999821186066,0.07999999821186066,0,0.0,0.0
1994-07-13 00:00:00-04:00,0.07999999821186066,0.07999999821186066,0.07999999821186066,0.07999999821186066,0,0.0,0.0
1994-07-14 00:00:00-04:00,0.07999999821186066,0.07999999821186066,0.07999999821186066,0.07999999821186066,0,0.0,0.0
1994-07-15 00:00:00-04:00,0.07999999821186066,0.07999999821186066,0.07999999821186066,0.07999999821186066,0,0.0,0.0
1994-07-18 00:00:00-04:00,0.07999999821186066,0.07999999821186066,0.07999999821186066,0.07999999821186066,0,0.0,0.0
1994-07-19 00:00:00-04:00,0.07999999821186066,0.07999999821186066,0.07999999821186066,0.07999999821186066,0,0.0,0.0
1994-07-20 00:00:00-04:00,0.07999999821186066,0.07999999821186066,0.07999999821186066,0.07999999821186066,0,0.0,0.0
1994-07-21 00:00:00-04:00,0.07999999821186066,0.07999999821186066,0.07999999821186066,0.07999999821186066,1500,0.0,0.0
1994-07-22 00:00:00-04:00,0.10000000149011612,0.11999999731779099,0.07000000029802322,0.09000000357627869,174500,0.0,0.0
1994-07-25 00:00:00-04:00,0.09000000357627869,0.09000000357627869,0.09000000357627869,0.09000000357627869,0,0.0,0.0
1994-07-26 00:00:00-04:00,0.09000000357627869,0.09000000357627869,0.09000000357627869,0.09000000357627869,0,0.0,0.0
1994-07-27 00:00:00-04:00,0.09000000357627869,0.09000000357627869,0.09000000357627869,0.09000000357627869,0,0.0,0.0
1994-07-28 00:00:00-04:00,0.09000000357627869,0.09000000357627869,0.09000000357627869,0.09000000357627869,0,0.0,0.0
1994-07-29 00:00:00-04:00,0.09000000357627869,0.09000000357627869,0.09000000357627869,0.09000000357627869,0,0.0,0.0
1994-08-01 00:00:00-04:00,0.09000000357627869,0.09000000357627869,0.09000000357627869,0.09000000357627869,0,0.0,0.0
1994-08-02 00:00:00-04:00,0.09000000357627869,0.09000000357627869,0.09000000357627869,0.09000000357627869,0,0.0,0.0
1994-08-03 00:00:00-04:00,0.09000000357627869,0.09000000357627869,0.09000000357627869,0.09000000357627869,1000,0.0,0.0
1994-08-04 00:00:00-04:00,0.09000000357627869,0.09000000357627869,0.09000000357627869,0.09000000357627869,2000,0.0,0.0
1994-08-05 00:00:00-04:00,0.09000000357627869,0.09000000357627869,0.09000000357627869,0.09000000357627869,0,0.0,0.0
1994-08-08 00:00:00-04:00,0.14000000059604645,0.14000000059604645,0.12999999523162842,0.12999999523162842,17500,0.0,0.0
1994-08-09 00:00:00-04:00,0.14000000059604645,0.14000000059604645,0.14000000059604645,0.14000000059604645,3000,0.0,0.0
1994-08-10 00:00:00-04:00,0.14000000059604645,0.14000000059604645,0.14000000059604645,0.14000000059604645,0,0.0,0.0
1994-08-11 00:00:00-04:00,0.14000000059604645,0.14000000059604645,0.14000000059604645,0.14000000059604645,0,0.0,0.0
1994-08-12 00:00:00-04:00,0.14000000059604645,0.14000000059604645,0.14000000059604645,0.14000000059604645,0,0.0,0.0
1994-08-15 00:00:00-04:00,0.14000000059604645,0.14000000059604645,0.14000000059604645,0.14000000059604645,0,0.0,0.0
1994-08-16 00:00:00-04:00,0.14000000059604645,0.14000000059604645,0.14000000059604645,0.14000000059604645,0,0.0,0.0
1994-08-17 00:00:00-04:00,0.14000000059604645,0.14000000059604645,0.14000000059604645,0.14000000059604645,0,0.0,0.0
1994-08-18 00:00:00-04:00,0.09000000357627869,0.09000000357627869,0.09000000357627869,0.09000000357627869,1000,0.0,0.0
1994-08-19 00:00:00-04:00,0.09000000357627869,0.09000000357627869,0.09000000357627869,0.09000000357627869,0,0.0,0.0
1994-08-22 00:00:00-04:00,0.09000000357627869,0.09000000357627869,0.09000000357627869,0.09000000357627869,0,0.0,0.0
1994-08-23 00:00:00-04:00,0.09000000357627869,0.09000000357627869,0.09000000357627869,0.09000000357627869,0,0.0,0.0
1994-08-24 00:00:00-04:00,0.09000000357627869,0.09000000357627869,0.09000000357627869,0.09000000357627869,0,0.0,0.0
1994-08-25 00:00:00-04:00,0.09000000357627869,0.09000000357627869,0.09000000357627869,0.09000000357627869,0,0.0,0.0
1994-08-26 00:00:00-04:00,0.09000000357627869,0.09000000357627869,0.09000000357627869,0.09000000357627869,0,0.0,0.0
1994-08-29 00:00:00-04:00,0.09000000357627869,0.09000000357627869,0.09000000357627869,0.09000000357627869,0,0.0,0.0
1994-08-30 00:00:00-04:00,0.14000000059604645,0.14000000059604645,0.09000000357627869,0.09000000357627869,9000,0.0,0.0
1994-08-31 00:00:00-04:00,0.11999999731779099,0.11999999731779099,0.11999999731779099,0.11999999731779099,20000,0.0,0.0
1994-09-01 00:00:00-04:00,0.11999999731779099,0.11999999731779099,0.11999999731779099,0.11999999731779099,0,0.0,0.0
1994-09-02 00:00:00-04:00,0.11999999731779099,0.11999999731779099,0.11999999731779099,0.11999999731779099,0,0.0,0.0
1994-09-06 00:00:00-04:00,0.11999999731779099,0.11999999731779099,0.11999999731779099,0.11999999731779099,0,0.0,0.0
1994-09-07 00:00:00-04:00,0.10000000149011612,0.10000000149011612,0.10000000149011612,0.10000000149011612,62500,0.0,0.0
1994-09-08 00:00:00-04:00,0.10000000149011612,0.10000000149011612,0.10000000149011612,0.10000000149011612,0,0.0,0.0
1994-09-09 00:00:00-04:00,0.10000000149011612,0.10000000149011612,0.10000000149011612,0.10000000149011612,0,0.0,0.0
1994-09-12 00:00:00-04:00,0.10000000149011612,0.10000000149011612,0.10000000149011612,0.10000000149011612,10000,0.0,0.0
1994-09-13 00:00:00-04:00,0.10000000149011612,0.10000000149011612,0.10000000149011612,0.10000000149011612,14000,0.0,0.0
1994-09-14 00:00:00-04:00,0.10000000149011612,0.10000000149011612,0.10000000149011612,0.10000000149011612,0,0.0,0.0
1994-09-15 00:00:00-04:00,0.10000000149011612,0.10000000149011612,0.10000000149011612,0.10000000149011612,0,0.0,0.0
1994-09-16 00:00:00-04:00,0.10999999940395355,0.11999999731779099,0.10999999940395355,0.10999999940395355,32000,0.0,0.0
1994-09-19 00:00:00-04:00,0.10999999940395355,0.10999999940395355,0.10999999940395355,0.10999999940395355,0,0.0,0.0
1994-09-20 00:00:00-04:00,0.10999999940395355,0.10999999940395355,0.10999999940395355,0.10999999940395355,0,0.0,0.0
1994-09-21 00:00:00-04:00,0.10999999940395355,0.10999999940395355,0.10999999940395355,0.10999999940395355,0,0.0,0.0
1994-09-22 00:00:00-04:00,0.1599999964237213,0.1599999964237213,0.1599999964237213,0.1599999964237213,8000,0.0,0.0
1994-09-23 00:00:00-04:00,0.1599999964237213,0.1599999964237213,0.1599999964237213,0.1599999964237213,0,0.0,0.0
1994-09-26 00:00:00-04:00,0.1599999964237213,0.1599999964237213,0.1599999964237213,0.1599999964237213,0,0.0,0.0
1994-09-27 00:00:00-04:00,0.125,0.125,0.125,0.125,25800,0.0,0.0
1994-09-28 00:00:00-04:00,0.125,0.125,0.125,0.125,0,0.0,0.0
1994-09-29 00:00:00-04:00,0.125,0.125,0.125,0.125,0,0.0,0.0
1994-09-30 00:00:00-04:00,0.125,0.125,0.125,0.125,10100,0.0,0.0
1994-10-03 00:00:00-04:00,0.125,0.125,0.125,0.125,0,0.0,0.0
1994-10-04 00:00:00-04:00,0.125,0.125,0.125,0.125,0,0.0,0.0
1994-10-05 00:00:00-04:00,0.12999999523162842,0.15000000596046448,0.12999999523162842,0.15000000596046448,36800,0.0,0.0
1994-10-06 00:00:00-04:00,0.15000000596046448,0.15000000596046448,0.15000000596046448,0.15000000596046448,0,0.0,0.0
1994-10-07 00:00:00-04:00,0.15000000596046448,0.15000000596046448,0.15000000596046448,0.15000000596046448,0,0.0,0.0
1994-10-10 00:00:00-04:00,0.125,0.125,0.125,0.125,300,0.0,0.0
1994-10-11 00:00:00-04:00,0.125,0.125,0.125,0.125,0,0.0,0.0
1994-10-12 00:00:00-04:00,0.125,0.13500000536441803,0.11699999868869781,0.13500000536441803,83000,0.0,0.0
1994-10-13 00:00:00-04:00,0.10999999940395355,0.10999999940395355,0.10999999940395355,0.10999999940395355,1000,0.0,0.0
1994-10-14 00:00:00-04:00,0.10999999940395355,0.10999999940395355,0.10999999940395355,0.10999999940395355,2000,0.0,0.0
1994-10-17 00:00:00-04:00,0.10999999940395355,0.10999999940395355,0.10999999940395355,0.10999999940395355,300,0.0,0.0
1994-10-18 00:00:00-04:00,0.10999999940395355,0.12999999523162842,0.10999999940395355,0.12999999523162842,26000,0.0,0.0
1994-10-19 00:00:00-04:00,0.15000000596046448,0.15000000596046448,0.10999999940395355,0.10999999940395355,35000,0.0,0.0
1994-10-20 00:00:00-04:00,0.10999999940395355,0.10999999940395355,0.10999999940395355,0.10999999940395355,21000,0.0,0.0
1994-10-21 00:00:00-04:00,0.10999999940395355,0.10999999940395355,0.10999999940395355,0.10999999940395355,1500,0.0,0.0
1994-10-24 00:00:00-04:00,0.10999999940395355,0.10999999940395355,0.10999999940395355,0.10999999940395355,2000,0.0,0.0
1994-10-25 00:00:00-04:00,0.10999999940395355,0.10999999940395355,0.10999999940395355,0.10999999940395355,0,0.0,0.0
1994-10-26 00:00:00-04:00,0.10999999940395355,0.10999999940395355,0.10999999940395355,0.10999999940395355,700,0.0,0.0
1994-10-27 00:00:00-04:00,0.10999999940395355,0.10999999940395355,0.10999999940395355,0.10999999940395355,1000,0.0,0.0
1994-10-28 00:00:00-04:00,0.10999999940395355,0.10999999940395355,0.10999999940395355,0.10999999940395355,0,0.0,0.0
1994-10-31 00:00:00-05:00,0.10999999940395355,0.10999999940395355,0.10999999940395355,0.10999999940395355,0,0.0,0.0
1994-11-01 00:00:00-05:00,0.10999999940395355,0.10999999940395355,0.10999999940395355,0.10999999940395355,700,0.0,0.0
1994-11-02 00:00:00-05:00,0.10999999940395355,0.10999999940395355,0.10999999940395355,0.10999999940395355,0,0.0,0.0
1994-11-03 00:00:00-05:00,0.10999999940395355,0.10999999940395355,0.10999999940395355,0.10999999940395355,0,0.0,0.0
1994-11-04 00:00:00-05:00,0.10999999940395355,0.10999999940395355,0.10999999940395355,0.10999999940395355,7000,0.0,0.0
1994-11-07 00:00:00-05:00,0.10999999940395355,0.10999999940395355,0.10999999940395355,0.10999999940395355,1000,0.0,0.0
1994-11-08 00:00:00-05:00,0.10999999940395355,0.10999999940395355,0.10999999940395355,0.10999999940395355,700,0.0,0.0
1994-11-09 00:00:00-05:00,0.10999999940395355,0.10999999940395355,0.10999999940395355,0.10999999940395355,0,0.0,0.0
1994-11-10 00:00:00-05:00,0.10999999940395355,0.10999999940395355,0.10999999940395355,0.10999999940395355,1000,0.0,0.0
1994-11-11 00:00:00-05:00,0.10999999940395355,0.10999999940395355,0.10999999940395355,0.10999999940395355,0,0.0,0.0
1994-11-14 00:00:00-05:00,0.10999999940395355,0.10999999940395355,0.10999999940395355,0.10999999940395355,0,0.0,0.0
1994-11-15 00:00:00-05:00,0.10999999940395355,0.10999999940395355,0.10999999940395355,0.10999999940395355,0,0.0,0.0
1994-11-16 00:00:00-05:00,0.10999999940395355,0.10999999940395355,0.10999999940395355,0.10999999940395355,1000,0.0,0.0
1994-11-17 00:00:00-05:00,0.10999999940395355,0.10999999940395355,0.10999999940395355,0.10999999940395355,200,0.0,0.0
1994-11-18 00:00:00-05:00,0.10999999940395355,0.10999999940395355,0.10999999940395355,0.10999999940395355,0,0.0,0.0
1994-11-21 00:00:00-05:00,0.10999999940395355,0.10999999940395355,0.10999999940395355,0.10999999940395355,0,0.0,0.0
1994-11-22 00:00:00-05:00,0.10999999940395355,0.10999999940395355,0.10999999940395355,0.10999999940395355,13000,0.0,0.0
1994-11-23 00:00:00-05:00,0.10000000149011612,0.10000000149011612,0.10000000149011612,0.10000000149011612,9100,0.0,0.0
1994-11-25 00:00:00-05:00,0.10000000149011612,0.10000000149011612,0.10000000149011612,0.10000000149011612,0,0.0,0.0
1994-11-28 00:00:00-05:00,0.10000000149011612,0.10000000149011612,0.10000000149011612,0.10000000149011612,0,0.0,0.0
1994-11-29 00:00:00-05:00,0.10000000149011612,0.10000000149011612,0.10000000149011612,0.10000000149011612,0,0.0,0.0
1994-11-30 00:00:00-05:00,0.10000000149011612,0.10000000149011612,0.10000000149011612,0.10000000149011612,500,0.0,0.0
1994-12-01 00:00:00-05:00,0.10000000149011612,0.10000000149011612,0.10000000149011612,0.10000000149011612,300,0.0,0.0
1994-12-02 00:00:00-05:00,0.10000000149011612,0.10000000149011612,0.10000000149011612,0.10000000149011612,0,0.0,0.0
1994-12-05 00:00:00-05:00,0.10000000149011612,0.10000000149011612,0.10000000149011612,0.10000000149011612,0,0.0,0.0
1994-12-06 00:00:00-05:00,0.10000000149011612,0.10000000149011612,0.10000000149011612,0.10000000149011612,0,0.0,0.0
1994-12-07 00:00:00-05:00,0.10000000149011612,0.10000000149011612,0.10000000149011612,0.10000000149011612,0,0.0,0.0
1994-12-08 00:00:00-05:00,0.10000000149011612,0.10000000149011612,0.10000000149011612,0.10000000149011612,0,0.0,0.0
1994-12-09 00:00:00-05:00,0.10000000149011612,0.10000000149011612,0.10000000149011612,0.10000000149011612,0,0.0,0.0
1994-12-12 00:00:00-05:00,0.10000000149011612,0.10000000149011612,0.10000000149011612,0.10000000149011612,0,0.0,0.0
1994-12-13 00:00:00-05:00,0.10000000149011612,0.125,0.07999999821186066,0.07999999821186066,17000,0.0,0.0
1994-12-14 00:00:00-05:00,0.07999999821186066,0.07999999821186066,0.07999999821186066,0.07999999821186066,2000,0.0,0.0
1994-12-15 00:00:00-05:00,0.10999999940395355,0.10999999940395355,0.10999999940395355,0.10999999940395355,10000,0.0,0.0
1994-12-16 00:00:00-05:00,0.10999999940395355,0.10999999940395355,0.10999999940395355,0.10999999940395355,0,0.0,0.0
1994-12-19 00:00:00-05:00,0.07999999821186066,0.07999999821186066,0.07999999821186066,0.07999999821186066,2000,0.0,0.0
1994-12-20 00:00:00-05:00,0.07999999821186066,0.07999999821186066,0.07999999821186066,0.07999999821186066,2500,0.0,0.0
1994-12-21 00:00:00-05:00,0.07999999821186066,0.07999999821186066,0.07999999821186066,0.07999999821186066,2000,0.0,0.0
1994-12-22 00:00:00-05:00,0.07999999821186066,0.07999999821186066,0.07999999821186066,0.07999999821186066,0,0.0,0.0
1994-12-23 00:00:00-05:00,0.07999999821186066,0.10000000149011612,0.07999999821186066,0.10000000149011612,58000,0.0,0.0
1994-12-27 00:00:00-05:00,0.07999999821186066,0.07999999821186066,0.07999999821186066,0.07999999821186066,13000,0.0,0.0
1994-12-28 00:00:00-05:00,0.07999999821186066,0.10899999737739563,0.07999999821186066,0.07999999821186066,103000,0.0,0.0
1994-12-29 00:00:00-05:00,0.07999999821186066,0.10899999737739563,0.07999999821186066,0.10899999737739563,65100,0.0,0.0
1994-12-30 00:00:00-05:00,0.07999999821186066,0.07999999821186066,0.07999999821186066,0.07999999821186066,1200,0.0,0.0
1995-01-03 00:00:00-05:00,0.07999999821186066,0.07999999821186066,0.07999999821186066,0.07999999821186066,0,0.0,0.0
1995-01-04 00:00:00-05:00,0.07999999821186066,0.07999999821186066,0.07999999821186066,0.07999999821186066,1500,0.0,0.0
1995-01-05 00:00:00-05:00,0.07999999821186066,0.07999999821186066,0.07999999821186066,0.07999999821186066,0,0.0,0.0
1995-01-06 00:00:00-05:00,0.07999999821186066,0.07999999821186066,0.07999999821186066,0.07999999821186066,0,0.0,0.0
1995-01-09 00:00:00-05:00,0.07999999821186066,0.07999999821186066,0.07999999821186066,0.07999999821186066,0,0.0,0.0
1995-01-10 00:00:00-05:00,0.07999999821186066,0.07999999821186066,0.07999999821186066,0.07999999821186066,0,0.0,0.0
1995-01-11 00:00:00-05:00,0.07999999821186066,0.07999999821186066,0.07999999821186066,0.07999999821186066,0,0.0,0.0
1995-01-12 00:00:00-05:00,0.08500000089406967,0.08500000089406967,0.08500000089406967,0.08500000089406967,3500,0.0,0.0
1995-01-13 00:00:00-05:00,0.08500000089406967,0.08500000089406967,0.08500000089406967,0.08500000089406967,1000,0.0,0.0
1995-01-16 00:00:00-05:00,0.08500000089406967,0.08500000089406967,0.08500000089406967,0.08500000089406967,0,0.0,0.0
1995-01-17 00:00:00-05:00,0.08500000089406967,0.08500000089406967,0.08500000089406967,0.08500000089406967,0,0.0,0.0
1995-01-18 00:00:00-05:00,0.08500000089406967,0.08500000089406967,0.08500000089406967,0.08500000089406967,0,0.0,0.0
1995-01-19 00:00:00-05:00,0.10899999737739563,0.10899999737739563,0.10899999737739563,0.10899999737739563,10000,0.0,0.0
1995-01-20 00:00:00-05:00,0.10899999737739563,0.10899999737739563,0.10899999737739563,0.10899999737739563,0,0.0,0.0
1995-01-23 00:00:00-05:00,0.10899999737739563,0.10899999737739563,0.10899999737739563,0.10899999737739563,0,0.0,0.0
1995-01-24 00:00:00-05:00,0.10899999737739563,0.10899999737739563,0.10899999737739563,0.10899999737739563,0,0.0,0.0
1995-01-25 00:00:00-05:00,0.10899999737739563,0.10899999737739563,0.10899999737739563,0.10899999737739563,0,0.0,0.0
1995-01-26 00:00:00-05:00,0.10899999737739563,0.10899999737739563,0.10899999737739563,0.10899999737739563,0,0.0,0.0
1995-01-27 00:00:00-05:00,0.10899999737739563,0.10899999737739563,0.10899999737739563,0.10899999737739563,0,0.0,0.0
1995-01-30 00:00:00-05:00,0.10899999737739563,0.10899999737739563,0.10899999737739563,0.10899999737739563,0,0.0,0.0
1995-01-31 00:00:00-05:00,0.10899999737739563,0.10899999737739563,0.10899999737739563,0.10899999737739563,0,0.0,0.0
1995-02-01 00:00:00-05:00,0.10899999737739563,0.10899999737739563,0.10899999737739563,0.10899999737739563,0,0.0,0.0
1995-02-02 00:00:00-05:00,0.10899999737739563,0.10899999737739563,0.10899999737739563,0.10899999737739563,0,0.0,0.0
1995-02-03 00:00:00-05:00,0.10899999737739563,0.10899999737739563,0.10899999737739563,0.10899999737739563,0,0.0,0.0
1995-02-06 00:00:00-05:00,0.10899999737739563,0.10899999737739563,0.10899999737739563,0.10899999737739563,0,0.0,0.0
1995-02-07 00:00:00-05:00,0.09000000357627869,0.09000000357627869,0.09000000357627869,0.09000000357627869,1000,0.0,0.0
1995-02-08 00:00:00-05:00,0.09000000357627869,0.09000000357627869,0.09000000357627869,0.09000000357627869,0,0.0,0.0
1995-02-09 00:00:00-05:00,0.09000000357627869,0.09000000357627869,0.09000000357627869,0.09000000357627869,0,0.0,0.0
1995-02-10 00:00:00-05:00,0.09000000357627869,0.10999999940395355,0.09000000357627869,0.09000000357627869,15600,0.0,0.0
1995-02-13 00:00:00-05:00,0.09000000357627869,0.09000000357627869,0.09000000357627869,0.09000000357627869,3000,0.0,0.0
1995-02-14 00:00:00-05:00,0.09000000357627869,0.10000000149011612,0.09000000357627869,0.10000000149011612,35000,0.0,0.0
1995-02-15 00:00:00-05:00,0.10000000149011612,0.10000000149011612,0.10000000149011612,0.10000000149011612,0,0.0,0.0
1995-02-16 00:00:00-05:00,0.10000000149011612,0.10000000149011612,0.10000000149011612,0.10000000149011612,0,0.0,0.0
1995-02-17 00:00:00-05:00,0.10000000149011612,0.10000000149011612,0.10000000149011612,0.10000000149011612,0,0.0,0.0
1995-02-21 00:00:00-05:00,0.10000000149011612,0.10000000149011612,0.10000000149011612,0.10000000149011612,0,0.0,0.0
1995-02-22 00:00:00-05:00,0.10000000149011612,0.10000000149011612,0.10000000149011612,0.10000000149011612,0,0.0,0.0
1995-02-23 00:00:00-05:00,0.10000000149011612,0.10000000149011612,0.10000000149011612,0.10000000149011612,0,0.0,0.0
1995-02-24 00:00:00-05:00,0.10000000149011612,0.10000000149011612,0.10000000149011612,0.10000000149011612,0,0.0,0.0
1995-02-27 00:00:00-05:00,0.10000000149011612,0.10000000149011612,0.10000000149011612,0.10000000149011612,0,0.0,0.0
1995-02-28 00:00:00-05:00,0.09000000357627869,0.09000000357627869,0.09000000357627869,0.09000000357627869,11300,0.0,0.0
1995-03-01 00:00:00-05:00,0.09000000357627869,0.09000000357627869,0.09000000357627869,0.09000000357627869,0,0.0,0.0
1995-03-02 00:00:00-05:00,0.09000000357627869,0.09000000357627869,0.09000000357627869,0.09000000357627869,0,0.0,0.0
1995-03-03 00:00:00-05:00,0.09000000357627869,0.09000000357627869,0.09000000357627869,0.09000000357627869,0,0.0,0.0
1995-03-06 00:00:00-05:00,0.10000000149011612,0.10000000149011612,0.10000000149011612,0.10000000149011612,10000,0.0,0.0
1995-03-07 00:00:00-05:00,0.11999999731779099,0.11999999731779099,0.11999999731779099,0.11999999731779099,3000,0.0,0.0
1995-03-08 00:00:00-05:00,0.11999999731779099,0.11999999731779099,0.11999999731779099,0.11999999731779099,0,0.0,0.0
1995-03-09 00:00:00-05:00,0.11999999731779099,0.11999999731779099,0.11999999731779099,0.11999999731779099,10000,0.0,0.0
1995-03-10 00:00:00-05:00,0.11999999731779099,0.11999999731779099,0.11999999731779099,0.11999999731779099,0,0.0,0.0
1995-03-13 00:00:00-05:00,0.11999999731779099,0.11999999731779099,0.11999999731779099,0.11999999731779099,0,0.0,0.0
1995-03-14 00:00:00-05:00,0.11999999731779099,0.11999999731779099,0.11999999731779099,0.11999999731779099,0,0.0,0.0
1995-03-15 00:00:00-05:00,0.11999999731779099,0.11999999731779099,0.11999999731779099,0.11999999731779099,0,0.0,0.0
1995-03-16 00:00:00-05:00,0.09000000357627869,0.09399999678134918,0.09000000357627869,0.09399999678134918,30000,0.0,0.0
1995-03-17 00:00:00-05:00,0.07999999821186066,0.07999999821186066,0.07999999821186066,0.07999999821186066,5000,0.0,0.0
1995-03-20 00:00:00-05:00,0.07999999821186066,0.07999999821186066,0.07999999821186066,0.07999999821186066,0,0.0,0.0
1995-03-21 00:00:00-05:00,0.07999999821186066,0.07999999821186066,0.07999999821186066,0.07999999821186066,0,0.0,0.0
1995-03-22 00:00:00-05:00,0.07999999821186066,0.07999999821186066,0.07999999821186066,0.07999999821186066,0,0.0,0.0
1995-03-23 00:00:00-05:00,0.07999999821186066,0.07999999821186066,0.07999999821186066,0.07999999821186066,0,0.0,0.0
1995-03-24 00:00:00-05:00,0.07999999821186066,0.07999999821186066,0.07999999821186066,0.07999999821186066,0,0.0,0.0
1995-03-27 00:00:00-05:00,0.07999999821186066,0.07999999821186066,0.07999999821186066,0.07999999821186066,0,0.0,0.0
1995-03-28 00:00:00-05:00,0.07999999821186066,0.07999999821186066,0.07999999821186066,0.07999999821186066,0,0.0,0.0
1995-03-29 00:00:00-05:00,0.07999999821186066,0.07999999821186066,0.07999999821186066,0.07999999821186066,3000,0.0,0.0
1995-03-30 00:00:00-05:00,0.07999999821186066,0.09399999678134918,0.07999999821186066,0.09399999678134918,33100,0.0,0.0
1995-03-31 00:00:00-05:00,0.07999999821186066,0.07999999821186066,0.07999999821186066,0.07999999821186066,1000,0.0,0.0
1995-04-03 00:00:00-04:00,0.07999999821186066,0.07999999821186066,0.07999999821186066,0.07999999821186066,0,0.0,0.0
1995-04-04 00:00:00-04:00,0.07999999821186066,0.07999999821186066,0.07999999821186066,0.07999999821186066,0,0.0,0.0
1995-04-05 00:00:00-04:00,0.07999999821186066,0.07999999821186066,0.07999999821186066,0.07999999821186066,0,0.0,0.0
1995-04-06 00:00:00-04:00,0.07999999821186066,0.07999999821186066,0.07999999821186066,0.07999999821186066,0,0.0,0.0
1995-04-07 00:00:00-04:00,0.07999999821186066,0.07999999821186066,0.07999999821186066,0.07999999821186066,0,0.0,0.0
1995-04-10 00:00:00-04:00,0.10999999940395355,0.10999999940395355,0.10999999940395355,0.10999999940395355,20000,0.0,0.0
1995-04-11 00:00:00-04:00,0.10999999940395355,0.10999999940395355,0.10999999940395355,0.10999999940395355,0,0.0,0.0
1995-04-12 00:00:00-04:00,0.10999999940395355,0.10999999940395355,0.10999999940395355,0.10999999940395355,0,0.0,0.0
1995-04-13 00:00:00-04:00,0.07999999821186066,0.07999999821186066,0.07999999821186066,0.07999999821186066,200,0.0,0.0
1995-04-17 00:00:00-04:00,0.07999999821186066,0.07999999821186066,0.07999999821186066,0.07999999821186066,0,0.0,0.0
1995-04-18 00:00:00-04:00,0.07999999821186066,0.07999999821186066,0.07999999821186066,0.07999999821186066,0,0.0,0.0
1995-04-19 00:00:00-04:00,0.07999999821186066,0.07999999821186066,0.07999999821186066,0.07999999821186066,0,0.0,0.0
1995-04-20 00:00:00-04:00,0.07999999821186066,0.07999999821186066,0.07999999821186066,0.07999999821186066,0,0.0,0.0
1995-04-21 00:00:00-04:00,0.07999999821186066,0.07999999821186066,0.07999999821186066,0.07999999821186066,0,0.0,0.0
1995-04-24 00:00:00-04:00,0.07999999821186066,0.07999999821186066,0.07999999821186066,0.07999999821186066,0,0.0,0.0
1995-04-25 00:00:00-04:00,0.09000000357627869,0.09000000357627869,0.09000000357627869,0.09000000357627869,10000,0.0,0.0
1995-04-26 00:00:00-04:00,0.09000000357627869,0.09000000357627869,0.09000000357627869,0.09000000357627869,0,0.0,0.0
1995-04-27 00:00:00-04:00,0.09000000357627869,0.09000000357627869,0.09000000357627869,0.09000000357627869,0,0.0,0.0
1995-04-28 00:00:00-04:00,0.09000000357627869,0.09000000357627869,0.09000000357627869,0.09000000357627869,0,0.0,0.0
1995-05-01 00:00:00-04:00,0.09000000357627869,0.09000000357627869,0.09000000357627869,0.09000000357627869,0,0.0,0.0
1995-05-02 00:00:00-04:00,0.09000000357627869,0.09000000357627869,0.09000000357627869,0.09000000357627869,0,0.0,0.0
1995-05-03 00:00:00-04:00,0.09000000357627869,0.09000000357627869,0.09000000357627869,0.09000000357627869,0,0.0,0.0
1995-05-04 00:00:00-04:00,0.09000000357627869,0.09000000357627869,0.09000000357627869,0.09000000357627869,0,0.0,0.0
1995-05-05 00:00:00-04:00,0.07999999821186066,0.07999999821186066,0.07999999821186066,0.07999999821186066,10000,0.0,0.0
1995-05-08 00:00:00-04:00,0.07999999821186066,0.09000000357627869,0.07999999821186066,0.09000000357627869,50000,0.0,0.0
1995-05-09 00:00:00-04:00,0.09399999678134918,0.09399999678134918,0.09399999678134918,0.09399999678134918,20000,0.0,0.0
1995-05-10 00:00:00-04:00,0.09399999678134918,0.09399999678134918,0.09399999678134918,0.09399999678134918,0,0.0,0.0
1995-05-11 00:00:00-04:00,0.09399999678134918,0.09399999678134918,0.09399999678134918,0.09399999678134918,0,0.0,0.0
1995-05-12 00:00:00-04:00,0.09399999678134918,0.09399999678134918,0.09399999678134918,0.09399999678134918,0,0.0,0.0
1995-05-15 00:00:00-04:00,0.09399999678134918,0.09399999678134918,0.09399999678134918,0.09399999678134918,0,0.0,0.0
1995-05-16 00:00:00-04:00,0.09399999678134918,0.09399999678134918,0.09399999678134918,0.09399999678134918,0,0.0,0.0
1995-05-17 00:00:00-04:00,0.09399999678134918,0.09399999678134918,0.09399999678134918,0.09399999678134918,0,0.0,0.0
1995-05-18 00:00:00-04:00,0.09399999678134918,0.09399999678134918,0.09399999678134918,0.09399999678134918,0,0.0,0.0
1995-05-19 00:00:00-04:00,0.09399999678134918,0.09399999678134918,0.09399999678134918,0.09399999678134918,0,0.0,0.0
1995-05-22 00:00:00-04:00,0.07999999821186066,0.07999999821186066,0.07999999821186066,0.07999999821186066,2000,0.0,0.0
1995-05-23 00:00:00-04:00,0.07999999821186066,0.07999999821186066,0.07999999821186066,0.07999999821186066,0,0.0,0.0
1995-05-24 00:00:00-04:00,0.07999999821186066,0.07999999821186066,0.07999999821186066,0.07999999821186066,0,0.0,0.0
1995-05-25 00:00:00-04:00,0.07999999821186066,0.07999999821186066,0.07999999821186066,0.07999999821186066,2000,0.0,0.0
1995-05-26 00:00:00-04:00,0.10000000149011612,0.10000000149011612,0.10000000149011612,0.10000000149011612,10000,0.0,0.0
1995-05-30 00:00:00-04:00,0.10000000149011612,0.10000000149011612,0.10000000149011612,0.10000000149011612,10000,0.0,0.0
1995-05-31 00:00:00-04:00,0.10000000149011612,0.10000000149011612,0.10000000149011612,0.10000000149011612,0,0.0,0.0
1995-06-01 00:00:00-04:00,0.10000000149011612,0.10000000149011612,0.10000000149011612,0.10000000149011612,0,0.0,0.0
1995-06-02 00:00:00-04:00,0.07999999821186066,0.07999999821186066,0.07999999821186066,0.07999999821186066,1000,0.0,0.0
1995-06-05 00:00:00-04:00,0.07999999821186066,0.07999999821186066,0.07999999821186066,0.07999999821186066,0,0.0,0.0
1995-06-06 00:00:00-04:00,0.07999999821186066,0.07999999821186066,0.07999999821186066,0.07999999821186066,0,0.0,0.0
1995-06-07 00:00:00-04:00,0.10000000149011612,0.10000000149011612,0.10000000149011612,0.10000000149011612,30000,0.0,0.0
1995-06-08 00:00:00-04:00,0.10000000149011612,0.10000000149011612,0.10000000149011612,0.10000000149011612,0,0.0,0.0
1995-06-09 00:00:00-04:00,0.10000000149011612,0.10000000149011612,0.10000000149011612,0.10000000149011612,0,0.0,0.0
1995-06-12 00:00:00-04:00,0.10000000149011612,0.10000000149011612,0.10000000149011612,0.10000000149011612,0,0.0,0.0
1995-06-13 00:00:00-04:00,0.11999999731779099,0.11999999731779099,0.10999999940395355,0.10999999940395355,35000,0.0,0.0
1995-06-14 00:00:00-04:00,0.10999999940395355,0.11999999731779099,0.10000000149011612,0.10000000149011612,30000,0.0,0.0
1995-06-15 00:00:00-04:00,0.10000000149011612,0.10000000149011612,0.10000000149011612,0.10000000149011612,0,0.0,0.0
1995-06-16 00:00:00-04:00,0.10000000149011612,0.10000000149011612,0.10000000149011612,0.10000000149011612,0,0.0,0.0
1995-06-19 00:00:00-04:00,0.10000000149011612,0.10000000149011612,0.10000000149011612,0.10000000149011612,0,0.0,0.0
1995-06-20 00:00:00-04:00,0.10000000149011612,0.10000000149011612,0.10000000149011612,0.10000000149011612,0,0.0,0.0
1995-06-21 00:00:00-04:00,0.10000000149011612,0.10000000149011612,0.10000000149011612,0.10000000149011612,0,0.0,0.0
1995-06-22 00:00:00-04:00,0.10000000149011612,0.10000000149011612,0.10000000149011612,0.10000000149011612,0,0.0,0.0
1995-06-23 00:00:00-04:00,0.10000000149011612,0.10000000149011612,0.10000000149011612,0.10000000149011612,0,0.0,0.0
1995-06-26 00:00:00-04:00,0.10000000149011612,0.10000000149011612,0.10000000149011612,0.10000000149011612,10100,0.0,0.0
1995-06-27 00:00:00-04:00,0.11999999731779099,0.11999999731779099,0.10000000149011612,0.10000000149011612,11500,0.0,0.0
1995-06-28 00:00:00-04:00,0.10000000149011612,0.10000000149011612,0.10000000149011612,0.10000000149011612,0,0.0,0.0
1995-06-29 00:00:00-04:00,0.10000000149011612,0.10000000149011612,0.10000000149011612,0.10000000149011612,0,0.0,0.0
1995-06-30 00:00:00-04:00,0.10899999737739563,0.10899999737739563,0.10899999737739563,0.10899999737739563,10000,0.0,0.0
1995-07-03 00:00:00-04:00,0.10899999737739563,0.10899999737739563,0.10899999737739563,0.10899999737739563,0,0.0,0.0
1995-07-05 00:00:00-04:00,0.11999999731779099,0.11999999731779099,0.11999999731779099,0.11999999731779099,20000,0.0,0.0
1995-07-06 00:00:00-04:00,0.11999999731779099,0.11999999731779099,0.11999999731779099,0.11999999731779099,0,0.0,0.0
1995-07-07 00:00:00-04:00,0.10999999940395355,0.11999999731779099,0.10999999940395355,0.11999999731779099,33000,0.0,0.0
1995-07-10 00:00:00-04:00,0.11999999731779099,0.11999999731779099,0.11999999731779099,0.11999999731779099,0,0.0,0.0
1995-07-11 00:00:00-04:00,0.10999999940395355,0.10999999940395355,0.10999999940395355,0.10999999940395355,18000,0.0,0.0
1995-07-12 00:00:00-04:00,0.10999999940395355,0.10999999940395355,0.10999999940395355,0.10999999940395355,11000,0.0,0.0
1995-07-13 00:00:00-04:00,0.10999999940395355,0.14000000059604645,0.10999999940395355,0.14000000059604645,18000,0.0,0.0
1995-07-14 00:00:00-04:00,0.14000000059604645,0.1899999976158142,0.14000000059604645,0.1899999976158142,76000,0.0,0.0
1995-07-17 00:00:00-04:00,0.20999999344348907,0.20999999344348907,0.20999999344348907,0.20999999344348907,5000,0.0,0.0
1995-07-18 00:00:00-04:00,0.20999999344348907,0.20999999344348907,0.20999999344348907,0.20999999344348907,0,0.0,0.0
1995-07-19 00:00:00-04:00,0.15000000596046448,0.15000000596046448,0.15000000596046448,0.15000000596046448,8000,0.0,0.0
1995-07-20 00:00:00-04:00,0.12999999523162842,0.12999999523162842,0.12999999523162842,0.12999999523162842,20000,0.0,0.0
1995-07-21 00:00:00-04:00,0.12999999523162842,0.12999999523162842,0.12999999523162842,0.12999999523162842,0,0.0,0.0
1995-07-24 00:00:00-04:00,0.12999999523162842,0.12999999523162842,0.12999999523162842,0.12999999523162842,0,0.0,0.0
1995-07-25 00:00:00-04:00,0.12999999523162842,0.12999999523162842,0.12999999523162842,0.12999999523162842,0,0.0,0.0
1995-07-26 00:00:00-04:00,0.12999999523162842,0.12999999523162842,0.12999999523162842,0.12999999523162842,200,0.0,0.0
1995-07-27 00:00:00-04:00,0.12999999523162842,0.12999999523162842,0.12999999523162842,0.12999999523162842,0,0.0,0.0
1995-07-28 00:00:00-04:00,0.12999999523162842,0.12999999523162842,0.12999999523162842,0.12999999523162842,0,0.0,0.0
1995-07-31 00:00:00-04:00,0.12999999523162842,0.12999999523162842,0.12999999523162842,0.12999999523162842,0,0.0,0.0
1995-08-01 00:00:00-04:00,0.12999999523162842,0.12999999523162842,0.12999999523162842,0.12999999523162842,15000,0.0,0.0
1995-08-02 00:00:00-04:00,0.12999999523162842,0.12999999523162842,0.12999999523162842,0.12999999523162842,0,0.0,0.0
1995-08-03 00:00:00-04:00,0.12999999523162842,0.12999999523162842,0.12999999523162842,0.12999999523162842,0,0.0,0.0
1995-08-04 00:00:00-04:00,0.10999999940395355,0.125,0.10999999940395355,0.125,16000,0.0,0.0
1995-08-07 00:00:00-04:00,0.10999999940395355,0.10999999940395355,0.10999999940395355,0.10999999940395355,20000,0.0,0.0
1995-08-08 00:00:00-04:00,0.10000000149011612,0.10000000149011612,0.10000000149011612,0.10000000149011612,300,0.0,0.0
1995-08-09 00:00:00-04:00,0.10000000149011612,0.11999999731779099,0.10000000149011612,0.11999999731779099,45800,0.0,0.0
1995-08-10 00:00:00-04:00,0.10000000149011612,0.10000000149011612,0.10000000149011612,0.10000000149011612,20000,0.0,0.0
1995-08-11 00:00:00-04:00,0.10000000149011612,0.10000000149011612,0.10000000149011612,0.10000000149011612,0,0.0,0.0
1995-08-14 00:00:00-04:00,0.10000000149011612,0.10000000149011612,0.10000000149011612,0.10000000149011612,0,0.0,0.0
1995-08-15 00:00:00-04:00,0.10000000149011612,0.10000000149011612,0.10000000149011612,0.10000000149011612,0,0.0,0.0
1995-08-16 00:00:00-04:00,0.10000000149011612,0.10000000149011612,0.10000000149011612,0.10000000149011612,2000,0.0,0.0
1995-08-17 00:00:00-04:00,0.10000000149011612,0.10000000149011612,0.10000000149011612,0.10000000149011612,0,0.0,0.0
1995-08-18 00:00:00-04:00,0.10000000149011612,0.10000000149011612,0.10000000149011612,0.10000000149011612,2500,0.0,0.0
1995-08-21 00:00:00-04:00,0.10000000149011612,0.10000000149011612,0.10000000149011612,0.10000000149011612,500,0.0,0.0
1995-08-22 00:00:00-04:00,0.10000000149011612,0.10000000149011612,0.10000000149011612,0.10000000149011612,0,0.0,0.0
1995-08-23 00:00:00-04:00,0.10000000149011612,0.10000000149011612,0.10000000149011612,0.10000000149011612,10000,0.0,0.0
1995-08-24 00:00:00-04:00,0.10000000149011612,0.10000000149011612,0.10000000149011612,0.10000000149011612,0,0.0,0.0
1995-08-25 00:00:00-04:00,0.10000000149011612,0.10000000149011612,0.10000000149011612,0.10000000149011612,20000,0.0,0.0
1995-08-28 00:00:00-04:00,0.10000000149011612,0.10000000149011612,0.10000000149011612,0.10000000149011612,0,0.0,0.0
1995-08-29 00:00:00-04:00,0.10000000149011612,0.10000000149011612,0.10000000149011612,0.10000000149011612,0,0.0,0.0
1995-08-30 00:00:00-04:00,0.125,0.125,0.10000000149011612,0.10000000149011612,22600,0.0,0.0
1995-08-31 00:00:00-04:00,0.10000000149011612,0.10000000149011612,0.10000000149011612,0.10000000149011612,0,0.0,0.0
1995-09-01 00:00:00-04:00,0.10000000149011612,0.11999999731779099,0.10000000149011612,0.11999999731779099,26200,0.0,0.0
1995-09-05 00:00:00-04:00,0.11999999731779099,0.11999999731779099,0.11999999731779099,0.11999999731779099,0,0.0,0.0
1995-09-06 00:00:00-04:00,0.11999999731779099,0.11999999731779099,0.11999999731779099,0.11999999731779099,0,0.0,0.0
1995-09-07 00:00:00-04:00,0.11999999731779099,0.11999999731779099,0.11999999731779099,0.11999999731779099,0,0.0,0.0
1995-09-08 00:00:00-04:00,0.10000000149011612,0.10000000149011612,0.10000000149011612,0.10000000149011612,1000,0.0,0.0
1995-09-11 00:00:00-04:00,0.10000000149011612,0.10000000149011612,0.10000000149011612,0.10000000149011612,0,0.0,0.0
1995-09-12 00:00:00-04:00,0.10000000149011612,0.10000000149011612,0.10000000149011612,0.10000000149011612,0,0.0,0.0
1995-09-13 00:00:00-04:00,0.10000000149011612,0.10000000149011612,0.10000000149011612,0.10000000149011612,0,0.0,0.0
1995-09-14 00:00:00-04:00,0.10000000149011612,0.10000000149011612,0.10000000149011612,0.10000000149011612,5000,0.0,0.0
1995-09-15 00:00:00-04:00,0.10000000149011612,0.10000000149011612,0.10000000149011612,0.10000000149011612,0,0.0,0.0
1995-09-18 00:00:00-04:00,0.10000000149011612,0.10000000149011612,0.10000000149011612,0.10000000149011612,0,0.0,0.0
1995-09-19 00:00:00-04:00,0.10000000149011612,0.10000000149011612,0.10000000149011612,0.10000000149011612,0,0.0,0.0
1995-09-20 00:00:00-04:00,0.10000000149011612,0.11999999731779099,0.10000000149011612,0.11999999731779099,11000,0.0,0.0
1995-09-21 00:00:00-04:00,0.11999999731779099,0.11999999731779099,0.11999999731779099,0.11999999731779099,0,0.0,0.0
1995-09-22 00:00:00-04:00,0.11999999731779099,0.11999999731779099,0.10999999940395355,0.10999999940395355,56000,0.0,0.0
1995-09-25 00:00:00-04:00,0.10999999940395355,0.10999999940395355,0.10999999940395355,0.10999999940395355,0,0.0,0.0
1995-09-26 00:00:00-04:00,0.10999999940395355,0.10999999940395355,0.10999999940395355,0.10999999940395355,15000,0.0,0.0
1995-09-27 00:00:00-04:00,0.10999999940395355,0.10999999940395355,0.10999999940395355,0.10999999940395355,0,0.0,0.0
1995-09-28 00:00:00-04:00,0.11999999731779099,0.11999999731779099,0.11999999731779099,0.11999999731779099,10000,0.0,0.0
1995-09-29 00:00:00-04:00,0.10000000149011612,0.10000000149011612,0.10000000149011612,0.10000000149011612,600,0.0,0.0
1995-10-02 00:00:00-04:00,0.10000000149011612,0.10000000149011612,0.10000000149011612,0.10000000149011612,0,0.0,0.0
1995-10-03 00:00:00-04:00,0.10499999672174454,0.10499999672174454,0.10499999672174454,0.10499999672174454,1600,0.0,0.0
1995-10-04 00:00:00-04:00,0.10999999940395355,0.10999999940395355,0.10999999940395355,0.10999999940395355,5000,0.0,0.0
1995-10-05 00:00:00-04:00,0.10999999940395355,0.10999999940395355,0.10999999940395355,0.10999999940395355,0,0.0,0.0
1995-10-06 00:00:00-04:00,0.10999999940395355,0.10999999940395355,0.10999999940395355,0.10999999940395355,0,0.0,0.0
1995-10-09 00:00:00-04:00,0.10999999940395355,0.10999999940395355,0.10999999940395355,0.10999999940395355,0,0.0,0.0
1995-10-10 00:00:00-04:00,0.10999999940395355,0.10999999940395355,0.10999999940395355,0.10999999940395355,0,0.0,0.0
1995-10-11 00:00:00-04:00,0.125,0.13500000536441803,0.125,0.13500000536441803,40000,0.0,0.0
1995-10-12 00:00:00-04:00,0.10999999940395355,0.10999999940395355,0.10999999940395355,0.10999999940395355,2000,0.0,0.0
1995-10-13 00:00:00-04:00,0.10999999940395355,0.10999999940395355,0.10999999940395355,0.10999999940395355,0,0.0,0.0
1995-10-16 00:00:00-04:00,0.10499999672174454,0.10499999672174454,0.10499999672174454,0.10499999672174454,1100,0.0,0.0
1995-10-17 00:00:00-04:00,0.10499999672174454,0.10499999672174454,0.10499999672174454,0.10499999672174454,3000,0.0,0.0
1995-10-18 00:00:00-04:00,0.10499999672174454,0.10499999672174454,0.10499999672174454,0.10499999672174454,11000,0.0,0.0
1995-10-19 00:00:00-04:00,0.10499999672174454,0.10499999672174454,0.10499999672174454,0.10499999672174454,2000,0.0,0.0
1995-10-20 00:00:00-04:00,0.10499999672174454,0.10499999672174454,0.10499999672174454,0.10499999672174454,3500,0.0,0.0
1995-10-23 00:00:00-04:00,0.10499999672174454,0.10499999672174454,0.10499999672174454,0.10499999672174454,0,0.0,0.0
1995-10-24 00:00:00-04:00,0.10499999672174454,0.10499999672174454,0.10499999672174454,0.10499999672174454,0,0.0,0.0
1995-10-25 00:00:00-04:00,0.11999999731779099,0.11999999731779099,0.11999999731779099,0.11999999731779099,25000,0.0,0.0
1995-10-26 00:00:00-04:00,0.10999999940395355,0.14000000059604645,0.10999999940395355,0.11999999731779099,93600,0.0,0.0
1995-10-27 00:00:00-04:00,0.125,0.15000000596046448,0.125,0.12999999523162842,28000,0.0,0.0
1995-10-30 00:00:00-05:00,0.12999999523162842,0.12999999523162842,0.12999999523162842,0.12999999523162842,0,0.0,0.0
1995-10-31 00:00:00-05:00,0.12999999523162842,0.12999999523162842,0.12999999523162842,0.12999999523162842,0,0.0,0.0
1995-11-01 00:00:00-05:00,0.12999999523162842,0.12999999523162842,0.12999999523162842,0.12999999523162842,0,0.0,0.0
1995-11-02 00:00:00-05:00,0.1599999964237213,0.1599999964237213,0.1599999964237213,0.1599999964237213,2000,0.0,0.0
1995-11-03 00:00:00-05:00,0.1599999964237213,0.1599999964237213,0.1599999964237213,0.1599999964237213,0,0.0,0.0
1995-11-06 00:00:00-05:00,0.1599999964237213,0.1599999964237213,0.1599999964237213,0.1599999964237213,0,0.0,0.0
1995-11-07 00:00:00-05:00,0.15000000596046448,0.1599999964237213,0.15000000596046448,0.1599999964237213,70700,0.0,0.0
1995-11-08 00:00:00-05:00,0.14000000059604645,0.14000000059604645,0.14000000059604645,0.14000000059604645,7000,0.0,0.0
1995-11-09 00:00:00-05:00,0.14000000059604645,0.14000000059604645,0.14000000059604645,0.14000000059604645,3000,0.0,0.0
1995-11-10 00:00:00-05:00,0.14000000059604645,0.14000000059604645,0.14000000059604645,0.14000000059604645,800,0.0,0.0
1995-11-13 00:00:00-05:00,0.14000000059604645,0.15000000596046448,0.14000000059604645,0.14000000059604645,54000,0.0,0.0
1995-11-14 00:00:00-05:00,0.14000000059604645,0.14000000059604645,0.14000000059604645,0.14000000059604645,2800,0.0,0.0
1995-11-15 00:00:00-05:00,0.14000000059604645,0.14000000059604645,0.14000000059604645,0.14000000059604645,0,0.0,0.0
1995-11-16 00:00:00-05:00,0.14000000059604645,0.14000000059604645,0.14000000059604645,0.14000000059604645,0,0.0,0.0
1995-11-17 00:00:00-05:00,0.14000000059604645,0.14000000059604645,0.14000000059604645,0.14000000059604645,0,0.0,0.0
1995-11-20 00:00:00-05:00,0.14000000059604645,0.14000000059604645,0.14000000059604645,0.14000000059604645,1000,0.0,0.0
1995-11-21 00:00:00-05:00,0.14000000059604645,0.17000000178813934,0.14000000059604645,0.14000000059604645,9400,0.0,0.0
1995-11-22 00:00:00-05:00,0.14000000059604645,0.14000000059604645,0.14000000059604645,0.14000000059604645,0,0.0,0.0
1995-11-24 00:00:00-05:00,0.14000000059604645,0.14000000059604645,0.14000000059604645,0.14000000059604645,0,0.0,0.0
1995-11-27 00:00:00-05:00,0.14000000059604645,0.14000000059604645,0.14000000059604645,0.14000000059604645,0,0.0,0.0
1995-11-28 00:00:00-05:00,0.14000000059604645,0.14000000059604645,0.14000000059604645,0.14000000059604645,10000,0.0,0.0
1995-11-29 00:00:00-05:00,0.12999999523162842,0.12999999523162842,0.12999999523162842,0.12999999523162842,1000,0.0,0.0
1995-11-30 00:00:00-05:00,0.12999999523162842,0.12999999523162842,0.12999999523162842,0.12999999523162842,1000,0.0,0.0
1995-12-01 00:00:00-05:00,0.12999999523162842,0.12999999523162842,0.12999999523162842,0.12999999523162842,0,0.0,0.0
1995-12-04 00:00:00-05:00,0.12999999523162842,0.12999999523162842,0.12999999523162842,0.12999999523162842,0,0.0,0.0
1995-12-05 00:00:00-05:00,0.12999999523162842,0.12999999523162842,0.12999999523162842,0.12999999523162842,20000,0.0,0.0
1995-12-06 00:00:00-05:00,0.12999999523162842,0.12999999523162842,0.12999999523162842,0.12999999523162842,0,0.0,0.0
1995-12-07 00:00:00-05:00,0.12999999523162842,0.12999999523162842,0.12999999523162842,0.12999999523162842,0,0.0,0.0
1995-12-08 00:00:00-05:00,0.12999999523162842,0.12999999523162842,0.12999999523162842,0.12999999523162842,0,0.0,0.0
1995-12-11 00:00:00-05:00,0.10999999940395355,0.10999999940395355,0.10999999940395355,0.10999999940395355,1500,0.0,0.0
1995-12-12 00:00:00-05:00,0.10999999940395355,0.10999999940395355,0.10999999940395355,0.10999999940395355,2000,0.0,0.0
1995-12-13 00:00:00-05:00,0.10999999940395355,0.10999999940395355,0.10999999940395355,0.10999999940395355,300,0.0,0.0
1995-12-14 00:00:00-05:00,0.11999999731779099,0.11999999731779099,0.10999999940395355,0.10999999940395355,34000,0.0,0.0
1995-12-15 00:00:00-05:00,0.10999999940395355,0.10999999940395355,0.10999999940395355,0.10999999940395355,600,0.0,0.0
1995-12-18 00:00:00-05:00,0.10999999940395355,0.10999999940395355,0.10999999940395355,0.10999999940395355,0,0.0,0.0
1995-12-19 00:00:00-05:00,0.10999999940395355,0.11999999731779099,0.10999999940395355,0.11999999731779099,44000,0.0,0.0
1995-12-20 00:00:00-05:00,0.10999999940395355,0.10999999940395355,0.10999999940395355,0.10999999940395355,2000,0.0,0.0
1995-12-21 00:00:00-05:00,0.10999999940395355,0.10999999940395355,0.10999999940395355,0.10999999940395355,3300,0.0,0.0
1995-12-22 00:00:00-05:00,0.10999999940395355,0.10999999940395355,0.10999999940395355,0.10999999940395355,0,0.0,0.0
1995-12-26 00:00:00-05:00,0.10999999940395355,0.10999999940395355,0.10999999940395355,0.10999999940395355,1000,0.0,0.0
1995-12-27 00:00:00-05:00,0.14000000059604645,0.14000000059604645,0.14000000059604645,0.14000000059604645,15000,0.0,0.0
1995-12-28 00:00:00-05:00,0.15000000596046448,0.15000000596046448,0.15000000596046448,0.15000000596046448,1300,0.0,0.0
1995-12-29 00:00:00-05:00,0.10999999940395355,0.10999999940395355,0.10999999940395355,0.10999999940395355,1800,0.0,0.0
1996-01-02 00:00:00-05:00,0.10999999940395355,0.10999999940395355,0.10999999940395355,0.10999999940395355,0,0.0,0.0
1996-01-03 00:00:00-05:00,0.14000000059604645,0.15000000596046448,0.14000000059604645,0.15000000596046448,25000,0.0,0.0
1996-01-04 00:00:00-05:00,0.11999999731779099,0.11999999731779099,0.11999999731779099,0.11999999731779099,10000,0.0,0.0
1996-01-05 00:00:00-05:00,0.14000000059604645,0.15000000596046448,0.14000000059604645,0.15000000596046448,40000,0.0,0.0
1996-01-08 00:00:00-05:00,0.15000000596046448,0.15000000596046448,0.15000000596046448,0.15000000596046448,0,0.0,0.0
1996-01-09 00:00:00-05:00,0.125,0.125,0.125,0.125,500,0.0,0.0
1996-01-10 00:00:00-05:00,0.125,0.125,0.125,0.125,1400,0.0,0.0
1996-01-11 00:00:00-05:00,0.125,0.125,0.125,0.125,0,0.0,0.0
1996-01-12 00:00:00-05:00,0.125,0.125,0.125,0.125,0,0.0,0.0
1996-01-15 00:00:00-05:00,0.125,0.125,0.125,0.125,0,0.0,0.0
1996-01-16 00:00:00-05:00,0.15000000596046448,0.15000000596046448,0.14000000059604645,0.14000000059604645,32500,0.0,0.0
1996-01-17 00:00:00-05:00,0.14000000059604645,0.14000000059604645,0.14000000059604645,0.14000000059604645,0,0.0,0.0
1996-01-18 00:00:00-05:00,0.14000000059604645,0.14000000059604645,0.14000000059604645,0.14000000059604645,0,0.0,0.0
1996-01-19 00:00:00-05:00,0.17000000178813934,0.17000000178813934,0.17000000178813934,0.17000000178813934,10000,0.0,0.0
1996-01-22 00:00:00-05:00,0.17000000178813934,0.17000000178813934,0.17000000178813934,0.17000000178813934,0,0.0,0.0
1996-01-23 00:00:00-05:00,0.17000000178813934,0.17000000178813934,0.17000000178813934,0.17000000178813934,0,0.0,0.0
1996-01-24 00:00:00-05:00,0.14000000059604645,0.14000000059604645,0.14000000059604645,0.14000000059604645,5000,0.0,0.0
1996-01-25 00:00:00-05:00,0.14000000059604645,0.18000000715255737,0.14000000059604645,0.14000000059604645,18100,0.0,0.0
1996-01-26 00:00:00-05:00,0.14000000059604645,0.14000000059604645,0.14000000059604645,0.14000000059604645,0,0.0,0.0
1996-01-29 00:00:00-05:00,0.14000000059604645,0.14000000059604645,0.14000000059604645,0.14000000059604645,0,0.0,0.0
1996-01-30 00:00:00-05:00,0.14000000059604645,0.14000000059604645,0.14000000059604645,0.14000000059604645,0,0.0,0.0
1996-01-31 00:00:00-05:00,0.14000000059604645,0.14000000059604645,0.14000000059604645,0.14000000059604645,0,0.0,0.0
1996-02-01 00:00:00-05:00,0.14000000059604645,0.14000000059604645,0.14000000059604645,0.14000000059604645,0,0.0,0.0
1996-02-02 00:00:00-05:00,0.14000000059604645,0.14000000059604645,0.14000000059604645,0.14000000059604645,0,0.0,0.0
1996-02-05 00:00:00-05:00,0.14000000059604645,0.14000000059604645,0.14000000059604645,0.14000000059604645,0,0.0,0.0
1996-02-06 00:00:00-05:00,0.14000000059604645,0.14000000059604645,0.14000000059604645,0.14000000059604645,0,0.0,0.0
1996-02-07 00:00:00-05:00,0.12999999523162842,0.12999999523162842,0.12999999523162842,0.12999999523162842,10800,0.0,0.0
1996-02-08 00:00:00-05:00,0.12999999523162842,0.12999999523162842,0.12999999523162842,0.12999999523162842,0,0.0,0.0
1996-02-09 00:00:00-05:00,0.12999999523162842,0.12999999523162842,0.12999999523162842,0.12999999523162842,3000,0.0,0.0
1996-02-12 00:00:00-05:00,0.12999999523162842,0.12999999523162842,0.12999999523162842,0.12999999523162842,0,0.0,0.0
1996-02-13 00:00:00-05:00,0.12999999523162842,0.12999999523162842,0.12999999523162842,0.12999999523162842,0,0.0,0.0
1996-02-14 00:00:00-05:00,0.12999999523162842,0.12999999523162842,0.12999999523162842,0.12999999523162842,1000,0.0,0.0
1996-02-15 00:00:00-05:00,0.12999999523162842,0.12999999523162842,0.12999999523162842,0.12999999523162842,0,0.0,0.0
1996-02-16 00:00:00-05:00,0.12999999523162842,0.12999999523162842,0.12999999523162842,0.12999999523162842,0,0.0,0.0
1996-02-20 00:00:00-05:00,0.12999999523162842,0.12999999523162842,0.12999999523162842,0.12999999523162842,0,0.0,0.0
1996-02-21 00:00:00-05:00,0.12999999523162842,0.12999999523162842,0.12999999523162842,0.12999999523162842,4500,0.0,0.0
1996-02-22 00:00:00-05:00,0.15000000596046448,0.15000000596046448,0.15000000596046448,0.15000000596046448,15000,0.0,0.0
1996-02-23 00:00:00-05:00,0.12999999523162842,0.12999999523162842,0.12999999523162842,0.12999999523162842,18000,0.0,0.0
1996-02-26 00:00:00-05:00,0.12999999523162842,0.12999999523162842,0.12999999523162842,0.12999999523162842,2000,0.0,0.0
1996-02-27 00:00:00-05:00,0.12999999523162842,0.12999999523162842,0.12999999523162842,0.12999999523162842,0,0.0,0.0
1996-02-28 00:00:00-05:00,0.12999999523162842,0.12999999523162842,0.12999999523162842,0.12999999523162842,0,0.0,0.0
1996-02-29 00:00:00-05:00,0.12999999523162842,0.12999999523162842,0.12999999523162842,0.12999999523162842,0,0.0,0.0
1996-03-01 00:00:00-05:00,0.12999999523162842,0.12999999523162842,0.12999999523162842,0.12999999523162842,0,0.0,0.0
1996-03-04 00:00:00-05:00,0.12999999523162842,0.12999999523162842,0.12999999523162842,0.12999999523162842,900,0.0,0.0
1996-03-05 00:00:00-05:00,0.12999999523162842,0.12999999523162842,0.12999999523162842,0.12999999523162842,1000,0.0,0.0
1996-03-06 00:00:00-05:00,0.15000000596046448,0.15000000596046448,0.12999999523162842,0.12999999523162842,7500,0.0,0.0
1996-03-07 00:00:00-05:00,0.12999999523162842,0.12999999523162842,0.12999999523162842,0.12999999523162842,0,0.0,0.0
1996-03-08 00:00:00-05:00,0.12999999523162842,0.12999999523162842,0.12999999523162842,0.12999999523162842,0,0.0,0.0
1996-03-11 00:00:00-05:00,0.12999999523162842,0.12999999523162842,0.12999999523162842,0.12999999523162842,5200,0.0,0.0
1996-03-12 00:00:00-05:00,0.14000000059604645,0.14000000059604645,0.14000000059604645,0.14000000059604645,10000,0.0,0.0
1996-03-13 00:00:00-05:00,0.11999999731779099,0.12999999523162842,0.11999999731779099,0.12999999523162842,20000,0.0,0.0
1996-03-14 00:00:00-05:00,0.12999999523162842,0.12999999523162842,0.12999999523162842,0.12999999523162842,0,0.0,0.0
1996-03-15 00:00:00-05:00,0.10999999940395355,0.10999999940395355,0.10999999940395355,0.10999999940395355,12500,0.0,0.0
1996-03-18 00:00:00-05:00,0.10999999940395355,0.12999999523162842,0.10999999940395355,0.12999999523162842,33000,0.0,0.0
1996-03-19 00:00:00-05:00,0.12999999523162842,0.12999999523162842,0.11999999731779099,0.11999999731779099,19500,0.0,0.0
1996-03-20 00:00:00-05:00,0.11999999731779099,0.11999999731779099,0.11999999731779099,0.11999999731779099,0,0.0,0.0
1996-03-21 00:00:00-05:00,0.11999999731779099,0.11999999731779099,0.11999999731779099,0.11999999731779099,0,0.0,0.0
1996-03-22 00:00:00-05:00,0.125,0.12999999523162842,0.125,0.12999999523162842,20000,0.0,0.0
1996-03-25 00:00:00-05:00,0.12999999523162842,0.12999999523162842,0.12999999523162842,0.12999999523162842,0,0.0,0.0
1996-03-26 00:00:00-05:00,0.12999999523162842,0.12999999523162842,0.12999999523162842,0.12999999523162842,0,0.0,0.0
1996-03-27 00:00:00-05:00,0.11999999731779099,0.12999999523162842,0.11999999731779099,0.12999999523162842,55000,0.0,0.0
1996-03-28 00:00:00-05:00,0.13500000536441803,0.13500000536441803,0.13500000536441803,0.13500000536441803,3500,0.0,0.0
1996-03-29 00:00:00-05:00,0.10999999940395355,0.10999999940395355,0.10999999940395355,0.10999999940395355,200,0.0,0.0
1996-04-01 00:00:00-05:00,0.10999999940395355,0.10999999940395355,0.10999999940395355,0.10999999940395355,0,0.0,0.0
1996-04-02 00:00:00-05:00,0.10999999940395355,0.10999999940395355,0.10999999940395355,0.10999999940395355,0,0.0,0.0
1996-04-03 00:00:00-05:00,0.10999999940395355,0.10999999940395355,0.10999999940395355,0.10999999940395355,11000,0.0,0.0
1996-04-04 00:00:00-05:00,0.10999999940395355,0.10999999940395355,0.10999999940395355,0.10999999940395355,0,0.0,0.0
1996-04-08 00:00:00-04:00,0.11500000208616257,0.11500000208616257,0.11500000208616257,0.11500000208616257,10000,0.0,0.0
1996-04-09 00:00:00-04:00,0.11500000208616257,0.11500000208616257,0.11500000208616257,0.11500000208616257,33000,0.0,0.0
1996-04-10 00:00:00-04:00,0.11500000208616257,0.11500000208616257,0.11500000208616257,0.11500000208616257,0,0.0,0.0
1996-04-11 00:00:00-04:00,0.11500000208616257,0.11500000208616257,0.11500000208616257,0.11500000208616257,0,0.0,0.0
1996-04-12 00:00:00-04:00,0.125,0.14000000059604645,0.125,0.13500000536441803,67000,0.0,0.0
1996-04-15 00:00:00-04:00,0.11500000208616257,0.11500000208616257,0.11500000208616257,0.11500000208616257,2000,0.0,0.0
1996-04-16 00:00:00-04:00,0.14000000059604645,0.14000000059604645,0.14000000059604645,0.14000000059604645,5000,0.0,0.0
1996-04-17 00:00:00-04:00,0.14000000059604645,0.14000000059604645,0.14000000059604645,0.14000000059604645,3000,0.0,0.0
1996-04-18 00:00:00-04:00,0.14000000059604645,0.14000000059604645,0.14000000059604645,0.14000000059604645,0,0.0,0.0
1996-04-19 00:00:00-04:00,0.14000000059604645,0.14000000059604645,0.14000000059604645,0.14000000059604645,0,0.0,0.0
1996-04-22 00:00:00-04:00,0.14000000059604645,0.14000000059604645,0.14000000059604645,0.14000000059604645,0,0.0,0.0
1996-04-23 00:00:00-04:00,0.14000000059604645,0.14000000059604645,0.14000000059604645,0.14000000059604645,0,0.0,0.0
1996-04-24 00:00:00-04:00,0.11999999731779099,0.11999999731779099,0.11999999731779099,0.11999999731779099,25000,0.0,0.0
1996-04-25 00:00:00-04:00,0.14000000059604645,0.14000000059604645,0.125,0.125,35000,0.0,0.0
1996-04-26 00:00:00-04:00,0.10999999940395355,0.10999999940395355,0.10999999940395355,0.10999999940395355,10000,0.0,0.0
1996-04-29 00:00:00-04:00,0.10999999940395355,0.10999999940395355,0.10999999940395355,0.10999999940395355,0,0.0,0.0
1996-04-30 00:00:00-04:00,0.10999999940395355,0.10999999940395355,0.10999999940395355,0.10999999940395355,30000,0.0,0.0
1996-05-01 00:00:00-04:00,0.10999999940395355,0.10999999940395355,0.10999999940395355,0.10999999940395355,0,0.0,0.0
1996-05-02 00:00:00-04:00,0.10999999940395355,0.10999999940395355,0.10000000149011612,0.10999999940395355,57500,0.0,0.0
1996-05-03 00:00:00-04:00,0.11999999731779099,0.11999999731779099,0.11999999731779099,0.11999999731779099,20000,0.0,0.0
1996-05-06 00:00:00-04:00,0.11999999731779099,0.11999999731779099,0.11999999731779099,0.11999999731779099,0,0.0,0.0
1996-05-07 00:00:00-04:00,0.11999999731779099,0.11999999731779099,0.11999999731779099,0.11999999731779099,0,0.0,0.0
1996-05-08 00:00:00-04:00,0.11999999731779099,0.11999999731779099,0.11999999731779099,0.11999999731779099,20000,0.0,0.0
1996-05-09 00:00:00-04:00,0.11999999731779099,0.11999999731779099,0.11999999731779099,0.11999999731779099,0,0.0,0.0
1996-05-10 00:00:00-04:00,0.10000000149011612,0.10000000149011612,0.10000000149011612,0.10000000149011612,50000,0.0,0.0
1996-05-13 00:00:00-04:00,0.11999999731779099,0.11999999731779099,0.10000000149011612,0.10000000149011612,11000,0.0,0.0
1996-05-14 00:00:00-04:00,0.10000000149011612,0.11999999731779099,0.10000000149011612,0.11999999731779099,18000,0.0,0.0
1996-05-15 00:00:00-04:00,0.11999999731779099,0.11999999731779099,0.11999999731779099,0.11999999731779099,0,0.0,0.0
1996-05-16 00:00:00-04:00,0.10000000149011612,0.10000000149011612,0.10000000149011612,0.10000000149011612,46500,0.0,0.0
1996-05-17 00:00:00-04:00,0.09000000357627869,0.09000000357627869,0.09000000357627869,0.09000000357627869,500,0.0,0.0
1996-05-20 00:00:00-04:00,0.09000000357627869,0.09000000357627869,0.09000000357627869,0.09000000357627869,2600,0.0,0.0
1996-05-21 00:00:00-04:00,0.09000000357627869,0.09000000357627869,0.09000000357627869,0.09000000357627869,0,0.0,0.0
1996-05-22 00:00:00-04:00,0.10999999940395355,0.10999999940395355,0.10999999940395355,0.10999999940395355,20000,0.0,0.0
1996-05-23 00:00:00-04:00,0.09000000357627869,0.09000000357627869,0.09000000357627869,0.09000000357627869,2200,0.0,0.0
1996-05-24 00:00:00-04:00,0.09000000357627869,0.09000000357627869,0.09000000357627869,0.09000000357627869,0,0.0,0.0
1996-05-28 00:00:00-04:00,0.09000000357627869,0.09000000357627869,0.09000000357627869,0.09000000357627869,0,0.0,0.0
1996-05-29 00:00:00-04:00,0.09000000357627869,0.09000000357627869,0.09000000357627869,0.09000000357627869,0,0.0,0.0
1996-05-30 00:00:00-04:00,0.09000000357627869,0.09000000357627869,0.09000000357627869,0.09000000357627869,0,0.0,0.0
1996-05-31 00:00:00-04:00,0.09000000357627869,0.09000000357627869,0.09000000357627869,0.09000000357627869,0,0.0,0.0
1996-06-03 00:00:00-04:00,0.09000000357627869,0.09000000357627869,0.09000000357627869,0.09000000357627869,0,0.0,0.0
1996-06-04 00:00:00-04:00,0.09000000357627869,0.09000000357627869,0.09000000357627869,0.09000000357627869,50000,0.0,0.0
1996-06-05 00:00:00-04:00,0.09000000357627869,0.09000000357627869,0.09000000357627869,0.09000000357627869,0,0.0,0.0
1996-06-06 00:00:00-04:00,0.10999999940395355,0.10999999940395355,0.10999999940395355,0.10999999940395355,500,0.0,0.0
1996-06-07 00:00:00-04:00,0.07999999821186066,0.07999999821186066,0.07999999821186066,0.07999999821186066,1000,0.0,0.0
1996-06-10 00:00:00-04:00,0.07999999821186066,0.07999999821186066,0.07999999821186066,0.07999999821186066,0,0.0,0.0
1996-06-11 00:00:00-04:00,0.07999999821186066,0.07999999821186066,0.07999999821186066,0.07999999821186066,0,0.0,0.0
1996-06-12 00:00:00-04:00,0.07999999821186066,0.07999999821186066,0.07999999821186066,0.07999999821186066,0,0.0,0.0
1996-06-13 00:00:00-04:00,0.07999999821186066,0.07999999821186066,0.07999999821186066,0.07999999821186066,0,0.0,0.0
1996-06-14 00:00:00-04:00,0.07999999821186066,0.10499999672174454,0.07999999821186066,0.10499999672174454,10100,0.0,0.0
1996-06-17 00:00:00-04:00,0.10499999672174454,0.10499999672174454,0.10499999672174454,0.10499999672174454,0,0.0,0.0
1996-06-18 00:00:00-04:00,0.10499999672174454,0.10499999672174454,0.10499999672174454,0.10499999672174454,20000,0.0,0.0
1996-06-19 00:00:00-04:00,0.10999999940395355,0.11999999731779099,0.10000000149011612,0.11500000208616257,82000,0.0,0.0
1996-06-20 00:00:00-04:00,0.11500000208616257,0.11500000208616257,0.11500000208616257,0.11500000208616257,0,0.0,0.0
1996-06-21 00:00:00-04:00,0.10999999940395355,0.10999999940395355,0.10999999940395355,0.10999999940395355,40000,0.0,0.0
1996-06-24 00:00:00-04:00,0.10999999940395355,0.10999999940395355,0.10999999940395355,0.10999999940395355,0,0.0,0.0
1996-06-25 00:00:00-04:00,0.10999999940395355,0.10999999940395355,0.10999999940395355,0.10999999940395355,0,0.0,0.0
1996-06-26 00:00:00-04:00,0.10999999940395355,0.10999999940395355,0.10999999940395355,0.10999999940395355,11000,0.0,0.0
1996-06-27 00:00:00-04:00,0.10999999940395355,0.10999999940395355,0.10999999940395355,0.10999999940395355,25000,0.0,0.0
1996-06-28 00:00:00-04:00,0.10999999940395355,0.10999999940395355,0.10999999940395355,0.10999999940395355,0,0.0,0.0
1996-07-01 00:00:00-04:00,0.10999999940395355,0.10999999940395355,0.10999999940395355,0.10999999940395355,3100,0.0,0.0
1996-07-02 00:00:00-04:00,0.10999999940395355,0.10999999940395355,0.10999999940395355,0.10999999940395355,10500,0.0,0.0
1996-07-03 00:00:00-04:00,0.10000000149011612,0.10000000149011612,0.10000000149011612,0.10000000149011612,30000,0.0,0.0
1996-07-05 00:00:00-04:00,0.10000000149011612,0.10000000149011612,0.10000000149011612,0.10000000149011612,0,0.0,0.0
1996-07-08 00:00:00-04:00,0.10000000149011612,0.10000000149011612,0.10000000149011612,0.10000000149011612,0,0.0,0.0
1996-07-09 00:00:00-04:00,0.09000000357627869,0.09000000357627869,0.09000000357627869,0.09000000357627869,1500,0.0,0.0
1996-07-10 00:00:00-04:00,0.09000000357627869,0.09000000357627869,0.09000000357627869,0.09000000357627869,0,0.0,0.0
1996-07-11 00:00:00-04:00,0.09000000357627869,0.09000000357627869,0.09000000357627869,0.09000000357627869,5000,0.0,0.0
1996-07-12 00:00:00-04:00,0.09000000357627869,0.09000000357627869,0.09000000357627869,0.09000000357627869,0,0.0,0.0
1996-07-15 00:00:00-04:00,0.09000000357627869,0.09000000357627869,0.09000000357627869,0.09000000357627869,0,0.0,0.0
1996-07-16 00:00:00-04:00,0.09000000357627869,0.09000000357627869,0.09000000357627869,0.09000000357627869,0,0.0,0.0
1996-07-17 00:00:00-04:00,0.09000000357627869,0.09000000357627869,0.09000000357627869,0.09000000357627869,0,0.0,0.0
1996-07-18 00:00:00-04:00,0.07999999821186066,0.07999999821186066,0.07999999821186066,0.07999999821186066,5000,0.0,0.0
1996-07-19 00:00:00-04:00,0.07999999821186066,0.07999999821186066,0.07999999821186066,0.07999999821186066,2000,0.0,0.0
1996-07-22 00:00:00-04:00,0.07999999821186066,0.07999999821186066,0.07999999821186066,0.07999999821186066,0,0.0,0.0
1996-07-23 00:00:00-04:00,0.07999999821186066,0.07999999821186066,0.07999999821186066,0.07999999821186066,0,0.0,0.0
1996-07-24 00:00:00-04:00,0.07999999821186066,0.07999999821186066,0.07999999821186066,0.07999999821186066,0,0.0,0.0
1996-07-25 00:00:00-04:00,0.07999999821186066,0.07999999821186066,0.07999999821186066,0.07999999821186066,0,0.0,0.0
1996-07-26 00:00:00-04:00,0.07999999821186066,0.07999999821186066,0.07999999821186066,0.07999999821186066,32400,0.0,0.0
1996-07-29 00:00:00-04:00,0.07999999821186066,0.07999999821186066,0.07999999821186066,0.07999999821186066,0,0.0,0.0
1996-07-30 00:00:00-04:00,0.07999999821186066,0.09000000357627869,0.07000000029802322,0.09000000357627869,35000,0.0,0.0
1996-07-31 00:00:00-04:00,0.09000000357627869,0.09000000357627869,0.09000000357627869,0.09000000357627869,0,0.0,0.0
1996-08-01 00:00:00-04:00,0.09000000357627869,0.09000000357627869,0.09000000357627869,0.09000000357627869,0,0.0,0.0
1996-08-02 00:00:00-04:00,0.09000000357627869,0.09000000357627869,0.09000000357627869,0.09000000357627869,0,0.0,0.0
1996-08-05 00:00:00-04:00,0.07000000029802322,0.07000000029802322,0.07000000029802322,0.07000000029802322,1200,0.0,0.0
1996-08-06 00:00:00-04:00,0.07000000029802322,0.07000000029802322,0.07000000029802322,0.07000000029802322,0,0.0,0.0
1996-08-07 00:00:00-04:00,0.07000000029802322,0.07000000029802322,0.07000000029802322,0.07000000029802322,0,0.0,0.0
1996-08-08 00:00:00-04:00,0.07000000029802322,0.07000000029802322,0.07000000029802322,0.07000000029802322,0,0.0,0.0
1996-08-09 00:00:00-04:00,0.07000000029802322,0.07000000029802322,0.07000000029802322,0.07000000029802322,0,0.0,0.0
1996-08-12 00:00:00-04:00,0.07000000029802322,0.07000000029802322,0.07000000029802322,0.07000000029802322,0,0.0,0.0
1996-08-13 00:00:00-04:00,0.07000000029802322,0.07000000029802322,0.07000000029802322,0.07000000029802322,0,0.0,0.0
1996-08-14 00:00:00-04:00,0.07000000029802322,0.07000000029802322,0.07000000029802322,0.07000000029802322,0,0.0,0.0
1996-08-15 00:00:00-04:00,0.07000000029802322,0.07000000029802322,0.07000000029802322,0.07000000029802322,0,0.0,0.0
1996-08-16 00:00:00-04:00,0.07000000029802322,0.07000000029802322,0.07000000029802322,0.07000000029802322,0,0.0,0.0
1996-08-19 00:00:00-04:00,0.07000000029802322,0.07000000029802322,0.07000000029802322,0.07000000029802322,0,0.0,0.0
1996-08-20 00:00:00-04:00,0.0949999988079071,0.0949999988079071,0.0949999988079071,0.0949999988079071,20000,0.0,0.0
1996-08-21 00:00:00-04:00,0.0949999988079071,0.0949999988079071,0.0949999988079071,0.0949999988079071,0,0.0,0.0
1996-08-22 00:00:00-04:00,0.0949999988079071,0.0949999988079071,0.0949999988079071,0.0949999988079071,0,0.0,0.0
1996-08-23 00:00:00-04:00,0.07000000029802322,0.07000000029802322,0.07000000029802322,0.07000000029802322,39000,0.0,0.0
1996-08-26 00:00:00-04:00,0.0949999988079071,0.0949999988079071,0.0949999988079071,0.0949999988079071,30000,0.0,0.0
1996-08-27 00:00:00-04:00,0.09000000357627869,0.09000000357627869,0.09000000357627869,0.09000000357627869,10000,0.0,0.0
1996-08-28 00:00:00-04:00,0.09000000357627869,0.09000000357627869,0.09000000357627869,0.09000000357627869,0,0.0,0.0
1996-08-29 00:00:00-04:00,0.09000000357627869,0.09000000357627869,0.09000000357627869,0.09000000357627869,0,0.0,0.0
1996-08-30 00:00:00-04:00,0.09000000357627869,0.09000000357627869,0.09000000357627869,0.09000000357627869,0,0.0,0.0
1996-09-03 00:00:00-04:00,0.09000000357627869,0.09000000357627869,0.09000000357627869,0.09000000357627869,0,0.0,0.0
1996-09-04 00:00:00-04:00,0.10000000149011612,0.10000000149011612,0.0949999988079071,0.0949999988079071,27500,0.0,0.0
1996-09-05 00:00:00-04:00,0.10000000149011612,0.10000000149011612,0.10000000149011612,0.10000000149011612,73600,0.0,0.0
1996-09-06 00:00:00-04:00,0.10000000149011612,0.10000000149011612,0.10000000149011612,0.10000000149011612,0,0.0,0.0
1996-09-09 00:00:00-04:00,0.10000000149011612,0.10000000149011612,0.10000000149011612,0.10000000149011612,0,0.0,0.0
1996-09-10 00:00:00-04:00,0.10000000149011612,0.10000000149011612,0.10000000149011612,0.10000000149011612,0,0.0,0.0
1996-09-11 00:00:00-04:00,0.10000000149011612,0.10000000149011612,0.10000000149011612,0.10000000149011612,0,0.0,0.0
1996-09-12 00:00:00-04:00,0.08500000089406967,0.08500000089406967,0.08500000089406967,0.08500000089406967,1000,0.0,0.0
1996-09-13 00:00:00-04:00,0.08500000089406967,0.08500000089406967,0.08500000089406967,0.08500000089406967,0,0.0,0.0
1996-09-16 00:00:00-04:00,0.08500000089406967,0.08500000089406967,0.08500000089406967,0.08500000089406967,0,0.0,0.0
1996-09-17 00:00:00-04:00,0.08500000089406967,0.08500000089406967,0.08500000089406967,0.08500000089406967,0,0.0,0.0
1996-09-18 00:00:00-04:00,0.08500000089406967,0.08500000089406967,0.08500000089406967,0.08500000089406967,0,0.0,0.0
1996-09-19 00:00:00-04:00,0.10499999672174454,0.10999999940395355,0.10499999672174454,0.10999999940395355,38000,0.0,0.0
1996-09-20 00:00:00-04:00,0.10999999940395355,0.10999999940395355,0.10999999940395355,0.10999999940395355,0,0.0,0.0
1996-09-23 00:00:00-04:00,0.11999999731779099,0.11999999731779099,0.11999999731779099,0.11999999731779099,10000,0.0,0.0
1996-09-24 00:00:00-04:00,0.11999999731779099,0.11999999731779099,0.11999999731779099,0.11999999731779099,0,0.0,0.0
1996-09-25 00:00:00-04:00,0.09000000357627869,0.11999999731779099,0.09000000357627869,0.11999999731779099,100000,0.0,0.0
1996-09-26 00:00:00-04:00,0.15000000596046448,0.15000000596046448,0.15000000596046448,0.15000000596046448,4900,0.0,0.0
1996-09-27 00:00:00-04:00,0.10999999940395355,0.15000000596046448,0.10999999940395355,0.15000000596046448,27000,0.0,0.0
1996-09-30 00:00:00-04:00,0.14000000059604645,0.14000000059604645,0.14000000059604645,0.14000000059604645,2000,0.0,0.0
1996-10-01 00:00:00-04:00,0.10999999940395355,0.10999999940395355,0.10999999940395355,0.10999999940395355,30000,0.0,0.0
1996-10-02 00:00:00-04:00,0.10999999940395355,0.10999999940395355,0.10999999940395355,0.10999999940395355,0,0.0,0.0
1996-10-03 00:00:00-04:00,0.10999999940395355,0.10999999940395355,0.10999999940395355,0.10999999940395355,0,0.0,0.0
1996-10-04 00:00:00-04:00,0.10999999940395355,0.10999999940395355,0.10999999940395355,0.10999999940395355,1000,0.0,0.0
1996-10-07 00:00:00-04:00,0.10999999940395355,0.10999999940395355,0.10999999940395355,0.10999999940395355,30000,0.0,0.0
1996-10-08 00:00:00-04:00,0.10999999940395355,0.10999999940395355,0.10999999940395355,0.10999999940395355,0,0.0,0.0
1996-10-09 00:00:00-04:00,0.10999999940395355,0.10999999940395355,0.10999999940395355,0.10999999940395355,0,0.0,0.0
1996-10-10 00:00:00-04:00,0.10999999940395355,0.10999999940395355,0.10999999940395355,0.10999999940395355,0,0.0,0.0
1996-10-11 00:00:00-04:00,0.10000000149011612,0.10000000149011612,0.10000000149011612,0.10000000149011612,100,0.0,0.0
1996-10-14 00:00:00-04:00,0.10000000149011612,0.10000000149011612,0.10000000149011612,0.10000000149011612,0,0.0,0.0
1996-10-15 00:00:00-04:00,0.10000000149011612,0.10999999940395355,0.10000000149011612,0.10999999940395355,30000,0.0,0.0
1996-10-16 00:00:00-04:00,0.09000000357627869,0.10999999940395355,0.09000000357627869,0.10999999940395355,22200,0.0,0.0
1996-10-17 00:00:00-04:00,0.09000000357627869,0.09000000357627869,0.09000000357627869,0.09000000357627869,2000,0.0,0.0
1996-10-18 00:00:00-04:00,0.09000000357627869,0.10000000149011612,0.08500000089406967,0.10000000149011612,115000,0.0,0.0
1996-10-21 00:00:00-04:00,0.10000000149011612,0.10000000149011612,0.07999999821186066,0.09000000357627869,38900,0.0,0.0
1996-10-22 00:00:00-04:00,0.10000000149011612,0.10000000149011612,0.09000000357627869,0.10000000149011612,49400,0.0,0.0
1996-10-23 00:00:00-04:00,0.07999999821186066,0.07999999821186066,0.07999999821186066,0.07999999821186066,55000,0.0,0.0
1996-10-24 00:00:00-04:00,0.10000000149011612,0.10000000149011612,0.08500000089406967,0.08500000089406967,31000,0.0,0.0
1996-10-25 00:00:00-04:00,0.08500000089406967,0.08500000089406967,0.08500000089406967,0.08500000089406967,0,0.0,0.0
1996-10-28 00:00:00-05:00,0.10000000149011612,0.10999999940395355,0.0949999988079071,0.10999999940395355,50000,0.0,0.0
1996-10-29 00:00:00-05:00,0.10999999940395355,0.10999999940395355,0.10999999940395355,0.10999999940395355,8900,0.0,0.0
1996-10-30 00:00:00-05:00,0.11999999731779099,0.11999999731779099,0.11999999731779099,0.11999999731779099,5000,0.0,0.0
1996-10-31 00:00:00-05:00,0.11999999731779099,0.11999999731779099,0.11999999731779099,0.11999999731779099,5000,0.0,0.0
1996-11-01 00:00:00-05:00,0.11999999731779099,0.11999999731779099,0.11999999731779099,0.11999999731779099,25000,0.0,0.0
1996-11-04 00:00:00-05:00,0.10999999940395355,0.10999999940395355,0.10999999940395355,0.10999999940395355,15000,0.0,0.0
1996-11-05 00:00:00-05:00,0.10999999940395355,0.10999999940395355,0.10999999940395355,0.10999999940395355,0,0.0,0.0
1996-11-06 00:00:00-05:00,0.10999999940395355,0.10999999940395355,0.10999999940395355,0.10999999940395355,0,0.0,0.0
1996-11-07 00:00:00-05:00,0.10000000149011612,0.10000000149011612,0.10000000149011612,0.10000000149011612,27000,0.0,0.0
1996-11-08 00:00:00-05:00,0.09000000357627869,0.12999999523162842,0.09000000357627869,0.12999999523162842,4000,0.0,0.0
1996-11-11 00:00:00-05:00,0.125,0.125,0.125,0.125,5000,0.0,0.0
1996-11-12 00:00:00-05:00,0.10000000149011612,0.10000000149011612,0.10000000149011612,0.10000000149011612,10000,0.0,0.0
1996-11-13 00:00:00-05:00,0.09000000357627869,0.09000000357627869,0.09000000357627869,0.09000000357627869,1000,0.0,0.0
1996-11-14 00:00:00-05:00,0.09000000357627869,0.09000000357627869,0.09000000357627869,0.09000000357627869,0,0.0,0.0
1996-11-15 00:00:00-05:00,0.09000000357627869,0.09000000357627869,0.09000000357627869,0.09000000357627869,32700,0.0,0.0
1996-11-18 00:00:00-05:00,0.09000000357627869,0.10999999940395355,0.09000000357627869,0.10999999940395355,10900,0.0,0.0
1996-11-19 00:00:00-05:00,0.10999999940395355,0.10999999940395355,0.10999999940395355,0.10999999940395355,0,0.0,0.0
1996-11-20 00:00:00-05:00,0.11999999731779099,0.12999999523162842,0.11999999731779099,0.12999999523162842,25000,0.0,0.0
1996-11-21 00:00:00-05:00,0.09000000357627869,0.09000000357627869,0.09000000357627869,0.09000000357627869,2200,0.0,0.0
1996-11-22 00:00:00-05:00,0.09000000357627869,0.09000000357627869,0.09000000357627869,0.09000000357627869,0,0.0,0.0
1996-11-25 00:00:00-05:00,0.09000000357627869,0.09000000357627869,0.09000000357627869,0.09000000357627869,0,0.0,0.0
1996-11-26 00:00:00-05:00,0.09000000357627869,0.09000000357627869,0.09000000357627869,0.09000000357627869,5000,0.0,0.0
1996-11-27 00:00:00-05:00,0.09000000357627869,0.09000000357627869,0.09000000357627869,0.09000000357627869,0,0.0,0.0
1996-11-29 00:00:00-05:00,0.09000000357627869,0.09000000357627869,0.09000000357627869,0.09000000357627869,0,0.0,0.0
1996-12-02 00:00:00-05:00,0.125,0.125,0.125,0.125,13000,0.0,0.0
1996-12-03 00:00:00-05:00,0.11299999803304672,0.11299999803304672,0.10000000149011612,0.10000000149011612,110000,0.0,0.0
1996-12-04 00:00:00-05:00,0.10000000149011612,0.10000000149011612,0.10000000149011612,0.10000000149011612,0,0.0,0.0
1996-12-05 00:00:00-05:00,0.10000000149011612,0.10000000149011612,0.10000000149011612,0.10000000149011612,300,0.0,0.0
1996-12-06 00:00:00-05:00,0.10000000149011612,0.10000000149011612,0.10000000149011612,0.10000000149011612,6000,0.0,0.0
1996-12-09 00:00:00-05:00,0.10999999940395355,0.10999999940395355,0.10999999940395355,0.10999999940395355,20000,0.0,0.0
1996-12-10 00:00:00-05:00,0.10000000149011612,0.10000000149011612,0.10000000149011612,0.10000000149011612,1300,0.0,0.0
1996-12-11 00:00:00-05:00,0.10000000149011612,0.10000000149011612,0.10000000149011612,0.10000000149011612,0,0.0,0.0
1996-12-12 00:00:00-05:00,0.12999999523162842,0.12999999523162842,0.12999999523162842,0.12999999523162842,2500,0.0,0.0
1996-12-13 00:00:00-05:00,0.10499999672174454,0.10499999672174454,0.10499999672174454,0.10499999672174454,4600,0.0,0.0
1996-12-16 00:00:00-05:00,0.10499999672174454,0.10499999672174454,0.10499999672174454,0.10499999672174454,600,0.0,0.0
1996-12-17 00:00:00-05:00,0.10499999672174454,0.10499999672174454,0.10499999672174454,0.10499999672174454,0,0.0,0.0
1996-12-18 00:00:00-05:00,0.10000000149011612,0.14000000059604645,0.10000000149011612,0.14000000059604645,86000,0.0,0.0
1996-12-19 00:00:00-05:00,0.15000000596046448,0.15000000596046448,0.14000000059604645,0.14000000059604645,20000,0.0,0.0
1996-12-20 00:00:00-05:00,0.13500000536441803,0.18000000715255737,0.13500000536441803,0.18000000715255737,24500,0.0,0.0
1996-12-23 00:00:00-05:00,0.14499999582767487,0.1899999976158142,0.14499999582767487,0.1899999976158142,5200,0.0,0.0
1996-12-24 00:00:00-05:00,0.1899999976158142,0.1899999976158142,0.1899999976158142,0.1899999976158142,0,0.0,0.0
1996-12-26 00:00:00-05:00,0.15000000596046448,0.15000000596046448,0.15000000596046448,0.15000000596046448,2000,0.0,0.0
1996-12-27 00:00:00-05:00,0.15000000596046448,0.17000000178813934,0.15000000596046448,0.17000000178813934,4000,0.0,0.0
1996-12-30 00:00:00-05:00,0.15000000596046448,0.15000000596046448,0.15000000596046448,0.15000000596046448,8000,0.0,0.0
1996-12-31 00:00:00-05:00,0.15000000596046448,0.15000000596046448,0.15000000596046448,0.15000000596046448,10500,0.0,0.0
1997-01-02 00:00:00-05:00,0.15000000596046448,0.15000000596046448,0.15000000596046448,0.15000000596046448,0,0.0,0.0
1997-01-03 00:00:00-05:00,0.15000000596046448,0.15000000596046448,0.15000000596046448,0.15000000596046448,25000,0.0,0.0
1997-01-06 00:00:00-05:00,0.15000000596046448,0.15000000596046448,0.15000000596046448,0.15000000596046448,0,0.0,0.0
1997-01-07 00:00:00-05:00,0.15000000596046448,0.15000000596046448,0.15000000596046448,0.15000000596046448,2000,0.0,0.0
1997-01-08 00:00:00-05:00,0.15000000596046448,0.15000000596046448,0.15000000596046448,0.15000000596046448,5000,0.0,0.0
1997-01-09 00:00:00-05:00,0.15000000596046448,0.15000000596046448,0.15000000596046448,0.15000000596046448,0,0.0,0.0
1997-01-10 00:00:00-05:00,0.15000000596046448,0.15000000596046448,0.15000000596046448,0.15000000596046448,0,0.0,0.0
1997-01-13 00:00:00-05:00,0.15000000596046448,0.15000000596046448,0.15000000596046448,0.15000000596046448,1500,0.0,0.0
1997-01-14 00:00:00-05:00,0.18799999356269836,0.18799999356269836,0.18799999356269836,0.18799999356269836,3000,0.0,0.0
1997-01-15 00:00:00-05:00,0.18799999356269836,0.18799999356269836,0.18799999356269836,0.18799999356269836,0,0.0,0.0
1997-01-16 00:00:00-05:00,0.14000000059604645,0.14000000059604645,0.14000000059604645,0.14000000059604645,7500,0.0,0.0
1997-01-17 00:00:00-05:00,0.14000000059604645,0.14000000059604645,0.14000000059604645,0.14000000059604645,0,0.0,0.0
1997-01-20 00:00:00-05:00,0.14000000059604645,0.14000000059604645,0.14000000059604645,0.14000000059604645,0,0.0,0.0
1997-01-21 00:00:00-05:00,0.15000000596046448,0.15000000596046448,0.15000000596046448,0.15000000596046448,10000,0.0,0.0
1997-01-22 00:00:00-05:00,0.14000000059604645,0.14000000059604645,0.14000000059604645,0.14000000059604645,1000,0.0,0.0
1997-01-23 00:00:00-05:00,0.14000000059604645,0.14000000059604645,0.14000000059604645,0.14000000059604645,0,0.0,0.0
1997-01-24 00:00:00-05:00,0.14000000059604645,0.14000000059604645,0.14000000059604645,0.14000000059604645,40000,0.0,0.0
1997-01-27 00:00:00-05:00,0.14000000059604645,0.14000000059604645,0.14000000059604645,0.14000000059604645,0,0.0,0.0
1997-01-28 00:00:00-05:00,0.14000000059604645,0.14000000059604645,0.14000000059604645,0.14000000059604645,0,0.0,0.0
1997-01-29 00:00:00-05:00,0.15000000596046448,0.15000000596046448,0.11999999731779099,0.15000000596046448,9500,0.0,0.0
1997-01-30 00:00:00-05:00,0.15000000596046448,0.15000000596046448,0.15000000596046448,0.15000000596046448,0,0.0,0.0
1997-01-31 00:00:00-05:00,0.12999999523162842,0.12999999523162842,0.11999999731779099,0.12999999523162842,28000,0.0,0.0
1997-02-03 00:00:00-05:00,0.12999999523162842,0.12999999523162842,0.11999999731779099,0.12999999523162842,30000,0.0,0.0
1997-02-04 00:00:00-05:00,0.10999999940395355,0.10999999940395355,0.10999999940395355,0.10999999940395355,15000,0.0,0.0
1997-02-05 00:00:00-05:00,0.10000000149011612,0.10999999940395355,0.10000000149011612,0.10000000149011612,30000,0.0,0.0
1997-02-06 00:00:00-05:00,0.10999999940395355,0.12999999523162842,0.10999999940395355,0.10999999940395355,52500,0.0,0.0
1997-02-07 00:00:00-05:00,0.10999999940395355,0.10999999940395355,0.10999999940395355,0.10999999940395355,0,0.0,0.0
1997-02-10 00:00:00-05:00,0.14000000059604645,0.14000000059604645,0.14000000059604645,0.14000000059604645,57000,0.0,0.0
1997-02-11 00:00:00-05:00,0.14000000059604645,0.14000000059604645,0.14000000059604645,0.14000000059604645,0,0.0,0.0
1997-02-12 00:00:00-05:00,0.14000000059604645,0.14000000059604645,0.14000000059604645,0.14000000059604645,6600,0.0,0.0
1997-02-13 00:00:00-05:00,0.12999999523162842,0.12999999523162842,0.12999999523162842,0.12999999523162842,10000,0.0,0.0
1997-02-14 00:00:00-05:00,0.12999999523162842,0.12999999523162842,0.12999999523162842,0.12999999523162842,0,0.0,0.0
1997-02-18 00:00:00-05:00,0.12999999523162842,0.12999999523162842,0.12999999523162842,0.12999999523162842,0,0.0,0.0
1997-02-19 00:00:00-05:00,0.12999999523162842,0.12999999523162842,0.12999999523162842,0.12999999523162842,0,0.0,0.0
1997-02-20 00:00:00-05:00,0.12999999523162842,0.12999999523162842,0.12999999523162842,0.12999999523162842,0,0.0,0.0
1997-02-21 00:00:00-05:00,0.11999999731779099,0.11999999731779099,0.11999999731779099,0.11999999731779099,10000,0.0,0.0
1997-02-24 00:00:00-05:00,0.11999999731779099,0.11999999731779099,0.11999999731779099,0.11999999731779099,0,0.0,0.0
1997-02-25 00:00:00-05:00,0.11999999731779099,0.11999999731779099,0.11999999731779099,0.11999999731779099,2200,0.0,0.0
1997-02-26 00:00:00-05:00,0.15000000596046448,0.15000000596046448,0.15000000596046448,0.15000000596046448,50000,0.0,0.0
1997-02-27 00:00:00-05:00,0.15000000596046448,0.15000000596046448,0.15000000596046448,0.15000000596046448,0,0.0,0.0
1997-02-28 00:00:00-05:00,0.125,0.125,0.125,0.125,12000,0.0,0.0
1997-03-03 00:00:00-05:00,0.125,0.125,0.125,0.125,0,0.0,0.0
1997-03-04 00:00:00-05:00,0.125,0.125,0.11999999731779099,0.125,25000,0.0,0.0
1997-03-05 00:00:00-05:00,0.125,0.125,0.125,0.125,0,0.0,0.0
1997-03-06 00:00:00-05:00,0.125,0.125,0.125,0.125,0,0.0,0.0
1997-03-07 00:00:00-05:00,0.125,0.125,0.125,0.125,0,0.0,0.0
1997-03-10 00:00:00-05:00,0.125,0.125,0.125,0.125,0,0.0,0.0
1997-03-11 00:00:00-05:00,0.125,0.125,0.125,0.125,0,0.0,0.0
1997-03-12 00:00:00-05:00,0.10000000149011612,0.10000000149011612,0.10000000149011612,0.10000000149011612,2200,0.0,0.0
1997-03-13 00:00:00-05:00,0.10000000149011612,0.10000000149011612,0.10000000149011612,0.10000000149011612,0,0.0,0.0
1997-03-14 00:00:00-05:00,0.10000000149011612,0.10000000149011612,0.10000000149011612,0.10000000149011612,0,0.0,0.0
1997-03-17 00:00:00-05:00,0.09000000357627869,0.10000000149011612,0.09000000357627869,0.09000000357627869,11000,0.0,0.0
1997-03-18 00:00:00-05:00,0.09000000357627869,0.09000000357627869,0.09000000357627869,0.09000000357627869,0,0.0,0.0
1997-03-19 00:00:00-05:00,0.09000000357627869,0.09000000357627869,0.09000000357627869,0.09000000357627869,0,0.0,0.0
1997-03-20 00:00:00-05:00,0.09000000357627869,0.09000000357627869,0.09000000357627869,0.09000000357627869,0,0.0,0.0
1997-03-21 00:00:00-05:00,0.09000000357627869,0.09000000357627869,0.09000000357627869,0.09000000357627869,0,0.0,0.0
1997-03-24 00:00:00-05:00,0.09000000357627869,0.09000000357627869,0.09000000357627869,0.09000000357627869,0,0.0,0.0
1997-03-25 00:00:00-05:00,0.09000000357627869,0.09000000357627869,0.09000000357627869,0.09000000357627869,0,0.0,0.0
1997-03-26 00:00:00-05:00,0.09000000357627869,0.09000000357627869,0.09000000357627869,0.09000000357627869,0,0.0,0.0
1997-03-27 00:00:00-05:00,0.09000000357627869,0.09000000357627869,0.09000000357627869,0.09000000357627869,0,0.0,0.0
1997-03-31 00:00:00-05:00,0.09000000357627869,0.09000000357627869,0.09000000357627869,0.09000000357627869,0,0.0,0.0
1997-04-01 00:00:00-05:00,0.12999999523162842,0.12999999523162842,0.12999999523162842,0.12999999523162842,20000,0.0,0.0
1997-04-02 00:00:00-05:00,0.0949999988079071,0.0949999988079071,0.0949999988079071,0.0949999988079071,1100,0.0,0.0
1997-04-03 00:00:00-05:00,0.0949999988079071,0.0949999988079071,0.0949999988079071,0.0949999988079071,400,0.0,0.0
1997-04-04 00:00:00-05:00,0.0949999988079071,0.0949999988079071,0.0949999988079071,0.0949999988079071,0,0.0,0.0
1997-04-07 00:00:00-04:00,0.0949999988079071,0.0949999988079071,0.0949999988079071,0.0949999988079071,20000,0.0,0.0
1997-04-08 00:00:00-04:00,0.0949999988079071,0.0949999988079071,0.0949999988079071,0.0949999988079071,0,0.0,0.0
1997-04-09 00:00:00-04:00,0.09000000357627869,0.09000000357627869,0.09000000357627869,0.09000000357627869,500,0.0,0.0
1997-04-10 00:00:00-04:00,0.09000000357627869,0.09000000357627869,0.09000000357627869,0.09000000357627869,0,0.0,0.0
1997-04-11 00:00:00-04:00,0.09000000357627869,0.09000000357627869,0.09000000357627869,0.09000000357627869,0,0.0,0.0
1997-04-14 00:00:00-04:00,0.09000000357627869,0.09000000357627869,0.09000000357627869,0.09000000357627869,9900,0.0,0.0
1997-04-15 00:00:00-04:00,0.09000000357627869,0.09000000357627869,0.09000000357627869,0.09000000357627869,0,0.0,0.0
1997-04-16 00:00:00-04:00,0.09000000357627869,0.09000000357627869,0.09000000357627869,0.09000000357627869,0,0.0,0.0
1997-04-17 00:00:00-04:00,0.09000000357627869,0.09000000357627869,0.09000000357627869,0.09000000357627869,0,0.0,0.0
1997-04-18 00:00:00-04:00,0.09000000357627869,0.09000000357627869,0.09000000357627869,0.09000000357627869,0,0.0,0.0
1997-04-21 00:00:00-04:00,0.10999999940395355,0.11999999731779099,0.10999999940395355,0.10999999940395355,28700,0.0,0.0
1997-04-22 00:00:00-04:00,0.10999999940395355,0.10999999940395355,0.10999999940395355,0.10999999940395355,0,0.0,0.0
1997-04-23 00:00:00-04:00,0.10999999940395355,0.10999999940395355,0.10999999940395355,0.10999999940395355,0,0.0,0.0
1997-04-24 00:00:00-04:00,0.10999999940395355,0.10999999940395355,0.10999999940395355,0.10999999940395355,0,0.0,0.0
1997-04-25 00:00:00-04:00,0.10999999940395355,0.10999999940395355,0.10999999940395355,0.10999999940395355,0,0.0,0.0
1997-04-28 00:00:00-04:00,0.11999999731779099,0.11999999731779099,0.11999999731779099,0.11999999731779099,18000,0.0,0.0
1997-04-29 00:00:00-04:00,0.0949999988079071,0.0949999988079071,0.0949999988079071,0.0949999988079071,500,0.0,0.0
1997-04-30 00:00:00-04:00,0.12999999523162842,0.12999999523162842,0.12999999523162842,0.12999999523162842,9000,0.0,0.0
1997-05-01 00:00:00-04:00,0.0949999988079071,0.12999999523162842,0.0949999988079071,0.0949999988079071,2700,0.0,0.0
1997-05-02 00:00:00-04:00,0.0949999988079071,0.0949999988079071,0.0949999988079071,0.0949999988079071,0,0.0,0.0
1997-05-05 00:00:00-04:00,0.12999999523162842,0.12999999523162842,0.12999999523162842,0.12999999523162842,3500,0.0,0.0
1997-05-06 00:00:00-04:00,0.12999999523162842,0.12999999523162842,0.12999999523162842,0.12999999523162842,0,0.0,0.0
1997-05-07 00:00:00-04:00,0.12999999523162842,0.12999999523162842,0.12999999523162842,0.12999999523162842,0,0.0,0.0
1997-05-08 00:00:00-04:00,0.0949999988079071,0.0949999988079071,0.0949999988079071,0.0949999988079071,10000,0.0,0.0
1997-05-09 00:00:00-04:00,0.0949999988079071,0.0949999988079071,0.0949999988079071,0.0949999988079071,0,0.0,0.0
1997-05-12 00:00:00-04:00,0.0949999988079071,0.0949999988079071,0.0949999988079071,0.0949999988079071,0,0.0,0.0
1997-05-13 00:00:00-04:00,0.0949999988079071,0.0949999988079071,0.0949999988079071,0.0949999988079071,0,0.0,0.0
1997-05-14 00:00:00-04:00,0.0949999988079071,0.0949999988079071,0.0949999988079071,0.0949999988079071,0,0.0,0.0
1997-05-15 00:00:00-04:00,0.0949999988079071,0.0949999988079071,0.0949999988079071,0.0949999988079071,0,0.0,0.0
1997-05-16 00:00:00-04:00,0.0949999988079071,0.10999999940395355,0.0949999988079071,0.0949999988079071,40500,0.0,0.0
1997-05-19 00:00:00-04:00,0.0949999988079071,0.0949999988079071,0.0949999988079071,0.0949999988079071,0,0.0,0.0
1997-05-20 00:00:00-04:00,0.0949999988079071,0.0949999988079071,0.0949999988079071,0.0949999988079071,0,0.0,0.0
1997-05-21 00:00:00-04:00,0.0949999988079071,0.0949999988079071,0.0949999988079071,0.0949999988079071,0,0.0,0.0
1997-05-22 00:00:00-04:00,0.0949999988079071,0.0949999988079071,0.0949999988079071,0.0949999988079071,0,0.0,0.0
1997-05-23 00:00:00-04:00,0.11999999731779099,0.11999999731779099,0.11999999731779099,0.11999999731779099,57000,0.0,0.0
1997-05-27 00:00:00-04:00,0.11999999731779099,0.11999999731779099,0.11999999731779099,0.11999999731779099,0,0.0,0.0
1997-05-28 00:00:00-04:00,0.11999999731779099,0.11999999731779099,0.11999999731779099,0.11999999731779099,0,0.0,0.0
1997-05-29 00:00:00-04:00,0.11999999731779099,0.11999999731779099,0.11999999731779099,0.11999999731779099,0,0.0,0.0
1997-05-30 00:00:00-04:00,0.12999999523162842,0.12999999523162842,0.10000000149011612,0.12999999523162842,4200,0.0,0.0
1997-06-02 00:00:00-04:00,0.11999999731779099,0.12999999523162842,0.11999999731779099,0.11999999731779099,41000,0.0,0.0
1997-06-03 00:00:00-04:00,0.11999999731779099,0.11999999731779099,0.11999999731779099,0.11999999731779099,0,0.0,0.0
1997-06-04 00:00:00-04:00,0.11999999731779099,0.11999999731779099,0.11999999731779099,0.11999999731779099,0,0.0,0.0
1997-06-05 00:00:00-04:00,0.10999999940395355,0.10999999940395355,0.10999999940395355,0.10999999940395355,5000,0.0,0.0
1997-06-06 00:00:00-04:00,0.11999999731779099,0.12999999523162842,0.11999999731779099,0.11999999731779099,30000,0.0,0.0
1997-06-09 00:00:00-04:00,0.11999999731779099,0.11999999731779099,0.11999999731779099,0.11999999731779099,0,0.0,0.0
1997-06-10 00:00:00-04:00,0.10999999940395355,0.10999999940395355,0.10999999940395355,0.10999999940395355,10000,0.0,0.0
1997-06-11 00:00:00-04:00,0.10999999940395355,0.10999999940395355,0.10999999940395355,0.10999999940395355,0,0.0,0.0
1997-06-12 00:00:00-04:00,0.10999999940395355,0.12999999523162842,0.10999999940395355,0.10999999940395355,35000,0.0,0.0
1997-06-13 00:00:00-04:00,0.10000000149011612,0.10000000149011612,0.10000000149011612,0.10000000149011612,1000,0.0,0.0
1997-06-16 00:00:00-04:00,0.12999999523162842,0.12999999523162842,0.12999999523162842,0.12999999523162842,15000,0.0,0.0
1997-06-17 00:00:00-04:00,0.12999999523162842,0.12999999523162842,0.10000000149011612,0.12999999523162842,2500,0.0,0.0
1997-06-18 00:00:00-04:00,0.10000000149011612,0.10000000149011612,0.10000000149011612,0.10000000149011612,2000,0.0,0.0
1997-06-19 00:00:00-04:00,0.10000000149011612,0.10000000149011612,0.10000000149011612,0.10000000149011612,0,0.0,0.0
1997-06-20 00:00:00-04:00,0.10000000149011612,0.10000000149011612,0.10000000149011612,0.10000000149011612,0,0.0,0.0
1997-06-23 00:00:00-04:00,0.10000000149011612,0.10000000149011612,0.10000000149011612,0.10000000149011612,10000,0.0,0.0
1997-06-24 00:00:00-04:00,0.125,0.125,0.125,0.125,10000,0.0,0.0
1997-06-25 00:00:00-04:00,0.125,0.125,0.125,0.125,0,0.0,0.0
1997-06-26 00:00:00-04:00,0.125,0.125,0.125,0.125,0,0.0,0.0
1997-06-27 00:00:00-04:00,0.125,0.125,0.10000000149011612,0.125,54300,0.0,0.0
1997-06-30 00:00:00-04:00,0.125,0.125,0.125,0.125,15000,0.0,0.0
1997-07-01 00:00:00-04:00,0.10499999672174454,0.10499999672174454,0.10499999672174454,0.10499999672174454,15000,0.0,0.0
1997-07-02 00:00:00-04:00,0.10499999672174454,0.10499999672174454,0.10499999672174454,0.10499999672174454,0,0.0,0.0
1997-07-03 00:00:00-04:00,0.10499999672174454,0.10499999672174454,0.10499999672174454,0.10499999672174454,0,0.0,0.0
1997-07-07 00:00:00-04:00,0.125,0.125,0.10499999672174454,0.125,11000,0.0,0.0
1997-07-08 00:00:00-04:00,0.125,0.125,0.10000000149011612,0.125,20500,0.0,0.0
1997-07-09 00:00:00-04:00,0.125,0.125,0.10999999940395355,0.125,95000,0.0,0.0
1997-07-10 00:00:00-04:00,0.125,0.125,0.125,0.125,0,0.0,0.0
1997-07-11 00:00:00-04:00,0.125,0.125,0.10999999940395355,0.125,60000,0.0,0.0
1997-07-14 00:00:00-04:00,0.125,0.125,0.125,0.125,0,0.0,0.0
1997-07-15 00:00:00-04:00,0.11500000208616257,0.11500000208616257,0.10999999940395355,0.11500000208616257,13000,0.0,0.0
1997-07-16 00:00:00-04:00,0.11500000208616257,0.11500000208616257,0.11500000208616257,0.11500000208616257,0,0.0,0.0
1997-07-17 00:00:00-04:00,0.11500000208616257,0.11500000208616257,0.11500000208616257,0.11500000208616257,0,0.0,0.0
1997-07-18 00:00:00-04:00,0.11500000208616257,0.11500000208616257,0.11500000208616257,0.11500000208616257,0,0.0,0.0
1997-07-21 00:00:00-04:00,0.10499999672174454,0.10999999940395355,0.10499999672174454,0.10499999672174454,30000,0.0,0.0
1997-07-22 00:00:00-04:00,0.10499999672174454,0.10499999672174454,0.10499999672174454,0.10499999672174454,0,0.0,0.0
1997-07-23 00:00:00-04:00,0.10499999672174454,0.10499999672174454,0.10499999672174454,0.10499999672174454,0,0.0,0.0
1997-07-24 00:00:00-04:00,0.10499999672174454,0.10499999672174454,0.10499999672174454,0.10499999672174454,0,0.0,0.0
1997-07-25 00:00:00-04:00,0.10000000149011612,0.10000000149011612,0.10000000149011612,0.10000000149011612,15000,0.0,0.0
1997-07-28 00:00:00-04:00,0.10000000149011612,0.10000000149011612,0.10000000149011612,0.10000000149011612,0,0.0,0.0
1997-07-29 00:00:00-04:00,0.10000000149011612,0.10000000149011612,0.10000000149011612,0.10000000149011612,0,0.0,0.0
1997-07-30 00:00:00-04:00,0.10400000214576721,0.11500000208616257,0.10400000214576721,0.10400000214576721,45000,0.0,0.0
1997-07-31 00:00:00-04:00,0.10000000149011612,0.10000000149011612,0.10000000149011612,0.10000000149011612,6000,0.0,0.0
1997-08-01 00:00:00-04:00,0.10000000149011612,0.10000000149011612,0.10000000149011612,0.10000000149011612,0,0.0,0.0
1997-08-04 00:00:00-04:00,0.10000000149011612,0.10000000149011612,0.10000000149011612,0.10000000149011612,0,0.0,0.0
1997-08-05 00:00:00-04:00,0.10000000149011612,0.10000000149011612,0.10000000149011612,0.10000000149011612,0,0.0,0.0
1997-08-06 00:00:00-04:00,0.11500000208616257,0.11500000208616257,0.11500000208616257,0.11500000208616257,20000,0.0,0.0
1997-08-07 00:00:00-04:00,0.11500000208616257,0.11500000208616257,0.11500000208616257,0.11500000208616257,0,0.0,0.0
1997-08-08 00:00:00-04:00,0.11500000208616257,0.11500000208616257,0.11500000208616257,0.11500000208616257,0,0.0,0.0
1997-08-11 00:00:00-04:00,0.11500000208616257,0.11500000208616257,0.11500000208616257,0.11500000208616257,0,0.0,0.0
1997-08-12 00:00:00-04:00,0.11500000208616257,0.11500000208616257,0.11500000208616257,0.11500000208616257,0,0.0,0.0
1997-08-13 00:00:00-04:00,0.11500000208616257,0.11500000208616257,0.11500000208616257,0.11500000208616257,0,0.0,0.0
1997-08-14 00:00:00-04:00,0.11500000208616257,0.11500000208616257,0.11500000208616257,0.11500000208616257,0,0.0,0.0
1997-08-15 00:00:00-04:00,0.10499999672174454,0.10499999672174454,0.10499999672174454,0.10499999672174454,4000,0.0,0.0
1997-08-18 00:00:00-04:00,0.10499999672174454,0.10499999672174454,0.10499999672174454,0.10499999672174454,0,0.0,0.0
1997-08-19 00:00:00-04:00,0.10499999672174454,0.10499999672174454,0.10499999672174454,0.10499999672174454,20000,0.0,0.0
1997-08-20 00:00:00-04:00,0.11999999731779099,0.11999999731779099,0.11999999731779099,0.11999999731779099,26000,0.0,0.0
1997-08-21 00:00:00-04:00,0.11999999731779099,0.11999999731779099,0.11999999731779099,0.11999999731779099,0,0.0,0.0
1997-08-22 00:00:00-04:00,0.12999999523162842,0.12999999523162842,0.12999999523162842,0.12999999523162842,20800,0.0,0.0
1997-08-25 00:00:00-04:00,0.11500000208616257,0.11500000208616257,0.11500000208616257,0.11500000208616257,30000,0.0,0.0
1997-08-26 00:00:00-04:00,0.11500000208616257,0.11500000208616257,0.11500000208616257,0.11500000208616257,0,0.0,0.0
1997-08-27 00:00:00-04:00,0.11500000208616257,0.11500000208616257,0.11500000208616257,0.11500000208616257,0,0.0,0.0
1997-08-28 00:00:00-04:00,0.11500000208616257,0.11500000208616257,0.11500000208616257,0.11500000208616257,0,0.0,0.0
1997-08-29 00:00:00-04:00,0.11500000208616257,0.11500000208616257,0.11500000208616257,0.11500000208616257,0,0.0,0.0
1997-09-02 00:00:00-04:00,0.11500000208616257,0.11500000208616257,0.11500000208616257,0.11500000208616257,0,0.0,0.0
1997-09-03 00:00:00-04:00,0.11500000208616257,0.11500000208616257,0.11500000208616257,0.11500000208616257,0,0.0,0.0
1997-09-04 00:00:00-04:00,0.11500000208616257,0.11500000208616257,0.11500000208616257,0.11500000208616257,0,0.0,0.0
1997-09-05 00:00:00-04:00,0.11500000208616257,0.11500000208616257,0.11500000208616257,0.11500000208616257,0,0.0,0.0
1997-09-08 00:00:00-04:00,0.11500000208616257,0.12999999523162842,0.11500000208616257,0.11500000208616257,30300,0.0,0.0
1997-09-09 00:00:00-04:00,0.10999999940395355,0.11500000208616257,0.10999999940395355,0.10999999940395355,10000,0.0,0.0
1997-09-10 00:00:00-04:00,0.10499999672174454,0.10499999672174454,0.10499999672174454,0.10499999672174454,3000,0.0,0.0
1997-09-11 00:00:00-04:00,0.10499999672174454,0.10499999672174454,0.10499999672174454,0.10499999672174454,0,0.0,0.0
1997-09-12 00:00:00-04:00,0.11999999731779099,0.11999999731779099,0.11500000208616257,0.11999999731779099,32200,0.0,0.0
1997-09-15 00:00:00-04:00,0.14000000059604645,0.14000000059604645,0.12999999523162842,0.14000000059604645,58000,0.0,0.0
1997-09-16 00:00:00-04:00,0.11500000208616257,0.11500000208616257,0.11500000208616257,0.11500000208616257,30000,0.0,0.0
1997-09-17 00:00:00-04:00,0.13500000536441803,0.13500000536441803,0.13500000536441803,0.13500000536441803,5000,0.0,0.0
1997-09-18 00:00:00-04:00,0.11500000208616257,0.11500000208616257,0.11500000208616257,0.11500000208616257,400,0.0,0.0
1997-09-19 00:00:00-04:00,0.11500000208616257,0.13500000536441803,0.11500000208616257,0.11500000208616257,6200,0.0,0.0
1997-09-22 00:00:00-04:00,0.11500000208616257,0.11500000208616257,0.11500000208616257,0.11500000208616257,1000,0.0,0.0
1997-09-23 00:00:00-04:00,0.11500000208616257,0.11500000208616257,0.11500000208616257,0.11500000208616257,900,0.0,0.0
1997-09-24 00:00:00-04:00,0.13500000536441803,0.13500000536441803,0.13500000536441803,0.13500000536441803,8000,0.0,0.0
1997-09-25 00:00:00-04:00,0.13500000536441803,0.13500000536441803,0.13500000536441803,0.13500000536441803,0,0.0,0.0
1997-09-26 00:00:00-04:00,0.13500000536441803,0.13500000536441803,0.13500000536441803,0.13500000536441803,0,0.0,0.0
1997-09-29 00:00:00-04:00,0.13500000536441803,0.13500000536441803,0.13500000536441803,0.13500000536441803,0,0.0,0.0
1997-09-30 00:00:00-04:00,0.13500000536441803,0.13500000536441803,0.13500000536441803,0.13500000536441803,0,0.0,0.0
1997-10-01 00:00:00-04:00,0.13500000536441803,0.13500000536441803,0.13500000536441803,0.13500000536441803,0,0.0,0.0
1997-10-02 00:00:00-04:00,0.13500000536441803,0.13500000536441803,0.13500000536441803,0.13500000536441803,0,0.0,0.0
1997-10-03 00:00:00-04:00,0.13500000536441803,0.13500000536441803,0.13500000536441803,0.13500000536441803,0,0.0,0.0
1997-10-06 00:00:00-04:00,0.11500000208616257,0.11500000208616257,0.11500000208616257,0.11500000208616257,15000,0.0,0.0
1997-10-07 00:00:00-04:00,0.13500000536441803,0.13500000536441803,0.13500000536441803,0.13500000536441803,20000,0.0,0.0
1997-10-08 00:00:00-04:00,0.13500000536441803,0.13500000536441803,0.13500000536441803,0.13500000536441803,0,0.0,0.0
1997-10-09 00:00:00-04:00,0.13500000536441803,0.13500000536441803,0.13500000536441803,0.13500000536441803,0,0.0,0.0
1997-10-10 00:00:00-04:00,0.13500000536441803,0.13500000536441803,0.13500000536441803,0.13500000536441803,0,0.0,0.0
1997-10-13 00:00:00-04:00,0.11999999731779099,0.11999999731779099,0.11999999731779099,0.11999999731779099,3000,0.0,0.0
1997-10-14 00:00:00-04:00,0.11999999731779099,0.11999999731779099,0.11999999731779099,0.11999999731779099,0,0.0,0.0
1997-10-15 00:00:00-04:00,0.11999999731779099,0.11999999731779099,0.11999999731779099,0.11999999731779099,0,0.0,0.0
1997-10-16 00:00:00-04:00,0.11999999731779099,0.11999999731779099,0.11999999731779099,0.11999999731779099,0,0.0,0.0
1997-10-17 00:00:00-04:00,0.13500000536441803,0.13500000536441803,0.11999999731779099,0.13500000536441803,27100,0.0,0.0
1997-10-20 00:00:00-04:00,0.11999999731779099,0.11999999731779099,0.11999999731779099,0.11999999731779099,15000,0.0,0.0
1997-10-21 00:00:00-04:00,0.11999999731779099,0.11999999731779099,0.11999999731779099,0.11999999731779099,0,0.0,0.0
1997-10-22 00:00:00-04:00,0.125,0.125,0.125,0.125,6500,0.0,0.0
1997-10-23 00:00:00-04:00,0.15000000596046448,0.15000000596046448,0.15000000596046448,0.15000000596046448,10000,0.0,0.0
1997-10-24 00:00:00-04:00,0.15000000596046448,0.15000000596046448,0.14000000059604645,0.15000000596046448,31000,0.0,0.0
1997-10-27 00:00:00-05:00,0.15000000596046448,0.15000000596046448,0.15000000596046448,0.15000000596046448,0,0.0,0.0
1997-10-28 00:00:00-05:00,0.15000000596046448,0.15000000596046448,0.15000000596046448,0.15000000596046448,0,0.0,0.0
1997-10-29 00:00:00-05:00,0.12999999523162842,0.14000000059604645,0.12999999523162842,0.12999999523162842,122800,0.0,0.0
1997-10-30 00:00:00-05:00,0.12999999523162842,0.12999999523162842,0.12999999523162842,0.12999999523162842,0,0.0,0.0
1997-10-31 00:00:00-05:00,0.11999999731779099,0.11999999731779099,0.11999999731779099,0.11999999731779099,80000,0.0,0.0
1997-11-03 00:00:00-05:00,0.11999999731779099,0.11999999731779099,0.11999999731779099,0.11999999731779099,5000,0.0,0.0
1997-11-04 00:00:00-05:00,0.12999999523162842,0.12999999523162842,0.12999999523162842,0.12999999523162842,8000,0.0,0.0
1997-11-05 00:00:00-05:00,0.12999999523162842,0.12999999523162842,0.12999999523162842,0.12999999523162842,40000,0.0,0.0
1997-11-06 00:00:00-05:00,0.12999999523162842,0.12999999523162842,0.12999999523162842,0.12999999523162842,0,0.0,0.0
1997-11-07 00:00:00-05:00,0.11999999731779099,0.11999999731779099,0.11999999731779099,0.11999999731779099,1000,0.0,0.0
1997-11-10 00:00:00-05:00,0.10999999940395355,0.11999999731779099,0.10999999940395355,0.10999999940395355,15500,0.0,0.0
1997-11-11 00:00:00-05:00,0.10999999940395355,0.10999999940395355,0.10999999940395355,0.10999999940395355,0,0.0,0.0
1997-11-12 00:00:00-05:00,0.10999999940395355,0.10999999940395355,0.10999999940395355,0.10999999940395355,0,0.0,0.0
1997-11-13 00:00:00-05:00,0.10999999940395355,0.10999999940395355,0.10999999940395355,0.10999999940395355,0,0.0,0.0
1997-11-14 00:00:00-05:00,0.12999999523162842,0.12999999523162842,0.12999999523162842,0.12999999523162842,35000,0.0,0.0
1997-11-17 00:00:00-05:00,0.12999999523162842,0.12999999523162842,0.12999999523162842,0.12999999523162842,0,0.0,0.0
1997-11-18 00:00:00-05:00,0.12999999523162842,0.12999999523162842,0.12999999523162842,0.12999999523162842,0,0.0,0.0
1997-11-19 00:00:00-05:00,0.12999999523162842,0.12999999523162842,0.12999999523162842,0.12999999523162842,0,0.0,0.0
1997-11-20 00:00:00-05:00,0.11999999731779099,0.11999999731779099,0.11999999731779099,0.11999999731779099,30000,0.0,0.0
1997-11-21 00:00:00-05:00,0.11999999731779099,0.12999999523162842,0.11999999731779099,0.11999999731779099,28000,0.0,0.0
1997-11-24 00:00:00-05:00,0.11999999731779099,0.11999999731779099,0.11999999731779099,0.11999999731779099,28000,0.0,0.0
1997-11-25 00:00:00-05:00,0.11999999731779099,0.11999999731779099,0.11999999731779099,0.11999999731779099,0,0.0,0.0
1997-11-26 00:00:00-05:00,0.11999999731779099,0.11999999731779099,0.11999999731779099,0.11999999731779099,0,0.0,0.0
1997-11-28 00:00:00-05:00,0.11999999731779099,0.11999999731779099,0.11999999731779099,0.11999999731779099,0,0.0,0.0
1997-12-01 00:00:00-05:00,0.11999999731779099,0.11999999731779099,0.11999999731779099,0.11999999731779099,0,0.0,0.0
1997-12-02 00:00:00-05:00,0.11999999731779099,0.11999999731779099,0.11999999731779099,0.11999999731779099,0,0.0,0.0
1997-12-03 00:00:00-05:00,0.11999999731779099,0.11999999731779099,0.11999999731779099,0.11999999731779099,0,0.0,0.0
1997-12-04 00:00:00-05:00,0.11999999731779099,0.11999999731779099,0.11999999731779099,0.11999999731779099,0,0.0,0.0
1997-12-05 00:00:00-05:00,0.11500000208616257,0.11999999731779099,0.11500000208616257,0.11500000208616257,55000,0.0,0.0
1997-12-08 00:00:00-05:00,0.10999999940395355,0.10999999940395355,0.10999999940395355,0.10999999940395355,17500,0.0,0.0
1997-12-09 00:00:00-05:00,0.10999999940395355,0.10999999940395355,0.10000000149011612,0.10999999940395355,15000,0.0,0.0
1997-12-10 00:00:00-05:00,0.10000000149011612,0.10000000149011612,0.09000000357627869,0.10000000149011612,81000,0.0,0.0
1997-12-11 00:00:00-05:00,0.09300000220537186,0.09300000220537186,0.09300000220537186,0.09300000220537186,10000,0.0,0.0
1997-12-12 00:00:00-05:00,0.09300000220537186,0.09300000220537186,0.09300000220537186,0.09300000220537186,10000,0.0,0.0
1997-12-15 00:00:00-05:00,0.10999999940395355,0.10999999940395355,0.09300000220537186,0.10999999940395355,21000,0.0,0.0
1997-12-16 00:00:00-05:00,0.09000000357627869,0.09000000357627869,0.09000000357627869,0.09000000357627869,10000,0.0,0.0
1997-12-17 00:00:00-05:00,0.09000000357627869,0.09000000357627869,0.09000000357627869,0.09000000357627869,35000,0.0,0.0
1997-12-18 00:00:00-05:00,0.10000000149011612,0.10000000149011612,0.07999999821186066,0.10000000149011612,11000,0.0,0.0
1997-12-19 00:00:00-05:00,0.07999999821186066,0.07999999821186066,0.07999999821186066,0.07999999821186066,13000,0.0,0.0
1997-12-22 00:00:00-05:00,0.0949999988079071,0.10000000149011612,0.09000000357627869,0.0949999988079071,83000,0.0,0.0
1997-12-23 00:00:00-05:00,0.0949999988079071,0.0949999988079071,0.0949999988079071,0.0949999988079071,200000,0.0,0.0
1997-12-24 00:00:00-05:00,0.0949999988079071,0.0949999988079071,0.0949999988079071,0.0949999988079071,0,0.0,0.0
1997-12-26 00:00:00-05:00,0.0949999988079071,0.0949999988079071,0.0949999988079071,0.0949999988079071,300000,0.0,0.0
1997-12-29 00:00:00-05:00,0.0949999988079071,0.0949999988079071,0.0949999988079071,0.0949999988079071,9500,0.0,0.0
1997-12-30 00:00:00-05:00,0.0949999988079071,0.0949999988079071,0.0949999988079071,0.0949999988079071,500,0.0,0.0
1997-12-31 00:00:00-05:00,0.10000000149011612,0.10000000149011612,0.09300000220537186,0.10000000149011612,41000,0.0,0.0
1998-01-02 00:00:00-05:00,0.10000000149011612,0.10000000149011612,0.10000000149011612,0.10000000149011612,20000,0.0,0.0
1998-01-05 00:00:00-05:00,0.10000000149011612,0.10000000149011612,0.10000000149011612,0.10000000149011612,0,0.0,0.0
1998-01-06 00:00:00-05:00,0.09200000017881393,0.09200000017881393,0.09200000017881393,0.09200000017881393,6000,0.0,0.0
1998-01-07 00:00:00-05:00,0.09200000017881393,0.09200000017881393,0.09200000017881393,0.09200000017881393,0,0.0,0.0
1998-01-08 00:00:00-05:00,0.09200000017881393,0.09200000017881393,0.09200000017881393,0.09200000017881393,0,0.0,0.0
1998-01-09 00:00:00-05:00,0.09200000017881393,0.09200000017881393,0.09200000017881393,0.09200000017881393,0,0.0,0.0
1998-01-12 00:00:00-05:00,0.09200000017881393,0.09200000017881393,0.09200000017881393,0.09200000017881393,0,0.0,0.0
1998-01-13 00:00:00-05:00,0.09200000017881393,0.09200000017881393,0.09200000017881393,0.09200000017881393,8000,0.0,0.0
1998-01-14 00:00:00-05:00,0.09200000017881393,0.09200000017881393,0.09200000017881393,0.09200000017881393,0,0.0,0.0
1998-01-15 00:00:00-05:00,0.09200000017881393,0.09200000017881393,0.09200000017881393,0.09200000017881393,0,0.0,0.0
1998-01-16 00:00:00-05:00,0.09200000017881393,0.09200000017881393,0.09200000017881393,0.09200000017881393,0,0.0,0.0
1998-01-20 00:00:00-05:00,0.09200000017881393,0.09200000017881393,0.09200000017881393,0.09200000017881393,0,0.0,0.0
1998-01-21 00:00:00-05:00,0.09200000017881393,0.09200000017881393,0.09200000017881393,0.09200000017881393,5000,0.0,0.0
1998-01-22 00:00:00-05:00,0.09200000017881393,0.09200000017881393,0.09200000017881393,0.09200000017881393,1000,0.0,0.0
1998-01-23 00:00:00-05:00,0.08500000089406967,0.09200000017881393,0.08500000089406967,0.08500000089406967,25000,0.0,0.0
1998-01-26 00:00:00-05:00,0.08500000089406967,0.08500000089406967,0.08500000089406967,0.08500000089406967,5000,0.0,0.0
1998-01-27 00:00:00-05:00,0.09000000357627869,0.09000000357627869,0.09000000357627869,0.09000000357627869,10000,0.0,0.0
1998-01-28 00:00:00-05:00,0.08500000089406967,0.08500000089406967,0.08500000089406967,0.08500000089406967,1000,0.0,0.0
1998-01-29 00:00:00-05:00,0.08500000089406967,0.08500000089406967,0.08500000089406967,0.08500000089406967,0,0.0,0.0
1998-01-30 00:00:00-05:00,0.08500000089406967,0.08500000089406967,0.08500000089406967,0.08500000089406967,0,0.0,0.0
1998-02-02 00:00:00-05:00,0.08500000089406967,0.08500000089406967,0.08500000089406967,0.08500000089406967,0,0.0,0.0
1998-02-03 00:00:00-05:00,0.0949999988079071,0.0949999988079071,0.0949999988079071,0.0949999988079071,25000,0.0,0.0
1998-02-04 00:00:00-05:00,0.0949999988079071,0.0949999988079071,0.0949999988079071,0.0949999988079071,0,0.0,0.0
1998-02-05 00:00:00-05:00,0.0949999988079071,0.0949999988079071,0.0949999988079071,0.0949999988079071,0,0.0,0.0
1998-02-06 00:00:00-05:00,0.0949999988079071,0.0949999988079071,0.0949999988079071,0.0949999988079071,0,0.0,0.0
1998-02-09 00:00:00-05:00,0.10499999672174454,0.10499999672174454,0.10000000149011612,0.10499999672174454,35000,0.0,0.0
1998-02-10 00:00:00-05:00,0.10499999672174454,0.10499999672174454,0.10499999672174454,0.10499999672174454,0,0.0,0.0
1998-02-11 00:00:00-05:00,0.10499999672174454,0.10499999672174454,0.10499999672174454,0.10499999672174454,0,0.0,0.0
1998-02-12 00:00:00-05:00,0.10499999672174454,0.10499999672174454,0.10499999672174454,0.10499999672174454,0,0.0,0.0
1998-02-13 00:00:00-05:00,0.10499999672174454,0.10499999672174454,0.10499999672174454,0.10499999672174454,0,0.0,0.0
1998-02-17 00:00:00-05:00,0.10499999672174454,0.10499999672174454,0.10499999672174454,0.10499999672174454,5000,0.0,0.0
1998-02-18 00:00:00-05:00,0.09000000357627869,0.09000000357627869,0.09000000357627869,0.09000000357627869,4000,0.0,0.0
1998-02-19 00:00:00-05:00,0.08500000089406967,0.08500000089406967,0.08500000089406967,0.08500000089406967,500,0.0,0.0
1998-02-20 00:00:00-05:00,0.08500000089406967,0.08500000089406967,0.08500000089406967,0.08500000089406967,0,0.0,0.0
1998-02-23 00:00:00-05:00,0.10000000149011612,0.10000000149011612,0.10000000149011612,0.10000000149011612,20000,0.0,0.0
1998-02-24 00:00:00-05:00,0.10000000149011612,0.10000000149011612,0.10000000149011612,0.10000000149011612,0,0.0,0.0
1998-02-25 00:00:00-05:00,0.10000000149011612,0.10000000149011612,0.10000000149011612,0.10000000149011612,0,0.0,0.0
1998-02-26 00:00:00-05:00,0.08500000089406967,0.08500000089406967,0.08500000089406967,0.08500000089406967,22400,0.0,0.0
1998-02-27 00:00:00-05:00,0.08500000089406967,0.08500000089406967,0.08500000089406967,0.08500000089406967,20000,0.0,0.0
1998-03-02 00:00:00-05:00,0.08500000089406967,0.08500000089406967,0.08500000089406967,0.08500000089406967,0,0.0,0.0
1998-03-03 00:00:00-05:00,0.08500000089406967,0.08500000089406967,0.08500000089406967,0.08500000089406967,5000,0.0,0.0
1998-03-04 00:00:00-05:00,0.08500000089406967,0.08500000089406967,0.08500000089406967,0.08500000089406967,0,0.0,0.0
1998-03-05 00:00:00-05:00,0.08500000089406967,0.08500000089406967,0.08500000089406967,0.08500000089406967,0,0.0,0.0
1998-03-06 00:00:00-05:00,0.08500000089406967,0.08500000089406967,0.08500000089406967,0.08500000089406967,0,0.0,0.0
1998-03-09 00:00:00-05:00,0.08500000089406967,0.08500000089406967,0.08500000089406967,0.08500000089406967,2000,0.0,0.0
1998-03-10 00:00:00-05:00,0.08500000089406967,0.08500000089406967,0.08500000089406967,0.08500000089406967,0,0.0,0.0
1998-03-11 00:00:00-05:00,0.08500000089406967,0.08500000089406967,0.08500000089406967,0.08500000089406967,0,0.0,0.0
1998-03-12 00:00:00-05:00,0.07999999821186066,0.08500000089406967,0.07999999821186066,0.07999999821186066,60000,0.0,0.0
1998-03-13 00:00:00-05:00,0.07999999821186066,0.07999999821186066,0.07999999821186066,0.07999999821186066,0,0.0,0.0
1998-03-16 00:00:00-05:00,0.0949999988079071,0.0949999988079071,0.0949999988079071,0.0949999988079071,40000,0.0,0.0
1998-03-17 00:00:00-05:00,0.0949999988079071,0.0949999988079071,0.0949999988079071,0.0949999988079071,20000,0.0,0.0
1998-03-18 00:00:00-05:00,0.0949999988079071,0.0949999988079071,0.07500000298023224,0.0949999988079071,11000,0.0,0.0
1998-03-19 00:00:00-05:00,0.0949999988079071,0.0949999988079071,0.0949999988079071,0.0949999988079071,20000,0.0,0.0
1998-03-20 00:00:00-05:00,0.08500000089406967,0.08500000089406967,0.08500000089406967,0.08500000089406967,1500,0.0,0.0
1998-03-23 00:00:00-05:00,0.08500000089406967,0.08500000089406967,0.08500000089406967,0.08500000089406967,0,0.0,0.0
1998-03-24 00:00:00-05:00,0.08500000089406967,0.08500000089406967,0.08500000089406967,0.08500000089406967,0,0.0,0.0
1998-03-25 00:00:00-05:00,0.08500000089406967,0.08500000089406967,0.08500000089406967,0.08500000089406967,0,0.0,0.0
1998-03-26 00:00:00-05:00,0.08500000089406967,0.08500000089406967,0.08500000089406967,0.08500000089406967,0,0.0,0.0
1998-03-27 00:00:00-05:00,0.08500000089406967,0.08500000089406967,0.08500000089406967,0.08500000089406967,0,0.0,0.0
1998-03-30 00:00:00-05:00,0.08500000089406967,0.08500000089406967,0.08500000089406967,0.08500000089406967,0,0.0,0.0
1998-03-31 00:00:00-05:00,0.08500000089406967,0.09000000357627869,0.08500000089406967,0.08500000089406967,40000,0.0,0.0
1998-04-01 00:00:00-05:00,0.08500000089406967,0.08500000089406967,0.08500000089406967,0.08500000089406967,0,0.0,0.0
1998-04-02 00:00:00-05:00,0.08500000089406967,0.08500000089406967,0.08500000089406967,0.08500000089406967,0,0.0,0.0
1998-04-03 00:00:00-05:00,0.08500000089406967,0.08500000089406967,0.08500000089406967,0.08500000089406967,0,0.0,0.0
1998-04-06 00:00:00-04:00,0.08500000089406967,0.08500000089406967,0.08500000089406967,0.08500000089406967,0,0.0,0.0
1998-04-07 00:00:00-04:00,0.08500000089406967,0.08500000089406967,0.08500000089406967,0.08500000089406967,0,0.0,0.0
1998-04-08 00:00:00-04:00,0.08500000089406967,0.08500000089406967,0.08500000089406967,0.08500000089406967,6000,0.0,0.0
1998-04-09 00:00:00-04:00,0.08500000089406967,0.08500000089406967,0.08500000089406967,0.08500000089406967,7400,0.0,0.0
1998-04-13 00:00:00-04:00,0.08500000089406967,0.08500000089406967,0.08500000089406967,0.08500000089406967,3000,0.0,0.0
1998-04-14 00:00:00-04:00,0.08500000089406967,0.08500000089406967,0.08500000089406967,0.08500000089406967,0,0.0,0.0
1998-04-15 00:00:00-04:00,0.08500000089406967,0.08500000089406967,0.08500000089406967,0.08500000089406967,0,0.0,0.0
1998-04-16 00:00:00-04:00,0.08500000089406967,0.08500000089406967,0.08500000089406967,0.08500000089406967,0,0.0,0.0
1998-04-17 00:00:00-04:00,0.10000000149011612,0.10000000149011612,0.0949999988079071,0.10000000149011612,45000,0.0,0.0
1998-04-20 00:00:00-04:00,0.10000000149011612,0.10000000149011612,0.10000000149011612,0.10000000149011612,0,0.0,0.0
1998-04-21 00:00:00-04:00,0.10000000149011612,0.10000000149011612,0.10000000149011612,0.10000000149011612,0,0.0,0.0
1998-04-22 00:00:00-04:00,0.10000000149011612,0.10000000149011612,0.0949999988079071,0.10000000149011612,45000,0.0,0.0
1998-04-23 00:00:00-04:00,0.10999999940395355,0.10999999940395355,0.10499999672174454,0.10999999940395355,55000,0.0,0.0
1998-04-24 00:00:00-04:00,0.10000000149011612,0.10000000149011612,0.10000000149011612,0.10000000149011612,100000,0.0,0.0
1998-04-27 00:00:00-04:00,0.10000000149011612,0.10000000149011612,0.10000000149011612,0.10000000149011612,5000,0.0,0.0
1998-04-28 00:00:00-04:00,0.10000000149011612,0.10000000149011612,0.10000000149011612,0.10000000149011612,0,0.0,0.0
1998-04-29 00:00:00-04:00,0.10000000149011612,0.10000000149011612,0.10000000149011612,0.10000000149011612,0,0.0,0.0
1998-04-30 00:00:00-04:00,0.10000000149011612,0.10000000149011612,0.10000000149011612,0.10000000149011612,0,0.0,0.0
1998-05-01 00:00:00-04:00,0.10000000149011612,0.10000000149011612,0.10000000149011612,0.10000000149011612,0,0.0,0.0
1998-05-04 00:00:00-04:00,0.10999999940395355,0.10999999940395355,0.10000000149011612,0.10999999940395355,48600,0.0,0.0
1998-05-05 00:00:00-04:00,0.10999999940395355,0.10999999940395355,0.10999999940395355,0.10999999940395355,0,0.0,0.0
1998-05-06 00:00:00-04:00,0.10999999940395355,0.10999999940395355,0.10999999940395355,0.10999999940395355,0,0.0,0.0
1998-05-07 00:00:00-04:00,0.10999999940395355,0.10999999940395355,0.10999999940395355,0.10999999940395355,0,0.0,0.0
1998-05-08 00:00:00-04:00,0.10999999940395355,0.10999999940395355,0.10999999940395355,0.10999999940395355,0,0.0,0.0
1998-05-11 00:00:00-04:00,0.10999999940395355,0.10999999940395355,0.10999999940395355,0.10999999940395355,0,0.0,0.0
1998-05-12 00:00:00-04:00,0.10999999940395355,0.10999999940395355,0.10999999940395355,0.10999999940395355,0,0.0,0.0
1998-05-13 00:00:00-04:00,0.10999999940395355,0.10999999940395355,0.10999999940395355,0.10999999940395355,0,0.0,0.0
1998-05-14 00:00:00-04:00,0.10999999940395355,0.10999999940395355,0.10999999940395355,0.10999999940395355,0,0.0,0.0
1998-05-15 00:00:00-04:00,0.10999999940395355,0.10999999940395355,0.10999999940395355,0.10999999940395355,0,0.0,0.0
1998-05-18 00:00:00-04:00,0.10999999940395355,0.10999999940395355,0.10999999940395355,0.10999999940395355,0,0.0,0.0
1998-05-19 00:00:00-04:00,0.10999999940395355,0.10999999940395355,0.10999999940395355,0.10999999940395355,0,0.0,0.0
1998-05-20 00:00:00-04:00,0.10999999940395355,0.10999999940395355,0.10999999940395355,0.10999999940395355,0,0.0,0.0
1998-05-21 00:00:00-04:00,0.10999999940395355,0.10999999940395355,0.10999999940395355,0.10999999940395355,0,0.0,0.0
1998-05-22 00:00:00-04:00,0.10999999940395355,0.10999999940395355,0.10999999940395355,0.10999999940395355,0,0.0,0.0
1998-05-26 00:00:00-04:00,0.10999999940395355,0.10999999940395355,0.10999999940395355,0.10999999940395355,0,0.0,0.0
1998-05-27 00:00:00-04:00,0.10999999940395355,0.10999999940395355,0.10999999940395355,0.10999999940395355,0,0.0,0.0
1998-05-28 00:00:00-04:00,0.10999999940395355,0.10999999940395355,0.10999999940395355,0.10999999940395355,0,0.0,0.0
1998-05-29 00:00:00-04:00,0.10999999940395355,0.10999999940395355,0.10999999940395355,0.10999999940395355,0,0.0,0.0
1998-06-01 00:00:00-04:00,0.10999999940395355,0.10999999940395355,0.10999999940395355,0.10999999940395355,0,0.0,0.0
1998-06-02 00:00:00-04:00,0.07999999821186066,0.09200000017881393,0.07999999821186066,0.07999999821186066,95700,0.0,0.0
1998-06-03 00:00:00-04:00,0.07999999821186066,0.07999999821186066,0.07999999821186066,0.07999999821186066,0,0.0,0.0
1998-06-04 00:00:00-04:00,0.07999999821186066,0.07999999821186066,0.07999999821186066,0.07999999821186066,0,0.0,0.0
1998-06-05 00:00:00-04:00,0.07999999821186066,0.07999999821186066,0.07999999821186066,0.07999999821186066,0,0.0,0.0
1998-06-08 00:00:00-04:00,0.07999999821186066,0.07999999821186066,0.07999999821186066,0.07999999821186066,0,0.0,0.0
1998-06-09 00:00:00-04:00,0.08500000089406967,0.08500000089406967,0.08500000089406967,0.08500000089406967,160000,0.0,0.0
1998-06-10 00:00:00-04:00,0.08500000089406967,0.08500000089406967,0.08500000089406967,0.08500000089406967,0,0.0,0.0
1998-06-11 00:00:00-04:00,0.08500000089406967,0.08500000089406967,0.08500000089406967,0.08500000089406967,0,0.0,0.0
1998-06-12 00:00:00-04:00,0.08500000089406967,0.08500000089406967,0.08500000089406967,0.08500000089406967,0,0.0,0.0
1998-06-15 00:00:00-04:00,0.08500000089406967,0.08500000089406967,0.08500000089406967,0.08500000089406967,0,0.0,0.0
1998-06-16 00:00:00-04:00,0.08500000089406967,0.08500000089406967,0.08500000089406967,0.08500000089406967,50000,0.0,0.0
1998-06-17 00:00:00-04:00,0.08500000089406967,0.08500000089406967,0.08500000089406967,0.08500000089406967,0,0.0,0.0
1998-06-18 00:00:00-04:00,0.08500000089406967,0.08500000089406967,0.08500000089406967,0.08500000089406967,100000,0.0,0.0
1998-06-19 00:00:00-04:00,0.08500000089406967,0.08500000089406967,0.08500000089406967,0.08500000089406967,16000,0.0,0.0
1998-06-22 00:00:00-04:00,0.08500000089406967,0.08500000089406967,0.08500000089406967,0.08500000089406967,0,0.0,0.0
1998-06-23 00:00:00-04:00,0.08500000089406967,0.08500000089406967,0.08500000089406967,0.08500000089406967,0,0.0,0.0
1998-06-24 00:00:00-04:00,0.07999999821186066,0.07999999821186066,0.07999999821186066,0.07999999821186066,10000,0.0,0.0
1998-06-25 00:00:00-04:00,0.07999999821186066,0.07999999821186066,0.07999999821186066,0.07999999821186066,0,0.0,0.0
1998-06-26 00:00:00-04:00,0.07999999821186066,0.07999999821186066,0.07999999821186066,0.07999999821186066,0,0.0,0.0
1998-06-29 00:00:00-04:00,0.07999999821186066,0.07999999821186066,0.07999999821186066,0.07999999821186066,0,0.0,0.0
1998-06-30 00:00:00-04:00,0.07000000029802322,0.07000000029802322,0.07000000029802322,0.07000000029802322,2500,0.0,0.0
1998-07-01 00:00:00-04:00,0.07000000029802322,0.07000000029802322,0.07000000029802322,0.07000000029802322,0,0.0,0.0
1998-07-02 00:00:00-04:00,0.07500000298023224,0.07500000298023224,0.07500000298023224,0.07500000298023224,3200,0.0,0.0
1998-07-06 00:00:00-04:00,0.07500000298023224,0.07500000298023224,0.07500000298023224,0.07500000298023224,0,0.0,0.0
1998-07-07 00:00:00-04:00,0.07500000298023224,0.07500000298023224,0.07500000298023224,0.07500000298023224,1000,0.0,0.0
1998-07-08 00:00:00-04:00,0.07500000298023224,0.07500000298023224,0.07500000298023224,0.07500000298023224,20000,0.0,0.0
1998-07-09 00:00:00-04:00,0.07500000298023224,0.07500000298023224,0.07500000298023224,0.07500000298023224,0,0.0,0.0
1998-07-10 00:00:00-04:00,0.07500000298023224,0.07500000298023224,0.07500000298023224,0.07500000298023224,0,0.0,0.0
1998-07-13 00:00:00-04:00,0.07999999821186066,0.07999999821186066,0.07000000029802322,0.07999999821186066,135200,0.0,0.0
1998-07-14 00:00:00-04:00,0.07999999821186066,0.07999999821186066,0.07999999821186066,0.07999999821186066,0,0.0,0.0
1998-07-15 00:00:00-04:00,0.07999999821186066,0.07999999821186066,0.07999999821186066,0.07999999821186066,0,0.0,0.0
1998-07-16 00:00:00-04:00,0.07000000029802322,0.07000000029802322,0.07000000029802322,0.07000000029802322,50000,0.0,0.0
1998-07-17 00:00:00-04:00,0.06499999761581421,0.07500000298023224,0.06499999761581421,0.06499999761581421,220000,0.0,0.0
1998-07-20 00:00:00-04:00,0.06499999761581421,0.06499999761581421,0.06199999898672104,0.06499999761581421,62000,0.0,0.0
1998-07-21 00:00:00-04:00,0.05999999865889549,0.05999999865889549,0.05000000074505806,0.05999999865889549,50000,0.0,0.0
1998-07-22 00:00:00-04:00,0.05999999865889549,0.06499999761581421,0.05999999865889549,0.05999999865889549,96500,0.0,0.0
1998-07-23 00:00:00-04:00,0.05999999865889549,0.05999999865889549,0.05999999865889549,0.05999999865889549,0,0.0,0.0
1998-07-24 00:00:00-04:00,0.07000000029802322,0.07000000029802322,0.07000000029802322,0.07000000029802322,30000,0.0,0.0
1998-07-27 00:00:00-04:00,0.07000000029802322,0.07000000029802322,0.07000000029802322,0.07000000029802322,0,0.0,0.0
1998-07-28 00:00:00-04:00,0.07000000029802322,0.07000000029802322,0.07000000029802322,0.07000000029802322,0,0.0,0.0
1998-07-29 00:00:00-04:00,0.07000000029802322,0.07000000029802322,0.07000000029802322,0.07000000029802322,0,0.0,0.0
1998-07-30 00:00:00-04:00,0.07000000029802322,0.07000000029802322,0.07000000029802322,0.07000000029802322,0,0.0,0.0
1998-07-31 00:00:00-04:00,0.07000000029802322,0.07000000029802322,0.07000000029802322,0.07000000029802322,0,0.0,0.0
1998-08-03 00:00:00-04:00,0.07000000029802322,0.07000000029802322,0.07000000029802322,0.07000000029802322,0,0.0,0.0
1998-08-04 00:00:00-04:00,0.07000000029802322,0.07000000029802322,0.07000000029802322,0.07000000029802322,0,0.0,0.0
1998-08-05 00:00:00-04:00,0.05999999865889549,0.05999999865889549,0.05999999865889549,0.05999999865889549,50000,0.0,0.0
1998-08-06 00:00:00-04:00,0.05999999865889549,0.05999999865889549,0.05999999865889549,0.05999999865889549,0,0.0,0.0
1998-08-07 00:00:00-04:00,0.05999999865889549,0.05999999865889549,0.05999999865889549,0.05999999865889549,0,0.0,0.0
1998-08-10 00:00:00-04:00,0.05999999865889549,0.05999999865889549,0.05999999865889549,0.05999999865889549,0,0.0,0.0
1998-08-11 00:00:00-04:00,0.05999999865889549,0.05999999865889549,0.05999999865889549,0.05999999865889549,40000,0.0,0.0
1998-08-12 00:00:00-04:00,0.05999999865889549,0.05999999865889549,0.05999999865889549,0.05999999865889549,0,0.0,0.0
1998-08-13 00:00:00-04:00,0.05999999865889549,0.05999999865889549,0.05999999865889549,0.05999999865889549,1000,0.0,0.0
1998-08-14 00:00:00-04:00,0.05999999865889549,0.05999999865889549,0.05999999865889549,0.05999999865889549,0,0.0,0.0
1998-08-17 00:00:00-04:00,0.05999999865889549,0.05999999865889549,0.05999999865889549,0.05999999865889549,0,0.0,0.0
1998-08-18 00:00:00-04:00,0.05999999865889549,0.05999999865889549,0.05999999865889549,0.05999999865889549,0,0.0,0.0
1998-08-19 00:00:00-04:00,0.05999999865889549,0.05999999865889549,0.05999999865889549,0.05999999865889549,0,0.0,0.0
1998-08-20 00:00:00-04:00,0.05999999865889549,0.05999999865889549,0.05999999865889549,0.05999999865889549,0,0.0,0.0
1998-08-21 00:00:00-04:00,0.05999999865889549,0.05999999865889549,0.05999999865889549,0.05999999865889549,1000,0.0,0.0
1998-08-24 00:00:00-04:00,0.05999999865889549,0.05999999865889549,0.05999999865889549,0.05999999865889549,0,0.0,0.0
1998-08-25 00:00:00-04:00,0.05999999865889549,0.05999999865889549,0.05999999865889549,0.05999999865889549,0,0.0,0.0
1998-08-26 00:00:00-04:00,0.05999999865889549,0.05999999865889549,0.05999999865889549,0.05999999865889549,0,0.0,0.0
1998-08-27 00:00:00-04:00,0.05999999865889549,0.05999999865889549,0.05999999865889549,0.05999999865889549,0,0.0,0.0
1998-08-28 00:00:00-04:00,0.05999999865889549,0.05999999865889549,0.05999999865889549,0.05999999865889549,0,0.0,0.0
1998-08-31 00:00:00-04:00,0.05999999865889549,0.05999999865889549,0.05999999865889549,0.05999999865889549,0,0.0,0.0
1998-09-01 00:00:00-04:00,0.05999999865889549,0.05999999865889549,0.05999999865889549,0.05999999865889549,0,0.0,0.0
1998-09-02 00:00:00-04:00,0.05999999865889549,0.05999999865889549,0.05999999865889549,0.05999999865889549,0,0.0,0.0
1998-09-03 00:00:00-04:00,0.05999999865889549,0.05999999865889549,0.05999999865889549,0.05999999865889549,500,0.0,0.0
1998-09-04 00:00:00-04:00,0.05999999865889549,0.05999999865889549,0.05999999865889549,0.05999999865889549,0,0.0,0.0
1998-09-08 00:00:00-04:00,0.05999999865889549,0.05999999865889549,0.05999999865889549,0.05999999865889549,0,0.0,0.0
1998-09-09 00:00:00-04:00,0.05999999865889549,0.05999999865889549,0.05999999865889549,0.05999999865889549,0,0.0,0.0
1998-09-10 00:00:00-04:00,0.05999999865889549,0.05999999865889549,0.05999999865889549,0.05999999865889549,0,0.0,0.0
1998-09-11 00:00:00-04:00,0.05999999865889549,0.05999999865889549,0.05999999865889549,0.05999999865889549,15000,0.0,0.0
1998-09-14 00:00:00-04:00,0.05999999865889549,0.05999999865889549,0.05999999865889549,0.05999999865889549,0,0.0,0.0
1998-09-15 00:00:00-04:00,0.05999999865889549,0.05999999865889549,0.05999999865889549,0.05999999865889549,0,0.0,0.0
1998-09-16 00:00:00-04:00,0.05999999865889549,0.05999999865889549,0.05999999865889549,0.05999999865889549,0,0.0,0.0
1998-09-17 00:00:00-04:00,0.05000000074505806,0.054999999701976776,0.05000000074505806,0.05000000074505806,45000,0.0,0.0
1998-09-18 00:00:00-04:00,0.05000000074505806,0.05000000074505806,0.05000000074505806,0.05000000074505806,0,0.0,0.0
1998-09-21 00:00:00-04:00,0.05000000074505806,0.05000000074505806,0.05000000074505806,0.05000000074505806,0,0.0,0.0
1998-09-22 00:00:00-04:00,0.05000000074505806,0.05000000074505806,0.05000000074505806,0.05000000074505806,0,0.0,0.0
1998-09-23 00:00:00-04:00,0.05000000074505806,0.05000000074505806,0.05000000074505806,0.05000000074505806,0,0.0,0.0
1998-09-24 00:00:00-04:00,0.05000000074505806,0.05000000074505806,0.05000000074505806,0.05000000074505806,0,0.0,0.0
1998-09-25 00:00:00-04:00,0.05000000074505806,0.05000000074505806,0.05000000074505806,0.05000000074505806,0,0.0,0.0
1998-09-28 00:00:00-04:00,0.05000000074505806,0.05000000074505806,0.05000000074505806,0.05000000074505806,0,0.0,0.0
1998-09-29 00:00:00-04:00,0.05000000074505806,0.05000000074505806,0.05000000074505806,0.05000000074505806,0,0.0,0.0
1998-09-30 00:00:00-04:00,0.05000000074505806,0.05000000074505806,0.05000000074505806,0.05000000074505806,0,0.0,0.0
1998-10-01 00:00:00-04:00,0.05000000074505806,0.05000000074505806,0.05000000074505806,0.05000000074505806,2000,0.0,0.0
1998-10-02 00:00:00-04:00,0.05000000074505806,0.05000000074505806,0.05000000074505806,0.05000000074505806,0,0.0,0.0
1998-10-05 00:00:00-04:00,0.05000000074505806,0.05000000074505806,0.05000000074505806,0.05000000074505806,0,0.0,0.0
1998-10-06 00:00:00-04:00,0.05000000074505806,0.05000000074505806,0.05000000074505806,0.05000000074505806,0,0.0,0.0
1998-10-07 00:00:00-04:00,0.05000000074505806,0.05000000074505806,0.05000000074505806,0.05000000074505806,0,0.0,0.0
1998-10-08 00:00:00-04:00,0.05000000074505806,0.05000000074505806,0.05000000074505806,0.05000000074505806,0,0.0,0.0
1998-10-09 00:00:00-04:00,0.05000000074505806,0.05000000074505806,0.05000000074505806,0.05000000074505806,0,0.0,0.0
1998-10-12 00:00:00-04:00,0.05000000074505806,0.05000000074505806,0.05000000074505806,0.05000000074505806,15000,0.0,0.0
1998-10-13 00:00:00-04:00,0.05000000074505806,0.05000000074505806,0.05000000074505806,0.05000000074505806,0,0.0,0.0
1998-10-14 00:00:00-04:00,0.05000000074505806,0.05000000074505806,0.05000000074505806,0.05000000074505806,0,0.0,0.0
1998-10-15 00:00:00-04:00,0.05000000074505806,0.05000000074505806,0.05000000074505806,0.05000000074505806,0,0.0,0.0
1998-10-16 00:00:00-04:00,0.05000000074505806,0.05000000074505806,0.05000000074505806,0.05000000074505806,0,0.0,0.0
1998-10-19 00:00:00-04:00,0.05000000074505806,0.05000000074505806,0.05000000074505806,0.05000000074505806,0,0.0,0.0
1998-10-20 00:00:00-04:00,0.05000000074505806,0.05000000074505806,0.05000000074505806,0.05000000074505806,0,0.0,0.0
1998-10-21 00:00:00-04:00,0.05000000074505806,0.05000000074505806,0.05000000074505806,0.05000000074505806,0,0.0,0.0
1998-10-22 00:00:00-04:00,0.05000000074505806,0.05000000074505806,0.05000000074505806,0.05000000074505806,0,0.0,0.0
1998-10-23 00:00:00-04:00,0.05000000074505806,0.054999999701976776,0.05000000074505806,0.05000000074505806,115000,0.0,0.0
1998-10-26 00:00:00-05:00,0.05000000074505806,0.05000000074505806,0.05000000074505806,0.05000000074505806,0,0.0,0.0
1998-10-27 00:00:00-05:00,0.05000000074505806,0.05000000074505806,0.05000000074505806,0.05000000074505806,0,0.0,0.0
1998-10-28 00:00:00-05:00,0.05000000074505806,0.05000000074505806,0.05000000074505806,0.05000000074505806,3000,0.0,0.0
1998-10-29 00:00:00-05:00,0.05000000074505806,0.05000000074505806,0.05000000074505806,0.05000000074505806,0,0.0,0.0
1998-10-30 00:00:00-05:00,0.05000000074505806,0.05999999865889549,0.05000000074505806,0.05000000074505806,7100,0.0,0.0
1998-11-02 00:00:00-05:00,0.05000000074505806,0.05000000074505806,0.05000000074505806,0.05000000074505806,500,0.0,0.0
1998-11-03 00:00:00-05:00,0.05000000074505806,0.05000000074505806,0.05000000074505806,0.05000000074505806,0,0.0,0.0
1998-11-04 00:00:00-05:00,0.05000000074505806,0.05000000074505806,0.05000000074505806,0.05000000074505806,0,0.0,0.0
1998-11-05 00:00:00-05:00,0.05000000074505806,0.05000000074505806,0.05000000074505806,0.05000000074505806,0,0.0,0.0
1998-11-06 00:00:00-05:00,0.05000000074505806,0.05000000074505806,0.05000000074505806,0.05000000074505806,0,0.0,0.0
1998-11-09 00:00:00-05:00,0.05000000074505806,0.05000000074505806,0.05000000074505806,0.05000000074505806,2000,0.0,0.0
1998-11-10 00:00:00-05:00,0.05000000074505806,0.05000000074505806,0.05000000074505806,0.05000000074505806,0,0.0,0.0
1998-11-11 00:00:00-05:00,0.05000000074505806,0.05000000074505806,0.05000000074505806,0.05000000074505806,23500,0.0,0.0
1998-11-12 00:00:00-05:00,0.05000000074505806,0.05000000074505806,0.05000000074505806,0.05000000074505806,0,0.0,0.0
1998-11-13 00:00:00-05:00,0.05000000074505806,0.05000000074505806,0.05000000074505806,0.05000000074505806,0,0.0,0.0
1998-11-16 00:00:00-05:00,0.05000000074505806,0.05000000074505806,0.05000000074505806,0.05000000074505806,0,0.0,0.0
1998-11-17 00:00:00-05:00,0.05000000074505806,0.05000000074505806,0.05000000074505806,0.05000000074505806,0,0.0,0.0
1998-11-18 00:00:00-05:00,0.05000000074505806,0.05000000074505806,0.05000000074505806,0.05000000074505806,0,0.0,0.0
1998-11-19 00:00:00-05:00,0.05000000074505806,0.05000000074505806,0.05000000074505806,0.05000000074505806,0,0.0,0.0
1998-11-20 00:00:00-05:00,0.05000000074505806,0.05000000074505806,0.05000000074505806,0.05000000074505806,4600,0.0,0.0
1998-11-23 00:00:00-05:00,0.05000000074505806,0.05000000074505806,0.05000000074505806,0.05000000074505806,0,0.0,0.0
1998-11-24 00:00:00-05:00,0.05000000074505806,0.05000000074505806,0.05000000074505806,0.05000000074505806,10100,0.0,0.0
1998-11-25 00:00:00-05:00,0.04500000178813934,0.04500000178813934,0.04500000178813934,0.04500000178813934,90000,0.0,0.0
1998-11-27 00:00:00-05:00,0.04500000178813934,0.04500000178813934,0.04500000178813934,0.04500000178813934,0,0.0,0.0
1998-11-30 00:00:00-05:00,0.04500000178813934,0.04500000178813934,0.04500000178813934,0.04500000178813934,50000,0.0,0.0
1998-12-01 00:00:00-05:00,0.04500000178813934,0.04500000178813934,0.04500000178813934,0.04500000178813934,25000,0.0,0.0
1998-12-02 00:00:00-05:00,0.03999999910593033,0.03999999910593033,0.03999999910593033,0.03999999910593033,44300,0.0,0.0
1998-12-03 00:00:00-05:00,0.03999999910593033,0.03999999910593033,0.03999999910593033,0.03999999910593033,0,0.0,0.0
1998-12-04 00:00:00-05:00,0.03999999910593033,0.03999999910593033,0.03999999910593033,0.03999999910593033,0,0.0,0.0
1998-12-07 00:00:00-05:00,0.03999999910593033,0.03999999910593033,0.03999999910593033,0.03999999910593033,2100,0.0,0.0
1998-12-08 00:00:00-05:00,0.05000000074505806,0.05000000074505806,0.03999999910593033,0.05000000074505806,2200,0.0,0.0
1998-12-09 00:00:00-05:00,0.03999999910593033,0.03999999910593033,0.03999999910593033,0.03999999910593033,8000,0.0,0.0
1998-12-10 00:00:00-05:00,0.03999999910593033,0.03999999910593033,0.03999999910593033,0.03999999910593033,0,0.0,0.0
1998-12-11 00:00:00-05:00,0.03999999910593033,0.05000000074505806,0.03999999910593033,0.03999999910593033,6600,0.0,0.0
1998-12-14 00:00:00-05:00,0.03999999910593033,0.03999999910593033,0.03999999910593033,0.03999999910593033,5000,0.0,0.0
1998-12-15 00:00:00-05:00,0.03999999910593033,0.03999999910593033,0.03999999910593033,0.03999999910593033,0,0.0,0.0
1998-12-16 00:00:00-05:00,0.03999999910593033,0.03999999910593033,0.03999999910593033,0.03999999910593033,0,0.0,0.0
1998-12-17 00:00:00-05:00,0.03999999910593033,0.03999999910593033,0.03999999910593033,0.03999999910593033,0,0.0,0.0
1998-12-18 00:00:00-05:00,0.03999999910593033,0.03999999910593033,0.03999999910593033,0.03999999910593033,15100,0.0,0.0
1998-12-21 00:00:00-05:00,0.03999999910593033,0.05000000074505806,0.03999999910593033,0.03999999910593033,22000,0.0,0.0
1998-12-22 00:00:00-05:00,0.05000000074505806,0.05000000074505806,0.03999999910593033,0.05000000074505806,34900,0.0,0.0
1998-12-23 00:00:00-05:00,0.03999999910593033,0.03999999910593033,0.03999999910593033,0.03999999910593033,4500,0.0,0.0
1998-12-24 00:00:00-05:00,0.03999999910593033,0.03999999910593033,0.03999999910593033,0.03999999910593033,141500,0.0,0.0
1998-12-28 00:00:00-05:00,0.03999999910593033,0.03999999910593033,0.03999999910593033,0.03999999910593033,150000,0.0,0.0
1998-12-29 00:00:00-05:00,0.03999999910593033,0.03999999910593033,0.03999999910593033,0.03999999910593033,100000,0.0,0.0
1998-12-30 00:00:00-05:00,0.03999999910593033,0.03999999910593033,0.03999999910593033,0.03999999910593033,46500,0.0,0.0
1998-12-31 00:00:00-05:00,0.03999999910593033,0.03999999910593033,0.03999999910593033,0.03999999910593033,35000,0.0,0.0
1999-01-04 00:00:00-05:00,0.03999999910593033,0.03999999910593033,0.03999999910593033,0.03999999910593033,0,0.0,0.0
1999-01-05 00:00:00-05:00,0.03999999910593033,0.03999999910593033,0.03999999910593033,0.03999999910593033,2300,0.0,0.0
1999-01-06 00:00:00-05:00,0.03999999910593033,0.03999999910593033,0.03999999910593033,0.03999999910593033,10000,0.0,0.0
1999-01-07 00:00:00-05:00,0.03999999910593033,0.03999999910593033,0.03999999910593033,0.03999999910593033,1400,0.0,0.0
1999-01-08 00:00:00-05:00,0.03999999910593033,0.03999999910593033,0.03999999910593033,0.03999999910593033,1000,0.0,0.0
1999-01-11 00:00:00-05:00,0.05000000074505806,0.05000000074505806,0.04500000178813934,0.05000000074505806,85000,0.0,0.0
1999-01-12 00:00:00-05:00,0.05000000074505806,0.05000000074505806,0.05000000074505806,0.05000000074505806,0,0.0,0.0
1999-01-13 00:00:00-05:00,0.05000000074505806,0.05000000074505806,0.05000000074505806,0.05000000074505806,0,0.0,0.0
1999-01-14 00:00:00-05:00,0.05000000074505806,0.05000000074505806,0.05000000074505806,0.05000000074505806,0,0.0,0.0
1999-01-15 00:00:00-05:00,0.05000000074505806,0.05000000074505806,0.05000000074505806,0.05000000074505806,0,0.0,0.0
1999-01-19 00:00:00-05:00,0.03999999910593033,0.04500000178813934,0.03999999910593033,0.03999999910593033,190000,0.0,0.0
1999-01-20 00:00:00-05:00,0.03999999910593033,0.03999999910593033,0.03999999910593033,0.03999999910593033,0,0.0,0.0
1999-01-21 00:00:00-05:00,0.04500000178813934,0.04500000178813934,0.04500000178813934,0.04500000178813934,10000,0.0,0.0
1999-01-22 00:00:00-05:00,0.04500000178813934,0.04500000178813934,0.04500000178813934,0.04500000178813934,0,0.0,0.0
1999-01-25 00:00:00-05:00,0.03500000014901161,0.03500000014901161,0.019999999552965164,0.03500000014901161,242500,0.0,0.0
1999-01-26 00:00:00-05:00,0.03500000014901161,0.03500000014901161,0.03500000014901161,0.03500000014901161,0,0.0,0.0
1999-01-27 00:00:00-05:00,0.03500000014901161,0.03500000014901161,0.03500000014901161,0.03500000014901161,0,0.0,0.0
1999-01-28 00:00:00-05:00,0.03500000014901161,0.03500000014901161,0.03500000014901161,0.03500000014901161,0,0.0,0.0
1999-01-29 00:00:00-05:00,0.03500000014901161,0.03500000014901161,0.03500000014901161,0.03500000014901161,0,0.0,0.0
1999-02-01 00:00:00-05:00,0.03500000014901161,0.03500000014901161,0.03500000014901161,0.03500000014901161,0,0.0,0.0
1999-02-02 00:00:00-05:00,0.03500000014901161,0.03500000014901161,0.03500000014901161,0.03500000014901161,0,0.0,0.0
1999-02-03 00:00:00-05:00,0.03200000151991844,0.03200000151991844,0.03200000151991844,0.03200000151991844,100000,0.0,0.0
1999-02-04 00:00:00-05:00,0.04399999976158142,0.04399999976158142,0.04399999976158142,0.04399999976158142,12000,0.0,0.0
1999-02-05 00:00:00-05:00,0.04399999976158142,0.04399999976158142,0.04399999976158142,0.04399999976158142,0,0.0,0.0
1999-02-08 00:00:00-05:00,0.03200000151991844,0.03200000151991844,0.03200000151991844,0.03200000151991844,800,0.0,0.0
1999-02-09 00:00:00-05:00,0.03200000151991844,0.03200000151991844,0.03200000151991844,0.03200000151991844,0,0.0,0.0
1999-02-10 00:00:00-05:00,0.03200000151991844,0.03200000151991844,0.03200000151991844,0.03200000151991844,0,0.0,0.0
1999-02-11 00:00:00-05:00,0.03200000151991844,0.03200000151991844,0.03200000151991844,0.03200000151991844,0,0.0,0.0
1999-02-12 00:00:00-05:00,0.03200000151991844,0.03200000151991844,0.03200000151991844,0.03200000151991844,10000,0.0,0.0
1999-02-16 00:00:00-05:00,0.03200000151991844,0.03200000151991844,0.03200000151991844,0.03200000151991844,500,0.0,0.0
1999-02-17 00:00:00-05:00,0.03200000151991844,0.03200000151991844,0.03200000151991844,0.03200000151991844,0,0.0,0.0
1999-02-18 00:00:00-05:00,0.03200000151991844,0.03200000151991844,0.03200000151991844,0.03200000151991844,0,0.0,0.0
1999-02-19 00:00:00-05:00,0.03200000151991844,0.03200000151991844,0.03200000151991844,0.03200000151991844,0,0.0,0.0
1999-02-22 00:00:00-05:00,0.03200000151991844,0.03200000151991844,0.03200000151991844,0.03200000151991844,0,0.0,0.0
1999-02-23 00:00:00-05:00,0.03200000151991844,0.03200000151991844,0.03200000151991844,0.03200000151991844,0,0.0,0.0
1999-02-24 00:00:00-05:00,0.03200000151991844,0.03200000151991844,0.03200000151991844,0.03200000151991844,0,0.0,0.0
1999-02-25 00:00:00-05:00,0.03200000151991844,0.03200000151991844,0.03200000151991844,0.03200000151991844,0,0.0,0.0
1999-02-26 00:00:00-05:00,0.03200000151991844,0.03200000151991844,0.03200000151991844,0.03200000151991844,300,0.0,0.0
1999-03-01 00:00:00-05:00,0.03200000151991844,0.03200000151991844,0.03200000151991844,0.03200000151991844,0,0.0,0.0
1999-03-02 00:00:00-05:00,0.03200000151991844,0.03200000151991844,0.03200000151991844,0.03200000151991844,0,0.0,0.0
1999-03-03 00:00:00-05:00,0.03200000151991844,0.03200000151991844,0.03200000151991844,0.03200000151991844,0,0.0,0.0
1999-03-04 00:00:00-05:00,0.03200000151991844,0.03200000151991844,0.03200000151991844,0.03200000151991844,0,0.0,0.0
1999-03-05 00:00:00-05:00,0.03200000151991844,0.03200000151991844,0.03200000151991844,0.03200000151991844,0,0.0,0.0
1999-03-08 00:00:00-05:00,0.03200000151991844,0.03200000151991844,0.03200000151991844,0.03200000151991844,0,0.0,0.0
1999-03-09 00:00:00-05:00,0.03799999877810478,0.03799999877810478,0.03799999877810478,0.03799999877810478,11900,0.0,0.0
1999-03-10 00:00:00-05:00,0.03200000151991844,0.03200000151991844,0.03200000151991844,0.03200000151991844,5700,0.0,0.0
1999-03-11 00:00:00-05:00,0.03200000151991844,0.03200000151991844,0.03200000151991844,0.03200000151991844,0,0.0,0.0
1999-03-12 00:00:00-05:00,0.03200000151991844,0.03200000151991844,0.03200000151991844,0.03200000151991844,0,0.0,0.0
1999-03-15 00:00:00-05:00,0.03500000014901161,0.03799999877810478,0.03500000014901161,0.03500000014901161,20500,0.0,0.0
1999-03-16 00:00:00-05:00,0.03500000014901161,0.03500000014901161,0.03500000014901161,0.03500000014901161,50000,0.0,0.0
1999-03-17 00:00:00-05:00,0.03500000014901161,0.03500000014901161,0.03500000014901161,0.03500000014901161,0,0.0,0.0
1999-03-18 00:00:00-05:00,0.03500000014901161,0.03500000014901161,0.03500000014901161,0.03500000014901161,0,0.0,0.0
1999-03-19 00:00:00-05:00,0.03500000014901161,0.03500000014901161,0.03500000014901161,0.03500000014901161,0,0.0,0.0
1999-03-22 00:00:00-05:00,0.03500000014901161,0.03500000014901161,0.03500000014901161,0.03500000014901161,0,0.0,0.0
1999-03-23 00:00:00-05:00,0.03500000014901161,0.03500000014901161,0.03500000014901161,0.03500000014901161,0,0.0,0.0
1999-03-24 00:00:00-05:00,0.03500000014901161,0.03500000014901161,0.03500000014901161,0.03500000014901161,20000,0.0,0.0
1999-03-25 00:00:00-05:00,0.03500000014901161,0.03500000014901161,0.03500000014901161,0.03500000014901161,0,0.0,0.0
1999-03-26 00:00:00-05:00,0.03500000014901161,0.03500000014901161,0.03500000014901161,0.03500000014901161,0,0.0,0.0
1999-03-29 00:00:00-05:00,0.03500000014901161,0.03500000014901161,0.03500000014901161,0.03500000014901161,0,0.0,0.0
1999-03-30 00:00:00-05:00,0.03500000014901161,0.03500000014901161,0.03500000014901161,0.03500000014901161,0,0.0,0.0
1999-03-31 00:00:00-05:00,0.03500000014901161,0.03500000014901161,0.03500000014901161,0.03500000014901161,0,0.0,0.0
1999-04-01 00:00:00-05:00,0.03500000014901161,0.03500000014901161,0.03500000014901161,0.03500000014901161,0,0.0,0.0
1999-04-05 00:00:00-04:00,0.03500000014901161,0.03500000014901161,0.03500000014901161,0.03500000014901161,0,0.0,0.0
1999-04-06 00:00:00-04:00,0.03500000014901161,0.03500000014901161,0.03500000014901161,0.03500000014901161,0,0.0,0.0
1999-04-07 00:00:00-04:00,0.03500000014901161,0.03500000014901161,0.03500000014901161,0.03500000014901161,0,0.0,0.0
1999-04-08 00:00:00-04:00,0.03500000014901161,0.03500000014901161,0.03500000014901161,0.03500000014901161,0,0.0,0.0
1999-04-09 00:00:00-04:00,0.03500000014901161,0.03500000014901161,0.03500000014901161,0.03500000014901161,8500,0.0,0.0
1999-04-12 00:00:00-04:00,0.03500000014901161,0.03500000014901161,0.03500000014901161,0.03500000014901161,300,0.0,0.0
1999-04-13 00:00:00-04:00,0.03500000014901161,0.03500000014901161,0.03500000014901161,0.03500000014901161,0,0.0,0.0
1999-04-14 00:00:00-04:00,0.03500000014901161,0.03500000014901161,0.03500000014901161,0.03500000014901161,0,0.0,0.0
1999-04-15 00:00:00-04:00,0.03500000014901161,0.03500000014901161,0.03500000014901161,0.03500000014901161,0,0.0,0.0
1999-04-16 00:00:00-04:00,0.03500000014901161,0.03500000014901161,0.03500000014901161,0.03500000014901161,0,0.0,0.0
1999-04-19 00:00:00-04:00,0.03500000014901161,0.03500000014901161,0.03500000014901161,0.03500000014901161,17500,0.0,0.0
1999-04-20 00:00:00-04:00,0.03500000014901161,0.03500000014901161,0.03500000014901161,0.03500000014901161,5000,0.0,0.0
1999-04-21 00:00:00-04:00,0.03500000014901161,0.03500000014901161,0.03500000014901161,0.03500000014901161,0,0.0,0.0
1999-04-22 00:00:00-04:00,0.03500000014901161,0.03500000014901161,0.03500000014901161,0.03500000014901161,0,0.0,0.0
1999-04-23 00:00:00-04:00,0.03500000014901161,0.03500000014901161,0.03500000014901161,0.03500000014901161,0,0.0,0.0
1999-04-26 00:00:00-04:00,0.03500000014901161,0.03500000014901161,0.03500000014901161,0.03500000014901161,0,0.0,0.0
1999-04-27 00:00:00-04:00,0.03500000014901161,0.03500000014901161,0.03500000014901161,0.03500000014901161,0,0.0,0.0
1999-04-28 00:00:00-04:00,0.03500000014901161,0.03500000014901161,0.03500000014901161,0.03500000014901161,0,0.0,0.0
1999-04-29 00:00:00-04:00,0.04500000178813934,0.04500000178813934,0.03799999877810478,0.04500000178813934,101000,0.0,0.0
1999-04-30 00:00:00-04:00,0.04500000178813934,0.04500000178813934,0.04500000178813934,0.04500000178813934,0,0.0,0.0
1999-05-03 00:00:00-04:00,0.04500000178813934,0.04500000178813934,0.04500000178813934,0.04500000178813934,0,0.0,0.0
1999-05-04 00:00:00-04:00,0.06300000101327896,0.06300000101327896,0.05000000074505806,0.06300000101327896,99000,0.0,0.0
1999-05-05 00:00:00-04:00,0.06199999898672104,0.06199999898672104,0.06199999898672104,0.06199999898672104,12000,0.0,0.0
1999-05-06 00:00:00-04:00,0.06199999898672104,0.06199999898672104,0.06199999898672104,0.06199999898672104,0,0.0,0.0
1999-05-07 00:00:00-04:00,0.06199999898672104,0.06199999898672104,0.06199999898672104,0.06199999898672104,0,0.0,0.0
1999-05-10 00:00:00-04:00,0.06199999898672104,0.06199999898672104,0.06199999898672104,0.06199999898672104,5200,0.0,0.0
1999-05-11 00:00:00-04:00,0.054999999701976776,0.054999999701976776,0.054999999701976776,0.054999999701976776,5000,0.0,0.0
1999-05-12 00:00:00-04:00,0.054999999701976776,0.054999999701976776,0.054999999701976776,0.054999999701976776,0,0.0,0.0
1999-05-13 00:00:00-04:00,0.054999999701976776,0.054999999701976776,0.054999999701976776,0.054999999701976776,0,0.0,0.0
1999-05-14 00:00:00-04:00,0.054999999701976776,0.054999999701976776,0.054999999701976776,0.054999999701976776,0,0.0,0.0
1999-05-17 00:00:00-04:00,0.054999999701976776,0.054999999701976776,0.054999999701976776,0.054999999701976776,0,0.0,0.0
1999-05-18 00:00:00-04:00,0.054999999701976776,0.054999999701976776,0.054999999701976776,0.054999999701976776,0,0.0,0.0
1999-05-19 00:00:00-04:00,0.054999999701976776,0.054999999701976776,0.054999999701976776,0.054999999701976776,0,0.0,0.0
1999-05-20 00:00:00-04:00,0.054999999701976776,0.054999999701976776,0.054999999701976776,0.054999999701976776,0,0.0,0.0
1999-05-21 00:00:00-04:00,0.054999999701976776,0.054999999701976776,0.054999999701976776,0.054999999701976776,0,0.0,0.0
1999-05-24 00:00:00-04:00,0.054999999701976776,0.054999999701976776,0.054999999701976776,0.054999999701976776,0,0.0,0.0
1999-05-25 00:00:00-04:00,0.054999999701976776,0.054999999701976776,0.054999999701976776,0.054999999701976776,0,0.0,0.0
1999-05-26 00:00:00-04:00,0.054999999701976776,0.054999999701976776,0.054999999701976776,0.054999999701976776,0,0.0,0.0
1999-05-27 00:00:00-04:00,0.054999999701976776,0.054999999701976776,0.054999999701976776,0.054999999701976776,0,0.0,0.0
1999-05-28 00:00:00-04:00,0.054999999701976776,0.054999999701976776,0.054999999701976776,0.054999999701976776,0,0.0,0.0
1999-06-01 00:00:00-04:00,0.054999999701976776,0.054999999701976776,0.054999999701976776,0.054999999701976776,0,0.0,0.0
1999-06-02 00:00:00-04:00,0.05999999865889549,0.05999999865889549,0.04500000178813934,0.05999999865889549,30000,0.0,0.0
1999-06-03 00:00:00-04:00,0.05999999865889549,0.05999999865889549,0.05999999865889549,0.05999999865889549,5000,0.0,0.0
1999-06-04 00:00:00-04:00,0.05999999865889549,0.05999999865889549,0.05999999865889549,0.05999999865889549,0,0.0,0.0
1999-06-07 00:00:00-04:00,0.05999999865889549,0.05999999865889549,0.05999999865889549,0.05999999865889549,0,0.0,0.0
1999-06-08 00:00:00-04:00,0.05999999865889549,0.05999999865889549,0.05999999865889549,0.05999999865889549,0,0.0,0.0
1999-06-09 00:00:00-04:00,0.05999999865889549,0.05999999865889549,0.05999999865889549,0.05999999865889549,0,0.0,0.0
1999-06-10 00:00:00-04:00,0.05999999865889549,0.05999999865889549,0.05999999865889549,0.05999999865889549,0,0.0,0.0
1999-06-11 00:00:00-04:00,0.05999999865889549,0.05999999865889549,0.05999999865889549,0.05999999865889549,0,0.0,0.0
1999-06-14 00:00:00-04:00,0.05999999865889549,0.05999999865889549,0.05999999865889549,0.05999999865889549,0,0.0,0.0
1999-06-15 00:00:00-04:00,0.05999999865889549,0.05999999865889549,0.05999999865889549,0.05999999865889549,0,0.0,0.0
1999-06-16 00:00:00-04:00,0.04500000178813934,0.04500000178813934,0.04500000178813934,0.04500000178813934,2000,0.0,0.0
1999-06-17 00:00:00-04:00,0.04500000178813934,0.04500000178813934,0.04500000178813934,0.04500000178813934,30000,0.0,0.0
1999-06-18 00:00:00-04:00,0.04500000178813934,0.04500000178813934,0.04500000178813934,0.04500000178813934,0,0.0,0.0
1999-06-21 00:00:00-04:00,0.04500000178813934,0.04500000178813934,0.04500000178813934,0.04500000178813934,0,0.0,0.0
1999-06-22 00:00:00-04:00,0.04500000178813934,0.04500000178813934,0.04500000178813934,0.04500000178813934,0,0.0,0.0
1999-06-23 00:00:00-04:00,0.04500000178813934,0.04500000178813934,0.04500000178813934,0.04500000178813934,0,0.0,0.0
1999-06-24 00:00:00-04:00,0.04500000178813934,0.04500000178813934,0.04500000178813934,0.04500000178813934,15000,0.0,0.0
1999-06-25 00:00:00-04:00,0.04500000178813934,0.04500000178813934,0.04500000178813934,0.04500000178813934,0,0.0,0.0
1999-06-28 00:00:00-04:00,0.04500000178813934,0.04500000178813934,0.04500000178813934,0.04500000178813934,0,0.0,0.0
1999-06-29 00:00:00-04:00,0.04500000178813934,0.04500000178813934,0.04500000178813934,0.04500000178813934,0,0.0,0.0
1999-06-30 00:00:00-04:00,0.04500000178813934,0.04500000178813934,0.04500000178813934,0.04500000178813934,0,0.0,0.0
1999-07-01 00:00:00-04:00,0.04500000178813934,0.04500000178813934,0.04500000178813934,0.04500000178813934,0,0.0,0.0
1999-07-02 00:00:00-04:00,0.04500000178813934,0.04500000178813934,0.04500000178813934,0.04500000178813934,0,0.0,0.0
1999-07-06 00:00:00-04:00,0.03999999910593033,0.03999999910593033,0.03999999910593033,0.03999999910593033,2200,0.0,0.0
1999-07-07 00:00:00-04:00,0.03999999910593033,0.03999999910593033,0.03999999910593033,0.03999999910593033,1000,0.0,0.0
1999-07-08 00:00:00-04:00,0.03999999910593033,0.03999999910593033,0.03999999910593033,0.03999999910593033,0,0.0,0.0
1999-07-09 00:00:00-04:00,0.10999999940395355,0.125,0.04500000178813934,0.10999999940395355,1258400,0.0,0.0
1999-07-12 00:00:00-04:00,0.125,0.18000000715255737,0.125,0.125,704400,0.0,0.0
1999-07-13 00:00:00-04:00,0.0949999988079071,0.12999999523162842,0.09300000220537186,0.0949999988079071,72900,0.0,0.0
1999-07-14 00:00:00-04:00,0.0949999988079071,0.0949999988079071,0.0949999988079071,0.0949999988079071,2000,0.0,0.0
1999-07-15 00:00:00-04:00,0.07000000029802322,0.0949999988079071,0.07000000029802322,0.07000000029802322,71900,0.0,0.0
1999-07-16 00:00:00-04:00,0.07000000029802322,0.07000000029802322,0.07000000029802322,0.07000000029802322,0,0.0,0.0
1999-07-19 00:00:00-04:00,0.10000000149011612,0.10000000149011612,0.07000000029802322,0.10000000149011612,6800,0.0,0.0
1999-07-20 00:00:00-04:00,0.09000000357627869,0.09000000357627869,0.07000000029802322,0.09000000357627869,3100,0.0,0.0
1999-07-21 00:00:00-04:00,0.07000000029802322,0.07000000029802322,0.07000000029802322,0.07000000029802322,24100,0.0,0.0
1999-07-22 00:00:00-04:00,0.07000000029802322,0.07000000029802322,0.07000000029802322,0.07000000029802322,50000,0.0,0.0
1999-07-23 00:00:00-04:00,0.07000000029802322,0.07000000029802322,0.07000000029802322,0.07000000029802322,5000,0.0,0.0
1999-07-26 00:00:00-04:00,0.07000000029802322,0.09000000357627869,0.07000000029802322,0.07000000029802322,7200,0.0,0.0
1999-07-27 00:00:00-04:00,0.05999999865889549,0.05999999865889549,0.05999999865889549,0.05999999865889549,4000,0.0,0.0
1999-07-28 00:00:00-04:00,0.05999999865889549,0.05999999865889549,0.05999999865889549,0.05999999865889549,41000,0.0,0.0
1999-07-29 00:00:00-04:00,0.05999999865889549,0.05999999865889549,0.05999999865889549,0.05999999865889549,0,0.0,0.0
1999-07-30 00:00:00-04:00,0.07900000363588333,0.07900000363588333,0.05999999865889549,0.07900000363588333,125000,0.0,0.0
1999-08-02 00:00:00-04:00,0.07900000363588333,0.07900000363588333,0.07900000363588333,0.07900000363588333,5000,0.0,0.0
1999-08-03 00:00:00-04:00,0.07000000029802322,0.07000000029802322,0.07000000029802322,0.07000000029802322,1000,0.0,0.0
1999-08-04 00:00:00-04:00,0.07900000363588333,0.07900000363588333,0.07100000232458115,0.07900000363588333,6400,0.0,0.0
1999-08-05 00:00:00-04:00,0.07900000363588333,0.07900000363588333,0.07900000363588333,0.07900000363588333,0,0.0,0.0
1999-08-06 00:00:00-04:00,0.07500000298023224,0.07500000298023224,0.07500000298023224,0.07500000298023224,5000,0.0,0.0
1999-08-09 00:00:00-04:00,0.07500000298023224,0.07500000298023224,0.07500000298023224,0.07500000298023224,11000,0.0,0.0
1999-08-10 00:00:00-04:00,0.07500000298023224,0.07500000298023224,0.07500000298023224,0.07500000298023224,0,0.0,0.0
1999-08-11 00:00:00-04:00,0.07500000298023224,0.07900000363588333,0.07500000298023224,0.07900000363588333,11300,0.0,0.0
1999-08-12 00:00:00-04:00,0.07900000363588333,0.07900000363588333,0.07900000363588333,0.07900000363588333,0,0.0,0.0
1999-08-13 00:00:00-04:00,0.07500000298023224,0.07900000363588333,0.07500000298023224,0.07500000298023224,12000,0.0,0.0
1999-08-16 00:00:00-04:00,0.0949999988079071,0.0949999988079071,0.0949999988079071,0.0949999988079071,5000,0.0,0.0
1999-08-17 00:00:00-04:00,0.0949999988079071,0.0949999988079071,0.0949999988079071,0.0949999988079071,0,0.0,0.0
1999-08-18 00:00:00-04:00,0.0949999988079071,0.0949999988079071,0.0949999988079071,0.0949999988079071,5000,0.0,0.0
1999-08-19 00:00:00-04:00,0.0949999988079071,0.0949999988079071,0.0949999988079071,0.0949999988079071,0,0.0,0.0
1999-08-20 00:00:00-04:00,0.07999999821186066,0.0949999988079071,0.07999999821186066,0.0949999988079071,19500,0.0,0.0
1999-08-23 00:00:00-04:00,0.07999999821186066,0.07999999821186066,0.07999999821186066,0.07999999821186066,1000000,0.0,0.0
1999-08-24 00:00:00-04:00,0.07999999821186066,0.07999999821186066,0.07999999821186066,0.07999999821186066,0,0.0,0.0
1999-08-25 00:00:00-04:00,0.07999999821186066,0.07999999821186066,0.07999999821186066,0.07999999821186066,0,0.0,0.0
1999-08-26 00:00:00-04:00,0.07500000298023224,0.07500000298023224,0.07500000298023224,0.07500000298023224,13500,0.0,0.0
1999-08-27 00:00:00-04:00,0.07500000298023224,0.07500000298023224,0.07500000298023224,0.07500000298023224,4000,0.0,0.0
1999-08-30 00:00:00-04:00,0.07500000298023224,0.07500000298023224,0.07500000298023224,0.07500000298023224,0,0.0,0.0
1999-08-31 00:00:00-04:00,0.07500000298023224,0.07500000298023224,0.07500000298023224,0.07500000298023224,4000,0.0,0.0
1999-09-01 00:00:00-04:00,0.07500000298023224,0.07500000298023224,0.07500000298023224,0.07500000298023224,0,0.0,0.0
1999-09-02 00:00:00-04:00,0.07500000298023224,0.07500000298023224,0.07500000298023224,0.07500000298023224,0,0.0,0.0
1999-09-03 00:00:00-04:00,0.07500000298023224,0.07500000298023224,0.07500000298023224,0.07500000298023224,0,0.0,0.0
1999-09-07 00:00:00-04:00,0.0949999988079071,0.0949999988079071,0.08500000089406967,0.0949999988079071,71000,0.0,0.0
1999-09-08 00:00:00-04:00,0.0949999988079071,0.0949999988079071,0.0949999988079071,0.0949999988079071,0,0.0,0.0
1999-09-09 00:00:00-04:00,0.0949999988079071,0.0949999988079071,0.0949999988079071,0.0949999988079071,0,0.0,0.0
1999-09-10 00:00:00-04:00,0.0949999988079071,0.0949999988079071,0.0949999988079071,0.0949999988079071,0,0.0,0.0
1999-09-13 00:00:00-04:00,0.0949999988079071,0.0949999988079071,0.0949999988079071,0.0949999988079071,0,0.0,0.0
1999-09-14 00:00:00-04:00,0.09000000357627869,0.0949999988079071,0.09000000357627869,0.0949999988079071,14600,0.0,0.0
1999-09-15 00:00:00-04:00,0.0949999988079071,0.0949999988079071,0.0949999988079071,0.0949999988079071,0,0.0,0.0
1999-09-16 00:00:00-04:00,0.0949999988079071,0.0949999988079071,0.0949999988079071,0.0949999988079071,0,0.0,0.0
1999-09-17 00:00:00-04:00,0.0949999988079071,0.0949999988079071,0.0949999988079071,0.0949999988079071,0,0.0,0.0
1999-09-20 00:00:00-04:00,0.09200000017881393,0.09300000220537186,0.09200000017881393,0.09200000017881393,30000,0.0,0.0
1999-09-21 00:00:00-04:00,0.09200000017881393,0.09700000286102295,0.09200000017881393,0.09700000286102295,10600,0.0,0.0
1999-09-22 00:00:00-04:00,0.09700000286102295,0.09700000286102295,0.09700000286102295,0.09700000286102295,0,0.0,0.0
1999-09-23 00:00:00-04:00,0.09700000286102295,0.10000000149011612,0.0949999988079071,0.0949999988079071,83500,0.0,0.0
1999-09-24 00:00:00-04:00,0.0949999988079071,0.0949999988079071,0.0949999988079071,0.0949999988079071,22300,0.0,0.0
1999-09-27 00:00:00-04:00,0.0949999988079071,0.0949999988079071,0.0949999988079071,0.0949999988079071,0,0.0,0.0
1999-09-28 00:00:00-04:00,0.08500000089406967,0.08500000089406967,0.08500000089406967,0.08500000089406967,1000,0.0,0.0
1999-09-29 00:00:00-04:00,0.08500000089406967,0.08500000089406967,0.08500000089406967,0.08500000089406967,400,0.0,0.0
1999-09-30 00:00:00-04:00,0.08500000089406967,0.08500000089406967,0.08500000089406967,0.08500000089406967,200,0.0,0.0
1999-10-01 00:00:00-04:00,0.08500000089406967,0.08500000089406967,0.08500000089406967,0.08500000089406967,5200,0.0,0.0
1999-10-04 00:00:00-04:00,0.08500000089406967,0.08500000089406967,0.08500000089406967,0.08500000089406967,23000,0.0,0.0
1999-10-05 00:00:00-04:00,0.08500000089406967,0.08500000089406967,0.08500000089406967,0.08500000089406967,0,0.0,0.0
1999-10-06 00:00:00-04:00,0.08500000089406967,0.08500000089406967,0.08500000089406967,0.08500000089406967,0,0.0,0.0
1999-10-07 00:00:00-04:00,0.08500000089406967,0.08500000089406967,0.08500000089406967,0.08500000089406967,1500,0.0,0.0
1999-10-08 00:00:00-04:00,0.08500000089406967,0.08500000089406967,0.08500000089406967,0.08500000089406967,15000,0.0,0.0
1999-10-11 00:00:00-04:00,0.08500000089406967,0.08500000089406967,0.08500000089406967,0.08500000089406967,0,0.0,0.0
1999-10-12 00:00:00-04:00,0.08500000089406967,0.08500000089406967,0.08500000089406967,0.08500000089406967,0,0.0,0.0
1999-10-13 00:00:00-04:00,0.08500000089406967,0.08500000089406967,0.08500000089406967,0.08500000089406967,0,0.0,0.0
1999-10-14 00:00:00-04:00,0.08500000089406967,0.08500000089406967,0.08500000089406967,0.08500000089406967,10000,0.0,0.0
1999-10-15 00:00:00-04:00,0.08500000089406967,0.08500000089406967,0.08500000089406967,0.08500000089406967,0,0.0,0.0
1999-10-18 00:00:00-04:00,0.08500000089406967,0.08500000089406967,0.08500000089406967,0.08500000089406967,0,0.0,0.0
1999-10-19 00:00:00-04:00,0.08500000089406967,0.08500000089406967,0.08500000089406967,0.08500000089406967,0,0.0,0.0
1999-10-20 00:00:00-04:00,0.08500000089406967,0.08500000089406967,0.08500000089406967,0.08500000089406967,0,0.0,0.0
1999-10-21 00:00:00-04:00,0.08500000089406967,0.08500000089406967,0.08500000089406967,0.08500000089406967,0,0.0,0.0
1999-10-22 00:00:00-04:00,0.08500000089406967,0.08500000089406967,0.08500000089406967,0.08500000089406967,0,0.0,0.0
1999-10-25 00:00:00-04:00,0.08500000089406967,0.08500000089406967,0.08500000089406967,0.08500000089406967,0,0.0,0.0
1999-10-26 00:00:00-04:00,0.08500000089406967,0.08500000089406967,0.08500000089406967,0.08500000089406967,0,0.0,0.0
1999-10-27 00:00:00-04:00,0.08500000089406967,0.08500000089406967,0.08500000089406967,0.08500000089406967,0,0.0,0.0
1999-10-28 00:00:00-04:00,0.08500000089406967,0.08500000089406967,0.08500000089406967,0.08500000089406967,0,0.0,0.0
1999-10-29 00:00:00-04:00,0.07999999821186066,0.07999999821186066,0.07999999821186066,0.07999999821186066,900,0.0,0.0
1999-11-01 00:00:00-05:00,0.07999999821186066,0.07999999821186066,0.07999999821186066,0.07999999821186066,0,0.0,0.0
1999-11-02 00:00:00-05:00,0.07999999821186066,0.07999999821186066,0.07999999821186066,0.07999999821186066,35000,0.0,0.0
1999-11-03 00:00:00-05:00,0.07999999821186066,0.07999999821186066,0.07999999821186066,0.07999999821186066,0,0.0,0.0
1999-11-04 00:00:00-05:00,0.07999999821186066,0.07999999821186066,0.07999999821186066,0.07999999821186066,1500,0.0,0.0
1999-11-05 00:00:00-05:00,0.07999999821186066,0.07999999821186066,0.07999999821186066,0.07999999821186066,15000,0.0,0.0
1999-11-08 00:00:00-05:00,0.07999999821186066,0.07999999821186066,0.07999999821186066,0.07999999821186066,0,0.0,0.0
1999-11-09 00:00:00-05:00,0.07500000298023224,0.07999999821186066,0.07500000298023224,0.07999999821186066,18700,0.0,0.0
1999-11-10 00:00:00-05:00,0.0820000022649765,0.0820000022649765,0.07699999958276749,0.07699999958276749,30000,0.0,0.0
1999-11-11 00:00:00-05:00,0.07699999958276749,0.07699999958276749,0.07699999958276749,0.07699999958276749,0,0.0,0.0
1999-11-12 00:00:00-05:00,0.07500000298023224,0.07500000298023224,0.07500000298023224,0.07500000298023224,38200,0.0,0.0
1999-11-15 00:00:00-05:00,0.07500000298023224,0.07500000298023224,0.07500000298023224,0.07500000298023224,0,0.0,0.0
1999-11-16 00:00:00-05:00,0.07000000029802322,0.08500000089406967,0.07000000029802322,0.07000000029802322,118100,0.0,0.0
1999-11-17 00:00:00-05:00,0.07000000029802322,0.07699999958276749,0.06700000166893005,0.07000000029802322,56200,0.0,0.0
1999-11-18 00:00:00-05:00,0.06700000166893005,0.06700000166893005,0.06700000166893005,0.06700000166893005,2000,0.0,0.0
1999-11-19 00:00:00-05:00,0.07699999958276749,0.07699999958276749,0.07500000298023224,0.07699999958276749,40000,0.0,0.0
1999-11-22 00:00:00-05:00,0.07699999958276749,0.07699999958276749,0.07699999958276749,0.07699999958276749,0,0.0,0.0
1999-11-23 00:00:00-05:00,0.07699999958276749,0.07699999958276749,0.07699999958276749,0.07699999958276749,0,0.0,0.0
1999-11-24 00:00:00-05:00,0.07999999821186066,0.07999999821186066,0.07999999821186066,0.07999999821186066,30000,0.0,0.0
1999-11-26 00:00:00-05:00,0.07999999821186066,0.07999999821186066,0.07999999821186066,0.07999999821186066,0,0.0,0.0
1999-11-29 00:00:00-05:00,0.08500000089406967,0.08500000089406967,0.08500000089406967,0.08500000089406967,1000,0.0,0.0
1999-11-30 00:00:00-05:00,0.08500000089406967,0.08500000089406967,0.08500000089406967,0.08500000089406967,0,0.0,0.0
1999-12-01 00:00:00-05:00,0.08500000089406967,0.08500000089406967,0.08500000089406967,0.08500000089406967,120000,0.0,0.0
1999-12-02 00:00:00-05:00,0.08500000089406967,0.08500000089406967,0.08500000089406967,0.08500000089406967,0,0.0,0.0
1999-12-03 00:00:00-05:00,0.08500000089406967,0.08500000089406967,0.08500000089406967,0.08500000089406967,0,0.0,0.0
1999-12-06 00:00:00-05:00,0.08500000089406967,0.08500000089406967,0.08500000089406967,0.08500000089406967,1500,0.0,0.0
1999-12-07 00:00:00-05:00,0.08500000089406967,0.08699999749660492,0.08500000089406967,0.08500000089406967,250000,0.0,0.0
1999-12-08 00:00:00-05:00,0.08500000089406967,0.08500000089406967,0.08500000089406967,0.08500000089406967,0,0.0,0.0
1999-12-09 00:00:00-05:00,0.09000000357627869,0.09000000357627869,0.0820000022649765,0.09000000357627869,122000,0.0,0.0
1999-12-10 00:00:00-05:00,0.125,0.12999999523162842,0.0949999988079071,0.125,228000,0.0,0.0
1999-12-13 00:00:00-05:00,0.12999999523162842,0.13500000536441803,0.12999999523162842,0.12999999523162842,34100,0.0,0.0
1999-12-14 00:00:00-05:00,0.11999999731779099,0.12999999523162842,0.11999999731779099,0.11999999731779099,44500,0.0,0.0
1999-12-15 00:00:00-05:00,0.10999999940395355,0.1120000034570694,0.10499999672174454,0.1120000034570694,80000,0.0,0.0
1999-12-16 00:00:00-05:00,0.0949999988079071,0.10499999672174454,0.09000000357627869,0.09000000357627869,40000,0.0,0.0
1999-12-17 00:00:00-05:00,0.09000000357627869,0.09000000357627869,0.09000000357627869,0.09000000357627869,0,0.0,0.0
1999-12-20 00:00:00-05:00,0.09200000017881393,0.10000000149011612,0.09000000357627869,0.09200000017881393,41200,0.0,0.0
1999-12-21 00:00:00-05:00,0.09200000017881393,0.10000000149011612,0.09200000017881393,0.10000000149011612,100000,0.0,0.0
1999-12-22 00:00:00-05:00,0.09200000017881393,0.10499999672174454,0.09200000017881393,0.09200000017881393,3300,0.0,0.0
1999-12-23 00:00:00-05:00,0.10000000149011612,0.10199999809265137,0.10000000149011612,0.10000000149011612,30000,0.0,0.0
1999-12-27 00:00:00-05:00,0.10700000077486038,0.10700000077486038,0.10199999809265137,0.10700000077486038,96000,0.0,0.0
1999-12-28 00:00:00-05:00,0.11999999731779099,0.11999999731779099,0.10999999940395355,0.11999999731779099,42500,0.0,0.0
1999-12-29 00:00:00-05:00,0.11999999731779099,0.11999999731779099,0.11999999731779099,0.11999999731779099,30000,0.0,0.0
1999-12-30 00:00:00-05:00,0.11999999731779099,0.14499999582767487,0.11999999731779099,0.11999999731779099,88400,0.0,0.0
1999-12-31 00:00:00-05:00,0.11999999731779099,0.11999999731779099,0.11999999731779099,0.11999999731779099,0,0.0,0.0
2000-01-03 00:00:00-05:00,0.15000000596046448,0.17499999701976776,0.15000000596046448,0.17499999701976776,20000,0.0,0.0
2000-01-04 00:00:00-05:00,0.1550000011920929,0.1550000011920929,0.15000000596046448,0.1550000011920929,89000,0.0,0.0
2000-01-05 00:00:00-05:00,0.20000000298023224,0.21799999475479126,0.16500000655651093,0.20000000298023224,193300,0.0,0.0
2000-01-06 00:00:00-05:00,0.20000000298023224,0.20000000298023224,0.1899999976158142,0.20000000298023224,77400,0.0,0.0
2000-01-07 00:00:00-05:00,0.20999999344348907,0.20999999344348907,0.20999999344348907,0.20999999344348907,27900,0.0,0.0
2000-01-10 00:00:00-05:00,0.20999999344348907,0.20999999344348907,0.20999999344348907,0.20999999344348907,2400,0.0,0.0
2000-01-11 00:00:00-05:00,0.1899999976158142,0.1899999976158142,0.1899999976158142,0.1899999976158142,66000,0.0,0.0
2000-01-12 00:00:00-05:00,0.20000000298023224,0.20999999344348907,0.20000000298023224,0.20999999344348907,122500,0.0,0.0
2000-01-13 00:00:00-05:00,0.20999999344348907,0.21799999475479126,0.20999999344348907,0.21799999475479126,25000,0.0,0.0
2000-01-14 00:00:00-05:00,0.20999999344348907,0.21799999475479126,0.20999999344348907,0.20999999344348907,80900,0.0,0.0
2000-01-18 00:00:00-05:00,0.20000000298023224,0.20999999344348907,0.20000000298023224,0.20000000298023224,11500,0.0,0.0
2000-01-19 00:00:00-05:00,0.20000000298023224,0.20000000298023224,0.20000000298023224,0.20000000298023224,12300,0.0,0.0
2000-01-20 00:00:00-05:00,0.20999999344348907,0.20999999344348907,0.20999999344348907,0.20999999344348907,1400,0.0,0.0
2000-01-21 00:00:00-05:00,0.20000000298023224,0.20999999344348907,0.20000000298023224,0.20999999344348907,3000,0.0,0.0
2000-01-24 00:00:00-05:00,0.20000000298023224,0.21799999475479126,0.20000000298023224,0.21799999475479126,30200,0.0,0.0
2000-01-25 00:00:00-05:00,0.21799999475479126,0.21799999475479126,0.21799999475479126,0.21799999475479126,14200,0.0,0.0
2000-01-26 00:00:00-05:00,0.1899999976158142,0.20999999344348907,0.18000000715255737,0.1899999976158142,118700,0.0,0.0
2000-01-27 00:00:00-05:00,0.1899999976158142,0.1899999976158142,0.17000000178813934,0.1899999976158142,2200,0.0,0.0
2000-01-28 00:00:00-05:00,0.1899999976158142,0.1899999976158142,0.1899999976158142,0.1899999976158142,1000,0.0,0.0
2000-01-31 00:00:00-05:00,0.1899999976158142,0.1899999976158142,0.1899999976158142,0.1899999976158142,1000,0.0,0.0
2000-02-01 00:00:00-05:00,0.1899999976158142,0.1899999976158142,0.1899999976158142,0.1899999976158142,11000,0.0,0.0
2000-02-02 00:00:00-05:00,0.1899999976158142,0.1899999976158142,0.1899999976158142,0.1899999976158142,0,0.0,0.0
2000-02-03 00:00:00-05:00,0.17000000178813934,0.17000000178813934,0.17000000178813934,0.17000000178813934,15100,0.0,0.0
2000-02-04 00:00:00-05:00,0.17000000178813934,0.17000000178813934,0.17000000178813934,0.17000000178813934,0,0.0,0.0
2000-02-07 00:00:00-05:00,0.17000000178813934,0.17000000178813934,0.17000000178813934,0.17000000178813934,0,0.0,0.0
2000-02-08 00:00:00-05:00,0.18000000715255737,0.18000000715255737,0.17000000178813934,0.18000000715255737,8500,0.0,0.0
2000-02-09 00:00:00-05:00,0.18000000715255737,0.1899999976158142,0.18000000715255737,0.1899999976158142,21000,0.0,0.0
2000-02-10 00:00:00-05:00,0.17000000178813934,0.17000000178813934,0.17000000178813934,0.17000000178813934,1000,0.0,0.0
2000-02-11 00:00:00-05:00,0.17000000178813934,0.17000000178813934,0.17000000178813934,0.17000000178813934,0,0.0,0.0
2000-02-14 00:00:00-05:00,0.1899999976158142,0.1899999976158142,0.1899999976158142,0.1899999976158142,5800,0.0,0.0
2000-02-15 00:00:00-05:00,0.17499999701976776,0.19499999284744263,0.17499999701976776,0.19499999284744263,1900,0.0,0.0
2000-02-16 00:00:00-05:00,0.18000000715255737,0.18000000715255737,0.17499999701976776,0.18000000715255737,73700,0.0,0.0
2000-02-17 00:00:00-05:00,0.19499999284744263,0.19499999284744263,0.18000000715255737,0.19499999284744263,160800,0.0,0.0
2000-02-18 00:00:00-05:00,0.23499999940395355,0.25,0.17499999701976776,0.23499999940395355,220500,0.0,0.0
2000-02-22 00:00:00-05:00,0.25,0.27000001072883606,0.22499999403953552,0.25,62200,0.0,0.0
2000-02-23 00:00:00-05:00,0.41999998688697815,0.5099999904632568,0.23999999463558197,0.41999998688697815,207700,0.0,0.0
2000-02-24 00:00:00-05:00,0.5600000023841858,0.625,0.5099999904632568,0.5600000023841858,534000,0.0,0.0
2000-02-25 00:00:00-05:00,0.38999998569488525,0.550000011920929,0.38999998569488525,0.38999998569488525,337000,0.0,0.0
2000-02-28 00:00:00-05:00,0.4000000059604645,0.4300000071525574,0.38999998569488525,0.4000000059604645,112000,0.0,0.0
2000-02-29 00:00:00-05:00,0.33000001311302185,0.4099999964237213,0.33000001311302185,0.33000001311302185,137000,0.0,0.0
2000-03-01 00:00:00-05:00,0.375,0.3799999952316284,0.33000001311302185,0.375,32500,0.0,0.0
2000-03-02 00:00:00-05:00,0.3499999940395355,0.375,0.33000001311302185,0.3499999940395355,51400,0.0,0.0
2000-03-03 00:00:00-05:00,0.328000009059906,0.3499999940395355,0.3199999928474426,0.3199999928474426,45600,0.0,0.0
2000-03-06 00:00:00-05:00,0.3400000035762787,0.3499999940395355,0.33000001311302185,0.3400000035762787,81000,0.0,0.0
2000-03-07 00:00:00-05:00,0.3799999952316284,0.4000000059604645,0.3400000035762787,0.3799999952316284,149400,0.0,0.0
2000-03-08 00:00:00-05:00,0.47999998927116394,0.47999998927116394,0.41999998688697815,0.47999998927116394,201600,0.0,0.0
2000-03-09 00:00:00-05:00,0.5799999833106995,0.5950000286102295,0.4399999976158142,0.5950000286102295,535600,0.0,0.0
2000-03-10 00:00:00-05:00,0.6499999761581421,0.6499999761581421,0.5799999833106995,0.6499999761581421,286800,0.0,0.0
2000-03-13 00:00:00-05:00,0.6399999856948853,0.6499999761581421,0.6000000238418579,0.6399999856948853,153800,0.0,0.0
2000-03-14 00:00:00-05:00,0.5799999833106995,0.6499999761581421,0.5799999833106995,0.5799999833106995,105500,0.0,0.0
2000-03-15 00:00:00-05:00,0.550000011920929,0.5799999833106995,0.550000011920929,0.550000011920929,108200,0.0,0.0
2000-03-16 00:00:00-05:00,0.5600000023841858,0.5600000023841858,0.550000011920929,0.5600000023841858,34300,0.0,0.0
2000-03-17 00:00:00-05:00,0.49000000953674316,0.5600000023841858,0.49000000953674316,0.49000000953674316,49200,0.0,0.0
2000-03-20 00:00:00-05:00,0.4699999988079071,0.5,0.44999998807907104,0.4699999988079071,47300,0.0,0.0
2000-03-21 00:00:00-05:00,0.5,0.5,0.44999998807907104,0.5,2400,0.0,0.0
2000-03-22 00:00:00-05:00,0.5,0.5,0.44999998807907104,0.5,10100,0.0,0.0
2000-03-23 00:00:00-05:00,0.44999998807907104,0.4749999940395355,0.44999998807907104,0.44999998807907104,58700,0.0,0.0
2000-03-24 00:00:00-05:00,0.5,0.5299999713897705,0.4699999988079071,0.5,66500,0.0,0.0
2000-03-27 00:00:00-05:00,0.5199999809265137,0.5199999809265137,0.5,0.5199999809265137,21900,0.0,0.0
2000-03-28 00:00:00-05:00,0.49000000953674316,0.5,0.49000000953674316,0.49000000953674316,25300,0.0,0.0
2000-03-29 00:00:00-05:00,0.46000000834465027,0.49000000953674316,0.41999998688697815,0.46000000834465027,48200,0.0,0.0
2000-03-30 00:00:00-05:00,0.46000000834465027,0.46000000834465027,0.4399999976158142,0.4399999976158142,8900,0.0,0.0
2000-03-31 00:00:00-05:00,0.4000000059604645,0.43700000643730164,0.4000000059604645,0.4000000059604645,16000,0.0,0.0
2000-04-03 00:00:00-04:00,0.4000000059604645,0.4000000059604645,0.4000000059604645,0.4000000059604645,0,0.0,0.0
2000-04-04 00:00:00-04:00,0.3799999952316284,0.38999998569488525,0.3799999952316284,0.3799999952316284,43900,0.0,0.0
2000-04-05 00:00:00-04:00,0.3799999952316284,0.4000000059604645,0.3799999952316284,0.4000000059604645,3500,0.0,0.0
2000-04-06 00:00:00-04:00,0.4000000059604645,0.4000000059604645,0.3799999952316284,0.3799999952316284,6000,0.0,0.0
2000-04-07 00:00:00-04:00,0.3799999952316284,0.3799999952316284,0.3799999952316284,0.3799999952316284,3500,0.0,0.0
2000-04-10 00:00:00-04:00,0.3799999952316284,0.3799999952316284,0.36000001430511475,0.36000001430511475,6500,0.0,0.0
2000-04-11 00:00:00-04:00,0.3499999940395355,0.36000001430511475,0.3499999940395355,0.3499999940395355,28000,0.0,0.0
2000-04-12 00:00:00-04:00,0.3499999940395355,0.3499999940395355,0.3499999940395355,0.3499999940395355,1400,0.0,0.0
2000-04-13 00:00:00-04:00,0.36000001430511475,0.36000001430511475,0.36000001430511475,0.36000001430511475,500,0.0,0.0
2000-04-14 00:00:00-04:00,0.3499999940395355,0.3499999940395355,0.3499999940395355,0.3499999940395355,300,0.0,0.0
2000-04-17 00:00:00-04:00,0.3400000035762787,0.3700000047683716,0.3400000035762787,0.3400000035762787,16300,0.0,0.0
2000-04-18 00:00:00-04:00,0.3400000035762787,0.3400000035762787,0.3400000035762787,0.3400000035762787,30000,0.0,0.0
2000-04-19 00:00:00-04:00,0.33000001311302185,0.33000001311302185,0.33000001311302185,0.33000001311302185,500,0.0,0.0
2000-04-20 00:00:00-04:00,0.3400000035762787,0.3400000035762787,0.33000001311302185,0.33000001311302185,5800,0.0,0.0
2000-04-24 00:00:00-04:00,0.3400000035762787,0.3400000035762787,0.3400000035762787,0.3400000035762787,29100,0.0,0.0
2000-04-25 00:00:00-04:00,0.30000001192092896,0.3400000035762787,0.30000001192092896,0.30000001192092896,66200,0.0,0.0
2000-04-26 00:00:00-04:00,0.27000001072883606,0.28999999165534973,0.25,0.27000001072883606,47900,0.0,0.0
2000-04-27 00:00:00-04:00,0.25,0.25999999046325684,0.25,0.25999999046325684,1200,0.0,0.0
2000-04-28 00:00:00-04:00,0.25,0.25,0.25,0.25,5000,0.0,0.0
2000-05-01 00:00:00-04:00,0.27000001072883606,0.28999999165534973,0.27000001072883606,0.27000001072883606,68000,0.0,0.0
2000-05-02 00:00:00-04:00,0.26499998569488525,0.2800000011920929,0.26499998569488525,0.26499998569488525,11000,0.0,0.0
2000-05-03 00:00:00-04:00,0.2800000011920929,0.31200000643730164,0.27000001072883606,0.2800000011920929,148200,0.0,0.0
2000-05-04 00:00:00-04:00,0.27000001072883606,0.27000001072883606,0.27000001072883606,0.27000001072883606,19000,0.0,0.0
2000-05-05 00:00:00-04:00,0.29499998688697815,0.3100000023841858,0.28999999165534973,0.3100000023841858,55000,0.0,0.0
2000-05-08 00:00:00-04:00,0.3499999940395355,0.3700000047683716,0.3499999940395355,0.3700000047683716,63600,0.0,0.0
2000-05-09 00:00:00-04:00,0.375,0.375,0.3700000047683716,0.375,50300,0.0,0.0
2000-05-10 00:00:00-04:00,0.33000001311302185,0.3499999940395355,0.33000001311302185,0.33000001311302185,29800,0.0,0.0
2000-05-11 00:00:00-04:00,0.32499998807907104,0.32499998807907104,0.32499998807907104,0.32499998807907104,10000,0.0,0.0
2000-05-12 00:00:00-04:00,0.32499998807907104,0.32499998807907104,0.32499998807907104,0.32499998807907104,400,0.0,0.0
2000-05-15 00:00:00-04:00,0.3400000035762787,0.3400000035762787,0.3400000035762787,0.3400000035762787,5000,0.0,0.0
2000-05-16 00:00:00-04:00,0.3400000035762787,0.3400000035762787,0.3400000035762787,0.3400000035762787,17800,0.0,0.0
2000-05-17 00:00:00-04:00,0.3400000035762787,0.3400000035762787,0.3400000035762787,0.3400000035762787,0,0.0,0.0
2000-05-18 00:00:00-04:00,0.33000001311302185,0.33000001311302185,0.33000001311302185,0.33000001311302185,7000,0.0,0.0
2000-05-19 00:00:00-04:00,0.33000001311302185,0.33000001311302185,0.33000001311302185,0.33000001311302185,0,0.0,0.0
2000-05-22 00:00:00-04:00,0.32499998807907104,0.32499998807907104,0.32499998807907104,0.32499998807907104,500,0.0,0.0
2000-05-23 00:00:00-04:00,0.3400000035762787,0.3400000035762787,0.3400000035762787,0.3400000035762787,1000,0.0,0.0
2000-05-24 00:00:00-04:00,0.30000001192092896,0.30000001192092896,0.30000001192092896,0.30000001192092896,10000,0.0,0.0
2000-05-25 00:00:00-04:00,0.28999999165534973,0.28999999165534973,0.28999999165534973,0.28999999165534973,10000,0.0,0.0
2000-05-26 00:00:00-04:00,0.27000001072883606,0.27000001072883606,0.27000001072883606,0.27000001072883606,10000,0.0,0.0
2000-05-30 00:00:00-04:00,0.25999999046325684,0.25999999046325684,0.25999999046325684,0.25999999046325684,9000,0.0,0.0
2000-05-31 00:00:00-04:00,0.2800000011920929,0.2800000011920929,0.2800000011920929,0.2800000011920929,1600,0.0,0.0
2000-06-01 00:00:00-04:00,0.2800000011920929,0.2800000011920929,0.2800000011920929,0.2800000011920929,0,0.0,0.0
2000-06-02 00:00:00-04:00,0.27000001072883606,0.27000001072883606,0.27000001072883606,0.27000001072883606,500,0.0,0.0
2000-06-05 00:00:00-04:00,0.27000001072883606,0.27000001072883606,0.25,0.25,25000,0.0,0.0
2000-06-06 00:00:00-04:00,0.2800000011920929,0.2800000011920929,0.2800000011920929,0.2800000011920929,2000,0.0,0.0
2000-06-07 00:00:00-04:00,0.25,0.25,0.25,0.25,5000,0.0,0.0
2000-06-08 00:00:00-04:00,0.25,0.25,0.25,0.25,0,0.0,0.0
2000-06-09 00:00:00-04:00,0.25,0.25,0.25,0.25,0,0.0,0.0
2000-06-12 00:00:00-04:00,0.25,0.25,0.25,0.25,1500,0.0,0.0
2000-06-13 00:00:00-04:00,0.2800000011920929,0.2800000011920929,0.25999999046325684,0.25999999046325684,29000,0.0,0.0
2000-06-14 00:00:00-04:00,0.25999999046325684,0.25999999046325684,0.25999999046325684,0.25999999046325684,0,0.0,0.0
2000-06-15 00:00:00-04:00,0.25999999046325684,0.25999999046325684,0.25999999046325684,0.25999999046325684,0,0.0,0.0
2000-06-16 00:00:00-04:00,0.2800000011920929,0.2800000011920929,0.2800000011920929,0.2800000011920929,300,0.0,0.0
2000-06-19 00:00:00-04:00,0.2800000011920929,0.2800000011920929,0.2800000011920929,0.2800000011920929,6100,0.0,0.0
2000-06-20 00:00:00-04:00,0.2809999883174896,0.2809999883174896,0.2809999883174896,0.2809999883174896,900,0.0,0.0
2000-06-21 00:00:00-04:00,0.25999999046325684,0.25999999046325684,0.25999999046325684,0.25999999046325684,2000,0.0,0.0
2000-06-22 00:00:00-04:00,0.25999999046325684,0.25999999046325684,0.25999999046325684,0.25999999046325684,0,0.0,0.0
2000-06-23 00:00:00-04:00,0.25999999046325684,0.25999999046325684,0.25999999046325684,0.25999999046325684,500,0.0,0.0
2000-06-26 00:00:00-04:00,0.25999999046325684,0.25999999046325684,0.25999999046325684,0.25999999046325684,5000,0.0,0.0
2000-06-27 00:00:00-04:00,0.25999999046325684,0.25999999046325684,0.25999999046325684,0.25999999046325684,76400,0.0,0.0
2000-06-28 00:00:00-04:00,0.25,0.25,0.2150000035762787,0.2199999988079071,92000,0.0,0.0
2000-06-29 00:00:00-04:00,0.2199999988079071,0.23499999940395355,0.2199999988079071,0.23499999940395355,21200,0.0,0.0
2000-06-30 00:00:00-04:00,0.23499999940395355,0.23499999940395355,0.23499999940395355,0.23499999940395355,0,0.0,0.0
2000-07-03 00:00:00-04:00,0.25999999046325684,0.25999999046325684,0.25999999046325684,0.25999999046325684,8000,0.0,0.0
2000-07-05 00:00:00-04:00,0.25999999046325684,0.25999999046325684,0.25999999046325684,0.25999999046325684,0,0.0,0.0
2000-07-06 00:00:00-04:00,0.2199999988079071,0.22499999403953552,0.2150000035762787,0.22499999403953552,124000,0.0,0.0
2000-07-07 00:00:00-04:00,0.23000000417232513,0.23499999940395355,0.2150000035762787,0.23499999940395355,40500,0.0,0.0
2000-07-10 00:00:00-04:00,0.22499999403953552,0.23000000417232513,0.22499999403953552,0.23000000417232513,100200,0.0,0.0
2000-07-11 00:00:00-04:00,0.23000000417232513,0.23000000417232513,0.23000000417232513,0.23000000417232513,0,0.0,0.0
2000-07-12 00:00:00-04:00,0.2199999988079071,0.2199999988079071,0.2199999988079071,0.2199999988079071,10000,0.0,0.0
2000-07-13 00:00:00-04:00,0.2199999988079071,0.2199999988079071,0.1899999976158142,0.1899999976158142,50000,0.0,0.0
2000-07-14 00:00:00-04:00,0.1899999976158142,0.20000000298023224,0.18700000643730164,0.20000000298023224,60000,0.0,0.0
2000-07-17 00:00:00-04:00,0.18700000643730164,0.2029999941587448,0.18700000643730164,0.18700000643730164,41700,0.0,0.0
2000-07-18 00:00:00-04:00,0.18700000643730164,0.18700000643730164,0.18700000643730164,0.18700000643730164,13900,0.0,0.0
2000-07-19 00:00:00-04:00,0.19499999284744263,0.19499999284744263,0.19499999284744263,0.19499999284744263,5000,0.0,0.0
2000-07-20 00:00:00-04:00,0.19499999284744263,0.19499999284744263,0.19499999284744263,0.19499999284744263,15000,0.0,0.0
2000-07-21 00:00:00-04:00,0.18000000715255737,0.18000000715255737,0.18000000715255737,0.18000000715255737,20000,0.0,0.0
2000-07-24 00:00:00-04:00,0.18000000715255737,0.18000000715255737,0.18000000715255737,0.18000000715255737,0,0.0,0.0
2000-07-25 00:00:00-04:00,0.18000000715255737,0.18000000715255737,0.18000000715255737,0.18000000715255737,30900,0.0,0.0
2000-07-26 00:00:00-04:00,0.18000000715255737,0.18000000715255737,0.18000000715255737,0.18000000715255737,0,0.0,0.0
2000-07-27 00:00:00-04:00,0.18000000715255737,0.18000000715255737,0.18000000715255737,0.18000000715255737,1500,0.0,0.0
2000-07-28 00:00:00-04:00,0.20000000298023224,0.20000000298023224,0.1899999976158142,0.1899999976158142,22200,0.0,0.0
2000-07-31 00:00:00-04:00,0.20000000298023224,0.2199999988079071,0.20000000298023224,0.2199999988079071,30000,0.0,0.0
2000-08-01 00:00:00-04:00,0.25,0.25,0.25,0.25,13000,0.0,0.0
2000-08-02 00:00:00-04:00,0.23999999463558197,0.25,0.23999999463558197,0.25,25000,0.0,0.0
2000-08-03 00:00:00-04:00,0.23000000417232513,0.23000000417232513,0.23000000417232513,0.23000000417232513,10500,0.0,0.0
2000-08-04 00:00:00-04:00,0.25,0.25,0.25,0.25,10000,0.0,0.0
2000-08-07 00:00:00-04:00,0.27000001072883606,0.3199999928474426,0.27000001072883606,0.28999999165534973,33000,0.0,0.0
2000-08-08 00:00:00-04:00,0.3199999928474426,0.3400000035762787,0.3199999928474426,0.3400000035762787,27000,0.0,0.0
2000-08-09 00:00:00-04:00,0.3199999928474426,0.34299999475479126,0.3199999928474426,0.34299999475479126,45600,0.0,0.0
2000-08-10 00:00:00-04:00,0.34299999475479126,0.34299999475479126,0.34299999475479126,0.34299999475479126,0,0.0,0.0
2000-08-11 00:00:00-04:00,0.34299999475479126,0.34299999475479126,0.34299999475479126,0.34299999475479126,0,0.0,0.0
2000-08-14 00:00:00-04:00,0.33000001311302185,0.33000001311302185,0.28999999165534973,0.28999999165534973,22100,0.0,0.0
2000-08-15 00:00:00-04:00,0.28999999165534973,0.28999999165534973,0.28999999165534973,0.28999999165534973,0,0.0,0.0
2000-08-16 00:00:00-04:00,0.28999999165534973,0.28999999165534973,0.28999999165534973,0.28999999165534973,2000,0.0,0.0
2000-08-17 00:00:00-04:00,0.3400000035762787,0.3400000035762787,0.3400000035762787,0.3400000035762787,2200,0.0,0.0
2000-08-18 00:00:00-04:00,0.3400000035762787,0.3400000035762787,0.3400000035762787,0.3400000035762787,0,0.0,0.0
2000-08-21 00:00:00-04:00,0.28999999165534973,0.28999999165534973,0.28999999165534973,0.28999999165534973,13000,0.0,0.0
2000-08-22 00:00:00-04:00,0.28999999165534973,0.28999999165534973,0.28999999165534973,0.28999999165534973,0,0.0,0.0
2000-08-23 00:00:00-04:00,0.28999999165534973,0.28999999165534973,0.28999999165534973,0.28999999165534973,3000,0.0,0.0
2000-08-24 00:00:00-04:00,0.28999999165534973,0.28999999165534973,0.28999999165534973,0.28999999165534973,0,0.0,0.0
2000-08-25 00:00:00-04:00,0.30000001192092896,0.3499999940395355,0.30000001192092896,0.3499999940395355,35000,0.0,0.0
2000-08-28 00:00:00-04:00,0.41999998688697815,0.44999998807907104,0.375,0.43700000643730164,112000,0.0,0.0
2000-08-29 00:00:00-04:00,0.43700000643730164,0.43700000643730164,0.4099999964237213,0.4099999964237213,8000,0.0,0.0
2000-08-30 00:00:00-04:00,0.43700000643730164,0.6000000238418579,0.43700000643730164,0.5400000214576721,157800,0.0,0.0
2000-08-31 00:00:00-04:00,0.4699999988079071,0.49000000953674316,0.44999998807907104,0.44999998807907104,7400,0.0,0.0
2000-09-01 00:00:00-04:00,0.44999998807907104,0.5099999904632568,0.4399999976158142,0.5099999904632568,40500,0.0,0.0
2000-09-05 00:00:00-04:00,0.4650000035762787,0.5099999904632568,0.4650000035762787,0.5099999904632568,4200,0.0,0.0
2000-09-06 00:00:00-04:00,0.4650000035762787,0.5199999809265137,0.4650000035762787,0.5199999809265137,8100,0.0,0.0
2000-09-07 00:00:00-04:00,0.47999998927116394,0.5199999809265137,0.47999998927116394,0.47999998927116394,23600,0.0,0.0
2000-09-08 00:00:00-04:00,0.49000000953674316,0.5199999809265137,0.49000000953674316,0.49000000953674316,32400,0.0,0.0
2000-09-11 00:00:00-04:00,0.49000000953674316,0.49000000953674316,0.49000000953674316,0.49000000953674316,5000,0.0,0.0
2000-09-12 00:00:00-04:00,0.49000000953674316,0.49000000953674316,0.49000000953674316,0.49000000953674316,12300,0.0,0.0
2000-09-13 00:00:00-04:00,0.49000000953674316,0.49000000953674316,0.49000000953674316,0.49000000953674316,13000,0.0,0.0
2000-09-14 00:00:00-04:00,0.5099999904632568,0.5099999904632568,0.49000000953674316,0.49000000953674316,14600,0.0,0.0
2000-09-15 00:00:00-04:00,0.49000000953674316,0.5099999904632568,0.49000000953674316,0.49000000953674316,45800,0.0,0.0
2000-09-18 00:00:00-04:00,0.49000000953674316,0.49000000953674316,0.4699999988079071,0.4699999988079071,39100,0.0,0.0
2000-09-19 00:00:00-04:00,0.4699999988079071,0.4699999988079071,0.4699999988079071,0.4699999988079071,3000,0.0,0.0
2000-09-20 00:00:00-04:00,0.4699999988079071,0.4699999988079071,0.4699999988079071,0.4699999988079071,10000,0.0,0.0
2000-09-21 00:00:00-04:00,0.4699999988079071,0.4699999988079071,0.44999998807907104,0.44999998807907104,20400,0.0,0.0
2000-09-22 00:00:00-04:00,0.4399999976158142,0.4399999976158142,0.4300000071525574,0.4300000071525574,10000,0.0,0.0
2000-09-25 00:00:00-04:00,0.4300000071525574,0.4399999976158142,0.41999998688697815,0.41999998688697815,34100,0.0,0.0
2000-09-26 00:00:00-04:00,0.38999998569488525,0.4300000071525574,0.38999998569488525,0.41999998688697815,1300,0.0,0.0
2000-09-27 00:00:00-04:00,0.38999998569488525,0.38999998569488525,0.36000001430511475,0.36000001430511475,67800,0.0,0.0
2000-09-28 00:00:00-04:00,0.3400000035762787,0.38999998569488525,0.33000001311302185,0.33000001311302185,52700,0.0,0.0
2000-09-29 00:00:00-04:00,0.33000001311302185,0.33000001311302185,0.33000001311302185,0.33000001311302185,0,0.0,0.0
2000-10-02 00:00:00-04:00,0.38999998569488525,0.38999998569488525,0.38999998569488525,0.38999998569488525,2000,0.0,0.0
2000-10-03 00:00:00-04:00,0.38999998569488525,0.38999998569488525,0.38999998569488525,0.38999998569488525,0,0.0,0.0
2000-10-04 00:00:00-04:00,0.38999998569488525,0.38999998569488525,0.3499999940395355,0.3499999940395355,22100,0.0,0.0
2000-10-05 00:00:00-04:00,0.3499999940395355,0.3499999940395355,0.3499999940395355,0.3499999940395355,0,0.0,0.0
2000-10-06 00:00:00-04:00,0.3499999940395355,0.3499999940395355,0.33000001311302185,0.33000001311302185,20000,0.0,0.0
2000-10-09 00:00:00-04:00,0.33000001311302185,0.3400000035762787,0.3199999928474426,0.3199999928474426,21000,0.0,0.0
2000-10-10 00:00:00-04:00,0.33000001311302185,0.33000001311302185,0.33000001311302185,0.33000001311302185,5000,0.0,0.0
2000-10-11 00:00:00-04:00,0.33000001311302185,0.33000001311302185,0.33000001311302185,0.33000001311302185,0,0.0,0.0
2000-10-12 00:00:00-04:00,0.33000001311302185,0.33000001311302185,0.33000001311302185,0.33000001311302185,4000,0.0,0.0
2000-10-13 00:00:00-04:00,0.33000001311302185,0.33000001311302185,0.33000001311302185,0.33000001311302185,5000,0.0,0.0
2000-10-16 00:00:00-04:00,0.33000001311302185,0.33000001311302185,0.33000001311302185,0.33000001311302185,0,0.0,0.0
2000-10-17 00:00:00-04:00,0.3799999952316284,0.3799999952316284,0.3100000023841858,0.3100000023841858,56800,0.0,0.0
2000-10-18 00:00:00-04:00,0.3499999940395355,0.3499999940395355,0.3199999928474426,0.3199999928474426,5500,0.0,0.0
2000-10-19 00:00:00-04:00,0.3100000023841858,0.3100000023841858,0.3100000023841858,0.3100000023841858,5000,0.0,0.0
2000-10-20 00:00:00-04:00,0.3100000023841858,0.3100000023841858,0.3100000023841858,0.3100000023841858,0,0.0,0.0
2000-10-23 00:00:00-04:00,0.3100000023841858,0.3100000023841858,0.3100000023841858,0.3100000023841858,0,0.0,0.0
2000-10-24 00:00:00-04:00,0.3100000023841858,0.3100000023841858,0.2809999883174896,0.2809999883174896,54000,0.0,0.0
2000-10-25 00:00:00-04:00,0.25999999046325684,0.25999999046325684,0.25999999046325684,0.25999999046325684,1900,0.0,0.0
2000-10-26 00:00:00-04:00,0.25999999046325684,0.25999999046325684,0.25999999046325684,0.25999999046325684,5000,0.0,0.0
2000-10-27 00:00:00-04:00,0.25999999046325684,0.25999999046325684,0.25999999046325684,0.25999999046325684,0,0.0,0.0
2000-10-30 00:00:00-05:00,0.25999999046325684,0.25999999046325684,0.23000000417232513,0.23000000417232513,51200,0.0,0.0
2000-10-31 00:00:00-05:00,0.23000000417232513,0.23999999463558197,0.20000000298023224,0.20000000298023224,20600,0.0,0.0
2000-11-01 00:00:00-05:00,0.21799999475479126,0.2199999988079071,0.21799999475479126,0.2199999988079071,55000,0.0,0.0
2000-11-02 00:00:00-05:00,0.21799999475479126,0.21799999475479126,0.21799999475479126,0.21799999475479126,1000,0.0,0.0
2000-11-03 00:00:00-05:00,0.21799999475479126,0.21799999475479126,0.21799999475479126,0.21799999475479126,0,0.0,0.0
2000-11-06 00:00:00-05:00,0.21799999475479126,0.21799999475479126,0.1899999976158142,0.1899999976158142,9000,0.0,0.0
2000-11-07 00:00:00-05:00,0.1899999976158142,0.1899999976158142,0.1899999976158142,0.1899999976158142,0,0.0,0.0
2000-11-08 00:00:00-05:00,0.1899999976158142,0.1899999976158142,0.1899999976158142,0.1899999976158142,2800,0.0,0.0
2000-11-09 00:00:00-05:00,0.1899999976158142,0.1899999976158142,0.1899999976158142,0.1899999976158142,0,0.0,0.0
2000-11-10 00:00:00-05:00,0.1899999976158142,0.2199999988079071,0.1899999976158142,0.2199999988079071,65400,0.0,0.0
2000-11-13 00:00:00-05:00,0.20999999344348907,0.20999999344348907,0.20999999344348907,0.20999999344348907,5000,0.0,0.0
2000-11-14 00:00:00-05:00,0.23000000417232513,0.23000000417232513,0.23000000417232513,0.23000000417232513,8000,0.0,0.0
2000-11-15 00:00:00-05:00,0.23000000417232513,0.23000000417232513,0.23000000417232513,0.23000000417232513,0,0.0,0.0
2000-11-16 00:00:00-05:00,0.23000000417232513,0.25,0.2199999988079071,0.25,20000,0.0,0.0
2000-11-17 00:00:00-05:00,0.20999999344348907,0.25,0.20999999344348907,0.25,10700,0.0,0.0
2000-11-20 00:00:00-05:00,0.20999999344348907,0.20999999344348907,0.20999999344348907,0.20999999344348907,1400,0.0,0.0
2000-11-21 00:00:00-05:00,0.20999999344348907,0.20999999344348907,0.17000000178813934,0.17000000178813934,59000,0.0,0.0
2000-11-22 00:00:00-05:00,0.17000000178813934,0.17000000178813934,0.17000000178813934,0.17000000178813934,0,0.0,0.0
2000-11-24 00:00:00-05:00,0.17000000178813934,0.17000000178813934,0.17000000178813934,0.17000000178813934,0,0.0,0.0
2000-11-27 00:00:00-05:00,0.17000000178813934,0.17000000178813934,0.17000000178813934,0.17000000178813934,0,0.0,0.0
2000-11-28 00:00:00-05:00,0.17000000178813934,0.17000000178813934,0.17000000178813934,0.17000000178813934,0,0.0,0.0
2000-11-29 00:00:00-05:00,0.1599999964237213,0.1599999964237213,0.1599999964237213,0.1599999964237213,2500,0.0,0.0
2000-11-30 00:00:00-05:00,0.1599999964237213,0.1599999964237213,0.1599999964237213,0.1599999964237213,0,0.0,0.0
2000-12-01 00:00:00-05:00,0.1599999964237213,0.1599999964237213,0.1599999964237213,0.1599999964237213,15000,0.0,0.0
2000-12-04 00:00:00-05:00,0.1599999964237213,0.1599999964237213,0.1599999964237213,0.1599999964237213,0,0.0,0.0
2000-12-05 00:00:00-05:00,0.1599999964237213,0.1599999964237213,0.1599999964237213,0.1599999964237213,4100,0.0,0.0
2000-12-06 00:00:00-05:00,0.1599999964237213,0.1599999964237213,0.1599999964237213,0.1599999964237213,0,0.0,0.0
2000-12-07 00:00:00-05:00,0.1599999964237213,0.1599999964237213,0.1599999964237213,0.1599999964237213,2500,0.0,0.0
2000-12-08 00:00:00-05:00,0.20000000298023224,0.20000000298023224,0.20000000298023224,0.20000000298023224,10000,0.0,0.0
2000-12-11 00:00:00-05:00,0.17000000178813934,0.17000000178813934,0.17000000178813934,0.17000000178813934,1000,0.0,0.0
2000-12-12 00:00:00-05:00,0.17000000178813934,0.18000000715255737,0.17000000178813934,0.18000000715255737,2700,0.0,0.0
2000-12-13 00:00:00-05:00,0.17000000178813934,0.17000000178813934,0.17000000178813934,0.17000000178813934,5000,0.0,0.0
2000-12-14 00:00:00-05:00,0.17000000178813934,0.1899999976158142,0.17000000178813934,0.17000000178813934,43400,0.0,0.0
2000-12-15 00:00:00-05:00,0.17000000178813934,0.17000000178813934,0.17000000178813934,0.17000000178813934,0,0.0,0.0
2000-12-18 00:00:00-05:00,0.16500000655651093,0.16500000655651093,0.16500000655651093,0.16500000655651093,2000,0.0,0.0
2000-12-19 00:00:00-05:00,0.1599999964237213,0.1599999964237213,0.1599999964237213,0.1599999964237213,8000,0.0,0.0
2000-12-20 00:00:00-05:00,0.15600000321865082,0.15600000321865082,0.15600000321865082,0.15600000321865082,8300,0.0,0.0
2000-12-21 00:00:00-05:00,0.15600000321865082,0.15600000321865082,0.15600000321865082,0.15600000321865082,0,0.0,0.0
2000-12-22 00:00:00-05:00,0.15600000321865082,0.18700000643730164,0.15000000596046448,0.18700000643730164,28000,0.0,0.0
2000-12-26 00:00:00-05:00,0.18700000643730164,0.18700000643730164,0.15000000596046448,0.15000000596046448,46400,0.0,0.0
2000-12-27 00:00:00-05:00,0.17000000178813934,0.17000000178813934,0.12999999523162842,0.17000000178813934,41000,0.0,0.0
2000-12-28 00:00:00-05:00,0.14000000059604645,0.1599999964237213,0.12999999523162842,0.1599999964237213,47000,0.0,0.0
2000-12-29 00:00:00-05:00,0.14000000059604645,0.1599999964237213,0.12999999523162842,0.1599999964237213,75000,0.0,0.0
2001-01-02 00:00:00-05:00,0.18000000715255737,0.2199999988079071,0.18000000715255737,0.2199999988079071,75000,0.0,0.0
2001-01-03 00:00:00-05:00,0.18000000715255737,0.18000000715255737,0.15000000596046448,0.1599999964237213,126000,0.0,0.0
2001-01-04 00:00:00-05:00,0.1599999964237213,0.1599999964237213,0.1599999964237213,0.1599999964237213,0,0.0,0.0
2001-01-05 00:00:00-05:00,0.20000000298023224,0.20000000298023224,0.20000000298023224,0.20000000298023224,4500,0.0,0.0
2001-01-08 00:00:00-05:00,0.1599999964237213,0.1599999964237213,0.1599999964237213,0.1599999964237213,15600,0.0,0.0
2001-01-09 00:00:00-05:00,0.1599999964237213,0.1599999964237213,0.1599999964237213,0.1599999964237213,1000,0.0,0.0
2001-01-10 00:00:00-05:00,0.1599999964237213,0.1599999964237213,0.1599999964237213,0.1599999964237213,0,0.0,0.0
2001-01-11 00:00:00-05:00,0.15000000596046448,0.15000000596046448,0.15000000596046448,0.15000000596046448,13400,0.0,0.0
2001-01-12 00:00:00-05:00,0.15000000596046448,0.15000000596046448,0.15000000596046448,0.15000000596046448,0,0.0,0.0
2001-01-16 00:00:00-05:00,0.1599999964237213,0.18000000715255737,0.1599999964237213,0.18000000715255737,24800,0.0,0.0
2001-01-17 00:00:00-05:00,0.18000000715255737,0.18000000715255737,0.18000000715255737,0.18000000715255737,0,0.0,0.0
2001-01-18 00:00:00-05:00,0.18000000715255737,0.18000000715255737,0.18000000715255737,0.18000000715255737,0,0.0,0.0
2001-01-19 00:00:00-05:00,0.18000000715255737,0.18000000715255737,0.18000000715255737,0.18000000715255737,0,0.0,0.0
2001-01-22 00:00:00-05:00,0.1599999964237213,0.1599999964237213,0.1599999964237213,0.1599999964237213,3000,0.0,0.0
2001-01-23 00:00:00-05:00,0.1599999964237213,0.1599999964237213,0.1599999964237213,0.1599999964237213,0,0.0,0.0
2001-01-24 00:00:00-05:00,0.1599999964237213,0.1599999964237213,0.1599999964237213,0.1599999964237213,10000,0.0,0.0
2001-01-25 00:00:00-05:00,0.1599999964237213,0.1599999964237213,0.1599999964237213,0.1599999964237213,0,0.0,0.0
2001-01-26 00:00:00-05:00,0.15000000596046448,0.15000000596046448,0.15000000596046448,0.15000000596046448,5000,0.0,0.0
2001-01-29 00:00:00-05:00,0.15000000596046448,0.15000000596046448,0.15000000596046448,0.15000000596046448,0,0.0,0.0
2001-01-30 00:00:00-05:00,0.15000000596046448,0.15000000596046448,0.15000000596046448,0.15000000596046448,0,0.0,0.0
2001-01-31 00:00:00-05:00,0.15000000596046448,0.15000000596046448,0.15000000596046448,0.15000000596046448,0,0.0,0.0
2001-02-01 00:00:00-05:00,0.18000000715255737,0.18000000715255737,0.18000000715255737,0.18000000715255737,1000,0.0,0.0
2001-02-02 00:00:00-05:00,0.15000000596046448,0.15000000596046448,0.15000000596046448,0.15000000596046448,1000,0.0,0.0
2001-02-05 00:00:00-05:00,0.15000000596046448,0.15000000596046448,0.15000000596046448,0.15000000596046448,0,0.0,0.0
2001-02-06 00:00:00-05:00,0.15000000596046448,0.15000000596046448,0.15000000596046448,0.15000000596046448,0,0.0,0.0
2001-02-07 00:00:00-05:00,0.18000000715255737,0.18000000715255737,0.18000000715255737,0.18000000715255737,1000,0.0,0.0
2001-02-08 00:00:00-05:00,0.18000000715255737,0.18000000715255737,0.18000000715255737,0.18000000715255737,100,0.0,0.0
2001-02-09 00:00:00-05:00,0.18000000715255737,0.18000000715255737,0.18000000715255737,0.18000000715255737,0,0.0,0.0
2001-02-12 00:00:00-05:00,0.18000000715255737,0.18000000715255737,0.18000000715255737,0.18000000715255737,0,0.0,0.0
2001-02-13 00:00:00-05:00,0.18000000715255737,0.18000000715255737,0.18000000715255737,0.18000000715255737,0,0.0,0.0
2001-02-14 00:00:00-05:00,0.15000000596046448,0.15000000596046448,0.15000000596046448,0.15000000596046448,2000,0.0,0.0
2001-02-15 00:00:00-05:00,0.15000000596046448,0.15000000596046448,0.15000000596046448,0.15000000596046448,10000,0.0,0.0
2001-02-16 00:00:00-05:00,0.15000000596046448,0.15000000596046448,0.15000000596046448,0.15000000596046448,0,0.0,0.0
2001-02-20 00:00:00-05:00,0.15000000596046448,0.15000000596046448,0.15000000596046448,0.15000000596046448,0,0.0,0.0
2001-02-21 00:00:00-05:00,0.15000000596046448,0.18000000715255737,0.15000000596046448,0.18000000715255737,30000,0.0,0.0
2001-02-22 00:00:00-05:00,0.18000000715255737,0.18000000715255737,0.18000000715255737,0.18000000715255737,0,0.0,0.0
2001-02-23 00:00:00-05:00,0.18000000715255737,0.18000000715255737,0.18000000715255737,0.18000000715255737,0,0.0,0.0
2001-02-26 00:00:00-05:00,0.1599999964237213,0.1599999964237213,0.1599999964237213,0.1599999964237213,6000,0.0,0.0
2001-02-27 00:00:00-05:00,0.1599999964237213,0.1599999964237213,0.1599999964237213,0.1599999964237213,5000,0.0,0.0
2001-02-28 00:00:00-05:00,0.15000000596046448,0.18000000715255737,0.15000000596046448,0.18000000715255737,35900,0.0,0.0
2001-03-01 00:00:00-05:00,0.18000000715255737,0.18000000715255737,0.18000000715255737,0.18000000715255737,0,0.0,0.0
2001-03-02 00:00:00-05:00,0.18000000715255737,0.18000000715255737,0.18000000715255737,0.18000000715255737,0,0.0,0.0
2001-03-05 00:00:00-05:00,0.18000000715255737,0.18000000715255737,0.18000000715255737,0.18000000715255737,0,0.0,0.0
2001-03-06 00:00:00-05:00,0.15000000596046448,0.15000000596046448,0.15000000596046448,0.15000000596046448,1500,0.0,0.0
2001-03-07 00:00:00-05:00,0.18000000715255737,0.18000000715255737,0.17000000178813934,0.17000000178813934,6000,0.0,0.0
2001-03-08 00:00:00-05:00,0.1899999976158142,0.25999999046325684,0.18700000643730164,0.23999999463558197,133500,0.0,0.0
2001-03-09 00:00:00-05:00,0.23999999463558197,0.23999999463558197,0.23999999463558197,0.23999999463558197,0,0.0,0.0
2001-03-12 00:00:00-05:00,0.23999999463558197,0.23999999463558197,0.23999999463558197,0.23999999463558197,0,0.0,0.0
2001-03-13 00:00:00-05:00,0.20999999344348907,0.20999999344348907,0.20999999344348907,0.20999999344348907,500,0.0,0.0
2001-03-14 00:00:00-05:00,0.20999999344348907,0.20999999344348907,0.20999999344348907,0.20999999344348907,0,0.0,0.0
2001-03-15 00:00:00-05:00,0.20999999344348907,0.23999999463558197,0.20999999344348907,0.23999999463558197,15000,0.0,0.0
2001-03-16 00:00:00-05:00,0.20000000298023224,0.23000000417232513,0.20000000298023224,0.2199999988079071,31700,0.0,0.0
2001-03-19 00:00:00-05:00,0.2199999988079071,0.2199999988079071,0.20000000298023224,0.2199999988079071,15000,0.0,0.0
2001-03-20 00:00:00-05:00,0.2199999988079071,0.2199999988079071,0.2199999988079071,0.2199999988079071,0,0.0,0.0
2001-03-21 00:00:00-05:00,0.20000000298023224,0.2199999988079071,0.20000000298023224,0.20000000298023224,18000,0.0,0.0
2001-03-22 00:00:00-05:00,0.20999999344348907,0.20999999344348907,0.20999999344348907,0.20999999344348907,300,0.0,0.0
2001-03-23 00:00:00-05:00,0.20999999344348907,0.20999999344348907,0.20999999344348907,0.20999999344348907,5000,0.0,0.0
2001-03-26 00:00:00-05:00,0.20000000298023224,0.20000000298023224,0.20000000298023224,0.20000000298023224,2600,0.0,0.0
2001-03-27 00:00:00-05:00,0.20000000298023224,0.20000000298023224,0.20000000298023224,0.20000000298023224,0,0.0,0.0
2001-03-28 00:00:00-05:00,0.20000000298023224,0.20000000298023224,0.20000000298023224,0.20000000298023224,0,0.0,0.0
2001-03-29 00:00:00-05:00,0.20000000298023224,0.20000000298023224,0.18700000643730164,0.1899999976158142,46500,0.0,0.0
2001-03-30 00:00:00-05:00,0.1899999976158142,0.1899999976158142,0.1899999976158142,0.1899999976158142,0,0.0,0.0
2001-04-02 00:00:00-04:00,0.1899999976158142,0.1899999976158142,0.1899999976158142,0.1899999976158142,0,0.0,0.0
2001-04-03 00:00:00-04:00,0.1899999976158142,0.1899999976158142,0.1899999976158142,0.1899999976158142,3000,0.0,0.0
2001-04-04 00:00:00-04:00,0.1899999976158142,0.20999999344348907,0.1899999976158142,0.1899999976158142,31100,0.0,0.0
2001-04-05 00:00:00-04:00,0.20999999344348907,0.20999999344348907,0.20999999344348907,0.20999999344348907,20300,0.0,0.0
2001-04-06 00:00:00-04:00,0.20999999344348907,0.20999999344348907,0.20999999344348907,0.20999999344348907,0,0.0,0.0
2001-04-09 00:00:00-04:00,0.20999999344348907,0.20999999344348907,0.20999999344348907,0.20999999344348907,0,0.0,0.0
2001-04-10 00:00:00-04:00,0.20999999344348907,0.20999999344348907,0.20999999344348907,0.20999999344348907,0,0.0,0.0
2001-04-11 00:00:00-04:00,0.20999999344348907,0.20999999344348907,0.20999999344348907,0.20999999344348907,0,0.0,0.0
2001-04-12 00:00:00-04:00,0.1899999976158142,0.1899999976158142,0.1899999976158142,0.1899999976158142,2000,0.0,0.0
2001-04-16 00:00:00-04:00,0.1899999976158142,0.1899999976158142,0.1899999976158142,0.1899999976158142,20000,0.0,0.0
2001-04-17 00:00:00-04:00,0.18000000715255737,0.18000000715255737,0.18000000715255737,0.18000000715255737,500,0.0,0.0
2001-04-18 00:00:00-04:00,0.20000000298023224,0.20000000298023224,0.20000000298023224,0.20000000298023224,30000,0.0,0.0
2001-04-19 00:00:00-04:00,0.18000000715255737,0.18000000715255737,0.18000000715255737,0.18000000715255737,50000,0.0,0.0
2001-04-20 00:00:00-04:00,0.18000000715255737,0.18000000715255737,0.18000000715255737,0.18000000715255737,0,0.0,0.0
2001-04-23 00:00:00-04:00,0.18000000715255737,0.18000000715255737,0.18000000715255737,0.18000000715255737,0,0.0,0.0
2001-04-24 00:00:00-04:00,0.18000000715255737,0.20000000298023224,0.18000000715255737,0.20000000298023224,16300,0.0,0.0
2001-04-25 00:00:00-04:00,0.20000000298023224,0.20000000298023224,0.20000000298023224,0.20000000298023224,0,0.0,0.0
2001-04-26 00:00:00-04:00,0.17000000178813934,0.17000000178813934,0.17000000178813934,0.17000000178813934,2000,0.0,0.0
2001-04-27 00:00:00-04:00,0.17000000178813934,0.17000000178813934,0.17000000178813934,0.17000000178813934,0,0.0,0.0
2001-04-30 00:00:00-04:00,0.20000000298023224,0.20000000298023224,0.20000000298023224,0.20000000298023224,7000,0.0,0.0
2001-05-01 00:00:00-04:00,0.18000000715255737,0.18000000715255737,0.18000000715255737,0.18000000715255737,30000,0.0,0.0
2001-05-02 00:00:00-04:00,0.18000000715255737,0.18000000715255737,0.18000000715255737,0.18000000715255737,0,0.0,0.0
2001-05-03 00:00:00-04:00,0.17000000178813934,0.17000000178813934,0.17000000178813934,0.17000000178813934,100,0.0,0.0
2001-05-04 00:00:00-04:00,0.17000000178813934,0.17000000178813934,0.17000000178813934,0.17000000178813934,0,0.0,0.0
2001-05-07 00:00:00-04:00,0.17000000178813934,0.17000000178813934,0.17000000178813934,0.17000000178813934,0,0.0,0.0
2001-05-08 00:00:00-04:00,0.18000000715255737,0.18000000715255737,0.18000000715255737,0.18000000715255737,1000,0.0,0.0
2001-05-09 00:00:00-04:00,0.18000000715255737,0.18000000715255737,0.18000000715255737,0.18000000715255737,0,0.0,0.0
2001-05-10 00:00:00-04:00,0.18000000715255737,0.18000000715255737,0.18000000715255737,0.18000000715255737,0,0.0,0.0
2001-05-11 00:00:00-04:00,0.18000000715255737,0.18000000715255737,0.18000000715255737,0.18000000715255737,0,0.0,0.0
2001-05-14 00:00:00-04:00,0.18000000715255737,0.18000000715255737,0.18000000715255737,0.18000000715255737,0,0.0,0.0
2001-05-15 00:00:00-04:00,0.18000000715255737,0.18000000715255737,0.18000000715255737,0.18000000715255737,0,0.0,0.0
2001-05-16 00:00:00-04:00,0.18000000715255737,0.18000000715255737,0.18000000715255737,0.18000000715255737,0,0.0,0.0
2001-05-17 00:00:00-04:00,0.20000000298023224,0.20000000298023224,0.20000000298023224,0.20000000298023224,4900,0.0,0.0
2001-05-18 00:00:00-04:00,0.18000000715255737,0.20000000298023224,0.18000000715255737,0.20000000298023224,18500,0.0,0.0
2001-05-21 00:00:00-04:00,0.20000000298023224,0.20000000298023224,0.20000000298023224,0.20000000298023224,7000,0.0,0.0
2001-05-22 00:00:00-04:00,0.20000000298023224,0.20000000298023224,0.20000000298023224,0.20000000298023224,0,0.0,0.0
2001-05-23 00:00:00-04:00,0.1899999976158142,0.1899999976158142,0.1899999976158142,0.1899999976158142,200,0.0,0.0
2001-05-24 00:00:00-04:00,0.1899999976158142,0.1899999976158142,0.1899999976158142,0.1899999976158142,0,0.0,0.0
2001-05-25 00:00:00-04:00,0.20999999344348907,0.20999999344348907,0.20999999344348907,0.20999999344348907,15200,0.0,0.0
2001-05-29 00:00:00-04:00,0.20000000298023224,0.20000000298023224,0.20000000298023224,0.20000000298023224,5000,0.0,0.0
2001-05-30 00:00:00-04:00,0.20999999344348907,0.20999999344348907,0.18000000715255737,0.18000000715255737,25800,0.0,0.0
2001-05-31 00:00:00-04:00,0.17000000178813934,0.18000000715255737,0.15000000596046448,0.15000000596046448,11700,0.0,0.0
2001-06-01 00:00:00-04:00,0.15000000596046448,0.15000000596046448,0.15000000596046448,0.15000000596046448,0,0.0,0.0
2001-06-04 00:00:00-04:00,0.15000000596046448,0.15000000596046448,0.15000000596046448,0.15000000596046448,1000,0.0,0.0
2001-06-05 00:00:00-04:00,0.1599999964237213,0.18000000715255737,0.1599999964237213,0.18000000715255737,12500,0.0,0.0
2001-06-06 00:00:00-04:00,0.1599999964237213,0.1599999964237213,0.1599999964237213,0.1599999964237213,1000,0.0,0.0
2001-06-07 00:00:00-04:00,0.1599999964237213,0.1599999964237213,0.1599999964237213,0.1599999964237213,0,0.0,0.0
2001-06-08 00:00:00-04:00,0.1599999964237213,0.1599999964237213,0.1599999964237213,0.1599999964237213,0,0.0,0.0
2001-06-11 00:00:00-04:00,0.1599999964237213,0.1599999964237213,0.1599999964237213,0.1599999964237213,15000,0.0,0.0
2001-06-12 00:00:00-04:00,0.14000000059604645,0.14000000059604645,0.14000000059604645,0.14000000059604645,8000,0.0,0.0
2001-06-13 00:00:00-04:00,0.14000000059604645,0.14000000059604645,0.14000000059604645,0.14000000059604645,10000,0.0,0.0
2001-06-14 00:00:00-04:00,0.17000000178813934,0.17000000178813934,0.17000000178813934,0.17000000178813934,4000,0.0,0.0
2001-06-15 00:00:00-04:00,0.17000000178813934,0.17000000178813934,0.17000000178813934,0.17000000178813934,0,0.0,0.0
2001-06-18 00:00:00-04:00,0.17000000178813934,0.17000000178813934,0.17000000178813934,0.17000000178813934,0,0.0,0.0
2001-06-19 00:00:00-04:00,0.14000000059604645,0.14000000059604645,0.14000000059604645,0.14000000059604645,1000,0.0,0.0
2001-06-20 00:00:00-04:00,0.14000000059604645,0.14000000059604645,0.14000000059604645,0.14000000059604645,0,0.0,0.0
2001-06-21 00:00:00-04:00,0.14000000059604645,0.14000000059604645,0.14000000059604645,0.14000000059604645,25000,0.0,0.0
2001-06-22 00:00:00-04:00,0.12999999523162842,0.12999999523162842,0.12999999523162842,0.12999999523162842,13000,0.0,0.0
2001-06-25 00:00:00-04:00,0.12999999523162842,0.12999999523162842,0.12999999523162842,0.12999999523162842,0,0.0,0.0
2001-06-26 00:00:00-04:00,0.12999999523162842,0.12999999523162842,0.12999999523162842,0.12999999523162842,1000,0.0,0.0
2001-06-27 00:00:00-04:00,0.12999999523162842,0.12999999523162842,0.12999999523162842,0.12999999523162842,0,0.0,0.0
2001-06-28 00:00:00-04:00,0.12999999523162842,0.12999999523162842,0.12999999523162842,0.12999999523162842,0,0.0,0.0
2001-06-29 00:00:00-04:00,0.12999999523162842,0.12999999523162842,0.12999999523162842,0.12999999523162842,0,0.0,0.0
2001-07-02 00:00:00-04:00,0.12999999523162842,0.12999999523162842,0.12999999523162842,0.12999999523162842,0,0.0,0.0
2001-07-03 00:00:00-04:00,0.12999999523162842,0.12999999523162842,0.12999999523162842,0.12999999523162842,0,0.0,0.0
2001-07-05 00:00:00-04:00,0.15000000596046448,0.15000000596046448,0.12999999523162842,0.12999999523162842,5500,0.0,0.0
2001-07-06 00:00:00-04:00,0.12999999523162842,0.12999999523162842,0.12999999523162842,0.12999999523162842,0,0.0,0.0
2001-07-09 00:00:00-04:00,0.12999999523162842,0.12999999523162842,0.12999999523162842,0.12999999523162842,0,0.0,0.0
2001-07-10 00:00:00-04:00,0.12999999523162842,0.12999999523162842,0.12999999523162842,0.12999999523162842,0,0.0,0.0
2001-07-11 00:00:00-04:00,0.12999999523162842,0.12999999523162842,0.12999999523162842,0.12999999523162842,0,0.0,0.0
2001-07-12 00:00:00-04:00,0.12999999523162842,0.12999999523162842,0.12999999523162842,0.12999999523162842,0,0.0,0.0
2001-07-13 00:00:00-04:00,0.12999999523162842,0.12999999523162842,0.12999999523162842,0.12999999523162842,0,0.0,0.0
2001-07-16 00:00:00-04:00,0.12999999523162842,0.12999999523162842,0.12999999523162842,0.12999999523162842,0,0.0,0.0
2001-07-17 00:00:00-04:00,0.12999999523162842,0.12999999523162842,0.12999999523162842,0.12999999523162842,0,0.0,0.0
2001-07-18 00:00:00-04:00,0.12999999523162842,0.12999999523162842,0.12999999523162842,0.12999999523162842,1000,0.0,0.0
2001-07-19 00:00:00-04:00,0.12999999523162842,0.12999999523162842,0.12999999523162842,0.12999999523162842,0,0.0,0.0
2001-07-20 00:00:00-04:00,0.12999999523162842,0.12999999523162842,0.12999999523162842,0.12999999523162842,0,0.0,0.0
2001-07-23 00:00:00-04:00,0.12999999523162842,0.12999999523162842,0.12999999523162842,0.12999999523162842,10000,0.0,0.0
2001-07-24 00:00:00-04:00,0.11999999731779099,0.11999999731779099,0.11500000208616257,0.11999999731779099,15000,0.0,0.0
2001-07-25 00:00:00-04:00,0.11999999731779099,0.11999999731779099,0.11999999731779099,0.11999999731779099,0,0.0,0.0
2001-07-26 00:00:00-04:00,0.11999999731779099,0.11999999731779099,0.11999999731779099,0.11999999731779099,0,0.0,0.0
2001-07-27 00:00:00-04:00,0.11999999731779099,0.11999999731779099,0.11999999731779099,0.11999999731779099,0,0.0,0.0
2001-07-30 00:00:00-04:00,0.11999999731779099,0.11999999731779099,0.11999999731779099,0.11999999731779099,0,0.0,0.0
2001-07-31 00:00:00-04:00,0.11999999731779099,0.11999999731779099,0.11999999731779099,0.11999999731779099,0,0.0,0.0
2001-08-01 00:00:00-04:00,0.10999999940395355,0.10999999940395355,0.10999999940395355,0.10999999940395355,500,0.0,0.0
2001-08-02 00:00:00-04:00,0.10999999940395355,0.10999999940395355,0.10999999940395355,0.10999999940395355,2000,0.0,0.0
2001-08-03 00:00:00-04:00,0.10999999940395355,0.10999999940395355,0.10999999940395355,0.10999999940395355,0,0.0,0.0
2001-08-06 00:00:00-04:00,0.10999999940395355,0.10999999940395355,0.10999999940395355,0.10999999940395355,0,0.0,0.0
2001-08-07 00:00:00-04:00,0.10999999940395355,0.10999999940395355,0.10999999940395355,0.10999999940395355,0,0.0,0.0
2001-08-08 00:00:00-04:00,0.12999999523162842,0.12999999523162842,0.12999999523162842,0.12999999523162842,26700,0.0,0.0
2001-08-09 00:00:00-04:00,0.12999999523162842,0.20999999344348907,0.12999999523162842,0.20000000298023224,51400,0.0,0.0
2001-08-10 00:00:00-04:00,0.20000000298023224,0.2199999988079071,0.20000000298023224,0.2199999988079071,39000,0.0,0.0
2001-08-13 00:00:00-04:00,0.23000000417232513,0.23000000417232513,0.20000000298023224,0.20000000298023224,4000,0.0,0.0
2001-08-14 00:00:00-04:00,0.20000000298023224,0.20000000298023224,0.20000000298023224,0.20000000298023224,0,0.0,0.0
2001-08-15 00:00:00-04:00,0.20000000298023224,0.20000000298023224,0.18000000715255737,0.20000000298023224,21400,0.0,0.0
2001-08-16 00:00:00-04:00,0.20000000298023224,0.20000000298023224,0.20000000298023224,0.20000000298023224,0,0.0,0.0
2001-08-17 00:00:00-04:00,0.20000000298023224,0.20000000298023224,0.20000000298023224,0.20000000298023224,0,0.0,0.0
2001-08-20 00:00:00-04:00,0.1899999976158142,0.1899999976158142,0.1899999976158142,0.1899999976158142,4000,0.0,0.0
2001-08-21 00:00:00-04:00,0.17000000178813934,0.17000000178813934,0.17000000178813934,0.17000000178813934,5000,0.0,0.0
2001-08-22 00:00:00-04:00,0.17000000178813934,0.17000000178813934,0.17000000178813934,0.17000000178813934,0,0.0,0.0
2001-08-23 00:00:00-04:00,0.17000000178813934,0.17000000178813934,0.17000000178813934,0.17000000178813934,0,0.0,0.0
2001-08-24 00:00:00-04:00,0.17000000178813934,0.17000000178813934,0.17000000178813934,0.17000000178813934,0,0.0,0.0
2001-08-27 00:00:00-04:00,0.17000000178813934,0.17000000178813934,0.17000000178813934,0.17000000178813934,0,0.0,0.0
2001-08-28 00:00:00-04:00,0.17000000178813934,0.17000000178813934,0.17000000178813934,0.17000000178813934,0,0.0,0.0
2001-08-29 00:00:00-04:00,0.1599999964237213,0.1599999964237213,0.1599999964237213,0.1599999964237213,1000,0.0,0.0
2001-08-30 00:00:00-04:00,0.1599999964237213,0.1599999964237213,0.1599999964237213,0.1599999964237213,10000,0.0,0.0
2001-08-31 00:00:00-04:00,0.1599999964237213,0.1599999964237213,0.1599999964237213,0.1599999964237213,0,0.0,0.0
2001-09-04 00:00:00-04:00,0.1599999964237213,0.1599999964237213,0.1599999964237213,0.1599999964237213,0,0.0,0.0
2001-09-05 00:00:00-04:00,0.1599999964237213,0.1599999964237213,0.1599999964237213,0.1599999964237213,0,0.0,0.0
2001-09-06 00:00:00-04:00,0.1599999964237213,0.1599999964237213,0.1599999964237213,0.1599999964237213,3000,0.0,0.0
2001-09-07 00:00:00-04:00,0.1599999964237213,0.1599999964237213,0.1599999964237213,0.1599999964237213,10000,0.0,0.0
2001-09-10 00:00:00-04:00,0.15000000596046448,0.15000000596046448,0.15000000596046448,0.15000000596046448,2000,0.0,0.0
2001-09-17 00:00:00-04:00,0.18000000715255737,0.18000000715255737,0.18000000715255737,0.18000000715255737,6100,0.0,0.0
2001-09-18 00:00:00-04:00,0.14499999582767487,0.14499999582767487,0.14499999582767487,0.14499999582767487,1000,0.0,0.0
2001-09-19 00:00:00-04:00,0.14499999582767487,0.14499999582767487,0.14499999582767487,0.14499999582767487,0,0.0,0.0
2001-09-20 00:00:00-04:00,0.14000000059604645,0.14000000059604645,0.14000000059604645,0.14000000059604645,3000,0.0,0.0
2001-09-21 00:00:00-04:00,0.14000000059604645,0.14000000059604645,0.14000000059604645,0.14000000059604645,0,0.0,0.0
2001-09-24 00:00:00-04:00,0.14000000059604645,0.14000000059604645,0.14000000059604645,0.14000000059604645,3000,0.0,0.0
2001-09-25 00:00:00-04:00,0.17000000178813934,0.17000000178813934,0.17000000178813934,0.17000000178813934,12500,0.0,0.0
2001-09-26 00:00:00-04:00,0.14000000059604645,0.1599999964237213,0.12999999523162842,0.1599999964237213,43500,0.0,0.0
2001-09-27 00:00:00-04:00,0.12999999523162842,0.12999999523162842,0.12999999523162842,0.12999999523162842,20600,0.0,0.0
2001-09-28 00:00:00-04:00,0.12999999523162842,0.12999999523162842,0.12999999523162842,0.12999999523162842,10000,0.0,0.0
2001-10-01 00:00:00-04:00,0.12999999523162842,0.12999999523162842,0.12999999523162842,0.12999999523162842,1000,0.0,0.0
2001-10-02 00:00:00-04:00,0.10999999940395355,0.10999999940395355,0.10999999940395355,0.10999999940395355,15000,0.0,0.0
2001-10-03 00:00:00-04:00,0.10999999940395355,0.10999999940395355,0.10999999940395355,0.10999999940395355,0,0.0,0.0
2001-10-04 00:00:00-04:00,0.125,0.125,0.125,0.125,500,0.0,0.0
2001-10-05 00:00:00-04:00,0.125,0.125,0.125,0.125,0,0.0,0.0
2001-10-08 00:00:00-04:00,0.10999999940395355,0.10999999940395355,0.10999999940395355,0.10999999940395355,8000,0.0,0.0
2001-10-09 00:00:00-04:00,0.10999999940395355,0.10999999940395355,0.10999999940395355,0.10999999940395355,100,0.0,0.0
2001-10-10 00:00:00-04:00,0.125,0.1550000011920929,0.125,0.1550000011920929,46700,0.0,0.0
2001-10-11 00:00:00-04:00,0.1550000011920929,0.1550000011920929,0.1550000011920929,0.1550000011920929,3000,0.0,0.0
2001-10-12 00:00:00-04:00,0.1550000011920929,0.17000000178813934,0.1550000011920929,0.17000000178813934,48000,0.0,0.0
2001-10-15 00:00:00-04:00,0.18000000715255737,0.18000000715255737,0.18000000715255737,0.18000000715255737,5000,0.0,0.0
2001-10-16 00:00:00-04:00,0.1899999976158142,0.23000000417232513,0.1899999976158142,0.20000000298023224,106300,0.0,0.0
2001-10-17 00:00:00-04:00,0.1850000023841858,0.1850000023841858,0.1850000023841858,0.1850000023841858,3000,0.0,0.0
2001-10-18 00:00:00-04:00,0.1899999976158142,0.1899999976158142,0.1899999976158142,0.1899999976158142,100,0.0,0.0
2001-10-19 00:00:00-04:00,0.1899999976158142,0.1899999976158142,0.1899999976158142,0.1899999976158142,0,0.0,0.0
2001-10-22 00:00:00-04:00,0.1899999976158142,0.1899999976158142,0.1899999976158142,0.1899999976158142,5000,0.0,0.0
2001-10-23 00:00:00-04:00,0.1899999976158142,0.1899999976158142,0.1850000023841858,0.1850000023841858,55000,0.0,0.0
2001-10-24 00:00:00-04:00,0.16500000655651093,0.16500000655651093,0.1550000011920929,0.1550000011920929,32800,0.0,0.0
2001-10-25 00:00:00-04:00,0.15000000596046448,0.15000000596046448,0.15000000596046448,0.15000000596046448,33000,0.0,0.0
2001-10-26 00:00:00-04:00,0.15000000596046448,0.1599999964237213,0.14499999582767487,0.14499999582767487,34300,0.0,0.0
2001-10-29 00:00:00-05:00,0.18000000715255737,0.18000000715255737,0.18000000715255737,0.18000000715255737,5000,0.0,0.0
2001-10-30 00:00:00-05:00,0.18000000715255737,0.18000000715255737,0.18000000715255737,0.18000000715255737,0,0.0,0.0
2001-10-31 00:00:00-05:00,0.14499999582767487,0.15000000596046448,0.14499999582767487,0.15000000596046448,45000,0.0,0.0
2001-11-01 00:00:00-05:00,0.1599999964237213,0.20000000298023224,0.1599999964237213,0.19499999284744263,94900,0.0,0.0
2001-11-02 00:00:00-05:00,0.17499999701976776,0.17499999701976776,0.17499999701976776,0.17499999701976776,10000,0.0,0.0
2001-11-05 00:00:00-05:00,0.17499999701976776,0.1899999976158142,0.17499999701976776,0.17499999701976776,62200,0.0,0.0
2001-11-06 00:00:00-05:00,0.17499999701976776,0.17499999701976776,0.17499999701976776,0.17499999701976776,500,0.0,0.0
2001-11-07 00:00:00-05:00,0.17499999701976776,0.17499999701976776,0.16500000655651093,0.17499999701976776,16700,0.0,0.0
2001-11-08 00:00:00-05:00,0.16500000655651093,0.16500000655651093,0.16500000655651093,0.16500000655651093,7400,0.0,0.0
2001-11-09 00:00:00-05:00,0.1599999964237213,0.1599999964237213,0.15000000596046448,0.15000000596046448,15000,0.0,0.0
2001-11-12 00:00:00-05:00,0.15000000596046448,0.15000000596046448,0.15000000596046448,0.15000000596046448,0,0.0,0.0
2001-11-13 00:00:00-05:00,0.15000000596046448,0.15000000596046448,0.15000000596046448,0.15000000596046448,0,0.0,0.0
2001-11-14 00:00:00-05:00,0.15000000596046448,0.15000000596046448,0.15000000596046448,0.15000000596046448,0,0.0,0.0
2001-11-15 00:00:00-05:00,0.15000000596046448,0.15000000596046448,0.15000000596046448,0.15000000596046448,800,0.0,0.0
2001-11-16 00:00:00-05:00,0.1420000046491623,0.1420000046491623,0.1420000046491623,0.1420000046491623,5000,0.0,0.0
2001-11-19 00:00:00-05:00,0.1420000046491623,0.1420000046491623,0.1420000046491623,0.1420000046491623,28600,0.0,0.0
2001-11-20 00:00:00-05:00,0.1420000046491623,0.1420000046491623,0.14000000059604645,0.14000000059604645,40000,0.0,0.0
2001-11-21 00:00:00-05:00,0.14000000059604645,0.14000000059604645,0.14000000059604645,0.14000000059604645,0,0.0,0.0
2001-11-23 00:00:00-05:00,0.14000000059604645,0.14000000059604645,0.14000000059604645,0.14000000059604645,0,0.0,0.0
2001-11-26 00:00:00-05:00,0.14000000059604645,0.14000000059604645,0.14000000059604645,0.14000000059604645,0,0.0,0.0
2001-11-27 00:00:00-05:00,0.14000000059604645,0.14000000059604645,0.14000000059604645,0.14000000059604645,0,0.0,0.0
2001-11-28 00:00:00-05:00,0.14000000059604645,0.14000000059604645,0.14000000059604645,0.14000000059604645,5000,0.0,0.0
2001-11-29 00:00:00-05:00,0.14000000059604645,0.14000000059604645,0.12999999523162842,0.14000000059604645,67000,0.0,0.0
2001-11-30 00:00:00-05:00,0.125,0.12999999523162842,0.125,0.12999999523162842,9000,0.0,0.0
2001-12-03 00:00:00-05:00,0.125,0.125,0.08100000023841858,0.08100000023841858,90700,0.0,0.0
2001-12-04 00:00:00-05:00,0.09099999815225601,0.12999999523162842,0.09099999815225601,0.0949999988079071,187100,0.0,0.0
2001-12-05 00:00:00-05:00,0.0949999988079071,0.0949999988079071,0.0949999988079071,0.0949999988079071,1200,0.0,0.0
2001-12-06 00:00:00-05:00,0.0949999988079071,0.0949999988079071,0.0949999988079071,0.0949999988079071,5000,0.0,0.0
2001-12-07 00:00:00-05:00,0.0949999988079071,0.0949999988079071,0.0949999988079071,0.0949999988079071,0,0.0,0.0
2001-12-10 00:00:00-05:00,0.0949999988079071,0.0949999988079071,0.0949999988079071,0.0949999988079071,0,0.0,0.0
2001-12-11 00:00:00-05:00,0.0949999988079071,0.0949999988079071,0.0949999988079071,0.0949999988079071,1700,0.0,0.0
2001-12-12 00:00:00-05:00,0.0949999988079071,0.0949999988079071,0.0949999988079071,0.0949999988079071,0,0.0,0.0
2001-12-13 00:00:00-05:00,0.10499999672174454,0.10499999672174454,0.08500000089406967,0.08500000089406967,51500,0.0,0.0
2001-12-14 00:00:00-05:00,0.0949999988079071,0.0949999988079071,0.08500000089406967,0.09000000357627869,154600,0.0,0.0
2001-12-17 00:00:00-05:00,0.10499999672174454,0.10499999672174454,0.09000000357627869,0.0949999988079071,66000,0.0,0.0
2001-12-18 00:00:00-05:00,0.0949999988079071,0.0949999988079071,0.0949999988079071,0.0949999988079071,0,0.0,0.0
2001-12-19 00:00:00-05:00,0.0949999988079071,0.0949999988079071,0.08699999749660492,0.09000000357627869,50000,0.0,0.0
2001-12-20 00:00:00-05:00,0.0949999988079071,0.0949999988079071,0.09000000357627869,0.09000000357627869,72000,0.0,0.0
2001-12-21 00:00:00-05:00,0.0949999988079071,0.0949999988079071,0.08699999749660492,0.09000000357627869,39500,0.0,0.0
2001-12-24 00:00:00-05:00,0.09000000357627869,0.09000000357627869,0.09000000357627869,0.09000000357627869,0,0.0,0.0
2001-12-26 00:00:00-05:00,0.09000000357627869,0.09000000357627869,0.07500000298023224,0.07500000298023224,186800,0.0,0.0
2001-12-27 00:00:00-05:00,0.07500000298023224,0.07999999821186066,0.07000000029802322,0.07999999821186066,170000,0.0,0.0
2001-12-28 00:00:00-05:00,0.07199999690055847,0.07199999690055847,0.07199999690055847,0.07199999690055847,300,0.0,0.0
2001-12-31 00:00:00-05:00,0.07500000298023224,0.10000000149011612,0.07199999690055847,0.10000000149011612,99500,0.0,0.0
2002-01-02 00:00:00-05:00,0.0949999988079071,0.0949999988079071,0.0949999988079071,0.0949999988079071,10000,0.0,0.0
2002-01-03 00:00:00-05:00,0.0949999988079071,0.0949999988079071,0.0949999988079071,0.0949999988079071,0,0.0,0.0
2002-01-04 00:00:00-05:00,0.10000000149011612,0.10000000149011612,0.09200000017881393,0.09200000017881393,25000,0.0,0.0
2002-01-07 00:00:00-05:00,0.09200000017881393,0.09200000017881393,0.09200000017881393,0.09200000017881393,100,0.0,0.0
2002-01-08 00:00:00-05:00,0.09200000017881393,0.09200000017881393,0.09200000017881393,0.09200000017881393,0,0.0,0.0
2002-01-09 00:00:00-05:00,0.09200000017881393,0.10000000149011612,0.09200000017881393,0.0949999988079071,80500,0.0,0.0
2002-01-10 00:00:00-05:00,0.0949999988079071,0.0949999988079071,0.0949999988079071,0.0949999988079071,0,0.0,0.0
2002-01-11 00:00:00-05:00,0.0949999988079071,0.0949999988079071,0.0949999988079071,0.0949999988079071,1800,0.0,0.0
2002-01-14 00:00:00-05:00,0.0949999988079071,0.0949999988079071,0.0949999988079071,0.0949999988079071,0,0.0,0.0
2002-01-15 00:00:00-05:00,0.10499999672174454,0.10499999672174454,0.10000000149011612,0.10000000149011612,6000,0.0,0.0
2002-01-16 00:00:00-05:00,0.10000000149011612,0.10000000149011612,0.10000000149011612,0.10000000149011612,0,0.0,0.0
2002-01-17 00:00:00-05:00,0.10000000149011612,0.10000000149011612,0.10000000149011612,0.10000000149011612,36000,0.0,0.0
2002-01-18 00:00:00-05:00,0.10000000149011612,0.10000000149011612,0.10000000149011612,0.10000000149011612,40000,0.0,0.0
2002-01-22 00:00:00-05:00,0.10499999672174454,0.10999999940395355,0.10499999672174454,0.10999999940395355,14800,0.0,0.0
2002-01-23 00:00:00-05:00,0.10199999809265137,0.10199999809265137,0.10199999809265137,0.10199999809265137,2000,0.0,0.0
2002-01-24 00:00:00-05:00,0.10199999809265137,0.10199999809265137,0.10000000149011612,0.10000000149011612,10600,0.0,0.0
2002-01-25 00:00:00-05:00,0.10000000149011612,0.10000000149011612,0.10000000149011612,0.10000000149011612,200,0.0,0.0
2002-01-28 00:00:00-05:00,0.10199999809265137,0.10999999940395355,0.10199999809265137,0.10999999940395355,30000,0.0,0.0
2002-01-29 00:00:00-05:00,0.10999999940395355,0.10999999940395355,0.10999999940395355,0.10999999940395355,0,0.0,0.0
2002-01-30 00:00:00-05:00,0.13500000536441803,0.13500000536441803,0.10499999672174454,0.10499999672174454,8000,0.0,0.0
2002-01-31 00:00:00-05:00,0.10499999672174454,0.10499999672174454,0.10499999672174454,0.10499999672174454,0,0.0,0.0
2002-02-01 00:00:00-05:00,0.11999999731779099,0.12999999523162842,0.11999999731779099,0.12999999523162842,30000,0.0,0.0
2002-02-04 00:00:00-05:00,0.10499999672174454,0.11999999731779099,0.10499999672174454,0.11999999731779099,22800,0.0,0.0
2002-02-05 00:00:00-05:00,0.11999999731779099,0.11999999731779099,0.11999999731779099,0.11999999731779099,0,0.0,0.0
2002-02-06 00:00:00-05:00,0.10499999672174454,0.10499999672174454,0.10499999672174454,0.10499999672174454,15100,0.0,0.0
2002-02-07 00:00:00-05:00,0.10499999672174454,0.10499999672174454,0.10499999672174454,0.10499999672174454,2500,0.0,0.0
2002-02-08 00:00:00-05:00,0.12999999523162842,0.12999999523162842,0.125,0.125,37200,0.0,0.0
2002-02-11 00:00:00-05:00,0.11999999731779099,0.11999999731779099,0.10999999940395355,0.11999999731779099,22000,0.0,0.0
2002-02-12 00:00:00-05:00,0.11999999731779099,0.11999999731779099,0.11999999731779099,0.11999999731779099,0,0.0,0.0
2002-02-13 00:00:00-05:00,0.11999999731779099,0.11999999731779099,0.11999999731779099,0.11999999731779099,0,0.0,0.0
2002-02-14 00:00:00-05:00,0.11999999731779099,0.11999999731779099,0.11999999731779099,0.11999999731779099,0,0.0,0.0
2002-02-15 00:00:00-05:00,0.11999999731779099,0.11999999731779099,0.11999999731779099,0.11999999731779099,0,0.0,0.0
2002-02-19 00:00:00-05:00,0.12999999523162842,0.12999999523162842,0.10000000149011612,0.10000000149011612,7900,0.0,0.0
2002-02-20 00:00:00-05:00,0.10000000149011612,0.10000000149011612,0.10000000149011612,0.10000000149011612,0,0.0,0.0
2002-02-21 00:00:00-05:00,0.10000000149011612,0.10000000149011612,0.10000000149011612,0.10000000149011612,3000,0.0,0.0
2002-02-22 00:00:00-05:00,0.10000000149011612,0.10000000149011612,0.10000000149011612,0.10000000149011612,0,0.0,0.0
2002-02-25 00:00:00-05:00,0.10000000149011612,0.10000000149011612,0.10000000149011612,0.10000000149011612,200,0.0,0.0
2002-02-26 00:00:00-05:00,0.10000000149011612,0.10000000149011612,0.10000000149011612,0.10000000149011612,0,0.0,0.0
2002-02-27 00:00:00-05:00,0.10000000149011612,0.10000000149011612,0.10000000149011612,0.10000000149011612,0,0.0,0.0
2002-02-28 00:00:00-05:00,0.10000000149011612,0.10000000149011612,0.10000000149011612,0.10000000149011612,5000,0.0,0.0
2002-03-01 00:00:00-05:00,0.10000000149011612,0.10000000149011612,0.10000000149011612,0.10000000149011612,0,0.0,0.0
2002-03-04 00:00:00-05:00,0.10000000149011612,0.10000000149011612,0.10000000149011612,0.10000000149011612,4000,0.0,0.0
2002-03-05 00:00:00-05:00,0.10000000149011612,0.10000000149011612,0.10000000149011612,0.10000000149011612,0,0.0,0.0
2002-03-06 00:00:00-05:00,0.11999999731779099,0.11999999731779099,0.11999999731779099,0.11999999731779099,8000,0.0,0.0
2002-03-07 00:00:00-05:00,0.11999999731779099,0.11999999731779099,0.11999999731779099,0.11999999731779099,0,0.0,0.0
2002-03-08 00:00:00-05:00,0.10000000149011612,0.10000000149011612,0.10000000149011612,0.10000000149011612,500,0.0,0.0
2002-03-11 00:00:00-05:00,0.10000000149011612,0.10000000149011612,0.10000000149011612,0.10000000149011612,0,0.0,0.0
2002-03-12 00:00:00-05:00,0.10000000149011612,0.10000000149011612,0.10000000149011612,0.10000000149011612,200,0.0,0.0
2002-03-13 00:00:00-05:00,0.10000000149011612,0.10000000149011612,0.10000000149011612,0.10000000149011612,35000,0.0,0.0
2002-03-14 00:00:00-05:00,0.10000000149011612,0.10000000149011612,0.10000000149011612,0.10000000149011612,7000,0.0,0.0
2002-03-15 00:00:00-05:00,0.10000000149011612,0.10000000149011612,0.10000000149011612,0.10000000149011612,2800,0.0,0.0
2002-03-18 00:00:00-05:00,0.10000000149011612,0.10000000149011612,0.10000000149011612,0.10000000149011612,0,0.0,0.0
2002-03-19 00:00:00-05:00,0.10000000149011612,0.11999999731779099,0.10000000149011612,0.11999999731779099,23000,0.0,0.0
2002-03-20 00:00:00-05:00,0.10000000149011612,0.10000000149011612,0.10000000149011612,0.10000000149011612,2300,0.0,0.0
2002-03-21 00:00:00-05:00,0.10000000149011612,0.10000000149011612,0.10000000149011612,0.10000000149011612,10400,0.0,0.0
2002-03-22 00:00:00-05:00,0.10000000149011612,0.10000000149011612,0.10000000149011612,0.10000000149011612,0,0.0,0.0
2002-03-25 00:00:00-05:00,0.10000000149011612,0.10000000149011612,0.10000000149011612,0.10000000149011612,0,0.0,0.0
2002-03-26 00:00:00-05:00,0.10000000149011612,0.10000000149011612,0.10000000149011612,0.10000000149011612,0,0.0,0.0
2002-03-27 00:00:00-05:00,0.10000000149011612,0.10000000149011612,0.10000000149011612,0.10000000149011612,0,0.0,0.0
2002-03-28 00:00:00-05:00,0.10000000149011612,0.10999999940395355,0.10000000149011612,0.10999999940395355,65000,0.0,0.0
2002-04-01 00:00:00-05:00,0.11999999731779099,0.13500000536441803,0.11999999731779099,0.13500000536441803,26000,0.0,0.0
2002-04-02 00:00:00-05:00,0.12999999523162842,0.12999999523162842,0.11999999731779099,0.12999999523162842,76000,0.0,0.0
2002-04-03 00:00:00-05:00,0.12999999523162842,0.12999999523162842,0.12999999523162842,0.12999999523162842,0,0.0,0.0
2002-04-04 00:00:00-05:00,0.11999999731779099,0.11999999731779099,0.11999999731779099,0.11999999731779099,19000,0.0,0.0
2002-04-05 00:00:00-05:00,0.11999999731779099,0.11999999731779099,0.11999999731779099,0.11999999731779099,0,0.0,0.0
2002-04-08 00:00:00-04:00,0.11999999731779099,0.11999999731779099,0.11999999731779099,0.11999999731779099,0,0.0,0.0
2002-04-09 00:00:00-04:00,0.11999999731779099,0.11999999731779099,0.10000000149011612,0.10000000149011612,185500,0.0,0.0
2002-04-10 00:00:00-04:00,0.10499999672174454,0.10499999672174454,0.10499999672174454,0.10499999672174454,50000,0.0,0.0
2002-04-11 00:00:00-04:00,0.10499999672174454,0.10499999672174454,0.10499999672174454,0.10499999672174454,0,0.0,0.0
2002-04-12 00:00:00-04:00,0.10000000149011612,0.10000000149011612,0.10000000149011612,0.10000000149011612,43600,0.0,0.0
2002-04-15 00:00:00-04:00,0.10000000149011612,0.10000000149011612,0.10000000149011612,0.10000000149011612,0,0.0,0.0
2002-04-16 00:00:00-04:00,0.10000000149011612,0.10000000149011612,0.10000000149011612,0.10000000149011612,0,0.0,0.0
2002-04-17 00:00:00-04:00,0.10000000149011612,0.10000000149011612,0.10000000149011612,0.10000000149011612,15000,0.0,0.0
2002-04-18 00:00:00-04:00,0.10000000149011612,0.10000000149011612,0.10000000149011612,0.10000000149011612,5000,0.0,0.0
2002-04-19 00:00:00-04:00,0.10000000149011612,0.10000000149011612,0.10000000149011612,0.10000000149011612,1000,0.0,0.0
2002-04-22 00:00:00-04:00,0.10000000149011612,0.10000000149011612,0.10000000149011612,0.10000000149011612,0,0.0,0.0
2002-04-23 00:00:00-04:00,0.10000000149011612,0.10000000149011612,0.10000000149011612,0.10000000149011612,0,0.0,0.0
2002-04-24 00:00:00-04:00,0.10000000149011612,0.10000000149011612,0.10000000149011612,0.10000000149011612,0,0.0,0.0
2002-04-25 00:00:00-04:00,0.09000000357627869,0.09000000357627869,0.09000000357627869,0.09000000357627869,10000,0.0,0.0
2002-04-26 00:00:00-04:00,0.09000000357627869,0.09000000357627869,0.09000000357627869,0.09000000357627869,0,0.0,0.0
2002-04-29 00:00:00-04:00,0.09000000357627869,0.09000000357627869,0.09000000357627869,0.09000000357627869,5000,0.0,0.0
2002-04-30 00:00:00-04:00,0.09000000357627869,0.09000000357627869,0.09000000357627869,0.09000000357627869,0,0.0,0.0
2002-05-01 00:00:00-04:00,0.09000000357627869,0.09000000357627869,0.09000000357627869,0.09000000357627869,2800,0.0,0.0
2002-05-02 00:00:00-04:00,0.10000000149011612,0.10000000149011612,0.07500000298023224,0.07999999821186066,147100,0.0,0.0
2002-05-03 00:00:00-04:00,0.07000000029802322,0.07999999821186066,0.07000000029802322,0.07000000029802322,60000,0.0,0.0
2002-05-06 00:00:00-04:00,0.07000000029802322,0.07000000029802322,0.06300000101327896,0.06300000101327896,47000,0.0,0.0
2002-05-07 00:00:00-04:00,0.07000000029802322,0.07000000029802322,0.07000000029802322,0.07000000029802322,300,0.0,0.0
2002-05-08 00:00:00-04:00,0.07000000029802322,0.07000000029802322,0.07000000029802322,0.07000000029802322,0,0.0,0.0
2002-05-09 00:00:00-04:00,0.07000000029802322,0.07000000029802322,0.07000000029802322,0.07000000029802322,0,0.0,0.0
2002-05-10 00:00:00-04:00,0.07000000029802322,0.07000000029802322,0.07000000029802322,0.07000000029802322,0,0.0,0.0
2002-05-13 00:00:00-04:00,0.07000000029802322,0.07000000029802322,0.07000000029802322,0.07000000029802322,0,0.0,0.0
2002-05-14 00:00:00-04:00,0.07000000029802322,0.07000000029802322,0.07000000029802322,0.07000000029802322,13400,0.0,0.0
2002-05-15 00:00:00-04:00,0.07000000029802322,0.07000000029802322,0.07000000029802322,0.07000000029802322,0,0.0,0.0
2002-05-16 00:00:00-04:00,0.061000000685453415,0.06199999898672104,0.02500000037252903,0.04500000178813934,331900,0.0,0.0
2002-05-17 00:00:00-04:00,0.04800000041723251,0.05000000074505806,0.04800000041723251,0.05000000074505806,84800,0.0,0.0
2002-05-20 00:00:00-04:00,0.05000000074505806,0.05000000074505806,0.03999999910593033,0.04500000178813934,39300,0.0,0.0
2002-05-21 00:00:00-04:00,0.04500000178813934,0.04500000178813934,0.04500000178813934,0.04500000178813934,0,0.0,0.0
2002-05-22 00:00:00-04:00,0.04500000178813934,0.04500000178813934,0.04500000178813934,0.04500000178813934,0,0.0,0.0
2002-05-23 00:00:00-04:00,0.041999999433755875,0.041999999433755875,0.041999999433755875,0.041999999433755875,1100,0.0,0.0
2002-05-24 00:00:00-04:00,0.041999999433755875,0.041999999433755875,0.041999999433755875,0.041999999433755875,0,0.0,0.0
2002-05-28 00:00:00-04:00,0.041999999433755875,0.041999999433755875,0.041999999433755875,0.041999999433755875,0,0.0,0.0
2002-05-29 00:00:00-04:00,0.041999999433755875,0.041999999433755875,0.041999999433755875,0.041999999433755875,0,0.0,0.0
2002-05-30 00:00:00-04:00,0.041999999433755875,0.041999999433755875,0.041999999433755875,0.041999999433755875,0,0.0,0.0
2002-05-31 00:00:00-04:00,0.054999999701976776,0.05999999865889549,0.054999999701976776,0.05999999865889549,42000,0.0,0.0
2002-06-03 00:00:00-04:00,0.06499999761581421,0.06499999761581421,0.06499999761581421,0.06499999761581421,3000,0.0,0.0
2002-06-04 00:00:00-04:00,0.06499999761581421,0.06499999761581421,0.06499999761581421,0.06499999761581421,0,0.0,0.0
2002-06-05 00:00:00-04:00,0.06499999761581421,0.06499999761581421,0.06499999761581421,0.06499999761581421,2500,0.0,0.0
2002-06-06 00:00:00-04:00,0.06499999761581421,0.06499999761581421,0.06499999761581421,0.06499999761581421,0,0.0,0.0
2002-06-07 00:00:00-04:00,0.06499999761581421,0.06499999761581421,0.06499999761581421,0.06499999761581421,0,0.0,0.0
2002-06-10 00:00:00-04:00,0.06499999761581421,0.06499999761581421,0.06499999761581421,0.06499999761581421,0,0.0,0.0
2002-06-11 00:00:00-04:00,0.06499999761581421,0.06499999761581421,0.06499999761581421,0.06499999761581421,0,0.0,0.0
2002-06-12 00:00:00-04:00,0.06499999761581421,0.06499999761581421,0.06499999761581421,0.06499999761581421,0,0.0,0.0
2002-06-13 00:00:00-04:00,0.06499999761581421,0.06499999761581421,0.06499999761581421,0.06499999761581421,0,0.0,0.0
2002-06-14 00:00:00-04:00,0.054999999701976776,0.054999999701976776,0.054999999701976776,0.054999999701976776,600,0.0,0.0
2002-06-17 00:00:00-04:00,0.054999999701976776,0.054999999701976776,0.054999999701976776,0.054999999701976776,0,0.0,0.0
2002-06-18 00:00:00-04:00,0.054999999701976776,0.054999999701976776,0.054999999701976776,0.054999999701976776,600,0.0,0.0
2002-06-19 00:00:00-04:00,0.06499999761581421,0.06499999761581421,0.06499999761581421,0.06499999761581421,6000,0.0,0.0
2002-06-20 00:00:00-04:00,0.06499999761581421,0.06499999761581421,0.06499999761581421,0.06499999761581421,0,0.0,0.0
2002-06-21 00:00:00-04:00,0.06499999761581421,0.06499999761581421,0.06499999761581421,0.06499999761581421,0,0.0,0.0
2002-06-24 00:00:00-04:00,0.06499999761581421,0.06499999761581421,0.06499999761581421,0.06499999761581421,0,0.0,0.0
2002-06-25 00:00:00-04:00,0.06499999761581421,0.06499999761581421,0.06499999761581421,0.06499999761581421,0,0.0,0.0
2002-06-26 00:00:00-04:00,0.0560000017285347,0.0560000017285347,0.0560000017285347,0.0560000017285347,10100,0.0,0.0
2002-06-27 00:00:00-04:00,0.05000000074505806,0.05000000074505806,0.05000000074505806,0.05000000074505806,500,0.0,0.0
2002-06-28 00:00:00-04:00,0.05000000074505806,0.05000000074505806,0.05000000074505806,0.05000000074505806,500,0.0,0.0
2002-07-01 00:00:00-04:00,0.05000000074505806,0.05000000074505806,0.05000000074505806,0.05000000074505806,0,0.0,0.0
2002-07-02 00:00:00-04:00,0.05000000074505806,0.05000000074505806,0.05000000074505806,0.05000000074505806,30000,0.0,0.0
2002-07-03 00:00:00-04:00,0.04500000178813934,0.04500000178813934,0.04500000178813934,0.04500000178813934,5000,0.0,0.0
2002-07-05 00:00:00-04:00,0.04500000178813934,0.04500000178813934,0.04500000178813934,0.04500000178813934,0,0.0,0.0
2002-07-08 00:00:00-04:00,0.04500000178813934,0.04500000178813934,0.04500000178813934,0.04500000178813934,0,0.0,0.0
2002-07-09 00:00:00-04:00,0.04500000178813934,0.04500000178813934,0.04500000178813934,0.04500000178813934,0,0.0,0.0
2002-07-10 00:00:00-04:00,0.04500000178813934,0.04500000178813934,0.04500000178813934,0.04500000178813934,0,0.0,0.0
2002-07-11 00:00:00-04:00,0.04500000178813934,0.04500000178813934,0.04500000178813934,0.04500000178813934,0,0.0,0.0
2002-07-12 00:00:00-04:00,0.04500000178813934,0.04500000178813934,0.04500000178813934,0.04500000178813934,0,0.0,0.0
2002-07-15 00:00:00-04:00,0.04500000178813934,0.04500000178813934,0.04500000178813934,0.04500000178813934,0,0.0,0.0
2002-07-16 00:00:00-04:00,0.04500000178813934,0.04500000178813934,0.04500000178813934,0.04500000178813934,0,0.0,0.0
2002-07-17 00:00:00-04:00,0.04500000178813934,0.04500000178813934,0.04500000178813934,0.04500000178813934,0,0.0,0.0
2002-07-18 00:00:00-04:00,0.04500000178813934,0.04500000178813934,0.04500000178813934,0.04500000178813934,0,0.0,0.0
2002-07-19 00:00:00-04:00,0.04500000178813934,0.04500000178813934,0.04500000178813934,0.04500000178813934,3000,0.0,0.0
2002-07-22 00:00:00-04:00,0.04500000178813934,0.04500000178813934,0.04500000178813934,0.04500000178813934,0,0.0,0.0
2002-07-23 00:00:00-04:00,0.04500000178813934,0.04500000178813934,0.04500000178813934,0.04500000178813934,10100,0.0,0.0
2002-07-24 00:00:00-04:00,0.04500000178813934,0.04500000178813934,0.03999999910593033,0.03999999910593033,60000,0.0,0.0
2002-07-25 00:00:00-04:00,0.03999999910593033,0.03999999910593033,0.03999999910593033,0.03999999910593033,0,0.0,0.0
2002-07-26 00:00:00-04:00,0.03999999910593033,0.03999999910593033,0.03999999910593033,0.03999999910593033,0,0.0,0.0
2002-07-29 00:00:00-04:00,0.03999999910593033,0.03999999910593033,0.03999999910593033,0.03999999910593033,0,0.0,0.0
2002-07-30 00:00:00-04:00,0.04500000178813934,0.04500000178813934,0.04500000178813934,0.04500000178813934,28000,0.0,0.0
2002-07-31 00:00:00-04:00,0.04500000178813934,0.04500000178813934,0.04500000178813934,0.04500000178813934,0,0.0,0.0
2002-08-01 00:00:00-04:00,0.03799999877810478,0.03799999877810478,0.03799999877810478,0.03799999877810478,1000,0.0,0.0
2002-08-02 00:00:00-04:00,0.03999999910593033,0.03999999910593033,0.03999999910593033,0.03999999910593033,25000,0.0,0.0
2002-08-05 00:00:00-04:00,0.03700000047683716,0.03700000047683716,0.03700000047683716,0.03700000047683716,2400,0.0,0.0
2002-08-06 00:00:00-04:00,0.03700000047683716,0.03700000047683716,0.03700000047683716,0.03700000047683716,0,0.0,0.0
2002-08-07 00:00:00-04:00,0.03700000047683716,0.03700000047683716,0.03700000047683716,0.03700000047683716,500,0.0,0.0
2002-08-08 00:00:00-04:00,0.03700000047683716,0.03700000047683716,0.03700000047683716,0.03700000047683716,0,0.0,0.0
2002-08-09 00:00:00-04:00,0.03700000047683716,0.03700000047683716,0.03700000047683716,0.03700000047683716,500,0.0,0.0
2002-08-12 00:00:00-04:00,0.03700000047683716,0.03700000047683716,0.03700000047683716,0.03700000047683716,0,0.0,0.0
2002-08-13 00:00:00-04:00,0.03700000047683716,0.03700000047683716,0.03700000047683716,0.03700000047683716,0,0.0,0.0
2002-08-14 00:00:00-04:00,0.03700000047683716,0.03700000047683716,0.03700000047683716,0.03700000047683716,0,0.0,0.0
2002-08-15 00:00:00-04:00,0.03700000047683716,0.03700000047683716,0.03700000047683716,0.03700000047683716,0,0.0,0.0
2002-08-16 00:00:00-04:00,0.03999999910593033,0.03999999910593033,0.03999999910593033,0.03999999910593033,19500,0.0,0.0
2002-08-19 00:00:00-04:00,0.03999999910593033,0.03999999910593033,0.03999999910593033,0.03999999910593033,0,0.0,0.0
2002-08-20 00:00:00-04:00,0.03999999910593033,0.03999999910593033,0.03999999910593033,0.03999999910593033,0,0.0,0.0
2002-08-21 00:00:00-04:00,0.03999999910593033,0.03999999910593033,0.03999999910593033,0.03999999910593033,0,0.0,0.0
2002-08-22 00:00:00-04:00,0.03999999910593033,0.03999999910593033,0.03999999910593033,0.03999999910593033,0,0.0,0.0
2002-08-23 00:00:00-04:00,0.03700000047683716,0.03700000047683716,0.03700000047683716,0.03700000047683716,3000,0.0,0.0
2002-08-26 00:00:00-04:00,0.03700000047683716,0.03700000047683716,0.03700000047683716,0.03700000047683716,5000,0.0,0.0
2002-08-27 00:00:00-04:00,0.03500000014901161,0.03500000014901161,0.03500000014901161,0.03500000014901161,1000,0.0,0.0
2002-08-28 00:00:00-04:00,0.03500000014901161,0.03500000014901161,0.03500000014901161,0.03500000014901161,0,0.0,0.0
2002-08-29 00:00:00-04:00,0.03500000014901161,0.03500000014901161,0.03500000014901161,0.03500000014901161,8000,0.0,0.0
2002-08-30 00:00:00-04:00,0.03500000014901161,0.03500000014901161,0.03500000014901161,0.03500000014901161,0,0.0,0.0
2002-09-03 00:00:00-04:00,0.03500000014901161,0.03500000014901161,0.03500000014901161,0.03500000014901161,0,0.0,0.0
2002-09-04 00:00:00-04:00,0.03500000014901161,0.03500000014901161,0.03500000014901161,0.03500000014901161,0,0.0,0.0
2002-09-05 00:00:00-04:00,0.03500000014901161,0.03500000014901161,0.03500000014901161,0.03500000014901161,100,0.0,0.0
2002-09-06 00:00:00-04:00,0.03500000014901161,0.03500000014901161,0.03500000014901161,0.03500000014901161,0,0.0,0.0
2002-09-09 00:00:00-04:00,0.03500000014901161,0.03500000014901161,0.03500000014901161,0.03500000014901161,0,0.0,0.0
2002-09-10 00:00:00-04:00,0.03500000014901161,0.03500000014901161,0.03500000014901161,0.03500000014901161,1600,0.0,0.0
2002-09-11 00:00:00-04:00,0.029999999329447746,0.029999999329447746,0.029999999329447746,0.029999999329447746,8000,0.0,0.0
2002-09-12 00:00:00-04:00,0.029999999329447746,0.029999999329447746,0.029999999329447746,0.029999999329447746,0,0.0,0.0
2002-09-13 00:00:00-04:00,0.029999999329447746,0.03700000047683716,0.029999999329447746,0.03700000047683716,30000,0.0,0.0
2002-09-16 00:00:00-04:00,0.03700000047683716,0.03700000047683716,0.03700000047683716,0.03700000047683716,0,0.0,0.0
2002-09-17 00:00:00-04:00,0.03700000047683716,0.03700000047683716,0.03700000047683716,0.03700000047683716,0,0.0,0.0
2002-09-18 00:00:00-04:00,0.03700000047683716,0.03700000047683716,0.03700000047683716,0.03700000047683716,0,0.0,0.0
2002-09-19 00:00:00-04:00,0.03700000047683716,0.03700000047683716,0.03700000047683716,0.03700000047683716,0,0.0,0.0
2002-09-20 00:00:00-04:00,0.029999999329447746,0.029999999329447746,0.029999999329447746,0.029999999329447746,1600,0.0,0.0
2002-09-23 00:00:00-04:00,0.029999999329447746,0.029999999329447746,0.029999999329447746,0.029999999329447746,0,0.0,0.0
2002-09-24 00:00:00-04:00,0.029999999329447746,0.029999999329447746,0.029999999329447746,0.029999999329447746,0,0.0,0.0
2002-09-25 00:00:00-04:00,0.029999999329447746,0.029999999329447746,0.029999999329447746,0.029999999329447746,5000,0.0,0.0
2002-09-26 00:00:00-04:00,0.029999999329447746,0.029999999329447746,0.029999999329447746,0.029999999329447746,0,0.0,0.0
2002-09-27 00:00:00-04:00,0.03700000047683716,0.039000000804662704,0.03700000047683716,0.039000000804662704,37000,0.0,0.0
2002-09-30 00:00:00-04:00,0.029999999329447746,0.029999999329447746,0.029999999329447746,0.029999999329447746,2700,0.0,0.0
2002-10-01 00:00:00-04:00,0.029999999329447746,0.029999999329447746,0.029999999329447746,0.029999999329447746,0,0.0,0.0
2002-10-02 00:00:00-04:00,0.029999999329447746,0.029999999329447746,0.029999999329447746,0.029999999329447746,0,0.0,0.0
2002-10-03 00:00:00-04:00,0.029999999329447746,0.03500000014901161,0.029999999329447746,0.03500000014901161,22000,0.0,0.0
2002-10-04 00:00:00-04:00,0.03099999949336052,0.03099999949336052,0.03099999949336052,0.03099999949336052,200,0.0,0.0
2002-10-07 00:00:00-04:00,0.03099999949336052,0.03099999949336052,0.03099999949336052,0.03099999949336052,0,0.0,0.0
2002-10-08 00:00:00-04:00,0.03099999949336052,0.03099999949336052,0.03099999949336052,0.03099999949336052,0,0.0,0.0
2002-10-09 00:00:00-04:00,0.03099999949336052,0.03099999949336052,0.03099999949336052,0.03099999949336052,0,0.0,0.0
2002-10-10 00:00:00-04:00,0.03099999949336052,0.03099999949336052,0.03099999949336052,0.03099999949336052,0,0.0,0.0
2002-10-11 00:00:00-04:00,0.03099999949336052,0.03099999949336052,0.03099999949336052,0.03099999949336052,0,0.0,0.0
2002-10-14 00:00:00-04:00,0.03099999949336052,0.03099999949336052,0.03099999949336052,0.03099999949336052,0,0.0,0.0
2002-10-15 00:00:00-04:00,0.03099999949336052,0.03099999949336052,0.03099999949336052,0.03099999949336052,9700,0.0,0.0
2002-10-16 00:00:00-04:00,0.03099999949336052,0.03099999949336052,0.03099999949336052,0.03099999949336052,4800,0.0,0.0
2002-10-17 00:00:00-04:00,0.03099999949336052,0.03099999949336052,0.03099999949336052,0.03099999949336052,0,0.0,0.0
2002-10-18 00:00:00-04:00,0.03099999949336052,0.03099999949336052,0.03099999949336052,0.03099999949336052,0,0.0,0.0
2002-10-21 00:00:00-04:00,0.03099999949336052,0.03099999949336052,0.03099999949336052,0.03099999949336052,2000,0.0,0.0
2002-10-22 00:00:00-04:00,0.03099999949336052,0.03099999949336052,0.03099999949336052,0.03099999949336052,0,0.0,0.0
2002-10-23 00:00:00-04:00,0.03099999949336052,0.03099999949336052,0.03099999949336052,0.03099999949336052,0,0.0,0.0
2002-10-24 00:00:00-04:00,0.03099999949336052,0.03099999949336052,0.03099999949336052,0.03099999949336052,0,0.0,0.0
2002-10-25 00:00:00-04:00,0.03099999949336052,0.03099999949336052,0.03099999949336052,0.03099999949336052,0,0.0,0.0
2002-10-28 00:00:00-05:00,0.03099999949336052,0.03099999949336052,0.03099999949336052,0.03099999949336052,0,0.0,0.0
2002-10-29 00:00:00-05:00,0.03099999949336052,0.03099999949336052,0.03099999949336052,0.03099999949336052,0,0.0,0.0
2002-10-30 00:00:00-05:00,0.03099999949336052,0.03099999949336052,0.03099999949336052,0.03099999949336052,300,0.0,0.0
2002-10-31 00:00:00-05:00,0.03099999949336052,0.03099999949336052,0.03099999949336052,0.03099999949336052,0,0.0,0.0
2002-11-01 00:00:00-05:00,0.03500000014901161,0.03500000014901161,0.03500000014901161,0.03500000014901161,25000,0.0,0.0
2002-11-04 00:00:00-05:00,0.03500000014901161,0.03500000014901161,0.03500000014901161,0.03500000014901161,0,0.0,0.0
2002-11-05 00:00:00-05:00,0.03500000014901161,0.03500000014901161,0.03500000014901161,0.03500000014901161,20000,0.0,0.0
2002-11-06 00:00:00-05:00,0.03500000014901161,0.03500000014901161,0.03500000014901161,0.03500000014901161,0,0.0,0.0
2002-11-07 00:00:00-05:00,0.03200000151991844,0.03200000151991844,0.03200000151991844,0.03200000151991844,6000,0.0,0.0
2002-11-08 00:00:00-05:00,0.03200000151991844,0.03200000151991844,0.03200000151991844,0.03200000151991844,0,0.0,0.0
2002-11-11 00:00:00-05:00,0.03200000151991844,0.03200000151991844,0.03200000151991844,0.03200000151991844,0,0.0,0.0
2002-11-12 00:00:00-05:00,0.03200000151991844,0.03200000151991844,0.03200000151991844,0.03200000151991844,0,0.0,0.0
2002-11-13 00:00:00-05:00,0.03200000151991844,0.03200000151991844,0.03200000151991844,0.03200000151991844,0,0.0,0.0
2002-11-14 00:00:00-05:00,0.03200000151991844,0.03200000151991844,0.03200000151991844,0.03200000151991844,0,0.0,0.0
2002-11-15 00:00:00-05:00,0.03200000151991844,0.03200000151991844,0.03200000151991844,0.03200000151991844,0,0.0,0.0
2002-11-18 00:00:00-05:00,0.03200000151991844,0.03200000151991844,0.03200000151991844,0.03200000151991844,0,0.0,0.0
2002-11-19 00:00:00-05:00,0.03200000151991844,0.03200000151991844,0.03200000151991844,0.03200000151991844,0,0.0,0.0
2002-11-20 00:00:00-05:00,0.03200000151991844,0.03200000151991844,0.03200000151991844,0.03200000151991844,0,0.0,0.0
2002-11-21 00:00:00-05:00,0.03200000151991844,0.03200000151991844,0.03200000151991844,0.03200000151991844,0,0.0,0.0
2002-11-22 00:00:00-05:00,0.03200000151991844,0.03200000151991844,0.03200000151991844,0.03200000151991844,0,0.0,0.0
2002-11-25 00:00:00-05:00,0.03200000151991844,0.03500000014901161,0.03200000151991844,0.03500000014901161,30000,0.0,0.0
2002-11-26 00:00:00-05:00,0.03500000014901161,0.03500000014901161,0.03500000014901161,0.03500000014901161,0,0.0,0.0
2002-11-27 00:00:00-05:00,0.03500000014901161,0.03799999877810478,0.03500000014901161,0.03799999877810478,17000,0.0,0.0
2002-11-29 00:00:00-05:00,0.03799999877810478,0.03799999877810478,0.03799999877810478,0.03799999877810478,0,0.0,0.0
2002-12-02 00:00:00-05:00,0.03200000151991844,0.03200000151991844,0.029999999329447746,0.029999999329447746,22800,0.0,0.0
2002-12-03 00:00:00-05:00,0.02500000037252903,0.029999999329447746,0.02500000037252903,0.02500000037252903,23600,0.0,0.0
2002-12-04 00:00:00-05:00,0.02500000037252903,0.02500000037252903,0.02500000037252903,0.02500000037252903,0,0.0,0.0
2002-12-05 00:00:00-05:00,0.02500000037252903,0.02500000037252903,0.02500000037252903,0.02500000037252903,0,0.0,0.0
2002-12-06 00:00:00-05:00,0.02500000037252903,0.02500000037252903,0.02500000037252903,0.02500000037252903,0,0.0,0.0
2002-12-09 00:00:00-05:00,0.02500000037252903,0.02500000037252903,0.02500000037252903,0.02500000037252903,0,0.0,0.0
2002-12-10 00:00:00-05:00,0.02500000037252903,0.02500000037252903,0.02500000037252903,0.02500000037252903,0,0.0,0.0
2002-12-11 00:00:00-05:00,0.026000000536441803,0.026000000536441803,0.02500000037252903,0.02500000037252903,31500,0.0,0.0
2002-12-12 00:00:00-05:00,0.02500000037252903,0.02500000037252903,0.02500000037252903,0.02500000037252903,0,0.0,0.0
2002-12-13 00:00:00-05:00,0.02500000037252903,0.02500000037252903,0.02500000037252903,0.02500000037252903,700,0.0,0.0
2002-12-16 00:00:00-05:00,0.02500000037252903,0.02500000037252903,0.02500000037252903,0.02500000037252903,0,0.0,0.0
2002-12-17 00:00:00-05:00,0.02500000037252903,0.02500000037252903,0.02500000037252903,0.02500000037252903,21000,0.0,0.0
2002-12-18 00:00:00-05:00,0.02500000037252903,0.02500000037252903,0.02500000037252903,0.02500000037252903,0,0.0,0.0
2002-12-19 00:00:00-05:00,0.02500000037252903,0.02500000037252903,0.02500000037252903,0.02500000037252903,0,0.0,0.0
2002-12-20 00:00:00-05:00,0.02500000037252903,0.02500000037252903,0.02500000037252903,0.02500000037252903,0,0.0,0.0
2002-12-23 00:00:00-05:00,0.02500000037252903,0.02500000037252903,0.02500000037252903,0.02500000037252903,0,0.0,0.0
2002-12-24 00:00:00-05:00,0.02500000037252903,0.02500000037252903,0.02500000037252903,0.02500000037252903,0,0.0,0.0
2002-12-26 00:00:00-05:00,0.02500000037252903,0.02500000037252903,0.02199999988079071,0.02199999988079071,5200,0.0,0.0
2002-12-27 00:00:00-05:00,0.02199999988079071,0.02199999988079071,0.02199999988079071,0.02199999988079071,2000,0.0,0.0
2002-12-30 00:00:00-05:00,0.02199999988079071,0.02199999988079071,0.02199999988079071,0.02199999988079071,23700,0.0,0.0
2002-12-31 00:00:00-05:00,0.028999999165534973,0.028999999165534973,0.028999999165534973,0.028999999165534973,44200,0.0,0.0
2003-01-02 00:00:00-05:00,0.028999999165534973,0.028999999165534973,0.028999999165534973,0.028999999165534973,14000,0.0,0.0
2003-01-03 00:00:00-05:00,0.02500000037252903,0.02500000037252903,0.02500000037252903,0.02500000037252903,2000,0.0,0.0
2003-01-06 00:00:00-05:00,0.02500000037252903,0.02500000037252903,0.02500000037252903,0.02500000037252903,1000,0.0,0.0
2003-01-07 00:00:00-05:00,0.02500000037252903,0.02500000037252903,0.02500000037252903,0.02500000037252903,1000,0.0,0.0
2003-01-08 00:00:00-05:00,0.02500000037252903,0.02500000037252903,0.02500000037252903,0.02500000037252903,0,0.0,0.0
2003-01-09 00:00:00-05:00,0.02500000037252903,0.02500000037252903,0.02500000037252903,0.02500000037252903,13000,0.0,0.0
2003-01-10 00:00:00-05:00,0.02500000037252903,0.02500000037252903,0.02500000037252903,0.02500000037252903,0,0.0,0.0
2003-01-13 00:00:00-05:00,0.02500000037252903,0.02500000037252903,0.02500000037252903,0.02500000037252903,1600,0.0,0.0
2003-01-14 00:00:00-05:00,0.017000000923871994,0.017000000923871994,0.017000000923871994,0.017000000923871994,125000,0.0,0.0
2003-01-15 00:00:00-05:00,0.017000000923871994,0.017000000923871994,0.017000000923871994,0.017000000923871994,0,0.0,0.0
2003-01-16 00:00:00-05:00,0.019999999552965164,0.019999999552965164,0.019999999552965164,0.019999999552965164,4300,0.0,0.0
2003-01-17 00:00:00-05:00,0.019999999552965164,0.019999999552965164,0.019999999552965164,0.019999999552965164,0,0.0,0.0
2003-01-21 00:00:00-05:00,0.019999999552965164,0.019999999552965164,0.019999999552965164,0.019999999552965164,0,0.0,0.0
2003-01-22 00:00:00-05:00,0.019999999552965164,0.019999999552965164,0.019999999552965164,0.019999999552965164,0,0.0,0.0
2003-01-23 00:00:00-05:00,0.019999999552965164,0.019999999552965164,0.019999999552965164,0.019999999552965164,0,0.0,0.0
2003-01-24 00:00:00-05:00,0.029999999329447746,0.029999999329447746,0.029999999329447746,0.029999999329447746,71500,0.0,0.0
2003-01-27 00:00:00-05:00,0.029999999329447746,0.029999999329447746,0.029999999329447746,0.029999999329447746,0,0.0,0.0
2003-01-28 00:00:00-05:00,0.02500000037252903,0.02500000037252903,0.02500000037252903,0.02500000037252903,1000,0.0,0.0
2003-01-29 00:00:00-05:00,0.02500000037252903,0.02500000037252903,0.02500000037252903,0.02500000037252903,0,0.0,0.0
2003-01-30 00:00:00-05:00,0.02500000037252903,0.02500000037252903,0.02500000037252903,0.02500000037252903,5000,0.0,0.0
2003-01-31 00:00:00-05:00,0.02500000037252903,0.03500000014901161,0.02500000037252903,0.03500000014901161,18500,0.0,0.0
2003-02-03 00:00:00-05:00,0.02500000037252903,0.02500000037252903,0.014999999664723873,0.019999999552965164,70500,0.0,0.0
2003-02-04 00:00:00-05:00,0.019999999552965164,0.019999999552965164,0.019999999552965164,0.019999999552965164,0,0.0,0.0
2003-02-05 00:00:00-05:00,0.019999999552965164,0.019999999552965164,0.019999999552965164,0.019999999552965164,0,0.0,0.0
2003-02-06 00:00:00-05:00,0.019999999552965164,0.019999999552965164,0.019999999552965164,0.019999999552965164,10300,0.0,0.0
2003-02-07 00:00:00-05:00,0.019999999552965164,0.019999999552965164,0.019999999552965164,0.019999999552965164,0,0.0,0.0
2003-02-10 00:00:00-05:00,0.019999999552965164,0.02500000037252903,0.019999999552965164,0.02500000037252903,20000,0.0,0.0
2003-02-11 00:00:00-05:00,0.017999999225139618,0.01899999938905239,0.017999999225139618,0.01899999938905239,41000,0.0,0.0
2003-02-12 00:00:00-05:00,0.019999999552965164,0.029999999329447746,0.019999999552965164,0.02500000037252903,37600,0.0,0.0
2003-02-13 00:00:00-05:00,0.020999999716877937,0.02800000086426735,0.01600000075995922,0.02800000086426735,88500,0.0,0.0
2003-02-14 00:00:00-05:00,0.02800000086426735,0.02800000086426735,0.02800000086426735,0.02800000086426735,0,0.0,0.0
2003-02-18 00:00:00-05:00,0.02800000086426735,0.02800000086426735,0.02800000086426735,0.02800000086426735,0,0.0,0.0
2003-02-19 00:00:00-05:00,0.019999999552965164,0.019999999552965164,0.017000000923871994,0.017000000923871994,8500,0.0,0.0
2003-02-20 00:00:00-05:00,0.017000000923871994,0.019999999552965164,0.017000000923871994,0.019999999552965164,96000,0.0,0.0
2003-02-21 00:00:00-05:00,0.02800000086426735,0.02800000086426735,0.02800000086426735,0.02800000086426735,20000,0.0,0.0
2003-02-24 00:00:00-05:00,0.02800000086426735,0.02800000086426735,0.02800000086426735,0.02800000086426735,0,0.0,0.0
2003-02-25 00:00:00-05:00,0.02800000086426735,0.029999999329447746,0.02800000086426735,0.029999999329447746,20000,0.0,0.0
2003-02-26 00:00:00-05:00,0.029999999329447746,0.029999999329447746,0.029999999329447746,0.029999999329447746,0,0.0,0.0
2003-02-27 00:00:00-05:00,0.029999999329447746,0.029999999329447746,0.029999999329447746,0.029999999329447746,0,0.0,0.0
2003-02-28 00:00:00-05:00,0.029999999329447746,0.029999999329447746,0.029999999329447746,0.029999999329447746,0,0.0,0.0
2003-03-03 00:00:00-05:00,0.029999999329447746,0.029999999329447746,0.029999999329447746,0.029999999329447746,0,0.0,0.0
2003-03-04 00:00:00-05:00,0.019999999552965164,0.019999999552965164,0.019999999552965164,0.019999999552965164,1700,0.0,0.0
2003-03-05 00:00:00-05:00,0.019999999552965164,0.019999999552965164,0.019999999552965164,0.019999999552965164,0,0.0,0.0
2003-03-06 00:00:00-05:00,0.019999999552965164,0.019999999552965164,0.019999999552965164,0.019999999552965164,0,0.0,0.0
2003-03-07 00:00:00-05:00,0.019999999552965164,0.019999999552965164,0.019999999552965164,0.019999999552965164,0,0.0,0.0
2003-03-10 00:00:00-05:00,0.019999999552965164,0.019999999552965164,0.019999999552965164,0.019999999552965164,5200,0.0,0.0
2003-03-11 00:00:00-05:00,0.01600000075995922,0.01600000075995922,0.01600000075995922,0.01600000075995922,5800,0.0,0.0
2003-03-12 00:00:00-05:00,0.01600000075995922,0.024000000208616257,0.01600000075995922,0.019999999552965164,27100,0.0,0.0
2003-03-13 00:00:00-05:00,0.019999999552965164,0.019999999552965164,0.019999999552965164,0.019999999552965164,15000,0.0,0.0
2003-03-14 00:00:00-05:00,0.019999999552965164,0.019999999552965164,0.019999999552965164,0.019999999552965164,0,0.0,0.0
2003-03-17 00:00:00-05:00,0.02500000037252903,0.02500000037252903,0.019999999552965164,0.019999999552965164,44800,0.0,0.0
2003-03-18 00:00:00-05:00,0.019999999552965164,0.019999999552965164,0.019999999552965164,0.019999999552965164,0,0.0,0.0
2003-03-19 00:00:00-05:00,0.019999999552965164,0.019999999552965164,0.019999999552965164,0.019999999552965164,0,0.0,0.0
2003-03-20 00:00:00-05:00,0.019999999552965164,0.019999999552965164,0.019999999552965164,0.019999999552965164,0,0.0,0.0
2003-03-21 00:00:00-05:00,0.01600000075995922,0.01899999938905239,0.01600000075995922,0.01899999938905239,2200,0.0,0.0
2003-03-24 00:00:00-05:00,0.01899999938905239,0.01899999938905239,0.01899999938905239,0.01899999938905239,0,0.0,0.0
2003-03-25 00:00:00-05:00,0.01899999938905239,0.01899999938905239,0.01899999938905239,0.01899999938905239,0,0.0,0.0
2003-03-26 00:00:00-05:00,0.01899999938905239,0.01899999938905239,0.01899999938905239,0.01899999938905239,0,0.0,0.0
2003-03-27 00:00:00-05:00,0.01899999938905239,0.01899999938905239,0.01899999938905239,0.01899999938905239,0,0.0,0.0
2003-03-28 00:00:00-05:00,0.02500000037252903,0.02500000037252903,0.019999999552965164,0.02500000037252903,63900,0.0,0.0
2003-03-31 00:00:00-05:00,0.019999999552965164,0.019999999552965164,0.014999999664723873,0.019999999552965164,109300,0.0,0.0
2003-04-01 00:00:00-05:00,0.019999999552965164,0.019999999552965164,0.019999999552965164,0.019999999552965164,0,0.0,0.0
2003-04-02 00:00:00-05:00,0.019999999552965164,0.019999999552965164,0.019999999552965164,0.019999999552965164,0,0.0,0.0
2003-04-03 00:00:00-05:00,0.014999999664723873,0.014999999664723873,0.014999999664723873,0.014999999664723873,1000,0.0,0.0
2003-04-04 00:00:00-05:00,0.019999999552965164,0.019999999552965164,0.019999999552965164,0.019999999552965164,29600,0.0,0.0
2003-04-07 00:00:00-04:00,0.014999999664723873,0.014999999664723873,0.014999999664723873,0.014999999664723873,1000,0.0,0.0
2003-04-08 00:00:00-04:00,0.014999999664723873,0.014999999664723873,0.014999999664723873,0.014999999664723873,0,0.0,0.0
2003-04-09 00:00:00-04:00,0.014999999664723873,0.014999999664723873,0.014999999664723873,0.014999999664723873,0,0.0,0.0
2003-04-10 00:00:00-04:00,0.019999999552965164,0.019999999552965164,0.019999999552965164,0.019999999552965164,15500,0.0,0.0
2003-04-11 00:00:00-04:00,0.019999999552965164,0.019999999552965164,0.019999999552965164,0.019999999552965164,0,0.0,0.0
2003-04-14 00:00:00-04:00,0.019999999552965164,0.019999999552965164,0.019999999552965164,0.019999999552965164,0,0.0,0.0
2003-04-15 00:00:00-04:00,0.014999999664723873,0.014999999664723873,0.014999999664723873,0.014999999664723873,100,0.0,0.0
2003-04-16 00:00:00-04:00,0.014999999664723873,0.014999999664723873,0.014999999664723873,0.014999999664723873,0,0.0,0.0
2003-04-17 00:00:00-04:00,0.014999999664723873,0.014999999664723873,0.014999999664723873,0.014999999664723873,1000,0.0,0.0
2003-04-21 00:00:00-04:00,0.019999999552965164,0.019999999552965164,0.019999999552965164,0.019999999552965164,85300,0.0,0.0
2003-04-22 00:00:00-04:00,0.019999999552965164,0.019999999552965164,0.019999999552965164,0.019999999552965164,0,0.0,0.0
2003-04-23 00:00:00-04:00,0.019999999552965164,0.019999999552965164,0.019999999552965164,0.019999999552965164,25400,0.0,0.0
2003-04-24 00:00:00-04:00,0.019999999552965164,0.019999999552965164,0.019999999552965164,0.019999999552965164,0,0.0,0.0
2003-04-25 00:00:00-04:00,0.019999999552965164,0.019999999552965164,0.019999999552965164,0.019999999552965164,0,0.0,0.0
2003-04-28 00:00:00-04:00,0.019999999552965164,0.03999999910593033,0.019999999552965164,0.03999999910593033,68300,0.0,0.0
2003-04-29 00:00:00-04:00,0.03500000014901161,0.05000000074505806,0.03500000014901161,0.05000000074505806,30000,0.0,0.0
2003-04-30 00:00:00-04:00,0.05000000074505806,0.07000000029802322,0.05000000074505806,0.07000000029802322,123200,0.0,0.0
2003-05-01 00:00:00-04:00,0.05999999865889549,0.07000000029802322,0.04500000178813934,0.05000000074505806,86000,0.0,0.0
2003-05-02 00:00:00-04:00,0.05000000074505806,0.05000000074505806,0.05000000074505806,0.05000000074505806,0,0.0,0.0
2003-05-05 00:00:00-04:00,0.05000000074505806,0.05000000074505806,0.05000000074505806,0.05000000074505806,50000,0.0,0.0
2003-05-06 00:00:00-04:00,0.05999999865889549,0.06499999761581421,0.05999999865889549,0.06499999761581421,30000,0.0,0.0
2003-05-07 00:00:00-04:00,0.06499999761581421,0.07000000029802322,0.06499999761581421,0.06499999761581421,31000,0.0,0.0
2003-05-08 00:00:00-04:00,0.054999999701976776,0.054999999701976776,0.054999999701976776,0.054999999701976776,100,0.0,0.0
2003-05-09 00:00:00-04:00,0.07000000029802322,0.23000000417232513,0.06700000166893005,0.15000000596046448,464300,0.0,0.0
2003-05-12 00:00:00-04:00,0.14000000059604645,0.1899999976158142,0.10999999940395355,0.10999999940395355,231100,0.0,0.0
2003-05-13 00:00:00-04:00,0.14000000059604645,0.14000000059604645,0.10999999940395355,0.10999999940395355,166000,0.0,0.0
2003-05-14 00:00:00-04:00,0.10000000149011612,0.10000000149011612,0.07999999821186066,0.09000000357627869,88800,0.0,0.0
2003-05-15 00:00:00-04:00,0.09000000357627869,0.09000000357627869,0.05999999865889549,0.07999999821186066,175200,0.0,0.0
2003-05-16 00:00:00-04:00,0.05999999865889549,0.07000000029802322,0.05999999865889549,0.07000000029802322,35000,0.0,0.0
2003-05-19 00:00:00-04:00,0.07000000029802322,0.07000000029802322,0.03999999910593033,0.04500000178813934,81900,0.0,0.0
2003-05-20 00:00:00-04:00,0.05000000074505806,0.054999999701976776,0.03500000014901161,0.03500000014901161,108700,0.0,0.0
2003-05-21 00:00:00-04:00,0.03500000014901161,0.03500000014901161,0.03500000014901161,0.03500000014901161,0,0.0,0.0
2003-05-22 00:00:00-04:00,0.03500000014901161,0.03500000014901161,0.03500000014901161,0.03500000014901161,6900,0.0,0.0
2003-05-23 00:00:00-04:00,0.03999999910593033,0.054999999701976776,0.03999999910593033,0.054999999701976776,39000,0.0,0.0
2003-05-27 00:00:00-04:00,0.054999999701976776,0.08699999749660492,0.05000000074505806,0.07999999821186066,164200,0.0,0.0
2003-05-28 00:00:00-04:00,0.07999999821186066,0.09000000357627869,0.05999999865889549,0.07999999821186066,43700,0.0,0.0
2003-05-29 00:00:00-04:00,0.05999999865889549,0.07000000029802322,0.05999999865889549,0.07000000029802322,40300,0.0,0.0
2003-05-30 00:00:00-04:00,0.07000000029802322,0.07000000029802322,0.07000000029802322,0.07000000029802322,0,0.0,0.0
2003-06-02 00:00:00-04:00,0.05999999865889549,0.05999999865889549,0.05999999865889549,0.05999999865889549,10000,0.0,0.0
2003-06-03 00:00:00-04:00,0.05000000074505806,0.050999999046325684,0.03500000014901161,0.03500000014901161,69500,0.0,0.0
2003-06-04 00:00:00-04:00,0.03500000014901161,0.03500000014901161,0.03500000014901161,0.03500000014901161,0,0.0,0.0
2003-06-05 00:00:00-04:00,0.03500000014901161,0.03999999910593033,0.03500000014901161,0.03999999910593033,2000,0.0,0.0
2003-06-06 00:00:00-04:00,0.05000000074505806,0.05000000074505806,0.05000000074505806,0.05000000074505806,2000,0.0,0.0
2003-06-09 00:00:00-04:00,0.05000000074505806,0.05000000074505806,0.05000000074505806,0.05000000074505806,0,0.0,0.0
2003-06-10 00:00:00-04:00,0.05000000074505806,0.05000000074505806,0.05000000074505806,0.05000000074505806,2000,0.0,0.0
2003-06-11 00:00:00-04:00,0.05000000074505806,0.05000000074505806,0.05000000074505806,0.05000000074505806,0,0.0,0.0
2003-06-12 00:00:00-04:00,0.05000000074505806,0.07000000029802322,0.05000000074505806,0.07000000029802322,86000,0.0,0.0
2003-06-13 00:00:00-04:00,0.05999999865889549,0.05999999865889549,0.05999999865889549,0.05999999865889549,10000,0.0,0.0
2003-06-16 00:00:00-04:00,0.05999999865889549,0.05999999865889549,0.05999999865889549,0.05999999865889549,0,0.0,0.0
2003-06-17 00:00:00-04:00,0.05999999865889549,0.05999999865889549,0.05999999865889549,0.05999999865889549,9500,0.0,0.0
2003-06-18 00:00:00-04:00,0.05999999865889549,0.05999999865889549,0.05999999865889549,0.05999999865889549,1800,0.0,0.0
2003-06-19 00:00:00-04:00,0.05999999865889549,0.05999999865889549,0.05999999865889549,0.05999999865889549,5000,0.0,0.0
2003-06-20 00:00:00-04:00,0.05999999865889549,0.05999999865889549,0.05000000074505806,0.05000000074505806,11000,0.0,0.0
2003-06-23 00:00:00-04:00,0.04500000178813934,0.04500000178813934,0.04500000178813934,0.04500000178813934,300,0.0,0.0
2003-06-24 00:00:00-04:00,0.04500000178813934,0.04500000178813934,0.04500000178813934,0.04500000178813934,0,0.0,0.0
2003-06-25 00:00:00-04:00,0.04500000178813934,0.04500000178813934,0.04500000178813934,0.04500000178813934,0,0.0,0.0
2003-06-26 00:00:00-04:00,0.04500000178813934,0.04500000178813934,0.04500000178813934,0.04500000178813934,0,0.0,0.0
2003-06-27 00:00:00-04:00,0.04500000178813934,0.04500000178813934,0.04500000178813934,0.04500000178813934,0,0.0,0.0
2003-06-30 00:00:00-04:00,0.04500000178813934,0.05000000074505806,0.03999999910593033,0.04699999839067459,67000,0.0,0.0
2003-07-01 00:00:00-04:00,0.04699999839067459,0.04699999839067459,0.04699999839067459,0.04699999839067459,0,0.0,0.0
2003-07-02 00:00:00-04:00,0.04699999839067459,0.04699999839067459,0.04699999839067459,0.04699999839067459,0,0.0,0.0
2003-07-03 00:00:00-04:00,0.03999999910593033,0.03999999910593033,0.03999999910593033,0.03999999910593033,1000,0.0,0.0
2003-07-07 00:00:00-04:00,0.05000000074505806,0.05000000074505806,0.03999999910593033,0.04500000178813934,13000,0.0,0.0
2003-07-08 00:00:00-04:00,0.04500000178813934,0.04500000178813934,0.04500000178813934,0.04500000178813934,0,0.0,0.0
2003-07-09 00:00:00-04:00,0.05000000074505806,0.05999999865889549,0.05000000074505806,0.05999999865889549,29000,0.0,0.0
2003-07-10 00:00:00-04:00,0.05999999865889549,0.05999999865889549,0.05999999865889549,0.05999999865889549,0,0.0,0.0
2003-07-11 00:00:00-04:00,0.05999999865889549,0.05999999865889549,0.05999999865889549,0.05999999865889549,0,0.0,0.0
2003-07-14 00:00:00-04:00,0.05999999865889549,0.05999999865889549,0.05999999865889549,0.05999999865889549,17200,0.0,0.0
2003-07-15 00:00:00-04:00,0.05000000074505806,0.05000000074505806,0.05000000074505806,0.05000000074505806,200,0.0,0.0
2003-07-16 00:00:00-04:00,0.05000000074505806,0.061000000685453415,0.05000000074505806,0.061000000685453415,13500,0.0,0.0
2003-07-17 00:00:00-04:00,0.07000000029802322,0.07000000029802322,0.05999999865889549,0.05999999865889549,32500,0.0,0.0
2003-07-18 00:00:00-04:00,0.05999999865889549,0.05999999865889549,0.05999999865889549,0.05999999865889549,11000,0.0,0.0
2003-07-21 00:00:00-04:00,0.05000000074505806,0.05000000074505806,0.05000000074505806,0.05000000074505806,500,0.0,0.0
2003-07-22 00:00:00-04:00,0.05000000074505806,0.05000000074505806,0.05000000074505806,0.05000000074505806,0,0.0,0.0
2003-07-23 00:00:00-04:00,0.050999999046325684,0.050999999046325684,0.05000000074505806,0.05000000074505806,15600,0.0,0.0
2003-07-24 00:00:00-04:00,0.05000000074505806,0.05000000074505806,0.05000000074505806,0.05000000074505806,0,0.0,0.0
2003-07-25 00:00:00-04:00,0.05000000074505806,0.05000000074505806,0.05000000074505806,0.05000000074505806,12000,0.0,0.0
2003-07-28 00:00:00-04:00,0.05000000074505806,0.05000000074505806,0.05000000074505806,0.05000000074505806,0,0.0,0.0
2003-07-29 00:00:00-04:00,0.05000000074505806,0.05000000074505806,0.05000000074505806,0.05000000074505806,0,0.0,0.0
2003-07-30 00:00:00-04:00,0.05000000074505806,0.05000000074505806,0.05000000074505806,0.05000000074505806,0,0.0,0.0
2003-07-31 00:00:00-04:00,0.05000000074505806,0.05000000074505806,0.04500000178813934,0.05000000074505806,21300,0.0,0.0
2003-08-01 00:00:00-04:00,0.07000000029802322,0.07000000029802322,0.07000000029802322,0.07000000029802322,6000,0.0,0.0
2003-08-04 00:00:00-04:00,0.07000000029802322,0.07000000029802322,0.07000000029802322,0.07000000029802322,5000,0.0,0.0
2003-08-05 00:00:00-04:00,0.05000000074505806,0.09000000357627869,0.05000000074505806,0.09000000357627869,4700,0.0,0.0
2003-08-06 00:00:00-04:00,0.05000000074505806,0.05000000074505806,0.05000000074505806,0.05000000074505806,5000,0.0,0.0
2003-08-07 00:00:00-04:00,0.05000000074505806,0.05000000074505806,0.05000000074505806,0.05000000074505806,0,0.0,0.0
2003-08-08 00:00:00-04:00,0.05000000074505806,0.05000000074505806,0.05000000074505806,0.05000000074505806,0,0.0,0.0
2003-08-11 00:00:00-04:00,0.05000000074505806,0.05000000074505806,0.05000000074505806,0.05000000074505806,5000,0.0,0.0
2003-08-12 00:00:00-04:00,0.05000000074505806,0.05000000074505806,0.05000000074505806,0.05000000074505806,10000,0.0,0.0
2003-08-13 00:00:00-04:00,0.05000000074505806,0.05000000074505806,0.05000000074505806,0.05000000074505806,8500,0.0,0.0
2003-08-14 00:00:00-04:00,0.05000000074505806,0.05000000074505806,0.05000000074505806,0.05000000074505806,0,0.0,0.0
2003-08-15 00:00:00-04:00,0.05000000074505806,0.05000000074505806,0.05000000074505806,0.05000000074505806,0,0.0,0.0
2003-08-18 00:00:00-04:00,0.05000000074505806,0.05000000074505806,0.05000000074505806,0.05000000074505806,0,0.0,0.0
2003-08-19 00:00:00-04:00,0.05000000074505806,0.05000000074505806,0.05000000074505806,0.05000000074505806,0,0.0,0.0
2003-08-20 00:00:00-04:00,0.05000000074505806,0.05000000074505806,0.05000000074505806,0.05000000074505806,0,0.0,0.0
2003-08-21 00:00:00-04:00,0.05000000074505806,0.05000000074505806,0.05000000074505806,0.05000000074505806,0,0.0,0.0
2003-08-22 00:00:00-04:00,0.054999999701976776,0.054999999701976776,0.054999999701976776,0.054999999701976776,9100,0.0,0.0
2003-08-25 00:00:00-04:00,0.05999999865889549,0.05999999865889549,0.05999999865889549,0.05999999865889549,17000,0.0,0.0
2003-08-26 00:00:00-04:00,0.05000000074505806,0.05000000074505806,0.05000000074505806,0.05000000074505806,10000,0.0,0.0
2003-08-27 00:00:00-04:00,0.05000000074505806,0.05000000074505806,0.05000000074505806,0.05000000074505806,0,0.0,0.0
2003-08-28 00:00:00-04:00,0.05000000074505806,0.05000000074505806,0.05000000074505806,0.05000000074505806,0,0.0,0.0
2003-08-29 00:00:00-04:00,0.05000000074505806,0.05000000074505806,0.05000000074505806,0.05000000074505806,11000,0.0,0.0
2003-09-02 00:00:00-04:00,0.05000000074505806,0.05000000074505806,0.05000000074505806,0.05000000074505806,5000,0.0,0.0
2003-09-03 00:00:00-04:00,0.03999999910593033,0.04500000178813934,0.03999999910593033,0.04500000178813934,22000,0.0,0.0
2003-09-04 00:00:00-04:00,0.04500000178813934,0.04500000178813934,0.04500000178813934,0.04500000178813934,0,0.0,0.0
2003-09-05 00:00:00-04:00,0.04500000178813934,0.04500000178813934,0.04500000178813934,0.04500000178813934,200,0.0,0.0
2003-09-08 00:00:00-04:00,0.04500000178813934,0.04500000178813934,0.04500000178813934,0.04500000178813934,0,0.0,0.0
2003-09-09 00:00:00-04:00,0.04500000178813934,0.04500000178813934,0.04500000178813934,0.04500000178813934,0,0.0,0.0
2003-09-10 00:00:00-04:00,0.04500000178813934,0.04500000178813934,0.04500000178813934,0.04500000178813934,0,0.0,0.0
2003-09-11 00:00:00-04:00,0.04500000178813934,0.04500000178813934,0.04500000178813934,0.04500000178813934,0,0.0,0.0
2003-09-12 00:00:00-04:00,0.04500000178813934,0.04500000178813934,0.04500000178813934,0.04500000178813934,300,0.0,0.0
2003-09-15 00:00:00-04:00,0.054999999701976776,0.054999999701976776,0.05000000074505806,0.05000000074505806,25000,0.0,0.0
2003-09-16 00:00:00-04:00,0.05000000074505806,0.05000000074505806,0.05000000074505806,0.05000000074505806,400,0.0,0.0
2003-09-17 00:00:00-04:00,0.05000000074505806,0.05000000074505806,0.05000000074505806,0.05000000074505806,12500,0.0,0.0
2003-09-18 00:00:00-04:00,0.05000000074505806,0.05000000074505806,0.05000000074505806,0.05000000074505806,0,0.0,0.0
2003-09-19 00:00:00-04:00,0.05000000074505806,0.05000000074505806,0.05000000074505806,0.05000000074505806,0,0.0,0.0
2003-09-22 00:00:00-04:00,0.03999999910593033,0.03999999910593033,0.03999999910593033,0.03999999910593033,5500,0.0,0.0
2003-09-23 00:00:00-04:00,0.03999999910593033,0.03999999910593033,0.03999999910593033,0.03999999910593033,0,0.0,0.0
2003-09-24 00:00:00-04:00,0.03999999910593033,0.03999999910593033,0.03999999910593033,0.03999999910593033,0,0.0,0.0
2003-09-25 00:00:00-04:00,0.03999999910593033,0.03999999910593033,0.03999999910593033,0.03999999910593033,0,0.0,0.0
2003-09-26 00:00:00-04:00,0.03999999910593033,0.03999999910593033,0.03999999910593033,0.03999999910593033,0,0.0,0.0
2003-09-29 00:00:00-04:00,0.03999999910593033,0.03999999910593033,0.03999999910593033,0.03999999910593033,0,0.0,0.0
2003-09-30 00:00:00-04:00,0.03999999910593033,0.03999999910593033,0.03999999910593033,0.03999999910593033,0,0.0,0.0
2003-10-01 00:00:00-04:00,0.03999999910593033,0.05000000074505806,0.03999999910593033,0.03999999910593033,31000,0.0,0.0
2003-10-02 00:00:00-04:00,0.03999999910593033,0.03999999910593033,0.03999999910593033,0.03999999910593033,0,0.0,0.0
2003-10-03 00:00:00-04:00,0.03999999910593033,0.03999999910593033,0.03999999910593033,0.03999999910593033,0,0.0,0.0
2003-10-06 00:00:00-04:00,0.03999999910593033,0.03999999910593033,0.03999999910593033,0.03999999910593033,0,0.0,0.0
2003-10-07 00:00:00-04:00,0.03999999910593033,0.03999999910593033,0.03999999910593033,0.03999999910593033,0,0.0,0.0
2003-10-08 00:00:00-04:00,0.03999999910593033,0.03999999910593033,0.03999999910593033,0.03999999910593033,5000,0.0,0.0
2003-10-09 00:00:00-04:00,0.03999999910593033,0.03999999910593033,0.03999999910593033,0.03999999910593033,0,0.0,0.0
2003-10-10 00:00:00-04:00,0.03999999910593033,0.03999999910593033,0.03999999910593033,0.03999999910593033,3000,0.0,0.0
2003-10-13 00:00:00-04:00,0.03999999910593033,0.03999999910593033,0.03999999910593033,0.03999999910593033,0,0.0,0.0
2003-10-14 00:00:00-04:00,0.03999999910593033,0.03999999910593033,0.03999999910593033,0.03999999910593033,0,0.0,0.0
2003-10-15 00:00:00-04:00,0.03999999910593033,0.03999999910593033,0.03999999910593033,0.03999999910593033,0,0.0,0.0
2003-10-16 00:00:00-04:00,0.03999999910593033,0.03999999910593033,0.03999999910593033,0.03999999910593033,0,0.0,0.0
2003-10-17 00:00:00-04:00,0.03999999910593033,0.03999999910593033,0.03999999910593033,0.03999999910593033,0,0.0,0.0
2003-10-20 00:00:00-04:00,0.03999999910593033,0.03999999910593033,0.03999999910593033,0.03999999910593033,0,0.0,0.0
2003-10-21 00:00:00-04:00,0.03999999910593033,0.03999999910593033,0.03999999910593033,0.03999999910593033,5000,0.0,0.0
2003-10-22 00:00:00-04:00,0.03999999910593033,0.03999999910593033,0.03999999910593033,0.03999999910593033,0,0.0,0.0
2003-10-23 00:00:00-04:00,0.03999999910593033,0.03999999910593033,0.03999999910593033,0.03999999910593033,0,0.0,0.0
2003-10-24 00:00:00-04:00,0.03999999910593033,0.03999999910593033,0.03999999910593033,0.03999999910593033,0,0.0,0.0
2003-10-27 00:00:00-05:00,0.03999999910593033,0.03999999910593033,0.03999999910593033,0.03999999910593033,0,0.0,0.0
2003-10-28 00:00:00-05:00,0.03999999910593033,0.03999999910593033,0.03999999910593033,0.03999999910593033,0,0.0,0.0
2003-10-29 00:00:00-05:00,0.03999999910593033,0.04600000008940697,0.03999999910593033,0.04600000008940697,13500,0.0,0.0
2003-10-30 00:00:00-05:00,0.03500000014901161,0.04600000008940697,0.03500000014901161,0.04600000008940697,19500,0.0,0.0
2003-10-31 00:00:00-05:00,0.04500000178813934,0.04600000008940697,0.03999999910593033,0.03999999910593033,53000,0.0,0.0
2003-11-03 00:00:00-05:00,0.03999999910593033,0.03999999910593033,0.03999999910593033,0.03999999910593033,0,0.0,0.0
2003-11-04 00:00:00-05:00,0.03999999910593033,0.03999999910593033,0.03999999910593033,0.03999999910593033,0,0.0,0.0
2003-11-05 00:00:00-05:00,0.03999999910593033,0.03999999910593033,0.03999999910593033,0.03999999910593033,0,0.0,0.0
2003-11-06 00:00:00-05:00,0.03999999910593033,0.03999999910593033,0.03999999910593033,0.03999999910593033,0,0.0,0.0
2003-11-07 00:00:00-05:00,0.03999999910593033,0.03999999910593033,0.03999999910593033,0.03999999910593033,0,0.0,0.0
2003-11-10 00:00:00-05:00,0.03999999910593033,0.03999999910593033,0.03999999910593033,0.03999999910593033,0,0.0,0.0
2003-11-11 00:00:00-05:00,0.04500000178813934,0.04500000178813934,0.04500000178813934,0.04500000178813934,500,0.0,0.0
2003-11-12 00:00:00-05:00,0.04500000178813934,0.04500000178813934,0.04500000178813934,0.04500000178813934,0,0.0,0.0
2003-11-13 00:00:00-05:00,0.04500000178813934,0.04500000178813934,0.04500000178813934,0.04500000178813934,0,0.0,0.0
2003-11-14 00:00:00-05:00,0.04500000178813934,0.04500000178813934,0.03999999910593033,0.03999999910593033,15000,0.0,0.0
2003-11-17 00:00:00-05:00,0.03999999910593033,0.03999999910593033,0.03999999910593033,0.03999999910593033,10000,0.0,0.0
2003-11-18 00:00:00-05:00,0.03999999910593033,0.03999999910593033,0.03999999910593033,0.03999999910593033,0,0.0,0.0
2003-11-19 00:00:00-05:00,0.03999999910593033,0.03999999910593033,0.03999999910593033,0.03999999910593033,11500,0.0,0.0
2003-11-20 00:00:00-05:00,0.03999999910593033,0.03999999910593033,0.03999999910593033,0.03999999910593033,0,0.0,0.0
2003-11-21 00:00:00-05:00,0.05000000074505806,0.05000000074505806,0.05000000074505806,0.05000000074505806,5000,0.0,0.0
2003-11-24 00:00:00-05:00,0.03999999910593033,0.05000000074505806,0.03999999910593033,0.05000000074505806,42000,0.0,0.0
2003-11-25 00:00:00-05:00,0.03999999910593033,0.03999999910593033,0.03999999910593033,0.03999999910593033,3000,0.0,0.0
2003-11-26 00:00:00-05:00,0.03999999910593033,0.03999999910593033,0.03999999910593033,0.03999999910593033,10000,0.0,0.0
2003-11-28 00:00:00-05:00,0.03999999910593033,0.03999999910593033,0.03999999910593033,0.03999999910593033,0,0.0,0.0
2003-12-01 00:00:00-05:00,0.03999999910593033,0.03999999910593033,0.03999999910593033,0.03999999910593033,200,0.0,0.0
2003-12-02 00:00:00-05:00,0.03999999910593033,0.03999999910593033,0.03999999910593033,0.03999999910593033,20000,0.0,0.0
2003-12-03 00:00:00-05:00,0.03999999910593033,0.03999999910593033,0.03999999910593033,0.03999999910593033,0,0.0,0.0
2003-12-04 00:00:00-05:00,0.03999999910593033,0.03999999910593033,0.03999999910593033,0.03999999910593033,0,0.0,0.0
2003-12-05 00:00:00-05:00,0.03999999910593033,0.03999999910593033,0.03999999910593033,0.03999999910593033,0,0.0,0.0
2003-12-08 00:00:00-05:00,0.03999999910593033,0.03999999910593033,0.03999999910593033,0.03999999910593033,0,0.0,0.0
2003-12-09 00:00:00-05:00,0.03999999910593033,0.03999999910593033,0.03999999910593033,0.03999999910593033,0,0.0,0.0
2003-12-10 00:00:00-05:00,0.03999999910593033,0.03999999910593033,0.03999999910593033,0.03999999910593033,0,0.0,0.0
2003-12-11 00:00:00-05:00,0.03999999910593033,0.05000000074505806,0.03999999910593033,0.05000000074505806,37500,0.0,0.0
2003-12-12 00:00:00-05:00,0.05000000074505806,0.05000000074505806,0.05000000074505806,0.05000000074505806,0,0.0,0.0
2003-12-15 00:00:00-05:00,0.03999999910593033,0.03999999910593033,0.03999999910593033,0.03999999910593033,10000,0.0,0.0
2003-12-16 00:00:00-05:00,0.03999999910593033,0.04100000113248825,0.03999999910593033,0.03999999910593033,35000,0.0,0.0
2003-12-17 00:00:00-05:00,0.03999999910593033,0.03999999910593033,0.03999999910593033,0.03999999910593033,0,0.0,0.0
2003-12-18 00:00:00-05:00,0.03999999910593033,0.03999999910593033,0.03999999910593033,0.03999999910593033,900,0.0,0.0
2003-12-19 00:00:00-05:00,0.03999999910593033,0.03999999910593033,0.03999999910593033,0.03999999910593033,0,0.0,0.0
2003-12-22 00:00:00-05:00,0.03999999910593033,0.05000000074505806,0.03999999910593033,0.05000000074505806,5500,0.0,0.0
2003-12-23 00:00:00-05:00,0.05000000074505806,0.05000000074505806,0.05000000074505806,0.05000000074505806,0,0.0,0.0
2003-12-24 00:00:00-05:00,0.05000000074505806,0.05000000074505806,0.05000000074505806,0.05000000074505806,0,0.0,0.0
2003-12-26 00:00:00-05:00,0.05000000074505806,0.05000000074505806,0.05000000074505806,0.05000000074505806,0,0.0,0.0
2003-12-29 00:00:00-05:00,0.03999999910593033,0.054999999701976776,0.03999999910593033,0.054999999701976776,11800,0.0,0.0
2003-12-30 00:00:00-05:00,0.03999999910593033,0.054999999701976776,0.03999999910593033,0.03999999910593033,48200,0.0,0.0
2003-12-31 00:00:00-05:00,0.03999999910593033,0.03999999910593033,0.03999999910593033,0.03999999910593033,13100,0.0,0.0
2004-01-02 00:00:00-05:00,0.03999999910593033,0.05000000074505806,0.03999999910593033,0.03999999910593033,16500,0.0,0.0
2004-01-05 00:00:00-05:00,0.04500000178813934,0.04500000178813934,0.04500000178813934,0.04500000178813934,6600,0.0,0.0
2004-01-06 00:00:00-05:00,0.04500000178813934,0.04500000178813934,0.04500000178813934,0.04500000178813934,0,0.0,0.0
2004-01-07 00:00:00-05:00,0.04500000178813934,0.04500000178813934,0.04100000113248825,0.04100000113248825,58000,0.0,0.0
2004-01-08 00:00:00-05:00,0.03999999910593033,0.03999999910593033,0.03500000014901161,0.03500000014901161,55000,0.0,0.0
2004-01-09 00:00:00-05:00,0.03999999910593033,0.03999999910593033,0.03999999910593033,0.03999999910593033,0,0.0,0.0
2004-01-12 00:00:00-05:00,0.03500000014901161,0.035999998450279236,0.03500000014901161,0.035999998450279236,500,0.0,0.0
2004-01-13 00:00:00-05:00,0.035999998450279236,0.035999998450279236,0.035999998450279236,0.035999998450279236,0,0.0,0.0
2004-01-14 00:00:00-05:00,0.04500000178813934,0.05000000074505806,0.04500000178813934,0.04500000178813934,37000,0.0,0.0
2004-01-15 00:00:00-05:00,0.04500000178813934,0.04500000178813934,0.04500000178813934,0.04500000178813934,0,0.0,0.0
2004-01-16 00:00:00-05:00,0.05000000074505806,0.05000000074505806,0.04500000178813934,0.04500000178813934,6000,0.0,0.0
2004-01-20 00:00:00-05:00,0.05000000074505806,0.05999999865889549,0.04500000178813934,0.05999999865889549,122700,0.0,0.0
2004-01-21 00:00:00-05:00,0.07000000029802322,0.07999999821186066,0.07000000029802322,0.07999999821186066,22000,0.0,0.0
2004-01-22 00:00:00-05:00,0.05999999865889549,0.06499999761581421,0.05999999865889549,0.06499999761581421,5400,0.0,0.0
2004-01-23 00:00:00-05:00,0.09000000357627869,0.20000000298023224,0.09000000357627869,0.1599999964237213,371500,0.0,0.0
2004-01-26 00:00:00-05:00,0.15000000596046448,0.1599999964237213,0.07999999821186066,0.11999999731779099,237300,0.0,0.0
2004-01-27 00:00:00-05:00,0.05999999865889549,0.10000000149011612,0.05999999865889549,0.10000000149011612,109000,0.0,0.0
2004-01-28 00:00:00-05:00,0.10999999940395355,0.11999999731779099,0.10999999940395355,0.11999999731779099,32700,0.0,0.0
2004-01-29 00:00:00-05:00,0.10999999940395355,0.11999999731779099,0.10999999940395355,0.11999999731779099,30300,0.0,0.0
2004-01-30 00:00:00-05:00,0.10999999940395355,0.11999999731779099,0.10999999940395355,0.10999999940395355,30400,0.0,0.0
2004-02-02 00:00:00-05:00,0.10999999940395355,0.11999999731779099,0.10999999940395355,0.10999999940395355,14500,0.0,0.0
2004-02-03 00:00:00-05:00,0.11999999731779099,0.12999999523162842,0.11999999731779099,0.12999999523162842,11700,0.0,0.0
2004-02-04 00:00:00-05:00,0.14000000059604645,0.1899999976158142,0.11999999731779099,0.1899999976158142,123800,0.0,0.0
2004-02-05 00:00:00-05:00,0.1899999976158142,0.25,0.15000000596046448,0.23999999463558197,530600,0.0,0.0
2004-02-06 00:00:00-05:00,0.20999999344348907,0.2199999988079071,0.15000000596046448,0.17000000178813934,324600,0.0,0.0
2004-02-09 00:00:00-05:00,0.18000000715255737,0.18000000715255737,0.15000000596046448,0.1599999964237213,54000,0.0,0.0
2004-02-10 00:00:00-05:00,0.17000000178813934,0.2199999988079071,0.17000000178813934,0.20999999344348907,173000,0.0,0.0
2004-02-11 00:00:00-05:00,0.20999999344348907,0.20999999344348907,0.20999999344348907,0.20999999344348907,0,0.0,0.0
2004-02-12 00:00:00-05:00,0.25,0.25,0.1550000011920929,0.1550000011920929,25000,0.0,0.0
2004-02-13 00:00:00-05:00,0.25,0.25,0.1599999964237213,0.1599999964237213,8700,0.0,0.0
2004-02-17 00:00:00-05:00,0.2199999988079071,0.24500000476837158,0.20000000298023224,0.23000000417232513,102100,0.0,0.0
2004-02-18 00:00:00-05:00,0.23999999463558197,0.23999999463558197,0.1550000011920929,0.18000000715255737,55100,0.0,0.0
2004-02-19 00:00:00-05:00,0.22499999403953552,0.22499999403953552,0.17000000178813934,0.17000000178813934,30500,0.0,0.0
2004-02-20 00:00:00-05:00,0.17000000178813934,0.17000000178813934,0.17000000178813934,0.17000000178813934,0,0.0,0.0
2004-02-23 00:00:00-05:00,0.1899999976158142,0.23000000417232513,0.18000000715255737,0.18000000715255737,136200,0.0,0.0
2004-02-24 00:00:00-05:00,0.18000000715255737,0.1899999976158142,0.1599999964237213,0.1599999964237213,16000,0.0,0.0
2004-02-25 00:00:00-05:00,0.1599999964237213,0.1599999964237213,0.1599999964237213,0.1599999964237213,0,0.0,0.0
2004-02-26 00:00:00-05:00,0.1899999976158142,0.1899999976158142,0.15000000596046448,0.15000000596046448,13000,0.0,0.0
2004-02-27 00:00:00-05:00,0.1599999964237213,0.17000000178813934,0.11999999731779099,0.15000000596046448,229500,0.0,0.0
2004-03-01 00:00:00-05:00,0.17499999701976776,0.1850000023841858,0.1599999964237213,0.1850000023841858,28000,0.0,0.0
2004-03-02 00:00:00-05:00,0.18000000715255737,0.18000000715255737,0.1599999964237213,0.1599999964237213,26000,0.0,0.0
2004-03-03 00:00:00-05:00,0.17000000178813934,0.17000000178813934,0.17000000178813934,0.17000000178813934,30000,0.0,0.0
2004-03-04 00:00:00-05:00,0.14000000059604645,0.15000000596046448,0.14000000059604645,0.14000000059604645,10400,0.0,0.0
2004-03-05 00:00:00-05:00,0.1599999964237213,0.1599999964237213,0.14000000059604645,0.15000000596046448,20000,0.0,0.0
2004-03-08 00:00:00-05:00,0.14000000059604645,0.1850000023841858,0.14000000059604645,0.18000000715255737,57000,0.0,0.0
2004-03-09 00:00:00-05:00,0.18000000715255737,0.23000000417232513,0.18000000715255737,0.1899999976158142,26400,0.0,0.0
2004-03-10 00:00:00-05:00,0.18000000715255737,0.1899999976158142,0.18000000715255737,0.1899999976158142,10000,0.0,0.0
2004-03-11 00:00:00-05:00,0.23000000417232513,0.23000000417232513,0.18000000715255737,0.1899999976158142,76600,0.0,0.0
2004-03-12 00:00:00-05:00,0.1899999976158142,0.1899999976158142,0.1899999976158142,0.1899999976158142,0,0.0,0.0
2004-03-15 00:00:00-05:00,0.18000000715255737,0.1899999976158142,0.12999999523162842,0.1899999976158142,83500,0.0,0.0
2004-03-16 00:00:00-05:00,0.18000000715255737,0.1899999976158142,0.18000000715255737,0.1899999976158142,67000,0.0,0.0
2004-03-17 00:00:00-05:00,0.20000000298023224,0.20000000298023224,0.17000000178813934,0.17000000178813934,22400,0.0,0.0
2004-03-18 00:00:00-05:00,0.1899999976158142,0.1899999976158142,0.18000000715255737,0.18000000715255737,3000,0.0,0.0
2004-03-19 00:00:00-05:00,0.12999999523162842,0.1899999976158142,0.12999999523162842,0.1899999976158142,4000,0.0,0.0
2004-03-22 00:00:00-05:00,0.1899999976158142,0.1899999976158142,0.18000000715255737,0.1899999976158142,9000,0.0,0.0
2004-03-23 00:00:00-05:00,0.1899999976158142,0.1899999976158142,0.15000000596046448,0.1899999976158142,3300,0.0,0.0
2004-03-24 00:00:00-05:00,0.15000000596046448,0.1899999976158142,0.15000000596046448,0.1899999976158142,6000,0.0,0.0
2004-03-25 00:00:00-05:00,0.1899999976158142,0.1899999976158142,0.1899999976158142,0.1899999976158142,0,0.0,0.0
2004-03-26 00:00:00-05:00,0.1899999976158142,0.1899999976158142,0.1899999976158142,0.1899999976158142,0,0.0,0.0
2004-03-29 00:00:00-05:00,0.1899999976158142,0.1899999976158142,0.15000000596046448,0.18000000715255737,21300,0.0,0.0
2004-03-30 00:00:00-05:00,0.18000000715255737,0.18000000715255737,0.18000000715255737,0.18000000715255737,0,0.0,0.0
2004-03-31 00:00:00-05:00,0.13500000536441803,0.13500000536441803,0.13500000536441803,0.13500000536441803,3000,0.0,0.0
2004-04-01 00:00:00-05:00,0.13500000536441803,0.13500000536441803,0.13500000536441803,0.13500000536441803,0,0.0,0.0
2004-04-02 00:00:00-05:00,0.1899999976158142,0.1899999976158142,0.1899999976158142,0.1899999976158142,1000,0.0,0.0
2004-04-05 00:00:00-04:00,0.14000000059604645,0.14000000059604645,0.14000000059604645,0.14000000059604645,5000,0.0,0.0
2004-04-06 00:00:00-04:00,0.14000000059604645,0.14000000059604645,0.14000000059604645,0.14000000059604645,0,0.0,0.0
2004-04-07 00:00:00-04:00,0.14000000059604645,0.17000000178813934,0.13500000536441803,0.17000000178813934,50100,0.0,0.0
2004-04-08 00:00:00-04:00,0.17000000178813934,0.17000000178813934,0.17000000178813934,0.17000000178813934,1000,0.0,0.0
2004-04-12 00:00:00-04:00,0.13500000536441803,0.17000000178813934,0.13500000536441803,0.17000000178813934,31000,0.0,0.0
2004-04-13 00:00:00-04:00,0.17000000178813934,0.17000000178813934,0.17000000178813934,0.17000000178813934,0,0.0,0.0
2004-04-14 00:00:00-04:00,0.14000000059604645,0.15000000596046448,0.13500000536441803,0.15000000596046448,41000,0.0,0.0
2004-04-15 00:00:00-04:00,0.13500000536441803,0.15000000596046448,0.13500000536441803,0.15000000596046448,7000,0.0,0.0
2004-04-16 00:00:00-04:00,0.15000000596046448,0.15000000596046448,0.13500000536441803,0.13500000536441803,5800,0.0,0.0
2004-04-19 00:00:00-04:00,0.13500000536441803,0.13500000536441803,0.13500000536441803,0.13500000536441803,0,0.0,0.0
2004-04-20 00:00:00-04:00,0.14000000059604645,0.15000000596046448,0.13500000536441803,0.13500000536441803,114300,0.0,0.0
2004-04-21 00:00:00-04:00,0.13500000536441803,0.14000000059604645,0.12999999523162842,0.13500000536441803,204000,0.0,0.0
2004-04-22 00:00:00-04:00,0.15000000596046448,0.15000000596046448,0.15000000596046448,0.15000000596046448,4000,0.0,0.0
2004-04-23 00:00:00-04:00,0.15000000596046448,0.15000000596046448,0.15000000596046448,0.15000000596046448,0,0.0,0.0
2004-04-26 00:00:00-04:00,0.15000000596046448,0.15000000596046448,0.15000000596046448,0.15000000596046448,0,0.0,0.0
2004-04-27 00:00:00-04:00,0.18000000715255737,0.18000000715255737,0.15000000596046448,0.15000000596046448,6000,0.0,0.0
2004-04-28 00:00:00-04:00,0.15000000596046448,0.15000000596046448,0.15000000596046448,0.15000000596046448,0,0.0,0.0
2004-04-29 00:00:00-04:00,0.14000000059604645,0.15000000596046448,0.14000000059604645,0.15000000596046448,19000,0.0,0.0
2004-04-30 00:00:00-04:00,0.15000000596046448,0.15000000596046448,0.15000000596046448,0.15000000596046448,0,0.0,0.0
2004-05-03 00:00:00-04:00,0.15000000596046448,0.15000000596046448,0.15000000596046448,0.15000000596046448,0,0.0,0.0
2004-05-04 00:00:00-04:00,0.1599999964237213,0.1599999964237213,0.14000000059604645,0.15000000596046448,26300,0.0,0.0
2004-05-05 00:00:00-04:00,0.1599999964237213,0.1599999964237213,0.12999999523162842,0.15000000596046448,5500,0.0,0.0
2004-05-06 00:00:00-04:00,0.15000000596046448,0.15000000596046448,0.15000000596046448,0.15000000596046448,0,0.0,0.0
2004-05-07 00:00:00-04:00,0.15000000596046448,0.15000000596046448,0.15000000596046448,0.15000000596046448,0,0.0,0.0
2004-05-10 00:00:00-04:00,0.15000000596046448,0.15000000596046448,0.12999999523162842,0.15000000596046448,13800,0.0,0.0
2004-05-11 00:00:00-04:00,0.1599999964237213,0.1599999964237213,0.12999999523162842,0.15000000596046448,34000,0.0,0.0
2004-05-12 00:00:00-04:00,0.15000000596046448,0.15000000596046448,0.15000000596046448,0.15000000596046448,10000,0.0,0.0
2004-05-13 00:00:00-04:00,0.15000000596046448,0.15000000596046448,0.15000000596046448,0.15000000596046448,2000,0.0,0.0
2004-05-14 00:00:00-04:00,0.14000000059604645,0.15000000596046448,0.14000000059604645,0.15000000596046448,24500,0.0,0.0
2004-05-17 00:00:00-04:00,0.12999999523162842,0.12999999523162842,0.12999999523162842,0.12999999523162842,900,0.0,0.0
2004-05-18 00:00:00-04:00,0.12999999523162842,0.12999999523162842,0.12999999523162842,0.12999999523162842,0,0.0,0.0
2004-05-19 00:00:00-04:00,0.12999999523162842,0.12999999523162842,0.12999999523162842,0.12999999523162842,0,0.0,0.0
2004-05-20 00:00:00-04:00,0.12999999523162842,0.12999999523162842,0.12999999523162842,0.12999999523162842,0,0.0,0.0
2004-05-21 00:00:00-04:00,0.12999999523162842,0.12999999523162842,0.12999999523162842,0.12999999523162842,0,0.0,0.0
2004-05-24 00:00:00-04:00,0.12999999523162842,0.12999999523162842,0.12999999523162842,0.12999999523162842,0,0.0,0.0
2004-05-25 00:00:00-04:00,0.12999999523162842,0.12999999523162842,0.12999999523162842,0.12999999523162842,5500,0.0,0.0
2004-05-26 00:00:00-04:00,0.12999999523162842,0.14000000059604645,0.12999999523162842,0.14000000059604645,27500,0.0,0.0
2004-05-27 00:00:00-04:00,0.10999999940395355,0.14000000059604645,0.10999999940395355,0.14000000059604645,400,0.0,0.0
2004-05-28 00:00:00-04:00,0.14000000059604645,0.14000000059604645,0.14000000059604645,0.14000000059604645,0,0.0,0.0
2004-06-01 00:00:00-04:00,0.14000000059604645,0.14000000059604645,0.14000000059604645,0.14000000059604645,0,0.0,0.0
2004-06-02 00:00:00-04:00,0.14000000059604645,0.14000000059604645,0.14000000059604645,0.14000000059604645,0,0.0,0.0
2004-06-03 00:00:00-04:00,0.14000000059604645,0.14000000059604645,0.14000000059604645,0.14000000059604645,0,0.0,0.0
2004-06-04 00:00:00-04:00,0.14000000059604645,0.14000000059604645,0.14000000059604645,0.14000000059604645,0,0.0,0.0
2004-06-07 00:00:00-04:00,0.10999999940395355,0.14000000059604645,0.10999999940395355,0.14000000059604645,2000,0.0,0.0
2004-06-08 00:00:00-04:00,0.14000000059604645,0.14000000059604645,0.14000000059604645,0.14000000059604645,0,0.0,0.0
2004-06-09 00:00:00-04:00,0.14000000059604645,0.14000000059604645,0.14000000059604645,0.14000000059604645,0,0.0,0.0
2004-06-10 00:00:00-04:00,0.14000000059604645,0.14000000059604645,0.14000000059604645,0.14000000059604645,0,0.0,0.0
2004-06-14 00:00:00-04:00,0.10999999940395355,0.14000000059604645,0.10000000149011612,0.14000000059604645,7000,0.0,0.0
2004-06-15 00:00:00-04:00,0.10000000149011612,0.14000000059604645,0.10000000149011612,0.14000000059604645,1500,0.0,0.0
2004-06-16 00:00:00-04:00,0.14000000059604645,0.14000000059604645,0.14000000059604645,0.14000000059604645,0,0.0,0.0
2004-06-17 00:00:00-04:00,0.10000000149011612,0.14000000059604645,0.10000000149011612,0.14000000059604645,1000,0.0,0.0
2004-06-18 00:00:00-04:00,0.14000000059604645,0.14000000059604645,0.14000000059604645,0.14000000059604645,0,0.0,0.0
2004-06-21 00:00:00-04:00,0.14000000059604645,0.14000000059604645,0.14000000059604645,0.14000000059604645,0,0.0,0.0
2004-06-22 00:00:00-04:00,0.14000000059604645,0.14000000059604645,0.14000000059604645,0.14000000059604645,0,0.0,0.0
2004-06-23 00:00:00-04:00,0.14000000059604645,0.1599999964237213,0.14000000059604645,0.14000000059604645,19300,0.0,0.0
2004-06-24 00:00:00-04:00,0.11999999731779099,0.12999999523162842,0.11999999731779099,0.12999999523162842,10200,0.0,0.0
2004-06-25 00:00:00-04:00,0.12999999523162842,0.12999999523162842,0.12999999523162842,0.12999999523162842,0,0.0,0.0
2004-06-28 00:00:00-04:00,0.12999999523162842,0.12999999523162842,0.12999999523162842,0.12999999523162842,0,0.0,0.0
2004-06-29 00:00:00-04:00,0.12999999523162842,0.12999999523162842,0.12999999523162842,0.12999999523162842,0,0.0,0.0
2004-06-30 00:00:00-04:00,0.11999999731779099,0.12999999523162842,0.11999999731779099,0.12999999523162842,10000,0.0,0.0
2004-07-01 00:00:00-04:00,0.10000000149011612,0.11999999731779099,0.10000000149011612,0.11999999731779099,2700,0.0,0.0
2004-07-02 00:00:00-04:00,0.11999999731779099,0.11999999731779099,0.11999999731779099,0.11999999731779099,0,0.0,0.0
2004-07-06 00:00:00-04:00,0.11999999731779099,0.11999999731779099,0.11999999731779099,0.11999999731779099,0,0.0,0.0
2004-07-07 00:00:00-04:00,0.09000000357627869,0.10999999940395355,0.09000000357627869,0.10999999940395355,1200,0.0,0.0
2004-07-08 00:00:00-04:00,0.10000000149011612,0.10000000149011612,0.10000000149011612,0.10000000149011612,1700,0.0,0.0
2004-07-09 00:00:00-04:00,0.10000000149011612,0.10000000149011612,0.10000000149011612,0.10000000149011612,8000,0.0,0.0
2004-07-12 00:00:00-04:00,0.10000000149011612,0.10000000149011612,0.10000000149011612,0.10000000149011612,0,0.0,0.0
2004-07-13 00:00:00-04:00,0.10000000149011612,0.10000000149011612,0.10000000149011612,0.10000000149011612,1000,0.0,0.0
2004-07-14 00:00:00-04:00,0.10000000149011612,0.10999999940395355,0.07500000298023224,0.08500000089406967,28100,0.0,0.0
2004-07-15 00:00:00-04:00,0.08500000089406967,0.10000000149011612,0.08500000089406967,0.10000000149011612,25000,0.0,0.0
2004-07-16 00:00:00-04:00,0.09000000357627869,0.09000000357627869,0.09000000357627869,0.09000000357627869,5000,0.0,0.0
2004-07-19 00:00:00-04:00,0.09000000357627869,0.09000000357627869,0.09000000357627869,0.09000000357627869,0,0.0,0.0
2004-07-20 00:00:00-04:00,0.11999999731779099,0.11999999731779099,0.09000000357627869,0.09000000357627869,2000,0.0,0.0
2004-07-21 00:00:00-04:00,0.10000000149011612,0.10000000149011612,0.09000000357627869,0.10000000149011612,23000,0.0,0.0
2004-07-22 00:00:00-04:00,0.10000000149011612,0.10000000149011612,0.10000000149011612,0.10000000149011612,0,0.0,0.0
2004-07-23 00:00:00-04:00,0.08500000089406967,0.08500000089406967,0.08500000089406967,0.08500000089406967,10000,0.0,0.0
2004-07-26 00:00:00-04:00,0.08500000089406967,0.08500000089406967,0.08500000089406967,0.08500000089406967,0,0.0,0.0
2004-07-27 00:00:00-04:00,0.07999999821186066,0.07999999821186066,0.07999999821186066,0.07999999821186066,22700,0.0,0.0
2004-07-28 00:00:00-04:00,0.07999999821186066,0.09000000357627869,0.07999999821186066,0.09000000357627869,30000,0.0,0.0
2004-07-29 00:00:00-04:00,0.09000000357627869,0.09000000357627869,0.09000000357627869,0.09000000357627869,1000,0.0,0.0
2004-07-30 00:00:00-04:00,0.09000000357627869,0.09000000357627869,0.09000000357627869,0.09000000357627869,0,0.0,0.0
2004-08-02 00:00:00-04:00,0.09000000357627869,0.09000000357627869,0.07999999821186066,0.07999999821186066,22000,0.0,0.0
2004-08-03 00:00:00-04:00,0.07500000298023224,0.07500000298023224,0.07500000298023224,0.07500000298023224,10000,0.0,0.0
2004-08-04 00:00:00-04:00,0.07000000029802322,0.07000000029802322,0.07000000029802322,0.07000000029802322,10200,0.0,0.0
2004-08-05 00:00:00-04:00,0.07000000029802322,0.07000000029802322,0.07000000029802322,0.07000000029802322,0,0.0,0.0
2004-08-06 00:00:00-04:00,0.07000000029802322,0.07999999821186066,0.07000000029802322,0.07999999821186066,25000,0.0,0.0
2004-08-09 00:00:00-04:00,0.07999999821186066,0.07999999821186066,0.07999999821186066,0.07999999821186066,0,0.0,0.0
2004-08-10 00:00:00-04:00,0.05999999865889549,0.07999999821186066,0.05999999865889549,0.07999999821186066,7500,0.0,0.0
2004-08-11 00:00:00-04:00,0.07999999821186066,0.07999999821186066,0.07999999821186066,0.07999999821186066,0,0.0,0.0
2004-08-12 00:00:00-04:00,0.07999999821186066,0.07999999821186066,0.07999999821186066,0.07999999821186066,0,0.0,0.0
2004-08-13 00:00:00-04:00,0.05999999865889549,0.05999999865889549,0.05999999865889549,0.05999999865889549,10000,0.0,0.0
2004-08-16 00:00:00-04:00,0.05999999865889549,0.05999999865889549,0.05999999865889549,0.05999999865889549,0,0.0,0.0
2004-08-17 00:00:00-04:00,0.05999999865889549,0.05999999865889549,0.05999999865889549,0.05999999865889549,0,0.0,0.0
2004-08-18 00:00:00-04:00,0.05999999865889549,0.05999999865889549,0.05999999865889549,0.05999999865889549,0,0.0,0.0
2004-08-19 00:00:00-04:00,0.05999999865889549,0.05999999865889549,0.05999999865889549,0.05999999865889549,0,0.0,0.0
2004-08-20 00:00:00-04:00,0.05999999865889549,0.05999999865889549,0.05999999865889549,0.05999999865889549,9100,0.0,0.0
2004-08-23 00:00:00-04:00,0.05999999865889549,0.05999999865889549,0.05999999865889549,0.05999999865889549,0,0.0,0.0
2004-08-24 00:00:00-04:00,0.05999999865889549,0.05999999865889549,0.05999999865889549,0.05999999865889549,0,0.0,0.0
2004-08-25 00:00:00-04:00,0.05999999865889549,0.05999999865889549,0.05999999865889549,0.05999999865889549,0,0.0,0.0
2004-08-26 00:00:00-04:00,0.05999999865889549,0.05999999865889549,0.05999999865889549,0.05999999865889549,0,0.0,0.0
2004-08-27 00:00:00-04:00,0.05999999865889549,0.061000000685453415,0.05999999865889549,0.061000000685453415,2000,0.0,0.0
2004-08-30 00:00:00-04:00,0.061000000685453415,0.061000000685453415,0.061000000685453415,0.061000000685453415,0,0.0,0.0
2004-08-31 00:00:00-04:00,0.05999999865889549,0.061000000685453415,0.054999999701976776,0.05999999865889549,34500,0.0,0.0
2004-09-01 00:00:00-04:00,0.054999999701976776,0.06499999761581421,0.054999999701976776,0.05999999865889549,75000,0.0,0.0
2004-09-02 00:00:00-04:00,0.05999999865889549,0.07000000029802322,0.05999999865889549,0.06499999761581421,114000,0.0,0.0
2004-09-03 00:00:00-04:00,0.06499999761581421,0.06499999761581421,0.06499999761581421,0.06499999761581421,0,0.0,0.0
2004-09-07 00:00:00-04:00,0.06499999761581421,0.06499999761581421,0.06499999761581421,0.06499999761581421,0,0.0,0.0
2004-09-08 00:00:00-04:00,0.06499999761581421,0.06499999761581421,0.06499999761581421,0.06499999761581421,0,0.0,0.0
2004-09-09 00:00:00-04:00,0.05999999865889549,0.07000000029802322,0.05999999865889549,0.07000000029802322,12000,0.0,0.0
2004-09-10 00:00:00-04:00,0.07000000029802322,0.07000000029802322,0.07000000029802322,0.07000000029802322,0,0.0,0.0
2004-09-13 00:00:00-04:00,0.07000000029802322,0.07000000029802322,0.07000000029802322,0.07000000029802322,0,0.0,0.0
2004-09-14 00:00:00-04:00,0.07000000029802322,0.07000000029802322,0.07000000029802322,0.07000000029802322,0,0.0,0.0
2004-09-15 00:00:00-04:00,0.07000000029802322,0.07000000029802322,0.07000000029802322,0.07000000029802322,10000,0.0,0.0
2004-09-16 00:00:00-04:00,0.05999999865889549,0.061000000685453415,0.05999999865889549,0.05999999865889549,25000,0.0,0.0
2004-09-17 00:00:00-04:00,0.05999999865889549,0.05999999865889549,0.05999999865889549,0.05999999865889549,0,0.0,0.0
2004-09-20 00:00:00-04:00,0.05999999865889549,0.05999999865889549,0.05999999865889549,0.05999999865889549,0,0.0,0.0
2004-09-21 00:00:00-04:00,0.054999999701976776,0.054999999701976776,0.054999999701976776,0.054999999701976776,100,0.0,0.0
2004-09-22 00:00:00-04:00,0.054999999701976776,0.054999999701976776,0.054999999701976776,0.054999999701976776,0,0.0,0.0
2004-09-23 00:00:00-04:00,0.07000000029802322,0.07000000029802322,0.07000000029802322,0.07000000029802322,5000,0.0,0.0
2004-09-24 00:00:00-04:00,0.07000000029802322,0.07000000029802322,0.07000000029802322,0.07000000029802322,0,0.0,0.0
2004-09-27 00:00:00-04:00,0.07000000029802322,0.07000000029802322,0.07000000029802322,0.07000000029802322,0,0.0,0.0
2004-09-28 00:00:00-04:00,0.07000000029802322,0.07000000029802322,0.07000000029802322,0.07000000029802322,0,0.0,0.0
2004-09-29 00:00:00-04:00,0.07000000029802322,0.07000000029802322,0.07000000029802322,0.07000000029802322,0,0.0,0.0
2004-09-30 00:00:00-04:00,0.07000000029802322,0.07000000029802322,0.07000000029802322,0.07000000029802322,0,0.0,0.0
2004-10-01 00:00:00-04:00,0.07000000029802322,0.07000000029802322,0.07000000029802322,0.07000000029802322,0,0.0,0.0
2004-10-04 00:00:00-04:00,0.07500000298023224,0.07500000298023224,0.07500000298023224,0.07500000298023224,1700,0.0,0.0
2004-10-05 00:00:00-04:00,0.07500000298023224,0.07500000298023224,0.07500000298023224,0.07500000298023224,2900,0.0,0.0
2004-10-06 00:00:00-04:00,0.07500000298023224,0.07500000298023224,0.07500000298023224,0.07500000298023224,0,0.0,0.0
2004-10-07 00:00:00-04:00,0.07500000298023224,0.07500000298023224,0.07500000298023224,0.07500000298023224,200,0.0,0.0
2004-10-08 00:00:00-04:00,0.07500000298023224,0.07500000298023224,0.07500000298023224,0.07500000298023224,28500,0.0,0.0
2004-10-11 00:00:00-04:00,0.07500000298023224,0.07500000298023224,0.07500000298023224,0.07500000298023224,3000,0.0,0.0
2004-10-12 00:00:00-04:00,0.07500000298023224,0.07500000298023224,0.07500000298023224,0.07500000298023224,0,0.0,0.0
2004-10-13 00:00:00-04:00,0.07500000298023224,0.07500000298023224,0.07500000298023224,0.07500000298023224,0,0.0,0.0
2004-10-14 00:00:00-04:00,0.10000000149011612,0.10000000149011612,0.07500000298023224,0.07500000298023224,63500,0.0,0.0
2004-10-15 00:00:00-04:00,0.07000000029802322,0.07000000029802322,0.07000000029802322,0.07000000029802322,1000,0.0,0.0
2004-10-18 00:00:00-04:00,0.07000000029802322,0.07500000298023224,0.07000000029802322,0.07000000029802322,30000,0.0,0.0
2004-10-19 00:00:00-04:00,0.07000000029802322,0.07000000029802322,0.07000000029802322,0.07000000029802322,10000,0.0,0.0
2004-10-20 00:00:00-04:00,0.07500000298023224,0.07999999821186066,0.07500000298023224,0.07999999821186066,31000,0.0,0.0
2004-10-21 00:00:00-04:00,0.07999999821186066,0.07999999821186066,0.07999999821186066,0.07999999821186066,1000,0.0,0.0
2004-10-22 00:00:00-04:00,0.10000000149011612,0.17000000178813934,0.07999999821186066,0.14800000190734863,134000,0.0,0.0
2004-10-25 00:00:00-04:00,0.15000000596046448,0.15000000596046448,0.12999999523162842,0.12999999523162842,26500,0.0,0.0
2004-10-26 00:00:00-04:00,0.18000000715255737,0.1899999976158142,0.1599999964237213,0.1599999964237213,63000,0.0,0.0
2004-10-27 00:00:00-04:00,0.17000000178813934,0.18000000715255737,0.11999999731779099,0.17000000178813934,12300,0.0,0.0
2004-10-28 00:00:00-04:00,0.11999999731779099,0.1599999964237213,0.11999999731779099,0.1599999964237213,2000,0.0,0.0
2004-10-29 00:00:00-04:00,0.12999999523162842,0.12999999523162842,0.10000000149011612,0.10000000149011612,28800,0.0,0.0
2004-11-01 00:00:00-05:00,0.09000000357627869,0.10499999672174454,0.09000000357627869,0.10499999672174454,21800,0.0,0.0
2004-11-02 00:00:00-05:00,0.10999999940395355,0.10999999940395355,0.10000000149011612,0.10999999940395355,7000,0.0,0.0
2004-11-03 00:00:00-05:00,0.10000000149011612,0.10999999940395355,0.10000000149011612,0.10999999940395355,10000,0.0,0.0
2004-11-04 00:00:00-05:00,0.10999999940395355,0.10999999940395355,0.10000000149011612,0.10000000149011612,42200,0.0,0.0
2004-11-05 00:00:00-05:00,0.10999999940395355,0.12999999523162842,0.10000000149011612,0.12999999523162842,35500,0.0,0.0
2004-11-08 00:00:00-05:00,0.10000000149011612,0.10000000149011612,0.10000000149011612,0.10000000149011612,2000,0.0,0.0
2004-11-09 00:00:00-05:00,0.10000000149011612,0.10000000149011612,0.10000000149011612,0.10000000149011612,0,0.0,0.0
2004-11-10 00:00:00-05:00,0.10000000149011612,0.11999999731779099,0.10000000149011612,0.11999999731779099,2500,0.0,0.0
2004-11-11 00:00:00-05:00,0.11999999731779099,0.11999999731779099,0.11999999731779099,0.11999999731779099,0,0.0,0.0
2004-11-12 00:00:00-05:00,0.11999999731779099,0.11999999731779099,0.10000000149011612,0.11999999731779099,8500,0.0,0.0
2004-11-15 00:00:00-05:00,0.10000000149011612,0.11999999731779099,0.10000000149011612,0.11999999731779099,2000,0.0,0.0
2004-11-16 00:00:00-05:00,0.11999999731779099,0.11999999731779099,0.11999999731779099,0.11999999731779099,0,0.0,0.0
2004-11-17 00:00:00-05:00,0.11999999731779099,0.11999999731779099,0.11999999731779099,0.11999999731779099,1100,0.0,0.0
2004-11-18 00:00:00-05:00,0.10000000149011612,0.12999999523162842,0.10000000149011612,0.12999999523162842,6500,0.0,0.0
2004-11-19 00:00:00-05:00,0.0949999988079071,0.11999999731779099,0.0949999988079071,0.11999999731779099,2700,0.0,0.0
2004-11-22 00:00:00-05:00,0.11999999731779099,0.11999999731779099,0.11999999731779099,0.11999999731779099,0,0.0,0.0
2004-11-23 00:00:00-05:00,0.11999999731779099,0.15000000596046448,0.11500000208616257,0.15000000596046448,29900,0.0,0.0
2004-11-24 00:00:00-05:00,0.15000000596046448,0.15000000596046448,0.15000000596046448,0.15000000596046448,0,0.0,0.0
2004-11-26 00:00:00-05:00,0.15000000596046448,0.15000000596046448,0.15000000596046448,0.15000000596046448,0,0.0,0.0
2004-11-29 00:00:00-05:00,0.15000000596046448,0.15000000596046448,0.15000000596046448,0.15000000596046448,0,0.0,0.0
2004-11-30 00:00:00-05:00,0.15000000596046448,0.15000000596046448,0.15000000596046448,0.15000000596046448,0,0.0,0.0
2004-12-01 00:00:00-05:00,0.11500000208616257,0.15000000596046448,0.11500000208616257,0.15000000596046448,3200,0.0,0.0
2004-12-02 00:00:00-05:00,0.18000000715255737,0.18000000715255737,0.1599999964237213,0.1599999964237213,2000,0.0,0.0
2004-12-03 00:00:00-05:00,0.11999999731779099,0.18000000715255737,0.11999999731779099,0.15000000596046448,4300,0.0,0.0
2004-12-06 00:00:00-05:00,0.15000000596046448,0.15000000596046448,0.15000000596046448,0.15000000596046448,0,0.0,0.0
2004-12-07 00:00:00-05:00,0.15000000596046448,0.15000000596046448,0.15000000596046448,0.15000000596046448,0,0.0,0.0
2004-12-08 00:00:00-05:00,0.18000000715255737,0.18000000715255737,0.11999999731779099,0.1599999964237213,17100,0.0,0.0
2004-12-09 00:00:00-05:00,0.17000000178813934,0.17000000178813934,0.15000000596046448,0.15000000596046448,4000,0.0,0.0
2004-12-10 00:00:00-05:00,0.11999999731779099,0.15000000596046448,0.11500000208616257,0.14000000059604645,19500,0.0,0.0
2004-12-13 00:00:00-05:00,0.14000000059604645,0.14000000059604645,0.14000000059604645,0.14000000059604645,0,0.0,0.0
2004-12-14 00:00:00-05:00,0.14000000059604645,0.14000000059604645,0.14000000059604645,0.14000000059604645,0,0.0,0.0
2004-12-15 00:00:00-05:00,0.10999999940395355,0.10999999940395355,0.09000000357627869,0.09000000357627869,15000,0.0,0.0
2004-12-16 00:00:00-05:00,0.07999999821186066,0.10000000149011612,0.07999999821186066,0.09000000357627869,7000,0.0,0.0
2004-12-17 00:00:00-05:00,0.07999999821186066,0.09000000357627869,0.07999999821186066,0.09000000357627869,5300,0.0,0.0
2004-12-20 00:00:00-05:00,0.07999999821186066,0.09000000357627869,0.07000000029802322,0.09000000357627869,65000,0.0,0.0
2004-12-21 00:00:00-05:00,0.07999999821186066,0.09000000357627869,0.07000000029802322,0.09000000357627869,7000,0.0,0.0
2004-12-22 00:00:00-05:00,0.09000000357627869,0.09000000357627869,0.07999999821186066,0.09000000357627869,17000,0.0,0.0
2004-12-23 00:00:00-05:00,0.07999999821186066,0.10999999940395355,0.07999999821186066,0.10999999940395355,2000,0.0,0.0
2004-12-27 00:00:00-05:00,0.10999999940395355,0.10999999940395355,0.10999999940395355,0.10999999940395355,0,0.0,0.0
2004-12-28 00:00:00-05:00,0.10999999940395355,0.10999999940395355,0.10999999940395355,0.10999999940395355,0,0.0,0.0
2004-12-29 00:00:00-05:00,0.09000000357627869,0.09000000357627869,0.07999999821186066,0.07999999821186066,1000,0.0,0.0
2004-12-30 00:00:00-05:00,0.10000000149011612,0.10000000149011612,0.10000000149011612,0.10000000149011612,1000,0.0,0.0
2004-12-31 00:00:00-05:00,0.07999999821186066,0.10000000149011612,0.07999999821186066,0.10000000149011612,2000,0.0,0.0
2005-01-03 00:00:00-05:00,0.09000000357627869,0.10000000149011612,0.09000000357627869,0.10000000149011612,7000,0.0,0.0
2005-01-04 00:00:00-05:00,0.07999999821186066,0.09000000357627869,0.07999999821186066,0.09000000357627869,11000,0.0,0.0
2005-01-05 00:00:00-05:00,0.09000000357627869,0.09000000357627869,0.09000000357627869,0.09000000357627869,0,0.0,0.0
2005-01-06 00:00:00-05:00,0.07999999821186066,0.07999999821186066,0.07999999821186066,0.07999999821186066,200,0.0,0.0
2005-01-07 00:00:00-05:00,0.07999999821186066,0.07999999821186066,0.07999999821186066,0.07999999821186066,7000,0.0,0.0
2005-01-10 00:00:00-05:00,0.07999999821186066,0.07999999821186066,0.07999999821186066,0.07999999821186066,5000,0.0,0.0
2005-01-11 00:00:00-05:00,0.07999999821186066,0.10000000149011612,0.07999999821186066,0.09000000357627869,10900,0.0,0.0
2005-01-12 00:00:00-05:00,0.09000000357627869,0.09000000357627869,0.09000000357627869,0.09000000357627869,7500,0.0,0.0
2005-01-13 00:00:00-05:00,0.09000000357627869,0.09000000357627869,0.09000000357627869,0.09000000357627869,0,0.0,0.0
2005-01-14 00:00:00-05:00,0.10000000149011612,0.10000000149011612,0.10000000149011612,0.10000000149011612,10000,0.0,0.0
2005-01-18 00:00:00-05:00,0.09000000357627869,0.09000000357627869,0.09000000357627869,0.09000000357627869,5000,0.0,0.0
2005-01-19 00:00:00-05:00,0.09000000357627869,0.09000000357627869,0.09000000357627869,0.09000000357627869,0,0.0,0.0
2005-01-20 00:00:00-05:00,0.09000000357627869,0.09000000357627869,0.09000000357627869,0.09000000357627869,0,0.0,0.0
2005-01-21 00:00:00-05:00,0.09000000357627869,0.09000000357627869,0.09000000357627869,0.09000000357627869,0,0.0,0.0
2005-01-24 00:00:00-05:00,0.09000000357627869,0.09000000357627869,0.09000000357627869,0.09000000357627869,0,0.0,0.0
2005-01-25 00:00:00-05:00,0.09000000357627869,0.09000000357627869,0.09000000357627869,0.09000000357627869,37800,0.0,0.0
2005-01-26 00:00:00-05:00,0.10000000149011612,0.10000000149011612,0.09000000357627869,0.09000000357627869,12000,0.0,0.0
2005-01-27 00:00:00-05:00,0.09000000357627869,0.09000000357627869,0.09000000357627869,0.09000000357627869,0,0.0,0.0
2005-01-28 00:00:00-05:00,0.09000000357627869,0.09000000357627869,0.09000000357627869,0.09000000357627869,0,0.0,0.0
2005-01-31 00:00:00-05:00,0.09000000357627869,0.09000000357627869,0.09000000357627869,0.09000000357627869,1100,0.0,0.0
2005-02-01 00:00:00-05:00,0.09000000357627869,0.09000000357627869,0.09000000357627869,0.09000000357627869,5500,0.0,0.0
2005-02-02 00:00:00-05:00,0.09000000357627869,0.09000000357627869,0.09000000357627869,0.09000000357627869,0,0.0,0.0
2005-02-03 00:00:00-05:00,0.09000000357627869,0.09000000357627869,0.09000000357627869,0.09000000357627869,0,0.0,0.0
2005-02-04 00:00:00-05:00,0.09000000357627869,0.09000000357627869,0.09000000357627869,0.09000000357627869,0,0.0,0.0
2005-02-07 00:00:00-05:00,0.09000000357627869,0.09000000357627869,0.09000000357627869,0.09000000357627869,0,0.0,0.0
2005-02-08 00:00:00-05:00,0.09000000357627869,0.09000000357627869,0.09000000357627869,0.09000000357627869,19000,0.0,0.0
2005-02-09 00:00:00-05:00,0.09000000357627869,0.09000000357627869,0.09000000357627869,0.09000000357627869,0,0.0,0.0
2005-02-10 00:00:00-05:00,0.09000000357627869,0.09000000357627869,0.09000000357627869,0.09000000357627869,4000,0.0,0.0
2005-02-11 00:00:00-05:00,0.09000000357627869,0.09000000357627869,0.09000000357627869,0.09000000357627869,0,0.0,0.0
2005-02-14 00:00:00-05:00,0.10000000149011612,0.11999999731779099,0.10000000149011612,0.11999999731779099,20000,0.0,0.0
2005-02-15 00:00:00-05:00,0.12999999523162842,0.12999999523162842,0.12999999523162842,0.12999999523162842,10000,0.0,0.0
2005-02-16 00:00:00-05:00,0.12999999523162842,0.12999999523162842,0.12999999523162842,0.12999999523162842,0,0.0,0.0
2005-02-17 00:00:00-05:00,0.10999999940395355,0.10999999940395355,0.10499999672174454,0.10499999672174454,77700,0.0,0.0
2005-02-18 00:00:00-05:00,0.11999999731779099,0.11999999731779099,0.11999999731779099,0.11999999731779099,10000,0.0,0.0
2005-02-22 00:00:00-05:00,0.12999999523162842,0.12999999523162842,0.12999999523162842,0.12999999523162842,38000,0.0,0.0
2005-02-23 00:00:00-05:00,0.12999999523162842,0.12999999523162842,0.12999999523162842,0.12999999523162842,0,0.0,0.0
2005-02-24 00:00:00-05:00,0.10999999940395355,0.10999999940395355,0.10999999940395355,0.10999999940395355,5000,0.0,0.0
2005-02-25 00:00:00-05:00,0.10999999940395355,0.10999999940395355,0.10999999940395355,0.10999999940395355,0,0.0,0.0
2005-02-28 00:00:00-05:00,0.10999999940395355,0.10999999940395355,0.10999999940395355,0.10999999940395355,0,0.0,0.0
2005-03-01 00:00:00-05:00,0.10999999940395355,0.11999999731779099,0.10999999940395355,0.11999999731779099,20000,0.0,0.0
2005-03-02 00:00:00-05:00,0.11999999731779099,0.17000000178813934,0.11999999731779099,0.15000000596046448,146200,0.0,0.0
2005-03-03 00:00:00-05:00,0.14000000059604645,0.14000000059604645,0.14000000059604645,0.14000000059604645,13900,0.0,0.0
2005-03-04 00:00:00-05:00,0.16500000655651093,0.18000000715255737,0.15000000596046448,0.18000000715255737,93300,0.0,0.0
2005-03-07 00:00:00-05:00,0.18000000715255737,0.1899999976158142,0.15000000596046448,0.1899999976158142,93800,0.0,0.0
2005-03-08 00:00:00-05:00,0.1899999976158142,0.2199999988079071,0.1850000023841858,0.1899999976158142,195000,0.0,0.0
2005-03-09 00:00:00-05:00,0.20000000298023224,0.20000000298023224,0.20000000298023224,0.20000000298023224,15000,0.0,0.0
2005-03-10 00:00:00-05:00,0.20000000298023224,0.20000000298023224,0.20000000298023224,0.20000000298023224,1000,0.0,0.0
2005-03-11 00:00:00-05:00,0.20000000298023224,0.20000000298023224,0.19499999284744263,0.19499999284744263,40000,0.0,0.0
2005-03-14 00:00:00-05:00,0.19499999284744263,0.23000000417232513,0.19499999284744263,0.20999999344348907,139600,0.0,0.0
2005-03-15 00:00:00-05:00,0.20999999344348907,0.23000000417232513,0.20000000298023224,0.20000000298023224,83000,0.0,0.0
2005-03-16 00:00:00-05:00,0.20000000298023224,0.20999999344348907,0.19200000166893005,0.19200000166893005,155000,0.0,0.0
2005-03-17 00:00:00-05:00,0.19200000166893005,0.19200000166893005,0.19200000166893005,0.19200000166893005,0,0.0,0.0
2005-03-18 00:00:00-05:00,0.19499999284744263,0.20499999821186066,0.19499999284744263,0.20499999821186066,28300,0.0,0.0
2005-03-21 00:00:00-05:00,0.20499999821186066,0.20499999821186066,0.20499999821186066,0.20499999821186066,0,0.0,0.0
2005-03-22 00:00:00-05:00,0.20000000298023224,0.20999999344348907,0.20000000298023224,0.20000000298023224,2000,0.0,0.0
2005-03-23 00:00:00-05:00,0.20000000298023224,0.20999999344348907,0.20000000298023224,0.20999999344348907,31500,0.0,0.0
2005-03-24 00:00:00-05:00,0.20000000298023224,0.2199999988079071,0.19499999284744263,0.2199999988079071,287000,0.0,0.0
2005-03-28 00:00:00-05:00,0.20000000298023224,0.20000000298023224,0.20000000298023224,0.20000000298023224,5000,0.0,0.0
2005-03-29 00:00:00-05:00,0.20999999344348907,0.2150000035762787,0.20000000298023224,0.2150000035762787,18800,0.0,0.0
2005-03-30 00:00:00-05:00,0.20100000500679016,0.20100000500679016,0.20000000298023224,0.20000000298023224,16200,0.0,0.0
2005-03-31 00:00:00-05:00,0.18000000715255737,0.20000000298023224,0.17000000178813934,0.1899999976158142,22600,0.0,0.0
2005-04-01 00:00:00-05:00,0.17000000178813934,0.20000000298023224,0.17000000178813934,0.20000000298023224,20000,0.0,0.0
2005-04-04 00:00:00-04:00,0.1899999976158142,0.1899999976158142,0.1899999976158142,0.1899999976158142,10000,0.0,0.0
2005-04-05 00:00:00-04:00,0.17000000178813934,0.18000000715255737,0.17000000178813934,0.18000000715255737,17000,0.0,0.0
2005-04-06 00:00:00-04:00,0.1899999976158142,0.1899999976158142,0.1899999976158142,0.1899999976158142,20000,0.0,0.0
2005-04-07 00:00:00-04:00,0.20900000631809235,0.20900000631809235,0.1599999964237213,0.1899999976158142,32000,0.0,0.0
2005-04-08 00:00:00-04:00,0.1599999964237213,0.18000000715255737,0.1599999964237213,0.18000000715255737,7900,0.0,0.0
2005-04-11 00:00:00-04:00,0.1599999964237213,0.1599999964237213,0.1599999964237213,0.1599999964237213,5000,0.0,0.0
2005-04-12 00:00:00-04:00,0.1599999964237213,0.1599999964237213,0.1599999964237213,0.1599999964237213,0,0.0,0.0
2005-04-13 00:00:00-04:00,0.1599999964237213,0.1599999964237213,0.15000000596046448,0.15000000596046448,4100,0.0,0.0
2005-04-14 00:00:00-04:00,0.15000000596046448,0.15000000596046448,0.15000000596046448,0.15000000596046448,1000,0.0,0.0
2005-04-15 00:00:00-04:00,0.15000000596046448,0.15000000596046448,0.15000000596046448,0.15000000596046448,6000,0.0,0.0
2005-04-18 00:00:00-04:00,0.15000000596046448,0.15000000596046448,0.15000000596046448,0.15000000596046448,0,0.0,0.0
2005-04-19 00:00:00-04:00,0.15000000596046448,0.15000000596046448,0.15000000596046448,0.15000000596046448,0,0.0,0.0
2005-04-20 00:00:00-04:00,0.15000000596046448,0.15000000596046448,0.15000000596046448,0.15000000596046448,0,0.0,0.0
2005-04-21 00:00:00-04:00,0.15000000596046448,0.15000000596046448,0.15000000596046448,0.15000000596046448,6300,0.0,0.0
2005-04-22 00:00:00-04:00,0.15000000596046448,0.1599999964237213,0.15000000596046448,0.1599999964237213,1300,0.0,0.0
2005-04-25 00:00:00-04:00,0.1599999964237213,0.1599999964237213,0.1599999964237213,0.1599999964237213,0,0.0,0.0
2005-04-26 00:00:00-04:00,0.1599999964237213,0.1599999964237213,0.1599999964237213,0.1599999964237213,0,0.0,0.0
2005-04-27 00:00:00-04:00,0.15000000596046448,0.15000000596046448,0.14000000059604645,0.14000000059604645,34000,0.0,0.0
2005-04-28 00:00:00-04:00,0.14000000059604645,0.14000000059604645,0.14000000059604645,0.14000000059604645,0,0.0,0.0
2005-04-29 00:00:00-04:00,0.14000000059604645,0.14000000059604645,0.14000000059604645,0.14000000059604645,0,0.0,0.0
2005-05-02 00:00:00-04:00,0.14000000059604645,0.14000000059604645,0.14000000059604645,0.14000000059604645,0,0.0,0.0
2005-05-03 00:00:00-04:00,0.12999999523162842,0.14000000059604645,0.11999999731779099,0.14000000059604645,11000,0.0,0.0
2005-05-04 00:00:00-04:00,0.14000000059604645,0.14000000059604645,0.14000000059604645,0.14000000059604645,0,0.0,0.0
2005-05-05 00:00:00-04:00,0.125,0.125,0.12300000339746475,0.12300000339746475,15000,0.0,0.0
2005-05-06 00:00:00-04:00,0.12099999934434891,0.125,0.11999999731779099,0.11999999731779099,26000,0.0,0.0
2005-05-09 00:00:00-04:00,0.12099999934434891,0.12099999934434891,0.11999999731779099,0.11999999731779099,51400,0.0,0.0
2005-05-10 00:00:00-04:00,0.11500000208616257,0.11999999731779099,0.11500000208616257,0.11999999731779099,20000,0.0,0.0
2005-05-11 00:00:00-04:00,0.11500000208616257,0.125,0.11500000208616257,0.125,11000,0.0,0.0
2005-05-12 00:00:00-04:00,0.11500000208616257,0.125,0.11500000208616257,0.125,21000,0.0,0.0
2005-05-13 00:00:00-04:00,0.125,0.125,0.125,0.125,0,0.0,0.0
2005-05-16 00:00:00-04:00,0.11500000208616257,0.11500000208616257,0.11500000208616257,0.11500000208616257,300,0.0,0.0
2005-05-17 00:00:00-04:00,0.11500000208616257,0.11500000208616257,0.11500000208616257,0.11500000208616257,0,0.0,0.0
2005-05-18 00:00:00-04:00,0.125,0.125,0.125,0.125,1000,0.0,0.0
2005-05-19 00:00:00-04:00,0.125,0.125,0.125,0.125,0,0.0,0.0
2005-05-20 00:00:00-04:00,0.11500000208616257,0.11500000208616257,0.11500000208616257,0.11500000208616257,1500,0.0,0.0
2005-05-23 00:00:00-04:00,0.125,0.125,0.11500000208616257,0.11999999731779099,21000,0.0,0.0
2005-05-24 00:00:00-04:00,0.125,0.125,0.125,0.125,1000,0.0,0.0
2005-05-25 00:00:00-04:00,0.11999999731779099,0.12999999523162842,0.11500000208616257,0.12999999523162842,44000,0.0,0.0
2005-05-26 00:00:00-04:00,0.11500000208616257,0.11500000208616257,0.11500000208616257,0.11500000208616257,700,0.0,0.0
2005-05-27 00:00:00-04:00,0.12999999523162842,0.12999999523162842,0.11500000208616257,0.12999999523162842,43000,0.0,0.0
2005-05-31 00:00:00-04:00,0.125,0.12999999523162842,0.125,0.12999999523162842,6000,0.0,0.0
2005-06-01 00:00:00-04:00,0.11500000208616257,0.12999999523162842,0.10999999940395355,0.12999999523162842,30200,0.0,0.0
2005-06-02 00:00:00-04:00,0.10999999940395355,0.10999999940395355,0.10999999940395355,0.10999999940395355,5000,0.0,0.0
2005-06-03 00:00:00-04:00,0.10999999940395355,0.10999999940395355,0.10999999940395355,0.10999999940395355,0,0.0,0.0
2005-06-06 00:00:00-04:00,0.10000000149011612,0.10999999940395355,0.10000000149011612,0.10999999940395355,4000,0.0,0.0
2005-06-07 00:00:00-04:00,0.10999999940395355,0.10999999940395355,0.09000000357627869,0.10999999940395355,19000,0.0,0.0
2005-06-08 00:00:00-04:00,0.10999999940395355,0.10999999940395355,0.10999999940395355,0.10999999940395355,0,0.0,0.0
2005-06-09 00:00:00-04:00,0.09000000357627869,0.10000000149011612,0.09000000357627869,0.10000000149011612,13500,0.0,0.0
2005-06-10 00:00:00-04:00,0.10000000149011612,0.10000000149011612,0.10000000149011612,0.10000000149011612,2900,0.0,0.0
2005-06-13 00:00:00-04:00,0.10000000149011612,0.10999999940395355,0.10000000149011612,0.10000000149011612,16200,0.0,0.0
2005-06-14 00:00:00-04:00,0.10000000149011612,0.11999999731779099,0.10000000149011612,0.10000000149011612,76900,0.0,0.0
2005-06-15 00:00:00-04:00,0.14000000059604645,0.14000000059604645,0.14000000059604645,0.14000000059604645,21000,0.0,0.0
2005-06-16 00:00:00-04:00,0.10999999940395355,0.15000000596046448,0.10999999940395355,0.15000000596046448,3700,0.0,0.0
2005-06-17 00:00:00-04:00,0.15000000596046448,0.15000000596046448,0.15000000596046448,0.15000000596046448,0,0.0,0.0
2005-06-20 00:00:00-04:00,0.15000000596046448,0.15000000596046448,0.15000000596046448,0.15000000596046448,0,0.0,0.0
2005-06-21 00:00:00-04:00,0.15000000596046448,0.15000000596046448,0.15000000596046448,0.15000000596046448,2200,0.0,0.0
2005-06-22 00:00:00-04:00,0.15000000596046448,0.15000000596046448,0.15000000596046448,0.15000000596046448,0,0.0,0.0
2005-06-23 00:00:00-04:00,0.10999999940395355,0.10999999940395355,0.10999999940395355,0.10999999940395355,500,0.0,0.0
2005-06-24 00:00:00-04:00,0.10999999940395355,0.10999999940395355,0.10999999940395355,0.10999999940395355,1700,0.0,0.0
2005-06-27 00:00:00-04:00,0.10999999940395355,0.10999999940395355,0.10999999940395355,0.10999999940395355,0,0.0,0.0
2005-06-28 00:00:00-04:00,0.10999999940395355,0.10999999940395355,0.10999999940395355,0.10999999940395355,0,0.0,0.0
2005-06-29 00:00:00-04:00,0.10999999940395355,0.10999999940395355,0.10999999940395355,0.10999999940395355,1000,0.0,0.0
2005-06-30 00:00:00-04:00,0.10999999940395355,0.10999999940395355,0.10999999940395355,0.10999999940395355,0,0.0,0.0
2005-07-01 00:00:00-04:00,0.10999999940395355,0.10999999940395355,0.10999999940395355,0.10999999940395355,0,0.0,0.0
2005-07-05 00:00:00-04:00,0.10999999940395355,0.10999999940395355,0.10999999940395355,0.10999999940395355,0,0.0,0.0
2005-07-06 00:00:00-04:00,0.10999999940395355,0.10999999940395355,0.10999999940395355,0.10999999940395355,500,0.0,0.0
2005-07-07 00:00:00-04:00,0.10999999940395355,0.10999999940395355,0.10999999940395355,0.10999999940395355,0,0.0,0.0
2005-07-08 00:00:00-04:00,0.10999999940395355,0.10999999940395355,0.10999999940395355,0.10999999940395355,5000,0.0,0.0
2005-07-11 00:00:00-04:00,0.10999999940395355,0.10999999940395355,0.10999999940395355,0.10999999940395355,0,0.0,0.0
2005-07-12 00:00:00-04:00,0.10999999940395355,0.10999999940395355,0.10000000149011612,0.10000000149011612,20000,0.0,0.0
2005-07-13 00:00:00-04:00,0.09000000357627869,0.09000000357627869,0.09000000357627869,0.09000000357627869,1000,0.0,0.0
2005-07-14 00:00:00-04:00,0.09000000357627869,0.09000000357627869,0.09000000357627869,0.09000000357627869,30000,0.0,0.0
2005-07-15 00:00:00-04:00,0.09000000357627869,0.09000000357627869,0.09000000357627869,0.09000000357627869,0,0.0,0.0
2005-07-18 00:00:00-04:00,0.09000000357627869,0.09000000357627869,0.09000000357627869,0.09000000357627869,24000,0.0,0.0
2005-07-19 00:00:00-04:00,0.09000000357627869,0.09000000357627869,0.09000000357627869,0.09000000357627869,0,0.0,0.0
2005-07-20 00:00:00-04:00,0.09000000357627869,0.09000000357627869,0.09000000357627869,0.09000000357627869,0,0.0,0.0
2005-07-21 00:00:00-04:00,0.09000000357627869,0.09000000357627869,0.09000000357627869,0.09000000357627869,0,0.0,0.0
2005-07-22 00:00:00-04:00,0.09000000357627869,0.09000000357627869,0.09000000357627869,0.09000000357627869,0,0.0,0.0
2005-07-25 00:00:00-04:00,0.09000000357627869,0.09000000357627869,0.09000000357627869,0.09000000357627869,13200,0.0,0.0
2005-07-26 00:00:00-04:00,0.09000000357627869,0.09000000357627869,0.09000000357627869,0.09000000357627869,0,0.0,0.0
2005-07-27 00:00:00-04:00,0.09000000357627869,0.09000000357627869,0.09000000357627869,0.09000000357627869,0,0.0,0.0
2005-07-28 00:00:00-04:00,0.07000000029802322,0.07000000029802322,0.07000000029802322,0.07000000029802322,200,0.0,0.0
2005-07-29 00:00:00-04:00,0.07000000029802322,0.07000000029802322,0.07000000029802322,0.07000000029802322,0,0.0,0.0
2005-08-01 00:00:00-04:00,0.07000000029802322,0.07000000029802322,0.07000000029802322,0.07000000029802322,0,0.0,0.0
2005-08-02 00:00:00-04:00,0.07000000029802322,0.07000000029802322,0.07000000029802322,0.07000000029802322,0,0.0,0.0
2005-08-03 00:00:00-04:00,0.07000000029802322,0.07000000029802322,0.07000000029802322,0.07000000029802322,0,0.0,0.0
2005-08-04 00:00:00-04:00,0.07000000029802322,0.07000000029802322,0.07000000029802322,0.07000000029802322,0,0.0,0.0
2005-08-05 00:00:00-04:00,0.07000000029802322,0.07000000029802322,0.07000000029802322,0.07000000029802322,0,0.0,0.0
2005-08-08 00:00:00-04:00,0.07999999821186066,0.07999999821186066,0.07999999821186066,0.07999999821186066,1500,0.0,0.0
2005-08-09 00:00:00-04:00,0.07999999821186066,0.07999999821186066,0.07999999821186066,0.07999999821186066,0,0.0,0.0
2005-08-10 00:00:00-04:00,0.07999999821186066,0.07999999821186066,0.07999999821186066,0.07999999821186066,0,0.0,0.0
2005-08-11 00:00:00-04:00,0.07999999821186066,0.07999999821186066,0.07999999821186066,0.07999999821186066,0,0.0,0.0
2005-08-12 00:00:00-04:00,0.07999999821186066,0.07999999821186066,0.07999999821186066,0.07999999821186066,0,0.0,0.0
2005-08-15 00:00:00-04:00,0.07999999821186066,0.07999999821186066,0.07999999821186066,0.07999999821186066,0,0.0,0.0
2005-08-16 00:00:00-04:00,0.07000000029802322,0.07000000029802322,0.07000000029802322,0.07000000029802322,7000,0.0,0.0
2005-08-17 00:00:00-04:00,0.07000000029802322,0.07000000029802322,0.07000000029802322,0.07000000029802322,5000,0.0,0.0
2005-08-18 00:00:00-04:00,0.07000000029802322,0.07000000029802322,0.07000000029802322,0.07000000029802322,11900,0.0,0.0
2005-08-19 00:00:00-04:00,0.07000000029802322,0.07000000029802322,0.07000000029802322,0.07000000029802322,0,0.0,0.0
2005-08-22 00:00:00-04:00,0.07000000029802322,0.07000000029802322,0.07000000029802322,0.07000000029802322,0,0.0,0.0
2005-08-23 00:00:00-04:00,0.07000000029802322,0.07000000029802322,0.07000000029802322,0.07000000029802322,0,0.0,0.0
2005-08-24 00:00:00-04:00,0.07000000029802322,0.07000000029802322,0.07000000029802322,0.07000000029802322,0,0.0,0.0
2005-08-25 00:00:00-04:00,0.07500000298023224,0.07500000298023224,0.07500000298023224,0.07500000298023224,5000,0.0,0.0
2005-08-26 00:00:00-04:00,0.07500000298023224,0.07500000298023224,0.07500000298023224,0.07500000298023224,2500,0.0,0.0
2005-08-29 00:00:00-04:00,0.0949999988079071,0.0949999988079071,0.07500000298023224,0.07500000298023224,4300,0.0,0.0
2005-08-30 00:00:00-04:00,0.07500000298023224,0.07500000298023224,0.07500000298023224,0.07500000298023224,50000,0.0,0.0
2005-08-31 00:00:00-04:00,0.07500000298023224,0.07500000298023224,0.07500000298023224,0.07500000298023224,0,0.0,0.0
2005-09-01 00:00:00-04:00,0.07500000298023224,0.07500000298023224,0.07500000298023224,0.07500000298023224,0,0.0,0.0
2005-09-02 00:00:00-04:00,0.07999999821186066,0.07999999821186066,0.07999999821186066,0.07999999821186066,5000,0.0,0.0
2005-09-06 00:00:00-04:00,0.10999999940395355,0.13899999856948853,0.10999999940395355,0.13899999856948853,34400,0.0,0.0
2005-09-07 00:00:00-04:00,0.12999999523162842,0.18000000715255737,0.12999999523162842,0.17900000512599945,146700,0.0,0.0
2005-09-08 00:00:00-04:00,0.17000000178813934,0.2199999988079071,0.17000000178813934,0.17000000178813934,216400,0.0,0.0
2005-09-09 00:00:00-04:00,0.1599999964237213,0.1599999964237213,0.11999999731779099,0.11999999731779099,40000,0.0,0.0
2005-09-12 00:00:00-04:00,0.1599999964237213,0.1599999964237213,0.1599999964237213,0.1599999964237213,15000,0.0,0.0
2005-09-13 00:00:00-04:00,0.1599999964237213,0.1599999964237213,0.1599999964237213,0.1599999964237213,0,0.0,0.0
2005-09-14 00:00:00-04:00,0.18000000715255737,0.18000000715255737,0.1599999964237213,0.1599999964237213,17500,0.0,0.0
2005-09-15 00:00:00-04:00,0.18000000715255737,0.18000000715255737,0.18000000715255737,0.18000000715255737,15000,0.0,0.0
2005-09-16 00:00:00-04:00,0.17299999296665192,0.17299999296665192,0.17299999296665192,0.17299999296665192,20000,0.0,0.0
2005-09-19 00:00:00-04:00,0.17499999701976776,0.18000000715255737,0.17499999701976776,0.18000000715255737,9000,0.0,0.0
2005-09-20 00:00:00-04:00,0.1599999964237213,0.1599999964237213,0.1599999964237213,0.1599999964237213,15000,0.0,0.0
2005-09-21 00:00:00-04:00,0.1899999976158142,0.1899999976158142,0.1899999976158142,0.1899999976158142,1000,0.0,0.0
2005-09-22 00:00:00-04:00,0.20000000298023224,0.20000000298023224,0.18000000715255737,0.18000000715255737,29000,0.0,0.0
2005-09-23 00:00:00-04:00,0.1599999964237213,0.1599999964237213,0.1599999964237213,0.1599999964237213,200,0.0,0.0
2005-09-26 00:00:00-04:00,0.18000000715255737,0.25,0.18000000715255737,0.25,20100,0.0,0.0
2005-09-27 00:00:00-04:00,0.23999999463558197,0.23999999463558197,0.22499999403953552,0.22499999403953552,298100,0.0,0.0
2005-09-28 00:00:00-04:00,0.22499999403953552,0.22499999403953552,0.22499999403953552,0.22499999403953552,0,0.0,0.0
2005-09-29 00:00:00-04:00,0.20999999344348907,0.20999999344348907,0.20999999344348907,0.20999999344348907,10000,0.0,0.0
2005-09-30 00:00:00-04:00,0.20999999344348907,0.20999999344348907,0.20999999344348907,0.20999999344348907,0,0.0,0.0
2005-10-03 00:00:00-04:00,0.20999999344348907,0.20999999344348907,0.20999999344348907,0.20999999344348907,0,0.0,0.0
2005-10-04 00:00:00-04:00,0.20999999344348907,0.20999999344348907,0.20999999344348907,0.20999999344348907,0,0.0,0.0
2005-10-05 00:00:00-04:00,0.17000000178813934,0.17000000178813934,0.17000000178813934,0.17000000178813934,21000,0.0,0.0
2005-10-06 00:00:00-04:00,0.17000000178813934,0.17000000178813934,0.17000000178813934,0.17000000178813934,25100,0.0,0.0
2005-10-07 00:00:00-04:00,0.17000000178813934,0.17000000178813934,0.17000000178813934,0.17000000178813934,58000,0.0,0.0
2005-10-10 00:00:00-04:00,0.17000000178813934,0.17000000178813934,0.17000000178813934,0.17000000178813934,0,0.0,0.0
2005-10-11 00:00:00-04:00,0.125,0.125,0.125,0.125,200,0.0,0.0
2005-10-12 00:00:00-04:00,0.125,0.125,0.125,0.125,0,0.0,0.0
2005-10-13 00:00:00-04:00,0.17000000178813934,0.17000000178813934,0.17000000178813934,0.17000000178813934,57500,0.0,0.0
2005-10-14 00:00:00-04:00,0.1599999964237213,0.17000000178813934,0.1599999964237213,0.17000000178813934,36000,0.0,0.0
2005-10-17 00:00:00-04:00,0.17000000178813934,0.1899999976158142,0.17000000178813934,0.1899999976158142,61500,0.0,0.0
2005-10-18 00:00:00-04:00,0.20000000298023224,0.20000000298023224,0.20000000298023224,0.20000000298023224,50000,0.0,0.0
2005-10-19 00:00:00-04:00,0.20000000298023224,0.25,0.20000000298023224,0.2199999988079071,137600,0.0,0.0
2005-10-20 00:00:00-04:00,0.2199999988079071,0.2199999988079071,0.2199999988079071,0.2199999988079071,12500,0.0,0.0
2005-10-21 00:00:00-04:00,0.2199999988079071,0.2199999988079071,0.2199999988079071,0.2199999988079071,0,0.0,0.0
2005-10-24 00:00:00-04:00,0.20000000298023224,0.20999999344348907,0.20000000298023224,0.20000000298023224,20200,0.0,0.0
2005-10-25 00:00:00-04:00,0.20000000298023224,0.20000000298023224,0.20000000298023224,0.20000000298023224,11000,0.0,0.0
2005-10-26 00:00:00-04:00,0.20000000298023224,0.20000000298023224,0.20000000298023224,0.20000000298023224,10500,0.0,0.0
2005-10-27 00:00:00-04:00,0.20000000298023224,0.20000000298023224,0.20000000298023224,0.20000000298023224,20500,0.0,0.0
2005-10-28 00:00:00-04:00,0.20000000298023224,0.20000000298023224,0.20000000298023224,0.20000000298023224,0,0.0,0.0
2005-10-31 00:00:00-05:00,0.20000000298023224,0.20000000298023224,0.20000000298023224,0.20000000298023224,0,0.0,0.0
2005-11-01 00:00:00-05:00,0.20000000298023224,0.20000000298023224,0.20000000298023224,0.20000000298023224,5000,0.0,0.0
2005-11-02 00:00:00-05:00,0.20000000298023224,0.25,0.20000000298023224,0.2199999988079071,32500,0.0,0.0
2005-11-03 00:00:00-05:00,0.23999999463558197,0.25,0.2199999988079071,0.2199999988079071,38300,0.0,0.0
2005-11-04 00:00:00-05:00,0.20000000298023224,0.20000000298023224,0.20000000298023224,0.20000000298023224,5000,0.0,0.0
2005-11-07 00:00:00-05:00,0.20000000298023224,0.20000000298023224,0.20000000298023224,0.20000000298023224,0,0.0,0.0
2005-11-08 00:00:00-05:00,0.20000000298023224,0.20000000298023224,0.20000000298023224,0.20000000298023224,0,0.0,0.0
2005-11-09 00:00:00-05:00,0.20000000298023224,0.20000000298023224,0.20000000298023224,0.20000000298023224,0,0.0,0.0
2005-11-10 00:00:00-05:00,0.20000000298023224,0.20000000298023224,0.20000000298023224,0.20000000298023224,0,0.0,0.0
2005-11-11 00:00:00-05:00,0.20000000298023224,0.20000000298023224,0.20000000298023224,0.20000000298023224,0,0.0,0.0
2005-11-14 00:00:00-05:00,0.1599999964237213,0.1599999964237213,0.1599999964237213,0.1599999964237213,4700,0.0,0.0
2005-11-15 00:00:00-05:00,0.1599999964237213,0.1599999964237213,0.1599999964237213,0.1599999964237213,0,0.0,0.0
2005-11-16 00:00:00-05:00,0.1599999964237213,0.1599999964237213,0.1599999964237213,0.1599999964237213,0,0.0,0.0
2005-11-17 00:00:00-05:00,0.17000000178813934,0.17000000178813934,0.14000000059604645,0.14000000059604645,50200,0.0,0.0
2005-11-18 00:00:00-05:00,0.14000000059604645,0.14000000059604645,0.14000000059604645,0.14000000059604645,0,0.0,0.0
2005-11-21 00:00:00-05:00,0.14000000059604645,0.14000000059604645,0.14000000059604645,0.14000000059604645,0,0.0,0.0
2005-11-22 00:00:00-05:00,0.14000000059604645,0.14000000059604645,0.14000000059604645,0.14000000059604645,0,0.0,0.0
2005-11-23 00:00:00-05:00,0.14000000059604645,0.14000000059604645,0.12999999523162842,0.12999999523162842,5600,0.0,0.0
2005-11-25 00:00:00-05:00,0.12999999523162842,0.12999999523162842,0.12999999523162842,0.12999999523162842,0,0.0,0.0
2005-11-28 00:00:00-05:00,0.12999999523162842,0.12999999523162842,0.12999999523162842,0.12999999523162842,1000,0.0,0.0
2005-11-29 00:00:00-05:00,0.12999999523162842,0.12999999523162842,0.12999999523162842,0.12999999523162842,0,0.0,0.0
2005-11-30 00:00:00-05:00,0.12999999523162842,0.12999999523162842,0.11999999731779099,0.11999999731779099,19500,0.0,0.0
2005-12-01 00:00:00-05:00,0.11999999731779099,0.11999999731779099,0.11999999731779099,0.11999999731779099,0,0.0,0.0
2005-12-02 00:00:00-05:00,0.14000000059604645,0.14000000059604645,0.14000000059604645,0.14000000059604645,1000,0.0,0.0
2005-12-05 00:00:00-05:00,0.14000000059604645,0.14000000059604645,0.14000000059604645,0.14000000059604645,0,0.0,0.0
2005-12-06 00:00:00-05:00,0.12999999523162842,0.12999999523162842,0.12999999523162842,0.12999999523162842,3000,0.0,0.0
2005-12-07 00:00:00-05:00,0.12999999523162842,0.12999999523162842,0.12999999523162842,0.12999999523162842,0,0.0,0.0
2005-12-08 00:00:00-05:00,0.12999999523162842,0.12999999523162842,0.12999999523162842,0.12999999523162842,500,0.0,0.0
2005-12-09 00:00:00-05:00,0.14000000059604645,0.14000000059604645,0.14000000059604645,0.14000000059604645,2500,0.0,0.0
2005-12-12 00:00:00-05:00,0.14000000059604645,0.14000000059604645,0.14000000059604645,0.14000000059604645,0,0.0,0.0
2005-12-13 00:00:00-05:00,0.11999999731779099,0.11999999731779099,0.11999999731779099,0.11999999731779099,15000,0.0,0.0
2005-12-14 00:00:00-05:00,0.10999999940395355,0.10999999940395355,0.10999999940395355,0.10999999940395355,15500,0.0,0.0
2005-12-15 00:00:00-05:00,0.10999999940395355,0.10999999940395355,0.10999999940395355,0.10999999940395355,0,0.0,0.0
2005-12-16 00:00:00-05:00,0.10999999940395355,0.10999999940395355,0.10999999940395355,0.10999999940395355,0,0.0,0.0
2005-12-19 00:00:00-05:00,0.10999999940395355,0.10999999940395355,0.10999999940395355,0.10999999940395355,0,0.0,0.0
2005-12-20 00:00:00-05:00,0.10000000149011612,0.10000000149011612,0.10000000149011612,0.10000000149011612,1400,0.0,0.0
2005-12-21 00:00:00-05:00,0.10000000149011612,0.10000000149011612,0.10000000149011612,0.10000000149011612,900,0.0,0.0
2005-12-22 00:00:00-05:00,0.10000000149011612,0.10000000149011612,0.10000000149011612,0.10000000149011612,0,0.0,0.0
2005-12-23 00:00:00-05:00,0.10000000149011612,0.10000000149011612,0.10000000149011612,0.10000000149011612,0,0.0,0.0
2005-12-27 00:00:00-05:00,0.12999999523162842,0.12999999523162842,0.12999999523162842,0.12999999523162842,1000,0.0,0.0
2005-12-28 00:00:00-05:00,0.12999999523162842,0.12999999523162842,0.12999999523162842,0.12999999523162842,0,0.0,0.0
2005-12-29 00:00:00-05:00,0.10999999940395355,0.10999999940395355,0.10999999940395355,0.10999999940395355,300,0.0,0.0
2005-12-30 00:00:00-05:00,0.10999999940395355,0.10999999940395355,0.10999999940395355,0.10999999940395355,14100,0.0,0.0
2006-01-03 00:00:00-05:00,0.10999999940395355,0.10999999940395355,0.10999999940395355,0.10999999940395355,0,0.0,0.0
2006-01-04 00:00:00-05:00,0.11999999731779099,0.11999999731779099,0.10999999940395355,0.11999999731779099,17000,0.0,0.0
2006-01-05 00:00:00-05:00,0.11999999731779099,0.11999999731779099,0.11999999731779099,0.11999999731779099,0,0.0,0.0
2006-01-06 00:00:00-05:00,0.11999999731779099,0.11999999731779099,0.11999999731779099,0.11999999731779099,0,0.0,0.0
2006-01-09 00:00:00-05:00,0.09000000357627869,0.09000000357627869,0.09000000357627869,0.09000000357627869,6600,0.0,0.0
2006-01-10 00:00:00-05:00,0.11500000208616257,0.14000000059604645,0.11500000208616257,0.14000000059604645,1200,0.0,0.0
2006-01-11 00:00:00-05:00,0.14000000059604645,0.14000000059604645,0.14000000059604645,0.14000000059604645,5000,0.0,0.0
2006-01-12 00:00:00-05:00,0.14000000059604645,0.14000000059604645,0.14000000059604645,0.14000000059604645,0,0.0,0.0
2006-01-13 00:00:00-05:00,0.14000000059604645,0.14000000059604645,0.14000000059604645,0.14000000059604645,5000,0.0,0.0
2006-01-17 00:00:00-05:00,0.1599999964237213,0.1599999964237213,0.1599999964237213,0.1599999964237213,17500,0.0,0.0
2006-01-18 00:00:00-05:00,0.1599999964237213,0.1599999964237213,0.1599999964237213,0.1599999964237213,0,0.0,0.0
2006-01-19 00:00:00-05:00,0.18000000715255737,0.18000000715255737,0.18000000715255737,0.18000000715255737,1000,0.0,0.0
2006-01-20 00:00:00-05:00,0.1599999964237213,0.1599999964237213,0.1599999964237213,0.1599999964237213,5000,0.0,0.0
2006-01-23 00:00:00-05:00,0.14000000059604645,0.1599999964237213,0.14000000059604645,0.1599999964237213,10000,0.0,0.0
2006-01-24 00:00:00-05:00,0.12999999523162842,0.12999999523162842,0.12999999523162842,0.12999999523162842,13500,0.0,0.0
2006-01-25 00:00:00-05:00,0.12999999523162842,0.12999999523162842,0.12999999523162842,0.12999999523162842,0,0.0,0.0
2006-01-26 00:00:00-05:00,0.12999999523162842,0.12999999523162842,0.12999999523162842,0.12999999523162842,700,0.0,0.0
2006-01-27 00:00:00-05:00,0.12999999523162842,0.12999999523162842,0.12999999523162842,0.12999999523162842,2000,0.0,0.0
2006-01-30 00:00:00-05:00,0.12999999523162842,0.12999999523162842,0.12999999523162842,0.12999999523162842,0,0.0,0.0
2006-01-31 00:00:00-05:00,0.12999999523162842,0.12999999523162842,0.12999999523162842,0.12999999523162842,0,0.0,0.0
2006-02-01 00:00:00-05:00,0.12999999523162842,0.12999999523162842,0.12999999523162842,0.12999999523162842,0,0.0,0.0
2006-02-02 00:00:00-05:00,0.12999999523162842,0.12999999523162842,0.12999999523162842,0.12999999523162842,0,0.0,0.0
2006-02-03 00:00:00-05:00,0.12999999523162842,0.12999999523162842,0.12999999523162842,0.12999999523162842,0,0.0,0.0
2006-02-06 00:00:00-05:00,0.12999999523162842,0.12999999523162842,0.11999999731779099,0.11999999731779099,10000,0.0,0.0
2006-02-07 00:00:00-05:00,0.11999999731779099,0.11999999731779099,0.11999999731779099,0.11999999731779099,0,0.0,0.0
2006-02-08 00:00:00-05:00,0.14000000059604645,0.14000000059604645,0.1289999932050705,0.1289999932050705,3200,0.0,0.0
2006-02-09 00:00:00-05:00,0.11100000143051147,0.11100000143051147,0.11100000143051147,0.11100000143051147,10000,0.0,0.0
2006-02-10 00:00:00-05:00,0.10999999940395355,0.10999999940395355,0.10999999940395355,0.10999999940395355,3600,0.0,0.0
2006-02-13 00:00:00-05:00,0.10999999940395355,0.10999999940395355,0.10999999940395355,0.10999999940395355,0,0.0,0.0
2006-02-14 00:00:00-05:00,0.10999999940395355,0.10999999940395355,0.10999999940395355,0.10999999940395355,0,0.0,0.0
2006-02-15 00:00:00-05:00,0.10999999940395355,0.10999999940395355,0.10999999940395355,0.10999999940395355,0,0.0,0.0
2006-02-16 00:00:00-05:00,0.10999999940395355,0.10999999940395355,0.10999999940395355,0.10999999940395355,1000,0.0,0.0
2006-02-17 00:00:00-05:00,0.10999999940395355,0.10999999940395355,0.10999999940395355,0.10999999940395355,1000,0.0,0.0
2006-02-21 00:00:00-05:00,0.10999999940395355,0.10999999940395355,0.10999999940395355,0.10999999940395355,1000,0.0,0.0
2006-02-22 00:00:00-05:00,0.10999999940395355,0.11999999731779099,0.09000000357627869,0.09000000357627869,45000,0.0,0.0
2006-02-23 00:00:00-05:00,0.09000000357627869,0.09000000357627869,0.09000000357627869,0.09000000357627869,1000,0.0,0.0
2006-02-24 00:00:00-05:00,0.09000000357627869,0.09000000357627869,0.09000000357627869,0.09000000357627869,1800,0.0,0.0
2006-02-27 00:00:00-05:00,0.09000000357627869,0.09000000357627869,0.09000000357627869,0.09000000357627869,1000,0.0,0.0
2006-02-28 00:00:00-05:00,0.09000000357627869,0.09000000357627869,0.09000000357627869,0.09000000357627869,1000,0.0,0.0
2006-03-01 00:00:00-05:00,0.09000000357627869,0.09000000357627869,0.09000000357627869,0.09000000357627869,0,0.0,0.0
2006-03-02 00:00:00-05:00,0.09000000357627869,0.09000000357627869,0.09000000357627869,0.09000000357627869,0,0.0,0.0
2006-03-03 00:00:00-05:00,0.10999999940395355,0.10999999940395355,0.10999999940395355,0.10999999940395355,1000,0.0,0.0
2006-03-06 00:00:00-05:00,0.10999999940395355,0.10999999940395355,0.10999999940395355,0.10999999940395355,13500,0.0,0.0
2006-03-07 00:00:00-05:00,0.10999999940395355,0.10999999940395355,0.10999999940395355,0.10999999940395355,0,0.0,0.0
2006-03-08 00:00:00-05:00,0.10999999940395355,0.10999999940395355,0.10999999940395355,0.10999999940395355,0,0.0,0.0
2006-03-09 00:00:00-05:00,0.09000000357627869,0.10000000149011612,0.09000000357627869,0.10000000149011612,4600,0.0,0.0
2006-03-10 00:00:00-05:00,0.09000000357627869,0.15000000596046448,0.09000000357627869,0.15000000596046448,7200,0.0,0.0
2006-03-13 00:00:00-05:00,0.15000000596046448,0.15000000596046448,0.15000000596046448,0.15000000596046448,0,0.0,0.0
2006-03-14 00:00:00-05:00,0.10000000149011612,0.10000000149011612,0.10000000149011612,0.10000000149011612,2000,0.0,0.0
2006-03-15 00:00:00-05:00,0.10000000149011612,0.10000000149011612,0.10000000149011612,0.10000000149011612,0,0.0,0.0
2006-03-16 00:00:00-05:00,0.10000000149011612,0.10000000149011612,0.10000000149011612,0.10000000149011612,0,0.0,0.0
2006-03-17 00:00:00-05:00,0.10000000149011612,0.10000000149011612,0.10000000149011612,0.10000000149011612,0,0.0,0.0
2006-03-20 00:00:00-05:00,0.10000000149011612,0.10000000149011612,0.10000000149011612,0.10000000149011612,0,0.0,0.0
2006-03-21 00:00:00-05:00,0.10000000149011612,0.10000000149011612,0.10000000149011612,0.10000000149011612,0,0.0,0.0
2006-03-22 00:00:00-05:00,0.10999999940395355,0.11999999731779099,0.10999999940395355,0.11999999731779099,22800,0.0,0.0
2006-03-23 00:00:00-05:00,0.11999999731779099,0.11999999731779099,0.11999999731779099,0.11999999731779099,0,0.0,0.0
2006-03-24 00:00:00-05:00,0.10999999940395355,0.10999999940395355,0.10999999940395355,0.10999999940395355,1000,0.0,0.0
2006-03-27 00:00:00-05:00,0.10999999940395355,0.10999999940395355,0.10999999940395355,0.10999999940395355,0,0.0,0.0
2006-03-28 00:00:00-05:00,0.10999999940395355,0.10999999940395355,0.10999999940395355,0.10999999940395355,200,0.0,0.0
2006-03-29 00:00:00-05:00,0.10999999940395355,0.10999999940395355,0.10000000149011612,0.10000000149011612,6000,0.0,0.0
2006-03-30 00:00:00-05:00,0.10000000149011612,0.10000000149011612,0.09000000357627869,0.09000000357627869,45000,0.0,0.0
2006-03-31 00:00:00-05:00,0.09000000357627869,0.09000000357627869,0.09000000357627869,0.09000000357627869,0,0.0,0.0
2006-04-03 00:00:00-04:00,0.09000000357627869,0.09000000357627869,0.09000000357627869,0.09000000357627869,15000,0.0,0.0
2006-04-04 00:00:00-04:00,0.10000000149011612,0.10000000149011612,0.10000000149011612,0.10000000149011612,11000,0.0,0.0
2006-04-05 00:00:00-04:00,0.14000000059604645,0.14000000059604645,0.14000000059604645,0.14000000059604645,1000,0.0,0.0
2006-04-06 00:00:00-04:00,0.14000000059604645,0.14000000059604645,0.14000000059604645,0.14000000059604645,0,0.0,0.0
2006-04-07 00:00:00-04:00,0.09000000357627869,0.09000000357627869,0.09000000357627869,0.09000000357627869,500,0.0,0.0
2006-04-10 00:00:00-04:00,0.09000000357627869,0.09000000357627869,0.09000000357627869,0.09000000357627869,500,0.0,0.0
2006-04-11 00:00:00-04:00,0.09000000357627869,0.09000000357627869,0.09000000357627869,0.09000000357627869,0,0.0,0.0
2006-04-12 00:00:00-04:00,0.09000000357627869,0.09000000357627869,0.09000000357627869,0.09000000357627869,0,0.0,0.0
2006-04-13 00:00:00-04:00,0.09000000357627869,0.09000000357627869,0.09000000357627869,0.09000000357627869,0,0.0,0.0
2006-04-17 00:00:00-04:00,0.14000000059604645,0.14000000059604645,0.09000000357627869,0.09000000357627869,4300,0.0,0.0
2006-04-18 00:00:00-04:00,0.09000000357627869,0.09000000357627869,0.09000000357627869,0.09000000357627869,0,0.0,0.0
2006-04-19 00:00:00-04:00,0.09000000357627869,0.09000000357627869,0.09000000357627869,0.09000000357627869,4000,0.0,0.0
2006-04-20 00:00:00-04:00,0.09000000357627869,0.09000000357627869,0.09000000357627869,0.09000000357627869,16000,0.0,0.0
2006-04-21 00:00:00-04:00,0.09000000357627869,0.09000000357627869,0.09000000357627869,0.09000000357627869,0,0.0,0.0
2006-04-24 00:00:00-04:00,0.09000000357627869,0.09000000357627869,0.09000000357627869,0.09000000357627869,0,0.0,0.0
2006-04-25 00:00:00-04:00,0.09000000357627869,0.09000000357627869,0.09000000357627869,0.09000000357627869,0,0.0,0.0
2006-04-26 00:00:00-04:00,0.11999999731779099,0.14000000059604645,0.11999999731779099,0.11999999731779099,85000,0.0,0.0
2006-04-27 00:00:00-04:00,0.11999999731779099,0.11999999731779099,0.11999999731779099,0.11999999731779099,5000,0.0,0.0
2006-04-28 00:00:00-04:00,0.11999999731779099,0.11999999731779099,0.11999999731779099,0.11999999731779099,2000,0.0,0.0
2006-05-01 00:00:00-04:00,0.11999999731779099,0.11999999731779099,0.11999999731779099,0.11999999731779099,0,0.0,0.0
2006-05-02 00:00:00-04:00,0.11999999731779099,0.11999999731779099,0.11999999731779099,0.11999999731779099,5000,0.0,0.0
2006-05-03 00:00:00-04:00,0.11999999731779099,0.11999999731779099,0.11999999731779099,0.11999999731779099,0,0.0,0.0
2006-05-04 00:00:00-04:00,0.11999999731779099,0.11999999731779099,0.11999999731779099,0.11999999731779099,0,0.0,0.0
2006-05-05 00:00:00-04:00,0.11999999731779099,0.11999999731779099,0.11999999731779099,0.11999999731779099,0,0.0,0.0
2006-05-08 00:00:00-04:00,0.11999999731779099,0.11999999731779099,0.11999999731779099,0.11999999731779099,0,0.0,0.0
2006-05-09 00:00:00-04:00,0.11999999731779099,0.11999999731779099,0.11999999731779099,0.11999999731779099,0,0.0,0.0
2006-05-10 00:00:00-04:00,0.11999999731779099,0.14000000059604645,0.11999999731779099,0.14000000059604645,40400,0.0,0.0
2006-05-11 00:00:00-04:00,0.1599999964237213,0.1599999964237213,0.1599999964237213,0.1599999964237213,5000,0.0,0.0
2006-05-12 00:00:00-04:00,0.12999999523162842,0.1599999964237213,0.12999999523162842,0.1599999964237213,47300,0.0,0.0
2006-05-15 00:00:00-04:00,0.12999999523162842,0.14000000059604645,0.12999999523162842,0.14000000059604645,10000,0.0,0.0
2006-05-16 00:00:00-04:00,0.14000000059604645,0.14000000059604645,0.14000000059604645,0.14000000059604645,0,0.0,0.0
2006-05-17 00:00:00-04:00,0.14000000059604645,0.14000000059604645,0.14000000059604645,0.14000000059604645,0,0.0,0.0
2006-05-18 00:00:00-04:00,0.14000000059604645,0.14000000059604645,0.14000000059604645,0.14000000059604645,0,0.0,0.0
2006-05-19 00:00:00-04:00,0.1599999964237213,0.17000000178813934,0.1599999964237213,0.1599999964237213,65500,0.0,0.0
2006-05-22 00:00:00-04:00,0.1599999964237213,0.1599999964237213,0.1599999964237213,0.1599999964237213,11000,0.0,0.0
2006-05-23 00:00:00-04:00,0.1599999964237213,0.1599999964237213,0.1599999964237213,0.1599999964237213,0,0.0,0.0
2006-05-24 00:00:00-04:00,0.1899999976158142,0.1899999976158142,0.1899999976158142,0.1899999976158142,67600,0.0,0.0
2006-05-25 00:00:00-04:00,0.1899999976158142,0.1899999976158142,0.1899999976158142,0.1899999976158142,340000,0.0,0.0
2006-05-26 00:00:00-04:00,0.20999999344348907,0.25,0.1899999976158142,0.1899999976158142,38000,0.0,0.0
2006-05-30 00:00:00-04:00,0.1899999976158142,0.1899999976158142,0.1899999976158142,0.1899999976158142,0,0.0,0.0
2006-05-31 00:00:00-04:00,0.1599999964237213,0.1599999964237213,0.1599999964237213,0.1599999964237213,2000,0.0,0.0
2006-06-01 00:00:00-04:00,0.1599999964237213,0.1599999964237213,0.1599999964237213,0.1599999964237213,0,0.0,0.0
2006-06-02 00:00:00-04:00,0.1899999976158142,0.1899999976158142,0.1899999976158142,0.1899999976158142,1000,0.0,0.0
2006-06-05 00:00:00-04:00,0.1899999976158142,0.1899999976158142,0.1899999976158142,0.1899999976158142,0,0.0,0.0
2006-06-06 00:00:00-04:00,0.1899999976158142,0.1899999976158142,0.1899999976158142,0.1899999976158142,0,0.0,0.0
2006-06-07 00:00:00-04:00,0.12999999523162842,0.12999999523162842,0.12999999523162842,0.12999999523162842,78700,0.0,0.0
2006-06-08 00:00:00-04:00,0.12999999523162842,0.12999999523162842,0.12999999523162842,0.12999999523162842,7500,0.0,0.0
2006-06-09 00:00:00-04:00,0.13099999725818634,0.13099999725818634,0.13099999725818634,0.13099999725818634,5700,0.0,0.0
2006-06-12 00:00:00-04:00,0.12999999523162842,0.12999999523162842,0.12999999523162842,0.12999999523162842,1000,0.0,0.0
2006-06-13 00:00:00-04:00,0.12999999523162842,0.12999999523162842,0.12999999523162842,0.12999999523162842,10500,0.0,0.0
2006-06-14 00:00:00-04:00,0.12999999523162842,0.12999999523162842,0.12999999523162842,0.12999999523162842,0,0.0,0.0
2006-06-15 00:00:00-04:00,0.12999999523162842,0.12999999523162842,0.12999999523162842,0.12999999523162842,5000,0.0,0.0
2006-06-16 00:00:00-04:00,0.12999999523162842,0.12999999523162842,0.12999999523162842,0.12999999523162842,0,0.0,0.0
2006-06-19 00:00:00-04:00,0.10000000149011612,0.10000000149011612,0.10000000149011612,0.10000000149011612,10000,0.0,0.0
2006-06-20 00:00:00-04:00,0.10000000149011612,0.10000000149011612,0.10000000149011612,0.10000000149011612,0,0.0,0.0
2006-06-21 00:00:00-04:00,0.10000000149011612,0.10000000149011612,0.10000000149011612,0.10000000149011612,5000,0.0,0.0
2006-06-22 00:00:00-04:00,0.10000000149011612,0.10000000149011612,0.10000000149011612,0.10000000149011612,0,0.0,0.0
2006-06-23 00:00:00-04:00,0.10000000149011612,0.10000000149011612,0.10000000149011612,0.10000000149011612,5000,0.0,0.0
2006-06-26 00:00:00-04:00,0.11999999731779099,0.11999999731779099,0.11999999731779099,0.11999999731779099,5000,0.0,0.0
2006-06-27 00:00:00-04:00,0.11999999731779099,0.11999999731779099,0.11999999731779099,0.11999999731779099,0,0.0,0.0
2006-06-28 00:00:00-04:00,0.10000000149011612,0.10000000149011612,0.10000000149011612,0.10000000149011612,500,0.0,0.0
2006-06-29 00:00:00-04:00,0.10000000149011612,0.10000000149011612,0.10000000149011612,0.10000000149011612,5000,0.0,0.0
2006-06-30 00:00:00-04:00,0.10000000149011612,0.10000000149011612,0.10000000149011612,0.10000000149011612,0,0.0,0.0
2006-07-03 00:00:00-04:00,0.10000000149011612,0.10000000149011612,0.10000000149011612,0.10000000149011612,0,0.0,0.0
2006-07-05 00:00:00-04:00,0.10000000149011612,0.10000000149011612,0.10000000149011612,0.10000000149011612,0,0.0,0.0
2006-07-06 00:00:00-04:00,0.10999999940395355,0.11999999731779099,0.10000000149011612,0.10999999940395355,53000,0.0,0.0
2006-07-07 00:00:00-04:00,0.10000000149011612,0.10000000149011612,0.10000000149011612,0.10000000149011612,7000,0.0,0.0
2006-07-10 00:00:00-04:00,0.10000000149011612,0.10000000149011612,0.09000000357627869,0.09000000357627869,74000,0.0,0.0
2006-07-11 00:00:00-04:00,0.09000000357627869,0.09000000357627869,0.09000000357627869,0.09000000357627869,0,0.0,0.0
2006-07-12 00:00:00-04:00,0.09000000357627869,0.09000000357627869,0.05999999865889549,0.07999999821186066,119800,0.0,0.0
2006-07-13 00:00:00-04:00,0.07999999821186066,0.10999999940395355,0.07000000029802322,0.10999999940395355,100600,0.0,0.0
2006-07-14 00:00:00-04:00,0.11999999731779099,0.11999999731779099,0.11999999731779099,0.11999999731779099,1100,0.0,0.0
2006-07-17 00:00:00-04:00,0.09000000357627869,0.09000000357627869,0.09000000357627869,0.09000000357627869,10700,0.0,0.0
2006-07-18 00:00:00-04:00,0.09000000357627869,0.09000000357627869,0.09000000357627869,0.09000000357627869,0,0.0,0.0
2006-07-19 00:00:00-04:00,0.09000000357627869,0.09000000357627869,0.09000000357627869,0.09000000357627869,0,0.0,0.0
2006-07-20 00:00:00-04:00,0.10000000149011612,0.10000000149011612,0.10000000149011612,0.10000000149011612,20000,0.0,0.0
2006-07-21 00:00:00-04:00,0.10000000149011612,0.10000000149011612,0.10000000149011612,0.10000000149011612,0,0.0,0.0
2006-07-24 00:00:00-04:00,0.09000000357627869,0.09000000357627869,0.09000000357627869,0.09000000357627869,5000,0.0,0.0
2006-07-25 00:00:00-04:00,0.09000000357627869,0.09000000357627869,0.07999999821186066,0.07999999821186066,28200,0.0,0.0
2006-07-26 00:00:00-04:00,0.08100000023841858,0.08100000023841858,0.08100000023841858,0.08100000023841858,1000,0.0,0.0
2006-07-27 00:00:00-04:00,0.07999999821186066,0.07999999821186066,0.07000000029802322,0.07999999821186066,27500,0.0,0.0
2006-07-28 00:00:00-04:00,0.09000000357627869,0.09000000357627869,0.09000000357627869,0.09000000357627869,5000,0.0,0.0
2006-07-31 00:00:00-04:00,0.09000000357627869,0.09000000357627869,0.09000000357627869,0.09000000357627869,10000,0.0,0.0
2006-08-01 00:00:00-04:00,0.09000000357627869,0.09000000357627869,0.09000000357627869,0.09000000357627869,0,0.0,0.0
2006-08-02 00:00:00-04:00,0.09099999815225601,0.09099999815225601,0.09099999815225601,0.09099999815225601,5000,0.0,0.0
2006-08-03 00:00:00-04:00,0.10000000149011612,0.10999999940395355,0.10000000149011612,0.10000000149011612,15000,0.0,0.0
2006-08-04 00:00:00-04:00,0.09099999815225601,0.09099999815225601,0.09099999815225601,0.09099999815225601,5000,0.0,0.0
2006-08-07 00:00:00-04:00,0.10000000149011612,0.10000000149011612,0.10000000149011612,0.10000000149011612,20000,0.0,0.0
2006-08-08 00:00:00-04:00,0.09099999815225601,0.09099999815225601,0.09099999815225601,0.09099999815225601,20000,0.0,0.0
2006-08-09 00:00:00-04:00,0.09000000357627869,0.10000000149011612,0.07999999821186066,0.07999999821186066,47500,0.0,0.0
2006-08-10 00:00:00-04:00,0.07999999821186066,0.07999999821186066,0.07999999821186066,0.07999999821186066,0,0.0,0.0
2006-08-11 00:00:00-04:00,0.07999999821186066,0.07999999821186066,0.07999999821186066,0.07999999821186066,0,0.0,0.0
2006-08-14 00:00:00-04:00,0.09000000357627869,0.09000000357627869,0.07999999821186066,0.07999999821186066,40200,0.0,0.0
2006-08-15 00:00:00-04:00,0.07999999821186066,0.07999999821186066,0.07000000029802322,0.07000000029802322,40000,0.0,0.0
2006-08-16 00:00:00-04:00,0.07999999821186066,0.07999999821186066,0.07000000029802322,0.07999999821186066,75000,0.0,0.0
2006-08-17 00:00:00-04:00,0.07999999821186066,0.07999999821186066,0.07999999821186066,0.07999999821186066,0,0.0,0.0
2006-08-18 00:00:00-04:00,0.07999999821186066,0.07999999821186066,0.07999999821186066,0.07999999821186066,0,0.0,0.0
2006-08-21 00:00:00-04:00,0.07999999821186066,0.07999999821186066,0.07999999821186066,0.07999999821186066,0,0.0,0.0
2006-08-22 00:00:00-04:00,0.07999999821186066,0.07999999821186066,0.07999999821186066,0.07999999821186066,0,0.0,0.0
2006-08-23 00:00:00-04:00,0.07999999821186066,0.07999999821186066,0.07999999821186066,0.07999999821186066,25000,0.0,0.0
2006-08-24 00:00:00-04:00,0.07999999821186066,0.07999999821186066,0.07999999821186066,0.07999999821186066,0,0.0,0.0
2006-08-25 00:00:00-04:00,0.07999999821186066,0.07999999821186066,0.07999999821186066,0.07999999821186066,0,0.0,0.0
2006-08-28 00:00:00-04:00,0.07999999821186066,0.07999999821186066,0.07999999821186066,0.07999999821186066,6000,0.0,0.0
2006-08-29 00:00:00-04:00,0.07999999821186066,0.07999999821186066,0.07999999821186066,0.07999999821186066,0,0.0,0.0
2006-08-30 00:00:00-04:00,0.07999999821186066,0.07999999821186066,0.07999999821186066,0.07999999821186066,0,0.0,0.0
2006-08-31 00:00:00-04:00,0.07999999821186066,0.07999999821186066,0.07999999821186066,0.07999999821186066,0,0.0,0.0
2006-09-01 00:00:00-04:00,0.07999999821186066,0.07999999821186066,0.07999999821186066,0.07999999821186066,0,0.0,0.0
2006-09-05 00:00:00-04:00,0.07999999821186066,0.07999999821186066,0.07999999821186066,0.07999999821186066,0,0.0,0.0
2006-09-06 00:00:00-04:00,0.07000000029802322,0.07000000029802322,0.07000000029802322,0.07000000029802322,25000,0.0,0.0
2006-09-07 00:00:00-04:00,0.07000000029802322,0.07000000029802322,0.07000000029802322,0.07000000029802322,0,0.0,0.0
2006-09-08 00:00:00-04:00,0.07000000029802322,0.07000000029802322,0.07000000029802322,0.07000000029802322,0,0.0,0.0
2006-09-11 00:00:00-04:00,0.07000000029802322,0.07000000029802322,0.07000000029802322,0.07000000029802322,20000,0.0,0.0
2006-09-12 00:00:00-04:00,0.09000000357627869,0.09000000357627869,0.08500000089406967,0.09000000357627869,76900,0.0,0.0
2006-09-13 00:00:00-04:00,0.09000000357627869,0.09000000357627869,0.09000000357627869,0.09000000357627869,0,0.0,0.0
2006-09-14 00:00:00-04:00,0.09000000357627869,0.09000000357627869,0.09000000357627869,0.09000000357627869,0,0.0,0.0
2006-09-15 00:00:00-04:00,0.09000000357627869,0.09000000357627869,0.09000000357627869,0.09000000357627869,0,0.0,0.0
2006-09-18 00:00:00-04:00,0.09000000357627869,0.09000000357627869,0.09000000357627869,0.09000000357627869,0,0.0,0.0
2006-09-19 00:00:00-04:00,0.09000000357627869,0.09000000357627869,0.09000000357627869,0.09000000357627869,0,0.0,0.0
2006-09-20 00:00:00-04:00,0.09000000357627869,0.09000000357627869,0.09000000357627869,0.09000000357627869,0,0.0,0.0
2006-09-21 00:00:00-04:00,0.09000000357627869,0.09000000357627869,0.09000000357627869,0.09000000357627869,0,0.0,0.0
2006-09-22 00:00:00-04:00,0.09000000357627869,0.09000000357627869,0.09000000357627869,0.09000000357627869,1000,0.0,0.0
2006-09-25 00:00:00-04:00,0.09000000357627869,0.09000000357627869,0.09000000357627869,0.09000000357627869,0,0.0,0.0
2006-09-26 00:00:00-04:00,0.09000000357627869,0.09000000357627869,0.09000000357627869,0.09000000357627869,0,0.0,0.0
2006-09-27 00:00:00-04:00,0.09000000357627869,0.09000000357627869,0.09000000357627869,0.09000000357627869,0,0.0,0.0
2006-09-28 00:00:00-04:00,0.09000000357627869,0.09000000357627869,0.09000000357627869,0.09000000357627869,15000,0.0,0.0
2006-09-29 00:00:00-04:00,0.09000000357627869,0.09000000357627869,0.09000000357627869,0.09000000357627869,0,0.0,0.0
2006-10-02 00:00:00-04:00,0.09000000357627869,0.09000000357627869,0.09000000357627869,0.09000000357627869,0,0.0,0.0
2006-10-03 00:00:00-04:00,0.09000000357627869,0.09000000357627869,0.09000000357627869,0.09000000357627869,0,0.0,0.0
2006-10-04 00:00:00-04:00,0.09000000357627869,0.09000000357627869,0.09000000357627869,0.09000000357627869,0,0.0,0.0
2006-10-05 00:00:00-04:00,0.09000000357627869,0.09000000357627869,0.09000000357627869,0.09000000357627869,0,0.0,0.0
2006-10-06 00:00:00-04:00,0.09000000357627869,0.09000000357627869,0.09000000357627869,0.09000000357627869,0,0.0,0.0
2006-10-09 00:00:00-04:00,0.09000000357627869,0.09000000357627869,0.09000000357627869,0.09000000357627869,0,0.0,0.0
2006-10-10 00:00:00-04:00,0.09000000357627869,0.09000000357627869,0.09000000357627869,0.09000000357627869,0,0.0,0.0
2006-10-11 00:00:00-04:00,0.09000000357627869,0.09000000357627869,0.09000000357627869,0.09000000357627869,0,0.0,0.0
2006-10-12 00:00:00-04:00,0.09000000357627869,0.09000000357627869,0.09000000357627869,0.09000000357627869,0,0.0,0.0
2006-10-13 00:00:00-04:00,0.09000000357627869,0.09000000357627869,0.09000000357627869,0.09000000357627869,2000,0.0,0.0
2006-10-16 00:00:00-04:00,0.09000000357627869,0.09000000357627869,0.09000000357627869,0.09000000357627869,1300,0.0,0.0
2006-10-17 00:00:00-04:00,0.09000000357627869,0.09000000357627869,0.09000000357627869,0.09000000357627869,0,0.0,0.0
2006-10-18 00:00:00-04:00,0.09000000357627869,0.09000000357627869,0.09000000357627869,0.09000000357627869,100,0.0,0.0
2006-10-19 00:00:00-04:00,0.09000000357627869,0.09000000357627869,0.09000000357627869,0.09000000357627869,0,0.0,0.0
2006-10-20 00:00:00-04:00,0.09000000357627869,0.09000000357627869,0.09000000357627869,0.09000000357627869,10000,0.0,0.0
2006-10-23 00:00:00-04:00,0.07999999821186066,0.09000000357627869,0.07999999821186066,0.09000000357627869,15000,0.0,0.0
2006-10-24 00:00:00-04:00,0.09000000357627869,0.09000000357627869,0.09000000357627869,0.09000000357627869,0,0.0,0.0
2006-10-25 00:00:00-04:00,0.09000000357627869,0.09000000357627869,0.09000000357627869,0.09000000357627869,0,0.0,0.0
2006-10-26 00:00:00-04:00,0.09000000357627869,0.09000000357627869,0.09000000357627869,0.09000000357627869,0,0.0,0.0
2006-10-27 00:00:00-04:00,0.07999999821186066,0.07999999821186066,0.07999999821186066,0.07999999821186066,500,0.0,0.0
2006-10-30 00:00:00-05:00,0.07999999821186066,0.07999999821186066,0.07999999821186066,0.07999999821186066,5000,0.0,0.0
2006-10-31 00:00:00-05:00,0.07999999821186066,0.07999999821186066,0.07999999821186066,0.07999999821186066,15000,0.0,0.0
2006-11-01 00:00:00-05:00,0.07000000029802322,0.07500000298023224,0.07000000029802322,0.07500000298023224,35200,0.0,0.0
2006-11-02 00:00:00-05:00,0.07500000298023224,0.07500000298023224,0.07500000298023224,0.07500000298023224,0,0.0,0.0
2006-11-03 00:00:00-05:00,0.07500000298023224,0.07500000298023224,0.07500000298023224,0.07500000298023224,0,0.0,0.0
2006-11-06 00:00:00-05:00,0.07500000298023224,0.07500000298023224,0.07500000298023224,0.07500000298023224,0,0.0,0.0
2006-11-07 00:00:00-05:00,0.07999999821186066,0.07999999821186066,0.07999999821186066,0.07999999821186066,1000,0.0,0.0
2006-11-08 00:00:00-05:00,0.07999999821186066,0.07999999821186066,0.07999999821186066,0.07999999821186066,0,0.0,0.0
2006-11-09 00:00:00-05:00,0.07999999821186066,0.07999999821186066,0.07999999821186066,0.07999999821186066,0,0.0,0.0
2006-11-10 00:00:00-05:00,0.07999999821186066,0.07999999821186066,0.07999999821186066,0.07999999821186066,0,0.0,0.0
2006-11-13 00:00:00-05:00,0.07999999821186066,0.07999999821186066,0.07999999821186066,0.07999999821186066,16000,0.0,0.0
2006-11-14 00:00:00-05:00,0.07000000029802322,0.07000000029802322,0.07000000029802322,0.07000000029802322,10000,0.0,0.0
2006-11-15 00:00:00-05:00,0.07000000029802322,0.07999999821186066,0.07000000029802322,0.07999999821186066,20000,0.0,0.0
2006-11-16 00:00:00-05:00,0.07500000298023224,0.07500000298023224,0.07500000298023224,0.07500000298023224,10000,0.0,0.0
2006-11-17 00:00:00-05:00,0.07500000298023224,0.07500000298023224,0.05999999865889549,0.05999999865889549,56000,0.0,0.0
2006-11-20 00:00:00-05:00,0.06499999761581421,0.06499999761581421,0.05999999865889549,0.05999999865889549,15000,0.0,0.0
2006-11-21 00:00:00-05:00,0.05999999865889549,0.05999999865889549,0.05999999865889549,0.05999999865889549,0,0.0,0.0
2006-11-22 00:00:00-05:00,0.050999999046325684,0.05999999865889549,0.03999999910593033,0.05999999865889549,134800,0.0,0.0
2006-11-24 00:00:00-05:00,0.05999999865889549,0.05999999865889549,0.05999999865889549,0.05999999865889549,0,0.0,0.0
2006-11-27 00:00:00-05:00,0.05999999865889549,0.06499999761581421,0.05999999865889549,0.06499999761581421,34000,0.0,0.0
2006-11-28 00:00:00-05:00,0.05999999865889549,0.05999999865889549,0.05999999865889549,0.05999999865889549,46000,0.0,0.0
2006-11-29 00:00:00-05:00,0.05999999865889549,0.05999999865889549,0.05999999865889549,0.05999999865889549,0,0.0,0.0
2006-11-30 00:00:00-05:00,0.05000000074505806,0.05000000074505806,0.05000000074505806,0.05000000074505806,4000,0.0,0.0
2006-12-01 00:00:00-05:00,0.05999999865889549,0.05999999865889549,0.05999999865889549,0.05999999865889549,5000,0.0,0.0
2006-12-04 00:00:00-05:00,0.05999999865889549,0.05999999865889549,0.05999999865889549,0.05999999865889549,1000,0.0,0.0
2006-12-05 00:00:00-05:00,0.05999999865889549,0.05999999865889549,0.05999999865889549,0.05999999865889549,50000,0.0,0.0
2006-12-06 00:00:00-05:00,0.05999999865889549,0.05999999865889549,0.05999999865889549,0.05999999865889549,14000,0.0,0.0
2006-12-07 00:00:00-05:00,0.05999999865889549,0.05999999865889549,0.05999999865889549,0.05999999865889549,0,0.0,0.0
2006-12-08 00:00:00-05:00,0.05999999865889549,0.05999999865889549,0.05999999865889549,0.05999999865889549,0,0.0,0.0
2006-12-11 00:00:00-05:00,0.05999999865889549,0.05999999865889549,0.05999999865889549,0.05999999865889549,0,0.0,0.0
2006-12-12 00:00:00-05:00,0.05999999865889549,0.05999999865889549,0.05999999865889549,0.05999999865889549,8100,0.0,0.0
2006-12-13 00:00:00-05:00,0.07000000029802322,0.07000000029802322,0.07000000029802322,0.07000000029802322,2000,0.0,0.0
2006-12-14 00:00:00-05:00,0.07000000029802322,0.07000000029802322,0.07000000029802322,0.07000000029802322,0,0.0,0.0
2006-12-15 00:00:00-05:00,0.07000000029802322,0.07000000029802322,0.07000000029802322,0.07000000029802322,0,0.0,0.0
2006-12-18 00:00:00-05:00,0.05000000074505806,0.05000000074505806,0.05000000074505806,0.05000000074505806,8300,0.0,0.0
2006-12-19 00:00:00-05:00,0.05000000074505806,0.05000000074505806,0.05000000074505806,0.05000000074505806,0,0.0,0.0
2006-12-20 00:00:00-05:00,0.05000000074505806,0.05000000074505806,0.05000000074505806,0.05000000074505806,0,0.0,0.0
2006-12-21 00:00:00-05:00,0.05000000074505806,0.05000000074505806,0.05000000074505806,0.05000000074505806,0,0.0,0.0
2006-12-22 00:00:00-05:00,0.05000000074505806,0.05000000074505806,0.05000000074505806,0.05000000074505806,3000,0.0,0.0
2006-12-26 00:00:00-05:00,0.054999999701976776,0.054999999701976776,0.054999999701976776,0.054999999701976776,15000,0.0,0.0
2006-12-27 00:00:00-05:00,0.05000000074505806,0.05000000074505806,0.05000000074505806,0.05000000074505806,500,0.0,0.0
2006-12-28 00:00:00-05:00,0.05000000074505806,0.05000000074505806,0.05000000074505806,0.05000000074505806,0,0.0,0.0
2006-12-29 00:00:00-05:00,0.05000000074505806,0.05000000074505806,0.05000000074505806,0.05000000074505806,0,0.0,0.0
2007-01-03 00:00:00-05:00,0.05000000074505806,0.05000000074505806,0.05000000074505806,0.05000000074505806,0,0.0,0.0
2007-01-04 00:00:00-05:00,0.050999999046325684,0.050999999046325684,0.050999999046325684,0.050999999046325684,3000,0.0,0.0
2007-01-05 00:00:00-05:00,0.050999999046325684,0.050999999046325684,0.050999999046325684,0.050999999046325684,0,0.0,0.0
2007-01-08 00:00:00-05:00,0.050999999046325684,0.050999999046325684,0.050999999046325684,0.050999999046325684,0,0.0,0.0
2007-01-09 00:00:00-05:00,0.05000000074505806,0.05000000074505806,0.05000000074505806,0.05000000074505806,1000,0.0,0.0
2007-01-10 00:00:00-05:00,0.05000000074505806,0.05000000074505806,0.05000000074505806,0.05000000074505806,0,0.0,0.0
2007-01-11 00:00:00-05:00,0.05000000074505806,0.05000000074505806,0.05000000074505806,0.05000000074505806,0,0.0,0.0
2007-01-12 00:00:00-05:00,0.05000000074505806,0.05000000074505806,0.05000000074505806,0.05000000074505806,0,0.0,0.0
2007-01-16 00:00:00-05:00,0.05000000074505806,0.05000000074505806,0.05000000074505806,0.05000000074505806,0,0.0,0.0
2007-01-17 00:00:00-05:00,0.05000000074505806,0.05000000074505806,0.05000000074505806,0.05000000074505806,0,0.0,0.0
2007-01-18 00:00:00-05:00,0.05000000074505806,0.05000000074505806,0.05000000074505806,0.05000000074505806,0,0.0,0.0
2007-01-19 00:00:00-05:00,0.05000000074505806,0.07000000029802322,0.05000000074505806,0.07000000029802322,7000,0.0,0.0
2007-01-22 00:00:00-05:00,0.05999999865889549,0.05999999865889549,0.05999999865889549,0.05999999865889549,4000,0.0,0.0
2007-01-23 00:00:00-05:00,0.07000000029802322,0.07000000029802322,0.07000000029802322,0.07000000029802322,2000,0.0,0.0
2007-01-24 00:00:00-05:00,0.05999999865889549,0.05999999865889549,0.05999999865889549,0.05999999865889549,200,0.0,0.0
2007-01-25 00:00:00-05:00,0.05999999865889549,0.05999999865889549,0.05999999865889549,0.05999999865889549,0,0.0,0.0
2007-01-26 00:00:00-05:00,0.05999999865889549,0.05999999865889549,0.05999999865889549,0.05999999865889549,0,0.0,0.0
2007-01-29 00:00:00-05:00,0.05999999865889549,0.05999999865889549,0.05999999865889549,0.05999999865889549,0,0.0,0.0
2007-01-30 00:00:00-05:00,0.05999999865889549,0.07000000029802322,0.05999999865889549,0.07000000029802322,22000,0.0,0.0
2007-01-31 00:00:00-05:00,0.07000000029802322,0.07000000029802322,0.07000000029802322,0.07000000029802322,0,0.0,0.0
2007-02-01 00:00:00-05:00,0.07000000029802322,0.07000000029802322,0.07000000029802322,0.07000000029802322,0,0.0,0.0
2007-02-02 00:00:00-05:00,0.05999999865889549,0.05999999865889549,0.05999999865889549,0.05999999865889549,2000,0.0,0.0
2007-02-05 00:00:00-05:00,0.05999999865889549,0.05999999865889549,0.05999999865889549,0.05999999865889549,0,0.0,0.0
2007-02-06 00:00:00-05:00,0.05999999865889549,0.05999999865889549,0.05999999865889549,0.05999999865889549,0,0.0,0.0
2007-02-07 00:00:00-05:00,0.05999999865889549,0.05999999865889549,0.05999999865889549,0.05999999865889549,0,0.0,0.0
2007-02-08 00:00:00-05:00,0.07000000029802322,0.07000000029802322,0.07000000029802322,0.07000000029802322,4000,0.0,0.0
2007-02-09 00:00:00-05:00,0.07000000029802322,0.07000000029802322,0.07000000029802322,0.07000000029802322,4000,0.0,0.0
2007-02-12 00:00:00-05:00,0.05999999865889549,0.05999999865889549,0.05999999865889549,0.05999999865889549,300,0.0,0.0
2007-02-13 00:00:00-05:00,0.05999999865889549,0.05999999865889549,0.05999999865889549,0.05999999865889549,0,0.0,0.0
2007-02-14 00:00:00-05:00,0.05999999865889549,0.05999999865889549,0.05999999865889549,0.05999999865889549,0,0.0,0.0
2007-02-15 00:00:00-05:00,0.05999999865889549,0.05999999865889549,0.05999999865889549,0.05999999865889549,0,0.0,0.0
2007-02-16 00:00:00-05:00,0.05999999865889549,0.05999999865889549,0.05999999865889549,0.05999999865889549,0,0.0,0.0
2007-02-20 00:00:00-05:00,0.05999999865889549,0.05999999865889549,0.04500000178813934,0.05000000074505806,75000,0.0,0.0
2007-02-21 00:00:00-05:00,0.05000000074505806,0.05000000074505806,0.05000000074505806,0.05000000074505806,0,0.0,0.0
2007-02-22 00:00:00-05:00,0.05999999865889549,0.07000000029802322,0.05999999865889549,0.07000000029802322,11000,0.0,0.0
2007-02-23 00:00:00-05:00,0.07000000029802322,0.07000000029802322,0.07000000029802322,0.07000000029802322,0,0.0,0.0
2007-02-26 00:00:00-05:00,0.07000000029802322,0.07000000029802322,0.07000000029802322,0.07000000029802322,0,0.0,0.0
2007-02-27 00:00:00-05:00,0.050999999046325684,0.050999999046325684,0.050999999046325684,0.050999999046325684,1900,0.0,0.0
2007-02-28 00:00:00-05:00,0.07000000029802322,0.07000000029802322,0.050999999046325684,0.050999999046325684,10000,0.0,0.0
2007-03-01 00:00:00-05:00,0.050999999046325684,0.050999999046325684,0.050999999046325684,0.050999999046325684,0,0.0,0.0
2007-03-02 00:00:00-05:00,0.050999999046325684,0.050999999046325684,0.050999999046325684,0.050999999046325684,0,0.0,0.0
2007-03-05 00:00:00-05:00,0.050999999046325684,0.050999999046325684,0.050999999046325684,0.050999999046325684,2700,0.0,0.0
2007-03-06 00:00:00-05:00,0.050999999046325684,0.050999999046325684,0.050999999046325684,0.050999999046325684,0,0.0,0.0
2007-03-07 00:00:00-05:00,0.050999999046325684,0.050999999046325684,0.050999999046325684,0.050999999046325684,4000,0.0,0.0
2007-03-08 00:00:00-05:00,0.050999999046325684,0.050999999046325684,0.050999999046325684,0.050999999046325684,300,0.0,0.0
2007-03-09 00:00:00-05:00,0.050999999046325684,0.050999999046325684,0.050999999046325684,0.050999999046325684,0,0.0,0.0
2007-03-12 00:00:00-04:00,0.050999999046325684,0.050999999046325684,0.050999999046325684,0.050999999046325684,5500,0.0,0.0
2007-03-13 00:00:00-04:00,0.04500000178813934,0.04500000178813934,0.04500000178813934,0.04500000178813934,6000,0.0,0.0
2007-03-14 00:00:00-04:00,0.04500000178813934,0.04500000178813934,0.04500000178813934,0.04500000178813934,1000,0.0,0.0
2007-03-15 00:00:00-04:00,0.05999999865889549,0.05999999865889549,0.05999999865889549,0.05999999865889549,1000,0.0,0.0
2007-03-16 00:00:00-04:00,0.05999999865889549,0.05999999865889549,0.05999999865889549,0.05999999865889549,0,0.0,0.0
2007-03-19 00:00:00-04:00,0.04500000178813934,0.04500000178813934,0.04500000178813934,0.04500000178813934,3000,0.0,0.0
2007-03-20 00:00:00-04:00,0.04500000178813934,0.04500000178813934,0.04500000178813934,0.04500000178813934,0,0.0,0.0
2007-03-21 00:00:00-04:00,0.04500000178813934,0.04500000178813934,0.04500000178813934,0.04500000178813934,0,0.0,0.0
2007-03-22 00:00:00-04:00,0.04500000178813934,0.04500000178813934,0.04500000178813934,0.04500000178813934,0,0.0,0.0
2007-03-23 00:00:00-04:00,0.04500000178813934,0.04500000178813934,0.04500000178813934,0.04500000178813934,0,0.0,0.0
2007-03-26 00:00:00-04:00,0.04500000178813934,0.04500000178813934,0.04500000178813934,0.04500000178813934,0,0.0,0.0
2007-03-27 00:00:00-04:00,0.04500000178813934,0.04500000178813934,0.04500000178813934,0.04500000178813934,0,0.0,0.0
2007-03-28 00:00:00-04:00,0.04500000178813934,0.04500000178813934,0.04500000178813934,0.04500000178813934,0,0.0,0.0
2007-03-29 00:00:00-04:00,0.04500000178813934,0.04500000178813934,0.04500000178813934,0.04500000178813934,0,0.0,0.0
2007-03-30 00:00:00-04:00,0.04500000178813934,0.054999999701976776,0.03999999910593033,0.03999999910593033,12500,0.0,0.0
2007-04-02 00:00:00-04:00,0.03999999910593033,0.03999999910593033,0.03999999910593033,0.03999999910593033,500,0.0,0.0
2007-04-03 00:00:00-04:00,0.03999999910593033,0.03999999910593033,0.03999999910593033,0.03999999910593033,0,0.0,0.0
2007-04-04 00:00:00-04:00,0.03999999910593033,0.03999999910593033,0.03999999910593033,0.03999999910593033,0,0.0,0.0
2007-04-05 00:00:00-04:00,0.03999999910593033,0.03999999910593033,0.03999999910593033,0.03999999910593033,0,0.0,0.0
2007-04-09 00:00:00-04:00,0.03999999910593033,0.03999999910593033,0.03999999910593033,0.03999999910593033,0,0.0,0.0
2007-04-10 00:00:00-04:00,0.03999999910593033,0.03999999910593033,0.03999999910593033,0.03999999910593033,0,0.0,0.0
2007-04-11 00:00:00-04:00,0.03999999910593033,0.03999999910593033,0.03999999910593033,0.03999999910593033,0,0.0,0.0
2007-04-12 00:00:00-04:00,0.03999999910593033,0.03999999910593033,0.03500000014901161,0.03500000014901161,25000,0.0,0.0
2007-04-13 00:00:00-04:00,0.05999999865889549,0.05999999865889549,0.05999999865889549,0.05999999865889549,1000,0.0,0.0
2007-04-16 00:00:00-04:00,0.05999999865889549,0.05999999865889549,0.05999999865889549,0.05999999865889549,0,0.0,0.0
2007-04-17 00:00:00-04:00,0.05999999865889549,0.05999999865889549,0.05999999865889549,0.05999999865889549,0,0.0,0.0
2007-04-18 00:00:00-04:00,0.05999999865889549,0.05999999865889549,0.05999999865889549,0.05999999865889549,0,0.0,0.0
2007-04-19 00:00:00-04:00,0.05999999865889549,0.05999999865889549,0.05999999865889549,0.05999999865889549,0,0.0,0.0
2007-04-20 00:00:00-04:00,0.05999999865889549,0.05999999865889549,0.05999999865889549,0.05999999865889549,0,0.0,0.0
2007-04-23 00:00:00-04:00,0.05999999865889549,0.05999999865889549,0.05999999865889549,0.05999999865889549,0,0.0,0.0
2007-04-24 00:00:00-04:00,0.05999999865889549,0.05999999865889549,0.05999999865889549,0.05999999865889549,0,0.0,0.0
2007-04-25 00:00:00-04:00,0.05999999865889549,0.05999999865889549,0.05999999865889549,0.05999999865889549,0,0.0,0.0
2007-04-26 00:00:00-04:00,0.05999999865889549,0.05999999865889549,0.05999999865889549,0.05999999865889549,0,0.0,0.0
2007-04-27 00:00:00-04:00,0.05999999865889549,0.05999999865889549,0.05999999865889549,0.05999999865889549,0,0.0,0.0
2007-04-30 00:00:00-04:00,0.05999999865889549,0.05999999865889549,0.05999999865889549,0.05999999865889549,0,0.0,0.0
2007-05-01 00:00:00-04:00,0.05000000074505806,0.05000000074505806,0.03500000014901161,0.03500000014901161,2200,0.0,0.0
2007-05-02 00:00:00-04:00,0.03500000014901161,0.03500000014901161,0.03500000014901161,0.03500000014901161,4000,0.0,0.0
2007-05-03 00:00:00-04:00,0.03500000014901161,0.03500000014901161,0.03500000014901161,0.03500000014901161,0,0.0,0.0
2007-05-04 00:00:00-04:00,0.03500000014901161,0.03500000014901161,0.03500000014901161,0.03500000014901161,0,0.0,0.0
2007-05-07 00:00:00-04:00,0.03500000014901161,0.03500000014901161,0.03500000014901161,0.03500000014901161,0,0.0,0.0
2007-05-08 00:00:00-04:00,0.03500000014901161,0.03500000014901161,0.03500000014901161,0.03500000014901161,0,0.0,0.0
2007-05-09 00:00:00-04:00,0.03500000014901161,0.03500000014901161,0.03500000014901161,0.03500000014901161,0,0.0,0.0
2007-05-10 00:00:00-04:00,0.03500000014901161,0.03500000014901161,0.03500000014901161,0.03500000014901161,3400,0.0,0.0
2007-05-11 00:00:00-04:00,0.03500000014901161,0.03500000014901161,0.03500000014901161,0.03500000014901161,0,0.0,0.0
2007-05-14 00:00:00-04:00,0.03500000014901161,0.03500000014901161,0.03500000014901161,0.03500000014901161,0,0.0,0.0
2007-05-15 00:00:00-04:00,0.03500000014901161,0.03500000014901161,0.03500000014901161,0.03500000014901161,0,0.0,0.0
2007-05-16 00:00:00-04:00,0.03500000014901161,0.03500000014901161,0.03500000014901161,0.03500000014901161,0,0.0,0.0
2007-05-17 00:00:00-04:00,0.05000000074505806,0.05999999865889549,0.05000000074505806,0.05999999865889549,21800,0.0,0.0
2007-05-18 00:00:00-04:00,0.05000000074505806,0.07999999821186066,0.05000000074505806,0.07999999821186066,135000,0.0,0.0
2007-05-21 00:00:00-04:00,0.05999999865889549,0.05999999865889549,0.05000000074505806,0.05000000074505806,90000,0.0,0.0
2007-05-22 00:00:00-04:00,0.04500000178813934,0.04500000178813934,0.04500000178813934,0.04500000178813934,1500,0.0,0.0
2007-05-23 00:00:00-04:00,0.04500000178813934,0.04500000178813934,0.04500000178813934,0.04500000178813934,0,0.0,0.0
2007-05-24 00:00:00-04:00,0.04500000178813934,0.04500000178813934,0.04500000178813934,0.04500000178813934,0,0.0,0.0
2007-05-25 00:00:00-04:00,0.04500000178813934,0.04500000178813934,0.04500000178813934,0.04500000178813934,0,0.0,0.0
2007-05-29 00:00:00-04:00,0.04500000178813934,0.04500000178813934,0.04500000178813934,0.04500000178813934,0,0.0,0.0
2007-05-30 00:00:00-04:00,0.054999999701976776,0.054999999701976776,0.054999999701976776,0.054999999701976776,17400,0.0,0.0
2007-05-31 00:00:00-04:00,0.054999999701976776,0.054999999701976776,0.04500000178813934,0.04500000178813934,7600,0.0,0.0
2007-06-01 00:00:00-04:00,0.04500000178813934,0.04500000178813934,0.04500000178813934,0.04500000178813934,0,0.0,0.0
2007-06-04 00:00:00-04:00,0.04500000178813934,0.04500000178813934,0.04500000178813934,0.04500000178813934,500,0.0,0.0
2007-06-05 00:00:00-04:00,0.05999999865889549,0.05999999865889549,0.05999999865889549,0.05999999865889549,10000,0.0,0.0
2007-06-06 00:00:00-04:00,0.05999999865889549,0.05999999865889549,0.054999999701976776,0.05999999865889549,55000,0.0,0.0
2007-06-07 00:00:00-04:00,0.05999999865889549,0.05999999865889549,0.05999999865889549,0.05999999865889549,9000,0.0,0.0
2007-06-08 00:00:00-04:00,0.06499999761581421,0.07500000298023224,0.06499999761581421,0.07500000298023224,47000,0.0,0.0
2007-06-11 00:00:00-04:00,0.07999999821186066,0.07999999821186066,0.07999999821186066,0.07999999821186066,6000,0.0,0.0
2007-06-12 00:00:00-04:00,0.09000000357627869,0.10999999940395355,0.09000000357627869,0.10499999672174454,75400,0.0,0.0
2007-06-13 00:00:00-04:00,0.10499999672174454,0.10499999672174454,0.09000000357627869,0.09000000357627869,21000,0.0,0.0
2007-06-14 00:00:00-04:00,0.0989999994635582,0.11999999731779099,0.0949999988079071,0.0949999988079071,108300,0.0,0.0
2007-06-15 00:00:00-04:00,0.11999999731779099,0.11999999731779099,0.11999999731779099,0.11999999731779099,50000,0.0,0.0
2007-06-18 00:00:00-04:00,0.12999999523162842,0.15000000596046448,0.12999999523162842,0.14000000059604645,54000,0.0,0.0
2007-06-19 00:00:00-04:00,0.15000000596046448,0.1599999964237213,0.11999999731779099,0.12999999523162842,83800,0.0,0.0
2007-06-20 00:00:00-04:00,0.12999999523162842,0.12999999523162842,0.12999999523162842,0.12999999523162842,0,0.0,0.0
2007-06-21 00:00:00-04:00,0.11999999731779099,0.11999999731779099,0.11999999731779099,0.11999999731779099,29300,0.0,0.0
2007-06-22 00:00:00-04:00,0.11999999731779099,0.11999999731779099,0.11999999731779099,0.11999999731779099,0,0.0,0.0
2007-06-25 00:00:00-04:00,0.10999999940395355,0.10999999940395355,0.10000000149011612,0.10000000149011612,15000,0.0,0.0
2007-06-26 00:00:00-04:00,0.0949999988079071,0.0949999988079071,0.0949999988079071,0.0949999988079071,5000,0.0,0.0
2007-06-27 00:00:00-04:00,0.0949999988079071,0.0949999988079071,0.0949999988079071,0.0949999988079071,0,0.0,0.0
2007-06-28 00:00:00-04:00,0.0949999988079071,0.0949999988079071,0.0949999988079071,0.0949999988079071,0,0.0,0.0
2007-06-29 00:00:00-04:00,0.0949999988079071,0.0949999988079071,0.0949999988079071,0.0949999988079071,0,0.0,0.0
2007-07-02 00:00:00-04:00,0.0949999988079071,0.0949999988079071,0.0949999988079071,0.0949999988079071,200,0.0,0.0
2007-07-03 00:00:00-04:00,0.10999999940395355,0.10999999940395355,0.10999999940395355,0.10999999940395355,5000,0.0,0.0
2007-07-05 00:00:00-04:00,0.10999999940395355,0.10999999940395355,0.09000000357627869,0.09000000357627869,108000,0.0,0.0
2007-07-06 00:00:00-04:00,0.06199999898672104,0.12999999523162842,0.06199999898672104,0.12999999523162842,75200,0.0,0.0
2007-07-09 00:00:00-04:00,0.10999999940395355,0.10999999940395355,0.10999999940395355,0.10999999940395355,5000,0.0,0.0
2007-07-10 00:00:00-04:00,0.07000000029802322,0.09000000357627869,0.06499999761581421,0.09000000357627869,100200,0.0,0.0
2007-07-11 00:00:00-04:00,0.09000000357627869,0.10000000149011612,0.09000000357627869,0.10000000149011612,29000,0.0,0.0
2007-07-12 00:00:00-04:00,0.10000000149011612,0.10000000149011612,0.07000000029802322,0.10000000149011612,75900,0.0,0.0
2007-07-13 00:00:00-04:00,0.10000000149011612,0.10000000149011612,0.10000000149011612,0.10000000149011612,0,0.0,0.0
2007-07-16 00:00:00-04:00,0.10000000149011612,0.10000000149011612,0.10000000149011612,0.10000000149011612,0,0.0,0.0
2007-07-17 00:00:00-04:00,0.10000000149011612,0.10000000149011612,0.10000000149011612,0.10000000149011612,0,0.0,0.0
2007-07-18 00:00:00-04:00,0.10000000149011612,0.10000000149011612,0.10000000149011612,0.10000000149011612,0,0.0,0.0
2007-07-19 00:00:00-04:00,0.12999999523162842,0.14000000059604645,0.12999999523162842,0.14000000059604645,4000,0.0,0.0
2007-07-20 00:00:00-04:00,0.14000000059604645,0.14000000059604645,0.14000000059604645,0.14000000059604645,0,0.0,0.0
2007-07-23 00:00:00-04:00,0.14000000059604645,0.14000000059604645,0.14000000059604645,0.14000000059604645,0,0.0,0.0
2007-07-24 00:00:00-04:00,0.07999999821186066,0.07999999821186066,0.07999999821186066,0.07999999821186066,10000,0.0,0.0
2007-07-25 00:00:00-04:00,0.07999999821186066,0.07999999821186066,0.07999999821186066,0.07999999821186066,0,0.0,0.0
2007-07-26 00:00:00-04:00,0.10999999940395355,0.10999999940395355,0.07999999821186066,0.07999999821186066,100900,0.0,0.0
2007-07-27 00:00:00-04:00,0.07999999821186066,0.07999999821186066,0.07999999821186066,0.07999999821186066,15000,0.0,0.0
2007-07-30 00:00:00-04:00,0.09000000357627869,0.09000000357627869,0.07999999821186066,0.07999999821186066,116000,0.0,0.0
2007-07-31 00:00:00-04:00,0.07000000029802322,0.10000000149011612,0.05999999865889549,0.10000000149011612,27000,0.0,0.0
2007-08-01 00:00:00-04:00,0.10000000149011612,0.10000000149011612,0.07000000029802322,0.07999999821186066,150000,0.0,0.0
2007-08-02 00:00:00-04:00,0.09000000357627869,0.09000000357627869,0.07999999821186066,0.07999999821186066,40000,0.0,0.0
2007-08-03 00:00:00-04:00,0.07999999821186066,0.07999999821186066,0.07999999821186066,0.07999999821186066,0,0.0,0.0
2007-08-06 00:00:00-04:00,0.07999999821186066,0.07999999821186066,0.07999999821186066,0.07999999821186066,0,0.0,0.0
2007-08-07 00:00:00-04:00,0.07999999821186066,0.10999999940395355,0.07999999821186066,0.10999999940395355,51500,0.0,0.0
2007-08-08 00:00:00-04:00,0.10999999940395355,0.12999999523162842,0.10000000149011612,0.10999999940395355,51000,0.0,0.0
2007-08-09 00:00:00-04:00,0.10999999940395355,0.10999999940395355,0.10999999940395355,0.10999999940395355,0,0.0,0.0
2007-08-10 00:00:00-04:00,0.09000000357627869,0.09000000357627869,0.09000000357627869,0.09000000357627869,20000,0.0,0.0
2007-08-13 00:00:00-04:00,0.07000000029802322,0.07999999821186066,0.07000000029802322,0.07999999821186066,1000,0.0,0.0
2007-08-14 00:00:00-04:00,0.07999999821186066,0.07999999821186066,0.07999999821186066,0.07999999821186066,0,0.0,0.0
2007-08-15 00:00:00-04:00,0.07999999821186066,0.07999999821186066,0.07999999821186066,0.07999999821186066,0,0.0,0.0
2007-08-16 00:00:00-04:00,0.07999999821186066,0.07999999821186066,0.07000000029802322,0.07000000029802322,52100,0.0,0.0
2007-08-17 00:00:00-04:00,0.07000000029802322,0.07000000029802322,0.07000000029802322,0.07000000029802322,0,0.0,0.0
2007-08-20 00:00:00-04:00,0.07000000029802322,0.07000000029802322,0.07000000029802322,0.07000000029802322,0,0.0,0.0
2007-08-21 00:00:00-04:00,0.07000000029802322,0.07000000029802322,0.07000000029802322,0.07000000029802322,20000,0.0,0.0
2007-08-22 00:00:00-04:00,0.07000000029802322,0.07000000029802322,0.07000000029802322,0.07000000029802322,0,0.0,0.0
2007-08-23 00:00:00-04:00,0.07500000298023224,0.08500000089406967,0.07500000298023224,0.08500000089406967,10000,0.0,0.0
2007-08-24 00:00:00-04:00,0.08500000089406967,0.08500000089406967,0.08500000089406967,0.08500000089406967,0,0.0,0.0
2007-08-27 00:00:00-04:00,0.08500000089406967,0.08500000089406967,0.08500000089406967,0.08500000089406967,0,0.0,0.0
2007-08-28 00:00:00-04:00,0.09000000357627869,0.09000000357627869,0.09000000357627869,0.09000000357627869,13000,0.0,0.0
2007-08-29 00:00:00-04:00,0.11999999731779099,0.11999999731779099,0.10000000149011612,0.10000000149011612,25000,0.0,0.0
2007-08-30 00:00:00-04:00,0.09000000357627869,0.10000000149011612,0.09000000357627869,0.10000000149011612,5300,0.0,0.0
2007-08-31 00:00:00-04:00,0.11999999731779099,0.11999999731779099,0.11999999731779099,0.11999999731779099,7200,0.0,0.0
2007-09-04 00:00:00-04:00,0.11999999731779099,0.12999999523162842,0.11999999731779099,0.12999999523162842,32300,0.0,0.0
2007-09-05 00:00:00-04:00,0.09000000357627869,0.09000000357627869,0.09000000357627869,0.09000000357627869,4000,0.0,0.0
2007-09-06 00:00:00-04:00,0.09000000357627869,0.09000000357627869,0.09000000357627869,0.09000000357627869,0,0.0,0.0
2007-09-07 00:00:00-04:00,0.125,0.125,0.125,0.125,60000,0.0,0.0
2007-09-10 00:00:00-04:00,0.125,0.125,0.125,0.125,0,0.0,0.0
2007-09-11 00:00:00-04:00,0.125,0.15000000596046448,0.125,0.15000000596046448,20000,0.0,0.0
2007-09-12 00:00:00-04:00,0.11999999731779099,0.11999999731779099,0.11999999731779099,0.11999999731779099,25000,0.0,0.0
2007-09-13 00:00:00-04:00,0.1599999964237213,0.1599999964237213,0.13500000536441803,0.1599999964237213,83300,0.0,0.0
2007-09-14 00:00:00-04:00,0.09000000357627869,0.09000000357627869,0.09000000357627869,0.09000000357627869,1000,0.0,0.0
2007-09-17 00:00:00-04:00,0.14000000059604645,0.1599999964237213,0.14000000059604645,0.15000000596046448,31300,0.0,0.0
2007-09-18 00:00:00-04:00,0.15000000596046448,0.1599999964237213,0.09000000357627869,0.1599999964237213,52200,0.0,0.0
2007-09-19 00:00:00-04:00,0.1599999964237213,0.1599999964237213,0.1599999964237213,0.1599999964237213,0,0.0,0.0
2007-09-20 00:00:00-04:00,0.1599999964237213,0.1599999964237213,0.1599999964237213,0.1599999964237213,0,0.0,0.0
2007-09-21 00:00:00-04:00,0.1550000011920929,0.18000000715255737,0.1550000011920929,0.18000000715255737,93600,0.0,0.0
2007-09-24 00:00:00-04:00,0.1599999964237213,0.1599999964237213,0.1599999964237213,0.1599999964237213,6800,0.0,0.0
2007-09-25 00:00:00-04:00,0.1599999964237213,0.1599999964237213,0.1599999964237213,0.1599999964237213,35200,0.0,0.0
2007-09-26 00:00:00-04:00,0.1599999964237213,0.1599999964237213,0.1599999964237213,0.1599999964237213,0,0.0,0.0
2007-09-27 00:00:00-04:00,0.14000000059604645,0.14000000059604645,0.09000000357627869,0.09000000357627869,3000,0.0,0.0
2007-09-28 00:00:00-04:00,0.1599999964237213,0.20000000298023224,0.1599999964237213,0.1899999976158142,5600,0.0,0.0
2007-10-01 00:00:00-04:00,0.1599999964237213,0.1899999976158142,0.09000000357627869,0.1599999964237213,12800,0.0,0.0
2007-10-02 00:00:00-04:00,0.1889999955892563,0.1889999955892563,0.1889999955892563,0.1889999955892563,5000,0.0,0.0
2007-10-03 00:00:00-04:00,0.11999999731779099,0.1599999964237213,0.11999999731779099,0.1599999964237213,4600,0.0,0.0
2007-10-04 00:00:00-04:00,0.1599999964237213,0.1599999964237213,0.1599999964237213,0.1599999964237213,0,0.0,0.0
2007-10-05 00:00:00-04:00,0.1599999964237213,0.1599999964237213,0.1599999964237213,0.1599999964237213,3000,0.0,0.0
2007-10-08 00:00:00-04:00,0.11999999731779099,0.11999999731779099,0.11999999731779099,0.11999999731779099,1500,0.0,0.0
2007-10-09 00:00:00-04:00,0.10000000149011612,0.10000000149011612,0.10000000149011612,0.10000000149011612,40000,0.0,0.0
2007-10-10 00:00:00-04:00,0.09000000357627869,0.1899999976158142,0.09000000357627869,0.1899999976158142,18500,0.0,0.0
2007-10-11 00:00:00-04:00,0.10000000149011612,0.10000000149011612,0.10000000149011612,0.10000000149011612,1500,0.0,0.0
2007-10-12 00:00:00-04:00,0.18000000715255737,0.3799999952316284,0.17000000178813934,0.18000000715255737,373700,0.0,0.0
2007-10-15 00:00:00-04:00,0.2199999988079071,0.2199999988079071,0.20000000298023224,0.20000000298023224,21000,0.0,0.0
2007-10-16 00:00:00-04:00,0.20000000298023224,0.20000000298023224,0.20000000298023224,0.20000000298023224,0,0.0,0.0
2007-10-17 00:00:00-04:00,0.20999999344348907,0.20999999344348907,0.14000000059604645,0.20000000298023224,77000,0.0,0.0
2007-10-18 00:00:00-04:00,0.18000000715255737,0.18000000715255737,0.14000000059604645,0.14000000059604645,600,0.0,0.0
2007-10-19 00:00:00-04:00,0.14000000059604645,0.14000000059604645,0.14000000059604645,0.14000000059604645,0,0.0,0.0
2007-10-22 00:00:00-04:00,0.17000000178813934,0.17000000178813934,0.17000000178813934,0.17000000178813934,3500,0.0,0.0
2007-10-23 00:00:00-04:00,0.20000000298023224,0.20000000298023224,0.17000000178813934,0.17000000178813934,30600,0.0,0.0
2007-10-24 00:00:00-04:00,0.20999999344348907,0.20999999344348907,0.20000000298023224,0.20000000298023224,49300,0.0,0.0
2007-10-25 00:00:00-04:00,0.20000000298023224,0.20000000298023224,0.1899999976158142,0.20000000298023224,50000,0.0,0.0
2007-10-26 00:00:00-04:00,0.20000000298023224,0.20000000298023224,0.20000000298023224,0.20000000298023224,20000,0.0,0.0
2007-10-29 00:00:00-04:00,0.18000000715255737,0.18000000715255737,0.15000000596046448,0.15000000596046448,17900,0.0,0.0
2007-10-30 00:00:00-04:00,0.11999999731779099,0.14000000059604645,0.10999999940395355,0.11999999731779099,23000,0.0,0.0
2007-10-31 00:00:00-04:00,0.10000000149011612,0.11999999731779099,0.10000000149011612,0.11999999731779099,93000,0.0,0.0
2007-11-01 00:00:00-04:00,0.15000000596046448,0.1599999964237213,0.15000000596046448,0.1599999964237213,20700,0.0,0.0
2007-11-02 00:00:00-04:00,0.1599999964237213,0.1599999964237213,0.1599999964237213,0.1599999964237213,0,0.0,0.0
2007-11-05 00:00:00-05:00,0.17000000178813934,0.17000000178813934,0.14000000059604645,0.14000000059604645,11400,0.0,0.0
2007-11-06 00:00:00-05:00,0.14000000059604645,0.14000000059604645,0.14000000059604645,0.14000000059604645,0,0.0,0.0
2007-11-07 00:00:00-05:00,0.14000000059604645,0.14000000059604645,0.14000000059604645,0.14000000059604645,700,0.0,0.0
2007-11-08 00:00:00-05:00,0.14000000059604645,0.14000000059604645,0.14000000059604645,0.14000000059604645,0,0.0,0.0
2007-11-09 00:00:00-05:00,0.14000000059604645,0.14000000059604645,0.14000000059604645,0.14000000059604645,0,0.0,0.0
2007-11-12 00:00:00-05:00,0.14000000059604645,0.14000000059604645,0.11999999731779099,0.11999999731779099,10000,0.0,0.0
2007-11-13 00:00:00-05:00,0.14000000059604645,0.14000000059604645,0.14000000059604645,0.14000000059604645,15000,0.0,0.0
2007-11-14 00:00:00-05:00,0.15000000596046448,0.15000000596046448,0.10000000149011612,0.10000000149011612,25000,0.0,0.0
2007-11-15 00:00:00-05:00,0.23000000417232513,0.23999999463558197,0.23000000417232513,0.23000000417232513,23500,0.0,0.0
2007-11-16 00:00:00-05:00,0.1599999964237213,0.18000000715255737,0.1599999964237213,0.18000000715255737,15000,0.0,0.0
2007-11-19 00:00:00-05:00,0.15000000596046448,0.1550000011920929,0.15000000596046448,0.15000000596046448,13500,0.0,0.0
2007-11-20 00:00:00-05:00,0.15000000596046448,0.15000000596046448,0.12999999523162842,0.12999999523162842,11500,0.0,0.0
2007-11-21 00:00:00-05:00,0.15000000596046448,0.15000000596046448,0.11999999731779099,0.12999999523162842,31000,0.0,0.0
2007-11-23 00:00:00-05:00,0.12999999523162842,0.14000000059604645,0.11999999731779099,0.14000000059604645,23000,0.0,0.0
2007-11-26 00:00:00-05:00,0.14000000059604645,0.14000000059604645,0.12999999523162842,0.12999999523162842,14500,0.0,0.0
2007-11-27 00:00:00-05:00,0.12999999523162842,0.12999999523162842,0.12999999523162842,0.12999999523162842,1000,0.0,0.0
2007-11-28 00:00:00-05:00,0.14000000059604645,0.14000000059604645,0.11500000208616257,0.12999999523162842,42000,0.0,0.0
2007-11-29 00:00:00-05:00,0.12999999523162842,0.1599999964237213,0.12999999523162842,0.1599999964237213,5700,0.0,0.0
2007-11-30 00:00:00-05:00,0.1599999964237213,0.1599999964237213,0.1599999964237213,0.1599999964237213,0,0.0,0.0
2007-12-03 00:00:00-05:00,0.125,0.12999999523162842,0.11500000208616257,0.12999999523162842,196000,0.0,0.0
2007-12-04 00:00:00-05:00,0.125,0.125,0.10000000149011612,0.11999999731779099,106100,0.0,0.0
2007-12-05 00:00:00-05:00,0.11999999731779099,0.11999999731779099,0.11999999731779099,0.11999999731779099,20000,0.0,0.0
2007-12-06 00:00:00-05:00,0.11999999731779099,0.11999999731779099,0.11999999731779099,0.11999999731779099,5000,0.0,0.0
2007-12-07 00:00:00-05:00,0.11999999731779099,0.11999999731779099,0.11999999731779099,0.11999999731779099,0,0.0,0.0
2007-12-10 00:00:00-05:00,0.11999999731779099,0.11999999731779099,0.11999999731779099,0.11999999731779099,0,0.0,0.0
2007-12-11 00:00:00-05:00,0.12999999523162842,0.14000000059604645,0.12999999523162842,0.14000000059604645,5500,0.0,0.0
2007-12-12 00:00:00-05:00,0.14000000059604645,0.14000000059604645,0.14000000059604645,0.14000000059604645,0,0.0,0.0
2007-12-13 00:00:00-05:00,0.14000000059604645,0.14000000059604645,0.14000000059604645,0.14000000059604645,0,0.0,0.0
2007-12-14 00:00:00-05:00,0.14000000059604645,0.14000000059604645,0.14000000059604645,0.14000000059604645,800,0.0,0.0
2007-12-17 00:00:00-05:00,0.11999999731779099,0.11999999731779099,0.11999999731779099,0.11999999731779099,2000,0.0,0.0
2007-12-18 00:00:00-05:00,0.14000000059604645,0.14000000059604645,0.14000000059604645,0.14000000059604645,28000,0.0,0.0
2007-12-19 00:00:00-05:00,0.12999999523162842,0.12999999523162842,0.12999999523162842,0.12999999523162842,10000,0.0,0.0
2007-12-20 00:00:00-05:00,0.14000000059604645,0.14000000059604645,0.14000000059604645,0.14000000059604645,1400,0.0,0.0
2007-12-21 00:00:00-05:00,0.10999999940395355,0.10999999940395355,0.10999999940395355,0.10999999940395355,10000,0.0,0.0
2007-12-24 00:00:00-05:00,0.12999999523162842,0.14000000059604645,0.12999999523162842,0.14000000059604645,35900,0.0,0.0
2007-12-26 00:00:00-05:00,0.14000000059604645,0.14000000059604645,0.14000000059604645,0.14000000059604645,0,0.0,0.0
2007-12-27 00:00:00-05:00,0.14000000059604645,0.14000000059604645,0.14000000059604645,0.14000000059604645,5000,0.0,0.0
2007-12-28 00:00:00-05:00,0.14000000059604645,0.14000000059604645,0.14000000059604645,0.14000000059604645,0,0.0,0.0
2007-12-31 00:00:00-05:00,0.14000000059604645,0.1899999976158142,0.14000000059604645,0.1899999976158142,17900,0.0,0.0
2008-01-02 00:00:00-05:00,0.1899999976158142,0.1899999976158142,0.1899999976158142,0.1899999976158142,0,0.0,0.0
2008-01-03 00:00:00-05:00,0.15000000596046448,0.15000000596046448,0.11999999731779099,0.12999999523162842,37700,0.0,0.0
2008-01-04 00:00:00-05:00,0.11100000143051147,0.11100000143051147,0.11100000143051147,0.11100000143051147,1000,0.0,0.0
2008-01-07 00:00:00-05:00,0.11100000143051147,0.12999999523162842,0.11100000143051147,0.12999999523162842,35200,0.0,0.0
2008-01-08 00:00:00-05:00,0.12999999523162842,0.14000000059604645,0.12999999523162842,0.12999999523162842,30000,0.0,0.0
2008-01-09 00:00:00-05:00,0.12999999523162842,0.12999999523162842,0.10000000149011612,0.12999999523162842,137900,0.0,0.0
2008-01-10 00:00:00-05:00,0.12999999523162842,0.12999999523162842,0.12999999523162842,0.12999999523162842,0,0.0,0.0
2008-01-11 00:00:00-05:00,0.12999999523162842,0.12999999523162842,0.12999999523162842,0.12999999523162842,6000,0.0,0.0
2008-01-14 00:00:00-05:00,0.12999999523162842,0.12999999523162842,0.12999999523162842,0.12999999523162842,0,0.0,0.0
2008-01-15 00:00:00-05:00,0.12999999523162842,0.12999999523162842,0.12999999523162842,0.12999999523162842,0,0.0,0.0
2008-01-16 00:00:00-05:00,0.12999999523162842,0.12999999523162842,0.12999999523162842,0.12999999523162842,0,0.0,0.0
2008-01-17 00:00:00-05:00,0.12999999523162842,0.12999999523162842,0.12999999523162842,0.12999999523162842,0,0.0,0.0
2008-01-18 00:00:00-05:00,0.12999999523162842,0.12999999523162842,0.12999999523162842,0.12999999523162842,0,0.0,0.0
2008-01-22 00:00:00-05:00,0.12999999523162842,0.12999999523162842,0.12999999523162842,0.12999999523162842,0,0.0,0.0
2008-01-23 00:00:00-05:00,0.09000000357627869,0.09000000357627869,0.09000000357627869,0.09000000357627869,6400,0.0,0.0
2008-01-24 00:00:00-05:00,0.09000000357627869,0.09000000357627869,0.09000000357627869,0.09000000357627869,0,0.0,0.0
2008-01-25 00:00:00-05:00,0.11999999731779099,0.15000000596046448,0.06199999898672104,0.10999999940395355,96300,0.0,0.0
2008-01-28 00:00:00-05:00,0.10999999940395355,0.10999999940395355,0.10999999940395355,0.10999999940395355,10300,0.0,0.0
2008-01-29 00:00:00-05:00,0.09000000357627869,0.09000000357627869,0.09000000357627869,0.09000000357627869,10000,0.0,0.0
2008-01-30 00:00:00-05:00,0.09099999815225601,0.09099999815225601,0.09099999815225601,0.09099999815225601,5300,0.0,0.0
2008-01-31 00:00:00-05:00,0.09099999815225601,0.09099999815225601,0.09099999815225601,0.09099999815225601,0,0.0,0.0
2008-02-01 00:00:00-05:00,0.07100000232458115,0.07100000232458115,0.07100000232458115,0.07100000232458115,600,0.0,0.0
2008-02-04 00:00:00-05:00,0.07100000232458115,0.07100000232458115,0.07100000232458115,0.07100000232458115,0,0.0,0.0
2008-02-05 00:00:00-05:00,0.07100000232458115,0.07100000232458115,0.07100000232458115,0.07100000232458115,1300,0.0,0.0
2008-02-06 00:00:00-05:00,0.07100000232458115,0.07100000232458115,0.07100000232458115,0.07100000232458115,0,0.0,0.0
2008-02-07 00:00:00-05:00,0.10000000149011612,0.10000000149011612,0.07100000232458115,0.07100000232458115,18100,0.0,0.0
2008-02-08 00:00:00-05:00,0.07100000232458115,0.07100000232458115,0.07100000232458115,0.07100000232458115,0,0.0,0.0
2008-02-11 00:00:00-05:00,0.07100000232458115,0.07100000232458115,0.07100000232458115,0.07100000232458115,0,0.0,0.0
2008-02-12 00:00:00-05:00,0.07100000232458115,0.07100000232458115,0.07100000232458115,0.07100000232458115,0,0.0,0.0
2008-02-13 00:00:00-05:00,0.07100000232458115,0.07100000232458115,0.07100000232458115,0.07100000232458115,600,0.0,0.0
2008-02-14 00:00:00-05:00,0.07100000232458115,0.07100000232458115,0.07100000232458115,0.07100000232458115,100,0.0,0.0
2008-02-15 00:00:00-05:00,0.07100000232458115,0.07100000232458115,0.07100000232458115,0.07100000232458115,0,0.0,0.0
2008-02-19 00:00:00-05:00,0.10000000149011612,0.12999999523162842,0.10000000149011612,0.12999999523162842,10200,0.0,0.0
2008-02-20 00:00:00-05:00,0.08100000023841858,0.08100000023841858,0.08100000023841858,0.08100000023841858,100,0.0,0.0
2008-02-21 00:00:00-05:00,0.08100000023841858,0.08100000023841858,0.08100000023841858,0.08100000023841858,0,0.0,0.0
2008-02-22 00:00:00-05:00,0.10000000149011612,0.10000000149011612,0.10000000149011612,0.10000000149011612,81000,0.0,0.0
2008-02-25 00:00:00-05:00,0.10000000149011612,0.10000000149011612,0.10000000149011612,0.10000000149011612,0,0.0,0.0
2008-02-26 00:00:00-05:00,0.10000000149011612,0.10000000149011612,0.10000000149011612,0.10000000149011612,0,0.0,0.0
2008-02-27 00:00:00-05:00,0.10000000149011612,0.10000000149011612,0.10000000149011612,0.10000000149011612,0,0.0,0.0
2008-02-28 00:00:00-05:00,0.10000000149011612,0.10000000149011612,0.10000000149011612,0.10000000149011612,5000,0.0,0.0
2008-02-29 00:00:00-05:00,0.10000000149011612,0.10000000149011612,0.10000000149011612,0.10000000149011612,0,0.0,0.0
2008-03-03 00:00:00-05:00,0.10000000149011612,0.10000000149011612,0.10000000149011612,0.10000000149011612,0,0.0,0.0
2008-03-04 00:00:00-05:00,0.10000000149011612,0.10000000149011612,0.10000000149011612,0.10000000149011612,0,0.0,0.0
2008-03-05 00:00:00-05:00,0.10000000149011612,0.10000000149011612,0.10000000149011612,0.10000000149011612,0,0.0,0.0
2008-03-06 00:00:00-05:00,0.10000000149011612,0.10000000149011612,0.10000000149011612,0.10000000149011612,0,0.0,0.0
2008-03-07 00:00:00-05:00,0.10000000149011612,0.10000000149011612,0.10000000149011612,0.10000000149011612,0,0.0,0.0
2008-03-10 00:00:00-04:00,0.10000000149011612,0.10000000149011612,0.10000000149011612,0.10000000149011612,0,0.0,0.0
2008-03-11 00:00:00-04:00,0.10000000149011612,0.10000000149011612,0.10000000149011612,0.10000000149011612,0,0.0,0.0
2008-03-12 00:00:00-04:00,0.10000000149011612,0.10000000149011612,0.10000000149011612,0.10000000149011612,0,0.0,0.0
2008-03-13 00:00:00-04:00,0.08100000023841858,0.10000000149011612,0.08100000023841858,0.10000000149011612,19000,0.0,0.0
2008-03-14 00:00:00-04:00,0.08100000023841858,0.10000000149011612,0.07500000298023224,0.10000000149011612,175000,0.0,0.0
2008-03-17 00:00:00-04:00,0.07999999821186066,0.07999999821186066,0.07999999821186066,0.07999999821186066,1000,0.0,0.0
2008-03-18 00:00:00-04:00,0.07999999821186066,0.07999999821186066,0.07999999821186066,0.07999999821186066,0,0.0,0.0
2008-03-19 00:00:00-04:00,0.07999999821186066,0.07999999821186066,0.07999999821186066,0.07999999821186066,0,0.0,0.0
2008-03-20 00:00:00-04:00,0.07999999821186066,0.07999999821186066,0.07999999821186066,0.07999999821186066,0,0.0,0.0
2008-03-24 00:00:00-04:00,0.10999999940395355,0.10999999940395355,0.10999999940395355,0.10999999940395355,5000,0.0,0.0
2008-03-25 00:00:00-04:00,0.10999999940395355,0.10999999940395355,0.10999999940395355,0.10999999940395355,0,0.0,0.0
2008-03-26 00:00:00-04:00,0.10999999940395355,0.10999999940395355,0.10999999940395355,0.10999999940395355,0,0.0,0.0
2008-03-27 00:00:00-04:00,0.10000000149011612,0.12999999523162842,0.10000000149011612,0.12999999523162842,222500,0.0,0.0
2008-03-28 00:00:00-04:00,0.10000000149011612,0.10000000149011612,0.10000000149011612,0.10000000149011612,99000,0.0,0.0
2008-03-31 00:00:00-04:00,0.10000000149011612,0.10000000149011612,0.10000000149011612,0.10000000149011612,65000,0.0,0.0
2008-04-01 00:00:00-04:00,0.10000000149011612,0.10000000149011612,0.09099999815225601,0.10000000149011612,314500,0.0,0.0
2008-04-02 00:00:00-04:00,0.10000000149011612,0.10000000149011612,0.09200000017881393,0.09200000017881393,320900,0.0,0.0
2008-04-03 00:00:00-04:00,0.09300000220537186,0.10999999940395355,0.09300000220537186,0.10999999940395355,102300,0.0,0.0
2008-04-04 00:00:00-04:00,0.10999999940395355,0.10999999940395355,0.10000000149011612,0.10999999940395355,113400,0.0,0.0
2008-04-07 00:00:00-04:00,0.12999999523162842,0.12999999523162842,0.10000000149011612,0.10000000149011612,6500,0.0,0.0
2008-04-08 00:00:00-04:00,0.125,0.125,0.125,0.125,4500,0.0,0.0
2008-04-09 00:00:00-04:00,0.15000000596046448,0.15000000596046448,0.15000000596046448,0.15000000596046448,1000,0.0,0.0
2008-04-10 00:00:00-04:00,0.14000000059604645,0.14000000059604645,0.09600000083446503,0.14000000059604645,24600,0.0,0.0
2008-04-11 00:00:00-04:00,0.10100000351667404,0.14000000059604645,0.09600000083446503,0.14000000059604645,17000,0.0,0.0
2008-04-14 00:00:00-04:00,0.14000000059604645,0.14000000059604645,0.14000000059604645,0.14000000059604645,0,0.0,0.0
2008-04-15 00:00:00-04:00,0.10100000351667404,0.14000000059604645,0.10100000351667404,0.14000000059604645,7100,0.0,0.0
2008-04-16 00:00:00-04:00,0.1289999932050705,0.14000000059604645,0.1289999932050705,0.14000000059604645,6000,0.0,0.0
2008-04-17 00:00:00-04:00,0.14000000059604645,0.15000000596046448,0.10100000351667404,0.14900000393390656,86000,0.0,0.0
2008-04-18 00:00:00-04:00,0.125,0.15000000596046448,0.125,0.15000000596046448,43000,0.0,0.0
2008-04-21 00:00:00-04:00,0.15000000596046448,0.15000000596046448,0.15000000596046448,0.15000000596046448,0,0.0,0.0
2008-04-22 00:00:00-04:00,0.10999999940395355,0.14000000059604645,0.10100000351667404,0.14000000059604645,40500,0.0,0.0
2008-04-23 00:00:00-04:00,0.14000000059604645,0.14000000059604645,0.12999999523162842,0.14000000059604645,11000,0.0,0.0
2008-04-24 00:00:00-04:00,0.12999999523162842,0.12999999523162842,0.09600000083446503,0.12999999523162842,230900,0.0,0.0
2008-04-25 00:00:00-04:00,0.12999999523162842,0.18000000715255737,0.11999999731779099,0.1599999964237213,690400,0.0,0.0
2008-04-28 00:00:00-04:00,0.1599999964237213,0.18799999356269836,0.1599999964237213,0.1599999964237213,40600,0.0,0.0
2008-04-29 00:00:00-04:00,0.14000000059604645,0.17000000178813934,0.14000000059604645,0.1599999964237213,194900,0.0,0.0
2008-04-30 00:00:00-04:00,0.15000000596046448,0.15000000596046448,0.14100000262260437,0.14100000262260437,39000,0.0,0.0
2008-05-01 00:00:00-04:00,0.15000000596046448,0.15000000596046448,0.14100000262260437,0.15000000596046448,139000,0.0,0.0
2008-05-02 00:00:00-04:00,0.15000000596046448,0.1599999964237213,0.15000000596046448,0.1599999964237213,79000,0.0,0.0
2008-05-05 00:00:00-04:00,0.15000000596046448,0.1589999943971634,0.15000000596046448,0.1589999943971634,6500,0.0,0.0
2008-05-06 00:00:00-04:00,0.15000000596046448,0.15000000596046448,0.15000000596046448,0.15000000596046448,11500,0.0,0.0
2008-05-07 00:00:00-04:00,0.14100000262260437,0.1589999943971634,0.14100000262260437,0.1589999943971634,13500,0.0,0.0
2008-05-08 00:00:00-04:00,0.15000000596046448,0.15000000596046448,0.12700000405311584,0.14900000393390656,269300,0.0,0.0
2008-05-09 00:00:00-04:00,0.14900000393390656,0.17000000178813934,0.14900000393390656,0.1599999964237213,182800,0.0,0.0
2008-05-12 00:00:00-04:00,0.1599999964237213,0.16500000655651093,0.1599999964237213,0.16500000655651093,39100,0.0,0.0
2008-05-13 00:00:00-04:00,0.17000000178813934,0.1899999976158142,0.17000000178813934,0.17000000178813934,129400,0.0,0.0
2008-05-14 00:00:00-04:00,0.1899999976158142,0.20000000298023224,0.18000000715255737,0.18000000715255737,63500,0.0,0.0
2008-05-15 00:00:00-04:00,0.20999999344348907,0.2160000056028366,0.1809999942779541,0.20999999344348907,69300,0.0,0.0
2008-05-16 00:00:00-04:00,0.20999999344348907,0.2150000035762787,0.1809999942779541,0.2150000035762787,75000,0.0,0.0
2008-05-19 00:00:00-04:00,0.2150000035762787,0.21899999678134918,0.18000000715255737,0.20999999344348907,51000,0.0,0.0
2008-05-20 00:00:00-04:00,0.14000000059604645,0.20000000298023224,0.14000000059604645,0.20000000298023224,11500,0.0,0.0
2008-05-21 00:00:00-04:00,0.18000000715255737,0.20900000631809235,0.18000000715255737,0.20900000631809235,34000,0.0,0.0
2008-05-22 00:00:00-04:00,0.20900000631809235,0.20900000631809235,0.17299999296665192,0.20600000023841858,6400,0.0,0.0
2008-05-23 00:00:00-04:00,0.17499999701976776,0.20000000298023224,0.17499999701976776,0.19499999284744263,21900,0.0,0.0
2008-05-27 00:00:00-04:00,0.1720000058412552,0.19499999284744263,0.1720000058412552,0.19499999284744263,1000,0.0,0.0
2008-05-28 00:00:00-04:00,0.17299999296665192,0.20000000298023224,0.17299999296665192,0.20000000298023224,4500,0.0,0.0
2008-05-29 00:00:00-04:00,0.20000000298023224,0.20600000023841858,0.20000000298023224,0.20600000023841858,14500,0.0,0.0
2008-05-30 00:00:00-04:00,0.20600000023841858,0.20600000023841858,0.20600000023841858,0.20600000023841858,0,0.0,0.0
2008-06-02 00:00:00-04:00,0.20000000298023224,0.20600000023841858,0.15000000596046448,0.1899999976158142,100500,0.0,0.0
2008-06-03 00:00:00-04:00,0.18000000715255737,0.20000000298023224,0.18000000715255737,0.20000000298023224,1000,0.0,0.0
2008-06-04 00:00:00-04:00,0.20000000298023224,0.20000000298023224,0.1899999976158142,0.20000000298023224,5000,0.0,0.0
2008-06-05 00:00:00-04:00,0.18000000715255737,0.20000000298023224,0.18000000715255737,0.20000000298023224,27000,0.0,0.0
2008-06-06 00:00:00-04:00,0.20000000298023224,0.20000000298023224,0.20000000298023224,0.20000000298023224,6500,0.0,0.0
2008-06-09 00:00:00-04:00,0.25,0.25,0.20600000023841858,0.20600000023841858,200,0.0,0.0
2008-06-10 00:00:00-04:00,0.20600000023841858,0.20600000023841858,0.20600000023841858,0.20600000023841858,0,0.0,0.0
2008-06-11 00:00:00-04:00,0.15199999511241913,0.20000000298023224,0.15199999511241913,0.20000000298023224,2000,0.0,0.0
2008-06-12 00:00:00-04:00,0.20000000298023224,0.20000000298023224,0.20000000298023224,0.20000000298023224,0,0.0,0.0
2008-06-13 00:00:00-04:00,0.18000000715255737,0.1899999976158142,0.1599999964237213,0.1899999976158142,7800,0.0,0.0
2008-06-16 00:00:00-04:00,0.19499999284744263,0.20000000298023224,0.19499999284744263,0.19599999487400055,32200,0.0,0.0
2008-06-17 00:00:00-04:00,0.1809999942779541,0.19599999487400055,0.18000000715255737,0.19499999284744263,57800,0.0,0.0
2008-06-18 00:00:00-04:00,0.18000000715255737,0.19499999284744263,0.18000000715255737,0.19499999284744263,10400,0.0,0.0
2008-06-19 00:00:00-04:00,0.1940000057220459,0.20999999344348907,0.18000000715255737,0.20000000298023224,57000,0.0,0.0
2008-06-20 00:00:00-04:00,0.1899999976158142,0.20000000298023224,0.1850000023841858,0.20000000298023224,70800,0.0,0.0
2008-06-23 00:00:00-04:00,0.1899999976158142,0.19900000095367432,0.18000000715255737,0.19900000095367432,48700,0.0,0.0
2008-06-24 00:00:00-04:00,0.18000000715255737,0.1899999976158142,0.17499999701976776,0.1899999976158142,32300,0.0,0.0
2008-06-25 00:00:00-04:00,0.1850000023841858,0.1850000023841858,0.1850000023841858,0.1850000023841858,25000,0.0,0.0
2008-06-26 00:00:00-04:00,0.18000000715255737,0.18199999630451202,0.18000000715255737,0.18000000715255737,125300,0.0,0.0
2008-06-27 00:00:00-04:00,0.18000000715255737,0.2029999941587448,0.18000000715255737,0.20000000298023224,44000,0.0,0.0
2008-06-30 00:00:00-04:00,0.20000000298023224,0.20000000298023224,0.17000000178813934,0.18000000715255737,79000,0.0,0.0
2008-07-01 00:00:00-04:00,0.1850000023841858,0.2029999941587448,0.18000000715255737,0.2029999941587448,28000,0.0,0.0
2008-07-02 00:00:00-04:00,0.18000000715255737,0.2029999941587448,0.18000000715255737,0.2029999941587448,6000,0.0,0.0
2008-07-03 00:00:00-04:00,0.2029999941587448,0.2029999941587448,0.2029999941587448,0.2029999941587448,0,0.0,0.0
2008-07-07 00:00:00-04:00,0.18000000715255737,0.2029999941587448,0.17599999904632568,0.2029999941587448,36000,0.0,0.0
2008-07-08 00:00:00-04:00,0.18000000715255737,0.18000000715255737,0.18000000715255737,0.18000000715255737,10000,0.0,0.0
2008-07-09 00:00:00-04:00,0.2029999941587448,0.2029999941587448,0.18000000715255737,0.18000000715255737,6000,0.0,0.0
2008-07-10 00:00:00-04:00,0.2029999941587448,0.2029999941587448,0.18000000715255737,0.20000000298023224,51400,0.0,0.0
2008-07-11 00:00:00-04:00,0.18000000715255737,0.2029999941587448,0.18000000715255737,0.2029999941587448,20000,0.0,0.0
2008-07-14 00:00:00-04:00,0.18000000715255737,0.20000000298023224,0.18000000715255737,0.20000000298023224,2400,0.0,0.0
2008-07-15 00:00:00-04:00,0.18000000715255737,0.20000000298023224,0.17000000178813934,0.20000000298023224,91500,0.0,0.0
2008-07-16 00:00:00-04:00,0.20000000298023224,0.20000000298023224,0.20000000298023224,0.20000000298023224,1000,0.0,0.0
2008-07-17 00:00:00-04:00,0.1550000011920929,0.19499999284744263,0.1550000011920929,0.18799999356269836,77700,0.0,0.0
2008-07-18 00:00:00-04:00,0.1889999955892563,0.2029999941587448,0.1889999955892563,0.20200000703334808,49000,0.0,0.0
2008-07-21 00:00:00-04:00,0.20000000298023224,0.2029999941587448,0.20000000298023224,0.2029999941587448,86000,0.0,0.0
2008-07-22 00:00:00-04:00,0.20000000298023224,0.20000000298023224,0.1550000011920929,0.17900000512599945,81300,0.0,0.0
2008-07-23 00:00:00-04:00,0.20000000298023224,0.20000000298023224,0.15199999511241913,0.1899999976158142,72000,0.0,0.0
2008-07-24 00:00:00-04:00,0.1899999976158142,0.1899999976158142,0.1899999976158142,0.1899999976158142,0,0.0,0.0
2008-07-25 00:00:00-04:00,0.16500000655651093,0.1899999976158142,0.1599999964237213,0.1899999976158142,20000,0.0,0.0
2008-07-28 00:00:00-04:00,0.1899999976158142,0.1899999976158142,0.1899999976158142,0.1899999976158142,0,0.0,0.0
2008-07-29 00:00:00-04:00,0.16099999845027924,0.18799999356269836,0.1599999964237213,0.18700000643730164,56900,0.0,0.0
2008-07-30 00:00:00-04:00,0.1599999964237213,0.17000000178813934,0.15199999511241913,0.17000000178813934,87500,0.0,0.0
2008-07-31 00:00:00-04:00,0.18199999630451202,0.18199999630451202,0.1599999964237213,0.18199999630451202,36500,0.0,0.0
2008-08-01 00:00:00-04:00,0.1599999964237213,0.1809999942779541,0.15000000596046448,0.1809999942779541,37900,0.0,0.0
2008-08-04 00:00:00-04:00,0.1599999964237213,0.18000000715255737,0.15000000596046448,0.18000000715255737,49000,0.0,0.0
2008-08-05 00:00:00-04:00,0.18000000715255737,0.18000000715255737,0.18000000715255737,0.18000000715255737,0,0.0,0.0
2008-08-06 00:00:00-04:00,0.1550000011920929,0.18000000715255737,0.1550000011920929,0.16500000655651093,36900,0.0,0.0
2008-08-07 00:00:00-04:00,0.15000000596046448,0.1599999964237213,0.15000000596046448,0.15000000596046448,24000,0.0,0.0
2008-08-08 00:00:00-04:00,0.14000000059604645,0.1589999943971634,0.14000000059604645,0.1589999943971634,30000,0.0,0.0
2008-08-11 00:00:00-04:00,0.1589999943971634,0.1589999943971634,0.1589999943971634,0.1589999943971634,0,0.0,0.0
2008-08-12 00:00:00-04:00,0.14800000190734863,0.17900000512599945,0.14800000190734863,0.17900000512599945,36400,0.0,0.0
2008-08-13 00:00:00-04:00,0.1550000011920929,0.17900000512599945,0.1550000011920929,0.17900000512599945,58600,0.0,0.0
2008-08-14 00:00:00-04:00,0.1599999964237213,0.17800000309944153,0.1599999964237213,0.17800000309944153,11500,0.0,0.0
2008-08-15 00:00:00-04:00,0.17800000309944153,0.20000000298023224,0.17800000309944153,0.18000000715255737,25800,0.0,0.0
2008-08-18 00:00:00-04:00,0.1599999964237213,0.18000000715255737,0.15000000596046448,0.18000000715255737,26000,0.0,0.0
2008-08-19 00:00:00-04:00,0.18000000715255737,0.18000000715255737,0.18000000715255737,0.18000000715255737,0,0.0,0.0
2008-08-20 00:00:00-04:00,0.18000000715255737,0.18000000715255737,0.18000000715255737,0.18000000715255737,100,0.0,0.0
2008-08-21 00:00:00-04:00,0.18000000715255737,0.18000000715255737,0.18000000715255737,0.18000000715255737,0,0.0,0.0
2008-08-22 00:00:00-04:00,0.18000000715255737,0.18000000715255737,0.18000000715255737,0.18000000715255737,0,0.0,0.0
2008-08-25 00:00:00-04:00,0.18000000715255737,0.18000000715255737,0.18000000715255737,0.18000000715255737,0,0.0,0.0
2008-08-26 00:00:00-04:00,0.18000000715255737,0.18000000715255737,0.17499999701976776,0.17499999701976776,10000,0.0,0.0
2008-08-27 00:00:00-04:00,0.17499999701976776,0.17499999701976776,0.17499999701976776,0.17499999701976776,0,0.0,0.0
2008-08-28 00:00:00-04:00,0.15000000596046448,0.18000000715255737,0.15000000596046448,0.18000000715255737,10400,0.0,0.0
2008-08-29 00:00:00-04:00,0.18000000715255737,0.18000000715255737,0.18000000715255737,0.18000000715255737,0,0.0,0.0
2008-09-02 00:00:00-04:00,0.14499999582767487,0.17900000512599945,0.14499999582767487,0.17900000512599945,9500,0.0,0.0
2008-09-03 00:00:00-04:00,0.19499999284744263,0.19499999284744263,0.19499999284744263,0.19499999284744263,9000,0.0,0.0
2008-09-04 00:00:00-04:00,0.19499999284744263,0.19499999284744263,0.19499999284744263,0.19499999284744263,0,0.0,0.0
2008-09-05 00:00:00-04:00,0.15000000596046448,0.18400000035762787,0.15000000596046448,0.18400000035762787,11000,0.0,0.0
2008-09-08 00:00:00-04:00,0.18400000035762787,0.18400000035762787,0.18400000035762787,0.18400000035762787,0,0.0,0.0
2008-09-09 00:00:00-04:00,0.15000000596046448,0.18400000035762787,0.15000000596046448,0.18400000035762787,17000,0.0,0.0
2008-09-10 00:00:00-04:00,0.18400000035762787,0.18400000035762787,0.18400000035762787,0.18400000035762787,0,0.0,0.0
2008-09-11 00:00:00-04:00,0.14499999582767487,0.17000000178813934,0.14499999582767487,0.17000000178813934,19000,0.0,0.0
2008-09-12 00:00:00-04:00,0.17000000178813934,0.17000000178813934,0.17000000178813934,0.17000000178813934,0,0.0,0.0
2008-09-15 00:00:00-04:00,0.11999999731779099,0.11999999731779099,0.11999999731779099,0.11999999731779099,5000,0.0,0.0
2008-09-16 00:00:00-04:00,0.10000000149011612,0.1599999964237213,0.10000000149011612,0.1599999964237213,1500,0.0,0.0
2008-09-17 00:00:00-04:00,0.1599999964237213,0.1599999964237213,0.1599999964237213,0.1599999964237213,0,0.0,0.0
2008-09-18 00:00:00-04:00,0.1599999964237213,0.1599999964237213,0.1599999964237213,0.1599999964237213,0,0.0,0.0
2008-09-19 00:00:00-04:00,0.1599999964237213,0.1599999964237213,0.1599999964237213,0.1599999964237213,0,0.0,0.0
2008-09-22 00:00:00-04:00,0.15199999511241913,0.1599999964237213,0.15199999511241913,0.1599999964237213,23600,0.0,0.0
2008-09-23 00:00:00-04:00,0.1599999964237213,0.1599999964237213,0.1599999964237213,0.1599999964237213,0,0.0,0.0
2008-09-24 00:00:00-04:00,0.1599999964237213,0.1599999964237213,0.1599999964237213,0.1599999964237213,0,0.0,0.0
2008-09-25 00:00:00-04:00,0.15000000596046448,0.15000000596046448,0.15000000596046448,0.15000000596046448,4000,0.0,0.0
2008-09-26 00:00:00-04:00,0.15000000596046448,0.15000000596046448,0.15000000596046448,0.15000000596046448,0,0.0,0.0
2008-09-29 00:00:00-04:00,0.15000000596046448,0.15000000596046448,0.15000000596046448,0.15000000596046448,0,0.0,0.0
2008-09-30 00:00:00-04:00,0.15000000596046448,0.15000000596046448,0.15000000596046448,0.15000000596046448,1600,0.0,0.0
2008-10-01 00:00:00-04:00,0.15000000596046448,0.18000000715255737,0.10000000149011612,0.18000000715255737,95900,0.0,0.0
2008-10-02 00:00:00-04:00,0.18000000715255737,0.18000000715255737,0.18000000715255737,0.18000000715255737,0,0.0,0.0
2008-10-03 00:00:00-04:00,0.18000000715255737,0.18000000715255737,0.18000000715255737,0.18000000715255737,0,0.0,0.0
2008-10-06 00:00:00-04:00,0.10100000351667404,0.17499999701976776,0.10100000351667404,0.17499999701976776,25000,0.0,0.0
2008-10-07 00:00:00-04:00,0.07999999821186066,0.1599999964237213,0.07999999821186066,0.15000000596046448,8100,0.0,0.0
2008-10-08 00:00:00-04:00,0.1599999964237213,0.1599999964237213,0.14000000059604645,0.14000000059604645,3000,0.0,0.0
2008-10-09 00:00:00-04:00,0.14000000059604645,0.14000000059604645,0.14000000059604645,0.14000000059604645,0,0.0,0.0
2008-10-10 00:00:00-04:00,0.10000000149011612,0.14000000059604645,0.10000000149011612,0.14000000059604645,31000,0.0,0.0
2008-10-13 00:00:00-04:00,0.14000000059604645,0.14000000059604645,0.14000000059604645,0.14000000059604645,0,0.0,0.0
2008-10-14 00:00:00-04:00,0.14000000059604645,0.14000000059604645,0.14000000059604645,0.14000000059604645,0,0.0,0.0
2008-10-15 00:00:00-04:00,0.17499999701976776,0.17499999701976776,0.17499999701976776,0.17499999701976776,300,0.0,0.0
2008-10-16 00:00:00-04:00,0.17499999701976776,0.18000000715255737,0.11999999731779099,0.17800000309944153,142600,0.0,0.0
2008-10-17 00:00:00-04:00,0.17000000178813934,0.1899999976158142,0.11100000143051147,0.1509999930858612,183200,0.0,0.0
2008-10-20 00:00:00-04:00,0.19900000095367432,0.19900000095367432,0.14000000059604645,0.19900000095367432,31100,0.0,0.0
2008-10-21 00:00:00-04:00,0.18000000715255737,0.19699999690055847,0.17000000178813934,0.19699999690055847,1900,0.0,0.0
2008-10-22 00:00:00-04:00,0.17000000178813934,0.1899999976158142,0.17000000178813934,0.1899999976158142,39600,0.0,0.0
2008-10-23 00:00:00-04:00,0.17100000381469727,0.19900000095367432,0.17100000381469727,0.1720000058412552,74600,0.0,0.0
2008-10-24 00:00:00-04:00,0.1899999976158142,0.19499999284744263,0.18000000715255737,0.1899999976158142,62500,0.0,0.0
2008-10-27 00:00:00-04:00,0.18000000715255737,0.19900000095367432,0.18000000715255737,0.19499999284744263,78400,0.0,0.0
2008-10-28 00:00:00-04:00,0.19499999284744263,0.24899999797344208,0.17299999296665192,0.23899999260902405,111100,0.0,0.0
2008-10-29 00:00:00-04:00,0.23000000417232513,0.23899999260902405,0.23000000417232513,0.23899999260902405,14500,0.0,0.0
2008-10-30 00:00:00-04:00,0.23899999260902405,0.23899999260902405,0.23000000417232513,0.23000000417232513,7000,0.0,0.0
2008-10-31 00:00:00-04:00,0.05000000074505806,0.25,0.05000000074505806,0.25,6300,0.0,0.0
2008-11-03 00:00:00-05:00,0.2199999988079071,0.25,0.2199999988079071,0.25,34600,0.0,0.0
2008-11-04 00:00:00-05:00,0.07999999821186066,0.30000001192092896,0.07999999821186066,0.25,13100,0.0,0.0
2008-11-05 00:00:00-05:00,0.30000001192092896,0.30000001192092896,0.23999999463558197,0.25,20500,0.0,0.0
2008-11-06 00:00:00-05:00,0.20000000298023224,0.20000000298023224,0.20000000298023224,0.20000000298023224,10000,0.0,0.0
2008-11-07 00:00:00-05:00,0.20000000298023224,0.20000000298023224,0.20000000298023224,0.20000000298023224,0,0.0,0.0
2008-11-10 00:00:00-05:00,0.20000000298023224,0.20000000298023224,0.20000000298023224,0.20000000298023224,1000,0.0,0.0
2008-11-11 00:00:00-05:00,0.2199999988079071,0.28999999165534973,0.1899999976158142,0.28999999165534973,20600,0.0,0.0
2008-11-12 00:00:00-05:00,0.25999999046325684,0.25999999046325684,0.12999999523162842,0.23800000548362732,44100,0.0,0.0
2008-11-13 00:00:00-05:00,0.23800000548362732,0.23800000548362732,0.05000000074505806,0.23800000548362732,23100,0.0,0.0
2008-11-14 00:00:00-05:00,0.11999999731779099,0.23000000417232513,0.11999999731779099,0.23000000417232513,2300,0.0,0.0
2008-11-17 00:00:00-05:00,0.18000000715255737,0.23800000548362732,0.18000000715255737,0.23800000548362732,7000,0.0,0.0
2008-11-18 00:00:00-05:00,0.13199999928474426,0.28999999165534973,0.13199999928474426,0.28999999165534973,11200,0.0,0.0
2008-11-19 00:00:00-05:00,0.1120000034570694,0.2879999876022339,0.1120000034570694,0.2879999876022339,5300,0.0,0.0
2008-11-20 00:00:00-05:00,0.2879999876022339,0.2879999876022339,0.2879999876022339,0.2879999876022339,0,0.0,0.0
2008-11-21 00:00:00-05:00,0.2879999876022339,0.2879999876022339,0.2879999876022339,0.2879999876022339,0,0.0,0.0
2008-11-24 00:00:00-05:00,0.11999999731779099,0.25,0.1120000034570694,0.25,49300,0.0,0.0
2008-11-25 00:00:00-05:00,0.2770000100135803,0.2770000100135803,0.2770000100135803,0.2770000100135803,1500,0.0,0.0
2008-11-26 00:00:00-05:00,0.27000001072883606,0.27000001072883606,0.27000001072883606,0.27000001072883606,5500,0.0,0.0
2008-11-28 00:00:00-05:00,0.27000001072883606,0.27000001072883606,0.27000001072883606,0.27000001072883606,0,0.0,0.0
2008-12-01 00:00:00-05:00,0.27000001072883606,0.27000001072883606,0.27000001072883606,0.27000001072883606,10200,0.0,0.0
2008-12-02 00:00:00-05:00,0.2590000033378601,0.2590000033378601,0.2590000033378601,0.2590000033378601,2000,0.0,0.0
2008-12-03 00:00:00-05:00,0.2590000033378601,0.2590000033378601,0.2590000033378601,0.2590000033378601,0,0.0,0.0
2008-12-04 00:00:00-05:00,0.2590000033378601,0.2590000033378601,0.2590000033378601,0.2590000033378601,0,0.0,0.0
2008-12-05 00:00:00-05:00,0.2590000033378601,0.2590000033378601,0.2590000033378601,0.2590000033378601,0,0.0,0.0
2008-12-08 00:00:00-05:00,0.2590000033378601,0.2590000033378601,0.2590000033378601,0.2590000033378601,0,0.0,0.0
2008-12-09 00:00:00-05:00,0.23999999463558197,0.2529999911785126,0.20000000298023224,0.2529999911785126,32100,0.0,0.0
2008-12-10 00:00:00-05:00,0.20000000298023224,0.25,0.20000000298023224,0.20000000298023224,46900,0.0,0.0
2008-12-11 00:00:00-05:00,0.20000000298023224,0.20000000298023224,0.20000000298023224,0.20000000298023224,5800,0.0,0.0
2008-12-12 00:00:00-05:00,0.17599999904632568,0.20000000298023224,0.17599999904632568,0.20000000298023224,10500,0.0,0.0
2008-12-15 00:00:00-05:00,0.1979999989271164,0.1979999989271164,0.1979999989271164,0.1979999989271164,400,0.0,0.0
2008-12-16 00:00:00-05:00,0.14000000059604645,0.19499999284744263,0.12999999523162842,0.19499999284744263,10500,0.0,0.0
2008-12-17 00:00:00-05:00,0.19499999284744263,0.19499999284744263,0.19499999284744263,0.19499999284744263,0,0.0,0.0
2008-12-18 00:00:00-05:00,0.1940000057220459,0.20000000298023224,0.15299999713897705,0.19900000095367432,26900,0.0,0.0
2008-12-19 00:00:00-05:00,0.15299999713897705,0.19900000095367432,0.15299999713897705,0.19900000095367432,1700,0.0,0.0
2008-12-22 00:00:00-05:00,0.19900000095367432,0.19900000095367432,0.19900000095367432,0.19900000095367432,0,0.0,0.0
2008-12-23 00:00:00-05:00,0.19900000095367432,0.19900000095367432,0.19900000095367432,0.19900000095367432,0,0.0,0.0
2008-12-24 00:00:00-05:00,0.15299999713897705,0.19699999690055847,0.15299999713897705,0.19699999690055847,1300,0.0,0.0
2008-12-26 00:00:00-05:00,0.19699999690055847,0.19699999690055847,0.19699999690055847,0.19699999690055847,0,0.0,0.0
2008-12-29 00:00:00-05:00,0.15299999713897705,0.20000000298023224,0.13500000536441803,0.19900000095367432,66000,0.0,0.0
2008-12-30 00:00:00-05:00,0.18000000715255737,0.1899999976158142,0.18000000715255737,0.1899999976158142,13100,0.0,0.0
2008-12-31 00:00:00-05:00,0.18000000715255737,0.18000000715255737,0.11999999731779099,0.18000000715255737,10900,0.0,0.0
2009-01-02 00:00:00-05:00,0.17000000178813934,0.1899999976158142,0.17000000178813934,0.1899999976158142,6600,0.0,0.0
2009-01-05 00:00:00-05:00,0.17000000178813934,0.18000000715255737,0.17000000178813934,0.18000000715255737,5300,0.0,0.0
2009-01-06 00:00:00-05:00,0.18000000715255737,0.18000000715255737,0.14000000059604645,0.18000000715255737,12600,0.0,0.0
2009-01-07 00:00:00-05:00,0.18000000715255737,0.18000000715255737,0.18000000715255737,0.18000000715255737,0,0.0,0.0
2009-01-08 00:00:00-05:00,0.18000000715255737,0.18000000715255737,0.18000000715255737,0.18000000715255737,10000,0.0,0.0
2009-01-09 00:00:00-05:00,0.18000000715255737,0.18000000715255737,0.18000000715255737,0.18000000715255737,0,0.0,0.0
2009-01-12 00:00:00-05:00,0.18000000715255737,0.18000000715255737,0.18000000715255737,0.18000000715255737,0,0.0,0.0
2009-01-13 00:00:00-05:00,0.18000000715255737,0.18000000715255737,0.1509999930858612,0.17000000178813934,123100,0.0,0.0
2009-01-14 00:00:00-05:00,0.1599999964237213,0.1599999964237213,0.15000000596046448,0.15199999511241913,59400,0.0,0.0
2009-01-15 00:00:00-05:00,0.18000000715255737,0.18000000715255737,0.15199999511241913,0.18000000715255737,17100,0.0,0.0
2009-01-16 00:00:00-05:00,0.15000000596046448,0.18799999356269836,0.15000000596046448,0.18799999356269836,59600,0.0,0.0
2009-01-20 00:00:00-05:00,0.18799999356269836,0.18799999356269836,0.18799999356269836,0.18799999356269836,0,0.0,0.0
2009-01-21 00:00:00-05:00,0.18799999356269836,0.18799999356269836,0.18799999356269836,0.18799999356269836,0,0.0,0.0
2009-01-22 00:00:00-05:00,0.15000000596046448,0.1899999976158142,0.14000000059604645,0.1899999976158142,20400,0.0,0.0
2009-01-23 00:00:00-05:00,0.1899999976158142,0.1899999976158142,0.1899999976158142,0.1899999976158142,25000,0.0,0.0
2009-01-26 00:00:00-05:00,0.1899999976158142,0.1899999976158142,0.1899999976158142,0.1899999976158142,0,0.0,0.0
2009-01-27 00:00:00-05:00,0.1899999976158142,0.1899999976158142,0.1899999976158142,0.1899999976158142,0,0.0,0.0
2009-01-28 00:00:00-05:00,0.1899999976158142,0.1899999976158142,0.1899999976158142,0.1899999976158142,0,0.0,0.0
2009-01-29 00:00:00-05:00,0.1899999976158142,0.1899999976158142,0.1899999976158142,0.1899999976158142,0,0.0,0.0
2009-01-30 00:00:00-05:00,0.1899999976158142,0.1899999976158142,0.1599999964237213,0.1899999976158142,2300,0.0,0.0
2009-02-02 00:00:00-05:00,0.1599999964237213,0.1899999976158142,0.15000000596046448,0.1899999976158142,48500,0.0,0.0
2009-02-03 00:00:00-05:00,0.1899999976158142,0.1899999976158142,0.1899999976158142,0.1899999976158142,0,0.0,0.0
2009-02-04 00:00:00-05:00,0.14900000393390656,0.1899999976158142,0.14900000393390656,0.1899999976158142,2800,0.0,0.0
2009-02-05 00:00:00-05:00,0.1899999976158142,0.1899999976158142,0.1899999976158142,0.1899999976158142,0,0.0,0.0
2009-02-06 00:00:00-05:00,0.15000000596046448,0.1899999976158142,0.14499999582767487,0.1899999976158142,14000,0.0,0.0
2009-02-09 00:00:00-05:00,0.1899999976158142,0.1899999976158142,0.1899999976158142,0.1899999976158142,0,0.0,0.0
2009-02-10 00:00:00-05:00,0.09000000357627869,0.1899999976158142,0.09000000357627869,0.1599999964237213,57800,0.0,0.0
2009-02-11 00:00:00-05:00,0.125,0.15000000596046448,0.125,0.14499999582767487,11500,0.0,0.0
2009-02-12 00:00:00-05:00,0.14499999582767487,0.1889999955892563,0.14499999582767487,0.1889999955892563,13000,0.0,0.0
2009-02-13 00:00:00-05:00,0.1889999955892563,0.1889999955892563,0.1889999955892563,0.1889999955892563,0,0.0,0.0
2009-02-17 00:00:00-05:00,0.1599999964237213,0.17800000309944153,0.1599999964237213,0.17800000309944153,13100,0.0,0.0
2009-02-18 00:00:00-05:00,0.17800000309944153,0.17800000309944153,0.17800000309944153,0.17800000309944153,0,0.0,0.0
2009-02-19 00:00:00-05:00,0.13300000131130219,0.17000000178813934,0.13300000131130219,0.17000000178813934,3600,0.0,0.0
2009-02-20 00:00:00-05:00,0.17000000178813934,0.17000000178813934,0.17000000178813934,0.17000000178813934,0,0.0,0.0
2009-02-23 00:00:00-05:00,0.17000000178813934,0.17000000178813934,0.17000000178813934,0.17000000178813934,0,0.0,0.0
2009-02-24 00:00:00-05:00,0.17000000178813934,0.17000000178813934,0.17000000178813934,0.17000000178813934,0,0.0,0.0
2009-02-25 00:00:00-05:00,0.17000000178813934,0.17000000178813934,0.17000000178813934,0.17000000178813934,0,0.0,0.0
2009-02-26 00:00:00-05:00,0.12999999523162842,0.1679999977350235,0.11999999731779099,0.1679999977350235,15000,0.0,0.0
2009-02-27 00:00:00-05:00,0.1679999977350235,0.1679999977350235,0.1679999977350235,0.1679999977350235,0,0.0,0.0
2009-03-02 00:00:00-05:00,0.15000000596046448,0.15000000596046448,0.12600000202655792,0.15000000596046448,8400,0.0,0.0
2009-03-03 00:00:00-05:00,0.15000000596046448,0.15000000596046448,0.15000000596046448,0.15000000596046448,0,0.0,0.0
2009-03-04 00:00:00-05:00,0.11999999731779099,0.1679999977350235,0.11999999731779099,0.1679999977350235,16300,0.0,0.0
2009-03-05 00:00:00-05:00,0.1679999977350235,0.1679999977350235,0.1679999977350235,0.1679999977350235,0,0.0,0.0
2009-03-06 00:00:00-05:00,0.12300000339746475,0.16300000250339508,0.12300000339746475,0.16300000250339508,5500,0.0,0.0
2009-03-09 00:00:00-04:00,0.11999999731779099,0.1599999964237213,0.11999999731779099,0.1599999964237213,20000,0.0,0.0
2009-03-10 00:00:00-04:00,0.14000000059604645,0.1589999943971634,0.125,0.15800000727176666,21000,0.0,0.0
2009-03-11 00:00:00-04:00,0.15800000727176666,0.15800000727176666,0.15800000727176666,0.15800000727176666,0,0.0,0.0
2009-03-12 00:00:00-04:00,0.1289999932050705,0.14000000059604645,0.11999999731779099,0.14000000059604645,57800,0.0,0.0
2009-03-13 00:00:00-04:00,0.14000000059604645,0.14000000059604645,0.14000000059604645,0.14000000059604645,0,0.0,0.0
2009-03-16 00:00:00-04:00,0.14000000059604645,0.14000000059604645,0.14000000059604645,0.14000000059604645,0,0.0,0.0
2009-03-17 00:00:00-04:00,0.14000000059604645,0.14000000059604645,0.14000000059604645,0.14000000059604645,0,0.0,0.0
2009-03-18 00:00:00-04:00,0.11999999731779099,0.14900000393390656,0.11999999731779099,0.1469999998807907,25200,0.0,0.0
2009-03-19 00:00:00-04:00,0.12999999523162842,0.14000000059604645,0.12999999523162842,0.14000000059604645,7000,0.0,0.0
2009-03-20 00:00:00-04:00,0.12999999523162842,0.14000000059604645,0.12999999523162842,0.14000000059604645,6000,0.0,0.0
2009-03-23 00:00:00-04:00,0.14000000059604645,0.14000000059604645,0.14000000059604645,0.14000000059604645,0,0.0,0.0
2009-03-24 00:00:00-04:00,0.14000000059604645,0.14000000059604645,0.14000000059604645,0.14000000059604645,0,0.0,0.0
2009-03-25 00:00:00-04:00,0.14000000059604645,0.14000000059604645,0.14000000059604645,0.14000000059604645,0,0.0,0.0
2009-03-26 00:00:00-04:00,0.14000000059604645,0.14000000059604645,0.14000000059604645,0.14000000059604645,0,0.0,0.0
2009-03-27 00:00:00-04:00,0.14000000059604645,0.14000000059604645,0.14000000059604645,0.14000000059604645,0,0.0,0.0
2009-03-30 00:00:00-04:00,0.14000000059604645,0.14000000059604645,0.14000000059604645,0.14000000059604645,0,0.0,0.0
2009-03-31 00:00:00-04:00,0.11999999731779099,0.12999999523162842,0.11999999731779099,0.12999999523162842,6000,0.0,0.0
2009-04-01 00:00:00-04:00,0.10999999940395355,0.12999999523162842,0.10999999940395355,0.12999999523162842,55100,0.0,0.0
2009-04-02 00:00:00-04:00,0.10199999809265137,0.12999999523162842,0.10000000149011612,0.12700000405311584,173700,0.0,0.0
2009-04-03 00:00:00-04:00,0.09300000220537186,0.11500000208616257,0.07900000363588333,0.1080000028014183,192400,0.0,0.0
2009-04-06 00:00:00-04:00,0.10499999672174454,0.11500000208616257,0.10499999672174454,0.11500000208616257,17500,0.0,0.0
2009-04-07 00:00:00-04:00,0.10499999672174454,0.10700000077486038,0.08500000089406967,0.10599999874830246,51800,0.0,0.0
2009-04-08 00:00:00-04:00,0.10599999874830246,0.10599999874830246,0.10599999874830246,0.10599999874830246,0,0.0,0.0
2009-04-09 00:00:00-04:00,0.10599999874830246,0.10999999940395355,0.10000000149011612,0.10999999940395355,29700,0.0,0.0
2009-04-13 00:00:00-04:00,0.10999999940395355,0.10999999940395355,0.10499999672174454,0.10999999940395355,11600,0.0,0.0
2009-04-14 00:00:00-04:00,0.10999999940395355,0.11500000208616257,0.10000000149011612,0.11500000208616257,31500,0.0,0.0
2009-04-15 00:00:00-04:00,0.10499999672174454,0.10999999940395355,0.10000000149011612,0.10999999940395355,13000,0.0,0.0
2009-04-16 00:00:00-04:00,0.10999999940395355,0.10999999940395355,0.10999999940395355,0.10999999940395355,0,0.0,0.0
2009-04-17 00:00:00-04:00,0.10999999940395355,0.10999999940395355,0.10999999940395355,0.10999999940395355,0,0.0,0.0
2009-04-20 00:00:00-04:00,0.10000000149011612,0.10999999940395355,0.10000000149011612,0.10999999940395355,10300,0.0,0.0
2009-04-21 00:00:00-04:00,0.11299999803304672,0.11500000208616257,0.11299999803304672,0.11500000208616257,4300,0.0,0.0
2009-04-22 00:00:00-04:00,0.10999999940395355,0.14900000393390656,0.10999999940395355,0.14900000393390656,22000,0.0,0.0
2009-04-23 00:00:00-04:00,0.11500000208616257,0.14000000059604645,0.11500000208616257,0.14000000059604645,5300,0.0,0.0
2009-04-24 00:00:00-04:00,0.10499999672174454,0.13899999856948853,0.10499999672174454,0.13899999856948853,9000,0.0,0.0
2009-04-27 00:00:00-04:00,0.12999999523162842,0.164000004529953,0.12999999523162842,0.15000000596046448,215900,0.0,0.0
2009-04-28 00:00:00-04:00,0.15000000596046448,0.15000000596046448,0.15000000596046448,0.15000000596046448,10000,0.0,0.0
2009-04-29 00:00:00-04:00,0.15000000596046448,0.15000000596046448,0.15000000596046448,0.15000000596046448,0,0.0,0.0
2009-04-30 00:00:00-04:00,0.11500000208616257,0.17000000178813934,0.11500000208616257,0.17000000178813934,10800,0.0,0.0
2009-05-01 00:00:00-04:00,0.11699999868869781,0.16899999976158142,0.11699999868869781,0.16899999976158142,6200,0.0,0.0
2009-05-04 00:00:00-04:00,0.16899999976158142,0.16899999976158142,0.16899999976158142,0.16899999976158142,0,0.0,0.0
2009-05-05 00:00:00-04:00,0.11900000274181366,0.12999999523162842,0.10999999940395355,0.1289999932050705,158700,0.0,0.0
2009-05-06 00:00:00-04:00,0.11500000208616257,0.125,0.11500000208616257,0.125,500,0.0,0.0
2009-05-07 00:00:00-04:00,0.125,0.125,0.125,0.125,0,0.0,0.0
2009-05-08 00:00:00-04:00,0.11599999666213989,0.13899999856948853,0.11599999666213989,0.13899999856948853,2300,0.0,0.0
2009-05-11 00:00:00-04:00,0.125,0.125,0.11999999731779099,0.125,30000,0.0,0.0
2009-05-12 00:00:00-04:00,0.125,0.13500000536441803,0.11999999731779099,0.13500000536441803,109500,0.0,0.0
2009-05-13 00:00:00-04:00,0.13300000131130219,0.13300000131130219,0.12099999934434891,0.12099999934434891,72200,0.0,0.0
2009-05-14 00:00:00-04:00,0.12099999934434891,0.12099999934434891,0.12099999934434891,0.12099999934434891,0,0.0,0.0
2009-05-15 00:00:00-04:00,0.125,0.13500000536441803,0.125,0.13500000536441803,25400,0.0,0.0
2009-05-18 00:00:00-04:00,0.13500000536441803,0.13500000536441803,0.13500000536441803,0.13500000536441803,0,0.0,0.0
2009-05-19 00:00:00-04:00,0.125,0.1899999976158142,0.125,0.15000000596046448,46000,0.0,0.0
2009-05-20 00:00:00-04:00,0.15000000596046448,0.15000000596046448,0.15000000596046448,0.15000000596046448,0,0.0,0.0
2009-05-21 00:00:00-04:00,0.15000000596046448,0.15000000596046448,0.15000000596046448,0.15000000596046448,0,0.0,0.0
2009-05-22 00:00:00-04:00,0.13500000536441803,0.15800000727176666,0.13500000536441803,0.15800000727176666,11800,0.0,0.0
2009-05-26 00:00:00-04:00,0.13500000536441803,0.15800000727176666,0.13500000536441803,0.15800000727176666,500,0.0,0.0
2009-05-27 00:00:00-04:00,0.15800000727176666,0.15800000727176666,0.15800000727176666,0.15800000727176666,1400,0.0,0.0
2009-05-28 00:00:00-04:00,0.13500000536441803,0.15800000727176666,0.13500000536441803,0.15800000727176666,1000,0.0,0.0
2009-05-29 00:00:00-04:00,0.13500000536441803,0.18799999356269836,0.13500000536441803,0.17399999499320984,223500,0.0,0.0
2009-06-01 00:00:00-04:00,0.17399999499320984,0.19900000095367432,0.17399999499320984,0.1979999989271164,30800,0.0,0.0
2009-06-02 00:00:00-04:00,0.1979999989271164,0.1979999989271164,0.1979999989271164,0.1979999989271164,0,0.0,0.0
2009-06-03 00:00:00-04:00,0.1899999976158142,0.20000000298023224,0.1899999976158142,0.1979999989271164,2300,0.0,0.0
2009-06-04 00:00:00-04:00,0.20000000298023224,0.20000000298023224,0.20000000298023224,0.20000000298023224,300,0.0,0.0
2009-06-05 00:00:00-04:00,0.20000000298023224,0.20000000298023224,0.20000000298023224,0.20000000298023224,0,0.0,0.0
2009-06-08 00:00:00-04:00,0.20000000298023224,0.20000000298023224,0.20000000298023224,0.20000000298023224,0,0.0,0.0
2009-06-09 00:00:00-04:00,0.20000000298023224,0.20000000298023224,0.20000000298023224,0.20000000298023224,0,0.0,0.0
2009-06-10 00:00:00-04:00,0.20000000298023224,0.20000000298023224,0.20000000298023224,0.20000000298023224,0,0.0,0.0
2009-06-11 00:00:00-04:00,0.16200000047683716,0.20000000298023224,0.1599999964237213,0.20000000298023224,47300,0.0,0.0
2009-06-12 00:00:00-04:00,0.20000000298023224,0.20000000298023224,0.19900000095367432,0.19900000095367432,15000,0.0,0.0
2009-06-15 00:00:00-04:00,0.1899999976158142,0.1899999976158142,0.1899999976158142,0.1899999976158142,29000,0.0,0.0
2009-06-16 00:00:00-04:00,0.1899999976158142,0.1899999976158142,0.1899999976158142,0.1899999976158142,0,0.0,0.0
2009-06-17 00:00:00-04:00,0.1899999976158142,0.1899999976158142,0.1899999976158142,0.1899999976158142,11000,0.0,0.0
2009-06-18 00:00:00-04:00,0.1899999976158142,0.1899999976158142,0.1899999976158142,0.1899999976158142,0,0.0,0.0
2009-06-19 00:00:00-04:00,0.1899999976158142,0.1899999976158142,0.1899999976158142,0.1899999976158142,32000,0.0,0.0
2009-06-22 00:00:00-04:00,0.1899999976158142,0.1899999976158142,0.17000000178813934,0.17000000178813934,63000,0.0,0.0
2009-06-23 00:00:00-04:00,0.1599999964237213,0.1899999976158142,0.1599999964237213,0.1899999976158142,71500,0.0,0.0
2009-06-24 00:00:00-04:00,0.1899999976158142,0.1899999976158142,0.1899999976158142,0.1899999976158142,3000,0.0,0.0
2009-06-25 00:00:00-04:00,0.1899999976158142,0.1899999976158142,0.1509999930858612,0.1899999976158142,8900,0.0,0.0
2009-06-26 00:00:00-04:00,0.19699999690055847,0.19699999690055847,0.19699999690055847,0.19699999690055847,300,0.0,0.0
2009-06-29 00:00:00-04:00,0.19699999690055847,0.19699999690055847,0.19699999690055847,0.19699999690055847,0,0.0,0.0
2009-06-30 00:00:00-04:00,0.15600000321865082,0.1899999976158142,0.15600000321865082,0.1899999976158142,4400,0.0,0.0
2009-07-01 00:00:00-04:00,0.19900000095367432,0.19900000095367432,0.19900000095367432,0.19900000095367432,1300,0.0,0.0
2009-07-02 00:00:00-04:00,0.19900000095367432,0.19900000095367432,0.19900000095367432,0.19900000095367432,0,0.0,0.0
2009-07-06 00:00:00-04:00,0.19900000095367432,0.19900000095367432,0.19900000095367432,0.19900000095367432,0,0.0,0.0
2009-07-07 00:00:00-04:00,0.1899999976158142,0.1899999976158142,0.1899999976158142,0.1899999976158142,500,0.0,0.0
2009-07-08 00:00:00-04:00,0.1509999930858612,0.1899999976158142,0.1509999930858612,0.1899999976158142,5500,0.0,0.0
2009-07-09 00:00:00-04:00,0.1899999976158142,0.1899999976158142,0.1899999976158142,0.1899999976158142,9500,0.0,0.0
2009-07-10 00:00:00-04:00,0.17000000178813934,0.1899999976158142,0.17000000178813934,0.1899999976158142,5500,0.0,0.0
2009-07-13 00:00:00-04:00,0.1899999976158142,0.1899999976158142,0.1899999976158142,0.1899999976158142,5000,0.0,0.0
2009-07-14 00:00:00-04:00,0.1899999976158142,0.1899999976158142,0.1899999976158142,0.1899999976158142,0,0.0,0.0
2009-07-15 00:00:00-04:00,0.18000000715255737,0.18000000715255737,0.12999999523162842,0.14000000059604645,201400,0.0,0.0
2009-07-16 00:00:00-04:00,0.18000000715255737,0.18000000715255737,0.12999999523162842,0.15000000596046448,27500,0.0,0.0
2009-07-17 00:00:00-04:00,0.12999999523162842,0.15000000596046448,0.125,0.15000000596046448,75100,0.0,0.0
2009-07-20 00:00:00-04:00,0.125,0.15000000596046448,0.11999999731779099,0.15000000596046448,54900,0.0,0.0
2009-07-21 00:00:00-04:00,0.125,0.15000000596046448,0.11500000208616257,0.15000000596046448,39800,0.0,0.0
2009-07-22 00:00:00-04:00,0.11999999731779099,0.19900000095367432,0.11500000208616257,0.19900000095367432,30300,0.0,0.0
2009-07-23 00:00:00-04:00,0.12700000405311584,0.1899999976158142,0.12700000405311584,0.1899999976158142,5300,0.0,0.0
2009-07-24 00:00:00-04:00,0.14000000059604645,0.14000000059604645,0.14000000059604645,0.14000000059604645,5000,0.0,0.0
2009-07-27 00:00:00-04:00,0.1340000033378601,0.14000000059604645,0.11999999731779099,0.14000000059604645,15300,0.0,0.0
2009-07-28 00:00:00-04:00,0.14000000059604645,0.1899999976158142,0.11999999731779099,0.11999999731779099,77300,0.0,0.0
2009-07-29 00:00:00-04:00,0.1899999976158142,0.1899999976158142,0.14000000059604645,0.1589999943971634,48800,0.0,0.0
2009-07-30 00:00:00-04:00,0.14000000059604645,0.14000000059604645,0.14000000059604645,0.14000000059604645,5000,0.0,0.0
2009-07-31 00:00:00-04:00,0.1589999943971634,0.1589999943971634,0.14000000059604645,0.14000000059604645,9800,0.0,0.0
2009-08-03 00:00:00-04:00,0.14000000059604645,0.14000000059604645,0.10999999940395355,0.14000000059604645,3600,0.0,0.0
2009-08-04 00:00:00-04:00,0.14000000059604645,0.1589999943971634,0.11999999731779099,0.14000000059604645,30300,0.0,0.0
2009-08-05 00:00:00-04:00,0.11999999731779099,0.14000000059604645,0.11999999731779099,0.14000000059604645,21300,0.0,0.0
2009-08-06 00:00:00-04:00,0.14000000059604645,0.14000000059604645,0.14000000059604645,0.14000000059604645,0,0.0,0.0
2009-08-07 00:00:00-04:00,0.11999999731779099,0.1589999943971634,0.11999999731779099,0.1589999943971634,13200,0.0,0.0
2009-08-10 00:00:00-04:00,0.1589999943971634,0.1589999943971634,0.1589999943971634,0.1589999943971634,0,0.0,0.0
2009-08-11 00:00:00-04:00,0.1589999943971634,0.1589999943971634,0.14000000059604645,0.15800000727176666,16300,0.0,0.0
2009-08-12 00:00:00-04:00,0.1599999964237213,0.1599999964237213,0.1599999964237213,0.1599999964237213,300,0.0,0.0
2009-08-13 00:00:00-04:00,0.1589999943971634,0.1599999964237213,0.14000000059604645,0.1599999964237213,3200,0.0,0.0
2009-08-14 00:00:00-04:00,0.1599999964237213,0.1599999964237213,0.15000000596046448,0.15000000596046448,35500,0.0,0.0
2009-08-17 00:00:00-04:00,0.14000000059604645,0.15000000596046448,0.14000000059604645,0.15000000596046448,1600,0.0,0.0
2009-08-18 00:00:00-04:00,0.15000000596046448,0.15000000596046448,0.15000000596046448,0.15000000596046448,0,0.0,0.0
2009-08-19 00:00:00-04:00,0.14000000059604645,0.1599999964237213,0.11999999731779099,0.1599999964237213,29300,0.0,0.0
2009-08-20 00:00:00-04:00,0.1599999964237213,0.1599999964237213,0.1599999964237213,0.1599999964237213,0,0.0,0.0
2009-08-21 00:00:00-04:00,0.12200000137090683,0.1589999943971634,0.12200000137090683,0.1589999943971634,5800,0.0,0.0
2009-08-24 00:00:00-04:00,0.12300000339746475,0.1589999943971634,0.12300000339746475,0.1589999943971634,4000,0.0,0.0
2009-08-25 00:00:00-04:00,0.1589999943971634,0.1589999943971634,0.1589999943971634,0.1589999943971634,0,0.0,0.0
2009-08-26 00:00:00-04:00,0.15000000596046448,0.15000000596046448,0.15000000596046448,0.15000000596046448,10000,0.0,0.0
2009-08-27 00:00:00-04:00,0.15000000596046448,0.15199999511241913,0.14000000059604645,0.14000000059604645,40300,0.0,0.0
2009-08-28 00:00:00-04:00,0.14000000059604645,0.15199999511241913,0.14000000059604645,0.15199999511241913,15500,0.0,0.0
2009-08-31 00:00:00-04:00,0.13199999928474426,0.17000000178813934,0.13199999928474426,0.17000000178813934,27500,0.0,0.0
2009-09-01 00:00:00-04:00,0.17000000178813934,0.17000000178813934,0.17000000178813934,0.17000000178813934,0,0.0,0.0
2009-09-02 00:00:00-04:00,0.17000000178813934,0.17000000178813934,0.17000000178813934,0.17000000178813934,0,0.0,0.0
2009-09-03 00:00:00-04:00,0.17000000178813934,0.17000000178813934,0.17000000178813934,0.17000000178813934,0,0.0,0.0
2009-09-04 00:00:00-04:00,0.1599999964237213,0.16899999976158142,0.1599999964237213,0.16899999976158142,13500,0.0,0.0
2009-09-08 00:00:00-04:00,0.16899999976158142,0.17900000512599945,0.1509999930858612,0.1509999930858612,88600,0.0,0.0
2009-09-09 00:00:00-04:00,0.1509999930858612,0.18000000715255737,0.1509999930858612,0.18000000715255737,40500,0.0,0.0
2009-09-10 00:00:00-04:00,0.17800000309944153,0.17800000309944153,0.17800000309944153,0.17800000309944153,10000,0.0,0.0
2009-09-11 00:00:00-04:00,0.14300000667572021,0.17800000309944153,0.14300000667572021,0.1599999964237213,27500,0.0,0.0
2009-09-14 00:00:00-04:00,0.1599999964237213,0.17800000309944153,0.1599999964237213,0.17000000178813934,202000,0.0,0.0
2009-09-15 00:00:00-04:00,0.17800000309944153,0.17800000309944153,0.17499999701976776,0.17499999701976776,68100,0.0,0.0
2009-09-16 00:00:00-04:00,0.17499999701976776,0.17499999701976776,0.17499999701976776,0.17499999701976776,200,0.0,0.0
2009-09-17 00:00:00-04:00,0.14499999582767487,0.1850000023841858,0.14499999582767487,0.1850000023841858,27600,0.0,0.0
2009-09-18 00:00:00-04:00,0.18000000715255737,0.18000000715255737,0.18000000715255737,0.18000000715255737,10000,0.0,0.0
2009-09-21 00:00:00-04:00,0.18000000715255737,0.18000000715255737,0.18000000715255737,0.18000000715255737,0,0.0,0.0
2009-09-22 00:00:00-04:00,0.17000000178813934,0.17000000178813934,0.17000000178813934,0.17000000178813934,10000,0.0,0.0
2009-09-23 00:00:00-04:00,0.17000000178813934,0.17000000178813934,0.17000000178813934,0.17000000178813934,11000,0.0,0.0
2009-09-24 00:00:00-04:00,0.17000000178813934,0.17000000178813934,0.17000000178813934,0.17000000178813934,500,0.0,0.0
2009-09-25 00:00:00-04:00,0.17000000178813934,0.17000000178813934,0.17000000178813934,0.17000000178813934,0,0.0,0.0
2009-09-28 00:00:00-04:00,0.18000000715255737,0.18000000715255737,0.15000000596046448,0.17000000178813934,58100,0.0,0.0
2009-09-29 00:00:00-04:00,0.17000000178813934,0.1889999955892563,0.15000000596046448,0.1889999955892563,136100,0.0,0.0
2009-09-30 00:00:00-04:00,0.17000000178813934,0.18000000715255737,0.17000000178813934,0.18000000715255737,55500,0.0,0.0
2009-10-01 00:00:00-04:00,0.15000000596046448,0.17000000178813934,0.15000000596046448,0.17000000178813934,50700,0.0,0.0
2009-10-02 00:00:00-04:00,0.17000000178813934,0.17000000178813934,0.17000000178813934,0.17000000178813934,15000,0.0,0.0
2009-10-05 00:00:00-04:00,0.17000000178813934,0.1889999955892563,0.17000000178813934,0.1889999955892563,13800,0.0,0.0
2009-10-06 00:00:00-04:00,0.1889999955892563,0.1889999955892563,0.18000000715255737,0.18000000715255737,20000,0.0,0.0
2009-10-07 00:00:00-04:00,0.18000000715255737,0.18000000715255737,0.18000000715255737,0.18000000715255737,5000,0.0,0.0
2009-10-08 00:00:00-04:00,0.18000000715255737,0.18000000715255737,0.17499999701976776,0.17499999701976776,12000,0.0,0.0
2009-10-09 00:00:00-04:00,0.18000000715255737,0.18000000715255737,0.18000000715255737,0.18000000715255737,2500,0.0,0.0
2009-10-12 00:00:00-04:00,0.18000000715255737,0.19900000095367432,0.18000000715255737,0.1899999976158142,31300,0.0,0.0
2009-10-13 00:00:00-04:00,0.18000000715255737,0.25,0.18000000715255737,0.20000000298023224,55000,0.0,0.0
2009-10-14 00:00:00-04:00,0.29899999499320984,0.29899999499320984,0.20000000298023224,0.20000000298023224,11700,0.0,0.0
2009-10-15 00:00:00-04:00,0.20000000298023224,0.23899999260902405,0.1899999976158142,0.1899999976158142,27000,0.0,0.0
2009-10-16 00:00:00-04:00,0.1899999976158142,0.20999999344348907,0.1889999955892563,0.20999999344348907,5500,0.0,0.0
2009-10-19 00:00:00-04:00,0.20000000298023224,0.20000000298023224,0.20000000298023224,0.20000000298023224,29600,0.0,0.0
2009-10-20 00:00:00-04:00,0.20000000298023224,0.20000000298023224,0.20000000298023224,0.20000000298023224,8500,0.0,0.0
2009-10-21 00:00:00-04:00,0.20000000298023224,0.20000000298023224,0.1889999955892563,0.20000000298023224,15900,0.0,0.0
2009-10-22 00:00:00-04:00,0.20000000298023224,0.20000000298023224,0.20000000298023224,0.20000000298023224,0,0.0,0.0
2009-10-23 00:00:00-04:00,0.20000000298023224,0.20000000298023224,0.20000000298023224,0.20000000298023224,1300,0.0,0.0
2009-10-26 00:00:00-04:00,0.20000000298023224,0.20000000298023224,0.20000000298023224,0.20000000298023224,0,0.0,0.0
2009-10-27 00:00:00-04:00,0.1889999955892563,0.19499999284744263,0.17000000178813934,0.19499999284744263,9700,0.0,0.0
2009-10-28 00:00:00-04:00,0.19499999284744263,0.19499999284744263,0.19499999284744263,0.19499999284744263,0,0.0,0.0
2009-10-29 00:00:00-04:00,0.19499999284744263,0.19499999284744263,0.19499999284744263,0.19499999284744263,500,0.0,0.0
2009-10-30 00:00:00-04:00,0.19499999284744263,0.19499999284744263,0.19499999284744263,0.19499999284744263,0,0.0,0.0
2009-11-02 00:00:00-05:00,0.1899999976158142,0.1899999976158142,0.1899999976158142,0.1899999976158142,2000,0.0,0.0
2009-11-03 00:00:00-05:00,0.20000000298023224,0.23899999260902405,0.1899999976158142,0.23899999260902405,91500,0.0,0.0
2009-11-04 00:00:00-05:00,0.2150000035762787,0.2150000035762787,0.20000000298023224,0.20000000298023224,107700,0.0,0.0
2009-11-05 00:00:00-05:00,0.20900000631809235,0.20900000631809235,0.20000000298023224,0.20900000631809235,10500,0.0,0.0
2009-11-06 00:00:00-05:00,0.20900000631809235,0.20900000631809235,0.20900000631809235,0.20900000631809235,0,0.0,0.0
2009-11-09 00:00:00-05:00,0.23899999260902405,0.23899999260902405,0.23899999260902405,0.23899999260902405,500,0.0,0.0
2009-11-10 00:00:00-05:00,0.23899999260902405,0.23899999260902405,0.23899999260902405,0.23899999260902405,2000,0.0,0.0
2009-11-11 00:00:00-05:00,0.23899999260902405,0.23899999260902405,0.23899999260902405,0.23899999260902405,2000,0.0,0.0
2009-11-12 00:00:00-05:00,0.20999999344348907,0.20999999344348907,0.20999999344348907,0.20999999344348907,8000,0.0,0.0
2009-11-13 00:00:00-05:00,0.23899999260902405,0.23899999260902405,0.20999999344348907,0.20999999344348907,36000,0.0,0.0
2009-11-16 00:00:00-05:00,0.1899999976158142,0.20999999344348907,0.1899999976158142,0.20999999344348907,1000,0.0,0.0
2009-11-17 00:00:00-05:00,0.1899999976158142,0.20000000298023224,0.1899999976158142,0.20000000298023224,52400,0.0,0.0
2009-11-18 00:00:00-05:00,0.20000000298023224,0.23899999260902405,0.20000000298023224,0.23899999260902405,32000,0.0,0.0
2009-11-19 00:00:00-05:00,0.23899999260902405,0.25,0.18000000715255737,0.25,10900,0.0,0.0
2009-11-20 00:00:00-05:00,0.25,0.25,0.25,0.25,0,0.0,0.0
2009-11-23 00:00:00-05:00,0.23999999463558197,0.23999999463558197,0.23999999463558197,0.23999999463558197,2000,0.0,0.0
2009-11-24 00:00:00-05:00,0.1850000023841858,0.23999999463558197,0.1850000023841858,0.23999999463558197,13000,0.0,0.0
2009-11-25 00:00:00-05:00,0.1899999976158142,0.1899999976158142,0.1899999976158142,0.1899999976158142,11000,0.0,0.0
2009-11-27 00:00:00-05:00,0.1860000044107437,0.20000000298023224,0.1850000023841858,0.19499999284744263,29900,0.0,0.0
2009-11-30 00:00:00-05:00,0.1899999976158142,0.1899999976158142,0.1899999976158142,0.1899999976158142,100,0.0,0.0
2009-12-01 00:00:00-05:00,0.1899999976158142,0.1899999976158142,0.1899999976158142,0.1899999976158142,0,0.0,0.0
2009-12-02 00:00:00-05:00,0.1860000044107437,0.1899999976158142,0.1850000023841858,0.1899999976158142,69300,0.0,0.0
2009-12-03 00:00:00-05:00,0.1899999976158142,0.1899999976158142,0.1899999976158142,0.1899999976158142,0,0.0,0.0
2009-12-04 00:00:00-05:00,0.1899999976158142,0.1899999976158142,0.1899999976158142,0.1899999976158142,0,0.0,0.0
2009-12-07 00:00:00-05:00,0.1899999976158142,0.1899999976158142,0.1899999976158142,0.1899999976158142,0,0.0,0.0
2009-12-08 00:00:00-05:00,0.1899999976158142,0.1899999976158142,0.1899999976158142,0.1899999976158142,0,0.0,0.0
2009-12-09 00:00:00-05:00,0.1899999976158142,0.1899999976158142,0.1899999976158142,0.1899999976158142,5000,0.0,0.0
2009-12-10 00:00:00-05:00,0.1899999976158142,0.1899999976158142,0.17000000178813934,0.1899999976158142,22100,0.0,0.0
2009-12-11 00:00:00-05:00,0.1899999976158142,0.1899999976158142,0.1899999976158142,0.1899999976158142,0,0.0,0.0
2009-12-14 00:00:00-05:00,0.17000000178813934,0.20499999821186066,0.17000000178813934,0.20499999821186066,51500,0.0,0.0
2009-12-15 00:00:00-05:00,0.17000000178813934,0.20499999821186066,0.17000000178813934,0.20499999821186066,5700,0.0,0.0
2009-12-16 00:00:00-05:00,0.20499999821186066,0.20499999821186066,0.20499999821186066,0.20499999821186066,0,0.0,0.0
2009-12-17 00:00:00-05:00,0.20499999821186066,0.20499999821186066,0.20499999821186066,0.20499999821186066,0,0.0,0.0
2009-12-18 00:00:00-05:00,0.20499999821186066,0.20499999821186066,0.20499999821186066,0.20499999821186066,0,0.0,0.0
2009-12-21 00:00:00-05:00,0.20499999821186066,0.20499999821186066,0.20499999821186066,0.20499999821186066,0,0.0,0.0
2009-12-22 00:00:00-05:00,0.20499999821186066,0.20499999821186066,0.20499999821186066,0.20499999821186066,0,0.0,0.0
2009-12-23 00:00:00-05:00,0.20499999821186066,0.20499999821186066,0.20499999821186066,0.20499999821186066,0,0.0,0.0
2009-12-24 00:00:00-05:00,0.20499999821186066,0.20499999821186066,0.20499999821186066,0.20499999821186066,0,0.0,0.0
2009-12-28 00:00:00-05:00,0.20499999821186066,0.20499999821186066,0.20499999821186066,0.20499999821186066,0,0.0,0.0
2009-12-29 00:00:00-05:00,0.18000000715255737,0.1899999976158142,0.18000000715255737,0.1899999976158142,4200,0.0,0.0
2009-12-30 00:00:00-05:00,0.1899999976158142,0.1899999976158142,0.1899999976158142,0.1899999976158142,0,0.0,0.0
2009-12-31 00:00:00-05:00,0.1899999976158142,0.1899999976158142,0.1899999976158142,0.1899999976158142,0,0.0,0.0
2010-01-04 00:00:00-05:00,0.21699999272823334,0.21699999272823334,0.1770000010728836,0.21699999272823334,1700,0.0,0.0
2010-01-05 00:00:00-05:00,0.21699999272823334,0.21699999272823334,0.21699999272823334,0.21699999272823334,0,0.0,0.0
2010-01-06 00:00:00-05:00,0.18199999630451202,0.21699999272823334,0.1770000010728836,0.21699999272823334,47800,0.0,0.0
2010-01-07 00:00:00-05:00,0.21699999272823334,0.21699999272823334,0.21699999272823334,0.21699999272823334,0,0.0,0.0
2010-01-08 00:00:00-05:00,0.18199999630451202,0.18199999630451202,0.18199999630451202,0.18199999630451202,9200,0.0,0.0
2010-01-11 00:00:00-05:00,0.18199999630451202,0.18199999630451202,0.18199999630451202,0.18199999630451202,0,0.0,0.0
2010-01-12 00:00:00-05:00,0.1770000010728836,0.22699999809265137,0.1770000010728836,0.22699999809265137,12700,0.0,0.0
2010-01-13 00:00:00-05:00,0.22699999809265137,0.22699999809265137,0.22699999809265137,0.22699999809265137,0,0.0,0.0
2010-01-14 00:00:00-05:00,0.22699999809265137,0.22699999809265137,0.22699999809265137,0.22699999809265137,0,0.0,0.0
2010-01-15 00:00:00-05:00,0.22699999809265137,0.22699999809265137,0.22699999809265137,0.22699999809265137,0,0.0,0.0
2010-01-19 00:00:00-05:00,0.17599999904632568,0.2280000001192093,0.17599999904632568,0.2280000001192093,4100,0.0,0.0
2010-01-20 00:00:00-05:00,0.2280000001192093,0.2280000001192093,0.2280000001192093,0.2280000001192093,0,0.0,0.0
2010-01-21 00:00:00-05:00,0.1899999976158142,0.20999999344348907,0.1899999976158142,0.20999999344348907,5500,0.0,0.0
2010-01-22 00:00:00-05:00,0.17499999701976776,0.20000000298023224,0.10999999940395355,0.20000000298023224,15000,0.0,0.0
2010-01-25 00:00:00-05:00,0.20000000298023224,0.20000000298023224,0.20000000298023224,0.20000000298023224,0,0.0,0.0
2010-01-26 00:00:00-05:00,0.20000000298023224,0.20000000298023224,0.20000000298023224,0.20000000298023224,0,0.0,0.0
2010-01-27 00:00:00-05:00,0.15600000321865082,0.20000000298023224,0.15600000321865082,0.20000000298023224,6100,0.0,0.0
2010-01-28 00:00:00-05:00,0.18000000715255737,0.1899999976158142,0.18000000715255737,0.1899999976158142,1300,0.0,0.0
2010-01-29 00:00:00-05:00,0.1899999976158142,0.1899999976158142,0.1899999976158142,0.1899999976158142,0,0.0,0.0
2010-02-01 00:00:00-05:00,0.1550000011920929,0.1899999976158142,0.1550000011920929,0.1899999976158142,3000,0.0,0.0
2010-02-02 00:00:00-05:00,0.1899999976158142,0.1899999976158142,0.1899999976158142,0.1899999976158142,0,0.0,0.0
2010-02-03 00:00:00-05:00,0.18000000715255737,0.18000000715255737,0.18000000715255737,0.18000000715255737,100,0.0,0.0
2010-02-04 00:00:00-05:00,0.1550000011920929,0.1899999976158142,0.10999999940395355,0.1899999976158142,18800,0.0,0.0
2010-02-05 00:00:00-05:00,0.1899999976158142,0.1899999976158142,0.1899999976158142,0.1899999976158142,0,0.0,0.0
2010-02-08 00:00:00-05:00,0.15700000524520874,0.1899999976158142,0.15600000321865082,0.1899999976158142,2100,0.0,0.0
2010-02-09 00:00:00-05:00,0.15700000524520874,0.20000000298023224,0.15700000524520874,0.20000000298023224,9200,0.0,0.0
2010-02-10 00:00:00-05:00,0.20000000298023224,0.20000000298023224,0.20000000298023224,0.20000000298023224,0,0.0,0.0
2010-02-11 00:00:00-05:00,0.20000000298023224,0.20000000298023224,0.20000000298023224,0.20000000298023224,0,0.0,0.0
2010-02-12 00:00:00-05:00,0.20000000298023224,0.20000000298023224,0.20000000298023224,0.20000000298023224,0,0.0,0.0
2010-02-16 00:00:00-05:00,0.16599999368190765,0.20000000298023224,0.16599999368190765,0.20000000298023224,5400,0.0,0.0
2010-02-17 00:00:00-05:00,0.20000000298023224,0.20000000298023224,0.20000000298023224,0.20000000298023224,0,0.0,0.0
2010-02-18 00:00:00-05:00,0.20000000298023224,0.20000000298023224,0.20000000298023224,0.20000000298023224,14800,0.0,0.0
2010-02-19 00:00:00-05:00,0.16599999368190765,0.20000000298023224,0.16599999368190765,0.20000000298023224,2000,0.0,0.0
2010-02-22 00:00:00-05:00,0.20000000298023224,0.20000000298023224,0.20000000298023224,0.20000000298023224,0,0.0,0.0
2010-02-23 00:00:00-05:00,0.16599999368190765,0.20000000298023224,0.16599999368190765,0.20000000298023224,3600,0.0,0.0
2010-02-24 00:00:00-05:00,0.20000000298023224,0.20000000298023224,0.20000000298023224,0.20000000298023224,0,0.0,0.0
2010-02-25 00:00:00-05:00,0.16599999368190765,0.1899999976158142,0.16599999368190765,0.1899999976158142,3900,0.0,0.0
2010-02-26 00:00:00-05:00,0.17499999701976776,0.1899999976158142,0.17499999701976776,0.1899999976158142,2700,0.0,0.0
2010-03-01 00:00:00-05:00,0.1899999976158142,0.1899999976158142,0.17499999701976776,0.1899999976158142,2200,0.0,0.0
2010-03-02 00:00:00-05:00,0.1899999976158142,0.1899999976158142,0.1899999976158142,0.1899999976158142,5000,0.0,0.0
2010-03-03 00:00:00-05:00,0.15700000524520874,0.1850000023841858,0.15700000524520874,0.1850000023841858,5400,0.0,0.0
2010-03-04 00:00:00-05:00,0.15700000524520874,0.1850000023841858,0.1550000011920929,0.1850000023841858,31900,0.0,0.0
2010-03-05 00:00:00-05:00,0.1850000023841858,0.1850000023841858,0.1850000023841858,0.1850000023841858,0,0.0,0.0
2010-03-08 00:00:00-05:00,0.1509999930858612,0.18000000715255737,0.15000000596046448,0.18000000715255737,43500,0.0,0.0
2010-03-09 00:00:00-05:00,0.18000000715255737,0.18000000715255737,0.18000000715255737,0.18000000715255737,0,0.0,0.0
2010-03-10 00:00:00-05:00,0.14000000059604645,0.17499999701976776,0.14000000059604645,0.17499999701976776,18000,0.0,0.0
2010-03-11 00:00:00-05:00,0.17499999701976776,0.17499999701976776,0.17499999701976776,0.17499999701976776,1000,0.0,0.0
2010-03-12 00:00:00-05:00,0.17499999701976776,0.17499999701976776,0.17499999701976776,0.17499999701976776,0,0.0,0.0
2010-03-15 00:00:00-04:00,0.14499999582767487,0.17499999701976776,0.14000000059604645,0.17499999701976776,2700,0.0,0.0
2010-03-16 00:00:00-04:00,0.17499999701976776,0.17499999701976776,0.17499999701976776,0.17499999701976776,0,0.0,0.0
2010-03-17 00:00:00-04:00,0.1459999978542328,0.17499999701976776,0.1459999978542328,0.17499999701976776,1200,0.0,0.0
2010-03-18 00:00:00-04:00,0.15000000596046448,0.17000000178813934,0.15000000596046448,0.17000000178813934,10500,0.0,0.0
2010-03-19 00:00:00-04:00,0.17000000178813934,0.17000000178813934,0.17000000178813934,0.17000000178813934,0,0.0,0.0
2010-03-22 00:00:00-04:00,0.1459999978542328,0.1459999978542328,0.1459999978542328,0.1459999978542328,600,0.0,0.0
2010-03-23 00:00:00-04:00,0.1459999978542328,0.17000000178813934,0.1459999978542328,0.17000000178813934,6500,0.0,0.0
2010-03-24 00:00:00-04:00,0.14000000059604645,0.1599999964237213,0.14000000059604645,0.1599999964237213,1500,0.0,0.0
2010-03-25 00:00:00-04:00,0.14000000059604645,0.1599999964237213,0.14000000059604645,0.1599999964237213,1500,0.0,0.0
2010-03-26 00:00:00-04:00,0.1599999964237213,0.1599999964237213,0.1599999964237213,0.1599999964237213,0,0.0,0.0
2010-03-29 00:00:00-04:00,0.14000000059604645,0.1599999964237213,0.14000000059604645,0.1599999964237213,19400,0.0,0.0
2010-03-30 00:00:00-04:00,0.15000000596046448,0.15000000596046448,0.15000000596046448,0.15000000596046448,200,0.0,0.0
2010-03-31 00:00:00-04:00,0.11999999731779099,0.15000000596046448,0.11999999731779099,0.15000000596046448,3000,0.0,0.0
2010-04-01 00:00:00-04:00,0.15000000596046448,0.15000000596046448,0.12600000202655792,0.12600000202655792,2400,0.0,0.0
2010-04-05 00:00:00-04:00,0.15000000596046448,0.15000000596046448,0.12999999523162842,0.15000000596046448,50800,0.0,0.0
2010-04-06 00:00:00-04:00,0.15000000596046448,0.15000000596046448,0.15000000596046448,0.15000000596046448,0,0.0,0.0
2010-04-07 00:00:00-04:00,0.12600000202655792,0.14499999582767487,0.12600000202655792,0.14499999582767487,800,0.0,0.0
2010-04-08 00:00:00-04:00,0.12999999523162842,0.14499999582767487,0.12999999523162842,0.14499999582767487,4300,0.0,0.0
2010-04-09 00:00:00-04:00,0.14499999582767487,0.14499999582767487,0.14499999582767487,0.14499999582767487,0,0.0,0.0
2010-04-12 00:00:00-04:00,0.14499999582767487,0.14499999582767487,0.13899999856948853,0.13899999856948853,12000,0.0,0.0
2010-04-13 00:00:00-04:00,0.13899999856948853,0.13899999856948853,0.13899999856948853,0.13899999856948853,0,0.0,0.0
2010-04-14 00:00:00-04:00,0.15000000596046448,0.15000000596046448,0.12600000202655792,0.15000000596046448,38900,0.0,0.0
2010-04-15 00:00:00-04:00,0.12600000202655792,0.15000000596046448,0.12600000202655792,0.15000000596046448,2800,0.0,0.0
2010-04-16 00:00:00-04:00,0.15000000596046448,0.15000000596046448,0.15000000596046448,0.15000000596046448,0,0.0,0.0
2010-04-19 00:00:00-04:00,0.15000000596046448,0.15000000596046448,0.15000000596046448,0.15000000596046448,0,0.0,0.0
2010-04-20 00:00:00-04:00,0.14000000059604645,0.15000000596046448,0.14000000059604645,0.15000000596046448,2000,0.0,0.0
2010-04-21 00:00:00-04:00,0.15000000596046448,0.15000000596046448,0.15000000596046448,0.15000000596046448,0,0.0,0.0
2010-04-22 00:00:00-04:00,0.12600000202655792,0.15000000596046448,0.12600000202655792,0.15000000596046448,1300,0.0,0.0
2010-04-23 00:00:00-04:00,0.15000000596046448,0.15000000596046448,0.15000000596046448,0.15000000596046448,0,0.0,0.0
2010-04-26 00:00:00-04:00,0.12600000202655792,0.15000000596046448,0.12600000202655792,0.15000000596046448,1600,0.0,0.0
2010-04-27 00:00:00-04:00,0.15000000596046448,0.15000000596046448,0.15000000596046448,0.15000000596046448,0,0.0,0.0
2010-04-28 00:00:00-04:00,0.12600000202655792,0.14000000059604645,0.12600000202655792,0.14000000059604645,4200,0.0,0.0
2010-04-29 00:00:00-04:00,0.12600000202655792,0.14000000059604645,0.12600000202655792,0.14000000059604645,4600,0.0,0.0
2010-04-30 00:00:00-04:00,0.12099999934434891,0.12999999523162842,0.11599999666213989,0.12999999523162842,35800,0.0,0.0
2010-05-03 00:00:00-04:00,0.11500000208616257,0.14000000059604645,0.10999999940395355,0.11999999731779099,46600,0.0,0.0
2010-05-04 00:00:00-04:00,0.10999999940395355,0.12999999523162842,0.05999999865889549,0.10000000149011612,142400,0.0,0.0
2010-05-05 00:00:00-04:00,0.10000000149011612,0.10000000149011612,0.09000000357627869,0.09000000357627869,94800,0.0,0.0
2010-05-06 00:00:00-04:00,0.14000000059604645,0.14000000059604645,0.0860000029206276,0.13500000536441803,7000,0.0,0.0
2010-05-07 00:00:00-04:00,0.09000000357627869,0.13500000536441803,0.09000000357627869,0.13500000536441803,4800,0.0,0.0
2010-05-10 00:00:00-04:00,0.12999999523162842,0.12999999523162842,0.12999999523162842,0.12999999523162842,1200,0.0,0.0
2010-05-11 00:00:00-04:00,0.10000000149011612,0.10000000149011612,0.0860000029206276,0.0860000029206276,6200,0.0,0.0
2010-05-12 00:00:00-04:00,0.11999999731779099,0.11999999731779099,0.08699999749660492,0.11999999731779099,3100,0.0,0.0
2010-05-13 00:00:00-04:00,0.14000000059604645,0.14000000059604645,0.14000000059604645,0.14000000059604645,1000,0.0,0.0
2010-05-14 00:00:00-04:00,0.14000000059604645,0.14000000059604645,0.14000000059604645,0.14000000059604645,0,0.0,0.0
2010-05-17 00:00:00-04:00,0.10100000351667404,0.13500000536441803,0.10100000351667404,0.10999999940395355,7000,0.0,0.0
2010-05-18 00:00:00-04:00,0.10999999940395355,0.10999999940395355,0.10999999940395355,0.10999999940395355,0,0.0,0.0
2010-05-19 00:00:00-04:00,0.10100000351667404,0.13500000536441803,0.10000000149011612,0.13500000536441803,6300,0.0,0.0
2010-05-20 00:00:00-04:00,0.13500000536441803,0.13500000536441803,0.13500000536441803,0.13500000536441803,0,0.0,0.0
2010-05-21 00:00:00-04:00,0.13500000536441803,0.13500000536441803,0.13500000536441803,0.13500000536441803,0,0.0,0.0
2010-05-24 00:00:00-04:00,0.13500000536441803,0.13500000536441803,0.13500000536441803,0.13500000536441803,0,0.0,0.0
2010-05-25 00:00:00-04:00,0.13500000536441803,0.13500000536441803,0.13500000536441803,0.13500000536441803,0,0.0,0.0
2010-05-26 00:00:00-04:00,0.10100000351667404,0.13500000536441803,0.10100000351667404,0.13500000536441803,6000,0.0,0.0
2010-05-27 00:00:00-04:00,0.13500000536441803,0.13500000536441803,0.13500000536441803,0.13500000536441803,0,0.0,0.0
2010-05-28 00:00:00-04:00,0.14499999582767487,0.14499999582767487,0.14499999582767487,0.14499999582767487,1000,0.0,0.0
2010-06-01 00:00:00-04:00,0.14499999582767487,0.14499999582767487,0.14499999582767487,0.14499999582767487,0,0.0,0.0
2010-06-02 00:00:00-04:00,0.15000000596046448,0.15000000596046448,0.11999999731779099,0.15000000596046448,30700,0.0,0.0
2010-06-03 00:00:00-04:00,0.15000000596046448,0.15000000596046448,0.15000000596046448,0.15000000596046448,18900,0.0,0.0
2010-06-04 00:00:00-04:00,0.15000000596046448,0.15000000596046448,0.15000000596046448,0.15000000596046448,45000,0.0,0.0
2010-06-07 00:00:00-04:00,0.15000000596046448,0.19300000369548798,0.15000000596046448,0.19300000369548798,27500,0.0,0.0
2010-06-08 00:00:00-04:00,0.1599999964237213,0.1599999964237213,0.1599999964237213,0.1599999964237213,2000,0.0,0.0
2010-06-09 00:00:00-04:00,0.15000000596046448,0.1599999964237213,0.15000000596046448,0.15000000596046448,21000,0.0,0.0
2010-06-10 00:00:00-04:00,0.1599999964237213,0.1599999964237213,0.1599999964237213,0.1599999964237213,2500,0.0,0.0
2010-06-11 00:00:00-04:00,0.1599999964237213,0.1599999964237213,0.1599999964237213,0.1599999964237213,2500,0.0,0.0
2010-06-14 00:00:00-04:00,0.1599999964237213,0.1599999964237213,0.1599999964237213,0.1599999964237213,2500,0.0,0.0
2010-06-15 00:00:00-04:00,0.1599999964237213,0.1599999964237213,0.13300000131130219,0.1599999964237213,9900,0.0,0.0
2010-06-16 00:00:00-04:00,0.1599999964237213,0.1599999964237213,0.1599999964237213,0.1599999964237213,3300,0.0,0.0
2010-06-17 00:00:00-04:00,0.13300000131130219,0.1599999964237213,0.13300000131130219,0.1599999964237213,2800,0.0,0.0
2010-06-18 00:00:00-04:00,0.1599999964237213,0.1599999964237213,0.1599999964237213,0.1599999964237213,7500,0.0,0.0
2010-06-21 00:00:00-04:00,0.1599999964237213,0.1599999964237213,0.1599999964237213,0.1599999964237213,1800,0.0,0.0
2010-06-22 00:00:00-04:00,0.19200000166893005,0.19200000166893005,0.14000000059604645,0.15000000596046448,7600,0.0,0.0
2010-06-23 00:00:00-04:00,0.1599999964237213,0.1599999964237213,0.1599999964237213,0.1599999964237213,1500,0.0,0.0
2010-06-24 00:00:00-04:00,0.1599999964237213,0.1599999964237213,0.1599999964237213,0.1599999964237213,22000,0.0,0.0
2010-06-25 00:00:00-04:00,0.13600000739097595,0.1589999943971634,0.12999999523162842,0.14900000393390656,79000,0.0,0.0
2010-06-28 00:00:00-04:00,0.14900000393390656,0.1599999964237213,0.14900000393390656,0.1599999964237213,3000,0.0,0.0
2010-06-29 00:00:00-04:00,0.1599999964237213,0.1599999964237213,0.1599999964237213,0.1599999964237213,1000,0.0,0.0
2010-06-30 00:00:00-04:00,0.1599999964237213,0.1599999964237213,0.1599999964237213,0.1599999964237213,3000,0.0,0.0
2010-07-01 00:00:00-04:00,0.1599999964237213,0.1599999964237213,0.1599999964237213,0.1599999964237213,0,0.0,0.0
2010-07-02 00:00:00-04:00,0.1599999964237213,0.1599999964237213,0.1599999964237213,0.1599999964237213,0,0.0,0.0
2010-07-06 00:00:00-04:00,0.1599999964237213,0.17399999499320984,0.1599999964237213,0.1599999964237213,59000,0.0,0.0
2010-07-07 00:00:00-04:00,0.17000000178813934,0.17000000178813934,0.17000000178813934,0.17000000178813934,10000,0.0,0.0
2010-07-08 00:00:00-04:00,0.17399999499320984,0.17399999499320984,0.17000000178813934,0.17000000178813934,14900,0.0,0.0
2010-07-09 00:00:00-04:00,0.17000000178813934,0.17000000178813934,0.15000000596046448,0.1599999964237213,37700,0.0,0.0
2010-07-12 00:00:00-04:00,0.1599999964237213,0.1899999976158142,0.1599999964237213,0.1899999976158142,21700,0.0,0.0
2010-07-13 00:00:00-04:00,0.1899999976158142,0.1899999976158142,0.18000000715255737,0.1899999976158142,60500,0.0,0.0
2010-07-14 00:00:00-04:00,0.20399999618530273,0.20999999344348907,0.1899999976158142,0.19499999284744263,44400,0.0,0.0
2010-07-15 00:00:00-04:00,0.20000000298023224,0.20000000298023224,0.15000000596046448,0.1599999964237213,72200,0.0,0.0
2010-07-16 00:00:00-04:00,0.1940000057220459,0.1940000057220459,0.1899999976158142,0.1899999976158142,2700,0.0,0.0
2010-07-19 00:00:00-04:00,0.1940000057220459,0.1979999989271164,0.1899999976158142,0.1899999976158142,9000,0.0,0.0
2010-07-20 00:00:00-04:00,0.1899999976158142,0.1979999989271164,0.18000000715255737,0.1899999976158142,20000,0.0,0.0
2010-07-21 00:00:00-04:00,0.20000000298023224,0.20000000298023224,0.1899999976158142,0.1899999976158142,5500,0.0,0.0
2010-07-22 00:00:00-04:00,0.1899999976158142,0.1899999976158142,0.1899999976158142,0.1899999976158142,1000,0.0,0.0
2010-07-23 00:00:00-04:00,0.1899999976158142,0.1899999976158142,0.1899999976158142,0.1899999976158142,1400,0.0,0.0
2010-07-26 00:00:00-04:00,0.18000000715255737,0.18799999356269836,0.17000000178813934,0.17000000178813934,15800,0.0,0.0
2010-07-27 00:00:00-04:00,0.1860000044107437,0.1860000044107437,0.1860000044107437,0.1860000044107437,2000,0.0,0.0
2010-07-28 00:00:00-04:00,0.1860000044107437,0.1860000044107437,0.15600000321865082,0.1860000044107437,14100,0.0,0.0
2010-07-29 00:00:00-04:00,0.1860000044107437,0.1860000044107437,0.17900000512599945,0.17900000512599945,4000,0.0,0.0
2010-07-30 00:00:00-04:00,0.1860000044107437,0.1860000044107437,0.11900000274181366,0.1599999964237213,214000,0.0,0.0
2010-08-02 00:00:00-04:00,0.1599999964237213,0.1599999964237213,0.12099999934434891,0.14000000059604645,33300,0.0,0.0
2010-08-03 00:00:00-04:00,0.14000000059604645,0.14000000059604645,0.14000000059604645,0.14000000059604645,6500,0.0,0.0
2010-08-04 00:00:00-04:00,0.14000000059604645,0.14000000059604645,0.14000000059604645,0.14000000059604645,0,0.0,0.0
2010-08-05 00:00:00-04:00,0.14000000059604645,0.1589999943971634,0.14000000059604645,0.1589999943971634,22000,0.0,0.0
2010-08-06 00:00:00-04:00,0.15000000596046448,0.1589999943971634,0.12300000339746475,0.14900000393390656,41500,0.0,0.0
2010-08-09 00:00:00-04:00,0.12300000339746475,0.13899999856948853,0.12300000339746475,0.13899999856948853,4600,0.0,0.0
2010-08-10 00:00:00-04:00,0.13899999856948853,0.13899999856948853,0.13899999856948853,0.13899999856948853,0,0.0,0.0
2010-08-11 00:00:00-04:00,0.1860000044107437,0.1860000044107437,0.1860000044107437,0.1860000044107437,300,0.0,0.0
2010-08-12 00:00:00-04:00,0.12600000202655792,0.14900000393390656,0.11999999731779099,0.14900000393390656,36200,0.0,0.0
2010-08-13 00:00:00-04:00,0.14900000393390656,0.14900000393390656,0.14900000393390656,0.14900000393390656,0,0.0,0.0
2010-08-16 00:00:00-04:00,0.11999999731779099,0.14900000393390656,0.09000000357627869,0.11999999731779099,138200,0.0,0.0
2010-08-17 00:00:00-04:00,0.14900000393390656,0.14900000393390656,0.14000000059604645,0.14000000059604645,500,0.0,0.0
2010-08-18 00:00:00-04:00,0.14000000059604645,0.14000000059604645,0.14000000059604645,0.14000000059604645,0,0.0,0.0
2010-08-19 00:00:00-04:00,0.13899999856948853,0.13899999856948853,0.13899999856948853,0.13899999856948853,300,0.0,0.0
2010-08-20 00:00:00-04:00,0.10999999940395355,0.13899999856948853,0.10999999940395355,0.13899999856948853,3300,0.0,0.0
2010-08-23 00:00:00-04:00,0.13899999856948853,0.13899999856948853,0.13899999856948853,0.13899999856948853,900,0.0,0.0
2010-08-24 00:00:00-04:00,0.13899999856948853,0.13899999856948853,0.12999999523162842,0.13899999856948853,4500,0.0,0.0
2010-08-25 00:00:00-04:00,0.13899999856948853,0.13899999856948853,0.13899999856948853,0.13899999856948853,300,0.0,0.0
2010-08-26 00:00:00-04:00,0.13899999856948853,0.13899999856948853,0.13899999856948853,0.13899999856948853,300,0.0,0.0
2010-08-27 00:00:00-04:00,0.13899999856948853,0.14000000059604645,0.13899999856948853,0.14000000059604645,5300,0.0,0.0
2010-08-30 00:00:00-04:00,0.14000000059604645,0.14000000059604645,0.14000000059604645,0.14000000059604645,300,0.0,0.0
2010-08-31 00:00:00-04:00,0.14000000059604645,0.14000000059604645,0.14000000059604645,0.14000000059604645,0,0.0,0.0
2010-09-01 00:00:00-04:00,0.13500000536441803,0.14000000059604645,0.13500000536441803,0.14000000059604645,1300,0.0,0.0
2010-09-02 00:00:00-04:00,0.14900000393390656,0.14900000393390656,0.12999999523162842,0.12999999523162842,6300,0.0,0.0
2010-09-03 00:00:00-04:00,0.14900000393390656,0.14900000393390656,0.14900000393390656,0.14900000393390656,300,0.0,0.0
2010-09-07 00:00:00-04:00,0.14900000393390656,0.14900000393390656,0.14900000393390656,0.14900000393390656,0,0.0,0.0
2010-09-08 00:00:00-04:00,0.12200000137090683,0.12999999523162842,0.12200000137090683,0.12999999523162842,10400,0.0,0.0
2010-09-09 00:00:00-04:00,0.14900000393390656,0.14900000393390656,0.11999999731779099,0.12999999523162842,3000,0.0,0.0
2010-09-10 00:00:00-04:00,0.14900000393390656,0.14900000393390656,0.12999999523162842,0.14000000059604645,2700,0.0,0.0
2010-09-13 00:00:00-04:00,0.14000000059604645,0.14000000059604645,0.14000000059604645,0.14000000059604645,0,0.0,0.0
2010-09-14 00:00:00-04:00,0.14000000059604645,0.14000000059604645,0.14000000059604645,0.14000000059604645,2500,0.0,0.0
2010-09-15 00:00:00-04:00,0.14000000059604645,0.14000000059604645,0.14000000059604645,0.14000000059604645,0,0.0,0.0
2010-09-16 00:00:00-04:00,0.14000000059604645,0.14000000059604645,0.14000000059604645,0.14000000059604645,300,0.0,0.0
2010-09-17 00:00:00-04:00,0.14000000059604645,0.14000000059604645,0.14000000059604645,0.14000000059604645,0,0.0,0.0
2010-09-20 00:00:00-04:00,0.14000000059604645,0.14000000059604645,0.14000000059604645,0.14000000059604645,500,0.0,0.0
2010-09-21 00:00:00-04:00,0.14000000059604645,0.14000000059604645,0.14000000059604645,0.14000000059604645,0,0.0,0.0
2010-09-22 00:00:00-04:00,0.13899999856948853,0.13899999856948853,0.10999999940395355,0.13899999856948853,6300,0.0,0.0
2010-09-23 00:00:00-04:00,0.13899999856948853,0.13899999856948853,0.13899999856948853,0.13899999856948853,0,0.0,0.0
2010-09-24 00:00:00-04:00,0.13899999856948853,0.13899999856948853,0.13899999856948853,0.13899999856948853,1500,0.0,0.0
2010-09-27 00:00:00-04:00,0.14000000059604645,0.15000000596046448,0.14000000059604645,0.15000000596046448,33200,0.0,0.0
2010-09-28 00:00:00-04:00,0.15000000596046448,0.15000000596046448,0.1289999932050705,0.15000000596046448,9200,0.0,0.0
2010-09-29 00:00:00-04:00,0.15000000596046448,0.15000000596046448,0.15000000596046448,0.15000000596046448,0,0.0,0.0
2010-09-30 00:00:00-04:00,0.15000000596046448,0.15000000596046448,0.15000000596046448,0.15000000596046448,0,0.0,0.0
2010-10-01 00:00:00-04:00,0.1469999998807907,0.1469999998807907,0.1469999998807907,0.1469999998807907,600,0.0,0.0
2010-10-04 00:00:00-04:00,0.1469999998807907,0.1469999998807907,0.1469999998807907,0.1469999998807907,600,0.0,0.0
2010-10-05 00:00:00-04:00,0.1469999998807907,0.1469999998807907,0.1469999998807907,0.1469999998807907,2000,0.0,0.0
2010-10-06 00:00:00-04:00,0.15000000596046448,0.15000000596046448,0.15000000596046448,0.15000000596046448,400,0.0,0.0
2010-10-07 00:00:00-04:00,0.15000000596046448,0.15000000596046448,0.15000000596046448,0.15000000596046448,0,0.0,0.0
2010-10-08 00:00:00-04:00,0.15000000596046448,0.15000000596046448,0.15000000596046448,0.15000000596046448,0,0.0,0.0
2010-10-11 00:00:00-04:00,0.15000000596046448,0.15000000596046448,0.14000000059604645,0.14000000059604645,1100,0.0,0.0
2010-10-12 00:00:00-04:00,0.07100000232458115,0.15000000596046448,0.07100000232458115,0.125,46300,0.0,0.0
2010-10-13 00:00:00-04:00,0.125,0.13500000536441803,0.11100000143051147,0.13500000536441803,53300,0.0,0.0
2010-10-14 00:00:00-04:00,0.125,0.15000000596046448,0.125,0.15000000596046448,12500,0.0,0.0
2010-10-15 00:00:00-04:00,0.14000000059604645,0.14000000059604645,0.13500000536441803,0.14000000059604645,77900,0.0,0.0
2010-10-18 00:00:00-04:00,0.14000000059604645,0.14000000059604645,0.11999999731779099,0.125,93900,0.0,0.0
2010-10-19 00:00:00-04:00,0.12999999523162842,0.14000000059604645,0.11100000143051147,0.11999999731779099,113000,0.0,0.0
2010-10-20 00:00:00-04:00,0.11999999731779099,0.11999999731779099,0.11999999731779099,0.11999999731779099,3500,0.0,0.0
2010-10-21 00:00:00-04:00,0.11999999731779099,0.1469999998807907,0.11999999731779099,0.1469999998807907,61200,0.0,0.0
2010-10-22 00:00:00-04:00,0.12999999523162842,0.12999999523162842,0.12999999523162842,0.12999999523162842,7000,0.0,0.0
2010-10-25 00:00:00-04:00,0.12999999523162842,0.12999999523162842,0.12200000137090683,0.12999999523162842,6800,0.0,0.0
2010-10-26 00:00:00-04:00,0.11999999731779099,0.12999999523162842,0.11999999731779099,0.12999999523162842,2900,0.0,0.0
2010-10-27 00:00:00-04:00,0.1289999932050705,0.1289999932050705,0.1289999932050705,0.1289999932050705,500,0.0,0.0
2010-10-28 00:00:00-04:00,0.11999999731779099,0.1289999932050705,0.11999999731779099,0.1289999932050705,2200,0.0,0.0
2010-10-29 00:00:00-04:00,0.11999999731779099,0.1289999932050705,0.11999999731779099,0.1289999932050705,6800,0.0,0.0
2010-11-01 00:00:00-04:00,0.1289999932050705,0.1289999932050705,0.1289999932050705,0.1289999932050705,0,0.0,0.0
2010-11-02 00:00:00-04:00,0.12099999934434891,0.1289999932050705,0.10700000077486038,0.1289999932050705,59300,0.0,0.0
2010-11-03 00:00:00-04:00,0.10700000077486038,0.1289999932050705,0.10599999874830246,0.1289999932050705,13000,0.0,0.0
2010-11-04 00:00:00-04:00,0.11999999731779099,0.1289999932050705,0.11999999731779099,0.1289999932050705,5400,0.0,0.0
2010-11-05 00:00:00-04:00,0.1289999932050705,0.1289999932050705,0.10599999874830246,0.125,11000,0.0,0.0
2010-11-08 00:00:00-05:00,0.125,0.125,0.1120000034570694,0.125,11400,0.0,0.0
2010-11-09 00:00:00-05:00,0.1289999932050705,0.12999999523162842,0.125,0.12999999523162842,24800,0.0,0.0
2010-11-10 00:00:00-05:00,0.125,0.12999999523162842,0.11999999731779099,0.12999999523162842,21800,0.0,0.0
2010-11-11 00:00:00-05:00,0.1599999964237213,0.1599999964237213,0.11599999666213989,0.12999999523162842,3400,0.0,0.0
2010-11-12 00:00:00-05:00,0.12999999523162842,0.12999999523162842,0.1120000034570694,0.1120000034570694,43200,0.0,0.0
2010-11-15 00:00:00-05:00,0.1289999932050705,0.1289999932050705,0.10000000149011612,0.12700000405311584,82300,0.0,0.0
2010-11-16 00:00:00-05:00,0.12700000405311584,0.12700000405311584,0.10599999874830246,0.11800000071525574,11000,0.0,0.0
2010-11-17 00:00:00-05:00,0.1289999932050705,0.1289999932050705,0.10599999874830246,0.12399999797344208,11700,0.0,0.0
2010-11-18 00:00:00-05:00,0.12700000405311584,0.12700000405311584,0.12700000405311584,0.12700000405311584,1000,0.0,0.0
2010-11-19 00:00:00-05:00,0.12200000137090683,0.12200000137090683,0.12200000137090683,0.12200000137090683,2000,0.0,0.0
2010-11-22 00:00:00-05:00,0.12200000137090683,0.12300000339746475,0.12200000137090683,0.12300000339746475,28500,0.0,0.0
2010-11-23 00:00:00-05:00,0.12300000339746475,0.12300000339746475,0.11100000143051147,0.12300000339746475,17000,0.0,0.0
2010-11-24 00:00:00-05:00,0.12300000339746475,0.12300000339746475,0.12300000339746475,0.12300000339746475,800,0.0,0.0
2010-11-26 00:00:00-05:00,0.12300000339746475,0.12300000339746475,0.12300000339746475,0.12300000339746475,800,0.0,0.0
2010-11-29 00:00:00-05:00,0.12300000339746475,0.12700000405311584,0.12200000137090683,0.12700000405311584,16400,0.0,0.0
2010-11-30 00:00:00-05:00,0.12700000405311584,0.12800000607967377,0.11999999731779099,0.12800000607967377,27000,0.0,0.0
2010-12-01 00:00:00-05:00,0.1289999932050705,0.12999999523162842,0.12099999934434891,0.12999999523162842,32600,0.0,0.0
2010-12-02 00:00:00-05:00,0.1289999932050705,0.12999999523162842,0.10999999940395355,0.12999999523162842,56700,0.0,0.0
2010-12-03 00:00:00-05:00,0.11299999803304672,0.12999999523162842,0.11299999803304672,0.12999999523162842,8200,0.0,0.0
2010-12-06 00:00:00-05:00,0.12999999523162842,0.12999999523162842,0.125,0.125,1000,0.0,0.0
2010-12-07 00:00:00-05:00,0.125,0.125,0.125,0.125,10000,0.0,0.0
2010-12-08 00:00:00-05:00,0.125,0.12999999523162842,0.11599999666213989,0.12999999523162842,30000,0.0,0.0
2010-12-09 00:00:00-05:00,0.12999999523162842,0.12999999523162842,0.12999999523162842,0.12999999523162842,2000,0.0,0.0
2010-12-10 00:00:00-05:00,0.1289999932050705,0.1289999932050705,0.1289999932050705,0.1289999932050705,500,0.0,0.0
2010-12-13 00:00:00-05:00,0.1289999932050705,0.1289999932050705,0.12300000339746475,0.1289999932050705,8000,0.0,0.0
2010-12-14 00:00:00-05:00,0.125,0.125,0.125,0.125,6500,0.0,0.0
2010-12-15 00:00:00-05:00,0.12800000607967377,0.12800000607967377,0.12800000607967377,0.12800000607967377,500,0.0,0.0
2010-12-16 00:00:00-05:00,0.12999999523162842,0.12999999523162842,0.12999999523162842,0.12999999523162842,10000,0.0,0.0
2010-12-17 00:00:00-05:00,0.12700000405311584,0.12700000405311584,0.11999999731779099,0.12700000405311584,7000,0.0,0.0
2010-12-20 00:00:00-05:00,0.12300000339746475,0.125,0.12300000339746475,0.125,13000,0.0,0.0
2010-12-21 00:00:00-05:00,0.125,0.125,0.125,0.125,6000,0.0,0.0
2010-12-22 00:00:00-05:00,0.12700000405311584,0.14900000393390656,0.12700000405311584,0.14900000393390656,41900,0.0,0.0
2010-12-23 00:00:00-05:00,0.14900000393390656,0.14900000393390656,0.14900000393390656,0.14900000393390656,0,0.0,0.0
2010-12-27 00:00:00-05:00,0.13899999856948853,0.14000000059604645,0.1289999932050705,0.14000000059604645,26500,0.0,0.0
2010-12-28 00:00:00-05:00,0.14000000059604645,0.14000000059604645,0.14000000059604645,0.14000000059604645,0,0.0,0.0
2010-12-29 00:00:00-05:00,0.14000000059604645,0.14000000059604645,0.14000000059604645,0.14000000059604645,0,0.0,0.0
2010-12-30 00:00:00-05:00,0.14000000059604645,0.14000000059604645,0.14000000059604645,0.14000000059604645,0,0.0,0.0
2010-12-31 00:00:00-05:00,0.1340000033378601,0.1340000033378601,0.1340000033378601,0.1340000033378601,5000,0.0,0.0
2011-01-03 00:00:00-05:00,0.1340000033378601,0.1340000033378601,0.1340000033378601,0.1340000033378601,8000,0.0,0.0
2011-01-04 00:00:00-05:00,0.13899999856948853,0.13899999856948853,0.11599999666213989,0.13899999856948853,21500,0.0,0.0
2011-01-05 00:00:00-05:00,0.13899999856948853,0.13899999856948853,0.13899999856948853,0.13899999856948853,0,0.0,0.0
2011-01-06 00:00:00-05:00,0.13899999856948853,0.13899999856948853,0.13899999856948853,0.13899999856948853,300,0.0,0.0
2011-01-07 00:00:00-05:00,0.14000000059604645,0.14000000059604645,0.11599999666213989,0.14000000059604645,16700,0.0,0.0
2011-01-10 00:00:00-05:00,0.14000000059604645,0.14000000059604645,0.125,0.14000000059604645,56500,0.0,0.0
2011-01-11 00:00:00-05:00,0.12300000339746475,0.13899999856948853,0.11999999731779099,0.13899999856948853,16000,0.0,0.0
2011-01-12 00:00:00-05:00,0.13899999856948853,0.13899999856948853,0.13899999856948853,0.13899999856948853,0,0.0,0.0
2011-01-13 00:00:00-05:00,0.13899999856948853,0.13899999856948853,0.13899999856948853,0.13899999856948853,0,0.0,0.0
2011-01-14 00:00:00-05:00,0.125,0.16500000655651093,0.11999999731779099,0.16500000655651093,148600,0.0,0.0
2011-01-18 00:00:00-05:00,0.15000000596046448,0.16699999570846558,0.14000000059604645,0.16500000655651093,27000,0.0,0.0
2011-01-19 00:00:00-05:00,0.1599999964237213,0.16899999976158142,0.14499999582767487,0.16899999976158142,41300,0.0,0.0
2011-01-20 00:00:00-05:00,0.16899999976158142,0.16899999976158142,0.16899999976158142,0.16899999976158142,0,0.0,0.0
2011-01-21 00:00:00-05:00,0.1599999964237213,0.1599999964237213,0.1599999964237213,0.1599999964237213,31500,0.0,0.0
2011-01-24 00:00:00-05:00,0.1599999964237213,0.1599999964237213,0.1599999964237213,0.1599999964237213,0,0.0,0.0
2011-01-25 00:00:00-05:00,0.14499999582767487,0.16899999976158142,0.14499999582767487,0.1599999964237213,16500,0.0,0.0
2011-01-26 00:00:00-05:00,0.16899999976158142,0.16899999976158142,0.1599999964237213,0.1599999964237213,5300,0.0,0.0
2011-01-27 00:00:00-05:00,0.16899999976158142,0.16899999976158142,0.14499999582767487,0.16899999976158142,82800,0.0,0.0
2011-01-28 00:00:00-05:00,0.16899999976158142,0.16899999976158142,0.16899999976158142,0.16899999976158142,300,0.0,0.0
2011-01-31 00:00:00-05:00,0.16899999976158142,0.16899999976158142,0.16899999976158142,0.16899999976158142,200,0.0,0.0
2011-02-01 00:00:00-05:00,0.15000000596046448,0.16899999976158142,0.15000000596046448,0.1679999977350235,23700,0.0,0.0
2011-02-02 00:00:00-05:00,0.1599999964237213,0.1679999977350235,0.1599999964237213,0.1679999977350235,252600,0.0,0.0
2011-02-03 00:00:00-05:00,0.1679999977350235,0.1679999977350235,0.1679999977350235,0.1679999977350235,1000,0.0,0.0
2011-02-04 00:00:00-05:00,0.15000000596046448,0.18000000715255737,0.15000000596046448,0.16899999976158142,41100,0.0,0.0
2011-02-07 00:00:00-05:00,0.16899999976158142,0.18299999833106995,0.15000000596046448,0.18000000715255737,189600,0.0,0.0
2011-02-08 00:00:00-05:00,0.1550000011920929,0.18000000715255737,0.1550000011920929,0.16899999976158142,11500,0.0,0.0
2011-02-09 00:00:00-05:00,0.1599999964237213,0.1599999964237213,0.1599999964237213,0.1599999964237213,4200,0.0,0.0
2011-02-10 00:00:00-05:00,0.1599999964237213,0.1599999964237213,0.1550000011920929,0.1599999964237213,21600,0.0,0.0
2011-02-11 00:00:00-05:00,0.164000004529953,0.164000004529953,0.164000004529953,0.164000004529953,500,0.0,0.0
2011-02-14 00:00:00-05:00,0.164000004529953,0.18400000035762787,0.164000004529953,0.18400000035762787,34100,0.0,0.0
2011-02-15 00:00:00-05:00,0.1550000011920929,0.18000000715255737,0.1550000011920929,0.18000000715255737,15500,0.0,0.0
2011-02-16 00:00:00-05:00,0.17000000178813934,0.17900000512599945,0.1550000011920929,0.17900000512599945,25700,0.0,0.0
2011-02-17 00:00:00-05:00,0.17000000178813934,0.17900000512599945,0.17000000178813934,0.17900000512599945,55000,0.0,0.0
2011-02-18 00:00:00-05:00,0.16099999845027924,0.17900000512599945,0.16099999845027924,0.1679999977350235,12000,0.0,0.0
2011-02-22 00:00:00-05:00,0.16300000250339508,0.18400000035762787,0.1599999964237213,0.18400000035762787,32800,0.0,0.0
2011-02-23 00:00:00-05:00,0.1599999964237213,0.18000000715255737,0.1599999964237213,0.18000000715255737,5300,0.0,0.0
2011-02-24 00:00:00-05:00,0.18000000715255737,0.18000000715255737,0.18000000715255737,0.18000000715255737,0,0.0,0.0
2011-02-25 00:00:00-05:00,0.18000000715255737,0.18000000715255737,0.18000000715255737,0.18000000715255737,1600,0.0,0.0
2011-02-28 00:00:00-05:00,0.18000000715255737,0.18000000715255737,0.18000000715255737,0.18000000715255737,10000,0.0,0.0
2011-03-01 00:00:00-05:00,0.17000000178813934,0.18000000715255737,0.1679999977350235,0.18000000715255737,16400,0.0,0.0
2011-03-02 00:00:00-05:00,0.17000000178813934,0.17900000512599945,0.17000000178813934,0.17900000512599945,10200,0.0,0.0
2011-03-03 00:00:00-05:00,0.15600000321865082,0.18000000715255737,0.15600000321865082,0.17900000512599945,73700,0.0,0.0
2011-03-04 00:00:00-05:00,0.18000000715255737,0.18000000715255737,0.17900000512599945,0.17900000512599945,10500,0.0,0.0
2011-03-07 00:00:00-05:00,0.17900000512599945,0.17900000512599945,0.17900000512599945,0.17900000512599945,0,0.0,0.0
2011-03-08 00:00:00-05:00,0.17800000309944153,0.17800000309944153,0.17800000309944153,0.17800000309944153,11200,0.0,0.0
2011-03-09 00:00:00-05:00,0.17800000309944153,0.17800000309944153,0.17800000309944153,0.17800000309944153,500,0.0,0.0
2011-03-10 00:00:00-05:00,0.1550000011920929,0.17800000309944153,0.1550000011920929,0.17800000309944153,700,0.0,0.0
2011-03-11 00:00:00-05:00,0.17800000309944153,0.17800000309944153,0.17800000309944153,0.17800000309944153,0,0.0,0.0
2011-03-14 00:00:00-04:00,0.17800000309944153,0.17800000309944153,0.17800000309944153,0.17800000309944153,0,0.0,0.0
2011-03-15 00:00:00-04:00,0.15600000321865082,0.17800000309944153,0.15600000321865082,0.17800000309944153,1300,0.0,0.0
2011-03-16 00:00:00-04:00,0.1509999930858612,0.17800000309944153,0.1509999930858612,0.17800000309944153,1200,0.0,0.0
2011-03-17 00:00:00-04:00,0.17000000178813934,0.17000000178813934,0.17000000178813934,0.17000000178813934,3000,0.0,0.0
2011-03-18 00:00:00-04:00,0.17000000178813934,0.17000000178813934,0.17000000178813934,0.17000000178813934,200,0.0,0.0
2011-03-21 00:00:00-04:00,0.15700000524520874,0.17000000178813934,0.15700000524520874,0.17000000178813934,1600,0.0,0.0
2011-03-22 00:00:00-04:00,0.15700000524520874,0.17000000178813934,0.15700000524520874,0.17000000178813934,800,0.0,0.0
2011-03-23 00:00:00-04:00,0.17000000178813934,0.17000000178813934,0.17000000178813934,0.17000000178813934,0,0.0,0.0
2011-03-24 00:00:00-04:00,0.15700000524520874,0.17000000178813934,0.15600000321865082,0.16899999976158142,31400,0.0,0.0
2011-03-25 00:00:00-04:00,0.16899999976158142,0.16899999976158142,0.1550000011920929,0.16899999976158142,12800,0.0,0.0
2011-03-28 00:00:00-04:00,0.15199999511241913,0.16899999976158142,0.1509999930858612,0.16899999976158142,30200,0.0,0.0
2011-03-29 00:00:00-04:00,0.15199999511241913,0.1679999977350235,0.15199999511241913,0.1679999977350235,5500,0.0,0.0
2011-03-30 00:00:00-04:00,0.1679999977350235,0.1679999977350235,0.1679999977350235,0.1679999977350235,0,0.0,0.0
2011-03-31 00:00:00-04:00,0.1599999964237213,0.18799999356269836,0.1599999964237213,0.18199999630451202,226900,0.0,0.0
2011-04-01 00:00:00-04:00,0.18199999630451202,0.18799999356269836,0.18000000715255737,0.18799999356269836,43900,0.0,0.0
2011-04-04 00:00:00-04:00,0.25,0.25,0.1940000057220459,0.19900000095367432,121900,0.0,0.0
2011-04-05 00:00:00-04:00,0.20900000631809235,0.2150000035762787,0.19900000095367432,0.2150000035762787,138000,0.0,0.0
2011-04-06 00:00:00-04:00,0.21899999678134918,0.22499999403953552,0.20000000298023224,0.20999999344348907,91300,0.0,0.0
2011-04-07 00:00:00-04:00,0.20000000298023224,0.20999999344348907,0.20000000298023224,0.20999999344348907,38700,0.0,0.0
2011-04-08 00:00:00-04:00,0.20999999344348907,0.20999999344348907,0.20999999344348907,0.20999999344348907,22300,0.0,0.0
2011-04-11 00:00:00-04:00,0.2199999988079071,0.23899999260902405,0.2150000035762787,0.23899999260902405,43900,0.0,0.0
2011-04-12 00:00:00-04:00,0.23899999260902405,0.23899999260902405,0.2199999988079071,0.23899999260902405,16800,0.0,0.0
2011-04-13 00:00:00-04:00,0.23899999260902405,0.23899999260902405,0.23000000417232513,0.23000000417232513,15400,0.0,0.0
2011-04-14 00:00:00-04:00,0.23000000417232513,0.23899999260902405,0.23000000417232513,0.23800000548362732,32600,0.0,0.0
2011-04-15 00:00:00-04:00,0.23800000548362732,0.24400000274181366,0.2290000021457672,0.2290000021457672,9400,0.0,0.0
2011-04-18 00:00:00-04:00,0.23000000417232513,0.23499999940395355,0.20999999344348907,0.23499999940395355,19000,0.0,0.0
2011-04-19 00:00:00-04:00,0.20999999344348907,0.22499999403953552,0.20999999344348907,0.22499999403953552,8000,0.0,0.0
2011-04-20 00:00:00-04:00,0.23000000417232513,0.23000000417232513,0.23000000417232513,0.23000000417232513,7000,0.0,0.0
2011-04-21 00:00:00-04:00,0.23000000417232513,0.23000000417232513,0.23000000417232513,0.23000000417232513,0,0.0,0.0
2011-04-25 00:00:00-04:00,0.24400000274181366,0.24799999594688416,0.24199999868869781,0.24199999868869781,124400,0.0,0.0
2011-04-26 00:00:00-04:00,0.2460000067949295,0.27000001072883606,0.23999999463558197,0.27000001072883606,97800,0.0,0.0
2011-04-27 00:00:00-04:00,0.27399998903274536,0.2939999997615814,0.2709999978542328,0.2939999997615814,155000,0.0,0.0
2011-04-28 00:00:00-04:00,0.29899999499320984,0.3240000009536743,0.28999999165534973,0.3100000023841858,96000,0.0,0.0
2011-04-29 00:00:00-04:00,0.3100000023841858,0.3100000023841858,0.30000001192092896,0.3100000023841858,37000,0.0,0.0
2011-05-02 00:00:00-04:00,0.3100000023841858,0.36000001430511475,0.26499998569488525,0.36000001430511475,444300,0.0,0.0
2011-05-03 00:00:00-04:00,0.3499999940395355,0.3499999940395355,0.27000001072883606,0.3479999899864197,314300,0.0,0.0
2011-05-04 00:00:00-04:00,0.3479999899864197,0.3479999899864197,0.3199999928474426,0.3479999899864197,152600,0.0,0.0
2011-05-05 00:00:00-04:00,0.33000001311302185,0.3440000116825104,0.28999999165534973,0.3440000116825104,5200,0.0,0.0
2011-05-06 00:00:00-04:00,0.2939999997615814,0.3400000035762787,0.2800000011920929,0.3199999928474426,55000,0.0,0.0
2011-05-09 00:00:00-04:00,0.2849999964237213,0.32499998807907104,0.2849999964237213,0.32499998807907104,14000,0.0,0.0
2011-05-10 00:00:00-04:00,0.2849999964237213,0.3100000023841858,0.2849999964237213,0.3100000023841858,12800,0.0,0.0
2011-05-11 00:00:00-04:00,0.2800000011920929,0.3100000023841858,0.2800000011920929,0.3100000023841858,16000,0.0,0.0
2011-05-12 00:00:00-04:00,0.30000001192092896,0.3100000023841858,0.27000001072883606,0.3100000023841858,19100,0.0,0.0
2011-05-13 00:00:00-04:00,0.27000001072883606,0.3050000071525574,0.27000001072883606,0.3050000071525574,11000,0.0,0.0
2011-05-16 00:00:00-04:00,0.28999999165534973,0.2930000126361847,0.28999999165534973,0.28999999165534973,50000,0.0,0.0
2011-05-17 00:00:00-04:00,0.2800000011920929,0.28999999165534973,0.25999999046325684,0.28999999165534973,30800,0.0,0.0
2011-05-18 00:00:00-04:00,0.28999999165534973,0.30000001192092896,0.2800000011920929,0.30000001192092896,66400,0.0,0.0
2011-05-19 00:00:00-04:00,0.30000001192092896,0.30000001192092896,0.30000001192092896,0.30000001192092896,0,0.0,0.0
2011-05-20 00:00:00-04:00,0.28999999165534973,0.28999999165534973,0.25999999046325684,0.25999999046325684,20800,0.0,0.0
2011-05-23 00:00:00-04:00,0.23000000417232513,0.30000001192092896,0.23000000417232513,0.2849999964237213,4900,0.0,0.0
2011-05-24 00:00:00-04:00,0.2849999964237213,0.28999999165534973,0.25099998712539673,0.28999999165534973,20000,0.0,0.0
2011-05-25 00:00:00-04:00,0.2800000011920929,0.2939999997615814,0.2800000011920929,0.28999999165534973,20200,0.0,0.0
2011-05-26 00:00:00-04:00,0.26499998569488525,0.28999999165534973,0.25999999046325684,0.25999999046325684,41100,0.0,0.0
2011-05-27 00:00:00-04:00,0.2939999997615814,0.2939999997615814,0.28999999165534973,0.2939999997615814,21000,0.0,0.0
2011-05-31 00:00:00-04:00,0.2939999997615814,0.35499998927116394,0.28999999165534973,0.3479999899864197,196900,0.0,0.0
2011-06-01 00:00:00-04:00,0.3700000047683716,0.41999998688697815,0.3499999940395355,0.4099999964237213,389700,0.0,0.0
2011-06-02 00:00:00-04:00,0.4099999964237213,0.4099999964237213,0.36500000953674316,0.39500001072883606,65000,0.0,0.0
2011-06-03 00:00:00-04:00,0.38499999046325684,0.39500001072883606,0.30000001192092896,0.39399999380111694,73000,0.0,0.0
2011-06-06 00:00:00-04:00,0.39399999380111694,0.39399999380111694,0.3199999928474426,0.38999998569488525,12300,0.0,0.0
2011-06-07 00:00:00-04:00,0.375,0.375,0.33000001311302185,0.375,12000,0.0,0.0
2011-06-08 00:00:00-04:00,0.3400000035762787,0.37400001287460327,0.33000001311302185,0.37400001287460327,3600,0.0,0.0
2011-06-09 00:00:00-04:00,0.37400001287460327,0.37400001287460327,0.37400001287460327,0.37400001287460327,0,0.0,0.0
2011-06-10 00:00:00-04:00,0.36000001430511475,0.36899998784065247,0.33000001311302185,0.36899998784065247,7200,0.0,0.0
2011-06-13 00:00:00-04:00,0.3700000047683716,0.3700000047683716,0.30000001192092896,0.3499999940395355,75300,0.0,0.0
2011-06-14 00:00:00-04:00,0.3499999940395355,0.36399999260902405,0.30000001192092896,0.36399999260902405,100900,0.0,0.0
2011-06-15 00:00:00-04:00,0.3700000047683716,0.3700000047683716,0.3400000035762787,0.36399999260902405,5500,0.0,0.0
2011-06-16 00:00:00-04:00,0.36399999260902405,0.36399999260902405,0.3499999940395355,0.36000001430511475,11500,0.0,0.0
2011-06-17 00:00:00-04:00,0.36000001430511475,0.36000001430511475,0.33000001311302185,0.3400000035762787,5400,0.0,0.0
2011-06-20 00:00:00-04:00,0.3400000035762787,0.3400000035762787,0.3400000035762787,0.3400000035762787,600,0.0,0.0
2011-06-21 00:00:00-04:00,0.33000001311302185,0.3499999940395355,0.33000001311302185,0.3499999940395355,4200,0.0,0.0
2011-06-22 00:00:00-04:00,0.3199999928474426,0.3499999940395355,0.3199999928474426,0.3499999940395355,2200,0.0,0.0
2011-06-23 00:00:00-04:00,0.3499999940395355,0.3499999940395355,0.3199999928474426,0.3499999940395355,9200,0.0,0.0
2011-06-24 00:00:00-04:00,0.3499999940395355,0.36399999260902405,0.3499999940395355,0.36399999260902405,26800,0.0,0.0
2011-06-27 00:00:00-04:00,0.3499999940395355,0.36399999260902405,0.3499999940395355,0.36399999260902405,55200,0.0,0.0
2011-06-28 00:00:00-04:00,0.33000001311302185,0.36399999260902405,0.33000001311302185,0.36399999260902405,25700,0.0,0.0
2011-06-29 00:00:00-04:00,0.36399999260902405,0.36399999260902405,0.36399999260902405,0.36399999260902405,0,0.0,0.0
2011-06-30 00:00:00-04:00,0.36399999260902405,0.36399999260902405,0.36399999260902405,0.36399999260902405,0,0.0,0.0
2011-07-01 00:00:00-04:00,0.36399999260902405,0.36399999260902405,0.36399999260902405,0.36399999260902405,0,0.0,0.0
2011-07-05 00:00:00-04:00,0.3499999940395355,0.4099999964237213,0.3199999928474426,0.4099999964237213,35100,0.0,0.0
2011-07-06 00:00:00-04:00,0.3840000033378601,0.3840000033378601,0.3840000033378601,0.3840000033378601,5000,0.0,0.0
2011-07-07 00:00:00-04:00,0.4000000059604645,0.42399999499320984,0.38499999046325684,0.4099999964237213,28500,0.0,0.0
2011-07-08 00:00:00-04:00,0.4000000059604645,0.4099999964237213,0.4000000059604645,0.40400001406669617,96100,0.0,0.0
2011-07-11 00:00:00-04:00,0.4050000011920929,0.4050000011920929,0.38499999046325684,0.4050000011920929,2200,0.0,0.0
2011-07-12 00:00:00-04:00,0.4000000059604645,0.4050000011920929,0.39100000262260437,0.40400001406669617,59300,0.0,0.0
2011-07-13 00:00:00-04:00,0.39100000262260437,0.4050000011920929,0.39100000262260437,0.4050000011920929,103000,0.0,0.0
2011-07-14 00:00:00-04:00,0.4099999964237213,0.4099999964237213,0.3919999897480011,0.4099999964237213,29600,0.0,0.0
2011-07-15 00:00:00-04:00,0.4099999964237213,0.4099999964237213,0.335999995470047,0.335999995470047,62300,0.0,0.0
2011-07-18 00:00:00-04:00,0.36000001430511475,0.36000001430511475,0.33000001311302185,0.3400000035762787,56100,0.0,0.0
2011-07-19 00:00:00-04:00,0.3400000035762787,0.3499999940395355,0.3050000071525574,0.3499999940395355,5900,0.0,0.0
2011-07-20 00:00:00-04:00,0.33000001311302185,0.33000001311302185,0.30000001192092896,0.33000001311302185,47200,0.0,0.0
2011-07-21 00:00:00-04:00,0.2800000011920929,0.4099999964237213,0.2800000011920929,0.3400000035762787,97600,0.0,0.0
2011-07-22 00:00:00-04:00,0.3400000035762787,0.3400000035762787,0.33000001311302185,0.33000001311302185,4500,0.0,0.0
2011-07-25 00:00:00-04:00,0.38999998569488525,0.38999998569488525,0.3400000035762787,0.3659999966621399,4400,0.0,0.0
2011-07-26 00:00:00-04:00,0.3659999966621399,0.3659999966621399,0.3100000023841858,0.35899999737739563,8800,0.0,0.0
2011-07-27 00:00:00-04:00,0.35899999737739563,0.35899999737739563,0.35899999737739563,0.35899999737739563,0,0.0,0.0
2011-07-28 00:00:00-04:00,0.3199999928474426,0.3499999940395355,0.3199999928474426,0.3499999940395355,1500,0.0,0.0
2011-07-29 00:00:00-04:00,0.3400000035762787,0.3659999966621399,0.3400000035762787,0.3400000035762787,20600,0.0,0.0
2011-08-01 00:00:00-04:00,0.3499999940395355,0.3499999940395355,0.2939999997615814,0.3400000035762787,14100,0.0,0.0
2011-08-02 00:00:00-04:00,0.3100000023841858,0.3659999966621399,0.30000001192092896,0.36000001430511475,19500,0.0,0.0
2011-08-03 00:00:00-04:00,0.36000001430511475,0.36000001430511475,0.36000001430511475,0.36000001430511475,0,0.0,0.0
2011-08-04 00:00:00-04:00,0.30000001192092896,0.3400000035762787,0.2919999957084656,0.3400000035762787,39600,0.0,0.0
2011-08-05 00:00:00-04:00,0.3449999988079071,0.3449999988079071,0.3449999988079071,0.3449999988079071,12000,0.0,0.0
2011-08-08 00:00:00-04:00,0.33899998664855957,0.33899998664855957,0.33899998664855957,0.33899998664855957,2000,0.0,0.0
2011-08-09 00:00:00-04:00,0.3199999928474426,0.33000001311302185,0.3199999928474426,0.33000001311302185,16300,0.0,0.0
2011-08-10 00:00:00-04:00,0.33000001311302185,0.3499999940395355,0.33000001311302185,0.3499999940395355,26000,0.0,0.0
2011-08-11 00:00:00-04:00,0.3199999928474426,0.3499999940395355,0.3199999928474426,0.3499999940395355,3000,0.0,0.0
2011-08-12 00:00:00-04:00,0.3199999928474426,0.3400000035762787,0.3199999928474426,0.3400000035762787,14000,0.0,0.0
2011-08-15 00:00:00-04:00,0.3400000035762787,0.36000001430511475,0.3199999928474426,0.36000001430511475,15100,0.0,0.0
2011-08-16 00:00:00-04:00,0.3449999988079071,0.36000001430511475,0.3400000035762787,0.36000001430511475,21300,0.0,0.0
2011-08-17 00:00:00-04:00,0.3449999988079071,0.3499999940395355,0.3199999928474426,0.3199999928474426,20000,0.0,0.0
2011-08-18 00:00:00-04:00,0.3499999940395355,0.3499999940395355,0.3100000023841858,0.3400000035762787,26300,0.0,0.0
2011-08-19 00:00:00-04:00,0.33000001311302185,0.3400000035762787,0.2800000011920929,0.33000001311302185,15700,0.0,0.0
2011-08-22 00:00:00-04:00,0.3100000023841858,0.3100000023841858,0.3100000023841858,0.3100000023841858,2000,0.0,0.0
2011-08-23 00:00:00-04:00,0.3050000071525574,0.30799999833106995,0.3050000071525574,0.3050000071525574,6500,0.0,0.0
2011-08-24 00:00:00-04:00,0.3100000023841858,0.3100000023841858,0.3100000023841858,0.3100000023841858,3000,0.0,0.0
2011-08-25 00:00:00-04:00,0.3100000023841858,0.3400000035762787,0.30000001192092896,0.3400000035762787,24200,0.0,0.0
2011-08-26 00:00:00-04:00,0.33000001311302185,0.38999998569488525,0.3199999928474426,0.38999998569488525,27500,0.0,0.0
2011-08-29 00:00:00-04:00,0.37400001287460327,0.38999998569488525,0.37400001287460327,0.375,14500,0.0,0.0
2011-08-30 00:00:00-04:00,0.36000001430511475,0.3700000047683716,0.36000001430511475,0.36000001430511475,7000,0.0,0.0
2011-08-31 00:00:00-04:00,0.36000001430511475,0.36000001430511475,0.36000001430511475,0.36000001430511475,3000,0.0,0.0
2011-09-01 00:00:00-04:00,0.36000001430511475,0.36000001430511475,0.36000001430511475,0.36000001430511475,0,0.0,0.0
2011-09-02 00:00:00-04:00,0.36000001430511475,0.36000001430511475,0.36000001430511475,0.36000001430511475,4400,0.0,0.0
2011-09-06 00:00:00-04:00,0.31200000643730164,0.36000001430511475,0.31200000643730164,0.36000001430511475,3600,0.0,0.0
2011-09-07 00:00:00-04:00,0.3400000035762787,0.36000001430511475,0.3400000035762787,0.36000001430511475,2100,0.0,0.0
2011-09-08 00:00:00-04:00,0.36000001430511475,0.36000001430511475,0.36000001430511475,0.36000001430511475,1000,0.0,0.0
2011-09-09 00:00:00-04:00,0.36000001430511475,0.36000001430511475,0.3199999928474426,0.36000001430511475,5600,0.0,0.0
2011-09-12 00:00:00-04:00,0.3199999928474426,0.3499999940395355,0.3100000023841858,0.3199999928474426,45900,0.0,0.0
2011-09-13 00:00:00-04:00,0.3100000023841858,0.3490000069141388,0.3100000023841858,0.3490000069141388,1100,0.0,0.0
2011-09-14 00:00:00-04:00,0.34700000286102295,0.34700000286102295,0.34700000286102295,0.34700000286102295,5800,0.0,0.0
2011-09-15 00:00:00-04:00,0.34599998593330383,0.34599998593330383,0.34599998593330383,0.34599998593330383,200,0.0,0.0
2011-09-16 00:00:00-04:00,0.33000001311302185,0.3499999940395355,0.33000001311302185,0.3499999940395355,8100,0.0,0.0
2011-09-19 00:00:00-04:00,0.33000001311302185,0.3499999940395355,0.3199999928474426,0.3499999940395355,11900,0.0,0.0
2011-09-20 00:00:00-04:00,0.34599998593330383,0.3499999940395355,0.33000001311302185,0.3400000035762787,8300,0.0,0.0
2011-09-21 00:00:00-04:00,0.3400000035762787,0.3400000035762787,0.3400000035762787,0.3400000035762787,1300,0.0,0.0
2011-09-22 00:00:00-04:00,0.2849999964237213,0.33000001311302185,0.2849999964237213,0.33000001311302185,3100,0.0,0.0
2011-09-23 00:00:00-04:00,0.2800000011920929,0.32600000500679016,0.2800000011920929,0.32600000500679016,27200,0.0,0.0
2011-09-26 00:00:00-04:00,0.32600000500679016,0.32600000500679016,0.23000000417232513,0.2800000011920929,574400,0.0,0.0
2011-09-27 00:00:00-04:00,0.23999999463558197,0.2800000011920929,0.20000000298023224,0.23000000417232513,1242800,0.0,0.0
2011-09-28 00:00:00-04:00,0.23999999463558197,0.25999999046325684,0.23999999463558197,0.25999999046325684,134700,0.0,0.0
2011-09-29 00:00:00-04:00,0.26899999380111694,0.2800000011920929,0.25,0.25999999046325684,63600,0.0,0.0
2011-09-30 00:00:00-04:00,0.25999999046325684,0.2800000011920929,0.25,0.2800000011920929,72300,0.0,0.0
2011-10-03 00:00:00-04:00,0.2750000059604645,0.2750000059604645,0.25,0.2750000059604645,4500,0.0,0.0
2011-10-04 00:00:00-04:00,0.2750000059604645,0.2800000011920929,0.23000000417232513,0.25999999046325684,123000,0.0,0.0
2011-10-05 00:00:00-04:00,0.25,0.2590000033378601,0.23199999332427979,0.24500000476837158,72000,0.0,0.0
2011-10-06 00:00:00-04:00,0.24500000476837158,0.25999999046325684,0.24500000476837158,0.25999999046325684,9700,0.0,0.0
2011-10-07 00:00:00-04:00,0.25999999046325684,0.25999999046325684,0.24300000071525574,0.25999999046325684,2600,0.0,0.0
2011-10-10 00:00:00-04:00,0.25999999046325684,0.2750000059604645,0.25999999046325684,0.2750000059604645,8000,0.0,0.0
2011-10-11 00:00:00-04:00,0.2800000011920929,0.2800000011920929,0.2800000011920929,0.2800000011920929,2700,0.0,0.0
2011-10-12 00:00:00-04:00,0.2800000011920929,0.34599998593330383,0.2750000059604645,0.3449999988079071,59900,0.0,0.0
2011-10-13 00:00:00-04:00,0.30000001192092896,0.3449999988079071,0.30000001192092896,0.3050000071525574,22500,0.0,0.0
2011-10-14 00:00:00-04:00,0.33000001311302185,0.33000001311302185,0.3100000023841858,0.33000001311302185,8700,0.0,0.0
2011-10-17 00:00:00-04:00,0.2849999964237213,0.33000001311302185,0.23999999463558197,0.25999999046325684,84800,0.0,0.0
2011-10-18 00:00:00-04:00,0.25,0.2590000033378601,0.23100000619888306,0.2549999952316284,140000,0.0,0.0
2011-10-19 00:00:00-04:00,0.2549999952316284,0.26499998569488525,0.23999999463558197,0.2639999985694885,25300,0.0,0.0
2011-10-20 00:00:00-04:00,0.23999999463558197,0.2639999985694885,0.23999999463558197,0.2639999985694885,56100,0.0,0.0
2011-10-21 00:00:00-04:00,0.2639999985694885,0.2800000011920929,0.24500000476837158,0.2800000011920929,80900,0.0,0.0
2011-10-24 00:00:00-04:00,0.2800000011920929,0.2800000011920929,0.2800000011920929,0.2800000011920929,0,0.0,0.0
2011-10-25 00:00:00-04:00,0.23600000143051147,0.27900001406669617,0.23600000143051147,0.27900001406669617,3800,0.0,0.0
2011-10-26 00:00:00-04:00,0.27900001406669617,0.27900001406669617,0.27900001406669617,0.27900001406669617,0,0.0,0.0
2011-10-27 00:00:00-04:00,0.23899999260902405,0.27900001406669617,0.23600000143051147,0.27000001072883606,22700,0.0,0.0
2011-10-28 00:00:00-04:00,0.27900001406669617,0.27900001406669617,0.27900001406669617,0.27900001406669617,1600,0.0,0.0
2011-10-31 00:00:00-04:00,0.25999999046325684,0.27900001406669617,0.23600000143051147,0.27900001406669617,22800,0.0,0.0
2011-11-01 00:00:00-04:00,0.27900001406669617,0.3400000035762787,0.25,0.33399999141693115,58900,0.0,0.0
2011-11-02 00:00:00-04:00,0.2639999985694885,0.33399999141693115,0.2639999985694885,0.33399999141693115,1300,0.0,0.0
2011-11-03 00:00:00-04:00,0.33399999141693115,0.33399999141693115,0.33399999141693115,0.33399999141693115,0,0.0,0.0
2011-11-04 00:00:00-04:00,0.24500000476837158,0.2800000011920929,0.24500000476837158,0.2800000011920929,16800,0.0,0.0
2011-11-07 00:00:00-05:00,0.2639999985694885,0.2800000011920929,0.2639999985694885,0.2800000011920929,600,0.0,0.0
2011-11-08 00:00:00-05:00,0.25,0.2800000011920929,0.25,0.2800000011920929,9800,0.0,0.0
2011-11-09 00:00:00-05:00,0.30000001192092896,0.3310000002384186,0.23999999463558197,0.23999999463558197,5100,0.0,0.0
2011-11-10 00:00:00-05:00,0.3310000002384186,0.3310000002384186,0.3310000002384186,0.3310000002384186,400,0.0,0.0
2011-11-11 00:00:00-05:00,0.28999999165534973,0.28999999165534973,0.25999999046325684,0.25999999046325684,48500,0.0,0.0
2011-11-14 00:00:00-05:00,0.28999999165534973,0.28999999165534973,0.27000001072883606,0.28999999165534973,13400,0.0,0.0
2011-11-15 00:00:00-05:00,0.28999999165534973,0.28999999165534973,0.28999999165534973,0.28999999165534973,0,0.0,0.0
2011-11-16 00:00:00-05:00,0.27000001072883606,0.28999999165534973,0.27000001072883606,0.28999999165534973,16900,0.0,0.0
2011-11-17 00:00:00-05:00,0.25,0.28999999165534973,0.25,0.28999999165534973,20700,0.0,0.0
2011-11-18 00:00:00-05:00,0.25099998712539673,0.28999999165534973,0.25099998712539673,0.28999999165534973,7000,0.0,0.0
2011-11-21 00:00:00-05:00,0.28999999165534973,0.28999999165534973,0.28999999165534973,0.28999999165534973,500,0.0,0.0
2011-11-22 00:00:00-05:00,0.25,0.2849999964237213,0.25,0.2849999964237213,25600,0.0,0.0
2011-11-23 00:00:00-05:00,0.23000000417232513,0.27000001072883606,0.22200000286102295,0.27000001072883606,56100,0.0,0.0
2011-11-25 00:00:00-05:00,0.28999999165534973,0.28999999165534973,0.28999999165534973,0.28999999165534973,300,0.0,0.0
2011-11-28 00:00:00-05:00,0.28999999165534973,0.28999999165534973,0.28999999165534973,0.28999999165534973,0,0.0,0.0
2011-11-29 00:00:00-05:00,0.28999999165534973,0.28999999165534973,0.28999999165534973,0.28999999165534973,0,0.0,0.0
2011-11-30 00:00:00-05:00,0.22100000083446503,0.2639999985694885,0.22100000083446503,0.2639999985694885,4900,0.0,0.0
2011-12-01 00:00:00-05:00,0.2639999985694885,0.2639999985694885,0.2639999985694885,0.2639999985694885,500,0.0,0.0
2011-12-02 00:00:00-05:00,0.25999999046325684,0.28999999165534973,0.23999999463558197,0.28999999165534973,29500,0.0,0.0
2011-12-05 00:00:00-05:00,0.28999999165534973,0.28999999165534973,0.28999999165534973,0.28999999165534973,500,0.0,0.0
2011-12-06 00:00:00-05:00,0.2549999952316284,0.28999999165534973,0.2549999952316284,0.25999999046325684,14000,0.0,0.0
2011-12-07 00:00:00-05:00,0.28999999165534973,0.28999999165534973,0.28999999165534973,0.28999999165534973,300,0.0,0.0
2011-12-08 00:00:00-05:00,0.23100000619888306,0.28999999165534973,0.23100000619888306,0.28999999165534973,10800,0.0,0.0
2011-12-09 00:00:00-05:00,0.28999999165534973,0.28999999165534973,0.28999999165534973,0.28999999165534973,0,0.0,0.0
2011-12-12 00:00:00-05:00,0.27000001072883606,0.289000004529953,0.24300000071525574,0.289000004529953,17900,0.0,0.0
2011-12-13 00:00:00-05:00,0.289000004529953,0.289000004529953,0.23000000417232513,0.289000004529953,2300,0.0,0.0
2011-12-14 00:00:00-05:00,0.2329999953508377,0.289000004529953,0.2329999953508377,0.289000004529953,1800,0.0,0.0
2011-12-15 00:00:00-05:00,0.289000004529953,0.289000004529953,0.289000004529953,0.289000004529953,0,0.0,0.0
2011-12-16 00:00:00-05:00,0.2800000011920929,0.2800000011920929,0.2800000011920929,0.2800000011920929,300,0.0,0.0
2011-12-19 00:00:00-05:00,0.2800000011920929,0.2800000011920929,0.2800000011920929,0.2800000011920929,400,0.0,0.0
2011-12-20 00:00:00-05:00,0.25999999046325684,0.27900001406669617,0.25999999046325684,0.27900001406669617,20600,0.0,0.0
2011-12-21 00:00:00-05:00,0.27900001406669617,0.27900001406669617,0.27900001406669617,0.27900001406669617,500,0.0,0.0
2011-12-22 00:00:00-05:00,0.27900001406669617,0.27900001406669617,0.27900001406669617,0.27900001406669617,500,0.0,0.0
2011-12-23 00:00:00-05:00,0.27900001406669617,0.27900001406669617,0.27900001406669617,0.27900001406669617,400,0.0,0.0
2011-12-27 00:00:00-05:00,0.27900001406669617,0.30000001192092896,0.25,0.25999999046325684,70400,0.0,0.0
2011-12-28 00:00:00-05:00,0.25999999046325684,0.25999999046325684,0.25999999046325684,0.25999999046325684,8000,0.0,0.0
2011-12-29 00:00:00-05:00,0.25999999046325684,0.25999999046325684,0.25999999046325684,0.25999999046325684,0,0.0,0.0
2011-12-30 00:00:00-05:00,0.25999999046325684,0.25999999046325684,0.25999999046325684,0.25999999046325684,2500,0.0,0.0
2012-01-03 00:00:00-05:00,0.23999999463558197,0.25999999046325684,0.23999999463558197,0.25999999046325684,1900,0.0,0.0
2012-01-04 00:00:00-05:00,0.23999999463558197,0.25999999046325684,0.23999999463558197,0.25999999046325684,12100,0.0,0.0
2012-01-05 00:00:00-05:00,0.25,0.25999999046325684,0.2329999953508377,0.25999999046325684,22800,0.0,0.0
2012-01-06 00:00:00-05:00,0.23999999463558197,0.25999999046325684,0.23999999463558197,0.25999999046325684,16800,0.0,0.0
2012-01-09 00:00:00-05:00,0.25999999046325684,0.25999999046325684,0.25999999046325684,0.25999999046325684,3300,0.0,0.0
2012-01-10 00:00:00-05:00,0.2329999953508377,0.25999999046325684,0.2329999953508377,0.25999999046325684,35800,0.0,0.0
2012-01-11 00:00:00-05:00,0.25999999046325684,0.25999999046325684,0.25999999046325684,0.25999999046325684,0,0.0,0.0
2012-01-12 00:00:00-05:00,0.25,0.2590000033378601,0.23999999463558197,0.2590000033378601,30700,0.0,0.0
2012-01-13 00:00:00-05:00,0.23999999463558197,0.25999999046325684,0.23999999463558197,0.25999999046325684,23000,0.0,0.0
2012-01-17 00:00:00-05:00,0.25999999046325684,0.25999999046325684,0.25,0.25999999046325684,3500,0.0,0.0
2012-01-18 00:00:00-05:00,0.25999999046325684,0.25999999046325684,0.23199999332427979,0.25999999046325684,1700,0.0,0.0
2012-01-19 00:00:00-05:00,0.25999999046325684,0.25999999046325684,0.25999999046325684,0.25999999046325684,0,0.0,0.0
2012-01-20 00:00:00-05:00,0.25999999046325684,0.25999999046325684,0.23999999463558197,0.25999999046325684,3500,0.0,0.0
2012-01-23 00:00:00-05:00,0.25,0.25,0.25,0.25,3000,0.0,0.0
2012-01-24 00:00:00-05:00,0.25999999046325684,0.25999999046325684,0.25,0.25,8500,0.0,0.0
2012-01-25 00:00:00-05:00,0.23199999332427979,0.25,0.23199999332427979,0.25,1400,0.0,0.0
2012-01-26 00:00:00-05:00,0.23199999332427979,0.25,0.23199999332427979,0.23499999940395355,1500,0.0,0.0
2012-01-27 00:00:00-05:00,0.23999999463558197,0.25999999046325684,0.23999999463558197,0.25999999046325684,54700,0.0,0.0
2012-01-30 00:00:00-05:00,0.25999999046325684,0.25999999046325684,0.25999999046325684,0.25999999046325684,0,0.0,0.0
2012-01-31 00:00:00-05:00,0.25,0.25,0.23199999332427979,0.25,24400,0.0,0.0
2012-02-01 00:00:00-05:00,0.25,0.25999999046325684,0.24899999797344208,0.25999999046325684,41800,0.0,0.0
2012-02-02 00:00:00-05:00,0.23999999463558197,0.2590000033378601,0.23999999463558197,0.2590000033378601,7100,0.0,0.0
2012-02-03 00:00:00-05:00,0.2590000033378601,0.2590000033378601,0.2590000033378601,0.2590000033378601,0,0.0,0.0
2012-02-06 00:00:00-05:00,0.23499999940395355,0.25,0.23499999940395355,0.23999999463558197,27100,0.0,0.0
2012-02-07 00:00:00-05:00,0.25,0.2549999952316284,0.25,0.2549999952316284,20000,0.0,0.0
2012-02-08 00:00:00-05:00,0.2549999952316284,0.2549999952316284,0.2549999952316284,0.2549999952316284,0,0.0,0.0
2012-02-09 00:00:00-05:00,0.2549999952316284,0.2549999952316284,0.2549999952316284,0.2549999952316284,0,0.0,0.0
2012-02-10 00:00:00-05:00,0.22699999809265137,0.25,0.22699999809265137,0.25,1400,0.0,0.0
2012-02-13 00:00:00-05:00,0.25,0.25,0.21699999272823334,0.25,10700,0.0,0.0
2012-02-14 00:00:00-05:00,0.25,0.25,0.25,0.25,0,0.0,0.0
2012-02-15 00:00:00-05:00,0.25,0.25,0.25,0.25,0,0.0,0.0
2012-02-16 00:00:00-05:00,0.25,0.25,0.25,0.25,4000,0.0,0.0
2012-02-17 00:00:00-05:00,0.2199999988079071,0.24899999797344208,0.21699999272823334,0.24899999797344208,71600,0.0,0.0
2012-02-21 00:00:00-05:00,0.24500000476837158,0.24500000476837158,0.24500000476837158,0.24500000476837158,2500,0.0,0.0
2012-02-22 00:00:00-05:00,0.22499999403953552,0.23999999463558197,0.22499999403953552,0.23999999463558197,700,0.0,0.0
2012-02-23 00:00:00-05:00,0.23999999463558197,0.23999999463558197,0.23999999463558197,0.23999999463558197,0,0.0,0.0
2012-02-24 00:00:00-05:00,0.23999999463558197,0.24500000476837158,0.23999999463558197,0.24500000476837158,9200,0.0,0.0
2012-02-27 00:00:00-05:00,0.24500000476837158,0.24899999797344208,0.22499999403953552,0.24899999797344208,20800,0.0,0.0
2012-02-28 00:00:00-05:00,0.24899999797344208,0.24899999797344208,0.24899999797344208,0.24899999797344208,0,0.0,0.0
2012-02-29 00:00:00-05:00,0.24899999797344208,0.24899999797344208,0.24899999797344208,0.24899999797344208,2000,0.0,0.0
2012-03-01 00:00:00-05:00,0.24899999797344208,0.24899999797344208,0.24899999797344208,0.24899999797344208,0,0.0,0.0
2012-03-02 00:00:00-05:00,0.24899999797344208,0.24899999797344208,0.24899999797344208,0.24899999797344208,0,0.0,0.0
2012-03-05 00:00:00-05:00,0.22499999403953552,0.23999999463558197,0.22499999403953552,0.23999999463558197,600,0.0,0.0
2012-03-06 00:00:00-05:00,0.23999999463558197,0.25,0.23999999463558197,0.25,15100,0.0,0.0
2012-03-07 00:00:00-05:00,0.22599999606609344,0.25,0.22599999606609344,0.25,600,0.0,0.0
2012-03-08 00:00:00-05:00,0.25,0.25,0.25,0.25,0,0.0,0.0
2012-03-09 00:00:00-05:00,0.22499999403953552,0.25,0.22499999403953552,0.25,1100,0.0,0.0
2012-03-12 00:00:00-04:00,0.23000000417232513,0.25,0.22499999403953552,0.25,37300,0.0,0.0
2012-03-13 00:00:00-04:00,0.25,0.25,0.25,0.25,0,0.0,0.0
2012-03-14 00:00:00-04:00,0.25,0.25,0.25,0.25,0,0.0,0.0
2012-03-15 00:00:00-04:00,0.25,0.25,0.25,0.25,0,0.0,0.0
2012-03-16 00:00:00-04:00,0.24400000274181366,0.24400000274181366,0.24400000274181366,0.24400000274181366,200,0.0,0.0
2012-03-19 00:00:00-04:00,0.24400000274181366,0.24400000274181366,0.24400000274181366,0.24400000274181366,13000,0.0,0.0
2012-03-20 00:00:00-04:00,0.21699999272823334,0.24500000476837158,0.21699999272823334,0.23999999463558197,42600,0.0,0.0
2012-03-21 00:00:00-04:00,0.23999999463558197,0.23999999463558197,0.23999999463558197,0.23999999463558197,0,0.0,0.0
2012-03-22 00:00:00-04:00,0.23999999463558197,0.23999999463558197,0.23999999463558197,0.23999999463558197,0,0.0,0.0
2012-03-23 00:00:00-04:00,0.23999999463558197,0.24500000476837158,0.23999999463558197,0.23999999463558197,50500,0.0,0.0
2012-03-26 00:00:00-04:00,0.23999999463558197,0.23999999463558197,0.23999999463558197,0.23999999463558197,0,0.0,0.0
2012-03-27 00:00:00-04:00,0.22100000083446503,0.24500000476837158,0.22100000083446503,0.24500000476837158,2600,0.0,0.0
2012-03-28 00:00:00-04:00,0.24500000476837158,0.24500000476837158,0.24500000476837158,0.24500000476837158,0,0.0,0.0
2012-03-29 00:00:00-04:00,0.22499999403953552,0.24500000476837158,0.22499999403953552,0.24500000476837158,2400,0.0,0.0
2012-03-30 00:00:00-04:00,0.24500000476837158,0.24500000476837158,0.24500000476837158,0.24500000476837158,0,0.0,0.0
2012-04-02 00:00:00-04:00,0.22499999403953552,0.23999999463558197,0.21699999272823334,0.23899999260902405,106000,0.0,0.0
2012-04-03 00:00:00-04:00,0.23899999260902405,0.23899999260902405,0.23899999260902405,0.23899999260902405,0,0.0,0.0
2012-04-04 00:00:00-04:00,0.2409999966621399,0.2409999966621399,0.2199999988079071,0.2409999966621399,21000,0.0,0.0
2012-04-05 00:00:00-04:00,0.2409999966621399,0.24500000476837158,0.2199999988079071,0.2409999966621399,20600,0.0,0.0
2012-04-09 00:00:00-04:00,0.2409999966621399,0.24500000476837158,0.2409999966621399,0.24500000476837158,7000,0.0,0.0
2012-04-10 00:00:00-04:00,0.2199999988079071,0.23000000417232513,0.2199999988079071,0.23000000417232513,15600,0.0,0.0
2012-04-11 00:00:00-04:00,0.23000000417232513,0.23899999260902405,0.23000000417232513,0.23899999260902405,10500,0.0,0.0
2012-04-12 00:00:00-04:00,0.23000000417232513,0.23499999940395355,0.23000000417232513,0.23499999940395355,25500,0.0,0.0
2012-04-13 00:00:00-04:00,0.22499999403953552,0.23000000417232513,0.22499999403953552,0.23000000417232513,10700,0.0,0.0
2012-04-16 00:00:00-04:00,0.21699999272823334,0.23000000417232513,0.21699999272823334,0.23000000417232513,3300,0.0,0.0
2012-04-17 00:00:00-04:00,0.2240000069141388,0.22499999403953552,0.2240000069141388,0.22499999403953552,7300,0.0,0.0
2012-04-18 00:00:00-04:00,0.2199999988079071,0.2290000021457672,0.2199999988079071,0.2290000021457672,5500,0.0,0.0
2012-04-19 00:00:00-04:00,0.2290000021457672,0.2290000021457672,0.2290000021457672,0.2290000021457672,0,0.0,0.0
2012-04-20 00:00:00-04:00,0.2290000021457672,0.2290000021457672,0.2290000021457672,0.2290000021457672,0,0.0,0.0
2012-04-23 00:00:00-04:00,0.21699999272823334,0.2290000021457672,0.21699999272823334,0.2290000021457672,12000,0.0,0.0
2012-04-24 00:00:00-04:00,0.22499999403953552,0.23000000417232513,0.22499999403953552,0.23000000417232513,9400,0.0,0.0
2012-04-25 00:00:00-04:00,0.23000000417232513,0.23000000417232513,0.23000000417232513,0.23000000417232513,1800,0.0,0.0
2012-04-26 00:00:00-04:00,0.23000000417232513,0.23000000417232513,0.23000000417232513,0.23000000417232513,0,0.0,0.0
2012-04-27 00:00:00-04:00,0.23000000417232513,0.23000000417232513,0.23000000417232513,0.23000000417232513,0,0.0,0.0
2012-04-30 00:00:00-04:00,0.23000000417232513,0.23000000417232513,0.2199999988079071,0.23000000417232513,21000,0.0,0.0
2012-05-01 00:00:00-04:00,0.23000000417232513,0.23000000417232513,0.23000000417232513,0.23000000417232513,1000,0.0,0.0
2012-05-02 00:00:00-04:00,0.23000000417232513,0.23000000417232513,0.23000000417232513,0.23000000417232513,1500,0.0,0.0
2012-05-03 00:00:00-04:00,0.2290000021457672,0.2290000021457672,0.2290000021457672,0.2290000021457672,45000,0.0,0.0
2012-05-04 00:00:00-04:00,0.2290000021457672,0.2290000021457672,0.20999999344348907,0.2290000021457672,13100,0.0,0.0
2012-05-07 00:00:00-04:00,0.2290000021457672,0.23999999463558197,0.2290000021457672,0.23999999463558197,37000,0.0,0.0
2012-05-08 00:00:00-04:00,0.23399999737739563,0.23399999737739563,0.23399999737739563,0.23399999737739563,20000,0.0,0.0
2012-05-09 00:00:00-04:00,0.23000000417232513,0.23399999737739563,0.23000000417232513,0.23399999737739563,3500,0.0,0.0
2012-05-10 00:00:00-04:00,0.23999999463558197,0.23999999463558197,0.23999999463558197,0.23999999463558197,21000,0.0,0.0
2012-05-11 00:00:00-04:00,0.2370000034570694,0.2370000034570694,0.2370000034570694,0.2370000034570694,3000,0.0,0.0
2012-05-14 00:00:00-04:00,0.1899999976158142,0.2370000034570694,0.1899999976158142,0.2370000034570694,17500,0.0,0.0
2012-05-15 00:00:00-04:00,0.22499999403953552,0.2370000034570694,0.22499999403953552,0.2370000034570694,5000,0.0,0.0
2012-05-16 00:00:00-04:00,0.20200000703334808,0.23600000143051147,0.20200000703334808,0.23600000143051147,1500,0.0,0.0
2012-05-17 00:00:00-04:00,0.2199999988079071,0.23600000143051147,0.2199999988079071,0.23600000143051147,6000,0.0,0.0
2012-05-18 00:00:00-04:00,0.2199999988079071,0.23499999940395355,0.2199999988079071,0.23499999940395355,1500,0.0,0.0
2012-05-21 00:00:00-04:00,0.23499999940395355,0.23499999940395355,0.23499999940395355,0.23499999940395355,0,0.0,0.0
2012-05-22 00:00:00-04:00,0.2199999988079071,0.23399999737739563,0.2199999988079071,0.23399999737739563,16000,0.0,0.0
2012-05-23 00:00:00-04:00,0.2199999988079071,0.2329999953508377,0.2199999988079071,0.2329999953508377,5500,0.0,0.0
2012-05-24 00:00:00-04:00,0.2329999953508377,0.2329999953508377,0.2329999953508377,0.2329999953508377,0,0.0,0.0
2012-05-25 00:00:00-04:00,0.2329999953508377,0.2329999953508377,0.2329999953508377,0.2329999953508377,0,0.0,0.0
2012-05-29 00:00:00-04:00,0.2329999953508377,0.2329999953508377,0.2329999953508377,0.2329999953508377,0,0.0,0.0
2012-05-30 00:00:00-04:00,0.24899999797344208,0.25,0.2199999988079071,0.2199999988079071,397100,0.0,0.0
2012-05-31 00:00:00-04:00,0.2199999988079071,0.2199999988079071,0.21899999678134918,0.21899999678134918,10000,0.0,0.0
2012-06-01 00:00:00-04:00,0.2199999988079071,0.2199999988079071,0.2070000022649765,0.21899999678134918,41700,0.0,0.0
2012-06-04 00:00:00-04:00,0.21899999678134918,0.2199999988079071,0.21899999678134918,0.2199999988079071,87500,0.0,0.0
2012-06-05 00:00:00-04:00,0.2199999988079071,0.2199999988079071,0.2199999988079071,0.2199999988079071,6000,0.0,0.0
2012-06-06 00:00:00-04:00,0.2199999988079071,0.2199999988079071,0.20999999344348907,0.2199999988079071,10000,0.0,0.0
2012-06-07 00:00:00-04:00,0.2199999988079071,0.2199999988079071,0.2199999988079071,0.2199999988079071,1000,0.0,0.0
2012-06-08 00:00:00-04:00,0.2199999988079071,0.23499999940395355,0.2199999988079071,0.23499999940395355,24300,0.0,0.0
2012-06-11 00:00:00-04:00,0.24500000476837158,0.24500000476837158,0.23000000417232513,0.23999999463558197,23600,0.0,0.0
2012-06-12 00:00:00-04:00,0.23999999463558197,0.24500000476837158,0.23999999463558197,0.24500000476837158,50800,0.0,0.0
2012-06-13 00:00:00-04:00,0.23999999463558197,0.25,0.23000000417232513,0.25,138100,0.0,0.0
2012-06-14 00:00:00-04:00,0.23000000417232513,0.24500000476837158,0.23000000417232513,0.24500000476837158,14800,0.0,0.0
2012-06-15 00:00:00-04:00,0.2199999988079071,0.23499999940395355,0.2199999988079071,0.23499999940395355,16900,0.0,0.0
2012-06-18 00:00:00-04:00,0.23499999940395355,0.23499999940395355,0.23499999940395355,0.23499999940395355,1000,0.0,0.0
2012-06-19 00:00:00-04:00,0.23499999940395355,0.23499999940395355,0.2199999988079071,0.23499999940395355,2600,0.0,0.0
2012-06-20 00:00:00-04:00,0.21199999749660492,0.23499999940395355,0.21199999749660492,0.23399999737739563,37500,0.0,0.0
2012-06-21 00:00:00-04:00,0.23499999940395355,0.23999999463558197,0.23000000417232513,0.23999999463558197,30100,0.0,0.0
2012-06-22 00:00:00-04:00,0.23999999463558197,0.23999999463558197,0.23999999463558197,0.23999999463558197,1500,0.0,0.0
2012-06-25 00:00:00-04:00,0.23999999463558197,0.23999999463558197,0.23000000417232513,0.23999999463558197,5000,0.0,0.0
2012-06-26 00:00:00-04:00,0.23999999463558197,0.25999999046325684,0.23000000417232513,0.25999999046325684,8200,0.0,0.0
2012-06-27 00:00:00-04:00,0.23000000417232513,0.25999999046325684,0.2199999988079071,0.25999999046325684,14600,0.0,0.0
2012-06-28 00:00:00-04:00,0.25999999046325684,0.25999999046325684,0.25999999046325684,0.25999999046325684,1000,0.0,0.0
2012-06-29 00:00:00-04:00,0.25999999046325684,0.25999999046325684,0.25999999046325684,0.25999999046325684,4500,0.0,0.0
2012-07-02 00:00:00-04:00,0.25999999046325684,0.25999999046325684,0.25,0.25999999046325684,5900,0.0,0.0
2012-07-03 00:00:00-04:00,0.25999999046325684,0.25999999046325684,0.25999999046325684,0.25999999046325684,1500,0.0,0.0
2012-07-05 00:00:00-04:00,0.25999999046325684,0.25999999046325684,0.23000000417232513,0.25999999046325684,3000,0.0,0.0
2012-07-06 00:00:00-04:00,0.25999999046325684,0.25999999046325684,0.25999999046325684,0.25999999046325684,1000,0.0,0.0
2012-07-09 00:00:00-04:00,0.25999999046325684,0.25999999046325684,0.25999999046325684,0.25999999046325684,1000,0.0,0.0
2012-07-10 00:00:00-04:00,0.25999999046325684,0.25999999046325684,0.25999999046325684,0.25999999046325684,2000,0.0,0.0
2012-07-11 00:00:00-04:00,0.23000000417232513,0.25999999046325684,0.23000000417232513,0.25999999046325684,6600,0.0,0.0
2012-07-12 00:00:00-04:00,0.25999999046325684,0.25999999046325684,0.25999999046325684,0.25999999046325684,0,0.0,0.0
2012-07-13 00:00:00-04:00,0.25999999046325684,0.25999999046325684,0.25999999046325684,0.25999999046325684,0,0.0,0.0
2012-07-16 00:00:00-04:00,0.25999999046325684,0.25999999046325684,0.24500000476837158,0.25999999046325684,116300,0.0,0.0
2012-07-17 00:00:00-04:00,0.2199999988079071,0.23499999940395355,0.2199999988079071,0.2199999988079071,74600,0.0,0.0
2012-07-18 00:00:00-04:00,0.1899999976158142,0.22499999403953552,0.1899999976158142,0.22499999403953552,50600,0.0,0.0
2012-07-19 00:00:00-04:00,0.2199999988079071,0.2199999988079071,0.1899999976158142,0.20000000298023224,72700,0.0,0.0
2012-07-20 00:00:00-04:00,0.1899999976158142,0.20000000298023224,0.1850000023841858,0.19499999284744263,143500,0.0,0.0
2012-07-23 00:00:00-04:00,0.1850000023841858,0.1850000023841858,0.18000000715255737,0.18000000715255737,28200,0.0,0.0
2012-07-24 00:00:00-04:00,0.18000000715255737,0.1899999976158142,0.17299999296665192,0.1899999976158142,78500,0.0,0.0
2012-07-25 00:00:00-04:00,0.1899999976158142,0.1899999976158142,0.1899999976158142,0.1899999976158142,0,0.0,0.0
2012-07-26 00:00:00-04:00,0.1899999976158142,0.1899999976158142,0.17399999499320984,0.17399999499320984,151700,0.0,0.0
2012-07-27 00:00:00-04:00,0.20000000298023224,0.20000000298023224,0.20000000298023224,0.20000000298023224,500,0.0,0.0
2012-07-30 00:00:00-04:00,0.1979999989271164,0.20000000298023224,0.1979999989271164,0.20000000298023224,14700,0.0,0.0
2012-07-31 00:00:00-04:00,0.17499999701976776,0.20000000298023224,0.17499999701976776,0.20000000298023224,600,0.0,0.0
2012-08-01 00:00:00-04:00,0.20000000298023224,0.20000000298023224,0.20000000298023224,0.20000000298023224,0,0.0,0.0
2012-08-02 00:00:00-04:00,0.20000000298023224,0.21400000154972076,0.20000000298023224,0.21400000154972076,6500,0.0,0.0
2012-08-03 00:00:00-04:00,0.17499999701976776,0.21400000154972076,0.17499999701976776,0.20000000298023224,4000,0.0,0.0
2012-08-06 00:00:00-04:00,0.20999999344348907,0.20999999344348907,0.17499999701976776,0.20999999344348907,3000,0.0,0.0
2012-08-07 00:00:00-04:00,0.17399999499320984,0.20999999344348907,0.17399999499320984,0.20999999344348907,1800,0.0,0.0
2012-08-08 00:00:00-04:00,0.20000000298023224,0.20000000298023224,0.20000000298023224,0.20000000298023224,8300,0.0,0.0
2012-08-09 00:00:00-04:00,0.17599999904632568,0.20999999344348907,0.17399999499320984,0.20999999344348907,11500,0.0,0.0
2012-08-10 00:00:00-04:00,0.20999999344348907,0.20999999344348907,0.20999999344348907,0.20999999344348907,5000,0.0,0.0
2012-08-13 00:00:00-04:00,0.20499999821186066,0.20499999821186066,0.20499999821186066,0.20499999821186066,10600,0.0,0.0
2012-08-14 00:00:00-04:00,0.20499999821186066,0.20499999821186066,0.20499999821186066,0.20499999821186066,0,0.0,0.0
2012-08-15 00:00:00-04:00,0.20000000298023224,0.20000000298023224,0.20000000298023224,0.20000000298023224,2000,0.0,0.0
2012-08-16 00:00:00-04:00,0.20000000298023224,0.20000000298023224,0.17399999499320984,0.20000000298023224,3400,0.0,0.0
2012-08-17 00:00:00-04:00,0.17499999701976776,0.20000000298023224,0.17499999701976776,0.20000000298023224,5200,0.0,0.0
2012-08-20 00:00:00-04:00,0.20000000298023224,0.20000000298023224,0.20000000298023224,0.20000000298023224,2000,0.0,0.0
2012-08-21 00:00:00-04:00,0.17499999701976776,0.20000000298023224,0.17499999701976776,0.20000000298023224,4400,0.0,0.0
2012-08-22 00:00:00-04:00,0.20000000298023224,0.20000000298023224,0.1899999976158142,0.20000000298023224,7500,0.0,0.0
2012-08-23 00:00:00-04:00,0.20999999344348907,0.20999999344348907,0.20999999344348907,0.20999999344348907,3700,0.0,0.0
2012-08-24 00:00:00-04:00,0.20999999344348907,0.20999999344348907,0.20999999344348907,0.20999999344348907,16000,0.0,0.0
2012-08-27 00:00:00-04:00,0.21400000154972076,0.21400000154972076,0.21400000154972076,0.21400000154972076,1000,0.0,0.0
2012-08-28 00:00:00-04:00,0.21400000154972076,0.21400000154972076,0.21400000154972076,0.21400000154972076,0,0.0,0.0
2012-08-29 00:00:00-04:00,0.20000000298023224,0.20000000298023224,0.20000000298023224,0.20000000298023224,12500,0.0,0.0
2012-08-30 00:00:00-04:00,0.21400000154972076,0.21400000154972076,0.21400000154972076,0.21400000154972076,800,0.0,0.0
2012-08-31 00:00:00-04:00,0.20999999344348907,0.20999999344348907,0.20999999344348907,0.20999999344348907,5000,0.0,0.0
2012-09-04 00:00:00-04:00,0.17499999701976776,0.21400000154972076,0.17499999701976776,0.21400000154972076,900,0.0,0.0
2012-09-05 00:00:00-04:00,0.21400000154972076,0.21400000154972076,0.21400000154972076,0.21400000154972076,6600,0.0,0.0
2012-09-06 00:00:00-04:00,0.21400000154972076,0.25999999046325684,0.21400000154972076,0.25999999046325684,3000,0.0,0.0
2012-09-07 00:00:00-04:00,0.25999999046325684,0.25999999046325684,0.25999999046325684,0.25999999046325684,0,0.0,0.0
2012-09-10 00:00:00-04:00,0.25999999046325684,0.25999999046325684,0.25999999046325684,0.25999999046325684,0,0.0,0.0
2012-09-11 00:00:00-04:00,0.25999999046325684,0.25999999046325684,0.25999999046325684,0.25999999046325684,0,0.0,0.0
2012-09-12 00:00:00-04:00,0.25,0.25,0.25,0.25,1300,0.0,0.0
2012-09-13 00:00:00-04:00,0.20999999344348907,0.23000000417232513,0.20000000298023224,0.23000000417232513,11200,0.0,0.0
2012-09-14 00:00:00-04:00,0.20999999344348907,0.2460000067949295,0.20999999344348907,0.2460000067949295,10600,0.0,0.0
2012-09-17 00:00:00-04:00,0.2460000067949295,0.2460000067949295,0.2460000067949295,0.2460000067949295,0,0.0,0.0
2012-09-18 00:00:00-04:00,0.20999999344348907,0.23000000417232513,0.20999999344348907,0.23000000417232513,20800,0.0,0.0
2012-09-19 00:00:00-04:00,0.23000000417232513,0.23000000417232513,0.20999999344348907,0.23000000417232513,9300,0.0,0.0
2012-09-20 00:00:00-04:00,0.23000000417232513,0.23000000417232513,0.1850000023841858,0.23000000417232513,37500,0.0,0.0
2012-09-21 00:00:00-04:00,0.2590000033378601,0.2590000033378601,0.2590000033378601,0.2590000033378601,1000,0.0,0.0
2012-09-24 00:00:00-04:00,0.2590000033378601,0.2590000033378601,0.2590000033378601,0.2590000033378601,0,0.0,0.0
2012-09-25 00:00:00-04:00,0.2590000033378601,0.2590000033378601,0.2590000033378601,0.2590000033378601,0,0.0,0.0
2012-09-26 00:00:00-04:00,0.23999999463558197,0.23999999463558197,0.20999999344348907,0.20999999344348907,25200,0.0,0.0
2012-09-27 00:00:00-04:00,0.23999999463558197,0.2460000067949295,0.20999999344348907,0.20999999344348907,10500,0.0,0.0
2012-09-28 00:00:00-04:00,0.20999999344348907,0.22300000488758087,0.20999999344348907,0.22300000488758087,22300,0.0,0.0
2012-10-01 00:00:00-04:00,0.20000000298023224,0.21699999272823334,0.20000000298023224,0.21699999272823334,6000,0.0,0.0
2012-10-02 00:00:00-04:00,0.21699999272823334,0.21699999272823334,0.21699999272823334,0.21699999272823334,0,0.0,0.0
2012-10-03 00:00:00-04:00,0.20999999344348907,0.20999999344348907,0.20999999344348907,0.20999999344348907,3000,0.0,0.0
2012-10-04 00:00:00-04:00,0.21699999272823334,0.21699999272823334,0.20999999344348907,0.20999999344348907,10000,0.0,0.0
2012-10-05 00:00:00-04:00,0.20000000298023224,0.20000000298023224,0.20000000298023224,0.20000000298023224,15000,0.0,0.0
2012-10-08 00:00:00-04:00,0.20000000298023224,0.20000000298023224,0.20000000298023224,0.20000000298023224,15000,0.0,0.0
2012-10-09 00:00:00-04:00,0.20999999344348907,0.20999999344348907,0.1899999976158142,0.1899999976158142,25000,0.0,0.0
2012-10-10 00:00:00-04:00,0.25999999046325684,0.25999999046325684,0.25999999046325684,0.25999999046325684,500,0.0,0.0
2012-10-11 00:00:00-04:00,0.25,0.25,0.19200000166893005,0.20999999344348907,43300,0.0,0.0
2012-10-12 00:00:00-04:00,0.20000000298023224,0.23499999940395355,0.20000000298023224,0.23499999940395355,8500,0.0,0.0
2012-10-15 00:00:00-04:00,0.20999999344348907,0.25,0.20999999344348907,0.24899999797344208,32700,0.0,0.0
2012-10-16 00:00:00-04:00,0.25999999046325684,0.25999999046325684,0.2029999941587448,0.2199999988079071,148400,0.0,0.0
2012-10-17 00:00:00-04:00,0.20999999344348907,0.24899999797344208,0.20999999344348907,0.24899999797344208,63700,0.0,0.0
2012-10-18 00:00:00-04:00,0.24899999797344208,0.24899999797344208,0.23000000417232513,0.23000000417232513,22000,0.0,0.0
2012-10-19 00:00:00-04:00,0.25,0.2590000033378601,0.2199999988079071,0.2199999988079071,18400,0.0,0.0
2012-10-22 00:00:00-04:00,0.2150000035762787,0.23000000417232513,0.2150000035762787,0.23000000417232513,36000,0.0,0.0
2012-10-23 00:00:00-04:00,0.2199999988079071,0.2199999988079071,0.20000000298023224,0.2199999988079071,106600,0.0,0.0
2012-10-24 00:00:00-04:00,0.2199999988079071,0.23499999940395355,0.2199999988079071,0.2199999988079071,26200,0.0,0.0
2012-10-25 00:00:00-04:00,0.2199999988079071,0.2199999988079071,0.20999999344348907,0.20999999344348907,60300,0.0,0.0
2012-10-26 00:00:00-04:00,0.20999999344348907,0.2199999988079071,0.20999999344348907,0.20999999344348907,30500,0.0,0.0
2012-10-31 00:00:00-04:00,0.20999999344348907,0.20999999344348907,0.20999999344348907,0.20999999344348907,35200,0.0,0.0
2012-11-01 00:00:00-04:00,0.20999999344348907,0.20999999344348907,0.20999999344348907,0.20999999344348907,10000,0.0,0.0
2012-11-02 00:00:00-04:00,0.20999999344348907,0.20999999344348907,0.20999999344348907,0.20999999344348907,10000,0.0,0.0
2012-11-05 00:00:00-05:00,0.20999999344348907,0.20999999344348907,0.20999999344348907,0.20999999344348907,10000,0.0,0.0
2012-11-06 00:00:00-05:00,0.2199999988079071,0.23999999463558197,0.2199999988079071,0.23999999463558197,31000,0.0,0.0
2012-11-07 00:00:00-05:00,0.23999999463558197,0.23999999463558197,0.23999999463558197,0.23999999463558197,3000,0.0,0.0
2012-11-08 00:00:00-05:00,0.2199999988079071,0.23000000417232513,0.2199999988079071,0.23000000417232513,2100,0.0,0.0
2012-11-09 00:00:00-05:00,0.2199999988079071,0.2549999952316284,0.2199999988079071,0.25,148300,0.0,0.0
2012-11-12 00:00:00-05:00,0.23000000417232513,0.2549999952316284,0.23000000417232513,0.2549999952316284,10100,0.0,0.0
2012-11-13 00:00:00-05:00,0.25,0.25,0.22100000083446503,0.22100000083446503,74500,0.0,0.0
2012-11-14 00:00:00-05:00,0.22100000083446503,0.23899999260902405,0.20100000500679016,0.23899999260902405,86100,0.0,0.0
2012-11-15 00:00:00-05:00,0.20499999821186066,0.23899999260902405,0.20499999821186066,0.23899999260902405,20400,0.0,0.0
2012-11-16 00:00:00-05:00,0.23000000417232513,0.23000000417232513,0.20999999344348907,0.2199999988079071,49500,0.0,0.0
2012-11-19 00:00:00-05:00,0.23800000548362732,0.23800000548362732,0.23800000548362732,0.23800000548362732,24500,0.0,0.0
2012-11-20 00:00:00-05:00,0.23800000548362732,0.23800000548362732,0.23800000548362732,0.23800000548362732,0,0.0,0.0
2012-11-21 00:00:00-05:00,0.2370000034570694,0.23899999260902405,0.2370000034570694,0.23899999260902405,22000,0.0,0.0
2012-11-23 00:00:00-05:00,0.2160000056028366,0.23000000417232513,0.2160000056028366,0.23000000417232513,28300,0.0,0.0
2012-11-26 00:00:00-05:00,0.23199999332427979,0.23199999332427979,0.23199999332427979,0.23199999332427979,400,0.0,0.0
2012-11-27 00:00:00-05:00,0.24899999797344208,0.25999999046325684,0.24899999797344208,0.25,72300,0.0,0.0
2012-11-28 00:00:00-05:00,0.25,0.25,0.25,0.25,0,0.0,0.0
2012-11-29 00:00:00-05:00,0.23000000417232513,0.25999999046325684,0.23000000417232513,0.25999999046325684,8400,0.0,0.0
2012-11-30 00:00:00-05:00,0.25999999046325684,0.25999999046325684,0.25999999046325684,0.25999999046325684,0,0.0,0.0
2012-12-03 00:00:00-05:00,0.22100000083446503,0.2590000033378601,0.22100000083446503,0.2590000033378601,10100,0.0,0.0
2012-12-04 00:00:00-05:00,0.2590000033378601,0.2590000033378601,0.2590000033378601,0.2590000033378601,0,0.0,0.0
2012-12-05 00:00:00-05:00,0.23000000417232513,0.2590000033378601,0.22100000083446503,0.23999999463558197,22800,0.0,0.0
2012-12-06 00:00:00-05:00,0.23000000417232513,0.2529999911785126,0.23000000417232513,0.24899999797344208,8100,0.0,0.0
2012-12-07 00:00:00-05:00,0.24899999797344208,0.2529999911785126,0.24500000476837158,0.2529999911785126,64700,0.0,0.0
2012-12-10 00:00:00-05:00,0.2529999911785126,0.2529999911785126,0.2529999911785126,0.2529999911785126,400,0.0,0.0
2012-12-11 00:00:00-05:00,0.2529999911785126,0.2529999911785126,0.23999999463558197,0.23999999463558197,27500,0.0,0.0
2012-12-12 00:00:00-05:00,0.23999999463558197,0.23999999463558197,0.23999999463558197,0.23999999463558197,7800,0.0,0.0
2012-12-13 00:00:00-05:00,0.23100000619888306,0.25,0.23100000619888306,0.25,10100,0.0,0.0
2012-12-14 00:00:00-05:00,0.23999999463558197,0.24899999797344208,0.20100000500679016,0.2280000001192093,336200,0.0,0.0
2012-12-17 00:00:00-05:00,0.21299999952316284,0.23899999260902405,0.210999995470047,0.2150000035762787,61000,0.0,0.0
2012-12-18 00:00:00-05:00,0.2199999988079071,0.23499999940395355,0.20999999344348907,0.23499999940395355,97300,0.0,0.0
2012-12-19 00:00:00-05:00,0.20999999344348907,0.23100000619888306,0.20999999344348907,0.23100000619888306,40100,0.0,0.0
2012-12-20 00:00:00-05:00,0.210999995470047,0.2280000001192093,0.20999999344348907,0.2280000001192093,40400,0.0,0.0
2012-12-21 00:00:00-05:00,0.20999999344348907,0.2280000001192093,0.20999999344348907,0.22499999403953552,86100,0.0,0.0
2012-12-24 00:00:00-05:00,0.22499999403953552,0.22499999403953552,0.22499999403953552,0.22499999403953552,0,0.0,0.0
2012-12-26 00:00:00-05:00,0.22499999403953552,0.22499999403953552,0.22499999403953552,0.22499999403953552,0,0.0,0.0
2012-12-27 00:00:00-05:00,0.20000000298023224,0.23000000417232513,0.20000000298023224,0.23000000417232513,94500,0.0,0.0
2012-12-28 00:00:00-05:00,0.1899999976158142,0.2290000021457672,0.1899999976158142,0.2290000021457672,9500,0.0,0.0
2012-12-31 00:00:00-05:00,0.20999999344348907,0.23000000417232513,0.20999999344348907,0.23000000417232513,26000,0.0,0.0
2013-01-02 00:00:00-05:00,0.2199999988079071,0.2199999988079071,0.2199999988079071,0.2199999988079071,4500,0.0,0.0
2013-01-03 00:00:00-05:00,0.20999999344348907,0.20999999344348907,0.20999999344348907,0.20999999344348907,22500,0.0,0.0
2013-01-04 00:00:00-05:00,0.20999999344348907,0.20999999344348907,0.20999999344348907,0.20999999344348907,20000,0.0,0.0
2013-01-07 00:00:00-05:00,0.20999999344348907,0.20999999344348907,0.20999999344348907,0.20999999344348907,6000,0.0,0.0
2013-01-08 00:00:00-05:00,0.21799999475479126,0.2199999988079071,0.21799999475479126,0.2199999988079071,20800,0.0,0.0
2013-01-09 00:00:00-05:00,0.2199999988079071,0.2199999988079071,0.2199999988079071,0.2199999988079071,0,0.0,0.0
2013-01-10 00:00:00-05:00,0.2199999988079071,0.2199999988079071,0.2199999988079071,0.2199999988079071,0,0.0,0.0
2013-01-11 00:00:00-05:00,0.21400000154972076,0.21400000154972076,0.21400000154972076,0.21400000154972076,8300,0.0,0.0
2013-01-14 00:00:00-05:00,0.2199999988079071,0.23000000417232513,0.2199999988079071,0.23000000417232513,35900,0.0,0.0
2013-01-15 00:00:00-05:00,0.20499999821186066,0.20999999344348907,0.20000000298023224,0.2070000022649765,63400,0.0,0.0
2013-01-16 00:00:00-05:00,0.2070000022649765,0.2070000022649765,0.2070000022649765,0.2070000022649765,20000,0.0,0.0
2013-01-17 00:00:00-05:00,0.2070000022649765,0.2070000022649765,0.2070000022649765,0.2070000022649765,0,0.0,0.0
2013-01-18 00:00:00-05:00,0.2199999988079071,0.2199999988079071,0.2199999988079071,0.2199999988079071,10000,0.0,0.0
2013-01-22 00:00:00-05:00,0.2199999988079071,0.2199999988079071,0.2199999988079071,0.2199999988079071,0,0.0,0.0
2013-01-23 00:00:00-05:00,0.2199999988079071,0.2199999988079071,0.2199999988079071,0.2199999988079071,54500,0.0,0.0
2013-01-24 00:00:00-05:00,0.2199999988079071,0.2199999988079071,0.20999999344348907,0.20999999344348907,11100,0.0,0.0
2013-01-25 00:00:00-05:00,0.20000000298023224,0.20999999344348907,0.20000000298023224,0.20999999344348907,16800,0.0,0.0
2013-01-28 00:00:00-05:00,0.20100000500679016,0.20100000500679016,0.20100000500679016,0.20100000500679016,200,0.0,0.0
2013-01-29 00:00:00-05:00,0.2199999988079071,0.2199999988079071,0.2199999988079071,0.2199999988079071,900,0.0,0.0
2013-01-30 00:00:00-05:00,0.22499999403953552,0.22499999403953552,0.2199999988079071,0.2199999988079071,1500,0.0,0.0
2013-01-31 00:00:00-05:00,0.2199999988079071,0.2199999988079071,0.2199999988079071,0.2199999988079071,0,0.0,0.0
2013-02-01 00:00:00-05:00,0.2199999988079071,0.2199999988079071,0.2199999988079071,0.2199999988079071,0,0.0,0.0
2013-02-04 00:00:00-05:00,0.2199999988079071,0.22499999403953552,0.2199999988079071,0.22499999403953552,153300,0.0,0.0
2013-02-05 00:00:00-05:00,0.20100000500679016,0.20100000500679016,0.20100000500679016,0.20100000500679016,1400,0.0,0.0
2013-02-06 00:00:00-05:00,0.20100000500679016,0.20100000500679016,0.20100000500679016,0.20100000500679016,0,0.0,0.0
2013-02-07 00:00:00-05:00,0.20100000500679016,0.20100000500679016,0.20100000500679016,0.20100000500679016,0,0.0,0.0
2013-02-08 00:00:00-05:00,0.20100000500679016,0.20999999344348907,0.20100000500679016,0.20999999344348907,9500,0.0,0.0
2013-02-11 00:00:00-05:00,0.2199999988079071,0.2199999988079071,0.20999999344348907,0.2199999988079071,60500,0.0,0.0
2013-02-12 00:00:00-05:00,0.20100000500679016,0.20100000500679016,0.20100000500679016,0.20100000500679016,1000,0.0,0.0
2013-02-13 00:00:00-05:00,0.20100000500679016,0.20100000500679016,0.20100000500679016,0.20100000500679016,5000,0.0,0.0
2013-02-14 00:00:00-05:00,0.20100000500679016,0.20100000500679016,0.20100000500679016,0.20100000500679016,0,0.0,0.0
2013-02-15 00:00:00-05:00,0.20100000500679016,0.20100000500679016,0.20100000500679016,0.20100000500679016,0,0.0,0.0
2013-02-19 00:00:00-05:00,0.2240000069141388,0.2240000069141388,0.2240000069141388,0.2240000069141388,900,0.0,0.0
2013-02-20 00:00:00-05:00,0.20399999618530273,0.20399999618530273,0.20399999618530273,0.20399999618530273,400,0.0,0.0
2013-02-21 00:00:00-05:00,0.20399999618530273,0.20399999618530273,0.20399999618530273,0.20399999618530273,0,0.0,0.0
2013-02-22 00:00:00-05:00,0.2150000035762787,0.2150000035762787,0.20499999821186066,0.20499999821186066,9900,0.0,0.0
2013-02-25 00:00:00-05:00,0.20499999821186066,0.20499999821186066,0.20499999821186066,0.20499999821186066,200,0.0,0.0
2013-02-26 00:00:00-05:00,0.20499999821186066,0.20499999821186066,0.20499999821186066,0.20499999821186066,1000,0.0,0.0
2013-02-27 00:00:00-05:00,0.20499999821186066,0.22499999403953552,0.20499999821186066,0.22499999403953552,379800,0.0,0.0
2013-02-28 00:00:00-05:00,0.20999999344348907,0.20999999344348907,0.20999999344348907,0.20999999344348907,20000,0.0,0.0
2013-03-01 00:00:00-05:00,0.20999999344348907,0.20999999344348907,0.20999999344348907,0.20999999344348907,0,0.0,0.0
2013-03-04 00:00:00-05:00,0.19699999690055847,0.20200000703334808,0.19699999690055847,0.20200000703334808,61100,0.0,0.0
2013-03-05 00:00:00-05:00,0.20200000703334808,0.20200000703334808,0.20200000703334808,0.20200000703334808,0,0.0,0.0
2013-03-06 00:00:00-05:00,0.20200000703334808,0.20499999821186066,0.20200000703334808,0.20499999821186066,37900,0.0,0.0
2013-03-07 00:00:00-05:00,0.20499999821186066,0.20499999821186066,0.20499999821186066,0.20499999821186066,15300,0.0,0.0
2013-03-08 00:00:00-05:00,0.20999999344348907,0.20999999344348907,0.20999999344348907,0.20999999344348907,2500,0.0,0.0
2013-03-11 00:00:00-04:00,0.21400000154972076,0.2199999988079071,0.21400000154972076,0.2199999988079071,37500,0.0,0.0
2013-03-12 00:00:00-04:00,0.20999999344348907,0.2290000021457672,0.20999999344348907,0.2290000021457672,10800,0.0,0.0
2013-03-13 00:00:00-04:00,0.2290000021457672,0.2290000021457672,0.2290000021457672,0.2290000021457672,0,0.0,0.0
2013-03-14 00:00:00-04:00,0.2160000056028366,0.2160000056028366,0.2160000056028366,0.2160000056028366,1000,0.0,0.0
2013-03-15 00:00:00-04:00,0.23399999737739563,0.23499999940395355,0.23399999737739563,0.23499999940395355,1200,0.0,0.0
2013-03-18 00:00:00-04:00,0.23399999737739563,0.23399999737739563,0.20999999344348907,0.20999999344348907,9600,0.0,0.0
2013-03-19 00:00:00-04:00,0.20999999344348907,0.20999999344348907,0.20999999344348907,0.20999999344348907,0,0.0,0.0
2013-03-20 00:00:00-04:00,0.210999995470047,0.22699999809265137,0.20999999344348907,0.22699999809265137,104700,0.0,0.0
2013-03-21 00:00:00-04:00,0.22699999809265137,0.22699999809265137,0.22699999809265137,0.22699999809265137,0,0.0,0.0
2013-03-22 00:00:00-04:00,0.20600000023841858,0.20600000023841858,0.20600000023841858,0.20600000023841858,1000,0.0,0.0
2013-03-25 00:00:00-04:00,0.20600000023841858,0.20600000023841858,0.20600000023841858,0.20600000023841858,300,0.0,0.0
2013-03-26 00:00:00-04:00,0.22699999809265137,0.22699999809265137,0.20600000023841858,0.2199999988079071,84500,0.0,0.0
2013-03-27 00:00:00-04:00,0.2199999988079071,0.2199999988079071,0.2199999988079071,0.2199999988079071,9500,0.0,0.0
2013-03-28 00:00:00-04:00,0.2199999988079071,0.2199999988079071,0.2199999988079071,0.2199999988079071,0,0.0,0.0
2013-04-01 00:00:00-04:00,0.20999999344348907,0.20999999344348907,0.20999999344348907,0.20999999344348907,1400,0.0,0.0
2013-04-02 00:00:00-04:00,0.20999999344348907,0.20999999344348907,0.20999999344348907,0.20999999344348907,34000,0.0,0.0
2013-04-03 00:00:00-04:00,0.22599999606609344,0.22599999606609344,0.22599999606609344,0.22599999606609344,62500,0.0,0.0
2013-04-04 00:00:00-04:00,0.22599999606609344,0.22599999606609344,0.22599999606609344,0.22599999606609344,0,0.0,0.0
2013-04-05 00:00:00-04:00,0.22699999809265137,0.22699999809265137,0.22699999809265137,0.22699999809265137,6000,0.0,0.0
2013-04-08 00:00:00-04:00,0.23499999940395355,0.23499999940395355,0.23000000417232513,0.23000000417232513,125400,0.0,0.0
2013-04-09 00:00:00-04:00,0.23000000417232513,0.23999999463558197,0.23000000417232513,0.23000000417232513,139000,0.0,0.0
2013-04-10 00:00:00-04:00,0.25,0.25,0.25,0.25,2500,0.0,0.0
2013-04-11 00:00:00-04:00,0.23000000417232513,0.25,0.23000000417232513,0.25,62400,0.0,0.0
2013-04-12 00:00:00-04:00,0.23499999940395355,0.23499999940395355,0.23499999940395355,0.23499999940395355,600,0.0,0.0
2013-04-15 00:00:00-04:00,0.25,0.25,0.25,0.25,100,0.0,0.0
2013-04-16 00:00:00-04:00,0.23499999940395355,0.23499999940395355,0.23499999940395355,0.23499999940395355,2000,0.0,0.0
2013-04-17 00:00:00-04:00,0.23499999940395355,0.23499999940395355,0.23499999940395355,0.23499999940395355,15000,0.0,0.0
2013-04-18 00:00:00-04:00,0.23499999940395355,0.23499999940395355,0.2150000035762787,0.2150000035762787,17000,0.0,0.0
2013-04-19 00:00:00-04:00,0.21299999952316284,0.21299999952316284,0.20999999344348907,0.20999999344348907,163500,0.0,0.0
2013-04-22 00:00:00-04:00,0.20600000023841858,0.20999999344348907,0.1979999989271164,0.20000000298023224,325400,0.0,0.0
2013-04-23 00:00:00-04:00,0.20000000298023224,0.20999999344348907,0.1850000023841858,0.19499999284744263,36500,0.0,0.0
2013-04-24 00:00:00-04:00,0.20000000298023224,0.2199999988079071,0.20000000298023224,0.2199999988079071,82700,0.0,0.0
2013-04-25 00:00:00-04:00,0.20000000298023224,0.20000000298023224,0.1899999976158142,0.20000000298023224,54800,0.0,0.0
2013-04-26 00:00:00-04:00,0.20000000298023224,0.20000000298023224,0.20000000298023224,0.20000000298023224,0,0.0,0.0
2013-04-29 00:00:00-04:00,0.20999999344348907,0.21400000154972076,0.20000000298023224,0.20000000298023224,101400,0.0,0.0
2013-04-30 00:00:00-04:00,0.20999999344348907,0.23000000417232513,0.20999999344348907,0.23000000417232513,26000,0.0,0.0
2013-05-01 00:00:00-04:00,0.20200000703334808,0.20499999821186066,0.20200000703334808,0.20200000703334808,129000,0.0,0.0
2013-05-02 00:00:00-04:00,0.20200000703334808,0.20200000703334808,0.20200000703334808,0.20200000703334808,1000,0.0,0.0
2013-05-03 00:00:00-04:00,0.21400000154972076,0.22200000286102295,0.20200000703334808,0.20200000703334808,211000,0.0,0.0
2013-05-06 00:00:00-04:00,0.20200000703334808,0.20200000703334808,0.19599999487400055,0.19599999487400055,176300,0.0,0.0
2013-05-07 00:00:00-04:00,0.19599999487400055,0.19599999487400055,0.19599999487400055,0.19599999487400055,0,0.0,0.0
2013-05-08 00:00:00-04:00,0.19599999487400055,0.19599999487400055,0.19599999487400055,0.19599999487400055,0,0.0,0.0
2013-05-09 00:00:00-04:00,0.20000000298023224,0.20000000298023224,0.20000000298023224,0.20000000298023224,10000,0.0,0.0
2013-05-10 00:00:00-04:00,0.20000000298023224,0.20000000298023224,0.20000000298023224,0.20000000298023224,15400,0.0,0.0
2013-05-13 00:00:00-04:00,0.20000000298023224,0.21400000154972076,0.20000000298023224,0.20999999344348907,20900,0.0,0.0
2013-05-14 00:00:00-04:00,0.20000000298023224,0.20000000298023224,0.20000000298023224,0.20000000298023224,700,0.0,0.0
2013-05-15 00:00:00-04:00,0.20000000298023224,0.20000000298023224,0.20000000298023224,0.20000000298023224,19500,0.0,0.0
2013-05-16 00:00:00-04:00,0.20000000298023224,0.20399999618530273,0.20000000298023224,0.20000000298023224,40500,0.0,0.0
2013-05-17 00:00:00-04:00,0.21400000154972076,0.21400000154972076,0.21400000154972076,0.21400000154972076,5200,0.0,0.0
2013-05-20 00:00:00-04:00,0.20999999344348907,0.20999999344348907,0.20100000500679016,0.20100000500679016,4300,0.0,0.0
2013-05-21 00:00:00-04:00,0.21899999678134918,0.21899999678134918,0.20999999344348907,0.20999999344348907,2200,0.0,0.0
2013-05-22 00:00:00-04:00,0.20100000500679016,0.20999999344348907,0.20100000500679016,0.20999999344348907,6000,0.0,0.0
2013-05-23 00:00:00-04:00,0.20999999344348907,0.20999999344348907,0.20100000500679016,0.20100000500679016,9700,0.0,0.0
2013-05-24 00:00:00-04:00,0.20999999344348907,0.20999999344348907,0.20999999344348907,0.20999999344348907,10000,0.0,0.0
2013-05-28 00:00:00-04:00,0.20499999821186066,0.20999999344348907,0.20499999821186066,0.20999999344348907,15000,0.0,0.0
2013-05-29 00:00:00-04:00,0.20499999821186066,0.23000000417232513,0.20000000298023224,0.23000000417232513,122700,0.0,0.0
2013-05-30 00:00:00-04:00,0.23000000417232513,0.23000000417232513,0.20999999344348907,0.23000000417232513,56000,0.0,0.0
2013-05-31 00:00:00-04:00,0.20499999821186066,0.2199999988079071,0.20499999821186066,0.20600000023841858,42200,0.0,0.0
2013-06-03 00:00:00-04:00,0.2150000035762787,0.2150000035762787,0.20600000023841858,0.20600000023841858,20000,0.0,0.0
2013-06-04 00:00:00-04:00,0.20600000023841858,0.20600000023841858,0.20499999821186066,0.20499999821186066,12600,0.0,0.0
2013-06-05 00:00:00-04:00,0.20000000298023224,0.20999999344348907,0.20000000298023224,0.20499999821186066,74600,0.0,0.0
2013-06-06 00:00:00-04:00,0.2199999988079071,0.2199999988079071,0.1850000023841858,0.20999999344348907,31700,0.0,0.0
2013-06-07 00:00:00-04:00,0.20999999344348907,0.20999999344348907,0.20999999344348907,0.20999999344348907,124000,0.0,0.0
2013-06-10 00:00:00-04:00,0.20999999344348907,0.20999999344348907,0.20999999344348907,0.20999999344348907,0,0.0,0.0
2013-06-11 00:00:00-04:00,0.20999999344348907,0.20999999344348907,0.20999999344348907,0.20999999344348907,0,0.0,0.0
2013-06-12 00:00:00-04:00,0.2150000035762787,0.2199999988079071,0.21400000154972076,0.2199999988079071,25500,0.0,0.0
2013-06-13 00:00:00-04:00,0.20999999344348907,0.20999999344348907,0.20999999344348907,0.20999999344348907,20000,0.0,0.0
2013-06-14 00:00:00-04:00,0.20999999344348907,0.20999999344348907,0.20999999344348907,0.20999999344348907,12500,0.0,0.0
2013-06-17 00:00:00-04:00,0.2199999988079071,0.2199999988079071,0.2199999988079071,0.2199999988079071,4600,0.0,0.0
2013-06-18 00:00:00-04:00,0.20499999821186066,0.20499999821186066,0.20499999821186066,0.20499999821186066,1500,0.0,0.0
2013-06-19 00:00:00-04:00,0.20499999821186066,0.20499999821186066,0.20499999821186066,0.20499999821186066,0,0.0,0.0
2013-06-20 00:00:00-04:00,0.20499999821186066,0.20499999821186066,0.20499999821186066,0.20499999821186066,0,0.0,0.0
2013-06-21 00:00:00-04:00,0.20499999821186066,0.20499999821186066,0.20499999821186066,0.20499999821186066,0,0.0,0.0
2013-06-24 00:00:00-04:00,0.20499999821186066,0.2150000035762787,0.20499999821186066,0.2150000035762787,50000,0.0,0.0
2013-06-25 00:00:00-04:00,0.2150000035762787,0.2150000035762787,0.2150000035762787,0.2150000035762787,0,0.0,0.0
2013-06-26 00:00:00-04:00,0.20499999821186066,0.20499999821186066,0.20000000298023224,0.20000000298023224,102500,0.0,0.0
2013-06-27 00:00:00-04:00,0.20000000298023224,0.20000000298023224,0.20000000298023224,0.20000000298023224,0,0.0,0.0
2013-06-28 00:00:00-04:00,0.20000000298023224,0.20000000298023224,0.20000000298023224,0.20000000298023224,0,0.0,0.0
2013-07-01 00:00:00-04:00,0.20000000298023224,0.20000000298023224,0.20000000298023224,0.20000000298023224,500,0.0,0.0
2013-07-02 00:00:00-04:00,0.20000000298023224,0.20000000298023224,0.20000000298023224,0.20000000298023224,0,0.0,0.0
2013-07-03 00:00:00-04:00,0.20000000298023224,0.20999999344348907,0.20000000298023224,0.20999999344348907,3400,0.0,0.0
2013-07-05 00:00:00-04:00,0.20999999344348907,0.22499999403953552,0.20999999344348907,0.22499999403953552,101500,0.0,0.0
2013-07-08 00:00:00-04:00,0.22499999403953552,0.22499999403953552,0.22499999403953552,0.22499999403953552,0,0.0,0.0
2013-07-09 00:00:00-04:00,0.22499999403953552,0.22499999403953552,0.22499999403953552,0.22499999403953552,0,0.0,0.0
2013-07-10 00:00:00-04:00,0.20999999344348907,0.22499999403953552,0.20100000500679016,0.22499999403953552,72300,0.0,0.0
2013-07-11 00:00:00-04:00,0.22200000286102295,0.22499999403953552,0.22200000286102295,0.22499999403953552,16500,0.0,0.0
2013-07-12 00:00:00-04:00,0.20200000703334808,0.20200000703334808,0.20200000703334808,0.20200000703334808,1000,0.0,0.0
2013-07-15 00:00:00-04:00,0.2029999941587448,0.2029999941587448,0.2029999941587448,0.2029999941587448,65000,0.0,0.0
2013-07-16 00:00:00-04:00,0.2150000035762787,0.2150000035762787,0.2029999941587448,0.2029999941587448,22500,0.0,0.0
2013-07-17 00:00:00-04:00,0.2029999941587448,0.20999999344348907,0.2029999941587448,0.20999999344348907,36000,0.0,0.0
2013-07-18 00:00:00-04:00,0.20999999344348907,0.20999999344348907,0.20999999344348907,0.20999999344348907,0,0.0,0.0
2013-07-19 00:00:00-04:00,0.2029999941587448,0.2029999941587448,0.2029999941587448,0.2029999941587448,1700,0.0,0.0
2013-07-22 00:00:00-04:00,0.2029999941587448,0.2029999941587448,0.20200000703334808,0.20200000703334808,80300,0.0,0.0
2013-07-23 00:00:00-04:00,0.20999999344348907,0.20999999344348907,0.20999999344348907,0.20999999344348907,29500,0.0,0.0
2013-07-24 00:00:00-04:00,0.21899999678134918,0.21899999678134918,0.20100000500679016,0.20999999344348907,61200,0.0,0.0
2013-07-25 00:00:00-04:00,0.20499999821186066,0.20499999821186066,0.20499999821186066,0.20499999821186066,10000,0.0,0.0
2013-07-26 00:00:00-04:00,0.20499999821186066,0.20499999821186066,0.20499999821186066,0.20499999821186066,0,0.0,0.0
2013-07-29 00:00:00-04:00,0.20999999344348907,0.2150000035762787,0.20499999821186066,0.20499999821186066,70600,0.0,0.0
2013-07-30 00:00:00-04:00,0.20999999344348907,0.20999999344348907,0.20499999821186066,0.20499999821186066,82300,0.0,0.0
2013-07-31 00:00:00-04:00,0.20999999344348907,0.2150000035762787,0.20999999344348907,0.2150000035762787,50000,0.0,0.0
2013-08-01 00:00:00-04:00,0.2150000035762787,0.2150000035762787,0.20000000298023224,0.20999999344348907,184100,0.0,0.0
2013-08-02 00:00:00-04:00,0.2150000035762787,0.23499999940395355,0.2150000035762787,0.23000000417232513,13400,0.0,0.0
2013-08-05 00:00:00-04:00,0.23000000417232513,0.23000000417232513,0.23000000417232513,0.23000000417232513,0,0.0,0.0
2013-08-06 00:00:00-04:00,0.22499999403953552,0.2290000021457672,0.22499999403953552,0.2290000021457672,21500,0.0,0.0
2013-08-07 00:00:00-04:00,0.20999999344348907,0.23000000417232513,0.20999999344348907,0.23000000417232513,165000,0.0,0.0
2013-08-08 00:00:00-04:00,0.23000000417232513,0.23000000417232513,0.20000000298023224,0.20000000298023224,5500,0.0,0.0
2013-08-09 00:00:00-04:00,0.23999999463558197,0.23999999463558197,0.23999999463558197,0.23999999463558197,3000,0.0,0.0
2013-08-12 00:00:00-04:00,0.23499999940395355,0.23499999940395355,0.2199999988079071,0.2199999988079071,11500,0.0,0.0
2013-08-13 00:00:00-04:00,0.2199999988079071,0.2199999988079071,0.2199999988079071,0.2199999988079071,0,0.0,0.0
2013-08-14 00:00:00-04:00,0.2199999988079071,0.2199999988079071,0.2199999988079071,0.2199999988079071,0,0.0,0.0
2013-08-15 00:00:00-04:00,0.20999999344348907,0.22499999403953552,0.20600000023841858,0.22499999403953552,34000,0.0,0.0
2013-08-16 00:00:00-04:00,0.20999999344348907,0.20999999344348907,0.20999999344348907,0.20999999344348907,10000,0.0,0.0
2013-08-19 00:00:00-04:00,0.20999999344348907,0.20999999344348907,0.20999999344348907,0.20999999344348907,2700,0.0,0.0
2013-08-20 00:00:00-04:00,0.23999999463558197,0.23999999463558197,0.21400000154972076,0.21400000154972076,47700,0.0,0.0
2013-08-21 00:00:00-04:00,0.21400000154972076,0.21400000154972076,0.21400000154972076,0.21400000154972076,0,0.0,0.0
2013-08-22 00:00:00-04:00,0.21400000154972076,0.21400000154972076,0.21400000154972076,0.21400000154972076,1500,0.0,0.0
2013-08-23 00:00:00-04:00,0.21400000154972076,0.21400000154972076,0.21400000154972076,0.21400000154972076,0,0.0,0.0
2013-08-26 00:00:00-04:00,0.2150000035762787,0.2150000035762787,0.2150000035762787,0.2150000035762787,7000,0.0,0.0
2013-08-27 00:00:00-04:00,0.2150000035762787,0.2150000035762787,0.2150000035762787,0.2150000035762787,0,0.0,0.0
2013-08-28 00:00:00-04:00,0.2150000035762787,0.2150000035762787,0.2150000035762787,0.2150000035762787,6800,0.0,0.0
2013-08-29 00:00:00-04:00,0.2150000035762787,0.2150000035762787,0.2150000035762787,0.2150000035762787,0,0.0,0.0
2013-08-30 00:00:00-04:00,0.2150000035762787,0.2150000035762787,0.2150000035762787,0.2150000035762787,0,0.0,0.0
2013-09-03 00:00:00-04:00,0.22599999606609344,0.22599999606609344,0.22599999606609344,0.22599999606609344,5000,0.0,0.0
2013-09-04 00:00:00-04:00,0.22599999606609344,0.22599999606609344,0.22599999606609344,0.22599999606609344,0,0.0,0.0
2013-09-05 00:00:00-04:00,0.21699999272823334,0.23000000417232513,0.20999999344348907,0.23000000417232513,31100,0.0,0.0
2013-09-06 00:00:00-04:00,0.23000000417232513,0.23000000417232513,0.23000000417232513,0.23000000417232513,0,0.0,0.0
2013-09-09 00:00:00-04:00,0.23000000417232513,0.23399999737739563,0.20999999344348907,0.23000000417232513,39800,0.0,0.0
2013-09-10 00:00:00-04:00,0.23000000417232513,0.23000000417232513,0.23000000417232513,0.23000000417232513,4800,0.0,0.0
2013-09-11 00:00:00-04:00,0.2199999988079071,0.2199999988079071,0.2199999988079071,0.2199999988079071,4400,0.0,0.0
2013-09-12 00:00:00-04:00,0.23000000417232513,0.23000000417232513,0.23000000417232513,0.23000000417232513,6200,0.0,0.0
2013-09-13 00:00:00-04:00,0.23000000417232513,0.23000000417232513,0.23000000417232513,0.23000000417232513,11400,0.0,0.0
2013-09-16 00:00:00-04:00,0.2199999988079071,0.23499999940395355,0.2199999988079071,0.23399999737739563,32500,0.0,0.0
2013-09-17 00:00:00-04:00,0.23499999940395355,0.23499999940395355,0.23499999940395355,0.23499999940395355,600,0.0,0.0
2013-09-18 00:00:00-04:00,0.23000000417232513,0.23499999940395355,0.23000000417232513,0.23499999940395355,3900,0.0,0.0
2013-09-19 00:00:00-04:00,0.23499999940395355,0.23499999940395355,0.20999999344348907,0.2150000035762787,20200,0.0,0.0
2013-09-20 00:00:00-04:00,0.2150000035762787,0.2150000035762787,0.20999999344348907,0.20999999344348907,11000,0.0,0.0
2013-09-23 00:00:00-04:00,0.23899999260902405,0.23899999260902405,0.2150000035762787,0.2150000035762787,3500,0.0,0.0
2013-09-24 00:00:00-04:00,0.23499999940395355,0.23499999940395355,0.23000000417232513,0.23000000417232513,15000,0.0,0.0
2013-09-25 00:00:00-04:00,0.2199999988079071,0.23499999940395355,0.21199999749660492,0.23499999940395355,49500,0.0,0.0
2013-09-26 00:00:00-04:00,0.22499999403953552,0.22499999403953552,0.22499999403953552,0.22499999403953552,7500,0.0,0.0
2013-09-27 00:00:00-04:00,0.22499999403953552,0.22499999403953552,0.22499999403953552,0.22499999403953552,0,0.0,0.0
2013-09-30 00:00:00-04:00,0.22499999403953552,0.23999999463558197,0.20999999344348907,0.23999999463558197,32000,0.0,0.0
2013-10-01 00:00:00-04:00,0.23999999463558197,0.23999999463558197,0.23999999463558197,0.23999999463558197,0,0.0,0.0
2013-10-02 00:00:00-04:00,0.23499999940395355,0.23499999940395355,0.23499999940395355,0.23499999940395355,25000,0.0,0.0
2013-10-03 00:00:00-04:00,0.23499999940395355,0.23499999940395355,0.23499999940395355,0.23499999940395355,0,0.0,0.0
2013-10-04 00:00:00-04:00,0.23499999940395355,0.23499999940395355,0.23499999940395355,0.23499999940395355,12000,0.0,0.0
2013-10-07 00:00:00-04:00,0.23499999940395355,0.23499999940395355,0.23499999940395355,0.23499999940395355,0,0.0,0.0
2013-10-08 00:00:00-04:00,0.23000000417232513,0.23000000417232513,0.23000000417232513,0.23000000417232513,25000,0.0,0.0
2013-10-09 00:00:00-04:00,0.23000000417232513,0.23000000417232513,0.23000000417232513,0.23000000417232513,0,0.0,0.0
2013-10-10 00:00:00-04:00,0.23000000417232513,0.23000000417232513,0.23000000417232513,0.23000000417232513,0,0.0,0.0
2013-10-11 00:00:00-04:00,0.23000000417232513,0.23000000417232513,0.23000000417232513,0.23000000417232513,7000,0.0,0.0
2013-10-14 00:00:00-04:00,0.23000000417232513,0.23000000417232513,0.23000000417232513,0.23000000417232513,0,0.0,0.0
2013-10-15 00:00:00-04:00,0.23000000417232513,0.23000000417232513,0.20000000298023224,0.20000000298023224,131000,0.0,0.0
2013-10-16 00:00:00-04:00,0.20000000298023224,0.23999999463558197,0.1899999976158142,0.22300000488758087,104500,0.0,0.0
2013-10-17 00:00:00-04:00,0.22300000488758087,0.22300000488758087,0.22300000488758087,0.22300000488758087,27500,0.0,0.0
2013-10-18 00:00:00-04:00,0.20000000298023224,0.2199999988079071,0.1979999989271164,0.20000000298023224,135000,0.0,0.0
2013-10-21 00:00:00-04:00,0.20000000298023224,0.20000000298023224,0.20000000298023224,0.20000000298023224,26300,0.0,0.0
2013-10-22 00:00:00-04:00,0.20000000298023224,0.2199999988079071,0.20000000298023224,0.21799999475479126,78000,0.0,0.0
2013-10-23 00:00:00-04:00,0.21799999475479126,0.21799999475479126,0.21799999475479126,0.21799999475479126,0,0.0,0.0
2013-10-24 00:00:00-04:00,0.20999999344348907,0.20999999344348907,0.20999999344348907,0.20999999344348907,5000,0.0,0.0
2013-10-25 00:00:00-04:00,0.20800000429153442,0.20800000429153442,0.20000000298023224,0.20100000500679016,15600,0.0,0.0
2013-10-28 00:00:00-04:00,0.20100000500679016,0.20100000500679016,0.20100000500679016,0.20100000500679016,0,0.0,0.0
2013-10-29 00:00:00-04:00,0.20999999344348907,0.20999999344348907,0.20999999344348907,0.20999999344348907,10000,0.0,0.0
2013-10-30 00:00:00-04:00,0.20999999344348907,0.20999999344348907,0.20999999344348907,0.20999999344348907,0,0.0,0.0
2013-10-31 00:00:00-04:00,0.20999999344348907,0.20999999344348907,0.20999999344348907,0.20999999344348907,0,0.0,0.0
2013-11-01 00:00:00-04:00,0.20999999344348907,0.20999999344348907,0.20999999344348907,0.20999999344348907,0,0.0,0.0
2013-11-04 00:00:00-05:00,0.20999999344348907,0.2199999988079071,0.20999999344348907,0.2199999988079071,32300,0.0,0.0
2013-11-05 00:00:00-05:00,0.2199999988079071,0.2199999988079071,0.2199999988079071,0.2199999988079071,0,0.0,0.0
2013-11-06 00:00:00-05:00,0.20999999344348907,0.20999999344348907,0.20999999344348907,0.20999999344348907,6000,0.0,0.0
2013-11-07 00:00:00-05:00,0.20999999344348907,0.20999999344348907,0.20999999344348907,0.20999999344348907,10000,0.0,0.0
2013-11-08 00:00:00-05:00,0.20999999344348907,0.20999999344348907,0.20999999344348907,0.20999999344348907,15000,0.0,0.0
2013-11-11 00:00:00-05:00,0.20999999344348907,0.20999999344348907,0.20999999344348907,0.20999999344348907,1000,0.0,0.0
2013-11-12 00:00:00-05:00,0.2199999988079071,0.2199999988079071,0.2199999988079071,0.2199999988079071,40300,0.0,0.0
2013-11-13 00:00:00-05:00,0.2199999988079071,0.2199999988079071,0.2199999988079071,0.2199999988079071,0,0.0,0.0
2013-11-14 00:00:00-05:00,0.2199999988079071,0.2199999988079071,0.2199999988079071,0.2199999988079071,0,0.0,0.0
2013-11-15 00:00:00-05:00,0.20999999344348907,0.20999999344348907,0.20999999344348907,0.20999999344348907,79300,0.0,0.0
2013-11-18 00:00:00-05:00,0.20999999344348907,0.20999999344348907,0.20999999344348907,0.20999999344348907,0,0.0,0.0
2013-11-19 00:00:00-05:00,0.20999999344348907,0.20999999344348907,0.20999999344348907,0.20999999344348907,0,0.0,0.0
2013-11-20 00:00:00-05:00,0.20999999344348907,0.20999999344348907,0.20999999344348907,0.20999999344348907,0,0.0,0.0
2013-11-21 00:00:00-05:00,0.20999999344348907,0.20999999344348907,0.20999999344348907,0.20999999344348907,0,0.0,0.0
2013-11-22 00:00:00-05:00,0.20999999344348907,0.20999999344348907,0.20999999344348907,0.20999999344348907,0,0.0,0.0
2013-11-25 00:00:00-05:00,0.20499999821186066,0.20499999821186066,0.20499999821186066,0.20499999821186066,30000,0.0,0.0
2013-11-26 00:00:00-05:00,0.20499999821186066,0.20499999821186066,0.20499999821186066,0.20499999821186066,0,0.0,0.0
2013-11-27 00:00:00-05:00,0.20499999821186066,0.20499999821186066,0.20499999821186066,0.20499999821186066,0,0.0,0.0
2013-11-29 00:00:00-05:00,0.20499999821186066,0.20499999821186066,0.20499999821186066,0.20499999821186066,0,0.0,0.0
2013-12-02 00:00:00-05:00,0.20499999821186066,0.20499999821186066,0.20499999821186066,0.20499999821186066,0,0.0,0.0
2013-12-03 00:00:00-05:00,0.19599999487400055,0.20100000500679016,0.19099999964237213,0.20000000298023224,172900,0.0,0.0
2013-12-04 00:00:00-05:00,0.18199999630451202,0.18199999630451202,0.18199999630451202,0.18199999630451202,57100,0.0,0.0
2013-12-05 00:00:00-05:00,0.2199999988079071,0.2199999988079071,0.2199999988079071,0.2199999988079071,500,0.0,0.0
2013-12-06 00:00:00-05:00,0.2199999988079071,0.2199999988079071,0.2199999988079071,0.2199999988079071,0,0.0,0.0
2013-12-09 00:00:00-05:00,0.20000000298023224,0.20999999344348907,0.20000000298023224,0.20999999344348907,18500,0.0,0.0
2013-12-10 00:00:00-05:00,0.20999999344348907,0.20999999344348907,0.20999999344348907,0.20999999344348907,2800,0.0,0.0
2013-12-11 00:00:00-05:00,0.20999999344348907,0.20999999344348907,0.20999999344348907,0.20999999344348907,0,0.0,0.0
2013-12-12 00:00:00-05:00,0.20000000298023224,0.20000000298023224,0.20000000298023224,0.20000000298023224,5000,0.0,0.0
2013-12-13 00:00:00-05:00,0.20000000298023224,0.20000000298023224,0.20000000298023224,0.20000000298023224,0,0.0,0.0
2013-12-16 00:00:00-05:00,0.20000000298023224,0.20000000298023224,0.20000000298023224,0.20000000298023224,0,0.0,0.0
2013-12-17 00:00:00-05:00,0.20000000298023224,0.20000000298023224,0.20000000298023224,0.20000000298023224,14500,0.0,0.0
2013-12-18 00:00:00-05:00,0.20000000298023224,0.20999999344348907,0.20000000298023224,0.20999999344348907,7700,0.0,0.0
2013-12-19 00:00:00-05:00,0.20000000298023224,0.20000000298023224,0.20000000298023224,0.20000000298023224,2000,0.0,0.0
2013-12-20 00:00:00-05:00,0.20000000298023224,0.20000000298023224,0.20000000298023224,0.20000000298023224,0,0.0,0.0
2013-12-23 00:00:00-05:00,0.20000000298023224,0.20000000298023224,0.20000000298023224,0.20000000298023224,0,0.0,0.0
2013-12-24 00:00:00-05:00,0.20000000298023224,0.20000000298023224,0.20000000298023224,0.20000000298023224,0,0.0,0.0
2013-12-26 00:00:00-05:00,0.20999999344348907,0.20999999344348907,0.20999999344348907,0.20999999344348907,20400,0.0,0.0
2013-12-27 00:00:00-05:00,0.20800000429153442,0.20999999344348907,0.20800000429153442,0.20999999344348907,18300,0.0,0.0
2013-12-30 00:00:00-05:00,0.21899999678134918,0.21899999678134918,0.20000000298023224,0.20000000298023224,4900,0.0,0.0
2013-12-31 00:00:00-05:00,0.21899999678134918,0.21899999678134918,0.21899999678134918,0.21899999678134918,1400,0.0,0.0
2014-01-02 00:00:00-05:00,0.20999999344348907,0.20999999344348907,0.20000000298023224,0.20000000298023224,7000,0.0,0.0
2014-01-03 00:00:00-05:00,0.21899999678134918,0.21899999678134918,0.21899999678134918,0.21899999678134918,500,0.0,0.0
2014-01-06 00:00:00-05:00,0.21899999678134918,0.21899999678134918,0.21899999678134918,0.21899999678134918,0,0.0,0.0
2014-01-07 00:00:00-05:00,0.21899999678134918,0.21899999678134918,0.21899999678134918,0.21899999678134918,400,0.0,0.0
2014-01-08 00:00:00-05:00,0.21899999678134918,0.21899999678134918,0.21899999678134918,0.21899999678134918,0,0.0,0.0
2014-01-09 00:00:00-05:00,0.20999999344348907,0.20999999344348907,0.20999999344348907,0.20999999344348907,5000,0.0,0.0
2014-01-10 00:00:00-05:00,0.20999999344348907,0.20999999344348907,0.20999999344348907,0.20999999344348907,0,0.0,0.0
2014-01-13 00:00:00-05:00,0.20999999344348907,0.20999999344348907,0.20999999344348907,0.20999999344348907,2700,0.0,0.0
2014-01-14 00:00:00-05:00,0.20499999821186066,0.2199999988079071,0.19099999964237213,0.2199999988079071,197500,0.0,0.0
2014-01-15 00:00:00-05:00,0.2199999988079071,0.2199999988079071,0.2199999988079071,0.2199999988079071,8500,0.0,0.0
2014-01-16 00:00:00-05:00,0.2150000035762787,0.2150000035762787,0.2150000035762787,0.2150000035762787,2000,0.0,0.0
2014-01-17 00:00:00-05:00,0.2199999988079071,0.22499999403953552,0.2199999988079071,0.2199999988079071,186000,0.0,0.0
2014-01-21 00:00:00-05:00,0.2150000035762787,0.2280000001192093,0.2150000035762787,0.2280000001192093,1200,0.0,0.0
2014-01-22 00:00:00-05:00,0.22499999403953552,0.22499999403953552,0.22499999403953552,0.22499999403953552,1000,0.0,0.0
2014-01-23 00:00:00-05:00,0.2150000035762787,0.22499999403953552,0.2150000035762787,0.22499999403953552,6000,0.0,0.0
2014-01-24 00:00:00-05:00,0.22499999403953552,0.22499999403953552,0.2199999988079071,0.22499999403953552,13200,0.0,0.0
2014-01-27 00:00:00-05:00,0.22499999403953552,0.22499999403953552,0.22499999403953552,0.22499999403953552,0,0.0,0.0
2014-01-28 00:00:00-05:00,0.22499999403953552,0.22499999403953552,0.22499999403953552,0.22499999403953552,0,0.0,0.0
2014-01-29 00:00:00-05:00,0.22300000488758087,0.22300000488758087,0.22300000488758087,0.22300000488758087,1000,0.0,0.0
2014-01-30 00:00:00-05:00,0.2150000035762787,0.2150000035762787,0.2150000035762787,0.2150000035762787,1000,0.0,0.0
2014-01-31 00:00:00-05:00,0.22300000488758087,0.22300000488758087,0.22300000488758087,0.22300000488758087,17400,0.0,0.0
2014-02-03 00:00:00-05:00,0.22499999403953552,0.22499999403953552,0.20999999344348907,0.20999999344348907,31000,0.0,0.0
2014-02-04 00:00:00-05:00,0.21799999475479126,0.21799999475479126,0.21799999475479126,0.21799999475479126,5000,0.0,0.0
2014-02-05 00:00:00-05:00,0.21799999475479126,0.21799999475479126,0.21799999475479126,0.21799999475479126,0,0.0,0.0
2014-02-06 00:00:00-05:00,0.22499999403953552,0.22499999403953552,0.22499999403953552,0.22499999403953552,5100,0.0,0.0
2014-02-07 00:00:00-05:00,0.22499999403953552,0.22499999403953552,0.22499999403953552,0.22499999403953552,2000,0.0,0.0
2014-02-10 00:00:00-05:00,0.22499999403953552,0.22499999403953552,0.22499999403953552,0.22499999403953552,23400,0.0,0.0
2014-02-11 00:00:00-05:00,0.22499999403953552,0.22499999403953552,0.22499999403953552,0.22499999403953552,0,0.0,0.0
2014-02-12 00:00:00-05:00,0.22499999403953552,0.22499999403953552,0.22499999403953552,0.22499999403953552,0,0.0,0.0
2014-02-13 00:00:00-05:00,0.22499999403953552,0.22499999403953552,0.22499999403953552,0.22499999403953552,0,0.0,0.0
2014-02-14 00:00:00-05:00,0.22499999403953552,0.22499999403953552,0.22499999403953552,0.22499999403953552,0,0.0,0.0
2014-02-18 00:00:00-05:00,0.2150000035762787,0.2150000035762787,0.2150000035762787,0.2150000035762787,5000,0.0,0.0
2014-02-19 00:00:00-05:00,0.2150000035762787,0.2150000035762787,0.2150000035762787,0.2150000035762787,0,0.0,0.0
2014-02-20 00:00:00-05:00,0.2150000035762787,0.2150000035762787,0.2150000035762787,0.2150000035762787,1000,0.0,0.0
2014-02-21 00:00:00-05:00,0.21400000154972076,0.2199999988079071,0.21400000154972076,0.2199999988079071,6000,0.0,0.0
2014-02-24 00:00:00-05:00,0.2199999988079071,0.2199999988079071,0.2199999988079071,0.2199999988079071,0,0.0,0.0
2014-02-25 00:00:00-05:00,0.20999999344348907,0.20999999344348907,0.20999999344348907,0.20999999344348907,5100,0.0,0.0
2014-02-26 00:00:00-05:00,0.2199999988079071,0.2199999988079071,0.20999999344348907,0.20999999344348907,3500,0.0,0.0
2014-02-27 00:00:00-05:00,0.20999999344348907,0.20999999344348907,0.20999999344348907,0.20999999344348907,10500,0.0,0.0
2014-02-28 00:00:00-05:00,0.20999999344348907,0.20999999344348907,0.20999999344348907,0.20999999344348907,0,0.0,0.0
2014-03-03 00:00:00-05:00,0.20000000298023224,0.20000000298023224,0.20000000298023224,0.20000000298023224,16000,0.0,0.0
2014-03-04 00:00:00-05:00,0.20000000298023224,0.21199999749660492,0.20000000298023224,0.21199999749660492,5500,0.0,0.0
2014-03-05 00:00:00-05:00,0.21199999749660492,0.21199999749660492,0.21199999749660492,0.21199999749660492,1000,0.0,0.0
2014-03-06 00:00:00-05:00,0.20999999344348907,0.21199999749660492,0.20999999344348907,0.21199999749660492,13600,0.0,0.0
2014-03-07 00:00:00-05:00,0.20999999344348907,0.20999999344348907,0.20999999344348907,0.20999999344348907,100,0.0,0.0
2014-03-10 00:00:00-04:00,0.20999999344348907,0.20999999344348907,0.20999999344348907,0.20999999344348907,0,0.0,0.0
2014-03-11 00:00:00-04:00,0.19499999284744263,0.19499999284744263,0.19499999284744263,0.19499999284744263,1000,0.0,0.0
2014-03-12 00:00:00-04:00,0.19499999284744263,0.19499999284744263,0.19499999284744263,0.19499999284744263,0,0.0,0.0
2014-03-13 00:00:00-04:00,0.19499999284744263,0.19499999284744263,0.19499999284744263,0.19499999284744263,6500,0.0,0.0
2014-03-14 00:00:00-04:00,0.19499999284744263,0.19499999284744263,0.19499999284744263,0.19499999284744263,0,0.0,0.0
2014-03-17 00:00:00-04:00,0.19499999284744263,0.19499999284744263,0.19499999284744263,0.19499999284744263,800,0.0,0.0
2014-03-18 00:00:00-04:00,0.20999999344348907,0.21199999749660492,0.20000000298023224,0.20000000298023224,21200,0.0,0.0
2014-03-19 00:00:00-04:00,0.20000000298023224,0.20000000298023224,0.20000000298023224,0.20000000298023224,0,0.0,0.0
2014-03-20 00:00:00-04:00,0.20600000023841858,0.20600000023841858,0.19499999284744263,0.19499999284744263,53500,0.0,0.0
2014-03-21 00:00:00-04:00,0.19499999284744263,0.19499999284744263,0.19499999284744263,0.19499999284744263,0,0.0,0.0
2014-03-24 00:00:00-04:00,0.19499999284744263,0.19499999284744263,0.19499999284744263,0.19499999284744263,0,0.0,0.0
2014-03-25 00:00:00-04:00,0.19499999284744263,0.19499999284744263,0.19499999284744263,0.19499999284744263,0,0.0,0.0
2014-03-26 00:00:00-04:00,0.19499999284744263,0.19499999284744263,0.19499999284744263,0.19499999284744263,0,0.0,0.0
2014-03-27 00:00:00-04:00,0.19499999284744263,0.19499999284744263,0.19499999284744263,0.19499999284744263,0,0.0,0.0
2014-03-28 00:00:00-04:00,0.19499999284744263,0.19499999284744263,0.19499999284744263,0.19499999284744263,0,0.0,0.0
2014-03-31 00:00:00-04:00,0.20499999821186066,0.20499999821186066,0.20000000298023224,0.20000000298023224,30000,0.0,0.0
2014-04-01 00:00:00-04:00,0.20000000298023224,0.20000000298023224,0.20000000298023224,0.20000000298023224,10000,0.0,0.0
2014-04-02 00:00:00-04:00,0.20499999821186066,0.21199999749660492,0.20499999821186066,0.21199999749660492,13100,0.0,0.0
2014-04-03 00:00:00-04:00,0.20999999344348907,0.20999999344348907,0.20999999344348907,0.20999999344348907,10000,0.0,0.0
2014-04-04 00:00:00-04:00,0.21199999749660492,0.21199999749660492,0.21199999749660492,0.21199999749660492,500,0.0,0.0
2014-04-07 00:00:00-04:00,0.20499999821186066,0.21199999749660492,0.20000000298023224,0.20000000298023224,6000,0.0,0.0
2014-04-08 00:00:00-04:00,0.20000000298023224,0.20000000298023224,0.20000000298023224,0.20000000298023224,0,0.0,0.0
2014-04-09 00:00:00-04:00,0.20000000298023224,0.20000000298023224,0.20000000298023224,0.20000000298023224,0,0.0,0.0
2014-04-10 00:00:00-04:00,0.20000000298023224,0.20000000298023224,0.20000000298023224,0.20000000298023224,0,0.0,0.0
2014-04-11 00:00:00-04:00,0.20000000298023224,0.20000000298023224,0.20000000298023224,0.20000000298023224,0,0.0,0.0
2014-04-14 00:00:00-04:00,0.20000000298023224,0.20000000298023224,0.20000000298023224,0.20000000298023224,0,0.0,0.0
2014-04-15 00:00:00-04:00,0.20000000298023224,0.20000000298023224,0.20000000298023224,0.20000000298023224,0,0.0,0.0
2014-04-16 00:00:00-04:00,0.20600000023841858,0.20600000023841858,0.20600000023841858,0.20600000023841858,1000,0.0,0.0
2014-04-17 00:00:00-04:00,0.2199999988079071,0.2199999988079071,0.21199999749660492,0.21199999749660492,3500,0.0,0.0
2014-04-21 00:00:00-04:00,0.21199999749660492,0.21199999749660492,0.21199999749660492,0.21199999749660492,0,0.0,0.0
2014-04-22 00:00:00-04:00,0.21199999749660492,0.21199999749660492,0.21199999749660492,0.21199999749660492,0,0.0,0.0
2014-04-23 00:00:00-04:00,0.21199999749660492,0.21199999749660492,0.21199999749660492,0.21199999749660492,1300,0.0,0.0
2014-04-24 00:00:00-04:00,0.21199999749660492,0.21199999749660492,0.21199999749660492,0.21199999749660492,0,0.0,0.0
2014-04-25 00:00:00-04:00,0.21199999749660492,0.21199999749660492,0.21199999749660492,0.21199999749660492,0,0.0,0.0
2014-04-28 00:00:00-04:00,0.20000000298023224,0.20000000298023224,0.20000000298023224,0.20000000298023224,1500,0.0,0.0
2014-04-29 00:00:00-04:00,0.20100000500679016,0.20100000500679016,0.20100000500679016,0.20100000500679016,1000,0.0,0.0
2014-04-30 00:00:00-04:00,0.20999999344348907,0.20999999344348907,0.20999999344348907,0.20999999344348907,21800,0.0,0.0
2014-05-01 00:00:00-04:00,0.20999999344348907,0.20999999344348907,0.20999999344348907,0.20999999344348907,7400,0.0,0.0
2014-05-02 00:00:00-04:00,0.20999999344348907,0.20999999344348907,0.20999999344348907,0.20999999344348907,0,0.0,0.0
2014-05-05 00:00:00-04:00,0.20000000298023224,0.20000000298023224,0.20000000298023224,0.20000000298023224,25000,0.0,0.0
2014-05-06 00:00:00-04:00,0.20000000298023224,0.20000000298023224,0.20000000298023224,0.20000000298023224,0,0.0,0.0
2014-05-07 00:00:00-04:00,0.20000000298023224,0.20000000298023224,0.20000000298023224,0.20000000298023224,0,0.0,0.0
2014-05-08 00:00:00-04:00,0.20000000298023224,0.20000000298023224,0.20000000298023224,0.20000000298023224,0,0.0,0.0
2014-05-09 00:00:00-04:00,0.20000000298023224,0.20000000298023224,0.20000000298023224,0.20000000298023224,0,0.0,0.0
2014-05-12 00:00:00-04:00,0.20000000298023224,0.20000000298023224,0.20000000298023224,0.20000000298023224,0,0.0,0.0
2014-05-13 00:00:00-04:00,0.20000000298023224,0.20000000298023224,0.20000000298023224,0.20000000298023224,2000,0.0,0.0
2014-05-14 00:00:00-04:00,0.20000000298023224,0.20000000298023224,0.20000000298023224,0.20000000298023224,0,0.0,0.0
2014-05-15 00:00:00-04:00,0.2199999988079071,0.2199999988079071,0.2199999988079071,0.2199999988079071,5000,0.0,0.0
2014-05-16 00:00:00-04:00,0.2199999988079071,0.2199999988079071,0.15600000321865082,0.15600000321865082,17100,0.0,0.0
2014-05-19 00:00:00-04:00,0.1720000058412552,0.20000000298023224,0.1720000058412552,0.20000000298023224,5400,0.0,0.0
2014-05-20 00:00:00-04:00,0.20000000298023224,0.20000000298023224,0.20000000298023224,0.20000000298023224,0,0.0,0.0
2014-05-21 00:00:00-04:00,0.18199999630451202,0.1899999976158142,0.18000000715255737,0.18000000715255737,16600,0.0,0.0
2014-05-22 00:00:00-04:00,0.1899999976158142,0.1899999976158142,0.17499999701976776,0.17499999701976776,48200,0.0,0.0
2014-05-23 00:00:00-04:00,0.17499999701976776,0.1850000023841858,0.17000000178813934,0.1850000023841858,144600,0.0,0.0
2014-05-27 00:00:00-04:00,0.18000000715255737,0.1899999976158142,0.18000000715255737,0.18000000715255737,22000,0.0,0.0
2014-05-28 00:00:00-04:00,0.18000000715255737,0.18000000715255737,0.17000000178813934,0.17000000178813934,160000,0.0,0.0
2014-05-29 00:00:00-04:00,0.17499999701976776,0.25,0.17499999701976776,0.25,899300,0.0,0.0
2014-05-30 00:00:00-04:00,0.25,0.25,0.23100000619888306,0.2409999966621399,169300,0.0,0.0
2014-06-02 00:00:00-04:00,0.2409999966621399,0.2849999964237213,0.23999999463558197,0.24500000476837158,706100,0.0,0.0
2014-06-03 00:00:00-04:00,0.2409999966621399,0.2549999952316284,0.2409999966621399,0.2549999952316284,15500,0.0,0.0
2014-06-04 00:00:00-04:00,0.25200000405311584,0.25200000405311584,0.23499999940395355,0.23800000548362732,74600,0.0,0.0
2014-06-05 00:00:00-04:00,0.23499999940395355,0.24500000476837158,0.23499999940395355,0.24500000476837158,155400,0.0,0.0
2014-06-06 00:00:00-04:00,0.23999999463558197,0.24500000476837158,0.23000000417232513,0.24500000476837158,135300,0.0,0.0
2014-06-09 00:00:00-04:00,0.23999999463558197,0.23999999463558197,0.23000000417232513,0.23000000417232513,239700,0.0,0.0
2014-06-10 00:00:00-04:00,0.23999999463558197,0.25,0.2329999953508377,0.25,70700,0.0,0.0
2014-06-11 00:00:00-04:00,0.25,0.25,0.2460000067949295,0.2460000067949295,40000,0.0,0.0
2014-06-12 00:00:00-04:00,0.23999999463558197,0.25999999046325684,0.23999999463558197,0.25999999046325684,48700,0.0,0.0
2014-06-13 00:00:00-04:00,0.2750000059604645,0.29899999499320984,0.2750000059604645,0.28999999165534973,405300,0.0,0.0
2014-06-16 00:00:00-04:00,0.28299999237060547,0.2939999997615814,0.2800000011920929,0.2930000126361847,105400,0.0,0.0
2014-06-17 00:00:00-04:00,0.28999999165534973,0.2939999997615814,0.28999999165534973,0.2939999997615814,40500,0.0,0.0
2014-06-18 00:00:00-04:00,0.2849999964237213,0.2939999997615814,0.2750000059604645,0.2939999997615814,80400,0.0,0.0
2014-06-19 00:00:00-04:00,0.2919999957084656,0.29499998688697815,0.28999999165534973,0.29499998688697815,68200,0.0,0.0
2014-06-20 00:00:00-04:00,0.29499998688697815,0.33000001311302185,0.29499998688697815,0.3100000023841858,208000,0.0,0.0
2014-06-23 00:00:00-04:00,0.3100000023841858,0.3889999985694885,0.3100000023841858,0.3499999940395355,152000,0.0,0.0
2014-06-24 00:00:00-04:00,0.3400000035762787,0.3499999940395355,0.32199999690055847,0.3400000035762787,43000,0.0,0.0
2014-06-25 00:00:00-04:00,0.3499999940395355,0.3499999940395355,0.33500000834465027,0.33500000834465027,49900,0.0,0.0
2014-06-26 00:00:00-04:00,0.335999995470047,0.335999995470047,0.32499998807907104,0.335999995470047,8300,0.0,0.0
2014-06-27 00:00:00-04:00,0.3310000002384186,0.335999995470047,0.30300000309944153,0.33000001311302185,108400,0.0,0.0
2014-06-30 00:00:00-04:00,0.33000001311302185,0.335999995470047,0.3179999887943268,0.3199999928474426,63000,0.0,0.0
2014-07-01 00:00:00-04:00,0.33000001311302185,0.33000001311302185,0.3199999928474426,0.3199999928474426,93800,0.0,0.0
2014-07-02 00:00:00-04:00,0.3199999928474426,0.3580000102519989,0.3199999928474426,0.3580000102519989,64500,0.0,0.0
2014-07-03 00:00:00-04:00,0.3580000102519989,0.3580000102519989,0.3400000035762787,0.3499999940395355,94900,0.0,0.0
2014-07-07 00:00:00-04:00,0.3499999940395355,0.3499999940395355,0.3499999940395355,0.3499999940395355,3100,0.0,0.0
2014-07-08 00:00:00-04:00,0.3400000035762787,0.3490000069141388,0.3199999928474426,0.3199999928474426,79700,0.0,0.0
2014-07-09 00:00:00-04:00,0.33000001311302185,0.3409999907016754,0.3070000112056732,0.3409999907016754,32500,0.0,0.0
2014-07-10 00:00:00-04:00,0.31700000166893005,0.33799999952316284,0.3149999976158142,0.33000001311302185,11200,0.0,0.0
2014-07-11 00:00:00-04:00,0.31700000166893005,0.328000009059906,0.3009999990463257,0.328000009059906,10600,0.0,0.0
2014-07-14 00:00:00-04:00,0.3199999928474426,0.3400000035762787,0.3199999928474426,0.3400000035762787,21900,0.0,0.0
2014-07-15 00:00:00-04:00,0.3400000035762787,0.3400000035762787,0.2549999952316284,0.26499998569488525,406500,0.0,0.0
2014-07-16 00:00:00-04:00,0.26499998569488525,0.28999999165534973,0.26499998569488525,0.2800000011920929,227200,0.0,0.0
2014-07-17 00:00:00-04:00,0.2849999964237213,0.2849999964237213,0.25999999046325684,0.27900001406669617,31200,0.0,0.0
2014-07-18 00:00:00-04:00,0.2750000059604645,0.2750000059604645,0.2549999952316284,0.2750000059604645,23800,0.0,0.0
2014-07-21 00:00:00-04:00,0.26499998569488525,0.26499998569488525,0.2639999985694885,0.2639999985694885,14000,0.0,0.0
2014-07-22 00:00:00-04:00,0.27399998903274536,0.2849999964237213,0.26499998569488525,0.26499998569488525,35800,0.0,0.0
2014-07-23 00:00:00-04:00,0.2750000059604645,0.28999999165534973,0.2750000059604645,0.28999999165534973,85000,0.0,0.0
2014-07-24 00:00:00-04:00,0.28299999237060547,0.28999999165534973,0.2750000059604645,0.28999999165534973,40500,0.0,0.0
2014-07-25 00:00:00-04:00,0.2800000011920929,0.2800000011920929,0.2800000011920929,0.2800000011920929,5000,0.0,0.0
2014-07-28 00:00:00-04:00,0.2800000011920929,0.28999999165534973,0.2800000011920929,0.28999999165534973,30000,0.0,0.0
2014-07-29 00:00:00-04:00,0.2759999930858612,0.28999999165534973,0.2759999930858612,0.28999999165534973,4500,0.0,0.0
2014-07-30 00:00:00-04:00,0.28999999165534973,0.28999999165534973,0.28999999165534973,0.28999999165534973,0,0.0,0.0
2014-07-31 00:00:00-04:00,0.2759999930858612,0.2849999964237213,0.2759999930858612,0.2849999964237213,7400,0.0,0.0
2014-08-01 00:00:00-04:00,0.28999999165534973,0.28999999165534973,0.28999999165534973,0.28999999165534973,20000,0.0,0.0
2014-08-04 00:00:00-04:00,0.28999999165534973,0.28999999165534973,0.2759999930858612,0.28999999165534973,68500,0.0,0.0
2014-08-05 00:00:00-04:00,0.2770000100135803,0.2879999876022339,0.2770000100135803,0.2879999876022339,11100,0.0,0.0
2014-08-06 00:00:00-04:00,0.2759999930858612,0.2759999930858612,0.2759999930858612,0.2759999930858612,15000,0.0,0.0
2014-08-07 00:00:00-04:00,0.2759999930858612,0.2879999876022339,0.2759999930858612,0.2879999876022339,9500,0.0,0.0
2014-08-08 00:00:00-04:00,0.2879999876022339,0.2879999876022339,0.2879999876022339,0.2879999876022339,24000,0.0,0.0
2014-08-11 00:00:00-04:00,0.28999999165534973,0.30000001192092896,0.27000001072883606,0.27000001072883606,91900,0.0,0.0
2014-08-12 00:00:00-04:00,0.28999999165534973,0.28999999165534973,0.28999999165534973,0.28999999165534973,129900,0.0,0.0
2014-08-13 00:00:00-04:00,0.2849999964237213,0.28999999165534973,0.2849999964237213,0.28999999165534973,40000,0.0,0.0
2014-08-14 00:00:00-04:00,0.3400000035762787,0.3400000035762787,0.3370000123977661,0.3370000123977661,15300,0.0,0.0
2014-08-15 00:00:00-04:00,0.3370000123977661,0.3370000123977661,0.3370000123977661,0.3370000123977661,0,0.0,0.0
2014-08-18 00:00:00-04:00,0.3370000123977661,0.3370000123977661,0.30000001192092896,0.33000001311302185,35300,0.0,0.0
2014-08-19 00:00:00-04:00,0.32899999618530273,0.33500000834465027,0.32499998807907104,0.33500000834465027,29100,0.0,0.0
2014-08-20 00:00:00-04:00,0.3199999928474426,0.33500000834465027,0.3199999928474426,0.33500000834465027,2100,0.0,0.0
2014-08-21 00:00:00-04:00,0.33500000834465027,0.33500000834465027,0.3199999928474426,0.3199999928474426,4500,0.0,0.0
2014-08-22 00:00:00-04:00,0.33000001311302185,0.33000001311302185,0.32499998807907104,0.32499998807907104,13000,0.0,0.0
2014-08-25 00:00:00-04:00,0.32499998807907104,0.32499998807907104,0.32499998807907104,0.32499998807907104,0,0.0,0.0
2014-08-26 00:00:00-04:00,0.33000001311302185,0.3370000123977661,0.33000001311302185,0.3370000123977661,12200,0.0,0.0
2014-08-27 00:00:00-04:00,0.33000001311302185,0.3400000035762787,0.3100000023841858,0.33500000834465027,47600,0.0,0.0
2014-08-28 00:00:00-04:00,0.33500000834465027,0.33500000834465027,0.30000001192092896,0.33500000834465027,1600,0.0,0.0
2014-08-29 00:00:00-04:00,0.3199999928474426,0.33500000834465027,0.3199999928474426,0.33500000834465027,9500,0.0,0.0
2014-09-02 00:00:00-04:00,0.33500000834465027,0.33500000834465027,0.33500000834465027,0.33500000834465027,0,0.0,0.0
2014-09-03 00:00:00-04:00,0.33000001311302185,0.33000001311302185,0.33000001311302185,0.33000001311302185,4000,0.0,0.0
2014-09-04 00:00:00-04:00,0.30000001192092896,0.32499998807907104,0.30000001192092896,0.32499998807907104,5100,0.0,0.0
2014-09-05 00:00:00-04:00,0.30000001192092896,0.3199999928474426,0.30000001192092896,0.3199999928474426,14500,0.0,0.0
2014-09-08 00:00:00-04:00,0.30000001192092896,0.3190000057220459,0.29499998688697815,0.31700000166893005,30000,0.0,0.0
2014-09-09 00:00:00-04:00,0.29499998688697815,0.33000001311302185,0.2809999883174896,0.3100000023841858,36500,0.0,0.0
2014-09-10 00:00:00-04:00,0.3100000023841858,0.3100000023841858,0.3100000023841858,0.3100000023841858,0,0.0,0.0
2014-09-11 00:00:00-04:00,0.3199999928474426,0.3199999928474426,0.29499998688697815,0.30000001192092896,27300,0.0,0.0
2014-09-12 00:00:00-04:00,0.3100000023841858,0.3100000023841858,0.3100000023841858,0.3100000023841858,10000,0.0,0.0
2014-09-15 00:00:00-04:00,0.3100000023841858,0.3100000023841858,0.3100000023841858,0.3100000023841858,0,0.0,0.0
2014-09-16 00:00:00-04:00,0.3199999928474426,0.3199999928474426,0.3199999928474426,0.3199999928474426,900,0.0,0.0
2014-09-17 00:00:00-04:00,0.30000001192092896,0.3100000023841858,0.30000001192092896,0.3100000023841858,3400,0.0,0.0
2014-09-18 00:00:00-04:00,0.30000001192092896,0.3100000023841858,0.30000001192092896,0.30000001192092896,10500,0.0,0.0
2014-09-19 00:00:00-04:00,0.30000001192092896,0.30000001192092896,0.30000001192092896,0.30000001192092896,0,0.0,0.0
2014-09-22 00:00:00-04:00,0.3100000023841858,0.3100000023841858,0.30000001192092896,0.30799999833106995,42200,0.0,0.0
2014-09-23 00:00:00-04:00,0.30799999833106995,0.3100000023841858,0.29899999499320984,0.29899999499320984,46200,0.0,0.0
2014-09-24 00:00:00-04:00,0.28999999165534973,0.28999999165534973,0.28999999165534973,0.28999999165534973,2900,0.0,0.0
2014-09-25 00:00:00-04:00,0.28999999165534973,0.29499998688697815,0.28999999165534973,0.28999999165534973,56000,0.0,0.0
2014-09-26 00:00:00-04:00,0.28999999165534973,0.3050000071525574,0.28999999165534973,0.3050000071525574,7000,0.0,0.0
2014-09-29 00:00:00-04:00,0.3050000071525574,0.3050000071525574,0.3050000071525574,0.3050000071525574,1000,0.0,0.0
2014-09-30 00:00:00-04:00,0.3100000023841858,0.33000001311302185,0.3100000023841858,0.33000001311302185,88000,0.0,0.0
2014-10-01 00:00:00-04:00,0.3149999976158142,0.33000001311302185,0.30000001192092896,0.33000001311302185,10800,0.0,0.0
2014-10-02 00:00:00-04:00,0.3370000123977661,0.3370000123977661,0.30000001192092896,0.335999995470047,6600,0.0,0.0
2014-10-03 00:00:00-04:00,0.30000001192092896,0.3370000123977661,0.30000001192092896,0.3199999928474426,103600,0.0,0.0
2014-10-06 00:00:00-04:00,0.3400000035762787,0.6650000214576721,0.3400000035762787,0.3700000047683716,192900,0.0,0.0
2014-10-07 00:00:00-04:00,0.3700000047683716,0.44999998807907104,0.3700000047683716,0.3799999952316284,378900,0.0,0.0
2014-10-08 00:00:00-04:00,0.4099999964237213,0.4099999964237213,0.3700000047683716,0.3799999952316284,105400,0.0,0.0
2014-10-09 00:00:00-04:00,0.39500001072883606,0.39500001072883606,0.36500000953674316,0.36500000953674316,66100,0.0,0.0
2014-10-10 00:00:00-04:00,0.3700000047683716,0.38999998569488525,0.35499998927116394,0.38999998569488525,76500,0.0,0.0
2014-10-13 00:00:00-04:00,0.38999998569488525,0.4000000059604645,0.3720000088214874,0.3799999952316284,106200,0.0,0.0
2014-10-14 00:00:00-04:00,0.38499999046325684,0.38999998569488525,0.37700000405311584,0.3799999952316284,17300,0.0,0.0
2014-10-15 00:00:00-04:00,0.375,0.375,0.3409999907016754,0.3529999852180481,56700,0.0,0.0
2014-10-16 00:00:00-04:00,0.3529999852180481,0.3529999852180481,0.33000001311302185,0.3499999940395355,21200,0.0,0.0
2014-10-17 00:00:00-04:00,0.3499999940395355,0.3499999940395355,0.3310000002384186,0.3499999940395355,35500,0.0,0.0
2014-10-20 00:00:00-04:00,0.3400000035762787,0.3400000035762787,0.32100000977516174,0.32100000977516174,26500,0.0,0.0
2014-10-21 00:00:00-04:00,0.32100000977516174,0.3499999940395355,0.3100000023841858,0.33000001311302185,36400,0.0,0.0
2014-10-22 00:00:00-04:00,0.33000001311302185,0.33000001311302185,0.33000001311302185,0.33000001311302185,2000,0.0,0.0
2014-10-23 00:00:00-04:00,0.33000001311302185,0.3479999899864197,0.3149999976158142,0.33000001311302185,43000,0.0,0.0
2014-10-24 00:00:00-04:00,0.33000001311302185,0.33000001311302185,0.33000001311302185,0.33000001311302185,22500,0.0,0.0
2014-10-27 00:00:00-04:00,0.3499999940395355,0.3499999940395355,0.3499999940395355,0.3499999940395355,4000,0.0,0.0
2014-10-28 00:00:00-04:00,0.32499998807907104,0.3499999940395355,0.32499998807907104,0.3499999940395355,25500,0.0,0.0
2014-10-29 00:00:00-04:00,0.3499999940395355,0.36000001430511475,0.3499999940395355,0.36000001430511475,22500,0.0,0.0
2014-10-30 00:00:00-04:00,0.36000001430511475,0.36500000953674316,0.3499999940395355,0.3499999940395355,34400,0.0,0.0
2014-10-31 00:00:00-04:00,0.36000001430511475,0.36000001430511475,0.33000001311302185,0.3499999940395355,51500,0.0,0.0
2014-11-03 00:00:00-05:00,0.3799999952316284,0.3799999952316284,0.37400001287460327,0.37400001287460327,3500,0.0,0.0
2014-11-04 00:00:00-05:00,0.37400001287460327,0.37400001287460327,0.37400001287460327,0.37400001287460327,0,0.0,0.0
2014-11-05 00:00:00-05:00,0.37400001287460327,0.3799999952316284,0.37400001287460327,0.3799999952316284,112800,0.0,0.0
2014-11-06 00:00:00-05:00,0.3799999952316284,0.39500001072883606,0.3799999952316284,0.38999998569488525,20000,0.0,0.0
2014-11-07 00:00:00-05:00,0.4099999964237213,0.41999998688697815,0.38999998569488525,0.41999998688697815,356500,0.0,0.0
2014-11-10 00:00:00-05:00,0.40799999237060547,0.40799999237060547,0.38999998569488525,0.4000000059604645,104000,0.0,0.0
2014-11-11 00:00:00-05:00,0.4000000059604645,0.4000000059604645,0.39800000190734863,0.39800000190734863,43000,0.0,0.0
2014-11-12 00:00:00-05:00,0.4000000059604645,0.4000000059604645,0.38999998569488525,0.4000000059604645,37600,0.0,0.0
2014-11-13 00:00:00-05:00,0.4000000059604645,0.4000000059604645,0.37299999594688416,0.3799999952316284,78900,0.0,0.0
2014-11-14 00:00:00-05:00,0.39500001072883606,0.39500001072883606,0.3790000081062317,0.38999998569488525,24600,0.0,0.0
2014-11-17 00:00:00-05:00,0.42500001192092896,0.42500001192092896,0.3799999952316284,0.38999998569488525,66800,0.0,0.0
2014-11-18 00:00:00-05:00,0.38999998569488525,0.38999998569488525,0.382999986410141,0.38999998569488525,3100,0.0,0.0
2014-11-19 00:00:00-05:00,0.382999986410141,0.38999998569488525,0.3709999918937683,0.3880000114440918,27800,0.0,0.0
2014-11-20 00:00:00-05:00,0.38499999046325684,0.4000000059604645,0.38499999046325684,0.39500001072883606,9400,0.0,0.0
2014-11-21 00:00:00-05:00,0.38999998569488525,0.38999998569488525,0.38999998569488525,0.38999998569488525,13100,0.0,0.0
2014-11-24 00:00:00-05:00,0.38999998569488525,0.4000000059604645,0.3889999985694885,0.39500001072883606,66100,0.0,0.0
2014-11-25 00:00:00-05:00,0.39500001072883606,0.39500001072883606,0.38999998569488525,0.39500001072883606,20400,0.0,0.0
2014-11-26 00:00:00-05:00,0.39500001072883606,0.39500001072883606,0.382999986410141,0.382999986410141,6700,0.0,0.0
2014-11-28 00:00:00-05:00,0.38499999046325684,0.38499999046325684,0.38499999046325684,0.38499999046325684,5800,0.0,0.0
2014-12-01 00:00:00-05:00,0.3799999952316284,0.38499999046325684,0.36000001430511475,0.38499999046325684,65400,0.0,0.0
2014-12-02 00:00:00-05:00,0.3700000047683716,0.38499999046325684,0.3700000047683716,0.38499999046325684,7500,0.0,0.0
2014-12-03 00:00:00-05:00,0.4000000059604645,0.4000000059604645,0.4000000059604645,0.4000000059604645,500,0.0,0.0
2014-12-04 00:00:00-05:00,0.4000000059604645,0.4000000059604645,0.4000000059604645,0.4000000059604645,11000,0.0,0.0
2014-12-05 00:00:00-05:00,0.3700000047683716,0.4000000059604645,0.36000001430511475,0.38999998569488525,40500,0.0,0.0
2014-12-08 00:00:00-05:00,0.39399999380111694,0.39399999380111694,0.39399999380111694,0.39399999380111694,1500,0.0,0.0
2014-12-09 00:00:00-05:00,0.3499999940395355,0.38999998569488525,0.3499999940395355,0.3880000114440918,3000,0.0,0.0
2014-12-10 00:00:00-05:00,0.3880000114440918,0.3880000114440918,0.3880000114440918,0.3880000114440918,10000,0.0,0.0
2014-12-11 00:00:00-05:00,0.3499999940395355,0.39500001072883606,0.3499999940395355,0.39500001072883606,38000,0.0,0.0
2014-12-12 00:00:00-05:00,0.38999998569488525,0.38999998569488525,0.36000001430511475,0.3799999952316284,48000,0.0,0.0
2014-12-15 00:00:00-05:00,0.39800000190734863,0.39800000190734863,0.39800000190734863,0.39800000190734863,500,0.0,0.0
2014-12-16 00:00:00-05:00,0.39800000190734863,0.39800000190734863,0.38499999046325684,0.38999998569488525,26100,0.0,0.0
2014-12-17 00:00:00-05:00,0.38999998569488525,0.38999998569488525,0.3499999940395355,0.38999998569488525,60000,0.0,0.0
2014-12-18 00:00:00-05:00,0.38999998569488525,0.4320000112056732,0.38999998569488525,0.38999998569488525,50200,0.0,0.0
2014-12-19 00:00:00-05:00,0.4000000059604645,0.41999998688697815,0.3700000047683716,0.41999998688697815,51400,0.0,0.0
2014-12-22 00:00:00-05:00,0.4099999964237213,0.41999998688697815,0.3799999952316284,0.4000000059604645,30800,0.0,0.0
2014-12-23 00:00:00-05:00,0.4099999964237213,0.4099999964237213,0.4099999964237213,0.4099999964237213,12500,0.0,0.0
2014-12-24 00:00:00-05:00,0.4099999964237213,0.4099999964237213,0.4099999964237213,0.4099999964237213,0,0.0,0.0
2014-12-26 00:00:00-05:00,0.42500001192092896,0.42500001192092896,0.4000000059604645,0.4000000059604645,74400,0.0,0.0
2014-12-29 00:00:00-05:00,0.4099999964237213,0.4320000112056732,0.4000000059604645,0.4320000112056732,143900,0.0,0.0
2014-12-30 00:00:00-05:00,0.44999998807907104,0.49000000953674316,0.4300000071525574,0.46000000834465027,95300,0.0,0.0
2014-12-31 00:00:00-05:00,0.46000000834465027,0.47999998927116394,0.44999998807907104,0.4699999988079071,24400,0.0,0.0
2015-01-02 00:00:00-05:00,0.4699999988079071,0.4699999988079071,0.44999998807907104,0.44999998807907104,44000,0.0,0.0
2015-01-05 00:00:00-05:00,0.4399999976158142,0.46000000834465027,0.4399999976158142,0.44999998807907104,50500,0.0,0.0
2015-01-06 00:00:00-05:00,0.4449999928474426,0.46000000834465027,0.4449999928474426,0.44999998807907104,28200,0.0,0.0
2015-01-07 00:00:00-05:00,0.47999998927116394,0.49000000953674316,0.45100000500679016,0.49000000953674316,47000,0.0,0.0
2015-01-08 00:00:00-05:00,0.49000000953674316,0.49000000953674316,0.41999998688697815,0.41999998688697815,48400,0.0,0.0
2015-01-09 00:00:00-05:00,0.4300000071525574,0.4300000071525574,0.4099999964237213,0.4099999964237213,14000,0.0,0.0
2015-01-12 00:00:00-05:00,0.4300000071525574,0.49000000953674316,0.4099999964237213,0.49000000953674316,95200,0.0,0.0
2015-01-13 00:00:00-05:00,0.49000000953674316,0.49000000953674316,0.4309999942779541,0.44999998807907104,24800,0.0,0.0
2015-01-14 00:00:00-05:00,0.4399999976158142,0.44999998807907104,0.4009999930858612,0.44999998807907104,71700,0.0,0.0
2015-01-15 00:00:00-05:00,0.44999998807907104,0.44999998807907104,0.3499999940395355,0.375,398100,0.0,0.0
2015-01-16 00:00:00-05:00,0.3799999952316284,0.4050000011920929,0.3700000047683716,0.39800000190734863,143600,0.0,0.0
2015-01-20 00:00:00-05:00,0.41200000047683716,0.4350000023841858,0.4099999964237213,0.4300000071525574,109400,0.0,0.0
2015-01-21 00:00:00-05:00,0.4300000071525574,0.4350000023841858,0.41499999165534973,0.4180000126361847,68000,0.0,0.0
2015-01-22 00:00:00-05:00,0.41999998688697815,0.4350000023841858,0.41999998688697815,0.42500001192092896,21000,0.0,0.0
2015-01-23 00:00:00-05:00,0.41999998688697815,0.4300000071525574,0.41999998688697815,0.4300000071525574,41400,0.0,0.0
2015-01-26 00:00:00-05:00,0.4300000071525574,0.4300000071525574,0.4300000071525574,0.4300000071525574,1800,0.0,0.0
2015-01-27 00:00:00-05:00,0.41999998688697815,0.4300000071525574,0.41999998688697815,0.41999998688697815,43000,0.0,0.0
2015-01-28 00:00:00-05:00,0.4300000071525574,0.4300000071525574,0.41999998688697815,0.41999998688697815,9000,0.0,0.0
2015-01-29 00:00:00-05:00,0.4300000071525574,0.4300000071525574,0.41499999165534973,0.41999998688697815,31300,0.0,0.0
2015-01-30 00:00:00-05:00,0.4300000071525574,0.4399999976158142,0.41999998688697815,0.4300000071525574,31300,0.0,0.0
2015-02-02 00:00:00-05:00,0.4300000071525574,0.4300000071525574,0.41499999165534973,0.41999998688697815,50100,0.0,0.0
2015-02-03 00:00:00-05:00,0.41999998688697815,0.41999998688697815,0.4000000059604645,0.4000000059604645,14400,0.0,0.0
2015-02-04 00:00:00-05:00,0.4000000059604645,0.42100000381469727,0.4000000059604645,0.42100000381469727,3200,0.0,0.0
2015-02-05 00:00:00-05:00,0.41499999165534973,0.41499999165534973,0.41499999165534973,0.41499999165534973,800,0.0,0.0
2015-02-06 00:00:00-05:00,0.41499999165534973,0.41499999165534973,0.4000000059604645,0.4099999964237213,42200,0.0,0.0
2015-02-09 00:00:00-05:00,0.4099999964237213,0.41999998688697815,0.4000000059604645,0.4099999964237213,15300,0.0,0.0
2015-02-10 00:00:00-05:00,0.4099999964237213,0.44999998807907104,0.4000000059604645,0.4399999976158142,9300,0.0,0.0
2015-02-11 00:00:00-05:00,0.4449999928474426,0.4449999928474426,0.4000000059604645,0.4099999964237213,238100,0.0,0.0
2015-02-12 00:00:00-05:00,0.4000000059604645,0.4050000011920929,0.4000000059604645,0.4050000011920929,21500,0.0,0.0
2015-02-13 00:00:00-05:00,0.4099999964237213,0.4099999964237213,0.4000000059604645,0.4000000059604645,63500,0.0,0.0
2015-02-17 00:00:00-05:00,0.4050000011920929,0.4050000011920929,0.4000000059604645,0.4050000011920929,42200,0.0,0.0
2015-02-18 00:00:00-05:00,0.4020000100135803,0.4020000100135803,0.4020000100135803,0.4020000100135803,10000,0.0,0.0
2015-02-19 00:00:00-05:00,0.4059999883174896,0.4099999964237213,0.4059999883174896,0.4099999964237213,14200,0.0,0.0
2015-02-20 00:00:00-05:00,0.4099999964237213,0.41999998688697815,0.4099999964237213,0.41999998688697815,2100,0.0,0.0
2015-02-23 00:00:00-05:00,0.4000000059604645,0.41999998688697815,0.4000000059604645,0.4000000059604645,8100,0.0,0.0
2015-02-24 00:00:00-05:00,0.4099999964237213,0.4099999964237213,0.4099999964237213,0.4099999964237213,100,0.0,0.0
2015-02-25 00:00:00-05:00,0.4099999964237213,0.4099999964237213,0.4000000059604645,0.4099999964237213,4400,0.0,0.0
2015-02-26 00:00:00-05:00,0.4050000011920929,0.4050000011920929,0.4050000011920929,0.4050000011920929,2400,0.0,0.0
2015-02-27 00:00:00-05:00,0.4000000059604645,0.4020000100135803,0.4000000059604645,0.4000000059604645,13100,0.0,0.0
2015-03-02 00:00:00-05:00,0.4000000059604645,0.4050000011920929,0.38999998569488525,0.4050000011920929,30200,0.0,0.0
2015-03-03 00:00:00-05:00,0.38999998569488525,0.4050000011920929,0.3799999952316284,0.4050000011920929,21700,0.0,0.0
2015-03-04 00:00:00-05:00,0.4050000011920929,0.4050000011920929,0.4050000011920929,0.4050000011920929,2500,0.0,0.0
2015-03-05 00:00:00-05:00,0.3930000066757202,0.3930000066757202,0.3799999952316284,0.3799999952316284,5500,0.0,0.0
2015-03-06 00:00:00-05:00,0.3919999897480011,0.3919999897480011,0.3919999897480011,0.3919999897480011,2000,0.0,0.0
2015-03-09 00:00:00-04:00,0.3799999952316284,0.3799999952316284,0.3799999952316284,0.3799999952316284,19000,0.0,0.0
2015-03-10 00:00:00-04:00,0.4050000011920929,0.4050000011920929,0.3889999985694885,0.3889999985694885,25300,0.0,0.0
2015-03-11 00:00:00-04:00,0.38999998569488525,0.4000000059604645,0.38999998569488525,0.38999998569488525,21800,0.0,0.0
2015-03-12 00:00:00-04:00,0.38999998569488525,0.38999998569488525,0.38999998569488525,0.38999998569488525,2000,0.0,0.0
2015-03-13 00:00:00-04:00,0.3919999897480011,0.3919999897480011,0.3919999897480011,0.3919999897480011,1100,0.0,0.0
2015-03-16 00:00:00-04:00,0.4000000059604645,0.4350000023841858,0.4000000059604645,0.41999998688697815,14500,0.0,0.0
2015-03-17 00:00:00-04:00,0.41999998688697815,0.41999998688697815,0.41999998688697815,0.41999998688697815,0,0.0,0.0
2015-03-18 00:00:00-04:00,0.3799999952316284,0.4000000059604645,0.3799999952316284,0.4000000059604645,18800,0.0,0.0
2015-03-19 00:00:00-04:00,0.4020000100135803,0.4020000100135803,0.4020000100135803,0.4020000100135803,100,0.0,0.0
2015-03-20 00:00:00-04:00,0.4000000059604645,0.40799999237060547,0.4000000059604645,0.40799999237060547,10700,0.0,0.0
2015-03-23 00:00:00-04:00,0.4099999964237213,0.4099999964237213,0.4000000059604645,0.4000000059604645,27100,0.0,0.0
2015-03-24 00:00:00-04:00,0.4050000011920929,0.4050000011920929,0.4050000011920929,0.4050000011920929,10600,0.0,0.0
2015-03-25 00:00:00-04:00,0.4000000059604645,0.4000000059604645,0.4000000059604645,0.4000000059604645,10000,0.0,0.0
2015-03-26 00:00:00-04:00,0.4000000059604645,0.4020000100135803,0.39500001072883606,0.39500001072883606,35000,0.0,0.0
2015-03-27 00:00:00-04:00,0.39500001072883606,0.39500001072883606,0.39500001072883606,0.39500001072883606,0,0.0,0.0
2015-03-30 00:00:00-04:00,0.4000000059604645,0.4000000059604645,0.39500001072883606,0.4000000059604645,65000,0.0,0.0
2015-03-31 00:00:00-04:00,0.39500001072883606,0.41999998688697815,0.39500001072883606,0.4099999964237213,88400,0.0,0.0
2015-04-01 00:00:00-04:00,0.4099999964237213,0.4099999964237213,0.4009999930858612,0.4009999930858612,7200,0.0,0.0
2015-04-02 00:00:00-04:00,0.4009999930858612,0.4009999930858612,0.4000000059604645,0.4000000059604645,5500,0.0,0.0
2015-04-06 00:00:00-04:00,0.4000000059604645,0.4000000059604645,0.4000000059604645,0.4000000059604645,2500,0.0,0.0
2015-04-07 00:00:00-04:00,0.39899998903274536,0.39899998903274536,0.38999998569488525,0.39500001072883606,36500,0.0,0.0
2015-04-08 00:00:00-04:00,0.39500001072883606,0.39500001072883606,0.3700000047683716,0.3700000047683716,43700,0.0,0.0
2015-04-09 00:00:00-04:00,0.3700000047683716,0.3700000047683716,0.3700000047683716,0.3700000047683716,3300,0.0,0.0
2015-04-10 00:00:00-04:00,0.3799999952316284,0.3799999952316284,0.36000001430511475,0.3790000081062317,8800,0.0,0.0
2015-04-13 00:00:00-04:00,0.39800000190734863,0.39800000190734863,0.39800000190734863,0.39800000190734863,1500,0.0,0.0
2015-04-14 00:00:00-04:00,0.3959999978542328,0.42500001192092896,0.38999998569488525,0.4099999964237213,28000,0.0,0.0
2015-04-15 00:00:00-04:00,0.4180000126361847,0.41999998688697815,0.4180000126361847,0.4180000126361847,15100,0.0,0.0
2015-04-16 00:00:00-04:00,0.4180000126361847,0.4180000126361847,0.4180000126361847,0.4180000126361847,0,0.0,0.0
2015-04-17 00:00:00-04:00,0.4180000126361847,0.4180000126361847,0.4180000126361847,0.4180000126361847,0,0.0,0.0
2015-04-20 00:00:00-04:00,0.41600000858306885,0.44699999690055847,0.41600000858306885,0.41999998688697815,13900,0.0,0.0
2015-04-21 00:00:00-04:00,0.41999998688697815,0.4429999887943268,0.4099999964237213,0.4429999887943268,21000,0.0,0.0
2015-04-22 00:00:00-04:00,0.4449999928474426,0.4449999928474426,0.4399999976158142,0.4399999976158142,1600,0.0,0.0
2015-04-23 00:00:00-04:00,0.4300000071525574,0.43299999833106995,0.4300000071525574,0.4300000071525574,16300,0.0,0.0
2015-04-24 00:00:00-04:00,0.4000000059604645,0.41999998688697815,0.4000000059604645,0.4050000011920929,57700,0.0,0.0
2015-04-27 00:00:00-04:00,0.4099999964237213,0.4300000071525574,0.4000000059604645,0.4300000071525574,17000,0.0,0.0
2015-04-28 00:00:00-04:00,0.4099999964237213,0.42500001192092896,0.4099999964237213,0.42500001192092896,25500,0.0,0.0
2015-04-29 00:00:00-04:00,0.4000000059604645,0.42500001192092896,0.4000000059604645,0.4050000011920929,20300,0.0,0.0
2015-04-30 00:00:00-04:00,0.42500001192092896,0.4449999928474426,0.4099999964237213,0.4300000071525574,29000,0.0,0.0
2015-05-01 00:00:00-04:00,0.4300000071525574,0.4300000071525574,0.41499999165534973,0.41499999165534973,10500,0.0,0.0
2015-05-04 00:00:00-04:00,0.41999998688697815,0.41999998688697815,0.41999998688697815,0.41999998688697815,10000,0.0,0.0
2015-05-05 00:00:00-04:00,0.4009999930858612,0.4009999930858612,0.4009999930858612,0.4009999930858612,2400,0.0,0.0
2015-05-06 00:00:00-04:00,0.4009999930858612,0.4009999930858612,0.4009999930858612,0.4009999930858612,5500,0.0,0.0
2015-05-07 00:00:00-04:00,0.4009999930858612,0.4009999930858612,0.38999998569488525,0.38999998569488525,32700,0.0,0.0
2015-05-08 00:00:00-04:00,0.39500001072883606,0.4000000059604645,0.39500001072883606,0.4000000059604645,10000,0.0,0.0
2015-05-11 00:00:00-04:00,0.4000000059604645,0.41999998688697815,0.39899998903274536,0.41999998688697815,61900,0.0,0.0
2015-05-12 00:00:00-04:00,0.41999998688697815,0.41999998688697815,0.41999998688697815,0.41999998688697815,11500,0.0,0.0
2015-05-13 00:00:00-04:00,0.41999998688697815,0.42800000309944153,0.4000000059604645,0.42500001192092896,56700,0.0,0.0
2015-05-14 00:00:00-04:00,0.42500001192092896,0.42500001192092896,0.42500001192092896,0.42500001192092896,0,0.0,0.0
2015-05-15 00:00:00-04:00,0.42500001192092896,0.42500001192092896,0.42500001192092896,0.42500001192092896,1000,0.0,0.0
2015-05-18 00:00:00-04:00,0.4009999930858612,0.4300000071525574,0.39100000262260437,0.42500001192092896,64500,0.0,0.0
2015-05-19 00:00:00-04:00,0.4300000071525574,0.4300000071525574,0.41999998688697815,0.41999998688697815,55700,0.0,0.0
2015-05-20 00:00:00-04:00,0.41999998688697815,0.44999998807907104,0.41499999165534973,0.4300000071525574,26800,0.0,0.0
2015-05-21 00:00:00-04:00,0.4009999930858612,0.41999998688697815,0.4009999930858612,0.4099999964237213,12500,0.0,0.0
2015-05-22 00:00:00-04:00,0.41499999165534973,0.41499999165534973,0.41499999165534973,0.41499999165534973,10000,0.0,0.0
2015-05-26 00:00:00-04:00,0.4350000023841858,0.4350000023841858,0.41499999165534973,0.41499999165534973,27000,0.0,0.0
2015-05-27 00:00:00-04:00,0.4350000023841858,0.4399999976158142,0.41999998688697815,0.41999998688697815,50100,0.0,0.0
2015-05-28 00:00:00-04:00,0.41999998688697815,0.44999998807907104,0.41499999165534973,0.41499999165534973,35800,0.0,0.0
2015-05-29 00:00:00-04:00,0.4399999976158142,0.44999998807907104,0.4300000071525574,0.44999998807907104,28100,0.0,0.0
2015-06-01 00:00:00-04:00,0.44999998807907104,0.44999998807907104,0.4399999976158142,0.4399999976158142,13300,0.0,0.0
2015-06-02 00:00:00-04:00,0.4350000023841858,0.44999998807907104,0.4300000071525574,0.4399999976158142,58600,0.0,0.0
2015-06-03 00:00:00-04:00,0.4399999976158142,0.4399999976158142,0.4399999976158142,0.4399999976158142,0,0.0,0.0
2015-06-04 00:00:00-04:00,0.44999998807907104,0.44999998807907104,0.44999998807907104,0.44999998807907104,100,0.0,0.0
2015-06-05 00:00:00-04:00,0.4480000138282776,0.4480000138282776,0.4480000138282776,0.4480000138282776,1900,0.0,0.0
2015-06-08 00:00:00-04:00,0.4399999976158142,0.4480000138282776,0.4350000023841858,0.4350000023841858,22600,0.0,0.0
2015-06-09 00:00:00-04:00,0.4350000023841858,0.44999998807907104,0.4350000023841858,0.44999998807907104,21000,0.0,0.0
2015-06-10 00:00:00-04:00,0.44999998807907104,0.44999998807907104,0.44999998807907104,0.44999998807907104,21500,0.0,0.0
2015-06-11 00:00:00-04:00,0.44999998807907104,0.44999998807907104,0.41999998688697815,0.41999998688697815,11500,0.0,0.0
2015-06-12 00:00:00-04:00,0.41999998688697815,0.41999998688697815,0.41999998688697815,0.41999998688697815,0,0.0,0.0
2015-06-15 00:00:00-04:00,0.41999998688697815,0.41999998688697815,0.41999998688697815,0.41999998688697815,23000,0.0,0.0
2015-06-16 00:00:00-04:00,0.44999998807907104,0.44999998807907104,0.41999998688697815,0.41999998688697815,3100,0.0,0.0
2015-06-17 00:00:00-04:00,0.41999998688697815,0.41999998688697815,0.41999998688697815,0.41999998688697815,14500,0.0,0.0
2015-06-18 00:00:00-04:00,0.41999998688697815,0.44999998807907104,0.4099999964237213,0.41999998688697815,39700,0.0,0.0
2015-06-19 00:00:00-04:00,0.41999998688697815,0.41999998688697815,0.4099999964237213,0.41999998688697815,30000,0.0,0.0
2015-06-22 00:00:00-04:00,0.41999998688697815,0.41999998688697815,0.41999998688697815,0.41999998688697815,0,0.0,0.0
2015-06-23 00:00:00-04:00,0.4099999964237213,0.4099999964237213,0.4099999964237213,0.4099999964237213,4300,0.0,0.0
2015-06-24 00:00:00-04:00,0.41499999165534973,0.41499999165534973,0.41499999165534973,0.41499999165534973,1800,0.0,0.0
2015-06-25 00:00:00-04:00,0.41499999165534973,0.41499999165534973,0.41499999165534973,0.41499999165534973,0,0.0,0.0
2015-06-26 00:00:00-04:00,0.41499999165534973,0.41999998688697815,0.41499999165534973,0.41999998688697815,2500,0.0,0.0
2015-06-29 00:00:00-04:00,0.4099999964237213,0.4099999964237213,0.4000000059604645,0.4000000059604645,37300,0.0,0.0
2015-06-30 00:00:00-04:00,0.39500001072883606,0.41999998688697815,0.39500001072883606,0.41999998688697815,29400,0.0,0.0
2015-07-01 00:00:00-04:00,0.4099999964237213,0.4099999964237213,0.4099999964237213,0.4099999964237213,3500,0.0,0.0
2015-07-02 00:00:00-04:00,0.4099999964237213,0.4099999964237213,0.4050000011920929,0.4050000011920929,5500,0.0,0.0
2015-07-06 00:00:00-04:00,0.38999998569488525,0.38999998569488525,0.38999998569488525,0.38999998569488525,1000,0.0,0.0
2015-07-07 00:00:00-04:00,0.38999998569488525,0.38999998569488525,0.38100001215934753,0.38100001215934753,22200,0.0,0.0
2015-07-08 00:00:00-04:00,0.39500001072883606,0.39500001072883606,0.38100001215934753,0.38999998569488525,17700,0.0,0.0
2015-07-09 00:00:00-04:00,0.38100001215934753,0.38999998569488525,0.38100001215934753,0.38100001215934753,8400,0.0,0.0
2015-07-10 00:00:00-04:00,0.38100001215934753,0.38100001215934753,0.375,0.375,16000,0.0,0.0
2015-07-13 00:00:00-04:00,0.35499998927116394,0.3700000047683716,0.33000001311302185,0.3700000047683716,12300,0.0,0.0
2015-07-14 00:00:00-04:00,0.3319999873638153,0.3319999873638153,0.20000000298023224,0.3149999976158142,396800,0.0,0.0
2015-07-15 00:00:00-04:00,0.33000001311302185,0.33500000834465027,0.3190000057220459,0.3190000057220459,42500,0.0,0.0
2015-07-16 00:00:00-04:00,0.3199999928474426,0.3199999928474426,0.3190000057220459,0.3199999928474426,7300,0.0,0.0
2015-07-17 00:00:00-04:00,0.3190000057220459,0.3190000057220459,0.27000001072883606,0.2849999964237213,88100,0.0,0.0
2015-07-20 00:00:00-04:00,0.2849999964237213,0.2849999964237213,0.2800000011920929,0.2849999964237213,31500,0.0,0.0
2015-07-21 00:00:00-04:00,0.28999999165534973,0.29100000858306885,0.2750000059604645,0.2750000059604645,18500,0.0,0.0
2015-07-22 00:00:00-04:00,0.2800000011920929,0.30000001192092896,0.26499998569488525,0.30000001192092896,25900,0.0,0.0
2015-07-23 00:00:00-04:00,0.30000001192092896,0.3050000071525574,0.2800000011920929,0.28999999165534973,16400,0.0,0.0
2015-07-24 00:00:00-04:00,0.2770000100135803,0.30000001192092896,0.2770000100135803,0.2770000100135803,49800,0.0,0.0
2015-07-27 00:00:00-04:00,0.2750000059604645,0.30000001192092896,0.2750000059604645,0.30000001192092896,17500,0.0,0.0
2015-07-28 00:00:00-04:00,0.2919999957084656,0.3449999988079071,0.28999999165534973,0.3449999988079071,25700,0.0,0.0
2015-07-29 00:00:00-04:00,0.3199999928474426,0.33500000834465027,0.3199999928474426,0.3199999928474426,12500,0.0,0.0
2015-07-30 00:00:00-04:00,0.3319999873638153,0.3499999940395355,0.3319999873638153,0.3499999940395355,67400,0.0,0.0
2015-07-31 00:00:00-04:00,0.31299999356269836,0.33500000834465027,0.3100000023841858,0.33500000834465027,45500,0.0,0.0
2015-08-03 00:00:00-04:00,0.33500000834465027,0.33500000834465027,0.28999999165534973,0.3199999928474426,14500,0.0,0.0
2015-08-04 00:00:00-04:00,0.30000001192092896,0.30000001192092896,0.30000001192092896,0.30000001192092896,67700,0.0,0.0
2015-08-05 00:00:00-04:00,0.30000001192092896,0.3050000071525574,0.30000001192092896,0.30000001192092896,31400,0.0,0.0
2015-08-06 00:00:00-04:00,0.30000001192092896,0.30000001192092896,0.28999999165534973,0.29100000858306885,60800,0.0,0.0
2015-08-07 00:00:00-04:00,0.29100000858306885,0.30000001192092896,0.28999999165534973,0.29499998688697815,29400,0.0,0.0
2015-08-10 00:00:00-04:00,0.3050000071525574,0.3050000071525574,0.28999999165534973,0.28999999165534973,25000,0.0,0.0
2015-08-11 00:00:00-04:00,0.30000001192092896,0.3190000057220459,0.30000001192092896,0.3190000057220459,21900,0.0,0.0
2015-08-12 00:00:00-04:00,0.3019999861717224,0.3019999861717224,0.2849999964237213,0.28999999165534973,14100,0.0,0.0
2015-08-13 00:00:00-04:00,0.28999999165534973,0.28999999165534973,0.28999999165534973,0.28999999165534973,0,0.0,0.0
2015-08-14 00:00:00-04:00,0.29499998688697815,0.30000001192092896,0.29499998688697815,0.30000001192092896,16900,0.0,0.0
2015-08-17 00:00:00-04:00,0.28999999165534973,0.28999999165534973,0.28999999165534973,0.28999999165534973,800,0.0,0.0
2015-08-18 00:00:00-04:00,0.3050000071525574,0.3499999940395355,0.28999999165534973,0.3499999940395355,22300,0.0,0.0
2015-08-19 00:00:00-04:00,0.28999999165534973,0.33000001311302185,0.28999999165534973,0.3100000023841858,23200,0.0,0.0
2015-08-20 00:00:00-04:00,0.3100000023841858,0.33899998664855957,0.3100000023841858,0.3149999976158142,17400,0.0,0.0
2015-08-21 00:00:00-04:00,0.3149999976158142,0.3149999976158142,0.3149999976158142,0.3149999976158142,0,0.0,0.0
2015-08-24 00:00:00-04:00,0.3149999976158142,0.3319999873638153,0.28999999165534973,0.29499998688697815,93700,0.0,0.0
2015-08-25 00:00:00-04:00,0.29499998688697815,0.29499998688697815,0.25,0.28999999165534973,19000,0.0,0.0
2015-08-26 00:00:00-04:00,0.29499998688697815,0.29499998688697815,0.29499998688697815,0.29499998688697815,17300,0.0,0.0
2015-08-27 00:00:00-04:00,0.3050000071525574,0.3199999928474426,0.3050000071525574,0.3199999928474426,66400,0.0,0.0
2015-08-28 00:00:00-04:00,0.30000001192092896,0.3499999940395355,0.30000001192092896,0.3499999940395355,37500,0.0,0.0
2015-08-31 00:00:00-04:00,0.3400000035762787,0.38199999928474426,0.3400000035762787,0.38199999928474426,87100,0.0,0.0
2015-09-01 00:00:00-04:00,0.36800000071525574,0.36800000071525574,0.35499998927116394,0.35499998927116394,6500,0.0,0.0
2015-09-02 00:00:00-04:00,0.35499998927116394,0.35499998927116394,0.35499998927116394,0.35499998927116394,0,0.0,0.0
2015-09-03 00:00:00-04:00,0.3050000071525574,0.3050000071525574,0.3050000071525574,0.3050000071525574,1000,0.0,0.0
2015-09-04 00:00:00-04:00,0.3050000071525574,0.3050000071525574,0.3050000071525574,0.3050000071525574,0,0.0,0.0
2015-09-08 00:00:00-04:00,0.3050000071525574,0.3100000023841858,0.28999999165534973,0.29499998688697815,47500,0.0,0.0
2015-09-09 00:00:00-04:00,0.30000001192092896,0.30000001192092896,0.30000001192092896,0.30000001192092896,700,0.0,0.0
2015-09-10 00:00:00-04:00,0.30000001192092896,0.30000001192092896,0.30000001192092896,0.30000001192092896,2000,0.0,0.0
2015-09-11 00:00:00-04:00,0.30000001192092896,0.3100000023841858,0.30000001192092896,0.3100000023841858,24200,0.0,0.0
2015-09-14 00:00:00-04:00,0.30000001192092896,0.30000001192092896,0.30000001192092896,0.30000001192092896,9000,0.0,0.0
2015-09-15 00:00:00-04:00,0.3449999988079071,0.3449999988079071,0.3199999928474426,0.3199999928474426,3000,0.0,0.0
2015-09-16 00:00:00-04:00,0.3230000138282776,0.3230000138282776,0.3230000138282776,0.3230000138282776,2500,0.0,0.0
2015-09-17 00:00:00-04:00,0.30000001192092896,0.3149999976158142,0.29499998688697815,0.296999990940094,29300,0.0,0.0
2015-09-18 00:00:00-04:00,0.2849999964237213,0.3050000071525574,0.2849999964237213,0.3050000071525574,30500,0.0,0.0
2015-09-21 00:00:00-04:00,0.3050000071525574,0.3050000071525574,0.3019999861717224,0.3050000071525574,3300,0.0,0.0
2015-09-22 00:00:00-04:00,0.33000001311302185,0.33000001311302185,0.33000001311302185,0.33000001311302185,5500,0.0,0.0
2015-09-23 00:00:00-04:00,0.3449999988079071,0.3449999988079071,0.3319999873638153,0.3319999873638153,28500,0.0,0.0
2015-09-24 00:00:00-04:00,0.3319999873638153,0.3319999873638153,0.3319999873638153,0.3319999873638153,0,0.0,0.0
2015-09-25 00:00:00-04:00,0.3449999988079071,0.3499999940395355,0.3230000138282776,0.3230000138282776,39700,0.0,0.0
2015-09-28 00:00:00-04:00,0.3230000138282776,0.3230000138282776,0.3230000138282776,0.3230000138282776,0,0.0,0.0
2015-09-29 00:00:00-04:00,0.3199999928474426,0.3400000035762787,0.3199999928474426,0.32499998807907104,20000,0.0,0.0
2015-09-30 00:00:00-04:00,0.3400000035762787,0.3799999952316284,0.3400000035762787,0.3799999952316284,72100,0.0,0.0
2015-10-01 00:00:00-04:00,0.3799999952316284,0.39899998903274536,0.375,0.39500001072883606,111000,0.0,0.0
2015-10-02 00:00:00-04:00,0.4000000059604645,0.4000000059604645,0.36500000953674316,0.3799999952316284,36800,0.0,0.0
2015-10-05 00:00:00-04:00,0.375,0.3799999952316284,0.3700000047683716,0.3700000047683716,61800,0.0,0.0
2015-10-06 00:00:00-04:00,0.3720000088214874,0.3799999952316284,0.3700000047683716,0.3799999952316284,16100,0.0,0.0
2015-10-07 00:00:00-04:00,0.38199999928474426,0.38999998569488525,0.3700000047683716,0.3709999918937683,48300,0.0,0.0
2015-10-08 00:00:00-04:00,0.38999998569488525,0.4000000059604645,0.38999998569488525,0.4000000059604645,36000,0.0,0.0
2015-10-09 00:00:00-04:00,0.38999998569488525,0.41999998688697815,0.3799999952316284,0.4000000059604645,36500,0.0,0.0
2015-10-12 00:00:00-04:00,0.4050000011920929,0.41999998688697815,0.38999998569488525,0.41499999165534973,24100,0.0,0.0
2015-10-13 00:00:00-04:00,0.41499999165534973,0.42500001192092896,0.3709999918937683,0.38499999046325684,120700,0.0,0.0
2015-10-14 00:00:00-04:00,0.38499999046325684,0.38499999046325684,0.375,0.375,33600,0.0,0.0
2015-10-15 00:00:00-04:00,0.37400001287460327,0.3799999952316284,0.37400001287460327,0.3799999952316284,11700,0.0,0.0
2015-10-16 00:00:00-04:00,0.3799999952316284,0.38999998569488525,0.3799999952316284,0.38999998569488525,11500,0.0,0.0
2015-10-19 00:00:00-04:00,0.38999998569488525,0.38999998569488525,0.38999998569488525,0.38999998569488525,2600,0.0,0.0
2015-10-20 00:00:00-04:00,0.38999998569488525,0.38999998569488525,0.38999998569488525,0.38999998569488525,0,0.0,0.0
2015-10-21 00:00:00-04:00,0.3790000081062317,0.3790000081062317,0.3790000081062317,0.3790000081062317,4300,0.0,0.0
2015-10-22 00:00:00-04:00,0.36800000071525574,0.38999998569488525,0.36800000071525574,0.3700000047683716,19800,0.0,0.0
2015-10-23 00:00:00-04:00,0.36800000071525574,0.3799999952316284,0.36800000071525574,0.3799999952316284,12200,0.0,0.0
2015-10-26 00:00:00-04:00,0.3700000047683716,0.3700000047683716,0.34200000762939453,0.3499999940395355,45600,0.0,0.0
2015-10-27 00:00:00-04:00,0.3499999940395355,0.375,0.3499999940395355,0.375,6700,0.0,0.0
2015-10-28 00:00:00-04:00,0.38999998569488525,0.41999998688697815,0.3799999952316284,0.3799999952316284,12400,0.0,0.0
2015-10-29 00:00:00-04:00,0.36000001430511475,0.3700000047683716,0.35199999809265137,0.36500000953674316,38800,0.0,0.0
2015-10-30 00:00:00-04:00,0.36500000953674316,0.4099999964237213,0.35499998927116394,0.4099999964237213,91600,0.0,0.0
2015-11-02 00:00:00-05:00,0.4099999964237213,0.4099999964237213,0.3799999952316284,0.4050000011920929,60300,0.0,0.0
2015-11-03 00:00:00-05:00,0.4099999964237213,0.41499999165534973,0.4000000059604645,0.4099999964237213,58500,0.0,0.0
2015-11-04 00:00:00-05:00,0.3799999952316284,0.3799999952316284,0.3700000047683716,0.3799999952316284,10700,0.0,0.0
2015-11-05 00:00:00-05:00,0.35499998927116394,0.3700000047683716,0.35499998927116394,0.3700000047683716,18100,0.0,0.0
2015-11-06 00:00:00-05:00,0.35499998927116394,0.36000001430511475,0.35499998927116394,0.35499998927116394,16300,0.0,0.0
2015-11-09 00:00:00-05:00,0.36800000071525574,0.4099999964237213,0.36000001430511475,0.3799999952316284,44800,0.0,0.0
2015-11-10 00:00:00-05:00,0.3799999952316284,0.3799999952316284,0.36000001430511475,0.36000001430511475,2200,0.0,0.0
2015-11-11 00:00:00-05:00,0.3700000047683716,0.3700000047683716,0.3700000047683716,0.3700000047683716,5100,0.0,0.0
2015-11-12 00:00:00-05:00,0.36000001430511475,0.36000001430511475,0.35499998927116394,0.35499998927116394,25000,0.0,0.0
2015-11-13 00:00:00-05:00,0.35499998927116394,0.3700000047683716,0.3409999907016754,0.3499999940395355,16500,0.0,0.0
2015-11-16 00:00:00-05:00,0.3499999940395355,0.3499999940395355,0.3109999895095825,0.3499999940395355,34600,0.0,0.0
2015-11-17 00:00:00-05:00,0.36000001430511475,0.36000001430511475,0.36000001430511475,0.36000001430511475,7000,0.0,0.0
2015-11-18 00:00:00-05:00,0.36000001430511475,0.36000001430511475,0.36000001430511475,0.36000001430511475,0,0.0,0.0
2015-11-19 00:00:00-05:00,0.31700000166893005,0.3499999940395355,0.3109999895095825,0.3499999940395355,17100,0.0,0.0
2015-11-20 00:00:00-05:00,0.3499999940395355,0.3499999940395355,0.3499999940395355,0.3499999940395355,2400,0.0,0.0
2015-11-23 00:00:00-05:00,0.35499998927116394,0.35499998927116394,0.31200000643730164,0.35499998927116394,3500,0.0,0.0
2015-11-24 00:00:00-05:00,0.35499998927116394,0.35499998927116394,0.35499998927116394,0.35499998927116394,0,0.0,0.0
2015-11-25 00:00:00-05:00,0.35499998927116394,0.35499998927116394,0.35499998927116394,0.35499998927116394,4000,0.0,0.0
2015-11-27 00:00:00-05:00,0.35499998927116394,0.35499998927116394,0.35499998927116394,0.35499998927116394,500,0.0,0.0
2015-11-30 00:00:00-05:00,0.35499998927116394,0.4099999964237213,0.35499998927116394,0.4099999964237213,80400,0.0,0.0
2015-12-01 00:00:00-05:00,0.4099999964237213,0.4099999964237213,0.4099999964237213,0.4099999964237213,400,0.0,0.0
2015-12-02 00:00:00-05:00,0.4000000059604645,0.4000000059604645,0.36000001430511475,0.38999998569488525,20000,0.0,0.0
2015-12-03 00:00:00-05:00,0.38999998569488525,0.38999998569488525,0.38999998569488525,0.38999998569488525,0,0.0,0.0
2015-12-04 00:00:00-05:00,0.3799999952316284,0.3799999952316284,0.3799999952316284,0.3799999952316284,1000,0.0,0.0
2015-12-07 00:00:00-05:00,0.3700000047683716,0.3700000047683716,0.3700000047683716,0.3700000047683716,4000,0.0,0.0
2015-12-08 00:00:00-05:00,0.3700000047683716,0.3799999952316284,0.3400000035762787,0.36000001430511475,20400,0.0,0.0
2015-12-09 00:00:00-05:00,0.36000001430511475,0.36000001430511475,0.36000001430511475,0.36000001430511475,0,0.0,0.0
2015-12-10 00:00:00-05:00,0.36500000953674316,0.38999998569488525,0.34599998593330383,0.38999998569488525,14400,0.0,0.0
2015-12-11 00:00:00-05:00,0.3799999952316284,0.38999998569488525,0.3700000047683716,0.3700000047683716,45100,0.0,0.0
2015-12-14 00:00:00-05:00,0.3880000114440918,0.38999998569488525,0.36000001430511475,0.3700000047683716,42300,0.0,0.0
2015-12-15 00:00:00-05:00,0.3799999952316284,0.3799999952316284,0.3799999952316284,0.3799999952316284,7000,0.0,0.0
2015-12-16 00:00:00-05:00,0.3409999907016754,0.36000001430511475,0.3400000035762787,0.36000001430511475,10400,0.0,0.0
2015-12-17 00:00:00-05:00,0.36000001430511475,0.38999998569488525,0.34200000762939453,0.34200000762939453,8000,0.0,0.0
2015-12-18 00:00:00-05:00,0.34200000762939453,0.36000001430511475,0.34200000762939453,0.3499999940395355,25000,0.0,0.0
2015-12-21 00:00:00-05:00,0.3499999940395355,0.3779999911785126,0.33000001311302185,0.33500000834465027,14800,0.0,0.0
2015-12-22 00:00:00-05:00,0.3499999940395355,0.3799999952316284,0.3499999940395355,0.3799999952316284,2200,0.0,0.0
2015-12-23 00:00:00-05:00,0.3700000047683716,0.4300000071525574,0.3700000047683716,0.38999998569488525,118700,0.0,0.0
2015-12-24 00:00:00-05:00,0.4000000059604645,0.4300000071525574,0.4000000059604645,0.41999998688697815,30000,0.0,0.0
2015-12-28 00:00:00-05:00,0.4000000059604645,0.46000000834465027,0.4000000059604645,0.46000000834465027,153400,0.0,0.0
2015-12-29 00:00:00-05:00,0.45500001311302185,0.49000000953674316,0.4009999930858612,0.47999998927116394,251300,0.0,0.0
2015-12-30 00:00:00-05:00,0.47999998927116394,0.4950000047683716,0.4699999988079071,0.49000000953674316,200900,0.0,0.0
2015-12-31 00:00:00-05:00,0.49000000953674316,0.550000011920929,0.49000000953674316,0.550000011920929,235000,0.0,0.0
2016-01-04 00:00:00-05:00,0.550000011920929,0.550000011920929,0.49000000953674316,0.49000000953674316,20500,0.0,0.0
2016-01-05 00:00:00-05:00,0.44999998807907104,0.5580000281333923,0.44999998807907104,0.47999998927116394,88700,0.0,0.0
2016-01-06 00:00:00-05:00,0.5,0.5,0.453000009059906,0.453000009059906,18100,0.0,0.0
2016-01-07 00:00:00-05:00,0.44999998807907104,0.49000000953674316,0.4309999942779541,0.4309999942779541,22200,0.0,0.0
2016-01-08 00:00:00-05:00,0.44999998807907104,0.4699999988079071,0.4309999942779541,0.4309999942779541,48000,0.0,0.0
2016-01-11 00:00:00-05:00,0.4309999942779541,0.4309999942779541,0.4020000100135803,0.4099999964237213,51700,0.0,0.0
2016-01-12 00:00:00-05:00,0.4099999964237213,0.44999998807907104,0.4099999964237213,0.4099999964237213,29200,0.0,0.0
2016-01-13 00:00:00-05:00,0.4099999964237213,0.4099999964237213,0.4099999964237213,0.4099999964237213,0,0.0,0.0
2016-01-14 00:00:00-05:00,0.41999998688697815,0.45500001311302185,0.4020000100135803,0.45500001311302185,16500,0.0,0.0
2016-01-15 00:00:00-05:00,0.45399999618530273,0.45399999618530273,0.4269999861717224,0.44999998807907104,11200,0.0,0.0
2016-01-19 00:00:00-05:00,0.4399999976158142,0.4399999976158142,0.4020000100135803,0.43799999356269836,2200,0.0,0.0
2016-01-20 00:00:00-05:00,0.41999998688697815,0.41999998688697815,0.4020000100135803,0.4020000100135803,9300,0.0,0.0
2016-01-21 00:00:00-05:00,0.40400001406669617,0.41999998688697815,0.4020000100135803,0.41999998688697815,31400,0.0,0.0
2016-01-22 00:00:00-05:00,0.4300000071525574,0.4300000071525574,0.3700000047683716,0.4099999964237213,73600,0.0,0.0
2016-01-25 00:00:00-05:00,0.4000000059604645,0.41499999165534973,0.3799999952316284,0.41499999165534973,34500,0.0,0.0
2016-01-26 00:00:00-05:00,0.4050000011920929,0.42500001192092896,0.4050000011920929,0.42500001192092896,20600,0.0,0.0
2016-01-27 00:00:00-05:00,0.4099999964237213,0.4300000071525574,0.4000000059604645,0.4300000071525574,46100,0.0,0.0
2016-01-28 00:00:00-05:00,0.4300000071525574,0.44999998807907104,0.41999998688697815,0.44699999690055847,67500,0.0,0.0
2016-01-29 00:00:00-05:00,0.45500001311302185,0.47999998927116394,0.4350000023841858,0.4699999988079071,47800,0.0,0.0
2016-02-01 00:00:00-05:00,0.4699999988079071,0.4699999988079071,0.453000009059906,0.46000000834465027,12300,0.0,0.0
2016-02-02 00:00:00-05:00,0.46000000834465027,0.4699999988079071,0.4399999976158142,0.4650000035762787,29300,0.0,0.0
2016-02-03 00:00:00-05:00,0.4580000042915344,0.46000000834465027,0.44999998807907104,0.45500001311302185,57200,0.0,0.0
2016-02-04 00:00:00-05:00,0.46000000834465027,0.46000000834465027,0.4569999873638153,0.4580000042915344,37700,0.0,0.0
2016-02-05 00:00:00-05:00,0.4580000042915344,0.4699999988079071,0.4580000042915344,0.4699999988079071,27100,0.0,0.0
2016-02-08 00:00:00-05:00,0.4580000042915344,0.4749999940395355,0.44999998807907104,0.44999998807907104,72500,0.0,0.0
2016-02-09 00:00:00-05:00,0.4300000071525574,0.4779999852180481,0.4300000071525574,0.44999998807907104,8000,0.0,0.0
2016-02-10 00:00:00-05:00,0.4350000023841858,0.4350000023841858,0.4350000023841858,0.4350000023841858,2000,0.0,0.0
2016-02-11 00:00:00-05:00,0.41999998688697815,0.41999998688697815,0.41999998688697815,0.41999998688697815,800,0.0,0.0
2016-02-12 00:00:00-05:00,0.4399999976158142,0.4399999976158142,0.4399999976158142,0.4399999976158142,15000,0.0,0.0
2016-02-16 00:00:00-05:00,0.4699999988079071,0.4699999988079071,0.44999998807907104,0.46000000834465027,30900,0.0,0.0
2016-02-17 00:00:00-05:00,0.46000000834465027,0.47999998927116394,0.46000000834465027,0.47999998927116394,7400,0.0,0.0
2016-02-18 00:00:00-05:00,0.47999998927116394,0.5099999904632568,0.4429999887943268,0.49000000953674316,54500,0.0,0.0
2016-02-19 00:00:00-05:00,0.47999998927116394,0.5299999713897705,0.47999998927116394,0.5199999809265137,34300,0.0,0.0
2016-02-22 00:00:00-05:00,0.5199999809265137,0.5400000214576721,0.5130000114440918,0.5400000214576721,69500,0.0,0.0
2016-02-23 00:00:00-05:00,0.574999988079071,0.5899999737739563,0.5600000023841858,0.5600000023841858,46900,0.0,0.0
2016-02-24 00:00:00-05:00,0.5649999976158142,0.5899999737739563,0.5600000023841858,0.5600000023841858,48800,0.0,0.0
2016-02-25 00:00:00-05:00,0.5809999704360962,0.5899999737739563,0.5600000023841858,0.5600000023841858,15300,0.0,0.0
2016-02-26 00:00:00-05:00,0.5680000185966492,0.5680000185966492,0.550000011920929,0.550000011920929,14400,0.0,0.0
2016-02-29 00:00:00-05:00,0.5249999761581421,0.5699999928474426,0.5199999809265137,0.5699999928474426,19000,0.0,0.0
2016-03-01 00:00:00-05:00,0.5450000166893005,0.5450000166893005,0.5450000166893005,0.5450000166893005,2000,0.0,0.0
2016-03-02 00:00:00-05:00,0.5400000214576721,0.5400000214576721,0.5249999761581421,0.5249999761581421,7700,0.0,0.0
2016-03-03 00:00:00-05:00,0.550000011920929,0.550000011920929,0.550000011920929,0.550000011920929,200,0.0,0.0
2016-03-04 00:00:00-05:00,0.5350000262260437,0.5400000214576721,0.5299999713897705,0.5299999713897705,3400,0.0,0.0
2016-03-07 00:00:00-05:00,0.5479999780654907,0.5479999780654907,0.5199999809265137,0.5199999809265137,29700,0.0,0.0
2016-03-08 00:00:00-05:00,0.5400000214576721,0.5400000214576721,0.5019999742507935,0.5019999742507935,49400,0.0,0.0
2016-03-09 00:00:00-05:00,0.5019999742507935,0.5189999938011169,0.2800000011920929,0.375,311300,0.0,0.0
2016-03-10 00:00:00-05:00,0.375,0.4099999964237213,0.34299999475479126,0.3799999952316284,78100,0.0,0.0
2016-03-11 00:00:00-05:00,0.38999998569488525,0.38999998569488525,0.375,0.375,17500,0.0,0.0
2016-03-14 00:00:00-04:00,0.375,0.38999998569488525,0.2800000011920929,0.3700000047683716,50900,0.0,0.0
2016-03-15 00:00:00-04:00,0.34299999475479126,0.35499998927116394,0.30000001192092896,0.3199999928474426,25100,0.0,0.0
2016-03-16 00:00:00-04:00,0.30000001192092896,0.3700000047683716,0.30000001192092896,0.3400000035762787,52300,0.0,0.0
2016-03-17 00:00:00-04:00,0.34200000762939453,0.3449999988079071,0.3109999895095825,0.3109999895095825,80000,0.0,0.0
2016-03-18 00:00:00-04:00,0.3050000071525574,0.3499999940395355,0.3050000071525574,0.33000001311302185,127200,0.0,0.0
2016-03-21 00:00:00-04:00,0.33000001311302185,0.3499999940395355,0.3050000071525574,0.33000001311302185,35700,0.0,0.0
2016-03-22 00:00:00-04:00,0.3400000035762787,0.3400000035762787,0.30000001192092896,0.3050000071525574,39600,0.0,0.0
2016-03-23 00:00:00-04:00,0.3050000071525574,0.3400000035762787,0.3050000071525574,0.3199999928474426,21200,0.0,0.0
2016-03-24 00:00:00-04:00,0.3400000035762787,0.3400000035762787,0.3100000023841858,0.3100000023841858,68200,0.0,0.0
2016-03-28 00:00:00-04:00,0.33000001311302185,0.335999995470047,0.328000009059906,0.328000009059906,23500,0.0,0.0
2016-03-29 00:00:00-04:00,0.328000009059906,0.328000009059906,0.30000001192092896,0.30000001192092896,109100,0.0,0.0
2016-03-30 00:00:00-04:00,0.32499998807907104,0.32499998807907104,0.28999999165534973,0.30000001192092896,105800,0.0,0.0
2016-03-31 00:00:00-04:00,0.30000001192092896,0.3400000035762787,0.30000001192092896,0.3400000035762787,91300,0.0,0.0
2016-04-01 00:00:00-04:00,0.3199999928474426,0.3400000035762787,0.3199999928474426,0.3400000035762787,25000,0.0,0.0
2016-04-04 00:00:00-04:00,0.3400000035762787,0.3400000035762787,0.30399999022483826,0.33000001311302185,31900,0.0,0.0
2016-04-05 00:00:00-04:00,0.33000001311302185,0.33000001311302185,0.3199999928474426,0.33000001311302185,73500,0.0,0.0
2016-04-06 00:00:00-04:00,0.3179999887943268,0.33000001311302185,0.3100000023841858,0.33000001311302185,55100,0.0,0.0
2016-04-07 00:00:00-04:00,0.33000001311302185,0.33000001311302185,0.3050000071525574,0.3050000071525574,4400,0.0,0.0
2016-04-08 00:00:00-04:00,0.3050000071525574,0.31700000166893005,0.3050000071525574,0.3100000023841858,3300,0.0,0.0
2016-04-11 00:00:00-04:00,0.31299999356269836,0.33000001311302185,0.30399999022483826,0.33000001311302185,62600,0.0,0.0
2016-04-12 00:00:00-04:00,0.3199999928474426,0.3449999988079071,0.3109999895095825,0.3400000035762787,15400,0.0,0.0
2016-04-13 00:00:00-04:00,0.3400000035762787,0.3400000035762787,0.3400000035762787,0.3400000035762787,5500,0.0,0.0
2016-04-14 00:00:00-04:00,0.3199999928474426,0.3449999988079071,0.3199999928474426,0.3449999988079071,8400,0.0,0.0
2016-04-15 00:00:00-04:00,0.3449999988079071,0.3499999940395355,0.3199999928474426,0.3199999928474426,11600,0.0,0.0
2016-04-18 00:00:00-04:00,0.33000001311302185,0.35199999809265137,0.33000001311302185,0.35199999809265137,7000,0.0,0.0
2016-04-19 00:00:00-04:00,0.35499998927116394,0.36000001430511475,0.35499998927116394,0.36000001430511475,28600,0.0,0.0
2016-04-20 00:00:00-04:00,0.36000001430511475,0.36000001430511475,0.3490000069141388,0.3490000069141388,14900,0.0,0.0
2016-04-21 00:00:00-04:00,0.35499998927116394,0.36000001430511475,0.35499998927116394,0.36000001430511475,7200,0.0,0.0
2016-04-22 00:00:00-04:00,0.36000001430511475,0.36000001430511475,0.3499999940395355,0.3499999940395355,1300,0.0,0.0
2016-04-25 00:00:00-04:00,0.35199999809265137,0.35199999809265137,0.3499999940395355,0.3499999940395355,2900,0.0,0.0
2016-04-26 00:00:00-04:00,0.3499999940395355,0.3499999940395355,0.3449999988079071,0.3499999940395355,11600,0.0,0.0
2016-04-27 00:00:00-04:00,0.35499998927116394,0.35499998927116394,0.3449999988079071,0.3499999940395355,49500,0.0,0.0
2016-04-28 00:00:00-04:00,0.3499999940395355,0.3499999940395355,0.3499999940395355,0.3499999940395355,10000,0.0,0.0
2016-04-29 00:00:00-04:00,0.3499999940395355,0.3499999940395355,0.3499999940395355,0.3499999940395355,12800,0.0,0.0
2016-05-02 00:00:00-04:00,0.3449999988079071,0.36000001430511475,0.3449999988079071,0.36000001430511475,13200,0.0,0.0
2016-05-03 00:00:00-04:00,0.36000001430511475,0.36000001430511475,0.36000001430511475,0.36000001430511475,900,0.0,0.0
2016-05-04 00:00:00-04:00,0.35899999737739563,0.36000001430511475,0.3400000035762787,0.3400000035762787,30100,0.0,0.0
2016-05-05 00:00:00-04:00,0.3449999988079071,0.3449999988079071,0.3449999988079071,0.3449999988079071,2500,0.0,0.0
2016-05-06 00:00:00-04:00,0.3449999988079071,0.36000001430511475,0.3449999988079071,0.36000001430511475,4300,0.0,0.0
2016-05-09 00:00:00-04:00,0.36000001430511475,0.36500000953674316,0.3400000035762787,0.36500000953674316,27100,0.0,0.0
2016-05-10 00:00:00-04:00,0.3449999988079071,0.36500000953674316,0.3449999988079071,0.36500000953674316,1800,0.0,0.0
2016-05-11 00:00:00-04:00,0.35600000619888306,0.3610000014305115,0.3449999988079071,0.3499999940395355,20800,0.0,0.0
2016-05-12 00:00:00-04:00,0.3499999940395355,0.3499999940395355,0.3449999988079071,0.3449999988079071,24900,0.0,0.0
2016-05-13 00:00:00-04:00,0.34599998593330383,0.34599998593330383,0.3449999988079071,0.3449999988079071,10000,0.0,0.0
2016-05-16 00:00:00-04:00,0.3490000069141388,0.35199999809265137,0.3449999988079071,0.3499999940395355,56000,0.0,0.0
2016-05-17 00:00:00-04:00,0.35199999809265137,0.35499998927116394,0.35199999809265137,0.35499998927116394,38700,0.0,0.0
2016-05-18 00:00:00-04:00,0.35100001096725464,0.3540000021457672,0.3449999988079071,0.3449999988079071,7600,0.0,0.0
2016-05-19 00:00:00-04:00,0.3499999940395355,0.3499999940395355,0.3449999988079071,0.34599998593330383,10500,0.0,0.0
2016-05-20 00:00:00-04:00,0.3449999988079071,0.35499998927116394,0.3449999988079071,0.3449999988079071,17800,0.0,0.0
2016-05-23 00:00:00-04:00,0.36000001430511475,0.36000001430511475,0.3449999988079071,0.3490000069141388,14900,0.0,0.0
2016-05-24 00:00:00-04:00,0.34700000286102295,0.35499998927116394,0.3449999988079071,0.3449999988079071,34500,0.0,0.0
2016-05-25 00:00:00-04:00,0.3449999988079071,0.3449999988079071,0.2809999883174896,0.3190000057220459,148900,0.0,0.0
2016-05-26 00:00:00-04:00,0.32899999618530273,0.33899998664855957,0.32899999618530273,0.33899998664855957,27500,0.0,0.0
2016-05-27 00:00:00-04:00,0.32499998807907104,0.33000001311302185,0.3199999928474426,0.3199999928474426,3300,0.0,0.0
2016-05-31 00:00:00-04:00,0.3199999928474426,0.35199999809265137,0.3199999928474426,0.35199999809265137,20300,0.0,0.0
2016-06-01 00:00:00-04:00,0.35199999809265137,0.35199999809265137,0.28999999165534973,0.28999999165534973,74900,0.0,0.0
2016-06-02 00:00:00-04:00,0.3190000057220459,0.3499999940395355,0.3149999976158142,0.3149999976158142,8200,0.0,0.0
2016-06-03 00:00:00-04:00,0.3149999976158142,0.3149999976158142,0.3149999976158142,0.3149999976158142,0,0.0,0.0
2016-06-06 00:00:00-04:00,0.33899998664855957,0.33899998664855957,0.3199999928474426,0.3199999928474426,3500,0.0,0.0
2016-06-07 00:00:00-04:00,0.33000001311302185,0.33000001311302185,0.33000001311302185,0.33000001311302185,10000,0.0,0.0
2016-06-08 00:00:00-04:00,0.33000001311302185,0.33000001311302185,0.33000001311302185,0.33000001311302185,0,0.0,0.0
2016-06-09 00:00:00-04:00,0.35899999737739563,0.35899999737739563,0.35899999737739563,0.35899999737739563,800,0.0,0.0
2016-06-10 00:00:00-04:00,0.35899999737739563,0.35899999737739563,0.35899999737739563,0.35899999737739563,0,0.0,0.0
2016-06-13 00:00:00-04:00,0.4000000059604645,0.4000000059604645,0.3050000071525574,0.3050000071525574,33000,0.0,0.0
2016-06-14 00:00:00-04:00,0.2750000059604645,0.39899998903274536,0.2750000059604645,0.3610000014305115,1800,0.0,0.0
2016-06-15 00:00:00-04:00,0.3050000071525574,0.3179999887943268,0.3050000071525574,0.3050000071525574,4900,0.0,0.0
2016-06-16 00:00:00-04:00,0.3400000035762787,0.34200000762939453,0.3400000035762787,0.3400000035762787,6900,0.0,0.0
2016-06-17 00:00:00-04:00,0.30000001192092896,0.33000001311302185,0.30000001192092896,0.32499998807907104,15300,0.0,0.0
2016-06-20 00:00:00-04:00,0.32499998807907104,0.39500001072883606,0.30799999833106995,0.3100000023841858,39100,0.0,0.0
2016-06-21 00:00:00-04:00,0.30000001192092896,0.3199999928474426,0.30000001192092896,0.3199999928474426,17900,0.0,0.0
2016-06-22 00:00:00-04:00,0.3199999928474426,0.3199999928474426,0.3199999928474426,0.3199999928474426,0,0.0,0.0
2016-06-23 00:00:00-04:00,0.3149999976158142,0.35499998927116394,0.3149999976158142,0.35499998927116394,34800,0.0,0.0
2016-06-24 00:00:00-04:00,0.3100000023841858,0.33500000834465027,0.3100000023841858,0.32499998807907104,10000,0.0,0.0
2016-06-27 00:00:00-04:00,0.3400000035762787,0.38499999046325684,0.33000001311302185,0.3449999988079071,32800,0.0,0.0
2016-06-28 00:00:00-04:00,0.36899998784065247,0.3799999952316284,0.32499998807907104,0.3400000035762787,29300,0.0,0.0
2016-06-29 00:00:00-04:00,0.3499999940395355,0.3499999940395355,0.3499999940395355,0.3499999940395355,3900,0.0,0.0
2016-06-30 00:00:00-04:00,0.36000001430511475,0.49000000953674316,0.36000001430511475,0.49000000953674316,119900,0.0,0.0
2016-07-01 00:00:00-04:00,0.49000000953674316,0.49000000953674316,0.38999998569488525,0.44999998807907104,99000,0.0,0.0
2016-07-05 00:00:00-04:00,0.4399999976158142,0.4519999921321869,0.4300000071525574,0.4300000071525574,52200,0.0,0.0
2016-07-06 00:00:00-04:00,0.4399999976158142,0.4699999988079071,0.4399999976158142,0.4699999988079071,38900,0.0,0.0
2016-07-07 00:00:00-04:00,0.4399999976158142,0.4699999988079071,0.4399999976158142,0.4699999988079071,25800,0.0,0.0
2016-07-08 00:00:00-04:00,0.44999998807907104,0.4650000035762787,0.4399999976158142,0.44999998807907104,43700,0.0,0.0
2016-07-11 00:00:00-04:00,0.4699999988079071,0.4699999988079071,0.44999998807907104,0.4699999988079071,14200,0.0,0.0
2016-07-12 00:00:00-04:00,0.4699999988079071,0.4699999988079071,0.4399999976158142,0.4399999976158142,20300,0.0,0.0
2016-07-13 00:00:00-04:00,0.4399999976158142,0.46000000834465027,0.4399999976158142,0.46000000834465027,2000,0.0,0.0
2016-07-14 00:00:00-04:00,0.46000000834465027,0.4699999988079071,0.4399999976158142,0.4399999976158142,86600,0.0,0.0
2016-07-15 00:00:00-04:00,0.4399999976158142,0.4699999988079071,0.4399999976158142,0.4699999988079071,24100,0.0,0.0
2016-07-18 00:00:00-04:00,0.45899999141693115,0.4699999988079071,0.45899999141693115,0.45899999141693115,26400,0.0,0.0
2016-07-19 00:00:00-04:00,0.46799999475479126,0.4699999988079071,0.460999995470047,0.460999995470047,7800,0.0,0.0
2016-07-20 00:00:00-04:00,0.46000000834465027,0.4690000116825104,0.46000000834465027,0.46000000834465027,21800,0.0,0.0
2016-07-21 00:00:00-04:00,0.4690000116825104,0.4690000116825104,0.4399999976158142,0.4399999976158142,40400,0.0,0.0
2016-07-22 00:00:00-04:00,0.44999998807907104,0.44999998807907104,0.44999998807907104,0.44999998807907104,5000,0.0,0.0
2016-07-25 00:00:00-04:00,0.4399999976158142,0.44200000166893005,0.4300000071525574,0.4300000071525574,74000,0.0,0.0
2016-07-26 00:00:00-04:00,0.44200000166893005,0.4429999887943268,0.41999998688697815,0.41999998688697815,82400,0.0,0.0
2016-07-27 00:00:00-04:00,0.4359999895095825,0.44999998807907104,0.42100000381469727,0.42100000381469727,38200,0.0,0.0
2016-07-28 00:00:00-04:00,0.42399999499320984,0.4399999976158142,0.41999998688697815,0.4300000071525574,49200,0.0,0.0
2016-07-29 00:00:00-04:00,0.4399999976158142,0.4699999988079071,0.4399999976158142,0.4699999988079071,40600,0.0,0.0
2016-08-01 00:00:00-04:00,0.44999998807907104,0.46000000834465027,0.4300000071525574,0.44999998807907104,62900,0.0,0.0
2016-08-02 00:00:00-04:00,0.44600000977516174,0.5,0.4410000145435333,0.4860000014305115,79400,0.0,0.0
2016-08-03 00:00:00-04:00,0.492000013589859,0.492000013589859,0.4699999988079071,0.4699999988079071,22800,0.0,0.0
2016-08-04 00:00:00-04:00,0.47999998927116394,0.47999998927116394,0.4399999976158142,0.46399998664855957,26700,0.0,0.0
2016-08-05 00:00:00-04:00,0.4650000035762787,0.492000013589859,0.46000000834465027,0.4699999988079071,22300,0.0,0.0
2016-08-08 00:00:00-04:00,0.5,0.5,0.46000000834465027,0.46000000834465027,23200,0.0,0.0
2016-08-09 00:00:00-04:00,0.44999998807907104,0.47999998927116394,0.4429999887943268,0.44999998807907104,38800,0.0,0.0
2016-08-10 00:00:00-04:00,0.453000009059906,0.4560000002384186,0.4399999976158142,0.4399999976158142,55200,0.0,0.0
2016-08-11 00:00:00-04:00,0.4399999976158142,0.4399999976158142,0.4399999976158142,0.4399999976158142,20000,0.0,0.0
2016-08-12 00:00:00-04:00,0.44699999690055847,0.44699999690055847,0.41499999165534973,0.4300000071525574,36400,0.0,0.0
2016-08-15 00:00:00-04:00,0.4300000071525574,0.5099999904632568,0.4300000071525574,0.5099999904632568,63600,0.0,0.0
2016-08-16 00:00:00-04:00,0.4410000145435333,0.47999998927116394,0.4410000145435333,0.4729999899864197,37800,0.0,0.0
2016-08-17 00:00:00-04:00,0.44999998807907104,0.44999998807907104,0.4399999976158142,0.44999998807907104,43500,0.0,0.0
2016-08-18 00:00:00-04:00,0.4300000071525574,0.4699999988079071,0.4300000071525574,0.4399999976158142,18500,0.0,0.0
2016-08-19 00:00:00-04:00,0.4300000071525574,0.4300000071525574,0.42500001192092896,0.4300000071525574,21000,0.0,0.0
2016-08-22 00:00:00-04:00,0.5,0.5,0.4099999964237213,0.4099999964237213,29600,0.0,0.0
2016-08-23 00:00:00-04:00,0.41100001335144043,0.41999998688697815,0.3799999952316284,0.4099999964237213,25600,0.0,0.0
2016-08-24 00:00:00-04:00,0.4099999964237213,0.4099999964237213,0.3700000047683716,0.3799999952316284,41000,0.0,0.0
2016-08-25 00:00:00-04:00,0.3840000033378601,0.3840000033378601,0.3840000033378601,0.3840000033378601,4400,0.0,0.0
2016-08-26 00:00:00-04:00,0.3869999945163727,0.3880000114440918,0.3869999945163727,0.3880000114440918,15800,0.0,0.0
2016-08-29 00:00:00-04:00,0.37299999594688416,0.3970000147819519,0.3700000047683716,0.3799999952316284,64200,0.0,0.0
2016-08-30 00:00:00-04:00,0.3709999918937683,0.4000000059604645,0.3709999918937683,0.4000000059604645,9900,0.0,0.0
2016-08-31 00:00:00-04:00,0.4000000059604645,0.4399999976158142,0.38999998569488525,0.4399999976158142,51600,0.0,0.0
2016-09-01 00:00:00-04:00,0.4399999976158142,0.4399999976158142,0.4399999976158142,0.4399999976158142,0,0.0,0.0
2016-09-02 00:00:00-04:00,0.48500001430511475,0.48500001430511475,0.44999998807907104,0.44999998807907104,6300,0.0,0.0
2016-09-06 00:00:00-04:00,0.46000000834465027,0.46000000834465027,0.4449999928474426,0.4449999928474426,8500,0.0,0.0
2016-09-07 00:00:00-04:00,0.44999998807907104,0.44999998807907104,0.44999998807907104,0.44999998807907104,20000,0.0,0.0
2016-09-08 00:00:00-04:00,0.4399999976158142,0.4399999976158142,0.41999998688697815,0.41999998688697815,3500,0.0,0.0
2016-09-09 00:00:00-04:00,0.42500001192092896,0.42500001192092896,0.42500001192092896,0.42500001192092896,1800,0.0,0.0
2016-09-12 00:00:00-04:00,0.4350000023841858,0.4350000023841858,0.41999998688697815,0.41999998688697815,10000,0.0,0.0
2016-09-13 00:00:00-04:00,0.4009999930858612,0.42500001192092896,0.4009999930858612,0.4009999930858612,31000,0.0,0.0
2016-09-14 00:00:00-04:00,0.4009999930858612,0.4050000011920929,0.38999998569488525,0.38999998569488525,5600,0.0,0.0
2016-09-15 00:00:00-04:00,0.39800000190734863,0.39800000190734863,0.39800000190734863,0.39800000190734863,500,0.0,0.0
2016-09-16 00:00:00-04:00,0.36500000953674316,0.36500000953674316,0.36500000953674316,0.36500000953674316,500,0.0,0.0
2016-09-19 00:00:00-04:00,0.38199999928474426,0.38199999928474426,0.375,0.375,2000,0.0,0.0
2016-09-20 00:00:00-04:00,0.3720000088214874,0.39800000190734863,0.3700000047683716,0.3700000047683716,31000,0.0,0.0
2016-09-21 00:00:00-04:00,0.3889999985694885,0.41499999165534973,0.3889999985694885,0.4000000059604645,23000,0.0,0.0
2016-09-22 00:00:00-04:00,0.41999998688697815,0.41999998688697815,0.38999998569488525,0.38999998569488525,2600,0.0,0.0
2016-09-23 00:00:00-04:00,0.39500001072883606,0.4050000011920929,0.38999998569488525,0.38999998569488525,18000,0.0,0.0
2016-09-26 00:00:00-04:00,0.38499999046325684,0.38499999046325684,0.38499999046325684,0.38499999046325684,1600,0.0,0.0
2016-09-27 00:00:00-04:00,0.39500001072883606,0.39500001072883606,0.38999998569488525,0.38999998569488525,5800,0.0,0.0
2016-09-28 00:00:00-04:00,0.38999998569488525,0.38999998569488525,0.3880000114440918,0.38999998569488525,7500,0.0,0.0
2016-09-29 00:00:00-04:00,0.4300000071525574,0.4350000023841858,0.4099999964237213,0.4300000071525574,37200,0.0,0.0
2016-09-30 00:00:00-04:00,0.4300000071525574,0.46000000834465027,0.4300000071525574,0.46000000834465027,117400,0.0,0.0
2016-10-03 00:00:00-04:00,0.46000000834465027,0.46000000834465027,0.42500001192092896,0.42500001192092896,20800,0.0,0.0
2016-10-04 00:00:00-04:00,0.4359999895095825,0.46000000834465027,0.4359999895095825,0.4399999976158142,15900,0.0,0.0
2016-10-05 00:00:00-04:00,0.4399999976158142,0.46000000834465027,0.4399999976158142,0.4399999976158142,28200,0.0,0.0
2016-10-06 00:00:00-04:00,0.44600000977516174,0.44999998807907104,0.4449999928474426,0.4449999928474426,5200,0.0,0.0
2016-10-07 00:00:00-04:00,0.44600000977516174,0.44600000977516174,0.4000000059604645,0.4300000071525574,27800,0.0,0.0
2016-10-10 00:00:00-04:00,0.4350000023841858,0.4350000023841858,0.4099999964237213,0.4300000071525574,34400,0.0,0.0
2016-10-11 00:00:00-04:00,0.41999998688697815,0.41999998688697815,0.41999998688697815,0.41999998688697815,14500,0.0,0.0
2016-10-12 00:00:00-04:00,0.4300000071525574,0.4300000071525574,0.42500001192092896,0.42500001192092896,3100,0.0,0.0
2016-10-13 00:00:00-04:00,0.4300000071525574,0.4350000023841858,0.41999998688697815,0.41999998688697815,18600,0.0,0.0
2016-10-14 00:00:00-04:00,0.41999998688697815,0.4350000023841858,0.41999998688697815,0.4300000071525574,31200,0.0,0.0
2016-10-17 00:00:00-04:00,0.4300000071525574,0.44999998807907104,0.4300000071525574,0.44999998807907104,26500,0.0,0.0
2016-10-18 00:00:00-04:00,0.4399999976158142,0.4399999976158142,0.4099999964237213,0.4099999964237213,25500,0.0,0.0
2016-10-19 00:00:00-04:00,0.4099999964237213,0.4099999964237213,0.4099999964237213,0.4099999964237213,0,0.0,0.0
2016-10-20 00:00:00-04:00,0.4099999964237213,0.4099999964237213,0.4099999964237213,0.4099999964237213,100,0.0,0.0
2016-10-21 00:00:00-04:00,0.41100001335144043,0.41100001335144043,0.4099999964237213,0.4099999964237213,20900,0.0,0.0
2016-10-24 00:00:00-04:00,0.4099999964237213,0.4300000071525574,0.4099999964237213,0.4300000071525574,24400,0.0,0.0
2016-10-25 00:00:00-04:00,0.4300000071525574,0.44999998807907104,0.4300000071525574,0.4300000071525574,18300,0.0,0.0
2016-10-26 00:00:00-04:00,0.4320000112056732,0.4399999976158142,0.4300000071525574,0.4399999976158142,20300,0.0,0.0
2016-10-27 00:00:00-04:00,0.4399999976158142,0.4399999976158142,0.4300000071525574,0.4300000071525574,23300,0.0,0.0
2016-10-28 00:00:00-04:00,0.4300000071525574,0.4350000023841858,0.4099999964237213,0.4350000023841858,23500,0.0,0.0
2016-10-31 00:00:00-04:00,0.4350000023841858,0.45500001311302185,0.41999998688697815,0.45500001311302185,58900,0.0,0.0
2016-11-01 00:00:00-04:00,0.4449999928474426,0.46000000834465027,0.42800000309944153,0.42800000309944153,17700,0.0,0.0
2016-11-02 00:00:00-04:00,0.4300000071525574,0.4300000071525574,0.4300000071525574,0.4300000071525574,1000,0.0,0.0
2016-11-03 00:00:00-04:00,0.41999998688697815,0.41999998688697815,0.41999998688697815,0.41999998688697815,15900,0.0,0.0
2016-11-04 00:00:00-04:00,0.4099999964237213,0.41999998688697815,0.4000000059604645,0.4000000059604645,42800,0.0,0.0
2016-11-07 00:00:00-05:00,0.4000000059604645,0.42500001192092896,0.4000000059604645,0.42500001192092896,38700,0.0,0.0
2016-11-08 00:00:00-05:00,0.4099999964237213,0.42500001192092896,0.4099999964237213,0.42500001192092896,3300,0.0,0.0
2016-11-09 00:00:00-05:00,0.3799999952316284,0.41999998688697815,0.3799999952316284,0.41999998688697815,8200,0.0,0.0
2016-11-10 00:00:00-05:00,0.4259999990463257,0.4650000035762787,0.4259999990463257,0.4650000035762787,21800,0.0,0.0
2016-11-11 00:00:00-05:00,0.44999998807907104,0.44999998807907104,0.42100000381469727,0.4399999976158142,24900,0.0,0.0
2016-11-14 00:00:00-05:00,0.4300000071525574,0.44999998807907104,0.4020000100135803,0.4449999928474426,56800,0.0,0.0
2016-11-15 00:00:00-05:00,0.4320000112056732,0.45500001311302185,0.4320000112056732,0.45500001311302185,17000,0.0,0.0
2016-11-16 00:00:00-05:00,0.42399999499320984,0.42399999499320984,0.42399999499320984,0.42399999499320984,1000,0.0,0.0
2016-11-17 00:00:00-05:00,0.4399999976158142,0.4399999976158142,0.4399999976158142,0.4399999976158142,13400,0.0,0.0
2016-11-18 00:00:00-05:00,0.44999998807907104,0.44999998807907104,0.4350000023841858,0.4350000023841858,10100,0.0,0.0
2016-11-21 00:00:00-05:00,0.4449999928474426,0.44999998807907104,0.4429999887943268,0.44999998807907104,18300,0.0,0.0
2016-11-22 00:00:00-05:00,0.4350000023841858,0.44999998807907104,0.42500001192092896,0.42500001192092896,22900,0.0,0.0
2016-11-23 00:00:00-05:00,0.42500001192092896,0.42500001192092896,0.42500001192092896,0.42500001192092896,0,0.0,0.0
2016-11-25 00:00:00-05:00,0.42500001192092896,0.42500001192092896,0.42500001192092896,0.42500001192092896,0,0.0,0.0
2016-11-28 00:00:00-05:00,0.42500001192092896,0.4399999976158142,0.42500001192092896,0.4399999976158142,57900,0.0,0.0
2016-11-29 00:00:00-05:00,0.4399999976158142,0.4399999976158142,0.4300000071525574,0.4300000071525574,22800,0.0,0.0
2016-11-30 00:00:00-05:00,0.41999998688697815,0.46000000834465027,0.41999998688697815,0.46000000834465027,59700,0.0,0.0
2016-12-01 00:00:00-05:00,0.45500001311302185,0.46000000834465027,0.41999998688697815,0.41999998688697815,28400,0.0,0.0
2016-12-02 00:00:00-05:00,0.4309999942779541,0.4309999942779541,0.4259999990463257,0.4259999990463257,2000,0.0,0.0
2016-12-05 00:00:00-05:00,0.42500001192092896,0.42500001192092896,0.41200000047683716,0.41200000047683716,26200,0.0,0.0
2016-12-06 00:00:00-05:00,0.41499999165534973,0.41499999165534973,0.3799999952316284,0.3799999952316284,4200,0.0,0.0
2016-12-07 00:00:00-05:00,0.3799999952316284,0.41999998688697815,0.3799999952316284,0.4050000011920929,38100,0.0,0.0
2016-12-08 00:00:00-05:00,0.38499999046325684,0.41999998688697815,0.3610000014305115,0.41999998688697815,52300,0.0,0.0
2016-12-09 00:00:00-05:00,0.38199999928474426,0.4099999964237213,0.38199999928474426,0.4099999964237213,12000,0.0,0.0
2016-12-12 00:00:00-05:00,0.4099999964237213,0.4099999964237213,0.4099999964237213,0.4099999964237213,0,0.0,0.0
2016-12-13 00:00:00-05:00,0.4099999964237213,0.4099999964237213,0.4099999964237213,0.4099999964237213,0,0.0,0.0
2016-12-14 00:00:00-05:00,0.39100000262260437,0.39100000262260437,0.38600000739097595,0.38600000739097595,5500,0.0,0.0
2016-12-15 00:00:00-05:00,0.39899998903274536,0.39899998903274536,0.39899998903274536,0.39899998903274536,100,0.0,0.0
2016-12-16 00:00:00-05:00,0.38499999046325684,0.38499999046325684,0.3700000047683716,0.38499999046325684,18900,0.0,0.0
2016-12-19 00:00:00-05:00,0.3799999952316284,0.3799999952316284,0.3799999952316284,0.3799999952316284,500,0.0,0.0
2016-12-20 00:00:00-05:00,0.3799999952316284,0.3799999952316284,0.3799999952316284,0.3799999952316284,0,0.0,0.0
2016-12-21 00:00:00-05:00,0.38499999046325684,0.4050000011920929,0.38499999046325684,0.3930000066757202,186800,0.0,0.0
2016-12-22 00:00:00-05:00,0.39500001072883606,0.4090000092983246,0.39500001072883606,0.4000000059604645,49300,0.0,0.0
2016-12-23 00:00:00-05:00,0.40700000524520874,0.4180000126361847,0.4000000059604645,0.4180000126361847,22700,0.0,0.0
2016-12-27 00:00:00-05:00,0.4000000059604645,0.40700000524520874,0.4000000059604645,0.4000000059604645,15300,0.0,0.0
2016-12-28 00:00:00-05:00,0.4000000059604645,0.4180000126361847,0.4000000059604645,0.4180000126361847,13100,0.0,0.0
2016-12-29 00:00:00-05:00,0.41999998688697815,0.460999995470047,0.4099999964237213,0.460999995470047,109900,0.0,0.0
2016-12-30 00:00:00-05:00,0.4650000035762787,0.5049999952316284,0.46000000834465027,0.5,320000,0.0,0.0
2017-01-03 00:00:00-05:00,0.5049999952316284,0.5049999952316284,0.4300000071525574,0.44999998807907104,58800,0.0,0.0
2017-01-04 00:00:00-05:00,0.42100000381469727,0.42100000381469727,0.42100000381469727,0.42100000381469727,1400,0.0,0.0
2017-01-05 00:00:00-05:00,0.45899999141693115,0.49000000953674316,0.45899999141693115,0.49000000953674316,2800,0.0,0.0
2017-01-06 00:00:00-05:00,0.41999998688697815,0.4790000021457672,0.41999998688697815,0.4699999988079071,30100,0.0,0.0
2017-01-09 00:00:00-05:00,0.4560000002384186,0.4560000002384186,0.41999998688697815,0.4399999976158142,32100,0.0,0.0
2017-01-10 00:00:00-05:00,0.42100000381469727,0.42899999022483826,0.42100000381469727,0.42100000381469727,23400,0.0,0.0
2017-01-11 00:00:00-05:00,0.4300000071525574,0.49000000953674316,0.4300000071525574,0.46000000834465027,66400,0.0,0.0
2017-01-12 00:00:00-05:00,0.45500001311302185,0.47200000286102295,0.44999998807907104,0.44999998807907104,12200,0.0,0.0
2017-01-13 00:00:00-05:00,0.4429999887943268,0.4429999887943268,0.42100000381469727,0.4350000023841858,17600,0.0,0.0
2017-01-17 00:00:00-05:00,0.42100000381469727,0.42100000381469727,0.4099999964237213,0.4099999964237213,27000,0.0,0.0
2017-01-18 00:00:00-05:00,0.4180000126361847,0.4180000126361847,0.4099999964237213,0.4099999964237213,5500,0.0,0.0
2017-01-19 00:00:00-05:00,0.4099999964237213,0.4099999964237213,0.4099999964237213,0.4099999964237213,0,0.0,0.0
2017-01-20 00:00:00-05:00,0.4009999930858612,0.41999998688697815,0.4009999930858612,0.41999998688697815,43800,0.0,0.0
2017-01-23 00:00:00-05:00,0.4099999964237213,0.4300000071525574,0.4099999964237213,0.41999998688697815,29200,0.0,0.0
2017-01-24 00:00:00-05:00,0.41999998688697815,0.4300000071525574,0.41999998688697815,0.41999998688697815,15500,0.0,0.0
2017-01-25 00:00:00-05:00,0.4300000071525574,0.4300000071525574,0.4009999930858612,0.4009999930858612,24900,0.0,0.0
2017-01-26 00:00:00-05:00,0.4009999930858612,0.4009999930858612,0.4009999930858612,0.4009999930858612,0,0.0,0.0
2017-01-27 00:00:00-05:00,0.40700000524520874,0.4399999976158142,0.4000000059604645,0.4399999976158142,17400,0.0,0.0
2017-01-30 00:00:00-05:00,0.4300000071525574,0.4449999928474426,0.4300000071525574,0.4449999928474426,10200,0.0,0.0
2017-01-31 00:00:00-05:00,0.41999998688697815,0.4399999976158142,0.4000000059604645,0.4399999976158142,64800,0.0,0.0
2017-02-01 00:00:00-05:00,0.4399999976158142,0.4399999976158142,0.4399999976158142,0.4399999976158142,0,0.0,0.0
2017-02-02 00:00:00-05:00,0.4000000059604645,0.41999998688697815,0.3799999952316284,0.38999998569488525,44200,0.0,0.0
2017-02-03 00:00:00-05:00,0.4099999964237213,0.41999998688697815,0.38999998569488525,0.41999998688697815,11800,0.0,0.0
2017-02-06 00:00:00-05:00,0.4000000059604645,0.4000000059604645,0.38999998569488525,0.4000000059604645,2900,0.0,0.0
2017-02-07 00:00:00-05:00,0.38999998569488525,0.38999998569488525,0.3799999952316284,0.3799999952316284,17000,0.0,0.0
2017-02-08 00:00:00-05:00,0.4000000059604645,0.4000000059604645,0.4000000059604645,0.4000000059604645,100,0.0,0.0
2017-02-09 00:00:00-05:00,0.4000000059604645,0.4000000059604645,0.4000000059604645,0.4000000059604645,0,0.0,0.0
2017-02-10 00:00:00-05:00,0.3880000114440918,0.3880000114440918,0.3799999952316284,0.3799999952316284,11300,0.0,0.0
2017-02-13 00:00:00-05:00,0.4000000059604645,0.4000000059604645,0.4000000059604645,0.4000000059604645,26300,0.0,0.0
2017-02-14 00:00:00-05:00,0.4000000059604645,0.4000000059604645,0.4000000059604645,0.4000000059604645,0,0.0,0.0
2017-02-15 00:00:00-05:00,0.40799999237060547,0.41999998688697815,0.4000000059604645,0.4099999964237213,3900,0.0,0.0
2017-02-16 00:00:00-05:00,0.41999998688697815,0.4350000023841858,0.41999998688697815,0.41999998688697815,11800,0.0,0.0
2017-02-17 00:00:00-05:00,0.4300000071525574,0.4399999976158142,0.4000000059604645,0.4399999976158142,13000,0.0,0.0
2017-02-21 00:00:00-05:00,0.4399999976158142,0.4399999976158142,0.4399999976158142,0.4399999976158142,0,0.0,0.0
2017-02-22 00:00:00-05:00,0.4399999976158142,0.4399999976158142,0.4399999976158142,0.4399999976158142,0,0.0,0.0
2017-02-23 00:00:00-05:00,0.4399999976158142,0.4399999976158142,0.4399999976158142,0.4399999976158142,9000,0.0,0.0
2017-02-24 00:00:00-05:00,0.4390000104904175,0.4390000104904175,0.4390000104904175,0.4390000104904175,500,0.0,0.0
2017-02-27 00:00:00-05:00,0.4390000104904175,0.4390000104904175,0.4390000104904175,0.4390000104904175,0,0.0,0.0
2017-02-28 00:00:00-05:00,0.38999998569488525,0.42500001192092896,0.3889999985694885,0.42500001192092896,24300,0.0,0.0
2017-03-01 00:00:00-05:00,0.38999998569488525,0.41999998688697815,0.38600000739097595,0.38600000739097595,17600,0.0,0.0
2017-03-02 00:00:00-05:00,0.42899999022483826,0.42899999022483826,0.35100001096725464,0.4000000059604645,31000,0.0,0.0
2017-03-03 00:00:00-05:00,0.3959999978542328,0.4000000059604645,0.3959999978542328,0.3959999978542328,6300,0.0,0.0
2017-03-06 00:00:00-05:00,0.4000000059604645,0.4350000023841858,0.4000000059604645,0.41999998688697815,15500,0.0,0.0
2017-03-07 00:00:00-05:00,0.41999998688697815,0.41999998688697815,0.41999998688697815,0.41999998688697815,0,0.0,0.0
2017-03-08 00:00:00-05:00,0.40799999237060547,0.4399999976158142,0.40799999237060547,0.4399999976158142,17500,0.0,0.0
2017-03-09 00:00:00-05:00,0.4099999964237213,0.4099999964237213,0.39500001072883606,0.39500001072883606,6000,0.0,0.0
2017-03-10 00:00:00-05:00,0.39500001072883606,0.39500001072883606,0.39500001072883606,0.39500001072883606,0,0.0,0.0
2017-03-13 00:00:00-04:00,0.375,0.38999998569488525,0.375,0.38999998569488525,4000,0.0,0.0
2017-03-14 00:00:00-04:00,0.38999998569488525,0.38999998569488525,0.38999998569488525,0.38999998569488525,0,0.0,0.0
2017-03-15 00:00:00-04:00,0.38999998569488525,0.42500001192092896,0.375,0.3869999945163727,15500,0.0,0.0
2017-03-16 00:00:00-04:00,0.3779999911785126,0.3779999911785126,0.375,0.375,5000,0.0,0.0
2017-03-17 00:00:00-04:00,0.375,0.375,0.375,0.375,1100,0.0,0.0
2017-03-20 00:00:00-04:00,0.375,0.375,0.375,0.375,1500,0.0,0.0
2017-03-21 00:00:00-04:00,0.4009999930858612,0.4189999997615814,0.3970000147819519,0.41499999165534973,8600,0.0,0.0
2017-03-22 00:00:00-04:00,0.3959999978542328,0.4099999964237213,0.3959999978542328,0.4099999964237213,2500,0.0,0.0
2017-03-23 00:00:00-04:00,0.4099999964237213,0.4099999964237213,0.4099999964237213,0.4099999964237213,0,0.0,0.0
2017-03-24 00:00:00-04:00,0.375,0.3889999985694885,0.375,0.3889999985694885,3500,0.0,0.0
2017-03-27 00:00:00-04:00,0.37599998712539673,0.38999998569488525,0.375,0.38999998569488525,12100,0.0,0.0
2017-03-28 00:00:00-04:00,0.38999998569488525,0.38999998569488525,0.38999998569488525,0.38999998569488525,5000,0.0,0.0
2017-03-29 00:00:00-04:00,0.38999998569488525,0.42500001192092896,0.38600000739097595,0.42500001192092896,12100,0.0,0.0
2017-03-30 00:00:00-04:00,0.42500001192092896,0.42500001192092896,0.42500001192092896,0.42500001192092896,0,0.0,0.0
2017-03-31 00:00:00-04:00,0.40400001406669617,0.41999998688697815,0.4000000059604645,0.4000000059604645,3000,0.0,0.0
2017-04-03 00:00:00-04:00,0.38999998569488525,0.41999998688697815,0.3799999952316284,0.41999998688697815,4000,0.0,0.0
2017-04-04 00:00:00-04:00,0.4000000059604645,0.42500001192092896,0.4000000059604645,0.4000000059604645,22300,0.0,0.0
2017-04-05 00:00:00-04:00,0.4000000059604645,0.4000000059604645,0.38999998569488525,0.38999998569488525,2900,0.0,0.0
2017-04-06 00:00:00-04:00,0.375,0.375,0.375,0.375,500,0.0,0.0
2017-04-07 00:00:00-04:00,0.38999998569488525,0.41999998688697815,0.3880000114440918,0.4000000059604645,16000,0.0,0.0
2017-04-10 00:00:00-04:00,0.4000000059604645,0.42500001192092896,0.4000000059604645,0.4000000059604645,12600,0.0,0.0
2017-04-11 00:00:00-04:00,0.4399999976158142,0.4399999976158142,0.4000000059604645,0.4000000059604645,2200,0.0,0.0
2017-04-12 00:00:00-04:00,0.4000000059604645,0.4000000059604645,0.4000000059604645,0.4000000059604645,0,0.0,0.0
2017-04-13 00:00:00-04:00,0.42399999499320984,0.4449999928474426,0.4099999964237213,0.41999998688697815,15400,0.0,0.0
2017-04-17 00:00:00-04:00,0.42800000309944153,0.4399999976158142,0.42800000309944153,0.4399999976158142,8000,0.0,0.0
2017-04-18 00:00:00-04:00,0.46000000834465027,0.46000000834465027,0.41600000858306885,0.4350000023841858,65000,0.0,0.0
2017-04-19 00:00:00-04:00,0.4399999976158142,0.44999998807907104,0.4000000059604645,0.4000000059604645,27300,0.0,0.0
2017-04-20 00:00:00-04:00,0.4350000023841858,0.4399999976158142,0.41100001335144043,0.41100001335144043,17400,0.0,0.0
2017-04-21 00:00:00-04:00,0.41100001335144043,0.41100001335144043,0.4099999964237213,0.4099999964237213,6300,0.0,0.0
2017-04-24 00:00:00-04:00,0.4449999928474426,0.4449999928474426,0.4449999928474426,0.4449999928474426,3300,0.0,0.0
2017-04-25 00:00:00-04:00,0.4320000112056732,0.4399999976158142,0.4320000112056732,0.43799999356269836,25000,0.0,0.0
2017-04-26 00:00:00-04:00,0.42800000309944153,0.4399999976158142,0.42800000309944153,0.4399999976158142,76800,0.0,0.0
2017-04-27 00:00:00-04:00,0.4399999976158142,0.4399999976158142,0.42800000309944153,0.4399999976158142,10000,0.0,0.0
2017-04-28 00:00:00-04:00,0.4399999976158142,0.4410000145435333,0.4399999976158142,0.4410000145435333,43300,0.0,0.0
2017-05-01 00:00:00-04:00,0.4410000145435333,0.4410000145435333,0.4410000145435333,0.4410000145435333,0,0.0,0.0
2017-05-02 00:00:00-04:00,0.4099999964237213,0.4099999964237213,0.4099999964237213,0.4099999964237213,8400,0.0,0.0
2017-05-03 00:00:00-04:00,0.4099999964237213,0.4350000023841858,0.4099999964237213,0.4350000023841858,1300,0.0,0.0
2017-05-04 00:00:00-04:00,0.4350000023841858,0.4350000023841858,0.4350000023841858,0.4350000023841858,0,0.0,0.0
2017-05-05 00:00:00-04:00,0.4350000023841858,0.4350000023841858,0.4350000023841858,0.4350000023841858,1000,0.0,0.0
2017-05-08 00:00:00-04:00,0.4350000023841858,0.4350000023841858,0.4099999964237213,0.4099999964237213,5000,0.0,0.0
2017-05-09 00:00:00-04:00,0.4099999964237213,0.4099999964237213,0.4099999964237213,0.4099999964237213,0,0.0,0.0
2017-05-10 00:00:00-04:00,0.4099999964237213,0.4099999964237213,0.4099999964237213,0.4099999964237213,4000,0.0,0.0
2017-05-11 00:00:00-04:00,0.4099999964237213,0.4099999964237213,0.4099999964237213,0.4099999964237213,0,0.0,0.0
2017-05-12 00:00:00-04:00,0.4099999964237213,0.4099999964237213,0.4000000059604645,0.4000000059604645,3200,0.0,0.0
2017-05-15 00:00:00-04:00,0.4000000059604645,0.4000000059604645,0.4000000059604645,0.4000000059604645,1000,0.0,0.0
2017-05-16 00:00:00-04:00,0.4000000059604645,0.4000000059604645,0.4000000059604645,0.4000000059604645,0,0.0,0.0
2017-05-17 00:00:00-04:00,0.4000000059604645,0.4000000059604645,0.4000000059604645,0.4000000059604645,2600,0.0,0.0
2017-05-18 00:00:00-04:00,0.4000000059604645,0.4000000059604645,0.4000000059604645,0.4000000059604645,0,0.0,0.0
2017-05-19 00:00:00-04:00,0.4000000059604645,0.4099999964237213,0.38199999928474426,0.4099999964237213,13000,0.0,0.0
2017-05-22 00:00:00-04:00,0.40799999237060547,0.4449999928474426,0.4000000059604645,0.4000000059604645,93600,0.0,0.0
2017-05-23 00:00:00-04:00,0.4000000059604645,0.4000000059604645,0.4000000059604645,0.4000000059604645,0,0.0,0.0
2017-05-24 00:00:00-04:00,0.4000000059604645,0.4000000059604645,0.4000000059604645,0.4000000059604645,0,0.0,0.0
2017-05-25 00:00:00-04:00,0.4000000059604645,0.4000000059604645,0.4000000059604645,0.4000000059604645,1000,0.0,0.0
2017-05-26 00:00:00-04:00,0.4399999976158142,0.4399999976158142,0.4000000059604645,0.4000000059604645,8000,0.0,0.0
2017-05-30 00:00:00-04:00,0.4480000138282776,0.4480000138282776,0.4480000138282776,0.4480000138282776,3000,0.0,0.0
2017-05-31 00:00:00-04:00,0.4399999976158142,0.460999995470047,0.41999998688697815,0.46000000834465027,75800,0.0,0.0
2017-06-01 00:00:00-04:00,0.46000000834465027,0.4650000035762787,0.4560000002384186,0.4560000002384186,45100,0.0,0.0
2017-06-02 00:00:00-04:00,0.4560000002384186,0.4560000002384186,0.44999998807907104,0.44999998807907104,2600,0.0,0.0
2017-06-05 00:00:00-04:00,0.44999998807907104,0.44999998807907104,0.44999998807907104,0.44999998807907104,0,0.0,0.0
2017-06-06 00:00:00-04:00,0.44999998807907104,0.44999998807907104,0.44999998807907104,0.44999998807907104,1000,0.0,0.0
2017-06-07 00:00:00-04:00,0.44999998807907104,0.44999998807907104,0.44999998807907104,0.44999998807907104,0,0.0,0.0
2017-06-08 00:00:00-04:00,0.44999998807907104,0.44999998807907104,0.44999998807907104,0.44999998807907104,0,0.0,0.0
2017-06-09 00:00:00-04:00,0.44999998807907104,0.44999998807907104,0.44999998807907104,0.44999998807907104,20000,0.0,0.0
2017-06-12 00:00:00-04:00,0.4300000071525574,0.46000000834465027,0.4300000071525574,0.4309999942779541,1300,0.0,0.0
2017-06-13 00:00:00-04:00,0.46000000834465027,0.46000000834465027,0.46000000834465027,0.46000000834465027,9200,0.0,0.0
2017-06-14 00:00:00-04:00,0.4300000071525574,0.4300000071525574,0.4300000071525574,0.4300000071525574,2700,0.0,0.0
2017-06-15 00:00:00-04:00,0.4309999942779541,0.4309999942779541,0.4309999942779541,0.4309999942779541,1100,0.0,0.0
2017-06-16 00:00:00-04:00,0.4300000071525574,0.4300000071525574,0.4300000071525574,0.4300000071525574,100,0.0,0.0
2017-06-19 00:00:00-04:00,0.46000000834465027,0.4650000035762787,0.46000000834465027,0.4650000035762787,20300,0.0,0.0
2017-06-20 00:00:00-04:00,0.4650000035762787,0.4650000035762787,0.44999998807907104,0.4620000123977661,3200,0.0,0.0
2017-06-21 00:00:00-04:00,0.45100000500679016,0.45399999618530273,0.45100000500679016,0.45399999618530273,11300,0.0,0.0
2017-06-22 00:00:00-04:00,0.45399999618530273,0.45399999618530273,0.45399999618530273,0.45399999618530273,0,0.0,0.0
2017-06-23 00:00:00-04:00,0.45399999618530273,0.45399999618530273,0.45399999618530273,0.45399999618530273,0,0.0,0.0
2017-06-26 00:00:00-04:00,0.4519999921321869,0.4519999921321869,0.4519999921321869,0.4519999921321869,800,0.0,0.0
2017-06-27 00:00:00-04:00,0.4519999921321869,0.4519999921321869,0.44999998807907104,0.44999998807907104,5000,0.0,0.0
2017-06-28 00:00:00-04:00,0.4399999976158142,0.44600000977516174,0.41999998688697815,0.41999998688697815,23400,0.0,0.0
2017-06-29 00:00:00-04:00,0.4300000071525574,0.4300000071525574,0.4300000071525574,0.4300000071525574,500,0.0,0.0
2017-06-30 00:00:00-04:00,0.44999998807907104,0.47099998593330383,0.44999998807907104,0.4699999988079071,146600,0.0,0.0
2017-07-03 00:00:00-04:00,0.4699999988079071,0.4699999988079071,0.4699999988079071,0.4699999988079071,0,0.0,0.0
2017-07-05 00:00:00-04:00,0.4300000071525574,0.4300000071525574,0.4300000071525574,0.4300000071525574,100,0.0,0.0
2017-07-06 00:00:00-04:00,0.4300000071525574,0.4300000071525574,0.4300000071525574,0.4300000071525574,2500,0.0,0.0
2017-07-07 00:00:00-04:00,0.41999998688697815,0.41999998688697815,0.41999998688697815,0.41999998688697815,1500,0.0,0.0
2017-07-10 00:00:00-04:00,0.41999998688697815,0.41999998688697815,0.41999998688697815,0.41999998688697815,0,0.0,0.0
2017-07-11 00:00:00-04:00,0.44999998807907104,0.44999998807907104,0.44999998807907104,0.44999998807907104,1000,0.0,0.0
2017-07-12 00:00:00-04:00,0.44999998807907104,0.44999998807907104,0.44999998807907104,0.44999998807907104,0,0.0,0.0
2017-07-13 00:00:00-04:00,0.44999998807907104,0.44999998807907104,0.44999998807907104,0.44999998807907104,0,0.0,0.0
2017-07-14 00:00:00-04:00,0.44999998807907104,0.44999998807907104,0.44999998807907104,0.44999998807907104,0,0.0,0.0
2017-07-17 00:00:00-04:00,0.44999998807907104,0.44999998807907104,0.44999998807907104,0.44999998807907104,0,0.0,0.0
2017-07-18 00:00:00-04:00,0.44999998807907104,0.44999998807907104,0.3400000035762787,0.4099999964237213,255400,0.0,0.0
2017-07-19 00:00:00-04:00,0.4099999964237213,0.4099999964237213,0.4099999964237213,0.4099999964237213,0,0.0,0.0
2017-07-20 00:00:00-04:00,0.43700000643730164,0.45399999618530273,0.42800000309944153,0.45399999618530273,56500,0.0,0.0
2017-07-21 00:00:00-04:00,0.4300000071525574,0.4699999988079071,0.4300000071525574,0.4699999988079071,75500,0.0,0.0
2017-07-24 00:00:00-04:00,0.4699999988079071,0.4749999940395355,0.46000000834465027,0.4749999940395355,100000,0.0,0.0
2017-07-25 00:00:00-04:00,0.4749999940395355,0.4749999940395355,0.4749999940395355,0.4749999940395355,0,0.0,0.0
2017-07-26 00:00:00-04:00,0.4749999940395355,0.4749999940395355,0.4699999988079071,0.4699999988079071,28300,0.0,0.0
2017-07-27 00:00:00-04:00,0.4749999940395355,0.4749999940395355,0.4749999940395355,0.4749999940395355,1600,0.0,0.0
2017-07-28 00:00:00-04:00,0.46000000834465027,0.46000000834465027,0.46000000834465027,0.46000000834465027,17000,0.0,0.0
2017-07-31 00:00:00-04:00,0.4650000035762787,0.5389999747276306,0.4650000035762787,0.5199999809265137,91100,0.0,0.0
2017-08-01 00:00:00-04:00,0.5199999809265137,0.5199999809265137,0.5199999809265137,0.5199999809265137,5400,0.0,0.0
2017-08-02 00:00:00-04:00,0.5,0.5,0.5,0.5,100,0.0,0.0
2017-08-03 00:00:00-04:00,0.5199999809265137,0.5199999809265137,0.4950000047683716,0.4950000047683716,1000,0.0,0.0
2017-08-04 00:00:00-04:00,0.49000000953674316,0.49000000953674316,0.36000001430511475,0.48899999260902405,74700,0.0,0.0
2017-08-07 00:00:00-04:00,0.40299999713897705,0.48899999260902405,0.40299999713897705,0.4749999940395355,7100,0.0,0.0
2017-08-08 00:00:00-04:00,0.4749999940395355,0.4749999940395355,0.4749999940395355,0.4749999940395355,3000,0.0,0.0
2017-08-09 00:00:00-04:00,0.41100001335144043,0.4399999976158142,0.4009999930858612,0.4050000011920929,55600,0.0,0.0
2017-08-10 00:00:00-04:00,0.41200000047683716,0.41200000047683716,0.3700000047683716,0.4000000059604645,32100,0.0,0.0
2017-08-11 00:00:00-04:00,0.3709999918937683,0.3709999918937683,0.3709999918937683,0.3709999918937683,1000,0.0,0.0
2017-08-14 00:00:00-04:00,0.38999998569488525,0.4300000071525574,0.38999998569488525,0.41999998688697815,27500,0.0,0.0
2017-08-15 00:00:00-04:00,0.3930000066757202,0.4390000104904175,0.3700000047683716,0.4390000104904175,15100,0.0,0.0
2017-08-16 00:00:00-04:00,0.4300000071525574,0.4300000071525574,0.4300000071525574,0.4300000071525574,5000,0.0,0.0
2017-08-17 00:00:00-04:00,0.4399999976158142,0.4399999976158142,0.4399999976158142,0.4399999976158142,1000,0.0,0.0
2017-08-18 00:00:00-04:00,0.3700000047683716,0.43299999833106995,0.3700000047683716,0.43299999833106995,3700,0.0,0.0
2017-08-21 00:00:00-04:00,0.4390000104904175,0.4399999976158142,0.3720000088214874,0.4399999976158142,3600,0.0,0.0
2017-08-22 00:00:00-04:00,0.4399999976158142,0.4399999976158142,0.3610000014305115,0.43799999356269836,23800,0.0,0.0
2017-08-23 00:00:00-04:00,0.43799999356269836,0.43799999356269836,0.43799999356269836,0.43799999356269836,0,0.0,0.0
2017-08-24 00:00:00-04:00,0.43799999356269836,0.43799999356269836,0.43799999356269836,0.43799999356269836,0,0.0,0.0
2017-08-25 00:00:00-04:00,0.43799999356269836,0.43799999356269836,0.43799999356269836,0.43799999356269836,0,0.0,0.0
2017-08-28 00:00:00-04:00,0.43799999356269836,0.43799999356269836,0.43799999356269836,0.43799999356269836,0,0.0,0.0
2017-08-29 00:00:00-04:00,0.4000000059604645,0.44999998807907104,0.38100001215934753,0.38100001215934753,13700,0.0,0.0
2017-08-30 00:00:00-04:00,0.4300000071525574,0.453000009059906,0.4300000071525574,0.44999998807907104,58800,0.0,0.0
2017-08-31 00:00:00-04:00,0.45500001311302185,0.5199999809265137,0.44999998807907104,0.5199999809265137,121500,0.0,0.0
2017-09-01 00:00:00-04:00,0.5199999809265137,0.5899999737739563,0.5040000081062317,0.5099999904632568,68100,0.0,0.0
2017-09-05 00:00:00-04:00,0.5299999713897705,0.5299999713897705,0.5099999904632568,0.5099999904632568,19600,0.0,0.0
2017-09-06 00:00:00-04:00,0.5249999761581421,0.5699999928474426,0.5199999809265137,0.5199999809265137,66400,0.0,0.0
2017-09-07 00:00:00-04:00,0.5199999809265137,0.5400000214576721,0.5099999904632568,0.5099999904632568,9800,0.0,0.0
2017-09-08 00:00:00-04:00,0.5,0.550000011920929,0.4699999988079071,0.4909999966621399,47000,0.0,0.0
2017-09-11 00:00:00-04:00,0.49000000953674316,0.49000000953674316,0.49000000953674316,0.49000000953674316,9900,0.0,0.0
2017-09-12 00:00:00-04:00,0.49000000953674316,0.5099999904632568,0.47099998593330383,0.47999998927116394,23400,0.0,0.0
2017-09-13 00:00:00-04:00,0.5,0.5,0.47999998927116394,0.47999998927116394,41400,0.0,0.0
2017-09-14 00:00:00-04:00,0.4699999988079071,0.5,0.4699999988079071,0.5,31200,0.0,0.0
2017-09-15 00:00:00-04:00,0.5,0.550000011920929,0.46000000834465027,0.550000011920929,110900,0.0,0.0
2017-09-18 00:00:00-04:00,0.550000011920929,0.550000011920929,0.47999998927116394,0.5400000214576721,18300,0.0,0.0
2017-09-19 00:00:00-04:00,0.5400000214576721,0.5400000214576721,0.5400000214576721,0.5400000214576721,0,0.0,0.0
2017-09-20 00:00:00-04:00,0.5099999904632568,0.5400000214576721,0.5099999904632568,0.5099999904632568,2000,0.0,0.0
2017-09-21 00:00:00-04:00,0.5400000214576721,0.550000011920929,0.5199999809265137,0.5199999809265137,14400,0.0,0.0
2017-09-22 00:00:00-04:00,0.5699999928474426,0.5699999928474426,0.5,0.5,10200,0.0,0.0
2017-09-25 00:00:00-04:00,0.5699999928474426,0.5699999928474426,0.5699999928474426,0.5699999928474426,700,0.0,0.0
2017-09-26 00:00:00-04:00,0.5,0.5600000023841858,0.5,0.5299999713897705,4400,0.0,0.0
2017-09-27 00:00:00-04:00,0.5,0.5400000214576721,0.5,0.5080000162124634,19000,0.0,0.0
2017-09-28 00:00:00-04:00,0.5080000162124634,0.5080000162124634,0.5080000162124634,0.5080000162124634,0,0.0,0.0
2017-09-29 00:00:00-04:00,0.550000011920929,0.550000011920929,0.5299999713897705,0.5299999713897705,20000,0.0,0.0
2017-10-02 00:00:00-04:00,0.5299999713897705,0.5299999713897705,0.5299999713897705,0.5299999713897705,0,0.0,0.0
2017-10-03 00:00:00-04:00,0.5199999809265137,0.5199999809265137,0.5149999856948853,0.5149999856948853,5100,0.0,0.0
2017-10-04 00:00:00-04:00,0.5199999809265137,0.5199999809265137,0.5,0.5199999809265137,39200,0.0,0.0
2017-10-05 00:00:00-04:00,0.4950000047683716,0.5199999809265137,0.49300000071525574,0.5199999809265137,11100,0.0,0.0
2017-10-06 00:00:00-04:00,0.5,0.5199999809265137,0.5,0.5199999809265137,13200,0.0,0.0
2017-10-09 00:00:00-04:00,0.5199999809265137,0.5199999809265137,0.5199999809265137,0.5199999809265137,0,0.0,0.0
2017-10-10 00:00:00-04:00,0.5799999833106995,0.5989999771118164,0.503000020980835,0.503000020980835,1400,0.0,0.0
2017-10-11 00:00:00-04:00,0.5099999904632568,0.5099999904632568,0.5099999904632568,0.5099999904632568,100,0.0,0.0
2017-10-12 00:00:00-04:00,0.5099999904632568,0.5099999904632568,0.5099999904632568,0.5099999904632568,800,0.0,0.0
2017-10-13 00:00:00-04:00,0.5099999904632568,0.5099999904632568,0.5099999904632568,0.5099999904632568,1000,0.0,0.0
2017-10-16 00:00:00-04:00,0.5989999771118164,0.5989999771118164,0.550000011920929,0.550000011920929,6100,0.0,0.0
2017-10-17 00:00:00-04:00,0.550000011920929,0.550000011920929,0.5099999904632568,0.5249999761581421,8000,0.0,0.0
2017-10-18 00:00:00-04:00,0.5450000166893005,0.5600000023841858,0.5450000166893005,0.5600000023841858,800,0.0,0.0
2017-10-19 00:00:00-04:00,0.5899999737739563,0.6000000238418579,0.5770000219345093,0.5799999833106995,16000,0.0,0.0
2017-10-20 00:00:00-04:00,0.574999988079071,0.574999988079071,0.5699999928474426,0.574999988079071,10800,0.0,0.0
2017-10-23 00:00:00-04:00,0.5799999833106995,0.5860000252723694,0.5600000023841858,0.5680000185966492,52700,0.0,0.0
2017-10-24 00:00:00-04:00,0.574999988079071,0.6000000238418579,0.5699999928474426,0.5699999928474426,8600,0.0,0.0
2017-10-25 00:00:00-04:00,0.49300000071525574,0.5789999961853027,0.49300000071525574,0.5789999961853027,900,0.0,0.0
2017-10-26 00:00:00-04:00,0.5789999961853027,0.6000000238418579,0.5789999961853027,0.6000000238418579,16400,0.0,0.0
2017-10-27 00:00:00-04:00,0.6000000238418579,0.6000000238418579,0.5199999809265137,0.5220000147819519,26700,0.0,0.0
2017-10-30 00:00:00-04:00,0.5220000147819519,0.5220000147819519,0.5220000147819519,0.5220000147819519,0,0.0,0.0
2017-10-31 00:00:00-04:00,0.5699999928474426,0.6399999856948853,0.5699999928474426,0.6050000190734863,10100,0.0,0.0
2017-11-01 00:00:00-04:00,0.6399999856948853,0.6499999761581421,0.5600000023841858,0.6499999761581421,21000,0.0,0.0
2017-11-02 00:00:00-04:00,0.6499999761581421,0.6499999761581421,0.5799999833106995,0.6000000238418579,28400,0.0,0.0
2017-11-03 00:00:00-04:00,0.6600000262260437,0.675000011920929,0.5899999737739563,0.6200000047683716,65400,0.0,0.0
2017-11-06 00:00:00-05:00,0.6200000047683716,0.699999988079071,0.6200000047683716,0.625,93400,0.0,0.0
2017-11-07 00:00:00-05:00,0.6499999761581421,0.6499999761581421,0.6499999761581421,0.6499999761581421,1200,0.0,0.0
2017-11-08 00:00:00-05:00,0.6499999761581421,0.6600000262260437,0.6499999761581421,0.6600000262260437,34500,0.0,0.0
2017-11-09 00:00:00-05:00,0.6899999976158142,0.6899999976158142,0.6499999761581421,0.6600000262260437,96000,0.0,0.0
2017-11-10 00:00:00-05:00,0.6600000262260437,0.6959999799728394,0.6600000262260437,0.6899999976158142,37300,0.0,0.0
2017-11-13 00:00:00-05:00,0.6600000262260437,0.6600000262260437,0.6600000262260437,0.6600000262260437,10700,0.0,0.0
2017-11-14 00:00:00-05:00,0.6600000262260437,0.6600000262260437,0.6200000047683716,0.6600000262260437,7700,0.0,0.0
2017-11-15 00:00:00-05:00,0.6800000071525574,0.699999988079071,0.6800000071525574,0.699999988079071,31000,0.0,0.0
2017-11-16 00:00:00-05:00,0.699999988079071,0.699999988079071,0.6600000262260437,0.699999988079071,16900,0.0,0.0
2017-11-17 00:00:00-05:00,0.699999988079071,0.7200000286102295,0.6349999904632568,0.7200000286102295,20200,0.0,0.0
2017-11-20 00:00:00-05:00,0.7089999914169312,0.7799999713897705,0.7089999914169312,0.7350000143051147,25900,0.0,0.0
2017-11-21 00:00:00-05:00,0.7400000095367432,0.7450000047683716,0.699999988079071,0.699999988079071,18300,0.0,0.0
2017-11-22 00:00:00-05:00,0.7179999947547913,0.7179999947547913,0.7179999947547913,0.7179999947547913,300,0.0,0.0
2017-11-24 00:00:00-05:00,0.75,0.8299999833106995,0.75,0.8299999833106995,207200,0.0,0.0
2017-11-27 00:00:00-05:00,0.8500000238418579,0.8500000238418579,0.800000011920929,0.800000011920929,85600,0.0,0.0
2017-11-28 00:00:00-05:00,0.800000011920929,0.8299999833106995,0.800000011920929,0.800000011920929,141300,0.0,0.0
2017-11-29 00:00:00-05:00,0.800000011920929,0.8399999737739563,0.7799999713897705,0.800000011920929,62500,0.0,0.0
2017-11-30 00:00:00-05:00,0.8090000152587891,0.8600000143051147,0.800000011920929,0.8600000143051147,125100,0.0,0.0
2017-12-01 00:00:00-05:00,0.8299999833106995,0.8399999737739563,0.8299999833106995,0.8349999785423279,44400,0.0,0.0
2017-12-04 00:00:00-05:00,0.8550000190734863,0.8799999952316284,0.8299999833106995,0.8799999952316284,98300,0.0,0.0
2017-12-05 00:00:00-05:00,0.8769999742507935,0.8769999742507935,0.8299999833106995,0.8500000238418579,79000,0.0,0.0
2017-12-06 00:00:00-05:00,0.8600000143051147,0.8600000143051147,0.8399999737739563,0.8500000238418579,21100,0.0,0.0
2017-12-07 00:00:00-05:00,0.8500000238418579,0.8899999856948853,0.8500000238418579,0.8600000143051147,22700,0.0,0.0
2017-12-08 00:00:00-05:00,0.8899999856948853,0.9200000166893005,0.8700000047683716,0.8799999952316284,131300,0.0,0.0
2017-12-11 00:00:00-05:00,0.8999999761581421,0.9200000166893005,0.8899999856948853,0.8999999761581421,234600,0.0,0.0
2017-12-12 00:00:00-05:00,0.8999999761581421,0.9200000166893005,0.8899999856948853,0.8999999761581421,121700,0.0,0.0
2017-12-13 00:00:00-05:00,0.8999999761581421,0.9049999713897705,0.8899999856948853,0.9049999713897705,73600,0.0,0.0
2017-12-14 00:00:00-05:00,0.8999999761581421,0.8999999761581421,0.8799999952316284,0.8999999761581421,216600,0.0,0.0
2017-12-15 00:00:00-05:00,0.8930000066757202,0.9200000166893005,0.8799999952316284,0.9200000166893005,204300,0.0,0.0
2017-12-18 00:00:00-05:00,0.949999988079071,0.949999988079071,0.9200000166893005,0.9430000185966492,37400,0.0,0.0
2017-12-19 00:00:00-05:00,0.925000011920929,0.9800000190734863,0.8899999856948853,0.9200000166893005,17400,0.0,0.0
2017-12-20 00:00:00-05:00,0.9300000071525574,0.9800000190734863,0.9100000262260437,0.9200000166893005,44400,0.0,0.0
2017-12-21 00:00:00-05:00,0.9350000023841858,0.9599999785423279,0.9200000166893005,0.9350000023841858,13900,0.0,0.0
2017-12-22 00:00:00-05:00,0.9700000286102295,1.0,0.949999988079071,0.9850000143051147,59600,0.0,0.0
2017-12-26 00:00:00-05:00,1.0,1.0199999809265137,0.9700000286102295,1.0,47500,0.0,0.0
2017-12-27 00:00:00-05:00,0.9800000190734863,1.0399999618530273,0.9800000190734863,1.0299999713897705,29400,0.0,0.0
2017-12-28 00:00:00-05:00,0.9800000190734863,1.0299999713897705,0.9800000190734863,1.0099999904632568,76200,0.0,0.0
2017-12-29 00:00:00-05:00,1.0119999647140503,1.2649999856948853,1.0099999904632568,1.25,73600,0.0,0.0
2018-01-02 00:00:00-05:00,1.2599999904632568,1.2599999904632568,1.059999942779541,1.059999942779541,68900,0.0,0.0
2018-01-03 00:00:00-05:00,1.059999942779541,1.0959999561309814,1.0499999523162842,1.0959999561309814,24800,0.0,0.0
2018-01-04 00:00:00-05:00,1.0499999523162842,1.059999942779541,1.0199999809265137,1.059999942779541,47500,0.0,0.0
2018-01-05 00:00:00-05:00,1.059999942779541,1.059999942779541,0.9909999966621399,1.0099999904632568,14200,0.0,0.0
2018-01-08 00:00:00-05:00,1.0299999713897705,1.0499999523162842,0.9380000233650208,0.9700000286102295,147500,0.0,0.0
2018-01-09 00:00:00-05:00,0.9599999785423279,1.0399999618530273,0.9599999785423279,0.9900000095367432,8800,0.0,0.0
2018-01-10 00:00:00-05:00,0.9750000238418579,1.0099999904632568,0.9700000286102295,1.0099999904632568,21700,0.0,0.0
2018-01-11 00:00:00-05:00,1.0,1.0199999809265137,0.9800000190734863,0.9950000047683716,18400,0.0,0.0
2018-01-12 00:00:00-05:00,0.9980000257492065,1.100000023841858,0.9950000047683716,1.0,16500,0.0,0.0
2018-01-16 00:00:00-05:00,1.0,1.100000023841858,0.9800000190734863,1.100000023841858,18400,0.0,0.0
2018-01-17 00:00:00-05:00,0.9300000071525574,1.0499999523162842,0.9300000071525574,0.9900000095367432,32600,0.0,0.0
2018-01-18 00:00:00-05:00,1.0099999904632568,1.0499999523162842,0.9800000190734863,0.9800000190734863,235900,0.0,0.0
2018-01-19 00:00:00-05:00,0.9599999785423279,0.9599999785423279,0.9599999785423279,0.9599999785423279,300,0.0,0.0
2018-01-22 00:00:00-05:00,0.9599999785423279,0.9700000286102295,0.9599999785423279,0.9670000076293945,11200,0.0,0.0
2018-01-23 00:00:00-05:00,0.9670000076293945,1.0700000524520874,0.9670000076293945,1.062000036239624,75300,0.0,0.0
2018-01-24 00:00:00-05:00,1.0700000524520874,1.0700000524520874,1.0080000162124634,1.0080000162124634,112400,0.0,0.0
2018-01-25 00:00:00-05:00,1.0099999904632568,1.100000023841858,1.0099999904632568,1.0700000524520874,22400,0.0,0.0
2018-01-26 00:00:00-05:00,1.1360000371932983,1.1360000371932983,1.0,1.0,9400,0.0,0.0
2018-01-29 00:00:00-05:00,1.0,1.0299999713897705,0.9800000190734863,1.0299999713897705,51000,0.0,0.0
2018-01-30 00:00:00-05:00,1.0299999713897705,1.0499999523162842,1.0299999713897705,1.034999966621399,4600,0.0,0.0
2018-01-31 00:00:00-05:00,1.0410000085830688,1.0499999523162842,1.0099999904632568,1.0499999523162842,13600,0.0,0.0
2018-02-01 00:00:00-05:00,1.0499999523162842,1.0499999523162842,0.9750000238418579,1.0329999923706055,15700,0.0,0.0
2018-02-02 00:00:00-05:00,1.0099999904632568,1.0099999904632568,1.0099999904632568,1.0099999904632568,9500,0.0,0.0
2018-02-05 00:00:00-05:00,1.0499999523162842,1.0700000524520874,0.8320000171661377,0.9900000095367432,13700,0.0,0.0
2018-02-06 00:00:00-05:00,1.0,1.0499999523162842,0.9990000128746033,1.0499999523162842,15900,0.0,0.0
2018-02-07 00:00:00-05:00,1.0499999523162842,1.0499999523162842,1.0499999523162842,1.0499999523162842,0,0.0,0.0
2018-02-08 00:00:00-05:00,1.0,1.0210000276565552,0.9900000095367432,1.0,47800,0.0,0.0
2018-02-09 00:00:00-05:00,1.0,1.0700000524520874,0.9900000095367432,1.0700000524520874,19800,0.0,0.0
2018-02-12 00:00:00-05:00,1.0700000524520874,1.100000023841858,1.0499999523162842,1.0750000476837158,25000,0.0,0.0
2018-02-13 00:00:00-05:00,1.090000033378601,1.100000023841858,1.0399999618530273,1.0700000524520874,90000,0.0,0.0
2018-02-14 00:00:00-05:00,1.062999963760376,1.1299999952316284,1.059999942779541,1.100000023841858,62100,0.0,0.0
2018-02-15 00:00:00-05:00,1.1299999952316284,1.2799999713897705,1.1299999952316284,1.2300000190734863,175200,0.0,0.0
2018-02-16 00:00:00-05:00,1.1200000047683716,1.3200000524520874,1.1100000143051147,1.2999999523162842,290400,0.0,0.0
2018-02-20 00:00:00-05:00,1.25,1.2599999904632568,1.2000000476837158,1.2300000190734863,141700,0.0,0.0
2018-02-21 00:00:00-05:00,1.25,1.340000033378601,1.25,1.309999942779541,91800,0.0,0.0
2018-02-22 00:00:00-05:00,1.350000023841858,1.3799999952316284,1.2599999904632568,1.350000023841858,39700,0.0,0.0
2018-02-23 00:00:00-05:00,1.399999976158142,1.399999976158142,1.2999999523162842,1.3200000524520874,34100,0.0,0.0
2018-02-26 00:00:00-05:00,1.340000033378601,1.399999976158142,1.340000033378601,1.3600000143051147,42500,0.0,0.0
2018-02-27 00:00:00-05:00,1.3600000143051147,1.3600000143051147,1.3300000429153442,1.350000023841858,93000,0.0,0.0
2018-02-28 00:00:00-05:00,1.350000023841858,1.3799999952316284,1.350000023841858,1.3799999952316284,50300,0.0,0.0
2018-03-01 00:00:00-05:00,1.3799999952316284,1.3799999952316284,1.25,1.25,51700,0.0,0.0
2018-03-02 00:00:00-05:00,1.350000023841858,1.350000023841858,1.2000000476837158,1.350000023841858,56800,0.0,0.0
2018-03-05 00:00:00-05:00,1.399999976158142,1.4429999589920044,1.350000023841858,1.409999966621399,45300,0.0,0.0
2018-03-06 00:00:00-05:00,1.2200000286102295,1.2999999523162842,1.2200000286102295,1.2899999618530273,31300,0.0,0.0
2018-03-07 00:00:00-05:00,1.2200000286102295,1.2999999523162842,1.2200000286102295,1.2999999523162842,13500,0.0,0.0
2018-03-08 00:00:00-05:00,1.274999976158142,1.2999999523162842,1.2200000286102295,1.2200000286102295,10400,0.0,0.0
2018-03-09 00:00:00-05:00,1.25,1.2799999713897705,1.25,1.2510000467300415,11400,0.0,0.0
2018-03-12 00:00:00-04:00,1.25,1.25,1.190000057220459,1.190000057220459,13300,0.0,0.0
2018-03-13 00:00:00-04:00,1.1349999904632568,1.2100000381469727,1.1349999904632568,1.2100000381469727,8800,0.0,0.0
2018-03-14 00:00:00-04:00,1.2400000095367432,1.2999999523162842,1.2100000381469727,1.2999999523162842,39600,0.0,0.0
2018-03-15 00:00:00-04:00,1.309999942779541,1.3200000524520874,1.2899999618530273,1.2899999618530273,27300,0.0,0.0
2018-03-16 00:00:00-04:00,1.309999942779541,1.309999942779541,1.2699999809265137,1.309999942779541,20000,0.0,0.0
2018-03-19 00:00:00-04:00,1.399999976158142,1.399999976158142,1.2899999618530273,1.2899999618530273,13300,0.0,0.0
2018-03-20 00:00:00-04:00,1.2699999809265137,1.2899999618530273,1.2000000476837158,1.2899999618530273,3800,0.0,0.0
2018-03-21 00:00:00-04:00,1.2599999904632568,1.2899999618530273,1.2599999904632568,1.2899999618530273,12800,0.0,0.0
2018-03-22 00:00:00-04:00,1.2400000095367432,1.2599999904632568,1.2300000190734863,1.2400000095367432,17700,0.0,0.0
2018-03-23 00:00:00-04:00,1.2699999809265137,1.2699999809265137,1.2400000095367432,1.2400000095367432,9500,0.0,0.0
2018-03-26 00:00:00-04:00,1.2400000095367432,1.2400000095367432,1.2300000190734863,1.2300000190734863,6700,0.0,0.0
2018-03-27 00:00:00-04:00,1.25,1.2599999904632568,1.25,1.2599999904632568,2200,0.0,0.0
2018-03-28 00:00:00-04:00,1.25,1.25,1.2300000190734863,1.2300000190734863,1400,0.0,0.0
2018-03-29 00:00:00-04:00,1.2300000190734863,1.309999942779541,1.2300000190734863,1.2999999523162842,71500,0.0,0.0
2018-04-02 00:00:00-04:00,1.2999999523162842,1.399999976158142,1.2999999523162842,1.399999976158142,90300,0.0,0.0
2018-04-03 00:00:00-04:00,1.409999966621399,1.409999966621399,1.3799999952316284,1.399999976158142,92000,0.0,0.0
2018-04-04 00:00:00-04:00,1.25,1.3899999856948853,1.25,1.3899999856948853,14000,0.0,0.0
2018-04-05 00:00:00-04:00,1.2999999523162842,1.3899999856948853,1.2999999523162842,1.2999999523162842,3000,0.0,0.0
2018-04-06 00:00:00-04:00,1.2999999523162842,1.3700000047683716,1.2999999523162842,1.36899995803833,1700,0.0,0.0
2018-04-09 00:00:00-04:00,1.350000023841858,1.350000023841858,1.2999999523162842,1.2999999523162842,3500,0.0,0.0
2018-04-10 00:00:00-04:00,1.3700000047683716,1.3700000047683716,1.2699999809265137,1.3300000429153442,7100,0.0,0.0
2018-04-11 00:00:00-04:00,1.3700000047683716,1.3700000047683716,1.2510000467300415,1.2510000467300415,2200,0.0,0.0
2018-04-12 00:00:00-04:00,1.2999999523162842,1.2999999523162842,1.2599999904632568,1.2599999904632568,5500,0.0,0.0
2018-04-13 00:00:00-04:00,1.309999942779541,1.309999942779541,1.25,1.25,36200,0.0,0.0
2018-04-16 00:00:00-04:00,1.2000000476837158,1.2719999551773071,1.100000023841858,1.25,19400,0.0,0.0
2018-04-17 00:00:00-04:00,1.2599999904632568,1.2599999904632568,1.149999976158142,1.2000000476837158,17100,0.0,0.0
2018-04-18 00:00:00-04:00,1.190000057220459,1.190000057220459,1.1699999570846558,1.1699999570846558,46500,0.0,0.0
2018-04-19 00:00:00-04:00,1.1699999570846558,1.1699999570846558,1.1299999952316284,1.1399999856948853,62000,0.0,0.0
2018-04-20 00:00:00-04:00,1.1399999856948853,1.159999966621399,1.1399999856948853,1.159999966621399,62200,0.0,0.0
2018-04-23 00:00:00-04:00,1.159999966621399,1.2000000476837158,1.159999966621399,1.2000000476837158,1500,0.0,0.0
2018-04-24 00:00:00-04:00,1.2000000476837158,1.2000000476837158,1.159999966621399,1.2000000476837158,9400,0.0,0.0
2018-04-25 00:00:00-04:00,1.159999966621399,1.2000000476837158,1.159999966621399,1.2000000476837158,15000,0.0,0.0
2018-04-26 00:00:00-04:00,1.2000000476837158,1.2799999713897705,1.2000000476837158,1.2799999713897705,51200,0.0,0.0
2018-04-27 00:00:00-04:00,1.2999999523162842,1.3600000143051147,1.2400000095367432,1.2999999523162842,13100,0.0,0.0
2018-04-30 00:00:00-04:00,1.3669999837875366,1.3799999952316284,1.340000033378601,1.3700000047683716,13000,0.0,0.0
2018-05-01 00:00:00-04:00,1.3600000143051147,1.3600000143051147,1.2899999618530273,1.2999999523162842,1900,0.0,0.0
2018-05-02 00:00:00-04:00,1.340000033378601,1.375,1.340000033378601,1.350000023841858,6100,0.0,0.0
2018-05-03 00:00:00-04:00,1.3700000047683716,1.409999966621399,1.350000023841858,1.399999976158142,40800,0.0,0.0
2018-05-04 00:00:00-04:00,1.434999942779541,1.4900000095367432,1.3700000047683716,1.3700000047683716,5500,0.0,0.0
2018-05-07 00:00:00-04:00,1.4789999723434448,1.4789999723434448,1.3700000047683716,1.3700000047683716,3200,0.0,0.0
2018-05-08 00:00:00-04:00,1.3700000047683716,1.3700000047683716,1.3700000047683716,1.3700000047683716,0,0.0,0.0
2018-05-09 00:00:00-04:00,1.4299999475479126,1.4700000286102295,1.399999976158142,1.399999976158142,42700,0.0,0.0
2018-05-10 00:00:00-04:00,1.409999966621399,1.409999966621399,1.399999976158142,1.409999966621399,27500,0.0,0.0
2018-05-11 00:00:00-04:00,1.434999942779541,1.5,1.409999966621399,1.5,50700,0.0,0.0
2018-05-14 00:00:00-04:00,1.5,1.5,1.3799999952316284,1.3799999952316284,14600,0.0,0.0
2018-05-15 00:00:00-04:00,1.399999976158142,1.4500000476837158,1.3639999628067017,1.4500000476837158,8800,0.0,0.0
2018-05-16 00:00:00-04:00,1.4500000476837158,1.4500000476837158,1.3799999952316284,1.3799999952316284,1700,0.0,0.0
2018-05-17 00:00:00-04:00,1.3799999952316284,1.3799999952316284,1.3799999952316284,1.3799999952316284,3800,0.0,0.0
2018-05-18 00:00:00-04:00,1.3600000143051147,1.4199999570846558,1.3600000143051147,1.399999976158142,4200,0.0,0.0
2018-05-21 00:00:00-04:00,1.399999976158142,1.399999976158142,1.3799999952316284,1.3799999952316284,5800,0.0,0.0
2018-05-22 00:00:00-04:00,1.3700000047683716,1.399999976158142,1.3700000047683716,1.3700000047683716,3300,0.0,0.0
2018-05-23 00:00:00-04:00,1.3899999856948853,1.3899999856948853,1.2599999904632568,1.3899999856948853,33700,0.0,0.0
2018-05-24 00:00:00-04:00,1.3899999856948853,1.399999976158142,1.3200000524520874,1.350000023841858,24300,0.0,0.0
2018-05-25 00:00:00-04:00,1.3200000524520874,1.350000023841858,1.3200000524520874,1.350000023841858,56000,0.0,0.0
2018-05-29 00:00:00-04:00,1.3300000429153442,1.340000033378601,1.3200000524520874,1.3200000524520874,52300,0.0,0.0
2018-05-30 00:00:00-04:00,1.3200000524520874,1.3350000381469727,1.281000018119812,1.281000018119812,14800,0.0,0.0
2018-05-31 00:00:00-04:00,1.2999999523162842,1.3700000047683716,1.2699999809265137,1.350000023841858,41400,0.0,0.0
2018-06-01 00:00:00-04:00,1.3550000190734863,1.3550000190734863,1.340000033378601,1.3450000286102295,1000,0.0,0.0
2018-06-04 00:00:00-04:00,1.350000023841858,1.3600000143051147,1.2699999809265137,1.2699999809265137,54200,0.0,0.0
2018-06-05 00:00:00-04:00,1.2999999523162842,1.2999999523162842,1.2799999713897705,1.2899999618530273,10500,0.0,0.0
2018-06-06 00:00:00-04:00,1.2949999570846558,1.2949999570846558,1.2899999618530273,1.2899999618530273,3900,0.0,0.0
2018-06-07 00:00:00-04:00,1.2799999713897705,1.2799999713897705,1.190000057220459,1.2699999809265137,31800,0.0,0.0
2018-06-08 00:00:00-04:00,1.1150000095367432,1.2799999713897705,1.1150000095367432,1.1749999523162842,94300,0.0,0.0
2018-06-11 00:00:00-04:00,1.1799999475479126,1.2000000476837158,1.1799999475479126,1.2000000476837158,17900,0.0,0.0
2018-06-12 00:00:00-04:00,1.2000000476837158,1.2000000476837158,1.1799999475479126,1.2000000476837158,1300,0.0,0.0
2018-06-13 00:00:00-04:00,1.1799999475479126,1.2000000476837158,1.1799999475479126,1.2000000476837158,2300,0.0,0.0
2018-06-14 00:00:00-04:00,1.190000057220459,1.2000000476837158,1.190000057220459,1.190000057220459,14300,0.0,0.0
2018-06-15 00:00:00-04:00,1.184999942779541,1.2200000286102295,1.184999942779541,1.2200000286102295,6400,0.0,0.0
2018-06-18 00:00:00-04:00,1.2000000476837158,1.2000000476837158,1.1799999475479126,1.2000000476837158,20200,0.0,0.0
2018-06-19 00:00:00-04:00,1.2100000381469727,1.2100000381469727,1.2000000476837158,1.2100000381469727,5500,0.0,0.0
2018-06-20 00:00:00-04:00,1.2100000381469727,1.2100000381469727,1.2100000381469727,1.2100000381469727,0,0.0,0.0
2018-06-21 00:00:00-04:00,1.1699999570846558,1.1699999570846558,1.1699999570846558,1.1699999570846558,1000,0.0,0.0
2018-06-22 00:00:00-04:00,1.2000000476837158,1.2100000381469727,1.1799999475479126,1.1799999475479126,36400,0.0,0.0
2018-06-25 00:00:00-04:00,1.2000000476837158,1.2200000286102295,1.190000057220459,1.190000057220459,33000,0.0,0.0
2018-06-26 00:00:00-04:00,1.2599999904632568,1.2599999904632568,1.2200000286102295,1.2599999904632568,1800,0.0,0.0
2018-06-27 00:00:00-04:00,1.2599999904632568,1.2599999904632568,1.2599999904632568,1.2599999904632568,700,0.0,0.0
2018-06-28 00:00:00-04:00,1.2400000095367432,1.2599999904632568,1.1699999570846558,1.2599999904632568,2900,0.0,0.0
2018-06-29 00:00:00-04:00,1.1699999570846558,1.3799999952316284,1.1699999570846558,1.3799999952316284,14900,0.0,0.0
2018-07-02 00:00:00-04:00,1.1720000505447388,1.281000018119812,1.1699999570846558,1.2100000381469727,38200,0.0,0.0
2018-07-03 00:00:00-04:00,1.2100000381469727,1.2100000381469727,1.2000000476837158,1.2000000476837158,28500,0.0,0.0
2018-07-05 00:00:00-04:00,1.1699999570846558,1.309999942779541,1.1699999570846558,1.309999942779541,1600,0.0,0.0
2018-07-06 00:00:00-04:00,1.2000000476837158,1.2999999523162842,1.2000000476837158,1.2899999618530273,2400,0.0,0.0
2018-07-09 00:00:00-04:00,1.2400000095367432,1.2400000095367432,1.2000000476837158,1.2400000095367432,43000,0.0,0.0
2018-07-10 00:00:00-04:00,1.3200000524520874,1.3200000524520874,1.2300000190734863,1.2300000190734863,1500,0.0,0.0
2018-07-11 00:00:00-04:00,1.2100000381469727,1.2300000190734863,1.2000000476837158,1.2300000190734863,8000,0.0,0.0
2018-07-12 00:00:00-04:00,1.2100000381469727,1.2100000381469727,1.2100000381469727,1.2100000381469727,300,0.0,0.0
2018-07-13 00:00:00-04:00,1.190000057220459,1.2300000190734863,1.190000057220459,1.2300000190734863,400,0.0,0.0
2018-07-16 00:00:00-04:00,1.190000057220459,1.190000057220459,1.190000057220459,1.190000057220459,1100,0.0,0.0
2018-07-17 00:00:00-04:00,1.190000057220459,1.190000057220459,1.190000057220459,1.190000057220459,0,0.0,0.0
2018-07-18 00:00:00-04:00,1.190000057220459,1.190000057220459,1.190000057220459,1.190000057220459,2400,0.0,0.0
2018-07-19 00:00:00-04:00,1.1799999475479126,1.2649999856948853,1.1799999475479126,1.25,12700,0.0,0.0
2018-07-20 00:00:00-04:00,1.2400000095367432,1.2400000095367432,1.2400000095367432,1.2400000095367432,1800,0.0,0.0
2018-07-23 00:00:00-04:00,1.2209999561309814,1.2209999561309814,1.2200000286102295,1.2200000286102295,500,0.0,0.0
2018-07-24 00:00:00-04:00,1.2200000286102295,1.2400000095367432,1.2100000381469727,1.2400000095367432,14100,0.0,0.0
2018-07-25 00:00:00-04:00,1.2300000190734863,1.2400000095367432,1.190000057220459,1.2400000095367432,21200,0.0,0.0
2018-07-26 00:00:00-04:00,1.25,1.350000023841858,1.25,1.3200000524520874,37000,0.0,0.0
2018-07-27 00:00:00-04:00,1.2949999570846558,1.3200000524520874,1.2699999809265137,1.3200000524520874,2000,0.0,0.0
2018-07-30 00:00:00-04:00,1.3200000524520874,1.3200000524520874,1.2599999904632568,1.2599999904632568,8800,0.0,0.0
2018-07-31 00:00:00-04:00,1.309999942779541,1.3899999856948853,1.309999942779541,1.3899999856948853,8500,0.0,0.0
2018-08-01 00:00:00-04:00,1.3700000047683716,1.3700000047683716,1.3700000047683716,1.3700000047683716,1100,0.0,0.0
2018-08-02 00:00:00-04:00,1.3700000047683716,1.3700000047683716,1.2599999904632568,1.3179999589920044,33100,0.0,0.0
2018-08-03 00:00:00-04:00,1.3480000495910645,1.3480000495910645,1.3200000524520874,1.3200000524520874,27600,0.0,0.0
2018-08-06 00:00:00-04:00,1.274999976158142,1.3769999742507935,1.274999976158142,1.3680000305175781,17400,0.0,0.0
2018-08-07 00:00:00-04:00,1.3700000047683716,1.4149999618530273,1.3700000047683716,1.399999976158142,21100,0.0,0.0
2018-08-08 00:00:00-04:00,1.4019999504089355,1.4019999504089355,1.309999942779541,1.3769999742507935,21600,0.0,0.0
2018-08-09 00:00:00-04:00,1.3200000524520874,1.4199999570846558,1.3200000524520874,1.4199999570846558,10400,0.0,0.0
2018-08-10 00:00:00-04:00,1.3200000524520874,1.399999976158142,1.2999999523162842,1.3830000162124634,8200,0.0,0.0
2018-08-13 00:00:00-04:00,1.3200000524520874,1.3799999952316284,1.2899999618530273,1.309999942779541,21400,0.0,0.0
2018-08-14 00:00:00-04:00,1.309999942779541,1.309999942779541,1.309999942779541,1.309999942779541,300,0.0,0.0
2018-08-15 00:00:00-04:00,1.2999999523162842,1.2999999523162842,1.25,1.25,38000,0.0,0.0
2018-08-16 00:00:00-04:00,1.25,1.2799999713897705,1.2400000095367432,1.25,26200,0.0,0.0
2018-08-17 00:00:00-04:00,1.2599999904632568,1.2599999904632568,1.2200000286102295,1.2300000190734863,15200,0.0,0.0
2018-08-20 00:00:00-04:00,1.2400000095367432,1.25,1.1799999475479126,1.1799999475479126,33300,0.0,0.0
2018-08-21 00:00:00-04:00,1.2100000381469727,1.25,1.2050000429153442,1.2100000381469727,18300,0.0,0.0
2018-08-22 00:00:00-04:00,1.2100000381469727,1.2100000381469727,1.190000057220459,1.2000000476837158,43500,0.0,0.0
2018-08-23 00:00:00-04:00,1.2100000381469727,1.2300000190734863,1.2100000381469727,1.2300000190734863,11300,0.0,0.0
2018-08-24 00:00:00-04:00,1.25,1.25,1.190000057220459,1.2000000476837158,9200,0.0,0.0
2018-08-27 00:00:00-04:00,1.2000000476837158,1.2100000381469727,1.190000057220459,1.190000057220459,14000,0.0,0.0
2018-08-28 00:00:00-04:00,1.190000057220459,1.2000000476837158,1.1799999475479126,1.190000057220459,22900,0.0,0.0
2018-08-29 00:00:00-04:00,1.2000000476837158,1.2089999914169312,1.1799999475479126,1.2089999914169312,2100,0.0,0.0
2018-08-30 00:00:00-04:00,1.2100000381469727,1.2200000286102295,1.2100000381469727,1.2200000286102295,3900,0.0,0.0
2018-08-31 00:00:00-04:00,1.2000000476837158,1.2300000190734863,1.2000000476837158,1.2300000190734863,6600,0.0,0.0
2018-09-04 00:00:00-04:00,1.2300000190734863,1.2300000190734863,1.2300000190734863,1.2300000190734863,0,0.0,0.0
2018-09-05 00:00:00-04:00,1.2400000095367432,1.3200000524520874,1.2400000095367432,1.3200000524520874,42800,0.0,0.0
2018-09-06 00:00:00-04:00,1.309999942779541,1.3200000524520874,1.2999999523162842,1.2999999523162842,11600,0.0,0.0
2018-09-07 00:00:00-04:00,1.2999999523162842,1.4500000476837158,1.2999999523162842,1.4500000476837158,60000,0.0,0.0
2018-09-10 00:00:00-04:00,1.4500000476837158,1.4500000476837158,1.340000033378601,1.4500000476837158,90500,0.0,0.0
2018-09-11 00:00:00-04:00,1.399999976158142,1.440000057220459,1.3600000143051147,1.409999966621399,11600,0.0,0.0
2018-09-12 00:00:00-04:00,1.4299999475479126,1.4500000476837158,1.399999976158142,1.440000057220459,19000,0.0,0.0
2018-09-13 00:00:00-04:00,1.434999942779541,1.434999942779541,1.399999976158142,1.399999976158142,45600,0.0,0.0
2018-09-14 00:00:00-04:00,1.409999966621399,1.4600000381469727,1.409999966621399,1.4500000476837158,57100,0.0,0.0
2018-09-17 00:00:00-04:00,1.4500000476837158,1.4500000476837158,1.4299999475479126,1.4299999475479126,5800,0.0,0.0
2018-09-18 00:00:00-04:00,1.409999966621399,1.409999966621399,1.409999966621399,1.409999966621399,200,0.0,0.0
2018-09-19 00:00:00-04:00,1.440000057220459,1.6399999856948853,1.4299999475479126,1.5529999732971191,88100,0.0,0.0
2018-09-20 00:00:00-04:00,1.6299999952316284,1.7400000095367432,1.5700000524520874,1.5700000524520874,23700,0.0,0.0
2018-09-21 00:00:00-04:00,1.600000023841858,1.600000023841858,1.5299999713897705,1.5839999914169312,23600,0.0,0.0
2018-09-24 00:00:00-04:00,1.600000023841858,1.600000023841858,1.5,1.5,9200,0.0,0.0
2018-09-25 00:00:00-04:00,1.5,1.5199999809265137,1.4600000381469727,1.5,7800,0.0,0.0
2018-09-26 00:00:00-04:00,1.5,1.5850000381469727,1.3799999952316284,1.5850000381469727,20400,0.0,0.0
2018-09-27 00:00:00-04:00,1.5499999523162842,1.5499999523162842,1.4199999570846558,1.4199999570846558,6700,0.0,0.0
2018-09-28 00:00:00-04:00,1.4869999885559082,1.6640000343322754,1.4299999475479126,1.6490000486373901,36700,0.0,0.0
2018-10-01 00:00:00-04:00,1.6699999570846558,1.7999999523162842,1.649999976158142,1.659999966621399,21900,0.0,0.0
2018-10-02 00:00:00-04:00,1.725000023841858,1.75,1.649999976158142,1.75,22100,0.0,0.0
2018-10-03 00:00:00-04:00,1.75,1.7899999618530273,1.75,1.75,110100,0.0,0.0
2018-10-04 00:00:00-04:00,1.75,1.7999999523162842,1.75,1.7699999809265137,37100,0.0,0.0
2018-10-05 00:00:00-04:00,1.7699999809265137,1.7699999809265137,1.600000023841858,1.7050000429153442,42800,0.0,0.0
2018-10-08 00:00:00-04:00,1.7200000286102295,1.7400000095367432,1.600000023841858,1.600000023841858,27600,0.0,0.0
2018-10-09 00:00:00-04:00,1.600000023841858,1.6349999904632568,1.600000023841858,1.6299999952316284,39000,0.0,0.0
2018-10-10 00:00:00-04:00,1.6299999952316284,1.649999976158142,1.5499999523162842,1.5499999523162842,43800,0.0,0.0
2018-10-11 00:00:00-04:00,1.5499999523162842,1.590000033378601,1.5499999523162842,1.590000033378601,21400,0.0,0.0
2018-10-12 00:00:00-04:00,1.6100000143051147,1.6100000143051147,1.5099999904632568,1.5700000524520874,56100,0.0,0.0
2018-10-15 00:00:00-04:00,1.5499999523162842,1.559999942779541,1.4600000381469727,1.4900000095367432,44500,0.0,0.0
2018-10-16 00:00:00-04:00,1.5299999713897705,1.5800000429153442,1.4600000381469727,1.5499999523162842,38600,0.0,0.0
2018-10-17 00:00:00-04:00,1.5499999523162842,1.5499999523162842,1.5099999904632568,1.5099999904632568,6900,0.0,0.0
2018-10-18 00:00:00-04:00,1.5,1.5,1.4299999475479126,1.4299999475479126,18700,0.0,0.0
2018-10-19 00:00:00-04:00,1.4199999570846558,1.440000057220459,1.409999966621399,1.440000057220459,1600,0.0,0.0
2018-10-22 00:00:00-04:00,1.4199999570846558,1.4600000381469727,1.4199999570846558,1.4600000381469727,8600,0.0,0.0
2018-10-23 00:00:00-04:00,1.4600000381469727,1.4600000381469727,1.4199999570846558,1.4500000476837158,18700,0.0,0.0
2018-10-24 00:00:00-04:00,1.4500000476837158,1.465000033378601,1.4199999570846558,1.4600000381469727,12900,0.0,0.0
2018-10-25 00:00:00-04:00,1.4800000190734863,1.4800000190734863,1.409999966621399,1.4600000381469727,16900,0.0,0.0
2018-10-26 00:00:00-04:00,1.440000057220459,1.4800000190734863,1.440000057220459,1.4800000190734863,12700,0.0,0.0
2018-10-29 00:00:00-04:00,1.4700000286102295,1.4900000095367432,1.4600000381469727,1.4900000095367432,15900,0.0,0.0
2018-10-30 00:00:00-04:00,1.590000033378601,1.590000033378601,1.4700000286102295,1.5,21200,0.0,0.0
2018-10-31 00:00:00-04:00,1.5,1.5700000524520874,1.4500000476837158,1.5700000524520874,38700,0.0,0.0
2018-11-01 00:00:00-04:00,1.5700000524520874,1.600000023841858,1.5,1.5,24900,0.0,0.0
2018-11-02 00:00:00-04:00,1.5299999713897705,1.6859999895095825,1.5299999713897705,1.6859999895095825,20500,0.0,0.0
2018-11-05 00:00:00-05:00,1.6699999570846558,1.7000000476837158,1.5700000524520874,1.649999976158142,60700,0.0,0.0
2018-11-06 00:00:00-05:00,1.7000000476837158,1.7100000381469727,1.649999976158142,1.7000000476837158,18900,0.0,0.0
2018-11-07 00:00:00-05:00,1.649999976158142,1.75,1.649999976158142,1.75,25000,0.0,0.0
2018-11-08 00:00:00-05:00,1.75,1.774999976158142,1.7400000095367432,1.7400000095367432,2500,0.0,0.0
2018-11-09 00:00:00-05:00,1.7000000476837158,1.7300000190734863,1.659999966621399,1.7000000476837158,35400,0.0,0.0
2018-11-12 00:00:00-05:00,1.649999976158142,1.6699999570846558,1.600000023841858,1.649999976158142,25500,0.0,0.0
2018-11-13 00:00:00-05:00,1.649999976158142,1.649999976158142,1.5800000429153442,1.600000023841858,19900,0.0,0.0
2018-11-14 00:00:00-05:00,1.600000023841858,1.600000023841858,1.5800000429153442,1.5800000429153442,16000,0.0,0.0
2018-11-15 00:00:00-05:00,1.5800000429153442,1.600000023841858,1.5099999904632568,1.5750000476837158,12400,0.0,0.0
2018-11-16 00:00:00-05:00,1.5800000429153442,1.590000033378601,1.5700000524520874,1.590000033378601,20700,0.0,0.0
2018-11-19 00:00:00-05:00,1.590000033378601,1.590000033378601,1.5299999713897705,1.5299999713897705,33500,0.0,0.0
2018-11-20 00:00:00-05:00,1.5,1.5299999713897705,1.4500000476837158,1.4800000190734863,30900,0.0,0.0
2018-11-21 00:00:00-05:00,1.4500000476837158,1.5,1.4500000476837158,1.4500000476837158,3500,0.0,0.0
2018-11-23 00:00:00-05:00,1.4500000476837158,1.4500000476837158,1.4299999475479126,1.4500000476837158,10300,0.0,0.0
2018-11-26 00:00:00-05:00,1.4800000190734863,1.4900000095367432,1.4800000190734863,1.4900000095367432,7500,0.0,0.0
2018-11-27 00:00:00-05:00,1.4900000095367432,1.4950000047683716,1.4500000476837158,1.4500000476837158,8400,0.0,0.0
2018-11-28 00:00:00-05:00,1.4500000476837158,1.5,1.399999976158142,1.5,30500,0.0,0.0
2018-11-29 00:00:00-05:00,1.350000023841858,1.4149999618530273,1.350000023841858,1.4149999618530273,1700,0.0,0.0
2018-11-30 00:00:00-05:00,1.3600000143051147,1.5160000324249268,1.3600000143051147,1.440000057220459,26200,0.0,0.0
2018-12-03 00:00:00-05:00,1.5149999856948853,1.5149999856948853,1.4500000476837158,1.5,57100,0.0,0.0
2018-12-04 00:00:00-05:00,1.4700000286102295,1.5,1.4700000286102295,1.5,3200,0.0,0.0
2018-12-06 00:00:00-05:00,1.5,1.5,1.5,1.5,0,0.0,0.0
2018-12-07 00:00:00-05:00,1.5,1.5,1.3700000047683716,1.399999976158142,40900,0.0,0.0
2018-12-10 00:00:00-05:00,1.5099999904632568,1.5099999904632568,1.3700000047683716,1.4800000190734863,27600,0.0,0.0
2018-12-11 00:00:00-05:00,1.4800000190734863,1.4800000190734863,1.4800000190734863,1.4800000190734863,1400,0.0,0.0
2018-12-12 00:00:00-05:00,1.4700000286102295,1.4900000095367432,1.4550000429153442,1.4800000190734863,2700,0.0,0.0
2018-12-13 00:00:00-05:00,1.4800000190734863,1.4900000095367432,1.4800000190734863,1.4800000190734863,5700,0.0,0.0
2018-12-14 00:00:00-05:00,1.4800000190734863,1.4800000190734863,1.4700000286102295,1.4700000286102295,4200,0.0,0.0
2018-12-17 00:00:00-05:00,1.4800000190734863,1.600000023841858,1.4500000476837158,1.559999942779541,220200,0.0,0.0
2018-12-18 00:00:00-05:00,1.559999942779541,1.559999942779541,1.5199999809265137,1.5199999809265137,3800,0.0,0.0
2018-12-19 00:00:00-05:00,1.5199999809265137,1.5299999713897705,1.5199999809265137,1.5299999713897705,3100,0.0,0.0
2018-12-20 00:00:00-05:00,1.5199999809265137,1.590000033378601,1.4910000562667847,1.590000033378601,5900,0.0,0.0
2018-12-21 00:00:00-05:00,1.5,1.5700000524520874,1.3600000143051147,1.4299999475479126,43500,0.0,0.0
2018-12-24 00:00:00-05:00,1.350000023841858,1.440000057220459,1.350000023841858,1.399999976158142,22100,0.0,0.0
2018-12-26 00:00:00-05:00,1.4299999475479126,1.440000057220459,1.399999976158142,1.399999976158142,60300,0.0,0.0
2018-12-27 00:00:00-05:00,1.4800000190734863,1.4800000190734863,1.4500000476837158,1.4500000476837158,3900,0.0,0.0
2018-12-28 00:00:00-05:00,1.4800000190734863,1.649999976158142,1.4700000286102295,1.6100000143051147,27100,0.0,0.0
2018-12-31 00:00:00-05:00,1.5199999809265137,1.649999976158142,1.4299999475479126,1.649999976158142,49100,0.0,0.0
2019-01-02 00:00:00-05:00,1.628999948501587,1.628999948501587,1.5099999904632568,1.5099999904632568,14500,0.0,0.0
2019-01-03 00:00:00-05:00,1.6399999856948853,1.6399999856948853,1.600000023841858,1.600000023841858,2600,0.0,0.0
2019-01-04 00:00:00-05:00,1.600000023841858,1.6299999952316284,1.5099999904632568,1.5800000429153442,20900,0.0,0.0
2019-01-07 00:00:00-05:00,1.5499999523162842,1.5499999523162842,1.440000057220459,1.5399999618530273,11300,0.0,0.0
2019-01-08 00:00:00-05:00,1.4500000476837158,1.5049999952316284,1.440000057220459,1.5,3400,0.0,0.0
2019-01-09 00:00:00-05:00,1.5,1.5,1.4600000381469727,1.4600000381469727,13900,0.0,0.0
2019-01-10 00:00:00-05:00,1.4700000286102295,1.4700000286102295,1.4700000286102295,1.4700000286102295,1000,0.0,0.0
2019-01-11 00:00:00-05:00,1.4500000476837158,1.5099999904632568,1.4500000476837158,1.5099999904632568,29000,0.0,0.0
2019-01-14 00:00:00-05:00,1.5,1.5499999523162842,1.5,1.5499999523162842,31000,0.0,0.0
2019-01-15 00:00:00-05:00,1.5499999523162842,1.6299999952316284,1.5099999904632568,1.600000023841858,22000,0.0,0.0
2019-01-16 00:00:00-05:00,1.5850000381469727,1.600000023841858,1.4800000190734863,1.5700000524520874,33300,0.0,0.0
2019-01-17 00:00:00-05:00,1.5499999523162842,1.5700000524520874,1.5499999523162842,1.5700000524520874,24900,0.0,0.0
2019-01-18 00:00:00-05:00,1.5700000524520874,1.5800000429153442,1.5700000524520874,1.5700000524520874,8800,0.0,0.0
2019-01-22 00:00:00-05:00,1.559999942779541,1.559999942779541,1.559999942779541,1.559999942779541,200,0.0,0.0
2019-01-23 00:00:00-05:00,1.559999942779541,1.600000023841858,1.559999942779541,1.5980000495910645,11800,0.0,0.0
2019-01-24 00:00:00-05:00,1.5800000429153442,1.600000023841858,1.559999942779541,1.5700000524520874,7600,0.0,0.0
2019-01-25 00:00:00-05:00,1.5700000524520874,1.5989999771118164,1.5700000524520874,1.5989999771118164,11500,0.0,0.0
2019-01-28 00:00:00-05:00,1.5989999771118164,1.6100000143051147,1.5299999713897705,1.590000033378601,29500,0.0,0.0
2019-01-29 00:00:00-05:00,1.5700000524520874,1.5700000524520874,1.5199999809265137,1.5199999809265137,10800,0.0,0.0
2019-01-30 00:00:00-05:00,1.559999942779541,1.559999942779541,1.5,1.5299999713897705,21100,0.0,0.0
2019-01-31 00:00:00-05:00,1.5399999618530273,1.5399999618530273,1.5,1.5,2900,0.0,0.0
2019-02-01 00:00:00-05:00,1.4600000381469727,1.4900000095367432,1.440000057220459,1.4900000095367432,15400,0.0,0.0
2019-02-04 00:00:00-05:00,1.4600000381469727,1.5399999618530273,1.4500000476837158,1.5399999618530273,15200,0.0,0.0
2019-02-05 00:00:00-05:00,1.5499999523162842,1.5499999523162842,1.5199999809265137,1.5399999618530273,4000,0.0,0.0
2019-02-06 00:00:00-05:00,1.4600000381469727,1.5399999618530273,1.4600000381469727,1.5299999713897705,31600,0.0,0.0
2019-02-07 00:00:00-05:00,1.5,1.5,1.5,1.5,1900,0.0,0.0
2019-02-08 00:00:00-05:00,1.5,1.5299999713897705,1.440000057220459,1.5299999713897705,26800,0.0,0.0
2019-02-11 00:00:00-05:00,1.5299999713897705,1.590000033378601,1.5099999904632568,1.590000033378601,63100,0.0,0.0
2019-02-12 00:00:00-05:00,1.559999942779541,1.649999976158142,1.5399999618530273,1.6349999904632568,160100,0.0,0.0
2019-02-13 00:00:00-05:00,1.559999942779541,1.6169999837875366,1.5,1.5199999809265137,62300,0.0,0.0
2019-02-14 00:00:00-05:00,1.5,1.5,1.399999976158142,1.4500000476837158,35500,0.0,0.0
2019-02-15 00:00:00-05:00,1.440000057220459,1.5,1.3600000143051147,1.4199999570846558,125700,0.0,0.0
2019-02-19 00:00:00-05:00,1.399999976158142,1.5,1.399999976158142,1.4600000381469727,28600,0.0,0.0
2019-02-20 00:00:00-05:00,1.399999976158142,1.4199999570846558,1.399999976158142,1.409999966621399,16600,0.0,0.0
2019-02-21 00:00:00-05:00,1.3700000047683716,1.4199999570846558,1.3700000047683716,1.399999976158142,4900,0.0,0.0
2019-02-22 00:00:00-05:00,1.399999976158142,1.4700000286102295,1.399999976158142,1.409999966621399,600,0.0,0.0
2019-02-25 00:00:00-05:00,1.409999966621399,1.4700000286102295,1.3899999856948853,1.409999966621399,24300,0.0,0.0
2019-02-26 00:00:00-05:00,1.3899999856948853,1.4199999570846558,1.3799999952316284,1.399999976158142,41400,0.0,0.0
2019-02-27 00:00:00-05:00,1.4500000476837158,1.4500000476837158,1.4199999570846558,1.4199999570846558,11100,0.0,0.0
2019-02-28 00:00:00-05:00,1.4500000476837158,1.4500000476837158,1.440000057220459,1.440000057220459,3700,0.0,0.0
2019-03-01 00:00:00-05:00,1.409999966621399,1.4500000476837158,1.409999966621399,1.4500000476837158,12800,0.0,0.0
2019-03-04 00:00:00-05:00,1.4700000286102295,1.4700000286102295,1.399999976158142,1.4700000286102295,9000,0.0,0.0
2019-03-05 00:00:00-05:00,1.440000057220459,1.600000023841858,1.440000057220459,1.5700000524520874,26300,0.0,0.0
2019-03-06 00:00:00-05:00,1.5800000429153442,1.5800000429153442,1.5399999618530273,1.5420000553131104,2700,0.0,0.0
2019-03-07 00:00:00-05:00,1.5700000524520874,1.5700000524520874,1.4600000381469727,1.5700000524520874,15300,0.0,0.0
2019-03-08 00:00:00-05:00,1.5700000524520874,1.5700000524520874,1.5700000524520874,1.5700000524520874,200,0.0,0.0
2019-03-11 00:00:00-04:00,1.5800000429153442,1.600000023841858,1.5,1.590000033378601,18000,0.0,0.0
2019-03-12 00:00:00-04:00,1.5499999523162842,1.5800000429153442,1.5470000505447388,1.5470000505447388,11800,0.0,0.0
2019-03-13 00:00:00-04:00,1.5,1.5360000133514404,1.4800000190734863,1.5,31800,0.0,0.0
2019-03-14 00:00:00-04:00,1.5,1.5399999618530273,1.4900000095367432,1.5399999618530273,11700,0.0,0.0
2019-03-15 00:00:00-04:00,1.5499999523162842,1.5499999523162842,1.440000057220459,1.4910000562667847,53900,0.0,0.0
2019-03-18 00:00:00-04:00,1.5,1.5499999523162842,1.5,1.5499999523162842,15500,0.0,0.0
2019-03-19 00:00:00-04:00,1.5499999523162842,1.590000033378601,1.5199999809265137,1.559999942779541,27500,0.0,0.0
2019-03-20 00:00:00-04:00,1.5800000429153442,1.5800000429153442,1.5,1.5,5800,0.0,0.0
2019-03-21 00:00:00-04:00,1.4800000190734863,1.5,1.4800000190734863,1.496999979019165,5400,0.0,0.0
2019-03-22 00:00:00-04:00,1.4800000190734863,1.5099999904632568,1.4500000476837158,1.4800000190734863,11500,0.0,0.0
2019-03-25 00:00:00-04:00,1.4800000190734863,1.590000033378601,1.4800000190734863,1.590000033378601,25300,0.0,0.0
2019-03-26 00:00:00-04:00,1.590000033378601,1.590000033378601,1.5,1.5670000314712524,28100,0.0,0.0
2019-03-27 00:00:00-04:00,1.5199999809265137,1.559999942779541,1.5199999809265137,1.559999942779541,3800,0.0,0.0
2019-03-28 00:00:00-04:00,1.559999942779541,1.5800000429153442,1.5199999809265137,1.5800000429153442,15100,0.0,0.0
2019-03-29 00:00:00-04:00,1.5299999713897705,1.600000023841858,1.5299999713897705,1.600000023841858,39300,0.0,0.0
2019-04-01 00:00:00-04:00,1.559999942779541,1.5800000429153442,1.5099999904632568,1.5800000429153442,18000,0.0,0.0
2019-04-02 00:00:00-04:00,1.5410000085830688,1.5700000524520874,1.5399999618530273,1.5399999618530273,3000,0.0,0.0
2019-04-03 00:00:00-04:00,1.5700000524520874,1.5800000429153442,1.5700000524520874,1.5700000524520874,5300,0.0,0.0
2019-04-04 00:00:00-04:00,1.5700000524520874,1.5700000524520874,1.5700000524520874,1.5700000524520874,0,0.0,0.0
2019-04-05 00:00:00-04:00,1.5399999618530273,1.5800000429153442,1.5299999713897705,1.5750000476837158,38500,0.0,0.0
2019-04-08 00:00:00-04:00,1.5099999904632568,1.5499999523162842,1.4700000286102295,1.5,21700,0.0,0.0
2019-04-09 00:00:00-04:00,1.5199999809265137,1.5800000429153442,1.4800000190734863,1.5800000429153442,27700,0.0,0.0
2019-04-10 00:00:00-04:00,1.5,1.5800000429153442,1.5,1.5800000429153442,6900,0.0,0.0
2019-04-11 00:00:00-04:00,1.5,1.5679999589920044,1.5,1.5679999589920044,1700,0.0,0.0
2019-04-12 00:00:00-04:00,1.5199999809265137,1.5199999809265137,1.5199999809265137,1.5199999809265137,1000,0.0,0.0
2019-04-15 00:00:00-04:00,1.4900000095367432,1.4950000047683716,1.4600000381469727,1.4600000381469727,4700,0.0,0.0
2019-04-16 00:00:00-04:00,1.409999966621399,1.50600004196167,1.409999966621399,1.440000057220459,38700,0.0,0.0
2019-04-17 00:00:00-04:00,1.4500000476837158,1.4600000381469727,1.409999966621399,1.4600000381469727,2500,0.0,0.0
2019-04-18 00:00:00-04:00,1.4600000381469727,1.649999976158142,1.4600000381469727,1.5800000429153442,158200,0.0,0.0
2019-04-22 00:00:00-04:00,1.559999942779541,1.5800000429153442,1.559999942779541,1.559999942779541,6800,0.0,0.0
2019-04-23 00:00:00-04:00,1.5499999523162842,1.559999942779541,1.5499999523162842,1.5499999523162842,5600,0.0,0.0
2019-04-24 00:00:00-04:00,1.5399999618530273,1.5399999618530273,1.5399999618530273,1.5399999618530273,15700,0.0,0.0
2019-04-25 00:00:00-04:00,1.5299999713897705,1.6299999952316284,1.5299999713897705,1.5499999523162842,67400,0.0,0.0
2019-04-26 00:00:00-04:00,1.5499999523162842,1.6299999952316284,1.5499999523162842,1.6239999532699585,36700,0.0,0.0
2019-04-29 00:00:00-04:00,1.6299999952316284,1.6299999952316284,1.559999942779541,1.600000023841858,32900,0.0,0.0
2019-04-30 00:00:00-04:00,1.6299999952316284,1.6799999475479126,1.6299999952316284,1.656000018119812,86600,0.0,0.0
2019-05-01 00:00:00-04:00,1.6299999952316284,1.6299999952316284,1.559999942779541,1.6100000143051147,17300,0.0,0.0
2019-05-02 00:00:00-04:00,1.559999942779541,1.6200000047683716,1.559999942779541,1.6200000047683716,8500,0.0,0.0
2019-05-03 00:00:00-04:00,1.559999942779541,1.6200000047683716,1.4900000095367432,1.5499999523162842,58500,0.0,0.0
2019-05-06 00:00:00-04:00,1.5609999895095825,1.6200000047683716,1.5609999895095825,1.6200000047683716,3500,0.0,0.0
2019-05-07 00:00:00-04:00,1.5800000429153442,1.6200000047683716,1.5399999618530273,1.6039999723434448,19800,0.0,0.0
2019-05-08 00:00:00-04:00,1.5399999618530273,1.600000023841858,1.5399999618530273,1.600000023841858,4600,0.0,0.0
2019-05-09 00:00:00-04:00,1.590000033378601,1.600000023841858,1.5399999618530273,1.5399999618530273,11100,0.0,0.0
2019-05-10 00:00:00-04:00,1.590000033378601,1.6200000047683716,1.5700000524520874,1.600000023841858,6400,0.0,0.0
2019-05-13 00:00:00-04:00,1.600000023841858,1.600000023841858,1.5499999523162842,1.5700000524520874,17700,0.0,0.0
2019-05-14 00:00:00-04:00,1.5399999618530273,1.590000033378601,1.5199999809265137,1.5700000524520874,8200,0.0,0.0
2019-05-15 00:00:00-04:00,1.5800000429153442,1.6299999952316284,1.5800000429153442,1.5800000429153442,27400,0.0,0.0
2019-05-16 00:00:00-04:00,1.5499999523162842,1.5750000476837158,1.5499999523162842,1.5700000524520874,15300,0.0,0.0
2019-05-17 00:00:00-04:00,1.5499999523162842,1.600000023841858,1.5499999523162842,1.600000023841858,11200,0.0,0.0
2019-05-20 00:00:00-04:00,1.600000023841858,1.600000023841858,1.600000023841858,1.600000023841858,4400,0.0,0.0
2019-05-21 00:00:00-04:00,1.600000023841858,1.600000023841858,1.5499999523162842,1.600000023841858,9800,0.0,0.0
2019-05-22 00:00:00-04:00,1.559999942779541,1.6100000143051147,1.5499999523162842,1.600000023841858,9600,0.0,0.0
2019-05-23 00:00:00-04:00,1.600000023841858,1.6330000162124634,1.5850000381469727,1.6330000162124634,5300,0.0,0.0
2019-05-24 00:00:00-04:00,1.649999976158142,1.7000000476837158,1.600000023841858,1.7000000476837158,32000,0.0,0.0
2019-05-28 00:00:00-04:00,1.690000057220459,1.690000057220459,1.690000057220459,1.690000057220459,900,0.0,0.0
2019-05-29 00:00:00-04:00,1.6799999475479126,1.7699999809265137,1.6200000047683716,1.7450000047683716,86000,0.0,0.0
2019-05-30 00:00:00-04:00,1.690000057220459,1.7400000095367432,1.6699999570846558,1.7400000095367432,5500,0.0,0.0
2019-05-31 00:00:00-04:00,1.7699999809265137,1.7699999809265137,1.725000023841858,1.7599999904632568,1500,0.0,0.0
2019-06-03 00:00:00-04:00,1.75,1.75,1.649999976158142,1.7000000476837158,17400,0.0,0.0
2019-06-04 00:00:00-04:00,1.6799999475479126,1.7300000190734863,1.6699999570846558,1.725000023841858,7700,0.0,0.0
2019-06-05 00:00:00-04:00,1.7200000286102295,1.7699999809265137,1.6699999570846558,1.7699999809265137,17000,0.0,0.0
2019-06-06 00:00:00-04:00,1.7699999809265137,1.7699999809265137,1.75,1.7699999809265137,9700,0.0,0.0
2019-06-07 00:00:00-04:00,1.75,1.9800000190734863,1.75,1.9800000190734863,56800,0.0,0.0
2019-06-10 00:00:00-04:00,1.9900000095367432,2.0899999141693115,1.9800000190734863,2.0899999141693115,112700,0.0,0.0
2019-06-11 00:00:00-04:00,2.075000047683716,2.1500000953674316,2.075000047683716,2.140000104904175,131700,0.0,0.0
2019-06-12 00:00:00-04:00,2.140000104904175,2.140000104904175,2.0199999809265137,2.0999999046325684,15100,0.0,0.0
2019-06-13 00:00:00-04:00,2.0999999046325684,2.130000114440918,2.0,2.130000114440918,25600,0.0,0.0
2019-06-14 00:00:00-04:00,2.130000114440918,2.2200000286102295,2.0999999046325684,2.200000047683716,89300,0.0,0.0
2019-06-17 00:00:00-04:00,2.200000047683716,2.200000047683716,2.109999895095825,2.180000066757202,68400,0.0,0.0
2019-06-18 00:00:00-04:00,2.180000066757202,2.200000047683716,2.0999999046325684,2.1500000953674316,39300,0.0,0.0
2019-06-19 00:00:00-04:00,2.140000104904175,2.25,2.0899999141693115,2.2300000190734863,181700,0.0,0.0
2019-06-20 00:00:00-04:00,2.240000009536743,2.549999952316284,2.240000009536743,2.4800000190734863,248400,0.0,0.0
2019-06-21 00:00:00-04:00,2.4749999046325684,2.7200000286102295,2.319999933242798,2.7079999446868896,201700,0.0,0.0
2019-06-24 00:00:00-04:00,2.7149999141693115,2.9600000381469727,2.7149999141693115,2.950000047683716,195900,0.0,0.0
2019-06-25 00:00:00-04:00,2.940000057220459,2.9700000286102295,2.700000047683716,2.950000047683716,44000,0.0,0.0
2019-06-26 00:00:00-04:00,2.9200000762939453,2.9200000762939453,2.819999933242798,2.869999885559082,24000,0.0,0.0
2019-06-27 00:00:00-04:00,2.859999895095825,2.950000047683716,2.5,2.9000000953674316,75500,0.0,0.0
2019-06-28 00:00:00-04:00,2.9000000953674316,2.9000000953674316,2.7899999618530273,2.880000114440918,28200,0.0,0.0
2019-07-01 00:00:00-04:00,2.869999885559082,2.869999885559082,2.7739999294281006,2.8299999237060547,2200,0.0,0.0
2019-07-02 00:00:00-04:00,2.8299999237060547,2.8499999046325684,2.8299999237060547,2.8499999046325684,9000,0.0,0.0
2019-07-03 00:00:00-04:00,2.8499999046325684,2.890000104904175,2.8499999046325684,2.890000104904175,400,0.0,0.0
2019-07-05 00:00:00-04:00,2.9000000953674316,2.950000047683716,2.569999933242798,2.940000057220459,31300,0.0,0.0
2019-07-08 00:00:00-04:00,2.940000057220459,2.990000009536743,2.880000114440918,2.9800000190734863,21300,0.0,0.0
2019-07-09 00:00:00-04:00,2.990000009536743,3.059999942779541,2.9100000858306885,3.059999942779541,199300,0.0,0.0
2019-07-10 00:00:00-04:00,3.0399999618530273,3.0399999618530273,3.0,3.0299999713897705,36000,0.0,0.0
2019-07-11 00:00:00-04:00,3.049999952316284,3.069999933242798,3.0299999713897705,3.0299999713897705,26700,0.0,0.0
2019-07-12 00:00:00-04:00,3.049999952316284,3.180000066757202,2.809999942779541,3.049999952316284,268500,0.0,0.0
2019-07-15 00:00:00-04:00,3.069999933242798,3.0999999046325684,3.009999990463257,3.0999999046325684,21300,0.0,0.0
2019-07-16 00:00:00-04:00,3.069999933242798,3.2300000190734863,3.069999933242798,3.2200000286102295,65400,0.0,0.0
2019-07-17 00:00:00-04:00,3.2200000286102295,3.2699999809265137,3.0,3.200000047683716,50100,0.0,0.0
2019-07-18 00:00:00-04:00,3.2200000286102295,3.2200000286102295,3.052000045776367,3.200000047683716,71900,0.0,0.0
2019-07-19 00:00:00-04:00,3.200000047683716,3.2699999809265137,3.200000047683716,3.259999990463257,5900,0.0,0.0
2019-07-22 00:00:00-04:00,3.259999990463257,3.2899999618530273,3.0799999237060547,3.2899999618530273,21500,0.0,0.0
2019-07-23 00:00:00-04:00,3.2899999618530273,3.3299999237060547,3.259999990463257,3.3299999237060547,23000,0.0,0.0
2019-07-24 00:00:00-04:00,3.299999952316284,3.3299999237060547,3.0999999046325684,3.3299999237060547,22200,0.0,0.0
2019-07-25 00:00:00-04:00,3.2899999618530273,3.299999952316284,3.1700000762939453,3.1700000762939453,5300,0.0,0.0
2019-07-26 00:00:00-04:00,3.315000057220459,3.315000057220459,3.0999999046325684,3.2300000190734863,12100,0.0,0.0
2019-07-29 00:00:00-04:00,3.200000047683716,3.234999895095825,3.130000114440918,3.2200000286102295,29200,0.0,0.0
2019-07-30 00:00:00-04:00,3.130000114440918,3.184999942779541,3.049999952316284,3.0999999046325684,54400,0.0,0.0
2019-07-31 00:00:00-04:00,3.059999942779541,3.2699999809265137,3.059999942779541,3.25,30000,0.0,0.0
2019-08-01 00:00:00-04:00,3.25,3.319999933242798,3.190000057220459,3.25,27700,0.0,0.0
2019-08-02 00:00:00-04:00,3.2850000858306885,3.2850000858306885,3.1500000953674316,3.25,16100,0.0,0.0
2019-08-05 00:00:00-04:00,3.130000114440918,3.200000047683716,3.0,3.200000047683716,52100,0.0,0.0
2019-08-06 00:00:00-04:00,3.0799999237060547,3.200000047683716,2.819999933242798,3.049999952316284,50900,0.0,0.0
2019-08-07 00:00:00-04:00,3.0299999713897705,3.299999952316284,3.0299999713897705,3.299999952316284,55000,0.0,0.0
2019-08-08 00:00:00-04:00,3.2100000381469727,3.2100000381469727,3.109999895095825,3.1600000858306885,5900,0.0,0.0
2019-08-09 00:00:00-04:00,3.1600000858306885,3.25,3.109999895095825,3.25,24600,0.0,0.0
2019-08-12 00:00:00-04:00,3.25,3.2899999618530273,3.200000047683716,3.2699999809265137,10400,0.0,0.0
2019-08-13 00:00:00-04:00,3.200000047683716,3.4000000953674316,3.200000047683716,3.4000000953674316,97500,0.0,0.0
2019-08-14 00:00:00-04:00,3.390000104904175,3.390000104904175,3.299999952316284,3.3399999141693115,38200,0.0,0.0
2019-08-15 00:00:00-04:00,3.359999895095825,3.75,3.3299999237060547,3.4000000953674316,96800,0.0,0.0
2019-08-16 00:00:00-04:00,3.380000114440918,3.380000114440918,3.25,3.2699999809265137,22700,0.0,0.0
2019-08-19 00:00:00-04:00,3.200000047683716,3.2699999809265137,3.049999952316284,3.1500000953674316,114100,0.0,0.0
2019-08-20 00:00:00-04:00,3.0999999046325684,3.1500000953674316,3.049999952316284,3.1500000953674316,29500,0.0,0.0
2019-08-21 00:00:00-04:00,3.075000047683716,3.200000047683716,3.049999952316284,3.1500000953674316,24800,0.0,0.0
2019-08-22 00:00:00-04:00,3.2899999618530273,3.309999942779541,3.1500000953674316,3.309999942779541,2600,0.0,0.0
2019-08-23 00:00:00-04:00,3.3299999237060547,3.4000000953674316,3.0999999046325684,3.4000000953674316,33700,0.0,0.0
2019-08-26 00:00:00-04:00,3.2899999618530273,3.2899999618530273,3.0399999618530273,3.0899999141693115,21600,0.0,0.0
2019-08-27 00:00:00-04:00,3.119999885559082,3.3299999237060547,3.119999885559082,3.319999933242798,6100,0.0,0.0
2019-08-28 00:00:00-04:00,3.3299999237060547,3.4800000190734863,3.302000045776367,3.440000057220459,31600,0.0,0.0
2019-08-29 00:00:00-04:00,3.4649999141693115,3.4649999141693115,3.3299999237060547,3.4000000953674316,11800,0.0,0.0
2019-08-30 00:00:00-04:00,3.380000114440918,3.509999990463257,3.369999885559082,3.5,42100,0.0,0.0
2019-09-03 00:00:00-04:00,3.549999952316284,3.690000057220459,3.4200000762939453,3.5299999713897705,48600,0.0,0.0
2019-09-04 00:00:00-04:00,3.549999952316284,3.619999885559082,3.4000000953674316,3.4000000953674316,55700,0.0,0.0
2019-09-05 00:00:00-04:00,3.5399999618530273,3.5999999046325684,3.4749999046325684,3.5999999046325684,28800,0.0,0.0
2019-09-06 00:00:00-04:00,3.5999999046325684,4.260000228881836,3.5450000762939453,3.9079999923706055,194300,0.0,0.0
2019-09-09 00:00:00-04:00,4.099999904632568,4.150000095367432,3.630000114440918,4.0,39400,0.0,0.0
2019-09-10 00:00:00-04:00,4.0,4.150000095367432,3.990000009536743,4.0,62600,0.0,0.0
2019-09-11 00:00:00-04:00,4.090000152587891,4.090000152587891,3.8499999046325684,4.0,20300,0.0,0.0
2019-09-12 00:00:00-04:00,3.950000047683716,4.179999828338623,3.950000047683716,4.150000095367432,35700,0.0,0.0
2019-09-13 00:00:00-04:00,4.010000228881836,4.050000190734863,3.950000047683716,4.010000228881836,19100,0.0,0.0
2019-09-16 00:00:00-04:00,4.0,4.0,3.9000000953674316,4.0,10700,0.0,0.0
2019-09-17 00:00:00-04:00,3.934999942779541,4.059999942779541,3.8949999809265137,4.0,11300,0.0,0.0
2019-09-18 00:00:00-04:00,3.950000047683716,4.0,3.9000000953674316,4.0,700,0.0,0.0
2019-09-19 00:00:00-04:00,4.0,4.010000228881836,3.5399999618530273,4.0,24500,0.0,0.0
2019-09-20 00:00:00-04:00,3.8499999046325684,3.9600000381469727,3.799999952316284,3.9600000381469727,13800,0.0,0.0
2019-09-23 00:00:00-04:00,3.799999952316284,3.950000047683716,3.6500000953674316,3.809999942779541,45600,0.0,0.0
2019-09-24 00:00:00-04:00,3.930000066757202,3.930000066757202,3.7200000286102295,3.809999942779541,16300,0.0,0.0
2019-09-25 00:00:00-04:00,3.799999952316284,3.809999942779541,3.7200000286102295,3.7799999713897705,5100,0.0,0.0
2019-09-26 00:00:00-04:00,3.740000009536743,3.880000114440918,3.6600000858306885,3.7699999809265137,23900,0.0,0.0
2019-09-27 00:00:00-04:00,3.7200000286102295,3.799999952316284,3.674999952316284,3.7799999713897705,60500,0.0,0.0
2019-09-30 00:00:00-04:00,3.7699999809265137,4.0,3.75,3.950000047683716,58500,0.0,0.0
2019-10-01 00:00:00-04:00,3.9100000858306885,3.950000047683716,3.799999952316284,3.799999952316284,4700,0.0,0.0
2019-10-02 00:00:00-04:00,3.799999952316284,3.799999952316284,3.7899999618530273,3.7899999618530273,1700,0.0,0.0
2019-10-03 00:00:00-04:00,3.75,3.7899999618530273,3.7100000381469727,3.75,31700,0.0,0.0
2019-10-04 00:00:00-04:00,3.7100000381469727,3.799999952316284,3.569999933242798,3.700000047683716,40600,0.0,0.0
2019-10-07 00:00:00-04:00,3.700000047683716,3.7149999141693115,3.640000104904175,3.680000066757202,34900,0.0,0.0
2019-10-08 00:00:00-04:00,3.6500000953674316,3.680000066757202,3.549999952316284,3.5999999046325684,20500,0.0,0.0
2019-10-09 00:00:00-04:00,3.5850000381469727,3.5850000381469727,3.25,3.5199999809265137,79000,0.0,0.0
2019-10-10 00:00:00-04:00,3.549999952316284,3.549999952316284,3.299999952316284,3.4700000286102295,85300,0.0,0.0
2019-10-11 00:00:00-04:00,3.4100000858306885,3.4100000858306885,3.299999952316284,3.3499999046325684,1700,0.0,0.0
2019-10-14 00:00:00-04:00,3.5999999046325684,3.869999885559082,3.549999952316284,3.869999885559082,67200,0.0,0.0
2019-10-15 00:00:00-04:00,3.799999952316284,3.9200000762939453,3.619999885559082,3.9000000953674316,70000,0.0,0.0
2019-10-16 00:00:00-04:00,3.7200000286102295,3.9000000953674316,3.700000047683716,3.9000000953674316,44500,0.0,0.0
2019-10-17 00:00:00-04:00,3.890000104904175,3.9800000190734863,3.6600000858306885,3.9709999561309814,94500,0.0,0.0
2019-10-18 00:00:00-04:00,3.9800000190734863,4.25,3.950000047683716,4.079999923706055,98500,0.0,0.0
2019-10-21 00:00:00-04:00,4.190000057220459,4.190000057220459,4.050000190734863,4.079999923706055,60400,0.0,0.0
2019-10-22 00:00:00-04:00,4.079999923706055,4.099999904632568,3.819999933242798,3.890000104904175,54700,0.0,0.0
2019-10-23 00:00:00-04:00,3.809999942779541,4.0,3.740000009536743,4.0,18400,0.0,0.0
2019-10-24 00:00:00-04:00,3.816999912261963,4.0,3.816999912261963,3.9560000896453857,1000,0.0,0.0
2019-10-25 00:00:00-04:00,3.9560000896453857,3.9560000896453857,3.9560000896453857,3.9560000896453857,0,0.0,0.0
2019-10-28 00:00:00-04:00,3.880000114440918,3.880000114440918,3.640000104904175,3.8299999237060547,20400,0.0,0.0
2019-10-29 00:00:00-04:00,3.75,4.0,3.6500000953674316,3.9700000286102295,77500,0.0,0.0
2019-10-30 00:00:00-04:00,3.9700000286102295,4.039999961853027,3.7790000438690186,3.9000000953674316,41800,0.0,0.0
2019-10-31 00:00:00-04:00,3.9700000286102295,4.117000102996826,3.890000104904175,3.890000104904175,147800,0.0,0.0
2019-11-01 00:00:00-04:00,3.9159998893737793,4.039999961853027,3.9000000953674316,4.0,37800,0.0,0.0
2019-11-04 00:00:00-05:00,3.950000047683716,4.25,3.9000000953674316,4.199999809265137,221100,0.0,0.0
2019-11-05 00:00:00-05:00,4.230000019073486,4.440000057220459,4.150000095367432,4.380000114440918,218700,0.0,0.0
2019-11-06 00:00:00-05:00,4.809999942779541,5.010000228881836,4.380000114440918,4.599999904632568,383400,0.0,0.0
2019-11-07 00:00:00-05:00,4.599999904632568,4.599999904632568,4.170000076293945,4.289999961853027,203100,0.0,0.0
2019-11-08 00:00:00-05:00,4.317999839782715,4.389999866485596,4.300000190734863,4.360000133514404,60300,0.0,0.0
2019-11-11 00:00:00-05:00,4.380000114440918,4.699999809265137,4.289000034332275,4.639999866485596,85500,0.0,0.0
2019-11-12 00:00:00-05:00,4.5,4.5,4.179999828338623,4.400000095367432,119300,0.0,0.0
2019-11-13 00:00:00-05:00,4.355000019073486,4.400000095367432,4.199999809265137,4.255000114440918,39000,0.0,0.0
2019-11-14 00:00:00-05:00,4.25,4.400000095367432,4.25,4.300000190734863,87800,0.0,0.0
2019-11-15 00:00:00-05:00,4.349999904632568,4.4019999504089355,4.25,4.300000190734863,85800,0.0,0.0
2019-11-18 00:00:00-05:00,4.320000171661377,4.329999923706055,4.099999904632568,4.150000095367432,44500,0.0,0.0
2019-11-19 00:00:00-05:00,4.170000076293945,4.224999904632568,4.0,4.199999809265137,39100,0.0,0.0
2019-11-20 00:00:00-05:00,4.178999900817871,4.239999771118164,4.144999980926514,4.170000076293945,44100,0.0,0.0
2019-11-21 00:00:00-05:00,4.13700008392334,4.13700008392334,4.010000228881836,4.03000020980835,14500,0.0,0.0
2019-11-22 00:00:00-05:00,4.039999961853027,4.070000171661377,3.940000057220459,4.010000228881836,60200,0.0,0.0
2019-11-25 00:00:00-05:00,4.039999961853027,4.25,3.9100000858306885,4.070000171661377,140100,0.0,0.0
2019-11-26 00:00:00-05:00,4.010000228881836,4.570000171661377,4.006999969482422,4.489999771118164,244400,0.0,0.0
2019-11-27 00:00:00-05:00,4.53000020980835,4.829999923706055,4.482999801635742,4.829999923706055,126700,0.0,0.0
2019-11-29 00:00:00-05:00,4.849999904632568,4.889999866485596,4.730000019073486,4.809999942779541,74900,0.0,0.0
2019-12-02 00:00:00-05:00,4.699999809265137,4.809999942779541,4.646999835968018,4.730000019073486,54400,0.0,0.0
2019-12-03 00:00:00-05:00,4.665999889373779,4.940000057220459,4.550000190734863,4.860000133514404,149600,0.0,0.0
2019-12-04 00:00:00-05:00,4.860000133514404,4.90500020980835,4.670000076293945,4.730000019073486,104800,0.0,0.0
2019-12-05 00:00:00-05:00,4.739999771118164,4.849999904632568,4.619999885559082,4.71999979019165,106300,0.0,0.0
2019-12-06 00:00:00-05:00,4.730000019073486,4.949999809265137,4.630000114440918,4.929999828338623,239800,0.0,0.0
2019-12-09 00:00:00-05:00,5.429999828338623,5.940000057220459,5.320000171661377,5.940000057220459,885000,0.0,0.0
2019-12-10 00:00:00-05:00,6.0,6.300000190734863,5.730000019073486,6.300000190734863,455200,0.0,0.0
2019-12-11 00:00:00-05:00,6.440000057220459,6.440000057220459,5.889999866485596,6.059999942779541,297100,0.0,0.0
2019-12-12 00:00:00-05:00,6.050000190734863,6.050000190734863,5.809999942779541,5.929999828338623,187000,0.0,0.0
2019-12-13 00:00:00-05:00,5.900000095367432,5.913000106811523,5.559999942779541,5.78000020980835,200000,0.0,0.0
2019-12-16 00:00:00-05:00,5.980000019073486,6.199999809265137,5.849999904632568,6.125,570100,0.0,0.0
2019-12-17 00:00:00-05:00,6.199999809265137,6.590000152587891,6.130000114440918,6.53000020980835,475500,0.0,0.0
2019-12-18 00:00:00-05:00,6.590000152587891,6.96999979019165,6.401000022888184,6.619999885559082,488000,0.0,0.0
2019-12-19 00:00:00-05:00,6.690000057220459,6.690000057220459,6.320000171661377,6.550000190734863,281500,0.0,0.0
2019-12-20 00:00:00-05:00,6.619999885559082,6.849999904632568,6.46999979019165,6.539999961853027,942300,0.0,0.0
2019-12-23 00:00:00-05:00,6.670000076293945,6.800000190734863,5.960000038146973,6.010000228881836,400800,0.0,0.0
2019-12-24 00:00:00-05:00,6.010000228881836,6.460000038146973,5.8480000495910645,6.320000171661377,168400,0.0,0.0
2019-12-26 00:00:00-05:00,6.309999942779541,6.309999942779541,5.699999809265137,5.880000114440918,181300,0.0,0.0
2019-12-27 00:00:00-05:00,5.880000114440918,6.420000076293945,5.880000114440918,6.150000095367432,142800,0.0,0.0
2019-12-30 00:00:00-05:00,6.150000095367432,6.5,5.949999809265137,6.465000152587891,129300,0.0,0.0
2019-12-31 00:00:00-05:00,6.46999979019165,6.659999847412109,6.309999942779541,6.53000020980835,169700,0.0,0.0
2020-01-02 00:00:00-05:00,6.559999942779541,6.599999904632568,6.269999980926514,6.590000152587891,188400,0.0,0.0
2020-01-03 00:00:00-05:00,6.550000190734863,6.550000190734863,6.251999855041504,6.480000019073486,75200,0.0,0.0
2020-01-06 00:00:00-05:00,6.5,6.5,6.099999904632568,6.21999979019165,133300,0.0,0.0
2020-01-07 00:00:00-05:00,6.190000057220459,6.258999824523926,5.699999809265137,5.880000114440918,235100,0.0,0.0
2020-01-08 00:00:00-05:00,5.840000152587891,5.96999979019165,5.460000038146973,5.460000038146973,338000,0.0,0.0
2020-01-09 00:00:00-05:00,5.449999809265137,5.510000228881836,5.210000038146973,5.380000114440918,278600,0.0,0.0
2020-01-10 00:00:00-05:00,5.449999809265137,5.6519999504089355,5.34499979019165,5.559999942779541,190500,0.0,0.0
2020-01-13 00:00:00-05:00,5.650000095367432,5.800000190734863,5.46999979019165,5.539999961853027,409400,0.0,0.0
2020-01-14 00:00:00-05:00,5.559999942779541,5.730000019073486,5.46999979019165,5.46999979019165,184200,0.0,0.0
2020-01-15 00:00:00-05:00,5.449999809265137,5.75,5.400000095367432,5.590000152587891,137000,0.0,0.0
2020-01-16 00:00:00-05:00,5.699999809265137,5.699999809265137,5.420000076293945,5.440000057220459,82800,0.0,0.0
2020-01-17 00:00:00-05:00,5.510000228881836,5.739999771118164,5.510000228881836,5.699999809265137,110000,0.0,0.0
2020-01-21 00:00:00-05:00,5.75,6.25,5.678999900817871,6.239999771118164,215900,0.0,0.0
2020-01-22 00:00:00-05:00,6.340000152587891,6.599999904632568,6.260000228881836,6.320000171661377,181500,0.0,0.0
2020-01-23 00:00:00-05:00,6.289999961853027,6.289999961853027,5.71999979019165,5.739999771118164,166000,0.0,0.0
2020-01-24 00:00:00-05:00,5.739999771118164,5.960000038146973,5.60099983215332,5.889999866485596,79200,0.0,0.0
2020-01-27 00:00:00-05:00,5.889999866485596,6.210000038146973,5.710000038146973,6.079999923706055,77500,0.0,0.0
2020-01-28 00:00:00-05:00,6.159999847412109,6.179999828338623,6.0,6.0,71700,0.0,0.0
2020-01-29 00:00:00-05:00,6.0,6.150000095367432,5.960000038146973,6.099999904632568,62900,0.0,0.0
2020-01-30 00:00:00-05:00,6.059999942779541,6.25,5.940999984741211,6.199999809265137,187900,0.0,0.0
2020-01-31 00:00:00-05:00,6.190000057220459,6.239999771118164,5.900000095367432,5.940000057220459,216500,0.0,0.0
2020-02-03 00:00:00-05:00,6.090000152587891,6.211999893188477,5.75,5.820000171661377,132400,0.0,0.0
2020-02-04 00:00:00-05:00,5.820000171661377,5.980000019073486,5.739999771118164,5.849999904632568,107700,0.0,0.0
2020-02-05 00:00:00-05:00,5.829999923706055,6.0,5.78000020980835,5.909999847412109,84000,0.0,0.0
2020-02-06 00:00:00-05:00,5.920000076293945,6.019999980926514,5.769999980926514,5.909999847412109,48400,0.0,0.0
2020-02-07 00:00:00-05:00,5.909999847412109,5.960000038146973,5.75,5.945000171661377,69400,0.0,0.0
2020-02-10 00:00:00-05:00,6.0,6.199999809265137,5.869999885559082,5.949999809265137,196900,0.0,0.0
2020-02-11 00:00:00-05:00,6.050000190734863,6.199999809265137,5.900000095367432,5.949999809265137,173600,0.0,0.0
2020-02-12 00:00:00-05:00,5.929999828338623,6.349999904632568,5.909999847412109,6.119999885559082,231300,0.0,0.0
2020-02-13 00:00:00-05:00,6.130000114440918,6.245999813079834,5.900000095367432,5.96999979019165,85200,0.0,0.0
2020-02-14 00:00:00-05:00,6.019999980926514,6.241000175476074,5.949999809265137,6.03000020980835,165000,0.0,0.0
2020-02-18 00:00:00-05:00,6.099999904632568,6.289999961853027,5.949999809265137,6.0,190000,0.0,0.0
2020-02-19 00:00:00-05:00,6.019999980926514,7.289999961853027,5.96999979019165,7.090000152587891,686000,0.0,0.0
2020-02-20 00:00:00-05:00,7.190000057220459,7.400000095367432,7.150000095367432,7.269999980926514,307200,0.0,0.0
2020-02-21 00:00:00-05:00,7.260000228881836,7.300000190734863,6.789999961853027,7.230000019073486,242100,0.0,0.0
2020-02-24 00:00:00-05:00,7.159999847412109,7.21999979019165,6.71999979019165,6.980000019073486,250600,0.0,0.0
2020-02-25 00:00:00-05:00,7.079999923706055,7.079999923706055,6.400000095367432,6.880000114440918,317300,0.0,0.0
2020-02-26 00:00:00-05:00,7.369999885559082,7.369999885559082,6.559999942779541,7.039999961853027,320000,0.0,0.0
2020-02-27 00:00:00-05:00,7.679999828338623,9.25,7.539999961853027,9.0,2171000,0.0,0.0
2020-02-28 00:00:00-05:00,9.329999923706055,9.75,7.809999942779541,8.100000381469727,1428200,0.0,0.0
2020-03-02 00:00:00-05:00,8.5,9.640000343322754,8.5,9.350000381469727,773300,0.0,0.0
2020-03-03 00:00:00-05:00,10.0,10.699999809265137,9.0,9.09000015258789,818900,0.0,0.0
2020-03-04 00:00:00-05:00,9.579999923706055,10.09000015258789,9.170000076293945,9.770000457763672,499200,0.0,0.0
2020-03-05 00:00:00-05:00,9.890000343322754,10.449999809265137,9.300000190734863,9.579999923706055,494800,0.0,0.0
2020-03-06 00:00:00-05:00,9.640000343322754,10.270000457763672,9.640000343322754,10.239999771118164,545000,0.0,0.0
2020-03-09 00:00:00-04:00,10.050000190734863,10.619999885559082,8.260000228881836,9.260000228881836,756700,0.0,0.0
2020-03-10 00:00:00-04:00,9.359999656677246,9.843999862670898,8.25,8.619999885559082,521400,0.0,0.0
2020-03-11 00:00:00-04:00,8.5,9.0,8.0,8.25,344000,0.0,0.0
2020-03-12 00:00:00-04:00,7.420000076293945,7.5,6.0,6.239999771118164,770300,0.0,0.0
2020-03-13 00:00:00-04:00,6.349999904632568,7.646999835968018,6.300000190734863,6.809999942779541,444300,0.0,0.0
2020-03-16 00:00:00-04:00,6.489999771118164,6.75,5.840000152587891,6.28000020980835,319000,0.0,0.0
2020-03-17 00:00:00-04:00,6.420000076293945,6.630000114440918,5.800000190734863,6.610000133514404,265900,0.0,0.0
2020-03-18 00:00:00-04:00,6.239999771118164,6.364999771118164,4.570000171661377,5.28000020980835,476400,0.0,0.0
2020-03-19 00:00:00-04:00,5.239999771118164,5.699999809265137,5.150000095367432,5.460000038146973,279100,0.0,0.0
2020-03-20 00:00:00-04:00,5.630000114440918,6.940000057220459,5.5,6.480000019073486,440900,0.0,0.0
2020-03-23 00:00:00-04:00,6.480000019073486,6.849999904632568,5.539999961853027,6.309999942779541,291300,0.0,0.0
2020-03-24 00:00:00-04:00,6.5,7.039999961853027,6.489999771118164,6.940000057220459,224000,0.0,0.0
2020-03-25 00:00:00-04:00,7.019999980926514,8.149999618530273,6.919000148773193,7.570000171661377,287900,0.0,0.0
2020-03-26 00:00:00-04:00,7.699999809265137,8.850000381469727,7.492000102996826,8.020000457763672,488200,0.0,0.0
2020-03-27 00:00:00-04:00,7.920000076293945,7.949999809265137,6.840000152587891,7.320000171661377,361800,0.0,0.0
2020-03-30 00:00:00-04:00,7.46999979019165,7.869999885559082,7.050000190734863,7.179999828338623,317900,0.0,0.0
2020-03-31 00:00:00-04:00,7.230000019073486,7.78000020980835,7.113999843597412,7.5,356000,0.0,0.0
2020-04-01 00:00:00-04:00,7.110000133514404,7.309999942779541,6.559999942779541,6.840000152587891,354800,0.0,0.0
2020-04-02 00:00:00-04:00,6.75,7.5,6.71999979019165,7.03000020980835,332100,0.0,0.0
2020-04-03 00:00:00-04:00,7.010000228881836,7.570000171661377,7.0,7.519999980926514,262900,0.0,0.0
2020-04-06 00:00:00-04:00,7.769999980926514,8.5,7.769999980926514,8.5,214700,0.0,0.0
2020-04-07 00:00:00-04:00,8.75,9.0,8.260000228881836,8.5,253600,0.0,0.0
2020-04-08 00:00:00-04:00,8.5,9.0,8.451000213623047,8.75,161000,0.0,0.0
2020-04-09 00:00:00-04:00,8.989999771118164,9.640000343322754,8.875,9.109999656677246,286900,0.0,0.0
2020-04-13 00:00:00-04:00,9.220000267028809,9.350000381469727,9.149999618530273,9.210000038146973,237800,0.0,0.0
2020-04-14 00:00:00-04:00,9.479999542236328,9.880000114440918,9.210000038146973,9.539999961853027,358700,0.0,0.0
2020-04-15 00:00:00-04:00,9.710000038146973,10.0,9.449999809265137,9.760000228881836,324700,0.0,0.0
2020-04-16 00:00:00-04:00,9.979999542236328,10.265000343322754,9.800000190734863,10.050000190734863,502600,0.0,0.0
2020-04-17 00:00:00-04:00,10.359999656677246,10.9399995803833,10.1899995803833,10.869999885559082,458000,0.0,0.0
2020-04-20 00:00:00-04:00,11.0,12.411999702453613,10.989999771118164,11.399999618530273,694200,0.0,0.0
2020-04-21 00:00:00-04:00,11.5,12.699999809265137,11.5,12.380000114440918,750100,0.0,0.0
2020-04-22 00:00:00-04:00,12.550000190734863,12.84000015258789,10.5,11.600000381469727,964900,0.0,0.0
2020-04-23 00:00:00-04:00,11.729999542236328,12.390000343322754,11.010000228881836,11.15999984741211,549100,0.0,0.0
2020-04-24 00:00:00-04:00,11.199999809265137,11.579999923706055,10.9399995803833,11.5,298000,0.0,0.0
2020-04-27 00:00:00-04:00,12.029999732971191,12.449999809265137,11.529999732971191,12.420000076293945,357500,0.0,0.0
2020-04-28 00:00:00-04:00,12.520000457763672,12.600000381469727,11.399999618530273,11.680000305175781,406300,0.0,0.0
2020-04-29 00:00:00-04:00,12.0,12.199999809265137,11.5,11.960000038146973,386300,0.0,0.0
2020-04-30 00:00:00-04:00,11.899999618530273,12.229999542236328,11.600000381469727,12.079999923706055,404800,0.0,0.0
2020-05-01 00:00:00-04:00,12.09000015258789,12.119999885559082,10.918999671936035,11.369999885559082,501900,0.0,0.0
2020-05-04 00:00:00-04:00,11.149999618530273,11.210000038146973,10.029999732971191,10.229999542236328,606300,0.0,0.0
2020-05-05 00:00:00-04:00,10.899999618530273,11.600000381469727,10.795000076293945,11.020000457763672,452100,0.0,0.0
2020-05-06 00:00:00-04:00,11.130000114440918,11.350000381469727,10.449999809265137,10.8100004196167,416600,0.0,0.0
2020-05-07 00:00:00-04:00,10.8100004196167,11.571000099182129,10.600000381469727,11.279999732971191,526200,0.0,0.0
2020-05-08 00:00:00-04:00,11.529999732971191,11.949999809265137,11.0600004196167,11.380000114440918,275200,0.0,0.0
2020-05-11 00:00:00-04:00,11.75,12.076000213623047,11.0,11.210000038146973,530400,0.0,0.0
2020-05-12 00:00:00-04:00,11.229999542236328,11.369999885559082,10.460000038146973,10.789999961853027,379300,0.0,0.0
2020-05-13 00:00:00-04:00,10.720000267028809,10.800000190734863,9.130000114440918,9.5600004196167,419100,0.0,0.0
2020-05-14 00:00:00-04:00,9.380000114440918,10.399999618530273,9.1899995803833,10.399999618530273,293000,0.0,0.0
2020-05-15 00:00:00-04:00,10.350000381469727,10.350000381469727,9.645000457763672,10.1899995803833,181400,0.0,0.0
2020-05-18 00:00:00-04:00,10.34000015258789,10.930000305175781,8.520000457763672,9.180000305175781,941700,0.0,0.0
2020-05-19 00:00:00-04:00,9.180000305175781,9.979999542236328,9.180000305175781,9.619999885559082,356800,0.0,0.0
2020-05-20 00:00:00-04:00,9.600000381469727,9.989999771118164,9.5,9.850000381469727,180800,0.0,0.0
2020-05-21 00:00:00-04:00,9.8100004196167,9.970000267028809,9.5,9.739999771118164,135700,0.0,0.0
2020-05-22 00:00:00-04:00,9.649999618530273,9.850000381469727,9.300000190734863,9.75,145100,0.0,0.0
2020-05-26 00:00:00-04:00,9.8100004196167,10.199999809265137,9.75,9.859999656677246,288700,0.0,0.0
2020-05-27 00:00:00-04:00,9.880000114440918,9.979999542236328,8.75,9.5,315300,0.0,0.0
2020-05-28 00:00:00-04:00,9.479999542236328,10.225000381469727,9.460000038146973,9.550000190734863,196900,0.0,0.0
2020-05-29 00:00:00-04:00,9.479999542236328,10.300000190734863,9.369999885559082,10.119999885559082,501600,0.0,0.0
2020-06-01 00:00:00-04:00,10.220000267028809,10.5,10.145000457763672,10.3100004196167,354300,0.0,0.0
2020-06-02 00:00:00-04:00,10.520000457763672,10.9399995803833,10.26200008392334,10.710000038146973,274900,0.0,0.0
2020-06-03 00:00:00-04:00,10.720000267028809,10.880000114440918,10.279999732971191,10.859999656677246,225100,0.0,0.0
2020-06-04 00:00:00-04:00,10.609999656677246,10.8100004196167,10.0600004196167,10.119999885559082,211800,0.0,0.0
2020-06-05 00:00:00-04:00,10.010000228881836,10.869999885559082,9.800000190734863,10.40999984741211,254100,0.0,0.0
2020-06-08 00:00:00-04:00,10.65999984741211,11.220000267028809,10.479999542236328,11.020000457763672,426800,0.0,0.0
2020-06-09 00:00:00-04:00,11.180000305175781,11.180000305175781,10.640000343322754,10.850000381469727,286300,0.0,0.0
2020-06-10 00:00:00-04:00,10.920000076293945,11.355999946594238,10.880000114440918,11.079999923706055,284700,0.0,0.0
2020-06-11 00:00:00-04:00,10.59000015258789,10.829999923706055,9.40999984741211,9.819999694824219,626100,0.0,0.0
2020-06-12 00:00:00-04:00,10.170000076293945,10.619999885559082,9.800000190734863,9.949999809265137,278100,0.0,0.0
2020-06-15 00:00:00-04:00,9.65999984741211,10.640000343322754,9.65999984741211,10.609999656677246,276500,0.0,0.0
2020-06-16 00:00:00-04:00,10.65999984741211,10.767999649047852,10.199999809265137,10.5600004196167,236900,0.0,0.0
2020-06-17 00:00:00-04:00,10.649999618530273,10.75,10.236000061035156,10.329999923706055,151200,0.0,0.0
2020-06-18 00:00:00-04:00,10.300000190734863,10.460000038146973,10.043999671936035,10.229999542236328,184300,0.0,0.0
2020-06-19 00:00:00-04:00,9.100000381469727,9.729999542236328,8.520000457763672,9.25,2036700,0.0,0.0
2020-06-22 00:00:00-04:00,9.260000228881836,9.600000381469727,9.210000038146973,9.5,567700,0.0,0.0
2020-06-23 00:00:00-04:00,9.529999732971191,9.800000190734863,8.850000381469727,8.979999542236328,557600,0.0,0.0
2020-06-24 00:00:00-04:00,9.319999694824219,9.399999618530273,8.600000381469727,9.279999732971191,612000,0.0,0.0
2020-06-25 00:00:00-04:00,9.270000457763672,9.899999618530273,9.109999656677246,9.270000457763672,478300,0.0,0.0
2020-06-26 00:00:00-04:00,9.229999542236328,9.289999961853027,8.5,8.59000015258789,3442000,0.0,0.0
2020-06-29 00:00:00-04:00,8.59000015258789,9.130000114440918,8.414999961853027,8.819999694824219,425000,0.0,0.0
2020-06-30 00:00:00-04:00,8.84000015258789,9.039999961853027,8.319999694824219,8.979999542236328,842800,0.0,0.0
2020-07-01 00:00:00-04:00,8.960000038146973,9.100000381469727,8.619999885559082,8.670000076293945,377400,0.0,0.0
2020-07-02 00:00:00-04:00,8.600000381469727,9.140000343322754,8.600000381469727,9.069999694824219,427000,0.0,0.0
2020-07-06 00:00:00-04:00,9.069999694824219,9.140000343322754,8.739999771118164,9.039999961853027,530600,0.0,0.0
2020-07-07 00:00:00-04:00,9.010000228881836,9.039999961853027,8.649999618530273,8.859999656677246,477000,0.0,0.0
2020-07-08 00:00:00-04:00,8.800000190734863,9.149999618530273,8.720000267028809,9.09000015258789,394600,0.0,0.0
2020-07-09 00:00:00-04:00,9.079999923706055,9.140000343322754,8.75,8.90999984741211,452800,0.0,0.0
2020-07-10 00:00:00-04:00,8.710000038146973,9.850000381469727,8.710000038146973,9.65999984741211,640800,0.0,0.0
2020-07-13 00:00:00-04:00,9.6899995803833,9.800000190734863,8.930000305175781,8.979999542236328,458400,0.0,0.0
2020-07-14 00:00:00-04:00,8.949999809265137,9.210000038146973,8.670000076293945,9.010000228881836,351700,0.0,0.0
2020-07-15 00:00:00-04:00,9.100000381469727,9.59000015258789,8.946999549865723,9.489999771118164,329500,0.0,0.0
2020-07-16 00:00:00-04:00,9.789999961853027,9.960000038146973,9.46500015258789,9.84000015258789,307900,0.0,0.0
2020-07-17 00:00:00-04:00,9.90999984741211,10.142999649047852,9.779999732971191,10.09000015258789,244700,0.0,0.0
2020-07-20 00:00:00-04:00,10.119999885559082,10.149999618530273,9.725000381469727,9.890000343322754,192900,0.0,0.0
2020-07-21 00:00:00-04:00,9.859999656677246,9.979999542236328,9.680000305175781,9.859999656677246,207400,0.0,0.0
2020-07-22 00:00:00-04:00,9.859999656677246,9.960000038146973,9.680000305175781,9.699999809265137,262200,0.0,0.0
2020-07-23 00:00:00-04:00,9.630000114440918,10.289999961853027,9.539999961853027,9.819999694824219,287700,0.0,0.0
2020-07-24 00:00:00-04:00,9.770000457763672,9.779999732971191,9.170000076293945,9.479999542236328,224600,0.0,0.0
2020-07-27 00:00:00-04:00,9.5,9.9399995803833,9.479999542236328,9.84000015258789,144400,0.0,0.0
2020-07-28 00:00:00-04:00,9.789999961853027,9.869999885559082,9.399999618530273,9.430000305175781,221400,0.0,0.0
2020-07-29 00:00:00-04:00,9.489999771118164,10.319999694824219,9.489999771118164,10.15999984741211,364500,0.0,0.0
2020-07-30 00:00:00-04:00,10.050000190734863,10.710000038146973,9.829999923706055,10.609999656677246,295200,0.0,0.0
2020-07-31 00:00:00-04:00,10.609999656677246,10.739999771118164,10.149999618530273,10.430000305175781,194000,0.0,0.0
2020-08-03 00:00:00-04:00,10.449999809265137,10.904999732971191,10.329999923706055,10.600000381469727,243000,0.0,0.0
2020-08-04 00:00:00-04:00,10.59000015258789,10.960000038146973,10.210000038146973,10.9399995803833,214900,0.0,0.0
2020-08-05 00:00:00-04:00,10.239999771118164,10.90999984741211,9.305000305175781,9.619999885559082,774400,0.0,0.0
2020-08-06 00:00:00-04:00,9.609999656677246,9.739999771118164,8.3100004196167,9.010000228881836,537900,0.0,0.0
2020-08-07 00:00:00-04:00,8.90999984741211,9.149999618530273,8.680000305175781,8.859999656677246,263700,0.0,0.0
2020-08-10 00:00:00-04:00,9.010000228881836,9.65999984741211,8.930000305175781,9.40999984741211,306300,0.0,0.0
2020-08-11 00:00:00-04:00,9.479999542236328,10.15999984741211,9.300000190734863,9.729999542236328,268300,0.0,0.0
2020-08-12 00:00:00-04:00,9.760000228881836,9.979999542236328,9.359999656677246,9.609999656677246,143200,0.0,0.0
2020-08-13 00:00:00-04:00,9.550000190734863,10.020000457763672,9.539999961853027,9.890000343322754,198900,0.0,0.0
2020-08-14 00:00:00-04:00,9.819999694824219,10.100000381469727,9.819999694824219,9.989999771118164,136400,0.0,0.0
2020-08-17 00:00:00-04:00,10.109999656677246,10.130000114440918,9.760000228881836,10.010000228881836,189600,0.0,0.0
2020-08-18 00:00:00-04:00,10.010000228881836,10.100000381469727,9.760000228881836,9.899999618530273,204500,0.0,0.0
2020-08-19 00:00:00-04:00,9.829999923706055,10.34000015258789,9.795000076293945,10.300000190734863,254700,0.0,0.0
2020-08-20 00:00:00-04:00,10.170000076293945,10.3100004196167,9.949999809265137,10.09000015258789,240600,0.0,0.0
2020-08-21 00:00:00-04:00,9.989999771118164,10.039999961853027,9.729999542236328,9.920000076293945,222800,0.0,0.0
2020-08-24 00:00:00-04:00,9.779999732971191,9.795000076293945,9.270000457763672,9.489999771118164,290600,0.0,0.0
2020-08-25 00:00:00-04:00,9.609999656677246,9.725000381469727,9.329999923706055,9.390000343322754,178200,0.0,0.0
2020-08-26 00:00:00-04:00,9.359999656677246,9.359999656677246,8.869999885559082,8.989999771118164,400100,0.0,0.0
2020-08-27 00:00:00-04:00,8.949999809265137,8.949999809265137,8.510000228881836,8.579999923706055,210200,0.0,0.0
2020-08-28 00:00:00-04:00,8.6899995803833,8.6899995803833,8.149999618530273,8.220000267028809,412600,0.0,0.0
2020-08-31 00:00:00-04:00,8.270000457763672,8.770000457763672,8.140000343322754,8.6899995803833,283600,0.0,0.0
2020-09-01 00:00:00-04:00,8.600000381469727,8.670000076293945,8.300000190734863,8.425000190734863,204400,0.0,0.0
2020-09-02 00:00:00-04:00,8.369999885559082,8.388999938964844,6.909999847412109,7.449999809265137,985300,0.0,0.0
2020-09-03 00:00:00-04:00,7.409999847412109,7.585000038146973,7.059999942779541,7.309999942779541,499100,0.0,0.0
2020-09-04 00:00:00-04:00,7.489999771118164,7.800000190734863,7.119999885559082,7.179999828338623,351100,0.0,0.0
2020-09-08 00:00:00-04:00,7.0,7.630000114440918,7.0,7.489999771118164,350600,0.0,0.0
2020-09-09 00:00:00-04:00,7.519999980926514,7.929999828338623,7.510000228881836,7.690000057220459,255600,0.0,0.0
2020-09-10 00:00:00-04:00,7.710000038146973,7.940000057220459,7.449999809265137,7.5,191800,0.0,0.0
2020-09-11 00:00:00-04:00,7.539999961853027,7.769999980926514,7.53000020980835,7.599999904632568,226100,0.0,0.0
2020-09-14 00:00:00-04:00,7.679999828338623,8.1899995803833,7.679999828338623,7.940000057220459,269400,0.0,0.0
2020-09-15 00:00:00-04:00,7.940000057220459,8.130000114440918,7.840000152587891,7.900000095367432,153800,0.0,0.0
2020-09-16 00:00:00-04:00,7.949999809265137,8.039999961853027,7.710000038146973,7.730000019073486,265300,0.0,0.0
2020-09-17 00:00:00-04:00,7.650000095367432,7.929999828338623,7.599999904632568,7.849999904632568,191900,0.0,0.0
2020-09-18 00:00:00-04:00,7.960000038146973,8.1899995803833,7.460000038146973,7.630000114440918,689400,0.0,0.0
2020-09-21 00:00:00-04:00,7.300000190734863,7.46999979019165,7.010000228881836,7.230000019073486,357700,0.0,0.0
2020-09-22 00:00:00-04:00,7.329999923706055,7.340000152587891,7.03000020980835,7.300000190734863,173500,0.0,0.0
2020-09-23 00:00:00-04:00,7.300000190734863,7.4019999504089355,6.949999809265137,7.019999980926514,162000,0.0,0.0
2020-09-24 00:00:00-04:00,6.929999828338623,6.960000038146973,6.619999885559082,6.690000057220459,318500,0.0,0.0
2020-09-25 00:00:00-04:00,6.699999809265137,7.130000114440918,6.695000171661377,7.019999980926514,263600,0.0,0.0
2020-09-28 00:00:00-04:00,7.090000152587891,7.25,7.059999942779541,7.150000095367432,127800,0.0,0.0
2020-09-29 00:00:00-04:00,7.139999866485596,7.230000019073486,6.96999979019165,7.179999828338623,213100,0.0,0.0
2020-09-30 00:00:00-04:00,7.119999885559082,7.420000076293945,7.050000190734863,7.21999979019165,213700,0.0,0.0
2020-10-01 00:00:00-04:00,7.25,7.349999904632568,7.03000020980835,7.110000133514404,250200,0.0,0.0
2020-10-02 00:00:00-04:00,6.929999828338623,7.159999847412109,6.659999847412109,6.820000171661377,230100,0.0,0.0
2020-10-05 00:00:00-04:00,6.909999847412109,7.230000019073486,6.880000114440918,7.0,236400,0.0,0.0
2020-10-06 00:00:00-04:00,7.0,7.239999771118164,6.78000020980835,6.800000190734863,163100,0.0,0.0
2020-10-07 00:00:00-04:00,6.869999885559082,7.099999904632568,6.809999942779541,7.0,238600,0.0,0.0
2020-10-08 00:00:00-04:00,7.21999979019165,7.304999828338623,7.0,7.050000190734863,226800,0.0,0.0
2020-10-09 00:00:00-04:00,7.090000152587891,7.369999885559082,7.059999942779541,7.360000133514404,136000,0.0,0.0
2020-10-12 00:00:00-04:00,7.84499979019165,7.84499979019165,6.849999904632568,6.900000095367432,305000,0.0,0.0
2020-10-13 00:00:00-04:00,6.900000095367432,6.929999828338623,6.683000087738037,6.739999771118164,253800,0.0,0.0
2020-10-14 00:00:00-04:00,6.800000190734863,7.0,6.599999904632568,6.630000114440918,293700,0.0,0.0
2020-10-15 00:00:00-04:00,6.579999923706055,6.789999961853027,6.400000095367432,6.710000038146973,507600,0.0,0.0
2020-10-16 00:00:00-04:00,6.739999771118164,6.829999923706055,6.210000038146973,6.329999923706055,385100,0.0,0.0
2020-10-19 00:00:00-04:00,6.349999904632568,6.489999771118164,6.119999885559082,6.159999847412109,438800,0.0,0.0
2020-10-20 00:00:00-04:00,6.179999828338623,6.579999923706055,6.170000076293945,6.389999866485596,360400,0.0,0.0
2020-10-21 00:00:00-04:00,6.380000114440918,6.449999809265137,6.110000133514404,6.429999828338623,262700,0.0,0.0
2020-10-22 00:00:00-04:00,6.480000019073486,6.559999942779541,6.300000190734863,6.5,195300,0.0,0.0
2020-10-23 00:00:00-04:00,6.5,6.559999942779541,6.380000114440918,6.440000057220459,285500,0.0,0.0
2020-10-26 00:00:00-04:00,6.400000095367432,6.400000095367432,5.860000133514404,5.96999979019165,295600,0.0,0.0
2020-10-27 00:00:00-04:00,5.960000038146973,6.170000076293945,5.860000133514404,6.019999980926514,127200,0.0,0.0
2020-10-28 00:00:00-04:00,5.929999828338623,5.96999979019165,5.619999885559082,5.659999847412109,190300,0.0,0.0
2020-10-29 00:00:00-04:00,5.670000076293945,5.909999847412109,5.550000190734863,5.800000190734863,149000,0.0,0.0
2020-10-30 00:00:00-04:00,6.065000057220459,6.130000114440918,5.440000057220459,5.519999980926514,229300,0.0,0.0
2020-11-02 00:00:00-05:00,5.5,5.840000152587891,5.5,5.78000020980835,244600,0.0,0.0
2020-11-03 00:00:00-05:00,5.820000171661377,6.150000095367432,5.78000020980835,6.130000114440918,251600,0.0,0.0
2020-11-04 00:00:00-05:00,5.480000019073486,5.590000152587891,4.03000020980835,4.159999847412109,2874700,0.0,0.0
2020-11-05 00:00:00-05:00,4.179999828338623,4.315000057220459,3.9700000286102295,4.059999942779541,1206300,0.0,0.0
2020-11-06 00:00:00-05:00,4.110000133514404,4.300000190734863,3.9000000953674316,3.9800000190734863,791500,0.0,0.0
2020-11-09 00:00:00-05:00,3.9200000762939453,4.289999961853027,3.7300000190734863,3.819999933242798,1567600,0.0,0.0
2020-11-10 00:00:00-05:00,3.619999885559082,3.930000066757202,3.5999999046325684,3.8299999237060547,945400,0.0,0.0
2020-11-11 00:00:00-05:00,3.7899999618530273,3.9100000858306885,3.6700000762939453,3.9000000953674316,609300,0.0,0.0
2020-11-12 00:00:00-05:00,3.9100000858306885,3.9100000858306885,3.680000066757202,3.7799999713897705,607700,0.0,0.0
2020-11-13 00:00:00-05:00,3.799999952316284,4.130000114440918,3.740000009536743,4.0,803100,0.0,0.0
2020-11-16 00:00:00-05:00,4.150000095367432,4.449999809265137,4.079999923706055,4.190000057220459,1412700,0.0,0.0
2020-11-17 00:00:00-05:00,4.400000095367432,4.699999809265137,4.300000190734863,4.559999942779541,1013800,0.0,0.0
2020-11-18 00:00:00-05:00,4.559999942779541,4.633999824523926,4.25,4.300000190734863,984200,0.0,0.0
2020-11-19 00:00:00-05:00,4.360000133514404,4.559999942779541,4.21999979019165,4.539999961853027,585100,0.0,0.0
2020-11-20 00:00:00-05:00,4.590000152587891,4.659999847412109,4.329999923706055,4.659999847412109,595100,0.0,0.0
2020-11-23 00:00:00-05:00,4.670000076293945,4.730000019073486,4.53000020980835,4.630000114440918,443700,0.0,0.0
2020-11-24 00:00:00-05:00,4.739999771118164,4.880000114440918,4.579999923706055,4.599999904632568,385300,0.0,0.0
2020-11-25 00:00:00-05:00,4.630000114440918,4.71999979019165,4.510000228881836,4.519999980926514,318600,0.0,0.0
2020-11-27 00:00:00-05:00,4.539999961853027,4.619999885559082,4.449999809265137,4.550000190734863,258600,0.0,0.0
2020-11-30 00:00:00-05:00,4.559999942779541,4.619999885559082,4.349999904632568,4.5,862500,0.0,0.0
2020-12-01 00:00:00-05:00,4.519999980926514,5.03000020980835,4.460000038146973,4.900000095367432,734500,0.0,0.0
2020-12-02 00:00:00-05:00,5.050000190734863,5.380000114440918,4.989999771118164,5.239999771118164,1008300,0.0,0.0
2020-12-03 00:00:00-05:00,5.320000171661377,5.578000068664551,5.190000057220459,5.260000228881836,567800,0.0,0.0
2020-12-04 00:00:00-05:00,5.309999942779541,5.71999979019165,5.309999942779541,5.610000133514404,645400,0.0,0.0
2020-12-07 00:00:00-05:00,5.670000076293945,5.699999809265137,5.420000076293945,5.610000133514404,448100,0.0,0.0
2020-12-08 00:00:00-05:00,5.610000133514404,5.630000114440918,5.269999980926514,5.409999847412109,466700,0.0,0.0
2020-12-09 00:00:00-05:00,5.460000038146973,5.5,5.059999942779541,5.139999866485596,457200,0.0,0.0
2020-12-10 00:00:00-05:00,5.289999961853027,5.840000152587891,5.210000038146973,5.71999979019165,580500,0.0,0.0
2020-12-11 00:00:00-05:00,5.71999979019165,6.056000232696533,5.510000228881836,5.860000133514404,631700,0.0,0.0
2020-12-14 00:00:00-05:00,6.0,6.050000190734863,5.570000171661377,5.579999923706055,384300,0.0,0.0
2020-12-15 00:00:00-05:00,5.650000095367432,5.659999847412109,5.409999847412109,5.559999942779541,327100,0.0,0.0
2020-12-16 00:00:00-05:00,5.550000190734863,5.800000190734863,5.51200008392334,5.710000038146973,352700,0.0,0.0
2020-12-17 00:00:00-05:00,5.710000038146973,5.800000190734863,5.630000114440918,5.71999979019165,263100,0.0,0.0
2020-12-18 00:00:00-05:00,5.800000190734863,6.28000020980835,5.71999979019165,6.150000095367432,657200,0.0,0.0
2020-12-21 00:00:00-05:00,6.050000190734863,6.269999980926514,5.869999885559082,6.21999979019165,340100,0.0,0.0
2020-12-22 00:00:00-05:00,6.300000190734863,6.5,6.170000076293945,6.320000171661377,463000,0.0,0.0
2020-12-23 00:00:00-05:00,6.320000171661377,6.480000019073486,6.170000076293945,6.380000114440918,281500,0.0,0.0
2020-12-24 00:00:00-05:00,6.380000114440918,6.380000114440918,6.050000190734863,6.090000152587891,266100,0.0,0.0
2020-12-28 00:00:00-05:00,6.21999979019165,6.239999771118164,5.880000114440918,5.949999809265137,332400,0.0,0.0
2020-12-29 00:00:00-05:00,5.869999885559082,5.980000019073486,5.664999961853027,5.829999923706055,306300,0.0,0.0
2020-12-30 00:00:00-05:00,5.880000114440918,6.090000152587891,5.809999942779541,6.059999942779541,310400,0.0,0.0
2020-12-31 00:00:00-05:00,6.050000190734863,6.070000171661377,5.900000095367432,6.019999980926514,186900,0.0,0.0
2021-01-04 00:00:00-05:00,6.050000190734863,6.070000171661377,5.570000171661377,5.739999771118164,332300,0.0,0.0
2021-01-05 00:00:00-05:00,5.690000057220459,5.804999828338623,5.630000114440918,5.730000019073486,191500,0.0,0.0
2021-01-06 00:00:00-05:00,5.789999961853027,5.979000091552734,5.650000095367432,5.820000171661377,340300,0.0,0.0
2021-01-07 00:00:00-05:00,5.849999904632568,5.849999904632568,5.5,5.690000057220459,246800,0.0,0.0
2021-01-08 00:00:00-05:00,5.699999809265137,5.699999809265137,5.409999847412109,5.53000020980835,282300,0.0,0.0
2021-01-11 00:00:00-05:00,5.429999828338623,5.489999771118164,5.289999961853027,5.349999904632568,321500,0.0,0.0
2021-01-12 00:00:00-05:00,5.369999885559082,5.440000057220459,5.130000114440918,5.269999980926514,397600,0.0,0.0
2021-01-13 00:00:00-05:00,5.340000152587891,5.340000152587891,5.090000152587891,5.25,275800,0.0,0.0
2021-01-14 00:00:00-05:00,5.340000152587891,5.550000190734863,5.309999942779541,5.480000019073486,207700,0.0,0.0
2021-01-15 00:00:00-05:00,5.420000076293945,5.489999771118164,5.21999979019165,5.230000019073486,165500,0.0,0.0
2021-01-19 00:00:00-05:00,5.260000228881836,5.440000057220459,5.150000095367432,5.429999828338623,341800,0.0,0.0
2021-01-20 00:00:00-05:00,5.409999847412109,5.489999771118164,5.119999885559082,5.139999866485596,310900,0.0,0.0
2021-01-21 00:00:00-05:00,5.159999847412109,5.210000038146973,5.019999980926514,5.159999847412109,259900,0.0,0.0
2021-01-22 00:00:00-05:00,5.110000133514404,5.230000019073486,5.079999923706055,5.179999828338623,138900,0.0,0.0
2021-01-25 00:00:00-05:00,5.190000057220459,5.190000057220459,4.920000076293945,5.130000114440918,458700,0.0,0.0
2021-01-26 00:00:00-05:00,4.190000057220459,4.610000133514404,4.110000133514404,4.329999923706055,2919400,0.0,0.0
2021-01-27 00:00:00-05:00,4.260000228881836,4.429999828338623,4.099999904632568,4.239999771118164,1120200,0.0,0.0
2021-01-28 00:00:00-05:00,4.25,4.329999923706055,4.114999771118164,4.130000114440918,870000,0.0,0.0
2021-01-29 00:00:00-05:00,4.139999866485596,4.230000019073486,4.019999980926514,4.039999961853027,589000,0.0,0.0
2021-02-01 00:00:00-05:00,4.050000190734863,4.103000164031982,3.924999952316284,4.010000228881836,382400,0.0,0.0
2021-02-02 00:00:00-05:00,4.059999942779541,4.197999954223633,4.010000228881836,4.059999942779541,513500,0.0,0.0
2021-02-03 00:00:00-05:00,4.119999885559082,4.320000171661377,4.119999885559082,4.179999828338623,468100,0.0,0.0
2021-02-04 00:00:00-05:00,4.230000019073486,4.25,4.070000171661377,4.110000133514404,541600,0.0,0.0
2021-02-05 00:00:00-05:00,4.179999828338623,4.380000114440918,4.059999942779541,4.239999771118164,686600,0.0,0.0
2021-02-08 00:00:00-05:00,4.369999885559082,4.449999809265137,4.150000095367432,4.21999979019165,1001200,0.0,0.0
2021-02-09 00:00:00-05:00,4.320000171661377,4.550000190734863,4.289999961853027,4.449999809265137,1028300,0.0,0.0
2021-02-10 00:00:00-05:00,4.5,4.550000190734863,4.269999980926514,4.320000171661377,505000,0.0,0.0
2021-02-11 00:00:00-05:00,4.329999923706055,4.519999980926514,4.28000020980835,4.320000171661377,488500,0.0,0.0
2021-02-12 00:00:00-05:00,4.329999923706055,4.440000057220459,4.300000190734863,4.369999885559082,240900,0.0,0.0
2021-02-16 00:00:00-05:00,4.400000095367432,4.409999847412109,4.257999897003174,4.400000095367432,511400,0.0,0.0
2021-02-17 00:00:00-05:00,4.389999866485596,4.940000057220459,4.349999904632568,4.699999809265137,1879700,0.0,0.0
2021-02-18 00:00:00-05:00,4.78000020980835,4.800000190734863,4.25,4.349999904632568,818400,0.0,0.0
2021-02-19 00:00:00-05:00,4.369999885559082,4.460000038146973,4.289999961853027,4.349999904632568,378200,0.0,0.0
2021-02-22 00:00:00-05:00,4.300000190734863,4.480000019073486,4.210000038146973,4.329999923706055,477200,0.0,0.0
2021-02-23 00:00:00-05:00,4.260000228881836,4.260000228881836,3.75,4.150000095367432,657400,0.0,0.0
2021-02-24 00:00:00-05:00,4.139999866485596,4.21999979019165,4.085000038146973,4.150000095367432,194000,0.0,0.0
2021-02-25 00:00:00-05:00,4.130000114440918,4.159999847412109,3.950000047683716,4.019999980926514,438600,0.0,0.0
2021-02-26 00:00:00-05:00,4.0,4.099999904632568,3.819999933242798,3.880000114440918,329400,0.0,0.0
2021-03-01 00:00:00-05:00,4.010000228881836,4.050000190734863,3.890000104904175,3.940000057220459,213500,0.0,0.0
2021-03-02 00:00:00-05:00,3.9700000286102295,3.9749999046325684,3.6700000762939453,3.740000009536743,539900,0.0,0.0
2021-03-03 00:00:00-05:00,3.75,3.930000066757202,3.7200000286102295,3.759999990463257,358900,0.0,0.0
2021-03-04 00:00:00-05:00,3.7699999809265137,3.812000036239624,3.4100000858306885,3.5,386300,0.0,0.0
2021-03-05 00:00:00-05:00,3.5,3.7300000190734863,3.2699999809265137,3.7100000381469727,557500,0.0,0.0
2021-03-08 00:00:00-05:00,3.7799999713897705,3.7899999618530273,3.5,3.5199999809265137,346300,0.0,0.0
2021-03-09 00:00:00-05:00,3.5899999141693115,3.869999885559082,3.5899999141693115,3.8499999046325684,330100,0.0,0.0
2021-03-10 00:00:00-05:00,3.869999885559082,3.9000000953674316,3.7200000286102295,3.759999990463257,221000,0.0,0.0
2021-03-11 00:00:00-05:00,3.8299999237060547,3.931999921798706,3.759999990463257,3.890000104904175,157700,0.0,0.0
2021-03-12 00:00:00-05:00,3.8299999237060547,3.9000000953674316,3.7899999618530273,3.890000104904175,103700,0.0,0.0
2021-03-15 00:00:00-04:00,3.9100000858306885,3.930000066757202,3.819999933242798,3.880000114440918,179400,0.0,0.0
2021-03-16 00:00:00-04:00,3.9000000953674316,4.03000020980835,3.75,3.9000000953674316,500300,0.0,0.0
2021-03-17 00:00:00-04:00,3.8299999237060547,3.940000057220459,3.75,3.9100000858306885,226400,0.0,0.0
2021-03-18 00:00:00-04:00,3.8299999237060547,3.930000066757202,3.75,3.759999990463257,168200,0.0,0.0
2021-03-19 00:00:00-04:00,3.819999933242798,4.059999942779541,3.759999990463257,4.010000228881836,467900,0.0,0.0
2021-03-22 00:00:00-04:00,4.010000228881836,4.03000020980835,3.8299999237060547,3.9000000953674316,172000,0.0,0.0
2021-03-23 00:00:00-04:00,3.9000000953674316,3.9100000858306885,3.700000047683716,3.75,213800,0.0,0.0
2021-03-24 00:00:00-04:00,3.640000104904175,3.880000114440918,3.319999933242798,3.7699999809265137,524400,0.0,0.0
2021-03-25 00:00:00-04:00,3.630000114440918,3.7049999237060547,3.369999885559082,3.509999990463257,396100,0.0,0.0
2021-03-26 00:00:00-04:00,3.549999952316284,3.630000114440918,3.369999885559082,3.4700000286102295,286800,0.0,0.0
2021-03-29 00:00:00-04:00,3.430000066757202,3.490000009536743,3.259999990463257,3.2799999713897705,234400,0.0,0.0
2021-03-30 00:00:00-04:00,3.25,3.509999990463257,3.180000066757202,3.490000009536743,256300,0.0,0.0
2021-03-31 00:00:00-04:00,3.5299999713897705,3.5799999237060547,3.430000066757202,3.5199999809265137,164400,0.0,0.0
2021-04-01 00:00:00-04:00,3.640000104904175,3.640000104904175,3.509999990463257,3.5799999237060547,168200,0.0,0.0
2021-04-05 00:00:00-04:00,3.6600000858306885,3.680000066757202,3.440000057220459,3.490000009536743,353300,0.0,0.0
2021-04-06 00:00:00-04:00,3.5199999809265137,3.690000057220459,3.4600000381469727,3.569999933242798,272400,0.0,0.0
2021-04-07 00:00:00-04:00,3.5399999618530273,3.619999885559082,3.4100000858306885,3.430000066757202,201800,0.0,0.0
2021-04-08 00:00:00-04:00,3.440000057220459,3.4800000190734863,3.2300000190734863,3.4200000762939453,300300,0.0,0.0
2021-04-09 00:00:00-04:00,3.380000114440918,3.490000009536743,3.359999895095825,3.440000057220459,212100,0.0,0.0
2021-04-12 00:00:00-04:00,3.390000104904175,3.4100000858306885,3.299999952316284,3.309999942779541,158000,0.0,0.0
2021-04-13 00:00:00-04:00,3.255000114440918,3.2799999713897705,3.119999885559082,3.259999990463257,298100,0.0,0.0
2021-04-14 00:00:00-04:00,3.25,3.3399999141693115,3.200000047683716,3.259999990463257,177500,0.0,0.0
2021-04-15 00:00:00-04:00,3.2699999809265137,3.390000104904175,3.2300000190734863,3.319999933242798,165900,0.0,0.0
2021-04-16 00:00:00-04:00,3.319999933242798,3.319999933242798,3.0399999618530273,3.0399999618530273,287500,0.0,0.0
2021-04-19 00:00:00-04:00,3.0199999809265137,3.0199999809265137,2.700000047683716,2.8499999046325684,786500,0.0,0.0
2021-04-20 00:00:00-04:00,2.8499999046325684,3.059999942779541,2.799999952316284,3.0199999809265137,218300,0.0,0.0
2021-04-21 00:00:00-04:00,3.009999990463257,3.1700000762939453,2.9600000381469727,3.130000114440918,234200,0.0,0.0
2021-04-22 00:00:00-04:00,3.109999895095825,3.509999990463257,3.049999952316284,3.25,625200,0.0,0.0
2021-04-23 00:00:00-04:00,3.240000009536743,3.4700000286102295,3.1700000762939453,3.440000057220459,315300,0.0,0.0
2021-04-26 00:00:00-04:00,3.440000057220459,3.549999952316284,3.3350000381469727,3.5199999809265137,243300,0.0,0.0
2021-04-27 00:00:00-04:00,3.490000009536743,3.559999942779541,3.299999952316284,3.3399999141693115,229900,0.0,0.0
2021-04-28 00:00:00-04:00,3.299999952316284,3.640000104904175,3.259999990463257,3.5899999141693115,315600,0.0,0.0
2021-04-29 00:00:00-04:00,3.5899999141693115,3.640000104904175,3.4200000762939453,3.609999895095825,163200,0.0,0.0
2021-04-30 00:00:00-04:00,3.569999933242798,3.7899999618530273,3.4200000762939453,3.7699999809265137,312400,0.0,0.0
2021-05-03 00:00:00-04:00,3.7899999618530273,3.7899999618530273,3.628999948501587,3.75,250700,0.0,0.0
2021-05-04 00:00:00-04:00,3.740000009536743,3.75,3.5,3.5999999046325684,188400,0.0,0.0
2021-05-05 00:00:00-04:00,3.609999895095825,3.6530001163482666,3.4000000953674316,3.549999952316284,170700,0.0,0.0
2021-05-06 00:00:00-04:00,3.509999990463257,3.5399999618530273,3.4200000762939453,3.5,154600,0.0,0.0
2021-05-07 00:00:00-04:00,3.509999990463257,3.6700000762939453,3.509999990463257,3.5799999237060547,156300,0.0,0.0
2021-05-10 00:00:00-04:00,3.5399999618530273,3.690000057220459,3.4100000858306885,3.630000114440918,491400,0.0,0.0
2021-05-11 00:00:00-04:00,3.5,3.630000114440918,3.440000057220459,3.5899999141693115,342200,0.0,0.0
2021-05-12 00:00:00-04:00,3.5199999809265137,3.619999885559082,3.440000057220459,3.5199999809265137,431100,0.0,0.0
2021-05-13 00:00:00-04:00,3.509999990463257,4.25,3.430000066757202,4.170000076293945,1256500,0.0,0.0
2021-05-14 00:00:00-04:00,4.131999969482422,4.21999979019165,3.9000000953674316,4.099999904632568,481400,0.0,0.0
2021-05-17 00:00:00-04:00,4.389999866485596,4.53000020980835,4.130000114440918,4.289999961853027,604800,0.0,0.0
2021-05-18 00:00:00-04:00,4.320000171661377,4.360000133514404,4.03000020980835,4.179999828338623,325500,0.0,0.0
2021-05-19 00:00:00-04:00,4.25,4.599999904632568,4.110000133514404,4.159999847412109,1188800,0.0,0.0
2021-05-20 00:00:00-04:00,4.159999847412109,4.210000038146973,4.079999923706055,4.110000133514404,247200,0.0,0.0
2021-05-21 00:00:00-04:00,4.159999847412109,4.380000114440918,4.090000152587891,4.309999942779541,342300,0.0,0.0
2021-05-24 00:00:00-04:00,4.300000190734863,4.300000190734863,4.050000190734863,4.110000133514404,228500,0.0,0.0
2021-05-25 00:00:00-04:00,4.110000133514404,4.184999942779541,4.079999923706055,4.079999923706055,241700,0.0,0.0
2021-05-26 00:00:00-04:00,4.130000114440918,4.289999961853027,4.090000152587891,4.239999771118164,174900,0.0,0.0
2021-05-27 00:00:00-04:00,4.289999961853027,4.289999961853027,4.170000076293945,4.289999961853027,202700,0.0,0.0
2021-05-28 00:00:00-04:00,4.289999961853027,4.389999866485596,4.244999885559082,4.269999980926514,164400,0.0,0.0
2021-06-01 00:00:00-04:00,4.300000190734863,4.679999828338623,4.239999771118164,4.670000076293945,414100,0.0,0.0
2021-06-02 00:00:00-04:00,4.670000076293945,4.739999771118164,4.590000152587891,4.659999847412109,279800,0.0,0.0
2021-06-03 00:00:00-04:00,4.670000076293945,4.679999828338623,4.550000190734863,4.590000152587891,173400,0.0,0.0
2021-06-04 00:00:00-04:00,4.420000076293945,4.829999923706055,4.420000076293945,4.789999961853027,311100,0.0,0.0
2021-06-07 00:00:00-04:00,4.800000190734863,4.820000171661377,4.320000171661377,4.389999866485596,429000,0.0,0.0
2021-06-08 00:00:00-04:00,4.440000057220459,4.75,4.389999866485596,4.71999979019165,341300,0.0,0.0
2021-06-09 00:00:00-04:00,4.760000228881836,4.789999961853027,4.449999809265137,4.489999771118164,151900,0.0,0.0
2021-06-10 00:00:00-04:00,4.489999771118164,4.551000118255615,4.340000152587891,4.519999980926514,82800,0.0,0.0
2021-06-11 00:00:00-04:00,4.559999942779541,4.590000152587891,4.441999912261963,4.539999961853027,100300,0.0,0.0
2021-06-14 00:00:00-04:00,4.550000190734863,4.630000114440918,4.510000228881836,4.550000190734863,107300,0.0,0.0
2021-06-15 00:00:00-04:00,4.579999923706055,4.639999866485596,4.340000152587891,4.400000095367432,211300,0.0,0.0
2021-06-16 00:00:00-04:00,4.440000057220459,4.440000057220459,4.210000038146973,4.28000020980835,203500,0.0,0.0
2021-06-17 00:00:00-04:00,4.28000020980835,4.5,4.21999979019165,4.309999942779541,203200,0.0,0.0
2021-06-18 00:00:00-04:00,4.25,4.349999904632568,4.119999885559082,4.179999828338623,236500,0.0,0.0
2021-06-21 00:00:00-04:00,4.190000057220459,4.190000057220459,3.9200000762939453,4.050000190734863,391300,0.0,0.0
2021-06-22 00:00:00-04:00,4.0,4.260000228881836,3.9700000286102295,4.130000114440918,222100,0.0,0.0
2021-06-23 00:00:00-04:00,4.090000152587891,4.190000057220459,4.0,4.050000190734863,209400,0.0,0.0
2021-06-24 00:00:00-04:00,4.079999923706055,4.190000057220459,3.9800000190734863,4.159999847412109,201100,0.0,0.0
2021-06-25 00:00:00-04:00,4.190000057220459,4.519999980926514,4.059999942779541,4.460000038146973,3379100,0.0,0.0
2021-06-28 00:00:00-04:00,4.460000038146973,4.550000190734863,4.320000171661377,4.480000019073486,162600,0.0,0.0
2021-06-29 00:00:00-04:00,4.46999979019165,4.65500020980835,4.46999979019165,4.590000152587891,159900,0.0,0.0
2021-06-30 00:00:00-04:00,4.550000190734863,4.71999979019165,4.53000020980835,4.630000114440918,353500,0.0,0.0
2021-07-01 00:00:00-04:00,4.630000114440918,4.638999938964844,4.070000171661377,4.099999904632568,167700,0.0,0.0
2021-07-02 00:00:00-04:00,4.050000190734863,4.164999961853027,3.5999999046325684,3.8299999237060547,308100,0.0,0.0
2021-07-06 00:00:00-04:00,3.799999952316284,3.8499999046325684,3.680000066757202,3.7100000381469727,286900,0.0,0.0
2021-07-07 00:00:00-04:00,3.7200000286102295,3.755000114440918,3.5199999809265137,3.559999942779541,237200,0.0,0.0
2021-07-08 00:00:00-04:00,3.7200000286102295,3.759999990463257,3.450000047683716,3.7300000190734863,107600,0.0,0.0
2021-07-09 00:00:00-04:00,3.759999990463257,3.8399999141693115,3.5399999618530273,3.569999933242798,196300,0.0,0.0
2021-07-12 00:00:00-04:00,3.569999933242798,3.6700000762939453,3.4800000190734863,3.640000104904175,95100,0.0,0.0
2021-07-13 00:00:00-04:00,3.640000104904175,3.640000104904175,3.3399999141693115,3.390000104904175,141600,0.0,0.0
2021-07-14 00:00:00-04:00,3.369999885559082,3.440000057220459,3.242000102996826,3.2899999618530273,241400,0.0,0.0
2021-07-15 00:00:00-04:00,3.2799999713897705,3.3499999046325684,3.200000047683716,3.309999942779541,181000,0.0,0.0
2021-07-16 00:00:00-04:00,3.2899999618530273,3.3399999141693115,3.2300000190734863,3.2300000190734863,104700,0.0,0.0
2021-07-19 00:00:00-04:00,3.200000047683716,3.2200000286102295,3.0899999141693115,3.109999895095825,154800,0.0,0.0
2021-07-20 00:00:00-04:00,3.119999885559082,3.4800000190734863,3.109999895095825,3.309999942779541,317900,0.0,0.0
2021-07-21 00:00:00-04:00,3.359999895095825,3.549999952316284,3.3410000801086426,3.4600000381469727,106900,0.0,0.0
2021-07-22 00:00:00-04:00,3.440000057220459,3.5299999713897705,3.299999952316284,3.4000000953674316,86800,0.0,0.0
2021-07-23 00:00:00-04:00,3.450000047683716,3.568000078201294,3.440000057220459,3.5199999809265137,109800,0.0,0.0
2021-07-26 00:00:00-04:00,3.5399999618530273,3.5399999618530273,3.4000000953674316,3.4700000286102295,98300,0.0,0.0
2021-07-27 00:00:00-04:00,3.440000057220459,3.509999990463257,3.359999895095825,3.4600000381469727,106800,0.0,0.0
2021-07-28 00:00:00-04:00,3.4700000286102295,3.5,3.359999895095825,3.4600000381469727,105400,0.0,0.0
2021-07-29 00:00:00-04:00,3.450000047683716,3.5299999713897705,3.4200000762939453,3.430000066757202,53500,0.0,0.0
2021-07-30 00:00:00-04:00,3.450000047683716,3.5299999713897705,3.369999885559082,3.4100000858306885,55100,0.0,0.0
2021-08-02 00:00:00-04:00,3.4000000953674316,3.440000057220459,3.2200000286102295,3.380000114440918,976800,0.0,0.0
2021-08-03 00:00:00-04:00,3.390000104904175,3.5199999809265137,3.321000099182129,3.4600000381469727,95200,0.0,0.0
2021-08-04 00:00:00-04:00,3.4100000858306885,3.4700000286102295,3.3489999771118164,3.4100000858306885,73800,0.0,0.0
2021-08-05 00:00:00-04:00,3.390000104904175,3.549999952316284,3.3399999141693115,3.5399999618530273,73600,0.0,0.0
2021-08-06 00:00:00-04:00,3.5199999809265137,3.5899999141693115,3.380000114440918,3.5799999237060547,90300,0.0,0.0
2021-08-09 00:00:00-04:00,3.569999933242798,3.630000114440918,3.430999994277954,3.609999895095825,101700,0.0,0.0
2021-08-10 00:00:00-04:00,3.6600000858306885,3.680000066757202,3.509999990463257,3.680000066757202,122100,0.0,0.0
2021-08-11 00:00:00-04:00,3.640000104904175,3.6600000858306885,3.5,3.5999999046325684,175600,0.0,0.0
2021-08-12 00:00:00-04:00,3.549999952316284,3.6080000400543213,3.430000066757202,3.490000009536743,186200,0.0,0.0
2021-08-13 00:00:00-04:00,3.4800000190734863,3.509999990463257,3.316999912261963,3.430000066757202,110900,0.0,0.0
2021-08-16 00:00:00-04:00,3.450000047683716,3.4800000190734863,3.25,3.3499999046325684,96900,0.0,0.0
2021-08-17 00:00:00-04:00,3.299999952316284,3.5,3.2950000762939453,3.4000000953674316,124400,0.0,0.0
2021-08-18 00:00:00-04:00,3.369999885559082,3.559999942779541,3.25,3.450000047683716,187700,0.0,0.0
2021-08-19 00:00:00-04:00,3.430000066757202,3.440000057220459,3.259999990463257,3.299999952316284,30000,0.0,0.0
2021-08-20 00:00:00-04:00,3.319999933242798,3.3399999141693115,3.1500000953674316,3.2200000286102295,148800,0.0,0.0
2021-08-23 00:00:00-04:00,3.2100000381469727,3.380000114440918,3.1700000762939453,3.240000009536743,99100,0.0,0.0
2021-08-24 00:00:00-04:00,3.2699999809265137,3.4100000858306885,3.2699999809265137,3.309999942779541,61600,0.0,0.0
2021-08-25 00:00:00-04:00,3.3499999046325684,3.369999885559082,3.1500000953674316,3.190000057220459,181600,0.0,0.0
2021-08-26 00:00:00-04:00,3.240000009536743,3.3499999046325684,3.200000047683716,3.2699999809265137,30000,0.0,0.0
2021-08-27 00:00:00-04:00,3.259999990463257,3.3399999141693115,3.1500000953674316,3.200000047683716,101800,0.0,0.0
2021-08-30 00:00:00-04:00,3.200000047683716,3.299999952316284,3.200000047683716,3.2100000381469727,38900,0.0,0.0
2021-08-31 00:00:00-04:00,3.2100000381469727,3.359999895095825,3.1700000762939453,3.25,53800,0.0,0.0
2021-09-01 00:00:00-04:00,3.2699999809265137,3.3499999046325684,3.190000057220459,3.2200000286102295,89300,0.0,0.0
2021-09-02 00:00:00-04:00,3.240000009536743,3.319999933242798,3.200000047683716,3.25,99300,0.0,0.0
2021-09-03 00:00:00-04:00,3.2249999046325684,3.259999990463257,3.180000066757202,3.2300000190734863,30200,0.0,0.0
2021-09-07 00:00:00-04:00,3.200000047683716,3.259999990463257,2.930000066757202,3.0899999141693115,171200,0.0,0.0
2021-09-08 00:00:00-04:00,3.0899999141693115,3.109999895095825,3.0230000019073486,3.109999895095825,55400,0.0,0.0
2021-09-09 00:00:00-04:00,3.0899999141693115,3.1700000762939453,3.0399999618530273,3.059999942779541,35800,0.0,0.0
2021-09-10 00:00:00-04:00,3.0399999618530273,3.059999942779541,2.9200000762939453,2.950000047683716,88200,0.0,0.0
2021-09-13 00:00:00-04:00,2.940000057220459,3.0799999237060547,2.930000066757202,2.9700000286102295,81100,0.0,0.0
2021-09-14 00:00:00-04:00,3.0399999618530273,3.049999952316284,2.9200000762939453,2.990000009536743,72400,0.0,0.0
2021-09-15 00:00:00-04:00,2.9600000381469727,3.180000066757202,2.9600000381469727,3.109999895095825,32200,0.0,0.0
2021-09-16 00:00:00-04:00,3.0799999237060547,3.0999999046325684,2.9800000190734863,3.059999942779541,73000,0.0,0.0
2021-09-17 00:00:00-04:00,3.0399999618530273,3.180000066757202,2.809999942779541,2.809999942779541,252800,0.0,0.0
2021-09-20 00:00:00-04:00,2.819999933242798,2.990000009536743,2.819999933242798,2.9800000190734863,66100,0.0,0.0
2021-09-21 00:00:00-04:00,2.9800000190734863,3.0,2.9100000858306885,2.940000057220459,57400,0.0,0.0
2021-09-22 00:00:00-04:00,2.9200000762939453,3.069999933242798,2.880000114440918,3.069999933242798,70000,0.0,0.0
2021-09-23 00:00:00-04:00,3.0999999046325684,3.1600000858306885,3.0899999141693115,3.140000104904175,45500,0.0,0.0
2021-09-24 00:00:00-04:00,3.130000114440918,3.130000114440918,2.996999979019165,3.049999952316284,39800,0.0,0.0
2021-09-27 00:00:00-04:00,3.009999990463257,3.0299999713897705,2.9000000953674316,2.9200000762939453,104600,0.0,0.0
2021-09-28 00:00:00-04:00,2.9600000381469727,2.990000009536743,2.9000000953674316,2.950000047683716,602700,0.0,0.0
2021-09-29 00:00:00-04:00,2.950000047683716,3.0199999809265137,2.9100000858306885,2.9600000381469727,52000,0.0,0.0
2021-09-30 00:00:00-04:00,3.0,3.0299999713897705,2.809999942779541,2.8499999046325684,243600,0.0,0.0
2021-10-01 00:00:00-04:00,2.8499999046325684,3.1500000953674316,2.8499999046325684,2.940000057220459,162200,0.0,0.0
2021-10-04 00:00:00-04:00,2.9700000286102295,3.0,2.8499999046325684,2.890000104904175,111700,0.0,0.0
2021-10-05 00:00:00-04:00,2.9000000953674316,2.9049999713897705,2.75,2.7799999713897705,193800,0.0,0.0
2021-10-06 00:00:00-04:00,2.7699999809265137,2.8450000286102295,2.7249999046325684,2.819999933242798,138400,0.0,0.0
2021-10-07 00:00:00-04:00,2.8299999237060547,2.880000114440918,2.6600000858306885,2.75,82800,0.0,0.0
2021-10-08 00:00:00-04:00,2.759999990463257,2.8399999141693115,2.700000047683716,2.7899999618530273,43700,0.0,0.0
2021-10-11 00:00:00-04:00,2.759999990463257,2.809999942779541,2.700000047683716,2.759999990463257,44500,0.0,0.0
2021-10-12 00:00:00-04:00,2.740000009536743,2.7799999713897705,2.6600000858306885,2.7300000190734863,89100,0.0,0.0
2021-10-13 00:00:00-04:00,2.7200000286102295,2.7750000953674316,2.690000057220459,2.7300000190734863,21800,0.0,0.0
2021-10-14 00:00:00-04:00,2.7200000286102295,2.7899999618530273,2.6600000858306885,2.7699999809265137,70600,0.0,0.0
2021-10-15 00:00:00-04:00,2.7899999618530273,2.869999885559082,2.680000066757202,2.869999885559082,60200,0.0,0.0
2021-10-18 00:00:00-04:00,2.8499999046325684,2.8499999046325684,2.700000047683716,2.75,51800,0.0,0.0
2021-10-19 00:00:00-04:00,2.740000009536743,2.799999952316284,2.690000057220459,2.799999952316284,57700,0.0,0.0
2021-10-20 00:00:00-04:00,2.799999952316284,2.799999952316284,2.5299999713897705,2.640000104904175,196400,0.0,0.0
2021-10-21 00:00:00-04:00,2.619999885559082,2.7200000286102295,2.549999952316284,2.630000114440918,48300,0.0,0.0
2021-10-22 00:00:00-04:00,2.630000114440918,2.630000114440918,2.559999942779541,2.619999885559082,45600,0.0,0.0
2021-10-25 00:00:00-04:00,2.5999999046325684,2.5999999046325684,2.490000009536743,2.509999990463257,158400,0.0,0.0
2021-10-26 00:00:00-04:00,2.509999990463257,2.5199999809265137,2.299999952316284,2.490000009536743,201000,0.0,0.0
2021-10-27 00:00:00-04:00,2.450000047683716,2.559999942779541,2.440000057220459,2.5199999809265137,78500,0.0,0.0
2021-10-28 00:00:00-04:00,2.5,2.5299999713897705,2.4600000381469727,2.5199999809265137,40700,0.0,0.0
2021-10-29 00:00:00-04:00,2.4800000190734863,2.5350000858306885,2.4600000381469727,2.490000009536743,63100,0.0,0.0
2021-11-01 00:00:00-04:00,2.4700000286102295,2.8299999237060547,2.4700000286102295,2.819999933242798,202400,0.0,0.0
2021-11-02 00:00:00-04:00,2.759999990463257,2.930000066757202,2.6700000762939453,2.930000066757202,81300,0.0,0.0
2021-11-03 00:00:00-04:00,2.9600000381469727,3.240000009536743,2.9000000953674316,3.240000009536743,167500,0.0,0.0
2021-11-04 00:00:00-04:00,3.25,3.25,3.0199999809265137,3.190000057220459,58300,0.0,0.0
2021-11-05 00:00:00-04:00,3.190000057220459,3.2100000381469727,2.950000047683716,3.049999952316284,48600,0.0,0.0
2021-11-08 00:00:00-05:00,3.0299999713897705,3.140000104904175,2.9200000762939453,2.9800000190734863,68200,0.0,0.0
2021-11-09 00:00:00-05:00,2.940000057220459,3.0339999198913574,2.7799999713897705,2.799999952316284,57400,0.0,0.0
2021-11-10 00:00:00-05:00,2.7799999713897705,2.8499999046325684,2.6700000762939453,2.819999933242798,1311400,0.0,0.0
2021-11-11 00:00:00-05:00,3.190000057220459,3.5899999141693115,3.0399999618530273,3.5299999713897705,2149100,0.0,0.0
2021-11-12 00:00:00-05:00,3.4200000762939453,3.690000057220459,3.299999952316284,3.5199999809265137,408000,0.0,0.0
2021-11-15 00:00:00-05:00,3.559999942779541,3.6600000858306885,3.4600000381469727,3.5399999618530273,128200,0.0,0.0
2021-11-16 00:00:00-05:00,3.5199999809265137,3.6500000953674316,3.369999885559082,3.609999895095825,111500,0.0,0.0
2021-11-17 00:00:00-05:00,3.640000104904175,3.640000104904175,3.390000104904175,3.5,179200,0.0,0.0
2021-11-18 00:00:00-05:00,3.4600000381469727,3.5399999618530273,3.315999984741211,3.380000114440918,50200,0.0,0.0
2021-11-19 00:00:00-05:00,3.3499999046325684,3.5299999713897705,3.309999942779541,3.4000000953674316,194600,0.0,0.0
2021-11-22 00:00:00-05:00,3.369999885559082,3.6700000762939453,3.3299999237060547,3.5999999046325684,189500,0.0,0.0
2021-11-23 00:00:00-05:00,3.5999999046325684,3.640000104904175,3.4100000858306885,3.549999952316284,141100,0.0,0.0
2021-11-24 00:00:00-05:00,3.549999952316284,3.9600000381469727,3.3480000495910645,3.880000114440918,161700,0.0,0.0
2021-11-26 00:00:00-05:00,3.859999895095825,3.859999895095825,3.549999952316284,3.6500000953674316,37200,0.0,0.0
2021-11-29 00:00:00-05:00,3.6700000762939453,3.8499999046325684,3.3299999237060547,3.549999952316284,81800,0.0,0.0
2021-11-30 00:00:00-05:00,3.509999990463257,3.549999952316284,3.2699999809265137,3.440000057220459,26900,0.0,0.0
2021-12-01 00:00:00-05:00,3.509999990463257,3.6700000762939453,3.25,3.3399999141693115,327400,0.0,0.0
2021-12-02 00:00:00-05:00,3.2899999618530273,3.6700000762939453,3.2639999389648438,3.6500000953674316,65800,0.0,0.0
2021-12-03 00:00:00-05:00,3.5999999046325684,3.5999999046325684,3.049999952316284,3.119999885559082,242700,0.0,0.0
2021-12-06 00:00:00-05:00,3.130000114440918,3.3299999237060547,3.130000114440918,3.299999952316284,28400,0.0,0.0
2021-12-07 00:00:00-05:00,3.309999942779541,3.450000047683716,3.2200000286102295,3.369999885559082,89500,0.0,0.0
2021-12-08 00:00:00-05:00,3.3299999237060547,3.640000104904175,3.2899999618530273,3.619999885559082,47000,0.0,0.0
2021-12-09 00:00:00-05:00,3.549999952316284,3.640000104904175,3.3299999237060547,3.3399999141693115,140900,0.0,0.0
2021-12-10 00:00:00-05:00,3.319999933242798,3.5810000896453857,2.9200000762939453,3.190000057220459,307300,0.0,0.0
2021-12-13 00:00:00-05:00,3.140000104904175,3.1700000762939453,2.9600000381469727,3.069999933242798,92100,0.0,0.0
2021-12-14 00:00:00-05:00,3.009999990463257,3.0799999237060547,2.930000066757202,2.9700000286102295,56500,0.0,0.0
2021-12-15 00:00:00-05:00,2.9800000190734863,3.069999933242798,2.8499999046325684,3.0,76400,0.0,0.0
2021-12-16 00:00:00-05:00,3.0799999237060547,3.0999999046325684,2.8949999809265137,2.930000066757202,280700,0.0,0.0
2021-12-17 00:00:00-05:00,2.869999885559082,3.1700000762939453,2.8540000915527344,3.0799999237060547,49000,0.0,0.0
2021-12-20 00:00:00-05:00,3.0,3.430000066757202,2.884000062942505,3.0299999713897705,341700,0.0,0.0
2021-12-21 00:00:00-05:00,3.0399999618530273,3.0999999046325684,2.890000104904175,3.059999942779541,201200,0.0,0.0
2021-12-22 00:00:00-05:00,3.259000062942505,3.2799999713897705,2.950000047683716,3.0899999141693115,109100,0.0,0.0
2021-12-23 00:00:00-05:00,3.069999933242798,3.2899999618530273,3.0399999618530273,3.25,68700,0.0,0.0
2021-12-27 00:00:00-05:00,3.2300000190734863,3.2990000247955322,3.069999933242798,3.0899999141693115,83400,0.0,0.0
2021-12-28 00:00:00-05:00,3.0799999237060547,3.1440000534057617,2.9800000190734863,3.0,86000,0.0,0.0
2021-12-29 00:00:00-05:00,2.9100000858306885,3.0199999809265137,2.9010000228881836,2.9800000190734863,89700,0.0,0.0
2021-12-30 00:00:00-05:00,2.9700000286102295,3.0,2.8499999046325684,2.950000047683716,84300,0.0,0.0
2021-12-31 00:00:00-05:00,2.9200000762939453,3.0299999713897705,2.8499999046325684,3.0,154800,0.0,0.0
2022-01-03 00:00:00-05:00,3.0,3.299999952316284,2.984999895095825,3.1600000858306885,79900,0.0,0.0
2022-01-04 00:00:00-05:00,3.259999990463257,3.259999990463257,2.880000114440918,2.9800000190734863,73800,0.0,0.0
2022-01-05 00:00:00-05:00,2.940000057220459,3.0450000762939453,2.8499999046325684,2.9600000381469727,126500,0.0,0.0
2022-01-06 00:00:00-05:00,2.990000009536743,3.200000047683716,2.9000000953674316,3.140000104904175,103500,0.0,0.0
2022-01-07 00:00:00-05:00,3.1600000858306885,3.1600000858306885,2.950000047683716,3.0,53300,0.0,0.0
2022-01-10 00:00:00-05:00,2.940000057220459,3.069999933242798,2.940000057220459,3.049999952316284,24000,0.0,0.0
2022-01-11 00:00:00-05:00,3.049999952316284,3.049999952316284,2.859999895095825,3.009999990463257,62100,0.0,0.0
2022-01-12 00:00:00-05:00,3.009999990463257,3.009999990463257,2.75,2.9600000381469727,459300,0.0,0.0
2022-01-13 00:00:00-05:00,2.940000057220459,3.450000047683716,2.8499999046325684,3.180000066757202,277000,0.0,0.0
2022-01-14 00:00:00-05:00,3.1700000762939453,3.5399999618530273,3.1500000953674316,3.4100000858306885,358600,0.0,0.0
2022-01-18 00:00:00-05:00,3.3299999237060547,3.3499999046325684,2.990000009536743,2.990000009536743,47900,0.0,0.0
2022-01-19 00:00:00-05:00,3.0,3.130000114440918,2.9000000953674316,2.9100000858306885,97800,0.0,0.0
2022-01-20 00:00:00-05:00,2.9000000953674316,3.0980000495910645,2.740000009536743,2.740000009536743,197400,0.0,0.0
2022-01-21 00:00:00-05:00,2.740000009536743,2.8399999141693115,2.700000047683716,2.75,128400,0.0,0.0
2022-01-24 00:00:00-05:00,2.700000047683716,2.7699999809265137,2.5999999046325684,2.7699999809265137,80300,0.0,0.0
2022-01-25 00:00:00-05:00,2.759999990463257,2.825000047683716,2.740000009536743,2.740000009536743,81600,0.0,0.0
2022-01-26 00:00:00-05:00,2.75,2.9200000762939453,2.75,2.880000114440918,51900,0.0,0.0
2022-01-27 00:00:00-05:00,2.869999885559082,2.9100000858306885,2.75,2.7799999713897705,32700,0.0,0.0
2022-01-28 00:00:00-05:00,2.759999990463257,2.7799999713897705,2.559999942779541,2.759999990463257,69000,0.0,0.0
2022-01-31 00:00:00-05:00,2.759999990463257,3.1700000762939453,2.759999990463257,3.009999990463257,140500,0.0,0.0
2022-02-01 00:00:00-05:00,3.180000066757202,3.299999952316284,2.9600000381469727,3.109999895095825,87000,0.0,0.0
2022-02-02 00:00:00-05:00,3.049999952316284,3.1500000953674316,2.9800000190734863,3.0799999237060547,37800,0.0,0.0
2022-02-03 00:00:00-05:00,3.049999952316284,3.1500000953674316,2.9000000953674316,2.9700000286102295,19800,0.0,0.0
2022-02-04 00:00:00-05:00,2.9100000858306885,3.069999933242798,2.884999990463257,3.009999990463257,23700,0.0,0.0
2022-02-07 00:00:00-05:00,3.0199999809265137,3.25,2.9200000762939453,3.0399999618530273,20900,0.0,0.0
2022-02-08 00:00:00-05:00,3.049999952316284,3.200000047683716,2.990000009536743,3.069999933242798,20800,0.0,0.0
2022-02-09 00:00:00-05:00,3.180000066757202,3.190000057220459,3.0299999713897705,3.140000104904175,60100,0.0,0.0
2022-02-10 00:00:00-05:00,3.049999952316284,3.174999952316284,2.990000009536743,3.109999895095825,80600,0.0,0.0
2022-02-11 00:00:00-05:00,3.0199999809265137,3.130000114440918,3.003999948501587,3.069999933242798,43500,0.0,0.0
2022-02-14 00:00:00-05:00,3.0799999237060547,3.200000047683716,2.990000009536743,3.109999895095825,27500,0.0,0.0
2022-02-15 00:00:00-05:00,3.187999963760376,3.2100000381469727,3.119999885559082,3.140000104904175,15500,0.0,0.0
2022-02-16 00:00:00-05:00,3.200000047683716,3.200000047683716,3.069999933242798,3.0999999046325684,28800,0.0,0.0
2022-02-17 00:00:00-05:00,3.059999942779541,3.1600000858306885,3.049999952316284,3.1600000858306885,23000,0.0,0.0
2022-02-18 00:00:00-05:00,2.9800000190734863,3.1600000858306885,2.9000000953674316,3.1600000858306885,37400,0.0,0.0
2022-02-22 00:00:00-05:00,3.130000114440918,3.130000114440918,2.9700000286102295,3.009999990463257,16900,0.0,0.0
2022-02-23 00:00:00-05:00,3.009999990463257,3.0399999618530273,2.859999895095825,2.9100000858306885,22700,0.0,0.0
2022-02-24 00:00:00-05:00,2.8299999237060547,2.9709999561309814,2.640000104904175,2.950000047683716,30100,0.0,0.0
2022-02-25 00:00:00-05:00,2.7699999809265137,3.049999952316284,2.7699999809265137,3.009999990463257,38800,0.0,0.0
2022-02-28 00:00:00-05:00,3.059999942779541,3.2899999618530273,2.9649999141693115,3.200000047683716,46800,0.0,0.0
2022-03-01 00:00:00-05:00,3.2200000286102295,3.4100000858306885,3.180000066757202,3.200000047683716,82600,0.0,0.0
2022-03-02 00:00:00-05:00,3.190000057220459,3.4700000286102295,3.1700000762939453,3.1700000762939453,46000,0.0,0.0
2022-03-03 00:00:00-05:00,3.309999942779541,3.309999942779541,2.950000047683716,3.009999990463257,40300,0.0,0.0
2022-03-04 00:00:00-05:00,2.9700000286102295,3.0799999237060547,2.9700000286102295,3.0399999618530273,12600,0.0,0.0
2022-03-07 00:00:00-05:00,3.00600004196167,3.059999942779541,2.9700000286102295,3.0,18200,0.0,0.0
2022-03-08 00:00:00-05:00,2.9800000190734863,3.059999942779541,2.9100000858306885,3.0299999713897705,70100,0.0,0.0
2022-03-09 00:00:00-05:00,3.049999952316284,3.059999942779541,3.0,3.0,22200,0.0,0.0
2022-03-10 00:00:00-05:00,2.9600000381469727,3.0399999618530273,2.9000000953674316,3.0399999618530273,40700,0.0,0.0
2022-03-11 00:00:00-05:00,3.0299999713897705,3.0299999713897705,2.880000114440918,3.0299999713897705,25100,0.0,0.0
2022-03-14 00:00:00-04:00,3.049999952316284,3.059999942779541,2.880000114440918,2.890000104904175,42500,0.0,0.0
2022-03-15 00:00:00-04:00,2.950000047683716,2.990000009536743,2.750999927520752,2.759999990463257,20700,0.0,0.0
2022-03-16 00:00:00-04:00,2.9100000858306885,2.9100000858306885,2.7799999713897705,2.8299999237060547,25300,0.0,0.0
2022-03-17 00:00:00-04:00,2.809999942779541,3.0269999504089355,2.809999942779541,2.9200000762939453,23500,0.0,0.0
2022-03-18 00:00:00-04:00,2.950000047683716,3.1600000858306885,2.890000104904175,3.1500000953674316,78000,0.0,0.0
2022-03-21 00:00:00-04:00,3.049999952316284,3.049999952316284,2.9600000381469727,3.049999952316284,18000,0.0,0.0
2022-03-22 00:00:00-04:00,3.0199999809265137,3.0199999809265137,2.890000104904175,3.0,97100,0.0,0.0
2022-03-23 00:00:00-04:00,2.8299999237060547,3.0,2.8299999237060547,2.890000104904175,50300,0.0,0.0
2022-03-24 00:00:00-04:00,2.869999885559082,2.940000057220459,2.8299999237060547,2.9000000953674316,19600,0.0,0.0
2022-03-25 00:00:00-04:00,2.822000026702881,2.940000057220459,2.7899999618530273,2.799999952316284,16100,0.0,0.0
2022-03-28 00:00:00-04:00,2.950000047683716,2.950000047683716,2.819999933242798,2.8399999141693115,13500,0.0,0.0
2022-03-29 00:00:00-04:00,2.930000066757202,2.930000066757202,2.799999952316284,2.799999952316284,33500,0.0,0.0
2022-03-30 00:00:00-04:00,2.7699999809265137,2.9100000858306885,2.700000047683716,2.880000114440918,145700,0.0,0.0
2022-03-31 00:00:00-04:00,2.8499999046325684,2.9149999618530273,2.8299999237060547,2.859999895095825,29500,0.0,0.0
2022-04-01 00:00:00-04:00,2.869999885559082,2.9110000133514404,2.759999990463257,2.819999933242798,50200,0.0,0.0
2022-04-04 00:00:00-04:00,2.8499999046325684,2.990000009536743,2.799999952316284,2.815000057220459,26400,0.0,0.0
2022-04-05 00:00:00-04:00,2.8499999046325684,3.0399999618530273,2.8499999046325684,2.9800000190734863,27000,0.0,0.0
2022-04-06 00:00:00-04:00,2.950000047683716,3.0299999713897705,2.8399999141693115,2.990000009536743,16700,0.0,0.0
2022-04-07 00:00:00-04:00,2.9700000286102295,2.9700000286102295,2.869999885559082,2.9100000858306885,4000,0.0,0.0
2022-04-08 00:00:00-04:00,2.8499999046325684,3.0299999713897705,2.8499999046325684,3.009999990463257,17800,0.0,0.0
2022-04-11 00:00:00-04:00,3.0,3.009999990463257,2.890000104904175,2.9100000858306885,165600,0.0,0.0
2022-04-12 00:00:00-04:00,2.9000000953674316,2.9600000381469727,2.809999942779541,2.809999942779541,8800,0.0,0.0
2022-04-13 00:00:00-04:00,2.990000009536743,3.0,2.7950000762939453,3.0,31600,0.0,0.0
2022-04-14 00:00:00-04:00,3.009999990463257,3.009999990463257,2.819999933242798,2.8499999046325684,67000,0.0,0.0
2022-04-18 00:00:00-04:00,2.8299999237060547,2.930000066757202,2.7899999618530273,2.809999942779541,13600,0.0,0.0
2022-04-19 00:00:00-04:00,2.865000009536743,3.0,2.8489999771118164,3.0,12700,0.0,0.0
2022-04-20 00:00:00-04:00,2.9700000286102295,2.9700000286102295,2.8299999237060547,2.9000000953674316,19000,0.0,0.0
2022-04-21 00:00:00-04:00,2.9200000762939453,2.940000057220459,2.700000047683716,2.700000047683716,30300,0.0,0.0
2022-04-22 00:00:00-04:00,2.75,2.809999942779541,2.630000114440918,2.6500000953674316,56700,0.0,0.0
2022-04-25 00:00:00-04:00,2.6700000762939453,2.880000114440918,2.6700000762939453,2.8399999141693115,21600,0.0,0.0
2022-04-26 00:00:00-04:00,2.799999952316284,2.859999895095825,2.75,2.7699999809265137,9400,0.0,0.0
2022-04-27 00:00:00-04:00,2.75,2.890000104904175,2.559999942779541,2.890000104904175,86700,0.0,0.0
2022-04-28 00:00:00-04:00,2.8399999141693115,2.8399999141693115,2.559999942779541,2.569999933242798,43300,0.0,0.0
2022-04-29 00:00:00-04:00,2.630000114440918,2.6500000953674316,2.571000099182129,2.6500000953674316,17500,0.0,0.0
2022-05-02 00:00:00-04:00,2.559999942779541,2.75,2.559999942779541,2.6700000762939453,94100,0.0,0.0
2022-05-03 00:00:00-04:00,2.5899999141693115,2.700000047683716,2.5209999084472656,2.619999885559082,25500,0.0,0.0
2022-05-04 00:00:00-04:00,2.640000104904175,2.819999933242798,2.615000009536743,2.799999952316284,15200,0.0,0.0
2022-05-05 00:00:00-04:00,2.8499999046325684,2.8499999046325684,2.575000047683716,2.5799999237060547,32900,0.0,0.0
2022-05-06 00:00:00-04:00,2.5399999618530273,2.5950000286102295,2.5,2.5299999713897705,30200,0.0,0.0
2022-05-09 00:00:00-04:00,2.4820001125335693,2.630000114440918,2.430000066757202,2.5999999046325684,52300,0.0,0.0
2022-05-10 00:00:00-04:00,2.5899999141693115,2.619999885559082,2.4820001125335693,2.569999933242798,54300,0.0,0.0
2022-05-11 00:00:00-04:00,2.5299999713897705,2.5299999713897705,2.0920000076293945,2.0999999046325684,91700,0.0,0.0
2022-05-12 00:00:00-04:00,2.059999942779541,2.0899999141693115,1.9600000381469727,1.9600000381469727,96700,0.0,0.0
2022-05-13 00:00:00-04:00,1.9600000381469727,2.265000104904175,1.9600000381469727,2.0899999141693115,102500,0.0,0.0
2022-05-16 00:00:00-04:00,1.899999976158142,2.259999990463257,1.899999976158142,2.25,35700,0.0,0.0
2022-05-17 00:00:00-04:00,2.2799999713897705,2.2799999713897705,2.111999988555908,2.180000066757202,12000,0.0,0.0
2022-05-18 00:00:00-04:00,2.25,2.259999990463257,2.069999933242798,2.069999933242798,14700,0.0,0.0
2022-05-19 00:00:00-04:00,2.0199999809265137,2.196000099182129,2.009999990463257,2.0999999046325684,18600,0.0,0.0
2022-05-20 00:00:00-04:00,2.049999952316284,2.190000057220459,2.0,2.1600000858306885,123500,0.0,0.0
2022-05-23 00:00:00-04:00,2.180000066757202,2.259999990463257,2.069000005722046,2.0999999046325684,8200,0.0,0.0
2022-05-24 00:00:00-04:00,2.1050000190734863,2.200000047683716,2.046999931335449,2.119999885559082,31200,0.0,0.0
2022-05-25 00:00:00-04:00,2.2100000381469727,2.2300000190734863,2.1500000953674316,2.2300000190734863,3100,0.0,0.0
2022-05-26 00:00:00-04:00,2.2100000381469727,2.2699999809265137,2.121000051498413,2.2300000190734863,12700,0.0,0.0
2022-05-27 00:00:00-04:00,2.2300000190734863,2.3499999046325684,2.2300000190734863,2.3499999046325684,7800,0.0,0.0
2022-05-31 00:00:00-04:00,2.299999952316284,2.3499999046325684,2.190000057220459,2.190000057220459,20100,0.0,0.0
2022-06-01 00:00:00-04:00,2.2100000381469727,2.2100000381469727,1.9450000524520874,2.109999895095825,46500,0.0,0.0
2022-06-02 00:00:00-04:00,2.0199999809265137,2.140000104904175,2.0199999809265137,2.049999952316284,14000,0.0,0.0
2022-06-03 00:00:00-04:00,2.009999990463257,2.0799999237060547,1.9800000190734863,2.0,14100,0.0,0.0
2022-06-06 00:00:00-04:00,2.0299999713897705,2.059999942779541,1.9900000095367432,2.049999952316284,48100,0.0,0.0
2022-06-07 00:00:00-04:00,2.0,2.1500000953674316,2.0,2.0799999237060547,31800,0.0,0.0
2022-06-08 00:00:00-04:00,2.111999988555908,2.1700000762939453,2.0480000972747803,2.1600000858306885,11600,0.0,0.0
2022-06-09 00:00:00-04:00,2.119999885559082,2.2100000381469727,1.9900000095367432,1.9900000095367432,21600,0.0,0.0
2022-06-10 00:00:00-04:00,2.0,2.0399999618530273,1.9900000095367432,2.0199999809265137,25400,0.0,0.0
2022-06-13 00:00:00-04:00,1.9950000047683716,2.009999990463257,1.9500000476837158,1.9500000476837158,42000,0.0,0.0
2022-06-14 00:00:00-04:00,1.9500000476837158,1.9700000286102295,1.8250000476837158,1.9500000476837158,34300,0.0,0.0
2022-06-15 00:00:00-04:00,1.8200000524520874,2.009999990463257,1.8200000524520874,1.9900000095367432,61000,0.0,0.0
2022-06-16 00:00:00-04:00,1.8930000066757202,1.9900000095367432,1.8899999856948853,1.9600000381469727,14800,0.0,0.0
2022-06-17 00:00:00-04:00,1.9500000476837158,2.0190000534057617,1.8700000047683716,1.9600000381469727,112200,0.0,0.0
2022-06-21 00:00:00-04:00,1.9900000095367432,2.049999952316284,1.899999976158142,2.049999952316284,11800,0.0,0.0
2022-06-22 00:00:00-04:00,1.934999942779541,2.0,1.934999942779541,2.0,38100,0.0,0.0
2022-06-23 00:00:00-04:00,1.9600000381469727,2.5399999618530273,1.9600000381469727,2.450000047683716,222500,0.0,0.0
2022-06-24 00:00:00-04:00,2.440000057220459,2.5899999141693115,2.319999933242798,2.430000066757202,54600,0.0,0.0
2022-06-27 00:00:00-04:00,2.4000000953674316,2.609999895095825,2.3499999046325684,2.430000066757202,14600,0.0,0.0
2022-06-28 00:00:00-04:00,2.325000047683716,2.569999933242798,2.325000047683716,2.5,18200,0.0,0.0
2022-06-29 00:00:00-04:00,2.4700000286102295,2.5920000076293945,2.369999885559082,2.4200000762939453,25900,0.0,0.0
2022-06-30 00:00:00-04:00,2.427999973297119,2.569999933242798,2.427999973297119,2.5299999713897705,3300,0.0,0.0
2022-07-01 00:00:00-04:00,2.509999990463257,2.619999885559082,2.450000047683716,2.450000047683716,49400,0.0,0.0
2022-07-05 00:00:00-04:00,2.4600000381469727,2.5899999141693115,2.4600000381469727,2.5,8300,0.0,0.0
2022-07-06 00:00:00-04:00,2.5399999618530273,2.5899999141693115,2.4600000381469727,2.490000009536743,24500,0.0,0.0
2022-07-07 00:00:00-04:00,2.5399999618530273,2.5899999141693115,2.5399999618530273,2.569999933242798,4400,0.0,0.0
2022-07-08 00:00:00-04:00,2.569999933242798,2.5799999237060547,2.4700000286102295,2.4800000190734863,5900,0.0,0.0
2022-07-11 00:00:00-04:00,2.559999942779541,2.559999942779541,2.490000009536743,2.549999952316284,6000,0.0,0.0
2022-07-12 00:00:00-04:00,2.549999952316284,2.5799999237060547,2.5,2.5,18600,0.0,0.0
2022-07-13 00:00:00-04:00,2.5,2.690000057220459,2.4600000381469727,2.5,39300,0.0,0.0
2022-07-14 00:00:00-04:00,2.430000066757202,2.515000104904175,2.430000066757202,2.490000009536743,4000,0.0,0.0
2022-07-15 00:00:00-04:00,2.4670000076293945,2.6700000762939453,2.4670000076293945,2.5999999046325684,18700,0.0,0.0
2022-07-18 00:00:00-04:00,2.6500000953674316,2.6700000762939453,2.4000000953674316,2.5399999618530273,40000,0.0,0.0
2022-07-19 00:00:00-04:00,2.507999897003174,2.7100000381469727,2.507999897003174,2.559999942779541,14900,0.0,0.0
2022-07-20 00:00:00-04:00,2.619999885559082,2.9210000038146973,2.619999885559082,2.6600000858306885,49100,0.0,0.0
2022-07-21 00:00:00-04:00,2.7200000286102295,2.9800000190734863,2.7200000286102295,2.809999942779541,25100,0.0,0.0
2022-07-22 00:00:00-04:00,2.819999933242798,2.819999933242798,2.5799999237060547,2.5799999237060547,7000,0.0,0.0
2022-07-25 00:00:00-04:00,2.5799999237060547,2.680999994277954,2.450000047683716,2.450000047683716,8100,0.0,0.0
2022-07-26 00:00:00-04:00,2.430000066757202,2.5,2.3499999046325684,2.3499999046325684,14500,0.0,0.0
2022-07-27 00:00:00-04:00,2.440000057220459,2.549999952316284,2.319999933242798,2.319999933242798,19500,0.0,0.0
2022-07-28 00:00:00-04:00,2.369999885559082,2.5299999713897705,2.369999885559082,2.4600000381469727,11400,0.0,0.0
2022-07-29 00:00:00-04:00,2.5,2.549999952316284,2.5,2.5299999713897705,2500,0.0,0.0
2022-08-01 00:00:00-04:00,2.369999885559082,2.680000066757202,2.369999885559082,2.5399999618530273,10300,0.0,0.0
2022-08-02 00:00:00-04:00,2.640000104904175,2.640000104904175,2.549999952316284,2.640000104904175,4500,0.0,0.0
2022-08-03 00:00:00-04:00,2.5999999046325684,2.640000104904175,2.5799999237060547,2.630000114440918,18800,0.0,0.0
2022-08-04 00:00:00-04:00,2.7300000190734863,2.825000047683716,2.700000047683716,2.700000047683716,27500,0.0,0.0
2022-08-05 00:00:00-04:00,2.625,2.6570000648498535,2.319999933242798,2.430000066757202,17000,0.0,0.0
2022-08-08 00:00:00-04:00,2.4700000286102295,2.5850000381469727,2.3299999237060547,2.490000009536743,13700,0.0,0.0
2022-08-09 00:00:00-04:00,2.5399999618530273,2.559999942779541,2.440000057220459,2.440000057220459,29400,0.0,0.0
2022-08-10 00:00:00-04:00,2.552000045776367,2.5899999141693115,2.440000057220459,2.450000047683716,29500,0.0,0.0
2022-08-11 00:00:00-04:00,2.490000009536743,2.5889999866485596,2.490000009536743,2.5,18800,0.0,0.0
2022-08-12 00:00:00-04:00,2.509999990463257,2.5199999809265137,2.430000066757202,2.5,42200,0.0,0.0
2022-08-15 00:00:00-04:00,2.505000114440918,2.5399999618530273,2.4000000953674316,2.5,16800,0.0,0.0
2022-08-16 00:00:00-04:00,2.5,2.615000009536743,2.5,2.5199999809265137,15100,0.0,0.0
2022-08-17 00:00:00-04:00,2.549999952316284,2.555000066757202,2.440000057220459,2.5,29200,0.0,0.0
2022-08-18 00:00:00-04:00,2.549999952316284,2.619999885559082,2.490000009536743,2.5399999618530273,24500,0.0,0.0
2022-08-19 00:00:00-04:00,2.635999917984009,2.635999917984009,2.496000051498413,2.569999933242798,17000,0.0,0.0
2022-08-22 00:00:00-04:00,2.5299999713897705,2.5360000133514404,2.4800000190734863,2.4800000190734863,3200,0.0,0.0
2022-08-23 00:00:00-04:00,2.4800000190734863,2.490000009536743,2.438999891281128,2.4800000190734863,7500,0.0,0.0
2022-08-24 00:00:00-04:00,2.505000114440918,2.5299999713897705,2.450000047683716,2.4700000286102295,26400,0.0,0.0
2022-08-25 00:00:00-04:00,2.4700000286102295,2.5,2.450000047683716,2.4700000286102295,12500,0.0,0.0
2022-08-26 00:00:00-04:00,2.369999885559082,2.559999942779541,2.369999885559082,2.5,16900,0.0,0.0
2022-08-29 00:00:00-04:00,2.5999999046325684,2.5999999046325684,2.4700000286102295,2.4700000286102295,49400,0.0,0.0
2022-08-30 00:00:00-04:00,2.430000066757202,2.4700000286102295,2.319999933242798,2.4700000286102295,22000,0.0,0.0
2022-08-31 00:00:00-04:00,2.450000047683716,2.4700000286102295,2.319999933242798,2.4700000286102295,78100,0.0,0.0
2022-09-01 00:00:00-04:00,2.4200000762939453,2.4700000286102295,2.4000000953674316,2.4700000286102295,24800,0.0,0.0
2022-09-02 00:00:00-04:00,2.4619998931884766,2.4619998931884766,2.380000114440918,2.4000000953674316,32300,0.0,0.0
2022-09-06 00:00:00-04:00,2.381999969482422,2.381999969482422,2.319999933242798,2.3450000286102295,11300,0.0,0.0
2022-09-07 00:00:00-04:00,2.319999933242798,2.4200000762939453,2.319999933242798,2.3299999237060547,5200,0.0,0.0
2022-09-08 00:00:00-04:00,2.369999885559082,2.5,2.3299999237060547,2.5,22300,0.0,0.0
2022-09-09 00:00:00-04:00,2.434999942779541,2.5250000953674316,2.434999942779541,2.5,37800,0.0,0.0
2022-09-12 00:00:00-04:00,2.4800000190734863,2.569999933242798,2.4600000381469727,2.4700000286102295,39200,0.0,0.0
2022-09-13 00:00:00-04:00,2.430000066757202,2.490000009536743,2.430000066757202,2.490000009536743,2900,0.0,0.0
2022-09-14 00:00:00-04:00,2.4200000762939453,2.490000009536743,2.3499999046325684,2.3499999046325684,45600,0.0,0.0
2022-09-15 00:00:00-04:00,2.380000114440918,2.430000066757202,2.3589999675750732,2.4200000762939453,8500,0.0,0.0
2022-09-16 00:00:00-04:00,2.380000114440918,2.509999990463257,2.359999895095825,2.509999990463257,105700,0.0,0.0
2022-09-19 00:00:00-04:00,2.4600000381469727,2.5899999141693115,2.4600000381469727,2.5899999141693115,4800,0.0,0.0
2022-09-20 00:00:00-04:00,2.4200000762939453,2.549999952316284,2.3499999046325684,2.4200000762939453,22500,0.0,0.0
2022-09-21 00:00:00-04:00,2.380000114440918,2.4100000858306885,2.359999895095825,2.4000000953674316,8000,0.0,0.0
2022-09-22 00:00:00-04:00,2.390000104904175,2.430000066757202,2.321000099182129,2.3429999351501465,18600,0.0,0.0
2022-09-23 00:00:00-04:00,2.309999942779541,2.380000114440918,2.2100000381469727,2.3299999237060547,54800,0.0,0.0
2022-09-26 00:00:00-04:00,2.299999952316284,2.315000057220459,2.2799999713897705,2.2899999618530273,19700,0.0,0.0
2022-09-27 00:00:00-04:00,2.309000015258789,2.4100000858306885,2.2899999618530273,2.3299999237060547,36600,0.0,0.0
2022-09-28 00:00:00-04:00,2.319999933242798,2.3550000190734863,2.2300000190734863,2.2300000190734863,96900,0.0,0.0
2022-09-29 00:00:00-04:00,2.240000009536743,2.2899999618530273,2.240000009536743,2.2699999809265137,43000,0.0,0.0
2022-09-30 00:00:00-04:00,2.240000009536743,2.259999990463257,2.2300000190734863,2.2300000190734863,45600,0.0,0.0
2022-10-03 00:00:00-04:00,2.265000104904175,2.369999885559082,2.240000009536743,2.2699999809265137,22900,0.0,0.0
2022-10-04 00:00:00-04:00,2.319999933242798,2.319999933242798,2.2300000190734863,2.2300000190734863,56400,0.0,0.0
2022-10-05 00:00:00-04:00,2.200000047683716,2.319999933242798,2.200000047683716,2.2300000190734863,26600,0.0,0.0
2022-10-06 00:00:00-04:00,2.2200000286102295,2.25,2.2200000286102295,2.2300000190734863,2900,0.0,0.0
2022-10-07 00:00:00-04:00,2.200000047683716,2.3399999141693115,2.200000047683716,2.2899999618530273,23200,0.0,0.0
2022-10-10 00:00:00-04:00,2.25,2.2899999618530273,2.2309999465942383,2.249000072479248,16400,0.0,0.0
2022-10-11 00:00:00-04:00,2.3399999141693115,2.3399999141693115,2.200000047683716,2.200000047683716,27100,0.0,0.0
2022-10-12 00:00:00-04:00,2.2100000381469727,2.2269999980926514,2.130000114440918,2.1649999618530273,57300,0.0,0.0
2022-10-13 00:00:00-04:00,2.1530001163482666,2.3499999046325684,2.13100004196167,2.2100000381469727,8800,0.0,0.0
2022-10-14 00:00:00-04:00,2.25,2.3399999141693115,2.190000057220459,2.3299999237060547,8200,0.0,0.0
2022-10-17 00:00:00-04:00,2.25,2.319999933242798,2.240000009536743,2.319999933242798,5000,0.0,0.0
2022-10-18 00:00:00-04:00,2.3399999141693115,2.490000009536743,2.3299999237060547,2.359999895095825,9200,0.0,0.0
2022-10-19 00:00:00-04:00,2.424999952316284,2.424999952316284,2.359999895095825,2.359999895095825,16900,0.0,0.0
2022-10-20 00:00:00-04:00,2.3399999141693115,2.4000000953674316,2.3399999141693115,2.359999895095825,8400,0.0,0.0
2022-10-21 00:00:00-04:00,2.380000114440918,2.4000000953674316,2.2780001163482666,2.3299999237060547,8400,0.0,0.0
2022-10-24 00:00:00-04:00,2.319999933242798,2.390000104904175,2.319999933242798,2.3499999046325684,11100,0.0,0.0
2022-10-25 00:00:00-04:00,2.3499999046325684,2.390000104904175,2.3299999237060547,2.359999895095825,12900,0.0,0.0
2022-10-26 00:00:00-04:00,2.390000104904175,2.4100000858306885,2.25,2.25,21300,0.0,0.0
2022-10-27 00:00:00-04:00,2.259999990463257,2.299999952316284,2.259999990463257,2.2699999809265137,10200,0.0,0.0
2022-10-28 00:00:00-04:00,2.3399999141693115,2.4000000953674316,2.3299999237060547,2.390000104904175,25300,0.0,0.0
2022-10-31 00:00:00-04:00,2.3399999141693115,2.4200000762939453,2.259999990463257,2.4000000953674316,19400,0.0,0.0
2022-11-01 00:00:00-04:00,2.384000062942505,2.450000047683716,2.3299999237060547,2.3399999141693115,22100,0.0,0.0
2022-11-02 00:00:00-04:00,2.374000072479248,2.4000000953674316,2.319999933242798,2.3299999237060547,8700,0.0,0.0
2022-11-03 00:00:00-04:00,2.309999942779541,2.3429999351501465,2.2890000343322754,2.2899999618530273,11700,0.0,0.0
2022-11-04 00:00:00-04:00,2.299999952316284,2.3499999046325684,2.200000047683716,2.2200000286102295,20100,0.0,0.0
2022-11-07 00:00:00-05:00,2.2890000343322754,2.2899999618530273,2.200000047683716,2.2100000381469727,66400,0.0,0.0
2022-11-08 00:00:00-05:00,2.3499999046325684,2.3499999046325684,2.2799999713897705,2.309999942779541,14300,0.0,0.0
2022-11-09 00:00:00-05:00,2.259999990463257,2.4000000953674316,2.25,2.309999942779541,36200,0.0,0.0
2022-11-10 00:00:00-05:00,2.4700000286102295,2.890000104904175,2.4700000286102295,2.700000047683716,361300,0.0,0.0
2022-11-11 00:00:00-05:00,2.799999952316284,2.990000009536743,2.7200000286102295,2.9700000286102295,89800,0.0,0.0
2022-11-14 00:00:00-05:00,2.9600000381469727,2.9700000286102295,2.869999885559082,2.9200000762939453,16800,0.0,0.0
2022-11-15 00:00:00-05:00,2.950000047683716,2.9600000381469727,2.799999952316284,2.9200000762939453,51900,0.0,0.0
2022-11-16 00:00:00-05:00,2.880000114440918,2.880000114440918,2.694999933242798,2.799999952316284,15200,0.0,0.0
2022-11-17 00:00:00-05:00,2.75,2.8299999237060547,2.75,2.799999952316284,15300,0.0,0.0
2022-11-18 00:00:00-05:00,2.7799999713897705,2.8499999046325684,2.700000047683716,2.7200000286102295,6900,0.0,0.0
2022-11-21 00:00:00-05:00,2.700000047683716,2.9600000381469727,2.6500000953674316,2.700000047683716,82000,0.0,0.0
2022-11-22 00:00:00-05:00,2.700000047683716,2.880000114440918,2.700000047683716,2.819999933242798,25900,0.0,0.0
2022-11-23 00:00:00-05:00,2.819999933242798,2.9100000858306885,2.7899999618530273,2.8499999046325684,23900,0.0,0.0
2022-11-25 00:00:00-05:00,2.809999942779541,2.9600000381469727,2.809999942779541,2.9200000762939453,11000,0.0,0.0
2022-11-28 00:00:00-05:00,2.869999885559082,2.9100000858306885,2.8499999046325684,2.8499999046325684,16600,0.0,0.0
2022-11-29 00:00:00-05:00,2.8399999141693115,2.9100000858306885,2.799999952316284,2.859999895095825,29400,0.0,0.0
2022-11-30 00:00:00-05:00,2.8299999237060547,2.950000047683716,2.819999933242798,2.950000047683716,17000,0.0,0.0
2022-12-01 00:00:00-05:00,2.9100000858306885,3.184999942779541,2.9100000858306885,3.059999942779541,114700,0.0,0.0
2022-12-02 00:00:00-05:00,3.059999942779541,3.2699999809265137,3.059999942779541,3.115000009536743,53200,0.0,0.0
2022-12-05 00:00:00-05:00,3.069999933242798,3.308000087738037,3.069999933242798,3.2699999809265137,32800,0.0,0.0
2022-12-06 00:00:00-05:00,3.25,3.359999895095825,3.0799999237060547,3.240000009536743,20400,0.0,0.0
2022-12-07 00:00:00-05:00,3.200000047683716,3.240000009536743,3.130000114440918,3.2100000381469727,7900,0.0,0.0
2022-12-08 00:00:00-05:00,3.3480000495910645,3.430000066757202,3.25,3.390000104904175,27600,0.0,0.0
2022-12-09 00:00:00-05:00,3.3299999237060547,3.440000057220459,3.2200000286102295,3.259999990463257,11500,0.0,0.0
2022-12-12 00:00:00-05:00,3.2200000286102295,3.3399999141693115,3.200000047683716,3.240000009536743,4000,0.0,0.0
2022-12-13 00:00:00-05:00,3.2200000286102295,3.3519999980926514,3.200000047683716,3.255000114440918,19300,0.0,0.0
2022-12-14 00:00:00-05:00,3.2200000286102295,3.490000009536743,2.990000009536743,3.450000047683716,148300,0.0,0.0
2022-12-15 00:00:00-05:00,3.359999895095825,3.5,3.109999895095825,3.2799999713897705,31800,0.0,0.0
2022-12-16 00:00:00-05:00,3.1500000953674316,3.450000047683716,3.1500000953674316,3.2899999618530273,32400,0.0,0.0
2022-12-19 00:00:00-05:00,3.299999952316284,3.315000057220459,3.130000114440918,3.2799999713897705,7000,0.0,0.0
2022-12-20 00:00:00-05:00,3.2279999256134033,3.450000047683716,3.140000104904175,3.299999952316284,23400,0.0,0.0
2022-12-21 00:00:00-05:00,3.299999952316284,3.4700000286102295,3.1500000953674316,3.3499999046325684,22400,0.0,0.0
2022-12-22 00:00:00-05:00,3.309999942779541,3.5,3.2300000190734863,3.4000000953674316,31400,0.0,0.0
2022-12-23 00:00:00-05:00,3.440000057220459,3.450000047683716,3.200000047683716,3.4200000762939453,37200,0.0,0.0
2022-12-27 00:00:00-05:00,3.3399999141693115,3.5899999141693115,3.309999942779541,3.490000009536743,27900,0.0,0.0
2022-12-28 00:00:00-05:00,3.5399999618530273,3.5999999046325684,3.3299999237060547,3.450000047683716,52100,0.0,0.0
2022-12-29 00:00:00-05:00,3.3399999141693115,3.5299999713897705,3.3399999141693115,3.4000000953674316,37100,0.0,0.0
2022-12-30 00:00:00-05:00,3.3499999046325684,3.680000066757202,3.3399999141693115,3.569999933242798,101100,0.0,0.0
2023-01-03 00:00:00-05:00,3.559999942779541,3.569999933242798,3.430000066757202,3.549999952316284,22300,0.0,0.0
2023-01-04 00:00:00-05:00,3.4000000953674316,3.6549999713897705,3.4000000953674316,3.6500000953674316,15900,0.0,0.0
2023-01-05 00:00:00-05:00,3.5999999046325684,3.700000047683716,3.5,3.700000047683716,130700,0.0,0.0
2023-01-06 00:00:00-05:00,3.819999933242798,3.880000114440918,3.640000104904175,3.819999933242798,58500,0.0,0.0
2023-01-09 00:00:00-05:00,3.880000114440918,4.050000190734863,3.8299999237060547,3.950000047683716,60700,0.0,0.0
2023-01-10 00:00:00-05:00,3.875,4.175000190734863,3.8499999046325684,4.099999904632568,47000,0.0,0.0
2023-01-11 00:00:00-05:00,4.110000133514404,4.110000133514404,3.9100000858306885,4.019999980926514,26700,0.0,0.0
2023-01-12 00:00:00-05:00,3.950000047683716,4.130000114440918,3.5969998836517334,4.03000020980835,256700,0.0,0.0
2023-01-13 00:00:00-05:00,4.03000020980835,4.099999904632568,3.5199999809265137,3.6050000190734863,64600,0.0,0.0
2023-01-17 00:00:00-05:00,3.5399999618530273,3.9800000190734863,3.5399999618530273,3.9100000858306885,30700,0.0,0.0
2023-01-18 00:00:00-05:00,3.930000066757202,3.940000057220459,3.759999990463257,3.8499999046325684,15200,0.0,0.0
2023-01-19 00:00:00-05:00,3.8499999046325684,4.0,3.759999990463257,3.9100000858306885,28300,0.0,0.0
2023-01-20 00:00:00-05:00,3.9600000381469727,3.9600000381469727,3.7699999809265137,3.890000104904175,9700,0.0,0.0
2023-01-23 00:00:00-05:00,3.7200000286102295,3.869999885559082,3.7200000286102295,3.805000066757202,14500,0.0,0.0
2023-01-24 00:00:00-05:00,3.7699999809265137,3.940000057220459,3.75,3.7899999618530273,18100,0.0,0.0
2023-01-25 00:00:00-05:00,3.7200000286102295,3.990000009536743,3.680000066757202,3.880000114440918,7900,0.0,0.0
2023-01-26 00:00:00-05:00,3.9100000858306885,3.990000009536743,3.700000047683716,3.940000057220459,21800,0.0,0.0
2023-01-27 00:00:00-05:00,3.9800000190734863,3.990000009536743,3.7200000286102295,3.9100000858306885,80900,0.0,0.0
2023-01-30 00:00:00-05:00,4.0,4.0,3.8450000286102295,4.0,15000,0.0,0.0
2023-01-31 00:00:00-05:00,3.880000114440918,4.0,3.880000114440918,3.9800000190734863,73400,0.0,0.0
2023-02-01 00:00:00-05:00,3.990000009536743,4.099999904632568,3.9000000953674316,3.9000000953674316,35600,0.0,0.0
2023-02-02 00:00:00-05:00,3.940000057220459,3.9600000381469727,3.9089999198913574,3.9200000762939453,5800,0.0,0.0
2023-02-03 00:00:00-05:00,3.890000104904175,3.9600000381469727,3.7200000286102295,3.9000000953674316,16200,0.0,0.0
2023-02-06 00:00:00-05:00,3.9200000762939453,3.9800000190734863,3.7300000190734863,3.9200000762939453,16000,0.0,0.0
2023-02-07 00:00:00-05:00,3.880000114440918,3.990000009536743,3.819999933242798,3.940000057220459,19500,0.0,0.0
2023-02-08 00:00:00-05:00,3.799999952316284,3.9700000286102295,3.7899999618530273,3.9600000381469727,7300,0.0,0.0
2023-02-09 00:00:00-05:00,3.869999885559082,3.9700000286102295,3.75,3.9200000762939453,14400,0.0,0.0
2023-02-10 00:00:00-05:00,3.759999990463257,3.9700000286102295,3.75,3.819999933242798,33700,0.0,0.0
2023-02-13 00:00:00-05:00,3.809999942779541,3.9749999046325684,3.809999942779541,3.8399999141693115,22400,0.0,0.0
2023-02-14 00:00:00-05:00,3.8299999237060547,3.9800000190734863,3.809999942779541,3.890000104904175,7600,0.0,0.0
2023-02-15 00:00:00-05:00,3.9800000190734863,4.079999923706055,3.75,4.070000171661377,53800,0.0,0.0
2023-02-16 00:00:00-05:00,3.9800000190734863,4.150000095367432,3.9200000762939453,4.110000133514404,30400,0.0,0.0
2023-02-17 00:00:00-05:00,4.099999904632568,4.199999809265137,4.019999980926514,4.150000095367432,14000,0.0,0.0
2023-02-21 00:00:00-05:00,4.099999904632568,4.139999866485596,3.9600000381469727,3.990000009536743,19400,0.0,0.0
2023-02-22 00:00:00-05:00,4.013999938964844,4.179999828338623,3.890000104904175,3.9700000286102295,51100,0.0,0.0
2023-02-23 00:00:00-05:00,4.03000020980835,4.090000152587891,3.940000057220459,4.010000228881836,11300,0.0,0.0
2023-02-24 00:00:00-05:00,4.099999904632568,4.099999904632568,4.03000020980835,4.03000020980835,3000,0.0,0.0
2023-02-27 00:00:00-05:00,4.050000190734863,4.119999885559082,3.9730000495910645,4.119999885559082,10700,0.0,0.0
2023-02-28 00:00:00-05:00,4.110000133514404,4.199999809265137,4.045000076293945,4.170000076293945,9500,0.0,0.0
2023-03-01 00:00:00-05:00,4.119999885559082,4.260000228881836,4.079999923706055,4.230000019073486,29900,0.0,0.0
2023-03-02 00:00:00-05:00,4.119999885559082,4.170000076293945,3.9700000286102295,4.0,18400,0.0,0.0
2023-03-03 00:00:00-05:00,4.03000020980835,4.03000020980835,3.9000000953674316,3.9800000190734863,13200,0.0,0.0
2023-03-06 00:00:00-05:00,3.950000047683716,3.9800000190734863,3.859999895095825,3.9200000762939453,19500,0.0,0.0
2023-03-07 00:00:00-05:00,3.9210000038146973,3.9749999046325684,3.7799999713897705,3.9700000286102295,29000,0.0,0.0
2023-03-08 00:00:00-05:00,3.865000009536743,4.090000152587891,3.680000066757202,4.0,60900,0.0,0.0
2023-03-09 00:00:00-05:00,4.050000190734863,4.085000038146973,3.4200000762939453,3.5799999237060547,71700,0.0,0.0
2023-03-10 00:00:00-05:00,3.619999885559082,3.8499999046325684,3.569999933242798,3.7799999713897705,43600,0.0,0.0
2023-03-13 00:00:00-04:00,3.740000009536743,3.7950000762939453,3.5999999046325684,3.7899999618530273,10200,0.0,0.0
2023-03-14 00:00:00-04:00,3.759999990463257,4.0,3.759999990463257,3.7699999809265137,25900,0.0,0.0
2023-03-15 00:00:00-04:00,3.7799999713897705,3.930000066757202,3.740000009536743,3.8399999141693115,19200,0.0,0.0
2023-03-16 00:00:00-04:00,3.7799999713897705,3.8499999046325684,3.740000009536743,3.8299999237060547,5400,0.0,0.0
2023-03-17 00:00:00-04:00,3.759999990463257,3.8499999046325684,3.691999912261963,3.7799999713897705,29000,0.0,0.0
2023-03-20 00:00:00-04:00,3.7699999809265137,3.8399999141693115,3.680000066757202,3.7699999809265137,20400,0.0,0.0
2023-03-21 00:00:00-04:00,3.7799999713897705,3.950000047683716,3.690000057220459,3.880000114440918,26600,0.0,0.0
2023-03-22 00:00:00-04:00,3.8299999237060547,4.0,3.8299999237060547,3.9100000858306885,43500,0.0,0.0
2023-03-23 00:00:00-04:00,3.9100000858306885,4.099999904632568,3.9100000858306885,4.03000020980835,27500,0.0,0.0
2023-03-24 00:00:00-04:00,3.930000066757202,4.059999942779541,3.9200000762939453,4.019999980926514,61400,0.0,0.0
2023-03-27 00:00:00-04:00,3.869999885559082,4.25,3.8299999237060547,4.114999771118164,140800,0.0,0.0
2023-03-28 00:00:00-04:00,4.119999885559082,4.25,4.010000228881836,4.190000057220459,30400,0.0,0.0
2023-03-29 00:00:00-04:00,4.199999809265137,4.239999771118164,4.010000228881836,4.150000095367432,24400,0.0,0.0
2023-03-30 00:00:00-04:00,4.130000114440918,4.21999979019165,4.090000152587891,4.195000171661377,21600,0.0,0.0
2023-03-31 00:00:00-04:00,4.239999771118164,4.340000152587891,4.179999828338623,4.21999979019165,97100,0.0,0.0
2023-04-03 00:00:00-04:00,4.150000095367432,4.150000095367432,3.940000057220459,4.050000190734863,97200,0.0,0.0
2023-04-04 00:00:00-04:00,4.070000171661377,4.099999904632568,4.019999980926514,4.079999923706055,21400,0.0,0.0
2023-04-05 00:00:00-04:00,4.039999961853027,4.110000133514404,3.9600000381469727,4.03000020980835,35600,0.0,0.0
2023-04-06 00:00:00-04:00,4.010000228881836,4.099999904632568,4.010000228881836,4.03000020980835,31700,0.0,0.0
2023-04-10 00:00:00-04:00,4.0,4.099999904632568,3.9600000381469727,3.9700000286102295,51800,0.0,0.0
2023-04-11 00:00:00-04:00,4.019999980926514,4.070000171661377,3.990000009536743,4.039999961853027,77900,0.0,0.0
2023-04-12 00:00:00-04:00,4.03000020980835,4.078000068664551,3.950000047683716,4.0,60600,0.0,0.0
2023-04-13 00:00:00-04:00,4.019999980926514,4.099999904632568,3.990000009536743,4.010000228881836,59500,0.0,0.0
2023-04-14 00:00:00-04:00,4.019999980926514,4.03000020980835,3.990000009536743,4.0,106600,0.0,0.0
2023-04-17 00:00:00-04:00,4.0,4.0,3.8949999809265137,4.0,46900,0.0,0.0
2023-04-18 00:00:00-04:00,4.0,4.03000020980835,3.984999895095825,4.0,48700,0.0,0.0
2023-04-19 00:00:00-04:00,4.010000228881836,4.010000228881836,3.990000009536743,3.990000009536743,55600,0.0,0.0
2023-04-20 00:00:00-04:00,3.990000009536743,4.019999980926514,3.9519999027252197,4.019999980926514,78300,0.0,0.0
2023-04-21 00:00:00-04:00,4.0279998779296875,4.150000095367432,4.0,4.119999885559082,110800,0.0,0.0
2023-04-24 00:00:00-04:00,4.150000095367432,4.24399995803833,4.070000171661377,4.099999904632568,98400,0.0,0.0
2023-04-25 00:00:00-04:00,4.079999923706055,4.139999866485596,4.010000228881836,4.039999961853027,39500,0.0,0.0
2023-04-26 00:00:00-04:00,3.990000009536743,4.159999847412109,3.990000009536743,4.139999866485596,42400,0.0,0.0
2023-04-27 00:00:00-04:00,4.190000057220459,4.199999809265137,4.130000114440918,4.199999809265137,35300,0.0,0.0
2023-04-28 00:00:00-04:00,4.199999809265137,4.480000019073486,4.110000133514404,4.46999979019165,92400,0.0,0.0
2023-05-01 00:00:00-04:00,4.449999809265137,4.449999809265137,4.159999847412109,4.159999847412109,59700,0.0,0.0
2023-05-02 00:00:00-04:00,4.170000076293945,4.170000076293945,4.0,4.050000190734863,38500,0.0,0.0
2023-05-03 00:00:00-04:00,4.019999980926514,4.199999809265137,4.019999980926514,4.090000152587891,52200,0.0,0.0
2023-05-04 00:00:00-04:00,4.079999923706055,4.15500020980835,4.0,4.059999942779541,35600,0.0,0.0
2023-05-05 00:00:00-04:00,3.9000000953674316,4.050000190734863,3.9000000953674316,4.010000228881836,44600,0.0,0.0
2023-05-08 00:00:00-04:00,3.940000057220459,4.010000228881836,3.9000000953674316,3.9200000762939453,43800,0.0,0.0
2023-05-09 00:00:00-04:00,3.8499999046325684,3.934999942779541,3.700000047683716,3.809999942779541,49700,0.0,0.0
2023-05-10 00:00:00-04:00,3.8299999237060547,3.9600000381469727,3.7899999618530273,3.890000104904175,15600,0.0,0.0
2023-05-11 00:00:00-04:00,3.8299999237060547,4.019999980926514,3.8299999237060547,3.9600000381469727,17400,0.0,0.0
2023-05-12 00:00:00-04:00,3.9700000286102295,4.025000095367432,3.859999895095825,3.9600000381469727,20700,0.0,0.0
2023-05-15 00:00:00-04:00,3.930000066757202,4.0,3.869999885559082,3.9600000381469727,19900,0.0,0.0
2023-05-16 00:00:00-04:00,3.9800000190734863,4.019999980926514,3.9000000953674316,3.930000066757202,91500,0.0,0.0
2023-05-17 00:00:00-04:00,3.9200000762939453,3.9800000190734863,3.869999885559082,3.9800000190734863,22300,0.0,0.0
2023-05-18 00:00:00-04:00,3.9800000190734863,4.0,3.809999942779541,3.8399999141693115,89400,0.0,0.0
2023-05-19 00:00:00-04:00,3.880000114440918,4.0,3.7200000286102295,4.0,79000,0.0,0.0
2023-05-22 00:00:00-04:00,4.0,4.059999942779541,3.740000009536743,3.819999933242798,68200,0.0,0.0
2023-05-23 00:00:00-04:00,3.819999933242798,3.869999885559082,3.7200000286102295,3.7200000286102295,21800,0.0,0.0
2023-05-24 00:00:00-04:00,3.619999885559082,3.8299999237060547,3.609999895095825,3.6600000858306885,35500,0.0,0.0
2023-05-25 00:00:00-04:00,3.6700000762939453,3.7699999809265137,3.609999895095825,3.630000114440918,35600,0.0,0.0
2023-05-26 00:00:00-04:00,3.640000104904175,3.7699999809265137,3.640000104904175,3.700000047683716,14000,0.0,0.0
2023-05-30 00:00:00-04:00,3.640000104904175,3.744999885559082,3.640000104904175,3.6600000858306885,14200,0.0,0.0
2023-05-31 00:00:00-04:00,3.630000114440918,3.690000057220459,3.630000114440918,3.6649999618530273,11600,0.0,0.0
2023-06-01 00:00:00-04:00,3.6700000762939453,3.740000009536743,3.611999988555908,3.6700000762939453,19100,0.0,0.0
2023-06-02 00:00:00-04:00,3.7100000381469727,4.03000020980835,3.7100000381469727,4.0,37000,0.0,0.0
2023-06-05 00:00:00-04:00,3.990000009536743,4.0,3.890000104904175,3.9000000953674316,14700,0.0,0.0
2023-06-06 00:00:00-04:00,3.880000114440918,3.990000009536743,3.8399999141693115,3.930000066757202,38400,0.0,0.0
2023-06-07 00:00:00-04:00,3.9200000762939453,4.059999942779541,3.9200000762939453,4.019999980926514,70900,0.0,0.0
2023-06-08 00:00:00-04:00,4.019999980926514,4.065000057220459,3.990000009536743,4.039999961853027,91600,0.0,0.0
2023-06-09 00:00:00-04:00,4.0,4.079999923706055,3.9600000381469727,4.0,39300,0.0,0.0
2023-06-12 00:00:00-04:00,3.9600000381469727,4.079999923706055,3.930000066757202,3.940000057220459,155700,0.0,0.0
2023-06-13 00:00:00-04:00,3.9200000762939453,4.079999923706055,3.9000000953674316,4.039999961853027,222000,0.0,0.0
2023-06-14 00:00:00-04:00,3.950000047683716,4.295000076293945,3.950000047683716,4.090000152587891,181200,0.0,0.0
2023-06-15 00:00:00-04:00,4.050000190734863,4.130000114440918,3.9700000286102295,4.039999961853027,114600,0.0,0.0
2023-06-16 00:00:00-04:00,4.090000152587891,4.21999979019165,3.740000009536743,3.740000009536743,305700,0.0,0.0
2023-06-20 00:00:00-04:00,3.8499999046325684,3.990000009536743,3.8499999046325684,3.890000104904175,114600,0.0,0.0
2023-06-21 00:00:00-04:00,3.950000047683716,4.0,3.8350000381469727,3.9700000286102295,165700,0.0,0.0
2023-06-22 00:00:00-04:00,4.019999980926514,4.090000152587891,3.9800000190734863,4.0,185200,0.0,0.0
2023-06-23 00:00:00-04:00,4.03000020980835,4.03000020980835,3.640000104904175,3.640000104904175,3777900,0.0,0.0
2023-06-26 00:00:00-04:00,3.619999885559082,3.8299999237060547,3.5,3.619999885559082,297100,0.0,0.0
2023-06-27 00:00:00-04:00,3.6500000953674316,3.819999933242798,3.5199999809265137,3.5999999046325684,303200,0.0,0.0
2023-06-28 00:00:00-04:00,3.609999895095825,3.700000047683716,3.4600000381469727,3.4700000286102295,172100,0.0,0.0
2023-06-29 00:00:00-04:00,3.5,3.630000114440918,3.490000009536743,3.549999952316284,73000,0.0,0.0
2023-06-30 00:00:00-04:00,3.559999942779541,3.559999942779541,3.4000000953674316,3.450000047683716,93600,0.0,0.0
2023-07-03 00:00:00-04:00,3.440000057220459,3.5399999618530273,3.4200000762939453,3.5199999809265137,60300,0.0,0.0
2023-07-05 00:00:00-04:00,3.4700000286102295,3.549999952316284,3.4200000762939453,3.4700000286102295,58300,0.0,0.0
2023-07-06 00:00:00-04:00,3.450000047683716,3.4800000190734863,3.390000104904175,3.4200000762939453,145700,0.0,0.0
2023-07-07 00:00:00-04:00,3.4100000858306885,3.434999942779541,3.309999942779541,3.3299999237060547,108500,0.0,0.0
2023-07-10 00:00:00-04:00,3.3299999237060547,3.3299999237060547,3.200000047683716,3.240000009536743,107300,0.0,0.0
2023-07-11 00:00:00-04:00,3.25,3.25,3.0299999713897705,3.0999999046325684,92000,0.0,0.0
2023-07-12 00:00:00-04:00,3.119999885559082,3.1600000858306885,3.0,3.0799999237060547,69600,0.0,0.0
2023-07-13 00:00:00-04:00,3.0799999237060547,3.0799999237060547,2.930000066757202,2.950000047683716,163400,0.0,0.0
2023-07-14 00:00:00-04:00,2.9800000190734863,2.999000072479248,2.890000104904175,2.9100000858306885,92200,0.0,0.0
2023-07-17 00:00:00-04:00,2.9000000953674316,2.930000066757202,2.819999933242798,2.8399999141693115,74600,0.0,0.0
2023-07-18 00:00:00-04:00,2.8399999141693115,2.8499999046325684,2.7320001125335693,2.7699999809265137,85800,0.0,0.0
2023-07-19 00:00:00-04:00,2.740000009536743,2.799999952316284,2.700000047683716,2.7799999713897705,68700,0.0,0.0
2023-07-20 00:00:00-04:00,2.799999952316284,2.9800000190734863,2.799999952316284,2.940000057220459,125100,0.0,0.0
2023-07-21 00:00:00-04:00,2.9700000286102295,2.9800000190734863,2.890000104904175,2.930000066757202,64000,0.0,0.0
2023-07-24 00:00:00-04:00,2.930000066757202,2.940000057220459,2.7799999713897705,2.8399999141693115,71600,0.0,0.0
2023-07-25 00:00:00-04:00,2.8499999046325684,2.8499999046325684,2.690000057220459,2.7249999046325684,70700,0.0,0.0
2023-07-26 00:00:00-04:00,2.7100000381469727,2.799999952316284,2.7100000381469727,2.75,100100,0.0,0.0
2023-07-27 00:00:00-04:00,2.7200000286102295,2.7200000286102295,2.625,2.640000104904175,57700,0.0,0.0
2023-07-28 00:00:00-04:00,2.680000066757202,2.690000057220459,2.6050000190734863,2.6600000858306885,23900,0.0,0.0
2023-07-31 00:00:00-04:00,2.6500000953674316,2.680000066757202,2.5899999141693115,2.5999999046325684,64100,0.0,0.0
2023-08-01 00:00:00-04:00,2.609999895095825,2.609999895095825,2.4700000286102295,2.5450000762939453,39900,0.0,0.0
2023-08-02 00:00:00-04:00,2.5199999809265137,2.549999952316284,2.4800000190734863,2.4800000190734863,76000,0.0,0.0
2023-08-03 00:00:00-04:00,2.4700000286102295,2.5799999237060547,2.4000000953674316,2.549999952316284,778700,0.0,0.0
2023-08-04 00:00:00-04:00,2.549999952316284,2.5999999046325684,2.4700000286102295,2.5299999713897705,80800,0.0,0.0
2023-08-07 00:00:00-04:00,2.5399999618530273,2.5399999618530273,2.430000066757202,2.4600000381469727,143500,0.0,0.0
2023-08-08 00:00:00-04:00,2.4700000286102295,2.4700000286102295,2.369999885559082,2.440000057220459,73200,0.0,0.0
2023-08-09 00:00:00-04:00,2.4100000858306885,2.430000066757202,2.3350000381469727,2.369999885559082,92100,0.0,0.0
2023-08-10 00:00:00-04:00,2.259999990463257,2.5299999713897705,2.200000047683716,2.4700000286102295,92900,0.0,0.0
2023-08-11 00:00:00-04:00,2.4600000381469727,2.5299999713897705,2.4100000858306885,2.509999990463257,40800,0.0,0.0
2023-08-14 00:00:00-04:00,2.5199999809265137,2.5799999237060547,2.496000051498413,2.569999933242798,31800,0.0,0.0
2023-08-15 00:00:00-04:00,2.5899999141693115,2.6700000762939453,2.509999990463257,2.549999952316284,43200,0.0,0.0
2023-08-16 00:00:00-04:00,2.5799999237060547,2.6700000762939453,2.509999990463257,2.5799999237060547,73200,0.0,0.0
2023-08-17 00:00:00-04:00,2.5999999046325684,2.75,2.5299999713897705,2.5799999237060547,77100,0.0,0.0
2023-08-18 00:00:00-04:00,2.569999933242798,2.5899999141693115,2.4700000286102295,2.559999942779541,142300,0.0,0.0
2023-08-21 00:00:00-04:00,2.5,2.7200000286102295,2.5,2.6500000953674316,63500,0.0,0.0
2023-08-22 00:00:00-04:00,2.6600000858306885,2.6600000858306885,2.509999990463257,2.569999933242798,42600,0.0,0.0
2023-08-23 00:00:00-04:00,2.609999895095825,2.690000057220459,2.569999933242798,2.6700000762939453,45100,0.0,0.0
2023-08-24 00:00:00-04:00,2.680000066757202,2.7100000381469727,2.619999885559082,2.700000047683716,45700,0.0,0.0
2023-08-25 00:00:00-04:00,2.690000057220459,2.7750000953674316,2.559999942779541,2.5899999141693115,67400,0.0,0.0
2023-08-28 00:00:00-04:00,2.609999895095825,2.614000082015991,2.509999990463257,2.549999952316284,39000,0.0,0.0
2023-08-29 00:00:00-04:00,2.559999942779541,2.7100000381469727,2.5399999618530273,2.690000057220459,52900,0.0,0.0
2023-08-30 00:00:00-04:00,2.700000047683716,2.7890000343322754,2.690000057220459,2.700000047683716,27400,0.0,0.0
2023-08-31 00:00:00-04:00,2.690000057220459,2.7699999809265137,2.5999999046325684,2.619999885559082,72300,0.0,0.0
2023-09-01 00:00:00-04:00,2.630000114440918,2.6700000762939453,2.5199999809265137,2.619999885559082,60300,0.0,0.0
2023-09-05 00:00:00-04:00,2.619999885559082,2.630000114440918,2.5399999618530273,2.549999952316284,33100,0.0,0.0
2023-09-06 00:00:00-04:00,2.5899999141693115,2.5899999141693115,2.440000057220459,2.5199999809265137,40800,0.0,0.0
2023-09-07 00:00:00-04:00,2.5799999237060547,2.740000009536743,2.5399999618530273,2.634999990463257,66300,0.0,0.0
2023-09-08 00:00:00-04:00,2.5899999141693115,2.630000114440918,2.5299999713897705,2.5799999237060547,29200,0.0,0.0
2023-09-11 00:00:00-04:00,2.5899999141693115,2.700000047683716,2.569999933242798,2.609999895095825,33100,0.0,0.0
2023-09-12 00:00:00-04:00,2.640000104904175,2.640000104904175,2.559999942779541,2.5999999046325684,16000,0.0,0.0
2023-09-13 00:00:00-04:00,2.640000104904175,2.640000104904175,2.5299999713897705,2.5399999618530273,42000,0.0,0.0
2023-09-14 00:00:00-04:00,2.5299999713897705,2.690000057220459,2.5299999713897705,2.684999942779541,40600,0.0,0.0
2023-09-15 00:00:00-04:00,2.6700000762939453,2.7200000286102295,2.5299999713897705,2.6600000858306885,282800,0.0,0.0
2023-09-18 00:00:00-04:00,2.640000104904175,2.7100000381469727,2.5799999237060547,2.6600000858306885,29200,0.0,0.0
2023-09-19 00:00:00-04:00,2.619999885559082,2.880000114440918,2.609999895095825,2.8299999237060547,40900,0.0,0.0
2023-09-20 00:00:00-04:00,2.8399999141693115,3.109999895095825,2.8399999141693115,3.0799999237060547,79700,0.0,0.0
2023-09-21 00:00:00-04:00,3.055000066757202,3.119999885559082,2.9000000953674316,2.9149999618530273,53900,0.0,0.0
2023-09-22 00:00:00-04:00,2.9200000762939453,2.9200000762939453,2.7699999809265137,2.799999952316284,31700,0.0,0.0
2023-09-25 00:00:00-04:00,2.75,2.8299999237060547,2.7100000381469727,2.7899999618530273,30600,0.0,0.0
2023-09-26 00:00:00-04:00,2.759999990463257,2.8299999237060547,2.690000057220459,2.740000009536743,24900,0.0,0.0
2023-09-27 00:00:00-04:00,2.759999990463257,2.859999895095825,2.697999954223633,2.759999990463257,27200,0.0,0.0
2023-09-28 00:00:00-04:00,2.7799999713897705,2.8499999046325684,2.690000057220459,2.7799999713897705,38100,0.0,0.0
2023-09-29 00:00:00-04:00,2.799999952316284,2.819999933242798,2.6500000953674316,2.700000047683716,42500,0.0,0.0
2023-10-02 00:00:00-04:00,2.690000057220459,2.9100000858306885,2.565000057220459,2.5899999141693115,53900,0.0,0.0
2023-10-03 00:00:00-04:00,2.569999933242798,2.8459999561309814,2.558000087738037,2.609999895095825,39700,0.0,0.0
2023-10-04 00:00:00-04:00,2.6600000858306885,2.7899999618530273,2.6500000953674316,2.680000066757202,43700,0.0,0.0
2023-10-05 00:00:00-04:00,2.7200000286102295,2.7899999618530273,2.569999933242798,2.630000114440918,66100,0.0,0.0
2023-10-06 00:00:00-04:00,2.619999885559082,2.6659998893737793,2.4600000381469727,2.5899999141693115,75200,0.0,0.0
2023-10-09 00:00:00-04:00,2.5899999141693115,2.75,2.549999952316284,2.7200000286102295,30200,0.0,0.0
2023-10-10 00:00:00-04:00,2.680000066757202,2.819999933242798,2.674999952316284,2.7699999809265137,62800,0.0,0.0
2023-10-11 00:00:00-04:00,2.75,2.799999952316284,2.640000104904175,2.690000057220459,25500,0.0,0.0
2023-10-12 00:00:00-04:00,2.5999999046325684,2.640000104904175,2.5899999141693115,2.609999895095825,23400,0.0,0.0
2023-10-13 00:00:00-04:00,2.6600000858306885,2.6600000858306885,2.5199999809265137,2.5899999141693115,50800,0.0,0.0
2023-10-16 00:00:00-04:00,2.640000104904175,2.7799999713897705,2.630000114440918,2.700000047683716,59600,0.0,0.0
2023-10-17 00:00:00-04:00,2.680000066757202,2.9200000762939453,2.680000066757202,2.759999990463257,75800,0.0,0.0
2023-10-18 00:00:00-04:00,2.7799999713897705,2.7799999713897705,2.5899999141693115,2.5999999046325684,18100,0.0,0.0
2023-10-19 00:00:00-04:00,2.5999999046325684,2.630000114440918,2.4700000286102295,2.4800000190734863,104900,0.0,0.0
2023-10-20 00:00:00-04:00,2.4800000190734863,2.549999952316284,2.3299999237060547,2.359999895095825,63500,0.0,0.0
2023-10-23 00:00:00-04:00,2.369999885559082,2.5,2.309999942779541,2.390000104904175,20200,0.0,0.0
2023-10-24 00:00:00-04:00,2.3949999809265137,2.440000057220459,2.3399999141693115,2.430000066757202,58400,0.0,0.0
2023-10-25 00:00:00-04:00,2.4200000762939453,2.5199999809265137,2.3949999809265137,2.4700000286102295,32800,0.0,0.0
2023-10-26 00:00:00-04:00,2.4600000381469727,2.5,2.319999933242798,2.3499999046325684,47800,0.0,0.0
2023-10-27 00:00:00-04:00,2.380000114440918,2.390000104904175,2.2699999809265137,2.309999942779541,24300,0.0,0.0
2023-10-30 00:00:00-04:00,2.3299999237060547,2.390000104904175,2.240000009536743,2.319999933242798,48800,0.0,0.0
2023-10-31 00:00:00-04:00,2.359999895095825,2.359999895095825,2.2200000286102295,2.2699999809265137,63800,0.0,0.0
2023-11-01 00:00:00-04:00,2.259999990463257,2.2899999618530273,2.180000066757202,2.240000009536743,26400,0.0,0.0
2023-11-02 00:00:00-04:00,2.2699999809265137,2.309999942779541,2.180000066757202,2.2699999809265137,48600,0.0,0.0
2023-11-03 00:00:00-04:00,2.299999952316284,2.319999933242798,2.200000047683716,2.2300000190734863,56000,0.0,0.0
2023-11-06 00:00:00-05:00,2.2799999713897705,2.309999942779541,2.1500000953674316,2.2100000381469727,50200,0.0,0.0
2023-11-07 00:00:00-05:00,2.200000047683716,2.3299999237060547,2.1600000858306885,2.309999942779541,200200,0.0,0.0
2023-11-08 00:00:00-05:00,2.369999885559082,2.390000104904175,2.1500000953674316,2.190000057220459,112100,0.0,0.0
2023-11-09 00:00:00-05:00,2.109999895095825,2.193000078201294,2.0,2.0299999713897705,102400,0.0,0.0
2023-11-10 00:00:00-05:00,2.049999952316284,2.1700000762939453,2.009999990463257,2.140000104904175,78000,0.0,0.0
2023-11-13 00:00:00-05:00,2.119999885559082,2.1659998893737793,2.0999999046325684,2.119999885559082,44700,0.0,0.0
2023-11-14 00:00:00-05:00,2.1700000762939453,2.3299999237060547,2.0199999809265137,2.299999952316284,70900,0.0,0.0
2023-11-15 00:00:00-05:00,2.2799999713897705,2.319999933242798,2.1500000953674316,2.1700000762939453,39200,0.0,0.0
2023-11-16 00:00:00-05:00,2.2200000286102295,2.2699999809265137,2.059999942779541,2.200000047683716,76700,0.0,0.0
2023-11-17 00:00:00-05:00,2.140000104904175,2.4100000858306885,2.0799999237060547,2.2799999713897705,226100,0.0,0.0
2023-11-20 00:00:00-05:00,2.2699999809265137,2.313999891281128,2.2200000286102295,2.2799999713897705,27900,0.0,0.0
2023-11-21 00:00:00-05:00,2.2100000381469727,2.4100000858306885,2.2100000381469727,2.25,49500,0.0,0.0
2023-11-22 00:00:00-05:00,2.2899999618530273,2.309999942779541,2.244999885559082,2.2899999618530273,49300,0.0,0.0
2023-11-24 00:00:00-05:00,2.319999933242798,2.359999895095825,2.2699999809265137,2.299999952316284,30800,0.0,0.0
2023-11-27 00:00:00-05:00,2.319999933242798,2.359999895095825,2.299999952316284,2.309999942779541,76500,0.0,0.0
2023-11-28 00:00:00-05:00,2.299999952316284,2.3350000381469727,2.25,2.259999990463257,29300,0.0,0.0
2023-11-29 00:00:00-05:00,2.25,2.3340001106262207,2.2100000381469727,2.2950000762939453,47200,0.0,0.0
2023-11-30 00:00:00-05:00,2.2899999618530273,2.3299999237060547,2.109999895095825,2.259999990463257,62200,0.0,0.0
2023-12-01 00:00:00-05:00,2.259999990463257,2.3299999237060547,2.180000066757202,2.2899999618530273,56800,0.0,0.0
2023-12-04 00:00:00-05:00,2.2899999618530273,2.4100000858306885,2.2200000286102295,2.369999885559082,31300,0.0,0.0
2023-12-05 00:00:00-05:00,2.359999895095825,2.390000104904175,2.2699999809265137,2.309999942779541,48800,0.0,0.0
2023-12-06 00:00:00-05:00,2.319999933242798,2.319999933242798,2.259999990463257,2.2799999713897705,23100,0.0,0.0
2023-12-07 00:00:00-05:00,2.2899999618530273,2.380000114440918,2.2699999809265137,2.359999895095825,38100,0.0,0.0
2023-12-08 00:00:00-05:00,2.3889999389648438,2.4700000286102295,2.309999942779541,2.384999990463257,34200,0.0,0.0
2023-12-11 00:00:00-05:00,2.390000104904175,2.390000104904175,2.2300000190734863,2.299999952316284,57500,0.0,0.0
2023-12-12 00:00:00-05:00,2.2200000286102295,2.3499999046325684,2.2200000286102295,2.319999933242798,23500,0.0,0.0
2023-12-13 00:00:00-05:00,2.319999933242798,2.430000066757202,2.1600000858306885,2.4000000953674316,166500,0.0,0.0
2023-12-14 00:00:00-05:00,2.4200000762939453,2.559999942779541,2.3499999046325684,2.4000000953674316,78500,0.0,0.0
2023-12-15 00:00:00-05:00,2.5399999618530273,2.5399999618530273,2.2100000381469727,2.359999895095825,246600,0.0,0.0
2023-12-18 00:00:00-05:00,2.4600000381469727,2.4600000381469727,2.1700000762939453,2.2799999713897705,89100,0.0,0.0
2023-12-19 00:00:00-05:00,2.2200000286102295,2.430000066757202,2.2200000286102295,2.4000000953674316,74400,0.0,0.0
2023-12-20 00:00:00-05:00,2.430000066757202,2.490000009536743,2.299999952316284,2.309999942779541,87700,0.0,0.0
2023-12-21 00:00:00-05:00,2.3499999046325684,2.4200000762939453,2.299999952316284,2.4000000953674316,56100,0.0,0.0
2023-12-22 00:00:00-05:00,2.4100000858306885,2.4100000858306885,2.299999952316284,2.380000114440918,51800,0.0,0.0
2023-12-26 00:00:00-05:00,2.4000000953674316,2.450000047683716,2.3299999237060547,2.430000066757202,45200,0.0,0.0
2023-12-27 00:00:00-05:00,2.5199999809265137,2.5199999809265137,2.3519999980926514,2.450000047683716,51400,0.0,0.0
2023-12-28 00:00:00-05:00,2.450000047683716,2.450000047683716,2.200000047683716,2.309999942779541,217600,0.0,0.0
2023-12-29 00:00:00-05:00,2.2899999618530273,2.4600000381469727,2.2799999713897705,2.4549999237060547,126000,0.0,0.0
2024-01-02 00:00:00-05:00,2.450000047683716,2.450000047683716,2.319999933242798,2.380000114440918,90100,0.0,0.0
2024-01-03 00:00:00-05:00,2.4000000953674316,2.446000099182129,2.2100000381469727,2.2300000190734863,231600,0.0,0.0
2024-01-04 00:00:00-05:00,2.259999990463257,2.259999990463257,2.1500000953674316,2.1500000953674316,82400,0.0,0.0
2024-01-05 00:00:00-05:00,2.1600000858306885,2.246999979019165,2.140000104904175,2.2100000381469727,177800,0.0,0.0
2024-01-08 00:00:00-05:00,2.2300000190734863,2.240000009536743,2.1700000762939453,2.2300000190734863,53000,0.0,0.0
2024-01-09 00:00:00-05:00,2.2100000381469727,2.25,2.2049999237060547,2.2200000286102295,79500,0.0,0.0
2024-01-10 00:00:00-05:00,2.200000047683716,2.2100000381469727,2.177000045776367,2.2100000381469727,68200,0.0,0.0
2024-01-11 00:00:00-05:00,2.2219998836517334,2.2219998836517334,2.130000114440918,2.1500000953674316,165800,0.0,0.0
2024-01-12 00:00:00-05:00,2.190000057220459,2.200000047683716,2.1500000953674316,2.1500000953674316,39800,0.0,0.0
2024-01-16 00:00:00-05:00,2.119999885559082,2.140000104904175,2.109999895095825,2.119999885559082,60400,0.0,0.0
2024-01-17 00:00:00-05:00,2.0999999046325684,2.119999885559082,2.061000108718872,2.0999999046325684,48500,0.0,0.0
2024-01-18 00:00:00-05:00,2.0999999046325684,2.0999999046325684,2.069999933242798,2.069999933242798,46800,0.0,0.0
2024-01-19 00:00:00-05:00,2.0899999141693115,2.0899999141693115,2.049999952316284,2.069999933242798,43400,0.0,0.0
2024-01-22 00:00:00-05:00,2.0799999237060547,2.1500000953674316,2.069999933242798,2.119999885559082,53600,0.0,0.0
2024-01-23 00:00:00-05:00,2.1500000953674316,2.1600000858306885,2.059999942779541,2.0999999046325684,98800,0.0,0.0
2024-01-24 00:00:00-05:00,2.119999885559082,2.140000104904175,2.059999942779541,2.109999895095825,68600,0.0,0.0
2024-01-25 00:00:00-05:00,2.1500000953674316,2.1500000953674316,2.0799999237060547,2.119999885559082,41600,0.0,0.0
2024-01-26 00:00:00-05:00,2.140000104904175,2.140000104904175,2.059999942779541,2.109999895095825,39200,0.0,0.0
2024-01-29 00:00:00-05:00,2.0899999141693115,2.1549999713897705,2.069999933242798,2.119999885559082,47600,0.0,0.0
2024-01-30 00:00:00-05:00,2.0999999046325684,2.140000104904175,2.069999933242798,2.0999999046325684,106900,0.0,0.0
2024-01-31 00:00:00-05:00,2.0999999046325684,2.130000114440918,2.0799999237060547,2.0799999237060547,53000,0.0,0.0
2024-02-01 00:00:00-05:00,2.0,2.1700000762939453,1.9780000448226929,2.109999895095825,135300,0.0,0.0
2024-02-02 00:00:00-05:00,2.0799999237060547,2.1700000762939453,2.0799999237060547,2.140000104904175,40200,0.0,0.0
2024-02-05 00:00:00-05:00,2.130000114440918,2.1700000762939453,2.130000114440918,2.1500000953674316,53300,0.0,0.0
2024-02-06 00:00:00-05:00,2.140000104904175,2.180000066757202,2.130000114440918,2.134999990463257,33600,0.0,0.0
2024-02-07 00:00:00-05:00,2.1600000858306885,2.1600000858306885,2.049999952316284,2.049999952316284,44600,0.0,0.0
2024-02-08 00:00:00-05:00,2.059999942779541,2.130000114440918,2.049999952316284,2.109999895095825,66500,0.0,0.0
2024-02-09 00:00:00-05:00,2.119999885559082,2.1700000762939453,2.0999999046325684,2.119999885559082,57700,0.0,0.0
2024-02-12 00:00:00-05:00,2.140000104904175,2.190000057220459,2.0899999141693115,2.1600000858306885,83200,0.0,0.0
2024-02-13 00:00:00-05:00,2.0999999046325684,2.25,2.0999999046325684,2.1500000953674316,106200,0.0,0.0
2024-02-14 00:00:00-05:00,2.1700000762939453,2.2799999713897705,2.1700000762939453,2.2699999809265137,48100,0.0,0.0
2024-02-15 00:00:00-05:00,2.2699999809265137,2.2699999809265137,2.190000057220459,2.2100000381469727,110100,0.0,0.0
2024-02-16 00:00:00-05:00,2.2100000381469727,2.2899999618530273,2.1500000953674316,2.1500000953674316,53700,0.0,0.0
2024-02-20 00:00:00-05:00,2.1500000953674316,2.200000047683716,2.0399999618530273,2.109999895095825,180400,0.0,0.0
2024-02-21 00:00:00-05:00,2.1010000705718994,2.140000104904175,2.069999933242798,2.069999933242798,34200,0.0,0.0
2024-02-22 00:00:00-05:00,2.0799999237060547,2.0999999046325684,2.0299999713897705,2.0799999237060547,95400,0.0,0.0
2024-02-23 00:00:00-05:00,2.0399999618530273,2.109999895095825,2.0399999618530273,2.0999999046325684,118900,0.0,0.0
2024-02-26 00:00:00-05:00,2.0399999618530273,2.119999885559082,2.009999990463257,2.049999952316284,46800,0.0,0.0
2024-02-27 00:00:00-05:00,2.049999952316284,2.130000114440918,2.0299999713897705,2.109999895095825,63900,0.0,0.0
2024-02-28 00:00:00-05:00,2.0999999046325684,2.2200000286102295,2.0999999046325684,2.140000104904175,36200,0.0,0.0
2024-02-29 00:00:00-05:00,2.180000066757202,2.200000047683716,2.119999885559082,2.119999885559082,59100,0.0,0.0
2024-03-01 00:00:00-05:00,2.1500000953674316,2.1700000762939453,2.109999895095825,2.109999895095825,63400,0.0,0.0
2024-03-04 00:00:00-05:00,2.140000104904175,2.1449999809265137,2.049999952316284,2.0999999046325684,37700,0.0,0.0
2024-03-05 00:00:00-05:00,2.0999999046325684,2.1429998874664307,2.0399999618530273,2.0399999618530273,43400,0.0,0.0
2024-03-06 00:00:00-05:00,2.109999895095825,2.180000066757202,2.0850000381469727,2.1500000953674316,67000,0.0,0.0
2024-03-07 00:00:00-05:00,2.180000066757202,2.2070000171661377,2.0899999141693115,2.1700000762939453,39500,0.0,0.0
2024-03-08 00:00:00-05:00,2.2100000381469727,2.2200000286102295,2.115999937057495,2.2100000381469727,36200,0.0,0.0
2024-03-11 00:00:00-04:00,2.190000057220459,2.2100000381469727,2.059999942779541,2.0999999046325684,42300,0.0,0.0
2024-03-12 00:00:00-04:00,2.109999895095825,2.130000114440918,2.049999952316284,2.0999999046325684,52800,0.0,0.0
2024-03-13 00:00:00-04:00,2.119999885559082,2.140000104904175,2.059999942779541,2.119999885559082,58500,0.0,0.0
2024-03-14 00:00:00-04:00,2.200000047683716,2.2799999713897705,2.119999885559082,2.190000057220459,278900,0.0,0.0
2024-03-15 00:00:00-04:00,2.1500000953674316,2.3499999046325684,2.1500000953674316,2.200000047683716,324700,0.0,0.0
2024-03-18 00:00:00-04:00,2.200000047683716,2.2899999618530273,2.0399999618530273,2.0799999237060547,207600,0.0,0.0
2024-03-19 00:00:00-04:00,2.0999999046325684,2.119999885559082,2.049999952316284,2.059999942779541,113400,0.0,0.0
2024-03-20 00:00:00-04:00,2.0799999237060547,2.3299999237060547,2.059999942779541,2.299999952316284,108600,0.0,0.0
2024-03-21 00:00:00-04:00,2.299999952316284,2.3499999046325684,2.134000062942505,2.1500000953674316,86200,0.0,0.0
2024-03-22 00:00:00-04:00,2.1500000953674316,2.2300000190734863,2.0999999046325684,2.0999999046325684,71700,0.0,0.0
2024-03-25 00:00:00-04:00,2.130000114440918,2.2699999809265137,2.109999895095825,2.200000047683716,142800,0.0,0.0
2024-03-26 00:00:00-04:00,2.2300000190734863,2.3299999237060547,2.128000020980835,2.1500000953674316,105500,0.0,0.0
2024-03-27 00:00:00-04:00,2.180000066757202,2.2799999713897705,2.130000114440918,2.2750000953674316,411800,0.0,0.0
2024-03-28 00:00:00-04:00,2.25,2.490000009536743,2.25,2.359999895095825,239500,0.0,0.0
2024-04-01 00:00:00-04:00,2.3499999046325684,2.4100000858306885,2.319999933242798,2.4000000953674316,357700,0.0,0.0
2024-04-02 00:00:00-04:00,2.359999895095825,2.4000000953674316,2.3399999141693115,2.369999885559082,148200,0.0,0.0
2024-04-03 00:00:00-04:00,2.359999895095825,2.490000009536743,2.359999895095825,2.430000066757202,159100,0.0,0.0
2024-04-04 00:00:00-04:00,2.390000104904175,2.549999952316284,2.390000104904175,2.490000009536743,69200,0.0,0.0
2024-04-05 00:00:00-04:00,2.5199999809265137,2.7060000896453857,2.4049999713897705,2.490000009536743,58600,0.0,0.0
2024-04-08 00:00:00-04:00,2.490000009536743,2.505000114440918,2.450000047683716,2.4649999141693115,53800,0.0,0.0
2024-04-09 00:00:00-04:00,2.490000009536743,2.549999952316284,2.2799999713897705,2.319999933242798,66100,0.0,0.0
2024-04-10 00:00:00-04:00,2.2699999809265137,2.4000000953674316,2.119999885559082,2.140000104904175,62400,0.0,0.0
2024-04-11 00:00:00-04:00,2.140000104904175,2.2899999618530273,2.072000026702881,2.2300000190734863,94200,0.0,0.0
2024-04-12 00:00:00-04:00,2.200000047683716,2.240000009536743,2.0799999237060547,2.0799999237060547,61100,0.0,0.0
2024-04-15 00:00:00-04:00,2.0799999237060547,2.1700000762939453,2.049999952316284,2.0799999237060547,107300,0.0,0.0
2024-04-16 00:00:00-04:00,2.049999952316284,2.180000066757202,2.049999952316284,2.1500000953674316,97900,0.0,0.0
2024-04-17 00:00:00-04:00,2.0999999046325684,2.190000057220459,2.069999933242798,2.119999885559082,139600,0.0,0.0
2024-04-18 00:00:00-04:00,2.130000114440918,2.1500000953674316,2.049999952316284,2.059999942779541,61300,0.0,0.0
2024-04-19 00:00:00-04:00,2.049999952316284,2.1700000762939453,2.049999952316284,2.0799999237060547,59100,0.0,0.0
2024-04-22 00:00:00-04:00,2.0799999237060547,2.1700000762939453,2.059999942779541,2.130000114440918,72500,0.0,0.0
2024-04-23 00:00:00-04:00,2.130000114440918,2.2200000286102295,2.0799999237060547,2.140000104904175,84100,0.0,0.0
2024-04-24 00:00:00-04:00,2.140000104904175,2.2699999809265137,2.130000114440918,2.200000047683716,80900,0.0,0.0
2024-04-25 00:00:00-04:00,2.200000047683716,2.2300000190734863,2.1700000762939453,2.190000057220459,50600,0.0,0.0
2024-04-26 00:00:00-04:00,2.2200000286102295,2.2200000286102295,2.119999885559082,2.190000057220459,91200,0.0,0.0
2024-04-29 00:00:00-04:00,2.2100000381469727,2.2300000190734863,2.180000066757202,2.2300000190734863,50300,0.0,0.0
2024-04-30 00:00:00-04:00,2.2300000190734863,2.299999952316284,2.1600000858306885,2.1700000762939453,74900,0.0,0.0
2024-05-01 00:00:00-04:00,2.2100000381469727,2.25,2.109999895095825,2.25,316300,0.0,0.0
2024-05-02 00:00:00-04:00,2.2699999809265137,2.4800000190734863,2.2699999809265137,2.380000114440918,90700,0.0,0.0
2024-05-03 00:00:00-04:00,2.4000000953674316,2.440000057220459,2.2699999809265137,2.319999933242798,52300,0.0,0.0
2024-05-06 00:00:00-04:00,2.369999885559082,2.4200000762939453,2.2899999618530273,2.309999942779541,42600,0.0,0.0
2024-05-07 00:00:00-04:00,2.3399999141693115,2.3499999046325684,2.2300000190734863,2.259999990463257,123900,0.0,0.0
2024-05-08 00:00:00-04:00,2.2699999809265137,2.390000104904175,2.240000009536743,2.25,53700,0.0,0.0
2024-05-09 00:00:00-04:00,2.2699999809265137,2.3299999237060547,2.2200000286102295,2.25,60400,0.0,0.0
2024-05-10 00:00:00-04:00,2.25,2.2799999713897705,2.130000114440918,2.2200000286102295,74700,0.0,0.0
2024-05-13 00:00:00-04:00,2.2300000190734863,2.259999990463257,2.2100000381469727,2.240000009536743,1159800,0.0,0.0
2024-05-14 00:00:00-04:00,2.2699999809265137,2.309999942779541,2.2300000190734863,2.309999942779541,63000,0.0,0.0
2024-05-15 00:00:00-04:00,2.3399999141693115,2.3399999141693115,2.2200000286102295,2.25,41200,0.0,0.0
2024-05-16 00:00:00-04:00,2.25,2.380000114440918,2.240000009536743,2.359999895095825,44600,0.0,0.0
2024-05-17 00:00:00-04:00,2.319999933242798,2.369999885559082,2.259999990463257,2.2799999713897705,121400,0.0,0.0
2024-05-20 00:00:00-04:00,2.299999952316284,2.299999952316284,2.174999952316284,2.200000047683716,51400,0.0,0.0
2024-05-21 00:00:00-04:00,2.190000057220459,2.2200000286102295,2.0799999237060547,2.130000114440918,67800,0.0,0.0
2024-05-22 00:00:00-04:00,2.0899999141693115,2.2300000190734863,2.0899999141693115,2.2300000190734863,94200,0.0,0.0
2024-05-23 00:00:00-04:00,2.2300000190734863,2.240000009536743,2.1500000953674316,2.190000057220459,84500,0.0,0.0
2024-05-24 00:00:00-04:00,2.200000047683716,2.25,2.1600000858306885,2.200000047683716,1917000,0.0,0.0
2024-05-28 00:00:00-04:00,2.200000047683716,2.200000047683716,2.0999999046325684,2.119999885559082,93800,0.0,0.0
2024-05-29 00:00:00-04:00,2.0899999141693115,2.140000104904175,2.0810000896453857,2.0999999046325684,62400,0.0,0.0
2024-05-30 00:00:00-04:00,2.119999885559082,2.1700000762939453,2.0799999237060547,2.109999895095825,79900,0.0,0.0
2024-05-31 00:00:00-04:00,2.119999885559082,2.1500000953674316,2.0799999237060547,2.130000114440918,78300,0.0,0.0
2024-06-03 00:00:00-04:00,2.130000114440918,2.140000104904175,2.0999999046325684,2.119999885559082,94600,0.0,0.0
2024-06-04 00:00:00-04:00,2.109999895095825,2.127000093460083,2.065000057220459,2.109999895095825,64500,0.0,0.0
2024-06-05 00:00:00-04:00,2.130000114440918,2.1600000858306885,2.0999999046325684,2.1600000858306885,162500,0.0,0.0
2024-06-06 00:00:00-04:00,2.1600000858306885,2.299999952316284,2.109999895095825,2.2899999618530273,102900,0.0,0.0
2024-06-07 00:00:00-04:00,2.2699999809265137,2.2699999809265137,2.200000047683716,2.2200000286102295,69500,0.0,0.0
2024-06-10 00:00:00-04:00,2.1700000762939453,2.299999952316284,2.1700000762939453,2.2699999809265137,109500,0.0,0.0
2024-06-11 00:00:00-04:00,2.240000009536743,2.309999942779541,2.2100000381469727,2.299999952316284,167200,0.0,0.0
2024-06-12 00:00:00-04:00,2.3299999237060547,2.4700000286102295,2.260999917984009,2.3499999046325684,79200,0.0,0.0
2024-06-13 00:00:00-04:00,2.3399999141693115,2.3499999046325684,2.25,2.2699999809265137,53000,0.0,0.0
2024-06-14 00:00:00-04:00,2.25,2.259999990463257,2.0999999046325684,2.140000104904175,160300,0.0,0.0
2024-06-17 00:00:00-04:00,2.140000104904175,2.25,2.140000104904175,2.2300000190734863,86800,0.0,0.0
2024-06-18 00:00:00-04:00,2.240000009536743,2.3499999046325684,2.2100000381469727,2.2300000190734863,102500,0.0,0.0
2024-06-20 00:00:00-04:00,2.25,2.3989999294281006,2.180000066757202,2.3499999046325684,94800,0.0,0.0
2024-06-21 00:00:00-04:00,2.3399999141693115,2.6500000953674316,2.3399999141693115,2.6500000953674316,273400,0.0,0.0
2024-06-24 00:00:00-04:00,2.690000057220459,3.0899999141693115,2.640000104904175,2.8299999237060547,541500,0.0,0.0
2024-06-25 00:00:00-04:00,2.859999895095825,2.990000009536743,2.6600000858306885,2.990000009536743,295100,0.0,0.0
2024-06-26 00:00:00-04:00,2.9800000190734863,3.0899999141693115,2.8299999237060547,2.859999895095825,351000,0.0,0.0
2024-06-27 00:00:00-04:00,2.880000114440918,3.049999952316284,2.740000009536743,2.8499999046325684,172200,0.0,0.0
2024-06-28 00:00:00-04:00,2.8499999046325684,2.9100000858306885,2.5,2.6500000953674316,3476200,0.0,0.0
2024-07-01 00:00:00-04:00,2.630000114440918,2.6449999809265137,2.259999990463257,2.3499999046325684,326200,0.0,0.0
2024-07-02 00:00:00-04:00,2.390000104904175,2.4000000953674316,2.2200000286102295,2.2699999809265137,211600,0.0,0.0
2024-07-03 00:00:00-04:00,2.319999933242798,2.5450000762939453,2.2799999713897705,2.5399999618530273,64800,0.0,0.0
2024-07-05 00:00:00-04:00,2.5,2.5299999713897705,2.369999885559082,2.5199999809265137,66900,0.0,0.0
2024-07-08 00:00:00-04:00,2.5299999713897705,2.630000114440918,2.4800000190734863,2.5,80300,0.0,0.0
2024-07-09 00:00:00-04:00,2.5,2.505000114440918,2.359999895095825,2.4700000286102295,46000,0.0,0.0
2024-07-10 00:00:00-04:00,2.4200000762939453,2.5799999237060547,2.4200000762939453,2.5,66800,0.0,0.0
2024-07-11 00:00:00-04:00,2.5399999618530273,2.684999942779541,2.5299999713897705,2.640000104904175,48500,0.0,0.0
2024-07-12 00:00:00-04:00,2.6700000762939453,2.700000047683716,2.569999933242798,2.6500000953674316,51000,0.0,0.0
2024-07-15 00:00:00-04:00,2.680000066757202,2.680000066757202,2.4600000381469727,2.5,75200,0.0,0.0
2024-07-16 00:00:00-04:00,2.5299999713897705,2.7200000286102295,2.5299999713897705,2.680000066757202,20700,0.0,0.0
2024-07-17 00:00:00-04:00,2.6600000858306885,2.690000057220459,2.5899999141693115,2.6500000953674316,17800,0.0,0.0
2024-07-18 00:00:00-04:00,2.630000114440918,2.700000047683716,2.4800000190734863,2.5299999713897705,25000,0.0,0.0
2024-07-19 00:00:00-04:00,2.509999990463257,2.5299999713897705,2.490000009536743,2.5199999809265137,20400,0.0,0.0
2024-07-22 00:00:00-04:00,2.5199999809265137,2.6700000762939453,2.509999990463257,2.630000114440918,36500,0.0,0.0
2024-07-23 00:00:00-04:00,2.5899999141693115,2.680000066757202,2.569999933242798,2.5999999046325684,19500,0.0,0.0
2024-07-24 00:00:00-04:00,2.569999933242798,2.6449999809265137,2.5299999713897705,2.559999942779541,33400,0.0,0.0
2024-07-25 00:00:00-04:00,2.5220000743865967,2.5399999618530273,2.430000066757202,2.484999895095825,104800,0.0,0.0
2024-07-26 00:00:00-04:00,2.5,2.5199999809265137,2.440000057220459,2.4700000286102295,38600,0.0,0.0
2024-07-29 00:00:00-04:00,2.450000047683716,2.450000047683716,2.299999952316284,2.3499999046325684,85800,0.0,0.0
2024-07-30 00:00:00-04:00,2.319999933242798,2.359999895095825,2.299999952316284,2.309999942779541,47100,0.0,0.0
2024-07-31 00:00:00-04:00,2.299999952316284,2.390000104904175,2.2939999103546143,2.319999933242798,17400,0.0,0.0
2024-08-01 00:00:00-04:00,2.319999933242798,2.390000104904175,2.2699999809265137,2.319999933242798,43900,0.0,0.0
2024-08-02 00:00:00-04:00,2.25,2.319999933242798,2.25,2.2899999618530273,30600,0.0,0.0
2024-08-05 00:00:00-04:00,2.2100000381469727,2.2799999713897705,2.200000047683716,2.2200000286102295,38100,0.0,0.0
2024-08-06 00:00:00-04:00,2.25,2.299999952316284,2.2100000381469727,2.240000009536743,80800,0.0,0.0
2024-08-07 00:00:00-04:00,2.240000009536743,2.4000000953674316,2.130000114440918,2.130000114440918,102900,0.0,0.0
2024-08-08 00:00:00-04:00,2.4600000381469727,2.7200000286102295,2.4100000858306885,2.4800000190734863,115400,0.0,0.0
2024-08-09 00:00:00-04:00,2.450000047683716,2.5999999046325684,2.430000066757202,2.5399999618530273,55600,0.0,0.0
2024-08-12 00:00:00-04:00,2.4800000190734863,2.559999942779541,2.4600000381469727,2.4600000381469727,37100,0.0,0.0
2024-08-13 00:00:00-04:00,2.430000066757202,2.515000104904175,2.359999895095825,2.369999885559082,31600,0.0,0.0
2024-08-14 00:00:00-04:00,2.430000066757202,2.430000066757202,2.259999990463257,2.309999942779541,20500,0.0,0.0
2024-08-15 00:00:00-04:00,2.369999885559082,2.369999885559082,2.2799999713897705,2.299999952316284,16400,0.0,0.0
2024-08-16 00:00:00-04:00,2.309999942779541,2.3299999237060547,2.2300000190734863,2.309999942779541,18600,0.0,0.0
2024-08-19 00:00:00-04:00,2.309999942779541,2.380000114440918,2.25,2.25,33200,0.0,0.0
2024-08-20 00:00:00-04:00,2.2899999618530273,2.369999885559082,2.259999990463257,2.259999990463257,33300,0.0,0.0
2024-08-21 00:00:00-04:00,2.2300000190734863,2.2799999713897705,2.200000047683716,2.2100000381469727,81800,0.0,0.0
2024-08-22 00:00:00-04:00,2.2209999561309814,2.303999900817871,2.194999933242798,2.2100000381469727,51800,0.0,0.0
2024-08-23 00:00:00-04:00,2.2300000190734863,2.359999895095825,2.200000047683716,2.3499999046325684,93500,0.0,0.0
2024-08-26 00:00:00-04:00,2.3499999046325684,2.4800000190734863,2.299999952316284,2.3399999141693115,69500,0.0,0.0
2024-08-27 00:00:00-04:00,2.3350000381469727,2.430000066757202,2.3299999237060547,2.369999885559082,193200,0.0,0.0
2024-08-28 00:00:00-04:00,2.3499999046325684,2.4700000286102295,2.3399999141693115,2.440000057220459,18900,0.0,0.0
2024-08-29 00:00:00-04:00,2.4730000495910645,2.4730000495910645,2.440000057220459,2.440000057220459,2300,0.0,0.0
2024-08-30 00:00:00-04:00,2.5299999713897705,2.5299999713897705,2.4000000953674316,2.5199999809265137,48500,0.0,0.0
2024-09-03 00:00:00-04:00,2.505000114440918,2.5399999618530273,2.3499999046325684,2.440000057220459,55800,0.0,0.0
2024-09-04 00:00:00-04:00,2.4240000247955322,2.509999990463257,2.4100000858306885,2.4100000858306885,28600,0.0,0.0
2024-09-05 00:00:00-04:00,2.440000057220459,2.490000009536743,2.4000000953674316,2.4700000286102295,23000,0.0,0.0
2024-09-06 00:00:00-04:00,2.4649999141693115,2.490000009536743,2.319999933242798,2.4600000381469727,127900,0.0,0.0
2024-09-09 00:00:00-04:00,2.434999942779541,2.490000009536743,2.4200000762939453,2.4700000286102295,74900,0.0,0.0
2024-09-10 00:00:00-04:00,2.4700000286102295,2.549999952316284,2.430000066757202,2.5,32200,0.0,0.0
2024-09-11 00:00:00-04:00,2.5220000743865967,2.549999952316284,2.490000009536743,2.509999990463257,64600,0.0,0.0
2024-09-12 00:00:00-04:00,2.5199999809265137,2.5450000762939453,2.450000047683716,2.5199999809265137,34500,0.0,0.0
2024-09-13 00:00:00-04:00,2.5,2.5799999237060547,2.4000000953674316,2.5,22400,0.0,0.0
2024-09-16 00:00:00-04:00,2.5,2.5999999046325684,2.25,2.390000104904175,1212100,0.0,0.0
2024-09-17 00:00:00-04:00,2.430000066757202,2.5899999141693115,2.4000000953674316,2.509999990463257,54400,0.0,0.0
2024-09-18 00:00:00-04:00,2.494999885559082,2.8350000381469727,2.4700000286102295,2.6700000762939453,118400,0.0,0.0
2024-09-19 00:00:00-04:00,2.6070001125335693,2.7290000915527344,2.5399999618530273,2.569999933242798,36500,0.0,0.0
2024-09-20 00:00:00-04:00,2.6700000762939453,2.690000057220459,2.559999942779541,2.690000057220459,88300,0.0,0.0
2024-09-23 00:00:00-04:00,2.700000047683716,2.75,2.5799999237060547,2.680000066757202,21600,0.0,0.0
2024-09-24 00:00:00-04:00,2.700000047683716,2.7690000534057617,2.6700000762939453,2.680000066757202,13700,0.0,0.0
2024-09-25 00:00:00-04:00,2.700000047683716,2.8399999141693115,2.6600000858306885,2.700000047683716,40500,0.0,0.0
2024-09-26 00:00:00-04:00,2.75,2.75,2.680000066757202,2.700000047683716,11200,0.0,0.0
2024-09-27 00:00:00-04:00,2.700000047683716,2.799999952316284,2.680000066757202,2.7699999809265137,39100,0.0,0.0
2024-09-30 00:00:00-04:00,2.7899999618530273,2.8299999237060547,2.6700000762939453,2.7300000190734863,40700,0.0,0.0
2024-10-01 00:00:00-04:00,2.7699999809265137,2.924999952316284,2.700000047683716,2.700000047683716,59500,0.0,0.0
2024-10-02 00:00:00-04:00,2.680000066757202,2.690000057220459,2.4600000381469727,2.6500000953674316,66200,0.0,0.0
2024-10-03 00:00:00-04:00,2.700000047683716,2.740000009536743,2.690000057220459,2.690000057220459,6100,0.0,0.0
2024-10-04 00:00:00-04:00,2.5889999866485596,2.690000057220459,2.5889999866485596,2.619999885559082,4300,0.0,0.0
2024-10-07 00:00:00-04:00,2.5999999046325684,2.609999895095825,2.5,2.5,34200,0.0,0.0
2024-10-08 00:00:00-04:00,2.5,2.5799999237060547,2.4200000762939453,2.4200000762939453,8600,0.0,0.0
2024-10-09 00:00:00-04:00,2.430000066757202,2.5899999141693115,2.430000066757202,2.569999933242798,15200,0.0,0.0
2024-10-10 00:00:00-04:00,2.569999933242798,2.6449999809265137,2.5,2.5899999141693115,38600,0.0,0.0
2024-10-11 00:00:00-04:00,2.5950000286102295,2.759999990463257,2.5950000286102295,2.7200000286102295,22700,0.0,0.0
2024-10-14 00:00:00-04:00,2.690000057220459,2.7300000190734863,2.640000104904175,2.7300000190734863,106600,0.0,0.0
2024-10-15 00:00:00-04:00,2.690000057220459,2.690000057220459,2.5299999713897705,2.5999999046325684,20100,0.0,0.0
2024-10-16 00:00:00-04:00,2.609999895095825,2.6700000762939453,2.569999933242798,2.6600000858306885,40700,0.0,0.0
2024-10-17 00:00:00-04:00,2.5850000381469727,2.5850000381469727,2.490000009536743,2.549999952316284,191600,0.0,0.0
2024-10-18 00:00:00-04:00,2.5399999618530273,2.640000104904175,2.490000009536743,2.609999895095825,15900,0.0,0.0
2024-10-21 00:00:00-04:00,2.5799999237060547,2.614000082015991,2.450000047683716,2.549999952316284,50600,0.0,0.0
2024-10-22 00:00:00-04:00,2.5199999809265137,2.5399999618530273,2.4600000381469727,2.4600000381469727,20700,0.0,0.0
2024-10-23 00:00:00-04:00,2.4839999675750732,2.5850000381469727,2.440000057220459,2.490000009536743,65000,0.0,0.0
2024-10-24 00:00:00-04:00,2.4800000190734863,2.5299999713897705,2.4049999713897705,2.5199999809265137,36200,0.0,0.0
2024-10-25 00:00:00-04:00,2.509999990463257,2.559999942779541,2.490000009536743,2.5299999713897705,51900,0.0,0.0
2024-10-28 00:00:00-04:00,2.4000000953674316,2.6500000953674316,2.390000104904175,2.5799999237060547,19500,0.0,0.0
2024-10-29 00:00:00-04:00,2.680000066757202,2.7100000381469727,2.549999952316284,2.559999942779541,20600,0.0,0.0
2024-10-30 00:00:00-04:00,2.549999952316284,2.7039999961853027,2.549999952316284,2.630000114440918,14100,0.0,0.0
2024-10-31 00:00:00-04:00,2.6500000953674316,2.9200000762939453,2.5199999809265137,2.9200000762939453,51200,0.0,0.0
2024-11-01 00:00:00-04:00,2.9100000858306885,2.9100000858306885,2.619999885559082,2.700000047683716,53200,0.0,0.0
