Date,Open,High,Low,Close,Volume,Dividends,Stock Splits
2021-07-30 00:00:00-04:00,17.5,19.670000076293945,15.510000228881836,16.0,2573200,0.0,0.0
2021-08-02 00:00:00-04:00,17.0,18.469999313354492,16.229999542236328,17.31999969482422,557700,0.0,0.0
2021-08-03 00:00:00-04:00,17.010000228881836,17.68000030517578,16.329999923706055,16.350000381469727,114700,0.0,0.0
2021-08-04 00:00:00-04:00,16.780000686645508,17.489999771118164,13.920000076293945,14.300000190734863,649100,0.0,0.0
2021-08-05 00:00:00-04:00,14.130000114440918,15.289999961853027,13.184000015258789,13.40999984741211,244600,0.0,0.0
2021-08-06 00:00:00-04:00,13.850000381469727,13.9399995803833,12.239999771118164,13.369999885559082,208400,0.0,0.0
2021-08-09 00:00:00-04:00,13.319999694824219,13.319999694824219,12.5,12.829999923706055,119900,0.0,0.0
2021-08-10 00:00:00-04:00,12.949999809265137,12.949999809265137,12.010000228881836,12.3100004196167,137000,0.0,0.0
2021-08-11 00:00:00-04:00,12.319999694824219,14.460000038146973,12.319999694824219,13.720000267028809,140800,0.0,0.0
2021-08-12 00:00:00-04:00,13.75,14.050000190734863,12.520000457763672,12.539999961853027,132800,0.0,0.0
2021-08-13 00:00:00-04:00,13.079999923706055,13.244999885559082,12.020000457763672,12.329999923706055,139300,0.0,0.0
2021-08-16 00:00:00-04:00,12.770000457763672,13.170000076293945,12.34000015258789,12.869999885559082,52800,0.0,0.0
2021-08-17 00:00:00-04:00,12.949999809265137,12.949999809265137,11.680000305175781,11.850000381469727,165700,0.0,0.0
2021-08-18 00:00:00-04:00,11.989999771118164,12.979999542236328,11.710000038146973,12.329999923706055,167900,0.0,0.0
2021-08-19 00:00:00-04:00,12.25,12.329999923706055,11.1899995803833,11.9399995803833,78000,0.0,0.0
2021-08-20 00:00:00-04:00,12.380000114440918,12.460000038146973,11.75,12.020000457763672,49600,0.0,0.0
2021-08-23 00:00:00-04:00,11.890000343322754,12.010000228881836,11.600000381469727,12.0,85200,0.0,0.0
2021-08-24 00:00:00-04:00,12.619999885559082,14.949000358581543,12.199999809265137,14.489999771118164,318300,0.0,0.0
2021-08-25 00:00:00-04:00,14.489999771118164,14.944999694824219,12.5,12.529999732971191,238600,0.0,0.0
2021-08-26 00:00:00-04:00,12.979999542236328,14.25,12.899999618530273,13.729999542236328,192500,0.0,0.0
2021-08-27 00:00:00-04:00,13.579999923706055,16.389999389648438,13.140000343322754,15.6899995803833,358400,0.0,0.0
2021-08-30 00:00:00-04:00,15.710000038146973,16.139999389648438,14.199999809265137,15.460000038146973,165100,0.0,0.0
2021-08-31 00:00:00-04:00,15.699999809265137,15.800000190734863,14.8100004196167,15.380000114440918,100600,0.0,0.0
2021-09-01 00:00:00-04:00,15.130000114440918,15.949999809265137,14.802000045776367,15.770000457763672,62900,0.0,0.0
2021-09-02 00:00:00-04:00,15.979999542236328,15.979999542236328,14.899999618530273,15.289999961853027,65400,0.0,0.0
2021-09-03 00:00:00-04:00,15.529999732971191,16.06999969482422,14.699999809265137,16.030000686645508,96400,0.0,0.0
2021-09-07 00:00:00-04:00,15.90999984741211,16.489999771118164,15.529999732971191,15.84000015258789,170400,0.0,0.0
2021-09-08 00:00:00-04:00,15.850000381469727,16.299999237060547,15.850000381469727,16.0,75700,0.0,0.0
2021-09-09 00:00:00-04:00,15.949999809265137,16.5,15.949999809265137,15.989999771118164,102600,0.0,0.0
2021-09-10 00:00:00-04:00,16.5,16.5,13.050000190734863,13.420000076293945,215400,0.0,0.0
2021-09-13 00:00:00-04:00,13.729999542236328,14.239999771118164,13.100000381469727,13.699999809265137,133100,0.0,0.0
2021-09-14 00:00:00-04:00,13.6899995803833,13.920000076293945,12.720000267028809,13.050000190734863,117900,0.0,0.0
2021-09-15 00:00:00-04:00,12.920000076293945,13.260000228881836,12.529999732971191,13.0,168400,0.0,0.0
2021-09-16 00:00:00-04:00,13.0,13.0,12.5,13.0,170400,0.0,0.0
2021-09-17 00:00:00-04:00,12.979999542236328,14.300000190734863,12.925000190734863,13.260000228881836,860200,0.0,0.0
2021-09-20 00:00:00-04:00,13.079999923706055,13.3100004196167,12.050000190734863,12.510000228881836,173100,0.0,0.0
2021-09-21 00:00:00-04:00,12.609999656677246,13.079999923706055,12.050000190734863,12.5,126200,0.0,0.0
2021-09-22 00:00:00-04:00,12.59000015258789,13.170000076293945,12.3100004196167,12.84000015258789,30200,0.0,0.0
2021-09-23 00:00:00-04:00,12.859999656677246,13.470000267028809,12.437000274658203,13.430000305175781,33100,0.0,0.0
2021-09-24 00:00:00-04:00,13.170000076293945,13.652000427246094,13.062999725341797,13.069999694824219,56100,0.0,0.0
2021-09-27 00:00:00-04:00,13.109999656677246,13.630000114440918,13.109999656677246,13.5600004196167,43300,0.0,0.0
2021-09-28 00:00:00-04:00,13.329999923706055,13.59000015258789,13.050000190734863,13.510000228881836,29500,0.0,0.0
2021-09-29 00:00:00-04:00,13.569999694824219,13.569999694824219,12.279999732971191,12.399999618530273,104000,0.0,0.0
2021-09-30 00:00:00-04:00,12.489999771118164,12.960000038146973,12.029999732971191,12.670000076293945,74600,0.0,0.0
2021-10-01 00:00:00-04:00,12.619999885559082,13.15999984741211,12.319999694824219,13.039999961853027,48200,0.0,0.0
2021-10-04 00:00:00-04:00,13.020000457763672,13.885000228881836,12.994999885559082,13.65999984741211,79800,0.0,0.0
2021-10-05 00:00:00-04:00,13.779999732971191,13.895000457763672,13.359999656677246,13.8100004196167,38000,0.0,0.0
2021-10-06 00:00:00-04:00,13.569999694824219,13.84000015258789,13.050000190734863,13.630000114440918,122300,0.0,0.0
2021-10-07 00:00:00-04:00,13.649999618530273,14.041999816894531,13.010000228881836,13.199999809265137,41200,0.0,0.0
2021-10-08 00:00:00-04:00,13.220000267028809,13.300000190734863,12.550000190734863,12.619999885559082,26500,0.0,0.0
2021-10-11 00:00:00-04:00,12.779999732971191,13.220000267028809,12.354999542236328,12.59000015258789,36200,0.0,0.0
2021-10-12 00:00:00-04:00,12.4399995803833,12.920000076293945,12.4399995803833,12.84000015258789,19900,0.0,0.0
2021-10-13 00:00:00-04:00,13.039999961853027,13.864999771118164,12.760000228881836,13.710000038146973,36600,0.0,0.0
2021-10-14 00:00:00-04:00,13.8100004196167,13.890000343322754,13.399999618530273,13.649999618530273,23300,0.0,0.0
2021-10-15 00:00:00-04:00,13.84000015258789,13.84000015258789,12.859999656677246,13.5600004196167,46800,0.0,0.0
2021-10-18 00:00:00-04:00,13.40999984741211,13.71500015258789,12.420000076293945,12.529999732971191,60500,0.0,0.0
2021-10-19 00:00:00-04:00,12.760000228881836,13.539999961853027,11.5,11.8100004196167,61000,0.0,0.0
2021-10-20 00:00:00-04:00,12.029999732971191,12.069999694824219,11.710000038146973,11.779999732971191,26300,0.0,0.0
2021-10-21 00:00:00-04:00,11.949999809265137,12.1899995803833,11.5,12.0600004196167,36300,0.0,0.0
2021-10-22 00:00:00-04:00,12.229999542236328,12.34000015258789,11.510000228881836,11.729999542236328,18700,0.0,0.0
2021-10-25 00:00:00-04:00,11.729999542236328,11.880000114440918,11.210000038146973,11.550000190734863,26900,0.0,0.0
2021-10-26 00:00:00-04:00,11.729999542236328,12.520000457763672,11.729999542236328,12.0,44700,0.0,0.0
2021-10-27 00:00:00-04:00,12.069999694824219,12.3100004196167,11.8100004196167,11.989999771118164,51700,0.0,0.0
2021-10-28 00:00:00-04:00,12.09000015258789,12.324999809265137,11.789999961853027,12.109999656677246,37700,0.0,0.0
2021-10-29 00:00:00-04:00,12.109999656677246,12.1899995803833,11.859999656677246,11.979999542236328,54000,0.0,0.0
2021-11-01 00:00:00-04:00,12.149999618530273,12.434000015258789,11.585000038146973,11.739999771118164,129400,0.0,0.0
2021-11-02 00:00:00-04:00,11.789999961853027,13.029999732971191,11.640000343322754,12.699999809265137,76300,0.0,0.0
2021-11-03 00:00:00-04:00,12.510000228881836,12.979999542236328,12.09000015258789,12.9399995803833,125600,0.0,0.0
2021-11-04 00:00:00-04:00,13.010000228881836,13.010000228881836,12.345000267028809,12.859999656677246,48200,0.0,0.0
2021-11-05 00:00:00-04:00,13.050000190734863,13.329999923706055,12.925000190734863,13.229999542236328,83500,0.0,0.0
2021-11-08 00:00:00-05:00,13.5,13.5,12.609999656677246,12.850000381469727,35700,0.0,0.0
2021-11-09 00:00:00-05:00,12.850000381469727,12.850000381469727,11.984000205993652,12.180000305175781,41600,0.0,0.0
2021-11-10 00:00:00-05:00,12.279999732971191,12.949999809265137,11.600000381469727,12.100000381469727,169600,0.0,0.0
2021-11-11 00:00:00-05:00,12.140000343322754,12.760000228881836,11.600000381469727,12.630000114440918,83600,0.0,0.0
2021-11-12 00:00:00-05:00,12.699999809265137,12.871000289916992,11.9350004196167,12.289999961853027,59300,0.0,0.0
2021-11-15 00:00:00-05:00,12.289999961853027,12.34000015258789,11.824999809265137,12.079999923706055,38600,0.0,0.0
2021-11-16 00:00:00-05:00,12.0600004196167,12.539999961853027,11.859999656677246,12.420000076293945,164200,0.0,0.0
2021-11-17 00:00:00-05:00,12.350000381469727,12.8100004196167,12.260000228881836,12.630000114440918,80900,0.0,0.0
2021-11-18 00:00:00-05:00,12.600000381469727,12.989999771118164,12.300000190734863,12.800000190734863,83500,0.0,0.0
2021-11-19 00:00:00-05:00,13.0600004196167,13.67300033569336,13.020000457763672,13.520000457763672,94600,0.0,0.0
2021-11-22 00:00:00-05:00,13.470000267028809,14.1899995803833,13.265000343322754,13.630000114440918,95800,0.0,0.0
2021-11-23 00:00:00-05:00,13.729999542236328,13.90999984741211,12.800000190734863,13.489999771118164,53600,0.0,0.0
2021-11-24 00:00:00-05:00,13.399999618530273,13.979999542236328,12.569999694824219,13.359999656677246,53500,0.0,0.0
2021-11-26 00:00:00-05:00,13.460000038146973,13.460000038146973,12.300000190734863,12.369999885559082,62300,0.0,0.0
2021-11-29 00:00:00-05:00,12.270000457763672,12.420000076293945,11.289999961853027,11.289999961853027,97200,0.0,0.0
2021-11-30 00:00:00-05:00,11.229999542236328,11.329999923706055,10.220000267028809,10.850000381469727,73900,0.0,0.0
2021-12-01 00:00:00-05:00,11.0,11.854000091552734,10.5,11.130000114440918,90600,0.0,0.0
2021-12-02 00:00:00-05:00,11.210000038146973,11.760000228881836,10.859999656677246,11.359999656677246,81500,0.0,0.0
2021-12-03 00:00:00-05:00,11.460000038146973,11.876999855041504,11.010000228881836,11.170000076293945,61500,0.0,0.0
2021-12-06 00:00:00-05:00,11.319999694824219,11.989999771118164,10.800000190734863,11.010000228881836,110300,0.0,0.0
2021-12-07 00:00:00-05:00,11.210000038146973,11.970000267028809,10.84000015258789,11.710000038146973,75000,0.0,0.0
2021-12-08 00:00:00-05:00,11.600000381469727,12.40999984741211,11.529999732971191,12.359999656677246,88000,0.0,0.0
2021-12-09 00:00:00-05:00,12.199999809265137,12.49899959564209,11.90999984741211,12.25,34300,0.0,0.0
2021-12-10 00:00:00-05:00,12.25,12.4399995803833,11.670000076293945,11.6899995803833,38800,0.0,0.0
2021-12-13 00:00:00-05:00,11.510000228881836,12.640000343322754,10.46500015258789,12.029999732971191,131400,0.0,0.0
2021-12-14 00:00:00-05:00,11.850000381469727,11.890000343322754,11.0,11.229999542236328,111800,0.0,0.0
2021-12-15 00:00:00-05:00,11.300000190734863,11.5,10.0,10.109999656677246,140900,0.0,0.0
2021-12-16 00:00:00-05:00,10.470000267028809,10.470000267028809,9.720000267028809,9.760000228881836,61400,0.0,0.0
2021-12-17 00:00:00-05:00,9.720000267028809,10.640000343322754,9.383000373840332,10.260000228881836,103900,0.0,0.0
2021-12-20 00:00:00-05:00,10.199999809265137,10.21500015258789,9.180000305175781,9.520000457763672,71900,0.0,0.0
2021-12-21 00:00:00-05:00,9.550000190734863,10.119999885559082,9.520000457763672,9.960000038146973,49800,0.0,0.0
2021-12-22 00:00:00-05:00,10.0,10.3100004196167,9.829999923706055,10.029999732971191,56900,0.0,0.0
2021-12-23 00:00:00-05:00,9.949999809265137,10.819999694824219,9.520000457763672,10.630000114440918,44400,0.0,0.0
2021-12-27 00:00:00-05:00,10.8100004196167,10.899999618530273,10.170999526977539,10.510000228881836,39700,0.0,0.0
2021-12-28 00:00:00-05:00,10.539999961853027,10.8100004196167,10.218000411987305,10.329999923706055,60100,0.0,0.0
2021-12-29 00:00:00-05:00,10.319999694824219,10.640000343322754,10.069999694824219,10.529999732971191,65700,0.0,0.0
2021-12-30 00:00:00-05:00,10.630000114440918,10.729999542236328,10.229999542236328,10.569999694824219,107900,0.0,0.0
2021-12-31 00:00:00-05:00,10.5600004196167,11.390000343322754,10.5600004196167,11.25,46600,0.0,0.0
2022-01-03 00:00:00-05:00,11.210000038146973,12.380000114440918,10.635000228881836,11.329999923706055,54200,0.0,0.0
2022-01-04 00:00:00-05:00,11.479999542236328,11.479999542236328,10.0,10.0600004196167,57200,0.0,0.0
2022-01-05 00:00:00-05:00,10.109999656677246,10.140000343322754,9.600000381469727,9.619999885559082,65200,0.0,0.0
2022-01-06 00:00:00-05:00,9.65999984741211,9.680000305175781,9.180000305175781,9.279999732971191,48200,0.0,0.0
2022-01-07 00:00:00-05:00,9.319000244140625,9.489999771118164,8.800000190734863,8.970000267028809,29100,0.0,0.0
2022-01-10 00:00:00-05:00,10.0,12.649999618530273,9.890000343322754,11.5,480800,0.0,0.0
2022-01-11 00:00:00-05:00,11.5,11.960000038146973,11.0,11.619999885559082,156600,0.0,0.0
2022-01-12 00:00:00-05:00,11.800000190734863,11.800000190734863,10.885000228881836,11.180000305175781,80600,0.0,0.0
2022-01-13 00:00:00-05:00,11.220000267028809,11.34000015258789,10.930000305175781,11.020000457763672,47300,0.0,0.0
2022-01-14 00:00:00-05:00,11.020000457763672,11.527999877929688,10.800000190734863,11.119999885559082,70900,0.0,0.0
2022-01-18 00:00:00-05:00,10.9399995803833,11.1899995803833,10.789999961853027,10.949999809265137,83000,0.0,0.0
2022-01-19 00:00:00-05:00,11.239999771118164,12.0,11.1899995803833,11.760000228881836,159300,0.0,0.0
2022-01-20 00:00:00-05:00,11.770000457763672,12.25,11.65999984741211,11.869999885559082,73600,0.0,0.0
2022-01-21 00:00:00-05:00,11.800000190734863,11.800000190734863,10.800000190734863,11.029999732971191,50300,0.0,0.0
2022-01-24 00:00:00-05:00,10.920000076293945,11.460000038146973,10.020000457763672,11.329999923706055,106700,0.0,0.0
2022-01-25 00:00:00-05:00,11.09000015258789,11.520000457763672,9.779999732971191,11.289999961853027,93700,0.0,0.0
2022-01-26 00:00:00-05:00,11.359999656677246,11.829999923706055,10.760000228881836,10.869999885559082,86500,0.0,0.0
2022-01-27 00:00:00-05:00,10.829999923706055,10.829999923706055,9.720000267028809,9.729999542236328,57200,0.0,0.0
2022-01-28 00:00:00-05:00,9.729999542236328,10.210000038146973,9.199999809265137,9.970000267028809,159800,0.0,0.0
2022-01-31 00:00:00-05:00,9.920000076293945,10.723999977111816,9.8100004196167,10.289999961853027,78800,0.0,0.0
2022-02-01 00:00:00-05:00,10.420000076293945,11.149999618530273,10.25,11.069999694824219,86800,0.0,0.0
2022-02-02 00:00:00-05:00,11.100000381469727,11.984999656677246,10.569999694824219,11.6899995803833,85200,0.0,0.0
2022-02-03 00:00:00-05:00,11.569999694824219,11.779999732971191,10.710000038146973,10.760000228881836,72000,0.0,0.0
2022-02-04 00:00:00-05:00,10.670000076293945,11.40999984741211,10.149999618530273,10.770000457763672,398000,0.0,0.0
2022-02-07 00:00:00-05:00,10.710000038146973,11.789999961853027,10.579999923706055,11.359999656677246,105800,0.0,0.0
2022-02-08 00:00:00-05:00,11.430000305175781,13.0,11.430000305175781,12.819999694824219,155100,0.0,0.0
2022-02-09 00:00:00-05:00,12.760000228881836,13.75,12.390000343322754,13.15999984741211,103200,0.0,0.0
2022-02-10 00:00:00-05:00,12.970000267028809,14.098999977111816,12.970000267028809,14.029999732971191,131600,0.0,0.0
2022-02-11 00:00:00-05:00,13.949999809265137,14.479999542236328,13.289999961853027,13.470000267028809,60000,0.0,0.0
2022-02-14 00:00:00-05:00,13.65999984741211,13.789999961853027,13.050000190734863,13.5600004196167,45000,0.0,0.0
2022-02-15 00:00:00-05:00,13.760000228881836,14.180000305175781,13.020000457763672,13.470000267028809,137000,0.0,0.0
2022-02-16 00:00:00-05:00,13.609999656677246,13.949999809265137,13.274999618530273,13.75,63100,0.0,0.0
2022-02-17 00:00:00-05:00,13.800000190734863,14.489999771118164,13.420000076293945,13.630000114440918,66600,0.0,0.0
2022-02-18 00:00:00-05:00,13.470000267028809,13.970000267028809,13.175000190734863,13.619999885559082,63900,0.0,0.0
2022-02-22 00:00:00-05:00,13.539999961853027,13.880000114440918,12.65999984741211,12.710000038146973,105700,0.0,0.0
2022-02-23 00:00:00-05:00,12.84000015258789,12.85200023651123,12.010000228881836,12.510000228881836,228500,0.0,0.0
2022-02-24 00:00:00-05:00,12.260000228881836,13.430000305175781,11.920000076293945,13.3100004196167,140400,0.0,0.0
2022-02-25 00:00:00-05:00,13.300000190734863,14.25,13.300000190734863,14.029999732971191,93400,0.0,0.0
2022-02-28 00:00:00-05:00,13.8100004196167,14.350000381469727,13.3100004196167,13.420000076293945,73900,0.0,0.0
2022-03-01 00:00:00-05:00,13.550000190734863,14.4350004196167,12.449999809265137,13.170000076293945,187600,0.0,0.0
2022-03-02 00:00:00-05:00,13.109999656677246,14.119999885559082,12.699999809265137,13.699999809265137,138300,0.0,0.0
2022-03-03 00:00:00-05:00,13.880000114440918,13.984999656677246,12.854999542236328,13.050000190734863,77000,0.0,0.0
2022-03-04 00:00:00-05:00,12.920000076293945,13.3100004196167,12.069999694824219,13.239999771118164,130700,0.0,0.0
2022-03-07 00:00:00-05:00,13.329999923706055,13.829999923706055,12.65999984741211,13.270000457763672,190700,0.0,0.0
2022-03-08 00:00:00-05:00,13.260000228881836,14.050000190734863,12.050000190734863,12.109999656677246,248300,0.0,0.0
2022-03-09 00:00:00-05:00,13.279999732971191,14.020000457763672,11.789999961853027,13.449999809265137,337500,0.0,0.0
2022-03-10 00:00:00-05:00,13.609999656677246,13.9399995803833,12.760000228881836,13.489999771118164,117300,0.0,0.0
2022-03-11 00:00:00-05:00,12.949999809265137,13.3100004196167,12.125,12.850000381469727,156700,0.0,0.0
2022-03-14 00:00:00-04:00,12.9399995803833,13.170000076293945,11.430000305175781,11.5,151400,0.0,0.0
2022-03-15 00:00:00-04:00,11.369999885559082,12.699999809265137,11.317999839782715,12.09000015258789,136800,0.0,0.0
2022-03-16 00:00:00-04:00,12.1899995803833,12.729999542236328,11.119999885559082,11.199999809265137,238800,0.0,0.0
2022-03-17 00:00:00-04:00,11.3100004196167,11.829999923706055,11.119999885559082,11.289999961853027,206900,0.0,0.0
2022-03-18 00:00:00-04:00,11.260000228881836,13.09000015258789,11.069999694824219,11.869999885559082,1064900,0.0,0.0
2022-03-21 00:00:00-04:00,11.9399995803833,12.305000305175781,11.319999694824219,11.65999984741211,135700,0.0,0.0
2022-03-22 00:00:00-04:00,11.510000228881836,12.489999771118164,11.510000228881836,12.34000015258789,121200,0.0,0.0
2022-03-23 00:00:00-04:00,12.100000381469727,12.460000038146973,11.899999618530273,11.960000038146973,58400,0.0,0.0
2022-03-24 00:00:00-04:00,11.9399995803833,12.199999809265137,11.760000228881836,12.140000343322754,31600,0.0,0.0
2022-03-25 00:00:00-04:00,12.119999885559082,12.119999885559082,11.710000038146973,12.020000457763672,34800,0.0,0.0
2022-03-28 00:00:00-04:00,11.979999542236328,12.630000114440918,11.979999542236328,12.550000190734863,60600,0.0,0.0
2022-03-29 00:00:00-04:00,12.680000305175781,13.260000228881836,12.420000076293945,12.890000343322754,85600,0.0,0.0
2022-03-30 00:00:00-04:00,12.989999771118164,13.199999809265137,12.170000076293945,12.220000267028809,49100,0.0,0.0
2022-03-31 00:00:00-04:00,12.25,12.5600004196167,11.859999656677246,12.380000114440918,87700,0.0,0.0
2022-04-01 00:00:00-04:00,12.420000076293945,13.609999656677246,12.289999961853027,13.59000015258789,100500,0.0,0.0
2022-04-04 00:00:00-04:00,13.680000305175781,13.680000305175781,12.470000267028809,12.670000076293945,88900,0.0,0.0
2022-04-05 00:00:00-04:00,12.720000267028809,12.979999542236328,12.369999885559082,12.90999984741211,42600,0.0,0.0
2022-04-06 00:00:00-04:00,12.800000190734863,13.680000305175781,12.130000114440918,13.579999923706055,85800,0.0,0.0
2022-04-07 00:00:00-04:00,13.4399995803833,13.649999618530273,13.170000076293945,13.510000228881836,56900,0.0,0.0
2022-04-08 00:00:00-04:00,11.75,13.649999618530273,11.75,13.239999771118164,65200,0.0,0.0
2022-04-11 00:00:00-04:00,13.210000038146973,13.210000038146973,12.25,12.380000114440918,61900,0.0,0.0
2022-04-12 00:00:00-04:00,12.550000190734863,12.90999984741211,12.3100004196167,12.449999809265137,53100,0.0,0.0
2022-04-13 00:00:00-04:00,12.470000267028809,12.914999961853027,12.039999961853027,12.270000457763672,82800,0.0,0.0
2022-04-14 00:00:00-04:00,12.369999885559082,13.029999732971191,12.039999961853027,12.6899995803833,61200,0.0,0.0
2022-04-18 00:00:00-04:00,12.65999984741211,12.869999885559082,12.210000038146973,12.770000457763672,112400,0.0,0.0
2022-04-19 00:00:00-04:00,12.609999656677246,13.420000076293945,12.420000076293945,12.920000076293945,80000,0.0,0.0
2022-04-20 00:00:00-04:00,13.09000015258789,13.5600004196167,12.819999694824219,13.270000457763672,56300,0.0,0.0
2022-04-21 00:00:00-04:00,13.420000076293945,13.699999809265137,12.989999771118164,13.100000381469727,39300,0.0,0.0
2022-04-22 00:00:00-04:00,13.0600004196167,13.170000076293945,11.8100004196167,12.010000228881836,54600,0.0,0.0
2022-04-25 00:00:00-04:00,12.069999694824219,12.470000267028809,11.90999984741211,12.390000343322754,32200,0.0,0.0
2022-04-26 00:00:00-04:00,12.25,12.449999809265137,11.944999694824219,12.0600004196167,39100,0.0,0.0
2022-04-27 00:00:00-04:00,12.1899995803833,12.289999961853027,11.605999946594238,11.6899995803833,29200,0.0,0.0
2022-04-28 00:00:00-04:00,11.949999809265137,12.25,11.239999771118164,12.0,37500,0.0,0.0
2022-04-29 00:00:00-04:00,12.0,12.5,12.0,12.270000457763672,77500,0.0,0.0
2022-05-02 00:00:00-04:00,12.5,12.5,11.6899995803833,12.050000190734863,89500,0.0,0.0
2022-05-03 00:00:00-04:00,12.029999732971191,12.029999732971191,11.65999984741211,12.020000457763672,29500,0.0,0.0
2022-05-04 00:00:00-04:00,12.140000343322754,12.390000343322754,11.520000457763672,11.859999656677246,99700,0.0,0.0
2022-05-05 00:00:00-04:00,11.569999694824219,11.6899995803833,10.520000457763672,10.609999656677246,124400,0.0,0.0
2022-05-06 00:00:00-04:00,11.130000114440918,12.380000114440918,11.0,11.350000381469727,232400,0.0,0.0
2022-05-09 00:00:00-04:00,11.289999961853027,11.289999961853027,10.1899995803833,10.739999771118164,76100,0.0,0.0
2022-05-10 00:00:00-04:00,10.800000190734863,11.75,10.800000190734863,11.5,50000,0.0,0.0
2022-05-11 00:00:00-04:00,11.649999618530273,11.710000038146973,10.979999542236328,11.149999618530273,56500,0.0,0.0
2022-05-12 00:00:00-04:00,11.130000114440918,11.704999923706055,10.880000114440918,11.579999923706055,31800,0.0,0.0
2022-05-13 00:00:00-04:00,11.84000015258789,12.539999961853027,11.524999618530273,12.390000343322754,48000,0.0,0.0
2022-05-16 00:00:00-04:00,12.1899995803833,12.725000381469727,12.1899995803833,12.470000267028809,28800,0.0,0.0
2022-05-17 00:00:00-04:00,12.779999732971191,13.789999961853027,12.760000228881836,13.40999984741211,85000,0.0,0.0
2022-05-18 00:00:00-04:00,13.020000457763672,13.289999961853027,12.25,12.420000076293945,77200,0.0,0.0
2022-05-19 00:00:00-04:00,12.979999542236328,12.979999542236328,12.140000343322754,12.239999771118164,58700,0.0,0.0
2022-05-20 00:00:00-04:00,12.539999961853027,13.649999618530273,12.380000114440918,13.619999885559082,58800,0.0,0.0
2022-05-23 00:00:00-04:00,13.720000267028809,14.010000228881836,13.489999771118164,13.579999923706055,131400,0.0,0.0
2022-05-24 00:00:00-04:00,13.479999542236328,13.770000457763672,12.329999923706055,12.569999694824219,119300,0.0,0.0
2022-05-25 00:00:00-04:00,12.609999656677246,14.210000038146973,12.609999656677246,13.979999542236328,117700,0.0,0.0
2022-05-26 00:00:00-04:00,13.989999771118164,14.0,13.039999961853027,13.569999694824219,82600,0.0,0.0
2022-05-27 00:00:00-04:00,13.739999771118164,14.005000114440918,13.734999656677246,14.0,87100,0.0,0.0
2022-05-31 00:00:00-04:00,13.869999885559082,14.0,13.300000190734863,13.65999984741211,52700,0.0,0.0
2022-06-01 00:00:00-04:00,13.680000305175781,14.0,12.949999809265137,13.880000114440918,92700,0.0,0.0
2022-06-02 00:00:00-04:00,13.90999984741211,14.010000228881836,13.760000228881836,14.010000228881836,109900,0.0,0.0
2022-06-03 00:00:00-04:00,14.0,16.0,13.739999771118164,16.0,374700,0.0,0.0
2022-06-06 00:00:00-04:00,16.0,16.0,15.359999656677246,15.800000190734863,108900,0.0,0.0
2022-06-07 00:00:00-04:00,15.449999809265137,16.81999969482422,15.449999809265137,16.399999618530273,318100,0.0,0.0
2022-06-08 00:00:00-04:00,16.360000610351562,16.989999771118164,15.75,16.65999984741211,114900,0.0,0.0
2022-06-09 00:00:00-04:00,16.450000762939453,16.690000534057617,14.770000457763672,15.760000228881836,150600,0.0,0.0
2022-06-10 00:00:00-04:00,15.329999923706055,15.449999809265137,14.59000015258789,14.600000381469727,36300,0.0,0.0
2022-06-13 00:00:00-04:00,14.4399995803833,14.4399995803833,13.029999732971191,13.859999656677246,83100,0.0,0.0
2022-06-14 00:00:00-04:00,13.859999656677246,14.630000114440918,13.5,14.270000457763672,62200,0.0,0.0
2022-06-15 00:00:00-04:00,14.34000015258789,15.380000114440918,14.34000015258789,14.949999809265137,72200,0.0,0.0
2022-06-16 00:00:00-04:00,14.529999732971191,15.289999961853027,14.270000457763672,14.699999809265137,237400,0.0,0.0
2022-06-17 00:00:00-04:00,14.739999771118164,15.510000228881836,14.140000343322754,14.300000190734863,150600,0.0,0.0
2022-06-21 00:00:00-04:00,14.489999771118164,15.114999771118164,11.819999694824219,11.960000038146973,190700,0.0,0.0
2022-06-22 00:00:00-04:00,11.960000038146973,13.300000190734863,11.960000038146973,12.9399995803833,72300,0.0,0.0
2022-06-23 00:00:00-04:00,12.899999618530273,13.510000228881836,12.84000015258789,13.15999984741211,65400,0.0,0.0
2022-06-24 00:00:00-04:00,13.270000457763672,14.020000457763672,13.0,13.949999809265137,562200,0.0,0.0
2022-06-27 00:00:00-04:00,13.899999618530273,14.520000457763672,13.25,13.770000457763672,75200,0.0,0.0
2022-06-28 00:00:00-04:00,13.680000305175781,14.529999732971191,13.550000190734863,14.119999885559082,72400,0.0,0.0
2022-06-29 00:00:00-04:00,14.1899995803833,14.75,13.75,14.0,25200,0.0,0.0
2022-06-30 00:00:00-04:00,13.710000038146973,14.079999923706055,13.600000381469727,14.079999923706055,47900,0.0,0.0
2022-07-01 00:00:00-04:00,14.079999923706055,15.289999961853027,14.039999961853027,15.180000305175781,89700,0.0,0.0
2022-07-05 00:00:00-04:00,14.770000457763672,15.029999732971191,13.569999694824219,14.09000015258789,131600,0.0,0.0
2022-07-06 00:00:00-04:00,14.210000038146973,15.119999885559082,14.210000038146973,14.869999885559082,43600,0.0,0.0
2022-07-07 00:00:00-04:00,14.949999809265137,15.359999656677246,14.204999923706055,14.390000343322754,65900,0.0,0.0
2022-07-08 00:00:00-04:00,14.319999694824219,15.380000114440918,14.319999694824219,15.300000190734863,37400,0.0,0.0
2022-07-11 00:00:00-04:00,15.25,15.270000457763672,14.699999809265137,14.739999771118164,37600,0.0,0.0
2022-07-12 00:00:00-04:00,14.619999885559082,14.869999885559082,13.875,13.979999542236328,60500,0.0,0.0
2022-07-13 00:00:00-04:00,13.90999984741211,14.4399995803833,13.850000381469727,14.25,16900,0.0,0.0
2022-07-14 00:00:00-04:00,14.039999961853027,15.029999732971191,14.0,14.149999618530273,74700,0.0,0.0
2022-07-15 00:00:00-04:00,14.5600004196167,14.949999809265137,14.189000129699707,14.329999923706055,55200,0.0,0.0
2022-07-18 00:00:00-04:00,14.489999771118164,14.489999771118164,13.109999656677246,13.260000228881836,38200,0.0,0.0
2022-07-19 00:00:00-04:00,13.630000114440918,14.454999923706055,13.34000015258789,14.270000457763672,37700,0.0,0.0
2022-07-20 00:00:00-04:00,14.170000076293945,14.609999656677246,13.760000228881836,14.050000190734863,40900,0.0,0.0
2022-07-21 00:00:00-04:00,13.890000343322754,14.680000305175781,13.869999885559082,14.619999885559082,34900,0.0,0.0
2022-07-22 00:00:00-04:00,14.8100004196167,14.89799976348877,14.239999771118164,14.600000381469727,29700,0.0,0.0
2022-07-25 00:00:00-04:00,14.59000015258789,14.989999771118164,14.430000305175781,14.829999923706055,35600,0.0,0.0
2022-07-26 00:00:00-04:00,14.90999984741211,15.699999809265137,14.819999694824219,14.989999771118164,77200,0.0,0.0
2022-07-27 00:00:00-04:00,15.119999885559082,15.307999610900879,14.614999771118164,15.0,73100,0.0,0.0
2022-07-28 00:00:00-04:00,15.210000038146973,15.369999885559082,14.5600004196167,14.710000038146973,48600,0.0,0.0
2022-07-29 00:00:00-04:00,15.0,15.930000305175781,14.770000457763672,14.960000038146973,44600,0.0,0.0
2022-08-01 00:00:00-04:00,14.859999656677246,15.175000190734863,14.210000038146973,14.800000190734863,47100,0.0,0.0
2022-08-02 00:00:00-04:00,14.84000015258789,15.1899995803833,14.579999923706055,14.6899995803833,57400,0.0,0.0
2022-08-03 00:00:00-04:00,14.970000267028809,15.470000267028809,14.84000015258789,14.949999809265137,40700,0.0,0.0
2022-08-04 00:00:00-04:00,14.949999809265137,15.359999656677246,14.850000381469727,15.069999694824219,44700,0.0,0.0
2022-08-05 00:00:00-04:00,14.760000228881836,16.0,14.649999618530273,15.699999809265137,51800,0.0,0.0
2022-08-08 00:00:00-04:00,15.960000038146973,16.0,15.460000038146973,15.649999618530273,56600,0.0,0.0
2022-08-09 00:00:00-04:00,16.0,16.010000228881836,14.739999771118164,15.239999771118164,143600,0.0,0.0
2022-08-10 00:00:00-04:00,15.449999809265137,15.9399995803833,15.239999771118164,15.850000381469727,231200,0.0,0.0
2022-08-11 00:00:00-04:00,15.800000190734863,15.989999771118164,15.477999687194824,15.520000457763672,96700,0.0,0.0
2022-08-12 00:00:00-04:00,15.720000267028809,15.970000267028809,14.069999694824219,14.399999618530273,174200,0.0,0.0
2022-08-15 00:00:00-04:00,14.609999656677246,14.779999732971191,13.170000076293945,13.619999885559082,224300,0.0,0.0
2022-08-16 00:00:00-04:00,13.899999618530273,14.220000267028809,13.25,13.5,184900,0.0,0.0
2022-08-17 00:00:00-04:00,13.430000305175781,13.779999732971191,12.994999885559082,13.739999771118164,114300,0.0,0.0
2022-08-18 00:00:00-04:00,13.579999923706055,14.510000228881836,13.5600004196167,14.4399995803833,65300,0.0,0.0
2022-08-19 00:00:00-04:00,14.079999923706055,14.430000305175781,13.5,13.609999656677246,37000,0.0,0.0
2022-08-22 00:00:00-04:00,13.470000267028809,14.1850004196167,13.34000015258789,13.5,48200,0.0,0.0
2022-08-23 00:00:00-04:00,13.430000305175781,13.5600004196167,13.029999732971191,13.390000343322754,32700,0.0,0.0
2022-08-24 00:00:00-04:00,13.220000267028809,13.380000114440918,12.720000267028809,13.180000305175781,99000,0.0,0.0
2022-08-25 00:00:00-04:00,13.149999618530273,13.890000343322754,13.149999618530273,13.59000015258789,100600,0.0,0.0
2022-08-26 00:00:00-04:00,13.869999885559082,14.079999923706055,12.890000343322754,13.029999732971191,65800,0.0,0.0
2022-08-29 00:00:00-04:00,12.949999809265137,13.039999961853027,12.5,12.550000190734863,23000,0.0,0.0
2022-08-30 00:00:00-04:00,12.510000228881836,12.630000114440918,12.119999885559082,12.369999885559082,43300,0.0,0.0
2022-08-31 00:00:00-04:00,12.460000038146973,12.805000305175781,12.4399995803833,12.510000228881836,38500,0.0,0.0
2022-09-01 00:00:00-04:00,12.4399995803833,12.859999656677246,12.300000190734863,12.789999961853027,40800,0.0,0.0
2022-09-02 00:00:00-04:00,12.899999618530273,13.079999923706055,12.680000305175781,12.760000228881836,14700,0.0,0.0
2022-09-06 00:00:00-04:00,12.890000343322754,13.699999809265137,12.770999908447266,13.0600004196167,46400,0.0,0.0
2022-09-07 00:00:00-04:00,12.899999618530273,13.649999618530273,12.899999618530273,13.609999656677246,53800,0.0,0.0
2022-09-08 00:00:00-04:00,13.430000305175781,14.399999618530273,13.430000305175781,14.369999885559082,87400,0.0,0.0
2022-09-09 00:00:00-04:00,14.170000076293945,14.885000228881836,13.920000076293945,14.130000114440918,82600,0.0,0.0
2022-09-12 00:00:00-04:00,14.020000457763672,14.475000381469727,13.529999732971191,14.100000381469727,39900,0.0,0.0
2022-09-13 00:00:00-04:00,13.680000305175781,13.680000305175781,12.9399995803833,12.989999771118164,72000,0.0,0.0
2022-09-14 00:00:00-04:00,13.079999923706055,13.229999542236328,12.699999809265137,13.020000457763672,38400,0.0,0.0
2022-09-15 00:00:00-04:00,13.020000457763672,13.274999618530273,12.5,12.800000190734863,65400,0.0,0.0
2022-09-16 00:00:00-04:00,12.710000038146973,13.119999885559082,12.119999885559082,12.970000267028809,345700,0.0,0.0
2022-09-19 00:00:00-04:00,12.880000114440918,13.069999694824219,12.4399995803833,12.460000038146973,230200,0.0,0.0
2022-09-20 00:00:00-04:00,12.420000076293945,12.420000076293945,12.010000228881836,12.119999885559082,44700,0.0,0.0
2022-09-21 00:00:00-04:00,12.140000343322754,12.916000366210938,11.420000076293945,11.75,53500,0.0,0.0
2022-09-22 00:00:00-04:00,11.5600004196167,12.039999961853027,11.359999656677246,11.729999542236328,56700,0.0,0.0
2022-09-23 00:00:00-04:00,11.40999984741211,11.609999656677246,10.75,11.380000114440918,69200,0.0,0.0
2022-09-26 00:00:00-04:00,11.199999809265137,11.880000114440918,10.630000114440918,11.1899995803833,60200,0.0,0.0
2022-09-27 00:00:00-04:00,11.300000190734863,11.666000366210938,10.619999885559082,11.220000267028809,52200,0.0,0.0
2022-09-28 00:00:00-04:00,11.390000343322754,11.829999923706055,11.010000228881836,11.5,50600,0.0,0.0
2022-09-29 00:00:00-04:00,11.369999885559082,11.640000343322754,10.789999961853027,11.520000457763672,121600,0.0,0.0
2022-09-30 00:00:00-04:00,11.850000381469727,12.279999732971191,11.359999656677246,12.0,79600,0.0,0.0
2022-10-03 00:00:00-04:00,12.3100004196167,12.729999542236328,11.829999923706055,12.039999961853027,80200,0.0,0.0
2022-10-04 00:00:00-04:00,12.25,12.437000274658203,11.770000457763672,12.239999771118164,68900,0.0,0.0
2022-10-05 00:00:00-04:00,12.130000114440918,12.229999542236328,11.649999618530273,11.739999771118164,36800,0.0,0.0
2022-10-06 00:00:00-04:00,11.680000305175781,11.835000038146973,11.270000457763672,11.640000343322754,54900,0.0,0.0
2022-10-07 00:00:00-04:00,11.550000190734863,11.550000190734863,10.949999809265137,10.989999771118164,66800,0.0,0.0
2022-10-10 00:00:00-04:00,11.140000343322754,11.140000343322754,9.859999656677246,9.930000305175781,84600,0.0,0.0
2022-10-11 00:00:00-04:00,10.0,10.670000076293945,9.944999694824219,10.0,59900,0.0,0.0
2022-10-12 00:00:00-04:00,10.079999923706055,10.210000038146973,9.78499984741211,10.069999694824219,33000,0.0,0.0
2022-10-13 00:00:00-04:00,9.779999732971191,10.579999923706055,9.779999732971191,10.5,51600,0.0,0.0
2022-10-14 00:00:00-04:00,10.630000114440918,10.916999816894531,10.079999923706055,10.239999771118164,53900,0.0,0.0
2022-10-17 00:00:00-04:00,10.40999984741211,10.619999885559082,10.385000228881836,10.59000015258789,33600,0.0,0.0
2022-10-18 00:00:00-04:00,10.8100004196167,11.050000190734863,10.515000343322754,11.050000190734863,144000,0.0,0.0
2022-10-19 00:00:00-04:00,10.970000267028809,11.130000114440918,10.9399995803833,11.079999923706055,34100,0.0,0.0
2022-10-20 00:00:00-04:00,11.140000343322754,11.520000457763672,11.050000190734863,11.119999885559082,24900,0.0,0.0
2022-10-21 00:00:00-04:00,11.1899995803833,11.460000038146973,10.960000038146973,11.0,117200,0.0,0.0
2022-10-24 00:00:00-04:00,11.100000381469727,11.100000381469727,10.640000343322754,10.75,46800,0.0,0.0
2022-10-25 00:00:00-04:00,10.920000076293945,11.390000343322754,10.699999809265137,11.319999694824219,45700,0.0,0.0
2022-10-26 00:00:00-04:00,11.359999656677246,11.899999618530273,11.359999656677246,11.630000114440918,23500,0.0,0.0
2022-10-27 00:00:00-04:00,11.720000267028809,12.5,10.930000305175781,12.100000381469727,77500,0.0,0.0
2022-10-28 00:00:00-04:00,12.15999984741211,13.109999656677246,11.5,12.989999771118164,88600,0.0,0.0
2022-10-31 00:00:00-04:00,12.920000076293945,13.0,12.335000038146973,12.4399995803833,33900,0.0,0.0
2022-11-01 00:00:00-04:00,12.600000381469727,12.640000343322754,12.1899995803833,12.479999542236328,39200,0.0,0.0
2022-11-02 00:00:00-04:00,12.470000267028809,12.614999771118164,11.729999542236328,11.789999961853027,51300,0.0,0.0
2022-11-03 00:00:00-04:00,11.779999732971191,11.819999694824219,10.760000228881836,11.520000457763672,67400,0.0,0.0
2022-11-04 00:00:00-04:00,11.760000228881836,11.770000457763672,11.265000343322754,11.699999809265137,25400,0.0,0.0
2022-11-07 00:00:00-05:00,11.670000076293945,12.880000114440918,11.670000076293945,12.619999885559082,44500,0.0,0.0
2022-11-08 00:00:00-05:00,13.239999771118164,14.5,12.920000076293945,13.470000267028809,96900,0.0,0.0
2022-11-09 00:00:00-05:00,13.270000457763672,14.010000228881836,12.520000457763672,12.970000267028809,104600,0.0,0.0
2022-11-10 00:00:00-05:00,13.640000343322754,14.220000267028809,13.369999885559082,13.550000190734863,78400,0.0,0.0
2022-11-11 00:00:00-05:00,13.4399995803833,14.270000457763672,13.220000267028809,13.40999984741211,66600,0.0,0.0
2022-11-14 00:00:00-05:00,13.350000381469727,14.1899995803833,12.960000038146973,13.880000114440918,102400,0.0,0.0
2022-11-15 00:00:00-05:00,13.75,14.239999771118164,13.270000457763672,13.569999694824219,88200,0.0,0.0
2022-11-16 00:00:00-05:00,13.399999618530273,14.255000114440918,13.399999618530273,13.949999809265137,73800,0.0,0.0
2022-11-17 00:00:00-05:00,13.600000381469727,13.930000305175781,13.25,13.479999542236328,38400,0.0,0.0
2022-11-18 00:00:00-05:00,13.8100004196167,13.8100004196167,12.979999542236328,13.210000038146973,59800,0.0,0.0
2022-11-21 00:00:00-05:00,13.050000190734863,13.71500015258789,12.619999885559082,12.770000457763672,49100,0.0,0.0
2022-11-22 00:00:00-05:00,12.800000190734863,12.800000190734863,12.010000228881836,12.460000038146973,43500,0.0,0.0
2022-11-23 00:00:00-05:00,12.3100004196167,12.699999809265137,12.3100004196167,12.569999694824219,27300,0.0,0.0
2022-11-25 00:00:00-05:00,12.329999923706055,12.399999618530273,11.960000038146973,11.960000038146973,13600,0.0,0.0
2022-11-28 00:00:00-05:00,11.949999809265137,12.279999732971191,11.520000457763672,12.050000190734863,78200,0.0,0.0
2022-11-29 00:00:00-05:00,11.989999771118164,12.279999732971191,11.545000076293945,12.020000457763672,31300,0.0,0.0
2022-11-30 00:00:00-05:00,12.109999656677246,12.859999656677246,11.9399995803833,12.770000457763672,49400,0.0,0.0
2022-12-01 00:00:00-05:00,12.899999618530273,13.880000114440918,12.869999885559082,13.779999732971191,80300,0.0,0.0
2022-12-02 00:00:00-05:00,13.550000190734863,14.319999694824219,13.550000190734863,14.199999809265137,62700,0.0,0.0
2022-12-05 00:00:00-05:00,14.0,14.109999656677246,13.579999923706055,13.829999923706055,75200,0.0,0.0
2022-12-06 00:00:00-05:00,13.779999732971191,13.949999809265137,12.520000457763672,12.770000457763672,61200,0.0,0.0
2022-12-07 00:00:00-05:00,12.770000457763672,14.0,12.770000457763672,13.819999694824219,44400,0.0,0.0
2022-12-08 00:00:00-05:00,13.899999618530273,14.359999656677246,12.706999778747559,13.920000076293945,37400,0.0,0.0
2022-12-09 00:00:00-05:00,13.890000343322754,14.25,13.079999923706055,13.359999656677246,35300,0.0,0.0
2022-12-12 00:00:00-05:00,12.569999694824219,13.289999961853027,11.8149995803833,12.829999923706055,168900,0.0,0.0
2022-12-13 00:00:00-05:00,13.260000228881836,13.260000228881836,12.510000228881836,12.6899995803833,34300,0.0,0.0
2022-12-14 00:00:00-05:00,12.640000343322754,12.829999923706055,12.289999961853027,12.300000190734863,33700,0.0,0.0
2022-12-15 00:00:00-05:00,12.289999961853027,12.342000007629395,11.718999862670898,12.050000190734863,39600,0.0,0.0
2022-12-16 00:00:00-05:00,11.829999923706055,12.164999961853027,11.107999801635742,11.329999923706055,138300,0.0,0.0
2022-12-19 00:00:00-05:00,11.329999923706055,11.329999923706055,10.289999961853027,10.59000015258789,94600,0.0,0.0
2022-12-20 00:00:00-05:00,10.579999923706055,11.369999885559082,10.579999923706055,11.170000076293945,66600,0.0,0.0
2022-12-21 00:00:00-05:00,11.359999656677246,12.220000267028809,11.324999809265137,11.8100004196167,61100,0.0,0.0
2022-12-22 00:00:00-05:00,11.59000015258789,12.550000190734863,11.59000015258789,12.4399995803833,65400,0.0,0.0
2022-12-23 00:00:00-05:00,12.489999771118164,12.529999732971191,11.170000076293945,11.880000114440918,80500,0.0,0.0
2022-12-27 00:00:00-05:00,11.699999809265137,11.880000114440918,11.220000267028809,11.3100004196167,22300,0.0,0.0
2022-12-28 00:00:00-05:00,11.3100004196167,12.104999542236328,11.3100004196167,11.739999771118164,46100,0.0,0.0
2022-12-29 00:00:00-05:00,11.920000076293945,12.569999694824219,11.850000381469727,12.149999618530273,37500,0.0,0.0
2022-12-30 00:00:00-05:00,11.979999542236328,12.760000228881836,11.979999542236328,12.670000076293945,64100,0.0,0.0
2023-01-03 00:00:00-05:00,12.819999694824219,13.369999885559082,12.65999984741211,12.779999732971191,139700,0.0,0.0
2023-01-04 00:00:00-05:00,12.489999771118164,13.100000381469727,12.175000190734863,12.890000343322754,157400,0.0,0.0
2023-01-05 00:00:00-05:00,12.979999542236328,13.055000305175781,12.760000228881836,12.850000381469727,99900,0.0,0.0
2023-01-06 00:00:00-05:00,12.835000038146973,13.399999618530273,12.529999732971191,12.90999984741211,145500,0.0,0.0
2023-01-09 00:00:00-05:00,12.920000076293945,14.5,12.913000106811523,13.550000190734863,124400,0.0,0.0
2023-01-10 00:00:00-05:00,13.619999885559082,14.279999732971191,13.199999809265137,13.369999885559082,61600,0.0,0.0
2023-01-11 00:00:00-05:00,13.239999771118164,13.989999771118164,13.079999923706055,13.8100004196167,108900,0.0,0.0
2023-01-12 00:00:00-05:00,13.920000076293945,13.920000076293945,12.880000114440918,13.25,62300,0.0,0.0
2023-01-13 00:00:00-05:00,13.109999656677246,13.619999885559082,12.9399995803833,13.079999923706055,88600,0.0,0.0
2023-01-17 00:00:00-05:00,12.920000076293945,13.102999687194824,12.84000015258789,13.010000228881836,85800,0.0,0.0
2023-01-18 00:00:00-05:00,13.020000457763672,13.220000267028809,12.40999984741211,12.579999923706055,119700,0.0,0.0
2023-01-19 00:00:00-05:00,12.430000305175781,13.0600004196167,12.0600004196167,12.84000015258789,37300,0.0,0.0
2023-01-20 00:00:00-05:00,12.979999542236328,13.09000015258789,12.760000228881836,13.050000190734863,31400,0.0,0.0
2023-01-23 00:00:00-05:00,12.960000038146973,13.25,12.779999732971191,13.020000457763672,124500,0.0,0.0
2023-01-24 00:00:00-05:00,13.010000228881836,13.180000305175781,12.78499984741211,12.880000114440918,18400,0.0,0.0
2023-01-25 00:00:00-05:00,12.75,13.140000343322754,12.180000305175781,12.899999618530273,36000,0.0,0.0
2023-01-26 00:00:00-05:00,12.9399995803833,13.59000015258789,12.729999542236328,13.1899995803833,111200,0.0,0.0
2023-01-27 00:00:00-05:00,13.199999809265137,14.5,13.199999809265137,14.25,108700,0.0,0.0
2023-01-30 00:00:00-05:00,13.989999771118164,14.489999771118164,13.729999542236328,13.8100004196167,37100,0.0,0.0
2023-01-31 00:00:00-05:00,13.960000038146973,14.210000038146973,13.760000228881836,14.0,46500,0.0,0.0
2023-02-01 00:00:00-05:00,14.109999656677246,14.25,13.279999732971191,13.90999984741211,63500,0.0,0.0
2023-02-02 00:00:00-05:00,13.899999618530273,14.390000343322754,13.814000129699707,13.989999771118164,33000,0.0,0.0
2023-02-03 00:00:00-05:00,13.770000457763672,14.069999694824219,13.585000038146973,13.90999984741211,48000,0.0,0.0
2023-02-06 00:00:00-05:00,13.739999771118164,13.97700023651123,13.619999885559082,13.699999809265137,25400,0.0,0.0
2023-02-07 00:00:00-05:00,13.619999885559082,13.914999961853027,13.5,13.770000457763672,27400,0.0,0.0
2023-02-08 00:00:00-05:00,12.420000076293945,13.069999694824219,12.210000038146973,12.710000038146973,805100,0.0,0.0
2023-02-09 00:00:00-05:00,12.710000038146973,13.069999694824219,12.239999771118164,12.579999923706055,110200,0.0,0.0
2023-02-10 00:00:00-05:00,12.5,12.9399995803833,12.414999961853027,12.819999694824219,97500,0.0,0.0
2023-02-13 00:00:00-05:00,12.789999961853027,13.449999809265137,12.770000457763672,13.369999885559082,118500,0.0,0.0
2023-02-14 00:00:00-05:00,13.760000228881836,14.430000305175781,13.449999809265137,13.970000267028809,159500,0.0,0.0
2023-02-15 00:00:00-05:00,13.930000305175781,14.300000190734863,13.725000381469727,13.84000015258789,110800,0.0,0.0
2023-02-16 00:00:00-05:00,13.75,13.829999923706055,13.079999923706055,13.210000038146973,57100,0.0,0.0
2023-02-17 00:00:00-05:00,13.34000015258789,14.010000228881836,13.210000038146973,13.899999618530273,66900,0.0,0.0
2023-02-21 00:00:00-05:00,13.460000038146973,14.119999885559082,13.460000038146973,13.760000228881836,129700,0.0,0.0
2023-02-22 00:00:00-05:00,13.779999732971191,13.850000381469727,13.449999809265137,13.680000305175781,105200,0.0,0.0
2023-02-23 00:00:00-05:00,13.800000190734863,14.170000076293945,13.40999984741211,13.949999809265137,146300,0.0,0.0
2023-02-24 00:00:00-05:00,13.640000343322754,14.0600004196167,13.5600004196167,13.649999618530273,65200,0.0,0.0
2023-02-27 00:00:00-05:00,13.850000381469727,13.9399995803833,13.40999984741211,13.739999771118164,46400,0.0,0.0
2023-02-28 00:00:00-05:00,13.75,14.010000228881836,13.600000381469727,13.720000267028809,74100,0.0,0.0
2023-03-01 00:00:00-05:00,13.710000038146973,13.779999732971191,13.0,13.130000114440918,119600,0.0,0.0
2023-03-02 00:00:00-05:00,13.0600004196167,13.729999542236328,13.010000228881836,13.359999656677246,90500,0.0,0.0
2023-03-03 00:00:00-05:00,13.5,14.0,13.229999542236328,13.890000343322754,153300,0.0,0.0
2023-03-06 00:00:00-05:00,13.960000038146973,15.6899995803833,13.75,15.6899995803833,292800,0.0,0.0
2023-03-07 00:00:00-05:00,15.600000381469727,16.0,15.09000015258789,15.239999771118164,428600,0.0,0.0
2023-03-08 00:00:00-05:00,15.079999923706055,15.489999771118164,14.8100004196167,14.979999542236328,279200,0.0,0.0
2023-03-09 00:00:00-05:00,14.899999618530273,15.675000190734863,14.649999618530273,14.949999809265137,161800,0.0,0.0
2023-03-10 00:00:00-05:00,14.880000114440918,15.130000114440918,14.140000343322754,14.520000457763672,133000,0.0,0.0
2023-03-13 00:00:00-04:00,14.380000114440918,15.119999885559082,14.25,14.729999542236328,119200,0.0,0.0
2023-03-14 00:00:00-04:00,15.050000190734863,15.319999694824219,14.430000305175781,15.180000305175781,167700,0.0,0.0
2023-03-15 00:00:00-04:00,14.899999618530273,15.050000190734863,14.640000343322754,14.949999809265137,105300,0.0,0.0
2023-03-16 00:00:00-04:00,14.800000190734863,15.300000190734863,14.779999732971191,15.1899995803833,206800,0.0,0.0
2023-03-17 00:00:00-04:00,15.140000343322754,15.369999885559082,14.90999984741211,15.25,831500,0.0,0.0
2023-03-20 00:00:00-04:00,15.199999809265137,15.520000457763672,15.149999618530273,15.479999542236328,116400,0.0,0.0
2023-03-21 00:00:00-04:00,15.729999542236328,15.831999778747559,15.569999694824219,15.75,166600,0.0,0.0
2023-03-22 00:00:00-04:00,15.760000228881836,16.469999313354492,15.484999656677246,15.869999885559082,242000,0.0,0.0
2023-03-23 00:00:00-04:00,15.899999618530273,16.5,15.835000038146973,16.049999237060547,185200,0.0,0.0
2023-03-24 00:00:00-04:00,15.949999809265137,16.690000534057617,15.878999710083008,16.670000076293945,325500,0.0,0.0
2023-03-27 00:00:00-04:00,16.75,17.02400016784668,16.334999084472656,16.399999618530273,167100,0.0,0.0
2023-03-28 00:00:00-04:00,16.219999313354492,16.8799991607666,16.209999084472656,16.329999923706055,109600,0.0,0.0
2023-03-29 00:00:00-04:00,16.40999984741211,16.979000091552734,16.32900047302246,16.530000686645508,106200,0.0,0.0
2023-03-30 00:00:00-04:00,16.6299991607666,16.655000686645508,16.3700008392334,16.450000762939453,98400,0.0,0.0
2023-03-31 00:00:00-04:00,16.600000381469727,16.81999969482422,16.459999084472656,16.68000030517578,363500,0.0,0.0
2023-04-03 00:00:00-04:00,16.729999542236328,17.357999801635742,16.665000915527344,17.219999313354492,182700,0.0,0.0
2023-04-04 00:00:00-04:00,17.399999618530273,17.729999542236328,16.889999389648438,16.950000762939453,271100,0.0,0.0
2023-04-05 00:00:00-04:00,16.940000534057617,17.40999984741211,16.280000686645508,16.3700008392334,164300,0.0,0.0
2023-04-06 00:00:00-04:00,16.389999389648438,16.989999771118164,16.149999618530273,16.8799991607666,145700,0.0,0.0
2023-04-10 00:00:00-04:00,16.8799991607666,17.084999084472656,16.729999542236328,16.93000030517578,129500,0.0,0.0
2023-04-11 00:00:00-04:00,16.940000534057617,17.399999618530273,16.940000534057617,17.239999771118164,99900,0.0,0.0
2023-04-12 00:00:00-04:00,17.440000534057617,17.649999618530273,17.18000030517578,17.280000686645508,89000,0.0,0.0
2023-04-13 00:00:00-04:00,17.59000015258789,18.600000381469727,17.565000534057617,17.8700008392334,221100,0.0,0.0
2023-04-14 00:00:00-04:00,18.079999923706055,18.079999923706055,17.479999542236328,17.59000015258789,99100,0.0,0.0
2023-04-17 00:00:00-04:00,17.639999389648438,18.079999923706055,17.469999313354492,17.84000015258789,232300,0.0,0.0
2023-04-18 00:00:00-04:00,17.920000076293945,17.961999893188477,17.350000381469727,17.389999389648438,67300,0.0,0.0
2023-04-19 00:00:00-04:00,17.40999984741211,17.665000915527344,17.290000915527344,17.399999618530273,88700,0.0,0.0
2023-04-20 00:00:00-04:00,17.399999618530273,17.600000381469727,17.350000381469727,17.420000076293945,338900,0.0,0.0
2023-04-21 00:00:00-04:00,17.350000381469727,17.989999771118164,17.0,17.75,454500,0.0,0.0
2023-04-24 00:00:00-04:00,17.799999237060547,17.899999618530273,17.469999313354492,17.56999969482422,93200,0.0,0.0
2023-04-25 00:00:00-04:00,17.43000030517578,17.530000686645508,17.229999542236328,17.3700008392334,178800,0.0,0.0
2023-04-26 00:00:00-04:00,17.31999969482422,17.5049991607666,17.09000015258789,17.420000076293945,108700,0.0,0.0
2023-04-27 00:00:00-04:00,17.549999237060547,18.489999771118164,17.459999084472656,18.260000228881836,876400,0.0,0.0
2023-04-28 00:00:00-04:00,18.200000762939453,18.799999237060547,17.860000610351562,17.899999618530273,617700,0.0,0.0
2023-05-01 00:00:00-04:00,17.799999237060547,18.799999237060547,17.5939998626709,18.799999237060547,362400,0.0,0.0
2023-05-02 00:00:00-04:00,18.700000762939453,19.0,18.389999389648438,18.540000915527344,331200,0.0,0.0
2023-05-03 00:00:00-04:00,18.549999237060547,18.989999771118164,18.40999984741211,18.850000381469727,260700,0.0,0.0
2023-05-04 00:00:00-04:00,18.790000915527344,18.945999145507812,18.09000015258789,18.1200008392334,142200,0.0,0.0
2023-05-05 00:00:00-04:00,18.270000457763672,18.424999237060547,18.209999084472656,18.350000381469727,105600,0.0,0.0
2023-05-08 00:00:00-04:00,18.3799991607666,19.489999771118164,18.350000381469727,19.40999984741211,408500,0.0,0.0
2023-05-09 00:00:00-04:00,19.440000534057617,19.790000915527344,18.719999313354492,19.25,577000,0.0,0.0
2023-05-10 00:00:00-04:00,20.0,23.790000915527344,19.899999618530273,21.149999618530273,1070700,0.0,0.0
2023-05-11 00:00:00-04:00,21.15999984741211,22.059999465942383,20.3700008392334,21.969999313354492,284800,0.0,0.0
2023-05-12 00:00:00-04:00,22.18000030517578,23.059999465942383,21.920000076293945,22.959999084472656,382100,0.0,0.0
2023-05-15 00:00:00-04:00,23.100000381469727,23.329999923706055,22.349000930786133,22.639999389648438,373400,0.0,0.0
2023-05-16 00:00:00-04:00,22.469999313354492,23.610000610351562,21.649999618530273,23.510000228881836,467400,0.0,0.0
2023-05-17 00:00:00-04:00,23.739999771118164,24.6299991607666,23.274999618530273,23.959999084472656,437600,0.0,0.0
2023-05-18 00:00:00-04:00,23.600000381469727,24.799999237060547,23.020000457763672,24.520000457763672,597900,0.0,0.0
2023-05-19 00:00:00-04:00,24.84000015258789,25.690000534057617,24.718000411987305,25.559999465942383,219900,0.0,0.0
2023-05-22 00:00:00-04:00,25.90999984741211,26.770000457763672,25.7450008392334,26.079999923706055,307800,0.0,0.0
2023-05-23 00:00:00-04:00,26.100000381469727,27.530000686645508,25.38800048828125,26.06999969482422,497400,0.0,0.0
2023-05-24 00:00:00-04:00,25.780000686645508,25.950000762939453,25.239999771118164,25.84000015258789,182000,0.0,0.0
2023-05-25 00:00:00-04:00,25.90999984741211,26.139999389648438,25.399999618530273,25.559999465942383,242100,0.0,0.0
2023-05-26 00:00:00-04:00,25.510000228881836,26.395000457763672,25.510000228881836,26.225000381469727,379000,0.0,0.0
2023-05-30 00:00:00-04:00,26.639999389648438,26.709999084472656,25.15999984741211,25.15999984741211,657600,0.0,0.0
2023-05-31 00:00:00-04:00,25.0,25.295000076293945,23.829999923706055,24.3700008392334,1003700,0.0,0.0
2023-06-01 00:00:00-04:00,24.299999237060547,26.709999084472656,24.299999237060547,26.170000076293945,557000,0.0,0.0
2023-06-02 00:00:00-04:00,26.479999542236328,26.65999984741211,25.604999542236328,26.030000686645508,233200,0.0,0.0
2023-06-05 00:00:00-04:00,26.399999618530273,26.399999618530273,25.739999771118164,26.209999084472656,456800,0.0,0.0
2023-06-06 00:00:00-04:00,26.079999923706055,26.40999984741211,25.780000686645508,26.219999313354492,582400,0.0,0.0
2023-06-07 00:00:00-04:00,26.270000457763672,27.440000534057617,25.649999618530273,25.68000030517578,615700,0.0,0.0
2023-06-08 00:00:00-04:00,25.520000457763672,26.530000686645508,25.329999923706055,26.0,687100,0.0,0.0
2023-06-09 00:00:00-04:00,26.0,26.760000228881836,25.81999969482422,25.920000076293945,471400,0.0,0.0
2023-06-12 00:00:00-04:00,25.850000381469727,26.170000076293945,25.6200008392334,26.0,1111900,0.0,0.0
2023-06-13 00:00:00-04:00,25.899999618530273,26.58799934387207,25.655000686645508,26.190000534057617,848000,0.0,0.0
2023-06-14 00:00:00-04:00,25.969999313354492,26.25,25.0,26.209999084472656,414000,0.0,0.0
2023-06-15 00:00:00-04:00,26.15999984741211,26.479999542236328,25.670000076293945,25.690000534057617,357200,0.0,0.0
2023-06-16 00:00:00-04:00,26.1299991607666,26.200000762939453,25.209999084472656,25.59000015258789,329100,0.0,0.0
2023-06-20 00:00:00-04:00,25.6200008392334,26.420000076293945,25.010000228881836,25.959999084472656,421700,0.0,0.0
2023-06-21 00:00:00-04:00,26.079999923706055,26.65999984741211,25.81999969482422,26.110000610351562,465600,0.0,0.0
2023-06-22 00:00:00-04:00,26.06999969482422,27.315000534057617,25.329999923706055,26.75,623300,0.0,0.0
2023-06-23 00:00:00-04:00,26.3799991607666,26.809999465942383,25.770000457763672,26.020000457763672,1065200,0.0,0.0
2023-06-26 00:00:00-04:00,26.040000915527344,26.065000534057617,25.239999771118164,25.469999313354492,368900,0.0,0.0
2023-06-27 00:00:00-04:00,25.5,25.719999313354492,25.15999984741211,25.31999969482422,395700,0.0,0.0
2023-06-28 00:00:00-04:00,25.149999618530273,26.3700008392334,24.520000457763672,26.360000610351562,321600,0.0,0.0
2023-06-29 00:00:00-04:00,26.549999237060547,29.559999465942383,26.549999237060547,28.899999618530273,775000,0.0,0.0
2023-06-30 00:00:00-04:00,29.0,29.31999969482422,28.420000076293945,28.799999237060547,524800,0.0,0.0
2023-07-03 00:00:00-04:00,28.639999389648438,28.69499969482422,27.530000686645508,28.31999969482422,137000,0.0,0.0
2023-07-05 00:00:00-04:00,28.31999969482422,28.43600082397461,27.315000534057617,27.920000076293945,158600,0.0,0.0
2023-07-06 00:00:00-04:00,27.84000015258789,28.270000457763672,27.34000015258789,28.239999771118164,245300,0.0,0.0
2023-07-07 00:00:00-04:00,28.75,31.8799991607666,28.75,31.219999313354492,857700,0.0,0.0
2023-07-10 00:00:00-04:00,31.299999237060547,31.690000534057617,30.3700008392334,31.68000030517578,378200,0.0,0.0
2023-07-11 00:00:00-04:00,31.8700008392334,31.882999420166016,29.770000457763672,30.770000457763672,527900,0.0,0.0
2023-07-12 00:00:00-04:00,31.850000381469727,31.850000381469727,30.559999465942383,30.739999771118164,274500,0.0,0.0
2023-07-13 00:00:00-04:00,30.969999313354492,31.440000534057617,30.31999969482422,30.959999084472656,180300,0.0,0.0
2023-07-14 00:00:00-04:00,31.1200008392334,32.68000030517578,31.027999877929688,32.45000076293945,330800,0.0,0.0
2023-07-17 00:00:00-04:00,32.880001068115234,33.577999114990234,31.809999465942383,32.77000045776367,525400,0.0,0.0
2023-07-18 00:00:00-04:00,32.880001068115234,32.880001068115234,32.13999938964844,32.63999938964844,315900,0.0,0.0
2023-07-19 00:00:00-04:00,32.630001068115234,32.79999923706055,31.420000076293945,32.599998474121094,353700,0.0,0.0
2023-07-20 00:00:00-04:00,32.04999923706055,32.349998474121094,30.31999969482422,30.350000381469727,328800,0.0,0.0
2023-07-21 00:00:00-04:00,30.40999984741211,31.68000030517578,30.31999969482422,31.059999465942383,300500,0.0,0.0
2023-07-24 00:00:00-04:00,30.75,31.239999771118164,30.34000015258789,30.649999618530273,212800,0.0,0.0
2023-07-25 00:00:00-04:00,30.43000030517578,31.799999237060547,30.43000030517578,31.15999984741211,314300,0.0,0.0
2023-07-26 00:00:00-04:00,30.889999389648438,31.920000076293945,30.889999389648438,31.84000015258789,226000,0.0,0.0
2023-07-27 00:00:00-04:00,31.84000015258789,33.04999923706055,31.799999237060547,32.36000061035156,338000,0.0,0.0
2023-07-28 00:00:00-04:00,32.5,33.77000045776367,32.4900016784668,33.34000015258789,346900,0.0,0.0
2023-07-31 00:00:00-04:00,33.52000045776367,33.75,32.505001068115234,33.369998931884766,315300,0.0,0.0
2023-08-01 00:00:00-04:00,33.04999923706055,33.65999984741211,32.56999969482422,33.16999816894531,266000,0.0,0.0
2023-08-02 00:00:00-04:00,32.779998779296875,33.18000030517578,32.400001525878906,32.75,804400,0.0,0.0
2023-08-03 00:00:00-04:00,32.52000045776367,33.279998779296875,31.6200008392334,31.850000381469727,605600,0.0,0.0
2023-08-04 00:00:00-04:00,31.770000457763672,32.58000183105469,30.0,30.06999969482422,1264500,0.0,0.0
2023-08-07 00:00:00-04:00,30.0,30.2549991607666,28.670000076293945,28.84000015258789,885400,0.0,0.0
2023-08-08 00:00:00-04:00,32.0,33.04999923706055,29.219999313354492,29.6299991607666,1007500,0.0,0.0
2023-08-09 00:00:00-04:00,29.75,29.75,27.559999465942383,27.6200008392334,1014300,0.0,0.0
2023-08-10 00:00:00-04:00,27.270000457763672,28.25,27.0,27.940000534057617,723400,0.0,0.0
2023-08-11 00:00:00-04:00,27.75,28.530000686645508,27.280000686645508,28.170000076293945,518900,0.0,0.0
2023-08-14 00:00:00-04:00,28.190000534057617,29.65999984741211,27.940000534057617,29.559999465942383,457900,0.0,0.0
2023-08-15 00:00:00-04:00,29.639999389648438,31.610000610351562,29.565000534057617,30.540000915527344,353900,0.0,0.0
2023-08-16 00:00:00-04:00,30.709999084472656,31.399999618530273,30.229999542236328,30.280000686645508,473900,0.0,0.0
2023-08-17 00:00:00-04:00,30.25,30.399999618530273,29.541000366210938,29.56999969482422,436500,0.0,0.0
2023-08-18 00:00:00-04:00,29.229999542236328,30.219999313354492,28.920000076293945,29.969999313354492,307800,0.0,0.0
2023-08-21 00:00:00-04:00,29.959999084472656,30.114999771118164,29.2450008392334,29.399999618530273,307300,0.0,0.0
2023-08-22 00:00:00-04:00,29.520000457763672,29.979999542236328,29.100000381469727,29.950000762939453,465400,0.0,0.0
2023-08-23 00:00:00-04:00,30.049999237060547,30.989999771118164,30.049999237060547,30.450000762939453,439500,0.0,0.0
2023-08-24 00:00:00-04:00,30.6299991607666,30.670000076293945,29.31999969482422,29.360000610351562,390200,0.0,0.0
2023-08-25 00:00:00-04:00,29.399999618530273,29.878999710083008,29.040000915527344,29.5,425700,0.0,0.0
2023-08-28 00:00:00-04:00,29.59000015258789,29.920000076293945,28.1200008392334,28.219999313354492,352800,0.0,0.0
2023-08-29 00:00:00-04:00,28.190000534057617,28.940000534057617,27.704999923706055,28.670000076293945,338200,0.0,0.0
2023-08-30 00:00:00-04:00,28.790000915527344,29.229999542236328,28.329999923706055,29.059999465942383,341600,0.0,0.0
2023-08-31 00:00:00-04:00,29.059999465942383,29.34000015258789,28.530000686645508,29.010000228881836,656300,0.0,0.0
2023-09-01 00:00:00-04:00,29.190000534057617,29.489999771118164,28.861000061035156,29.190000534057617,180400,0.0,0.0
2023-09-05 00:00:00-04:00,29.06999969482422,29.06999969482422,28.239999771118164,28.489999771118164,430100,0.0,0.0
2023-09-06 00:00:00-04:00,28.479999542236328,29.540000915527344,28.479999542236328,29.520000457763672,588400,0.0,0.0
2023-09-07 00:00:00-04:00,29.489999771118164,30.510000228881836,29.3700008392334,29.719999313354492,662900,0.0,0.0
2023-09-08 00:00:00-04:00,29.600000381469727,30.670000076293945,28.81999969482422,28.989999771118164,424400,0.0,0.0
2023-09-11 00:00:00-04:00,29.139999389648438,30.469999313354492,29.139999389648438,30.15999984741211,419200,0.0,0.0
2023-09-12 00:00:00-04:00,29.920000076293945,29.940000534057617,27.610000610351562,27.690000534057617,588900,0.0,0.0
2023-09-13 00:00:00-04:00,27.530000686645508,29.90999984741211,27.260000228881836,29.59000015258789,680200,0.0,0.0
2023-09-14 00:00:00-04:00,29.59000015258789,29.735000610351562,28.84000015258789,29.68000030517578,401700,0.0,0.0
2023-09-15 00:00:00-04:00,30.0,30.09000015258789,29.5,29.829999923706055,1088200,0.0,0.0
2023-09-18 00:00:00-04:00,30.110000610351562,30.110000610351562,28.184999465942383,28.229999542236328,558000,0.0,0.0
2023-09-19 00:00:00-04:00,28.229999542236328,28.84000015258789,28.139999389648438,28.3700008392334,324600,0.0,0.0
2023-09-20 00:00:00-04:00,28.399999618530273,28.84000015258789,27.760000228881836,28.360000610351562,334100,0.0,0.0
2023-09-21 00:00:00-04:00,28.0,28.0,26.510000228881836,27.40999984741211,387900,0.0,0.0
2023-09-22 00:00:00-04:00,27.469999313354492,28.2549991607666,27.139999389648438,27.190000534057617,287300,0.0,0.0
2023-09-25 00:00:00-04:00,27.450000762939453,27.450000762939453,26.90999984741211,27.049999237060547,264000,0.0,0.0
2023-09-26 00:00:00-04:00,26.899999618530273,27.989999771118164,26.899999618530273,27.25,429000,0.0,0.0
2023-09-27 00:00:00-04:00,27.290000915527344,27.77899932861328,26.969999313354492,27.56999969482422,188300,0.0,0.0
2023-09-28 00:00:00-04:00,27.59000015258789,28.5,27.5,28.209999084472656,188700,0.0,0.0
2023-09-29 00:00:00-04:00,28.510000228881836,28.979999542236328,27.649999618530273,27.889999389648438,254100,0.0,0.0
2023-10-02 00:00:00-04:00,27.889999389648438,27.899999618530273,26.6200008392334,26.75,264400,0.0,0.0
2023-10-03 00:00:00-04:00,26.239999771118164,26.7549991607666,25.93000030517578,25.989999771118164,245700,0.0,0.0
2023-10-04 00:00:00-04:00,26.1299991607666,26.6299991607666,25.899999618530273,26.239999771118164,253900,0.0,0.0
2023-10-05 00:00:00-04:00,26.309999465942383,26.5,26.06999969482422,26.219999313354492,442200,0.0,0.0
2023-10-06 00:00:00-04:00,25.950000762939453,27.350000381469727,25.950000762939453,27.020000457763672,544400,0.0,0.0
2023-10-09 00:00:00-04:00,26.760000228881836,27.190000534057617,26.270000457763672,26.68000030517578,162800,0.0,0.0
2023-10-10 00:00:00-04:00,26.610000610351562,27.309999465942383,25.8799991607666,26.43000030517578,283500,0.0,0.0
2023-10-11 00:00:00-04:00,26.389999389648438,26.40999984741211,24.649999618530273,25.290000915527344,255100,0.0,0.0
2023-10-12 00:00:00-04:00,25.459999084472656,25.459999084472656,24.31999969482422,24.389999389648438,513500,0.0,0.0
2023-10-13 00:00:00-04:00,24.15999984741211,24.538000106811523,23.75,24.209999084472656,541200,0.0,0.0
2023-10-16 00:00:00-04:00,24.399999618530273,25.549999237060547,24.19499969482422,25.469999313354492,401700,0.0,0.0
2023-10-17 00:00:00-04:00,25.270000457763672,26.1299991607666,25.270000457763672,25.450000762939453,369900,0.0,0.0
2023-10-18 00:00:00-04:00,25.43000030517578,25.65999984741211,25.114999771118164,25.170000076293945,177400,0.0,0.0
2023-10-19 00:00:00-04:00,25.149999618530273,25.3700008392334,24.59000015258789,24.770000457763672,323100,0.0,0.0
2023-10-20 00:00:00-04:00,24.8700008392334,24.969999313354492,24.30500030517578,24.639999389648438,312800,0.0,0.0
2023-10-23 00:00:00-04:00,24.540000915527344,24.959999084472656,23.520000457763672,24.0,339400,0.0,0.0
2023-10-24 00:00:00-04:00,24.219999313354492,25.260000228881836,24.190000534057617,24.43000030517578,335600,0.0,0.0
2023-10-25 00:00:00-04:00,24.25,24.579999923706055,22.25,22.280000686645508,639200,0.0,0.0
2023-10-26 00:00:00-04:00,22.1299991607666,22.200000762939453,20.8799991607666,21.06999969482422,896300,0.0,0.0
2023-10-27 00:00:00-04:00,20.950000762939453,21.860000610351562,20.829999923706055,21.290000915527344,356900,0.0,0.0
2023-10-30 00:00:00-04:00,21.299999237060547,21.469999313354492,20.65999984741211,20.90999984741211,667700,0.0,0.0
2023-10-31 00:00:00-04:00,21.139999389648438,22.385000228881836,21.139999389648438,22.139999389648438,560100,0.0,0.0
2023-11-01 00:00:00-04:00,22.18000030517578,22.790000915527344,21.65999984741211,22.299999237060547,501200,0.0,0.0
2023-11-02 00:00:00-04:00,22.760000228881836,23.34000015258789,22.600000381469727,22.950000762939453,479800,0.0,0.0
2023-11-03 00:00:00-04:00,23.170000076293945,25.15999984741211,23.170000076293945,24.170000076293945,761000,0.0,0.0
2023-11-06 00:00:00-05:00,24.1200008392334,24.594999313354492,23.625,24.09000015258789,1157400,0.0,0.0
2023-11-07 00:00:00-05:00,24.270000457763672,25.170000076293945,24.139999389648438,25.040000915527344,636800,0.0,0.0
2023-11-08 00:00:00-05:00,25.1299991607666,25.209999084472656,24.489999771118164,24.84000015258789,494000,0.0,0.0
2023-11-09 00:00:00-05:00,24.90999984741211,25.239999771118164,23.760000228881836,23.799999237060547,917100,0.0,0.0
2023-11-10 00:00:00-05:00,23.520000457763672,26.665000915527344,22.90999984741211,25.280000686645508,1110700,0.0,0.0
2023-11-13 00:00:00-05:00,25.280000686645508,26.299999237060547,25.139999389648438,25.8799991607666,606700,0.0,0.0
2023-11-14 00:00:00-05:00,26.209999084472656,27.75,26.200000762939453,27.200000762939453,621500,0.0,0.0
2023-11-15 00:00:00-05:00,26.950000762939453,27.709999084472656,26.850000381469727,27.469999313354492,1078400,0.0,0.0
2023-11-16 00:00:00-05:00,27.3700008392334,28.600000381469727,27.3700008392334,28.1299991607666,564100,0.0,0.0
2023-11-17 00:00:00-05:00,28.420000076293945,28.690000534057617,27.149999618530273,27.530000686645508,570300,0.0,0.0
2023-11-20 00:00:00-05:00,27.510000228881836,28.43000030517578,27.065000534057617,28.229999542236328,312500,0.0,0.0
2023-11-21 00:00:00-05:00,28.18000030517578,28.350000381469727,27.510000228881836,27.700000762939453,487600,0.0,0.0
2023-11-22 00:00:00-05:00,28.200000762939453,28.895000457763672,28.1200008392334,28.530000686645508,235400,0.0,0.0
2023-11-24 00:00:00-05:00,28.540000915527344,29.440000534057617,28.540000915527344,29.3700008392334,145800,0.0,0.0
2023-11-27 00:00:00-05:00,29.3799991607666,30.200000762939453,29.170000076293945,30.139999389648438,573200,0.0,0.0
2023-11-28 00:00:00-05:00,30.149999618530273,30.514999389648438,29.329999923706055,29.600000381469727,740500,0.0,0.0
2023-11-29 00:00:00-05:00,29.969999313354492,30.40999984741211,29.395000457763672,29.780000686645508,1118800,0.0,0.0
2023-11-30 00:00:00-05:00,29.899999618530273,30.549999237060547,29.483999252319336,30.15999984741211,708000,0.0,0.0
2023-12-01 00:00:00-05:00,30.110000610351562,30.549999237060547,28.8799991607666,29.459999084472656,559500,0.0,0.0
2023-12-04 00:00:00-05:00,29.969999313354492,31.489999771118164,29.969999313354492,31.479999542236328,756700,0.0,0.0
2023-12-05 00:00:00-05:00,31.93000030517578,33.060001373291016,31.34000015258789,32.9900016784668,810400,0.0,0.0
2023-12-06 00:00:00-05:00,33.18000030517578,33.97999954223633,32.875,33.560001373291016,636700,0.0,0.0
2023-12-07 00:00:00-05:00,33.540000915527344,34.20000076293945,33.09000015258789,34.15999984741211,433600,0.0,0.0
2023-12-08 00:00:00-05:00,34.040000915527344,35.040000915527344,33.7400016784668,34.970001220703125,542500,0.0,0.0
2023-12-11 00:00:00-05:00,34.970001220703125,35.244998931884766,33.95000076293945,35.040000915527344,499700,0.0,0.0
2023-12-12 00:00:00-05:00,35.400001525878906,37.59000015258789,35.02000045776367,37.529998779296875,593100,0.0,0.0
2023-12-13 00:00:00-05:00,38.470001220703125,40.244998931884766,37.88999938964844,39.779998779296875,860400,0.0,0.0
2023-12-14 00:00:00-05:00,40.0099983215332,40.595001220703125,38.79999923706055,40.0,972700,0.0,0.0
2023-12-15 00:00:00-05:00,39.52000045776367,40.07500076293945,38.95000076293945,39.709999084472656,956400,0.0,0.0
2023-12-18 00:00:00-05:00,39.45000076293945,39.4900016784668,38.39500045776367,39.02000045776367,389900,0.0,0.0
2023-12-19 00:00:00-05:00,39.369998931884766,39.790000915527344,38.65999984741211,39.029998779296875,511700,0.0,0.0
2023-12-20 00:00:00-05:00,39.0,39.084999084472656,37.939998626708984,38.150001525878906,306700,0.0,0.0
2023-12-21 00:00:00-05:00,38.709999084472656,39.13999938964844,38.314998626708984,38.79999923706055,458300,0.0,0.0
2023-12-22 00:00:00-05:00,39.459999084472656,40.650001525878906,39.07500076293945,39.63999938964844,571500,0.0,0.0
2023-12-26 00:00:00-05:00,39.77000045776367,39.90999984741211,39.42499923706055,39.5,276600,0.0,0.0
2023-12-27 00:00:00-05:00,39.529998779296875,41.34000015258789,39.380001068115234,40.900001525878906,533300,0.0,0.0
2023-12-28 00:00:00-05:00,40.959999084472656,41.43000030517578,40.22999954223633,40.779998779296875,567900,0.0,0.0
2023-12-29 00:00:00-05:00,40.75,41.08000183105469,39.8650016784668,40.31999969482422,504500,0.0,0.0
2024-01-02 00:00:00-05:00,39.43000030517578,40.07500076293945,35.97999954223633,36.650001525878906,718600,0.0,0.0
2024-01-03 00:00:00-05:00,35.77000045776367,36.27000045776367,34.91999816894531,35.5099983215332,492700,0.0,0.0
2024-01-04 00:00:00-05:00,35.75,36.459999084472656,35.33000183105469,35.59000015258789,436600,0.0,0.0
2024-01-05 00:00:00-05:00,35.959999084472656,36.994998931884766,35.5,36.88999938964844,500700,0.0,0.0
2024-01-08 00:00:00-05:00,41.25,45.42499923706055,41.0,45.29999923706055,1485500,0.0,0.0
2024-01-09 00:00:00-05:00,45.41999816894531,47.189998626708984,45.349998474121094,46.060001373291016,772500,0.0,0.0
2024-01-10 00:00:00-05:00,46.060001373291016,47.2400016784668,45.58000183105469,46.650001525878906,417100,0.0,0.0
2024-01-11 00:00:00-05:00,46.61000061035156,47.875,45.56999969482422,47.02000045776367,590900,0.0,0.0
2024-01-12 00:00:00-05:00,47.25,47.810001373291016,45.970001220703125,46.369998931884766,371400,0.0,0.0
2024-01-16 00:00:00-05:00,45.68000030517578,46.55500030517578,44.900001525878906,45.33000183105469,664900,0.0,0.0
2024-01-17 00:00:00-05:00,44.54999923706055,45.65999984741211,43.54999923706055,45.54999923706055,383700,0.0,0.0
2024-01-18 00:00:00-05:00,45.810001373291016,46.400001525878906,44.95000076293945,46.36000061035156,371400,0.0,0.0
2024-01-19 00:00:00-05:00,46.439998626708984,46.529998779296875,45.25,45.810001373291016,320300,0.0,0.0
2024-01-22 00:00:00-05:00,46.54999923706055,48.77000045776367,46.40999984741211,47.400001525878906,636400,0.0,0.0
2024-01-23 00:00:00-05:00,47.290000915527344,47.71500015258789,46.11000061035156,47.099998474121094,234000,0.0,0.0
2024-01-24 00:00:00-05:00,47.779998779296875,47.90999984741211,46.439998626708984,46.439998626708984,419000,0.0,0.0
2024-01-25 00:00:00-05:00,48.0,48.0099983215332,46.59000015258789,47.2400016784668,469400,0.0,0.0
2024-01-26 00:00:00-05:00,47.5,47.58000183105469,46.7400016784668,47.099998474121094,255400,0.0,0.0
2024-01-29 00:00:00-05:00,47.02000045776367,48.0,46.0,48.0,332400,0.0,0.0
2024-01-30 00:00:00-05:00,47.939998626708984,48.0,46.25,46.459999084472656,231800,0.0,0.0
2024-01-31 00:00:00-05:00,46.4900016784668,47.41999816894531,45.47999954223633,45.5099983215332,297800,0.0,0.0
2024-02-01 00:00:00-05:00,46.83000183105469,50.20000076293945,46.31999969482422,49.79999923706055,754000,0.0,0.0
2024-02-02 00:00:00-05:00,48.459999084472656,49.029998779296875,45.599998474121094,47.2400016784668,584400,0.0,0.0
2024-02-05 00:00:00-05:00,47.29999923706055,48.150001525878906,46.540000915527344,46.70000076293945,315900,0.0,0.0
2024-02-06 00:00:00-05:00,46.54999923706055,47.8650016784668,46.09000015258789,47.4900016784668,281400,0.0,0.0
2024-02-07 00:00:00-05:00,47.720001220703125,47.720001220703125,46.599998474121094,47.560001373291016,210800,0.0,0.0
2024-02-08 00:00:00-05:00,47.43000030517578,49.09000015258789,47.09000015258789,48.939998626708984,272400,0.0,0.0
2024-02-09 00:00:00-05:00,49.380001068115234,51.150001525878906,49.029998779296875,49.77000045776367,548500,0.0,0.0
2024-02-12 00:00:00-05:00,50.02000045776367,50.880001068115234,49.209999084472656,50.83000183105469,269600,0.0,0.0
2024-02-13 00:00:00-05:00,48.15999984741211,51.0,47.619998931884766,50.599998474121094,460000,0.0,0.0
2024-02-14 00:00:00-05:00,51.20000076293945,52.7599983215332,51.040000915527344,52.09000015258789,428700,0.0,0.0
2024-02-15 00:00:00-05:00,52.689998626708984,54.20000076293945,52.369998931884766,53.54999923706055,439800,0.0,0.0
2024-02-16 00:00:00-05:00,55.0,56.847999572753906,54.4900016784668,54.95000076293945,423700,0.0,0.0
2024-02-20 00:00:00-05:00,55.90999984741211,56.09000015258789,53.439998626708984,55.83000183105469,756900,0.0,0.0
2024-02-21 00:00:00-05:00,55.130001068115234,55.46500015258789,53.52000045776367,54.970001220703125,569100,0.0,0.0
2024-02-22 00:00:00-05:00,55.619998931884766,57.290000915527344,54.915000915527344,55.560001373291016,486900,0.0,0.0
2024-02-23 00:00:00-05:00,55.5,56.290000915527344,54.650001525878906,54.689998626708984,436400,0.0,0.0
2024-02-26 00:00:00-05:00,54.56999969482422,56.599998474121094,54.189998626708984,56.40999984741211,250600,0.0,0.0
2024-02-27 00:00:00-05:00,56.65999984741211,58.0369987487793,56.275001525878906,57.91999816894531,313000,0.0,0.0
2024-02-28 00:00:00-05:00,57.36000061035156,57.849998474121094,55.83000183105469,56.38999938964844,750100,0.0,0.0
2024-02-29 00:00:00-05:00,57.72999954223633,57.79999923706055,53.75,54.56999969482422,958700,0.0,0.0
2024-03-01 00:00:00-05:00,55.0,58.209999084472656,54.599998474121094,55.70000076293945,581500,0.0,0.0
2024-03-04 00:00:00-05:00,56.369998931884766,57.20600128173828,55.43000030517578,56.06999969482422,320000,0.0,0.0
2024-03-05 00:00:00-05:00,56.75,57.4900016784668,54.29999923706055,54.470001220703125,384600,0.0,0.0
2024-03-06 00:00:00-05:00,55.38999938964844,55.38999938964844,52.599998474121094,53.720001220703125,595300,0.0,0.0
2024-03-07 00:00:00-05:00,54.70000076293945,54.994998931884766,53.439998626708984,53.86000061035156,376600,0.0,0.0
2024-03-08 00:00:00-05:00,54.61000061035156,54.904998779296875,51.79999923706055,52.54999923706055,398000,0.0,0.0
2024-03-11 00:00:00-04:00,52.59000015258789,52.59000015258789,50.13999938964844,50.380001068115234,378900,0.0,0.0
2024-03-12 00:00:00-04:00,50.34000015258789,51.999000549316406,49.70000076293945,50.68000030517578,312700,0.0,0.0
2024-03-13 00:00:00-04:00,50.33000183105469,50.959999084472656,48.02000045776367,48.7400016784668,469200,0.0,0.0
2024-03-14 00:00:00-04:00,49.11000061035156,49.11000061035156,45.709999084472656,46.20000076293945,515400,0.0,0.0
2024-03-15 00:00:00-04:00,45.810001373291016,47.31999969482422,45.22999954223633,47.189998626708984,634800,0.0,0.0
2024-03-18 00:00:00-04:00,47.119998931884766,48.41999816894531,46.45000076293945,46.7599983215332,461900,0.0,0.0
2024-03-19 00:00:00-04:00,46.81999969482422,50.38999938964844,46.81999969482422,49.0,430900,0.0,0.0
2024-03-20 00:00:00-04:00,48.900001525878906,49.04999923706055,47.2599983215332,48.709999084472656,225400,0.0,0.0
2024-03-21 00:00:00-04:00,49.470001220703125,51.47999954223633,48.619998931884766,51.119998931884766,523100,0.0,0.0
2024-03-22 00:00:00-04:00,51.38999938964844,51.54499816894531,48.5099983215332,48.560001373291016,244400,0.0,0.0
2024-03-25 00:00:00-04:00,48.91999816894531,50.52000045776367,48.869998931884766,48.9900016784668,178400,0.0,0.0
2024-03-26 00:00:00-04:00,49.77000045776367,49.77000045776367,48.1150016784668,49.13999938964844,371900,0.0,0.0
2024-03-27 00:00:00-04:00,49.77000045776367,51.25,48.939998626708984,50.66999816894531,311200,0.0,0.0
2024-03-28 00:00:00-04:00,50.84000015258789,52.08000183105469,50.310001373291016,51.58000183105469,459600,0.0,0.0
2024-04-01 00:00:00-04:00,51.0099983215332,51.5,48.84000015258789,50.470001220703125,377100,0.0,0.0
2024-04-02 00:00:00-04:00,49.08000183105469,50.790000915527344,48.5099983215332,50.41999816894531,494100,0.0,0.0
2024-04-03 00:00:00-04:00,49.689998626708984,51.720001220703125,49.689998626708984,51.2400016784668,281300,0.0,0.0
2024-04-04 00:00:00-04:00,52.0,53.599998474121094,51.54999923706055,52.0,384300,0.0,0.0
2024-04-05 00:00:00-04:00,51.7400016784668,56.60200119018555,51.720001220703125,55.15999984741211,515100,0.0,0.0
2024-04-08 00:00:00-04:00,56.380001068115234,56.900001525878906,53.650001525878906,56.349998474121094,300500,0.0,0.0
2024-04-09 00:00:00-04:00,56.68000030517578,56.68000030517578,54.720001220703125,55.11000061035156,361700,0.0,0.0
2024-04-10 00:00:00-04:00,53.47999954223633,55.2400016784668,52.53499984741211,52.720001220703125,257600,0.0,0.0
2024-04-11 00:00:00-04:00,53.0,55.400001525878906,52.77000045776367,55.310001373291016,206900,0.0,0.0
2024-04-12 00:00:00-04:00,55.02000045776367,55.279998779296875,53.959999084472656,55.08000183105469,320500,0.0,0.0
2024-04-15 00:00:00-04:00,55.13999938964844,57.220001220703125,52.310001373291016,53.2599983215332,474500,0.0,0.0
2024-04-16 00:00:00-04:00,52.720001220703125,54.52000045776367,52.40999984741211,54.310001373291016,201100,0.0,0.0
2024-04-17 00:00:00-04:00,54.5,54.60499954223633,52.275001525878906,52.83000183105469,175700,0.0,0.0
2024-04-18 00:00:00-04:00,52.630001068115234,53.08000183105469,50.95000076293945,51.75,397200,0.0,0.0
2024-04-19 00:00:00-04:00,51.29999923706055,52.66999816894531,50.41999816894531,51.58000183105469,244400,0.0,0.0
2024-04-22 00:00:00-04:00,51.970001220703125,52.902000427246094,50.709999084472656,52.34000015258789,270100,0.0,0.0
2024-04-23 00:00:00-04:00,52.90999984741211,55.279998779296875,52.77000045776367,54.91999816894531,343300,0.0,0.0
2024-04-24 00:00:00-04:00,55.16999816894531,56.400001525878906,52.650001525878906,52.84000015258789,288200,0.0,0.0
2024-04-25 00:00:00-04:00,51.84000015258789,52.165000915527344,50.41999816894531,51.88999938964844,364800,0.0,0.0
2024-04-26 00:00:00-04:00,52.18000030517578,53.435001373291016,52.040000915527344,52.77000045776367,273500,0.0,0.0
2024-04-29 00:00:00-04:00,53.0,54.119998931884766,52.65999984741211,53.2599983215332,423400,0.0,0.0
2024-04-30 00:00:00-04:00,53.0,53.369998931884766,52.040000915527344,52.130001068115234,305600,0.0,0.0
2024-05-01 00:00:00-04:00,52.459999084472656,57.79999923706055,52.0,56.70000076293945,675700,0.0,0.0
2024-05-02 00:00:00-04:00,57.970001220703125,59.70000076293945,57.11000061035156,59.630001068115234,651400,0.0,0.0
2024-05-03 00:00:00-04:00,60.0,61.849998474121094,59.58700180053711,61.68000030517578,532900,0.0,0.0
2024-05-06 00:00:00-04:00,62.779998779296875,64.91999816894531,62.310001373291016,62.84000015258789,588800,0.0,0.0
2024-05-07 00:00:00-04:00,66.54000091552734,66.54000091552734,61.04999923706055,62.189998626708984,608000,0.0,0.0
2024-05-08 00:00:00-04:00,62.5,62.96500015258789,59.61000061035156,60.65999984741211,414000,0.0,0.0
2024-05-09 00:00:00-04:00,57.77000045776367,63.279998779296875,57.11000061035156,61.41999816894531,1832200,0.0,0.0
2024-05-10 00:00:00-04:00,61.470001220703125,62.81999969482422,58.17499923706055,59.310001373291016,511400,0.0,0.0
2024-05-13 00:00:00-04:00,60.0,60.4900016784668,57.540000915527344,58.790000915527344,325500,0.0,0.0
2024-05-14 00:00:00-04:00,59.04999923706055,60.38999938964844,58.810001373291016,60.209999084472656,380900,0.0,0.0
2024-05-15 00:00:00-04:00,61.2400016784668,64.48500061035156,61.220001220703125,64.29000091552734,543500,0.0,0.0
2024-05-16 00:00:00-04:00,64.08000183105469,64.4800033569336,61.599998474121094,62.2599983215332,310500,0.0,0.0
2024-05-17 00:00:00-04:00,62.34000015258789,62.36000061035156,59.558998107910156,60.650001525878906,329800,0.0,0.0
2024-05-20 00:00:00-04:00,60.650001525878906,62.720001220703125,60.4900016784668,62.63999938964844,299400,0.0,0.0
2024-05-21 00:00:00-04:00,62.22999954223633,63.51100158691406,61.900001525878906,62.36000061035156,314700,0.0,0.0
2024-05-22 00:00:00-04:00,62.88999938964844,64.5,60.59000015258789,61.779998779296875,429900,0.0,0.0
2024-05-23 00:00:00-04:00,61.90999984741211,62.19900131225586,60.099998474121094,60.59000015258789,275600,0.0,0.0
2024-05-24 00:00:00-04:00,60.849998474121094,62.880001068115234,60.27000045776367,61.150001525878906,309500,0.0,0.0
2024-05-28 00:00:00-04:00,62.290000915527344,62.5,60.2599983215332,60.959999084472656,248700,0.0,0.0
2024-05-29 00:00:00-04:00,59.91999816894531,61.029998779296875,59.349998474121094,60.36000061035156,283800,0.0,0.0
2024-05-30 00:00:00-04:00,60.5,61.099998474121094,59.04999923706055,59.52000045776367,273300,0.0,0.0
2024-05-31 00:00:00-04:00,59.540000915527344,60.25199890136719,57.5099983215332,58.470001220703125,392200,0.0,0.0
2024-06-03 00:00:00-04:00,58.720001220703125,59.310001373291016,56.33000183105469,56.54999923706055,502000,0.0,0.0
2024-06-04 00:00:00-04:00,56.54999923706055,57.45000076293945,55.279998779296875,57.029998779296875,336400,0.0,0.0
2024-06-05 00:00:00-04:00,57.0,59.470001220703125,56.41999816894531,58.59000015258789,375300,0.0,0.0
2024-06-06 00:00:00-04:00,58.20000076293945,59.04999923706055,57.130001068115234,58.709999084472656,310700,0.0,0.0
2024-06-07 00:00:00-04:00,57.65999984741211,58.7869987487793,56.97999954223633,57.220001220703125,242100,0.0,0.0
2024-06-10 00:00:00-04:00,56.7599983215332,59.77000045776367,56.400001525878906,58.95000076293945,482300,0.0,0.0
2024-06-11 00:00:00-04:00,58.529998779296875,58.77299880981445,57.130001068115234,57.52000045776367,481100,0.0,0.0
2024-06-12 00:00:00-04:00,59.0,60.04999923706055,57.77000045776367,58.08000183105469,395400,0.0,0.0
2024-06-13 00:00:00-04:00,58.08000183105469,59.404998779296875,57.400001525878906,59.34000015258789,340900,0.0,0.0
2024-06-14 00:00:00-04:00,59.029998779296875,59.029998779296875,57.2400016784668,57.88999938964844,398300,0.0,0.0
2024-06-17 00:00:00-04:00,57.90999984741211,58.939998626708984,55.41999816894531,56.11000061035156,743000,0.0,0.0
2024-06-18 00:00:00-04:00,55.7599983215332,57.63999938964844,55.11000061035156,57.06999969482422,305600,0.0,0.0
2024-06-20 00:00:00-04:00,57.06999969482422,57.33000183105469,55.24700164794922,55.959999084472656,252500,0.0,0.0
2024-06-21 00:00:00-04:00,55.91999816894531,56.790000915527344,53.720001220703125,56.7400016784668,747900,0.0,0.0
2024-06-24 00:00:00-04:00,56.810001373291016,57.13999938964844,55.220001220703125,55.77000045776367,517700,0.0,0.0
2024-06-25 00:00:00-04:00,56.099998474121094,57.47999954223633,55.66999816894531,56.16999816894531,321600,0.0,0.0
2024-06-26 00:00:00-04:00,55.7599983215332,57.189998626708984,55.349998474121094,57.130001068115234,466700,0.0,0.0
2024-06-27 00:00:00-04:00,57.150001525878906,59.400001525878906,56.59000015258789,59.099998474121094,459100,0.0,0.0
2024-06-28 00:00:00-04:00,59.689998626708984,60.810001373291016,58.68299865722656,60.16999816894531,1396800,0.0,0.0
2024-07-01 00:00:00-04:00,59.66999816894531,59.66999816894531,56.7400016784668,56.79999923706055,410800,0.0,0.0
2024-07-02 00:00:00-04:00,56.5,57.470001220703125,55.82500076293945,57.040000915527344,281900,0.0,0.0
2024-07-03 00:00:00-04:00,56.90999984741211,57.59000015258789,54.83000183105469,56.9900016784668,180300,0.0,0.0
2024-07-05 00:00:00-04:00,56.83000183105469,57.130001068115234,55.66999816894531,56.95000076293945,246800,0.0,0.0
2024-07-08 00:00:00-04:00,57.31999969482422,57.47999954223633,56.54999923706055,56.95000076293945,325800,0.0,0.0
2024-07-09 00:00:00-04:00,57.060001373291016,57.83000183105469,56.68000030517578,56.9900016784668,387200,0.0,0.0
2024-07-10 00:00:00-04:00,55.88999938964844,55.88999938964844,45.630001068115234,51.11000061035156,1667200,0.0,0.0
2024-07-11 00:00:00-04:00,52.400001525878906,52.400001525878906,49.29999923706055,49.779998779296875,1264100,0.0,0.0
2024-07-12 00:00:00-04:00,50.38999938964844,51.29999923706055,45.5,47.720001220703125,1202000,0.0,0.0
2024-07-15 00:00:00-04:00,48.95000076293945,49.185001373291016,47.45000076293945,48.63999938964844,672900,0.0,0.0
2024-07-16 00:00:00-04:00,49.66999816894531,50.2400016784668,49.029998779296875,49.43000030517578,766000,0.0,0.0
2024-07-17 00:00:00-04:00,48.88999938964844,49.939998626708984,46.27000045776367,47.220001220703125,704700,0.0,0.0
2024-07-18 00:00:00-04:00,47.369998931884766,48.17499923706055,45.099998474121094,46.040000915527344,525700,0.0,0.0
2024-07-19 00:00:00-04:00,46.56999969482422,48.18000030517578,46.08000183105469,46.77000045776367,617800,0.0,0.0
2024-07-22 00:00:00-04:00,46.97999954223633,48.02000045776367,46.380001068115234,47.40999984741211,441600,0.0,0.0
2024-07-23 00:00:00-04:00,47.150001525878906,49.209999084472656,46.5099983215332,48.47999954223633,588700,0.0,0.0
2024-07-24 00:00:00-04:00,48.150001525878906,48.869998931884766,47.599998474121094,47.834999084472656,578700,0.0,0.0
2024-07-25 00:00:00-04:00,47.9900016784668,48.15999984741211,44.78499984741211,45.29999923706055,846800,0.0,0.0
2024-07-26 00:00:00-04:00,46.38999938964844,46.38999938964844,43.63999938964844,44.5,695200,0.0,0.0
2024-07-29 00:00:00-04:00,45.029998779296875,46.150001525878906,44.0,44.720001220703125,661000,0.0,0.0
2024-07-30 00:00:00-04:00,44.779998779296875,45.56999969482422,44.220001220703125,45.0099983215332,623400,0.0,0.0
2024-07-31 00:00:00-04:00,45.59000015258789,47.09000015258789,44.93600082397461,45.77000045776367,524400,0.0,0.0
2024-08-01 00:00:00-04:00,45.77000045776367,46.630001068115234,42.88999938964844,44.400001525878906,887200,0.0,0.0
2024-08-02 00:00:00-04:00,41.66999816894531,42.89500045776367,41.0,41.77000045776367,1061800,0.0,0.0
2024-08-05 00:00:00-04:00,38.0,41.68000030517578,37.54999923706055,40.779998779296875,1006600,0.0,0.0
2024-08-06 00:00:00-04:00,50.40999984741211,50.599998474121094,46.33000183105469,47.849998474121094,1447500,0.0,0.0
2024-08-07 00:00:00-04:00,47.54999923706055,49.060001373291016,46.04999923706055,46.2400016784668,994400,0.0,0.0
2024-08-08 00:00:00-04:00,47.470001220703125,49.599998474121094,46.604000091552734,49.349998474121094,433700,0.0,0.0
2024-08-09 00:00:00-04:00,49.560001373291016,50.93000030517578,48.849998474121094,50.72999954223633,638300,0.0,0.0
2024-08-12 00:00:00-04:00,50.81999969482422,52.435001373291016,50.41999816894531,52.15999984741211,534400,0.0,0.0
2024-08-13 00:00:00-04:00,52.70000076293945,52.70500183105469,50.400001525878906,50.630001068115234,769800,0.0,0.0
2024-08-14 00:00:00-04:00,50.0,51.279998779296875,49.459999084472656,51.099998474121094,379000,0.0,0.0
2024-08-15 00:00:00-04:00,52.0,52.25,50.55500030517578,50.7400016784668,443200,0.0,0.0
2024-08-16 00:00:00-04:00,50.66999816894531,52.83000183105469,50.29999923706055,52.790000915527344,513100,0.0,0.0
2024-08-19 00:00:00-04:00,52.9900016784668,53.040000915527344,51.7400016784668,52.83000183105469,339600,0.0,0.0
2024-08-20 00:00:00-04:00,53.88999938964844,55.106998443603516,53.667999267578125,53.790000915527344,415600,0.0,0.0
2024-08-21 00:00:00-04:00,53.869998931884766,54.22999954223633,52.54999923706055,53.66999816894531,316900,0.0,0.0
2024-08-22 00:00:00-04:00,53.95000076293945,55.2400016784668,53.689998626708984,54.33000183105469,388400,0.0,0.0
2024-08-23 00:00:00-04:00,54.0,56.68000030517578,54.0,56.45000076293945,375900,0.0,0.0
2024-08-26 00:00:00-04:00,58.22999954223633,58.22999954223633,55.70100021362305,55.86000061035156,324300,0.0,0.0
2024-08-27 00:00:00-04:00,55.41999816894531,57.375,55.41999816894531,56.560001373291016,284100,0.0,0.0
2024-08-28 00:00:00-04:00,56.52000045776367,56.630001068115234,53.88199996948242,54.439998626708984,321900,0.0,0.0
2024-08-29 00:00:00-04:00,55.0,56.52000045776367,54.93000030517578,55.470001220703125,235400,0.0,0.0
2024-08-30 00:00:00-04:00,56.060001373291016,56.93000030517578,55.119998931884766,56.38999938964844,426700,0.0,0.0
2024-09-03 00:00:00-04:00,56.29999923706055,57.26300048828125,52.744998931884766,53.189998626708984,457200,0.0,0.0
2024-09-04 00:00:00-04:00,52.75,55.14500045776367,51.7599983215332,53.880001068115234,384300,0.0,0.0
2024-09-05 00:00:00-04:00,54.0,54.2400016784668,52.38999938964844,53.5,360600,0.0,0.0
2024-09-06 00:00:00-04:00,53.310001373291016,53.5099983215332,50.755001068115234,52.95000076293945,375600,0.0,0.0
2024-09-09 00:00:00-04:00,53.0,54.65999984741211,53.0,53.54999923706055,425800,0.0,0.0
2024-09-10 00:00:00-04:00,53.709999084472656,53.90999984741211,52.63999938964844,53.459999084472656,362500,0.0,0.0
2024-09-11 00:00:00-04:00,53.18000030517578,55.290000915527344,53.04999923706055,54.540000915527344,608200,0.0,0.0
2024-09-12 00:00:00-04:00,54.709999084472656,55.65999984741211,54.27000045776367,54.540000915527344,339600,0.0,0.0
2024-09-13 00:00:00-04:00,54.83000183105469,55.849998474121094,54.83000183105469,54.959999084472656,378200,0.0,0.0
2024-09-16 00:00:00-04:00,54.959999084472656,55.65999984741211,54.53799819946289,55.540000915527344,337700,0.0,0.0
2024-09-17 00:00:00-04:00,55.959999084472656,57.529998779296875,55.45000076293945,56.13999938964844,344800,0.0,0.0
2024-09-18 00:00:00-04:00,55.75,56.415000915527344,54.060001373291016,54.15999984741211,508800,0.0,0.0
2024-09-19 00:00:00-04:00,55.58000183105469,56.33000183105469,52.47999954223633,53.56999969482422,456200,0.0,0.0
2024-09-20 00:00:00-04:00,53.58000183105469,53.665000915527344,52.77000045776367,52.97999954223633,1364900,0.0,0.0
2024-09-23 00:00:00-04:00,53.2400016784668,53.6150016784668,51.470001220703125,51.560001373291016,328200,0.0,0.0
2024-09-24 00:00:00-04:00,51.33000183105469,51.880001068115234,48.70000076293945,48.88999938964844,774800,0.0,0.0
2024-09-25 00:00:00-04:00,48.869998931884766,49.709999084472656,48.25,48.91999816894531,463300,0.0,0.0
2024-09-26 00:00:00-04:00,49.529998779296875,50.0,48.65999984741211,48.900001525878906,392600,0.0,0.0
2024-09-27 00:00:00-04:00,48.939998626708984,49.7400016784668,48.25,48.540000915527344,258500,0.0,0.0
2024-09-30 00:00:00-04:00,48.529998779296875,49.88999938964844,47.736000061035156,49.43000030517578,436600,0.0,0.0
2024-10-01 00:00:00-04:00,49.45000076293945,49.5099983215332,47.150001525878906,47.150001525878906,442100,0.0,0.0
2024-10-02 00:00:00-04:00,46.689998626708984,48.16999816894531,46.52000045776367,47.560001373291016,243100,0.0,0.0
2024-10-03 00:00:00-04:00,47.4900016784668,49.09000015258789,46.95000076293945,47.849998474121094,412600,0.0,0.0
2024-10-04 00:00:00-04:00,48.650001525878906,49.32500076293945,47.38999938964844,48.900001525878906,467500,0.0,0.0
2024-10-07 00:00:00-04:00,48.720001220703125,49.0099983215332,47.869998931884766,48.2400016784668,428900,0.0,0.0
2024-10-08 00:00:00-04:00,48.68000030517578,49.58000183105469,48.02000045776367,49.25,386700,0.0,0.0
2024-10-09 00:00:00-04:00,49.439998626708984,50.560001373291016,49.0099983215332,49.34000015258789,328600,0.0,0.0
2024-10-10 00:00:00-04:00,48.63999938964844,50.32099914550781,48.369998931884766,49.900001525878906,289000,0.0,0.0
2024-10-11 00:00:00-04:00,49.72999954223633,50.81999969482422,49.72999954223633,50.20000076293945,299800,0.0,0.0
2024-10-14 00:00:00-04:00,50.63999938964844,51.31999969482422,49.83000183105469,50.2599983215332,186300,0.0,0.0
2024-10-15 00:00:00-04:00,50.290000915527344,50.564998626708984,48.959999084472656,49.61000061035156,211300,0.0,0.0
2024-10-16 00:00:00-04:00,49.849998474121094,50.86000061035156,49.584999084472656,50.65999984741211,228700,0.0,0.0
2024-10-17 00:00:00-04:00,50.16999816894531,50.7599983215332,49.599998474121094,50.029998779296875,259900,0.0,0.0
2024-10-18 00:00:00-04:00,50.18000030517578,51.709999084472656,49.5,50.470001220703125,363900,0.0,0.0
2024-10-21 00:00:00-04:00,50.220001220703125,50.66999816894531,49.564998626708984,50.52000045776367,216400,0.0,0.0
2024-10-22 00:00:00-04:00,50.0,50.31999969482422,49.45000076293945,50.290000915527344,231800,0.0,0.0
2024-10-23 00:00:00-04:00,49.869998931884766,50.04999923706055,47.68000030517578,48.5099983215332,506900,0.0,0.0
2024-10-24 00:00:00-04:00,48.849998474121094,50.2400016784668,48.849998474121094,49.56999969482422,237100,0.0,0.0
2024-10-25 00:00:00-04:00,50.06999969482422,50.61000061035156,49.41999816894531,50.380001068115234,227400,0.0,0.0
2024-10-28 00:00:00-04:00,51.06999969482422,51.481998443603516,49.83000183105469,50.25,324500,0.0,0.0
2024-10-29 00:00:00-04:00,53.15999984741211,53.15999984741211,51.59000015258789,52.15999984741211,585100,0.0,0.0
2024-10-30 00:00:00-04:00,52.18000030517578,52.5,51.15999984741211,51.209999084472656,272000,0.0,0.0
2024-10-31 00:00:00-04:00,50.63999938964844,50.99300003051758,49.66999816894531,50.65999984741211,259800,0.0,0.0
2024-11-01 00:00:00-04:00,51.20000076293945,53.459999084472656,50.66999816894531,51.099998474121094,505700,0.0,0.0
