Date,Open,High,Low,Close,Volume,Dividends,Stock Splits,Capital Gains
2017-10-27 00:00:00-04:00,46.06915930358781,46.091210916219445,46.06915930358781,46.08202362060547,4200,0.0,0.0,0.0
2017-10-30 00:00:00-04:00,46.10039400831018,46.10958480834961,46.09120671353392,46.10958480834961,4800,0.0,0.0,0.0
2017-10-31 00:00:00-04:00,46.11877788889906,46.11877788889906,46.08018493652344,46.08018493652344,1400,0.0,0.0,0.0
2017-11-01 00:00:00-04:00,46.09120559692383,46.09120559692383,46.09120559692383,46.09120559692383,250000,0.0,0.0,0.0
2017-11-02 00:00:00-04:00,46.10041046142578,46.10041046142578,46.09397830120783,46.10041046142578,3600,0.0,0.0,0.0
2017-11-03 00:00:00-04:00,46.11878856280057,46.11878856280057,46.10041046142578,46.10041046142578,4600,0.0,0.0,0.0
2017-11-06 00:00:00-05:00,46.14634554123328,46.15553283691406,46.13715474028899,46.15553283691406,3800,0.0,0.0,0.0
2017-11-07 00:00:00-05:00,46.09120559692383,46.09120559692383,46.072827502553366,46.09120559692383,5000,0.0,0.0,0.0
2017-11-08 00:00:00-05:00,46.10958369129429,46.10958369129429,46.09120559692383,46.09120559692383,6000,0.0,0.0,0.0
2017-11-09 00:00:00-05:00,46.08661019701544,46.10039289147751,46.08661019701544,46.09120559692383,3200,0.0,0.0,0.0
2017-11-10 00:00:00-05:00,46.10041046142578,46.10041046142578,46.10041046142578,46.10041046142578,500,0.0,0.0,0.0
2017-11-13 00:00:00-05:00,46.13715019794156,46.13715019794156,46.10958480834961,46.10958480834961,2900,0.0,0.0,0.0
2017-11-14 00:00:00-05:00,46.06363797344319,46.06363797344319,46.054447174072266,46.054447174072266,3300,0.0,0.0,0.0
2017-11-15 00:00:00-05:00,46.05444216671626,46.06363296508789,46.03147218131223,46.06363296508789,7500,0.0,0.0,0.0
2017-11-16 00:00:00-05:00,46.03607328127445,46.03607328127445,46.026885986328125,46.026885986328125,2400,0.0,0.0,0.0
2017-11-17 00:00:00-05:00,46.05446393929817,46.05446393929817,46.029653679333066,46.0452766418457,2600,0.0,0.0,0.0
2017-11-20 00:00:00-05:00,46.03607096958521,46.03607096958521,46.017696380615234,46.017696380615234,2000,0.0,0.0,0.0
2017-11-21 00:00:00-05:00,46.02688367510022,46.02688367510022,46.00850558086718,46.017696380615234,2300,0.0,0.0,0.0
2017-11-22 00:00:00-05:00,46.041622121085574,46.06002079306641,46.023223449104734,46.05082321166992,2500,0.056,0.0,0.0
2017-11-24 00:00:00-05:00,46.06001663208008,46.06001663208008,46.023219291442615,46.06001663208008,1200,0.0,0.0,0.0
2017-11-27 00:00:00-05:00,46.014025867708256,46.06002079306641,46.014025867708256,46.05082321166992,2900,0.0,0.0,0.0
2017-11-28 00:00:00-05:00,46.03242453968909,46.06002079306641,46.03242453968909,46.05082321166992,2300,0.0,0.0,0.0
2017-11-29 00:00:00-05:00,46.023212394291775,46.032413482666016,46.023212394291775,46.032413482666016,2000,0.0,0.0,0.0
2017-11-30 00:00:00-05:00,46.02966739923278,46.03610675960885,46.01403045654297,46.01403045654297,2200,0.0,0.0,0.0
2017-12-01 00:00:00-05:00,46.03240551078452,46.050804175159705,46.01400684640934,46.041603088378906,2600,0.0,0.0,0.0
2017-12-04 00:00:00-05:00,46.0232280388567,46.0232280388567,46.01403045654297,46.01403045654297,3600,0.0,0.0,0.0
2017-12-05 00:00:00-05:00,46.004829365041026,46.01403045654297,46.004829365041026,46.01403045654297,2400,0.0,0.0,0.0
2017-12-06 00:00:00-05:00,46.050804175159705,46.050804175159705,46.041603088378906,46.041603088378906,2200,0.0,0.0,0.0
2017-12-07 00:00:00-05:00,46.06001663208008,46.06921772183321,46.05081905151449,46.06001663208008,2300,0.0,0.0,0.0
2017-12-08 00:00:00-05:00,46.069210052490234,46.069210052490234,46.069210052490234,46.069210052490234,200,0.0,0.0,0.0
2017-12-11 00:00:00-05:00,46.06001663208008,46.06001663208008,46.05081905151449,46.06001663208008,2100,0.0,0.0,0.0
2017-12-12 00:00:00-05:00,45.995632518984394,45.995632518984394,45.98643493652344,45.98643493652344,2700,0.0,0.0,0.0
2017-12-13 00:00:00-05:00,46.00480575962854,46.041603088378906,46.00480575962854,46.041603088378906,3700,0.0,0.0,0.0
2017-12-14 00:00:00-05:00,46.023216247558594,46.04161491666047,46.004817578456716,46.023216247558594,3700,0.0,0.0,0.0
2017-12-15 00:00:00-05:00,46.01403045654297,46.01403045654297,45.98643420041356,46.01403045654297,4400,0.0,0.0,0.0
2017-12-18 00:00:00-05:00,46.02415424453821,46.03337043299441,45.99650216288252,46.01493453979492,4400,0.101,0.0,0.0
2017-12-19 00:00:00-05:00,45.9965090160635,45.9965090160635,45.950417518053904,45.97807312011719,2800,0.0,0.0,0.0
2017-12-20 00:00:00-05:00,46.10619501386363,46.10619501386363,46.08868038701673,46.097896575927734,2400,0.0,0.0,0.0
2017-12-21 00:00:00-05:00,46.10713195800781,46.11634815005242,46.10713195800781,46.10713195800781,2600,0.0,0.0,0.0
2017-12-22 00:00:00-05:00,46.097896575927734,46.097896575927734,46.08683785249198,46.097896575927734,3500,0.0,0.0,0.0
2017-12-26 00:00:00-05:00,46.0702488410304,46.116336822509766,46.0702488410304,46.116336822509766,2500,0.0,0.0,0.0
2017-12-27 00:00:00-05:00,46.13477748536174,46.15321338311594,46.13477748536174,46.14399719238281,2100,0.0,0.0,0.0
2017-12-28 00:00:00-05:00,46.15321338311594,46.15321338311594,46.13477748536174,46.14399719238281,2300,0.0,0.0,0.0
2017-12-29 00:00:00-05:00,46.17163836873076,46.17163836873076,46.16242218017578,46.16242218017578,2100,0.0,0.0,0.0
2018-01-02 00:00:00-05:00,46.162433090137014,46.162433090137014,46.12556129462861,46.14399719238281,3100,0.0,0.0,0.0
2018-01-03 00:00:00-05:00,46.14399719238281,46.15321338311594,46.14399719238281,46.14399719238281,2100,0.0,0.0,0.0
2018-01-04 00:00:00-05:00,46.134761810302734,46.14398151419127,46.088673839720364,46.134761810302734,4500,0.0,0.0,0.0
2018-01-05 00:00:00-05:00,46.042582924002446,46.042582924002446,46.01585211375173,46.024147033691406,2900,0.0,0.0,0.0
2018-01-08 00:00:00-05:00,46.042579650878906,46.042579650878906,46.033359948235535,46.042579650878906,8800,0.0,0.0,0.0
2018-01-09 00:00:00-05:00,46.00571835133872,46.0425901377377,46.00571835133872,46.01493453979492,103100,0.0,0.0,0.0
2018-01-10 00:00:00-05:00,46.0149427046035,46.03337860107422,46.005726514512,46.03337860107422,3300,0.0,0.0,0.0
2018-01-11 00:00:00-05:00,46.033359948235535,46.051795837235986,46.025065028885535,46.042579650878906,3000,0.0,0.0,0.0
2018-01-12 00:00:00-05:00,46.02416241098272,46.04259830745344,46.02416241098272,46.03337860107422,7200,0.0,0.0,0.0
2018-01-16 00:00:00-05:00,46.042582924002446,46.042582924002446,46.024147033691406,46.024147033691406,4600,0.0,0.0,0.0
2018-01-17 00:00:00-05:00,45.978077586830935,46.00665094273665,45.96885787981829,46.00572967529297,9300,0.0,0.0,0.0
2018-01-18 00:00:00-05:00,45.97807323885779,45.98728942871094,45.97807323885779,45.98728942871094,103000,0.0,0.0,0.0
2018-01-19 00:00:00-05:00,45.98728507637802,50.58693696105756,45.968849182128906,45.968849182128906,3100,0.0,0.0,0.0
2018-01-22 00:00:00-05:00,45.94120132822455,45.97807312011719,45.94120132822455,45.97807312011719,2900,0.0,0.0,0.0
2018-01-23 00:00:00-05:00,46.005726514512,46.03522465212269,46.005726514512,46.03337860107422,2700,0.0,0.0,0.0
2018-01-24 00:00:00-05:00,46.0389187450523,46.0389187450523,46.01215976073578,46.02046585083008,2800,0.046,0.0,0.0
2018-01-25 00:00:00-05:00,46.01123950425286,46.04814529418945,45.99278660928457,46.04814529418945,2700,0.0,0.0,0.0
2018-01-26 00:00:00-05:00,45.99278213910683,46.002010345458984,45.96510455910938,46.002010345458984,4100,0.0,0.0,0.0
2018-01-29 00:00:00-05:00,45.9743294057791,46.00200698375395,45.9743294057791,45.99277877807617,5800,0.0,0.0,0.0
2018-01-30 00:00:00-05:00,46.00200466398148,46.00200466398148,45.974327087402344,45.974327087402344,4500,0.0,0.0,0.0
2018-01-31 00:00:00-05:00,45.946654819137585,45.97433592056422,45.946654819137585,45.95588302612305,2900,0.0,0.0,0.0
2018-02-01 00:00:00-05:00,45.98356060801994,45.98356060801994,45.95588302612305,45.95588302612305,5800,0.0,0.0,0.0
2018-02-02 00:00:00-05:00,45.92820739746094,45.946660294100944,45.882076915625994,45.92820739746094,5800,0.0,0.0,0.0
2018-02-05 00:00:00-05:00,45.928195416448695,45.99277877807617,45.9069761746366,45.99277877807617,2800,0.0,0.0,0.0
2018-02-06 00:00:00-05:00,45.95587966505077,45.974332558142365,45.946651458740234,45.946651458740234,3200,0.0,0.0,0.0
2018-02-07 00:00:00-05:00,45.95588980940746,45.95588980940746,45.854400634765625,45.854400634765625,4300,0.0,0.0,0.0
2018-02-08 00:00:00-05:00,45.91804989869313,45.91897201538086,45.8728415442887,45.91897201538086,700,0.0,0.0,0.0
2018-02-09 00:00:00-05:00,45.92819856564865,45.965104351831826,45.92819856564865,45.946651458740234,2200,0.0,0.0,0.0
2018-02-12 00:00:00-05:00,45.95587966505077,45.95587966505077,45.93742677195918,45.946651458740234,6500,0.0,0.0,0.0
2018-02-13 00:00:00-05:00,45.90974380944482,45.91897201538086,45.88206623069539,45.91897201538086,2500,0.0,0.0,0.0
2018-02-14 00:00:00-05:00,45.85438276057738,45.85438276057738,45.83592987060547,45.83592987060547,2300,0.0,0.0,0.0
2018-02-15 00:00:00-05:00,45.854400634765625,45.863625323582944,45.85163076444925,45.854400634765625,2900,0.0,0.0,0.0
2018-02-16 00:00:00-05:00,45.85439225622759,45.863616943359375,45.85439225622759,45.863616943359375,4400,0.0,0.0,0.0
2018-02-20 00:00:00-05:00,45.84516525268555,45.84516525268555,45.84516525268555,45.84516525268555,1600,0.0,0.0,0.0
2018-02-21 00:00:00-05:00,45.82852752301059,45.84793494942843,45.801727294921875,45.801727294921875,7800,0.083,0.0,0.0
2018-02-22 00:00:00-05:00,45.801727294921875,45.801727294921875,45.801727294921875,45.801727294921875,0,0.0,0.0,0.0
2018-02-23 00:00:00-05:00,45.866416931152344,45.875657051526794,45.866416931152344,45.866416931152344,5300,0.0,0.0,0.0
2018-02-26 00:00:00-05:00,45.9126297338163,45.9126297338163,45.887676822963044,45.89414596557617,6200,0.0,0.0,0.0
2018-02-27 00:00:00-05:00,45.88490474244911,45.88490474244911,45.78324578227845,45.820213317871094,5100,0.0,0.0,0.0
2018-02-28 00:00:00-05:00,45.820213317871094,45.820213317871094,45.820213317871094,45.820213317871094,0,0.0,0.0,0.0
2018-03-01 00:00:00-05:00,45.8202099122507,45.857173919677734,45.8202099122507,45.857173919677734,4200,0.0,0.0,0.0
2018-03-02 00:00:00-05:00,45.82019261183459,45.82019261183459,45.79246520996094,45.79246520996094,2400,0.0,0.0,0.0
2018-03-05 00:00:00-05:00,45.87565861038373,45.87565861038373,45.83869107679392,45.84793472290039,700,0.0,0.0,0.0
2018-03-06 00:00:00-05:00,45.792485903467494,45.82945343906014,45.792485903467494,45.820213317871094,4500,0.0,0.0,0.0
2018-03-07 00:00:00-05:00,45.81097163594869,45.847939173126754,45.81097163594869,45.83869552612305,3300,0.0,0.0,0.0
2018-03-08 00:00:00-05:00,45.83869552612305,45.83869552612305,45.83869552612305,45.83869552612305,0,0.0,0.0,0.0
2018-03-09 00:00:00-05:00,45.847939173126754,45.847939173126754,45.810047976331994,45.83869552612305,1900,0.0,0.0,0.0
2018-03-12 00:00:00-04:00,45.792487867359654,45.83869552612305,45.792487867359654,45.83869552612305,2400,0.0,0.0,0.0
2018-03-13 00:00:00-04:00,45.829463958740234,45.83870408205025,45.82022383543021,45.829463958740234,2200,0.0,0.0,0.0
2018-03-14 00:00:00-04:00,45.82945095610548,45.85717484358882,45.81096718931058,45.84793472290039,2700,0.0,0.0,0.0
2018-03-15 00:00:00-04:00,45.86641756559797,45.86641756559797,45.8202099122507,45.857173919677734,2700,0.0,0.0,0.0
2018-03-16 00:00:00-04:00,45.847939173126754,45.847939173126754,45.80173151436337,45.83869552612305,6400,0.0,0.0,0.0
2018-03-19 00:00:00-04:00,45.829463958740234,45.829463958740234,45.829463958740234,45.829463958740234,700,0.0,0.0,0.0
2018-03-20 00:00:00-04:00,45.80170885239104,45.80170885239104,45.79246520996094,45.79246520996094,3200,0.0,0.0,0.0
2018-03-21 00:00:00-04:00,45.820213317871094,45.820213317871094,45.820213317871094,45.820213317871094,2200,0.0,0.0,0.0
2018-03-22 00:00:00-04:00,45.86457209706401,45.86642294171579,45.83869552612305,45.83869552612305,3100,0.0,0.0,0.0
2018-03-23 00:00:00-04:00,45.84333038330078,45.84333038330078,45.84333038330078,45.84333038330078,600,0.085,0.0,0.0
2018-03-26 00:00:00-04:00,45.861839294433594,45.861839294433594,45.843323796597076,45.861839294433594,4400,0.0,0.0,0.0
2018-03-27 00:00:00-04:00,45.87110001558579,45.87110001558579,45.868324279785156,45.868324279785156,400,0.0,0.0,0.0
2018-03-28 00:00:00-04:00,45.85255918699262,45.87107467651367,45.85255918699262,45.87107467651367,4100,0.0,0.0,0.0
2018-03-29 00:00:00-04:00,45.908121489705096,45.91737747192383,45.908121489705096,45.91737747192383,2000,0.0,0.0,0.0
2018-04-02 00:00:00-04:00,45.88962277246942,45.92665377782355,45.85259176711529,45.908138275146484,5400,0.0,0.0,0.0
2018-04-03 00:00:00-04:00,45.87572226321674,45.88960800288764,45.85257700945195,45.88035202026367,3700,0.0,0.0,0.0
2018-04-04 00:00:00-04:00,45.89886598961583,45.89886598961583,45.88960647583008,45.88960647583008,3600,0.0,0.0,0.0
2018-04-05 00:00:00-04:00,45.88960647583008,45.88960647583008,45.88035049351412,45.88960647583008,3100,0.0,0.0,0.0
2018-04-06 00:00:00-04:00,45.894252531006444,45.908138275146484,45.894252531006444,45.908138275146484,500,0.0,0.0,0.0
2018-04-09 00:00:00-04:00,45.86182946468684,45.926631927490234,45.86182946468684,45.926631927490234,2100,0.0,0.0,0.0
2018-04-10 00:00:00-04:00,45.908121489705096,45.91737747192383,45.89886550748636,45.91737747192383,2100,0.0,0.0,0.0
2018-04-11 00:00:00-04:00,45.91737747192383,45.91737747192383,45.91737747192383,45.91737747192383,2100,0.0,0.0,0.0
2018-04-12 00:00:00-04:00,45.89886598961583,45.89886598961583,45.87109097972837,45.88960647583008,4400,0.0,0.0,0.0
2018-04-13 00:00:00-04:00,45.87107467651367,45.880334187008465,45.86644492126628,45.87107467651367,3900,0.0,0.0,0.0
2018-04-16 00:00:00-04:00,45.87109097972837,45.88960647583008,45.87109097972837,45.88960647583008,3300,0.0,0.0,0.0
2018-04-17 00:00:00-04:00,45.88960647583008,45.88960647583008,45.88035049351412,45.88960647583008,3800,0.0,0.0,0.0
2018-04-18 00:00:00-04:00,45.87110186831067,45.87110186831067,45.815558898290895,45.84333038330078,5400,0.0,0.0,0.0
2018-04-19 00:00:00-04:00,45.83406448364258,45.83406448364258,45.83406448364258,45.83406448364258,300,0.0,0.0,0.0
2018-04-20 00:00:00-04:00,45.81276715006397,45.834058380673106,45.76925591232386,45.82480239868164,3500,0.0,0.0,0.0
2018-04-23 00:00:00-04:00,45.8312925128214,45.8312925128214,45.80347213888527,45.812747955322266,4300,0.087,0.0,0.0
2018-04-24 00:00:00-04:00,45.80347213888527,45.82202023407183,45.78121654727386,45.812747955322266,9100,0.0,0.0,0.0
2018-04-25 00:00:00-04:00,45.80348587036133,45.80348587036133,45.799778372825,45.80348587036133,800,0.0,0.0,0.0
2018-04-26 00:00:00-04:00,45.82201649534088,45.82201649534088,45.78770446777344,45.78770446777344,6300,0.0,0.0,0.0
2018-04-27 00:00:00-04:00,45.75711378336564,45.84057846130948,45.75711378336564,45.831302642822266,7300,0.0,0.0,0.0
2018-04-30 00:00:00-04:00,45.86838684263067,45.877662658691406,45.86838684263067,45.877662658691406,3300,0.0,0.0,0.0
2018-05-01 00:00:00-04:00,45.868393481326834,45.868393481326834,45.819244384765625,45.819244384765625,600,0.0,0.0,0.0
2018-05-02 00:00:00-04:00,45.81273951061586,45.8683802482318,45.81273951061586,45.859107971191406,9500,0.0,0.0,0.0
2018-05-03 00:00:00-04:00,45.8962107531256,45.8962107531256,45.85726081611998,45.877662658691406,14000,0.0,0.0,0.0
2018-05-04 00:00:00-04:00,45.896212004057695,45.896212004057695,45.857262065990476,45.88693618774414,8100,0.0,0.0,0.0
2018-05-07 00:00:00-04:00,45.896236419677734,45.896236419677734,45.883253100081866,45.896236419677734,9800,0.0,0.0,0.0
2018-05-08 00:00:00-04:00,45.877662658691406,45.877662658691406,45.80810818898501,45.877662658691406,3100,0.0,0.0,0.0
2018-05-09 00:00:00-04:00,45.85911025732826,45.86838253483089,45.84983444213867,45.84983444213867,3100,0.0,0.0,0.0
2018-05-10 00:00:00-04:00,45.87766390911796,45.88693618774414,45.86838809280441,45.88693618774414,2000,0.0,0.0,0.0
2018-05-11 00:00:00-04:00,45.877662658691406,45.877662658691406,45.877662658691406,45.877662658691406,100,0.0,0.0,0.0
2018-05-14 00:00:00-04:00,45.82201407194382,45.88693062752311,45.82201407194382,45.84983444213867,5300,0.0,0.0,0.0
2018-05-15 00:00:00-04:00,45.84243220993163,45.84985074210847,45.803482262737056,45.831302642822266,4000,0.0,0.0,0.0
2018-05-16 00:00:00-04:00,45.85911025732826,45.85911025732826,45.84983444213867,45.84983444213867,2000,0.0,0.0,0.0
2018-05-17 00:00:00-04:00,45.8683967590332,45.8683967590332,45.803480183322705,45.8683967590332,2700,0.0,0.0,0.0
2018-05-18 00:00:00-04:00,45.86838684263067,45.877662658691406,45.835928561792656,45.877662658691406,5200,0.0,0.0,0.0
2018-05-21 00:00:00-04:00,45.87766390911796,45.88693618774414,45.82201962429877,45.88693618774414,3300,0.0,0.0,0.0
2018-05-22 00:00:00-04:00,45.87303466806625,45.87303466806625,45.8683967590332,45.8683967590332,2300,0.0,0.0,0.0
2018-05-23 00:00:00-04:00,45.90548345994052,45.94257964915513,45.849839176118614,45.93330383300781,4100,0.0,0.0,0.0
2018-05-24 00:00:00-04:00,45.967677876159314,45.97697001400429,45.95838928222656,45.95838928222656,2000,0.087,0.0,0.0
2018-05-25 00:00:00-04:00,46.004844665527344,46.004844665527344,46.004844665527344,46.004844665527344,2000,0.0,0.0,0.0
2018-05-29 00:00:00-04:00,46.04199981689453,46.04199981689453,46.04199981689453,46.04199981689453,500,0.0,0.0,0.0
2018-05-30 00:00:00-04:00,46.1070359337225,46.1070359337225,46.07916306147544,46.08845520019531,4900,0.0,0.0,0.0
2018-05-31 00:00:00-04:00,46.069874466668125,46.09774379500263,46.069874466668125,46.08845520019531,2800,0.0,0.0,0.0
2018-06-01 00:00:00-04:00,46.04199981689453,46.060580548274196,46.03270767924863,46.04199981689453,5400,0.0,0.0,0.0
2018-06-04 00:00:00-04:00,46.01411753177661,46.01411753177661,45.93979816537845,45.99553680419922,2800,0.0,0.0,0.0
2018-06-05 00:00:00-04:00,45.94909714438159,46.02342007149249,45.94909714438159,45.95838928222656,6900,0.0,0.0,0.0
2018-06-06 00:00:00-04:00,45.98624821236623,45.99553680419922,45.98624821236623,45.99553680419922,2100,0.0,0.0,0.0
2018-06-07 00:00:00-04:00,46.03270702011443,46.03270702011443,46.00483769540006,46.02341842651367,2100,0.0,0.0,0.0
2018-06-08 00:00:00-04:00,45.98068192587294,46.01412582397461,45.98068192587294,46.01412582397461,2300,0.0,0.0,0.0
2018-06-11 00:00:00-04:00,45.99553680419922,45.99553680419922,45.98624821236623,45.99553680419922,2600,0.0,0.0,0.0
2018-06-12 00:00:00-04:00,45.98624821236623,45.99553680419922,45.93050602963404,45.99553680419922,2300,0.0,0.0,0.0
2018-06-13 00:00:00-04:00,46.004850987124065,46.004850987124065,45.949108777678205,45.967689514160156,2600,0.0,0.0,0.0
2018-06-14 00:00:00-04:00,45.99555252660666,46.004844665527344,45.95096301787282,46.004844665527344,3200,0.0,0.0,0.0
2018-06-15 00:00:00-04:00,46.01412582397461,46.01412582397461,45.98068192587294,46.01412582397461,2400,0.0,0.0,0.0
2018-06-18 00:00:00-04:00,46.004844665527344,46.00949073498769,45.94074237384259,46.004844665527344,4700,0.0,0.0,0.0
2018-06-19 00:00:00-04:00,46.032711029052734,46.032711029052734,45.96768023644769,46.032711029052734,2500,0.0,0.0,0.0
2018-06-20 00:00:00-04:00,46.01598684285065,46.04199915762728,46.00298068546233,46.02341842651367,9700,0.0,0.0,0.0
2018-06-21 00:00:00-04:00,46.05128841062829,46.05128841062829,46.0169160067276,46.04199981689453,9600,0.0,0.0,0.0
2018-06-22 00:00:00-04:00,46.06061935424805,46.069924847614445,46.06061935424805,46.06061935424805,2600,0.09,0.0,0.0
2018-06-25 00:00:00-04:00,46.07921600341797,46.07921600341797,46.065255992532066,46.07921600341797,3700,0.0,0.0,0.0
2018-06-26 00:00:00-04:00,46.06062934958497,46.0699348449707,46.06062934958497,46.0699348449707,6800,0.0,0.0,0.0
2018-06-27 00:00:00-04:00,46.09783935546875,46.09783935546875,46.07922482060607,46.09783935546875,2200,0.0,0.0,0.0
2018-06-28 00:00:00-04:00,46.10715103149414,46.10715103149414,46.08853649556829,46.10715103149414,6400,0.0,0.0,0.0
2018-06-29 00:00:00-04:00,46.107148398079836,46.11645389033143,46.09783935546875,46.09783935546875,2100,0.0,0.0,0.0
2018-07-02 00:00:00-04:00,46.1071395755486,46.135059597320414,46.07921600341797,46.07921600341797,2500,0.0,0.0,0.0
2018-07-03 00:00:00-04:00,46.08853386321716,46.107148398079836,46.08853386321716,46.09783935546875,2300,0.0,0.0,0.0
2018-07-05 00:00:00-04:00,46.06991932835449,46.125762932942514,46.06991932835449,46.09783935546875,4100,0.0,0.0,0.0
2018-07-06 00:00:00-04:00,46.08667084963142,46.116451263427734,46.08667084963142,46.116451263427734,4200,0.0,0.0,0.0
2018-07-09 00:00:00-04:00,46.09784198835136,46.10715103149414,46.07736706394084,46.10715103149414,2900,0.0,0.0,0.0
2018-07-10 00:00:00-04:00,46.08108139038086,46.08108139038086,46.08108139038086,46.08108139038086,600,0.0,0.0,0.0
2018-07-11 00:00:00-04:00,46.0699348449707,46.079240340356435,46.0699348449707,46.0699348449707,1500,0.0,0.0,0.0
2018-07-12 00:00:00-04:00,46.0699348449707,46.0699348449707,46.0699348449707,46.0699348449707,200,0.0,0.0,0.0
2018-07-13 00:00:00-04:00,46.08853530883789,46.08853530883789,46.08853530883789,46.08853530883789,400,0.0,0.0,0.0
2018-07-16 00:00:00-04:00,46.06992458721226,46.0969144232182,46.06992458721226,46.09412384033203,600,0.0,0.0,0.0
2018-07-17 00:00:00-04:00,46.10715103149414,46.10715103149414,46.10715103149414,46.10715103149414,100,0.0,0.0,0.0
2018-07-18 00:00:00-04:00,46.112735748291016,46.11645652526044,46.112735748291016,46.112735748291016,2600,0.0,0.0,0.0
2018-07-19 00:00:00-04:00,46.107150178508235,46.12576471408971,46.107150178508235,46.12297058105469,700,0.0,0.0,0.0
2018-07-20 00:00:00-04:00,46.12297058105469,46.12297058105469,46.12297058105469,46.12297058105469,0,0.0,0.0,0.0
2018-07-23 00:00:00-04:00,46.041996002197266,46.041996002197266,46.041996002197266,46.041996002197266,200,0.0,0.0,0.0
2018-07-24 00:00:00-04:00,46.03639221191406,46.03639221191406,46.03639221191406,46.03639221191406,500,0.104,0.0,0.0
2018-07-25 00:00:00-04:00,46.08116149902344,46.08116149902344,46.08116149902344,46.08116149902344,200,0.0,0.0,0.0
2018-07-26 00:00:00-04:00,46.12407684326172,46.12407684326172,46.12407684326172,46.12407684326172,300,0.0,0.0,0.0
2018-07-27 00:00:00-04:00,46.129675912749214,46.129675912749214,46.106361389160156,46.106361389160156,800,0.0,0.0,0.0
2018-07-30 00:00:00-04:00,46.05506134033203,46.05506134033203,46.05506134033203,46.05506134033203,300,0.0,0.0,0.0
2018-07-31 00:00:00-04:00,46.13526263185227,46.138994804913395,46.09235865192463,46.099822998046875,1800,0.0,0.0,0.0
2018-08-01 00:00:00-04:00,46.138994028332185,46.138994028332185,46.10448299107424,46.12966537475586,5100,0.0,0.0,0.0
2018-08-02 00:00:00-04:00,46.156727126344514,46.156727126344514,46.1539306640625,46.1539306640625,700,0.0,0.0,0.0
2018-08-03 00:00:00-04:00,46.1539306640625,46.1539306640625,46.1539306640625,46.1539306640625,0,0.0,0.0,0.0
2018-08-06 00:00:00-04:00,46.2136116027832,46.2136116027832,46.19495785099309,46.2136116027832,3800,0.0,0.0,0.0
2018-08-07 00:00:00-04:00,46.2136116027832,46.2136116027832,46.2136116027832,46.2136116027832,0,0.0,0.0,0.0
2018-08-08 00:00:00-04:00,46.21360722897481,46.21360722897481,46.1818962097168,46.1818962097168,2100,0.0,0.0,0.0
2018-08-09 00:00:00-04:00,46.15765390525224,46.2136116027832,46.15765390525224,46.2136116027832,900,0.0,0.0,0.0
2018-08-10 00:00:00-04:00,46.2136116027832,46.2136116027832,46.2136116027832,46.2136116027832,100,0.0,0.0,0.0
2018-08-13 00:00:00-04:00,46.25092070985412,46.25092070985412,46.249056401962285,46.2499885559082,400,0.0,0.0,0.0
2018-08-14 00:00:00-04:00,46.250917503878846,46.250917503878846,46.24159240722656,46.24159240722656,2100,0.0,0.0,0.0
2018-08-15 00:00:00-04:00,46.26956558227539,46.26956558227539,46.26956558227539,46.26956558227539,5300,0.0,0.0,0.0
2018-08-16 00:00:00-04:00,46.23878539755685,46.23878539755685,46.22572812951406,46.23039245605469,600,0.0,0.0,0.0
2018-08-17 00:00:00-04:00,46.28822476876572,46.28822476876572,46.20428466796875,46.20428466796875,1100,0.0,0.0,0.0
2018-08-20 00:00:00-04:00,46.316219329833984,46.316219329833984,46.316219329833984,46.316219329833984,3900,0.0,0.0,0.0
2018-08-21 00:00:00-04:00,46.22294235229492,46.22294235229492,46.22294235229492,46.22294235229492,100,0.0,0.0,0.0
2018-08-22 00:00:00-04:00,46.22294235229492,46.22294235229492,46.22294235229492,46.22294235229492,0,0.0,0.0,0.0
2018-08-23 00:00:00-04:00,46.27331533208359,46.325544429602104,46.27331533208359,46.316219329833984,3800,0.0,0.0,0.0
2018-08-24 00:00:00-04:00,46.3190099087035,46.3190099087035,46.309661865234375,46.309661865234375,3800,0.103,0.0,0.0
2018-08-27 00:00:00-04:00,46.309667454215244,46.319015498812554,46.279762268066406,46.279762268066406,4900,0.0,0.0,0.0
2018-08-28 00:00:00-04:00,46.31901041411217,46.31901041411217,46.29096984863281,46.29096984863281,1300,0.0,0.0,0.0
2018-08-29 00:00:00-04:00,46.29096984863281,46.29096984863281,46.26293284838746,46.29096984863281,3700,0.0,0.0,0.0
2018-08-30 00:00:00-04:00,46.2909693435301,46.309661865234375,46.2909693435301,46.309661865234375,3200,0.0,0.0,0.0
2018-08-31 00:00:00-04:00,46.327419790546,46.32835388183594,46.327419790546,46.32835388183594,500,0.0,0.0,0.0
2018-09-04 00:00:00-04:00,46.32835388183594,46.32835388183594,46.30966136033546,46.32835388183594,3700,0.0,0.0,0.0
2018-09-05 00:00:00-04:00,46.32835388183594,46.32835388183594,46.32835388183594,46.32835388183594,200,0.0,0.0,0.0
2018-09-06 00:00:00-04:00,46.33771667611862,46.35640563833451,46.33771667611862,46.34706115722656,3000,0.0,0.0,0.0
2018-09-07 00:00:00-04:00,46.30965270392562,46.30965270392562,46.29096018591924,46.30030822753906,6100,0.0,0.0,0.0
2018-09-10 00:00:00-04:00,46.2909693435301,46.3190099087035,46.26293234359068,46.309661865234375,4600,0.0,0.0,0.0
2018-09-11 00:00:00-04:00,46.29097594929518,46.29097594929518,46.1984509841045,46.28163146972656,5200,0.0,0.0,0.0
2018-09-12 00:00:00-04:00,46.277885439820444,46.300317892203935,46.277885439820444,46.29096984863281,5200,0.0,0.0,0.0
2018-09-13 00:00:00-04:00,46.300317892203935,46.300317892203935,46.25639064398128,46.29096984863281,6200,0.0,0.0,0.0
2018-09-14 00:00:00-04:00,46.2162094170428,46.29097594929518,46.2162094170428,46.28163146972656,10000,0.0,0.0,0.0
2018-09-17 00:00:00-04:00,46.29096984863281,46.300317892203935,46.2816253702957,46.29096984863281,9000,0.0,0.0,0.0
2018-09-18 00:00:00-04:00,46.30031076379895,46.30031076379895,46.27227020263672,46.27227020263672,8800,0.0,0.0,0.0
2018-09-19 00:00:00-04:00,46.272276301860614,46.272276301860614,46.253587345600316,46.26293182373047,8700,0.0,0.0,0.0
2018-09-20 00:00:00-04:00,46.27227020263672,46.281618244768616,46.27227020263672,46.27227020263672,5200,0.0,0.0,0.0
2018-09-21 00:00:00-04:00,46.36404800415039,46.36404800415039,46.36404800415039,46.36404800415039,0,0.098,0.0,0.0
2018-09-24 00:00:00-04:00,46.36404800415039,46.36404800415039,46.36404800415039,46.36404800415039,0,0.0,0.0,0.0
2018-09-25 00:00:00-04:00,46.27039529927297,46.27039529927297,46.18611392606721,46.25541305541992,3900,0.0,0.0,0.0
2018-09-26 00:00:00-04:00,46.21421866569077,46.298500061035156,46.20485565389924,46.298500061035156,5700,0.0,0.0,0.0
2018-09-27 00:00:00-04:00,46.223577291734,46.244178771972656,46.223577291734,46.244178771972656,900,0.0,0.0,0.0
2018-09-28 00:00:00-04:00,46.244178771972656,46.244178771972656,46.244178771972656,46.244178771972656,0,0.0,0.0,0.0
2018-10-01 00:00:00-04:00,46.26103738842157,46.317222595214844,46.242307795388946,46.317222595214844,1000,0.0,0.0,0.0
2018-10-02 00:00:00-04:00,46.326608313965636,46.33597132819722,46.25168991088867,46.25168991088867,1700,0.0,0.0,0.0
2018-10-03 00:00:00-04:00,46.307867866508126,46.31629493457328,46.204856872558594,46.204856872558594,4100,0.0,0.0,0.0
2018-10-04 00:00:00-04:00,46.25167261525679,46.25167261525679,46.16739122946493,46.1767578125,1500,0.0,0.0,0.0
2018-10-05 00:00:00-04:00,46.25167258103589,46.25167258103589,46.17301043066233,46.2423095703125,4200,0.0,0.0,0.0
2018-10-08 00:00:00-04:00,46.270402744725445,46.270402744725445,46.17675834711908,46.26103973388672,800,0.0,0.0,0.0
2018-10-09 00:00:00-04:00,46.1973598288081,46.26103973388672,46.1973598288081,46.26103973388672,1300,0.0,0.0,0.0
2018-10-10 00:00:00-04:00,46.2423095703125,46.2423095703125,46.23294298728437,46.2423095703125,1600,0.0,0.0,0.0
2018-10-11 00:00:00-04:00,46.289140296912045,46.289140296912045,46.195495883205986,46.2797737121582,1700,0.0,0.0,0.0
2018-10-12 00:00:00-04:00,46.298490387636356,46.298490387636356,46.214209009901346,46.223575592041016,4300,0.0,0.0,0.0
2018-10-15 00:00:00-04:00,46.30786113071978,46.30786113071978,46.24980046207182,46.27789306640625,2400,0.0,0.0,0.0
2018-10-16 00:00:00-04:00,46.307861328125,46.307861328125,46.307861328125,46.307861328125,1900,0.0,0.0,0.0
2018-10-17 00:00:00-04:00,46.21421399776584,46.28913237375147,46.19548797607422,46.19548797607422,2500,0.0,0.0,0.0
2018-10-18 00:00:00-04:00,46.195487372086056,46.2423095703125,46.195487372086056,46.2423095703125,9800,0.0,0.0,0.0
2018-10-19 00:00:00-04:00,46.27040481567383,46.27040481567383,46.261041804416045,46.27040481567383,700,0.0,0.0,0.0
2018-10-22 00:00:00-04:00,46.20486120317587,46.28914260864258,46.20486120317587,46.28914260864258,2100,0.0,0.0,0.0
2018-10-23 00:00:00-04:00,46.24042972420538,46.307856969776026,46.223575592041016,46.223575592041016,4800,0.0,0.0,0.0
2018-10-24 00:00:00-04:00,46.19830169244008,46.21421988459708,46.19830169244008,46.204856872558594,4100,0.0,0.0,0.0
2018-10-25 00:00:00-04:00,46.214209009901346,46.223575592041016,46.214209009901346,46.223575592041016,1600,0.0,0.0,0.0
2018-10-26 00:00:00-04:00,46.2226417507005,46.251670297584134,46.167388916015625,46.167388916015625,7400,0.0,0.0,0.0
2018-10-29 00:00:00-04:00,46.20767552769626,46.25168991088867,46.20767552769626,46.25168991088867,1000,0.0,0.0,0.0
2018-10-30 00:00:00-04:00,46.23294183067341,46.24230841346722,46.23294183067341,46.23762512207031,6100,0.0,0.0,0.0
2018-10-31 00:00:00-04:00,46.223577663573245,46.232940673828125,46.139296282061125,46.232940673828125,2300,0.0,0.0,0.0
2018-11-01 00:00:00-04:00,46.158028184583,46.2423095703125,46.158028184583,46.2423095703125,1200,0.0,0.0,0.0
2018-11-02 00:00:00-04:00,46.14678596461377,46.20484662883486,46.111202239990234,46.111202239990234,7800,0.0,0.0,0.0
2018-11-05 00:00:00-05:00,46.21420669555664,46.21420669555664,46.1767510857869,46.21420669555664,1300,0.0,0.0,0.0
2018-11-06 00:00:00-05:00,46.19829009124398,46.19829009124398,46.14491271972656,46.14491271972656,800,0.0,0.0,0.0
2018-11-07 00:00:00-05:00,46.12993090254785,46.23294187956076,46.12993090254785,46.13929748535156,1300,0.0,0.0,0.0
2018-11-08 00:00:00-05:00,46.14679619546531,46.204856872558594,46.14679619546531,46.204856872558594,1100,0.0,0.0,0.0
2018-11-09 00:00:00-05:00,46.19548067682388,46.21420669555664,46.19548067682388,46.21420669555664,1000,0.0,0.0,0.0
2018-11-12 00:00:00-05:00,46.15802380628094,46.223575592041016,46.139294214306,46.223575592041016,2000,0.0,0.0,0.0
2018-11-13 00:00:00-05:00,46.22357997656097,46.2423095703125,46.22357997656097,46.2423095703125,1200,0.0,0.0,0.0
2018-11-14 00:00:00-05:00,46.242301379054446,46.26103096948825,46.1907958984375,46.1907958984375,1700,0.0,0.0,0.0
2018-11-15 00:00:00-05:00,46.279765185510804,46.279765185510804,46.2423095703125,46.2423095703125,1500,0.0,0.0,0.0
2018-11-16 00:00:00-05:00,46.278834521198306,46.30786664513184,46.27227934125269,46.298500061035156,3500,0.0,0.0,0.0
2018-11-19 00:00:00-05:00,46.223577663573245,46.28819350847603,46.223577663573245,46.232940673828125,6000,0.0,0.0,0.0
2018-11-20 00:00:00-05:00,46.23106439918119,46.24323881197044,46.21420669555664,46.21420669555664,1400,0.0,0.0,0.0
2018-11-21 00:00:00-05:00,46.24980596956992,46.30786664513184,46.24980596956992,46.298500061035156,2700,0.0,0.0,0.0
2018-11-23 00:00:00-05:00,46.30224985359395,46.30224985359395,46.26846694946289,46.26846694946289,600,0.104,0.0,0.0
2018-11-26 00:00:00-05:00,46.22717220060459,46.29286575317383,46.22717220060459,46.29286575317383,2100,0.0,0.0,0.0
2018-11-27 00:00:00-05:00,46.28253834142895,46.31162807886251,46.227169036865234,46.227169036865234,1800,0.0,0.0,0.0
2018-11-28 00:00:00-05:00,46.36794803049124,46.3773307800293,46.36794803049124,46.3773307800293,1600,0.0,0.0,0.0
2018-11-29 00:00:00-05:00,46.302268839998945,46.35857608986311,46.302268839998945,46.34918975830078,1500,0.0,0.0,0.0
2018-11-30 00:00:00-05:00,46.33978183388198,46.33978183388198,46.31162643432617,46.31162643432617,2800,0.0,0.0,0.0
2018-12-03 00:00:00-05:00,46.37732109969442,46.37732109969442,46.27409655697879,46.339786529541016,3800,0.0,0.0,0.0
2018-12-04 00:00:00-05:00,46.283477663665785,46.33039855957031,46.264708589337,46.33039855957031,3100,0.0,0.0,0.0
2018-12-06 00:00:00-05:00,46.38671710940312,46.38671710940312,46.341672035981766,46.3773307800293,2800,0.0,0.0,0.0
2018-12-07 00:00:00-05:00,46.37732402696639,46.405479431152344,46.34447903861214,46.405479431152344,4000,0.0,0.0,0.0
2018-12-10 00:00:00-05:00,46.33979130475656,46.41486403263447,46.33979130475656,46.38201904296875,1700,0.0,0.0,0.0
2018-12-11 00:00:00-05:00,46.38577669894108,46.38577669894108,46.37263870239258,46.37263870239258,700,0.0,0.0,0.0
2018-12-12 00:00:00-05:00,46.356680968107284,46.42425036101633,46.356680968107284,46.38201904296875,1600,0.0,0.0,0.0
2018-12-13 00:00:00-05:00,46.40642333674924,46.43363724777826,46.34917818399141,46.39609909057617,2200,0.0,0.0,0.0
2018-12-14 00:00:00-05:00,46.377331969862894,46.41956329345703,46.377331969862894,46.41956329345703,600,0.0,0.0,0.0
2018-12-17 00:00:00-05:00,46.48637969034629,46.49579380470689,46.401670613264045,46.444026947021484,1700,0.146,0.0,0.0
2018-12-18 00:00:00-05:00,46.476980008015865,46.53345034562167,46.42050607997659,46.4299201965332,5800,0.0,0.0,0.0
2018-12-19 00:00:00-05:00,46.439332220402136,46.52404131997633,46.42050757711525,46.46286392211914,3600,0.0,0.0,0.0
2018-12-20 00:00:00-05:00,46.52402671134259,46.52402671134259,46.38755078319157,46.48167037963867,4700,0.0,0.0,0.0
2018-12-21 00:00:00-05:00,46.50521667668944,46.51462720311609,46.4318030811741,46.46286392211914,2200,0.0,0.0,0.0
2018-12-24 00:00:00-05:00,46.51462720311609,46.51462720311609,46.46286392211914,46.46286392211914,1600,0.0,0.0,0.0
2018-12-26 00:00:00-05:00,46.45814311348529,46.54285218798816,46.44872899941135,46.495792388916016,2500,0.0,0.0,0.0
2018-12-27 00:00:00-05:00,46.552274834551575,46.57109947716916,46.514625549316406,46.514625549316406,2100,0.0,0.0,0.0
2018-12-28 00:00:00-05:00,46.516501424732695,46.608739642206665,46.516501424732695,46.56167984008789,1000,0.0,0.0,0.0
2018-12-31 00:00:00-05:00,46.514612078207506,46.61438301422937,46.514612078207506,46.55226135253906,2600,0.0,0.0,0.0
2019-01-02 00:00:00-05:00,46.65580100609495,46.65580100609495,46.56168139870682,46.599327087402344,3100,0.0,0.0,0.0
2019-01-03 00:00:00-05:00,46.54286378754064,46.712281978769276,46.54286378754064,46.66522216796875,1700,0.0,0.0,0.0
2019-01-04 00:00:00-05:00,46.674631432529644,46.7028666001602,46.62568664550781,46.62568664550781,7500,0.0,0.0,0.0
2019-01-07 00:00:00-05:00,46.68404531371516,46.69345943055754,46.58992568789285,46.63227844238281,10100,0.0,0.0,0.0
2019-01-08 00:00:00-05:00,46.646391931409084,46.646391931409084,46.589918010961135,46.627567291259766,2700,0.0,0.0,0.0
2019-01-09 00:00:00-05:00,46.6313265840503,46.674623612204954,46.6313265840503,46.6369743347168,1400,0.0,0.0,0.0
2019-01-10 00:00:00-05:00,46.63697141346046,46.712269963720196,46.63697141346046,46.65579605102539,1900,0.0,0.0,0.0
2019-01-11 00:00:00-05:00,46.68498170849021,46.73110082001022,46.68498170849021,46.70756912231445,1600,0.0,0.0,0.0
2019-01-14 00:00:00-05:00,46.73110873139172,46.73110873139172,46.712284088134766,46.712284088134766,1100,0.0,0.0,0.0
2019-01-15 00:00:00-05:00,46.67462425803517,46.77815797734382,46.67462425803517,46.73109817504883,4100,0.0,0.0,0.0
2019-01-16 00:00:00-05:00,46.7687392055738,46.7687392055738,46.71697235107422,46.71697235107422,1600,0.0,0.0,0.0
2019-01-17 00:00:00-05:00,46.76874386262516,46.76874386262516,46.73109817504883,46.73109817504883,2000,0.0,0.0,0.0
2019-01-18 00:00:00-05:00,46.75932868222497,46.75932868222497,46.71697235107422,46.71697235107422,1700,0.0,0.0,0.0
2019-01-22 00:00:00-05:00,46.77817391348993,46.78758444098175,46.693464804327576,46.749935150146484,3100,0.0,0.0,0.0
2019-01-23 00:00:00-05:00,46.77817391348993,46.77817391348993,46.749935150146484,46.749935150146484,2600,0.0,0.0,0.0
2019-01-24 00:00:00-05:00,46.848913381796855,46.848913381796855,46.76500499831442,46.806488037109375,2800,0.085,0.0,0.0
2019-01-25 00:00:00-05:00,46.781031712011476,46.82817218307172,46.76405941606784,46.79705810546875,3400,0.0,0.0,0.0
2019-01-28 00:00:00-05:00,46.839487425787134,46.839487425787134,46.76500569670492,46.7923469543457,2800,0.0,0.0,0.0
2019-01-29 00:00:00-05:00,46.85834277426293,46.867769429602525,46.79234539712379,46.82534408569336,4800,0.0,0.0,0.0
2019-01-30 00:00:00-05:00,46.8743766325757,46.91020584106445,46.8743766325757,46.91020584106445,3100,0.0,0.0,0.0
2019-01-31 00:00:00-05:00,46.990328098574054,46.99975475202193,46.90170101186577,46.944129943847656,2700,0.0,0.0,0.0
2019-02-01 00:00:00-05:00,46.98091835542879,46.98091835542879,46.87720714723948,46.91020584106445,1600,0.0,0.0,0.0
2019-02-04 00:00:00-05:00,46.95262620104826,46.95262620104826,46.9356575012207,46.9356575012207,2700,0.0,0.0,0.0
2019-02-05 00:00:00-05:00,46.93566317924651,46.980919045240654,46.905491403054434,46.97620391845703,2300,0.0,0.0,0.0
2019-02-06 00:00:00-05:00,46.97431517983445,46.99034157426779,46.97148466537775,46.9827995300293,3700,0.0,0.0,0.0
2019-02-07 00:00:00-05:00,47.00920813805529,47.01863479614258,47.00920813805529,47.01863479614258,2500,0.0,0.0,0.0
2019-02-08 00:00:00-05:00,47.00920813805529,47.01863479614258,46.99977788337965,47.01863479614258,3100,0.0,0.0,0.0
2019-02-11 00:00:00-05:00,47.03746918906461,47.03746918906461,47.01390075683594,47.01390075683594,2000,0.0,0.0,0.0
2019-02-12 00:00:00-05:00,46.980924567205086,47.02146531118061,46.980924567205086,47.01863479614258,2300,0.0,0.0,0.0
2019-02-13 00:00:00-05:00,46.9243477742694,46.99034516212982,46.9243477742694,46.98563003540039,5600,0.0,0.0,0.0
2019-02-14 00:00:00-05:00,47.03181987098977,47.03181987098977,46.99976348876953,46.99976348876953,3200,0.0,0.0,0.0
2019-02-15 00:00:00-05:00,46.98563212492879,47.023345947265625,46.98563212492879,47.023345947265625,2400,0.0,0.0,0.0
2019-02-19 00:00:00-05:00,47.065765759532766,47.07613831826019,47.05633910335226,47.06105422973633,3200,0.0,0.0,0.0
2019-02-20 00:00:00-05:00,47.00919895011241,47.09405324266664,47.00919895011241,47.0516242980957,3500,0.0,0.0,0.0
2019-02-21 00:00:00-05:00,46.979807327726164,47.045949163910834,46.979807327726164,47.031776428222656,3000,0.109,0.0,0.0
2019-02-22 00:00:00-05:00,47.10264336911338,47.10264336911338,47.06862808021381,47.06957244873047,1700,0.0,0.0,0.0
2019-02-25 00:00:00-05:00,47.121541379245464,47.121541379245464,47.02705406548806,47.088470458984375,2200,0.0,0.0,0.0
2019-02-26 00:00:00-05:00,47.0554022144583,47.112096768612574,47.0554022144583,47.10264587402344,3800,0.0,0.0,0.0
2019-02-27 00:00:00-05:00,47.131001835173606,47.14044912668201,47.07430727274106,47.097930908203125,2500,0.0,0.0,0.0
2019-02-28 00:00:00-05:00,47.14044052674115,47.14044052674115,47.05540050083673,47.093196868896484,1400,0.0,0.0,0.0
2019-03-01 00:00:00-05:00,47.087526090471194,47.09319590601024,47.087526090471194,47.088470458984375,1400,0.0,0.0,0.0
2019-03-04 00:00:00-05:00,47.064851395081696,47.12154234271128,47.064851395081696,47.093196868896484,5100,0.0,0.0,0.0
2019-03-05 00:00:00-05:00,47.10737228393555,47.121545021648686,47.102646836544416,47.10737228393555,4100,0.0,0.0,0.0
2019-03-06 00:00:00-05:00,47.093209846742965,47.14045351760694,47.093209846742965,47.12155532836914,1200,0.0,0.0,0.0
2019-03-07 00:00:00-05:00,47.17823905225278,47.17823905225278,47.164066314697266,47.164066314697266,2200,0.0,0.0,0.0
2019-03-08 00:00:00-05:00,47.17729639872458,47.17824076733458,47.17351531982422,47.17351531982422,3100,0.0,0.0,0.0
2019-03-11 00:00:00-04:00,47.216033146474985,47.216033146474985,47.18768406827003,47.19240951538086,2300,0.0,0.0,0.0
2019-03-12 00:00:00-04:00,47.18863186761428,47.23493115664196,47.18768389462757,47.211307525634766,3400,0.0,0.0,0.0
2019-03-13 00:00:00-04:00,47.19713399949758,47.24343328775096,47.18768310546875,47.18768310546875,3300,0.0,0.0,0.0
2019-03-14 00:00:00-04:00,47.244383226752866,47.244383226752866,47.204698117856495,47.21603775024414,4300,0.0,0.0,0.0
2019-03-15 00:00:00-04:00,47.264221404160146,47.264221404160146,47.24721195715388,47.25382614135742,2100,0.0,0.0,0.0
2019-03-18 00:00:00-04:00,47.29162921589029,47.29162921589029,47.26044702752026,47.268009185791016,3000,0.0,0.0,0.0
2019-03-19 00:00:00-04:00,47.24438555123117,47.29162921589029,47.24438555123117,47.268009185791016,5100,0.0,0.0,0.0
2019-03-20 00:00:00-04:00,47.27273096586434,47.357771003921165,47.244385487998926,47.312416076660156,4300,0.0,0.0,0.0
2019-03-21 00:00:00-04:00,47.32943172840814,47.33887902078113,47.291635349994124,47.319984436035156,4900,0.0,0.0,0.0
2019-03-22 00:00:00-04:00,47.338905705621514,47.42413292294095,47.338905705621514,47.386253356933594,4900,0.11,0.0,0.0
2019-03-25 00:00:00-04:00,47.34838496531816,47.4620200777643,47.34838496531816,47.454444885253906,3700,0.0,0.0,0.0
2019-03-26 00:00:00-04:00,47.386249910825605,47.48094520656316,47.386249910825605,47.44306564331055,1600,0.0,0.0,0.0
2019-03-27 00:00:00-04:00,47.4999042673478,47.4999042673478,47.4620246887207,47.4620246887207,1800,0.0,0.0,0.0
2019-03-28 00:00:00-04:00,47.42414891475315,47.480964670528685,47.42414891475315,47.47149658203125,1500,0.0,0.0,0.0
2019-03-29 00:00:00-04:00,47.46201525711095,47.46201525711095,47.4430754715611,47.45728302001953,2100,0.0,0.0,0.0
2019-04-01 00:00:00-04:00,47.443086155622744,47.443086155622744,47.410892486572266,47.410892486572266,3400,0.0,0.0,0.0
2019-04-02 00:00:00-04:00,47.376783461545685,47.39572324526988,47.376783461545685,47.390987396240234,2600,0.0,0.0,0.0
2019-04-03 00:00:00-04:00,47.452546797524896,47.452546797524896,47.419403076171875,47.419403076171875,3400,0.0,0.0,0.0
2019-04-04 00:00:00-04:00,47.4430799211839,47.4430799211839,47.41656494140625,47.41656494140625,3000,0.0,0.0,0.0
2019-04-05 00:00:00-04:00,47.43360701212393,47.43360701212393,47.419403076171875,47.419403076171875,2900,0.0,0.0,0.0
2019-04-08 00:00:00-04:00,47.40519914021982,47.42413892562079,47.38625935481885,47.419403076171875,3700,0.0,0.0,0.0
2019-04-09 00:00:00-04:00,47.39573742446992,47.49043637142158,47.39573742446992,47.47149658203125,2600,0.0,0.0,0.0
2019-04-10 00:00:00-04:00,47.47148676164801,47.47148676164801,47.43171429587464,47.447811126708984,1800,0.0,0.0,0.0
2019-04-11 00:00:00-04:00,47.48095303694301,47.48095303694301,47.42413729508824,47.452545166015625,1900,0.0,0.0,0.0
2019-04-12 00:00:00-04:00,47.44307108671437,47.44307108671437,47.40992736816406,47.40992736816406,1500,0.0,0.0,0.0
2019-04-15 00:00:00-04:00,47.452554396566214,47.466758334792885,47.452554396566214,47.45823669433594,3600,0.0,0.0,0.0
2019-04-16 00:00:00-04:00,47.48095484818679,47.48095484818679,47.39572761975891,47.447811126708984,2000,0.0,0.0,0.0
2019-04-17 00:00:00-04:00,47.42129415343329,47.47148476344189,47.3957256247417,47.4336051940918,2300,0.0,0.0,0.0
2019-04-18 00:00:00-04:00,47.4146828335243,47.48097029804923,47.4146828335243,47.466766357421875,2400,0.0,0.0,0.0
2019-04-22 00:00:00-04:00,47.53778967295455,47.53778967295455,47.466766357421875,47.466766357421875,2400,0.0,0.0,0.0
2019-04-23 00:00:00-04:00,47.52371054902121,47.542697683250815,47.49522803696403,47.51896286010742,4100,0.125,0.0,0.0
2019-04-24 00:00:00-04:00,47.58162963717417,47.58162963717417,47.556949615478516,47.556949615478516,2500,0.0,0.0,0.0
2019-04-25 00:00:00-04:00,47.571192065188825,47.571192065188825,47.5427131652832,47.5427131652832,2100,0.0,0.0,0.0
2019-04-26 00:00:00-04:00,47.53321017310322,47.62909467361964,47.53321017310322,47.60346221923828,2800,0.0,0.0,0.0
2019-04-29 00:00:00-04:00,47.542694123545346,47.60914727766056,47.542694123545346,47.56642532348633,3100,0.0,0.0,0.0
2019-04-30 00:00:00-04:00,47.47624103899144,47.61009979248047,47.47624103899144,47.61009979248047,2700,0.0,0.0,0.0
2019-05-01 00:00:00-04:00,47.628136219772415,47.628136219772415,47.5711784362793,47.5711784362793,4400,0.0,0.0,0.0
2019-05-02 00:00:00-04:00,47.571192065188825,47.571192065188825,47.5427131652832,47.5427131652832,3400,0.0,0.0,0.0
2019-05-03 00:00:00-04:00,47.530365692220684,47.55219927145749,47.523720374937625,47.55125045776367,2000,0.0,0.0,0.0
2019-05-06 00:00:00-04:00,47.65662176249328,47.65662176249328,47.552194324216465,47.58067321777344,1700,0.0,0.0,0.0
2019-05-07 00:00:00-04:00,47.57118363093781,47.590170767984105,47.57118363093781,47.5892219543457,900,0.0,0.0,0.0
2019-05-08 00:00:00-04:00,47.5806761008618,47.5806761008618,47.573081970214844,47.573081970214844,1300,0.0,0.0,0.0
2019-05-09 00:00:00-04:00,47.6755976586003,47.6755976586003,47.588256128479074,47.60439682006836,4000,0.0,0.0,0.0
2019-05-10 00:00:00-04:00,47.6376334588807,47.666112351739756,47.58067205173675,47.62339401245117,2000,0.0,0.0,0.0
2019-05-13 00:00:00-04:00,47.704093690635204,47.704093690635204,47.62814513652465,47.6566276550293,2000,0.0,0.0,0.0
2019-05-14 00:00:00-04:00,47.70408466561619,47.70408466561619,47.661366328080575,47.67560577392578,2900,0.0,0.0,0.0
2019-05-15 00:00:00-04:00,47.66231756802306,47.70408709415218,47.66136875444184,47.69459533691406,2000,0.0,0.0,0.0
2019-05-16 00:00:00-04:00,47.723081646410435,47.723081646410435,47.670867919921875,47.670867919921875,1200,0.0,0.0,0.0
2019-05-17 00:00:00-04:00,47.66610960610169,47.69459211874596,47.64712247148073,47.685096740722656,2400,0.0,0.0,0.0
2019-05-20 00:00:00-04:00,47.6775026111594,47.685096740722656,47.675604984124995,47.685096740722656,1900,0.0,0.0,0.0
2019-05-21 00:00:00-04:00,47.629091782237325,47.6661136196537,47.61864758981741,47.64807891845703,1500,0.0,0.0,0.0
2019-05-22 00:00:00-04:00,47.689853105921905,47.6946007957973,47.62814400182066,47.68605422973633,1800,0.0,0.0,0.0
2019-05-23 00:00:00-04:00,47.7743379959533,47.7743379959533,47.70788483259303,47.76104736328125,2000,0.0,0.0,0.0
2019-05-24 00:00:00-04:00,47.77722554439782,47.77722554439782,47.74677276611328,47.74677276611328,1400,0.12,0.0,0.0
2019-05-28 00:00:00-04:00,47.81814777108777,47.81814777108777,47.78008270263672,47.78008270263672,1300,0.0,0.0,0.0
2019-05-29 00:00:00-04:00,47.76104656952264,47.84669115204166,47.76104656952264,47.798160552978516,3100,0.0,0.0,0.0
2019-05-30 00:00:00-04:00,47.82765739601239,47.846689928317005,47.78007788029304,47.799110412597656,15100,0.0,0.0,0.0
2019-05-31 00:00:00-04:00,47.884760203420385,47.9180662310565,47.854307422402464,47.913307189941406,6000,0.0,0.0,0.0
2019-06-03 00:00:00-04:00,47.96088290285949,47.97991180419922,47.96088290285949,47.97991180419922,2100,0.0,0.0,0.0
2019-06-04 00:00:00-04:00,47.90568437321703,47.96087979980053,47.90568437321703,47.955169677734375,1800,0.0,0.0,0.0
2019-06-05 00:00:00-04:00,48.04843305114765,48.04843305114765,47.94185377168196,47.98943328857422,3800,0.0,0.0,0.0
2019-06-06 00:00:00-04:00,48.01797916659758,48.01797916659758,47.96088519967581,47.97515869140625,1600,0.0,0.0,0.0
2019-06-07 00:00:00-04:00,47.9989429180622,48.01797544892403,47.9989429180622,48.008460998535156,2500,0.0,0.0,0.0
2019-06-10 00:00:00-04:00,47.95136482210543,48.027494947801124,47.95136482210543,47.97991180419922,3700,0.0,0.0,0.0
2019-06-11 00:00:00-04:00,47.97992274328282,47.99895527904603,47.91331068315411,47.95613479614258,6700,0.0,0.0,0.0
2019-06-12 00:00:00-04:00,47.941844345692004,48.037003360767024,47.941844345692004,47.951358795166016,4200,0.0,0.0,0.0
2019-06-13 00:00:00-04:00,48.05604591453041,48.05604591453041,48.01798084852634,48.02845001220703,10800,0.0,0.0,0.0
2019-06-14 00:00:00-04:00,48.04652320305642,48.04652320305642,47.97990753395943,48.01987838745117,2700,0.0,0.0,0.0
2019-06-17 00:00:00-04:00,48.056047137775344,48.06651630172252,47.98943508561489,48.02750015258789,3000,0.0,0.0,0.0
2019-06-18 00:00:00-04:00,48.08460185192687,48.12266692501832,48.01798978905941,48.060813903808594,2000,0.0,0.0,0.0
2019-06-19 00:00:00-04:00,48.03319976709433,48.17022817008314,48.03319976709433,48.13597106933594,1800,0.0,0.0,0.0
2019-06-20 00:00:00-04:00,48.21780926808551,48.21780926808551,48.15119722830204,48.15595626831055,11200,0.0,0.0,0.0
2019-06-21 00:00:00-04:00,48.12164068053351,48.14643478393555,48.1130595053684,48.14643478393555,1400,0.105,0.0,0.0
2019-06-24 00:00:00-04:00,48.203634785501784,48.203634785501784,48.11781214353416,48.18456268310547,3500,0.0,0.0,0.0
2019-06-25 00:00:00-04:00,48.25132135234982,48.25132135234982,48.13689235632382,48.15119552612305,5600,0.0,0.0,0.0
2019-06-26 00:00:00-04:00,48.18552622397124,48.18552622397124,48.098750503652944,48.103519439697266,2100,0.0,0.0,0.0
2019-06-27 00:00:00-04:00,48.10828164213517,48.165494316129596,48.10828164213517,48.15596008300781,1600,0.0,0.0,0.0
2019-06-28 00:00:00-04:00,48.175038589531034,48.175038589531034,48.15406036376953,48.15406036376953,2000,0.0,0.0,0.0
2019-07-01 00:00:00-04:00,48.20364527083376,48.20364527083376,48.098750503652944,48.103519439697266,1300,0.0,0.0,0.0
2019-07-02 00:00:00-04:00,48.203645028105754,48.20555114746094,48.18076068294652,48.20555114746094,5000,0.0,0.0,0.0
2019-07-03 00:00:00-04:00,48.21318167062551,48.21318167062551,48.203643798828125,48.203643798828125,2000,0.0,0.0,0.0
2019-07-05 00:00:00-04:00,48.18075937957631,48.18075937957631,48.15596527810026,48.1750373840332,3100,0.0,0.0,0.0
2019-07-08 00:00:00-04:00,48.15882445705569,48.18743443477123,48.15596527810026,48.1750373840332,2300,0.0,0.0,0.0
2019-07-09 00:00:00-04:00,48.18457274724898,48.18457274724898,48.16550064086914,48.16550064086914,2400,0.0,0.0,0.0
2019-07-10 00:00:00-04:00,48.155959034046816,48.213175344426794,48.155959034046816,48.1941032409668,5200,0.0,0.0,0.0
2019-07-11 00:00:00-04:00,48.222707629048216,48.222707629048216,48.15595708845099,48.1797981262207,5700,0.0,0.0,0.0
2019-07-12 00:00:00-04:00,48.163584461759,48.19410055311942,48.15595634832679,48.18456268310547,8100,0.0,0.0,0.0
2019-07-15 00:00:00-04:00,48.18457161818354,48.19410948996614,48.163593392946986,48.1750373840332,4400,0.0,0.0,0.0
2019-07-16 00:00:00-04:00,48.11780931746284,48.11780931746284,48.07394675839589,48.10064697265625,2300,0.0,0.0,0.0
2019-07-17 00:00:00-04:00,48.13879852602846,48.161686507836954,48.13879852602846,48.156917572021484,3100,0.0,0.0,0.0
2019-07-18 00:00:00-04:00,48.18171251390577,48.203643798828125,48.18075945425249,48.203643798828125,1500,0.0,0.0,0.0
2019-07-19 00:00:00-04:00,48.18456275735601,48.18456275735601,48.1654906549303,48.17312240600586,1400,0.0,0.0,0.0
2019-07-22 00:00:00-04:00,48.194101293829874,48.194101293829874,48.1797981262207,48.1797981262207,2200,0.0,0.0,0.0
2019-07-23 00:00:00-04:00,48.241790698410796,48.251324933107085,48.1655022703106,48.21318435668945,6900,0.0,0.0,0.0
2019-07-24 00:00:00-04:00,48.20553676435393,48.2628801125863,48.19120183872295,48.21987533569336,3100,0.112,0.0,0.0
2019-07-25 00:00:00-04:00,48.186411288767225,48.186411288767225,48.167300489437885,48.170166015625,3100,0.0,0.0,0.0
2019-07-26 00:00:00-04:00,48.225592348742865,48.225592348742865,48.17207336425781,48.17207336425781,4000,0.0,0.0,0.0
2019-07-29 00:00:00-04:00,48.262882640306046,48.262882640306046,48.19598388671875,48.19598388671875,5300,0.0,0.0,0.0
2019-07-30 00:00:00-04:00,48.19693906238305,48.23421278754253,48.18355931166559,48.19598388671875,2800,0.0,0.0,0.0
2019-07-31 00:00:00-04:00,48.262878235343074,48.28199268401038,48.18642044067383,48.18642044067383,7500,0.0,0.0,0.0
2019-08-01 00:00:00-04:00,48.262880123241864,48.339337920901905,48.21509582255856,48.296329498291016,2200,0.0,0.0,0.0
2019-08-02 00:00:00-04:00,48.3202234714869,48.329778873340175,48.24376567382685,48.296329498291016,6900,0.0,0.0,0.0
2019-08-05 00:00:00-04:00,48.40047959523614,48.42532508685156,48.40047959523614,48.41194534301758,2600,0.0,0.0,0.0
2019-08-06 00:00:00-04:00,48.42534836173191,48.42534836173191,48.33933880635157,48.387123107910156,2400,0.0,0.0,0.0
2019-08-07 00:00:00-04:00,48.45402256642855,48.45497774207447,48.401458740234375,48.401458740234375,3300,0.0,0.0,0.0
2019-08-08 00:00:00-04:00,48.34888670847294,48.40240570123002,48.34888670847294,48.39189147949219,3700,0.0,0.0,0.0
2019-08-09 00:00:00-04:00,48.368001155273035,48.41960979706249,48.368001155273035,48.39189147949219,2300,0.0,0.0,0.0
2019-08-12 00:00:00-04:00,48.444455194353594,48.4731286873471,48.37755645354867,48.46356964111328,3200,0.0,0.0,0.0
2019-08-13 00:00:00-04:00,48.425343835694655,48.425343835694655,48.37278366088867,48.37278366088867,1700,0.0,0.0,0.0
2019-08-14 00:00:00-04:00,48.433949538912735,48.463574564689786,48.368961142469004,48.4110107421875,7800,0.0,0.0,0.0
2019-08-15 00:00:00-04:00,48.40623123816989,48.520914276080156,48.40623123816989,48.487464904785156,2600,0.0,0.0,0.0
2019-08-16 00:00:00-04:00,48.540029432207085,48.540029432207085,48.501800537109375,48.501800537109375,2600,0.0,0.0,0.0
2019-08-19 00:00:00-04:00,48.520914276080156,48.53046967686099,48.487464904785156,48.487464904785156,5300,0.0,0.0,0.0
2019-08-20 00:00:00-04:00,48.484594147864684,48.559141583492455,48.484594147864684,48.518043518066406,4100,0.0,0.0,0.0
2019-08-21 00:00:00-04:00,48.540032957668465,48.54958835928285,48.49702453613281,48.49702453613281,4500,0.0,0.0,0.0
2019-08-22 00:00:00-04:00,48.52090835571289,48.53046375532781,48.52090835571289,48.52090835571289,4700,0.0,0.0,0.0
2019-08-23 00:00:00-04:00,48.53145329110787,48.59851185664253,48.502714949998094,48.55061340332031,8100,0.121,0.0,0.0
2019-08-26 00:00:00-04:00,48.51229206718172,48.569772402501805,48.51229206718172,48.53145217895508,1900,0.0,0.0,0.0
2019-08-27 00:00:00-04:00,48.51229428973205,48.61000976792764,48.51229428973205,48.56977462768555,7200,0.0,0.0,0.0
2019-08-28 00:00:00-04:00,48.62725019775232,48.62725019775232,48.55061340332031,48.55061340332031,3400,0.0,0.0,0.0
2019-08-29 00:00:00-04:00,48.55826749292271,48.56018240745487,48.52186584472656,48.52186584472656,3400,0.0,0.0,0.0
2019-08-30 00:00:00-04:00,48.598508833904525,48.598508833904525,48.564979553222656,48.564979553222656,1100,0.0,0.0,0.0
2019-09-03 00:00:00-04:00,48.62725019544963,48.62725019544963,48.617671966552734,48.617671966552734,1800,0.0,0.0,0.0
2019-09-04 00:00:00-04:00,48.665569623606615,48.67515150676447,48.63683128296841,48.67036056518555,6500,0.0,0.0,0.0
2019-09-05 00:00:00-04:00,48.6368320810674,48.6368320810674,48.55061340332031,48.55061340332031,2200,0.0,0.0,0.0
2019-09-06 00:00:00-04:00,48.53145475160827,48.61767343195002,48.53145475160827,48.575523376464844,2700,0.0,0.0,0.0
2019-09-09 00:00:00-04:00,48.493132273343576,48.5697727209395,48.493132273343576,48.5362434387207,7000,0.0,0.0,0.0
2019-09-10 00:00:00-04:00,48.47396755185104,48.550607992158895,48.454811096191406,48.454811096191406,3200,0.0,0.0,0.0
2019-09-11 00:00:00-04:00,48.46344426208542,48.521882064604085,48.45769586215034,48.47397994995117,5800,0.0,0.0,0.0
2019-09-12 00:00:00-04:00,48.464381054073115,48.48162624652487,48.41648261426274,48.445220947265625,4400,0.0,0.0,0.0
2019-09-13 00:00:00-04:00,48.4356613250604,48.4356613250604,48.36860275268555,48.36860275268555,2500,0.0,0.0,0.0
2019-09-16 00:00:00-04:00,48.45481395581075,48.464392184205835,48.4404411315918,48.4404411315918,4200,0.0,0.0,0.0
2019-09-17 00:00:00-04:00,48.39732857816889,48.493125469805896,48.39732857816889,48.48450469970703,7200,0.0,0.0,0.0
2019-09-18 00:00:00-04:00,48.54102610991175,48.54102610991175,48.454811096191406,48.454811096191406,2500,0.0,0.0,0.0
2019-09-19 00:00:00-04:00,48.521882064604085,48.521882064604085,48.47397994995117,48.47397994995117,1800,0.0,0.0,0.0
2019-09-20 00:00:00-04:00,48.4922076033693,48.540199950193944,48.4922076033693,48.52580261230469,1000,0.099,0.0,0.0
2019-09-23 00:00:00-04:00,48.53060160530657,48.578593950805924,48.53060160530657,48.554595947265625,3100,0.0,0.0,0.0
2019-09-24 00:00:00-04:00,48.60259483844833,48.6361898509805,48.56899982591616,48.60739517211914,9200,0.0,0.0,0.0
2019-09-25 00:00:00-04:00,48.60739404388601,48.60739404388601,48.5498046875,48.5498046875,5300,0.0,0.0,0.0
2019-09-26 00:00:00-04:00,48.56323609261167,48.597790434063775,48.56323609261167,48.58339309692383,3400,0.0,0.0,0.0
2019-09-27 00:00:00-04:00,48.56900498349435,48.597803326995574,48.56900498349435,48.57860565185547,2600,0.0,0.0,0.0
2019-09-30 00:00:00-04:00,48.60739202844094,48.60739202844094,48.592994689941406,48.592994689941406,2400,0.0,0.0,0.0
2019-10-01 00:00:00-04:00,48.57859442344706,48.655381444676856,48.57859442344706,48.64674377441406,4200,0.0,0.0,0.0
2019-10-02 00:00:00-04:00,48.61699340898445,48.71297810811165,48.61699340898445,48.68898010253906,2800,0.0,0.0,0.0
2019-10-03 00:00:00-04:00,48.77440458782549,48.80895893030334,48.77440458782549,48.77536392211914,7800,0.0,0.0,0.0
2019-10-04 00:00:00-04:00,48.72642155915853,48.79937125681898,48.72642155915853,48.79457092285156,4100,0.0,0.0,0.0
2019-10-07 00:00:00-04:00,48.75137829792044,48.75137829792044,48.72257995605469,48.72257995605469,3700,0.0,0.0,0.0
2019-10-08 00:00:00-04:00,48.69378629908631,48.799371677788486,48.69378629908631,48.75617599487305,8900,0.0,0.0,0.0
2019-10-09 00:00:00-04:00,48.78976760557595,48.78976760557595,48.67458157553747,48.717777252197266,7100,0.0,0.0,0.0
2019-10-10 00:00:00-04:00,48.66498947143555,48.69378415105428,48.66498947143555,48.66498947143555,2300,0.0,0.0,0.0
2019-10-11 00:00:00-04:00,48.645790518322116,48.645790518322116,48.56899982591616,48.60739517211914,3900,0.0,0.0,0.0
2019-10-14 00:00:00-04:00,48.664990663683454,48.664990663683454,48.636192321777344,48.636192321777344,1100,0.0,0.0,0.0
2019-10-15 00:00:00-04:00,48.62659588915995,48.62659588915995,48.597801208496094,48.597801208496094,1700,0.0,0.0,0.0
2019-10-16 00:00:00-04:00,48.693790860315666,48.70339152923263,48.607403147974715,48.6553955078125,4900,0.0,0.0,0.0
2019-10-17 00:00:00-04:00,48.654427771365455,48.684185445970535,48.63139276079075,48.645790100097656,5900,0.0,0.0,0.0
2019-10-18 00:00:00-04:00,48.70338150400404,48.70338150400404,48.69282150268555,48.69282150268555,1100,0.0,0.0,0.0
2019-10-21 00:00:00-04:00,48.67459318406408,48.693790860315666,48.6553955078125,48.6553955078125,6100,0.0,0.0,0.0
2019-10-22 00:00:00-04:00,48.71490219234931,48.71490219234931,48.68418884277344,48.68418884277344,2600,0.0,0.0,0.0
2019-10-23 00:00:00-04:00,48.693784923666904,48.693784923666904,48.67458724975586,48.67458724975586,1900,0.0,0.0,0.0
2019-10-24 00:00:00-04:00,48.73134401160139,48.73134401160139,48.697669982910156,48.697669982910156,1600,0.119,0.0,0.0
2019-10-25 00:00:00-04:00,48.73135443766396,48.73135443766396,48.67362594604492,48.67362594604492,5900,0.0,0.0,0.0
2019-10-28 00:00:00-04:00,48.6168491065349,48.673615995551124,48.6168491065349,48.65437316894531,3000,0.0,0.0,0.0
2019-10-29 00:00:00-04:00,48.63899310800815,48.68324831761173,48.63899310800815,48.649574279785156,1200,0.0,0.0,0.0
2019-10-30 00:00:00-04:00,48.64475246962534,48.69959250558136,48.64475246962534,48.68612289428711,4100,0.0,0.0,0.0
2019-10-31 00:00:00-04:00,48.77946111300693,48.77946111300693,48.76502990722656,48.76502990722656,900,0.0,0.0,0.0
2019-11-01 00:00:00-04:00,48.7121005780004,48.79869146072621,48.70247732981208,48.740962982177734,7500,0.0,0.0,0.0
2019-11-04 00:00:00-05:00,48.68324253292854,48.750590600579194,48.68324253292854,48.71210861206055,3300,0.0,0.0,0.0
2019-11-05 00:00:00-05:00,48.64860989932387,48.712111607124285,48.64860989932387,48.67362594604492,1900,0.0,0.0,0.0
2019-11-06 00:00:00-05:00,48.66400847556069,48.740976130861476,48.66400847556069,48.70730209350586,2100,0.0,0.0,0.0
2019-11-07 00:00:00-05:00,48.65437971133541,48.65437971133541,48.64476013183594,48.64476013183594,1200,0.0,0.0,0.0
2019-11-08 00:00:00-05:00,48.66400146484375,48.68324062325117,48.66400146484375,48.66400146484375,1300,0.0,0.0,0.0
2019-11-11 00:00:00-05:00,48.65054077109627,48.71211563179386,48.63514430327565,48.65919876098633,2600,0.0,0.0,0.0
2019-11-12 00:00:00-05:00,48.6803618394911,48.68324661254883,48.63514137022352,48.68324661254883,41300,0.0,0.0,0.0
2019-11-13 00:00:00-05:00,48.760211120425566,48.76983069946805,48.72172546386719,48.72172546386719,3700,0.0,0.0,0.0
2019-11-14 00:00:00-05:00,48.76022447349896,48.826610964674245,48.76022447349896,48.76984405517578,4100,0.0,0.0,0.0
2019-11-15 00:00:00-05:00,48.77945477318451,48.78907435238959,48.76021194458008,48.76021194458008,1800,0.0,0.0,0.0
2019-11-18 00:00:00-05:00,48.827556357961654,48.827556357961654,48.787147521972656,48.787147521972656,3400,0.0,0.0,0.0
2019-11-19 00:00:00-05:00,48.740971228633725,48.837181705631835,48.740971228633725,48.793888092041016,24200,0.0,0.0,0.0
2019-11-20 00:00:00-05:00,48.829486600621394,48.856425828509614,48.78907775878906,48.78907775878906,10400,0.0,0.0,0.0
2019-11-21 00:00:00-05:00,48.77460898365645,48.81317449083079,48.77460898365645,48.78907012939453,3400,0.105,0.0,0.0
2019-11-22 00:00:00-05:00,48.82281436787652,48.82281436787652,48.79292849018477,48.79871368408203,5100,0.0,0.0,0.0
2019-11-25 00:00:00-05:00,48.84114062157783,48.8421042077323,48.807396717122515,48.81028747558594,8500,0.0,0.0,0.0
2019-11-26 00:00:00-05:00,48.851741420685435,48.871024176285864,48.803536370589136,48.8372802734375,22100,0.0,0.0,0.0
2019-11-27 00:00:00-05:00,48.84210860733164,48.84210860733164,48.80354309082031,48.80354309082031,5000,0.0,0.0,0.0
2019-11-29 00:00:00-05:00,48.80161479963647,48.81318518988665,48.79100799560547,48.79100799560547,2200,0.0,0.0,0.0
2019-12-02 00:00:00-05:00,48.82282220162566,48.82282220162566,48.79197273296936,48.8083610534668,6700,0.0,0.0,0.0
2019-12-03 00:00:00-05:00,48.89030854895872,48.92887406143517,48.86138625350624,48.8951301574707,14100,0.0,0.0,0.0
2019-12-04 00:00:00-05:00,48.839211123464246,48.851741420685435,48.803536370589136,48.8372802734375,4600,0.0,0.0,0.0
2019-12-05 00:00:00-05:00,48.842101511557786,48.842101511557786,48.79486004792817,48.822818756103516,3100,0.0,0.0,0.0
2019-12-06 00:00:00-05:00,48.8083610534668,48.8083610534668,48.803539444810575,48.8083610534668,2100,0.0,0.0,0.0
2019-12-09 00:00:00-05:00,48.8565700935247,48.8565700935247,48.78426066901978,48.81318664550781,2800,0.0,0.0,0.0
2019-12-10 00:00:00-05:00,48.78232951565691,48.812219075953735,48.78232951565691,48.8083610534668,3400,0.0,0.0,0.0
2019-12-11 00:00:00-05:00,48.81318373710519,48.851745573774785,48.81318373710519,48.846927642822266,3000,0.0,0.0,0.0
2019-12-12 00:00:00-05:00,48.87101907378311,48.87101907378311,48.78232134952948,48.78907012939453,12900,0.0,0.0,0.0
2019-12-13 00:00:00-05:00,48.84210987969211,48.871032178924004,48.80354436217613,48.851749420166016,4900,0.0,0.0,0.0
2019-12-16 00:00:00-05:00,48.81318319982637,48.84981786371172,48.80353998240769,48.82764434814453,4400,0.0,0.0,0.0
2019-12-17 00:00:00-05:00,48.81222051940016,48.87102869994395,48.81222051940016,48.86138916015625,4100,0.0,0.0,0.0
2019-12-18 00:00:00-05:00,48.851741420685435,48.851741420685435,48.82281912618957,48.8372802734375,8800,0.0,0.0,0.0
2019-12-19 00:00:00-05:00,48.82282712093412,48.88067539720809,48.82282712093412,48.851749420166016,2400,0.0,0.0,0.0
2019-12-20 00:00:00-05:00,48.86138916015625,48.87102869994395,48.85174594255864,48.86138916015625,3200,0.0,0.0,0.0
2019-12-23 00:00:00-05:00,48.832466494344935,48.87006474482403,48.824750449201126,48.846927642822266,4100,0.0,0.0,0.0
2019-12-24 00:00:00-05:00,48.87102869994395,49.0349302988141,48.832466862983246,48.86138916015625,16200,0.0,0.0,0.0
2019-12-26 00:00:00-05:00,48.91923050397593,48.91923050397593,48.866203848128876,48.8854866027832,5900,0.0,0.0,0.0
2019-12-27 00:00:00-05:00,48.880665936989864,48.92887098565029,48.87970235090999,48.924049377441406,9900,0.0,0.0,0.0
2019-12-30 00:00:00-05:00,48.87377055426302,48.969505723810556,48.87377055426302,48.912452697753906,2700,0.153,0.0,0.0
2019-12-31 00:00:00-05:00,48.970467002148474,48.970467002148474,48.91244748203123,48.92695236206055,8400,0.0,0.0,0.0
2020-01-02 00:00:00-05:00,48.980140686035156,48.99947806730138,48.951127236271915,48.980140686035156,5500,0.0,0.0,0.0
2020-01-03 00:00:00-05:00,48.99948373854348,49.01399230957031,48.99948373854348,49.01399230957031,2100,0.0,0.0,0.0
2020-01-06 00:00:00-05:00,49.02849578857422,49.040101169490605,48.96080388144905,49.02849578857422,3000,0.0,0.0,0.0
2020-01-07 00:00:00-05:00,49.028498469746744,49.028498469746744,48.982080632475046,48.99948501586914,2800,0.0,0.0,0.0
2020-01-08 00:00:00-05:00,48.97916793823242,49.003351881657466,48.958854754138,48.97916793823242,3900,0.014,0.0,0.0
2020-01-09 00:00:00-05:00,48.945312631408385,49.003351881657466,48.945312631408385,48.97916793823242,3900,0.0,0.0,0.0
2020-01-10 00:00:00-05:00,48.97433755400343,49.042048172424835,48.97433755400343,49.01786422729492,3900,0.0,0.0,0.0
2020-01-13 00:00:00-05:00,48.984010024050626,49.00819396972656,48.984010024050626,49.00819396972656,6100,0.0,0.0,0.0
2020-01-14 00:00:00-05:00,49.01302719116211,49.03237360946941,49.01302719116211,49.01302719116211,3600,0.0,0.0,0.0
2020-01-15 00:00:00-05:00,49.04204989901286,49.04204989901286,49.02560378255896,49.03721237182617,5900,0.0,0.0,0.0
2020-01-16 00:00:00-05:00,49.03914590672001,49.04204989901286,49.006257363764306,49.03721237182617,5600,0.0,0.0,0.0
2020-01-17 00:00:00-05:00,49.00335706142355,49.05655879062083,49.00335706142355,49.03721237182617,2900,0.0,0.0,0.0
2020-01-21 00:00:00-05:00,49.118463154540976,49.118463154540976,49.06139435783588,49.09041213989258,2900,0.0,0.0,0.0
2020-01-22 00:00:00-05:00,49.08460735473663,49.1194294308469,49.061393867313754,49.09524917602539,4700,0.0,0.0,0.0
2020-01-23 00:00:00-05:00,49.143612889487784,49.158121780227546,49.11459510800825,49.13393783569336,4900,0.0,0.0,0.0
2020-01-24 00:00:00-05:00,49.13199840097034,49.16101986891673,49.119423046518804,49.15327835083008,4500,0.0,0.0,0.0
2020-01-27 00:00:00-05:00,49.16199439553638,49.18714141845703,49.15909040330769,49.18714141845703,2600,0.0,0.0,0.0
2020-01-28 00:00:00-05:00,49.22582514848271,49.22582514848271,49.18519878441286,49.20164489746094,3300,0.0,0.0,0.0
2020-01-29 00:00:00-05:00,49.254853893054666,49.254853893054666,49.199718628104755,49.2403450012207,2800,0.0,0.0,0.0
2020-01-30 00:00:00-05:00,49.31288674897594,49.31288674897594,49.254847499222095,49.264522552490234,15600,0.0,0.0,0.0
2020-01-31 00:00:00-05:00,49.28484743264933,49.33321164061279,49.283880665083416,49.332244873046875,2600,0.0,0.0,0.0
2020-02-03 00:00:00-05:00,49.2935458761229,49.31192552743808,49.235510309793824,49.28387451171875,6800,0.0,0.0,0.0
2020-02-04 00:00:00-05:00,49.206489690290745,49.26452894757874,49.196818325718816,49.2403450012207,8200,0.0,0.0,0.0
2020-02-05 00:00:00-05:00,49.18714216228812,49.245181418267634,49.18714216228812,49.216163635253906,3900,0.0,0.0,0.0
2020-02-06 00:00:00-05:00,49.20648956298828,49.26452882012612,49.20648956298828,49.20648956298828,2800,0.0,0.0,0.0
2020-02-07 00:00:00-05:00,49.303219332441245,49.32256575057456,49.27419786026528,49.29838180541992,4800,0.0,0.0,0.0
2020-02-10 00:00:00-05:00,49.33223551662772,49.351581934134344,49.28387131783708,49.312889099121094,4100,0.0,0.0,0.0
2020-02-11 00:00:00-05:00,49.26452051977552,49.32255976713461,49.26452051977552,49.29740905761719,4700,0.0,0.0,0.0
2020-02-12 00:00:00-05:00,49.27318515881456,49.28578203670411,49.25283123665959,49.271244049072266,3300,0.102,0.0,0.0
2020-02-13 00:00:00-05:00,49.23732376098633,49.29547941230922,49.23732376098633,49.23732376098633,4300,0.0,0.0,0.0
2020-02-14 00:00:00-05:00,49.29548263549805,49.334253072248316,49.27512871080701,49.29548263549805,4400,0.0,0.0,0.0
2020-02-18 00:00:00-05:00,49.343939660095245,49.36332487683111,49.324554443359375,49.324554443359375,2200,0.0,0.0,0.0
2020-02-19 00:00:00-05:00,49.30420052038953,49.343939660095245,49.30420052038953,49.324554443359375,8200,0.0,0.0,0.0
2020-02-20 00:00:00-05:00,49.37979735938908,49.37979735938908,49.35847473144531,49.35847473144531,1900,0.0,0.0,0.0
2020-02-21 00:00:00-05:00,49.4311690896886,49.4311690896886,49.392398657940085,49.40693664550781,3200,0.0,0.0,0.0
2020-02-24 00:00:00-05:00,49.4505497294595,49.5077329682478,49.4505497294595,49.4796257019043,1900,0.0,0.0,0.0
2020-02-25 00:00:00-05:00,49.5620112193002,49.56298362277521,49.499980751238944,49.51451873779297,4400,0.0,0.0,0.0
2020-02-26 00:00:00-05:00,49.49901904129852,49.547480235778636,49.49320310638456,49.52712631225586,4500,0.0,0.0,0.0
2020-02-27 00:00:00-05:00,49.58236706809512,49.58236706809512,49.53778440057594,49.55232238769531,3300,0.0,0.0,0.0
2020-02-28 00:00:00-05:00,49.56007421484556,49.69770812988281,49.56007421484556,49.69770812988281,6800,0.0,0.0,0.0
2020-03-02 00:00:00-05:00,49.70254898071289,49.76555184937061,49.70254898071289,49.70254898071289,5500,0.0,0.0,0.0
2020-03-03 00:00:00-05:00,49.69286580493902,49.862481828453205,49.68801857645232,49.82371139526367,7200,0.0,0.0,0.0
2020-03-04 00:00:00-05:00,49.89640027621738,49.94001793373526,49.89640027621738,49.91093826293945,2300,0.0,0.0,0.0
2020-03-05 00:00:00-05:00,49.92547956101015,49.92547956101015,49.893497467041016,49.893497467041016,1900,0.0,0.0,0.0
2020-03-06 00:00:00-05:00,49.93032041248002,49.935167640207034,49.83824157242404,49.868289947509766,21500,0.0,0.0,0.0
2020-03-09 00:00:00-04:00,49.72193381418369,49.75779812294586,49.61822680423833,49.6250114440918,4500,0.0,0.0,0.0
2020-03-10 00:00:00-04:00,49.59594208993405,49.62502176489062,49.54748089480935,49.59012985229492,9500,0.0,0.0,0.0
2020-03-11 00:00:00-04:00,49.475528860548685,49.49980314833073,49.30267874358154,49.32986831665039,5700,0.096,0.0,0.0
2020-03-12 00:00:00-04:00,48.82492590802559,49.038560425951,48.17431708241963,48.784141540527344,15800,0.0,0.0,0.0
2020-03-13 00:00:00-04:00,48.70839395694091,49.19392420121038,48.70839395694091,49.10458755493164,7200,0.0,0.0,0.0
2020-03-16 00:00:00-04:00,48.922032852086,48.922032852086,48.69577407836914,48.69577407836914,4900,0.0,0.0,0.0
2020-03-17 00:00:00-04:00,48.708396540708,48.76666150665969,48.489909400917675,48.61711883544922,3200,0.0,0.0,0.0
2020-03-18 00:00:00-04:00,48.17431761255789,48.29084384893488,47.66936564918792,48.00923538208008,12700,0.0,0.0,0.0
2020-03-19 00:00:00-04:00,47.29065071890103,48.09662906949706,47.29065071890103,47.620811462402344,41700,0.0,0.0,0.0
2020-03-20 00:00:00-04:00,47.135285495811836,47.49457690410588,47.135285495811836,47.284828186035156,12000,0.0,0.0,0.0
2020-03-23 00:00:00-04:00,47.43630632299864,47.48777389526367,47.40717569191384,47.48777389526367,4400,0.0,0.0,0.0
2020-03-24 00:00:00-04:00,47.32949074030998,47.32949074030998,47.17412120736456,47.25666046142578,2700,0.0,0.0,0.0
2020-03-25 00:00:00-04:00,47.47515607546595,47.53342104984302,47.43631275921456,47.46738815307617,3200,0.0,0.0,0.0
2020-03-26 00:00:00-04:00,47.58196283112812,47.73442077636719,47.58196283112812,47.73442077636719,2500,0.0,0.0,0.0
2020-03-27 00:00:00-04:00,47.50428137609139,49.40756291135582,47.50428137609139,48.04807662963867,131300,0.0,0.0,0.0
2020-03-30 00:00:00-04:00,47.776186381860036,47.81502969824305,47.64994745576651,47.732486724853516,2600,0.0,0.0,0.0
2020-03-31 00:00:00-04:00,47.80531849218565,48.05779635216374,47.776187856150734,47.86066818237305,7700,0.0,0.0,0.0
2020-04-01 00:00:00-04:00,47.659654101785996,47.83444159477084,47.659654101785996,47.75967025756836,3400,0.0,0.0,0.0
2020-04-02 00:00:00-04:00,47.887853738408495,47.9121317359319,47.809200286865234,47.809200286865234,2900,0.0,0.0,0.0
2020-04-03 00:00:00-04:00,47.70820764684056,47.89270782470703,47.698494966567395,47.89270782470703,7600,0.0,0.0,0.0
2020-04-06 00:00:00-04:00,47.73733567042867,47.91212686277259,47.73733567042867,47.88493728637695,3200,0.0,0.0,0.0
2020-04-07 00:00:00-04:00,47.988075815888934,48.02699647645075,47.90050618546408,47.95304870605469,7400,0.098,0.0,0.0
2020-04-08 00:00:00-04:00,47.958886029006834,48.15348561548211,47.94915400825995,48.133052825927734,6300,0.0,0.0,0.0
2020-04-09 00:00:00-04:00,48.1145666314845,48.54754877783983,48.1145666314845,48.51836013793945,6100,0.0,0.0,0.0
2020-04-13 00:00:00-04:00,48.06592104816995,48.61079549365826,48.06592104816995,48.57868576049805,10500,0.0,0.0,0.0
2020-04-14 00:00:00-04:00,48.63998626456307,48.727555899264026,48.63998626456307,48.68376922607422,4600,0.0,0.0,0.0
2020-04-15 00:00:00-04:00,48.71782302856445,48.766471999955016,48.649713726281945,48.71782302856445,6900,0.0,0.0,0.0
2020-04-16 00:00:00-04:00,48.72657647179794,48.81511856039215,48.714903243182185,48.77133560180664,6600,0.0,0.0,0.0
2020-04-17 00:00:00-04:00,48.82485876646244,48.86377943284893,48.74701743368946,48.85891342163086,4600,0.0,0.0,0.0
2020-04-20 00:00:00-04:00,48.86376132249999,48.86376132249999,48.75964876408726,48.77619171142578,5400,0.0,0.0,0.0
2020-04-21 00:00:00-04:00,48.83458413835237,48.83458413835237,48.717825857898454,48.73923110961914,5500,0.0,0.0,0.0
2020-04-22 00:00:00-04:00,48.80052522504528,48.84820173524982,48.7470102445759,48.81122970581055,2600,0.0,0.0,0.0
2020-04-23 00:00:00-04:00,48.81997906435398,48.89295436544397,48.78981796895408,48.839439392089844,6200,0.0,0.0,0.0
2020-04-24 00:00:00-04:00,48.86863027177126,48.88322830200195,48.86863027177126,48.88322830200195,800,0.0,0.0,0.0
2020-04-27 00:00:00-04:00,48.92214680732131,48.92214680732131,48.858903521017965,48.86376953125,4500,0.0,0.0,0.0
2020-04-28 00:00:00-04:00,48.82484973388997,48.970800349999,48.805389404296875,48.805389404296875,8700,0.0,0.0,0.0
2020-04-29 00:00:00-04:00,48.94063666433555,48.97080147498524,48.91923141479492,48.91923141479492,2200,0.0,0.0,0.0
2020-04-30 00:00:00-04:00,48.98052780202904,48.992204741916275,48.92311927398203,48.986366271972656,1200,0.0,0.0,0.0
2020-05-01 00:00:00-04:00,48.9708068697197,48.9708068697197,48.89296554098394,48.93674850463867,3300,0.0,0.0,0.0
2020-05-04 00:00:00-04:00,48.91242543222223,48.99999507042111,48.91242543222223,48.947452545166016,4000,0.0,0.0,0.0
2020-05-05 00:00:00-04:00,48.892962423393435,49.0291810283164,48.892962423393435,48.97566604614258,6200,0.0,0.0,0.0
2020-05-06 00:00:00-04:00,48.93187248017343,49.034036411723456,48.922140460971825,48.96592712402344,9600,0.0,0.0,0.0
2020-05-07 00:00:00-04:00,49.06809617529017,49.107016832801925,49.04376983642578,49.04376983642578,8200,0.0,0.0,0.0
2020-05-08 00:00:00-04:00,49.10215917262489,49.10702518356088,49.04183325672657,49.058372497558594,6200,0.0,0.0,0.0
2020-05-11 00:00:00-04:00,48.93188418642059,49.02918213164694,48.93188418642059,48.99123764038086,5200,0.0,0.0,0.0
2020-05-12 00:00:00-04:00,49.01458514721792,49.03404547754131,48.99025880639406,48.99512481689453,4200,0.0,0.0,0.0
2020-05-13 00:00:00-04:00,49.046820834472186,49.06145089073043,48.97366683241387,49.00780487060547,2600,0.123,0.0,0.0
2020-05-14 00:00:00-04:00,49.07119956151772,49.09168238143545,49.01852839008171,49.08095169067383,2800,0.0,0.0,0.0
2020-05-15 00:00:00-04:00,49.071207553148824,49.119975648404726,49.01951121413261,49.057552337646484,6200,0.0,0.0,0.0
2020-05-18 00:00:00-04:00,49.05169889501604,49.17752035579655,49.05169889501604,49.11509704589844,4200,0.0,0.0,0.0
2020-05-19 00:00:00-04:00,49.170680020310115,49.227254269658296,49.11020640803415,49.16580581665039,5400,0.0,0.0,0.0
2020-05-20 00:00:00-04:00,49.21751105062885,49.33455894228893,49.20580923807653,49.31017303466797,98600,0.0,0.0,0.0
2020-05-21 00:00:00-04:00,49.37357263855489,49.402836472714746,49.28578857760976,49.33456039428711,15600,0.0,0.0,0.0
2020-05-22 00:00:00-04:00,49.36869292332043,49.44184319863752,49.32479903736338,49.397953033447266,72300,0.0,0.0,0.0
2020-05-26 00:00:00-04:00,49.46135705116547,49.46135705116547,49.38722820537881,49.407711029052734,5700,0.0,0.0,0.0
2020-05-27 00:00:00-04:00,49.451595382277176,49.50524139404297,49.451595382277176,49.50524139404297,600,0.0,0.0,0.0
2020-05-28 00:00:00-04:00,49.50036513821428,49.578397056419846,49.495487213134766,49.495487213134766,10300,0.0,0.0,0.0
2020-05-29 00:00:00-04:00,49.597912906300046,49.61254668495851,49.597912906300046,49.60279083251953,1000,0.0,0.0,0.0
2020-06-01 00:00:00-04:00,49.529623728592846,49.6759317103592,49.529623728592846,49.61253356933594,3400,0.0,0.0,0.0
2020-06-02 00:00:00-04:00,49.64667372859081,49.705193947190445,49.6174098985243,49.675933837890625,5500,0.0,0.0,0.0
2020-06-03 00:00:00-04:00,49.700322176004434,49.73446021211442,49.67496142896076,49.705196380615234,1600,0.0,0.0,0.0
2020-06-04 00:00:00-04:00,49.78322806415022,49.85150413604181,49.774447054359264,49.7929801940918,3400,0.0,0.0,0.0
2020-06-05 00:00:00-04:00,49.87101752129168,49.97830956611067,49.846631612644714,49.92466354370117,22100,0.0,0.0,0.0
2020-06-08 00:00:00-04:00,49.94416837717247,49.98805854504872,49.91490454448793,49.96367263793945,2400,0.0,0.0,0.0
2020-06-09 00:00:00-04:00,50.0075773790096,50.0075773790096,49.97831726074219,49.97831726074219,400,0.0,0.0,0.0
2020-06-10 00:00:00-04:00,49.94214605403699,50.16595293901775,49.94214605403699,49.96071243286133,38300,0.102,0.0,0.0
2020-06-11 00:00:00-04:00,49.86298742437466,49.89230590225404,49.706615995369745,49.810211181640625,2100,0.0,0.0,0.0
2020-06-12 00:00:00-04:00,49.864934104332214,49.87763977050781,49.85809287855985,49.87763977050781,900,0.0,0.0,0.0
2020-06-15 00:00:00-04:00,49.881550518654336,49.97048645347842,49.75058671574087,49.931392669677734,11100,0.0,0.0,0.0
2020-06-16 00:00:00-04:00,49.9900286461655,50.068212478228936,49.9900286461655,50.024234771728516,2300,0.0,0.0,0.0
2020-06-17 00:00:00-04:00,50.02032267364662,50.146398806589175,50.01934588839568,50.08287048339844,3800,0.0,0.0,0.0
2020-06-18 00:00:00-04:00,50.05843966756106,50.146398806589175,50.05843966756106,50.08287048339844,7300,0.0,0.0,0.0
2020-06-19 00:00:00-04:00,50.11904206227424,50.19527233431948,50.11904206227424,50.15129089355469,7000,0.0,0.0,0.0
2020-06-22 00:00:00-04:00,50.1952705143046,50.234364298413915,50.12685825620755,50.212860107421875,11900,0.0,0.0,0.0
2020-06-23 00:00:00-04:00,50.253904959343934,50.4298232508856,50.18451591932838,50.224586486816406,24900,0.0,0.0,0.0
2020-06-24 00:00:00-04:00,50.10437651969164,50.126857495717076,50.03889834689982,50.0926513671875,5700,0.0,0.0,0.0
2020-06-25 00:00:00-04:00,50.21677378889762,50.22459180051954,50.13565586001357,50.20016098022461,15600,0.0,0.0,0.0
2020-06-26 00:00:00-04:00,50.15129089355469,50.184520238433606,50.09753787050249,50.15129089355469,9400,0.0,0.0,0.0
2020-06-29 00:00:00-04:00,50.12686356202557,50.195275827363915,50.12686356202557,50.18843460083008,1000,0.0,0.0,0.0
2020-06-30 00:00:00-04:00,50.19527041650155,50.2490234375,50.16595194257092,50.2490234375,5700,0.0,0.0,0.0
2020-07-01 00:00:00-04:00,50.2050380695382,50.46891549882901,50.2050380695382,50.302772521972656,16800,0.0,0.0,0.0
2020-07-02 00:00:00-04:00,50.224586486816406,50.332092523668344,50.224586486816406,50.224586486816406,11800,0.0,0.0,0.0
2020-07-06 00:00:00-04:00,50.24413922316659,50.52756358453303,50.24413922316659,50.321346282958984,13600,0.0,0.0,0.0
2020-07-07 00:00:00-04:00,50.380963611873995,50.380963611873995,50.32232666015625,50.32232666015625,1200,0.0,0.0,0.0
2020-07-08 00:00:00-04:00,50.33211681123869,50.38109529764915,50.28804065730996,50.351707458496094,5500,0.115,0.0,0.0
2020-07-09 00:00:00-04:00,50.31742804740772,50.39579064155713,50.2684532943314,50.35660934448242,13800,0.0,0.0,0.0
2020-07-10 00:00:00-04:00,50.36738221822236,50.39578734895873,50.351707458496094,50.351707458496094,4100,0.0,0.0,0.0
2020-07-13 00:00:00-04:00,50.33701327019967,50.405578664422784,50.26844787597656,50.26844787597656,7800,0.0,0.0,0.0
2020-07-14 00:00:00-04:00,50.32721759247153,50.45455118381413,50.32721759247153,50.425167083740234,5800,0.0,0.0,0.0
2020-07-15 00:00:00-04:00,50.37620048460716,50.45455934298708,50.37620048460716,50.4202766418457,7700,0.0,0.0,0.0
2020-07-16 00:00:00-04:00,50.415386180145255,50.49374504536095,50.395795529707705,50.449668884277344,3300,0.0,0.0,0.0
2020-07-17 00:00:00-04:00,50.42320479348766,50.469242619759434,50.42320479348766,50.4643440246582,1900,0.0,0.0,0.0
2020-07-20 00:00:00-04:00,50.52312687246973,50.52312687246973,50.454557735836964,50.503536224365234,2200,0.0,0.0,0.0
2020-07-21 00:00:00-04:00,50.49373572905908,50.57405626007323,50.483942273914494,50.53291702270508,6000,0.0,0.0,0.0
2020-07-22 00:00:00-04:00,50.532915882954846,50.61127473194566,50.51332523657371,50.57699203491211,7600,0.0,0.0,0.0
2020-07-23 00:00:00-04:00,50.6210719234031,50.6210719234031,50.532915882954846,50.57699203491211,5500,0.0,0.0,0.0
2020-07-24 00:00:00-04:00,50.56229729686562,50.57895102684463,50.513322551782665,50.567195892333984,5700,0.0,0.0,0.0
2020-07-27 00:00:00-04:00,50.57209498962797,50.630863189697266,50.57209498962797,50.630863189697266,1900,0.0,0.0,0.0
2020-07-28 00:00:00-04:00,50.635760736859844,50.69942753112796,50.60343598557083,50.64065933227539,3900,0.0,0.0,0.0
2020-07-29 00:00:00-04:00,50.611273646624625,50.68963623046875,50.611273646624625,50.68963623046875,2000,0.0,0.0,0.0
2020-07-30 00:00:00-04:00,50.67397231049039,50.70531435919384,50.64164755329755,50.694541931152344,2300,0.0,0.0,0.0
2020-07-31 00:00:00-04:00,50.67005049449994,50.7484130859375,50.67005049449994,50.7484130859375,1600,0.0,0.0,0.0
2020-08-03 00:00:00-04:00,50.72196097115938,50.738610965128814,50.72196097115938,50.72391891479492,1800,0.0,0.0,0.0
2020-08-04 00:00:00-04:00,50.79052036007594,50.79052036007594,50.77778625488281,50.77778625488281,1000,0.0,0.0,0.0
2020-08-05 00:00:00-04:00,50.75036661234907,50.76897828667559,50.719020831195635,50.75330352783203,2500,0.0,0.0,0.0
2020-08-06 00:00:00-04:00,50.7777982079003,50.82677296026404,50.77584026403529,50.80718231201172,1100,0.0,0.0,0.0
2020-08-07 00:00:00-04:00,50.80718674918307,50.81208534580748,50.74547788323936,50.768009185791016,2600,0.0,0.0,0.0
2020-08-10 00:00:00-04:00,50.72882788586454,50.78172226711184,50.72882788586454,50.768009185791016,2000,0.0,0.0,0.0
2020-08-11 00:00:00-04:00,50.71902031917241,50.743509560751335,50.71902031917241,50.72391891479492,1900,0.0,0.0,0.0
2020-08-12 00:00:00-04:00,50.79264930459908,50.79264930459908,50.71410085638986,50.768104553222656,3000,0.125,0.0,0.0
2020-08-13 00:00:00-04:00,50.71410558838563,50.80247494185072,50.70428469045889,50.743560791015625,10600,0.0,0.0,0.0
2020-08-14 00:00:00-04:00,50.773013135297454,50.788725821980634,50.73864748563876,50.777923583984375,1000,0.0,0.0,0.0
2020-08-17 00:00:00-04:00,50.772030852830845,50.802471139435234,50.71508313318853,50.790687561035156,35700,0.0,0.0,0.0
2020-08-18 00:00:00-04:00,50.72490123810824,50.831927295174864,50.72490123810824,50.79756164550781,5500,0.0,0.0,0.0
2020-08-19 00:00:00-04:00,50.74355696359205,50.83192631039173,50.72391891479492,50.72391891479492,5000,0.0,0.0,0.0
2020-08-20 00:00:00-04:00,50.79069039391754,50.80738067626953,50.763197873167165,50.80738067626953,2300,0.0,0.0,0.0
2020-08-21 00:00:00-04:00,50.77301596952707,50.861385322950184,50.763198817180104,50.82210922241211,4700,0.0,0.0,0.0
2020-08-24 00:00:00-04:00,50.85156437914671,50.93993372598107,50.79657934072309,50.86138153076172,15100,0.0,0.0,0.0
2020-08-25 00:00:00-04:00,50.85156057755924,50.88101577577706,50.78282928466797,50.78282928466797,10400,0.0,0.0,0.0
2020-08-26 00:00:00-04:00,50.83683961228198,50.83683961228198,50.7641792022119,50.787742614746094,2100,0.0,0.0,0.0
2020-08-27 00:00:00-04:00,50.86040302481618,50.86040302481618,50.773015013715344,50.787742614746094,1700,0.0,0.0,0.0
2020-08-28 00:00:00-04:00,50.812290164566015,50.84174536607743,50.812290164566015,50.835853576660156,5300,0.0,0.0,0.0
2020-08-31 00:00:00-04:00,50.81425001741523,50.8633432657266,50.802470184811334,50.84665298461914,22400,0.0,0.0,0.0
2020-09-01 00:00:00-04:00,50.83192443847656,50.86137963780014,50.527540311692384,50.83192443847656,11500,0.0,0.0,0.0
2020-09-02 00:00:00-04:00,50.890847166761816,50.90164566040039,50.88495537678836,50.90164566040039,1100,0.0,0.0,0.0
2020-09-03 00:00:00-04:00,50.861385384686166,50.890844332913034,50.812292131741536,50.857460021972656,8600,0.0,0.0,0.0
2020-09-04 00:00:00-04:00,50.87120628262016,50.873168963976916,50.80247497938265,50.857460021972656,98400,0.0,0.0,0.0
2020-09-08 00:00:00-04:00,50.82210734363444,50.832909581834365,50.81229019165039,50.81229019165039,2300,0.0,0.0,0.0
2020-09-09 00:00:00-04:00,50.84671866551457,50.90672431104382,50.83688345840231,50.900821685791016,105500,0.095,0.0,0.0
2020-09-10 00:00:00-04:00,50.91557672840432,50.92541568804892,50.8762321472168,50.8762321472168,106600,0.0,0.0,0.0
2020-09-11 00:00:00-04:00,50.90573939320336,50.9254135592065,50.89590418643353,50.920494079589844,105700,0.0,0.0,0.0
2020-09-14 00:00:00-04:00,50.935245513916016,51.141822367527894,50.906719288394996,50.935245513916016,129000,0.0,0.0,0.0
2020-09-15 00:00:00-04:00,50.92540740966797,50.94508157329533,50.914585306310855,50.92540740966797,106400,0.0,0.0,0.0
2020-09-16 00:00:00-04:00,50.973616558637474,51.16149866200838,50.94509032983671,50.954925537109375,131900,0.0,0.0,0.0
2020-09-17 00:00:00-04:00,50.99427301514375,50.99427301514375,50.94508947467867,50.96476364135742,188600,0.0,0.0,0.0
2020-09-18 00:00:00-04:00,50.93820018259581,50.94508595283418,50.91557282862449,50.94016647338867,189000,0.0,0.0,0.0
2020-09-21 00:00:00-04:00,50.93426914214641,51.12215500136554,50.91557812028161,50.945091247558594,195700,0.0,0.0,0.0
2020-09-22 00:00:00-04:00,50.96476364135742,50.97459884846499,50.95394153632184,50.96476364135742,183600,0.0,0.0,0.0
2020-09-23 00:00:00-04:00,50.945094236244884,50.945094236244884,50.876236522665295,50.8909912109375,186500,0.0,0.0,0.0
2020-09-24 00:00:00-04:00,50.895907731870224,50.90574293932518,50.87623356449658,50.88114929199219,182800,0.0,0.0,0.0
2020-09-25 00:00:00-04:00,50.887051355613444,51.20084737970065,50.86639404296875,50.86639404296875,191000,0.0,0.0,0.0
2020-09-28 00:00:00-04:00,50.85654978976883,50.864418704739016,50.83884191673863,50.86146926879883,88700,0.0,0.0,0.0
2020-09-29 00:00:00-04:00,50.886068771951535,50.890988251910876,50.866394604577884,50.88114929199219,120900,0.0,0.0,0.0
2020-09-30 00:00:00-04:00,50.91557994578748,50.925418906053814,50.90574473798502,50.907711029052734,90300,0.0,0.0,0.0
2020-10-01 00:00:00-04:00,50.92542186519003,50.95985072319503,50.91755294799805,50.91755294799805,21700,0.0,0.0,0.0
2020-10-02 00:00:00-04:00,50.923450789197965,51.11231604145197,50.91361182928439,50.945091247558594,12900,0.0,0.0,0.0
2020-10-05 00:00:00-04:00,50.905738830566406,50.925412996352094,50.895903623905276,50.905738830566406,23900,0.0,0.0,0.0
2020-10-06 00:00:00-04:00,50.947060792704285,50.964768670201536,50.928369769645634,50.93033981323242,2700,0.0,0.0,0.0
2020-10-07 00:00:00-04:00,50.949046930723725,51.3330843594357,50.944122314453125,50.944122314453125,15300,0.054,0.0,0.0
2020-10-08 00:00:00-04:00,50.95199620599309,50.968734641314306,50.95199620599309,50.96381378173828,1300,0.0,0.0,0.0
2020-10-09 00:00:00-04:00,50.978587946428995,51.00812813177087,50.95889323740719,50.973663330078125,6200,0.0,0.0,0.0
2020-10-12 00:00:00-04:00,50.94904426439332,50.988429923352186,50.94904426439332,50.9835090637207,2100,0.0,0.0,0.0
2020-10-13 00:00:00-04:00,51.00812797382984,51.03767191546189,50.909658185407395,50.9687385559082,207800,0.0,0.0,0.0
2020-10-14 00:00:00-04:00,50.98842537354966,50.99729043285808,50.958885192871094,50.958885192871094,6000,0.0,0.0,0.0
2020-10-15 00:00:00-04:00,50.978584051451925,50.98842952701976,50.958889343934885,50.969722747802734,2400,0.0,0.0,0.0
2020-10-16 00:00:00-04:00,50.968730667636926,50.98842537354966,50.958885192871094,50.958885192871094,6200,0.0,0.0,0.0
2020-10-19 00:00:00-04:00,50.958887857488634,50.958887857488634,50.919498443603516,50.919498443603516,1600,0.0,0.0,0.0
2020-10-20 00:00:00-04:00,50.96873847628711,50.96873847628711,50.94904752373869,50.96480178833008,6100,0.0,0.0,0.0
2020-10-21 00:00:00-04:00,50.97858105047827,50.99827575683594,50.959870515981315,50.99827575683594,4200,0.0,0.0,0.0
2020-10-22 00:00:00-04:00,50.998276332238476,51.037665745398236,50.98941127262976,51.01797103881836,87600,0.0,0.0,0.0
2020-10-23 00:00:00-04:00,50.998275180988806,51.01796988712409,50.96873124359532,50.978580474853516,7900,0.0,0.0,0.0
2020-10-26 00:00:00-04:00,51.008124730902054,51.008124730902054,50.98646167933691,50.98843002319336,4300,0.0,0.0,0.0
2020-10-27 00:00:00-04:00,50.97857989878383,50.998274604696554,50.958885192871094,50.958885192871094,2500,0.0,0.0,0.0
2020-10-28 00:00:00-04:00,50.978591327455476,50.978591327455476,50.95003531221354,50.95791244506836,3700,0.0,0.0,0.0
2020-10-29 00:00:00-04:00,50.968734641314306,50.978583873229084,50.95888916578089,50.96381378173828,4100,0.0,0.0,0.0
2020-10-30 00:00:00-04:00,50.94904760332903,50.9687385559082,50.92935289436821,50.9687385559082,4700,0.0,0.0,0.0
2020-11-02 00:00:00-05:00,50.978580474853516,50.988425949730605,50.95297698123954,50.978580474853516,9000,0.0,0.0,0.0
2020-11-03 00:00:00-05:00,50.970710814096606,50.973663330078125,50.96873871372726,50.973663330078125,1000,0.0,0.0,0.0
2020-11-04 00:00:00-05:00,51.05538944430019,51.07705249508723,51.04751231277593,51.05735778808594,5900,0.0,0.0,0.0
2020-11-05 00:00:00-05:00,51.02880136112319,51.05637319942368,51.02880136112319,51.04258728027344,1300,0.0,0.0,0.0
2020-11-06 00:00:00-05:00,51.02585224325745,51.03766981942494,51.01797511127295,51.0278205871582,2700,0.0,0.0,0.0
2020-11-09 00:00:00-05:00,51.03766715393131,51.06720733642578,51.017972446807896,51.06720733642578,6700,0.0,0.0,0.0
2020-11-10 00:00:00-05:00,51.06720733642578,51.06720733642578,51.05342141707752,51.06720733642578,3800,0.0,0.0,0.0
2020-11-11 00:00:00-05:00,51.067214136623406,51.08198422983745,51.03767395019531,51.03767395019531,2100,0.0,0.0,0.0
2020-11-12 00:00:00-05:00,51.06724281176167,51.06724281176167,51.05146531065379,51.066253662109375,3200,0.064,0.0,0.0
2020-11-13 00:00:00-05:00,51.07118606567383,51.07118606567383,51.07118606567383,51.07118606567383,1400,0.0,0.0,0.0
2020-11-16 00:00:00-05:00,51.07118606567383,51.08104747432255,51.05146700940179,51.07118606567383,9300,0.0,0.0,0.0
2020-11-17 00:00:00-05:00,51.1007659552477,51.11062360276002,51.08104689919768,51.10963821411133,2500,0.0,0.0,0.0
2020-11-18 00:00:00-05:00,51.14019699256954,51.14019699256954,51.11555099487305,51.11555099487305,22900,0.0,0.0,0.0
2020-11-19 00:00:00-05:00,51.120478283466895,51.15005874633789,51.120478283466895,51.15005874633789,5000,0.0,0.0,0.0
2020-11-20 00:00:00-05:00,51.15006209118468,51.16978114737978,51.15006209118468,51.15991973876953,6100,0.0,0.0,0.0
2020-11-23 00:00:00-05:00,51.16978114737978,51.16978114737978,51.14020068257443,51.15991973876953,23700,0.0,0.0,0.0
2020-11-24 00:00:00-05:00,51.18062499678813,51.19935866462493,51.012033269333344,51.1845703125,10700,0.0,0.0,0.0
2020-11-25 00:00:00-05:00,51.18950009819897,51.199361507513466,51.15992339230684,51.188514709472656,3500,0.0,0.0,0.0
2020-11-27 00:00:00-05:00,51.19935627047143,51.19935627047143,51.15104590064382,51.18653869628906,3400,0.0,0.0,0.0
2020-11-30 00:00:00-05:00,51.1993572758519,51.204287980101626,51.17963821987838,51.19837188720703,4100,0.0,0.0,0.0
2020-12-01 00:00:00-05:00,51.199363237608544,51.219082295878195,51.16978653071697,51.20922088623047,24500,0.0,0.0,0.0
2020-12-02 00:00:00-05:00,51.228936940728914,51.23386764526367,51.169783530414186,51.23386764526367,5500,0.0,0.0,0.0
2020-12-03 00:00:00-05:00,51.27330691290196,51.30781432337034,51.25358785534494,51.293025970458984,57700,0.0,0.0,0.0
2020-12-04 00:00:00-05:00,51.28020711288719,51.28809398350768,51.23879822136045,51.27823257446289,9000,0.0,0.0,0.0
2020-12-07 00:00:00-05:00,51.27823808767209,51.30683316815594,51.26838043859302,51.28316879272461,4500,0.0,0.0,0.0
2020-12-08 00:00:00-05:00,51.29795143917063,51.312739791656796,51.22893662021818,51.29104995727539,4000,0.0,0.0,0.0
2020-12-09 00:00:00-05:00,51.29996586273944,51.29996586273944,51.27818181059012,51.281150817871094,1600,0.225,0.0,0.0
2020-12-10 00:00:00-05:00,51.31184553449672,51.31283520351492,51.29303049106286,51.310855865478516,3700,0.0,0.0,0.0
2020-12-11 00:00:00-05:00,51.331651932511804,51.337593724178795,51.32669980989551,51.3326416015625,2000,0.0,0.0,0.0
2020-12-14 00:00:00-05:00,51.32769462260486,51.33264674571742,51.31284203063036,51.32274627685547,3400,0.0,0.0,0.0
2020-12-15 00:00:00-05:00,51.35244584731573,51.36234631509543,51.351456178274034,51.35343551635742,2500,0.0,0.0,0.0
2020-12-16 00:00:00-05:00,51.35244409624386,51.355423948217336,51.350460052490234,51.350460052490234,1700,0.123,0.0,0.0
2020-12-17 00:00:00-05:00,51.3454908769987,51.35045477221537,51.28593549342662,51.33854293823242,7600,0.0,0.0,0.0
2020-12-18 00:00:00-05:00,51.33457545257881,51.335567474365234,51.33457545257881,51.335567474365234,500,0.0,0.0,0.0
2020-12-21 00:00:00-05:00,51.31572341918945,51.34947109673134,51.30083551746223,51.31572341918945,2900,0.0,0.0,0.0
2020-12-22 00:00:00-05:00,51.36534795332849,51.36534795332849,51.33557215165198,51.350460052490234,3700,0.0,0.0,0.0
2020-12-23 00:00:00-05:00,51.34549518236702,51.35542297363281,51.32663540803639,51.35542297363281,2100,0.0,0.0,0.0
2020-12-24 00:00:00-05:00,51.3802375793457,51.3802375793457,51.3802375793457,51.3802375793457,500,0.0,0.0,0.0
2020-12-28 00:00:00-05:00,51.35541696417128,51.41496855942561,51.35541696417128,51.40504455566406,19800,0.0,0.0,0.0
2020-12-29 00:00:00-05:00,51.41398525600563,51.484456675055846,51.295870280867476,51.3802375793457,25900,0.0,0.0,0.0
2020-12-30 00:00:00-05:00,51.405050207793764,51.414974212646484,51.405050207793764,51.414974212646484,2100,0.0,0.0,0.0
2020-12-31 00:00:00-05:00,51.41993997385098,51.424903869628906,51.40505207286027,51.424903869628906,5500,0.0,0.0,0.0
2021-01-04 00:00:00-05:00,51.40505107035462,51.42986297607422,51.40505107035462,51.42986297607422,4000,0.0,0.0,0.0
2021-01-05 00:00:00-05:00,51.43283961468641,51.45467545343892,51.315716673793155,51.426883697509766,7600,0.0,0.0,0.0
2021-01-06 00:00:00-05:00,51.42986397906376,51.42986397906376,51.41696012184699,51.424903869628906,600,0.0,0.0,0.0
2021-01-07 00:00:00-05:00,51.41596144571488,51.43482121815571,51.405045420027875,51.4199333190918,5000,0.0,0.0,0.0
2021-01-08 00:00:00-05:00,51.43482787484169,51.45467967161032,51.40505207286027,51.424903869628906,82800,0.0,0.0,0.0
2021-01-11 00:00:00-05:00,51.4248972142273,51.43482121815571,51.41794927557463,51.4199333190918,4100,0.0,0.0,0.0
2021-01-12 00:00:00-05:00,51.40802891130444,51.42788185767977,51.40802891130444,51.41795349121094,5600,0.003,0.0,0.0
2021-01-13 00:00:00-05:00,51.42788059546609,51.46758270067998,51.408027649578024,51.422916412353516,8000,0.0,0.0,0.0
2021-01-14 00:00:00-05:00,51.4626248584078,51.47751362192227,51.44773609489332,51.45766067504883,3000,0.0,0.0,0.0
2021-01-15 00:00:00-05:00,51.47751235906211,51.487436938974135,51.44773483276367,51.44773483276367,22800,0.0,0.0,0.0
2021-01-19 00:00:00-05:00,51.457659670980185,51.47949677614614,51.437806724494116,51.461631774902344,3200,0.0,0.0,0.0
2021-01-20 00:00:00-05:00,51.4874318622502,51.507284806679074,51.47254310056903,51.48247146606445,2300,0.0,0.0,0.0
2021-01-21 00:00:00-05:00,51.48743438619032,51.49736275217244,51.46758144078824,51.4725456237793,1700,0.0,0.0,0.0
2021-01-22 00:00:00-05:00,51.43780391698192,51.517215698591826,51.43780391698192,51.48743438720703,7000,0.0,0.0,0.0
2021-01-25 00:00:00-05:00,51.45765941323252,51.48743693953128,51.45765941323252,51.47751235961914,21800,0.0,0.0,0.0
2021-01-26 00:00:00-05:00,51.49239857019819,51.49239857019819,51.48743438720703,51.48743438720703,500,0.0,0.0,0.0
2021-01-27 00:00:00-05:00,51.49736301124081,51.49736301124081,51.47651798644808,51.48644256591797,3400,0.0,0.0,0.0
2021-01-28 00:00:00-05:00,51.507284806679074,51.75544093219714,51.48247146606445,51.48247146606445,16700,0.0,0.0,0.0
2021-01-29 00:00:00-05:00,51.47751235961914,51.48446070152634,51.45765941323252,51.47751235961914,2900,0.0,0.0,0.0
2021-02-01 00:00:00-05:00,51.47750854768363,51.527139016693845,51.47750854768363,51.507286071777344,3300,0.0,0.0,0.0
2021-02-02 00:00:00-05:00,51.52714538574219,51.71574270591755,51.50729243837175,51.52714538574219,22300,0.0,0.0,0.0
2021-02-03 00:00:00-05:00,51.51721954336229,51.55692165056808,51.51721954336229,51.532108306884766,8000,0.0,0.0,0.0
2021-02-04 00:00:00-05:00,51.53706615135686,51.58670040939028,51.518209071328904,51.542030334472656,126400,0.0,0.0,0.0
2021-02-05 00:00:00-05:00,51.546994517588445,51.5767720431587,51.53706615135686,51.542030334472656,10400,0.0,0.0,0.0
2021-02-08 00:00:00-05:00,51.5668474641321,51.5668474641321,51.54699451823094,51.55691909790039,2600,0.0,0.0,0.0
2021-02-09 00:00:00-05:00,51.56684875488281,51.576773334800684,51.55195999172483,51.56684875488281,21600,0.0,0.0,0.0
2021-02-10 00:00:00-05:00,51.56386166828905,51.593671900011465,51.56386166828905,51.583736419677734,6400,0.057,0.0,0.0
2021-02-11 00:00:00-05:00,51.59665519761644,51.59665519761644,51.583736419677734,51.583736419677734,1100,0.0,0.0,0.0
2021-02-12 00:00:00-05:00,51.602619808461554,51.602619808461554,51.58373822537317,51.59367370605469,3600,0.0,0.0,0.0
2021-02-16 00:00:00-05:00,51.57380511372398,51.57380511372398,51.538028283895834,51.54399108886719,8000,0.0,0.0,0.0
2021-02-17 00:00:00-05:00,51.543990548761634,51.603614807128906,51.543990548761634,51.603614807128906,7800,0.0,0.0,0.0
2021-02-18 00:00:00-05:00,51.57380294799805,51.57380294799805,51.56386367655598,51.57380294799805,1200,0.0,0.0,0.0
2021-02-19 00:00:00-05:00,51.57280616775128,51.57280616775128,51.55392837524414,51.55392837524414,4700,0.0,0.0,0.0
2021-02-22 00:00:00-05:00,51.553925654036924,51.56386113426776,51.53405090285407,51.53902053833008,3000,0.0,0.0,0.0
2021-02-23 00:00:00-05:00,51.53405542759004,51.563865661621094,51.52411615576534,51.563865661621094,28200,0.0,0.0,0.0
2021-02-24 00:00:00-05:00,51.52411435153557,51.55392837524414,51.51914850651863,51.55392837524414,3500,0.0,0.0,0.0
2021-02-25 00:00:00-05:00,51.50424403477374,51.50424403477374,51.440643310546875,51.440643310546875,4700,0.0,0.0,0.0
2021-02-26 00:00:00-05:00,51.42474273738612,51.42474273738612,51.404867985789465,51.41977310180664,9800,0.0,0.0,0.0
2021-03-01 00:00:00-05:00,51.48437009060534,51.509210688555164,51.48437009060534,51.49927520751953,29900,0.0,0.0,0.0
2021-03-02 00:00:00-05:00,51.514181239268716,51.514181239268716,51.50324879828603,51.50424575805664,6900,0.0,0.0,0.0
2021-03-03 00:00:00-05:00,51.49430666654962,51.50821861472821,51.47443191333428,51.484371185302734,3100,0.0,0.0,0.0
2021-03-04 00:00:00-05:00,51.46250266916546,51.46449279785156,51.46250266916546,51.46449279785156,900,0.0,0.0,0.0
2021-03-05 00:00:00-05:00,51.46449643208739,51.50424593851808,51.43269606879852,51.484371185302734,7000,0.0,0.0,0.0
2021-03-08 00:00:00-05:00,51.45455497992565,51.45455497992565,51.40983963012695,51.40983963012695,3300,0.0,0.0,0.0
2021-03-09 00:00:00-05:00,51.45455569136873,51.455548860392916,51.4346809387207,51.4346809387207,2100,0.0,0.0,0.0
2021-03-10 00:00:00-05:00,51.434678979073325,51.47442848285493,51.434678979073325,51.461509704589844,6200,0.0,0.0,0.0
2021-03-11 00:00:00-05:00,51.50231325129704,51.50231325129704,51.491368328188535,51.49236297607422,1900,0.077,0.0,0.0
2021-03-12 00:00:00-05:00,51.46250648452707,51.471465908565634,51.451561561008766,51.46748352050781,3500,0.0,0.0,0.0
2021-03-15 00:00:00-04:00,51.4515594294067,51.461509704589844,51.4515594294067,51.461509704589844,21200,0.0,0.0,0.0
2021-03-16 00:00:00-04:00,51.48141405132208,51.48141405132208,51.4515594294067,51.461509704589844,3600,0.0,0.0,0.0
2021-03-17 00:00:00-04:00,51.441605700535455,51.496341705322266,51.437627108982085,51.496341705322266,3200,0.0,0.0,0.0
2021-03-18 00:00:00-04:00,51.41772613647765,51.43563739237526,51.407772064208984,51.407772064208984,4200,0.0,0.0,0.0
2021-03-19 00:00:00-04:00,51.4266769217274,51.46150857865525,51.4266769217274,51.45653533935547,4800,0.0,0.0,0.0
2021-03-22 00:00:00-04:00,51.45653646518125,51.46549209248268,51.44658239363215,51.461509704589844,2100,0.0,0.0,0.0
2021-03-23 00:00:00-04:00,51.47046800212661,51.47146264998657,51.45653533935547,51.45653533935547,2000,0.0,0.0,0.0
2021-03-24 00:00:00-04:00,51.48639183076832,51.491368866614756,51.481414794921875,51.481414794921875,1700,0.0,0.0,0.0
2021-03-25 00:00:00-04:00,51.48141708264994,51.491371154785156,51.48141708264994,51.491371154785156,3500,0.0,0.0,0.0
2021-03-26 00:00:00-04:00,51.48639129239414,51.49236297607422,51.48141425659974,51.49236297607422,2600,0.0,0.0,0.0
2021-03-29 00:00:00-04:00,51.461508178501944,51.47146224975586,51.461508178501944,51.47146224975586,600,0.0,0.0,0.0
2021-03-30 00:00:00-04:00,51.47146393220953,51.47146393220953,51.45155958541694,51.465492248535156,78500,0.0,0.0,0.0
2021-03-31 00:00:00-04:00,51.49136846588055,51.50927972060271,51.48240904215348,51.496341705322266,6100,0.0,0.0,0.0
2021-04-01 00:00:00-04:00,51.50629806518555,51.50629806518555,51.50629806518555,51.50629806518555,700,0.0,0.0,0.0
2021-04-05 00:00:00-04:00,51.49136846588055,51.510274368491054,51.48639143007284,51.496341705322266,4400,0.0,0.0,0.0
2021-04-06 00:00:00-04:00,51.51126823362408,51.54112665165061,51.51126823362408,51.52619934082031,3700,0.0,0.0,0.0
2021-04-07 00:00:00-04:00,51.5560558322993,51.57098314367098,51.55107879638672,51.55107879638672,1500,0.0,0.0,0.0
2021-04-08 00:00:00-04:00,51.580937958687336,51.580937958687336,51.56600685073446,51.57098388671875,1800,0.0,0.0,0.0
2021-04-09 00:00:00-04:00,51.568986946336125,51.587917833466236,51.55902552188962,51.58393478393555,26600,0.058,0.0,0.0
2021-04-12 00:00:00-04:00,51.55404468446685,51.55504044688381,51.51917399677375,51.539100646972656,3700,0.0,0.0,0.0
2021-04-13 00:00:00-04:00,51.577959099447874,51.59290313720703,51.577959099447874,51.59290313720703,3500,0.0,0.0,0.0
2021-04-14 00:00:00-04:00,51.55902552188962,51.59887882091519,51.550059859825794,51.58393478393555,6100,0.0,0.0,0.0
2021-04-15 00:00:00-04:00,51.598878282335825,51.648693005287946,51.56898640806877,51.618804931640625,8700,0.0,0.0,0.0
2021-04-16 00:00:00-04:00,51.58990810844221,51.59887757090853,51.583933534290914,51.593894958496094,3900,0.0,0.0,0.0
2021-04-19 00:00:00-04:00,51.598882004245525,51.598882004245525,51.56899012782232,51.58891677856445,10500,0.0,0.0,0.0
2021-04-20 00:00:00-04:00,51.57197803410392,51.58393478393555,51.57197803410392,51.58393478393555,500,0.0,0.0,0.0
2021-04-21 00:00:00-04:00,51.607848376342154,51.613826751708984,51.607848376342154,51.613826751708984,2900,0.0,0.0,0.0
2021-04-22 00:00:00-04:00,51.60884227060369,51.66363960875927,51.60884227060369,51.62876892089844,10400,0.0,0.0,0.0
2021-04-23 00:00:00-04:00,51.64072761740733,51.67858559396017,51.63375347957233,51.643714904785156,3100,0.0,0.0,0.0
2021-04-26 00:00:00-04:00,51.63873352819637,51.64869495291453,51.62976406526815,51.633750915527344,2900,0.0,0.0,0.0
2021-04-27 00:00:00-04:00,51.638730836506156,51.66762314736468,51.61979994984655,51.62478256225586,13900,0.0,0.0,0.0
2021-04-28 00:00:00-04:00,51.6377333471385,51.63873291015625,51.62876768493747,51.63873291015625,2000,0.0,0.0,0.0
2021-04-29 00:00:00-04:00,51.63873485627145,51.80810568517539,51.63873485627145,51.65367889404297,120500,0.0,0.0,0.0
2021-04-30 00:00:00-04:00,51.65865770622016,51.688549582383196,51.65367889404297,51.65367889404297,4400,0.0,0.0,0.0
2021-05-03 00:00:00-04:00,51.66164958074524,51.7184384453897,51.66065381829464,51.70847702026367,4900,0.0,0.0,0.0
2021-05-04 00:00:00-04:00,51.67858435678885,51.67858435678885,51.648696281245805,51.65367889404297,3700,0.0,0.0,0.0
2021-05-05 00:00:00-04:00,51.62877125509025,51.68855120867722,51.52415918677814,51.549068450927734,974500,0.0,0.0,0.0
2021-05-06 00:00:00-04:00,51.59389861210961,51.6387345257572,51.55902792399258,51.62578201293945,3300,0.0,0.0,0.0
2021-05-07 00:00:00-04:00,51.63873551623007,51.73836496972687,51.63873551623007,51.70947265625,8100,0.0,0.0,0.0
2021-05-10 00:00:00-04:00,51.75634760098924,51.75634760098924,51.67655563354492,51.67655563354492,19900,0.058,0.0,0.0
2021-05-11 00:00:00-04:00,51.661591526710794,51.661591526710794,51.636658201296704,51.65161895751953,2300,0.0,0.0,0.0
2021-05-12 00:00:00-04:00,51.65660998826425,51.65660998826425,51.6067395298188,51.621700286865234,1500,0.0,0.0,0.0
2021-05-13 00:00:00-04:00,51.6566071445511,51.666579713742365,51.63765507772864,51.65161895751953,3500,0.0,0.0,0.0
2021-05-14 00:00:00-04:00,51.67855081351898,51.69650600424751,51.6715688734921,51.681541442871094,2700,0.0,0.0,0.0
2021-05-17 00:00:00-04:00,51.60673643151472,51.706477342417486,51.60673643151472,51.68254089355469,66300,0.0,0.0,0.0
2021-05-18 00:00:00-04:00,51.685534160061145,51.68653103653897,51.64663314819336,51.64663314819336,24200,0.0,0.0,0.0
2021-05-19 00:00:00-04:00,51.66658180271054,51.66658180271054,51.61671134499413,51.637657165527344,2100,0.0,0.0,0.0
2021-05-20 00:00:00-04:00,51.67156750172744,51.75634765625,51.67156750172744,51.75634765625,31100,0.0,0.0,0.0
2021-05-21 00:00:00-04:00,51.706478573626505,51.706478573626505,51.6715688734921,51.681541442871094,1800,0.0,0.0,0.0
2021-05-24 00:00:00-04:00,51.68653155250937,51.71645306663125,51.68653155250937,51.70149230957031,3700,0.0,0.0,0.0
2021-05-25 00:00:00-04:00,51.687525134258976,51.76632403023609,51.68652825783473,51.75634765625,9800,0.0,0.0,0.0
2021-05-26 00:00:00-04:00,51.716453096574085,51.74637841558538,51.716453096574085,51.741390228271484,600,0.0,0.0,0.0
2021-05-27 00:00:00-04:00,51.75535315767601,51.77629897816293,51.72443476761667,51.75136184692383,4400,0.0,0.0,0.0
2021-05-28 00:00:00-04:00,51.75036402955846,51.77629803679608,51.74238521307118,51.76133728027344,5700,0.0,0.0,0.0
2021-06-01 00:00:00-04:00,51.755353653277304,51.766326904296875,51.74338352577816,51.766326904296875,2700,0.0,0.0,0.0
2021-06-02 00:00:00-04:00,51.75634765625,51.786269168464585,51.75634765625,51.75634765625,40300,0.0,0.0,0.0
2021-06-03 00:00:00-04:00,51.736399663428315,51.756348606895074,51.72742397057345,51.746376037597656,2100,0.0,0.0,0.0
2021-06-04 00:00:00-04:00,51.78527277874007,51.79624602925354,51.77130889892578,51.77130889892578,900,0.0,0.0,0.0
2021-06-07 00:00:00-04:00,51.73640158554899,51.7762994739648,51.73640158554899,51.766326904296875,3300,0.0,0.0,0.0
2021-06-08 00:00:00-04:00,51.79624560740163,51.945860778405866,51.76632409514953,51.836143493652344,20400,0.0,0.0,0.0
2021-06-09 00:00:00-04:00,51.84611892700195,51.866067871229376,51.83614635732427,51.84611892700195,38700,0.0,0.0,0.0
2021-06-10 00:00:00-04:00,51.86209894458861,51.89805186355592,51.853107857509784,51.877079010009766,14000,0.067,0.0,0.0
2021-06-11 00:00:00-04:00,51.89305733978677,51.89305733978677,51.874084622100355,51.88307189941406,7900,0.0,0.0,0.0
2021-06-14 00:00:00-04:00,51.853104930293014,51.86309417986498,51.848114115289476,51.85410690307617,78700,0.0,0.0,0.0
2021-06-15 00:00:00-04:00,51.85809970503356,51.87307976965238,51.83313420059635,51.863094329833984,20500,0.0,0.0,0.0
2021-06-16 00:00:00-04:00,51.864095299744015,51.87308257704521,51.73525987944112,51.80317306518555,7700,0.0,0.0,0.0
2021-06-17 00:00:00-04:00,51.79318643881973,51.80816650390625,51.783197188906996,51.80816650390625,2700,0.0,0.0,0.0
2021-06-18 00:00:00-04:00,51.768218994140625,51.77321361927744,51.723278797257436,51.768218994140625,17100,0.0,0.0,0.0
2021-06-21 00:00:00-04:00,51.743251116791626,51.78319668670742,51.743251116791626,51.77820587158203,8100,0.0,0.0,0.0
2021-06-22 00:00:00-04:00,51.80217227849308,51.80317044150014,51.79318500164707,51.798179626464844,4700,0.0,0.0,0.0
2021-06-23 00:00:00-04:00,51.81316112886261,51.81715378100164,51.80317187894988,51.80816650390625,4900,0.0,0.0,0.0
2021-06-24 00:00:00-04:00,51.8031718307025,51.81715373274125,51.8031718307025,51.805171966552734,8800,0.0,0.0,0.0
2021-06-25 00:00:00-04:00,51.823145382528494,51.85310551201562,51.80317069294292,51.81315994262695,14100,0.0,0.0,0.0
2021-06-28 00:00:00-04:00,51.833134883655305,51.833134883655305,51.82314563392281,51.82814025878906,3200,0.0,0.0,0.0
2021-06-29 00:00:00-04:00,51.83812718936228,51.84312181437215,51.83313637413503,51.84112548828125,3800,0.0,0.0,0.0
2021-06-30 00:00:00-04:00,51.83313657184217,51.85310745239258,51.83313657184217,51.85310745239258,5300,0.0,0.0,0.0
2021-07-01 00:00:00-04:00,51.84312201211738,51.85310745239258,51.84312201211738,51.85310745239258,800,0.0,0.0,0.0
2021-07-02 00:00:00-04:00,51.8930549621582,51.894053125171475,51.87308027254531,51.8930549621582,2400,0.0,0.0,0.0
2021-07-06 00:00:00-04:00,51.88307096412887,51.903045654296875,51.873081714153564,51.903045654296875,8600,0.0,0.0,0.0
2021-07-07 00:00:00-04:00,51.91402832240735,51.932006686169494,51.90304471937148,51.92301940917969,4000,0.0,0.0,0.0
2021-07-08 00:00:00-04:00,51.93300510041995,51.94299054048109,51.92401782338666,51.9379997253418,5000,0.0,0.0,0.0
2021-07-09 00:00:00-04:00,51.93000030517578,51.93000030517578,51.900001525878906,51.9119987487793,27400,0.067,0.0,0.0
2021-07-12 00:00:00-04:00,51.900001525878906,51.9119987487793,51.900001525878906,51.904998779296875,6000,0.0,0.0,0.0
2021-07-13 00:00:00-04:00,51.88100051879883,51.91999816894531,51.869998931884766,51.8849983215332,14100,0.0,0.0,0.0
2021-07-14 00:00:00-04:00,51.91999816894531,51.92900085449219,51.869998931884766,51.88999938964844,20200,0.0,0.0,0.0
2021-07-15 00:00:00-04:00,51.91400146484375,51.93000030517578,51.91299819946289,51.91999816894531,3700,0.0,0.0,0.0
2021-07-16 00:00:00-04:00,51.904998779296875,51.91999816894531,51.900001525878906,51.900001525878906,9300,0.0,0.0,0.0
2021-07-19 00:00:00-04:00,51.90999984741211,51.91999816894531,51.88999938964844,51.900001525878906,5800,0.0,0.0,0.0
2021-07-20 00:00:00-04:00,51.94200134277344,51.94900131225586,51.92599868774414,51.93000030517578,3800,0.0,0.0,0.0
2021-07-21 00:00:00-04:00,51.933998107910156,51.95000076293945,51.91999816894531,51.939998626708984,17200,0.0,0.0,0.0
2021-07-22 00:00:00-04:00,51.95899963378906,51.970001220703125,51.95000076293945,51.959999084472656,4100,0.0,0.0,0.0
2021-07-23 00:00:00-04:00,51.95100021362305,51.957000732421875,51.849998474121094,51.90999984741211,191200,0.0,0.0,0.0
2021-07-26 00:00:00-04:00,51.90299987792969,51.91999816894531,51.88999938964844,51.904998779296875,17600,0.0,0.0,0.0
2021-07-27 00:00:00-04:00,51.90999984741211,52.06999969482422,51.88999938964844,51.928001403808594,24900,0.0,0.0,0.0
2021-07-28 00:00:00-04:00,51.91999816894531,51.93000030517578,51.900001525878906,51.91999816894531,7200,0.0,0.0,0.0
2021-07-29 00:00:00-04:00,51.93000030517578,51.959999084472656,51.93000030517578,51.94499969482422,7700,0.0,0.0,0.0
2021-07-30 00:00:00-04:00,51.946998596191406,51.95000076293945,51.946998596191406,51.95000076293945,200,0.0,0.0,0.0
2021-08-02 00:00:00-04:00,51.959999084472656,51.970001220703125,51.95000076293945,51.95899963378906,33900,0.0,0.0,0.0
2021-08-03 00:00:00-04:00,52.0,52.0,51.959999084472656,51.97100067138672,8700,0.0,0.0,0.0
2021-08-04 00:00:00-04:00,51.95000076293945,51.95000076293945,51.939998626708984,51.939998626708984,2000,0.0,0.0,0.0
2021-08-05 00:00:00-04:00,51.91999816894531,51.935001373291016,51.91999816894531,51.93000030517578,3600,0.0,0.0,0.0
2021-08-06 00:00:00-04:00,51.90999984741211,51.91999816894531,51.90999984741211,51.90999984741211,1100,0.0,0.0,0.0
2021-08-09 00:00:00-04:00,51.81999969482422,51.83000183105469,51.810001373291016,51.810001373291016,2600,0.0,0.0,0.0
2021-08-10 00:00:00-04:00,51.810001373291016,51.810001373291016,51.77000045776367,51.78499984741211,15100,0.0,0.0,0.0
2021-08-11 00:00:00-04:00,51.79999923706055,51.81999969482422,51.79999923706055,51.81999969482422,27000,0.0,0.0,0.0
2021-08-12 00:00:00-04:00,51.82899856567383,51.84000015258789,51.810001373291016,51.83000183105469,2800,0.0,0.0,0.0
2021-08-13 00:00:00-04:00,51.849998474121094,51.849998474121094,51.84000015258789,51.849998474121094,3300,0.0,0.0,0.0
2021-08-16 00:00:00-04:00,51.88999938964844,51.88999938964844,51.84299850463867,51.849998474121094,3600,0.0,0.0,0.0
2021-08-17 00:00:00-04:00,51.82400131225586,51.83000183105469,51.82400131225586,51.83000183105469,3000,0.0,0.0,0.0
2021-08-18 00:00:00-04:00,51.84000015258789,51.84000015258789,51.814998626708984,51.814998626708984,1400,0.0,0.0,0.0
2021-08-19 00:00:00-04:00,51.849998474121094,51.849998474121094,51.83000183105469,51.84000015258789,4800,0.0,0.0,0.0
2021-08-20 00:00:00-04:00,51.840999603271484,51.869998931884766,51.840999603271484,51.85499954223633,6600,0.0,0.0,0.0
2021-08-23 00:00:00-04:00,52.150001525878906,52.150001525878906,51.849998474121094,51.85499954223633,5300,0.0,0.0,0.0
2021-08-24 00:00:00-04:00,51.869998931884766,51.869998931884766,51.85499954223633,51.85499954223633,5700,0.0,0.0,0.0
2021-08-25 00:00:00-04:00,51.84000015258789,52.029998779296875,51.790000915527344,51.834999084472656,63700,0.0,0.0,0.0
2021-08-26 00:00:00-04:00,51.86000061035156,51.915000915527344,51.81999969482422,51.834999084472656,19300,0.0,0.0,0.0
2021-08-27 00:00:00-04:00,51.85900115966797,51.97999954223633,51.85900115966797,51.915000915527344,13100,0.0,0.0,0.0
2021-08-30 00:00:00-04:00,51.880001068115234,51.900001525878906,51.869998931884766,51.8849983215332,2100,0.0,0.0,0.0
2021-08-31 00:00:00-04:00,51.91999816894531,51.939998626708984,51.900001525878906,51.939998626708984,6800,0.0,0.0,0.0
2021-09-01 00:00:00-04:00,51.90999984741211,51.959999084472656,51.869998931884766,51.8849983215332,2700,0.0,0.0,0.0
2021-09-02 00:00:00-04:00,51.935001373291016,51.95000076293945,51.93000030517578,51.93000030517578,26000,0.0,0.0,0.0
2021-09-03 00:00:00-04:00,51.93899917602539,51.939998626708984,51.904998779296875,51.92499923706055,2500,0.0,0.0,0.0
2021-09-07 00:00:00-04:00,51.880001068115234,51.939998626708984,51.880001068115234,51.939998626708984,14400,0.0,0.0,0.0
2021-09-08 00:00:00-04:00,51.93000030517578,51.93000030517578,51.88999938964844,51.904998779296875,3300,0.0,0.0,0.0
2021-09-09 00:00:00-04:00,51.869998931884766,51.900001525878906,51.840999603271484,51.880001068115234,6700,0.0,0.0,0.0
2021-09-10 00:00:00-04:00,51.849998474121094,51.90999984741211,51.849998474121094,51.86399841308594,12200,0.0,0.0,0.0
2021-09-13 00:00:00-04:00,51.83300018310547,51.869998931884766,51.810001373291016,51.849998474121094,3300,0.0,0.0,0.0
2021-09-14 00:00:00-04:00,51.75,51.869998931884766,51.75,51.85499954223633,4300,0.0,0.0,0.0
2021-09-15 00:00:00-04:00,51.869998931884766,51.880001068115234,51.82699966430664,51.849998474121094,5600,0.0,0.0,0.0
2021-09-16 00:00:00-04:00,51.86000061035156,51.888999938964844,51.845001220703125,51.86000061035156,7400,0.0,0.0,0.0
2021-09-17 00:00:00-04:00,51.88999938964844,51.88999938964844,51.797000885009766,51.82500076293945,5100,0.0,0.0,0.0
2021-09-20 00:00:00-04:00,51.80099868774414,51.84000015258789,51.79999923706055,51.834999084472656,10300,0.0,0.0,0.0
2021-09-21 00:00:00-04:00,51.81999969482422,51.84199905395508,51.81999969482422,51.83000183105469,1700,0.0,0.0,0.0
2021-09-22 00:00:00-04:00,51.83000183105469,51.84400177001953,51.82500076293945,51.84000015258789,5400,0.0,0.0,0.0
2021-09-23 00:00:00-04:00,51.8489990234375,51.849998474121094,51.801998138427734,51.82500076293945,4800,0.0,0.0,0.0
2021-09-24 00:00:00-04:00,51.819000244140625,51.819000244140625,51.80500030517578,51.80500030517578,1000,0.0,0.0,0.0
2021-09-27 00:00:00-04:00,51.76300048828125,51.790000915527344,51.76300048828125,51.775001525878906,1100,0.0,0.0,0.0
2021-09-28 00:00:00-04:00,51.76900100708008,51.77000045776367,51.7400016784668,51.7599983215332,4300,0.0,0.0,0.0
2021-09-29 00:00:00-04:00,51.77000045776367,51.810001373291016,51.77000045776367,51.779998779296875,69000,0.0,0.0,0.0
2021-09-30 00:00:00-04:00,51.849998474121094,51.849998474121094,51.7599983215332,51.79100036621094,11900,0.0,0.0,0.0
2021-10-01 00:00:00-04:00,51.85499954223633,51.8650016784668,51.79999923706055,51.8650016784668,10000,0.0,0.0,0.0
2021-10-04 00:00:00-04:00,51.834999084472656,51.85900115966797,51.529998779296875,51.72999954223633,85700,0.0,0.0,0.0
2021-10-05 00:00:00-04:00,51.810001373291016,51.834999084472656,51.790000915527344,51.80500030517578,3000,0.0,0.0,0.0
2021-10-06 00:00:00-04:00,51.79999923706055,51.92300033569336,51.7400016784668,51.805999755859375,16200,0.0,0.0,0.0
2021-10-07 00:00:00-04:00,51.81999969482422,51.81999969482422,51.77000045776367,51.78499984741211,7200,0.0,0.0,0.0
2021-10-08 00:00:00-04:00,51.72999954223633,51.72999954223633,51.66999816894531,51.689998626708984,11500,0.0,0.0,0.0
2021-10-11 00:00:00-04:00,51.67499923706055,51.678001403808594,51.66400146484375,51.66400146484375,1100,0.0,0.0,0.0
2021-10-12 00:00:00-04:00,51.970001220703125,51.970001220703125,51.6510009765625,51.66999816894531,8800,0.0,0.0,0.0
2021-10-13 00:00:00-04:00,51.66999816894531,51.689998626708984,51.650001525878906,51.66999816894531,9500,0.0,0.0,0.0
2021-10-14 00:00:00-04:00,51.68000030517578,51.68000030517578,51.63999938964844,51.66999816894531,14600,0.0,0.0,0.0
2021-10-15 00:00:00-04:00,51.67100143432617,51.68000030517578,51.650001525878906,51.650001525878906,6500,0.0,0.0,0.0
2021-10-18 00:00:00-04:00,51.630001068115234,51.650001525878906,51.599998474121094,51.641998291015625,2400,0.0,0.0,0.0
2021-10-19 00:00:00-04:00,51.65999984741211,51.665000915527344,51.58000183105469,51.6349983215332,35600,0.0,0.0,0.0
2021-10-20 00:00:00-04:00,51.66899871826172,51.66999816894531,51.630001068115234,51.64500045776367,11200,0.0,0.0,0.0
2021-10-21 00:00:00-04:00,51.599998474121094,51.650001525878906,51.59000015258789,51.60499954223633,12500,0.0,0.0,0.0
2021-10-22 00:00:00-04:00,51.59000015258789,51.599998474121094,51.56999969482422,51.584999084472656,4000,0.0,0.0,0.0
2021-10-25 00:00:00-04:00,51.630001068115234,51.650001525878906,51.599998474121094,51.62099838256836,8400,0.0,0.0,0.0
2021-10-26 00:00:00-04:00,51.630001068115234,51.630001068115234,51.599998474121094,51.619998931884766,5700,0.0,0.0,0.0
2021-10-27 00:00:00-04:00,51.650001525878906,51.650001525878906,51.619998931884766,51.62900161743164,2200,0.0,0.0,0.0
2021-10-28 00:00:00-04:00,51.638999938964844,51.63999938964844,51.599998474121094,51.6150016784668,2500,0.0,0.0,0.0
2021-10-29 00:00:00-04:00,51.630001068115234,51.650001525878906,51.60900115966797,51.630001068115234,92400,0.0,0.0,0.0
2021-11-01 00:00:00-04:00,51.61000061035156,51.619998931884766,51.560001373291016,51.61000061035156,22900,0.0,0.0,0.0
2021-11-02 00:00:00-04:00,51.65999984741211,51.68000030517578,51.65999984741211,51.66999816894531,27400,0.0,0.0,0.0
2021-11-03 00:00:00-04:00,51.619998931884766,51.650001525878906,51.59000015258789,51.6349983215332,4000,0.0,0.0,0.0
2021-11-04 00:00:00-04:00,51.68000030517578,51.7400016784668,51.68000030517578,51.73899841308594,26200,0.0,0.0,0.0
2021-11-05 00:00:00-04:00,51.70500183105469,51.744998931884766,51.70500183105469,51.744998931884766,3800,0.0,0.0,0.0
2021-11-08 00:00:00-05:00,51.65999984741211,51.65999984741211,51.60100173950195,51.624000549316406,28300,0.0,0.0,0.0
2021-11-09 00:00:00-05:00,51.66999816894531,51.67900085449219,51.63999938964844,51.654998779296875,6800,0.0,0.0,0.0
2021-11-10 00:00:00-05:00,51.599998474121094,51.79999923706055,51.56999969482422,51.58000183105469,1189900,0.0,0.0,0.0
2021-11-11 00:00:00-05:00,51.56999969482422,51.73500061035156,51.54100036621094,51.560001373291016,571500,0.0,0.0,0.0
2021-11-12 00:00:00-05:00,51.551998138427734,51.59000015258789,51.54999923706055,51.56999969482422,39000,0.0,0.0,0.0
2021-11-15 00:00:00-05:00,51.59000015258789,51.59000015258789,51.547000885009766,51.558998107910156,9300,0.0,0.0,0.0
2021-11-16 00:00:00-05:00,51.52000045776367,51.720001220703125,51.52000045776367,51.56999969482422,40100,0.0,0.0,0.0
2021-11-17 00:00:00-05:00,51.577999114990234,51.599998474121094,51.54999923706055,51.56999969482422,11200,0.0,0.0,0.0
2021-11-18 00:00:00-05:00,51.555999755859375,51.61000061035156,51.555999755859375,51.59000015258789,14600,0.0,0.0,0.0
2021-11-19 00:00:00-05:00,51.6150016784668,51.630001068115234,51.56999969482422,51.56999969482422,13300,0.0,0.0,0.0
2021-11-22 00:00:00-05:00,51.560001373291016,51.56999969482422,51.525001525878906,51.525001525878906,12200,0.0,0.0,0.0
2021-11-23 00:00:00-05:00,51.540000915527344,51.540000915527344,51.5099983215332,51.51300048828125,9100,0.0,0.0,0.0
2021-11-24 00:00:00-05:00,51.529998779296875,51.540000915527344,51.47600173950195,51.500999450683594,22400,0.0,0.0,0.0
2021-11-26 00:00:00-05:00,51.689998626708984,51.689998626708984,51.54999923706055,51.54999923706055,4100,0.0,0.0,0.0
2021-11-29 00:00:00-05:00,51.52000045776367,51.59000015258789,51.52000045776367,51.560001373291016,9100,0.0,0.0,0.0
2021-11-30 00:00:00-05:00,51.619998931884766,51.619998931884766,51.529998779296875,51.54600143432617,13400,0.0,0.0,0.0
2021-12-01 00:00:00-05:00,51.53900146484375,51.540000915527344,51.50600051879883,51.529998779296875,131600,0.0,0.0,0.0
2021-12-02 00:00:00-05:00,51.53499984741211,51.547000885009766,51.529998779296875,51.542999267578125,1900,0.0,0.0,0.0
2021-12-03 00:00:00-05:00,51.52799987792969,51.57099914550781,51.52799987792969,51.564998626708984,5300,0.0,0.0,0.0
2021-12-06 00:00:00-05:00,51.529998779296875,51.560001373291016,51.52000045776367,51.53499984741211,12700,0.0,0.0,0.0
2021-12-07 00:00:00-05:00,51.558998107910156,51.560001373291016,51.52000045776367,51.53499984741211,9300,0.0,0.0,0.0
2021-12-08 00:00:00-05:00,51.51499938964844,51.529998779296875,51.5099983215332,51.525001525878906,7300,0.0,0.0,0.0
2021-12-09 00:00:00-05:00,51.5099983215332,51.5099983215332,51.29999923706055,51.33000183105469,17800,0.0,0.0,0.0
2021-12-10 00:00:00-05:00,51.34000015258789,51.400001525878906,51.34000015258789,51.395999908447266,22300,0.0,0.0,0.0
2021-12-13 00:00:00-05:00,51.36000061035156,51.400001525878906,51.349998474121094,51.375,12200,0.0,0.0,0.0
2021-12-14 00:00:00-05:00,51.349998474121094,51.380001068115234,51.2599983215332,51.3650016784668,24100,0.0,0.0,0.0
2021-12-15 00:00:00-05:00,51.33000183105469,51.38399887084961,51.33000183105469,51.38399887084961,26400,0.0,0.0,0.0
2021-12-16 00:00:00-05:00,51.29999923706055,51.34000015258789,51.29999923706055,51.314998626708984,11500,0.0,0.0,0.0
2021-12-17 00:00:00-05:00,51.31999969482422,51.31999969482422,51.290000915527344,51.29499816894531,10200,0.0,0.0,0.0
2021-12-20 00:00:00-05:00,51.310001373291016,51.36000061035156,51.27000045776367,51.290000915527344,33400,0.0,0.0,0.0
2021-12-21 00:00:00-05:00,51.270999908447266,51.310001373291016,51.2599983215332,51.29999923706055,51300,0.0,0.0,0.0
2021-12-22 00:00:00-05:00,51.310001373291016,51.619998931884766,51.2599983215332,51.29499816894531,66400,0.0,0.0,0.0
2021-12-23 00:00:00-05:00,51.290000915527344,51.3390007019043,51.290000915527344,51.310001373291016,25700,0.0,0.0,0.0
2021-12-27 00:00:00-05:00,51.2599983215332,51.31999969482422,51.2599983215332,51.305999755859375,26100,0.0,0.0,0.0
2021-12-28 00:00:00-05:00,51.314998626708984,51.400001525878906,51.30099868774414,51.32500076293945,22600,0.0,0.0,0.0
2021-12-29 00:00:00-05:00,51.279998779296875,51.31999969482422,51.279998779296875,51.314998626708984,10800,0.0,0.0,0.0
2021-12-30 00:00:00-05:00,51.290000915527344,51.33000183105469,51.290000915527344,51.32500076293945,80300,0.0,0.0,0.0
2021-12-31 00:00:00-05:00,51.32400131225586,51.349998474121094,51.31999969482422,51.33000183105469,11600,0.0,0.0,0.0
2022-01-03 00:00:00-05:00,51.275001525878906,51.290000915527344,51.27199935913086,51.275001525878906,3400,0.0,0.0,0.0
2022-01-04 00:00:00-05:00,51.27899932861328,51.34000015258789,51.27899932861328,51.29999923706055,48900,0.0,0.0,0.0
2022-01-05 00:00:00-05:00,51.29499816894531,51.30500030517578,51.23099899291992,51.244998931884766,4600,0.0,0.0,0.0
2022-01-06 00:00:00-05:00,51.224998474121094,51.249000549316406,51.20100021362305,51.22100067138672,18600,0.0,0.0,0.0
2022-01-07 00:00:00-05:00,51.19200134277344,51.20500183105469,51.16999816894531,51.20000076293945,12700,0.0,0.0,0.0
2022-01-10 00:00:00-05:00,51.154998779296875,51.16999816894531,51.13999938964844,51.16999816894531,3900,0.0,0.0,0.0
2022-01-11 00:00:00-05:00,51.154998779296875,51.209999084472656,51.154998779296875,51.20500183105469,9000,0.0,0.0,0.0
2022-01-12 00:00:00-05:00,51.25,51.25,51.18000030517578,51.20500183105469,28500,0.0,0.0,0.0
2022-01-13 00:00:00-05:00,51.209999084472656,51.220001220703125,51.20000076293945,51.21500015258789,9100,0.0,0.0,0.0
2022-01-14 00:00:00-05:00,51.20000076293945,51.20000076293945,51.15999984741211,51.16999816894531,6200,0.0,0.0,0.0
2022-01-18 00:00:00-05:00,51.310001373291016,51.310001373291016,51.060001373291016,51.066001892089844,35300,0.0,0.0,0.0
2022-01-19 00:00:00-05:00,51.08000183105469,51.12799835205078,51.08000183105469,51.090999603271484,5600,0.0,0.0,0.0
2022-01-20 00:00:00-05:00,51.11000061035156,51.119998931884766,51.07500076293945,51.07500076293945,12100,0.0,0.0,0.0
2022-01-21 00:00:00-05:00,51.12799835205078,51.13999938964844,51.11000061035156,51.119998931884766,106500,0.0,0.0,0.0
2022-01-24 00:00:00-05:00,51.099998474121094,51.130001068115234,51.08000183105469,51.099998474121094,79400,0.0,0.0,0.0
2022-01-25 00:00:00-05:00,51.099998474121094,51.099998474121094,51.07699966430664,51.07699966430664,5900,0.0,0.0,0.0
2022-01-26 00:00:00-05:00,51.095001220703125,51.099998474121094,50.939998626708984,50.939998626708984,15100,0.0,0.0,0.0
2022-01-27 00:00:00-05:00,50.95000076293945,50.97999954223633,50.900001525878906,50.900001525878906,17300,0.0,0.0,0.0
2022-01-28 00:00:00-05:00,50.92399978637695,50.959999084472656,50.92399978637695,50.959999084472656,2800,0.0,0.0,0.0
2022-01-31 00:00:00-05:00,50.91999816894531,50.97999954223633,50.91999816894531,50.94499969482422,22800,0.0,0.0,0.0
2022-02-01 00:00:00-05:00,50.900001525878906,50.979000091552734,50.900001525878906,50.974998474121094,7900,0.0,0.0,0.0
2022-02-02 00:00:00-05:00,51.0,51.029998779296875,50.98099899291992,51.0099983215332,16300,0.0,0.0,0.0
2022-02-03 00:00:00-05:00,50.939998626708984,50.95000076293945,50.930999755859375,50.939998626708984,5000,0.0,0.0,0.0
2022-02-04 00:00:00-05:00,50.849998474121094,50.86000061035156,50.83000183105469,50.849998474121094,3300,0.0,0.0,0.0
2022-02-07 00:00:00-05:00,50.83000183105469,50.880001068115234,50.83000183105469,50.8650016784668,4400,0.0,0.0,0.0
2022-02-08 00:00:00-05:00,50.86000061035156,50.86000061035156,50.790000915527344,50.82500076293945,18100,0.0,0.0,0.0
2022-02-09 00:00:00-05:00,50.869998931884766,50.869998931884766,50.810001373291016,50.845001220703125,12600,0.0,0.0,0.0
2022-02-10 00:00:00-05:00,50.77000045776367,50.77000045776367,50.56999969482422,50.57400131225586,23100,0.0,0.0,0.0
2022-02-11 00:00:00-05:00,50.625,50.625,50.560001373291016,50.60499954223633,64500,0.0,0.0,0.0
2022-02-14 00:00:00-05:00,50.54999923706055,50.5989990234375,50.5099983215332,50.55500030517578,18100,0.0,0.0,0.0
2022-02-15 00:00:00-05:00,50.54499816894531,50.58000183105469,50.540000915527344,50.560001373291016,9000,0.0,0.0,0.0
2022-02-16 00:00:00-05:00,50.54800033569336,50.569000244140625,50.52000045776367,50.569000244140625,3700,0.0,0.0,0.0
2022-02-17 00:00:00-05:00,50.63999938964844,50.63999938964844,50.59000015258789,50.6150016784668,4000,0.0,0.0,0.0
2022-02-18 00:00:00-05:00,50.60900115966797,50.650001525878906,50.59000015258789,50.630001068115234,12900,0.0,0.0,0.0
2022-02-22 00:00:00-05:00,50.57500076293945,50.5890007019043,50.529998779296875,50.560001373291016,5200,0.0,0.0,0.0
2022-02-23 00:00:00-05:00,50.529998779296875,50.56999969482422,50.52000045776367,50.529998779296875,4700,0.0,0.0,0.0
2022-02-24 00:00:00-05:00,50.41999816894531,50.53900146484375,50.41999816894531,50.52000045776367,42200,0.0,0.0,0.0
2022-02-25 00:00:00-05:00,50.58000183105469,50.58000183105469,50.5,50.564998626708984,7000,0.0,0.0,0.0
2022-02-28 00:00:00-05:00,50.59000015258789,50.59000015258789,50.48899841308594,50.540000915527344,7900,0.0,0.0,0.0
2022-03-01 00:00:00-05:00,50.665000915527344,50.70600128173828,50.645999908447266,50.665000915527344,3100,0.0,0.0,0.0
2022-03-02 00:00:00-05:00,50.58000183105469,50.61000061035156,50.520999908447266,50.55699920654297,17100,0.0,0.0,0.0
2022-03-03 00:00:00-05:00,50.540000915527344,50.577999114990234,50.5099983215332,50.540000915527344,2300,0.0,0.0,0.0
2022-03-04 00:00:00-05:00,50.58000183105469,50.61000061035156,50.55500030517578,50.57500076293945,8500,0.0,0.0,0.0
2022-03-07 00:00:00-05:00,50.529998779296875,50.529998779296875,50.40599822998047,50.45899963378906,8300,0.0,0.0,0.0
2022-03-08 00:00:00-05:00,50.380001068115234,50.400001525878906,50.20000076293945,50.36000061035156,10400,0.0,0.0,0.0
2022-03-09 00:00:00-05:00,50.290000915527344,50.36199951171875,50.21500015258789,50.32500076293945,9600,0.0,0.0,0.0
2022-03-10 00:00:00-05:00,50.2400016784668,50.275001525878906,50.209999084472656,50.25,9300,0.0,0.0,0.0
2022-03-11 00:00:00-05:00,50.150001525878906,50.19300079345703,50.11000061035156,50.150001525878906,6200,0.0,0.0,0.0
2022-03-14 00:00:00-04:00,50.119998931884766,50.119998931884766,49.95000076293945,49.994998931884766,21900,0.0,0.0,0.0
2022-03-15 00:00:00-04:00,50.11000061035156,50.11000061035156,49.97999954223633,50.04499816894531,8500,0.0,0.0,0.0
2022-03-16 00:00:00-04:00,50.06999969482422,50.06999969482422,49.76100158691406,49.904998779296875,61000,0.0,0.0,0.0
2022-03-17 00:00:00-04:00,50.02799987792969,50.06999969482422,50.0,50.055999755859375,8400,0.0,0.0,0.0
2022-03-18 00:00:00-04:00,50.05500030517578,50.06999969482422,49.9900016784668,50.06100082397461,14100,0.0,0.0,0.0
2022-03-21 00:00:00-04:00,50.0,50.029998779296875,49.915000915527344,49.935001373291016,14500,0.0,0.0,0.0
2022-03-22 00:00:00-04:00,49.869998931884766,49.90999984741211,49.81999969482422,49.849998474121094,42500,0.0,0.0,0.0
2022-03-23 00:00:00-04:00,49.880001068115234,49.93000030517578,49.849998474121094,49.904998779296875,8000,0.0,0.0,0.0
2022-03-24 00:00:00-04:00,49.85499954223633,49.90999984741211,49.849998474121094,49.88999938964844,12200,0.0,0.0,0.0
2022-03-25 00:00:00-04:00,49.83000183105469,49.849998474121094,49.755001068115234,49.77000045776367,4700,0.0,0.0,0.0
2022-03-28 00:00:00-04:00,49.790000915527344,49.79999923706055,49.7400016784668,49.75600051879883,13300,0.0,0.0,0.0
2022-03-29 00:00:00-04:00,49.83000183105469,49.869998931884766,49.779998779296875,49.845001220703125,25400,0.0,0.0,0.0
2022-03-30 00:00:00-04:00,49.779998779296875,49.834999084472656,49.779998779296875,49.82099914550781,5600,0.0,0.0,0.0
2022-03-31 00:00:00-04:00,49.869998931884766,49.900001525878906,49.862998962402344,49.862998962402344,2300,0.0,0.0,0.0
2022-04-01 00:00:00-04:00,49.72999954223633,49.78900146484375,49.72999954223633,49.76499938964844,25100,0.0,0.0,0.0
2022-04-04 00:00:00-04:00,49.7599983215332,49.810001373291016,49.7599983215332,49.808998107910156,45100,0.0,0.0,0.0
2022-04-05 00:00:00-04:00,49.82500076293945,49.849998474121094,49.75,49.75199890136719,21500,0.0,0.0,0.0
2022-04-06 00:00:00-04:00,49.709999084472656,49.75,49.65999984741211,49.744998931884766,14000,0.0,0.0,0.0
2022-04-07 00:00:00-04:00,49.75,49.78900146484375,49.74100112915039,49.766998291015625,15900,0.0,0.0,0.0
2022-04-08 00:00:00-04:00,49.650001525878906,49.7599983215332,49.650001525878906,49.68000030517578,15800,0.0,0.0,0.0
2022-04-11 00:00:00-04:00,49.60900115966797,49.68000030517578,49.595001220703125,49.63399887084961,5600,0.0,0.0,0.0
2022-04-12 00:00:00-04:00,49.720001220703125,49.7599983215332,49.66999816894531,49.72700119018555,15500,0.0,0.0,0.0
2022-04-13 00:00:00-04:00,49.79999923706055,49.81100082397461,49.720001220703125,49.790000915527344,12800,0.0,0.0,0.0
2022-04-14 00:00:00-04:00,49.7400016784668,49.7400016784668,49.619998931884766,49.654998779296875,23100,0.0,0.0,0.0
2022-04-18 00:00:00-04:00,49.7599983215332,49.7599983215332,49.630001068115234,49.665000915527344,13200,0.0,0.0,0.0
2022-04-19 00:00:00-04:00,49.63199996948242,49.63800048828125,49.5099983215332,49.564998626708984,6300,0.0,0.0,0.0
2022-04-20 00:00:00-04:00,49.500999450683594,49.560001373291016,49.500999450683594,49.560001373291016,17700,0.0,0.0,0.0
2022-04-21 00:00:00-04:00,49.560001373291016,49.560001373291016,49.459999084472656,49.52000045776367,11000,0.0,0.0,0.0
2022-04-22 00:00:00-04:00,49.43000030517578,49.52000045776367,49.43000030517578,49.483001708984375,19700,0.0,0.0,0.0
2022-04-25 00:00:00-04:00,49.5,49.619998931884766,49.5,49.560001373291016,11700,0.0,0.0,0.0
2022-04-26 00:00:00-04:00,49.59000015258789,49.630001068115234,49.51599884033203,49.54999923706055,10700,0.0,0.0,0.0
2022-04-27 00:00:00-04:00,49.54999923706055,49.61000061035156,49.525001525878906,49.525001525878906,6700,0.0,0.0,0.0
2022-04-28 00:00:00-04:00,49.540000915527344,49.54999923706055,49.47999954223633,49.5099983215332,15800,0.0,0.0,0.0
2022-04-29 00:00:00-04:00,49.45000076293945,49.470001220703125,49.38999938964844,49.404998779296875,30900,0.0,0.0,0.0
2022-05-02 00:00:00-04:00,49.34000015258789,49.380001068115234,49.34000015258789,49.34400177001953,14100,0.0,0.0,0.0
2022-05-03 00:00:00-04:00,49.369998931884766,49.42499923706055,49.349998474121094,49.35200119018555,22400,0.0,0.0,0.0
2022-05-04 00:00:00-04:00,49.349998474121094,49.46699905395508,49.27000045776367,49.46699905395508,5000,0.0,0.0,0.0
2022-05-05 00:00:00-04:00,49.400001525878906,49.400001525878906,49.255001068115234,49.30099868774414,28900,0.0,0.0,0.0
2022-05-06 00:00:00-04:00,49.349998474121094,49.40999984741211,49.33000183105469,49.3489990234375,5900,0.0,0.0,0.0
2022-05-09 00:00:00-04:00,49.279998779296875,49.33300018310547,49.27000045776367,49.29999923706055,5500,0.0,0.0,0.0
2022-05-10 00:00:00-04:00,49.36000061035156,49.369998931884766,49.28499984741211,49.31999969482422,6600,0.0,0.0,0.0
2022-05-11 00:00:00-04:00,49.2400016784668,49.310001373291016,49.220001220703125,49.28900146484375,9000,0.0,0.0,0.0
2022-05-12 00:00:00-04:00,49.29999923706055,49.36000061035156,49.189998626708984,49.32500076293945,23800,0.0,0.0,0.0
2022-05-13 00:00:00-04:00,49.130001068115234,49.229000091552734,49.130001068115234,49.17100143432617,24800,0.0,0.0,0.0
2022-05-16 00:00:00-04:00,49.25,49.369998931884766,49.25,49.30500030517578,22500,0.0,0.0,0.0
2022-05-17 00:00:00-04:00,49.20500183105469,49.290000915527344,49.20000076293945,49.209999084472656,13400,0.0,0.0,0.0
2022-05-18 00:00:00-04:00,49.20800018310547,49.380001068115234,49.189998626708984,49.22999954223633,54900,0.0,0.0,0.0
2022-05-19 00:00:00-04:00,49.3390007019043,49.400001525878906,49.2400016784668,49.310001373291016,15000,0.0,0.0,0.0
2022-05-20 00:00:00-04:00,49.27000045776367,49.47999954223633,49.2599983215332,49.36000061035156,41400,0.0,0.0,0.0
2022-05-23 00:00:00-04:00,49.34000015258789,49.380001068115234,49.33000183105469,49.33000183105469,5300,0.0,0.0,0.0
2022-05-24 00:00:00-04:00,49.38199996948242,49.46500015258789,49.36899948120117,49.45000076293945,5300,0.0,0.0,0.0
2022-05-25 00:00:00-04:00,49.540000915527344,49.560001373291016,49.4900016784668,49.54499816894531,6600,0.0,0.0,0.0
2022-05-26 00:00:00-04:00,49.599998474121094,49.61000061035156,49.540000915527344,49.58000183105469,84600,0.0,0.0,0.0
2022-05-27 00:00:00-04:00,49.599998474121094,49.65999984741211,49.58000183105469,49.6349983215332,9900,0.0,0.0,0.0
2022-05-31 00:00:00-04:00,49.689998626708984,49.689998626708984,49.52799987792969,49.59000015258789,28700,0.0,0.0,0.0
2022-06-01 00:00:00-04:00,49.47700119018555,49.569000244140625,49.47700119018555,49.52000045776367,11100,0.0,0.0,0.0
2022-06-02 00:00:00-04:00,49.4900016784668,49.599998474121094,49.4900016784668,49.595001220703125,30200,0.0,0.0,0.0
2022-06-03 00:00:00-04:00,49.52000045776367,49.53099822998047,49.5099983215332,49.53099822998047,3500,0.0,0.0,0.0
2022-06-06 00:00:00-04:00,49.540000915527344,49.540000915527344,49.43000030517578,49.487998962402344,18000,0.0,0.0,0.0
2022-06-07 00:00:00-04:00,49.48500061035156,49.5,49.44599914550781,49.5,3000,0.0,0.0,0.0
2022-06-08 00:00:00-04:00,49.4119987487793,49.479000091552734,49.38600158691406,49.40999984741211,7000,0.0,0.0,0.0
2022-06-09 00:00:00-04:00,49.41299819946289,49.41299819946289,49.38399887084961,49.3849983215332,2500,0.0,0.0,0.0
2022-06-10 00:00:00-04:00,49.16999816894531,49.20199966430664,49.0,49.060001373291016,11000,0.0,0.0,0.0
2022-06-13 00:00:00-04:00,48.888999938964844,48.92300033569336,48.75699996948242,48.75699996948242,6800,0.0,0.0,0.0
2022-06-14 00:00:00-04:00,48.805999755859375,48.83000183105469,48.720001220703125,48.720001220703125,5300,0.0,0.0,0.0
2022-06-15 00:00:00-04:00,48.888999938964844,48.94200134277344,48.81999969482422,48.92499923706055,9000,0.0,0.0,0.0
2022-06-16 00:00:00-04:00,48.775001525878906,48.90999984741211,48.7599983215332,48.90999984741211,17300,0.0,0.0,0.0
2022-06-17 00:00:00-04:00,48.880001068115234,48.959999084472656,48.83000183105469,48.92499923706055,11900,0.0,0.0,0.0
2022-06-21 00:00:00-04:00,48.91400146484375,48.944000244140625,48.86000061035156,48.880001068115234,6800,0.0,0.0,0.0
2022-06-22 00:00:00-04:00,48.880001068115234,48.92499923706055,48.7400016784668,48.790000915527344,58000,0.0,0.0,0.0
2022-06-23 00:00:00-04:00,49.11000061035156,49.18000030517578,48.7599983215332,49.025001525878906,124000,0.0,0.0,0.0
2022-06-24 00:00:00-04:00,49.099998474121094,49.099998474121094,48.999000549316406,49.04999923706055,23100,0.0,0.0,0.0
2022-06-27 00:00:00-04:00,48.97800064086914,49.029998779296875,48.90999984741211,48.95000076293945,35700,0.0,0.0,0.0
2022-06-28 00:00:00-04:00,48.99599838256836,48.99599838256836,48.90999984741211,48.935001373291016,6000,0.0,0.0,0.0
2022-06-29 00:00:00-04:00,49.0,49.0,48.939998626708984,48.944000244140625,5700,0.0,0.0,0.0
2022-06-30 00:00:00-04:00,48.939998626708984,49.02299880981445,48.93000030517578,48.97200012207031,12400,0.0,0.0,0.0
2022-07-01 00:00:00-04:00,49.09000015258789,49.150001525878906,49.060001373291016,49.11899948120117,44800,0.0,0.0,0.0
2022-07-05 00:00:00-04:00,49.11000061035156,49.11000061035156,49.0,49.08000183105469,30500,0.0,0.0,0.0
2022-07-06 00:00:00-04:00,49.150001525878906,49.150001525878906,49.029998779296875,49.05099868774414,22700,0.0,0.0,0.0
2022-07-07 00:00:00-04:00,49.099998474121094,49.209999084472656,49.040000915527344,49.1349983215332,405800,0.0,0.0,0.0
2022-07-08 00:00:00-04:00,49.060001373291016,49.084999084472656,49.04499816894531,49.064998626708984,11200,0.0,0.0,0.0
2022-07-11 00:00:00-04:00,49.02000045776367,49.03499984741211,49.0,49.0099983215332,10400,0.0,0.0,0.0
2022-07-12 00:00:00-04:00,49.040000915527344,49.05500030517578,48.9900016784668,48.9900016784668,7700,0.0,0.0,0.0
2022-07-13 00:00:00-04:00,48.9900016784668,49.0,48.95000076293945,48.97999954223633,7100,0.0,0.0,0.0
2022-07-14 00:00:00-04:00,48.869998931884766,48.970001220703125,48.869998931884766,48.970001220703125,11000,0.0,0.0,0.0
2022-07-15 00:00:00-04:00,48.88999938964844,48.9900016784668,48.88999938964844,48.9900016784668,7000,0.0,0.0,0.0
2022-07-18 00:00:00-04:00,48.96799850463867,49.02000045776367,48.96799850463867,48.9900016784668,10000,0.0,0.0,0.0
2022-07-19 00:00:00-04:00,49.02000045776367,49.02000045776367,48.970001220703125,49.02000045776367,51600,0.0,0.0,0.0
2022-07-20 00:00:00-04:00,48.98699951171875,49.029998779296875,48.98699951171875,49.029998779296875,11100,0.0,0.0,0.0
2022-07-21 00:00:00-04:00,48.939998626708984,49.11199951171875,48.939998626708984,49.11000061035156,22700,0.0,0.0,0.0
2022-07-22 00:00:00-04:00,49.18000030517578,49.38999938964844,49.18000030517578,49.19499969482422,3400,0.0,0.0,0.0
2022-07-25 00:00:00-04:00,49.16699981689453,49.22999954223633,49.16699981689453,49.19900131225586,2900,0.0,0.0,0.0
2022-07-26 00:00:00-04:00,49.2599983215332,49.2599983215332,49.13999938964844,49.189998626708984,10800,0.0,0.0,0.0
2022-07-27 00:00:00-04:00,49.220001220703125,49.290000915527344,49.17100143432617,49.290000915527344,14200,0.0,0.0,0.0
2022-07-28 00:00:00-04:00,49.29999923706055,49.459999084472656,49.29899978637695,49.459999084472656,213500,0.0,0.0,0.0
2022-07-29 00:00:00-04:00,49.36000061035156,49.400001525878906,49.32500076293945,49.400001525878906,13600,0.0,0.0,0.0
2022-08-01 00:00:00-04:00,49.380001068115234,49.38999938964844,49.34000015258789,49.349998474121094,13700,0.0,0.0,0.0
2022-08-02 00:00:00-04:00,49.34000015258789,49.349998474121094,49.262001037597656,49.31999969482422,18000,0.0,0.0,0.0
2022-08-03 00:00:00-04:00,49.290000915527344,49.36000061035156,49.23099899291992,49.36000061035156,7200,0.0,0.0,0.0
2022-08-04 00:00:00-04:00,49.33000183105469,49.38999938964844,49.33000183105469,49.369998931884766,7900,0.0,0.0,0.0
2022-08-05 00:00:00-04:00,49.220001220703125,49.26900100708008,49.220001220703125,49.255001068115234,3300,0.0,0.0,0.0
2022-08-08 00:00:00-04:00,49.27000045776367,49.29999923706055,49.27000045776367,49.290000915527344,2900,0.0,0.0,0.0
2022-08-09 00:00:00-04:00,49.14500045776367,49.15999984741211,49.13100051879883,49.138999938964844,6100,0.0,0.0,0.0
2022-08-10 00:00:00-04:00,49.310001373291016,49.310001373291016,49.22100067138672,49.24700164794922,4100,0.0,0.0,0.0
2022-08-11 00:00:00-04:00,49.310001373291016,49.310001373291016,49.20000076293945,49.21500015258789,8800,0.0,0.0,0.0
2022-08-12 00:00:00-04:00,49.22999954223633,49.25,49.194000244140625,49.23500061035156,6400,0.0,0.0,0.0
2022-08-15 00:00:00-04:00,49.279998779296875,49.28499984741211,49.2400016784668,49.275001525878906,4100,0.0,0.0,0.0
2022-08-16 00:00:00-04:00,49.25,49.2599983215332,49.220001220703125,49.244998931884766,14800,0.0,0.0,0.0
2022-08-17 00:00:00-04:00,49.20000076293945,49.220001220703125,49.15800094604492,49.20000076293945,27300,0.0,0.0,0.0
2022-08-18 00:00:00-04:00,49.22999954223633,49.257999420166016,49.22999954223633,49.25,2800,0.0,0.0,0.0
2022-08-19 00:00:00-04:00,49.20000076293945,49.220001220703125,49.189998626708984,49.20000076293945,16200,0.0,0.0,0.0
2022-08-22 00:00:00-04:00,49.150001525878906,49.17900085449219,49.13999938964844,49.150001525878906,6500,0.0,0.0,0.0
2022-08-23 00:00:00-04:00,49.20899963378906,49.21699905395508,49.17100143432617,49.18000030517578,7800,0.0,0.0,0.0
2022-08-24 00:00:00-04:00,49.13999938964844,49.13999938964844,49.0,49.029998779296875,45000,0.0,0.0,0.0
2022-08-25 00:00:00-04:00,49.02000045776367,49.099998474121094,49.02000045776367,49.095001220703125,10800,0.0,0.0,0.0
2022-08-26 00:00:00-04:00,49.0099983215332,49.1150016784668,49.0099983215332,49.04999923706055,12200,0.0,0.0,0.0
2022-08-29 00:00:00-04:00,49.02000045776367,49.02000045776367,49.0,49.005001068115234,18100,0.0,0.0,0.0
2022-08-30 00:00:00-04:00,49.029998779296875,49.029998779296875,48.970001220703125,48.974998474121094,5300,0.0,0.0,0.0
2022-08-31 00:00:00-04:00,48.97999954223633,49.0,48.95500183105469,48.95500183105469,11300,0.0,0.0,0.0
2022-09-01 00:00:00-04:00,48.90999984741211,48.93000030517578,48.8849983215332,48.92499923706055,9400,0.0,0.0,0.0
2022-09-02 00:00:00-04:00,49.040000915527344,49.05099868774414,48.7400016784668,48.970001220703125,39400,0.0,0.0,0.0
2022-09-06 00:00:00-04:00,48.970001220703125,48.970001220703125,48.91999816894531,48.93899917602539,9700,0.0,0.0,0.0
2022-09-07 00:00:00-04:00,48.96500015258789,49.01499938964844,48.779998779296875,49.0099983215332,9000,0.0,0.0,0.0
2022-09-08 00:00:00-04:00,48.97999954223633,49.0099983215332,48.96500015258789,49.0,7400,0.0,0.0,0.0
2022-09-09 00:00:00-04:00,48.869998931884766,48.89500045776367,48.849998474121094,48.85599899291992,15800,0.0,0.0,0.0
2022-09-12 00:00:00-04:00,48.900001525878906,48.970001220703125,48.85100173950195,48.85499954223633,19400,0.0,0.0,0.0
2022-09-13 00:00:00-04:00,48.7400016784668,48.77000045776367,48.72999954223633,48.744998931884766,11100,0.0,0.0,0.0
2022-09-14 00:00:00-04:00,48.749000549316406,48.810001373291016,48.74399948120117,48.79999923706055,33200,0.0,0.0,0.0
2022-09-15 00:00:00-04:00,48.71900177001953,48.729000091552734,48.68000030517578,48.68000030517578,6400,0.0,0.0,0.0
2022-09-16 00:00:00-04:00,48.63999938964844,48.7400016784668,48.63999938964844,48.7400016784668,14000,0.0,0.0,0.0
2022-09-19 00:00:00-04:00,48.689998626708984,48.779998779296875,48.66899871826172,48.779998779296875,20900,0.0,0.0,0.0
2022-09-20 00:00:00-04:00,48.709999084472656,48.73500061035156,48.68000030517578,48.70500183105469,45400,0.0,0.0,0.0
2022-09-21 00:00:00-04:00,48.720001220703125,48.75,48.61000061035156,48.68000030517578,21700,0.0,0.0,0.0
2022-09-22 00:00:00-04:00,48.58000183105469,48.61000061035156,48.5099983215332,48.56999969482422,14200,0.0,0.0,0.0
2022-09-23 00:00:00-04:00,48.65999984741211,48.65999984741211,48.43000030517578,48.53300094604492,30200,0.0,0.0,0.0
2022-09-26 00:00:00-04:00,48.540000915527344,48.540000915527344,48.2400016784668,48.380001068115234,28800,0.0,0.0,0.0
2022-09-27 00:00:00-04:00,48.349998474121094,48.433998107910156,48.279998779296875,48.29499816894531,24100,0.0,0.0,0.0
2022-09-28 00:00:00-04:00,48.38800048828125,48.459999084472656,48.349998474121094,48.45000076293945,11600,0.0,0.0,0.0
2022-09-29 00:00:00-04:00,48.36000061035156,48.79999923706055,48.305999755859375,48.45500183105469,337300,0.0,0.0,0.0
2022-09-30 00:00:00-04:00,48.48400115966797,48.66999816894531,48.42499923706055,48.42499923706055,31900,0.0,0.0,0.0
2022-10-03 00:00:00-04:00,48.459999084472656,48.625,48.459999084472656,48.53200149536133,20100,0.0,0.0,0.0
2022-10-04 00:00:00-04:00,48.59000015258789,48.9900016784668,48.56999969482422,48.70000076293945,407800,0.0,0.0,0.0
2022-10-05 00:00:00-04:00,48.619998931884766,48.619998931884766,48.4739990234375,48.529998779296875,19500,0.0,0.0,0.0
2022-10-06 00:00:00-04:00,48.52000045776367,48.54499816894531,48.459999084472656,48.46500015258789,43100,0.0,0.0,0.0
2022-10-07 00:00:00-04:00,48.470001220703125,48.5,48.380001068115234,48.426998138427734,46700,0.0,0.0,0.0
2022-10-10 00:00:00-04:00,48.400001525878906,48.52000045776367,48.37799835205078,48.435001373291016,48700,0.0,0.0,0.0
2022-10-11 00:00:00-04:00,48.25,48.279998779296875,48.224998474121094,48.23500061035156,12700,0.0,0.0,0.0
2022-10-12 00:00:00-04:00,48.31999969482422,48.31999969482422,48.250999450683594,48.268001556396484,19800,0.0,0.0,0.0
2022-10-13 00:00:00-04:00,48.08000183105469,48.27000045776367,48.05500030517578,48.16299819946289,36700,0.0,0.0,0.0
2022-10-14 00:00:00-04:00,48.20000076293945,48.20000076293945,48.09299850463867,48.11000061035156,13400,0.0,0.0,0.0
2022-10-17 00:00:00-04:00,48.244998931884766,48.257999420166016,48.209999084472656,48.209999084472656,10900,0.0,0.0,0.0
2022-10-18 00:00:00-04:00,48.36000061035156,48.36000061035156,48.189998626708984,48.220001220703125,25500,0.0,0.0,0.0
2022-10-19 00:00:00-04:00,48.159000396728516,48.189998626708984,48.029998779296875,48.130001068115234,55300,0.0,0.0,0.0
2022-10-20 00:00:00-04:00,48.11000061035156,48.15999984741211,48.071998596191406,48.09000015258789,9900,0.0,0.0,0.0
2022-10-21 00:00:00-04:00,48.09000015258789,48.1879997253418,48.0880012512207,48.18000030517578,13200,0.0,0.0,0.0
2022-10-24 00:00:00-04:00,48.14500045776367,48.189998626708984,48.11800003051758,48.165000915527344,18200,0.0,0.0,0.0
2022-10-25 00:00:00-04:00,48.279998779296875,48.279998779296875,48.20000076293945,48.20100021362305,45600,0.0,0.0,0.0
2022-10-26 00:00:00-04:00,48.2400016784668,48.40299987792969,48.2400016784668,48.27299880981445,73400,0.0,0.0,0.0
2022-10-27 00:00:00-04:00,48.279998779296875,48.354000091552734,48.2599983215332,48.31999969482422,30100,0.0,0.0,0.0
2022-10-28 00:00:00-04:00,48.31999969482422,48.345001220703125,48.29499816894531,48.34000015258789,31900,0.0,0.0,0.0
2022-10-31 00:00:00-04:00,48.29999923706055,48.310001373291016,48.2599983215332,48.27199935913086,22100,0.0,0.0,0.0
2022-11-01 00:00:00-04:00,48.380001068115234,48.380001068115234,48.2760009765625,48.290000915527344,9900,0.0,0.0,0.0
2022-11-02 00:00:00-04:00,48.28499984741211,48.38999938964844,48.220001220703125,48.220001220703125,13300,0.0,0.0,0.0
2022-11-03 00:00:00-04:00,48.119998931884766,48.15999984741211,48.119998931884766,48.150001525878906,11700,0.0,0.0,0.0
2022-11-04 00:00:00-04:00,48.16999816894531,48.2400016784668,48.16999816894531,48.22100067138672,10700,0.0,0.0,0.0
2022-11-07 00:00:00-05:00,48.2599983215332,48.2599983215332,48.18299865722656,48.189998626708984,16500,0.0,0.0,0.0
2022-11-08 00:00:00-05:00,48.119998931884766,48.25,48.11000061035156,48.150001525878906,26700,0.0,0.0,0.0
2022-11-09 00:00:00-05:00,48.12099838256836,48.165000915527344,48.119998931884766,48.119998931884766,22400,0.0,0.0,0.0
2022-11-10 00:00:00-05:00,48.400001525878906,48.507999420166016,48.400001525878906,48.470001220703125,21700,0.0,0.0,0.0
2022-11-11 00:00:00-05:00,48.38999938964844,48.5099983215332,48.38999938964844,48.5099983215332,16800,0.0,0.0,0.0
2022-11-14 00:00:00-05:00,48.59000015258789,48.59000015258789,48.43000030517578,48.459999084472656,40100,0.0,0.0,0.0
2022-11-15 00:00:00-05:00,48.47999954223633,48.56999969482422,48.43299865722656,48.470001220703125,30300,0.0,0.0,0.0
2022-11-16 00:00:00-05:00,48.5,48.529998779296875,48.48500061035156,48.529998779296875,39700,0.0,0.0,0.0
2022-11-17 00:00:00-05:00,48.470001220703125,48.5,48.41999816894531,48.5,42100,0.0,0.0,0.0
2022-11-18 00:00:00-05:00,48.459999084472656,48.56999969482422,48.439998626708984,48.439998626708984,29600,0.0,0.0,0.0
2022-11-21 00:00:00-05:00,48.46500015258789,48.709999084472656,48.310001373291016,48.44499969482422,234300,0.0,0.0,0.0
2022-11-22 00:00:00-05:00,48.459999084472656,48.50899887084961,48.459999084472656,48.5,12200,0.0,0.0,0.0
2022-11-23 00:00:00-05:00,48.52000045776367,48.58000183105469,48.52000045776367,48.56999969482422,9800,0.0,0.0,0.0
2022-11-25 00:00:00-05:00,48.52000045776367,48.61000061035156,48.52000045776367,48.61000061035156,10900,0.0,0.0,0.0
2022-11-28 00:00:00-05:00,48.63999938964844,48.63999938964844,48.54999923706055,48.58000183105469,24700,0.0,0.0,0.0
2022-11-29 00:00:00-05:00,48.604000091552734,48.65999984741211,48.56999969482422,48.599998474121094,96200,0.0,0.0,0.0
2022-11-30 00:00:00-05:00,48.54999923706055,48.71200180053711,48.529998779296875,48.71200180053711,31000,0.0,0.0,0.0
2022-12-01 00:00:00-05:00,48.81999969482422,48.81999969482422,48.7400016784668,48.81999969482422,40600,0.0,0.0,0.0
2022-12-02 00:00:00-05:00,48.709999084472656,48.84000015258789,48.70800018310547,48.79999923706055,40500,0.0,0.0,0.0
2022-12-05 00:00:00-05:00,48.790000915527344,48.790000915527344,48.71099853515625,48.720001220703125,15600,0.0,0.0,0.0
2022-12-06 00:00:00-05:00,48.849998474121094,48.849998474121094,48.72999954223633,48.7599983215332,15500,0.0,0.0,0.0
2022-12-07 00:00:00-05:00,48.810001373291016,48.86000061035156,48.790000915527344,48.849998474121094,425100,0.0,0.0,0.0
2022-12-08 00:00:00-05:00,48.81999969482422,48.95000076293945,48.810001373291016,48.83000183105469,111300,0.0,0.0,0.0
2022-12-09 00:00:00-05:00,48.79600143432617,48.8390007019043,48.790000915527344,48.83000183105469,18300,0.0,0.0,0.0
2022-12-12 00:00:00-05:00,48.83000183105469,48.849998474121094,48.79999923706055,48.81999969482422,26100,0.0,0.0,0.0
2022-12-13 00:00:00-05:00,49.099998474121094,49.130001068115234,48.941001892089844,48.959999084472656,77000,0.0,0.0,0.0
2022-12-14 00:00:00-05:00,49.04999923706055,49.04999923706055,48.875,48.939998626708984,37800,0.0,0.0,0.0
2022-12-15 00:00:00-05:00,49.029998779296875,49.029998779296875,48.97999954223633,48.9900016784668,67500,0.0,0.0,0.0
2022-12-16 00:00:00-05:00,48.63999938964844,48.77000045776367,48.63999938964844,48.689998626708984,22700,0.0,0.0,0.0
2022-12-19 00:00:00-05:00,48.77000045776367,48.77000045776367,48.65299987792969,48.66999816894531,41700,0.0,0.0,0.0
2022-12-20 00:00:00-05:00,48.66999816894531,48.66999816894531,48.61000061035156,48.63999938964844,53500,0.0,0.0,0.0
2022-12-21 00:00:00-05:00,48.67300033569336,48.70500183105469,48.67300033569336,48.70000076293945,25100,0.0,0.0,0.0
2022-12-22 00:00:00-05:00,48.75,48.75,48.66999816894531,48.66999816894531,175800,0.0,0.0,0.0
2022-12-23 00:00:00-05:00,48.970001220703125,48.970001220703125,48.599998474121094,48.68000030517578,302900,0.0,0.0,0.0
2022-12-27 00:00:00-05:00,48.630001068115234,48.630001068115234,48.61000061035156,48.619998931884766,27000,0.0,0.0,0.0
2022-12-28 00:00:00-05:00,48.709999084472656,48.709999084472656,48.650001525878906,48.650001525878906,93400,0.0,0.0,0.0
2022-12-29 00:00:00-05:00,48.65999984741211,48.70000076293945,48.65999984741211,48.689998626708984,106300,0.0,0.0,0.0
2022-12-30 00:00:00-05:00,48.62900161743164,48.64500045776367,48.61000061035156,48.63999938964844,56900,0.0,0.0,0.0
2023-01-03 00:00:00-05:00,48.779998779296875,48.779998779296875,48.66299819946289,48.689998626708984,107900,0.0,0.0,0.0
2023-01-04 00:00:00-05:00,48.72999954223633,48.7400016784668,48.702999114990234,48.72999954223633,23200,0.0,0.0,0.0
2023-01-05 00:00:00-05:00,48.69499969482422,48.7400016784668,48.69300079345703,48.72999954223633,21800,0.0,0.0,0.0
2023-01-06 00:00:00-05:00,48.779998779296875,48.83000183105469,48.73500061035156,48.83000183105469,55200,0.0,0.0,0.0
2023-01-09 00:00:00-05:00,48.875999450683594,48.91999816894531,48.875,48.900001525878906,21900,0.0,0.0,0.0
2023-01-10 00:00:00-05:00,48.900001525878906,48.91999816894531,48.84000015258789,48.90999984741211,66800,0.0,0.0,0.0
2023-01-11 00:00:00-05:00,48.93000030517578,48.959999084472656,48.84000015258789,48.95500183105469,76000,0.0,0.0,0.0
2023-01-12 00:00:00-05:00,49.0,49.0099983215332,48.900001525878906,49.0099983215332,117000,0.0,0.0,0.0
2023-01-13 00:00:00-05:00,49.09000015258789,49.09000015258789,48.81999969482422,48.95000076293945,222400,0.0,0.0,0.0
2023-01-17 00:00:00-05:00,48.95000076293945,49.060001373291016,48.93000030517578,48.970001220703125,73000,0.0,0.0,0.0
2023-01-18 00:00:00-05:00,49.064998626708984,49.11899948120117,49.064998626708984,49.099998474121094,9600,0.0,0.0,0.0
2023-01-19 00:00:00-05:00,49.060001373291016,49.0880012512207,49.060001373291016,49.08000183105469,6800,0.0,0.0,0.0
2023-01-20 00:00:00-05:00,49.16999816894531,49.16999816894531,49.03499984741211,49.060001373291016,24900,0.0,0.0,0.0
2023-01-23 00:00:00-05:00,49.09000015258789,49.099998474121094,49.03799819946289,49.06999969482422,14800,0.0,0.0,0.0
2023-01-24 00:00:00-05:00,49.09000015258789,49.125,49.04999923706055,49.06999969482422,68600,0.0,0.0,0.0
2023-01-25 00:00:00-05:00,49.10499954223633,49.130001068115234,49.099998474121094,49.119998931884766,60200,0.0,0.0,0.0
2023-01-26 00:00:00-05:00,49.13999938964844,49.13999938964844,49.099998474121094,49.13999938964844,11700,0.0,0.0,0.0
2023-01-27 00:00:00-05:00,49.029998779296875,49.130001068115234,49.029998779296875,49.11000061035156,10300,0.0,0.0,0.0
2023-01-30 00:00:00-05:00,49.08000183105469,49.099998474121094,48.9900016784668,49.08000183105469,66800,0.0,0.0,0.0
2023-01-31 00:00:00-05:00,49.14899826049805,49.17499923706055,49.130001068115234,49.17499923706055,22600,0.0,0.0,0.0
2023-02-01 00:00:00-05:00,49.099998474121094,49.29999923706055,49.099998474121094,49.29499816894531,32300,0.0,0.0,0.0
2023-02-02 00:00:00-05:00,49.31999969482422,49.599998474121094,49.150001525878906,49.31999969482422,187200,0.0,0.0,0.0
2023-02-03 00:00:00-05:00,49.310001373291016,49.33000183105469,49.20000076293945,49.20000076293945,26100,0.0,0.0,0.0
2023-02-06 00:00:00-05:00,49.220001220703125,49.220001220703125,49.119998931884766,49.125,28400,0.0,0.0,0.0
2023-02-07 00:00:00-05:00,49.13999938964844,49.209999084472656,49.130001068115234,49.15999984741211,20700,0.0,0.0,0.0
2023-02-08 00:00:00-05:00,49.0099983215332,49.15999984741211,49.0099983215332,49.150001525878906,18400,0.0,0.0,0.0
2023-02-09 00:00:00-05:00,49.209999084472656,49.439998626708984,49.16999816894531,49.220001220703125,92800,0.0,0.0,0.0
2023-02-10 00:00:00-05:00,49.09000015258789,49.09000015258789,49.040000915527344,49.040000915527344,12800,0.0,0.0,0.0
2023-02-13 00:00:00-05:00,49.0,49.02799987792969,48.99399948120117,49.025001525878906,21900,0.0,0.0,0.0
2023-02-14 00:00:00-05:00,49.0099983215332,49.025001525878906,48.957000732421875,48.97999954223633,21100,0.0,0.0,0.0
2023-02-15 00:00:00-05:00,48.970001220703125,48.9900016784668,48.95500183105469,48.97999954223633,42400,0.0,0.0,0.0
2023-02-16 00:00:00-05:00,48.9900016784668,49.0099983215332,48.93000030517578,48.959999084472656,23500,0.0,0.0,0.0
2023-02-17 00:00:00-05:00,48.900001525878906,48.959999084472656,48.900001525878906,48.959999084472656,36600,0.0,0.0,0.0
2023-02-21 00:00:00-05:00,49.02000045776367,49.02000045776367,48.849998474121094,48.875,32400,0.0,0.0,0.0
2023-02-22 00:00:00-05:00,48.93000030517578,48.970001220703125,48.88999938964844,48.90999984741211,22800,0.0,0.0,0.0
2023-02-23 00:00:00-05:00,48.959999084472656,48.9900016784668,48.93000030517578,48.97999954223633,39600,0.0,0.0,0.0
2023-02-24 00:00:00-05:00,48.86000061035156,48.87900161743164,48.85100173950195,48.86000061035156,12200,0.0,0.0,0.0
2023-02-27 00:00:00-05:00,48.86000061035156,48.88999938964844,48.86000061035156,48.88999938964844,14600,0.0,0.0,0.0
2023-02-28 00:00:00-05:00,48.95000076293945,48.95000076293945,48.888999938964844,48.91999816894531,38700,0.0,0.0,0.0
2023-03-01 00:00:00-05:00,48.88999938964844,48.89899826049805,48.849998474121094,48.86000061035156,108800,0.0,0.0,0.0
2023-03-02 00:00:00-05:00,48.83000183105469,48.880001068115234,48.83000183105469,48.880001068115234,20400,0.0,0.0,0.0
2023-03-03 00:00:00-05:00,49.0,49.03499984741211,48.900001525878906,48.95000076293945,95400,0.0,0.0,0.0
2023-03-06 00:00:00-05:00,48.95000076293945,48.970001220703125,48.91999816894531,48.91999816894531,12500,0.0,0.0,0.0
2023-03-07 00:00:00-05:00,49.02000045776367,49.18000030517578,48.849998474121094,48.869998931884766,46400,0.0,0.0,0.0
2023-03-08 00:00:00-05:00,48.91999816894531,48.91999816894531,48.81999969482422,48.849998474121094,31600,0.0,0.0,0.0
2023-03-09 00:00:00-05:00,48.880001068115234,48.939998626708984,48.880001068115234,48.93000030517578,36000,0.0,0.0,0.0
2023-03-10 00:00:00-05:00,48.93000030517578,48.93000030517578,48.82600021362305,48.89400100708008,19600,0.0,0.0,0.0
2023-03-13 00:00:00-04:00,49.04999923706055,49.09000015258789,48.959999084472656,48.97999954223633,16100,0.0,0.0,0.0
2023-03-14 00:00:00-04:00,48.91999816894531,48.91999816894531,48.790000915527344,48.880001068115234,13700,0.0,0.0,0.0
2023-03-15 00:00:00-04:00,49.02000045776367,49.470001220703125,48.814998626708984,48.900001525878906,222900,0.0,0.0,0.0
2023-03-16 00:00:00-04:00,48.880001068115234,48.970001220703125,48.80500030517578,48.86000061035156,69200,0.0,0.0,0.0
2023-03-17 00:00:00-04:00,48.880001068115234,48.95600128173828,48.849998474121094,48.91999816894531,31800,0.0,0.0,0.0
2023-03-20 00:00:00-04:00,49.08000183105469,49.08000183105469,48.77899932861328,48.810001373291016,18900,0.0,0.0,0.0
2023-03-21 00:00:00-04:00,48.779998779296875,49.2599983215332,48.7760009765625,48.81999969482422,40600,0.0,0.0,0.0
2023-03-22 00:00:00-04:00,48.900001525878906,49.099998474121094,48.810001373291016,49.099998474121094,46200,0.0,0.0,0.0
2023-03-23 00:00:00-04:00,49.060001373291016,49.08000183105469,49.0099983215332,49.08000183105469,25500,0.0,0.0,0.0
2023-03-24 00:00:00-04:00,49.04999923706055,49.06999969482422,49.0099983215332,49.040000915527344,27100,0.0,0.0,0.0
2023-03-27 00:00:00-04:00,48.90999984741211,48.93000030517578,48.875999450683594,48.880001068115234,35900,0.0,0.0,0.0
2023-03-28 00:00:00-04:00,48.869998931884766,48.869998931884766,48.821998596191406,48.849998474121094,15100,0.0,0.0,0.0
2023-03-29 00:00:00-04:00,48.91299819946289,48.94499969482422,48.900001525878906,48.91999816894531,13700,0.0,0.0,0.0
2023-03-30 00:00:00-04:00,49.0,49.0,48.893001556396484,48.939998626708984,46100,0.0,0.0,0.0
2023-03-31 00:00:00-04:00,49.02000045776367,49.04999923706055,48.94599914550781,49.04999923706055,26000,0.0,0.0,0.0
2023-04-03 00:00:00-04:00,49.02000045776367,49.119998931884766,49.02000045776367,49.119998931884766,36000,0.0,0.0,0.0
2023-04-04 00:00:00-04:00,49.09000015258789,49.196998596191406,49.09000015258789,49.189998626708984,20300,0.0,0.0,0.0
2023-04-05 00:00:00-04:00,49.2400016784668,49.24800109863281,49.189998626708984,49.20000076293945,34000,0.0,0.0,0.0
2023-04-06 00:00:00-04:00,49.15999984741211,49.189998626708984,49.15999984741211,49.15999984741211,21900,0.0,0.0,0.0
2023-04-10 00:00:00-04:00,49.119998931884766,49.130001068115234,49.060001373291016,49.130001068115234,13800,0.0,0.0,0.0
2023-04-11 00:00:00-04:00,48.959999084472656,48.9900016784668,48.93000030517578,48.9900016784668,41100,0.0,0.0,0.0
2023-04-12 00:00:00-04:00,48.970001220703125,49.053001403808594,48.970001220703125,49.040000915527344,29900,0.0,0.0,0.0
2023-04-13 00:00:00-04:00,49.09000015258789,49.17499923706055,49.06999969482422,49.099998474121094,24300,0.0,0.0,0.0
2023-04-14 00:00:00-04:00,49.099998474121094,49.099998474121094,48.9900016784668,49.029998779296875,46000,0.0,0.0,0.0
2023-04-17 00:00:00-04:00,49.09000015258789,49.09000015258789,48.959999084472656,48.9900016784668,10900,0.0,0.0,0.0
2023-04-18 00:00:00-04:00,49.0,49.005001068115234,48.97999954223633,48.994998931884766,20900,0.0,0.0,0.0
2023-04-19 00:00:00-04:00,48.97999954223633,49.0,48.970001220703125,49.0,18300,0.0,0.0,0.0
2023-04-20 00:00:00-04:00,49.073001861572266,49.11000061035156,49.060001373291016,49.11000061035156,25600,0.0,0.0,0.0
2023-04-21 00:00:00-04:00,49.130001068115234,49.130001068115234,49.08000183105469,49.11000061035156,45600,0.0,0.0,0.0
2023-04-24 00:00:00-04:00,49.099998474121094,49.13999938964844,49.099998474121094,49.119998931884766,35500,0.0,0.0,0.0
2023-04-25 00:00:00-04:00,49.18000030517578,49.2599983215332,49.18000030517578,49.2599983215332,40200,0.0,0.0,0.0
2023-04-26 00:00:00-04:00,49.2599983215332,49.263999938964844,49.154998779296875,49.2400016784668,36300,0.0,0.0,0.0
2023-04-27 00:00:00-04:00,49.220001220703125,49.220001220703125,49.17499923706055,49.20000076293945,19200,0.0,0.0,0.0
2023-04-28 00:00:00-04:00,49.27000045776367,49.33000183105469,49.198001861572266,49.25,13100,0.0,0.0,0.0
2023-05-01 00:00:00-04:00,49.33000183105469,49.33000183105469,49.16299819946289,49.16999816894531,15100,0.0,0.0,0.0
2023-05-02 00:00:00-04:00,49.2599983215332,49.26499938964844,49.16999816894531,49.2400016784668,9600,0.0,0.0,0.0
2023-05-03 00:00:00-04:00,49.33000183105469,49.34000015258789,49.290000915527344,49.34000015258789,15700,0.0,0.0,0.0
2023-05-04 00:00:00-04:00,49.27000045776367,49.43000030517578,49.27000045776367,49.29999923706055,86300,0.0,0.0,0.0
2023-05-05 00:00:00-04:00,49.185001373291016,49.33000183105469,49.1609992980957,49.220001220703125,118400,0.0,0.0,0.0
2023-05-08 00:00:00-04:00,49.060001373291016,49.20000076293945,49.04999923706055,49.09000015258789,77300,0.0,0.0,0.0
2023-05-09 00:00:00-04:00,49.09000015258789,49.099998474121094,49.09000015258789,49.099998474121094,45300,0.0,0.0,0.0
2023-05-10 00:00:00-04:00,48.95000076293945,49.0,48.95000076293945,48.970001220703125,41000,0.0,0.0,0.0
2023-05-11 00:00:00-04:00,49.060001373291016,49.060001373291016,48.78099822998047,48.900001525878906,238500,0.0,0.0,0.0
2023-05-12 00:00:00-04:00,48.93000030517578,48.935001373291016,48.810001373291016,48.849998474121094,54700,0.0,0.0,0.0
2023-05-15 00:00:00-04:00,49.02000045776367,49.02000045776367,48.834999084472656,48.880001068115234,51000,0.0,0.0,0.0
2023-05-16 00:00:00-04:00,48.880001068115234,48.880001068115234,48.78499984741211,48.83000183105469,47300,0.0,0.0,0.0
2023-05-17 00:00:00-04:00,48.77000045776367,48.90999984741211,48.750999450683594,48.880001068115234,603200,0.0,0.0,0.0
2023-05-18 00:00:00-04:00,48.9900016784668,48.9900016784668,48.790000915527344,48.81999969482422,94100,0.0,0.0,0.0
2023-05-19 00:00:00-04:00,48.83000183105469,48.8380012512207,48.7599983215332,48.81999969482422,45800,0.0,0.0,0.0
2023-05-22 00:00:00-04:00,48.86000061035156,48.88999938964844,48.810001373291016,48.88999938964844,27700,0.0,0.0,0.0
2023-05-23 00:00:00-04:00,48.849998474121094,48.869998931884766,48.81999969482422,48.869998931884766,15000,0.0,0.0,0.0
2023-05-24 00:00:00-04:00,48.86800003051758,48.869998931884766,48.81999969482422,48.869998931884766,62400,0.0,0.0,0.0
2023-05-25 00:00:00-04:00,48.81999969482422,48.84000015258789,48.77000045776367,48.77000045776367,26500,0.0,0.0,0.0
2023-05-26 00:00:00-04:00,48.7599983215332,48.84000015258789,48.7400016784668,48.84000015258789,31600,0.0,0.0,0.0
2023-05-30 00:00:00-04:00,48.849998474121094,48.900001525878906,48.8380012512207,48.900001525878906,38800,0.0,0.0,0.0
2023-05-31 00:00:00-04:00,48.970001220703125,49.02000045776367,48.93000030517578,48.9900016784668,74100,0.0,0.0,0.0
2023-06-01 00:00:00-04:00,48.95000076293945,49.02299880981445,48.95000076293945,49.02000045776367,26600,0.0,0.0,0.0
2023-06-02 00:00:00-04:00,49.040000915527344,49.040000915527344,48.939998626708984,48.95000076293945,109400,0.0,0.0,0.0
2023-06-05 00:00:00-04:00,49.02000045776367,49.02000045776367,48.90999984741211,48.970001220703125,35300,0.0,0.0,0.0
2023-06-06 00:00:00-04:00,48.9900016784668,49.0,48.94499969482422,48.970001220703125,13700,0.0,0.0,0.0
2023-06-07 00:00:00-04:00,48.90999984741211,48.970001220703125,48.90999984741211,48.970001220703125,42000,0.0,0.0,0.0
2023-06-08 00:00:00-04:00,49.060001373291016,49.060001373291016,48.98500061035156,49.0099983215332,219500,0.0,0.0,0.0
2023-06-09 00:00:00-04:00,48.77000045776367,48.81999969482422,48.77000045776367,48.81999969482422,24300,0.0,0.0,0.0
2023-06-12 00:00:00-04:00,48.869998931884766,48.869998931884766,48.814998626708984,48.849998474121094,24300,0.0,0.0,0.0
2023-06-13 00:00:00-04:00,48.92499923706055,48.92499923706055,48.750999450683594,48.779998779296875,76400,0.0,0.0,0.0
2023-06-14 00:00:00-04:00,48.79999923706055,48.810001373291016,48.66999816894531,48.77000045776367,25300,0.0,0.0,0.0
2023-06-15 00:00:00-04:00,48.819000244140625,48.86000061035156,48.819000244140625,48.84000015258789,30200,0.0,0.0,0.0
2023-06-16 00:00:00-04:00,48.790000915527344,48.790000915527344,48.7400016784668,48.77000045776367,21400,0.0,0.0,0.0
2023-06-20 00:00:00-04:00,48.900001525878906,48.900001525878906,48.821998596191406,48.84000015258789,21200,0.0,0.0,0.0
2023-06-21 00:00:00-04:00,48.83000183105469,48.83000183105469,48.790000915527344,48.81999969482422,54900,0.0,0.0,0.0
2023-06-22 00:00:00-04:00,48.83000183105469,48.849998474121094,48.790000915527344,48.81999969482422,19000,0.0,0.0,0.0
2023-06-23 00:00:00-04:00,48.84000015258789,48.875,48.810001373291016,48.84000015258789,28500,0.0,0.0,0.0
2023-06-26 00:00:00-04:00,48.83000183105469,48.869998931884766,48.83000183105469,48.869998931884766,40000,0.0,0.0,0.0
2023-06-27 00:00:00-04:00,48.86000061035156,48.88999938964844,48.81399917602539,48.83000183105469,54700,0.0,0.0,0.0
2023-06-28 00:00:00-04:00,48.900001525878906,48.900001525878906,48.86000061035156,48.88999938964844,19500,0.0,0.0,0.0
2023-06-29 00:00:00-04:00,48.880001068115234,48.880001068115234,48.810001373291016,48.83000183105469,33200,0.0,0.0,0.0
2023-06-30 00:00:00-04:00,48.880001068115234,48.88999938964844,48.83000183105469,48.880001068115234,21300,0.0,0.0,0.0
2023-07-03 00:00:00-04:00,48.970001220703125,48.970001220703125,48.83000183105469,48.849998474121094,9000,0.0,0.0,0.0
2023-07-05 00:00:00-04:00,48.849998474121094,48.869998931884766,48.810001373291016,48.869998931884766,127600,0.0,0.0,0.0
2023-07-06 00:00:00-04:00,48.7400016784668,48.79800033569336,48.7400016784668,48.77000045776367,14600,0.0,0.0,0.0
2023-07-07 00:00:00-04:00,48.779998779296875,48.84000015258789,48.779998779296875,48.810001373291016,22500,0.0,0.0,0.0
2023-07-10 00:00:00-04:00,48.63999938964844,48.689998626708984,48.63600158691406,48.689998626708984,25900,0.0,0.0,0.0
2023-07-11 00:00:00-04:00,48.709999084472656,48.72999954223633,48.709999084472656,48.72999954223633,21600,0.0,0.0,0.0
2023-07-12 00:00:00-04:00,48.86000061035156,48.939998626708984,48.849998474121094,48.939998626708984,26600,0.0,0.0,0.0
2023-07-13 00:00:00-04:00,48.959999084472656,49.209999084472656,48.959999084472656,49.209999084472656,68900,0.0,0.0,0.0
2023-07-14 00:00:00-04:00,48.92399978637695,48.92399978637695,48.86000061035156,48.880001068115234,38100,0.0,0.0,0.0
2023-07-17 00:00:00-04:00,48.84000015258789,48.900001525878906,48.84000015258789,48.88999938964844,31600,0.0,0.0,0.0
2023-07-18 00:00:00-04:00,48.939998626708984,48.970001220703125,48.939998626708984,48.970001220703125,24000,0.0,0.0,0.0
2023-07-19 00:00:00-04:00,48.970001220703125,48.9900016784668,48.95000076293945,48.9900016784668,26400,0.0,0.0,0.0
2023-07-20 00:00:00-04:00,48.95000076293945,48.95000076293945,48.91999816894531,48.939998626708984,10100,0.0,0.0,0.0
2023-07-21 00:00:00-04:00,49.029998779296875,49.029998779296875,48.939998626708984,49.0,21000,0.0,0.0,0.0
2023-07-24 00:00:00-04:00,48.90999984741211,49.02000045776367,48.90999984741211,49.02000045776367,19000,0.0,0.0,0.0
2023-07-25 00:00:00-04:00,48.86000061035156,48.95000076293945,48.86000061035156,48.95000076293945,15100,0.0,0.0,0.0
2023-07-26 00:00:00-04:00,48.97999954223633,49.029998779296875,48.959999084472656,49.029998779296875,12100,0.0,0.0,0.0
2023-07-27 00:00:00-04:00,48.93000030517578,49.01900100708008,48.93000030517578,48.959999084472656,17100,0.0,0.0,0.0
2023-07-28 00:00:00-04:00,49.0,49.06999969482422,49.0,49.06999969482422,50200,0.0,0.0,0.0
2023-07-31 00:00:00-04:00,49.11000061035156,49.11000061035156,49.02000045776367,49.11000061035156,77500,0.0,0.0,0.0
2023-08-01 00:00:00-04:00,49.099998474121094,49.099998474121094,49.03300094604492,49.084999084472656,54100,0.0,0.0,0.0
2023-08-02 00:00:00-04:00,49.029998779296875,49.099998474121094,49.029998779296875,49.08000183105469,139300,0.0,0.0,0.0
2023-08-03 00:00:00-04:00,48.95000076293945,49.08000183105469,48.95000076293945,49.060001373291016,14300,0.0,0.0,0.0
2023-08-04 00:00:00-04:00,49.099998474121094,49.25,48.959999084472656,49.25,134600,0.0,0.0,0.0
2023-08-07 00:00:00-04:00,49.279998779296875,49.290000915527344,49.20000076293945,49.290000915527344,23700,0.0,0.0,0.0
2023-08-08 00:00:00-04:00,48.97999954223633,49.06999969482422,48.974998474121094,49.06999969482422,21700,0.0,0.0,0.0
2023-08-09 00:00:00-04:00,48.959999084472656,49.0099983215332,48.959999084472656,48.9900016784668,53300,0.0,0.0,0.0
2023-08-10 00:00:00-04:00,49.04999923706055,49.04999923706055,48.959999084472656,48.970001220703125,31400,0.0,0.0,0.0
2023-08-11 00:00:00-04:00,48.90800094604492,48.93000030517578,48.880001068115234,48.93000030517578,108200,0.0,0.0,0.0
2023-08-14 00:00:00-04:00,48.869998931884766,48.90999984741211,48.869998931884766,48.900001525878906,18200,0.0,0.0,0.0
2023-08-15 00:00:00-04:00,48.86000061035156,48.93000030517578,48.86000061035156,48.900001525878906,20400,0.0,0.0,0.0
2023-08-16 00:00:00-04:00,48.926998138427734,49.0099983215332,48.849998474121094,48.880001068115234,68900,0.0,0.0,0.0
2023-08-17 00:00:00-04:00,48.88999938964844,48.97999954223633,48.8489990234375,48.91999816894531,34200,0.0,0.0,0.0
2023-08-18 00:00:00-04:00,48.880001068115234,48.970001220703125,48.880001068115234,48.91999816894531,98100,0.0,0.0,0.0
2023-08-21 00:00:00-04:00,48.869998931884766,48.93000030517578,48.84000015258789,48.93000030517578,148000,0.0,0.0,0.0
2023-08-22 00:00:00-04:00,48.88999938964844,48.88999938964844,48.84000015258789,48.86000061035156,54600,0.0,0.0,0.0
2023-08-23 00:00:00-04:00,48.959999084472656,48.97999954223633,48.93000030517578,48.970001220703125,30600,0.0,0.0,0.0
2023-08-24 00:00:00-04:00,48.939998626708984,49.0,48.91999816894531,49.0,45100,0.0,0.0,0.0
2023-08-25 00:00:00-04:00,49.040000915527344,49.130001068115234,48.880001068115234,49.130001068115234,28700,0.0,0.0,0.0
2023-08-28 00:00:00-04:00,48.97999954223633,49.02000045776367,48.90999984741211,49.02000045776367,26600,0.0,0.0,0.0
2023-08-29 00:00:00-04:00,48.95000076293945,49.15999984741211,48.939998626708984,49.15999984741211,22500,0.0,0.0,0.0
2023-08-30 00:00:00-04:00,49.099998474121094,49.279998779296875,49.04999923706055,49.279998779296875,68000,0.0,0.0,0.0
2023-08-31 00:00:00-04:00,49.16999816894531,49.16999816894531,49.06999969482422,49.11000061035156,26700,0.0,0.0,0.0
2023-09-01 00:00:00-04:00,49.16999816894531,49.16999816894531,49.04999923706055,49.08000183105469,14800,0.0,0.0,0.0
2023-09-05 00:00:00-04:00,48.9900016784668,49.040000915527344,48.9900016784668,49.0099983215332,15700,0.0,0.0,0.0
2023-09-06 00:00:00-04:00,48.88999938964844,49.09000015258789,48.77000045776367,49.09000015258789,36600,0.0,0.0,0.0
2023-09-07 00:00:00-04:00,48.81999969482422,48.95000076293945,48.810001373291016,48.95000076293945,142000,0.0,0.0,0.0
2023-09-08 00:00:00-04:00,48.90999984741211,48.90999984741211,48.790000915527344,48.79999923706055,34000,0.0,0.0,0.0
2023-09-11 00:00:00-04:00,48.84000015258789,48.849998474121094,48.790000915527344,48.83000183105469,138200,0.0,0.0,0.0
2023-09-12 00:00:00-04:00,48.81999969482422,48.869998931884766,48.79999923706055,48.869998931884766,32900,0.0,0.0,0.0
2023-09-13 00:00:00-04:00,48.86000061035156,48.93000030517578,48.86000061035156,48.91999816894531,39100,0.0,0.0,0.0
2023-09-14 00:00:00-04:00,48.95000076293945,48.970001220703125,48.92599868774414,48.95000076293945,53500,0.0,0.0,0.0
2023-09-15 00:00:00-04:00,48.909000396728516,48.95000076293945,48.88999938964844,48.95000076293945,114900,0.0,0.0,0.0
2023-09-18 00:00:00-04:00,48.97999954223633,48.97999954223633,48.88999938964844,48.93000030517578,20300,0.0,0.0,0.0
2023-09-19 00:00:00-04:00,48.900001525878906,48.928001403808594,48.900001525878906,48.915000915527344,27700,0.0,0.0,0.0
2023-09-20 00:00:00-04:00,48.93000030517578,48.95000076293945,48.880001068115234,48.88999938964844,36800,0.0,0.0,0.0
2023-09-21 00:00:00-04:00,48.869998931884766,48.869998931884766,48.83000183105469,48.84000015258789,16900,0.0,0.0,0.0
2023-09-22 00:00:00-04:00,48.95000076293945,49.029998779296875,48.880001068115234,49.029998779296875,39800,0.0,0.0,0.0
2023-09-25 00:00:00-04:00,48.900001525878906,48.959999084472656,48.88999938964844,48.959999084472656,22600,0.0,0.0,0.0
2023-09-26 00:00:00-04:00,48.91999816894531,48.93000030517578,48.849998474121094,48.91999816894531,39200,0.0,0.0,0.0
2023-09-27 00:00:00-04:00,48.83000183105469,49.0099983215332,48.81999969482422,48.845001220703125,56500,0.0,0.0,0.0
2023-09-28 00:00:00-04:00,48.86000061035156,48.959999084472656,48.86000061035156,48.939998626708984,98500,0.0,0.0,0.0
2023-09-29 00:00:00-04:00,48.959999084472656,48.97999954223633,48.88999938964844,48.91999816894531,39500,0.0,0.0,0.0
2023-10-02 00:00:00-04:00,48.849998474121094,48.97999954223633,48.81100082397461,48.84000015258789,50700,0.0,0.0,0.0
2023-10-03 00:00:00-04:00,48.8489990234375,48.849998474121094,48.7400016784668,48.779998779296875,145200,0.0,0.0,0.0
2023-10-04 00:00:00-04:00,48.81999969482422,48.88999938964844,48.709999084472656,48.84000015258789,168900,0.0,0.0,0.0
2023-10-05 00:00:00-04:00,48.88999938964844,48.88999938964844,48.81999969482422,48.880001068115234,68100,0.0,0.0,0.0
2023-10-06 00:00:00-04:00,48.79999923706055,48.81999969482422,48.7599983215332,48.790000915527344,26700,0.0,0.0,0.0
2023-10-09 00:00:00-04:00,48.84000015258789,49.018001556396484,48.790000915527344,48.93000030517578,166400,0.0,0.0,0.0
2023-10-10 00:00:00-04:00,49.029998779296875,49.029998779296875,48.869998931884766,48.93000030517578,56300,0.0,0.0,0.0
2023-10-11 00:00:00-04:00,48.959999084472656,48.959999084472656,48.66999816894531,48.7400016784668,27400,0.0,0.0,0.0
2023-10-12 00:00:00-04:00,48.77000045776367,48.77000045776367,48.5,48.560001373291016,805000,0.0,0.0,0.0
2023-10-13 00:00:00-04:00,48.689998626708984,48.689998626708984,48.540000915527344,48.61000061035156,298500,0.0,0.0,0.0
2023-10-16 00:00:00-04:00,48.5099983215332,48.60599899291992,48.5099983215332,48.56999969482422,30500,0.0,0.0,0.0
2023-10-17 00:00:00-04:00,48.58000183105469,48.58000183105469,48.400001525878906,48.439998626708984,71400,0.0,0.0,0.0
2023-10-18 00:00:00-04:00,48.400001525878906,48.459999084472656,48.369998931884766,48.369998931884766,34000,0.0,0.0,0.0
2023-10-19 00:00:00-04:00,48.38999938964844,48.529998779296875,48.38999938964844,48.529998779296875,69300,0.0,0.0,0.0
2023-10-20 00:00:00-04:00,48.459999084472656,48.529998779296875,48.439998626708984,48.529998779296875,33200,0.0,0.0,0.0
2023-10-23 00:00:00-04:00,48.45000076293945,48.529998779296875,48.435001373291016,48.529998779296875,26700,0.0,0.0,0.0
2023-10-24 00:00:00-04:00,48.61000061035156,48.61000061035156,48.459999084472656,48.4900016784668,58200,0.0,0.0,0.0
2023-10-25 00:00:00-04:00,48.470001220703125,48.47999954223633,48.41999816894531,48.43000030517578,37800,0.0,0.0,0.0
2023-10-26 00:00:00-04:00,48.5,48.54999923706055,48.47999954223633,48.54999923706055,91300,0.0,0.0,0.0
2023-10-27 00:00:00-04:00,48.560001373291016,48.560001373291016,48.513999938964844,48.540000915527344,31800,0.0,0.0,0.0
2023-10-30 00:00:00-04:00,48.54999923706055,48.560001373291016,48.52000045776367,48.54999923706055,25800,0.0,0.0,0.0
2023-10-31 00:00:00-04:00,48.54999923706055,48.560001373291016,48.5099983215332,48.560001373291016,54900,0.0,0.0,0.0
2023-11-01 00:00:00-04:00,48.650001525878906,48.68000030517578,48.55099868774414,48.66999816894531,47400,0.0,0.0,0.0
2023-11-02 00:00:00-04:00,48.72999954223633,48.75899887084961,48.70000076293945,48.73500061035156,97500,0.0,0.0,0.0
2023-11-03 00:00:00-04:00,48.79999923706055,48.90999984741211,48.78099822998047,48.904998779296875,117100,0.0,0.0,0.0
2023-11-06 00:00:00-05:00,48.900001525878906,48.900001525878906,48.79999923706055,48.84000015258789,32500,0.0,0.0,0.0
2023-11-07 00:00:00-05:00,48.91999816894531,48.93000030517578,48.86000061035156,48.900001525878906,24700,0.0,0.0,0.0
2023-11-08 00:00:00-05:00,48.65999984741211,48.709999084472656,48.65999984741211,48.69499969482422,26000,0.0,0.0,0.0
2023-11-09 00:00:00-05:00,48.68600082397461,48.70000076293945,48.617000579833984,48.64500045776367,81800,0.0,0.0,0.0
2023-11-10 00:00:00-05:00,48.7400016784668,48.7400016784668,48.63999938964844,48.65999984741211,28700,0.0,0.0,0.0
2023-11-13 00:00:00-05:00,48.619998931884766,48.709999084472656,48.619998931884766,48.68000030517578,64200,0.0,0.0,0.0
2023-11-14 00:00:00-05:00,48.810001373291016,48.88999938964844,48.810001373291016,48.8849983215332,89400,0.0,0.0,0.0
2023-11-15 00:00:00-05:00,48.790000915527344,48.81999969482422,48.75,48.79999923706055,49800,0.0,0.0,0.0
2023-11-16 00:00:00-05:00,49.0,49.0,48.84000015258789,48.880001068115234,67600,0.0,0.0,0.0
2023-11-17 00:00:00-05:00,48.869998931884766,48.880001068115234,48.83000183105469,48.869998931884766,37400,0.0,0.0,0.0
2023-11-20 00:00:00-05:00,48.900001525878906,48.92499923706055,48.869998931884766,48.91999816894531,25300,0.0,0.0,0.0
2023-11-21 00:00:00-05:00,48.939998626708984,48.939998626708984,48.900001525878906,48.900001525878906,43900,0.0,0.0,0.0
2023-11-22 00:00:00-05:00,48.97999954223633,48.97999954223633,48.900001525878906,48.939998626708984,111500,0.0,0.0,0.0
2023-11-24 00:00:00-05:00,48.939998626708984,48.95000076293945,48.90999984741211,48.95000076293945,114900,0.0,0.0,0.0
2023-11-27 00:00:00-05:00,49.0,49.08000183105469,48.939998626708984,49.08000183105469,52700,0.0,0.0,0.0
2023-11-28 00:00:00-05:00,49.11000061035156,49.13999938964844,49.02000045776367,49.09000015258789,27600,0.0,0.0,0.0
2023-11-29 00:00:00-05:00,49.15999984741211,49.20000076293945,49.154998779296875,49.15999984741211,99700,0.0,0.0,0.0
2023-11-30 00:00:00-05:00,49.18000030517578,49.189998626708984,49.130001068115234,49.18000030517578,86400,0.0,0.0,0.0
2023-12-01 00:00:00-05:00,49.20000076293945,49.349998474121094,49.20000076293945,49.349998474121094,47000,0.0,0.0,0.0
2023-12-04 00:00:00-05:00,49.279998779296875,49.28799819946289,49.220001220703125,49.2400016784668,100700,0.0,0.0,0.0
2023-12-05 00:00:00-05:00,49.29999923706055,49.3650016784668,49.29999923706055,49.34000015258789,98200,0.0,0.0,0.0
2023-12-06 00:00:00-05:00,49.369998931884766,49.38999938964844,49.33000183105469,49.38999938964844,118000,0.0,0.0,0.0
2023-12-07 00:00:00-05:00,49.400001525878906,49.5099983215332,49.38999938964844,49.5099983215332,37000,0.0,0.0,0.0
2023-12-08 00:00:00-05:00,49.31999969482422,49.349998474121094,49.28099822998047,49.33000183105469,52900,0.0,0.0,0.0
2023-12-11 00:00:00-05:00,49.34000015258789,49.34000015258789,49.27000045776367,49.33000183105469,34400,0.0,0.0,0.0
2023-12-12 00:00:00-05:00,49.31999969482422,49.349998474121094,49.310001373291016,49.34000015258789,41400,0.0,0.0,0.0
2023-12-13 00:00:00-05:00,49.40800094604492,49.560001373291016,49.099998474121094,49.560001373291016,85300,0.0,0.0,0.0
2023-12-14 00:00:00-05:00,49.68000030517578,49.749000549316406,49.68000030517578,49.720001220703125,82400,0.0,0.0,0.0
2023-12-15 00:00:00-05:00,49.66999816894531,49.685001373291016,49.62900161743164,49.650001525878906,74800,0.0,0.0,0.0
2023-12-18 00:00:00-05:00,49.34000015258789,49.34000015258789,49.25,49.33000183105469,103000,0.0,0.0,0.0
2023-12-19 00:00:00-05:00,49.35900115966797,49.369998931884766,49.34400177001953,49.349998474121094,40900,0.0,0.0,0.0
2023-12-20 00:00:00-05:00,49.41999816894531,49.5,49.38199996948242,49.439998626708984,214100,0.0,0.0,0.0
2023-12-21 00:00:00-05:00,49.58000183105469,49.58000183105469,49.45000076293945,49.47999954223633,32600,0.0,0.0,0.0
2023-12-22 00:00:00-05:00,49.52000045776367,49.52000045776367,49.459999084472656,49.5099983215332,26500,0.0,0.0,0.0
2023-12-26 00:00:00-05:00,49.47999954223633,49.494998931884766,49.45000076293945,49.47999954223633,24600,0.0,0.0,0.0
2023-12-27 00:00:00-05:00,49.54999923706055,49.59000015258789,49.513999938964844,49.59000015258789,26100,0.0,0.0,0.0
2023-12-28 00:00:00-05:00,49.54999923706055,49.599998474121094,49.529998779296875,49.58000183105469,26700,0.0,0.0,0.0
2023-12-29 00:00:00-05:00,49.560001373291016,49.59000015258789,49.540000915527344,49.59000015258789,31800,0.0,0.0,0.0
2024-01-02 00:00:00-05:00,49.52000045776367,49.52000045776367,49.29999923706055,49.439998626708984,65700,0.0,0.0,0.0
2024-01-03 00:00:00-05:00,49.459999084472656,49.470001220703125,49.400001525878906,49.459999084472656,34000,0.0,0.0,0.0
2024-01-04 00:00:00-05:00,49.459999084472656,49.470001220703125,49.433998107910156,49.45000076293945,32200,0.0,0.0,0.0
2024-01-05 00:00:00-05:00,49.41999816894531,49.499000549316406,49.40999984741211,49.439998626708984,21700,0.0,0.0,0.0
2024-01-08 00:00:00-05:00,49.43000030517578,49.51499938964844,49.43000030517578,49.5,30600,0.0,0.0,0.0
2024-01-09 00:00:00-05:00,49.400001525878906,49.51300048828125,49.400001525878906,49.5,67600,0.0,0.0,0.0
2024-01-10 00:00:00-05:00,49.54999923706055,49.54999923706055,49.5099983215332,49.52000045776367,30200,0.0,0.0,0.0
2024-01-11 00:00:00-05:00,49.439998626708984,49.54999923706055,49.439998626708984,49.54999923706055,24300,0.0,0.0,0.0
2024-01-12 00:00:00-05:00,49.56999969482422,49.62900161743164,49.56999969482422,49.619998931884766,24000,0.0,0.0,0.0
2024-01-16 00:00:00-05:00,49.63999938964844,49.63999938964844,49.52199935913086,49.599998474121094,40400,0.0,0.0,0.0
2024-01-17 00:00:00-05:00,49.54999923706055,49.54999923706055,49.47999954223633,49.540000915527344,31400,0.0,0.0,0.0
2024-01-18 00:00:00-05:00,49.630001068115234,49.630001068115234,49.5099983215332,49.560001373291016,25700,0.0,0.0,0.0
2024-01-19 00:00:00-05:00,49.5,49.59000015258789,49.5,49.59000015258789,33700,0.0,0.0,0.0
2024-01-22 00:00:00-05:00,49.59000015258789,49.6349983215332,49.59000015258789,49.630001068115234,65100,0.0,0.0,0.0
2024-01-23 00:00:00-05:00,49.61000061035156,49.63999938964844,49.59000015258789,49.63999938964844,27600,0.0,0.0,0.0
2024-01-24 00:00:00-05:00,49.689998626708984,49.689998626708984,49.61000061035156,49.63999938964844,18600,0.0,0.0,0.0
2024-01-25 00:00:00-05:00,49.59000015258789,49.720001220703125,49.59000015258789,49.720001220703125,95400,0.0,0.0,0.0
2024-01-26 00:00:00-05:00,49.73500061035156,49.73500061035156,49.689998626708984,49.720001220703125,24300,0.0,0.0,0.0
2024-01-29 00:00:00-05:00,49.720001220703125,49.779998779296875,49.720001220703125,49.77000045776367,33600,0.0,0.0,0.0
2024-01-30 00:00:00-05:00,49.75,49.79499816894531,49.720001220703125,49.77000045776367,29500,0.0,0.0,0.0
2024-01-31 00:00:00-05:00,49.869998931884766,49.90999984741211,49.8120002746582,49.880001068115234,71200,0.0,0.0,0.0
2024-02-01 00:00:00-05:00,49.959999084472656,49.959999084472656,49.82500076293945,49.86000061035156,252500,0.0,0.0,0.0
2024-02-02 00:00:00-05:00,49.810001373291016,49.810001373291016,49.650001525878906,49.709999084472656,76000,0.0,0.0,0.0
2024-02-05 00:00:00-05:00,49.65999984741211,49.65999984741211,49.599998474121094,49.650001525878906,64300,0.0,0.0,0.0
2024-02-06 00:00:00-05:00,49.709999084472656,49.7400016784668,49.65999984741211,49.70000076293945,129500,0.0,0.0,0.0
2024-02-07 00:00:00-05:00,49.689998626708984,49.77000045776367,49.689998626708984,49.77000045776367,249200,0.0,0.0,0.0
2024-02-08 00:00:00-05:00,49.7400016784668,49.75,49.720001220703125,49.75,55900,0.0,0.0,0.0
2024-02-09 00:00:00-05:00,49.630001068115234,49.630001068115234,49.51100158691406,49.540000915527344,79900,0.0,0.0,0.0
2024-02-12 00:00:00-05:00,49.540000915527344,49.59000015258789,49.540000915527344,49.58000183105469,116200,0.0,0.0,0.0
2024-02-13 00:00:00-05:00,49.474998474121094,49.5,49.45000076293945,49.459999084472656,39600,0.0,0.0,0.0
2024-02-14 00:00:00-05:00,49.5,49.540000915527344,49.47999954223633,49.540000915527344,51000,0.0,0.0,0.0
2024-02-15 00:00:00-05:00,49.59000015258789,49.59000015258789,49.540000915527344,49.59000015258789,52700,0.0,0.0,0.0
2024-02-16 00:00:00-05:00,49.51499938964844,49.54600143432617,49.5099983215332,49.540000915527344,27300,0.0,0.0,0.0
2024-02-20 00:00:00-05:00,49.59000015258789,49.599998474121094,49.560001373291016,49.599998474121094,76800,0.0,0.0,0.0
2024-02-21 00:00:00-05:00,49.66999816894531,49.66999816894531,49.56999969482422,49.56999969482422,65500,0.0,0.0,0.0
2024-02-22 00:00:00-05:00,49.66999816894531,49.66999816894531,49.529998779296875,49.56999969482422,126000,0.0,0.0,0.0
2024-02-23 00:00:00-05:00,49.58000183105469,49.65999984741211,49.56999969482422,49.61000061035156,50900,0.0,0.0,0.0
2024-02-26 00:00:00-05:00,49.619998931884766,49.619998931884766,49.56999969482422,49.59000015258789,35800,0.0,0.0,0.0
2024-02-27 00:00:00-05:00,49.70000076293945,49.70000076293945,49.560001373291016,49.58000183105469,87400,0.0,0.0,0.0
2024-02-28 00:00:00-05:00,49.68000030517578,49.68000030517578,49.61000061035156,49.66999816894531,40000,0.0,0.0,0.0
2024-02-29 00:00:00-05:00,49.63999938964844,49.70000076293945,49.630001068115234,49.650001525878906,44700,0.0,0.0,0.0
2024-03-01 00:00:00-05:00,49.66999816894531,49.775001525878906,49.650001525878906,49.7599983215332,30700,0.0,0.0,0.0
2024-03-04 00:00:00-05:00,49.74399948120117,49.75,49.70000076293945,49.72999954223633,16100,0.0,0.0,0.0
2024-03-05 00:00:00-05:00,49.83000183105469,49.83000183105469,49.7400016784668,49.77000045776367,52000,0.0,0.0,0.0
2024-03-06 00:00:00-05:00,49.779998779296875,49.84000015258789,49.779998779296875,49.810001373291016,35800,0.0,0.0,0.0
2024-03-07 00:00:00-05:00,49.83000183105469,49.86000061035156,49.810001373291016,49.86000061035156,49800,0.0,0.0,0.0
2024-03-08 00:00:00-05:00,49.90999984741211,49.90999984741211,49.86000061035156,49.900001525878906,23300,0.0,0.0,0.0
2024-03-11 00:00:00-04:00,49.72999954223633,49.72999954223633,49.65999984741211,49.66999816894531,60400,0.0,0.0,0.0
2024-03-12 00:00:00-04:00,49.630001068115234,49.650001525878906,49.61000061035156,49.63999938964844,75900,0.0,0.0,0.0
2024-03-13 00:00:00-04:00,49.61000061035156,49.65999984741211,49.61000061035156,49.65999984741211,34200,0.0,0.0,0.0
2024-03-14 00:00:00-04:00,49.56999969482422,49.619998931884766,49.54999923706055,49.59000015258789,199700,0.0,0.0,0.0
2024-03-15 00:00:00-04:00,49.65999984741211,49.65999984741211,49.540000915527344,49.58000183105469,30900,0.0,0.0,0.0
2024-03-18 00:00:00-04:00,49.61000061035156,49.61000061035156,49.54999923706055,49.599998474121094,46400,0.0,0.0,0.0
2024-03-19 00:00:00-04:00,49.66999816894531,49.66999816894531,49.604000091552734,49.65999984741211,17100,0.0,0.0,0.0
2024-03-20 00:00:00-04:00,49.65999984741211,49.900001525878906,49.63999938964844,49.720001220703125,75700,0.0,0.0,0.0
2024-03-21 00:00:00-04:00,49.7400016784668,49.83000183105469,49.70000076293945,49.7400016784668,45500,0.0,0.0,0.0
2024-03-22 00:00:00-04:00,49.7400016784668,49.810001373291016,49.7400016784668,49.79999923706055,50200,0.0,0.0,0.0
2024-03-25 00:00:00-04:00,49.880001068115234,49.880001068115234,49.7400016784668,49.7400016784668,37500,0.0,0.0,0.0
2024-03-26 00:00:00-04:00,49.75,49.79999923706055,49.72999954223633,49.779998779296875,286900,0.0,0.0,0.0
2024-03-27 00:00:00-04:00,49.810001373291016,49.849998474121094,49.779998779296875,49.83000183105469,35800,0.0,0.0,0.0
2024-03-28 00:00:00-04:00,49.810001373291016,49.83000183105469,49.779998779296875,49.83000183105469,66500,0.0,0.0,0.0
2024-04-01 00:00:00-04:00,49.93000030517578,49.93000030517578,49.68000030517578,49.7400016784668,27100,0.0,0.0,0.0
2024-04-02 00:00:00-04:00,49.849998474121094,49.849998474121094,49.68299865722656,49.7400016784668,38000,0.0,0.0,0.0
2024-04-03 00:00:00-04:00,49.720001220703125,49.79999923706055,49.69200134277344,49.79999923706055,27600,0.0,0.0,0.0
2024-04-04 00:00:00-04:00,49.88999938964844,49.88999938964844,49.7599983215332,49.84000015258789,21600,0.0,0.0,0.0
2024-04-05 00:00:00-04:00,49.93000030517578,49.93000030517578,49.70000076293945,49.75,36800,0.0,0.0,0.0
2024-04-08 00:00:00-04:00,49.7400016784668,49.75,49.689998626708984,49.7400016784668,54500,0.0,0.0,0.0
2024-04-09 00:00:00-04:00,49.83000183105469,49.83000183105469,49.790000915527344,49.81999969482422,36500,0.0,0.0,0.0
2024-04-10 00:00:00-04:00,49.61000061035156,49.630001068115234,49.56999969482422,49.599998474121094,13900,0.0,0.0,0.0
2024-04-11 00:00:00-04:00,49.400001525878906,49.43000030517578,49.369998931884766,49.41999816894531,45700,0.0,0.0,0.0
2024-04-12 00:00:00-04:00,49.470001220703125,49.47999954223633,49.41999816894531,49.459999084472656,23900,0.0,0.0,0.0
2024-04-15 00:00:00-04:00,49.43000030517578,49.43000030517578,49.34700012207031,49.41999816894531,29700,0.0,0.0,0.0
2024-04-16 00:00:00-04:00,49.66999816894531,49.66999816894531,49.31999969482422,49.38999938964844,310600,0.0,0.0,0.0
2024-04-17 00:00:00-04:00,49.66999816894531,49.66999816894531,49.380001068115234,49.459999084472656,151700,0.0,0.0,0.0
2024-04-18 00:00:00-04:00,49.529998779296875,49.529998779296875,49.290000915527344,49.41999816894531,147200,0.0,0.0,0.0
2024-04-19 00:00:00-04:00,49.5099983215332,49.5099983215332,49.400001525878906,49.439998626708984,41200,0.0,0.0,0.0
2024-04-22 00:00:00-04:00,49.43000030517578,49.47999954223633,49.43000030517578,49.47999954223633,29500,0.0,0.0,0.0
2024-04-23 00:00:00-04:00,49.459999084472656,49.52000045776367,49.459999084472656,49.52000045776367,31000,0.0,0.0,0.0
2024-04-24 00:00:00-04:00,49.5,49.5,49.45000076293945,49.4900016784668,45600,0.0,0.0,0.0
2024-04-25 00:00:00-04:00,49.45000076293945,49.45000076293945,49.39500045776367,49.45000076293945,31200,0.0,0.0,0.0
2024-04-26 00:00:00-04:00,49.47999954223633,49.5,49.439998626708984,49.439998626708984,40500,0.0,0.0,0.0
2024-04-29 00:00:00-04:00,49.47999954223633,49.5099983215332,49.45000076293945,49.4900016784668,48100,0.0,0.0,0.0
2024-04-30 00:00:00-04:00,49.5,49.5099983215332,49.45000076293945,49.5099983215332,29900,0.0,0.0,0.0
2024-05-01 00:00:00-04:00,49.4900016784668,49.61000061035156,49.47999954223633,49.56999969482422,47200,0.0,0.0,0.0
2024-05-02 00:00:00-04:00,49.560001373291016,49.689998626708984,49.560001373291016,49.63999938964844,326500,0.0,0.0,0.0
2024-05-03 00:00:00-04:00,49.779998779296875,49.86800003051758,49.650001525878906,49.66999816894531,266700,0.0,0.0,0.0
2024-05-06 00:00:00-04:00,49.75,49.77000045776367,49.72999954223633,49.7599983215332,78700,0.0,0.0,0.0
2024-05-07 00:00:00-04:00,49.849998474121094,49.849998474121094,49.63999938964844,49.689998626708984,267600,0.0,0.0,0.0
2024-05-08 00:00:00-04:00,49.709999084472656,49.709999084472656,49.66999816894531,49.66999816894531,65100,0.0,0.0,0.0
2024-05-09 00:00:00-04:00,49.56999969482422,49.56999969482422,49.4900016784668,49.54999923706055,93200,0.0,0.0,0.0
2024-05-10 00:00:00-04:00,49.58000183105469,49.58000183105469,49.43000030517578,49.459999084472656,69100,0.0,0.0,0.0
2024-05-13 00:00:00-04:00,49.5,49.52000045776367,49.470001220703125,49.4900016784668,52800,0.0,0.0,0.0
2024-05-14 00:00:00-04:00,49.59000015258789,49.59000015258789,49.51499938964844,49.54999923706055,30600,0.0,0.0,0.0
2024-05-15 00:00:00-04:00,49.599998474121094,49.66999816894531,49.599998474121094,49.66999816894531,44500,0.0,0.0,0.0
2024-05-16 00:00:00-04:00,49.75,49.75,49.619998931884766,49.63999938964844,22100,0.0,0.0,0.0
2024-05-17 00:00:00-04:00,49.650001525878906,49.650001525878906,49.599998474121094,49.630001068115234,28300,0.0,0.0,0.0
2024-05-20 00:00:00-04:00,49.70000076293945,49.70000076293945,49.60100173950195,49.630001068115234,44500,0.0,0.0,0.0
2024-05-21 00:00:00-04:00,49.65999984741211,49.65999984741211,49.63999938964844,49.650001525878906,21400,0.0,0.0,0.0
2024-05-22 00:00:00-04:00,49.650001525878906,49.650001525878906,49.595001220703125,49.61000061035156,111900,0.0,0.0,0.0
2024-05-23 00:00:00-04:00,49.619998931884766,49.6349983215332,49.560001373291016,49.599998474121094,39800,0.0,0.0,0.0
2024-05-24 00:00:00-04:00,49.66999816894531,49.66999816894531,49.59000015258789,49.61000061035156,37800,0.0,0.0,0.0
2024-05-28 00:00:00-04:00,49.650001525878906,49.650001525878906,49.560001373291016,49.58000183105469,51900,0.0,0.0,0.0
2024-05-29 00:00:00-04:00,49.58000183105469,49.59000015258789,49.529998779296875,49.56999969482422,43600,0.0,0.0,0.0
2024-05-30 00:00:00-04:00,49.619998931884766,49.790000915527344,49.56999969482422,49.68000030517578,174100,0.0,0.0,0.0
2024-05-31 00:00:00-04:00,49.779998779296875,49.79999923706055,49.709999084472656,49.79999923706055,49400,0.0,0.0,0.0
2024-06-03 00:00:00-04:00,49.900001525878906,49.900001525878906,49.79999923706055,49.86000061035156,61000,0.0,0.0,0.0
2024-06-04 00:00:00-04:00,49.939998626708984,49.939998626708984,49.86000061035156,49.91999816894531,38500,0.0,0.0,0.0
2024-06-05 00:00:00-04:00,49.939998626708984,49.970001220703125,49.8849983215332,49.970001220703125,54400,0.0,0.0,0.0
2024-06-06 00:00:00-04:00,49.90999984741211,49.9900016784668,49.90999984741211,49.97999954223633,75100,0.0,0.0,0.0
2024-06-07 00:00:00-04:00,49.86000061035156,49.869998931884766,49.72999954223633,49.86000061035156,76100,0.0,0.0,0.0
2024-06-10 00:00:00-04:00,49.869998931884766,49.880001068115234,49.84000015258789,49.880001068115234,35300,0.0,0.0,0.0
2024-06-11 00:00:00-04:00,49.84000015258789,49.91999816894531,49.84000015258789,49.91999816894531,76400,0.0,0.0,0.0
2024-06-12 00:00:00-04:00,49.869998931884766,49.869998931884766,49.72999954223633,49.7599983215332,67800,0.0,0.0,0.0
2024-06-13 00:00:00-04:00,49.84000015258789,49.84000015258789,49.709999084472656,49.81999969482422,38600,0.0,0.0,0.0
2024-06-14 00:00:00-04:00,49.84000015258789,49.84000015258789,49.7400016784668,49.810001373291016,135200,0.0,0.0,0.0
2024-06-17 00:00:00-04:00,49.7599983215332,49.77000045776367,49.70000076293945,49.7599983215332,67500,0.0,0.0,0.0
2024-06-18 00:00:00-04:00,49.84000015258789,49.84000015258789,49.75,49.810001373291016,97300,0.0,0.0,0.0
2024-06-20 00:00:00-04:00,49.709999084472656,49.81999969482422,49.709999084472656,49.77000045776367,60900,0.0,0.0,0.0
2024-06-21 00:00:00-04:00,49.849998474121094,49.849998474121094,49.7400016784668,49.7599983215332,39100,0.0,0.0,0.0
2024-06-24 00:00:00-04:00,49.779998779296875,49.790000915527344,49.77000045776367,49.779998779296875,23400,0.0,0.0,0.0
2024-06-25 00:00:00-04:00,49.77000045776367,49.79999923706055,49.77000045776367,49.79999923706055,34400,0.0,0.0,0.0
2024-06-26 00:00:00-04:00,49.7599983215332,49.7599983215332,49.709999084472656,49.75,54200,0.0,0.0,0.0
2024-06-27 00:00:00-04:00,49.79999923706055,49.79999923706055,49.7599983215332,49.779998779296875,28200,0.0,0.0,0.0
2024-06-28 00:00:00-04:00,49.834999084472656,49.83599853515625,49.75,49.79999923706055,35200,0.0,0.0,0.0
2024-07-01 00:00:00-04:00,49.779998779296875,49.790000915527344,49.720001220703125,49.790000915527344,34000,0.0,0.0,0.0
2024-07-02 00:00:00-04:00,49.7599983215332,49.83000183105469,49.7599983215332,49.83000183105469,63200,0.0,0.0,0.0
2024-07-03 00:00:00-04:00,49.849998474121094,49.915000915527344,49.84000015258789,49.895999908447266,29300,0.0,0.0,0.0
2024-07-05 00:00:00-04:00,50.04999923706055,50.04999923706055,49.99300003051758,50.04999923706055,48600,0.0,0.0,0.0
2024-07-08 00:00:00-04:00,50.060001373291016,50.060001373291016,50.02000045776367,50.04999923706055,21200,0.0,0.0,0.0
2024-07-09 00:00:00-04:00,50.02899932861328,50.040000915527344,49.970001220703125,50.040000915527344,110700,0.0,0.0,0.0
2024-07-10 00:00:00-04:00,49.79999923706055,49.83000183105469,49.78099822998047,49.83000183105469,29200,0.0,0.0,0.0
2024-07-11 00:00:00-04:00,49.97999954223633,50.040000915527344,49.93000030517578,49.970001220703125,28400,0.0,0.0,0.0
2024-07-12 00:00:00-04:00,50.0099983215332,50.029998779296875,49.959999084472656,50.029998779296875,32200,0.0,0.0,0.0
2024-07-15 00:00:00-04:00,50.02000045776367,50.04999923706055,49.97999954223633,50.04999923706055,33500,0.0,0.0,0.0
2024-07-16 00:00:00-04:00,50.029998779296875,50.09000015258789,49.98899841308594,50.09000015258789,41000,0.0,0.0,0.0
2024-07-17 00:00:00-04:00,50.04999923706055,50.099998474121094,50.02000045776367,50.099998474121094,34400,0.0,0.0,0.0
2024-07-18 00:00:00-04:00,50.09000015258789,50.09000015258789,50.040000915527344,50.08000183105469,30200,0.0,0.0,0.0
2024-07-19 00:00:00-04:00,49.790000915527344,50.060001373291016,49.790000915527344,50.060001373291016,21600,0.0,0.0,0.0
2024-07-22 00:00:00-04:00,50.06999969482422,50.06999969482422,49.9900016784668,50.04999923706055,32900,0.0,0.0,0.0
2024-07-23 00:00:00-04:00,50.09000015258789,50.09000015258789,50.0099983215332,50.04999923706055,269400,0.0,0.0,0.0
2024-07-24 00:00:00-04:00,50.099998474121094,50.10900115966797,50.040000915527344,50.06999969482422,30600,0.0,0.0,0.0
2024-07-25 00:00:00-04:00,50.04999923706055,50.099998474121094,50.040000915527344,50.099998474121094,47400,0.0,0.0,0.0
2024-07-26 00:00:00-04:00,50.15999984741211,50.15999984741211,50.099998474121094,50.150001525878906,136300,0.0,0.0,0.0
2024-07-29 00:00:00-04:00,50.220001220703125,50.220001220703125,50.150001525878906,50.18000030517578,52500,0.0,0.0,0.0
2024-07-30 00:00:00-04:00,50.189998626708984,50.209999084472656,50.13999938964844,50.209999084472656,40900,0.0,0.0,0.0
2024-07-31 00:00:00-04:00,50.279998779296875,50.310001373291016,50.18000030517578,50.310001373291016,230100,0.0,0.0,0.0
2024-08-01 00:00:00-04:00,50.36000061035156,50.400001525878906,50.290000915527344,50.400001525878906,68200,0.0,0.0,0.0
2024-08-02 00:00:00-04:00,50.494998931884766,50.630001068115234,50.494998931884766,50.630001068115234,36100,0.0,0.0,0.0
2024-08-05 00:00:00-04:00,50.61000061035156,50.63999938964844,50.4900016784668,50.529998779296875,72400,0.0,0.0,0.0
2024-08-06 00:00:00-04:00,50.52000045776367,50.52000045776367,50.40999984741211,50.459999084472656,35200,0.0,0.0,0.0
2024-08-07 00:00:00-04:00,50.58000183105469,50.58000183105469,50.38999938964844,50.439998626708984,131500,0.0,0.0,0.0
2024-08-08 00:00:00-04:00,50.189998626708984,50.22999954223633,50.13999938964844,50.22999954223633,20200,0.0,0.0,0.0
2024-08-09 00:00:00-04:00,50.209999084472656,50.27000045776367,50.209999084472656,50.27000045776367,60400,0.0,0.0,0.0
2024-08-12 00:00:00-04:00,50.2599983215332,50.31999969482422,50.220001220703125,50.31999969482422,23600,0.0,0.0,0.0
2024-08-13 00:00:00-04:00,50.40999984741211,50.40999984741211,50.349998474121094,50.380001068115234,38100,0.0,0.0,0.0
2024-08-14 00:00:00-04:00,50.380001068115234,50.47999954223633,50.361000061035156,50.41999816894531,64900,0.0,0.0,0.0
2024-08-15 00:00:00-04:00,50.26499938964844,50.36000061035156,50.2400016784668,50.34000015258789,58100,0.0,0.0,0.0
2024-08-16 00:00:00-04:00,50.41999816894531,50.41999816894531,50.29999923706055,50.380001068115234,251500,0.0,0.0,0.0
2024-08-19 00:00:00-04:00,50.380001068115234,50.41999816894531,50.279998779296875,50.380001068115234,172100,0.0,0.0,0.0
2024-08-20 00:00:00-04:00,50.47999954223633,50.47999954223633,50.38999938964844,50.41999816894531,34000,0.0,0.0,0.0
2024-08-21 00:00:00-04:00,50.470001220703125,50.56999969482422,50.41999816894531,50.5,57100,0.0,0.0,0.0
2024-08-22 00:00:00-04:00,50.5,50.5,50.41999816894531,50.470001220703125,66100,0.0,0.0,0.0
2024-08-23 00:00:00-04:00,50.47999954223633,50.560001373291016,50.45000076293945,50.560001373291016,37400,0.0,0.0,0.0
2024-08-26 00:00:00-04:00,50.61000061035156,50.61000061035156,50.52000045776367,50.560001373291016,51000,0.0,0.0,0.0
2024-08-27 00:00:00-04:00,50.529998779296875,50.58000183105469,50.5099983215332,50.58000183105469,48100,0.0,0.0,0.0
2024-08-28 00:00:00-04:00,50.59000015258789,50.59000015258789,50.5,50.540000915527344,40600,0.0,0.0,0.0
2024-08-29 00:00:00-04:00,50.619998931884766,50.619998931884766,50.529998779296875,50.529998779296875,37500,0.0,0.0,0.0
2024-08-30 00:00:00-04:00,50.540000915527344,50.56999969482422,50.45000076293945,50.52000045776367,58000,0.0,0.0,0.0
2024-09-03 00:00:00-04:00,50.650001525878906,50.650001525878906,50.59000015258789,50.63999938964844,35100,0.0,0.0,0.0
2024-09-04 00:00:00-04:00,50.619998931884766,50.75,50.619998931884766,50.75,95500,0.0,0.0,0.0
2024-09-05 00:00:00-04:00,50.79999923706055,50.79999923706055,50.709999084472656,50.7599983215332,128700,0.0,0.0,0.0
2024-09-06 00:00:00-04:00,50.75,50.8650016784668,50.724998474121094,50.83000183105469,124700,0.0,0.0,0.0
2024-09-09 00:00:00-04:00,50.83000183105469,50.84000015258789,50.7599983215332,50.81999969482422,87100,0.0,0.0,0.0
2024-09-10 00:00:00-04:00,50.86000061035156,50.90999984741211,50.810001373291016,50.90999984741211,44400,0.0,0.0,0.0
2024-09-11 00:00:00-04:00,50.619998931884766,50.66999816894531,50.58000183105469,50.619998931884766,195900,0.0,0.0,0.0
2024-09-12 00:00:00-04:00,50.630001068115234,50.66999816894531,50.560001373291016,50.650001525878906,61600,0.0,0.0,0.0
2024-09-13 00:00:00-04:00,50.689998626708984,50.779998779296875,50.65999984741211,50.75,286300,0.0,0.0,0.0
2024-09-16 00:00:00-04:00,50.790000915527344,50.79999923706055,50.72999954223633,50.77000045776367,238800,0.0,0.0,0.0
2024-09-17 00:00:00-04:00,50.77000045776367,50.77000045776367,50.72999954223633,50.7599983215332,90800,0.0,0.0,0.0
2024-09-18 00:00:00-04:00,50.7400016784668,50.810001373291016,50.70000076293945,50.7400016784668,57900,0.0,0.0,0.0
2024-09-19 00:00:00-04:00,50.77000045776367,50.790000915527344,50.720001220703125,50.77000045776367,85000,0.0,0.0,0.0
2024-09-20 00:00:00-04:00,50.709999084472656,50.79999923706055,50.70100021362305,50.790000915527344,42000,0.0,0.0,0.0
2024-09-23 00:00:00-04:00,50.7400016784668,50.81999969482422,50.73500061035156,50.810001373291016,152400,0.0,0.0,0.0
2024-09-24 00:00:00-04:00,50.7599983215332,50.83000183105469,50.7599983215332,50.82500076293945,119500,0.0,0.0,0.0
2024-09-25 00:00:00-04:00,50.84000015258789,50.84000015258789,50.77000045776367,50.790000915527344,70100,0.0,0.0,0.0
2024-09-26 00:00:00-04:00,50.880001068115234,50.880001068115234,50.744998931884766,50.779998779296875,59400,0.0,0.0,0.0
2024-09-27 00:00:00-04:00,50.83000183105469,50.869998931884766,50.78499984741211,50.8650016784668,35600,0.0,0.0,0.0
2024-09-30 00:00:00-04:00,50.900001525878906,50.900001525878906,50.779998779296875,50.810001373291016,70300,0.0,0.0,0.0
2024-10-01 00:00:00-04:00,50.88999938964844,50.91999816894531,50.83000183105469,50.849998474121094,83300,0.0,0.0,0.0
2024-10-02 00:00:00-04:00,50.83000183105469,50.8489990234375,50.78200149536133,50.81999969482422,47700,0.0,0.0,0.0
2024-10-03 00:00:00-04:00,50.7599983215332,50.79999923706055,50.7599983215332,50.790000915527344,93800,0.0,0.0,0.0
2024-10-04 00:00:00-04:00,50.779998779296875,50.779998779296875,50.59000015258789,50.619998931884766,51000,0.0,0.0,0.0
2024-10-07 00:00:00-04:00,50.56999969482422,50.58000183105469,50.53200149536133,50.58000183105469,36400,0.0,0.0,0.0
2024-10-08 00:00:00-04:00,50.4900016784668,50.4900016784668,50.349998474121094,50.439998626708984,108600,0.0,0.0,0.0
2024-10-09 00:00:00-04:00,50.459999084472656,50.459999084472656,50.38999938964844,50.40999984741211,52100,0.0,0.0,0.0
2024-10-10 00:00:00-04:00,50.470001220703125,50.470001220703125,50.36399841308594,50.470001220703125,84800,0.0,0.0,0.0
2024-10-11 00:00:00-04:00,50.470001220703125,50.4900016784668,50.44300079345703,50.4900016784668,69800,0.0,0.0,0.0
2024-10-14 00:00:00-04:00,50.45000076293945,50.56999969482422,50.41999816894531,50.459999084472656,21800,0.0,0.0,0.0
2024-10-15 00:00:00-04:00,50.529998779296875,50.529998779296875,50.4900016784668,50.52000045776367,66400,0.0,0.0,0.0
2024-10-16 00:00:00-04:00,50.5099983215332,50.540000915527344,50.50199890136719,50.540000915527344,82600,0.0,0.0,0.0
2024-10-17 00:00:00-04:00,50.47999954223633,50.529998779296875,50.470001220703125,50.52000045776367,39300,0.0,0.0,0.0
2024-10-18 00:00:00-04:00,50.540000915527344,50.54999923706055,50.505001068115234,50.540000915527344,47600,0.0,0.0,0.0
2024-10-21 00:00:00-04:00,50.529998779296875,50.529998779296875,50.38999938964844,50.439998626708984,127900,0.0,0.0,0.0
2024-10-22 00:00:00-04:00,50.47999954223633,50.560001373291016,50.38999938964844,50.439998626708984,52600,0.0,0.0,0.0
2024-10-23 00:00:00-04:00,50.4900016784668,50.4900016784668,50.369998931884766,50.38999938964844,30600,0.0,0.0,0.0
2024-10-24 00:00:00-04:00,50.439998626708984,50.459999084472656,50.38999938964844,50.459999084472656,47600,0.0,0.0,0.0
2024-10-25 00:00:00-04:00,50.5,50.5,50.40999984741211,50.40999984741211,89400,0.0,0.0,0.0
2024-10-28 00:00:00-04:00,50.43000030517578,50.43000030517578,50.369998931884766,50.41999816894531,128800,0.0,0.0,0.0
2024-10-29 00:00:00-04:00,50.349998474121094,50.43000030517578,50.349998474121094,50.43000030517578,52800,0.0,0.0,0.0
2024-10-30 00:00:00-04:00,50.5,50.5,50.380001068115234,50.40999984741211,45900,0.0,0.0,0.0
2024-10-31 00:00:00-04:00,50.40999984741211,50.43000030517578,50.33000183105469,50.41999816894531,76800,0.0,0.0,0.0
2024-11-01 00:00:00-04:00,50.439998626708984,50.44499969482422,50.349998474121094,50.349998474121094,235800,0.0,0.0,0.0
