Date,Open,High,Low,Close,Volume,Dividends,Stock Splits
2010-11-26 00:00:00+08:00,0.289310874662045,0.3010001705131384,0.28346621676944883,0.29807785153388977,64791508,0.0,0.0
2010-11-29 00:00:00+08:00,0.29223307967185974,0.29515539751141906,0.2878495929454752,0.29223307967185974,48819940,0.0,0.0
2010-11-30 00:00:00+08:00,0.29077182327016166,0.29077182327016166,0.2820048524560262,0.2849271893501282,23158543,0.0,0.0
2010-12-01 00:00:00+08:00,0.2849271893501282,0.2863883378630939,0.2834660209030772,0.2849271893501282,8183768,0.0,0.0
2010-12-02 00:00:00+08:00,0.2863884786944589,0.2863884786944589,0.2805438419003287,0.2834661602973938,9536476,0.0,0.0
2010-12-03 00:00:00+08:00,0.2834661602973938,0.2849273294629739,0.28200499113181376,0.2834661602973938,5926966,0.0,0.0
2010-12-06 00:00:00+08:00,0.28492729114179094,0.28492729114179094,0.28054380416870117,0.28054380416870117,12388378,0.0,0.0
2010-12-07 00:00:00+08:00,0.2820049871754984,0.2820049871754984,0.2746991813182831,0.2746991813182831,19426580,0.0,0.0
2010-12-08 00:00:00+08:00,0.27616029910077894,0.27762144804000854,0.2746991302274583,0.27762144804000854,9775661,0.0,0.0
2010-12-09 00:00:00+08:00,0.2776214906119954,0.2776214906119954,0.27323800325393677,0.27323800325393677,8680448,0.0,0.0
2010-12-10 00:00:00+08:00,0.2746991813182831,0.2746991813182831,0.270315693817135,0.2746991813182831,12487943,0.0,0.0
2010-12-13 00:00:00+08:00,0.2746991130167263,0.2746991130167263,0.27177679538726807,0.27177679538726807,5106415,0.0,0.0
2010-12-14 00:00:00+08:00,0.27323801217320215,0.27616035046336407,0.2717768629622159,0.2746991813182831,3290216,0.0,0.0
2010-12-15 00:00:00+08:00,0.27616036717607917,0.28200500424192015,0.27469919794257097,0.27908268570899963,18913878,0.0,0.0
2010-12-16 00:00:00+08:00,0.28054370394306044,0.2863883378630939,0.2790825354960095,0.2849271893501282,12858736,0.0,0.0
2010-12-17 00:00:00+08:00,0.2878496258754244,0.28931079492940714,0.28346613864756964,0.28638845682144165,6265715,0.0,0.0
2010-12-20 00:00:00+08:00,0.2863883378630939,0.2878495063101449,0.2834660209030772,0.2849271893501282,2281979,0.0,0.0
2010-12-21 00:00:00+08:00,0.2863884786944589,0.2863884786944589,0.28200499113181376,0.2834661602973938,1431673,0.0,0.0
2010-12-22 00:00:00+08:00,0.2849273294629739,0.2849273294629739,0.28200499113181376,0.2834661602973938,2156092,0.0,0.0
2010-12-23 00:00:00+08:00,0.2834661602973938,0.2849273294629739,0.28200499113181376,0.2834661602973938,1084913,0.0,0.0
2010-12-24 00:00:00+08:00,0.2834661213957809,0.2834661213957809,0.2820049524307251,0.2820049524307251,0,0.0,0.0
2010-12-27 00:00:00+08:00,0.2834661213957809,0.2834661213957809,0.2820049524307251,0.2820049524307251,260928,0.0,0.0
2010-12-28 00:00:00+08:00,0.2834661602973938,0.2834661602973938,0.28200499113181376,0.2834661602973938,725564,0.0,0.0
2010-12-29 00:00:00+08:00,0.2834661602973938,0.2849273294629739,0.28200499113181376,0.2834661602973938,513845,0.0,0.0
2010-12-30 00:00:00+08:00,0.2834661213957809,0.2834661213957809,0.2820049524307251,0.2820049524307251,995648,0.0,0.0
2010-12-31 00:00:00+08:00,0.2834660209030772,0.2849271893501282,0.2820048524560262,0.2849271893501282,0,0.0,0.0
2011-01-03 00:00:00+08:00,0.2849273294629739,0.2849273294629739,0.28200499113181376,0.2834661602973938,1376740,0.0,0.0
2011-01-04 00:00:00+08:00,0.2834661213957809,0.2834661213957809,0.2820049524307251,0.2820049524307251,769052,0.0,0.0
2011-01-05 00:00:00+08:00,0.28200499113181376,0.2849273294629739,0.28200499113181376,0.2834661602973938,1725789,0.0,0.0
2011-01-06 00:00:00+08:00,0.2849273077015524,0.28638845682144165,0.28346613864756964,0.28638845682144165,2308301,0.0,0.0
2011-01-07 00:00:00+08:00,0.28638845682144165,0.2907719440492964,0.28346613864756964,0.28638845682144165,4769955,0.0,0.0
2011-01-10 00:00:00+08:00,0.2893108713111517,0.29223319025655303,0.2893108713111517,0.290772020816803,6297759,0.0,0.0
2011-01-11 00:00:00+08:00,0.2907719107850345,0.2980777352850696,0.2907719107850345,0.29223307967185974,6635364,0.0,0.0
2011-01-12 00:00:00+08:00,0.29223307967185974,0.29515539751141906,0.29223307967185974,0.29223307967185974,1301208,0.0,0.0
2011-01-13 00:00:00+08:00,0.29223307967185974,0.29515539751141906,0.29223307967185974,0.29223307967185974,761041,0.0,0.0
2011-01-14 00:00:00+08:00,0.292233058567392,0.29807771375851294,0.2893107409388765,0.2951553761959076,3648420,0.0,0.0
2011-01-17 00:00:00+08:00,0.2980777352850696,0.2980777352850696,0.29223307967185974,0.29223307967185974,1629658,0.0,0.0
2011-01-18 00:00:00+08:00,0.29223307967185974,0.29515539751141906,0.29223307967185974,0.29223307967185974,338749,0.0,0.0
2011-01-19 00:00:00+08:00,0.2922331012026784,0.29515541925754496,0.2893107831478119,0.2893107831478119,4505593,0.0,0.0
2011-01-20 00:00:00+08:00,0.2878495929454752,0.29223307967185974,0.2878495929454752,0.29223307967185974,1211943,0.0,0.0
2011-01-21 00:00:00+08:00,0.29223319025655303,0.29223319025655303,0.290772020816803,0.290772020816803,840006,0.0,0.0
2011-01-24 00:00:00+08:00,0.2907719107850345,0.29223307967185974,0.2907719107850345,0.29223307967185974,787363,0.0,0.0
2011-01-25 00:00:00+08:00,0.29223319025655303,0.29223319025655303,0.290772020816803,0.290772020816803,585944,0.0,0.0
2011-01-26 00:00:00+08:00,0.290772020816803,0.290772020816803,0.2893108713111517,0.290772020816803,320438,0.0,0.0
2011-01-27 00:00:00+08:00,0.29077193220819886,0.29077193220819886,0.2893107831478119,0.2893107831478119,410847,0.0,0.0
2011-01-28 00:00:00+08:00,0.28931068417109446,0.28931068417109446,0.2863883471819024,0.2878495156764984,1080335,0.0,0.0
2011-01-31 00:00:00+08:00,0.2863883378630939,0.2863883378630939,0.2834660209030772,0.2849271893501282,2151515,0.0,0.0
2011-02-01 00:00:00+08:00,0.2849271893501282,0.2878495063101449,0.2834660209030772,0.2849271893501282,1254287,0.0,0.0
2011-02-02 00:00:00+08:00,0.2849273077015524,0.28638845682144165,0.2849273077015524,0.28638845682144165,563056,0.0,0.0
2011-02-07 00:00:00+08:00,0.2863883378630939,0.2878495063101449,0.2834660209030772,0.2849271893501282,1184477,0.0,0.0
2011-02-08 00:00:00+08:00,0.2849273294629739,0.2849273294629739,0.2834661602973938,0.2834661602973938,1284042,0.0,0.0
2011-02-09 00:00:00+08:00,0.2849273294629739,0.2849273294629739,0.28200499113181376,0.2834661602973938,1369874,0.0,0.0
2011-02-10 00:00:00+08:00,0.2834661602973938,0.2849273294629739,0.28200499113181376,0.2834661602973938,1197066,0.0,0.0
2011-02-11 00:00:00+08:00,0.2863883378630939,0.2863883378630939,0.2849271893501282,0.2849271893501282,1504916,0.0,0.0
2011-02-14 00:00:00+08:00,0.2849271893501282,0.2863883378630939,0.2849271893501282,0.2849271893501282,526434,0.0,0.0
2011-02-15 00:00:00+08:00,0.2849271893501282,0.2863883378630939,0.2849271893501282,0.2849271893501282,954448,0.0,0.0
2011-02-16 00:00:00+08:00,0.2863883378630939,0.2863883378630939,0.2834660209030772,0.2849271893501282,384526,0.0,0.0
2011-02-17 00:00:00+08:00,0.2849273294629739,0.2849273294629739,0.2834661602973938,0.2834661602973938,629432,0.0,0.0
2011-02-18 00:00:00+08:00,0.2863883378630939,0.2863883378630939,0.2834660209030772,0.2849271893501282,349049,0.0,0.0
2011-02-21 00:00:00+08:00,0.2834661602973938,0.2849273294629739,0.2834661602973938,0.2834661602973938,407414,0.0,0.0
2011-02-22 00:00:00+08:00,0.2834661221727302,0.2834661221727302,0.28054380416870117,0.28054380416870117,1517504,0.0,0.0
2011-02-23 00:00:00+08:00,0.2834661213957809,0.2834661213957809,0.2805438033997616,0.2820049524307251,1491183,0.0,0.0
2011-02-24 00:00:00+08:00,0.28200500424192015,0.28200500424192015,0.27908268570899963,0.27908268570899963,336460,0.0,0.0
2011-02-25 00:00:00+08:00,0.28054380416870117,0.28054380416870117,0.27908263519964044,0.28054380416870117,742730,0.0,0.0
2011-02-28 00:00:00+08:00,0.28054380416870117,0.28054380416870117,0.27908263519964044,0.28054380416870117,288394,0.0,0.0
2011-03-01 00:00:00+08:00,0.2790826727347487,0.2834661602973938,0.2790826727347487,0.2834661602973938,415425,0.0,0.0
2011-03-02 00:00:00+08:00,0.28200499113181376,0.2834661602973938,0.28200499113181376,0.2834661602973938,241473,0.0,0.0
2011-03-03 00:00:00+08:00,0.2820049524307251,0.2820049524307251,0.2805438033997616,0.2820049524307251,635154,0.0,0.0
2011-03-04 00:00:00+08:00,0.2834661602973938,0.2834661602973938,0.28200499113181376,0.2834661602973938,267794,0.0,0.0
2011-03-07 00:00:00+08:00,0.28200495320366953,0.28200495320366953,0.27908263519964044,0.28054380416870117,748452,0.0,0.0
2011-03-08 00:00:00+08:00,0.2805438549425079,0.2805438549425079,0.27908268570899963,0.27908268570899963,1472872,0.0,0.0
2011-03-09 00:00:00+08:00,0.27908268570899963,0.27908268570899963,0.27762151647549144,0.27908268570899963,2925145,0.0,0.0
2011-03-10 00:00:00+08:00,0.27908268570899963,0.2805438549425079,0.27908268570899963,0.27908268570899963,303272,0.0,0.0
2011-03-11 00:00:00+08:00,0.27908268570899963,0.27908268570899963,0.27762151647549144,0.27908268570899963,473791,0.0,0.0
2011-03-14 00:00:00+08:00,0.277621508640807,0.277621508640807,0.2746991901903565,0.2761603593826294,1335541,0.0,0.0
2011-03-15 00:00:00+08:00,0.274699172351321,0.27616034144870527,0.27323800325393677,0.27323800325393677,2438765,0.0,0.0
2011-03-16 00:00:00+08:00,0.27323801217320215,0.2746991813182831,0.27323801217320215,0.2746991813182831,1057446,0.0,0.0
2011-03-17 00:00:00+08:00,0.2746991130167263,0.2746991130167263,0.27177679538726807,0.27177679538726807,1003658,0.0,0.0
2011-03-18 00:00:00+08:00,0.27323800325393677,0.274699172351321,0.27323800325393677,0.27323800325393677,1163878,0.0,0.0
2011-03-21 00:00:00+08:00,0.2746991813182831,0.2746991813182831,0.27323801217320215,0.2746991813182831,1738378,0.0,0.0
2011-03-22 00:00:00+08:00,0.274699172351321,0.274699172351321,0.2717768540906466,0.27323800325393677,4100467,0.0,0.0
2011-03-23 00:00:00+08:00,0.27323801217320215,0.2746991813182831,0.2717768629622159,0.2746991813182831,2395277,0.0,0.0
2011-03-24 00:00:00+08:00,0.2746991813182831,0.2746991813182831,0.27323801217320215,0.2746991813182831,489813,0.0,0.0
2011-03-25 00:00:00+08:00,0.2746991901903565,0.2761603593826294,0.2746991901903565,0.2761603593826294,2236202,0.0,0.0
2011-03-28 00:00:00+08:00,0.2761603593826294,0.277621508640807,0.2761603593826294,0.2761603593826294,770196,0.0,0.0
2011-03-29 00:00:00+08:00,0.27616029910077894,0.27762144804000854,0.27616029910077894,0.27762144804000854,1495760,0.0,0.0
2011-03-30 00:00:00+08:00,0.27616035046336407,0.27616035046336407,0.2746991813182831,0.2746991813182831,4147388,0.0,0.0
2011-03-31 00:00:00+08:00,0.2761602817985003,0.2761602817985003,0.2688544578237201,0.27177679538726807,6432801,0.0,0.0
2011-04-01 00:00:00+08:00,0.27177679538726807,0.2746991130167263,0.2703156266054941,0.27177679538726807,2929722,0.0,0.0
2011-04-04 00:00:00+08:00,0.27323801217320215,0.2746991813182831,0.27323801217320215,0.2746991813182831,828562,0.0,0.0
2011-04-05 00:00:00+08:00,0.274699172351321,0.274699172351321,0.27031568499326236,0.27323800325393677,4214909,0.0,0.0
2011-04-06 00:00:00+08:00,0.27323800325393677,0.274699172351321,0.2717768540906466,0.27323800325393677,1463717,0.0,0.0
2011-04-07 00:00:00+08:00,0.274699172351321,0.274699172351321,0.2717768540906466,0.27323800325393677,3372614,0.0,0.0
2011-04-08 00:00:00+08:00,0.27323800325393677,0.27323800325393677,0.2717768540906466,0.27323800325393677,1892875,0.0,0.0
2011-04-11 00:00:00+08:00,0.2732379442349523,0.2746991130167263,0.27177679538726807,0.27177679538726807,1705190,0.0,0.0
2011-04-12 00:00:00+08:00,0.2732379442349523,0.2732379442349523,0.27177679538726807,0.27177679538726807,803384,0.0,0.0
2011-04-13 00:00:00+08:00,0.2732379442349523,0.2732379442349523,0.27177679538726807,0.27177679538726807,733575,0.0,0.0
2011-04-14 00:00:00+08:00,0.2732379442349523,0.2732379442349523,0.27177679538726807,0.27177679538726807,1927208,0.0,0.0
2011-04-15 00:00:00+08:00,0.27323800325393677,0.27323800325393677,0.2717768540906466,0.27323800325393677,755319,0.0,0.0
2011-04-18 00:00:00+08:00,0.2746991130167263,0.2746991130167263,0.27177679538726807,0.27177679538726807,928127,0.0,0.0
2011-04-19 00:00:00+08:00,0.2717768540906466,0.27323800325393677,0.2717768540906466,0.27323800325393677,259784,0.0,0.0
2011-04-20 00:00:00+08:00,0.27323800325393677,0.27323800325393677,0.2717768540906466,0.27323800325393677,1209655,0.0,0.0
2011-04-21 00:00:00+08:00,0.2732379442349523,0.2732379442349523,0.27177679538726807,0.27177679538726807,1542682,0.0,0.0
2011-04-25 00:00:00+08:00,0.27323802099808353,0.2761603593826294,0.27323802099808353,0.2761603593826294,763330,0.0,0.0
2011-04-26 00:00:00+08:00,0.27616035046336407,0.2776214996743503,0.2746991813182831,0.2746991813182831,1010525,0.0,0.0
2011-04-27 00:00:00+08:00,0.2761603593826294,0.2761603593826294,0.2746991901903565,0.2761603593826294,1667424,0.0,0.0
2011-04-28 00:00:00+08:00,0.27762144804000854,0.2790826169133292,0.27616029910077894,0.27762144804000854,12436444,0.0,0.0
2011-04-29 00:00:00+08:00,0.277621508640807,0.27908267783307994,0.2761603593826294,0.2761603593826294,2203014,0.0,0.0
2011-05-03 00:00:00+08:00,0.277621508640807,0.27908267783307994,0.2761603593826294,0.2761603593826294,2204158,0.0,0.0
2011-05-04 00:00:00+08:00,0.2776214996743503,0.2776214996743503,0.2717768629622159,0.2746991813182831,7680222,0.0,0.0
2011-05-05 00:00:00+08:00,0.2746991130167263,0.2746991130167263,0.27177679538726807,0.27177679538726807,3654142,0.0,0.0
2011-05-06 00:00:00+08:00,0.27323800325393677,0.274699172351321,0.27323800325393677,0.27323800325393677,3598065,0.0,0.0
2011-05-09 00:00:00+08:00,0.2746991813182831,0.27616035046336407,0.2746991813182831,0.2746991813182831,3265038,0.0,0.0
2011-05-10 00:00:00+08:00,0.2778401266600631,0.2778401266600631,0.27482013916615305,0.2763301432132721,2019906,0.026564,0.0
2011-05-11 00:00:00+08:00,0.276330153045703,0.2778401365462225,0.27482014894485474,0.27482014894485474,3210106,0.0,0.0
2011-05-12 00:00:00+08:00,0.27482014894485474,0.27482014894485474,0.27331014484400645,0.27482014894485474,1654835,0.0,0.0
2011-05-13 00:00:00+08:00,0.27482014894485474,0.27482014894485474,0.27180016134348695,0.27482014894485474,2180125,0.0,0.0
2011-05-16 00:00:00+08:00,0.27482012886463214,0.27482012886463214,0.273310124874115,0.273310124874115,1560992,0.0,0.0
2011-05-18 00:00:00+08:00,0.27482013916615305,0.2763301432132721,0.27482013916615305,0.2763301432132721,2263668,0.0,0.0
2011-05-19 00:00:00+08:00,0.2763301432132721,0.2763301432132721,0.27482013916615305,0.2763301432132721,748452,0.0,0.0
2011-05-20 00:00:00+08:00,0.27482013916615305,0.2763301432132721,0.27482013916615305,0.2763301432132721,759896,0.0,0.0
2011-05-23 00:00:00+08:00,0.27482012886463214,0.27633013285514935,0.273310124874115,0.273310124874115,1523227,0.0,0.0
2011-05-24 00:00:00+08:00,0.27482013916615305,0.2763301432132721,0.27482013916615305,0.2763301432132721,1042569,0.0,0.0
2011-05-25 00:00:00+08:00,0.2763301432132721,0.2763301432132721,0.27482013916615305,0.2763301432132721,1266876,0.0,0.0
2011-05-26 00:00:00+08:00,0.2778401266600631,0.2778401266600631,0.2763301432132721,0.2763301432132721,658043,0.0,0.0
2011-05-27 00:00:00+08:00,0.2778400778770447,0.2778400778770447,0.2748200909133824,0.2778400778770447,1089490,0.0,0.0
2011-05-30 00:00:00+08:00,0.2778400980561219,0.2793501019477844,0.2778400980561219,0.2793501019477844,1206221,0.0,0.0
2011-05-31 00:00:00+08:00,0.2793501231370878,0.2838801145553589,0.2793501231370878,0.2838801145553589,3681608,0.0,0.0
2011-06-01 00:00:00+08:00,0.28237012028694153,0.28237012028694153,0.2808601368289964,0.28237012028694153,1547259,0.0,0.0
2011-06-02 00:00:00+08:00,0.28086008544103136,0.28086008544103136,0.2778400778770447,0.2778400778770447,1381318,0.0,0.0
2011-06-03 00:00:00+08:00,0.2793501019477844,0.2793501019477844,0.2778400980561219,0.2793501019477844,1468294,0.0,0.0
2011-06-06 00:00:00+08:00,0.2793501019477844,0.2808601058394469,0.2793501019477844,0.2793501019477844,726708,0.0,0.0
2011-06-07 00:00:00+08:00,0.2793501019477844,0.2808601058394469,0.2778400980561219,0.2793501019477844,941860,0.0,0.0
2011-06-08 00:00:00+08:00,0.2808601058394469,0.2808601058394469,0.2778400980561219,0.2793501019477844,2172114,0.0,0.0
2011-06-09 00:00:00+08:00,0.2793501019477844,0.2823700891307835,0.2793501019477844,0.2793501019477844,748452,0.0,0.0
2011-06-10 00:00:00+08:00,0.2793500923762772,0.2808600962162018,0.2793500923762772,0.2808600962162018,799951,0.0,0.0
2011-06-13 00:00:00+08:00,0.279350081659038,0.28086008544103136,0.2778400778770447,0.2778400778770447,2538330,0.0,0.0
2011-06-14 00:00:00+08:00,0.2793500923762772,0.2808600962162018,0.2793500923762772,0.2808600962162018,247195,0.0,0.0
2011-06-15 00:00:00+08:00,0.2808601058394469,0.2808601058394469,0.2778400980561219,0.2793501019477844,599677,0.0,0.0
2011-06-16 00:00:00+08:00,0.2793501019477844,0.2808601058394469,0.2778400980561219,0.2793501019477844,929271,0.0,0.0
2011-06-17 00:00:00+08:00,0.2793500923762772,0.2808600962162018,0.2778400885363527,0.2808600962162018,1464861,0.0,0.0
2011-06-20 00:00:00+08:00,0.2808600962162018,0.2808600962162018,0.2793500923762772,0.2808600962162018,1127256,0.0,0.0
2011-06-21 00:00:00+08:00,0.28086008544103136,0.28086008544103136,0.2778400778770447,0.2778400778770447,918971,0.0,0.0
2011-06-22 00:00:00+08:00,0.279350081659038,0.279350081659038,0.2778400778770447,0.2778400778770447,2251080,0.0,0.0
2011-06-23 00:00:00+08:00,0.2793500923762772,0.2808600962162018,0.2793500923762772,0.2808600962162018,485235,0.0,0.0
2011-06-24 00:00:00+08:00,0.2808600962162018,0.2808600962162018,0.2808600962162018,0.2808600962162018,274661,0.0,0.0
2011-06-27 00:00:00+08:00,0.2808601058394469,0.2808601058394469,0.2793501019477844,0.2793501019477844,743874,0.0,0.0
2011-06-28 00:00:00+08:00,0.2808601368289964,0.28237012028694153,0.27935013277072307,0.28237012028694153,1785299,0.0,0.0
2011-06-29 00:00:00+08:00,0.28237012028694153,0.28237012028694153,0.2808601368289964,0.28237012028694153,582511,0.0,0.0
2011-06-30 00:00:00+08:00,0.28086012714328734,0.2838801145553589,0.28086012714328734,0.2838801145553589,1681157,0.0,0.0
2011-07-01 00:00:00+08:00,0.2838801243452149,0.2838801243452149,0.2808601368289964,0.28237012028694153,1467150,0.0,0.0
2011-07-04 00:00:00+08:00,0.28237012028694153,0.2838801243452149,0.28237012028694153,0.28237012028694153,1462572,0.0,0.0
2011-07-05 00:00:00+08:00,0.28237011054915934,0.2838801145553589,0.28237011054915934,0.2838801145553589,789651,0.0,0.0
2011-07-06 00:00:00+08:00,0.2838801145553589,0.2838801145553589,0.28237011054915934,0.2838801145553589,822840,0.0,0.0
2011-07-07 00:00:00+08:00,0.2838801145553589,0.2853901185615584,0.2838801145553589,0.2838801145553589,1015103,0.0,0.0
2011-07-08 00:00:00+08:00,0.2838801345137373,0.28539013862609863,0.2838801345137373,0.28539013862609863,2700838,0.0,0.0
2011-07-11 00:00:00+08:00,0.2853901185615584,0.2853901185615584,0.2838801145553589,0.2838801145553589,926982,0.0,0.0
2011-07-12 00:00:00+08:00,0.28237011054915934,0.2838801145553589,0.28237011054915934,0.2838801145553589,2292279,0.0,0.0
2011-07-13 00:00:00+08:00,0.28237011054915934,0.2838801145553589,0.28237011054915934,0.2838801145553589,650032,0.0,0.0
2011-07-14 00:00:00+08:00,0.2838801345137373,0.28539013862609863,0.2823701304013759,0.28539013862609863,2158381,0.0,0.0
2011-07-15 00:00:00+08:00,0.2838801243452149,0.28539012840348826,0.28237012028694153,0.28237012028694153,4068423,0.0,0.0
2011-07-18 00:00:00+08:00,0.2838801345137373,0.28539013862609863,0.2838801345137373,0.28539013862609863,862894,0.0,0.0
2011-07-19 00:00:00+08:00,0.2838801145553589,0.2853901185615584,0.2838801145553589,0.2838801145553589,1379029,0.0,0.0
2011-07-20 00:00:00+08:00,0.2853900603894622,0.28690004348754883,0.2838800566910522,0.28690004348754883,1720067,0.0,0.0
2011-07-21 00:00:00+08:00,0.28539013862609863,0.286900122138131,0.2838801345137373,0.28539013862609863,968181,0.0,0.0
2011-07-22 00:00:00+08:00,0.2853900603894622,0.28690004348754883,0.2853900603894622,0.28690004348754883,682076,0.0,0.0
2011-07-25 00:00:00+08:00,0.27784011913088824,0.2838801145553589,0.27784011913088824,0.2838801145553589,6199339,0.0,0.0
2011-07-26 00:00:00+08:00,0.2838801345137373,0.286900122138131,0.2838801345137373,0.28539013862609863,1223388,0.0,0.0
2011-07-27 00:00:00+08:00,0.286900122138131,0.2884101262504924,0.28539013862609863,0.28539013862609863,1730367,0.0,0.0
2011-07-28 00:00:00+08:00,0.2869000933995059,0.28841009736061096,0.2853901100387277,0.28841009736061096,2021051,0.0,0.0
2011-07-29 00:00:00+08:00,0.28841009736061096,0.28841009736061096,0.2869000933995059,0.28841009736061096,1155867,0.0,0.0
2011-08-01 00:00:00+08:00,0.2899201214313507,0.2899201214313507,0.2884101173655077,0.2899201214313507,2081705,0.0,0.0
2011-08-02 00:00:00+08:00,0.29047637092973266,0.29047637092973266,0.288931280374527,0.288931280374527,3237572,0.019049,0.0
2011-08-03 00:00:00+08:00,0.28893124827489075,0.28893124827489075,0.2858410885867874,0.2873861789703369,2086283,0.0,0.0
2011-08-04 00:00:00+08:00,0.2873861789703369,0.2873861789703369,0.2858410885867874,0.2873861789703369,642021,0.0,0.0
2011-08-05 00:00:00+08:00,0.2842960059642792,0.2842960059642792,0.28275093661754624,0.2842960059642792,4720744,0.0,0.0
2011-08-08 00:00:00+08:00,0.2812059098309205,0.2812059098309205,0.27811574935913086,0.27811574935913086,5135026,0.0,0.0
2011-08-10 00:00:00+08:00,0.2781157014355566,0.2812058613748646,0.26730011002948256,0.26884520053863525,6575854,0.0,0.0
2011-08-11 00:00:00+08:00,0.26730011002948256,0.26884520053863525,0.25802960913256123,0.26884520053863525,5430287,0.0,0.0
2011-08-12 00:00:00+08:00,0.2719353273828765,0.27811566758833023,0.27039023706176435,0.27502548694610596,3046454,0.0,0.0
2011-08-15 00:00:00+08:00,0.27657065858373553,0.27811574935913086,0.2750255678083402,0.27811574935913086,603110,0.0,0.0
2011-08-16 00:00:00+08:00,0.27811569549602944,0.27811569549602944,0.27348044514656067,0.27348044514656067,2220180,0.0,0.0
2011-08-17 00:00:00+08:00,0.273480483326549,0.27502555293941094,0.2688452323299634,0.2703903019428253,1504916,0.0,0.0
2011-08-18 00:00:00+08:00,0.27193539263468713,0.27193539263468713,0.2703903019428253,0.2703903019428253,460058,0.0,0.0
2011-08-19 00:00:00+08:00,0.2657550573348999,0.2673001268623539,0.2642099667284472,0.2657550573348999,1354996,0.0,0.0
2011-08-22 00:00:00+08:00,0.26420994500594003,0.26420994500594003,0.26111978512609646,0.2626648545265198,1242843,0.0,0.0
2011-08-23 00:00:00+08:00,0.26420994500594003,0.26420994500594003,0.2626648545265198,0.2626648545265198,1883720,0.0,0.0
2011-08-24 00:00:00+08:00,0.2626648545265198,0.26420994500594003,0.2626648545265198,0.2626648545265198,436025,0.0,0.0
2011-08-25 00:00:00+08:00,0.2642099687788793,0.2673001289367676,0.2642099687788793,0.2673001289367676,488668,0.0,0.0
2011-08-26 00:00:00+08:00,0.2657550405993273,0.26884520053863525,0.2657550405993273,0.26884520053863525,1162733,0.0,0.0
2011-08-29 00:00:00+08:00,0.2688451947970919,0.275025514543719,0.2688451947970919,0.27348044514656067,376515,0.0,0.0
2011-08-31 00:00:00+08:00,0.2750255678083402,0.27811574935913086,0.2750255678083402,0.27811574935913086,1303497,0.0,0.0
2011-09-01 00:00:00+08:00,0.27811566758833023,0.27811566758833023,0.27502548694610596,0.27502548694610596,730141,0.0,0.0
2011-09-02 00:00:00+08:00,0.2750254979672671,0.276570588350296,0.27348042866323385,0.276570588350296,449758,0.0,0.0
2011-09-05 00:00:00+08:00,0.2719354033470154,0.2750255637734696,0.26884524292056117,0.2719354033470154,337604,0.0,0.0
2011-09-06 00:00:00+08:00,0.2719353546704054,0.27348044514656067,0.27039026419425016,0.27348044514656067,519568,0.0,0.0
2011-09-07 00:00:00+08:00,0.27348049409974284,0.2750255637734696,0.2719354033470154,0.2719354033470154,373081,0.0,0.0
2011-09-08 00:00:00+08:00,0.27348049409974284,0.2750255637734696,0.2719354033470154,0.2719354033470154,357059,0.0,0.0
2011-09-09 00:00:00+08:00,0.27348044514656067,0.275025514543719,0.27348044514656067,0.27348044514656067,262072,0.0,0.0
2011-09-12 00:00:00+08:00,0.2734804177039886,0.27502548694610596,0.2734804177039886,0.27502548694610596,565344,0.0,0.0
2011-09-13 00:00:00+08:00,0.27348049409974284,0.2750255637734696,0.2719354033470154,0.2719354033470154,391392,0.0,0.0
2011-09-14 00:00:00+08:00,0.2734804177039886,0.27502548694610596,0.2734804177039886,0.27502548694610596,369648,0.0,0.0
2011-09-15 00:00:00+08:00,0.275025514543719,0.275025514543719,0.27348044514656067,0.27348044514656067,209429,0.0,0.0
2011-09-16 00:00:00+08:00,0.275025514543719,0.275025514543719,0.27348044514656067,0.27348044514656067,953304,0.0,0.0
2011-09-19 00:00:00+08:00,0.27348044514656067,0.27657060501987424,0.27348044514656067,0.27348044514656067,493246,0.0,0.0
2011-09-20 00:00:00+08:00,0.27348044514656067,0.275025514543719,0.27348044514656067,0.27348044514656067,661476,0.0,0.0
2011-09-21 00:00:00+08:00,0.2750254979672671,0.276570588350296,0.27348042866323385,0.276570588350296,1218810,0.0,0.0
2011-09-22 00:00:00+08:00,0.27502548694610596,0.27502548694610596,0.2734804177039886,0.27502548694610596,714119,0.0,0.0
2011-09-23 00:00:00+08:00,0.2734804177039886,0.27502548694610596,0.2719353273828765,0.27502548694610596,991070,0.0,0.0
2011-09-26 00:00:00+08:00,0.2750255377366201,0.2750255377366201,0.2657550573348999,0.2657550573348999,1684590,0.0,0.0
2011-09-27 00:00:00+08:00,0.26884521746880663,0.2703902869962606,0.2657550573348999,0.2657550573348999,1780722,0.0,0.0
2011-09-28 00:00:00+08:00,0.27039028909465584,0.27039028909465584,0.2657550593973229,0.2673001289367676,703820,0.0,0.0
2011-09-29 00:00:00+08:00,0.2657550573348999,0.26884521746880663,0.2657550573348999,0.2657550573348999,733575,0.0,0.0
2011-09-30 00:00:00+08:00,0.2673001268623539,0.26884521746880663,0.2657550573348999,0.2657550573348999,791940,0.0,0.0
2011-10-03 00:00:00+08:00,0.2673001268623539,0.2673001268623539,0.2642099667284472,0.2657550573348999,978481,0.0,0.0
2011-10-04 00:00:00+08:00,0.2642100155353546,0.26575510642722844,0.2611198548306096,0.2642100155353546,2013040,0.0,0.0
2011-10-05 00:00:00+08:00,0.2657550573348999,0.2657550573348999,0.26266487612199446,0.2657550573348999,384526,0.0,0.0
2011-10-06 00:00:00+08:00,0.2657550405993273,0.26884520053863525,0.2642099500901746,0.26884520053863525,709542,0.0,0.0
2011-10-07 00:00:00+08:00,0.2688452195552112,0.2688452195552112,0.2673001289367676,0.2673001289367676,362782,0.0,0.0
2011-10-10 00:00:00+08:00,0.2688452323299634,0.2703903019428253,0.2688452323299634,0.2703903019428253,254061,0.0,0.0
2011-10-11 00:00:00+08:00,0.27039026419425016,0.27348044514656067,0.27039026419425016,0.27348044514656067,536734,0.0,0.0
2011-10-12 00:00:00+08:00,0.2734804177039886,0.27502548694610596,0.2734804177039886,0.27502548694610596,195696,0.0,0.0
2011-10-13 00:00:00+08:00,0.27502548694610596,0.27502548694610596,0.2734804177039886,0.27502548694610596,609977,0.0,0.0
2011-10-14 00:00:00+08:00,0.27502548694610596,0.27502548694610596,0.2734804177039886,0.27502548694610596,120164,0.0,0.0
2011-10-17 00:00:00+08:00,0.2750254926251489,0.28120583295822144,0.2750254926251489,0.28120583295822144,439458,0.0,0.0
2011-10-18 00:00:00+08:00,0.2781157216164063,0.27966079115867615,0.27657063099513757,0.27966079115867615,749597,0.0,0.0
2011-10-19 00:00:00+08:00,0.27966074260520446,0.28120583295822144,0.2781156733311828,0.28120583295822144,747308,0.0,0.0
2011-10-20 00:00:00+08:00,0.2812058817799449,0.2812058817799449,0.27966079115867615,0.27966079115867615,304416,0.0,0.0
2011-10-21 00:00:00+08:00,0.2812059098309205,0.2812059098309205,0.27811574935913086,0.27811574935913086,992214,0.0,0.0
2011-10-24 00:00:00+08:00,0.2812058817799449,0.2812058817799449,0.27966079115867615,0.27966079115867615,788507,0.0,0.0
2011-10-25 00:00:00+08:00,0.28010374307632446,0.2816862318031685,0.27852123275998086,0.28010374307632446,988781,0.018699,0.0
2011-10-27 00:00:00+08:00,0.2816861867904663,0.283268696853929,0.2801036983164997,0.2816861867904663,799951,0.0,0.0
2011-10-28 00:00:00+08:00,0.2848512069173917,0.2848512069173917,0.2801036983164997,0.2816861867904663,777063,0.0,0.0
2011-10-31 00:00:00+08:00,0.283268696853929,0.283268696853929,0.2801036983164997,0.2816861867904663,297549,0.0,0.0
2011-11-01 00:00:00+08:00,0.278521329164505,0.278521329164505,0.27693881830040734,0.278521329164505,569922,0.0,0.0
2011-11-02 00:00:00+08:00,0.278521246835067,0.278521246835067,0.2769387364387512,0.2769387364387512,488668,0.0,0.0
2011-11-03 00:00:00+08:00,0.2801038400286027,0.2801038400286027,0.278521329164505,0.278521329164505,986492,0.0,0.0
2011-11-04 00:00:00+08:00,0.27852118825303707,0.2816861867904663,0.27852118825303707,0.2816861867904663,1226821,0.0,0.0
2011-11-08 00:00:00+08:00,0.28485132001030045,0.28485132001030045,0.2785212988327733,0.2832688093185425,899516,0.0,0.0
2011-11-09 00:00:00+08:00,0.28326883162328576,0.2848513424396515,0.2801038315800607,0.2848513424396515,1491183,0.0,0.0
2011-11-10 00:00:00+08:00,0.2832687421195121,0.2832687421195121,0.27852123275998086,0.28010374307632446,1080335,0.0,0.0
2011-11-11 00:00:00+08:00,0.2832687421195121,0.2832687421195121,0.28010374307632446,0.28010374307632446,1136412,0.0,0.0
2011-11-14 00:00:00+08:00,0.2816861867904663,0.2816861867904663,0.2801036983164997,0.2816861867904663,844584,0.0,0.0
2011-11-15 00:00:00+08:00,0.2801036983164997,0.2816861867904663,0.2801036983164997,0.2816861867904663,748452,0.0,0.0
2011-11-16 00:00:00+08:00,0.283268696853929,0.283268696853929,0.2801036983164997,0.2816861867904663,1084913,0.0,0.0
2011-11-17 00:00:00+08:00,0.2816863293031934,0.2816863293031934,0.278521329164505,0.278521329164505,814829,0.0,0.0
2011-11-18 00:00:00+08:00,0.278521246835067,0.278521246835067,0.2737737372356202,0.2769387364387512,571067,0.0,0.0
2011-11-21 00:00:00+08:00,0.278521246835067,0.278521246835067,0.275356247631936,0.2769387364387512,753030,0.0,0.0
2011-11-22 00:00:00+08:00,0.2753562701291105,0.2769387590652183,0.27377375960350037,0.27377375960350037,837717,0.0,0.0
2011-11-23 00:00:00+08:00,0.2769387364387512,0.2769387364387512,0.2737737372356202,0.2769387364387512,720986,0.0,0.0
2011-11-24 00:00:00+08:00,0.27377375960350037,0.2753562701291105,0.27377375960350037,0.27377375960350037,859461,0.0,0.0
2011-11-25 00:00:00+08:00,0.2737737820691397,0.2753562927246094,0.27060878234770464,0.2753562927246094,1407640,0.0,0.0
2011-11-28 00:00:00+08:00,0.27693878179057485,0.27693878179057485,0.27219129300317424,0.2753562927246094,536734,0.0,0.0
2011-11-29 00:00:00+08:00,0.2769387364387512,0.2769387364387512,0.272191248428805,0.2769387364387512,677498,0.0,0.0
2011-11-30 00:00:00+08:00,0.2769387364387512,0.2769387364387512,0.2737737372356202,0.2769387364387512,756463,0.0,0.0
2011-12-01 00:00:00+08:00,0.27693878179057485,0.27693878179057485,0.2737737820691397,0.2753562927246094,844584,0.0,0.0
2011-12-02 00:00:00+08:00,0.2769387590652183,0.2769387590652183,0.27219127066739257,0.27377375960350037,893794,0.0,0.0
2011-12-05 00:00:00+08:00,0.2737737820691397,0.27693878179057485,0.27219129300317424,0.2753562927246094,417714,0.0,0.0
2011-12-06 00:00:00+08:00,0.2753562927246094,0.27693878179057485,0.2737737820691397,0.2753562927246094,785074,0.0,0.0
2011-12-07 00:00:00+08:00,0.275356247631936,0.2769387364387512,0.2737737372356202,0.2769387364387512,263217,0.0,0.0
2011-12-08 00:00:00+08:00,0.27693867818957435,0.283268696853929,0.2737736796521451,0.2816861867904663,976192,0.0,0.0
2011-12-09 00:00:00+08:00,0.2785212924460445,0.2785212924460445,0.2753562927246094,0.2753562927246094,233462,0.0,0.0
2011-12-12 00:00:00+08:00,0.2801038031015141,0.2801038031015141,0.2753562927246094,0.2753562927246094,163652,0.0,0.0
2011-12-13 00:00:00+08:00,0.2753562701291105,0.2753562701291105,0.27377375960350037,0.27377375960350037,196840,0.0,0.0
2011-12-14 00:00:00+08:00,0.27377375960350037,0.27377375960350037,0.27377375960350037,0.27377375960350037,0,0.0,0.0
2011-12-15 00:00:00+08:00,0.2737737820691397,0.2753562927246094,0.2737737820691397,0.2753562927246094,262072,0.0,0.0
2011-12-16 00:00:00+08:00,0.2753562927246094,0.2753562927246094,0.2737737820691397,0.2753562927246094,611121,0.0,0.0
2011-12-19 00:00:00+08:00,0.2785212695908285,0.2785212695908285,0.27219127066739257,0.27377375960350037,555045,0.0,0.0
2011-12-20 00:00:00+08:00,0.27377375960350037,0.2753562701291105,0.27377375960350037,0.27377375960350037,219729,0.0,0.0
2011-12-21 00:00:00+08:00,0.27377375960350037,0.27377375960350037,0.27377375960350037,0.27377375960350037,160219,0.0,0.0
2011-12-22 00:00:00+08:00,0.2737737820691397,0.2753562927246094,0.2737737820691397,0.2753562927246094,257495,0.0,0.0
2011-12-23 00:00:00+08:00,0.2753562701291105,0.2753562701291105,0.27377375960350037,0.27377375960350037,70954,0.0,0.0
2011-12-27 00:00:00+08:00,0.27693878179057485,0.27693878179057485,0.2753562927246094,0.2753562927246094,84687,0.0,0.0
2011-12-28 00:00:00+08:00,0.2769387364387512,0.2769387364387512,0.275356247631936,0.2769387364387512,128175,0.0,0.0
2011-12-29 00:00:00+08:00,0.27693878179057485,0.27693878179057485,0.2753562927246094,0.2753562927246094,67520,0.0,0.0
2011-12-30 00:00:00+08:00,0.2769387364387512,0.278521246835067,0.2769387364387512,0.2769387364387512,165941,0.0,0.0
2012-01-03 00:00:00+08:00,0.27693881830040734,0.278521329164505,0.27693881830040734,0.278521329164505,202562,0.0,0.0
2012-01-04 00:00:00+08:00,0.2801038400286027,0.2801038400286027,0.278521329164505,0.278521329164505,152208,0.0,0.0
2012-01-05 00:00:00+08:00,0.2801038400286027,0.2801038400286027,0.278521329164505,0.278521329164505,82398,0.0,0.0
2012-01-06 00:00:00+08:00,0.2816861867904663,0.28643369539135827,0.2816861867904663,0.2816861867904663,627143,0.0,0.0
2012-01-09 00:00:00+08:00,0.2816861867904663,0.283268696853929,0.2816861867904663,0.2816861867904663,1002514,0.0,0.0
2012-01-10 00:00:00+08:00,0.2816861867904663,0.283268696853929,0.2801036983164997,0.2816861867904663,367359,0.0,0.0
2012-01-11 00:00:00+08:00,0.2816861867904663,0.283268696853929,0.2801036983164997,0.2816861867904663,406270,0.0,0.0
2012-01-12 00:00:00+08:00,0.2816861867904663,0.283268696853929,0.2816861867904663,0.2816861867904663,282672,0.0,0.0
2012-01-13 00:00:00+08:00,0.28326883162328576,0.2848513424396515,0.28168632080692,0.2848513424396515,319294,0.0,0.0
2012-01-16 00:00:00+08:00,0.283268696853929,0.2848512069173917,0.2816861867904663,0.2816861867904663,553900,0.0,0.0
2012-01-17 00:00:00+08:00,0.28168632080692,0.2848513424396515,0.28168632080692,0.2848513424396515,156785,0.0,0.0
2012-01-18 00:00:00+08:00,0.2832688093185425,0.28485132001030045,0.2832688093185425,0.2832688093185425,181963,0.0,0.0
2012-01-19 00:00:00+08:00,0.2848513424396515,0.2848513424396515,0.28326883162328576,0.2848513424396515,702675,0.0,0.0
2012-01-20 00:00:00+08:00,0.28485132681605313,0.2864338159561157,0.28485132681605313,0.2864338159561157,720986,0.0,0.0
2012-01-25 00:00:00+08:00,0.28643374930890725,0.28801625967025757,0.28643374930890725,0.28801625967025757,1292053,0.0,0.0
2012-01-26 00:00:00+08:00,0.2880163119451135,0.28959882259368896,0.2880163119451135,0.28959882259368896,481802,0.0,0.0
2012-01-27 00:00:00+08:00,0.28959877003160794,0.28959877003160794,0.28801625967025757,0.28801625967025757,1305786,0.0,0.0
2012-01-30 00:00:00+08:00,0.2885676232909617,0.2885676232909617,0.28694647550582886,0.28694647550582886,535589,0.018962,0.0
2012-01-31 00:00:00+08:00,0.2885677268324356,0.2885677268324356,0.28370423749812934,0.28532540798187256,1310364,0.0,0.0
2012-02-01 00:00:00+08:00,0.2885677268324356,0.2885677268324356,0.28532540798187256,0.28532540798187256,763330,0.0,0.0
2012-02-02 00:00:00+08:00,0.2869465784656157,0.2869465784656157,0.28370423749812934,0.28532540798187256,933849,0.0,0.0
2012-02-03 00:00:00+08:00,0.28532533169427193,0.286946501744562,0.28370416164398193,0.28370416164398193,786218,0.0,0.0
2012-02-06 00:00:00+08:00,0.286946501744562,0.286946501744562,0.28370416164398193,0.28370416164398193,1405351,0.0,0.0
2012-02-07 00:00:00+08:00,0.2853253056037806,0.28694647550582886,0.2853253056037806,0.28694647550582886,1011669,0.0,0.0
2012-02-08 00:00:00+08:00,0.28856757283210754,0.2901887424506785,0.2869464253304482,0.28856757283210754,761041,0.0,0.0
2012-02-09 00:00:00+08:00,0.2885676232909617,0.29018879319301,0.28694647550582886,0.28694647550582886,536734,0.0,0.0
2012-02-10 00:00:00+08:00,0.2901888950368791,0.2918100655078888,0.2885677245658695,0.2918100655078888,710686,0.0,0.0
2012-02-13 00:00:00+08:00,0.2918100655078888,0.2918100655078888,0.2918100655078888,0.2918100655078888,531012,0.0,0.0
2012-02-14 00:00:00+08:00,0.291809972174703,0.29667345991525945,0.291809972174703,0.29505228996276855,933849,0.0,0.0
2012-02-15 00:00:00+08:00,0.29505228996276855,0.29667345991525945,0.2934311200102777,0.29505228996276855,854883,0.0,0.0
2012-02-16 00:00:00+08:00,0.2950523843329849,0.2950523843329849,0.2918100655078888,0.2918100655078888,550467,0.0,0.0
2012-02-17 00:00:00+08:00,0.2918099974882853,0.29829463362693787,0.2918099974882853,0.29829463362693787,2422743,0.0,0.0
2012-02-20 00:00:00+08:00,0.29829462053588635,0.29991579055786133,0.29829462053588635,0.29991579055786133,960170,0.0,0.0
2012-02-21 00:00:00+08:00,0.30153697381318223,0.30153697381318223,0.29667348565073376,0.29829463362693787,1594181,0.0,0.0
2012-02-22 00:00:00+08:00,0.29829462053588635,0.29991579055786133,0.29829462053588635,0.29991579055786133,720986,0.0,0.0
2012-02-23 00:00:00+08:00,0.29991579055786133,0.29991579055786133,0.29829462053588635,0.29991579055786133,1264587,0.0,0.0
2012-02-24 00:00:00+08:00,0.2999158368213809,0.30153700709342957,0.2999158368213809,0.30153700709342957,939571,0.0,0.0
2012-02-27 00:00:00+08:00,0.3015369268934356,0.30315807461738586,0.2999157570525707,0.30315807461738586,1170744,0.0,0.0
2012-02-28 00:00:00+08:00,0.30315815524855766,0.30315815524855766,0.2999158368213809,0.30153700709342957,1094068,0.0,0.0
2012-02-29 00:00:00+08:00,0.3015369605798363,0.3031581084848942,0.29991579055786133,0.29991579055786133,1199355,0.0,0.0
2012-03-01 00:00:00+08:00,0.30153700709342957,0.30315815524855766,0.30153700709342957,0.30153700709342957,1105512,0.0,0.0
2012-03-02 00:00:00+08:00,0.3015369268934356,0.30315807461738586,0.3015369268934356,0.30315807461738586,568778,0.0,0.0
2012-03-05 00:00:00+08:00,0.30315815524855766,0.30315815524855766,0.30153700709342957,0.30153700709342957,500112,0.0,0.0
2012-03-06 00:00:00+08:00,0.3015369605798363,0.3031581084848942,0.29991579055786133,0.29991579055786133,1522082,0.0,0.0
2012-03-07 00:00:00+08:00,0.3015369605798363,0.3015369605798363,0.29991579055786133,0.29991579055786133,1143278,0.0,0.0
2012-03-08 00:00:00+08:00,0.2999158368213809,0.30315815524855766,0.2999158368213809,0.30153700709342957,327304,0.0,0.0
2012-03-09 00:00:00+08:00,0.30153700709342957,0.3047793255206063,0.30153700709342957,0.30153700709342957,1060880,0.0,0.0
2012-03-12 00:00:00+08:00,0.3047792613506317,0.30802157909515226,0.3031580914199135,0.3047792613506317,2244213,0.0,0.0
2012-03-13 00:00:00+08:00,0.3047792613506317,0.3064004312813499,0.3047792613506317,0.3047792613506317,1516360,0.0,0.0
2012-03-14 00:00:00+08:00,0.30640042741911117,0.30802157521247864,0.30640042741911117,0.30802157521247864,821695,0.0,0.0
2012-03-15 00:00:00+08:00,0.30802157521247864,0.30802157521247864,0.30640042741911117,0.30802157521247864,1593036,0.0,0.0
2012-03-16 00:00:00+08:00,0.30802154952416344,0.31126388907432556,0.3064004018659961,0.31126388907432556,3179207,0.0,0.0
2012-03-19 00:00:00+08:00,0.309642705770823,0.31126387547507445,0.3064003884792328,0.3064003884792328,1233687,0.0,0.0
2012-03-20 00:00:00+08:00,0.3064005325366909,0.3112640218191536,0.3064005325366909,0.30964285135269165,852595,0.0,0.0
2012-03-21 00:00:00+08:00,0.30964285135269165,0.3112640218191536,0.30964285135269165,0.30964285135269165,866328,0.0,0.0
2012-03-22 00:00:00+08:00,0.3096427451227617,0.3096427451227617,0.30802157521247864,0.30802157521247864,249484,0.0,0.0
2012-03-23 00:00:00+08:00,0.3080216808862297,0.30964285135269165,0.3080216808862297,0.30964285135269165,471502,0.0,0.0
2012-03-26 00:00:00+08:00,0.30964285135269165,0.30964285135269165,0.3080216808862297,0.30964285135269165,841150,0.0,0.0
2012-03-27 00:00:00+08:00,0.3096427192992445,0.31126388907432556,0.3096427192992445,0.31126388907432556,394825,0.0,0.0
2012-03-28 00:00:00+08:00,0.3112640218191536,0.3112640218191536,0.30964285135269165,0.30964285135269165,330738,0.0,0.0
2012-03-29 00:00:00+08:00,0.30802157521247864,0.3096427451227617,0.30640042741911117,0.30802157521247864,767907,0.0,0.0
2012-03-30 00:00:00+08:00,0.3080216808862297,0.3112640218191536,0.3080216808862297,0.30964285135269165,446324,0.0,0.0
2012-04-02 00:00:00+08:00,0.3096427192992445,0.31126388907432556,0.3096427192992445,0.31126388907432556,307849,0.0,0.0
2012-04-03 00:00:00+08:00,0.3112640465385766,0.31288519501686096,0.30964287594336737,0.31288519501686096,638588,0.0,0.0
2012-04-04 00:00:00+08:00,0.3112640465385766,0.31288519501686096,0.3112640465385766,0.31288519501686096,587088,0.0,0.0
2012-04-05 00:00:00+08:00,0.3112640218191536,0.3112640218191536,0.30964285135269165,0.30964285135269165,450902,0.0,0.0
2012-04-09 00:00:00+08:00,0.3112640218191536,0.3112640218191536,0.30964285135269165,0.30964285135269165,262072,0.0,0.0
2012-04-10 00:00:00+08:00,0.31126388907432556,0.3128850367324929,0.3096427192992445,0.31126388907432556,445180,0.0,0.0
2012-04-11 00:00:00+08:00,0.3096427192992445,0.31126388907432556,0.30802154952416344,0.31126388907432556,596244,0.0,0.0
2012-04-12 00:00:00+08:00,0.3112640465385766,0.31288519501686096,0.3112640465385766,0.31288519501686096,559622,0.0,0.0
2012-04-13 00:00:00+08:00,0.3128850924769044,0.31450626254081726,0.3128850924769044,0.31450626254081726,353626,0.0,0.0
2012-04-16 00:00:00+08:00,0.31450626254081726,0.31612743260473014,0.3128850924769044,0.31450626254081726,1345841,0.0,0.0
2012-04-17 00:00:00+08:00,0.3145063656120702,0.3161275362072794,0.31288519501686096,0.31288519501686096,407414,0.0,0.0
2012-04-18 00:00:00+08:00,0.3161274194717407,0.3161274194717407,0.31450624947517664,0.3161274194717407,517279,0.0,0.0
2012-04-19 00:00:00+08:00,0.31450624947517664,0.3161274194717407,0.31450624947517664,0.3161274194717407,747308,0.0,0.0
2012-04-20 00:00:00+08:00,0.31774856735138807,0.3193697373479521,0.3161274194717407,0.3161274194717407,2584107,0.0,0.0
2012-04-23 00:00:00+08:00,0.3177485805517254,0.3177485805517254,0.31450626254081726,0.31450626254081726,2499419,0.0,0.0
2012-04-24 00:00:00+08:00,0.3161274581271088,0.3177486062049866,0.31288511773751443,0.3177486062049866,1333252,0.0,0.0
2012-04-25 00:00:00+08:00,0.3186115324497223,0.3202709486487297,0.3186115324497223,0.3186115324497223,1413362,0.019748,0.0
2012-04-26 00:00:00+08:00,0.3186115039989952,0.3186115039989952,0.315292626619339,0.315292626619339,1598758,0.0,0.0
2012-04-27 00:00:00+08:00,0.31529272970909084,0.3169521689414978,0.31529272970909084,0.3169521689414978,751885,0.0,0.0
2012-04-30 00:00:00+08:00,0.316952093611713,0.3186115324497223,0.3136332385746963,0.3186115324497223,999081,0.0,0.0
2012-05-02 00:00:00+08:00,0.3186115324497223,0.3202709486487297,0.316952093611713,0.3186115324497223,1476305,0.0,0.0
2012-05-03 00:00:00+08:00,0.3202709486487297,0.3202709486487297,0.3186115324497223,0.3186115324497223,584800,0.0,0.0
2012-05-04 00:00:00+08:00,0.3186115324497223,0.3202709486487297,0.3186115324497223,0.3186115324497223,692375,0.0,0.0
2012-05-07 00:00:00+08:00,0.31861160817390477,0.31861160817390477,0.31529272970909084,0.3169521689414978,699242,0.0,0.0
2012-05-08 00:00:00+08:00,0.3169521689414978,0.31861160817390477,0.3169521689414978,0.3169521689414978,374226,0.0,0.0
2012-05-09 00:00:00+08:00,0.31861160817390477,0.31861160817390477,0.3169521689414978,0.3169521689414978,560767,0.0,0.0
2012-05-10 00:00:00+08:00,0.3169521689414978,0.31861160817390477,0.3169521689414978,0.3169521689414978,740441,0.0,0.0
2012-05-11 00:00:00+08:00,0.3186115324497223,0.3186115324497223,0.316952093611713,0.3186115324497223,1221099,0.0,0.0
2012-05-14 00:00:00+08:00,0.3169520653091671,0.3186115039989952,0.315292626619339,0.315292626619339,1079190,0.0,0.0
2012-05-15 00:00:00+08:00,0.3169521689414978,0.31861160817390477,0.31529272970909084,0.3169521689414978,996792,0.0,0.0
2012-05-16 00:00:00+08:00,0.3169520653091671,0.3186115039989952,0.315292626619339,0.315292626619339,2195003,0.0,0.0
2012-05-17 00:00:00+08:00,0.31861160817390477,0.31861160817390477,0.31529272970909084,0.3169521689414978,621421,0.0,0.0
2012-05-18 00:00:00+08:00,0.31529267943994277,0.31529267943994277,0.31031438517545074,0.3136332631111145,3363459,0.0,0.0
2012-05-21 00:00:00+08:00,0.3136332191287207,0.3152926352248406,0.31031434165848015,0.31197378039360046,1425951,0.0,0.0
2012-05-22 00:00:00+08:00,0.3119738738832842,0.3169521689414978,0.3119738738832842,0.3169521689414978,1441972,0.0,0.0
2012-05-23 00:00:00+08:00,0.31529272970909084,0.3169521689414978,0.31363331311569115,0.3169521689414978,1484316,0.0,0.0
2012-05-24 00:00:00+08:00,0.315292626619339,0.3169520653091671,0.315292626619339,0.315292626619339,742730,0.0,0.0
2012-05-25 00:00:00+08:00,0.3169521689414978,0.3169521689414978,0.31363331311569115,0.3169521689414978,1151289,0.0,0.0
2012-05-28 00:00:00+08:00,0.3169521689414978,0.3169521689414978,0.31363331311569115,0.3169521689414978,205996,0.0,0.0
2012-05-29 00:00:00+08:00,0.3169521689414978,0.3169521689414978,0.31529272970909084,0.3169521689414978,292972,0.0,0.0
2012-05-30 00:00:00+08:00,0.3169520653091671,0.3169520653091671,0.315292626619339,0.315292626619339,317005,0.0,0.0
2012-05-31 00:00:00+08:00,0.3169520653091671,0.3169520653091671,0.315292626619339,0.315292626619339,1160444,0.0,0.0
2012-06-01 00:00:00+08:00,0.315292626619339,0.3169520653091671,0.315292626619339,0.315292626619339,613410,0.0,0.0
2012-06-04 00:00:00+08:00,0.31529267943994277,0.31529267943994277,0.3119738241432826,0.3136332631111145,533301,0.0,0.0
2012-06-05 00:00:00+08:00,0.31197378039360046,0.3152926352248406,0.31197378039360046,0.31197378039360046,2002740,0.0,0.0
2012-06-06 00:00:00+08:00,0.3119738241432826,0.31529267943994277,0.31031438517545074,0.3136332631111145,858317,0.0,0.0
2012-06-07 00:00:00+08:00,0.31529267943994277,0.31529267943994277,0.3136332631111145,0.3136332631111145,787363,0.0,0.0
2012-06-08 00:00:00+08:00,0.31363323491805506,0.31529265109771537,0.3103143572807312,0.3103143572807312,2494842,0.0,0.0
2012-06-11 00:00:00+08:00,0.31197378039360046,0.3136332191287207,0.31197378039360046,0.31197378039360046,782785,0.0,0.0
2012-06-12 00:00:00+08:00,0.315292626619339,0.315292626619339,0.3136332105685108,0.315292626619339,411992,0.0,0.0
2012-06-13 00:00:00+08:00,0.315292626619339,0.315292626619339,0.3136332105685108,0.315292626619339,678642,0.0,0.0
2012-06-14 00:00:00+08:00,0.31529267943994277,0.31529267943994277,0.3136332631111145,0.3136332631111145,691231,0.0,0.0
2012-06-15 00:00:00+08:00,0.3136332385746963,0.3186115324497223,0.3136332385746963,0.3186115324497223,1254287,0.0,0.0
2012-06-18 00:00:00+08:00,0.3186115324497223,0.3202709486487297,0.316952093611713,0.3186115324497223,1174177,0.0,0.0
2012-06-19 00:00:00+08:00,0.31861160817390477,0.32027102476730446,0.3169521689414978,0.3169521689414978,1317230,0.0,0.0
2012-06-20 00:00:00+08:00,0.3186115324497223,0.3186115324497223,0.316952093611713,0.3186115324497223,791940,0.0,0.0
2012-06-21 00:00:00+08:00,0.3186115324497223,0.3202709486487297,0.3186115324497223,0.3186115324497223,565344,0.0,0.0
2012-06-22 00:00:00+08:00,0.31861155322436496,0.3219304084777832,0.31861155322436496,0.3219304084777832,1476305,0.0,0.0
2012-06-25 00:00:00+08:00,0.32193039272563845,0.32358983159065247,0.3202709538606245,0.32358983159065247,2146937,0.0,0.0
2012-06-26 00:00:00+08:00,0.32358983159065247,0.32358983159065247,0.32193039272563845,0.32358983159065247,1811621,0.0,0.0
2012-06-27 00:00:00+08:00,0.32358983159065247,0.32358983159065247,0.32193039272563845,0.32358983159065247,1114668,0.0,0.0
2012-06-28 00:00:00+08:00,0.3252492478166642,0.3252492478166642,0.32193039272563845,0.32358983159065247,939571,0.0,0.0
2012-06-29 00:00:00+08:00,0.32358983159065247,0.3252492478166642,0.32358983159065247,0.32358983159065247,961315,0.0,0.0
2012-07-02 00:00:00+08:00,0.3252492389963786,0.326908677816391,0.3252492389963786,0.326908677816391,1532382,0.0,0.0
2012-07-03 00:00:00+08:00,0.32690872355804823,0.32690872355804823,0.3252492845058441,0.3252492845058441,1215377,0.0,0.0
2012-07-04 00:00:00+08:00,0.326908677816391,0.3285681166364034,0.3252492389963786,0.326908677816391,1308075,0.0,0.0
2012-07-05 00:00:00+08:00,0.3285681903362274,0.3285681903362274,0.3269087511439928,0.3285681903362274,1176466,0.0,0.0
2012-07-06 00:00:00+08:00,0.3285681672103425,0.3302275836467743,0.3269087281349055,0.3302275836467743,2018762,0.0,0.0
2012-07-09 00:00:00+08:00,0.3302275836467743,0.33188702272221127,0.3285681672103425,0.3302275836467743,1455706,0.0,0.0
2012-07-10 00:00:00+08:00,0.33188703656196594,0.33188703656196594,0.33022759741733004,0.33188703656196594,1791021,0.0,0.0
2012-07-11 00:00:00+08:00,0.33188696130185597,0.33354640007019043,0.33188696130185597,0.33354640007019043,1692601,0.0,0.0
2012-07-12 00:00:00+08:00,0.3335464663287302,0.33520588278770447,0.3335464663287302,0.33520588278770447,2089716,0.0,0.0
2012-07-13 00:00:00+08:00,0.3352059558478763,0.3368653953075409,0.3335465390272221,0.3368653953075409,1519793,0.0,0.0
2012-07-16 00:00:00+08:00,0.3368653218856842,0.3368653218856842,0.3335464663287302,0.33520588278770447,1725789,0.0,0.0
2012-07-17 00:00:00+08:00,0.33520588278770447,0.33520588278770447,0.3335464663287302,0.33520588278770447,1356141,0.0,0.0
2012-07-18 00:00:00+08:00,0.33520588278770447,0.3368653218856842,0.33520588278770447,0.33520588278770447,2161815,0.0,0.0
2012-07-19 00:00:00+08:00,0.33520588278770447,0.33852476098366385,0.33520588278770447,0.33520588278770447,3806350,0.0,0.0
2012-07-20 00:00:00+08:00,0.33520588278770447,0.33852476098366385,0.33520588278770447,0.33520588278770447,2877079,0.0,0.0
2012-07-23 00:00:00+08:00,0.3368653953075409,0.3385248347672055,0.3368653953075409,0.3368653953075409,2087427,0.0,0.0
2012-07-24 00:00:00+08:00,0.33188709956755746,0.3385248347672055,0.33188709956755746,0.3368653953075409,2612717,0.0,0.0
2012-07-25 00:00:00+08:00,0.3394792973995209,0.3394792973995209,0.3360845194775086,0.3394792973995209,1585025,0.019835,0.0
2012-07-26 00:00:00+08:00,0.3394792585237146,0.3411766588687897,0.33778185817863954,0.3411766588687897,1365296,0.0,0.0
2012-07-27 00:00:00+08:00,0.3411766588687897,0.34457143640204557,0.3411766588687897,0.3411766588687897,2251080,0.0,0.0
2012-07-30 00:00:00+08:00,0.34287403605697053,0.34287403605697053,0.3411766588687897,0.3411766588687897,710686,0.0,0.0
2012-07-31 00:00:00+08:00,0.34117658391811756,0.3428739607334137,0.34117658391811756,0.3428739607334137,545889,0.0,0.0
2012-08-01 00:00:00+08:00,0.3428739607334137,0.3428739607334137,0.34117658391811756,0.3428739607334137,709542,0.0,0.0
2012-08-02 00:00:00+08:00,0.3428739607334137,0.3428739607334137,0.34117658391811756,0.3428739607334137,385670,0.0,0.0
2012-08-03 00:00:00+08:00,0.3428739607334137,0.3428739607334137,0.34117658391811756,0.3428739607334137,1334397,0.0,0.0
2012-08-06 00:00:00+08:00,0.3428740410422175,0.34457144141197205,0.3428740410422175,0.34457144141197205,1289764,0.0,0.0
2012-08-07 00:00:00+08:00,0.34457144141197205,0.34457144141197205,0.3428740410422175,0.34457144141197205,910960,0.0,0.0
2012-08-08 00:00:00+08:00,0.34457136070559896,0.34457136070559896,0.34117658391811756,0.3428739607334137,2704271,0.0,0.0
2012-08-10 00:00:00+08:00,0.34457131373347877,0.3462687134742737,0.34457131373347877,0.3462687134742737,1876853,0.0,0.0
2012-08-13 00:00:00+08:00,0.34626879281826356,0.351360946893692,0.34457139268852655,0.351360946893692,3974581,0.0,0.0
2012-08-14 00:00:00+08:00,0.3513608787600503,0.3530582785606384,0.34966350211634895,0.3530582785606384,2674516,0.0,0.0
2012-08-15 00:00:00+08:00,0.3530582785606384,0.3530582785606384,0.3513608787600503,0.3530582785606384,1210799,0.0,0.0
2012-08-16 00:00:00+08:00,0.3513608787600503,0.3530582785606384,0.34966350211634895,0.3530582785606384,945293,0.0,0.0
2012-08-17 00:00:00+08:00,0.3496635699208463,0.351360946893692,0.3496635699208463,0.351360946893692,1290909,0.0,0.0
2012-08-21 00:00:00+08:00,0.3496635699208463,0.351360946893692,0.3496635699208463,0.351360946893692,1005947,0.0,0.0
2012-08-22 00:00:00+08:00,0.351360946893692,0.351360946893692,0.3479661697911093,0.351360946893692,1930641,0.0,0.0
2012-08-23 00:00:00+08:00,0.35305834702342903,0.35305834702342903,0.3496635699208463,0.351360946893692,2103449,0.0,0.0
2012-08-24 00:00:00+08:00,0.3513608787600503,0.3530582785606384,0.3513608787600503,0.3530582785606384,565344,0.0,0.0
2012-08-27 00:00:00+08:00,0.3513608787600503,0.3530582785606384,0.3513608787600503,0.3530582785606384,1595325,0.0,0.0
2012-08-28 00:00:00+08:00,0.3530582785606384,0.3530582785606384,0.3513608787600503,0.3530582785606384,1453417,0.0,0.0
2012-08-29 00:00:00+08:00,0.35305831411993877,0.3564530909061432,0.35305831411993877,0.3564530909061432,2370100,0.0,0.0
2012-08-30 00:00:00+08:00,0.3564531362698698,0.3564531362698698,0.3547557592391968,0.3547557592391968,917827,0.0,0.0
2012-08-31 00:00:00+08:00,0.3547557592391968,0.3564531362698698,0.3547557592391968,0.3547557592391968,930415,0.0,0.0
2012-09-03 00:00:00+08:00,0.35475571409148554,0.3564530909061432,0.35475571409148554,0.3564530909061432,1469439,0.0,0.0
2012-09-04 00:00:00+08:00,0.3564531622338857,0.3598479628562927,0.3564531622338857,0.3598479628562927,2088571,0.0,0.0
2012-09-05 00:00:00+08:00,0.35984787079020164,0.3666378176512326,0.35815047091327323,0.3649400472640991,4955351,0.0,0.0
2012-09-06 00:00:00+08:00,0.3649400472640991,0.3666378176512326,0.3632426473871707,0.3649400472640991,1112379,0.0,0.0
2012-09-07 00:00:00+08:00,0.3666379153728485,0.3683353157021925,0.3666379153728485,0.3666379153728485,2729448,0.0,0.0
2012-09-10 00:00:00+08:00,0.366637844015516,0.37682219769564995,0.366637844015516,0.3734274208545685,4657801,0.0,0.0
2012-09-11 00:00:00+08:00,0.3751248627092352,0.37682226300239563,0.3683353078503802,0.37682226300239563,3453868,0.0,0.0
2012-09-12 00:00:00+08:00,0.37512487173080444,0.3768222720647866,0.37173009421973424,0.37512487173080444,1841376,0.0,0.0
2012-09-13 00:00:00+08:00,0.37512487173080444,0.3768222720647866,0.3734274945537164,0.37512487173080444,1181044,0.0,0.0
2012-09-14 00:00:00+08:00,0.37682226300239563,0.3802170404318231,0.3751248627092352,0.37682226300239563,3129996,0.0,0.0
2012-09-17 00:00:00+08:00,0.37851977348327637,0.38021715111365273,0.3768223726959997,0.37851977348327637,2030206,0.0,0.0
2012-09-18 00:00:00+08:00,0.37851966329555614,0.37851966329555614,0.37682226300239563,0.37682226300239563,1052869,0.0,0.0
2012-09-19 00:00:00+08:00,0.37682226300239563,0.37851966329555614,0.37682226300239563,0.37682226300239563,838862,0.0,0.0
2012-09-20 00:00:00+08:00,0.37682226300239563,0.37851966329555614,0.3751248627092352,0.37682226300239563,1688023,0.0,0.0
2012-09-21 00:00:00+08:00,0.38021699807827436,0.383611798286438,0.38021699807827436,0.383611798286438,6286315,0.0,0.0
2012-09-24 00:00:00+08:00,0.383611798286438,0.383611798286438,0.3819143981823562,0.383611798286438,2083994,0.0,0.0
2012-09-25 00:00:00+08:00,0.38361177418927334,0.38870395102475497,0.38361177418927334,0.387006551027298,4472405,0.0,0.0
2012-09-26 00:00:00+08:00,0.38700661965882455,0.38700661965882455,0.38530921936035156,0.38530921936035156,690087,0.0,0.0
2012-09-27 00:00:00+08:00,0.3853091510298409,0.38870395102475497,0.3853091510298409,0.387006551027298,2569229,0.0,0.0
2012-09-28 00:00:00+08:00,0.388703852891922,0.388703852891922,0.3870064533229933,0.388703852891922,1589603,0.0,0.0
2012-10-01 00:00:00+08:00,0.388703852891922,0.388703852891922,0.3870064533229933,0.388703852891922,698098,0.0,0.0
2012-10-02 00:00:00+08:00,0.388703852891922,0.388703852891922,0.3870064533229933,0.388703852891922,716408,0.0,0.0
2012-10-03 00:00:00+08:00,0.38700661965882455,0.38870401995729753,0.38530921936035156,0.38530921936035156,1111234,0.0,0.0
2012-10-04 00:00:00+08:00,0.3853091510298409,0.387006551027298,0.3853091510298409,0.387006551027298,1575870,0.0,0.0
2012-10-05 00:00:00+08:00,0.3870064533229933,0.388703852891922,0.38530905375406466,0.388703852891922,2072550,0.0,0.0
2012-10-08 00:00:00+08:00,0.38870401995729753,0.38870401995729753,0.3836118422187721,0.38530921936035156,2790103,0.0,0.0
2012-10-09 00:00:00+08:00,0.38530921936035156,0.38700661965882455,0.3836118422187721,0.38530921936035156,1683446,0.0,0.0
2012-10-10 00:00:00+08:00,0.3836118422187721,0.38530921936035156,0.3836118422187721,0.38530921936035156,1610203,0.0,0.0
2012-10-11 00:00:00+08:00,0.3836118422187721,0.38530921936035156,0.3836118422187721,0.38530921936035156,980770,0.0,0.0
2012-10-12 00:00:00+08:00,0.38530921936035156,0.38530921936035156,0.3836118422187721,0.38530921936035156,1234832,0.0,0.0
2012-10-15 00:00:00+08:00,0.3853091752336289,0.3870065753377107,0.383611798286438,0.383611798286438,1557559,0.0,0.0
2012-10-16 00:00:00+08:00,0.3853091752336289,0.3853091752336289,0.383611798286438,0.383611798286438,2830158,0.0,0.0
2012-10-17 00:00:00+08:00,0.3853091752336289,0.3887039754417926,0.383611798286438,0.383611798286438,5993343,0.0,0.0
2012-10-18 00:00:00+08:00,0.3853091752336289,0.3853091752336289,0.383611798286438,0.383611798286438,4373984,0.0,0.0
2012-10-19 00:00:00+08:00,0.38530921936035156,0.3904014202557705,0.3836118422187721,0.38530921936035156,10091522,0.0,0.0
2012-10-22 00:00:00+08:00,0.3870065041841494,0.39040130376815796,0.3870065041841494,0.39040130376815796,2127482,0.0,0.0
2012-10-23 00:00:00+08:00,0.39040125246085067,0.39040125246085067,0.3870064533229933,0.388703852891922,2786670,0.0,0.0
2012-10-24 00:00:00+08:00,0.38814942394135626,0.3916150494969066,0.3864166348035917,0.38988223671913147,1567859,0.020447,0.0
2012-10-25 00:00:00+08:00,0.3916151225566864,0.3916151225566864,0.3881494963545883,0.3916151225566864,1610203,0.0,0.0
2012-10-29 00:00:00+08:00,0.3916151261268814,0.3916151261268814,0.38641671041635733,0.3881494998931885,3251305,0.0,0.0
2012-10-30 00:00:00+08:00,0.38641669993807604,0.38641669993807604,0.37948547129865645,0.381218284368515,4139377,0.0,0.0
2012-10-31 00:00:00+08:00,0.3846839368343353,0.38814953978418065,0.38121833388448995,0.3846839368343353,2580673,0.0,0.0
2012-11-01 00:00:00+08:00,0.3829511235394038,0.3846839368343353,0.3829511235394038,0.3846839368343353,684364,0.0,0.0
2012-11-02 00:00:00+08:00,0.38468389729951086,0.38988231301003495,0.38468389729951086,0.3881494998931885,2165248,0.0,0.0
2012-11-05 00:00:00+08:00,0.38814942394135626,0.3916150494969066,0.38814942394135626,0.38988223671913147,1193633,0.0,0.0
2012-11-06 00:00:00+08:00,0.38988223671913147,0.38988223671913147,0.3864166348035917,0.38988223671913147,751885,0.0,0.0
2012-11-07 00:00:00+08:00,0.38988223671913147,0.38988223671913147,0.38814942394135626,0.38988223671913147,492101,0.0,0.0
2012-11-08 00:00:00+08:00,0.3864166348035917,0.38988223671913147,0.3864166348035917,0.38988223671913147,984203,0.0,0.0
2012-11-09 00:00:00+08:00,0.3881494998931885,0.38988231301003495,0.38641671041635733,0.3881494998931885,874339,0.0,0.0
2012-11-12 00:00:00+08:00,0.38814942394135626,0.38988223671913147,0.38814942394135626,0.38988223671913147,907527,0.0,0.0
2012-11-14 00:00:00+08:00,0.3881496425880669,0.3881496425880669,0.38468403872033446,0.38641685247421265,986492,0.0,0.0
2012-11-15 00:00:00+08:00,0.38468381310370636,0.38468381310370636,0.3794853985309601,0.3794853985309601,1597614,0.0,0.0
2012-11-16 00:00:00+08:00,0.3794854747908216,0.3794854747908216,0.37428705917342286,0.3777526617050171,2549774,0.0,0.0
2012-11-19 00:00:00+08:00,0.3777525857933746,0.3794853985309601,0.37601979669579927,0.3794853985309601,622566,0.0,0.0
2012-11-20 00:00:00+08:00,0.3794856210987238,0.38641685247421265,0.3794856210987238,0.38641685247421265,2233913,0.0,0.0
2012-11-21 00:00:00+08:00,0.3846839368343353,0.3846839368343353,0.38121833388448995,0.3846839368343353,1400773,0.0,0.0
2012-11-22 00:00:00+08:00,0.38468395377498843,0.38468395377498843,0.3812183506725254,0.38295114040374756,421147,0.0,0.0
2012-11-23 00:00:00+08:00,0.381218284368515,0.38295107379835897,0.381218284368515,0.381218284368515,305560,0.0,0.0
2012-11-26 00:00:00+08:00,0.3812183506725254,0.38468395377498843,0.3812183506725254,0.38295114040374756,1074613,0.0,0.0
2012-11-27 00:00:00+08:00,0.38295108418266444,0.3933479156037126,0.38295108418266444,0.3881494998931885,1514071,0.0,0.0
2012-11-28 00:00:00+08:00,0.3898823530791122,0.3898823530791122,0.3846839368343353,0.3846839368343353,408559,0.0,0.0
2012-11-29 00:00:00+08:00,0.3846839368343353,0.3846839368343353,0.3829511235394038,0.3846839368343353,1762411,0.0,0.0
2012-11-30 00:00:00+08:00,0.3829511235394038,0.39161516637404364,0.3829511235394038,0.3846839368343353,1697179,0.0,0.0
2012-12-03 00:00:00+08:00,0.3846839368343353,0.38814953978418065,0.3846839368343353,0.3846839368343353,926982,0.0,0.0
2012-12-04 00:00:00+08:00,0.3829511235394038,0.3846839368343353,0.3829511235394038,0.3846839368343353,381092,0.0,0.0
2012-12-05 00:00:00+08:00,0.3846839368343353,0.3864167501292668,0.3829511235394038,0.3846839368343353,1081479,0.0,0.0
2012-12-06 00:00:00+08:00,0.38468395377498843,0.38468395377498843,0.38295114040374756,0.38295114040374756,1654835,0.0,0.0
2012-12-07 00:00:00+08:00,0.38295107379835897,0.38468388686821753,0.381218284368515,0.381218284368515,2239635,0.0,0.0
2012-12-10 00:00:00+08:00,0.38295114040374756,0.38468395377498843,0.38295114040374756,0.38295114040374756,1166167,0.0,0.0
2012-12-11 00:00:00+08:00,0.38295114040374756,0.38468395377498843,0.38295114040374756,0.38295114040374756,621421,0.0,0.0
2012-12-12 00:00:00+08:00,0.3846839368343353,0.3846839368343353,0.3829511235394038,0.3846839368343353,1159300,0.0,0.0
2012-12-13 00:00:00+08:00,0.38468389729951086,0.3881494998931885,0.38468389729951086,0.3881494998931885,1243987,0.0,0.0
2012-12-14 00:00:00+08:00,0.38468403872033446,0.38988245634194507,0.38468403872033446,0.38641685247421265,964748,0.0,0.0
2012-12-17 00:00:00+08:00,0.38468389729951086,0.3881494998931885,0.38468389729951086,0.3881494998931885,645454,0.0,0.0
2012-12-18 00:00:00+08:00,0.38814942394135626,0.38988223671913147,0.3864166348035917,0.38988223671913147,1221099,0.0,0.0
2012-12-19 00:00:00+08:00,0.38814956204895407,0.39334797859191895,0.38814956204895407,0.39334797859191895,1533526,0.0,0.0
2012-12-20 00:00:00+08:00,0.3916151261268814,0.3916151261268814,0.3881494998931885,0.3881494998931885,1318375,0.0,0.0
2012-12-21 00:00:00+08:00,0.3881494998931885,0.38988231301003495,0.38641671041635733,0.3881494998931885,880061,0.0,0.0
2012-12-24 00:00:00+08:00,0.38988231301003495,0.38988231301003495,0.3881494998931885,0.3881494998931885,304416,0.0,0.0
2012-12-26 00:00:00+08:00,0.3916151225566864,0.3916151225566864,0.3881494963545883,0.3916151225566864,621421,0.0,0.0
2012-12-27 00:00:00+08:00,0.38988230945563734,0.39334791201772046,0.38988230945563734,0.3916151225566864,559622,0.0,0.0
2012-12-28 00:00:00+08:00,0.39161518883761,0.39508079198624696,0.39161518883761,0.39334797859191895,1120390,0.0,0.0
2012-12-31 00:00:00+08:00,0.39334787268775057,0.39508068561553955,0.3916150833999742,0.39508068561553955,876628,0.0,0.0
2013-01-02 00:00:00+08:00,0.39681342244148254,0.3985462350369485,0.39681342244148254,0.39681342244148254,2030206,0.0,0.0
2013-01-03 00:00:00+08:00,0.3985462350369485,0.4002790476324145,0.39681342244148254,0.39681342244148254,1222243,0.0,0.0
2013-01-04 00:00:00+08:00,0.40374462554333024,0.40374462554333024,0.39508060984601656,0.39681342244148254,4499871,0.0,0.0
2013-01-07 00:00:00+08:00,0.39854632154037917,0.4020119002034896,0.39854632154037917,0.40027913451194763,1750967,0.0,0.0
2013-01-08 00:00:00+08:00,0.4037447131750581,0.4037447131750581,0.3968135085688107,0.40027913451194763,2260235,0.0,0.0
2013-01-09 00:00:00+08:00,0.4020119002034896,0.4020119002034896,0.3968135085688107,0.40027913451194763,2994954,0.0,0.0
2013-01-10 00:00:00+08:00,0.40027913451194763,0.4020119002034896,0.39854632154037917,0.40027913451194763,2562363,0.0,0.0
2013-01-11 00:00:00+08:00,0.40027913451194763,0.4020119002034896,0.39854632154037917,0.40027913451194763,1931786,0.0,0.0
2013-01-14 00:00:00+08:00,0.39854632154037917,0.40027913451194763,0.3968135085688107,0.40027913451194763,1067746,0.0,0.0
2013-01-15 00:00:00+08:00,0.39854632154037917,0.40027913451194763,0.39854632154037917,0.40027913451194763,806818,0.0,0.0
2013-01-16 00:00:00+08:00,0.40027909126104994,0.4020118567653634,0.39681346569238024,0.3985462784767151,2057672,0.0,0.0
2013-01-17 00:00:00+08:00,0.40027913451194763,0.40027913451194763,0.3968135085688107,0.40027913451194763,2360944,0.0,0.0
2013-01-18 00:00:00+08:00,0.4002791589925828,0.41067594289779663,0.4002791589925828,0.41067594289779663,7302563,0.0,0.0
2013-01-21 00:00:00+08:00,0.41067594289779663,0.41240875597534205,0.4089431771002806,0.41067594289779663,4652079,0.0,0.0
2013-01-22 00:00:00+08:00,0.4089432656764984,0.4106760318493278,0.4072104522236294,0.4089432656764984,4656657,0.0,0.0
2013-01-23 00:00:00+08:00,0.4103937211699381,0.4103937211699381,0.4068558862878336,0.4086248278617859,3390925,0.021059,0.0
2013-01-24 00:00:00+08:00,0.4103938136617908,0.4139316976070404,0.40862491995497696,0.4139316976070404,2762637,0.0,0.0
2013-01-25 00:00:00+08:00,0.41216270601864013,0.4174695312976837,0.41216270601864013,0.4174695312976837,1415651,0.0,0.0
2013-01-28 00:00:00+08:00,0.4157005895380025,0.4174695312976837,0.4157005895380025,0.4174695312976837,1290909,0.0,0.0
2013-01-29 00:00:00+08:00,0.417469526388921,0.417469526388921,0.4157005846500397,0.4157005846500397,991070,0.0,0.0
2013-01-30 00:00:00+08:00,0.4157005846500397,0.417469526388921,0.4157005846500397,0.4157005846500397,1150145,0.0,0.0
2013-01-31 00:00:00+08:00,0.41216270117227705,0.4157005846500397,0.41216270117227705,0.4157005846500397,2411299,0.0,0.0
2013-02-01 00:00:00+08:00,0.41393164291115836,0.417469526388921,0.41393164291115836,0.4157005846500397,712975,0.0,0.0
2013-02-04 00:00:00+08:00,0.41746956400923335,0.42454528333658315,0.41570062211094366,0.42277634143829346,2667650,0.0,0.0
2013-02-05 00:00:00+08:00,0.42277641197521176,0.43162107467651367,0.421007469781788,0.43162107467651367,5550451,0.0,0.0
2013-02-06 00:00:00+08:00,0.4263142987824036,0.4316210771269865,0.4245453565789369,0.42808324098587036,3317682,0.0,0.0
2013-02-07 00:00:00+08:00,0.42808323855548314,0.43162107467651367,0.42631429636205936,0.43162107467651367,1504916,0.0,0.0
2013-02-08 00:00:00+08:00,0.4316209603898333,0.43338990211486816,0.42985201866479844,0.43338990211486816,1116956,0.0,0.0
2013-02-13 00:00:00+08:00,0.43338996637981575,0.4386967923418395,0.43162102439247446,0.435158908367157,1197066,0.0,0.0
2013-02-14 00:00:00+08:00,0.43692782995536916,0.4386967718601227,0.4351588880506156,0.4386967718601227,1403062,0.0,0.0
2013-02-15 00:00:00+08:00,0.44046564834788315,0.44754141569137573,0.4386967547778173,0.44754141569137573,3015554,0.0,0.0
2013-02-18 00:00:00+08:00,0.44931040810573675,0.44931040810573675,0.4386968041615408,0.4440035820007324,1161589,0.0,0.0
2013-02-19 00:00:00+08:00,0.44577255845069885,0.44754150062226783,0.4422346741075608,0.44577255845069885,1147856,0.0,0.0
2013-02-20 00:00:00+08:00,0.4440035175265754,0.4440035175265754,0.4280831380550007,0.4422345757484436,2500564,0.0,0.0
2013-02-21 00:00:00+08:00,0.4404656654990671,0.4404656654990671,0.43692782995536916,0.4386967718601227,1350419,0.0,0.0
2013-02-22 00:00:00+08:00,0.43869682694398976,0.4404657208050409,0.4369278848171234,0.4369278848171234,1214232,0.0,0.0
2013-02-25 00:00:00+08:00,0.4351589426902571,0.43869682694398976,0.4351589426902571,0.4369278848171234,1106657,0.0,0.0
2013-02-26 00:00:00+08:00,0.435158908367157,0.43692785035449827,0.435158908367157,0.435158908367157,583655,0.0,0.0
2013-02-27 00:00:00+08:00,0.43692782995536916,0.4386967718601227,0.43692782995536916,0.4386967718601227,796518,0.0,0.0
2013-02-28 00:00:00+08:00,0.438696794973304,0.44046568870544434,0.43692785297535197,0.44046568870544434,2804980,0.0,0.0
2013-03-01 00:00:00+08:00,0.4404656654990671,0.44400354930857416,0.4386967718601227,0.4386967718601227,1467150,0.0,0.0
2013-03-04 00:00:00+08:00,0.44046568870544434,0.44046568870544434,0.43515891097739995,0.44046568870544434,3146018,0.0,0.0
2013-03-05 00:00:00+08:00,0.4404656654990671,0.4404656654990671,0.43692782995536916,0.4386967718601227,763330,0.0,0.0
2013-03-06 00:00:00+08:00,0.4404656339703118,0.4422345757484436,0.43869674045798573,0.4422345757484436,1536960,0.0,0.0
2013-03-07 00:00:00+08:00,0.4422345757484436,0.4422345757484436,0.4404656339703118,0.4422345757484436,564200,0.0,0.0
2013-03-08 00:00:00+08:00,0.4422346741075608,0.44577255845069885,0.4422346741075608,0.44577255845069885,1485461,0.0,0.0
2013-03-11 00:00:00+08:00,0.4457725649135855,0.45284828543663025,0.44400362271637006,0.45284828543663025,1629658,0.0,0.0
2013-03-12 00:00:00+08:00,0.4510793685913086,0.4510793685913086,0.44931047456049356,0.4510793685913086,534445,0.0,0.0
2013-03-13 00:00:00+08:00,0.4510793456869834,0.4510793456869834,0.44754150953917315,0.44931045174598694,481802,0.0,0.0
2013-03-14 00:00:00+08:00,0.44754150953917315,0.44931045174598694,0.44754150953917315,0.44931045174598694,492101,0.0,0.0
2013-03-15 00:00:00+08:00,0.44931045174598694,0.4510793456869834,0.44754150953917315,0.44931045174598694,1103223,0.0,0.0
2013-03-18 00:00:00+08:00,0.44754141569137573,0.4493103575272489,0.44400353201962944,0.44754141569137573,1448839,0.0,0.0
2013-03-19 00:00:00+08:00,0.44931044279383686,0.44931044279383686,0.4440036162791298,0.44577255845069885,941860,0.0,0.0
2013-03-20 00:00:00+08:00,0.44577245930470716,0.44577245930470716,0.4422345757484436,0.4422345757484436,1999306,0.0,0.0
2013-03-21 00:00:00+08:00,0.44223468291873186,0.44931045174598694,0.44223468291873186,0.44931045174598694,2159526,0.0,0.0
2013-03-22 00:00:00+08:00,0.4440035820007324,0.44577252403573386,0.442234639965731,0.4440035820007324,1809332,0.0,0.0
2013-03-25 00:00:00+08:00,0.4440035820007324,0.4475414660707353,0.4440035820007324,0.4440035820007324,959026,0.0,0.0
2013-03-26 00:00:00+08:00,0.44577255845069885,0.44754150062226783,0.4440036162791298,0.44577255845069885,557334,0.0,0.0
2013-03-27 00:00:00+08:00,0.4457724738555026,0.44754141569137573,0.44400353201962944,0.44754141569137573,1831076,0.0,0.0
2013-03-28 00:00:00+08:00,0.4493103575272489,0.4510792510973148,0.4457724738555026,0.44754141569137573,2054239,0.0,0.0
2013-04-01 00:00:00+08:00,0.447541507110801,0.45284828543663025,0.447541507110801,0.45284828543663025,591666,0.0,0.0
2013-04-02 00:00:00+08:00,0.45284821026190447,0.4581550359725952,0.4493103747205864,0.4581550359725952,2515441,0.0,0.0
2013-04-03 00:00:00+08:00,0.4581550359725952,0.4581550359725952,0.45638609406903163,0.4581550359725952,1532382,0.0,0.0
2013-04-04 00:00:00+08:00,0.45992401242256165,0.45992401242256165,0.458155070386127,0.45992401242256165,2332334,0.0,0.0
2013-04-05 00:00:00+08:00,0.45992401242256165,0.45992401242256165,0.458155070386127,0.45992401242256165,1570148,0.0,0.0
2013-04-08 00:00:00+08:00,0.4599239778761588,0.46169287151391325,0.4581550359725952,0.4581550359725952,1388185,0.0,0.0
2013-04-09 00:00:00+08:00,0.45992394634443445,0.4634617816432036,0.458155004562147,0.46169283986091614,2224758,0.0,0.0
2013-04-10 00:00:00+08:00,0.4634617816432036,0.4634617816432036,0.45992394634443445,0.46169283986091614,3159751,0.0,0.0
2013-04-11 00:00:00+08:00,0.4634618257052435,0.4687686515566342,0.4634618257052435,0.46699970960617065,3349726,0.0,0.0
2013-04-12 00:00:00+08:00,0.46699974397548644,0.4705376281367877,0.46699974397548644,0.4687686860561371,1417940,0.0,0.0
2013-04-15 00:00:00+08:00,0.47053756655878937,0.4723064601421356,0.46876862470963543,0.4723064601421356,2473098,0.0,0.0
2013-04-16 00:00:00+08:00,0.47053756655878937,0.4723064601421356,0.4669996828604815,0.4723064601421356,1348130,0.0,0.0
2013-04-17 00:00:00+08:00,0.4740754115525932,0.47761329532225416,0.4723064696677627,0.4758443534374237,1575870,0.0,0.0
2013-04-18 00:00:00+08:00,0.4758443534374237,0.47761329532225416,0.4740754115525932,0.4758443534374237,2378110,0.0,0.0
2013-04-19 00:00:00+08:00,0.4758444827189504,0.48645808864572065,0.4758444827189504,0.4846891462802887,4214909,0.0,0.0
2013-04-22 00:00:00+08:00,0.486458008096086,0.4899958922411332,0.48468906602356243,0.4882269501686096,1853965,0.0,0.0
2013-04-23 00:00:00+08:00,0.4882269501686096,0.4899958922411332,0.48115118187851524,0.4882269501686096,2565796,0.0,0.0
2013-04-24 00:00:00+08:00,0.48970348323846974,0.48970348323846974,0.4843023790832176,0.4879031479358673,3150596,0.021059,0.0
2013-04-25 00:00:00+08:00,0.48790295598267075,0.48790295598267075,0.4789010865163289,0.4825018048286438,2834735,0.0,0.0
2013-04-26 00:00:00+08:00,0.4825018135232666,0.48790296477462164,0.4825018135232666,0.4861025810241699,2364377,0.0,0.0
2013-04-29 00:00:00+08:00,0.4861026088341766,0.4933040951242775,0.4861026088341766,0.48970332741737366,2429610,0.0,0.0
2013-04-30 00:00:00+08:00,0.4915037751197815,0.49330415920711285,0.4897033910324501,0.4915037751197815,1319519,0.0,0.0
2013-05-02 00:00:00+08:00,0.4915037112708256,0.4915037112708256,0.4861026088341766,0.48970332741737366,1416795,0.0,0.0
2013-05-03 00:00:00+08:00,0.48610276350954246,0.49150386766479465,0.48610276350954246,0.4879031479358673,1495760,0.0,0.0
2013-05-06 00:00:00+08:00,0.4879031479358673,0.48970348323846974,0.48610276350954246,0.4879031479358673,1026547,0.0,0.0
2013-05-07 00:00:00+08:00,0.48610257226466175,0.48610257226466175,0.4807014211106348,0.4825018048286438,3945970,0.0,0.0
2013-05-08 00:00:00+08:00,0.4825018048286438,0.48430218854665275,0.4807014211106348,0.4825018048286438,1002514,0.0,0.0
2013-05-09 00:00:00+08:00,0.48250180919211627,0.4843021929264069,0.48250180919211627,0.48430219292640686,1460283,0.0,0.0
2013-05-10 00:00:00+08:00,0.48250180919211627,0.4843021929264069,0.48250180919211627,0.48430219292640686,1121534,0.0,0.0
2013-05-13 00:00:00+08:00,0.4825018048286438,0.48430218854665275,0.4807014211106348,0.4825018048286438,1486605,0.0,0.0
2013-05-14 00:00:00+08:00,0.48070142977281494,0.48610258102417,0.48070142977281494,0.4861025810241699,2823291,0.0,0.0
2013-05-15 00:00:00+08:00,0.48610258102417,0.48610258102417,0.4825018135232666,0.4861025810241699,1018536,0.0,0.0
2013-05-16 00:00:00+08:00,0.4861025766606975,0.4861025766606975,0.48250180919211627,0.48430219292640686,1959252,0.0,0.0
2013-05-17 00:00:00+08:00,0.48610276350954246,0.48970348323846974,0.4825019946568927,0.4879031479358673,1237121,0.0,0.0
2013-05-20 00:00:00+08:00,0.48790296039498815,0.48790296039498815,0.4843021929264069,0.48430219292640686,1395051,0.0,0.0
2013-05-21 00:00:00+08:00,0.4843021929264069,0.4861025766606975,0.48250180919211627,0.48430219292640686,1285187,0.0,0.0
2013-05-22 00:00:00+08:00,0.48250180919211627,0.4861025766606975,0.48250180919211627,0.48430219292640686,398259,0.0,0.0
2013-05-23 00:00:00+08:00,0.48430234722368803,0.48430234722368803,0.45009519274497933,0.462697833776474,12707672,0.0,0.0
2013-05-27 00:00:00+08:00,0.46269772718111685,0.46809887886047363,0.46269772718111685,0.46809887886047363,2344922,0.0,0.0
2013-05-28 00:00:00+08:00,0.46809897315441146,0.4771008453096369,0.46809897315441146,0.47530046105384827,1691457,0.0,0.0
2013-05-29 00:00:00+08:00,0.47710082026782064,0.47890120442911166,0.4572966927410496,0.4590970277786255,3450435,0.0,0.0
2013-05-30 00:00:00+08:00,0.4590971399779603,0.4590971399779603,0.4356922875323807,0.4446941614151001,10176209,0.0,0.0
2013-05-31 00:00:00+08:00,0.4446940904592202,0.4446940904592202,0.43929293751716614,0.43929293751716614,4538781,0.0,0.0
2013-06-03 00:00:00+08:00,0.4374925262031528,0.43929291040605956,0.4356921911239624,0.4356921911239624,3386347,0.0,0.0
2013-06-04 00:00:00+08:00,0.43569213931991047,0.4536958809608895,0.43569213931991047,0.4482947289943695,5089249,0.0,0.0
2013-06-05 00:00:00+08:00,0.4500951716811824,0.4500951716811824,0.4428936839103699,0.4428936839103699,1000225,0.0,0.0
2013-06-06 00:00:00+08:00,0.44109332183118416,0.44109332183118416,0.43569221801284946,0.43929293751716614,1447695,0.0,0.0
2013-06-07 00:00:00+08:00,0.4392928439429523,0.4428936118039851,0.4356921252056284,0.4374924600124359,1443117,0.0,0.0
2013-06-10 00:00:00+08:00,0.4428936118039851,0.4428936118039851,0.4356921252056284,0.4374924600124359,1845954,0.0,0.0
2013-06-11 00:00:00+08:00,0.43749250884875124,0.43929289298024055,0.42128914991277644,0.42308953404426575,6240538,0.0,0.0
2013-06-12 00:00:00+08:00,0.4212891142693254,0.4212891142693254,0.4068861161215581,0.4158880114555359,8681592,0.0,0.0
2013-06-13 00:00:00+08:00,0.40868651334180467,0.4104868974875043,0.39788425759132173,0.40148502588272095,7173243,0.0,0.0
2013-06-14 00:00:00+08:00,0.40688616037368774,0.41228728833674827,0.40688616037368774,0.40688616037368774,4725322,0.0,0.0
2013-06-17 00:00:00+08:00,0.40688614135861134,0.4158880372509304,0.40688614135861134,0.4140876531600952,3013265,0.0,0.0
2013-06-18 00:00:00+08:00,0.4176885282869706,0.4284907877445221,0.4176885282869706,0.4284907877445221,3310815,0.0,0.0
2013-06-19 00:00:00+08:00,0.43029098882280103,0.4320913728177892,0.4248898859615472,0.4266902208328247,2495986,0.0,0.0
2013-06-20 00:00:00+08:00,0.4176883463109923,0.4176883463109923,0.41228724349720275,0.4158880114555359,3836105,0.0,0.0
2013-06-21 00:00:00+08:00,0.4050857259720198,0.4176883399486542,0.40328534202027716,0.4176883399486542,1788733,0.0,0.0
2013-06-24 00:00:00+08:00,0.4158880566866938,0.4158880566866938,0.4032853920237422,0.40688616037368774,2098871,0.0,0.0
2013-06-25 00:00:00+08:00,0.4068861334150521,0.4104868769645691,0.40148500580984847,0.4104868769645691,2188136,0.0,0.0
2013-06-26 00:00:00+08:00,0.4122872690692601,0.4158880372509304,0.4122872690692601,0.4140876531600952,1268020,0.0,0.0
2013-06-27 00:00:00+08:00,0.4158880114555359,0.42308949824849196,0.4158880114555359,0.4158880114555359,2500564,0.0,0.0
2013-06-28 00:00:00+08:00,0.4194887302901588,0.4194887302901588,0.4158880114555359,0.4158880114555359,1692601,0.0,0.0
2013-07-01 00:00:00+08:00,0.41768843310012604,0.4194888174533844,0.41588809787058817,0.4194888174533844,735863,0.0,0.0
2013-07-02 00:00:00+08:00,0.421289297814065,0.4284907877445221,0.41948891305051783,0.4284907877445221,1295486,0.0,0.0
2013-07-03 00:00:00+08:00,0.4284906939044687,0.4302910782737292,0.41948882118188696,0.42128920555114746,1488894,0.0,0.0
2013-07-04 00:00:00+08:00,0.42128909474591786,0.42669019730940916,0.42128909474591786,0.42488986253738403,894938,0.0,0.0
2013-07-05 00:00:00+08:00,0.42669019730940916,0.4284905812051422,0.42488986253738403,0.42488986253738403,823984,0.0,0.0
2013-07-08 00:00:00+08:00,0.4266903057426973,0.4266903057426973,0.4194888174533844,0.4194888174533844,2334622,0.0,0.0
2013-07-09 00:00:00+08:00,0.42128920555114746,0.4248899742896685,0.41948882118188696,0.42128920555114746,991070,0.0,0.0
2013-07-10 00:00:00+08:00,0.424889918175755,0.424889918175755,0.42128914991277644,0.42308953404426575,528723,0.0,0.0
2013-07-11 00:00:00+08:00,0.4248897763511497,0.4302908778190613,0.4248897763511497,0.4302908778190613,2659639,0.0,0.0
2013-07-12 00:00:00+08:00,0.4320914149284363,0.43569218326933534,0.4302910307579868,0.4320914149284363,2855335,0.0,0.0
2013-07-15 00:00:00+08:00,0.43569218326933534,0.4392929024865189,0.4320914149284363,0.4320914149284363,2356366,0.0,0.0
2013-07-16 00:00:00+08:00,0.4338918069210557,0.4374925262031528,0.432091422718149,0.4356921911239624,624854,0.0,0.0
2013-07-17 00:00:00+08:00,0.4356921911239624,0.4374925262031528,0.4338918069210557,0.4356921911239624,524145,0.0,0.0
2013-07-18 00:00:00+08:00,0.43929291040605956,0.44109329460896624,0.4356921911239624,0.4356921911239624,1407640,0.0,0.0
2013-07-19 00:00:00+08:00,0.43929291040605956,0.43929291040605956,0.4338918069210557,0.4356921911239624,1325241,0.0,0.0
2013-07-22 00:00:00+08:00,0.4356921252056284,0.4374924600124359,0.43389174127511193,0.4374924600124359,1023114,0.0,0.0
2013-07-23 00:00:00+08:00,0.4389617801093924,0.44079844363209963,0.43528845306397795,0.4371251165866852,1352707,0.020971,0.0
2013-07-24 00:00:00+08:00,0.4371251165866852,0.4389617801093924,0.433451839654873,0.4371251165866852,488668,0.0,0.0
2013-07-25 00:00:00+08:00,0.4389617777544953,0.4389617777544953,0.4316151738166809,0.4316151738166809,1266876,0.0,0.0
2013-07-26 00:00:00+08:00,0.4334518611431122,0.4352884746432667,0.4316151975293529,0.4334518611431122,858317,0.0,0.0
2013-07-29 00:00:00+08:00,0.4334517531983355,0.4334517531983355,0.42977842688560486,0.42977842688560486,659187,0.0,0.0
2013-07-30 00:00:00+08:00,0.4352884507287871,0.4352884507287871,0.4297785103038268,0.4316151738166809,805673,0.0,0.0
2013-07-31 00:00:00+08:00,0.4334517287170665,0.4334517287170665,0.4261050765065426,0.4279417395591736,2676805,0.0,0.0
2013-08-01 00:00:00+08:00,0.42794176372923953,0.4316150900419702,0.42610510057287415,0.42977842688560486,1423662,0.0,0.0
2013-08-02 00:00:00+08:00,0.43161511688672166,0.43161511688672166,0.424268513917923,0.424268513917923,2608140,0.0,0.0
2013-08-05 00:00:00+08:00,0.4261051810259401,0.4261051810259401,0.41508527517746424,0.4169219136238098,3440135,0.0,0.0
2013-08-06 00:00:00+08:00,0.41508527517746424,0.4187585771269562,0.41508527517746424,0.4169219136238098,1319519,0.0,0.0
2013-08-07 00:00:00+08:00,0.4150852101690745,0.4187585115432739,0.4150852101690745,0.4187585115432739,674065,0.0,0.0
2013-08-12 00:00:00+08:00,0.41692190177017224,0.4205952286720276,0.4150852633760448,0.4205952286720276,952159,0.0,0.0
2013-08-13 00:00:00+08:00,0.4205952406301026,0.4205952406301026,0.4169219136238098,0.4169219136238098,763330,0.0,0.0
2013-08-14 00:00:00+08:00,0.41875855788036404,0.41875855788036404,0.4150852560997009,0.4150852560997009,625999,0.0,0.0
2013-08-15 00:00:00+08:00,0.4150852560997009,0.41692189446163264,0.4150852560997009,0.4150852560997009,676353,0.0,0.0
2013-08-16 00:00:00+08:00,0.4150852633760448,0.4205952286720276,0.4150852633760448,0.4205952286720276,2095438,0.0,0.0
2013-08-19 00:00:00+08:00,0.4169219136238098,0.4187585771269562,0.41508527517746424,0.4169219136238098,1194777,0.0,0.0
2013-08-20 00:00:00+08:00,0.41692189446163264,0.41692189446163264,0.4114119292622382,0.4150852560997009,4647501,0.0,0.0
2013-08-21 00:00:00+08:00,0.41692189446163264,0.41875855788036404,0.4150852560997009,0.4150852560997009,1096357,0.0,0.0
2013-08-22 00:00:00+08:00,0.41508527517746424,0.4187585771269562,0.41508527517746424,0.4169219136238098,1877998,0.0,0.0
2013-08-23 00:00:00+08:00,0.41141194817117144,0.4187585771269562,0.41141194817117144,0.4169219136238098,1454561,0.0,0.0
2013-08-26 00:00:00+08:00,0.41692189446163264,0.41875855788036404,0.4150852560997009,0.4150852560997009,392537,0.0,0.0
2013-08-27 00:00:00+08:00,0.41875853365389565,0.41875853365389565,0.41324856877326965,0.41324856877326965,1599903,0.0,0.0
2013-08-28 00:00:00+08:00,0.4150852103365672,0.4150852103365672,0.4003919547202466,0.4040652811527252,3398936,0.0,0.0
2013-08-29 00:00:00+08:00,0.4040652811527252,0.4077385825284069,0.4022286179364859,0.4040652811527252,1013958,0.0,0.0
2013-08-30 00:00:00+08:00,0.4040654128374236,0.40773871541023254,0.4040654128374236,0.40773871541023254,1010525,0.0,0.0
2013-09-02 00:00:00+08:00,0.40406534782856246,0.40957531332969666,0.40406534782856246,0.40957531332969666,884638,0.0,0.0
2013-09-03 00:00:00+08:00,0.41141188373807813,0.4187585115432739,0.41141188373807813,0.4187585115432739,1194777,0.0,0.0
2013-09-04 00:00:00+08:00,0.4187585771269562,0.4187585771269562,0.41324861167431787,0.4169219136238098,1265731,0.0,0.0
2013-09-05 00:00:00+08:00,0.41692184832777573,0.42426850118976855,0.4150852101690745,0.4187585115432739,1730367,0.0,0.0
2013-09-06 00:00:00+08:00,0.4187585115432739,0.42243183797427036,0.41692184832777573,0.4187585115432739,574500,0.0,0.0
2013-09-09 00:00:00+08:00,0.41875855788036404,0.41875855788036404,0.4132485926809696,0.4150852560997009,1313797,0.0,0.0
2013-09-10 00:00:00+08:00,0.4150852320857444,0.4169218703414209,0.41324856877326965,0.41324856877326965,965893,0.0,0.0
2013-09-11 00:00:00+08:00,0.4150852320857444,0.4169218703414209,0.41324856877326965,0.41324856877326965,623710,0.0,0.0
2013-09-12 00:00:00+08:00,0.4150852320857444,0.4169218703414209,0.41324856877326965,0.41324856877326965,409703,0.0,0.0
2013-09-13 00:00:00+08:00,0.39671868085861206,0.4003919824890521,0.38753498828853505,0.39671868085861206,12094262,0.0,0.0
2013-09-16 00:00:00+08:00,0.4003919150265108,0.407738542106347,0.3967186140149899,0.40590187907218933,3574033,0.0,0.0
2013-09-17 00:00:00+08:00,0.4040654128374236,0.4095753792250396,0.4040654128374236,0.40773871541023254,1700612,0.0,0.0
2013-09-18 00:00:00+08:00,0.40957525154074226,0.40957525154074226,0.3930449315655027,0.40222862362861633,3995180,0.0,0.0
2013-09-19 00:00:00+08:00,0.4067272319373115,0.4123501719745515,0.4011038572005929,0.41047585010528564,9228627,0.019224,0.0
2013-09-20 00:00:00+08:00,0.41047578441032234,0.41047578441032234,0.406727166842299,0.40860146284103394,2046228,0.0,0.0
2013-09-23 00:00:00+08:00,0.4067271947860718,0.4086014909135783,0.40485287308801005,0.4067271947860718,978481,0.0,0.0
2013-09-24 00:00:00+08:00,0.4086015149751022,0.4086015149751022,0.40485289692878723,0.40485289692878723,1382462,0.0,0.0
2013-09-25 00:00:00+08:00,0.4048528829090902,0.4048528829090902,0.4011038302931371,0.40297815203666687,2056528,0.0,0.0
2013-09-26 00:00:00+08:00,0.40297815203666687,0.4048528829090902,0.4011038302931371,0.40297815203666687,890361,0.0,0.0
2013-09-27 00:00:00+08:00,0.40485289692878723,0.4067272187372231,0.40297816599144365,0.40485289692878723,934993,0.0,0.0
2013-09-30 00:00:00+08:00,0.4048528829090902,0.4048528829090902,0.3992295085496073,0.40297815203666687,2660783,0.0,0.0
2013-10-01 00:00:00+08:00,0.4011038302931371,0.40297815203666687,0.4011038302931371,0.40297815203666687,643165,0.0,0.0
2013-10-02 00:00:00+08:00,0.4029782958008741,0.40485302734211576,0.4011039733886719,0.4011039733886719,851450,0.0,0.0
2013-10-03 00:00:00+08:00,0.40297815203666687,0.40297815203666687,0.4011038302931371,0.40297815203666687,766763,0.0,0.0
2013-10-04 00:00:00+08:00,0.40485302734211576,0.40485302734211576,0.4011039733886719,0.4011039733886719,787363,0.0,0.0
2013-10-07 00:00:00+08:00,0.4029782958008741,0.4029782958008741,0.3992296509764697,0.4011039733886719,1859687,0.0,0.0
2013-10-08 00:00:00+08:00,0.40297816599144365,0.40485289692878723,0.40110384418300776,0.40485289692878723,1108945,0.0,0.0
2013-10-09 00:00:00+08:00,0.4048528829090902,0.40672720465261997,0.40297815203666687,0.40297815203666687,795373,0.0,0.0
2013-10-10 00:00:00+08:00,0.4048529100680456,0.4123501719745515,0.4048529100680456,0.41047585010528564,2604706,0.0,0.0
2013-10-11 00:00:00+08:00,0.4123500963939356,0.4160987138748169,0.4123500963939356,0.4160987138748169,2261379,0.0,0.0
2013-10-14 00:00:00+08:00,0.4160986179016476,0.4160986179016476,0.4142242968082428,0.4142242968082428,2744326,0.0,0.0
2013-10-16 00:00:00+08:00,0.41609872354763405,0.41609872354763405,0.40860146284103394,0.40860146284103394,1269165,0.0,0.0
2013-10-17 00:00:00+08:00,0.4123501479625702,0.4123501479625702,0.4104758262024499,0.4123501479625702,1205077,0.0,0.0
2013-10-18 00:00:00+08:00,0.4123501719745515,0.4123501719745515,0.41047585010528564,0.41047585010528564,1501482,0.0,0.0
2013-10-21 00:00:00+08:00,0.4104758262024499,0.4123501479625702,0.4104758262024499,0.4123501479625702,1869987,0.0,0.0
2013-10-22 00:00:00+08:00,0.4123501719745515,0.4123501719745515,0.41047585010528564,0.41047585010528564,1469439,0.0,0.0
2013-10-23 00:00:00+08:00,0.40927430987358093,0.4111517179019759,0.40739692745784667,0.40927430987358093,1095212,0.001573,0.0
2013-10-24 00:00:00+08:00,0.40927430987358093,0.4111517179019759,0.40739692745784667,0.40927430987358093,441747,0.0,0.0
2013-10-25 00:00:00+08:00,0.41115174390703435,0.41115174390703435,0.4055195450782776,0.4055195450782776,2085138,0.0,0.0
2013-10-28 00:00:00+08:00,0.4073970168347988,0.4092743996624034,0.40364179015159607,0.40364179015159607,1239410,0.0,0.0
2013-10-29 00:00:00+08:00,0.4055195450782776,0.40739695322541725,0.4055195450782776,0.4055195450782776,234606,0.0,0.0
2013-10-30 00:00:00+08:00,0.40739697588656415,0.4111517667770386,0.40739697588656415,0.4111517667770386,1163878,0.0,0.0
2013-10-31 00:00:00+08:00,0.4111517179019759,0.4111517179019759,0.40739692745784667,0.40927430987358093,1436250,0.0,0.0
2013-11-01 00:00:00+08:00,0.4092743585254695,0.4111517667770386,0.40739697588656415,0.4111517667770386,717553,0.0,0.0
2013-11-05 00:00:00+08:00,0.4130291750286077,0.4130291750286077,0.4111517667770386,0.4111517667770386,512701,0.0,0.0
2013-11-06 00:00:00+08:00,0.4111517179019759,0.4111517179019759,0.40927430987358093,0.40927430987358093,1091779,0.0,0.0
2013-11-07 00:00:00+08:00,0.40927430987358093,0.4111517179019759,0.40927430987358093,0.40927430987358093,299838,0.0,0.0
2013-11-08 00:00:00+08:00,0.4092743585254695,0.4111517667770386,0.4092743585254695,0.4111517667770386,290683,0.0,0.0
2013-11-11 00:00:00+08:00,0.4111517179019759,0.4111517179019759,0.40927430987358093,0.40927430987358093,250628,0.0,0.0
2013-11-12 00:00:00+08:00,0.40927435480123475,0.40927435480123475,0.40551956394492744,0.40739697217941284,810251,0.0,0.0
2013-11-13 00:00:00+08:00,0.4111517667770386,0.4130291750286077,0.4092743585254695,0.4111517667770386,2410154,0.0,0.0
2013-11-14 00:00:00+08:00,0.40739697217941284,0.4111517630357202,0.40739697217941284,0.40739697217941284,1437395,0.0,0.0
2013-11-15 00:00:00+08:00,0.40739697217941284,0.40927435480123475,0.40739697217941284,0.40739697217941284,1108945,0.0,0.0
2013-11-18 00:00:00+08:00,0.40739695322541725,0.40927433575989464,0.4055195450782776,0.4055195450782776,1456850,0.0,0.0
2013-11-19 00:00:00+08:00,0.40739697217941284,0.40927435480123475,0.40739697217941284,0.40739697217941284,267794,0.0,0.0
2013-11-20 00:00:00+08:00,0.40739695322541725,0.40927433575989464,0.4055195450782776,0.4055195450782776,599677,0.0,0.0
2013-11-21 00:00:00+08:00,0.40927435480123475,0.40927435480123475,0.40551956394492744,0.40739697217941284,336460,0.0,0.0
2013-11-22 00:00:00+08:00,0.40739697217941284,0.40927435480123475,0.40739697217941284,0.40739697217941284,242617,0.0,0.0
2013-11-25 00:00:00+08:00,0.40739695322541725,0.40739695322541725,0.4055195450782776,0.4055195450782776,433736,0.0,0.0
2013-11-26 00:00:00+08:00,0.40739692745784667,0.40927430987358093,0.40739692745784667,0.40927430987358093,1098646,0.0,0.0
2013-11-27 00:00:00+08:00,0.40927435480123475,0.40927435480123475,0.40739697217941284,0.40739697217941284,86976,0.0,0.0
2013-11-28 00:00:00+08:00,0.40927430987358093,0.4111517179019759,0.40739692745784667,0.40927430987358093,565344,0.0,0.0
2013-11-29 00:00:00+08:00,0.40927430987358093,0.40927430987358093,0.40739692745784667,0.40927430987358093,219729,0.0,0.0
2013-12-02 00:00:00+08:00,0.40927433575989464,0.40927433575989464,0.4055195450782776,0.4055195450782776,664909,0.0,0.0
2013-12-03 00:00:00+08:00,0.40739695322541725,0.40927433575989464,0.4055195450782776,0.4055195450782776,461202,0.0,0.0
2013-12-04 00:00:00+08:00,0.40739695322541725,0.40739695322541725,0.4055195450782776,0.4055195450782776,1151289,0.0,0.0
2013-12-05 00:00:00+08:00,0.40551958598897386,0.40551958598897386,0.3942547517797524,0.3980095684528351,2896534,0.0,0.0
2013-12-06 00:00:00+08:00,0.39800956822102296,0.39800956822102296,0.3867451694336654,0.38862255215644836,6171873,0.0,0.0
2013-12-09 00:00:00+08:00,0.3886224712601423,0.39425466948141324,0.3886224712601423,0.3923772871494293,1016247,0.0,0.0
2013-12-10 00:00:00+08:00,0.39237736882734414,0.39237736882734414,0.38862255215644836,0.38862255215644836,1098646,0.0,0.0
2013-12-11 00:00:00+08:00,0.3904999604918963,0.3904999604918963,0.3829903783754344,0.38862255215644836,2334622,0.0,0.0
2013-12-12 00:00:00+08:00,0.3867451694336654,0.38862255215644836,0.38486776109821746,0.38862255215644836,603110,0.0,0.0
2013-12-13 00:00:00+08:00,0.38862255215644836,0.3904999604918963,0.3867451694336654,0.38862255215644836,557334,0.0,0.0
2013-12-16 00:00:00+08:00,0.3886224521957493,0.3923772679008388,0.3886224521957493,0.39049986004829407,1130689,0.0,0.0
2013-12-17 00:00:00+08:00,0.3923772679008388,0.3923772679008388,0.39049986004829407,0.39049986004829407,967037,0.0,0.0
2013-12-18 00:00:00+08:00,0.3904998792047858,0.39425466948141324,0.3904998792047858,0.3923772871494293,1025403,0.0,0.0
2013-12-19 00:00:00+08:00,0.3923772679008388,0.3942546501407253,0.39049986004829407,0.39049986004829407,1950096,0.0,0.0
2013-12-20 00:00:00+08:00,0.3904999235475661,0.3942547142505646,0.3904999235475661,0.3942547142505646,1539248,0.0,0.0
2013-12-23 00:00:00+08:00,0.39613211154937744,0.39800951965574327,0.39425470344301167,0.39613211154937744,291827,0.0,0.0
2013-12-24 00:00:00+08:00,0.39800952363453146,0.4017643142721369,0.39800952363453146,0.3998869061470032,228884,0.0,0.0
2013-12-26 00:00:00+08:00,0.4017643817113251,0.40364179015159607,0.3998869732710542,0.40364179015159607,608833,0.0,0.0
2013-12-27 00:00:00+08:00,0.40364179015159607,0.4055196083945279,0.40364179015159607,0.40364179015159607,821695,0.0,0.0
2013-12-30 00:00:00+08:00,0.40551964972100324,0.40551964972100324,0.4017644226551056,0.4017644226551056,579078,0.0,0.0
2013-12-31 00:00:00+08:00,0.4055195450782776,0.4055195450782776,0.40364172712854096,0.4055195450782776,241473,0.0,0.0
2014-01-02 00:00:00+08:00,0.4055195450782776,0.4055195450782776,0.40176431898140125,0.4055195450782776,860606,0.0,0.0
2014-01-03 00:00:00+08:00,0.40364179015159607,0.4055196083945279,0.4017643817113251,0.40364179015159607,549323,0.0,0.0
2014-01-06 00:00:00+08:00,0.40551964972100324,0.40551964972100324,0.4017644226551056,0.4017644226551056,884638,0.0,0.0
2014-01-07 00:00:00+08:00,0.4017643817113251,0.40364179015159607,0.3980095904434496,0.40364179015159607,418858,0.0,0.0
2014-01-08 00:00:00+08:00,0.3998870140235081,0.4036418312867031,0.3998870140235081,0.4017644226551056,225451,0.0,0.0
2014-01-09 00:00:00+08:00,0.4017643595132529,0.4017643595132529,0.3980095684528351,0.3980095684528351,979626,0.0,0.0
2014-01-10 00:00:00+08:00,0.4017644226551056,0.4036418312867031,0.3998870140235081,0.4017644226551056,510412,0.0,0.0
2014-01-13 00:00:00+08:00,0.39800952363453146,0.40364172239727064,0.39800952363453146,0.3998869061470032,581366,0.0,0.0
2014-01-14 00:00:00+08:00,0.3998869061470032,0.40364172239727064,0.39800952363453146,0.3998869061470032,662620,0.0,0.0
2014-01-15 00:00:00+08:00,0.40364179015159607,0.40364179015159607,0.4017643817113251,0.40364179015159607,339893,0.0,0.0
2014-01-16 00:00:00+08:00,0.4017643817113251,0.4055196083945279,0.4017643817113251,0.40364179015159607,653465,0.0,0.0
2014-01-17 00:00:00+08:00,0.4017644226551056,0.4036418312867031,0.4017644226551056,0.4017644226551056,1024258,0.0,0.0
2014-01-20 00:00:00+08:00,0.4017644226551056,0.4036418312867031,0.4017644226551056,0.4017644226551056,902949,0.0,0.0
2014-01-21 00:00:00+08:00,0.4017643817113251,0.40364179015159607,0.4017643817113251,0.40364179015159607,1261154,0.0,0.0
2014-01-22 00:00:00+08:00,0.4036418312867031,0.4036418312867031,0.4017644226551056,0.4017644226551056,988781,0.0,0.0
2014-01-23 00:00:00+08:00,0.3998869732710542,0.40364179015159607,0.3961321820031787,0.40364179015159607,5640860,0.0,0.0
2014-01-24 00:00:00+08:00,0.40364179015159607,0.40364179015159607,0.4017643817113251,0.40364179015159607,661476,0.0,0.0
2014-01-27 00:00:00+08:00,0.4017644226551056,0.4036418312867031,0.39800963100457953,0.4017644226551056,2003884,0.0,0.0
2014-01-28 00:00:00+08:00,0.4017644226551056,0.4036418312867031,0.4017644226551056,0.4017644226551056,1804755,0.0,0.0
2014-01-29 00:00:00+08:00,0.40249251554100957,0.4063257873058319,0.4005759058064276,0.4063257873058319,3452724,0.019136,0.0
2014-01-30 00:00:00+08:00,0.4063257873058319,0.4063257873058319,0.4063257873058319,0.4063257873058319,3083075,0.0,0.0
2014-02-03 00:00:00+08:00,0.40440917015075684,0.4082424159452595,0.40440917015075684,0.40440917015075684,2085138,0.0,0.0
2014-02-04 00:00:00+08:00,0.40440911019173753,0.40440911019173753,0.39865922927856445,0.39865922927856445,1779577,0.0,0.0
2014-02-05 00:00:00+08:00,0.39865922927856445,0.4024924745047377,0.39865922927856445,0.39865922927856445,525290,0.0,0.0
2014-02-06 00:00:00+08:00,0.40057588376192993,0.402492493391037,0.3986592479849951,0.402492493391037,210573,0.0,0.0
2014-02-07 00:00:00+08:00,0.40249255377371895,0.40249255377371895,0.39290942574702153,0.39674267172813416,3172340,0.0,0.0
2014-02-10 00:00:00+08:00,0.39865928192536704,0.39865928192536704,0.38715951858036624,0.39099279046058655,5305545,0.0,0.0
2014-02-11 00:00:00+08:00,0.39099279046058655,0.39099279046058655,0.3890761545204764,0.39099279046058655,1304642,0.0,0.0
2014-02-12 00:00:00+08:00,0.3890761545204764,0.39290940025286664,0.3890761545204764,0.39099279046058655,3226128,0.0,0.0
2014-02-13 00:00:00+08:00,0.39099283928729117,0.39099283928729117,0.38907620310783386,0.38907620310783386,1678868,0.0,0.0
2014-02-14 00:00:00+08:00,0.38907620310783386,0.39099283928729117,0.38907620310783386,0.38907620310783386,1317230,0.0,0.0
2014-02-17 00:00:00+08:00,0.39099279046058655,0.39290940025286664,0.3890761545204764,0.39099279046058655,2400999,0.0,0.0
2014-02-18 00:00:00+08:00,0.39099272012328007,0.3967425746135852,0.39099272012328007,0.3948259651660919,3790328,0.0,0.0
2014-02-19 00:00:00+08:00,0.39482595374858814,0.39674256314065726,0.39099270881662535,0.39290931820869446,3238717,0.0,0.0
2014-02-20 00:00:00+08:00,0.3948260361929768,0.3948260361929768,0.39099279046058655,0.39099279046058655,1603336,0.0,0.0
2014-02-21 00:00:00+08:00,0.39290931820869446,0.39482595374858814,0.39099270881662535,0.39290931820869446,2692827,0.0,0.0
2014-02-24 00:00:00+08:00,0.39482595374858814,0.39674256314065726,0.39290931820869446,0.39290931820869446,779352,0.0,0.0
2014-02-25 00:00:00+08:00,0.39290940025286664,0.3948260361929768,0.39099279046058655,0.39099279046058655,1217666,0.0,0.0
2014-02-26 00:00:00+08:00,0.39099279046058655,0.3948260361929768,0.39099279046058655,0.39099279046058655,1499194,0.0,0.0
2014-02-27 00:00:00+08:00,0.39290940025286664,0.39290940025286664,0.39099279046058655,0.39099279046058655,790796,0.0,0.0
2014-02-28 00:00:00+08:00,0.39290931820869446,0.39290931820869446,0.39099270881662535,0.39290931820869446,1215377,0.0,0.0
2014-03-03 00:00:00+08:00,0.39099279046058655,0.39290940025286664,0.39099279046058655,0.39099279046058655,2101160,0.0,0.0
2014-03-04 00:00:00+08:00,0.39099270881662535,0.39290931820869446,0.39099270881662535,0.39290931820869446,1992440,0.0,0.0
2014-03-05 00:00:00+08:00,0.39290931820869446,0.39482595374858814,0.39099270881662535,0.39290931820869446,3404658,0.0,0.0
2014-03-06 00:00:00+08:00,0.39290940025286664,0.39290940025286664,0.38524290878808615,0.39099279046058655,7007302,0.0,0.0
2014-03-07 00:00:00+08:00,0.38907620310783386,0.38907620310783386,0.3852429568967526,0.38907620310783386,3726241,0.0,0.0
2014-03-10 00:00:00+08:00,0.3871595489379247,0.3871595489379247,0.38524293899536133,0.38524293899536133,3950548,0.0,0.0
2014-03-11 00:00:00+08:00,0.38524293899536133,0.38907618502832014,0.38524293899536133,0.38524293899536133,746163,0.0,0.0
2014-03-12 00:00:00+08:00,0.387159526348114,0.3890761623266784,0.38524291651738013,0.387159526348114,718697,0.0,0.0
2014-03-13 00:00:00+08:00,0.3871595669283766,0.38907620310783386,0.3871595669283766,0.38907620310783386,430303,0.0,0.0
2014-03-14 00:00:00+08:00,0.3871595669283766,0.38907620310783386,0.3871595669283766,0.38907620310783386,390248,0.0,0.0
2014-03-17 00:00:00+08:00,0.38715951858036624,0.39099279046058655,0.38715951858036624,0.39099279046058655,788507,0.0,0.0
2014-03-18 00:00:00+08:00,0.39099279046058655,0.39099279046058655,0.3890761545204764,0.39099279046058655,482946,0.0,0.0
2014-03-19 00:00:00+08:00,0.39099283928729117,0.39099283928729117,0.38907620310783386,0.38907620310783386,611121,0.0,0.0
2014-03-20 00:00:00+08:00,0.38907620310783386,0.39099283928729117,0.3871595669283766,0.38907620310783386,845728,0.0,0.0
2014-03-21 00:00:00+08:00,0.3890761545204764,0.39099279046058655,0.38715951858036624,0.39099279046058655,669487,0.0,0.0
2014-03-24 00:00:00+08:00,0.38907620310783386,0.39099283928729117,0.3871595669283766,0.38907620310783386,724419,0.0,0.0
2014-03-25 00:00:00+08:00,0.39099283928729117,0.39099283928729117,0.38907620310783386,0.38907620310783386,495535,0.0,0.0
2014-03-26 00:00:00+08:00,0.39099279046058655,0.39290940025286664,0.39099279046058655,0.39099279046058655,976192,0.0,0.0
2014-03-27 00:00:00+08:00,0.39290931820869446,0.39290931820869446,0.39099270881662535,0.39290931820869446,202562,0.0,0.0
2014-03-28 00:00:00+08:00,0.39290931820869446,0.39482595374858814,0.39290931820869446,0.39290931820869446,996792,0.0,0.0
2014-03-31 00:00:00+08:00,0.39290932957077335,0.3948259651660919,0.39290932957077335,0.3948259651660919,791940,0.0,0.0
2014-04-01 00:00:00+08:00,0.3948260618114937,0.39674267172813416,0.39290942574702153,0.39674267172813416,877772,0.0,0.0
2014-04-02 00:00:00+08:00,0.3967426342712432,0.4005759060382843,0.3967426342712432,0.4005759060382843,1610203,0.0,0.0
2014-04-03 00:00:00+08:00,0.40057588376192993,0.402492493391037,0.3986592479849951,0.402492493391037,1067746,0.0,0.0
2014-04-04 00:00:00+08:00,0.4024925157739756,0.4024925157739756,0.4005759060382843,0.4005759060382843,1243987,0.0,0.0
2014-04-07 00:00:00+08:00,0.4024925157739756,0.4024925157739756,0.4005759060382843,0.4005759060382843,358204,0.0,0.0
2014-04-08 00:00:00+08:00,0.40057592435625416,0.40632580612192337,0.3986592883850876,0.40440917015075684,1365296,0.0,0.0
2014-04-09 00:00:00+08:00,0.40632580612192337,0.40632580612192337,0.40440917015075684,0.40440917015075684,270083,0.0,0.0
2014-04-10 00:00:00+08:00,0.40632576502908047,0.4101590104359165,0.40632576502908047,0.4082423746585846,1134123,0.0,0.0
2014-04-11 00:00:00+08:00,0.40824247477558323,0.4101591110229492,0.40824247477558323,0.4101591110229492,1270309,0.0,0.0
2014-04-14 00:00:00+08:00,0.41015901301693514,0.4159093387503608,0.41015901301693514,0.413992702960968,1659413,0.0,0.0
2014-04-15 00:00:00+08:00,0.413992702960968,0.4159093387503608,0.413992702960968,0.413992702960968,1111234,0.0,0.0
2014-04-16 00:00:00+08:00,0.41399277340747576,0.41782601949071235,0.41399277340747576,0.41590940952301025,1122678,0.0,0.0
2014-04-17 00:00:00+08:00,0.39865922927856445,0.4024924745047377,0.3948259840523913,0.39865922927856445,14903820,0.0,0.0
2014-04-21 00:00:00+08:00,0.39865930779260633,0.4005759438570785,0.3948260618114937,0.39674267172813416,6701741,0.0,0.0
2014-04-22 00:00:00+08:00,0.3967426342712432,0.4005759060382843,0.3967426342712432,0.4005759060382843,3850983,0.0,0.0
2014-04-23 00:00:00+08:00,0.40010726114415657,0.40010726114415657,0.3962037926847811,0.39815554022789,3178062,0.016427,0.0
2014-04-24 00:00:00+08:00,0.3981555435860101,0.4001072645187378,0.3981555435860101,0.4001072645187378,926982,0.0,0.0
2014-04-25 00:00:00+08:00,0.39815554022789,0.40010726114415657,0.39815554022789,0.39815554022789,1205077,0.0,0.0
2014-04-28 00:00:00+08:00,0.3981555205431965,0.40205898880958557,0.3981555205431965,0.40205898880958557,2142359,0.0,0.0
2014-04-29 00:00:00+08:00,0.4001072645187378,0.40205901207830813,0.4001072645187378,0.4001072645187378,1046002,0.0,0.0
2014-04-30 00:00:00+08:00,0.40205901207830813,0.40401073301103585,0.4001072645187378,0.4001072645187378,2177836,0.0,0.0
2014-05-02 00:00:00+08:00,0.4001072413629705,0.4040107096293596,0.4001072413629705,0.40205898880958557,1758978,0.0,0.0
2014-05-05 00:00:00+08:00,0.4020590812389453,0.4059625504027029,0.4020590812389453,0.4040108025074005,1653691,0.0,0.0
2014-05-06 00:00:00+08:00,0.4040108025074005,0.4059625504027029,0.4040108025074005,0.4040108025074005,3894471,0.0,0.0
2014-05-07 00:00:00+08:00,0.4040108025074005,0.40791429829800524,0.4040108025074005,0.4040108025074005,2533752,0.0,0.0
2014-05-08 00:00:00+08:00,0.4059624969959259,0.4079142446344643,0.4059624969959259,0.4059624969959259,719842,0.0,0.0
2014-05-09 00:00:00+08:00,0.40791425108909607,0.40791425108909607,0.40596250341967416,0.40791425108909607,615699,0.0,0.0
2014-05-12 00:00:00+08:00,0.40791425108909607,0.4118177198010957,0.40596250341967416,0.40791425108909607,2750048,0.0,0.0
2014-05-14 00:00:00+08:00,0.40791422466149013,0.41181769312059513,0.40791422466149013,0.40986594557762146,1161589,0.0,0.0
2014-05-15 00:00:00+08:00,0.40986594557762146,0.41181769312059513,0.40791422466149013,0.40986594557762146,872050,0.0,0.0
2014-05-16 00:00:00+08:00,0.40986594557762146,0.41181769312059513,0.40986594557762146,0.40986594557762146,1797888,0.0,0.0
2014-05-19 00:00:00+08:00,0.41181773582093867,0.4157212046847846,0.4098659880755932,0.4137694835662842,2812991,0.0,0.0
2014-05-20 00:00:00+08:00,0.4157212046847846,0.4157212046847846,0.4137694835662842,0.4137694835662842,1036847,0.0,0.0
2014-05-21 00:00:00+08:00,0.41376942739892425,0.4157211482524872,0.41376942739892425,0.4157211482524872,2520019,0.0,0.0
2014-05-22 00:00:00+08:00,0.4137694835662842,0.4157212046847846,0.4137694835662842,0.4137694835662842,244906,0.0,0.0
2014-05-23 00:00:00+08:00,0.4157212046847846,0.4157212046847846,0.4137694835662842,0.4137694835662842,461202,0.0,0.0
2014-05-26 00:00:00+08:00,0.41376942739892425,0.4157211482524872,0.41376942739892425,0.4157211482524872,196840,0.0,0.0
2014-05-27 00:00:00+08:00,0.4157211982767912,0.4157211982767912,0.411817729473114,0.411817729473114,1365296,0.0,0.0
2014-05-28 00:00:00+08:00,0.41181773582093867,0.4137694835662842,0.41181773582093867,0.4137694835662842,2133204,0.0,0.0
2014-05-29 00:00:00+08:00,0.4137694835662842,0.4157212046847846,0.41181773582093867,0.4137694835662842,635154,0.0,0.0
2014-05-30 00:00:00+08:00,0.4137694835662842,0.4157212046847846,0.4137694835662842,0.4137694835662842,1693746,0.0,0.0
2014-06-02 00:00:00+08:00,0.4157212046847846,0.4157212046847846,0.41181773582093867,0.4137694835662842,596244,0.0,0.0
2014-06-03 00:00:00+08:00,0.413769477188375,0.413769477188375,0.411817729473114,0.411817729473114,117875,0.0,0.0
2014-06-04 00:00:00+08:00,0.411817729473114,0.413769477188375,0.4098659817578531,0.411817729473114,888072,0.0,0.0
2014-06-05 00:00:00+08:00,0.411817729473114,0.413769477188375,0.411817729473114,0.411817729473114,413136,0.0,0.0
2014-06-06 00:00:00+08:00,0.41181773582093867,0.4137694835662842,0.4098659880755932,0.4137694835662842,604255,0.0,0.0
2014-06-09 00:00:00+08:00,0.4137694835662842,0.4137694835662842,0.41181773582093867,0.4137694835662842,146486,0.0,0.0
2014-06-10 00:00:00+08:00,0.413769477188375,0.413769477188375,0.411817729473114,0.411817729473114,582511,0.0,0.0
2014-06-11 00:00:00+08:00,0.413769477188375,0.413769477188375,0.4098659817578531,0.411817729473114,625999,0.0,0.0
2014-06-12 00:00:00+08:00,0.411817729473114,0.411817729473114,0.4098659817578531,0.411817729473114,622566,0.0,0.0
2014-06-13 00:00:00+08:00,0.4098659817578531,0.411817729473114,0.40791426066943687,0.411817729473114,505834,0.0,0.0
2014-06-16 00:00:00+08:00,0.4098659817578531,0.411817729473114,0.4098659817578531,0.411817729473114,224306,0.0,0.0
2014-06-17 00:00:00+08:00,0.41181769312059513,0.41181769312059513,0.40791422466149013,0.40986594557762146,1081479,0.0,0.0
2014-06-18 00:00:00+08:00,0.40791422466149013,0.40986594557762146,0.40791422466149013,0.40986594557762146,353626,0.0,0.0
2014-06-19 00:00:00+08:00,0.40986594557762146,0.40986594557762146,0.40791422466149013,0.40986594557762146,228884,0.0,0.0
2014-06-20 00:00:00+08:00,0.4098659880755932,0.4137694835662842,0.4079142669570928,0.4137694835662842,905238,0.0,0.0
2014-06-23 00:00:00+08:00,0.4137694835662842,0.4157212046847846,0.41181773582093867,0.4137694835662842,986492,0.0,0.0
2014-06-24 00:00:00+08:00,0.41376944066356885,0.4157211615797002,0.40986594557762146,0.40986594557762146,1084913,0.0,0.0
2014-06-25 00:00:00+08:00,0.40986597213167386,0.40986597213167386,0.40791425108909607,0.40791425108909607,1138700,0.0,0.0
2014-06-26 00:00:00+08:00,0.40986594557762146,0.40986594557762146,0.40791422466149013,0.40986594557762146,725564,0.0,0.0
2014-06-27 00:00:00+08:00,0.40986597213167386,0.40986597213167386,0.40791425108909607,0.40791425108909607,1201644,0.0,0.0
2014-06-30 00:00:00+08:00,0.40986597213167386,0.40986597213167386,0.40791425108909607,0.40791425108909607,907527,0.0,0.0
2014-07-01 00:00:00+08:00,0.40986594557762146,0.40986594557762146,0.40791422466149013,0.40986594557762146,693520,0.0,0.0
2014-07-02 00:00:00+08:00,0.40986597213167386,0.40986597213167386,0.40791425108909607,0.40791425108909607,780496,0.0,0.0
2014-07-03 00:00:00+08:00,0.40791425108909607,0.40986597213167386,0.40791425108909607,0.40791425108909607,1248565,0.0,0.0
2014-07-04 00:00:00+08:00,0.40986594557762146,0.40986594557762146,0.40791422466149013,0.40986594557762146,1024258,0.0,0.0
2014-07-07 00:00:00+08:00,0.40986597213167386,0.40986597213167386,0.40596250341967416,0.40791425108909607,830851,0.0,0.0
2014-07-08 00:00:00+08:00,0.4079142446344643,0.4079142446344643,0.4059624969959259,0.4059624969959259,1556415,0.0,0.0
2014-07-09 00:00:00+08:00,0.40596250341967416,0.40986597213167386,0.40596250341967416,0.40791425108909607,402836,0.0,0.0
2014-07-10 00:00:00+08:00,0.40791422466149013,0.40986594557762146,0.40791422466149013,0.40986594557762146,857172,0.0,0.0
2014-07-11 00:00:00+08:00,0.40791425108909607,0.40986597213167386,0.40791425108909607,0.40791425108909607,478368,0.0,0.0
2014-07-14 00:00:00+08:00,0.40986594557762146,0.40986594557762146,0.40596247711851646,0.40986594557762146,1100934,0.0,0.0
2014-07-15 00:00:00+08:00,0.40791422466149013,0.40986594557762146,0.40791422466149013,0.40986594557762146,920116,0.0,0.0
2014-07-16 00:00:00+08:00,0.40986597213167386,0.40986597213167386,0.40791425108909607,0.40791425108909607,502401,0.0,0.0
2014-07-17 00:00:00+08:00,0.4079142446344643,0.409865965646159,0.4059624969959259,0.4059624969959259,3173484,0.0,0.0
2014-07-18 00:00:00+08:00,0.4059624969959259,0.4079142446344643,0.4040107493573875,0.4059624969959259,2169826,0.0,0.0
2014-07-21 00:00:00+08:00,0.40791422466149013,0.40986594557762146,0.40596247711851646,0.40986594557762146,3158607,0.0,0.0
2014-07-22 00:00:00+08:00,0.41129675294649143,0.41129675294649143,0.40930983424186707,0.40930983424186707,1308075,0.016253,0.0
2014-07-23 00:00:00+08:00,0.41129665779595065,0.41129665779595065,0.40732279419898987,0.40732279419898987,1231399,0.0,0.0
2014-07-24 00:00:00+08:00,0.40732279419898987,0.4093097395509856,0.40732279419898987,0.40732279419898987,1776144,0.0,0.0
2014-07-25 00:00:00+08:00,0.40930983424186707,0.40930983424186707,0.40732288843020575,0.40930983424186707,568778,0.0,0.0
2014-07-29 00:00:00+08:00,0.40732279419898987,0.4093097395509856,0.40732279419898987,0.40732279419898987,248339,0.0,0.0
2014-07-30 00:00:00+08:00,0.40732288843020575,0.40930983424186707,0.40732288843020575,0.40930983424186707,670631,0.0,0.0
2014-07-31 00:00:00+08:00,0.40930983424186707,0.40930983424186707,0.40732288843020575,0.40930983424186707,565344,0.0,0.0
2014-08-01 00:00:00+08:00,0.40930983424186707,0.40930983424186707,0.4053359697255814,0.40930983424186707,2121760,0.0,0.0
2014-08-04 00:00:00+08:00,0.40732279419898987,0.4093097395509856,0.40732279419898987,0.40732279419898987,948726,0.0,0.0
2014-08-05 00:00:00+08:00,0.40732279419898987,0.4093097395509856,0.40732279419898987,0.40732279419898987,856028,0.0,0.0
2014-08-06 00:00:00+08:00,0.4073227915976781,0.4073227915976781,0.4053358733654022,0.4053358733654022,1367585,0.0,0.0
2014-08-07 00:00:00+08:00,0.40334893060202914,0.40732279419898987,0.40334893060202914,0.40732279419898987,548178,0.0,0.0
2014-08-08 00:00:00+08:00,0.40732284644077144,0.40732284644077144,0.40334898233413696,0.40334898233413696,580222,0.0,0.0
2014-08-11 00:00:00+08:00,0.4053359279409713,0.4053359279409713,0.40136203672730264,0.40334898233413696,794229,0.0,0.0
2014-08-12 00:00:00+08:00,0.40334892802609584,0.4053358733654022,0.40334892802609584,0.4053358733654022,341038,0.0,0.0
2014-08-13 00:00:00+08:00,0.40334898233413696,0.4053359279409713,0.40334898233413696,0.40334898233413696,328449,0.0,0.0
2014-08-14 00:00:00+08:00,0.40334892802609584,0.4053358733654022,0.40334892802609584,0.4053358733654022,420003,0.0,0.0
2014-08-15 00:00:00+08:00,0.40334898233413696,0.4053359279409713,0.40334898233413696,0.40334898233413696,255206,0.0,0.0
2014-08-18 00:00:00+08:00,0.40334898233413696,0.4053359279409713,0.40334898233413696,0.40334898233413696,592811,0.0,0.0
2014-08-19 00:00:00+08:00,0.40334892802609584,0.4053358733654022,0.40334892802609584,0.4053358733654022,203707,0.0,0.0
2014-08-20 00:00:00+08:00,0.4053359279409713,0.4053359279409713,0.40334898233413696,0.40334898233413696,866328,0.0,0.0
2014-08-21 00:00:00+08:00,0.40334892802609584,0.4053358733654022,0.40334892802609584,0.4053358733654022,510412,0.0,0.0
2014-08-22 00:00:00+08:00,0.4053358733654022,0.4053358733654022,0.40334892802609584,0.4053358733654022,362782,0.0,0.0
2014-08-25 00:00:00+08:00,0.4053358733654022,0.4073227915976781,0.40334892802609584,0.4053358733654022,809107,0.0,0.0
2014-08-26 00:00:00+08:00,0.4053358733654022,0.4053358733654022,0.40334892802609584,0.4053358733654022,596244,0.0,0.0
2014-08-27 00:00:00+08:00,0.40533598305689383,0.40533598305689383,0.39937517253289856,0.4013620913028717,4811154,0.0,0.0
2014-08-28 00:00:00+08:00,0.4013620913028717,0.4033490371798828,0.39937517253289856,0.4013620913028717,2186992,0.0,0.0
2014-08-29 00:00:00+08:00,0.4033489447991502,0.4033489447991502,0.39738813564038444,0.3993750810623169,3398936,0.0,0.0
2014-09-01 00:00:00+08:00,0.3993750810623169,0.4013619993772177,0.39738813564038444,0.3993750810623169,1176466,0.0,0.0
2014-09-02 00:00:00+08:00,0.39937517253289856,0.4013620913028717,0.39738822665588747,0.4013620913028717,953304,0.0,0.0
2014-09-03 00:00:00+08:00,0.40136198268678946,0.4073227915976781,0.40136198268678946,0.4053358733654022,2745470,0.0,0.0
2014-09-04 00:00:00+08:00,0.4053358733654022,0.4073227915976781,0.40334892802609584,0.4053358733654022,1324097,0.0,0.0
2014-09-05 00:00:00+08:00,0.4053359279409713,0.40732284644077144,0.40334898233413696,0.40334898233413696,1491183,0.0,0.0
2014-09-08 00:00:00+08:00,0.40533587595402487,0.40732279419898987,0.40533587595402487,0.40732279419898987,138475,0.0,0.0
2014-09-09 00:00:00+08:00,0.4073227915976781,0.4073227915976781,0.4053358733654022,0.4053358733654022,425725,0.0,0.0
2014-09-10 00:00:00+08:00,0.4053358733654022,0.4073227915976781,0.4053358733654022,0.4053358733654022,606544,0.0,0.0
2014-09-11 00:00:00+08:00,0.4053358733654022,0.4073227915976781,0.40334892802609584,0.4053358733654022,1820776,0.0,0.0
2014-09-12 00:00:00+08:00,0.40533587595402487,0.40732279419898987,0.40533587595402487,0.40732279419898987,252917,0.0,0.0
2014-09-15 00:00:00+08:00,0.40732279419898987,0.40732279419898987,0.40334893060202914,0.40732279419898987,1498049,0.0,0.0
2014-09-16 00:00:00+08:00,0.4053359279409713,0.40732284644077144,0.40334898233413696,0.40334898233413696,1430528,0.0,0.0
2014-09-17 00:00:00+08:00,0.40334893060202914,0.40732279419898987,0.40334893060202914,0.40732279419898987,1050580,0.0,0.0
2014-09-18 00:00:00+08:00,0.40334898233413696,0.40732284644077144,0.40334898233413696,0.40334898233413696,1859687,0.0,0.0
2014-09-19 00:00:00+08:00,0.40533587595402487,0.40732279419898987,0.40334893060202914,0.40732279419898987,549323,0.0,0.0
2014-09-22 00:00:00+08:00,0.40533598305689383,0.40732290182686703,0.4013620913028717,0.4013620913028717,1706334,0.0,0.0
2014-09-23 00:00:00+08:00,0.4013620913028717,0.40533598305689383,0.39937517253289856,0.4013620913028717,3361170,0.0,0.0
2014-09-24 00:00:00+08:00,0.4013620913028717,0.4033490371798828,0.39738822665588747,0.4013620913028717,3515667,0.0,0.0
2014-09-25 00:00:00+08:00,0.39738822665588747,0.4033490371798828,0.39738822665588747,0.4013620913028717,1780722,0.0,0.0
2014-09-26 00:00:00+08:00,0.40136203672730264,0.40334898233413696,0.40136203672730264,0.40334898233413696,248339,0.0,0.0
2014-09-29 00:00:00+08:00,0.40334898233413696,0.40334898233413696,0.40136203672730264,0.40334898233413696,231173,0.0,0.0
2014-09-30 00:00:00+08:00,0.4033490371798828,0.4033490371798828,0.4013620913028717,0.4013620913028717,632865,0.0,0.0
2014-10-01 00:00:00+08:00,0.40136203672730264,0.40334898233413696,0.40136203672730264,0.40334898233413696,1356141,0.0,0.0
2014-10-02 00:00:00+08:00,0.40334898233413696,0.4053359279409713,0.40136203672730264,0.40334898233413696,607688,0.0,0.0
2014-10-03 00:00:00+08:00,0.4013620913028717,0.4033490371798828,0.4013620913028717,0.4013620913028717,487524,0.0,0.0
2014-10-07 00:00:00+08:00,0.4013620913028717,0.4033490371798828,0.4013620913028717,0.4013620913028717,418858,0.0,0.0
2014-10-08 00:00:00+08:00,0.40334898233413696,0.40334898233413696,0.3993751182275025,0.40334898233413696,2221325,0.0,0.0
2014-10-09 00:00:00+08:00,0.40136203672730264,0.40334898233413696,0.3993751182275025,0.40334898233413696,241473,0.0,0.0
2014-10-10 00:00:00+08:00,0.4013619993772177,0.4033489447991502,0.3993750810623169,0.3993750810623169,589377,0.0,0.0
2014-10-13 00:00:00+08:00,0.3993750810623169,0.4013619993772177,0.3993750810623169,0.3993750810623169,227740,0.0,0.0
2014-10-14 00:00:00+08:00,0.39937510577360374,0.4013620242114449,0.39738816022872925,0.39738816022872925,748452,0.0,0.0
2014-10-15 00:00:00+08:00,0.39738816022872925,0.39937510577360374,0.3954012146838548,0.39738816022872925,3460735,0.0,0.0
2014-10-16 00:00:00+08:00,0.3954012146838548,0.39937510577360374,0.3954012146838548,0.39738816022872925,1313797,0.0,0.0
2014-10-17 00:00:00+08:00,0.395401190218452,0.3993750810623169,0.395401190218452,0.3993750810623169,1433962,0.0,0.0
2014-10-20 00:00:00+08:00,0.39738822665588747,0.4013620913028717,0.39738822665588747,0.4013620913028717,1538104,0.0,0.0
2014-10-21 00:00:00+08:00,0.40261654713518,0.40463975071907043,0.4005933711529756,0.40463975071907043,757608,0.015816,0.0
2014-10-22 00:00:00+08:00,0.40463975071907043,0.40463975071907043,0.40463975071907043,0.40463975071907043,0,0.0,0.0
2014-10-24 00:00:00+08:00,0.4046397641099821,0.4046397641099821,0.40261656045913696,0.40261656045913696,375370,0.0,0.0
2014-10-27 00:00:00+08:00,0.40261654713518,0.40463975071907043,0.40261654713518,0.40463975071907043,571067,0.0,0.0
2014-10-28 00:00:00+08:00,0.40261656045913696,0.4046397641099821,0.40261656045913696,0.40261656045913696,627143,0.0,0.0
2014-10-29 00:00:00+08:00,0.4046397641099821,0.4046397641099821,0.40261656045913696,0.40261656045913696,323871,0.0,0.0
2014-10-30 00:00:00+08:00,0.40261656045913696,0.4046397641099821,0.40059338440997877,0.40261656045913696,557334,0.0,0.0
2014-10-31 00:00:00+08:00,0.4005934000015259,0.4046397798590189,0.4005934000015259,0.4005934000015259,803384,0.0,0.0
2014-11-03 00:00:00+08:00,0.40261656045913696,0.4046397641099821,0.40059338440997877,0.40261656045913696,1517504,0.0,0.0
2014-11-04 00:00:00+08:00,0.40059338440997877,0.40261656045913696,0.40059338440997877,0.40261656045913696,778207,0.0,0.0
2014-11-05 00:00:00+08:00,0.40261652952606725,0.40261652952606725,0.39654694664154544,0.39857015013694763,1195922,0.0,0.0
2014-11-06 00:00:00+08:00,0.3985700735768182,0.40059327668358935,0.396546870470047,0.396546870470047,1578159,0.0,0.0
2014-11-07 00:00:00+08:00,0.39654697546015255,0.3985701791025888,0.3945237994194031,0.3945237994194031,1541537,0.0,0.0
2014-11-10 00:00:00+08:00,0.3945237994194031,0.39654697546015255,0.39250059577696683,0.3945237994194031,2425032,0.0,0.0
2014-11-11 00:00:00+08:00,0.3925005028536958,0.394523706017145,0.3904772996902466,0.3904772996902466,988781,0.0,0.0
2014-11-12 00:00:00+08:00,0.3904773461506476,0.39250054955482483,0.3904773461506476,0.39250054955482483,398259,0.0,0.0
2014-11-13 00:00:00+08:00,0.39250054955482483,0.39452375295900205,0.3904773461506476,0.39250054955482483,648887,0.0,0.0
2014-11-14 00:00:00+08:00,0.3904773921345306,0.3945237994194031,0.3904773921345306,0.3945237994194031,541312,0.0,0.0
2014-11-17 00:00:00+08:00,0.39250059577696683,0.3945237994194031,0.3904773921345306,0.3945237994194031,640876,0.0,0.0
2014-11-18 00:00:00+08:00,0.39250059577696683,0.3945237994194031,0.39250059577696683,0.3945237994194031,946437,0.0,0.0
2014-11-19 00:00:00+08:00,0.39654697546015255,0.39654697546015255,0.39250059577696683,0.3945237994194031,680931,0.0,0.0
2014-11-20 00:00:00+08:00,0.39452375295900205,0.39452375295900205,0.39250054955482483,0.39250054955482483,416569,0.0,0.0
2014-11-21 00:00:00+08:00,0.3904773461506476,0.39452375295900205,0.3904773461506476,0.39250054955482483,283816,0.0,0.0
2014-11-24 00:00:00+08:00,0.39250059577696683,0.3945237994194031,0.39250059577696683,0.3945237994194031,643165,0.0,0.0
2014-11-25 00:00:00+08:00,0.3925005028536958,0.394523706017145,0.3884541241284777,0.3904772996902466,1233687,0.0,0.0
2014-11-26 00:00:00+08:00,0.3904772996902466,0.3925005028536958,0.3904772996902466,0.3904772996902466,265506,0.0,0.0
2014-11-27 00:00:00+08:00,0.3904772996902466,0.3925005028536958,0.3884541241284777,0.3904772996902466,417714,0.0,0.0
2014-11-28 00:00:00+08:00,0.3904772996902466,0.3925005028536958,0.3884541241284777,0.3904772996902466,338749,0.0,0.0
2014-12-01 00:00:00+08:00,0.38845425844192505,0.39047743470323526,0.38845425844192505,0.38845425844192505,330738,0.0,0.0
2014-12-02 00:00:00+08:00,0.3884541241284777,0.3904772996902466,0.3884541241284777,0.3904772996902466,793085,0.0,0.0
2014-12-03 00:00:00+08:00,0.3904772996902466,0.3925005028536958,0.3884541241284777,0.3904772996902466,769052,0.0,0.0
2014-12-04 00:00:00+08:00,0.39047729787680574,0.39047729787680574,0.38643091917037964,0.38643091917037964,1129545,0.0,0.0
2014-12-05 00:00:00+08:00,0.38643105457892507,0.38845425844192505,0.3844078507159251,0.38845425844192505,687798,0.0,0.0
2014-12-08 00:00:00+08:00,0.38643091917037964,0.38845412232443277,0.38643091917037964,0.38643091917037964,715264,0.0,0.0
2014-12-09 00:00:00+08:00,0.38643091917037964,0.38643091917037964,0.38440771601632656,0.38643091917037964,632865,0.0,0.0
2014-12-10 00:00:00+08:00,0.38643102200989443,0.38643102200989443,0.38440781831741333,0.38440781831741333,339893,0.0,0.0
2014-12-11 00:00:00+08:00,0.38643102200989443,0.38643102200989443,0.38440781831741333,0.38440781831741333,376515,0.0,0.0
2014-12-12 00:00:00+08:00,0.3844078340333102,0.38643103780850674,0.38238465785980225,0.38238465785980225,525290,0.0,0.0
2014-12-15 00:00:00+08:00,0.382384594816232,0.382384594816232,0.37631501209302026,0.37833818793296814,1042569,0.0,0.0
2014-12-16 00:00:00+08:00,0.37833811351036045,0.3803613165540096,0.3763149380683899,0.3763149380683899,1016247,0.0,0.0
2014-12-17 00:00:00+08:00,0.37631496391372876,0.37631496391372876,0.37226855754852295,0.37226855754852295,1278320,0.0,0.0
2014-12-18 00:00:00+08:00,0.37226855754852295,0.37429176073112586,0.37226855754852295,0.37226855754852295,587088,0.0,0.0
2014-12-19 00:00:00+08:00,0.37226867629215665,0.37429188012010683,0.36822229623794556,0.36822229623794556,1034558,0.0,0.0
2014-12-22 00:00:00+08:00,0.3682222531046033,0.37024545669555664,0.36619904951365007,0.37024545669555664,1078046,0.0,0.0
2014-12-23 00:00:00+08:00,0.37024545669555664,0.37024545669555664,0.36619904951365007,0.37024545669555664,722130,0.0,0.0
2014-12-24 00:00:00+08:00,0.36822224994697095,0.3702454535205746,0.3661990463733673,0.3661990463733673,413136,0.0,0.0
2014-12-26 00:00:00+08:00,0.3682221787849976,0.37226855754852295,0.36619897560239467,0.37226855754852295,993359,0.0,0.0
2014-12-29 00:00:00+08:00,0.3722685319810915,0.37833811351036045,0.3722685319810915,0.3763149380683899,389103,0.0,0.0
2014-12-30 00:00:00+08:00,0.37631502853682985,0.380361407995224,0.37631502853682985,0.380361407995224,346760,0.0,0.0
2014-12-31 00:00:00+08:00,0.380361407995224,0.380361407995224,0.3783382044651843,0.380361407995224,252917,0.0,0.0
2015-01-02 00:00:00+08:00,0.380361407995224,0.380361407995224,0.3783382044651843,0.380361407995224,571067,0.0,0.0
2015-01-05 00:00:00+08:00,0.38036139137460007,0.382384594816232,0.37631501209302026,0.37833818793296814,424580,0.0,0.0
2015-01-06 00:00:00+08:00,0.37833818793296814,0.37833818793296814,0.3742918086513883,0.37833818793296814,693520,0.0,0.0
2015-01-07 00:00:00+08:00,0.37631496391372876,0.37631496391372876,0.37024538196760054,0.37226855754852295,2756915,0.0,0.0
2015-01-08 00:00:00+08:00,0.3722686929018479,0.37429189682006836,0.3722686929018479,0.37429189682006836,112153,0.0,0.0
2015-01-09 00:00:00+08:00,0.3742917350247407,0.3763149380683899,0.3722685319810915,0.3763149380683899,359348,0.0,0.0
2015-01-12 00:00:00+08:00,0.3763149380683899,0.3763149380683899,0.3722685319810915,0.3763149380683899,726708,0.0,0.0
2015-01-13 00:00:00+08:00,0.37631510073828883,0.37631510073828883,0.37429189682006836,0.37429189682006836,99564,0.0,0.0
2015-01-14 00:00:00+08:00,0.37429176073112586,0.37631496391372876,0.37226855754852295,0.37226855754852295,740441,0.0,0.0
2015-01-15 00:00:00+08:00,0.37429189682006836,0.37429189682006836,0.3722686929018479,0.37429189682006836,225451,0.0,0.0
2015-01-16 00:00:00+08:00,0.37429176073112586,0.37429176073112586,0.37226855754852295,0.37226855754852295,144197,0.0,0.0
2015-01-19 00:00:00+08:00,0.37226855754852295,0.37429176073112586,0.37226855754852295,0.37226855754852295,356487,0.0,0.0
2015-01-20 00:00:00+08:00,0.3722686929018479,0.37429189682006836,0.3722686929018479,0.37429189682006836,456968,0.0,0.0
2015-01-21 00:00:00+08:00,0.37429189682006836,0.3783382770548187,0.37429189682006836,0.37429189682006836,1274887,0.0,0.0
2015-01-22 00:00:00+08:00,0.3742918250067901,0.380361407995224,0.3742918250067901,0.380361407995224,1849616,0.0,0.0
2015-01-23 00:00:00+08:00,0.3803613165540096,0.3803613165540096,0.3763149380683899,0.3763149380683899,1136755,0.0,0.0
2015-01-26 00:00:00+08:00,0.3763149380683899,0.3803613165540096,0.3742917350247407,0.3763149380683899,2186992,0.0,0.0
2015-01-27 00:00:00+08:00,0.3795329401708581,0.3795329401708581,0.37540760108963445,0.3774702847003937,926868,0.015554,0.0
2015-01-28 00:00:00+08:00,0.37747034993517553,0.3795330057621101,0.3754076659679413,0.3754076659679413,590636,0.0,0.0
2015-01-29 00:00:00+08:00,0.3774702847003937,0.3774702847003937,0.37540760108963445,0.3774702847003937,361866,0.0,0.0
2015-01-30 00:00:00+08:00,0.3774702847003937,0.3774702847003937,0.37540760108963445,0.3774702847003937,492902,0.0,0.0
2015-02-02 00:00:00+08:00,0.3774702847003937,0.3774702847003937,0.37540760108963445,0.3774702847003937,504461,0.0,0.0
2015-02-03 00:00:00+08:00,0.3754076659679413,0.37747034993517553,0.3754076659679413,0.3754076659679413,532500,0.0,0.0
2015-02-04 00:00:00+08:00,0.37540760108963445,0.3774702847003937,0.37540760108963445,0.3774702847003937,618102,0.0,0.0
2015-02-05 00:00:00+08:00,0.37747034993517553,0.37747034993517553,0.37334498200070704,0.3754076659679413,515905,0.0,0.0
2015-02-06 00:00:00+08:00,0.3754076659679413,0.3754076659679413,0.37334498200070704,0.3754076659679413,806131,0.0,0.0
2015-02-09 00:00:00+08:00,0.37540761169523124,0.37540761169523124,0.37334492802619934,0.37334492802619934,624397,0.0,0.0
2015-02-10 00:00:00+08:00,0.37540761169523124,0.37540761169523124,0.37334492802619934,0.37334492802619934,480199,0.0,0.0
2015-02-11 00:00:00+08:00,0.37334492802619934,0.37540761169523124,0.37334492802619934,0.37334492802619934,216753,0.0,0.0
2015-02-12 00:00:00+08:00,0.37334492802619934,0.37540761169523124,0.37334492802619934,0.37334492802619934,227282,0.0,0.0
2015-02-13 00:00:00+08:00,0.37334498200070704,0.3754076659679413,0.37334498200070704,0.3754076659679413,712975,0.0,0.0
2015-02-16 00:00:00+08:00,0.37334492802619934,0.37540761169523124,0.37334492802619934,0.37334492802619934,364727,0.0,0.0
2015-02-17 00:00:00+08:00,0.37334498200070704,0.3754076659679413,0.37334498200070704,0.3754076659679413,780496,0.0,0.0
2015-02-18 00:00:00+08:00,0.37540760108963445,0.3774702847003937,0.37334491747887516,0.3774702847003937,741929,0.0,0.0
2015-02-23 00:00:00+08:00,0.37747034993517553,0.37747034993517553,0.3754076659679413,0.3754076659679413,339435,0.0,0.0
2015-02-24 00:00:00+08:00,0.3754076659679413,0.37747034993517553,0.3754076659679413,0.3754076659679413,663307,0.0,0.0
2015-02-25 00:00:00+08:00,0.37747018888133227,0.3795328438282013,0.3754075057941756,0.3795328438282013,434766,0.0,0.0
2015-02-26 00:00:00+08:00,0.3795329401708581,0.3795329401708581,0.3774702847003937,0.3774702847003937,251315,0.0,0.0
2015-02-27 00:00:00+08:00,0.37747018888133227,0.3795328438282013,0.37747018888133227,0.3795328438282013,393338,0.0,0.0
2015-03-02 00:00:00+08:00,0.3795329401708581,0.3795329401708581,0.3774702847003937,0.3774702847003937,422292,0.0,0.0
2015-03-03 00:00:00+08:00,0.3795329401708581,0.3795329401708581,0.3774702847003937,0.3774702847003937,467611,0.0,0.0
2015-03-04 00:00:00+08:00,0.37747018888133227,0.3795328438282013,0.37747018888133227,0.3795328438282013,244906,0.0,0.0
2015-03-05 00:00:00+08:00,0.3774702847003937,0.3795329401708581,0.3774702847003937,0.3774702847003937,227854,0.0,0.0
2015-03-06 00:00:00+08:00,0.3754076659679413,0.37747034993517553,0.3754076659679413,0.3754076659679413,1589374,0.0,0.0
2015-03-09 00:00:00+08:00,0.3754076659679413,0.3754076659679413,0.37334498200070704,0.3754076659679413,673607,0.0,0.0
2015-03-10 00:00:00+08:00,0.37540761169523124,0.37540761169523124,0.37334492802619934,0.37334492802619934,683563,0.0,0.0
2015-03-11 00:00:00+08:00,0.3754075584999876,0.3754075584999876,0.3712822198867798,0.3712822198867798,1277977,0.0,0.0
2015-03-12 00:00:00+08:00,0.3712822724974631,0.37334492802619934,0.3712822724974631,0.37334492802619934,164339,0.0,0.0
2015-03-13 00:00:00+08:00,0.37334492802619934,0.37334492802619934,0.3712822724974631,0.37334492802619934,279925,0.0,0.0
2015-03-16 00:00:00+08:00,0.37334492802619934,0.37334492802619934,0.3712822724974631,0.37334492802619934,246165,0.0,0.0
2015-03-17 00:00:00+08:00,0.37334492802619934,0.37334492802619934,0.3712822724974631,0.37334492802619934,430531,0.0,0.0
2015-03-18 00:00:00+08:00,0.3712822724974631,0.37334492802619934,0.3712822724974631,0.37334492802619934,800523,0.0,0.0
2015-03-19 00:00:00+08:00,0.37334498200070704,0.3754076659679413,0.3712823261737725,0.3754076659679413,1206336,0.0,0.0
2015-03-20 00:00:00+08:00,0.3754075584999876,0.3754075584999876,0.3712822198867798,0.3712822198867798,590407,0.0,0.0
2015-03-23 00:00:00+08:00,0.3733448751232379,0.3754075584999876,0.3712822198867798,0.3712822198867798,1623364,0.0,0.0
2015-03-24 00:00:00+08:00,0.3733448751232379,0.3754075584999876,0.3712822198867798,0.3712822198867798,177271,0.0,0.0
2015-03-25 00:00:00+08:00,0.3712822724974631,0.37540761169523124,0.3712822724974631,0.37334492802619934,283702,0.0,0.0
2015-03-26 00:00:00+08:00,0.3712822198867798,0.3733448751232379,0.3712822198867798,0.3712822198867798,408787,0.0,0.0
2015-03-27 00:00:00+08:00,0.3712822198867798,0.3733448751232379,0.3692195365100301,0.3712822198867798,2597382,0.0,0.0
2015-03-30 00:00:00+08:00,0.37128225492340305,0.37128225492340305,0.369219571352005,0.369219571352005,434308,0.0,0.0
2015-03-31 00:00:00+08:00,0.3712822198867798,0.3712822198867798,0.3692195365100301,0.3712822198867798,632064,0.0,0.0
2015-04-01 00:00:00+08:00,0.3692195365100301,0.3712822198867798,0.3692195365100301,0.3712822198867798,459829,0.0,0.0
2015-04-02 00:00:00+08:00,0.3712822198867798,0.3712822198867798,0.3692195365100301,0.3712822198867798,672234,0.0,0.0
2015-04-06 00:00:00+08:00,0.3692195365100301,0.3712822198867798,0.3692195365100301,0.3712822198867798,431447,0.0,0.0
2015-04-07 00:00:00+08:00,0.3712822724974631,0.37334492802619934,0.3692195888284312,0.37334492802619934,1264816,0.0,0.0
2015-04-08 00:00:00+08:00,0.3712822198867798,0.3712822198867798,0.3692195365100301,0.3712822198867798,1635609,0.0,0.0
2015-04-09 00:00:00+08:00,0.3712822198867798,0.3712822198867798,0.3692195365100301,0.3712822198867798,1122564,0.0,0.0
2015-04-10 00:00:00+08:00,0.3712822198867798,0.3712822198867798,0.3692195365100301,0.3712822198867798,1955361,0.0,0.0
2015-04-13 00:00:00+08:00,0.37128226021651634,0.37334491567702593,0.36715689301490784,0.36715689301490784,2999647,0.0,0.0
2015-04-14 00:00:00+08:00,0.36715689301490784,0.3692195766157121,0.36715689301490784,0.36715689301490784,2029519,0.0,0.0
2015-04-15 00:00:00+08:00,0.3692195766157121,0.3692195766157121,0.36715689301490784,0.36715689301490784,1164221,0.0,0.0
2015-04-16 00:00:00+08:00,0.36715689301490784,0.3692195766157121,0.36715689301490784,0.36715689301490784,841036,0.0,0.0
2015-04-17 00:00:00+08:00,0.3692195766157121,0.3692195766157121,0.36715689301490784,0.36715689301490784,829935,0.0,0.0
2015-04-20 00:00:00+08:00,0.3671569656248325,0.3671569656248325,0.36303162574768066,0.36303162574768066,1628399,0.0,0.0
2015-04-21 00:00:00+08:00,0.36715689301490784,0.37128226021651634,0.36509423755439824,0.36715689301490784,3370783,0.0,0.0
2015-04-22 00:00:00+08:00,0.36715689301490784,0.37128226021651634,0.36715689301490784,0.36715689301490784,4617975,0.0,0.0
2015-04-23 00:00:00+08:00,0.369219571352005,0.37128225492340305,0.367156887780607,0.369219571352005,2527114,0.0,0.0
2015-04-24 00:00:00+08:00,0.3703983426094055,0.3725028830515379,0.36829380216727314,0.3703983426094055,2150828,0.015554,0.0
2015-04-27 00:00:00+08:00,0.3703983426094055,0.3725028830515379,0.36829380216727314,0.3703983426094055,2053552,0.0,0.0
2015-04-28 00:00:00+08:00,0.3703983323934406,0.3703983323934406,0.36829379200935364,0.36829379200935364,1460512,0.0,0.0
2015-04-29 00:00:00+08:00,0.3682937228847446,0.3682937228847446,0.36618921160697937,0.36618921160697937,1239753,0.0,0.0
2015-04-30 00:00:00+08:00,0.36618923090927125,0.36618923090927125,0.3619801794205532,0.3640846908092499,2797656,0.0,0.0
2015-05-04 00:00:00+08:00,0.36198015939506234,0.3640846706673331,0.35777107942787467,0.3598756194114685,4427658,0.0,0.0
2015-05-05 00:00:00+08:00,0.3619802391125205,0.3619802391125205,0.3577711582183838,0.3577711582183838,1165594,0.0,0.0
2015-05-06 00:00:00+08:00,0.3577710591667763,0.359875599031187,0.35356200814927646,0.35566654801368713,2950322,0.0,0.0
2015-05-07 00:00:00+08:00,0.35566654801368713,0.35566654801368713,0.35356200814927646,0.35566654801368713,1354767,0.0,0.0
2015-05-08 00:00:00+08:00,0.3556665671938607,0.3577710784604407,0.35356202721595764,0.35356202721595764,2374334,0.0,0.0
2015-05-11 00:00:00+08:00,0.35356200814927646,0.35566654801368713,0.35356200814927646,0.35566654801368713,2540161,0.0,0.0
2015-05-12 00:00:00+08:00,0.35356200814927646,0.35566654801368713,0.35356200814927646,0.35566654801368713,1882003,0.0,0.0
2015-05-13 00:00:00+08:00,0.35356202721595764,0.3556665671938607,0.35356202721595764,0.35356202721595764,1892990,0.0,0.0
2015-05-14 00:00:00+08:00,0.35356200814927646,0.35566654801368713,0.35356200814927646,0.35566654801368713,1510638,0.0,0.0
2015-05-15 00:00:00+08:00,0.35356200814927646,0.35566654801368713,0.35356200814927646,0.35566654801368713,310024,0.0,0.0
2015-05-18 00:00:00+08:00,0.35356210603557653,0.3577711582183838,0.35356210603557653,0.3577711582183838,1368157,0.0,0.0
2015-05-19 00:00:00+08:00,0.3577711582183838,0.3577711582183838,0.35566664648264484,0.3577711582183838,629089,0.0,0.0
2015-05-20 00:00:00+08:00,0.3556665671938607,0.3577710784604407,0.35356202721595764,0.35356202721595764,1903061,0.0,0.0
2015-05-21 00:00:00+08:00,0.3556665671938607,0.3556665671938607,0.35356202721595764,0.35356202721595764,1002972,0.0,0.0
2015-05-22 00:00:00+08:00,0.35356210603557653,0.3577711582183838,0.35356210603557653,0.3577711582183838,1681500,0.0,0.0
2015-05-25 00:00:00+08:00,0.3577710591667763,0.3577710591667763,0.35356200814927646,0.35566654801368713,927325,0.0,0.0
2015-05-26 00:00:00+08:00,0.35566657858689166,0.3619801700115204,0.35566657858689166,0.3619801700115204,1830847,0.0,0.0
2015-05-27 00:00:00+08:00,0.3619801700115204,0.36408468134551397,0.3598756299662028,0.3619801700115204,1020253,0.0,0.0
2015-05-28 00:00:00+08:00,0.36408468134551397,0.36408468134551397,0.3598756299662028,0.3619801700115204,1403863,0.0,0.0
2015-05-29 00:00:00+08:00,0.3619801700115204,0.3619801700115204,0.3598756299662028,0.3619801700115204,934650,0.0,0.0
2015-06-02 00:00:00+08:00,0.3619801700115204,0.36408468134551397,0.3598756299662028,0.3619801700115204,1882690,0.0,0.0
2015-06-03 00:00:00+08:00,0.36198015939506234,0.3640846706673331,0.3598756194114685,0.3598756194114685,1402490,0.0,0.0
2015-06-04 00:00:00+08:00,0.3598756194114685,0.36198015939506234,0.3598756194114685,0.3598756194114685,872736,0.0,0.0
2015-06-05 00:00:00+08:00,0.3598756194114685,0.36198015939506234,0.3598756194114685,0.3598756194114685,383496,0.0,0.0
2015-06-08 00:00:00+08:00,0.3598756299662028,0.3619801700115204,0.3598756299662028,0.3619801700115204,629661,0.0,0.0
2015-06-09 00:00:00+08:00,0.3619802391125205,0.3619802391125205,0.3577711582183838,0.3577711582183838,1020367,0.0,0.0
2015-06-10 00:00:00+08:00,0.3577711582183838,0.3598756986654521,0.3577711582183838,0.3577711582183838,682991,0.0,0.0
2015-06-11 00:00:00+08:00,0.35777107942787467,0.3598756194114685,0.35777107942787467,0.3598756194114685,562712,0.0,0.0
2015-06-12 00:00:00+08:00,0.3598756194114685,0.3598756194114685,0.35777107942787467,0.3598756194114685,947582,0.0,0.0
2015-06-15 00:00:00+08:00,0.3598756986654521,0.3619802391125205,0.35566664648264484,0.3577711582183838,2830386,0.0,0.0
2015-06-16 00:00:00+08:00,0.3577710591667763,0.359875599031187,0.35566654801368713,0.35566654801368713,2219951,0.0,0.0
2015-06-17 00:00:00+08:00,0.3577710899208853,0.3619801700115204,0.3577710899208853,0.3619801700115204,1503314,0.0,0.0
2015-06-18 00:00:00+08:00,0.3598756299662028,0.36408468134551397,0.3598756299662028,0.3619801700115204,848017,0.0,0.0
2015-06-19 00:00:00+08:00,0.3619801794205532,0.3640846908092499,0.3598756393205319,0.3640846908092499,1344010,0.0,0.0
2015-06-22 00:00:00+08:00,0.3619801794205532,0.3640846908092499,0.3619801794205532,0.3640846908092499,548178,0.0,0.0
2015-06-23 00:00:00+08:00,0.36408468134551397,0.36408468134551397,0.3619801700115204,0.3619801700115204,243075,0.0,0.0
2015-06-24 00:00:00+08:00,0.36408468134551397,0.36408468134551397,0.3619801700115204,0.3619801700115204,189058,0.0,0.0
2015-06-25 00:00:00+08:00,0.3619801700115204,0.36408468134551397,0.3619801700115204,0.3619801700115204,1611118,0.0,0.0
2015-06-26 00:00:00+08:00,0.36198015939506234,0.3640846706673331,0.35777107942787467,0.3598756194114685,2586968,0.0,0.0
2015-06-29 00:00:00+08:00,0.359875599031187,0.359875599031187,0.35356200814927646,0.35566654801368713,1366784,0.0,0.0
2015-06-30 00:00:00+08:00,0.3577711582183838,0.3577711582183838,0.35356210603557653,0.3577711582183838,794801,0.0,0.0
2015-07-01 00:00:00+08:00,0.3577711582183838,0.3577711582183838,0.35566664648264484,0.3577711582183838,521170,0.0,0.0
2015-07-02 00:00:00+08:00,0.3577711582183838,0.3577711582183838,0.35566664648264484,0.3577711582183838,790567,0.0,0.0
2015-07-03 00:00:00+08:00,0.35777107942787467,0.3598756194114685,0.35777107942787467,0.3598756194114685,998165,0.0,0.0
2015-07-06 00:00:00+08:00,0.3598756194114685,0.3598756194114685,0.35777107942787467,0.3598756194114685,1081937,0.0,0.0
2015-07-07 00:00:00+08:00,0.3598756194114685,0.36198015939506234,0.3598756194114685,0.3598756194114685,197870,0.0,0.0
2015-07-08 00:00:00+08:00,0.3619802391125205,0.3619802391125205,0.3577711582183838,0.3577711582183838,878687,0.0,0.0
2015-07-09 00:00:00+08:00,0.3598756986654521,0.3598756986654521,0.35566664648264484,0.3577711582183838,662506,0.0,0.0
2015-07-10 00:00:00+08:00,0.3577711582183838,0.3577711582183838,0.35566664648264484,0.3577711582183838,804872,0.0,0.0
2015-07-13 00:00:00+08:00,0.3577711582183838,0.3577711582183838,0.35566664648264484,0.3577711582183838,176241,0.0,0.0
2015-07-14 00:00:00+08:00,0.3577710899208853,0.3619801700115204,0.3577710899208853,0.3619801700115204,738152,0.0,0.0
2015-07-15 00:00:00+08:00,0.3619801700115204,0.36408468134551397,0.3598756299662028,0.3619801700115204,554358,0.0,0.0
2015-07-16 00:00:00+08:00,0.3640846908092499,0.3640846908092499,0.3619801794205532,0.3640846908092499,482832,0.0,0.0
2015-07-20 00:00:00+08:00,0.36618927112502236,0.372502863407135,0.36408473079387554,0.372502863407135,3143844,0.0,0.0
2015-07-21 00:00:00+08:00,0.36829374229796785,0.36829374229796785,0.3640846908092499,0.3640846908092499,2763094,0.0,0.0
2015-07-22 00:00:00+08:00,0.36618923090927125,0.36618923090927125,0.3619801794205532,0.3640846908092499,1873077,0.0,0.0
2015-07-23 00:00:00+08:00,0.3653739784842386,0.3653739784842386,0.36107548178780746,0.36322474479675293,907412,0.015728,0.0
2015-07-24 00:00:00+08:00,0.3610755503177643,0.3610755503177643,0.35892628690090156,0.3610755503177643,892192,0.0,0.0
2015-07-27 00:00:00+08:00,0.36107559985715393,0.36107559985715393,0.3567771017551422,0.3567771017551422,976078,0.0,0.0
2015-07-28 00:00:00+08:00,0.3567770028351117,0.3589262366294861,0.3567770028351117,0.3589262366294861,672920,0.0,0.0
2015-07-29 00:00:00+08:00,0.35892633614541336,0.35892633614541336,0.3546278380434016,0.3567771017551422,506178,0.0,0.0
2015-07-30 00:00:00+08:00,0.35892633614541336,0.35892633614541336,0.3567771017551422,0.3567771017551422,414738,0.0,0.0
2015-07-31 00:00:00+08:00,0.35677702149277307,0.35892625539954165,0.3524784950363102,0.3546277582645416,787706,0.0,0.0
2015-08-03 00:00:00+08:00,0.35247857389183124,0.35462783760088995,0.35032933950424194,0.35032933950424194,1094755,0.0,0.0
2015-08-04 00:00:00+08:00,0.352478563785553,0.35462782743298793,0.35032932945958667,0.352478563785553,1085942,0.0,0.0
2015-08-05 00:00:00+08:00,0.35247857389183124,0.35247857389183124,0.3460308120861245,0.35032933950424194,834856,0.0,0.0
2015-08-06 00:00:00+08:00,0.35032933950424194,0.35032933950424194,0.3460308120861245,0.35032933950424194,395169,0.0,0.0
2015-08-07 00:00:00+08:00,0.35032933950424194,0.35032933950424194,0.35032933950424194,0.35032933950424194,0,0.0,0.0
2015-08-11 00:00:00+08:00,0.34818005561828613,0.35032931920279586,0.3460307920337764,0.34818005561828613,839319,0.0,0.0
2015-08-12 00:00:00+08:00,0.3481799848198761,0.3481799848198761,0.3417322246988928,0.3438814878463745,1852134,0.0,0.0
2015-08-13 00:00:00+08:00,0.34388144584440067,0.34388144584440067,0.3395829200744629,0.3395829200744629,1300522,0.0,0.0
2015-08-14 00:00:00+08:00,0.3417322246988928,0.3438814878463745,0.3395829615514111,0.3438814878463745,459028,0.0,0.0
2015-08-17 00:00:00+08:00,0.34173229336738586,0.3460307912046378,0.34173229336738586,0.34173229336738586,961200,0.0,0.0
2015-08-18 00:00:00+08:00,0.34388155694674566,0.34388155694674566,0.33958302978802607,0.34173229336738586,617759,0.0,0.0
2015-08-19 00:00:00+08:00,0.3395830193922157,0.34173228290577906,0.33528452168655565,0.337433785200119,790109,0.0,0.0
2015-08-20 00:00:00+08:00,0.33743377283209397,0.33743377283209397,0.3266874849796295,0.3266874849796295,1583881,0.0,0.0
2015-08-21 00:00:00+08:00,0.32668752438287557,0.32668752438287557,0.3137920008617039,0.3180905282497406,1692601,0.0,0.0
2015-08-24 00:00:00+08:00,0.31379197989220003,0.31379197989220003,0.30734374941901693,0.3094934821128845,2013955,0.0,0.0
2015-08-25 00:00:00+08:00,0.307343701213696,0.3202396909939146,0.30519443800040574,0.3137919306755066,1207938,0.0,0.0
2015-08-26 00:00:00+08:00,0.3180905088108045,0.32238900661468506,0.31164274744424997,0.32238900661468506,448270,0.0,0.0
2015-08-27 00:00:00+08:00,0.3223890074816907,0.3331352666810259,0.3202397439132367,0.3288367688655853,1864608,0.0,0.0
2015-08-28 00:00:00+08:00,0.3331352581729922,0.3395830193922157,0.3331352581729922,0.337433785200119,1841605,0.0,0.0
2015-08-31 00:00:00+08:00,0.3374337439295941,0.3374337439295941,0.3309859834989772,0.3331352174282074,1548289,0.0,0.0
2015-09-01 00:00:00+08:00,0.3331352459625219,0.3331352459625219,0.32453825086630916,0.3266874849796295,687340,0.0,0.0
2015-09-02 00:00:00+08:00,0.32453829050064087,0.3266875248764371,0.32453829050064087,0.32453829050064087,241244,0.0,0.0
2015-09-03 00:00:00+08:00,0.32453827017735903,0.32453827017735903,0.32238900661468506,0.32238900661468506,234263,0.0,0.0
2015-09-04 00:00:00+08:00,0.32453827017735903,0.3266875044185656,0.32238900661468506,0.32238900661468506,411534,0.0,0.0
2015-09-07 00:00:00+08:00,0.3266874849796295,0.3266874849796295,0.32023972399673706,0.3266874849796295,523687,0.0,0.0
2015-09-08 00:00:00+08:00,0.3266874849796295,0.3266874849796295,0.32453825086630916,0.3266874849796295,223048,0.0,0.0
2015-09-09 00:00:00+08:00,0.32668750529713125,0.3288367688655853,0.3223890074816907,0.3288367688655853,576331,0.0,0.0
2015-09-10 00:00:00+08:00,0.32668750529713125,0.3288367688655853,0.32453827105014477,0.3288367688655853,405697,0.0,0.0
2015-09-14 00:00:00+08:00,0.3288367688655853,0.3288367688655853,0.3223890074816907,0.3288367688655853,347217,0.0,0.0
2015-09-15 00:00:00+08:00,0.3288367885737026,0.3288367885737026,0.3223890268033754,0.32453829050064087,261271,0.0,0.0
2015-09-16 00:00:00+08:00,0.3288367688655853,0.3288367688655853,0.32453827105014477,0.3288367688655853,340694,0.0,0.0
2015-09-17 00:00:00+08:00,0.3288367688655853,0.3288367688655853,0.32668750529713125,0.3288367688655853,261386,0.0,0.0
2015-09-18 00:00:00+08:00,0.32668750529713125,0.3352845302494799,0.32668750529713125,0.3288367688655853,1891273,0.0,0.0
2015-09-21 00:00:00+08:00,0.3288367688655853,0.3288367688655853,0.3223890074816907,0.3288367688655853,680588,0.0,0.0
2015-09-22 00:00:00+08:00,0.3288367688655853,0.33098603243403935,0.32668750529713125,0.3288367688655853,340580,0.0,0.0
2015-09-23 00:00:00+08:00,0.3288367688655853,0.3288367688655853,0.32453827105014477,0.3288367688655853,406842,0.0,0.0
2015-09-25 00:00:00+08:00,0.3288367202482838,0.3331352174282074,0.3266874569975905,0.3331352174282074,711487,0.0,0.0
2015-09-28 00:00:00+08:00,0.333135197142933,0.333135197142933,0.3266874371049332,0.330985963344574,362553,0.0,0.0
2015-09-29 00:00:00+08:00,0.3288367885737026,0.3288367885737026,0.3223890268033754,0.32453829050064087,319408,0.0,0.0
2015-09-30 00:00:00+08:00,0.32453829050064087,0.3266875248764371,0.3223890268033754,0.32453829050064087,352711,0.0,0.0
2015-10-01 00:00:00+08:00,0.32453829050064087,0.3288367885737026,0.32453829050064087,0.32453829050064087,254748,0.0,0.0
2015-10-02 00:00:00+08:00,0.32453827017735903,0.3266875044185656,0.32238900661468506,0.32238900661468506,539366,0.0,0.0
2015-10-05 00:00:00+08:00,0.32453825086630916,0.3266874849796295,0.32453825086630916,0.3266874849796295,163538,0.0,0.0
2015-10-06 00:00:00+08:00,0.3266875248764371,0.3266875248764371,0.32453829050064087,0.32453829050064087,737580,0.0,0.0
2015-10-07 00:00:00+08:00,0.32453827105014477,0.3288367688655853,0.32453827105014477,0.3288367688655853,433278,0.0,0.0
2015-10-08 00:00:00+08:00,0.330985963344574,0.330985963344574,0.3266874371049332,0.330985963344574,173151,0.0,0.0
2015-10-09 00:00:00+08:00,0.3288367604673322,0.337433785200119,0.3288367604673322,0.337433785200119,947925,0.0,0.0
2015-10-12 00:00:00+08:00,0.3352845311164856,0.3374337946904974,0.3331352675424738,0.3352845311164856,689057,0.0,0.0
2015-10-13 00:00:00+08:00,0.3374337946904974,0.3395830289430416,0.3352845311164856,0.3352845311164856,946895,0.0,0.0
2015-10-14 00:00:00+08:00,0.337433785200119,0.337433785200119,0.3331352581729922,0.337433785200119,586631,0.0,0.0
2015-10-15 00:00:00+08:00,0.33528442362598326,0.3395829200744629,0.33528442362598326,0.3395829200744629,261500,0.0,0.0
2015-10-16 00:00:00+08:00,0.3395830193922157,0.3395830193922157,0.33528452168655565,0.337433785200119,751313,0.0,0.0
2015-10-19 00:00:00+08:00,0.3374337946904974,0.3374337946904974,0.3352845311164856,0.3352845311164856,1151175,0.0,0.0
2015-10-20 00:00:00+08:00,0.337433785200119,0.337433785200119,0.33528452168655565,0.337433785200119,572898,0.0,0.0
2015-10-21 00:00:00+08:00,0.3386209827209168,0.3386209827209168,0.33202448896524905,0.33422330021858215,983402,0.015466,0.0
2015-10-22 00:00:00+08:00,0.3364221453666687,0.3364221453666687,0.33422330409003126,0.3364221453666687,150491,0.0,0.0
2015-10-23 00:00:00+08:00,0.33422330021858215,0.33642214146974947,0.33202448896524905,0.33422330021858215,846873,0.0,0.0
2015-10-26 00:00:00+08:00,0.3364221453666687,0.3364221453666687,0.33422330409003126,0.3364221453666687,135728,0.0,0.0
2015-10-27 00:00:00+08:00,0.33642214146974947,0.33642214146974947,0.33422330021858215,0.33422330021858215,438428,0.0,0.0
2015-10-28 00:00:00+08:00,0.33642214146974947,0.33642214146974947,0.33422330021858215,0.33422330021858215,500112,0.0,0.0
2015-10-29 00:00:00+08:00,0.33422330021858215,0.33642214146974947,0.33422330021858215,0.33422330021858215,231974,0.0,0.0
2015-10-30 00:00:00+08:00,0.33422330021858215,0.33642214146974947,0.33422330021858215,0.33422330021858215,272944,0.0,0.0
2015-11-02 00:00:00+08:00,0.3342233560984219,0.33642219771722043,0.32982570285866425,0.33202454447746277,630119,0.0,0.0
2015-11-03 00:00:00+08:00,0.33422330409003126,0.3364221453666687,0.3320244928112285,0.3364221453666687,227396,0.0,0.0
2015-11-04 00:00:00+08:00,0.336422178821779,0.33862102031707764,0.33422333732648035,0.33862102031707764,454564,0.0,0.0
2015-11-05 00:00:00+08:00,0.3364221453666687,0.33862098664330614,0.33422330409003126,0.3364221453666687,370907,0.0,0.0
2015-11-06 00:00:00+08:00,0.3364221941173468,0.3364221941173468,0.3298256993293762,0.3298256993293762,1336800,0.0,0.0
2015-11-09 00:00:00+08:00,0.32982563574803847,0.32982563574803847,0.3254279834030845,0.3276267945766449,1591091,0.0,0.0
2015-11-11 00:00:00+08:00,0.32982571137820815,0.32982571137820815,0.31883156299591064,0.31883156299591064,3764236,0.0,0.0
2015-11-12 00:00:00+08:00,0.31883143946217196,0.32103025028798093,0.31223443702600484,0.31663259863853455,4128734,0.0,0.0
2015-11-13 00:00:00+08:00,0.31663268370632797,0.31663268370632797,0.3122345209121704,0.3122345209121704,877085,0.0,0.0
2015-11-16 00:00:00+08:00,0.31443333625793457,0.3166326574553668,0.31223449502584627,0.31443333625793457,982258,0.0,0.0
2015-11-17 00:00:00+08:00,0.31883156299591064,0.31883156299591064,0.3166327213203151,0.31883156299591064,545317,0.0,0.0
2015-11-18 00:00:00+08:00,0.31883143946217196,0.31883143946217196,0.31443327784964226,0.31663259863853455,568206,0.0,0.0
2015-11-19 00:00:00+08:00,0.31883156299591064,0.31883156299591064,0.3166327213203151,0.31883156299591064,477453,0.0,0.0
2015-11-20 00:00:00+08:00,0.31883156299591064,0.32103037467366613,0.3166327213203151,0.31883156299591064,285075,0.0,0.0
2015-11-23 00:00:00+08:00,0.31883159623699564,0.3210304081439972,0.31883159623699564,0.3210304081439972,158388,0.0,0.0
2015-11-24 00:00:00+08:00,0.3210304081439972,0.3210304081439972,0.31883159623699564,0.3210304081439972,1319290,0.0,0.0
2015-11-25 00:00:00+08:00,0.3210304081439972,0.3210304081439972,0.31663275433215093,0.3210304081439972,214235,0.0,0.0
2015-11-26 00:00:00+08:00,0.31883156299591064,0.32322921634926166,0.31883156299591064,0.31883156299591064,546347,0.0,0.0
2015-11-27 00:00:00+08:00,0.31883159623699564,0.3210304081439972,0.31883159623699564,0.3210304081439972,257266,0.0,0.0
2015-11-30 00:00:00+08:00,0.31883143946217196,0.32103025028798093,0.3166325986385345,0.31663259863853455,163194,0.0,0.0
2015-12-01 00:00:00+08:00,0.31883159623699564,0.3210304081439972,0.31663275433215093,0.3210304081439972,169260,0.0,0.0
2015-12-02 00:00:00+08:00,0.3210304081439972,0.3210304081439972,0.31883159623699564,0.3210304081439972,258639,0.0,0.0
2015-12-03 00:00:00+08:00,0.32103037467366613,0.32103037467366613,0.3166327213203151,0.31883156299591064,210001,0.0,0.0
2015-12-04 00:00:00+08:00,0.3166327213203151,0.32103037467366613,0.3166327213203151,0.31883156299591064,107232,0.0,0.0
2015-12-07 00:00:00+08:00,0.31883159623699564,0.3210304081439972,0.31883159623699564,0.3210304081439972,54360,0.0,0.0
2015-12-08 00:00:00+08:00,0.31883159623699564,0.3210304081439972,0.31883159623699564,0.3210304081439972,216753,0.0,0.0
2015-12-09 00:00:00+08:00,0.31883156299591064,0.32103037467366613,0.3166327213203151,0.31883156299591064,186769,0.0,0.0
2015-12-10 00:00:00+08:00,0.31883143946217196,0.31883143946217196,0.3166325986385345,0.31663259863853455,325359,0.0,0.0
2015-12-11 00:00:00+08:00,0.3144333623265573,0.31663268370632797,0.31003567949778355,0.3122345209121704,1370904,0.0,0.0
2015-12-14 00:00:00+08:00,0.31223454716567756,0.31223454716567756,0.30783689396497393,0.31003570556640625,584113,0.0,0.0
2015-12-15 00:00:00+08:00,0.30783689396497393,0.31223454716567756,0.30783689396497393,0.31003570556640625,322498,0.0,0.0
2015-12-16 00:00:00+08:00,0.31003570556640625,0.31223454716567756,0.31003570556640625,0.31003570556640625,772828,0.0,0.0
2015-12-17 00:00:00+08:00,0.31003567949778355,0.3144333623265573,0.31003567949778355,0.3122345209121704,224993,0.0,0.0
2015-12-18 00:00:00+08:00,0.31443333625793457,0.3188314986874551,0.31223449502584627,0.31443333625793457,834398,0.0,0.0
2015-12-21 00:00:00+08:00,0.31443333625793457,0.3166326574553668,0.31443333625793457,0.31443333625793457,358089,0.0,0.0
2015-12-22 00:00:00+08:00,0.31443327784964226,0.3166325986385345,0.31443327784964226,0.31663259863853455,121308,0.0,0.0
2015-12-23 00:00:00+08:00,0.3166326574553668,0.3166326574553668,0.31443333625793457,0.31443333625793457,268824,0.0,0.0
2015-12-24 00:00:00+08:00,0.3166326574553668,0.3166326574553668,0.31443333625793457,0.31443333625793457,81139,0.0,0.0
2015-12-28 00:00:00+08:00,0.3166326574553668,0.3166326574553668,0.31443333625793457,0.31443333625793457,353512,0.0,0.0
2015-12-29 00:00:00+08:00,0.3166325986385345,0.3166325986385345,0.31443327784964226,0.31663259863853455,292743,0.0,0.0
2015-12-30 00:00:00+08:00,0.31443338876494886,0.31443338876494886,0.31003570556640625,0.31003570556640625,1929268,0.0,0.0
2015-12-31 00:00:00+08:00,0.31223449502584627,0.31443333625793457,0.31223449502584627,0.31443333625793457,168802,0.0,0.0
2016-01-04 00:00:00+08:00,0.3144333623265573,0.3144333623265573,0.3122345209121704,0.3122345209121704,248683,0.0,0.0
2016-01-05 00:00:00+08:00,0.31223449502584627,0.31443333625793457,0.31223449502584627,0.31443333625793457,170747,0.0,0.0
2016-01-06 00:00:00+08:00,0.31443333625793457,0.3166326574553668,0.31223449502584627,0.31443333625793457,466810,0.0,0.0
2016-01-07 00:00:00+08:00,0.3144333623265573,0.3144333623265573,0.3122345209121704,0.3122345209121704,1298462,0.0,0.0
2016-01-08 00:00:00+08:00,0.3144333623265573,0.3144333623265573,0.31003567949778355,0.3122345209121704,346874,0.0,0.0
2016-01-11 00:00:00+08:00,0.31223445268365074,0.31223445268365074,0.3078368008136749,0.3078368008136749,1009495,0.0,0.0
2016-01-12 00:00:00+08:00,0.3078368008136749,0.31003561174974786,0.3078368008136749,0.3078368008136749,105515,0.0,0.0
2016-01-13 00:00:00+08:00,0.3078368008136749,0.31003561174974786,0.3078368008136749,0.3078368008136749,138017,0.0,0.0
2016-01-14 00:00:00+08:00,0.3078368008136749,0.31003561174974786,0.30563795987977205,0.3078368008136749,1322266,0.0,0.0
2016-01-15 00:00:00+08:00,0.3078368008136749,0.31003561174974786,0.3078368008136749,0.3078368008136749,277865,0.0,0.0
2016-01-18 00:00:00+08:00,0.3078368008136749,0.31003561174974786,0.30563795987977205,0.3078368008136749,1745359,0.0,0.0
2016-01-19 00:00:00+08:00,0.3078369166360862,0.3078369166360862,0.30563807487487793,0.30563807487487793,404095,0.0,0.0
2016-01-20 00:00:00+08:00,0.3078368008136749,0.3078368008136749,0.30563795987977205,0.3078368008136749,276950,0.0,0.0
2016-01-21 00:00:00+08:00,0.30783687529647913,0.30783687529647913,0.2990415394306183,0.2990415394306183,2001824,0.0,0.0
2016-01-22 00:00:00+08:00,0.29904154688089474,0.30563804144517515,0.29904154688089474,0.303439199924469,794572,0.0,0.0
2016-01-25 00:00:00+08:00,0.30343911894586917,0.3078368008136749,0.30343911894586917,0.3078368008136749,366444,0.0,0.0
2016-01-26 00:00:00+08:00,0.2990416193587013,0.2990416193587013,0.29024628114201545,0.2924451231956482,5628958,0.0,0.0
2016-01-27 00:00:00+08:00,0.2946438236785858,0.29684263467788696,0.2924449826814539,0.29684263467788696,1338860,0.0,0.0
2016-01-28 00:00:00+08:00,0.2946438789367676,0.2946438789367676,0.2924450375272599,0.2946438789367676,1804640,0.0,0.0
2016-01-29 00:00:00+08:00,0.2946439379186704,0.29914230108261103,0.2946439379186704,0.2991423010826111,1440714,0.013107,0.0
2016-02-01 00:00:00+08:00,0.29914230108261103,0.3013914980069888,0.29689310415823333,0.2991423010826111,833597,0.0,0.0
2016-02-02 00:00:00+08:00,0.29914230108261103,0.29914230108261103,0.29689310415823333,0.2991423010826111,715035,0.0,0.0
2016-02-03 00:00:00+08:00,0.29689306016352496,0.29689306016352496,0.2923946976661682,0.2923946976661682,625656,0.0,0.0
2016-02-04 00:00:00+08:00,0.29239468307206734,0.29464387955088817,0.29014548659324646,0.29014548659324646,1058362,0.0,0.0
2016-02-05 00:00:00+08:00,0.29239471203745776,0.29464390873908997,0.29014551533582555,0.29464390873908997,930873,0.0,0.0
2016-02-10 00:00:00+08:00,0.29239468307206734,0.29464387955088817,0.29014548659324646,0.29014548659324646,342640,0.0,0.0
2016-02-11 00:00:00+08:00,0.29014548659324646,0.29014548659324646,0.28789632079923433,0.29014548659324646,1091207,0.0,0.0
2016-02-12 00:00:00+08:00,0.2878962897320444,0.2878962897320444,0.2811487317085266,0.2811487317085266,1368272,0.0,0.0
2016-02-15 00:00:00+08:00,0.2811487464275878,0.28339794278144836,0.27889955007372724,0.28339794278144836,714921,0.0,0.0
2016-02-16 00:00:00+08:00,0.28339794278144836,0.28339794278144836,0.2811487464275878,0.28339794278144836,448041,0.0,0.0
2016-02-17 00:00:00+08:00,0.2811487317085266,0.28339792794463436,0.27889953547241886,0.2811487317085266,253489,0.0,0.0
2016-02-18 00:00:00+08:00,0.2811487317085266,0.28339792794463436,0.2811487317085266,0.2811487317085266,873080,0.0,0.0
2016-02-19 00:00:00+08:00,0.28339794278144836,0.28339794278144836,0.2811487464275878,0.28339794278144836,370220,0.0,0.0
2016-02-22 00:00:00+08:00,0.28339794278144836,0.28339794278144836,0.2811487464275878,0.28339794278144836,140191,0.0,0.0
2016-02-23 00:00:00+08:00,0.2811487317085266,0.28339792794463436,0.2811487317085266,0.2811487317085266,301441,0.0,0.0
2016-02-24 00:00:00+08:00,0.28339792794463436,0.28339792794463436,0.2811487317085266,0.2811487317085266,216982,0.0,0.0
2016-02-25 00:00:00+08:00,0.2811487464275878,0.28339794278144836,0.2811487464275878,0.28339794278144836,380520,0.0,0.0
2016-02-26 00:00:00+08:00,0.2811487464275878,0.28339794278144836,0.2811487464275878,0.28339794278144836,593612,0.0,0.0
2016-02-29 00:00:00+08:00,0.2811487317085266,0.2811487317085266,0.27889953547241886,0.2811487317085266,257838,0.0,0.0
2016-03-01 00:00:00+08:00,0.2811487464275878,0.28339794278144836,0.2811487464275878,0.28339794278144836,790224,0.0,0.0
2016-03-02 00:00:00+08:00,0.28339794278144836,0.28339794278144836,0.27889955007372724,0.28339794278144836,638244,0.0,0.0
2016-03-03 00:00:00+08:00,0.2833979878278096,0.2901455165923029,0.28114879111643726,0.2856471538543701,2442770,0.0,0.0
2016-03-04 00:00:00+08:00,0.28564710896473744,0.2901454709957497,0.28564710896473744,0.2878963053226471,1661244,0.0,0.0
2016-03-07 00:00:00+08:00,0.2878963505657425,0.29239471330367534,0.2856471538543701,0.2856471538543701,2021508,0.0,0.0
2016-03-08 00:00:00+08:00,0.28789630480436246,0.28789630480436246,0.2811487464275878,0.28339794278144836,1100591,0.0,0.0
2016-03-09 00:00:00+08:00,0.28339794278144836,0.2856471084505019,0.28339794278144836,0.28339794278144836,550238,0.0,0.0
2016-03-10 00:00:00+08:00,0.28339794278144836,0.2856471084505019,0.28339794278144836,0.28339794278144836,276835,0.0,0.0
2016-03-11 00:00:00+08:00,0.28339792794463436,0.2856470934959367,0.2811487317085266,0.2811487317085266,896540,0.0,0.0
2016-03-14 00:00:00+08:00,0.2833979878278096,0.2856471538543701,0.28114879111643726,0.2856471538543701,391163,0.0,0.0
2016-03-15 00:00:00+08:00,0.2856470934959367,0.2856470934959367,0.2811487317085266,0.2811487317085266,450216,0.0,0.0
2016-03-16 00:00:00+08:00,0.28339792794463436,0.28339792794463436,0.2811487317085266,0.2811487317085266,122911,0.0,0.0
2016-03-17 00:00:00+08:00,0.2833979878278096,0.2856471538543701,0.28114879111643726,0.2856471538543701,563513,0.0,0.0
2016-03-18 00:00:00+08:00,0.2856471538543701,0.2878963505657425,0.2833979878278096,0.2856471538543701,1452043,0.0,0.0
2016-03-21 00:00:00+08:00,0.2856471538543701,0.2878963505657425,0.2833979878278096,0.2856471538543701,241931,0.0,0.0
2016-03-22 00:00:00+08:00,0.2833979878278096,0.2856471538543701,0.2833979878278096,0.2856471538543701,541312,0.0,0.0
2016-03-23 00:00:00+08:00,0.28339794278144836,0.2856471084505019,0.28339794278144836,0.28339794278144836,439000,0.0,0.0
2016-03-24 00:00:00+08:00,0.2856471084505019,0.2856471084505019,0.28339794278144836,0.28339794278144836,1023915,0.0,0.0
2016-03-28 00:00:00+08:00,0.28339794278144836,0.2856471084505019,0.28339794278144836,0.28339794278144836,384297,0.0,0.0
2016-03-29 00:00:00+08:00,0.2856471538543701,0.2856471538543701,0.2833979878278096,0.2856471538543701,443235,0.0,0.0
2016-03-30 00:00:00+08:00,0.28339794278144836,0.2856471084505019,0.28339794278144836,0.28339794278144836,272716,0.0,0.0
2016-03-31 00:00:00+08:00,0.28339794278144836,0.2856471084505019,0.28339794278144836,0.28339794278144836,554129,0.0,0.0
2016-04-01 00:00:00+08:00,0.2833979878278096,0.2856471538543701,0.2833979878278096,0.2856471538543701,749253,0.0,0.0
2016-04-04 00:00:00+08:00,0.28564710896473744,0.2878963053226471,0.28564710896473744,0.2878963053226471,123597,0.0,0.0
2016-04-05 00:00:00+08:00,0.2878963053226471,0.2878963053226471,0.28564710896473744,0.2878963053226471,358776,0.0,0.0
2016-04-06 00:00:00+08:00,0.2878963053226471,0.2901454709957497,0.28564710896473744,0.2878963053226471,481573,0.0,0.0
2016-04-07 00:00:00+08:00,0.28789633516881147,0.2923946976661682,0.28789633516881147,0.2923946976661682,541540,0.0,0.0
2016-04-08 00:00:00+08:00,0.2901455010750847,0.2923946976661682,0.28789633516881147,0.2923946976661682,741357,0.0,0.0
2016-04-11 00:00:00+08:00,0.29239468307206734,0.29239468307206734,0.29014548659324646,0.29014548659324646,547034,0.0,0.0
2016-04-12 00:00:00+08:00,0.29014548659324646,0.29464387955088817,0.29014548659324646,0.29014548659324646,698441,0.0,0.0
2016-04-13 00:00:00+08:00,0.29239471203745776,0.29464390873908997,0.29014551533582555,0.29464390873908997,783357,0.0,0.0
2016-04-14 00:00:00+08:00,0.29464390873908997,0.29464390873908997,0.29239471203745776,0.29464390873908997,201189,0.0,0.0
2016-04-15 00:00:00+08:00,0.29464390873908997,0.29464390873908997,0.29239471203745776,0.29464390873908997,457769,0.0,0.0
2016-04-18 00:00:00+08:00,0.29464389430076154,0.29689306020736694,0.2923946977093459,0.29689306020736694,694321,0.0,0.0
2016-04-19 00:00:00+08:00,0.2901454709957497,0.2901454709957497,0.28564710896473744,0.2878963053226471,2453528,0.0,0.0
2016-04-20 00:00:00+08:00,0.2856471538543701,0.2878963505657425,0.2856471538543701,0.2856471538543701,666397,0.0,0.0
2016-04-21 00:00:00+08:00,0.28564710896473744,0.2878963053226471,0.28564710896473744,0.2878963053226471,682190,0.0,0.0
2016-04-22 00:00:00+08:00,0.2871156930923462,0.2871156930923462,0.28481876102971015,0.2871156930923462,808992,0.011622,0.0
2016-04-25 00:00:00+08:00,0.2871156104961794,0.2894125418980442,0.2848186790943146,0.2848186790943146,397000,0.0,0.0
2016-04-26 00:00:00+08:00,0.2848186790943146,0.2871156104961794,0.2848186790943146,0.2848186790943146,469785,0.0,0.0
2016-04-27 00:00:00+08:00,0.2848186790943146,0.2871156104961794,0.2848186790943146,0.2848186790943146,470128,0.0,0.0
2016-04-28 00:00:00+08:00,0.2848186790943146,0.2871156104961794,0.2848186790943146,0.2848186790943146,856943,0.0,0.0
2016-04-29 00:00:00+08:00,0.2848187144589196,0.28711564614598367,0.2825218141078949,0.2825218141078949,1223731,0.0,0.0
2016-05-03 00:00:00+08:00,0.28252177902848524,0.2871156104961794,0.28252177902848524,0.2848186790943146,671432,0.0,0.0
2016-05-04 00:00:00+08:00,0.2848187144589196,0.2848187144589196,0.2825218141078949,0.2825218141078949,325359,0.0,0.0
2016-05-05 00:00:00+08:00,0.2848187144589196,0.2848187144589196,0.2825218141078949,0.2825218141078949,990726,0.0,0.0
2016-05-06 00:00:00+08:00,0.28252177902848524,0.2848186790943146,0.28252177902848524,0.2848186790943146,808763,0.0,0.0
2016-05-09 00:00:00+08:00,0.28252182126205855,0.28481872167124656,0.2779279577716023,0.28022488951683044,1911186,0.0,0.0
2016-05-10 00:00:00+08:00,0.28022481160727214,0.28022481160727214,0.27563098073005676,0.27563098073005676,1076329,0.0,0.0
2016-05-11 00:00:00+08:00,0.2779279351234436,0.2779279351234436,0.2756310349014285,0.2779279351234436,395970,0.0,0.0
2016-05-12 00:00:00+08:00,0.27333404962343333,0.27563098073005676,0.27333404962343333,0.27563098073005676,321697,0.0,0.0
2016-05-13 00:00:00+08:00,0.27563098073005676,0.27563098073005676,0.27333404962343333,0.27563098073005676,218012,0.0,0.0
2016-05-16 00:00:00+08:00,0.2779278805006487,0.2779278805006487,0.27563098073005676,0.27563098073005676,205423,0.0,0.0
2016-05-17 00:00:00+08:00,0.27563098073005676,0.28022481160727214,0.27563098073005676,0.27563098073005676,645454,0.0,0.0
2016-05-18 00:00:00+08:00,0.2779279351234436,0.2779279351234436,0.2756310349014285,0.2779279351234436,59052,0.0,0.0
2016-05-19 00:00:00+08:00,0.2779279351234436,0.2779279351234436,0.2756310349014285,0.2779279351234436,525404,0.0,0.0
2016-05-20 00:00:00+08:00,0.2779279577716023,0.28022488951683044,0.2779279577716023,0.28022488951683044,206110,0.0,0.0
2016-05-23 00:00:00+08:00,0.2779279577716023,0.28022488951683044,0.2756310573624143,0.28022488951683044,291827,0.0,0.0
2016-05-24 00:00:00+08:00,0.28022481160727214,0.28022481160727214,0.27563098073005676,0.27563098073005676,181734,0.0,0.0
2016-05-25 00:00:00+08:00,0.27563098073005676,0.2779278805006487,0.27563098073005676,0.27563098073005676,350422,0.0,0.0
2016-05-26 00:00:00+08:00,0.27563098073005676,0.2779278805006487,0.27563098073005676,0.27563098073005676,222704,0.0,0.0
2016-05-27 00:00:00+08:00,0.27563098073005676,0.2779278805006487,0.27563098073005676,0.27563098073005676,263789,0.0,0.0
2016-05-30 00:00:00+08:00,0.27563098073005676,0.2779278805006487,0.27563098073005676,0.27563098073005676,181505,0.0,0.0
2016-05-31 00:00:00+08:00,0.2779279351234436,0.2779279351234436,0.2756310349014285,0.2779279351234436,705193,0.0,0.0
2016-06-01 00:00:00+08:00,0.27563098073005676,0.2779278805006487,0.27563098073005676,0.27563098073005676,193407,0.0,0.0
2016-06-02 00:00:00+08:00,0.27563098073005676,0.2779278805006487,0.27563098073005676,0.27563098073005676,606086,0.0,0.0
2016-06-03 00:00:00+08:00,0.2779279351234436,0.2779279351234436,0.2756310349014285,0.2779279351234436,303272,0.0,0.0
2016-06-06 00:00:00+08:00,0.2779278805006487,0.2779278805006487,0.27563098073005676,0.27563098073005676,287822,0.0,0.0
2016-06-07 00:00:00+08:00,0.27563098073005676,0.2779278805006487,0.27563098073005676,0.27563098073005676,804872,0.0,0.0
2016-06-08 00:00:00+08:00,0.2756310349014285,0.2779279351234436,0.2756310349014285,0.2779279351234436,156671,0.0,0.0
2016-06-09 00:00:00+08:00,0.27563098073005676,0.2779278805006487,0.27563098073005676,0.27563098073005676,109521,0.0,0.0
2016-06-10 00:00:00+08:00,0.2779278805006487,0.2779278805006487,0.27563098073005676,0.27563098073005676,162393,0.0,0.0
2016-06-13 00:00:00+08:00,0.2756309939820417,0.2756309939820417,0.27103713154792786,0.27103713154792786,811853,0.0,0.0
2016-06-14 00:00:00+08:00,0.27103715452949817,0.2756310173531313,0.27103715452949817,0.2733340859413147,158159,0.0,0.0
2016-06-15 00:00:00+08:00,0.27103713154792786,0.2733340627649848,0.27103713154792786,0.27103713154792786,384068,0.0,0.0
2016-06-16 00:00:00+08:00,0.27103713154792786,0.2733340627649848,0.27103713154792786,0.27103713154792786,273631,0.0,0.0
2016-06-17 00:00:00+08:00,0.2710371197909671,0.2733340509083885,0.2641463577747345,0.2641463577747345,1861518,0.0,0.0
2016-06-20 00:00:00+08:00,0.26644328236579895,0.2687402134269585,0.26414635130463937,0.26644328236579895,747193,0.0,0.0
2016-06-21 00:00:00+08:00,0.2664432888921559,0.2664432888921559,0.2618494423253289,0.2641463577747345,892077,0.0,0.0
2016-06-22 00:00:00+08:00,0.26184945394627124,0.26184945394627124,0.259552538394928,0.259552538394928,1027920,0.0,0.0
2016-06-23 00:00:00+08:00,0.259552538394928,0.26184945394627124,0.259552538394928,0.259552538394928,177385,0.0,0.0
2016-06-24 00:00:00+08:00,0.259552548048086,0.26184946368485507,0.25036486983299255,0.25036486983299255,2472525,0.0,0.0
2016-06-27 00:00:00+08:00,0.25036488698674025,0.25036488698674025,0.23198951362954776,0.23888027667999268,4390807,0.0,0.0
2016-06-28 00:00:00+08:00,0.23428644509170815,0.23888027667999265,0.23198951362954776,0.23888027667999268,1893562,0.0,0.0
2016-06-29 00:00:00+08:00,0.2365833608858504,0.23888027667999265,0.2365833608858504,0.23888027667999268,500570,0.0,0.0
2016-06-30 00:00:00+08:00,0.238880285393135,0.2411772012710571,0.238880285393135,0.24117720127105713,1251998,0.0,0.0
2016-07-01 00:00:00+08:00,0.24117722390296065,0.24577107175790708,0.24117722390296065,0.24347415566444397,1048749,0.0,0.0
2016-07-04 00:00:00+08:00,0.24347413455883163,0.25036489790991373,0.24347413455883163,0.24577105045318604,803156,0.0,0.0
2016-07-05 00:00:00+08:00,0.24806796634754047,0.24806796634754047,0.24347413455883163,0.24577105045318604,850764,0.0,0.0
2016-07-07 00:00:00+08:00,0.24577105045318604,0.24577105045318604,0.24347413455883163,0.24577105045318604,722130,0.0,0.0
2016-07-08 00:00:00+08:00,0.2457710738325594,0.24806798994541168,0.2457710738325594,0.24806798994541168,304073,0.0,0.0
2016-07-11 00:00:00+08:00,0.2457710738325594,0.25036492172628433,0.2457710738325594,0.24806798994541168,1204619,0.0,0.0
2016-07-12 00:00:00+08:00,0.24577105045318604,0.24806796634754047,0.24347413455883163,0.24577105045318604,1846412,0.0,0.0
2016-07-13 00:00:00+08:00,0.24577105045318604,0.24577105045318604,0.24347413455883163,0.24577105045318604,1502512,0.0,0.0
2016-07-14 00:00:00+08:00,0.24577107175790708,0.24577107175790708,0.24347415566444397,0.24347415566444397,125543,0.0,0.0
2016-07-15 00:00:00+08:00,0.24347413455883163,0.24806796634754047,0.24347413455883163,0.24577105045318604,806131,0.0,0.0
2016-07-18 00:00:00+08:00,0.24806796634754047,0.24806796634754047,0.24577105045318604,0.24577105045318604,1045773,0.0,0.0
2016-07-19 00:00:00+08:00,0.24577105045318604,0.24806796634754047,0.24347413455883163,0.24577105045318604,562026,0.0,0.0
2016-07-20 00:00:00+08:00,0.24577105045318604,0.24806796634754047,0.24347413455883163,0.24577105045318604,611579,0.0,0.0
2016-07-21 00:00:00+08:00,0.24806793852820638,0.25036486983299255,0.2457710228914373,0.25036486983299255,367931,0.0,0.0
2016-07-22 00:00:00+08:00,0.25036486983299255,0.25036486983299255,0.24806793852820638,0.25036486983299255,619590,0.0,0.0
2016-07-25 00:00:00+08:00,0.2457710738325594,0.24806798994541168,0.2457710738325594,0.24806798994541168,1220412,0.0,0.0
2016-07-26 00:00:00+08:00,0.24806793852820638,0.25036486983299255,0.2457710228914373,0.25036486983299255,796861,0.0,0.0
2016-07-27 00:00:00+08:00,0.25036492172628433,0.25036492172628433,0.24806798994541168,0.24806798994541168,915996,0.0,0.0
2016-07-28 00:00:00+08:00,0.24914924800395968,0.25149970247356357,0.24679877750113272,0.24914924800395966,749139,0.010748,0.0
2016-07-29 00:00:00+08:00,0.24914924800395968,0.24914924800395968,0.24679877750113272,0.24914924800395966,716637,0.0,0.0
2016-08-01 00:00:00+08:00,0.24914931427338227,0.24914931427338227,0.24679884314537048,0.24679884314537048,331882,0.0,0.0
2016-08-02 00:00:00+08:00,0.24679886377572208,0.24679886377572208,0.24444840848445892,0.24444840848445892,594184,0.0,0.0
2016-08-03 00:00:00+08:00,0.24444840848445892,0.24444840848445892,0.23974749790193267,0.24444840848445892,688141,0.0,0.0
2016-08-04 00:00:00+08:00,0.24209789931774137,0.24444835408594412,0.2397474445495386,0.2420978993177414,478139,0.0,0.0
2016-08-05 00:00:00+08:00,0.2420979531931958,0.24444840848445892,0.2420979531931958,0.24444840848445892,429044,0.0,0.0
2016-08-08 00:00:00+08:00,0.24209789931774137,0.24444835408594412,0.2397474445495386,0.2420978993177414,544402,0.0,0.0
2016-08-10 00:00:00+08:00,0.2420979531931958,0.24444840848445892,0.2420979531931958,0.24444840848445892,101853,0.0,0.0
2016-08-11 00:00:00+08:00,0.24209789931774137,0.24444835408594412,0.24209789931774137,0.2420978993177414,585143,0.0,0.0
2016-08-12 00:00:00+08:00,0.24444835408594412,0.24444835408594412,0.24209789931774137,0.2420978993177414,628288,0.0,0.0
2016-08-15 00:00:00+08:00,0.2420979531931958,0.24679886377572208,0.2420979531931958,0.24444840848445892,191118,0.0,0.0
2016-08-16 00:00:00+08:00,0.24444840848445892,0.24679886377572208,0.24444840848445892,0.24444840848445892,515219,0.0,0.0
2016-08-17 00:00:00+08:00,0.24444835408594412,0.2467988088541469,0.24209789931774137,0.2420978993177414,367245,0.0,0.0
2016-08-18 00:00:00+08:00,0.24209789931774137,0.24444835408594412,0.24209789931774137,0.2420978993177414,175096,0.0,0.0
2016-08-19 00:00:00+08:00,0.24209793295580162,0.24679884314537048,0.24209793295580162,0.24679884314537048,448728,0.0,0.0
2016-08-22 00:00:00+08:00,0.24444840848445892,0.24679886377572208,0.2420979531931958,0.24444840848445892,386242,0.0,0.0
2016-08-23 00:00:00+08:00,0.2420979531931958,0.24444840848445892,0.2420979531931958,0.24444840848445892,408330,0.0,0.0
2016-08-24 00:00:00+08:00,0.24444840848445892,0.24444840848445892,0.2420979531931958,0.24444840848445892,354771,0.0,0.0
2016-08-25 00:00:00+08:00,0.24444840848445892,0.24444840848445892,0.2420979531931958,0.24444840848445892,423894,0.0,0.0
2016-08-26 00:00:00+08:00,0.24209793295580162,0.24679884314537048,0.24209793295580162,0.24679884314537048,180246,0.0,0.0
2016-08-29 00:00:00+08:00,0.24444838805058605,0.24679884314537048,0.24444838805058605,0.24679884314537048,286334,0.0,0.0
2016-08-30 00:00:00+08:00,0.24444840848445892,0.24679886377572208,0.2420979531931958,0.24444840848445892,423894,0.0,0.0
2016-08-31 00:00:00+08:00,0.24444838805058605,0.24679884314537048,0.24209793295580162,0.24679884314537048,783929,0.0,0.0
2016-09-01 00:00:00+08:00,0.24679884314537048,0.24679884314537048,0.24444838805058605,0.24679884314537048,471845,0.0,0.0
2016-09-02 00:00:00+08:00,0.24679886377572208,0.24679886377572208,0.2420979531931958,0.24444840848445892,362209,0.0,0.0
2016-09-05 00:00:00+08:00,0.24444835408594412,0.24444835408594412,0.24209789931774137,0.2420978993177414,717782,0.0,0.0
2016-09-06 00:00:00+08:00,0.24444838805058605,0.24679884314537048,0.24444838805058605,0.24679884314537048,331997,0.0,0.0
2016-09-07 00:00:00+08:00,0.24679884314537048,0.24679884314537048,0.24444838805058605,0.24679884314537048,424580,0.0,0.0
2016-09-08 00:00:00+08:00,0.24679886377572208,0.24679886377572208,0.24444840848445892,0.24444840848445892,1382462,0.0,0.0
2016-09-09 00:00:00+08:00,0.24444840848445892,0.24679886377572208,0.24444840848445892,0.24444840848445892,813913,0.0,0.0
2016-09-13 00:00:00+08:00,0.24444835408594412,0.24444835408594412,0.24209789931774137,0.2420978993177414,1101850,0.0,0.0
2016-09-14 00:00:00+08:00,0.24444835408594412,0.24444835408594412,0.24209789931774137,0.2420978993177414,612151,0.0,0.0
2016-09-15 00:00:00+08:00,0.24209789931774137,0.24444835408594412,0.24209789931774137,0.2420978993177414,189859,0.0,0.0
2016-09-16 00:00:00+08:00,0.24209789931774137,0.24444835408594412,0.24209789931774137,0.2420978993177414,748338,0.0,0.0
2016-09-19 00:00:00+08:00,0.2420979531931958,0.24444840848445892,0.2420979531931958,0.24444840848445892,498281,0.0,0.0
2016-09-20 00:00:00+08:00,0.24444835408594412,0.24444835408594412,0.24209789931774137,0.2420978993177414,972530,0.0,0.0
2016-09-21 00:00:00+08:00,0.24209789931774137,0.24444835408594412,0.24209789931774137,0.2420978993177414,96017,0.0,0.0
2016-09-22 00:00:00+08:00,0.2420979531931958,0.24444840848445892,0.2420979531931958,0.24444840848445892,353397,0.0,0.0
2016-09-23 00:00:00+08:00,0.24444838805058605,0.24679884314537048,0.24209793295580162,0.24679884314537048,1079190,0.0,0.0
2016-09-26 00:00:00+08:00,0.24444840848445892,0.24679886377572208,0.24444840848445892,0.24444840848445892,257952,0.0,0.0
2016-09-27 00:00:00+08:00,0.24444840848445892,0.24679886377572208,0.24444840848445892,0.24444840848445892,257380,0.0,0.0
2016-09-28 00:00:00+08:00,0.24444838805058605,0.24679884314537048,0.24444838805058605,0.24679884314537048,335315,0.0,0.0
2016-09-29 00:00:00+08:00,0.24679884314537048,0.24679884314537048,0.24444838805058605,0.24679884314537048,306133,0.0,0.0
2016-09-30 00:00:00+08:00,0.24679884314537048,0.24679884314537048,0.24444838805058605,0.24679884314537048,329937,0.0,0.0
2016-10-03 00:00:00+08:00,0.24679886377572208,0.24679886377572208,0.2420979531931958,0.24444840848445892,2185733,0.0,0.0
2016-10-04 00:00:00+08:00,0.24444838805058605,0.24679884314537048,0.24444838805058605,0.24679884314537048,654609,0.0,0.0
2016-10-05 00:00:00+08:00,0.2444483230315288,0.24914924800395968,0.2444483230315288,0.24914924800395966,1115697,0.0,0.0
2016-10-06 00:00:00+08:00,0.24679884314537048,0.24914931427338227,0.24679884314537048,0.24679884314537048,138360,0.0,0.0
2016-10-07 00:00:00+08:00,0.24679884314537048,0.24914931427338227,0.24679884314537048,0.24679884314537048,389218,0.0,0.0
2016-10-10 00:00:00+08:00,0.24679884314537048,0.24679884314537048,0.24444838805058605,0.24679884314537048,439229,0.0,0.0
2016-10-11 00:00:00+08:00,0.24679877750113272,0.24914924800395968,0.2444483230315288,0.24914924800395966,156328,0.0,0.0
2016-10-12 00:00:00+08:00,0.24914924800395968,0.24914924800395968,0.24679877750113272,0.24914924800395966,438428,0.0,0.0
2016-10-13 00:00:00+08:00,0.24679877750113272,0.24914924800395968,0.2444483230315288,0.24914924800395966,266421,0.0,0.0
2016-10-14 00:00:00+08:00,0.24679877750113272,0.24914924800395968,0.24679877750113272,0.24914924800395966,188600,0.0,0.0
2016-10-17 00:00:00+08:00,0.24914931427338227,0.24914931427338227,0.24679884314537048,0.24679884314537048,928584,0.0,0.0
2016-10-18 00:00:00+08:00,0.24679884314537048,0.24914931427338227,0.24444838805058605,0.24679884314537048,728997,0.0,0.0
2016-10-19 00:00:00+08:00,0.24914928742798886,0.251499742269516,0.24914928742798886,0.251499742269516,773973,0.0,0.0
2016-10-20 00:00:00+08:00,0.24914924800395968,0.25149970247356357,0.24914924800395968,0.24914924800395966,604026,0.0,0.0
2016-10-21 00:00:00+08:00,0.25011155009269714,0.25011155009269714,0.25011155009269714,0.25011155009269714,676468,0.010486,0.0
2016-10-24 00:00:00+08:00,0.2501114848951542,0.2501114848951542,0.24770657718181613,0.2477065771818161,388760,0.0,0.0
2016-10-25 00:00:00+08:00,0.25011155009269714,0.25011155009269714,0.2453017334122275,0.25011155009269714,612609,0.0,0.0
2016-10-26 00:00:00+08:00,0.24770657718181613,0.2501114848951542,0.24770657718181613,0.2477065771818161,329021,0.0,0.0
2016-10-27 00:00:00+08:00,0.25011155009269714,0.25011155009269714,0.24770664175246232,0.25011155009269714,348247,0.0,0.0
2016-10-28 00:00:00+08:00,0.24770664175246232,0.25011155009269714,0.24770664175246232,0.25011155009269714,377087,0.0,0.0
2016-10-31 00:00:00+08:00,0.25011155009269714,0.25011155009269714,0.24770664175246232,0.25011155009269714,483862,0.0,0.0
2016-11-01 00:00:00+08:00,0.24770657718181613,0.2501114848951542,0.24770657718181613,0.2477065771818161,185854,0.0,0.0
2016-11-02 00:00:00+08:00,0.24770664175246232,0.25011155009269714,0.24770664175246232,0.25011155009269714,341839,0.0,0.0
2016-11-03 00:00:00+08:00,0.24770657718181613,0.2501114848951542,0.24530166946847803,0.2477065771818161,478139,0.0,0.0
2016-11-04 00:00:00+08:00,0.24770657718181613,0.24770657718181613,0.24530166946847803,0.2477065771818161,231059,0.0,0.0
2016-11-07 00:00:00+08:00,0.24770664175246232,0.25011155009269714,0.2453017334122275,0.25011155009269714,308879,0.0,0.0
2016-11-08 00:00:00+08:00,0.25011146399925227,0.25011146399925227,0.24530164897441864,0.24530164897441864,410161,0.0,0.0
2016-11-09 00:00:00+08:00,0.24530164897441864,0.24770655648683548,0.24530164897441864,0.24530164897441864,346989,0.0,0.0
2016-11-10 00:00:00+08:00,0.24770664175246232,0.25011155009269714,0.2453017334122275,0.25011155009269714,846186,0.0,0.0
2016-11-11 00:00:00+08:00,0.2501114848951542,0.2525163926084923,0.24770657718181613,0.2477065771818161,393338,0.0,0.0
2016-11-14 00:00:00+08:00,0.24770657718181613,0.2501114848951542,0.24530166946847803,0.2477065771818161,417714,0.0,0.0
2016-11-15 00:00:00+08:00,0.24770657718181613,0.24770657718181613,0.24530166946847803,0.2477065771818161,731515,0.0,0.0
2016-11-16 00:00:00+08:00,0.24770657718181613,0.24770657718181613,0.24530166946847803,0.2477065771818161,1098073,0.0,0.0
2016-11-17 00:00:00+08:00,0.24770657718181613,0.24770657718181613,0.24530166946847803,0.2477065771818161,818148,0.0,0.0
2016-11-18 00:00:00+08:00,0.2453017334122275,0.25011155009269714,0.2453017334122275,0.25011155009269714,657928,0.0,0.0
2016-11-21 00:00:00+08:00,0.24770657718181613,0.2501114848951542,0.24530166946847803,0.2477065771818161,867587,0.0,0.0
2016-11-22 00:00:00+08:00,0.24770657718181613,0.2501114848951542,0.24770657718181613,0.2477065771818161,92698,0.0,0.0
2016-11-23 00:00:00+08:00,0.24770664175246232,0.25011155009269714,0.24770664175246232,0.25011155009269714,127259,0.0,0.0
2016-11-24 00:00:00+08:00,0.24770664175246232,0.25011155009269714,0.24770664175246232,0.25011155009269714,344471,0.0,0.0
2016-11-25 00:00:00+08:00,0.24770664175246232,0.25011155009269714,0.24770664175246232,0.25011155009269714,209314,0.0,0.0
2016-11-28 00:00:00+08:00,0.25011155009269714,0.25011155009269714,0.24770664175246232,0.25011155009269714,333484,0.0,0.0
2016-11-29 00:00:00+08:00,0.25011145169668164,0.25251635909080505,0.25011145169668164,0.25251635909080505,761499,0.0,0.0
2016-11-30 00:00:00+08:00,0.25251635909080505,0.25251635909080505,0.25011145169668164,0.25251635909080505,452275,0.0,0.0
2016-12-01 00:00:00+08:00,0.2501114848951542,0.2525163926084923,0.24770657718181613,0.2477065771818161,916911,0.0,0.0
2016-12-02 00:00:00+08:00,0.24770657718181613,0.2501114848951542,0.24770657718181613,0.2477065771818161,211374,0.0,0.0
2016-12-05 00:00:00+08:00,0.24770664175246232,0.25011155009269714,0.24770664175246232,0.25011155009269714,121308,0.0,0.0
2016-12-06 00:00:00+08:00,0.24770664175246232,0.25011155009269714,0.24770664175246232,0.25011155009269714,443692,0.0,0.0
2016-12-07 00:00:00+08:00,0.25011155009269714,0.25251645843293197,0.24770664175246232,0.25011155009269714,503088,0.0,0.0
2016-12-08 00:00:00+08:00,0.25011155009269714,0.25011155009269714,0.24770664175246232,0.25011155009269714,236666,0.0,0.0
2016-12-09 00:00:00+08:00,0.24770664175246232,0.25011155009269714,0.2453017334122275,0.25011155009269714,1429842,0.0,0.0
2016-12-12 00:00:00+08:00,0.25011155009269714,0.25011155009269714,0.24770664175246232,0.25011155009269714,224764,0.0,0.0
2016-12-13 00:00:00+08:00,0.25011155009269714,0.25011155009269714,0.24770664175246232,0.25011155009269714,534331,0.0,0.0
2016-12-14 00:00:00+08:00,0.25011155009269714,0.25011155009269714,0.24770664175246232,0.25011155009269714,481000,0.0,0.0
2016-12-15 00:00:00+08:00,0.24770657718181613,0.24770657718181613,0.24530166946847803,0.2477065771818161,1070149,0.0,0.0
2016-12-16 00:00:00+08:00,0.24530166946847803,0.24770657718181613,0.24530166946847803,0.2477065771818161,1410844,0.0,0.0
2016-12-19 00:00:00+08:00,0.24770652171909652,0.24770652171909652,0.24289669096469876,0.2428966909646988,1649113,0.0,0.0
2016-12-20 00:00:00+08:00,0.24049188511775335,0.2428967933058955,0.21644275402232233,0.21884766221046448,7318127,0.0,0.0
2016-12-21 00:00:00+08:00,0.20922795516435486,0.2140377702098669,0.20682304764159884,0.2116328626871109,6063381,0.0,0.0
2016-12-22 00:00:00+08:00,0.21163286268711087,0.2140377702098669,0.20922795516435486,0.2116328626871109,3001363,0.0,0.0
2016-12-23 00:00:00+08:00,0.2140377359547298,0.21644265949726108,0.21163282881686116,0.21644265949726105,2748560,0.0,0.0
2016-12-27 00:00:00+08:00,0.22017975206931265,0.22017975206931265,0.20641851448910503,0.20917075872421265,5092600,0.0,0.0
2016-12-28 00:00:00+08:00,0.20917075872421265,0.21192300295932023,0.20641851448910503,0.20917075872421265,2268400,0.0,0.0
2016-12-29 00:00:00+08:00,0.20917075872421265,0.20917075872421265,0.20641851448910503,0.20917075872421265,615000,0.0,0.0
2016-12-30 00:00:00+08:00,0.20917075872421265,0.20917075872421265,0.20641851448910503,0.20917075872421265,1395000,0.0,0.0
2017-01-03 00:00:00+08:00,0.20917074293269342,0.20917074293269342,0.20366625487804416,0.20366625487804413,2654300,0.0,0.0
2017-01-04 00:00:00+08:00,0.2036662239915348,0.2036662239915348,0.19265723314710978,0.19540947675704956,5857600,0.0,0.0
2017-01-05 00:00:00+08:00,0.19540945964883966,0.19540945964883966,0.18990497291088104,0.18990497291088104,8680000,0.0,0.0
2017-01-06 00:00:00+08:00,0.1899050020317198,0.19265724582273985,0.18715275824069977,0.18715275824069977,5947600,0.0,0.0
2017-01-09 00:00:00+08:00,0.18990497291088104,0.19540945964883966,0.18715272954190174,0.18990497291088104,8197100,0.0,0.0
2017-01-10 00:00:00+08:00,0.18990497291088104,0.19265721627986035,0.18715272954190174,0.18990497291088104,12103900,0.0,0.0
2017-01-11 00:00:00+08:00,0.1926572322845459,0.19540947588216334,0.18990498868692843,0.1926572322845459,13569700,0.0,0.0
2017-01-12 00:00:00+08:00,0.19265723314710978,0.19540947675704956,0.18990498953717,0.19540947675704956,6543100,0.0,0.0
2017-01-13 00:00:00+08:00,0.19540947675704956,0.19816173677165524,0.18990498953717,0.19540947675704956,5848600,0.0,0.0
2017-01-16 00:00:00+08:00,0.19540947675704956,0.19816173677165524,0.19540947675704956,0.19540947675704956,2399400,0.0,0.0
2017-01-17 00:00:00+08:00,0.19540943204241193,0.19816169142723083,0.19540943204241193,0.19816169142723083,3070500,0.0,0.0
2017-01-18 00:00:00+08:00,0.19540943204241193,0.19816169142723083,0.19540943204241193,0.19816169142723083,1542500,0.0,0.0
2017-01-19 00:00:00+08:00,0.19816169142723083,0.19816169142723083,0.19540943204241193,0.19816169142723083,1647000,0.0,0.0
2017-01-20 00:00:00+08:00,0.19816175294565141,0.2064184844493866,0.19540949270640576,0.2064184844493866,6443700,0.0,0.0
2017-01-23 00:00:00+08:00,0.20366625487804416,0.20641849890536879,0.2009140108507195,0.20366625487804413,5199500,0.0,0.0
2017-01-24 00:00:00+08:00,0.20366625487804416,0.20366625487804416,0.2009140108507195,0.20366625487804413,1429300,0.0,0.0
2017-01-25 00:00:00+08:00,0.2036662406148082,0.2064184844493866,0.2009139967802298,0.2064184844493866,6863600,0.0,0.0
2017-01-26 00:00:00+08:00,0.20366625487804416,0.20366625487804416,0.19816176682339487,0.20366625487804413,11640700,0.0,0.0
2017-01-27 00:00:00+08:00,0.2009140108507195,0.20366625487804416,0.2009140108507195,0.20366625487804413,3137500,0.0,0.0
2017-01-31 00:00:00+08:00,0.2036662418409503,0.21467521724554178,0.20091399798980245,0.21192297339439392,10198300,0.0,0.0
2017-02-01 00:00:00+08:00,0.21124699906087846,0.21688024699687958,0.21124699906087846,0.21688024699687958,7059100,0.0088,0.0
2017-02-02 00:00:00+08:00,0.21688024699687958,0.21688024699687958,0.21406362302887902,0.21688024699687958,4587800,0.0,0.0
2017-02-03 00:00:00+08:00,0.2225134877375556,0.23941324651241302,0.21969684728474495,0.23941324651241302,22896900,0.0,0.0
2017-02-06 00:00:00+08:00,0.2394132404086734,0.24786311118647555,0.2365966000276718,0.2422298640012741,13236500,0.0,0.0
2017-02-07 00:00:00+08:00,0.24504648149013517,0.24786310501257802,0.23941323444524945,0.2450464814901352,10330000,0.0,0.0
2017-02-08 00:00:00+08:00,0.24504648149013517,0.24786310501257802,0.23941323444524945,0.2450464814901352,6230000,0.0,0.0
2017-02-09 00:00:00+08:00,0.242229808383741,0.24786305427551267,0.23941318543785514,0.2478630542755127,9845900,0.0,0.0
2017-02-10 00:00:00+08:00,0.24504643132962683,0.2506796772213985,0.24504643132962683,0.2478630542755127,4522200,0.0,0.0
2017-02-13 00:00:00+08:00,0.24504648759387482,0.24786311118647555,0.2394132404086734,0.2422298640012741,2869200,0.0,0.0
2017-02-14 00:00:00+08:00,0.23941323444524945,0.24786310501257802,0.23659659413440615,0.2450464814901352,7696900,0.0,0.0
2017-02-15 00:00:00+08:00,0.24504648149013517,0.24786310501257802,0.23941323444524945,0.2450464814901352,4611600,0.0,0.0
2017-02-16 00:00:00+08:00,0.24504643132962683,0.24786305427551267,0.242229808383741,0.2478630542755127,4183300,0.0,0.0
2017-02-17 00:00:00+08:00,0.24504648426044753,0.25067973136901855,0.24504648426044753,0.25067973136901855,3041000,0.0,0.0
2017-02-20 00:00:00+08:00,0.24786305427551267,0.2506796772213985,0.24504643132962683,0.2478630542755127,4627100,0.0,0.0
2017-02-21 00:00:00+08:00,0.24504648759387482,0.24504648759387482,0.2422298640012741,0.2422298640012741,3869800,0.0,0.0
2017-02-22 00:00:00+08:00,0.24504648759387482,0.24786311118647555,0.2422298640012741,0.2422298640012741,2976600,0.0,0.0
2017-02-23 00:00:00+08:00,0.2422298579676923,0.24786310501257802,0.2422298579676923,0.2450464814901352,1536400,0.0,0.0
2017-02-24 00:00:00+08:00,0.24504648149013517,0.24786310501257802,0.2422298579676923,0.2450464814901352,3480600,0.0,0.0
2017-02-27 00:00:00+08:00,0.242229808383741,0.24786305427551267,0.242229808383741,0.2478630542755127,2623500,0.0,0.0
2017-02-28 00:00:00+08:00,0.24786310501257802,0.24786310501257802,0.24504648149013517,0.2450464814901352,1064100,0.0,0.0
2017-03-01 00:00:00+08:00,0.24504648149013517,0.24786310501257802,0.24504648149013517,0.2450464814901352,2048300,0.0,0.0
2017-03-02 00:00:00+08:00,0.24504643132962683,0.24786305427551267,0.242229808383741,0.2478630542755127,2721400,0.0,0.0
2017-03-03 00:00:00+08:00,0.24504648759387482,0.24786311118647555,0.2422298640012741,0.2422298640012741,732700,0.0,0.0
2017-03-06 00:00:00+08:00,0.25349638924269097,0.2703961496447639,0.25349638924269097,0.2675795257091522,15791000,0.0,0.0
2017-03-07 00:00:00+08:00,0.26476290822029114,0.26757953222448516,0.26476290822029114,0.26476290822029114,3041000,0.0,0.0
2017-03-08 00:00:00+08:00,0.2647628244373499,0.26757944755023694,0.2591295782115759,0.2619462013244629,2110800,0.0,0.0
2017-03-09 00:00:00+08:00,0.26194623713587983,0.26194623713587983,0.2534963498536126,0.2591296136379242,2543300,0.0,0.0
2017-03-10 00:00:00+08:00,0.25912961971305265,0.26194624327704225,0.2563129961490631,0.2563129961490631,1190100,0.0,0.0
2017-03-13 00:00:00+08:00,0.2563129961490631,0.25912961971305265,0.2534963557966728,0.2563129961490631,1493300,0.0,0.0
2017-03-14 00:00:00+08:00,0.2563129961490631,0.25912961971305265,0.2563129961490631,0.2563129961490631,928200,0.0,0.0
2017-03-15 00:00:00+08:00,0.2534963498536126,0.2591296136379242,0.2534963498536126,0.2591296136379242,1008600,0.0,0.0
2017-03-16 00:00:00+08:00,0.25631299013996856,0.26194623713587983,0.25631299013996856,0.2591296136379242,1391300,0.0,0.0
2017-03-17 00:00:00+08:00,0.2591296136379242,0.26194623713587983,0.25631299013996856,0.2591296136379242,1815800,0.0,0.0
2017-03-20 00:00:00+08:00,0.2591296136379242,0.26194623713587983,0.25631299013996856,0.2591296136379242,1254400,0.0,0.0
2017-03-21 00:00:00+08:00,0.2591296136379242,0.2591296136379242,0.25631299013996856,0.2591296136379242,583900,0.0,0.0
2017-03-22 00:00:00+08:00,0.2591296136379242,0.26194623713587983,0.2591296136379242,0.2591296136379242,980200,0.0,0.0
2017-03-23 00:00:00+08:00,0.26194623713587983,0.26476286063383553,0.2591296136379242,0.2591296136379242,1054200,0.0,0.0
2017-03-24 00:00:00+08:00,0.259129647724181,0.2703961431980133,0.259129647724181,0.2703961431980133,2724800,0.0,0.0
2017-03-27 00:00:00+08:00,0.26757953222448516,0.26757953222448516,0.26476290822029114,0.26476290822029114,439000,0.0,0.0
2017-03-28 00:00:00+08:00,0.26757953222448516,0.26757953222448516,0.26476290822029114,0.26476290822029114,650000,0.0,0.0
2017-03-29 00:00:00+08:00,0.2647628244373499,0.2647628244373499,0.2591295782115759,0.2619462013244629,1047300,0.0,0.0
2017-03-30 00:00:00+08:00,0.2647628721788984,0.2872958779335022,0.26194624855812304,0.2872958779335022,9358900,0.0,0.0
2017-03-31 00:00:00+08:00,0.2872958841261284,0.2901125078076157,0.2816626367631538,0.2844792604446411,5894000,0.0,0.0
2017-04-03 00:00:00+08:00,0.28447924829987875,0.2929291189836055,0.28447924829987875,0.2901124954223633,2813200,0.0,0.0
2017-04-04 00:00:00+08:00,0.2901125015542776,0.29292912517505293,0.2872958779335022,0.2872958779335022,1537700,0.0,0.0
2017-04-05 00:00:00+08:00,0.2872958779335022,0.2901125015542776,0.28447925431272686,0.2872958779335022,642000,0.0,0.0
2017-04-06 00:00:00+08:00,0.287295866181269,0.287295866181269,0.2732127486534816,0.27884599566459656,2952900,0.0,0.0
2017-04-07 00:00:00+08:00,0.27884601308166646,0.2872958841261284,0.2760293894001792,0.2844792604446411,3995600,0.0,0.0
2017-04-10 00:00:00+08:00,0.2816626367631538,0.2872958841261284,0.2816626367631538,0.2844792604446411,3143600,0.0,0.0
2017-04-11 00:00:00+08:00,0.2816626367631538,0.2844792604446411,0.2816626367631538,0.2844792604446411,2685300,0.0,0.0
2017-04-12 00:00:00+08:00,0.27884599566459656,0.28166261917015406,0.2760293721590391,0.27884599566459656,1901900,0.0,0.0
2017-04-13 00:00:00+08:00,0.27884599566459656,0.27884599566459656,0.2732127486534816,0.27884599566459656,1643800,0.0,0.0
2017-04-17 00:00:00+08:00,0.2760294210254707,0.2760294210254707,0.26194628421609706,0.26476290822029114,2796800,0.0,0.0
2017-04-18 00:00:00+08:00,0.26476286063383553,0.26757948413179117,0.25631299013996856,0.2591296136379242,4163100,0.0,0.0
2017-04-19 00:00:00+08:00,0.25631299013996856,0.2591296136379242,0.2534963498536126,0.2591296136379242,2043100,0.0,0.0
2017-04-20 00:00:00+08:00,0.2591296136379242,0.2591296136379242,0.25631299013996856,0.2591296136379242,631000,0.0,0.0
2017-04-21 00:00:00+08:00,0.26476290822029114,0.27039615622867924,0.26476290822029114,0.26476290822029114,2469100,0.0,0.0
2017-04-24 00:00:00+08:00,0.26476286063383553,0.26476286063383553,0.25631299013996856,0.2591296136379242,1130200,0.0,0.0
2017-04-25 00:00:00+08:00,0.25912961971305265,0.26194624327704225,0.2563129961490631,0.2563129961490631,1551600,0.0,0.0
2017-04-26 00:00:00+08:00,0.2591296136379242,0.2591296136379242,0.25631299013996856,0.2591296136379242,1971800,0.0,0.0
2017-04-27 00:00:00+08:00,0.25912966021190303,0.26476290822029114,0.25912966021190303,0.26476290822029114,2047400,0.0,0.0
2017-04-28 00:00:00+08:00,0.25912961971305265,0.26476286684103184,0.2563129961490631,0.2563129961490631,792300,0.0,0.0
2017-05-02 00:00:00+08:00,0.25631299013996856,0.2591296136379242,0.25067972635565694,0.2591296136379242,1952800,0.0,0.0
2017-05-03 00:00:00+08:00,0.2591296126200638,0.2591296126200638,0.25349634885787964,0.25349634885787964,1076300,0.0,0.0
2017-05-04 00:00:00+08:00,0.25631299013996856,0.2591296136379242,0.2534963498536126,0.2591296136379242,1280500,0.0,0.0
2017-05-05 00:00:00+08:00,0.25912961971305265,0.25912961971305265,0.2534963557966728,0.2563129961490631,2537200,0.0,0.0
2017-05-08 00:00:00+08:00,0.2534963557966728,0.25912961971305265,0.2534963557966728,0.2563129961490631,1849200,0.0,0.0
2017-05-09 00:00:00+08:00,0.2563129961490631,0.25912961971305265,0.2534963557966728,0.2563129961490631,1835400,0.0,0.0
2017-05-11 00:00:00+08:00,0.25631299013996856,0.26194623713587983,0.25631299013996856,0.2591296136379242,4197000,0.0,0.0
2017-05-12 00:00:00+08:00,0.26194624327704225,0.26194624327704225,0.2534963557966728,0.2563129961490631,3277900,0.0,0.0
2017-05-15 00:00:00+08:00,0.2563129961490631,0.25912961971305265,0.2534963557966728,0.2563129961490631,3097300,0.0,0.0
2017-05-16 00:00:00+08:00,0.25562366414139437,0.25849583745002747,0.2527514908327612,0.25849583745002747,1969800,0.0088,0.0
2017-05-17 00:00:00+08:00,0.2556236684322357,0.25849584178908047,0.2527514950753909,0.2556236684322357,1937300,0.0,0.0
2017-05-18 00:00:00+08:00,0.2527514398097992,0.2556236125386265,0.2527514398097992,0.2527514398097992,1683600,0.0,0.0
2017-05-19 00:00:00+08:00,0.2527514931475749,0.2527514931475749,0.24126278268832022,0.24700714647769928,5523600,0.0,0.0
2017-05-22 00:00:00+08:00,0.24413497745990753,0.24700715084563524,0.24413497745990753,0.24413497745990753,549100,0.0,0.0
2017-05-23 00:00:00+08:00,0.24413497314276147,0.24987931981263709,0.24413497314276147,0.24700714647769928,1439100,0.0,0.0
2017-05-24 00:00:00+08:00,0.24700717763554353,0.2498793513327815,0.23551846572708607,0.23839063942432404,8068700,0.0,0.0
2017-05-25 00:00:00+08:00,0.2355183884271953,0.24126273393630981,0.2355183884271953,0.24126273393630981,2178800,0.0,0.0
2017-05-26 00:00:00+08:00,0.24126278268832022,0.24700714647769928,0.2383906093533824,0.24700714647769928,2361000,0.0,0.0
2017-05-29 00:00:00+08:00,0.24413497745990753,0.24700715084563524,0.24126278695467607,0.24413497745990753,2202000,0.0,0.0
2017-05-30 00:00:00+08:00,0.24413497314276147,0.24700714647769928,0.24126278268832022,0.24700714647769928,2019900,0.0,0.0
2017-05-31 00:00:00+08:00,0.24413492381036708,0.24700709656492434,0.24126273393630981,0.24126273393630981,3506700,0.0,0.0
2017-06-01 00:00:00+08:00,0.24126278695467607,0.24413497745990753,0.23839061356894836,0.24413497745990753,3314500,0.0,0.0
2017-06-02 00:00:00+08:00,0.24413497745990753,0.24700715084563524,0.24126278695467607,0.24413497745990753,1824200,0.0,0.0
2017-06-05 00:00:00+08:00,0.24413498348346616,0.25275150385324524,0.24413498348346616,0.24987933039665222,2203100,0.0,0.0
2017-06-06 00:00:00+08:00,0.24987933039665222,0.25275150385324524,0.2470071569400592,0.24987933039665222,1416600,0.0,0.0
2017-06-07 00:00:00+08:00,0.2470070943521446,0.2527514398097992,0.2470070943521446,0.2527514398097992,1413300,0.0,0.0
2017-06-08 00:00:00+08:00,0.24987933039665222,0.25275150385324524,0.2470071569400592,0.24987933039665222,656200,0.0,0.0
2017-06-09 00:00:00+08:00,0.24987931981263709,0.2527514931475749,0.24700714647769928,0.24700714647769928,808400,0.0,0.0
2017-06-12 00:00:00+08:00,0.247007144215495,0.26136802787816393,0.247007144215495,0.25849583745002747,3523300,0.0,0.0
2017-06-13 00:00:00+08:00,0.2613680064678192,0.2613680064678192,0.25849581627496243,0.2613680064678192,1538800,0.0,0.0
2017-06-14 00:00:00+08:00,0.25849583745002747,0.25849583745002747,0.25562366414139437,0.25849583745002747,331500,0.0,0.0
2017-06-15 00:00:00+08:00,0.25849578526745376,0.25849578526745376,0.2527514398097992,0.2527514398097992,1068600,0.0,0.0
2017-06-16 00:00:00+08:00,0.2527514908327612,0.25849583745002747,0.24987931752412812,0.25849583745002747,1608900,0.0,0.0
2017-06-19 00:00:00+08:00,0.25849583745002747,0.26136802787816393,0.25562366414139437,0.25849583745002747,1499000,0.0,0.0
2017-06-20 00:00:00+08:00,0.25849584178908047,0.25849584178908047,0.2556236684322357,0.2556236684322357,1026900,0.0,0.0
2017-06-21 00:00:00+08:00,0.25849583745002747,0.25849583745002747,0.25562366414139437,0.25849583745002747,408700,0.0,0.0
2017-06-22 00:00:00+08:00,0.2556236684322357,0.25849584178908047,0.2556236684322357,0.2556236684322357,216100,0.0,0.0
2017-06-23 00:00:00+08:00,0.25562366414139437,0.25849583745002747,0.25562366414139437,0.25849583745002747,1020300,0.0,0.0
2017-06-27 00:00:00+08:00,0.25849584178908047,0.25849584178908047,0.2556236684322357,0.2556236684322357,469200,0.0,0.0
2017-06-28 00:00:00+08:00,0.25562366414139437,0.25849583745002747,0.25562366414139437,0.25849583745002747,2074800,0.0,0.0
2017-06-29 00:00:00+08:00,0.25849577958452963,0.2671123147010803,0.25849577958452963,0.2671123147010803,1997900,0.0,0.0
2017-06-30 00:00:00+08:00,0.2642401420353966,0.2671123147010803,0.26136796936971285,0.2671123147010803,781200,0.0,0.0
2017-07-03 00:00:00+08:00,0.264240179541174,0.26711235261452887,0.2613680064678192,0.2613680064678192,1086400,0.0,0.0
2017-07-04 00:00:00+08:00,0.2613680064678192,0.26711235261452887,0.2613680064678192,0.2613680064678192,975900,0.0,0.0
2017-07-05 00:00:00+08:00,0.26424017548561096,0.26424017548561096,0.26136800245633823,0.26424017548561096,483600,0.0,0.0
2017-07-06 00:00:00+08:00,0.264240179541174,0.264240179541174,0.2613680064678192,0.2613680064678192,253500,0.0,0.0
2017-07-07 00:00:00+08:00,0.26136800245633823,0.26424017548561096,0.25849581230756397,0.26424017548561096,1400200,0.0,0.0
2017-07-10 00:00:00+08:00,0.264240179541174,0.26711235261452887,0.2613680064678192,0.2613680064678192,686800,0.0,0.0
2017-07-11 00:00:00+08:00,0.2642401420353966,0.2671123147010803,0.26136796936971285,0.2671123147010803,720300,0.0,0.0
2017-07-12 00:00:00+08:00,0.26424017548561096,0.26424017548561096,0.26136800245633823,0.26424017548561096,310900,0.0,0.0
2017-07-13 00:00:00+08:00,0.264240179541174,0.264240179541174,0.2613680064678192,0.2613680064678192,666400,0.0,0.0
2017-07-14 00:00:00+08:00,0.2613680064678192,0.264240179541174,0.2613680064678192,0.2613680064678192,1115500,0.0,0.0
2017-07-17 00:00:00+08:00,0.26136800245633823,0.26424017548561096,0.26136800245633823,0.26424017548561096,398200,0.0,0.0
2017-07-18 00:00:00+08:00,0.26424017548561096,0.26424017548561096,0.26136800245633823,0.26424017548561096,181700,0.0,0.0
2017-07-19 00:00:00+08:00,0.2613680064678192,0.264240179541174,0.25849581627496243,0.2613680064678192,725700,0.0,0.0
2017-07-20 00:00:00+08:00,0.26424017548561096,0.26711234851488364,0.26136800245633823,0.26424017548561096,844300,0.0,0.0
2017-07-21 00:00:00+08:00,0.2642401420353966,0.2671123147010803,0.26136796936971285,0.2671123147010803,954100,0.0,0.0
2017-07-24 00:00:00+08:00,0.26424017548561096,0.26711234851488364,0.26136800245633823,0.26424017548561096,1061900,0.0,0.0
2017-07-25 00:00:00+08:00,0.26711234851488364,0.26711234851488364,0.26136800245633823,0.26424017548561096,738900,0.0,0.0
2017-07-26 00:00:00+08:00,0.2613680064678192,0.264240179541174,0.2613680064678192,0.2613680064678192,1025700,0.0,0.0
2017-07-27 00:00:00+08:00,0.26136800245633823,0.26424017548561096,0.26136800245633823,0.26424017548561096,772500,0.0,0.0
2017-07-28 00:00:00+08:00,0.26136800245633823,0.26424017548561096,0.25849581230756397,0.26424017548561096,2545100,0.0,0.0
2017-07-31 00:00:00+08:00,0.26312917470932007,0.26605284692168074,0.2602055199233165,0.26312917470932007,917000,0.0081,0.0
2017-08-01 00:00:00+08:00,0.2631291920595485,0.2631291920595485,0.26020553708076477,0.26020553708076477,435800,0.0,0.0
2017-08-02 00:00:00+08:00,0.26020553708076477,0.2631291920595485,0.26020553708076477,0.26020553708076477,129500,0.0,0.0
2017-08-03 00:00:00+08:00,0.26020553708076477,0.2631291920595485,0.26020553708076477,0.26020553708076477,236000,0.0,0.0
2017-08-04 00:00:00+08:00,0.2631291920595485,0.2631291920595485,0.2572818821019811,0.26020553708076477,1909100,0.0,0.0
2017-08-07 00:00:00+08:00,0.2777475014521822,0.28651848435401917,0.2777475014521822,0.28651848435401917,6526600,0.0,0.0
2017-08-08 00:00:00+08:00,0.2894420965702853,0.2894420965702853,0.28067111496972924,0.2835947871208191,6799700,0.0,0.0
2017-08-10 00:00:00+08:00,0.2806711494922638,0.2865184770873077,0.2777474944079213,0.2806711494922638,2355700,0.0,0.0
2017-08-11 00:00:00+08:00,0.28067119724782674,0.28067119724782674,0.2719002305024393,0.2777475416660309,3097800,0.0,0.0
2017-08-14 00:00:00+08:00,0.2748238860842351,0.2777475416660309,0.2719002305024393,0.2777475416660309,1463800,0.0,0.0
2017-08-15 00:00:00+08:00,0.2748238444328308,0.2806711547102232,0.2748238444328308,0.2748238444328308,1447000,0.0,0.0
2017-08-16 00:00:00+08:00,0.277747499571527,0.2806711547102232,0.2748238444328308,0.2748238444328308,1528900,0.0,0.0
2017-08-17 00:00:00+08:00,0.2748238860842351,0.2777475416660309,0.2719002305024393,0.2777475416660309,1060200,0.0,0.0
2017-08-18 00:00:00+08:00,0.2748238860842351,0.2777475416660309,0.2748238860842351,0.2777475416660309,846700,0.0,0.0
2017-08-21 00:00:00+08:00,0.2777475416660309,0.2777475416660309,0.2748238860842351,0.2777475416660309,130400,0.0,0.0
2017-08-22 00:00:00+08:00,0.2777475416660309,0.2777475416660309,0.2748238860842351,0.2777475416660309,246300,0.0,0.0
2017-08-23 00:00:00+08:00,0.2748238444328308,0.2806711547102232,0.2748238444328308,0.2748238444328308,972800,0.0,0.0
2017-08-24 00:00:00+08:00,0.277747499571527,0.277747499571527,0.2748238444328308,0.2748238444328308,117000,0.0,0.0
2017-08-25 00:00:00+08:00,0.2748238860842351,0.2777475416660309,0.2748238860842351,0.2777475416660309,172500,0.0,0.0
2017-08-28 00:00:00+08:00,0.2777475416660309,0.28067119724782674,0.2748238860842351,0.2777475416660309,891200,0.0,0.0
2017-08-29 00:00:00+08:00,0.2777474944079213,0.2806711494922638,0.2748238393235788,0.2806711494922638,950200,0.0,0.0
2017-08-30 00:00:00+08:00,0.2777475014521822,0.28651848435401917,0.2777475014521822,0.28651848435401917,2132400,0.0,0.0
2017-08-31 00:00:00+08:00,0.2806711494922638,0.2865184770873077,0.2806711494922638,0.2806711494922638,1246100,0.0,0.0
2017-09-04 00:00:00+08:00,0.2806711494922638,0.2806711494922638,0.2806711494922638,0.2806711494922638,0,0.0,0.0
2017-09-05 00:00:00+08:00,0.2777474944079213,0.2806711494922638,0.2777474944079213,0.2806711494922638,325100,0.0,0.0
2017-09-06 00:00:00+08:00,0.28067119724782674,0.28067119724782674,0.2748238860842351,0.2777475416660309,1136100,0.0,0.0
2017-09-07 00:00:00+08:00,0.2777475416660309,0.28067119724782674,0.2777475416660309,0.2777475416660309,369900,0.0,0.0
2017-09-08 00:00:00+08:00,0.2777474944079213,0.2806711494922638,0.2777474944079213,0.2806711494922638,247800,0.0,0.0
2017-09-11 00:00:00+08:00,0.2777474944079213,0.2806711494922638,0.2777474944079213,0.2806711494922638,129600,0.0,0.0
2017-09-12 00:00:00+08:00,0.28067111496972924,0.2835947871208191,0.27774746024499614,0.2835947871208191,989500,0.0,0.0
2017-09-13 00:00:00+08:00,0.2806711494922638,0.2835948220029652,0.2777474944079213,0.2806711494922638,813000,0.0,0.0
2017-09-14 00:00:00+08:00,0.2835948220029652,0.2835948220029652,0.2806711494922638,0.2806711494922638,176900,0.0,0.0
2017-09-15 00:00:00+08:00,0.2806711547102232,0.2835948272752786,0.2748238444328308,0.2748238444328308,2948400,0.0,0.0
2017-09-18 00:00:00+08:00,0.277747499571527,0.277747499571527,0.2748238444328308,0.2748238444328308,1001800,0.0,0.0
2017-09-19 00:00:00+08:00,0.277747499571527,0.277747499571527,0.2748238444328308,0.2748238444328308,213200,0.0,0.0
2017-09-20 00:00:00+08:00,0.2748238444328308,0.277747499571527,0.2748238444328308,0.2748238444328308,919800,0.0,0.0
2017-09-21 00:00:00+08:00,0.2748238860842351,0.2777475416660309,0.2719002305024393,0.2777475416660309,816600,0.0,0.0
2017-09-22 00:00:00+08:00,0.2748238860842351,0.2835948702559844,0.2748238860842351,0.2777475416660309,2046300,0.0,0.0
2017-09-25 00:00:00+08:00,0.277747499571527,0.277747499571527,0.2748238444328308,0.2748238444328308,1024700,0.0,0.0
2017-09-26 00:00:00+08:00,0.27190011739730835,0.27482377176292117,0.27190011739730835,0.27190011739730835,334300,0.0,0.0
2017-09-27 00:00:00+08:00,0.27190011739730835,0.27482377176292117,0.27190011739730835,0.27190011739730835,533800,0.0,0.0
2017-09-28 00:00:00+08:00,0.27190011739730835,0.27482377176292117,0.2689764630316956,0.27190011739730835,1407100,0.0,0.0
2017-09-29 00:00:00+08:00,0.27190011739730835,0.27482377176292117,0.2689764630316956,0.27190011739730835,309700,0.0,0.0
2017-10-02 00:00:00+08:00,0.27190011739730835,0.27482377176292117,0.27190011739730835,0.27190011739730835,157000,0.0,0.0
2017-10-03 00:00:00+08:00,0.27482377176292117,0.2777474261285339,0.27190011739730835,0.27190011739730835,947200,0.0,0.0
2017-10-04 00:00:00+08:00,0.2748238444328308,0.2748238444328308,0.2719001892941346,0.2748238444328308,308800,0.0,0.0
2017-10-05 00:00:00+08:00,0.2777475416660309,0.2777475416660309,0.2748238860842351,0.2777475416660309,122900,0.0,0.0
2017-10-06 00:00:00+08:00,0.2777475416660309,0.2777475416660309,0.2748238860842351,0.2777475416660309,264300,0.0,0.0
2017-10-09 00:00:00+08:00,0.2748238444328308,0.277747499571527,0.2719001892941346,0.2748238444328308,1918300,0.0,0.0
2017-10-10 00:00:00+08:00,0.2748238444328308,0.2748238444328308,0.2719001892941346,0.2748238444328308,533000,0.0,0.0
2017-10-11 00:00:00+08:00,0.2719001892941346,0.277747499571527,0.2719001892941346,0.2748238444328308,963300,0.0,0.0
2017-10-12 00:00:00+08:00,0.2777474261285339,0.2777474261285339,0.27190011739730835,0.27190011739730835,292700,0.0,0.0
2017-10-13 00:00:00+08:00,0.27190011739730835,0.2777474261285339,0.27190011739730835,0.27190011739730835,3065900,0.0,0.0
2017-10-16 00:00:00+08:00,0.2748238444328308,0.277747499571527,0.2719001892941346,0.2748238444328308,985400,0.0,0.0
2017-10-17 00:00:00+08:00,0.27482377176292117,0.2777474261285339,0.27190011739730835,0.27190011739730835,1025200,0.0,0.0
2017-10-19 00:00:00+08:00,0.2719001842392363,0.2806711494922638,0.2719001842392363,0.2806711494922638,2180900,0.0,0.0
2017-10-20 00:00:00+08:00,0.277747499571527,0.277747499571527,0.2748238444328308,0.2748238444328308,513500,0.0,0.0
2017-10-23 00:00:00+08:00,0.2748238444328308,0.2748238444328308,0.2719001892941346,0.2748238444328308,1253100,0.0,0.0
2017-10-24 00:00:00+08:00,0.27482377176292117,0.2777474261285339,0.27190011739730835,0.27190011739730835,1298100,0.0,0.0
2017-10-25 00:00:00+08:00,0.2719002305024393,0.2777475416660309,0.2719002305024393,0.2777475416660309,2434500,0.0,0.0
2017-10-26 00:00:00+08:00,0.2748238444328308,0.2748238444328308,0.2719001892941346,0.2748238444328308,1278900,0.0,0.0
2017-10-27 00:00:00+08:00,0.2765485346317291,0.2765485346317291,0.273574897333153,0.2765485346317291,677600,0.0079,0.0
2017-10-30 00:00:00+08:00,0.27654855603727274,0.27654855603727274,0.27357491850852966,0.27357491850852966,312700,0.0,0.0
2017-10-31 00:00:00+08:00,0.27357491850852966,0.27654855603727274,0.27357491850852966,0.27357491850852966,984800,0.0,0.0
2017-11-01 00:00:00+08:00,0.27357491850852966,0.27654855603727274,0.27357491850852966,0.27357491850852966,1488400,0.0,0.0
2017-11-02 00:00:00+08:00,0.2735749100194787,0.2735749100194787,0.2706012725830078,0.2706012725830078,915800,0.0,0.0
2017-11-03 00:00:00+08:00,0.27357498038912775,0.27357498038912775,0.26465404806077314,0.26762768626213074,3130200,0.0,0.0
2017-11-06 00:00:00+08:00,0.26762768626213074,0.27060134218777016,0.26762768626213074,0.26762768626213074,255700,0.0,0.0
2017-11-07 00:00:00+08:00,0.26762762572676574,0.27357491850852966,0.26762762572676574,0.27357491850852966,893300,0.0,0.0
2017-11-08 00:00:00+08:00,0.27357491850852966,0.27357491850852966,0.2706012809797866,0.27357491850852966,209000,0.0,0.0
2017-11-09 00:00:00+08:00,0.2706012725830078,0.2735749100194787,0.2676276174222597,0.2706012725830078,444700,0.0,0.0
2017-11-10 00:00:00+08:00,0.26762768626213074,0.27060134218777016,0.26762768626213074,0.26762768626213074,409200,0.0,0.0
2017-11-13 00:00:00+08:00,0.2676276483139986,0.2706013038179899,0.2646540105342865,0.2646540105342865,947300,0.0,0.0
2017-11-14 00:00:00+08:00,0.26762768626213074,0.26762768626213074,0.26465404806077314,0.26762768626213074,367900,0.0,0.0
2017-11-15 00:00:00+08:00,0.26762768626213074,0.26762768626213074,0.26465404806077314,0.26762768626213074,1762100,0.0,0.0
2017-11-16 00:00:00+08:00,0.2646540105342865,0.2676276483139986,0.2587067349748623,0.2646540105342865,1641100,0.0,0.0
2017-11-17 00:00:00+08:00,0.2616803050041199,0.26465394201394116,0.2587066679942986,0.2616803050041199,944900,0.0,0.0
2017-11-20 00:00:00+08:00,0.2587067016249596,0.26168033902133986,0.2527594268321991,0.2527594268321991,2297300,0.0,0.0
2017-11-21 00:00:00+08:00,0.2527594813724715,0.2527594813724715,0.24978582561016083,0.24978582561016083,2878600,0.0,0.0
2017-11-22 00:00:00+08:00,0.24681218757213094,0.24978582561016083,0.24681218757213094,0.24978582561016083,1141100,0.0,0.0
2017-11-23 00:00:00+08:00,0.24978577171154187,0.2527594268321991,0.24978577171154187,0.2527594268321991,1634800,0.0,0.0
2017-11-24 00:00:00+08:00,0.2527594352621647,0.25573307275772095,0.2527594352621647,0.25573307275772095,948600,0.0,0.0
2017-11-27 00:00:00+08:00,0.24681214143900432,0.24681214143900432,0.2408648664745851,0.24383850395679474,6815300,0.0,0.0
2017-11-28 00:00:00+08:00,0.2408648664745851,0.24681214143900432,0.2408648664745851,0.24383850395679474,1128600,0.0,0.0
2017-11-29 00:00:00+08:00,0.24383854174163902,0.24681217968463898,0.24383854174163902,0.24681217968463898,168300,0.0,0.0
2017-11-30 00:00:00+08:00,0.24383854174163902,0.24681217968463898,0.2408649037986391,0.24681217968463898,1081300,0.0,0.0
2017-12-01 00:00:00+08:00,0.24681217968463898,0.24681217968463898,0.24383854174163902,0.24681217968463898,631600,0.0,0.0
2017-12-04 00:00:00+08:00,0.24383854174163902,0.24681217968463898,0.24383854174163902,0.24681217968463898,800200,0.0,0.0
2017-12-05 00:00:00+08:00,0.2438385039567947,0.24681214143900432,0.2438385039567947,0.24383850395679474,357800,0.0,0.0
2017-12-06 00:00:00+08:00,0.2438385039567947,0.24681214143900432,0.2438385039567947,0.24383850395679474,572000,0.0,0.0
2017-12-07 00:00:00+08:00,0.24383851049437016,0.24681214805630622,0.24086487293243408,0.24086487293243408,1777400,0.0,0.0
2017-12-08 00:00:00+08:00,0.2408648664745851,0.2438385039567947,0.2408648664745851,0.24383850395679474,1406300,0.0,0.0
2017-12-11 00:00:00+08:00,0.2408648664745851,0.2438385039567947,0.2408648664745851,0.24383850395679474,1472200,0.0,0.0
2017-12-12 00:00:00+08:00,0.24383851049437016,0.24383851049437016,0.24086487293243408,0.24086487293243408,486500,0.0,0.0
2017-12-13 00:00:00+08:00,0.24383851049437016,0.24383851049437016,0.24086487293243408,0.24086487293243408,828800,0.0,0.0
2017-12-14 00:00:00+08:00,0.24086487293243408,0.24383851049437016,0.24086487293243408,0.24086487293243408,366200,0.0,0.0
2017-12-15 00:00:00+08:00,0.24383848708479858,0.24383848708479858,0.23194392025470734,0.23194392025470734,2588100,0.0,0.0
2017-12-18 00:00:00+08:00,0.23194389078195798,0.23789118230342865,0.23194389078195798,0.23789118230342865,814700,0.0,0.0
2017-12-19 00:00:00+08:00,0.23789127879072353,0.23789127879072353,0.23194398485706563,0.23491764068603516,738400,0.0,0.0
2017-12-20 00:00:00+08:00,0.23491757525543736,0.2378912125318911,0.23194392025470734,0.23194392025470734,600100,0.0,0.0
2017-12-21 00:00:00+08:00,0.23491764068603518,0.23789127879072353,0.23194398485706563,0.23491764068603516,491900,0.0,0.0
2017-12-22 00:00:00+08:00,0.23491757525543736,0.2378912125318911,0.23194392025470734,0.23194392025470734,746800,0.0,0.0
2017-12-26 00:00:00+08:00,0.23194389078195798,0.23789118230342865,0.23194389078195798,0.23789118230342865,499400,0.0,0.0
2017-12-27 00:00:00+08:00,0.2378912125318911,0.2378912125318911,0.23194392025470734,0.23194392025470734,740100,0.0,0.0
2017-12-28 00:00:00+08:00,0.2349175454048303,0.23789118230342865,0.23194389078195798,0.23789118230342865,967000,0.0,0.0
2017-12-29 00:00:00+08:00,0.23789127879072353,0.23789127879072353,0.23194398485706563,0.23491764068603516,1026200,0.0,0.0
2018-01-02 00:00:00+08:00,0.23491764068603518,0.23789127879072353,0.23491764068603518,0.23491764068603516,1529000,0.0,0.0
2018-01-03 00:00:00+08:00,0.2349175454048303,0.23789118230342865,0.2349175454048303,0.23789118230342865,724900,0.0,0.0
2018-01-04 00:00:00+08:00,0.23789123537049803,0.24383851049437016,0.23789123537049803,0.24086487293243408,2869600,0.0,0.0
2018-01-05 00:00:00+08:00,0.2408648664745851,0.2438385039567947,0.23789122899237553,0.24383850395679474,672100,0.0,0.0
2018-01-08 00:00:00+08:00,0.24383851049437016,0.24383851049437016,0.24086487293243408,0.24086487293243408,372300,0.0,0.0
2018-01-09 00:00:00+08:00,0.24086487293243408,0.24383851049437016,0.23789123537049803,0.24086487293243408,1015300,0.0,0.0
2018-01-10 00:00:00+08:00,0.24086487293243408,0.24383851049437016,0.24086487293243408,0.24086487293243408,298800,0.0,0.0
2018-01-11 00:00:00+08:00,0.24086487293243408,0.24383851049437016,0.24086487293243408,0.24086487293243408,512400,0.0,0.0
2018-01-12 00:00:00+08:00,0.240864819202027,0.2438384561006253,0.23789118230342865,0.23789118230342865,736600,0.0,0.0
2018-01-15 00:00:00+08:00,0.2408648664745851,0.2438385039567947,0.2408648664745851,0.24383850395679474,636300,0.0,0.0
2018-01-16 00:00:00+08:00,0.24383851049437016,0.24383851049437016,0.24086487293243408,0.24086487293243408,747800,0.0,0.0
2018-01-17 00:00:00+08:00,0.24086487293243408,0.24086487293243408,0.23789123537049803,0.24086487293243408,440900,0.0,0.0
2018-01-18 00:00:00+08:00,0.24086487293243408,0.24383851049437016,0.23789123537049803,0.24086487293243408,880600,0.0,0.0
2018-01-19 00:00:00+08:00,0.2408649037986391,0.24681217968463898,0.2408649037986391,0.24681217968463898,1152200,0.0,0.0
2018-01-22 00:00:00+08:00,0.24681217968463898,0.24681217968463898,0.24383854174163902,0.24681217968463898,1338100,0.0,0.0
2018-01-23 00:00:00+08:00,0.24383854174163902,0.24681217968463898,0.24383854174163902,0.24681217968463898,1132800,0.0,0.0
2018-01-24 00:00:00+08:00,0.24383854174163902,0.24681217968463898,0.24383854174163902,0.24681217968463898,1077400,0.0,0.0
2018-01-25 00:00:00+08:00,0.24383854174163902,0.24681217968463898,0.24383854174163902,0.24681217968463898,415900,0.0,0.0
2018-01-26 00:00:00+08:00,0.24383854174163902,0.2527594732949191,0.24383854174163902,0.24681217968463898,6406100,0.0,0.0
2018-01-29 00:00:00+08:00,0.24681214143900432,0.24681214143900432,0.2438385039567947,0.24383850395679474,6283400,0.0,0.0
2018-01-30 00:00:00+08:00,0.2438385039567947,0.24681214143900432,0.2408648664745851,0.24383850395679474,2256300,0.0,0.0
2018-01-31 00:00:00+08:00,0.24383851049437016,0.24681214805630622,0.24086487293243408,0.24086487293243408,1992700,0.0,0.0
2018-02-01 00:00:00+08:00,0.2459043562412262,0.24894020958696392,0.2428685028954885,0.2459043562412262,2137400,0.0083,0.0
2018-02-02 00:00:00+08:00,0.24590439651413726,0.24590439651413726,0.23983268882826994,0.2428685426712036,1441400,0.0,0.0
2018-02-05 00:00:00+08:00,0.23983268308842334,0.24286853685870077,0.23376095745275263,0.2367968112230301,2558900,0.0,0.0
2018-02-06 00:00:00+08:00,0.2367968112230301,0.2367968112230301,0.2307251036824752,0.2367968112230301,2290000,0.0,0.0
2018-02-07 00:00:00+08:00,0.23376097325279635,0.23983269929885861,0.23376097325279635,0.23983269929885864,2834600,0.0,0.0
2018-02-08 00:00:00+08:00,0.23983269929885861,0.23983269929885861,0.23679682722826897,0.23983269929885864,1860700,0.0,0.0
2018-02-09 00:00:00+08:00,0.23679679156663533,0.23679679156663533,0.2337609380483627,0.23376093804836273,1016300,0.0,0.0
2018-02-12 00:00:00+08:00,0.2337609634250182,0.23679681727285748,0.23072510957717896,0.23072510957717896,3046700,0.0,0.0
2018-02-13 00:00:00+08:00,0.2337609380483627,0.23679679156663533,0.2307250845300901,0.23376093804836273,2988900,0.0,0.0
2018-02-14 00:00:00+08:00,0.23679681727285748,0.23679681727285748,0.23072510957717896,0.23072510957717896,668200,0.0,0.0
2018-02-15 00:00:00+08:00,0.23376095745275263,0.2367968112230301,0.23376095745275263,0.2367968112230301,135200,0.0,0.0
2018-02-19 00:00:00+08:00,0.23679679156663533,0.23679679156663533,0.2337609380483627,0.23376093804836273,503600,0.0,0.0
2018-02-20 00:00:00+08:00,0.23679682722826897,0.23983269929885861,0.23376097325279635,0.23983269929885864,1369500,0.0,0.0
2018-02-21 00:00:00+08:00,0.23983268308842334,0.24286853685870077,0.23376095745275263,0.2367968112230301,4835100,0.0,0.0
2018-02-22 00:00:00+08:00,0.23376095745275263,0.23983268308842334,0.23376095745275263,0.2367968112230301,4644200,0.0,0.0
2018-02-23 00:00:00+08:00,0.23376095745275263,0.23983268308842334,0.23376095745275263,0.2367968112230301,827700,0.0,0.0
2018-02-26 00:00:00+08:00,0.23983268308842334,0.23983268308842334,0.2367968112230301,0.2367968112230301,742600,0.0,0.0
2018-02-27 00:00:00+08:00,0.23983269929885861,0.24286855327433124,0.23679682722826897,0.23983269929885864,1061800,0.0,0.0
2018-02-28 00:00:00+08:00,0.23983269929885861,0.23983269929885861,0.23679682722826897,0.23983269929885864,584200,0.0,0.0
2018-03-01 00:00:00+08:00,0.23983269929885861,0.24286855327433124,0.23679682722826897,0.23983269929885864,963600,0.0,0.0
2018-03-02 00:00:00+08:00,0.23983268882826994,0.2428685426712036,0.23679681689022006,0.2428685426712036,1750200,0.0,0.0
2018-03-05 00:00:00+08:00,0.2428685426712036,0.24590439651413726,0.23983268882826994,0.2428685426712036,1961700,0.0,0.0
2018-03-06 00:00:00+08:00,0.2459043562412262,0.2459043562412262,0.2428685028954885,0.2459043562412262,620800,0.0,0.0
2018-03-07 00:00:00+08:00,0.2459043562412262,0.2459043562412262,0.2428685028954885,0.2459043562412262,909200,0.0,0.0
2018-03-08 00:00:00+08:00,0.24590442402767015,0.25804785885321474,0.24590442402767015,0.2519761323928833,3432800,0.0,0.0
2018-03-09 00:00:00+08:00,0.25501198657548985,0.25501198657548985,0.24894027821027673,0.2519761323928833,2353400,0.0,0.0
2018-03-12 00:00:00+08:00,0.2519761511588483,0.2580478780713726,0.24894029675014598,0.25501200556755066,3035400,0.0,0.0
2018-03-13 00:00:00+08:00,0.2519761323928833,0.25501198657548985,0.2519761323928833,0.2519761323928833,1037500,0.0,0.0
2018-03-14 00:00:00+08:00,0.2519761511588483,0.25501200556755066,0.24894029675014598,0.25501200556755066,1738400,0.0,0.0
2018-03-15 00:00:00+08:00,0.2519761227128193,0.25804784893989563,0.2519761227128193,0.25804784893989563,2143000,0.0,0.0
2018-03-16 00:00:00+08:00,0.25501200556755066,0.2580478780713726,0.25501200556755066,0.25501200556755066,1447000,0.0,0.0
2018-03-19 00:00:00+08:00,0.25501200556755066,0.2580478780713726,0.2519761511588483,0.25501200556755066,354100,0.0,0.0
2018-03-20 00:00:00+08:00,0.25501198657548985,0.25501198657548985,0.2519761323928833,0.2519761323928833,225500,0.0,0.0
2018-03-21 00:00:00+08:00,0.25501200556755066,0.25501200556755066,0.2519761511588483,0.25501200556755066,139800,0.0,0.0
2018-03-22 00:00:00+08:00,0.25501200556755066,0.25501200556755066,0.2519761511588483,0.25501200556755066,1240800,0.0,0.0
2018-03-23 00:00:00+08:00,0.2519761323928833,0.25501198657548985,0.2519761323928833,0.2519761323928833,4187400,0.0,0.0
2018-03-26 00:00:00+08:00,0.2519761323928833,0.25501198657548985,0.24894027821027673,0.2519761323928833,550300,0.0,0.0
2018-03-27 00:00:00+08:00,0.2519761511588483,0.25501200556755066,0.2519761511588483,0.25501200556755066,1529100,0.0,0.0
2018-03-28 00:00:00+08:00,0.25501200556755066,0.25501200556755066,0.2519761511588483,0.25501200556755066,348600,0.0,0.0
2018-03-29 00:00:00+08:00,0.25501197677879867,0.25804784893989563,0.2519761227128193,0.25804784893989563,663400,0.0,0.0
2018-04-02 00:00:00+08:00,0.25501200556755066,0.25501200556755066,0.25501200556755066,0.25501200556755066,393300,0.0,0.0
2018-04-03 00:00:00+08:00,0.2519761511588483,0.25501200556755066,0.2519761511588483,0.25501200556755066,782200,0.0,0.0
2018-04-04 00:00:00+08:00,0.25501198657548985,0.25501198657548985,0.2519761323928833,0.2519761323928833,2085000,0.0,0.0
2018-04-05 00:00:00+08:00,0.25501200556755066,0.2580478780713726,0.2519761511588483,0.25501200556755066,832100,0.0,0.0
2018-04-06 00:00:00+08:00,0.2519761511588483,0.25501200556755066,0.2519761511588483,0.25501200556755066,365500,0.0,0.0
2018-04-09 00:00:00+08:00,0.2519761511588483,0.2580478780713726,0.2519761511588483,0.25501200556755066,1543800,0.0,0.0
2018-04-10 00:00:00+08:00,0.25501200556755066,0.2580478780713726,0.2519761511588483,0.25501200556755066,435700,0.0,0.0
2018-04-11 00:00:00+08:00,0.25804784893989563,0.25804784893989563,0.25501197677879867,0.25804784893989563,531300,0.0,0.0
2018-04-12 00:00:00+08:00,0.25501196633385387,0.2610836923122406,0.25197611239221895,0.2610836923122406,2904200,0.0,0.0
2018-04-13 00:00:00+08:00,0.25804784893989563,0.25804784893989563,0.25501197677879867,0.25804784893989563,698100,0.0,0.0
2018-04-16 00:00:00+08:00,0.25804784893989563,0.261083703005875,0.25501197677879867,0.25804784893989563,1215800,0.0,0.0
2018-04-17 00:00:00+08:00,0.25804784893989563,0.25804784893989563,0.25501197677879867,0.25804784893989563,172100,0.0,0.0
2018-04-18 00:00:00+08:00,0.25804784893989563,0.261083703005875,0.25501197677879867,0.25804784893989563,1697400,0.0,0.0
2018-04-19 00:00:00+08:00,0.2610836923122406,0.2610836923122406,0.25804783837060563,0.2610836923122406,732800,0.0,0.0
2018-04-20 00:00:00+08:00,0.2610836923122406,0.2610836923122406,0.25804783837060563,0.2610836923122406,982000,0.0,0.0
2018-04-23 00:00:00+08:00,0.25804784893989563,0.261083703005875,0.25804784893989563,0.25804784893989563,1143500,0.0,0.0
2018-04-24 00:00:00+08:00,0.2610836923122406,0.2610836923122406,0.25804783837060563,0.2610836923122406,3714200,0.0,0.0
2018-04-25 00:00:00+08:00,0.25804784893989563,0.261083703005875,0.25501197677879867,0.25804784893989563,750600,0.0,0.0
2018-04-26 00:00:00+08:00,0.25804783837060563,0.2610836923122406,0.25804783837060563,0.2610836923122406,2047900,0.0,0.0
2018-04-27 00:00:00+08:00,0.26343910107709423,0.2665383815765381,0.26033980210448143,0.2665383815765381,1212600,0.0088,0.0
2018-04-30 00:00:00+08:00,0.26653842972376934,0.26653842972376934,0.2634391486644745,0.2634391486644745,762700,0.0,0.0
2018-05-02 00:00:00+08:00,0.26033980210448143,0.2665383815765381,0.26033980210448143,0.2665383815765381,2259400,0.0,0.0
2018-05-03 00:00:00+08:00,0.2665383815765381,0.2665383815765381,0.26343910107709423,0.2665383815765381,1107100,0.0,0.0
2018-05-04 00:00:00+08:00,0.26653842972376934,0.26653842972376934,0.2634391486644745,0.2634391486644745,887300,0.0,0.0
2018-05-07 00:00:00+08:00,0.2665383815765381,0.2665383815765381,0.26343910107709423,0.2665383815765381,1577300,0.0,0.0
2018-05-08 00:00:00+08:00,0.2665383815765381,0.2665383815765381,0.26343910107709423,0.2665383815765381,1157800,0.0,0.0
2018-05-09 00:00:00+08:00,0.2665383815765381,0.2665383815765381,0.26343910107709423,0.2665383815765381,909100,0.0,0.0
2018-05-10 00:00:00+08:00,0.2665383815765381,0.269637662075982,0.26343910107709423,0.2665383815765381,802700,0.0,0.0
2018-05-11 00:00:00+08:00,0.26653842972376934,0.26653842972376934,0.2634391486644745,0.2634391486644745,1002400,0.0,0.0
2018-05-14 00:00:00+08:00,0.2665383815765381,0.2665383815765381,0.26343910107709423,0.2665383815765381,645500,0.0,0.0
2018-05-15 00:00:00+08:00,0.2634391419353122,0.26963770389556885,0.2634391419353122,0.26963770389556885,1387800,0.0,0.0
2018-05-16 00:00:00+08:00,0.2665383815765381,0.269637662075982,0.2665383815765381,0.2665383815765381,683300,0.0,0.0
2018-05-17 00:00:00+08:00,0.2665383815765381,0.269637662075982,0.2665383815765381,0.2665383815765381,927800,0.0,0.0
2018-05-18 00:00:00+08:00,0.26653846331482334,0.2727370262145996,0.26653846331482334,0.2727370262145996,1413000,0.0,0.0
2018-05-21 00:00:00+08:00,0.26963770389556885,0.2758362658558255,0.26963770389556885,0.26963770389556885,2058200,0.0,0.0
2018-05-22 00:00:00+08:00,0.2727370262145996,0.27583630766448775,0.2696377447647115,0.2727370262145996,208800,0.0,0.0
2018-05-23 00:00:00+08:00,0.26653846331482334,0.2727370262145996,0.26653846331482334,0.2727370262145996,1396200,0.0,0.0
2018-05-24 00:00:00+08:00,0.269637662075982,0.27273694257542586,0.2665383815765381,0.2665383815765381,651100,0.0,0.0
2018-05-25 00:00:00+08:00,0.269637662075982,0.27273694257542586,0.2665383815765381,0.2665383815765381,964000,0.0,0.0
2018-05-28 00:00:00+08:00,0.2696377447647115,0.2727370262145996,0.2696377447647115,0.2727370262145996,754600,0.0,0.0
2018-05-30 00:00:00+08:00,0.27273694257542586,0.27273694257542586,0.2665383815765381,0.2665383815765381,2430200,0.0,0.0
2018-05-31 00:00:00+08:00,0.27273694257542586,0.27273694257542586,0.2665383815765381,0.2665383815765381,1456900,0.0,0.0
2018-06-01 00:00:00+08:00,0.2696377447647115,0.2727370262145996,0.26653846331482334,0.2727370262145996,970500,0.0,0.0
2018-06-04 00:00:00+08:00,0.2727370262145996,0.2727370262145996,0.2696377447647115,0.2727370262145996,1260800,0.0,0.0
2018-06-05 00:00:00+08:00,0.2727369848756972,0.2727369848756972,0.26653842291544055,0.26963770389556885,968300,0.0,0.0
2018-06-06 00:00:00+08:00,0.2727369848756972,0.2727369848756972,0.26653842291544055,0.26963770389556885,959800,0.0,0.0
2018-06-07 00:00:00+08:00,0.26963770389556885,0.26963770389556885,0.26653842291544055,0.26963770389556885,375500,0.0,0.0
2018-06-08 00:00:00+08:00,0.26963770389556885,0.2727369848756972,0.26653842291544055,0.26963770389556885,919700,0.0,0.0
2018-06-11 00:00:00+08:00,0.26963770389556885,0.2727369848756972,0.26963770389556885,0.26963770389556885,1434900,0.0,0.0
2018-06-12 00:00:00+08:00,0.26963770389556885,0.2727369848756972,0.26963770389556885,0.26963770389556885,63200,0.0,0.0
2018-06-13 00:00:00+08:00,0.2696377447647115,0.2727370262145996,0.2696377447647115,0.2727370262145996,1654600,0.0,0.0
2018-06-14 00:00:00+08:00,0.26963770389556885,0.26963770389556885,0.26653842291544055,0.26963770389556885,459200,0.0,0.0
2018-06-18 00:00:00+08:00,0.2665383815765381,0.269637662075982,0.2665383815765381,0.2665383815765381,281400,0.0,0.0
2018-06-19 00:00:00+08:00,0.2665383815765381,0.27273694257542586,0.2665383815765381,0.2665383815765381,1903700,0.0,0.0
2018-06-20 00:00:00+08:00,0.26653842291544055,0.2727369848756972,0.26653842291544055,0.26963770389556885,871800,0.0,0.0
2018-06-21 00:00:00+08:00,0.2727369848756972,0.2727369848756972,0.26653842291544055,0.26963770389556885,943900,0.0,0.0
2018-06-22 00:00:00+08:00,0.269637662075982,0.27273694257542586,0.2665383815765381,0.2665383815765381,1065200,0.0,0.0
2018-06-25 00:00:00+08:00,0.26653842291544055,0.26963770389556885,0.26653842291544055,0.26963770389556885,1415300,0.0,0.0
2018-06-26 00:00:00+08:00,0.26963770389556885,0.26963770389556885,0.26653842291544055,0.26963770389556885,552000,0.0,0.0
2018-06-27 00:00:00+08:00,0.26963770389556885,0.26963770389556885,0.26653842291544055,0.26963770389556885,214200,0.0,0.0
2018-06-28 00:00:00+08:00,0.269637662075982,0.269637662075982,0.2665383815765381,0.2665383815765381,1522800,0.0,0.0
2018-06-29 00:00:00+08:00,0.2696377447647115,0.2727370262145996,0.26653846331482334,0.2727370262145996,280300,0.0,0.0
2018-07-02 00:00:00+08:00,0.2727370262145996,0.2727370262145996,0.2696377447647115,0.2727370262145996,805200,0.0,0.0
2018-07-03 00:00:00+08:00,0.2727370262145996,0.2727370262145996,0.2696377447647115,0.2727370262145996,190100,0.0,0.0
2018-07-04 00:00:00+08:00,0.2696377447647115,0.2727370262145996,0.2696377447647115,0.2727370262145996,272500,0.0,0.0
2018-07-05 00:00:00+08:00,0.2727370262145996,0.2727370262145996,0.2696377447647115,0.2727370262145996,486200,0.0,0.0
2018-07-06 00:00:00+08:00,0.2727369848756972,0.2727369848756972,0.26963770389556885,0.26963770389556885,990900,0.0,0.0
2018-07-09 00:00:00+08:00,0.2696377447647115,0.2727370262145996,0.2696377447647115,0.2727370262145996,397300,0.0,0.0
2018-07-10 00:00:00+08:00,0.2727370262145996,0.2727370262145996,0.2696377447647115,0.2727370262145996,826000,0.0,0.0
2018-07-11 00:00:00+08:00,0.2727370262145996,0.2727370262145996,0.2696377447647115,0.2727370262145996,252300,0.0,0.0
2018-07-12 00:00:00+08:00,0.26963770389556885,0.2727369848756972,0.26963770389556885,0.26963770389556885,147800,0.0,0.0
2018-07-13 00:00:00+08:00,0.26963770389556885,0.2727369848756972,0.26963770389556885,0.26963770389556885,4035110,0.0,0.0
2018-07-16 00:00:00+08:00,0.2727370262145996,0.2727370262145996,0.2696377447647115,0.2727370262145996,379800,0.0,0.0
2018-07-17 00:00:00+08:00,0.2696377447647115,0.2727370262145996,0.2696377447647115,0.2727370262145996,67000,0.0,0.0
2018-07-18 00:00:00+08:00,0.2727370262145996,0.2727370262145996,0.2696377447647115,0.2727370262145996,2007300,0.0,0.0
2018-07-19 00:00:00+08:00,0.2727369848756972,0.2758362658558255,0.26963770389556885,0.26963770389556885,796200,0.0,0.0
2018-07-20 00:00:00+08:00,0.2727370262145996,0.27583630766448775,0.2727370262145996,0.2727370262145996,166300,0.0,0.0
2018-07-23 00:00:00+08:00,0.2727369782221434,0.2758362591266632,0.2696376973176236,0.2758362591266632,150300,0.0,0.0
2018-07-24 00:00:00+08:00,0.2758362591266632,0.2758362591266632,0.2727369782221434,0.2758362591266632,62600,0.0,0.0
2018-07-25 00:00:00+08:00,0.27583630766448775,0.27583630766448775,0.2696377447647115,0.2727370262145996,603700,0.0,0.0
2018-07-26 00:00:00+08:00,0.2727370262145996,0.2727370262145996,0.2696377447647115,0.2727370262145996,613500,0.0,0.0
2018-07-27 00:00:00+08:00,0.2696377447647115,0.2727370262145996,0.2696377447647115,0.2727370262145996,1606700,0.0,0.0
2018-07-30 00:00:00+08:00,0.2727370262145996,0.27583630766448775,0.2696377447647115,0.2727370262145996,1630900,0.0,0.0
2018-07-31 00:00:00+08:00,0.27475819014618386,0.2810744643211365,0.2716000530587076,0.2810744643211365,1631100,0.0082,0.0
2018-08-01 00:00:00+08:00,0.2810744643211365,0.2810744643211365,0.27791632723366017,0.2810744643211365,563900,0.0,0.0
2018-08-02 00:00:00+08:00,0.2810744643211365,0.2842326014086128,0.27791632723366017,0.2810744643211365,732900,0.0,0.0
2018-08-03 00:00:00+08:00,0.2779163718223572,0.28107450941652273,0.2779163718223572,0.2779163718223572,548400,0.0,0.0
2018-08-06 00:00:00+08:00,0.2779163718223572,0.28107450941652273,0.2779163718223572,0.2779163718223572,426600,0.0,0.0
2018-08-07 00:00:00+08:00,0.2779163718223572,0.2779163718223572,0.2747582342281916,0.2779163718223572,453400,0.0,0.0
2018-08-08 00:00:00+08:00,0.2779163718223572,0.28107450941652273,0.2747582342281916,0.2779163718223572,532200,0.0,0.0
2018-08-10 00:00:00+08:00,0.2779163718223572,0.2779163718223572,0.2747582342281916,0.2779163718223572,567200,0.0,0.0
2018-08-13 00:00:00+08:00,0.2779163718223572,0.2779163718223572,0.2747582342281916,0.2779163718223572,244000,0.0,0.0
2018-08-14 00:00:00+08:00,0.2779163718223572,0.28107450941652273,0.2747582342281916,0.2779163718223572,772500,0.0,0.0
2018-08-15 00:00:00+08:00,0.2779163718223572,0.28107450941652273,0.2747582342281916,0.2779163718223572,1225100,0.0,0.0
2018-08-16 00:00:00+08:00,0.27791632700144825,0.27791632700144825,0.2747581899166107,0.2747581899166107,161100,0.0,0.0
2018-08-17 00:00:00+08:00,0.2747582342281916,0.2779163718223572,0.2747582342281916,0.2779163718223572,382300,0.0,0.0
2018-08-20 00:00:00+08:00,0.2779163718223572,0.2779163718223572,0.2747582342281916,0.2779163718223572,209500,0.0,0.0
2018-08-21 00:00:00+08:00,0.2779163718223572,0.2779163718223572,0.2779163718223572,0.2779163718223572,35400,0.0,0.0
2018-08-23 00:00:00+08:00,0.2779163718223572,0.2779163718223572,0.2747582342281916,0.2779163718223572,271800,0.0,0.0
2018-08-24 00:00:00+08:00,0.2747582342281916,0.2779163718223572,0.2747582342281916,0.2779163718223572,69900,0.0,0.0
2018-08-27 00:00:00+08:00,0.2779163718223572,0.2779163718223572,0.2747582342281916,0.2779163718223572,324800,0.0,0.0
2018-08-28 00:00:00+08:00,0.27791632700144825,0.27791632700144825,0.2747581899166107,0.2747581899166107,409500,0.0,0.0
2018-08-29 00:00:00+08:00,0.27791632700144825,0.27791632700144825,0.2716000528317732,0.2747581899166107,1598900,0.0,0.0
2018-08-30 00:00:00+08:00,0.2747581445745289,0.2747581445745289,0.27160000801086426,0.27160000801086426,4242700,0.0,0.0
2018-08-31 00:00:00+08:00,0.2747581896762341,0.2747581896762341,0.26844191551208496,0.26844191551208496,2178500,0.0,0.0
2018-09-03 00:00:00+08:00,0.268441919359987,0.271600056487331,0.2652837634086609,0.2652837634086609,1835600,0.0,0.0
2018-09-04 00:00:00+08:00,0.2652837634086609,0.2652837634086609,0.2621256262813169,0.2652837634086609,590600,0.0,0.0
2018-09-05 00:00:00+08:00,0.26212558150291443,0.26528371809076007,0.2589674449150688,0.26212558150291443,226400,0.0,0.0
2018-09-06 00:00:00+08:00,0.25896748900413513,0.26212562612965185,0.25896748900413513,0.25896748900413513,209000,0.0,0.0
2018-09-07 00:00:00+08:00,0.2589674449150688,0.26212558150291443,0.2589674449150688,0.26212558150291443,473300,0.0,0.0
2018-09-10 00:00:00+08:00,0.2621256413201014,0.2621256413201014,0.25580936670303345,0.25580936670303345,187400,0.0,0.0
2018-09-11 00:00:00+08:00,0.25580936670303345,0.25580936670303345,0.25265122939449947,0.25580936670303345,339200,0.0,0.0
2018-09-12 00:00:00+08:00,0.25580936670303345,0.25580936670303345,0.25265122939449947,0.25580936670303345,276800,0.0,0.0
2018-09-13 00:00:00+08:00,0.25580936670303345,0.25580936670303345,0.25265122939449947,0.25580936670303345,148000,0.0,0.0
2018-09-14 00:00:00+08:00,0.2558093517232074,0.2558093517232074,0.2526512145996094,0.2526512145996094,214600,0.0,0.0
2018-09-17 00:00:00+08:00,0.2558093518786185,0.25896748900413513,0.2558093518786185,0.25896748900413513,285200,0.0,0.0
2018-09-18 00:00:00+08:00,0.2589674888468054,0.2589674888468054,0.2526512145996094,0.2526512145996094,70200,0.0,0.0
2018-09-19 00:00:00+08:00,0.25265122939449947,0.25580936670303345,0.25265122939449947,0.25580936670303345,280300,0.0,0.0
2018-09-20 00:00:00+08:00,0.2526512145996094,0.2558093517232074,0.2526512145996094,0.2526512145996094,1064710,0.0,0.0
2018-09-21 00:00:00+08:00,0.2526512145996094,0.2558093517232074,0.2526512145996094,0.2526512145996094,323300,0.0,0.0
2018-09-24 00:00:00+08:00,0.2558093518786185,0.2652837632551685,0.2558093518786185,0.25896748900413513,798600,0.0,0.0
2018-09-25 00:00:00+08:00,0.25896748900413513,0.2652837632551685,0.2558093518786185,0.25896748900413513,1177900,0.0,0.0
2018-09-26 00:00:00+08:00,0.25896748915397294,0.2652837634086609,0.25896748915397294,0.2652837634086609,611100,0.0,0.0
2018-09-27 00:00:00+08:00,0.26528380262171003,0.2779163718223572,0.26528380262171003,0.2779163718223572,3005500,0.0,0.0
2018-09-28 00:00:00+08:00,0.2747581445745289,0.2747581445745289,0.27160000801086426,0.27160000801086426,659700,0.0,0.0
2018-10-01 00:00:00+08:00,0.27160000801086426,0.2747581445745289,0.27160000801086426,0.27160000801086426,1527700,0.0,0.0
2018-10-02 00:00:00+08:00,0.2716000528317732,0.2747581899166107,0.2716000528317732,0.2747581899166107,927100,0.0,0.0
2018-10-03 00:00:00+08:00,0.2747581899166107,0.2747581899166107,0.2747581899166107,0.2747581899166107,299700,0.0,0.0
2018-10-04 00:00:00+08:00,0.2747581445745289,0.2747581445745289,0.27160000801086426,0.27160000801086426,445700,0.0,0.0
2018-10-05 00:00:00+08:00,0.27160005259415954,0.27160005259415954,0.26528375960602857,0.26844191551208496,489800,0.0,0.0
2018-10-08 00:00:00+08:00,0.26844191551208496,0.27160005259415954,0.26844191551208496,0.26844191551208496,332700,0.0,0.0
2018-10-09 00:00:00+08:00,0.26844187144719955,0.27160000801086426,0.26528371605955614,0.27160000801086426,276900,0.0,0.0
2018-10-10 00:00:00+08:00,0.26528371809076007,0.2716000100904303,0.26212558150291443,0.26212558150291443,1256600,0.0,0.0
2018-10-11 00:00:00+08:00,0.2589674449150688,0.26212558150291443,0.25580930832722315,0.26212558150291443,1180600,0.0,0.0
2018-10-12 00:00:00+08:00,0.25896748915397294,0.2652837634086609,0.25896748915397294,0.2652837634086609,524200,0.0,0.0
2018-10-15 00:00:00+08:00,0.26212558150291443,0.26528371809076007,0.26212558150291443,0.26212558150291443,247000,0.0,0.0
2018-10-16 00:00:00+08:00,0.2621256262813169,0.2652837634086609,0.2621256262813169,0.2652837634086609,381900,0.0,0.0
2018-10-17 00:00:00+08:00,0.26528375960602857,0.26844191551208496,0.26212562252395394,0.26844191551208496,1124600,0.0,0.0
2018-10-18 00:00:00+08:00,0.26528375960602857,0.27160005259415954,0.26528375960602857,0.26844191551208496,144000,0.0,0.0
2018-10-19 00:00:00+08:00,0.2652837634086609,0.268441919359987,0.2652837634086609,0.2652837634086609,128800,0.0,0.0
2018-10-22 00:00:00+08:00,0.268441919359987,0.268441919359987,0.2652837634086609,0.2652837634086609,555600,0.0,0.0
2018-10-23 00:00:00+08:00,0.2652837634086609,0.2652837634086609,0.2652837634086609,0.2652837634086609,116900,0.0,0.0
2018-10-24 00:00:00+08:00,0.2652837634086609,0.2652837634086609,0.2621256262813169,0.2652837634086609,1833700,0.0,0.0
2018-10-25 00:00:00+08:00,0.26212558150291443,0.26528371809076007,0.26212558150291443,0.26212558150291443,458900,0.0,0.0
2018-10-26 00:00:00+08:00,0.26212558150291443,0.26212558150291443,0.2589674449150688,0.26212558150291443,343100,0.0,0.0
2018-10-29 00:00:00+08:00,0.2589674888468054,0.2589674888468054,0.24949307747601135,0.2526512145996094,3051800,0.0,0.0
2018-10-30 00:00:00+08:00,0.25265118434038214,0.25265118434038214,0.24317675528032814,0.2494930475950241,1122700,0.0,0.0
2018-10-31 00:00:00+08:00,0.2526512145996094,0.2558093517232074,0.24949307747601135,0.2526512145996094,1632300,0.0,0.0
2018-11-01 00:00:00+08:00,0.2543900332029337,0.2543900332029337,0.251169890165329,0.251169890165329,843700,0.0077,0.0
2018-11-02 00:00:00+08:00,0.25116991751341883,0.25761018509641065,0.25116991751341883,0.25439006090164185,516200,0.0,0.0
2018-11-05 00:00:00+08:00,0.2543900332029337,0.2543900332029337,0.251169890165329,0.251169890165329,488600,0.0,0.0
2018-11-07 00:00:00+08:00,0.25116990477689627,0.25761017203330994,0.25116990477689627,0.25761017203330994,906800,0.0,0.0
2018-11-08 00:00:00+08:00,0.25439006090164185,0.25761018509641065,0.25439006090164185,0.25439006090164185,752900,0.0,0.0
2018-11-09 00:00:00+08:00,0.25761017203330994,0.25761017203330994,0.2543900480018297,0.25761017203330994,1578800,0.0,0.0
2018-11-12 00:00:00+08:00,0.25761018509641065,0.25761018509641065,0.25439006090164185,0.25439006090164185,195800,0.0,0.0
2018-11-13 00:00:00+08:00,0.25116990477689627,0.25761017203330994,0.25116990477689627,0.25761017203330994,134300,0.0,0.0
2018-11-14 00:00:00+08:00,0.2543900332029337,0.2576101570470863,0.251169890165329,0.251169890165329,351100,0.0,0.0
2018-11-15 00:00:00+08:00,0.2511699332322757,0.2543900768220236,0.24794980883598328,0.24794980883598328,939200,0.0,0.0
2018-11-16 00:00:00+08:00,0.24794980883598328,0.2511699332322757,0.24794980883598328,0.24794980883598328,605300,0.0,0.0
2018-11-19 00:00:00+08:00,0.24794976632117635,0.251169890165329,0.24794976632117635,0.251169890165329,270800,0.0,0.0
2018-11-20 00:00:00+08:00,0.251169890165329,0.251169890165329,0.24794976632117635,0.251169890165329,180400,0.0,0.0
2018-11-21 00:00:00+08:00,0.2511699332322757,0.2511699332322757,0.24794980883598328,0.24794980883598328,248000,0.0,0.0
2018-11-22 00:00:00+08:00,0.251169890165329,0.2543900332029337,0.24794976632117635,0.251169890165329,701700,0.0,0.0
2018-11-23 00:00:00+08:00,0.25116991751341883,0.25439006090164185,0.25116991751341883,0.25439006090164185,154300,0.0,0.0
2018-11-26 00:00:00+08:00,0.25116990477689627,0.25761017203330994,0.25116990477689627,0.25761017203330994,273200,0.0,0.0
2018-11-27 00:00:00+08:00,0.25439006090164185,0.25761018509641065,0.25439006090164185,0.25439006090164185,125000,0.0,0.0
2018-11-28 00:00:00+08:00,0.2543900480018297,0.25761017203330994,0.25116990477689627,0.25761017203330994,66300,0.0,0.0
2018-11-29 00:00:00+08:00,0.25761018509641065,0.2608303092911795,0.25439006090164185,0.25439006090164185,427700,0.0,0.0
2018-11-30 00:00:00+08:00,0.25439008057008233,0.2640504539012909,0.25439008057008233,0.2640504539012909,2112600,0.0,0.0
2018-12-03 00:00:00+08:00,0.2608303294575547,0.2640504539012909,0.25761020501381854,0.2640504539012909,237800,0.0,0.0
2018-12-04 00:00:00+08:00,0.2576102209080401,0.26727059483528137,0.2576102209080401,0.26727059483528137,1133300,0.0,0.0
2018-12-05 00:00:00+08:00,0.2608303294575547,0.2640504539012909,0.25761020501381854,0.2640504539012909,937300,0.0,0.0
2018-12-06 00:00:00+08:00,0.2608303427696228,0.2640504673777053,0.2576102181615402,0.2608303427696228,232900,0.0,0.0
2018-12-07 00:00:00+08:00,0.2576102181615402,0.2608303427696228,0.2576102181615402,0.2608303427696228,317800,0.0,0.0
2018-12-10 00:00:00+08:00,0.2576102181615402,0.2608303427696228,0.2576102181615402,0.2608303427696228,611300,0.0,0.0
2018-12-11 00:00:00+08:00,0.25761017203330994,0.26083029606479013,0.25761017203330994,0.25761017203330994,360000,0.0,0.0
2018-12-12 00:00:00+08:00,0.25761017203330994,0.25761017203330994,0.2543900480018297,0.25761017203330994,407600,0.0,0.0
2018-12-13 00:00:00+08:00,0.25761017203330994,0.26083029606479013,0.25761017203330994,0.25761017203330994,270500,0.0,0.0
2018-12-14 00:00:00+08:00,0.25761017203330994,0.26083029606479013,0.25761017203330994,0.25761017203330994,133300,0.0,0.0
2018-12-17 00:00:00+08:00,0.2576102181615402,0.2608303427696228,0.2576102181615402,0.2608303427696228,599300,0.0,0.0
2018-12-18 00:00:00+08:00,0.25761017203330994,0.25761017203330994,0.2543900480018297,0.25761017203330994,162000,0.0,0.0
2018-12-19 00:00:00+08:00,0.2576102181615402,0.2608303427696228,0.2576102181615402,0.2608303427696228,641100,0.0,0.0
2018-12-20 00:00:00+08:00,0.25761018509641065,0.2608303092911795,0.25439006090164185,0.25439006090164185,208800,0.0,0.0
2018-12-21 00:00:00+08:00,0.25439006090164185,0.25761018509641065,0.25439006090164185,0.25439006090164185,579600,0.0,0.0
2018-12-24 00:00:00+08:00,0.2543900480018297,0.25761017203330994,0.2543900480018297,0.25761017203330994,372800,0.0,0.0
2018-12-26 00:00:00+08:00,0.2543900332029337,0.2543900332029337,0.24794976632117635,0.251169890165329,707800,0.0,0.0
2018-12-27 00:00:00+08:00,0.251169890165329,0.2543900332029337,0.251169890165329,0.251169890165329,668700,0.0,0.0
2018-12-28 00:00:00+08:00,0.25116991751341883,0.25761018509641065,0.25116991751341883,0.25439006090164185,338200,0.0,0.0
2018-12-31 00:00:00+08:00,0.251169890165329,0.2543900332029337,0.251169890165329,0.251169890165329,321100,0.0,0.0
2019-01-01 00:00:00+08:00,0.251169890165329,0.251169890165329,0.251169890165329,0.251169890165329,0,0.0,0.0
2019-01-02 00:00:00+08:00,0.2543900480018297,0.25761017203330994,0.2543900480018297,0.25761017203330994,187800,0.0,0.0
2019-01-03 00:00:00+08:00,0.2543900480018297,0.25761017203330994,0.25116990477689627,0.25761017203330994,231300,0.0,0.0
2019-01-04 00:00:00+08:00,0.2543900480018297,0.25761017203330994,0.25116990477689627,0.25761017203330994,164100,0.0,0.0
2019-01-07 00:00:00+08:00,0.25761017203330994,0.25761017203330994,0.2543900480018297,0.25761017203330994,304000,0.0,0.0
2019-01-08 00:00:00+08:00,0.2576102181615402,0.2608303427696228,0.2543900935534577,0.2608303427696228,358700,0.0,0.0
2019-01-09 00:00:00+08:00,0.25761017203330994,0.26083029606479013,0.25761017203330994,0.25761017203330994,232200,0.0,0.0
2019-01-10 00:00:00+08:00,0.25761020501381854,0.2640504539012909,0.25761020501381854,0.2640504539012909,547600,0.0,0.0
2019-01-11 00:00:00+08:00,0.2640504673777053,0.2640504673777053,0.2608303427696228,0.2608303427696228,306600,0.0,0.0
2019-01-14 00:00:00+08:00,0.2640504673777053,0.2640504673777053,0.2576102181615402,0.2608303427696228,436200,0.0,0.0
2019-01-15 00:00:00+08:00,0.2608303427696228,0.2640504673777053,0.2576102181615402,0.2608303427696228,319800,0.0,0.0
2019-01-16 00:00:00+08:00,0.2608303427696228,0.2640504673777053,0.2608303427696228,0.2608303427696228,458600,0.0,0.0
2019-01-17 00:00:00+08:00,0.2608303455504538,0.26727059483528137,0.2608303455504538,0.26727059483528137,443700,0.0,0.0
2019-01-18 00:00:00+08:00,0.2640504701928676,0.2704907194776951,0.2640504701928676,0.26727059483528137,655300,0.0,0.0
2019-01-21 00:00:00+08:00,0.26727059483528137,0.2704907194776951,0.2640504701928676,0.26727059483528137,790500,0.0,0.0
2019-01-22 00:00:00+08:00,0.2672705783450271,0.27049070278876325,0.2640504539012909,0.2640504539012909,380500,0.0,0.0
2019-01-23 00:00:00+08:00,0.2640504701928676,0.26727059483528137,0.2640504701928676,0.26727059483528137,295700,0.0,0.0
2019-01-24 00:00:00+08:00,0.2672705783450271,0.2672705783450271,0.2640504539012909,0.2640504539012909,311500,0.0,0.0
2019-01-25 00:00:00+08:00,0.2640504701928676,0.26727059483528137,0.2640504701928676,0.26727059483528137,1524100,0.0,0.0
2019-01-28 00:00:00+08:00,0.2672705520378446,0.2704906761646271,0.2672705520378446,0.2704906761646271,243400,0.0,0.0
2019-01-29 00:00:00+08:00,0.2704907194776951,0.2704907194776951,0.26727059483528137,0.26727059483528137,394200,0.0,0.0
2019-01-30 00:00:00+08:00,0.2704906761646271,0.2704906761646271,0.2672705520378446,0.2704906761646271,390300,0.0,0.0
2019-01-31 00:00:00+08:00,0.2718663513660431,0.2718663513660431,0.26859085621470985,0.2718663513660431,1035200,0.0071,0.0
2019-02-01 00:00:00+08:00,0.27186639297433857,0.27186639297433857,0.26859089732170105,0.26859089732170105,199900,0.0,0.0
2019-02-04 00:00:00+08:00,0.2718663513660431,0.2718663513660431,0.26859085621470985,0.2718663513660431,453700,0.0,0.0
2019-02-05 00:00:00+08:00,0.2718663513660431,0.2718663513660431,0.2718663513660431,0.2718663513660431,0,0.0,0.0
2019-02-07 00:00:00+08:00,0.26859089732170105,0.27186639297433857,0.26859089732170105,0.26859089732170105,1126200,0.0,0.0
2019-02-08 00:00:00+08:00,0.26859085621470985,0.2718663513660431,0.26859085621470985,0.2718663513660431,261100,0.0,0.0
2019-02-11 00:00:00+08:00,0.2718663990910199,0.2751418948173523,0.2685909033646875,0.2751418948173523,606400,0.0,0.0
2019-02-12 00:00:00+08:00,0.2718663990910199,0.2751418948173523,0.2685909033646875,0.2751418948173523,690000,0.0,0.0
2019-02-13 00:00:00+08:00,0.2718663513660431,0.27514184651737633,0.26859085621470985,0.2718663513660431,601700,0.0,0.0
2019-02-14 00:00:00+08:00,0.27514184651737633,0.2784173611922007,0.26859085621470985,0.2718663513660431,1933800,0.0,0.0
2019-02-15 00:00:00+08:00,0.27514189323534566,0.2784174084663391,0.27514189323534566,0.2784174084663391,316300,0.0,0.0
2019-02-18 00:00:00+08:00,0.27514189323534566,0.2784174084663391,0.27514189323534566,0.2784174084663391,1402000,0.0,0.0
2019-02-19 00:00:00+08:00,0.2784174084663391,0.28169290417383813,0.27514189323534566,0.2784174084663391,939900,0.0,0.0
2019-02-20 00:00:00+08:00,0.27841745565498927,0.2816929519176483,0.27514193986883245,0.2816929519176483,1901700,0.0,0.0
2019-02-21 00:00:00+08:00,0.28169290417383813,0.28169290417383813,0.2784174084663391,0.2784174084663391,461300,0.0,0.0
2019-02-22 00:00:00+08:00,0.2784174084663391,0.2784174084663391,0.27186639752784664,0.2784174084663391,2144200,0.0,0.0
2019-02-25 00:00:00+08:00,0.2784174100671793,0.2784174100671793,0.2718663990910199,0.2751418948173523,1450200,0.0,0.0
2019-02-26 00:00:00+08:00,0.27514189323534566,0.2784174084663391,0.27514189323534566,0.2784174084663391,97000,0.0,0.0
2019-02-27 00:00:00+08:00,0.2784174100671793,0.2816929057935117,0.2751418948173523,0.2751418948173523,746900,0.0,0.0
2019-02-28 00:00:00+08:00,0.2784174084663391,0.2784174084663391,0.27514189323534566,0.2784174084663391,474800,0.0,0.0
2019-03-01 00:00:00+08:00,0.2784174084663391,0.2784174084663391,0.27514189323534566,0.2784174084663391,107100,0.0,0.0
2019-03-04 00:00:00+08:00,0.2784174084663391,0.2784174084663391,0.27514189323534566,0.2784174084663391,85200,0.0,0.0
2019-03-05 00:00:00+08:00,0.2784174100671793,0.2784174100671793,0.2751418948173523,0.2751418948173523,400900,0.0,0.0
2019-03-06 00:00:00+08:00,0.2784174100671793,0.2784174100671793,0.2751418948173523,0.2751418948173523,309800,0.0,0.0
2019-03-07 00:00:00+08:00,0.2751418948173523,0.2784174100671793,0.2751418948173523,0.2751418948173523,203200,0.0,0.0
2019-03-08 00:00:00+08:00,0.2784174100671793,0.2784174100671793,0.2751418948173523,0.2751418948173523,793900,0.0,0.0
2019-03-11 00:00:00+08:00,0.27514193986883245,0.2816929519176483,0.27514193986883245,0.2816929519176483,1400000,0.0,0.0
2019-03-12 00:00:00+08:00,0.2816929519176483,0.2816929519176483,0.27841745565498927,0.2816929519176483,582000,0.0,0.0
2019-03-13 00:00:00+08:00,0.27841745565498927,0.2816929519176483,0.27841745565498927,0.2816929519176483,47700,0.0,0.0
2019-03-14 00:00:00+08:00,0.28169290417383813,0.28169290417383813,0.2784174084663391,0.2784174084663391,80000,0.0,0.0
2019-03-15 00:00:00+08:00,0.27841745565498927,0.2816929519176483,0.27514193986883245,0.2816929519176483,768100,0.0,0.0
2019-03-18 00:00:00+08:00,0.28169290417383813,0.28169290417383813,0.2784174084663391,0.2784174084663391,174500,0.0,0.0
2019-03-19 00:00:00+08:00,0.2784174084663391,0.2784174084663391,0.2784174084663391,0.2784174084663391,65600,0.0,0.0
2019-03-20 00:00:00+08:00,0.2784174084663391,0.28169290417383813,0.27514189323534566,0.2784174084663391,329700,0.0,0.0
2019-03-21 00:00:00+08:00,0.2784173611922007,0.2784173611922007,0.2718663513660431,0.2718663513660431,792200,0.0,0.0
2019-03-22 00:00:00+08:00,0.2751418948173523,0.2784174100671793,0.2718663990910199,0.2751418948173523,333600,0.0,0.0
2019-03-25 00:00:00+08:00,0.2718663990910199,0.2751418948173523,0.2718663990910199,0.2751418948173523,173500,0.0,0.0
2019-03-26 00:00:00+08:00,0.2718663513660431,0.27514184651737633,0.2718663513660431,0.2718663513660431,762800,0.0,0.0
2019-03-27 00:00:00+08:00,0.27514189323534566,0.2784174084663391,0.27186639752784664,0.2784174084663391,734200,0.0,0.0
2019-03-28 00:00:00+08:00,0.27514189323534566,0.2784174084663391,0.27514189323534566,0.2784174084663391,83800,0.0,0.0
2019-03-29 00:00:00+08:00,0.2784174084663391,0.2784174084663391,0.27514189323534566,0.2784174084663391,68300,0.0,0.0
2019-04-01 00:00:00+08:00,0.27841745565498927,0.2816929519176483,0.27514193986883245,0.2816929519176483,1463400,0.0,0.0
2019-04-02 00:00:00+08:00,0.28169290417383813,0.28169290417383813,0.27514189323534566,0.2784174084663391,1580200,0.0,0.0
2019-04-03 00:00:00+08:00,0.2784173611922007,0.2784173611922007,0.2718663513660431,0.2718663513660431,1757700,0.0,0.0
2019-04-04 00:00:00+08:00,0.27514184651737633,0.27514184651737633,0.26859085621470985,0.2718663513660431,2412100,0.0,0.0
2019-04-05 00:00:00+08:00,0.2718663513660431,0.27514184651737633,0.26859085621470985,0.2718663513660431,338700,0.0,0.0
2019-04-08 00:00:00+08:00,0.2718663990910199,0.2751418948173523,0.2685909033646875,0.2751418948173523,373000,0.0,0.0
2019-04-09 00:00:00+08:00,0.2718663990910199,0.2751418948173523,0.2718663990910199,0.2751418948173523,1269600,0.0,0.0
2019-04-10 00:00:00+08:00,0.2718663990910199,0.2751418948173523,0.2718663990910199,0.2751418948173523,182900,0.0,0.0
2019-04-11 00:00:00+08:00,0.27186639752784664,0.28169290417383813,0.27186639752784664,0.2784174084663391,3682300,0.0,0.0
2019-04-12 00:00:00+08:00,0.2751418948173523,0.2816929057935117,0.2751418948173523,0.2751418948173523,1105400,0.0,0.0
2019-04-15 00:00:00+08:00,0.27841745565498927,0.2816929519176483,0.27841745565498927,0.2816929519176483,1324100,0.0,0.0
2019-04-16 00:00:00+08:00,0.28169290417383813,0.28496839988133715,0.2784174084663391,0.2784174084663391,1123400,0.0,0.0
2019-04-17 00:00:00+08:00,0.28169290417383813,0.28169290417383813,0.2784174084663391,0.2784174084663391,766100,0.0,0.0
2019-04-18 00:00:00+08:00,0.2784174084663391,0.28496839988133715,0.2784174084663391,0.2784174084663391,765400,0.0,0.0
2019-04-22 00:00:00+08:00,0.27841745565498927,0.2816929519176483,0.27514193986883245,0.2816929519176483,1526700,0.0,0.0
2019-04-23 00:00:00+08:00,0.28169290417383813,0.28169290417383813,0.2784174084663391,0.2784174084663391,642700,0.0,0.0
2019-04-24 00:00:00+08:00,0.2784174084663391,0.28169290417383813,0.2784174084663391,0.2784174084663391,498200,0.0,0.0
2019-04-25 00:00:00+08:00,0.2784174084663391,0.28169290417383813,0.2784174084663391,0.2784174084663391,612100,0.0,0.0
2019-04-26 00:00:00+08:00,0.2800845738386229,0.2834189308018135,0.27675023674964905,0.27675023674964905,1169500,0.0075,0.0
2019-04-29 00:00:00+08:00,0.2800845738386229,0.2800845738386229,0.27675023674964905,0.27675023674964905,400900,0.0,0.0
2019-04-30 00:00:00+08:00,0.27675023674964905,0.2800845738386229,0.27675023674964905,0.27675023674964905,331200,0.0,0.0
2019-05-02 00:00:00+08:00,0.27675021357099355,0.2800845503807068,0.27675021357099355,0.2800845503807068,474200,0.0,0.0
2019-05-03 00:00:00+08:00,0.2800845738386229,0.2800845738386229,0.27675023674964905,0.27675023674964905,347400,0.0,0.0
2019-05-06 00:00:00+08:00,0.27675023674964905,0.2800845738386229,0.27675023674964905,0.27675023674964905,601100,0.0,0.0
2019-05-07 00:00:00+08:00,0.27675021357099355,0.2800845503807068,0.27675021357099355,0.2800845503807068,486800,0.0,0.0
2019-05-08 00:00:00+08:00,0.27675023674964905,0.2800845738386229,0.27675023674964905,0.27675023674964905,705500,0.0,0.0
2019-05-09 00:00:00+08:00,0.27675023032787205,0.27675023032787205,0.2734158933162689,0.2734158933162689,1063000,0.0,0.0
2019-05-10 00:00:00+08:00,0.27675023032787205,0.27675023032787205,0.2734158933162689,0.2734158933162689,803300,0.0,0.0
2019-05-13 00:00:00+08:00,0.27341589966067514,0.27675023674964905,0.27341589966067514,0.27675023674964905,356600,0.0,0.0
2019-05-14 00:00:00+08:00,0.27341589966067514,0.27675023674964905,0.27341589966067514,0.27675023674964905,854000,0.0,0.0
2019-05-15 00:00:00+08:00,0.27675023032787205,0.27675023032787205,0.2734158933162689,0.2734158933162689,106300,0.0,0.0
2019-05-16 00:00:00+08:00,0.27341589966067514,0.27675023674964905,0.27341589966067514,0.27675023674964905,100200,0.0,0.0
2019-05-17 00:00:00+08:00,0.27675023032787205,0.27675023032787205,0.2734158933162689,0.2734158933162689,811900,0.0,0.0
2019-05-21 00:00:00+08:00,0.2734158566449589,0.2767501932093513,0.2700815200805664,0.2700815200805664,1504400,0.0,0.0
2019-05-22 00:00:00+08:00,0.27341586397839907,0.2867532304679115,0.27008152732457447,0.2834188938140869,3650100,0.0,0.0
2019-05-23 00:00:00+08:00,0.2834188938140869,0.2867532304679115,0.2800845372860482,0.2834188938140869,1420300,0.0,0.0
2019-05-24 00:00:00+08:00,0.2834189070646351,0.2834189070646351,0.2800845503807068,0.2800845503807068,2025800,0.0,0.0
2019-05-27 00:00:00+08:00,0.2800845503807068,0.2834189070646351,0.2800845503807068,0.2800845503807068,978700,0.0,0.0
2019-05-28 00:00:00+08:00,0.2800845503807068,0.2834189070646351,0.2800845503807068,0.2800845503807068,2100800,0.0,0.0
2019-05-29 00:00:00+08:00,0.2834189070646351,0.2834189070646351,0.2800845503807068,0.2800845503807068,892800,0.0,0.0
2019-05-30 00:00:00+08:00,0.2834189070646351,0.2834189070646351,0.2800845503807068,0.2800845503807068,422100,0.0,0.0
2019-05-31 00:00:00+08:00,0.2800845503807068,0.2834189070646351,0.2800845503807068,0.2800845503807068,2173900,0.0,0.0
2019-06-03 00:00:00+08:00,0.2834189070614946,0.29675625430019975,0.28008455037760327,0.29008758068084717,4727200,0.0,0.0
2019-06-04 00:00:00+08:00,0.29008758068084717,0.29675625430019975,0.2867532438711709,0.29008758068084717,1027700,0.0,0.0
2019-06-06 00:00:00+08:00,0.2900876166929417,0.2934219539165497,0.28675327946933366,0.2934219539165497,682500,0.0,0.0
2019-06-07 00:00:00+08:00,0.29342191749052343,0.29342191749052343,0.29008758068084717,0.29008758068084717,466600,0.0,0.0
2019-06-10 00:00:00+08:00,0.29342191749052343,0.29342191749052343,0.29008758068084717,0.29008758068084717,1429300,0.0,0.0
2019-06-11 00:00:00+08:00,0.29008762276316846,0.3000906346433105,0.29008762276316846,0.2967562973499298,2891100,0.0,0.0
2019-06-12 00:00:00+08:00,0.3000906346433105,0.3000906346433105,0.29342196005654914,0.2967562973499298,792900,0.0,0.0
2019-06-13 00:00:00+08:00,0.29675629114015767,0.29675629114015767,0.2934219539165497,0.2934219539165497,327200,0.0,0.0
2019-06-14 00:00:00+08:00,0.2934219539165497,0.29675629114015767,0.2934219539165497,0.2934219539165497,449200,0.0,0.0
2019-06-17 00:00:00+08:00,0.29342196005654914,0.2967562973499298,0.29342196005654914,0.2967562973499298,202900,0.0,0.0
2019-06-18 00:00:00+08:00,0.29675630342170717,0.30009064078330994,0.29342196606010434,0.30009064078330994,2759500,0.0,0.0
2019-06-19 00:00:00+08:00,0.30009064078330994,0.30342499801913114,0.29675630342170717,0.30009064078330994,1161900,0.0,0.0
2019-06-20 00:00:00+08:00,0.30009064078330994,0.30342499801913114,0.30009064078330994,0.30009064078330994,743100,0.0,0.0
2019-06-21 00:00:00+08:00,0.30342499801913114,0.30342499801913114,0.29675630342170717,0.30009064078330994,757500,0.0,0.0
2019-06-24 00:00:00+08:00,0.3000906040662599,0.3067592978477478,0.3000906040662599,0.3067592978477478,1448600,0.0,0.0
2019-06-25 00:00:00+08:00,0.3067592978477478,0.3067592978477478,0.3000906040662599,0.3067592978477478,2892500,0.0,0.0
2019-06-26 00:00:00+08:00,0.3067593214266179,0.3067593214266179,0.30009062713254486,0.30342498421669006,1159300,0.0,0.0
2019-06-27 00:00:00+08:00,0.3067592978477478,0.3067592978477478,0.3000906040662599,0.3067592978477478,1260300,0.0,0.0
2019-06-28 00:00:00+08:00,0.3067592978477478,0.31009363480138374,0.3034249608941118,0.3067592978477478,2466200,0.0,0.0
2019-07-01 00:00:00+08:00,0.3067593214266179,0.31009365863654564,0.30342498421669006,0.30342498421669006,254087,0.0,0.0
2019-07-02 00:00:00+08:00,0.30342498421669006,0.3067593214266179,0.30342498421669006,0.30342498421669006,223900,0.0,0.0
2019-07-03 00:00:00+08:00,0.3067592978477478,0.31009363480138374,0.3034249608941118,0.3067592978477478,1338600,0.0,0.0
2019-07-04 00:00:00+08:00,0.306759333739685,0.3100936710834503,0.306759333739685,0.3100936710834503,655000,0.0,0.0
2019-07-05 00:00:00+08:00,0.3100936710834503,0.3100936710834503,0.306759333739685,0.3100936710834503,497100,0.0,0.0
2019-07-08 00:00:00+08:00,0.3100936710834503,0.3100936710834503,0.306759333739685,0.3100936710834503,539800,0.0,0.0
2019-07-09 00:00:00+08:00,0.306759333739685,0.3100936710834503,0.306759333739685,0.3100936710834503,646000,0.0,0.0
2019-07-10 00:00:00+08:00,0.31009363480138374,0.31009363480138374,0.3067592978477478,0.3067592978477478,269900,0.0,0.0
2019-07-11 00:00:00+08:00,0.306759333739685,0.3100936710834503,0.306759333739685,0.3100936710834503,252100,0.0,0.0
2019-07-12 00:00:00+08:00,0.31009365863654564,0.31009365863654564,0.30342498421669006,0.30342498421669006,1005500,0.0,0.0
2019-07-15 00:00:00+08:00,0.3067592978477478,0.31009363480138374,0.3034249608941118,0.3067592978477478,2159500,0.0,0.0
2019-07-16 00:00:00+08:00,0.3067593214266179,0.3067593214266179,0.30009062713254486,0.30342498421669006,1253200,0.0,0.0
2019-07-17 00:00:00+08:00,0.30342498421669006,0.30342498421669006,0.30009062713254486,0.30342498421669006,128300,0.0,0.0
2019-07-18 00:00:00+08:00,0.30342498421669006,0.3067593214266179,0.30009062713254486,0.30342498421669006,1472900,0.0,0.0
2019-07-19 00:00:00+08:00,0.30342498421669006,0.3067593214266179,0.30342498421669006,0.30342498421669006,303300,0.0,0.0
2019-07-22 00:00:00+08:00,0.30342498421669006,0.31009365863654564,0.30342498421669006,0.30342498421669006,1902300,0.0,0.0
2019-07-23 00:00:00+08:00,0.3034249608941118,0.31009363480138374,0.3034249608941118,0.3067592978477478,376700,0.0,0.0
2019-07-24 00:00:00+08:00,0.31009363480138374,0.31009363480138374,0.3067592978477478,0.3067592978477478,187800,0.0,0.0
2019-07-25 00:00:00+08:00,0.31009363480138374,0.31342797175501974,0.3067592978477478,0.3067592978477478,1240000,0.0,0.0
2019-07-26 00:00:00+08:00,0.30342499801913114,0.3067593353807339,0.30009064078330994,0.30009064078330994,3299900,0.0,0.0
2019-07-29 00:00:00+08:00,0.30009064078330994,0.30342499801913114,0.30009064078330994,0.30009064078330994,798800,0.0,0.0
2019-07-30 00:00:00+08:00,0.3034249608941118,0.3067592978477478,0.3000906040662599,0.3067592978477478,1886300,0.0,0.0
2019-07-31 00:00:00+08:00,0.3067593214266179,0.31009365863654564,0.30342498421669006,0.30342498421669006,1996200,0.0,0.0
2019-08-01 00:00:00+08:00,0.3042362609465943,0.3109970806256726,0.3042362609465943,0.3076166808605194,506400,0.0062,0.0
2019-08-02 00:00:00+08:00,0.3076166808605194,0.3076166808605194,0.3042362609465943,0.3076166808605194,424600,0.0,0.0
2019-08-05 00:00:00+08:00,0.3042362630367279,0.30761668297387684,0.3042362630367279,0.3042362630367279,851800,0.0,0.0
2019-08-06 00:00:00+08:00,0.30423624479866834,0.30423624479866834,0.3008558452129364,0.3008558452129364,1667000,0.0,0.0
2019-08-07 00:00:00+08:00,0.3008558452129364,0.30423624479866834,0.3008558452129364,0.3008558452129364,1182900,0.0,0.0
2019-08-08 00:00:00+08:00,0.300855863248351,0.3042362630367279,0.300855863248351,0.3042362630367279,448900,0.0,0.0
2019-08-13 00:00:00+08:00,0.3042362630367279,0.3042362630367279,0.300855863248351,0.3042362630367279,759500,0.0,0.0
2019-08-14 00:00:00+08:00,0.3008558452129364,0.30423624479866834,0.29747544562720446,0.3008558452129364,1888700,0.0,0.0
2019-08-15 00:00:00+08:00,0.3008558452129364,0.30423624479866834,0.29747544562720446,0.3008558452129364,1205100,0.0,0.0
2019-08-16 00:00:00+08:00,0.3008558267676264,0.30423622614610785,0.2974754273891449,0.2974754273891449,444100,0.0,0.0
2019-08-19 00:00:00+08:00,0.2974754634599741,0.30761668297387684,0.2974754634599741,0.3042362630367279,1027100,0.0,0.0
2019-08-20 00:00:00+08:00,0.3008558452129364,0.30761666453317116,0.3008558452129364,0.3008558452129364,1575600,0.0,0.0
2019-08-21 00:00:00+08:00,0.3008558452129364,0.30423624479866834,0.3008558452129364,0.3008558452129364,29600,0.0,0.0
2019-08-22 00:00:00+08:00,0.3008558452129364,0.30423624479866834,0.3008558452129364,0.3008558452129364,365800,0.0,0.0
2019-08-23 00:00:00+08:00,0.300855863248351,0.3042362630367279,0.300855863248351,0.3042362630367279,552100,0.0,0.0
2019-08-26 00:00:00+08:00,0.3008558452129364,0.30423624479866834,0.29747544562720446,0.3008558452129364,1149500,0.0,0.0
2019-08-27 00:00:00+08:00,0.3042362609465943,0.3076166808605194,0.3008558611814411,0.3076166808605194,1080000,0.0,0.0
2019-08-28 00:00:00+08:00,0.30761668297387684,0.30761668297387684,0.3042362630367279,0.3042362630367279,963600,0.0,0.0
2019-08-29 00:00:00+08:00,0.30761668297387684,0.30761668297387684,0.300855863248351,0.3042362630367279,698500,0.0,0.0
2019-08-30 00:00:00+08:00,0.30761668297387684,0.30761668297387684,0.3042362630367279,0.3042362630367279,1049300,0.0,0.0
2019-09-02 00:00:00+08:00,0.3076166808605194,0.3109970806256726,0.3042362609465943,0.3076166808605194,354000,0.0,0.0
2019-09-03 00:00:00+08:00,0.3042362630367279,0.3109970827622537,0.3042362630367279,0.3042362630367279,378800,0.0,0.0
2019-09-04 00:00:00+08:00,0.3076166987228684,0.3109970986843109,0.30423627861265273,0.3109970986843109,533700,0.0,0.0
2019-09-05 00:00:00+08:00,0.3076166987228684,0.3109970986843109,0.3076166987228684,0.3109970986843109,386700,0.0,0.0
2019-09-06 00:00:00+08:00,0.3109970827622537,0.3109970827622537,0.300855863248351,0.3042362630367279,2161300,0.0,0.0
2019-09-09 00:00:00+08:00,0.300855863248351,0.3042362630367279,0.300855863248351,0.3042362630367279,236100,0.0,0.0
2019-09-10 00:00:00+08:00,0.3008558452129364,0.30423624479866834,0.3008558452129364,0.3008558452129364,480200,0.0,0.0
2019-09-11 00:00:00+08:00,0.3008558611814411,0.3076166808605194,0.3008558611814411,0.3076166808605194,1692400,0.0,0.0
2019-09-12 00:00:00+08:00,0.3042362609465943,0.3076166808605194,0.3042362609465943,0.3076166808605194,165400,0.0,0.0
2019-09-13 00:00:00+08:00,0.30423624479866834,0.30423624479866834,0.3008558452129364,0.3008558452129364,494300,0.0,0.0
2019-09-16 00:00:00+08:00,0.3042362630367279,0.30761668297387684,0.300855863248351,0.3042362630367279,209000,0.0,0.0
2019-09-17 00:00:00+08:00,0.30423624479866834,0.30761666453317116,0.3008558452129364,0.3008558452129364,271500,0.0,0.0
2019-09-18 00:00:00+08:00,0.300855863248351,0.30761668297387684,0.300855863248351,0.3042362630367279,2896400,0.0,0.0
2019-09-19 00:00:00+08:00,0.3042362630367279,0.30761668297387684,0.3042362630367279,0.3042362630367279,133000,0.0,0.0
2019-09-20 00:00:00+08:00,0.3076166808605194,0.3076166808605194,0.3042362609465943,0.3076166808605194,417200,0.0,0.0
2019-09-23 00:00:00+08:00,0.30761668297387684,0.30761668297387684,0.3042362630367279,0.3042362630367279,56200,0.0,0.0
2019-09-24 00:00:00+08:00,0.30423627861265273,0.3109970986843109,0.30423627861265273,0.3109970986843109,568600,0.0,0.0
2019-09-25 00:00:00+08:00,0.3076166808605194,0.3076166808605194,0.3042362609465943,0.3076166808605194,112600,0.0,0.0
2019-09-26 00:00:00+08:00,0.3042362609465943,0.3076166808605194,0.3042362609465943,0.3076166808605194,119900,0.0,0.0
2019-09-27 00:00:00+08:00,0.30423624479866834,0.30761666453317116,0.3008558452129364,0.3008558452129364,1056000,0.0,0.0
2019-09-30 00:00:00+08:00,0.3042362609465943,0.3076166808605194,0.3008558611814411,0.3076166808605194,474800,0.0,0.0
2019-10-01 00:00:00+08:00,0.3042362630367279,0.30761668297387684,0.3042362630367279,0.3042362630367279,771700,0.0,0.0
2019-10-02 00:00:00+08:00,0.30423624479866834,0.30761666453317116,0.3008558452129364,0.3008558452129364,222500,0.0,0.0
2019-10-03 00:00:00+08:00,0.3042362630367279,0.3042362630367279,0.300855863248351,0.3042362630367279,211900,0.0,0.0
2019-10-04 00:00:00+08:00,0.3008558452129364,0.30423624479866834,0.3008558452129364,0.3008558452129364,90900,0.0,0.0
2019-10-07 00:00:00+08:00,0.30423624479866834,0.30423624479866834,0.29747544562720446,0.3008558452129364,1187700,0.0,0.0
2019-10-08 00:00:00+08:00,0.300855863248351,0.3042362630367279,0.2974754634599741,0.3042362630367279,542000,0.0,0.0
2019-10-09 00:00:00+08:00,0.3042362609465943,0.3076166808605194,0.3008558611814411,0.3076166808605194,494100,0.0,0.0
2019-10-10 00:00:00+08:00,0.3076166808605194,0.3076166808605194,0.3042362609465943,0.3076166808605194,87700,0.0,0.0
2019-10-11 00:00:00+08:00,0.3042362609465943,0.3076166808605194,0.3042362609465943,0.3076166808605194,249200,0.0,0.0
2019-10-14 00:00:00+08:00,0.30761668297387684,0.30761668297387684,0.3042362630367279,0.3042362630367279,762600,0.0,0.0
2019-10-15 00:00:00+08:00,0.30761668297387684,0.30761668297387684,0.3042362630367279,0.3042362630367279,208400,0.0,0.0
2019-10-16 00:00:00+08:00,0.3042362630367279,0.30761668297387684,0.3042362630367279,0.3042362630367279,311500,0.0,0.0
2019-10-17 00:00:00+08:00,0.3042362630367279,0.3042362630367279,0.300855863248351,0.3042362630367279,162300,0.0,0.0
2019-10-18 00:00:00+08:00,0.300855863248351,0.30761668297387684,0.300855863248351,0.3042362630367279,451100,0.0,0.0
2019-10-21 00:00:00+08:00,0.3008558452129364,0.30423624479866834,0.3008558452129364,0.3008558452129364,199600,0.0,0.0
2019-10-22 00:00:00+08:00,0.3042362630367279,0.3042362630367279,0.300855863248351,0.3042362630367279,85600,0.0,0.0
2019-10-23 00:00:00+08:00,0.3008558452129364,0.30423624479866834,0.29747544562720446,0.3008558452129364,577000,0.0,0.0
2019-10-24 00:00:00+08:00,0.3008558611814411,0.3076166808605194,0.3008558611814411,0.3076166808605194,1033600,0.0,0.0
2019-10-25 00:00:00+08:00,0.3076166987228684,0.3109970986843109,0.30423627861265273,0.3109970986843109,349400,0.0,0.0
2019-10-29 00:00:00+08:00,0.3109970986843109,0.3109970986843109,0.3076166987228684,0.3109970986843109,627000,0.0,0.0
2019-10-30 00:00:00+08:00,0.3109970986843109,0.3109970986843109,0.3076166987228684,0.3109970986843109,566800,0.0,0.0
2019-10-31 00:00:00+08:00,0.3109970986843109,0.3143774986457535,0.3076166987228684,0.3109970986843109,1047300,0.0,0.0
2019-11-01 00:00:00+08:00,0.31292274594306946,0.3163614540584355,0.30948401733138625,0.31292274594306946,283500,0.0078,0.0
2019-11-04 00:00:00+08:00,0.3094840347766876,0.3129227635822085,0.3094840347766876,0.3094840347766876,295600,0.0,0.0
2019-11-05 00:00:00+08:00,0.30948401733138625,0.31292274594306946,0.3060453092160202,0.31292274594306946,670000,0.0,0.0
2019-11-06 00:00:00+08:00,0.3129227635822085,0.31636147189141106,0.3094840347766876,0.3094840347766876,652800,0.0,0.0
2019-11-07 00:00:00+08:00,0.3094840347766876,0.3129227635822085,0.3094840347766876,0.3094840347766876,254500,0.0,0.0
2019-11-08 00:00:00+08:00,0.30948401733138625,0.31292274594306946,0.3060453092160202,0.31292274594306946,224300,0.0,0.0
2019-11-11 00:00:00+08:00,0.3129227635822085,0.3129227635822085,0.30604532646748506,0.3094840347766876,496800,0.0,0.0
2019-11-12 00:00:00+08:00,0.3094840347766876,0.3129227635822085,0.3094840347766876,0.3094840347766876,286200,0.0,0.0
2019-11-13 00:00:00+08:00,0.3129227635822085,0.31636147189141106,0.3094840347766876,0.3094840347766876,641500,0.0,0.0
2019-11-14 00:00:00+08:00,0.31292269000415324,0.3163613975048065,0.31292269000415324,0.3163613975048065,1617500,0.0,0.0
2019-11-15 00:00:00+08:00,0.31980017412093725,0.3266775906085968,0.3163614658771075,0.3266775906085968,1935200,0.0,0.0
2019-11-18 00:00:00+08:00,0.32323888236476706,0.3266775906085968,0.32323888236476706,0.3266775906085968,1528700,0.0,0.0
2019-11-19 00:00:00+08:00,0.3266775906085968,0.3266775906085968,0.32323888236476706,0.3266775906085968,834300,0.0,0.0
2019-11-20 00:00:00+08:00,0.32323887944221497,0.32667758765495375,0.3198001712294761,0.32323887944221497,459000,0.0,0.0
2019-11-21 00:00:00+08:00,0.3232388764568124,0.3232388764568124,0.31980016827583313,0.31980016827583313,2232200,0.0,0.0
2019-11-22 00:00:00+08:00,0.32323887944221497,0.32323887944221497,0.3163614630167373,0.32323887944221497,879800,0.0,0.0
2019-11-25 00:00:00+08:00,0.3198001712294761,0.32323887944221497,0.3163614630167373,0.32323887944221497,197000,0.0,0.0
2019-11-26 00:00:00+08:00,0.3198001712294761,0.32323887944221497,0.3198001712294761,0.32323887944221497,396800,0.0,0.0
2019-11-27 00:00:00+08:00,0.32323887944221497,0.32323887944221497,0.3198001712294761,0.32323887944221497,297600,0.0,0.0
2019-11-28 00:00:00+08:00,0.31980016827583313,0.3232388764568124,0.31980016827583313,0.31980016827583313,67600,0.0,0.0
2019-11-29 00:00:00+08:00,0.3198001712294761,0.32323887944221497,0.3198001712294761,0.32323887944221497,195600,0.0,0.0
2019-12-02 00:00:00+08:00,0.31980016827583313,0.3232388764568124,0.31980016827583313,0.31980016827583313,298600,0.0,0.0
2019-12-03 00:00:00+08:00,0.32323887944221497,0.32323887944221497,0.3198001712294761,0.32323887944221497,144600,0.0,0.0
2019-12-04 00:00:00+08:00,0.3198001712294761,0.32323887944221497,0.3198001712294761,0.32323887944221497,171300,0.0,0.0
2019-12-05 00:00:00+08:00,0.3198001712294761,0.32323887944221497,0.3198001712294761,0.32323887944221497,214800,0.0,0.0
2019-12-06 00:00:00+08:00,0.32323887944221497,0.32323887944221497,0.3198001712294761,0.32323887944221497,262200,0.0,0.0
2019-12-09 00:00:00+08:00,0.32323888236476706,0.3266775906085968,0.32323888236476706,0.3266775906085968,413000,0.0,0.0
2019-12-10 00:00:00+08:00,0.3266775846377917,0.3335550214960677,0.31980016827583313,0.31980016827583313,2548000,0.0,0.0
2019-12-11 00:00:00+08:00,0.32323888236476706,0.3266775906085968,0.31980017412093725,0.3266775906085968,670000,0.0,0.0
2019-12-12 00:00:00+08:00,0.3266775846377917,0.3266775846377917,0.3163614600948539,0.31980016827583313,2368700,0.0,0.0
2019-12-13 00:00:00+08:00,0.31980010500545986,0.31980010500545986,0.31292269000415324,0.3163613975048065,2883200,0.0,0.0
2019-12-16 00:00:00+08:00,0.3163614540584355,0.3198001621738016,0.31292274594306946,0.31292274594306946,792100,0.0,0.0
2019-12-17 00:00:00+08:00,0.3163614540584355,0.3163614540584355,0.31292274594306946,0.31292274594306946,691700,0.0,0.0
2019-12-18 00:00:00+08:00,0.31292269000415324,0.3163613975048065,0.3094839620071864,0.3163613975048065,2561900,0.0,0.0
2019-12-19 00:00:00+08:00,0.3163613975048065,0.31980010500545986,0.3163613975048065,0.3163613975048065,464000,0.0,0.0
2019-12-20 00:00:00+08:00,0.31980010500545986,0.31980010500545986,0.31292269000415324,0.3163613975048065,3339700,0.0,0.0
2019-12-23 00:00:00+08:00,0.3163614540584355,0.3163614540584355,0.31292274594306946,0.31292274594306946,195600,0.0,0.0
2019-12-24 00:00:00+08:00,0.31292274594306946,0.3163614540584355,0.31292274594306946,0.31292274594306946,157500,0.0,0.0
2019-12-25 00:00:00+08:00,0.31292274594306946,0.31292274594306946,0.31292274594306946,0.31292274594306946,0,0.0,0.0
2019-12-26 00:00:00+08:00,0.3163614540584355,0.3163614540584355,0.31292274594306946,0.31292274594306946,214500,0.0,0.0
2019-12-27 00:00:00+08:00,0.31292275191387464,0.31980016827583313,0.31292275191387464,0.31980016827583313,537800,0.0,0.0
2019-12-30 00:00:00+08:00,0.3198001712294761,0.32323887944221497,0.3198001712294761,0.32323887944221497,444500,0.0,0.0
2019-12-31 00:00:00+08:00,0.31980010500545986,0.31980010500545986,0.3163613975048065,0.3163613975048065,574200,0.0,0.0
2020-01-02 00:00:00+08:00,0.3163614630167373,0.32323887944221497,0.3163614630167373,0.32323887944221497,206200,0.0,0.0
2020-01-03 00:00:00+08:00,0.31980016827583313,0.3232388764568124,0.3163614600948539,0.31980016827583313,1150500,0.0,0.0
2020-01-06 00:00:00+08:00,0.3163614600948539,0.31980016827583313,0.3163614600948539,0.31980016827583313,1032000,0.0,0.0
2020-01-07 00:00:00+08:00,0.3163613975048065,0.3163613975048065,0.3163613975048065,0.3163613975048065,1653500,0.0,0.0
2020-01-08 00:00:00+08:00,0.3163613975048065,0.31980010500545986,0.3163613975048065,0.3163613975048065,793100,0.0,0.0
2020-01-09 00:00:00+08:00,0.3163614600948539,0.31980016827583313,0.3163614600948539,0.31980016827583313,331000,0.0,0.0
2020-01-10 00:00:00+08:00,0.3163613975048065,0.3163613975048065,0.31292269000415324,0.3163613975048065,1114000,0.0,0.0
2020-01-13 00:00:00+08:00,0.3163613975048065,0.3163613975048065,0.31292269000415324,0.3163613975048065,1267100,0.0,0.0
2020-01-14 00:00:00+08:00,0.3163613975048065,0.3163613975048065,0.3163613975048065,0.3163613975048065,1175200,0.0,0.0
2020-01-15 00:00:00+08:00,0.31980010500545986,0.31980010500545986,0.3163613975048065,0.3163613975048065,845100,0.0,0.0
2020-01-16 00:00:00+08:00,0.3163613975048065,0.31980010500545986,0.3163613975048065,0.3163613975048065,615900,0.0,0.0
2020-01-17 00:00:00+08:00,0.3198001712294761,0.32323887944221497,0.3163614630167373,0.32323887944221497,1095500,0.0,0.0
2020-01-20 00:00:00+08:00,0.32323881250611314,0.32323881250611314,0.3163613975048065,0.3163613975048065,773200,0.0,0.0
2020-01-21 00:00:00+08:00,0.3163614600948539,0.31980016827583313,0.3163614600948539,0.31980016827583313,1328700,0.0,0.0
2020-01-22 00:00:00+08:00,0.31980016827583313,0.31980016827583313,0.31292275191387464,0.31980016827583313,2384800,0.0,0.0
2020-01-23 00:00:00+08:00,0.3163614600948539,0.31980016827583313,0.31292275191387464,0.31980016827583313,814900,0.0,0.0
2020-01-24 00:00:00+08:00,0.31980016827583313,0.31980016827583313,0.3163614600948539,0.31980016827583313,155900,0.0,0.0
2020-01-28 00:00:00+08:00,0.31292274594306946,0.3163614540584355,0.30948401733138625,0.31292274594306946,3151700,0.0,0.0
2020-01-29 00:00:00+08:00,0.31292269000415324,0.3163613975048065,0.31292269000415324,0.3163613975048065,315200,0.0,0.0
2020-01-30 00:00:00+08:00,0.3163614600948539,0.31980016827583313,0.3163614600948539,0.31980016827583313,1833800,0.0,0.0
2020-01-31 00:00:00+08:00,0.3216883323813756,0.3251849412918091,0.31819172347094216,0.3251849412918091,1757000,0.0077,0.0
2020-02-03 00:00:00+08:00,0.3251849029084148,0.3251849029084148,0.32168829441070557,0.32168829441070557,1903800,0.0,0.0
2020-02-04 00:00:00+08:00,0.3216883323813756,0.3251849412918091,0.3216883323813756,0.3251849412918091,187900,0.0,0.0
2020-02-05 00:00:00+08:00,0.3216883323813756,0.3251849412918091,0.31819172347094216,0.3251849412918091,713100,0.0,0.0
2020-02-06 00:00:00+08:00,0.3216883323813756,0.32868155020224255,0.3216883323813756,0.3251849412918091,3695000,0.0,0.0
2020-02-07 00:00:00+08:00,0.3251849029084148,0.328681511406124,0.32168829441070557,0.32168829441070557,252200,0.0,0.0
2020-02-10 00:00:00+08:00,0.3216883323813756,0.3251849412918091,0.31819172347094216,0.3251849412918091,552900,0.0,0.0
2020-02-11 00:00:00+08:00,0.3251849412918091,0.3251849412918091,0.3216883323813756,0.3251849412918091,71700,0.0,0.0
2020-02-12 00:00:00+08:00,0.3251849412918091,0.3251849412918091,0.3216883323813756,0.3251849412918091,298400,0.0,0.0
2020-02-13 00:00:00+08:00,0.3216883323813756,0.32868155020224255,0.3216883323813756,0.3251849412918091,579000,0.0,0.0
2020-02-14 00:00:00+08:00,0.3251849412918091,0.32868155020224255,0.3216883323813756,0.3251849412918091,396100,0.0,0.0
2020-02-17 00:00:00+08:00,0.3251849412918091,0.32868155020224255,0.3251849412918091,0.3251849412918091,195500,0.0,0.0
2020-02-18 00:00:00+08:00,0.32868155020224255,0.32868155020224255,0.3251849412918091,0.3251849412918091,207500,0.0,0.0
2020-02-19 00:00:00+08:00,0.3251849029084148,0.3251849029084148,0.32168829441070557,0.32168829441070557,83200,0.0,0.0
2020-02-20 00:00:00+08:00,0.32168829441070557,0.3251849029084148,0.32168829441070557,0.32168829441070557,408500,0.0,0.0
2020-02-21 00:00:00+08:00,0.32168829441070557,0.3251849029084148,0.32168829441070557,0.32168829441070557,632600,0.0,0.0
2020-02-24 00:00:00+08:00,0.32168828573533625,0.32518489413874807,0.31819167733192444,0.31819167733192444,415700,0.0,0.0
2020-02-25 00:00:00+08:00,0.3181916859129964,0.3251849029084148,0.3181916859129964,0.32168829441070557,221900,0.0,0.0
2020-02-26 00:00:00+08:00,0.32168829441070557,0.3251849029084148,0.3181916859129964,0.32168829441070557,445500,0.0,0.0
2020-02-27 00:00:00+08:00,0.31819174990008625,0.31819174990008625,0.3111985106569247,0.3146951198577881,3075000,0.0,0.0
2020-02-28 00:00:00+08:00,0.3111985106569247,0.3146951198577881,0.30420529225519805,0.3146951198577881,1481900,0.0,0.0
2020-03-02 00:00:00+08:00,0.31119846458106093,0.31119846458106093,0.30420524721474596,0.30770185589790344,613800,0.0,0.0
2020-03-03 00:00:00+08:00,0.30770189366665945,0.3146951118913544,0.30770189366665945,0.31119850277900696,779000,0.0,0.0
2020-03-04 00:00:00+08:00,0.3111985106569247,0.3146951198577881,0.3111985106569247,0.3146951198577881,1241800,0.0,0.0
2020-03-05 00:00:00+08:00,0.31469505657385655,0.32168829441070557,0.31469505657385655,0.32168829441070557,770900,0.0,0.0
2020-03-06 00:00:00+08:00,0.31819174990008625,0.31819174990008625,0.3077019014560614,0.3146951198577881,387400,0.0,0.0
2020-03-09 00:00:00+08:00,0.3111984883986813,0.3111984883986813,0.27623237804953843,0.2832255959510803,3032100,0.0,0.0
2020-03-10 00:00:00+08:00,0.2797289739436323,0.2972120387228778,0.2797289739436323,0.2902188003063202,850800,0.0,0.0
2020-03-11 00:00:00+08:00,0.2972120610209742,0.2972120610209742,0.28672221302986145,0.28672221302986145,649100,0.0,0.0
2020-03-12 00:00:00+08:00,0.2832256066129238,0.2832256066129238,0.26574254035949707,0.26574254035949707,1207600,0.0,0.0
2020-03-13 00:00:00+08:00,0.2657425039205577,0.2657425039205577,0.2377696142556125,0.24825944006443024,2909200,0.0,0.0
2020-03-16 00:00:00+08:00,0.24476283392663012,0.2482594425647856,0.22378316125626574,0.23077639937400818,1381600,0.0,0.0
2020-03-17 00:00:00+08:00,0.22727978064595303,0.22727978064595303,0.21329334543169898,0.220286563038826,1282700,0.0,0.0
2020-03-18 00:00:00+08:00,0.220286563038826,0.220286563038826,0.220286563038826,0.220286563038826,0,0.0,0.0
2020-03-19 00:00:00+08:00,0.20979675835599193,0.20979675835599193,0.16434078709838215,0.16783739626407623,3850900,0.0,0.0
2020-03-20 00:00:00+08:00,0.16783736867772645,0.19231366007672632,0.16783736867772645,0.1853204220533371,5291300,0.0,0.0
2020-03-23 00:00:00+08:00,0.18182383459266543,0.18182383459266543,0.1573475507699169,0.1643407791852951,4492700,0.0,0.0
2020-03-24 00:00:00+08:00,0.16783736867772645,0.1853204220533371,0.16783736867772645,0.1853204220533371,2258200,0.0,0.0
2020-03-25 00:00:00+08:00,0.19930690825995068,0.2097967565059662,0.18881708085536958,0.2097967565059662,4047200,0.0,0.0
2020-03-26 00:00:00+08:00,0.2097967308003822,0.2097967308003822,0.19581027513321278,0.20280349254608154,1647900,0.0,0.0
2020-03-27 00:00:00+08:00,0.20630013421313523,0.21678998284983575,0.20630013421313523,0.21329337358474731,3331900,0.0,0.0
2020-03-30 00:00:00+08:00,0.2097967447906994,0.2097967447906994,0.19581028819084167,0.19581028819084167,1307700,0.0,0.0
2020-03-31 00:00:00+08:00,0.20280353007372295,0.20630013942718506,0.19930692072026088,0.20630013942718506,1736100,0.0,0.0
2020-04-01 00:00:00+08:00,0.20280350607005393,0.20280350607005393,0.18881707031162945,0.19581028819084167,4128800,0.0,0.0
2020-04-02 00:00:00+08:00,0.19581028676264592,0.19581028676264592,0.17483061243659695,0.1888170689344406,3205400,0.0,0.0
2020-04-03 00:00:00+08:00,0.18532044377775161,0.18881707362005848,0.1783272257760051,0.18182383477687836,5481100,0.0,0.0
2020-04-06 00:00:00+08:00,0.1818238134623581,0.1888170514857473,0.17483059628040007,0.1853204220533371,5682500,0.0,0.0
2020-04-07 00:00:00+08:00,0.18881707031162945,0.19581028819084167,0.1853204405305901,0.19581028819084167,5928500,0.0,0.0
2020-04-08 00:00:00+08:00,0.1888170514857473,0.19231366007672632,0.1853204220533371,0.1853204220533371,6569600,0.0,0.0
2020-04-09 00:00:00+08:00,0.18881707031162945,0.1993068971304478,0.1853204405305901,0.19581028819084167,9494900,0.0,0.0
2020-04-13 00:00:00+08:00,0.1993068903684616,0.2063001080104114,0.18881706390553696,0.1993068903684616,3146400,0.0,0.0
2020-04-14 00:00:00+08:00,0.19930688937601246,0.22378317184238952,0.19930688937601246,0.220286563038826,4272000,0.0,0.0
2020-04-15 00:00:00+08:00,0.22378316125626574,0.23776961665031915,0.22028655261811025,0.23077639937400818,3166400,0.0,0.0
2020-04-16 00:00:00+08:00,0.22378318011760712,0.23077641882476765,0.22028657118474343,0.22378318011760712,1803700,0.0,0.0
2020-04-17 00:00:00+08:00,0.22727979719638824,0.23077642709600757,0.2237831881382029,0.22727979719638824,2242800,0.0,0.0
2020-04-20 00:00:00+08:00,0.2237831881382029,0.22727979719638824,0.2237831881382029,0.22727979719638824,1088600,0.0,0.0
2020-04-21 00:00:00+08:00,0.2272798106451011,0.2272798106451011,0.20979676431965885,0.21329337358474731,2904000,0.0,0.0
2020-04-22 00:00:00+08:00,0.2063001069831395,0.220286563038826,0.20280349817957596,0.220286563038826,1449300,0.0,0.0
2020-04-23 00:00:00+08:00,0.22028653948863497,0.22028653948863497,0.21329332262913236,0.21678993105888367,615100,0.0,0.0
2020-04-24 00:00:00+08:00,0.21329335331901608,0.22378318011760712,0.21329335331901608,0.22378318011760712,1607800,0.0,0.0
2020-04-27 00:00:00+08:00,0.22378317184238952,0.22378317184238952,0.21329334543169898,0.220286563038826,970800,0.0,0.0
2020-04-28 00:00:00+08:00,0.22028653948863497,0.22028653948863497,0.21329332262913236,0.21678993105888367,970800,0.0,0.0
2020-04-29 00:00:00+08:00,0.21678995423526248,0.22378317184238952,0.21678995423526248,0.220286563038826,679600,0.0,0.0
2020-04-30 00:00:00+08:00,0.2237831881382029,0.23427303615419293,0.2237831881382029,0.22727979719638824,2231300,0.0,0.0
2020-05-04 00:00:00+08:00,0.22028657118474343,0.22378318011760712,0.21678996225187977,0.22378318011760712,370100,0.0,0.0
2020-05-05 00:00:00+08:00,0.22378316125626574,0.23077639937400818,0.22378316125626574,0.23077639937400818,1006200,0.0,0.0
2020-05-06 00:00:00+08:00,0.23077641882476765,0.23077641882476765,0.22378318011760712,0.22378318011760712,567000,0.0,0.0
2020-05-08 00:00:00+08:00,0.22727979719638824,0.23077642709600757,0.2237831881382029,0.22727979719638824,765900,0.0,0.0
2020-05-11 00:00:00+08:00,0.22727976989442122,0.23427300801216366,0.22378316125626574,0.23077639937400818,1104900,0.0,0.0
2020-05-12 00:00:00+08:00,0.23077639937400818,0.23427300801216366,0.22727976989442122,0.23077639937400818,1219000,0.0,0.0
2020-05-13 00:00:00+08:00,0.23077642709600757,0.23077642709600757,0.2237831881382029,0.22727979719638824,1112500,0.0,0.0
2020-05-14 00:00:00+08:00,0.22727978905047078,0.22727978905047078,0.22378318011760712,0.22378318011760712,556800,0.0,0.0
2020-05-15 00:00:00+08:00,0.22727978905047078,0.22727978905047078,0.22028657118474343,0.22378318011760712,2007200,0.0,0.0
2020-05-18 00:00:00+08:00,0.22378317184238952,0.22727978064595303,0.220286563038826,0.220286563038826,838400,0.0,0.0
2020-05-19 00:00:00+08:00,0.22378318011760712,0.22727978905047078,0.22028657118474343,0.22378318011760712,1716400,0.0,0.0
2020-05-20 00:00:00+08:00,0.2237831881382029,0.22727979719638824,0.22028657908001753,0.22727979719638824,1153700,0.0,0.0
2020-05-21 00:00:00+08:00,0.22378316125626574,0.23427300801216366,0.22378316125626574,0.23077639937400818,2819700,0.0,0.0
2020-05-22 00:00:00+08:00,0.22727979719638824,0.22727979719638824,0.2237831881382029,0.22727979719638824,524500,0.0,0.0
2020-05-26 00:00:00+08:00,0.22727976989442122,0.23427300801216366,0.22727976989442122,0.23077639937400818,934200,0.0,0.0
2020-05-27 00:00:00+08:00,0.23077642709600757,0.23427303615419293,0.2237831881382029,0.22727979719638824,1921900,0.0,0.0
2020-05-28 00:00:00+08:00,0.23077642709600757,0.23077642709600757,0.22727979719638824,0.22727979719638824,1789200,0.0,0.0
2020-05-29 00:00:00+08:00,0.22727976989442122,0.23427300801216366,0.22378316125626574,0.23077639937400818,3443900,0.0,0.0
2020-06-01 00:00:00+08:00,0.23077642236741047,0.23427303135395047,0.23077642236741047,0.2342730313539505,2786100,0.0,0.0
2020-06-02 00:00:00+08:00,0.23427303063304095,0.26574253225649613,0.23427303063304095,0.26224592328071594,3503500,0.0,0.0
2020-06-03 00:00:00+08:00,0.2657424933267056,0.2657424933267056,0.2517560594725193,0.2587492763996124,2241200,0.0,0.0
2020-06-04 00:00:00+08:00,0.25874931430493575,0.26224592328071594,0.25175609635337537,0.26224592328071594,1347200,0.0,0.0
2020-06-05 00:00:00+08:00,0.26224587601189087,0.26224587601189087,0.2552526593208313,0.2552526593208313,1248900,0.0,0.0
2020-06-08 00:00:00+08:00,0.25874931430493575,0.26574253225649613,0.25874931430493575,0.26224592328071594,4519300,0.0,0.0
2020-06-09 00:00:00+08:00,0.26224593127709855,0.2692391494418956,0.25874932219470004,0.26574254035949707,2128500,0.0,0.0
2020-06-10 00:00:00+08:00,0.26574253225649613,0.2692391412322763,0.26224592328071594,0.26224592328071594,1125500,0.0,0.0
2020-06-11 00:00:00+08:00,0.26224588486315903,0.26224588486315903,0.2517560594725193,0.2587492763996124,3410400,0.0,0.0
2020-06-12 00:00:00+08:00,0.2482594425647856,0.25175607204437256,0.2482594425647856,0.25175607204437256,1813800,0.0,0.0
2020-06-15 00:00:00+08:00,0.2517560509753015,0.2552526593208313,0.248259421788342,0.2552526593208313,993100,0.0,0.0
2020-06-16 00:00:00+08:00,0.25525270532915556,0.26224592328071594,0.25175609635337537,0.26224592328071594,1895700,0.0,0.0
2020-06-17 00:00:00+08:00,0.2587492763996124,0.26224588486315903,0.2552526679360658,0.2587492763996124,533800,0.0,0.0
2020-06-18 00:00:00+08:00,0.2552526679360658,0.2587492763996124,0.2552526679360658,0.2587492763996124,589200,0.0,0.0
2020-06-19 00:00:00+08:00,0.2552526679360658,0.2587492763996124,0.2517560594725193,0.2587492763996124,2893800,0.0,0.0
2020-06-22 00:00:00+08:00,0.2587492867146792,0.2587492867146792,0.244762831461491,0.24825944006443024,2094900,0.0,0.0
2020-06-23 00:00:00+08:00,0.2517560509753015,0.2552526593208313,0.2447628134428122,0.2552526593208313,8014700,0.0,0.0
2020-06-24 00:00:00+08:00,0.25175606950880075,0.25525267811173996,0.24825944006443024,0.24825944006443024,806700,0.0,0.0
2020-06-25 00:00:00+08:00,0.24825944006443024,0.25175606950880075,0.244762831461491,0.24825944006443024,755000,0.0,0.0
2020-06-26 00:00:00+08:00,0.25175606950880075,0.25175606950880075,0.24825944006443024,0.24825944006443024,558700,0.0,0.0
2020-06-29 00:00:00+08:00,0.2447628527879715,0.24825946169557447,0.24126624388036852,0.2447628527879715,884700,0.0,0.0
2020-06-30 00:00:00+08:00,0.2447628527879715,0.24825946169557447,0.2447628527879715,0.2447628527879715,556700,0.0,0.0
2020-07-01 00:00:00+08:00,0.24825944006443024,0.24825944006443024,0.24825944006443024,0.24825944006443024,444900,0.0,0.0
2020-07-02 00:00:00+08:00,0.248259421788342,0.2552526593208313,0.2447628134428122,0.2552526593208313,776400,0.0,0.0
2020-07-03 00:00:00+08:00,0.25525268068252804,0.25525268068252804,0.2482594425647856,0.25175607204437256,417400,0.0,0.0
2020-07-06 00:00:00+08:00,0.25175607204437256,0.25175607204437256,0.2482594425647856,0.25175607204437256,887900,0.0,0.0
2020-07-07 00:00:00+08:00,0.25175607204437256,0.25525268068252804,0.2482594425647856,0.25175607204437256,900500,0.0,0.0
2020-07-08 00:00:00+08:00,0.2482594425647856,0.25525268068252804,0.2482594425647856,0.25175607204437256,1173400,0.0,0.0
2020-07-09 00:00:00+08:00,0.25175607204437256,0.25525268068252804,0.2482594425647856,0.25175607204437256,1852500,0.0,0.0
2020-07-13 00:00:00+08:00,0.25175607204437256,0.25175607204437256,0.2482594425647856,0.25175607204437256,351500,0.0,0.0
2020-07-14 00:00:00+08:00,0.2482594425647856,0.25525268068252804,0.2482594425647856,0.25175607204437256,1336200,0.0,0.0
2020-07-15 00:00:00+08:00,0.25175607204437256,0.25525268068252804,0.2482594425647856,0.25175607204437256,2536500,0.0,0.0
2020-07-16 00:00:00+08:00,0.25175607204437256,0.25175607204437256,0.25175607204437256,0.25175607204437256,0,0.0,0.0
2020-07-17 00:00:00+08:00,0.25175610402990295,0.2692391494418956,0.25175610402990295,0.26574254035949707,6599800,0.0,0.0
2020-07-20 00:00:00+08:00,0.26574254035949707,0.2692391494418956,0.25874932219470004,0.26574254035949707,4393600,0.0,0.0
2020-07-21 00:00:00+08:00,0.26574254035949707,0.2692391494418956,0.26574254035949707,0.26574254035949707,2635600,0.0,0.0
2020-07-22 00:00:00+08:00,0.26574254825203064,0.2692391574382782,0.26574254825203064,0.2692391574382782,2177200,0.0,0.0
2020-07-23 00:00:00+08:00,0.2690267591843852,0.27964624762535095,0.26548693673706525,0.27964624762535095,2326200,0.0047,0.0
2020-07-24 00:00:00+08:00,0.2761064316915973,0.2761064316915973,0.26548696328761656,0.2690267860889435,3646400,0.0,0.0
2020-07-27 00:00:00+08:00,0.2690267860889435,0.2725666088902704,0.26548696328761656,0.2690267860889435,2061100,0.0,0.0
2020-07-28 00:00:00+08:00,0.2690267860889435,0.2725666088902704,0.2690267860889435,0.2690267860889435,1467700,0.0,0.0
2020-07-29 00:00:00+08:00,0.2690267642192957,0.2725665867328644,0.2690267642192957,0.2725665867328644,1443600,0.0,0.0
2020-07-30 00:00:00+08:00,0.2725666088902704,0.2725666088902704,0.26548696328761656,0.2690267860889435,1388500,0.0,0.0
2020-08-03 00:00:00+08:00,0.2725665867328644,0.27610640924643304,0.26548694170572706,0.2725665867328644,960900,0.0,0.0
2020-08-04 00:00:00+08:00,0.2690267860889435,0.2690267860889435,0.26548696328761656,0.2690267860889435,214100,0.0,0.0
2020-08-05 00:00:00+08:00,0.2690267860889435,0.2690267860889435,0.26194714048628964,0.2690267860889435,1101900,0.0,0.0
2020-08-06 00:00:00+08:00,0.2654869175861086,0.2654869175861086,0.2619470953941345,0.2619470953941345,652200,0.0,0.0
2020-08-07 00:00:00+08:00,0.2619470953941345,0.2619470953941345,0.2619470953941345,0.2619470953941345,548200,0.0,0.0
2020-08-11 00:00:00+08:00,0.2619470568162202,0.2619470568162202,0.25840723514556885,0.25840723514556885,635900,0.0,0.0
2020-08-12 00:00:00+08:00,0.2584072732021605,0.2619470953941345,0.2584072732021605,0.2619470953941345,275600,0.0,0.0
2020-08-13 00:00:00+08:00,0.25840723514556885,0.2619470568162202,0.25840723514556885,0.25840723514556885,662500,0.0,0.0
2020-08-14 00:00:00+08:00,0.2619470568162202,0.2619470568162202,0.25840723514556885,0.25840723514556885,505800,0.0,0.0
2020-08-17 00:00:00+08:00,0.2584072732021605,0.2619470953941345,0.2584072732021605,0.2619470953941345,601800,0.0,0.0
2020-08-18 00:00:00+08:00,0.2619470953941345,0.2654869175861086,0.2584072732021605,0.2619470953941345,868700,0.0,0.0
2020-08-19 00:00:00+08:00,0.2619471329433054,0.2654869556427002,0.2619471329433054,0.2654869556427002,181600,0.0,0.0
2020-08-20 00:00:00+08:00,0.2619471329433054,0.2654869556427002,0.2619471329433054,0.2654869556427002,602500,0.0,0.0
2020-08-21 00:00:00+08:00,0.2619470953941345,0.2654869175861086,0.2619470953941345,0.2619470953941345,216500,0.0,0.0
2020-08-24 00:00:00+08:00,0.2619470953941345,0.2654869175861086,0.2619470953941345,0.2619470953941345,286200,0.0,0.0
2020-08-25 00:00:00+08:00,0.26548696328761656,0.2690267860889435,0.26194714048628964,0.2690267860889435,637400,0.0,0.0
2020-08-26 00:00:00+08:00,0.2654869556427002,0.2654869556427002,0.2654869556427002,0.2654869556427002,63000,0.0,0.0
2020-08-27 00:00:00+08:00,0.2690267397780826,0.2690267397780826,0.2584072732021605,0.2619470953941345,1967400,0.0,0.0
2020-08-28 00:00:00+08:00,0.2654869175861086,0.2654869175861086,0.2584072732021605,0.2619470953941345,652100,0.0,0.0
2020-08-31 00:00:00+08:00,0.2619470953941345,0.2690267397780826,0.2584072732021605,0.2619470953941345,2225300,0.0,0.0
2020-09-01 00:00:00+08:00,0.2619470953941345,0.2654869175861086,0.2619470953941345,0.2619470953941345,1234100,0.0,0.0
2020-09-02 00:00:00+08:00,0.26194714048628964,0.2690267860889435,0.26194714048628964,0.2690267860889435,1100100,0.0,0.0
2020-09-03 00:00:00+08:00,0.2654869556427002,0.269026778342095,0.2654869556427002,0.2654869556427002,340100,0.0,0.0
2020-09-04 00:00:00+08:00,0.2619471329433054,0.2654869556427002,0.2619471329433054,0.2654869556427002,296000,0.0,0.0
2020-09-07 00:00:00+08:00,0.2654869556427002,0.269026778342095,0.2619471329433054,0.2654869556427002,137200,0.0,0.0
2020-09-08 00:00:00+08:00,0.26548696328761656,0.2690267860889435,0.26194714048628964,0.2690267860889435,735500,0.0,0.0
2020-09-09 00:00:00+08:00,0.2654869556427002,0.2654869556427002,0.2619471329433054,0.2654869556427002,490200,0.0,0.0
2020-09-10 00:00:00+08:00,0.2654869556427002,0.2654869556427002,0.2619471329433054,0.2654869556427002,1833200,0.0,0.0
2020-09-11 00:00:00+08:00,0.2619471329433054,0.2654869556427002,0.2619471329433054,0.2654869556427002,583200,0.0,0.0
2020-09-14 00:00:00+08:00,0.2619471329433054,0.2654869556427002,0.2619471329433054,0.2654869556427002,484800,0.0,0.0
2020-09-15 00:00:00+08:00,0.2654869556427002,0.269026778342095,0.2619471329433054,0.2654869556427002,373400,0.0,0.0
2020-09-16 00:00:00+08:00,0.2654869556427002,0.2654869556427002,0.2619471329433054,0.2654869556427002,349200,0.0,0.0
2020-09-17 00:00:00+08:00,0.2654869556427002,0.2654869556427002,0.2619471329433054,0.2654869556427002,730500,0.0,0.0
2020-09-18 00:00:00+08:00,0.2619470953941345,0.2654869175861086,0.2619470953941345,0.2619470953941345,2053500,0.0,0.0
2020-09-21 00:00:00+08:00,0.2619471329433054,0.2654869556427002,0.2619471329433054,0.2654869556427002,257000,0.0,0.0
2020-09-22 00:00:00+08:00,0.2619470953941345,0.2654869175861086,0.2619470953941345,0.2619470953941345,244500,0.0,0.0
2020-09-23 00:00:00+08:00,0.2619470953941345,0.2654869175861086,0.2619470953941345,0.2619470953941345,616600,0.0,0.0
2020-09-24 00:00:00+08:00,0.2654869556427002,0.2654869556427002,0.2619471329433054,0.2654869556427002,858700,0.0,0.0
2020-09-25 00:00:00+08:00,0.2619470953941345,0.2619470953941345,0.2584072732021605,0.2619470953941345,704800,0.0,0.0
2020-09-28 00:00:00+08:00,0.2619470953941345,0.2654869175861086,0.2584072732021605,0.2619470953941345,338800,0.0,0.0
2020-09-29 00:00:00+08:00,0.2619471090571899,0.2619471090571899,0.24424797607513543,0.25486746430397034,2744100,0.0,0.0
2020-09-30 00:00:00+08:00,0.2548674134749174,0.25840723514556885,0.2548674134749174,0.25840723514556885,396300,0.0,0.0
2020-10-01 00:00:00+08:00,0.2548674134749174,0.25840723514556885,0.2548674134749174,0.25840723514556885,425600,0.0,0.0
2020-10-02 00:00:00+08:00,0.25840723514556885,0.25840723514556885,0.2548674134749174,0.25840723514556885,62200,0.0,0.0
2020-10-05 00:00:00+08:00,0.25486746430397034,0.25486746430397034,0.2513276208283549,0.25486746430397034,380100,0.0,0.0
2020-10-06 00:00:00+08:00,0.2513276208283549,0.25486746430397034,0.2513276208283549,0.25486746430397034,829400,0.0,0.0
2020-10-07 00:00:00+08:00,0.2513276208283549,0.25486746430397034,0.2513276208283549,0.25486746430397034,113100,0.0,0.0
2020-10-08 00:00:00+08:00,0.2513276208283549,0.25486746430397034,0.24778779845174517,0.25486746430397034,1248400,0.0,0.0
2020-10-09 00:00:00+08:00,0.25486746430397034,0.25486746430397034,0.2513276208283549,0.25486746430397034,278300,0.0,0.0
2020-10-12 00:00:00+08:00,0.25486746430397034,0.25486746430397034,0.2513276208283549,0.25486746430397034,102000,0.0,0.0
2020-10-13 00:00:00+08:00,0.25486746430397034,0.2584072866805801,0.2513276208283549,0.25486746430397034,434300,0.0,0.0
2020-10-14 00:00:00+08:00,0.2548674472947801,0.2548674472947801,0.25132760405540466,0.25132760405540466,152500,0.0,0.0
2020-10-15 00:00:00+08:00,0.2548674472947801,0.25840726943515135,0.25132760405540466,0.25132760405540466,273500,0.0,0.0
2020-10-16 00:00:00+08:00,0.2513276208283549,0.25486746430397034,0.2513276208283549,0.25486746430397034,269700,0.0,0.0
2020-10-19 00:00:00+08:00,0.25486746430397034,0.25486746430397034,0.2513276208283549,0.25486746430397034,517500,0.0,0.0
2020-10-20 00:00:00+08:00,0.2513276208283549,0.2584072866805801,0.2513276208283549,0.25486746430397034,852600,0.0,0.0
2020-10-21 00:00:00+08:00,0.2548674472947801,0.2548674472947801,0.25132760405540466,0.25132760405540466,17500,0.0,0.0
2020-10-22 00:00:00+08:00,0.2513276208283549,0.25486746430397034,0.2513276208283549,0.25486746430397034,649400,0.0,0.0
2020-10-23 00:00:00+08:00,0.25486746430397034,0.25486746430397034,0.25486746430397034,0.25486746430397034,0,0.0,0.0
2020-10-26 00:00:00+08:00,0.25132760405540466,0.2548674472947801,0.24778778191503342,0.25132760405540466,832100,0.0,0.0
2020-10-27 00:00:00+08:00,0.2513275956308774,0.2513275956308774,0.24778777360916138,0.24778777360916138,180700,0.0,0.0
2020-10-28 00:00:00+08:00,0.24778778191503342,0.25132760405540466,0.24778778191503342,0.25132760405540466,429600,0.0,0.0
2020-10-29 00:00:00+08:00,0.24778782553101902,0.2513276482944752,0.24070818000410668,0.24424800276756287,1587000,0.0,0.0
2020-10-30 00:00:00+08:00,0.24424795158744536,0.24778777360916138,0.24424795158744536,0.24778777360916138,948600,0.0,0.0
2020-11-02 00:00:00+08:00,0.24778777360916138,0.24778777360916138,0.24424795158744536,0.24778777360916138,166800,0.0,0.0
2020-11-03 00:00:00+08:00,0.24424795158744536,0.24778777360916138,0.24424795158744536,0.24778777360916138,269900,0.0,0.0
2020-11-04 00:00:00+08:00,0.24778777360916138,0.24778777360916138,0.24424795158744536,0.24778777360916138,177300,0.0,0.0
2020-11-05 00:00:00+08:00,0.24778778191503342,0.25132760405540466,0.24778778191503342,0.25132760405540466,297800,0.0,0.0
2020-11-06 00:00:00+08:00,0.24778778191503342,0.25132760405540466,0.24778778191503342,0.25132760405540466,111900,0.0,0.0
2020-11-09 00:00:00+08:00,0.24778778191503342,0.25132760405540466,0.24778778191503342,0.25132760405540466,223500,0.0,0.0
2020-11-10 00:00:00+08:00,0.2513276208283549,0.25486746430397034,0.24778779845174517,0.25486746430397034,148400,0.0,0.0
2020-11-11 00:00:00+08:00,0.25486746430397034,0.25486746430397034,0.2513276208283549,0.25486746430397034,340300,0.0,0.0
2020-11-12 00:00:00+08:00,0.25132760405540466,0.25840726943515135,0.25132760405540466,0.25132760405540466,610300,0.0,0.0
2020-11-13 00:00:00+08:00,0.25132760405540466,0.25132760405540466,0.24778778191503342,0.25132760405540466,684200,0.0,0.0
2020-11-16 00:00:00+08:00,0.24778778191503342,0.25132760405540466,0.24778778191503342,0.25132760405540466,652800,0.0,0.0
2020-11-17 00:00:00+08:00,0.24778778191503342,0.25132760405540466,0.24778778191503342,0.25132760405540466,3732800,0.0,0.0
2020-11-18 00:00:00+08:00,0.25132760405540466,0.25132760405540466,0.24778778191503342,0.25132760405540466,1967700,0.0,0.0
2020-11-19 00:00:00+08:00,0.24778777360916138,0.2513275956308774,0.24778777360916138,0.24778777360916138,2154800,0.0,0.0
2020-11-20 00:00:00+08:00,0.24778777360916138,0.2513275956308774,0.24424795158744536,0.24778777360916138,4608400,0.0,0.0
2020-11-23 00:00:00+08:00,0.24778779845174517,0.25486746430397034,0.24778779845174517,0.25486746430397034,2661400,0.0,0.0
2020-11-24 00:00:00+08:00,0.2548674472947801,0.2548674472947801,0.24778778191503342,0.25132760405540466,4313900,0.0,0.0
2020-11-25 00:00:00+08:00,0.25132760405540466,0.2548674472947801,0.24778778191503342,0.25132760405540466,6458400,0.0,0.0
2020-11-26 00:00:00+08:00,0.2513275956308774,0.2513275956308774,0.24778777360916138,0.24778777360916138,6265600,0.0,0.0
2020-11-27 00:00:00+08:00,0.2513275956308774,0.2513275956308774,0.24424795158744536,0.24778777360916138,4172200,0.0,0.0
2020-11-30 00:00:00+08:00,0.2477878250458114,0.251327647802336,0.2371683567762375,0.2371683567762375,17941400,0.0,0.0
2020-12-01 00:00:00+08:00,0.24070812956572932,0.24778777360916138,0.24070812956572932,0.24778777360916138,6183700,0.0,0.0
2020-12-02 00:00:00+08:00,0.24424800276756287,0.24778782553101902,0.24424800276756287,0.24424800276756287,957100,0.0,0.0
2020-12-03 00:00:00+08:00,0.24424795977466218,0.2548674472947801,0.24424795977466218,0.25132760405540466,4545500,0.0,0.0
2020-12-04 00:00:00+08:00,0.25132760405540466,0.25132760405540466,0.25132760405540466,0.25132760405540466,0,0.0,0.0
2020-12-07 00:00:00+08:00,0.24778782553101902,0.2513276482944752,0.24424800276756287,0.24424800276756287,3833800,0.0,0.0
2020-12-08 00:00:00+08:00,0.24778777360916138,0.24778777360916138,0.24424795158744536,0.24778777360916138,342100,0.0,0.0
2020-12-09 00:00:00+08:00,0.24424795977466218,0.25132760405540466,0.24424795977466218,0.25132760405540466,1059900,0.0,0.0
2020-12-10 00:00:00+08:00,0.24778777360916138,0.2513275956308774,0.24778777360916138,0.24778777360916138,1874700,0.0,0.0
2020-12-11 00:00:00+08:00,0.24778778191503342,0.25132760405540466,0.24778778191503342,0.25132760405540466,1064900,0.0,0.0
2020-12-14 00:00:00+08:00,0.24778778191503342,0.25132760405540466,0.24778778191503342,0.25132760405540466,1800700,0.0,0.0
2020-12-15 00:00:00+08:00,0.25132760405540466,0.25132760405540466,0.24778778191503342,0.25132760405540466,1159500,0.0,0.0
2020-12-16 00:00:00+08:00,0.25132760405540466,0.25132760405540466,0.24778778191503342,0.25132760405540466,164400,0.0,0.0
2020-12-17 00:00:00+08:00,0.25132760405540466,0.25132760405540466,0.24778778191503342,0.25132760405540466,479800,0.0,0.0
2020-12-18 00:00:00+08:00,0.2513276208283549,0.25486746430397034,0.24778779845174517,0.25486746430397034,2884800,0.0,0.0
2020-12-21 00:00:00+08:00,0.25132760405540466,0.2548674472947801,0.25132760405540466,0.25132760405540466,453100,0.0,0.0
2020-12-22 00:00:00+08:00,0.25132760405540466,0.25132760405540466,0.24778778191503342,0.25132760405540466,936700,0.0,0.0
2020-12-23 00:00:00+08:00,0.24778777360916138,0.2513275956308774,0.24778777360916138,0.24778777360916138,166400,0.0,0.0
2020-12-24 00:00:00+08:00,0.24778778191503342,0.25132760405540466,0.24778778191503342,0.25132760405540466,52400,0.0,0.0
2020-12-28 00:00:00+08:00,0.24778777360916138,0.2513275956308774,0.24778777360916138,0.24778777360916138,910500,0.0,0.0
2020-12-29 00:00:00+08:00,0.24778777360916138,0.2513275956308774,0.24778777360916138,0.24778777360916138,693700,0.0,0.0
2020-12-30 00:00:00+08:00,0.24778777360916138,0.2513275956308774,0.24778777360916138,0.24778777360916138,254000,0.0,0.0
2020-12-31 00:00:00+08:00,0.24778777360916138,0.2513275956308774,0.24778777360916138,0.24778777360916138,359200,0.0,0.0
2021-01-04 00:00:00+08:00,0.25132760405540466,0.25132760405540466,0.24778778191503342,0.25132760405540466,909400,0.0,0.0
2021-01-05 00:00:00+08:00,0.24778777360916138,0.2513275956308774,0.24778777360916138,0.24778777360916138,129900,0.0,0.0
2021-01-06 00:00:00+08:00,0.2513275956308774,0.2513275956308774,0.24778777360916138,0.24778777360916138,604900,0.0,0.0
2021-01-07 00:00:00+08:00,0.25132760405540466,0.25132760405540466,0.24778778191503342,0.25132760405540466,870900,0.0,0.0
2021-01-08 00:00:00+08:00,0.25132760405540466,0.2548674472947801,0.24778778191503342,0.25132760405540466,3314700,0.0,0.0
2021-01-11 00:00:00+08:00,0.2513276208283549,0.25486746430397034,0.2513276208283549,0.25486746430397034,3215000,0.0,0.0
2021-01-12 00:00:00+08:00,0.2513276208283549,0.25486746430397034,0.2513276208283549,0.25486746430397034,630800,0.0,0.0
2021-01-13 00:00:00+08:00,0.25486746430397034,0.25486746430397034,0.2513276208283549,0.25486746430397034,857900,0.0,0.0
2021-01-14 00:00:00+08:00,0.25486746430397034,0.2584072866805801,0.25486746430397034,0.25486746430397034,639400,0.0,0.0
2021-01-15 00:00:00+08:00,0.25486745101018643,0.2619470953941345,0.25486745101018643,0.2619470953941345,1300700,0.0,0.0
2021-01-18 00:00:00+08:00,0.2619470953941345,0.2619470953941345,0.2584072732021605,0.2619470953941345,382000,0.0,0.0
2021-01-19 00:00:00+08:00,0.2619470953941345,0.2619470953941345,0.2584072732021605,0.2619470953941345,742700,0.0,0.0
2021-01-20 00:00:00+08:00,0.2619471329433054,0.2654869556427002,0.2619471329433054,0.2654869556427002,1164500,0.0,0.0
2021-01-21 00:00:00+08:00,0.2654869556427002,0.2654869556427002,0.2619471329433054,0.2654869556427002,683400,0.0,0.0
2021-01-22 00:00:00+08:00,0.27256658163170505,0.27964624762535095,0.27256658163170505,0.27964624762535095,3706000,0.0,0.0
2021-01-25 00:00:00+08:00,0.27964624762535095,0.28672589251999075,0.27964624762535095,0.27964624762535095,3071400,0.0,0.0
2021-01-26 00:00:00+08:00,0.2831860700726708,0.28672589251999075,0.27964624762535095,0.27964624762535095,2836800,0.0,0.0
2021-01-27 00:00:00+08:00,0.2831860858730135,0.2902657311626615,0.2831860858730135,0.2867259085178375,3622800,0.0,0.0
2021-01-28 00:00:00+08:00,0.2867259085178375,0.2902657311626615,0.2831860858730135,0.2867259085178375,968900,0.0,0.0
2021-01-29 00:00:00+08:00,0.28515008091926575,0.2889020521371225,0.28139810970140894,0.28515008091926575,2890800,0.0229,0.0
2021-02-01 00:00:00+08:00,0.28139808773994446,0.285150058664982,0.2776461168149069,0.28139808773994446,1637300,0.0,0.0
2021-02-02 00:00:00+08:00,0.28139806518492744,0.2851500358092317,0.2738941239363189,0.27764609456062317,3716100,0.0,0.0
2021-02-03 00:00:00+08:00,0.27764609456062317,0.27764609456062317,0.2738941239363189,0.27764609456062317,1729800,0.0,0.0
2021-02-04 00:00:00+08:00,0.27764609456062317,0.27764609456062317,0.2738941239363189,0.27764609456062317,1325800,0.0,0.0
2021-02-05 00:00:00+08:00,0.2776461384835522,0.2889020521371225,0.2776461384835522,0.28515008091926575,2128400,0.0,0.0
2021-02-08 00:00:00+08:00,0.285150058664982,0.285150058664982,0.28139808773994446,0.28139808773994446,220900,0.0,0.0
2021-02-09 00:00:00+08:00,0.28139810970140894,0.28515008091926575,0.2776461384835522,0.28515008091926575,774500,0.0,0.0
2021-02-10 00:00:00+08:00,0.28139810970140894,0.28515008091926575,0.28139810970140894,0.28515008091926575,318800,0.0,0.0
2021-02-11 00:00:00+08:00,0.28139810970140894,0.28515008091926575,0.28139810970140894,0.28515008091926575,311600,0.0,0.0
2021-02-15 00:00:00+08:00,0.285150058664982,0.285150058664982,0.2776461168149069,0.28139808773994446,860300,0.0,0.0
2021-02-16 00:00:00+08:00,0.28139810970140894,0.28515008091926575,0.28139810970140894,0.28515008091926575,299900,0.0,0.0
2021-02-17 00:00:00+08:00,0.285150058664982,0.285150058664982,0.2776461168149069,0.28139808773994446,1013300,0.0,0.0
2021-02-18 00:00:00+08:00,0.2776461168149069,0.285150058664982,0.2776461168149069,0.28139808773994446,671300,0.0,0.0
2021-02-19 00:00:00+08:00,0.2776461168149069,0.285150058664982,0.2776461168149069,0.28139808773994446,102200,0.0,0.0
2021-02-22 00:00:00+08:00,0.285150058664982,0.285150058664982,0.2776461168149069,0.28139808773994446,242800,0.0,0.0
2021-02-23 00:00:00+08:00,0.28139806518492744,0.28139806518492744,0.27764609456062317,0.27764609456062317,533700,0.0,0.0
2021-02-24 00:00:00+08:00,0.27764609456062317,0.28139806518492744,0.27764609456062317,0.27764609456062317,337500,0.0,0.0
2021-02-25 00:00:00+08:00,0.2776461168149069,0.28139808773994446,0.2776461168149069,0.28139808773994446,308400,0.0,0.0
2021-02-26 00:00:00+08:00,0.2776461168149069,0.28139808773994446,0.2776461168149069,0.28139808773994446,529300,0.0,0.0
2021-03-01 00:00:00+08:00,0.27764609456062317,0.28139806518492744,0.27764609456062317,0.27764609456062317,1034000,0.0,0.0
2021-03-02 00:00:00+08:00,0.28139806518492744,0.28139806518492744,0.27764609456062317,0.27764609456062317,685100,0.0,0.0
2021-03-03 00:00:00+08:00,0.28139806518492744,0.28139806518492744,0.27764609456062317,0.27764609456062317,243300,0.0,0.0
2021-03-04 00:00:00+08:00,0.28139808773994446,0.28139808773994446,0.2776461168149069,0.28139808773994446,146100,0.0,0.0
2021-03-05 00:00:00+08:00,0.28139806518492744,0.28139806518492744,0.27764609456062317,0.27764609456062317,67200,0.0,0.0
2021-03-08 00:00:00+08:00,0.28139806518492744,0.28139806518492744,0.27764609456062317,0.27764609456062317,748200,0.0,0.0
2021-03-09 00:00:00+08:00,0.27764609456062317,0.28139806518492744,0.27764609456062317,0.27764609456062317,367200,0.0,0.0
2021-03-10 00:00:00+08:00,0.28139808773994446,0.28139808773994446,0.2776461168149069,0.28139808773994446,144100,0.0,0.0
2021-03-11 00:00:00+08:00,0.28139810206420957,0.2926540154122922,0.28139810206420957,0.28890204429626465,1754000,0.0,0.0
2021-03-12 00:00:00+08:00,0.2851500731802371,0.2926540154122922,0.2851500731802371,0.28890204429626465,576000,0.0,0.0
2021-03-15 00:00:00+08:00,0.2926540154122922,0.2926540154122922,0.2851500731802371,0.28890204429626465,425700,0.0,0.0
2021-03-16 00:00:00+08:00,0.28890203665645425,0.29265400767326355,0.2851500656396449,0.29265400767326355,1868100,0.0,0.0
2021-03-17 00:00:00+08:00,0.2926540154122922,0.2926540154122922,0.2851500731802371,0.28890204429626465,1078200,0.0,0.0
2021-03-18 00:00:00+08:00,0.2851500731802371,0.28890204429626465,0.2851500731802371,0.28890204429626465,2025700,0.0,0.0
2021-03-19 00:00:00+08:00,0.28890203665645425,0.29265400767326355,0.2851500656396449,0.29265400767326355,1261200,0.0,0.0
2021-03-22 00:00:00+08:00,0.2926539780497326,0.29640597105026245,0.2926539780497326,0.29640597105026245,1895700,0.0,0.0
2021-03-23 00:00:00+08:00,0.2926540154122922,0.29640600889183166,0.28890204429626465,0.28890204429626465,1629000,0.0,0.0
2021-03-24 00:00:00+08:00,0.2926540154122922,0.2926540154122922,0.28890204429626465,0.28890204429626465,433900,0.0,0.0
2021-03-25 00:00:00+08:00,0.28890200741271177,0.29640597105026245,0.28890200741271177,0.29640597105026245,1395400,0.0,0.0
2021-03-26 00:00:00+08:00,0.29640600105358417,0.29640600105358417,0.28139809462283555,0.29265400767326355,5649500,0.0,0.0
2021-03-29 00:00:00+08:00,0.2926539780497326,0.29640597105026245,0.2926539780497326,0.29640597105026245,227200,0.0,0.0
2021-03-30 00:00:00+08:00,0.29265400767326355,0.29640600105358417,0.29265400767326355,0.29265400767326355,592700,0.0,0.0
2021-03-31 00:00:00+08:00,0.29265400767326355,0.3001579720703935,0.29265400767326355,0.29265400767326355,1337800,0.0,0.0
2021-04-01 00:00:00+08:00,0.29640597105026245,0.30015794168728327,0.2926539780497326,0.29640597105026245,993200,0.0,0.0
2021-04-05 00:00:00+08:00,0.30015797114709836,0.31141388416290283,0.2964060001418302,0.31141388416290283,1752300,0.0,0.0
2021-04-06 00:00:00+08:00,0.31141388416290283,0.315165855168171,0.30390994215236655,0.31141388416290283,1222300,0.0,0.0
2021-04-07 00:00:00+08:00,0.3076619131576347,0.31141388416290283,0.3076619131576347,0.31141388416290283,1944400,0.0,0.0
2021-04-08 00:00:00+08:00,0.31141388416290283,0.31141388416290283,0.3076619131576347,0.31141388416290283,182100,0.0,0.0
2021-04-09 00:00:00+08:00,0.31141389188419966,0.31141389188419966,0.30766192078590393,0.30766192078590393,408200,0.0,0.0
2021-04-12 00:00:00+08:00,0.31141389188419966,0.31141389188419966,0.30766192078590393,0.30766192078590393,433700,0.0,0.0
2021-04-13 00:00:00+08:00,0.3076619131576347,0.31141388416290283,0.30390994215236655,0.31141388416290283,1257700,0.0,0.0
2021-04-14 00:00:00+08:00,0.31141384717791304,0.31516581773757935,0.3076618766182468,0.31516581773757935,413900,0.0,0.0
2021-04-15 00:00:00+08:00,0.31516581773757935,0.3189178106607542,0.31141384717791304,0.31516581773757935,659500,0.0,0.0
2021-04-16 00:00:00+08:00,0.31516581773757935,0.31516581773757935,0.31141384717791304,0.31516581773757935,227800,0.0,0.0
2021-04-19 00:00:00+08:00,0.3151658474424173,0.322669811632518,0.3151658474424173,0.318917840719223,543400,0.0,0.0
2021-04-20 00:00:00+08:00,0.3189178106607542,0.3226697812204205,0.31516581773757935,0.31516581773757935,398800,0.0,0.0
2021-04-21 00:00:00+08:00,0.31516581773757935,0.3189178106607542,0.31516581773757935,0.31516581773757935,585700,0.0,0.0
2021-04-22 00:00:00+08:00,0.3151658904388804,0.3264218270778656,0.3151658904388804,0.3264218270778656,1658300,0.0,0.0
2021-04-23 00:00:00+08:00,0.322669811632518,0.322669811632518,0.3151658474424173,0.318917840719223,1027200,0.0,0.0
2021-04-26 00:00:00+08:00,0.31891783327055817,0.3226698040962219,0.3151658400813843,0.3226698040962219,925300,0.0,0.0
2021-04-27 00:00:00+08:00,0.318917840719223,0.322669811632518,0.318917840719223,0.318917840719223,234100,0.0,0.0
2021-04-28 00:00:00+08:00,0.3189178106607542,0.3189178106607542,0.31516581773757935,0.31516581773757935,303700,0.0,0.0
2021-04-29 00:00:00+08:00,0.3151658474424173,0.318917840719223,0.3151658474424173,0.318917840719223,238900,0.0,0.0
2021-04-30 00:00:00+08:00,0.31516581773757935,0.3189178106607542,0.31516581773757935,0.31516581773757935,630800,0.0,0.0
2021-05-03 00:00:00+08:00,0.31516581773757935,0.31516581773757935,0.3076618766182468,0.31516581773757935,1805400,0.0,0.0
2021-05-04 00:00:00+08:00,0.31141384717791304,0.31516581773757935,0.31141384717791304,0.31516581773757935,92500,0.0,0.0
2021-05-05 00:00:00+08:00,0.31141384717791304,0.3189178106607542,0.31141384717791304,0.31516581773757935,737300,0.0,0.0
2021-05-06 00:00:00+08:00,0.315165855168171,0.3189178485369504,0.31141388416290283,0.31141388416290283,236100,0.0,0.0
2021-05-07 00:00:00+08:00,0.31141384717791304,0.31516581773757935,0.31141384717791304,0.31516581773757935,98300,0.0,0.0
2021-05-10 00:00:00+08:00,0.31141388416290283,0.315165855168171,0.3076619131576347,0.31141388416290283,1074100,0.0,0.0
2021-05-11 00:00:00+08:00,0.3076619131576347,0.31141388416290283,0.3076619131576347,0.31141388416290283,5072500,0.0,0.0
2021-05-12 00:00:00+08:00,0.31141389188419966,0.31141389188419966,0.3039099496876082,0.30766192078590393,794300,0.0,0.0
2021-05-14 00:00:00+08:00,0.30390995740890503,0.30766192860252534,0.3001579862152847,0.30390995740890503,4494100,0.0,0.0
2021-05-17 00:00:00+08:00,0.30390994215236655,0.31141388416290283,0.30390994215236655,0.31141388416290283,636900,0.0,0.0
2021-05-18 00:00:00+08:00,0.30766192078590393,0.31141389188419966,0.30766192078590393,0.30766192078590393,210200,0.0,0.0
2021-05-19 00:00:00+08:00,0.30766192078590393,0.31141389188419966,0.30766192078590393,0.30766192078590393,1424600,0.0,0.0
2021-05-20 00:00:00+08:00,0.3076619131576347,0.31141388416290283,0.3076619131576347,0.31141388416290283,75800,0.0,0.0
2021-05-21 00:00:00+08:00,0.31141389188419966,0.31141389188419966,0.30766192078590393,0.30766192078590393,164500,0.0,0.0
2021-05-24 00:00:00+08:00,0.31141388416290283,0.31141388416290283,0.3076619131576347,0.31141388416290283,59800,0.0,0.0
2021-05-25 00:00:00+08:00,0.31141388416290283,0.315165855168171,0.3076619131576347,0.31141388416290283,277000,0.0,0.0
2021-05-27 00:00:00+08:00,0.31141388416290283,0.315165855168171,0.31141388416290283,0.31141388416290283,208300,0.0,0.0
2021-05-28 00:00:00+08:00,0.31141384717791304,0.3189178106607542,0.31141384717791304,0.31516581773757935,608700,0.0,0.0
2021-05-31 00:00:00+08:00,0.3151658474424173,0.318917840719223,0.3114138765291224,0.318917840719223,153700,0.0,0.0
2021-06-01 00:00:00+08:00,0.315165855168171,0.3189178485369504,0.31141388416290283,0.31141388416290283,202700,0.0,0.0
2021-06-02 00:00:00+08:00,0.31516581773757935,0.3189178106607542,0.31141384717791304,0.31516581773757935,717200,0.0,0.0
2021-06-03 00:00:00+08:00,0.3151658474424173,0.322669811632518,0.3151658474424173,0.318917840719223,552300,0.0,0.0
2021-06-04 00:00:00+08:00,0.318917840719223,0.326421782545813,0.318917840719223,0.318917840719223,702300,0.0,0.0
2021-06-07 00:00:00+08:00,0.3226698040962219,0.3264217749218856,0.3151658400813843,0.3226698040962219,1060400,0.0,0.0
2021-06-08 00:00:00+08:00,0.3264218270778656,0.3264218270778656,0.3189178842275513,0.3264218270778656,239400,0.0,0.0
2021-06-09 00:00:00+08:00,0.3264217749218856,0.3264217749218856,0.3226698040962219,0.3226698040962219,75900,0.0,0.0
2021-06-10 00:00:00+08:00,0.3264217749218856,0.3264217749218856,0.31891783327055817,0.3226698040962219,1180800,0.0,0.0
2021-06-11 00:00:00+08:00,0.3264218270778656,0.3264218270778656,0.3189178842275513,0.3264218270778656,451400,0.0,0.0
2021-06-14 00:00:00+08:00,0.3264217749218856,0.3264217749218856,0.3226698040962219,0.3226698040962219,106000,0.0,0.0
2021-06-15 00:00:00+08:00,0.3264217749218856,0.3264217749218856,0.3226698040962219,0.3226698040962219,219600,0.0,0.0
2021-06-16 00:00:00+08:00,0.3226698040962219,0.3264217749218856,0.31891783327055817,0.3226698040962219,498900,0.0,0.0
2021-06-17 00:00:00+08:00,0.3264217749218856,0.3264217749218856,0.31891783327055817,0.3226698040962219,353400,0.0,0.0
2021-06-18 00:00:00+08:00,0.32266985565270845,0.3264218270778656,0.3189178842275513,0.3264218270778656,769100,0.0,0.0
2021-06-21 00:00:00+08:00,0.3226698040962219,0.3226698040962219,0.31891783327055817,0.3226698040962219,419800,0.0,0.0
2021-06-22 00:00:00+08:00,0.318917840719223,0.326421782545813,0.318917840719223,0.318917840719223,113300,0.0,0.0
2021-06-23 00:00:00+08:00,0.32266985565270845,0.3264218270778656,0.3189178842275513,0.3264218270778656,352800,0.0,0.0
2021-06-24 00:00:00+08:00,0.322669811632518,0.326421782545813,0.318917840719223,0.318917840719223,150800,0.0,0.0
2021-06-25 00:00:00+08:00,0.3226698040962219,0.3264217749218856,0.31891783327055817,0.3226698040962219,264100,0.0,0.0
2021-06-28 00:00:00+08:00,0.322669811632518,0.322669811632518,0.318917840719223,0.318917840719223,249400,0.0,0.0
2021-06-29 00:00:00+08:00,0.318917840719223,0.322669811632518,0.318917840719223,0.318917840719223,290300,0.0,0.0
2021-06-30 00:00:00+08:00,0.318917840719223,0.322669811632518,0.318917840719223,0.318917840719223,1177600,0.0,0.0
2021-07-01 00:00:00+08:00,0.31891783327055817,0.3226698040962219,0.31891783327055817,0.3226698040962219,197800,0.0,0.0
2021-07-02 00:00:00+08:00,0.3226698040962219,0.3264217749218856,0.3226698040962219,0.3226698040962219,461400,0.0,0.0
2021-07-05 00:00:00+08:00,0.32642175178008676,0.32642175178008676,0.31141384717791304,0.31516581773757935,7490000,0.0,0.0
2021-07-06 00:00:00+08:00,0.318917840719223,0.322669811632518,0.318917840719223,0.318917840719223,2190200,0.0,0.0
2021-07-07 00:00:00+08:00,0.322669811632518,0.322669811632518,0.318917840719223,0.318917840719223,129100,0.0,0.0
2021-07-08 00:00:00+08:00,0.322669811632518,0.322669811632518,0.318917840719223,0.318917840719223,297500,0.0,0.0
2021-07-09 00:00:00+08:00,0.31891783327055817,0.3264217749218856,0.31891783327055817,0.3226698040962219,744700,0.0,0.0
2021-07-12 00:00:00+08:00,0.32266985565270845,0.3264218270778656,0.32266985565270845,0.3264218270778656,302600,0.0,0.0
2021-07-13 00:00:00+08:00,0.3226698040962219,0.3264217749218856,0.3226698040962219,0.3226698040962219,470600,0.0,0.0
2021-07-14 00:00:00+08:00,0.3226698040962219,0.3264217749218856,0.3226698040962219,0.3226698040962219,538400,0.0,0.0
2021-07-15 00:00:00+08:00,0.32266985565270845,0.3264218270778656,0.32266985565270845,0.3264218270778656,195600,0.0,0.0
2021-07-16 00:00:00+08:00,0.32266985565270845,0.3264218270778656,0.32266985565270845,0.3264218270778656,326100,0.0,0.0
2021-07-19 00:00:00+08:00,0.3226698040962219,0.3264217749218856,0.31891783327055817,0.3226698040962219,794100,0.0,0.0
2021-07-21 00:00:00+08:00,0.3226698040962219,0.3264217749218856,0.31891783327055817,0.3226698040962219,507500,0.0,0.0
2021-07-22 00:00:00+08:00,0.3264217896575036,0.3301737606525421,0.3264217896575036,0.3301737606525421,3472000,0.0,0.0
2021-07-23 00:00:00+08:00,0.33017372365263326,0.33767766480180395,0.3264217530780479,0.33392569422721863,3803400,0.0,0.0
2021-07-26 00:00:00+08:00,0.3339257457183967,0.3414297103881836,0.3339257457183967,0.3414297103881836,2686700,0.0,0.0
2021-07-27 00:00:00+08:00,0.33767771687153414,0.3414297103881836,0.33767771687153414,0.3414297103881836,1788000,0.0,0.0
2021-07-28 00:00:00+08:00,0.3414296805957989,0.3414296805957989,0.33392571658079107,0.3376776874065399,1964300,0.0,0.0
2021-07-29 00:00:00+08:00,0.341402102180324,0.341402102180324,0.3336429708520552,0.3375225365161896,1132500,0.0148,0.0
2021-07-30 00:00:00+08:00,0.341402102180324,0.341402102180324,0.3336429708520552,0.3375225365161896,530500,0.0,0.0
2021-08-02 00:00:00+08:00,0.3375225476455941,0.3414021134376526,0.33364298185353564,0.3414021134376526,883300,0.0,0.0
2021-08-03 00:00:00+08:00,0.341402102180324,0.341402102180324,0.3336429708520552,0.3375225365161896,252400,0.0,0.0
2021-08-04 00:00:00+08:00,0.3375225476455941,0.3414021134376526,0.33364298185353564,0.3414021134376526,406300,0.0,0.0
2021-08-05 00:00:00+08:00,0.337522529392292,0.3452816605567932,0.337522529392292,0.3452816605567932,1519700,0.0,0.0
2021-08-06 00:00:00+08:00,0.3452816605567932,0.3491612261390438,0.3414020949745426,0.3452816605567932,507800,0.0,0.0
2021-08-10 00:00:00+08:00,0.3452816605567932,0.3491612261390438,0.3414020949745426,0.3452816605567932,525200,0.0,0.0
2021-08-11 00:00:00+08:00,0.34528164229882874,0.34916120767593384,0.34528164229882874,0.34916120767593384,732300,0.0,0.0
2021-08-12 00:00:00+08:00,0.3452816605567932,0.3452816605567932,0.3414020949745426,0.3452816605567932,397500,0.0,0.0
2021-08-13 00:00:00+08:00,0.3452816605567932,0.3452816605567932,0.3414020949745426,0.3452816605567932,601900,0.0,0.0
2021-08-16 00:00:00+08:00,0.3414020949745426,0.3452816605567932,0.3414020949745426,0.3452816605567932,597800,0.0,0.0
2021-08-17 00:00:00+08:00,0.34528167922971104,0.34528167922971104,0.3414021134376526,0.3414021134376526,505100,0.0,0.0
2021-08-18 00:00:00+08:00,0.3452816605567932,0.3452816605567932,0.3414020949745426,0.3452816605567932,412400,0.0,0.0
2021-08-19 00:00:00+08:00,0.3452816605567932,0.3452816605567932,0.3414020949745426,0.3452816605567932,681800,0.0,0.0
2021-08-20 00:00:00+08:00,0.34528167922971104,0.34528167922971104,0.3414021134376526,0.3414021134376526,558700,0.0,0.0
2021-08-23 00:00:00+08:00,0.34528164229882874,0.34916120767593384,0.3414020769217236,0.34916120767593384,1741100,0.0,0.0
2021-08-24 00:00:00+08:00,0.34916120767593384,0.35692036155417783,0.34916120767593384,0.34916120767593384,1360100,0.0,0.0
2021-08-25 00:00:00+08:00,0.35304081439971924,0.35304081439971924,0.3491612256983306,0.35304081439971924,347200,0.0,0.0
2021-08-26 00:00:00+08:00,0.3530407961770727,0.3530407961770727,0.34916120767593384,0.34916120767593384,288300,0.0,0.0
2021-08-27 00:00:00+08:00,0.3491612256983306,0.35304081439971924,0.3452816601209768,0.35304081439971924,343200,0.0,0.0
2021-08-30 00:00:00+08:00,0.3530407961770727,0.3530407961770727,0.34528164229882874,0.34916120767593384,137200,0.0,0.0
2021-08-31 00:00:00+08:00,0.34916120767593384,0.34916120767593384,0.34528164229882874,0.34916120767593384,195300,0.0,0.0
2021-09-01 00:00:00+08:00,0.3452816605567932,0.3491612261390438,0.3452816605567932,0.3452816605567932,181900,0.0,0.0
2021-09-02 00:00:00+08:00,0.3452816601209768,0.35304081439971924,0.3452816601209768,0.35304081439971924,613200,0.0,0.0
2021-09-03 00:00:00+08:00,0.34916120767593384,0.3530407961770727,0.34916120767593384,0.34916120767593384,132300,0.0,0.0
2021-09-06 00:00:00+08:00,0.3491612256983306,0.35304081439971924,0.3491612256983306,0.35304081439971924,428300,0.0,0.0
2021-09-07 00:00:00+08:00,0.3452816605567932,0.3491612261390438,0.3452816605567932,0.3452816605567932,1733300,0.0,0.0
2021-09-08 00:00:00+08:00,0.34528167922971104,0.34528167922971104,0.3375225476455941,0.3414021134376526,2806100,0.0,0.0
2021-09-09 00:00:00+08:00,0.341402102180324,0.341402102180324,0.3375225365161896,0.3375225365161896,1082600,0.0,0.0
2021-09-10 00:00:00+08:00,0.3375225365161896,0.341402102180324,0.3375225365161896,0.3375225365161896,939300,0.0,0.0
2021-09-13 00:00:00+08:00,0.3375225476455941,0.3414021134376526,0.3375225476455941,0.3414021134376526,186500,0.0,0.0
2021-09-14 00:00:00+08:00,0.33752249497910125,0.3414020601657983,0.3336429297924042,0.3336429297924042,1276900,0.0,0.0
2021-09-15 00:00:00+08:00,0.3336429782254575,0.3375225439753291,0.32976341247558594,0.32976341247558594,2196900,0.0,0.0
2021-09-16 00:00:00+08:00,0.32976341247558594,0.3375225439753291,0.32976341247558594,0.32976341247558594,2280500,0.0,0.0
2021-09-17 00:00:00+08:00,0.3258838236016785,0.32976341247558594,0.3258838236016785,0.32976341247558594,6327300,0.0,0.0
2021-09-20 00:00:00+08:00,0.32976339441320834,0.32976339441320834,0.32588380575180054,0.32588380575180054,901600,0.0,0.0
2021-09-21 00:00:00+08:00,0.3258838236016785,0.32976341247558594,0.3258838236016785,0.32976341247558594,433300,0.0,0.0
2021-09-22 00:00:00+08:00,0.3297633646057071,0.3336429297924042,0.3258837762949775,0.3336429297924042,659600,0.0,0.0
2021-09-23 00:00:00+08:00,0.3336429297924042,0.33752249497910125,0.3297633646057071,0.3336429297924042,431300,0.0,0.0
2021-09-24 00:00:00+08:00,0.3336429708520552,0.3375225365161896,0.3336429708520552,0.3375225365161896,148900,0.0,0.0
2021-09-27 00:00:00+08:00,0.3336429297924042,0.33752249497910125,0.3336429297924042,0.3336429297924042,122800,0.0,0.0
2021-09-28 00:00:00+08:00,0.3336429297924042,0.33752249497910125,0.3336429297924042,0.3336429297924042,4832500,0.0,0.0
2021-09-29 00:00:00+08:00,0.3336429297924042,0.3336429297924042,0.3297633646057071,0.3336429297924042,2404900,0.0,0.0
2021-09-30 00:00:00+08:00,0.3336429708520552,0.3375225365161896,0.3336429708520552,0.3375225365161896,820500,0.0,0.0
2021-10-01 00:00:00+08:00,0.3336429297924042,0.3336429297924042,0.3297633646057071,0.3336429297924042,425600,0.0,0.0
2021-10-04 00:00:00+08:00,0.3336429297924042,0.3336429297924042,0.3297633646057071,0.3336429297924042,487900,0.0,0.0
2021-10-05 00:00:00+08:00,0.32976341247558594,0.3336429782254575,0.32976341247558594,0.32976341247558594,156700,0.0,0.0
2021-10-06 00:00:00+08:00,0.3297633646057071,0.3336429297924042,0.3297633646057071,0.3336429297924042,519600,0.0,0.0
2021-10-07 00:00:00+08:00,0.3297633646057071,0.3336429297924042,0.3297633646057071,0.3336429297924042,86500,0.0,0.0
2021-10-08 00:00:00+08:00,0.32976340518792074,0.3375225365161896,0.32976340518792074,0.3375225365161896,568500,0.0,0.0
2021-10-11 00:00:00+08:00,0.3336429782254575,0.3375225439753291,0.32976341247558594,0.32976341247558594,735200,0.0,0.0
2021-10-12 00:00:00+08:00,0.3297633646057071,0.3336429297924042,0.3297633646057071,0.3336429297924042,124200,0.0,0.0
2021-10-13 00:00:00+08:00,0.32976341247558594,0.3375225439753291,0.32976341247558594,0.32976341247558594,758500,0.0,0.0
2021-10-14 00:00:00+08:00,0.3336429297924042,0.33752249497910125,0.3297633646057071,0.3336429297924042,345900,0.0,0.0
2021-10-15 00:00:00+08:00,0.3336429708520552,0.3375225365161896,0.3336429708520552,0.3375225365161896,1051600,0.0,0.0
2021-10-18 00:00:00+08:00,0.33752249497910125,0.33752249497910125,0.3336429297924042,0.3336429297924042,598000,0.0,0.0
2021-10-19 00:00:00+08:00,0.3375225439753291,0.3375225439753291,0.32976341247558594,0.32976341247558594,6755000,0.0,0.0
2021-10-20 00:00:00+08:00,0.3336429708520552,0.3375225365161896,0.32976340518792074,0.3375225365161896,546600,0.0,0.0
2021-10-21 00:00:00+08:00,0.3375225365161896,0.3375225365161896,0.3336429708520552,0.3375225365161896,226100,0.0,0.0
2021-10-22 00:00:00+08:00,0.33364298185353564,0.3414021134376526,0.33364298185353564,0.3414021134376526,1153300,0.0,0.0
2021-10-25 00:00:00+08:00,0.3414021134376526,0.3414021134376526,0.3375225476455941,0.3414021134376526,201300,0.0,0.0
2021-10-26 00:00:00+08:00,0.341402102180324,0.341402102180324,0.3336429708520552,0.3375225365161896,1381300,0.0,0.0
2021-10-27 00:00:00+08:00,0.33752249497910125,0.33752249497910125,0.3297633646057071,0.3336429297924042,3473400,0.0,0.0
2021-10-28 00:00:00+08:00,0.3336429708520552,0.3375225365161896,0.3336429708520552,0.3375225365161896,684000,0.0,0.0
2021-10-29 00:00:00+08:00,0.3375225365161896,0.3375225365161896,0.3336429708520552,0.3375225365161896,509000,0.0,0.0
2021-11-01 00:00:00+08:00,0.33752249497910125,0.33752249497910125,0.3336429297924042,0.3336429297924042,324300,0.0,0.0
2021-11-02 00:00:00+08:00,0.3375225365161896,0.3375225365161896,0.3336429708520552,0.3375225365161896,232100,0.0,0.0
2021-11-03 00:00:00+08:00,0.3375225365161896,0.341402102180324,0.3336429708520552,0.3375225365161896,2870200,0.0,0.0
2021-11-05 00:00:00+08:00,0.3375225476455941,0.3414021134376526,0.33364298185353564,0.3414021134376526,1025400,0.0,0.0
2021-11-08 00:00:00+08:00,0.3375225365161896,0.341402102180324,0.3375225365161896,0.3375225365161896,371900,0.0,0.0
2021-11-09 00:00:00+08:00,0.3414021134376526,0.3414021134376526,0.33364298185353564,0.3414021134376526,447100,0.0,0.0
2021-11-10 00:00:00+08:00,0.3375225365161896,0.341402102180324,0.3336429708520552,0.3375225365161896,680300,0.0,0.0
2021-11-11 00:00:00+08:00,0.3336429708520552,0.341402102180324,0.3336429708520552,0.3375225365161896,366600,0.0,0.0
2021-11-12 00:00:00+08:00,0.3375225476455941,0.3414021134376526,0.33364298185353564,0.3414021134376526,222000,0.0,0.0
2021-11-15 00:00:00+08:00,0.33752249497910125,0.33752249497910125,0.3336429297924042,0.3336429297924042,845100,0.0,0.0
2021-11-16 00:00:00+08:00,0.3375225476455941,0.3414021134376526,0.33364298185353564,0.3414021134376526,845500,0.0,0.0
2021-11-17 00:00:00+08:00,0.3375225365161896,0.341402102180324,0.3336429708520552,0.3375225365161896,217100,0.0,0.0
2021-11-18 00:00:00+08:00,0.3336429708520552,0.341402102180324,0.3336429708520552,0.3375225365161896,356100,0.0,0.0
2021-11-19 00:00:00+08:00,0.3375225365161896,0.341402102180324,0.3375225365161896,0.3375225365161896,1122000,0.0,0.0
2021-11-22 00:00:00+08:00,0.3375225476455941,0.3414021134376526,0.3375225476455941,0.3414021134376526,106400,0.0,0.0
2021-11-23 00:00:00+08:00,0.3414021134376526,0.3414021134376526,0.3375225476455941,0.3414021134376526,350000,0.0,0.0
2021-11-24 00:00:00+08:00,0.3375225476455941,0.3414021134376526,0.3375225476455941,0.3414021134376526,4007200,0.0,0.0
2021-11-25 00:00:00+08:00,0.34528167922971104,0.34528167922971104,0.3414021134376526,0.3414021134376526,783600,0.0,0.0
2021-11-26 00:00:00+08:00,0.3414021134376526,0.3414021134376526,0.3375225476455941,0.3414021134376526,1360800,0.0,0.0
2021-11-29 00:00:00+08:00,0.3375225365161896,0.341402102180324,0.3336429708520552,0.3375225365161896,1734800,0.0,0.0
2021-11-30 00:00:00+08:00,0.3375225365161896,0.341402102180324,0.3336429708520552,0.3375225365161896,2236300,0.0,0.0
2021-12-01 00:00:00+08:00,0.3375225365161896,0.3375225365161896,0.3336429708520552,0.3375225365161896,285300,0.0,0.0
2021-12-02 00:00:00+08:00,0.3336429297924042,0.33752249497910125,0.3336429297924042,0.3336429297924042,553500,0.0,0.0
2021-12-03 00:00:00+08:00,0.3336429708520552,0.3375225365161896,0.3336429708520552,0.3375225365161896,530500,0.0,0.0
2021-12-06 00:00:00+08:00,0.3336429297924042,0.3336429297924042,0.3336429297924042,0.3336429297924042,88900,0.0,0.0
2021-12-07 00:00:00+08:00,0.3336429708520552,0.3375225365161896,0.3336429708520552,0.3375225365161896,219500,0.0,0.0
2021-12-08 00:00:00+08:00,0.3336429708520552,0.3375225365161896,0.3336429708520552,0.3375225365161896,428800,0.0,0.0
2021-12-09 00:00:00+08:00,0.3336429708520552,0.341402102180324,0.3336429708520552,0.3375225365161896,1036300,0.0,0.0
2021-12-10 00:00:00+08:00,0.3375225365161896,0.341402102180324,0.3375225365161896,0.3375225365161896,320800,0.0,0.0
2021-12-13 00:00:00+08:00,0.3375225476455941,0.3414021134376526,0.33364298185353564,0.3414021134376526,1580300,0.0,0.0
2021-12-14 00:00:00+08:00,0.341402102180324,0.341402102180324,0.3375225365161896,0.3375225365161896,113200,0.0,0.0
2021-12-15 00:00:00+08:00,0.3375225365161896,0.341402102180324,0.3375225365161896,0.3375225365161896,57600,0.0,0.0
2021-12-16 00:00:00+08:00,0.3375225365161896,0.341402102180324,0.3375225365161896,0.3375225365161896,321700,0.0,0.0
2021-12-17 00:00:00+08:00,0.3375225365161896,0.341402102180324,0.3336429708520552,0.3375225365161896,712500,0.0,0.0
2021-12-20 00:00:00+08:00,0.33752249497910125,0.33752249497910125,0.3336429297924042,0.3336429297924042,183300,0.0,0.0
2021-12-21 00:00:00+08:00,0.3336429297924042,0.33752249497910125,0.3336429297924042,0.3336429297924042,383700,0.0,0.0
2021-12-22 00:00:00+08:00,0.3336429297924042,0.33752249497910125,0.3336429297924042,0.3336429297924042,329400,0.0,0.0
2021-12-23 00:00:00+08:00,0.3336429297924042,0.33752249497910125,0.3336429297924042,0.3336429297924042,1060800,0.0,0.0
2021-12-24 00:00:00+08:00,0.3336429297924042,0.33752249497910125,0.3336429297924042,0.3336429297924042,390200,0.0,0.0
2021-12-27 00:00:00+08:00,0.3375225476455941,0.3414021134376526,0.33364298185353564,0.3414021134376526,678800,0.0,0.0
2021-12-28 00:00:00+08:00,0.341402102180324,0.341402102180324,0.3375225365161896,0.3375225365161896,513400,0.0,0.0
2021-12-29 00:00:00+08:00,0.3375225476455941,0.3414021134376526,0.3375225476455941,0.3414021134376526,792600,0.0,0.0
2021-12-30 00:00:00+08:00,0.3375225365161896,0.341402102180324,0.3375225365161896,0.3375225365161896,523700,0.0,0.0
2021-12-31 00:00:00+08:00,0.3414020949745426,0.3452816605567932,0.337522529392292,0.3452816605567932,993300,0.0,0.0
2022-01-03 00:00:00+08:00,0.3414021134376526,0.34528167922971104,0.3414021134376526,0.3414021134376526,211800,0.0,0.0
2022-01-04 00:00:00+08:00,0.3414020949745426,0.3452816605567932,0.3414020949745426,0.3452816605567932,334600,0.0,0.0
2022-01-05 00:00:00+08:00,0.3452816678444584,0.3452816678444584,0.3375225365161896,0.3375225365161896,705500,0.0,0.0
2022-01-06 00:00:00+08:00,0.3414021134376526,0.34528167922971104,0.3375225476455941,0.3414021134376526,2426600,0.0,0.0
2022-01-07 00:00:00+08:00,0.3414021134376526,0.34528167922971104,0.3414021134376526,0.3414021134376526,281300,0.0,0.0
2022-01-10 00:00:00+08:00,0.3414021134376526,0.34528167922971104,0.33364298185353564,0.3414021134376526,2770700,0.0,0.0
2022-01-11 00:00:00+08:00,0.34528167922971104,0.34528167922971104,0.3375225476455941,0.3414021134376526,767300,0.0,0.0
2022-01-12 00:00:00+08:00,0.3375225476455941,0.34528167922971104,0.3375225476455941,0.3414021134376526,680100,0.0,0.0
2022-01-13 00:00:00+08:00,0.34528164229882874,0.34916120767593384,0.3414020769217236,0.34916120767593384,999900,0.0,0.0
2022-01-14 00:00:00+08:00,0.3491612261390438,0.3491612261390438,0.3452816605567932,0.3452816605567932,672400,0.0,0.0
2022-01-17 00:00:00+08:00,0.34528164229882874,0.34916120767593384,0.34528164229882874,0.34916120767593384,111100,0.0,0.0
2022-01-18 00:00:00+08:00,0.34528164229882874,0.34916120767593384,0.34528164229882874,0.34916120767593384,3618100,0.0,0.0
2022-01-19 00:00:00+08:00,0.34916120767593384,0.3530407961770727,0.34528164229882874,0.34916120767593384,822100,0.0,0.0
2022-01-20 00:00:00+08:00,0.35304081439971924,0.35304081439971924,0.35304081439971924,0.35304081439971924,704500,0.0,0.0
2022-01-21 00:00:00+08:00,0.35304081439971924,0.35304081439971924,0.3491612256983306,0.35304081439971924,773000,0.0,0.0
2022-01-24 00:00:00+08:00,0.34916120767593384,0.35692036155417783,0.34916120767593384,0.34916120767593384,2453600,0.0,0.0
2022-01-25 00:00:00+08:00,0.3530407961770727,0.35692036155417783,0.34916120767593384,0.34916120767593384,3191900,0.0,0.0
2022-01-26 00:00:00+08:00,0.35304081439971924,0.35692037997707304,0.3491612256983306,0.35304081439971924,1394400,0.0,0.0
2022-01-27 00:00:00+08:00,0.3495851457118988,0.35360336192345615,0.3415487132887841,0.3495851457118988,7110800,0.0157,0.0
2022-01-28 00:00:00+08:00,0.35360336192345615,0.35360336192345615,0.34556692950034146,0.3495851457118988,1801800,0.0,0.0
2022-01-31 00:00:00+08:00,0.3495851468128969,0.3536033630371094,0.3495851468128969,0.3536033630371094,139700,0.0,0.0
2022-02-03 00:00:00+08:00,0.3536033630371094,0.3536033630371094,0.3495851468128969,0.3536033630371094,1250000,0.0,0.0
2022-02-04 00:00:00+08:00,0.35360336192345615,0.35360336192345615,0.3495851457118988,0.3495851457118988,852500,0.0,0.0
2022-02-07 00:00:00+08:00,0.35360336192345615,0.35360336192345615,0.3495851457118988,0.3495851457118988,190900,0.0,0.0
2022-02-08 00:00:00+08:00,0.3536033630371094,0.3576215792613219,0.3495851468128969,0.3536033630371094,856600,0.0,0.0
2022-02-09 00:00:00+08:00,0.3536033630371094,0.3576215792613219,0.3536033630371094,0.3536033630371094,764600,0.0,0.0
2022-02-10 00:00:00+08:00,0.35762155196766565,0.36163976788520813,0.3536033360501232,0.36163976788520813,509500,0.0,0.0
2022-02-11 00:00:00+08:00,0.3576215792613219,0.3616397954855343,0.3536033630371094,0.3536033630371094,547200,0.0,0.0
2022-02-14 00:00:00+08:00,0.3536033641257367,0.36163979659890316,0.3536033641257367,0.35762158036231995,910700,0.0,0.0
2022-02-15 00:00:00+08:00,0.3536033641257367,0.35762158036231995,0.3536033641257367,0.35762158036231995,1548900,0.0,0.0
2022-02-16 00:00:00+08:00,0.36163976788520813,0.36163976788520813,0.3536033360501232,0.36163976788520813,295200,0.0,0.0
2022-02-17 00:00:00+08:00,0.36163976788520813,0.36163976788520813,0.3536033360501232,0.36163976788520813,595500,0.0,0.0
2022-02-18 00:00:00+08:00,0.3536033360501232,0.36163976788520813,0.3536033360501232,0.36163976788520813,232900,0.0,0.0
2022-02-21 00:00:00+08:00,0.36163976788520813,0.3656580077532067,0.3536033360501232,0.36163976788520813,1381800,0.0,0.0
2022-02-22 00:00:00+08:00,0.35762155196766565,0.36163976788520813,0.3536033360501232,0.36163976788520813,923700,0.0,0.0
2022-02-23 00:00:00+08:00,0.35762155906764953,0.3656580150127411,0.35762155906764953,0.3656580150127411,909600,0.0,0.0
2022-02-24 00:00:00+08:00,0.36163977506496703,0.3656580150127411,0.35360334307033203,0.3656580150127411,3535300,0.0,0.0
2022-02-25 00:00:00+08:00,0.36163976788520813,0.3656580077532067,0.35762155196766565,0.36163976788520813,325400,0.0,0.0
2022-02-28 00:00:00+08:00,0.36163976788520813,0.3656580077532067,0.35762155196766565,0.36163976788520813,1666900,0.0,0.0
2022-03-01 00:00:00+08:00,0.36163976788520813,0.3656580077532067,0.35762155196766565,0.36163976788520813,444600,0.0,0.0
2022-03-02 00:00:00+08:00,0.36163976788520813,0.36163976788520813,0.35762155196766565,0.36163976788520813,419900,0.0,0.0
2022-03-03 00:00:00+08:00,0.35762155906764953,0.3656580150127411,0.35762155906764953,0.3656580150127411,142700,0.0,0.0
2022-03-04 00:00:00+08:00,0.36163977506496703,0.3656580150127411,0.35762155906764953,0.3656580150127411,764900,0.0,0.0
2022-03-07 00:00:00+08:00,0.3656580367859444,0.3656580367859444,0.35762158036231995,0.35762158036231995,389700,0.0,0.0
2022-03-08 00:00:00+08:00,0.35762155196766565,0.36163976788520813,0.35762155196766565,0.36163976788520813,2784700,0.0,0.0
2022-03-09 00:00:00+08:00,0.36163976788520813,0.36163976788520813,0.35762155196766565,0.36163976788520813,489200,0.0,0.0
2022-03-10 00:00:00+08:00,0.36163976788520813,0.36163976788520813,0.36163976788520813,0.36163976788520813,162200,0.0,0.0
2022-03-11 00:00:00+08:00,0.3616397487941264,0.3857490669770985,0.35762153308870687,0.37369441986083984,5703900,0.0,0.0
2022-03-14 00:00:00+08:00,0.3736944395882917,0.3736944395882917,0.36163976788520813,0.36163976788520813,1172200,0.0,0.0
2022-03-15 00:00:00+08:00,0.36163976788520813,0.3656580077532067,0.36163976788520813,0.36163976788520813,427800,0.0,0.0
2022-03-16 00:00:00+08:00,0.3656580150127411,0.3656580150127411,0.35762155906764953,0.3656580150127411,2626600,0.0,0.0
2022-03-17 00:00:00+08:00,0.3656580077532067,0.3696762236707492,0.36163976788520813,0.36163976788520813,272900,0.0,0.0
2022-03-18 00:00:00+08:00,0.3656580150127411,0.3696762310100586,0.36163977506496703,0.3656580150127411,1443200,0.0,0.0
2022-03-21 00:00:00+08:00,0.36565801632620054,0.36967623233795166,0.3616397763639928,0.36967623233795166,360800,0.0,0.0
2022-03-22 00:00:00+08:00,0.3656580150127411,0.3696762310100586,0.3656580150127411,0.3656580150127411,98900,0.0,0.0
2022-03-23 00:00:00+08:00,0.3656580150127411,0.3696762310100586,0.3656580150127411,0.3656580150127411,100500,0.0,0.0
2022-03-24 00:00:00+08:00,0.36163977506496703,0.3696762310100586,0.36163977506496703,0.3656580150127411,213000,0.0,0.0
2022-03-25 00:00:00+08:00,0.3656580150127411,0.3696762310100586,0.3656580150127411,0.3656580150127411,160200,0.0,0.0
2022-03-28 00:00:00+08:00,0.3696762041554203,0.37369441986083984,0.3696762041554203,0.37369441986083984,715700,0.0,0.0
2022-03-29 00:00:00+08:00,0.3736944483497028,0.3736944483497028,0.36565801632620054,0.36967623233795166,202900,0.0,0.0
2022-03-30 00:00:00+08:00,0.37369441986083984,0.37369441986083984,0.3696762041554203,0.37369441986083984,835600,0.0,0.0
2022-03-31 00:00:00+08:00,0.3777126355662594,0.3777126355662594,0.37369441986083984,0.37369441986083984,702300,0.0,0.0
2022-04-01 00:00:00+08:00,0.3777126669883728,0.3777126669883728,0.3696762349089788,0.3777126669883728,171500,0.0,0.0
2022-04-04 00:00:00+08:00,0.3777126355662594,0.3777126355662594,0.3696762041554203,0.37369441986083984,531600,0.0,0.0
2022-04-05 00:00:00+08:00,0.37369441986083984,0.37369441986083984,0.3696762041554203,0.37369441986083984,117400,0.0,0.0
2022-04-06 00:00:00+08:00,0.36967623233795166,0.36967623233795166,0.36565801632620054,0.36967623233795166,530000,0.0,0.0
2022-04-07 00:00:00+08:00,0.3696762041554203,0.37369441986083984,0.36565798845000075,0.37369441986083984,331700,0.0,0.0
2022-04-08 00:00:00+08:00,0.3696762041554203,0.37369441986083984,0.36565798845000075,0.37369441986083984,68800,0.0,0.0
2022-04-11 00:00:00+08:00,0.3696762236707492,0.3696762236707492,0.36163976788520813,0.36163976788520813,362100,0.0,0.0
2022-04-12 00:00:00+08:00,0.36163976788520813,0.3656580077532067,0.36163976788520813,0.36163976788520813,392600,0.0,0.0
2022-04-13 00:00:00+08:00,0.36163976788520813,0.3656580077532067,0.35762155196766565,0.36163976788520813,470200,0.0,0.0
2022-04-14 00:00:00+08:00,0.36163976788520813,0.36163976788520813,0.36163976788520813,0.36163976788520813,48200,0.0,0.0
2022-04-18 00:00:00+08:00,0.36163976788520813,0.3656580077532067,0.36163976788520813,0.36163976788520813,23000,0.0,0.0
2022-04-19 00:00:00+08:00,0.36163976788520813,0.3656580077532067,0.36163976788520813,0.36163976788520813,61700,0.0,0.0
2022-04-20 00:00:00+08:00,0.36163976788520813,0.3656580077532067,0.35762155196766565,0.36163976788520813,395000,0.0,0.0
2022-04-21 00:00:00+08:00,0.3656580077532067,0.3656580077532067,0.35762155196766565,0.36163976788520813,886800,0.0,0.0
2022-04-22 00:00:00+08:00,0.36163977506496703,0.3656580150127411,0.36163977506496703,0.3656580150127411,593700,0.0,0.0
2022-04-25 00:00:00+08:00,0.36163976788520813,0.3656580077532067,0.36163976788520813,0.36163976788520813,551200,0.0,0.0
2022-04-26 00:00:00+08:00,0.36163976788520813,0.36163976788520813,0.36163976788520813,0.36163976788520813,118200,0.0,0.0
2022-04-27 00:00:00+08:00,0.36163976788520813,0.3656580077532067,0.36163976788520813,0.36163976788520813,777800,0.0,0.0
2022-04-28 00:00:00+08:00,0.36163976788520813,0.3656580077532067,0.35762155196766565,0.36163976788520813,1782200,0.0,0.0
2022-04-29 00:00:00+08:00,0.36163977506496703,0.3656580150127411,0.35762155906764953,0.3656580150127411,1047400,0.0,0.0
2022-05-04 00:00:00+08:00,0.36163976788520813,0.36163976788520813,0.35762155196766565,0.36163976788520813,5974000,0.0,0.0
2022-05-05 00:00:00+08:00,0.36163979659890316,0.36163979659890316,0.35762158036231995,0.35762158036231995,1085200,0.0,0.0
2022-05-06 00:00:00+08:00,0.35762158036231995,0.36163979659890316,0.35762158036231995,0.35762158036231995,430100,0.0,0.0
2022-05-09 00:00:00+08:00,0.35762158036231995,0.36163979659890316,0.35762158036231995,0.35762158036231995,50800,0.0,0.0
2022-05-10 00:00:00+08:00,0.35762158036231995,0.35762158036231995,0.3536033641257367,0.35762158036231995,1056800,0.0,0.0
2022-05-11 00:00:00+08:00,0.3576215792613219,0.3616397954855343,0.3536033630371094,0.3536033630371094,3092500,0.0,0.0
2022-05-12 00:00:00+08:00,0.3536033360501232,0.36163976788520813,0.3536033360501232,0.36163976788520813,1706500,0.0,0.0
2022-05-13 00:00:00+08:00,0.35762155196766565,0.36163976788520813,0.3536033360501232,0.36163976788520813,1648800,0.0,0.0
2022-05-17 00:00:00+08:00,0.3576215792613219,0.3616397954855343,0.3536033630371094,0.3536033630371094,1982200,0.0,0.0
2022-05-18 00:00:00+08:00,0.35762155196766565,0.36163976788520813,0.3536033360501232,0.36163976788520813,431400,0.0,0.0
2022-05-19 00:00:00+08:00,0.35762155196766565,0.36163976788520813,0.35762155196766565,0.36163976788520813,169100,0.0,0.0
2022-05-20 00:00:00+08:00,0.3616397954855343,0.3616397954855343,0.3536033630371094,0.3536033630371094,99400,0.0,0.0
2022-05-23 00:00:00+08:00,0.3536033641257367,0.36163979659890316,0.3536033641257367,0.35762158036231995,1390900,0.0,0.0
2022-05-24 00:00:00+08:00,0.35762155196766565,0.36163976788520813,0.3536033360501232,0.36163976788520813,318800,0.0,0.0
2022-05-25 00:00:00+08:00,0.3576215792613219,0.3576215792613219,0.3536033630371094,0.3536033630371094,523200,0.0,0.0
2022-05-26 00:00:00+08:00,0.35762158036231995,0.36163979659890316,0.3536033641257367,0.35762158036231995,389100,0.0,0.0
2022-05-27 00:00:00+08:00,0.35762155196766565,0.36163976788520813,0.35762155196766565,0.36163976788520813,144500,0.0,0.0
2022-05-30 00:00:00+08:00,0.35762158036231995,0.3656580367859444,0.35762158036231995,0.35762158036231995,1854500,0.0,0.0
2022-05-31 00:00:00+08:00,0.36163977506496703,0.3656580150127411,0.35762155906764953,0.3656580150127411,177400,0.0,0.0
2022-06-01 00:00:00+08:00,0.3656580150127411,0.3656580150127411,0.36163977506496703,0.3656580150127411,277200,0.0,0.0
2022-06-02 00:00:00+08:00,0.3656580150127411,0.3656580150127411,0.36163977506496703,0.3656580150127411,134000,0.0,0.0
2022-06-03 00:00:00+08:00,0.3656580150127411,0.3696762310100586,0.36163977506496703,0.3656580150127411,276400,0.0,0.0
2022-06-06 00:00:00+08:00,0.36565801632620054,0.36967623233795166,0.36565801632620054,0.36967623233795166,287500,0.0,0.0
2022-06-07 00:00:00+08:00,0.3696762236707492,0.3696762236707492,0.36163976788520813,0.36163976788520813,389500,0.0,0.0
2022-06-08 00:00:00+08:00,0.3656580150127411,0.3696762310100586,0.3656580150127411,0.3656580150127411,158500,0.0,0.0
2022-06-09 00:00:00+08:00,0.3656580150127411,0.3656580150127411,0.36163977506496703,0.3656580150127411,108100,0.0,0.0
2022-06-10 00:00:00+08:00,0.3656580077532067,0.3696762236707492,0.36163976788520813,0.36163976788520813,123300,0.0,0.0
2022-06-13 00:00:00+08:00,0.36163977506496703,0.3656580150127411,0.35762155906764953,0.3656580150127411,586100,0.0,0.0
2022-06-14 00:00:00+08:00,0.35762155196766565,0.36163976788520813,0.35762155196766565,0.36163976788520813,1531100,0.0,0.0
2022-06-15 00:00:00+08:00,0.36163979659890316,0.36163979659890316,0.3536033641257367,0.35762158036231995,954900,0.0,0.0
2022-06-16 00:00:00+08:00,0.35762155196766565,0.36163976788520813,0.35762155196766565,0.36163976788520813,170700,0.0,0.0
2022-06-17 00:00:00+08:00,0.35762158036231995,0.36163979659890316,0.3536033641257367,0.35762158036231995,599500,0.0,0.0
2022-06-20 00:00:00+08:00,0.3576215792613219,0.3616397954855343,0.3536033630371094,0.3536033630371094,987900,0.0,0.0
2022-06-21 00:00:00+08:00,0.3536033641257367,0.36163979659890316,0.3536033641257367,0.35762158036231995,114700,0.0,0.0
2022-06-22 00:00:00+08:00,0.35762155196766565,0.36163976788520813,0.35762155196766565,0.36163976788520813,119600,0.0,0.0
2022-06-23 00:00:00+08:00,0.36163976788520813,0.3656580077532067,0.36163976788520813,0.36163976788520813,493300,0.0,0.0
2022-06-24 00:00:00+08:00,0.36163976788520813,0.3656580077532067,0.36163976788520813,0.36163976788520813,264600,0.0,0.0
2022-06-27 00:00:00+08:00,0.36163976788520813,0.36163976788520813,0.35762155196766565,0.36163976788520813,252600,0.0,0.0
2022-06-28 00:00:00+08:00,0.35762155196766565,0.36163976788520813,0.35762155196766565,0.36163976788520813,302400,0.0,0.0
2022-06-29 00:00:00+08:00,0.36163976788520813,0.3656580077532067,0.35762155196766565,0.36163976788520813,160900,0.0,0.0
2022-06-30 00:00:00+08:00,0.36163977506496703,0.3656580150127411,0.36163977506496703,0.3656580150127411,115100,0.0,0.0
2022-07-01 00:00:00+08:00,0.36163976788520813,0.36163976788520813,0.35762155196766565,0.36163976788520813,119200,0.0,0.0
2022-07-04 00:00:00+08:00,0.36163976788520813,0.36163976788520813,0.35762155196766565,0.36163976788520813,43700,0.0,0.0
2022-07-05 00:00:00+08:00,0.36163979659890316,0.36163979659890316,0.35762158036231995,0.35762158036231995,461800,0.0,0.0
2022-07-06 00:00:00+08:00,0.3616397954855343,0.3616397954855343,0.3536033630371094,0.3536033630371094,503500,0.0,0.0
2022-07-07 00:00:00+08:00,0.3536033360501232,0.36163976788520813,0.3536033360501232,0.36163976788520813,313700,0.0,0.0
2022-07-08 00:00:00+08:00,0.36163976788520813,0.36163976788520813,0.35762155196766565,0.36163976788520813,39200,0.0,0.0
2022-07-12 00:00:00+08:00,0.35762155196766565,0.36163976788520813,0.35762155196766565,0.36163976788520813,329900,0.0,0.0
2022-07-13 00:00:00+08:00,0.35762158036231995,0.35762158036231995,0.35762158036231995,0.35762158036231995,1457800,0.0,0.0
2022-07-14 00:00:00+08:00,0.3576215792613219,0.3576215792613219,0.3536033630371094,0.3536033630371094,329100,0.0,0.0
2022-07-15 00:00:00+08:00,0.3576215781350135,0.3576215781350135,0.3495851457118988,0.3495851457118988,2199000,0.0,0.0
2022-07-18 00:00:00+08:00,0.3495851468128969,0.3536033630371094,0.3495851468128969,0.3536033630371094,246600,0.0,0.0
2022-07-19 00:00:00+08:00,0.35360336192345615,0.35360336192345615,0.3495851457118988,0.3495851457118988,371700,0.0,0.0
2022-07-20 00:00:00+08:00,0.3536033641257367,0.35762158036231995,0.34958514788915346,0.35762158036231995,658500,0.0,0.0
2022-07-21 00:00:00+08:00,0.35762158036231995,0.36163979659890316,0.35762158036231995,0.35762158036231995,1922800,0.0,0.0
2022-07-22 00:00:00+08:00,0.35762155196766565,0.3656580077532067,0.35762155196766565,0.36163976788520813,4393900,0.0,0.0
2022-07-25 00:00:00+08:00,0.36163977506496703,0.3656580150127411,0.36163977506496703,0.3656580150127411,555700,0.0,0.0
2022-07-26 00:00:00+08:00,0.36163976788520813,0.3656580077532067,0.36163976788520813,0.36163976788520813,2396800,0.0,0.0
2022-07-27 00:00:00+08:00,0.36655494570732117,0.36655494570732117,0.36238955254687233,0.36655494570732117,1367100,0.0159,0.0
2022-07-28 00:00:00+08:00,0.36655494570732117,0.37072033886777,0.36238955254687233,0.36655494570732117,1763000,0.0,0.0
2022-07-29 00:00:00+08:00,0.36655494570732117,0.37072033886777,0.36655494570732117,0.36655494570732117,768600,0.0,0.0
2022-08-01 00:00:00+08:00,0.36655494570732117,0.36655494570732117,0.36238955254687233,0.36655494570732117,227100,0.0,0.0
2022-08-02 00:00:00+08:00,0.3665549578121639,0.3665549578121639,0.36238956451416016,0.36238956451416016,780700,0.0,0.0
2022-08-03 00:00:00+08:00,0.3665549578121639,0.3665549578121639,0.36238956451416016,0.36238956451416016,350300,0.0,0.0
2022-08-04 00:00:00+08:00,0.3665549578121639,0.3665549578121639,0.36238956451416016,0.36238956451416016,674200,0.0,0.0
2022-08-05 00:00:00+08:00,0.36655496334196225,0.37072035670280457,0.36238956998112,0.37072035670280457,1170900,0.0,0.0
2022-08-08 00:00:00+08:00,0.37072033886777,0.37488573202821884,0.36655494570732117,0.36655494570732117,231500,0.0,0.0
2022-08-10 00:00:00+08:00,0.37072033886777,0.37488573202821884,0.36655494570732117,0.36655494570732117,209700,0.0,0.0
2022-08-11 00:00:00+08:00,0.37072033886777,0.37072033886777,0.36655494570732117,0.36655494570732117,317800,0.0,0.0
2022-08-12 00:00:00+08:00,0.3665549578121639,0.3665549578121639,0.36238956451416016,0.36238956451416016,1276300,0.0,0.0
2022-08-15 00:00:00+08:00,0.36238956998112,0.3748857500636469,0.36238956998112,0.37072035670280457,1744900,0.0,0.0
2022-08-16 00:00:00+08:00,0.37488573202821884,0.37488573202821884,0.36655494570732117,0.36655494570732117,1551700,0.0,0.0
2022-08-17 00:00:00+08:00,0.37072035670280457,0.37072035670280457,0.37072035670280457,0.37072035670280457,18700,0.0,0.0
2022-08-18 00:00:00+08:00,0.37072033886777,0.37072033886777,0.36655494570732117,0.36655494570732117,329500,0.0,0.0
2022-08-19 00:00:00+08:00,0.37072035670280457,0.37072035670280457,0.36655496334196225,0.37072035670280457,138600,0.0,0.0
2022-08-22 00:00:00+08:00,0.37072033886777,0.37072033886777,0.36655494570732117,0.36655494570732117,175200,0.0,0.0
2022-08-23 00:00:00+08:00,0.37072033886777,0.37072033886777,0.36655494570732117,0.36655494570732117,420800,0.0,0.0
2022-08-24 00:00:00+08:00,0.36655496334196225,0.37072035670280457,0.36655496334196225,0.37072035670280457,20600,0.0,0.0
2022-08-25 00:00:00+08:00,0.37072035670280457,0.37072035670280457,0.37072035670280457,0.37072035670280457,1284200,0.0,0.0
2022-08-26 00:00:00+08:00,0.37488576769828796,0.37488576769828796,0.3707203741415054,0.37488576769828796,214400,0.0,0.0
2022-08-29 00:00:00+08:00,0.37488573202821884,0.37488573202821884,0.36655494570732117,0.36655494570732117,109800,0.0,0.0
2022-08-30 00:00:00+08:00,0.36655496334196225,0.3748857500636469,0.36655496334196225,0.37072035670280457,160300,0.0,0.0
2022-08-31 00:00:00+08:00,0.37072035670280457,0.37072035670280457,0.36655496334196225,0.37072035670280457,1570000,0.0,0.0
2022-09-01 00:00:00+08:00,0.3707203741415054,0.37488576769828796,0.3707203741415054,0.37488576769828796,277600,0.0,0.0
2022-09-02 00:00:00+08:00,0.37488576769828796,0.37488576769828796,0.3707203741415054,0.37488576769828796,139900,0.0,0.0
2022-09-05 00:00:00+08:00,0.37488576769828796,0.37488576769828796,0.3665549805847228,0.37488576769828796,71500,0.0,0.0
2022-09-06 00:00:00+08:00,0.3707203741415054,0.37488576769828796,0.3665549805847228,0.37488576769828796,13900,0.0,0.0
2022-09-07 00:00:00+08:00,0.37488573202821884,0.37488573202821884,0.36655494570732117,0.36655494570732117,65500,0.0,0.0
2022-09-08 00:00:00+08:00,0.37072033886777,0.37072033886777,0.36655494570732117,0.36655494570732117,79100,0.0,0.0
2022-09-09 00:00:00+08:00,0.36655494570732117,0.36655494570732117,0.36655494570732117,0.36655494570732117,151600,0.0,0.0
2022-09-12 00:00:00+08:00,0.37072033886777,0.37072033886777,0.36655494570732117,0.36655494570732117,128300,0.0,0.0
2022-09-13 00:00:00+08:00,0.36655494570732117,0.37072033886777,0.36655494570732117,0.36655494570732117,175100,0.0,0.0
2022-09-14 00:00:00+08:00,0.3665549805847228,0.37488576769828796,0.3623895870279402,0.37488576769828796,1273400,0.0,0.0
2022-09-15 00:00:00+08:00,0.3665549805847228,0.37488576769828796,0.3665549805847228,0.37488576769828796,52900,0.0,0.0
2022-09-16 00:00:00+08:00,0.37072033886777,0.37072033886777,0.36655494570732117,0.36655494570732117,524900,0.0,0.0
2022-09-19 00:00:00+08:00,0.37072033886777,0.37072033886777,0.36655494570732117,0.36655494570732117,183600,0.0,0.0
2022-09-20 00:00:00+08:00,0.36655496334196225,0.37072035670280457,0.36655496334196225,0.37072035670280457,111200,0.0,0.0
2022-09-21 00:00:00+08:00,0.37072035670280457,0.37072035670280457,0.36655496334196225,0.37072035670280457,177400,0.0,0.0
2022-09-22 00:00:00+08:00,0.36655496334196225,0.37072035670280457,0.36655496334196225,0.37072035670280457,363800,0.0,0.0
2022-09-23 00:00:00+08:00,0.37072035111016766,0.37072035111016766,0.36238956451416016,0.36238956451416016,349300,0.0,0.0
2022-09-26 00:00:00+08:00,0.36238956451416016,0.36238956451416016,0.3582241712161564,0.36238956451416016,1446100,0.0,0.0
2022-09-27 00:00:00+08:00,0.36238954661089606,0.36238954661089606,0.35405876042645745,0.35822415351867676,696700,0.0,0.0
2022-09-28 00:00:00+08:00,0.35822415351867676,0.35822415351867676,0.3457279494143176,0.35822415351867676,1055600,0.0,0.0
2022-09-29 00:00:00+08:00,0.35405877947404324,0.35822417279035157,0.345727968013724,0.34989336133003235,1617900,0.0,0.0
2022-09-30 00:00:00+08:00,0.3457279494143176,0.35822415351867676,0.3457279494143176,0.35822415351867676,410300,0.0,0.0
2022-10-03 00:00:00+08:00,0.35405877232551575,0.35405877232551575,0.3498933542656056,0.35405877232551575,152400,0.0,0.0
2022-10-04 00:00:00+08:00,0.35405877232551575,0.35405877232551575,0.3498933542656056,0.35405877232551575,377600,0.0,0.0
2022-10-05 00:00:00+08:00,0.35405877947404324,0.35405877947404324,0.34989336133003235,0.34989336133003235,128100,0.0,0.0
2022-10-06 00:00:00+08:00,0.35405877947404324,0.35405877947404324,0.345727968013724,0.34989336133003235,1378400,0.0,0.0
2022-10-07 00:00:00+08:00,0.35405877947404324,0.35405877947404324,0.34989336133003235,0.34989336133003235,153900,0.0,0.0
2022-10-10 00:00:00+08:00,0.34989336133003235,0.35405877947404324,0.3415625746974157,0.34989336133003235,1439400,0.0,0.0
2022-10-11 00:00:00+08:00,0.34989336133003235,0.34989336133003235,0.345727968013724,0.34989336133003235,53500,0.0,0.0
2022-10-12 00:00:00+08:00,0.34572795033454895,0.3498933434378554,0.34156255723124257,0.34572795033454895,188500,0.0,0.0
2022-10-13 00:00:00+08:00,0.3498933434378554,0.3498933434378554,0.34156255723124257,0.34572795033454895,1176700,0.0,0.0
2022-10-14 00:00:00+08:00,0.34572795033454895,0.34572795033454895,0.33739716412793613,0.34572795033454895,1195000,0.0,0.0
2022-10-17 00:00:00+08:00,0.34572793222417486,0.34572793222417486,0.3332317535688469,0.34156253933906555,1034800,0.0,0.0
2022-10-18 00:00:00+08:00,0.34572793222417486,0.3498933251092842,0.3373971464539562,0.34156253933906555,921300,0.0,0.0
2022-10-19 00:00:00+08:00,0.34156258134561074,0.34156258134561074,0.33739718794822693,0.33739718794822693,560200,0.0,0.0
2022-10-20 00:00:00+08:00,0.33739720030500236,0.3415625938549388,0.3332318067550659,0.3332318067550659,1061300,0.0,0.0
2022-10-21 00:00:00+08:00,0.33739718985455847,0.33739718985455847,0.31657019792226165,0.3249009847640991,3994100,0.0,0.0
2022-10-25 00:00:00+08:00,0.3290664255619049,0.33323181926825607,0.3290664255619049,0.3290664255619049,413500,0.0,0.0
2022-10-26 00:00:00+08:00,0.32906640115345936,0.34156258134561074,0.32906640115345936,0.33739718794822693,464100,0.0,0.0
2022-10-27 00:00:00+08:00,0.33739718794822693,0.34156258134561074,0.3332317945508431,0.33739718794822693,252800,0.0,0.0
2022-10-28 00:00:00+08:00,0.33739718794822693,0.34156258134561074,0.33739718794822693,0.33739718794822693,138500,0.0,0.0
2022-10-31 00:00:00+08:00,0.3373971464539562,0.34156253933906555,0.3373971464539562,0.34156253933906555,53800,0.0,0.0
2022-11-01 00:00:00+08:00,0.34156258134561074,0.34156258134561074,0.3332317945508431,0.33739718794822693,162100,0.0,0.0
2022-11-02 00:00:00+08:00,0.3373971464539562,0.34156253933906555,0.3373971464539562,0.34156253933906555,157600,0.0,0.0
2022-11-03 00:00:00+08:00,0.33739720030500236,0.3415625938549388,0.3332318067550659,0.3332318067550659,37600,0.0,0.0
2022-11-04 00:00:00+08:00,0.3332317535688469,0.34156253933906555,0.3332317535688469,0.34156253933906555,202000,0.0,0.0
2022-11-07 00:00:00+08:00,0.34156253933906555,0.34156253933906555,0.3332317535688469,0.34156253933906555,74600,0.0,0.0
2022-11-08 00:00:00+08:00,0.3373971464539562,0.34156253933906555,0.3332317535688469,0.34156253933906555,88900,0.0,0.0
2022-11-09 00:00:00+08:00,0.3373971464539562,0.34156253933906555,0.3373971464539562,0.34156253933906555,201000,0.0,0.0
2022-11-10 00:00:00+08:00,0.34156253933906555,0.34156253933906555,0.3332317535688469,0.34156253933906555,81000,0.0,0.0
2022-11-11 00:00:00+08:00,0.3457279747429945,0.3457279747429945,0.33739718794822693,0.33739718794822693,603900,0.0,0.0
2022-11-14 00:00:00+08:00,0.34572793222417486,0.34572793222417486,0.34156253933906555,0.34156253933906555,82300,0.0,0.0
2022-11-15 00:00:00+08:00,0.34156255723124257,0.34572795033454895,0.34156255723124257,0.34572795033454895,114300,0.0,0.0
2022-11-16 00:00:00+08:00,0.345727968013724,0.34989336133003235,0.345727968013724,0.34989336133003235,220700,0.0,0.0
2022-11-17 00:00:00+08:00,0.3498933542656056,0.35405877232551575,0.34572796103339754,0.35405877232551575,118800,0.0,0.0
2022-11-18 00:00:00+08:00,0.35822415351867676,0.35822415351867676,0.35405876042645745,0.35822415351867676,85400,0.0,0.0
2022-11-21 00:00:00+08:00,0.34989336133003235,0.35405877947404324,0.34989336133003235,0.34989336133003235,227100,0.0,0.0
2022-11-22 00:00:00+08:00,0.35405876136886305,0.35405876136886305,0.34572795033454895,0.34572795033454895,396400,0.0,0.0
2022-11-23 00:00:00+08:00,0.345727968013724,0.34989336133003235,0.345727968013724,0.34989336133003235,437200,0.0,0.0
2022-11-24 00:00:00+08:00,0.34989336133003235,0.34989336133003235,0.345727968013724,0.34989336133003235,40800,0.0,0.0
2022-11-25 00:00:00+08:00,0.34572795033454895,0.3498933434378554,0.34572795033454895,0.34572795033454895,16500,0.0,0.0
2022-11-28 00:00:00+08:00,0.345727968013724,0.34989336133003235,0.345727968013724,0.34989336133003235,63600,0.0,0.0
2022-11-29 00:00:00+08:00,0.34572795033454895,0.3498933434378554,0.34572795033454895,0.34572795033454895,28700,0.0,0.0
2022-11-30 00:00:00+08:00,0.34572795033454895,0.3498933434378554,0.34572795033454895,0.34572795033454895,262100,0.0,0.0
2022-12-01 00:00:00+08:00,0.34989336133003235,0.34989336133003235,0.345727968013724,0.34989336133003235,152600,0.0,0.0
2022-12-02 00:00:00+08:00,0.34989336133003235,0.35405877947404324,0.34989336133003235,0.34989336133003235,56200,0.0,0.0
2022-12-05 00:00:00+08:00,0.3498933542656056,0.35405877232551575,0.34572796103339754,0.35405877232551575,35400,0.0,0.0
2022-12-06 00:00:00+08:00,0.34989335979244646,0.3665549578121639,0.34989335979244646,0.36238956451416016,1497000,0.0,0.0
2022-12-07 00:00:00+08:00,0.35405876042645745,0.36238954661089606,0.35405876042645745,0.35822415351867676,74200,0.0,0.0
2022-12-08 00:00:00+08:00,0.35405876042645745,0.36238954661089606,0.35405876042645745,0.35822415351867676,97900,0.0,0.0
2022-12-09 00:00:00+08:00,0.35822415351867676,0.35822415351867676,0.35405876042645745,0.35822415351867676,35200,0.0,0.0
2022-12-12 00:00:00+08:00,0.35405877232551575,0.35822416555772385,0.35405877232551575,0.35405877232551575,100000,0.0,0.0
2022-12-13 00:00:00+08:00,0.3582241712161564,0.36238956451416016,0.35405877791815266,0.36238956451416016,147300,0.0,0.0
2022-12-14 00:00:00+08:00,0.3582241712161564,0.36238956451416016,0.3582241712161564,0.36238956451416016,181300,0.0,0.0
2022-12-15 00:00:00+08:00,0.3582241712161564,0.36238956451416016,0.3582241712161564,0.36238956451416016,115000,0.0,0.0
2022-12-16 00:00:00+08:00,0.36238954661089606,0.36238954661089606,0.35405876042645745,0.35822415351867676,405700,0.0,0.0
2022-12-19 00:00:00+08:00,0.36238954661089606,0.36238954661089606,0.35822415351867676,0.35822415351867676,42400,0.0,0.0
2022-12-20 00:00:00+08:00,0.3582241712161564,0.36238956451416016,0.35405877791815266,0.36238956451416016,154000,0.0,0.0
2022-12-21 00:00:00+08:00,0.3582241712161564,0.36238956451416016,0.35405877791815266,0.36238956451416016,69900,0.0,0.0
2022-12-22 00:00:00+08:00,0.35405877791815266,0.3665549578121639,0.35405877791815266,0.36238956451416016,731300,0.0,0.0
2022-12-23 00:00:00+08:00,0.3582241712161564,0.3665549578121639,0.35405877791815266,0.36238956451416016,373900,0.0,0.0
2022-12-27 00:00:00+08:00,0.35822416555772385,0.3623895587899319,0.35405877232551575,0.35405877232551575,52400,0.0,0.0
2022-12-28 00:00:00+08:00,0.35405876042645745,0.36238954661089606,0.35405876042645745,0.35822415351867676,16600,0.0,0.0
2022-12-29 00:00:00+08:00,0.35405877232551575,0.3623895587899319,0.35405877232551575,0.35405877232551575,332900,0.0,0.0
2022-12-30 00:00:00+08:00,0.3582241712161564,0.36238956451416016,0.35405877791815266,0.36238956451416016,242200,0.0,0.0
2023-01-03 00:00:00+08:00,0.35405877232551575,0.3623895587899319,0.3498933542656056,0.35405877232551575,310200,0.0,0.0
2023-01-04 00:00:00+08:00,0.35405877791815266,0.36238956451416016,0.35405877791815266,0.36238956451416016,351800,0.0,0.0
2023-01-05 00:00:00+08:00,0.35822415351867676,0.36238954661089606,0.35822415351867676,0.35822415351867676,131600,0.0,0.0
2023-01-06 00:00:00+08:00,0.35822416555772385,0.3623895587899319,0.35405877232551575,0.35405877232551575,387000,0.0,0.0
2023-01-09 00:00:00+08:00,0.35822416555772385,0.35822416555772385,0.35405877232551575,0.35405877232551575,25500,0.0,0.0
2023-01-10 00:00:00+08:00,0.35822416555772385,0.3623895587899319,0.35405877232551575,0.35405877232551575,886600,0.0,0.0
2023-01-11 00:00:00+08:00,0.35822416555772385,0.3623895587899319,0.35405877232551575,0.35405877232551575,506200,0.0,0.0
2023-01-12 00:00:00+08:00,0.35405877232551575,0.35822416555772385,0.35405877232551575,0.35405877232551575,164000,0.0,0.0
2023-01-13 00:00:00+08:00,0.35405877947404324,0.35822417279035157,0.34989336133003235,0.34989336133003235,1024300,0.0,0.0
2023-01-16 00:00:00+08:00,0.35405877947404324,0.35405877947404324,0.34989336133003235,0.34989336133003235,301100,0.0,0.0
2023-01-17 00:00:00+08:00,0.34989336133003235,0.35405877947404324,0.34989336133003235,0.34989336133003235,178100,0.0,0.0
2023-01-18 00:00:00+08:00,0.35405876042645745,0.36238954661089606,0.35405876042645745,0.35822415351867676,1194800,0.0,0.0
2023-01-19 00:00:00+08:00,0.35822417279035157,0.3623895661066599,0.34989336133003235,0.34989336133003235,1250200,0.0,0.0
2023-01-20 00:00:00+08:00,0.35405877232551575,0.35822416555772385,0.3498933542656056,0.35405877232551575,1787000,0.0,0.0
2023-01-25 00:00:00+08:00,0.37072035670280457,0.3748857500636469,0.36655496334196225,0.37072035670280457,7191800,0.0,0.0
2023-01-26 00:00:00+08:00,0.37488576769828796,0.37905118608277455,0.37488576769828796,0.37488576769828796,1231700,0.0,0.0
2023-01-27 00:00:00+08:00,0.37905118608277455,0.37905118608277455,0.3707203741415054,0.37488576769828796,1717100,0.0,0.0
2023-01-30 00:00:00+08:00,0.3748857500636469,0.37905116825219204,0.37072035670280457,0.37072035670280457,879700,0.0,0.0
2023-01-31 00:00:00+08:00,0.37072035670280457,0.37072035670280457,0.36655496334196225,0.37072035670280457,5442300,0.0,0.0
2023-02-01 00:00:00+08:00,0.37072035670280457,0.37072035670280457,0.36655496334196225,0.37072035670280457,806300,0.0,0.0
2023-02-02 00:00:00+08:00,0.37072033886777,0.37488573202821884,0.36655494570732117,0.36655494570732117,1962100,0.0,0.0
2023-02-03 00:00:00+08:00,0.37072033886777,0.37072033886777,0.36655494570732117,0.36655494570732117,1490800,0.0,0.0
2023-02-06 00:00:00+08:00,0.37913536878536924,0.37913536878536924,0.36621031165122986,0.36621031165122986,4600200,0.0146,0.0
2023-02-07 00:00:00+08:00,0.3705186640292763,0.3705186640292763,0.36190193359337763,0.36621031165122986,5316500,0.0,0.0
2023-02-08 00:00:00+08:00,0.3662103170364609,0.3662103170364609,0.3619019389152527,0.3619019389152527,2156300,0.0,0.0
2023-02-09 00:00:00+08:00,0.36621031165122986,0.36621031165122986,0.36190193359337763,0.36621031165122986,2484100,0.0,0.0
2023-02-10 00:00:00+08:00,0.3619019389152527,0.3662103170364609,0.3619019389152527,0.3619019389152527,391300,0.0,0.0
2023-02-13 00:00:00+08:00,0.3662103170364609,0.3662103170364609,0.3619019389152527,0.3619019389152527,1423900,0.0,0.0
2023-02-14 00:00:00+08:00,0.3619019389152527,0.3662103170364609,0.3619019389152527,0.3619019389152527,894300,0.0,0.0
2023-02-15 00:00:00+08:00,0.36190193359337763,0.36621031165122986,0.36190193359337763,0.36621031165122986,3243700,0.0,0.0
2023-02-16 00:00:00+08:00,0.36621031165122986,0.36621031165122986,0.36190193359337763,0.36621031165122986,1347900,0.0,0.0
2023-02-17 00:00:00+08:00,0.36190193359337763,0.36621031165122986,0.36190193359337763,0.36621031165122986,213300,0.0,0.0
2023-02-20 00:00:00+08:00,0.3662103170364609,0.3662103170364609,0.3619019389152527,0.3619019389152527,2203300,0.0,0.0
2023-02-21 00:00:00+08:00,0.36621031165122986,0.36621031165122986,0.36190193359337763,0.36621031165122986,740300,0.0,0.0
2023-02-22 00:00:00+08:00,0.36190193359337763,0.36621031165122986,0.36190193359337763,0.36621031165122986,1950600,0.0,0.0
2023-02-23 00:00:00+08:00,0.3619019389152527,0.3662103170364609,0.3619019389152527,0.3619019389152527,330000,0.0,0.0
2023-02-24 00:00:00+08:00,0.36190193359337763,0.36621031165122986,0.36190193359337763,0.36621031165122986,584500,0.0,0.0
2023-02-27 00:00:00+08:00,0.36621031165122986,0.36621031165122986,0.36190193359337763,0.36621031165122986,919900,0.0,0.0
2023-02-28 00:00:00+08:00,0.36621031165122986,0.36621031165122986,0.36190193359337763,0.36621031165122986,975600,0.0,0.0
2023-03-01 00:00:00+08:00,0.36621031165122986,0.36621031165122986,0.36190193359337763,0.36621031165122986,199200,0.0,0.0
2023-03-02 00:00:00+08:00,0.3662103170364609,0.3662103170364609,0.3619019389152527,0.3619019389152527,1518600,0.0,0.0
2023-03-03 00:00:00+08:00,0.36621031165122986,0.36621031165122986,0.36190193359337763,0.36621031165122986,464700,0.0,0.0
2023-03-06 00:00:00+08:00,0.36621031165122986,0.36621031165122986,0.36190193359337763,0.36621031165122986,1177200,0.0,0.0
2023-03-07 00:00:00+08:00,0.36190193359337763,0.36621031165122986,0.36190193359337763,0.36621031165122986,987000,0.0,0.0
2023-03-08 00:00:00+08:00,0.3662103170364609,0.3662103170364609,0.3619019389152527,0.3619019389152527,614100,0.0,0.0
2023-03-09 00:00:00+08:00,0.3662103023166566,0.37051865458488464,0.3662103023166566,0.37051865458488464,544200,0.0,0.0
2023-03-10 00:00:00+08:00,0.3662103023166566,0.3748270068531127,0.3662103023166566,0.37051865458488464,163500,0.0,0.0
2023-03-13 00:00:00+08:00,0.37051864535760526,0.37482699751853943,0.37051864535760526,0.37482699751853943,651400,0.0,0.0
2023-03-14 00:00:00+08:00,0.3748270178597753,0.3791353702545166,0.37051866546503404,0.3791353702545166,556000,0.0,0.0
2023-03-15 00:00:00+08:00,0.3791353702545166,0.3791353702545166,0.37051866546503404,0.3791353702545166,1664700,0.0,0.0
2023-03-16 00:00:00+08:00,0.3791353756134063,0.39636881111576344,0.3748270231577686,0.39206045866012573,1393900,0.0,0.0
2023-03-17 00:00:00+08:00,0.38775208592414856,0.3963688166352186,0.3834437334085168,0.38775208592414856,21625700,0.0,0.0
2023-03-20 00:00:00+08:00,0.3834437113895688,0.3834437113895688,0.37051865458488464,0.37051865458488464,930500,0.0,0.0
2023-03-21 00:00:00+08:00,0.3748270178597753,0.3791353702545166,0.37051866546503404,0.3791353702545166,1328400,0.0,0.0
2023-03-22 00:00:00+08:00,0.3791353702545166,0.3791353702545166,0.3748270178597753,0.3791353702545166,703700,0.0,0.0
2023-03-23 00:00:00+08:00,0.37913534967947365,0.37913534967947365,0.37482699751853943,0.37482699751853943,114300,0.0,0.0
2023-03-24 00:00:00+08:00,0.37482699751853943,0.37913534967947365,0.37051864535760526,0.37482699751853943,1079000,0.0,0.0
2023-03-27 00:00:00+08:00,0.37051864535760526,0.37913534967947365,0.37051864535760526,0.37482699751853943,452200,0.0,0.0
2023-03-28 00:00:00+08:00,0.3748270178597753,0.3791353702545166,0.3748270178597753,0.3791353702545166,706000,0.0,0.0
2023-03-29 00:00:00+08:00,0.3748270377439052,0.3834437429904938,0.37051868512061087,0.3834437429904938,2241600,0.0,0.0
2023-03-30 00:00:00+08:00,0.3834437018404079,0.3834437018404079,0.37051864535760526,0.37482699751853943,1308400,0.0,0.0
2023-03-31 00:00:00+08:00,0.37913534967947365,0.37913534967947365,0.37051864535760526,0.37482699751853943,2167300,0.0,0.0
2023-04-03 00:00:00+08:00,0.37482699751853943,0.37913534967947365,0.37051864535760526,0.37482699751853943,1328100,0.0,0.0
2023-04-04 00:00:00+08:00,0.3748270178597753,0.3834437226492579,0.3748270178597753,0.3791353702545166,1185000,0.0,0.0
2023-04-05 00:00:00+08:00,0.37913538089288507,0.3920604641195869,0.37482702837725335,0.38775208592414856,4293900,0.0,0.0
2023-04-06 00:00:00+08:00,0.3877520817084437,0.4049855172634125,0.3834437292396531,0.4049855172634125,4846600,0.0,0.0
2023-04-10 00:00:00+08:00,0.40067716357140115,0.40067716357140115,0.39206045866012573,0.39206045866012573,700000,0.0,0.0
2023-04-11 00:00:00+08:00,0.39636881232583127,0.41360222220099374,0.39636881232583127,0.4049855172634125,5461400,0.0,0.0
2023-04-12 00:00:00+08:00,0.4049854935377247,0.4179105758666992,0.40067714132133475,0.4179105758666992,2660100,0.0,0.0
2023-04-13 00:00:00+08:00,0.41360223293304443,0.42221896377401685,0.4092938803524618,0.41360223293304443,3481500,0.0,0.0
2023-04-14 00:00:00+08:00,0.4136022180713238,0.4222189486026764,0.40929386564555054,0.4222189486026764,2567700,0.0,0.0
2023-04-17 00:00:00+08:00,0.4222189528183813,0.4222189528183813,0.39636881232583127,0.4049855172634125,808013,0.0,0.0
2023-04-18 00:00:00+08:00,0.4006771791634782,0.4006771791634782,0.3834437429904938,0.3834437429904938,1219500,0.0,0.0
2023-04-19 00:00:00+08:00,0.38775208592414856,0.3920604641195869,0.3834437334085168,0.38775208592414856,738800,0.0,0.0
2023-04-20 00:00:00+08:00,0.3834437334085168,0.3920604641195869,0.3834437334085168,0.38775208592414856,266400,0.0,0.0
2023-04-21 00:00:00+08:00,0.38775208592414856,0.38775208592414856,0.3834437334085168,0.38775208592414856,148500,0.0,0.0
2023-04-24 00:00:00+08:00,0.3834437429904938,0.3877520956137881,0.3834437429904938,0.3834437429904938,146400,0.0,0.0
2023-04-25 00:00:00+08:00,0.3834437334085168,0.3920604641195869,0.3834437334085168,0.38775208592414856,193900,0.0,0.0
2023-04-26 00:00:00+08:00,0.38775208592414856,0.38775208592414856,0.3834437334085168,0.38775208592414856,323700,0.0,0.0
2023-04-27 00:00:00+08:00,0.3834437429904938,0.3834437429904938,0.3791353903671995,0.3834437429904938,247100,0.0,0.0
2023-04-28 00:00:00+08:00,0.3834437226492579,0.3834437226492579,0.3791353702545166,0.3791353702545166,140500,0.0,0.0
2023-05-02 00:00:00+08:00,0.3791353702545166,0.3834437226492579,0.3791353702545166,0.3791353702545166,323300,0.0,0.0
2023-05-03 00:00:00+08:00,0.37913534967947365,0.3834437018404079,0.37482699751853943,0.37482699751853943,312000,0.0,0.0
2023-05-04 00:00:00+08:00,0.3791353702545166,0.3791353702545166,0.3748270178597753,0.3791353702545166,161700,0.0,0.0
2023-05-05 00:00:00+08:00,0.37913534967947365,0.3834437018404079,0.37482699751853943,0.37482699751853943,609800,0.0,0.0
2023-05-08 00:00:00+08:00,0.37913534967947365,0.37913534967947365,0.37482699751853943,0.37482699751853943,167400,0.0,0.0
2023-05-09 00:00:00+08:00,0.37913534967947365,0.37913534967947365,0.37482699751853943,0.37482699751853943,305100,0.0,0.0
2023-05-10 00:00:00+08:00,0.3748270178597753,0.3791353702545166,0.3748270178597753,0.3791353702545166,690000,0.0,0.0
2023-05-11 00:00:00+08:00,0.37482699751853943,0.37913534967947365,0.37482699751853943,0.37482699751853943,51100,0.0,0.0
2023-05-12 00:00:00+08:00,0.37482699751853943,0.37913534967947365,0.37051864535760526,0.37482699751853943,354700,0.0,0.0
2023-05-15 00:00:00+08:00,0.3748270068531127,0.3748270068531127,0.37051865458488464,0.37051865458488464,314100,0.0,0.0
2023-05-16 00:00:00+08:00,0.37051864535760526,0.37482699751853943,0.37051864535760526,0.37482699751853943,99900,0.0,0.0
2023-05-17 00:00:00+08:00,0.37051865458488464,0.3748270068531127,0.37051865458488464,0.37051865458488464,456700,0.0,0.0
2023-05-18 00:00:00+08:00,0.37051865458488464,0.3748270068531127,0.37051865458488464,0.37051865458488464,363400,0.0,0.0
2023-05-19 00:00:00+08:00,0.37051864535760526,0.37482699751853943,0.37051864535760526,0.37482699751853943,50300,0.0,0.0
2023-05-22 00:00:00+08:00,0.37051865458488464,0.3748270068531127,0.37051865458488464,0.37051865458488464,222900,0.0,0.0
2023-05-23 00:00:00+08:00,0.37051865458488464,0.3748270068531127,0.37051865458488464,0.37051865458488464,60300,0.0,0.0
2023-05-24 00:00:00+08:00,0.37051865458488464,0.3748270068531127,0.37051865458488464,0.37051865458488464,242100,0.0,0.0
2023-05-25 00:00:00+08:00,0.37051865458488464,0.3748270068531127,0.37051865458488464,0.37051865458488464,88000,0.0,0.0
2023-05-26 00:00:00+08:00,0.3748270068531127,0.3748270068531127,0.37051865458488464,0.37051865458488464,176600,0.0,0.0
2023-05-29 00:00:00+08:00,0.3748270068531127,0.3748270068531127,0.37051865458488464,0.37051865458488464,218700,0.0,0.0
2023-05-30 00:00:00+08:00,0.3748270068531127,0.3748270068531127,0.37051865458488464,0.37051865458488464,37300,0.0,0.0
2023-05-31 00:00:00+08:00,0.37051865458488464,0.3748270068531127,0.37051865458488464,0.37051865458488464,105900,0.0,0.0
2023-06-01 00:00:00+08:00,0.37051865458488464,0.3748270068531127,0.37051865458488464,0.37051865458488464,187800,0.0,0.0
2023-06-05 00:00:00+08:00,0.37051865458488464,0.3748270068531127,0.37051865458488464,0.37051865458488464,31700,0.0,0.0
2023-06-06 00:00:00+08:00,0.37051865458488464,0.3748270068531127,0.37051865458488464,0.37051865458488464,114400,0.0,0.0
2023-06-07 00:00:00+08:00,0.37051865458488464,0.3748270068531127,0.3662103023166566,0.37051865458488464,240300,0.0,0.0
2023-06-08 00:00:00+08:00,0.37051864535760526,0.37482699751853943,0.36621029319667103,0.37482699751853943,255500,0.0,0.0
2023-06-09 00:00:00+08:00,0.3748270068531127,0.3748270068531127,0.3662103023166566,0.37051865458488464,1837300,0.0,0.0
2023-06-12 00:00:00+08:00,0.37051864535760526,0.37482699751853943,0.37051864535760526,0.37482699751853943,637100,0.0,0.0
2023-06-13 00:00:00+08:00,0.3748270068531127,0.3748270068531127,0.37051865458488464,0.37051865458488464,673000,0.0,0.0
2023-06-14 00:00:00+08:00,0.37482699751853943,0.37482699751853943,0.37051864535760526,0.37482699751853943,74500,0.0,0.0
2023-06-15 00:00:00+08:00,0.3748270068531127,0.3748270068531127,0.3662103023166566,0.37051865458488464,3161400,0.0,0.0
2023-06-16 00:00:00+08:00,0.37482699751853943,0.37482699751853943,0.37051864535760526,0.37482699751853943,383100,0.0,0.0
2023-06-19 00:00:00+08:00,0.37482699751853943,0.37913534967947365,0.37051864535760526,0.37482699751853943,764500,0.0,0.0
2023-06-20 00:00:00+08:00,0.37482699751853943,0.37482699751853943,0.37051864535760526,0.37482699751853943,1013800,0.0,0.0
2023-06-21 00:00:00+08:00,0.3748270068531127,0.3748270068531127,0.37051865458488464,0.37051865458488464,346300,0.0,0.0
2023-06-22 00:00:00+08:00,0.37482699751853943,0.37482699751853943,0.37051864535760526,0.37482699751853943,254700,0.0,0.0
2023-06-23 00:00:00+08:00,0.3748270068531127,0.3748270068531127,0.37051865458488464,0.37051865458488464,2282000,0.0,0.0
2023-06-26 00:00:00+08:00,0.37051865458488464,0.3748270068531127,0.37051865458488464,0.37051865458488464,587800,0.0,0.0
2023-06-27 00:00:00+08:00,0.37051864535760526,0.37482699751853943,0.36621029319667103,0.37482699751853943,458900,0.0,0.0
2023-06-28 00:00:00+08:00,0.37051864535760526,0.37482699751853943,0.36621029319667103,0.37482699751853943,359300,0.0,0.0
2023-06-30 00:00:00+08:00,0.37482699751853943,0.37482699751853943,0.37051864535760526,0.37482699751853943,85200,0.0,0.0
2023-07-03 00:00:00+08:00,0.3748270068531127,0.3748270068531127,0.3662103023166566,0.37051865458488464,944600,0.0,0.0
2023-07-04 00:00:00+08:00,0.3748270068531127,0.3748270068531127,0.3662103023166566,0.37051865458488464,60900,0.0,0.0
2023-07-05 00:00:00+08:00,0.3705186640292763,0.3705186640292763,0.36621031165122986,0.36621031165122986,64900,0.0,0.0
2023-07-06 00:00:00+08:00,0.3705186640292763,0.3705186640292763,0.36621031165122986,0.36621031165122986,230700,0.0,0.0
2023-07-07 00:00:00+08:00,0.36621031165122986,0.36621031165122986,0.36621031165122986,0.36621031165122986,660400,0.0,0.0
2023-07-10 00:00:00+08:00,0.3662103170364609,0.3662103170364609,0.3619019389152527,0.3619019389152527,892000,0.0,0.0
2023-07-11 00:00:00+08:00,0.3662103170364609,0.3662103170364609,0.3619019389152527,0.3619019389152527,46600,0.0,0.0
2023-07-12 00:00:00+08:00,0.3662103023166566,0.37051865458488464,0.3619019243686234,0.37051865458488464,791700,0.0,0.0
2023-07-13 00:00:00+08:00,0.3705186640292763,0.3705186640292763,0.36621031165122986,0.36621031165122986,585700,0.0,0.0
2023-07-14 00:00:00+08:00,0.3705186640292763,0.3748270164073228,0.36621031165122986,0.36621031165122986,329300,0.0,0.0
2023-07-17 00:00:00+08:00,0.37051865458488464,0.37051865458488464,0.3662103023166566,0.37051865458488464,148500,0.0,0.0
2023-07-18 00:00:00+08:00,0.37051865458488464,0.37051865458488464,0.3662103023166566,0.37051865458488464,175900,0.0,0.0
2023-07-19 00:00:00+08:00,0.37051865458488464,0.37051865458488464,0.37051865458488464,0.37051865458488464,0,0.0,0.0
2023-07-20 00:00:00+08:00,0.3705186640292763,0.3834437211634157,0.36621031165122986,0.36621031165122986,2582700,0.0,0.0
2023-07-21 00:00:00+08:00,0.37051865458488464,0.37051865458488464,0.3662103023166566,0.37051865458488464,994100,0.0,0.0
2023-07-24 00:00:00+08:00,0.37051865458488464,0.3748270068531127,0.37051865458488464,0.37051865458488464,690500,0.0,0.0
2023-07-25 00:00:00+08:00,0.37482699751853943,0.37482699751853943,0.37051864535760526,0.37482699751853943,986700,0.0,0.0
2023-07-26 00:00:00+08:00,0.3758112638713891,0.3758112638713891,0.37133732438087463,0.37133732438087463,1196000,0.0161,0.0
2023-07-27 00:00:00+08:00,0.3668633699417114,0.3713373092499254,0.3668633699417114,0.3668633699417114,377900,0.0,0.0
2023-07-28 00:00:00+08:00,0.3668633699417114,0.3713373092499254,0.3668633699417114,0.3668633699417114,346900,0.0,0.0
2023-07-31 00:00:00+08:00,0.3668633848903602,0.37133732438087463,0.3668633848903602,0.37133732438087463,777600,0.0,0.0
2023-08-01 00:00:00+08:00,0.3668633699417114,0.3713373092499254,0.3668633699417114,0.3668633699417114,224700,0.0,0.0
2023-08-02 00:00:00+08:00,0.3668633699417114,0.3713373092499254,0.3668633699417114,0.3668633699417114,360200,0.0,0.0
2023-08-03 00:00:00+08:00,0.35791553524992153,0.362389475107193,0.35791553524992153,0.362389475107193,826500,0.0,0.0
2023-08-04 00:00:00+08:00,0.362389475107193,0.362389475107193,0.35791553524992153,0.362389475107193,492100,0.0,0.0
2023-08-07 00:00:00+08:00,0.362389475107193,0.362389475107193,0.362389475107193,0.362389475107193,0,0.0,0.0
2023-08-08 00:00:00+08:00,0.362389475107193,0.362389475107193,0.362389475107193,0.362389475107193,0,0.0,0.0
2023-08-10 00:00:00+08:00,0.35791551773311014,0.35791551773311014,0.3400197325130803,0.34896761178970337,2778300,0.0,0.0
2023-08-11 00:00:00+08:00,0.3489676294990497,0.35344159603118896,0.3444936896336955,0.35344159603118896,394400,0.0,0.0
2023-08-14 00:00:00+08:00,0.35344157809479865,0.35344157809479865,0.34896761178970337,0.34896761178970337,677200,0.0,0.0
2023-08-15 00:00:00+08:00,0.34896759679663303,0.34896759679663303,0.34449365735054016,0.34449365735054016,1183800,0.0,0.0
2023-08-16 00:00:00+08:00,0.34449365735054016,0.34449365735054016,0.34449365735054016,0.34449365735054016,2051000,0.0,0.0
2023-08-17 00:00:00+08:00,0.34449367235465056,0.34449367235465056,0.34001973271369934,0.34001973271369934,226600,0.0,0.0
2023-08-18 00:00:00+08:00,0.34001973271369934,0.34449367235465056,0.34001973271369934,0.34001973271369934,1416700,0.0,0.0
2023-08-21 00:00:00+08:00,0.34001971771817807,0.34001971771817807,0.33554577827453613,0.33554577827453613,630400,0.0,0.0
2023-08-22 00:00:00+08:00,0.3355457784583545,0.34449365735054016,0.3355457784583545,0.34449365735054016,615200,0.0,0.0
2023-08-23 00:00:00+08:00,0.3400197179044473,0.34449365735054016,0.3400197179044473,0.34449365735054016,111600,0.0,0.0
2023-08-24 00:00:00+08:00,0.34449365735054016,0.34896759679663303,0.3400197179044473,0.34449365735054016,330100,0.0,0.0
2023-08-25 00:00:00+08:00,0.3400197179044473,0.34449365735054016,0.3400197179044473,0.34449365735054016,698100,0.0,0.0
2023-08-28 00:00:00+08:00,0.34001973271369934,0.34449367235465056,0.34001973271369934,0.34001973271369934,314080,0.0,0.0
2023-08-29 00:00:00+08:00,0.34449365735054016,0.34449365735054016,0.3400197179044473,0.34449365735054016,190500,0.0,0.0
2023-08-30 00:00:00+08:00,0.3400197179044473,0.34449365735054016,0.3400197179044473,0.34449365735054016,202400,0.0,0.0
2023-08-31 00:00:00+08:00,0.34449367235465056,0.34449367235465056,0.34001973271369934,0.34001973271369934,62500,0.0,0.0
2023-09-04 00:00:00+08:00,0.34449367215139187,0.35344157809479865,0.34449367215139187,0.34896761178970337,511500,0.0,0.0
2023-09-05 00:00:00+08:00,0.34896761178970337,0.35344157809479865,0.34896761178970337,0.34896761178970337,483100,0.0,0.0
2023-09-06 00:00:00+08:00,0.34896759679663303,0.34896759679663303,0.34449365735054016,0.34449365735054016,87500,0.0,0.0
2023-09-07 00:00:00+08:00,0.34449365735054016,0.34449365735054016,0.34449365735054016,0.34449365735054016,232700,0.0,0.0
2023-09-08 00:00:00+08:00,0.34449367215139187,0.34896761178970337,0.34449367215139187,0.34896761178970337,125900,0.0,0.0
2023-09-11 00:00:00+08:00,0.34449367215139187,0.34896761178970337,0.34449367215139187,0.34896761178970337,176900,0.0,0.0
2023-09-12 00:00:00+08:00,0.34896759679663303,0.35344156290950846,0.34449365735054016,0.34449365735054016,474300,0.0,0.0
2023-09-13 00:00:00+08:00,0.34896759679663303,0.34896759679663303,0.34449365735054016,0.34449365735054016,1050500,0.0,0.0
2023-09-14 00:00:00+08:00,0.34896761178970337,0.34896761178970337,0.34449367215139187,0.34896761178970337,805600,0.0,0.0
2023-09-15 00:00:00+08:00,0.34896759679663303,0.34896759679663303,0.34449365735054016,0.34449365735054016,280700,0.0,0.0
2023-09-18 00:00:00+08:00,0.34449365735054016,0.34896759679663303,0.34449365735054016,0.34449365735054016,1350400,0.0,0.0
2023-09-19 00:00:00+08:00,0.34896759679663303,0.34896759679663303,0.34449365735054016,0.34449365735054016,84400,0.0,0.0
2023-09-20 00:00:00+08:00,0.34896761178970337,0.34896761178970337,0.34449367215139187,0.34896761178970337,135400,0.0,0.0
2023-09-21 00:00:00+08:00,0.34896761178970337,0.34896761178970337,0.34449367215139187,0.34896761178970337,160700,0.0,0.0
2023-09-22 00:00:00+08:00,0.34896761178970337,0.34896761178970337,0.34449367215139187,0.34896761178970337,190900,0.0,0.0
2023-09-25 00:00:00+08:00,0.34896761178970337,0.34896761178970337,0.34449367215139187,0.34896761178970337,179300,0.0,0.0
2023-09-26 00:00:00+08:00,0.34896761178970337,0.34896761178970337,0.34449367215139187,0.34896761178970337,98600,0.0,0.0
2023-09-27 00:00:00+08:00,0.34896761178970337,0.34896761178970337,0.34449367215139187,0.34896761178970337,336800,0.0,0.0
2023-09-28 00:00:00+08:00,0.34449365735054016,0.34896759679663303,0.34449365735054016,0.34449365735054016,68000,0.0,0.0
2023-09-29 00:00:00+08:00,0.34449367215139187,0.34896761178970337,0.34449367215139187,0.34896761178970337,132400,0.0,0.0
2023-10-02 00:00:00+08:00,0.34896759679663303,0.34896759679663303,0.34449365735054016,0.34449365735054016,40800,0.0,0.0
2023-10-03 00:00:00+08:00,0.34449367215139187,0.34896761178970337,0.34449367215139187,0.34896761178970337,217400,0.0,0.0
2023-10-04 00:00:00+08:00,0.34449365735054016,0.34896759679663303,0.34449365735054016,0.34449365735054016,251900,0.0,0.0
2023-10-05 00:00:00+08:00,0.34896759679663303,0.34896759679663303,0.34449365735054016,0.34449365735054016,58500,0.0,0.0
2023-10-06 00:00:00+08:00,0.34449365735054016,0.34449365735054016,0.34449365735054016,0.34449365735054016,131200,0.0,0.0
2023-10-09 00:00:00+08:00,0.34449367215139187,0.34896761178970337,0.34449367215139187,0.34896761178970337,255100,0.0,0.0
2023-10-10 00:00:00+08:00,0.34896761178970337,0.34896761178970337,0.34449367215139187,0.34896761178970337,48300,0.0,0.0
2023-10-11 00:00:00+08:00,0.34896761178970337,0.34896761178970337,0.34449367215139187,0.34896761178970337,23900,0.0,0.0
2023-10-12 00:00:00+08:00,0.34896761178970337,0.34896761178970337,0.34449367215139187,0.34896761178970337,201300,0.0,0.0
2023-10-13 00:00:00+08:00,0.34896761178970337,0.34896761178970337,0.34449367215139187,0.34896761178970337,88700,0.0,0.0
2023-10-16 00:00:00+08:00,0.34896759679663303,0.34896759679663303,0.34449365735054016,0.34449365735054016,46800,0.0,0.0
2023-10-17 00:00:00+08:00,0.34449365735054016,0.34449365735054016,0.34449365735054016,0.34449365735054016,212300,0.0,0.0
2023-10-18 00:00:00+08:00,0.34449367215139187,0.34896761178970337,0.34449367215139187,0.34896761178970337,334900,0.0,0.0
2023-10-19 00:00:00+08:00,0.34449367215139187,0.34896761178970337,0.34449367215139187,0.34896761178970337,98900,0.0,0.0
2023-10-20 00:00:00+08:00,0.34896759679663303,0.34896759679663303,0.34449365735054016,0.34449365735054016,240700,0.0,0.0
2023-10-23 00:00:00+08:00,0.34449365735054016,0.34896759679663303,0.3400197179044473,0.34449365735054016,606000,0.0,0.0
2023-10-24 00:00:00+08:00,0.34449365735054016,0.34896759679663303,0.34449365735054016,0.34449365735054016,382800,0.0,0.0
2023-10-25 00:00:00+08:00,0.34449365735054016,0.34896759679663303,0.34449365735054016,0.34449365735054016,179500,0.0,0.0
2023-10-26 00:00:00+08:00,0.34449365735054016,0.34896759679663303,0.34449365735054016,0.34449365735054016,112000,0.0,0.0
2023-10-27 00:00:00+08:00,0.34449365735054016,0.34896759679663303,0.34449365735054016,0.34449365735054016,62800,0.0,0.0
2023-10-30 00:00:00+08:00,0.34449365735054016,0.34896759679663303,0.3400197179044473,0.34449365735054016,1366100,0.0,0.0
2023-10-31 00:00:00+08:00,0.34896759679663303,0.34896759679663303,0.34449365735054016,0.34449365735054016,84600,0.0,0.0
2023-11-01 00:00:00+08:00,0.34449365735054016,0.34449365735054016,0.34449365735054016,0.34449365735054016,34900,0.0,0.0
2023-11-02 00:00:00+08:00,0.34449365735054016,0.34896759679663303,0.34449365735054016,0.34449365735054016,36300,0.0,0.0
2023-11-03 00:00:00+08:00,0.34449365735054016,0.34896759679663303,0.34449365735054016,0.34449365735054016,171400,0.0,0.0
2023-11-06 00:00:00+08:00,0.34449367215139187,0.35344157809479865,0.34449367215139187,0.34896761178970337,402900,0.0,0.0
2023-11-07 00:00:00+08:00,0.34449365735054016,0.34896759679663303,0.34449365735054016,0.34449365735054016,116400,0.0,0.0
2023-11-08 00:00:00+08:00,0.34449367215139187,0.34896761178970337,0.34449367215139187,0.34896761178970337,98000,0.0,0.0
2023-11-09 00:00:00+08:00,0.34896761178970337,0.34896761178970337,0.34449367215139187,0.34896761178970337,27800,0.0,0.0
2023-11-10 00:00:00+08:00,0.34449367215139187,0.34896761178970337,0.34449367215139187,0.34896761178970337,151000,0.0,0.0
2023-11-14 00:00:00+08:00,0.34896759679663303,0.34896759679663303,0.34449365735054016,0.34449365735054016,77800,0.0,0.0
2023-11-15 00:00:00+08:00,0.3444936896336955,0.35344159603118896,0.3444936896336955,0.35344159603118896,248500,0.0,0.0
2023-11-16 00:00:00+08:00,0.35344159603118896,0.35344159603118896,0.3444936896336955,0.35344159603118896,149400,0.0,0.0
2023-11-17 00:00:00+08:00,0.35344159603118896,0.35344159603118896,0.3489676294990497,0.35344159603118896,24200,0.0,0.0
2023-11-20 00:00:00+08:00,0.34449365735054016,0.34896759679663303,0.3400197179044473,0.34449365735054016,583800,0.0,0.0
2023-11-21 00:00:00+08:00,0.34449365735054016,0.34449365735054016,0.3400197179044473,0.34449365735054016,231300,0.0,0.0
2023-11-22 00:00:00+08:00,0.34449365735054016,0.34449365735054016,0.3400197179044473,0.34449365735054016,210100,0.0,0.0
2023-11-23 00:00:00+08:00,0.34449367235465056,0.34449367235465056,0.34001973271369934,0.34001973271369934,196700,0.0,0.0
2023-11-24 00:00:00+08:00,0.34001973271369934,0.34449367235465056,0.34001973271369934,0.34001973271369934,29500,0.0,0.0
2023-11-27 00:00:00+08:00,0.3400197179044473,0.34449365735054016,0.3400197179044473,0.34449365735054016,184200,0.0,0.0
2023-11-28 00:00:00+08:00,0.34449365735054016,0.34449365735054016,0.3400197179044473,0.34449365735054016,76600,0.0,0.0
2023-11-29 00:00:00+08:00,0.34449367235465056,0.34449367235465056,0.34001973271369934,0.34001973271369934,154700,0.0,0.0
2023-11-30 00:00:00+08:00,0.34449365735054016,0.34449365735054016,0.3400197179044473,0.34449365735054016,112300,0.0,0.0
2023-12-01 00:00:00+08:00,0.3400197179044473,0.34449365735054016,0.3400197179044473,0.34449365735054016,97900,0.0,0.0
2023-12-04 00:00:00+08:00,0.34449365735054016,0.34896759679663303,0.34449365735054016,0.34449365735054016,452000,0.0,0.0
2023-12-05 00:00:00+08:00,0.3489676294990497,0.35344159603118896,0.3489676294990497,0.35344159603118896,172200,0.0,0.0
2023-12-06 00:00:00+08:00,0.3489676294990497,0.35344159603118896,0.3489676294990497,0.35344159603118896,238700,0.0,0.0
2023-12-07 00:00:00+08:00,0.3534415809930318,0.3579155206680298,0.34896761465124987,0.3579155206680298,329800,0.0,0.0
2023-12-08 00:00:00+08:00,0.3534415953926501,0.362389475107193,0.3534415953926501,0.362389475107193,338200,0.0,0.0
2023-12-11 00:00:00+08:00,0.35791553524992153,0.362389475107193,0.35791553524992153,0.362389475107193,60600,0.0,0.0
2023-12-12 00:00:00+08:00,0.3579154913252834,0.3668633699417114,0.3579154913252834,0.3668633699417114,75000,0.0,0.0
2023-12-13 00:00:00+08:00,0.36686341496446445,0.36686341496446445,0.35791553524992153,0.362389475107193,126600,0.0,0.0
2023-12-14 00:00:00+08:00,0.3623894306334974,0.3668633699417114,0.3623894306334974,0.3668633699417114,96200,0.0,0.0
2023-12-15 00:00:00+08:00,0.3579155358965432,0.3623894757618974,0.35344159603118896,0.35344159603118896,326900,0.0,0.0
2023-12-18 00:00:00+08:00,0.35344159603118896,0.3579155358965432,0.3489676294990497,0.35344159603118896,255700,0.0,0.0
2023-12-19 00:00:00+08:00,0.35344159603118896,0.35344159603118896,0.3489676294990497,0.35344159603118896,164300,0.0,0.0
2023-12-20 00:00:00+08:00,0.35344157809479865,0.35344157809479865,0.34896761178970337,0.34896761178970337,62900,0.0,0.0
2023-12-21 00:00:00+08:00,0.34896761178970337,0.35344157809479865,0.34896761178970337,0.34896761178970337,183000,0.0,0.0
2023-12-22 00:00:00+08:00,0.34896761178970337,0.35344157809479865,0.34896761178970337,0.34896761178970337,493000,0.0,0.0
2023-12-26 00:00:00+08:00,0.34896761178970337,0.35344157809479865,0.34449367215139187,0.34896761178970337,161000,0.0,0.0
2023-12-27 00:00:00+08:00,0.3489676294990497,0.35344159603118896,0.3444936896336955,0.35344159603118896,358800,0.0,0.0
2023-12-28 00:00:00+08:00,0.3534415809930318,0.3579155206680298,0.34896761465124987,0.3579155206680298,400500,0.0,0.0
2023-12-29 00:00:00+08:00,0.35791553524992153,0.362389475107193,0.3534415953926501,0.362389475107193,151300,0.0,0.0
2024-01-02 00:00:00+08:00,0.362389475107193,0.362389475107193,0.3534415953926501,0.362389475107193,229800,0.0,0.0
2024-01-03 00:00:00+08:00,0.35791553524992153,0.362389475107193,0.35791553524992153,0.362389475107193,13700,0.0,0.0
2024-01-04 00:00:00+08:00,0.36238946034302777,0.36238946034302777,0.3579155206680298,0.3579155206680298,137300,0.0,0.0
2024-01-05 00:00:00+08:00,0.3579155206680298,0.3579155206680298,0.3579155206680298,0.3579155206680298,29900,0.0,0.0
2024-01-08 00:00:00+08:00,0.3579155206680298,0.3579155206680298,0.3579155206680298,0.3579155206680298,196400,0.0,0.0
2024-01-09 00:00:00+08:00,0.3579155206680298,0.36238946034302777,0.3579155206680298,0.3579155206680298,130400,0.0,0.0
2024-01-10 00:00:00+08:00,0.3579155206680298,0.3579155206680298,0.3579155206680298,0.3579155206680298,287500,0.0,0.0
2024-01-11 00:00:00+08:00,0.35344159603118896,0.35344159603118896,0.3489676294990497,0.35344159603118896,650100,0.0,0.0
2024-01-12 00:00:00+08:00,0.3489676294990497,0.3579155358965432,0.3489676294990497,0.35344159603118896,247400,0.0,0.0
2024-01-15 00:00:00+08:00,0.35344159603118896,0.3579155358965432,0.35344159603118896,0.35344159603118896,252000,0.0,0.0
2024-01-16 00:00:00+08:00,0.34896761178970337,0.35344157809479865,0.34896761178970337,0.34896761178970337,147300,0.0,0.0
2024-01-17 00:00:00+08:00,0.35344157809479865,0.35344157809479865,0.34896761178970337,0.34896761178970337,114500,0.0,0.0
2024-01-18 00:00:00+08:00,0.35344157809479865,0.35344157809479865,0.34896761178970337,0.34896761178970337,55100,0.0,0.0
2024-01-19 00:00:00+08:00,0.34896761178970337,0.35344157809479865,0.34449367215139187,0.34896761178970337,218100,0.0,0.0
2024-01-22 00:00:00+08:00,0.34896761178970337,0.35344157809479865,0.34896761178970337,0.34896761178970337,20300,0.0,0.0
2024-01-23 00:00:00+08:00,0.34896761178970337,0.34896761178970337,0.34896761178970337,0.34896761178970337,0,0.0,0.0
2024-01-24 00:00:00+08:00,0.34449367215139187,0.34896761178970337,0.3400197325130803,0.34896761178970337,882500,0.0,0.0
2024-01-25 00:00:00+08:00,0.34896759679663303,0.34896759679663303,0.34449365735054016,0.34449365735054016,111400,0.0,0.0
2024-01-26 00:00:00+08:00,0.34896761178970337,0.35344157809479865,0.34449367215139187,0.34896761178970337,360800,0.0,0.0
2024-01-29 00:00:00+08:00,0.34896761199560183,0.34896761199560183,0.34001973271369934,0.34001973271369934,260000,0.0,0.0
2024-01-30 00:00:00+08:00,0.3506309333100867,0.3506309333100867,0.3414038121700287,0.3414038121700287,559600,0.0115,0.0
2024-01-31 00:00:00+08:00,0.34601736068725586,0.34601736068725586,0.3414038002779307,0.34601736068725586,124200,0.0,0.0
2024-02-01 00:00:00+08:00,0.34601737274005767,0.34601737274005767,0.3414038121700287,0.3414038121700287,23600,0.0,0.0
2024-02-02 00:00:00+08:00,0.3414038121700287,0.34601737274005767,0.3414038121700287,0.3414038121700287,137500,0.0,0.0
2024-02-05 00:00:00+08:00,0.3414038121700287,0.34601737274005767,0.3414038121700287,0.3414038121700287,159200,0.0,0.0
2024-02-06 00:00:00+08:00,0.3414038002779307,0.34601736068725586,0.3414038002779307,0.34601736068725586,531600,0.0,0.0
2024-02-07 00:00:00+08:00,0.3414038121700287,0.3414038121700287,0.3414038121700287,0.3414038121700287,43600,0.0,0.0
2024-02-08 00:00:00+08:00,0.3414038002779307,0.34601736068725586,0.33679023986860557,0.34601736068725586,84800,0.0,0.0
2024-02-09 00:00:00+08:00,0.34140382438793726,0.34140382438793726,0.3367902636528015,0.3367902636528015,70200,0.0,0.0
2024-02-13 00:00:00+08:00,0.3414038121700287,0.3414038121700287,0.33679025159999965,0.3414038121700287,66600,0.0,0.0
2024-02-14 00:00:00+08:00,0.3414038121700287,0.3414038121700287,0.33217669102997066,0.3414038121700287,588300,0.0,0.0
2024-02-15 00:00:00+08:00,0.3367902636528015,0.34140382438793726,0.33217670291766577,0.3367902636528015,63700,0.0,0.0
2024-02-16 00:00:00+08:00,0.3367902636528015,0.34140382438793726,0.33217670291766577,0.3367902636528015,115400,0.0,0.0
2024-02-19 00:00:00+08:00,0.33679025159999965,0.3414038121700287,0.33679025159999965,0.3414038121700287,10800,0.0,0.0
2024-02-20 00:00:00+08:00,0.33679025159999965,0.3414038121700287,0.33217669102997066,0.3414038121700287,107800,0.0,0.0
2024-02-21 00:00:00+08:00,0.33679025159999965,0.3414038121700287,0.33217669102997066,0.3414038121700287,80300,0.0,0.0
2024-02-22 00:00:00+08:00,0.33217668533325195,0.33679024582415995,0.33217668533325195,0.33217668533325195,806600,0.0,0.0
2024-02-23 00:00:00+08:00,0.33217668533325195,0.33217668533325195,0.3275630973433543,0.33217668533325195,104100,0.0,0.0
2024-02-26 00:00:00+08:00,0.33217668533325195,0.33217668533325195,0.3275630973433543,0.33217668533325195,282200,0.0,0.0
2024-02-27 00:00:00+08:00,0.33217668533325195,0.33217668533325195,0.3275630973433543,0.33217668533325195,118200,0.0,0.0
2024-02-28 00:00:00+08:00,0.33217668533325195,0.33217668533325195,0.3275630973433543,0.33217668533325195,142900,0.0,0.0
2024-02-29 00:00:00+08:00,0.33217670291766577,0.3367902636528015,0.33217670291766577,0.3367902636528015,313600,0.0,0.0
2024-03-01 00:00:00+08:00,0.3367902636528015,0.3367902636528015,0.33217670291766577,0.3367902636528015,85500,0.0,0.0
2024-03-04 00:00:00+08:00,0.3367902636528015,0.3367902636528015,0.33217670291766577,0.3367902636528015,132600,0.0,0.0
2024-03-05 00:00:00+08:00,0.33679024582415995,0.33679024582415995,0.33217668533325195,0.33217668533325195,42700,0.0,0.0
2024-03-06 00:00:00+08:00,0.3367902636528015,0.3367902636528015,0.33217670291766577,0.3367902636528015,129000,0.0,0.0
2024-03-07 00:00:00+08:00,0.33679024582415995,0.33679024582415995,0.33217668533325195,0.33217668533325195,183300,0.0,0.0
2024-03-08 00:00:00+08:00,0.33217668533325195,0.33217668533325195,0.33217668533325195,0.33217668533325195,0,0.0,0.0
2024-03-11 00:00:00+08:00,0.33217670291766577,0.3367902636528015,0.33217670291766577,0.3367902636528015,951600,0.0,0.0
2024-03-12 00:00:00+08:00,0.33217670291766577,0.3367902636528015,0.33217670291766577,0.3367902636528015,123500,0.0,0.0
2024-03-13 00:00:00+08:00,0.33217670291766577,0.3367902636528015,0.33217670291766577,0.3367902636528015,226000,0.0,0.0
2024-03-14 00:00:00+08:00,0.33217668533325195,0.33217668533325195,0.3275630973433543,0.33217668533325195,444400,0.0,0.0
2024-03-15 00:00:00+08:00,0.33217668533325195,0.33679024582415995,0.33217668533325195,0.33217668533325195,243500,0.0,0.0
2024-03-18 00:00:00+08:00,0.33217670291766577,0.3367902636528015,0.33217670291766577,0.3367902636528015,731900,0.0,0.0
2024-03-19 00:00:00+08:00,0.33679024582415995,0.33679024582415995,0.33217668533325195,0.33217668533325195,151000,0.0,0.0
2024-03-20 00:00:00+08:00,0.33217668533325195,0.33217668533325195,0.3275630973433543,0.33217668533325195,262700,0.0,0.0
2024-03-21 00:00:00+08:00,0.33217670291766577,0.3367902636528015,0.33217670291766577,0.3367902636528015,539600,0.0,0.0
2024-03-22 00:00:00+08:00,0.3367902636528015,0.3367902636528015,0.33217670291766577,0.3367902636528015,28500,0.0,0.0
2024-03-25 00:00:00+08:00,0.3367902636528015,0.3367902636528015,0.33217670291766577,0.3367902636528015,202100,0.0,0.0
2024-03-26 00:00:00+08:00,0.3367902636528015,0.3367902636528015,0.33217670291766577,0.3367902636528015,132200,0.0,0.0
2024-03-27 00:00:00+08:00,0.33679024582415995,0.33679024582415995,0.3275630973433543,0.33217668533325195,509700,0.0,0.0
2024-03-28 00:00:00+08:00,0.33679024582415995,0.33679024582415995,0.33217668533325195,0.33217668533325195,12700,0.0,0.0
2024-04-01 00:00:00+08:00,0.33217668533325195,0.33679024582415995,0.33217668533325195,0.33217668533325195,156400,0.0,0.0
2024-04-02 00:00:00+08:00,0.33217668533325195,0.33679024582415995,0.33217668533325195,0.33217668533325195,242300,0.0,0.0
2024-04-03 00:00:00+08:00,0.33217668533325195,0.33679024582415995,0.33217668533325195,0.33217668533325195,588800,0.0,0.0
2024-04-04 00:00:00+08:00,0.33217668533325195,0.33679024582415995,0.3275630973433543,0.33217668533325195,546700,0.0,0.0
2024-04-05 00:00:00+08:00,0.33217668533325195,0.33679024582415995,0.33217668533325195,0.33217668533325195,427900,0.0,0.0
2024-04-08 00:00:00+08:00,0.33217668533325195,0.33679024582415995,0.33217668533325195,0.33217668533325195,184800,0.0,0.0
2024-04-09 00:00:00+08:00,0.33679024582415995,0.33679024582415995,0.33217668533325195,0.33217668533325195,60900,0.0,0.0
2024-04-11 00:00:00+08:00,0.33679025159999965,0.3414038121700287,0.33679025159999965,0.3414038121700287,758900,0.0,0.0
2024-04-12 00:00:00+08:00,0.3367902636528015,0.34140382438793726,0.3367902636528015,0.3367902636528015,86200,0.0,0.0
2024-04-15 00:00:00+08:00,0.3367902636528015,0.34140382438793726,0.3367902636528015,0.3367902636528015,105000,0.0,0.0
2024-04-16 00:00:00+08:00,0.33679024582415995,0.33679024582415995,0.33217668533325195,0.33217668533325195,590200,0.0,0.0
2024-04-17 00:00:00+08:00,0.33217668533325195,0.33679024582415995,0.33217668533325195,0.33217668533325195,361500,0.0,0.0
2024-04-18 00:00:00+08:00,0.33217668533325195,0.33679024582415995,0.33217668533325195,0.33217668533325195,84000,0.0,0.0
2024-04-19 00:00:00+08:00,0.33217668533325195,0.33679024582415995,0.3275630973433543,0.33217668533325195,1476200,0.0,0.0
2024-04-22 00:00:00+08:00,0.33217668533325195,0.33679024582415995,0.33217668533325195,0.33217668533325195,173900,0.0,0.0
2024-04-23 00:00:00+08:00,0.33217669102997066,0.3414038121700287,0.33217669102997066,0.3414038121700287,473300,0.0,0.0
2024-04-24 00:00:00+08:00,0.3414038121700287,0.3414038121700287,0.33679025159999965,0.3414038121700287,15300,0.0,0.0
2024-04-25 00:00:00+08:00,0.34140382438793726,0.34140382438793726,0.3367902636528015,0.3367902636528015,9500,0.0,0.0
2024-04-26 00:00:00+08:00,0.33679025159999965,0.3414038121700287,0.33679025159999965,0.3414038121700287,194900,0.0,0.0
2024-04-29 00:00:00+08:00,0.33679025159999965,0.3414038121700287,0.33679025159999965,0.3414038121700287,5400,0.0,0.0
2024-04-30 00:00:00+08:00,0.3367902636528015,0.34140382438793726,0.3367902636528015,0.3367902636528015,22500,0.0,0.0
2024-05-02 00:00:00+08:00,0.33679025159999965,0.3414038121700287,0.33679025159999965,0.3414038121700287,129600,0.0,0.0
2024-05-03 00:00:00+08:00,0.33679024582415995,0.33679024582415995,0.33217668533325195,0.33217668533325195,43900,0.0,0.0
2024-05-06 00:00:00+08:00,0.33217670291766577,0.3367902636528015,0.33217670291766577,0.3367902636528015,3300,0.0,0.0
2024-05-07 00:00:00+08:00,0.33217668533325195,0.33679024582415995,0.33217668533325195,0.33217668533325195,42700,0.0,0.0
2024-05-08 00:00:00+08:00,0.33217670291766577,0.3367902636528015,0.33217670291766577,0.3367902636528015,44900,0.0,0.0
2024-05-09 00:00:00+08:00,0.33217668533325195,0.33217668533325195,0.33217668533325195,0.33217668533325195,800,0.0,0.0
2024-05-10 00:00:00+08:00,0.33217668533325195,0.33679024582415995,0.33217668533325195,0.33217668533325195,962100,0.0,0.0
2024-05-13 00:00:00+08:00,0.33217668533325195,0.33679024582415995,0.33217668533325195,0.33217668533325195,37800,0.0,0.0
2024-05-14 00:00:00+08:00,0.33217668533325195,0.33679024582415995,0.33217668533325195,0.33217668533325195,72400,0.0,0.0
2024-05-15 00:00:00+08:00,0.33217669513980286,0.33217669513980286,0.3275631070137024,0.3275631070137024,85700,0.0,0.0
2024-05-16 00:00:00+08:00,0.33217669513980286,0.33217669513980286,0.3275631070137024,0.3275631070137024,1437900,0.0,0.0
2024-05-17 00:00:00+08:00,0.3275631070137024,0.33217669513980286,0.32294954638659246,0.3275631070137024,442200,0.0,0.0
2024-05-20 00:00:00+08:00,0.3275631070137024,0.33217669513980286,0.3275631070137024,0.3275631070137024,1005600,0.0,0.0
2024-05-21 00:00:00+08:00,0.3275631070137024,0.33217669513980286,0.3275631070137024,0.3275631070137024,132000,0.0,0.0
2024-05-23 00:00:00+08:00,0.33217669513980286,0.33217669513980286,0.3275631070137024,0.3275631070137024,453400,0.0,0.0
2024-05-24 00:00:00+08:00,0.32756311468353894,0.3367902636528015,0.32756311468353894,0.3367902636528015,508500,0.0,0.0
2024-05-27 00:00:00+08:00,0.3367902636528015,0.3367902636528015,0.33217670291766577,0.3367902636528015,126600,0.0,0.0
2024-05-28 00:00:00+08:00,0.33217668533325195,0.33679024582415995,0.33217668533325195,0.33217668533325195,143600,0.0,0.0
2024-05-29 00:00:00+08:00,0.33217668533325195,0.33679024582415995,0.33217668533325195,0.33217668533325195,33000,0.0,0.0
2024-05-30 00:00:00+08:00,0.33217668533325195,0.33679024582415995,0.33217668533325195,0.33217668533325195,86700,0.0,0.0
2024-05-31 00:00:00+08:00,0.33217668533325195,0.33217668533325195,0.3275630973433543,0.33217668533325195,388400,0.0,0.0
2024-06-03 00:00:00+08:00,0.3275631070137024,0.33217669513980286,0.3275631070137024,0.3275631070137024,91700,0.0,0.0
2024-06-04 00:00:00+08:00,0.3275631070137024,0.33217669513980286,0.3275631070137024,0.3275631070137024,33500,0.0,0.0
2024-06-05 00:00:00+08:00,0.3275631070137024,0.33217669513980286,0.3275631070137024,0.3275631070137024,124400,0.0,0.0
2024-06-06 00:00:00+08:00,0.3275631070137024,0.33217669513980286,0.32294954638659246,0.3275631070137024,141300,0.0,0.0
2024-06-07 00:00:00+08:00,0.3275631192965834,0.3275631192965834,0.3229495584964752,0.3229495584964752,41900,0.0,0.0
2024-06-10 00:00:00+08:00,0.3229495584964752,0.3275631192965834,0.3229495584964752,0.3229495584964752,64700,0.0,0.0
2024-06-11 00:00:00+08:00,0.3275631192965834,0.3275631192965834,0.3229495584964752,0.3229495584964752,67800,0.0,0.0
2024-06-12 00:00:00+08:00,0.32756313193548947,0.32756313193548947,0.31833600997924805,0.31833600997924805,811900,0.0,0.0
2024-06-13 00:00:00+08:00,0.32294954638659246,0.3275631070137024,0.32294954638659246,0.3275631070137024,243200,0.0,0.0
2024-06-14 00:00:00+08:00,0.3229495584964752,0.3275631192965834,0.3229495584964752,0.3229495584964752,104400,0.0,0.0
2024-06-18 00:00:00+08:00,0.32294957095736876,0.32294957095736876,0.31833600997924805,0.31833600997924805,74800,0.0,0.0
2024-06-19 00:00:00+08:00,0.322949522427038,0.322949522427038,0.3137224018573761,0.3137224018573761,1023900,0.0,0.0
2024-06-20 00:00:00+08:00,0.31833600997924805,0.31833600997924805,0.31833600997924805,0.31833600997924805,8200,0.0,0.0
2024-06-21 00:00:00+08:00,0.31833596214220705,0.31833596214220705,0.3137224018573761,0.3137224018573761,115200,0.0,0.0
2024-06-24 00:00:00+08:00,0.31372242610577106,0.31833598674719565,0.30449530482292175,0.30449530482292175,838100,0.0,0.0
2024-06-25 00:00:00+08:00,0.3044952928796823,0.3091088533401489,0.3044952928796823,0.3091088533401489,90300,0.0,0.0
2024-06-26 00:00:00+08:00,0.30449530482292175,0.3091088654643464,0.2906545953996573,0.30449530482292175,1030600,0.0,0.0
2024-06-27 00:00:00+08:00,0.30449530482292175,0.30449530482292175,0.29988171668250657,0.30449530482292175,43300,0.0,0.0
2024-06-28 00:00:00+08:00,0.30449530482292175,0.30449530482292175,0.29988171668250657,0.30449530482292175,161400,0.0,0.0
2024-07-01 00:00:00+08:00,0.2998817265033722,0.2998817265033722,0.29526816571085746,0.2998817265033722,449300,0.0,0.0
2024-07-02 00:00:00+08:00,0.2998817265033722,0.2998817265033722,0.29526816571085746,0.2998817265033722,143800,0.0,0.0
2024-07-03 00:00:00+08:00,0.29526816571085746,0.2998817265033722,0.29526816571085746,0.2998817265033722,95300,0.0,0.0
2024-07-04 00:00:00+08:00,0.2998817265033722,0.2998817265033722,0.29526816571085746,0.2998817265033722,125400,0.0,0.0
2024-07-05 00:00:00+08:00,0.29526814818382263,0.2998817087024777,0.29526814818382263,0.29526814818382263,51400,0.0,0.0
2024-07-08 00:00:00+08:00,0.29526814818382263,0.2998817087024777,0.29526814818382263,0.29526814818382263,323300,0.0,0.0
2024-07-09 00:00:00+08:00,0.29526814818382263,0.2998817087024777,0.29526814818382263,0.29526814818382263,196200,0.0,0.0
2024-07-10 00:00:00+08:00,0.29526814818382263,0.2998817087024777,0.29526814818382263,0.29526814818382263,199100,0.0,0.0
2024-07-11 00:00:00+08:00,0.295268156041082,0.30449530482292175,0.295268156041082,0.30449530482292175,159400,0.0,0.0
2024-07-12 00:00:00+08:00,0.3044952928796823,0.31372241380061555,0.2998817049202262,0.3091088533401489,222900,0.0,0.0
2024-07-15 00:00:00+08:00,0.3091088533401489,0.3091088533401489,0.3091088533401489,0.3091088533401489,72000,0.0,0.0
2024-07-16 00:00:00+08:00,0.3091088415725452,0.3137224018573761,0.3091088415725452,0.3137224018573761,146200,0.0,0.0
2024-07-17 00:00:00+08:00,0.3137224018573761,0.3137224018573761,0.3137224018573761,0.3137224018573761,160200,0.0,0.0
2024-07-18 00:00:00+08:00,0.3183359742610822,0.3183359742610822,0.3044952928796823,0.3091088533401489,1007200,0.0,0.0
2024-07-19 00:00:00+08:00,0.3091088533401489,0.3091088533401489,0.3044952928796823,0.3091088533401489,75600,0.0,0.0
2024-07-22 00:00:00+08:00,0.3091088533401489,0.3091088533401489,0.3044952928796823,0.3091088533401489,16000,0.0,0.0
2024-07-23 00:00:00+08:00,0.3091088415725452,0.3137224018573761,0.30449528128771425,0.3137224018573761,333600,0.0,0.0
2024-07-24 00:00:00+08:00,0.31833600997924805,0.31833600997924805,0.31372244900112733,0.31833600997924805,435500,0.0,0.0
2024-07-25 00:00:00+08:00,0.31833600997924805,0.31833600997924805,0.31372244900112733,0.31833600997924805,68000,0.0,0.0
2024-07-26 00:00:00+08:00,0.3183359976963671,0.3229495584964752,0.313722436896259,0.3229495584964752,599400,0.0,0.0
2024-07-29 00:00:00+08:00,0.31833600997924805,0.32294957095736876,0.31833600997924805,0.31833600997924805,383500,0.0,0.0
2024-07-30 00:00:00+08:00,0.3312000036239624,0.3312000036239624,0.3264000081324923,0.3312000036239624,245500,0.0134,0.0
2024-07-31 00:00:00+08:00,0.3312000036239624,0.3312000036239624,0.3264000081324923,0.3312000036239624,301400,0.0,0.0
2024-08-01 00:00:00+08:00,0.3312000036239624,0.3312000036239624,0.3312000036239624,0.3312000036239624,8400,0.0,0.0
2024-08-02 00:00:00+08:00,0.3263999852849479,0.3263999852849479,0.3215999901294708,0.3215999901294708,196800,0.0,0.0
2024-08-05 00:00:00+08:00,0.32159999348900553,0.32159999348900553,0.3119999744675387,0.31679999828338623,151900,0.0,0.0
2024-08-06 00:00:00+08:00,0.31680000048417223,0.31680000048417223,0.31199997663497925,0.31199997663497925,68500,0.0,0.0
2024-08-07 00:00:00+08:00,0.31199997663497925,0.32159999572313674,0.31199997663497925,0.31199997663497925,80300,0.0,0.0
2024-08-08 00:00:00+08:00,0.3119999744675387,0.32159999348900553,0.3119999744675387,0.31679999828338623,92700,0.0,0.0
2024-08-12 00:00:00+08:00,0.31679999828338623,0.31679999828338623,0.3119999744675387,0.31679999828338623,31200,0.0,0.0
2024-08-13 00:00:00+08:00,0.31679999176193624,0.3263999819755554,0.31679999176193624,0.3263999819755554,60900,0.0,0.0
2024-08-14 00:00:00+08:00,0.3263999886946249,0.3263999886946249,0.31679999828338623,0.31679999828338623,221300,0.0,0.0
2024-08-15 00:00:00+08:00,0.31679999828338623,0.31679999828338623,0.31679999828338623,0.31679999828338623,27600,0.0,0.0
2024-08-16 00:00:00+08:00,0.31680000048417223,0.31680000048417223,0.31199997663497925,0.31199997663497925,101600,0.0,0.0
2024-08-19 00:00:00+08:00,0.31199997120828876,0.3215999901294708,0.31199997120828876,0.3215999901294708,152500,0.0,0.0
2024-08-20 00:00:00+08:00,0.31679999828338623,0.32159999348900553,0.31679999828338623,0.31679999828338623,38200,0.0,0.0
2024-08-21 00:00:00+08:00,0.31679999497399375,0.3215999901294708,0.31679999497399375,0.3215999901294708,58600,0.0,0.0
2024-08-22 00:00:00+08:00,0.3215999868687458,0.3263999819755554,0.31679999176193624,0.3263999819755554,167600,0.0,0.0
2024-08-23 00:00:00+08:00,0.3215999901294708,0.3263999852849479,0.31679999497399375,0.3215999901294708,180200,0.0,0.0
2024-08-26 00:00:00+08:00,0.3264000081324923,0.3312000036239624,0.3216000126410223,0.3312000036239624,231000,0.0,0.0
2024-08-27 00:00:00+08:00,0.3312000036239624,0.3312000036239624,0.3264000081324923,0.3312000036239624,92700,0.0,0.0
2024-08-28 00:00:00+08:00,0.3263999819755554,0.331199977082365,0.3263999819755554,0.3263999819755554,43600,0.0,0.0
2024-08-29 00:00:00+08:00,0.3263999819755554,0.331199977082365,0.3263999819755554,0.3263999819755554,66300,0.0,0.0
2024-08-30 00:00:00+08:00,0.3263999819755554,0.3263999819755554,0.3263999819755554,0.3263999819755554,156100,0.0,0.0
2024-09-02 00:00:00+08:00,0.3264000081324923,0.3312000036239624,0.3264000081324923,0.3312000036239624,207300,0.0,0.0
2024-09-03 00:00:00+08:00,0.3263999819755554,0.331199977082365,0.3263999819755554,0.3263999819755554,285900,0.0,0.0
2024-09-04 00:00:00+08:00,0.3264000081324923,0.3312000036239624,0.3264000081324923,0.3312000036239624,306800,0.0,0.0
2024-09-05 00:00:00+08:00,0.33119999653856513,0.3407999873161316,0.33119999653856513,0.3407999873161316,253300,0.0,0.0
2024-09-06 00:00:00+08:00,0.335999995470047,0.34560001495906295,0.335999995470047,0.335999995470047,275800,0.0,0.0
2024-09-09 00:00:00+08:00,0.3407999909094402,0.3407999909094402,0.335999995470047,0.335999995470047,104400,0.0,0.0
2024-09-10 00:00:00+08:00,0.335999995470047,0.3407999909094402,0.335999995470047,0.335999995470047,193300,0.0,0.0
2024-09-11 00:00:00+08:00,0.335999995470047,0.34560001495906295,0.335999995470047,0.335999995470047,596100,0.0,0.0
2024-09-12 00:00:00+08:00,0.335999986276235,0.35040000081062317,0.335999986276235,0.35040000081062317,523700,0.0,0.0
2024-09-13 00:00:00+08:00,0.3456000089645386,0.35040000432067453,0.3456000089645386,0.3456000089645386,115900,0.0,0.0
2024-09-16 00:00:00+08:00,0.3456000089645386,0.35040000432067453,0.3456000089645386,0.3456000089645386,94000,0.0,0.0
2024-09-17 00:00:00+08:00,0.3456000089645386,0.35040000432067453,0.3456000089645386,0.3456000089645386,108400,0.0,0.0
2024-09-18 00:00:00+08:00,0.350399997395438,0.35519999265670776,0.34560000213416814,0.35519999265670776,273900,0.0,0.0
2024-09-19 00:00:00+08:00,0.35040000081062317,0.35040000081062317,0.34560000550257003,0.35040000081062317,161600,0.0,0.0
2024-09-20 00:00:00+08:00,0.35040000432067453,0.35040000432067453,0.3456000089645386,0.3456000089645386,492600,0.0,0.0
2024-09-23 00:00:00+08:00,0.34560000550257003,0.35040000081062317,0.34560000550257003,0.35040000081062317,264700,0.0,0.0
2024-09-24 00:00:00+08:00,0.35040000432067453,0.3551999996768105,0.3407999849981735,0.3456000089645386,1143800,0.0,0.0
2024-09-25 00:00:00+08:00,0.3456000113151441,0.3456000113151441,0.3407999873161316,0.3407999873161316,434100,0.0,0.0
2024-09-26 00:00:00+08:00,0.3456000089645386,0.3456000089645386,0.3407999849981735,0.3456000089645386,179100,0.0,0.0
2024-09-27 00:00:00+08:00,0.3456000089645386,0.3456000089645386,0.3407999849981735,0.3456000089645386,161900,0.0,0.0
2024-09-30 00:00:00+08:00,0.3456000113151441,0.3456000113151441,0.3407999873161316,0.3407999873161316,468100,0.0,0.0
2024-10-01 00:00:00+08:00,0.3407999873161316,0.3456000113151441,0.3407999873161316,0.3407999873161316,83300,0.0,0.0
2024-10-02 00:00:00+08:00,0.3407999849981735,0.3456000089645386,0.3407999849981735,0.3456000089645386,198200,0.0,0.0
2024-10-03 00:00:00+08:00,0.34560001495906295,0.34560001495906295,0.335999995470047,0.335999995470047,860200,0.0,0.0
2024-10-04 00:00:00+08:00,0.3407999909094402,0.3407999909094402,0.335999995470047,0.335999995470047,288100,0.0,0.0
2024-10-07 00:00:00+08:00,0.335999995470047,0.3407999909094402,0.335999995470047,0.335999995470047,45300,0.0,0.0
2024-10-08 00:00:00+08:00,0.3407999849981735,0.35040000432067453,0.3407999849981735,0.3456000089645386,544700,0.0,0.0
2024-10-09 00:00:00+08:00,0.34560000213416814,0.35519999265670776,0.34560000213416814,0.35519999265670776,457300,0.0,0.0
2024-10-10 00:00:00+08:00,0.3551999892870583,0.35999998450279236,0.35039999407132427,0.35999998450279236,583100,0.0,0.0
2024-10-11 00:00:00+08:00,0.3551999892870583,0.3647999797185264,0.3551999892870583,0.35999998450279236,231300,0.0,0.0
2024-10-14 00:00:00+08:00,0.35999997793854005,0.36959996819496155,0.35999997793854005,0.36959996819496155,453700,0.0,0.0
2024-10-15 00:00:00+08:00,0.3695999715202735,0.37439996669167014,0.36479997634887695,0.36479997634887695,318800,0.0,0.0
2024-10-16 00:00:00+08:00,0.3695999715202735,0.3695999715202735,0.36479997634887695,0.36479997634887695,310700,0.0,0.0
2024-10-17 00:00:00+08:00,0.36479997306675077,0.36959996819496155,0.36479997306675077,0.36959996819496155,266900,0.0,0.0
2024-10-18 00:00:00+08:00,0.36959996819496155,0.3743999633231723,0.36479997306675077,0.36959996819496155,616300,0.0,0.0
2024-10-21 00:00:00+08:00,0.3695999715202735,0.3695999715202735,0.36479997634887695,0.36479997634887695,519300,0.0,0.0
2024-10-22 00:00:00+08:00,0.36479997634887695,0.36479997634887695,0.36479997634887695,0.36479997634887695,67600,0.0,0.0
2024-10-23 00:00:00+08:00,0.3647999797185264,0.3647999797185264,0.35999998450279236,0.35999998450279236,197300,0.0,0.0
2024-10-24 00:00:00+08:00,0.3647999797185264,0.3647999797185264,0.3551999892870583,0.35999998450279236,675500,0.0,0.0
2024-10-25 00:00:00+08:00,0.35519999611867625,0.35519999611867625,0.34560000550257003,0.35040000081062317,417700,0.0,0.0
2024-10-28 00:00:00+08:00,0.3551999996768105,0.3551999996768105,0.3456000089645386,0.3456000089645386,288600,0.0,0.0
2024-10-29 00:00:00+08:00,0.3456000089645386,0.35040000432067453,0.3456000089645386,0.3456000089645386,101700,0.0,0.0
2024-10-30 00:00:00+08:00,0.3456000089645386,0.35040000432067453,0.3456000089645386,0.3456000089645386,439100,0.0,0.0
2024-11-01 00:00:00+08:00,0.3456000089645386,0.3456000089645386,0.3456000089645386,0.3456000089645386,273800,0.0,0.0
2024-11-04 00:00:00+08:00,0.34560000213416814,0.35519999265670776,0.34560000213416814,0.35519999265670776,75100,0.0,0.0
2024-11-05 00:00:00+08:00,0.3551999996768105,0.3551999996768105,0.3456000089645386,0.3456000089645386,173400,0.0,0.0
2024-11-06 00:00:00+08:00,0.35040000432067453,0.35040000432067453,0.3456000089645386,0.3456000089645386,281900,0.0,0.0
2024-11-07 00:00:00+08:00,0.34560000550257003,0.35040000081062317,0.34560000550257003,0.35040000081062317,153800,0.0,0.0
2024-11-08 00:00:00+08:00,0.34560000550257003,0.35040000081062317,0.34560000550257003,0.35040000081062317,22624400,0.0,0.0
2024-11-11 00:00:00+08:00,0.34560000550257003,0.35040000081062317,0.34560000550257003,0.35040000081062317,279700,0.0,0.0
2024-11-12 00:00:00+08:00,0.35040000432067453,0.35040000432067453,0.3456000089645386,0.3456000089645386,15900,0.0,0.0
2024-11-13 00:00:00+08:00,0.3456000089645386,0.3456000089645386,0.3456000089645386,0.3456000089645386,231500,0.0,0.0
2024-11-14 00:00:00+08:00,0.3456000089645386,0.3456000089645386,0.3456000089645386,0.3456000089645386,44700,0.0,0.0
2024-11-15 00:00:00+08:00,0.34560000550257003,0.35040000081062317,0.34560000550257003,0.35040000081062317,116500,0.0,0.0
2024-11-18 00:00:00+08:00,0.3456000113151441,0.3456000113151441,0.3407999873161316,0.3407999873161316,305600,0.0,0.0
2024-11-19 00:00:00+08:00,0.34079998158428815,0.35040000081062317,0.34079998158428815,0.35040000081062317,240100,0.0,0.0
2024-11-20 00:00:00+08:00,0.34560000550257003,0.35040000081062317,0.34560000550257003,0.35040000081062317,195900,0.0,0.0
2024-11-21 00:00:00+08:00,0.3456000089645386,0.3456000089645386,0.3456000089645386,0.3456000089645386,252400,0.0,0.0
2024-11-22 00:00:00+08:00,0.3456000089645386,0.3456000089645386,0.3456000089645386,0.3456000089645386,12100,0.0,0.0
2024-11-25 00:00:00+08:00,0.3456000089645386,0.3456000089645386,0.3407999849981735,0.3456000089645386,211200,0.0,0.0
2024-11-26 00:00:00+08:00,0.3456000113151441,0.3456000113151441,0.3407999873161316,0.3407999873161316,12800,0.0,0.0
2024-11-27 00:00:00+08:00,0.3407999873161316,0.3407999873161316,0.3407999873161316,0.3407999873161316,3685400,0.0,0.0
2024-11-28 00:00:00+08:00,0.3407999849981735,0.3456000089645386,0.3407999849981735,0.3456000089645386,78200,0.0,0.0
2024-11-29 00:00:00+08:00,0.3407999873161316,0.3456000113151441,0.3407999873161316,0.3407999873161316,254100,0.0,0.0
2024-12-02 00:00:00+08:00,0.3407999873161316,0.3407999873161316,0.3407999873161316,0.3407999873161316,45300,0.0,0.0
2024-12-03 00:00:00+08:00,0.3407999849981735,0.3456000089645386,0.3407999849981735,0.3456000089645386,15700,0.0,0.0
2024-12-04 00:00:00+08:00,0.3456000089645386,0.3456000089645386,0.3407999849981735,0.3456000089645386,97200,0.0,0.0
2024-12-05 00:00:00+08:00,0.3456000113151441,0.3456000113151441,0.3407999873161316,0.3407999873161316,39500,0.0,0.0
2024-12-06 00:00:00+08:00,0.3407999849981735,0.3456000089645386,0.3407999849981735,0.3456000089645386,47900,0.0,0.0
2024-12-09 00:00:00+08:00,0.3456000113151441,0.3456000113151441,0.3407999873161316,0.3407999873161316,42600,0.0,0.0
2024-12-10 00:00:00+08:00,0.3407999873161316,0.3456000113151441,0.3407999873161316,0.3407999873161316,40500,0.0,0.0
2024-12-11 00:00:00+08:00,0.3407999849981735,0.3456000089645386,0.33599998964203753,0.3456000089645386,168600,0.0,0.0
2024-12-12 00:00:00+08:00,0.3456000113151441,0.3456000113151441,0.33599999192734836,0.3407999873161316,181000,0.0,0.0
2024-12-13 00:00:00+08:00,0.3407999873161316,0.3456000113151441,0.3407999873161316,0.3407999873161316,65300,0.0,0.0
2024-12-16 00:00:00+08:00,0.3407999873161316,0.3407999873161316,0.33599999192734836,0.3407999873161316,177500,0.0,0.0
2024-12-17 00:00:00+08:00,0.3407999909094402,0.3407999909094402,0.335999995470047,0.335999995470047,41400,0.0,0.0
2024-12-18 00:00:00+08:00,0.3407999873161316,0.3407999873161316,0.33599999192734836,0.3407999873161316,47900,0.0,0.0
2024-12-19 00:00:00+08:00,0.3407999873161316,0.3407999873161316,0.3407999873161316,0.3407999873161316,0,0.0,0.0
2024-12-20 00:00:00+08:00,0.335999995470047,0.335999995470047,0.335999995470047,0.335999995470047,81900,0.0,0.0
2024-12-23 00:00:00+08:00,0.335999995470047,0.3407999909094402,0.335999995470047,0.335999995470047,41300,0.0,0.0
2024-12-24 00:00:00+08:00,0.3407999873161316,0.3407999873161316,0.33599999192734836,0.3407999873161316,16000,0.0,0.0
2024-12-26 00:00:00+08:00,0.3407999873161316,0.3407999873161316,0.33599999192734836,0.3407999873161316,146200,0.0,0.0
2024-12-27 00:00:00+08:00,0.33599999192734836,0.3407999873161316,0.33599999192734836,0.3407999873161316,272900,0.0,0.0
2024-12-30 00:00:00+08:00,0.33599999192734836,0.3407999873161316,0.33599999192734836,0.3407999873161316,106800,0.0,0.0
2024-12-31 00:00:00+08:00,0.3407999849981735,0.3456000089645386,0.3407999849981735,0.3456000089645386,139300,0.0,0.0
2025-01-02 00:00:00+08:00,0.3407999849981735,0.3456000089645386,0.3407999849981735,0.3456000089645386,23900,0.0,0.0
2025-01-03 00:00:00+08:00,0.3456000089645386,0.3456000089645386,0.3407999849981735,0.3456000089645386,41700,0.0,0.0
2025-01-06 00:00:00+08:00,0.3456000113151441,0.3456000113151441,0.3407999873161316,0.3407999873161316,168300,0.0,0.0
2025-01-07 00:00:00+08:00,0.3407999873161316,0.3456000113151441,0.3407999873161316,0.3407999873161316,242100,0.0,0.0
2025-01-08 00:00:00+08:00,0.3407999873161316,0.3456000113151441,0.33599999192734836,0.3407999873161316,320600,0.0,0.0
2025-01-09 00:00:00+08:00,0.3407999909094402,0.3407999909094402,0.335999995470047,0.335999995470047,108900,0.0,0.0
2025-01-10 00:00:00+08:00,0.335999995470047,0.3407999909094402,0.335999995470047,0.335999995470047,37900,0.0,0.0
2025-01-13 00:00:00+08:00,0.3407999909094402,0.3407999909094402,0.335999995470047,0.335999995470047,120900,0.0,0.0
2025-01-14 00:00:00+08:00,0.3407999849981735,0.3456000089645386,0.3407999849981735,0.3456000089645386,84600,0.0,0.0
2025-01-15 00:00:00+08:00,0.3407999849981735,0.3456000089645386,0.3407999849981735,0.3456000089645386,15900,0.0,0.0
2025-01-16 00:00:00+08:00,0.34560000550257003,0.35040000081062317,0.34560000550257003,0.35040000081062317,363800,0.0,0.0
2025-01-17 00:00:00+08:00,0.34560000550257003,0.35519999611867625,0.34079998158428815,0.35040000081062317,103900,0.0,0.0
2025-01-20 00:00:00+08:00,0.350399997395438,0.35519999265670776,0.34560000213416814,0.35519999265670776,263700,0.0,0.0
2025-01-21 00:00:00+08:00,0.3551999892870583,0.35999998450279236,0.3551999892870583,0.35999998450279236,66100,0.0,0.0
2025-01-22 00:00:00+08:00,0.35999998117748033,0.36479997634887695,0.35999998117748033,0.36479997634887695,281000,0.0,0.0
2025-01-23 00:00:00+08:00,0.36479997634887695,0.36479997634887695,0.35999998117748033,0.36479997634887695,153800,0.0,0.0
2025-01-24 00:00:00+08:00,0.36479997634887695,0.36479997634887695,0.36479997634887695,0.36479997634887695,112400,0.0,0.0
2025-01-27 00:00:00+08:00,0.35999998117748033,0.36479997634887695,0.35999998117748033,0.36479997634887695,139900,0.0,0.0
2025-01-28 00:00:00+08:00,0.36000001430511475,0.36000001430511475,0.36000001430511475,0.36000001430511475,43600,0.0152,0.0
2025-01-31 00:00:00+08:00,0.36000001430511475,0.36000001430511475,0.35499998927116394,0.35499998927116394,415500,0.0,0.0
2025-02-03 00:00:00+08:00,0.35499998927116394,0.35499998927116394,0.35499998927116394,0.35499998927116394,0,0.0,0.0
2025-02-04 00:00:00+08:00,0.35499998927116394,0.36000001430511475,0.35499998927116394,0.36000001430511475,33600,0.0,0.0
2025-02-05 00:00:00+08:00,0.36000001430511475,0.36500000953674316,0.35499998927116394,0.36500000953674316,404800,0.0,0.0
2025-02-06 00:00:00+08:00,0.36500000953674316,0.36500000953674316,0.36000001430511475,0.36000001430511475,272900,0.0,0.0
2025-02-07 00:00:00+08:00,0.36500000953674316,0.3700000047683716,0.36000001430511475,0.3700000047683716,88800,0.0,0.0
2025-02-10 00:00:00+08:00,0.3700000047683716,0.3700000047683716,0.36000001430511475,0.36000001430511475,26000,0.0,0.0
2025-02-11 00:00:00+08:00,0.36500000953674316,0.36500000953674316,0.36000001430511475,0.36500000953674316,128700,0.0,0.0
2025-02-12 00:00:00+08:00,0.36000001430511475,0.36500000953674316,0.36000001430511475,0.36500000953674316,22600,0.0,0.0
2025-02-13 00:00:00+08:00,0.36000001430511475,0.36500000953674316,0.36000001430511475,0.36500000953674316,170900,0.0,0.0
2025-02-14 00:00:00+08:00,0.36000001430511475,0.3700000047683716,0.36000001430511475,0.3700000047683716,62800,0.0,0.0
2025-02-17 00:00:00+08:00,0.36000001430511475,0.3700000047683716,0.36000001430511475,0.3700000047683716,87300,0.0,0.0
2025-02-18 00:00:00+08:00,0.36500000953674316,0.3700000047683716,0.36500000953674316,0.3700000047683716,26500,0.0,0.0
2025-02-19 00:00:00+08:00,0.36000001430511475,0.3700000047683716,0.36000001430511475,0.36500000953674316,46400,0.0,0.0
2025-02-20 00:00:00+08:00,0.36500000953674316,0.3700000047683716,0.36000001430511475,0.3700000047683716,227800,0.0,0.0
2025-02-21 00:00:00+08:00,0.3700000047683716,0.3700000047683716,0.36500000953674316,0.36500000953674316,58100,0.0,0.0
2025-02-24 00:00:00+08:00,0.36500000953674316,0.3700000047683716,0.36000001430511475,0.3700000047683716,136200,0.0,0.0
2025-02-25 00:00:00+08:00,0.36500000953674316,0.3700000047683716,0.36000001430511475,0.36000001430511475,66400,0.0,0.0
2025-02-26 00:00:00+08:00,0.36000001430511475,0.3700000047683716,0.36000001430511475,0.3700000047683716,49200,0.0,0.0
2025-02-27 00:00:00+08:00,0.36500000953674316,0.36500000953674316,0.36000001430511475,0.36500000953674316,44000,0.0,0.0
2025-02-28 00:00:00+08:00,0.36500000953674316,0.36500000953674316,0.35499998927116394,0.36500000953674316,640100,0.0,0.0
2025-03-03 00:00:00+08:00,0.36500000953674316,0.36500000953674316,0.36000001430511475,0.36500000953674316,261600,0.0,0.0
2025-03-04 00:00:00+08:00,0.36500000953674316,0.36500000953674316,0.36000001430511475,0.36500000953674316,73500,0.0,0.0
2025-03-05 00:00:00+08:00,0.36000001430511475,0.36500000953674316,0.36000001430511475,0.36000001430511475,91700,0.0,0.0
2025-03-06 00:00:00+08:00,0.36000001430511475,0.36000001430511475,0.36000001430511475,0.36000001430511475,4900,0.0,0.0
2025-03-07 00:00:00+08:00,0.36000001430511475,0.36500000953674316,0.36000001430511475,0.36500000953674316,97700,0.0,0.0
2025-03-10 00:00:00+08:00,0.36500000953674316,0.3700000047683716,0.36500000953674316,0.3700000047683716,183100,0.0,0.0
2025-03-11 00:00:00+08:00,0.3700000047683716,0.3700000047683716,0.36000001430511475,0.36000001430511475,95600,0.0,0.0
2025-03-12 00:00:00+08:00,0.36000001430511475,0.36500000953674316,0.36000001430511475,0.36500000953674316,116900,0.0,0.0
2025-03-13 00:00:00+08:00,0.36500000953674316,0.36500000953674316,0.36000001430511475,0.36000001430511475,135400,0.0,0.0
2025-03-14 00:00:00+08:00,0.36000001430511475,0.36000001430511475,0.36000001430511475,0.36000001430511475,115800,0.0,0.0
2025-03-17 00:00:00+08:00,0.36000001430511475,0.36000001430511475,0.36000001430511475,0.36000001430511475,419500,0.0,0.0
2025-03-18 00:00:00+08:00,0.36000001430511475,0.36000001430511475,0.36000001430511475,0.36000001430511475,74000,0.0,0.0
2025-03-19 00:00:00+08:00,0.36000001430511475,0.36500000953674316,0.36000001430511475,0.36500000953674316,370100,0.0,0.0
2025-03-20 00:00:00+08:00,0.36500000953674316,0.36500000953674316,0.36000001430511475,0.36500000953674316,204400,0.0,0.0
2025-03-21 00:00:00+08:00,0.36000001430511475,0.3700000047683716,0.36000001430511475,0.3700000047683716,219000,0.0,0.0
2025-03-24 00:00:00+08:00,0.3700000047683716,0.3700000047683716,0.36500000953674316,0.3700000047683716,289500,0.0,0.0
2025-03-25 00:00:00+08:00,0.3700000047683716,0.3700000047683716,0.36000001430511475,0.3700000047683716,258100,0.0,0.0
2025-03-26 00:00:00+08:00,0.36500000953674316,0.36500000953674316,0.36500000953674316,0.36500000953674316,20000,0.0,0.0
2025-03-27 00:00:00+08:00,0.36500000953674316,0.36500000953674316,0.36500000953674316,0.36500000953674316,71300,0.0,0.0
2025-03-28 00:00:00+08:00,0.36500000953674316,0.3700000047683716,0.36500000953674316,0.3700000047683716,97800,0.0,0.0
2025-04-01 00:00:00+08:00,0.36500000953674316,0.3700000047683716,0.36500000953674316,0.3700000047683716,186400,0.0,0.0
2025-04-02 00:00:00+08:00,0.36500000953674316,0.3700000047683716,0.36500000953674316,0.3700000047683716,82900,0.0,0.0
2025-04-03 00:00:00+08:00,0.36500000953674316,0.3700000047683716,0.36500000953674316,0.3700000047683716,50800,0.0,0.0
2025-04-04 00:00:00+08:00,0.36500000953674316,0.36500000953674316,0.36000001430511475,0.36500000953674316,188300,0.0,0.0
2025-04-07 00:00:00+08:00,0.36500000953674316,0.36500000953674316,0.3449999988079071,0.3499999940395355,293300,0.0,0.0
2025-04-08 00:00:00+08:00,0.3499999940395355,0.35499998927116394,0.3449999988079071,0.3499999940395355,293500,0.0,0.0
2025-04-09 00:00:00+08:00,0.3449999988079071,0.3449999988079071,0.33000001311302185,0.3400000035762787,392100,0.0,0.0
2025-04-10 00:00:00+08:00,0.3449999988079071,0.3449999988079071,0.33500000834465027,0.3449999988079071,349100,0.0,0.0
2025-04-11 00:00:00+08:00,0.3449999988079071,0.3449999988079071,0.33500000834465027,0.33500000834465027,122000,0.0,0.0
